crash_id,degree_of_crash,degree_of_crash_-_detailed,reporting_year,year_of_crash,month_of_crash,day_of_week_of_crash,two-hour_intervals,street_of_crash,street_type,distance,direction,identifying_feature,identifying_feature_type,town,route_no.,school_zone_location,school_zone_active,type_of_location,latitude,longitude,lga,urbanisation,conurbation_1,alignment,primary_permanent_feature,primary_temporary_feature,primary_hazardous_feature,street_lighting,road_surface,surface_condition,weather,natural_lighting,signals_operation,other_traffic_control,speed_limit,road_classification_(admin),rum_-_code,rum_-_description,dca_-_code,dca_-_description,dca_supplement,first_impact_type,key_tu_type,other_tu_type,no._of_traffic_units_involved,no._killed,no._seriously_injured,no._moderately_injured,no._minor-other_injured,month_num,month_label,season,day_label,time_label,time_band,is_peak_commute,is_fatal,is_injury,is_casualty
1350772,Fatal,Fatal,2024,2024,April,Monday,12:00 - 13:59,GAINFORD,AVE,0,Right on the spot,O'CONNELL,AVE,MATRAVILLE,,No,Not a school zone,X-intersection,-33.952846,151.237618,Randwick,Sydney metro. area,Syd-Newc-Woll Gtr conurbation,Straight,Steep grade,,,Off,Sealed,Dry,Fine,Daylight,Nil,Give way sign,50 km/h,Local,74,On road-out of cont.,705,Out of control on cway,,Rollover,Pedal cycle,,1,1,0,0,0,4,April,Autumn,Monday,12:00 - 13:59,Midday / afternoon,False,True,False,True
1350817,Fatal,Fatal,2024,2024,May,Wednesday,00:01 - 01:59,NEWCASTLE,EXP,1000,South,PALMERS ROAD,OP,FREEMANS WATERHOLE,6003.0,No,Not a school zone,Dual freeway,-32.995456,151.514542,Lake Macquarie,Newcastle met. area,Syd-Newc-Woll Gtr conurbation,Curved,,,,Nil,Sealed,Wet,Overcast,Darkness,Nil,No traffic controls,110 km/h,State,83,Off rt/rt bnd=>obj,803,Off right bend into obj,Right,Vehicle - Object,Car (sedan/hatch),,1,1,0,0,0,5,May,Autumn,Wednesday,00:01 - 01:59,Late night / early morning,False,True,False,True
1350819,Fatal,Fatal,2024,2024,May,Sunday,14:00 - 15:59,PACKHAM,DR,400,South,WINDEYER,ST,MANILDRA,707.0,No,Not a school zone,2-way undivided,-33.163047,148.706715,Cabonne,Country non-urban,Rest of NSW - Rural,Curved,Crest,,,Nil,Sealed,Dry,Fine,Daylight,Nil,No traffic controls,100 km/h,State,20,Head on,201,Opp - Head on,,Head-on,Station wagon,Light truck utility(from 2018),2,1,2,2,0,5,May,Autumn,Sunday,14:00 - 15:59,Midday / afternoon,False,True,False,True
1351469,Fatal,Fatal,2024,2024,May,Tuesday,18:00 - 19:59,HECTOR,ST,100,North,HUME,HWY,BASS HILL,7101.0,No,Not a school zone,2-way undivided,-33.903467,151.002805,Canterbury-Bankstown,Sydney metro. area,Syd-Newc-Woll Gtr conurbation,Straight,Driveway/entrance,,,On,Sealed,Dry,Fine,Darkness,Nil,No traffic controls,60 km/h,Regional,21,Right through,202,Opp - Right-thru,,Other angle,Car (sedan/hatch),Motorcycle,2,1,0,1,0,5,May,Autumn,Tuesday,18:00 - 19:59,PM peak / evening commute,True,True,False,True
1351470,Fatal,Fatal,2024,2024,May,Tuesday,22:00 - Midnight,PREDDYS,RD,0,Right on the spot,JOHN,ST,BEXLEY,7030.0,No,Not a school zone,T-junction,-33.950969,151.116084,Bayside,Sydney metro. area,Syd-Newc-Woll Gtr conurbation,Straight,,,,On,Sealed,Dry,Fine,Darkness,Nil,No traffic controls,50 km/h,Regional,0,Ped nearside,1,Ped - Near side,,Vehicle - Pedestrian,Car (sedan/hatch),Pedestrian,2,1,0,1,0,5,May,Autumn,Tuesday,22:00 - Midnight,Evening / night,False,True,False,True
1351471,Fatal,Fatal,2024,2024,May,Wednesday,04:00 - 05:59,GEORGE BOOTH,DR,450,West,SEAHAMPTON,RD,SEAHAMPTON,527.0,No,Not a school zone,2-way undivided,-32.889159,151.579153,Lake Macquarie,Newcastle met. area,Syd-Newc-Woll Gtr conurbation,Curved,Embankment/cutting,,,Nil,Sealed,Wet,Overcast,Darkness,Nil,No traffic controls,80 km/h,State,85,Off rt/lft bnd=>obj,804,Off left bend into obj,Right,Vehicle - Object,Car (sedan/hatch),,1,1,0,0,0,5,May,Autumn,Wednesday,04:00 - 05:59,Late night / early morning,False,True,False,True
1351472,Fatal,Fatal,2024,2024,May,Wednesday,18:00 - 19:59,COBB,HWY,3600,South,WALLISTON,RD,MATHOURA,21.0,No,Not a school zone,2-way undivided,-35.733038,144.894202,Murray River,Country non-urban,Rest of NSW - Rural,Straight,,,Loose gravel shoulder,Nil,Sealed,Dry,Fine,Dusk,Nil,No traffic controls,100 km/h,State,71,Off rd left => obj,703,Left off cway into object,,Vehicle - Object,Light truck utility(from 2018),,1,1,0,0,0,5,May,Autumn,Wednesday,18:00 - 19:59,PM peak / evening commute,True,True,False,True
1351474,Fatal,Fatal,2024,2024,May,Friday,14:00 - 15:59,WINDSOR,RD,0,Right on the spot,MODEL FARMS,RD,WINSTON HILLS,184.0,No,Not a school zone,T-junction,-33.776852,151.000193,Parramatta,Sydney metro. area,Syd-Newc-Woll Gtr conurbation,Straight,,,,Off,Sealed,Dry,Fine,Daylight,Nil,No traffic controls,60 km/h,State,0,Ped nearside,1,Ped - Near side,,Vehicle - Pedestrian,4 wheel drive / SUV,Pedestrian,2,1,0,1,0,5,May,Autumn,Friday,14:00 - 15:59,Midday / afternoon,False,True,False,True
1351475,Fatal,Fatal,2024,2024,May,Sunday,22:00 - Midnight,SOUTHERN,EXP,500,South,PRINCES HIGHWAY,TO,YALLAH,6006.0,No,Not a school zone,Dual freeway,-34.533324,150.78645,Wollongong,Wollongong met. area,Syd-Newc-Woll Gtr conurbation,Straight,,,,Nil,Sealed,Dry,Fine,Darkness,Nil,No traffic controls,100 km/h,State,2,Ped far side,3,Ped - Far side,,Vehicle - Pedestrian,4 wheel drive / SUV,Pedestrian,2,1,0,1,0,5,May,Autumn,Sunday,22:00 - Midnight,Evening / night,False,True,False,True
1351476,Fatal,Fatal,2024,2024,May,Sunday,22:00 - Midnight,YAMBA,RD,330,East,FARLOWS,LANE,MACLEAN,152.0,No,Not a school zone,2-way undivided,-29.435894,153.226211,Clarence Valley,Country non-urban,Rest of NSW - Rural,Straight,,,,Nil,Sealed,Dry,Fine,Darkness,Nil,No traffic controls,100 km/h,Regional,20,Head on,201,Opp - Head on,,Head-on,Light truck utility(from 2018),4 wheel drive / SUV,2,2,2,0,0,5,May,Autumn,Sunday,22:00 - Midnight,Evening / night,False,True,False,True
1351477,Fatal,Fatal,2024,2024,May,Friday,18:00 - 19:59,SIR BERTRAM STEVENS,DR,2200,North,MCKELL,AVE,ROYAL NATIONAL PARK,393.0,No,Not a school zone,2-way undivided,-34.161465,151.033276,Sutherland,Sydney metro. area,Syd-Newc-Woll Gtr conurbation,Curved,Steep grade,,,Nil,Sealed,Dry,Fine,Darkness,Nil,No traffic controls,60 km/h,State,88,Out of cont on bend,805,Out of control on bend,,Rollover,Motorcycle,,1,1,0,0,0,5,May,Autumn,Friday,18:00 - 19:59,PM peak / evening commute,True,True,False,True
1352082,Fatal,Fatal,2024,2024,May,Tuesday,06:00 - 07:59,PACIFIC,HWY,0,Right on the spot,BEECHWORTH,RD,PYMBLE,10.0,No,Not a school zone,T-junction,-33.740053,151.136769,Ku-ring-gai,Sydney metro. area,Syd-Newc-Woll Gtr conurbation,Straight,Foot/cycle path/nature strip,,,On,Sealed,Dry,Fine,Dawn,On,Ped crossing,60 km/h,State,3,Ped on carriageway,4,Ped - On carriageway,,Vehicle - Pedestrian,Light truck,Pedestrian,2,1,0,1,0,5,May,Autumn,Tuesday,06:00 - 07:59,AM peak / school commute,True,True,False,True
1352083,Fatal,Fatal,2024,2024,May,Wednesday,00:01 - 01:59,PACIFIC,HWY,1000,South,ARCHVILLE STATION ROAD,OP,BONVILLE,10.0,No,Not a school zone,Divided road,-30.39957,153.031305,Coffs Harbour,Country non-urban,Rest of NSW - Rural,Straight,,,,Nil,Sealed,Dry,Fine,Darkness,Nil,No traffic controls,110 km/h,State,73,Off rd rght => obj,704,Right off cway into obj,,Vehicle - Object,4 wheel drive / SUV,,1,2,0,1,0,5,May,Autumn,Wednesday,00:01 - 01:59,Late night / early morning,False,True,False,True
1352084,Fatal,Fatal,2024,2024,April,Monday,18:00 - 19:59,MOOREFIELD,AVE,35,North,KAREELAH,RD,HUNTERS HILL,,No,Not a school zone,2-way undivided,-33.835835,151.148078,Hunters Hill,Sydney metro. area,Syd-Newc-Woll Gtr conurbation,Straight,Driveway/entrance,,,On,Sealed,Dry,Fine,Darkness,Nil,No traffic controls,50 km/h,Local,83,Off rt/rt bnd=>obj,707,Right turn,Right,Vehicle - Object,Car (sedan/hatch),,1,1,0,0,0,4,April,Autumn,Monday,18:00 - 19:59,PM peak / evening commute,True,True,False,True
1352085,Fatal,Fatal,2024,2024,May,Thursday,16:00 - 17:59,HUME,HWY,0,Right on the spot,NUMBER 8215,HN,LITTLE BILLABONG,2.0,No,Not a school zone,Divided road,-35.530766,147.54731,Greater Hume,Country non-urban,Rest of NSW - Rural,Straight,Driveway/entrance,,,Nil,Sealed,Dry,Fine,Dusk,Nil,No traffic controls,110 km/h,State,31,Left rear,302,Same - Rear left,,Rear end,B-double (road train prior 98),B-double (road train prior 98),2,1,0,1,0,5,May,Autumn,Thursday,16:00 - 17:59,PM peak / evening commute,True,True,False,True
1352086,Fatal,Fatal,2024,2024,May,Friday,20:00 - 21:59,LUE,RD,4500,East,ULAN,RD,MILROY,,No,Not a school zone,2-way undivided,-32.591366,149.63656,Mid-Western Regional,Country non-urban,Rest of NSW - Rural,Straight,,,,Nil,Sealed,Dry,Fine,Darkness,Nil,No traffic controls,100 km/h,Local,71,Off rd left => obj,703,Left off cway into object,,Vehicle - Object,Station wagon,,1,1,0,0,0,5,May,Autumn,Friday,20:00 - 21:59,Evening / night,False,True,False,True
1352087,Fatal,Fatal,2024,2024,May,Sunday,18:00 - 19:59,MILPERRA,RD,0,Right on the spot,MURRAY JONES,DR,MILPERRA,167.0,No,Not a school zone,T-junction,-33.929543,150.989215,Canterbury-Bankstown,Sydney metro. area,Syd-Newc-Woll Gtr conurbation,Straight,,,,On,Sealed,Dry,Fine,Darkness,On,No traffic controls,70 km/h,State,21,Right through,202,Opp - Right-thru,,Other angle,Car (sedan/hatch),Light truck utility(from 2018),2,2,2,1,0,5,May,Autumn,Sunday,18:00 - 19:59,PM peak / evening commute,True,True,False,True
1352659,Fatal,Fatal,2024,2024,May,Tuesday,08:00 - 09:59,BARRIER,HWY,15000,East,PHILLIPS,ST,BROKEN HILL,8.0,No,Not a school zone,2-way undivided,-31.906831,141.618282,Unincorporated,Country non-urban,Rest of NSW - Rural,Curved,Painted double centre lines,,,Nil,Sealed,Dry,Fine,Daylight,Nil,No traffic controls,110 km/h,State,20,Head on,201,Opp - Head on,,Head-on,Light truck utility(from 2018),4 wheel drive / SUV,2,1,3,0,0,5,May,Autumn,Tuesday,08:00 - 09:59,AM peak / school commute,True,True,False,True
1352660,Fatal,Fatal,2024,2024,May,Tuesday,10:00 - 11:59,LAKELANDS,DR,0,Right on the spot,WYNDARRA,WAY,DAPTO,,No,Not a school zone,T-junction,-34.504369,150.802663,Wollongong,Wollongong met. area,Syd-Newc-Woll Gtr conurbation,Straight,Steep grade,,,Off,Sealed,Dry,Fine,Daylight,Nil,Stop sign,50 km/h,Local,0,Ped nearside,1,Ped - Near side,,Vehicle - Pedestrian,4 wheel drive / SUV,Pedestrian,2,1,0,1,0,5,May,Autumn,Tuesday,10:00 - 11:59,Midday / afternoon,False,True,False,True
1352661,Fatal,Fatal,2024,2024,May,Tuesday,18:00 - 19:59,HUME,HWY,0,Right on the spot,WORTH,ST,GREENACRE,2.0,No,Not a school zone,T-junction,-33.890426,151.05887,Canterbury-Bankstown,Sydney metro. area,Syd-Newc-Woll Gtr conurbation,Straight,,,,On,Sealed,Dry,Fine,Darkness,On,No traffic controls,70 km/h,State,21,Right through,202,Opp - Right-thru,,Other angle,Car (sedan/hatch),Motorcycle,2,2,0,1,0,5,May,Autumn,Tuesday,18:00 - 19:59,PM peak / evening commute,True,True,False,True
1352662,Fatal,Fatal,2024,2024,May,Wednesday,18:00 - 19:59,PACIFIC,HWY,2000,North,CUDGEN ROAD,TU,CHINDERAH,10.0,No,Not a school zone,Divided road,-28.26323,153.527325,Tweed,Country non-urban,Rest of NSW - Rural,Curved,,,,Nil,Sealed,Dry,Fine,Darkness,Nil,No traffic controls,110 km/h,State,90,Fell in/from vehicle,901,Fell in/from vehicle,,Person - Object,Light truck utility(from 2018),,3,1,0,1,0,5,May,Autumn,Wednesday,18:00 - 19:59,PM peak / evening commute,True,True,False,True
1352663,Fatal,Fatal,2024,2024,May,Thursday,22:00 - Midnight,THE HORSLEY,DR,550,West,MIMOSA,RD,WETHERILL PARK,609.0,No,Not a school zone,Divided road,-33.853371,150.886689,Fairfield,Sydney metro. area,Syd-Newc-Woll Gtr conurbation,Curved,,,,On,Sealed,Dry,Fine,Darkness,Nil,No traffic controls,70 km/h,State,83,Off rt/rt bnd=>obj,803,Off right bend into obj,Right,Vehicle - Object,Car (sedan/hatch),,1,1,3,0,1,5,May,Autumn,Thursday,22:00 - Midnight,Evening / night,False,True,False,True
1352665,Fatal,Fatal,2024,2024,June,Sunday,12:00 - 13:59,APPLETREE,RD,60,South,RENWICK,ST,WEST WALLSEND,,Yes,No,2-way undivided,-32.91132,151.58265,Lake Macquarie,Newcastle met. area,Syd-Newc-Woll Gtr conurbation,Straight,Steep grade,,,Off,Sealed,Dry,Fine,Daylight,Nil,No traffic controls,50 km/h,Local,74,On road-out of cont.,705,Out of control on cway,,Rollover,Motorised push scooters,,1,1,0,0,0,6,June,Winter,Sunday,12:00 - 13:59,Midday / afternoon,False,True,False,True
1352668,Fatal,Fatal,2024,2024,June,Monday,14:00 - 15:59,PRINCES,HWY,800,North,TURPRNTINE,RD,TOMERONG,1.0,No,Not a school zone,2-way undivided,-35.044811,150.577557,Shoalhaven,Country non-urban,Rest of NSW - Rural,Curved,Painted double centre lines,,,Nil,Sealed,Dry,Fine,Daylight,Nil,No traffic controls,100 km/h,State,20,Head on,201,Opp - Head on,,Head-on,4 wheel drive / SUV,4 wheel drive / SUV,2,1,1,0,0,6,June,Winter,Monday,14:00 - 15:59,Midday / afternoon,False,True,False,True
1352669,Fatal,Fatal,2024,2024,June,Monday,08:00 - 09:59,WARRUMBUNGLES,WAY,15000,North,BLACK STUMP,WAY,WEETALIBA,396.0,No,Not a school zone,2-way undivided,-31.647425,149.591016,Warrumbungle,Country non-urban,Rest of NSW - Rural,Straight,,,,Nil,Sealed,Dry,Fine,Daylight,Nil,No traffic controls,100 km/h,Regional,73,Off rd rght => obj,704,Right off cway into obj,,Vehicle - Object,4 wheel drive / SUV,,1,1,0,0,0,6,June,Winter,Monday,08:00 - 09:59,AM peak / school commute,True,True,False,True
1353283,Fatal,Fatal,2024,2024,June,Tuesday,14:00 - 15:59,BIG RIVER,WAY,570,South,TYSON,ST,SOUTH GRAFTON,83.0,No,Not a school zone,2-way undivided,-29.723179,152.955892,Clarence Valley,Country non-urban,Rest of NSW - Rural,Curved,,,,Unknown / not stated,Sealed,Dry,Fine,Daylight,Nil,No traffic controls,100 km/h,State,85,Off rt/lft bnd=>obj,804,Off left bend into obj,Right,Vehicle - Object,4 wheel drive / SUV,,1,1,0,0,0,6,June,Winter,Tuesday,14:00 - 15:59,Midday / afternoon,False,True,False,True
1353284,Fatal,Fatal,2024,2024,June,Monday,18:00 - 19:59,RUSHFORTH,RD,0,Right on the spot,POLEY,BDGE,ELLAND,,No,Not a school zone,2-way undivided,-29.790569,152.859829,Clarence Valley,Country urban,Rest of NSW - Urban,Straight,Narrow/1-lane bridge,,,Nil,Sealed,Dry,Fine,Darkness,Nil,No traffic controls,80 km/h,Local,71,Off rd left => obj,703,Left off cway into object,,Vehicle - Object,Light truck utility(from 2018),,1,1,0,0,0,6,June,Winter,Monday,18:00 - 19:59,PM peak / evening commute,True,True,False,True
1353286,Fatal,Fatal,2024,2024,June,Wednesday,16:00 - 17:59,GILBA,RD,20,East,WARMAN,ST,PENDLE HILL,,No,Not a school zone,2-way undivided,-33.802345,150.953101,Cumberland,Sydney metro. area,Syd-Newc-Woll Gtr conurbation,Straight,Steep grade,,,On,Sealed,Dry,Fine,Dusk,Nil,No traffic controls,50 km/h,Local,20,Head on,201,Opp - Head on,,Head-on,Motorcycle,Car (sedan/hatch),3,1,0,1,0,6,June,Winter,Wednesday,16:00 - 17:59,PM peak / evening commute,True,True,False,True
1353287,Fatal,Fatal,2024,2024,June,Thursday,16:00 - 17:59,NEWELL,HWY,0,Right on the spot,TROY BRIDGE,RD,DUBBO,17.0,No,Not a school zone,X-intersection,-32.208052,148.618697,Dubbo Regional,Country urban,Rest of NSW - Urban,Straight,,,,Nil,Sealed,Dry,Fine,Darkness,Nil,No traffic controls,80 km/h,State,74,On road-out of cont.,705,Out of control on cway,,Rollover,Motorcycle,,2,1,0,1,0,6,June,Winter,Thursday,16:00 - 17:59,PM peak / evening commute,True,True,False,True
1353288,Fatal,Fatal,2024,2024,June,Tuesday,06:00 - 07:59,FOREST,WAY,80,South,LINDEN,AVE,BELROSE,529.0,No,Not a school zone,Divided road,-33.720724,151.216764,Northern Beaches,Sydney metro. area,Syd-Newc-Woll Gtr conurbation,Curved,Steep grade,,,On,Sealed,Dry,Fine,Dawn,Nil,No traffic controls,80 km/h,State,33,Lane sideswipe,305,Same - Lane side swipe,,Other angle,Station wagon,Pedal cycle,3,1,1,1,0,6,June,Winter,Tuesday,06:00 - 07:59,AM peak / school commute,True,True,False,True
1353289,Fatal,Fatal,2024,2024,June,Friday,18:00 - 19:59,CENTRAL COAST,HWY,0,Right on the spot,MOSSMAN,AVE,BATEAU BAY,30.0,No,Not a school zone,T-junction,-33.388125,151.472882,Central Coast,Country urban,Syd-Newc-Woll Gtr conurbation,Straight,,,,On,Sealed,Wet,Overcast,Darkness,Nil,Give way sign,60 km/h,State,13,Right near,104,Adj - Right-thru from right,,Right angle,Car (sedan/hatch),Motorcycle,3,1,0,1,0,6,June,Winter,Friday,18:00 - 19:59,PM peak / evening commute,True,True,False,True
1353290,Fatal,Fatal,2024,2024,June,Monday,16:00 - 17:59,NEWELL,HWY,2800,North,O'LEARYS,LANE,TOMINGLEY,17.0,No,Not a school zone,2-way undivided,-32.679065,148.194036,Narromine,Country non-urban,Rest of NSW - Rural,Straight,,,,Nil,Sealed,Dry,Fine,Dusk,Nil,No traffic controls,110 km/h,State,20,Head on,201,Opp - Head on,,Head-on,Car (sedan/hatch),Large rigid,4,1,0,4,0,6,June,Winter,Monday,16:00 - 17:59,PM peak / evening commute,True,True,False,True
1353913,Fatal,Fatal,2024,2024,June,Thursday,18:00 - 19:59,PACIFIC,HWY,260,South,WARNERS BAY,RD,CHARLESTOWN,10.0,No,Not a school zone,Divided road,-32.971938,151.692562,Lake Macquarie,Newcastle met. area,Syd-Newc-Woll Gtr conurbation,Curved,,,,On,Sealed,Dry,Fine,Darkness,Nil,No traffic controls,60 km/h,State,85,Off rt/lft bnd=>obj,804,Off left bend into obj,Right,Vehicle - Object,Motorcycle,,1,1,0,0,0,6,June,Winter,Thursday,18:00 - 19:59,PM peak / evening commute,True,True,False,True
1353914,Fatal,Fatal,2024,2024,June,Friday,16:00 - 17:59,ABERDARE,RD,99,West,KEARSLEY,ST,ABERDARE,220.0,No,Not a school zone,Divided road,-32.842933,151.373327,Cessnock,Country urban,Rest of NSW - Urban,Straight,,,,Unknown / not stated,Sealed,Dry,Fine,Darkness,Nil,No traffic controls,60 km/h,State,2,Ped far side,3,Ped - Far side,,Vehicle - Pedestrian,Light truck,Pedestrian,2,1,0,1,0,6,June,Winter,Friday,16:00 - 17:59,PM peak / evening commute,True,True,False,True
1354554,Fatal,Fatal,2024,2024,June,Sunday,12:00 - 13:59,NUMINBAH,RD,0,Right on the spot,NUMBER 169,HN,KYNNUMBOON,399.0,No,Not a school zone,2-way undivided,-28.32308,153.375702,Tweed,Country urban,Rest of NSW - Urban,Curved,Driveway/entrance,,,Nil,Sealed,Dry,Fine,Daylight,Nil,No traffic controls,80 km/h,Regional,31,Left rear,302,Same - Rear left,,Rear end,Motorcycle,4 wheel drive / SUV,2,1,0,1,0,6,June,Winter,Sunday,12:00 - 13:59,Midday / afternoon,False,True,False,True
1354555,Fatal,Fatal,2024,2024,June,Wednesday,16:00 - 17:59,TUCKWELL,RD,145,West,LYNWOOD,PL,CASTLE HILL,,No,Not a school zone,2-way undivided,-33.718158,150.994835,The Hills,Sydney metro. area,Syd-Newc-Woll Gtr conurbation,Straight,Painted double centre lines,,,On,Sealed,Dry,Fine,Darkness,Nil,No traffic controls,50 km/h,Local,20,Head on,201,Opp - Head on,,Head-on,Light truck utility(from 2018),Car (sedan/hatch),2,1,4,0,0,6,June,Winter,Wednesday,16:00 - 17:59,PM peak / evening commute,True,True,False,True
1354556,Fatal,Fatal,2024,2024,June,Sunday,08:00 - 09:59,MILPERRA,RD,180,West,DAISY,ST,REVESBY,167.0,No,Not a school zone,Divided road,-33.934779,151.007285,Canterbury-Bankstown,Sydney metro. area,Syd-Newc-Woll Gtr conurbation,Straight,,,,Nil,Sealed,Wet,Overcast,Daylight,Nil,No traffic controls,70 km/h,State,20,Head on,201,Opp - Head on,,Head-on,Car (sedan/hatch),4 wheel drive / SUV,2,1,1,1,0,6,June,Winter,Sunday,08:00 - 09:59,AM peak / school commute,True,True,False,True
1355146,Fatal,Fatal,2024,2024,June,Tuesday,10:00 - 11:59,NEWCASTLE,EXP,150,South,PACIFIC HIGHWAY,OP,COWAN,6003.0,No,Not a school zone,Other,-33.60722,151.160669,Hornsby,Sydney metro. area,Syd-Newc-Woll Gtr conurbation,Curved,B'down lane/road shldr,,,Off,Sealed,Dry,Fine,Daylight,Nil,No traffic controls,80 km/h,State,81,Off left/rt bnd=>obj,803,Off right bend into obj,Left,Other angle,Car (sedan/hatch),Large rigid,2,1,0,1,0,6,June,Winter,Tuesday,10:00 - 11:59,Midday / afternoon,False,True,False,True
1355148,Fatal,Fatal,2024,2024,June,Wednesday,02:00 - 03:59,ALHAMBRA,AVE,100,East,TORRENS,AVE,CARDIFF,,No,Not a school zone,2-way undivided,-32.948503,151.652687,Lake Macquarie,Newcastle met. area,Syd-Newc-Woll Gtr conurbation,Straight,,,,Nil,Sealed,Dry,Fine,Darkness,Nil,No traffic controls,50 km/h,Local,3,Ped on carriageway,4,Ped - On carriageway,,Vehicle - Pedestrian,Light truck utility(from 2018),Pedestrian,2,1,0,1,0,6,June,Winter,Wednesday,02:00 - 03:59,Late night / early morning,False,True,False,True
1355149,Fatal,Fatal,2024,2024,June,Thursday,08:00 - 09:59,JERSEY,RD,20,West,PANGARI,CRES,BLACKETT,7163.0,Yes,No,Divided road,-33.743037,150.813992,Blacktown,Sydney metro. area,Syd-Newc-Woll Gtr conurbation,Straight,,,,Nil,Sealed,Dry,Fine,Daylight,Nil,No traffic controls,60 km/h,Regional,9,Ped other,0,Ped - other,,Vehicle - Pedestrian,Light truck utility(from 2018),Pedestrian,2,1,0,0,0,6,June,Winter,Thursday,08:00 - 09:59,AM peak / school commute,True,True,False,True
1355638,Fatal,Fatal,2024,2024,June,Wednesday,16:00 - 17:59,CANLEY VALE,RD,7,West,BULLS,RD,WAKELEY,7224.0,No,Not a school zone,Roundabout,-33.877285,150.90449,Fairfield,Sydney metro. area,Syd-Newc-Woll Gtr conurbation,Straight,Pedestrian refuge,,,Off,Sealed,Dry,Fine,Daylight,Nil,Give way sign,60 km/h,Regional,48,From footpath,408,Manov - From footway,,Other angle,Motorised scooter (mob. aid),Light truck utility(from 2018),2,1,0,1,0,6,June,Winter,Wednesday,16:00 - 17:59,PM peak / evening commute,True,True,False,True
1355799,Fatal,Fatal,2024,2024,June,Sunday,22:00 - Midnight,ABELL,RD,40,East,JACKWOOD,CRES,MELONBA,,No,Not a school zone,2-way undivided,-33.70251,150.797441,Blacktown,Sydney metro. area,Syd-Newc-Woll Gtr conurbation,Straight,,,,On,Sealed,Wet,Overcast,Darkness,Nil,No traffic controls,50 km/h,Local,4,Ped walk with,5,Ped - Walking with traffic,,Vehicle - Pedestrian,Car (sedan/hatch),Pedestrian,2,1,0,0,0,6,June,Winter,Sunday,22:00 - Midnight,Evening / night,False,True,False,True
1355800,Fatal,Fatal,2024,2024,July,Monday,18:00 - 19:59,SUNNY CORNER,RD,130,North,MORELL,ST,MEADOW FLAT,,Yes,No,2-way undivided,-33.433982,149.922574,Lithgow,Country non-urban,Rest of NSW - Rural,Curved,Steep grade,,Other hazardous feature,Nil,Sealed,Wet,Raining,Darkness,Nil,No traffic controls,100 km/h,Local,81,Off left/rt bnd=>obj,803,Off right bend into obj,Left,Vehicle - Object,4 wheel drive / SUV,,1,1,0,0,0,7,July,Winter,Monday,18:00 - 19:59,PM peak / evening commute,True,True,False,True
1355801,Fatal,Fatal,2024,2024,June,Friday,16:00 - 17:59,PROSPECT,RD,10,North,SMITH,ST,SUMMER HILL,,No,Not a school zone,T-junction,-33.891609,151.132424,Inner West,Sydney metro. area,Syd-Newc-Woll Gtr conurbation,Straight,Pedestrian refuge,,,On,Sealed,Dry,Fine,Dusk,Nil,Stop sign,50 km/h,Local,0,Ped nearside,1,Ped - Near side,,Vehicle - Pedestrian,Car (sedan/hatch),Pedestrian,2,1,0,0,0,6,June,Winter,Friday,16:00 - 17:59,PM peak / evening commute,True,True,False,True
1355802,Fatal,Fatal,2024,2024,July,Tuesday,16:00 - 17:59,COLO,RD,0,Right on the spot,DAPHNE,ST,COLO VALE,,No,Not a school zone,T-junction,-34.400002,150.484241,Wingecarribee,Country urban,Rest of NSW - Urban,Straight,,,,On,Sealed,Dry,Overcast,Darkness,Nil,No traffic controls,50 km/h,Local,9,Ped other,0,Ped - other,,Vehicle - Pedestrian,Station wagon,Pedestrian,2,1,0,1,0,7,July,Winter,Tuesday,16:00 - 17:59,PM peak / evening commute,True,True,False,True
1355804,Fatal,Fatal,2024,2024,July,Tuesday,16:00 - 17:59,EMMAVILLE,RD,19700,North,GRAFTON,ST,REDDESTONE,7706.0,No,Not a school zone,2-way undivided,-29.569657,151.667877,Glen Innes Severn,Country non-urban,Rest of NSW - Rural,Curved,Crest,,,Nil,Sealed,Wet,Raining,Dusk,Nil,No traffic controls,100 km/h,Regional,81,Off left/rt bnd=>obj,803,Off right bend into obj,Left,Vehicle - Object,Motorcycle,,1,1,0,0,0,7,July,Winter,Tuesday,16:00 - 17:59,PM peak / evening commute,True,True,False,True
1355806,Fatal,Fatal,2024,2024,July,Friday,22:00 - Midnight,LEMON TREE PASSAGE,RD,350,North,ROOKES,RD,SALT ASH,7765.0,No,Not a school zone,2-way undivided,-32.777311,151.932939,Port Stephens,Country urban,Rest of NSW - Urban,Straight,,,,Nil,Sealed,Dry,Fine,Darkness,Nil,No traffic controls,80 km/h,Regional,71,Off rd left => obj,703,Left off cway into object,,Vehicle - Object,Car (sedan/hatch),,1,1,3,0,0,7,July,Winter,Friday,22:00 - Midnight,Evening / night,False,True,False,True
1355807,Fatal,Fatal,2024,2024,July,Sunday,18:00 - 19:59,NARRANGO,RD,900,West,BARTLETTS,ST,RYLSTONE,,No,Not a school zone,2-way undivided,-32.81248,150.005697,Mid-Western Regional,Country non-urban,Rest of NSW - Rural,Straight,Embankment/cutting,,,Nil,Sealed,Dry,Fine,Dusk,Nil,No traffic controls,100 km/h,Local,73,Off rd rght => obj,704,Right off cway into obj,,Vehicle - Object,Light truck utility(from 2018),,1,1,0,0,0,7,July,Winter,Sunday,18:00 - 19:59,PM peak / evening commute,True,True,False,True
1355993,Fatal,Fatal,2024,2024,June,Monday,14:00 - 15:59,NELSON BAY,RD,915,East,STEEL,ST,WILLIAMTOWN,108.0,No,Not a school zone,2-way undivided,-32.807145,151.870922,Port Stephens,Country urban,Rest of NSW - Urban,Straight,Painted double centre lines,,,Off,Sealed,Dry,Fine,Daylight,Nil,No traffic controls,80 km/h,State,73,Off rd rght => obj,704,Right off cway into obj,,Vehicle - Object,Car (sedan/hatch),,1,1,0,0,0,6,June,Winter,Monday,14:00 - 15:59,Midday / afternoon,False,True,False,True
1356427,Fatal,Fatal,2024,2024,July,Saturday,14:00 - 15:59,WATT,ST,0,Right on the spot,NUMBER 36,HN,WINDERMERE PARK,,No,Not a school zone,2-way undivided,-33.115467,151.528369,Lake Macquarie,Newcastle met. area,Syd-Newc-Woll Gtr conurbation,Curved,,,,Off,Sealed,Wet,Unknown,Daylight,Nil,No traffic controls,50 km/h,Local,85,Off rt/lft bnd=>obj,804,Off left bend into obj,Right,Vehicle - Object,Motorcycle,,1,1,0,0,0,7,July,Winter,Saturday,14:00 - 15:59,Midday / afternoon,False,True,False,True