crash_id,degree_of_crash,degree_of_crash_-_detailed,reporting_year,year_of_crash,month_of_crash,day_of_week_of_crash,two-hour_intervals,street_of_crash,street_type,distance,direction,identifying_feature,identifying_feature_type,town,route_no.,school_zone_location,school_zone_active,type_of_location,latitude,longitude,lga,urbanisation,conurbation_1,alignment,primary_permanent_feature,primary_temporary_feature,primary_hazardous_feature,street_lighting,road_surface,surface_condition,weather,natural_lighting,signals_operation,other_traffic_control,speed_limit,road_classification_(admin),rum_-_code,rum_-_description,dca_-_code,dca_-_description,dca_supplement,first_impact_type,key_tu_type,other_tu_type,no._of_traffic_units_involved,no._killed,no._seriously_injured,no._moderately_injured,no._minor-other_injured,month_num,month_label,season,day_label,time_label,time_band,is_peak_commute,is_fatal,is_injury,is_casualty
1356428,Fatal,Fatal,2024,2024,July,Monday,12:00 - 13:59,MID WESTERN,HWY,400,South,HAHN,RD,CARCOAR,6.0,No,Not a school zone,2-way undivided,-33.594384,149.174464,Blayney,Country non-urban,Rest of NSW - Rural,Straight,Painted double centre lines,,,Nil,Sealed,Wet,Raining,Daylight,Nil,No traffic controls,100 km/h,State,20,Head on,201,Opp - Head on,,Head-on,Light truck,Light truck utility(from 2018),2,1,0,3,0,7,July,Winter,Monday,12:00 - 13:59,Midday / afternoon,False,True,False,True
1356430,Fatal,Fatal,2024,2024,July,Monday,12:00 - 13:59,NEWELL,HWY,1500,North,ASHBURNHAM,RD,DAROOBALGIE,17.0,No,Not a school zone,2-way undivided,-33.285193,148.090325,Forbes,Country non-urban,Rest of NSW - Rural,Straight,,,,Nil,Sealed,Wet,Overcast,Daylight,Nil,No traffic controls,110 km/h,State,50,Head on (overtake),501,Ovtak - Head on,,Head-on,4 wheel drive / SUV,Road train,2,1,1,0,0,7,July,Winter,Monday,12:00 - 13:59,Midday / afternoon,False,True,False,True
1356432,Fatal,Fatal,2024,2024,July,Thursday,20:00 - 21:59,BURLEY GRIFFIN,WAY,500,East,BARELLAN CEMETERY,RD,BARELLAN,84.0,No,Not a school zone,2-way undivided,-34.289875,146.592191,Narrandera,Country non-urban,Rest of NSW - Rural,Straight,,,,Nil,Sealed,Dry,Fine,Darkness,Nil,No traffic controls,100 km/h,State,20,Head on,201,Opp - Head on,,Head-on,Light truck utility(from 2018),Light truck,3,1,0,2,0,7,July,Winter,Thursday,20:00 - 21:59,Evening / night,False,True,False,True
1356434,Fatal,Fatal,2024,2024,July,Sunday,00:01 - 01:59,SLACKS CREEK,RD,1870,East,COOTRALANTRA,RD,COOLRINGDON,,No,Not a school zone,2-way undivided,-36.244939,148.911184,Snowy Monaro Regional,Country non-urban,Rest of NSW - Rural,Curved,Embankment/cutting,,,Nil,Sealed,Dry,Unknown,Darkness,Nil,No traffic controls,100 km/h,Local,81,Off left/rt bnd=>obj,803,Off right bend into obj,Left,Vehicle - Object,Light truck utility(from 2018),,1,1,0,0,0,7,July,Winter,Sunday,00:01 - 01:59,Late night / early morning,False,True,False,True
1356435,Fatal,Fatal,2024,2024,July,Sunday,06:00 - 07:59,WOODSTOCK,RD,1796,South,KYEEMA,DR,WOODBURN,,No,Not a school zone,2-way undivided,-35.375507,150.384404,Shoalhaven,Country urban,Rest of NSW - Urban,Curved,,,,Nil,Sealed,Dry,Fine,Darkness,Nil,No traffic controls,80 km/h,Local,85,Off rt/lft bnd=>obj,804,Off left bend into obj,Right,Vehicle - Object,Passenger van,,1,1,1,0,0,7,July,Winter,Sunday,06:00 - 07:59,AM peak / school commute,True,True,False,True
1356998,Fatal,Fatal,2024,2024,July,Sunday,14:00 - 15:59,MURRAY,ST,0,Right on the spot,RACECOURSE,RD,TOCUMWAL,,No,Not a school zone,X-intersection,-35.798996,145.567168,Berrigan,Country urban,Rest of NSW - Urban,Straight,,,,Nil,Sealed,Dry,Fine,Daylight,Nil,Give way sign,80 km/h,Local,10,Cross traffic,101,Adj - Cross traffic,,Right angle,Light truck utility(from 2018),Light truck utility(from 2018),2,2,0,0,1,7,July,Winter,Sunday,14:00 - 15:59,Midday / afternoon,False,True,False,True
1357000,Fatal,Fatal,2024,2024,July,Saturday,00:01 - 01:59,QUIA STATION,RD,1600,East,GRAIN VALLEY,RD,GHOOLENDAADI,,No,Not a school zone,2-way undivided,-30.899462,149.959848,Gunnedah,Country urban,Rest of NSW - Urban,Straight,,,,Nil,Unsealed,Dry,Fine,Darkness,Nil,No traffic controls,70 km/h,Local,72,Off road to right,702,Off carriageway to right,,Rollover,Light truck utility(from 2018),,1,1,0,0,0,7,July,Winter,Saturday,00:01 - 01:59,Late night / early morning,False,True,False,True
1357001,Fatal,Fatal,2024,2024,July,Sunday,14:00 - 15:59,OXLEY,HWY,300,West,RIFLE RANGE,RD,WARREN,11.0,No,Not a school zone,2-way undivided,-31.710592,147.824278,Warren,Country urban,Rest of NSW - Urban,Straight,,,,Nil,Sealed,Dry,Fine,Daylight,Nil,No traffic controls,80 km/h,State,30,Rear end,301,Same - Rear end,,Rear end,Motorcycle,Motorcycle,2,1,0,1,0,7,July,Winter,Sunday,14:00 - 15:59,Midday / afternoon,False,True,False,True
1357600,Fatal,Fatal,2024,2024,July,Monday,08:00 - 09:59,BANNOCKBURN,RD,10,North,URABATTA,ST,INVERELL,187.0,No,Not a school zone,X-intersection,-29.773304,151.101592,Inverell,Country urban,Rest of NSW - Urban,Straight,,,,Nil,Sealed,Dry,Fine,Daylight,Nil,No traffic controls,50 km/h,Regional,2,Ped far side,3,Ped - Far side,,Vehicle - Pedestrian,Light truck utility(from 2018),Pedestrian,2,1,0,1,0,7,July,Winter,Monday,08:00 - 09:59,AM peak / school commute,True,True,False,True
1357601,Fatal,Fatal,2024,2024,July,Friday,16:00 - 17:59,MT OUSLEY,RD,10,South,NEW MT PLEASANT,RD,MOUNT PLEASANT,95.0,No,Not a school zone,T-junction,-34.395806,150.866586,Wollongong,Wollongong met. area,Syd-Newc-Woll Gtr conurbation,Straight,Steep grade,,,Nil,Sealed,Dry,Fine,Daylight,Nil,No traffic controls,80 km/h,State,30,Rear end,301,Same - Rear end,,Rear end,4 wheel drive / SUV,Motorcycle,2,1,0,1,0,7,July,Winter,Friday,16:00 - 17:59,PM peak / evening commute,True,True,False,True
1357602,Fatal,Fatal,2024,2024,July,Wednesday,10:00 - 11:59,BURLEY GRIFFIN,WAY,720,West,WOMBAT,RD,MURRUMBURRAH,84.0,No,Not a school zone,2-way undivided,-34.538033,148.316766,Hilltops,Country urban,Rest of NSW - Urban,Straight,Painted double centre lines,,,Nil,Sealed,Dry,Fine,Daylight,Nil,No traffic controls,80 km/h,State,20,Head on,201,Opp - Head on,,Head-on,4 wheel drive / SUV,B-double (road train prior 98),3,1,0,2,0,7,July,Winter,Wednesday,10:00 - 11:59,Midday / afternoon,False,True,False,True
1357604,Fatal,Fatal,2024,2024,July,Wednesday,14:00 - 15:59,PITTWATER,RD,85,South,VINEYARD,ST,MONA VALE,164.0,No,Not a school zone,Divided road,-33.680969,151.302823,Northern Beaches,Sydney metro. area,Syd-Newc-Woll Gtr conurbation,Straight,Driveway/entrance,,,Off,Sealed,Dry,Fine,Daylight,Nil,No traffic controls,70 km/h,State,47,Emerging from drive,406,Manov - Emerging from driveway,,Right angle,Car (sedan/hatch),4 wheel drive / SUV,2,1,0,1,0,7,July,Winter,Wednesday,14:00 - 15:59,Midday / afternoon,False,True,False,True
1357607,Fatal,Fatal,2024,2024,July,Saturday,18:00 - 19:59,MONA VALE,RD,0,Right on the spot,LINK,RD,ST IVES,162.0,No,Not a school zone,X-intersection,-33.727898,151.164528,Ku-ring-gai,Sydney metro. area,Syd-Newc-Woll Gtr conurbation,Straight,,,,On,Sealed,Dry,Fine,Darkness,On,No traffic controls,60 km/h,State,21,Right through,202,Opp - Right-thru,,Other angle,4 wheel drive / SUV,Motorcycle,3,1,1,1,0,7,July,Winter,Saturday,18:00 - 19:59,PM peak / evening commute,True,True,False,True
1357608,Fatal,Fatal,2024,2024,July,Sunday,12:00 - 13:59,BUNGENDORE,RD,1500,South,COLLECTOR,RD,TARAGO,268.0,No,Not a school zone,2-way undivided,-35.106294,149.610935,Goulburn Mulwaree,Country non-urban,Rest of NSW - Rural,Straight,Embankment/cutting,,,Nil,Sealed,Dry,Fine,Daylight,Nil,No traffic controls,100 km/h,Regional,71,Off rd left => obj,703,Left off cway into object,,Vehicle - Object,Station wagon,,1,3,0,0,1,7,July,Winter,Sunday,12:00 - 13:59,Midday / afternoon,False,True,False,True
1357610,Fatal,Fatal,2024,2024,July,Monday,22:00 - Midnight,NEWELL,HWY,400,South,SUCCESS PARK,RD,MOREE,17.0,No,Not a school zone,2-way undivided,-29.223354,150.003924,Moree Plains,Country non-urban,Rest of NSW - Rural,Straight,,,,Nil,Sealed,Dry,Fine,Darkness,Nil,No traffic controls,110 km/h,State,20,Head on,201,Opp - Head on,,Head-on,B-double (road train prior 98),B-double (road train prior 98),2,2,0,0,0,7,July,Winter,Monday,22:00 - Midnight,Evening / night,False,True,False,True
1358167,Fatal,Fatal,2024,2024,July,Friday,16:00 - 17:59,NELSON BAY,RD,20,North,TAYLOR,RD,FERN BAY,108.0,No,Not a school zone,Divided road,-32.874044,151.793936,Port Stephens,Country urban,Rest of NSW - Urban,Straight,Pedestrian refuge,,,Off,Sealed,Dry,Fine,Daylight,Nil,No traffic controls,70 km/h,State,0,Ped nearside,1,Ped - Near side,,Vehicle - Pedestrian,Motorcycle,Pedestrian,2,1,1,0,0,7,July,Winter,Friday,16:00 - 17:59,PM peak / evening commute,True,True,False,True
1358169,Fatal,Fatal,2024,2024,July,Wednesday,00:01 - 01:59,PACIFIC,HWY,165,South,JETTY,AVE,CHARMHAVEN,10.0,No,Not a school zone,2-way undivided,-33.234879,151.501852,Central Coast,Country urban,Syd-Newc-Woll Gtr conurbation,Curved,,,,Nil,Sealed,Wet,Raining,Darkness,Nil,No traffic controls,60 km/h,State,81,Off left/rt bnd=>obj,803,Off right bend into obj,Left,Vehicle - Object,Station wagon,,2,1,1,0,0,7,July,Winter,Wednesday,00:01 - 01:59,Late night / early morning,False,True,False,True
1358171,Fatal,Fatal,2024,2024,July,Wednesday,08:00 - 09:59,PADDYS FLAT,RD,1200,West,FRAMES,RD,TABULAM,,No,Not a school zone,2-way undivided,-28.785051,152.447547,Tenterfield,Country non-urban,Rest of NSW - Rural,Curved,Crest,,"Loose gravel, sealed",Nil,Sealed,Dry,Fine,Daylight,Nil,No traffic controls,100 km/h,Local,88,Out of cont on bend,805,Out of control on bend,,Rollover,Passenger van,,1,1,0,0,0,7,July,Winter,Wednesday,08:00 - 09:59,AM peak / school commute,True,True,False,True
1358174,Fatal,Fatal,2024,2024,August,Friday,18:00 - 19:59,CESSNOCK,RD,30,North,FANNING,ST,GILLIESTON HEIGHTS,195.0,No,Not a school zone,2-way undivided,-32.760298,151.528949,Maitland,Country urban,Rest of NSW - Urban,Curved,,,,On,Sealed,Dry,Fine,Darkness,Nil,No traffic controls,60 km/h,State,20,Head on,201,Opp - Head on,,Head-on,Car (sedan/hatch),4 wheel drive / SUV,3,1,1,0,0,8,August,Winter,Friday,18:00 - 19:59,PM peak / evening commute,True,True,False,True
1358548,Fatal,Fatal,2024,2024,July,Tuesday,10:00 - 11:59,PACIFIC,HWY,0,Right on the spot,POSSUM BRUSH,RD,POSSUM BRUSH,10.0,No,Not a school zone,T-junction,-32.065449,152.439385,Mid-Coast,Country non-urban,Rest of NSW - Rural,Curved,,,,Nil,Sealed,Dry,Fine,Daylight,Nil,Stop sign,90 km/h,State,10,Cross traffic,101,Adj - Cross traffic,,Right angle,Light truck,Light truck utility(from 2018),3,1,2,2,0,7,July,Winter,Tuesday,10:00 - 11:59,Midday / afternoon,False,True,False,True
1358550,Fatal,Fatal,2024,2024,July,Monday,08:00 - 09:59,WESTERN,EXP,0,Right on the spot,PROSPECT HIGHWAY,TO,PROSPECT,6004.0,No,Not a school zone,Dual freeway,-33.806238,150.921362,Blacktown,Sydney metro. area,Syd-Newc-Woll Gtr conurbation,Straight,B'down lane/road shldr,,,Off,Sealed,Dry,Fine,Daylight,Nil,No traffic controls,100 km/h,State,35,Lane change left,307,Same - Lane change left,,Other angle,Light truck,Motorcycle,2,1,0,0,0,7,July,Winter,Monday,08:00 - 09:59,AM peak / school commute,True,True,False,True
1358817,Fatal,Fatal,2024,2024,August,Friday,16:00 - 17:59,GREAT WESTERN,HWY,350,North,BAYONET,ST,BOWENFELS,5.0,No,Not a school zone,Divided road,-33.487347,150.134697,Lithgow,Country urban,Rest of NSW - Urban,Straight,,,,Nil,Sealed,Dry,Fine,Darkness,Nil,No traffic controls,70 km/h,State,0,Ped nearside,1,Ped - Near side,,Vehicle - Pedestrian,4 wheel drive / SUV,Pedestrian,3,1,0,2,0,8,August,Winter,Friday,16:00 - 17:59,PM peak / evening commute,True,True,False,True
1358818,Fatal,Fatal,2024,2024,August,Monday,14:00 - 15:59,CESSNOCK,RD,450,South,RUSSELL,ST,GILLIESTON HEIGHTS,195.0,No,Not a school zone,2-way undivided,-32.770284,151.526562,Maitland,Country urban,Rest of NSW - Urban,Straight,Painted double centre lines,,,Nil,Sealed,Wet,Raining,Daylight,Nil,No traffic controls,80 km/h,State,20,Head on,201,Opp - Head on,,Head-on,Light truck,4 wheel drive / SUV,2,1,2,0,0,8,August,Winter,Monday,14:00 - 15:59,Midday / afternoon,False,True,False,True
1358823,Fatal,Fatal,2024,2024,August,Friday,18:00 - 19:59,OLYMPIC,HWY,1160,North,HUME HIGHWAY,TO,TABLE TOP,78.0,No,Not a school zone,2-way undivided,-35.92056,147.002467,Greater Hume,Country non-urban,Rest of NSW - Rural,Curved,Painted double centre lines,,,On,Sealed,Dry,Fine,Darkness,Nil,No traffic controls,100 km/h,State,20,Head on,201,Opp - Head on,,Head-on,Car (sedan/hatch),Light truck utility(from 2018),2,1,2,0,1,8,August,Winter,Friday,18:00 - 19:59,PM peak / evening commute,True,True,False,True
1358824,Fatal,Fatal,2024,2024,August,Friday,16:00 - 17:59,FOREST,RD,0,Right on the spot,PRITCHARD,PL,PEAKHURST,168.0,No,Not a school zone,T-junction,-33.960111,151.061393,Georges River,Sydney metro. area,Syd-Newc-Woll Gtr conurbation,Straight,Steep grade,,,Off,Sealed,Dry,Fine,Daylight,Nil,No U turn,60 km/h,State,0,Ped nearside,1,Ped - Near side,,Vehicle - Pedestrian,4 wheel drive / SUV,Pedestrian,2,1,0,1,0,8,August,Winter,Friday,16:00 - 17:59,PM peak / evening commute,True,True,False,True
1359383,Fatal,Fatal,2024,2024,August,Monday,08:00 - 09:59,MITCHELL,HWY,170,East,HOUSES,LANE,DUNKELD,7.0,No,Not a school zone,2-way undivided,-33.412615,149.467576,Bathurst Regional,Country non-urban,Rest of NSW - Rural,Straight,Other bridge,,,Nil,Sealed,Dry,Fine,Daylight,Nil,No traffic controls,100 km/h,State,71,Off rd left => obj,703,Left off cway into object,,Vehicle - Object,Car (sedan/hatch),,2,1,0,0,3,8,August,Winter,Monday,08:00 - 09:59,AM peak / school commute,True,True,False,True
1359385,Fatal,Fatal,2024,2024,July,Thursday,10:00 - 11:59,MERTON,ST,0,Right on the spot,CLARENCE,RVR,LAWRENCE,152.0,No,Not a school zone,Other,-29.493871,153.114741,Clarence Valley,Country urban,Rest of NSW - Urban,Straight,,,,Nil,Sealed,Dry,Fine,Daylight,Nil,No traffic controls,60 km/h,Regional,79,Other straight,700,Other straight,,Vehicle - Object,Semi-trailer,,1,1,0,0,0,7,July,Winter,Thursday,10:00 - 11:59,Midday / afternoon,False,True,False,True
1359388,Fatal,Fatal,2024,2024,August,Saturday,16:00 - 17:59,WATERFALL,WAY,5,South,STAGECOACH,LANE,EBOR,76.0,No,Not a school zone,T-junction,-30.404884,152.346724,Armidale Regional,Country urban,Rest of NSW - Urban,Curved,Ditch/drain/culvert,,,Nil,Sealed,Dry,Fine,Daylight,Nil,No traffic controls,50 km/h,State,81,Off left/rt bnd=>obj,803,Off right bend into obj,Left,Vehicle - Object,4 wheel drive / SUV,,1,1,0,0,0,8,August,Winter,Saturday,16:00 - 17:59,PM peak / evening commute,True,True,False,True
1360018,Fatal,Fatal,2024,2024,August,Saturday,20:00 - 21:59,OBLEY,RD,300,South,CAMP,RD,DUBBO,,No,Not a school zone,2-way undivided,-32.29741,148.599461,Dubbo Regional,Country non-urban,Rest of NSW - Rural,Curved,,,,Nil,Sealed,Dry,Fine,Darkness,Nil,No traffic controls,100 km/h,Local,81,Off left/rt bnd=>obj,803,Off right bend into obj,Left,Vehicle - Object,Car (sedan/hatch),,1,1,0,0,0,8,August,Winter,Saturday,20:00 - 21:59,Evening / night,False,True,False,True
1360019,Fatal,Fatal,2024,2024,August,Monday,08:00 - 09:59,WARIALDA,RD,6600,South,BRUXNER,HWY,YETMAN,63.0,No,Not a school zone,2-way undivided,-28.96913,150.769131,Inverell,Country non-urban,Rest of NSW - Rural,Curved,Ditch/drain/culvert,,,Nil,Sealed,Dry,Fine,Daylight,Nil,No traffic controls,100 km/h,Regional,80,Off left/right bend,801,Off cway right bend,Left,Rollover,Motorcycle,,1,1,0,0,0,8,August,Winter,Monday,08:00 - 09:59,AM peak / school commute,True,True,False,True
1360020,Fatal,Fatal,2024,2024,August,Saturday,02:00 - 03:59,HARRINGTON,RD,710,East,PACIFIC,HWY,COOPERNOOK,,No,Not a school zone,2-way undivided,-31.838468,152.620005,Mid-Coast,Country urban,Rest of NSW - Urban,Curved,Driveway/entrance,,,Nil,Sealed,Dry,Fine,Darkness,Nil,No traffic controls,80 km/h,Local,81,Off left/rt bnd=>obj,803,Off right bend into obj,Left,Vehicle - Object,Motorcycle,,1,2,0,0,0,8,August,Winter,Saturday,02:00 - 03:59,Late night / early morning,False,True,False,True
1360216,Fatal,Fatal,2024,2024,May,Thursday,16:00 - 17:59,WATTLE,RD,0,Right on the spot,NUMBER 91,HN,FLINDERS,,No,Not a school zone,2-way undivided,-34.574532,150.846539,Shellharbour,Wollongong met. area,Syd-Newc-Woll Gtr conurbation,Straight,Painted double centre lines,,,Off,Sealed,Wet,Overcast,Dusk,Nil,No traffic controls,60 km/h,Local,73,Off rd rght => obj,704,Right off cway into obj,,Other angle,Car (sedan/hatch),4 wheel drive / SUV,2,1,0,0,0,5,May,Autumn,Thursday,16:00 - 17:59,PM peak / evening commute,True,True,False,True
1360626,Fatal,Fatal,2024,2024,August,Friday,18:00 - 19:59,PRINCES,HWY,22,North,GIPPS,ST,WOLLONGONG,1.0,No,Not a school zone,2-way undivided,-34.417126,150.892495,Wollongong,Wollongong met. area,Syd-Newc-Woll Gtr conurbation,Straight,Painted double centre lines,,,On,Sealed,Dry,Fine,Darkness,Nil,No traffic controls,50 km/h,State,0,Ped nearside,1,Ped - Near side,,Vehicle - Pedestrian,4 wheel drive / SUV,Pedestrian,3,1,0,2,0,8,August,Winter,Friday,18:00 - 19:59,PM peak / evening commute,True,True,False,True
1360628,Fatal,Fatal,2024,2024,August,Monday,16:00 - 17:59,BIRCH,ST,0,Right on the spot,KURRAJONG,RD,NORTH ST MARYS,,No,Not a school zone,T-junction,-33.760999,150.784679,Penrith,Sydney metro. area,Syd-Newc-Woll Gtr conurbation,Straight,Driveway/entrance,,,On,Sealed,Dry,Fine,Dusk,Nil,No traffic controls,50 km/h,Local,21,Right through,202,Opp - Right-thru,,Other angle,Car (sedan/hatch),Motorcycle,2,1,1,1,0,8,August,Winter,Monday,16:00 - 17:59,PM peak / evening commute,True,True,False,True
1360629,Fatal,Fatal,2024,2024,September,Monday,14:00 - 15:59,OLD MAITLAND,RD,1100,South,BOUNDARY,ST,BISHOPS BRIDGE,,No,Not a school zone,2-way undivided,-32.750642,151.452307,Cessnock,Country urban,Rest of NSW - Urban,Curved,Painted double centre lines,,,Nil,Sealed,Dry,Fine,Daylight,Nil,No traffic controls,80 km/h,Local,20,Head on,201,Opp - Head on,,Head-on,4 wheel drive / SUV,Light truck utility(from 2018),2,1,3,0,0,9,September,Spring,Monday,14:00 - 15:59,Midday / afternoon,False,True,False,True
1361177,Fatal,Fatal,2024,2024,September,Monday,16:00 - 17:59,TWIGG,RD,0,Right on the spot,TEMORA ROTO RAILWAY,LX,YENDA,,No,Not a school zone,2-way undivided,-34.246005,146.198712,Griffith,Country urban,Rest of NSW - Urban,Straight,Railway level x,,,Off,Sealed,Dry,Fine,Dusk,Nil,Rail X stop sign,50 km/h,Local,92,Struck train,903,Hit train/aeroplane,,Vehicle - Train,Motorcycle,Train,2,1,0,1,0,9,September,Spring,Monday,16:00 - 17:59,PM peak / evening commute,True,True,False,True
1361178,Fatal,Fatal,2024,2024,September,Thursday,06:00 - 07:59,BOORAL-WASHPOOL,RD,3000,North,GORTONS CROSSING,RD,STROUD,,No,Not a school zone,2-way undivided,-32.382029,151.936815,Mid-Coast,Country urban,Rest of NSW - Urban,Curved,Crest,,,Nil,Sealed,Dry,Fine,Daylight,Nil,No traffic controls,80 km/h,Local,20,Head on,201,Opp - Head on,,Head-on,Motorcycle,4 wheel drive / SUV,2,1,0,1,0,9,September,Spring,Thursday,06:00 - 07:59,AM peak / school commute,True,True,False,True
1361180,Fatal,Fatal,2024,2024,September,Saturday,18:00 - 19:59,URANA,RD,650,South,JELBART,RD,HAMILTON VALLEY,125.0,No,Not a school zone,2-way undivided,-36.007031,146.897034,Albury,Country urban,Rest of NSW - Urban,Curved,Painted double centre lines,,,Nil,Sealed,Dry,Fine,Darkness,Nil,No traffic controls,80 km/h,Regional,20,Head on,201,Opp - Head on,,Head-on,Light truck utility(from 2018),4 wheel drive / SUV,2,1,1,0,0,9,September,Spring,Saturday,18:00 - 19:59,PM peak / evening commute,True,True,False,True
1361773,Fatal,Fatal,2024,2024,September,Tuesday,12:00 - 13:59,GREAT WESTERN,HWY,0,Right on the spot,TARLINGTON,PL,PROSPECT,5.0,No,Not a school zone,T-junction,-33.804586,150.924655,Blacktown,Sydney metro. area,Syd-Newc-Woll Gtr conurbation,Straight,,,,Off,Sealed,Dry,Fine,Daylight,Nil,No traffic controls,80 km/h,State,34,Lane change right,306,Same - Lane change right,,Other angle,4 wheel drive / SUV,Motorcycle,3,1,2,0,0,9,September,Spring,Tuesday,12:00 - 13:59,Midday / afternoon,False,True,False,True
1361775,Fatal,Fatal,2024,2024,September,Wednesday,14:00 - 15:59,GWYDIR,HWY,10000,West,BALD NOB,RD,SHANNON VALE,12.0,No,Not a school zone,2-way undivided,-29.676651,151.866347,Glen Innes Severn,Country non-urban,Rest of NSW - Rural,Straight,B'down lane/road shldr,,,Nil,Sealed,Wet,Overcast,Daylight,Nil,No traffic controls,100 km/h,State,51,Out of control otake,502,Ovtak - Out of control,,Rollover,Motorcycle,,1,1,0,0,0,9,September,Spring,Wednesday,14:00 - 15:59,Midday / afternoon,False,True,False,True
1361776,Fatal,Fatal,2024,2024,September,Wednesday,16:00 - 17:59,BRUXNER,HWY,0,Right on the spot,DIBBS,ST,EAST LISMORE,16.0,No,Not a school zone,X-intersection,-28.816149,153.291895,Lismore,Country urban,Rest of NSW - Urban,Straight,,,,On,Sealed,Dry,Fine,Daylight,Nil,No traffic controls,60 km/h,State,1,Ped emerging,2,Ped - emerging,,Vehicle - Pedestrian,Light truck utility(from 2018),Pedestrian,2,1,0,1,0,9,September,Spring,Wednesday,16:00 - 17:59,PM peak / evening commute,True,True,False,True
1361778,Fatal,Fatal,2024,2024,September,Thursday,20:00 - 21:59,SILVER CITY,HWY,20750,South,BURGESS,ST,MILPARINKA,22.0,No,Not a school zone,2-way undivided,-29.586011,141.892942,Unincorporated,Country non-urban,Rest of NSW - Rural,Curved,,,,On,Sealed,Dry,Fine,Darkness,Nil,No traffic controls,100 km/h,State,88,Out of cont on bend,805,Out of control on bend,,Rollover,Light truck utility(from 2018),,1,1,0,0,0,9,September,Spring,Thursday,20:00 - 21:59,Evening / night,False,True,False,True
1361780,Fatal,Fatal,2024,2024,September,Friday,18:00 - 19:59,CENTRAL COAST,HWY,200,North,CRYSTAL,ST,FORRESTERS BEACH,30.0,No,Not a school zone,2-way undivided,-33.409594,151.461107,Central Coast,Country urban,Syd-Newc-Woll Gtr conurbation,Straight,Painted double centre lines,,,Nil,Sealed,Dry,Fine,Darkness,Nil,No traffic controls,70 km/h,State,20,Head on,201,Opp - Head on,,Head-on,Car (sedan/hatch),Light truck utility(from 2018),2,1,2,0,0,9,September,Spring,Friday,18:00 - 19:59,PM peak / evening commute,True,True,False,True
1361781,Fatal,Fatal,2024,2024,September,Friday,20:00 - 21:59,EMPIRE BAY,DR,270,West,GREENFIELD,RD,EMPIRE BAY,349.0,No,Not a school zone,2-way undivided,-33.497282,151.358956,Central Coast,Country urban,Syd-Newc-Woll Gtr conurbation,Curved,Painted double centre lines,,,On,Sealed,Dry,Fine,Darkness,Nil,No traffic controls,60 km/h,State,20,Head on,201,Opp - Head on,,Head-on,4 wheel drive / SUV,Car (sedan/hatch),3,1,1,0,0,9,September,Spring,Friday,20:00 - 21:59,Evening / night,False,True,False,True
1361782,Fatal,Fatal,2024,2024,September,Sunday,00:01 - 01:59,MORIALTA,RD,0,Right on the spot,CARWAL CREEK,BDGE,MUNGINDI,,No,Not a school zone,2-way undivided,-29.080705,149.012473,Moree Plains,Country non-urban,Rest of NSW - Rural,Curved,Narrow/1-lane bridge,,,Nil,Sealed,Dry,Fine,Darkness,Nil,No traffic controls,100 km/h,Local,64,Perm obstruction,605,On path - Hit obstruction,,Vehicle - Object,4 wheel drive / SUV,,1,2,1,0,0,9,September,Spring,Sunday,00:01 - 01:59,Late night / early morning,False,True,False,True
1362258,Fatal,Fatal,2024,2024,August,Saturday,16:00 - 17:59,RANGARI,RD,125,East,CORELLA,RD,NEW MEXICO,357.0,No,Not a school zone,2-way undivided,-30.759123,150.655714,Tamworth Regional,Country non-urban,Rest of NSW - Rural,Curved,Ditch/drain/culvert,,,Nil,Sealed,Dry,Fine,Dusk,Nil,No traffic controls,100 km/h,Regional,81,Off left/rt bnd=>obj,803,Off right bend into obj,Left,Vehicle - Object,Light truck utility(from 2018),,1,1,1,0,0,8,August,Winter,Saturday,16:00 - 17:59,PM peak / evening commute,True,True,False,True
1362418,Fatal,Fatal,2024,2024,September,Wednesday,16:00 - 17:59,TAMARIND,DR,200,North,FLATHEAD,LANE,BALLINA,695.0,No,Not a school zone,2-way undivided,-28.840037,153.533833,Ballina,Country urban,Rest of NSW - Urban,Curved,,,,Nil,Sealed,Dry,Fine,Dusk,Nil,No traffic controls,80 km/h,Regional,20,Head on,201,Opp - Head on,,Head-on,Car (sedan/hatch),Station wagon,2,1,1,0,0,9,September,Spring,Wednesday,16:00 - 17:59,PM peak / evening commute,True,True,False,True
1362419,Fatal,Fatal,2024,2024,September,Wednesday,22:00 - Midnight,BURNT BRIDGE CREEK DEVIATION,MS,600,South,CONDAMINE,ST,NORTH BALGOWLAH,164.0,No,Not a school zone,Divided road,-33.788555,151.259287,Northern Beaches,Sydney metro. area,Syd-Newc-Woll Gtr conurbation,Curved,Bus/transit lane,,,Nil,Sealed,Dry,Unknown,Darkness,Nil,No traffic controls,80 km/h,State,81,Off left/rt bnd=>obj,803,Off right bend into obj,Left,Vehicle - Object,Car (sedan/hatch),,1,2,0,0,0,9,September,Spring,Wednesday,22:00 - Midnight,Evening / night,False,True,False,True
1362421,Fatal,Fatal,2024,2024,September,Friday,20:00 - 21:59,PRINCES,HWY,50,North,VICTORIA,ST,UNANDERRA,1.0,No,Not a school zone,2-way undivided,-34.455835,150.843969,Wollongong,Wollongong met. area,Syd-Newc-Woll Gtr conurbation,Straight,Bus stop,,,On,Sealed,Dry,Fine,Darkness,Nil,No traffic controls,60 km/h,Regional,50,Head on (overtake),501,Ovtak - Head on,,Head-on,Motorcycle,Light truck utility(from 2018),4,1,0,3,0,9,September,Spring,Friday,20:00 - 21:59,Evening / night,False,True,False,True
1362422,Fatal,Fatal,2024,2024,September,Friday,12:00 - 13:59,BROOMS HEAD,RD,20,East,WALLABY,LANE,TALOUMBI,,No,Not a school zone,2-way undivided,-29.545103,153.261428,Clarence Valley,Country urban,Rest of NSW - Urban,Curved,,,,Nil,Sealed,Dry,Fine,Daylight,Nil,No traffic controls,80 km/h,Local,85,Off rt/lft bnd=>obj,804,Off left bend into obj,Right,Vehicle - Object,Car (sedan/hatch),,1,1,0,0,0,9,September,Spring,Friday,12:00 - 13:59,Midday / afternoon,False,True,False,True