crash_id,degree_of_crash,degree_of_crash_-_detailed,reporting_year,year_of_crash,month_of_crash,day_of_week_of_crash,two-hour_intervals,street_of_crash,street_type,distance,direction,identifying_feature,identifying_feature_type,town,route_no.,school_zone_location,school_zone_active,type_of_location,latitude,longitude,lga,urbanisation,conurbation_1,alignment,primary_permanent_feature,primary_temporary_feature,primary_hazardous_feature,street_lighting,road_surface,surface_condition,weather,natural_lighting,signals_operation,other_traffic_control,speed_limit,road_classification_(admin),rum_-_code,rum_-_description,dca_-_code,dca_-_description,dca_supplement,first_impact_type,key_tu_type,other_tu_type,no._of_traffic_units_involved,no._killed,no._seriously_injured,no._moderately_injured,no._minor-other_injured,month_num,month_label,season,day_label,time_label,time_band,is_peak_commute,is_fatal,is_injury,is_casualty
1362423,Fatal,Fatal,2024,2024,September,Monday,12:00 - 13:59,SETTLERS,RD,1200,North,STURT,HWY,SANDIGO,,No,Not a school zone,2-way undivided,-34.912446,146.657238,Narrandera,Country non-urban,Rest of NSW - Rural,Straight,,,,Nil,Sealed,Dry,Fine,Daylight,Nil,No traffic controls,100 km/h,Local,71,Off rd left => obj,703,Left off cway into object,,Vehicle - Object,Car (sedan/hatch),,1,1,0,0,0,9,September,Spring,Monday,12:00 - 13:59,Midday / afternoon,False,True,False,True
1363014,Fatal,Fatal,2024,2024,September,Wednesday,06:00 - 07:59,WOODPARK,RD,140,West,PERCIVAL,RD,SMITHFIELD,,No,Not a school zone,2-way undivided,-33.83884,150.949352,Cumberland,Sydney metro. area,Syd-Newc-Woll Gtr conurbation,Straight,,,,Nil,Sealed,Dry,Fine,Daylight,Nil,No traffic controls,60 km/h,Local,71,Off rd left => obj,703,Left off cway into object,,Other angle,Car (sedan/hatch),Detached trailer,2,1,0,0,0,9,September,Spring,Wednesday,06:00 - 07:59,AM peak / school commute,True,True,False,True
1363015,Fatal,Fatal,2024,2024,September,Friday,12:00 - 13:59,MULGOA,RD,5,North,RANSLEY,ST,PENRITH,155.0,No,Not a school zone,X-intersection,-33.75694,150.686117,Penrith,Sydney metro. area,Syd-Newc-Woll Gtr conurbation,Straight,Foot/cycle path/nature strip,,,Off,Sealed,Dry,Overcast,Daylight,On,Ped crossing,60 km/h,State,48,From footpath,408,Manov - From footway,,Other angle,Motorised scooter (mob. aid),Light truck utility(from 2018),2,1,0,1,0,9,September,Spring,Friday,12:00 - 13:59,Midday / afternoon,False,True,False,True
1363016,Fatal,Fatal,2024,2024,September,Friday,20:00 - 21:59,NEWELL,HWY,2400,South,BELOWRIE,RD,TOMINGLEY,17.0,No,Not a school zone,2-way undivided,-32.457507,148.34296,Narromine,Country non-urban,Rest of NSW - Rural,Curved,Painted double centre lines,,,Nil,Sealed,Dry,Fine,Darkness,Nil,No traffic controls,110 km/h,State,20,Head on,201,Opp - Head on,,Head-on,Light truck utility(from 2018),Light truck,2,4,1,0,0,9,September,Spring,Friday,20:00 - 21:59,Evening / night,False,True,False,True
1363018,Fatal,Fatal,2024,2024,September,Sunday,10:00 - 11:59,MCILVENIE,ST,0,Right on the spot,PETERLEE,RD,CANLEY HEIGHTS,,No,Not a school zone,T-junction,-33.886307,150.920149,Fairfield,Sydney metro. area,Syd-Newc-Woll Gtr conurbation,Straight,,,,Off,Sealed,Dry,Fine,Daylight,Nil,No traffic controls,50 km/h,Local,74,On road-out of cont.,705,Out of control on cway,,Rollover,Motorcycle,,2,1,0,1,0,9,September,Spring,Sunday,10:00 - 11:59,Midday / afternoon,False,True,False,True
1363019,Fatal,Fatal,2024,2024,September,Saturday,22:00 - Midnight,CLOTHIERS CREEK,RD,60,East,SLIPRAILS,RD,TANGLEWOOD,,No,Not a school zone,2-way undivided,-28.330047,153.547502,Tweed,Country urban,Rest of NSW - Urban,Straight,,,,Nil,Sealed,Dry,Fine,Darkness,Nil,No traffic controls,70 km/h,Local,71,Off rd left => obj,703,Left off cway into object,,Vehicle - Object,Car (sedan/hatch),,1,1,0,0,0,9,September,Spring,Saturday,22:00 - Midnight,Evening / night,False,True,False,True
1363020,Fatal,Fatal,2024,2024,August,Tuesday,16:00 - 17:59,CANTERBURY,RD,200,South,CLARIBEL,ST,REVESBY,167.0,No,Not a school zone,Divided road,-33.936173,151.022921,Canterbury-Bankstown,Sydney metro. area,Syd-Newc-Woll Gtr conurbation,Straight,,,,Nil,Sealed,Dry,Fine,Daylight,Nil,No traffic controls,70 km/h,State,30,Rear end,301,Same - Rear end,,Rear end,Motorcycle,4 wheel drive / SUV,2,1,0,0,0,8,August,Winter,Tuesday,16:00 - 17:59,PM peak / evening commute,True,True,False,True
1363656,Fatal,Fatal,2024,2024,September,Saturday,08:00 - 09:59,MYALL,ST,47,South,MYALL QUAYS,BVD,TEA GARDENS,506.0,No,Not a school zone,2-way undivided,-32.651885,152.149049,Mid-Coast,Country urban,Rest of NSW - Urban,Straight,Painted double centre lines,,,Off,Sealed,Wet,Raining,Daylight,Nil,No traffic controls,50 km/h,Regional,71,Off rd left => obj,703,Left off cway into object,,Vehicle - Object,Light truck utility(from 2018),,1,1,0,0,0,9,September,Spring,Saturday,08:00 - 09:59,AM peak / school commute,True,True,False,True
1363658,Fatal,Fatal,2024,2024,October,Friday,14:00 - 15:59,BUNNAN,RD,1000,East,OLLERTON,DR,OWENS GAP,62.0,No,Not a school zone,2-way undivided,-32.030415,150.73952,Upper Hunter,Country non-urban,Rest of NSW - Rural,Curved,Painted double centre lines,,Loose gravel shoulder,Nil,Sealed,Dry,Fine,Daylight,Nil,No traffic controls,100 km/h,Regional,20,Head on,201,Opp - Head on,,Head-on,Car (sedan/hatch),Light truck utility(from 2018),2,1,2,1,0,10,October,Spring,Friday,14:00 - 15:59,Midday / afternoon,False,True,False,True
1363659,Fatal,Fatal,2024,2024,October,Sunday,14:00 - 15:59,JAMBEROO,RD,630,East,GOLDEN VALLEY,RD,JAMBEROO,264.0,No,Not a school zone,2-way undivided,-34.648674,150.789446,Kiama,Country urban,Rest of NSW - Urban,Curved,,,,Off,Sealed,Dry,Fine,Daylight,Nil,No traffic controls,80 km/h,Regional,81,Off left/rt bnd=>obj,803,Off right bend into obj,Left,Vehicle - Object,Motorcycle,,1,1,0,0,0,10,October,Spring,Sunday,14:00 - 15:59,Midday / afternoon,False,True,False,True
1363837,Fatal,Fatal,2024,2024,September,Wednesday,16:00 - 17:59,GREAT WESTERN,HWY,150,East,ORMOND,ST,ASHFIELD,5.0,No,Not a school zone,Divided road,-33.885828,151.138015,Inner West,Sydney metro. area,Syd-Newc-Woll Gtr conurbation,Straight,,,,Off,Sealed,Dry,Fine,Daylight,Nil,No traffic controls,60 km/h,State,0,Ped nearside,1,Ped - Near side,,Vehicle - Pedestrian,Light truck,Pedestrian,2,1,0,1,0,9,September,Spring,Wednesday,16:00 - 17:59,PM peak / evening commute,True,True,False,True
1364311,Fatal,Fatal,2024,2024,October,Thursday,04:00 - 05:59,BURRAGORANG,RD,25,East,MOORES,WAY,GLENMORE,259.0,No,Not a school zone,2-way undivided,-34.06656,150.611617,Wollondilly,Country non-urban,Syd-Newc-Woll Gtr conurbation,Curved,Painted double centre lines,,,Nil,Sealed,Dry,Fine,Darkness,Nil,No traffic controls,100 km/h,Regional,20,Head on,201,Opp - Head on,,Head-on,Light truck utility(from 2018),Light truck utility(from 2018),2,1,1,0,0,10,October,Spring,Thursday,04:00 - 05:59,Late night / early morning,False,True,False,True
1364315,Fatal,Fatal,2024,2024,October,Friday,10:00 - 11:59,BOLTONS CREEK,RD,600,North,COYBIL,RD,WEETALIBA,,No,Not a school zone,2-way undivided,-31.595486,149.592617,Warrumbungle,Country non-urban,Rest of NSW - Rural,Straight,,,,Nil,Unsealed,Dry,Fine,Daylight,Nil,No traffic controls,100 km/h,Local,66,Object on road,607,On path - Hit temp object,,Vehicle - Object,Motorcycle,,1,1,0,0,0,10,October,Spring,Friday,10:00 - 11:59,Midday / afternoon,False,True,False,True
1364317,Fatal,Fatal,2024,2024,October,Sunday,08:00 - 09:59,BARRIER,HWY,10000,West,THE WOOL,TRK,CUBBA,8.0,No,Not a school zone,2-way undivided,-31.51771,145.633879,Cobar,Country non-urban,Rest of NSW - Rural,Straight,Embankment/cutting,,,Nil,Sealed,Dry,Fine,Daylight,Nil,No traffic controls,110 km/h,State,51,Out of control otake,502,Ovtak - Out of control,,Rollover,4 wheel drive / SUV,,1,1,0,1,0,10,October,Spring,Sunday,08:00 - 09:59,AM peak / school commute,True,True,False,True
1364318,Fatal,Fatal,2024,2024,October,Saturday,12:00 - 13:59,GREAT WESTERN,HWY,1300,East,TABLELANDS,RD,WENTWORTH FALLS,5.0,No,Not a school zone,Divided road,-33.725464,150.396719,Blue Mountains,Country urban,Syd-Newc-Woll Gtr conurbation,Curved,Embankment/cutting,,,Nil,Sealed,Wet,Raining,Daylight,Nil,No traffic controls,80 km/h,State,81,Off left/rt bnd=>obj,803,Off right bend into obj,Left,Vehicle - Object,Car (sedan/hatch),,1,1,0,1,0,10,October,Spring,Saturday,12:00 - 13:59,Midday / afternoon,False,True,False,True
1364319,Fatal,Fatal,2024,2024,October,Sunday,12:00 - 13:59,PRINCES,HWY,0,Right on the spot,CHERRY,LANE,WOLUMLA,1.0,No,Not a school zone,X-intersection,-36.809619,149.815458,Bega Valley,Country non-urban,Rest of NSW - Rural,Curved,Steep grade,,,Nil,Sealed,Dry,Fine,Daylight,Nil,Give way sign,100 km/h,State,32,Right rear,303,Same - Rear right,,Rear end,Motorcycle,4 wheel drive / SUV,2,1,1,1,0,10,October,Spring,Sunday,12:00 - 13:59,Midday / afternoon,False,True,False,True
1364321,Fatal,Fatal,2024,2024,October,Monday,00:01 - 01:59,M7 WESTLINK,EXP,200,South,WESTERN EXPRESSWAY,OP,EASTERN CREEK,6009.0,No,Not a school zone,Other,-33.799661,150.853449,Blacktown,Sydney metro. area,Syd-Newc-Woll Gtr conurbation,Curved,Other bridge,,,On,Sealed,Dry,Fine,Darkness,Nil,No traffic controls,100 km/h,State,81,Off left/rt bnd=>obj,803,Off right bend into obj,Left,Vehicle - Object,Car (sedan/hatch),,1,1,0,0,0,10,October,Spring,Monday,00:01 - 01:59,Late night / early morning,False,True,False,True
1364322,Fatal,Fatal,2024,2024,October,Wednesday,18:00 - 19:59,SCOTT,ST,150,East,KLINE,ST,WESTON,,No,Not a school zone,2-way undivided,-32.815576,151.456996,Cessnock,Country urban,Rest of NSW - Urban,Straight,,,,On,Sealed,Dry,Fine,Dusk,Nil,No traffic controls,50 km/h,Local,74,On road-out of cont.,705,Out of control on cway,,Rollover,Motorcycle,,1,1,0,0,0,10,October,Spring,Wednesday,18:00 - 19:59,PM peak / evening commute,True,True,False,True
1364818,Fatal,Fatal,2024,2024,October,Thursday,04:00 - 05:59,PACIFIC,HWY,150,North,SPRING HILL,RD,COOPERNOOK,10.0,No,Not a school zone,Divided road,-31.821672,152.625212,Mid-Coast,Country non-urban,Rest of NSW - Rural,Straight,Embankment/cutting,,,Nil,Sealed,Dry,Fine,Dawn,Nil,No traffic controls,100 km/h,State,71,Off rd left => obj,703,Left off cway into object,,Vehicle - Object,Light truck,,1,1,0,0,0,10,October,Spring,Thursday,04:00 - 05:59,Late night / early morning,False,True,False,True
1364906,Fatal,Fatal,2024,2024,October,Thursday,14:00 - 15:59,PRINCES,HWY,400,North,TOWRADGI,RD,TOWRADGI,1.0,No,Not a school zone,Divided road,-34.379911,150.90057,Wollongong,Wollongong met. area,Syd-Newc-Woll Gtr conurbation,Straight,Other bridge,,,Nil,Sealed,Dry,Fine,Daylight,Nil,No traffic controls,80 km/h,State,30,Rear end,301,Same - Rear end,,Rear end,Car (sedan/hatch),Passenger van,4,1,0,3,0,10,October,Spring,Thursday,14:00 - 15:59,Midday / afternoon,False,True,False,True
1364907,Fatal,Fatal,2024,2024,October,Thursday,12:00 - 13:59,BRADFIELD,HWY,120,South,SYDNEY HARBOUR BRIDGE SOUTHERN PYLON,OT,DAWES POINT,632.0,No,Not a school zone,Single limited access,-33.855581,151.208659,Sydney,Sydney metro. area,Syd-Newc-Woll Gtr conurbation,Straight,Other bridge,,,Off,Sealed,Dry,Fine,Daylight,Nil,No traffic controls,70 km/h,State,20,Head on,201,Opp - Head on,,Head-on,Car (sedan/hatch),Car (sedan/hatch),5,2,0,2,0,10,October,Spring,Thursday,12:00 - 13:59,Midday / afternoon,False,True,False,True
1364908,Fatal,Fatal,2024,2024,October,Thursday,16:00 - 17:59,HUME,HWY,0,Right on the spot,BURMA,RD,TABLE TOP,2.0,No,Not a school zone,T-junction,-35.972093,147.004155,Albury,Country non-urban,Rest of NSW - Rural,Straight,,,,Nil,Sealed,Dry,Fine,Daylight,Nil,Give way sign,110 km/h,State,10,Cross traffic,101,Adj - Cross traffic,,Right angle,Motorcycle,Light truck utility(from 2018),2,1,0,0,0,10,October,Spring,Thursday,16:00 - 17:59,PM peak / evening commute,True,True,False,True
1364909,Fatal,Fatal,2024,2024,October,Friday,20:00 - 21:59,BUCKETTS,WAY,2000,West,WALLANBAH,RD,TUGRABAKH,90.0,No,Not a school zone,2-way undivided,-32.017463,152.052043,Mid-Coast,Country urban,Rest of NSW - Urban,Curved,Embankment/cutting,,,Nil,Sealed,Dry,Fine,Darkness,Nil,No traffic controls,80 km/h,Regional,81,Off left/rt bnd=>obj,803,Off right bend into obj,Left,Vehicle - Object,4 wheel drive / SUV,,1,2,1,0,1,10,October,Spring,Friday,20:00 - 21:59,Evening / night,False,True,False,True
1364910,Fatal,Fatal,2024,2024,October,Friday,16:00 - 17:59,NELSON BAY,RD,800,South,COXS,LANE,FULLERTON COVE,108.0,No,Not a school zone,2-way undivided,-32.847326,151.827735,Port Stephens,Country non-urban,Rest of NSW - Rural,Straight,Climb/merge lane,,,Nil,Sealed,Dry,Fine,Daylight,Nil,No traffic controls,100 km/h,State,74,On road-out of cont.,705,Out of control on cway,,Rollover,Motorcycle,,1,1,0,0,0,10,October,Spring,Friday,16:00 - 17:59,PM peak / evening commute,True,True,False,True
1365542,Fatal,Fatal,2024,2024,October,Tuesday,04:00 - 05:59,GREAT WESTERN,HWY,0,Right on the spot,GLOSSOP,ST,ST MARYS,5.0,No,Not a school zone,T-junction,-33.77144,150.77948,Penrith,Sydney metro. area,Syd-Newc-Woll Gtr conurbation,Straight,,,,On,Sealed,Dry,Fine,Darkness,On,No traffic controls,60 km/h,State,13,Right near,104,Adj - Right-thru from right,,Right angle,Car (sedan/hatch),Car (sedan/hatch),2,1,1,0,0,10,October,Spring,Tuesday,04:00 - 05:59,Late night / early morning,False,True,False,True
1365544,Fatal,Fatal,2024,2024,October,Saturday,04:00 - 05:59,MAITLAND,RD,170,East,LONG,ST,CESSNOCK,588.0,No,Not a school zone,2-way undivided,-32.828644,151.380528,Cessnock,Country urban,Rest of NSW - Urban,Straight,,,,Nil,Sealed,Dry,Fine,Darkness,Nil,No traffic controls,80 km/h,State,73,Off rd rght => obj,704,Right off cway into obj,,Vehicle - Object,Car (sedan/hatch),,1,1,0,0,0,10,October,Spring,Saturday,04:00 - 05:59,Late night / early morning,False,True,False,True
1365545,Fatal,Fatal,2024,2024,October,Saturday,20:00 - 21:59,ROTHERY,ST,80,West,BROMPTON,RD,CORRIMAL,,No,Not a school zone,2-way undivided,-34.367566,150.906862,Wollongong,Wollongong met. area,Syd-Newc-Woll Gtr conurbation,Straight,,,,On,Sealed,Dry,Fine,Darkness,Nil,No traffic controls,50 km/h,Local,60,Parked,601,On path - Parked,,Other angle,Car (sedan/hatch),4 wheel drive / SUV,2,1,0,0,0,10,October,Spring,Saturday,20:00 - 21:59,Evening / night,False,True,False,True
1365546,Fatal,Fatal,2024,2024,October,Sunday,12:00 - 13:59,CLEOPATRA,DR,50,West,JULIUS,RD,ROSEMEADOW,,Yes,No,2-way undivided,-34.096462,150.794102,Campbelltown,Sydney metro. area,Syd-Newc-Woll Gtr conurbation,Straight,Painted double centre lines,,,Off,Sealed,Dry,Fine,Daylight,Nil,No traffic controls,60 km/h,Local,40,U turn,304,Same - U-turn,,Other angle,4 wheel drive / SUV,Motorcycle,2,1,0,1,0,10,October,Spring,Sunday,12:00 - 13:59,Midday / afternoon,False,True,False,True
1366144,Fatal,Fatal,2024,2024,October,Wednesday,20:00 - 21:59,NEW ENGLAND,HWY,450,East,ORIENT,ST,HARPERS HILL,9.0,No,Not a school zone,2-way undivided,-32.689513,151.402095,Maitland,Country urban,Rest of NSW - Urban,Curved,Steep grade,,,On,Sealed,Dry,Fine,Darkness,Nil,No traffic controls,80 km/h,State,4,Ped walk with,5,Ped - Walking with traffic,,Vehicle - Pedestrian,Unknown motor vehicle,Pedestrian,2,1,0,0,0,10,October,Spring,Wednesday,20:00 - 21:59,Evening / night,False,True,False,True
1366145,Fatal,Fatal,2024,2024,October,Wednesday,22:00 - Midnight,FOUR CORNERS,RD,5,North,EAST SAFFRON,RD,RAND,,No,Not a school zone,T-junction,-35.5949,146.575085,Federation,Country urban,Rest of NSW - Urban,Curved,,,,Nil,Sealed,Dry,Fine,Darkness,Nil,Give way sign,50 km/h,Local,81,Off left/rt bnd=>obj,803,Off right bend into obj,Left,Vehicle - Object,4 wheel drive / SUV,,1,1,0,0,0,10,October,Spring,Wednesday,22:00 - Midnight,Evening / night,False,True,False,True
1366146,Fatal,Fatal,2024,2024,November,Friday,12:00 - 13:59,NOWENDOC,RD,1100,East,KOOLKUNA,RD,NIANGALA,7718.0,No,Not a school zone,2-way undivided,-31.372922,151.416027,Tamworth Regional,Country non-urban,Rest of NSW - Rural,Curved,Steep grade,,Slippery surface,Nil,Sealed,Dry,Fine,Daylight,Nil,No traffic controls,100 km/h,Regional,84,Off right/left bend,802,Off cway left bend,Right,Rollover,Motorcycle,,1,1,0,0,0,11,November,Spring,Friday,12:00 - 13:59,Midday / afternoon,False,True,False,True
1366149,Fatal,Fatal,2024,2024,November,Friday,04:00 - 05:59,BRUXNER,HWY,1850,East,SNAKE CREEK,RD,SANDY HILL,16.0,No,Not a school zone,2-way undivided,-28.961378,152.199081,Tenterfield,Country non-urban,Rest of NSW - Rural,Curved,Steep grade,,,Nil,Sealed,Dry,Fine,Darkness,Nil,No traffic controls,100 km/h,State,85,Off rt/lft bnd=>obj,804,Off left bend into obj,Right,Vehicle - Object,Light truck utility(from 2018),,1,1,0,0,0,11,November,Spring,Friday,04:00 - 05:59,Late night / early morning,False,True,False,True
1366151,Fatal,Fatal,2024,2024,November,Sunday,02:00 - 03:59,NEWELL,HWY,3800,North,BUCKIE,RD,TULLOONA,17.0,No,Not a school zone,2-way undivided,-28.962499,150.083303,Moree Plains,Country non-urban,Rest of NSW - Rural,Straight,Driveway/entrance,,,Nil,Sealed,Dry,Fine,Darkness,Nil,No traffic controls,110 km/h,State,73,Off rd rght => obj,704,Right off cway into obj,,Vehicle - Object,B-double (road train prior 98),,1,2,0,0,0,11,November,Spring,Sunday,02:00 - 03:59,Late night / early morning,False,True,False,True
1366152,Fatal,Fatal,2024,2024,November,Sunday,10:00 - 11:59,SNOWY MOUNTAINS,HWY,1800,South,LINK,RD,KIANDRA,4.0,No,Not a school zone,2-way undivided,-35.880475,148.497314,Snowy Monaro Regional,Country urban,Rest of NSW - Urban,Curved,B'down lane/road shldr,,,Nil,Sealed,Dry,Fine,Daylight,Nil,No traffic controls,80 km/h,State,81,Off left/rt bnd=>obj,803,Off right bend into obj,Left,Vehicle - Object,Motorcycle,,1,1,0,0,0,11,November,Spring,Sunday,10:00 - 11:59,Midday / afternoon,False,True,False,True
1366153,Fatal,Fatal,2024,2024,November,Tuesday,20:00 - 21:59,DANGAR,RD,35,West,BOONAL,ST,SINGLETON,,No,Not a school zone,2-way undivided,-32.566019,151.184143,Singleton,Country urban,Rest of NSW - Urban,Straight,,,,On,Sealed,Dry,Fine,Darkness,Nil,No traffic controls,50 km/h,Local,73,Off rd rght => obj,704,Right off cway into obj,,Other angle,Light truck utility(from 2018),Car (sedan/hatch),2,1,0,0,0,11,November,Spring,Tuesday,20:00 - 21:59,Evening / night,False,True,False,True
1366157,Fatal,Fatal,2024,2024,November,Thursday,16:00 - 17:59,KINGS,HWY,1360,North,MAYFIELD,RD,WARRI,51.0,No,Not a school zone,2-way undivided,-35.30443,149.71408,Queanbeyan-Palerang Regional,Country non-urban,Rest of NSW - Rural,Curved,Painted double centre lines,,,Nil,Sealed,Dry,Fine,Daylight,Nil,No traffic controls,100 km/h,State,85,Off rt/lft bnd=>obj,804,Off left bend into obj,Right,Vehicle - Object,Light truck,,2,1,0,0,2,11,November,Spring,Thursday,16:00 - 17:59,PM peak / evening commute,True,True,False,True
1366158,Fatal,Fatal,2024,2024,November,Friday,14:00 - 15:59,M7 WESTLINK,EXP,0,Right on the spot,THE HORSLEY DRIVE,OP,HORSLEY PARK,6009.0,No,Not a school zone,Dual freeway,-33.841821,150.855226,Fairfield,Sydney metro. area,Syd-Newc-Woll Gtr conurbation,Straight,Underpass/tunnel,Roadwks/Detour/Diverson,,Nil,Sealed,Dry,Fine,Daylight,Nil,No traffic controls,80 km/h,State,30,Rear end,301,Same - Rear end,,Rear end,Motor scooter,4 wheel drive / SUV,2,1,0,1,0,11,November,Spring,Friday,14:00 - 15:59,Midday / afternoon,False,True,False,True
1366159,Fatal,Fatal,2024,2024,November,Saturday,22:00 - Midnight,BANJO PATERSON,WAY,5200,North,MARKET,ST,MOLONG,234.0,No,Not a school zone,2-way undivided,-33.057537,148.822687,Cabonne,Country non-urban,Rest of NSW - Rural,Curved,Crest,,,Nil,Sealed,Dry,Fine,Darkness,Nil,No traffic controls,100 km/h,Regional,83,Off rt/rt bnd=>obj,803,Off right bend into obj,Right,Vehicle - Object,4 wheel drive / SUV,,1,1,2,0,0,11,November,Spring,Saturday,22:00 - Midnight,Evening / night,False,True,False,True
1366160,Fatal,Fatal,2024,2024,November,Sunday,10:00 - 11:59,SOUTHERN,EXP,0,Right on the spot,MT KEIRA ROAD,OP,WEST WOLLONGONG,6006.0,No,Not a school zone,Dual freeway,-34.424181,150.868742,Wollongong,Wollongong met. area,Syd-Newc-Woll Gtr conurbation,Straight,Crest,,,Off,Sealed,Dry,Fine,Daylight,Nil,No traffic controls,90 km/h,State,35,Lane change left,307,Same - Lane change left,,Other angle,Motorcycle,Utility,3,1,0,1,0,11,November,Spring,Sunday,10:00 - 11:59,Midday / afternoon,False,True,False,True
1366161,Fatal,Fatal,2024,2024,November,Monday,14:00 - 15:59,TEVEN,RD,510,East,SHAWS,LANE,TUCKOMBIL,7734.0,No,Not a school zone,2-way undivided,-28.814799,153.474108,Ballina,Country urban,Rest of NSW - Urban,Curved,Crest,,,Nil,Sealed,Dry,Fine,Daylight,Nil,No traffic controls,60 km/h,Regional,20,Head on,201,Opp - Head on,,Head-on,4 wheel drive / SUV,4 wheel drive / SUV,2,1,3,0,0,11,November,Spring,Monday,14:00 - 15:59,Midday / afternoon,False,True,False,True
1366162,Fatal,Fatal,2024,2024,November,Tuesday,12:00 - 13:59,PUTTY,RD,0,Right on the spot,STANNIX PARK,RD,WILBERFORCE,503.0,No,Not a school zone,X-intersection,-33.527361,150.828859,Hawkesbury,Country urban,Syd-Newc-Woll Gtr conurbation,Straight,,,,Nil,Sealed,Dry,Overcast,Daylight,Nil,Stop sign,80 km/h,State,10,Cross traffic,101,Adj - Cross traffic,,Right angle,Car (sedan/hatch),4 wheel drive / SUV,3,1,0,2,0,11,November,Spring,Tuesday,12:00 - 13:59,Midday / afternoon,False,True,False,True
1366163,Fatal,Fatal,2024,2024,November,Saturday,10:00 - 11:59,PACIFIC,HWY,280,North,PIPECLAY CREEK,RD,NABIAC,10.0,No,Not a school zone,Divided road,-32.088476,152.404916,Mid-Coast,Country non-urban,Rest of NSW - Rural,Curved,,,,Nil,Sealed,Dry,Fine,Daylight,Nil,No traffic controls,100 km/h,State,87,Off lft/lft bnd=>obj,804,Off left bend into obj,Left,Vehicle - Object,Motorcycle,,1,1,0,0,0,11,November,Spring,Saturday,10:00 - 11:59,Midday / afternoon,False,True,False,True
1366164,Fatal,Fatal,2024,2024,November,Wednesday,20:00 - 21:59,CARNARVON,HWY,8000,North,NORTH,ST,ASHLEY,28.0,No,Not a school zone,2-way undivided,-29.252248,149.77035,Moree Plains,Country non-urban,Rest of NSW - Rural,Straight,Painted double centre lines,,,Nil,Sealed,Dry,Fine,Darkness,Nil,No traffic controls,100 km/h,State,20,Head on,201,Opp - Head on,,Head-on,Light truck utility(from 2018),Light truck utility(from 2018),2,1,1,0,0,11,November,Spring,Wednesday,20:00 - 21:59,Evening / night,False,True,False,True
1366165,Fatal,Fatal,2024,2024,November,Wednesday,22:00 - Midnight,HUME,HWY,1930,South,BROOKS ROAD,OP,INGLEBURN,2.0,No,Not a school zone,Dual freeway,-34.002493,150.839894,Campbelltown,Sydney metro. area,Syd-Newc-Woll Gtr conurbation,Straight,,,,Nil,Sealed,Dry,Fine,Darkness,Nil,No traffic controls,110 km/h,State,73,Off rd rght => obj,704,Right off cway into obj,,Vehicle - Object,Utility,,2,1,1,1,0,11,November,Spring,Wednesday,22:00 - Midnight,Evening / night,False,True,False,True
1366166,Fatal,Fatal,2024,2024,November,Thursday,00:01 - 01:59,OLD WINDSOR,RD,200,South,POWERS,RD,SEVEN HILLS,635.0,No,Not a school zone,Divided road,-33.775712,150.962322,Blacktown,Sydney metro. area,Syd-Newc-Woll Gtr conurbation,Straight,,,,On,Sealed,Dry,Fine,Darkness,Nil,No traffic controls,80 km/h,State,62,Accident,603,On path - Previous accident,,Other angle,4 wheel drive / SUV,Light truck utility(from 2018),3,1,0,1,0,11,November,Spring,Thursday,00:01 - 01:59,Late night / early morning,False,True,False,True
1366167,Fatal,Fatal,2024,2024,November,Thursday,04:00 - 05:59,HUME,HWY,2000,North,SYDNEY ROAD,TO,BOXERS CREEK,2.0,No,Not a school zone,Divided road,-34.734007,149.79877,Goulburn Mulwaree,Country non-urban,Rest of NSW - Rural,Straight,Crest,,,Nil,Sealed,Dry,Fine,Darkness,Nil,No traffic controls,110 km/h,State,2,Ped far side,3,Ped - Far side,,Vehicle - Pedestrian,4 wheel drive / SUV,Pedestrian,2,1,0,1,0,11,November,Spring,Thursday,04:00 - 05:59,Late night / early morning,False,True,False,True
1366168,Fatal,Fatal,2024,2024,November,Tuesday,12:00 - 13:59,NOWENDOC,RD,2700,East,HAWKINS,RD,COOPLACURRIPA,,No,Not a school zone,2-way undivided,-31.552823,151.814606,Mid-Coast,Country non-urban,Rest of NSW - Rural,Straight,Steep grade,,Potholes/corrugations/rough,Nil,Unsealed,Dry,Fine,Daylight,Nil,No traffic controls,100 km/h,Local,3,Ped on carriageway,4,Ped - On carriageway,,Vehicle - Pedestrian,Light truck utility(from 2018),Pedestrian,3,1,0,0,0,11,November,Spring,Tuesday,12:00 - 13:59,Midday / afternoon,False,True,False,True
1366169,Fatal,Fatal,2024,2024,November,Friday,10:00 - 11:59,SNOWY MOUNTAINS,HWY,1550,North,MILES FRANKLIN,DR,TALBINGO,4.0,No,Not a school zone,2-way undivided,-35.562897,148.312442,Snowy Valleys,Country non-urban,Rest of NSW - Rural,Curved,Painted double centre lines,,,Nil,Sealed,Dry,Fine,Daylight,Nil,No traffic controls,100 km/h,State,83,Off rt/rt bnd=>obj,803,Off right bend into obj,Right,Vehicle - Object,Light truck utility(from 2018),,1,1,0,1,0,11,November,Spring,Friday,10:00 - 11:59,Midday / afternoon,False,True,False,True
1366170,Fatal,Fatal,2024,2024,November,Friday,16:00 - 17:59,HUME,HWY,1000,North,BURLEY GRIFFIN,WAY,BOWNING,2.0,No,Not a school zone,Divided road,-34.769006,148.778706,Yass Valley,Country non-urban,Rest of NSW - Rural,Straight,Steep grade,,,Nil,Sealed,Dry,Fine,Daylight,Nil,No traffic controls,110 km/h,State,73,Off rd rght => obj,704,Right off cway into obj,,Vehicle - Object,4 wheel drive / SUV,,1,1,0,0,0,11,November,Spring,Friday,16:00 - 17:59,PM peak / evening commute,True,True,False,True