crash_id,degree_of_crash,degree_of_crash_-_detailed,reporting_year,year_of_crash,month_of_crash,day_of_week_of_crash,two-hour_intervals,street_of_crash,street_type,distance,direction,identifying_feature,identifying_feature_type,town,route_no.,school_zone_location,school_zone_active,type_of_location,latitude,longitude,lga,urbanisation,conurbation_1,alignment,primary_permanent_feature,primary_temporary_feature,primary_hazardous_feature,street_lighting,road_surface,surface_condition,weather,natural_lighting,signals_operation,other_traffic_control,speed_limit,road_classification_(admin),rum_-_code,rum_-_description,dca_-_code,dca_-_description,dca_supplement,first_impact_type,key_tu_type,other_tu_type,no._of_traffic_units_involved,no._killed,no._seriously_injured,no._moderately_injured,no._minor-other_injured,month_num,month_label,season,day_label,time_label,time_band,is_peak_commute,is_fatal,is_injury,is_casualty
1366171,Fatal,Fatal,2024,2024,November,Sunday,08:00 - 09:59,BICENTENNIAL,DR,75,West,JERRABOMBERRA,PKWY,JERRABOMBERRA,,No,Not a school zone,2-way undivided,-35.389211,149.200177,Queanbeyan-Palerang Regional,Country urban,Rest of NSW - Urban,Straight,B'down lane/road shldr,,,Off,Sealed,Dry,Fine,Daylight,Nil,No traffic controls,50 km/h,Local,71,Off rd left => obj,703,Left off cway into object,,Other angle,Light truck utility(from 2018),Utility,5,1,0,0,1,11,November,Spring,Sunday,08:00 - 09:59,AM peak / school commute,True,True,False,True
1366172,Fatal,Fatal,2024,2024,November,Friday,22:00 - Midnight,KENTHURST,RD,200,South,VOLUNTEER,RD,KENTHURST,,No,Not a school zone,2-way undivided,-33.672033,151.008251,The Hills,Sydney metro. area,Syd-Newc-Woll Gtr conurbation,Curved,Painted double centre lines,,,On,Sealed,Wet,Fine,Darkness,Nil,No traffic controls,60 km/h,Local,81,Off left/rt bnd=>obj,803,Off right bend into obj,Left,Vehicle - Object,Car (sedan/hatch),,1,1,1,0,0,11,November,Spring,Friday,22:00 - Midnight,Evening / night,False,True,False,True
1366174,Fatal,Fatal,2024,2024,November,Tuesday,10:00 - 11:59,APPIN,RD,820,North,SOUTHERN EXPRESSWAY,OP,CATARACT,177.0,No,Not a school zone,2-way undivided,-34.296287,150.904762,Wollongong,Wollongong met. area,Syd-Newc-Woll Gtr conurbation,Curved,Steep grade,,,Nil,Sealed,Wet,Fog or mist,Daylight,Nil,No traffic controls,90 km/h,State,30,Rear end,301,Same - Rear end,,Rear end,Light truck,B-double (road train prior 98),2,1,0,1,0,11,November,Spring,Tuesday,10:00 - 11:59,Midday / afternoon,False,True,False,True
1366175,Fatal,Fatal,2024,2024,November,Wednesday,18:00 - 19:59,CASTLEREAGH,HWY,1160,South,RAILWAY,ST,CAPERTEE,18.0,No,Not a school zone,2-way undivided,-33.155524,149.995,Lithgow,Country non-urban,Rest of NSW - Rural,Straight,Painted double centre lines,,,Nil,Sealed,Dry,Fine,Daylight,Nil,No traffic controls,100 km/h,State,50,Head on (overtake),501,Ovtak - Head on,,Head-on,Car (sedan/hatch),Semi-trailer,2,1,1,0,0,11,November,Spring,Wednesday,18:00 - 19:59,PM peak / evening commute,True,True,False,True
1366177,Fatal,Fatal,2024,2024,November,Monday,16:00 - 17:59,TRAFALGAR,AVE,65,South,ALBION,ST,UMINA BEACH,,No,Not a school zone,2-way undivided,-33.516888,151.32173,Central Coast,Country urban,Syd-Newc-Woll Gtr conurbation,Straight,,,,Off,Sealed,Dry,Fine,Daylight,Nil,No traffic controls,50 km/h,Local,90,Fell in/from vehicle,901,Fell in/from vehicle,,Person - Object,Unknown motor vehicle,,1,1,0,0,0,11,November,Spring,Monday,16:00 - 17:59,PM peak / evening commute,True,True,False,True
1366178,Fatal,Fatal,2024,2024,November,Sunday,14:00 - 15:59,RIVERINA,HWY,100,West,SHILOH,RD,SAVERNAKE,20.0,No,Not a school zone,2-way undivided,-35.730898,146.01566,Federation,Country non-urban,Rest of NSW - Rural,Straight,,,,Nil,Sealed,Dry,Fine,Daylight,Nil,No traffic controls,100 km/h,State,20,Head on,201,Opp - Head on,,Head-on,Light truck utility(from 2018),4 wheel drive / SUV,2,1,0,0,5,11,November,Spring,Sunday,14:00 - 15:59,Midday / afternoon,False,True,False,True
1366179,Fatal,Fatal,2024,2024,November,Wednesday,16:00 - 17:59,KOORINGAL,RD,0,Right on the spot,LAKE ALBERT,RD,LAKE ALBERT,,No,Not a school zone,Roundabout,-35.153267,147.374088,Wagga Wagga,Country urban,Rest of NSW - Urban,Straight,,,,Nil,Sealed,Dry,Fine,Daylight,Nil,Give way sign,60 km/h,Local,10,Cross traffic,101,Adj - Cross traffic,,Right angle,Motorcycle,Large rigid,2,1,0,1,0,11,November,Spring,Wednesday,16:00 - 17:59,PM peak / evening commute,True,True,False,True
1366180,Fatal,Fatal,2024,2024,November,Sunday,06:00 - 07:59,DALMAR,PL,20,West,MANNING,DR,CARLINGFORD,,No,Not a school zone,2-way undivided,-33.785219,151.062278,Parramatta,Sydney metro. area,Syd-Newc-Woll Gtr conurbation,Straight,Steep grade,,,Off,Sealed,Dry,Fine,Dawn,Nil,No traffic controls,50 km/h,Local,73,Off rd rght => obj,704,Right off cway into obj,,Vehicle - Object,Car (sedan/hatch),,1,1,0,0,0,11,November,Spring,Sunday,06:00 - 07:59,AM peak / school commute,True,True,False,True
1366181,Fatal,Fatal,2024,2024,November,Monday,16:00 - 17:59,OLD NORTHERN,RD,850,North,WYOMING,RD,DURAL,160.0,No,Not a school zone,2-way undivided,-33.660758,151.023958,Hornsby,Sydney metro. area,Syd-Newc-Woll Gtr conurbation,Straight,B'down lane/road shldr,,,Nil,Sealed,Dry,Fine,Daylight,Nil,No traffic controls,70 km/h,State,4,Ped walk with,5,Ped - Walking with traffic,,Vehicle - Pedestrian,Light truck utility(from 2018),Pedestrian,2,1,0,1,0,11,November,Spring,Monday,16:00 - 17:59,PM peak / evening commute,True,True,False,True
1366182,Fatal,Fatal,2024,2024,November,Saturday,10:00 - 11:59,BUCKETTS,WAY,4000,North,KINGS CREEK,RD,KRAMBACH,192.0,No,Not a school zone,2-way undivided,-32.010434,152.260448,Mid-Coast,Country urban,Rest of NSW - Urban,Curved,Painted double centre lines,,,Nil,Sealed,Dry,Fine,Daylight,Nil,No traffic controls,80 km/h,Regional,50,Head on (overtake),501,Ovtak - Head on,,Head-on,Motorcycle,Light truck utility(from 2018),2,1,0,1,0,11,November,Spring,Saturday,10:00 - 11:59,Midday / afternoon,False,True,False,True
1366183,Fatal,Fatal,2024,2024,November,Monday,10:00 - 11:59,ABUNDANCE,RD,225,South,FERODALE,RD,MEDOWIE,,No,Not a school zone,2-way undivided,-32.741779,151.856086,Port Stephens,Country urban,Rest of NSW - Urban,Straight,Driveway/entrance,,,Nil,Sealed,Dry,Fine,Daylight,Nil,No traffic controls,60 km/h,Local,47,Emerging from drive,406,Manov - Emerging from driveway,,Right angle,4 wheel drive / SUV,Motorcycle,2,1,0,1,0,11,November,Spring,Monday,10:00 - 11:59,Midday / afternoon,False,True,False,True
1366184,Fatal,Fatal,2024,2024,November,Monday,20:00 - 21:59,ANZAC,PDE,175,East,TOBRUK,AVE,MUSWELLBROOK,,No,Not a school zone,2-way undivided,-32.274829,150.882557,Muswellbrook,Country urban,Rest of NSW - Urban,Straight,Driveway/entrance,,,On,Sealed,Dry,Fine,Darkness,Nil,No traffic controls,50 km/h,Local,73,Off rd rght => obj,704,Right off cway into obj,,Vehicle - Object,Motorcycle,,2,1,0,0,0,11,November,Spring,Monday,20:00 - 21:59,Evening / night,False,True,False,True
1366185,Fatal,Fatal,2024,2024,November,Tuesday,10:00 - 11:59,DULGUIGAN,RD,460,West,BOYDS,LANE,DULGUIGAN,,No,Not a school zone,2-way undivided,-28.292515,153.404373,Tweed,Country urban,Rest of NSW - Urban,Curved,,,,Nil,Sealed,Dry,Fine,Daylight,Nil,No traffic controls,80 km/h,Local,83,Off rt/rt bnd=>obj,803,Off right bend into obj,Right,Vehicle - Object,4 wheel drive / SUV,,1,1,0,0,0,11,November,Spring,Tuesday,10:00 - 11:59,Midday / afternoon,False,True,False,True
1366189,Fatal,Fatal,2024,2024,November,Thursday,04:00 - 05:59,EVANS,ST,30,West,BINNI CREEK,RD,COWRA,,No,Not a school zone,2-way undivided,-33.813357,148.694107,Cowra,Country urban,Rest of NSW - Urban,Straight,,,,Nil,Sealed,Dry,Fine,Dawn,Nil,No traffic controls,50 km/h,Local,73,Off rd rght => obj,704,Right off cway into obj,,Vehicle - Object,Light truck utility(from 2018),,1,1,0,0,0,11,November,Spring,Thursday,04:00 - 05:59,Late night / early morning,False,True,False,True
1366192,Fatal,Fatal,2024,2024,November,Thursday,12:00 - 13:59,PRINCES,HWY,700,North,MAIDEN,RD,EAST LYNNE,1.0,No,Not a school zone,2-way undivided,-35.571832,150.261055,Shoalhaven,Country non-urban,Rest of NSW - Rural,Curved,Painted double centre lines,,,Nil,Sealed,Dry,Fine,Daylight,Nil,No traffic controls,100 km/h,State,20,Head on,201,Opp - Head on,,Head-on,Light truck utility(from 2018),Semi-trailer,2,1,0,1,0,11,November,Spring,Thursday,12:00 - 13:59,Midday / afternoon,False,True,False,True
1366194,Fatal,Fatal,2024,2024,November,Saturday,16:00 - 17:59,DENMAN,RD,1225,West,EDDERTON,RD,MUSWELLBROOK,209.0,No,Not a school zone,2-way undivided,-32.322247,150.785016,Muswellbrook,Country non-urban,Rest of NSW - Rural,Straight,Driveway/entrance,,,Nil,Sealed,Wet,Raining,Daylight,Nil,No traffic controls,100 km/h,State,20,Head on,201,Opp - Head on,,Head-on,Car (sedan/hatch),Car (sedan/hatch),2,2,2,1,1,11,November,Spring,Saturday,16:00 - 17:59,PM peak / evening commute,True,True,False,True
1366195,Fatal,Fatal,2024,2024,December,Sunday,14:00 - 15:59,CENTRAL COAST,HWY,0,Right on the spot,WYONG,RD,LONG JETTY,30.0,No,Not a school zone,Roundabout,-33.368994,151.475408,Central Coast,Country urban,Syd-Newc-Woll Gtr conurbation,Straight,,,,Off,Sealed,Dry,Overcast,Daylight,Nil,No traffic controls,60 km/h,State,22,Left through,205,Opp - Left-thru,,Other angle,Light truck utility(from 2018),Car (sedan/hatch),2,1,0,1,0,12,December,Summer,Sunday,14:00 - 15:59,Midday / afternoon,False,True,False,True
1366196,Fatal,Fatal,2024,2024,December,Monday,10:00 - 11:59,PRINCES,HWY,1300,South,MOUNT OUSLEY ROAD,OP,BULLI,1.0,No,Not a school zone,2-way undivided,-34.321729,150.894694,Wollongong,Wollongong met. area,Syd-Newc-Woll Gtr conurbation,Curved,Steep grade,,,Nil,Sealed,Dry,Fine,Daylight,Nil,No traffic controls,60 km/h,State,85,Off rt/lft bnd=>obj,804,Off left bend into obj,Right,Vehicle - Object,Large rigid,,1,1,0,0,0,12,December,Summer,Monday,10:00 - 11:59,Midday / afternoon,False,True,False,True
1366197,Fatal,Fatal,2024,2024,December,Monday,14:00 - 15:59,COPE,RD,260,West,HIGHLETT,RD,COPE,598.0,No,Not a school zone,2-way undivided,-32.274623,149.70304,Mid-Western Regional,Country non-urban,Rest of NSW - Rural,Curved,B'down lane/road shldr,,,Nil,Sealed,Dry,Fine,Daylight,Nil,No traffic controls,100 km/h,Regional,81,Off left/rt bnd=>obj,803,Off right bend into obj,Left,Vehicle - Object,Light truck utility(from 2018),,1,1,0,0,0,12,December,Summer,Monday,14:00 - 15:59,Midday / afternoon,False,True,False,True
1366198,Fatal,Fatal,2024,2024,December,Monday,12:00 - 13:59,NEW ENGLAND,HWY,4000,North,WRIGHTS,RD,MURULLA,9.0,No,Not a school zone,2-way undivided,-31.833654,150.923955,Upper Hunter,Country non-urban,Rest of NSW - Rural,Curved,Painted double centre lines,,,Nil,Sealed,Dry,Fine,Daylight,Nil,No traffic controls,100 km/h,State,20,Head on,201,Opp - Head on,,Head-on,Large rigid,4 wheel drive / SUV,2,1,2,0,0,12,December,Summer,Monday,12:00 - 13:59,Midday / afternoon,False,True,False,True
1366204,Fatal,Fatal,2024,2024,December,Friday,10:00 - 11:59,NEW ENGLAND,HWY,400,South,BLACK MOUNTAIN,RD,GUYRA,9.0,No,Not a school zone,2-way undivided,-30.248248,151.670962,Armidale Regional,Country non-urban,Rest of NSW - Rural,Curved,Painted double centre lines,,Loose gravel shoulder,Nil,Sealed,Dry,Fine,Daylight,Nil,No traffic controls,100 km/h,State,20,Head on,201,Opp - Head on,,Head-on,Car (sedan/hatch),4 wheel drive / SUV,2,1,1,0,1,12,December,Summer,Friday,10:00 - 11:59,Midday / afternoon,False,True,False,True
1366205,Fatal,Fatal,2024,2024,December,Tuesday,22:00 - Midnight,NEW ENGLAND,HWY,3000,South,HEBDEN,RD,MUSWELLBROOK,9.0,No,Not a school zone,2-way undivided,-32.365943,150.963914,Muswellbrook,Country non-urban,Rest of NSW - Rural,Straight,,Previous crash,,Nil,Sealed,Dry,Fine,Darkness,Nil,No traffic controls,100 km/h,State,62,Accident,603,On path - Previous accident,,Other angle,Semi-trailer,Car (sedan/hatch),2,1,0,1,0,12,December,Summer,Tuesday,22:00 - Midnight,Evening / night,False,True,False,True
1366206,Fatal,Fatal,2024,2024,December,Sunday,08:00 - 09:59,KONRADS,RD,2,West,REDDALL,PDE,MOUNT WARRIGAL,,No,Not a school zone,Roundabout,-34.542385,150.847274,Shellharbour,Wollongong met. area,Syd-Newc-Woll Gtr conurbation,Straight,,,,Off,Sealed,Dry,Fine,Daylight,Nil,Give way sign,50 km/h,Local,0,Ped nearside,1,Ped - Near side,,Vehicle - Pedestrian,Pedal cycle,Pedestrian,2,1,1,0,0,12,December,Summer,Sunday,08:00 - 09:59,AM peak / school commute,True,True,False,True
1366207,Fatal,Fatal,2024,2024,December,Sunday,12:00 - 13:59,WILSON,RD,900,East,BEDWELL,PL,CONGARINNI NORTH,,No,Not a school zone,2-way undivided,-30.665449,152.887183,Nambucca Valley,Country non-urban,Rest of NSW - Rural,Curved,Embankment/cutting,,"Loose gravel, sealed",Nil,Sealed,Dry,Fine,Daylight,Nil,No traffic controls,90 km/h,Local,85,Off rt/lft bnd=>obj,804,Off left bend into obj,Right,Vehicle - Object,Motorcycle,,1,1,0,0,0,12,December,Summer,Sunday,12:00 - 13:59,Midday / afternoon,False,True,False,True
1366209,Fatal,Fatal,2024,2024,December,Sunday,18:00 - 19:59,BURLEY GRIFFIN,WAY,2000,East,BOUYEO,RD,GALONG,84.0,No,Not a school zone,2-way undivided,-34.629608,148.549533,Hilltops,Country non-urban,Rest of NSW - Rural,Straight,Steep grade,,,Nil,Sealed,Dry,Fine,Daylight,Nil,No traffic controls,100 km/h,State,20,Head on,201,Opp - Head on,,Head-on,Light truck utility(from 2018),4 wheel drive / SUV,3,1,0,0,1,12,December,Summer,Sunday,18:00 - 19:59,PM peak / evening commute,True,True,False,True
1366210,Fatal,Fatal,2024,2024,December,Thursday,16:00 - 17:59,MITCHELL,HWY,0,Right on the spot,NEWELL,HWY,DUBBO,7.0,No,Not a school zone,X-intersection,-32.248147,148.593232,Dubbo Regional,Country urban,Rest of NSW - Urban,Straight,,,,Off,Sealed,Wet,Raining,Daylight,On,Ped crossing,60 km/h,State,2,Ped far side,3,Ped - Far side,,Vehicle - Pedestrian,Car (sedan/hatch),Pedestrian,2,1,0,1,0,12,December,Summer,Thursday,16:00 - 17:59,PM peak / evening commute,True,True,False,True
1366211,Fatal,Fatal,2024,2024,December,Sunday,16:00 - 17:59,MANILLA,RD,830,North,BORAH,RD,RED HILL,63.0,No,Not a school zone,2-way undivided,-30.541047,150.608507,Tamworth Regional,Country non-urban,Rest of NSW - Rural,Curved,Painted double centre lines,,,Nil,Sealed,Unknown,Unknown,Daylight,Nil,No traffic controls,100 km/h,State,20,Head on,201,Opp - Head on,,Head-on,Light truck utility(from 2018),4 wheel drive / SUV,2,1,2,0,0,12,December,Summer,Sunday,16:00 - 17:59,PM peak / evening commute,True,True,False,True
1366212,Fatal,Fatal,2024,2024,December,Sunday,14:00 - 15:59,NEW ENGLAND,HWY,1300,South,PYES CREEK,RD,BOLIVIA,9.0,No,Not a school zone,2-way undivided,-29.317923,151.925222,Tenterfield,Country non-urban,Rest of NSW - Rural,Straight,Other bridge,,,Nil,Sealed,Dry,Fine,Daylight,Nil,No traffic controls,100 km/h,State,30,Rear end,301,Same - Rear end,,Rear end,Motorcycle,Light truck utility(from 2018),2,1,0,1,0,12,December,Summer,Sunday,14:00 - 15:59,Midday / afternoon,False,True,False,True
1366214,Fatal,Fatal,2024,2024,November,Thursday,12:00 - 13:59,MOWBRAY,RD,100,East,ROSLYN,ST,LANE COVE NORTH,2092.0,No,Not a school zone,2-way undivided,-33.807708,151.171984,Willoughby,Sydney metro. area,Syd-Newc-Woll Gtr conurbation,Curved,Painted double centre lines,,,Nil,Sealed,Wet,Raining,Daylight,Nil,No traffic controls,50 km/h,Regional,20,Head on,201,Opp - Head on,,Head-on,Car (sedan/hatch),Other bus,3,1,0,1,0,11,November,Spring,Thursday,12:00 - 13:59,Midday / afternoon,False,True,False,True
1366215,Fatal,Fatal,2024,2024,December,Thursday,14:00 - 15:59,M7 WESTLINK,EXP,165,East,SUNNYHOLT ROAD,TO,ACACIA GARDENS,6009.0,No,Not a school zone,Dual freeway,-33.73748,150.913753,Blacktown,Sydney metro. area,Syd-Newc-Woll Gtr conurbation,Straight,,,,Off,Sealed,Dry,Fine,Daylight,Nil,No traffic controls,100 km/h,State,71,Off rd left => obj,703,Left off cway into object,,Vehicle - Object,4 wheel drive / SUV,,2,1,1,1,0,12,December,Summer,Thursday,14:00 - 15:59,Midday / afternoon,False,True,False,True
1366216,Fatal,Fatal,2024,2024,December,Friday,06:00 - 07:59,TIZZANA,RD,115,East,COROMANDEL,RD,EBENEZER,,No,Not a school zone,2-way undivided,-33.53037,150.884977,Hawkesbury,Country urban,Syd-Newc-Woll Gtr conurbation,Curved,,,Loose gravel shoulder,Nil,Sealed,Dry,Fine,Dawn,Nil,No traffic controls,80 km/h,Local,81,Off left/rt bnd=>obj,803,Off right bend into obj,Left,Vehicle - Object,Car (sedan/hatch),,1,1,0,0,0,12,December,Summer,Friday,06:00 - 07:59,AM peak / school commute,True,True,False,True
1366217,Fatal,Fatal,2024,2024,November,Thursday,04:00 - 05:59,HIGHS,RD,320,South,CASTLE HILL,RD,WEST PENNANT HILLS,,No,Not a school zone,2-way undivided,-33.735146,151.025072,The Hills,Sydney metro. area,Syd-Newc-Woll Gtr conurbation,Curved,,,,Off,Sealed,Wet,Overcast,Dawn,Nil,No traffic controls,50 km/h,Local,87,Off lft/lft bnd=>obj,804,Off left bend into obj,Left,Vehicle - Object,Car (sedan/hatch),,1,1,0,0,0,11,November,Spring,Thursday,04:00 - 05:59,Late night / early morning,False,True,False,True
1366218,Fatal,Fatal,2024,2024,December,Saturday,14:00 - 15:59,LONG SWAMP,RD,100,South,INNISFREE,LANE,ARMIDALE,,No,Not a school zone,2-way undivided,-30.565835,151.706807,Armidale Regional,Country non-urban,Rest of NSW - Rural,Straight,Steep grade,,,Nil,Sealed,Dry,Fine,Daylight,Nil,No traffic controls,100 km/h,Local,20,Head on,201,Opp - Head on,,Head-on,Car (sedan/hatch),Pedal cycle,5,2,3,0,0,12,December,Summer,Saturday,14:00 - 15:59,Midday / afternoon,False,True,False,True
1366219,Fatal,Fatal,2024,2024,December,Sunday,10:00 - 11:59,CULGOORA,RD,0,Right on the spot,COTTEN SEED DISTRIBUTORS,ENT,WEE WAA,,No,Not a school zone,2-way undivided,-30.239156,149.461615,Narrabri,Country non-urban,Rest of NSW - Rural,Straight,Driveway/entrance,,,Nil,Sealed,Dry,Fine,Daylight,Nil,No traffic controls,100 km/h,Local,73,Off rd rght => obj,704,Right off cway into obj,,Vehicle - Object,Light truck utility(from 2018),,1,1,0,0,0,12,December,Summer,Sunday,10:00 - 11:59,Midday / afternoon,False,True,False,True
1366220,Fatal,Fatal,2024,2024,December,Sunday,02:00 - 03:59,NEWELL,HWY,950,South,GUNDONG,RD,TOMINGLEY,17.0,No,Not a school zone,2-way undivided,-32.550624,148.241038,Narromine,Country non-urban,Rest of NSW - Rural,Straight,,,,Nil,Sealed,Dry,Fine,Darkness,Nil,No traffic controls,110 km/h,State,20,Head on,201,Opp - Head on,,Head-on,B-double (road train prior 98),Light truck utility(from 2018),2,1,0,1,0,12,December,Summer,Sunday,02:00 - 03:59,Late night / early morning,False,True,False,True
1366221,Fatal,Fatal,2024,2024,December,Friday,22:00 - Midnight,HUME,HWY,5000,North,COLLECTOR,RD,CULLERIN,2.0,No,Not a school zone,Divided road,-34.812904,149.32261,Upper Lachlan,Country non-urban,Rest of NSW - Rural,Curved,B'down lane/road shldr,,,Nil,Sealed,Dry,Fine,Darkness,Nil,No traffic controls,110 km/h,State,62,Accident,603,On path - Previous accident,,Other angle,Semi-trailer,B-double (road train prior 98),2,1,0,0,0,12,December,Summer,Friday,22:00 - Midnight,Evening / night,False,True,False,True
1366222,Fatal,Fatal,2024,2024,December,Sunday,22:00 - Midnight,HENRY LAWSON,WAY,2000,South,WILCOX,RD,OOMA,236.0,No,Not a school zone,2-way undivided,-33.70625,148.07662,Forbes,Country non-urban,Rest of NSW - Rural,Straight,Ditch/drain/culvert,,,Nil,Sealed,Dry,Fine,Darkness,Nil,No traffic controls,100 km/h,Regional,73,Off rd rght => obj,704,Right off cway into obj,,Vehicle - Object,Light truck utility(from 2018),,1,2,0,0,0,12,December,Summer,Sunday,22:00 - Midnight,Evening / night,False,True,False,True
1366223,Fatal,Fatal,2024,2024,December,Tuesday,22:00 - Midnight,FOWLER,RD,0,Right on the spot,MCCREDIE,RD,GUILDFORD,7252.0,No,Not a school zone,T-junction,-33.851858,150.97187,Cumberland,Sydney metro. area,Syd-Newc-Woll Gtr conurbation,Straight,,Roadwks/Detour/Diverson,,On,Sealed,Wet,Raining,Darkness,Nil,Road/rail worker,50 km/h,Regional,21,Right through,202,Opp - Right-thru,,Other angle,Other bus,Motorcycle,2,1,1,1,0,12,December,Summer,Tuesday,22:00 - Midnight,Evening / night,False,True,False,True
1366224,Fatal,Fatal,2024,2024,December,Thursday,00:01 - 01:59,MAIN,RD,3,West,PARK,ST,EDGEWORTH,527.0,No,Not a school zone,T-junction,-32.923965,151.621187,Lake Macquarie,Newcastle met. area,Syd-Newc-Woll Gtr conurbation,Straight,,,,On,Sealed,Dry,Fine,Darkness,Nil,Stop sign,60 km/h,State,71,Off rd left => obj,703,Left off cway into object,,Vehicle - Object,Car (sedan/hatch),,1,1,1,0,0,12,December,Summer,Thursday,00:01 - 01:59,Late night / early morning,False,True,False,True
1366225,Fatal,Fatal,2024,2024,December,Friday,22:00 - Midnight,GREAT WESTERN,HWY,500,West,SINCLAIR,CRES,LEURA,5.0,No,Not a school zone,2-way undivided,-33.708288,150.345546,Blue Mountains,Country urban,Syd-Newc-Woll Gtr conurbation,Curved,Crest,,,Nil,Sealed,Dry,Fine,Darkness,Nil,No traffic controls,70 km/h,State,3,Ped on carriageway,4,Ped - On carriageway,,Vehicle - Pedestrian,Car (sedan/hatch),Pedestrian,2,1,0,1,0,12,December,Summer,Friday,22:00 - Midnight,Evening / night,False,True,False,True
1366226,Fatal,Fatal,2024,2024,December,Saturday,02:00 - 03:59,HUME,HWY,8700,North,LITTLE BILLABONG,RD,LITTLE BILLABONG,2.0,No,Not a school zone,Divided road,-35.5161,147.560059,Greater Hume,Country non-urban,Rest of NSW - Rural,Straight,Steep grade,,,Nil,Sealed,Dry,Fine,Darkness,Nil,No traffic controls,110 km/h,State,30,Rear end,301,Same - Rear end,,Rear end,Coach,Road train,2,1,4,19,8,12,December,Summer,Saturday,02:00 - 03:59,Late night / early morning,False,True,False,True
1366227,Fatal,Fatal,2024,2024,December,Saturday,20:00 - 21:59,GIINAGAY,WAY,150,East,OLD COAST,RD,NORTH MACKSVILLE,,No,Not a school zone,2-way undivided,-30.705217,152.942118,Nambucca Valley,Country urban,Rest of NSW - Urban,Straight,,,,Off,Sealed,Dry,Fine,Darkness,Nil,No traffic controls,80 km/h,Local,73,Off rd rght => obj,704,Right off cway into obj,,Vehicle - Object,4 wheel drive / SUV,,1,1,0,0,0,12,December,Summer,Saturday,20:00 - 21:59,Evening / night,False,True,False,True
1366228,Fatal,Fatal,2024,2024,December,Monday,16:00 - 17:59,SOUTH,TCE,50,East,WEST,TCE,BANKSTOWN,,No,Not a school zone,2-way undivided,-33.917881,151.037891,Canterbury-Bankstown,Sydney metro. area,Syd-Newc-Woll Gtr conurbation,Straight,,,,Nil,Sealed,Dry,Overcast,Daylight,Nil,No traffic controls,40 km/h,Local,2,Ped far side,3,Ped - Far side,,Vehicle - Pedestrian,Light truck utility(from 2018),Pedestrian,2,1,0,1,0,12,December,Summer,Monday,16:00 - 17:59,PM peak / evening commute,True,True,False,True
1366229,Fatal,Fatal,2024,2024,December,Wednesday,12:00 - 13:59,PACIFIC,HWY,1580,South,TAMARIND DRIVE,TO,TINTENBAR,10.0,No,Not a school zone,Divided road,-28.80473,153.527244,Ballina,Country non-urban,Rest of NSW - Rural,Straight,,,,Nil,Sealed,Wet,Raining,Daylight,Nil,No traffic controls,110 km/h,State,73,Off rd rght => obj,704,Right off cway into obj,,Vehicle - Object,4 wheel drive / SUV,,1,1,0,0,3,12,December,Summer,Wednesday,12:00 - 13:59,Midday / afternoon,False,True,False,True
1366230,Fatal,Fatal,2024,2024,December,Saturday,12:00 - 13:59,OXLEY,HWY,100,West,HENRY,ST,LONG FLAT,11.0,Yes,No,2-way undivided,-31.43727,152.487726,Port Macquarie-Hastings,Country urban,Rest of NSW - Urban,Curved,Painted double centre lines,,,Nil,Sealed,Dry,Fine,Daylight,Nil,No traffic controls,50 km/h,State,20,Head on,201,Opp - Head on,,Head-on,Motorcycle,4 wheel drive / SUV,2,1,0,1,0,12,December,Summer,Saturday,12:00 - 13:59,Midday / afternoon,False,True,False,True
1366231,Fatal,Fatal,2024,2024,December,Friday,04:00 - 05:59,COOLAMON,RD,300,South,FLOWERDALE,RD,DOWNSIDE,240.0,No,Not a school zone,2-way undivided,-34.963178,147.323288,Wagga Wagga,Country non-urban,Rest of NSW - Rural,Straight,,,,Nil,Sealed,Dry,Fine,Darkness,Nil,No traffic controls,100 km/h,Regional,71,Off rd left => obj,703,Left off cway into object,,Vehicle - Object,Light truck utility(from 2018),,1,1,0,0,0,12,December,Summer,Friday,04:00 - 05:59,Late night / early morning,False,True,False,True
1366232,Fatal,Fatal,2024,2024,December,Monday,12:00 - 13:59,GLOSSOP,ST,100,South,DEBRINCAT,AVE,NORTH ST MARYS,7167.0,No,Not a school zone,Divided road,-33.759154,150.781191,Penrith,Sydney metro. area,Syd-Newc-Woll Gtr conurbation,Curved,Steep grade,,,Off,Sealed,Dry,Fine,Daylight,Nil,No traffic controls,60 km/h,Regional,0,Ped nearside,1,Ped - Near side,,Vehicle - Pedestrian,Car (sedan/hatch),Pedestrian,2,1,0,1,0,12,December,Summer,Monday,12:00 - 13:59,Midday / afternoon,False,True,False,True
1366235,Fatal,Fatal,2024,2024,December,Sunday,08:00 - 09:59,KANAHOOKA,RD,0,Right on the spot,NUMBER 72,HN,KANAHOOKA,,No,Not a school zone,2-way undivided,-34.50047,150.823292,Wollongong,Wollongong met. area,Syd-Newc-Woll Gtr conurbation,Straight,Driveway/entrance,,,Off,Sealed,Dry,Fine,Daylight,Nil,No traffic controls,50 km/h,Local,47,Emerging from drive,406,Manov - Emerging from driveway,,Right angle,Car (sedan/hatch),Car (sedan/hatch),2,1,0,0,0,12,December,Summer,Sunday,08:00 - 09:59,AM peak / school commute,True,True,False,True
1366238,Fatal,Fatal,2024,2024,December,Saturday,06:00 - 07:59,NEWCASTLE,EXP,1860,South,MORGANS RD,OP,BAR POINT,6003.0,No,Not a school zone,Dual freeway,-33.478102,151.186272,Central Coast,Country non-urban,Syd-Newc-Woll Gtr conurbation,Straight,Steep grade,,,Nil,Sealed,Dry,Fine,Daylight,Nil,No traffic controls,110 km/h,State,35,Lane change left,307,Same - Lane change left,,Other angle,Semi-trailer,Car (sedan/hatch),2,1,2,1,0,12,December,Summer,Saturday,06:00 - 07:59,AM peak / school commute,True,True,False,True