crash_id,degree_of_crash,degree_of_crash_-_detailed,reporting_year,year_of_crash,month_of_crash,day_of_week_of_crash,two-hour_intervals,street_of_crash,street_type,distance,direction,identifying_feature,identifying_feature_type,town,route_no.,school_zone_location,school_zone_active,type_of_location,latitude,longitude,lga,urbanisation,conurbation_1,alignment,primary_permanent_feature,primary_temporary_feature,primary_hazardous_feature,street_lighting,road_surface,surface_condition,weather,natural_lighting,signals_operation,other_traffic_control,speed_limit,road_classification_(admin),rum_-_code,rum_-_description,dca_-_code,dca_-_description,dca_supplement,first_impact_type,key_tu_type,other_tu_type,no._of_traffic_units_involved,no._killed,no._seriously_injured,no._moderately_injured,no._minor-other_injured,month_num,month_label,season,day_label,time_label,time_band,is_peak_commute,is_fatal,is_injury,is_casualty
1366357,Fatal,Fatal,2024,2024,October,Sunday,22:00 - Midnight,HOMEBUSH,RD,0,Right on the spot,ALBERT,RD,STRATHFIELD,7047.0,No,Not a school zone,Roundabout,-33.87226,151.087173,Strathfield,Sydney metro. area,Syd-Newc-Woll Gtr conurbation,Curved,,,,On,Sealed,Dry,Fine,Darkness,Nil,Give way sign,50 km/h,Regional,88,Out of cont on bend,805,Out of control on bend,,Rollover,Motorcycle,,1,1,0,0,0,10,October,Spring,Sunday,22:00 - Midnight,Evening / night,False,True,False,True
1340261,Injury,Moderate Injury,2024,2024,January,Monday,16:00 - 17:59,BEAUCHAMP,RD,10,East,PERONNE,WAY,MATRAVILLE,7340.0,No,Not a school zone,T-junction,-33.953048,151.23971,Randwick,Sydney metro. area,Syd-Newc-Woll Gtr conurbation,Straight,,,,Nil,Sealed,Dry,Fine,Daylight,Nil,No traffic controls,50 km/h,Regional,71,Off rd left => obj,703,Left off cway into object,,Other angle,Car (sedan/hatch),Light truck,3,0,0,1,0,1,January,Summer,Monday,16:00 - 17:59,PM peak / evening commute,True,False,True,True
1340263,Injury,Serious Injury,2024,2024,January,Wednesday,16:00 - 17:59,PACIFIC,HWY,5300,South,FRASER,RD,COWAN,10.0,No,Not a school zone,2-way undivided,-33.559577,151.191614,Hornsby,Sydney metro. area,Syd-Newc-Woll Gtr conurbation,Curved,,,,Unknown / not stated,Sealed,Wet,Overcast,Daylight,Nil,No traffic controls,80 km/h,State,81,Off left/rt bnd=>obj,803,Off right bend into obj,Left,Vehicle - Object,Motorcycle,,1,0,1,0,0,1,January,Summer,Wednesday,16:00 - 17:59,PM peak / evening commute,True,False,True,True
1340276,Injury,Moderate Injury,2024,2024,January,Tuesday,14:00 - 15:59,POWDER WORKS RD,RD,103,East,WATTLE,RD,INGLESIDE,7352.0,No,Not a school zone,2-way undivided,-33.687156,151.268723,Northern Beaches,Sydney metro. area,Syd-Newc-Woll Gtr conurbation,Curved,,,,Unknown / not stated,Sealed,Dry,Fine,Daylight,Nil,No traffic controls,60 km/h,Regional,86,Off left/left bend,802,Off cway left bend,Left,Rollover,Light truck,,1,0,0,1,0,1,January,Summer,Tuesday,14:00 - 15:59,Midday / afternoon,False,False,True,True
1340277,Injury,Minor/Other Injury,2024,2024,January,Monday,12:00 - 13:59,ELLIOTT,WAY,30,East,TUMUT RIVER,BDGE,CABRAMURRA,,No,Not a school zone,2-way undivided,-35.875937,148.368297,Snowy Valleys,Country urban,Rest of NSW - Urban,Curved,Embankment/cutting,,,Unknown / not stated,Sealed,Dry,Fine,Daylight,Nil,No traffic controls,80 km/h,Local,81,Off left/rt bnd=>obj,803,Off right bend into obj,Left,Vehicle - Object,Light truck utility(from 2018),,1,0,0,0,1,1,January,Summer,Monday,12:00 - 13:59,Midday / afternoon,False,False,True,True
1340306,Injury,Moderate Injury,2024,2024,January,Monday,10:00 - 11:59,GLENHAVEN,RD,20,East,GREEN,RD,KELLYVILLE,7142.0,No,Not a school zone,2-way undivided,-33.696616,150.968775,The Hills,Sydney metro. area,Syd-Newc-Woll Gtr conurbation,Straight,Ditch/drain/culvert,,,Unknown / not stated,Sealed,Wet,Overcast,Daylight,Nil,No traffic controls,60 km/h,Regional,71,Off rd left => obj,703,Left off cway into object,,Vehicle - Object,Car (sedan/hatch),,1,0,0,1,0,1,January,Summer,Monday,10:00 - 11:59,Midday / afternoon,False,False,True,True
1340340,Injury,Moderate Injury,2024,2024,January,Monday,16:00 - 17:59,MEMORIAL,DR,80,South,FENTON,AVE,BAR BEACH,7777.0,No,Not a school zone,2-way undivided,-32.937963,151.772771,Newcastle,Newcastle met. area,Syd-Newc-Woll Gtr conurbation,Curved,Steep grade,,,Unknown / not stated,Sealed,Dry,Fine,Daylight,Nil,No traffic controls,50 km/h,Regional,30,Rear end,301,Same - Rear end,,Rear end,Car (sedan/hatch),Car (sedan/hatch),2,0,0,1,0,1,January,Summer,Monday,16:00 - 17:59,PM peak / evening commute,True,False,True,True
1340407,Injury,Moderate Injury,2024,2024,January,Tuesday,16:00 - 17:59,FOSSICKERS,WAY,900,North,BORAH,RD,RED HILL,63.0,No,Not a school zone,2-way undivided,-30.54048,150.608193,Tamworth Regional,Country non-urban,Rest of NSW - Rural,Curved,Steep grade,,,Nil,Sealed,Dry,Fine,Daylight,Nil,No traffic controls,100 km/h,State,81,Off left/rt bnd=>obj,803,Off right bend into obj,Left,Vehicle - Object,Light truck utility(from 2018),,1,0,0,1,0,1,January,Summer,Tuesday,16:00 - 17:59,PM peak / evening commute,True,False,True,True
1340492,Injury,Moderate Injury,2024,2024,January,Tuesday,14:00 - 15:59,HILL END,RD,1000,West,CASTLEREAGH,HWY,CAERLEON,216.0,No,Not a school zone,2-way undivided,-32.569448,149.549165,Mid-Western Regional,Country non-urban,Rest of NSW - Rural,Curved,Embankment/cutting,,,Nil,Sealed,Dry,Fine,Daylight,Nil,No traffic controls,100 km/h,Regional,82,Off right/right bend,801,Off cway right bend,Right,Rollover,4 wheel drive / SUV,,1,0,0,3,0,1,January,Summer,Tuesday,14:00 - 15:59,Midday / afternoon,False,False,True,True
1340493,Injury,Serious Injury,2024,2024,January,Monday,16:00 - 17:59,GREGORY,ST,0,Right on the spot,BUCHANAN,DR,SOUTH WEST ROCKS,460.0,No,Not a school zone,T-junction,-30.88834,153.038814,Kempsey,Country urban,Rest of NSW - Urban,Straight,,,,Nil,Sealed,Dry,Fine,Daylight,Nil,No traffic controls,50 km/h,Regional,16,Left near,107,Adj - Left-thru from right,,Right angle,Car (sedan/hatch),4 wheel drive / SUV,2,0,1,0,0,1,January,Summer,Monday,16:00 - 17:59,PM peak / evening commute,True,False,True,True
1340498,Injury,Serious Injury,2024,2024,January,Wednesday,20:00 - 21:59,BOORAL,RD,800,East,BROOKS,RD,GIRVAN,,No,Not a school zone,2-way undivided,-32.475067,152.050124,Mid-Coast,Country non-urban,Rest of NSW - Rural,Curved,,,,Nil,Sealed,Dry,Fine,Darkness,Nil,No traffic controls,100 km/h,Local,67,Struck animal,609,On path - Hit animal,,Vehicle - Animal,Motorcycle,,1,0,1,1,0,1,January,Summer,Wednesday,20:00 - 21:59,Evening / night,False,False,True,True
1340517,Injury,Moderate Injury,2024,2024,January,Wednesday,10:00 - 11:59,YAMBA,RD,400,East,SCHOOL,RD,PALMERS ISLAND,152.0,No,Not a school zone,2-way undivided,-29.420819,153.29267,Clarence Valley,Country non-urban,Rest of NSW - Rural,Straight,,,,Nil,Sealed,Dry,Fine,Daylight,Nil,No traffic controls,90 km/h,Regional,40,U turn,304,Same - U-turn,,Other angle,Car (sedan/hatch),Car (sedan/hatch),2,0,0,1,0,1,January,Summer,Wednesday,10:00 - 11:59,Midday / afternoon,False,False,True,True
1340553,Injury,Moderate Injury,2024,2024,January,Wednesday,16:00 - 17:59,CAVENDISH,ST,10,North,ALBION,ST,PENNANT HILLS,,No,Not a school zone,T-junction,-33.736956,151.077626,Hornsby,Sydney metro. area,Syd-Newc-Woll Gtr conurbation,Straight,,,,Off,Sealed,Dry,Overcast,Daylight,Nil,No traffic controls,50 km/h,Local,12,Left far,103,Adj - Left-thru from left,,Right angle,Car (sedan/hatch),4 wheel drive / SUV,2,0,0,1,0,1,January,Summer,Wednesday,16:00 - 17:59,PM peak / evening commute,True,False,True,True
1340779,Injury,Moderate Injury,2024,2024,January,Monday,16:00 - 17:59,BUCKETTS,WAY,2600,West,DAYS,RD,BELBORA,90.0,No,Not a school zone,2-way undivided,-32.004593,152.119051,Mid-Coast,Country non-urban,Rest of NSW - Rural,Straight,Steep grade,,,Unknown / not stated,Sealed,Dry,Fine,Dusk,Nil,No traffic controls,90 km/h,Regional,71,Off rd left => obj,703,Left off cway into object,,Vehicle - Object,Station wagon,,1,0,0,1,0,1,January,Summer,Monday,16:00 - 17:59,PM peak / evening commute,True,False,True,True
1340780,Injury,Moderate Injury,2024,2024,January,Monday,18:00 - 19:59,HAY,ST,0,Right on the spot,RAVENSHAW,ST,GLOUCESTER,,Yes,No,X-intersection,-32.014419,151.961601,Mid-Coast,Country urban,Rest of NSW - Urban,Straight,,,,Unknown / not stated,Sealed,Dry,Fine,Daylight,Nil,Give way sign,50 km/h,Local,71,Off rd left => obj,703,Left off cway into object,,Vehicle - Object,4 wheel drive / SUV,,1,0,0,1,0,1,January,Summer,Monday,18:00 - 19:59,PM peak / evening commute,True,False,True,True
1340814,Injury,Serious Injury,2024,2024,January,Wednesday,18:00 - 19:59,KNOX,RD,0,Right on the spot,POWER,ST,DOONSIDE,7153.0,No,Not a school zone,X-intersection,-33.755345,150.864661,Blacktown,Sydney metro. area,Syd-Newc-Woll Gtr conurbation,Straight,,,,Unknown / not stated,Sealed,Dry,Fine,Dusk,On,No traffic controls,60 km/h,Regional,30,Rear end,301,Same - Rear end,,Rear end,4 wheel drive / SUV,4 wheel drive / SUV,2,0,1,0,0,1,January,Summer,Wednesday,18:00 - 19:59,PM peak / evening commute,True,False,True,True
1340815,Injury,Moderate Injury,2024,2024,January,Wednesday,06:00 - 07:59,MACLEAY VALLEY,WAY,0,Right on the spot,NUMBER 1137,HN,SOUTH KEMPSEY,,No,Not a school zone,2-way undivided,-31.125492,152.827193,Kempsey,Country urban,Rest of NSW - Urban,Straight,,,,Unknown / not stated,Sealed,Dry,Fine,Dawn,Nil,No traffic controls,80 km/h,Local,30,Rear end,301,Same - Rear end,,Rear end,Large rigid,Light truck utility(from 2018),2,0,0,1,0,1,January,Summer,Wednesday,06:00 - 07:59,AM peak / school commute,True,False,True,True
1340819,Injury,Moderate Injury,2024,2024,January,Wednesday,22:00 - Midnight,HOXTON PARK,RD,0,Right on the spot,TWAY,WAY,HINCHINBROOK,681.0,No,Not a school zone,T-junction,-33.927024,150.871073,Liverpool,Sydney metro. area,Syd-Newc-Woll Gtr conurbation,Straight,,,,Unknown / not stated,Sealed,Dry,Fine,Darkness,On,No traffic controls,70 km/h,State,33,Lane sideswipe,305,Same - Lane side swipe,,Other angle,Light truck,Car (sedan/hatch),2,0,0,1,0,1,January,Summer,Wednesday,22:00 - Midnight,Evening / night,False,False,True,True
1340830,Injury,Moderate Injury,2024,2024,January,Thursday,22:00 - Midnight,PRINCES,HWY,0,Right on the spot,MANGERTON,RD,WOLLONGONG,1.0,No,Not a school zone,T-junction,-34.426022,150.87776,Wollongong,Wollongong met. area,Syd-Newc-Woll Gtr conurbation,Straight,Driveway/entrance,,,Unknown / not stated,Sealed,Dry,Fine,Darkness,On,No traffic controls,60 km/h,State,47,Emerging from drive,406,Manov - Emerging from driveway,,Right angle,Light truck utility(from 2018),Car (sedan/hatch),2,0,0,1,0,1,January,Summer,Thursday,22:00 - Midnight,Evening / night,False,False,True,True
1340839,Injury,Minor/Other Injury,2024,2024,January,Tuesday,18:00 - 19:59,GILBA,RD,0,Right on the spot,TARGO,RD,GIRRAWEEN,,No,Not a school zone,X-intersection,-33.80152,150.951136,Cumberland,Sydney metro. area,Syd-Newc-Woll Gtr conurbation,Straight,,,,Unknown / not stated,Sealed,Dry,Fine,Dusk,On,No traffic controls,50 km/h,Local,11,Right far,102,Adj - Right-thru from left,,Right angle,Passenger van,Car (sedan/hatch),2,0,0,0,1,1,January,Summer,Tuesday,18:00 - 19:59,PM peak / evening commute,True,False,True,True
1340843,Injury,Serious Injury,2024,2024,January,Friday,16:00 - 17:59,GOOCHS,RD,0,Right on the spot,KNOB,RD,CRAWFORD RIVER,,No,Not a school zone,X-intersection,-32.378385,152.124846,Mid-Coast,Country non-urban,Rest of NSW - Rural,Curved,,,,Unknown / not stated,Unsealed,Dry,Overcast,Daylight,Nil,No traffic controls,100 km/h,Local,88,Out of cont on bend,805,Out of control on bend,,Rollover,Motorcycle,,1,0,1,0,0,1,January,Summer,Friday,16:00 - 17:59,PM peak / evening commute,True,False,True,True
1340849,Injury,Moderate Injury,2024,2024,January,Monday,12:00 - 13:59,CAMPBELL,ST,0,Right on the spot,MARSDEN,ST,PARRAMATTA,,No,Not a school zone,X-intersection,-33.818371,151.000545,Parramatta,Sydney metro. area,Syd-Newc-Woll Gtr conurbation,Straight,,,,Unknown / not stated,Sealed,Dry,Fine,Daylight,On,No traffic controls,40 km/h,Local,30,Rear end,301,Same - Rear end,,Rear end,Car (sedan/hatch),Car (sedan/hatch),2,0,0,1,0,1,January,Summer,Monday,12:00 - 13:59,Midday / afternoon,False,False,True,True
1340850,Injury,Serious Injury,2024,2024,January,Tuesday,22:00 - Midnight,HUME,HWY,7500,North,LITTLE BILLABONG REST AREA,OT,LITTLE BILLABONG,2.0,No,Not a school zone,Divided road,-35.540303,147.54133,Greater Hume,Country non-urban,Rest of NSW - Rural,Curved,Ditch/drain/culvert,,,Nil,Sealed,Wet,Raining,Darkness,Nil,No traffic controls,110 km/h,State,82,Off right/right bend,801,Off cway right bend,Right,Rollover,Station wagon,,1,0,2,0,0,1,January,Summer,Tuesday,22:00 - Midnight,Evening / night,False,False,True,True
1340854,Injury,Moderate Injury,2024,2024,January,Monday,08:00 - 09:59,CAHILL,EXP,0,Right on the spot,MACQUARIE,ST,SYDNEY,592.0,No,Not a school zone,X-intersection,-33.863272,151.212887,Sydney,Sydney metro. area,Syd-Newc-Woll Gtr conurbation,Straight,,,,Unknown / not stated,Sealed,Dry,Overcast,Daylight,On,No traffic controls,40 km/h,State,21,Right through,202,Opp - Right-thru,,Other angle,Car (sedan/hatch),Car (sedan/hatch),2,0,0,1,0,1,January,Summer,Monday,08:00 - 09:59,AM peak / school commute,True,False,True,True
1340855,Injury,Moderate Injury,2024,2024,January,Saturday,08:00 - 09:59,DELL,RD,20,East,MERINEE,RD,WEST GOSFORD,,No,Not a school zone,2-way undivided,-33.412873,151.325768,Central Coast,Country urban,Syd-Newc-Woll Gtr conurbation,Straight,,,,Unknown / not stated,Sealed,Dry,Fine,Daylight,Nil,No traffic controls,50 km/h,Local,74,On road-out of cont.,705,Out of control on cway,,Rollover,Motorcycle,,1,0,0,1,0,1,January,Summer,Saturday,08:00 - 09:59,AM peak / school commute,True,False,True,True
1340870,Injury,Moderate Injury,2024,2024,January,Monday,14:00 - 15:59,FREDERICK,ST,0,Right on the spot,MAIN,RD,GLENDALE,527.0,No,Not a school zone,X-intersection,-32.927098,151.636879,Lake Macquarie,Newcastle met. area,Syd-Newc-Woll Gtr conurbation,Straight,,,,Unknown / not stated,Sealed,Dry,Fine,Daylight,On,No traffic controls,50 km/h,State,30,Rear end,301,Same - Rear end,,Rear end,Car (sedan/hatch),4 wheel drive / SUV,3,0,0,1,0,1,January,Summer,Monday,14:00 - 15:59,Midday / afternoon,False,False,True,True
1340874,Injury,Moderate Injury,2024,2024,January,Monday,14:00 - 15:59,ELIZABETH,DR,0,Right on the spot,NUMBER 159,HN,LIVERPOOL,535.0,Yes,No,Divided road,-33.917153,150.912085,Liverpool,Sydney metro. area,Syd-Newc-Woll Gtr conurbation,Straight,Driveway/entrance,,,Unknown / not stated,Sealed,Wet,Raining,Daylight,Nil,No traffic controls,70 km/h,State,31,Left rear,302,Same - Rear left,,Rear end,Car (sedan/hatch),Large rigid,2,0,0,1,0,1,January,Summer,Monday,14:00 - 15:59,Midday / afternoon,False,False,True,True
1340878,Injury,Moderate Injury,2024,2024,January,Sunday,18:00 - 19:59,CITY WEST LINK,RD,0,Right on the spot,CATHERINE,ST,LILYFIELD,650.0,No,Not a school zone,X-intersection,-33.874317,151.164686,Inner West,Sydney metro. area,Syd-Newc-Woll Gtr conurbation,Straight,,,,Unknown / not stated,Sealed,Dry,Fine,Dusk,On,No traffic controls,70 km/h,State,10,Cross traffic,101,Adj - Cross traffic,,Right angle,Car (sedan/hatch),Car (sedan/hatch),2,0,0,1,0,1,January,Summer,Sunday,18:00 - 19:59,PM peak / evening commute,True,False,True,True
1340883,Injury,Moderate Injury,2024,2024,January,Friday,10:00 - 11:59,SOUTHERN,EXP,1000,South,UNIVERSITY AVENUE,TO,GWYNNEVILLE,6006.0,No,Not a school zone,Dual freeway,-34.416371,150.879219,Wollongong,Wollongong met. area,Syd-Newc-Woll Gtr conurbation,Straight,,,,Unknown / not stated,Sealed,Dry,Fine,Daylight,Nil,No traffic controls,90 km/h,State,30,Rear end,301,Same - Rear end,,Rear end,Car (sedan/hatch),4 wheel drive / SUV,2,0,0,1,0,1,January,Summer,Friday,10:00 - 11:59,Midday / afternoon,False,False,True,True
1340891,Injury,Moderate Injury,2024,2024,January,Friday,16:00 - 17:59,ANZAC,PDE,0,Right on the spot,DACEY,AVE,MOORE PARK,171.0,No,Not a school zone,X-intersection,-33.901432,151.222558,Sydney,Sydney metro. area,Syd-Newc-Woll Gtr conurbation,Straight,,,,Unknown / not stated,Sealed,Dry,Fine,Daylight,On,No traffic controls,60 km/h,State,85,Off rt/lft bnd=>obj,706,Left turn,Right,Vehicle - Object,Motorcycle,,1,0,0,1,0,1,January,Summer,Friday,16:00 - 17:59,PM peak / evening commute,True,False,True,True
1340912,Injury,Minor/Other Injury,2024,2024,January,Saturday,08:00 - 09:59,PACIFIC,HWY,0,Right on the spot,IDA STREET,TO,CHARLESTOWN,10.0,No,Not a school zone,Divided road,-32.961094,151.697387,Lake Macquarie,Newcastle met. area,Syd-Newc-Woll Gtr conurbation,Curved,,,,Unknown / not stated,Sealed,Dry,Fine,Daylight,Nil,No traffic controls,60 km/h,State,34,Lane change right,306,Same - Lane change right,,Other angle,Car (sedan/hatch),Light truck utility(from 2018),2,0,0,0,1,1,January,Summer,Saturday,08:00 - 09:59,AM peak / school commute,True,False,True,True
1340913,Injury,Minor/Other Injury,2024,2024,January,Tuesday,08:00 - 09:59,JAMES RUSE,DR,0,Right on the spot,HASSALL,ST,ROSEHILL,309.0,No,Not a school zone,X-intersection,-33.819304,151.021981,Parramatta,Sydney metro. area,Syd-Newc-Woll Gtr conurbation,Straight,,,,Unknown / not stated,Sealed,Dry,Fine,Daylight,On,No traffic controls,70 km/h,State,30,Rear end,301,Same - Rear end,,Rear end,4 wheel drive / SUV,Car (sedan/hatch),2,0,0,0,2,1,January,Summer,Tuesday,08:00 - 09:59,AM peak / school commute,True,False,True,True
1340915,Injury,Minor/Other Injury,2024,2024,January,Friday,10:00 - 11:59,GADIGAL,AVE,80,South,POTTER,ST,WATERLOO,,No,Not a school zone,2-way undivided,-33.90017,151.213235,Sydney,Sydney metro. area,Syd-Newc-Woll Gtr conurbation,Straight,,,,Unknown / not stated,Sealed,Dry,Fine,Daylight,Nil,No traffic controls,40 km/h,Local,30,Rear end,301,Same - Rear end,,Rear end,4 wheel drive / SUV,4 wheel drive / SUV,2,0,0,0,1,1,January,Summer,Friday,10:00 - 11:59,Midday / afternoon,False,False,True,True
1340922,Injury,Moderate Injury,2024,2024,January,Wednesday,10:00 - 11:59,CUMBERLAND,HWY,0,Right on the spot,NUMBER 20,HN,LIVERPOOL,13.0,No,Not a school zone,Divided road,-33.908638,150.918682,Liverpool,Sydney metro. area,Syd-Newc-Woll Gtr conurbation,Curved,,,,Unknown / not stated,Sealed,Wet,Fine,Daylight,Nil,No traffic controls,50 km/h,State,30,Rear end,301,Same - Rear end,,Rear end,Car (sedan/hatch),Car (sedan/hatch),2,0,0,1,0,1,January,Summer,Wednesday,10:00 - 11:59,Midday / afternoon,False,False,True,True
1340925,Injury,Minor/Other Injury,2024,2024,January,Wednesday,12:00 - 13:59,UNIVERSITY,RD,0,Right on the spot,NUMBER 18,HN,MIRANDA,,No,Not a school zone,2-way undivided,-34.035088,151.095787,Sutherland,Sydney metro. area,Syd-Newc-Woll Gtr conurbation,Straight,Driveway/entrance,,,Unknown / not stated,Sealed,Dry,Fine,Daylight,Nil,No traffic controls,50 km/h,Local,47,Emerging from drive,406,Manov - Emerging from driveway,,Right angle,4 wheel drive / SUV,4 wheel drive / SUV,2,0,0,0,1,1,January,Summer,Wednesday,12:00 - 13:59,Midday / afternoon,False,False,True,True
1340928,Injury,Moderate Injury,2024,2024,January,Monday,18:00 - 19:59,OLD PITT TOWN,RD,0,Right on the spot,OLD STOCK ROUTE,RD,PITT TOWN,,No,Not a school zone,X-intersection,-33.591826,150.87454,Hawkesbury,Country urban,Syd-Newc-Woll Gtr conurbation,Curved,,,,Unknown / not stated,Sealed,Wet,Overcast,Unknown,Nil,Give way sign,70 km/h,Local,10,Cross traffic,101,Adj - Cross traffic,,Right angle,Car (sedan/hatch),4 wheel drive / SUV,2,0,0,1,0,1,January,Summer,Monday,18:00 - 19:59,PM peak / evening commute,True,False,True,True
1340935,Injury,Moderate Injury,2024,2024,January,Wednesday,06:00 - 07:59,GREAT WESTERN,HWY,0,Right on the spot,WOODVILLE,RD,HOLROYD,5.0,No,Not a school zone,X-intersection,-33.827598,151.004833,Parramatta,Sydney metro. area,Syd-Newc-Woll Gtr conurbation,Straight,,,,Unknown / not stated,Sealed,Dry,Fine,Dawn,On,No traffic controls,60 km/h,State,30,Rear end,301,Same - Rear end,,Rear end,Light truck utility(from 2018),4 wheel drive / SUV,3,0,0,1,0,1,January,Summer,Wednesday,06:00 - 07:59,AM peak / school commute,True,False,True,True
1340939,Injury,Moderate Injury,2024,2024,January,Tuesday,12:00 - 13:59,NEW ENGLAND,HWY,100,North,ALPHA,ST,CAMBERWELL,9.0,No,Not a school zone,Divided road,-32.475912,151.087758,Singleton,Country non-urban,Rest of NSW - Rural,Curved,,,,Nil,Sealed,Dry,Fine,Daylight,Nil,No traffic controls,100 km/h,State,87,Off lft/lft bnd=>obj,804,Off left bend into obj,Left,Vehicle - Object,Car (sedan/hatch),,1,0,0,1,0,1,January,Summer,Tuesday,12:00 - 13:59,Midday / afternoon,False,False,True,True
1340942,Injury,Serious Injury,2024,2024,January,Tuesday,16:00 - 17:59,PACIFIC,HWY,500,South,RUTTLEYS,RD,DOYALSON,10.0,No,Not a school zone,Divided road,-33.186974,151.53221,Central Coast,Country urban,Syd-Newc-Woll Gtr conurbation,Curved,,,,Nil,Sealed,Dry,Fine,Daylight,Nil,No traffic controls,80 km/h,State,81,Off left/rt bnd=>obj,803,Off right bend into obj,Left,Vehicle - Object,Car (sedan/hatch),,1,0,1,0,0,1,January,Summer,Tuesday,16:00 - 17:59,PM peak / evening commute,True,False,True,True
1340960,Injury,Moderate Injury,2024,2024,January,Wednesday,04:00 - 05:59,LIONS,DR,50,East,ROBERTSON,RD,MUDGEE,,No,Not a school zone,2-way undivided,-32.613139,149.591356,Mid-Western Regional,Country urban,Rest of NSW - Urban,Straight,,,,On,Sealed,Dry,Fine,Dawn,Nil,No traffic controls,50 km/h,Local,73,Off rd rght => obj,704,Right off cway into obj,,Other angle,4 wheel drive / SUV,Station wagon,3,0,0,1,0,1,January,Summer,Wednesday,04:00 - 05:59,Late night / early morning,False,False,True,True
1340963,Injury,Minor/Other Injury,2024,2024,January,Monday,08:00 - 09:59,VICTORIA,RD,0,Right on the spot,SILVERWATER ROAD,TO,ERMINGTON,165.0,No,Not a school zone,Divided road,-33.814048,151.054024,Parramatta,Sydney metro. area,Syd-Newc-Woll Gtr conurbation,Straight,,,,Nil,Sealed,Dry,Fine,Daylight,Nil,No traffic controls,70 km/h,State,30,Rear end,301,Same - Rear end,,Rear end,4 wheel drive / SUV,Car (sedan/hatch),2,0,0,0,1,1,January,Summer,Monday,08:00 - 09:59,AM peak / school commute,True,False,True,True
1340999,Injury,Serious Injury,2024,2024,January,Wednesday,10:00 - 11:59,NEWCASTLE,RD,0,Right on the spot,NEWCASTLE INNER CITY,BYPA,JESMOND,82.0,No,Not a school zone,Roundabout,-32.905713,151.692269,Newcastle,Newcastle met. area,Syd-Newc-Woll Gtr conurbation,Curved,,,,Off,Sealed,Dry,Fine,Daylight,On,No traffic controls,60 km/h,State,30,Rear end,301,Same - Rear end,,Rear end,Motorcycle,4 wheel drive / SUV,2,0,1,0,0,1,January,Summer,Wednesday,10:00 - 11:59,Midday / afternoon,False,False,True,True
1341009,Injury,Moderate Injury,2024,2024,January,Monday,22:00 - Midnight,CENTRAL COAST,HWY,0,Right on the spot,WOODLAND,PKWY,BUDGEWOI,30.0,No,Not a school zone,T-junction,-33.232096,151.547505,Central Coast,Country urban,Syd-Newc-Woll Gtr conurbation,Straight,,,,Unknown / not stated,Sealed,Wet,Raining,Darkness,Nil,No traffic controls,60 km/h,State,72,Off road to right,702,Off carriageway to right,,Rollover,Light truck utility(from 2018),,1,0,0,1,0,1,January,Summer,Monday,22:00 - Midnight,Evening / night,False,False,True,True
1341014,Injury,Serious Injury,2024,2024,January,Tuesday,04:00 - 05:59,COWPASTURE,RD,0,Right on the spot,HOXTON PARK,RD,HINCHINBROOK,648.0,No,Not a school zone,X-intersection,-33.924449,150.848555,Liverpool,Sydney metro. area,Syd-Newc-Woll Gtr conurbation,Straight,,,,Off,Sealed,Dry,Fine,Dawn,On,No traffic controls,70 km/h,State,30,Rear end,301,Same - Rear end,,Rear end,4 wheel drive / SUV,Car (sedan/hatch),2,0,1,1,0,1,January,Summer,Tuesday,04:00 - 05:59,Late night / early morning,False,False,True,True
1341020,Injury,Moderate Injury,2024,2024,January,Wednesday,06:00 - 07:59,MACDONALD,DR,0,Right on the spot,NUMBER 36,HN,ARMIDALE,,No,Not a school zone,2-way undivided,-30.509741,151.68478,Armidale Regional,Country urban,Rest of NSW - Urban,Curved,,,,Nil,Sealed,Dry,Fog or mist,Dawn,Nil,No traffic controls,50 km/h,Local,83,Off rt/rt bnd=>obj,803,Off right bend into obj,Right,Other angle,Pedal cycle,Light truck,2,0,0,1,0,1,January,Summer,Wednesday,06:00 - 07:59,AM peak / school commute,True,False,True,True
1341042,Injury,Moderate Injury,2024,2024,January,Tuesday,18:00 - 19:59,BYLONG VALLEY,WAY,4600,West,NEVELLS,RD,ILFORD,215.0,No,Not a school zone,2-way undivided,-32.934887,149.897902,Mid-Western Regional,Country non-urban,Rest of NSW - Rural,Curved,Embankment/cutting,,,Nil,Sealed,Wet,Raining,Daylight,Nil,No traffic controls,90 km/h,Regional,81,Off left/rt bnd=>obj,803,Off right bend into obj,Left,Vehicle - Object,4 wheel drive / SUV,,1,0,0,1,0,1,January,Summer,Tuesday,18:00 - 19:59,PM peak / evening commute,True,False,True,True
1341050,Injury,Moderate Injury,2024,2024,January,Monday,12:00 - 13:59,NARELLAN,RD,0,Right on the spot,HUME,HWY,CAMPBELLTOWN,178.0,No,Not a school zone,T-junction,-34.062997,150.78687,Campbelltown,Sydney metro. area,Syd-Newc-Woll Gtr conurbation,Curved,,,,Off,Sealed,Wet,Raining,Daylight,On,No traffic controls,80 km/h,State,36,Right turn sideswipe,308,Same - Rgt turn side swipe,,Other angle,Station wagon,Semi-trailer,2,0,0,1,0,1,January,Summer,Monday,12:00 - 13:59,Midday / afternoon,False,False,True,True