crash_id,degree_of_crash,degree_of_crash_-_detailed,reporting_year,year_of_crash,month_of_crash,day_of_week_of_crash,two-hour_intervals,street_of_crash,street_type,distance,direction,identifying_feature,identifying_feature_type,town,route_no.,school_zone_location,school_zone_active,type_of_location,latitude,longitude,lga,urbanisation,conurbation_1,alignment,primary_permanent_feature,primary_temporary_feature,primary_hazardous_feature,street_lighting,road_surface,surface_condition,weather,natural_lighting,signals_operation,other_traffic_control,speed_limit,road_classification_(admin),rum_-_code,rum_-_description,dca_-_code,dca_-_description,dca_supplement,first_impact_type,key_tu_type,other_tu_type,no._of_traffic_units_involved,no._killed,no._seriously_injured,no._moderately_injured,no._minor-other_injured,month_num,month_label,season,day_label,time_label,time_band,is_peak_commute,is_fatal,is_injury,is_casualty
1341054,Injury,Serious Injury,2024,2024,January,Wednesday,10:00 - 11:59,VICTORIA,AVE,10,East,KATHERINE,ST,CHATSWOOD,,No,Not a school zone,T-junction,-33.797383,151.179382,Willoughby,Sydney metro. area,Syd-Newc-Woll Gtr conurbation,Straight,,,,Off,Sealed,Dry,Fine,Daylight,Nil,Ped crossing,40 km/h,Local,0,Ped nearside,1,Ped - Near side,,Vehicle - Pedestrian,Passenger van,Pedestrian,2,0,1,0,0,1,January,Summer,Wednesday,10:00 - 11:59,Midday / afternoon,False,False,True,True
1341056,Injury,Serious Injury,2024,2024,January,Monday,14:00 - 15:59,BRUXNER,HWY,0,Right on the spot,HARE,ST,CASINO,16.0,No,Not a school zone,Roundabout,-28.871297,153.044202,Richmond Valley,Country urban,Rest of NSW - Urban,Straight,,,,Off,Sealed,Wet,Overcast,Daylight,Nil,Give way sign,50 km/h,State,73,Off rd rght => obj,704,Right off cway into obj,,Vehicle - Object,4 wheel drive / SUV,,1,0,1,0,0,1,January,Summer,Monday,14:00 - 15:59,Midday / afternoon,False,False,True,True
1341058,Injury,Moderate Injury,2024,2024,January,Wednesday,12:00 - 13:59,MEDOWIE,RD,100,South,PACIFIC,HWY,FERODALE,518.0,No,Not a school zone,2-way undivided,-32.669975,151.834873,Port Stephens,Country non-urban,Rest of NSW - Rural,Straight,Driveway/entrance,,,Off,Sealed,Dry,Fine,Daylight,Nil,No traffic controls,100 km/h,Regional,21,Right through,202,Opp - Right-thru,,Other angle,Station wagon,Car (sedan/hatch),2,0,0,1,0,1,January,Summer,Wednesday,12:00 - 13:59,Midday / afternoon,False,False,True,True
1341106,Injury,Serious Injury,2024,2024,January,Wednesday,12:00 - 13:59,PACIFIC,HWY,50,South,OLD MAITLAND,RD,SANDGATE,10.0,No,Not a school zone,Divided road,-32.861394,151.705044,Newcastle,Newcastle met. area,Syd-Newc-Woll Gtr conurbation,Straight,,Roadwks/Detour/Diverson,,Off,Sealed,Dry,Fine,Daylight,Nil,No traffic controls,60 km/h,State,71,Off rd left => obj,703,Left off cway into object,,Other angle,4 wheel drive / SUV,Car (sedan/hatch),2,0,1,0,0,1,January,Summer,Wednesday,12:00 - 13:59,Midday / afternoon,False,False,True,True
1341122,Injury,Serious Injury,2024,2024,January,Tuesday,08:00 - 09:59,BEACONSFIELD,ST,0,Right on the spot,ELY,ST,REVESBY,7125.0,No,Not a school zone,X-intersection,-33.944238,151.011597,Canterbury-Bankstown,Sydney metro. area,Syd-Newc-Woll Gtr conurbation,Straight,,,,Off,Sealed,Dry,Fine,Daylight,Nil,Stop sign,50 km/h,Regional,11,Right far,102,Adj - Right-thru from left,,Right angle,4 wheel drive / SUV,4 wheel drive / SUV,2,0,1,1,0,1,January,Summer,Tuesday,08:00 - 09:59,AM peak / school commute,True,False,True,True
1341132,Injury,Serious Injury,2024,2024,January,Tuesday,12:00 - 13:59,GARDENERS,RD,0,Right on the spot,SUTHERLAND,ST,ROSEBERY,183.0,No,Not a school zone,T-junction,-33.922199,151.201691,Sydney,Sydney metro. area,Syd-Newc-Woll Gtr conurbation,Straight,,,,Off,Sealed,Dry,Fine,Daylight,Nil,No right turn,60 km/h,State,0,Ped nearside,1,Ped - Near side,,Vehicle - Pedestrian,Car (sedan/hatch),Pedestrian,2,0,1,0,0,1,January,Summer,Tuesday,12:00 - 13:59,Midday / afternoon,False,False,True,True
1341138,Injury,Moderate Injury,2024,2024,January,Sunday,16:00 - 17:59,SOUTHERN,EXP,200,South,UNIVERSITY AVENUE,OP,GWYNNEVILLE,6006.0,No,Not a school zone,Dual freeway,-34.412581,150.882749,Wollongong,Wollongong met. area,Syd-Newc-Woll Gtr conurbation,Straight,,,,Nil,Sealed,Dry,Fine,Daylight,Nil,No traffic controls,80 km/h,State,30,Rear end,301,Same - Rear end,,Rear end,Motorcycle,Motorcycle,2,0,0,1,0,1,January,Summer,Sunday,16:00 - 17:59,PM peak / evening commute,True,False,True,True
1341149,Injury,Moderate Injury,2024,2024,January,Monday,06:00 - 07:59,GREAT WESTERN,HWY,0,Right on the spot,WALTERS,RD,ARNDELL PARK,5.0,No,Not a school zone,T-junction,-33.795601,150.8894,Blacktown,Sydney metro. area,Syd-Newc-Woll Gtr conurbation,Straight,,,,Nil,Sealed,Dry,Fine,Daylight,Nil,Stop sign,80 km/h,State,31,Left rear,302,Same - Rear left,,Rear end,Large rigid,Car (sedan/hatch),2,0,0,1,0,1,January,Summer,Monday,06:00 - 07:59,AM peak / school commute,True,False,True,True
1341352,Injury,Minor/Other Injury,2024,2024,January,Tuesday,14:00 - 15:59,WOODVILLE,RD,0,Right on the spot,MOUNTFORD,AVE,GUILDFORD,640.0,No,Not a school zone,T-junction,-33.853666,150.995693,Cumberland,Sydney metro. area,Syd-Newc-Woll Gtr conurbation,Straight,,,,Off,Sealed,Dry,Fine,Daylight,Off,Give way sign,70 km/h,State,31,Left rear,302,Same - Rear left,,Rear end,Car (sedan/hatch),4 wheel drive / SUV,2,0,0,0,1,1,January,Summer,Tuesday,14:00 - 15:59,Midday / afternoon,False,False,True,True
1341365,Injury,Moderate Injury,2024,2024,January,Tuesday,12:00 - 13:59,POWER,ST,0,Right on the spot,OWEN,ST,GLENDENNING,7159.0,No,Not a school zone,T-junction,-33.753733,150.857044,Blacktown,Sydney metro. area,Syd-Newc-Woll Gtr conurbation,Straight,,,,Unknown / not stated,Sealed,Dry,Fine,Daylight,Nil,Give way sign,60 km/h,Regional,13,Right near,104,Adj - Right-thru from right,,Right angle,Car (sedan/hatch),Car (sedan/hatch),2,0,0,2,0,1,January,Summer,Tuesday,12:00 - 13:59,Midday / afternoon,False,False,True,True
1341369,Injury,Serious Injury,2024,2024,January,Monday,16:00 - 17:59,BRUSHWOOD SOUTH,RD,2000,South,CANOLA,WAY,GANMAIN,,No,Not a school zone,2-way undivided,-34.821556,147.093818,Coolamon,Country non-urban,Rest of NSW - Rural,Straight,,,,Unknown / not stated,Unsealed,Dry,Fine,Daylight,Nil,No traffic controls,100 km/h,Local,71,Off rd left => obj,703,Left off cway into object,,Vehicle - Object,Car (sedan/hatch),,1,0,1,0,0,1,January,Summer,Monday,16:00 - 17:59,PM peak / evening commute,True,False,True,True
1341370,Injury,Serious Injury,2024,2024,January,Saturday,14:00 - 15:59,SUNNYHOLT,RD,0,Right on the spot,CANDLENUT,GR,PARKLEA,642.0,No,Not a school zone,X-intersection,-33.728178,150.923534,Blacktown,Sydney metro. area,Syd-Newc-Woll Gtr conurbation,Straight,,,,Unknown / not stated,Sealed,Dry,Fine,Daylight,On,No traffic controls,70 km/h,State,21,Right through,202,Opp - Right-thru,,Other angle,4 wheel drive / SUV,Car (sedan/hatch),3,0,1,0,0,1,January,Summer,Saturday,14:00 - 15:59,Midday / afternoon,False,False,True,True
1341372,Injury,Moderate Injury,2024,2024,January,Sunday,22:00 - Midnight,SHERWOOD,RD,0,Right on the spot,DUFFY,ST,MERRYLANDS WEST,7251.0,Yes,No,X-intersection,-33.837279,150.967957,Cumberland,Sydney metro. area,Syd-Newc-Woll Gtr conurbation,Straight,,,,Unknown / not stated,Sealed,Dry,Fine,Darkness,Nil,Stop sign,60 km/h,Regional,21,Right through,202,Opp - Right-thru,,Other angle,Car (sedan/hatch),4 wheel drive / SUV,2,0,0,1,0,1,January,Summer,Sunday,22:00 - Midnight,Evening / night,False,False,True,True
1341376,Injury,Moderate Injury,2024,2024,January,Monday,02:00 - 03:59,BRADFIELD,HWY,100,North,HARBOUR,BDGE,MILSONS POINT,632.0,No,Not a school zone,Divided road,-33.849034,151.212586,North Sydney,Sydney metro. area,Syd-Newc-Woll Gtr conurbation,Curved,Other bridge,,,On,Sealed,Dry,Fine,Darkness,Nil,No traffic controls,70 km/h,State,30,Rear end,301,Same - Rear end,,Rear end,Car (sedan/hatch),Car (sedan/hatch),2,0,0,1,0,1,January,Summer,Monday,02:00 - 03:59,Late night / early morning,False,False,True,True
1341379,Injury,Serious Injury,2024,2024,January,Friday,20:00 - 21:59,CAMERON PARK,DR,100,West,SEACREST,DR,CAMERON PARK,7768.0,No,Not a school zone,2-way undivided,-32.895997,151.604689,Lake Macquarie,Newcastle met. area,Syd-Newc-Woll Gtr conurbation,Curved,Steep grade,,,On,Sealed,Dry,Fine,Darkness,Nil,No traffic controls,80 km/h,Regional,40,U turn,207,Opp - U-turn,,Other angle,Light truck utility(from 2018),Car (sedan/hatch),2,0,1,1,0,1,January,Summer,Friday,20:00 - 21:59,Evening / night,False,False,True,True
1341385,Injury,Minor/Other Injury,2024,2024,January,Wednesday,14:00 - 15:59,BRADFIELD,HWY,0,Right on the spot,SYDNEY HARBOUR,BDGE,MILSONS POINT,632.0,No,Not a school zone,Single limited access,-33.850671,151.21173,North Sydney,Sydney metro. area,Syd-Newc-Woll Gtr conurbation,Straight,Other bridge,,,Nil,Sealed,Wet,Fine,Daylight,Nil,No traffic controls,70 km/h,State,20,Head on,201,Opp - Head on,,Head-on,Car (sedan/hatch),Car (sedan/hatch),2,0,0,0,1,1,January,Summer,Wednesday,14:00 - 15:59,Midday / afternoon,False,False,True,True
1341387,Injury,Serious Injury,2024,2024,January,Wednesday,12:00 - 13:59,MARINE,PDE,20,North,PEARL,ST,KINGSCLIFF,,No,Not a school zone,2-way undivided,-28.251147,153.572068,Tweed,Country urban,Rest of NSW - Urban,Straight,Painted double centre lines,,,Off,Sealed,Dry,Fine,Daylight,Nil,No traffic controls,50 km/h,Local,73,Off rd rght => obj,704,Right off cway into obj,,Other angle,Station wagon,Light truck utility(from 2018),2,0,1,0,0,1,January,Summer,Wednesday,12:00 - 13:59,Midday / afternoon,False,False,True,True
1341391,Injury,Moderate Injury,2024,2024,January,Friday,06:00 - 07:59,WATERFALL,WAY,0,Right on the spot,INCES,RD,ARMIDALE,76.0,No,Not a school zone,T-junction,-30.525713,151.697813,Armidale Regional,Country urban,Rest of NSW - Urban,Straight,,,,Nil,Sealed,Dry,Fine,Dawn,Nil,Give way sign,80 km/h,State,67,Struck animal,609,On path - Hit animal,,Vehicle - Animal,Motorcycle,,1,0,0,1,0,1,January,Summer,Friday,06:00 - 07:59,AM peak / school commute,True,False,True,True
1341396,Injury,Minor/Other Injury,2024,2024,January,Tuesday,16:00 - 17:59,CLEVELAND,ST,0,Right on the spot,ELIZABETH,ST,REDFERN,330.0,No,Not a school zone,X-intersection,-33.889952,151.207908,Sydney,Sydney metro. area,Syd-Newc-Woll Gtr conurbation,Straight,Foot/cycle path/nature strip,,,Off,Sealed,Dry,Fine,Daylight,On,Ped crossing,50 km/h,State,48,From footpath,408,Manov - From footway,,Other angle,Pedal cycle,Motor scooter,2,0,0,0,1,1,January,Summer,Tuesday,16:00 - 17:59,PM peak / evening commute,True,False,True,True
1341399,Injury,Minor/Other Injury,2024,2024,January,Saturday,04:00 - 05:59,COOMA,RD,300,South,NORTH JINDEN FIRETRAIL,OT,JINDEN,7625.0,No,Not a school zone,2-way undivided,-35.889393,149.595048,Queanbeyan-Palerang Regional,Country non-urban,Rest of NSW - Rural,Curved,,,,Nil,Unsealed,Dry,Fine,Darkness,Nil,No traffic controls,100 km/h,Regional,67,Struck animal,609,On path - Hit animal,,Vehicle - Animal,Motorcycle,,1,0,0,0,1,1,January,Summer,Saturday,04:00 - 05:59,Late night / early morning,False,False,True,True
1341408,Injury,Moderate Injury,2024,2024,January,Sunday,16:00 - 17:59,GREAT WESTERN,HWY,100,West,OAKLANDS,RD,HAZELBROOK,5.0,No,Not a school zone,Divided road,-33.720279,150.450702,Blue Mountains,Country urban,Syd-Newc-Woll Gtr conurbation,Straight,,,,Unknown / not stated,Sealed,Wet,Raining,Daylight,Nil,No traffic controls,70 km/h,State,30,Rear end,301,Same - Rear end,,Rear end,Car (sedan/hatch),Light truck,2,0,0,2,0,1,January,Summer,Sunday,16:00 - 17:59,PM peak / evening commute,True,False,True,True
1341412,Injury,Minor/Other Injury,2024,2024,January,Monday,06:00 - 07:59,AUGUSTA,ST,20,East,MARKET,ST,CONDELL PARK,,No,Not a school zone,2-way undivided,-33.925856,151.020005,Canterbury-Bankstown,Sydney metro. area,Syd-Newc-Woll Gtr conurbation,Straight,Driveway/entrance,,,Unknown / not stated,Sealed,Wet,Raining,Dawn,Nil,No traffic controls,50 km/h,Local,47,Emerging from drive,406,Manov - Emerging from driveway,,Right angle,Light truck utility(from 2018),Car (sedan/hatch),2,0,0,0,1,1,January,Summer,Monday,06:00 - 07:59,AM peak / school commute,True,False,True,True
1341414,Injury,Minor/Other Injury,2024,2024,January,Tuesday,16:00 - 17:59,EPPING,RD,20,West,CENTENNIAL,AVE,LANE COVE NORTH,373.0,No,Not a school zone,Divided road,-33.810627,151.163539,Lane Cove,Sydney metro. area,Syd-Newc-Woll Gtr conurbation,Straight,,,,Unknown / not stated,Sealed,Dry,Fine,Daylight,Nil,No traffic controls,80 km/h,State,30,Rear end,301,Same - Rear end,,Rear end,Car (sedan/hatch),4 wheel drive / SUV,2,0,0,0,1,1,January,Summer,Tuesday,16:00 - 17:59,PM peak / evening commute,True,False,True,True
1341424,Injury,Moderate Injury,2024,2024,January,Saturday,16:00 - 17:59,BANGALOW,RD,950,West,ST HELENA,RD,TALOFA,,No,Not a school zone,2-way undivided,-28.672677,153.573876,Byron,Country urban,Rest of NSW - Urban,Curved,Painted double centre lines,,,Unknown / not stated,Sealed,Wet,Overcast,Daylight,Nil,No traffic controls,80 km/h,Local,20,Head on,201,Opp - Head on,,Head-on,4 wheel drive / SUV,Car (sedan/hatch),2,0,0,1,0,1,January,Summer,Saturday,16:00 - 17:59,PM peak / evening commute,True,False,True,True
1341430,Injury,Minor/Other Injury,2024,2024,January,Monday,08:00 - 09:59,GREAT WESTERN,HWY,70,East,GOOD,ST,GRANVILLE,5.0,No,Not a school zone,Divided road,-33.831023,151.012916,Parramatta,Sydney metro. area,Syd-Newc-Woll Gtr conurbation,Straight,,,,Unknown / not stated,Sealed,Dry,Fine,Daylight,Nil,No traffic controls,60 km/h,State,30,Rear end,301,Same - Rear end,,Rear end,Light truck,Car (sedan/hatch),2,0,0,0,1,1,January,Summer,Monday,08:00 - 09:59,AM peak / school commute,True,False,True,True
1341435,Injury,Serious Injury,2024,2024,January,Monday,06:00 - 07:59,NEWCASTLE,EXP,500,North,KU-RING-GAI CHASE ROAD,OP,MOUNT COLAH,6003.0,No,Not a school zone,Dual freeway,-33.67422,151.12009,Hornsby,Sydney metro. area,Syd-Newc-Woll Gtr conurbation,Straight,,,,Unknown / not stated,Sealed,Wet,Raining,Dawn,Nil,No traffic controls,110 km/h,State,71,Off rd left => obj,703,Left off cway into object,,Vehicle - Object,Light truck utility(from 2018),,1,0,1,0,0,1,January,Summer,Monday,06:00 - 07:59,AM peak / school commute,True,False,True,True
1341437,Injury,Minor/Other Injury,2024,2024,January,Wednesday,16:00 - 17:59,OLD WINDSOR,RD,0,Right on the spot,MIAMI,ST,GLENWOOD,635.0,No,Not a school zone,X-intersection,-33.725355,150.939898,Blacktown,Sydney metro. area,Syd-Newc-Woll Gtr conurbation,Straight,,,,Unknown / not stated,Sealed,Dry,Fine,Daylight,On,No traffic controls,80 km/h,State,30,Rear end,301,Same - Rear end,,Rear end,4 wheel drive / SUV,Car (sedan/hatch),4,0,0,0,1,1,January,Summer,Wednesday,16:00 - 17:59,PM peak / evening commute,True,False,True,True
1341443,Injury,Minor/Other Injury,2024,2024,January,Friday,14:00 - 15:59,FARRELL,RD,0,Right on the spot,FRANKLIN,AVE,BULLI,,No,Not a school zone,Roundabout,-34.338726,150.913747,Wollongong,Wollongong met. area,Syd-Newc-Woll Gtr conurbation,Curved,,,,Unknown / not stated,Sealed,Dry,Fine,Daylight,Nil,Give way sign,50 km/h,Local,10,Cross traffic,101,Adj - Cross traffic,,Right angle,Light truck utility(from 2018),Car (sedan/hatch),2,0,0,0,1,1,January,Summer,Friday,14:00 - 15:59,Midday / afternoon,False,False,True,True
1341444,Injury,Minor/Other Injury,2024,2024,January,Saturday,18:00 - 19:59,SMARTS,RD,20,East,WARDROP VALLEY,RD,WARDROP VALLEY,,No,Not a school zone,2-way undivided,-28.351901,153.435836,Tweed,Country non-urban,Rest of NSW - Rural,Straight,,,,Unknown / not stated,Sealed,Dry,Fine,Daylight,Nil,No traffic controls,100 km/h,Local,20,Head on,201,Opp - Head on,,Head-on,Car (sedan/hatch),Light truck utility(from 2018),2,0,0,0,1,1,January,Summer,Saturday,18:00 - 19:59,PM peak / evening commute,True,False,True,True
1341445,Injury,Minor/Other Injury,2024,2024,January,Saturday,12:00 - 13:59,ELIZABETH,ST,0,Right on the spot,JOYNTON,AVE,ZETLAND,,No,Not a school zone,T-junction,-33.907291,151.207685,Sydney,Sydney metro. area,Syd-Newc-Woll Gtr conurbation,Straight,,,,Unknown / not stated,Sealed,Dry,Fine,Daylight,On,No traffic controls,40 km/h,Local,37,Left turn sideswipe,309,Same - Left turn side swipe,,Other angle,Car (sedan/hatch),Car (sedan/hatch),2,0,0,0,1,1,January,Summer,Saturday,12:00 - 13:59,Midday / afternoon,False,False,True,True
1341448,Injury,Moderate Injury,2024,2024,January,Thursday,18:00 - 19:59,CARLISLE,RD,1100,North,FIFIELD,RD,CONDOBOLIN,,No,Not a school zone,2-way undivided,-32.983363,147.306141,Lachlan,Country non-urban,Rest of NSW - Rural,Curved,,,,Unknown / not stated,Unsealed,Dry,Fine,Daylight,Nil,No traffic controls,100 km/h,Local,81,Off left/rt bnd=>obj,803,Off right bend into obj,Left,Vehicle - Object,Light truck utility(from 2018),,1,0,0,2,0,1,January,Summer,Thursday,18:00 - 19:59,PM peak / evening commute,True,False,True,True
1341451,Injury,Serious Injury,2024,2024,January,Monday,08:00 - 09:59,FISHING POINT,RD,0,Right on the spot,NUMBER 126,HN,FISHING POINT,,No,Not a school zone,2-way undivided,-33.05256,151.597378,Lake Macquarie,Newcastle met. area,Syd-Newc-Woll Gtr conurbation,Curved,Embankment/cutting,,,Unknown / not stated,Sealed,Wet,Overcast,Daylight,Nil,No traffic controls,50 km/h,Local,49,Other manoeuvring,400,Manov - other,,Other angle,Car (sedan/hatch),,1,0,1,0,0,1,January,Summer,Monday,08:00 - 09:59,AM peak / school commute,True,False,True,True
1341456,Injury,Minor/Other Injury,2024,2024,January,Sunday,12:00 - 13:59,CONCORD,RD,100,North,CROPLEY,ST,RHODES,200.0,No,Not a school zone,Divided road,-33.827027,151.090755,Canada Bay,Sydney metro. area,Syd-Newc-Woll Gtr conurbation,Straight,,,,Unknown / not stated,Sealed,Wet,Raining,Daylight,Nil,No traffic controls,70 km/h,State,30,Rear end,301,Same - Rear end,,Rear end,Car (sedan/hatch),Car (sedan/hatch),2,0,0,0,1,1,January,Summer,Sunday,12:00 - 13:59,Midday / afternoon,False,False,True,True
1341459,Injury,Moderate Injury,2024,2024,January,Friday,12:00 - 13:59,HUME,HWY,500,North,MURRIMBA,RD,PADDYS RIVER,2.0,No,Not a school zone,Divided road,-34.642917,150.122698,Wingecarribee,Country non-urban,Rest of NSW - Rural,Curved,Steep grade,,,Unknown / not stated,Sealed,Dry,Fine,Daylight,Nil,No traffic controls,110 km/h,State,30,Rear end,301,Same - Rear end,,Rear end,Large rigid,B-double (road train prior 98),2,0,0,1,0,1,January,Summer,Friday,12:00 - 13:59,Midday / afternoon,False,False,True,True
1341462,Injury,Moderate Injury,2024,2024,January,Sunday,08:00 - 09:59,HUME,HWY,10,West,EDWIN,ST,CROYDON,2.0,No,Not a school zone,T-junction,-33.887032,151.113486,Inner West,Sydney metro. area,Syd-Newc-Woll Gtr conurbation,Straight,Driveway/entrance,,,Unknown / not stated,Sealed,Dry,Fine,Daylight,Nil,Give way sign,60 km/h,State,21,Right through,202,Opp - Right-thru,,Other angle,4 wheel drive / SUV,Car (sedan/hatch),2,0,0,1,0,1,January,Summer,Sunday,08:00 - 09:59,AM peak / school commute,True,False,True,True
1341469,Injury,Moderate Injury,2024,2024,January,Sunday,10:00 - 11:59,ANDERSON,DR,0,Right on the spot,EMERSON,ST,BERESFIELD,,No,Not a school zone,T-junction,-32.801332,151.648391,Newcastle,Newcastle met. area,Syd-Newc-Woll Gtr conurbation,Straight,,,,Unknown / not stated,Sealed,Dry,Overcast,Daylight,Nil,No traffic controls,50 km/h,Local,30,Rear end,301,Same - Rear end,,Rear end,4 wheel drive / SUV,4 wheel drive / SUV,4,0,0,1,0,1,January,Summer,Sunday,10:00 - 11:59,Midday / afternoon,False,False,True,True
1341473,Injury,Minor/Other Injury,2024,2024,January,Saturday,06:00 - 07:59,GREEN HILLS,DR,0,Right on the spot,MILE END,RD,ROUSE HILL,,No,Not a school zone,Roundabout,-33.681878,150.921236,The Hills,Sydney metro. area,Syd-Newc-Woll Gtr conurbation,Straight,Steep grade,,,Unknown / not stated,Sealed,Dry,Fine,Daylight,Nil,Give way sign,50 km/h,Local,10,Cross traffic,101,Adj - Cross traffic,,Right angle,Light truck utility(from 2018),Pedal cycle,2,0,0,0,1,1,January,Summer,Saturday,06:00 - 07:59,AM peak / school commute,True,False,True,True
1341476,Injury,Moderate Injury,2024,2024,January,Monday,08:00 - 09:59,CANBERRA,AVE,0,Right on the spot,STORNAWAY,RD,QUEANBEYAN,51.0,No,Not a school zone,X-intersection,-35.356706,149.225351,Queanbeyan-Palerang Regional,Country urban,Rest of NSW - Urban,Straight,,,,Unknown / not stated,Sealed,Wet,Raining,Daylight,On,No traffic controls,60 km/h,State,10,Cross traffic,101,Adj - Cross traffic,,Right angle,Light truck utility(from 2018),Car (sedan/hatch),2,0,0,1,0,1,January,Summer,Monday,08:00 - 09:59,AM peak / school commute,True,False,True,True
1341487,Injury,Moderate Injury,2024,2024,January,Thursday,16:00 - 17:59,RIVERSIDE,RD,200,East,BUKEIRO,RD,WALCHA,,No,Not a school zone,2-way undivided,-30.988564,151.899416,Walcha,Country non-urban,Rest of NSW - Rural,Curved,,,,Unknown / not stated,Unsealed,Dry,Fine,Daylight,Nil,No traffic controls,100 km/h,Local,80,Off left/right bend,801,Off cway right bend,Left,Rollover,4 wheel drive / SUV,,1,0,0,1,0,1,January,Summer,Thursday,16:00 - 17:59,PM peak / evening commute,True,False,True,True
1341502,Injury,Moderate Injury,2024,2024,January,Tuesday,14:00 - 15:59,PACIFIC,HWY,0,Right on the spot,NUMBER 13556,HN,WANG WAUK,10.0,No,Not a school zone,Divided road,-32.143766,152.334148,Mid-Coast,Country non-urban,Rest of NSW - Rural,Curved,,,,Unknown / not stated,Sealed,Wet,Raining,Daylight,Nil,No traffic controls,100 km/h,State,88,Out of cont on bend,805,Out of control on bend,,Rollover,Light truck utility(from 2018),,1,0,0,1,0,1,January,Summer,Tuesday,14:00 - 15:59,Midday / afternoon,False,False,True,True
1341512,Injury,Moderate Injury,2024,2024,January,Thursday,00:01 - 01:59,SUMMER,ST,0,Right on the spot,LORDS,PL,ORANGE,705.0,No,Not a school zone,X-intersection,-33.283752,149.101189,Orange,Country urban,Rest of NSW - Urban,Straight,,,,Unknown / not stated,Sealed,Dry,Fine,Darkness,On,No traffic controls,40 km/h,State,21,Right through,202,Opp - Right-thru,,Other angle,Car (sedan/hatch),Car (sedan/hatch),2,0,0,1,0,1,January,Summer,Thursday,00:01 - 01:59,Late night / early morning,False,False,True,True
1341515,Injury,Moderate Injury,2024,2024,January,Friday,12:00 - 13:59,WOODVILLE,RD,0,Right on the spot,WYNYARD,ST,GUILDFORD,640.0,No,Not a school zone,T-junction,-33.853624,150.995802,Cumberland,Sydney metro. area,Syd-Newc-Woll Gtr conurbation,Straight,,,,Nil,Sealed,Dry,Fine,Daylight,Nil,No traffic controls,70 km/h,State,37,Left turn sideswipe,309,Same - Left turn side swipe,,Other angle,Car (sedan/hatch),Light truck utility(from 2018),2,0,0,1,0,1,January,Summer,Friday,12:00 - 13:59,Midday / afternoon,False,False,True,True
1341516,Injury,Minor/Other Injury,2024,2024,January,Tuesday,18:00 - 19:59,WENTWORTH,AVE,0,Right on the spot,BALLANDELLA,RD,PENDLE HILL,7279.0,No,Not a school zone,T-junction,-33.799407,150.954849,Parramatta,Sydney metro. area,Syd-Newc-Woll Gtr conurbation,Straight,,,,Unknown / not stated,Sealed,Dry,Fine,Daylight,Nil,No traffic controls,60 km/h,Regional,32,Right rear,303,Same - Rear right,,Rear end,Car (sedan/hatch),Car (sedan/hatch),2,0,0,0,1,1,January,Summer,Tuesday,18:00 - 19:59,PM peak / evening commute,True,False,True,True
1341518,Injury,Minor/Other Injury,2024,2024,January,Wednesday,16:00 - 17:59,MILPERRA,RD,0,Right on the spot,MURRAY JONES,DR,MILPERRA,167.0,No,Not a school zone,T-junction,-33.929543,150.989215,Canterbury-Bankstown,Sydney metro. area,Syd-Newc-Woll Gtr conurbation,Straight,,,,Unknown / not stated,Sealed,Dry,Overcast,Daylight,On,No traffic controls,70 km/h,State,39,Other same direction,300,Same - other,,Other angle,Car (sedan/hatch),Car (sedan/hatch),2,0,0,0,1,1,January,Summer,Wednesday,16:00 - 17:59,PM peak / evening commute,True,False,True,True
1341522,Injury,Minor/Other Injury,2024,2024,January,Thursday,20:00 - 21:59,BOORGA,RD,200,North,FRAZER,RD,NERICON,,No,Not a school zone,2-way undivided,-34.157392,146.025964,Griffith,Country non-urban,Rest of NSW - Rural,Curved,Ditch/drain/culvert,,,Unknown / not stated,Unsealed,Dry,Fine,Darkness,Nil,No traffic controls,100 km/h,Local,86,Off left/left bend,802,Off cway left bend,Left,Rollover,Car (sedan/hatch),,1,0,0,0,1,1,January,Summer,Thursday,20:00 - 21:59,Evening / night,False,False,True,True
1341535,Injury,Moderate Injury,2024,2024,January,Monday,06:00 - 07:59,WESTERN,EXP,200,West,PROSPECT HIGHWAY,OP,PROSPECT,6004.0,No,Not a school zone,Dual freeway,-33.805117,150.913763,Blacktown,Sydney metro. area,Syd-Newc-Woll Gtr conurbation,Straight,,,,Unknown / not stated,Sealed,Wet,Raining,Daylight,Nil,No traffic controls,100 km/h,State,30,Rear end,301,Same - Rear end,,Rear end,Car (sedan/hatch),4 wheel drive / SUV,2,0,0,1,1,1,January,Summer,Monday,06:00 - 07:59,AM peak / school commute,True,False,True,True
1341539,Injury,Minor/Other Injury,2024,2024,January,Thursday,08:00 - 09:59,BURDETT,ST,0,Right on the spot,HUNTER,LANE,HORNSBY,,No,Not a school zone,T-junction,-33.702463,151.100066,Hornsby,Sydney metro. area,Syd-Newc-Woll Gtr conurbation,Straight,,,,Unknown / not stated,Sealed,Dry,Fine,Daylight,Nil,No traffic controls,50 km/h,Local,16,Left near,107,Adj - Left-thru from right,,Right angle,Light truck utility(from 2018),Car (sedan/hatch),2,0,0,0,1,1,January,Summer,Thursday,08:00 - 09:59,AM peak / school commute,True,False,True,True