crash_id,degree_of_crash,degree_of_crash_-_detailed,reporting_year,year_of_crash,month_of_crash,day_of_week_of_crash,two-hour_intervals,street_of_crash,street_type,distance,direction,identifying_feature,identifying_feature_type,town,route_no.,school_zone_location,school_zone_active,type_of_location,latitude,longitude,lga,urbanisation,conurbation_1,alignment,primary_permanent_feature,primary_temporary_feature,primary_hazardous_feature,street_lighting,road_surface,surface_condition,weather,natural_lighting,signals_operation,other_traffic_control,speed_limit,road_classification_(admin),rum_-_code,rum_-_description,dca_-_code,dca_-_description,dca_supplement,first_impact_type,key_tu_type,other_tu_type,no._of_traffic_units_involved,no._killed,no._seriously_injured,no._moderately_injured,no._minor-other_injured,month_num,month_label,season,day_label,time_label,time_band,is_peak_commute,is_fatal,is_injury,is_casualty
1341540,Injury,Minor/Other Injury,2024,2024,January,Tuesday,20:00 - 21:59,CUMBERLAND,HWY,0,Right on the spot,JENKINS,RD,CARLINGFORD,13.0,No,Not a school zone,T-junction,-33.783208,151.045275,Parramatta,Sydney metro. area,Syd-Newc-Woll Gtr conurbation,Straight,,,,Unknown / not stated,Sealed,Dry,Fine,Darkness,On,No traffic controls,60 km/h,State,21,Right through,202,Opp - Right-thru,,Other angle,4 wheel drive / SUV,4 wheel drive / SUV,2,0,0,0,1,1,January,Summer,Tuesday,20:00 - 21:59,Evening / night,False,False,True,True
1341548,Injury,Minor/Other Injury,2024,2024,January,Monday,16:00 - 17:59,GREAT WESTERN,HWY,0,Right on the spot,HEWITT,ST,COLYTON,5.0,No,Not a school zone,T-junction,-33.776721,150.802653,Penrith,Sydney metro. area,Syd-Newc-Woll Gtr conurbation,Straight,,,,Off,Sealed,Wet,Fine,Daylight,On,No traffic controls,80 km/h,State,16,Left near,107,Adj - Left-thru from right,,Right angle,4 wheel drive / SUV,4 wheel drive / SUV,2,0,0,0,1,1,January,Summer,Monday,16:00 - 17:59,PM peak / evening commute,True,False,True,True
1341549,Injury,Moderate Injury,2024,2024,January,Friday,22:00 - Midnight,MYAMBA,PDE,160,East,THE VISTA,ST,SURFSIDE,,No,Not a school zone,2-way undivided,-35.702178,150.195194,Eurobodalla,Country urban,Rest of NSW - Urban,Straight,,,,On,Sealed,Dry,Fine,Darkness,Nil,No traffic controls,50 km/h,Local,71,Off rd left => obj,703,Left off cway into object,,Other angle,Car (sedan/hatch),Light truck utility(from 2018),3,0,0,1,0,1,January,Summer,Friday,22:00 - Midnight,Evening / night,False,False,True,True
1341550,Injury,Moderate Injury,2024,2024,January,Tuesday,12:00 - 13:59,PRINCES,HWY,900,South,MONDAYONG,RD,MONDAYONG,1.0,No,Not a school zone,2-way undivided,-35.174828,150.441246,Shoalhaven,Country non-urban,Rest of NSW - Rural,Straight,,,,Nil,Sealed,Dry,Fine,Daylight,Nil,No traffic controls,100 km/h,State,71,Off rd left => obj,703,Left off cway into object,,Vehicle - Object,Car (sedan/hatch),,1,0,0,2,0,1,January,Summer,Tuesday,12:00 - 13:59,Midday / afternoon,False,False,True,True
1341552,Injury,Moderate Injury,2024,2024,January,Wednesday,12:00 - 13:59,MARCIA,ST,50,West,PACIFIC,HWY,COFFS HARBOUR,,No,Not a school zone,2-way undivided,-30.289878,153.120553,Coffs Harbour,Country urban,Rest of NSW - Urban,Straight,,,,Off,Sealed,Dry,Fine,Daylight,Nil,No traffic controls,50 km/h,Local,40,U turn,304,Same - U-turn,,Other angle,Car (sedan/hatch),4 wheel drive / SUV,2,0,0,1,0,1,January,Summer,Wednesday,12:00 - 13:59,Midday / afternoon,False,False,True,True
1341554,Injury,Moderate Injury,2024,2024,January,Monday,14:00 - 15:59,BARNES,ST,0,Right on the spot,WIRRAWAY,ST,TAMINDA,,No,Not a school zone,T-junction,-31.093302,150.909908,Tamworth Regional,Country urban,Rest of NSW - Urban,Straight,,,,Off,Sealed,Dry,Fine,Daylight,Nil,Give way sign,50 km/h,Local,75,Off end of road,709,Off end cway or T junct,,Vehicle - Object,4 wheel drive / SUV,,1,0,0,1,0,1,January,Summer,Monday,14:00 - 15:59,Midday / afternoon,False,False,True,True
1341562,Injury,Moderate Injury,2024,2024,January,Saturday,12:00 - 13:59,HADDIN,RD,0,Right on the spot,HENNESY,ST,FLINDERS,,No,Not a school zone,X-intersection,-34.586555,150.847991,Shellharbour,Wollongong met. area,Syd-Newc-Woll Gtr conurbation,Straight,,,,Nil,Sealed,Dry,Fine,Daylight,Nil,Give way sign,50 km/h,Local,53,Overtake turning,506,Ovtak - Overtaking right turn,,Other angle,Motorcycle,Car (sedan/hatch),2,0,0,1,1,1,January,Summer,Saturday,12:00 - 13:59,Midday / afternoon,False,False,True,True
1341568,Injury,Serious Injury,2024,2024,January,Monday,08:00 - 09:59,CANTERBURY,ST,0,Right on the spot,COLCHES,ST,CASINO,,No,Not a school zone,X-intersection,-28.861374,153.039046,Richmond Valley,Country urban,Rest of NSW - Urban,Straight,,,,Nil,Sealed,Dry,Fine,Daylight,Nil,Give way sign,50 km/h,Local,10,Cross traffic,101,Adj - Cross traffic,,Right angle,Car (sedan/hatch),4 wheel drive / SUV,2,0,1,0,0,1,January,Summer,Monday,08:00 - 09:59,AM peak / school commute,True,False,True,True
1341572,Injury,Minor/Other Injury,2024,2024,January,Friday,22:00 - Midnight,HUME,HWY,150,North,STURT HIGHWAY,TO,TARCUTTA,2.0,No,Not a school zone,Divided road,-35.215855,147.800209,Wagga Wagga,Country non-urban,Rest of NSW - Rural,Curved,,,,On,Sealed,Dry,Fine,Darkness,Nil,No traffic controls,110 km/h,State,30,Rear end,301,Same - Rear end,,Rear end,Light truck utility(from 2018),Car (sedan/hatch),2,0,0,0,3,1,January,Summer,Friday,22:00 - Midnight,Evening / night,False,False,True,True
1341573,Injury,Moderate Injury,2024,2024,January,Wednesday,10:00 - 11:59,AURORA,AVE,140,East,CHAPMAN,ST,QUEANBEYAN EAST,,No,Not a school zone,2-way undivided,-35.338449,149.246127,Queanbeyan-Palerang Regional,Country urban,Rest of NSW - Urban,Straight,Driveway/entrance,,,Nil,Sealed,Dry,Fine,Daylight,Nil,No traffic controls,50 km/h,Local,21,Right through,202,Opp - Right-thru,,Other angle,Light truck utility(from 2018),Car (sedan/hatch),2,0,0,1,0,1,January,Summer,Wednesday,10:00 - 11:59,Midday / afternoon,False,False,True,True
1341581,Injury,Moderate Injury,2024,2024,January,Wednesday,18:00 - 19:59,NARELLAN,RD,0,Right on the spot,WESTERN SYDNEY UNIVERSITY,ENT,CAMPBELLTOWN,178.0,No,Not a school zone,Divided road,-34.06501,150.79378,Campbelltown,Sydney metro. area,Syd-Newc-Woll Gtr conurbation,Straight,,,,Off,Sealed,Wet,Raining,Daylight,On,Ped crossing,80 km/h,State,30,Rear end,301,Same - Rear end,,Rear end,Car (sedan/hatch),4 wheel drive / SUV,2,0,0,2,0,1,January,Summer,Wednesday,18:00 - 19:59,PM peak / evening commute,True,False,True,True
1341583,Injury,Moderate Injury,2024,2024,January,Monday,22:00 - Midnight,KEPPEL,ST,100,East,DUNCAN,ST,HUSKISSON,,No,Not a school zone,2-way undivided,-35.045729,150.67373,Shoalhaven,Country urban,Rest of NSW - Urban,Curved,Painted double centre lines,,,On,Sealed,Dry,Fine,Darkness,Nil,No traffic controls,50 km/h,Local,85,Off rt/lft bnd=>obj,804,Off left bend into obj,Right,Vehicle - Object,Light truck utility(from 2018),,1,0,0,1,0,1,January,Summer,Monday,22:00 - Midnight,Evening / night,False,False,True,True
1341588,Injury,Moderate Injury,2024,2024,January,Thursday,08:00 - 09:59,MONARO,HWY,550,North,BAROONA,RD,MICHELAGO,19.0,No,Not a school zone,2-way undivided,-35.769397,149.161436,Snowy Monaro Regional,Country urban,Rest of NSW - Urban,Straight,,Roadwks/Detour/Diverson,,Nil,Sealed,Dry,Fine,Daylight,Nil,Road/rail worker,40 km/h,State,30,Rear end,301,Same - Rear end,,Rear end,Large rigid,Large rigid,6,0,0,1,2,1,January,Summer,Thursday,08:00 - 09:59,AM peak / school commute,True,False,True,True
1341591,Injury,Serious Injury,2024,2024,January,Tuesday,16:00 - 17:59,GORDON,CRES,0,Right on the spot,WEST,PDE,DENISTONE,,No,Not a school zone,T-junction,-33.79974,151.08654,Ryde,Sydney metro. area,Syd-Newc-Woll Gtr conurbation,Straight,Other bridge,,,Nil,Sealed,Dry,Fine,Daylight,Nil,Give way sign,50 km/h,Local,36,Right turn sideswipe,308,Same - Rgt turn side swipe,,Other angle,Car (sedan/hatch),Pedal cycle,2,0,1,0,0,1,January,Summer,Tuesday,16:00 - 17:59,PM peak / evening commute,True,False,True,True
1341592,Injury,Moderate Injury,2024,2024,January,Tuesday,18:00 - 19:59,THE LAKES,WAY,175,East,MOUNT CHAPMAN,TRL,MAYERS FLAT,111.0,No,Not a school zone,2-way undivided,-32.394854,152.307558,Mid-Coast,Country urban,Rest of NSW - Urban,Curved,Ditch/drain/culvert,,,Nil,Sealed,Wet,Overcast,Dusk,Nil,No traffic controls,80 km/h,Regional,81,Off left/rt bnd=>obj,803,Off right bend into obj,Left,Vehicle - Object,4 wheel drive / SUV,,1,0,0,2,0,1,January,Summer,Tuesday,18:00 - 19:59,PM peak / evening commute,True,False,True,True
1341596,Injury,Serious Injury,2024,2024,January,Tuesday,12:00 - 13:59,WEGIT,WAY,100,North,KULLY,WAY,WARRAWONG,,No,Not a school zone,2-way undivided,-34.489239,150.875821,Wollongong,Wollongong met. area,Syd-Newc-Woll Gtr conurbation,Straight,,,,Nil,Sealed,Dry,Fine,Daylight,Nil,No traffic controls,50 km/h,Local,20,Head on,201,Opp - Head on,,Head-on,Motorcycle,Motorcycle,2,0,1,0,1,1,January,Summer,Tuesday,12:00 - 13:59,Midday / afternoon,False,False,True,True
1341605,Injury,Moderate Injury,2024,2024,January,Friday,08:00 - 09:59,COSGROVE,RD,0,Right on the spot,CLEVELAND,ST,STRATHFIELD SOUTH,7062.0,No,Not a school zone,Roundabout,-33.895479,151.073904,Strathfield,Sydney metro. area,Syd-Newc-Woll Gtr conurbation,Straight,,,,Nil,Sealed,Wet,Raining,Daylight,Nil,Give way sign,60 km/h,Regional,74,On road-out of cont.,705,Out of control on cway,,Rollover,Motor scooter,,1,0,0,1,0,1,January,Summer,Friday,08:00 - 09:59,AM peak / school commute,True,False,True,True
1341618,Injury,Moderate Injury,2024,2024,January,Sunday,00:01 - 01:59,MARY,ST,100,West,WILLIAM,ST,THE OAKS,,No,Not a school zone,2-way undivided,-34.076446,150.567639,Wollondilly,Country urban,Syd-Newc-Woll Gtr conurbation,Curved,Ditch/drain/culvert,,,On,Sealed,Dry,Fine,Darkness,Nil,No traffic controls,60 km/h,Local,81,Off left/rt bnd=>obj,803,Off right bend into obj,Left,Vehicle - Object,Car (sedan/hatch),,1,0,0,2,1,1,January,Summer,Sunday,00:01 - 01:59,Late night / early morning,False,False,True,True
1341649,Injury,Moderate Injury,2024,2024,January,Monday,14:00 - 15:59,MONARO,HWY,10,North,NORTH BOYD,ST,NIMMITABEL,19.0,No,Not a school zone,T-junction,-36.50734,149.285368,Snowy Monaro Regional,Country urban,Rest of NSW - Urban,Straight,,,,Off,Sealed,Dry,Overcast,Daylight,Nil,Give way sign,50 km/h,State,30,Rear end,301,Same - Rear end,,Rear end,4 wheel drive / SUV,Car (sedan/hatch),3,0,0,1,2,1,January,Summer,Monday,14:00 - 15:59,Midday / afternoon,False,False,True,True
1341652,Injury,Moderate Injury,2024,2024,January,Sunday,22:00 - Midnight,SOUTH WESTERN,EXP,0,Right on the spot,KING GEORGES ROAD,OP,BEVERLY HILLS,6005.0,No,Not a school zone,Dual freeway,-33.943206,151.077181,Canterbury-Bankstown,Sydney metro. area,Syd-Newc-Woll Gtr conurbation,Straight,Underpass/tunnel,,,On,Sealed,Dry,Fine,Darkness,Nil,No traffic controls,80 km/h,State,35,Lane change left,307,Same - Lane change left,,Other angle,Car (sedan/hatch),Car (sedan/hatch),2,0,0,1,0,1,January,Summer,Sunday,22:00 - Midnight,Evening / night,False,False,True,True
1341658,Injury,Serious Injury,2024,2024,January,Friday,16:00 - 17:59,MITCHELL,DR,0,Right on the spot,STRONACH,AVE,EAST MAITLAND,,No,Not a school zone,Roundabout,-32.76242,151.589251,Maitland,Country urban,Rest of NSW - Urban,Curved,Driveway/entrance,,,Off,Sealed,Dry,Fine,Daylight,Nil,Give way sign,50 km/h,Local,47,Emerging from drive,406,Manov - Emerging from driveway,,Right angle,Car (sedan/hatch),Pedal cycle,2,0,1,0,0,1,January,Summer,Friday,16:00 - 17:59,PM peak / evening commute,True,False,True,True
1341663,Injury,Moderate Injury,2024,2024,January,Friday,12:00 - 13:59,PITTWATER,RD,0,Right on the spot,WESTERN,AVE,NORTH MANLY,159.0,No,Not a school zone,T-junction,-33.777459,151.274021,Northern Beaches,Sydney metro. area,Syd-Newc-Woll Gtr conurbation,Curved,Foot/cycle path/nature strip,,,Off,Sealed,Dry,Fine,Daylight,Nil,No traffic controls,60 km/h,State,83,Off rt/rt bnd=>obj,803,Off right bend into obj,Right,Vehicle - Object,Pedal cycle,,1,0,0,3,0,1,January,Summer,Friday,12:00 - 13:59,Midday / afternoon,False,False,True,True
1341667,Injury,Moderate Injury,2024,2024,January,Tuesday,14:00 - 15:59,WALKER,AVE,80,North,HERITAGE,DR,KANWAL,,No,Not a school zone,2-way undivided,-33.254288,151.493243,Central Coast,Country urban,Syd-Newc-Woll Gtr conurbation,Straight,Driveway/entrance,,,Nil,Sealed,Dry,Fine,Daylight,Nil,No traffic controls,50 km/h,Local,47,Emerging from drive,406,Manov - Emerging from driveway,,Right angle,Large rigid,Pedal cycle,2,0,0,1,0,1,January,Summer,Tuesday,14:00 - 15:59,Midday / afternoon,False,False,True,True
1341668,Injury,Serious Injury,2024,2024,January,Saturday,08:00 - 09:59,PELICAN,ST,0,Right on the spot,NUMBER 50,HN,SWANSEA,,No,Not a school zone,2-way undivided,-33.084706,151.633596,Lake Macquarie,Newcastle met. area,Syd-Newc-Woll Gtr conurbation,Straight,,,,Off,Sealed,Dry,Fine,Daylight,Nil,No traffic controls,50 km/h,Local,73,Off rd rght => obj,704,Right off cway into obj,,Other angle,Car (sedan/hatch),Box trailer,2,0,1,0,0,1,January,Summer,Saturday,08:00 - 09:59,AM peak / school commute,True,False,True,True
1341669,Injury,Minor/Other Injury,2024,2024,January,Sunday,12:00 - 13:59,DEAN,ST,20,West,OLIVE,ST,ALBURY,,No,Not a school zone,2-way undivided,-36.080979,146.917973,Albury,Country urban,Rest of NSW - Urban,Straight,Foot/cycle path/nature strip,,,Off,Sealed,Dry,Overcast,Daylight,Nil,No traffic controls,50 km/h,Local,48,From footpath,408,Manov - From footway,,Other angle,Pedal cycle,4 wheel drive / SUV,2,0,0,0,1,1,January,Summer,Sunday,12:00 - 13:59,Midday / afternoon,False,False,True,True
1341670,Injury,Serious Injury,2024,2024,January,Monday,10:00 - 11:59,HEATHCOTE,RD,0,Right on the spot,WATTLE GROVE,DR,WATTLE GROVE,512.0,No,Not a school zone,X-intersection,-33.945341,150.946644,Liverpool,Sydney metro. area,Syd-Newc-Woll Gtr conurbation,Straight,,,,Off,Sealed,Wet,Raining,Daylight,On,No traffic controls,60 km/h,State,13,Right near,104,Adj - Right-thru from right,,Right angle,4 wheel drive / SUV,4 wheel drive / SUV,2,0,1,0,0,1,January,Summer,Monday,10:00 - 11:59,Midday / afternoon,False,False,True,True
1341673,Injury,Moderate Injury,2024,2024,January,Monday,14:00 - 15:59,LACHLAN VALLEY,WAY,1000,South,ROSSI,RD,GODFREYS CREEK,56.0,No,Not a school zone,2-way undivided,-34.145026,148.706502,Hilltops,Country non-urban,Rest of NSW - Rural,Straight,Ditch/drain/culvert,,,Nil,Sealed,Dry,Fine,Daylight,Nil,No traffic controls,100 km/h,State,71,Off rd left => obj,703,Left off cway into object,,Vehicle - Object,4 wheel drive / SUV,,1,0,0,1,0,1,January,Summer,Monday,14:00 - 15:59,Midday / afternoon,False,False,True,True
1341676,Injury,Serious Injury,2024,2024,January,Tuesday,20:00 - 21:59,DUDLEY BEACH,RD,500,East,BURWOOD,RD,DUDLEY,,No,Not a school zone,2-way undivided,-32.976665,151.722169,Lake Macquarie,Newcastle met. area,Syd-Newc-Woll Gtr conurbation,Curved,Steep grade,,,Nil,Sealed,Wet,Raining,Darkness,Nil,No traffic controls,50 km/h,Local,85,Off rt/lft bnd=>obj,804,Off left bend into obj,Right,Vehicle - Object,Light truck,,1,0,1,0,0,1,January,Summer,Tuesday,20:00 - 21:59,Evening / night,False,False,True,True
1341681,Injury,Minor/Other Injury,2024,2024,January,Tuesday,10:00 - 11:59,RYDE,RD,0,Right on the spot,PITTWATER,RD,GLADESVILLE,2033.0,No,Not a school zone,X-intersection,-33.824175,151.132814,Hunters Hill,Sydney metro. area,Syd-Newc-Woll Gtr conurbation,Straight,,,,Off,Sealed,Wet,Raining,Daylight,On,No traffic controls,60 km/h,Regional,10,Cross traffic,101,Adj - Cross traffic,,Right angle,Car (sedan/hatch),4 wheel drive / SUV,2,0,0,0,1,1,January,Summer,Tuesday,10:00 - 11:59,Midday / afternoon,False,False,True,True
1341683,Injury,Moderate Injury,2024,2024,January,Wednesday,06:00 - 07:59,BELMORE,RD,0,Right on the spot,CAIRNS,ST,RIVERWOOD,2050.0,No,Not a school zone,X-intersection,-33.95312,151.051793,Georges River,Sydney metro. area,Syd-Newc-Woll Gtr conurbation,Straight,,,,Nil,Sealed,Dry,Fine,Daylight,On,Ped crossing,50 km/h,Regional,2,Ped far side,3,Ped - Far side,,Vehicle - Pedestrian,Light truck utility(from 2018),Pedestrian,2,0,0,1,0,1,January,Summer,Wednesday,06:00 - 07:59,AM peak / school commute,True,False,True,True
1341687,Injury,Moderate Injury,2024,2024,January,Monday,16:00 - 17:59,THE WOOL,RD,200,West,NAVAL COLLEGE,RD,WORROWING HEIGHTS,7631.0,No,Not a school zone,2-way undivided,-35.079434,150.655129,Shoalhaven,Country urban,Rest of NSW - Urban,Straight,,,,Off,Sealed,Dry,Fine,Daylight,Nil,No traffic controls,60 km/h,Regional,20,Head on,201,Opp - Head on,,Head-on,Car (sedan/hatch),4 wheel drive / SUV,3,0,0,2,0,1,January,Summer,Monday,16:00 - 17:59,PM peak / evening commute,True,False,True,True
1341690,Injury,Serious Injury,2024,2024,January,Thursday,10:00 - 11:59,DIADEM,ST,100,North,URALBA,ST,LISMORE,,No,Not a school zone,2-way undivided,-28.808849,153.288066,Lismore,Country urban,Rest of NSW - Urban,Straight,,,,Off,Sealed,Dry,Fine,Daylight,Nil,No traffic controls,50 km/h,Local,71,Off rd left => obj,703,Left off cway into object,,Vehicle - Object,Car (sedan/hatch),,1,0,1,0,0,1,January,Summer,Thursday,10:00 - 11:59,Midday / afternoon,False,False,True,True
1341709,Injury,Serious Injury,2024,2024,January,Saturday,12:00 - 13:59,CORDEAUX,RD,0,Right on the spot,GIBSONS,RD,FIGTREE,,No,Not a school zone,T-junction,-34.444144,150.844167,Wollongong,Wollongong met. area,Syd-Newc-Woll Gtr conurbation,Straight,,,,Off,Sealed,Dry,Fine,Daylight,Nil,Stop sign,50 km/h,Local,13,Right near,104,Adj - Right-thru from right,,Right angle,Car (sedan/hatch),Motorcycle,2,0,1,0,0,1,January,Summer,Saturday,12:00 - 13:59,Midday / afternoon,False,False,True,True
1341714,Injury,Moderate Injury,2024,2024,January,Monday,00:01 - 01:59,MACQUARIE,ST,20,South,ALBERT,ST,SYDNEY,7304.0,No,Not a school zone,2-way undivided,-33.862179,151.213034,Sydney,Sydney metro. area,Syd-Newc-Woll Gtr conurbation,Straight,,,,On,Sealed,Wet,Raining,Darkness,Nil,No traffic controls,40 km/h,Regional,2,Ped far side,3,Ped - Far side,,Vehicle - Pedestrian,Other bus,Pedestrian,2,0,0,1,0,1,January,Summer,Monday,00:01 - 01:59,Late night / early morning,False,False,True,True
1341715,Injury,Moderate Injury,2024,2024,January,Sunday,12:00 - 13:59,BONDI,RD,50,East,CASTLEFIELD,ST,BONDI,172.0,No,Not a school zone,2-way undivided,-33.894578,151.267983,Waverley,Sydney metro. area,Syd-Newc-Woll Gtr conurbation,Straight,,,,Off,Sealed,Dry,Fine,Daylight,Nil,No traffic controls,50 km/h,State,30,Rear end,301,Same - Rear end,,Rear end,4 wheel drive / SUV,4 wheel drive / SUV,3,0,0,1,1,1,January,Summer,Sunday,12:00 - 13:59,Midday / afternoon,False,False,True,True
1341724,Injury,Moderate Injury,2024,2024,January,Friday,22:00 - Midnight,DANCE,RD,0,Right on the spot,DANCE RD,BDGE,BILBUL,,No,Not a school zone,2-way undivided,-34.254593,146.107082,Griffith,Country urban,Rest of NSW - Urban,Straight,Other bridge,,,Nil,Unsealed,Dry,Fine,Darkness,Nil,No traffic controls,70 km/h,Local,71,Off rd left => obj,703,Left off cway into object,,Vehicle - Object,Car (sedan/hatch),,1,0,0,1,1,1,January,Summer,Friday,22:00 - Midnight,Evening / night,False,False,True,True
1341725,Injury,Moderate Injury,2024,2024,January,Monday,14:00 - 15:59,BOLD,ST,0,Right on the spot,COWPER,ST,GRANVILLE,7101.0,No,Not a school zone,X-intersection,-33.830741,151.01027,Parramatta,Sydney metro. area,Syd-Newc-Woll Gtr conurbation,Straight,,,,Off,Sealed,Wet,Raining,Daylight,Nil,No traffic controls,60 km/h,Regional,24,Right/right,204,Opp - Right-right,,Other angle,Car (sedan/hatch),Motorcycle,2,0,0,1,0,1,January,Summer,Monday,14:00 - 15:59,Midday / afternoon,False,False,True,True
1341732,Injury,Serious Injury,2024,2024,January,Thursday,12:00 - 13:59,LAWRENCE,RD,0,Right on the spot,GREAT MARLOW,RD,ALUMY CREEK,152.0,No,Not a school zone,X-intersection,-29.658026,152.946957,Clarence Valley,Country urban,Rest of NSW - Urban,Straight,,,,Off,Sealed,Dry,Fine,Daylight,Nil,Stop sign,60 km/h,Regional,21,Right through,202,Opp - Right-thru,,Other angle,Car (sedan/hatch),Car (sedan/hatch),2,0,2,1,0,1,January,Summer,Thursday,12:00 - 13:59,Midday / afternoon,False,False,True,True
1341734,Injury,Serious Injury,2024,2024,January,Wednesday,16:00 - 17:59,PACIFIC,HWY,0,Right on the spot,ANZAC,RD,TUGGERAH,10.0,No,Not a school zone,T-junction,-33.307283,151.419808,Central Coast,Country urban,Syd-Newc-Woll Gtr conurbation,Straight,Bus stop,,,Off,Sealed,Dry,Fine,Daylight,On,Ped crossing,60 km/h,State,1,Ped emerging,2,Ped - emerging,,Vehicle - Pedestrian,Car (sedan/hatch),Pedestrian,2,0,1,0,0,1,January,Summer,Wednesday,16:00 - 17:59,PM peak / evening commute,True,False,True,True
1341740,Injury,Serious Injury,2024,2024,January,Monday,10:00 - 11:59,BRISBANE,ST,17,North,IRENE,PDE,NORAVILLE,,No,Not a school zone,2-way undivided,-33.270661,151.558509,Central Coast,Country urban,Syd-Newc-Woll Gtr conurbation,Straight,Driveway/entrance,,,Nil,Sealed,Dry,Fine,Daylight,Nil,No traffic controls,50 km/h,Local,2,Ped far side,3,Ped - Far side,,Vehicle - Pedestrian,Station wagon,Pedestrian,2,0,1,0,0,1,January,Summer,Monday,10:00 - 11:59,Midday / afternoon,False,False,True,True
1341746,Injury,Serious Injury,2024,2024,January,Thursday,10:00 - 11:59,THE HORSLEY,DR,0,Right on the spot,DUBLIN,ST,SMITHFIELD,2105.0,No,Not a school zone,X-intersection,-33.851301,150.925426,Fairfield,Sydney metro. area,Syd-Newc-Woll Gtr conurbation,Straight,,,,Nil,Sealed,Dry,Fine,Daylight,Nil,Left turn only,60 km/h,Regional,16,Left near,107,Adj - Left-thru from right,,Right angle,Car (sedan/hatch),Car (sedan/hatch),2,0,1,0,0,1,January,Summer,Thursday,10:00 - 11:59,Midday / afternoon,False,False,True,True
1341748,Injury,Moderate Injury,2024,2024,January,Friday,16:00 - 17:59,BOORAL,RD,100,West,GREYS,LANE,GIRVAN,,No,Not a school zone,2-way undivided,-32.466108,152.070783,Mid-Coast,Country non-urban,Rest of NSW - Rural,Curved,Embankment/cutting,,,Nil,Sealed,Dry,Fine,Daylight,Nil,No traffic controls,100 km/h,Local,88,Out of cont on bend,805,Out of control on bend,,Rollover,Motorcycle,,1,0,0,1,0,1,January,Summer,Friday,16:00 - 17:59,PM peak / evening commute,True,False,True,True
1341750,Injury,Moderate Injury,2024,2024,January,Sunday,08:00 - 09:59,TANGARRA,ST,0,Right on the spot,TAVISTOCK,ST,CROYDON PARK,,No,Not a school zone,X-intersection,-33.895561,151.093464,Burwood,Sydney metro. area,Syd-Newc-Woll Gtr conurbation,Straight,,,,Off,Sealed,Dry,Fine,Daylight,Nil,Stop sign,50 km/h,Local,50,Head on (overtake),501,Ovtak - Head on,,Head-on,Motorcycle,Car (sedan/hatch),2,0,0,1,0,1,January,Summer,Sunday,08:00 - 09:59,AM peak / school commute,True,False,True,True
1341759,Injury,Moderate Injury,2024,2024,January,Sunday,16:00 - 17:59,SMITHFIELD,RD,0,Right on the spot,MIMOSA,RD,GREENFIELD PARK,7220.0,No,Not a school zone,T-junction,-33.877865,150.893476,Fairfield,Sydney metro. area,Syd-Newc-Woll Gtr conurbation,Straight,,,,Off,Sealed,Wet,Raining,Daylight,On,No traffic controls,60 km/h,Regional,12,Left far,103,Adj - Left-thru from left,,Right angle,Car (sedan/hatch),Car (sedan/hatch),2,0,0,1,0,1,January,Summer,Sunday,16:00 - 17:59,PM peak / evening commute,True,False,True,True
1341764,Injury,Serious Injury,2024,2024,January,Monday,12:00 - 13:59,MARKET,ST,10,West,ELIZABETH,ST,SYDNEY,7083.0,No,Not a school zone,T-junction,-33.870723,151.210111,Sydney,Sydney metro. area,Syd-Newc-Woll Gtr conurbation,Straight,,,,Off,Sealed,Dry,Fine,Daylight,Unknown / not stated,No traffic controls,40 km/h,Regional,30,Rear end,301,Same - Rear end,,Rear end,4 wheel drive / SUV,Motor scooter,3,0,1,0,0,1,January,Summer,Monday,12:00 - 13:59,Midday / afternoon,False,False,True,True
1341766,Injury,Serious Injury,2024,2024,January,Monday,02:00 - 03:59,LAMBTON,RD,30,West,EVESCOURT,RD,NEW LAMBTON,223.0,Yes,No,2-way undivided,-32.922438,151.711717,Newcastle,Newcastle met. area,Syd-Newc-Woll Gtr conurbation,Straight,,,,On,Sealed,Dry,Fine,Darkness,Nil,No traffic controls,60 km/h,Regional,71,Off rd left => obj,703,Left off cway into object,,Other angle,Car (sedan/hatch),Light truck utility(from 2018),2,0,1,0,0,1,January,Summer,Monday,02:00 - 03:59,Late night / early morning,False,False,True,True
1341775,Injury,Moderate Injury,2024,2024,January,Saturday,16:00 - 17:59,RYLSTONE DAM,RD,800,East,BYLONG VALLEY,WAY,RYLSTONE,,No,Not a school zone,2-way undivided,-32.785681,149.98199,Mid-Western Regional,Country urban,Rest of NSW - Urban,Curved,Crest,,,Nil,Unsealed,Dry,Fine,Daylight,Nil,No traffic controls,50 km/h,Local,90,Fell in/from vehicle,901,Fell in/from vehicle,,Person - Object,Light truck utility(from 2018),,1,0,0,1,0,1,January,Summer,Saturday,16:00 - 17:59,PM peak / evening commute,True,False,True,True
1341791,Injury,Serious Injury,2024,2024,January,Sunday,14:00 - 15:59,ALLANDALE,RD,0,Right on the spot,SPERRY,ST,CESSNOCK,220.0,No,Not a school zone,T-junction,-32.830671,151.355738,Cessnock,Country urban,Rest of NSW - Urban,Straight,,,,Off,Sealed,Wet,Raining,Daylight,Nil,Stop sign,60 km/h,State,40,U turn,207,Opp - U-turn,,Other angle,Car (sedan/hatch),Light truck utility(from 2018),2,0,1,1,0,1,January,Summer,Sunday,14:00 - 15:59,Midday / afternoon,False,False,True,True
1341921,Injury,Serious Injury,2024,2024,January,Monday,14:00 - 15:59,HILLTOP,RD,10,West,WRIGHT,ST,MERRYLANDS,,No,Not a school zone,T-junction,-33.826318,150.976421,Cumberland,Sydney metro. area,Syd-Newc-Woll Gtr conurbation,Straight,,,,Nil,Sealed,Dry,Fine,Daylight,Nil,No traffic controls,50 km/h,Local,2,Ped far side,3,Ped - Far side,,Vehicle - Pedestrian,Car (sedan/hatch),Pedestrian,2,0,1,0,0,1,January,Summer,Monday,14:00 - 15:59,Midday / afternoon,False,False,True,True