crash_id,degree_of_crash,degree_of_crash_-_detailed,reporting_year,year_of_crash,month_of_crash,day_of_week_of_crash,two-hour_intervals,street_of_crash,street_type,distance,direction,identifying_feature,identifying_feature_type,town,route_no.,school_zone_location,school_zone_active,type_of_location,latitude,longitude,lga,urbanisation,conurbation_1,alignment,primary_permanent_feature,primary_temporary_feature,primary_hazardous_feature,street_lighting,road_surface,surface_condition,weather,natural_lighting,signals_operation,other_traffic_control,speed_limit,road_classification_(admin),rum_-_code,rum_-_description,dca_-_code,dca_-_description,dca_supplement,first_impact_type,key_tu_type,other_tu_type,no._of_traffic_units_involved,no._killed,no._seriously_injured,no._moderately_injured,no._minor-other_injured,month_num,month_label,season,day_label,time_label,time_band,is_peak_commute,is_fatal,is_injury,is_casualty
1341931,Injury,Minor/Other Injury,2024,2024,January,Sunday,12:00 - 13:59,CARRINGTON,PDE,0,Right on the spot,LUMSDAINE,DR,FRESHWATER,,No,Not a school zone,T-junction,-33.778153,151.293205,Northern Beaches,Sydney metro. area,Syd-Newc-Woll Gtr conurbation,Curved,,,,Unknown / not stated,Sealed,Dry,Overcast,Daylight,Nil,Stop sign,50 km/h,Local,13,Right near,104,Adj - Right-thru from right,,Right angle,4 wheel drive / SUV,4 wheel drive / SUV,2,0,0,0,1,1,January,Summer,Sunday,12:00 - 13:59,Midday / afternoon,False,False,True,True
1341941,Injury,Moderate Injury,2024,2024,January,Thursday,14:00 - 15:59,MULGOA,WAY,50,East,JULIA,CT,MUDGEE,,No,Not a school zone,2-way undivided,-32.596211,149.601458,Mid-Western Regional,Country urban,Rest of NSW - Urban,Curved,,,,Off,Sealed,Dry,Fine,Daylight,Nil,No traffic controls,50 km/h,Local,90,Fell in/from vehicle,901,Fell in/from vehicle,,Person - Object,Light truck utility(from 2018),,1,0,0,1,0,1,January,Summer,Thursday,14:00 - 15:59,Midday / afternoon,False,False,True,True
1341943,Injury,Moderate Injury,2024,2024,January,Tuesday,00:01 - 01:59,MUBO,CRES,10,West,SATELBERG,ST,HOLSWORTHY,,No,Not a school zone,T-junction,-33.960316,150.950274,Liverpool,Sydney metro. area,Syd-Newc-Woll Gtr conurbation,Straight,,,,On,Sealed,Dry,Fine,Darkness,Nil,No traffic controls,40 km/h,Local,71,Off rd left => obj,703,Left off cway into object,,Other angle,Car (sedan/hatch),Light truck utility(from 2018),2,0,0,1,0,1,January,Summer,Tuesday,00:01 - 01:59,Late night / early morning,False,False,True,True
1341945,Injury,Moderate Injury,2024,2024,January,Monday,14:00 - 15:59,NEWELL,HWY,3000,South,BELOWRIE,RD,TOMINGLEY,17.0,No,Not a school zone,2-way undivided,-32.460772,148.338342,Narromine,Country non-urban,Rest of NSW - Rural,Curved,,,Flooded/submerged,Nil,Sealed,Wet,Raining,Daylight,Nil,No traffic controls,110 km/h,State,82,Off right/right bend,801,Off cway right bend,Right,Rollover,4 wheel drive / SUV,,1,0,0,1,0,1,January,Summer,Monday,14:00 - 15:59,Midday / afternoon,False,False,True,True
1341947,Injury,Serious Injury,2024,2024,January,Thursday,12:00 - 13:59,EPPING,RD,0,Right on the spot,PITTWATER,RD,NORTH RYDE,373.0,No,Not a school zone,T-junction,-33.796651,151.137071,Ryde,Sydney metro. area,Syd-Newc-Woll Gtr conurbation,Straight,,,,On,Sealed,Dry,Fine,Daylight,On,No traffic controls,70 km/h,State,71,Off rd left => obj,703,Left off cway into object,,Vehicle - Object,Car (sedan/hatch),,1,0,1,0,0,1,January,Summer,Thursday,12:00 - 13:59,Midday / afternoon,False,False,True,True
1341955,Injury,Moderate Injury,2024,2024,January,Wednesday,14:00 - 15:59,MONARO,HWY,3000,North,BILLILINGRA,RD,BILLILINGRA,19.0,No,Not a school zone,2-way undivided,-35.998911,149.141648,Snowy Monaro Regional,Country non-urban,Rest of NSW - Rural,Straight,Crest,,,Unknown / not stated,Sealed,Wet,Raining,Daylight,Nil,No traffic controls,100 km/h,State,70,Off road to left,701,Off carriageway to left,,Rollover,Car (sedan/hatch),,1,0,0,1,0,1,January,Summer,Wednesday,14:00 - 15:59,Midday / afternoon,False,False,True,True
1341967,Injury,Moderate Injury,2024,2024,January,Wednesday,16:00 - 17:59,ATTWATER,AVE,0,Right on the spot,FERGUSON,ST,CESSNOCK,,No,Not a school zone,T-junction,-32.828235,151.35996,Cessnock,Country urban,Rest of NSW - Urban,Straight,,,,Unknown / not stated,Sealed,Dry,Fine,Daylight,Nil,No traffic controls,50 km/h,Local,88,Out of cont on bend,706,Left turn,,Rollover,Motorcycle,,1,0,0,1,0,1,January,Summer,Wednesday,16:00 - 17:59,PM peak / evening commute,True,False,True,True
1341971,Injury,Serious Injury,2024,2024,January,Sunday,16:00 - 17:59,ILLAWARRA,RD,150,South,CAHILL,PL,MARRICKVILLE,2021.0,No,Not a school zone,2-way undivided,-33.920296,151.144419,Inner West,Sydney metro. area,Syd-Newc-Woll Gtr conurbation,Straight,,,,Nil,Sealed,Dry,Fine,Daylight,Nil,No traffic controls,50 km/h,Regional,63,Vehicle door,604,On path - Vehicle door,,Other angle,Pedal cycle,Car (sedan/hatch),2,0,1,0,0,1,January,Summer,Sunday,16:00 - 17:59,PM peak / evening commute,True,False,True,True
1341972,Injury,Moderate Injury,2024,2024,January,Saturday,12:00 - 13:59,RACECOURSE,TRL,800,East,COACHWOOD,RD,FORBES RIVER,,No,Not a school zone,2-way undivided,-31.132792,152.330956,Port Macquarie-Hastings,Country non-urban,Rest of NSW - Rural,Curved,,,Potholes/corrugations/rough,Nil,Unsealed,Dry,Fine,Daylight,Nil,No traffic controls,100 km/h,Local,88,Out of cont on bend,805,Out of control on bend,,Rollover,Motorcycle,,1,0,0,1,0,1,January,Summer,Saturday,12:00 - 13:59,Midday / afternoon,False,False,True,True
1341978,Injury,Moderate Injury,2024,2024,January,Thursday,08:00 - 09:59,WONDALGA,RD,0,Right on the spot,RIMMERS,LANE,ADELONG,280.0,No,Not a school zone,T-junction,-35.320548,148.066604,Snowy Valleys,Country urban,Rest of NSW - Urban,Curved,Steep grade,,Loose gravel shoulder,Off,Sealed,Dry,Fine,Daylight,Nil,No traffic controls,50 km/h,Regional,85,Off rt/lft bnd=>obj,804,Off left bend into obj,Right,Vehicle - Object,4 wheel drive / SUV,,1,0,0,1,0,1,January,Summer,Thursday,08:00 - 09:59,AM peak / school commute,True,False,True,True
1341989,Injury,Serious Injury,2024,2024,January,Tuesday,04:00 - 05:59,RICHMOND,RD,250,South,ST MARYS,RD,BERKSHIRE PARK,537.0,No,Not a school zone,2-way undivided,-33.669494,150.804626,Penrith,Sydney metro. area,Syd-Newc-Woll Gtr conurbation,Straight,,,,Nil,Sealed,Wet,Fine,Dawn,Nil,No traffic controls,80 km/h,State,20,Head on,201,Opp - Head on,,Head-on,Large rigid,Large rigid,2,0,2,0,0,1,January,Summer,Tuesday,04:00 - 05:59,Late night / early morning,False,False,True,True
1341992,Injury,Moderate Injury,2024,2024,January,Monday,16:00 - 17:59,PACIFIC,HWY,400,North,BRUXNER PARK,RD,KORORA,10.0,No,Not a school zone,Divided road,-30.261731,153.128402,Coffs Harbour,Country urban,Rest of NSW - Urban,Curved,,,,Nil,Sealed,Wet,Raining,Daylight,Nil,No traffic controls,80 km/h,State,33,Lane sideswipe,305,Same - Lane side swipe,,Other angle,Light truck utility(from 2018),Station wagon,2,0,0,1,0,1,January,Summer,Monday,16:00 - 17:59,PM peak / evening commute,True,False,True,True
1341993,Injury,Minor/Other Injury,2024,2024,January,Tuesday,10:00 - 11:59,CAMERON,ST,0,Right on the spot,ROWNTREE,ST,BIRCHGROVE,,No,Not a school zone,X-intersection,-33.852975,151.181356,Inner West,Sydney metro. area,Syd-Newc-Woll Gtr conurbation,Straight,,,,Unknown / not stated,Sealed,Dry,Fine,Daylight,Nil,Stop sign,40 km/h,Local,49,Other manoeuvring,400,Manov - other,,Other angle,Unknown motor vehicle,4 wheel drive / SUV,2,0,0,0,1,1,January,Summer,Tuesday,10:00 - 11:59,Midday / afternoon,False,False,True,True
1341997,Injury,Moderate Injury,2024,2024,January,Monday,14:00 - 15:59,CENTRAL COAST,HWY,0,Right on the spot,DANE,DR,GOSFORD,30.0,No,Not a school zone,Roundabout,-33.429251,151.338776,Central Coast,Country urban,Syd-Newc-Woll Gtr conurbation,Curved,,,,Unknown / not stated,Sealed,Dry,Fine,Daylight,Nil,Give way sign,60 km/h,State,30,Rear end,301,Same - Rear end,,Rear end,Car (sedan/hatch),Light truck utility(from 2018),2,0,0,1,0,1,January,Summer,Monday,14:00 - 15:59,Midday / afternoon,False,False,True,True
1341998,Injury,Moderate Injury,2024,2024,January,Tuesday,10:00 - 11:59,OLD WINDSOR,RD,0,Right on the spot,BALMORAL,RD,GLENWOOD,635.0,No,Not a school zone,X-intersection,-33.725355,150.939898,Blacktown,Sydney metro. area,Syd-Newc-Woll Gtr conurbation,Straight,,,,Unknown / not stated,Sealed,Dry,Fine,Daylight,Off,No traffic controls,80 km/h,State,30,Rear end,301,Same - Rear end,,Rear end,Car (sedan/hatch),4 wheel drive / SUV,2,0,0,1,0,1,January,Summer,Tuesday,10:00 - 11:59,Midday / afternoon,False,False,True,True
1342001,Injury,Moderate Injury,2024,2024,January,Friday,10:00 - 11:59,BRUXNER,HWY,170,East,WARDELL ROAD,OP,ALSTONVILLE,16.0,No,Not a school zone,2-way undivided,-28.847481,153.440003,Ballina,Country non-urban,Rest of NSW - Rural,Curved,Ditch/drain/culvert,,,Unknown / not stated,Sealed,Dry,Fine,Daylight,Nil,No traffic controls,100 km/h,State,81,Off left/rt bnd=>obj,803,Off right bend into obj,Left,Vehicle - Object,Light truck,,1,0,0,1,0,1,January,Summer,Friday,10:00 - 11:59,Midday / afternoon,False,False,True,True
1342002,Injury,Moderate Injury,2024,2024,January,Thursday,20:00 - 21:59,MONA VALE,RD,0,Right on the spot,BUNGAN,ST,MONA VALE,162.0,No,Not a school zone,T-junction,-33.678383,151.301049,Northern Beaches,Sydney metro. area,Syd-Newc-Woll Gtr conurbation,Straight,,,,Unknown / not stated,Sealed,Dry,Fine,Darkness,On,No traffic controls,60 km/h,State,21,Right through,202,Opp - Right-thru,,Other angle,Car (sedan/hatch),Other bus,2,0,0,2,0,1,January,Summer,Thursday,20:00 - 21:59,Evening / night,False,False,True,True
1342003,Injury,Minor/Other Injury,2024,2024,January,Thursday,14:00 - 15:59,RIVERINA,HWY,50,North,DEAN,ST,ALBURY,20.0,No,Not a school zone,Divided road,-36.081212,146.923677,Albury,Country urban,Rest of NSW - Urban,Straight,,,,Unknown / not stated,Sealed,Dry,Fine,Daylight,Nil,No traffic controls,60 km/h,State,30,Rear end,301,Same - Rear end,,Rear end,Motorcycle,4 wheel drive / SUV,2,0,0,0,1,1,January,Summer,Thursday,14:00 - 15:59,Midday / afternoon,False,False,True,True
1342005,Injury,Moderate Injury,2024,2024,January,Friday,18:00 - 19:59,FAIRFORD,RD,0,Right on the spot,BRYANT,ST,PADSTOW,190.0,No,Not a school zone,X-intersection,-33.941377,151.035262,Canterbury-Bankstown,Sydney metro. area,Syd-Newc-Woll Gtr conurbation,Straight,,,,Unknown / not stated,Sealed,Dry,Fine,Dusk,Nil,Stop sign,70 km/h,State,13,Right near,104,Adj - Right-thru from right,,Right angle,Light truck utility(from 2018),Car (sedan/hatch),2,0,0,1,0,1,January,Summer,Friday,18:00 - 19:59,PM peak / evening commute,True,False,True,True
1342006,Injury,Moderate Injury,2024,2024,January,Tuesday,10:00 - 11:59,MANNS,RD,0,Right on the spot,YANDINA,RD,WEST GOSFORD,349.0,No,Not a school zone,T-junction,-33.419055,151.3202,Central Coast,Country urban,Syd-Newc-Woll Gtr conurbation,Straight,,,,Unknown / not stated,Sealed,Dry,Fine,Daylight,Nil,Give way sign,60 km/h,State,30,Rear end,301,Same - Rear end,,Rear end,4 wheel drive / SUV,4 wheel drive / SUV,2,0,0,1,0,1,January,Summer,Tuesday,10:00 - 11:59,Midday / afternoon,False,False,True,True
1342009,Injury,Minor/Other Injury,2024,2024,January,Saturday,06:00 - 07:59,NORTON,ST,0,Right on the spot,WILLIAM,ST,LEICHHARDT,,No,Not a school zone,Roundabout,-33.877405,151.156209,Inner West,Sydney metro. area,Syd-Newc-Woll Gtr conurbation,Straight,,,,Unknown / not stated,Sealed,Dry,Fine,Daylight,Nil,Give way sign,50 km/h,Local,99,Unknown,907,Vehicle movements unknown,,Unknown,4 wheel drive / SUV,Pedal cycle,2,0,0,0,1,1,January,Summer,Saturday,06:00 - 07:59,AM peak / school commute,True,False,True,True
1342012,Injury,Moderate Injury,2024,2024,January,Saturday,12:00 - 13:59,MACQUARIE,ST,0,Right on the spot,KABLE,ST,WINDSOR,184.0,No,Not a school zone,X-intersection,-33.606761,150.822191,Hawkesbury,Country urban,Syd-Newc-Woll Gtr conurbation,Straight,,,,Unknown / not stated,Sealed,Dry,Fine,Daylight,On,No traffic controls,60 km/h,State,21,Right through,202,Opp - Right-thru,,Other angle,Car (sedan/hatch),4 wheel drive / SUV,2,0,0,1,0,1,January,Summer,Saturday,12:00 - 13:59,Midday / afternoon,False,False,True,True
1342015,Injury,Moderate Injury,2024,2024,January,Friday,08:00 - 09:59,EAST,ST,16,South,DOUGLAS,ST,NARRANDERA,,No,Not a school zone,2-way undivided,-34.744674,146.553506,Narrandera,Country urban,Rest of NSW - Urban,Straight,,,,Unknown / not stated,Sealed,Dry,Fine,Daylight,Nil,No traffic controls,50 km/h,Local,71,Off rd left => obj,703,Left off cway into object,,Other angle,Light truck utility(from 2018),Light truck utility(from 2018),2,0,0,1,0,1,January,Summer,Friday,08:00 - 09:59,AM peak / school commute,True,False,True,True
1342016,Injury,Moderate Injury,2024,2024,January,Saturday,12:00 - 13:59,CHUTER,AVE,0,Right on the spot,NUMBER 128,HN,RAMSGATE BEACH,7003.0,No,Not a school zone,2-way undivided,-33.984474,151.143984,Bayside,Sydney metro. area,Syd-Newc-Woll Gtr conurbation,Straight,Driveway/entrance,,,Unknown / not stated,Sealed,Dry,Fine,Daylight,Nil,No traffic controls,60 km/h,Regional,47,Emerging from drive,406,Manov - Emerging from driveway,,Right angle,Station wagon,4 wheel drive / SUV,2,0,0,1,0,1,January,Summer,Saturday,12:00 - 13:59,Midday / afternoon,False,False,True,True
1342017,Injury,Minor/Other Injury,2024,2024,January,Monday,16:00 - 17:59,QUEEN,ST,0,Right on the spot,PUBLIC SCHOOL,OT,CONCORD WEST,,Yes,No,2-way undivided,-33.839796,151.086235,Canada Bay,Sydney metro. area,Syd-Newc-Woll Gtr conurbation,Straight,,,,Unknown / not stated,Sealed,Dry,Fine,Daylight,Nil,Ped crossing,50 km/h,Local,30,Rear end,301,Same - Rear end,,Rear end,Car (sedan/hatch),Car (sedan/hatch),2,0,0,0,1,1,January,Summer,Monday,16:00 - 17:59,PM peak / evening commute,True,False,True,True
1342020,Injury,Minor/Other Injury,2024,2024,January,Sunday,22:00 - Midnight,CAPTAINS FLAT,RD,400,South,WOOLCARA,LANE,PRIMROSE VALLEY,270.0,No,Not a school zone,2-way undivided,-35.439703,149.38078,Queanbeyan-Palerang Regional,Country non-urban,Rest of NSW - Rural,Curved,,,,Unknown / not stated,Sealed,Dry,Fine,Darkness,Nil,No traffic controls,100 km/h,Regional,80,Off left/right bend,801,Off cway right bend,Left,Rollover,Car (sedan/hatch),,1,0,0,0,1,1,January,Summer,Sunday,22:00 - Midnight,Evening / night,False,False,True,True
1342021,Injury,Serious Injury,2024,2024,January,Monday,14:00 - 15:59,BLACKSTONE,ST,0,Right on the spot,HASSALL,ST,WETHERILL PARK,,No,Not a school zone,T-junction,-33.841136,150.921781,Fairfield,Sydney metro. area,Syd-Newc-Woll Gtr conurbation,Straight,,,,Unknown / not stated,Sealed,Dry,Fine,Daylight,Nil,Give way sign,60 km/h,Local,39,Other same direction,300,Same - other,,Other angle,Light truck,4 wheel drive / SUV,2,0,1,0,0,1,January,Summer,Monday,14:00 - 15:59,Midday / afternoon,False,False,True,True
1342025,Injury,Moderate Injury,2024,2024,January,Thursday,20:00 - 21:59,PRINCE,ST,10,West,COWLES,RD,MOSMAN,,No,Not a school zone,T-junction,-33.827114,151.237758,Mosman,Sydney metro. area,Syd-Newc-Woll Gtr conurbation,Straight,,,,Unknown / not stated,Sealed,Dry,Fine,Darkness,Nil,No traffic controls,50 km/h,Local,71,Off rd left => obj,703,Left off cway into object,,Other angle,Station wagon,4 wheel drive / SUV,2,0,0,1,0,1,January,Summer,Thursday,20:00 - 21:59,Evening / night,False,False,True,True
1342030,Injury,Serious Injury,2024,2024,January,Saturday,10:00 - 11:59,HAZELGROVE,RD,3000,South,SODWALLS,RD,TARANA,,No,Not a school zone,2-way undivided,-33.531332,149.914642,Lithgow,Country non-urban,Rest of NSW - Rural,Curved,,,,Unknown / not stated,Sealed,Dry,Fine,Daylight,Nil,No traffic controls,100 km/h,Local,88,Out of cont on bend,805,Out of control on bend,,Rollover,Motorcycle,,1,0,1,0,0,1,January,Summer,Saturday,10:00 - 11:59,Midday / afternoon,False,False,True,True
1342031,Injury,Minor/Other Injury,2024,2024,January,Tuesday,06:00 - 07:59,CURTIS,RD,10,South,CAMPBELL,ST,BALMAIN,,No,Not a school zone,T-junction,-33.857893,151.183861,Inner West,Sydney metro. area,Syd-Newc-Woll Gtr conurbation,Straight,,,,Unknown / not stated,Sealed,Dry,Fine,Dawn,Nil,No traffic controls,40 km/h,Local,63,Vehicle door,604,On path - Vehicle door,,Other angle,Pedal cycle,Car (sedan/hatch),2,0,0,0,1,1,January,Summer,Tuesday,06:00 - 07:59,AM peak / school commute,True,False,True,True
1342032,Injury,Moderate Injury,2024,2024,January,Thursday,10:00 - 11:59,BENDEELA,RD,1000,South,JACKS CORNER,RD,KANGAROO VALLEY,,No,Not a school zone,2-way undivided,-34.734025,150.479656,Shoalhaven,Country urban,Rest of NSW - Urban,Straight,Painted double centre lines,,,Unknown / not stated,Sealed,Dry,Overcast,Daylight,Nil,No traffic controls,60 km/h,Local,59,Other overtaking,500,Ovtak - other,,Other angle,Other bus,Other bus,3,0,0,1,1,1,January,Summer,Thursday,10:00 - 11:59,Midday / afternoon,False,False,True,True
1342033,Injury,Moderate Injury,2024,2024,January,Saturday,12:00 - 13:59,TELARAH,ST,0,Right on the spot,NUMBER 58,HN,TELARAH,,No,Not a school zone,2-way undivided,-32.729313,151.535493,Maitland,Country urban,Rest of NSW - Urban,Straight,,,,Unknown / not stated,Sealed,Dry,Fine,Daylight,Nil,No traffic controls,50 km/h,Local,30,Rear end,301,Same - Rear end,,Rear end,Car (sedan/hatch),Car (sedan/hatch),2,0,0,1,0,1,January,Summer,Saturday,12:00 - 13:59,Midday / afternoon,False,False,True,True
1342035,Injury,Minor/Other Injury,2024,2024,January,Thursday,14:00 - 15:59,JUHLES MOUNTAIN,RD,0,Right on the spot,NUMBER 3,HN,MOORLAND,,No,Not a school zone,2-way undivided,-31.747266,152.649463,Mid-Coast,Country non-urban,Rest of NSW - Rural,Curved,Driveway/entrance,,,Unknown / not stated,Unsealed,Dry,Fine,Daylight,Nil,No traffic controls,100 km/h,Local,31,Left rear,302,Same - Rear left,,Rear end,Light truck,4 wheel drive / SUV,2,0,0,0,1,1,January,Summer,Thursday,14:00 - 15:59,Midday / afternoon,False,False,True,True
1342036,Injury,Serious Injury,2024,2024,January,Tuesday,16:00 - 17:59,CROSS,ST,0,Right on the spot,RAILWAY,ST,BAULKHAM HILLS,,No,Not a school zone,T-junction,-33.755671,150.99862,The Hills,Sydney metro. area,Syd-Newc-Woll Gtr conurbation,Straight,,,,Unknown / not stated,Sealed,Dry,Fine,Daylight,Nil,No traffic controls,50 km/h,Local,32,Right rear,303,Same - Rear right,,Rear end,4 wheel drive / SUV,Car (sedan/hatch),2,0,1,0,0,1,January,Summer,Tuesday,16:00 - 17:59,PM peak / evening commute,True,False,True,True
1342043,Injury,Serious Injury,2024,2024,January,Tuesday,16:00 - 17:59,SOUTH WESTERN,EXP,740,East,HEATHCOTE,RD,HAMMONDVILLE,6005.0,No,Not a school zone,Dual freeway,-33.944713,150.949753,Liverpool,Sydney metro. area,Syd-Newc-Woll Gtr conurbation,Straight,,,,Unknown / not stated,Sealed,Dry,Fine,Dusk,Nil,No traffic controls,100 km/h,State,30,Rear end,301,Same - Rear end,,Rear end,Car (sedan/hatch),Light truck utility(from 2018),2,0,1,0,1,1,January,Summer,Tuesday,16:00 - 17:59,PM peak / evening commute,True,False,True,True
1342045,Injury,Minor/Other Injury,2024,2024,January,Friday,12:00 - 13:59,ELDRIDGE,RD,0,Right on the spot,MONS,ST,CONDELL PARK,,No,Not a school zone,T-junction,-33.931574,151.017337,Canterbury-Bankstown,Sydney metro. area,Syd-Newc-Woll Gtr conurbation,Straight,,,,Unknown / not stated,Sealed,Dry,Fine,Daylight,Nil,No traffic controls,50 km/h,Local,30,Rear end,301,Same - Rear end,,Rear end,Car (sedan/hatch),4 wheel drive / SUV,2,0,0,0,1,1,January,Summer,Friday,12:00 - 13:59,Midday / afternoon,False,False,True,True
1342047,Injury,Moderate Injury,2024,2024,January,Sunday,18:00 - 19:59,MEADOWS,RD,0,Right on the spot,PATRICIA,AVE,MOUNT PRITCHARD,7228.0,No,Not a school zone,T-junction,-33.905036,150.894814,Fairfield,Sydney metro. area,Syd-Newc-Woll Gtr conurbation,Straight,,,,Unknown / not stated,Sealed,Dry,Fine,Darkness,Nil,No traffic controls,50 km/h,Regional,21,Right through,202,Opp - Right-thru,,Other angle,Car (sedan/hatch),Station wagon,2,0,0,1,0,1,January,Summer,Sunday,18:00 - 19:59,PM peak / evening commute,True,False,True,True
1342056,Injury,Minor/Other Injury,2024,2024,January,Thursday,12:00 - 13:59,CARLISLE,AVE,100,South,LUXFORD,RD,MOUNT DRUITT,629.0,No,Not a school zone,Divided road,-33.765183,150.817145,Blacktown,Sydney metro. area,Syd-Newc-Woll Gtr conurbation,Straight,,,,Unknown / not stated,Sealed,Dry,Fine,Daylight,Nil,No traffic controls,60 km/h,State,30,Rear end,301,Same - Rear end,,Rear end,Car (sedan/hatch),Car (sedan/hatch),3,0,0,0,1,1,January,Summer,Thursday,12:00 - 13:59,Midday / afternoon,False,False,True,True
1342066,Injury,Moderate Injury,2024,2024,January,Thursday,14:00 - 15:59,GARFIELD,RD,0,Right on the spot,FERMOY,RD,MARSDEN PARK,546.0,No,Not a school zone,T-junction,-33.690653,150.843608,Blacktown,Sydney metro. area,Syd-Newc-Woll Gtr conurbation,Straight,,,,Unknown / not stated,Sealed,Wet,Raining,Daylight,Nil,No traffic controls,70 km/h,State,32,Right rear,303,Same - Rear right,,Rear end,Large rigid,4 wheel drive / SUV,2,0,0,1,0,1,January,Summer,Thursday,14:00 - 15:59,Midday / afternoon,False,False,True,True
1342067,Injury,Moderate Injury,2024,2024,January,Friday,16:00 - 17:59,ANZAC,RD,0,Right on the spot,MOOREBANK,AVE,MOOREBANK,,No,Not a school zone,T-junction,-33.943886,150.924279,Liverpool,Sydney metro. area,Syd-Newc-Woll Gtr conurbation,Straight,,,,Unknown / not stated,Sealed,Dry,Fine,Unknown,On,No traffic controls,60 km/h,Local,19,Other adjacent,100,Adj - other,,Right angle,4 wheel drive / SUV,Car (sedan/hatch),2,0,0,1,0,1,January,Summer,Friday,16:00 - 17:59,PM peak / evening commute,True,False,True,True
1342073,Injury,Minor/Other Injury,2024,2024,January,Wednesday,16:00 - 17:59,PRINCES,HWY,10,North,ARGYLE,ST,WOLLI CREEK,1.0,No,Not a school zone,T-junction,-33.93474,151.151431,Bayside,Sydney metro. area,Syd-Newc-Woll Gtr conurbation,Straight,,,,Unknown / not stated,Sealed,Dry,Fine,Daylight,Nil,No traffic controls,60 km/h,State,30,Rear end,301,Same - Rear end,,Rear end,Car (sedan/hatch),4 wheel drive / SUV,2,0,0,0,1,1,January,Summer,Wednesday,16:00 - 17:59,PM peak / evening commute,True,False,True,True
1342074,Injury,Moderate Injury,2024,2024,January,Thursday,08:00 - 09:59,BOYD,ST,200,South,FLORENCE,ST,TWEED HEADS,,No,Not a school zone,2-way undivided,-28.177337,153.539935,Tweed,Country urban,Rest of NSW - Urban,Straight,,,,Unknown / not stated,Sealed,Dry,Fine,Daylight,Nil,No traffic controls,50 km/h,Local,40,U turn,304,Same - U-turn,,Other angle,4 wheel drive / SUV,4 wheel drive / SUV,2,0,0,1,0,1,January,Summer,Thursday,08:00 - 09:59,AM peak / school commute,True,False,True,True
1342079,Injury,Moderate Injury,2024,2024,January,Saturday,16:00 - 17:59,KING GEORGES,RD,0,Right on the spot,NUMBER 379,HN,BEVERLY HILLS,200.0,No,Not a school zone,Divided road,-33.945397,151.07795,Canterbury-Bankstown,Sydney metro. area,Syd-Newc-Woll Gtr conurbation,Straight,Steep grade,,,Unknown / not stated,Sealed,Dry,Fine,Daylight,Nil,No traffic controls,60 km/h,State,30,Rear end,301,Same - Rear end,,Rear end,Unknown motor vehicle,4 wheel drive / SUV,2,0,0,1,0,1,January,Summer,Saturday,16:00 - 17:59,PM peak / evening commute,True,False,True,True
1342080,Injury,Moderate Injury,2024,2024,January,Wednesday,12:00 - 13:59,BUNGARY,RD,0,Right on the spot,DENISON,ST,NORAH HEAD,,No,Not a school zone,T-junction,-33.274419,151.56309,Central Coast,Country urban,Syd-Newc-Woll Gtr conurbation,Straight,,,,Unknown / not stated,Sealed,Dry,Fine,Daylight,Nil,No traffic controls,50 km/h,Local,21,Right through,202,Opp - Right-thru,,Other angle,4 wheel drive / SUV,4 wheel drive / SUV,2,0,0,2,0,1,January,Summer,Wednesday,12:00 - 13:59,Midday / afternoon,False,False,True,True
1342081,Injury,Minor/Other Injury,2024,2024,January,Thursday,08:00 - 09:59,WESTERN,DSTR,500,West,PYRMONT BRIDGE ROAD,OP,PYRMONT,165.0,No,Not a school zone,Divided road,-33.870184,151.189327,Sydney,Sydney metro. area,Syd-Newc-Woll Gtr conurbation,Straight,Other bridge,,,Unknown / not stated,Sealed,Dry,Fine,Daylight,Nil,No traffic controls,60 km/h,State,30,Rear end,301,Same - Rear end,,Rear end,Car (sedan/hatch),4 wheel drive / SUV,2,0,0,0,1,1,January,Summer,Thursday,08:00 - 09:59,AM peak / school commute,True,False,True,True
1342083,Injury,Minor/Other Injury,2024,2024,January,Saturday,06:00 - 07:59,PARKES,ST,0,Right on the spot,STATION,ST,HARRIS PARK,2049.0,No,Not a school zone,X-intersection,-33.819387,151.007484,Parramatta,Sydney metro. area,Syd-Newc-Woll Gtr conurbation,Straight,,,,Unknown / not stated,Sealed,Dry,Fine,Daylight,On,No traffic controls,60 km/h,Regional,13,Right near,104,Adj - Right-thru from right,,Right angle,4 wheel drive / SUV,4 wheel drive / SUV,2,0,0,0,1,1,January,Summer,Saturday,06:00 - 07:59,AM peak / school commute,True,False,True,True
1342086,Injury,Minor/Other Injury,2024,2024,January,Friday,08:00 - 09:59,KING GEORGES,RD,0,Right on the spot,PUNCHBOWL,RD,WILEY PARK,200.0,No,Not a school zone,X-intersection,-33.917466,151.065154,Canterbury-Bankstown,Sydney metro. area,Syd-Newc-Woll Gtr conurbation,Straight,,,,Unknown / not stated,Sealed,Dry,Fine,Daylight,On,No traffic controls,60 km/h,State,34,Lane change right,306,Same - Lane change right,,Other angle,4 wheel drive / SUV,Car (sedan/hatch),3,0,0,0,1,1,January,Summer,Friday,08:00 - 09:59,AM peak / school commute,True,False,True,True