crash_id,degree_of_crash,degree_of_crash_-_detailed,reporting_year,year_of_crash,month_of_crash,day_of_week_of_crash,two-hour_intervals,street_of_crash,street_type,distance,direction,identifying_feature,identifying_feature_type,town,route_no.,school_zone_location,school_zone_active,type_of_location,latitude,longitude,lga,urbanisation,conurbation_1,alignment,primary_permanent_feature,primary_temporary_feature,primary_hazardous_feature,street_lighting,road_surface,surface_condition,weather,natural_lighting,signals_operation,other_traffic_control,speed_limit,road_classification_(admin),rum_-_code,rum_-_description,dca_-_code,dca_-_description,dca_supplement,first_impact_type,key_tu_type,other_tu_type,no._of_traffic_units_involved,no._killed,no._seriously_injured,no._moderately_injured,no._minor-other_injured,month_num,month_label,season,day_label,time_label,time_band,is_peak_commute,is_fatal,is_injury,is_casualty
1342087,Injury,Moderate Injury,2024,2024,January,Saturday,14:00 - 15:59,PACIFIC,HWY,0,Right on the spot,KEMP,ST,HAMILTON SOUTH,10.0,Yes,No,X-intersection,-32.931421,151.753537,Newcastle,Newcastle met. area,Syd-Newc-Woll Gtr conurbation,Straight,,,,Off,Sealed,Dry,Fine,Daylight,Nil,Stop sign,60 km/h,State,37,Left turn sideswipe,309,Same - Left turn side swipe,,Other angle,4 wheel drive / SUV,Pedal cycle,2,0,0,1,0,1,January,Summer,Saturday,14:00 - 15:59,Midday / afternoon,False,False,True,True
1342090,Injury,Minor/Other Injury,2024,2024,January,Tuesday,12:00 - 13:59,OCEAN,ST,100,South,NEW SOUTH HEAD,RD,EDGECLIFF,7330.0,No,Not a school zone,2-way undivided,-33.880005,151.237588,Woollahra,Sydney metro. area,Syd-Newc-Woll Gtr conurbation,Curved,Driveway/entrance,,,Unknown / not stated,Sealed,Wet,Raining,Daylight,On,No traffic controls,50 km/h,Regional,30,Rear end,301,Same - Rear end,,Rear end,Car (sedan/hatch),Light truck utility(from 2018),2,0,0,0,1,1,January,Summer,Tuesday,12:00 - 13:59,Midday / afternoon,False,False,True,True
1342094,Injury,Minor/Other Injury,2024,2024,January,Friday,10:00 - 11:59,NEW ENGLAND,HWY,0,Right on the spot,WOODLANDS,CL,TARRO,9.0,No,Not a school zone,T-junction,-32.811052,151.669295,Newcastle,Newcastle met. area,Syd-Newc-Woll Gtr conurbation,Straight,,,,Unknown / not stated,Sealed,Dry,Fine,Daylight,Nil,Give way sign,80 km/h,State,30,Rear end,301,Same - Rear end,,Rear end,Car (sedan/hatch),Car (sedan/hatch),2,0,0,0,1,1,January,Summer,Friday,10:00 - 11:59,Midday / afternoon,False,False,True,True
1342096,Injury,Moderate Injury,2024,2024,January,Tuesday,08:00 - 09:59,CUDGEGONG,RD,0,Right on the spot,GUNTAWONG,RD,ROUSE HILL,,No,Not a school zone,T-junction,-33.678315,150.897846,Blacktown,Sydney metro. area,Syd-Newc-Woll Gtr conurbation,Straight,,,,Unknown / not stated,Sealed,Dry,Fine,Daylight,Nil,Give way sign,60 km/h,Local,13,Right near,104,Adj - Right-thru from right,,Right angle,Large rigid,4 wheel drive / SUV,2,0,0,1,0,1,January,Summer,Tuesday,08:00 - 09:59,AM peak / school commute,True,False,True,True
1342099,Injury,Moderate Injury,2024,2024,January,Friday,20:00 - 21:59,GWYDIR,HWY,1950,East,ROMAKA,RD,BINIGUY,12.0,No,Not a school zone,2-way undivided,-29.537739,150.226155,Gwydir,Country non-urban,Rest of NSW - Rural,Curved,,,,Unknown / not stated,Sealed,Dry,Fine,Darkness,Nil,No traffic controls,100 km/h,State,67,Struck animal,609,On path - Hit animal,,Vehicle - Animal,Light truck utility(from 2018),,1,0,0,1,0,1,January,Summer,Friday,20:00 - 21:59,Evening / night,False,False,True,True
1342102,Injury,Minor/Other Injury,2024,2024,January,Wednesday,16:00 - 17:59,PITTWATER,RD,0,Right on the spot,WATERLOO,ST,NARRABEEN,164.0,No,Not a school zone,T-junction,-33.712726,151.29729,Northern Beaches,Sydney metro. area,Syd-Newc-Woll Gtr conurbation,Straight,,,,Unknown / not stated,Sealed,Dry,Fine,Daylight,On,Ped crossing,60 km/h,State,87,Off lft/lft bnd=>obj,706,Left turn,Left,Vehicle - Object,Other bus,,2,0,0,0,1,1,January,Summer,Wednesday,16:00 - 17:59,PM peak / evening commute,True,False,True,True
1342106,Injury,Moderate Injury,2024,2024,January,Thursday,14:00 - 15:59,THE NORTHERN,RD,0,Right on the spot,NINTH,AVE,CRANEBROOK,154.0,No,Not a school zone,T-junction,-33.715028,150.724966,Penrith,Sydney metro. area,Syd-Newc-Woll Gtr conurbation,Straight,,,,Unknown / not stated,Sealed,Dry,Fine,Daylight,Off,Give way sign,70 km/h,State,21,Right through,202,Opp - Right-thru,,Other angle,Car (sedan/hatch),Light truck,2,0,0,1,0,1,January,Summer,Thursday,14:00 - 15:59,Midday / afternoon,False,False,True,True
1342109,Injury,Minor/Other Injury,2024,2024,January,Tuesday,12:00 - 13:59,ANZAC,PDE,0,Right on the spot,NUMBER 215,HN,KENSINGTON,171.0,No,Not a school zone,Divided road,-33.91674,151.225862,Randwick,Sydney metro. area,Syd-Newc-Woll Gtr conurbation,Straight,Bus/transit lane,,,Unknown / not stated,Sealed,Dry,Fine,Daylight,Nil,No traffic controls,50 km/h,State,90,Fell in/from vehicle,901,Fell in/from vehicle,,Person - Object,Other bus,,1,0,0,0,1,1,January,Summer,Tuesday,12:00 - 13:59,Midday / afternoon,False,False,True,True
1342110,Injury,Moderate Injury,2024,2024,January,Sunday,10:00 - 11:59,MARYLAND,DR,0,Right on the spot,MCNAUGHTON,AVE,MARYLAND,,No,Not a school zone,T-junction,-32.882585,151.664246,Newcastle,Newcastle met. area,Syd-Newc-Woll Gtr conurbation,Straight,,,,Off,Sealed,Dry,Fine,Daylight,Nil,No traffic controls,50 km/h,Local,32,Right rear,303,Same - Rear right,,Rear end,Car (sedan/hatch),Car (sedan/hatch),2,0,0,2,0,1,January,Summer,Sunday,10:00 - 11:59,Midday / afternoon,False,False,True,True
1342114,Injury,Serious Injury,2024,2024,January,Wednesday,16:00 - 17:59,NEWCASTLE,EXP,450,North,PACIFIC HIGHWAY,OP,WAHROONGA,6003.0,No,Not a school zone,Dual freeway,-33.715175,151.112699,Ku-ring-gai,Sydney metro. area,Syd-Newc-Woll Gtr conurbation,Straight,,,,Unknown / not stated,Sealed,Wet,Raining,Daylight,Nil,No traffic controls,80 km/h,State,73,Off rd rght => obj,704,Right off cway into obj,,Vehicle - Object,Light truck,,2,0,1,0,0,1,January,Summer,Wednesday,16:00 - 17:59,PM peak / evening commute,True,False,True,True
1342115,Injury,Minor/Other Injury,2024,2024,January,Saturday,10:00 - 11:59,MUNGERIE,RD,0,Right on the spot,WITHERS,RD,BEAUMONT HILLS,,No,Not a school zone,Roundabout,-33.688167,150.937775,The Hills,Sydney metro. area,Syd-Newc-Woll Gtr conurbation,Straight,,,,Unknown / not stated,Sealed,Dry,Fine,Daylight,Nil,Give way sign,60 km/h,Local,10,Cross traffic,101,Adj - Cross traffic,,Right angle,4 wheel drive / SUV,Car (sedan/hatch),2,0,0,0,1,1,January,Summer,Saturday,10:00 - 11:59,Midday / afternoon,False,False,True,True
1342116,Injury,Minor/Other Injury,2024,2024,January,Friday,08:00 - 09:59,COLLINS,ST,0,Right on the spot,OLD PRINCES,HWY,CORRIMAL,,No,Not a school zone,X-intersection,-34.370146,150.89744,Wollongong,Wollongong met. area,Syd-Newc-Woll Gtr conurbation,Straight,,,,Unknown / not stated,Sealed,Dry,Fine,Daylight,On,No traffic controls,50 km/h,Local,30,Rear end,301,Same - Rear end,,Rear end,4 wheel drive / SUV,4 wheel drive / SUV,2,0,0,0,1,1,January,Summer,Friday,08:00 - 09:59,AM peak / school commute,True,False,True,True
1342118,Injury,Moderate Injury,2024,2024,January,Sunday,20:00 - 21:59,LANE COVE,RD,0,Right on the spot,EPPING ROAD,TO,NORTH RYDE,162.0,No,Not a school zone,Divided road,-33.787901,151.125364,Ryde,Sydney metro. area,Syd-Newc-Woll Gtr conurbation,Straight,,,,Unknown / not stated,Sealed,Dry,Fine,Darkness,Nil,No traffic controls,70 km/h,State,35,Lane change left,307,Same - Lane change left,,Other angle,Car (sedan/hatch),Large rigid,2,0,0,1,0,1,January,Summer,Sunday,20:00 - 21:59,Evening / night,False,False,True,True
1342120,Injury,Minor/Other Injury,2024,2024,January,Thursday,20:00 - 21:59,MACQUARIE,ST,0,Right on the spot,SHORT,ST,LIVERPOOL,512.0,No,Not a school zone,T-junction,-33.927819,150.918974,Liverpool,Sydney metro. area,Syd-Newc-Woll Gtr conurbation,Straight,,,,Unknown / not stated,Sealed,Dry,Fine,Darkness,Nil,Give way sign,60 km/h,State,30,Rear end,301,Same - Rear end,,Rear end,Motorcycle,Car (sedan/hatch),2,0,0,0,1,1,January,Summer,Thursday,20:00 - 21:59,Evening / night,False,False,True,True
1342121,Injury,Minor/Other Injury,2024,2024,January,Friday,16:00 - 17:59,ROBERTS,RD,10,North,NORFOLK,RD,GREENACRE,200.0,No,Not a school zone,X-intersection,-33.895291,151.066302,Strathfield,Sydney metro. area,Syd-Newc-Woll Gtr conurbation,Straight,,,,Unknown / not stated,Sealed,Dry,Fine,Daylight,On,No traffic controls,70 km/h,State,30,Rear end,301,Same - Rear end,,Rear end,Car (sedan/hatch),Car (sedan/hatch),3,0,0,0,1,1,January,Summer,Friday,16:00 - 17:59,PM peak / evening commute,True,False,True,True
1342124,Injury,Moderate Injury,2024,2024,January,Thursday,16:00 - 17:59,O'CONNELL,RD,2000,North,MAYFIELD,RD,OBERON,253.0,No,Not a school zone,2-way undivided,-33.609725,149.780054,Oberon,Country urban,Rest of NSW - Urban,Curved,,,,Unknown / not stated,Sealed,Wet,Raining,Daylight,Nil,No traffic controls,80 km/h,State,88,Out of cont on bend,805,Out of control on bend,,Rollover,Light truck utility(from 2018),,1,0,0,1,0,1,January,Summer,Thursday,16:00 - 17:59,PM peak / evening commute,True,False,True,True
1342130,Injury,Minor/Other Injury,2024,2024,January,Thursday,14:00 - 15:59,HUME,HWY,0,Right on the spot,STACEY,ST,GREENACRE,2.0,No,Not a school zone,X-intersection,-33.906002,151.040199,Canterbury-Bankstown,Sydney metro. area,Syd-Newc-Woll Gtr conurbation,Curved,,,,Unknown / not stated,Sealed,Dry,Fine,Daylight,On,No traffic controls,60 km/h,State,30,Rear end,301,Same - Rear end,,Rear end,Car (sedan/hatch),Car (sedan/hatch),2,0,0,0,1,1,January,Summer,Thursday,14:00 - 15:59,Midday / afternoon,False,False,True,True
1342132,Injury,Serious Injury,2024,2024,January,Friday,10:00 - 11:59,BLACKTOWN,RD,100,West,WALL PARK,AVE,BLACKTOWN,642.0,No,Not a school zone,Divided road,-33.775461,150.91887,Blacktown,Sydney metro. area,Syd-Newc-Woll Gtr conurbation,Straight,,,,Unknown / not stated,Sealed,Dry,Fine,Daylight,Nil,No traffic controls,60 km/h,State,71,Off rd left => obj,703,Left off cway into object,,Vehicle - Object,Light truck,,1,0,1,0,0,1,January,Summer,Friday,10:00 - 11:59,Midday / afternoon,False,False,True,True
1342134,Injury,Minor/Other Injury,2024,2024,January,Saturday,12:00 - 13:59,SUGARMANS,RD,999999,Unknown/not stated,UNKNOWN,UK,WALLERAWANG,,No,Not a school zone,2-way undivided,-33.458993,150.07882,Lithgow,Country non-urban,Rest of NSW - Rural,Curved,,,,Unknown / not stated,Unsealed,Dry,Fine,Daylight,Nil,No traffic controls,100 km/h,Local,30,Rear end,301,Same - Rear end,,Rear end,Light truck utility(from 2018),Light truck utility(from 2018),2,0,0,0,1,1,January,Summer,Saturday,12:00 - 13:59,Midday / afternoon,False,False,True,True
1342135,Injury,Moderate Injury,2024,2024,January,Wednesday,06:00 - 07:59,HINTERLAND,WAY,50,North,ST HELENA,RD,MCLEODS SHOOT,65.0,No,Not a school zone,2-way undivided,-28.652735,153.54427,Byron,Country urban,Rest of NSW - Urban,Straight,,,,Unknown / not stated,Sealed,Dry,Fine,Daylight,Nil,No traffic controls,80 km/h,State,30,Rear end,301,Same - Rear end,,Rear end,Light truck,4 wheel drive / SUV,5,0,0,1,0,1,January,Summer,Wednesday,06:00 - 07:59,AM peak / school commute,True,False,True,True
1342136,Injury,Minor/Other Injury,2024,2024,January,Monday,16:00 - 17:59,LAKE,RD,20,North,WARATAH,ST,ARGENTON,217.0,No,Not a school zone,2-way undivided,-32.933754,151.633644,Lake Macquarie,Newcastle met. area,Syd-Newc-Woll Gtr conurbation,Straight,,,,Nil,Sealed,Dry,Fine,Daylight,Nil,No traffic controls,60 km/h,State,30,Rear end,301,Same - Rear end,,Rear end,Car (sedan/hatch),Car (sedan/hatch),4,0,0,0,1,1,January,Summer,Monday,16:00 - 17:59,PM peak / evening commute,True,False,True,True
1342141,Injury,Serious Injury,2024,2024,January,Tuesday,12:00 - 13:59,AUSTRALIS,DR,0,Right on the spot,TARADALE,DR,ROPES CROSSING,,No,Not a school zone,Roundabout,-33.726412,150.785756,Blacktown,Sydney metro. area,Syd-Newc-Woll Gtr conurbation,Straight,,,,Nil,Sealed,Dry,Overcast,Daylight,Nil,Give way sign,50 km/h,Local,10,Cross traffic,101,Adj - Cross traffic,,Right angle,Car (sedan/hatch),4 wheel drive / SUV,2,0,1,0,0,1,January,Summer,Tuesday,12:00 - 13:59,Midday / afternoon,False,False,True,True
1342149,Injury,Serious Injury,2024,2024,January,Sunday,04:00 - 05:59,NEWELL,HWY,3000,South,BURLEY GRIFFIN,WAY,ARDLETHAN,17.0,No,Not a school zone,2-way undivided,-34.386011,146.891563,Coolamon,Country non-urban,Rest of NSW - Rural,Straight,,,,Nil,Sealed,Dry,Fine,Darkness,Nil,No traffic controls,110 km/h,State,73,Off rd rght => obj,704,Right off cway into obj,,Vehicle - Object,B-double (road train prior 98),,1,0,1,0,0,1,January,Summer,Sunday,04:00 - 05:59,Late night / early morning,False,False,True,True
1342156,Injury,Serious Injury,2024,2024,January,Friday,16:00 - 17:59,GREAT WESTERN,HWY,36,West,GREAT NORTH,RD,FIVE DOCK,5.0,No,Not a school zone,Divided road,-33.873547,151.126911,Canada Bay,Sydney metro. area,Syd-Newc-Woll Gtr conurbation,Straight,,,,Off,Sealed,Dry,Fine,Daylight,Nil,No traffic controls,60 km/h,State,30,Rear end,301,Same - Rear end,,Rear end,Semi-trailer,Car (sedan/hatch),9,0,6,1,0,1,January,Summer,Friday,16:00 - 17:59,PM peak / evening commute,True,False,True,True
1342157,Injury,Moderate Injury,2024,2024,January,Thursday,10:00 - 11:59,ELIZABETH,DR,0,Right on the spot,LAWSON,RD,BADGERYS CREEK,535.0,No,Not a school zone,T-junction,-33.874643,150.76015,Penrith,Sydney metro. area,Syd-Newc-Woll Gtr conurbation,Straight,Embankment/cutting,,Potholes/corrugations/rough,Nil,Sealed,Dry,Fine,Daylight,Nil,No traffic controls,80 km/h,State,70,Off road to left,701,Off carriageway to left,,Rollover,Light truck utility(from 2018),,1,0,0,1,0,1,January,Summer,Thursday,10:00 - 11:59,Midday / afternoon,False,False,True,True
1342160,Injury,Moderate Injury,2024,2024,January,Monday,18:00 - 19:59,NEWCASTLE,EXP,1500,South,PACIFIC HIGHWAY,OP,OURIMBAH,6003.0,No,Not a school zone,Dual freeway,-33.352795,151.356636,Central Coast,Country non-urban,Syd-Newc-Woll Gtr conurbation,Curved,Embankment/cutting,,,Off,Sealed,Wet,Raining,Dusk,Nil,No traffic controls,110 km/h,State,81,Off left/rt bnd=>obj,803,Off right bend into obj,Left,Vehicle - Object,Car (sedan/hatch),,1,0,0,1,0,1,January,Summer,Monday,18:00 - 19:59,PM peak / evening commute,True,False,True,True
1342163,Injury,Moderate Injury,2024,2024,January,Monday,08:00 - 09:59,SUMMERLAND,WAY,0,Right on the spot,WATTLE,ST,CASINO,83.0,Yes,No,T-junction,-28.847376,153.043258,Richmond Valley,Country urban,Rest of NSW - Urban,Straight,Driveway/entrance,,,Nil,Sealed,Dry,Fine,Daylight,Nil,No traffic controls,50 km/h,State,32,Right rear,303,Same - Rear right,,Rear end,Light truck utility(from 2018),Car (sedan/hatch),2,0,0,2,1,1,January,Summer,Monday,08:00 - 09:59,AM peak / school commute,True,False,True,True
1342165,Injury,Moderate Injury,2024,2024,January,Sunday,22:00 - Midnight,OAKEY CREEK,RD,500,West,O'CONNORS,RD,POKOLBIN,,No,Not a school zone,2-way undivided,-32.812261,151.314312,Cessnock,Country urban,Rest of NSW - Urban,Straight,Ditch/drain/culvert,,,Nil,Sealed,Wet,Raining,Darkness,Nil,No traffic controls,80 km/h,Local,71,Off rd left => obj,703,Left off cway into object,,Vehicle - Object,4 wheel drive / SUV,,1,0,0,1,0,1,January,Summer,Sunday,22:00 - Midnight,Evening / night,False,False,True,True
1342167,Injury,Serious Injury,2024,2024,January,Saturday,12:00 - 13:59,RED HILL,RD,4000,South,YARRAMALONG,RD,OURIMBAH,,No,Not a school zone,2-way undivided,-33.291864,151.347538,Central Coast,Country urban,Syd-Newc-Woll Gtr conurbation,Straight,Steep grade,,,Nil,Unsealed,Unknown,Unknown,Daylight,Nil,No traffic controls,60 km/h,Local,71,Off rd left => obj,703,Left off cway into object,,Vehicle - Object,Pedal cycle,,1,0,1,0,0,1,January,Summer,Saturday,12:00 - 13:59,Midday / afternoon,False,False,True,True
1342169,Injury,Moderate Injury,2024,2024,January,Wednesday,12:00 - 13:59,TALOMA,ST,100,South,JAMISON,RD,SOUTH PENRITH,,No,Not a school zone,2-way undivided,-33.764001,150.702251,Penrith,Sydney metro. area,Syd-Newc-Woll Gtr conurbation,Straight,,,,Nil,Sealed,Dry,Overcast,Daylight,Nil,No traffic controls,50 km/h,Local,71,Off rd left => obj,703,Left off cway into object,,Other angle,Car (sedan/hatch),4 wheel drive / SUV,2,0,0,1,0,1,January,Summer,Wednesday,12:00 - 13:59,Midday / afternoon,False,False,True,True
1342170,Injury,Minor/Other Injury,2024,2024,January,Saturday,22:00 - Midnight,RAILWAY,PDE,0,Right on the spot,BURWOOD,RD,BURWOOD,2027.0,No,Not a school zone,X-intersection,-33.877422,151.103689,Burwood,Sydney metro. area,Syd-Newc-Woll Gtr conurbation,Straight,,,,On,Sealed,Dry,Fine,Darkness,On,No traffic controls,40 km/h,Regional,21,Right through,202,Opp - Right-thru,,Other angle,Car (sedan/hatch),Motorcycle,2,0,0,0,1,1,January,Summer,Saturday,22:00 - Midnight,Evening / night,False,False,True,True
1342173,Injury,Moderate Injury,2024,2024,January,Wednesday,12:00 - 13:59,MACQUARIE,ST,20,North,BRISBANE,ST,DUBBO,,No,Not a school zone,2-way undivided,-32.261204,148.601529,Dubbo Regional,Country urban,Rest of NSW - Urban,Straight,Foot/cycle path/nature strip,,,Nil,Sealed,Dry,Fine,Daylight,Nil,No traffic controls,60 km/h,Local,6,Ped on footpath,8,Ped - On footway/median,,Vehicle - Pedestrian,Pedal cycle,Pedestrian,2,0,0,1,0,1,January,Summer,Wednesday,12:00 - 13:59,Midday / afternoon,False,False,True,True
1342180,Injury,Serious Injury,2024,2024,January,Sunday,14:00 - 15:59,GRIFFIN,RD,0,Right on the spot,PITT,RD,NORTH CURL CURL,2102.0,No,Not a school zone,X-intersection,-33.762641,151.295499,Northern Beaches,Sydney metro. area,Syd-Newc-Woll Gtr conurbation,Straight,,,,Nil,Sealed,Dry,Overcast,Daylight,On,No traffic controls,50 km/h,Regional,74,On road-out of cont.,705,Out of control on cway,,Rollover,Pedal cycle,,1,0,1,0,0,1,January,Summer,Sunday,14:00 - 15:59,Midday / afternoon,False,False,True,True
1342187,Injury,Moderate Injury,2024,2024,January,Sunday,04:00 - 05:59,PACIFIC,HWY,4000,South,EVANS HEAD ROAD,OP,BROADWATER,10.0,No,Not a school zone,Divided road,-29.037972,153.402253,Richmond Valley,Country non-urban,Rest of NSW - Rural,Curved,Embankment/cutting,,,Nil,Sealed,Dry,Fine,Dawn,Nil,No traffic controls,110 km/h,State,85,Off rt/lft bnd=>obj,804,Off left bend into obj,Right,Vehicle - Object,4 wheel drive / SUV,,1,0,0,1,1,1,January,Summer,Sunday,04:00 - 05:59,Late night / early morning,False,False,True,True
1342194,Injury,Serious Injury,2024,2024,January,Wednesday,20:00 - 21:59,HUME,HWY,500,South,LIVERPOOL,ST,WARWICK FARM,2.0,No,Not a school zone,Divided road,-33.906875,150.942762,Liverpool,Sydney metro. area,Syd-Newc-Woll Gtr conurbation,Straight,,,,On,Sealed,Dry,Fine,Darkness,Nil,No traffic controls,70 km/h,State,74,On road-out of cont.,705,Out of control on cway,,Rollover,Motorcycle,,1,0,1,0,0,1,January,Summer,Wednesday,20:00 - 21:59,Evening / night,False,False,True,True
1342199,Injury,Minor/Other Injury,2024,2024,January,Monday,14:00 - 15:59,COOPER,ST,24,South,WALLACE,ST,MACKSVILLE,,No,Not a school zone,2-way undivided,-30.707645,152.92073,Nambucca Valley,Country urban,Rest of NSW - Urban,Straight,Foot/cycle path/nature strip,,,Off,Sealed,Wet,Fine,Daylight,Nil,No traffic controls,50 km/h,Local,48,From footpath,408,Manov - From footway,,Other angle,Pedal cycle,4 wheel drive / SUV,2,0,0,0,1,1,January,Summer,Monday,14:00 - 15:59,Midday / afternoon,False,False,True,True
1342203,Injury,Moderate Injury,2024,2024,January,Friday,18:00 - 19:59,HUME,HWY,15,East,REMEMBRANCE,AVE,WARWICK FARM,2.0,No,Not a school zone,Divided road,-33.913813,150.931898,Liverpool,Sydney metro. area,Syd-Newc-Woll Gtr conurbation,Straight,,,,Off,Sealed,Dry,Fine,Daylight,Nil,No traffic controls,70 km/h,State,30,Rear end,301,Same - Rear end,,Rear end,4 wheel drive / SUV,4 wheel drive / SUV,4,0,0,2,0,1,January,Summer,Friday,18:00 - 19:59,PM peak / evening commute,True,False,True,True
1342208,Injury,Serious Injury,2024,2024,January,Thursday,18:00 - 19:59,PLAYFORD,AVE,30,West,MCKENNA,CL,TOORMINA,,No,Not a school zone,2-way undivided,-30.359516,153.078252,Coffs Harbour,Country urban,Rest of NSW - Urban,Straight,,,,Nil,Sealed,Dry,Fine,Daylight,Nil,No traffic controls,50 km/h,Local,71,Off rd left => obj,703,Left off cway into object,,Other angle,Car (sedan/hatch),4 wheel drive / SUV,2,0,1,0,0,1,January,Summer,Thursday,18:00 - 19:59,PM peak / evening commute,True,False,True,True
1342209,Injury,Serious Injury,2024,2024,January,Friday,12:00 - 13:59,WINDSOR,RD,0,Right on the spot,M2 HILLS,EXP,BAULKHAM HILLS,184.0,No,Not a school zone,T-junction,-33.767804,150.998334,The Hills,Sydney metro. area,Syd-Newc-Woll Gtr conurbation,Straight,Other bridge,,,Off,Sealed,Dry,Fine,Daylight,On,No traffic controls,60 km/h,State,33,Lane sideswipe,305,Same - Lane side swipe,,Other angle,Car (sedan/hatch),Motorcycle,2,0,1,0,0,1,January,Summer,Friday,12:00 - 13:59,Midday / afternoon,False,False,True,True
1342214,Injury,Serious Injury,2024,2024,January,Wednesday,14:00 - 15:59,GARDENERS,RD,0,Right on the spot,PRIMROSE,AVE,ROSEBERY,183.0,No,Not a school zone,T-junction,-33.922505,151.203994,Sydney,Sydney metro. area,Syd-Newc-Woll Gtr conurbation,Straight,Foot/cycle path/nature strip,,,Off,Sealed,Dry,Fine,Daylight,Nil,Give way sign,60 km/h,State,48,From footpath,408,Manov - From footway,,Other angle,Pedal cycle,4 wheel drive / SUV,2,0,1,0,0,1,January,Summer,Wednesday,14:00 - 15:59,Midday / afternoon,False,False,True,True
1342220,Injury,Minor/Other Injury,2024,2024,January,Saturday,20:00 - 21:59,ADELAIDE,ST,100,East,ALICE,ST,WENTWORTH,,No,Not a school zone,Divided road,-34.107878,141.913659,Wentworth,Country urban,Rest of NSW - Urban,Straight,,,,Nil,Unsealed,Dry,Fine,Dusk,Nil,No traffic controls,50 km/h,Local,74,On road-out of cont.,705,Out of control on cway,,Rollover,Motorcycle,,1,0,0,0,1,1,January,Summer,Saturday,20:00 - 21:59,Evening / night,False,False,True,True
1342232,Injury,Moderate Injury,2024,2024,January,Monday,00:01 - 01:59,RIVERSIDE,RD,425,North,MILPERRA,RD,CHIPPING NORTON,,No,Not a school zone,2-way undivided,-33.92476,150.96836,Liverpool,Sydney metro. area,Syd-Newc-Woll Gtr conurbation,Curved,Painted double centre lines,,,On,Sealed,Dry,Fine,Darkness,Nil,No traffic controls,60 km/h,Local,82,Off right/right bend,801,Off cway right bend,Right,Rollover,Car (sedan/hatch),,1,0,0,1,0,1,January,Summer,Monday,00:01 - 01:59,Late night / early morning,False,False,True,True
1342236,Injury,Moderate Injury,2024,2024,January,Sunday,10:00 - 11:59,MT OUSLEY,RD,75,South,NEW MOUNT PLEASANT ROAD,OP,MOUNT PLEASANT,95.0,No,Not a school zone,Divided road,-34.396243,150.867056,Wollongong,Wollongong met. area,Syd-Newc-Woll Gtr conurbation,Straight,,,,Nil,Sealed,Dry,Fine,Daylight,Nil,No traffic controls,80 km/h,State,30,Rear end,301,Same - Rear end,,Rear end,4 wheel drive / SUV,4 wheel drive / SUV,5,0,0,1,0,1,January,Summer,Sunday,10:00 - 11:59,Midday / afternoon,False,False,True,True
1342239,Injury,Serious Injury,2024,2024,January,Friday,16:00 - 17:59,BENJAMIN LEE,DR,0,Right on the spot,MOSMAN,PL,RAYMOND TERRACE,,No,Not a school zone,T-junction,-32.75975,151.769191,Port Stephens,Country urban,Rest of NSW - Urban,Straight,,,,Off,Sealed,Dry,Fine,Daylight,Nil,No traffic controls,50 km/h,Local,13,Right near,104,Adj - Right-thru from right,,Right angle,Car (sedan/hatch),4 wheel drive / SUV,2,0,1,0,0,1,January,Summer,Friday,16:00 - 17:59,PM peak / evening commute,True,False,True,True
1342244,Injury,Moderate Injury,2024,2024,January,Thursday,14:00 - 15:59,MEREDITH,ST,0,Right on the spot,RICKARD,RD,BANKSTOWN,7122.0,No,Not a school zone,T-junction,-33.914197,151.031894,Canterbury-Bankstown,Sydney metro. area,Syd-Newc-Woll Gtr conurbation,Straight,,,,Off,Sealed,Dry,Fine,Daylight,On,No traffic controls,60 km/h,Regional,31,Left rear,302,Same - Rear left,,Rear end,Car (sedan/hatch),4 wheel drive / SUV,2,0,0,1,0,1,January,Summer,Thursday,14:00 - 15:59,Midday / afternoon,False,False,True,True
1342251,Injury,Serious Injury,2024,2024,January,Monday,12:00 - 13:59,BLAXLAND,RD,0,Right on the spot,ROWE,LANE,EASTWOOD,139.0,No,Not a school zone,T-junction,-33.789975,151.086165,Ryde,Sydney metro. area,Syd-Newc-Woll Gtr conurbation,Straight,Steep grade,,,Off,Sealed,Dry,Fine,Daylight,Nil,No right turn,60 km/h,State,16,Left near,107,Adj - Left-thru from right,,Right angle,Car (sedan/hatch),Car (sedan/hatch),2,0,1,1,0,1,January,Summer,Monday,12:00 - 13:59,Midday / afternoon,False,False,True,True
1342254,Injury,Serious Injury,2024,2024,January,Monday,10:00 - 11:59,THE APPIAN,WAY,18,South,THE MALL,TO,BANKSTOWN,,No,Not a school zone,1-way street,-33.916124,151.035544,Canterbury-Bankstown,Sydney metro. area,Syd-Newc-Woll Gtr conurbation,Curved,,,,Off,Sealed,Dry,Overcast,Daylight,Nil,Ped crossing,50 km/h,Local,2,Ped far side,3,Ped - Far side,,Vehicle - Pedestrian,Car (sedan/hatch),Pedestrian,2,0,1,0,0,1,January,Summer,Monday,10:00 - 11:59,Midday / afternoon,False,False,True,True
1342260,Injury,Moderate Injury,2024,2024,January,Saturday,16:00 - 17:59,VICTORIA,RD,50,South,WESTBOURNE,ST,DRUMMOYNE,165.0,No,Not a school zone,Divided road,-33.847669,151.152268,Canada Bay,Sydney metro. area,Syd-Newc-Woll Gtr conurbation,Straight,,,,Off,Sealed,Dry,Fine,Daylight,Nil,No traffic controls,60 km/h,State,30,Rear end,301,Same - Rear end,,Rear end,Car (sedan/hatch),Station wagon,3,0,0,1,0,1,January,Summer,Saturday,16:00 - 17:59,PM peak / evening commute,True,False,True,True