crash_id,degree_of_crash,degree_of_crash_-_detailed,reporting_year,year_of_crash,month_of_crash,day_of_week_of_crash,two-hour_intervals,street_of_crash,street_type,distance,direction,identifying_feature,identifying_feature_type,town,route_no.,school_zone_location,school_zone_active,type_of_location,latitude,longitude,lga,urbanisation,conurbation_1,alignment,primary_permanent_feature,primary_temporary_feature,primary_hazardous_feature,street_lighting,road_surface,surface_condition,weather,natural_lighting,signals_operation,other_traffic_control,speed_limit,road_classification_(admin),rum_-_code,rum_-_description,dca_-_code,dca_-_description,dca_supplement,first_impact_type,key_tu_type,other_tu_type,no._of_traffic_units_involved,no._killed,no._seriously_injured,no._moderately_injured,no._minor-other_injured,month_num,month_label,season,day_label,time_label,time_band,is_peak_commute,is_fatal,is_injury,is_casualty
1342271,Injury,Moderate Injury,2024,2024,January,Monday,04:00 - 05:59,FELTON,RD,45,East,ARCADIAN,CCT,CARLINGFORD,,No,Not a school zone,2-way undivided,-33.783787,151.029305,Parramatta,Sydney metro. area,Syd-Newc-Woll Gtr conurbation,Curved,Steep grade,,,On,Sealed,Dry,Fine,Dawn,Nil,No traffic controls,50 km/h,Local,83,Off rt/rt bnd=>obj,803,Off right bend into obj,Right,Other angle,Light truck utility(from 2018),Car (sedan/hatch),2,0,0,1,0,1,January,Summer,Monday,04:00 - 05:59,Late night / early morning,False,False,True,True
1342276,Injury,Moderate Injury,2024,2024,January,Friday,08:00 - 09:59,GREAT WESTERN,HWY,0,Right on the spot,MULDOON,AVE,KELSO,5.0,No,Not a school zone,Roundabout,-33.420359,149.625357,Bathurst Regional,Country urban,Rest of NSW - Urban,Straight,,,,Off,Sealed,Dry,Fine,Daylight,Nil,Give way sign,60 km/h,State,30,Rear end,301,Same - Rear end,,Rear end,Light truck utility(from 2018),Light truck,2,0,0,1,0,1,January,Summer,Friday,08:00 - 09:59,AM peak / school commute,True,False,True,True
1342279,Injury,Serious Injury,2024,2024,January,Sunday,14:00 - 15:59,ALPHA,ST,0,Right on the spot,PATRICK,ST,BLACKTOWN,,No,Not a school zone,T-junction,-33.771486,150.906076,Blacktown,Sydney metro. area,Syd-Newc-Woll Gtr conurbation,Straight,,,,Off,Sealed,Dry,Fine,Daylight,Off,No traffic controls,40 km/h,Local,21,Right through,202,Opp - Right-thru,,Other angle,Motorcycle,Car (sedan/hatch),2,0,1,0,0,1,January,Summer,Sunday,14:00 - 15:59,Midday / afternoon,False,False,True,True
1342303,Injury,Moderate Injury,2024,2024,January,Saturday,22:00 - Midnight,BONDI,RD,0,Right on the spot,WELLINGTON,ST,BONDI,172.0,No,Not a school zone,T-junction,-33.893976,151.264026,Waverley,Sydney metro. area,Syd-Newc-Woll Gtr conurbation,Straight,,,,On,Sealed,Dry,Fine,Darkness,Nil,No traffic controls,50 km/h,State,30,Rear end,301,Same - Rear end,,Rear end,Motorcycle,Motorcycle,2,0,0,1,0,1,January,Summer,Saturday,22:00 - Midnight,Evening / night,False,False,True,True
1342307,Injury,Moderate Injury,2024,2024,January,Thursday,18:00 - 19:59,SALISBURY,RD,0,Right on the spot,MALLETT,ST,CAMPERDOWN,7085.0,No,Not a school zone,Roundabout,-33.891178,151.17849,Inner West,Sydney metro. area,Syd-Newc-Woll Gtr conurbation,Straight,Foot/cycle path/nature strip,,,On,Sealed,Dry,Fine,Dusk,Nil,Give way sign,50 km/h,Regional,48,From footpath,408,Manov - From footway,,Other angle,Pedal cycle,Motorcycle,2,0,0,1,1,1,January,Summer,Thursday,18:00 - 19:59,PM peak / evening commute,True,False,True,True
1342313,Injury,Serious Injury,2024,2024,January,Saturday,20:00 - 21:59,SNOWY MOUNTAINS,HWY,2000,South,TUMUT PLAINS,RD,WERMATONG,4.0,No,Not a school zone,2-way undivided,-35.371714,148.291932,Snowy Valleys,Country non-urban,Rest of NSW - Rural,Straight,Embankment/cutting,Roadwks/Detour/Diverson,,Nil,Sealed,Dry,Fine,Darkness,Nil,No traffic controls,100 km/h,State,71,Off rd left => obj,703,Left off cway into object,,Vehicle - Object,Light truck utility(from 2018),,1,0,1,0,0,1,January,Summer,Saturday,20:00 - 21:59,Evening / night,False,False,True,True
1342318,Injury,Moderate Injury,2024,2024,January,Saturday,20:00 - 21:59,FERNLEIGH,RD,0,Right on the spot,GLENFIELD,RD,MOUNT AUSTIN,,No,Not a school zone,Roundabout,-35.130748,147.342488,Wagga Wagga,Country urban,Rest of NSW - Urban,Straight,,,,Off,Sealed,Dry,Fine,Daylight,Nil,Give way sign,60 km/h,Local,10,Cross traffic,101,Adj - Cross traffic,,Right angle,4 wheel drive / SUV,Car (sedan/hatch),2,0,0,1,0,1,January,Summer,Saturday,20:00 - 21:59,Evening / night,False,False,True,True
1342320,Injury,Moderate Injury,2024,2024,January,Wednesday,20:00 - 21:59,MAMRE,RD,65,South,GREAT WESTERN,HWY,ST MARYS,536.0,No,Not a school zone,Other,-33.770206,150.773589,Penrith,Sydney metro. area,Syd-Newc-Woll Gtr conurbation,Curved,,,,Off,Sealed,Dry,Fine,Daylight,Nil,Ped crossing,60 km/h,State,85,Off rt/lft bnd=>obj,804,Off left bend into obj,Right,Vehicle - Object,Car (sedan/hatch),,3,0,0,2,0,1,January,Summer,Wednesday,20:00 - 21:59,Evening / night,False,False,True,True
1342465,Injury,Moderate Injury,2024,2024,January,Thursday,12:00 - 13:59,ARGYLE,ST,5,West,KING,ST,MULLUMBIMBY,463.0,No,Not a school zone,T-junction,-28.5546,153.508512,Byron,Country urban,Rest of NSW - Urban,Straight,,,,Off,Sealed,Dry,Fine,Daylight,Nil,No traffic controls,50 km/h,Regional,30,Rear end,301,Same - Rear end,,Rear end,4 wheel drive / SUV,4 wheel drive / SUV,3,0,0,1,0,1,January,Summer,Thursday,12:00 - 13:59,Midday / afternoon,False,False,True,True
1342479,Injury,Moderate Injury,2024,2024,January,Monday,14:00 - 15:59,CHAPEL,RD,0,Right on the spot,CAMBRIDGE,AVE,BANKSTOWN,7122.0,No,Not a school zone,T-junction,-33.921846,151.031064,Canterbury-Bankstown,Sydney metro. area,Syd-Newc-Woll Gtr conurbation,Straight,,,,Unknown / not stated,Sealed,Dry,Fine,Daylight,Nil,Give way sign,50 km/h,Regional,12,Left far,103,Adj - Left-thru from left,,Right angle,Car (sedan/hatch),Car (sedan/hatch),2,0,0,1,0,1,January,Summer,Monday,14:00 - 15:59,Midday / afternoon,False,False,True,True
1342480,Injury,Minor/Other Injury,2024,2024,January,Friday,18:00 - 19:59,CLEVELAND,ST,0,Right on the spot,WILTON,ST,SURRY HILLS,330.0,No,Not a school zone,T-junction,-33.89042,151.209134,Sydney,Sydney metro. area,Syd-Newc-Woll Gtr conurbation,Straight,,,,Unknown / not stated,Sealed,Dry,Fine,Daylight,On,Ped crossing,50 km/h,State,21,Right through,202,Opp - Right-thru,,Other angle,Car (sedan/hatch),Car (sedan/hatch),2,0,0,0,1,1,January,Summer,Friday,18:00 - 19:59,PM peak / evening commute,True,False,True,True
1342482,Injury,Moderate Injury,2024,2024,January,Thursday,16:00 - 17:59,AVOCA,ST,0,Right on the spot,MILFORD,ST,RANDWICK,660.0,Yes,No,T-junction,-33.915221,151.241591,Randwick,Sydney metro. area,Syd-Newc-Woll Gtr conurbation,Straight,,,,On,Sealed,Dry,Fine,Daylight,Nil,No traffic controls,50 km/h,State,16,Left near,107,Adj - Left-thru from right,,Right angle,Pedal cycle,Light truck utility(from 2018),2,0,0,1,0,1,January,Summer,Thursday,16:00 - 17:59,PM peak / evening commute,True,False,True,True
1342486,Injury,Serious Injury,2024,2024,January,Monday,16:00 - 17:59,HORNSEY,RD,0,Right on the spot,THE CRESCENT,MS,HOMEBUSH WEST,,No,Not a school zone,Roundabout,-33.864953,151.068721,Strathfield,Sydney metro. area,Syd-Newc-Woll Gtr conurbation,Straight,Foot/cycle path/nature strip,,,Off,Sealed,Dry,Overcast,Daylight,Nil,Give way sign,50 km/h,Local,6,Ped on footpath,8,Ped - On footway/median,,Vehicle - Pedestrian,Light truck,Pedestrian,2,0,1,1,0,1,January,Summer,Monday,16:00 - 17:59,PM peak / evening commute,True,False,True,True
1342494,Injury,Minor/Other Injury,2024,2024,January,Monday,08:00 - 09:59,CABRAMATTA,RD,100,East,HUMPHRIES,RD,BONNYRIGG,534.0,Yes,No,2-way undivided,-33.894198,150.898499,Fairfield,Sydney metro. area,Syd-Newc-Woll Gtr conurbation,Straight,,,,Nil,Sealed,Dry,Fine,Daylight,Nil,No traffic controls,60 km/h,State,73,Off rd rght => obj,704,Right off cway into obj,,Vehicle - Object,4 wheel drive / SUV,,1,0,0,0,1,1,January,Summer,Monday,08:00 - 09:59,AM peak / school commute,True,False,True,True
1342495,Injury,Serious Injury,2024,2024,January,Sunday,00:01 - 01:59,SUMMERLAND,WAY,20,North,KENTIA,DR,GRAFTON,83.0,No,Not a school zone,2-way undivided,-29.665826,152.937188,Clarence Valley,Country urban,Rest of NSW - Urban,Straight,,,,Nil,Sealed,Dry,Fine,Darkness,Nil,No traffic controls,50 km/h,State,71,Off rd left => obj,703,Left off cway into object,,Vehicle - Object,Motorcycle,,1,0,1,0,0,1,January,Summer,Sunday,00:01 - 01:59,Late night / early morning,False,False,True,True
1342498,Injury,Moderate Injury,2024,2024,January,Monday,04:00 - 05:59,LACHLAN,ST,0,Right on the spot,MIDDLETON,ST,SOUTH KEMPSEY,,No,Not a school zone,Roundabout,-31.094908,152.83698,Kempsey,Country urban,Rest of NSW - Urban,Straight,Pedestrian refuge,,,Off,Sealed,Wet,Overcast,Dawn,Nil,Give way sign,50 km/h,Local,73,Off rd rght => obj,704,Right off cway into obj,,Vehicle - Object,4 wheel drive / SUV,,1,0,0,1,0,1,January,Summer,Monday,04:00 - 05:59,Late night / early morning,False,False,True,True
1342500,Injury,Minor/Other Injury,2024,2024,January,Friday,16:00 - 17:59,KANGALOOLAH,RD,1140,North,GOLDSMITH,ST,BINDA,,No,Not a school zone,2-way undivided,-34.312211,149.375659,Upper Lachlan,Country non-urban,Rest of NSW - Rural,Curved,,,,Unknown / not stated,Unsealed,Dry,Fine,Daylight,Nil,No traffic controls,100 km/h,Local,67,Struck animal,609,On path - Hit animal,,Vehicle - Animal,Motorcycle,,1,0,0,0,1,1,January,Summer,Friday,16:00 - 17:59,PM peak / evening commute,True,False,True,True
1342504,Injury,Minor/Other Injury,2024,2024,January,Wednesday,10:00 - 11:59,OLYMPIC,HWY,1700,North,NORTH JINDALEE,RD,WALLENDBEEN,78.0,No,Not a school zone,2-way undivided,-34.566613,148.105278,Cootamundra-Gundagai,Country non-urban,Rest of NSW - Rural,Curved,Painted double centre lines,,,Unknown / not stated,Sealed,Wet,Raining,Daylight,Nil,No traffic controls,100 km/h,State,82,Off right/right bend,801,Off cway right bend,Right,Rollover,Large rigid,,1,0,0,0,1,1,January,Summer,Wednesday,10:00 - 11:59,Midday / afternoon,False,False,True,True
1342509,Injury,Serious Injury,2024,2024,January,Tuesday,12:00 - 13:59,LUCINDA,AVE,0,Right on the spot,NUMBER 30,HN,WAHROONGA,,No,Not a school zone,2-way undivided,-33.722716,151.110238,Ku-ring-gai,Sydney metro. area,Syd-Newc-Woll Gtr conurbation,Straight,Steep grade,,,Off,Sealed,Wet,Overcast,Daylight,Nil,No traffic controls,50 km/h,Local,71,Off rd left => obj,703,Left off cway into object,,Other angle,4 wheel drive / SUV,Large rigid,2,0,1,0,0,1,January,Summer,Tuesday,12:00 - 13:59,Midday / afternoon,False,False,True,True
1342511,Injury,Moderate Injury,2024,2024,January,Monday,12:00 - 13:59,GREAT WESTERN,HWY,500,North,JENOLAN CAVES,RD,HARTLEY,5.0,No,Not a school zone,Divided road,-33.539519,150.163384,Lithgow,Country urban,Rest of NSW - Urban,Curved,Crest,,,Nil,Sealed,Wet,Raining,Daylight,Nil,No traffic controls,80 km/h,State,85,Off rt/lft bnd=>obj,804,Off left bend into obj,Right,Vehicle - Object,4 wheel drive / SUV,,1,0,0,1,0,1,January,Summer,Monday,12:00 - 13:59,Midday / afternoon,False,False,True,True
1342516,Injury,Moderate Injury,2024,2024,January,Friday,14:00 - 15:59,GREAT WESTERN,HWY,1200,East,BROWNS GAP,RD,LITTLE HARTLEY,5.0,No,Not a school zone,2-way undivided,-33.571537,150.208502,Lithgow,Country urban,Rest of NSW - Urban,Curved,Painted double centre lines,,,Nil,Sealed,Dry,Fine,Daylight,Nil,No traffic controls,80 km/h,State,20,Head on,201,Opp - Head on,,Head-on,Utility,Light truck utility(from 2018),2,0,0,1,0,1,January,Summer,Friday,14:00 - 15:59,Midday / afternoon,False,False,True,True
1342518,Injury,Serious Injury,2024,2024,January,Thursday,12:00 - 13:59,ELLIOTT,WAY,20000,East,TOOMA,RD,NURENMERENMONG,7603.0,No,Not a school zone,2-way undivided,-35.792187,148.307125,Snowy Valleys,Country urban,Rest of NSW - Urban,Curved,,,Potholes/corrugations/rough,Nil,Sealed,Dry,Fine,Daylight,Nil,No traffic controls,80 km/h,Regional,88,Out of cont on bend,805,Out of control on bend,,Rollover,Motorcycle,,1,0,1,0,0,1,January,Summer,Thursday,12:00 - 13:59,Midday / afternoon,False,False,True,True
1342519,Injury,Moderate Injury,2024,2024,January,Tuesday,06:00 - 07:59,NEWCASTLE,EXP,200,South,MANDALONG,RD,MORISSET,6003.0,No,Not a school zone,Other,-33.120517,151.465992,Lake Macquarie,Newcastle met. area,Syd-Newc-Woll Gtr conurbation,Curved,Steep grade,,,Off,Sealed,Wet,Fine,Daylight,Nil,No traffic controls,60 km/h,State,85,Off rt/lft bnd=>obj,804,Off left bend into obj,Right,Vehicle - Object,Station wagon,,1,0,0,1,0,1,January,Summer,Tuesday,06:00 - 07:59,AM peak / school commute,True,False,True,True
1342520,Injury,Serious Injury,2024,2024,January,Thursday,14:00 - 15:59,PACIFIC,HWY,200,North,GRAYS,LANE,TYAGARAH,10.0,No,Not a school zone,Divided road,-28.597059,153.544973,Byron,Country non-urban,Rest of NSW - Rural,Straight,,,,Nil,Sealed,Dry,Fine,Daylight,Nil,No traffic controls,100 km/h,State,30,Rear end,301,Same - Rear end,,Rear end,Car (sedan/hatch),4 wheel drive / SUV,2,0,2,0,0,1,January,Summer,Thursday,14:00 - 15:59,Midday / afternoon,False,False,True,True
1342524,Injury,Serious Injury,2024,2024,January,Friday,04:00 - 05:59,RAILWAY,TCE,0,Right on the spot,WEST,ST,LEWISHAM,664.0,No,Not a school zone,T-junction,-33.89408,151.149844,Inner West,Sydney metro. area,Syd-Newc-Woll Gtr conurbation,Straight,Other bridge,,,Unknown / not stated,Sealed,Dry,Fine,Darkness,On,No traffic controls,60 km/h,State,21,Right through,202,Opp - Right-thru,,Other angle,4 wheel drive / SUV,Car (sedan/hatch),2,0,1,0,0,1,January,Summer,Friday,04:00 - 05:59,Late night / early morning,False,False,True,True
1342532,Injury,Minor/Other Injury,2024,2024,January,Monday,16:00 - 17:59,HEATHCOTE,RD,0,Right on the spot,MOOREBANK,AVE,MOOREBANK,512.0,No,Not a school zone,T-junction,-33.929141,150.931228,Liverpool,Sydney metro. area,Syd-Newc-Woll Gtr conurbation,Curved,,,,On,Sealed,Dry,Fine,Daylight,On,No traffic controls,60 km/h,State,3,Ped on carriageway,4,Ped - On carriageway,,Vehicle - Pedestrian,Semi-trailer,Pedestrian,2,0,0,0,1,1,January,Summer,Monday,16:00 - 17:59,PM peak / evening commute,True,False,True,True
1342535,Injury,Moderate Injury,2024,2024,January,Monday,20:00 - 21:59,PINAROO,DR,0,Right on the spot,YENTOO,DR,GLENFIELD PARK,,No,Not a school zone,T-junction,-35.135192,147.336038,Wagga Wagga,Country urban,Rest of NSW - Urban,Curved,,,,Off,Sealed,Dry,Fine,Daylight,Nil,Give way sign,50 km/h,Local,32,Right rear,303,Same - Rear right,,Rear end,Car (sedan/hatch),4 wheel drive / SUV,2,0,0,1,0,1,January,Summer,Monday,20:00 - 21:59,Evening / night,False,False,True,True
1342539,Injury,Moderate Injury,2024,2024,January,Monday,04:00 - 05:59,PRINCES,HWY,20,East,FOREMAN,ST,TEMPE,1.0,No,Not a school zone,Divided road,-33.92209,151.16384,Inner West,Sydney metro. area,Syd-Newc-Woll Gtr conurbation,Straight,,Roadwks/Detour/Diverson,,On,Sealed,Wet,Raining,Darkness,Nil,Road/rail worker,60 km/h,State,71,Off rd left => obj,703,Left off cway into object,,Vehicle - Object,Station wagon,,2,0,0,1,0,1,January,Summer,Monday,04:00 - 05:59,Late night / early morning,False,False,True,True
1342540,Injury,Serious Injury,2024,2024,January,Monday,14:00 - 15:59,WESTBROOK,RD,2000,West,TARADALE,RD,TARADALE,,No,Not a school zone,2-way undivided,-35.586628,147.926065,Snowy Valleys,Country non-urban,Rest of NSW - Rural,Curved,,,,Nil,Sealed,Dry,Fine,Daylight,Nil,No traffic controls,100 km/h,Local,85,Off rt/lft bnd=>obj,804,Off left bend into obj,Right,Vehicle - Object,Car (sedan/hatch),,1,0,1,0,0,1,January,Summer,Monday,14:00 - 15:59,Midday / afternoon,False,False,True,True
1342542,Injury,Serious Injury,2024,2024,January,Sunday,16:00 - 17:59,NEWELL,HWY,0,Right on the spot,YARRABAR,CK,DUBBO,17.0,No,Not a school zone,2-way undivided,-32.320649,148.520812,Dubbo Regional,Country non-urban,Rest of NSW - Rural,Straight,Embankment/cutting,,,Nil,Sealed,Dry,Fine,Daylight,Nil,No traffic controls,110 km/h,State,71,Off rd left => obj,703,Left off cway into object,,Vehicle - Object,Large rigid,,1,0,1,1,0,1,January,Summer,Sunday,16:00 - 17:59,PM peak / evening commute,True,False,True,True
1342547,Injury,Moderate Injury,2024,2024,January,Tuesday,10:00 - 11:59,THE COAST,RD,0,Right on the spot,SKENNARS HEAD,RD,LENNOX HEAD,545.0,No,Not a school zone,Roundabout,-28.823661,153.604228,Ballina,Country urban,Rest of NSW - Urban,Straight,,,Slippery surface,Nil,Sealed,Dry,Fine,Daylight,Nil,Give way sign,60 km/h,Regional,74,On road-out of cont.,705,Out of control on cway,,Rollover,Motorcycle,,1,0,0,1,0,1,January,Summer,Tuesday,10:00 - 11:59,Midday / afternoon,False,False,True,True
1342549,Injury,Serious Injury,2024,2024,January,Monday,12:00 - 13:59,SOUTH WESTERN,EXP,0,Right on the spot,M7 WESTLINK EXPRESSWAY,TO,CASULA,6005.0,No,Not a school zone,Dual freeway,-33.949904,150.884486,Liverpool,Sydney metro. area,Syd-Newc-Woll Gtr conurbation,Straight,,,,Unknown / not stated,Sealed,Dry,Fine,Daylight,Nil,No traffic controls,100 km/h,State,74,On road-out of cont.,705,Out of control on cway,,Rollover,Passenger van,,1,0,1,0,0,1,January,Summer,Monday,12:00 - 13:59,Midday / afternoon,False,False,True,True
1342551,Injury,Minor/Other Injury,2024,2024,February,Thursday,18:00 - 19:59,PITTWATER,RD,0,Right on the spot,EUROBIN AV,AVE,MANLY,159.0,Yes,No,T-junction,-33.785635,151.281042,Northern Beaches,Sydney metro. area,Syd-Newc-Woll Gtr conurbation,Straight,Foot/cycle path/nature strip,,,Unknown / not stated,Sealed,Dry,Fine,Unknown,On,Ped crossing,50 km/h,State,49,Other manoeuvring,400,Manov - other,,Other angle,Pedal cycle,4 wheel drive / SUV,2,0,0,0,1,2,February,Summer,Thursday,18:00 - 19:59,PM peak / evening commute,True,False,True,True
1342552,Injury,Minor/Other Injury,2024,2024,January,Friday,16:00 - 17:59,PRINCES,HWY,5000,South,OLD PRINCES,HWY,TOWRADGI,1.0,No,Not a school zone,Divided road,-34.379756,150.900443,Wollongong,Wollongong met. area,Syd-Newc-Woll Gtr conurbation,Straight,Other bridge,,,Unknown / not stated,Sealed,Dry,Fine,Daylight,Nil,No traffic controls,80 km/h,State,30,Rear end,301,Same - Rear end,,Rear end,Car (sedan/hatch),4 wheel drive / SUV,2,0,0,0,1,1,January,Summer,Friday,16:00 - 17:59,PM peak / evening commute,True,False,True,True
1342554,Injury,Serious Injury,2024,2024,January,Thursday,06:00 - 07:59,HUME,HWY,200,South,RIVERINA HIGHWAY,OP,EAST ALBURY,2.0,No,Not a school zone,Divided road,-36.077139,146.926926,Albury,Country non-urban,Rest of NSW - Rural,Straight,,,,Off,Sealed,Dry,Fine,Daylight,Nil,No traffic controls,110 km/h,State,20,Head on,201,Opp - Head on,,Head-on,4 wheel drive / SUV,Motorcycle,2,0,1,0,0,1,January,Summer,Thursday,06:00 - 07:59,AM peak / school commute,True,False,True,True
1342564,Injury,Moderate Injury,2024,2024,January,Tuesday,14:00 - 15:59,GREYSTANES,RD,0,Right on the spot,BUTU WARGUN,DR,GREYSTANES,646.0,No,Not a school zone,X-intersection,-33.81762,150.933852,Cumberland,Sydney metro. area,Syd-Newc-Woll Gtr conurbation,Straight,Driveway/entrance,,,Off,Sealed,Dry,Fine,Daylight,On,No traffic controls,60 km/h,State,47,Emerging from drive,406,Manov - Emerging from driveway,,Right angle,4 wheel drive / SUV,Motorcycle,2,0,0,1,0,1,January,Summer,Tuesday,14:00 - 15:59,Midday / afternoon,False,False,True,True
1342566,Injury,Minor/Other Injury,2024,2024,January,Monday,16:00 - 17:59,PACIFIC,HWY,999999,Unknown/not stated,UNKNOWN,UK,COFFS HARBOUR,10.0,No,Not a school zone,Divided road,-30.297695,153.112747,Coffs Harbour,Country urban,Rest of NSW - Urban,Curved,,,,Unknown / not stated,Sealed,Dry,Fine,Daylight,Nil,No traffic controls,60 km/h,State,30,Rear end,301,Same - Rear end,,Rear end,Light truck utility(from 2018),4 wheel drive / SUV,2,0,0,0,1,1,January,Summer,Monday,16:00 - 17:59,PM peak / evening commute,True,False,True,True
1342570,Injury,Minor/Other Injury,2024,2024,January,Sunday,12:00 - 13:59,PYRMONT BRIDGE,RD,0,Right on the spot,BANK,ST,PYRMONT,523.0,No,Not a school zone,X-intersection,-33.872452,151.193716,Sydney,Sydney metro. area,Syd-Newc-Woll Gtr conurbation,Straight,Underpass/tunnel,,,Unknown / not stated,Sealed,Dry,Fine,Daylight,Unknown / not stated,Give way sign,40 km/h,State,30,Rear end,301,Same - Rear end,,Rear end,Car (sedan/hatch),Car (sedan/hatch),2,0,0,0,1,1,January,Summer,Sunday,12:00 - 13:59,Midday / afternoon,False,False,True,True
1342586,Injury,Minor/Other Injury,2024,2024,January,Tuesday,22:00 - Midnight,MILITARY,RD,0,Right on the spot,NUMBER 41,HN,NEUTRAL BAY,164.0,No,Not a school zone,1-way street,-33.829574,151.217433,North Sydney,Sydney metro. area,Syd-Newc-Woll Gtr conurbation,Straight,,,,Unknown / not stated,Sealed,Dry,Fine,Darkness,Nil,No traffic controls,60 km/h,State,45,Reversing,404,Manov - Reverse in traffic,,Other angle,4 wheel drive / SUV,Car (sedan/hatch),2,0,0,0,1,1,January,Summer,Tuesday,22:00 - Midnight,Evening / night,False,False,True,True
1342587,Injury,Minor/Other Injury,2024,2024,January,Saturday,06:00 - 07:59,MONA VALE,RD,0,Right on the spot,MYOORA,RD,TERREY HILLS,162.0,No,Not a school zone,X-intersection,-33.700717,151.212541,Northern Beaches,Sydney metro. area,Syd-Newc-Woll Gtr conurbation,Straight,,,,Unknown / not stated,Sealed,Dry,Fine,Daylight,On,No traffic controls,80 km/h,State,30,Rear end,301,Same - Rear end,,Rear end,Car (sedan/hatch),Car (sedan/hatch),2,0,0,0,1,1,January,Summer,Saturday,06:00 - 07:59,AM peak / school commute,True,False,True,True
1342594,Injury,Moderate Injury,2024,2024,January,Wednesday,08:00 - 09:59,GIINAGAY,WAY,0,Right on the spot,NUMBER 1954,HN,NAMBUCCA HEADS,,No,Not a school zone,2-way undivided,-30.666141,152.981863,Nambucca Valley,Country urban,Rest of NSW - Urban,Straight,Driveway/entrance,,,Unknown / not stated,Sealed,Wet,Overcast,Daylight,Nil,No traffic controls,60 km/h,Local,31,Left rear,302,Same - Rear left,,Rear end,Light truck utility(from 2018),Light truck,2,0,0,1,0,1,January,Summer,Wednesday,08:00 - 09:59,AM peak / school commute,True,False,True,True
1342602,Injury,Serious Injury,2024,2024,January,Saturday,06:00 - 07:59,KU RING GAI CHASE,RD,10,East,BOLTON,AVE,MOUNT COLAH,366.0,No,Not a school zone,T-junction,-33.678284,151.115821,Hornsby,Sydney metro. area,Syd-Newc-Woll Gtr conurbation,Straight,,,,Unknown / not stated,Sealed,Dry,Fine,Daylight,Nil,Road/rail worker,60 km/h,State,30,Rear end,301,Same - Rear end,,Rear end,Pedal cycle,Pedal cycle,2,0,1,0,0,1,January,Summer,Saturday,06:00 - 07:59,AM peak / school commute,True,False,True,True
1342604,Injury,Moderate Injury,2024,2024,January,Thursday,16:00 - 17:59,HUME,HWY,0,Right on the spot,THE HORSLEY,DR,VILLAWOOD,2.0,No,Not a school zone,T-junction,-33.888713,150.969588,Fairfield,Sydney metro. area,Syd-Newc-Woll Gtr conurbation,Curved,,,,Unknown / not stated,Sealed,Dry,Fine,Daylight,On,No traffic controls,70 km/h,State,31,Left rear,302,Same - Rear left,,Rear end,Light truck utility(from 2018),Car (sedan/hatch),2,0,0,1,0,1,January,Summer,Thursday,16:00 - 17:59,PM peak / evening commute,True,False,True,True
1342606,Injury,Minor/Other Injury,2024,2024,January,Wednesday,06:00 - 07:59,HUME,HWY,0,Right on the spot,CAMPBELLTOWN ROAD,OP,DENHAM COURT,2.0,No,Not a school zone,Dual freeway,-34.001614,150.839918,Campbelltown,Sydney metro. area,Syd-Newc-Woll Gtr conurbation,Straight,Underpass/tunnel,,,Unknown / not stated,Sealed,Dry,Fine,Dawn,Nil,No traffic controls,110 km/h,State,35,Lane change left,307,Same - Lane change left,,Other angle,B-double (road train prior 98),Car (sedan/hatch),2,0,0,0,1,1,January,Summer,Wednesday,06:00 - 07:59,AM peak / school commute,True,False,True,True
1342610,Injury,Minor/Other Injury,2024,2024,January,Tuesday,12:00 - 13:59,INDUSTRIAL,DR,0,Right on the spot,STEEL RIVER,BVD,MAYFIELD WEST,316.0,No,Not a school zone,T-junction,-32.884125,151.724372,Newcastle,Newcastle met. area,Syd-Newc-Woll Gtr conurbation,Straight,,,,Unknown / not stated,Sealed,Dry,Fine,Daylight,On,No traffic controls,80 km/h,State,30,Rear end,301,Same - Rear end,,Rear end,Light truck utility(from 2018),Light truck utility(from 2018),2,0,0,0,1,1,January,Summer,Tuesday,12:00 - 13:59,Midday / afternoon,False,False,True,True
1342613,Injury,Serious Injury,2024,2024,January,Monday,14:00 - 15:59,RICHMOND,RD,0,Right on the spot,ALDERTON,DR,COLEBEE,537.0,No,Not a school zone,X-intersection,-33.72394,150.844546,Blacktown,Sydney metro. area,Syd-Newc-Woll Gtr conurbation,Straight,,,,Unknown / not stated,Sealed,Dry,Overcast,Daylight,On,No traffic controls,80 km/h,State,73,Off rd rght => obj,704,Right off cway into obj,,Vehicle - Object,4 wheel drive / SUV,,1,0,1,0,0,1,January,Summer,Monday,14:00 - 15:59,Midday / afternoon,False,False,True,True
1342618,Injury,Minor/Other Injury,2024,2024,January,Saturday,16:00 - 17:59,WYONG,RD,0,Right on the spot,BROOKE,AVE,KILLARNEY VALE,335.0,No,Not a school zone,Roundabout,-33.367744,151.466597,Central Coast,Country urban,Syd-Newc-Woll Gtr conurbation,Straight,,,,Unknown / not stated,Sealed,Dry,Fine,Daylight,Nil,Give way sign,60 km/h,State,30,Rear end,301,Same - Rear end,,Rear end,Car (sedan/hatch),Car (sedan/hatch),2,0,0,0,1,1,January,Summer,Saturday,16:00 - 17:59,PM peak / evening commute,True,False,True,True
1342619,Injury,Serious Injury,2024,2024,January,Monday,18:00 - 19:59,BEACH,RD,0,Right on the spot,HALIFAX HOLIDAY CARAVAN PARK,OT,NELSON BAY,,No,Not a school zone,2-way undivided,-32.712313,152.16013,Port Stephens,Country urban,Rest of NSW - Urban,Straight,,,,Unknown / not stated,Sealed,Dry,Fine,Daylight,Nil,No traffic controls,50 km/h,Local,9,Ped other,0,Ped - other,,Vehicle - Pedestrian,4 wheel drive / SUV,Pedestrian,2,0,1,0,0,1,January,Summer,Monday,18:00 - 19:59,PM peak / evening commute,True,False,True,True