crash_id,degree_of_crash,degree_of_crash_-_detailed,reporting_year,year_of_crash,month_of_crash,day_of_week_of_crash,two-hour_intervals,street_of_crash,street_type,distance,direction,identifying_feature,identifying_feature_type,town,route_no.,school_zone_location,school_zone_active,type_of_location,latitude,longitude,lga,urbanisation,conurbation_1,alignment,primary_permanent_feature,primary_temporary_feature,primary_hazardous_feature,street_lighting,road_surface,surface_condition,weather,natural_lighting,signals_operation,other_traffic_control,speed_limit,road_classification_(admin),rum_-_code,rum_-_description,dca_-_code,dca_-_description,dca_supplement,first_impact_type,key_tu_type,other_tu_type,no._of_traffic_units_involved,no._killed,no._seriously_injured,no._moderately_injured,no._minor-other_injured,month_num,month_label,season,day_label,time_label,time_band,is_peak_commute,is_fatal,is_injury,is_casualty
1342620,Injury,Moderate Injury,2024,2024,January,Tuesday,08:00 - 09:59,HUME,HWY,10,North,NARELLAN ROAD,TO,BLAIRMOUNT,2.0,No,Not a school zone,Dual freeway,-34.058175,150.791921,Campbelltown,Sydney metro. area,Syd-Newc-Woll Gtr conurbation,Straight,,,,Unknown / not stated,Sealed,Dry,Fine,Daylight,Nil,No traffic controls,110 km/h,State,34,Lane change right,306,Same - Lane change right,,Other angle,4 wheel drive / SUV,Semi-trailer,2,0,0,1,0,1,January,Summer,Tuesday,08:00 - 09:59,AM peak / school commute,True,False,True,True
1342623,Injury,Serious Injury,2024,2024,January,Tuesday,18:00 - 19:59,CARRINGTON,ST,300,South,DEMAMIEL,ST,DARLINGTON POINT,321.0,No,Not a school zone,2-way undivided,-34.576679,145.993356,Murrumbidgee,Country urban,Rest of NSW - Urban,Curved,,,,Unknown / not stated,Sealed,Wet,Overcast,Dusk,Nil,No traffic controls,80 km/h,State,85,Off rt/lft bnd=>obj,804,Off left bend into obj,Right,Vehicle - Object,Light truck utility(from 2018),,1,0,1,0,0,1,January,Summer,Tuesday,18:00 - 19:59,PM peak / evening commute,True,False,True,True
1342624,Injury,Minor/Other Injury,2024,2024,January,Wednesday,08:00 - 09:59,WYONG,RD,200,South,ENTERPRISE,DR,BERKELEY VALE,335.0,No,Not a school zone,Divided road,-33.330004,151.429233,Central Coast,Country urban,Syd-Newc-Woll Gtr conurbation,Curved,,,,Unknown / not stated,Sealed,Dry,Overcast,Daylight,Nil,No traffic controls,70 km/h,State,30,Rear end,301,Same - Rear end,,Rear end,Car (sedan/hatch),4 wheel drive / SUV,2,0,0,0,3,1,January,Summer,Wednesday,08:00 - 09:59,AM peak / school commute,True,False,True,True
1342625,Injury,Minor/Other Injury,2024,2024,January,Sunday,14:00 - 15:59,MOOREBANK,AVE,0,Right on the spot,CAMBRIDGE AVENUE,TO,HOLSWORTHY,,No,Not a school zone,2-way undivided,-33.97129,150.919351,Liverpool,Sydney metro. area,Syd-Newc-Woll Gtr conurbation,Straight,,,,Unknown / not stated,Sealed,Dry,Fine,Daylight,Nil,Give way sign,60 km/h,Local,30,Rear end,301,Same - Rear end,,Rear end,Passenger van,Car (sedan/hatch),2,0,0,0,1,1,January,Summer,Sunday,14:00 - 15:59,Midday / afternoon,False,False,True,True
1342626,Injury,Moderate Injury,2024,2024,January,Monday,16:00 - 17:59,WESTERN,EXP,1000,West,RESERVOIR ROAD,OP,EASTERN CREEK,6004.0,No,Not a school zone,Dual freeway,-33.802169,150.885222,Blacktown,Sydney metro. area,Syd-Newc-Woll Gtr conurbation,Straight,,,,Unknown / not stated,Sealed,Dry,Fine,Daylight,Nil,No traffic controls,100 km/h,State,30,Rear end,301,Same - Rear end,,Rear end,Light truck,4 wheel drive / SUV,5,0,0,1,0,1,January,Summer,Monday,16:00 - 17:59,PM peak / evening commute,True,False,True,True
1342630,Injury,Minor/Other Injury,2024,2024,January,Friday,16:00 - 17:59,QUEEN,ST,0,Right on the spot,NUMBER 292,HN,CAMPBELLTOWN,,No,Not a school zone,2-way undivided,-34.06951,150.811728,Campbelltown,Sydney metro. area,Syd-Newc-Woll Gtr conurbation,Straight,,,,Unknown / not stated,Sealed,Dry,Fine,Daylight,Nil,No traffic controls,10 km/h,Local,30,Rear end,301,Same - Rear end,,Rear end,4 wheel drive / SUV,Car (sedan/hatch),2,0,0,0,1,1,January,Summer,Friday,16:00 - 17:59,PM peak / evening commute,True,False,True,True
1342632,Injury,Minor/Other Injury,2024,2024,January,Wednesday,08:00 - 09:59,RYDE,RD,0,Right on the spot,YANKO,RD,WEST PYMBLE,162.0,No,Not a school zone,T-junction,-33.769244,151.136257,Ku-ring-gai,Sydney metro. area,Syd-Newc-Woll Gtr conurbation,Straight,Steep grade,,,Unknown / not stated,Sealed,Dry,Fine,Daylight,On,No traffic controls,70 km/h,State,21,Right through,202,Opp - Right-thru,,Other angle,Station wagon,Car (sedan/hatch),2,0,0,0,1,1,January,Summer,Wednesday,08:00 - 09:59,AM peak / school commute,True,False,True,True
1342635,Injury,Minor/Other Injury,2024,2024,January,Tuesday,08:00 - 09:59,THE HORSLEY,DR,0,Right on the spot,LOSCOE,ST,FAIRFIELD,609.0,No,Not a school zone,T-junction,-33.862796,150.953462,Fairfield,Sydney metro. area,Syd-Newc-Woll Gtr conurbation,Straight,,,,Unknown / not stated,Sealed,Wet,Raining,Daylight,Nil,Give way sign,60 km/h,State,21,Right through,202,Opp - Right-thru,,Other angle,Car (sedan/hatch),4 wheel drive / SUV,2,0,0,0,1,1,January,Summer,Tuesday,08:00 - 09:59,AM peak / school commute,True,False,True,True
1342636,Injury,Moderate Injury,2024,2024,January,Wednesday,10:00 - 11:59,BRIDGE,ST,0,Right on the spot,RIVER,RD,LANE COVE,2070.0,No,Not a school zone,T-junction,-33.816535,151.160939,Lane Cove,Sydney metro. area,Syd-Newc-Woll Gtr conurbation,Curved,Steep grade,,,Unknown / not stated,Sealed,Dry,Fine,Daylight,Nil,Stop sign,50 km/h,Regional,36,Right turn sideswipe,308,Same - Rgt turn side swipe,,Other angle,Car (sedan/hatch),4 wheel drive / SUV,2,0,0,1,0,1,January,Summer,Wednesday,10:00 - 11:59,Midday / afternoon,False,False,True,True
1342637,Injury,Minor/Other Injury,2024,2024,January,Saturday,02:00 - 03:59,VICTORIA,RD,0,Right on the spot,PARK,AVE,DRUMMOYNE,165.0,No,Not a school zone,X-intersection,-33.856232,151.159364,Canada Bay,Sydney metro. area,Syd-Newc-Woll Gtr conurbation,Straight,,,,Unknown / not stated,Sealed,Wet,Raining,Darkness,On,No traffic controls,60 km/h,State,30,Rear end,301,Same - Rear end,,Rear end,Car (sedan/hatch),Car (sedan/hatch),2,0,0,0,1,1,January,Summer,Saturday,02:00 - 03:59,Late night / early morning,False,False,True,True
1342640,Injury,Minor/Other Injury,2024,2024,January,Monday,18:00 - 19:59,BERNERA,RD,0,Right on the spot,YATO,RD,PRESTONS,7262.0,No,Not a school zone,X-intersection,-33.938474,150.868113,Liverpool,Sydney metro. area,Syd-Newc-Woll Gtr conurbation,Straight,,,,Unknown / not stated,Sealed,Dry,Fine,Daylight,On,No traffic controls,60 km/h,Regional,13,Right near,104,Adj - Right-thru from right,,Right angle,Car (sedan/hatch),Car (sedan/hatch),2,0,0,0,1,1,January,Summer,Monday,18:00 - 19:59,PM peak / evening commute,True,False,True,True
1342641,Injury,Serious Injury,2024,2024,January,Friday,14:00 - 15:59,WENTWORTH,AVE,0,Right on the spot,JOHNSON,ST,MASCOT,344.0,No,Not a school zone,X-intersection,-33.934364,151.195951,Bayside,Sydney metro. area,Syd-Newc-Woll Gtr conurbation,Straight,,,,Unknown / not stated,Sealed,Dry,Fine,Daylight,Nil,No traffic controls,60 km/h,State,10,Cross traffic,101,Adj - Cross traffic,,Right angle,Light truck,Motorcycle,2,0,1,0,0,1,January,Summer,Friday,14:00 - 15:59,Midday / afternoon,False,False,True,True
1342642,Injury,Moderate Injury,2024,2024,January,Tuesday,10:00 - 11:59,MULLENS,ST,0,Right on the spot,MANSFIELD,ST,ROZELLE,7317.0,No,Not a school zone,X-intersection,-33.864091,151.176669,Inner West,Sydney metro. area,Syd-Newc-Woll Gtr conurbation,Straight,Steep grade,,,Unknown / not stated,Sealed,Dry,Fine,Daylight,Nil,Stop sign,40 km/h,Regional,74,On road-out of cont.,705,Out of control on cway,,Rollover,Motor scooter,,1,0,0,1,0,1,January,Summer,Tuesday,10:00 - 11:59,Midday / afternoon,False,False,True,True
1342646,Injury,Minor/Other Injury,2024,2024,January,Monday,16:00 - 17:59,PRINCES,HWY,500,North,PRINCES HIGHWAY,OP,FAIRY MEADOW,1.0,No,Not a school zone,Divided road,-34.403634,150.892801,Wollongong,Wollongong met. area,Syd-Newc-Woll Gtr conurbation,Straight,,,,Unknown / not stated,Sealed,Dry,Fine,Daylight,Nil,No traffic controls,90 km/h,State,30,Rear end,301,Same - Rear end,,Rear end,4 wheel drive / SUV,4 wheel drive / SUV,2,0,0,0,1,1,January,Summer,Monday,16:00 - 17:59,PM peak / evening commute,True,False,True,True
1342648,Injury,Moderate Injury,2024,2024,January,Tuesday,12:00 - 13:59,WESTERN,EXP,104,West,GREAT WESTERN HIGHWAY,TO,HOLROYD,6004.0,No,Not a school zone,Dual freeway,-33.827825,150.999588,Parramatta,Sydney metro. area,Syd-Newc-Woll Gtr conurbation,Straight,,,,Unknown / not stated,Sealed,Dry,Fine,Daylight,Nil,No traffic controls,90 km/h,State,39,Other same direction,300,Same - other,,Other angle,Car (sedan/hatch),Car (sedan/hatch),2,0,0,1,1,1,January,Summer,Tuesday,12:00 - 13:59,Midday / afternoon,False,False,True,True
1342650,Injury,Minor/Other Injury,2024,2024,January,Tuesday,14:00 - 15:59,HUME,HWY,0,Right on the spot,THE BOULEVARDE,MS,STRATHFIELD,2.0,No,Not a school zone,X-intersection,-33.887569,151.091467,Burwood,Sydney metro. area,Syd-Newc-Woll Gtr conurbation,Curved,,,,Unknown / not stated,Sealed,Dry,Fine,Daylight,On,No traffic controls,60 km/h,State,30,Rear end,301,Same - Rear end,,Rear end,Car (sedan/hatch),4 wheel drive / SUV,2,0,0,0,1,1,January,Summer,Tuesday,14:00 - 15:59,Midday / afternoon,False,False,True,True
1342652,Injury,Minor/Other Injury,2024,2024,January,Thursday,04:00 - 05:59,GREAT WESTERN,HWY,0,Right on the spot,CARLISLE,AVE,MOUNT DRUITT,5.0,No,Not a school zone,X-intersection,-33.779236,150.814523,Blacktown,Sydney metro. area,Syd-Newc-Woll Gtr conurbation,Straight,,,,Unknown / not stated,Sealed,Dry,Fine,Dawn,On,No traffic controls,80 km/h,State,30,Rear end,301,Same - Rear end,,Rear end,Car (sedan/hatch),Car (sedan/hatch),3,0,0,0,1,1,January,Summer,Thursday,04:00 - 05:59,Late night / early morning,False,False,True,True
1342656,Injury,Serious Injury,2024,2024,January,Thursday,12:00 - 13:59,TUMBULGUM,RD,100,East,RACECOURSE,RD,TYGALGAH,,No,Not a school zone,2-way undivided,-28.323775,153.409702,Tweed,Country non-urban,Rest of NSW - Rural,Straight,Painted double centre lines,,,Unknown / not stated,Sealed,Dry,Fine,Daylight,Nil,No traffic controls,100 km/h,Local,20,Head on,201,Opp - Head on,,Head-on,4 wheel drive / SUV,4 wheel drive / SUV,2,0,1,0,0,1,January,Summer,Thursday,12:00 - 13:59,Midday / afternoon,False,False,True,True
1342660,Injury,Moderate Injury,2024,2024,January,Friday,14:00 - 15:59,EDGAR,ST,0,Right on the spot,NUMBER 354,HN,CONDELL PARK,7120.0,No,Not a school zone,2-way undivided,-33.933548,151.011737,Canterbury-Bankstown,Sydney metro. area,Syd-Newc-Woll Gtr conurbation,Straight,Driveway/entrance,,,Unknown / not stated,Sealed,Dry,Fine,Daylight,Nil,No traffic controls,60 km/h,Regional,21,Right through,202,Opp - Right-thru,,Other angle,4 wheel drive / SUV,Motorcycle,2,0,0,1,0,1,January,Summer,Friday,14:00 - 15:59,Midday / afternoon,False,False,True,True
1342662,Injury,Minor/Other Injury,2024,2024,January,Tuesday,16:00 - 17:59,HOXTON PARK,RD,20,West,FIRST,AVE,HOXTON PARK,681.0,Yes,No,Divided road,-33.92664,150.859358,Liverpool,Sydney metro. area,Syd-Newc-Woll Gtr conurbation,Straight,,,,Unknown / not stated,Sealed,Dry,Fine,Daylight,Nil,No traffic controls,70 km/h,State,30,Rear end,301,Same - Rear end,,Rear end,4 wheel drive / SUV,Car (sedan/hatch),2,0,0,0,1,1,January,Summer,Tuesday,16:00 - 17:59,PM peak / evening commute,True,False,True,True
1342666,Injury,Moderate Injury,2024,2024,January,Sunday,22:00 - Midnight,GEORGES RIVER,RD,0,Right on the spot,BRIGHTON,AVE,CROYDON PARK,549.0,Yes,No,T-junction,-33.895301,151.108576,Canterbury-Bankstown,Sydney metro. area,Syd-Newc-Woll Gtr conurbation,Straight,,,,Unknown / not stated,Sealed,Dry,Fine,Darkness,On,No traffic controls,60 km/h,State,30,Rear end,301,Same - Rear end,,Rear end,Car (sedan/hatch),4 wheel drive / SUV,2,0,0,1,0,1,January,Summer,Sunday,22:00 - Midnight,Evening / night,False,False,True,True
1342668,Injury,Serious Injury,2024,2024,January,Wednesday,16:00 - 17:59,CUMBERLAND,HWY,0,Right on the spot,HILLMONT,AVE,THORNLEIGH,13.0,No,Not a school zone,T-junction,-33.730142,151.082369,Hornsby,Sydney metro. area,Syd-Newc-Woll Gtr conurbation,Straight,,,,Off,Sealed,Dry,Fine,Daylight,Nil,No traffic controls,70 km/h,State,20,Head on,201,Opp - Head on,,Head-on,Station wagon,Light truck utility(from 2018),3,0,1,2,0,1,January,Summer,Wednesday,16:00 - 17:59,PM peak / evening commute,True,False,True,True
1342671,Injury,Moderate Injury,2024,2024,January,Tuesday,08:00 - 09:59,DORA,ST,0,Right on the spot,PEARL,ST,HURSTVILLE,,No,Not a school zone,T-junction,-33.96144,151.09832,Georges River,Sydney metro. area,Syd-Newc-Woll Gtr conurbation,Straight,,,,Unknown / not stated,Sealed,Dry,Fine,Daylight,Nil,Stop sign,50 km/h,Local,13,Right near,104,Adj - Right-thru from right,,Right angle,Car (sedan/hatch),Car (sedan/hatch),4,0,0,1,0,1,January,Summer,Tuesday,08:00 - 09:59,AM peak / school commute,True,False,True,True
1342674,Injury,Moderate Injury,2024,2024,January,Monday,14:00 - 15:59,CAMDEN VALLEY,WAY,0,Right on the spot,GEORGE HUNTER,DR,NARELLAN,620.0,No,Not a school zone,T-junction,-34.038538,150.74219,Camden,Sydney metro. area,Syd-Newc-Woll Gtr conurbation,Straight,,,,Unknown / not stated,Sealed,Wet,Raining,Daylight,Nil,Give way sign,60 km/h,State,10,Cross traffic,101,Adj - Cross traffic,,Right angle,Light truck utility(from 2018),Car (sedan/hatch),2,0,0,2,0,1,January,Summer,Monday,14:00 - 15:59,Midday / afternoon,False,False,True,True
1342675,Injury,Moderate Injury,2024,2024,January,Monday,10:00 - 11:59,BONDS,RD,0,Right on the spot,JINDALEE,PL,RIVERWOOD,7006.0,No,Not a school zone,Roundabout,-33.941664,151.060815,Canterbury-Bankstown,Sydney metro. area,Syd-Newc-Woll Gtr conurbation,Straight,,,,Unknown / not stated,Sealed,Dry,Fine,Daylight,Nil,Give way sign,50 km/h,Regional,30,Rear end,301,Same - Rear end,,Rear end,Car (sedan/hatch),4 wheel drive / SUV,2,0,0,1,0,1,January,Summer,Monday,10:00 - 11:59,Midday / afternoon,False,False,True,True
1342676,Injury,Moderate Injury,2024,2024,January,Monday,20:00 - 21:59,PACIFIC,HWY,0,Right on the spot,ALLGOMERA CREEK,BDGE,EUNGAI CREEK,10.0,No,Not a school zone,Divided road,-30.814697,152.873931,Nambucca Valley,Country non-urban,Rest of NSW - Rural,Straight,Other bridge,,,Unknown / not stated,Sealed,Dry,Overcast,Darkness,Nil,No traffic controls,100 km/h,State,73,Off rd rght => obj,704,Right off cway into obj,,Vehicle - Object,4 wheel drive / SUV,,1,0,0,1,0,1,January,Summer,Monday,20:00 - 21:59,Evening / night,False,False,True,True
1342677,Injury,Serious Injury,2024,2024,January,Monday,08:00 - 09:59,MILLNER,AVE,165,West,OLD WALLGROVE,RD,HORSLEY PARK,,No,Not a school zone,2-way undivided,-33.824145,150.824054,Fairfield,Sydney metro. area,Syd-Newc-Woll Gtr conurbation,Straight,Driveway/entrance,,,Off,Sealed,Dry,Fine,Daylight,Nil,No traffic controls,50 km/h,Local,32,Right rear,303,Same - Rear right,,Rear end,Large rigid,Car (sedan/hatch),2,0,1,0,0,1,January,Summer,Monday,08:00 - 09:59,AM peak / school commute,True,False,True,True
1342679,Injury,Moderate Injury,2024,2024,January,Thursday,16:00 - 17:59,KINGHORNE,ST,0,Right on the spot,WORRIGEE,ST,NOWRA,,No,Not a school zone,Roundabout,-34.876632,150.602535,Shoalhaven,Country urban,Rest of NSW - Urban,Straight,,,,Unknown / not stated,Sealed,Dry,Overcast,Daylight,Nil,Give way sign,50 km/h,Local,10,Cross traffic,101,Adj - Cross traffic,,Right angle,Car (sedan/hatch),Passenger van,2,0,0,1,0,1,January,Summer,Thursday,16:00 - 17:59,PM peak / evening commute,True,False,True,True
1342680,Injury,Serious Injury,2024,2024,January,Monday,14:00 - 15:59,COTTERILLS,RD,50,South,BRINDABELLA,RD,ARGALONG,,No,Not a school zone,2-way undivided,-35.246529,148.420341,Snowy Valleys,Country non-urban,Rest of NSW - Rural,Curved,,,,Unknown / not stated,Unsealed,Dry,Fine,Daylight,Nil,No traffic controls,100 km/h,Local,80,Off left/right bend,801,Off cway right bend,Left,Rollover,Large rigid,,1,0,1,0,0,1,January,Summer,Monday,14:00 - 15:59,Midday / afternoon,False,False,True,True
1342681,Injury,Moderate Injury,2024,2024,January,Wednesday,10:00 - 11:59,NEW ENGLAND,HWY,0,Right on the spot,BOURKE,ST,GLEN INNES,9.0,No,Not a school zone,X-intersection,-29.739443,151.73779,Glen Innes Severn,Country urban,Rest of NSW - Urban,Straight,,,,Unknown / not stated,Sealed,Dry,Fine,Daylight,Nil,Give way sign,60 km/h,State,21,Right through,202,Opp - Right-thru,,Other angle,Car (sedan/hatch),Car (sedan/hatch),2,0,0,1,0,1,January,Summer,Wednesday,10:00 - 11:59,Midday / afternoon,False,False,True,True
1342685,Injury,Minor/Other Injury,2024,2024,January,Tuesday,16:00 - 17:59,CUMBERLAND,HWY,40,South,DUNMORE,ST,WENTWORTHVILLE,13.0,No,Not a school zone,Divided road,-33.807601,150.969191,Cumberland,Sydney metro. area,Syd-Newc-Woll Gtr conurbation,Straight,,,,Unknown / not stated,Sealed,Dry,Fine,Daylight,Nil,No traffic controls,70 km/h,State,30,Rear end,301,Same - Rear end,,Rear end,Light truck utility(from 2018),4 wheel drive / SUV,2,0,0,0,1,1,January,Summer,Tuesday,16:00 - 17:59,PM peak / evening commute,True,False,True,True
1342689,Injury,Minor/Other Injury,2024,2024,January,Wednesday,16:00 - 17:59,KINGSWAY,MS,0,Right on the spot,CHAMBERLAIN,AVE,CARINGBAH,227.0,No,Not a school zone,T-junction,-34.036823,151.117091,Sutherland,Sydney metro. area,Syd-Newc-Woll Gtr conurbation,Straight,,,,Unknown / not stated,Sealed,Dry,Fine,Daylight,Nil,Give way sign,60 km/h,State,99,Unknown,907,Vehicle movements unknown,,Unknown,4 wheel drive / SUV,4 wheel drive / SUV,2,0,0,0,1,1,January,Summer,Wednesday,16:00 - 17:59,PM peak / evening commute,True,False,True,True
1342691,Injury,Moderate Injury,2024,2024,January,Thursday,14:00 - 15:59,CAMDEN VALLEY,WAY,100,East,FAIRWATER,DR,NARELLAN,620.0,No,Not a school zone,Divided road,-34.03677,150.745789,Camden,Sydney metro. area,Syd-Newc-Woll Gtr conurbation,Curved,,,,On,Sealed,Dry,Fine,Daylight,Nil,No traffic controls,80 km/h,State,30,Rear end,301,Same - Rear end,,Rear end,Car (sedan/hatch),Light truck utility(from 2018),2,0,0,1,0,1,January,Summer,Thursday,14:00 - 15:59,Midday / afternoon,False,False,True,True
1342693,Injury,Minor/Other Injury,2024,2024,January,Wednesday,22:00 - Midnight,CANTERBURY,RD,80,West,CLEMENTS,AVE,BANKSTOWN,167.0,No,Not a school zone,2-way undivided,-33.934209,151.031776,Canterbury-Bankstown,Sydney metro. area,Syd-Newc-Woll Gtr conurbation,Straight,,,,Unknown / not stated,Sealed,Wet,Raining,Darkness,Nil,No traffic controls,60 km/h,State,30,Rear end,301,Same - Rear end,,Rear end,Car (sedan/hatch),Light truck utility(from 2018),3,0,0,0,1,1,January,Summer,Wednesday,22:00 - Midnight,Evening / night,False,False,True,True
1342694,Injury,Minor/Other Injury,2024,2024,January,Saturday,22:00 - Midnight,HUE HUE,RD,0,Right on the spot,JASCAREN,CL,JILLIBY,,No,Not a school zone,T-junction,-33.257282,151.397463,Central Coast,Country urban,Syd-Newc-Woll Gtr conurbation,Straight,,,,Unknown / not stated,Sealed,Dry,Fine,Darkness,Nil,No traffic controls,80 km/h,Local,71,Off rd left => obj,703,Left off cway into object,,Vehicle - Object,4 wheel drive / SUV,,1,0,0,0,2,1,January,Summer,Saturday,22:00 - Midnight,Evening / night,False,False,True,True
1342696,Injury,Moderate Injury,2024,2024,January,Saturday,14:00 - 15:59,BURWOOD,RD,0,Right on the spot,NUMBER 68,HN,BURWOOD HEIGHTS,7067.0,No,Not a school zone,2-way undivided,-33.890772,151.100982,Burwood,Sydney metro. area,Syd-Newc-Woll Gtr conurbation,Straight,Driveway/entrance,,,Unknown / not stated,Sealed,Dry,Fine,Daylight,Nil,No traffic controls,50 km/h,Regional,21,Right through,202,Opp - Right-thru,,Other angle,4 wheel drive / SUV,Car (sedan/hatch),2,0,0,1,0,1,January,Summer,Saturday,14:00 - 15:59,Midday / afternoon,False,False,True,True
1342698,Injury,Moderate Injury,2024,2024,January,Tuesday,08:00 - 09:59,WARNERVALE,RD,100,East,LOUISIANA,RD,HAMLYN TERRACE,,No,Not a school zone,2-way undivided,-33.25151,151.476796,Central Coast,Country urban,Syd-Newc-Woll Gtr conurbation,Straight,,,,Unknown / not stated,Sealed,Dry,Fine,Daylight,Nil,No traffic controls,50 km/h,Local,71,Off rd left => obj,703,Left off cway into object,,Other angle,Station wagon,Car (sedan/hatch),2,0,0,1,0,1,January,Summer,Tuesday,08:00 - 09:59,AM peak / school commute,True,False,True,True
1342704,Injury,Moderate Injury,2024,2024,January,Wednesday,10:00 - 11:59,KELLEHERS,RD,0,Right on the spot,TWEED COAST,RD,POTTSVILLE,,No,Not a school zone,T-junction,-28.411872,153.562914,Tweed,Country urban,Rest of NSW - Urban,Straight,,,,Unknown / not stated,Sealed,Dry,Fine,Daylight,Nil,Give way sign,80 km/h,Local,71,Off rd left => obj,703,Left off cway into object,,Vehicle - Object,Car (sedan/hatch),,1,0,0,1,0,1,January,Summer,Wednesday,10:00 - 11:59,Midday / afternoon,False,False,True,True
1342705,Injury,Moderate Injury,2024,2024,January,Thursday,06:00 - 07:59,MILPERRA,RD,0,Right on the spot,NUNBER 279,HN,REVESBY,167.0,No,Not a school zone,Divided road,-33.933011,151.002611,Canterbury-Bankstown,Sydney metro. area,Syd-Newc-Woll Gtr conurbation,Straight,,,,Unknown / not stated,Sealed,Dry,Fine,Daylight,Nil,No traffic controls,70 km/h,State,30,Rear end,301,Same - Rear end,,Rear end,Passenger van,4 wheel drive / SUV,2,0,0,1,0,1,January,Summer,Thursday,06:00 - 07:59,AM peak / school commute,True,False,True,True
1342706,Injury,Minor/Other Injury,2024,2024,January,Thursday,16:00 - 17:59,ALBERT,ST,48,West,MACQUARIE,PL,SYDNEY,,No,Not a school zone,2-way undivided,-33.861939,151.212543,Sydney,Sydney metro. area,Syd-Newc-Woll Gtr conurbation,Straight,Steep grade,,,Unknown / not stated,Sealed,Dry,Fine,Daylight,Nil,No traffic controls,40 km/h,Local,30,Rear end,301,Same - Rear end,,Rear end,Light truck,Station wagon,2,0,0,0,1,1,January,Summer,Thursday,16:00 - 17:59,PM peak / evening commute,True,False,True,True
1342713,Injury,Minor/Other Injury,2024,2024,January,Tuesday,12:00 - 13:59,BARRY,WAY,3000,South,SNOWY RIVER,AVE,MOONBAH,,No,Not a school zone,2-way undivided,-36.473323,148.5924,Snowy Monaro Regional,Country non-urban,Rest of NSW - Rural,Straight,Narrow roadway,,,Unknown / not stated,Sealed,Dry,Fine,Daylight,Nil,No traffic controls,100 km/h,Local,20,Head on,201,Opp - Head on,,Head-on,4 wheel drive / SUV,4 wheel drive / SUV,2,0,0,0,1,1,January,Summer,Tuesday,12:00 - 13:59,Midday / afternoon,False,False,True,True
1342718,Injury,Serious Injury,2024,2024,January,Tuesday,14:00 - 15:59,LISMORE,RD,5900,East,BOOYONG,RD,NASHUA,65.0,No,Not a school zone,2-way undivided,-28.712644,153.456348,Byron,Country urban,Rest of NSW - Urban,Curved,Crest,,,Nil,Sealed,Wet,Raining,Daylight,Nil,No traffic controls,80 km/h,State,20,Head on,201,Opp - Head on,,Head-on,Light truck,Light truck utility(from 2018),2,0,1,0,0,1,January,Summer,Tuesday,14:00 - 15:59,Midday / afternoon,False,False,True,True
1342720,Injury,Serious Injury,2024,2024,January,Tuesday,16:00 - 17:59,WOODVILLE,RD,100,South,TANGERINE,ST,VILLAWOOD,640.0,No,Not a school zone,Divided road,-33.878032,150.97995,Fairfield,Sydney metro. area,Syd-Newc-Woll Gtr conurbation,Straight,Foot/cycle path/nature strip,,,Nil,Sealed,Unknown,Unknown,Daylight,Nil,No traffic controls,70 km/h,State,2,Ped far side,3,Ped - Far side,,Vehicle - Pedestrian,Station wagon,Pedestrian,2,0,1,0,0,1,January,Summer,Tuesday,16:00 - 17:59,PM peak / evening commute,True,False,True,True
1342726,Injury,Serious Injury,2024,2024,January,Sunday,20:00 - 21:59,JIGGI,RD,0,Right on the spot,N410UMBER,HN,JIGGI,,No,Not a school zone,2-way undivided,-28.726749,153.198565,Lismore,Country non-urban,Rest of NSW - Rural,Straight,Ditch/drain/culvert,,,Nil,Sealed,Wet,Raining,Darkness,Nil,No traffic controls,100 km/h,Local,71,Off rd left => obj,703,Left off cway into object,,Vehicle - Object,Light truck utility(from 2018),,1,0,1,0,0,1,January,Summer,Sunday,20:00 - 21:59,Evening / night,False,False,True,True
1342735,Injury,Moderate Injury,2024,2024,January,Monday,08:00 - 09:59,STONEY,RD,1000,West,BLACK RANGE,RD,BLACK RANGE,,No,Not a school zone,2-way undivided,-36.717821,149.823309,Bega Valley,Country urban,Rest of NSW - Urban,Curved,,,,Nil,Unsealed,Dry,Fine,Daylight,Nil,No traffic controls,50 km/h,Local,88,Out of cont on bend,805,Out of control on bend,,Rollover,Motorcycle,,1,0,0,1,0,1,January,Summer,Monday,08:00 - 09:59,AM peak / school commute,True,False,True,True
1342741,Injury,Serious Injury,2024,2024,January,Saturday,18:00 - 19:59,ALPINE,WAY,2060,East,TOOMA,RD,BRINGENBRONG,627.0,No,Not a school zone,2-way undivided,-36.16636,148.066587,Snowy Valleys,Country non-urban,Rest of NSW - Rural,Curved,Embankment/cutting,,,Nil,Sealed,Wet,Raining,Daylight,Nil,No traffic controls,100 km/h,Regional,81,Off left/rt bnd=>obj,803,Off right bend into obj,Left,Vehicle - Object,Light truck,,1,0,1,0,0,1,January,Summer,Saturday,18:00 - 19:59,PM peak / evening commute,True,False,True,True
1342744,Injury,Moderate Injury,2024,2024,January,Sunday,18:00 - 19:59,FONTAINEBLEAU,ST,15,West,TUFFY,AVE,SANS SOUCI,,No,Not a school zone,2-way undivided,-34.001864,151.133233,Bayside,Sydney metro. area,Syd-Newc-Woll Gtr conurbation,Straight,,,,Off,Sealed,Dry,Fine,Daylight,Nil,No traffic controls,50 km/h,Local,71,Off rd left => obj,703,Left off cway into object,,Other angle,Car (sedan/hatch),Car (sedan/hatch),4,0,0,1,0,1,January,Summer,Sunday,18:00 - 19:59,PM peak / evening commute,True,False,True,True