crash_id,degree_of_crash,degree_of_crash_-_detailed,reporting_year,year_of_crash,month_of_crash,day_of_week_of_crash,two-hour_intervals,street_of_crash,street_type,distance,direction,identifying_feature,identifying_feature_type,town,route_no.,school_zone_location,school_zone_active,type_of_location,latitude,longitude,lga,urbanisation,conurbation_1,alignment,primary_permanent_feature,primary_temporary_feature,primary_hazardous_feature,street_lighting,road_surface,surface_condition,weather,natural_lighting,signals_operation,other_traffic_control,speed_limit,road_classification_(admin),rum_-_code,rum_-_description,dca_-_code,dca_-_description,dca_supplement,first_impact_type,key_tu_type,other_tu_type,no._of_traffic_units_involved,no._killed,no._seriously_injured,no._moderately_injured,no._minor-other_injured,month_num,month_label,season,day_label,time_label,time_band,is_peak_commute,is_fatal,is_injury,is_casualty
1342745,Injury,Serious Injury,2024,2024,January,Thursday,10:00 - 11:59,GREAT NORTH,RD,0,Right on the spot,GREAT NORTH ROAD,OT,FERNANCES CROSSING,181.0,No,Not a school zone,2-way undivided,-33.05186,151.133512,Cessnock,Country urban,Rest of NSW - Urban,Curved,Steep grade,,Loose gravel shoulder,Nil,Sealed,Dry,Fine,Daylight,Nil,No traffic controls,80 km/h,Regional,81,Off left/rt bnd=>obj,803,Off right bend into obj,Left,Vehicle - Object,Motorcycle,,1,0,1,0,0,1,January,Summer,Thursday,10:00 - 11:59,Midday / afternoon,False,False,True,True
1342749,Injury,Minor/Other Injury,2024,2024,January,Saturday,10:00 - 11:59,CAPTAINS FLAT,RD,0,Right on the spot,NUMBER 3309,HN,HAROLDS CROSS,270.0,No,Not a school zone,2-way undivided,-35.628862,149.52472,Queanbeyan-Palerang Regional,Country non-urban,Rest of NSW - Rural,Straight,Narrow roadway,,,Off,Unsealed,Dry,Fine,Daylight,Nil,No traffic controls,100 km/h,Regional,20,Head on,201,Opp - Head on,,Head-on,Motorcycle,Car (sedan/hatch),2,0,0,0,1,1,January,Summer,Saturday,10:00 - 11:59,Midday / afternoon,False,False,True,True
1342754,Injury,Moderate Injury,2024,2024,January,Monday,12:00 - 13:59,STATION,ST,10,West,RAILWAY,PDE,KOGARAH,,Yes,No,T-junction,-33.961127,151.133223,Georges River,Sydney metro. area,Syd-Newc-Woll Gtr conurbation,Straight,Pedestrian refuge,,,Off,Sealed,Dry,Fine,Daylight,Nil,No traffic controls,50 km/h,Local,2,Ped far side,3,Ped - Far side,,Vehicle - Pedestrian,Car (sedan/hatch),Pedestrian,2,0,0,1,0,1,January,Summer,Monday,12:00 - 13:59,Midday / afternoon,False,False,True,True
1342757,Injury,Moderate Injury,2024,2024,January,Sunday,16:00 - 17:59,VICTORIA,RD,0,Right on the spot,FRANK,ST,RYDE,165.0,Yes,No,T-junction,-33.821082,151.119627,Ryde,Sydney metro. area,Syd-Newc-Woll Gtr conurbation,Straight,,,,Off,Sealed,Dry,Fine,Daylight,On,No traffic controls,60 km/h,State,0,Ped nearside,1,Ped - Near side,,Vehicle - Pedestrian,Car (sedan/hatch),Pedestrian,2,0,0,1,0,1,January,Summer,Sunday,16:00 - 17:59,PM peak / evening commute,True,False,True,True
1342760,Injury,Serious Injury,2024,2024,January,Wednesday,10:00 - 11:59,CENTRAL COAST,HWY,10,North,ARCHBOLD,RD,LONG JETTY,30.0,No,Not a school zone,X-intersection,-33.353561,151.488957,Central Coast,Country urban,Syd-Newc-Woll Gtr conurbation,Straight,Pedestrian refuge,,,Off,Sealed,Dry,Fine,Daylight,Nil,Stop sign,50 km/h,State,1,Ped emerging,2,Ped - emerging,,Vehicle - Pedestrian,Car (sedan/hatch),Pedestrian,2,0,1,0,0,1,January,Summer,Wednesday,10:00 - 11:59,Midday / afternoon,False,False,True,True
1342761,Injury,Serious Injury,2024,2024,January,Sunday,16:00 - 17:59,MARY,ST,0,Right on the spot,POUND,ST,GRAFTON,,No,Not a school zone,X-intersection,-29.686734,152.930266,Clarence Valley,Country urban,Rest of NSW - Urban,Straight,,,,Nil,Sealed,Dry,Fine,Daylight,Nil,Give way sign,50 km/h,Local,10,Cross traffic,101,Adj - Cross traffic,,Right angle,Car (sedan/hatch),Car (sedan/hatch),2,0,2,0,0,1,January,Summer,Sunday,16:00 - 17:59,PM peak / evening commute,True,False,True,True
1342766,Injury,Moderate Injury,2024,2024,January,Saturday,08:00 - 09:59,WESTERN DISTRIBUTOR,RD,1640,South,LONG GULLY,RD,YADBORO,,No,Not a school zone,2-way undivided,-35.335886,150.183233,Shoalhaven,Country non-urban,Rest of NSW - Rural,Curved,,,Potholes/corrugations/rough,Nil,Unsealed,Wet,Fine,Daylight,Nil,No traffic controls,100 km/h,Local,85,Off rt/lft bnd=>obj,804,Off left bend into obj,Right,Vehicle - Object,Car (sedan/hatch),,1,0,0,1,0,1,January,Summer,Saturday,08:00 - 09:59,AM peak / school commute,True,False,True,True
1342768,Injury,Serious Injury,2024,2024,January,Friday,04:00 - 05:59,GREAT WESTERN,HWY,0,Right on the spot,RESERVOIR,RD,ARNDELL PARK,5.0,No,Not a school zone,X-intersection,-33.79815,150.896996,Blacktown,Sydney metro. area,Syd-Newc-Woll Gtr conurbation,Straight,,,,On,Sealed,Dry,Fine,Dawn,On,No traffic controls,80 km/h,State,21,Right through,202,Opp - Right-thru,,Other angle,Car (sedan/hatch),Car (sedan/hatch),2,0,1,1,0,1,January,Summer,Friday,04:00 - 05:59,Late night / early morning,False,False,True,True
1342775,Injury,Moderate Injury,2024,2024,January,Tuesday,22:00 - Midnight,FAUNA,AVE,390,East,LONG BEACH,RD,LONG BEACH,,No,Not a school zone,2-way undivided,-35.69997,150.233194,Eurobodalla,Country urban,Rest of NSW - Urban,Curved,Steep grade,,,On,Sealed,Dry,Fine,Darkness,Nil,No traffic controls,50 km/h,Local,81,Off left/rt bnd=>obj,803,Off right bend into obj,Left,Vehicle - Object,Car (sedan/hatch),,1,0,0,1,1,1,January,Summer,Tuesday,22:00 - Midnight,Evening / night,False,False,True,True
1342777,Injury,Serious Injury,2024,2024,January,Friday,10:00 - 11:59,WILSONS,RD,190,East,VIOLET TOWN,RD,MOUNT HUTTON,,No,Not a school zone,2-way undivided,-32.986121,151.672509,Lake Macquarie,Newcastle met. area,Syd-Newc-Woll Gtr conurbation,Straight,Driveway/entrance,,,Off,Sealed,Dry,Fine,Daylight,Nil,No traffic controls,60 km/h,Local,47,Emerging from drive,406,Manov - Emerging from driveway,,Right angle,Car (sedan/hatch),Motorcycle,2,0,1,0,0,1,January,Summer,Friday,10:00 - 11:59,Midday / afternoon,False,False,True,True
1342781,Injury,Serious Injury,2024,2024,January,Tuesday,12:00 - 13:59,OLGA,ST,0,Right on the spot,NUMBER 7,HN,CHATSWOOD,,No,Not a school zone,2-way undivided,-33.797606,151.190665,Willoughby,Sydney metro. area,Syd-Newc-Woll Gtr conurbation,Straight,Driveway/entrance,,,Off,Sealed,Dry,Fine,Daylight,Nil,No traffic controls,50 km/h,Local,85,Off rt/lft bnd=>obj,706,Left turn,Right,Vehicle - Object,Car (sedan/hatch),,1,0,1,0,0,1,January,Summer,Tuesday,12:00 - 13:59,Midday / afternoon,False,False,True,True
1342787,Injury,Minor/Other Injury,2024,2024,January,Thursday,22:00 - Midnight,RIVERINA,HWY,0,Right on the spot,GUINEA,ST,ALBURY,20.0,Yes,No,X-intersection,-36.075187,146.925289,Albury,Country urban,Rest of NSW - Urban,Straight,,Police pursuit,,On,Sealed,Wet,Raining,Darkness,On,No traffic controls,60 km/h,State,10,Cross traffic,101,Adj - Cross traffic,,Right angle,Light truck utility(from 2018),4 wheel drive / SUV,2,0,0,0,1,1,January,Summer,Thursday,22:00 - Midnight,Evening / night,False,False,True,True
1342788,Injury,Serious Injury,2024,2024,January,Monday,10:00 - 11:59,HOGBIN,DR,130,South,HARBOUR,DR,COFFS HARBOUR,540.0,No,Not a school zone,Divided road,-30.304226,153.122899,Coffs Harbour,Country urban,Rest of NSW - Urban,Curved,Steep grade,,,Off,Sealed,Wet,Raining,Daylight,Nil,No traffic controls,60 km/h,Regional,81,Off left/rt bnd=>obj,803,Off right bend into obj,Left,Vehicle - Object,Car (sedan/hatch),,1,0,1,0,0,1,January,Summer,Monday,10:00 - 11:59,Midday / afternoon,False,False,True,True
1342796,Injury,Serious Injury,2024,2024,January,Wednesday,16:00 - 17:59,BOURKE,ST,50,West,KINGSBOROUGH,WAY,ZETLAND,2008.0,No,Not a school zone,2-way undivided,-33.903834,151.205972,Sydney,Sydney metro. area,Syd-Newc-Woll Gtr conurbation,Straight,,,,Nil,Sealed,Dry,Overcast,Daylight,Nil,No traffic controls,50 km/h,Regional,0,Ped nearside,1,Ped - Near side,,Vehicle - Pedestrian,4 wheel drive / SUV,Pedestrian,2,0,1,0,0,1,January,Summer,Wednesday,16:00 - 17:59,PM peak / evening commute,True,False,True,True
1342801,Injury,Moderate Injury,2024,2024,January,Saturday,06:00 - 07:59,KYEEMA,DR,0,Right on the spot,WOODSTOCK,RD,WOODSTOCK,,No,Not a school zone,T-junction,-35.365284,150.398843,Shoalhaven,Country urban,Rest of NSW - Urban,Curved,Steep grade,,,Nil,Sealed,Dry,Fine,Daylight,Nil,No traffic controls,80 km/h,Local,13,Right near,104,Adj - Right-thru from right,,Right angle,4 wheel drive / SUV,Pedal cycle,2,0,0,1,0,1,January,Summer,Saturday,06:00 - 07:59,AM peak / school commute,True,False,True,True
1342807,Injury,Serious Injury,2024,2024,January,Wednesday,16:00 - 17:59,PUTTY,RD,16900,North,CULOUL RANGE,TRL,MELLONG,503.0,No,Not a school zone,2-way undivided,-33.118027,150.697091,Hawkesbury,Country non-urban,Syd-Newc-Woll Gtr conurbation,Curved,Ditch/drain/culvert,,,Nil,Sealed,Wet,Raining,Daylight,Nil,No traffic controls,100 km/h,State,81,Off left/rt bnd=>obj,803,Off right bend into obj,Left,Vehicle - Object,Car (sedan/hatch),,1,0,1,0,0,1,January,Summer,Wednesday,16:00 - 17:59,PM peak / evening commute,True,False,True,True
1342808,Injury,Serious Injury,2024,2024,January,Tuesday,10:00 - 11:59,FISH,RD,150,West,MCCURLEYS,RD,FARRINGDON,,No,Not a school zone,2-way undivided,-35.558485,149.52941,Queanbeyan-Palerang Regional,Country non-urban,Rest of NSW - Rural,Straight,,,,Nil,Unsealed,Dry,Fine,Daylight,Nil,No traffic controls,100 km/h,Local,71,Off rd left => obj,703,Left off cway into object,,Vehicle - Object,Motorcycle,,1,0,1,0,0,1,January,Summer,Tuesday,10:00 - 11:59,Midday / afternoon,False,False,True,True
1342816,Injury,Moderate Injury,2024,2024,January,Wednesday,16:00 - 17:59,WARRINGAH,RD,0,Right on the spot,PINE,AVE,NARRAWEENA,328.0,No,Not a school zone,T-junction,-33.756182,151.276133,Northern Beaches,Sydney metro. area,Syd-Newc-Woll Gtr conurbation,Straight,,,,Off,Sealed,Dry,Overcast,Daylight,Nil,No traffic controls,60 km/h,State,13,Right near,104,Adj - Right-thru from right,,Right angle,4 wheel drive / SUV,4 wheel drive / SUV,2,0,0,1,0,1,January,Summer,Wednesday,16:00 - 17:59,PM peak / evening commute,True,False,True,True
1342817,Injury,Serious Injury,2024,2024,January,Saturday,10:00 - 11:59,MORWICK,ST,180,West,WENTWORTH,RD,STRATHFIELD,2027.0,No,Not a school zone,2-way undivided,-33.874978,151.095764,Burwood,Sydney metro. area,Syd-Newc-Woll Gtr conurbation,Straight,,,,Nil,Sealed,Wet,Overcast,Daylight,Nil,No traffic controls,50 km/h,Regional,74,On road-out of cont.,705,Out of control on cway,,Rollover,Motor scooter,,1,0,1,0,0,1,January,Summer,Saturday,10:00 - 11:59,Midday / afternoon,False,False,True,True
1342823,Injury,Serious Injury,2024,2024,January,Thursday,06:00 - 07:59,LADY WAKEHURST,DR,0,Right on the spot,DOMVILLE,RD,OTFORD,393.0,No,Not a school zone,T-junction,-34.214429,151.006446,Wollongong,Wollongong met. area,Syd-Newc-Woll Gtr conurbation,Straight,,,,Nil,Sealed,Dry,Fine,Daylight,Nil,No traffic controls,60 km/h,State,32,Right rear,303,Same - Rear right,,Rear end,Motorcycle,Light truck,2,0,1,0,0,1,January,Summer,Thursday,06:00 - 07:59,AM peak / school commute,True,False,True,True
1342825,Injury,Serious Injury,2024,2024,January,Monday,02:00 - 03:59,MONARO,HWY,50,South,PODDY HUT,RD,ANDO,19.0,No,Not a school zone,2-way undivided,-36.79166,149.281618,Snowy Monaro Regional,Country non-urban,Rest of NSW - Rural,Curved,Embankment/cutting,,,Nil,Sealed,Dry,Fine,Darkness,Nil,No traffic controls,100 km/h,State,81,Off left/rt bnd=>obj,803,Off right bend into obj,Left,Vehicle - Object,Car (sedan/hatch),,1,0,1,0,0,1,January,Summer,Monday,02:00 - 03:59,Late night / early morning,False,False,True,True
1342827,Injury,Moderate Injury,2024,2024,January,Monday,06:00 - 07:59,HAMBLY,ST,0,Right on the spot,QUEEN,ST,BOTANY,,No,Not a school zone,X-intersection,-33.946564,151.206863,Bayside,Sydney metro. area,Syd-Newc-Woll Gtr conurbation,Straight,,,,Nil,Sealed,Dry,Fine,Daylight,Nil,Give way sign,50 km/h,Local,10,Cross traffic,101,Adj - Cross traffic,,Right angle,Motorcycle,4 wheel drive / SUV,2,0,0,1,0,1,January,Summer,Monday,06:00 - 07:59,AM peak / school commute,True,False,True,True
1342831,Injury,Moderate Injury,2024,2024,January,Thursday,20:00 - 21:59,GREAT WESTERN,HWY,0,Right on the spot,WALLGROVE ROAD,TO,MINCHINBURY,5.0,No,Not a school zone,Divided road,-33.788774,150.853723,Blacktown,Sydney metro. area,Syd-Newc-Woll Gtr conurbation,Straight,Climb/merge lane,,,On,Sealed,Dry,Fine,Darkness,Nil,No traffic controls,80 km/h,State,34,Lane change right,306,Same - Lane change right,,Other angle,4 wheel drive / SUV,Motorcycle,2,0,0,1,0,1,January,Summer,Thursday,20:00 - 21:59,Evening / night,False,False,True,True
1342832,Injury,Minor/Other Injury,2024,2024,January,Tuesday,16:00 - 17:59,NEWELL,HWY,150,West,RACECOURSE,RD,GILGANDRA,17.0,No,Not a school zone,2-way undivided,-31.71544,148.669331,Gilgandra,Country urban,Rest of NSW - Urban,Curved,,,,Nil,Sealed,Dry,Fine,Daylight,Nil,No traffic controls,60 km/h,State,85,Off rt/lft bnd=>obj,804,Off left bend into obj,Right,Vehicle - Object,Station wagon,,1,0,0,0,1,1,January,Summer,Tuesday,16:00 - 17:59,PM peak / evening commute,True,False,True,True
1342841,Injury,Moderate Injury,2024,2024,January,Sunday,20:00 - 21:59,MYALL,RD,0,Right on the spot,HARRISON,ST,CARDIFF,7769.0,No,Not a school zone,T-junction,-32.942751,151.659654,Lake Macquarie,Newcastle met. area,Syd-Newc-Woll Gtr conurbation,Straight,,,,On,Sealed,Dry,Fine,Dusk,Nil,No traffic controls,60 km/h,Regional,11,Right far,102,Adj - Right-thru from left,,Right angle,Car (sedan/hatch),Car (sedan/hatch),2,0,0,1,0,1,January,Summer,Sunday,20:00 - 21:59,Evening / night,False,False,True,True
1342847,Injury,Serious Injury,2024,2024,January,Monday,08:00 - 09:59,PARK,AVE,30,East,GRAFTON,ST,COFFS HARBOUR,,No,Not a school zone,2-way undivided,-30.297333,153.113354,Coffs Harbour,Country urban,Rest of NSW - Urban,Straight,,,,On,Sealed,Dry,Fine,Daylight,Nil,No traffic controls,40 km/h,Local,30,Rear end,301,Same - Rear end,,Rear end,Car (sedan/hatch),Light truck utility(from 2018),2,0,1,0,0,1,January,Summer,Monday,08:00 - 09:59,AM peak / school commute,True,False,True,True
1342848,Injury,Minor/Other Injury,2024,2024,January,Tuesday,08:00 - 09:59,BLAXCELL,ST,0,Right on the spot,LOUIS,ST,GRANVILLE,,No,Not a school zone,Roundabout,-33.841402,151.010615,Cumberland,Sydney metro. area,Syd-Newc-Woll Gtr conurbation,Straight,,,,Off,Sealed,Wet,Raining,Daylight,Nil,Give way sign,50 km/h,Local,11,Right far,102,Adj - Right-thru from left,,Right angle,Motorcycle,Car (sedan/hatch),2,0,0,0,1,1,January,Summer,Tuesday,08:00 - 09:59,AM peak / school commute,True,False,True,True
1342858,Injury,Serious Injury,2024,2024,January,Sunday,12:00 - 13:59,RICKARD,RD,0,Right on the spot,JACOBS,ST,BANKSTOWN,7123.0,No,Not a school zone,X-intersection,-33.91474,151.036874,Canterbury-Bankstown,Sydney metro. area,Syd-Newc-Woll Gtr conurbation,Straight,,,,Off,Sealed,Dry,Fine,Daylight,On,No traffic controls,60 km/h,Regional,21,Right through,202,Opp - Right-thru,,Other angle,Car (sedan/hatch),4 wheel drive / SUV,2,0,1,1,0,1,January,Summer,Sunday,12:00 - 13:59,Midday / afternoon,False,False,True,True
1342865,Injury,Moderate Injury,2024,2024,January,Friday,16:00 - 17:59,KEEN,ST,20,South,MAGELLAN,ST,LISMORE,,No,Not a school zone,Divided road,-28.810087,153.277697,Lismore,Country urban,Rest of NSW - Urban,Straight,,,,Nil,Sealed,Dry,Overcast,Daylight,Nil,No traffic controls,50 km/h,Local,71,Off rd left => obj,703,Left off cway into object,,Vehicle - Object,Station wagon,,1,0,0,1,0,1,January,Summer,Friday,16:00 - 17:59,PM peak / evening commute,True,False,True,True
1342875,Injury,Moderate Injury,2024,2024,January,Wednesday,08:00 - 09:59,PEARSON,ST,25,North,BYE,ST,WAGGA WAGGA,,No,Not a school zone,2-way undivided,-35.118264,147.344926,Wagga Wagga,Country urban,Rest of NSW - Urban,Straight,Driveway/entrance,,,Off,Sealed,Dry,Fine,Daylight,Nil,No traffic controls,60 km/h,Local,47,Emerging from drive,406,Manov - Emerging from driveway,,Right angle,4 wheel drive / SUV,Unknown motor vehicle,2,0,0,1,0,1,January,Summer,Wednesday,08:00 - 09:59,AM peak / school commute,True,False,True,True
1342876,Injury,Serious Injury,2024,2024,January,Wednesday,16:00 - 17:59,ARTHUR,ST,0,Right on the spot,PARK BEACH PLAZA SHOPPING CENTRE,ENT,COFFS HARBOUR,7745.0,No,Not a school zone,2-way undivided,-30.280898,153.132619,Coffs Harbour,Country urban,Rest of NSW - Urban,Curved,Driveway/entrance,,,Off,Sealed,Dry,Fine,Daylight,Nil,Give way sign,60 km/h,Regional,47,Emerging from drive,406,Manov - Emerging from driveway,,Right angle,Car (sedan/hatch),Motorcycle,2,0,1,0,0,1,January,Summer,Wednesday,16:00 - 17:59,PM peak / evening commute,True,False,True,True
1342885,Injury,Moderate Injury,2024,2024,January,Friday,10:00 - 11:59,CHARLTON,ST,0,Right on the spot,COOPER,ST,CESSNOCK,,No,Not a school zone,Roundabout,-32.835271,151.355268,Cessnock,Country urban,Rest of NSW - Urban,Straight,,,,Off,Sealed,Dry,Fine,Daylight,Nil,Give way sign,10 km/h,Local,10,Cross traffic,101,Adj - Cross traffic,,Right angle,Car (sedan/hatch),4 wheel drive / SUV,2,0,0,1,1,1,January,Summer,Friday,10:00 - 11:59,Midday / afternoon,False,False,True,True
1342891,Injury,Minor/Other Injury,2024,2024,January,Thursday,00:01 - 01:59,BALMAIN,RD,50,South,MAY,ST,LILYFIELD,652.0,No,Not a school zone,2-way undivided,-33.871076,151.160977,Inner West,Sydney metro. area,Syd-Newc-Woll Gtr conurbation,Straight,,,,On,Sealed,Dry,Fine,Darkness,Nil,No traffic controls,50 km/h,State,71,Off rd left => obj,703,Left off cway into object,,Other angle,Car (sedan/hatch),4 wheel drive / SUV,3,0,0,0,2,1,January,Summer,Thursday,00:01 - 01:59,Late night / early morning,False,False,True,True
1342894,Injury,Minor/Other Injury,2024,2024,January,Friday,10:00 - 11:59,POLDING,ST,0,Right on the spot,CUMBERLAND,HWY,SMITHFIELD,7222.0,No,Not a school zone,Roundabout,-33.860453,150.9279,Fairfield,Sydney metro. area,Syd-Newc-Woll Gtr conurbation,Curved,Underpass/tunnel,,,Off,Sealed,Wet,Overcast,Daylight,Nil,Give way sign,60 km/h,Regional,13,Right near,104,Adj - Right-thru from right,,Right angle,Car (sedan/hatch),Car (sedan/hatch),2,0,0,0,1,1,January,Summer,Friday,10:00 - 11:59,Midday / afternoon,False,False,True,True
1342901,Injury,Moderate Injury,2024,2024,January,Friday,22:00 - Midnight,WAKEHURST,PKWY,1000,South,WARRINGAH,RD,FRENCHS FOREST,397.0,No,Not a school zone,2-way undivided,-33.761442,151.232382,Northern Beaches,Sydney metro. area,Syd-Newc-Woll Gtr conurbation,Curved,,,,Off,Sealed,Wet,Raining,Darkness,Nil,No traffic controls,80 km/h,State,4,Ped walk with,5,Ped - Walking with traffic,,Vehicle - Pedestrian,4 wheel drive / SUV,Pedestrian,2,0,0,1,0,1,January,Summer,Friday,22:00 - Midnight,Evening / night,False,False,True,True
1342906,Injury,Minor/Other Injury,2024,2024,January,Saturday,22:00 - Midnight,THIRLMERE,WAY,0,Right on the spot,NUMBER 401,HN,THIRLMERE,7635.0,No,Not a school zone,2-way undivided,-34.200019,150.574124,Wollondilly,Country urban,Syd-Newc-Woll Gtr conurbation,Straight,,,,Nil,Sealed,Dry,Fine,Darkness,Nil,No traffic controls,60 km/h,Regional,71,Off rd left => obj,703,Left off cway into object,,Other angle,4 wheel drive / SUV,4 wheel drive / SUV,2,0,0,0,1,1,January,Summer,Saturday,22:00 - Midnight,Evening / night,False,False,True,True
1342907,Injury,Moderate Injury,2024,2024,January,Tuesday,12:00 - 13:59,BOURKE,ST,0,Right on the spot,SPOONER,AVE,MOUNT AUSTIN,211.0,Yes,No,T-junction,-35.136204,147.352299,Wagga Wagga,Country urban,Rest of NSW - Urban,Straight,,,,Nil,Sealed,Dry,Fine,Daylight,Nil,Give way sign,60 km/h,Regional,16,Left near,107,Adj - Left-thru from right,,Right angle,Car (sedan/hatch),Car (sedan/hatch),2,0,0,1,0,1,January,Summer,Tuesday,12:00 - 13:59,Midday / afternoon,False,False,True,True
1342909,Injury,Moderate Injury,2024,2024,January,Tuesday,06:00 - 07:59,STONEY CREEK,RD,0,Right on the spot,HOLLEY,RD,BEVERLY HILLS,665.0,No,Not a school zone,T-junction,-33.957874,151.070911,Georges River,Sydney metro. area,Syd-Newc-Woll Gtr conurbation,Straight,,,,Nil,Sealed,Dry,Fine,Daylight,Nil,No traffic controls,60 km/h,State,10,Cross traffic,101,Adj - Cross traffic,,Right angle,Station wagon,Motorcycle,2,0,0,1,0,1,January,Summer,Tuesday,06:00 - 07:59,AM peak / school commute,True,False,True,True
1342910,Injury,Moderate Injury,2024,2024,January,Monday,02:00 - 03:59,WAKEFIELD,RD,750,South,THE BROADWAY,MS,KILLINGWORTH,,No,Not a school zone,2-way undivided,-32.941292,151.575048,Lake Macquarie,Newcastle met. area,Syd-Newc-Woll Gtr conurbation,Curved,Painted double centre lines,,,Nil,Sealed,Dry,Fine,Darkness,Nil,No traffic controls,80 km/h,Local,20,Head on,201,Opp - Head on,,Head-on,4 wheel drive / SUV,Station wagon,2,0,0,1,1,1,January,Summer,Monday,02:00 - 03:59,Late night / early morning,False,False,True,True
1342913,Injury,Moderate Injury,2024,2024,January,Saturday,14:00 - 15:59,LUSKINTYRE,RD,100,North,KNOCKFIN,RD,LUSKINTYRE,,No,Not a school zone,2-way undivided,-32.662524,151.43338,Maitland,Country urban,Rest of NSW - Urban,Straight,,,Potholes/corrugations/rough,Off,Sealed,Dry,Fine,Daylight,Nil,No traffic controls,80 km/h,Local,70,Off road to left,701,Off carriageway to left,,Rollover,Motorcycle,,1,0,0,1,0,1,January,Summer,Saturday,14:00 - 15:59,Midday / afternoon,False,False,True,True
1342919,Injury,Moderate Injury,2024,2024,January,Wednesday,22:00 - Midnight,WOODVILLE,RD,0,Right on the spot,FAIRFIELD,ST,FAIRFIELD EAST,640.0,No,Not a school zone,X-intersection,-33.870486,150.985466,Fairfield,Sydney metro. area,Syd-Newc-Woll Gtr conurbation,Straight,,,,On,Sealed,Dry,Fine,Darkness,On,No traffic controls,70 km/h,State,21,Right through,202,Opp - Right-thru,,Other angle,Car (sedan/hatch),Car (sedan/hatch),3,0,0,1,0,1,January,Summer,Wednesday,22:00 - Midnight,Evening / night,False,False,True,True
1342926,Injury,Moderate Injury,2024,2024,January,Monday,08:00 - 09:59,BELLEVUE,RD,0,Right on the spot,RIVERS,ST,BELLEVUE HILL,,No,Not a school zone,T-junction,-33.885017,151.255316,Woollahra,Sydney metro. area,Syd-Newc-Woll Gtr conurbation,Straight,,,,Off,Sealed,Dry,Overcast,Daylight,Nil,Give way sign,50 km/h,Local,32,Right rear,303,Same - Rear right,,Rear end,Motorcycle,Passenger van,2,0,0,1,0,1,January,Summer,Monday,08:00 - 09:59,AM peak / school commute,True,False,True,True
1342928,Injury,Serious Injury,2024,2024,January,Saturday,12:00 - 13:59,PITTWATER,RD,20,South,WATERLOO,ST,NARRABEEN,164.0,No,Not a school zone,Divided road,-33.712912,151.297189,Northern Beaches,Sydney metro. area,Syd-Newc-Woll Gtr conurbation,Straight,,,,Off,Sealed,Dry,Fine,Daylight,Nil,No traffic controls,60 km/h,State,74,On road-out of cont.,705,Out of control on cway,,Rollover,Motorcycle,,1,0,1,0,0,1,January,Summer,Saturday,12:00 - 13:59,Midday / afternoon,False,False,True,True
1342949,Injury,Moderate Injury,2024,2024,January,Saturday,12:00 - 13:59,GREAT WESTERN,HWY,0,Right on the spot,ACTON,ST,FIVE DOCK,5.0,No,Not a school zone,T-junction,-33.870693,151.116933,Canada Bay,Sydney metro. area,Syd-Newc-Woll Gtr conurbation,Straight,,,,Unknown / not stated,Sealed,Dry,Fine,Daylight,Nil,No traffic controls,60 km/h,State,71,Off rd left => obj,703,Left off cway into object,,Vehicle - Object,Light truck utility(from 2018),,1,0,0,1,0,1,January,Summer,Saturday,12:00 - 13:59,Midday / afternoon,False,False,True,True
1342953,Injury,Serious Injury,2024,2024,January,Sunday,18:00 - 19:59,GREAT WESTERN,HWY,0,Right on the spot,MARLBOROUGH,RD,HOMEBUSH WEST,5.0,No,Not a school zone,T-junction,-33.85845,151.069509,Strathfield,Sydney metro. area,Syd-Newc-Woll Gtr conurbation,Straight,Underpass/tunnel,,,Unknown / not stated,Sealed,Wet,Fine,Daylight,On,No traffic controls,60 km/h,State,21,Right through,202,Opp - Right-thru,,Other angle,4 wheel drive / SUV,Car (sedan/hatch),2,0,1,1,0,1,January,Summer,Sunday,18:00 - 19:59,PM peak / evening commute,True,False,True,True
1342956,Injury,Minor/Other Injury,2024,2024,January,Sunday,14:00 - 15:59,GUNDAGAI,RD,0,Right on the spot,FLORANCE,ST,COOTAMUNDRA,87.0,No,Not a school zone,T-junction,-34.646747,148.031386,Cootamundra-Gundagai,Country urban,Rest of NSW - Urban,Curved,,,,Unknown / not stated,Sealed,Dry,Fine,Daylight,Nil,Give way sign,50 km/h,Regional,81,Off left/rt bnd=>obj,803,Off right bend into obj,Left,Vehicle - Object,Semi-trailer,,1,0,0,0,1,1,January,Summer,Sunday,14:00 - 15:59,Midday / afternoon,False,False,True,True
1342957,Injury,Moderate Injury,2024,2024,January,Friday,06:00 - 07:59,CESSNOCK,RD,0,Right on the spot,REDWOOD,DR,GILLIESTON HEIGHTS,195.0,No,Not a school zone,X-intersection,-32.764538,151.527796,Maitland,Country urban,Rest of NSW - Urban,Straight,Steep grade,,,Off,Sealed,Dry,Fine,Daylight,On,No traffic controls,60 km/h,State,21,Right through,202,Opp - Right-thru,,Other angle,Car (sedan/hatch),Large rigid,2,0,0,1,0,1,January,Summer,Friday,06:00 - 07:59,AM peak / school commute,True,False,True,True
1342959,Injury,Serious Injury,2024,2024,January,Monday,16:00 - 17:59,GIBBONS,ST,0,Right on the spot,MARGARET,ST,REDFERN,170.0,No,Not a school zone,T-junction,-33.893815,151.198741,Sydney,Sydney metro. area,Syd-Newc-Woll Gtr conurbation,Straight,,,,Unknown / not stated,Sealed,Dry,Fine,Daylight,Nil,No traffic controls,50 km/h,State,36,Right turn sideswipe,308,Same - Rgt turn side swipe,,Other angle,Car (sedan/hatch),Light truck,2,0,1,0,0,1,January,Summer,Monday,16:00 - 17:59,PM peak / evening commute,True,False,True,True