crash_id,degree_of_crash,degree_of_crash_-_detailed,reporting_year,year_of_crash,month_of_crash,day_of_week_of_crash,two-hour_intervals,street_of_crash,street_type,distance,direction,identifying_feature,identifying_feature_type,town,route_no.,school_zone_location,school_zone_active,type_of_location,latitude,longitude,lga,urbanisation,conurbation_1,alignment,primary_permanent_feature,primary_temporary_feature,primary_hazardous_feature,street_lighting,road_surface,surface_condition,weather,natural_lighting,signals_operation,other_traffic_control,speed_limit,road_classification_(admin),rum_-_code,rum_-_description,dca_-_code,dca_-_description,dca_supplement,first_impact_type,key_tu_type,other_tu_type,no._of_traffic_units_involved,no._killed,no._seriously_injured,no._moderately_injured,no._minor-other_injured,month_num,month_label,season,day_label,time_label,time_band,is_peak_commute,is_fatal,is_injury,is_casualty
1342960,Injury,Minor/Other Injury,2024,2024,January,Thursday,12:00 - 13:59,PACIFIC,HWY,0,Right on the spot,MOWBRAY,RD,LANE COVE NORTH,10.0,No,Not a school zone,X-intersection,-33.805458,151.179265,Willoughby,Sydney metro. area,Syd-Newc-Woll Gtr conurbation,Straight,,,,Unknown / not stated,Sealed,Dry,Fine,Daylight,On,No traffic controls,50 km/h,State,21,Right through,202,Opp - Right-thru,,Other angle,4 wheel drive / SUV,Light truck utility(from 2018),2,0,0,0,1,1,January,Summer,Thursday,12:00 - 13:59,Midday / afternoon,False,False,True,True
1342964,Injury,Moderate Injury,2024,2024,January,Monday,12:00 - 13:59,RAILWAY,PDE,0,Right on the spot,RAILWAY,ST,KOGARAH,7006.0,No,Not a school zone,T-junction,-33.967308,151.129276,Georges River,Sydney metro. area,Syd-Newc-Woll Gtr conurbation,Straight,Underpass/tunnel,,,Unknown / not stated,Sealed,Dry,Fine,Daylight,Nil,Give way sign,50 km/h,Regional,30,Rear end,301,Same - Rear end,,Rear end,Car (sedan/hatch),4 wheel drive / SUV,2,0,0,1,0,1,January,Summer,Monday,12:00 - 13:59,Midday / afternoon,False,False,True,True
1342965,Injury,Minor/Other Injury,2024,2024,February,Friday,10:00 - 11:59,EPPING,RD,200,East,HERRING,RD,MACQUARIE PARK,373.0,No,Not a school zone,Divided road,-33.782846,151.115278,Ryde,Sydney metro. area,Syd-Newc-Woll Gtr conurbation,Straight,,,,Unknown / not stated,Sealed,Dry,Unknown,Daylight,Nil,No traffic controls,70 km/h,State,34,Lane change right,306,Same - Lane change right,,Other angle,Car (sedan/hatch),Car (sedan/hatch),2,0,0,0,1,2,February,Summer,Friday,10:00 - 11:59,Midday / afternoon,False,False,True,True
1342970,Injury,Moderate Injury,2024,2024,February,Friday,16:00 - 17:59,HEAD,ST,50,East,RESERVE,RD,FORSTER,692.0,No,Not a school zone,Divided road,-32.179476,152.510217,Mid-Coast,Country urban,Rest of NSW - Urban,Curved,,,,Unknown / not stated,Sealed,Dry,Fine,Daylight,Nil,No traffic controls,50 km/h,State,30,Rear end,301,Same - Rear end,,Rear end,Light truck utility(from 2018),Motorcycle,2,0,0,1,0,2,February,Summer,Friday,16:00 - 17:59,PM peak / evening commute,True,False,True,True
1342971,Injury,Moderate Injury,2024,2024,February,Tuesday,06:00 - 07:59,TRAFALGAR,AVE,15,North,GALLIPOLI,AVE,WOY WOY,,No,Not a school zone,2-way undivided,-33.506624,151.324033,Central Coast,Country urban,Syd-Newc-Woll Gtr conurbation,Straight,,,,Unknown / not stated,Sealed,Wet,Raining,Daylight,Nil,No traffic controls,50 km/h,Local,73,Off rd rght => obj,704,Right off cway into obj,,Other angle,4 wheel drive / SUV,4 wheel drive / SUV,3,0,0,1,0,2,February,Summer,Tuesday,06:00 - 07:59,AM peak / school commute,True,False,True,True
1342977,Injury,Minor/Other Injury,2024,2024,February,Sunday,10:00 - 11:59,CARLISLE,AVE,30,South,FULLER,ST,MOUNT DRUITT,629.0,No,Not a school zone,Divided road,-33.774079,150.815432,Blacktown,Sydney metro. area,Syd-Newc-Woll Gtr conurbation,Straight,,,,Unknown / not stated,Sealed,Wet,Fine,Daylight,Nil,No traffic controls,60 km/h,State,30,Rear end,301,Same - Rear end,,Rear end,4 wheel drive / SUV,Car (sedan/hatch),2,0,0,0,1,2,February,Summer,Sunday,10:00 - 11:59,Midday / afternoon,False,False,True,True
1342990,Injury,Minor/Other Injury,2024,2024,February,Thursday,14:00 - 15:59,HENRY LAWSON,DR,50,South,SHORTLANDS BRUSH,ENT,LANSDOWNE,508.0,No,Not a school zone,2-way undivided,-33.89618,150.972453,Canterbury-Bankstown,Sydney metro. area,Syd-Newc-Woll Gtr conurbation,Straight,,,,Unknown / not stated,Sealed,Dry,Fine,Daylight,Nil,No traffic controls,70 km/h,State,30,Rear end,301,Same - Rear end,,Rear end,Car (sedan/hatch),Car (sedan/hatch),3,0,0,0,1,2,February,Summer,Thursday,14:00 - 15:59,Midday / afternoon,False,False,True,True
1342991,Injury,Minor/Other Injury,2024,2024,January,Monday,10:00 - 11:59,GREAT WESTERN,HWY,0,Right on the spot,HIGH,ST,PENRITH,5.0,No,Not a school zone,X-intersection,-33.750718,150.68776,Penrith,Sydney metro. area,Syd-Newc-Woll Gtr conurbation,Straight,,,,Unknown / not stated,Sealed,Dry,Fine,Daylight,On,No traffic controls,60 km/h,State,30,Rear end,301,Same - Rear end,,Rear end,Light truck utility(from 2018),Car (sedan/hatch),2,0,0,0,1,1,January,Summer,Monday,10:00 - 11:59,Midday / afternoon,False,False,True,True
1342996,Injury,Moderate Injury,2024,2024,January,Friday,14:00 - 15:59,RAMSGATE,RD,0,Right on the spot,WALMER,ST,RAMSGATE,624.0,No,Not a school zone,X-intersection,-33.98486,151.141045,Bayside,Sydney metro. area,Syd-Newc-Woll Gtr conurbation,Straight,,,,Unknown / not stated,Sealed,Dry,Fine,Daylight,Nil,Stop sign,60 km/h,Regional,10,Cross traffic,101,Adj - Cross traffic,,Right angle,4 wheel drive / SUV,Car (sedan/hatch),2,0,0,1,0,1,January,Summer,Friday,14:00 - 15:59,Midday / afternoon,False,False,True,True
1343000,Injury,Moderate Injury,2024,2024,February,Sunday,08:00 - 09:59,BELMORE FALLS,RD,0,Right on the spot,PEARSONS,LANE,WILDES MEADOW,,No,Not a school zone,T-junction,-34.613012,150.53521,Wingecarribee,Country urban,Rest of NSW - Urban,Curved,,,,Unknown / not stated,Sealed,Dry,Fine,Daylight,Nil,Stop sign,60 km/h,Local,88,Out of cont on bend,707,Right turn,,Rollover,Motorcycle,,1,0,0,1,0,2,February,Summer,Sunday,08:00 - 09:59,AM peak / school commute,True,False,True,True
1343004,Injury,Minor/Other Injury,2024,2024,January,Tuesday,16:00 - 17:59,AIRD,ST,0,Right on the spot,MARSDEN,ST,PARRAMATTA,,No,Not a school zone,T-junction,-33.817426,151.000866,Parramatta,Sydney metro. area,Syd-Newc-Woll Gtr conurbation,Straight,,,,Unknown / not stated,Sealed,Dry,Fine,Daylight,On,Give way sign,40 km/h,Local,16,Left near,107,Adj - Left-thru from right,,Right angle,4 wheel drive / SUV,Car (sedan/hatch),2,0,0,0,2,1,January,Summer,Tuesday,16:00 - 17:59,PM peak / evening commute,True,False,True,True
1343005,Injury,Moderate Injury,2024,2024,January,Wednesday,16:00 - 17:59,NEW SOUTH HEAD,RD,0,Right on the spot,MCLACHLAN,AVE,DARLINGHURST,173.0,No,Not a school zone,X-intersection,-33.876879,151.228411,Sydney,Sydney metro. area,Syd-Newc-Woll Gtr conurbation,Straight,,,,Unknown / not stated,Sealed,Dry,Fine,Daylight,On,No traffic controls,60 km/h,State,30,Rear end,301,Same - Rear end,,Rear end,Car (sedan/hatch),Car (sedan/hatch),2,0,0,1,0,1,January,Summer,Wednesday,16:00 - 17:59,PM peak / evening commute,True,False,True,True
1343012,Injury,Minor/Other Injury,2024,2024,January,Thursday,06:00 - 07:59,SANDGATE,RD,0,Right on the spot,ASTRA,ST,SHORTLAND,23.0,No,Not a school zone,T-junction,-32.874632,151.702447,Newcastle,Newcastle met. area,Syd-Newc-Woll Gtr conurbation,Straight,,,,Unknown / not stated,Sealed,Dry,Fine,Unknown,Nil,Give way sign,60 km/h,State,21,Right through,202,Opp - Right-thru,,Other angle,Utility,Car (sedan/hatch),2,0,0,0,1,1,January,Summer,Thursday,06:00 - 07:59,AM peak / school commute,True,False,True,True
1343013,Injury,Minor/Other Injury,2024,2024,January,Wednesday,10:00 - 11:59,CUMBERLAND,HWY,0,Right on the spot,EVANS,RD,CARLINGFORD,13.0,No,Not a school zone,X-intersection,-33.7823,151.049886,Parramatta,Sydney metro. area,Syd-Newc-Woll Gtr conurbation,Curved,,,,Unknown / not stated,Sealed,Dry,Fine,Daylight,Nil,Give way sign,60 km/h,State,21,Right through,202,Opp - Right-thru,,Other angle,Light truck,Car (sedan/hatch),2,0,0,0,1,1,January,Summer,Wednesday,10:00 - 11:59,Midday / afternoon,False,False,True,True
1343019,Injury,Minor/Other Injury,2024,2024,January,Wednesday,20:00 - 21:59,LANGSTON,PL,0,Right on the spot,OXFORD,ST,EPPING,,Yes,No,X-intersection,-33.772524,151.082426,Parramatta,Sydney metro. area,Syd-Newc-Woll Gtr conurbation,Curved,,,,Unknown / not stated,Sealed,Dry,Fine,Darkness,On,No left turn,50 km/h,Local,29,Other opposing,200,Opp - other,,Other angle,Car (sedan/hatch),Car (sedan/hatch),2,0,0,0,1,1,January,Summer,Wednesday,20:00 - 21:59,Evening / night,False,False,True,True
1343023,Injury,Moderate Injury,2024,2024,February,Tuesday,10:00 - 11:59,PRINCES,HWY,130,North,JADE,PL,BODALLA,1.0,No,Not a school zone,2-way undivided,-36.082141,150.047726,Eurobodalla,Country non-urban,Rest of NSW - Rural,Straight,,,,Unknown / not stated,Sealed,Dry,Fine,Daylight,Nil,No traffic controls,100 km/h,State,30,Rear end,301,Same - Rear end,,Rear end,4 wheel drive / SUV,4 wheel drive / SUV,2,0,0,1,0,2,February,Summer,Tuesday,10:00 - 11:59,Midday / afternoon,False,False,True,True
1343029,Injury,Minor/Other Injury,2024,2024,February,Friday,18:00 - 19:59,FLOWERDALE,RD,0,Right on the spot,NUMBER 54,HN,LIVERPOOL,7266.0,No,Not a school zone,2-way undivided,-33.919282,150.908914,Liverpool,Sydney metro. area,Syd-Newc-Woll Gtr conurbation,Straight,,,,Unknown / not stated,Sealed,Dry,Fine,Dusk,Nil,No traffic controls,60 km/h,Regional,30,Rear end,301,Same - Rear end,,Rear end,4 wheel drive / SUV,Station wagon,3,0,0,0,1,2,February,Summer,Friday,18:00 - 19:59,PM peak / evening commute,True,False,True,True
1343031,Injury,Minor/Other Injury,2024,2024,February,Thursday,16:00 - 17:59,SMITHS CREEK,RD,600,West,BENALONG,PL,SMITHS CREEK,,No,Not a school zone,2-way undivided,-28.427198,153.398027,Tweed,Country non-urban,Rest of NSW - Rural,Curved,Steep grade,,,Unknown / not stated,Sealed,Wet,Raining,Dusk,Nil,No traffic controls,100 km/h,Local,87,Off lft/lft bnd=>obj,804,Off left bend into obj,Left,Vehicle - Object,4 wheel drive / SUV,,1,0,0,0,1,2,February,Summer,Thursday,16:00 - 17:59,PM peak / evening commute,True,False,True,True
1343033,Injury,Minor/Other Injury,2024,2024,January,Thursday,18:00 - 19:59,AVOCA,ST,0,Right on the spot,RAINBOW,ST,KINGSFORD,660.0,Yes,No,X-intersection,-33.925652,151.23933,Randwick,Sydney metro. area,Syd-Newc-Woll Gtr conurbation,Straight,,,,Unknown / not stated,Sealed,Dry,Unknown,Daylight,On,No traffic controls,50 km/h,State,21,Right through,202,Opp - Right-thru,,Other angle,Light truck utility(from 2018),Pedal cycle,2,0,0,0,1,1,January,Summer,Thursday,18:00 - 19:59,PM peak / evening commute,True,False,True,True
1343035,Injury,Moderate Injury,2024,2024,February,Tuesday,16:00 - 17:59,PACIFIC,HWY,0,Right on the spot,NEWCASTLE,EXP,OURIMBAH,10.0,No,Not a school zone,Roundabout,-33.344443,151.368144,Central Coast,Country urban,Syd-Newc-Woll Gtr conurbation,Curved,,,,Unknown / not stated,Sealed,Wet,Raining,Daylight,Nil,Give way sign,60 km/h,State,83,Off rt/rt bnd=>obj,707,Right turn,Right,Vehicle - Object,Light truck utility(from 2018),,1,0,0,1,0,2,February,Summer,Tuesday,16:00 - 17:59,PM peak / evening commute,True,False,True,True
1343040,Injury,Minor/Other Injury,2024,2024,February,Wednesday,06:00 - 07:59,DUXFORD,ST,0,Right on the spot,ROSEBANK,AVE,ELIZABETH HILLS,,No,Not a school zone,X-intersection,-33.900107,150.84744,Liverpool,Sydney metro. area,Syd-Newc-Woll Gtr conurbation,Straight,,,,Unknown / not stated,Sealed,Dry,Fine,Daylight,Nil,Give way sign,50 km/h,Local,10,Cross traffic,101,Adj - Cross traffic,,Right angle,Station wagon,4 wheel drive / SUV,2,0,0,0,1,2,February,Summer,Wednesday,06:00 - 07:59,AM peak / school commute,True,False,True,True
1343042,Injury,Serious Injury,2024,2024,January,Monday,20:00 - 21:59,STATION,ST,0,Right on the spot,NUMBER 31,HN,PYMBLE,,No,Not a school zone,2-way undivided,-33.737826,151.145207,Ku-ring-gai,Sydney metro. area,Syd-Newc-Woll Gtr conurbation,Straight,,,,Unknown / not stated,Sealed,Dry,Fine,Dusk,Nil,No traffic controls,50 km/h,Local,71,Off rd left => obj,703,Left off cway into object,,Other angle,Car (sedan/hatch),Car (sedan/hatch),2,0,1,0,0,1,January,Summer,Monday,20:00 - 21:59,Evening / night,False,False,True,True
1343044,Injury,Minor/Other Injury,2024,2024,January,Thursday,16:00 - 17:59,GAINSFORD,DR,0,Right on the spot,SAMANTHA RILEY,DR,KELLYVILLE,,No,Not a school zone,Roundabout,-33.710409,150.937971,The Hills,Sydney metro. area,Syd-Newc-Woll Gtr conurbation,Straight,,,,Unknown / not stated,Sealed,Dry,Fine,Daylight,Nil,Give way sign,60 km/h,Local,30,Rear end,301,Same - Rear end,,Rear end,Light truck utility(from 2018),4 wheel drive / SUV,2,0,0,0,1,1,January,Summer,Thursday,16:00 - 17:59,PM peak / evening commute,True,False,True,True
1343050,Injury,Minor/Other Injury,2024,2024,February,Friday,10:00 - 11:59,BANGALOW,RD,10,East,NUMBER 667,HN,TALOFA,,No,Not a school zone,2-way undivided,-28.674997,153.554316,Byron,Country urban,Rest of NSW - Urban,Curved,Steep grade,,,Unknown / not stated,Sealed,Wet,Raining,Daylight,Nil,No traffic controls,80 km/h,Local,84,Off right/left bend,802,Off cway left bend,Right,Rollover,Station wagon,,1,0,0,0,1,2,February,Summer,Friday,10:00 - 11:59,Midday / afternoon,False,False,True,True
1343051,Injury,Minor/Other Injury,2024,2024,January,Thursday,10:00 - 11:59,CUMBERLAND,HWY,0,Right on the spot,JENKINS,RD,CARLINGFORD,13.0,No,Not a school zone,T-junction,-33.783208,151.045275,Parramatta,Sydney metro. area,Syd-Newc-Woll Gtr conurbation,Curved,,,,Unknown / not stated,Sealed,Dry,Fine,Daylight,On,No traffic controls,60 km/h,State,30,Rear end,301,Same - Rear end,,Rear end,Large rigid,4 wheel drive / SUV,2,0,0,0,1,1,January,Summer,Thursday,10:00 - 11:59,Midday / afternoon,False,False,True,True
1343052,Injury,Serious Injury,2024,2024,February,Monday,14:00 - 15:59,VARDYS,RD,0,Right on the spot,TATTERSALL,RD,KINGS PARK,7152.0,No,Not a school zone,T-junction,-33.746549,150.908893,Blacktown,Sydney metro. area,Syd-Newc-Woll Gtr conurbation,Straight,,,,Unknown / not stated,Sealed,Dry,Fine,Daylight,Nil,Give way sign,60 km/h,Regional,39,Other same direction,300,Same - other,,Other angle,Car (sedan/hatch),Light truck,2,0,1,0,0,2,February,Summer,Monday,14:00 - 15:59,Midday / afternoon,False,False,True,True
1343053,Injury,Moderate Injury,2024,2024,February,Sunday,14:00 - 15:59,PRINCES,HWY,0,Right on the spot,CAMPBELL,ST,ST PETERS,1.0,No,Not a school zone,X-intersection,-33.912557,151.179311,Inner West,Sydney metro. area,Syd-Newc-Woll Gtr conurbation,Straight,,,,Unknown / not stated,Sealed,Dry,Fine,Daylight,On,No traffic controls,60 km/h,State,34,Lane change right,306,Same - Lane change right,,Other angle,Car (sedan/hatch),Car (sedan/hatch),2,0,0,1,0,2,February,Summer,Sunday,14:00 - 15:59,Midday / afternoon,False,False,True,True
1343057,Injury,Minor/Other Injury,2024,2024,January,Saturday,18:00 - 19:59,MAITLAND,RD,0,Right on the spot,BEAUMONT,ST,ISLINGTON,464.0,No,Not a school zone,T-junction,-32.917121,151.749556,Newcastle,Newcastle met. area,Syd-Newc-Woll Gtr conurbation,Straight,,,,Unknown / not stated,Sealed,Dry,Fine,Daylight,On,No traffic controls,60 km/h,Regional,32,Right rear,303,Same - Rear right,,Rear end,Car (sedan/hatch),Car (sedan/hatch),2,0,0,0,3,1,January,Summer,Saturday,18:00 - 19:59,PM peak / evening commute,True,False,True,True
1343058,Injury,Serious Injury,2024,2024,January,Friday,20:00 - 21:59,ARDENNES,AVE,0,Right on the spot,OKINAWA,RD,EDMONDSON PARK,,No,Not a school zone,X-intersection,-33.957563,150.872524,Liverpool,Sydney metro. area,Syd-Newc-Woll Gtr conurbation,Straight,,,,Unknown / not stated,Sealed,Dry,Fine,Darkness,Nil,No traffic controls,50 km/h,Local,10,Cross traffic,101,Adj - Cross traffic,,Right angle,Car (sedan/hatch),4 wheel drive / SUV,2,0,1,0,1,1,January,Summer,Friday,20:00 - 21:59,Evening / night,False,False,True,True
1343059,Injury,Minor/Other Injury,2024,2024,January,Monday,16:00 - 17:59,BLACKTOWN,RD,0,Right on the spot,BUNGARRIBEE,RD,BLACKTOWN,644.0,No,Not a school zone,X-intersection,-33.779719,150.92036,Blacktown,Sydney metro. area,Syd-Newc-Woll Gtr conurbation,Straight,,,,Unknown / not stated,Sealed,Dry,Fine,Daylight,On,No traffic controls,60 km/h,State,30,Rear end,301,Same - Rear end,,Rear end,Car (sedan/hatch),Car (sedan/hatch),2,0,0,0,1,1,January,Summer,Monday,16:00 - 17:59,PM peak / evening commute,True,False,True,True
1343060,Injury,Moderate Injury,2024,2024,January,Tuesday,16:00 - 17:59,WESTERN,EXP,100,East,BURNETT STREET,OP,MERRYLANDS,6004.0,No,Not a school zone,Dual freeway,-33.824602,150.988978,Parramatta,Sydney metro. area,Syd-Newc-Woll Gtr conurbation,Straight,,,,Unknown / not stated,Sealed,Dry,Fine,Daylight,Nil,No traffic controls,90 km/h,State,30,Rear end,301,Same - Rear end,,Rear end,4 wheel drive / SUV,4 wheel drive / SUV,3,0,0,1,0,1,January,Summer,Tuesday,16:00 - 17:59,PM peak / evening commute,True,False,True,True
1343064,Injury,Minor/Other Injury,2024,2024,January,Monday,20:00 - 21:59,GREEN,RD,0,Right on the spot,ERIC COOPER,DR,CASTLE HILL,7470.0,No,Not a school zone,T-junction,-33.717243,150.975028,The Hills,Sydney metro. area,Syd-Newc-Woll Gtr conurbation,Straight,,,,On,Sealed,Dry,Fine,Darkness,Nil,Stop sign,60 km/h,Regional,74,On road-out of cont.,705,Out of control on cway,,Rollover,Motorcycle,,1,0,0,0,1,1,January,Summer,Monday,20:00 - 21:59,Evening / night,False,False,True,True
1343066,Injury,Moderate Injury,2024,2024,January,Monday,16:00 - 17:59,JOSEPH,ST,0,Right on the spot,GEORGES,AVE,LIDCOMBE,190.0,No,Not a school zone,X-intersection,-33.872158,151.042277,Cumberland,Sydney metro. area,Syd-Newc-Woll Gtr conurbation,Straight,,,,Unknown / not stated,Sealed,Dry,Overcast,Daylight,On,No traffic controls,70 km/h,State,13,Right near,104,Adj - Right-thru from right,,Right angle,Car (sedan/hatch),Car (sedan/hatch),2,0,0,1,1,1,January,Summer,Monday,16:00 - 17:59,PM peak / evening commute,True,False,True,True
1343072,Injury,Minor/Other Injury,2024,2024,January,Monday,14:00 - 15:59,THE HORSLEY,DR,0,Right on the spot,DIPROSE,ST,FAIRFIELD,609.0,No,Not a school zone,T-junction,-33.876336,150.965527,Fairfield,Sydney metro. area,Syd-Newc-Woll Gtr conurbation,Straight,,,,Unknown / not stated,Sealed,Wet,Raining,Daylight,Nil,No traffic controls,60 km/h,State,30,Rear end,301,Same - Rear end,,Rear end,4 wheel drive / SUV,Car (sedan/hatch),3,0,0,0,1,1,January,Summer,Monday,14:00 - 15:59,Midday / afternoon,False,False,True,True
1343073,Injury,Moderate Injury,2024,2024,January,Saturday,16:00 - 17:59,CABRAMATTA,RD,0,Right on the spot,NUMBER 265-269,HN,CABRAMATTA,534.0,No,Not a school zone,2-way undivided,-33.895861,150.933091,Fairfield,Sydney metro. area,Syd-Newc-Woll Gtr conurbation,Straight,,,,Unknown / not stated,Sealed,Dry,Fine,Daylight,Nil,No traffic controls,60 km/h,State,30,Rear end,301,Same - Rear end,,Rear end,4 wheel drive / SUV,Light truck,2,0,0,1,0,1,January,Summer,Saturday,16:00 - 17:59,PM peak / evening commute,True,False,True,True
1343082,Injury,Minor/Other Injury,2024,2024,February,Monday,14:00 - 15:59,LANE COVE,RD,0,Right on the spot,EPPING,RD,NORTH RYDE,162.0,No,Not a school zone,T-junction,-33.787668,151.125604,Ryde,Sydney metro. area,Syd-Newc-Woll Gtr conurbation,Straight,,,,Nil,Sealed,Dry,Fine,Daylight,On,No traffic controls,70 km/h,State,30,Rear end,301,Same - Rear end,,Rear end,Station wagon,Light truck,2,0,0,0,1,2,February,Summer,Monday,14:00 - 15:59,Midday / afternoon,False,False,True,True
1343083,Injury,Serious Injury,2024,2024,February,Tuesday,08:00 - 09:59,OLIVE,ST,0,Right on the spot,WILSON,ST,ALBURY,,No,Not a school zone,Roundabout,-36.076764,146.918969,Albury,Country urban,Rest of NSW - Urban,Straight,,,,Unknown / not stated,Sealed,Dry,Fine,Daylight,Nil,Give way sign,50 km/h,Local,10,Cross traffic,101,Adj - Cross traffic,,Right angle,4 wheel drive / SUV,Car (sedan/hatch),2,0,2,0,0,2,February,Summer,Tuesday,08:00 - 09:59,AM peak / school commute,True,False,True,True
1343092,Injury,Minor/Other Injury,2024,2024,February,Saturday,18:00 - 19:59,HOXTON PARK,RD,80,East,COWPASTURE,RD,HOXTON PARK,681.0,No,Not a school zone,Divided road,-33.924991,150.849229,Liverpool,Sydney metro. area,Syd-Newc-Woll Gtr conurbation,Curved,Driveway/entrance,,,Unknown / not stated,Sealed,Dry,Fine,Daylight,Nil,No traffic controls,70 km/h,State,47,Emerging from drive,406,Manov - Emerging from driveway,,Right angle,Motorcycle,4 wheel drive / SUV,2,0,0,0,1,2,February,Summer,Saturday,18:00 - 19:59,PM peak / evening commute,True,False,True,True
1343093,Injury,Moderate Injury,2024,2024,January,Friday,18:00 - 19:59,ENMORE,RD,0,Right on the spot,STANMORE,RD,ENMORE,167.0,No,Not a school zone,X-intersection,-33.899492,151.170935,Inner West,Sydney metro. area,Syd-Newc-Woll Gtr conurbation,Curved,,,,Unknown / not stated,Sealed,Dry,Fine,Daylight,On,No traffic controls,60 km/h,State,33,Lane sideswipe,305,Same - Lane side swipe,,Other angle,4 wheel drive / SUV,Car (sedan/hatch),2,0,0,1,0,1,January,Summer,Friday,18:00 - 19:59,PM peak / evening commute,True,False,True,True
1343095,Injury,Minor/Other Injury,2024,2024,January,Wednesday,16:00 - 17:59,WESTERN,EXP,200,West,SILVERWATER ROAD,OP,AUBURN,6004.0,No,Not a school zone,Dual freeway,-33.841773,151.041992,Cumberland,Sydney metro. area,Syd-Newc-Woll Gtr conurbation,Straight,,,,Off,Sealed,Dry,Fine,Daylight,Nil,No traffic controls,90 km/h,State,30,Rear end,301,Same - Rear end,,Rear end,4 wheel drive / SUV,4 wheel drive / SUV,3,0,0,0,1,1,January,Summer,Wednesday,16:00 - 17:59,PM peak / evening commute,True,False,True,True
1343199,Injury,Moderate Injury,2024,2024,January,Monday,10:00 - 11:59,CAPPER,ST,0,Right on the spot,FOREST,ST,TUMUT,,Yes,No,X-intersection,-35.315261,148.228823,Snowy Valleys,Country urban,Rest of NSW - Urban,Straight,,,,Off,Sealed,Wet,Raining,Daylight,Nil,Give way sign,50 km/h,Local,10,Cross traffic,101,Adj - Cross traffic,,Right angle,Car (sedan/hatch),Light truck utility(from 2018),2,0,0,2,0,1,January,Summer,Monday,10:00 - 11:59,Midday / afternoon,False,False,True,True
1343202,Injury,Moderate Injury,2024,2024,January,Wednesday,14:00 - 15:59,KINGSGROVE,RD,0,Right on the spot,ARCHIBALD,ST,BELMORE,7309.0,No,Not a school zone,X-intersection,-33.928467,151.098213,Canterbury-Bankstown,Sydney metro. area,Syd-Newc-Woll Gtr conurbation,Straight,,,,Off,Sealed,Dry,Fine,Daylight,Nil,Give way sign,50 km/h,Regional,30,Rear end,301,Same - Rear end,,Rear end,4 wheel drive / SUV,Pedal cycle,2,0,0,1,0,1,January,Summer,Wednesday,14:00 - 15:59,Midday / afternoon,False,False,True,True
1343217,Injury,Serious Injury,2024,2024,January,Saturday,14:00 - 15:59,MITCHELL,HWY,500,North,SHADES CREEK,RD,MOLONG,7.0,No,Not a school zone,2-way undivided,-33.033218,148.868163,Cabonne,Country non-urban,Rest of NSW - Rural,Curved,Ditch/drain/culvert,,,Nil,Sealed,Dry,Fine,Daylight,Nil,No traffic controls,100 km/h,State,87,Off lft/lft bnd=>obj,804,Off left bend into obj,Left,Vehicle - Object,Light truck utility(from 2018),,1,0,2,1,0,1,January,Summer,Saturday,14:00 - 15:59,Midday / afternoon,False,False,True,True
1343221,Injury,Serious Injury,2024,2024,January,Tuesday,06:00 - 07:59,NEWCASTLE INNER CITY,BYPA,100,South,MYALL ROAD,OP,KOTARA,23.0,No,Not a school zone,Divided road,-32.949416,151.684385,Lake Macquarie,Newcastle met. area,Syd-Newc-Woll Gtr conurbation,Straight,,Police pursuit,,Nil,Sealed,Dry,Fine,Daylight,Nil,No traffic controls,90 km/h,State,30,Rear end,301,Same - Rear end,,Rear end,Car (sedan/hatch),4 wheel drive / SUV,2,0,1,0,0,1,January,Summer,Tuesday,06:00 - 07:59,AM peak / school commute,True,False,True,True
1343222,Injury,Serious Injury,2024,2024,January,Tuesday,14:00 - 15:59,NORTHCOTT,RD,0,Right on the spot,VENN,AVE,LALOR PARK,,No,Not a school zone,Roundabout,-33.757045,150.923772,Blacktown,Sydney metro. area,Syd-Newc-Woll Gtr conurbation,Straight,,,,Nil,Sealed,Dry,Fine,Daylight,Nil,Give way sign,50 km/h,Local,10,Cross traffic,101,Adj - Cross traffic,,Right angle,Motorcycle,4 wheel drive / SUV,2,0,1,0,0,1,January,Summer,Tuesday,14:00 - 15:59,Midday / afternoon,False,False,True,True
1343223,Injury,Moderate Injury,2024,2024,January,Thursday,14:00 - 15:59,BOURNE,ST,0,Right on the spot,SUSSEX,ST,WEST TAMWORTH,,No,Not a school zone,X-intersection,-31.107502,150.894849,Tamworth Regional,Country urban,Rest of NSW - Urban,Straight,,,,Off,Sealed,Wet,Raining,Daylight,Nil,Stop sign,50 km/h,Local,10,Cross traffic,101,Adj - Cross traffic,,Right angle,Motorcycle,4 wheel drive / SUV,2,0,0,1,0,1,January,Summer,Thursday,14:00 - 15:59,Midday / afternoon,False,False,True,True
1343224,Injury,Serious Injury,2024,2024,January,Monday,16:00 - 17:59,THE LAKES,WAY,0,Right on the spot,NUMBER 2125,HN,RAINBOW FLAT,111.0,No,Not a school zone,2-way undivided,-32.01116,152.472253,Mid-Coast,Country urban,Rest of NSW - Urban,Curved,Driveway/entrance,,,Nil,Sealed,Dry,Overcast,Dusk,Nil,No traffic controls,80 km/h,Regional,47,Emerging from drive,406,Manov - Emerging from driveway,,Right angle,Car (sedan/hatch),Light truck utility(from 2018),2,0,1,0,0,1,January,Summer,Monday,16:00 - 17:59,PM peak / evening commute,True,False,True,True