crash_id,degree_of_crash,degree_of_crash_-_detailed,reporting_year,year_of_crash,month_of_crash,day_of_week_of_crash,two-hour_intervals,street_of_crash,street_type,distance,direction,identifying_feature,identifying_feature_type,town,route_no.,school_zone_location,school_zone_active,type_of_location,latitude,longitude,lga,urbanisation,conurbation_1,alignment,primary_permanent_feature,primary_temporary_feature,primary_hazardous_feature,street_lighting,road_surface,surface_condition,weather,natural_lighting,signals_operation,other_traffic_control,speed_limit,road_classification_(admin),rum_-_code,rum_-_description,dca_-_code,dca_-_description,dca_supplement,first_impact_type,key_tu_type,other_tu_type,no._of_traffic_units_involved,no._killed,no._seriously_injured,no._moderately_injured,no._minor-other_injured,month_num,month_label,season,day_label,time_label,time_band,is_peak_commute,is_fatal,is_injury,is_casualty
1343225,Injury,Serious Injury,2024,2024,January,Saturday,18:00 - 19:59,SHEPHERDS,DR,145,East,KENBURN,AVE,CHERRYBROOK,,No,Not a school zone,2-way undivided,-33.721594,151.044408,Hornsby,Sydney metro. area,Syd-Newc-Woll Gtr conurbation,Curved,Pedestrian refuge,,,Off,Sealed,Dry,Fine,Daylight,Nil,Ped crossing,50 km/h,Local,83,Off rt/rt bnd=>obj,803,Off right bend into obj,Right,Vehicle - Object,Motorcycle,,1,0,1,0,0,1,January,Summer,Saturday,18:00 - 19:59,PM peak / evening commute,True,False,True,True
1343226,Injury,Serious Injury,2024,2024,January,Tuesday,10:00 - 11:59,WATAGAN CREEK,RD,10000,West,OLNEY,TN,WATAGAN,,No,Not a school zone,2-way undivided,-33.00815,151.222891,Cessnock,Country non-urban,Rest of NSW - Rural,Straight,,,,Nil,Sealed,Dry,Fine,Daylight,Nil,No traffic controls,100 km/h,Local,74,On road-out of cont.,705,Out of control on cway,,Rollover,Motorcycle,,1,0,1,0,0,1,January,Summer,Tuesday,10:00 - 11:59,Midday / afternoon,False,False,True,True
1343230,Injury,Moderate Injury,2024,2024,January,Saturday,16:00 - 17:59,DALTON,ST,50,East,PEISLEY,ST,ORANGE,,No,Not a school zone,Divided road,-33.276896,149.10569,Orange,Country urban,Rest of NSW - Urban,Straight,Railway level x,,,Off,Sealed,Dry,Fine,Daylight,Nil,Rail X stop sign,50 km/h,Local,71,Off rd left => obj,703,Left off cway into object,,Vehicle - Object,4 wheel drive / SUV,,1,0,0,1,0,1,January,Summer,Saturday,16:00 - 17:59,PM peak / evening commute,True,False,True,True
1343232,Injury,Serious Injury,2024,2024,January,Sunday,18:00 - 19:59,PACIFIC,HWY,100,South,BERYL,ST,COFFS HARBOUR,10.0,No,Not a school zone,Divided road,-30.293446,153.116623,Coffs Harbour,Country urban,Rest of NSW - Urban,Straight,Other bridge,,,Off,Sealed,Dry,Fine,Daylight,Nil,No traffic controls,60 km/h,State,71,Off rd left => obj,703,Left off cway into object,,Vehicle - Object,4 wheel drive / SUV,,1,0,1,0,0,1,January,Summer,Sunday,18:00 - 19:59,PM peak / evening commute,True,False,True,True
1343237,Injury,Moderate Injury,2024,2024,January,Sunday,12:00 - 13:59,SODWALLS,RD,30,West,COLENZO GATE,RD,TARANA,,No,Not a school zone,2-way undivided,-33.51761,149.930433,Lithgow,Country non-urban,Rest of NSW - Rural,Straight,,,Potholes/corrugations/rough,Nil,Sealed,Dry,Fine,Daylight,Nil,No traffic controls,100 km/h,Local,70,Off road to left,701,Off carriageway to left,,Rollover,Motorcycle,,1,0,0,1,0,1,January,Summer,Sunday,12:00 - 13:59,Midday / afternoon,False,False,True,True
1343241,Injury,Serious Injury,2024,2024,January,Sunday,12:00 - 13:59,NEWTON,RD,0,Right on the spot,NUMBER 89,HN,BLACKTOWN,7155.0,Yes,No,2-way undivided,-33.772634,150.897652,Blacktown,Sydney metro. area,Syd-Newc-Woll Gtr conurbation,Straight,Pedestrian refuge,,,Nil,Sealed,Dry,Fine,Daylight,Nil,Ped crossing,50 km/h,Regional,73,Off rd rght => obj,704,Right off cway into obj,,Vehicle - Object,Light truck,,1,0,1,0,0,1,January,Summer,Sunday,12:00 - 13:59,Midday / afternoon,False,False,True,True
1343249,Injury,Moderate Injury,2024,2024,January,Sunday,12:00 - 13:59,WESTERN,DSTR,0,Right on the spot,ANZAC,BDGE,PYRMONT,165.0,No,Not a school zone,Divided road,-33.869547,151.187424,Sydney,Sydney metro. area,Syd-Newc-Woll Gtr conurbation,Straight,Other bridge,,,Nil,Sealed,Dry,Fine,Daylight,Nil,No traffic controls,60 km/h,State,33,Lane sideswipe,305,Same - Lane side swipe,,Other angle,Car (sedan/hatch),4 wheel drive / SUV,3,0,0,1,0,1,January,Summer,Sunday,12:00 - 13:59,Midday / afternoon,False,False,True,True
1343253,Injury,Moderate Injury,2024,2024,January,Saturday,14:00 - 15:59,MARIUS,ST,199,West,BRISBANE,ST,TAMWORTH,63.0,No,Not a school zone,Divided road,-31.087332,150.929967,Tamworth Regional,Country urban,Rest of NSW - Urban,Straight,,,,Off,Sealed,Dry,Fine,Daylight,Nil,No traffic controls,50 km/h,State,30,Rear end,301,Same - Rear end,,Rear end,Car (sedan/hatch),Car (sedan/hatch),4,0,0,1,1,1,January,Summer,Saturday,14:00 - 15:59,Midday / afternoon,False,False,True,True
1343255,Injury,Moderate Injury,2024,2024,January,Saturday,20:00 - 21:59,PAT GLEESONS,LANE,300,West,JIM MCDONNELLS,LANE,URANGELINE,,No,Not a school zone,2-way undivided,-35.398677,146.555469,Lockhart,Country non-urban,Rest of NSW - Rural,Straight,,,,Nil,Unsealed,Dry,Fine,Darkness,Nil,No traffic controls,100 km/h,Local,70,Off road to left,701,Off carriageway to left,,Rollover,Light truck utility(from 2018),,1,0,0,1,0,1,January,Summer,Saturday,20:00 - 21:59,Evening / night,False,False,True,True
1343257,Injury,Serious Injury,2024,2024,January,Tuesday,18:00 - 19:59,TWEED VALLEY,WAY,400,West,LEDDAYS CREEK,RD,TUMBULGUM,679.0,No,Not a school zone,2-way undivided,-28.275863,153.494146,Tweed,Country non-urban,Rest of NSW - Rural,Straight,B'down lane/road shldr,,,Nil,Sealed,Wet,Raining,Daylight,Nil,No traffic controls,100 km/h,Regional,33,Lane sideswipe,305,Same - Lane side swipe,,Other angle,Passenger van,Pedal cycle,2,0,1,0,0,1,January,Summer,Tuesday,18:00 - 19:59,PM peak / evening commute,True,False,True,True
1343260,Injury,Moderate Injury,2024,2024,January,Monday,14:00 - 15:59,WILKINSON,AVE,0,Right on the spot,NUMBER 107,HN,BIRMINGHAM GARDENS,,No,Not a school zone,2-way undivided,-32.896011,151.68625,Newcastle,Newcastle met. area,Syd-Newc-Woll Gtr conurbation,Straight,,,,Off,Sealed,Dry,Fine,Daylight,Nil,No traffic controls,50 km/h,Local,73,Off rd rght => obj,704,Right off cway into obj,,Other angle,Car (sedan/hatch),4 wheel drive / SUV,2,0,0,1,0,1,January,Summer,Monday,14:00 - 15:59,Midday / afternoon,False,False,True,True
1343262,Injury,Moderate Injury,2024,2024,January,Tuesday,12:00 - 13:59,MAGPIE,LANE,1000,West,CASTLEREAGH,HWY,GULGONG,,No,Not a school zone,2-way undivided,-32.412708,149.515465,Mid-Western Regional,Country urban,Rest of NSW - Urban,Straight,Narrow roadway,Roadwks/Detour/Diverson,,Nil,Unsealed,Dry,Fine,Daylight,Nil,No traffic controls,60 km/h,Local,71,Off rd left => obj,703,Left off cway into object,,Vehicle - Object,Car (sedan/hatch),,1,0,0,1,0,1,January,Summer,Tuesday,12:00 - 13:59,Midday / afternoon,False,False,True,True
1343288,Injury,Moderate Injury,2024,2024,January,Wednesday,18:00 - 19:59,BARRIER,HWY,0,Right on the spot,BROOKFIELD,AVE,BROKEN HILL,8.0,No,Not a school zone,Roundabout,-31.958561,141.442767,Broken Hill,Country urban,Rest of NSW - Urban,Straight,,,,Off,Sealed,Dry,Fine,Daylight,Nil,Give way sign,50 km/h,State,10,Cross traffic,101,Adj - Cross traffic,,Right angle,Light truck utility(from 2018),Motorcycle,2,0,0,1,0,1,January,Summer,Wednesday,18:00 - 19:59,PM peak / evening commute,True,False,True,True
1343289,Injury,Moderate Injury,2024,2024,February,Sunday,06:00 - 07:59,PACIFIC,HWY,0,Right on the spot,HANK,ST,HEATHERBRAE,10.0,No,Not a school zone,T-junction,-32.791425,151.724769,Port Stephens,Country urban,Rest of NSW - Urban,Straight,,,,Off,Sealed,Dry,Fine,Daylight,On,No traffic controls,80 km/h,State,71,Off rd left => obj,703,Left off cway into object,,Vehicle - Object,Car (sedan/hatch),,1,0,0,1,0,2,February,Summer,Sunday,06:00 - 07:59,AM peak / school commute,True,False,True,True
1343290,Injury,Serious Injury,2024,2024,January,Monday,06:00 - 07:59,BOWMAN,ST,0,Right on the spot,QUEEN,ST,MUSWELLBROOK,,No,Not a school zone,X-intersection,-32.263889,150.904404,Muswellbrook,Country urban,Rest of NSW - Urban,Straight,,,,Nil,Sealed,Dry,Fine,Daylight,Nil,Give way sign,50 km/h,Local,10,Cross traffic,101,Adj - Cross traffic,,Right angle,4 wheel drive / SUV,Car (sedan/hatch),2,0,1,1,0,1,January,Summer,Monday,06:00 - 07:59,AM peak / school commute,True,False,True,True
1343293,Injury,Moderate Injury,2024,2024,February,Wednesday,16:00 - 17:59,CLARK,ST,0,Right on the spot,FRANCES,ST,CASINO,,No,Not a school zone,T-junction,-28.860037,153.063569,Richmond Valley,Country urban,Rest of NSW - Urban,Straight,Bus stop,,,Off,Sealed,Dry,Fine,Daylight,Nil,No traffic controls,50 km/h,Local,2,Ped far side,3,Ped - Far side,,Vehicle - Pedestrian,Passenger van,Pedestrian,2,0,0,1,0,2,February,Summer,Wednesday,16:00 - 17:59,PM peak / evening commute,True,False,True,True
1343296,Injury,Moderate Injury,2024,2024,January,Monday,14:00 - 15:59,PACIFIC,HWY,0,Right on the spot,GOORAMA,AVE,SAN REMO,10.0,No,Not a school zone,X-intersection,-33.213716,151.512191,Central Coast,Country urban,Syd-Newc-Woll Gtr conurbation,Straight,,,,Off,Sealed,Dry,Fine,Daylight,On,No traffic controls,70 km/h,State,32,Right rear,303,Same - Rear right,,Rear end,Car (sedan/hatch),Car (sedan/hatch),2,0,0,1,0,1,January,Summer,Monday,14:00 - 15:59,Midday / afternoon,False,False,True,True
1343299,Injury,Serious Injury,2024,2024,February,Saturday,10:00 - 11:59,PUTTY,RD,25000,South,MILBRODALE,RD,HOWES VALLEY,503.0,No,Not a school zone,2-way undivided,-32.813885,150.872881,Singleton,Country non-urban,Rest of NSW - Rural,Curved,Steep grade,,"Loose gravel, sealed",Nil,Sealed,Dry,Fine,Daylight,Nil,No traffic controls,100 km/h,State,88,Out of cont on bend,805,Out of control on bend,,Rollover,Motorcycle,,1,0,1,0,0,2,February,Summer,Saturday,10:00 - 11:59,Midday / afternoon,False,False,True,True
1343300,Injury,Moderate Injury,2024,2024,January,Saturday,08:00 - 09:59,PRINCES,HWY,50,South,BRODIE SPARK,DR,WOLLI CREEK,1.0,No,Not a school zone,Divided road,-33.931168,151.154689,Bayside,Sydney metro. area,Syd-Newc-Woll Gtr conurbation,Straight,,,,Off,Sealed,Wet,Overcast,Daylight,Nil,No traffic controls,60 km/h,State,30,Rear end,301,Same - Rear end,,Rear end,4 wheel drive / SUV,Station wagon,2,0,0,1,0,1,January,Summer,Saturday,08:00 - 09:59,AM peak / school commute,True,False,True,True
1343306,Injury,Moderate Injury,2024,2024,January,Wednesday,16:00 - 17:59,NAVAL COLLEGE,RD,0,Right on the spot,BOODEREE,AVE,HYAMS BEACH,7634.0,No,Not a school zone,T-junction,-35.101817,150.67647,Shoalhaven,Country urban,Rest of NSW - Urban,Straight,,,,Nil,Sealed,Wet,Raining,Daylight,Nil,Give way sign,80 km/h,Regional,10,Cross traffic,101,Adj - Cross traffic,,Right angle,Car (sedan/hatch),Car (sedan/hatch),2,0,0,2,0,1,January,Summer,Wednesday,16:00 - 17:59,PM peak / evening commute,True,False,True,True
1343310,Injury,Moderate Injury,2024,2024,February,Thursday,06:00 - 07:59,CASTLEREAGH,RD,0,Right on the spot,POST OFFICE,RD,CASTLEREAGH,2109.0,No,Not a school zone,T-junction,-33.669493,150.67667,Penrith,Sydney metro. area,Syd-Newc-Woll Gtr conurbation,Curved,,,,Off,Sealed,Wet,Overcast,Daylight,Nil,Give way sign,80 km/h,Regional,32,Right rear,303,Same - Rear right,,Rear end,Large rigid,Light truck utility(from 2018),3,0,0,1,1,2,February,Summer,Thursday,06:00 - 07:59,AM peak / school commute,True,False,True,True
1343312,Injury,Moderate Injury,2024,2024,January,Thursday,10:00 - 11:59,SAPPHIRE COAST,DR,0,Right on the spot,NUMBER 362,HN,TURA BEACH,7621.0,No,Not a school zone,2-way undivided,-36.859056,149.915294,Bega Valley,Country urban,Rest of NSW - Urban,Straight,Painted double centre lines,,,Nil,Sealed,Wet,Raining,Daylight,Nil,No traffic controls,80 km/h,Regional,50,Head on (overtake),501,Ovtak - Head on,,Head-on,Light truck utility(from 2018),4 wheel drive / SUV,3,0,0,1,0,1,January,Summer,Thursday,10:00 - 11:59,Midday / afternoon,False,False,True,True
1343313,Injury,Serious Injury,2024,2024,February,Thursday,06:00 - 07:59,NEWCASTLE,EXP,0,Right on the spot,PACIFIC HIGHWAY,TO,OURIMBAH,6003.0,No,Not a school zone,Dual freeway,-33.347849,151.366064,Central Coast,Country non-urban,Syd-Newc-Woll Gtr conurbation,Straight,,,,Off,Sealed,Dry,Fine,Daylight,Nil,No traffic controls,110 km/h,State,34,Lane change right,306,Same - Lane change right,,Other angle,Car (sedan/hatch),Semi-trailer,2,0,1,0,0,2,February,Summer,Thursday,06:00 - 07:59,AM peak / school commute,True,False,True,True
1343314,Injury,Moderate Injury,2024,2024,February,Friday,12:00 - 13:59,RICHARD RYAN,PL,0,Right on the spot,NUMBER 1L,HN,DUBBO,,No,Not a school zone,2-way undivided,-32.221762,148.628474,Dubbo Regional,Country urban,Rest of NSW - Urban,Straight,Driveway/entrance,,,Nil,Sealed,Unknown,Unknown,Daylight,Nil,No traffic controls,50 km/h,Local,47,Emerging from drive,406,Manov - Emerging from driveway,,Right angle,Large rigid,Light truck utility(from 2018),2,0,0,1,0,2,February,Summer,Friday,12:00 - 13:59,Midday / afternoon,False,False,True,True
1343319,Injury,Serious Injury,2024,2024,January,Tuesday,16:00 - 17:59,HUME,HWY,10,East,DUTTON,ST,YAGOONA,2.0,No,Not a school zone,T-junction,-33.907217,151.022451,Canterbury-Bankstown,Sydney metro. area,Syd-Newc-Woll Gtr conurbation,Curved,,,,Off,Sealed,Dry,Fine,Daylight,Nil,Give way sign,60 km/h,State,35,Lane change left,307,Same - Lane change left,,Other angle,4 wheel drive / SUV,Motorcycle,3,0,1,0,1,1,January,Summer,Tuesday,16:00 - 17:59,PM peak / evening commute,True,False,True,True
1343321,Injury,Moderate Injury,2024,2024,January,Wednesday,12:00 - 13:59,MAITLAND,RD,100,East,EDMUND,ST,MAYFIELD,464.0,No,Not a school zone,2-way undivided,-32.895344,151.733969,Newcastle,Newcastle met. area,Syd-Newc-Woll Gtr conurbation,Straight,,,,Off,Sealed,Dry,Fine,Daylight,Nil,No traffic controls,60 km/h,Regional,63,Vehicle door,604,On path - Vehicle door,,Other angle,Pedal cycle,4 wheel drive / SUV,2,0,0,1,0,1,January,Summer,Wednesday,12:00 - 13:59,Midday / afternoon,False,False,True,True
1343322,Injury,Moderate Injury,2024,2024,January,Saturday,08:00 - 09:59,ENGLORIE PARK,DR,0,Right on the spot,NUMBER 124,HN,GLEN ALPINE,,No,Not a school zone,Divided road,-34.093986,150.785894,Campbelltown,Sydney metro. area,Syd-Newc-Woll Gtr conurbation,Straight,,,,Off,Sealed,Wet,Raining,Daylight,Nil,No traffic controls,60 km/h,Local,30,Rear end,301,Same - Rear end,,Rear end,Car (sedan/hatch),Car (sedan/hatch),3,0,0,2,0,1,January,Summer,Saturday,08:00 - 09:59,AM peak / school commute,True,False,True,True
1343330,Injury,Moderate Injury,2024,2024,February,Saturday,04:00 - 05:59,ERNEST,ST,0,Right on the spot,MILLER STREET,TO,CAMMERAY,7338.0,Yes,No,2-way undivided,-33.82698,151.20961,North Sydney,Sydney metro. area,Syd-Newc-Woll Gtr conurbation,Straight,,,,On,Sealed,Dry,Fine,Dawn,Nil,No traffic controls,50 km/h,Regional,34,Lane change right,306,Same - Lane change right,,Other angle,4 wheel drive / SUV,Pedal cycle,2,0,0,1,0,2,February,Summer,Saturday,04:00 - 05:59,Late night / early morning,False,False,True,True
1343343,Injury,Serious Injury,2024,2024,January,Wednesday,08:00 - 09:59,FIRST,ST,0,Right on the spot,GOVERNMENT,RD,WESTON,588.0,No,Not a school zone,X-intersection,-32.814737,151.46418,Cessnock,Country urban,Rest of NSW - Urban,Straight,,,,Nil,Sealed,Dry,Fine,Daylight,Nil,Stop sign,60 km/h,State,10,Cross traffic,101,Adj - Cross traffic,,Right angle,4 wheel drive / SUV,Utility,2,0,1,0,0,1,January,Summer,Wednesday,08:00 - 09:59,AM peak / school commute,True,False,True,True
1343345,Injury,Serious Injury,2024,2024,January,Wednesday,10:00 - 11:59,HOLKER,ST,0,Right on the spot,AVENUE OF AFRICA,MS,NEWINGTON,7466.0,No,Not a school zone,T-junction,-33.831988,151.05648,Parramatta,Sydney metro. area,Syd-Newc-Woll Gtr conurbation,Straight,,,,Off,Sealed,Dry,Fine,Daylight,On,No traffic controls,60 km/h,Regional,21,Right through,202,Opp - Right-thru,,Other angle,Light truck utility(from 2018),Pedal cycle,2,0,1,0,0,1,January,Summer,Wednesday,10:00 - 11:59,Midday / afternoon,False,False,True,True
1343352,Injury,Serious Injury,2024,2024,February,Sunday,10:00 - 11:59,VERONICA,ST,150,West,STEPHANIE,AVE,WARILLA,,No,Not a school zone,2-way undivided,-34.54836,150.865942,Shellharbour,Wollongong met. area,Syd-Newc-Woll Gtr conurbation,Straight,,,,Nil,Sealed,Dry,Fine,Daylight,Nil,No traffic controls,50 km/h,Local,74,On road-out of cont.,705,Out of control on cway,,Rollover,Motorcycle,,2,0,1,0,1,2,February,Summer,Sunday,10:00 - 11:59,Midday / afternoon,False,False,True,True
1343360,Injury,Serious Injury,2024,2024,January,Sunday,16:00 - 17:59,MEACHER,ST,0,Right on the spot,NUMBER 31,HN,MOUNT DRUITT,,No,Not a school zone,2-way undivided,-33.760372,150.823121,Blacktown,Sydney metro. area,Syd-Newc-Woll Gtr conurbation,Straight,,,,Off,Sealed,Dry,Fine,Daylight,Nil,No traffic controls,50 km/h,Local,1,Ped emerging,2,Ped - emerging,,Vehicle - Pedestrian,4 wheel drive / SUV,Pedestrian,2,0,1,0,0,1,January,Summer,Sunday,16:00 - 17:59,PM peak / evening commute,True,False,True,True
1343367,Injury,Moderate Injury,2024,2024,January,Thursday,20:00 - 21:59,YAMBA,RD,0,Right on the spot,NUMBER 128,HN,YAMBA,152.0,No,Not a school zone,2-way undivided,-29.433703,153.340212,Clarence Valley,Country urban,Rest of NSW - Urban,Straight,,,,On,Sealed,Dry,Fine,Darkness,Nil,No traffic controls,50 km/h,Regional,71,Off rd left => obj,703,Left off cway into object,,Other angle,Car (sedan/hatch),4 wheel drive / SUV,2,0,0,1,0,1,January,Summer,Thursday,20:00 - 21:59,Evening / night,False,False,True,True
1343377,Injury,Serious Injury,2024,2024,January,Tuesday,14:00 - 15:59,BENGALLA,RD,10,East,OLD BENGALLA,RD,BENGALLA,,No,Not a school zone,T-junction,-32.295228,150.806134,Muswellbrook,Country urban,Rest of NSW - Urban,Curved,Embankment/cutting,Roadwks/Detour/Diverson,,Nil,Sealed,Dry,Fine,Daylight,Nil,Give way sign,60 km/h,Local,83,Off rt/rt bnd=>obj,803,Off right bend into obj,Right,Vehicle - Object,Car (sedan/hatch),,1,0,1,0,1,1,January,Summer,Tuesday,14:00 - 15:59,Midday / afternoon,False,False,True,True
1343378,Injury,Minor/Other Injury,2024,2024,January,Thursday,14:00 - 15:59,HUME,HWY,1000,South,OLD HUME HIGHWAY,TO,MITTAGONG,2.0,No,Not a school zone,Dual freeway,-34.444554,150.398712,Wingecarribee,Country non-urban,Rest of NSW - Rural,Straight,,,,Nil,Sealed,Dry,Fine,Daylight,Nil,No traffic controls,110 km/h,State,71,Off rd left => obj,703,Left off cway into object,,Vehicle - Object,Car (sedan/hatch),,1,0,0,0,1,1,January,Summer,Thursday,14:00 - 15:59,Midday / afternoon,False,False,True,True
1343384,Injury,Moderate Injury,2024,2024,February,Thursday,12:00 - 13:59,SOUTHERN,EXP,226,North,PRINCES HIGHWAY,OP,HELENSBURGH,6006.0,No,Not a school zone,Dual freeway,-34.184663,150.970917,Wollongong,Wollongong met. area,Syd-Newc-Woll Gtr conurbation,Straight,,,,Off,Sealed,Dry,Fine,Daylight,Nil,No traffic controls,110 km/h,State,35,Lane change left,307,Same - Lane change left,,Other angle,Large rigid,4 wheel drive / SUV,2,0,0,1,1,2,February,Summer,Thursday,12:00 - 13:59,Midday / afternoon,False,False,True,True
1343385,Injury,Moderate Injury,2024,2024,January,Sunday,10:00 - 11:59,BAILEY,AVE,0,Right on the spot,NUMBER 68,HN,COFFS HARBOUR,,No,Not a school zone,2-way undivided,-30.287285,153.115977,Coffs Harbour,Country urban,Rest of NSW - Urban,Straight,Driveway/entrance,,,Nil,Sealed,Dry,Fine,Daylight,Nil,No traffic controls,50 km/h,Local,32,Right rear,303,Same - Rear right,,Rear end,4 wheel drive / SUV,Car (sedan/hatch),3,0,0,1,0,1,January,Summer,Sunday,10:00 - 11:59,Midday / afternoon,False,False,True,True
1343388,Injury,Moderate Injury,2024,2024,January,Friday,12:00 - 13:59,PACIFIC,HWY,820,North,ROSS LANE,TO,KNOCKROW,10.0,No,Not a school zone,Divided road,-28.763945,153.534187,Ballina,Country non-urban,Rest of NSW - Rural,Curved,,,,Nil,Sealed,Dry,Fine,Daylight,Nil,No traffic controls,110 km/h,State,81,Off left/rt bnd=>obj,803,Off right bend into obj,Left,Vehicle - Object,4 wheel drive / SUV,,1,0,0,1,0,1,January,Summer,Friday,12:00 - 13:59,Midday / afternoon,False,False,True,True
1343391,Injury,Moderate Injury,2024,2024,January,Wednesday,14:00 - 15:59,QUAKERS,RD,0,Right on the spot,ARNOTT,RD,MARAYONG,7475.0,No,Not a school zone,T-junction,-33.743394,150.890849,Blacktown,Sydney metro. area,Syd-Newc-Woll Gtr conurbation,Straight,,,,Off,Sealed,Dry,Overcast,Daylight,Nil,Stop sign,60 km/h,Regional,74,On road-out of cont.,705,Out of control on cway,,Rollover,Motorcycle,,1,0,0,1,0,1,January,Summer,Wednesday,14:00 - 15:59,Midday / afternoon,False,False,True,True
1343395,Injury,Moderate Injury,2024,2024,January,Wednesday,12:00 - 13:59,OXLEY,DR,0,Right on the spot,WAVERLEY,PDE,MITTAGONG,,No,Not a school zone,X-intersection,-34.454879,150.445715,Wingecarribee,Country urban,Rest of NSW - Urban,Straight,,,,Nil,Sealed,Dry,Overcast,Daylight,Nil,Give way sign,50 km/h,Local,10,Cross traffic,101,Adj - Cross traffic,,Right angle,Car (sedan/hatch),Station wagon,2,0,0,1,1,1,January,Summer,Wednesday,12:00 - 13:59,Midday / afternoon,False,False,True,True
1343397,Injury,Minor/Other Injury,2024,2024,January,Monday,10:00 - 11:59,BELMORE,RD,0,Right on the spot,NUMBER 203,HN,RIVERWOOD,2050.0,No,Not a school zone,2-way undivided,-33.954747,151.051444,Georges River,Sydney metro. area,Syd-Newc-Woll Gtr conurbation,Straight,Driveway/entrance,,,Nil,Sealed,Wet,Overcast,Daylight,Nil,No traffic controls,50 km/h,Regional,47,Emerging from drive,406,Manov - Emerging from driveway,,Right angle,Car (sedan/hatch),Station wagon,3,0,0,0,1,1,January,Summer,Monday,10:00 - 11:59,Midday / afternoon,False,False,True,True
1343404,Injury,Minor/Other Injury,2024,2024,February,Monday,08:00 - 09:59,GOOD,ST,10,South,ALICE,ST,HARRIS PARK,,Yes,No,T-junction,-33.821106,151.013911,Parramatta,Sydney metro. area,Syd-Newc-Woll Gtr conurbation,Straight,,,,Off,Sealed,Dry,Fine,Daylight,Nil,No traffic controls,50 km/h,Local,3,Ped on carriageway,4,Ped - On carriageway,,Vehicle - Pedestrian,Light truck utility(from 2018),Pedestrian,3,0,0,0,1,2,February,Summer,Monday,08:00 - 09:59,AM peak / school commute,True,False,True,True
1343405,Injury,Minor/Other Injury,2024,2024,January,Saturday,18:00 - 19:59,BLAXLAND,RD,0,Right on the spot,ANZAC,AVE,DENISTONE EAST,139.0,No,Not a school zone,T-junction,-33.802038,151.100493,Ryde,Sydney metro. area,Syd-Newc-Woll Gtr conurbation,Curved,,,,On,Sealed,Dry,Fine,Dusk,Nil,Give way sign,60 km/h,State,16,Left near,107,Adj - Left-thru from right,,Right angle,4 wheel drive / SUV,Car (sedan/hatch),2,0,0,0,1,1,January,Summer,Saturday,18:00 - 19:59,PM peak / evening commute,True,False,True,True
1343409,Injury,Serious Injury,2024,2024,January,Friday,08:00 - 09:59,COOTAMUNDRA,BVD,0,Right on the spot,PINE GULLY,RD,ESTELLA,,No,Not a school zone,T-junction,-35.072592,147.344804,Wagga Wagga,Country urban,Rest of NSW - Urban,Straight,,,,Nil,Sealed,Dry,Fine,Daylight,Nil,No traffic controls,70 km/h,Local,13,Right near,104,Adj - Right-thru from right,,Right angle,Car (sedan/hatch),Car (sedan/hatch),2,0,1,2,0,1,January,Summer,Friday,08:00 - 09:59,AM peak / school commute,True,False,True,True
1343412,Injury,Moderate Injury,2024,2024,February,Wednesday,22:00 - Midnight,HUME,HWY,0,Right on the spot,COOPER,RD,YAGOONA,2.0,Yes,No,T-junction,-33.907754,151.025963,Canterbury-Bankstown,Sydney metro. area,Syd-Newc-Woll Gtr conurbation,Straight,,,,On,Sealed,Dry,Fine,Darkness,On,No traffic controls,60 km/h,State,0,Ped nearside,1,Ped - Near side,,Vehicle - Pedestrian,Unknown motor vehicle,Pedestrian,2,0,0,1,0,2,February,Summer,Wednesday,22:00 - Midnight,Evening / night,False,False,True,True
1343413,Injury,Serious Injury,2024,2024,January,Wednesday,12:00 - 13:59,BENTLEY,RD,1400,North,PINE CREEK,RD,BOORABEE PARK,544.0,No,Not a school zone,2-way undivided,-28.722227,153.078062,Kyogle,Country non-urban,Rest of NSW - Rural,Curved,Embankment/cutting,,,Nil,Sealed,Dry,Fine,Daylight,Nil,No traffic controls,100 km/h,Regional,86,Off left/left bend,802,Off cway left bend,Left,Rollover,Light truck utility(from 2018),,1,0,1,0,0,1,January,Summer,Wednesday,12:00 - 13:59,Midday / afternoon,False,False,True,True
1343417,Injury,Moderate Injury,2024,2024,January,Tuesday,12:00 - 13:59,RAILWAY,RD,0,Right on the spot,RICKARD,RD,QUAKERS HILL,,No,Not a school zone,T-junction,-33.732768,150.890409,Blacktown,Sydney metro. area,Syd-Newc-Woll Gtr conurbation,Straight,,,,Off,Sealed,Dry,Fine,Daylight,Nil,No traffic controls,50 km/h,Local,10,Cross traffic,101,Adj - Cross traffic,,Right angle,Car (sedan/hatch),Car (sedan/hatch),2,0,0,2,0,1,January,Summer,Tuesday,12:00 - 13:59,Midday / afternoon,False,False,True,True
1343425,Injury,Moderate Injury,2024,2024,January,Tuesday,08:00 - 09:59,LUE,RD,730,East,ROCKY WATERHOLE,RD,MOUNT KNOWLES,,No,Not a school zone,2-way undivided,-32.593019,149.65481,Mid-Western Regional,Country non-urban,Rest of NSW - Rural,Curved,Embankment/cutting,,,Nil,Sealed,Dry,Fine,Daylight,Nil,No traffic controls,100 km/h,Local,80,Off left/right bend,801,Off cway right bend,Left,Rollover,4 wheel drive / SUV,,1,0,0,1,0,1,January,Summer,Tuesday,08:00 - 09:59,AM peak / school commute,True,False,True,True