crash_id,degree_of_crash,degree_of_crash_-_detailed,reporting_year,year_of_crash,month_of_crash,day_of_week_of_crash,two-hour_intervals,street_of_crash,street_type,distance,direction,identifying_feature,identifying_feature_type,town,route_no.,school_zone_location,school_zone_active,type_of_location,latitude,longitude,lga,urbanisation,conurbation_1,alignment,primary_permanent_feature,primary_temporary_feature,primary_hazardous_feature,street_lighting,road_surface,surface_condition,weather,natural_lighting,signals_operation,other_traffic_control,speed_limit,road_classification_(admin),rum_-_code,rum_-_description,dca_-_code,dca_-_description,dca_supplement,first_impact_type,key_tu_type,other_tu_type,no._of_traffic_units_involved,no._killed,no._seriously_injured,no._moderately_injured,no._minor-other_injured,month_num,month_label,season,day_label,time_label,time_band,is_peak_commute,is_fatal,is_injury,is_casualty
1343426,Injury,Minor/Other Injury,2024,2024,January,Thursday,18:00 - 19:59,HARBOUR,WAY,0,Right on the spot,FAWCETT,ST,BRUNSWICK HEADS,689.0,No,Not a school zone,X-intersection,-28.53777,153.548495,Byron,Country urban,Rest of NSW - Urban,Curved,,,,On,Sealed,Dry,Fine,Daylight,Nil,Give way sign,50 km/h,Regional,83,Off rt/rt bnd=>obj,707,Right turn,Right,Vehicle - Object,Light truck utility(from 2018),,1,0,0,0,1,1,January,Summer,Thursday,18:00 - 19:59,PM peak / evening commute,True,False,True,True
1343427,Injury,Minor/Other Injury,2024,2024,January,Saturday,20:00 - 21:59,LAWES,ST,50,North,KING,ST,EAST MAITLAND,,No,Not a school zone,2-way undivided,-32.74855,151.587771,Maitland,Country urban,Rest of NSW - Urban,Straight,,,,On,Sealed,Dry,Fine,Darkness,Nil,No traffic controls,50 km/h,Local,71,Off rd left => obj,703,Left off cway into object,,Other angle,4 wheel drive / SUV,Light truck utility(from 2018),2,0,0,0,1,1,January,Summer,Saturday,20:00 - 21:59,Evening / night,False,False,True,True
1343429,Injury,Moderate Injury,2024,2024,January,Tuesday,10:00 - 11:59,PACIFIC,HWY,90,North,ALLAMBEE,CRES,SAN REMO,10.0,No,Not a school zone,2-way undivided,-33.215457,151.509878,Central Coast,Country urban,Syd-Newc-Woll Gtr conurbation,Straight,Driveway/entrance,,,Off,Sealed,Dry,Fine,Daylight,On,No traffic controls,70 km/h,State,21,Right through,202,Opp - Right-thru,,Other angle,Car (sedan/hatch),4 wheel drive / SUV,2,0,0,1,0,1,January,Summer,Tuesday,10:00 - 11:59,Midday / afternoon,False,False,True,True
1343437,Injury,Serious Injury,2024,2024,January,Friday,06:00 - 07:59,MILLWOOD,AVE,0,Right on the spot,FULLERS,RD,CHATSWOOD,191.0,No,Not a school zone,X-intersection,-33.796357,151.167386,Willoughby,Sydney metro. area,Syd-Newc-Woll Gtr conurbation,Curved,,,,Off,Sealed,Dry,Overcast,Daylight,Nil,Stop sign,50 km/h,State,21,Right through,202,Opp - Right-thru,,Other angle,Light truck,Motor scooter,2,0,1,0,0,1,January,Summer,Friday,06:00 - 07:59,AM peak / school commute,True,False,True,True
1343444,Injury,Serious Injury,2024,2024,January,Thursday,06:00 - 07:59,LUXFORD,RD,0,Right on the spot,POPONDETTA,RD,WHALAN,7161.0,No,Not a school zone,T-junction,-33.750724,150.802024,Blacktown,Sydney metro. area,Syd-Newc-Woll Gtr conurbation,Straight,,,,Off,Sealed,Dry,Fine,Daylight,On,No traffic controls,60 km/h,Regional,32,Right rear,303,Same - Rear right,,Rear end,Car (sedan/hatch),4 wheel drive / SUV,2,0,1,0,0,1,January,Summer,Thursday,06:00 - 07:59,AM peak / school commute,True,False,True,True
1343452,Injury,Minor/Other Injury,2024,2024,January,Tuesday,20:00 - 21:59,RIVERINA,HWY,0,Right on the spot,KEENE,ST,EAST ALBURY,20.0,No,Not a school zone,X-intersection,-36.076473,146.936459,Albury,Country urban,Rest of NSW - Urban,Straight,,,,Off,Sealed,Dry,Fine,Dusk,Nil,Give way sign,60 km/h,State,10,Cross traffic,101,Adj - Cross traffic,,Right angle,Station wagon,4 wheel drive / SUV,3,0,0,0,1,1,January,Summer,Tuesday,20:00 - 21:59,Evening / night,False,False,True,True
1343457,Injury,Moderate Injury,2024,2024,January,Wednesday,06:00 - 07:59,MAIN,ST,150,East,QUEEN,ST,CUNDLETOWN,7776.0,No,Not a school zone,2-way undivided,-31.900406,152.519927,Mid-Coast,Country urban,Rest of NSW - Urban,Straight,Foot/cycle path/nature strip,,,Nil,Sealed,Dry,Fine,Daylight,Nil,No traffic controls,60 km/h,Regional,71,Off rd left => obj,703,Left off cway into object,,Other angle,Passenger van,Car (sedan/hatch),2,0,0,1,0,1,January,Summer,Wednesday,06:00 - 07:59,AM peak / school commute,True,False,True,True
1343458,Injury,Moderate Injury,2024,2024,January,Monday,20:00 - 21:59,GUNTAWONG,RD,380,West,TALLAWONG,RD,TALLAWONG,,No,Not a school zone,2-way undivided,-33.682558,150.889261,Blacktown,Sydney metro. area,Syd-Newc-Woll Gtr conurbation,Straight,,,,Nil,Sealed,Dry,Fine,Darkness,Nil,No traffic controls,60 km/h,Local,73,Off rd rght => obj,704,Right off cway into obj,,Vehicle - Object,4 wheel drive / SUV,,1,0,0,1,0,1,January,Summer,Monday,20:00 - 21:59,Evening / night,False,False,True,True
1343460,Injury,Moderate Injury,2024,2024,January,Monday,16:00 - 17:59,PACIFIC,ST,5,West,CENTRAL COAST,HWY,LONG JETTY,30.0,No,Not a school zone,X-intersection,-33.358323,151.484996,Central Coast,Country urban,Syd-Newc-Woll Gtr conurbation,Straight,,,,Off,Sealed,Dry,Fine,Daylight,Nil,Give way sign,50 km/h,State,71,Off rd left => obj,703,Left off cway into object,,Other angle,Car (sedan/hatch),Utility,4,0,0,1,0,1,January,Summer,Monday,16:00 - 17:59,PM peak / evening commute,True,False,True,True
1343464,Injury,Minor/Other Injury,2024,2024,January,Tuesday,14:00 - 15:59,HAUSSMAN,DR,50,East,GARNIER,CL,THORNTON,,No,Not a school zone,2-way undivided,-32.77726,151.632843,Maitland,Country urban,Rest of NSW - Urban,Straight,,Roadwks/Detour/Diverson,,Off,Sealed,Dry,Fine,Daylight,Nil,No traffic controls,60 km/h,Local,3,Ped on carriageway,4,Ped - On carriageway,,Vehicle - Pedestrian,Light truck utility(from 2018),Pedestrian,2,0,0,0,1,1,January,Summer,Tuesday,14:00 - 15:59,Midday / afternoon,False,False,True,True
1343468,Injury,Serious Injury,2024,2024,January,Wednesday,06:00 - 07:59,SEVEN HILLS,RD,0,Right on the spot,NUMBER 347,HN,KINGS LANGLEY,691.0,No,Not a school zone,2-way undivided,-33.761881,150.951406,Blacktown,Sydney metro. area,Syd-Newc-Woll Gtr conurbation,Straight,Painted double centre lines,,,Nil,Sealed,Dry,Fine,Daylight,Nil,No traffic controls,60 km/h,State,40,U turn,304,Same - U-turn,,Other angle,Car (sedan/hatch),Station wagon,2,0,1,0,0,1,January,Summer,Wednesday,06:00 - 07:59,AM peak / school commute,True,False,True,True
1343472,Injury,Moderate Injury,2024,2024,February,Monday,20:00 - 21:59,MISSOURI,AVE,0,Right on the spot,RED HILL,RD,TOLLAND,,No,Not a school zone,T-junction,-35.150748,147.355956,Wagga Wagga,Country urban,Rest of NSW - Urban,Straight,,,,On,Sealed,Wet,Overcast,Dusk,Nil,Give way sign,70 km/h,Local,13,Right near,104,Adj - Right-thru from right,,Right angle,Light truck utility(from 2018),Motor scooter,2,0,0,1,0,2,February,Summer,Monday,20:00 - 21:59,Evening / night,False,False,True,True
1343477,Injury,Serious Injury,2024,2024,January,Wednesday,16:00 - 17:59,HUME,HWY,50,East,SUNBEAM,AVE,BURWOOD,2.0,No,Not a school zone,Divided road,-33.887164,151.098586,Burwood,Sydney metro. area,Syd-Newc-Woll Gtr conurbation,Straight,,,,Nil,Sealed,Dry,Fine,Daylight,Nil,No traffic controls,60 km/h,State,2,Ped far side,3,Ped - Far side,,Vehicle - Pedestrian,Unknown motor vehicle,Pedestrian,2,0,1,0,0,1,January,Summer,Wednesday,16:00 - 17:59,PM peak / evening commute,True,False,True,True
1343479,Injury,Serious Injury,2024,2024,January,Sunday,12:00 - 13:59,GREAT WESTERN,HWY,50,West,HAWKESBURY,RD,WESTMEAD,5.0,No,Not a school zone,Divided road,-33.817546,150.981513,Cumberland,Sydney metro. area,Syd-Newc-Woll Gtr conurbation,Curved,,,,Off,Sealed,Dry,Fine,Daylight,Nil,No traffic controls,60 km/h,State,81,Off left/rt bnd=>obj,803,Off right bend into obj,Left,Vehicle - Object,Light truck utility(from 2018),,1,0,1,0,1,1,January,Summer,Sunday,12:00 - 13:59,Midday / afternoon,False,False,True,True
1343481,Injury,Minor/Other Injury,2024,2024,January,Wednesday,14:00 - 15:59,EDDY,AVE,0,Right on the spot,PITT,ST,HAYMARKET,7301.0,No,Not a school zone,X-intersection,-33.881663,151.205936,Sydney,Sydney metro. area,Syd-Newc-Woll Gtr conurbation,Straight,,,,Off,Sealed,Dry,Fine,Daylight,On,Ped crossing,40 km/h,Regional,0,Ped nearside,1,Ped - Near side,,Vehicle - Pedestrian,Unknown motor vehicle,Pedestrian,2,0,0,0,1,1,January,Summer,Wednesday,14:00 - 15:59,Midday / afternoon,False,False,True,True
1343482,Injury,Minor/Other Injury,2024,2024,January,Sunday,12:00 - 13:59,CANTERBURY,RD,0,Right on the spot,GRIFFITHS,ST,ASHFIELD,167.0,No,Not a school zone,X-intersection,-33.904703,151.128568,Inner West,Sydney metro. area,Syd-Newc-Woll Gtr conurbation,Straight,,,,Nil,Sealed,Dry,Fine,Daylight,On,No traffic controls,60 km/h,State,10,Cross traffic,101,Adj - Cross traffic,,Right angle,Car (sedan/hatch),Car (sedan/hatch),2,0,0,0,1,1,January,Summer,Sunday,12:00 - 13:59,Midday / afternoon,False,False,True,True
1343485,Injury,Moderate Injury,2024,2024,January,Tuesday,08:00 - 09:59,EDGEWARE,RD,10,South,ENMORE,RD,ENMORE,167.0,No,Not a school zone,X-intersection,-33.899537,151.171029,Inner West,Sydney metro. area,Syd-Newc-Woll Gtr conurbation,Straight,,,,Off,Sealed,Wet,Raining,Daylight,On,No traffic controls,60 km/h,Regional,2,Ped far side,3,Ped - Far side,,Vehicle - Pedestrian,Large rigid,Pedestrian,2,0,0,1,0,1,January,Summer,Tuesday,08:00 - 09:59,AM peak / school commute,True,False,True,True
1343486,Injury,Moderate Injury,2024,2024,January,Tuesday,12:00 - 13:59,FOREST,RD,25,East,CAMBRIDGE,ST,PENSHURST,168.0,No,Not a school zone,2-way undivided,-33.963562,151.091024,Georges River,Sydney metro. area,Syd-Newc-Woll Gtr conurbation,Straight,,,,Off,Sealed,Dry,Fine,Daylight,Nil,No traffic controls,60 km/h,State,35,Lane change left,307,Same - Lane change left,,Other angle,Unknown motor vehicle,Motor scooter,2,0,0,1,0,1,January,Summer,Tuesday,12:00 - 13:59,Midday / afternoon,False,False,True,True
1343489,Injury,Serious Injury,2024,2024,February,Thursday,12:00 - 13:59,OLD WINDSOR,RD,0,Right on the spot,MIAMI,ST,GLENWOOD,635.0,No,Not a school zone,X-intersection,-33.725355,150.939898,Blacktown,Sydney metro. area,Syd-Newc-Woll Gtr conurbation,Straight,,,,Nil,Sealed,Dry,Fine,Daylight,Unknown / not stated,No traffic controls,80 km/h,State,30,Rear end,301,Same - Rear end,,Rear end,Light truck utility(from 2018),Car (sedan/hatch),3,0,1,0,0,2,February,Summer,Thursday,12:00 - 13:59,Midday / afternoon,False,False,True,True
1343494,Injury,Serious Injury,2024,2024,February,Friday,14:00 - 15:59,BIRMINGHAM,RD,10,North,TRENT,ST,SOUTH PENRITH,,No,Not a school zone,T-junction,-33.77457,150.694824,Penrith,Sydney metro. area,Syd-Newc-Woll Gtr conurbation,Straight,,,,Off,Sealed,Dry,Fine,Daylight,Nil,No traffic controls,50 km/h,Local,1,Ped emerging,2,Ped - emerging,,Vehicle - Pedestrian,Car (sedan/hatch),Pedestrian,2,0,1,0,0,2,February,Summer,Friday,14:00 - 15:59,Midday / afternoon,False,False,True,True
1343495,Injury,Moderate Injury,2024,2024,January,Friday,00:01 - 01:59,CASTLEREAGH,HWY,1780,East,HORSE FLAT,LANE,APPLE TREE FLAT,18.0,No,Not a school zone,2-way undivided,-32.6791,149.690768,Mid-Western Regional,Country non-urban,Rest of NSW - Rural,Curved,Embankment/cutting,,,Nil,Sealed,Dry,Fine,Darkness,Nil,No traffic controls,100 km/h,State,81,Off left/rt bnd=>obj,803,Off right bend into obj,Left,Vehicle - Object,Car (sedan/hatch),,1,0,0,1,0,1,January,Summer,Friday,00:01 - 01:59,Late night / early morning,False,False,True,True
1343497,Injury,Minor/Other Injury,2024,2024,January,Sunday,16:00 - 17:59,THUNDERBOLTS,WAY,750,South,MARES RUN,RD,MARES RUN,7719.0,No,Not a school zone,2-way undivided,-31.648554,151.797062,Mid-Coast,Country non-urban,Rest of NSW - Rural,Curved,Embankment/cutting,,,Nil,Sealed,Wet,Raining,Dusk,Nil,No traffic controls,90 km/h,Regional,85,Off rt/lft bnd=>obj,804,Off left bend into obj,Right,Vehicle - Object,Car (sedan/hatch),,1,0,0,0,1,1,January,Summer,Sunday,16:00 - 17:59,PM peak / evening commute,True,False,True,True
1343499,Injury,Serious Injury,2024,2024,February,Friday,14:00 - 15:59,SOUTH WESTERN,EXP,200,East,MOOREBANK AVENUE,TO,MOOREBANK,6005.0,No,Not a school zone,Dual freeway,-33.940638,150.932516,Liverpool,Sydney metro. area,Syd-Newc-Woll Gtr conurbation,Straight,,,,Off,Sealed,Dry,Fine,Daylight,Nil,No traffic controls,100 km/h,State,35,Lane change left,307,Same - Lane change left,,Other angle,Light truck,4 wheel drive / SUV,2,0,1,0,1,2,February,Summer,Friday,14:00 - 15:59,Midday / afternoon,False,False,True,True
1343518,Injury,Moderate Injury,2024,2024,January,Wednesday,22:00 - Midnight,HUME,HWY,80,North,CUTLER,RD,LANSVALE,2.0,No,Not a school zone,Divided road,-33.896886,150.953547,Fairfield,Sydney metro. area,Syd-Newc-Woll Gtr conurbation,Straight,,,,Unknown / not stated,Sealed,Dry,Fine,Darkness,Nil,No traffic controls,70 km/h,State,34,Lane change right,306,Same - Lane change right,,Other angle,Car (sedan/hatch),Car (sedan/hatch),3,0,0,1,0,1,January,Summer,Wednesday,22:00 - Midnight,Evening / night,False,False,True,True
1343521,Injury,Moderate Injury,2024,2024,February,Friday,08:00 - 09:59,GARFIELD,RD,0,Right on the spot,CARNARVON,RD,MARSDEN PARK,546.0,No,Not a school zone,T-junction,-33.686032,150.849383,Blacktown,Sydney metro. area,Syd-Newc-Woll Gtr conurbation,Straight,,,,Unknown / not stated,Sealed,Dry,Fine,Daylight,Nil,No traffic controls,60 km/h,State,31,Left rear,302,Same - Rear left,,Rear end,Car (sedan/hatch),Light truck utility(from 2018),2,0,0,1,1,2,February,Summer,Friday,08:00 - 09:59,AM peak / school commute,True,False,True,True
1343522,Injury,Minor/Other Injury,2024,2024,January,Monday,12:00 - 13:59,PACIFIC,HWY,500,South,ROSS LANE,OP,TINTENBAR,10.0,No,Not a school zone,Divided road,-28.788874,153.524767,Ballina,Country non-urban,Rest of NSW - Rural,Curved,B'down lane/road shldr,,,Unknown / not stated,Sealed,Wet,Raining,Daylight,Nil,No traffic controls,110 km/h,State,87,Off lft/lft bnd=>obj,804,Off left bend into obj,Left,Other angle,B-double (road train prior 98),Light truck utility(from 2018),2,0,0,0,1,1,January,Summer,Monday,12:00 - 13:59,Midday / afternoon,False,False,True,True
1343523,Injury,Moderate Injury,2024,2024,February,Friday,12:00 - 13:59,SOUTHERN,EXP,50,South,GIPPS STREET,OP,GWYNNEVILLE,6006.0,No,Not a school zone,Dual freeway,-34.416048,150.879715,Wollongong,Wollongong met. area,Syd-Newc-Woll Gtr conurbation,Straight,,,,Unknown / not stated,Sealed,Dry,Fine,Daylight,Nil,No traffic controls,90 km/h,State,30,Rear end,301,Same - Rear end,,Rear end,4 wheel drive / SUV,4 wheel drive / SUV,2,0,0,1,0,2,February,Summer,Friday,12:00 - 13:59,Midday / afternoon,False,False,True,True
1343525,Injury,Moderate Injury,2024,2024,February,Tuesday,06:00 - 07:59,JOHN WHITEWAY,DR,110,South,HENRY PARRY,DR,GOSFORD,,No,Not a school zone,2-way undivided,-33.430263,151.343597,Central Coast,Country urban,Syd-Newc-Woll Gtr conurbation,Curved,Painted double centre lines,,,Unknown / not stated,Sealed,Wet,Raining,Daylight,Nil,No traffic controls,50 km/h,Local,53,Overtake turning,506,Ovtak - Overtaking right turn,,Other angle,Light truck utility(from 2018),Light truck utility(from 2018),2,0,0,1,0,2,February,Summer,Tuesday,06:00 - 07:59,AM peak / school commute,True,False,True,True
1343526,Injury,Moderate Injury,2024,2024,January,Thursday,08:00 - 09:59,ERSKINEVILLE,RD,0,Right on the spot,SWANSON,ST,ERSKINEVILLE,193.0,No,Not a school zone,X-intersection,-33.899831,151.184909,Sydney,Sydney metro. area,Syd-Newc-Woll Gtr conurbation,Straight,,,,Nil,Sealed,Dry,Fine,Daylight,Nil,No traffic controls,40 km/h,State,21,Right through,202,Opp - Right-thru,,Other angle,Car (sedan/hatch),Pedal cycle,2,0,0,1,0,1,January,Summer,Thursday,08:00 - 09:59,AM peak / school commute,True,False,True,True
1343528,Injury,Serious Injury,2024,2024,January,Friday,16:00 - 17:59,BEAUCHAMP,RD,20,West,ANZAC,PDE,MATRAVILLE,7340.0,No,Not a school zone,2-way undivided,-33.953065,151.241542,Randwick,Sydney metro. area,Syd-Newc-Woll Gtr conurbation,Curved,,,,Unknown / not stated,Sealed,Dry,Fine,Daylight,Nil,No traffic controls,50 km/h,Regional,81,Off left/rt bnd=>obj,803,Off right bend into obj,Left,Other angle,Car (sedan/hatch),Car (sedan/hatch),2,0,1,0,0,1,January,Summer,Friday,16:00 - 17:59,PM peak / evening commute,True,False,True,True
1343533,Injury,Moderate Injury,2024,2024,February,Sunday,06:00 - 07:59,STANLEY,ST,0,Right on the spot,NUMBER 96,HN,WYONGAH,,No,Not a school zone,2-way undivided,-33.266184,151.490036,Central Coast,Country urban,Syd-Newc-Woll Gtr conurbation,Straight,,,,Unknown / not stated,Sealed,Dry,Fine,Daylight,Nil,No traffic controls,50 km/h,Local,71,Off rd left => obj,703,Left off cway into object,,Other angle,4 wheel drive / SUV,4 wheel drive / SUV,2,0,0,1,0,2,February,Summer,Sunday,06:00 - 07:59,AM peak / school commute,True,False,True,True
1343538,Injury,Minor/Other Injury,2024,2024,February,Sunday,14:00 - 15:59,PACIFIC,HWY,50,North,ROBERT,ST,BELMONT SOUTH,10.0,No,Not a school zone,Divided road,-33.046974,151.655555,Lake Macquarie,Newcastle met. area,Syd-Newc-Woll Gtr conurbation,Straight,,,,Unknown / not stated,Sealed,Dry,Fine,Daylight,Nil,No traffic controls,60 km/h,State,40,U turn,304,Same - U-turn,,Other angle,4 wheel drive / SUV,4 wheel drive / SUV,2,0,0,0,1,2,February,Summer,Sunday,14:00 - 15:59,Midday / afternoon,False,False,True,True
1343541,Injury,Minor/Other Injury,2024,2024,January,Tuesday,10:00 - 11:59,MARCH,ST,10,North,PAGET,ST,RICHMOND,7209.0,No,Not a school zone,X-intersection,-33.600372,150.75439,Hawkesbury,Country urban,Syd-Newc-Woll Gtr conurbation,Straight,,,,Unknown / not stated,Sealed,Dry,Fine,Daylight,Nil,Give way sign,60 km/h,Regional,14,2 right turning,105,Adj - Two right turning,,Right angle,4 wheel drive / SUV,4 wheel drive / SUV,2,0,0,0,1,1,January,Summer,Tuesday,10:00 - 11:59,Midday / afternoon,False,False,True,True
1343546,Injury,Minor/Other Injury,2024,2024,February,Saturday,16:00 - 17:59,HENRY LAWSON,DR,0,Right on the spot,MILPERRA,RD,MILPERRA,167.0,No,Not a school zone,X-intersection,-33.929521,150.980326,Canterbury-Bankstown,Sydney metro. area,Syd-Newc-Woll Gtr conurbation,Curved,,,,Unknown / not stated,Sealed,Dry,Fine,Daylight,On,No traffic controls,70 km/h,State,30,Rear end,301,Same - Rear end,,Rear end,Semi-trailer,Car (sedan/hatch),2,0,0,0,1,2,February,Summer,Saturday,16:00 - 17:59,PM peak / evening commute,True,False,True,True
1343549,Injury,Minor/Other Injury,2024,2024,February,Thursday,08:00 - 09:59,DEBRINCAT,AVE,0,Right on the spot,WILKES,CRES,TREGEAR,7168.0,No,Not a school zone,X-intersection,-33.751684,150.795048,Blacktown,Sydney metro. area,Syd-Newc-Woll Gtr conurbation,Curved,,,,Unknown / not stated,Sealed,Dry,Fine,Daylight,Nil,Give way sign,50 km/h,Regional,10,Cross traffic,101,Adj - Cross traffic,,Right angle,Car (sedan/hatch),4 wheel drive / SUV,2,0,0,0,1,2,February,Summer,Thursday,08:00 - 09:59,AM peak / school commute,True,False,True,True
1343553,Injury,Moderate Injury,2024,2024,February,Sunday,04:00 - 05:59,M2 HILLS,EXP,200,West,CHRISTIE ROAD,OP,MACQUARIE PARK,6002.0,No,Not a school zone,Dual freeway,-33.771093,151.117185,Ryde,Sydney metro. area,Syd-Newc-Woll Gtr conurbation,Curved,,,,On,Sealed,Dry,Fine,Darkness,Nil,No traffic controls,100 km/h,State,83,Off rt/rt bnd=>obj,803,Off right bend into obj,Right,Vehicle - Object,Light truck utility(from 2018),,1,0,0,1,0,2,February,Summer,Sunday,04:00 - 05:59,Late night / early morning,False,False,True,True
1343555,Injury,Minor/Other Injury,2024,2024,February,Saturday,16:00 - 17:59,PACIFIC,HWY,0,Right on the spot,RYDE,RD,PYMBLE,10.0,No,Not a school zone,T-junction,-33.75079,151.147287,Ku-ring-gai,Sydney metro. area,Syd-Newc-Woll Gtr conurbation,Curved,Other bridge,,,Unknown / not stated,Sealed,Dry,Fine,Dusk,On,No traffic controls,60 km/h,State,30,Rear end,301,Same - Rear end,,Rear end,Car (sedan/hatch),Car (sedan/hatch),2,0,0,0,2,2,February,Summer,Saturday,16:00 - 17:59,PM peak / evening commute,True,False,True,True
1343556,Injury,Minor/Other Injury,2024,2024,February,Saturday,10:00 - 11:59,MARSDEN,RD,0,Right on the spot,MOBBS,LANE,CARLINGFORD,158.0,No,Not a school zone,T-junction,-33.787241,151.061188,Parramatta,Sydney metro. area,Syd-Newc-Woll Gtr conurbation,Straight,,,,Unknown / not stated,Sealed,Dry,Fine,Daylight,On,No right turn,60 km/h,State,32,Right rear,303,Same - Rear right,,Rear end,4 wheel drive / SUV,Car (sedan/hatch),2,0,0,0,1,2,February,Summer,Saturday,10:00 - 11:59,Midday / afternoon,False,False,True,True
1343562,Injury,Minor/Other Injury,2024,2024,January,Wednesday,06:00 - 07:59,CAHILL,EXP,100,South,DOMAIN,TU,SYDNEY,592.0,No,Not a school zone,Dual freeway,-33.863782,151.213127,Sydney,Sydney metro. area,Syd-Newc-Woll Gtr conurbation,Curved,Underpass/tunnel,,,Unknown / not stated,Sealed,Dry,Fine,Daylight,Nil,No traffic controls,70 km/h,State,30,Rear end,301,Same - Rear end,,Rear end,Car (sedan/hatch),Large rigid,2,0,0,0,1,1,January,Summer,Wednesday,06:00 - 07:59,AM peak / school commute,True,False,True,True
1343564,Injury,Minor/Other Injury,2024,2024,February,Thursday,18:00 - 19:59,GOODLET,ST,0,Right on the spot,WARWICK,RD,MERRYLANDS,,No,Not a school zone,T-junction,-33.832885,150.984414,Cumberland,Sydney metro. area,Syd-Newc-Woll Gtr conurbation,Straight,Foot/cycle path/nature strip,,,Unknown / not stated,Sealed,Dry,Fine,Dusk,Nil,No traffic controls,50 km/h,Local,49,Other manoeuvring,400,Manov - other,,Other angle,Pedal cycle,Car (sedan/hatch),2,0,0,0,1,2,February,Summer,Thursday,18:00 - 19:59,PM peak / evening commute,True,False,True,True
1343569,Injury,Moderate Injury,2024,2024,February,Monday,08:00 - 09:59,NEW SOUTH HEAD,RD,0,Right on the spot,RAY,AVE,VAUCLUSE,173.0,No,Not a school zone,T-junction,-33.859735,151.273267,Woollahra,Sydney metro. area,Syd-Newc-Woll Gtr conurbation,Straight,Steep grade,,,Unknown / not stated,Sealed,Dry,Fine,Daylight,Nil,No traffic controls,50 km/h,State,32,Right rear,303,Same - Rear right,,Rear end,Car (sedan/hatch),Car (sedan/hatch),2,0,0,1,0,2,February,Summer,Monday,08:00 - 09:59,AM peak / school commute,True,False,True,True
1343570,Injury,Moderate Injury,2024,2024,February,Wednesday,02:00 - 03:59,RICHMOND,RD,500,West,BREAKFAST,RD,WOODCROFT,643.0,No,Not a school zone,Divided road,-33.749103,150.882597,Blacktown,Sydney metro. area,Syd-Newc-Woll Gtr conurbation,Straight,,,,Unknown / not stated,Sealed,Dry,Fine,Darkness,Nil,No traffic controls,70 km/h,State,30,Rear end,301,Same - Rear end,,Rear end,Car (sedan/hatch),4 wheel drive / SUV,2,0,0,1,0,2,February,Summer,Wednesday,02:00 - 03:59,Late night / early morning,False,False,True,True
1343571,Injury,Serious Injury,2024,2024,February,Wednesday,08:00 - 09:59,ANNE WILLIAM,DR,0,Right on the spot,SALINA,AVE,WEST PENNANT HILLS,,No,Not a school zone,T-junction,-33.751932,151.045088,The Hills,Sydney metro. area,Syd-Newc-Woll Gtr conurbation,Straight,Steep grade,,,Unknown / not stated,Sealed,Dry,Fine,Daylight,Nil,No traffic controls,50 km/h,Local,16,Left near,107,Adj - Left-thru from right,,Right angle,4 wheel drive / SUV,Car (sedan/hatch),2,0,1,0,0,2,February,Summer,Wednesday,08:00 - 09:59,AM peak / school commute,True,False,True,True
1343572,Injury,Minor/Other Injury,2024,2024,January,Monday,12:00 - 13:59,SILVERDALE,RD,100,North,FARNSWORTH,AVE,WALLACIA,7640.0,No,Not a school zone,2-way undivided,-33.877441,150.617785,Wollondilly,Country urban,Syd-Newc-Woll Gtr conurbation,Straight,,,,Unknown / not stated,Sealed,Dry,Fine,Daylight,Nil,No traffic controls,60 km/h,Regional,30,Rear end,301,Same - Rear end,,Rear end,Utility,Light truck utility(from 2018),2,0,0,0,1,1,January,Summer,Monday,12:00 - 13:59,Midday / afternoon,False,False,True,True
1343573,Injury,Minor/Other Injury,2024,2024,February,Wednesday,14:00 - 15:59,SOUTH WESTERN,EXP,500,East,HENRY LAWSON DRIVE,OP,MILPERRA,6005.0,No,Not a school zone,Dual freeway,-33.943834,150.987882,Canterbury-Bankstown,Sydney metro. area,Syd-Newc-Woll Gtr conurbation,Straight,,,,Unknown / not stated,Sealed,Dry,Fine,Daylight,Nil,No traffic controls,100 km/h,State,30,Rear end,301,Same - Rear end,,Rear end,Station wagon,Car (sedan/hatch),4,0,0,0,1,2,February,Summer,Wednesday,14:00 - 15:59,Midday / afternoon,False,False,True,True
1343575,Injury,Minor/Other Injury,2024,2024,February,Friday,14:00 - 15:59,CUMBERLAND,HWY,10,South,SMITH,ST,WENTWORTHVILLE,13.0,No,Not a school zone,X-intersection,-33.811886,150.965355,Cumberland,Sydney metro. area,Syd-Newc-Woll Gtr conurbation,Straight,,,,Unknown / not stated,Sealed,Dry,Fine,Daylight,On,No traffic controls,70 km/h,State,30,Rear end,301,Same - Rear end,,Rear end,Car (sedan/hatch),4 wheel drive / SUV,2,0,0,0,1,2,February,Summer,Friday,14:00 - 15:59,Midday / afternoon,False,False,True,True
1343579,Injury,Moderate Injury,2024,2024,February,Wednesday,16:00 - 17:59,WARRINGAH,RD,0,Right on the spot,NUMBER 708,HN,FORESTVILLE,328.0,No,Not a school zone,Divided road,-33.762265,151.207034,Northern Beaches,Sydney metro. area,Syd-Newc-Woll Gtr conurbation,Straight,,,,Unknown / not stated,Sealed,Dry,Fine,Daylight,Nil,No traffic controls,70 km/h,State,30,Rear end,301,Same - Rear end,,Rear end,Car (sedan/hatch),Car (sedan/hatch),4,0,0,1,0,2,February,Summer,Wednesday,16:00 - 17:59,PM peak / evening commute,True,False,True,True