crash_id,degree_of_crash,degree_of_crash_-_detailed,reporting_year,year_of_crash,month_of_crash,day_of_week_of_crash,two-hour_intervals,street_of_crash,street_type,distance,direction,identifying_feature,identifying_feature_type,town,route_no.,school_zone_location,school_zone_active,type_of_location,latitude,longitude,lga,urbanisation,conurbation_1,alignment,primary_permanent_feature,primary_temporary_feature,primary_hazardous_feature,street_lighting,road_surface,surface_condition,weather,natural_lighting,signals_operation,other_traffic_control,speed_limit,road_classification_(admin),rum_-_code,rum_-_description,dca_-_code,dca_-_description,dca_supplement,first_impact_type,key_tu_type,other_tu_type,no._of_traffic_units_involved,no._killed,no._seriously_injured,no._moderately_injured,no._minor-other_injured,month_num,month_label,season,day_label,time_label,time_band,is_peak_commute,is_fatal,is_injury,is_casualty
1343580,Injury,Minor/Other Injury,2024,2024,February,Tuesday,18:00 - 19:59,PACIFIC,HWY,0,Right on the spot,NYARA,RD,MOUNT KURING-GAI,10.0,No,Not a school zone,X-intersection,-33.656597,151.134227,Hornsby,Sydney metro. area,Syd-Newc-Woll Gtr conurbation,Straight,,,,Unknown / not stated,Sealed,Dry,Fine,Daylight,On,No traffic controls,80 km/h,State,10,Cross traffic,101,Adj - Cross traffic,,Right angle,Car (sedan/hatch),Station wagon,2,0,0,0,1,2,February,Summer,Tuesday,18:00 - 19:59,PM peak / evening commute,True,False,True,True
1343582,Injury,Moderate Injury,2024,2024,February,Sunday,12:00 - 13:59,WENTWORTH,AVE,50,East,DRANSFIELD,AVE,MASCOT,344.0,No,Not a school zone,Divided road,-33.934956,151.201681,Bayside,Sydney metro. area,Syd-Newc-Woll Gtr conurbation,Curved,,,,Unknown / not stated,Sealed,Dry,Fine,Daylight,Nil,No traffic controls,60 km/h,State,30,Rear end,301,Same - Rear end,,Rear end,Car (sedan/hatch),4 wheel drive / SUV,2,0,0,1,0,2,February,Summer,Sunday,12:00 - 13:59,Midday / afternoon,False,False,True,True
1343584,Injury,Moderate Injury,2024,2024,January,Monday,14:00 - 15:59,SYDNEY,RD,1000,West,HUME HIGHWAY,TO,GOULBURN,676.0,No,Not a school zone,Divided road,-34.742408,149.758735,Goulburn Mulwaree,Country urban,Rest of NSW - Urban,Curved,,,,Unknown / not stated,Sealed,Dry,Fine,Daylight,Nil,No traffic controls,80 km/h,State,87,Off lft/lft bnd=>obj,804,Off left bend into obj,Left,Vehicle - Object,4 wheel drive / SUV,,1,0,0,1,0,1,January,Summer,Monday,14:00 - 15:59,Midday / afternoon,False,False,True,True
1343585,Injury,Minor/Other Injury,2024,2024,February,Tuesday,16:00 - 17:59,CALLALA BAY,RD,0,Right on the spot,SYDNEY,AVE,CALLALA BAY,,No,Not a school zone,X-intersection,-34.992881,150.721719,Shoalhaven,Country urban,Rest of NSW - Urban,Straight,,,,Off,Sealed,Dry,Fine,Daylight,Nil,Stop sign,50 km/h,Local,53,Overtake turning,506,Ovtak - Overtaking right turn,,Other angle,Car (sedan/hatch),Car (sedan/hatch),2,0,0,0,1,2,February,Summer,Tuesday,16:00 - 17:59,PM peak / evening commute,True,False,True,True
1343588,Injury,Minor/Other Injury,2024,2024,February,Thursday,08:00 - 09:59,PACIFIC,HWY,10,North,ANDERSON,PL,BELMONT,10.0,No,Not a school zone,T-junction,-33.041786,151.657204,Lake Macquarie,Newcastle met. area,Syd-Newc-Woll Gtr conurbation,Straight,,,,Unknown / not stated,Sealed,Dry,Fine,Daylight,Nil,No traffic controls,60 km/h,State,40,U turn,207,Opp - U-turn,,Other angle,Light truck utility(from 2018),4 wheel drive / SUV,2,0,0,0,1,2,February,Summer,Thursday,08:00 - 09:59,AM peak / school commute,True,False,True,True
1343598,Injury,Serious Injury,2024,2024,February,Sunday,18:00 - 19:59,GREAT WESTERN,HWY,0,Right on the spot,KINGTON,ST,MINCHINBURY,5.0,No,Not a school zone,T-junction,-33.78741,150.848177,Blacktown,Sydney metro. area,Syd-Newc-Woll Gtr conurbation,Straight,,,,Unknown / not stated,Sealed,Dry,Fine,Darkness,Nil,Stop sign,80 km/h,State,13,Right near,104,Adj - Right-thru from right,,Right angle,4 wheel drive / SUV,4 wheel drive / SUV,2,0,1,0,0,2,February,Summer,Sunday,18:00 - 19:59,PM peak / evening commute,True,False,True,True
1343599,Injury,Moderate Injury,2024,2024,February,Wednesday,10:00 - 11:59,CUMBERLAND,HWY,0,Right on the spot,M2 HILLS,EXP,WEST PENNANT HILLS,13.0,No,Not a school zone,T-junction,-33.758609,151.049114,The Hills,Sydney metro. area,Syd-Newc-Woll Gtr conurbation,Curved,Other bridge,,,Unknown / not stated,Sealed,Dry,Fine,Daylight,On,No traffic controls,70 km/h,State,34,Lane change right,306,Same - Lane change right,,Other angle,Car (sedan/hatch),Car (sedan/hatch),3,0,0,1,0,2,February,Summer,Wednesday,10:00 - 11:59,Midday / afternoon,False,False,True,True
1343602,Injury,Minor/Other Injury,2024,2024,February,Sunday,18:00 - 19:59,PRINCES,HWY,0,Right on the spot,HEATHCOTE,RD,HEATHCOTE,1.0,No,Not a school zone,X-intersection,-34.079504,151.010635,Sutherland,Sydney metro. area,Syd-Newc-Woll Gtr conurbation,Straight,,,,Unknown / not stated,Sealed,Dry,Fine,Daylight,Off,No traffic controls,70 km/h,State,30,Rear end,301,Same - Rear end,,Rear end,4 wheel drive / SUV,Car (sedan/hatch),2,0,0,0,1,2,February,Summer,Sunday,18:00 - 19:59,PM peak / evening commute,True,False,True,True
1343603,Injury,Minor/Other Injury,2024,2024,January,Saturday,14:00 - 15:59,HUME,HWY,0,Right on the spot,REILLY,ST,LIVERPOOL,2.0,No,Not a school zone,X-intersection,-33.934569,150.915777,Liverpool,Sydney metro. area,Syd-Newc-Woll Gtr conurbation,Straight,,,,Nil,Sealed,Dry,Fine,Daylight,Unknown / not stated,No traffic controls,60 km/h,State,30,Rear end,301,Same - Rear end,,Rear end,Car (sedan/hatch),Car (sedan/hatch),2,0,0,0,1,1,January,Summer,Saturday,14:00 - 15:59,Midday / afternoon,False,False,True,True
1343607,Injury,Moderate Injury,2024,2024,February,Tuesday,20:00 - 21:59,MABINS WELL,RD,12000,East,CARRATHOOL,RD,MABINS WELL,,No,Not a school zone,2-way undivided,-35.048613,145.499945,Edward River,Country non-urban,Rest of NSW - Rural,Straight,,,,Unknown / not stated,Unsealed,Dry,Fine,Darkness,Nil,No traffic controls,100 km/h,Local,70,Off road to left,701,Off carriageway to left,,Rollover,Light truck utility(from 2018),,1,0,0,1,0,2,February,Summer,Tuesday,20:00 - 21:59,Evening / night,False,False,True,True
1343610,Injury,Minor/Other Injury,2024,2024,February,Thursday,10:00 - 11:59,TOONGABBIE,RD,0,Right on the spot,NUMBER 114,HN,TOONGABBIE,7256.0,No,Not a school zone,2-way undivided,-33.793044,150.941031,Cumberland,Sydney metro. area,Syd-Newc-Woll Gtr conurbation,Straight,,,,Unknown / not stated,Sealed,Dry,Fine,Daylight,Nil,No traffic controls,60 km/h,Regional,49,Other manoeuvring,400,Manov - other,,Other angle,Unknown motor vehicle,Car (sedan/hatch),2,0,0,0,1,2,February,Summer,Thursday,10:00 - 11:59,Midday / afternoon,False,False,True,True
1343612,Injury,Minor/Other Injury,2024,2024,February,Wednesday,12:00 - 13:59,CAMDEN VALLEY,WAY,0,Right on the spot,CORFIELD,RD,EDMONDSON PARK,620.0,No,Not a school zone,X-intersection,-33.953238,150.856048,Liverpool,Sydney metro. area,Syd-Newc-Woll Gtr conurbation,Straight,,,,Unknown / not stated,Sealed,Dry,Fine,Daylight,On,No traffic controls,70 km/h,State,30,Rear end,301,Same - Rear end,,Rear end,Light truck,4 wheel drive / SUV,2,0,0,0,1,2,February,Summer,Wednesday,12:00 - 13:59,Midday / afternoon,False,False,True,True
1343614,Injury,Moderate Injury,2024,2024,February,Thursday,14:00 - 15:59,ELIZABETH,ST,0,Right on the spot,ALBION,ST,HAYMARKET,7083.0,No,Not a school zone,T-junction,-33.881665,151.208646,Sydney,Sydney metro. area,Syd-Newc-Woll Gtr conurbation,Straight,Bus/transit lane,,,Unknown / not stated,Sealed,Dry,Fine,Daylight,On,No traffic controls,40 km/h,Regional,37,Left turn sideswipe,309,Same - Left turn side swipe,,Other angle,4 wheel drive / SUV,Motorcycle,2,0,0,1,0,2,February,Summer,Thursday,14:00 - 15:59,Midday / afternoon,False,False,True,True
1343615,Injury,Minor/Other Injury,2024,2024,January,Wednesday,14:00 - 15:59,LANE COVE,RD,0,Right on the spot,COXS,RD,NORTH RYDE,162.0,Yes,No,T-junction,-33.793161,151.119708,Ryde,Sydney metro. area,Syd-Newc-Woll Gtr conurbation,Straight,,,,Unknown / not stated,Sealed,Dry,Fine,Daylight,On,No traffic controls,70 km/h,State,30,Rear end,301,Same - Rear end,,Rear end,Light truck,Car (sedan/hatch),2,0,0,0,1,1,January,Summer,Wednesday,14:00 - 15:59,Midday / afternoon,False,False,True,True
1343617,Injury,Minor/Other Injury,2024,2024,January,Saturday,18:00 - 19:59,CANTERBURY,RD,100,East,HALDON,ST,ROSELANDS,167.0,No,Not a school zone,2-way undivided,-33.926751,151.082345,Canterbury-Bankstown,Sydney metro. area,Syd-Newc-Woll Gtr conurbation,Straight,Steep grade,,,Unknown / not stated,Sealed,Dry,Fine,Dusk,Nil,No traffic controls,60 km/h,State,30,Rear end,301,Same - Rear end,,Rear end,Car (sedan/hatch),Car (sedan/hatch),3,0,0,0,1,1,January,Summer,Saturday,18:00 - 19:59,PM peak / evening commute,True,False,True,True
1343618,Injury,Minor/Other Injury,2024,2024,January,Friday,06:00 - 07:59,PERSIC,ST,10,South,PUNCHBOWL,RD,BELFIELD,549.0,No,Not a school zone,T-junction,-33.904429,151.080897,Canterbury-Bankstown,Sydney metro. area,Syd-Newc-Woll Gtr conurbation,Straight,,,,Unknown / not stated,Sealed,Dry,Fine,Daylight,Nil,No traffic controls,60 km/h,State,30,Rear end,301,Same - Rear end,,Rear end,Car (sedan/hatch),Car (sedan/hatch),3,0,0,0,1,1,January,Summer,Friday,06:00 - 07:59,AM peak / school commute,True,False,True,True
1343619,Injury,Moderate Injury,2024,2024,February,Monday,10:00 - 11:59,WESTERN,DSTR,325,East,VICTORIA,RD,ROZELLE,165.0,No,Not a school zone,Divided road,-33.867934,151.179544,Inner West,Sydney metro. area,Syd-Newc-Woll Gtr conurbation,Straight,,,,Unknown / not stated,Sealed,Dry,Fine,Daylight,Nil,No traffic controls,60 km/h,State,30,Rear end,301,Same - Rear end,,Rear end,Car (sedan/hatch),Light truck utility(from 2018),2,0,0,1,0,2,February,Summer,Monday,10:00 - 11:59,Midday / afternoon,False,False,True,True
1343626,Injury,Serious Injury,2024,2024,February,Sunday,12:00 - 13:59,COLVIN,AVE,0,Right on the spot,EDWARD,ST,CARLTON,,No,Not a school zone,X-intersection,-33.975354,151.122521,Georges River,Sydney metro. area,Syd-Newc-Woll Gtr conurbation,Straight,,,,Unknown / not stated,Sealed,Dry,Fine,Daylight,Nil,Stop sign,50 km/h,Local,10,Cross traffic,101,Adj - Cross traffic,,Right angle,Car (sedan/hatch),Car (sedan/hatch),2,0,1,0,0,2,February,Summer,Sunday,12:00 - 13:59,Midday / afternoon,False,False,True,True
1343630,Injury,Minor/Other Injury,2024,2024,January,Wednesday,12:00 - 13:59,FIVE ISLANDS,RD,0,Right on the spot,SOUTHERN,EXP,UNANDERRA,295.0,No,Not a school zone,X-intersection,-34.453711,150.856603,Wollongong,Wollongong met. area,Syd-Newc-Woll Gtr conurbation,Curved,,,,Unknown / not stated,Sealed,Dry,Fine,Daylight,On,No traffic controls,80 km/h,State,31,Left rear,302,Same - Rear left,,Rear end,Car (sedan/hatch),4 wheel drive / SUV,2,0,0,0,1,1,January,Summer,Wednesday,12:00 - 13:59,Midday / afternoon,False,False,True,True
1343633,Injury,Moderate Injury,2024,2024,February,Monday,16:00 - 17:59,VICTORIA,AVE,0,Right on the spot,NUMBER 313,HN,CHATSWOOD,,No,Not a school zone,2-way undivided,-33.794529,151.188815,Willoughby,Sydney metro. area,Syd-Newc-Woll Gtr conurbation,Straight,,,,Unknown / not stated,Sealed,Dry,Fine,Daylight,Nil,No traffic controls,50 km/h,Local,30,Rear end,301,Same - Rear end,,Rear end,Other bus,Car (sedan/hatch),2,0,0,1,0,2,February,Summer,Monday,16:00 - 17:59,PM peak / evening commute,True,False,True,True
1343642,Injury,Moderate Injury,2024,2024,February,Wednesday,06:00 - 07:59,NEWCASTLE,EXP,2000,North,PEATS RIDGE ROAD,OP,SOMERSBY,6003.0,No,Not a school zone,Dual freeway,-33.366577,151.331102,Central Coast,Country non-urban,Syd-Newc-Woll Gtr conurbation,Curved,,,,Unknown / not stated,Sealed,Dry,Fine,Daylight,Nil,No traffic controls,110 km/h,State,30,Rear end,301,Same - Rear end,,Rear end,Car (sedan/hatch),Car (sedan/hatch),5,0,0,1,0,2,February,Summer,Wednesday,06:00 - 07:59,AM peak / school commute,True,False,True,True
1343644,Injury,Minor/Other Injury,2024,2024,February,Wednesday,14:00 - 15:59,KANAHOOKA,RD,100,East,BROWNSVILLE,AVE,BROWNSVILLE,,No,Not a school zone,2-way undivided,-34.486509,150.806825,Wollongong,Wollongong met. area,Syd-Newc-Woll Gtr conurbation,Straight,,,,Unknown / not stated,Sealed,Dry,Fine,Daylight,Nil,No traffic controls,60 km/h,Local,30,Rear end,301,Same - Rear end,,Rear end,4 wheel drive / SUV,Station wagon,3,0,0,0,1,2,February,Summer,Wednesday,14:00 - 15:59,Midday / afternoon,False,False,True,True
1343648,Injury,Moderate Injury,2024,2024,January,Tuesday,16:00 - 17:59,MAMRE,RD,0,Right on the spot,NUMBER 54,HN,ST MARYS,536.0,No,Not a school zone,2-way undivided,-33.775886,150.77251,Penrith,Sydney metro. area,Syd-Newc-Woll Gtr conurbation,Straight,,,,Unknown / not stated,Sealed,Dry,Fine,Unknown,Nil,No traffic controls,60 km/h,State,30,Rear end,301,Same - Rear end,,Rear end,4 wheel drive / SUV,4 wheel drive / SUV,3,0,0,1,0,1,January,Summer,Tuesday,16:00 - 17:59,PM peak / evening commute,True,False,True,True
1343649,Injury,Moderate Injury,2024,2024,February,Tuesday,10:00 - 11:59,EUSTON,RD,0,Right on the spot,HUNTLEY,ST,ALEXANDRIA,528.0,No,Not a school zone,X-intersection,-33.907968,151.190181,Sydney,Sydney metro. area,Syd-Newc-Woll Gtr conurbation,Straight,,,,Off,Sealed,Dry,Fine,Daylight,On,No traffic controls,60 km/h,State,31,Left rear,302,Same - Rear left,,Rear end,Light truck utility(from 2018),Large rigid,2,0,0,2,0,2,February,Summer,Tuesday,10:00 - 11:59,Midday / afternoon,False,False,True,True
1343652,Injury,Minor/Other Injury,2024,2024,February,Thursday,08:00 - 09:59,SHELLHARBOUR,RD,0,Right on the spot,LAKE ENTRANCE,RD,WARILLA,522.0,No,Not a school zone,X-intersection,-34.552422,150.860042,Shellharbour,Wollongong met. area,Syd-Newc-Woll Gtr conurbation,Straight,,,,Unknown / not stated,Sealed,Dry,Fine,Daylight,On,No traffic controls,70 km/h,State,32,Right rear,303,Same - Rear right,,Rear end,Light truck utility(from 2018),Car (sedan/hatch),2,0,0,0,1,2,February,Summer,Thursday,08:00 - 09:59,AM peak / school commute,True,False,True,True
1343653,Injury,Minor/Other Injury,2024,2024,February,Friday,20:00 - 21:59,VICTORIA,RD,0,Right on the spot,HERMITAGE,RD,WEST RYDE,165.0,No,Not a school zone,X-intersection,-33.809274,151.092782,Ryde,Sydney metro. area,Syd-Newc-Woll Gtr conurbation,Straight,,,,Unknown / not stated,Sealed,Dry,Fine,Darkness,On,No traffic controls,60 km/h,State,30,Rear end,301,Same - Rear end,,Rear end,Passenger van,4 wheel drive / SUV,2,0,0,0,1,2,February,Summer,Friday,20:00 - 21:59,Evening / night,False,False,True,True
1343655,Injury,Minor/Other Injury,2024,2024,January,Tuesday,16:00 - 17:59,CLARENCE,ST,0,Right on the spot,MUNSTER,ST,PORT MACQUARIE,,No,Not a school zone,X-intersection,-31.428964,152.91214,Port Macquarie-Hastings,Country urban,Rest of NSW - Urban,Straight,,,,Unknown / not stated,Sealed,Dry,Fine,Daylight,Nil,Give way sign,50 km/h,Local,10,Cross traffic,101,Adj - Cross traffic,,Right angle,Car (sedan/hatch),Light truck utility(from 2018),2,0,0,0,1,1,January,Summer,Tuesday,16:00 - 17:59,PM peak / evening commute,True,False,True,True
1343659,Injury,Minor/Other Injury,2024,2024,January,Wednesday,18:00 - 19:59,SYDNEY HARBOUR TUNNEL,MS,100,North,SYDNEY HARBOUR TUNNEL,ENT,SYDNEY,6092.0,No,Not a school zone,Dual freeway,-33.861014,151.21372,Sydney,Sydney metro. area,Syd-Newc-Woll Gtr conurbation,Straight,Underpass/tunnel,,,Unknown / not stated,Sealed,Dry,Fine,Darkness,Nil,No traffic controls,80 km/h,State,30,Rear end,301,Same - Rear end,,Rear end,4 wheel drive / SUV,4 wheel drive / SUV,2,0,0,0,1,1,January,Summer,Wednesday,18:00 - 19:59,PM peak / evening commute,True,False,True,True
1343661,Injury,Moderate Injury,2024,2024,February,Wednesday,06:00 - 07:59,PRINCES,HWY,600,North,MORT,AVE,DALMENY,1.0,No,Not a school zone,Divided road,-36.165082,150.105284,Eurobodalla,Country non-urban,Rest of NSW - Rural,Curved,,,,Unknown / not stated,Sealed,Dry,Fine,Daylight,Nil,No traffic controls,100 km/h,State,85,Off rt/lft bnd=>obj,804,Off left bend into obj,Right,Vehicle - Object,Car (sedan/hatch),,1,0,0,1,0,2,February,Summer,Wednesday,06:00 - 07:59,AM peak / school commute,True,False,True,True
1343752,Injury,Serious Injury,2024,2024,January,Wednesday,04:00 - 05:59,MACQUARIE,ST,0,Right on the spot,DRUMMOND,ST,SOUTH WINDSOR,154.0,No,Not a school zone,X-intersection,-33.622644,150.803471,Hawkesbury,Country urban,Syd-Newc-Woll Gtr conurbation,Straight,,,,Off,Sealed,Dry,Fine,Dawn,On,No traffic controls,60 km/h,State,21,Right through,202,Opp - Right-thru,,Other angle,Motorcycle,Large rigid,2,0,1,0,0,1,January,Summer,Wednesday,04:00 - 05:59,Late night / early morning,False,False,True,True
1343756,Injury,Serious Injury,2024,2024,January,Wednesday,14:00 - 15:59,SMITHFIELD,RD,0,Right on the spot,MIMOSA,RD,GREENFIELD PARK,7220.0,No,Not a school zone,T-junction,-33.877865,150.893476,Fairfield,Sydney metro. area,Syd-Newc-Woll Gtr conurbation,Straight,,,,Off,Sealed,Dry,Fine,Daylight,On,No traffic controls,60 km/h,Regional,35,Lane change left,307,Same - Lane change left,,Other angle,Car (sedan/hatch),Car (sedan/hatch),2,0,1,1,0,1,January,Summer,Wednesday,14:00 - 15:59,Midday / afternoon,False,False,True,True
1343757,Injury,Serious Injury,2024,2024,January,Thursday,10:00 - 11:59,BEECROFT,RD,200,South,M2 HILLS,EXP,EPPING,139.0,No,Not a school zone,2-way undivided,-33.766245,151.082009,Parramatta,Sydney metro. area,Syd-Newc-Woll Gtr conurbation,Straight,,,,Off,Sealed,Dry,Fine,Daylight,Nil,No traffic controls,60 km/h,State,34,Lane change right,306,Same - Lane change right,,Other angle,Pedal cycle,4 wheel drive / SUV,2,0,1,0,0,1,January,Summer,Thursday,10:00 - 11:59,Midday / afternoon,False,False,True,True
1343759,Injury,Moderate Injury,2024,2024,January,Monday,20:00 - 21:59,PRINCES,HWY,10,North,HATTERSLEY,ST,ARNCLIFFE,1.0,No,Not a school zone,X-intersection,-33.941999,151.144545,Bayside,Sydney metro. area,Syd-Newc-Woll Gtr conurbation,Straight,,,,On,Sealed,Dry,Fine,Darkness,Nil,No traffic controls,60 km/h,State,30,Rear end,301,Same - Rear end,,Rear end,Car (sedan/hatch),4 wheel drive / SUV,2,0,0,1,1,1,January,Summer,Monday,20:00 - 21:59,Evening / night,False,False,True,True
1343762,Injury,Serious Injury,2024,2024,January,Tuesday,12:00 - 13:59,OAKES,RD,0,Right on the spot,NUMBER 174,HN,GRIFFITH,,No,Not a school zone,2-way undivided,-34.300275,146.06703,Griffith,Country urban,Rest of NSW - Urban,Straight,Foot/cycle path/nature strip,,,Nil,Sealed,Dry,Fine,Daylight,Nil,No traffic controls,80 km/h,Local,48,From footpath,408,Manov - From footway,,Other angle,Self prop plant,Light truck utility(from 2018),2,0,1,0,0,1,January,Summer,Tuesday,12:00 - 13:59,Midday / afternoon,False,False,True,True
1343765,Injury,Serious Injury,2024,2024,January,Saturday,14:00 - 15:59,TATHAM ELLANGOWAN,RD,1000,South,MOTHERSOLES,RD,ELLANGOWAN,,No,Not a school zone,2-way undivided,-28.987554,153.113484,Richmond Valley,Country non-urban,Rest of NSW - Rural,Straight,Driveway/entrance,,,Nil,Unsealed,Dry,Fine,Daylight,Nil,No traffic controls,100 km/h,Local,49,Other manoeuvring,400,Manov - other,,Other angle,Station wagon,,1,0,1,1,0,1,January,Summer,Saturday,14:00 - 15:59,Midday / afternoon,False,False,True,True
1343767,Injury,Minor/Other Injury,2024,2024,January,Sunday,12:00 - 13:59,THE SNOWY RIVER,WAY,600,East,MAFFRA,RD,MAFFRA,394.0,No,Not a school zone,2-way undivided,-36.536114,148.980909,Snowy Monaro Regional,Country non-urban,Rest of NSW - Rural,Curved,,,,Nil,Sealed,Dry,Fine,Daylight,Nil,No traffic controls,100 km/h,Regional,81,Off left/rt bnd=>obj,803,Off right bend into obj,Left,Vehicle - Object,Motorcycle,,1,0,0,0,1,1,January,Summer,Sunday,12:00 - 13:59,Midday / afternoon,False,False,True,True
1343769,Injury,Moderate Injury,2024,2024,January,Saturday,22:00 - Midnight,BUCKAJO,RD,13800,West,PRINCES,HWY,BUCKAJO,,No,Not a school zone,2-way undivided,-36.707279,149.730366,Bega Valley,Country non-urban,Rest of NSW - Rural,Curved,Embankment/cutting,,,Nil,Unsealed,Dry,Fine,Darkness,Nil,No traffic controls,100 km/h,Local,80,Off left/right bend,801,Off cway right bend,Left,Rollover,Light truck utility(from 2018),,1,0,0,1,0,1,January,Summer,Saturday,22:00 - Midnight,Evening / night,False,False,True,True
1343771,Injury,Serious Injury,2024,2024,January,Friday,20:00 - 21:59,NORTH BANK,RD,0,Right on the spot,NUMBER 79,HN,YARRANBELLA,,No,Not a school zone,2-way undivided,-30.733743,152.77135,Nambucca Valley,Country non-urban,Rest of NSW - Rural,Curved,Embankment/cutting,,,Nil,Unknown,Unknown,Unknown,Darkness,Nil,No traffic controls,100 km/h,Local,83,Off rt/rt bnd=>obj,803,Off right bend into obj,Right,Vehicle - Object,Motorcycle,,1,0,1,0,0,1,January,Summer,Friday,20:00 - 21:59,Evening / night,False,False,True,True
1343773,Injury,Serious Injury,2024,2024,January,Saturday,10:00 - 11:59,CUMBERDOON,WAY,600,North,BOWRA,LANE,CARINDA,333.0,No,Not a school zone,2-way undivided,-30.398106,147.763476,Walgett,Country non-urban,Rest of NSW - Rural,Straight,Ditch/drain/culvert,,,Nil,Sealed,Dry,Fine,Daylight,Nil,No traffic controls,100 km/h,Regional,73,Off rd rght => obj,704,Right off cway into obj,,Vehicle - Object,Car (sedan/hatch),,1,0,1,0,0,1,January,Summer,Saturday,10:00 - 11:59,Midday / afternoon,False,False,True,True
1343775,Injury,Moderate Injury,2024,2024,January,Thursday,10:00 - 11:59,GARDENERS,RD,0,Right on the spot,SUTHERLAND,ST,ROSEBERY,183.0,No,Not a school zone,T-junction,-33.922199,151.201691,Bayside,Sydney metro. area,Syd-Newc-Woll Gtr conurbation,Straight,,,,Nil,Sealed,Dry,Fine,Daylight,Nil,No traffic controls,60 km/h,State,21,Right through,202,Opp - Right-thru,,Other angle,Car (sedan/hatch),Motor scooter,2,0,0,1,0,1,January,Summer,Thursday,10:00 - 11:59,Midday / afternoon,False,False,True,True
1343778,Injury,Minor/Other Injury,2024,2024,January,Sunday,12:00 - 13:59,DORA,ST,0,Right on the spot,MACMAHON,ST,HURSTVILLE,,No,Not a school zone,X-intersection,-33.965428,151.101736,Georges River,Sydney metro. area,Syd-Newc-Woll Gtr conurbation,Straight,,,,Off,Sealed,Wet,Raining,Daylight,Nil,Ped crossing,50 km/h,Local,0,Ped nearside,1,Ped - Near side,,Vehicle - Pedestrian,Unknown motor vehicle,Pedestrian,2,0,0,0,1,1,January,Summer,Sunday,12:00 - 13:59,Midday / afternoon,False,False,True,True
1343781,Injury,Serious Injury,2024,2024,January,Friday,12:00 - 13:59,CAMPBELL,ST,0,Right on the spot,EVANS,ST,MORUYA,,Yes,No,X-intersection,-35.911478,150.075531,Eurobodalla,Country urban,Rest of NSW - Urban,Straight,Steep grade,,,Nil,Sealed,Dry,Fine,Daylight,Nil,Give way sign,50 km/h,Local,10,Cross traffic,101,Adj - Cross traffic,,Right angle,4 wheel drive / SUV,Station wagon,2,0,1,1,0,1,January,Summer,Friday,12:00 - 13:59,Midday / afternoon,False,False,True,True
1343782,Injury,Serious Injury,2024,2024,January,Thursday,18:00 - 19:59,WINE COUNTRY,DR,1000,South,BROKE,RD,POKOLBIN,220.0,No,Not a school zone,2-way undivided,-32.783177,151.345661,Cessnock,Country urban,Rest of NSW - Urban,Straight,,,,Nil,Sealed,Dry,Fine,Daylight,Nil,No traffic controls,80 km/h,State,71,Off rd left => obj,703,Left off cway into object,,Vehicle - Object,Car (sedan/hatch),,1,0,1,0,0,1,January,Summer,Thursday,18:00 - 19:59,PM peak / evening commute,True,False,True,True
1343787,Injury,Moderate Injury,2024,2024,January,Friday,18:00 - 19:59,PALMER,ST,0,Right on the spot,CATHEDRAL,ST,WOOLLOOMOOLOO,682.0,No,Not a school zone,X-intersection,-33.87252,151.217605,Sydney,Sydney metro. area,Syd-Newc-Woll Gtr conurbation,Straight,,,,Off,Sealed,Dry,Fine,Daylight,On,No right turn,40 km/h,State,21,Right through,202,Opp - Right-thru,,Other angle,Station wagon,Car (sedan/hatch),2,0,0,1,0,1,January,Summer,Friday,18:00 - 19:59,PM peak / evening commute,True,False,True,True
1343792,Injury,Serious Injury,2024,2024,January,Saturday,00:01 - 01:59,BENDETHERA CAMP,TRL,3000,North,DAMPIER MOUNTAIN,TRL,DEUA,,No,Not a school zone,2-way undivided,-35.951416,149.746611,Eurobodalla,Country urban,Rest of NSW - Urban,Curved,Embankment/cutting,,,Nil,Unsealed,Dry,Fine,Darkness,Nil,No traffic controls,50 km/h,Local,87,Off lft/lft bnd=>obj,804,Off left bend into obj,Left,Vehicle - Object,4 wheel drive / SUV,,1,0,1,0,0,1,January,Summer,Saturday,00:01 - 01:59,Late night / early morning,False,False,True,True
1343793,Injury,Serious Injury,2024,2024,January,Saturday,10:00 - 11:59,RAMSGATE,RD,0,Right on the spot,CAMPBELL,ST,RAMSGATE,624.0,No,Not a school zone,X-intersection,-33.984344,151.137481,Bayside,Sydney metro. area,Syd-Newc-Woll Gtr conurbation,Straight,,,,On,Sealed,Dry,Overcast,Daylight,Nil,Give way sign,60 km/h,Regional,11,Right far,102,Adj - Right-thru from left,,Right angle,Motorcycle,Car (sedan/hatch),2,0,1,0,0,1,January,Summer,Saturday,10:00 - 11:59,Midday / afternoon,False,False,True,True
1343796,Injury,Serious Injury,2024,2024,January,Sunday,08:00 - 09:59,CUMBERLAND,HWY,0,Right on the spot,DARCY,RD,WENTWORTHVILLE,13.0,No,Not a school zone,X-intersection,-33.802838,150.971052,Parramatta,Sydney metro. area,Syd-Newc-Woll Gtr conurbation,Straight,,,,On,Sealed,Wet,Other,Daylight,On,No traffic controls,70 km/h,State,13,Right near,104,Adj - Right-thru from right,,Right angle,4 wheel drive / SUV,Light truck utility(from 2018),2,0,2,0,0,1,January,Summer,Sunday,08:00 - 09:59,AM peak / school commute,True,False,True,True
1343798,Injury,Minor/Other Injury,2024,2024,January,Tuesday,18:00 - 19:59,GREYSTANES,RD,0,Right on the spot,MAVIS,ST,GREYSTANES,646.0,No,Not a school zone,T-junction,-33.823388,150.932688,Cumberland,Sydney metro. area,Syd-Newc-Woll Gtr conurbation,Straight,,,,Nil,Sealed,Dry,Fine,Daylight,Nil,Give way sign,60 km/h,State,21,Right through,202,Opp - Right-thru,,Other angle,Light truck utility(from 2018),Car (sedan/hatch),2,0,0,0,1,1,January,Summer,Tuesday,18:00 - 19:59,PM peak / evening commute,True,False,True,True