crash_id,degree_of_crash,degree_of_crash_-_detailed,reporting_year,year_of_crash,month_of_crash,day_of_week_of_crash,two-hour_intervals,street_of_crash,street_type,distance,direction,identifying_feature,identifying_feature_type,town,route_no.,school_zone_location,school_zone_active,type_of_location,latitude,longitude,lga,urbanisation,conurbation_1,alignment,primary_permanent_feature,primary_temporary_feature,primary_hazardous_feature,street_lighting,road_surface,surface_condition,weather,natural_lighting,signals_operation,other_traffic_control,speed_limit,road_classification_(admin),rum_-_code,rum_-_description,dca_-_code,dca_-_description,dca_supplement,first_impact_type,key_tu_type,other_tu_type,no._of_traffic_units_involved,no._killed,no._seriously_injured,no._moderately_injured,no._minor-other_injured,month_num,month_label,season,day_label,time_label,time_band,is_peak_commute,is_fatal,is_injury,is_casualty
1343802,Injury,Serious Injury,2024,2024,January,Tuesday,08:00 - 09:59,PALMYRA,AVE,0,Right on the spot,FORRESTER,RD,LETHBRIDGE PARK,7164.0,No,Not a school zone,T-junction,-33.732582,150.797335,Blacktown,Sydney metro. area,Syd-Newc-Woll Gtr conurbation,Straight,,,,Off,Sealed,Wet,Raining,Daylight,On,No traffic controls,60 km/h,Regional,81,Off left/rt bnd=>obj,707,Right turn,Left,Vehicle - Object,Car (sedan/hatch),,1,0,1,0,0,1,January,Summer,Tuesday,08:00 - 09:59,AM peak / school commute,True,False,True,True
1343803,Injury,Minor/Other Injury,2024,2024,January,Wednesday,14:00 - 15:59,SOUTH,TCE,0,Right on the spot,WEST,TCE,BANKSTOWN,,No,Not a school zone,T-junction,-33.917942,151.037122,Canterbury-Bankstown,Sydney metro. area,Syd-Newc-Woll Gtr conurbation,Curved,,,,Off,Sealed,Dry,Fine,Daylight,Nil,Ped crossing,40 km/h,Local,2,Ped far side,3,Ped - Far side,,Vehicle - Pedestrian,Unknown motor vehicle,Pedestrian,2,0,0,0,1,1,January,Summer,Wednesday,14:00 - 15:59,Midday / afternoon,False,False,True,True
1343806,Injury,Moderate Injury,2024,2024,February,Monday,16:00 - 17:59,BATLOW,RD,100,North,WONDALGA,RD,WONDALGA,85.0,No,Not a school zone,2-way undivided,-35.407807,148.121795,Snowy Valleys,Country non-urban,Rest of NSW - Rural,Curved,Embankment/cutting,,Flooded/submerged,Nil,Sealed,Wet,Raining,Daylight,Nil,No traffic controls,100 km/h,State,80,Off left/right bend,801,Off cway right bend,Left,Rollover,Station wagon,,1,0,0,1,0,2,February,Summer,Monday,16:00 - 17:59,PM peak / evening commute,True,False,True,True
1343808,Injury,Moderate Injury,2024,2024,February,Sunday,12:00 - 13:59,PRINCES,HWY,0,Right on the spot,CAMPBELL,ST,MORUYA,1.0,No,Not a school zone,Roundabout,-35.912097,150.080287,Eurobodalla,Country urban,Rest of NSW - Urban,Straight,,,,Off,Sealed,Dry,Fine,Daylight,Nil,Give way sign,50 km/h,State,10,Cross traffic,101,Adj - Cross traffic,,Right angle,Car (sedan/hatch),Light truck utility(from 2018),2,0,0,1,0,2,February,Summer,Sunday,12:00 - 13:59,Midday / afternoon,False,False,True,True
1343815,Injury,Serious Injury,2024,2024,February,Thursday,18:00 - 19:59,WATERLOO,RD,0,Right on the spot,RAWSON,RD,GREENACRE,7118.0,No,Not a school zone,X-intersection,-33.902835,151.057923,Canterbury-Bankstown,Sydney metro. area,Syd-Newc-Woll Gtr conurbation,Straight,,,,On,Sealed,Dry,Fine,Daylight,On,No traffic controls,60 km/h,Regional,81,Off left/rt bnd=>obj,707,Right turn,Left,Vehicle - Object,Car (sedan/hatch),,1,0,1,0,0,2,February,Summer,Thursday,18:00 - 19:59,PM peak / evening commute,True,False,True,True
1343818,Injury,Moderate Injury,2024,2024,February,Friday,00:01 - 01:59,WARRAWONG,ST,100,North,LORD BADEN POWELL,DR,KOORINGAL,,No,Not a school zone,2-way undivided,-35.134132,147.37537,Wagga Wagga,Country urban,Rest of NSW - Urban,Straight,Steep grade,,,Nil,Sealed,Wet,Fine,Darkness,Nil,No traffic controls,50 km/h,Local,73,Off rd rght => obj,704,Right off cway into obj,,Other angle,4 wheel drive / SUV,Large rigid,2,0,0,1,0,2,February,Summer,Friday,00:01 - 01:59,Late night / early morning,False,False,True,True
1343819,Injury,Serious Injury,2024,2024,February,Tuesday,14:00 - 15:59,OLYMPIC,DR,0,Right on the spot,KERRS,RD,LIDCOMBE,190.0,No,Not a school zone,T-junction,-33.866405,151.041334,Cumberland,Sydney metro. area,Syd-Newc-Woll Gtr conurbation,Straight,,,,Off,Sealed,Dry,Fine,Daylight,On,No right turn,70 km/h,State,71,Off rd left => obj,703,Left off cway into object,,Vehicle - Object,4 wheel drive / SUV,,1,0,1,0,0,2,February,Summer,Tuesday,14:00 - 15:59,Midday / afternoon,False,False,True,True
1343826,Injury,Moderate Injury,2024,2024,January,Sunday,22:00 - Midnight,COVE,BVD,0,Right on the spot,HARBOUR,BVD,SHELL COVE,,No,Not a school zone,Roundabout,-34.588335,150.864909,Shellharbour,Wollongong met. area,Syd-Newc-Woll Gtr conurbation,Straight,,,,On,Sealed,Dry,Fine,Darkness,Nil,Give way sign,50 km/h,Local,46,Reversing into obj,405,Manov - Reverse into fixed obj,,Vehicle - Object,Utility,,1,0,0,1,0,1,January,Summer,Sunday,22:00 - Midnight,Evening / night,False,False,True,True
1343833,Injury,Moderate Injury,2024,2024,February,Thursday,08:00 - 09:59,MINJUNGBAL,DR,40,North,MACHINERY,DR,TWEED HEADS SOUTH,7733.0,No,Not a school zone,Divided road,-28.20242,153.544139,Tweed,Country urban,Rest of NSW - Urban,Straight,,,,Off,Sealed,Wet,Overcast,Daylight,Nil,No traffic controls,60 km/h,Regional,20,Head on,201,Opp - Head on,,Head-on,Pedal cycle,Light truck utility(from 2018),2,0,0,1,0,2,February,Summer,Thursday,08:00 - 09:59,AM peak / school commute,True,False,True,True
1343836,Injury,Moderate Injury,2024,2024,January,Wednesday,14:00 - 15:59,THE WOOL,RD,0,Right on the spot,NAVAL COLLEGE,RD,VINCENTIA,7631.0,No,Not a school zone,Roundabout,-35.078348,150.657882,Shoalhaven,Country urban,Rest of NSW - Urban,Straight,,,,Off,Sealed,Wet,Overcast,Daylight,Nil,Give way sign,60 km/h,Regional,73,Off rd rght => obj,704,Right off cway into obj,,Vehicle - Object,Car (sedan/hatch),,1,0,0,1,0,1,January,Summer,Wednesday,14:00 - 15:59,Midday / afternoon,False,False,True,True
1343840,Injury,Serious Injury,2024,2024,February,Monday,14:00 - 15:59,JINDALEE,ST,60,South,BRIGHTON,AVE,TORONTO,,No,Not a school zone,2-way undivided,-33.014127,151.58789,Lake Macquarie,Newcastle met. area,Syd-Newc-Woll Gtr conurbation,Straight,Steep grade,,,Unknown / not stated,Sealed,Unknown,Unknown,Daylight,Nil,No traffic controls,50 km/h,Local,1,Ped emerging,2,Ped - emerging,,Vehicle - Pedestrian,Light truck utility(from 2018),Pedestrian,2,0,1,0,0,2,February,Summer,Monday,14:00 - 15:59,Midday / afternoon,False,False,True,True
1343842,Injury,Moderate Injury,2024,2024,January,Friday,14:00 - 15:59,RESTWELL,RD,0,Right on the spot,MIMOSA,RD,BOSSLEY PARK,7222.0,Yes,No,Roundabout,-33.860485,150.890902,Fairfield,Sydney metro. area,Syd-Newc-Woll Gtr conurbation,Straight,,,,Off,Sealed,Dry,Fine,Daylight,Nil,Give way sign,50 km/h,Regional,10,Cross traffic,101,Adj - Cross traffic,,Right angle,4 wheel drive / SUV,4 wheel drive / SUV,2,0,0,1,1,1,January,Summer,Friday,14:00 - 15:59,Midday / afternoon,False,False,True,True
1343849,Injury,Serious Injury,2024,2024,January,Thursday,16:00 - 17:59,HENRY LAWSON,DR,0,Right on the spot,FLINDERS,RD,GEORGES HALL,508.0,No,Not a school zone,T-junction,-33.907018,150.982049,Canterbury-Bankstown,Sydney metro. area,Syd-Newc-Woll Gtr conurbation,Curved,,,,Nil,Sealed,Dry,Fine,Daylight,Nil,No traffic controls,60 km/h,State,21,Right through,202,Opp - Right-thru,,Other angle,Car (sedan/hatch),Motorcycle,2,0,1,0,0,1,January,Summer,Thursday,16:00 - 17:59,PM peak / evening commute,True,False,True,True
1343850,Injury,Moderate Injury,2024,2024,February,Friday,20:00 - 21:59,MORWICK,ST,0,Right on the spot,WENTWORTH,RD,STRATHFIELD,2027.0,No,Not a school zone,X-intersection,-33.875226,151.097691,Burwood,Sydney metro. area,Syd-Newc-Woll Gtr conurbation,Straight,Crest,,,On,Sealed,Dry,Fine,Dusk,On,No traffic controls,50 km/h,Regional,0,Ped nearside,1,Ped - Near side,,Vehicle - Pedestrian,Unknown motor vehicle,Pedestrian,2,0,0,1,0,2,February,Summer,Friday,20:00 - 21:59,Evening / night,False,False,True,True
1343852,Injury,Moderate Injury,2024,2024,January,Tuesday,16:00 - 17:59,WILLIAM,ST,20,West,ARCHER,ST,ROSEVILLE,,No,Not a school zone,2-way undivided,-33.788536,151.181939,Willoughby,Sydney metro. area,Syd-Newc-Woll Gtr conurbation,Straight,,,,Nil,Sealed,Dry,Fine,Daylight,Nil,No traffic controls,50 km/h,Local,71,Off rd left => obj,703,Left off cway into object,,Other angle,4 wheel drive / SUV,Car (sedan/hatch),2,0,0,1,0,1,January,Summer,Tuesday,16:00 - 17:59,PM peak / evening commute,True,False,True,True
1343853,Injury,Minor/Other Injury,2024,2024,January,Monday,18:00 - 19:59,CENTENARY,RD,0,Right on the spot,DOUGLAS,ST,SOUTH WENTWORTHVILLE,7251.0,No,Not a school zone,T-junction,-33.827773,150.969462,Cumberland,Sydney metro. area,Syd-Newc-Woll Gtr conurbation,Straight,,,,Nil,Sealed,Dry,Fine,Daylight,On,No traffic controls,60 km/h,Regional,11,Right far,102,Adj - Right-thru from left,,Right angle,Car (sedan/hatch),4 wheel drive / SUV,2,0,0,0,1,1,January,Summer,Monday,18:00 - 19:59,PM peak / evening commute,True,False,True,True
1343854,Injury,Moderate Injury,2024,2024,January,Wednesday,16:00 - 17:59,KISSING POINT,RD,100,East,STURT,ST,DUNDAS,574.0,No,Not a school zone,Divided road,-33.798686,151.047534,Parramatta,Sydney metro. area,Syd-Newc-Woll Gtr conurbation,Straight,,,,On,Sealed,Dry,Fine,Daylight,Nil,No traffic controls,70 km/h,State,35,Lane change left,307,Same - Lane change left,,Other angle,Semi-trailer,Car (sedan/hatch),2,0,0,1,0,1,January,Summer,Wednesday,16:00 - 17:59,PM peak / evening commute,True,False,True,True
1343857,Injury,Moderate Injury,2024,2024,January,Monday,20:00 - 21:59,WOODVILLE,RD,110,North,HUME,HWY,VILLAWOOD,640.0,No,Not a school zone,Divided road,-33.888667,150.973814,Canterbury-Bankstown,Sydney metro. area,Syd-Newc-Woll Gtr conurbation,Straight,,,,On,Sealed,Dry,Fine,Darkness,Nil,No traffic controls,60 km/h,State,71,Off rd left => obj,703,Left off cway into object,,Vehicle - Object,4 wheel drive / SUV,,1,0,0,1,0,1,January,Summer,Monday,20:00 - 21:59,Evening / night,False,False,True,True
1343874,Injury,Moderate Injury,2024,2024,February,Sunday,14:00 - 15:59,PURCELL,CRES,20,East,FREEMAN,ST,LALOR PARK,,No,Not a school zone,2-way undivided,-33.76698,150.931213,Blacktown,Sydney metro. area,Syd-Newc-Woll Gtr conurbation,Curved,,,,Nil,Sealed,Dry,Fine,Daylight,Nil,No traffic controls,50 km/h,Local,20,Head on,201,Opp - Head on,,Head-on,Light truck utility(from 2018),Car (sedan/hatch),2,0,0,1,0,2,February,Summer,Sunday,14:00 - 15:59,Midday / afternoon,False,False,True,True
1343881,Injury,Serious Injury,2024,2024,January,Sunday,16:00 - 17:59,KERRIKI FOREST,RD,4900,East,KERRIKI,RD,DINGO FOREST,,No,Not a school zone,2-way undivided,-31.663191,152.123295,Mid-Coast,Country non-urban,Rest of NSW - Rural,Curved,Steep grade,,Potholes/corrugations/rough,Nil,Unsealed,Snow or ice,Fine,Daylight,Nil,No traffic controls,100 km/h,Local,88,Out of cont on bend,805,Out of control on bend,,Rollover,Motorcycle,,1,0,1,0,0,1,January,Summer,Sunday,16:00 - 17:59,PM peak / evening commute,True,False,True,True
1343884,Injury,Minor/Other Injury,2024,2024,February,Thursday,08:00 - 09:59,GARDENERS,RD,0,Right on the spot,DOUGHERTY,ST,ROSEBERY,183.0,No,Not a school zone,T-junction,-33.922586,151.204581,Bayside,Sydney metro. area,Syd-Newc-Woll Gtr conurbation,Straight,,,,Off,Sealed,Dry,Fine,Daylight,Nil,No traffic controls,60 km/h,State,0,Ped nearside,1,Ped - Near side,,Vehicle - Pedestrian,Car (sedan/hatch),Pedestrian,2,0,0,0,1,2,February,Summer,Thursday,08:00 - 09:59,AM peak / school commute,True,False,True,True
1343886,Injury,Serious Injury,2024,2024,January,Wednesday,10:00 - 11:59,M2 HILLS,EXP,275,East,DELHI ROAD,TO,MACQUARIE PARK,6002.0,No,Not a school zone,Other,-33.790588,151.135473,Ryde,Sydney metro. area,Syd-Newc-Woll Gtr conurbation,Curved,Steep grade,,,Off,Sealed,Dry,Fine,Daylight,Nil,No traffic controls,100 km/h,State,81,Off left/rt bnd=>obj,803,Off right bend into obj,Left,Vehicle - Object,Car (sedan/hatch),,2,0,1,0,0,1,January,Summer,Wednesday,10:00 - 11:59,Midday / afternoon,False,False,True,True
1343891,Injury,Serious Injury,2024,2024,February,Monday,10:00 - 11:59,WONDALGA,RD,2120,South,SCOTTYS HUT,RD,WONDALGA,,No,Not a school zone,2-way undivided,-35.438423,148.079604,Snowy Valleys,Country non-urban,Rest of NSW - Rural,Curved,Embankment/cutting,,,Nil,Sealed,Wet,Raining,Daylight,Nil,No traffic controls,100 km/h,Local,80,Off left/right bend,801,Off cway right bend,Left,Rollover,4 wheel drive / SUV,,1,0,1,0,0,2,February,Summer,Monday,10:00 - 11:59,Midday / afternoon,False,False,True,True
1343892,Injury,Moderate Injury,2024,2024,January,Friday,12:00 - 13:59,BARGO RIVER,RD,230,West,HUME,HWY,TAHMOOR,,No,Not a school zone,2-way undivided,-34.234271,150.57937,Wollondilly,Country urban,Syd-Newc-Woll Gtr conurbation,Curved,Other bridge,,,Nil,Sealed,Wet,Overcast,Daylight,Nil,No traffic controls,60 km/h,Local,81,Off left/rt bnd=>obj,803,Off right bend into obj,Left,Vehicle - Object,Motorcycle,,1,0,0,1,0,1,January,Summer,Friday,12:00 - 13:59,Midday / afternoon,False,False,True,True
1343893,Injury,Moderate Injury,2024,2024,February,Wednesday,20:00 - 21:59,MULGOA,RD,100,North,BLAIKIE,RD,JAMISONTOWN,155.0,No,Not a school zone,Divided road,-33.768496,150.677263,Penrith,Sydney metro. area,Syd-Newc-Woll Gtr conurbation,Straight,,,,On,Sealed,Dry,Fine,Darkness,Nil,No traffic controls,60 km/h,State,73,Off rd rght => obj,704,Right off cway into obj,,Vehicle - Object,4 wheel drive / SUV,,1,0,0,1,0,2,February,Summer,Wednesday,20:00 - 21:59,Evening / night,False,False,True,True
1343897,Injury,Moderate Injury,2024,2024,February,Saturday,10:00 - 11:59,GOONENGERRY,RD,1880,North,MILL,RD,GOONENGERRY,,No,Not a school zone,2-way undivided,-28.595588,153.440886,Byron,Country non-urban,Rest of NSW - Rural,Curved,Steep grade,,,Nil,Sealed,Wet,Raining,Daylight,Nil,No traffic controls,100 km/h,Local,20,Head on,201,Opp - Head on,,Head-on,Car (sedan/hatch),Car (sedan/hatch),2,0,0,1,0,2,February,Summer,Saturday,10:00 - 11:59,Midday / afternoon,False,False,True,True
1343898,Injury,Serious Injury,2024,2024,January,Thursday,12:00 - 13:59,COURTLEY,AVE,0,Right on the spot,NUMBER 4,HN,KELLYVILLE RIDGE,,No,Not a school zone,2-way undivided,-33.703484,150.91568,Blacktown,Sydney metro. area,Syd-Newc-Woll Gtr conurbation,Curved,,,,Off,Sealed,Dry,Fine,Daylight,Nil,No traffic controls,50 km/h,Local,81,Off left/rt bnd=>obj,803,Off right bend into obj,Left,Other angle,Car (sedan/hatch),Car (sedan/hatch),2,0,1,1,0,1,January,Summer,Thursday,12:00 - 13:59,Midday / afternoon,False,False,True,True
1343901,Injury,Moderate Injury,2024,2024,February,Saturday,20:00 - 21:59,BOURKE,ST,0,Right on the spot,KEMBLA,ST,NORTH WOLLONGONG,581.0,No,Not a school zone,X-intersection,-34.414921,150.899563,Wollongong,Wollongong met. area,Syd-Newc-Woll Gtr conurbation,Straight,,,,On,Sealed,Dry,Fine,Darkness,On,No traffic controls,60 km/h,State,21,Right through,202,Opp - Right-thru,,Other angle,Car (sedan/hatch),Car (sedan/hatch),2,0,0,1,0,2,February,Summer,Saturday,20:00 - 21:59,Evening / night,False,False,True,True
1343906,Injury,Minor/Other Injury,2024,2024,January,Friday,14:00 - 15:59,OXFORD,ST,0,Right on the spot,DARLINGHURST,RD,DARLINGHURST,172.0,No,Not a school zone,T-junction,-33.881203,151.218066,Sydney,Sydney metro. area,Syd-Newc-Woll Gtr conurbation,Straight,,Police pursuit,,Off,Sealed,Dry,Fine,Daylight,On,No traffic controls,50 km/h,State,30,Rear end,301,Same - Rear end,,Rear end,4 wheel drive / SUV,4 wheel drive / SUV,3,0,0,0,1,1,January,Summer,Friday,14:00 - 15:59,Midday / afternoon,False,False,True,True
1343913,Injury,Moderate Injury,2024,2024,January,Friday,18:00 - 19:59,BURDEKIN,RD,640,South,GRONO FARM,RD,WILBERFORCE,,No,Not a school zone,2-way undivided,-33.556982,150.863078,Hawkesbury,Country urban,Syd-Newc-Woll Gtr conurbation,Curved,,,,Nil,Sealed,Dry,Fine,Daylight,Nil,No traffic controls,70 km/h,Local,85,Off rt/lft bnd=>obj,804,Off left bend into obj,Right,Vehicle - Object,4 wheel drive / SUV,,1,0,0,1,0,1,January,Summer,Friday,18:00 - 19:59,PM peak / evening commute,True,False,True,True
1343916,Injury,Moderate Injury,2024,2024,January,Monday,16:00 - 17:59,GREAT WESTERN,HWY,0,Right on the spot,PHILIP,ST,CONCORD,5.0,No,Not a school zone,T-junction,-33.86787,151.098409,Canada Bay,Sydney metro. area,Syd-Newc-Woll Gtr conurbation,Straight,,,,On,Sealed,Dry,Fine,Daylight,Nil,No traffic controls,60 km/h,State,33,Lane sideswipe,305,Same - Lane side swipe,,Other angle,Unknown motor vehicle,Motorcycle,2,0,0,1,0,1,January,Summer,Monday,16:00 - 17:59,PM peak / evening commute,True,False,True,True
1343917,Injury,Moderate Injury,2024,2024,February,Monday,14:00 - 15:59,ARTHUR,ST,200,East,PACIFIC,HWY,COFFS HARBOUR,7745.0,No,Not a school zone,2-way undivided,-30.281123,153.133113,Coffs Harbour,Country urban,Rest of NSW - Urban,Curved,Foot/cycle path/nature strip,,,Off,Sealed,Dry,Fine,Daylight,Nil,No traffic controls,60 km/h,Regional,48,From footpath,408,Manov - From footway,,Other angle,Pedal cycle,4 wheel drive / SUV,2,0,0,1,0,2,February,Summer,Monday,14:00 - 15:59,Midday / afternoon,False,False,True,True
1343923,Injury,Moderate Injury,2024,2024,January,Tuesday,16:00 - 17:59,NARELLAN,RD,0,Right on the spot,WATERWORTH,DR,MOUNT ANNAN,178.0,No,Not a school zone,X-intersection,-34.048065,150.761704,Camden,Sydney metro. area,Syd-Newc-Woll Gtr conurbation,Straight,,,,Off,Sealed,Dry,Fine,Daylight,On,No traffic controls,80 km/h,State,30,Rear end,301,Same - Rear end,,Rear end,4 wheel drive / SUV,4 wheel drive / SUV,2,0,0,1,0,1,January,Summer,Tuesday,16:00 - 17:59,PM peak / evening commute,True,False,True,True
1343932,Injury,Moderate Injury,2024,2024,February,Sunday,14:00 - 15:59,RAWSON,ST,10,West,MACQUARIE ROAD,TO,AUBURN,2069.0,No,Not a school zone,2-way undivided,-33.8484,151.032268,Cumberland,Sydney metro. area,Syd-Newc-Woll Gtr conurbation,Straight,,,,Nil,Sealed,Dry,Fine,Daylight,Nil,No traffic controls,50 km/h,Regional,71,Off rd left => obj,703,Left off cway into object,,Vehicle - Object,Car (sedan/hatch),,1,0,0,1,0,2,February,Summer,Sunday,14:00 - 15:59,Midday / afternoon,False,False,True,True
1343935,Injury,Serious Injury,2024,2024,February,Saturday,16:00 - 17:59,RAYMOND TERRACE,RD,200,East,METFORD,RD,EAST MAITLAND,104.0,No,Not a school zone,2-way undivided,-32.756239,151.609508,Maitland,Country urban,Rest of NSW - Urban,Straight,,,,Nil,Sealed,Dry,Fine,Daylight,Nil,No traffic controls,60 km/h,State,71,Off rd left => obj,703,Left off cway into object,,Vehicle - Object,Car (sedan/hatch),,1,0,1,0,0,2,February,Summer,Saturday,16:00 - 17:59,PM peak / evening commute,True,False,True,True
1343937,Injury,Serious Injury,2024,2024,February,Friday,08:00 - 09:59,PACIFIC,HWY,0,Right on the spot,TRYON,PL,LINDFIELD,10.0,No,Not a school zone,T-junction,-33.775891,151.168861,Ku-ring-gai,Sydney metro. area,Syd-Newc-Woll Gtr conurbation,Curved,,,,Off,Sealed,Dry,Fine,Daylight,Nil,No traffic controls,60 km/h,State,0,Ped nearside,1,Ped - Near side,,Vehicle - Pedestrian,4 wheel drive / SUV,Pedestrian,2,0,1,0,0,2,February,Summer,Friday,08:00 - 09:59,AM peak / school commute,True,False,True,True
1343942,Injury,Moderate Injury,2024,2024,January,Saturday,12:00 - 13:59,LOW,ST,0,Right on the spot,TYRRELL,ST,WALLSEND,,No,Not a school zone,X-intersection,-32.901287,151.671387,Newcastle,Newcastle met. area,Syd-Newc-Woll Gtr conurbation,Curved,Ditch/drain/culvert,,,Off,Sealed,Dry,Fine,Daylight,Nil,Give way sign,50 km/h,Local,87,Off lft/lft bnd=>obj,706,Left turn,Left,Vehicle - Object,4 wheel drive / SUV,,1,0,0,1,0,1,January,Summer,Saturday,12:00 - 13:59,Midday / afternoon,False,False,True,True
1343943,Injury,Serious Injury,2024,2024,February,Monday,06:00 - 07:59,FRIPP,ST,0,Right on the spot,WOLLONGONG,RD,ARNCLIFFE,,No,Not a school zone,T-junction,-33.939104,151.137065,Bayside,Sydney metro. area,Syd-Newc-Woll Gtr conurbation,Straight,,,,Off,Sealed,Dry,Fine,Daylight,Nil,No traffic controls,50 km/h,Local,11,Right far,102,Adj - Right-thru from left,,Right angle,Light truck utility(from 2018),4 wheel drive / SUV,2,0,1,0,1,2,February,Summer,Monday,06:00 - 07:59,AM peak / school commute,True,False,True,True
1343945,Injury,Serious Injury,2024,2024,February,Saturday,12:00 - 13:59,HINEMOA,ST,0,Right on the spot,NUMBER 5,HN,PANANIA,,No,Not a school zone,2-way undivided,-33.95459,151.001575,Canterbury-Bankstown,Sydney metro. area,Syd-Newc-Woll Gtr conurbation,Straight,,,,Off,Sealed,Dry,Fine,Daylight,Nil,No traffic controls,50 km/h,Local,71,Off rd left => obj,703,Left off cway into object,,Vehicle - Object,Car (sedan/hatch),,1,0,1,0,0,2,February,Summer,Saturday,12:00 - 13:59,Midday / afternoon,False,False,True,True
1343947,Injury,Moderate Injury,2024,2024,January,Saturday,12:00 - 13:59,LOWES MOUNT,RD,0,Right on the spot,NUMBER 930,HN,OBERON,,No,Not a school zone,2-way undivided,-33.624755,149.847865,Oberon,Country non-urban,Rest of NSW - Rural,Curved,,,"Loose gravel, sealed",Nil,Sealed,Dry,Fine,Daylight,Nil,No traffic controls,100 km/h,Local,88,Out of cont on bend,805,Out of control on bend,,Rollover,Motorcycle,,1,0,0,1,0,1,January,Summer,Saturday,12:00 - 13:59,Midday / afternoon,False,False,True,True
1343951,Injury,Minor/Other Injury,2024,2024,February,Saturday,10:00 - 11:59,TURTON,RD,0,Right on the spot,GEORGETOWN,RD,WARATAH,326.0,No,Not a school zone,X-intersection,-32.906821,151.727488,Newcastle,Newcastle met. area,Syd-Newc-Woll Gtr conurbation,Straight,,,,On,Sealed,Dry,Fine,Daylight,On,No traffic controls,60 km/h,State,21,Right through,202,Opp - Right-thru,,Other angle,Light truck utility(from 2018),Car (sedan/hatch),2,0,0,0,1,2,February,Summer,Saturday,10:00 - 11:59,Midday / afternoon,False,False,True,True
1343952,Injury,Serious Injury,2024,2024,January,Wednesday,18:00 - 19:59,KAROOM,DR,10,East,PINAROO,DR,GLENFIELD PARK,,No,Not a school zone,T-junction,-35.133853,147.336188,Wagga Wagga,Country urban,Rest of NSW - Urban,Curved,,,,Nil,Sealed,Dry,Fine,Daylight,Nil,Give way sign,50 km/h,Local,87,Off lft/lft bnd=>obj,804,Off left bend into obj,Left,Other angle,Car (sedan/hatch),Car (sedan/hatch),2,0,1,0,0,1,January,Summer,Wednesday,18:00 - 19:59,PM peak / evening commute,True,False,True,True
1343959,Injury,Serious Injury,2024,2024,February,Monday,08:00 - 09:59,PACIFIC,HWY,1000,North,NEWMANS ROAD,OP,TOPI TOPI,10.0,No,Not a school zone,Divided road,-32.348992,152.319256,Mid-Coast,Country non-urban,Rest of NSW - Rural,Curved,,,,Nil,Sealed,Dry,Fine,Daylight,Nil,No traffic controls,110 km/h,State,84,Off right/left bend,802,Off cway left bend,Right,Rollover,Car (sedan/hatch),,1,0,1,0,0,2,February,Summer,Monday,08:00 - 09:59,AM peak / school commute,True,False,True,True
1343960,Injury,Serious Injury,2024,2024,February,Friday,16:00 - 17:59,MAIN,RD,50,West,WALLSEND,RD,CARDIFF,223.0,No,Not a school zone,2-way undivided,-32.936592,151.671994,Lake Macquarie,Newcastle met. area,Syd-Newc-Woll Gtr conurbation,Straight,Foot/cycle path/nature strip,,,Off,Sealed,Dry,Overcast,Daylight,Nil,No traffic controls,60 km/h,Regional,0,Ped nearside,1,Ped - Near side,,Vehicle - Pedestrian,4 wheel drive / SUV,Pedestrian,2,0,1,0,0,2,February,Summer,Friday,16:00 - 17:59,PM peak / evening commute,True,False,True,True
1343961,Injury,Minor/Other Injury,2024,2024,February,Monday,12:00 - 13:59,DARLEY,RD,0,Right on the spot,WENTWORTH,ST,MANLY,,Yes,No,X-intersection,-33.799212,151.286721,Northern Beaches,Sydney metro. area,Syd-Newc-Woll Gtr conurbation,Straight,,,,Off,Sealed,Dry,Fine,Daylight,On,Ped crossing,30 km/h,Local,2,Ped far side,3,Ped - Far side,,Vehicle - Pedestrian,Car (sedan/hatch),Pedestrian,2,0,0,0,1,2,February,Summer,Monday,12:00 - 13:59,Midday / afternoon,False,False,True,True
1343962,Injury,Moderate Injury,2024,2024,January,Wednesday,16:00 - 17:59,LUCAS,RD,0,Right on the spot,SACKVILLE,ST,LALOR PARK,,Yes,No,T-junction,-33.766765,150.922744,Blacktown,Sydney metro. area,Syd-Newc-Woll Gtr conurbation,Straight,,,,Nil,Sealed,Dry,Fine,Daylight,Nil,Give way sign,50 km/h,Local,30,Rear end,301,Same - Rear end,,Rear end,Station wagon,Motorcycle,2,0,0,1,0,1,January,Summer,Wednesday,16:00 - 17:59,PM peak / evening commute,True,False,True,True
1343964,Injury,Serious Injury,2024,2024,January,Sunday,08:00 - 09:59,CAVILL,ST,20,South,OLIVER,ST,QUEENSCLIFF,7343.0,No,Not a school zone,2-way undivided,-33.780026,151.282176,Northern Beaches,Sydney metro. area,Syd-Newc-Woll Gtr conurbation,Straight,Steep grade,,,Off,Sealed,Dry,Fine,Daylight,Nil,No traffic controls,50 km/h,Regional,74,On road-out of cont.,705,Out of control on cway,,Rollover,Motor scooter,,1,0,1,0,0,1,January,Summer,Sunday,08:00 - 09:59,AM peak / school commute,True,False,True,True
1343965,Injury,Serious Injury,2024,2024,February,Thursday,22:00 - Midnight,MOOREBANK,AVE,700,North,CAMBRIDGE,AVE,HOLSWORTHY,,No,Not a school zone,2-way undivided,-33.965339,150.920885,Liverpool,Sydney metro. area,Syd-Newc-Woll Gtr conurbation,Curved,Other bridge,,,Nil,Sealed,Dry,Fine,Darkness,Nil,No traffic controls,60 km/h,Local,20,Head on,201,Opp - Head on,,Head-on,Car (sedan/hatch),Car (sedan/hatch),2,0,1,3,0,2,February,Summer,Thursday,22:00 - Midnight,Evening / night,False,False,True,True