crash_id,degree_of_crash,degree_of_crash_-_detailed,reporting_year,year_of_crash,month_of_crash,day_of_week_of_crash,two-hour_intervals,street_of_crash,street_type,distance,direction,identifying_feature,identifying_feature_type,town,route_no.,school_zone_location,school_zone_active,type_of_location,latitude,longitude,lga,urbanisation,conurbation_1,alignment,primary_permanent_feature,primary_temporary_feature,primary_hazardous_feature,street_lighting,road_surface,surface_condition,weather,natural_lighting,signals_operation,other_traffic_control,speed_limit,road_classification_(admin),rum_-_code,rum_-_description,dca_-_code,dca_-_description,dca_supplement,first_impact_type,key_tu_type,other_tu_type,no._of_traffic_units_involved,no._killed,no._seriously_injured,no._moderately_injured,no._minor-other_injured,month_num,month_label,season,day_label,time_label,time_band,is_peak_commute,is_fatal,is_injury,is_casualty
1343967,Injury,Minor/Other Injury,2024,2024,March,Saturday,14:00 - 15:59,TERMINUS,ST,0,Right on the spot,SPEED,ST,LIVERPOOL,512.0,No,Not a school zone,T-junction,-33.925676,150.925157,Liverpool,Sydney metro. area,Syd-Newc-Woll Gtr conurbation,Straight,,,,Nil,Sealed,Dry,Fine,Daylight,On,No traffic controls,50 km/h,State,30,Rear end,301,Same - Rear end,,Rear end,Car (sedan/hatch),4 wheel drive / SUV,2,0,0,0,1,3,March,Autumn,Saturday,14:00 - 15:59,Midday / afternoon,False,False,True,True
1343974,Injury,Serious Injury,2024,2024,January,Thursday,16:00 - 17:59,HEN AND CHICKEN,LANE,4700,East,MID WESTERN,HWY,EVANS PLAINS,,No,Not a school zone,2-way undivided,-33.46935,149.522322,Bathurst Regional,Country non-urban,Rest of NSW - Rural,Curved,Embankment/cutting,,,Nil,Unsealed,Dry,Fine,Daylight,Nil,No traffic controls,100 km/h,Local,87,Off lft/lft bnd=>obj,804,Off left bend into obj,Left,Vehicle - Object,4 wheel drive / SUV,,1,0,1,0,0,1,January,Summer,Thursday,16:00 - 17:59,PM peak / evening commute,True,False,True,True
1343975,Injury,Serious Injury,2024,2024,January,Monday,18:00 - 19:59,BLAXLAND,RD,0,Right on the spot,NUMBER 557,HN,EASTWOOD,139.0,No,Not a school zone,2-way undivided,-33.792886,151.090141,Ryde,Sydney metro. area,Syd-Newc-Woll Gtr conurbation,Straight,,,,On,Sealed,Dry,Fine,Dusk,Nil,No traffic controls,60 km/h,State,30,Rear end,301,Same - Rear end,,Rear end,Motor scooter,4 wheel drive / SUV,2,0,1,0,0,1,January,Summer,Monday,18:00 - 19:59,PM peak / evening commute,True,False,True,True
1343976,Injury,Moderate Injury,2024,2024,February,Saturday,06:00 - 07:59,FROGMORE,RD,7600,North,RUGBY,RD,FROGMORE,,No,Not a school zone,2-way undivided,-34.290021,148.835723,Hilltops,Country non-urban,Rest of NSW - Rural,Curved,Embankment/cutting,,,Nil,Sealed,Dry,Fine,Daylight,Nil,No traffic controls,100 km/h,Local,87,Off lft/lft bnd=>obj,804,Off left bend into obj,Left,Vehicle - Object,Light truck utility(from 2018),,1,0,0,1,0,2,February,Summer,Saturday,06:00 - 07:59,AM peak / school commute,True,False,True,True
1343978,Injury,Serious Injury,2024,2024,February,Thursday,12:00 - 13:59,RIVER,RD,0,Right on the spot,ST VINCENTS,RD,GREENWICH,2070.0,No,Not a school zone,X-intersection,-33.827091,151.185602,Lane Cove,Sydney metro. area,Syd-Newc-Woll Gtr conurbation,Straight,,,,Nil,Sealed,Dry,Fine,Daylight,Nil,Give way sign,50 km/h,Regional,32,Right rear,303,Same - Rear right,,Rear end,Car (sedan/hatch),Car (sedan/hatch),2,0,1,0,0,2,February,Summer,Thursday,12:00 - 13:59,Midday / afternoon,False,False,True,True
1343979,Injury,Moderate Injury,2024,2024,January,Sunday,12:00 - 13:59,BANNA,AVE,0,Right on the spot,COLES EXPRESS SERVICE STATION,ENT,GRIFFITH,80.0,No,Not a school zone,Divided road,-34.288498,146.051181,Griffith,Country urban,Rest of NSW - Urban,Straight,Driveway/entrance,,,On,Sealed,Wet,Fine,Daylight,Nil,No traffic controls,50 km/h,State,47,Emerging from drive,406,Manov - Emerging from driveway,,Right angle,Car (sedan/hatch),Motorised push scooters,2,0,0,1,0,1,January,Summer,Sunday,12:00 - 13:59,Midday / afternoon,False,False,True,True
1343989,Injury,Serious Injury,2024,2024,January,Monday,06:00 - 07:59,PRINCES,HWY,50,West,OLD BUSH,RD,ENGADINE,1.0,No,Not a school zone,Divided road,-34.059329,151.027738,Sutherland,Sydney metro. area,Syd-Newc-Woll Gtr conurbation,Straight,Steep grade,,,Off,Sealed,Wet,Raining,Daylight,Nil,No traffic controls,70 km/h,State,74,On road-out of cont.,705,Out of control on cway,,Rollover,Motor scooter,,1,0,1,0,0,1,January,Summer,Monday,06:00 - 07:59,AM peak / school commute,True,False,True,True
1343990,Injury,Moderate Injury,2024,2024,February,Tuesday,12:00 - 13:59,RAILWAY,PDE,50,East,WENTWORTH,RD,BURWOOD,2027.0,No,Not a school zone,2-way undivided,-33.875451,151.098161,Burwood,Sydney metro. area,Syd-Newc-Woll Gtr conurbation,Straight,Steep grade,,,Nil,Sealed,Dry,Fine,Daylight,Nil,No traffic controls,50 km/h,Regional,30,Rear end,301,Same - Rear end,,Rear end,Light truck utility(from 2018),Car (sedan/hatch),2,0,0,1,0,2,February,Summer,Tuesday,12:00 - 13:59,Midday / afternoon,False,False,True,True
1343991,Injury,Moderate Injury,2024,2024,January,Monday,22:00 - Midnight,FOREST,RD,0,Right on the spot,HUDSON,ST,HURSTVILLE,,No,Not a school zone,T-junction,-33.967276,151.109366,Georges River,Sydney metro. area,Syd-Newc-Woll Gtr conurbation,Straight,,,,On,Sealed,Dry,Fine,Darkness,Nil,Give way sign,50 km/h,Local,15,Right/left far,106,Adj - Right-left from right,,Right angle,Car (sedan/hatch),Car (sedan/hatch),2,0,0,3,1,1,January,Summer,Monday,22:00 - Midnight,Evening / night,False,False,True,True
1343993,Injury,Serious Injury,2024,2024,February,Wednesday,06:00 - 07:59,THE RIVER,RD,200,North,TOWER,ST,REVESBY,2068.0,No,Not a school zone,2-way undivided,-33.956694,151.016791,Canterbury-Bankstown,Sydney metro. area,Syd-Newc-Woll Gtr conurbation,Straight,,,,Off,Sealed,Dry,Fine,Daylight,Nil,No traffic controls,60 km/h,Regional,20,Head on,201,Opp - Head on,,Head-on,4 wheel drive / SUV,Other bus,3,0,1,1,0,2,February,Summer,Wednesday,06:00 - 07:59,AM peak / school commute,True,False,True,True
1343997,Injury,Moderate Injury,2024,2024,February,Friday,08:00 - 09:59,OCEAN,DR,0,Right on the spot,PACIFIC,DR,PORT MACQUARIE,600.0,No,Not a school zone,Roundabout,-31.470337,152.912698,Port Macquarie-Hastings,Country urban,Rest of NSW - Urban,Curved,,Roadwks/Detour/Diverson,,Off,Sealed,Dry,Fine,Daylight,Nil,Give way sign,60 km/h,Regional,10,Cross traffic,101,Adj - Cross traffic,,Right angle,Car (sedan/hatch),Car (sedan/hatch),2,0,0,1,0,2,February,Summer,Friday,08:00 - 09:59,AM peak / school commute,True,False,True,True
1344002,Injury,Moderate Injury,2024,2024,January,Wednesday,10:00 - 11:59,HUME,HWY,0,Right on the spot,ELIZABETH,DR,LIVERPOOL,2.0,No,Not a school zone,X-intersection,-33.919426,150.91936,Liverpool,Sydney metro. area,Syd-Newc-Woll Gtr conurbation,Straight,,,,Off,Sealed,Dry,Fine,Daylight,On,No traffic controls,60 km/h,State,30,Rear end,301,Same - Rear end,,Rear end,Unknown motor vehicle,Light truck utility(from 2018),3,0,0,1,0,1,January,Summer,Wednesday,10:00 - 11:59,Midday / afternoon,False,False,True,True
1344009,Injury,Moderate Injury,2024,2024,January,Wednesday,12:00 - 13:59,BANGALOW,RD,10,South,SCOTT,ST,BYRON BAY,545.0,No,Not a school zone,T-junction,-28.659357,153.615557,Byron,Country urban,Rest of NSW - Urban,Straight,,,,Off,Sealed,Dry,Fine,Daylight,Nil,No traffic controls,50 km/h,Regional,30,Rear end,301,Same - Rear end,,Rear end,4 wheel drive / SUV,Motor scooter,2,0,0,1,0,1,January,Summer,Wednesday,12:00 - 13:59,Midday / afternoon,False,False,True,True
1344010,Injury,Minor/Other Injury,2024,2024,February,Sunday,10:00 - 11:59,ILUKA,RD,0,Right on the spot,PADDYMELON,RD,WOOMBAH,7731.0,No,Not a school zone,T-junction,-29.35532,153.271783,Clarence Valley,Country urban,Rest of NSW - Urban,Straight,Ditch/drain/culvert,,,Nil,Sealed,Dry,Fine,Daylight,Nil,No traffic controls,80 km/h,Regional,53,Overtake turning,506,Ovtak - Overtaking right turn,,Other angle,Car (sedan/hatch),Car (sedan/hatch),2,0,0,0,1,2,February,Summer,Sunday,10:00 - 11:59,Midday / afternoon,False,False,True,True
1344022,Injury,Serious Injury,2024,2024,February,Monday,14:00 - 15:59,ORARA,WAY,0,Right on the spot,NUMBER 1870,HN,GLENREAGH,151.0,No,Not a school zone,2-way undivided,-30.076006,152.989494,Clarence Valley,Country non-urban,Rest of NSW - Rural,Straight,Embankment/cutting,,,Nil,Sealed,Dry,Fine,Daylight,Nil,No traffic controls,100 km/h,Regional,71,Off rd left => obj,703,Left off cway into object,,Vehicle - Object,Car (sedan/hatch),,1,0,1,0,0,2,February,Summer,Monday,14:00 - 15:59,Midday / afternoon,False,False,True,True
1344024,Injury,Serious Injury,2024,2024,February,Tuesday,06:00 - 07:59,M2 HILLS,EXP,100,East,LANE COVE ROAD,TO,MACQUARIE PARK,6002.0,No,Not a school zone,Dual freeway,-33.779098,151.129614,Ryde,Sydney metro. area,Syd-Newc-Woll Gtr conurbation,Straight,B'down lane/road shldr,,,Off,Sealed,Wet,Raining,Daylight,Nil,No traffic controls,100 km/h,State,30,Rear end,301,Same - Rear end,,Rear end,Motorcycle,Car (sedan/hatch),2,0,1,0,1,2,February,Summer,Tuesday,06:00 - 07:59,AM peak / school commute,True,False,True,True
1344027,Injury,Moderate Injury,2024,2024,January,Wednesday,14:00 - 15:59,MAITLAND,RD,0,Right on the spot,TOURLE,ST,MAYFIELD,464.0,No,Not a school zone,T-junction,-32.892977,151.730633,Newcastle,Newcastle met. area,Syd-Newc-Woll Gtr conurbation,Straight,,,,Off,Sealed,Dry,Fine,Daylight,Nil,No traffic controls,60 km/h,Regional,32,Right rear,303,Same - Rear right,,Rear end,Large rigid,Car (sedan/hatch),2,0,0,1,0,1,January,Summer,Wednesday,14:00 - 15:59,Midday / afternoon,False,False,True,True
1344030,Injury,Moderate Injury,2024,2024,February,Saturday,16:00 - 17:59,MOUNTAIN VIEW,DR,200,North,BRUXNER,HWY,GOONELLABAH,,No,Not a school zone,2-way undivided,-28.81128,153.311403,Lismore,Country urban,Rest of NSW - Urban,Curved,Spd hump/slow pt/chc,,,Off,Sealed,Wet,Raining,Dusk,Nil,No traffic controls,50 km/h,Local,88,Out of cont on bend,805,Out of control on bend,,Rollover,Motor scooter,,1,0,0,1,0,2,February,Summer,Saturday,16:00 - 17:59,PM peak / evening commute,True,False,True,True
1344034,Injury,Moderate Injury,2024,2024,January,Friday,16:00 - 17:59,NEWELL,HWY,0,Right on the spot,BURRAWAY,ST,BROCKLEHURST,17.0,No,Not a school zone,X-intersection,-32.18063,148.622637,Dubbo Regional,Country urban,Rest of NSW - Urban,Curved,,,,Off,Sealed,Dry,Fine,Daylight,Nil,Stop sign,80 km/h,State,10,Cross traffic,101,Adj - Cross traffic,,Right angle,Car (sedan/hatch),B-double (road train prior 98),2,0,0,2,1,1,January,Summer,Friday,16:00 - 17:59,PM peak / evening commute,True,False,True,True
1344036,Injury,Serious Injury,2024,2024,February,Sunday,16:00 - 17:59,TAYLORS ARM,RD,80,West,JELLICOE,ST,MACKSVILLE,,No,Not a school zone,2-way undivided,-30.713138,152.905702,Nambucca Valley,Country urban,Rest of NSW - Urban,Curved,,,,Nil,Sealed,Wet,Raining,Daylight,Nil,No traffic controls,80 km/h,Local,81,Off left/rt bnd=>obj,803,Off right bend into obj,Left,Vehicle - Object,Car (sedan/hatch),,1,0,2,0,0,2,February,Summer,Sunday,16:00 - 17:59,PM peak / evening commute,True,False,True,True
1344038,Injury,Moderate Injury,2024,2024,January,Sunday,12:00 - 13:59,THE WOOL,RD,20,North,BIKE TRACK,PDE,WORROWING HEIGHTS,7631.0,No,Not a school zone,2-way undivided,-35.082508,150.648377,Shoalhaven,Country urban,Rest of NSW - Urban,Straight,Foot/cycle path/nature strip,,,Nil,Sealed,Dry,Fine,Daylight,Nil,No traffic controls,60 km/h,Regional,48,From footpath,408,Manov - From footway,,Other angle,Motorcycle,Pedal cycle,3,0,0,1,0,1,January,Summer,Sunday,12:00 - 13:59,Midday / afternoon,False,False,True,True
1344039,Injury,Minor/Other Injury,2024,2024,February,Wednesday,22:00 - Midnight,MURRUMBIDGEE RIVER,RD,7100,East,CARRATHOOL,RD,CARRATHOOL,,No,Not a school zone,2-way undivided,-34.420563,145.497637,Carrathool,Country non-urban,Rest of NSW - Rural,Curved,Ditch/drain/culvert,,,Nil,Sealed,Dry,Fine,Darkness,Nil,No traffic controls,100 km/h,Local,81,Off left/rt bnd=>obj,803,Off right bend into obj,Left,Vehicle - Object,4 wheel drive / SUV,,1,0,0,0,1,2,February,Summer,Wednesday,22:00 - Midnight,Evening / night,False,False,True,True
1344040,Injury,Minor/Other Injury,2024,2024,February,Monday,08:00 - 09:59,DUKE,AVE,0,Right on the spot,FIRST,AVE,RODD POINT,,No,Not a school zone,X-intersection,-33.866133,151.141866,Canada Bay,Sydney metro. area,Syd-Newc-Woll Gtr conurbation,Straight,,,,Off,Sealed,Dry,Fine,Daylight,Nil,Give way sign,50 km/h,Local,10,Cross traffic,101,Adj - Cross traffic,,Right angle,4 wheel drive / SUV,4 wheel drive / SUV,2,0,0,0,2,2,February,Summer,Monday,08:00 - 09:59,AM peak / school commute,True,False,True,True
1344052,Injury,Serious Injury,2024,2024,February,Sunday,06:00 - 07:59,CHRISTINA,RD,0,Right on the spot,NUMBER 25,HN,VILLAWOOD,7102.0,No,Not a school zone,2-way undivided,-33.881598,150.989883,Canterbury-Bankstown,Sydney metro. area,Syd-Newc-Woll Gtr conurbation,Straight,,,,Nil,Sealed,Dry,Fine,Daylight,Nil,No traffic controls,60 km/h,Regional,71,Off rd left => obj,703,Left off cway into object,,Other angle,Car (sedan/hatch),Utility,2,0,1,0,0,2,February,Summer,Sunday,06:00 - 07:59,AM peak / school commute,True,False,True,True
1344053,Injury,Moderate Injury,2024,2024,February,Monday,16:00 - 17:59,LAKE ENTRANCE,RD,0,Right on the spot,LANDY,DR,MOUNT WARRIGAL,611.0,No,Not a school zone,T-junction,-34.555892,150.847959,Shellharbour,Wollongong met. area,Syd-Newc-Woll Gtr conurbation,Straight,,,,Nil,Sealed,Dry,Fine,Daylight,Nil,Stop sign,70 km/h,State,13,Right near,104,Adj - Right-thru from right,,Right angle,4 wheel drive / SUV,Car (sedan/hatch),2,0,0,1,0,2,February,Summer,Monday,16:00 - 17:59,PM peak / evening commute,True,False,True,True
1344054,Injury,Serious Injury,2024,2024,January,Saturday,18:00 - 19:59,MARK,ST,0,Right on the spot,MARY,ST,HUNTERS HILL,,Yes,No,X-intersection,-33.830203,151.137856,Hunters Hill,Sydney metro. area,Syd-Newc-Woll Gtr conurbation,Straight,,,,Off,Sealed,Dry,Fine,Dusk,Nil,Give way sign,50 km/h,Local,10,Cross traffic,101,Adj - Cross traffic,,Right angle,Car (sedan/hatch),Car (sedan/hatch),2,0,1,0,0,1,January,Summer,Saturday,18:00 - 19:59,PM peak / evening commute,True,False,True,True
1344059,Injury,Moderate Injury,2024,2024,January,Thursday,14:00 - 15:59,HAIGH,AVE,0,Right on the spot,WORRIGEE,ST,NOWRA,,No,Not a school zone,X-intersection,-34.876814,150.603841,Shoalhaven,Country urban,Rest of NSW - Urban,Straight,,,,Off,Sealed,Dry,Fine,Daylight,On,No traffic controls,50 km/h,Local,10,Cross traffic,101,Adj - Cross traffic,,Right angle,4 wheel drive / SUV,4 wheel drive / SUV,2,0,0,2,0,1,January,Summer,Thursday,14:00 - 15:59,Midday / afternoon,False,False,True,True
1344060,Injury,Minor/Other Injury,2024,2024,January,Monday,06:00 - 07:59,SOUTH WESTERN,EXP,52,West,FAIRFORD ROAD,TO,PADSTOW,6005.0,No,Not a school zone,Dual freeway,-33.93989,151.030449,Canterbury-Bankstown,Sydney metro. area,Syd-Newc-Woll Gtr conurbation,Curved,,,,Nil,Sealed,Dry,Fine,Daylight,Nil,No traffic controls,100 km/h,State,30,Rear end,301,Same - Rear end,,Rear end,Large rigid,Car (sedan/hatch),3,0,0,0,1,1,January,Summer,Monday,06:00 - 07:59,AM peak / school commute,True,False,True,True
1344066,Injury,Serious Injury,2024,2024,February,Friday,12:00 - 13:59,DOG TRAP,RD,260,East,WISEMANS FERRY,RD,SOMERSBY,,No,Not a school zone,2-way undivided,-33.351021,151.292287,Central Coast,Country urban,Syd-Newc-Woll Gtr conurbation,Curved,Embankment/cutting,,,Nil,Sealed,Dry,Fine,Daylight,Nil,No traffic controls,80 km/h,Local,85,Off rt/lft bnd=>obj,804,Off left bend into obj,Right,Vehicle - Object,Motorcycle,,1,0,1,0,0,2,February,Summer,Friday,12:00 - 13:59,Midday / afternoon,False,False,True,True
1344071,Injury,Moderate Injury,2024,2024,February,Wednesday,16:00 - 17:59,DEVLIN,ST,50,South,BLAXLAND,RD,RYDE,200.0,No,Not a school zone,Divided road,-33.81336,151.10469,Ryde,Sydney metro. area,Syd-Newc-Woll Gtr conurbation,Straight,,,,On,Sealed,Dry,Fine,Daylight,Nil,No traffic controls,60 km/h,State,30,Rear end,301,Same - Rear end,,Rear end,Light truck utility(from 2018),Car (sedan/hatch),3,0,0,1,0,2,February,Summer,Wednesday,16:00 - 17:59,PM peak / evening commute,True,False,True,True
1344073,Injury,Serious Injury,2024,2024,January,Sunday,16:00 - 17:59,WOMBEYAN CAVES,RD,180,East,RIVER ISLAND NATURE RESORT,ENT,BULLIO,258.0,No,Not a school zone,2-way undivided,-34.345949,150.110363,Wingecarribee,Country urban,Rest of NSW - Urban,Curved,Embankment/cutting,,,Nil,Unsealed,Dry,Fine,Daylight,Nil,No traffic controls,60 km/h,Regional,81,Off left/rt bnd=>obj,803,Off right bend into obj,Left,Vehicle - Object,Motorcycle,,1,0,1,0,0,1,January,Summer,Sunday,16:00 - 17:59,PM peak / evening commute,True,False,True,True
1344074,Injury,Moderate Injury,2024,2024,February,Monday,16:00 - 17:59,WALLARAH,RD,0,Right on the spot,LAKE HAVEN,DR,KANWAL,509.0,No,Not a school zone,Roundabout,-33.254483,151.496629,Central Coast,Country urban,Syd-Newc-Woll Gtr conurbation,Curved,,,,Off,Sealed,Dry,Fine,Daylight,Nil,Give way sign,50 km/h,State,21,Right through,202,Opp - Right-thru,,Other angle,Light truck utility(from 2018),Station wagon,2,0,0,1,0,2,February,Summer,Monday,16:00 - 17:59,PM peak / evening commute,True,False,True,True
1344076,Injury,Serious Injury,2024,2024,January,Monday,14:00 - 15:59,EASTERN DISTRIBUTOR,EXP,0,Right on the spot,SOUTH DOWLING STREET,TO,REDFERN,6007.0,No,Not a school zone,Dual freeway,-33.896901,151.215898,Sydney,Sydney metro. area,Syd-Newc-Woll Gtr conurbation,Straight,,,,Off,Sealed,Dry,Fine,Daylight,Nil,No traffic controls,80 km/h,State,39,Other same direction,300,Same - other,,Other angle,4 wheel drive / SUV,Car (sedan/hatch),2,0,1,0,0,1,January,Summer,Monday,14:00 - 15:59,Midday / afternoon,False,False,True,True
1344078,Injury,Serious Injury,2024,2024,February,Sunday,22:00 - Midnight,PACIFIC,HWY,0,Right on the spot,LORNE,AVE,KILLARA,10.0,No,Not a school zone,T-junction,-33.765127,151.156774,Ku-ring-gai,Sydney metro. area,Syd-Newc-Woll Gtr conurbation,Straight,,,,On,Sealed,Dry,Fine,Darkness,On,Give way sign,60 km/h,State,11,Right far,102,Adj - Right-thru from left,,Right angle,Car (sedan/hatch),Car (sedan/hatch),2,0,2,1,1,2,February,Summer,Sunday,22:00 - Midnight,Evening / night,False,False,True,True
1344080,Injury,Serious Injury,2024,2024,February,Sunday,02:00 - 03:59,SOUTH DOWLING,ST,0,Right on the spot,TRAMWAY,MS,MOORE PARK,593.0,No,Not a school zone,X-intersection,-33.889972,151.217609,Sydney,Sydney metro. area,Syd-Newc-Woll Gtr conurbation,Straight,,,,On,Sealed,Dry,Fine,Darkness,On,Ped crossing,60 km/h,State,10,Cross traffic,101,Adj - Cross traffic,,Right angle,Pedal cycle,Car (sedan/hatch),2,0,1,1,0,2,February,Summer,Sunday,02:00 - 03:59,Late night / early morning,False,False,True,True
1344081,Injury,Moderate Injury,2024,2024,February,Friday,08:00 - 09:59,PRINCES,HWY,0,Right on the spot,JERVIS BAY,RD,FALLS CREEK,1.0,No,Not a school zone,T-junction,-34.983305,150.58775,Shoalhaven,Country urban,Rest of NSW - Urban,Straight,,,,Off,Sealed,Dry,Fine,Daylight,Nil,Stop sign,80 km/h,State,21,Right through,202,Opp - Right-thru,,Other angle,Car (sedan/hatch),4 wheel drive / SUV,3,0,0,2,0,2,February,Summer,Friday,08:00 - 09:59,AM peak / school commute,True,False,True,True
1344085,Injury,Serious Injury,2024,2024,February,Saturday,18:00 - 19:59,RUTLEDGE,ST,0,Right on the spot,SHAFTSBURY,RD,EASTWOOD,574.0,No,Not a school zone,X-intersection,-33.793497,151.077677,Ryde,Sydney metro. area,Syd-Newc-Woll Gtr conurbation,Straight,,,,Off,Sealed,Dry,Fine,Daylight,On,Ped crossing,60 km/h,State,0,Ped nearside,1,Ped - Near side,,Vehicle - Pedestrian,Light truck,Pedestrian,2,0,1,0,0,2,February,Summer,Saturday,18:00 - 19:59,PM peak / evening commute,True,False,True,True
1344086,Injury,Serious Injury,2024,2024,February,Wednesday,06:00 - 07:59,VICTORIA,RD,0,Right on the spot,CHARLES,ST,RYDE,165.0,No,Not a school zone,T-junction,-33.81824,151.114352,Ryde,Sydney metro. area,Syd-Newc-Woll Gtr conurbation,Straight,,,,Nil,Sealed,Dry,Fine,Daylight,On,Ped crossing,60 km/h,State,0,Ped nearside,1,Ped - Near side,,Vehicle - Pedestrian,4 wheel drive / SUV,Pedestrian,2,0,1,0,0,2,February,Summer,Wednesday,06:00 - 07:59,AM peak / school commute,True,False,True,True
1344087,Injury,Moderate Injury,2024,2024,February,Friday,06:00 - 07:59,NEW ENGLAND,HWY,50,East,WINE COUNTRY,DR,BRANXTON,9.0,No,Not a school zone,2-way undivided,-32.66302,151.369307,Cessnock,Country urban,Rest of NSW - Urban,Curved,Painted double centre lines,,,Off,Sealed,Dry,Fine,Daylight,Nil,No traffic controls,80 km/h,State,20,Head on,201,Opp - Head on,,Head-on,Car (sedan/hatch),4 wheel drive / SUV,2,0,0,1,0,2,February,Summer,Friday,06:00 - 07:59,AM peak / school commute,True,False,True,True
1344099,Injury,Minor/Other Injury,2024,2024,January,Friday,16:00 - 17:59,HUME,HWY,4000,South,CHURCH AVENUE,OP,WILLOW VALE,2.0,No,Not a school zone,Dual freeway,-34.424334,150.471947,Wingecarribee,Country non-urban,Rest of NSW - Rural,Straight,,,,Unknown / not stated,Sealed,Dry,Fine,Daylight,Nil,No traffic controls,110 km/h,State,33,Lane sideswipe,305,Same - Lane side swipe,,Other angle,Car (sedan/hatch),Semi-trailer,2,0,0,0,1,1,January,Summer,Friday,16:00 - 17:59,PM peak / evening commute,True,False,True,True
1344107,Injury,Minor/Other Injury,2024,2024,January,Friday,08:00 - 09:59,GWYDIR,HWY,0,Right on the spot,TINGHA,RD,INVERELL,12.0,No,Not a school zone,Roundabout,-29.779781,151.119171,Inverell,Country urban,Rest of NSW - Urban,Straight,,,,Unknown / not stated,Sealed,Dry,Fine,Daylight,Nil,Give way sign,50 km/h,State,21,Right through,202,Opp - Right-thru,,Other angle,Station wagon,Car (sedan/hatch),2,0,0,0,1,1,January,Summer,Friday,08:00 - 09:59,AM peak / school commute,True,False,True,True
1344108,Injury,Minor/Other Injury,2024,2024,February,Friday,22:00 - Midnight,RICHMOND,RD,0,Right on the spot,M7 WESTLINK,EXP,GLENDENNING,643.0,No,Not a school zone,T-junction,-33.733981,150.849655,Blacktown,Sydney metro. area,Syd-Newc-Woll Gtr conurbation,Straight,,,,Unknown / not stated,Sealed,Dry,Fine,Darkness,On,No traffic controls,70 km/h,State,21,Right through,202,Opp - Right-thru,,Other angle,Car (sedan/hatch),4 wheel drive / SUV,2,0,0,0,1,2,February,Summer,Friday,22:00 - Midnight,Evening / night,False,False,True,True
1344110,Injury,Moderate Injury,2024,2024,January,Wednesday,16:00 - 17:59,BAY,ST,999999,Unknown/not stated,UNKNOWN,UK,ROCKDALE,169.0,No,Not a school zone,2-way undivided,-33.952948,151.137721,Bayside,Sydney metro. area,Syd-Newc-Woll Gtr conurbation,Straight,,,,Unknown / not stated,Sealed,Dry,Fine,Daylight,Nil,Unknown,60 km/h,State,79,Other straight,700,Other straight,,Vehicle - Object,4 wheel drive / SUV,,1,0,0,1,0,1,January,Summer,Wednesday,16:00 - 17:59,PM peak / evening commute,True,False,True,True
1344111,Injury,Minor/Other Injury,2024,2024,February,Saturday,16:00 - 17:59,GREAT WESTERN,HWY,0,Right on the spot,MOSELY,ST,STRATHFIELD,5.0,No,Not a school zone,T-junction,-33.867217,151.096217,Burwood,Sydney metro. area,Syd-Newc-Woll Gtr conurbation,Straight,,,,Unknown / not stated,Sealed,Dry,Fine,Dusk,On,No traffic controls,60 km/h,State,10,Cross traffic,101,Adj - Cross traffic,,Right angle,Car (sedan/hatch),4 wheel drive / SUV,2,0,0,0,1,2,February,Summer,Saturday,16:00 - 17:59,PM peak / evening commute,True,False,True,True
1344114,Injury,Moderate Injury,2024,2024,February,Tuesday,16:00 - 17:59,RIVERINA,HWY,300,East,ELIZABETH MITCHELL,DR,THURGOONA,20.0,No,Not a school zone,2-way undivided,-36.066939,146.979371,Albury,Country urban,Rest of NSW - Urban,Straight,Foot/cycle path/nature strip,,,Nil,Sealed,Dry,Fine,Daylight,Nil,No traffic controls,80 km/h,State,70,Off road to left,701,Off carriageway to left,,Rollover,4 wheel drive / SUV,,1,0,0,1,0,2,February,Summer,Tuesday,16:00 - 17:59,PM peak / evening commute,True,False,True,True
1344115,Injury,Moderate Injury,2024,2024,February,Saturday,10:00 - 11:59,BTU,RD,500,West,PRINCES,HWY,NOWRA HILL,,No,Not a school zone,2-way undivided,-34.941522,150.598927,Shoalhaven,Country urban,Rest of NSW - Urban,Straight,,,,Unknown / not stated,Sealed,Dry,Fine,Daylight,Nil,No traffic controls,60 km/h,Local,30,Rear end,301,Same - Rear end,,Rear end,Station wagon,Car (sedan/hatch),2,0,0,1,0,2,February,Summer,Saturday,10:00 - 11:59,Midday / afternoon,False,False,True,True
1344120,Injury,Moderate Injury,2024,2024,February,Tuesday,06:00 - 07:59,ALEXANDRA,AVE,0,Right on the spot,NUMBER 82,HN,RUTHERFORD,,No,Not a school zone,Divided road,-32.714669,151.535065,Maitland,Country urban,Rest of NSW - Urban,Straight,,,,Unknown / not stated,Sealed,Dry,Fine,Daylight,Nil,No traffic controls,50 km/h,Local,72,Off road to right,702,Off carriageway to right,,Rollover,Car (sedan/hatch),,1,0,0,1,0,2,February,Summer,Tuesday,06:00 - 07:59,AM peak / school commute,True,False,True,True
1344131,Injury,Moderate Injury,2024,2024,January,Thursday,08:00 - 09:59,AWABA,RD,0,Right on the spot,STRAIGHT,DR,TORONTO,220.0,No,Not a school zone,T-junction,-33.00819,151.579058,Lake Macquarie,Newcastle met. area,Syd-Newc-Woll Gtr conurbation,Straight,,,,Unknown / not stated,Sealed,Dry,Fine,Daylight,Nil,No traffic controls,60 km/h,State,32,Right rear,303,Same - Rear right,,Rear end,Car (sedan/hatch),Car (sedan/hatch),2,0,0,1,2,1,January,Summer,Thursday,08:00 - 09:59,AM peak / school commute,True,False,True,True