crash_id,degree_of_crash,degree_of_crash_-_detailed,reporting_year,year_of_crash,month_of_crash,day_of_week_of_crash,two-hour_intervals,street_of_crash,street_type,distance,direction,identifying_feature,identifying_feature_type,town,route_no.,school_zone_location,school_zone_active,type_of_location,latitude,longitude,lga,urbanisation,conurbation_1,alignment,primary_permanent_feature,primary_temporary_feature,primary_hazardous_feature,street_lighting,road_surface,surface_condition,weather,natural_lighting,signals_operation,other_traffic_control,speed_limit,road_classification_(admin),rum_-_code,rum_-_description,dca_-_code,dca_-_description,dca_supplement,first_impact_type,key_tu_type,other_tu_type,no._of_traffic_units_involved,no._killed,no._seriously_injured,no._moderately_injured,no._minor-other_injured,month_num,month_label,season,day_label,time_label,time_band,is_peak_commute,is_fatal,is_injury,is_casualty
1344142,Injury,Minor/Other Injury,2024,2024,February,Tuesday,10:00 - 11:59,NEW LINK,RD,0,Right on the spot,RENNIE,ST,NORTH RYDE,,No,Not a school zone,X-intersection,-33.7953,151.138682,Ryde,Sydney metro. area,Syd-Newc-Woll Gtr conurbation,Straight,,,,Unknown / not stated,Sealed,Wet,Raining,Daylight,Nil,Stop sign,50 km/h,Local,32,Right rear,303,Same - Rear right,,Rear end,Car (sedan/hatch),4 wheel drive / SUV,2,0,0,0,1,2,February,Summer,Tuesday,10:00 - 11:59,Midday / afternoon,False,False,True,True
1344143,Injury,Minor/Other Injury,2024,2024,February,Sunday,18:00 - 19:59,SACKVILLE,ST,0,Right on the spot,SARSFIELD,ST,BLACKTOWN,,No,Not a school zone,X-intersection,-33.76409,150.915704,Blacktown,Sydney metro. area,Syd-Newc-Woll Gtr conurbation,Straight,,,,On,Sealed,Dry,Fine,Darkness,Nil,Stop sign,50 km/h,Local,10,Cross traffic,101,Adj - Cross traffic,,Right angle,Car (sedan/hatch),Car (sedan/hatch),2,0,0,0,1,2,February,Summer,Sunday,18:00 - 19:59,PM peak / evening commute,True,False,True,True
1344147,Injury,Serious Injury,2024,2024,February,Saturday,16:00 - 17:59,GARDENERS,RD,50,East,MALONEY,ST,ROSEBERY,183.0,No,Not a school zone,Divided road,-33.923015,151.207574,Sydney,Sydney metro. area,Syd-Newc-Woll Gtr conurbation,Straight,,,,Off,Sealed,Dry,Fine,Dusk,Nil,No traffic controls,60 km/h,State,30,Rear end,301,Same - Rear end,,Rear end,Light truck utility(from 2018),Light truck,2,0,1,0,1,2,February,Summer,Saturday,16:00 - 17:59,PM peak / evening commute,True,False,True,True
1344153,Injury,Moderate Injury,2024,2024,February,Monday,14:00 - 15:59,BRENNAN,RD,0,Right on the spot,WARD,ST,YAGOONA,,No,Not a school zone,X-intersection,-33.901908,151.009978,Canterbury-Bankstown,Sydney metro. area,Syd-Newc-Woll Gtr conurbation,Straight,,,,Unknown / not stated,Sealed,Dry,Fine,Daylight,Nil,Give way sign,50 km/h,Local,10,Cross traffic,101,Adj - Cross traffic,,Right angle,4 wheel drive / SUV,4 wheel drive / SUV,2,0,0,1,1,2,February,Summer,Monday,14:00 - 15:59,Midday / afternoon,False,False,True,True
1344154,Injury,Minor/Other Injury,2024,2024,February,Friday,06:00 - 07:59,BERNERA,RD,0,Right on the spot,JEDDA,RD,PRESTONS,670.0,No,Not a school zone,Roundabout,-33.93253,150.869131,Liverpool,Sydney metro. area,Syd-Newc-Woll Gtr conurbation,Curved,,,,Unknown / not stated,Sealed,Dry,Fine,Daylight,Nil,Give way sign,60 km/h,State,36,Right turn sideswipe,308,Same - Rgt turn side swipe,,Other angle,Light truck utility(from 2018),Semi-trailer,2,0,0,0,1,2,February,Summer,Friday,06:00 - 07:59,AM peak / school commute,True,False,True,True
1344162,Injury,Minor/Other Injury,2024,2024,February,Tuesday,08:00 - 09:59,GILBERT,RD,115,West,OLD NORTHERN,RD,GLENHAVEN,7146.0,No,Not a school zone,2-way undivided,-33.715074,151.015028,The Hills,Sydney metro. area,Syd-Newc-Woll Gtr conurbation,Straight,,,,Unknown / not stated,Sealed,Wet,Overcast,Daylight,Nil,No traffic controls,60 km/h,Regional,30,Rear end,301,Same - Rear end,,Rear end,Car (sedan/hatch),4 wheel drive / SUV,2,0,0,0,1,2,February,Summer,Tuesday,08:00 - 09:59,AM peak / school commute,True,False,True,True
1344164,Injury,Minor/Other Injury,2024,2024,January,Sunday,18:00 - 19:59,BEXLEY,RD,0,Right on the spot,JARRETT,ST,CLEMTON PARK,169.0,No,Not a school zone,X-intersection,-33.924089,151.107999,Canterbury-Bankstown,Sydney metro. area,Syd-Newc-Woll Gtr conurbation,Straight,,,,Unknown / not stated,Sealed,Dry,Fine,Dusk,On,No traffic controls,60 km/h,State,39,Other same direction,300,Same - other,,Other angle,Car (sedan/hatch),Station wagon,2,0,0,0,1,1,January,Summer,Sunday,18:00 - 19:59,PM peak / evening commute,True,False,True,True
1344168,Injury,Minor/Other Injury,2024,2024,February,Monday,18:00 - 19:59,CUMBERLAND,HWY,0,Right on the spot,WINDSOR ROAD,OP,NORTH ROCKS,13.0,No,Not a school zone,Other,-33.791679,150.997816,Parramatta,Sydney metro. area,Syd-Newc-Woll Gtr conurbation,Straight,Underpass/tunnel,,,Unknown / not stated,Sealed,Dry,Fine,Dusk,Nil,No traffic controls,90 km/h,State,30,Rear end,301,Same - Rear end,,Rear end,Car (sedan/hatch),Car (sedan/hatch),2,0,0,0,1,2,February,Summer,Monday,18:00 - 19:59,PM peak / evening commute,True,False,True,True
1344170,Injury,Moderate Injury,2024,2024,February,Friday,14:00 - 15:59,HENRY LAWSON,DR,0,Right on the spot,HAIG,AVE,GEORGES HALL,508.0,No,Not a school zone,T-junction,-33.91406,150.975531,Canterbury-Bankstown,Sydney metro. area,Syd-Newc-Woll Gtr conurbation,Straight,,,,Unknown / not stated,Sealed,Dry,Fine,Daylight,On,No traffic controls,60 km/h,State,21,Right through,202,Opp - Right-thru,,Other angle,4 wheel drive / SUV,4 wheel drive / SUV,4,0,0,1,0,2,February,Summer,Friday,14:00 - 15:59,Midday / afternoon,False,False,True,True
1344171,Injury,Moderate Injury,2024,2024,February,Saturday,10:00 - 11:59,COAST,RD,0,Right on the spot,KEATS,ST,BYRON BAY,545.0,No,Not a school zone,X-intersection,-28.654202,153.615775,Byron,Country urban,Rest of NSW - Urban,Straight,,,,Unknown / not stated,Sealed,Dry,Fine,Daylight,Nil,Give way sign,50 km/h,Regional,30,Rear end,301,Same - Rear end,,Rear end,Car (sedan/hatch),Station wagon,2,0,0,1,0,2,February,Summer,Saturday,10:00 - 11:59,Midday / afternoon,False,False,True,True
1344175,Injury,Minor/Other Injury,2024,2024,February,Monday,04:00 - 05:59,CARLISLE,AVE,0,Right on the spot,WOODSTOCK,AVE,MOUNT DRUITT,629.0,No,Not a school zone,Roundabout,-33.756525,150.818475,Blacktown,Sydney metro. area,Syd-Newc-Woll Gtr conurbation,Straight,,,,Unknown / not stated,Sealed,Dry,Fine,Dawn,Nil,Give way sign,60 km/h,State,39,Other same direction,300,Same - other,,Other angle,4 wheel drive / SUV,4 wheel drive / SUV,2,0,0,0,1,2,February,Summer,Monday,04:00 - 05:59,Late night / early morning,False,False,True,True
1344176,Injury,Moderate Injury,2024,2024,February,Wednesday,16:00 - 17:59,PARSONS,ST,0,Right on the spot,BUNNINGS CAR PARK,ENT,ROZELLE,,No,Not a school zone,2-way undivided,-33.865235,151.176289,Inner West,Sydney metro. area,Syd-Newc-Woll Gtr conurbation,Straight,Foot/cycle path/nature strip,,,Unknown / not stated,Sealed,Dry,Fine,Daylight,Nil,No traffic controls,40 km/h,Local,41,U turn into object,409,Manov - U-turn into fixed obje,,Vehicle - Object,Car (sedan/hatch),,1,0,0,1,0,2,February,Summer,Wednesday,16:00 - 17:59,PM peak / evening commute,True,False,True,True
1344180,Injury,Minor/Other Injury,2024,2024,February,Tuesday,10:00 - 11:59,GREAT WESTERN,HWY,0,Right on the spot,CRYSTAL,ST,PETERSHAM,5.0,No,Not a school zone,T-junction,-33.887985,151.159133,Inner West,Sydney metro. area,Syd-Newc-Woll Gtr conurbation,Straight,,,,Unknown / not stated,Sealed,Dry,Fine,Daylight,On,No traffic controls,60 km/h,State,30,Rear end,301,Same - Rear end,,Rear end,Car (sedan/hatch),Car (sedan/hatch),2,0,0,0,1,2,February,Summer,Tuesday,10:00 - 11:59,Midday / afternoon,False,False,True,True
1344184,Injury,Minor/Other Injury,2024,2024,February,Thursday,12:00 - 13:59,TERRIGAL,ESP,0,Right on the spot,TERRIGAL HAVEN,ENT,TERRIGAL,,No,Not a school zone,2-way undivided,-33.448809,151.448566,Central Coast,Country urban,Syd-Newc-Woll Gtr conurbation,Straight,Driveway/entrance,,,Unknown / not stated,Sealed,Dry,Fine,Daylight,Nil,No traffic controls,50 km/h,Local,29,Other opposing,200,Opp - other,,Other angle,4 wheel drive / SUV,4 wheel drive / SUV,2,0,0,0,1,2,February,Summer,Thursday,12:00 - 13:59,Midday / afternoon,False,False,True,True
1344186,Injury,Minor/Other Injury,2024,2024,February,Tuesday,12:00 - 13:59,HAT HILL,RD,0,Right on the spot,WENTWORTH,ST,BLACKHEATH,,No,Not a school zone,X-intersection,-33.632404,150.286057,Blue Mountains,Country urban,Syd-Newc-Woll Gtr conurbation,Straight,,,,Off,Sealed,Dry,Fine,Daylight,Nil,Stop sign,50 km/h,Local,10,Cross traffic,101,Adj - Cross traffic,,Right angle,4 wheel drive / SUV,Car (sedan/hatch),2,0,0,0,1,2,February,Summer,Tuesday,12:00 - 13:59,Midday / afternoon,False,False,True,True
1344188,Injury,Minor/Other Injury,2024,2024,February,Thursday,14:00 - 15:59,GREEN,RD,0,Right on the spot,PRESIDENT,RD,KELLYVILLE,7470.0,No,Not a school zone,Roundabout,-33.70946,150.973793,The Hills,Sydney metro. area,Syd-Newc-Woll Gtr conurbation,Curved,,,,Unknown / not stated,Sealed,Dry,Fine,Daylight,Nil,Give way sign,60 km/h,Regional,30,Rear end,301,Same - Rear end,,Rear end,Car (sedan/hatch),Motor scooter,2,0,0,0,1,2,February,Summer,Thursday,14:00 - 15:59,Midday / afternoon,False,False,True,True
1344189,Injury,Minor/Other Injury,2024,2024,February,Wednesday,14:00 - 15:59,BARDWELL,RD,10,East,BELMONT,RD,MOSMAN,,No,Not a school zone,Roundabout,-33.827683,151.234933,Mosman,Sydney metro. area,Syd-Newc-Woll Gtr conurbation,Straight,,,,Unknown / not stated,Sealed,Dry,Fine,Daylight,Nil,No traffic controls,50 km/h,Local,30,Rear end,301,Same - Rear end,,Rear end,4 wheel drive / SUV,4 wheel drive / SUV,2,0,0,0,1,2,February,Summer,Wednesday,14:00 - 15:59,Midday / afternoon,False,False,True,True
1344190,Injury,Serious Injury,2024,2024,February,Friday,16:00 - 17:59,PACIFIC,HWY,0,Right on the spot,FIDDAMAN ROAD,TO,EMERALD BEACH,10.0,No,Not a school zone,Divided road,-30.167209,153.17869,Coffs Harbour,Country non-urban,Rest of NSW - Rural,Straight,,,,Unknown / not stated,Sealed,Wet,Overcast,Daylight,Nil,No traffic controls,110 km/h,State,72,Off road to right,702,Off carriageway to right,,Rollover,Station wagon,,1,0,1,0,0,2,February,Summer,Friday,16:00 - 17:59,PM peak / evening commute,True,False,True,True
1344191,Injury,Moderate Injury,2024,2024,February,Saturday,10:00 - 11:59,BLACK RANGE,RD,9000,East,JENOLAN CAVES,RD,JENOLAN,253.0,No,Not a school zone,2-way undivided,-33.77777,150.11241,Oberon,Country urban,Rest of NSW - Urban,Curved,,,,Unknown / not stated,Unsealed,Unknown,Unknown,Daylight,Nil,No traffic controls,20 km/h,State,20,Head on,201,Opp - Head on,,Head-on,Motorcycle,Motorcycle,2,0,0,1,1,2,February,Summer,Saturday,10:00 - 11:59,Midday / afternoon,False,False,True,True
1344194,Injury,Minor/Other Injury,2024,2024,February,Saturday,18:00 - 19:59,FIFIELD,RD,15000,West,THE BOGAN,WAY,FIFIELD,57.0,No,Not a school zone,2-way undivided,-32.714626,147.46507,Lachlan,Country non-urban,Rest of NSW - Rural,Straight,,,,Unknown / not stated,Sealed,Dry,Fine,Daylight,Nil,No traffic controls,100 km/h,Regional,72,Off road to right,702,Off carriageway to right,,Rollover,Road train,,1,0,0,0,1,2,February,Summer,Saturday,18:00 - 19:59,PM peak / evening commute,True,False,True,True
1344198,Injury,Moderate Injury,2024,2024,February,Saturday,12:00 - 13:59,FAIRFIELD,RD,0,Right on the spot,MCCREDIE,RD,GUILDFORD WEST,7222.0,No,Not a school zone,X-intersection,-33.850455,150.961131,Cumberland,Sydney metro. area,Syd-Newc-Woll Gtr conurbation,Straight,,,,Unknown / not stated,Sealed,Dry,Fine,Daylight,On,No right turn,60 km/h,Regional,21,Right through,202,Opp - Right-thru,,Other angle,Light truck utility(from 2018),Car (sedan/hatch),2,0,0,1,0,2,February,Summer,Saturday,12:00 - 13:59,Midday / afternoon,False,False,True,True
1344208,Injury,Minor/Other Injury,2024,2024,February,Tuesday,08:00 - 09:59,FRANKLIN,ST,0,Right on the spot,KNOWLES,AVE,MATRAVILLE,,No,Not a school zone,Roundabout,-33.961933,151.23822,Randwick,Sydney metro. area,Syd-Newc-Woll Gtr conurbation,Straight,,,,Unknown / not stated,Sealed,Dry,Fine,Daylight,Nil,Give way sign,60 km/h,Local,30,Rear end,301,Same - Rear end,,Rear end,Car (sedan/hatch),4 wheel drive / SUV,2,0,0,0,1,2,February,Summer,Tuesday,08:00 - 09:59,AM peak / school commute,True,False,True,True
1344215,Injury,Moderate Injury,2024,2024,February,Monday,18:00 - 19:59,ROBERTS,RD,0,Right on the spot,NORFOLK,RD,GREENACRE,200.0,No,Not a school zone,X-intersection,-33.89538,151.066287,Strathfield,Sydney metro. area,Syd-Newc-Woll Gtr conurbation,Straight,,,,Unknown / not stated,Sealed,Dry,Fine,Dusk,On,No traffic controls,70 km/h,State,30,Rear end,301,Same - Rear end,,Rear end,Car (sedan/hatch),Light truck utility(from 2018),2,0,0,1,0,2,February,Summer,Monday,18:00 - 19:59,PM peak / evening commute,True,False,True,True
1344216,Injury,Serious Injury,2024,2024,February,Sunday,12:00 - 13:59,HUME,HWY,0,Right on the spot,MURRAYS FLAT,RD,BOXERS CREEK,2.0,No,Not a school zone,T-junction,-34.736486,149.787303,Goulburn Mulwaree,Country non-urban,Rest of NSW - Rural,Straight,Ditch/drain/culvert,,,Unknown / not stated,Sealed,Dry,Fine,Daylight,Nil,Give way sign,110 km/h,State,41,U turn into object,409,Manov - U-turn into fixed obje,,Vehicle - Object,Car (sedan/hatch),,1,0,1,0,0,2,February,Summer,Sunday,12:00 - 13:59,Midday / afternoon,False,False,True,True
1344217,Injury,Minor/Other Injury,2024,2024,February,Friday,10:00 - 11:59,PACIFIC,HWY,0,Right on the spot,HURLEY,DR,COFFS HARBOUR,10.0,No,Not a school zone,T-junction,-30.308412,153.100582,Coffs Harbour,Country urban,Rest of NSW - Urban,Curved,,,,Unknown / not stated,Sealed,Dry,Fine,Daylight,On,No traffic controls,60 km/h,State,30,Rear end,301,Same - Rear end,,Rear end,Car (sedan/hatch),Light truck utility(from 2018),2,0,0,0,1,2,February,Summer,Friday,10:00 - 11:59,Midday / afternoon,False,False,True,True
1344222,Injury,Minor/Other Injury,2024,2024,February,Sunday,18:00 - 19:59,LANE COVE,RD,0,Right on the spot,EPPING ROAD,TO,NORTH RYDE,162.0,No,Not a school zone,Divided road,-33.788175,151.125305,Ryde,Sydney metro. area,Syd-Newc-Woll Gtr conurbation,Straight,,,,Unknown / not stated,Sealed,Dry,Fine,Dusk,Nil,No traffic controls,70 km/h,State,30,Rear end,301,Same - Rear end,,Rear end,4 wheel drive / SUV,Car (sedan/hatch),2,0,0,0,1,2,February,Summer,Sunday,18:00 - 19:59,PM peak / evening commute,True,False,True,True
1344223,Injury,Minor/Other Injury,2024,2024,February,Tuesday,16:00 - 17:59,NEWCASTLE,EXP,1000,South,PACIFIC HIGHWAY,TO,OURIMBAH,6003.0,No,Not a school zone,Dual freeway,-33.352663,151.357494,Central Coast,Country non-urban,Syd-Newc-Woll Gtr conurbation,Curved,Steep grade,,,Unknown / not stated,Sealed,Wet,Raining,Daylight,Nil,No traffic controls,110 km/h,State,30,Rear end,301,Same - Rear end,,Rear end,4 wheel drive / SUV,Car (sedan/hatch),2,0,0,0,1,2,February,Summer,Tuesday,16:00 - 17:59,PM peak / evening commute,True,False,True,True
1344229,Injury,Minor/Other Injury,2024,2024,February,Sunday,20:00 - 21:59,MARCUS,ST,450,West,WILTON PARK,RD,WILTON,,No,Not a school zone,2-way undivided,-34.219262,150.633288,Wollondilly,Country non-urban,Syd-Newc-Woll Gtr conurbation,Straight,Embankment/cutting,,,Nil,Sealed,Dry,Fine,Darkness,Nil,No traffic controls,100 km/h,Local,70,Off road to left,701,Off carriageway to left,,Rollover,Light truck utility(from 2018),,1,0,0,0,1,2,February,Summer,Sunday,20:00 - 21:59,Evening / night,False,False,True,True
1344230,Injury,Moderate Injury,2024,2024,February,Monday,16:00 - 17:59,BORONIA,AVE,300,West,KENT,ST,EPPING,,No,Not a school zone,2-way undivided,-33.775411,151.073329,Parramatta,Sydney metro. area,Syd-Newc-Woll Gtr conurbation,Straight,,,,Unknown / not stated,Sealed,Dry,Overcast,Dusk,Nil,No traffic controls,50 km/h,Local,20,Head on,201,Opp - Head on,,Head-on,Car (sedan/hatch),Light truck utility(from 2018),2,0,0,2,0,2,February,Summer,Monday,16:00 - 17:59,PM peak / evening commute,True,False,True,True
1344231,Injury,Moderate Injury,2024,2024,February,Sunday,14:00 - 15:59,MID WESTERN,HWY,0,Right on the spot,LACHLAN VALLEY,WAY,COWRA,6.0,No,Not a school zone,T-junction,-33.834699,148.681177,Cowra,Country urban,Rest of NSW - Urban,Straight,,,,Unknown / not stated,Sealed,Wet,Raining,Daylight,Nil,Give way sign,50 km/h,State,72,Off road to right,702,Off carriageway to right,,Rollover,Motorcycle,,1,0,0,1,0,2,February,Summer,Sunday,14:00 - 15:59,Midday / afternoon,False,False,True,True
1344233,Injury,Serious Injury,2024,2024,February,Monday,08:00 - 09:59,ROSE,AVE,0,Right on the spot,THORN,PL,MOUNT PRITCHARD,,No,Not a school zone,T-junction,-33.899217,150.896882,Fairfield,Sydney metro. area,Syd-Newc-Woll Gtr conurbation,Straight,Driveway/entrance,,,Nil,Sealed,Dry,Fine,Daylight,Nil,No traffic controls,50 km/h,Local,47,Emerging from drive,406,Manov - Emerging from driveway,,Right angle,Car (sedan/hatch),Car (sedan/hatch),3,0,2,0,0,2,February,Summer,Monday,08:00 - 09:59,AM peak / school commute,True,False,True,True
1344234,Injury,Serious Injury,2024,2024,February,Tuesday,14:00 - 15:59,JUBILEE,RD,0,Right on the spot,WENTWORTH,ST,PORT KEMBLA,,No,Not a school zone,X-intersection,-34.479938,150.900481,Wollongong,Wollongong met. area,Syd-Newc-Woll Gtr conurbation,Straight,,,,Unknown / not stated,Sealed,Dry,Overcast,Daylight,Nil,Give way sign,50 km/h,Local,20,Head on,201,Opp - Head on,,Head-on,Car (sedan/hatch),Car (sedan/hatch),2,0,1,0,0,2,February,Summer,Tuesday,14:00 - 15:59,Midday / afternoon,False,False,True,True
1344238,Injury,Minor/Other Injury,2024,2024,February,Thursday,14:00 - 15:59,CABRAMATTA,RD,0,Right on the spot,GLADSTONE,ST,CABRAMATTA,534.0,No,Not a school zone,X-intersection,-33.89689,150.927843,Fairfield,Sydney metro. area,Syd-Newc-Woll Gtr conurbation,Straight,,,,Unknown / not stated,Sealed,Dry,Fine,Daylight,On,No traffic controls,60 km/h,State,21,Right through,202,Opp - Right-thru,,Other angle,Car (sedan/hatch),Car (sedan/hatch),2,0,0,0,1,2,February,Summer,Thursday,14:00 - 15:59,Midday / afternoon,False,False,True,True
1344240,Injury,Minor/Other Injury,2024,2024,February,Wednesday,14:00 - 15:59,TERRY,RD,20,East,MARSDEN,RD,EASTWOOD,,No,Not a school zone,2-way undivided,-33.790803,151.065959,Parramatta,Sydney metro. area,Syd-Newc-Woll Gtr conurbation,Straight,,,,Unknown / not stated,Sealed,Dry,Fine,Daylight,Nil,No traffic controls,50 km/h,Local,30,Rear end,301,Same - Rear end,,Rear end,Car (sedan/hatch),Car (sedan/hatch),2,0,0,0,2,2,February,Summer,Wednesday,14:00 - 15:59,Midday / afternoon,False,False,True,True
1344246,Injury,Moderate Injury,2024,2024,February,Tuesday,12:00 - 13:59,JOHN,ST,0,Right on the spot,RYAN,AVE,SINGLETON,128.0,No,Not a school zone,X-intersection,-32.563214,151.169177,Singleton,Country urban,Rest of NSW - Urban,Straight,,,,Unknown / not stated,Sealed,Dry,Overcast,Daylight,On,No traffic controls,50 km/h,Regional,21,Right through,202,Opp - Right-thru,,Other angle,Car (sedan/hatch),Car (sedan/hatch),2,0,0,1,0,2,February,Summer,Tuesday,12:00 - 13:59,Midday / afternoon,False,False,True,True
1344253,Injury,Moderate Injury,2024,2024,February,Tuesday,02:00 - 03:59,RAILWAY,TCE,0,Right on the spot,WEST,ST,LEWISHAM,664.0,No,Not a school zone,T-junction,-33.89408,151.149844,Inner West,Sydney metro. area,Syd-Newc-Woll Gtr conurbation,Straight,,,,Unknown / not stated,Sealed,Wet,Raining,Darkness,On,No traffic controls,60 km/h,State,21,Right through,202,Opp - Right-thru,,Other angle,4 wheel drive / SUV,4 wheel drive / SUV,2,0,0,1,0,2,February,Summer,Tuesday,02:00 - 03:59,Late night / early morning,False,False,True,True
1344255,Injury,Minor/Other Injury,2024,2024,January,Sunday,20:00 - 21:59,CAMPBELLTOWN,RD,0,Right on the spot,RABY,RD,MINTO,177.0,No,Not a school zone,Roundabout,-34.030607,150.830835,Campbelltown,Sydney metro. area,Syd-Newc-Woll Gtr conurbation,Straight,,,,Unknown / not stated,Sealed,Dry,Fine,Darkness,Nil,Give way sign,70 km/h,State,30,Rear end,301,Same - Rear end,,Rear end,Car (sedan/hatch),4 wheel drive / SUV,2,0,0,0,1,1,January,Summer,Sunday,20:00 - 21:59,Evening / night,False,False,True,True
1344258,Injury,Serious Injury,2024,2024,February,Friday,08:00 - 09:59,WRENTMORE,ST,50,West,BARBARA,ST,FAIRFIELD,,No,Not a school zone,2-way undivided,-33.870339,150.952808,Fairfield,Sydney metro. area,Syd-Newc-Woll Gtr conurbation,Straight,,,,Unknown / not stated,Sealed,Wet,Overcast,Daylight,Nil,No traffic controls,50 km/h,Local,90,Fell in/from vehicle,901,Fell in/from vehicle,,Person - Object,4 wheel drive / SUV,,1,0,1,0,0,2,February,Summer,Friday,08:00 - 09:59,AM peak / school commute,True,False,True,True
1344259,Injury,Serious Injury,2024,2024,February,Thursday,14:00 - 15:59,SOUTHERN,EXP,2000,North,APPIN ROAD,OP,CATARACT,6006.0,No,Not a school zone,Dual freeway,-34.292286,150.921541,Wollongong,Wollongong met. area,Syd-Newc-Woll Gtr conurbation,Straight,,,,Unknown / not stated,Sealed,Dry,Fine,Daylight,Nil,No traffic controls,110 km/h,State,30,Rear end,301,Same - Rear end,,Rear end,4 wheel drive / SUV,Car (sedan/hatch),2,0,1,0,0,2,February,Summer,Thursday,14:00 - 15:59,Midday / afternoon,False,False,True,True
1344333,Injury,Moderate Injury,2024,2024,January,Thursday,16:00 - 17:59,HASTINGS RIVER,DR,0,Right on the spot,NEWPORT ISLAND,RD,PORT MACQUARIE,600.0,No,Not a school zone,Roundabout,-31.430278,152.886504,Port Macquarie-Hastings,Country urban,Rest of NSW - Urban,Straight,,,,Nil,Sealed,Dry,Fine,Daylight,Nil,Give way sign,60 km/h,Regional,10,Cross traffic,101,Adj - Cross traffic,,Right angle,Motorcycle,4 wheel drive / SUV,2,0,0,1,0,1,January,Summer,Thursday,16:00 - 17:59,PM peak / evening commute,True,False,True,True
1344334,Injury,Serious Injury,2024,2024,January,Monday,00:01 - 01:59,KIRRANG,AVE,0,Right on the spot,VILLAWOOD,RD,VILLAWOOD,,No,Not a school zone,L-junction,-33.881709,150.972644,Fairfield,Sydney metro. area,Syd-Newc-Woll Gtr conurbation,Curved,,Police pursuit,,On,Sealed,Dry,Overcast,Darkness,Nil,No traffic controls,50 km/h,Local,81,Off left/rt bnd=>obj,803,Off right bend into obj,Left,Vehicle - Object,Car (sedan/hatch),,1,0,3,0,1,1,January,Summer,Monday,00:01 - 01:59,Late night / early morning,False,False,True,True
1344342,Injury,Moderate Injury,2024,2024,January,Monday,12:00 - 13:59,PACIFIC,HWY,200,North,HUNTERVIEW,RD,NORTH ARM COVE,10.0,No,Not a school zone,Divided road,-32.637463,152.036104,Mid-Coast,Country non-urban,Rest of NSW - Rural,Curved,,,,Nil,Sealed,Dry,Fine,Daylight,Nil,No traffic controls,110 km/h,State,81,Off left/rt bnd=>obj,803,Off right bend into obj,Left,Vehicle - Object,Car (sedan/hatch),,1,0,0,1,0,1,January,Summer,Monday,12:00 - 13:59,Midday / afternoon,False,False,True,True
1344346,Injury,Moderate Injury,2024,2024,January,Thursday,06:00 - 07:59,ANSELMO,CL,0,Right on the spot,EMERALD HEIGHTS,DR,EMERALD BEACH,,No,Not a school zone,T-junction,-30.15833,153.189288,Coffs Harbour,Country urban,Rest of NSW - Urban,Straight,,,,Off,Sealed,Dry,Fine,Daylight,Nil,No traffic controls,50 km/h,Local,73,Off rd rght => obj,704,Right off cway into obj,,Vehicle - Object,Car (sedan/hatch),,1,0,0,1,0,1,January,Summer,Thursday,06:00 - 07:59,AM peak / school commute,True,False,True,True
1344347,Injury,Moderate Injury,2024,2024,January,Monday,02:00 - 03:59,LAWRENCE,RD,500,North,GREENS,LANE,LOWER SOUTHGATE,152.0,No,Not a school zone,2-way undivided,-29.516331,153.095136,Clarence Valley,Country non-urban,Rest of NSW - Rural,Straight,,,,On,Sealed,Dry,Fine,Darkness,Nil,No traffic controls,100 km/h,Regional,72,Off road to right,702,Off carriageway to right,,Rollover,Light truck utility(from 2018),,1,0,0,1,1,1,January,Summer,Monday,02:00 - 03:59,Late night / early morning,False,False,True,True
1344351,Injury,Serious Injury,2024,2024,January,Tuesday,18:00 - 19:59,RIDGE,TRL,2000,South,LOGAN,RD,GLENROY,,No,Not a school zone,2-way undivided,-36.062684,146.893247,Albury,Country urban,Rest of NSW - Urban,Curved,,,,Nil,Unsealed,Dry,Overcast,Daylight,Nil,No traffic controls,80 km/h,Local,20,Head on,201,Opp - Head on,,Head-on,Motorcycle,Pedal cycle,2,0,1,0,1,1,January,Summer,Tuesday,18:00 - 19:59,PM peak / evening commute,True,False,True,True
1344352,Injury,Minor/Other Injury,2024,2024,January,Sunday,10:00 - 11:59,TERRANORA,PDE,0,Right on the spot,NUMBER 27,HN,BILAMBIL HEIGHTS,,No,Not a school zone,2-way undivided,-28.213273,153.490438,Tweed,Country urban,Rest of NSW - Urban,Straight,Steep grade,,,Nil,Sealed,Unknown,Unknown,Daylight,Nil,No traffic controls,50 km/h,Local,71,Off rd left => obj,703,Left off cway into object,,Other angle,4 wheel drive / SUV,Car (sedan/hatch),3,0,0,0,1,1,January,Summer,Sunday,10:00 - 11:59,Midday / afternoon,False,False,True,True
1344356,Injury,Serious Injury,2024,2024,January,Saturday,16:00 - 17:59,PACIFIC,HWY,100,South,TUCKOMOBIL CANAL,BDGE,WOODBURN,10.0,No,Not a school zone,Divided road,-29.088165,153.342317,Richmond Valley,Country non-urban,Rest of NSW - Rural,Curved,,,,Nil,Sealed,Dry,Overcast,Daylight,Nil,No traffic controls,110 km/h,State,85,Off rt/lft bnd=>obj,804,Off left bend into obj,Right,Vehicle - Object,4 wheel drive / SUV,,1,0,1,0,0,1,January,Summer,Saturday,16:00 - 17:59,PM peak / evening commute,True,False,True,True