crash_id,degree_of_crash,degree_of_crash_-_detailed,reporting_year,year_of_crash,month_of_crash,day_of_week_of_crash,two-hour_intervals,street_of_crash,street_type,distance,direction,identifying_feature,identifying_feature_type,town,route_no.,school_zone_location,school_zone_active,type_of_location,latitude,longitude,lga,urbanisation,conurbation_1,alignment,primary_permanent_feature,primary_temporary_feature,primary_hazardous_feature,street_lighting,road_surface,surface_condition,weather,natural_lighting,signals_operation,other_traffic_control,speed_limit,road_classification_(admin),rum_-_code,rum_-_description,dca_-_code,dca_-_description,dca_supplement,first_impact_type,key_tu_type,other_tu_type,no._of_traffic_units_involved,no._killed,no._seriously_injured,no._moderately_injured,no._minor-other_injured,month_num,month_label,season,day_label,time_label,time_band,is_peak_commute,is_fatal,is_injury,is_casualty
1344358,Injury,Serious Injury,2024,2024,January,Monday,08:00 - 09:59,BEACONSFIELD,ST,0,Right on the spot,SKARRATT,ST,SILVERWATER,,No,Not a school zone,X-intersection,-33.836895,151.035892,Parramatta,Sydney metro. area,Syd-Newc-Woll Gtr conurbation,Straight,,,,Off,Sealed,Wet,Raining,Daylight,Nil,Stop sign,50 km/h,Local,10,Cross traffic,101,Adj - Cross traffic,,Right angle,Car (sedan/hatch),Car (sedan/hatch),4,0,1,1,0,1,January,Summer,Monday,08:00 - 09:59,AM peak / school commute,True,False,True,True
1344366,Injury,Serious Injury,2024,2024,January,Thursday,16:00 - 17:59,GREAT WESTERN,HWY,0,Right on the spot,COOERWULL,RD,BOWENFELS,5.0,No,Not a school zone,T-junction,-33.477951,150.135377,Lithgow,Country urban,Rest of NSW - Urban,Curved,,,,Nil,Sealed,Dry,Fine,Daylight,Nil,Give way sign,70 km/h,State,16,Left near,107,Adj - Left-thru from right,,Right angle,Light truck utility(from 2018),4 wheel drive / SUV,2,0,1,1,1,1,January,Summer,Thursday,16:00 - 17:59,PM peak / evening commute,True,False,True,True
1344369,Injury,Moderate Injury,2024,2024,January,Wednesday,22:00 - Midnight,HUME,HWY,10,East,AUBURN,RD,YAGOONA,2.0,No,Not a school zone,X-intersection,-33.907374,151.020557,Canterbury-Bankstown,Sydney metro. area,Syd-Newc-Woll Gtr conurbation,Curved,,,,On,Sealed,Dry,Fine,Darkness,On,No traffic controls,60 km/h,State,20,Head on,201,Opp - Head on,,Head-on,Motorcycle,Car (sedan/hatch),2,0,0,1,0,1,January,Summer,Wednesday,22:00 - Midnight,Evening / night,False,False,True,True
1344377,Injury,Moderate Injury,2024,2024,January,Wednesday,16:00 - 17:59,PRINCES,HWY,350,North,CORKS,LANE,MILTON,1.0,No,Not a school zone,2-way undivided,-35.308212,150.430733,Shoalhaven,Country urban,Rest of NSW - Urban,Curved,Steep grade,,,Nil,Sealed,Dry,Fine,Daylight,Nil,No traffic controls,60 km/h,State,20,Head on,201,Opp - Head on,,Head-on,Car (sedan/hatch),4 wheel drive / SUV,3,0,0,1,1,1,January,Summer,Wednesday,16:00 - 17:59,PM peak / evening commute,True,False,True,True
1344379,Injury,Moderate Injury,2024,2024,January,Thursday,18:00 - 19:59,NEW ENGLAND,HWY,0,Right on the spot,THOMPSON,ST,MUSWELLBROOK,9.0,No,Not a school zone,T-junction,-32.275228,150.895245,Muswellbrook,Country urban,Rest of NSW - Urban,Straight,,,,Off,Sealed,Dry,Fine,Daylight,On,No traffic controls,50 km/h,State,32,Right rear,303,Same - Rear right,,Rear end,Utility,Station wagon,2,0,0,1,0,1,January,Summer,Thursday,18:00 - 19:59,PM peak / evening commute,True,False,True,True
1344382,Injury,Moderate Injury,2024,2024,January,Wednesday,12:00 - 13:59,ROCKWELL,RD,500,North,WERRALONG,RD,DALGETY,,No,Not a school zone,2-way undivided,-36.461419,148.79862,Snowy Monaro Regional,Country non-urban,Rest of NSW - Rural,Straight,Embankment/cutting,,,Nil,Unsealed,Wet,Fine,Daylight,Nil,No traffic controls,100 km/h,Local,71,Off rd left => obj,703,Left off cway into object,,Vehicle - Object,4 wheel drive / SUV,,1,0,0,2,2,1,January,Summer,Wednesday,12:00 - 13:59,Midday / afternoon,False,False,True,True
1344383,Injury,Moderate Injury,2024,2024,January,Saturday,08:00 - 09:59,JEANETTE,CL,0,Right on the spot,NUMBER 2,HN,ORANGE,,No,Not a school zone,2-way undivided,-33.263798,149.092593,Orange,Country urban,Rest of NSW - Urban,Curved,Driveway/entrance,,,Off,Sealed,Dry,Fine,Daylight,Nil,No traffic controls,50 km/h,Local,46,Reversing into obj,405,Manov - Reverse into fixed obj,,Vehicle - Object,Car (sedan/hatch),,1,0,0,1,0,1,January,Summer,Saturday,08:00 - 09:59,AM peak / school commute,True,False,True,True
1344388,Injury,Serious Injury,2024,2024,February,Wednesday,12:00 - 13:59,DARUKA,RD,0,Right on the spot,NUMBER 193,HN,NORTH TAMWORTH,,No,Not a school zone,2-way undivided,-31.064007,150.9413,Tamworth Regional,Country urban,Rest of NSW - Urban,Curved,,,Slippery surface,Nil,Sealed,Wet,Unknown,Daylight,Nil,No traffic controls,80 km/h,Local,87,Off lft/lft bnd=>obj,804,Off left bend into obj,Left,Vehicle - Object,4 wheel drive / SUV,,1,0,1,0,0,2,February,Summer,Wednesday,12:00 - 13:59,Midday / afternoon,False,False,True,True
1344389,Injury,Serious Injury,2024,2024,January,Wednesday,08:00 - 09:59,ANZAC,PDE,30,South,BOYCE,RD,MAROUBRA,661.0,No,Not a school zone,Divided road,-33.940364,151.23926,Randwick,Sydney metro. area,Syd-Newc-Woll Gtr conurbation,Straight,,,,Off,Sealed,Dry,Fine,Daylight,Nil,No traffic controls,50 km/h,State,0,Ped nearside,1,Ped - Near side,,Vehicle - Pedestrian,4 wheel drive / SUV,Pedestrian,2,0,1,0,0,1,January,Summer,Wednesday,08:00 - 09:59,AM peak / school commute,True,False,True,True
1344390,Injury,Moderate Injury,2024,2024,January,Friday,14:00 - 15:59,HOGBIN,DR,0,Right on the spot,ORLANDO,ST,COFFS HARBOUR,7745.0,No,Not a school zone,Roundabout,-30.292526,153.132823,Coffs Harbour,Country urban,Rest of NSW - Urban,Straight,,,,Nil,Sealed,Dry,Fine,Daylight,Nil,Give way sign,60 km/h,Regional,35,Lane change left,307,Same - Lane change left,,Other angle,Car (sedan/hatch),Light truck utility(from 2018),3,0,0,1,0,1,January,Summer,Friday,14:00 - 15:59,Midday / afternoon,False,False,True,True
1344392,Injury,Serious Injury,2024,2024,February,Sunday,22:00 - Midnight,GREENDALE,RD,500,North,VICKERY,RD,WALLACIA,,No,Not a school zone,2-way undivided,-33.900903,150.64452,Liverpool,Sydney metro. area,Syd-Newc-Woll Gtr conurbation,Curved,Ditch/drain/culvert,,,Nil,Sealed,Dry,Fine,Darkness,Nil,No traffic controls,80 km/h,Local,81,Off left/rt bnd=>obj,803,Off right bend into obj,Left,Vehicle - Object,Car (sedan/hatch),,1,0,1,1,0,2,February,Summer,Sunday,22:00 - Midnight,Evening / night,False,False,True,True
1344394,Injury,Minor/Other Injury,2024,2024,February,Saturday,10:00 - 11:59,SUTTON,RD,0,Right on the spot,FEDERAL,HWY,SUTTON,52.0,No,Not a school zone,T-junction,-35.183763,149.258437,Queanbeyan-Palerang Regional,Country urban,Rest of NSW - Urban,Straight,,,,Off,Sealed,Dry,Fine,Daylight,Nil,Give way sign,80 km/h,State,10,Cross traffic,101,Adj - Cross traffic,,Right angle,Light truck utility(from 2018),Car (sedan/hatch),2,0,0,0,2,2,February,Summer,Saturday,10:00 - 11:59,Midday / afternoon,False,False,True,True
1344403,Injury,Serious Injury,2024,2024,January,Thursday,14:00 - 15:59,BELLS LINE OF,RD,150,West,CROOKED,LANE,NORTH RICHMOND,184.0,No,Not a school zone,2-way undivided,-33.573636,150.713105,Hawkesbury,Country urban,Syd-Newc-Woll Gtr conurbation,Straight,Steep grade,,Loose gravel shoulder,Off,Sealed,Dry,Fine,Daylight,Nil,No traffic controls,60 km/h,State,71,Off rd left => obj,703,Left off cway into object,,Vehicle - Object,4 wheel drive / SUV,,1,0,1,0,0,1,January,Summer,Thursday,14:00 - 15:59,Midday / afternoon,False,False,True,True
1344405,Injury,Minor/Other Injury,2024,2024,February,Thursday,12:00 - 13:59,WEDDERBURN,RD,1480,South,WOODLAND,RD,ST HELENS PARK,,No,Not a school zone,2-way undivided,-34.108686,150.818625,Campbelltown,Sydney metro. area,Syd-Newc-Woll Gtr conurbation,Curved,Other bridge,,,Nil,Sealed,Dry,Fine,Daylight,Nil,No traffic controls,60 km/h,Local,88,Out of cont on bend,805,Out of control on bend,,Rollover,Car (sedan/hatch),,1,0,0,0,1,2,February,Summer,Thursday,12:00 - 13:59,Midday / afternoon,False,False,True,True
1344407,Injury,Serious Injury,2024,2024,January,Saturday,16:00 - 17:59,BRUNSWICK VALLEY,WAY,0,Right on the spot,HARBOUR,WAY,BRUNSWICK HEADS,689.0,No,Not a school zone,Roundabout,-28.534516,153.540264,Byron,Country urban,Rest of NSW - Urban,Curved,Foot/cycle path/nature strip,,,Off,Sealed,Dry,Fine,Daylight,Nil,Give way sign,60 km/h,Regional,88,Out of cont on bend,805,Out of control on bend,,Rollover,Pedal cycle,,1,0,1,0,0,1,January,Summer,Saturday,16:00 - 17:59,PM peak / evening commute,True,False,True,True
1344410,Injury,Serious Injury,2024,2024,February,Saturday,14:00 - 15:59,VICTORIA,RD,0,Right on the spot,ROBERT,ST,ROZELLE,165.0,No,Not a school zone,T-junction,-33.86713,151.175309,Inner West,Sydney metro. area,Syd-Newc-Woll Gtr conurbation,Curved,Steep grade,,,Off,Sealed,Dry,Fine,Daylight,On,No traffic controls,60 km/h,State,30,Rear end,301,Same - Rear end,,Rear end,Motorcycle,Car (sedan/hatch),2,0,1,0,0,2,February,Summer,Saturday,14:00 - 15:59,Midday / afternoon,False,False,True,True
1344412,Injury,Serious Injury,2024,2024,January,Monday,08:00 - 09:59,NYMAGEE,ST,0,Right on the spot,TEMOIN,ST,NARROMINE,,No,Not a school zone,X-intersection,-32.232358,148.242953,Narromine,Country urban,Rest of NSW - Urban,Straight,,,,Off,Sealed,Dry,Fine,Daylight,Nil,Give way sign,50 km/h,Local,79,Other straight,700,Other straight,,Vehicle - Object,Light truck utility(from 2018),,1,0,1,0,0,1,January,Summer,Monday,08:00 - 09:59,AM peak / school commute,True,False,True,True
1344417,Injury,Moderate Injury,2024,2024,February,Friday,16:00 - 17:59,COLCHES,ST,0,Right on the spot,SANDILANDS,ST,CASINO,,No,Not a school zone,X-intersection,-28.849196,153.041582,Richmond Valley,Country urban,Rest of NSW - Urban,Straight,,,,Nil,Sealed,Dry,Fine,Daylight,Nil,Give way sign,50 km/h,Local,10,Cross traffic,101,Adj - Cross traffic,,Right angle,Pedal cycle,Station wagon,2,0,0,1,0,2,February,Summer,Friday,16:00 - 17:59,PM peak / evening commute,True,False,True,True
1344419,Injury,Moderate Injury,2024,2024,February,Wednesday,08:00 - 09:59,OLYMPIC,DR,0,Right on the spot,CHURCH,ST,LIDCOMBE,190.0,No,Not a school zone,X-intersection,-33.861729,151.042278,Cumberland,Sydney metro. area,Syd-Newc-Woll Gtr conurbation,Curved,Underpass/tunnel,,,Off,Sealed,Dry,Fine,Daylight,Off,No traffic controls,70 km/h,State,30,Rear end,301,Same - Rear end,,Rear end,Car (sedan/hatch),Car (sedan/hatch),6,0,0,2,0,2,February,Summer,Wednesday,08:00 - 09:59,AM peak / school commute,True,False,True,True
1344422,Injury,Moderate Injury,2024,2024,February,Friday,16:00 - 17:59,CROSS,ST,0,Right on the spot,MESSITER,ST,CAMPSIE,,No,Not a school zone,T-junction,-33.920124,151.109607,Canterbury-Bankstown,Sydney metro. area,Syd-Newc-Woll Gtr conurbation,Straight,,,,Nil,Sealed,Dry,Fine,Daylight,Nil,No traffic controls,50 km/h,Local,13,Right near,104,Adj - Right-thru from right,,Right angle,Car (sedan/hatch),Car (sedan/hatch),2,0,0,1,1,2,February,Summer,Friday,16:00 - 17:59,PM peak / evening commute,True,False,True,True
1344428,Injury,Serious Injury,2024,2024,February,Saturday,20:00 - 21:59,PACIFIC,HWY,500,North,SOLITARY ISLANDS WAY,TO,CORINDI BEACH,10.0,No,Not a school zone,Divided road,-30.050953,153.185671,Coffs Harbour,Country non-urban,Rest of NSW - Rural,Straight,,,,On,Sealed,Dry,Overcast,Darkness,Nil,No traffic controls,110 km/h,State,20,Head on,201,Opp - Head on,,Head-on,4 wheel drive / SUV,Car (sedan/hatch),2,0,2,0,0,2,February,Summer,Saturday,20:00 - 21:59,Evening / night,False,False,True,True
1344431,Injury,Serious Injury,2024,2024,February,Sunday,18:00 - 19:59,PRINCES,HWY,0,Right on the spot,CAMPBELL,ST,WOLLONGONG,1.0,No,Not a school zone,Roundabout,-34.419567,150.892544,Wollongong,Wollongong met. area,Syd-Newc-Woll Gtr conurbation,Straight,,,,Off,Sealed,Dry,Fine,Daylight,Nil,Give way sign,50 km/h,State,10,Cross traffic,101,Adj - Cross traffic,,Right angle,Unknown motor vehicle,Motor scooter,2,0,1,0,0,2,February,Summer,Sunday,18:00 - 19:59,PM peak / evening commute,True,False,True,True
1344434,Injury,Minor/Other Injury,2024,2024,January,Wednesday,14:00 - 15:59,STURT,HWY,20000,West,HAY,TN,HAY SOUTH,14.0,No,Not a school zone,2-way undivided,-34.592441,144.652693,Hay,Country non-urban,Rest of NSW - Rural,Straight,,,,Nil,Sealed,Wet,Raining,Daylight,Nil,No traffic controls,110 km/h,State,74,On road-out of cont.,705,Out of control on cway,,Rollover,Motorcycle,,1,0,0,0,1,1,January,Summer,Wednesday,14:00 - 15:59,Midday / afternoon,False,False,True,True
1344436,Injury,Minor/Other Injury,2024,2024,February,Friday,22:00 - Midnight,SUSSEX,ST,100,South,KING,ST,SYDNEY,,No,Not a school zone,1-way street,-33.86969,151.203709,Sydney,Sydney metro. area,Syd-Newc-Woll Gtr conurbation,Straight,,,,On,Sealed,Wet,Raining,Darkness,Nil,No traffic controls,40 km/h,Local,34,Lane change right,306,Same - Lane change right,,Other angle,Pedal cycle,Motorcycle,3,0,0,0,1,2,February,Summer,Friday,22:00 - Midnight,Evening / night,False,False,True,True
1344437,Injury,Serious Injury,2024,2024,February,Sunday,20:00 - 21:59,GOULBURN,ST,0,Right on the spot,SUSSEX,ST,SYDNEY,7305.0,No,Not a school zone,X-intersection,-33.877607,151.2047,Sydney,Sydney metro. area,Syd-Newc-Woll Gtr conurbation,Straight,,,,On,Sealed,Dry,Fine,Darkness,On,Ped crossing,40 km/h,Regional,2,Ped far side,3,Ped - Far side,,Vehicle - Pedestrian,Car (sedan/hatch),Pedestrian,2,0,1,0,0,2,February,Summer,Sunday,20:00 - 21:59,Evening / night,False,False,True,True
1344450,Injury,Serious Injury,2024,2024,February,Tuesday,14:00 - 15:59,NEWMAN,ST,30,East,BURFORD,ST,MERRYLANDS,,No,Not a school zone,2-way undivided,-33.837702,150.985721,Cumberland,Sydney metro. area,Syd-Newc-Woll Gtr conurbation,Straight,,,,Nil,Sealed,Dry,Overcast,Daylight,Nil,No traffic controls,50 km/h,Local,0,Ped nearside,1,Ped - Near side,,Vehicle - Pedestrian,Car (sedan/hatch),Pedestrian,3,0,1,0,1,2,February,Summer,Tuesday,14:00 - 15:59,Midday / afternoon,False,False,True,True
1344453,Injury,Moderate Injury,2024,2024,February,Sunday,16:00 - 17:59,OALLEN FORD,RD,275,North,SANDY PT,RD,WINDELLAMA,,No,Not a school zone,2-way undivided,-35.060154,149.863921,Goulburn Mulwaree,Country non-urban,Rest of NSW - Rural,Curved,,,,Nil,Sealed,Dry,Fine,Daylight,Nil,No traffic controls,100 km/h,Local,67,Struck animal,609,On path - Hit animal,,Vehicle - Animal,Light truck utility(from 2018),,1,0,0,1,1,2,February,Summer,Sunday,16:00 - 17:59,PM peak / evening commute,True,False,True,True
1344455,Injury,Moderate Injury,2024,2024,January,Wednesday,14:00 - 15:59,PRINCES,HWY,10,North,STONY HILL,LANE,MILTON,1.0,No,Not a school zone,T-junction,-35.310909,150.431831,Shoalhaven,Country urban,Rest of NSW - Urban,Straight,,,,Nil,Sealed,Dry,Fine,Daylight,Nil,No traffic controls,50 km/h,State,30,Rear end,301,Same - Rear end,,Rear end,Light truck utility(from 2018),4 wheel drive / SUV,2,0,0,1,0,1,January,Summer,Wednesday,14:00 - 15:59,Midday / afternoon,False,False,True,True
1344458,Injury,Serious Injury,2024,2024,January,Wednesday,12:00 - 13:59,MILL,RD,0,Right on the spot,NAGLE,ST,LIVERPOOL,,No,Not a school zone,X-intersection,-33.929411,150.920693,Liverpool,Sydney metro. area,Syd-Newc-Woll Gtr conurbation,Straight,,,,Off,Sealed,Dry,Unknown,Daylight,Nil,Give way sign,50 km/h,Local,13,Right near,104,Adj - Right-thru from right,,Right angle,Car (sedan/hatch),Car (sedan/hatch),2,0,1,1,0,1,January,Summer,Wednesday,12:00 - 13:59,Midday / afternoon,False,False,True,True
1344459,Injury,Serious Injury,2024,2024,January,Friday,10:00 - 11:59,OCEAN,DR,50,South,HINDMAN,ST,PORT MACQUARIE,600.0,No,Not a school zone,Divided road,-31.443442,152.898698,Port Macquarie-Hastings,Country urban,Rest of NSW - Urban,Curved,,,,Off,Sealed,Dry,Overcast,Daylight,Nil,No traffic controls,70 km/h,Regional,85,Off rt/lft bnd=>obj,804,Off left bend into obj,Right,Vehicle - Object,Car (sedan/hatch),,1,0,1,0,0,1,January,Summer,Friday,10:00 - 11:59,Midday / afternoon,False,False,True,True
1344460,Injury,Serious Injury,2024,2024,February,Monday,18:00 - 19:59,OLD WINDSOR,RD,0,Right on the spot,ABBOTT ROAD,TO,SEVEN HILLS,635.0,No,Not a school zone,Divided road,-33.765371,150.958157,Blacktown,Sydney metro. area,Syd-Newc-Woll Gtr conurbation,Straight,Steep grade,,,On,Sealed,Dry,Fine,Dusk,Nil,No traffic controls,80 km/h,State,30,Rear end,301,Same - Rear end,,Rear end,Motorcycle,Car (sedan/hatch),2,0,1,0,0,2,February,Summer,Monday,18:00 - 19:59,PM peak / evening commute,True,False,True,True
1344463,Injury,Moderate Injury,2024,2024,January,Monday,16:00 - 17:59,HAWKESBURY,RD,0,Right on the spot,MOORE,RD,SPRINGWOOD,570.0,No,Not a school zone,T-junction,-33.693524,150.575345,Blue Mountains,Country urban,Syd-Newc-Woll Gtr conurbation,Straight,Crest,,,Off,Sealed,Wet,Raining,Daylight,Nil,Stop sign,60 km/h,State,13,Right near,104,Adj - Right-thru from right,,Right angle,4 wheel drive / SUV,Car (sedan/hatch),2,0,0,1,0,1,January,Summer,Monday,16:00 - 17:59,PM peak / evening commute,True,False,True,True
1344469,Injury,Moderate Injury,2024,2024,February,Friday,18:00 - 19:59,TERRIGAL,DR,0,Right on the spot,BRUNSWICK,RD,TERRIGAL,505.0,No,Not a school zone,T-junction,-33.439263,151.429008,Central Coast,Country urban,Syd-Newc-Woll Gtr conurbation,Straight,,,,Nil,Sealed,Dry,Fine,Daylight,On,No traffic controls,60 km/h,State,13,Right near,104,Adj - Right-thru from right,,Right angle,4 wheel drive / SUV,Light truck,2,0,0,1,0,2,February,Summer,Friday,18:00 - 19:59,PM peak / evening commute,True,False,True,True
1344470,Injury,Serious Injury,2024,2024,February,Sunday,00:01 - 01:59,ALBERT,ST,0,Right on the spot,BATAR CREEK,RD,KENDALL,,No,Not a school zone,T-junction,-31.63272,152.702026,Port Macquarie-Hastings,Country urban,Rest of NSW - Urban,Straight,Embankment/cutting,,,Nil,Sealed,Wet,Raining,Darkness,Nil,Give way sign,50 km/h,Local,81,Off left/rt bnd=>obj,707,Right turn,Left,Vehicle - Object,Car (sedan/hatch),,1,0,1,0,0,2,February,Summer,Sunday,00:01 - 01:59,Late night / early morning,False,False,True,True
1344474,Injury,Minor/Other Injury,2024,2024,February,Sunday,10:00 - 11:59,KAOLIN,RD,0,Right on the spot,WILBETREE,RD,CANADIAN LEAD,,No,Not a school zone,T-junction,-32.434576,149.596584,Mid-Western Regional,Country non-urban,Rest of NSW - Rural,Straight,,,,Nil,Unsealed,Dry,Fine,Daylight,Nil,Give way sign,100 km/h,Local,75,Off end of road,709,Off end cway or T junct,,Vehicle - Object,Passenger van,,1,0,0,0,1,2,February,Summer,Sunday,10:00 - 11:59,Midday / afternoon,False,False,True,True
1344476,Injury,Moderate Injury,2024,2024,February,Saturday,06:00 - 07:59,BOUNDARY,RD,0,Right on the spot,MACQUARIE,ST,DUBBO,,No,Not a school zone,T-junction,-32.267205,148.6037,Dubbo Regional,Country urban,Rest of NSW - Urban,Straight,,,,Nil,Sealed,Dry,Fine,Daylight,Nil,Give way sign,60 km/h,Local,13,Right near,104,Adj - Right-thru from right,,Right angle,4 wheel drive / SUV,Pedal cycle,2,0,0,1,0,2,February,Summer,Saturday,06:00 - 07:59,AM peak / school commute,True,False,True,True
1344482,Injury,Moderate Injury,2024,2024,February,Wednesday,06:00 - 07:59,LINGARD,ST,0,Right on the spot,MITCHELL,ST,MEREWETHER,,No,Not a school zone,T-junction,-32.942499,151.756232,Newcastle,Newcastle met. area,Syd-Newc-Woll Gtr conurbation,Straight,,,,Off,Sealed,Wet,Raining,Dawn,Nil,Give way sign,50 km/h,Local,21,Right through,202,Opp - Right-thru,,Other angle,Light truck utility(from 2018),Pedal cycle,2,0,0,1,0,2,February,Summer,Wednesday,06:00 - 07:59,AM peak / school commute,True,False,True,True
1344485,Injury,Serious Injury,2024,2024,January,Tuesday,14:00 - 15:59,COWPASTURE,RD,20,North,CAMDEN VALLEY,WAY,HORNINGSEA PARK,648.0,No,Not a school zone,Divided road,-33.949634,150.838832,Liverpool,Sydney metro. area,Syd-Newc-Woll Gtr conurbation,Curved,,,,Off,Sealed,Dry,Fine,Daylight,Nil,No traffic controls,70 km/h,State,30,Rear end,301,Same - Rear end,,Rear end,Motorcycle,Light truck utility(from 2018),2,0,1,0,0,1,January,Summer,Tuesday,14:00 - 15:59,Midday / afternoon,False,False,True,True
1344487,Injury,Moderate Injury,2024,2024,February,Wednesday,16:00 - 17:59,LUXFORD,RD,200,North,MANGARIVA,AVE,TREGEAR,7161.0,No,Not a school zone,Divided road,-33.744498,150.799103,Blacktown,Sydney metro. area,Syd-Newc-Woll Gtr conurbation,Straight,,,,Off,Sealed,Wet,Raining,Daylight,Nil,No traffic controls,60 km/h,Regional,30,Rear end,301,Same - Rear end,,Rear end,Car (sedan/hatch),Car (sedan/hatch),2,0,0,1,0,2,February,Summer,Wednesday,16:00 - 17:59,PM peak / evening commute,True,False,True,True
1344489,Injury,Moderate Injury,2024,2024,February,Monday,10:00 - 11:59,SHORT,ST,0,Right on the spot,NUMBER 5,HN,AUBURN,,No,Not a school zone,2-way undivided,-33.838015,151.030426,Cumberland,Sydney metro. area,Syd-Newc-Woll Gtr conurbation,Straight,Driveway/entrance,,,Nil,Sealed,Dry,Fine,Daylight,Nil,No traffic controls,50 km/h,Local,47,Emerging from drive,406,Manov - Emerging from driveway,,Right angle,Semi-trailer,4 wheel drive / SUV,2,0,0,1,0,2,February,Summer,Monday,10:00 - 11:59,Midday / afternoon,False,False,True,True
1344494,Injury,Moderate Injury,2024,2024,January,Friday,16:00 - 17:59,GREAT WESTERN,HWY,0,Right on the spot,PARKER,ST,KINGSWOOD,5.0,No,Not a school zone,X-intersection,-33.756865,150.712192,Penrith,Sydney metro. area,Syd-Newc-Woll Gtr conurbation,Straight,,,,Off,Sealed,Dry,Fine,Daylight,Unknown / not stated,Ped crossing,70 km/h,State,33,Lane sideswipe,305,Same - Lane side swipe,,Other angle,Large rigid,Car (sedan/hatch),2,0,0,1,0,1,January,Summer,Friday,16:00 - 17:59,PM peak / evening commute,True,False,True,True
1344498,Injury,Serious Injury,2024,2024,February,Tuesday,08:00 - 09:59,WALLSEND,RD,900,North,RESERVOIR,RD,CARDIFF HEIGHTS,,No,Not a school zone,2-way undivided,-32.926547,151.670235,Lake Macquarie,Newcastle met. area,Syd-Newc-Woll Gtr conurbation,Curved,Painted double centre lines,,,Off,Sealed,Wet,Raining,Daylight,Nil,No traffic controls,50 km/h,Local,20,Head on,201,Opp - Head on,,Head-on,Station wagon,4 wheel drive / SUV,2,0,1,0,0,2,February,Summer,Tuesday,08:00 - 09:59,AM peak / school commute,True,False,True,True
1344501,Injury,Serious Injury,2024,2024,January,Monday,22:00 - Midnight,FOREST,RD,0,Right on the spot,JACQUES,AVE,PEAKHURST,168.0,No,Not a school zone,X-intersection,-33.961293,151.057969,Georges River,Sydney metro. area,Syd-Newc-Woll Gtr conurbation,Straight,,,,Nil,Sealed,Dry,Fine,Darkness,Unknown / not stated,No traffic controls,60 km/h,State,21,Right through,202,Opp - Right-thru,,Other angle,4 wheel drive / SUV,Car (sedan/hatch),2,0,1,0,0,1,January,Summer,Monday,22:00 - Midnight,Evening / night,False,False,True,True
1344507,Injury,Serious Injury,2024,2024,January,Wednesday,10:00 - 11:59,FARNELL,AVE,1000,South,PRINCES,HWY,ROYAL NATIONAL PARK,393.0,No,Not a school zone,2-way undivided,-34.060361,151.053451,Sutherland,Sydney metro. area,Syd-Newc-Woll Gtr conurbation,Straight,,,,Nil,Sealed,Dry,Fine,Daylight,Nil,No traffic controls,60 km/h,State,74,On road-out of cont.,705,Out of control on cway,,Rollover,Motorcycle,,1,0,1,0,0,1,January,Summer,Wednesday,10:00 - 11:59,Midday / afternoon,False,False,True,True
1344509,Injury,Moderate Injury,2024,2024,February,Friday,08:00 - 09:59,EIGHTH,AVE,0,Right on the spot,SOUTH CREEK,RD,SHANES PARK,7164.0,No,Not a school zone,T-junction,-33.715521,150.770384,Blacktown,Sydney metro. area,Syd-Newc-Woll Gtr conurbation,Straight,,,,Off,Sealed,Dry,Fine,Daylight,Nil,Give way sign,80 km/h,Regional,10,Cross traffic,101,Adj - Cross traffic,,Right angle,Car (sedan/hatch),4 wheel drive / SUV,2,0,0,1,1,2,February,Summer,Friday,08:00 - 09:59,AM peak / school commute,True,False,True,True
1344514,Injury,Serious Injury,2024,2024,February,Tuesday,16:00 - 17:59,JOSEPH,ST,0,Right on the spot,CUTCLIFFE,AVE,REGENTS PARK,190.0,No,Not a school zone,T-junction,-33.885729,151.039766,Cumberland,Sydney metro. area,Syd-Newc-Woll Gtr conurbation,Straight,,,,Nil,Sealed,Dry,Fine,Daylight,Nil,Give way sign,80 km/h,State,13,Right near,104,Adj - Right-thru from right,,Right angle,4 wheel drive / SUV,4 wheel drive / SUV,2,0,1,1,0,2,February,Summer,Tuesday,16:00 - 17:59,PM peak / evening commute,True,False,True,True
1344515,Injury,Moderate Injury,2024,2024,February,Friday,12:00 - 13:59,PACIFIC,HWY,500,North,WANG WAUK,RD,WANG WAUK,10.0,No,Not a school zone,Divided road,-32.149006,152.325393,Mid-Coast,Country non-urban,Rest of NSW - Rural,Curved,,,Flooded/submerged,Nil,Sealed,Wet,Raining,Daylight,Nil,No traffic controls,100 km/h,State,80,Off left/right bend,801,Off cway right bend,Left,Rollover,4 wheel drive / SUV,,1,0,0,1,0,2,February,Summer,Friday,12:00 - 13:59,Midday / afternoon,False,False,True,True
1344518,Injury,Moderate Injury,2024,2024,February,Saturday,00:01 - 01:59,AVENUE OF OCEANIA,MS,0,Right on the spot,NEWINGTON,BVD,NEWINGTON,,No,Not a school zone,Roundabout,-33.835309,151.057535,Parramatta,Sydney metro. area,Syd-Newc-Woll Gtr conurbation,Curved,,,,On,Sealed,Dry,Fine,Darkness,Nil,Give way sign,50 km/h,Local,3,Ped on carriageway,4,Ped - On carriageway,,Vehicle - Pedestrian,4 wheel drive / SUV,Pedestrian,2,0,0,1,0,2,February,Summer,Saturday,00:01 - 01:59,Late night / early morning,False,False,True,True
1344519,Injury,Serious Injury,2024,2024,February,Sunday,10:00 - 11:59,JUNCTION,RD,40,South,CORUNNA,AVE,LEUMEAH,7190.0,No,Not a school zone,2-way undivided,-34.056662,150.847421,Campbelltown,Sydney metro. area,Syd-Newc-Woll Gtr conurbation,Straight,,,,Nil,Sealed,Dry,Fine,Daylight,Nil,No traffic controls,60 km/h,Regional,71,Off rd left => obj,703,Left off cway into object,,Other angle,4 wheel drive / SUV,4 wheel drive / SUV,3,0,1,0,0,2,February,Summer,Sunday,10:00 - 11:59,Midday / afternoon,False,False,True,True