crash_id,degree_of_crash,degree_of_crash_-_detailed,reporting_year,year_of_crash,month_of_crash,day_of_week_of_crash,two-hour_intervals,street_of_crash,street_type,distance,direction,identifying_feature,identifying_feature_type,town,route_no.,school_zone_location,school_zone_active,type_of_location,latitude,longitude,lga,urbanisation,conurbation_1,alignment,primary_permanent_feature,primary_temporary_feature,primary_hazardous_feature,street_lighting,road_surface,surface_condition,weather,natural_lighting,signals_operation,other_traffic_control,speed_limit,road_classification_(admin),rum_-_code,rum_-_description,dca_-_code,dca_-_description,dca_supplement,first_impact_type,key_tu_type,other_tu_type,no._of_traffic_units_involved,no._killed,no._seriously_injured,no._moderately_injured,no._minor-other_injured,month_num,month_label,season,day_label,time_label,time_band,is_peak_commute,is_fatal,is_injury,is_casualty
1344521,Injury,Serious Injury,2024,2024,February,Wednesday,22:00 - Midnight,HURRICANE,DR,0,Right on the spot,THUNDERBOLT,DR,RABY,,No,Not a school zone,T-junction,-34.015521,150.815466,Campbelltown,Sydney metro. area,Syd-Newc-Woll Gtr conurbation,Straight,Steep grade,,,On,Sealed,Wet,Raining,Darkness,Nil,Give way sign,60 km/h,Local,73,Off rd rght => obj,704,Right off cway into obj,,Vehicle - Object,Car (sedan/hatch),,1,0,1,0,0,2,February,Summer,Wednesday,22:00 - Midnight,Evening / night,False,False,True,True
1344524,Injury,Serious Injury,2024,2024,February,Wednesday,14:00 - 15:59,BUNGARRIBEE,RD,0,Right on the spot,LOCK,ST,BLACKTOWN,643.0,No,Not a school zone,X-intersection,-33.778869,150.914218,Blacktown,Sydney metro. area,Syd-Newc-Woll Gtr conurbation,Straight,,,,Off,Sealed,Dry,Fine,Daylight,On,No traffic controls,60 km/h,State,21,Right through,202,Opp - Right-thru,,Other angle,4 wheel drive / SUV,Station wagon,2,0,1,1,0,2,February,Summer,Wednesday,14:00 - 15:59,Midday / afternoon,False,False,True,True
1344526,Injury,Moderate Injury,2024,2024,February,Wednesday,10:00 - 11:59,KENT,ST,0,Right on the spot,MARGARET,ST,SYDNEY,,No,Not a school zone,X-intersection,-33.865166,151.204142,Sydney,Sydney metro. area,Syd-Newc-Woll Gtr conurbation,Straight,Steep grade,,,On,Sealed,Wet,Raining,Daylight,On,No traffic controls,40 km/h,Local,10,Cross traffic,101,Adj - Cross traffic,,Right angle,4 wheel drive / SUV,4 wheel drive / SUV,2,0,0,1,1,2,February,Summer,Wednesday,10:00 - 11:59,Midday / afternoon,False,False,True,True
1344527,Injury,Moderate Injury,2024,2024,February,Saturday,00:01 - 01:59,NEW ENGLAND,HWY,110,South,HALL,ST,ABERDEEN,9.0,No,Not a school zone,2-way undivided,-32.15993,150.887629,Upper Hunter,Country urban,Rest of NSW - Urban,Straight,,,,On,Sealed,Dry,Fine,Darkness,Nil,No traffic controls,50 km/h,State,71,Off rd left => obj,703,Left off cway into object,,Vehicle - Object,Light truck utility(from 2018),,1,0,0,1,0,2,February,Summer,Saturday,00:01 - 01:59,Late night / early morning,False,False,True,True
1344529,Injury,Moderate Injury,2024,2024,February,Friday,08:00 - 09:59,GREAT WESTERN,HWY,960,West,GENEVIEVE,RD,BULLABURRA,5.0,No,Not a school zone,Divided road,-33.725725,150.398195,Blue Mountains,Country urban,Syd-Newc-Woll Gtr conurbation,Straight,Embankment/cutting,,,Nil,Sealed,Wet,Raining,Daylight,Nil,No traffic controls,80 km/h,State,71,Off rd left => obj,703,Left off cway into object,,Vehicle - Object,Car (sedan/hatch),,1,0,0,1,0,2,February,Summer,Friday,08:00 - 09:59,AM peak / school commute,True,False,True,True
1344532,Injury,Serious Injury,2024,2024,February,Friday,16:00 - 17:59,BRINDABELLA,RD,3700,West,OAKS CREEK,RD,BRINDABELLA,,No,Not a school zone,2-way undivided,-35.291454,148.570236,Snowy Valleys,Country urban,Rest of NSW - Urban,Curved,Embankment/cutting,,,Nil,Unsealed,Dry,Fine,Dusk,Nil,No traffic controls,60 km/h,Local,81,Off left/rt bnd=>obj,803,Off right bend into obj,Left,Vehicle - Object,4 wheel drive / SUV,,1,0,1,0,0,2,February,Summer,Friday,16:00 - 17:59,PM peak / evening commute,True,False,True,True
1344538,Injury,Minor/Other Injury,2024,2024,February,Tuesday,16:00 - 17:59,COWPASTURE,RD,30,South,AIRFIELD,DR,LEN WATERS ESTATE,648.0,No,Not a school zone,Divided road,-33.91752,150.854172,Liverpool,Sydney metro. area,Syd-Newc-Woll Gtr conurbation,Straight,,,,Off,Sealed,Wet,Raining,Daylight,Nil,No traffic controls,70 km/h,State,30,Rear end,301,Same - Rear end,,Rear end,4 wheel drive / SUV,4 wheel drive / SUV,2,0,0,0,1,2,February,Summer,Tuesday,16:00 - 17:59,PM peak / evening commute,True,False,True,True
1344539,Injury,Minor/Other Injury,2024,2024,February,Tuesday,08:00 - 09:59,MAIN,RD,0,Right on the spot,LOWRY,ST,CARDIFF,527.0,No,Not a school zone,T-junction,-32.933835,151.655634,Lake Macquarie,Newcastle met. area,Syd-Newc-Woll Gtr conurbation,Straight,,,,Nil,Sealed,Dry,Fine,Daylight,Unknown / not stated,No traffic controls,60 km/h,State,30,Rear end,301,Same - Rear end,,Rear end,Unknown motor vehicle,Car (sedan/hatch),2,0,0,0,1,2,February,Summer,Tuesday,08:00 - 09:59,AM peak / school commute,True,False,True,True
1344541,Injury,Serious Injury,2024,2024,February,Wednesday,14:00 - 15:59,WATTLE,ST,0,Right on the spot,WILLIAM HENRY,ST,ULTIMO,594.0,No,Not a school zone,X-intersection,-33.879053,151.195721,Sydney,Sydney metro. area,Syd-Newc-Woll Gtr conurbation,Straight,,,,Off,Sealed,Dry,Fine,Daylight,On,No traffic controls,50 km/h,State,30,Rear end,301,Same - Rear end,,Rear end,Car (sedan/hatch),Car (sedan/hatch),3,0,1,0,1,2,February,Summer,Wednesday,14:00 - 15:59,Midday / afternoon,False,False,True,True
1344542,Injury,Moderate Injury,2024,2024,February,Wednesday,08:00 - 09:59,CLINTON,ST,0,Right on the spot,KITE,ST,ORANGE,,No,Not a school zone,X-intersection,-33.284413,149.09091,Orange,Country urban,Rest of NSW - Urban,Straight,,,,Off,Sealed,Dry,Fine,Daylight,Nil,Give way sign,50 km/h,Local,10,Cross traffic,101,Adj - Cross traffic,,Right angle,Light truck utility(from 2018),Car (sedan/hatch),2,0,0,1,0,2,February,Summer,Wednesday,08:00 - 09:59,AM peak / school commute,True,False,True,True
1344548,Injury,Moderate Injury,2024,2024,February,Sunday,22:00 - Midnight,TODMAN,AVE,35,West,ANZAC,PDE,KENSINGTON,7331.0,No,Not a school zone,Divided road,-33.909985,151.222794,Randwick,Sydney metro. area,Syd-Newc-Woll Gtr conurbation,Straight,Driveway/entrance,,,On,Sealed,Dry,Fine,Darkness,Nil,No traffic controls,50 km/h,Regional,87,Off lft/lft bnd=>obj,804,Off left bend into obj,Left,Vehicle - Object,Car (sedan/hatch),,1,0,0,1,0,2,February,Summer,Sunday,22:00 - Midnight,Evening / night,False,False,True,True
1344550,Injury,Moderate Injury,2024,2024,January,Friday,12:00 - 13:59,SMITHFIELD,RD,530,North,ELIZABETH,DR,EDENSOR PARK,7220.0,No,Not a school zone,2-way undivided,-33.884864,150.885231,Fairfield,Sydney metro. area,Syd-Newc-Woll Gtr conurbation,Straight,,,,Nil,Sealed,Dry,Fine,Daylight,Nil,No traffic controls,60 km/h,Regional,30,Rear end,301,Same - Rear end,,Rear end,Light truck utility(from 2018),Light truck,2,0,0,1,0,1,January,Summer,Friday,12:00 - 13:59,Midday / afternoon,False,False,True,True
1344551,Injury,Serious Injury,2024,2024,February,Tuesday,06:00 - 07:59,MITCHELL,HWY,50,West,ROSEDALE,RD,DUBBO,7.0,No,Not a school zone,2-way undivided,-32.217353,148.556656,Dubbo Regional,Country non-urban,Rest of NSW - Rural,Straight,,,,Nil,Sealed,Dry,Fine,Daylight,Nil,No traffic controls,110 km/h,State,20,Head on,201,Opp - Head on,,Head-on,4 wheel drive / SUV,Light truck utility(from 2018),2,0,1,1,0,2,February,Summer,Tuesday,06:00 - 07:59,AM peak / school commute,True,False,True,True
1344562,Injury,Moderate Injury,2024,2024,February,Saturday,22:00 - Midnight,DERWENT,DR,0,Right on the spot,KESWICK,DR,LAKE HAVEN,,No,Not a school zone,T-junction,-33.244753,151.497366,Central Coast,Country urban,Syd-Newc-Woll Gtr conurbation,Straight,,,,On,Sealed,Dry,Fine,Darkness,Nil,No traffic controls,50 km/h,Local,13,Right near,104,Adj - Right-thru from right,,Right angle,Car (sedan/hatch),4 wheel drive / SUV,2,0,0,1,0,2,February,Summer,Saturday,22:00 - Midnight,Evening / night,False,False,True,True
1344570,Injury,Moderate Injury,2024,2024,February,Tuesday,06:00 - 07:59,RAWSON,RD,30,East,PHEGAN,ST,WOY WOY,7751.0,No,Not a school zone,2-way undivided,-33.492723,151.314601,Central Coast,Country urban,Syd-Newc-Woll Gtr conurbation,Straight,Railway level x,,,Off,Sealed,Dry,Fine,Daylight,Nil,Rail X flashing sigs,60 km/h,Regional,30,Rear end,301,Same - Rear end,,Rear end,Car (sedan/hatch),Light truck utility(from 2018),2,0,0,1,0,2,February,Summer,Tuesday,06:00 - 07:59,AM peak / school commute,True,False,True,True
1344576,Injury,Moderate Injury,2024,2024,February,Tuesday,04:00 - 05:59,HUME,HWY,10000,South,OLD HUME HIGHWAY,TO,BERRIMA,2.0,No,Not a school zone,Dual freeway,-34.482024,150.314432,Wingecarribee,Country non-urban,Rest of NSW - Rural,Curved,,,,Off,Sealed,Dry,Fog or mist,Dawn,Nil,No traffic controls,110 km/h,State,30,Rear end,301,Same - Rear end,,Rear end,Car (sedan/hatch),B-double (road train prior 98),2,0,0,1,0,2,February,Summer,Tuesday,04:00 - 05:59,Late night / early morning,False,False,True,True
1344578,Injury,Moderate Injury,2024,2024,January,Thursday,20:00 - 21:59,FALKLANDS,AVE,0,Right on the spot,NUMBER 3,HN,BOSSLEY PARK,,No,Not a school zone,2-way undivided,-33.860064,150.889185,Fairfield,Sydney metro. area,Syd-Newc-Woll Gtr conurbation,Straight,,,,On,Sealed,Dry,Fine,Darkness,Nil,No traffic controls,50 km/h,Local,90,Fell in/from vehicle,901,Fell in/from vehicle,,Person - Object,Light truck utility(from 2018),,1,0,0,1,0,1,January,Summer,Thursday,20:00 - 21:59,Evening / night,False,False,True,True
1344582,Injury,Moderate Injury,2024,2024,February,Saturday,06:00 - 07:59,ANZAC,PDE,0,Right on the spot,LITTLE BAY,RD,CHIFLEY,2074.0,No,Not a school zone,Roundabout,-33.978688,151.2445,Randwick,Sydney metro. area,Syd-Newc-Woll Gtr conurbation,Straight,,,,On,Sealed,Dry,Fine,Dawn,Nil,Give way sign,60 km/h,Regional,13,Right near,104,Adj - Right-thru from right,,Right angle,Car (sedan/hatch),Pedal cycle,2,0,0,1,0,2,February,Summer,Saturday,06:00 - 07:59,AM peak / school commute,True,False,True,True
1344583,Injury,Serious Injury,2024,2024,January,Saturday,10:00 - 11:59,NULLA NULLA CREEK,RD,5200,North,ARMIDALE,RD,BELLBROOK,,No,Not a school zone,2-way undivided,-30.781348,152.529046,Kempsey,Country non-urban,Rest of NSW - Rural,Curved,Steep grade,,"Loose gravel, sealed",Nil,Sealed,Dry,Fine,Daylight,Nil,No traffic controls,100 km/h,Local,82,Off right/right bend,801,Off cway right bend,Right,Rollover,Motorcycle,,1,0,1,0,0,1,January,Summer,Saturday,10:00 - 11:59,Midday / afternoon,False,False,True,True
1344596,Injury,Serious Injury,2024,2024,February,Friday,06:00 - 07:59,CORONATION,AVE,0,Right on the spot,PLUNKETT,RD,MOSMAN,,No,Not a school zone,T-junction,-33.829538,151.25291,Mosman,Sydney metro. area,Syd-Newc-Woll Gtr conurbation,Curved,Steep grade,,,Off,Sealed,Wet,Overcast,Daylight,Nil,No traffic controls,50 km/h,Local,41,U turn into object,409,Manov - U-turn into fixed obje,,Vehicle - Object,Car (sedan/hatch),,1,0,1,0,0,2,February,Summer,Friday,06:00 - 07:59,AM peak / school commute,True,False,True,True
1344601,Injury,Serious Injury,2024,2024,January,Wednesday,08:00 - 09:59,VICTORIA,RD,0,Right on the spot,DAY,ST,DRUMMOYNE,165.0,No,Not a school zone,X-intersection,-33.855074,151.158278,Canada Bay,Sydney metro. area,Syd-Newc-Woll Gtr conurbation,Straight,,,,Off,Sealed,Dry,Fine,Daylight,On,Ped crossing,60 km/h,State,0,Ped nearside,1,Ped - Near side,,Vehicle - Pedestrian,Light truck utility(from 2018),Pedestrian,2,0,1,0,0,1,January,Summer,Wednesday,08:00 - 09:59,AM peak / school commute,True,False,True,True
1344603,Injury,Serious Injury,2024,2024,February,Tuesday,06:00 - 07:59,ELIZABETH,ST,0,Right on the spot,PARK,ST,SYDNEY,7083.0,No,Not a school zone,X-intersection,-33.873304,151.209896,Sydney,Sydney metro. area,Syd-Newc-Woll Gtr conurbation,Straight,,,,On,Sealed,Wet,Raining,Dawn,On,No traffic controls,40 km/h,Regional,10,Cross traffic,101,Adj - Cross traffic,,Right angle,Pedal cycle,Light truck utility(from 2018),2,0,1,0,0,2,February,Summer,Tuesday,06:00 - 07:59,AM peak / school commute,True,False,True,True
1344605,Injury,Serious Injury,2024,2024,February,Sunday,10:00 - 11:59,UNNAMED,RD,205,West,MANGROVE CREEK,RD,MANGROVE CREEK,,No,Not a school zone,2-way undivided,-33.345318,151.147184,Central Coast,Country urban,Syd-Newc-Woll Gtr conurbation,Straight,Steep grade,,,Nil,Sealed,Dry,Fine,Daylight,Nil,No traffic controls,50 km/h,Local,64,Perm obstruction,605,On path - Hit obstruction,,Vehicle - Object,Quad bike,,1,0,2,0,0,2,February,Summer,Sunday,10:00 - 11:59,Midday / afternoon,False,False,True,True
1344606,Injury,Moderate Injury,2024,2024,February,Friday,16:00 - 17:59,RIVERSIDE,RD,0,Right on the spot,NUMBER24,HN,LANSVALE,,Yes,No,2-way undivided,-33.898628,150.965369,Fairfield,Sydney metro. area,Syd-Newc-Woll Gtr conurbation,Straight,Driveway/entrance,,,Off,Sealed,Dry,Fine,Daylight,Nil,No traffic controls,50 km/h,Local,47,Emerging from drive,406,Manov - Emerging from driveway,,Right angle,Pedal cycle,Car (sedan/hatch),2,0,0,1,0,2,February,Summer,Friday,16:00 - 17:59,PM peak / evening commute,True,False,True,True
1344613,Injury,Moderate Injury,2024,2024,February,Monday,06:00 - 07:59,CUMBERLAND,AVE,0,Right on the spot,FLINDERS,RD,SOUTH NOWRA,,No,Not a school zone,T-junction,-34.907583,150.587132,Shoalhaven,Country urban,Rest of NSW - Urban,Straight,,,,Off,Sealed,Dry,Overcast,Daylight,Nil,Give way sign,80 km/h,Local,13,Right near,104,Adj - Right-thru from right,,Right angle,Car (sedan/hatch),Light truck utility(from 2018),2,0,0,1,0,2,February,Summer,Monday,06:00 - 07:59,AM peak / school commute,True,False,True,True
1344617,Injury,Serious Injury,2024,2024,February,Friday,16:00 - 17:59,PUNCHBOWL,RD,20,West,MYALL,ST,PUNCHBOWL,549.0,No,Not a school zone,2-way undivided,-33.926985,151.051441,Canterbury-Bankstown,Sydney metro. area,Syd-Newc-Woll Gtr conurbation,Straight,,,,Nil,Sealed,Dry,Fine,Daylight,Nil,No traffic controls,60 km/h,State,2,Ped far side,3,Ped - Far side,,Vehicle - Pedestrian,Car (sedan/hatch),Pedestrian,2,0,1,0,0,2,February,Summer,Friday,16:00 - 17:59,PM peak / evening commute,True,False,True,True
1344618,Injury,Moderate Injury,2024,2024,February,Monday,10:00 - 11:59,BOUNDARY,RD,0,Right on the spot,FITZROY,ST,DUBBO,,Yes,No,X-intersection,-32.268022,148.609835,Dubbo Regional,Country urban,Rest of NSW - Urban,Straight,,,,Off,Sealed,Dry,Fine,Daylight,Nil,Stop sign,50 km/h,Local,10,Cross traffic,101,Adj - Cross traffic,,Right angle,Car (sedan/hatch),Car (sedan/hatch),2,0,0,1,1,2,February,Summer,Monday,10:00 - 11:59,Midday / afternoon,False,False,True,True
1344622,Injury,Serious Injury,2024,2024,February,Tuesday,08:00 - 09:59,THE BRIDLE,TRK,15000,North,DURAMANA,RD,DURAMANA,,No,Not a school zone,2-way undivided,-33.190338,149.520072,Bathurst Regional,Country non-urban,Rest of NSW - Rural,Curved,Embankment/cutting,,,Nil,Sealed,Dry,Fine,Daylight,Nil,No traffic controls,100 km/h,Local,67,Struck animal,609,On path - Hit animal,,Vehicle - Animal,Motorcycle,,1,0,1,0,0,2,February,Summer,Tuesday,08:00 - 09:59,AM peak / school commute,True,False,True,True
1344624,Injury,Serious Injury,2024,2024,February,Wednesday,14:00 - 15:59,PODIUM,WAY,140,West,FORDHAM,WAY,ORAN PARK,,Yes,No,2-way undivided,-33.999115,150.736991,Camden,Sydney metro. area,Syd-Newc-Woll Gtr conurbation,Straight,,,,Off,Sealed,Dry,Fine,Daylight,Nil,No traffic controls,50 km/h,Local,2,Ped far side,3,Ped - Far side,,Vehicle - Pedestrian,Car (sedan/hatch),Ped in toy vehicle,3,0,1,0,1,2,February,Summer,Wednesday,14:00 - 15:59,Midday / afternoon,False,False,True,True
1344625,Injury,Moderate Injury,2024,2024,February,Sunday,18:00 - 19:59,VICTORIA,RD,0,Right on the spot,SHAFTSBURY,RD,WEST RYDE,165.0,No,Not a school zone,T-junction,-33.806426,151.080905,Ryde,Sydney metro. area,Syd-Newc-Woll Gtr conurbation,Straight,,,,Off,Sealed,Dry,Fine,Dusk,On,No traffic controls,60 km/h,State,21,Right through,202,Opp - Right-thru,,Other angle,Car (sedan/hatch),Car (sedan/hatch),2,0,0,1,0,2,February,Summer,Sunday,18:00 - 19:59,PM peak / evening commute,True,False,True,True
1344630,Injury,Serious Injury,2024,2024,February,Friday,10:00 - 11:59,QUEENSLAND,RD,0,Right on the spot,HOTHAM,ST,CASINO,83.0,No,Not a school zone,X-intersection,-28.846789,153.039734,Richmond Valley,Country urban,Rest of NSW - Urban,Straight,Crest,,,Off,Sealed,Wet,Raining,Daylight,Nil,Stop sign,50 km/h,State,10,Cross traffic,101,Adj - Cross traffic,,Right angle,4 wheel drive / SUV,4 wheel drive / SUV,2,0,2,0,0,2,February,Summer,Friday,10:00 - 11:59,Midday / afternoon,False,False,True,True
1344633,Injury,Serious Injury,2024,2024,January,Wednesday,08:00 - 09:59,KISSING POINT,RD,0,Right on the spot,QUARRY,RD,DUNDAS VALLEY,574.0,No,Not a school zone,T-junction,-33.799075,151.053967,Parramatta,Sydney metro. area,Syd-Newc-Woll Gtr conurbation,Straight,,,,On,Sealed,Dry,Fine,Daylight,Nil,Give way sign,70 km/h,State,21,Right through,202,Opp - Right-thru,,Other angle,Car (sedan/hatch),Other bus,2,0,1,0,0,1,January,Summer,Wednesday,08:00 - 09:59,AM peak / school commute,True,False,True,True
1344634,Injury,Moderate Injury,2024,2024,January,Friday,12:00 - 13:59,KING GEORGES,RD,50,North,NORFOLK,AVE,BEVERLY HILLS,200.0,Yes,No,Divided road,-33.950599,151.081908,Georges River,Sydney metro. area,Syd-Newc-Woll Gtr conurbation,Straight,,,,Off,Sealed,Dry,Fine,Daylight,Nil,No traffic controls,60 km/h,State,33,Lane sideswipe,305,Same - Lane side swipe,,Other angle,Unknown motor vehicle,Car (sedan/hatch),2,0,0,1,0,1,January,Summer,Friday,12:00 - 13:59,Midday / afternoon,False,False,True,True
1344640,Injury,Minor/Other Injury,2024,2024,February,Sunday,22:00 - Midnight,HILLCREST,AVE,20,North,MABEL,ST,HURSTVILLE,7006.0,No,Not a school zone,2-way undivided,-33.969947,151.099762,Georges River,Sydney metro. area,Syd-Newc-Woll Gtr conurbation,Straight,,,,On,Sealed,Dry,Fine,Darkness,Nil,No traffic controls,50 km/h,Regional,71,Off rd left => obj,703,Left off cway into object,,Other angle,4 wheel drive / SUV,Car (sedan/hatch),2,0,0,0,1,2,February,Summer,Sunday,22:00 - Midnight,Evening / night,False,False,True,True
1344646,Injury,Moderate Injury,2024,2024,February,Monday,14:00 - 15:59,WOODWARD,ST,100,South,MARCH,ST,ORANGE,705.0,Yes,No,Divided road,-33.278361,149.087182,Orange,Country urban,Rest of NSW - Urban,Straight,,,,Off,Sealed,Dry,Fine,Daylight,Nil,No traffic controls,50 km/h,State,20,Head on,201,Opp - Head on,,Head-on,Passenger van,4 wheel drive / SUV,3,0,0,1,0,2,February,Summer,Monday,14:00 - 15:59,Midday / afternoon,False,False,True,True
1344649,Injury,Moderate Injury,2024,2024,January,Wednesday,14:00 - 15:59,KING GEORGES,RD,15,South,STUART,ST,BLAKEHURST,200.0,No,Not a school zone,Divided road,-33.988027,151.111715,Georges River,Sydney metro. area,Syd-Newc-Woll Gtr conurbation,Straight,,,,Off,Sealed,Dry,Fine,Daylight,Nil,No traffic controls,70 km/h,State,35,Lane change left,307,Same - Lane change left,,Other angle,Large rigid,Car (sedan/hatch),2,0,0,1,0,1,January,Summer,Wednesday,14:00 - 15:59,Midday / afternoon,False,False,True,True
1344651,Injury,Minor/Other Injury,2024,2024,February,Wednesday,14:00 - 15:59,PRINCES,HWY,0,Right on the spot,MONAHAN,AVE,BANKSIA,1.0,No,Not a school zone,T-junction,-33.947629,151.140383,Bayside,Sydney metro. area,Syd-Newc-Woll Gtr conurbation,Straight,,,,Off,Sealed,Dry,Fine,Daylight,Nil,Give way sign,60 km/h,State,21,Right through,202,Opp - Right-thru,,Other angle,Motor scooter,Car (sedan/hatch),2,0,0,0,2,2,February,Summer,Wednesday,14:00 - 15:59,Midday / afternoon,False,False,True,True
1344655,Injury,Serious Injury,2024,2024,January,Thursday,16:00 - 17:59,MITCHELL,HWY,1500,West,PRETTY PLAINS,RD,SHADFORTH,7.0,No,Not a school zone,2-way undivided,-33.385305,149.209286,Orange,Country non-urban,Rest of NSW - Rural,Curved,,,,Nil,Sealed,Dry,Fine,Daylight,Nil,No traffic controls,100 km/h,State,83,Off rt/rt bnd=>obj,803,Off right bend into obj,Right,Vehicle - Object,Light truck utility(from 2018),,1,0,1,0,0,1,January,Summer,Thursday,16:00 - 17:59,PM peak / evening commute,True,False,True,True
1344719,Injury,Serious Injury,2024,2024,January,Tuesday,16:00 - 17:59,NEWBRIDGE,RD,10,West,RICKARD,RD,CHIPPING NORTON,167.0,No,Not a school zone,T-junction,-33.928845,150.977534,Liverpool,Sydney metro. area,Syd-Newc-Woll Gtr conurbation,Straight,Steep grade,,,Nil,Sealed,Dry,Fine,Daylight,Nil,Give way sign,70 km/h,State,30,Rear end,301,Same - Rear end,,Rear end,Motorcycle,Car (sedan/hatch),3,0,1,0,0,1,January,Summer,Tuesday,16:00 - 17:59,PM peak / evening commute,True,False,True,True
1344725,Injury,Minor/Other Injury,2024,2024,January,Sunday,14:00 - 15:59,TURONDALE,RD,1536,South,HILL END,RD,CRUDINE,,No,Not a school zone,2-way undivided,-33.056763,149.628258,Bathurst Regional,Country non-urban,Rest of NSW - Rural,Curved,,,,Unknown / not stated,Sealed,Dry,Fine,Daylight,Nil,No traffic controls,100 km/h,Local,20,Head on,201,Opp - Head on,,Head-on,Car (sedan/hatch),Car (sedan/hatch),2,0,0,0,2,1,January,Summer,Sunday,14:00 - 15:59,Midday / afternoon,False,False,True,True
1344728,Injury,Serious Injury,2024,2024,January,Tuesday,22:00 - Midnight,QUAKERS HILL,PKWY,0,Right on the spot,HAMBLEDON,RD,QUAKERS HILL,7153.0,No,Not a school zone,X-intersection,-33.724217,150.888979,Blacktown,Sydney metro. area,Syd-Newc-Woll Gtr conurbation,Straight,,,,On,Sealed,Dry,Fine,Darkness,On,No traffic controls,70 km/h,Regional,21,Right through,202,Opp - Right-thru,,Other angle,4 wheel drive / SUV,Light truck utility(from 2018),2,0,1,1,0,1,January,Summer,Tuesday,22:00 - Midnight,Evening / night,False,False,True,True
1344738,Injury,Minor/Other Injury,2024,2024,January,Monday,04:00 - 05:59,LYONS,RD,0,Right on the spot,UDALL,AVE,FIVE DOCK,7325.0,No,Not a school zone,T-junction,-33.864285,151.127265,Canada Bay,Sydney metro. area,Syd-Newc-Woll Gtr conurbation,Straight,,,,Unknown / not stated,Sealed,Dry,Fine,Dawn,Nil,No traffic controls,50 km/h,Regional,42,Leaving parking,401,Manov - Leaving parking,,Other angle,Car (sedan/hatch),Station wagon,2,0,0,0,1,1,January,Summer,Monday,04:00 - 05:59,Late night / early morning,False,False,True,True
1344743,Injury,Moderate Injury,2024,2024,January,Friday,00:01 - 01:59,BRINDABELLA,DR,0,Right on the spot,NUMBER 36,HN,TATTON,,No,Not a school zone,2-way undivided,-35.162767,147.354037,Wagga Wagga,Country urban,Rest of NSW - Urban,Straight,,,,On,Sealed,Wet,Raining,Darkness,Nil,No traffic controls,50 km/h,Local,73,Off rd rght => obj,704,Right off cway into obj,,Vehicle - Object,4 wheel drive / SUV,,1,0,0,1,0,1,January,Summer,Friday,00:01 - 01:59,Late night / early morning,False,False,True,True
1344744,Injury,Serious Injury,2024,2024,January,Friday,12:00 - 13:59,DUNOON,RD,50,North,CUSACK,RD,NORTH LISMORE,306.0,No,Not a school zone,2-way undivided,-28.786895,153.277996,Lismore,Country urban,Rest of NSW - Urban,Straight,Steep grade,,,Nil,Sealed,Dry,Fine,Daylight,Nil,No traffic controls,80 km/h,Regional,20,Head on,201,Opp - Head on,,Head-on,Light truck,Car (sedan/hatch),2,0,1,0,0,1,January,Summer,Friday,12:00 - 13:59,Midday / afternoon,False,False,True,True
1344745,Injury,Serious Injury,2024,2024,January,Saturday,10:00 - 11:59,WILSON,ST,0,Right on the spot,NUMBER 13A,HN,PANANIA,,No,Not a school zone,2-way undivided,-33.951277,150.997796,Canterbury-Bankstown,Sydney metro. area,Syd-Newc-Woll Gtr conurbation,Straight,,,,Off,Sealed,Dry,Fine,Daylight,Nil,No traffic controls,50 km/h,Local,1,Ped emerging,2,Ped - emerging,,Vehicle - Pedestrian,Car (sedan/hatch),Pedestrian,2,0,1,1,0,1,January,Summer,Saturday,10:00 - 11:59,Midday / afternoon,False,False,True,True
1344746,Injury,Serious Injury,2024,2024,January,Wednesday,20:00 - 21:59,VICTORIA,RD,0,Right on the spot,RICH,ST,MARRICKVILLE,2021.0,No,Not a school zone,T-junction,-33.906191,151.165063,Inner West,Sydney metro. area,Syd-Newc-Woll Gtr conurbation,Curved,,,,On,Sealed,Dry,Fine,Darkness,Nil,No traffic controls,60 km/h,Regional,88,Out of cont on bend,706,Left turn,,Rollover,Motorcycle,,1,0,1,0,0,1,January,Summer,Wednesday,20:00 - 21:59,Evening / night,False,False,True,True
1344750,Injury,Serious Injury,2024,2024,January,Saturday,12:00 - 13:59,PACIFIC,HWY,715,North,CUDGEN ROAD,TU,CHINDERAH,10.0,No,Not a school zone,Divided road,-28.273068,153.520609,Tweed,Country non-urban,Rest of NSW - Rural,Curved,,,,Nil,Sealed,Unknown,Unknown,Daylight,Nil,No U turn,110 km/h,State,42,Leaving parking,401,Manov - Leaving parking,,Other angle,4 wheel drive / SUV,Light truck utility(from 2018),2,0,2,1,1,1,January,Summer,Saturday,12:00 - 13:59,Midday / afternoon,False,False,True,True
1344751,Injury,Minor/Other Injury,2024,2024,January,Friday,20:00 - 21:59,RUFUS RIVER,RD,14000,West,RENMARK,RD,RUFUS,,No,Not a school zone,2-way undivided,-34.121978,141.523733,Wentworth,Country non-urban,Rest of NSW - Rural,Straight,Ditch/drain/culvert,,,Nil,Unsealed,Dry,Fine,Darkness,Nil,No traffic controls,100 km/h,Local,70,Off road to left,701,Off carriageway to left,,Rollover,4 wheel drive / SUV,,1,0,0,0,2,1,January,Summer,Friday,20:00 - 21:59,Evening / night,False,False,True,True