crash_id,degree_of_crash,degree_of_crash_-_detailed,reporting_year,year_of_crash,month_of_crash,day_of_week_of_crash,two-hour_intervals,street_of_crash,street_type,distance,direction,identifying_feature,identifying_feature_type,town,route_no.,school_zone_location,school_zone_active,type_of_location,latitude,longitude,lga,urbanisation,conurbation_1,alignment,primary_permanent_feature,primary_temporary_feature,primary_hazardous_feature,street_lighting,road_surface,surface_condition,weather,natural_lighting,signals_operation,other_traffic_control,speed_limit,road_classification_(admin),rum_-_code,rum_-_description,dca_-_code,dca_-_description,dca_supplement,first_impact_type,key_tu_type,other_tu_type,no._of_traffic_units_involved,no._killed,no._seriously_injured,no._moderately_injured,no._minor-other_injured,month_num,month_label,season,day_label,time_label,time_band,is_peak_commute,is_fatal,is_injury,is_casualty
1344752,Injury,Moderate Injury,2024,2024,January,Wednesday,12:00 - 13:59,DOBNEY,AVE,0,Right on the spot,PEARSON,ST,WAGGA WAGGA,,No,Not a school zone,Roundabout,-35.120794,147.344628,Wagga Wagga,Country urban,Rest of NSW - Urban,Straight,,,,Nil,Sealed,Dry,Fine,Daylight,Nil,Give way sign,50 km/h,Local,34,Lane change right,306,Same - Lane change right,,Other angle,Car (sedan/hatch),4 wheel drive / SUV,2,0,0,1,0,1,January,Summer,Wednesday,12:00 - 13:59,Midday / afternoon,False,False,True,True
1344753,Injury,Minor/Other Injury,2024,2024,January,Friday,12:00 - 13:59,ANN,ST,15,North,VINCENT,ST,BALMAIN,,No,Not a school zone,2-way undivided,-33.859677,151.185565,Inner West,Sydney metro. area,Syd-Newc-Woll Gtr conurbation,Straight,Steep grade,,,Nil,Sealed,Dry,Fine,Daylight,Nil,No traffic controls,40 km/h,Local,55,Pulling out rear end,505,Ovtak - Pulling out rear end,,Rear end,4 wheel drive / SUV,Pedal cycle,2,0,0,0,1,1,January,Summer,Friday,12:00 - 13:59,Midday / afternoon,False,False,True,True
1344755,Injury,Serious Injury,2024,2024,January,Wednesday,20:00 - 21:59,BORONIA,RD,0,Right on the spot,NUMBER 77,HN,GREENACRE,636.0,Yes,No,2-way undivided,-33.905989,151.051448,Canterbury-Bankstown,Sydney metro. area,Syd-Newc-Woll Gtr conurbation,Straight,Driveway/entrance,,,On,Sealed,Dry,Fine,Darkness,Nil,No traffic controls,60 km/h,State,47,Emerging from drive,406,Manov - Emerging from driveway,,Right angle,Car (sedan/hatch),Car (sedan/hatch),2,0,1,0,0,1,January,Summer,Wednesday,20:00 - 21:59,Evening / night,False,False,True,True
1344757,Injury,Moderate Injury,2024,2024,January,Sunday,10:00 - 11:59,MILITARY,RD,0,Right on the spot,CEMETERY,ENT,MATRAVILLE,,No,Not a school zone,2-way undivided,-33.973399,151.226804,Randwick,Sydney metro. area,Syd-Newc-Woll Gtr conurbation,Straight,Driveway/entrance,,,Nil,Sealed,Dry,Fine,Daylight,Nil,Give way sign,50 km/h,Local,21,Right through,202,Opp - Right-thru,,Other angle,Car (sedan/hatch),Motorcycle,2,0,0,1,0,1,January,Summer,Sunday,10:00 - 11:59,Midday / afternoon,False,False,True,True
1344761,Injury,Serious Injury,2024,2024,January,Wednesday,16:00 - 17:59,PRINCES,HWY,0,Right on the spot,FOREST,RD,NOWRA HILL,1.0,No,Not a school zone,T-junction,-34.946348,150.602013,Shoalhaven,Country non-urban,Rest of NSW - Rural,Curved,,,,Nil,Sealed,Wet,Raining,Dusk,Nil,Give way sign,100 km/h,State,10,Cross traffic,101,Adj - Cross traffic,,Right angle,Car (sedan/hatch),4 wheel drive / SUV,2,0,1,2,0,1,January,Summer,Wednesday,16:00 - 17:59,PM peak / evening commute,True,False,True,True
1344762,Injury,Serious Injury,2024,2024,January,Tuesday,16:00 - 17:59,THE ISLAND,LANE,500,South,HAMPDEN,AVE,NORTH WAGGA WAGGA,,No,Not a school zone,2-way undivided,-35.103622,147.376075,Wagga Wagga,Country urban,Rest of NSW - Urban,Curved,Embankment/cutting,,,Nil,Unsealed,Dry,Fine,Daylight,Nil,No traffic controls,50 km/h,Local,46,Reversing into obj,405,Manov - Reverse into fixed obj,,Vehicle - Object,4 wheel drive / SUV,,1,0,1,0,0,1,January,Summer,Tuesday,16:00 - 17:59,PM peak / evening commute,True,False,True,True
1344768,Injury,Moderate Injury,2024,2024,February,Wednesday,14:00 - 15:59,BANORA HILLS,DR,0,Right on the spot,DARLINGTON,DR,BANORA POINT,,No,Not a school zone,T-junction,-28.226694,153.539721,Tweed,Country urban,Rest of NSW - Urban,Curved,Steep grade,,,Off,Sealed,Dry,Fine,Daylight,Nil,Give way sign,50 km/h,Local,36,Right turn sideswipe,308,Same - Rgt turn side swipe,,Other angle,Other bus,Car (sedan/hatch),2,0,0,1,0,2,February,Summer,Wednesday,14:00 - 15:59,Midday / afternoon,False,False,True,True
1344769,Injury,Moderate Injury,2024,2024,January,Monday,12:00 - 13:59,NEW ENGLAND,HWY,300,North,RANGE,RD,WHITTINGHAM,9.0,No,Not a school zone,2-way undivided,-32.599481,151.199324,Singleton,Country urban,Rest of NSW - Urban,Straight,,,,Nil,Sealed,Dry,Overcast,Daylight,Nil,No traffic controls,80 km/h,State,20,Head on,201,Opp - Head on,,Head-on,4 wheel drive / SUV,Light truck utility(from 2018),3,0,0,1,0,1,January,Summer,Monday,12:00 - 13:59,Midday / afternoon,False,False,True,True
1344773,Injury,Serious Injury,2024,2024,February,Friday,16:00 - 17:59,SOUTHERN,EXP,200,South,NORTHCLIFFE DRIVE,OP,BERKELEY,6006.0,No,Not a school zone,Dual freeway,-34.475062,150.830509,Wollongong,Wollongong met. area,Syd-Newc-Woll Gtr conurbation,Straight,B'down lane/road shldr,,,Nil,Sealed,Dry,Fine,Daylight,Nil,No traffic controls,100 km/h,State,30,Rear end,301,Same - Rear end,,Rear end,Motorcycle,4 wheel drive / SUV,3,0,1,1,0,2,February,Summer,Friday,16:00 - 17:59,PM peak / evening commute,True,False,True,True
1344776,Injury,Minor/Other Injury,2024,2024,January,Wednesday,16:00 - 17:59,CROWN,ST,0,Right on the spot,LIVERPOOL,ST,DARLINGHURST,,No,Not a school zone,X-intersection,-33.877408,151.215623,Sydney,Sydney metro. area,Syd-Newc-Woll Gtr conurbation,Straight,Steep grade,,,Off,Sealed,Wet,Raining,Daylight,On,No traffic controls,40 km/h,Local,74,On road-out of cont.,705,Out of control on cway,,Rollover,Motorcycle,,1,0,0,0,1,1,January,Summer,Wednesday,16:00 - 17:59,PM peak / evening commute,True,False,True,True
1344779,Injury,Minor/Other Injury,2024,2024,January,Monday,12:00 - 13:59,GARDEN,ST,0,Right on the spot,NUMBER 148,HN,MAROUBRA,,No,Not a school zone,2-way undivided,-33.943321,151.241279,Randwick,Sydney metro. area,Syd-Newc-Woll Gtr conurbation,Straight,,,,Off,Sealed,Dry,Fine,Daylight,Nil,No traffic controls,50 km/h,Local,55,Pulling out rear end,505,Ovtak - Pulling out rear end,,Rear end,Unknown motor vehicle,Motor scooter,2,0,0,0,1,1,January,Summer,Monday,12:00 - 13:59,Midday / afternoon,False,False,True,True
1344780,Injury,Moderate Injury,2024,2024,January,Wednesday,14:00 - 15:59,HUME,HWY,1115,North,SHELDRICKS,LANE,JERRAWA,2.0,No,Not a school zone,Divided road,-34.823566,149.058275,Upper Lachlan,Country non-urban,Rest of NSW - Rural,Curved,,,,Nil,Sealed,Wet,Raining,Daylight,Nil,No traffic controls,110 km/h,State,83,Off rt/rt bnd=>obj,803,Off right bend into obj,Right,Vehicle - Object,4 wheel drive / SUV,,1,0,0,2,1,1,January,Summer,Wednesday,14:00 - 15:59,Midday / afternoon,False,False,True,True
1344781,Injury,Serious Injury,2024,2024,February,Friday,22:00 - Midnight,BINDOGUNDRA,RD,460,East,HENRY PARKES,WAY,PARKES,,No,Not a school zone,2-way undivided,-33.125855,148.314504,Parkes,Country non-urban,Rest of NSW - Rural,Curved,Steep grade,,,Nil,Unsealed,Wet,Fine,Darkness,Nil,No traffic controls,100 km/h,Local,88,Out of cont on bend,805,Out of control on bend,,Rollover,Light truck utility(from 2018),,1,0,2,1,0,2,February,Summer,Friday,22:00 - Midnight,Evening / night,False,False,True,True
1344786,Injury,Moderate Injury,2024,2024,January,Tuesday,20:00 - 21:59,BOTANY,RD,0,Right on the spot,MCEVOY,ST,ALEXANDRIA,170.0,No,Not a school zone,X-intersection,-33.901489,151.201136,Sydney,Sydney metro. area,Syd-Newc-Woll Gtr conurbation,Straight,,,,Unknown / not stated,Sealed,Dry,Fine,Darkness,On,No traffic controls,50 km/h,State,39,Other same direction,300,Same - other,,Other angle,Station wagon,4 wheel drive / SUV,2,0,0,1,0,1,January,Summer,Tuesday,20:00 - 21:59,Evening / night,False,False,True,True
1344794,Injury,Serious Injury,2024,2024,February,Monday,02:00 - 03:59,CAMPBELLTOWN,RD,150,East,SOLDIERS,PDE,EDMONDSON PARK,177.0,No,Not a school zone,Divided road,-33.972543,150.861475,Liverpool,Sydney metro. area,Syd-Newc-Woll Gtr conurbation,Curved,Ditch/drain/culvert,,,Unknown / not stated,Sealed,Unknown,Unknown,Darkness,Nil,No traffic controls,70 km/h,State,85,Off rt/lft bnd=>obj,804,Off left bend into obj,Right,Vehicle - Object,Car (sedan/hatch),,1,0,2,0,0,2,February,Summer,Monday,02:00 - 03:59,Late night / early morning,False,False,True,True
1344803,Injury,Serious Injury,2024,2024,February,Thursday,12:00 - 13:59,FOREST,RD,650,East,MANUKA,RD,COMBERTON,,No,Not a school zone,2-way undivided,-34.960432,150.646491,Shoalhaven,Country non-urban,Rest of NSW - Rural,Curved,,,,Nil,Sealed,Dry,Fine,Daylight,Nil,No traffic controls,90 km/h,Local,81,Off left/rt bnd=>obj,803,Off right bend into obj,Left,Vehicle - Object,4 wheel drive / SUV,,1,0,1,0,0,2,February,Summer,Thursday,12:00 - 13:59,Midday / afternoon,False,False,True,True
1344804,Injury,Moderate Injury,2024,2024,February,Tuesday,14:00 - 15:59,ALBYN,RD,0,Right on the spot,NUMBER 77,HN,STRATHFIELD,,No,Not a school zone,2-way undivided,-33.878714,151.083416,Strathfield,Sydney metro. area,Syd-Newc-Woll Gtr conurbation,Straight,,,,Unknown / not stated,Sealed,Dry,Fine,Daylight,Nil,No traffic controls,50 km/h,Local,71,Off rd left => obj,703,Left off cway into object,,Other angle,Car (sedan/hatch),Car (sedan/hatch),2,0,0,1,0,2,February,Summer,Tuesday,14:00 - 15:59,Midday / afternoon,False,False,True,True
1344805,Injury,Moderate Injury,2024,2024,January,Saturday,20:00 - 21:59,STURT,HWY,17000,East,HAY,TN,HAY SOUTH,14.0,No,Not a school zone,2-way undivided,-34.496025,145.024429,Hay,Country non-urban,Rest of NSW - Rural,Straight,,,,Nil,Sealed,Dry,Fine,Darkness,Nil,No traffic controls,110 km/h,State,67,Struck animal,609,On path - Hit animal,,Vehicle - Animal,Light truck utility(from 2018),,1,0,0,1,0,1,January,Summer,Saturday,20:00 - 21:59,Evening / night,False,False,True,True
1344808,Injury,Minor/Other Injury,2024,2024,February,Thursday,14:00 - 15:59,EPSOM,RD,100,East,LINK,RD,ROSEBERY,,No,Not a school zone,2-way undivided,-33.912144,151.212168,Sydney,Sydney metro. area,Syd-Newc-Woll Gtr conurbation,Straight,,,,Nil,Sealed,Dry,Fine,Daylight,Nil,No traffic controls,50 km/h,Local,30,Rear end,301,Same - Rear end,,Rear end,4 wheel drive / SUV,Car (sedan/hatch),2,0,0,0,1,2,February,Summer,Thursday,14:00 - 15:59,Midday / afternoon,False,False,True,True
1344811,Injury,Moderate Injury,2024,2024,February,Friday,16:00 - 17:59,JOYNTON,AVE,0,Right on the spot,NUMBER 19,HN,ZETLAND,,No,Not a school zone,2-way undivided,-33.904425,151.209289,Sydney,Sydney metro. area,Syd-Newc-Woll Gtr conurbation,Straight,Driveway/entrance,,,Off,Sealed,Dry,Fine,Daylight,Nil,No traffic controls,50 km/h,Local,47,Emerging from drive,406,Manov - Emerging from driveway,,Right angle,Car (sedan/hatch),Pedal cycle,2,0,0,1,0,2,February,Summer,Friday,16:00 - 17:59,PM peak / evening commute,True,False,True,True
1344813,Injury,Minor/Other Injury,2024,2024,February,Sunday,02:00 - 03:59,OLD WINDSOR,RD,100,North,CELEBRATION,DR,GLENWOOD,635.0,No,Not a school zone,Divided road,-33.731959,150.942821,Blacktown,Sydney metro. area,Syd-Newc-Woll Gtr conurbation,Straight,,,,Unknown / not stated,Sealed,Dry,Fine,Darkness,Nil,No traffic controls,80 km/h,State,30,Rear end,301,Same - Rear end,,Rear end,Motorcycle,4 wheel drive / SUV,2,0,0,0,1,2,February,Summer,Sunday,02:00 - 03:59,Late night / early morning,False,False,True,True
1344819,Injury,Serious Injury,2024,2024,February,Saturday,18:00 - 19:59,KIDMAN,WAY,0,Right on the spot,MCGANN,RD,HANWOOD,321.0,No,Not a school zone,T-junction,-34.34763,146.037854,Griffith,Country urban,Rest of NSW - Urban,Straight,,,,Nil,Sealed,Dry,Fine,Daylight,Nil,No traffic controls,80 km/h,State,73,Off rd rght => obj,704,Right off cway into obj,,Vehicle - Object,Car (sedan/hatch),,1,0,1,0,0,2,February,Summer,Saturday,18:00 - 19:59,PM peak / evening commute,True,False,True,True
1344820,Injury,Serious Injury,2024,2024,February,Wednesday,12:00 - 13:59,PACIFIC,HWY,1670,South,BUNDACREE,CK,WANG WAUK,10.0,No,Not a school zone,Divided road,-32.139951,152.337528,Mid-Coast,Country non-urban,Rest of NSW - Rural,Straight,,,,Nil,Sealed,Wet,Raining,Daylight,Nil,No traffic controls,100 km/h,State,73,Off rd rght => obj,704,Right off cway into obj,,Vehicle - Object,Semi-trailer,,1,0,1,0,0,2,February,Summer,Wednesday,12:00 - 13:59,Midday / afternoon,False,False,True,True
1344821,Injury,Moderate Injury,2024,2024,January,Friday,08:00 - 09:59,CENTRAL,AVE,230,West,PRINCES,HWY,SOUTH NOWRA,,No,Not a school zone,2-way undivided,-34.914101,150.600827,Shoalhaven,Country urban,Rest of NSW - Urban,Straight,Driveway/entrance,,,Off,Sealed,Dry,Fine,Daylight,Nil,No traffic controls,60 km/h,Local,47,Emerging from drive,406,Manov - Emerging from driveway,,Right angle,Car (sedan/hatch),Light truck utility(from 2018),2,0,0,1,0,1,January,Summer,Friday,08:00 - 09:59,AM peak / school commute,True,False,True,True
1344824,Injury,Minor/Other Injury,2024,2024,January,Saturday,18:00 - 19:59,GOW,ST,310,East,FAIRFORD,RD,PADSTOW,,No,Not a school zone,2-way undivided,-33.93796,151.039555,Canterbury-Bankstown,Sydney metro. area,Syd-Newc-Woll Gtr conurbation,Curved,Painted double centre lines,,,Off,Sealed,Dry,Fine,Daylight,Nil,No traffic controls,50 km/h,Local,85,Off rt/lft bnd=>obj,804,Off left bend into obj,Right,Vehicle - Object,Car (sedan/hatch),,1,0,0,0,2,1,January,Summer,Saturday,18:00 - 19:59,PM peak / evening commute,True,False,True,True
1344829,Injury,Moderate Injury,2024,2024,January,Wednesday,14:00 - 15:59,SANDRINGHAM,ST,200,West,ROBERT,ST,SANS SOUCI,194.0,No,Not a school zone,2-way undivided,-33.990867,151.134916,Bayside,Sydney metro. area,Syd-Newc-Woll Gtr conurbation,Straight,,,,Nil,Sealed,Dry,Fine,Daylight,Nil,No traffic controls,60 km/h,State,35,Lane change left,307,Same - Lane change left,,Other angle,Unknown motor vehicle,Motorcycle,2,0,0,1,0,1,January,Summer,Wednesday,14:00 - 15:59,Midday / afternoon,False,False,True,True
1344830,Injury,Moderate Injury,2024,2024,February,Tuesday,08:00 - 09:59,SALISBURY,RD,0,Right on the spot,ROBERTS,ST,CAMPERDOWN,7085.0,No,Not a school zone,T-junction,-33.891357,151.177884,Inner West,Sydney metro. area,Syd-Newc-Woll Gtr conurbation,Straight,,,,Nil,Sealed,Dry,Fine,Daylight,Nil,Give way sign,50 km/h,Regional,13,Right near,104,Adj - Right-thru from right,,Right angle,Car (sedan/hatch),Pedal cycle,2,0,0,1,0,2,February,Summer,Tuesday,08:00 - 09:59,AM peak / school commute,True,False,True,True
1344832,Injury,Moderate Injury,2024,2024,February,Friday,06:00 - 07:59,KAMILAROI,HWY,20000,West,NARRABRI,TN,NARRABRI,29.0,No,Not a school zone,2-way undivided,-30.213469,149.613624,Narrabri,Country non-urban,Rest of NSW - Rural,Curved,,,,Nil,Sealed,Dry,Fine,Daylight,Nil,No traffic controls,100 km/h,State,67,Struck animal,609,On path - Hit animal,,Vehicle - Animal,Motorcycle,,1,0,0,1,0,2,February,Summer,Friday,06:00 - 07:59,AM peak / school commute,True,False,True,True
1344833,Injury,Minor/Other Injury,2024,2024,February,Friday,12:00 - 13:59,GREAT WESTERN,HWY,0,Right on the spot,PENINSULA,RD,VALLEY HEIGHTS,5.0,No,Not a school zone,T-junction,-33.702007,150.58136,Blue Mountains,Country urban,Syd-Newc-Woll Gtr conurbation,Curved,Foot/cycle path/nature strip,,,Off,Sealed,Dry,Fine,Daylight,Nil,Stop sign,80 km/h,State,13,Right near,104,Adj - Right-thru from right,,Right angle,Car (sedan/hatch),Pedal cycle,2,0,0,0,1,2,February,Summer,Friday,12:00 - 13:59,Midday / afternoon,False,False,True,True
1344839,Injury,Serious Injury,2024,2024,January,Tuesday,14:00 - 15:59,HARGRAVE,ST,0,Right on the spot,YOUNG,ST,CARRINGTON,,No,Not a school zone,X-intersection,-32.909815,151.764412,Newcastle,Newcastle met. area,Syd-Newc-Woll Gtr conurbation,Straight,,,"Loose gravel, sealed",Off,Sealed,Dry,Fine,Daylight,Nil,Give way sign,50 km/h,Local,88,Out of cont on bend,707,Right turn,,Rollover,Motorcycle,,1,0,1,0,0,1,January,Summer,Tuesday,14:00 - 15:59,Midday / afternoon,False,False,True,True
1344840,Injury,Moderate Injury,2024,2024,February,Wednesday,14:00 - 15:59,BROKEN HEAD,RD,70,South,BEECH,DR,SUFFOLK PARK,545.0,No,Not a school zone,2-way undivided,-28.682655,153.608167,Byron,Country urban,Rest of NSW - Urban,Straight,Foot/cycle path/nature strip,,,Off,Sealed,Dry,Fine,Daylight,Nil,No traffic controls,50 km/h,Regional,48,From footpath,408,Manov - From footway,,Other angle,Pedal cycle,Car (sedan/hatch),2,0,0,1,0,2,February,Summer,Wednesday,14:00 - 15:59,Midday / afternoon,False,False,True,True
1344846,Injury,Moderate Injury,2024,2024,February,Sunday,22:00 - Midnight,NORTH LIVERPOOL,RD,150,West,MEADOWS,RD,HECKENBERG,7267.0,No,Not a school zone,2-way undivided,-33.905527,150.892474,Liverpool,Sydney metro. area,Syd-Newc-Woll Gtr conurbation,Straight,Steep grade,,,On,Sealed,Dry,Fine,Darkness,Nil,No traffic controls,60 km/h,Regional,40,U turn,207,Opp - U-turn,,Other angle,Light truck utility(from 2018),4 wheel drive / SUV,2,0,0,1,0,2,February,Summer,Sunday,22:00 - Midnight,Evening / night,False,False,True,True
1344848,Injury,Serious Injury,2024,2024,January,Friday,02:00 - 03:59,MIDDLETON,ST,150,East,QUEEN,ST,SOUTH KEMPSEY,,No,Not a school zone,Divided road,-31.093994,152.830407,Kempsey,Country urban,Rest of NSW - Urban,Straight,,,,On,Sealed,Dry,Fine,Darkness,Nil,No traffic controls,50 km/h,Local,0,Ped nearside,1,Ped - Near side,,Vehicle - Pedestrian,Car (sedan/hatch),Pedestrian,2,0,1,1,0,1,January,Summer,Friday,02:00 - 03:59,Late night / early morning,False,False,True,True
1344851,Injury,Moderate Injury,2024,2024,February,Wednesday,10:00 - 11:59,PACIFIC,HWY,0,Right on the spot,SOLITARY ISLANDS,WAY,EMERALD BEACH,10.0,No,Not a school zone,Roundabout,-30.165884,153.180097,Coffs Harbour,Country urban,Rest of NSW - Urban,Curved,,,,Nil,Sealed,Dry,Fine,Daylight,Nil,Give way sign,60 km/h,State,33,Lane sideswipe,305,Same - Lane side swipe,,Other angle,Motorcycle,4 wheel drive / SUV,2,0,0,1,0,2,February,Summer,Wednesday,10:00 - 11:59,Midday / afternoon,False,False,True,True
1344852,Injury,Moderate Injury,2024,2024,February,Monday,12:00 - 13:59,PRINCES,HWY,0,Right on the spot,BATES,DR,GYMEA,1.0,No,Not a school zone,X-intersection,-34.023799,151.089037,Sutherland,Sydney metro. area,Syd-Newc-Woll Gtr conurbation,Straight,,,,Unknown / not stated,Sealed,Dry,Fine,Daylight,On,No traffic controls,70 km/h,State,39,Other same direction,300,Same - other,,Other angle,Car (sedan/hatch),4 wheel drive / SUV,2,0,0,1,0,2,February,Summer,Monday,12:00 - 13:59,Midday / afternoon,False,False,True,True
1344855,Injury,Serious Injury,2024,2024,February,Friday,16:00 - 17:59,NEW ENGLAND,HWY,310,West,THORNTON ROAD,TO,THORNTON,9.0,No,Not a school zone,Divided road,-32.789599,151.628568,Maitland,Country urban,Rest of NSW - Urban,Straight,Mid-blk median openg,,,Nil,Sealed,Dry,Overcast,Daylight,Nil,No traffic controls,50 km/h,State,40,U turn,207,Opp - U-turn,,Other angle,4 wheel drive / SUV,4 wheel drive / SUV,2,0,1,1,1,2,February,Summer,Friday,16:00 - 17:59,PM peak / evening commute,True,False,True,True
1344856,Injury,Moderate Injury,2024,2024,February,Wednesday,14:00 - 15:59,GREAT WESTERN,HWY,0,Right on the spot,NUMBER 672,HN,FAULCONBRIDGE,5.0,No,Not a school zone,Divided road,-33.703836,150.530344,Blue Mountains,Country urban,Syd-Newc-Woll Gtr conurbation,Straight,Foot/cycle path/nature strip,,,Unknown / not stated,Sealed,Dry,Fine,Daylight,Nil,No traffic controls,80 km/h,State,71,Off rd left => obj,703,Left off cway into object,,Vehicle - Object,Car (sedan/hatch),,1,0,0,1,0,2,February,Summer,Wednesday,14:00 - 15:59,Midday / afternoon,False,False,True,True
1344859,Injury,Moderate Injury,2024,2024,February,Tuesday,16:00 - 17:59,PACIFIC,HWY,0,Right on the spot,KISSING POINT,RD,TURRAMURRA,10.0,No,Not a school zone,T-junction,-33.733446,151.12802,Ku-ring-gai,Sydney metro. area,Syd-Newc-Woll Gtr conurbation,Curved,,,,Unknown / not stated,Sealed,Dry,Fine,Daylight,On,No traffic controls,60 km/h,State,32,Right rear,303,Same - Rear right,,Rear end,4 wheel drive / SUV,Car (sedan/hatch),2,0,0,1,0,2,February,Summer,Tuesday,16:00 - 17:59,PM peak / evening commute,True,False,True,True
1344863,Injury,Moderate Injury,2024,2024,February,Thursday,08:00 - 09:59,BUNGAREE,RD,0,Right on the spot,BURRABOGEE,RD,PENDLE HILL,,No,Not a school zone,Roundabout,-33.796413,150.958982,Parramatta,Sydney metro. area,Syd-Newc-Woll Gtr conurbation,Straight,,,,Unknown / not stated,Sealed,Wet,Raining,Daylight,Nil,Give way sign,50 km/h,Local,10,Cross traffic,101,Adj - Cross traffic,,Right angle,4 wheel drive / SUV,4 wheel drive / SUV,2,0,0,1,0,2,February,Summer,Thursday,08:00 - 09:59,AM peak / school commute,True,False,True,True
1344865,Injury,Minor/Other Injury,2024,2024,February,Monday,06:00 - 07:59,MONA VALE,RD,0,Right on the spot,STURT,PL,ST IVES,162.0,No,Not a school zone,X-intersection,-33.728363,151.163749,Ku-ring-gai,Sydney metro. area,Syd-Newc-Woll Gtr conurbation,Straight,,,,Unknown / not stated,Sealed,Dry,Fine,Dawn,Nil,No traffic controls,60 km/h,State,33,Lane sideswipe,305,Same - Lane side swipe,,Other angle,Car (sedan/hatch),Car (sedan/hatch),2,0,0,0,1,2,February,Summer,Monday,06:00 - 07:59,AM peak / school commute,True,False,True,True
1344866,Injury,Moderate Injury,2024,2024,February,Tuesday,12:00 - 13:59,RESTWELL,RD,0,Right on the spot,MIMOSA,RD,BOSSLEY PARK,7222.0,Yes,No,Roundabout,-33.86018,150.891075,Fairfield,Sydney metro. area,Syd-Newc-Woll Gtr conurbation,Straight,,,,Unknown / not stated,Sealed,Dry,Fine,Daylight,Nil,Give way sign,50 km/h,Regional,13,Right near,104,Adj - Right-thru from right,,Right angle,Car (sedan/hatch),4 wheel drive / SUV,3,0,0,1,0,2,February,Summer,Tuesday,12:00 - 13:59,Midday / afternoon,False,False,True,True
1344867,Injury,Moderate Injury,2024,2024,February,Saturday,04:00 - 05:59,CITY WEST LINK,RD,800,East,CATHERINE,ST,LILYFIELD,650.0,No,Not a school zone,Divided road,-33.871312,151.172339,Inner West,Sydney metro. area,Syd-Newc-Woll Gtr conurbation,Straight,,,,Unknown / not stated,Sealed,Wet,Fine,Dawn,Nil,No traffic controls,70 km/h,State,35,Lane change left,307,Same - Lane change left,,Other angle,Large rigid,Car (sedan/hatch),2,0,0,1,0,2,February,Summer,Saturday,04:00 - 05:59,Late night / early morning,False,False,True,True
1344868,Injury,Minor/Other Injury,2024,2024,January,Monday,16:00 - 17:59,NORTH ROCKS,RD,30,East,WINSOR,RD,NORTH PARRAMATTA,7144.0,Yes,No,2-way undivided,-33.793371,151.000235,Parramatta,Sydney metro. area,Syd-Newc-Woll Gtr conurbation,Straight,,,,Unknown / not stated,Sealed,Dry,Fine,Daylight,Nil,No traffic controls,60 km/h,Regional,30,Rear end,301,Same - Rear end,,Rear end,Semi-trailer,4 wheel drive / SUV,2,0,0,0,1,1,January,Summer,Monday,16:00 - 17:59,PM peak / evening commute,True,False,True,True
1344871,Injury,Minor/Other Injury,2024,2024,February,Wednesday,06:00 - 07:59,HUME,HWY,0,Right on the spot,OLD KURRAJONG,RD,CASULA,2.0,No,Not a school zone,T-junction,-33.947836,150.907158,Liverpool,Sydney metro. area,Syd-Newc-Woll Gtr conurbation,Straight,,,,Unknown / not stated,Sealed,Dry,Fine,Daylight,Nil,Give way sign,70 km/h,State,21,Right through,202,Opp - Right-thru,,Other angle,Car (sedan/hatch),4 wheel drive / SUV,2,0,0,0,1,2,February,Summer,Wednesday,06:00 - 07:59,AM peak / school commute,True,False,True,True
1344875,Injury,Moderate Injury,2024,2024,February,Friday,16:00 - 17:59,RABY,RD,0,Right on the spot,EMERALD HILLS,BVD,LEPPINGTON,7194.0,No,Not a school zone,X-intersection,-33.998225,150.791429,Camden,Sydney metro. area,Syd-Newc-Woll Gtr conurbation,Straight,,,,Unknown / not stated,Sealed,Dry,Fine,Daylight,Unknown / not stated,Give way sign,50 km/h,Regional,30,Rear end,301,Same - Rear end,,Rear end,Car (sedan/hatch),4 wheel drive / SUV,2,0,0,1,0,2,February,Summer,Friday,16:00 - 17:59,PM peak / evening commute,True,False,True,True
1344876,Injury,Minor/Other Injury,2024,2024,February,Saturday,12:00 - 13:59,HILLSBOROUGH,RD,0,Right on the spot,NUMBER 298,HN,WARNERS BAY,674.0,No,Not a school zone,2-way undivided,-32.964709,151.657979,Lake Macquarie,Newcastle met. area,Syd-Newc-Woll Gtr conurbation,Straight,Driveway/entrance,,,Unknown / not stated,Sealed,Wet,Raining,Daylight,Nil,No traffic controls,60 km/h,State,21,Right through,202,Opp - Right-thru,,Other angle,Light truck utility(from 2018),4 wheel drive / SUV,2,0,0,0,1,2,February,Summer,Saturday,12:00 - 13:59,Midday / afternoon,False,False,True,True
1344877,Injury,Moderate Injury,2024,2024,February,Saturday,14:00 - 15:59,JEAN,ST,0,Right on the spot,ROBERT,ST,SOUTH TAMWORTH,,No,Not a school zone,Roundabout,-31.108337,150.915061,Tamworth Regional,Country urban,Rest of NSW - Urban,Straight,,,,Unknown / not stated,Sealed,Dry,Fine,Daylight,Nil,Give way sign,50 km/h,Local,10,Cross traffic,101,Adj - Cross traffic,,Right angle,Light truck utility(from 2018),4 wheel drive / SUV,2,0,0,1,0,2,February,Summer,Saturday,14:00 - 15:59,Midday / afternoon,False,False,True,True