crash_id,degree_of_crash,degree_of_crash_-_detailed,reporting_year,year_of_crash,month_of_crash,day_of_week_of_crash,two-hour_intervals,street_of_crash,street_type,distance,direction,identifying_feature,identifying_feature_type,town,route_no.,school_zone_location,school_zone_active,type_of_location,latitude,longitude,lga,urbanisation,conurbation_1,alignment,primary_permanent_feature,primary_temporary_feature,primary_hazardous_feature,street_lighting,road_surface,surface_condition,weather,natural_lighting,signals_operation,other_traffic_control,speed_limit,road_classification_(admin),rum_-_code,rum_-_description,dca_-_code,dca_-_description,dca_supplement,first_impact_type,key_tu_type,other_tu_type,no._of_traffic_units_involved,no._killed,no._seriously_injured,no._moderately_injured,no._minor-other_injured,month_num,month_label,season,day_label,time_label,time_band,is_peak_commute,is_fatal,is_injury,is_casualty
1344883,Injury,Minor/Other Injury,2024,2024,February,Wednesday,16:00 - 17:59,ENMORE,RD,0,Right on the spot,LLEWELLYN,ST,MARRICKVILLE,2021.0,No,Not a school zone,T-junction,-33.903295,151.168824,Inner West,Sydney metro. area,Syd-Newc-Woll Gtr conurbation,Straight,,,,Unknown / not stated,Sealed,Dry,Fine,Daylight,On,No traffic controls,60 km/h,Regional,30,Rear end,301,Same - Rear end,,Rear end,Car (sedan/hatch),4 wheel drive / SUV,2,0,0,0,1,2,February,Summer,Wednesday,16:00 - 17:59,PM peak / evening commute,True,False,True,True
1344884,Injury,Minor/Other Injury,2024,2024,February,Monday,12:00 - 13:59,RICHMOND,RD,0,Right on the spot,SOUTH,ST,MARSDEN PARK,537.0,No,Not a school zone,X-intersection,-33.707055,150.838972,Blacktown,Sydney metro. area,Syd-Newc-Woll Gtr conurbation,Straight,,,,Unknown / not stated,Sealed,Wet,Raining,Daylight,On,No traffic controls,80 km/h,State,30,Rear end,301,Same - Rear end,,Rear end,4 wheel drive / SUV,4 wheel drive / SUV,2,0,0,0,1,2,February,Summer,Monday,12:00 - 13:59,Midday / afternoon,False,False,True,True
1344888,Injury,Moderate Injury,2024,2024,February,Tuesday,06:00 - 07:59,SOUTH WESTERN,EXP,600,East,HEATHCOTE ROAD,OP,MOOREBANK,6005.0,No,Not a school zone,Dual freeway,-33.943875,150.948327,Liverpool,Sydney metro. area,Syd-Newc-Woll Gtr conurbation,Straight,Other bridge,,,Unknown / not stated,Sealed,Wet,Raining,Daylight,Nil,No traffic controls,100 km/h,State,30,Rear end,301,Same - Rear end,,Rear end,Large rigid,Light truck utility(from 2018),2,0,0,1,0,2,February,Summer,Tuesday,06:00 - 07:59,AM peak / school commute,True,False,True,True
1344890,Injury,Moderate Injury,2024,2024,February,Saturday,00:01 - 01:59,GREAT NORTH,RD,0,Right on the spot,FAIRLIGHT,ST,FIVE DOCK,395.0,No,Not a school zone,X-intersection,-33.870551,151.129169,Canada Bay,Sydney metro. area,Syd-Newc-Woll Gtr conurbation,Curved,,,,On,Sealed,Dry,Fine,Darkness,On,No traffic controls,60 km/h,State,21,Right through,202,Opp - Right-thru,,Other angle,Car (sedan/hatch),4 wheel drive / SUV,2,0,0,1,0,2,February,Summer,Saturday,00:01 - 01:59,Late night / early morning,False,False,True,True
1344892,Injury,Minor/Other Injury,2024,2024,February,Tuesday,08:00 - 09:59,BRIDGES,RD,0,Right on the spot,WILLIAM,ST,NEW LAMBTON,326.0,No,Not a school zone,T-junction,-32.92673,151.717593,Newcastle,Newcastle met. area,Syd-Newc-Woll Gtr conurbation,Straight,,,,Unknown / not stated,Sealed,Wet,Raining,Daylight,Nil,Give way sign,60 km/h,State,30,Rear end,301,Same - Rear end,,Rear end,Light truck,4 wheel drive / SUV,2,0,0,0,1,2,February,Summer,Tuesday,08:00 - 09:59,AM peak / school commute,True,False,True,True
1344894,Injury,Minor/Other Injury,2024,2024,January,Monday,16:00 - 17:59,WENTWORTH,AVE,0,Right on the spot,NUMBER 383,HN,TOONGABBIE,7279.0,No,Not a school zone,2-way undivided,-33.793888,150.952527,Parramatta,Sydney metro. area,Syd-Newc-Woll Gtr conurbation,Straight,Driveway/entrance,,,Unknown / not stated,Sealed,Dry,Fine,Dusk,Nil,No traffic controls,60 km/h,Regional,47,Emerging from drive,406,Manov - Emerging from driveway,,Right angle,4 wheel drive / SUV,Car (sedan/hatch),2,0,0,0,1,1,January,Summer,Monday,16:00 - 17:59,PM peak / evening commute,True,False,True,True
1344895,Injury,Serious Injury,2024,2024,February,Friday,08:00 - 09:59,TABLE TOP,RD,353,North,RIVERINA,HWY,THURGOONA,,No,Not a school zone,2-way undivided,-36.06159,146.989965,Albury,Country urban,Rest of NSW - Urban,Straight,,,,Unknown / not stated,Sealed,Dry,Fine,Daylight,Nil,No traffic controls,80 km/h,Local,30,Rear end,301,Same - Rear end,,Rear end,4 wheel drive / SUV,Car (sedan/hatch),3,0,1,0,1,2,February,Summer,Friday,08:00 - 09:59,AM peak / school commute,True,False,True,True
1344899,Injury,Moderate Injury,2024,2024,February,Saturday,00:01 - 01:59,HOBART,RD,0,Right on the spot,HOBART,LANE,NEW LAMBTON,,No,Not a school zone,T-junction,-32.919434,151.713772,Newcastle,Newcastle met. area,Syd-Newc-Woll Gtr conurbation,Straight,,,,Unknown / not stated,Sealed,Dry,Fine,Darkness,Nil,No traffic controls,50 km/h,Local,71,Off rd left => obj,703,Left off cway into object,,Vehicle - Object,Station wagon,,1,0,0,1,0,2,February,Summer,Saturday,00:01 - 01:59,Late night / early morning,False,False,True,True
1344900,Injury,Moderate Injury,2024,2024,February,Monday,16:00 - 17:59,BUNGARRIBEE,RD,0,Right on the spot,FLUSHCOMBE,RD,BLACKTOWN,643.0,No,Not a school zone,Roundabout,-33.777202,150.907383,Blacktown,Sydney metro. area,Syd-Newc-Woll Gtr conurbation,Curved,,,,Nil,Sealed,Dry,Fine,Daylight,Off,Give way sign,60 km/h,State,30,Rear end,301,Same - Rear end,,Rear end,Light truck,Motor scooter,2,0,0,1,0,2,February,Summer,Monday,16:00 - 17:59,PM peak / evening commute,True,False,True,True
1344901,Injury,Moderate Injury,2024,2024,February,Wednesday,14:00 - 15:59,WINE COUNTRY,DR,0,Right on the spot,LOMAS,LANE,NULKABA,220.0,No,Not a school zone,T-junction,-32.793378,151.348968,Cessnock,Country urban,Rest of NSW - Urban,Straight,,,,Unknown / not stated,Sealed,Dry,Fine,Daylight,Nil,No traffic controls,80 km/h,State,31,Left rear,302,Same - Rear left,,Rear end,Passenger van,Car (sedan/hatch),2,0,0,1,0,2,February,Summer,Wednesday,14:00 - 15:59,Midday / afternoon,False,False,True,True
1344903,Injury,Minor/Other Injury,2024,2024,February,Saturday,10:00 - 11:59,BARNIER,DR,0,Right on the spot,CORBIN,AVE,QUAKERS HILL,,No,Not a school zone,T-junction,-33.718036,150.902733,Blacktown,Sydney metro. area,Syd-Newc-Woll Gtr conurbation,Curved,,,,Unknown / not stated,Sealed,Dry,Fine,Daylight,Nil,No traffic controls,50 km/h,Local,30,Rear end,301,Same - Rear end,,Rear end,Light truck,Car (sedan/hatch),2,0,0,0,1,2,February,Summer,Saturday,10:00 - 11:59,Midday / afternoon,False,False,True,True
1344908,Injury,Moderate Injury,2024,2024,February,Wednesday,10:00 - 11:59,CAMS,BVD,0,Right on the spot,TARWARRI,RD,SUMMERLAND POINT,,No,Not a school zone,T-junction,-33.138877,151.56877,Central Coast,Country urban,Syd-Newc-Woll Gtr conurbation,Straight,,,,On,Sealed,Dry,Fine,Daylight,Nil,No traffic controls,50 km/h,Local,19,Other adjacent,100,Adj - other,,Right angle,4 wheel drive / SUV,Pedal cycle,2,0,0,1,0,2,February,Summer,Wednesday,10:00 - 11:59,Midday / afternoon,False,False,True,True
1344909,Injury,Minor/Other Injury,2024,2024,February,Saturday,16:00 - 17:59,LISMORE,RD,0,Right on the spot,BINNA BURRA,RD,BINNA BURRA,65.0,No,Not a school zone,T-junction,-28.709565,153.489962,Byron,Country urban,Rest of NSW - Urban,Curved,Ditch/drain/culvert,,,Unknown / not stated,Sealed,Wet,Raining,Daylight,Nil,Give way sign,80 km/h,State,80,Off left/right bend,801,Off cway right bend,Left,Rollover,Station wagon,,1,0,0,0,1,2,February,Summer,Saturday,16:00 - 17:59,PM peak / evening commute,True,False,True,True
1344910,Injury,Minor/Other Injury,2024,2024,February,Monday,16:00 - 17:59,CAHILL,EXP,50,South,BRADFIELD HIGHWAY,TO,MILLERS POINT,592.0,No,Not a school zone,Other,-33.85973,151.205784,Sydney,Sydney metro. area,Syd-Newc-Woll Gtr conurbation,Straight,,,,Unknown / not stated,Sealed,Dry,Overcast,Dusk,Nil,No traffic controls,70 km/h,State,30,Rear end,301,Same - Rear end,,Rear end,4 wheel drive / SUV,4 wheel drive / SUV,2,0,0,0,1,2,February,Summer,Monday,16:00 - 17:59,PM peak / evening commute,True,False,True,True
1344914,Injury,Moderate Injury,2024,2024,February,Friday,16:00 - 17:59,GEORGE BASS,DR,0,Right on the spot,BROULEE,RD,BROULEE,7630.0,No,Not a school zone,X-intersection,-35.855925,150.163146,Eurobodalla,Country urban,Rest of NSW - Urban,Straight,,,,Unknown / not stated,Sealed,Dry,Fine,Daylight,Nil,Give way sign,80 km/h,Regional,21,Right through,202,Opp - Right-thru,,Other angle,Car (sedan/hatch),Car (sedan/hatch),2,0,0,1,0,2,February,Summer,Friday,16:00 - 17:59,PM peak / evening commute,True,False,True,True
1344917,Injury,Minor/Other Injury,2024,2024,February,Monday,16:00 - 17:59,ANZAC,AVE,70,North,VICTORIA,RD,WEST RYDE,,No,Not a school zone,2-way undivided,-33.807933,151.092065,Ryde,Sydney metro. area,Syd-Newc-Woll Gtr conurbation,Straight,Driveway/entrance,,,Off,Sealed,Dry,Fine,Daylight,Nil,No traffic controls,50 km/h,Local,47,Emerging from drive,406,Manov - Emerging from driveway,,Right angle,Car (sedan/hatch),Car (sedan/hatch),2,0,0,0,2,2,February,Summer,Monday,16:00 - 17:59,PM peak / evening commute,True,False,True,True
1344921,Injury,Minor/Other Injury,2024,2024,February,Monday,10:00 - 11:59,THE AVENUE,AVE,0,Right on the spot,NUMBER 75,HN,BANKSTOWN,,No,Not a school zone,2-way undivided,-33.91179,151.013537,Canterbury-Bankstown,Sydney metro. area,Syd-Newc-Woll Gtr conurbation,Straight,,,,Off,Sealed,Dry,Fine,Daylight,Nil,No traffic controls,50 km/h,Local,73,Off rd rght => obj,704,Right off cway into obj,,Other angle,Car (sedan/hatch),Light truck utility(from 2018),2,0,0,0,1,2,February,Summer,Monday,10:00 - 11:59,Midday / afternoon,False,False,True,True
1344923,Injury,Moderate Injury,2024,2024,February,Thursday,16:00 - 17:59,BLIGH,ST,100,South,TALBRAGAR,ST,DUBBO,,No,Not a school zone,2-way undivided,-32.245576,148.600292,Dubbo Regional,Country urban,Rest of NSW - Urban,Straight,Driveway/entrance,,,Unknown / not stated,Sealed,Dry,Fine,Daylight,Nil,No traffic controls,50 km/h,Local,32,Right rear,303,Same - Rear right,,Rear end,Car (sedan/hatch),Light truck utility(from 2018),2,0,0,1,0,2,February,Summer,Thursday,16:00 - 17:59,PM peak / evening commute,True,False,True,True
1344926,Injury,Moderate Injury,2024,2024,February,Friday,14:00 - 15:59,M2 HILLS,EXP,100,East,OLD WINDSOR,RD,BAULKHAM HILLS,6002.0,No,Not a school zone,Dual freeway,-33.765517,150.959447,The Hills,Sydney metro. area,Syd-Newc-Woll Gtr conurbation,Straight,,,,Off,Sealed,Dry,Fine,Daylight,Nil,No traffic controls,60 km/h,State,35,Lane change left,307,Same - Lane change left,,Other angle,B-double (road train prior 98),4 wheel drive / SUV,2,0,0,1,0,2,February,Summer,Friday,14:00 - 15:59,Midday / afternoon,False,False,True,True
1344928,Injury,Minor/Other Injury,2024,2024,January,Wednesday,04:00 - 05:59,NEW CANTERBURY,RD,0,Right on the spot,UNION,ST,DULWICH HILL,167.0,Yes,No,X-intersection,-33.905775,151.135904,Inner West,Sydney metro. area,Syd-Newc-Woll Gtr conurbation,Curved,,,,Nil,Sealed,Dry,Overcast,Darkness,Nil,No traffic controls,60 km/h,State,21,Right through,202,Opp - Right-thru,,Other angle,Car (sedan/hatch),Motorcycle,2,0,0,0,1,1,January,Summer,Wednesday,04:00 - 05:59,Late night / early morning,False,False,True,True
1344929,Injury,Moderate Injury,2024,2024,February,Wednesday,08:00 - 09:59,WYONG,RD,20,West,RELIANCE,DR,TUGGERAH,335.0,No,Not a school zone,Divided road,-33.312922,151.421571,Central Coast,Country urban,Syd-Newc-Woll Gtr conurbation,Curved,,,,Unknown / not stated,Sealed,Dry,Fine,Daylight,Nil,No traffic controls,70 km/h,State,30,Rear end,301,Same - Rear end,,Rear end,Light truck,Car (sedan/hatch),4,0,0,1,0,2,February,Summer,Wednesday,08:00 - 09:59,AM peak / school commute,True,False,True,True
1344931,Injury,Moderate Injury,2024,2024,January,Wednesday,16:00 - 17:59,OLD GRAFTON,RD,10000,South,GWYDIR,HWY,DIEHARD,,No,Not a school zone,2-way undivided,-29.671822,152.071253,Glen Innes Severn,Country non-urban,Rest of NSW - Rural,Curved,Painted double centre lines,,,Unknown / not stated,Sealed,Dry,Fine,Daylight,Nil,No traffic controls,100 km/h,Local,20,Head on,201,Opp - Head on,,Head-on,4 wheel drive / SUV,Car (sedan/hatch),2,0,0,1,2,1,January,Summer,Wednesday,16:00 - 17:59,PM peak / evening commute,True,False,True,True
1344933,Injury,Moderate Injury,2024,2024,February,Monday,14:00 - 15:59,INGHAM,DR,120,North,MYALL,RD,CASULA,,No,Not a school zone,2-way undivided,-33.952055,150.895467,Liverpool,Sydney metro. area,Syd-Newc-Woll Gtr conurbation,Curved,,,,Unknown / not stated,Sealed,Wet,Raining,Daylight,Nil,No traffic controls,50 km/h,Local,81,Off left/rt bnd=>obj,803,Off right bend into obj,Left,Other angle,4 wheel drive / SUV,4 wheel drive / SUV,3,0,0,1,0,2,February,Summer,Monday,14:00 - 15:59,Midday / afternoon,False,False,True,True
1344934,Injury,Minor/Other Injury,2024,2024,February,Saturday,16:00 - 17:59,MONA VALE,RD,0,Right on the spot,AUMUNA,RD,TERREY HILLS,162.0,No,Not a school zone,X-intersection,-33.693466,151.220587,Northern Beaches,Sydney metro. area,Syd-Newc-Woll Gtr conurbation,Straight,,,,Unknown / not stated,Sealed,Dry,Fine,Daylight,Nil,Give way sign,80 km/h,State,13,Right near,104,Adj - Right-thru from right,,Right angle,4 wheel drive / SUV,Car (sedan/hatch),2,0,0,0,1,2,February,Summer,Saturday,16:00 - 17:59,PM peak / evening commute,True,False,True,True
1344935,Injury,Minor/Other Injury,2024,2024,February,Friday,12:00 - 13:59,WASHINGTON,AVE,0,Right on the spot,NUMBER 16,HN,NIAGARA PARK,7760.0,Yes,No,2-way undivided,-33.382431,151.353532,Central Coast,Country urban,Syd-Newc-Woll Gtr conurbation,Straight,Driveway/entrance,,,Unknown / not stated,Sealed,Dry,Fine,Daylight,Nil,No traffic controls,50 km/h,Regional,21,Right through,202,Opp - Right-thru,,Other angle,Car (sedan/hatch),Car (sedan/hatch),2,0,0,0,1,2,February,Summer,Friday,12:00 - 13:59,Midday / afternoon,False,False,True,True
1344939,Injury,Serious Injury,2024,2024,February,Sunday,14:00 - 15:59,FOREST,RD,0,Right on the spot,FIRTH,ST,ARNCLIFFE,168.0,Yes,No,X-intersection,-33.939186,151.14564,Bayside,Sydney metro. area,Syd-Newc-Woll Gtr conurbation,Straight,Steep grade,,,Off,Sealed,Dry,Fine,Daylight,On,No traffic controls,60 km/h,State,10,Cross traffic,101,Adj - Cross traffic,,Right angle,Car (sedan/hatch),4 wheel drive / SUV,2,0,2,0,0,2,February,Summer,Sunday,14:00 - 15:59,Midday / afternoon,False,False,True,True
1344940,Injury,Minor/Other Injury,2024,2024,February,Monday,08:00 - 09:59,CAMPBELL HILL,RD,0,Right on the spot,CURTIS,RD,CHESTER HILL,,No,Not a school zone,T-junction,-33.875228,150.99908,Canterbury-Bankstown,Sydney metro. area,Syd-Newc-Woll Gtr conurbation,Straight,,,,Unknown / not stated,Sealed,Dry,Fine,Daylight,Nil,Stop sign,50 km/h,Local,30,Rear end,301,Same - Rear end,,Rear end,4 wheel drive / SUV,Car (sedan/hatch),2,0,0,0,1,2,February,Summer,Monday,08:00 - 09:59,AM peak / school commute,True,False,True,True
1344942,Injury,Minor/Other Injury,2024,2024,February,Sunday,14:00 - 15:59,SMITHFIELD,RD,50,East,MISTRAL,ST,GREENFIELD PARK,7220.0,No,Not a school zone,2-way undivided,-33.875359,150.896606,Fairfield,Sydney metro. area,Syd-Newc-Woll Gtr conurbation,Straight,,,,Nil,Sealed,Dry,Fine,Daylight,Nil,No traffic controls,60 km/h,Regional,30,Rear end,301,Same - Rear end,,Rear end,4 wheel drive / SUV,Car (sedan/hatch),2,0,0,0,7,2,February,Summer,Sunday,14:00 - 15:59,Midday / afternoon,False,False,True,True
1344943,Injury,Serious Injury,2024,2024,February,Tuesday,10:00 - 11:59,WATERLOO,RD,0,Right on the spot,CHISWICK,RD,GREENACRE,7118.0,No,Not a school zone,T-junction,-33.904795,151.057597,Canterbury-Bankstown,Sydney metro. area,Syd-Newc-Woll Gtr conurbation,Straight,,,,Nil,Sealed,Wet,Raining,Daylight,Nil,Stop sign,60 km/h,Regional,30,Rear end,301,Same - Rear end,,Rear end,Car (sedan/hatch),Car (sedan/hatch),3,0,1,1,1,2,February,Summer,Tuesday,10:00 - 11:59,Midday / afternoon,False,False,True,True
1344944,Injury,Moderate Injury,2024,2024,February,Saturday,22:00 - Midnight,MCGRATH,ST,0,Right on the spot,OLD PRINCES,HWY,FAIRY MEADOW,,No,Not a school zone,T-junction,-34.400613,150.89174,Wollongong,Wollongong met. area,Syd-Newc-Woll Gtr conurbation,Straight,,,,Unknown / not stated,Sealed,Dry,Fine,Darkness,On,No traffic controls,60 km/h,Local,21,Right through,202,Opp - Right-thru,,Other angle,Car (sedan/hatch),Car (sedan/hatch),2,0,0,1,0,2,February,Summer,Saturday,22:00 - Midnight,Evening / night,False,False,True,True
1344945,Injury,Moderate Injury,2024,2024,February,Tuesday,16:00 - 17:59,PITTWATER,RD,0,Right on the spot,RAMSAY,ST,COLLAROY,164.0,No,Not a school zone,X-intersection,-33.727258,151.29927,Northern Beaches,Sydney metro. area,Syd-Newc-Woll Gtr conurbation,Straight,Bus/transit lane,,,Unknown / not stated,Sealed,Dry,Fine,Daylight,Nil,Give way sign,60 km/h,State,21,Right through,202,Opp - Right-thru,,Other angle,Unknown motor vehicle,Other bus,2,0,0,1,1,2,February,Summer,Tuesday,16:00 - 17:59,PM peak / evening commute,True,False,True,True
1344946,Injury,Moderate Injury,2024,2024,February,Thursday,06:00 - 07:59,WESTERN,DSTR,50,East,VICTORIA ROAD,TO,ROZELLE,165.0,No,Not a school zone,Divided road,-33.867833,151.180055,Inner West,Sydney metro. area,Syd-Newc-Woll Gtr conurbation,Curved,,,,Unknown / not stated,Sealed,Wet,Raining,Daylight,Nil,No traffic controls,60 km/h,State,30,Rear end,301,Same - Rear end,,Rear end,Light truck,Light truck utility(from 2018),2,0,0,1,0,2,February,Summer,Thursday,06:00 - 07:59,AM peak / school commute,True,False,True,True
1344947,Injury,Minor/Other Injury,2024,2024,January,Thursday,12:00 - 13:59,LANE COVE,RD,0,Right on the spot,NUMBER 167,HN,NORTH RYDE,162.0,Yes,No,Divided road,-33.794324,151.118632,Ryde,Sydney metro. area,Syd-Newc-Woll Gtr conurbation,Straight,,,,Unknown / not stated,Sealed,Dry,Fine,Daylight,Nil,No traffic controls,70 km/h,State,30,Rear end,301,Same - Rear end,,Rear end,Car (sedan/hatch),Car (sedan/hatch),2,0,0,0,1,1,January,Summer,Thursday,12:00 - 13:59,Midday / afternoon,False,False,True,True
1344951,Injury,Moderate Injury,2024,2024,February,Monday,16:00 - 17:59,MARSDEN,RD,50,South,TERRY,RD,DUNDAS VALLEY,158.0,No,Not a school zone,2-way undivided,-33.791319,151.065986,Parramatta,Sydney metro. area,Syd-Newc-Woll Gtr conurbation,Straight,,,,Unknown / not stated,Sealed,Wet,Raining,Daylight,Nil,No traffic controls,60 km/h,State,30,Rear end,301,Same - Rear end,,Rear end,Light truck,4 wheel drive / SUV,2,0,0,1,0,2,February,Summer,Monday,16:00 - 17:59,PM peak / evening commute,True,False,True,True
1344955,Injury,Moderate Injury,2024,2024,February,Saturday,00:01 - 01:59,CUNNINGHAME,ST,50,East,WARE,ST,FAIRFIELD,,No,Not a school zone,2-way undivided,-33.86618,150.952924,Fairfield,Sydney metro. area,Syd-Newc-Woll Gtr conurbation,Straight,Driveway/entrance,,,Unknown / not stated,Sealed,Wet,Raining,Darkness,Nil,No traffic controls,50 km/h,Local,47,Emerging from drive,406,Manov - Emerging from driveway,,Right angle,4 wheel drive / SUV,Car (sedan/hatch),2,0,0,1,0,2,February,Summer,Saturday,00:01 - 01:59,Late night / early morning,False,False,True,True
1344957,Injury,Moderate Injury,2024,2024,February,Tuesday,16:00 - 17:59,NEW ILLAWARRA,RD,245,East,LITTLE FOREST,RD,LUCAS HEIGHTS,190.0,No,Not a school zone,2-way undivided,-34.04795,150.982155,Sutherland,Sydney metro. area,Syd-Newc-Woll Gtr conurbation,Straight,,,,Unknown / not stated,Sealed,Wet,Raining,Dusk,Nil,No traffic controls,80 km/h,State,30,Rear end,301,Same - Rear end,,Rear end,4 wheel drive / SUV,Car (sedan/hatch),3,0,0,1,0,2,February,Summer,Tuesday,16:00 - 17:59,PM peak / evening commute,True,False,True,True
1344958,Injury,Moderate Injury,2024,2024,February,Thursday,14:00 - 15:59,BANGALOW,AVE,0,Right on the spot,BASSETT,ST,MONA VALE,,No,Not a school zone,T-junction,-33.669503,151.304792,Northern Beaches,Sydney metro. area,Syd-Newc-Woll Gtr conurbation,Straight,,,,Off,Sealed,Dry,Fine,Daylight,Nil,No traffic controls,50 km/h,Local,13,Right near,104,Adj - Right-thru from right,,Right angle,Car (sedan/hatch),Motorcycle,2,0,0,1,0,2,February,Summer,Thursday,14:00 - 15:59,Midday / afternoon,False,False,True,True
1344961,Injury,Moderate Injury,2024,2024,February,Tuesday,12:00 - 13:59,KINGS,HWY,3000,East,RIVER FOREST,RD,BUCKENBOWRA,51.0,No,Not a school zone,2-way undivided,-35.548058,149.95403,Eurobodalla,Country urban,Rest of NSW - Urban,Curved,,,,Unknown / not stated,Sealed,Wet,Raining,Daylight,Nil,No traffic controls,70 km/h,State,88,Out of cont on bend,805,Out of control on bend,,Rollover,4 wheel drive / SUV,,1,0,0,1,0,2,February,Summer,Tuesday,12:00 - 13:59,Midday / afternoon,False,False,True,True
1344962,Injury,Minor/Other Injury,2024,2024,February,Tuesday,12:00 - 13:59,WILLIAM,ST,0,Right on the spot,BOURKE,ST,WOOLLOOMOOLOO,173.0,No,Not a school zone,X-intersection,-33.874537,151.218076,Sydney,Sydney metro. area,Syd-Newc-Woll Gtr conurbation,Straight,,,,Unknown / not stated,Sealed,Wet,Raining,Daylight,On,No traffic controls,50 km/h,State,30,Rear end,301,Same - Rear end,,Rear end,Car (sedan/hatch),Large rigid,2,0,0,0,1,2,February,Summer,Tuesday,12:00 - 13:59,Midday / afternoon,False,False,True,True
1344963,Injury,Moderate Injury,2024,2024,February,Sunday,18:00 - 19:59,EDENSOR,RD,0,Right on the spot,LANTANA VENUES,ENT,BONNYRIGG,7228.0,No,Not a school zone,2-way undivided,-33.884931,150.893868,Fairfield,Sydney metro. area,Syd-Newc-Woll Gtr conurbation,Straight,Driveway/entrance,,,On,Sealed,Dry,Fine,Daylight,Nil,No traffic controls,60 km/h,Regional,31,Left rear,302,Same - Rear left,,Rear end,Passenger van,Car (sedan/hatch),2,0,0,1,0,2,February,Summer,Sunday,18:00 - 19:59,PM peak / evening commute,True,False,True,True
1344964,Injury,Moderate Injury,2024,2024,February,Saturday,10:00 - 11:59,WOMBEYAN CAVES,RD,1000,West,GOODMANS FORD,BDGE,GOODMANS FORD,258.0,No,Not a school zone,2-way undivided,-34.308315,150.06291,Wingecarribee,Country non-urban,Rest of NSW - Rural,Curved,Steep grade,,,Unknown / not stated,Unsealed,Dry,Fine,Daylight,Nil,No traffic controls,100 km/h,Regional,80,Off left/right bend,801,Off cway right bend,Left,Rollover,Motorcycle,,1,0,0,1,0,2,February,Summer,Saturday,10:00 - 11:59,Midday / afternoon,False,False,True,True
1344965,Injury,Moderate Injury,2024,2024,February,Saturday,10:00 - 11:59,CUMBERLAND,HWY,0,Right on the spot,FERNGROVE,RD,CANLEY HEIGHTS,13.0,No,Not a school zone,T-junction,-33.879881,150.924679,Fairfield,Sydney metro. area,Syd-Newc-Woll Gtr conurbation,Straight,,,,Unknown / not stated,Sealed,Dry,Fine,Daylight,Nil,Stop sign,70 km/h,State,30,Rear end,301,Same - Rear end,,Rear end,4 wheel drive / SUV,Car (sedan/hatch),2,0,0,1,0,2,February,Summer,Saturday,10:00 - 11:59,Midday / afternoon,False,False,True,True
1344967,Injury,Moderate Injury,2024,2024,February,Thursday,14:00 - 15:59,THE HORSLEY,DR,0,Right on the spot,COWPASTURE ROAD,TO,ABBOTSBURY,609.0,No,Not a school zone,Divided road,-33.849597,150.876486,Fairfield,Sydney metro. area,Syd-Newc-Woll Gtr conurbation,Straight,,,,Unknown / not stated,Sealed,Dry,Fine,Daylight,Nil,No traffic controls,60 km/h,State,30,Rear end,301,Same - Rear end,,Rear end,Large rigid,Car (sedan/hatch),2,0,0,1,0,2,February,Summer,Thursday,14:00 - 15:59,Midday / afternoon,False,False,True,True
1344969,Injury,Moderate Injury,2024,2024,February,Saturday,22:00 - Midnight,LAVIS,LANE,11,West,STOCKTON BIGHT,TRK,WILLIAMTOWN,,No,Not a school zone,2-way undivided,-32.822056,151.869187,Port Stephens,Country urban,Rest of NSW - Urban,Curved,,,,Unknown / not stated,Unsealed,Wet,Overcast,Darkness,Nil,No traffic controls,80 km/h,Local,85,Off rt/lft bnd=>obj,804,Off left bend into obj,Right,Vehicle - Object,Car (sedan/hatch),,1,0,0,1,0,2,February,Summer,Saturday,22:00 - Midnight,Evening / night,False,False,True,True
1344970,Injury,Moderate Injury,2024,2024,January,Tuesday,08:00 - 09:59,GEORGE,ST,0,Right on the spot,MUSTANG,AVE,BOX HILL,,No,Not a school zone,T-junction,-33.647244,150.907898,The Hills,Sydney metro. area,Syd-Newc-Woll Gtr conurbation,Straight,,,,Unknown / not stated,Sealed,Dry,Fine,Daylight,Nil,Unknown,60 km/h,Local,39,Other same direction,300,Same - other,,Other angle,4 wheel drive / SUV,Large rigid,2,0,0,1,0,1,January,Summer,Tuesday,08:00 - 09:59,AM peak / school commute,True,False,True,True
1344972,Injury,Minor/Other Injury,2024,2024,February,Tuesday,18:00 - 19:59,ROBERTS,RD,80,South,REBECCA,RD,GREENACRE,200.0,No,Not a school zone,Divided road,-33.891905,151.066749,Canterbury-Bankstown,Sydney metro. area,Syd-Newc-Woll Gtr conurbation,Straight,,,,Unknown / not stated,Sealed,Wet,Raining,Dusk,Nil,No traffic controls,70 km/h,State,30,Rear end,301,Same - Rear end,,Rear end,Car (sedan/hatch),Car (sedan/hatch),2,0,0,0,1,2,February,Summer,Tuesday,18:00 - 19:59,PM peak / evening commute,True,False,True,True
1344978,Injury,Serious Injury,2024,2024,February,Tuesday,22:00 - Midnight,KIMBERLEY,ST,0,Right on the spot,MILITARY,RD,VAUCLUSE,,No,Not a school zone,T-junction,-33.863494,151.281147,Waverley,Sydney metro. area,Syd-Newc-Woll Gtr conurbation,Curved,Steep grade,,,Unknown / not stated,Sealed,Dry,Fine,Darkness,Nil,No traffic controls,50 km/h,Local,88,Out of cont on bend,805,Out of control on bend,,Rollover,Motorcycle,,1,0,1,0,0,2,February,Summer,Tuesday,22:00 - Midnight,Evening / night,False,False,True,True