crash_id,degree_of_crash,degree_of_crash_-_detailed,reporting_year,year_of_crash,month_of_crash,day_of_week_of_crash,two-hour_intervals,street_of_crash,street_type,distance,direction,identifying_feature,identifying_feature_type,town,route_no.,school_zone_location,school_zone_active,type_of_location,latitude,longitude,lga,urbanisation,conurbation_1,alignment,primary_permanent_feature,primary_temporary_feature,primary_hazardous_feature,street_lighting,road_surface,surface_condition,weather,natural_lighting,signals_operation,other_traffic_control,speed_limit,road_classification_(admin),rum_-_code,rum_-_description,dca_-_code,dca_-_description,dca_supplement,first_impact_type,key_tu_type,other_tu_type,no._of_traffic_units_involved,no._killed,no._seriously_injured,no._moderately_injured,no._minor-other_injured,month_num,month_label,season,day_label,time_label,time_band,is_peak_commute,is_fatal,is_injury,is_casualty
1344979,Injury,Minor/Other Injury,2024,2024,February,Wednesday,06:00 - 07:59,NEWCASTLE,EXP,150,South,PACIFIC HIGHWAY,TO,MOONEY MOONEY,6003.0,No,Not a school zone,Dual freeway,-33.534879,151.199882,Central Coast,Country non-urban,Syd-Newc-Woll Gtr conurbation,Straight,,,,Unknown / not stated,Sealed,Wet,Raining,Daylight,Nil,No traffic controls,110 km/h,State,30,Rear end,301,Same - Rear end,,Rear end,4 wheel drive / SUV,4 wheel drive / SUV,2,0,0,0,1,2,February,Summer,Wednesday,06:00 - 07:59,AM peak / school commute,True,False,True,True
1344980,Injury,Minor/Other Injury,2024,2024,February,Wednesday,08:00 - 09:59,CARDINIA,AVE,0,Right on the spot,HARTWOOD,AVE,ROBIN HILL,,No,Not a school zone,T-junction,-33.413422,149.52581,Bathurst Regional,Country urban,Rest of NSW - Urban,Curved,,,,Unknown / not stated,Sealed,Dry,Fine,Daylight,Nil,Give way sign,50 km/h,Local,20,Head on,201,Opp - Head on,,Head-on,Station wagon,Car (sedan/hatch),2,0,0,0,1,2,February,Summer,Wednesday,08:00 - 09:59,AM peak / school commute,True,False,True,True
1344990,Injury,Minor/Other Injury,2024,2024,January,Friday,20:00 - 21:59,CUMBERLAND,HWY,0,Right on the spot,THORNEY,RD,FAIRFIELD WEST,13.0,No,Not a school zone,X-intersection,-33.873745,150.925745,Fairfield,Sydney metro. area,Syd-Newc-Woll Gtr conurbation,Straight,,,,Unknown / not stated,Sealed,Dry,Fine,Darkness,On,No traffic controls,70 km/h,State,11,Right far,102,Adj - Right-thru from left,,Right angle,4 wheel drive / SUV,4 wheel drive / SUV,2,0,0,0,1,1,January,Summer,Friday,20:00 - 21:59,Evening / night,False,False,True,True
1344992,Injury,Serious Injury,2024,2024,February,Tuesday,10:00 - 11:59,BEMBRIDGE,ST,0,Right on the spot,GARFIELD,ST,CARLTON,,No,Not a school zone,T-junction,-33.97025,151.123316,Georges River,Sydney metro. area,Syd-Newc-Woll Gtr conurbation,Straight,,,,Unknown / not stated,Sealed,Wet,Overcast,Daylight,Nil,No traffic controls,50 km/h,Local,13,Right near,104,Adj - Right-thru from right,,Right angle,Car (sedan/hatch),Light truck utility(from 2018),2,0,1,0,0,2,February,Summer,Tuesday,10:00 - 11:59,Midday / afternoon,False,False,True,True
1344994,Injury,Minor/Other Injury,2024,2024,February,Wednesday,20:00 - 21:59,EMPIRE BAY,DR,0,Right on the spot,NUMBER 232,HN,EMPIRE BAY,349.0,Yes,No,2-way undivided,-33.504143,151.363549,Central Coast,Country urban,Syd-Newc-Woll Gtr conurbation,Straight,,,,Unknown / not stated,Sealed,Dry,Fine,Darkness,Nil,No traffic controls,60 km/h,State,30,Rear end,301,Same - Rear end,,Rear end,4 wheel drive / SUV,4 wheel drive / SUV,2,0,0,0,1,2,February,Summer,Wednesday,20:00 - 21:59,Evening / night,False,False,True,True
1345000,Injury,Moderate Injury,2024,2024,February,Friday,20:00 - 21:59,GLEBE,RD,0,Right on the spot,EDWARD,ST,HAMILTON SOUTH,188.0,No,Not a school zone,T-junction,-32.937461,151.746163,Newcastle,Newcastle met. area,Syd-Newc-Woll Gtr conurbation,Straight,Steep grade,,,On,Sealed,Dry,Fine,Darkness,Nil,No traffic controls,60 km/h,Regional,10,Cross traffic,101,Adj - Cross traffic,,Right angle,Car (sedan/hatch),4 wheel drive / SUV,2,0,0,2,0,2,February,Summer,Friday,20:00 - 21:59,Evening / night,False,False,True,True
1345002,Injury,Moderate Injury,2024,2024,February,Saturday,20:00 - 21:59,WESTERN,EXP,0,Right on the spot,COLEMAN STREET,TO,MERRYLANDS,6004.0,No,Not a school zone,Dual freeway,-33.821624,150.984833,Cumberland,Sydney metro. area,Syd-Newc-Woll Gtr conurbation,Straight,,,,On,Sealed,Dry,Fine,Darkness,Nil,No traffic controls,90 km/h,State,73,Off rd rght => obj,704,Right off cway into obj,,Vehicle - Object,Car (sedan/hatch),,1,0,0,1,0,2,February,Summer,Saturday,20:00 - 21:59,Evening / night,False,False,True,True
1345006,Injury,Serious Injury,2024,2024,February,Wednesday,08:00 - 09:59,SILVERWATER,RD,300,North,CLYDE,ST,SILVERWATER,190.0,No,Not a school zone,Divided road,-33.824166,151.051347,Parramatta,Sydney metro. area,Syd-Newc-Woll Gtr conurbation,Straight,Other bridge,,,Off,Sealed,Dry,Fine,Daylight,Nil,No traffic controls,80 km/h,State,30,Rear end,301,Same - Rear end,,Rear end,Light truck utility(from 2018),Utility,3,0,1,1,0,2,February,Summer,Wednesday,08:00 - 09:59,AM peak / school commute,True,False,True,True
1345009,Injury,Minor/Other Injury,2024,2024,January,Friday,12:00 - 13:59,HUME,HWY,0,Right on the spot,MILTON,ST,ASHFIELD,2.0,No,Not a school zone,X-intersection,-33.888516,151.117504,Inner West,Sydney metro. area,Syd-Newc-Woll Gtr conurbation,Straight,,,,Off,Sealed,Dry,Fine,Daylight,On,No right turn,60 km/h,State,30,Rear end,301,Same - Rear end,,Rear end,Car (sedan/hatch),Car (sedan/hatch),2,0,0,0,1,1,January,Summer,Friday,12:00 - 13:59,Midday / afternoon,False,False,True,True
1345012,Injury,Serious Injury,2024,2024,February,Wednesday,14:00 - 15:59,HAMBLEDON,RD,0,Right on the spot,RIVERBANK,DR,THE PONDS,,No,Not a school zone,T-junction,-33.703759,150.894217,Blacktown,Sydney metro. area,Syd-Newc-Woll Gtr conurbation,Straight,,,,Nil,Sealed,Dry,Fine,Daylight,On,No traffic controls,60 km/h,Local,30,Rear end,301,Same - Rear end,,Rear end,4 wheel drive / SUV,Car (sedan/hatch),2,0,1,0,0,2,February,Summer,Wednesday,14:00 - 15:59,Midday / afternoon,False,False,True,True
1345014,Injury,Serious Injury,2024,2024,February,Friday,08:00 - 09:59,ELIZABETH,ST,0,Right on the spot,RAILWAY,PDE,ALLAWAH,7004.0,No,Not a school zone,X-intersection,-33.970115,151.115871,Georges River,Sydney metro. area,Syd-Newc-Woll Gtr conurbation,Straight,Steep grade,,,On,Sealed,Dry,Fine,Daylight,On,No traffic controls,60 km/h,Regional,21,Right through,202,Opp - Right-thru,,Other angle,Car (sedan/hatch),Motorcycle,2,0,1,0,0,2,February,Summer,Friday,08:00 - 09:59,AM peak / school commute,True,False,True,True
1345015,Injury,Moderate Injury,2024,2024,February,Tuesday,18:00 - 19:59,THE COAST,RD,300,South,ROCKY POINT,RD,SKENNARS HEAD,545.0,No,Not a school zone,2-way undivided,-28.835704,153.603007,Ballina,Country urban,Rest of NSW - Urban,Straight,Crest,,,On,Sealed,Dry,Fine,Darkness,Nil,No traffic controls,80 km/h,Regional,20,Head on,201,Opp - Head on,,Head-on,4 wheel drive / SUV,4 wheel drive / SUV,2,0,0,1,2,2,February,Summer,Tuesday,18:00 - 19:59,PM peak / evening commute,True,False,True,True
1345016,Injury,Serious Injury,2024,2024,February,Saturday,06:00 - 07:59,LAWRENCE HARGRAVE,DR,100,West,OTFORD,RD,STANWELL PARK,185.0,No,Not a school zone,2-way undivided,-34.223151,150.993893,Wollongong,Wollongong met. area,Syd-Newc-Woll Gtr conurbation,Curved,Steep grade,,,Nil,Sealed,Dry,Fine,Daylight,Nil,No traffic controls,60 km/h,State,30,Rear end,301,Same - Rear end,,Rear end,Pedal cycle,Station wagon,2,0,1,0,0,2,February,Summer,Saturday,06:00 - 07:59,AM peak / school commute,True,False,True,True
1345022,Injury,Moderate Injury,2024,2024,January,Saturday,08:00 - 09:59,AVOCA,ST,0,Right on the spot,ALISON,RD,RANDWICK,660.0,No,Not a school zone,X-intersection,-33.913163,151.24204,Randwick,Sydney metro. area,Syd-Newc-Woll Gtr conurbation,Straight,,,,On,Sealed,Dry,Fine,Daylight,On,No traffic controls,50 km/h,State,33,Lane sideswipe,305,Same - Lane side swipe,,Other angle,Car (sedan/hatch),Pedal cycle,2,0,0,1,0,1,January,Summer,Saturday,08:00 - 09:59,AM peak / school commute,True,False,True,True
1345023,Injury,Serious Injury,2024,2024,February,Monday,08:00 - 09:59,SEAVIEW,ST,0,Right on the spot,NUMBER 48,HN,BALGOWLAH,,No,Not a school zone,2-way undivided,-33.796778,151.258712,Northern Beaches,Sydney metro. area,Syd-Newc-Woll Gtr conurbation,Straight,Driveway/entrance,,,Nil,Sealed,Wet,Raining,Daylight,Nil,No traffic controls,50 km/h,Local,47,Emerging from drive,406,Manov - Emerging from driveway,,Right angle,Car (sedan/hatch),Car (sedan/hatch),2,0,1,0,0,2,February,Summer,Monday,08:00 - 09:59,AM peak / school commute,True,False,True,True
1345028,Injury,Moderate Injury,2024,2024,February,Wednesday,08:00 - 09:59,CANBERRA,AVE,0,Right on the spot,KEALMAN,RD,QUEANBEYAN WEST,51.0,No,Not a school zone,T-junction,-35.349853,149.209126,Queanbeyan-Palerang Regional,Country urban,Rest of NSW - Urban,Straight,,,,Off,Sealed,Dry,Fine,Daylight,Nil,Give way sign,80 km/h,State,30,Rear end,301,Same - Rear end,,Rear end,4 wheel drive / SUV,4 wheel drive / SUV,2,0,0,1,0,2,February,Summer,Wednesday,08:00 - 09:59,AM peak / school commute,True,False,True,True
1345031,Injury,Moderate Injury,2024,2024,January,Tuesday,18:00 - 19:59,WEE JASPER,RD,250,North,WEBBS,RD,WYANGLE,278.0,No,Not a school zone,2-way undivided,-35.236772,148.300002,Snowy Valleys,Country non-urban,Rest of NSW - Rural,Curved,Steep grade,,,Nil,Unsealed,Dry,Fine,Daylight,Nil,No traffic controls,100 km/h,Regional,82,Off right/right bend,801,Off cway right bend,Right,Rollover,4 wheel drive / SUV,,1,0,0,2,1,1,January,Summer,Tuesday,18:00 - 19:59,PM peak / evening commute,True,False,True,True
1345032,Injury,Moderate Injury,2024,2024,February,Saturday,22:00 - Midnight,HUME,HWY,50,North,MOORE,ST,LIVERPOOL,2.0,No,Not a school zone,Divided road,-33.921475,150.919117,Liverpool,Sydney metro. area,Syd-Newc-Woll Gtr conurbation,Straight,,,,On,Sealed,Dry,Fine,Darkness,Nil,No traffic controls,60 km/h,State,62,Accident,603,On path - Previous accident,,Other angle,Motor scooter,4 wheel drive / SUV,2,0,0,1,0,2,February,Summer,Saturday,22:00 - Midnight,Evening / night,False,False,True,True
1345034,Injury,Moderate Injury,2024,2024,January,Friday,14:00 - 15:59,HOMER,ST,0,Right on the spot,LEONORA,ST,EARLWOOD,,No,Not a school zone,T-junction,-33.929745,151.117073,Canterbury-Bankstown,Sydney metro. area,Syd-Newc-Woll Gtr conurbation,Straight,,,,Nil,Sealed,Dry,Fine,Daylight,Nil,Give way sign,50 km/h,Local,13,Right near,104,Adj - Right-thru from right,,Right angle,Car (sedan/hatch),Station wagon,2,0,0,2,0,1,January,Summer,Friday,14:00 - 15:59,Midday / afternoon,False,False,True,True
1345036,Injury,Moderate Injury,2024,2024,February,Wednesday,14:00 - 15:59,ARMIDALE,RD,2000,North,RIDGE,RD,CLOUDS CREEK,74.0,No,Not a school zone,2-way undivided,-30.100885,152.6278,Clarence Valley,Country non-urban,Rest of NSW - Rural,Curved,Steep grade,,,Nil,Sealed,Wet,Overcast,Daylight,Nil,No traffic controls,100 km/h,Regional,81,Off left/rt bnd=>obj,803,Off right bend into obj,Left,Vehicle - Object,Motorcycle,,1,0,0,1,0,2,February,Summer,Wednesday,14:00 - 15:59,Midday / afternoon,False,False,True,True
1345040,Injury,Moderate Injury,2024,2024,February,Thursday,10:00 - 11:59,CARRINGTON,RD,0,Right on the spot,RENWICK,ST,MARRICKVILLE,,No,Not a school zone,X-intersection,-33.919809,151.155221,Inner West,Sydney metro. area,Syd-Newc-Woll Gtr conurbation,Straight,Foot/cycle path/nature strip,,,Nil,Sealed,Dry,Fine,Daylight,Nil,Stop sign,50 km/h,Local,10,Cross traffic,101,Adj - Cross traffic,,Right angle,Unknown motor vehicle,Pedal cycle,2,0,0,1,0,2,February,Summer,Thursday,10:00 - 11:59,Midday / afternoon,False,False,True,True
1345041,Injury,Serious Injury,2024,2024,February,Thursday,22:00 - Midnight,KYOGLE,RD,0,Right on the spot,NUMBER 1787,HN,TERRAGON,142.0,No,Not a school zone,2-way undivided,-28.431285,153.310524,Tweed,Country urban,Rest of NSW - Urban,Curved,,,,Nil,Sealed,Wet,Fine,Darkness,Nil,No traffic controls,80 km/h,Regional,84,Off right/left bend,802,Off cway left bend,Right,Rollover,Motorcycle,,1,0,1,0,0,2,February,Summer,Thursday,22:00 - Midnight,Evening / night,False,False,True,True
1345044,Injury,Moderate Injury,2024,2024,February,Friday,18:00 - 19:59,JUNCTION,ST,0,Right on the spot,SHORT,ST,AUBURN,,No,Not a school zone,X-intersection,-33.837852,151.029889,Cumberland,Sydney metro. area,Syd-Newc-Woll Gtr conurbation,Straight,,,,Off,Sealed,Dry,Overcast,Dusk,Nil,Stop sign,50 km/h,Local,10,Cross traffic,101,Adj - Cross traffic,,Right angle,4 wheel drive / SUV,Light truck utility(from 2018),2,0,0,1,0,2,February,Summer,Friday,18:00 - 19:59,PM peak / evening commute,True,False,True,True
1345048,Injury,Moderate Injury,2024,2024,February,Thursday,20:00 - 21:59,SOUTHERN,EXP,300,South,FOWLERS ROAD,TO,DAPTO,6006.0,No,Not a school zone,Dual freeway,-34.499708,150.795855,Wollongong,Wollongong met. area,Syd-Newc-Woll Gtr conurbation,Straight,,,,Nil,Sealed,Dry,Fine,Darkness,Nil,No traffic controls,100 km/h,State,73,Off rd rght => obj,704,Right off cway into obj,,Vehicle - Object,4 wheel drive / SUV,,1,0,0,1,0,2,February,Summer,Thursday,20:00 - 21:59,Evening / night,False,False,True,True
1345053,Injury,Minor/Other Injury,2024,2024,January,Monday,12:00 - 13:59,PACIFIC,HWY,0,Right on the spot,FINGAL ROAD,TO,CHINDERAH,10.0,No,Not a school zone,Divided road,-28.226733,153.557674,Tweed,Country non-urban,Rest of NSW - Rural,Straight,,,,Nil,Sealed,Dry,Fine,Daylight,Nil,No traffic controls,100 km/h,State,71,Off rd left => obj,703,Left off cway into object,,Vehicle - Object,B-double (road train prior 98),,1,0,0,0,1,1,January,Summer,Monday,12:00 - 13:59,Midday / afternoon,False,False,True,True
1345055,Injury,Serious Injury,2024,2024,February,Thursday,12:00 - 13:59,SHOWGROUND,RD,50,East,GREEN,RD,CASTLE HILL,157.0,No,Not a school zone,Divided road,-33.724682,150.977402,The Hills,Sydney metro. area,Syd-Newc-Woll Gtr conurbation,Straight,,,,Nil,Sealed,Dry,Fine,Daylight,Nil,No traffic controls,60 km/h,State,30,Rear end,301,Same - Rear end,,Rear end,Car (sedan/hatch),4 wheel drive / SUV,2,0,1,0,0,2,February,Summer,Thursday,12:00 - 13:59,Midday / afternoon,False,False,True,True
1345063,Injury,Serious Injury,2024,2024,February,Tuesday,06:00 - 07:59,ARTHUR,ST,0,Right on the spot,HAMPSTEAD,RD,STRATHFIELD,2057.0,No,Not a school zone,T-junction,-33.869957,151.069236,Strathfield,Sydney metro. area,Syd-Newc-Woll Gtr conurbation,Straight,,,,Nil,Sealed,Dry,Fine,Daylight,Nil,Stop sign,50 km/h,Regional,13,Right near,104,Adj - Right-thru from right,,Right angle,Station wagon,Car (sedan/hatch),2,0,1,0,0,2,February,Summer,Tuesday,06:00 - 07:59,AM peak / school commute,True,False,True,True
1345074,Injury,Moderate Injury,2024,2024,January,Friday,12:00 - 13:59,MOUNT LINDESAY,RD,2150,East,RICHMOND,ST,WOODENBONG,622.0,No,Not a school zone,2-way undivided,-28.391718,152.633485,Kyogle,Country non-urban,Rest of NSW - Rural,Curved,Painted double centre lines,,Slippery surface,Nil,Sealed,Wet,Raining,Daylight,Nil,No traffic controls,100 km/h,Regional,20,Head on,201,Opp - Head on,,Head-on,Light truck utility(from 2018),Light truck utility(from 2018),2,0,0,1,1,1,January,Summer,Friday,12:00 - 13:59,Midday / afternoon,False,False,True,True
1345078,Injury,Serious Injury,2024,2024,January,Thursday,12:00 - 13:59,MOWBRAY,RD,0,Right on the spot,NUMBER 554,HN,LANE COVE NORTH,7055.0,No,Not a school zone,2-way undivided,-33.805613,151.162451,Lane Cove,Sydney metro. area,Syd-Newc-Woll Gtr conurbation,Straight,,,,Nil,Sealed,Dry,Fine,Daylight,Nil,No traffic controls,50 km/h,Regional,20,Head on,201,Opp - Head on,,Head-on,4 wheel drive / SUV,Car (sedan/hatch),4,0,1,2,0,1,January,Summer,Thursday,12:00 - 13:59,Midday / afternoon,False,False,True,True
1345079,Injury,Minor/Other Injury,2024,2024,January,Saturday,20:00 - 21:59,STONY CREEK,TRL,1000,South,BOONDEROO,RD,WEREBOLDERA,,No,Not a school zone,2-way undivided,-35.335456,148.225371,Snowy Valleys,Country urban,Rest of NSW - Urban,Straight,,,,Nil,Unsealed,Dry,Fine,Dusk,Nil,No traffic controls,50 km/h,Local,74,On road-out of cont.,705,Out of control on cway,,Rollover,Motorcycle,,1,0,0,0,1,1,January,Summer,Saturday,20:00 - 21:59,Evening / night,False,False,True,True
1345082,Injury,Moderate Injury,2024,2024,January,Tuesday,14:00 - 15:59,CARDELL,RD,0,Right on the spot,GORMON,AVE,KELLYVILLE,,No,Not a school zone,T-junction,-33.714119,150.953468,The Hills,Sydney metro. area,Syd-Newc-Woll Gtr conurbation,Straight,,,,Nil,Sealed,Dry,Fine,Daylight,Nil,Give way sign,50 km/h,Local,10,Cross traffic,101,Adj - Cross traffic,,Right angle,Car (sedan/hatch),Car (sedan/hatch),2,0,0,1,0,1,January,Summer,Tuesday,14:00 - 15:59,Midday / afternoon,False,False,True,True
1345085,Injury,Moderate Injury,2024,2024,February,Wednesday,18:00 - 19:59,PACIFIC,HWY,350,East,GHINNI GHINNI SCHOOL,RD,JONES ISLAND,10.0,No,Not a school zone,Divided road,-31.878501,152.55951,Mid-Coast,Country non-urban,Rest of NSW - Rural,Curved,Other bridge,,,Nil,Sealed,Wet,Raining,Dusk,Nil,No traffic controls,100 km/h,State,83,Off rt/rt bnd=>obj,803,Off right bend into obj,Right,Vehicle - Object,B-double (road train prior 98),,1,0,0,1,0,2,February,Summer,Wednesday,18:00 - 19:59,PM peak / evening commute,True,False,True,True
1345087,Injury,Serious Injury,2024,2024,February,Monday,14:00 - 15:59,ELLALONG,RD,500,South,PELTON,RD,PELTON,,No,Not a school zone,2-way undivided,-32.888003,151.310818,Cessnock,Country urban,Rest of NSW - Urban,Straight,,,,Nil,Sealed,Dry,Fine,Daylight,Nil,No traffic controls,80 km/h,Local,71,Off rd left => obj,703,Left off cway into object,,Vehicle - Object,Car (sedan/hatch),,1,0,2,0,0,2,February,Summer,Monday,14:00 - 15:59,Midday / afternoon,False,False,True,True
1345089,Injury,Moderate Injury,2024,2024,February,Tuesday,14:00 - 15:59,ADELAIDE,RD,0,Right on the spot,ORIENT,RD,PADSTOW,,No,Not a school zone,X-intersection,-33.956788,151.035002,Canterbury-Bankstown,Sydney metro. area,Syd-Newc-Woll Gtr conurbation,Straight,,,,Off,Sealed,Dry,Fine,Daylight,Nil,Give way sign,50 km/h,Local,20,Head on,201,Opp - Head on,,Head-on,Car (sedan/hatch),Car (sedan/hatch),2,0,0,1,0,2,February,Summer,Tuesday,14:00 - 15:59,Midday / afternoon,False,False,True,True
1345092,Injury,Moderate Injury,2024,2024,February,Sunday,02:00 - 03:59,BUNDARRA,CRES,0,Right on the spot,NUMBER 2,HN,ORANGE,,No,Not a school zone,2-way undivided,-33.303322,149.114531,Orange,Country urban,Rest of NSW - Urban,Straight,,,,On,Sealed,Dry,Fine,Darkness,Nil,No traffic controls,50 km/h,Local,71,Off rd left => obj,703,Left off cway into object,,Vehicle - Object,Car (sedan/hatch),,1,0,0,1,0,2,February,Summer,Sunday,02:00 - 03:59,Late night / early morning,False,False,True,True
1345095,Injury,Moderate Injury,2024,2024,February,Tuesday,06:00 - 07:59,KISSING POINT,RD,0,Right on the spot,NUMBER 249,HN,SOUTH TURRAMURRA,,No,Not a school zone,2-way undivided,-33.755547,151.111852,Ku-ring-gai,Sydney metro. area,Syd-Newc-Woll Gtr conurbation,Straight,Driveway/entrance,,,Nil,Sealed,Dry,Fine,Daylight,Nil,No traffic controls,50 km/h,Local,47,Emerging from drive,406,Manov - Emerging from driveway,,Right angle,Car (sedan/hatch),Pedal cycle,2,0,0,1,0,2,February,Summer,Tuesday,06:00 - 07:59,AM peak / school commute,True,False,True,True
1345096,Injury,Serious Injury,2024,2024,February,Tuesday,10:00 - 11:59,MOUNT LINDESAY,RD,2820,South,HARRIGANS,LANE,BOOKOOKOORARA,622.0,No,Not a school zone,2-way undivided,-28.778066,152.091251,Tenterfield,Country non-urban,Rest of NSW - Rural,Curved,Ditch/drain/culvert,,,Nil,Unsealed,Dry,Fine,Daylight,Nil,No traffic controls,100 km/h,Regional,86,Off left/left bend,802,Off cway left bend,Left,Rollover,4 wheel drive / SUV,,1,0,2,0,0,2,February,Summer,Tuesday,10:00 - 11:59,Midday / afternoon,False,False,True,True
1345098,Injury,Moderate Injury,2024,2024,February,Tuesday,04:00 - 05:59,PACIFIC,HWY,0,Right on the spot,NUMBER 245A,HN,DOYALSON NORTH,10.0,No,Not a school zone,Divided road,-33.186872,151.553035,Central Coast,Country urban,Syd-Newc-Woll Gtr conurbation,Straight,,,,On,Sealed,Dry,Fine,Darkness,Nil,No traffic controls,80 km/h,State,71,Off rd left => obj,703,Left off cway into object,,Vehicle - Object,Car (sedan/hatch),,1,0,0,1,1,2,February,Summer,Tuesday,04:00 - 05:59,Late night / early morning,False,False,True,True
1345102,Injury,Moderate Injury,2024,2024,February,Tuesday,06:00 - 07:59,SOUTHERN,EXP,50,South,EMERSON ROAD,OP,DAPTO,6006.0,No,Not a school zone,Dual freeway,-34.504621,150.790899,Wollongong,Wollongong met. area,Syd-Newc-Woll Gtr conurbation,Curved,,,,Nil,Sealed,Wet,Raining,Dawn,Nil,No traffic controls,100 km/h,State,30,Rear end,301,Same - Rear end,,Rear end,Car (sedan/hatch),Car (sedan/hatch),2,0,0,1,0,2,February,Summer,Tuesday,06:00 - 07:59,AM peak / school commute,True,False,True,True
1345107,Injury,Serious Injury,2024,2024,January,Tuesday,18:00 - 19:59,KING GEORGES,RD,0,Right on the spot,HALSTEAD,ST,SOUTH HURSTVILLE,200.0,No,Not a school zone,X-intersection,-33.974692,151.102317,Georges River,Sydney metro. area,Syd-Newc-Woll Gtr conurbation,Straight,Steep grade,,,Nil,Sealed,Dry,Fine,Daylight,Nil,Give way sign,60 km/h,State,16,Left near,107,Adj - Left-thru from right,,Right angle,Motorcycle,Car (sedan/hatch),2,0,1,0,0,1,January,Summer,Tuesday,18:00 - 19:59,PM peak / evening commute,True,False,True,True
1345108,Injury,Minor/Other Injury,2024,2024,February,Saturday,14:00 - 15:59,DURI,RD,0,Right on the spot,BYLONG,RD,HILLVUE,130.0,No,Not a school zone,T-junction,-31.119951,150.890451,Tamworth Regional,Country non-urban,Rest of NSW - Rural,Straight,Ditch/drain/culvert,,,Nil,Sealed,Dry,Overcast,Daylight,Nil,No traffic controls,100 km/h,Regional,51,Out of control otake,502,Ovtak - Out of control,,Rollover,Car (sedan/hatch),,1,0,0,0,1,2,February,Summer,Saturday,14:00 - 15:59,Midday / afternoon,False,False,True,True
1345115,Injury,Moderate Injury,2024,2024,February,Sunday,18:00 - 19:59,BOURKE,ST,30,South,BRENAN,ST,SMITHFIELD,,No,Not a school zone,2-way undivided,-33.85598,150.927816,Fairfield,Sydney metro. area,Syd-Newc-Woll Gtr conurbation,Straight,Spd hump/slow pt/chc,,,Off,Sealed,Wet,Raining,Dusk,Nil,No traffic controls,50 km/h,Local,71,Off rd left => obj,703,Left off cway into object,,Other angle,Car (sedan/hatch),4 wheel drive / SUV,3,0,0,1,0,2,February,Summer,Sunday,18:00 - 19:59,PM peak / evening commute,True,False,True,True
1345122,Injury,Moderate Injury,2024,2024,February,Tuesday,12:00 - 13:59,SUSSEX,ST,20,South,DRUITT,ST,SYDNEY,,No,Not a school zone,1-way street,-33.873183,151.204132,Sydney,Sydney metro. area,Syd-Newc-Woll Gtr conurbation,Straight,,,,Off,Sealed,Wet,Raining,Daylight,Nil,No traffic controls,40 km/h,Local,35,Lane change left,307,Same - Lane change left,,Other angle,Car (sedan/hatch),Car (sedan/hatch),2,0,0,1,0,2,February,Summer,Tuesday,12:00 - 13:59,Midday / afternoon,False,False,True,True
1345124,Injury,Serious Injury,2024,2024,February,Saturday,08:00 - 09:59,GOLDEN,HWY,3000,East,BOMELY,ST,ELONG ELONG,27.0,No,Not a school zone,2-way undivided,-32.105316,149.064448,Dubbo Regional,Country non-urban,Rest of NSW - Rural,Straight,,,,Nil,Sealed,Dry,Fine,Daylight,Nil,No traffic controls,100 km/h,State,30,Rear end,301,Same - Rear end,,Rear end,Light truck utility(from 2018),4 wheel drive / SUV,2,0,2,0,1,2,February,Summer,Saturday,08:00 - 09:59,AM peak / school commute,True,False,True,True
1345125,Injury,Moderate Injury,2024,2024,February,Wednesday,16:00 - 17:59,GOVERNMENT,RD,500,South,SEAHAM,ST,HOLMESVILLE,,No,Not a school zone,2-way undivided,-32.920265,151.591035,Lake Macquarie,Newcastle met. area,Syd-Newc-Woll Gtr conurbation,Straight,Ditch/drain/culvert,,,Nil,Unsealed,Dry,Fine,Daylight,Nil,No traffic controls,50 km/h,Local,71,Off rd left => obj,703,Left off cway into object,,Vehicle - Object,Light truck utility(from 2018),,1,0,0,1,0,2,February,Summer,Wednesday,16:00 - 17:59,PM peak / evening commute,True,False,True,True
1345126,Injury,Moderate Injury,2024,2024,February,Tuesday,16:00 - 17:59,CUMBERLAND,HWY,100,South,LINKS,AVE,CABRAMATTA,13.0,No,Not a school zone,Divided road,-33.902645,150.918289,Fairfield,Sydney metro. area,Syd-Newc-Woll Gtr conurbation,Straight,,,,On,Sealed,Dry,Fine,Daylight,Nil,No traffic controls,70 km/h,State,30,Rear end,301,Same - Rear end,,Rear end,Car (sedan/hatch),Car (sedan/hatch),2,0,0,1,1,2,February,Summer,Tuesday,16:00 - 17:59,PM peak / evening commute,True,False,True,True
1345127,Injury,Minor/Other Injury,2024,2024,February,Monday,02:00 - 03:59,OLD CANTERBURY,RD,10,North,DIXSON,AVE,DULWICH HILL,652.0,No,Not a school zone,T-junction,-33.899322,151.133452,Inner West,Sydney metro. area,Syd-Newc-Woll Gtr conurbation,Straight,,,,On,Sealed,Dry,Fine,Darkness,Nil,Give way sign,50 km/h,State,66,Object on road,607,On path - Hit temp object,,Vehicle - Object,Motor scooter,,1,0,0,0,1,2,February,Summer,Monday,02:00 - 03:59,Late night / early morning,False,False,True,True
1345130,Injury,Moderate Injury,2024,2024,January,Thursday,06:00 - 07:59,HUME,HWY,1500,South,BURRINJUCK,RD,BOOKHAM,2.0,No,Not a school zone,Divided road,-34.818031,148.675625,Yass Valley,Country non-urban,Rest of NSW - Rural,Curved,,,,Nil,Sealed,Dry,Fine,Daylight,Nil,No traffic controls,110 km/h,State,81,Off left/rt bnd=>obj,803,Off right bend into obj,Left,Vehicle - Object,Motorcycle,,1,0,0,1,0,1,January,Summer,Thursday,06:00 - 07:59,AM peak / school commute,True,False,True,True