crash_id,degree_of_crash,degree_of_crash_-_detailed,reporting_year,year_of_crash,month_of_crash,day_of_week_of_crash,two-hour_intervals,street_of_crash,street_type,distance,direction,identifying_feature,identifying_feature_type,town,route_no.,school_zone_location,school_zone_active,type_of_location,latitude,longitude,lga,urbanisation,conurbation_1,alignment,primary_permanent_feature,primary_temporary_feature,primary_hazardous_feature,street_lighting,road_surface,surface_condition,weather,natural_lighting,signals_operation,other_traffic_control,speed_limit,road_classification_(admin),rum_-_code,rum_-_description,dca_-_code,dca_-_description,dca_supplement,first_impact_type,key_tu_type,other_tu_type,no._of_traffic_units_involved,no._killed,no._seriously_injured,no._moderately_injured,no._minor-other_injured,month_num,month_label,season,day_label,time_label,time_band,is_peak_commute,is_fatal,is_injury,is_casualty
1345134,Injury,Serious Injury,2024,2024,January,Thursday,20:00 - 21:59,BURNS BAY,RD,40,East,GENTLE,ST,LANE COVE,,No,Not a school zone,2-way undivided,-33.813644,151.160503,Lane Cove,Sydney metro. area,Syd-Newc-Woll Gtr conurbation,Straight,,,,On,Sealed,Dry,Fine,Dusk,Nil,No traffic controls,50 km/h,Local,0,Ped nearside,1,Ped - Near side,,Vehicle - Pedestrian,Car (sedan/hatch),Pedestrian,2,0,1,0,0,1,January,Summer,Thursday,20:00 - 21:59,Evening / night,False,False,True,True
1345138,Injury,Minor/Other Injury,2024,2024,February,Saturday,20:00 - 21:59,CAPE HAWKE,DR,0,Right on the spot,NUMBER 288,HN,FORSTER,,No,Not a school zone,2-way undivided,-32.213689,152.553589,Mid-Coast,Country urban,Rest of NSW - Urban,Curved,Steep grade,,,Nil,Sealed,Wet,Raining,Darkness,Nil,No traffic controls,60 km/h,Local,81,Off left/rt bnd=>obj,803,Off right bend into obj,Left,Vehicle - Object,Car (sedan/hatch),,1,0,0,0,1,2,February,Summer,Saturday,20:00 - 21:59,Evening / night,False,False,True,True
1345140,Injury,Serious Injury,2024,2024,February,Monday,12:00 - 13:59,ARCHBOLD,RD,50,North,ROSEVILLE,AVE,ROSEVILLE,2043.0,No,Not a school zone,2-way undivided,-33.778448,151.184871,Ku-ring-gai,Sydney metro. area,Syd-Newc-Woll Gtr conurbation,Straight,Crest,,,Off,Sealed,Wet,Raining,Daylight,Nil,No traffic controls,60 km/h,Regional,20,Head on,201,Opp - Head on,,Head-on,Car (sedan/hatch),Car (sedan/hatch),4,0,2,0,0,2,February,Summer,Monday,12:00 - 13:59,Midday / afternoon,False,False,True,True
1345143,Injury,Moderate Injury,2024,2024,February,Wednesday,16:00 - 17:59,MAUD,ST,30,South,BELGRAVE,ST,MAYFIELD WEST,605.0,No,Not a school zone,2-way undivided,-32.891402,151.724681,Newcastle,Newcastle met. area,Syd-Newc-Woll Gtr conurbation,Straight,,,,Off,Sealed,Wet,Raining,Daylight,Nil,No traffic controls,60 km/h,State,30,Rear end,301,Same - Rear end,,Rear end,Utility,Car (sedan/hatch),3,0,0,2,0,2,February,Summer,Wednesday,16:00 - 17:59,PM peak / evening commute,True,False,True,True
1345147,Injury,Minor/Other Injury,2024,2024,January,Monday,08:00 - 09:59,MONARO,HWY,1900,North,MURRELLS,RD,CHAKOLA,19.0,No,Not a school zone,2-way undivided,-36.109527,149.143074,Snowy Monaro Regional,Country non-urban,Rest of NSW - Rural,Straight,Ditch/drain/culvert,Roadwks/Detour/Diverson,"Loose gravel, sealed",Nil,Sealed,Dry,Fine,Daylight,Nil,No traffic controls,100 km/h,State,70,Off road to left,701,Off carriageway to left,,Rollover,Station wagon,,1,0,0,0,1,1,January,Summer,Monday,08:00 - 09:59,AM peak / school commute,True,False,True,True
1345150,Injury,Moderate Injury,2024,2024,February,Saturday,20:00 - 21:59,CANLEY VALE,RD,0,Right on the spot,WINBURNDALE,RD,WAKELEY,7224.0,No,Not a school zone,T-junction,-33.87553,150.902452,Fairfield,Sydney metro. area,Syd-Newc-Woll Gtr conurbation,Straight,,,,On,Sealed,Dry,Fine,Dusk,Nil,No traffic controls,60 km/h,Regional,13,Right near,104,Adj - Right-thru from right,,Right angle,Car (sedan/hatch),Motorcycle,2,0,0,2,0,2,February,Summer,Saturday,20:00 - 21:59,Evening / night,False,False,True,True
1345152,Injury,Moderate Injury,2024,2024,February,Tuesday,10:00 - 11:59,CANBERRA,AVE,0,Right on the spot,DONALD,RD,QUEANBEYAN,51.0,No,Not a school zone,X-intersection,-35.356805,149.225352,Queanbeyan-Palerang Regional,Country urban,Rest of NSW - Urban,Straight,,,,Off,Sealed,Dry,Fine,Daylight,On,No traffic controls,60 km/h,State,10,Cross traffic,101,Adj - Cross traffic,,Right angle,4 wheel drive / SUV,Light truck utility(from 2018),2,0,0,1,0,2,February,Summer,Tuesday,10:00 - 11:59,Midday / afternoon,False,False,True,True
1345155,Injury,Minor/Other Injury,2024,2024,February,Tuesday,10:00 - 11:59,SOUTH WESTERN,EXP,0,Right on the spot,PRINCES HIGHWAY,TO,ARNCLIFFE,6005.0,No,Not a school zone,Dual freeway,-33.934979,151.142802,Bayside,Sydney metro. area,Syd-Newc-Woll Gtr conurbation,Straight,Underpass/tunnel,,,On,Sealed,Dry,Fine,Daylight,Nil,No traffic controls,80 km/h,State,35,Lane change left,307,Same - Lane change left,,Other angle,Large rigid,Light truck utility(from 2018),2,0,0,0,1,2,February,Summer,Tuesday,10:00 - 11:59,Midday / afternoon,False,False,True,True
1345156,Injury,Moderate Injury,2024,2024,February,Sunday,12:00 - 13:59,BLUES POINT,RD,0,Right on the spot,PRINCES,ST,MCMAHONS POINT,,No,Not a school zone,T-junction,-33.844639,151.204257,North Sydney,Sydney metro. area,Syd-Newc-Woll Gtr conurbation,Straight,,,,Nil,Sealed,Dry,Fine,Daylight,Nil,No traffic controls,50 km/h,Local,45,Reversing,404,Manov - Reverse in traffic,,Other angle,4 wheel drive / SUV,Other bus,2,0,0,1,0,2,February,Summer,Sunday,12:00 - 13:59,Midday / afternoon,False,False,True,True
1345161,Injury,Serious Injury,2024,2024,February,Tuesday,10:00 - 11:59,MANNING,ST,0,Right on the spot,WALLIS,ST,TUNCURRY,692.0,No,Not a school zone,Roundabout,-32.171099,152.498827,Mid-Coast,Country urban,Rest of NSW - Urban,Straight,,,,Off,Sealed,Dry,Fine,Daylight,Nil,Give way sign,50 km/h,State,11,Right far,102,Adj - Right-thru from left,,Right angle,Motorcycle,Car (sedan/hatch),2,0,1,0,0,2,February,Summer,Tuesday,10:00 - 11:59,Midday / afternoon,False,False,True,True
1345162,Injury,Moderate Injury,2024,2024,February,Monday,08:00 - 09:59,NEWELL,HWY,0,Right on the spot,GUNDONG,RD,TOMINGLEY,17.0,No,Not a school zone,T-junction,-32.545708,148.249436,Narromine,Country non-urban,Rest of NSW - Rural,Straight,,,,Nil,Sealed,Dry,Fine,Daylight,Nil,No traffic controls,110 km/h,State,91,Object struck veh,610,On path - Load hit vehicle,,Vehicle - Object,Passenger van,Large rigid,2,0,0,1,0,2,February,Summer,Monday,08:00 - 09:59,AM peak / school commute,True,False,True,True
1345163,Injury,Serious Injury,2024,2024,January,Saturday,12:00 - 13:59,BUNDARBO,RD,1600,South,RIVERSIDE,DR,JUGIONG,,No,Not a school zone,2-way undivided,-34.835592,148.329991,Hilltops,Country non-urban,Rest of NSW - Rural,Curved,Crest,,,Nil,Sealed,Dry,Fine,Daylight,Nil,No traffic controls,100 km/h,Local,84,Off right/left bend,802,Off cway left bend,Right,Rollover,Motorcycle,,1,0,1,0,0,1,January,Summer,Saturday,12:00 - 13:59,Midday / afternoon,False,False,True,True
1345171,Injury,Minor/Other Injury,2024,2024,February,Wednesday,20:00 - 21:59,GEORGE,ST,0,Right on the spot,LIVERPOOL,ST,SYDNEY,7300.0,No,Not a school zone,X-intersection,-33.876395,151.206169,Sydney,Sydney metro. area,Syd-Newc-Woll Gtr conurbation,Straight,Foot/cycle path/nature strip,,,On,Sealed,Dry,Fine,Darkness,On,Ped crossing,40 km/h,Regional,0,Ped nearside,1,Ped - Near side,,Vehicle - Pedestrian,Pedal cycle,Pedestrian,2,0,0,0,1,2,February,Summer,Wednesday,20:00 - 21:59,Evening / night,False,False,True,True
1345172,Injury,Serious Injury,2024,2024,February,Saturday,22:00 - Midnight,HOLBROOK,RD,2250,South,DUNNS,RD,ROWAN,211.0,No,Not a school zone,2-way undivided,-35.199347,147.327276,Wagga Wagga,Country non-urban,Rest of NSW - Rural,Curved,Driveway/entrance,,,Nil,Sealed,Dry,Fine,Darkness,Nil,No traffic controls,100 km/h,Regional,53,Overtake turning,506,Ovtak - Overtaking right turn,,Other angle,Motorcycle,Car (sedan/hatch),2,0,1,0,0,2,February,Summer,Saturday,22:00 - Midnight,Evening / night,False,False,True,True
1345175,Injury,Moderate Injury,2024,2024,February,Saturday,08:00 - 09:59,NEWCASTLE,EXP,250,North,FREEMANS DRIVE,OP,COORANBONG,6003.0,No,Not a school zone,Dual freeway,-33.040131,151.473681,Lake Macquarie,Newcastle met. area,Syd-Newc-Woll Gtr conurbation,Straight,,,,Nil,Sealed,Dry,Fine,Daylight,Nil,No traffic controls,110 km/h,State,73,Off rd rght => obj,704,Right off cway into obj,,Vehicle - Object,4 wheel drive / SUV,,1,0,0,1,0,2,February,Summer,Saturday,08:00 - 09:59,AM peak / school commute,True,False,True,True
1345177,Injury,Serious Injury,2024,2024,February,Tuesday,16:00 - 17:59,GARDENERS,RD,160,West,O'RIORDAN,ST,MASCOT,183.0,No,Not a school zone,Divided road,-33.920573,151.19003,Bayside,Sydney metro. area,Syd-Newc-Woll Gtr conurbation,Straight,Driveway/entrance,,,Nil,Sealed,Dry,Fine,Daylight,Nil,Ped crossing,60 km/h,State,47,Emerging from drive,406,Manov - Emerging from driveway,,Right angle,Light truck utility(from 2018),Pedal cycle,2,0,1,0,0,2,February,Summer,Tuesday,16:00 - 17:59,PM peak / evening commute,True,False,True,True
1345179,Injury,Serious Injury,2024,2024,January,Sunday,08:00 - 09:59,HUME,HWY,500,South,ALBURY STREET,OP,HOLBROOK,2.0,No,Not a school zone,Divided road,-35.737185,147.305198,Greater Hume,Country non-urban,Rest of NSW - Rural,Curved,,,,Nil,Sealed,Dry,Fine,Daylight,Nil,No traffic controls,110 km/h,State,81,Off left/rt bnd=>obj,803,Off right bend into obj,Left,Vehicle - Object,Large rigid,,1,0,1,0,0,1,January,Summer,Sunday,08:00 - 09:59,AM peak / school commute,True,False,True,True
1345183,Injury,Minor/Other Injury,2024,2024,February,Friday,18:00 - 19:59,BRIDGE,RD,0,Right on the spot,GRAHAM,ST,NOWRA,,No,Not a school zone,T-junction,-34.869712,150.601167,Shoalhaven,Country urban,Rest of NSW - Urban,Straight,,,,Off,Sealed,Wet,Raining,Dusk,Nil,Give way sign,50 km/h,Local,2,Ped far side,3,Ped - Far side,,Vehicle - Pedestrian,4 wheel drive / SUV,Pedestrian,2,0,0,0,1,2,February,Summer,Friday,18:00 - 19:59,PM peak / evening commute,True,False,True,True
1345189,Injury,Serious Injury,2024,2024,February,Friday,12:00 - 13:59,STATION,ST,0,Right on the spot,TURTON,RD,WARATAH,326.0,No,Not a school zone,X-intersection,-32.902931,151.728715,Newcastle,Newcastle met. area,Syd-Newc-Woll Gtr conurbation,Curved,,,,Off,Sealed,Dry,Fine,Daylight,On,No traffic controls,60 km/h,State,10,Cross traffic,101,Adj - Cross traffic,,Right angle,Motorcycle,Car (sedan/hatch),3,0,1,0,0,2,February,Summer,Friday,12:00 - 13:59,Midday / afternoon,False,False,True,True
1345193,Injury,Moderate Injury,2024,2024,February,Tuesday,20:00 - 21:59,PACIFIC,HWY,300,South,BRITTANIA,DR,WATANOBBI,10.0,No,Not a school zone,2-way undivided,-33.270621,151.43134,Central Coast,Country urban,Syd-Newc-Woll Gtr conurbation,Straight,,Roadwks/Detour/Diverson,,Nil,Sealed,Dry,Fine,Darkness,Nil,No traffic controls,70 km/h,State,30,Rear end,301,Same - Rear end,,Rear end,Car (sedan/hatch),Car (sedan/hatch),3,0,0,1,0,2,February,Summer,Tuesday,20:00 - 21:59,Evening / night,False,False,True,True
1345195,Injury,Moderate Injury,2024,2024,January,Sunday,12:00 - 13:59,LINDESAY,ST,0,Right on the spot,HIGH,ST,EAST MAITLAND,104.0,No,Not a school zone,Roundabout,-32.748782,151.593622,Maitland,Country urban,Rest of NSW - Urban,Straight,,,,Nil,Sealed,Dry,Fine,Daylight,Nil,Give way sign,50 km/h,Regional,10,Cross traffic,101,Adj - Cross traffic,,Right angle,Light truck utility(from 2018),Motor scooter,2,0,0,1,0,1,January,Summer,Sunday,12:00 - 13:59,Midday / afternoon,False,False,True,True
1345196,Injury,Serious Injury,2024,2024,February,Friday,06:00 - 07:59,WEEROONA,RD,150,East,MAIN,AVE,LIDCOMBE,2057.0,No,Not a school zone,2-way undivided,-33.886069,151.047306,Cumberland,Sydney metro. area,Syd-Newc-Woll Gtr conurbation,Curved,,,,Off,Sealed,Dry,Fine,Daylight,Nil,No traffic controls,60 km/h,Regional,30,Rear end,301,Same - Rear end,,Rear end,Light truck utility(from 2018),4 wheel drive / SUV,2,0,1,0,0,2,February,Summer,Friday,06:00 - 07:59,AM peak / school commute,True,False,True,True
1345197,Injury,Minor/Other Injury,2024,2024,January,Tuesday,12:00 - 13:59,TRINITY,AVE,0,Right on the spot,WOODSIDE,AVE,KELLYVILLE,,No,Not a school zone,T-junction,-33.711383,150.964826,The Hills,Sydney metro. area,Syd-Newc-Woll Gtr conurbation,Straight,,,,Off,Sealed,Dry,Fine,Daylight,Nil,No traffic controls,50 km/h,Local,71,Off rd left => obj,703,Left off cway into object,,Vehicle - Object,4 wheel drive / SUV,,1,0,0,0,1,1,January,Summer,Tuesday,12:00 - 13:59,Midday / afternoon,False,False,True,True
1345198,Injury,Moderate Injury,2024,2024,February,Sunday,10:00 - 11:59,LOCH,AVE,0,Right on the spot,ROBINSON,DR,CENTENNIAL PARK,,No,Not a school zone,Y-junction,-33.894193,151.24059,Randwick,Sydney metro. area,Syd-Newc-Woll Gtr conurbation,Straight,,,,Off,Sealed,Dry,Fine,Daylight,Nil,No entry/wrong way,30 km/h,Local,37,Left turn sideswipe,309,Same - Left turn side swipe,,Other angle,4 wheel drive / SUV,Pedal cycle,2,0,0,1,0,2,February,Summer,Sunday,10:00 - 11:59,Midday / afternoon,False,False,True,True
1345199,Injury,Serious Injury,2024,2024,February,Tuesday,16:00 - 17:59,CHARLES,ST,0,Right on the spot,YATTENDEN,CRES,BAULKHAM HILLS,,No,Not a school zone,X-intersection,-33.763935,150.993856,The Hills,Sydney metro. area,Syd-Newc-Woll Gtr conurbation,Straight,,,,Nil,Sealed,Dry,Fine,Daylight,Nil,Give way sign,50 km/h,Local,10,Cross traffic,101,Adj - Cross traffic,,Right angle,4 wheel drive / SUV,Car (sedan/hatch),2,0,1,0,0,2,February,Summer,Tuesday,16:00 - 17:59,PM peak / evening commute,True,False,True,True
1345202,Injury,Serious Injury,2024,2024,February,Wednesday,06:00 - 07:59,THE BOULEVARDE,MS,0,Right on the spot,THROSBY,ST,FAIRFIELD HEIGHTS,,No,Not a school zone,X-intersection,-33.869163,150.937596,Fairfield,Sydney metro. area,Syd-Newc-Woll Gtr conurbation,Straight,,,,Off,Sealed,Dry,Fine,Daylight,Nil,Give way sign,50 km/h,Local,10,Cross traffic,101,Adj - Cross traffic,,Right angle,Car (sedan/hatch),Light truck utility(from 2018),2,0,1,2,0,2,February,Summer,Wednesday,06:00 - 07:59,AM peak / school commute,True,False,True,True
1345207,Injury,Serious Injury,2024,2024,January,Monday,20:00 - 21:59,CUMBERLAND,HWY,0,Right on the spot,NUMBER 56,HN,CANLEY HEIGHTS,13.0,No,Not a school zone,Divided road,-33.878668,150.924923,Fairfield,Sydney metro. area,Syd-Newc-Woll Gtr conurbation,Straight,Driveway/entrance,,,Off,Sealed,Dry,Fine,Dusk,Nil,No traffic controls,70 km/h,State,30,Rear end,301,Same - Rear end,,Rear end,Motorcycle,Car (sedan/hatch),2,0,1,0,0,1,January,Summer,Monday,20:00 - 21:59,Evening / night,False,False,True,True
1345213,Injury,Serious Injury,2024,2024,February,Sunday,22:00 - Midnight,REG HAILSTONE,WAY,1000,South,SCRUBBY BRUSH,RD,WOODSTOCK,,No,Not a school zone,2-way undivided,-33.838263,148.913824,Cowra,Country non-urban,Rest of NSW - Rural,Curved,Ditch/drain/culvert,,,Nil,Sealed,Dry,Fine,Darkness,Nil,No traffic controls,100 km/h,Local,86,Off left/left bend,802,Off cway left bend,Left,Rollover,4 wheel drive / SUV,,1,0,1,0,0,2,February,Summer,Sunday,22:00 - Midnight,Evening / night,False,False,True,True
1345214,Injury,Minor/Other Injury,2024,2024,February,Thursday,16:00 - 17:59,NEWELL,HWY,0,Right on the spot,MIRROOL CREEK,BDGE,ARDLETHAN,17.0,No,Not a school zone,2-way undivided,-34.355904,146.913454,Coolamon,Country non-urban,Rest of NSW - Rural,Straight,Other bridge,,,Nil,Sealed,Dry,Fine,Daylight,Nil,No traffic controls,110 km/h,State,30,Rear end,301,Same - Rear end,,Rear end,Light truck,Light truck,3,0,0,0,1,2,February,Summer,Thursday,16:00 - 17:59,PM peak / evening commute,True,False,True,True
1345224,Injury,Serious Injury,2024,2024,February,Friday,08:00 - 09:59,HUNTER,EXP,170,North,HART ROAD,OP,LOXFORD,6011.0,No,Not a school zone,Dual freeway,-32.796112,151.474022,Cessnock,Country non-urban,Rest of NSW - Rural,Curved,,Previous crash,,On,Sealed,Dry,Fine,Daylight,Nil,No traffic controls,110 km/h,State,88,Out of cont on bend,805,Out of control on bend,,Rollover,Motorcycle,,1,0,1,0,0,2,February,Summer,Friday,08:00 - 09:59,AM peak / school commute,True,False,True,True
1345225,Injury,Moderate Injury,2024,2024,February,Friday,08:00 - 09:59,HUNTER,EXP,170,North,HART ROAD,OP,LOXFORD,6011.0,No,Not a school zone,Dual freeway,-32.796085,151.473995,Cessnock,Country non-urban,Rest of NSW - Rural,Curved,,Previous crash,,On,Sealed,Dry,Fine,Daylight,Nil,No traffic controls,110 km/h,State,88,Out of cont on bend,805,Out of control on bend,,Rollover,Motorcycle,,1,0,0,1,0,2,February,Summer,Friday,08:00 - 09:59,AM peak / school commute,True,False,True,True
1345232,Injury,Moderate Injury,2024,2024,January,Friday,10:00 - 11:59,CASTLE,RD,195,East,THE NORTHERN,RD,ORCHARD HILLS,,No,Not a school zone,2-way undivided,-33.778422,150.713702,Penrith,Sydney metro. area,Syd-Newc-Woll Gtr conurbation,Straight,Driveway/entrance,,,Unknown / not stated,Sealed,Dry,Fine,Daylight,Nil,No traffic controls,60 km/h,Local,32,Right rear,303,Same - Rear right,,Rear end,Light truck utility(from 2018),Car (sedan/hatch),2,0,0,1,0,1,January,Summer,Friday,10:00 - 11:59,Midday / afternoon,False,False,True,True
1345236,Injury,Moderate Injury,2024,2024,February,Tuesday,08:00 - 09:59,HUME,HWY,0,Right on the spot,DE MEYRICK,AVE,CASULA,2.0,No,Not a school zone,T-junction,-33.943544,150.911221,Liverpool,Sydney metro. area,Syd-Newc-Woll Gtr conurbation,Straight,,,,Unknown / not stated,Sealed,Dry,Fine,Daylight,On,No traffic controls,70 km/h,State,11,Right far,102,Adj - Right-thru from left,,Right angle,Car (sedan/hatch),4 wheel drive / SUV,2,0,0,1,0,2,February,Summer,Tuesday,08:00 - 09:59,AM peak / school commute,True,False,True,True
1345240,Injury,Moderate Injury,2024,2024,February,Tuesday,18:00 - 19:59,ROSEMONT,CCT,0,Right on the spot,NUMBER 37,HN,FLINDERS,,No,Not a school zone,2-way undivided,-34.5761,150.839773,Shellharbour,Wollongong met. area,Syd-Newc-Woll Gtr conurbation,Curved,Steep grade,,,Off,Sealed,Dry,Fine,Dusk,Nil,No traffic controls,50 km/h,Local,20,Head on,201,Opp - Head on,,Head-on,4 wheel drive / SUV,Station wagon,2,0,0,1,0,2,February,Summer,Tuesday,18:00 - 19:59,PM peak / evening commute,True,False,True,True
1345241,Injury,Moderate Injury,2024,2024,February,Monday,18:00 - 19:59,CHETWYND,RD,5,North,GUILDFORD,RD,GUILDFORD,,No,Not a school zone,Roundabout,-33.852303,150.977756,Cumberland,Sydney metro. area,Syd-Newc-Woll Gtr conurbation,Straight,,,,Unknown / not stated,Sealed,Wet,Raining,Darkness,Nil,Give way sign,50 km/h,Local,85,Off rt/lft bnd=>obj,706,Left turn,Right,Vehicle - Object,Car (sedan/hatch),,2,0,0,1,0,2,February,Summer,Monday,18:00 - 19:59,PM peak / evening commute,True,False,True,True
1345242,Injury,Serious Injury,2024,2024,February,Tuesday,08:00 - 09:59,GREAT WESTERN,HWY,50,North,LANSDOWNE,ST,PARRAMATTA,5.0,No,Not a school zone,Divided road,-33.821463,151.004069,Parramatta,Sydney metro. area,Syd-Newc-Woll Gtr conurbation,Straight,,,,Unknown / not stated,Sealed,Dry,Fine,Daylight,Nil,No traffic controls,60 km/h,State,30,Rear end,301,Same - Rear end,,Rear end,Car (sedan/hatch),Car (sedan/hatch),2,0,1,0,1,2,February,Summer,Tuesday,08:00 - 09:59,AM peak / school commute,True,False,True,True
1345245,Injury,Moderate Injury,2024,2024,February,Friday,08:00 - 09:59,PITTWATER,RD,50,North,DARLEY,ST,MONA VALE,2110.0,No,Not a school zone,2-way undivided,-33.672125,151.302386,Northern Beaches,Sydney metro. area,Syd-Newc-Woll Gtr conurbation,Straight,Painted double centre lines,,,Unknown / not stated,Sealed,Dry,Fine,Daylight,Nil,No traffic controls,60 km/h,Regional,20,Head on,201,Opp - Head on,,Head-on,Light truck,Station wagon,4,0,0,1,0,2,February,Summer,Friday,08:00 - 09:59,AM peak / school commute,True,False,True,True
1345246,Injury,Moderate Injury,2024,2024,March,Friday,14:00 - 15:59,WALLGROVE,RD,0,Right on the spot,WESTERN EXPRESSWAY,OP,EASTERN CREEK,515.0,No,Not a school zone,Divided road,-33.797905,150.853183,Blacktown,Sydney metro. area,Syd-Newc-Woll Gtr conurbation,Straight,Other bridge,,,Unknown / not stated,Sealed,Dry,Fine,Daylight,Nil,No traffic controls,70 km/h,State,30,Rear end,301,Same - Rear end,,Rear end,Light truck utility(from 2018),Car (sedan/hatch),3,0,0,1,0,3,March,Autumn,Friday,14:00 - 15:59,Midday / afternoon,False,False,True,True
1345249,Injury,Moderate Injury,2024,2024,February,Tuesday,16:00 - 17:59,NEW CANTERBURY,RD,0,Right on the spot,MELFORD,ST,HURLSTONE PARK,167.0,No,Not a school zone,T-junction,-33.904945,151.130419,Canterbury-Bankstown,Sydney metro. area,Syd-Newc-Woll Gtr conurbation,Straight,,,,Unknown / not stated,Sealed,Dry,Fine,Daylight,Nil,Give way sign,60 km/h,State,13,Right near,104,Adj - Right-thru from right,,Right angle,4 wheel drive / SUV,Motorcycle,2,0,0,1,0,2,February,Summer,Tuesday,16:00 - 17:59,PM peak / evening commute,True,False,True,True
1345254,Injury,Moderate Injury,2024,2024,March,Thursday,14:00 - 15:59,BALLIMORE,RD,20000,South,GOLDEN,HWY,GEURIE,,No,Not a school zone,2-way undivided,-32.356055,148.905549,Dubbo Regional,Country non-urban,Rest of NSW - Rural,Straight,,,,Unknown / not stated,Unsealed,Dry,Fine,Daylight,Nil,No traffic controls,100 km/h,Local,72,Off road to right,702,Off carriageway to right,,Rollover,Passenger van,,1,0,0,1,0,3,March,Autumn,Thursday,14:00 - 15:59,Midday / afternoon,False,False,True,True
1345255,Injury,Moderate Injury,2024,2024,February,Friday,20:00 - 21:59,EXCELSIOR,ST,0,Right on the spot,FARNELL,ST,MERRYLANDS,,No,Not a school zone,Roundabout,-33.843401,151.002656,Cumberland,Sydney metro. area,Syd-Newc-Woll Gtr conurbation,Straight,,,,Unknown / not stated,Sealed,Dry,Fine,Darkness,Nil,Give way sign,50 km/h,Local,11,Right far,102,Adj - Right-thru from left,,Right angle,Motor scooter,4 wheel drive / SUV,2,0,0,1,0,2,February,Summer,Friday,20:00 - 21:59,Evening / night,False,False,True,True
1345262,Injury,Minor/Other Injury,2024,2024,March,Saturday,16:00 - 17:59,STONEY CREEK,RD,0,Right on the spot,MALUKA,PL,KINGSGROVE,665.0,No,Not a school zone,X-intersection,-33.951043,151.09294,Georges River,Sydney metro. area,Syd-Newc-Woll Gtr conurbation,Straight,,,,Unknown / not stated,Sealed,Dry,Fine,Darkness,Nil,Give way sign,60 km/h,State,21,Right through,202,Opp - Right-thru,,Other angle,Station wagon,4 wheel drive / SUV,2,0,0,0,1,3,March,Autumn,Saturday,16:00 - 17:59,PM peak / evening commute,True,False,True,True
1345263,Injury,Minor/Other Injury,2024,2024,January,Sunday,22:00 - Midnight,POWDERWORKS,RD,0,Right on the spot,NUMBER 148,HN,ELANORA HEIGHTS,7352.0,No,Not a school zone,2-way undivided,-33.695613,151.28311,Northern Beaches,Sydney metro. area,Syd-Newc-Woll Gtr conurbation,Curved,Pedestrian refuge,,,Unknown / not stated,Sealed,Dry,Fine,Darkness,Nil,No traffic controls,50 km/h,Regional,89,Other curve,800,Other on curve,,Unknown,Car (sedan/hatch),,1,0,0,0,1,1,January,Summer,Sunday,22:00 - Midnight,Evening / night,False,False,True,True
1345264,Injury,Minor/Other Injury,2024,2024,February,Monday,12:00 - 13:59,HAMILTON,RD,0,Right on the spot,NANGAR,ST,FAIRFIELD WEST,7223.0,No,Not a school zone,T-junction,-33.870166,150.92731,Fairfield,Sydney metro. area,Syd-Newc-Woll Gtr conurbation,Straight,,,,Unknown / not stated,Sealed,Dry,Fine,Daylight,Nil,Give way sign,50 km/h,Regional,32,Right rear,303,Same - Rear right,,Rear end,Car (sedan/hatch),Car (sedan/hatch),2,0,0,0,1,2,February,Summer,Monday,12:00 - 13:59,Midday / afternoon,False,False,True,True
1345270,Injury,Minor/Other Injury,2024,2024,February,Friday,20:00 - 21:59,THE HORSLEY,DR,0,Right on the spot,GIPPS,ST,SMITHFIELD,2105.0,No,Not a school zone,X-intersection,-33.850836,150.922233,Fairfield,Sydney metro. area,Syd-Newc-Woll Gtr conurbation,Straight,,,,Unknown / not stated,Sealed,Dry,Fine,Darkness,On,No traffic controls,60 km/h,Regional,10,Cross traffic,101,Adj - Cross traffic,,Right angle,Car (sedan/hatch),Car (sedan/hatch),2,0,0,0,1,2,February,Summer,Friday,20:00 - 21:59,Evening / night,False,False,True,True
1345271,Injury,Moderate Injury,2024,2024,February,Wednesday,16:00 - 17:59,KILLEATON,ST,100,East,COLLINS,RD,ST IVES,2043.0,No,Not a school zone,2-way undivided,-33.726313,151.160284,Ku-ring-gai,Sydney metro. area,Syd-Newc-Woll Gtr conurbation,Straight,,,,Unknown / not stated,Sealed,Dry,Fine,Daylight,Nil,No traffic controls,60 km/h,Regional,30,Rear end,301,Same - Rear end,,Rear end,Light truck utility(from 2018),Light truck utility(from 2018),2,0,0,1,0,2,February,Summer,Wednesday,16:00 - 17:59,PM peak / evening commute,True,False,True,True
1345273,Injury,Moderate Injury,2024,2024,February,Saturday,16:00 - 17:59,CARLINGFORD,RD,0,Right on the spot,WARD,ST,EPPING,373.0,Yes,No,T-junction,-33.773561,151.069184,Parramatta,Sydney metro. area,Syd-Newc-Woll Gtr conurbation,Straight,,,,Unknown / not stated,Sealed,Dry,Fine,Daylight,Nil,Stop sign,60 km/h,State,13,Right near,104,Adj - Right-thru from right,,Right angle,Car (sedan/hatch),Car (sedan/hatch),2,0,0,1,0,2,February,Summer,Saturday,16:00 - 17:59,PM peak / evening commute,True,False,True,True
1345274,Injury,Moderate Injury,2024,2024,March,Wednesday,06:00 - 07:59,ELIZABETH,DR,160,East,LAWSON,RD,BADGERYS CREEK,535.0,No,Not a school zone,2-way undivided,-33.874866,150.761873,Penrith,Sydney metro. area,Syd-Newc-Woll Gtr conurbation,Curved,Driveway/entrance,,,Nil,Sealed,Dry,Fine,Daylight,Nil,No traffic controls,80 km/h,State,88,Out of cont on bend,707,Right turn,,Rollover,Semi-trailer,,1,0,0,1,0,3,March,Autumn,Wednesday,06:00 - 07:59,AM peak / school commute,True,False,True,True