crash_id,degree_of_crash,degree_of_crash_-_detailed,reporting_year,year_of_crash,month_of_crash,day_of_week_of_crash,two-hour_intervals,street_of_crash,street_type,distance,direction,identifying_feature,identifying_feature_type,town,route_no.,school_zone_location,school_zone_active,type_of_location,latitude,longitude,lga,urbanisation,conurbation_1,alignment,primary_permanent_feature,primary_temporary_feature,primary_hazardous_feature,street_lighting,road_surface,surface_condition,weather,natural_lighting,signals_operation,other_traffic_control,speed_limit,road_classification_(admin),rum_-_code,rum_-_description,dca_-_code,dca_-_description,dca_supplement,first_impact_type,key_tu_type,other_tu_type,no._of_traffic_units_involved,no._killed,no._seriously_injured,no._moderately_injured,no._minor-other_injured,month_num,month_label,season,day_label,time_label,time_band,is_peak_commute,is_fatal,is_injury,is_casualty
1345282,Injury,Minor/Other Injury,2024,2024,February,Wednesday,16:00 - 17:59,PACIFIC,HWY,50,South,EVANS,ST,BELMONT,10.0,No,Not a school zone,2-way undivided,-33.029566,151.661139,Lake Macquarie,Newcastle met. area,Syd-Newc-Woll Gtr conurbation,Straight,,,,Unknown / not stated,Sealed,Dry,Fine,Daylight,Nil,No traffic controls,60 km/h,State,30,Rear end,301,Same - Rear end,,Rear end,4 wheel drive / SUV,Car (sedan/hatch),2,0,0,0,1,2,February,Summer,Wednesday,16:00 - 17:59,PM peak / evening commute,True,False,True,True
1345283,Injury,Minor/Other Injury,2024,2024,February,Sunday,10:00 - 11:59,CALOOLA,RD,0,Right on the spot,GEOFFREY,ST,CONSTITUTION HILL,,No,Not a school zone,T-junction,-33.794999,150.971435,Parramatta,Sydney metro. area,Syd-Newc-Woll Gtr conurbation,Straight,Steep grade,,,Unknown / not stated,Sealed,Dry,Fine,Daylight,Nil,No traffic controls,50 km/h,Local,74,On road-out of cont.,705,Out of control on cway,,Rollover,Car (sedan/hatch),,1,0,0,0,1,2,February,Summer,Sunday,10:00 - 11:59,Midday / afternoon,False,False,True,True
1345285,Injury,Moderate Injury,2024,2024,February,Thursday,20:00 - 21:59,SHAFTESBURY,RD,0,Right on the spot,VICTORIA,ST,BURWOOD,,No,Not a school zone,X-intersection,-33.875383,151.107464,Burwood,Sydney metro. area,Syd-Newc-Woll Gtr conurbation,Straight,,,,Unknown / not stated,Sealed,Dry,Fine,Darkness,On,No traffic controls,50 km/h,Local,21,Right through,202,Opp - Right-thru,,Other angle,Car (sedan/hatch),4 wheel drive / SUV,2,0,0,2,0,2,February,Summer,Thursday,20:00 - 21:59,Evening / night,False,False,True,True
1345295,Injury,Minor/Other Injury,2024,2024,February,Friday,14:00 - 15:59,CUMBERLAND,HWY,0,Right on the spot,CABRAMATTA ROAD,TO,CABRAMATTA,13.0,No,Not a school zone,Divided road,-33.899754,150.919137,Fairfield,Sydney metro. area,Syd-Newc-Woll Gtr conurbation,Straight,,,,Unknown / not stated,Sealed,Dry,Unknown,Daylight,Nil,No traffic controls,70 km/h,State,30,Rear end,301,Same - Rear end,,Rear end,4 wheel drive / SUV,Car (sedan/hatch),2,0,0,0,1,2,February,Summer,Friday,14:00 - 15:59,Midday / afternoon,False,False,True,True
1345297,Injury,Minor/Other Injury,2024,2024,February,Monday,08:00 - 09:59,WOODSTOCK,AVE,0,Right on the spot,MOREHEAD,AVE,HEBERSHAM,629.0,No,Not a school zone,Roundabout,-33.757264,150.825465,Blacktown,Sydney metro. area,Syd-Newc-Woll Gtr conurbation,Straight,,,,Unknown / not stated,Sealed,Dry,Fine,Daylight,Nil,No traffic controls,60 km/h,State,10,Cross traffic,101,Adj - Cross traffic,,Right angle,Car (sedan/hatch),Car (sedan/hatch),2,0,0,0,1,2,February,Summer,Monday,08:00 - 09:59,AM peak / school commute,True,False,True,True
1345306,Injury,Minor/Other Injury,2024,2024,February,Tuesday,16:00 - 17:59,HAWKE,ST,0,Right on the spot,NUMBER 2,HN,KINCUMBER,,No,Not a school zone,2-way undivided,-33.473535,151.391715,Central Coast,Country urban,Syd-Newc-Woll Gtr conurbation,Straight,Driveway/entrance,,,Unknown / not stated,Sealed,Dry,Overcast,Daylight,Nil,No traffic controls,50 km/h,Local,47,Emerging from drive,406,Manov - Emerging from driveway,,Right angle,4 wheel drive / SUV,4 wheel drive / SUV,2,0,0,0,1,2,February,Summer,Tuesday,16:00 - 17:59,PM peak / evening commute,True,False,True,True
1345308,Injury,Moderate Injury,2024,2024,February,Tuesday,10:00 - 11:59,HENRY PARKES,WAY,1000,North,MOONBAH,LANE,CONDOBOLIN,461.0,No,Not a school zone,2-way undivided,-32.857531,147.023989,Lachlan,Country non-urban,Rest of NSW - Rural,Straight,,,,Unknown / not stated,Sealed,Dry,Fine,Daylight,Nil,No traffic controls,100 km/h,Regional,72,Off road to right,702,Off carriageway to right,,Rollover,Light truck utility(from 2018),,1,0,0,1,0,2,February,Summer,Tuesday,10:00 - 11:59,Midday / afternoon,False,False,True,True
1345314,Injury,Minor/Other Injury,2024,2024,March,Saturday,10:00 - 11:59,MERRYLANDS,RD,0,Right on the spot,WINDSOR,RD,MERRYLANDS,7250.0,No,Not a school zone,T-junction,-33.835634,150.985465,Cumberland,Sydney metro. area,Syd-Newc-Woll Gtr conurbation,Straight,,,,Unknown / not stated,Sealed,Dry,Overcast,Daylight,Nil,Give way sign,60 km/h,Regional,13,Right near,104,Adj - Right-thru from right,,Right angle,Car (sedan/hatch),Car (sedan/hatch),2,0,0,0,1,3,March,Autumn,Saturday,10:00 - 11:59,Midday / afternoon,False,False,True,True
1345315,Injury,Moderate Injury,2024,2024,March,Thursday,06:00 - 07:59,PACIFIC,HWY,0,Right on the spot,NORTHUMBERLAND,AVE,MOUNT COLAH,10.0,No,Not a school zone,T-junction,-33.670187,151.115898,Hornsby,Sydney metro. area,Syd-Newc-Woll Gtr conurbation,Straight,Steep grade,,,Unknown / not stated,Sealed,Dry,Fine,Daylight,Nil,No traffic controls,60 km/h,State,13,Right near,104,Adj - Right-thru from right,,Right angle,4 wheel drive / SUV,Motorcycle,2,0,0,1,0,3,March,Autumn,Thursday,06:00 - 07:59,AM peak / school commute,True,False,True,True
1345324,Injury,Moderate Injury,2024,2024,February,Friday,16:00 - 17:59,AVOCA,ST,0,Right on the spot,STURT,ST,KINGSFORD,660.0,No,Not a school zone,T-junction,-33.927349,151.238913,Randwick,Sydney metro. area,Syd-Newc-Woll Gtr conurbation,Straight,,,,Unknown / not stated,Sealed,Dry,Fine,Daylight,Nil,Give way sign,60 km/h,State,74,On road-out of cont.,705,Out of control on cway,,Rollover,Motor scooter,,1,0,0,1,0,2,February,Summer,Friday,16:00 - 17:59,PM peak / evening commute,True,False,True,True
1345325,Injury,Moderate Injury,2024,2024,March,Friday,10:00 - 11:59,WOODVILLE,RD,0,Right on the spot,LANSDOWNE,ST,MERRYLANDS,640.0,No,Not a school zone,T-junction,-33.846496,150.997603,Cumberland,Sydney metro. area,Syd-Newc-Woll Gtr conurbation,Straight,,,,Unknown / not stated,Sealed,Dry,Fine,Daylight,Nil,Give way sign,70 km/h,State,13,Right near,104,Adj - Right-thru from right,,Right angle,Car (sedan/hatch),Car (sedan/hatch),2,0,0,1,0,3,March,Autumn,Friday,10:00 - 11:59,Midday / afternoon,False,False,True,True
1345329,Injury,Minor/Other Injury,2024,2024,March,Thursday,08:00 - 09:59,CARTWRIGHT,AVE,0,Right on the spot,WILLAN,DR,CARTWRIGHT,,Yes,Yes,Roundabout,-33.924547,150.889902,Liverpool,Sydney metro. area,Syd-Newc-Woll Gtr conurbation,Straight,,,,Unknown / not stated,Sealed,Dry,Fine,Daylight,Nil,Give way sign,40 km/h,Local,21,Right through,202,Opp - Right-thru,,Other angle,Light truck,4 wheel drive / SUV,2,0,0,0,1,3,March,Autumn,Thursday,08:00 - 09:59,AM peak / school commute,True,False,True,True
1345330,Injury,Minor/Other Injury,2024,2024,March,Friday,14:00 - 15:59,FAIRVIEW,AVE,999999,Unknown/not stated,UNKNOWN,UK,ROSELANDS,,No,Not a school zone,2-way undivided,-33.931706,151.068007,Canterbury-Bankstown,Sydney metro. area,Syd-Newc-Woll Gtr conurbation,Straight,,,,Unknown / not stated,Sealed,Dry,Fine,Daylight,Nil,No traffic controls,50 km/h,Local,29,Other opposing,200,Opp - other,,Other angle,Car (sedan/hatch),Light truck,2,0,0,0,1,3,March,Autumn,Friday,14:00 - 15:59,Midday / afternoon,False,False,True,True
1345331,Injury,Moderate Injury,2024,2024,February,Tuesday,08:00 - 09:59,OXLEY,AVE,0,Right on the spot,NUMBER 41,HN,KIAMA DOWNS,,No,Not a school zone,2-way undivided,-34.635918,150.851513,Kiama,Country urban,Rest of NSW - Urban,Straight,,,,Unknown / not stated,Sealed,Dry,Fine,Daylight,Nil,No traffic controls,50 km/h,Local,71,Off rd left => obj,703,Left off cway into object,,Other angle,Car (sedan/hatch),4 wheel drive / SUV,2,0,0,1,0,2,February,Summer,Tuesday,08:00 - 09:59,AM peak / school commute,True,False,True,True
1345333,Injury,Moderate Injury,2024,2024,March,Friday,16:00 - 17:59,ILFORD,RD,10,North,PIPER,ST,RYLSTONE,215.0,No,Not a school zone,X-intersection,-32.801748,149.973802,Mid-Western Regional,Country urban,Rest of NSW - Urban,Straight,,,,Unknown / not stated,Sealed,Dry,Fine,Daylight,Nil,Give way sign,50 km/h,Regional,71,Off rd left => obj,703,Left off cway into object,,Other angle,Car (sedan/hatch),Light truck utility(from 2018),2,0,0,1,0,3,March,Autumn,Friday,16:00 - 17:59,PM peak / evening commute,True,False,True,True
1345336,Injury,Moderate Injury,2024,2024,February,Thursday,12:00 - 13:59,BRITTANIA,DR,100,West,PACIFIC,HWY,WATANOBBI,,No,Not a school zone,2-way undivided,-33.26751,151.431116,Central Coast,Country urban,Syd-Newc-Woll Gtr conurbation,Curved,,,,Unknown / not stated,Sealed,Dry,Fine,Daylight,Nil,No traffic controls,50 km/h,Local,87,Off lft/lft bnd=>obj,804,Off left bend into obj,Left,Vehicle - Object,4 wheel drive / SUV,,1,0,0,1,0,2,February,Summer,Thursday,12:00 - 13:59,Midday / afternoon,False,False,True,True
1345337,Injury,Moderate Injury,2024,2024,March,Tuesday,16:00 - 17:59,JOHN RENSHAW,DR,0,Right on the spot,HUNTER,EXP,BUCHANAN,588.0,No,Not a school zone,Roundabout,-32.829503,151.531687,Cessnock,Country urban,Rest of NSW - Urban,Straight,,,,Unknown / not stated,Sealed,Dry,Fine,Dusk,Nil,Give way sign,60 km/h,State,30,Rear end,301,Same - Rear end,,Rear end,Car (sedan/hatch),Car (sedan/hatch),2,0,0,1,0,3,March,Autumn,Tuesday,16:00 - 17:59,PM peak / evening commute,True,False,True,True
1345341,Injury,Moderate Injury,2024,2024,February,Saturday,08:00 - 09:59,KINGSWAY,MS,10,West,CARRAMAR,CRES,MIRANDA,227.0,No,Not a school zone,T-junction,-34.035165,151.111554,Sutherland,Sydney metro. area,Syd-Newc-Woll Gtr conurbation,Straight,,,,Unknown / not stated,Sealed,Dry,Fine,Daylight,Nil,Give way sign,60 km/h,State,74,On road-out of cont.,705,Out of control on cway,,Rollover,Pedal cycle,,1,0,0,1,0,2,February,Summer,Saturday,08:00 - 09:59,AM peak / school commute,True,False,True,True
1345345,Injury,Minor/Other Injury,2024,2024,February,Wednesday,08:00 - 09:59,BEN LOMOND,RD,0,Right on the spot,BROOKFIELD,RD,MINTO,,No,Not a school zone,T-junction,-34.031997,150.848223,Campbelltown,Sydney metro. area,Syd-Newc-Woll Gtr conurbation,Straight,,,,Unknown / not stated,Sealed,Dry,Fine,Daylight,Nil,No traffic controls,60 km/h,Local,39,Other same direction,300,Same - other,,Other angle,Car (sedan/hatch),Car (sedan/hatch),2,0,0,0,1,2,February,Summer,Wednesday,08:00 - 09:59,AM peak / school commute,True,False,True,True
1345348,Injury,Minor/Other Injury,2024,2024,January,Thursday,08:00 - 09:59,GREY,ST,0,Right on the spot,JAMIESON,ST,EMU PLAINS,,No,Not a school zone,X-intersection,-33.75146,150.648935,Penrith,Sydney metro. area,Syd-Newc-Woll Gtr conurbation,Straight,,,,Nil,Sealed,Dry,Fine,Daylight,Nil,Stop sign,50 km/h,Local,13,Right near,104,Adj - Right-thru from right,,Right angle,Car (sedan/hatch),4 wheel drive / SUV,2,0,0,0,1,1,January,Summer,Thursday,08:00 - 09:59,AM peak / school commute,True,False,True,True
1345349,Injury,Serious Injury,2024,2024,February,Wednesday,18:00 - 19:59,MAROUBRA,RD,0,Right on the spot,MONS,AVE,MAROUBRA,7044.0,No,Not a school zone,X-intersection,-33.942314,151.244349,Randwick,Sydney metro. area,Syd-Newc-Woll Gtr conurbation,Straight,,,,Unknown / not stated,Sealed,Dry,Fine,Darkness,Nil,Give way sign,50 km/h,Regional,21,Right through,202,Opp - Right-thru,,Other angle,Other bus,Car (sedan/hatch),2,0,1,0,0,2,February,Summer,Wednesday,18:00 - 19:59,PM peak / evening commute,True,False,True,True
1345350,Injury,Moderate Injury,2024,2024,February,Saturday,14:00 - 15:59,DOOLEY,LANE,125,North,SYCAMORE,ST,LEETON,,No,Not a school zone,1-way street,-34.549864,146.406406,Leeton,Country urban,Rest of NSW - Urban,Straight,,,,Unknown / not stated,Sealed,Dry,Fine,Daylight,Nil,No traffic controls,50 km/h,Local,71,Off rd left => obj,703,Left off cway into object,,Vehicle - Object,Car (sedan/hatch),,1,0,0,1,0,2,February,Summer,Saturday,14:00 - 15:59,Midday / afternoon,False,False,True,True
1345351,Injury,Moderate Injury,2024,2024,February,Thursday,06:00 - 07:59,LOUISIANA,RD,0,Right on the spot,WARNERVALE,RD,HAMLYN TERRACE,,No,Not a school zone,T-junction,-33.25135,151.475738,Central Coast,Country urban,Syd-Newc-Woll Gtr conurbation,Straight,,,,Unknown / not stated,Sealed,Dry,Fine,Daylight,Nil,No traffic controls,50 km/h,Local,74,On road-out of cont.,705,Out of control on cway,,Rollover,Car (sedan/hatch),,1,0,0,1,0,2,February,Summer,Thursday,06:00 - 07:59,AM peak / school commute,True,False,True,True
1345352,Injury,Minor/Other Injury,2024,2024,February,Tuesday,20:00 - 21:59,EPPING,RD,100,West,LANE COVE ROAD,OP,MACQUARIE PARK,373.0,No,Not a school zone,Divided road,-33.786935,151.124919,Ryde,Sydney metro. area,Syd-Newc-Woll Gtr conurbation,Straight,Other bridge,,,Unknown / not stated,Sealed,Wet,Raining,Darkness,Nil,No traffic controls,70 km/h,State,30,Rear end,301,Same - Rear end,,Rear end,Car (sedan/hatch),4 wheel drive / SUV,3,0,0,0,1,2,February,Summer,Tuesday,20:00 - 21:59,Evening / night,False,False,True,True
1345354,Injury,Minor/Other Injury,2024,2024,February,Sunday,12:00 - 13:59,PITTWATER,RD,0,Right on the spot,WATERLOO,ST,NARRABEEN,164.0,No,Not a school zone,X-intersection,-33.712726,151.29729,Northern Beaches,Sydney metro. area,Syd-Newc-Woll Gtr conurbation,Straight,,,,Unknown / not stated,Sealed,Dry,Fine,Daylight,On,No traffic controls,60 km/h,State,30,Rear end,301,Same - Rear end,,Rear end,Car (sedan/hatch),Car (sedan/hatch),2,0,0,0,1,2,February,Summer,Sunday,12:00 - 13:59,Midday / afternoon,False,False,True,True
1345356,Injury,Minor/Other Injury,2024,2024,March,Friday,16:00 - 17:59,CLEVELAND,ST,0,Right on the spot,NUMBER 268,HN,REDFERN,330.0,No,Not a school zone,2-way undivided,-33.889867,151.207493,Sydney,Sydney metro. area,Syd-Newc-Woll Gtr conurbation,Straight,,,,Unknown / not stated,Sealed,Dry,Fine,Daylight,Nil,No traffic controls,50 km/h,State,35,Lane change left,307,Same - Lane change left,,Other angle,Light truck utility(from 2018),Car (sedan/hatch),2,0,0,0,2,3,March,Autumn,Friday,16:00 - 17:59,PM peak / evening commute,True,False,True,True
1345357,Injury,Moderate Injury,2024,2024,February,Thursday,10:00 - 11:59,BASSAN,ST,0,Right on the spot,TAYLOR,ST,WOY WOY BAY,,No,Not a school zone,T-junction,-33.483628,151.313099,Central Coast,Country urban,Syd-Newc-Woll Gtr conurbation,Straight,,,,Unknown / not stated,Sealed,Wet,Raining,Daylight,Nil,No traffic controls,50 km/h,Local,20,Head on,201,Opp - Head on,,Head-on,Car (sedan/hatch),Light truck,2,0,0,1,0,2,February,Summer,Thursday,10:00 - 11:59,Midday / afternoon,False,False,True,True
1345359,Injury,Moderate Injury,2024,2024,March,Saturday,18:00 - 19:59,MONA VALE,RD,0,Right on the spot,MEMORIAL,AVE,ST IVES,162.0,No,Not a school zone,X-intersection,-33.730027,151.160934,Ku-ring-gai,Sydney metro. area,Syd-Newc-Woll Gtr conurbation,Straight,,,,Unknown / not stated,Sealed,Dry,Fine,Darkness,On,No traffic controls,60 km/h,State,21,Right through,202,Opp - Right-thru,,Other angle,Car (sedan/hatch),4 wheel drive / SUV,4,0,0,1,0,3,March,Autumn,Saturday,18:00 - 19:59,PM peak / evening commute,True,False,True,True
1345360,Injury,Moderate Injury,2024,2024,February,Wednesday,18:00 - 19:59,MANLY,RD,100,North,HEATON,AVE,CLONTARF,164.0,No,Not a school zone,Divided road,-33.798418,151.252098,Northern Beaches,Sydney metro. area,Syd-Newc-Woll Gtr conurbation,Curved,,,,Unknown / not stated,Sealed,Dry,Fine,Darkness,Nil,No traffic controls,60 km/h,State,30,Rear end,301,Same - Rear end,,Rear end,Light truck utility(from 2018),Car (sedan/hatch),3,0,0,1,0,2,February,Summer,Wednesday,18:00 - 19:59,PM peak / evening commute,True,False,True,True
1345362,Injury,Minor/Other Injury,2024,2024,February,Friday,14:00 - 15:59,PACIFIC,HWY,0,Right on the spot,NUMBER 81,HN,CHARLESTOWN,10.0,No,Not a school zone,Divided road,-32.967015,151.695104,Lake Macquarie,Newcastle met. area,Syd-Newc-Woll Gtr conurbation,Straight,,,,Unknown / not stated,Sealed,Dry,Fine,Daylight,Nil,No traffic controls,60 km/h,State,30,Rear end,301,Same - Rear end,,Rear end,Car (sedan/hatch),Car (sedan/hatch),2,0,0,0,1,2,February,Summer,Friday,14:00 - 15:59,Midday / afternoon,False,False,True,True
1345369,Injury,Moderate Injury,2024,2024,February,Friday,12:00 - 13:59,ORIORDAN,ST,0,Right on the spot,NUMBER 9-13,HN,ALEXANDRIA,658.0,No,Not a school zone,2-way undivided,-33.907309,151.201162,Sydney,Sydney metro. area,Syd-Newc-Woll Gtr conurbation,Straight,Driveway/entrance,,,Unknown / not stated,Sealed,Dry,Fine,Daylight,Nil,No traffic controls,50 km/h,State,47,Emerging from drive,406,Manov - Emerging from driveway,,Right angle,Car (sedan/hatch),Car (sedan/hatch),3,0,0,1,0,2,February,Summer,Friday,12:00 - 13:59,Midday / afternoon,False,False,True,True
1345372,Injury,Serious Injury,2024,2024,March,Monday,06:00 - 07:59,WARRINGAH,RD,25,West,MAXWELL,PDE,FRENCHS FOREST,328.0,No,Not a school zone,Divided road,-33.754683,151.222718,Northern Beaches,Sydney metro. area,Syd-Newc-Woll Gtr conurbation,Straight,,,,Nil,Sealed,Dry,Fine,Daylight,Nil,No traffic controls,70 km/h,State,35,Lane change left,307,Same - Lane change left,,Other angle,Motorcycle,4 wheel drive / SUV,2,0,1,0,0,3,March,Autumn,Monday,06:00 - 07:59,AM peak / school commute,True,False,True,True
1345373,Injury,Minor/Other Injury,2024,2024,February,Wednesday,16:00 - 17:59,STARKIE,DR,0,Right on the spot,TOWER,RD,BANKSTOWN AERODROME,,No,Not a school zone,T-junction,-33.926539,150.980422,Canterbury-Bankstown,Sydney metro. area,Syd-Newc-Woll Gtr conurbation,Straight,,,,Unknown / not stated,Sealed,Dry,Fine,Daylight,Nil,No traffic controls,50 km/h,Local,13,Right near,104,Adj - Right-thru from right,,Right angle,4 wheel drive / SUV,Motorcycle,2,0,0,0,1,2,February,Summer,Wednesday,16:00 - 17:59,PM peak / evening commute,True,False,True,True
1345375,Injury,Minor/Other Injury,2024,2024,March,Monday,16:00 - 17:59,BUCHAN,AVE,100,East,BEZENTIN RIDGE,RD,EDMONDSON PARK,,No,Not a school zone,2-way undivided,-33.965804,150.854211,Liverpool,Sydney metro. area,Syd-Newc-Woll Gtr conurbation,Straight,,,,Unknown / not stated,Sealed,Dry,Fine,Daylight,Nil,No traffic controls,50 km/h,Local,42,Leaving parking,401,Manov - Leaving parking,,Other angle,Car (sedan/hatch),4 wheel drive / SUV,2,0,0,0,1,3,March,Autumn,Monday,16:00 - 17:59,PM peak / evening commute,True,False,True,True
1345380,Injury,Moderate Injury,2024,2024,March,Friday,06:00 - 07:59,PRINCES,HWY,0,Right on the spot,TONGARRA,RD,ALBION PARK RAIL,1.0,No,Not a school zone,T-junction,-34.567898,150.803077,Shellharbour,Wollongong met. area,Syd-Newc-Woll Gtr conurbation,Curved,,,,Unknown / not stated,Sealed,Dry,Fine,Daylight,On,No traffic controls,60 km/h,State,30,Rear end,301,Same - Rear end,,Rear end,4 wheel drive / SUV,4 wheel drive / SUV,2,0,0,1,0,3,March,Autumn,Friday,06:00 - 07:59,AM peak / school commute,True,False,True,True
1345381,Injury,Moderate Injury,2024,2024,March,Wednesday,14:00 - 15:59,BARRENJOEY,RD,0,Right on the spot,THE SERPENTINE,MS,BILGOLA BEACH,164.0,No,Not a school zone,T-junction,-33.647744,151.326934,Northern Beaches,Sydney metro. area,Syd-Newc-Woll Gtr conurbation,Curved,Steep grade,,,Unknown / not stated,Sealed,Dry,Fine,Daylight,Nil,Stop sign,60 km/h,State,21,Right through,202,Opp - Right-thru,,Other angle,Car (sedan/hatch),4 wheel drive / SUV,2,0,0,1,0,3,March,Autumn,Wednesday,14:00 - 15:59,Midday / afternoon,False,False,True,True
1345383,Injury,Minor/Other Injury,2024,2024,February,Sunday,16:00 - 17:59,CUMBERLAND,HWY,20,North,GREAT WESTERN,HWY,WENTWORTHVILLE,13.0,No,Not a school zone,Divided road,-33.814178,150.964582,Cumberland,Sydney metro. area,Syd-Newc-Woll Gtr conurbation,Straight,,,,Unknown / not stated,Sealed,Dry,Fine,Daylight,Nil,No traffic controls,70 km/h,State,39,Other same direction,300,Same - other,,Other angle,4 wheel drive / SUV,4 wheel drive / SUV,2,0,0,0,1,2,February,Summer,Sunday,16:00 - 17:59,PM peak / evening commute,True,False,True,True
1345385,Injury,Minor/Other Injury,2024,2024,March,Tuesday,14:00 - 15:59,BARRENJOEY,RD,0,Right on the spot,QUEENS,PDE,NEWPORT,164.0,No,Not a school zone,X-intersection,-33.65989,151.316983,Northern Beaches,Sydney metro. area,Syd-Newc-Woll Gtr conurbation,Straight,Steep grade,,,Unknown / not stated,Sealed,Dry,Fine,Daylight,Nil,Give way sign,60 km/h,State,10,Cross traffic,101,Adj - Cross traffic,,Right angle,4 wheel drive / SUV,Car (sedan/hatch),2,0,0,0,1,3,March,Autumn,Tuesday,14:00 - 15:59,Midday / afternoon,False,False,True,True
1345387,Injury,Moderate Injury,2024,2024,March,Monday,18:00 - 19:59,OXLEYS HILL,RD,1000,West,ORCHARD,RD,BOWRAL,,No,Not a school zone,2-way undivided,-34.479481,150.395237,Wingecarribee,Country urban,Rest of NSW - Urban,Straight,,,,Unknown / not stated,Sealed,Dry,Fine,Dusk,Nil,No traffic controls,60 km/h,Local,74,On road-out of cont.,705,Out of control on cway,,Rollover,Car (sedan/hatch),,1,0,0,1,0,3,March,Autumn,Monday,18:00 - 19:59,PM peak / evening commute,True,False,True,True
1345390,Injury,Minor/Other Injury,2024,2024,March,Friday,06:00 - 07:59,VETERANS,PDE,35,South,ACACIA,ST,WHEELER HEIGHTS,,No,Not a school zone,2-way undivided,-33.724981,151.287009,Northern Beaches,Sydney metro. area,Syd-Newc-Woll Gtr conurbation,Straight,Driveway/entrance,,,Unknown / not stated,Sealed,Dry,Fine,Daylight,Nil,No traffic controls,50 km/h,Local,47,Emerging from drive,406,Manov - Emerging from driveway,,Right angle,Light truck utility(from 2018),Car (sedan/hatch),2,0,0,0,1,3,March,Autumn,Friday,06:00 - 07:59,AM peak / school commute,True,False,True,True
1345393,Injury,Moderate Injury,2024,2024,March,Wednesday,10:00 - 11:59,PACIFIC,HWY,0,Right on the spot,DODDS,RD,CHINDERAH,10.0,No,Not a school zone,T-junction,-28.247652,153.534734,Tweed,Country non-urban,Rest of NSW - Rural,Straight,,,,Nil,Sealed,Dry,Fine,Daylight,Nil,Give way sign,110 km/h,State,13,Right near,104,Adj - Right-thru from right,,Right angle,Car (sedan/hatch),4 wheel drive / SUV,2,0,0,1,1,3,March,Autumn,Wednesday,10:00 - 11:59,Midday / afternoon,False,False,True,True
1345394,Injury,Minor/Other Injury,2024,2024,March,Saturday,18:00 - 19:59,CASTLE HILL,RD,20,West,CUMBERLAND HIGHWAY,TO,WEST PENNANT HILLS,156.0,No,Not a school zone,Other,-33.747781,151.049884,Hornsby,Sydney metro. area,Syd-Newc-Woll Gtr conurbation,Curved,,,,Unknown / not stated,Sealed,Wet,Raining,Dusk,Nil,Ped crossing,60 km/h,State,30,Rear end,301,Same - Rear end,,Rear end,Car (sedan/hatch),4 wheel drive / SUV,2,0,0,0,1,3,March,Autumn,Saturday,18:00 - 19:59,PM peak / evening commute,True,False,True,True
1345470,Injury,Minor/Other Injury,2024,2024,January,Thursday,10:00 - 11:59,INGLEBURN,RD,10,South,OXFORD,RD,INGLEBURN,,No,Not a school zone,Roundabout,-33.99797,150.864523,Campbelltown,Sydney metro. area,Syd-Newc-Woll Gtr conurbation,Straight,,,,Off,Sealed,Dry,Fine,Daylight,Nil,Ped crossing,40 km/h,Local,2,Ped far side,3,Ped - Far side,,Vehicle - Pedestrian,Car (sedan/hatch),Pedestrian,2,0,0,0,1,1,January,Summer,Thursday,10:00 - 11:59,Midday / afternoon,False,False,True,True
1345471,Injury,Moderate Injury,2024,2024,January,Sunday,16:00 - 17:59,PYRMONT BRIDGE,RD,0,Right on the spot,NUMBER 75,HN,GLEBE,523.0,No,Not a school zone,2-way undivided,-33.878067,151.188429,Sydney,Sydney metro. area,Syd-Newc-Woll Gtr conurbation,Straight,,,,Off,Sealed,Dry,Fine,Daylight,Nil,No traffic controls,40 km/h,State,0,Ped nearside,1,Ped - Near side,,Vehicle - Pedestrian,Car (sedan/hatch),Pedestrian,2,0,0,1,0,1,January,Summer,Sunday,16:00 - 17:59,PM peak / evening commute,True,False,True,True
1345472,Injury,Moderate Injury,2024,2024,January,Sunday,16:00 - 17:59,PUNCHBOWL,RD,0,Right on the spot,KOALA,RD,PUNCHBOWL,549.0,No,Not a school zone,T-junction,-33.919679,151.062753,Canterbury-Bankstown,Sydney metro. area,Syd-Newc-Woll Gtr conurbation,Straight,,,,Off,Sealed,Dry,Fine,Daylight,Nil,Give way sign,60 km/h,State,13,Right near,104,Adj - Right-thru from right,,Right angle,Car (sedan/hatch),4 wheel drive / SUV,2,0,0,1,0,1,January,Summer,Sunday,16:00 - 17:59,PM peak / evening commute,True,False,True,True
1345476,Injury,Minor/Other Injury,2024,2024,January,Sunday,10:00 - 11:59,UNION,RD,270,East,GLENMORUS,ST,GLENROY,,No,Not a school zone,2-way undivided,-36.047126,146.9019,Albury,Country urban,Rest of NSW - Urban,Curved,Foot/cycle path/nature strip,,,Nil,Sealed,Dry,Overcast,Daylight,Nil,No traffic controls,60 km/h,Local,85,Off rt/lft bnd=>obj,804,Off left bend into obj,Right,Vehicle - Object,Car (sedan/hatch),,1,0,0,0,1,1,January,Summer,Sunday,10:00 - 11:59,Midday / afternoon,False,False,True,True
1345479,Injury,Serious Injury,2024,2024,January,Tuesday,08:00 - 09:59,PRINCES,HWY,50,North,FROGS HOLLOW,LANE,FROGS HOLLOW,1.0,No,Not a school zone,2-way undivided,-36.763121,149.81329,Bega Valley,Country non-urban,Rest of NSW - Rural,Curved,Embankment/cutting,,,Nil,Sealed,Wet,Overcast,Daylight,Nil,No traffic controls,100 km/h,State,85,Off rt/lft bnd=>obj,804,Off left bend into obj,Right,Vehicle - Object,Car (sedan/hatch),,1,0,1,0,0,1,January,Summer,Tuesday,08:00 - 09:59,AM peak / school commute,True,False,True,True