crash_id,degree_of_crash,degree_of_crash_-_detailed,reporting_year,year_of_crash,month_of_crash,day_of_week_of_crash,two-hour_intervals,street_of_crash,street_type,distance,direction,identifying_feature,identifying_feature_type,town,route_no.,school_zone_location,school_zone_active,type_of_location,latitude,longitude,lga,urbanisation,conurbation_1,alignment,primary_permanent_feature,primary_temporary_feature,primary_hazardous_feature,street_lighting,road_surface,surface_condition,weather,natural_lighting,signals_operation,other_traffic_control,speed_limit,road_classification_(admin),rum_-_code,rum_-_description,dca_-_code,dca_-_description,dca_supplement,first_impact_type,key_tu_type,other_tu_type,no._of_traffic_units_involved,no._killed,no._seriously_injured,no._moderately_injured,no._minor-other_injured,month_num,month_label,season,day_label,time_label,time_band,is_peak_commute,is_fatal,is_injury,is_casualty
1345483,Injury,Serious Injury,2024,2024,January,Wednesday,06:00 - 07:59,SILVERWATER,RD,0,Right on the spot,HOLKER,ST,SILVERWATER,190.0,No,Not a school zone,X-intersection,-33.830176,151.049572,Parramatta,Sydney metro. area,Syd-Newc-Woll Gtr conurbation,Straight,,,,Off,Sealed,Dry,Fine,Daylight,On,No traffic controls,70 km/h,State,11,Right far,102,Adj - Right-thru from left,,Right angle,Light truck,Car (sedan/hatch),2,0,2,1,0,1,January,Summer,Wednesday,06:00 - 07:59,AM peak / school commute,True,False,True,True
1345485,Injury,Serious Injury,2024,2024,January,Thursday,08:00 - 09:59,MANNING RIVER,DR,0,Right on the spot,BIRIPI,WAY,TAREE SOUTH,7776.0,No,Not a school zone,Roundabout,-31.934929,152.466885,Mid-Coast,Country urban,Rest of NSW - Urban,Straight,Driveway/entrance,,,Nil,Sealed,Dry,Fine,Daylight,Nil,Give way sign,70 km/h,Regional,36,Right turn sideswipe,308,Same - Rgt turn side swipe,,Other angle,4 wheel drive / SUV,Motorcycle,2,0,1,0,0,1,January,Summer,Thursday,08:00 - 09:59,AM peak / school commute,True,False,True,True
1345487,Injury,Serious Injury,2024,2024,January,Monday,12:00 - 13:59,LOFTUS,ST,65,West,SAN JOSE,AVE,LAWSON,,No,Not a school zone,2-way undivided,-33.718154,150.430135,Blue Mountains,Country urban,Syd-Newc-Woll Gtr conurbation,Curved,Driveway/entrance,,,Off,Sealed,Wet,Raining,Daylight,Nil,No traffic controls,50 km/h,Local,36,Right turn sideswipe,308,Same - Rgt turn side swipe,,Other angle,Car (sedan/hatch),Car (sedan/hatch),2,0,1,0,0,1,January,Summer,Monday,12:00 - 13:59,Midday / afternoon,False,False,True,True
1345490,Injury,Moderate Injury,2024,2024,January,Tuesday,20:00 - 21:59,PONSONBY,PDE,0,Right on the spot,NUMBER 25,HN,SEAFORTH,,No,Not a school zone,2-way undivided,-33.79823,151.246015,Northern Beaches,Sydney metro. area,Syd-Newc-Woll Gtr conurbation,Straight,,,,On,Sealed,Dry,Overcast,Darkness,Nil,No traffic controls,50 km/h,Local,71,Off rd left => obj,703,Left off cway into object,,Other angle,Car (sedan/hatch),Car (sedan/hatch),2,0,0,1,0,1,January,Summer,Tuesday,20:00 - 21:59,Evening / night,False,False,True,True
1345491,Injury,Serious Injury,2024,2024,January,Monday,08:00 - 09:59,BOAT HARBOUR,RD,4050,West,TAYLORS ARM,RD,UTUNGUN,,No,Not a school zone,2-way undivided,-30.719526,152.800613,Nambucca Valley,Country urban,Rest of NSW - Urban,Curved,Steep grade,,,Nil,Sealed,Wet,Raining,Daylight,Nil,No traffic controls,80 km/h,Local,87,Off lft/lft bnd=>obj,804,Off left bend into obj,Left,Vehicle - Object,Light truck utility(from 2018),,1,0,1,0,0,1,January,Summer,Monday,08:00 - 09:59,AM peak / school commute,True,False,True,True
1345499,Injury,Moderate Injury,2024,2024,January,Sunday,02:00 - 03:59,PITTWATER,RD,0,Right on the spot,HARBORD,RD,DEE WHY,164.0,No,Not a school zone,X-intersection,-33.758768,151.280465,Northern Beaches,Sydney metro. area,Syd-Newc-Woll Gtr conurbation,Curved,,,,On,Sealed,Dry,Fine,Darkness,On,No traffic controls,60 km/h,State,85,Off rt/lft bnd=>obj,804,Off left bend into obj,Right,Vehicle - Object,Car (sedan/hatch),,1,0,0,1,0,1,January,Summer,Sunday,02:00 - 03:59,Late night / early morning,False,False,True,True
1345504,Injury,Serious Injury,2024,2024,January,Tuesday,06:00 - 07:59,PRINCES,HWY,1000,South,HAWKEN,RD,TOMERONG,1.0,No,Not a school zone,2-way undivided,-35.033339,150.582441,Shoalhaven,Country non-urban,Rest of NSW - Rural,Curved,Painted double centre lines,,,Nil,Sealed,Wet,Overcast,Daylight,Nil,No traffic controls,100 km/h,State,20,Head on,201,Opp - Head on,,Head-on,Car (sedan/hatch),Large rigid,3,0,1,1,1,1,January,Summer,Tuesday,06:00 - 07:59,AM peak / school commute,True,False,True,True
1345505,Injury,Moderate Injury,2024,2024,January,Monday,16:00 - 17:59,CAMERON,ST,100,West,BIG RIVER,WAY,MACLEAN,152.0,No,Not a school zone,2-way undivided,-29.471006,153.204241,Clarence Valley,Country urban,Rest of NSW - Urban,Curved,Painted double centre lines,,,Nil,Sealed,Wet,Raining,Daylight,Nil,No traffic controls,60 km/h,Regional,20,Head on,201,Opp - Head on,,Head-on,Car (sedan/hatch),Light truck utility(from 2018),2,0,0,2,0,1,January,Summer,Monday,16:00 - 17:59,PM peak / evening commute,True,False,True,True
1345513,Injury,Serious Injury,2024,2024,January,Wednesday,08:00 - 09:59,EXCELSIOR,PDE,140,East,CARY,ST,TORONTO,,No,Not a school zone,2-way undivided,-33.016154,151.593588,Lake Macquarie,Newcastle met. area,Syd-Newc-Woll Gtr conurbation,Straight,Steep grade,,,Off,Sealed,Dry,Fine,Daylight,Nil,No traffic controls,50 km/h,Local,71,Off rd left => obj,703,Left off cway into object,,Other angle,4 wheel drive / SUV,4 wheel drive / SUV,3,0,1,0,0,1,January,Summer,Wednesday,08:00 - 09:59,AM peak / school commute,True,False,True,True
1345514,Injury,Serious Injury,2024,2024,January,Saturday,14:00 - 15:59,PACIFIC,HWY,1000,North,RYANS,RD,LAKE INNES,10.0,No,Not a school zone,Divided road,-31.508494,152.798889,Port Macquarie-Hastings,Country non-urban,Rest of NSW - Rural,Straight,,,,Nil,Sealed,Wet,Raining,Daylight,Nil,No traffic controls,110 km/h,State,73,Off rd rght => obj,704,Right off cway into obj,,Vehicle - Object,4 wheel drive / SUV,,1,0,1,0,0,1,January,Summer,Saturday,14:00 - 15:59,Midday / afternoon,False,False,True,True
1345517,Injury,Serious Injury,2024,2024,January,Wednesday,06:00 - 07:59,ALLEN,ST,0,Right on the spot,PARK,AVE,GLEBE,,No,Not a school zone,T-junction,-33.875386,151.182314,Sydney,Sydney metro. area,Syd-Newc-Woll Gtr conurbation,Straight,,,,Off,Sealed,Dry,Fine,Daylight,Nil,No traffic controls,50 km/h,Local,2,Ped far side,3,Ped - Far side,,Vehicle - Pedestrian,Car (sedan/hatch),Pedestrian,2,0,1,0,0,1,January,Summer,Wednesday,06:00 - 07:59,AM peak / school commute,True,False,True,True
1345519,Injury,Moderate Injury,2024,2024,January,Saturday,14:00 - 15:59,WARRINGA,ST,0,Right on the spot,WARUDA,ST,YAGOONA,,No,Not a school zone,X-intersection,-33.912119,151.004821,Canterbury-Bankstown,Sydney metro. area,Syd-Newc-Woll Gtr conurbation,Straight,,,,Off,Sealed,Dry,Fine,Daylight,Nil,Stop sign,50 km/h,Local,10,Cross traffic,101,Adj - Cross traffic,,Right angle,Light truck utility(from 2018),Car (sedan/hatch),2,0,0,2,0,1,January,Summer,Saturday,14:00 - 15:59,Midday / afternoon,False,False,True,True
1345524,Injury,Serious Injury,2024,2024,February,Tuesday,06:00 - 07:59,PRINCES,HWY,10,South,GREAT WESTERN HIGHWAY,TO,CAMPERDOWN,1.0,No,Not a school zone,Divided road,-33.88496,151.194555,Sydney,Sydney metro. area,Syd-Newc-Woll Gtr conurbation,Straight,,,,Off,Sealed,Wet,Raining,Daylight,Nil,No traffic controls,50 km/h,State,2,Ped far side,3,Ped - Far side,,Vehicle - Pedestrian,Car (sedan/hatch),Pedestrian,2,0,1,1,0,2,February,Summer,Tuesday,06:00 - 07:59,AM peak / school commute,True,False,True,True
1345525,Injury,Serious Injury,2024,2024,January,Thursday,22:00 - Midnight,RICHMOND,RD,0,Right on the spot,ROOTY HILL,RD,OAKHURST,537.0,No,Not a school zone,X-intersection,-33.733067,150.848624,Blacktown,Sydney metro. area,Syd-Newc-Woll Gtr conurbation,Straight,,,,On,Sealed,Dry,Fine,Darkness,On,No traffic controls,70 km/h,State,10,Cross traffic,101,Adj - Cross traffic,,Right angle,Light truck utility(from 2018),Light truck,2,0,1,1,0,1,January,Summer,Thursday,22:00 - Midnight,Evening / night,False,False,True,True
1345527,Injury,Serious Injury,2024,2024,February,Saturday,08:00 - 09:59,PRINCES,HWY,0,Right on the spot,TONGARRA,RD,ALBION PARK RAIL,1.0,No,Not a school zone,T-junction,-34.568024,150.803086,Shellharbour,Wollongong met. area,Syd-Newc-Woll Gtr conurbation,Curved,Driveway/entrance,,,Off,Sealed,Dry,Overcast,Daylight,On,No traffic controls,60 km/h,State,47,Emerging from drive,406,Manov - Emerging from driveway,,Right angle,Light truck utility(from 2018),4 wheel drive / SUV,2,0,1,0,0,2,February,Summer,Saturday,08:00 - 09:59,AM peak / school commute,True,False,True,True
1345529,Injury,Moderate Injury,2024,2024,February,Monday,14:00 - 15:59,LORD BADEN POWELL,DR,200,East,CAPTAIN COOK,DR,TURVEY PARK,,No,Not a school zone,2-way undivided,-35.134045,147.372682,Wagga Wagga,Country urban,Rest of NSW - Urban,Curved,Steep grade,,,Nil,Sealed,Wet,Raining,Daylight,Nil,No traffic controls,50 km/h,Local,81,Off left/rt bnd=>obj,803,Off right bend into obj,Left,Vehicle - Object,Car (sedan/hatch),,1,0,0,1,0,2,February,Summer,Monday,14:00 - 15:59,Midday / afternoon,False,False,True,True
1345530,Injury,Minor/Other Injury,2024,2024,January,Thursday,18:00 - 19:59,BRIDGE,RD,10,West,ROSS,ST,FOREST LODGE,523.0,Yes,No,X-intersection,-33.882325,151.182244,Sydney,Sydney metro. area,Syd-Newc-Woll Gtr conurbation,Straight,,,,On,Sealed,Dry,Fine,Dusk,Unknown / not stated,No traffic controls,40 km/h,State,71,Off rd left => obj,703,Left off cway into object,,Other angle,Pedal cycle,Light truck,2,0,0,0,1,1,January,Summer,Thursday,18:00 - 19:59,PM peak / evening commute,True,False,True,True
1345532,Injury,Serious Injury,2024,2024,February,Sunday,14:00 - 15:59,WILLIAM,ST,0,Right on the spot,NUMBER 140,HN,BATHURST,,No,Not a school zone,2-way undivided,-33.419394,149.578715,Bathurst Regional,Country urban,Rest of NSW - Urban,Straight,,,,Off,Sealed,Dry,Fine,Daylight,Nil,No traffic controls,50 km/h,Local,49,Other manoeuvring,400,Manov - other,,Other angle,4 wheel drive / SUV,,1,0,1,0,0,2,February,Summer,Sunday,14:00 - 15:59,Midday / afternoon,False,False,True,True
1345536,Injury,Moderate Injury,2024,2024,January,Monday,18:00 - 19:59,HARBORD,RD,0,Right on the spot,WYNDORA,AVE,FRESHWATER,7343.0,No,Not a school zone,Roundabout,-33.774126,151.279098,Northern Beaches,Sydney metro. area,Syd-Newc-Woll Gtr conurbation,Straight,,,,Off,Sealed,Dry,Fine,Daylight,Nil,Give way sign,60 km/h,Regional,10,Cross traffic,101,Adj - Cross traffic,,Right angle,Car (sedan/hatch),Motorcycle,2,0,0,1,0,1,January,Summer,Monday,18:00 - 19:59,PM peak / evening commute,True,False,True,True
1345538,Injury,Serious Injury,2024,2024,January,Saturday,12:00 - 13:59,SUNNYHOLT,RD,250,East,OLD WINDSOR,RD,GLENWOOD,642.0,No,Not a school zone,Divided road,-33.720995,150.935125,Blacktown,Sydney metro. area,Syd-Newc-Woll Gtr conurbation,Straight,,,,Nil,Sealed,Dry,Fine,Daylight,Nil,No traffic controls,70 km/h,State,30,Rear end,301,Same - Rear end,,Rear end,Car (sedan/hatch),Car (sedan/hatch),2,0,1,0,0,1,January,Summer,Saturday,12:00 - 13:59,Midday / afternoon,False,False,True,True
1345545,Injury,Moderate Injury,2024,2024,January,Tuesday,16:00 - 17:59,YAMBIL,ST,0,Right on the spot,NUMBER 161,HN,GRIFFITH,,No,Not a school zone,2-way undivided,-34.288844,146.042059,Griffith,Country urban,Rest of NSW - Urban,Straight,,,,Off,Sealed,Dry,Fine,Daylight,Nil,No traffic controls,50 km/h,Local,44,Parking vehicles,403,Manov - Parking-parked vehicle,,Other angle,Light truck utility(from 2018),Car (sedan/hatch),2,0,0,1,0,1,January,Summer,Tuesday,16:00 - 17:59,PM peak / evening commute,True,False,True,True
1345549,Injury,Moderate Injury,2024,2024,January,Sunday,10:00 - 11:59,CENTRAL COAST,HWY,0,Right on the spot,OURRINGO,ST,BUDGEWOI,30.0,No,Not a school zone,Roundabout,-33.239899,151.565454,Central Coast,Country urban,Syd-Newc-Woll Gtr conurbation,Straight,,,,Off,Sealed,Wet,Raining,Daylight,Nil,Give way sign,60 km/h,State,21,Right through,202,Opp - Right-thru,,Other angle,Pedal cycle,Car (sedan/hatch),2,0,0,1,0,1,January,Summer,Sunday,10:00 - 11:59,Midday / afternoon,False,False,True,True
1345550,Injury,Moderate Injury,2024,2024,January,Monday,10:00 - 11:59,GREAT WESTERN,HWY,10,West,MATHIESON,ST,ANNANDALE,5.0,No,Not a school zone,T-junction,-33.887391,151.173165,Inner West,Sydney metro. area,Syd-Newc-Woll Gtr conurbation,Straight,,,,Off,Sealed,Dry,Fine,Daylight,Nil,No traffic controls,60 km/h,State,6,Ped on footpath,8,Ped - On footway/median,,Vehicle - Pedestrian,Pedal cycle,Pedestrian,2,0,0,1,0,1,January,Summer,Monday,10:00 - 11:59,Midday / afternoon,False,False,True,True
1345551,Injury,Moderate Injury,2024,2024,January,Sunday,14:00 - 15:59,NEWCASTLE,EXP,500,North,CENTRAL COAST HIGHWAY,OP,SOMERSBY,6003.0,No,Not a school zone,Dual freeway,-33.421195,151.290252,Central Coast,Country non-urban,Syd-Newc-Woll Gtr conurbation,Straight,,,,Off,Sealed,Dry,Fine,Daylight,Nil,No traffic controls,110 km/h,State,30,Rear end,301,Same - Rear end,,Rear end,4 wheel drive / SUV,Station wagon,5,0,0,1,0,1,January,Summer,Sunday,14:00 - 15:59,Midday / afternoon,False,False,True,True
1345556,Injury,Serious Injury,2024,2024,February,Thursday,06:00 - 07:59,GEORGES RIVER,RD,0,Right on the spot,CROMWELL,ST,CROYDON PARK,549.0,No,Not a school zone,T-junction,-33.89365,151.115535,Inner West,Sydney metro. area,Syd-Newc-Woll Gtr conurbation,Straight,,,,Off,Sealed,Dry,Fine,Daylight,Nil,Stop sign,50 km/h,State,10,Cross traffic,101,Adj - Cross traffic,,Right angle,Car (sedan/hatch),4 wheel drive / SUV,2,0,1,0,0,2,February,Summer,Thursday,06:00 - 07:59,AM peak / school commute,True,False,True,True
1345557,Injury,Serious Injury,2024,2024,February,Thursday,10:00 - 11:59,GIINAGAY,WAY,0,Right on the spot,VALLA BEACH,RD,VALLA,,No,Not a school zone,T-junction,-30.589388,152.998253,Nambucca Valley,Country non-urban,Rest of NSW - Rural,Straight,,,,Nil,Sealed,Wet,Raining,Daylight,Nil,Give way sign,90 km/h,Local,21,Right through,202,Opp - Right-thru,,Other angle,4 wheel drive / SUV,Utility,3,0,1,1,0,2,February,Summer,Thursday,10:00 - 11:59,Midday / afternoon,False,False,True,True
1345558,Injury,Serious Injury,2024,2024,January,Sunday,06:00 - 07:59,KU RING GAI CHASE,RD,100,East,ROYSTON,PDE,MOUNT COLAH,366.0,No,Not a school zone,2-way undivided,-33.678466,151.113743,Hornsby,Sydney metro. area,Syd-Newc-Woll Gtr conurbation,Straight,,,,Nil,Sealed,Dry,Fine,Daylight,Nil,No traffic controls,60 km/h,State,30,Rear end,301,Same - Rear end,,Rear end,Pedal cycle,Pedal cycle,3,0,1,0,0,1,January,Summer,Sunday,06:00 - 07:59,AM peak / school commute,True,False,True,True
1345562,Injury,Moderate Injury,2024,2024,February,Thursday,14:00 - 15:59,PACIFIC,HWY,500,South,NEWMANS ROAD,OP,WOOLGOOLGA,10.0,No,Not a school zone,Divided road,-30.105212,153.168781,Coffs Harbour,Country non-urban,Rest of NSW - Rural,Curved,,,,Off,Sealed,Dry,Fine,Daylight,Nil,No traffic controls,110 km/h,State,86,Off left/left bend,802,Off cway left bend,Left,Rollover,Light truck,,1,0,0,2,1,2,February,Summer,Thursday,14:00 - 15:59,Midday / afternoon,False,False,True,True
1345563,Injury,Minor/Other Injury,2024,2024,February,Friday,10:00 - 11:59,TEMPUS,ST,125,North,WHITE HART,DR,ROUSE HILL,,No,Not a school zone,2-way undivided,-33.692306,150.924869,The Hills,Sydney metro. area,Syd-Newc-Woll Gtr conurbation,Straight,,,,Nil,Sealed,Dry,Fine,Daylight,Nil,Ped crossing,50 km/h,Local,0,Ped nearside,1,Ped - Near side,,Vehicle - Pedestrian,Unknown motor vehicle,Pedestrian,2,0,0,0,1,2,February,Summer,Friday,10:00 - 11:59,Midday / afternoon,False,False,True,True
1345571,Injury,Minor/Other Injury,2024,2024,February,Sunday,16:00 - 17:59,BLACK STUMP,WAY,23500,North,KERRAWAH,RD,COOLAH,55.0,No,Not a school zone,2-way undivided,-31.629086,149.757493,Warrumbungle,Country non-urban,Rest of NSW - Rural,Curved,,,,Nil,Sealed,Dry,Fine,Daylight,Nil,No traffic controls,100 km/h,Regional,86,Off left/left bend,802,Off cway left bend,Left,Rollover,Car (sedan/hatch),,1,0,0,0,1,2,February,Summer,Sunday,16:00 - 17:59,PM peak / evening commute,True,False,True,True
1345572,Injury,Serious Injury,2024,2024,February,Friday,20:00 - 21:59,EXCELSIOR,ST,0,Right on the spot,REUSS,ST,LEICHHARDT,,No,Not a school zone,X-intersection,-33.886091,151.153272,Inner West,Sydney metro. area,Syd-Newc-Woll Gtr conurbation,Straight,,,,On,Sealed,Dry,Fine,Darkness,Nil,Give way sign,50 km/h,Local,10,Cross traffic,101,Adj - Cross traffic,,Right angle,Car (sedan/hatch),Pedal cycle,2,0,1,0,0,2,February,Summer,Friday,20:00 - 21:59,Evening / night,False,False,True,True
1345573,Injury,Serious Injury,2024,2024,January,Wednesday,10:00 - 11:59,SOUTH WESTERN,EXP,100,West,GIBSON,AVE,PADSTOW,6005.0,No,Not a school zone,Dual freeway,-33.940534,151.026551,Canterbury-Bankstown,Sydney metro. area,Syd-Newc-Woll Gtr conurbation,Straight,,,,Off,Sealed,Dry,Fine,Daylight,Nil,No traffic controls,100 km/h,State,30,Rear end,301,Same - Rear end,,Rear end,Station wagon,Passenger van,2,0,1,0,1,1,January,Summer,Wednesday,10:00 - 11:59,Midday / afternoon,False,False,True,True
1345574,Injury,Serious Injury,2024,2024,January,Thursday,16:00 - 17:59,TORRENS,ST,0,Right on the spot,NUMBER 16,HN,CANLEY HEIGHTS,,No,Not a school zone,2-way undivided,-33.884708,150.926043,Fairfield,Sydney metro. area,Syd-Newc-Woll Gtr conurbation,Straight,,,,Off,Sealed,Wet,Raining,Daylight,Nil,No traffic controls,50 km/h,Local,0,Ped nearside,1,Ped - Near side,,Vehicle - Pedestrian,Car (sedan/hatch),Pedestrian,2,0,1,0,0,1,January,Summer,Thursday,16:00 - 17:59,PM peak / evening commute,True,False,True,True
1345588,Injury,Serious Injury,2024,2024,February,Friday,06:00 - 07:59,MACQUARIE,ST,0,Right on the spot,ARGYLE,ST,SOUTH WINDSOR,154.0,No,Not a school zone,X-intersection,-33.617487,150.809277,Hawkesbury,Country urban,Syd-Newc-Woll Gtr conurbation,Straight,,,,Off,Sealed,Dry,Fine,Dawn,On,No traffic controls,60 km/h,State,2,Ped far side,3,Ped - Far side,,Vehicle - Pedestrian,Car (sedan/hatch),Pedestrian,2,0,1,0,0,2,February,Summer,Friday,06:00 - 07:59,AM peak / school commute,True,False,True,True
1345589,Injury,Serious Injury,2024,2024,February,Saturday,14:00 - 15:59,SWAMP,RD,610,East,BROWNS,RD,DUNMORE,,No,Not a school zone,2-way undivided,-34.630438,150.831017,Shellharbour,Wollongong met. area,Syd-Newc-Woll Gtr conurbation,Curved,,,,Nil,Sealed,Dry,Fine,Daylight,Nil,No traffic controls,80 km/h,Local,85,Off rt/lft bnd=>obj,804,Off left bend into obj,Right,Vehicle - Object,Motorcycle,,1,0,1,0,0,2,February,Summer,Saturday,14:00 - 15:59,Midday / afternoon,False,False,True,True
1345590,Injury,Moderate Injury,2024,2024,January,Thursday,10:00 - 11:59,COOK,PDE,20,South,ALDAN,PL,ST CLAIR,,No,Not a school zone,2-way undivided,-33.800047,150.777518,Penrith,Sydney metro. area,Syd-Newc-Woll Gtr conurbation,Straight,,,,Off,Sealed,Dry,Fine,Daylight,Nil,No traffic controls,50 km/h,Local,71,Off rd left => obj,703,Left off cway into object,,Other angle,Station wagon,Car (sedan/hatch),3,0,0,1,0,1,January,Summer,Thursday,10:00 - 11:59,Midday / afternoon,False,False,True,True
1345592,Injury,Moderate Injury,2024,2024,February,Tuesday,14:00 - 15:59,SUNRISE,BVD,190,North,EWINGSDALE,RD,BYRON BAY,,No,Not a school zone,2-way undivided,-28.635757,153.592798,Byron,Country urban,Rest of NSW - Urban,Curved,Painted double centre lines,,,Off,Sealed,Dry,Fine,Daylight,Nil,No traffic controls,50 km/h,Local,20,Head on,201,Opp - Head on,,Head-on,4 wheel drive / SUV,4 wheel drive / SUV,2,0,0,2,0,2,February,Summer,Tuesday,14:00 - 15:59,Midday / afternoon,False,False,True,True
1345593,Injury,Serious Injury,2024,2024,February,Wednesday,14:00 - 15:59,HOLBROOK,RD,500,North,BAHRS,RD,COOKARDINIA,211.0,No,Not a school zone,2-way undivided,-35.504059,147.262055,Greater Hume,Country non-urban,Rest of NSW - Rural,Straight,,,,Nil,Sealed,Dry,Fine,Daylight,Nil,No traffic controls,100 km/h,Regional,73,Off rd rght => obj,704,Right off cway into obj,,Vehicle - Object,Large rigid,,1,0,1,0,1,2,February,Summer,Wednesday,14:00 - 15:59,Midday / afternoon,False,False,True,True
1345595,Injury,Serious Injury,2024,2024,February,Tuesday,14:00 - 15:59,NEW ENGLAND,HWY,200,South,KIA ORA,RD,ARMIDALE,9.0,No,Not a school zone,2-way undivided,-30.539069,151.607572,Armidale Regional,Country non-urban,Rest of NSW - Rural,Straight,,,,Nil,Sealed,Wet,Raining,Daylight,Nil,No traffic controls,100 km/h,State,71,Off rd left => obj,703,Left off cway into object,,Other angle,Car (sedan/hatch),Car (sedan/hatch),2,0,1,0,0,2,February,Summer,Tuesday,14:00 - 15:59,Midday / afternoon,False,False,True,True
1345597,Injury,Moderate Injury,2024,2024,February,Saturday,02:00 - 03:59,HAROLD,ST,0,Right on the spot,SAYWELL,RD,MACQUARIE FIELDS,680.0,No,Not a school zone,Roundabout,-33.995965,150.891587,Campbelltown,Sydney metro. area,Syd-Newc-Woll Gtr conurbation,Straight,,,,On,Sealed,Wet,Raining,Darkness,Nil,Give way sign,60 km/h,State,36,Right turn sideswipe,308,Same - Rgt turn side swipe,,Other angle,Light truck utility(from 2018),Car (sedan/hatch),2,0,0,1,0,2,February,Summer,Saturday,02:00 - 03:59,Late night / early morning,False,False,True,True
1345598,Injury,Serious Injury,2024,2024,February,Sunday,12:00 - 13:59,DEES,CL,50,East,INN,PL,GORMANS HILL,,No,Not a school zone,2-way undivided,-33.43662,149.593393,Bathurst Regional,Country urban,Rest of NSW - Urban,Straight,Crest,,,Nil,Sealed,Dry,Fine,Daylight,Nil,No traffic controls,50 km/h,Local,0,Ped nearside,1,Ped - Near side,,Vehicle - Pedestrian,4 wheel drive / SUV,Pedestrian,2,0,1,0,0,2,February,Summer,Sunday,12:00 - 13:59,Midday / afternoon,False,False,True,True
1345599,Injury,Serious Injury,2024,2024,February,Thursday,10:00 - 11:59,THE HORSLEY,DR,0,Right on the spot,HASSALL,ST,SMITHFIELD,2105.0,No,Not a school zone,X-intersection,-33.850836,150.922233,Fairfield,Sydney metro. area,Syd-Newc-Woll Gtr conurbation,Straight,,,,Off,Sealed,Dry,Fine,Daylight,On,No traffic controls,60 km/h,Regional,0,Ped nearside,1,Ped - Near side,,Vehicle - Pedestrian,Large rigid,Pedestrian,2,0,1,0,0,2,February,Summer,Thursday,10:00 - 11:59,Midday / afternoon,False,False,True,True
1345600,Injury,Moderate Injury,2024,2024,February,Friday,22:00 - Midnight,KING GEORGES,RD,100,North,CANTERBURY,RD,WILEY PARK,200.0,No,Not a school zone,Divided road,-33.928622,151.071909,Canterbury-Bankstown,Sydney metro. area,Syd-Newc-Woll Gtr conurbation,Straight,,,,On,Sealed,Dry,Fine,Darkness,Nil,No traffic controls,60 km/h,State,34,Lane change right,306,Same - Lane change right,,Other angle,Car (sedan/hatch),Motorcycle,2,0,0,1,0,2,February,Summer,Friday,22:00 - Midnight,Evening / night,False,False,True,True
1345602,Injury,Minor/Other Injury,2024,2024,February,Friday,20:00 - 21:59,LANE,ST,50,North,GREAT WESTERN,HWY,WENTWORTHVILLE,,No,Not a school zone,2-way undivided,-33.815337,150.970976,Cumberland,Sydney metro. area,Syd-Newc-Woll Gtr conurbation,Straight,,,,On,Sealed,Dry,Fine,Dusk,Nil,No traffic controls,50 km/h,Local,71,Off rd left => obj,703,Left off cway into object,,Other angle,Car (sedan/hatch),Car (sedan/hatch),2,0,0,0,1,2,February,Summer,Friday,20:00 - 21:59,Evening / night,False,False,True,True
1345605,Injury,Moderate Injury,2024,2024,January,Monday,08:00 - 09:59,PRINCES,HWY,250,North,DEEP CREEK DAM,DR,MOGO,1.0,No,Not a school zone,2-way undivided,-35.743959,150.161009,Eurobodalla,Country non-urban,Rest of NSW - Rural,Straight,Painted double centre lines,,,Nil,Sealed,Dry,Fine,Daylight,Nil,No traffic controls,90 km/h,State,20,Head on,201,Opp - Head on,,Head-on,Car (sedan/hatch),Semi-trailer,2,0,0,1,0,1,January,Summer,Monday,08:00 - 09:59,AM peak / school commute,True,False,True,True
1345615,Injury,Moderate Injury,2024,2024,February,Monday,12:00 - 13:59,GODDARD,LANE,0,Right on the spot,PHOENIX,ST,WESTDALE,,No,Not a school zone,T-junction,-31.076145,150.859529,Tamworth Regional,Country urban,Rest of NSW - Urban,Straight,,,,Off,Sealed,Dry,Fine,Daylight,Nil,Give way sign,80 km/h,Local,42,Leaving parking,401,Manov - Leaving parking,,Other angle,Car (sedan/hatch),Light truck utility(from 2018),2,0,0,1,0,2,February,Summer,Monday,12:00 - 13:59,Midday / afternoon,False,False,True,True
1345621,Injury,Moderate Injury,2024,2024,February,Tuesday,10:00 - 11:59,NEWCASTLE,EXP,100,West,MOONEY MOONEY CREEK,BDGE,MOONEY MOONEY CREEK,6003.0,No,Not a school zone,Dual freeway,-33.430938,151.250593,Central Coast,Country non-urban,Syd-Newc-Woll Gtr conurbation,Curved,Embankment/cutting,,Flooded/submerged,Nil,Sealed,Wet,Raining,Daylight,Nil,No traffic controls,110 km/h,State,81,Off left/rt bnd=>obj,803,Off right bend into obj,Left,Vehicle - Object,Semi-trailer,,2,0,0,2,0,2,February,Summer,Tuesday,10:00 - 11:59,Midday / afternoon,False,False,True,True
1345624,Injury,Moderate Injury,2024,2024,February,Tuesday,20:00 - 21:59,QUEEN,ST,50,South,PHILLIP,ST,ST MARYS,,No,Not a school zone,2-way undivided,-33.764083,150.77448,Penrith,Sydney metro. area,Syd-Newc-Woll Gtr conurbation,Straight,,,,On,Sealed,Wet,Overcast,Darkness,Nil,No traffic controls,40 km/h,Local,1,Ped emerging,2,Ped - emerging,,Vehicle - Pedestrian,Station wagon,Pedestrian,2,0,0,2,0,2,February,Summer,Tuesday,20:00 - 21:59,Evening / night,False,False,True,True