crash_id,degree_of_crash,degree_of_crash_-_detailed,reporting_year,year_of_crash,month_of_crash,day_of_week_of_crash,two-hour_intervals,street_of_crash,street_type,distance,direction,identifying_feature,identifying_feature_type,town,route_no.,school_zone_location,school_zone_active,type_of_location,latitude,longitude,lga,urbanisation,conurbation_1,alignment,primary_permanent_feature,primary_temporary_feature,primary_hazardous_feature,street_lighting,road_surface,surface_condition,weather,natural_lighting,signals_operation,other_traffic_control,speed_limit,road_classification_(admin),rum_-_code,rum_-_description,dca_-_code,dca_-_description,dca_supplement,first_impact_type,key_tu_type,other_tu_type,no._of_traffic_units_involved,no._killed,no._seriously_injured,no._moderately_injured,no._minor-other_injured,month_num,month_label,season,day_label,time_label,time_band,is_peak_commute,is_fatal,is_injury,is_casualty
1345628,Injury,Moderate Injury,2024,2024,February,Sunday,06:00 - 07:59,LAWRENCE HARGRAVE,DR,250,South,PATERSON,RD,COALCLIFF,185.0,No,Not a school zone,2-way undivided,-34.249599,150.975506,Wollongong,Wollongong met. area,Syd-Newc-Woll Gtr conurbation,Curved,,,,Off,Sealed,Dry,Fine,Daylight,Nil,No traffic controls,60 km/h,State,88,Out of cont on bend,805,Out of control on bend,,Rollover,Motorcycle,,1,0,0,1,0,2,February,Summer,Sunday,06:00 - 07:59,AM peak / school commute,True,False,True,True
1345631,Injury,Moderate Injury,2024,2024,January,Tuesday,10:00 - 11:59,PACIFIC,HWY,0,Right on the spot,BALFOUR,ST,LINDFIELD,10.0,No,Not a school zone,X-intersection,-33.77404,151.167816,Ku-ring-gai,Sydney metro. area,Syd-Newc-Woll Gtr conurbation,Curved,,,,Off,Sealed,Wet,Overcast,Daylight,On,No traffic controls,60 km/h,State,30,Rear end,301,Same - Rear end,,Rear end,Light truck,4 wheel drive / SUV,2,0,0,1,0,1,January,Summer,Tuesday,10:00 - 11:59,Midday / afternoon,False,False,True,True
1345636,Injury,Moderate Injury,2024,2024,February,Sunday,22:00 - Midnight,PACIFIC,HWY,0,Right on the spot,NUMBER 701,HN,CHATSWOOD,10.0,No,Not a school zone,2-way undivided,-33.800328,151.179465,Willoughby,Sydney metro. area,Syd-Newc-Woll Gtr conurbation,Curved,,,,On,Sealed,Dry,Fine,Darkness,Nil,No traffic controls,60 km/h,State,81,Off left/rt bnd=>obj,803,Off right bend into obj,Left,Vehicle - Object,Car (sedan/hatch),,1,0,0,1,0,2,February,Summer,Sunday,22:00 - Midnight,Evening / night,False,False,True,True
1345638,Injury,Serious Injury,2024,2024,February,Thursday,06:00 - 07:59,EIGHTH,AVE,0,Right on the spot,FOURTH,AVE,AUSTRAL,,No,Not a school zone,X-intersection,-33.937974,150.80467,Liverpool,Sydney metro. area,Syd-Newc-Woll Gtr conurbation,Straight,,,,Off,Sealed,Dry,Fine,Dawn,Nil,Give way sign,60 km/h,Local,10,Cross traffic,101,Adj - Cross traffic,,Right angle,Car (sedan/hatch),Car (sedan/hatch),2,0,1,0,0,2,February,Summer,Thursday,06:00 - 07:59,AM peak / school commute,True,False,True,True
1345639,Injury,Serious Injury,2024,2024,February,Saturday,00:01 - 01:59,PLAINS STATION,RD,7400,South,CHAUVEL,RD,TABULAM,,No,Not a school zone,2-way undivided,-28.970772,152.551817,Tenterfield,Country non-urban,Rest of NSW - Rural,Curved,,Police pursuit,,Nil,Sealed,Dry,Fine,Darkness,Nil,Police,100 km/h,Local,83,Off rt/rt bnd=>obj,803,Off right bend into obj,Right,Vehicle - Object,Light truck utility(from 2018),,1,0,1,0,0,2,February,Summer,Saturday,00:01 - 01:59,Late night / early morning,False,False,True,True
1345646,Injury,Moderate Injury,2024,2024,January,Monday,10:00 - 11:59,HOLLAND,AVE,0,Right on the spot,MCINTYRE,ST,ROPES CROSSING,,No,Not a school zone,X-intersection,-33.729635,150.78688,Blacktown,Sydney metro. area,Syd-Newc-Woll Gtr conurbation,Straight,,,,Off,Sealed,Dry,Fine,Daylight,Nil,Stop sign,50 km/h,Local,10,Cross traffic,101,Adj - Cross traffic,,Right angle,4 wheel drive / SUV,Motorcycle,2,0,0,1,0,1,January,Summer,Monday,10:00 - 11:59,Midday / afternoon,False,False,True,True
1345653,Injury,Moderate Injury,2024,2024,February,Tuesday,00:01 - 01:59,PACIFIC,HWY,500,South,TAREAN ROAD,OP,KARUAH,10.0,No,Not a school zone,Divided road,-32.647537,151.916508,Port Stephens,Country non-urban,Rest of NSW - Rural,Curved,,,,Nil,Sealed,Dry,Fine,Darkness,Nil,No traffic controls,110 km/h,State,85,Off rt/lft bnd=>obj,804,Off left bend into obj,Right,Vehicle - Object,4 wheel drive / SUV,,1,0,0,3,0,2,February,Summer,Tuesday,00:01 - 01:59,Late night / early morning,False,False,True,True
1345655,Injury,Moderate Injury,2024,2024,February,Friday,08:00 - 09:59,CONCORD,RD,0,Right on the spot,YARALLA,ST,CONCORD WEST,668.0,No,Not a school zone,X-intersection,-33.85085,151.090211,Canada Bay,Sydney metro. area,Syd-Newc-Woll Gtr conurbation,Straight,,,,Nil,Sealed,Dry,Fine,Daylight,Nil,Stop sign,60 km/h,State,10,Cross traffic,101,Adj - Cross traffic,,Right angle,Car (sedan/hatch),Light truck,2,0,0,1,0,2,February,Summer,Friday,08:00 - 09:59,AM peak / school commute,True,False,True,True
1345658,Injury,Minor/Other Injury,2024,2024,March,Saturday,08:00 - 09:59,KINGS,HWY,1000,East,CLYDE MANAGEMENT,TRL,BUCKENBOWRA,51.0,No,Not a school zone,2-way undivided,-35.546503,149.958445,Eurobodalla,Country urban,Rest of NSW - Urban,Curved,Embankment/cutting,,,Nil,Sealed,Wet,Fog or mist,Daylight,Nil,No traffic controls,70 km/h,State,83,Off rt/rt bnd=>obj,803,Off right bend into obj,Right,Vehicle - Object,Light truck,,1,0,0,0,3,3,March,Autumn,Saturday,08:00 - 09:59,AM peak / school commute,True,False,True,True
1345659,Injury,Serious Injury,2024,2024,January,Saturday,08:00 - 09:59,INDUSTRIAL,DR,0,Right on the spot,BULL,ST,MAYFIELD,316.0,No,Not a school zone,T-junction,-32.890178,151.73973,Newcastle,Newcastle met. area,Syd-Newc-Woll Gtr conurbation,Curved,Foot/cycle path/nature strip,,Potholes/corrugations/rough,Off,Sealed,Dry,Fine,Daylight,Nil,No traffic controls,80 km/h,State,88,Out of cont on bend,805,Out of control on bend,,Rollover,Pedal cycle,,1,0,1,0,0,1,January,Summer,Saturday,08:00 - 09:59,AM peak / school commute,True,False,True,True
1345661,Injury,Serious Injury,2024,2024,January,Friday,18:00 - 19:59,WOODSREEF,RD,1700,East,MCINTYRE,RD,WOODSREEF,,No,Not a school zone,2-way undivided,-30.38379,150.680873,Tamworth Regional,Country non-urban,Rest of NSW - Rural,Straight,Embankment/cutting,,,Nil,Sealed,Dry,Fine,Daylight,Nil,No traffic controls,100 km/h,Local,71,Off rd left => obj,703,Left off cway into object,,Vehicle - Object,4 wheel drive / SUV,,1,0,1,0,0,1,January,Summer,Friday,18:00 - 19:59,PM peak / evening commute,True,False,True,True
1345662,Injury,Minor/Other Injury,2024,2024,March,Tuesday,18:00 - 19:59,MORTON,ST,0,Right on the spot,RICHARD,AVE,CRESTWOOD,,Yes,No,X-intersection,-35.347281,149.214708,Queanbeyan-Palerang Regional,Country urban,Rest of NSW - Urban,Straight,,,,Off,Sealed,Dry,Fine,Daylight,Nil,Give way sign,50 km/h,Local,10,Cross traffic,101,Adj - Cross traffic,,Right angle,4 wheel drive / SUV,Station wagon,2,0,0,0,2,3,March,Autumn,Tuesday,18:00 - 19:59,PM peak / evening commute,True,False,True,True
1345663,Injury,Moderate Injury,2024,2024,January,Friday,00:01 - 01:59,PROSPECT,HWY,30,North,LIVERPOOL PARRAMATTA TRANSITWAY,MS,WETHERILL PARK,,No,Not a school zone,Divided road,-33.833919,150.912729,Fairfield,Sydney metro. area,Syd-Newc-Woll Gtr conurbation,Curved,Steep grade,,,On,Sealed,Dry,Fine,Darkness,Nil,No traffic controls,60 km/h,Local,85,Off rt/lft bnd=>obj,804,Off left bend into obj,Right,Vehicle - Object,Car (sedan/hatch),,1,0,0,1,1,1,January,Summer,Friday,00:01 - 01:59,Late night / early morning,False,False,True,True
1345668,Injury,Moderate Injury,2024,2024,March,Sunday,10:00 - 11:59,STURT,HWY,0,Right on the spot,DOCKER,ST,WAGGA WAGGA,14.0,No,Not a school zone,X-intersection,-35.117156,147.356318,Wagga Wagga,Country urban,Rest of NSW - Urban,Straight,,,,Off,Sealed,Wet,Fine,Daylight,On,No traffic controls,60 km/h,State,21,Right through,202,Opp - Right-thru,,Other angle,Station wagon,4 wheel drive / SUV,2,0,0,1,0,3,March,Autumn,Sunday,10:00 - 11:59,Midday / afternoon,False,False,True,True
1345669,Injury,Serious Injury,2024,2024,January,Saturday,08:00 - 09:59,WISEMANS FERRY,RD,0,Right on the spot,WESTERN COMMISSION,TRL,GUNDERMAN,225.0,No,Not a school zone,T-junction,-33.395789,151.01401,Central Coast,Country urban,Syd-Newc-Woll Gtr conurbation,Curved,,,,Nil,Sealed,Wet,Overcast,Daylight,Nil,No traffic controls,80 km/h,Regional,80,Off left/right bend,801,Off cway right bend,Left,Rollover,Passenger van,,1,0,1,0,0,1,January,Summer,Saturday,08:00 - 09:59,AM peak / school commute,True,False,True,True
1345670,Injury,Serious Injury,2024,2024,February,Sunday,14:00 - 15:59,HEATHCOTE,RD,150,South,BARDIA,PDE,HAMMONDVILLE,512.0,No,Not a school zone,Divided road,-33.950286,150.951158,Liverpool,Sydney metro. area,Syd-Newc-Woll Gtr conurbation,Straight,Foot/cycle path/nature strip,,,Nil,Sealed,Dry,Fine,Daylight,Nil,No traffic controls,60 km/h,State,71,Off rd left => obj,703,Left off cway into object,,Vehicle - Object,Motorcycle,,1,0,1,0,0,2,February,Summer,Sunday,14:00 - 15:59,Midday / afternoon,False,False,True,True
1345672,Injury,Serious Injury,2024,2024,March,Friday,14:00 - 15:59,BEAUCHAMP,RD,0,Right on the spot,PERRY,ST,MATRAVILLE,616.0,No,Not a school zone,T-junction,-33.95927,151.221822,Randwick,Sydney metro. area,Syd-Newc-Woll Gtr conurbation,Straight,,,,Nil,Sealed,Dry,Fine,Daylight,On,No traffic controls,50 km/h,State,23,Right/left,203,Opp - Right-left,,Other angle,Car (sedan/hatch),Station wagon,3,0,1,0,0,3,March,Autumn,Friday,14:00 - 15:59,Midday / afternoon,False,False,True,True
1345674,Injury,Moderate Injury,2024,2024,February,Wednesday,08:00 - 09:59,FORBES,RD,20,East,SIEBEN,DR,ORANGE,61.0,No,Not a school zone,2-way undivided,-33.273649,149.080967,Orange,Country urban,Rest of NSW - Urban,Straight,,,,Nil,Sealed,Dry,Fine,Daylight,Nil,No traffic controls,50 km/h,State,0,Ped nearside,1,Ped - Near side,,Vehicle - Pedestrian,Car (sedan/hatch),Pedestrian,2,0,0,1,0,2,February,Summer,Wednesday,08:00 - 09:59,AM peak / school commute,True,False,True,True
1345678,Injury,Moderate Injury,2024,2024,March,Tuesday,10:00 - 11:59,MARION,ST,0,Right on the spot,CROMWELL,ST,LEICHHARDT,2013.0,No,Not a school zone,X-intersection,-33.883938,151.15471,Inner West,Sydney metro. area,Syd-Newc-Woll Gtr conurbation,Straight,,,,Nil,Sealed,Dry,Fine,Daylight,Nil,Give way sign,50 km/h,Regional,11,Right far,102,Adj - Right-thru from left,,Right angle,Car (sedan/hatch),Car (sedan/hatch),2,0,0,2,0,3,March,Autumn,Tuesday,10:00 - 11:59,Midday / afternoon,False,False,True,True
1345680,Injury,Moderate Injury,2024,2024,March,Saturday,14:00 - 15:59,PACIFIC,HWY,0,Right on the spot,LAKE HAVEN,DR,LAKE HAVEN,10.0,No,Not a school zone,Roundabout,-33.238731,151.499433,Central Coast,Country urban,Syd-Newc-Woll Gtr conurbation,Straight,,,,Off,Sealed,Dry,Overcast,Daylight,Nil,Give way sign,60 km/h,State,10,Cross traffic,101,Adj - Cross traffic,,Right angle,Car (sedan/hatch),4 wheel drive / SUV,3,0,0,1,0,3,March,Autumn,Saturday,14:00 - 15:59,Midday / afternoon,False,False,True,True
1345691,Injury,Moderate Injury,2024,2024,February,Thursday,18:00 - 19:59,TORONTO,RD,50,North,ENTERPRISE,WAY,WOODRISING,217.0,No,Not a school zone,Divided road,-32.981767,151.603535,Lake Macquarie,Newcastle met. area,Syd-Newc-Woll Gtr conurbation,Straight,,,,On,Sealed,Wet,Raining,Dusk,Nil,No traffic controls,80 km/h,State,71,Off rd left => obj,703,Left off cway into object,,Vehicle - Object,Car (sedan/hatch),,1,0,0,1,0,2,February,Summer,Thursday,18:00 - 19:59,PM peak / evening commute,True,False,True,True
1345692,Injury,Minor/Other Injury,2024,2024,February,Tuesday,10:00 - 11:59,MILPERRA,RD,30,West,FITZPATRICK,ST,REVESBY,167.0,No,Not a school zone,Divided road,-33.933459,151.00344,Canterbury-Bankstown,Sydney metro. area,Syd-Newc-Woll Gtr conurbation,Straight,,,,Nil,Sealed,Dry,Fine,Daylight,Nil,No traffic controls,70 km/h,State,35,Lane change left,307,Same - Lane change left,,Other angle,Large rigid,Car (sedan/hatch),2,0,0,0,1,2,February,Summer,Tuesday,10:00 - 11:59,Midday / afternoon,False,False,True,True
1345693,Injury,Minor/Other Injury,2024,2024,March,Wednesday,20:00 - 21:59,HARROW,RD,0,Right on the spot,QUEEN,ST,AUBURN,,No,Not a school zone,L-junction,-33.850573,151.031841,Cumberland,Sydney metro. area,Syd-Newc-Woll Gtr conurbation,Curved,,,,On,Sealed,Dry,Fine,Darkness,Nil,Ped crossing,40 km/h,Local,0,Ped nearside,1,Ped - Near side,,Vehicle - Pedestrian,Car (sedan/hatch),Pedestrian,3,0,0,0,2,3,March,Autumn,Wednesday,20:00 - 21:59,Evening / night,False,False,True,True
1345702,Injury,Minor/Other Injury,2024,2024,January,Thursday,16:00 - 17:59,LAPWING,ST,100,North,WATTLEBIRD,RD,SYDNEY OLYMPIC PARK,,No,Not a school zone,2-way undivided,-33.822925,151.076618,Parramatta,Sydney metro. area,Syd-Newc-Woll Gtr conurbation,Straight,,,,Off,Sealed,Dry,Fine,Daylight,Nil,No traffic controls,50 km/h,Local,29,Other opposing,200,Opp - other,,Other angle,4 wheel drive / SUV,4 wheel drive / SUV,2,0,0,0,1,1,January,Summer,Thursday,16:00 - 17:59,PM peak / evening commute,True,False,True,True
1345711,Injury,Moderate Injury,2024,2024,February,Tuesday,08:00 - 09:59,CLARK,RD,0,Right on the spot,ADDERSTONE,AVE,NORTH SYDNEY,2019.0,No,Not a school zone,T-junction,-33.841711,151.214812,North Sydney,Sydney metro. area,Syd-Newc-Woll Gtr conurbation,Curved,Steep grade,,,Off,Sealed,Dry,Fine,Daylight,Nil,Stop sign,50 km/h,Regional,21,Right through,202,Opp - Right-thru,,Other angle,Light truck,Station wagon,2,0,0,1,0,2,February,Summer,Tuesday,08:00 - 09:59,AM peak / school commute,True,False,True,True
1345712,Injury,Moderate Injury,2024,2024,March,Monday,18:00 - 19:59,TENNYSON,RD,0,Right on the spot,WARNER,ST,GLADESVILLE,,No,Not a school zone,T-junction,-33.825734,151.119582,Ryde,Sydney metro. area,Syd-Newc-Woll Gtr conurbation,Straight,,,,Off,Sealed,Dry,Fine,Daylight,Nil,Give way sign,50 km/h,Local,0,Ped nearside,1,Ped - Near side,,Vehicle - Pedestrian,Car (sedan/hatch),Pedestrian,2,0,0,1,0,3,March,Autumn,Monday,18:00 - 19:59,PM peak / evening commute,True,False,True,True
1345714,Injury,Serious Injury,2024,2024,February,Monday,16:00 - 17:59,PICTON,RD,2730,West,MOUNT OUSLEY ROAD,OP,CATARACT,95.0,No,Not a school zone,2-way undivided,-34.376026,150.837061,Wollongong,Wollongong met. area,Syd-Newc-Woll Gtr conurbation,Straight,Steep grade,,,Nil,Sealed,Wet,Overcast,Daylight,Nil,No traffic controls,100 km/h,State,73,Off rd rght => obj,704,Right off cway into obj,,Vehicle - Object,Car (sedan/hatch),,1,0,1,0,0,2,February,Summer,Monday,16:00 - 17:59,PM peak / evening commute,True,False,True,True
1345717,Injury,Serious Injury,2024,2024,January,Saturday,20:00 - 21:59,WISEMANS FERRY,RD,200,North,PAULLS,RD,SOUTH MAROOTA,181.0,No,Not a school zone,2-way undivided,-33.502005,150.953363,The Hills,Sydney metro. area,Syd-Newc-Woll Gtr conurbation,Straight,,,,Nil,Sealed,Dry,Fine,Darkness,Nil,No traffic controls,80 km/h,State,73,Off rd rght => obj,704,Right off cway into obj,,Vehicle - Object,Car (sedan/hatch),,1,0,1,0,0,1,January,Summer,Saturday,20:00 - 21:59,Evening / night,False,False,True,True
1345720,Injury,Serious Injury,2024,2024,February,Wednesday,06:00 - 07:59,CHANDOS,ST,0,Right on the spot,NUMBER 120,HN,CROWS NEST,2091.0,No,Not a school zone,2-way undivided,-33.822348,151.202874,North Sydney,Sydney metro. area,Syd-Newc-Woll Gtr conurbation,Straight,,,,Off,Sealed,Wet,Overcast,Daylight,Nil,No traffic controls,50 km/h,Regional,74,On road-out of cont.,705,Out of control on cway,,Rollover,Motorcycle,,1,0,1,0,0,2,February,Summer,Wednesday,06:00 - 07:59,AM peak / school commute,True,False,True,True
1345725,Injury,Serious Injury,2024,2024,February,Tuesday,08:00 - 09:59,CLAREMONT,CRES,0,Right on the spot,DANGAR,CL,HINCHINBROOK,,No,Not a school zone,T-junction,-33.908538,150.864279,Liverpool,Sydney metro. area,Syd-Newc-Woll Gtr conurbation,Straight,,,,Off,Sealed,Dry,Fine,Daylight,Nil,No traffic controls,50 km/h,Local,2,Ped far side,3,Ped - Far side,,Vehicle - Pedestrian,4 wheel drive / SUV,Pedestrian,2,0,1,0,0,2,February,Summer,Tuesday,08:00 - 09:59,AM peak / school commute,True,False,True,True
1345730,Injury,Serious Injury,2024,2024,March,Monday,10:00 - 11:59,HUME,HWY,0,Right on the spot,HIGHLAND,AVE,YAGOONA,2.0,No,Not a school zone,T-junction,-33.907399,151.023948,Canterbury-Bankstown,Sydney metro. area,Syd-Newc-Woll Gtr conurbation,Straight,,,,Off,Sealed,Dry,Fine,Daylight,On,No traffic controls,60 km/h,State,21,Right through,202,Opp - Right-thru,,Other angle,Station wagon,4 wheel drive / SUV,3,0,1,1,0,3,March,Autumn,Monday,10:00 - 11:59,Midday / afternoon,False,False,True,True
1345732,Injury,Serious Injury,2024,2024,February,Wednesday,18:00 - 19:59,EAGLEVIEW,RD,0,Right on the spot,JERSEY,PDE,MINTO,,No,Not a school zone,T-junction,-34.041601,150.852326,Campbelltown,Sydney metro. area,Syd-Newc-Woll Gtr conurbation,Straight,Crest,,,Off,Sealed,Dry,Fine,Daylight,Nil,No traffic controls,60 km/h,Local,13,Right near,104,Adj - Right-thru from right,,Right angle,4 wheel drive / SUV,Motorcycle,3,0,1,0,0,2,February,Summer,Wednesday,18:00 - 19:59,PM peak / evening commute,True,False,True,True
1345736,Injury,Moderate Injury,2024,2024,January,Wednesday,22:00 - Midnight,CONCORD,RD,0,Right on the spot,HOMEBUSH BAY,DR,CONCORD WEST,200.0,No,Not a school zone,T-junction,-33.835381,151.088167,Canada Bay,Sydney metro. area,Syd-Newc-Woll Gtr conurbation,Curved,,,,On,Sealed,Dry,Fine,Darkness,On,No traffic controls,70 km/h,State,21,Right through,202,Opp - Right-thru,,Other angle,Car (sedan/hatch),Car (sedan/hatch),2,0,0,1,0,1,January,Summer,Wednesday,22:00 - Midnight,Evening / night,False,False,True,True
1345741,Injury,Moderate Injury,2024,2024,February,Thursday,16:00 - 17:59,OXFORD,ST,0,Right on the spot,WILLIAM,ST,PADDINGTON,172.0,Yes,No,T-junction,-33.886127,151.228994,Woollahra,Sydney metro. area,Syd-Newc-Woll Gtr conurbation,Straight,,,,Off,Sealed,Dry,Fine,Daylight,Nil,Give way sign,50 km/h,State,74,On road-out of cont.,705,Out of control on cway,,Rollover,Pedal cycle,,1,0,0,1,0,2,February,Summer,Thursday,16:00 - 17:59,PM peak / evening commute,True,False,True,True
1345742,Injury,Moderate Injury,2024,2024,February,Saturday,18:00 - 19:59,NAYLOR,ST,50,South,MORTON,ST,CRESTWOOD,,No,Not a school zone,2-way undivided,-35.348687,149.222086,Queanbeyan-Palerang Regional,Country urban,Rest of NSW - Urban,Straight,Steep grade,,,Nil,Sealed,Wet,Overcast,Daylight,Nil,No traffic controls,50 km/h,Local,71,Off rd left => obj,703,Left off cway into object,,Vehicle - Object,Car (sedan/hatch),,2,0,0,2,0,2,February,Summer,Saturday,18:00 - 19:59,PM peak / evening commute,True,False,True,True
1345744,Injury,Moderate Injury,2024,2024,January,Monday,16:00 - 17:59,FITZWILLIAM,RD,0,Right on the spot,WENTWORTH,AVE,TOONGABBIE,7152.0,No,Not a school zone,Roundabout,-33.784154,150.954117,Parramatta,Sydney metro. area,Syd-Newc-Woll Gtr conurbation,Straight,,,,Unknown / not stated,Sealed,Dry,Fine,Daylight,Nil,Give way sign,60 km/h,Regional,13,Right near,104,Adj - Right-thru from right,,Right angle,4 wheel drive / SUV,Motorcycle,2,0,0,1,1,1,January,Summer,Monday,16:00 - 17:59,PM peak / evening commute,True,False,True,True
1345745,Injury,Moderate Injury,2024,2024,February,Thursday,16:00 - 17:59,EASTERN VALLEY,WAY,0,Right on the spot,TENILBA,RD,NORTHBRIDGE,599.0,No,Not a school zone,T-junction,-33.807116,151.20868,Willoughby,Sydney metro. area,Syd-Newc-Woll Gtr conurbation,Straight,,,,Off,Sealed,Dry,Overcast,Daylight,Nil,No right turn,60 km/h,State,13,Right near,104,Adj - Right-thru from right,,Right angle,Car (sedan/hatch),Car (sedan/hatch),3,0,0,1,0,2,February,Summer,Thursday,16:00 - 17:59,PM peak / evening commute,True,False,True,True
1345748,Injury,Serious Injury,2024,2024,February,Saturday,20:00 - 21:59,CENTRAL COAST,HWY,0,Right on the spot,TERRIGAL,DR,ERINA,30.0,No,Not a school zone,X-intersection,-33.433833,151.390015,Central Coast,Country urban,Syd-Newc-Woll Gtr conurbation,Straight,,,,On,Sealed,Wet,Raining,Darkness,On,No traffic controls,60 km/h,State,21,Right through,202,Opp - Right-thru,,Other angle,Car (sedan/hatch),Car (sedan/hatch),2,0,3,0,0,2,February,Summer,Saturday,20:00 - 21:59,Evening / night,False,False,True,True
1345751,Injury,Moderate Injury,2024,2024,February,Friday,10:00 - 11:59,CANTERBURY,ST,0,Right on the spot,WEST,ST,CASINO,,Yes,No,X-intersection,-28.862139,153.043715,Richmond Valley,Country urban,Rest of NSW - Urban,Straight,,,,Off,Sealed,Wet,Overcast,Daylight,Nil,Give way sign,50 km/h,Local,10,Cross traffic,101,Adj - Cross traffic,,Right angle,4 wheel drive / SUV,4 wheel drive / SUV,2,0,0,1,0,2,February,Summer,Friday,10:00 - 11:59,Midday / afternoon,False,False,True,True
1345753,Injury,Moderate Injury,2024,2024,January,Sunday,14:00 - 15:59,PORT HACKING,RD,0,Right on the spot,MONTGOMERY,ST,MIRANDA,669.0,No,Not a school zone,T-junction,-34.032002,151.108663,Sutherland,Sydney metro. area,Syd-Newc-Woll Gtr conurbation,Straight,Steep grade,,,Nil,Sealed,Dry,Fine,Daylight,Nil,Give way sign,60 km/h,State,32,Right rear,303,Same - Rear right,,Rear end,Light truck utility(from 2018),Car (sedan/hatch),2,0,0,1,0,1,January,Summer,Sunday,14:00 - 15:59,Midday / afternoon,False,False,True,True
1345759,Injury,Minor/Other Injury,2024,2024,February,Monday,22:00 - Midnight,THUNDERBOLTS,WAY,1000,North,GIRO,RD,BAXTERS RIDGE,7719.0,No,Not a school zone,2-way undivided,-31.728574,151.869112,Mid-Coast,Country urban,Rest of NSW - Urban,Curved,Steep grade,,,Nil,Sealed,Dry,Overcast,Darkness,Nil,No traffic controls,80 km/h,Regional,30,Rear end,301,Same - Rear end,,Rear end,Light truck,Light truck utility(from 2018),2,0,0,0,1,2,February,Summer,Monday,22:00 - Midnight,Evening / night,False,False,True,True
1345763,Injury,Moderate Injury,2024,2024,February,Monday,18:00 - 19:59,JAMES,ST,37,South,CITY WEST LINK,RD,LEICHHARDT,652.0,No,Not a school zone,2-way undivided,-33.87528,151.155151,Inner West,Sydney metro. area,Syd-Newc-Woll Gtr conurbation,Curved,Steep grade,,,Off,Sealed,Dry,Fine,Dusk,Nil,No traffic controls,50 km/h,State,34,Lane change right,306,Same - Lane change right,,Other angle,Car (sedan/hatch),Motorcycle,2,0,0,1,0,2,February,Summer,Monday,18:00 - 19:59,PM peak / evening commute,True,False,True,True
1345764,Injury,Serious Injury,2024,2024,February,Monday,12:00 - 13:59,KING GEORGES,RD,0,Right on the spot,EDGBASTON,RD,BEVERLY HILLS,200.0,Yes,No,T-junction,-33.94989,151.081121,Georges River,Sydney metro. area,Syd-Newc-Woll Gtr conurbation,Straight,Steep grade,,,Off,Sealed,Dry,Fine,Daylight,On,No traffic controls,60 km/h,State,30,Rear end,301,Same - Rear end,,Rear end,Car (sedan/hatch),Light truck,2,0,2,0,0,2,February,Summer,Monday,12:00 - 13:59,Midday / afternoon,False,False,True,True
1345765,Injury,Moderate Injury,2024,2024,February,Thursday,14:00 - 15:59,MULGOA,RD,20,South,WINBOURNE,RD,MULGOA,155.0,No,Not a school zone,2-way undivided,-33.844047,150.651129,Penrith,Sydney metro. area,Syd-Newc-Woll Gtr conurbation,Straight,,,,Off,Sealed,Dry,Fine,Daylight,Nil,No traffic controls,60 km/h,State,30,Rear end,301,Same - Rear end,,Rear end,Car (sedan/hatch),Other bus,2,0,0,1,0,2,February,Summer,Thursday,14:00 - 15:59,Midday / afternoon,False,False,True,True
1345766,Injury,Serious Injury,2024,2024,February,Monday,14:00 - 15:59,UNION,ST,0,Right on the spot,NUMBER 73,HN,COOKS HILL,,No,Not a school zone,2-way undivided,-32.930858,151.76569,Newcastle,Newcastle met. area,Syd-Newc-Woll Gtr conurbation,Straight,Driveway/entrance,,,Off,Sealed,Dry,Fine,Daylight,Nil,No traffic controls,60 km/h,Local,47,Emerging from drive,406,Manov - Emerging from driveway,,Right angle,4 wheel drive / SUV,Pedal cycle,2,0,1,0,0,2,February,Summer,Monday,14:00 - 15:59,Midday / afternoon,False,False,True,True
1345769,Injury,Serious Injury,2024,2024,February,Tuesday,06:00 - 07:59,WESTERN,EXP,300,West,GREYSTANES ROAD,OP,GREYSTANES,6004.0,No,Not a school zone,Dual freeway,-33.80847,150.934333,Cumberland,Sydney metro. area,Syd-Newc-Woll Gtr conurbation,Curved,,,,Nil,Sealed,Dry,Fine,Daylight,Nil,No traffic controls,100 km/h,State,30,Rear end,301,Same - Rear end,,Rear end,Large rigid,Large rigid,2,0,1,0,0,2,February,Summer,Tuesday,06:00 - 07:59,AM peak / school commute,True,False,True,True
1345772,Injury,Minor/Other Injury,2024,2024,March,Monday,12:00 - 13:59,PARK,AVE,0,Right on the spot,WADE,LANE,GORDON,,No,Not a school zone,T-junction,-33.754217,151.152529,Ku-ring-gai,Sydney metro. area,Syd-Newc-Woll Gtr conurbation,Straight,,,,Off,Sealed,Dry,Fine,Daylight,Nil,Stop sign,50 km/h,Local,0,Ped nearside,1,Ped - Near side,,Vehicle - Pedestrian,4 wheel drive / SUV,Pedestrian,2,0,0,0,1,3,March,Autumn,Monday,12:00 - 13:59,Midday / afternoon,False,False,True,True
1345773,Injury,Moderate Injury,2024,2024,March,Friday,06:00 - 07:59,BROWN,ST,0,Right on the spot,ELOIZA,ST,DUNGOG,,No,Not a school zone,X-intersection,-32.400734,151.750342,Dungog,Country urban,Rest of NSW - Urban,Straight,,,,Off,Sealed,Dry,Fine,Daylight,Nil,Give way sign,50 km/h,Local,10,Cross traffic,101,Adj - Cross traffic,,Right angle,Passenger van,4 wheel drive / SUV,2,0,0,1,0,3,March,Autumn,Friday,06:00 - 07:59,AM peak / school commute,True,False,True,True
1345774,Injury,Moderate Injury,2024,2024,February,Monday,08:00 - 09:59,FLOSS,ST,0,Right on the spot,MELFORD,ST,HURLSTONE PARK,,No,Not a school zone,X-intersection,-33.909526,151.126246,Canterbury-Bankstown,Sydney metro. area,Syd-Newc-Woll Gtr conurbation,Straight,,,,Nil,Sealed,Dry,Fine,Daylight,Nil,Stop sign,50 km/h,Local,10,Cross traffic,101,Adj - Cross traffic,,Right angle,4 wheel drive / SUV,Light truck utility(from 2018),2,0,0,1,0,2,February,Summer,Monday,08:00 - 09:59,AM peak / school commute,True,False,True,True