crash_id,degree_of_crash,degree_of_crash_-_detailed,reporting_year,year_of_crash,month_of_crash,day_of_week_of_crash,two-hour_intervals,street_of_crash,street_type,distance,direction,identifying_feature,identifying_feature_type,town,route_no.,school_zone_location,school_zone_active,type_of_location,latitude,longitude,lga,urbanisation,conurbation_1,alignment,primary_permanent_feature,primary_temporary_feature,primary_hazardous_feature,street_lighting,road_surface,surface_condition,weather,natural_lighting,signals_operation,other_traffic_control,speed_limit,road_classification_(admin),rum_-_code,rum_-_description,dca_-_code,dca_-_description,dca_supplement,first_impact_type,key_tu_type,other_tu_type,no._of_traffic_units_involved,no._killed,no._seriously_injured,no._moderately_injured,no._minor-other_injured,month_num,month_label,season,day_label,time_label,time_band,is_peak_commute,is_fatal,is_injury,is_casualty
1345776,Injury,Moderate Injury,2024,2024,February,Thursday,16:00 - 17:59,O'CONNELL,RD,0,Right on the spot,ALBION,ST,OBERON,253.0,No,Not a school zone,Roundabout,-33.698417,149.845244,Oberon,Country urban,Rest of NSW - Urban,Straight,,,,Off,Sealed,Dry,Fine,Daylight,Nil,Give way sign,60 km/h,State,10,Cross traffic,101,Adj - Cross traffic,,Right angle,Light truck utility(from 2018),4 wheel drive / SUV,2,0,0,1,0,2,February,Summer,Thursday,16:00 - 17:59,PM peak / evening commute,True,False,True,True
1345777,Injury,Minor/Other Injury,2024,2024,February,Thursday,14:00 - 15:59,PRINCES,HWY,0,Right on the spot,NUMBER 42,HN,UNANDERRA,1.0,No,Not a school zone,2-way undivided,-34.452293,150.847076,Wollongong,Wollongong met. area,Syd-Newc-Woll Gtr conurbation,Straight,Driveway/entrance,,,Off,Sealed,Dry,Fine,Daylight,Nil,No traffic controls,60 km/h,Regional,7,Driveway,7,Ped - driveway,,Vehicle - Pedestrian,4 wheel drive / SUV,Pedestrian,2,0,0,0,1,2,February,Summer,Thursday,14:00 - 15:59,Midday / afternoon,False,False,True,True
1345778,Injury,Serious Injury,2024,2024,February,Monday,08:00 - 09:59,MANIFOLD,RD,110,North,SAVILLES,RD,NORTH CASINO,,No,Not a school zone,2-way undivided,-28.790268,153.063116,Richmond Valley,Country urban,Rest of NSW - Urban,Straight,Narrow/1-lane bridge,,,Nil,Sealed,Dry,Fine,Daylight,Nil,Give way sign,80 km/h,Local,64,Perm obstruction,605,On path - Hit obstruction,,Vehicle - Object,4 wheel drive / SUV,,1,0,1,0,0,2,February,Summer,Monday,08:00 - 09:59,AM peak / school commute,True,False,True,True
1345779,Injury,Serious Injury,2024,2024,March,Saturday,08:00 - 09:59,MOULAMEIN,RD,3200,North,WAKOOL,RD,TULLAKOOL,319.0,No,Not a school zone,2-way undivided,-35.48216,144.197372,Murray River,Country non-urban,Rest of NSW - Rural,Straight,,,,Nil,Sealed,Dry,Fine,Daylight,Nil,No traffic controls,100 km/h,Regional,73,Off rd rght => obj,704,Right off cway into obj,,Vehicle - Object,Light truck utility(from 2018),,1,0,1,0,0,3,March,Autumn,Saturday,08:00 - 09:59,AM peak / school commute,True,False,True,True
1345782,Injury,Minor/Other Injury,2024,2024,March,Monday,10:00 - 11:59,DARGHAN,ST,40,North,CARDIGAN,ST,GLEBE,,No,Not a school zone,2-way undivided,-33.876824,151.189472,Sydney,Sydney metro. area,Syd-Newc-Woll Gtr conurbation,Straight,,,,Nil,Sealed,Dry,Fine,Daylight,Nil,No traffic controls,50 km/h,Local,75,Off end of road,709,Off end cway or T junct,,Vehicle - Object,Car (sedan/hatch),,1,0,0,0,1,3,March,Autumn,Monday,10:00 - 11:59,Midday / afternoon,False,False,True,True
1345784,Injury,Moderate Injury,2024,2024,March,Tuesday,06:00 - 07:59,KENYONS,RD,0,Right on the spot,RUPERT,ST,MERRYLANDS WEST,,No,Not a school zone,X-intersection,-33.835952,150.974302,Cumberland,Sydney metro. area,Syd-Newc-Woll Gtr conurbation,Straight,,,,Off,Sealed,Dry,Fine,Daylight,Nil,Give way sign,50 km/h,Local,21,Right through,202,Opp - Right-thru,,Other angle,4 wheel drive / SUV,Motorcycle,2,0,0,1,0,3,March,Autumn,Tuesday,06:00 - 07:59,AM peak / school commute,True,False,True,True
1345786,Injury,Minor/Other Injury,2024,2024,February,Saturday,16:00 - 17:59,WANSBECK VALLEY,RD,50,North,BROOKS,AVE,CARDIFF,,No,Not a school zone,2-way undivided,-32.938402,151.663847,Lake Macquarie,Newcastle met. area,Syd-Newc-Woll Gtr conurbation,Straight,Driveway/entrance,,,Off,Sealed,Dry,Fine,Daylight,Nil,No traffic controls,50 km/h,Local,49,Other manoeuvring,400,Manov - other,,Other angle,Light truck utility(from 2018),Car (sedan/hatch),2,0,0,0,1,2,February,Summer,Saturday,16:00 - 17:59,PM peak / evening commute,True,False,True,True
1345792,Injury,Serious Injury,2024,2024,February,Wednesday,16:00 - 17:59,KOOLA,AVE,20,West,REDFIELD,RD,EAST KILLARA,,No,Not a school zone,2-way undivided,-33.750546,151.182328,Ku-ring-gai,Sydney metro. area,Syd-Newc-Woll Gtr conurbation,Curved,Steep grade,,,Off,Sealed,Dry,Fine,Dusk,Nil,No traffic controls,50 km/h,Local,81,Off left/rt bnd=>obj,803,Off right bend into obj,Left,Vehicle - Object,Car (sedan/hatch),,1,0,1,1,0,2,February,Summer,Wednesday,16:00 - 17:59,PM peak / evening commute,True,False,True,True
1345797,Injury,Serious Injury,2024,2024,February,Wednesday,16:00 - 17:59,THE BOULEVARDE,MS,0,Right on the spot,COOK,ST,TORONTO,220.0,No,Not a school zone,X-intersection,-33.012766,151.589766,Lake Macquarie,Newcastle met. area,Syd-Newc-Woll Gtr conurbation,Straight,,,,On,Sealed,Wet,Raining,Daylight,On,No traffic controls,60 km/h,State,21,Right through,202,Opp - Right-thru,,Other angle,4 wheel drive / SUV,Large rigid,2,0,1,0,0,2,February,Summer,Wednesday,16:00 - 17:59,PM peak / evening commute,True,False,True,True
1345800,Injury,Moderate Injury,2024,2024,January,Sunday,18:00 - 19:59,CANTERBURY,RD,50,West,HALDON,ST,ROSELANDS,167.0,No,Not a school zone,2-way undivided,-33.927208,151.080815,Canterbury-Bankstown,Sydney metro. area,Syd-Newc-Woll Gtr conurbation,Straight,,,,Nil,Sealed,Dry,Fine,Daylight,Nil,No traffic controls,60 km/h,State,35,Lane change left,307,Same - Lane change left,,Other angle,4 wheel drive / SUV,Motorcycle,2,0,0,1,0,1,January,Summer,Sunday,18:00 - 19:59,PM peak / evening commute,True,False,True,True
1345802,Injury,Moderate Injury,2024,2024,February,Friday,12:00 - 13:59,WINDSOR,RD,0,Right on the spot,ANNANGROVE,RD,ROUSE HILL,184.0,No,Not a school zone,X-intersection,-33.674815,150.910907,The Hills,Sydney metro. area,Syd-Newc-Woll Gtr conurbation,Straight,,,,Off,Sealed,Dry,Fine,Daylight,On,No traffic controls,80 km/h,State,21,Right through,202,Opp - Right-thru,,Other angle,Light truck utility(from 2018),Light truck utility(from 2018),2,0,0,1,0,2,February,Summer,Friday,12:00 - 13:59,Midday / afternoon,False,False,True,True
1345803,Injury,Moderate Injury,2024,2024,February,Thursday,08:00 - 09:59,ARCADIA,ST,0,Right on the spot,CLARENCE,ST,PENSHURST,,No,Not a school zone,X-intersection,-33.959805,151.085689,Georges River,Sydney metro. area,Syd-Newc-Woll Gtr conurbation,Straight,,,,Nil,Sealed,Wet,Raining,Daylight,Nil,Stop sign,50 km/h,Local,10,Cross traffic,101,Adj - Cross traffic,,Right angle,4 wheel drive / SUV,Station wagon,2,0,0,1,0,2,February,Summer,Thursday,08:00 - 09:59,AM peak / school commute,True,False,True,True
1345807,Injury,Minor/Other Injury,2024,2024,January,Thursday,16:00 - 17:59,OCEAN ST,ST,35,North,WATERLOO,ST,NARRABEEN,,Yes,No,2-way undivided,-33.713265,151.300014,Northern Beaches,Sydney metro. area,Syd-Newc-Woll Gtr conurbation,Straight,Driveway/entrance,,,Off,Sealed,Dry,Fine,Daylight,Nil,No traffic controls,50 km/h,Local,7,Driveway,7,Ped - driveway,,Vehicle - Pedestrian,4 wheel drive / SUV,Pedestrian,2,0,0,0,1,1,January,Summer,Thursday,16:00 - 17:59,PM peak / evening commute,True,False,True,True
1345810,Injury,Moderate Injury,2024,2024,March,Thursday,08:00 - 09:59,VICTORIA,ST,0,Right on the spot,FLORENCE,ST,TAREE,7776.0,No,Not a school zone,X-intersection,-31.910485,152.465774,Mid-Coast,Country urban,Rest of NSW - Urban,Straight,,,,Off,Sealed,Dry,Fine,Daylight,Nil,Give way sign,60 km/h,Regional,21,Right through,202,Opp - Right-thru,,Other angle,Car (sedan/hatch),Car (sedan/hatch),2,0,0,1,0,3,March,Autumn,Thursday,08:00 - 09:59,AM peak / school commute,True,False,True,True
1345817,Injury,Moderate Injury,2024,2024,February,Friday,16:00 - 17:59,CANTERBURY,RD,0,Right on the spot,HARROW,RD,GLENFIELD,680.0,No,Not a school zone,T-junction,-33.970229,150.900114,Campbelltown,Sydney metro. area,Syd-Newc-Woll Gtr conurbation,Straight,,,,Off,Sealed,Dry,Fine,Daylight,Nil,Give way sign,60 km/h,State,11,Right far,102,Adj - Right-thru from left,,Right angle,Car (sedan/hatch),4 wheel drive / SUV,2,0,0,1,0,2,February,Summer,Friday,16:00 - 17:59,PM peak / evening commute,True,False,True,True
1345819,Injury,Moderate Injury,2024,2024,February,Thursday,20:00 - 21:59,PACIFIC,HWY,0,Right on the spot,WALKER,ST,NORTH SYDNEY,10.0,No,Not a school zone,X-intersection,-33.840537,151.208525,North Sydney,Sydney metro. area,Syd-Newc-Woll Gtr conurbation,Straight,,,,On,Sealed,Dry,Fine,Dusk,On,Ped crossing,60 km/h,State,2,Ped far side,3,Ped - Far side,,Vehicle - Pedestrian,Car (sedan/hatch),Pedestrian,2,0,0,1,0,2,February,Summer,Thursday,20:00 - 21:59,Evening / night,False,False,True,True
1345823,Injury,Moderate Injury,2024,2024,February,Thursday,20:00 - 21:59,LAKE,RD,300,North,MAIN,RD,BOOLAROO,217.0,No,Not a school zone,2-way undivided,-32.942499,151.624497,Lake Macquarie,Newcastle met. area,Syd-Newc-Woll Gtr conurbation,Straight,Painted double centre lines,,,On,Sealed,Wet,Raining,Darkness,Nil,No traffic controls,60 km/h,State,20,Head on,201,Opp - Head on,,Head-on,Car (sedan/hatch),Car (sedan/hatch),2,0,0,1,0,2,February,Summer,Thursday,20:00 - 21:59,Evening / night,False,False,True,True
1345824,Injury,Moderate Injury,2024,2024,February,Friday,06:00 - 07:59,ANZAC,PDE,100,North,MURRAY,ST,MAROUBRA,661.0,No,Not a school zone,Divided road,-33.949906,151.241022,Randwick,Sydney metro. area,Syd-Newc-Woll Gtr conurbation,Straight,Driveway/entrance,,,Off,Sealed,Wet,Fine,Daylight,Nil,No traffic controls,60 km/h,State,37,Left turn sideswipe,309,Same - Left turn side swipe,,Other angle,Car (sedan/hatch),Pedal cycle,2,0,0,1,0,2,February,Summer,Friday,06:00 - 07:59,AM peak / school commute,True,False,True,True
1345831,Injury,Serious Injury,2024,2024,January,Thursday,20:00 - 21:59,HOLLINGSHED,ST,20,South,NUMBER 46,HN,GRETA,,No,Not a school zone,2-way undivided,-32.669817,151.391311,Cessnock,Country urban,Rest of NSW - Urban,Straight,,,,Nil,Sealed,Dry,Fine,Darkness,Nil,No traffic controls,60 km/h,Local,74,On road-out of cont.,705,Out of control on cway,,Rollover,Motorcycle,,1,0,1,0,0,1,January,Summer,Thursday,20:00 - 21:59,Evening / night,False,False,True,True
1345833,Injury,Moderate Injury,2024,2024,February,Sunday,12:00 - 13:59,POLDING,ST,0,Right on the spot,CUMBERLAND,HWY,SMITHFIELD,7222.0,No,Not a school zone,Roundabout,-33.860453,150.9279,Fairfield,Sydney metro. area,Syd-Newc-Woll Gtr conurbation,Straight,Underpass/tunnel,,,Off,Sealed,Dry,Fine,Daylight,Nil,Give way sign,60 km/h,Regional,10,Cross traffic,101,Adj - Cross traffic,,Right angle,4 wheel drive / SUV,Car (sedan/hatch),3,0,0,1,0,2,February,Summer,Sunday,12:00 - 13:59,Midday / afternoon,False,False,True,True
1345835,Injury,Minor/Other Injury,2024,2024,March,Wednesday,16:00 - 17:59,CUMBERLAND,HWY,10,West,COLEMAN,AVE,CARLINGFORD,13.0,No,Not a school zone,X-intersection,-33.783025,151.047453,Parramatta,Sydney metro. area,Syd-Newc-Woll Gtr conurbation,Straight,,,,Nil,Sealed,Dry,Fine,Daylight,On,No traffic controls,60 km/h,State,30,Rear end,301,Same - Rear end,,Rear end,Car (sedan/hatch),Light truck utility(from 2018),2,0,0,0,2,3,March,Autumn,Wednesday,16:00 - 17:59,PM peak / evening commute,True,False,True,True
1345838,Injury,Moderate Injury,2024,2024,February,Wednesday,04:00 - 05:59,PITTWATER,RD,30,South,FEDERAL,PDE,BROOKVALE,164.0,No,Not a school zone,Divided road,-33.760038,151.278369,Northern Beaches,Sydney metro. area,Syd-Newc-Woll Gtr conurbation,Straight,Foot/cycle path/nature strip,,,On,Sealed,Wet,Fine,Dawn,Nil,No traffic controls,60 km/h,State,71,Off rd left => obj,703,Left off cway into object,,Vehicle - Object,Motorcycle,,1,0,0,1,0,2,February,Summer,Wednesday,04:00 - 05:59,Late night / early morning,False,False,True,True
1345839,Injury,Serious Injury,2024,2024,February,Friday,16:00 - 17:59,GREAT WESTERN,HWY,0,Right on the spot,PALACE,ST,PETERSHAM,5.0,Yes,No,T-junction,-33.888877,151.154411,Inner West,Sydney metro. area,Syd-Newc-Woll Gtr conurbation,Straight,,,,Off,Sealed,Dry,Fine,Daylight,Nil,No traffic controls,60 km/h,State,71,Off rd left => obj,703,Left off cway into object,,Vehicle - Object,4 wheel drive / SUV,,2,0,1,0,0,2,February,Summer,Friday,16:00 - 17:59,PM peak / evening commute,True,False,True,True
1345843,Injury,Moderate Injury,2024,2024,February,Thursday,06:00 - 07:59,BULL RIDGE,RD,0,Right on the spot,WEST PORTLAND,RD,EAST KURRAJONG,,No,Not a school zone,T-junction,-33.503296,150.863168,Hawkesbury,Country urban,Syd-Newc-Woll Gtr conurbation,Curved,,,Slippery surface,Nil,Sealed,Wet,Raining,Daylight,Nil,No traffic controls,70 km/h,Local,10,Cross traffic,101,Adj - Cross traffic,,Right angle,Light truck utility(from 2018),Other bus,2,0,0,1,0,2,February,Summer,Thursday,06:00 - 07:59,AM peak / school commute,True,False,True,True
1345844,Injury,Serious Injury,2024,2024,February,Wednesday,14:00 - 15:59,PRINCES,HWY,0,Right on the spot,STATION,ST,WOLLONGONG,1.0,No,Not a school zone,T-junction,-34.425617,150.889955,Wollongong,Wollongong met. area,Syd-Newc-Woll Gtr conurbation,Straight,,,,Off,Sealed,Dry,Fine,Daylight,On,No traffic controls,50 km/h,State,2,Ped far side,3,Ped - Far side,,Vehicle - Pedestrian,Light truck,Ped in toy vehicle,2,0,1,0,0,2,February,Summer,Wednesday,14:00 - 15:59,Midday / afternoon,False,False,True,True
1345846,Injury,Serious Injury,2024,2024,February,Wednesday,14:00 - 15:59,KENWARD,AVE,10,West,BYLOSS,ST,CHESTER HILL,,Yes,Yes,T-junction,-33.874721,150.997068,Canterbury-Bankstown,Sydney metro. area,Syd-Newc-Woll Gtr conurbation,Straight,,,,Nil,Sealed,Dry,Fine,Daylight,Nil,No traffic controls,40 km/h,Local,0,Ped nearside,1,Ped - Near side,,Vehicle - Pedestrian,4 wheel drive / SUV,Pedestrian,2,0,1,0,0,2,February,Summer,Wednesday,14:00 - 15:59,Midday / afternoon,False,False,True,True
1345850,Injury,Moderate Injury,2024,2024,February,Tuesday,12:00 - 13:59,COMBINE,ST,0,Right on the spot,ELIZABETH,ST,COFFS HARBOUR,,No,Not a school zone,X-intersection,-30.300661,153.110045,Coffs Harbour,Country urban,Rest of NSW - Urban,Straight,,,,Nil,Sealed,Dry,Fine,Daylight,Nil,No traffic controls,50 km/h,Local,21,Right through,202,Opp - Right-thru,,Other angle,Car (sedan/hatch),Car (sedan/hatch),3,0,0,1,0,2,February,Summer,Tuesday,12:00 - 13:59,Midday / afternoon,False,False,True,True
1345853,Injury,Moderate Injury,2024,2024,February,Friday,16:00 - 17:59,BOUNDARY,ST,10,West,ARCHER,ST,ROSEVILLE,328.0,No,Not a school zone,T-junction,-33.786809,151.181281,Willoughby,Sydney metro. area,Syd-Newc-Woll Gtr conurbation,Straight,Steep grade,,,Nil,Sealed,Dry,Fine,Daylight,On,No traffic controls,60 km/h,State,30,Rear end,301,Same - Rear end,,Rear end,Large rigid,Car (sedan/hatch),6,0,0,1,1,2,February,Summer,Friday,16:00 - 17:59,PM peak / evening commute,True,False,True,True
1345869,Injury,Moderate Injury,2024,2024,February,Saturday,10:00 - 11:59,NUWARRA,RD,0,Right on the spot,NUMBER 168,HN,MOOREBANK,7269.0,No,Not a school zone,2-way undivided,-33.93936,150.952872,Liverpool,Sydney metro. area,Syd-Newc-Woll Gtr conurbation,Straight,,,,Off,Sealed,Dry,Fine,Daylight,Nil,No traffic controls,60 km/h,Regional,20,Head on,201,Opp - Head on,,Head-on,4 wheel drive / SUV,Car (sedan/hatch),2,0,0,2,0,2,February,Summer,Saturday,10:00 - 11:59,Midday / afternoon,False,False,True,True
1345877,Injury,Moderate Injury,2024,2024,February,Friday,22:00 - Midnight,SILVERWATER,RD,0,Right on the spot,HOLKER,ST,SILVERWATER,190.0,No,Not a school zone,X-intersection,-33.830176,151.049572,Parramatta,Sydney metro. area,Syd-Newc-Woll Gtr conurbation,Straight,,,,Unknown / not stated,Sealed,Dry,Fine,Darkness,On,No traffic controls,70 km/h,State,30,Rear end,301,Same - Rear end,,Rear end,Car (sedan/hatch),Light truck utility(from 2018),2,0,0,1,0,2,February,Summer,Friday,22:00 - Midnight,Evening / night,False,False,True,True
1345879,Injury,Minor/Other Injury,2024,2024,February,Monday,06:00 - 07:59,CRISPE,ST,0,Right on the spot,HARFLEUR,ST,DENILIQUIN,,No,Not a school zone,X-intersection,-35.538113,144.96462,Edward River,Country urban,Rest of NSW - Urban,Straight,,,,Unknown / not stated,Sealed,Dry,Fine,Daylight,Nil,Give way sign,50 km/h,Local,13,Right near,104,Adj - Right-thru from right,,Right angle,4 wheel drive / SUV,Light truck utility(from 2018),2,0,0,0,1,2,February,Summer,Monday,06:00 - 07:59,AM peak / school commute,True,False,True,True
1345882,Injury,Minor/Other Injury,2024,2024,March,Friday,08:00 - 09:59,ARCADIA,RD,0,Right on the spot,NUMBER 81,HN,ARCADIA,332.0,No,Not a school zone,2-way undivided,-33.632381,151.036892,Hornsby,Sydney metro. area,Syd-Newc-Woll Gtr conurbation,Curved,,,,Unknown / not stated,Sealed,Wet,Fine,Daylight,Nil,No traffic controls,60 km/h,Regional,81,Off left/rt bnd=>obj,803,Off right bend into obj,Left,Vehicle - Object,Car (sedan/hatch),,1,0,0,0,1,3,March,Autumn,Friday,08:00 - 09:59,AM peak / school commute,True,False,True,True
1345886,Injury,Minor/Other Injury,2024,2024,February,Wednesday,04:00 - 05:59,BALGOWLAH,RD,0,Right on the spot,NUMBER 177,HN,BALGOWLAH,,No,Not a school zone,2-way undivided,-33.790301,151.265999,Northern Beaches,Sydney metro. area,Syd-Newc-Woll Gtr conurbation,Straight,,,,Unknown / not stated,Sealed,Dry,Fine,Dawn,Nil,No traffic controls,50 km/h,Local,33,Lane sideswipe,305,Same - Lane side swipe,,Other angle,4 wheel drive / SUV,Light truck,2,0,0,0,1,2,February,Summer,Wednesday,04:00 - 05:59,Late night / early morning,False,False,True,True
1345893,Injury,Moderate Injury,2024,2024,March,Saturday,12:00 - 13:59,ELIZABETH,DR,0,Right on the spot,NORTH LIVERPOOL,RD,MOUNT PRITCHARD,535.0,No,Not a school zone,X-intersection,-33.907693,150.898662,Liverpool,Sydney metro. area,Syd-Newc-Woll Gtr conurbation,Straight,,,,On,Sealed,Wet,Raining,Daylight,On,No traffic controls,60 km/h,State,21,Right through,202,Opp - Right-thru,,Other angle,Light truck utility(from 2018),4 wheel drive / SUV,2,0,0,1,1,3,March,Autumn,Saturday,12:00 - 13:59,Midday / afternoon,False,False,True,True
1345895,Injury,Minor/Other Injury,2024,2024,March,Saturday,20:00 - 21:59,ELIZABETH,ST,0,Right on the spot,GOULBURN,ST,HAYMARKET,7083.0,No,Not a school zone,X-intersection,-33.878399,151.20927,Sydney,Sydney metro. area,Syd-Newc-Woll Gtr conurbation,Straight,,,,On,Sealed,Dry,Fine,Darkness,On,Ped crossing,40 km/h,Regional,10,Cross traffic,101,Adj - Cross traffic,,Right angle,Car (sedan/hatch),4 wheel drive / SUV,3,0,0,0,1,3,March,Autumn,Saturday,20:00 - 21:59,Evening / night,False,False,True,True
1345896,Injury,Moderate Injury,2024,2024,March,Monday,12:00 - 13:59,ILLAWARRA,HWY,100,East,KATER,RD,SUTTON FOREST,25.0,No,Not a school zone,2-way undivided,-34.561772,150.341897,Wingecarribee,Country urban,Rest of NSW - Urban,Straight,,,,Unknown / not stated,Sealed,Dry,Fine,Daylight,Nil,No traffic controls,80 km/h,State,30,Rear end,301,Same - Rear end,,Rear end,Station wagon,Light truck utility(from 2018),2,0,0,1,0,3,March,Autumn,Monday,12:00 - 13:59,Midday / afternoon,False,False,True,True
1345900,Injury,Minor/Other Injury,2024,2024,March,Monday,08:00 - 09:59,ELLIOTT,RD,0,Right on the spot,NUMBER 21,HN,SOUTH LISMORE,,No,Not a school zone,2-way undivided,-28.812507,153.266309,Lismore,Country urban,Rest of NSW - Urban,Straight,Driveway/entrance,,,Unknown / not stated,Sealed,Dry,Fine,Daylight,Nil,No traffic controls,50 km/h,Local,47,Emerging from drive,406,Manov - Emerging from driveway,,Right angle,Car (sedan/hatch),Motorcycle,2,0,0,0,1,3,March,Autumn,Monday,08:00 - 09:59,AM peak / school commute,True,False,True,True
1345903,Injury,Moderate Injury,2024,2024,March,Thursday,16:00 - 17:59,PITT,ST,0,Right on the spot,WALPOLE,ST,MERRYLANDS,2098.0,No,Not a school zone,T-junction,-33.830226,150.993227,Cumberland,Sydney metro. area,Syd-Newc-Woll Gtr conurbation,Straight,,,,Unknown / not stated,Sealed,Dry,Fine,Daylight,Nil,No traffic controls,60 km/h,Regional,21,Right through,202,Opp - Right-thru,,Other angle,4 wheel drive / SUV,Car (sedan/hatch),2,0,0,1,0,3,March,Autumn,Thursday,16:00 - 17:59,PM peak / evening commute,True,False,True,True
1345911,Injury,Minor/Other Injury,2024,2024,March,Sunday,04:00 - 05:59,WINDSOR,RD,0,Right on the spot,SCHOFIELDS,RD,ROUSE HILL,184.0,No,Not a school zone,X-intersection,-33.690517,150.922224,Blacktown,Sydney metro. area,Syd-Newc-Woll Gtr conurbation,Straight,,,,Unknown / not stated,Sealed,Dry,Fine,Darkness,On,No traffic controls,80 km/h,State,30,Rear end,301,Same - Rear end,,Rear end,Car (sedan/hatch),Car (sedan/hatch),2,0,0,0,2,3,March,Autumn,Sunday,04:00 - 05:59,Late night / early morning,False,False,True,True
1345916,Injury,Minor/Other Injury,2024,2024,February,Sunday,12:00 - 13:59,FRANKLIN,RD,50,North,CHAPEL,CL,CHERRYBROOK,,No,Not a school zone,2-way undivided,-33.732031,151.037,Hornsby,Sydney metro. area,Syd-Newc-Woll Gtr conurbation,Straight,Steep grade,,,Unknown / not stated,Sealed,Dry,Fine,Daylight,Nil,No traffic controls,50 km/h,Local,42,Leaving parking,401,Manov - Leaving parking,,Other angle,Car (sedan/hatch),Car (sedan/hatch),2,0,0,0,1,2,February,Summer,Sunday,12:00 - 13:59,Midday / afternoon,False,False,True,True
1345917,Injury,Minor/Other Injury,2024,2024,January,Friday,10:00 - 11:59,KING GEORGES,RD,0,Right on the spot,TOORONGA,TCE,BEVERLY HILLS,200.0,Yes,No,T-junction,-33.948862,151.080457,Georges River,Sydney metro. area,Syd-Newc-Woll Gtr conurbation,Straight,,,,Unknown / not stated,Sealed,Dry,Fine,Daylight,Off,No traffic controls,60 km/h,State,16,Left near,107,Adj - Left-thru from right,,Right angle,Car (sedan/hatch),Car (sedan/hatch),2,0,0,0,1,1,January,Summer,Friday,10:00 - 11:59,Midday / afternoon,False,False,True,True
1345926,Injury,Moderate Injury,2024,2024,March,Tuesday,06:00 - 07:59,MENANGLE,ST,0,Right on the spot,NUMBER 205,HN,PICTON,612.0,No,Not a school zone,2-way undivided,-34.17895,150.613832,Wollondilly,Country urban,Syd-Newc-Woll Gtr conurbation,Straight,Steep grade,,,Unknown / not stated,Sealed,Dry,Fine,Daylight,Nil,No traffic controls,50 km/h,State,30,Rear end,301,Same - Rear end,,Rear end,Car (sedan/hatch),Large rigid,2,0,0,1,0,3,March,Autumn,Tuesday,06:00 - 07:59,AM peak / school commute,True,False,True,True
1345927,Injury,Minor/Other Injury,2024,2024,March,Monday,08:00 - 09:59,WENTWORTH,AVE,0,Right on the spot,SUTHERLAND,ST,MASCOT,344.0,No,Not a school zone,T-junction,-33.933967,151.199251,Bayside,Sydney metro. area,Syd-Newc-Woll Gtr conurbation,Curved,,,,Unknown / not stated,Sealed,Dry,Fine,Daylight,On,No traffic controls,60 km/h,State,21,Right through,202,Opp - Right-thru,,Other angle,Car (sedan/hatch),Light truck,2,0,0,0,1,3,March,Autumn,Monday,08:00 - 09:59,AM peak / school commute,True,False,True,True
1345930,Injury,Minor/Other Injury,2024,2024,March,Tuesday,14:00 - 15:59,CUMBERLAND,HWY,1000,South,PACIFIC,HWY,NORMANHURST,13.0,Yes,Yes,Divided road,-33.723578,151.099632,Hornsby,Sydney metro. area,Syd-Newc-Woll Gtr conurbation,Straight,,,,Unknown / not stated,Sealed,Dry,Fine,Daylight,Nil,No traffic controls,40 km/h,State,34,Lane change right,306,Same - Lane change right,,Other angle,Car (sedan/hatch),Car (sedan/hatch),2,0,0,0,1,3,March,Autumn,Tuesday,14:00 - 15:59,Midday / afternoon,False,False,True,True
1345931,Injury,Moderate Injury,2024,2024,February,Thursday,16:00 - 17:59,ROCKY POINT,RD,0,Right on the spot,NELSON,ST,SANS SOUCI,199.0,No,Not a school zone,T-junction,-33.999786,151.127379,Georges River,Sydney metro. area,Syd-Newc-Woll Gtr conurbation,Straight,,,,Unknown / not stated,Sealed,Dry,Fine,Daylight,Nil,No traffic controls,70 km/h,State,21,Right through,202,Opp - Right-thru,,Other angle,Light truck utility(from 2018),Motorcycle,2,0,0,1,0,2,February,Summer,Thursday,16:00 - 17:59,PM peak / evening commute,True,False,True,True
1345932,Injury,Minor/Other Injury,2024,2024,February,Friday,18:00 - 19:59,LAMBTON,RD,0,Right on the spot,CHRISTO,RD,WARATAH,188.0,No,Not a school zone,X-intersection,-32.909519,151.717462,Newcastle,Newcastle met. area,Syd-Newc-Woll Gtr conurbation,Straight,Steep grade,,,Unknown / not stated,Sealed,Wet,Raining,Daylight,Nil,Stop sign,60 km/h,Regional,87,Off lft/lft bnd=>obj,706,Left turn,Left,Vehicle - Object,Light truck utility(from 2018),,1,0,0,0,1,2,February,Summer,Friday,18:00 - 19:59,PM peak / evening commute,True,False,True,True
1345934,Injury,Moderate Injury,2024,2024,March,Tuesday,14:00 - 15:59,DEWDNEY,RD,0,Right on the spot,NEPEAN,ST,EMU PLAINS,,No,Not a school zone,T-junction,-33.753976,150.665371,Penrith,Sydney metro. area,Syd-Newc-Woll Gtr conurbation,Straight,,,,Unknown / not stated,Sealed,Dry,Fine,Daylight,Nil,Give way sign,50 km/h,Local,20,Head on,201,Opp - Head on,,Head-on,4 wheel drive / SUV,4 wheel drive / SUV,2,0,0,1,0,3,March,Autumn,Tuesday,14:00 - 15:59,Midday / afternoon,False,False,True,True