crash_id,degree_of_crash,degree_of_crash_-_detailed,reporting_year,year_of_crash,month_of_crash,day_of_week_of_crash,two-hour_intervals,street_of_crash,street_type,distance,direction,identifying_feature,identifying_feature_type,town,route_no.,school_zone_location,school_zone_active,type_of_location,latitude,longitude,lga,urbanisation,conurbation_1,alignment,primary_permanent_feature,primary_temporary_feature,primary_hazardous_feature,street_lighting,road_surface,surface_condition,weather,natural_lighting,signals_operation,other_traffic_control,speed_limit,road_classification_(admin),rum_-_code,rum_-_description,dca_-_code,dca_-_description,dca_supplement,first_impact_type,key_tu_type,other_tu_type,no._of_traffic_units_involved,no._killed,no._seriously_injured,no._moderately_injured,no._minor-other_injured,month_num,month_label,season,day_label,time_label,time_band,is_peak_commute,is_fatal,is_injury,is_casualty
1345935,Injury,Serious Injury,2024,2024,March,Sunday,14:00 - 15:59,BANKS,RD,0,Right on the spot,RUNDLE,RD,HINCHINBROOK,,No,Not a school zone,X-intersection,-33.910862,150.875157,Liverpool,Sydney metro. area,Syd-Newc-Woll Gtr conurbation,Straight,,,,Unknown / not stated,Sealed,Dry,Fine,Daylight,On,No traffic controls,50 km/h,Local,21,Right through,202,Opp - Right-thru,,Other angle,Car (sedan/hatch),4 wheel drive / SUV,2,0,2,0,0,3,March,Autumn,Sunday,14:00 - 15:59,Midday / afternoon,False,False,True,True
1345936,Injury,Moderate Injury,2024,2024,March,Friday,08:00 - 09:59,OXFORD,ST,50,South,CHESTER,ST,EPPING,,No,Not a school zone,2-way undivided,-33.769632,151.083652,Parramatta,Sydney metro. area,Syd-Newc-Woll Gtr conurbation,Straight,,,,Unknown / not stated,Sealed,Dry,Fine,Daylight,Nil,No traffic controls,50 km/h,Local,63,Vehicle door,604,On path - Vehicle door,,Other angle,Pedal cycle,Station wagon,2,0,0,1,0,3,March,Autumn,Friday,08:00 - 09:59,AM peak / school commute,True,False,True,True
1345937,Injury,Moderate Injury,2024,2024,February,Monday,10:00 - 11:59,CLARINDA,ST,0,Right on the spot,WATTLE,ST,PARKES,61.0,No,Not a school zone,T-junction,-33.142513,148.187522,Parkes,Country urban,Rest of NSW - Urban,Straight,,,,Unknown / not stated,Sealed,Dry,Fine,Daylight,Nil,Give way sign,50 km/h,State,42,Leaving parking,401,Manov - Leaving parking,,Other angle,4 wheel drive / SUV,4 wheel drive / SUV,2,0,0,1,0,2,February,Summer,Monday,10:00 - 11:59,Midday / afternoon,False,False,True,True
1345941,Injury,Minor/Other Injury,2024,2024,February,Monday,14:00 - 15:59,NORWEST,BVD,0,Right on the spot,RESTON GRANGE,MS,BELLA VISTA,690.0,No,Not a school zone,Roundabout,-33.736734,150.96083,The Hills,Sydney metro. area,Syd-Newc-Woll Gtr conurbation,Curved,Steep grade,,,Unknown / not stated,Sealed,Dry,Fine,Daylight,Nil,Give way sign,70 km/h,State,30,Rear end,301,Same - Rear end,,Rear end,4 wheel drive / SUV,4 wheel drive / SUV,2,0,0,0,1,2,February,Summer,Monday,14:00 - 15:59,Midday / afternoon,False,False,True,True
1345944,Injury,Minor/Other Injury,2024,2024,March,Friday,06:00 - 07:59,CENTENARY,DR,300,South,ARTHUR,ST,STRATHFIELD,200.0,No,Not a school zone,Divided road,-33.870487,151.064638,Strathfield,Sydney metro. area,Syd-Newc-Woll Gtr conurbation,Straight,,,,Unknown / not stated,Sealed,Dry,Fine,Daylight,Nil,No traffic controls,80 km/h,State,30,Rear end,301,Same - Rear end,,Rear end,Large rigid,Car (sedan/hatch),3,0,0,0,2,3,March,Autumn,Friday,06:00 - 07:59,AM peak / school commute,True,False,True,True
1345946,Injury,Moderate Injury,2024,2024,February,Monday,14:00 - 15:59,ELIZABETH,ST,0,Right on the spot,BALFOUR,ST,ALLAWAH,7004.0,No,Not a school zone,T-junction,-33.97276,151.118026,Georges River,Sydney metro. area,Syd-Newc-Woll Gtr conurbation,Curved,,,,Unknown / not stated,Sealed,Dry,Overcast,Daylight,Nil,Give way sign,60 km/h,Regional,39,Other same direction,300,Same - other,,Other angle,4 wheel drive / SUV,Car (sedan/hatch),2,0,0,1,0,2,February,Summer,Monday,14:00 - 15:59,Midday / afternoon,False,False,True,True
1345951,Injury,Minor/Other Injury,2024,2024,March,Saturday,12:00 - 13:59,CLIFF,RD,0,Right on the spot,KENT,ST,EPPING,,No,Not a school zone,X-intersection,-33.771143,151.07537,Parramatta,Sydney metro. area,Syd-Newc-Woll Gtr conurbation,Straight,,,,Unknown / not stated,Sealed,Wet,Raining,Daylight,Nil,Stop sign,50 km/h,Local,14,2 right turning,105,Adj - Two right turning,,Right angle,Motor scooter,4 wheel drive / SUV,2,0,0,0,1,3,March,Autumn,Saturday,12:00 - 13:59,Midday / afternoon,False,False,True,True
1345953,Injury,Moderate Injury,2024,2024,January,Thursday,16:00 - 17:59,WOODVILLE,RD,0,Right on the spot,RAWSON,RD,GUILDFORD,640.0,No,Not a school zone,T-junction,-33.86109,150.992988,Cumberland,Sydney metro. area,Syd-Newc-Woll Gtr conurbation,Straight,,,,Unknown / not stated,Sealed,Dry,Fine,Daylight,On,No traffic controls,70 km/h,State,30,Rear end,301,Same - Rear end,,Rear end,Car (sedan/hatch),4 wheel drive / SUV,2,0,0,1,0,1,January,Summer,Thursday,16:00 - 17:59,PM peak / evening commute,True,False,True,True
1345954,Injury,Moderate Injury,2024,2024,January,Sunday,12:00 - 13:59,CULLENBENBONG,RD,800,West,CLEN CHEE,RD,GANBENANG,,No,Not a school zone,2-way undivided,-33.706172,150.151667,Lithgow,Country non-urban,Rest of NSW - Rural,Curved,,,,Unknown / not stated,Unsealed,Dry,Fine,Daylight,Nil,No traffic controls,100 km/h,Local,30,Rear end,301,Same - Rear end,,Rear end,Car (sedan/hatch),4 wheel drive / SUV,2,0,0,1,0,1,January,Summer,Sunday,12:00 - 13:59,Midday / afternoon,False,False,True,True
1345957,Injury,Minor/Other Injury,2024,2024,February,Saturday,18:00 - 19:59,STONEY CREEK,RD,0,Right on the spot,NUMBER 38,HN,BEXLEY,665.0,No,Not a school zone,2-way undivided,-33.94986,151.123756,Bayside,Sydney metro. area,Syd-Newc-Woll Gtr conurbation,Straight,Driveway/entrance,,,Unknown / not stated,Sealed,Dry,Fine,Unknown,Nil,No traffic controls,60 km/h,State,47,Emerging from drive,406,Manov - Emerging from driveway,,Right angle,4 wheel drive / SUV,Motorcycle,2,0,0,0,1,2,February,Summer,Saturday,18:00 - 19:59,PM peak / evening commute,True,False,True,True
1345960,Injury,Minor/Other Injury,2024,2024,March,Monday,10:00 - 11:59,GREAT WESTERN,HWY,0,Right on the spot,BLACKTOWN,RD,PROSPECT,5.0,No,Not a school zone,X-intersection,-33.805033,150.927543,Blacktown,Sydney metro. area,Syd-Newc-Woll Gtr conurbation,Straight,,,,Unknown / not stated,Sealed,Dry,Fine,Daylight,On,No traffic controls,80 km/h,State,10,Cross traffic,101,Adj - Cross traffic,,Right angle,Car (sedan/hatch),4 wheel drive / SUV,2,0,0,0,1,3,March,Autumn,Monday,10:00 - 11:59,Midday / afternoon,False,False,True,True
1345962,Injury,Serious Injury,2024,2024,February,Wednesday,18:00 - 19:59,LEXINGTON,PDE,0,Right on the spot,PARK,AVE,KOTARA,,No,Not a school zone,T-junction,-32.940741,151.70912,Newcastle,Newcastle met. area,Syd-Newc-Woll Gtr conurbation,Straight,,,,Off,Sealed,Wet,Raining,Daylight,On,No traffic controls,60 km/h,Local,30,Rear end,301,Same - Rear end,,Rear end,Car (sedan/hatch),Car (sedan/hatch),2,0,1,0,0,2,February,Summer,Wednesday,18:00 - 19:59,PM peak / evening commute,True,False,True,True
1345968,Injury,Minor/Other Injury,2024,2024,February,Saturday,14:00 - 15:59,SUNNYHOLT,RD,100,North,SORRENTO,DR,PARKLEA,642.0,No,Not a school zone,Divided road,-33.727722,150.924498,Blacktown,Sydney metro. area,Syd-Newc-Woll Gtr conurbation,Straight,,,,Unknown / not stated,Sealed,Dry,Fine,Daylight,Nil,No traffic controls,70 km/h,State,30,Rear end,301,Same - Rear end,,Rear end,Car (sedan/hatch),4 wheel drive / SUV,3,0,0,0,1,2,February,Summer,Saturday,14:00 - 15:59,Midday / afternoon,False,False,True,True
1345971,Injury,Minor/Other Injury,2024,2024,March,Tuesday,12:00 - 13:59,MARSDEN,RD,200,South,LAWSON,ST,DUNDAS VALLEY,158.0,No,Not a school zone,2-way undivided,-33.795452,151.06505,Parramatta,Sydney metro. area,Syd-Newc-Woll Gtr conurbation,Curved,,,,Unknown / not stated,Sealed,Dry,Fine,Daylight,Nil,No traffic controls,60 km/h,State,30,Rear end,301,Same - Rear end,,Rear end,4 wheel drive / SUV,Light truck utility(from 2018),2,0,0,0,2,3,March,Autumn,Tuesday,12:00 - 13:59,Midday / afternoon,False,False,True,True
1345975,Injury,Minor/Other Injury,2024,2024,March,Saturday,08:00 - 09:59,OLD PACIFIC,HWY,200,North,OLD TUGGERAH,RD,KANGY ANGY,,No,Not a school zone,2-way undivided,-33.3215,151.398422,Central Coast,Country urban,Syd-Newc-Woll Gtr conurbation,Curved,Painted double centre lines,,,Unknown / not stated,Sealed,Dry,Overcast,Daylight,Nil,No traffic controls,60 km/h,Local,20,Head on,201,Opp - Head on,,Head-on,4 wheel drive / SUV,Light truck,2,0,0,0,1,3,March,Autumn,Saturday,08:00 - 09:59,AM peak / school commute,True,False,True,True
1345976,Injury,Moderate Injury,2024,2024,February,Saturday,06:00 - 07:59,THE BOULEVARDE,MS,0,Right on the spot,NUMBER 177,HN,MIRANDA,2075.0,No,Not a school zone,2-way undivided,-34.030547,151.110046,Sutherland,Sydney metro. area,Syd-Newc-Woll Gtr conurbation,Straight,,,,Unknown / not stated,Sealed,Dry,Fine,Dawn,Nil,No traffic controls,60 km/h,Regional,71,Off rd left => obj,703,Left off cway into object,,Other angle,Light truck utility(from 2018),4 wheel drive / SUV,2,0,0,1,0,2,February,Summer,Saturday,06:00 - 07:59,AM peak / school commute,True,False,True,True
1345977,Injury,Moderate Injury,2024,2024,March,Friday,08:00 - 09:59,PACIFIC,HWY,150,West,PARSONS,RD,LISAROW,10.0,No,Not a school zone,Divided road,-33.385044,151.364746,Central Coast,Country urban,Syd-Newc-Woll Gtr conurbation,Straight,,,,Unknown / not stated,Sealed,Dry,Fine,Daylight,Nil,No traffic controls,60 km/h,State,0,Ped nearside,1,Ped - Near side,,Vehicle - Pedestrian,Car (sedan/hatch),Pedestrian,2,0,0,1,0,3,March,Autumn,Friday,08:00 - 09:59,AM peak / school commute,True,False,True,True
1345978,Injury,Serious Injury,2024,2024,March,Friday,08:00 - 09:59,GENERAL HOLMES,DR,10,South,ROSS SMITH,AVE,MASCOT,194.0,No,Not a school zone,X-intersection,-33.933847,151.192162,Bayside,Sydney metro. area,Syd-Newc-Woll Gtr conurbation,Straight,Foot/cycle path/nature strip,,,Unknown / not stated,Sealed,Dry,Fine,Daylight,On,No traffic controls,70 km/h,State,71,Off rd left => obj,703,Left off cway into object,,Vehicle - Object,Motorcycle,,1,0,1,0,0,3,March,Autumn,Friday,08:00 - 09:59,AM peak / school commute,True,False,True,True
1345979,Injury,Moderate Injury,2024,2024,March,Sunday,00:01 - 01:59,LIAMENA,AVE,0,Right on the spot,NUMBER 71,HN,SAN REMO,,No,Not a school zone,2-way undivided,-33.217973,151.518865,Central Coast,Country urban,Syd-Newc-Woll Gtr conurbation,Straight,Driveway/entrance,,,Unknown / not stated,Sealed,Dry,Fine,Darkness,Nil,No traffic controls,50 km/h,Local,47,Emerging from drive,406,Manov - Emerging from driveway,,Right angle,4 wheel drive / SUV,Car (sedan/hatch),2,0,0,1,0,3,March,Autumn,Sunday,00:01 - 01:59,Late night / early morning,False,False,True,True
1345981,Injury,Minor/Other Injury,2024,2024,March,Thursday,10:00 - 11:59,KEIRA,ST,0,Right on the spot,NUMBER 302,HN,WOLLONGONG,,No,Not a school zone,2-way undivided,-34.430712,150.892573,Wollongong,Wollongong met. area,Syd-Newc-Woll Gtr conurbation,Straight,Driveway/entrance,,,Unknown / not stated,Sealed,Dry,Fine,Daylight,Nil,No traffic controls,50 km/h,Local,21,Right through,202,Opp - Right-thru,,Other angle,Car (sedan/hatch),4 wheel drive / SUV,3,0,0,0,1,3,March,Autumn,Thursday,10:00 - 11:59,Midday / afternoon,False,False,True,True
1345982,Injury,Minor/Other Injury,2024,2024,March,Sunday,08:00 - 09:59,FRENCHS,RD,0,Right on the spot,HIGH,ST,WILLOUGHBY,,No,Not a school zone,X-intersection,-33.807705,151.203663,Willoughby,Sydney metro. area,Syd-Newc-Woll Gtr conurbation,Straight,,,,Unknown / not stated,Sealed,Dry,Fine,Daylight,Nil,Stop sign,50 km/h,Local,45,Reversing,404,Manov - Reverse in traffic,,Other angle,Light truck utility(from 2018),Car (sedan/hatch),2,0,0,0,1,3,March,Autumn,Sunday,08:00 - 09:59,AM peak / school commute,True,False,True,True
1345986,Injury,Moderate Injury,2024,2024,February,Wednesday,10:00 - 11:59,BARRENJOEY,RD,195,South,PALM BEACH,RD,PALM BEACH,164.0,No,Not a school zone,2-way undivided,-33.59642,151.320347,Northern Beaches,Sydney metro. area,Syd-Newc-Woll Gtr conurbation,Straight,Spd hump/slow pt/chc,,,Unknown / not stated,Sealed,Dry,Fine,Daylight,Nil,Ped crossing,40 km/h,State,90,Fell in/from vehicle,901,Fell in/from vehicle,,Person - Object,Other bus,,1,0,0,1,0,2,February,Summer,Wednesday,10:00 - 11:59,Midday / afternoon,False,False,True,True
1345991,Injury,Minor/Other Injury,2024,2024,February,Wednesday,04:00 - 05:59,THE GRAND,PDE,0,Right on the spot,O'NEILL,ST,BRIGHTON-LE-SANDS,194.0,No,Not a school zone,T-junction,-33.965842,151.154173,Bayside,Sydney metro. area,Syd-Newc-Woll Gtr conurbation,Straight,,,,Unknown / not stated,Sealed,Wet,Raining,Dawn,Nil,No traffic controls,60 km/h,State,30,Rear end,301,Same - Rear end,,Rear end,4 wheel drive / SUV,Car (sedan/hatch),3,0,0,0,1,2,February,Summer,Wednesday,04:00 - 05:59,Late night / early morning,False,False,True,True
1345993,Injury,Moderate Injury,2024,2024,February,Tuesday,16:00 - 17:59,VICTORIA,RD,30,South,CAMBRIDGE,ST,GLADESVILLE,165.0,No,Not a school zone,Divided road,-33.826933,151.126352,Ryde,Sydney metro. area,Syd-Newc-Woll Gtr conurbation,Straight,,,,Off,Sealed,Dry,Fine,Daylight,Nil,No traffic controls,60 km/h,State,30,Rear end,301,Same - Rear end,,Rear end,4 wheel drive / SUV,Car (sedan/hatch),2,0,0,1,0,2,February,Summer,Tuesday,16:00 - 17:59,PM peak / evening commute,True,False,True,True
1345994,Injury,Minor/Other Injury,2024,2024,February,Tuesday,08:00 - 09:59,ARINA,RD,0,Right on the spot,NUMBER 535,HN,BARGO,,No,Not a school zone,2-way undivided,-34.296987,150.611367,Wollondilly,Country urban,Syd-Newc-Woll Gtr conurbation,Curved,Ditch/drain/culvert,,,Unknown / not stated,Sealed,Dry,Overcast,Daylight,Nil,No traffic controls,80 km/h,Local,87,Off lft/lft bnd=>obj,804,Off left bend into obj,Left,Vehicle - Object,Car (sedan/hatch),,1,0,0,0,1,2,February,Summer,Tuesday,08:00 - 09:59,AM peak / school commute,True,False,True,True
1345995,Injury,Moderate Injury,2024,2024,March,Tuesday,16:00 - 17:59,MILLS,ST,400,South,BAYVIEW,ST,WARNERS BAY,,No,Not a school zone,2-way undivided,-32.979314,151.653269,Lake Macquarie,Newcastle met. area,Syd-Newc-Woll Gtr conurbation,Straight,Driveway/entrance,,,Unknown / not stated,Sealed,Dry,Fine,Daylight,Nil,No traffic controls,50 km/h,Local,21,Right through,202,Opp - Right-thru,,Other angle,Car (sedan/hatch),Light truck utility(from 2018),2,0,0,1,0,3,March,Autumn,Tuesday,16:00 - 17:59,PM peak / evening commute,True,False,True,True
1345997,Injury,Moderate Injury,2024,2024,March,Saturday,12:00 - 13:59,BENJAMIN LEE,DR,0,Right on the spot,NUMBER 45,HN,RAYMOND TERRACE,,No,Not a school zone,2-way undivided,-32.760206,151.778647,Port Stephens,Country urban,Rest of NSW - Urban,Straight,Painted double centre lines,,,Unknown / not stated,Sealed,Dry,Fine,Daylight,Nil,No traffic controls,50 km/h,Local,40,U turn,304,Same - U-turn,,Other angle,Car (sedan/hatch),Car (sedan/hatch),2,0,0,2,0,3,March,Autumn,Saturday,12:00 - 13:59,Midday / afternoon,False,False,True,True
1345999,Injury,Moderate Injury,2024,2024,March,Sunday,10:00 - 11:59,ANZAC,PDE,0,Right on the spot,FORREST,ST,CHIFLEY,2074.0,No,Not a school zone,T-junction,-33.9698,151.241551,Randwick,Sydney metro. area,Syd-Newc-Woll Gtr conurbation,Curved,,,,Nil,Sealed,Dry,Fine,Daylight,Nil,Stop sign,60 km/h,Regional,10,Cross traffic,101,Adj - Cross traffic,,Right angle,Car (sedan/hatch),Pedal cycle,2,0,0,1,0,3,March,Autumn,Sunday,10:00 - 11:59,Midday / afternoon,False,False,True,True
1346000,Injury,Moderate Injury,2024,2024,February,Sunday,08:00 - 09:59,MACQUARIE,RD,0,Right on the spot,NUMBER 14,HN,EARLWOOD,,No,Not a school zone,2-way undivided,-33.92234,151.134757,Canterbury-Bankstown,Sydney metro. area,Syd-Newc-Woll Gtr conurbation,Straight,Driveway/entrance,,,Unknown / not stated,Sealed,Dry,Fine,Daylight,Nil,No traffic controls,50 km/h,Local,21,Right through,202,Opp - Right-thru,,Other angle,Light truck utility(from 2018),Light truck utility(from 2018),2,0,0,1,1,2,February,Summer,Sunday,08:00 - 09:59,AM peak / school commute,True,False,True,True
1346007,Injury,Moderate Injury,2024,2024,March,Tuesday,06:00 - 07:59,CESSNOCK,RD,0,Right on the spot,WAKEFIELD,RD,RYHOPE,220.0,No,Not a school zone,T-junction,-32.989702,151.521852,Lake Macquarie,Newcastle met. area,Syd-Newc-Woll Gtr conurbation,Straight,,,,Unknown / not stated,Sealed,Dry,Fine,Darkness,Nil,Stop sign,80 km/h,State,10,Cross traffic,101,Adj - Cross traffic,,Right angle,Light truck utility(from 2018),4 wheel drive / SUV,2,0,0,2,0,3,March,Autumn,Tuesday,06:00 - 07:59,AM peak / school commute,True,False,True,True
1346008,Injury,Minor/Other Injury,2024,2024,March,Sunday,10:00 - 11:59,DRISCOLL,ST,0,Right on the spot,STOCKDALE,CRES,ABBOTSBURY,,No,Not a school zone,T-junction,-33.873226,150.867944,Fairfield,Sydney metro. area,Syd-Newc-Woll Gtr conurbation,Curved,Steep grade,,,Unknown / not stated,Sealed,Dry,Fine,Daylight,Nil,No traffic controls,50 km/h,Local,13,Right near,104,Adj - Right-thru from right,,Right angle,Station wagon,Passenger van,2,0,0,0,1,3,March,Autumn,Sunday,10:00 - 11:59,Midday / afternoon,False,False,True,True
1346009,Injury,Moderate Injury,2024,2024,March,Friday,18:00 - 19:59,HENNESSY,AVE,100,West,GREENVIEW,DR,MOOREBANK,,No,Not a school zone,2-way undivided,-33.945588,150.955667,Liverpool,Sydney metro. area,Syd-Newc-Woll Gtr conurbation,Straight,,,,Unknown / not stated,Sealed,Dry,Fine,Darkness,Nil,No traffic controls,50 km/h,Local,30,Rear end,301,Same - Rear end,,Rear end,4 wheel drive / SUV,Light truck utility(from 2018),3,0,0,1,0,3,March,Autumn,Friday,18:00 - 19:59,PM peak / evening commute,True,False,True,True
1346011,Injury,Minor/Other Injury,2024,2024,March,Saturday,18:00 - 19:59,OLD NORTHERN,RD,0,Right on the spot,PARSONAGE,RD,CASTLE HILL,160.0,No,Not a school zone,T-junction,-33.738067,151.000999,The Hills,Sydney metro. area,Syd-Newc-Woll Gtr conurbation,Straight,,,,Unknown / not stated,Sealed,Dry,Fine,Daylight,Nil,Stop sign,60 km/h,State,13,Right near,104,Adj - Right-thru from right,,Right angle,4 wheel drive / SUV,Light truck utility(from 2018),2,0,0,0,1,3,March,Autumn,Saturday,18:00 - 19:59,PM peak / evening commute,True,False,True,True
1346012,Injury,Minor/Other Injury,2024,2024,March,Friday,16:00 - 17:59,EDGEWARE,RD,0,Right on the spot,SARAH,ST,ENMORE,7017.0,No,Not a school zone,T-junction,-33.902494,151.17213,Inner West,Sydney metro. area,Syd-Newc-Woll Gtr conurbation,Straight,,,,Unknown / not stated,Sealed,Dry,Fine,Daylight,On,No traffic controls,60 km/h,Regional,30,Rear end,301,Same - Rear end,,Rear end,Light truck utility(from 2018),4 wheel drive / SUV,2,0,0,0,1,3,March,Autumn,Friday,16:00 - 17:59,PM peak / evening commute,True,False,True,True
1346017,Injury,Minor/Other Injury,2024,2024,March,Monday,16:00 - 17:59,PICTON,RD,400,East,MOUNT KEIRA,RD,CATARACT,95.0,No,Not a school zone,2-way undivided,-34.375896,150.835183,Wollongong,Wollongong met. area,Syd-Newc-Woll Gtr conurbation,Straight,Steep grade,,,Unknown / not stated,Sealed,Dry,Fine,Daylight,Nil,No traffic controls,100 km/h,State,30,Rear end,301,Same - Rear end,,Rear end,Unknown motor vehicle,Unknown motor vehicle,3,0,0,0,1,3,March,Autumn,Monday,16:00 - 17:59,PM peak / evening commute,True,False,True,True
1346018,Injury,Minor/Other Injury,2024,2024,March,Monday,22:00 - Midnight,OLD WINDSOR,RD,500,North,CAROLINE CHISHOLM,DR,WINSTON HILLS,635.0,No,Not a school zone,Divided road,-33.769978,150.95931,Parramatta,Sydney metro. area,Syd-Newc-Woll Gtr conurbation,Straight,,,,Unknown / not stated,Sealed,Dry,Fine,Darkness,Nil,No traffic controls,80 km/h,State,30,Rear end,301,Same - Rear end,,Rear end,Motorcycle,4 wheel drive / SUV,2,0,0,0,1,3,March,Autumn,Monday,22:00 - Midnight,Evening / night,False,False,True,True
1346031,Injury,Moderate Injury,2024,2024,March,Monday,14:00 - 15:59,HASTINGS RIVER,DR,15,West,TUFFINS,LANE,PORT MACQUARIE,600.0,No,Not a school zone,2-way undivided,-31.42024,152.867414,Port Macquarie-Hastings,Country urban,Rest of NSW - Urban,Straight,,,,Unknown / not stated,Sealed,Dry,Fine,Daylight,Nil,No traffic controls,60 km/h,Regional,30,Rear end,301,Same - Rear end,,Rear end,Large rigid,Light truck utility(from 2018),4,0,0,1,0,3,March,Autumn,Monday,14:00 - 15:59,Midday / afternoon,False,False,True,True
1346032,Injury,Minor/Other Injury,2024,2024,February,Monday,08:00 - 09:59,MCMULLEN,AVE,0,Right on the spot,PENNANT,ST,CASTLE HILL,672.0,No,Not a school zone,X-intersection,-33.730035,151.008712,The Hills,Sydney metro. area,Syd-Newc-Woll Gtr conurbation,Straight,,,,Unknown / not stated,Sealed,Dry,Fine,Daylight,On,No traffic controls,60 km/h,State,21,Right through,202,Opp - Right-thru,,Other angle,4 wheel drive / SUV,4 wheel drive / SUV,2,0,0,0,1,2,February,Summer,Monday,08:00 - 09:59,AM peak / school commute,True,False,True,True
1346034,Injury,Serious Injury,2024,2024,February,Monday,20:00 - 21:59,CASTLE HILL,RD,0,Right on the spot,NEW LINE,RD,WEST PENNANT HILLS,156.0,No,Not a school zone,T-junction,-33.743496,151.047112,Hornsby,Sydney metro. area,Syd-Newc-Woll Gtr conurbation,Straight,,,,Unknown / not stated,Sealed,Dry,Fine,Darkness,On,No traffic controls,60 km/h,State,21,Right through,202,Opp - Right-thru,,Other angle,Car (sedan/hatch),Light truck utility(from 2018),2,0,1,0,0,2,February,Summer,Monday,20:00 - 21:59,Evening / night,False,False,True,True
1346036,Injury,Minor/Other Injury,2024,2024,March,Tuesday,18:00 - 19:59,HIBBERTS,LANE,150,South,BURGESS,RD,FREEMANS REACH,,No,Not a school zone,2-way undivided,-33.561676,150.795571,Hawkesbury,Country urban,Syd-Newc-Woll Gtr conurbation,Curved,,,,Unknown / not stated,Sealed,Dry,Fine,Darkness,Nil,No traffic controls,60 km/h,Local,81,Off left/rt bnd=>obj,803,Off right bend into obj,Left,Vehicle - Object,4 wheel drive / SUV,,1,0,0,0,1,3,March,Autumn,Tuesday,18:00 - 19:59,PM peak / evening commute,True,False,True,True
1346037,Injury,Moderate Injury,2024,2024,February,Sunday,14:00 - 15:59,NATIONAL,AVE,0,Right on the spot,NUMBER 63,HN,LOFTUS,,No,Not a school zone,2-way undivided,-34.04216,151.049092,Sutherland,Sydney metro. area,Syd-Newc-Woll Gtr conurbation,Curved,,,,Unknown / not stated,Sealed,Dry,Fine,Daylight,Nil,No traffic controls,50 km/h,Local,85,Off rt/lft bnd=>obj,804,Off left bend into obj,Right,Other angle,Car (sedan/hatch),Car (sedan/hatch),2,0,0,1,0,2,February,Summer,Sunday,14:00 - 15:59,Midday / afternoon,False,False,True,True
1346103,Injury,Moderate Injury,2024,2024,January,Thursday,18:00 - 19:59,LAKES,ST,0,Right on the spot,NUMBER 151,HN,THIRLMERE,,No,Not a school zone,2-way undivided,-34.206866,150.550761,Wollondilly,Country urban,Syd-Newc-Woll Gtr conurbation,Curved,,,,Nil,Sealed,Dry,Fine,Daylight,Nil,No traffic controls,50 km/h,Local,81,Off left/rt bnd=>obj,803,Off right bend into obj,Left,Vehicle - Object,4 wheel drive / SUV,,1,0,0,1,0,1,January,Summer,Thursday,18:00 - 19:59,PM peak / evening commute,True,False,True,True
1346114,Injury,Moderate Injury,2024,2024,January,Tuesday,10:00 - 11:59,CROOKED RIVER,RD,0,Right on the spot,NUMBER 59,HN,GERROA,571.0,No,Not a school zone,2-way undivided,-34.766923,150.814838,Kiama,Country urban,Rest of NSW - Urban,Straight,Driveway/entrance,,,Off,Sealed,Dry,Overcast,Daylight,Nil,No traffic controls,60 km/h,Regional,47,Emerging from drive,406,Manov - Emerging from driveway,,Right angle,Car (sedan/hatch),Car (sedan/hatch),2,0,0,1,0,1,January,Summer,Tuesday,10:00 - 11:59,Midday / afternoon,False,False,True,True
1346116,Injury,Moderate Injury,2024,2024,January,Wednesday,02:00 - 03:59,M8 TUNNEL,MS,30,East,GARDENS ROAD,TO,ST PETERS,6008.0,No,Not a school zone,Other,-33.91531,151.180593,Inner West,Sydney metro. area,Syd-Newc-Woll Gtr conurbation,Curved,Steep grade,,,On,Sealed,Dry,Fine,Darkness,Nil,No traffic controls,60 km/h,State,85,Off rt/lft bnd=>obj,804,Off left bend into obj,Right,Vehicle - Object,Motorcycle,,1,0,0,1,0,1,January,Summer,Wednesday,02:00 - 03:59,Late night / early morning,False,False,True,True
1346118,Injury,Serious Injury,2024,2024,January,Monday,16:00 - 17:59,HEZ,DR,1200,East,BROMAGE,RD,ABERMAIN,,No,Not a school zone,2-way undivided,-32.844192,151.453742,Cessnock,Country urban,Rest of NSW - Urban,Straight,,,,On,Sealed,Dry,Overcast,Daylight,Nil,No traffic controls,60 km/h,Local,73,Off rd rght => obj,704,Right off cway into obj,,Vehicle - Object,Car (sedan/hatch),,1,0,1,0,0,1,January,Summer,Monday,16:00 - 17:59,PM peak / evening commute,True,False,True,True
1346119,Injury,Serious Injury,2024,2024,January,Monday,14:00 - 15:59,MACQUARIE,ST,0,Right on the spot,HAWKESBURY MOTORCYCLES,ENT,WINDSOR,184.0,No,Not a school zone,Divided road,-33.60814,150.820461,Hawkesbury,Country urban,Syd-Newc-Woll Gtr conurbation,Straight,Driveway/entrance,,,Off,Sealed,Dry,Fine,Daylight,Nil,No traffic controls,60 km/h,State,88,Out of cont on bend,805,Out of control on bend,,Rollover,Motorcycle,,1,0,1,0,0,1,January,Summer,Monday,14:00 - 15:59,Midday / afternoon,False,False,True,True
1346121,Injury,Serious Injury,2024,2024,January,Friday,20:00 - 21:59,SHAFTSBURY,RD,50,North,STEWART,ST,EASTWOOD,,No,Not a school zone,2-way undivided,-33.795809,151.07843,Ryde,Sydney metro. area,Syd-Newc-Woll Gtr conurbation,Straight,,,,On,Sealed,Dry,Fine,Darkness,Nil,No traffic controls,50 km/h,Local,71,Off rd left => obj,703,Left off cway into object,,Other angle,Car (sedan/hatch),Car (sedan/hatch),2,0,2,0,0,1,January,Summer,Friday,20:00 - 21:59,Evening / night,False,False,True,True