crash_id,degree_of_crash,degree_of_crash_-_detailed,reporting_year,year_of_crash,month_of_crash,day_of_week_of_crash,two-hour_intervals,street_of_crash,street_type,distance,direction,identifying_feature,identifying_feature_type,town,route_no.,school_zone_location,school_zone_active,type_of_location,latitude,longitude,lga,urbanisation,conurbation_1,alignment,primary_permanent_feature,primary_temporary_feature,primary_hazardous_feature,street_lighting,road_surface,surface_condition,weather,natural_lighting,signals_operation,other_traffic_control,speed_limit,road_classification_(admin),rum_-_code,rum_-_description,dca_-_code,dca_-_description,dca_supplement,first_impact_type,key_tu_type,other_tu_type,no._of_traffic_units_involved,no._killed,no._seriously_injured,no._moderately_injured,no._minor-other_injured,month_num,month_label,season,day_label,time_label,time_band,is_peak_commute,is_fatal,is_injury,is_casualty
1346124,Injury,Serious Injury,2024,2024,January,Thursday,08:00 - 09:59,PACIFIC,HWY,5000,North,HARRINGTON,RD,MOORLAND,10.0,No,Not a school zone,Divided road,-31.795427,152.64366,Mid-Coast,Country non-urban,Rest of NSW - Rural,Straight,,,,Off,Sealed,Dry,Fine,Daylight,Nil,No traffic controls,110 km/h,State,71,Off rd left => obj,703,Left off cway into object,,Vehicle - Object,Light truck utility(from 2018),,1,0,1,0,0,1,January,Summer,Thursday,08:00 - 09:59,AM peak / school commute,True,False,True,True
1346125,Injury,Moderate Injury,2024,2024,January,Wednesday,22:00 - Midnight,WELLINGTON,ST,0,Right on the spot,NUMBER 67,HN,BONDI BEACH,,No,Not a school zone,2-way undivided,-33.889189,151.265963,Waverley,Sydney metro. area,Syd-Newc-Woll Gtr conurbation,Straight,,,,On,Sealed,Dry,Fine,Darkness,Nil,No traffic controls,50 km/h,Local,71,Off rd left => obj,703,Left off cway into object,,Other angle,Pedal cycle,Car (sedan/hatch),3,0,0,1,0,1,January,Summer,Wednesday,22:00 - Midnight,Evening / night,False,False,True,True
1346126,Injury,Serious Injury,2024,2024,January,Monday,10:00 - 11:59,SILVEREYE,CL,0,Right on the spot,NUMBER 21,HN,GLENMORE PARK,,No,Not a school zone,2-way undivided,-33.794791,150.667435,Penrith,Sydney metro. area,Syd-Newc-Woll Gtr conurbation,Curved,,,,Off,Sealed,Dry,Fine,Daylight,Nil,No traffic controls,50 km/h,Local,87,Off lft/lft bnd=>obj,804,Off left bend into obj,Left,Vehicle - Object,Car (sedan/hatch),,1,0,1,0,0,1,January,Summer,Monday,10:00 - 11:59,Midday / afternoon,False,False,True,True
1346133,Injury,Serious Injury,2024,2024,January,Wednesday,20:00 - 21:59,THE AVENUE,MS,10,North,GLASSOP,ST,YAGOONA,,No,Not a school zone,X-intersection,-33.91036,151.013833,Canterbury-Bankstown,Sydney metro. area,Syd-Newc-Woll Gtr conurbation,Straight,,,,On,Sealed,Dry,Fine,Darkness,Nil,Stop sign,50 km/h,Local,71,Off rd left => obj,703,Left off cway into object,,Other angle,Light truck utility(from 2018),4 wheel drive / SUV,3,0,1,0,0,1,January,Summer,Wednesday,20:00 - 21:59,Evening / night,False,False,True,True
1346134,Injury,Serious Injury,2024,2024,January,Sunday,18:00 - 19:59,SEWELLS CREEK,RD,200,East,HOPES,RD,ESSINGTON,,No,Not a school zone,2-way undivided,-33.708171,149.685306,Oberon,Country non-urban,Rest of NSW - Rural,Curved,Ditch/drain/culvert,,,Nil,Sealed,Dry,Overcast,Dusk,Nil,No traffic controls,100 km/h,Local,84,Off right/left bend,802,Off cway left bend,Right,Rollover,Car (sedan/hatch),,1,0,1,0,0,1,January,Summer,Sunday,18:00 - 19:59,PM peak / evening commute,True,False,True,True
1346135,Injury,Serious Injury,2024,2024,January,Thursday,12:00 - 13:59,KIRKHAM,CRES,0,Right on the spot,MOUNTVIEW,CRES,OXLEY VALE,,No,Not a school zone,T-junction,-31.055041,150.895154,Tamworth Regional,Country urban,Rest of NSW - Urban,Curved,Foot/cycle path/nature strip,Police pursuit,,Nil,Sealed,Dry,Fine,Daylight,Nil,No traffic controls,50 km/h,Local,88,Out of cont on bend,805,Out of control on bend,,Rollover,Motorcycle,,1,0,1,0,0,1,January,Summer,Thursday,12:00 - 13:59,Midday / afternoon,False,False,True,True
1346138,Injury,Serious Injury,2024,2024,January,Friday,02:00 - 03:59,BRADFIELD,HWY,0,Right on the spot,SYDNEY HARBOUR,BDGE,DAWES POINT,632.0,No,Not a school zone,Single limited access,-33.853959,151.209572,Sydney,Sydney metro. area,Syd-Newc-Woll Gtr conurbation,Straight,Other bridge,,,On,Sealed,Dry,Fine,Darkness,Nil,No traffic controls,70 km/h,State,71,Off rd left => obj,703,Left off cway into object,,Vehicle - Object,Motor scooter,,1,0,2,0,0,1,January,Summer,Friday,02:00 - 03:59,Late night / early morning,False,False,True,True
1346140,Injury,Moderate Injury,2024,2024,January,Tuesday,20:00 - 21:59,LAMBTON,RD,0,Right on the spot,CURLEY,RD,BROADMEADOW,223.0,No,Not a school zone,T-junction,-32.924001,151.730638,Newcastle,Newcastle met. area,Syd-Newc-Woll Gtr conurbation,Straight,,,,On,Sealed,Dry,Fine,Darkness,On,No traffic controls,60 km/h,Regional,21,Right through,202,Opp - Right-thru,,Other angle,Car (sedan/hatch),Car (sedan/hatch),2,0,0,1,0,1,January,Summer,Tuesday,20:00 - 21:59,Evening / night,False,False,True,True
1346142,Injury,Serious Injury,2024,2024,January,Monday,10:00 - 11:59,MANILLA,RD,2000,North,SPLIT ROCK DAM,RD,UPPER MANILLA,63.0,No,Not a school zone,2-way undivided,-30.612107,150.657417,Tamworth Regional,Country non-urban,Rest of NSW - Rural,Curved,Embankment/cutting,,,Nil,Sealed,Dry,Fine,Daylight,Nil,No traffic controls,100 km/h,State,81,Off left/rt bnd=>obj,803,Off right bend into obj,Left,Vehicle - Object,Light truck utility(from 2018),,1,0,1,0,0,1,January,Summer,Monday,10:00 - 11:59,Midday / afternoon,False,False,True,True
1346146,Injury,Serious Injury,2024,2024,February,Friday,22:00 - Midnight,WESTERN,EXP,200,East,MAMRE ROAD,OP,ST MARYS,6004.0,No,Not a school zone,Dual freeway,-33.784354,150.773253,Penrith,Sydney metro. area,Syd-Newc-Woll Gtr conurbation,Straight,,,,Nil,Sealed,Dry,Fine,Darkness,Nil,No traffic controls,110 km/h,State,73,Off rd rght => obj,704,Right off cway into obj,,Vehicle - Object,Light truck utility(from 2018),,1,0,1,1,0,2,February,Summer,Friday,22:00 - Midnight,Evening / night,False,False,True,True
1346150,Injury,Moderate Injury,2024,2024,January,Wednesday,10:00 - 11:59,ARTHUR KAINE,DR,0,Right on the spot,NUMBER 190,HN,PAMBULA,7622.0,No,Not a school zone,2-way undivided,-36.924367,149.893682,Bega Valley,Country urban,Rest of NSW - Urban,Curved,,,,Nil,Sealed,Dry,Fine,Daylight,Nil,No traffic controls,70 km/h,Regional,88,Out of cont on bend,805,Out of control on bend,,Rollover,Motorcycle,,1,0,0,1,0,1,January,Summer,Wednesday,10:00 - 11:59,Midday / afternoon,False,False,True,True
1346155,Injury,Serious Injury,2024,2024,February,Monday,18:00 - 19:59,HOMER,ST,0,Right on the spot,HOOD,AVE,EARLWOOD,,No,Not a school zone,T-junction,-33.930134,151.116406,Canterbury-Bankstown,Sydney metro. area,Syd-Newc-Woll Gtr conurbation,Straight,,,,On,Sealed,Dry,Fine,Daylight,Nil,No traffic controls,50 km/h,Local,30,Rear end,301,Same - Rear end,,Rear end,Light truck utility(from 2018),Car (sedan/hatch),2,0,1,1,0,2,February,Summer,Monday,18:00 - 19:59,PM peak / evening commute,True,False,True,True
1346157,Injury,Moderate Injury,2024,2024,February,Tuesday,16:00 - 17:59,SOUTH BALLINA BEACH,RD,150,East,SOUTH BALLINA BEACH ACCESS,TRL,SOUTH BALLINA,,No,Not a school zone,2-way undivided,-28.885376,153.571761,Ballina,Country urban,Rest of NSW - Urban,Curved,,,,Off,Sealed,Dry,Fine,Daylight,Nil,No traffic controls,50 km/h,Local,81,Off left/rt bnd=>obj,803,Off right bend into obj,Left,Vehicle - Object,4 wheel drive / SUV,,1,0,0,1,1,2,February,Summer,Tuesday,16:00 - 17:59,PM peak / evening commute,True,False,True,True
1346160,Injury,Moderate Injury,2024,2024,February,Sunday,06:00 - 07:59,CARP,ST,95,West,AUCKLAND,ST,BEGA,272.0,No,Not a school zone,2-way undivided,-36.673814,149.839875,Bega Valley,Country urban,Rest of NSW - Urban,Straight,Foot/cycle path/nature strip,,,Off,Sealed,Dry,Fine,Daylight,Nil,No traffic controls,50 km/h,Regional,71,Off rd left => obj,703,Left off cway into object,,Vehicle - Object,Station wagon,,1,0,0,1,0,2,February,Summer,Sunday,06:00 - 07:59,AM peak / school commute,True,False,True,True
1346161,Injury,Serious Injury,2024,2024,February,Thursday,22:00 - Midnight,PACIFIC,HWY,460,West,MINJUNGBAL,DR,TWEED HEADS SOUTH,10.0,No,Not a school zone,Other,-28.205827,153.541324,Tweed,Country urban,Rest of NSW - Urban,Straight,,,,On,Sealed,Wet,Raining,Darkness,Nil,No traffic controls,60 km/h,State,73,Off rd rght => obj,704,Right off cway into obj,,Vehicle - Object,Light truck,,1,0,1,0,0,2,February,Summer,Thursday,22:00 - Midnight,Evening / night,False,False,True,True
1346162,Injury,Minor/Other Injury,2024,2024,February,Thursday,08:00 - 09:59,GOLDEN,HWY,40,North,DALSWINTON,RD,DENMAN,27.0,No,Not a school zone,2-way undivided,-32.403339,150.719897,Muswellbrook,Country non-urban,Rest of NSW - Rural,Curved,,,,Nil,Sealed,Dry,Overcast,Daylight,Nil,No traffic controls,100 km/h,State,81,Off left/rt bnd=>obj,803,Off right bend into obj,Left,Vehicle - Object,B-double (road train prior 98),,1,0,0,0,1,2,February,Summer,Thursday,08:00 - 09:59,AM peak / school commute,True,False,True,True
1346163,Injury,Serious Injury,2024,2024,February,Wednesday,08:00 - 09:59,REDHEAD,RD,0,Right on the spot,OAKDALE,RD,REDHEAD,325.0,No,Not a school zone,T-junction,-32.99066,151.713562,Lake Macquarie,Newcastle met. area,Syd-Newc-Woll Gtr conurbation,Curved,Embankment/cutting,,,Nil,Sealed,Wet,Raining,Daylight,Nil,Give way sign,60 km/h,Regional,21,Right through,202,Opp - Right-thru,,Other angle,Light truck,4 wheel drive / SUV,2,0,1,1,0,2,February,Summer,Wednesday,08:00 - 09:59,AM peak / school commute,True,False,True,True
1346165,Injury,Moderate Injury,2024,2024,February,Friday,06:00 - 07:59,BEECROFT,RD,0,Right on the spot,MARY,ST,BEECROFT,139.0,Yes,No,T-junction,-33.752752,151.065536,Hornsby,Sydney metro. area,Syd-Newc-Woll Gtr conurbation,Curved,,,,Off,Sealed,Dry,Fine,Daylight,Nil,No traffic controls,60 km/h,State,13,Right near,104,Adj - Right-thru from right,,Right angle,4 wheel drive / SUV,Motor scooter,2,0,0,1,0,2,February,Summer,Friday,06:00 - 07:59,AM peak / school commute,True,False,True,True
1346168,Injury,Serious Injury,2024,2024,February,Monday,14:00 - 15:59,GREAT WESTERN,HWY,0,Right on the spot,MOUNT,ST,GLENBROOK,5.0,No,Not a school zone,T-junction,-33.76353,150.633583,Blue Mountains,Country urban,Syd-Newc-Woll Gtr conurbation,Curved,,,,Off,Sealed,Dry,Fine,Daylight,Nil,Give way sign,70 km/h,State,13,Right near,104,Adj - Right-thru from right,,Right angle,Car (sedan/hatch),4 wheel drive / SUV,2,0,2,0,0,2,February,Summer,Monday,14:00 - 15:59,Midday / afternoon,False,False,True,True
1346169,Injury,Serious Injury,2024,2024,February,Thursday,18:00 - 19:59,TYRINGHAM,RD,0,Right on the spot,ELM,AVE,DORRIGO,119.0,No,Not a school zone,T-junction,-30.3298,152.702317,Bellingen,Country urban,Rest of NSW - Urban,Curved,Steep grade,,,Nil,Sealed,Dry,Fine,Darkness,Nil,No traffic controls,80 km/h,Regional,85,Off rt/lft bnd=>obj,804,Off left bend into obj,Right,Vehicle - Object,Light truck utility(from 2018),,1,0,1,0,0,2,February,Summer,Thursday,18:00 - 19:59,PM peak / evening commute,True,False,True,True
1346170,Injury,Moderate Injury,2024,2024,January,Saturday,16:00 - 17:59,THUNDERBOLTS,WAY,1000,South,GROVE,RD,BUNDARRA,73.0,No,Not a school zone,2-way undivided,-30.073618,151.09773,Inverell,Country non-urban,Rest of NSW - Rural,Curved,Steep grade,,,Nil,Sealed,Wet,Raining,Daylight,Nil,No traffic controls,100 km/h,Regional,82,Off right/right bend,801,Off cway right bend,Right,Rollover,4 wheel drive / SUV,,1,0,0,2,0,1,January,Summer,Saturday,16:00 - 17:59,PM peak / evening commute,True,False,True,True
1346171,Injury,Serious Injury,2024,2024,February,Saturday,12:00 - 13:59,BARKERS LODGE,RD,0,Right on the spot,NUMBER 1565,HN,OAKDALE,,No,Not a school zone,2-way undivided,-34.107232,150.508444,Wollondilly,Country non-urban,Syd-Newc-Woll Gtr conurbation,Curved,Painted double centre lines,,,Nil,Sealed,Dry,Fine,Daylight,Nil,No traffic controls,100 km/h,Local,20,Head on,201,Opp - Head on,,Head-on,Motorcycle,Car (sedan/hatch),2,0,1,0,0,2,February,Summer,Saturday,12:00 - 13:59,Midday / afternoon,False,False,True,True
1346172,Injury,Serious Injury,2024,2024,January,Saturday,06:00 - 07:59,KENNETH,ST,0,Right on the spot,NUMBER 31,HN,LONGUEVILLE,,No,Not a school zone,2-way undivided,-33.826742,151.170747,Lane Cove,Sydney metro. area,Syd-Newc-Woll Gtr conurbation,Straight,,,,Off,Sealed,Dry,Fine,Daylight,Nil,No traffic controls,50 km/h,Local,71,Off rd left => obj,703,Left off cway into object,,Other angle,Car (sedan/hatch),4 wheel drive / SUV,2,0,1,0,0,1,January,Summer,Saturday,06:00 - 07:59,AM peak / school commute,True,False,True,True
1346175,Injury,Serious Injury,2024,2024,February,Monday,14:00 - 15:59,SUMMERLAND,WAY,87,South,COLLINS CREEK,RD,NEW PARK,83.0,No,Not a school zone,2-way undivided,-28.607274,152.991216,Kyogle,Country urban,Rest of NSW - Urban,Curved,Painted double centre lines,,,Nil,Sealed,Dry,Fine,Daylight,Nil,No traffic controls,80 km/h,State,20,Head on,201,Opp - Head on,,Head-on,Light truck utility(from 2018),Car (sedan/hatch),2,0,2,0,0,2,February,Summer,Monday,14:00 - 15:59,Midday / afternoon,False,False,True,True
1346176,Injury,Moderate Injury,2024,2024,February,Wednesday,14:00 - 15:59,LEE,ST,0,Right on the spot,REGENT,ST,CHIPPENDALE,170.0,No,Not a school zone,T-junction,-33.885452,151.202942,Sydney,Sydney metro. area,Syd-Newc-Woll Gtr conurbation,Curved,,,,Off,Sealed,Dry,Fine,Daylight,Unknown / not stated,No traffic controls,50 km/h,State,88,Out of cont on bend,707,Right turn,,Rollover,Motor scooter,,1,0,0,1,0,2,February,Summer,Wednesday,14:00 - 15:59,Midday / afternoon,False,False,True,True
1346177,Injury,Moderate Injury,2024,2024,February,Thursday,06:00 - 07:59,GENERAL HOLMES,DR,0,Right on the spot,AIRPORT TUNNEL,ENT,MASCOT,194.0,No,Not a school zone,Divided road,-33.946049,151.179364,Bayside,Sydney metro. area,Syd-Newc-Woll Gtr conurbation,Straight,Underpass/tunnel,,,On,Sealed,Dry,Fine,Dawn,Nil,No traffic controls,60 km/h,State,20,Head on,201,Opp - Head on,,Head-on,Car (sedan/hatch),Car (sedan/hatch),2,0,0,1,0,2,February,Summer,Thursday,06:00 - 07:59,AM peak / school commute,True,False,True,True
1346179,Injury,Serious Injury,2024,2024,January,Sunday,10:00 - 11:59,KYLE,PDE,50,South,MERRIMAN,ST,KYLE BAY,,No,Not a school zone,2-way undivided,-33.987777,151.10035,Georges River,Sydney metro. area,Syd-Newc-Woll Gtr conurbation,Straight,,,,Nil,Sealed,Dry,Fine,Daylight,Nil,No traffic controls,50 km/h,Local,44,Parking vehicles,403,Manov - Parking-parked vehicle,,Other angle,Motorcycle,4 wheel drive / SUV,2,0,1,0,0,1,January,Summer,Sunday,10:00 - 11:59,Midday / afternoon,False,False,True,True
1346180,Injury,Serious Injury,2024,2024,January,Sunday,20:00 - 21:59,KISSING POINT,RD,0,Right on the spot,STURT,ST,DUNDAS,574.0,No,Not a school zone,T-junction,-33.798835,151.046463,Parramatta,Sydney metro. area,Syd-Newc-Woll Gtr conurbation,Straight,Steep grade,,,On,Sealed,Dry,Fine,Darkness,On,Give way sign,70 km/h,State,21,Right through,202,Opp - Right-thru,,Other angle,4 wheel drive / SUV,Car (sedan/hatch),3,0,1,2,0,1,January,Summer,Sunday,20:00 - 21:59,Evening / night,False,False,True,True
1346181,Injury,Minor/Other Injury,2024,2024,February,Monday,04:00 - 05:59,HUME,HWY,0,Right on the spot,LANSDOWNE,RD,LANSVALE,2.0,No,Not a school zone,X-intersection,-33.893766,150.959747,Fairfield,Sydney metro. area,Syd-Newc-Woll Gtr conurbation,Straight,,,,On,Sealed,Wet,Raining,Darkness,On,No traffic controls,70 km/h,State,21,Right through,202,Opp - Right-thru,,Other angle,4 wheel drive / SUV,Car (sedan/hatch),2,0,0,0,1,2,February,Summer,Monday,04:00 - 05:59,Late night / early morning,False,False,True,True
1346184,Injury,Moderate Injury,2024,2024,February,Wednesday,00:01 - 01:59,CROSS,ST,50,East,CROFTS,AVE,HURSTVILLE,,No,Not a school zone,2-way undivided,-33.966119,151.103947,Georges River,Sydney metro. area,Syd-Newc-Woll Gtr conurbation,Straight,Painted double centre lines,,,Nil,Sealed,Dry,Fine,Darkness,Nil,No traffic controls,50 km/h,Local,41,U turn into object,207,Opp - U-turn,,Other angle,Car (sedan/hatch),Car (sedan/hatch),4,0,0,2,0,2,February,Summer,Wednesday,00:01 - 01:59,Late night / early morning,False,False,True,True
1346186,Injury,Serious Injury,2024,2024,January,Thursday,12:00 - 13:59,GLOUCESTER,ST,0,Right on the spot,NUMBER 26,HN,BONNYRIGG HEIGHTS,,No,Not a school zone,2-way undivided,-33.890807,150.866411,Fairfield,Sydney metro. area,Syd-Newc-Woll Gtr conurbation,Curved,Driveway/entrance,,,Nil,Sealed,Dry,Fine,Daylight,Nil,No traffic controls,60 km/h,Local,39,Other same direction,300,Same - other,,Other angle,Car (sedan/hatch),Motorcycle,2,0,1,0,0,1,January,Summer,Thursday,12:00 - 13:59,Midday / afternoon,False,False,True,True
1346188,Injury,Serious Injury,2024,2024,January,Wednesday,00:01 - 01:59,WALLA,AVE,230,North,THORNE,RD,GRIFFITH,,No,Not a school zone,2-way undivided,-34.30461,146.005431,Griffith,Country urban,Rest of NSW - Urban,Straight,Other bridge,,,Nil,Sealed,Dry,Fine,Darkness,Nil,No traffic controls,80 km/h,Local,72,Off road to right,702,Off carriageway to right,,Rollover,Light truck utility(from 2018),,1,0,1,0,0,1,January,Summer,Wednesday,00:01 - 01:59,Late night / early morning,False,False,True,True
1346191,Injury,Serious Injury,2024,2024,February,Tuesday,10:00 - 11:59,PIDDING,RD,130,South,QUARRY,RD,RYDE,,No,Not a school zone,2-way undivided,-33.810405,151.12071,Ryde,Sydney metro. area,Syd-Newc-Woll Gtr conurbation,Curved,,,,Nil,Sealed,Wet,Raining,Daylight,Nil,No traffic controls,50 km/h,Local,87,Off lft/lft bnd=>obj,804,Off left bend into obj,Left,Vehicle - Object,Car (sedan/hatch),,1,0,1,0,0,2,February,Summer,Tuesday,10:00 - 11:59,Midday / afternoon,False,False,True,True
1346192,Injury,Serious Injury,2024,2024,February,Sunday,14:00 - 15:59,JAMES RUSE,DR,0,Right on the spot,GRAND,AVE,PARRAMATTA,309.0,No,Not a school zone,X-intersection,-33.817999,151.021984,Parramatta,Sydney metro. area,Syd-Newc-Woll Gtr conurbation,Straight,,,,Nil,Sealed,Dry,Fine,Daylight,Nil,Left turn only,70 km/h,State,24,Right/right,204,Opp - Right-right,,Other angle,Car (sedan/hatch),4 wheel drive / SUV,2,0,1,0,0,2,February,Summer,Sunday,14:00 - 15:59,Midday / afternoon,False,False,True,True
1346194,Injury,Serious Injury,2024,2024,February,Saturday,18:00 - 19:59,BERKELEY,ST,10,South,BARCOO,ST,PEAKHURST HEIGHTS,,No,Not a school zone,T-junction,-33.969959,151.055668,Georges River,Sydney metro. area,Syd-Newc-Woll Gtr conurbation,Straight,,,,Nil,Sealed,Dry,Fine,Daylight,Nil,Give way sign,50 km/h,Local,3,Ped on carriageway,4,Ped - On carriageway,,Vehicle - Pedestrian,4 wheel drive / SUV,Pedestrian,3,0,1,0,0,2,February,Summer,Saturday,18:00 - 19:59,PM peak / evening commute,True,False,True,True
1346197,Injury,Serious Injury,2024,2024,February,Wednesday,08:00 - 09:59,FREEMANS,DR,100,North,STOCKTON,ST,MORISSET,392.0,No,Not a school zone,2-way undivided,-33.100491,151.474761,Lake Macquarie,Newcastle met. area,Syd-Newc-Woll Gtr conurbation,Straight,,,,Off,Sealed,Dry,Fine,Daylight,Nil,No traffic controls,60 km/h,Regional,20,Head on,201,Opp - Head on,,Head-on,Car (sedan/hatch),4 wheel drive / SUV,2,0,1,2,1,2,February,Summer,Wednesday,08:00 - 09:59,AM peak / school commute,True,False,True,True
1346198,Injury,Serious Injury,2024,2024,January,Monday,18:00 - 19:59,JOSEPH,ST,50,North,LEWIS,ST,REGENTS PARK,190.0,No,Not a school zone,Divided road,-33.886748,151.03958,Cumberland,Sydney metro. area,Syd-Newc-Woll Gtr conurbation,Straight,,,,On,Sealed,Dry,Fine,Daylight,Nil,No traffic controls,80 km/h,State,71,Off rd left => obj,703,Left off cway into object,,Vehicle - Object,Car (sedan/hatch),,1,0,1,0,0,1,January,Summer,Monday,18:00 - 19:59,PM peak / evening commute,True,False,True,True
1346199,Injury,Serious Injury,2024,2024,February,Thursday,08:00 - 09:59,MENANGLE,RD,100,West,TAILBY,RD,CAMPBELLTOWN,179.0,No,Not a school zone,2-way undivided,-34.07351,150.791781,Campbelltown,Sydney metro. area,Syd-Newc-Woll Gtr conurbation,Straight,,,,Nil,Sealed,Dry,Fine,Daylight,Nil,No traffic controls,60 km/h,State,71,Off rd left => obj,703,Left off cway into object,,Vehicle - Object,4 wheel drive / SUV,,1,0,1,0,0,2,February,Summer,Thursday,08:00 - 09:59,AM peak / school commute,True,False,True,True
1346202,Injury,Serious Injury,2024,2024,January,Saturday,18:00 - 19:59,NEILL,ST,500,South,AUGUSTA,ST,COROWA,,No,Not a school zone,2-way undivided,-36.03483,146.369507,Federation,Country urban,Rest of NSW - Urban,Straight,,,,Nil,Unsealed,Dry,Fine,Daylight,Nil,No traffic controls,50 km/h,Local,74,On road-out of cont.,705,Out of control on cway,,Rollover,Motorcycle,,1,0,1,0,0,1,January,Summer,Saturday,18:00 - 19:59,PM peak / evening commute,True,False,True,True
1346203,Injury,Minor/Other Injury,2024,2024,February,Thursday,16:00 - 17:59,COWPER,ST,90,West,BOLD,ST,GRANVILLE,,No,Not a school zone,2-way undivided,-33.830391,151.009384,Parramatta,Sydney metro. area,Syd-Newc-Woll Gtr conurbation,Straight,,,,Nil,Sealed,Dry,Fine,Daylight,Nil,No traffic controls,50 km/h,Local,3,Ped on carriageway,4,Ped - On carriageway,,Vehicle - Pedestrian,Car (sedan/hatch),Pedestrian,2,0,0,0,1,2,February,Summer,Thursday,16:00 - 17:59,PM peak / evening commute,True,False,True,True
1346205,Injury,Serious Injury,2024,2024,February,Tuesday,10:00 - 11:59,PACIFIC,HWY,0,Right on the spot,ARGYLL,ST,COFFS HARBOUR,10.0,No,Not a school zone,T-junction,-30.285652,153.125194,Coffs Harbour,Country urban,Rest of NSW - Urban,Straight,B'down lane/road shldr,,,Off,Sealed,Dry,Fine,Daylight,Nil,No traffic controls,60 km/h,State,21,Right through,202,Opp - Right-thru,,Other angle,Car (sedan/hatch),Car (sedan/hatch),2,0,1,0,0,2,February,Summer,Tuesday,10:00 - 11:59,Midday / afternoon,False,False,True,True
1346210,Injury,Moderate Injury,2024,2024,January,Wednesday,14:00 - 15:59,BALMORAL,ST,0,Right on the spot,ALPHA,ST,BLACKTOWN,683.0,No,Not a school zone,T-junction,-33.770877,150.903664,Blacktown,Sydney metro. area,Syd-Newc-Woll Gtr conurbation,Straight,,,,Nil,Sealed,Dry,Fine,Daylight,On,No traffic controls,60 km/h,State,39,Other same direction,300,Same - other,,Other angle,Car (sedan/hatch),Motor scooter,2,0,0,1,0,1,January,Summer,Wednesday,14:00 - 15:59,Midday / afternoon,False,False,True,True
1346212,Injury,Serious Injury,2024,2024,March,Tuesday,10:00 - 11:59,EULOMOGO,RD,0,Right on the spot,NUMBER 24R,HN,DUBBO,,No,Not a school zone,2-way undivided,-32.275018,148.699948,Dubbo Regional,Country non-urban,Rest of NSW - Rural,Straight,,,,Nil,Sealed,Dry,Fine,Daylight,Nil,No traffic controls,100 km/h,Local,71,Off rd left => obj,703,Left off cway into object,,Vehicle - Object,4 wheel drive / SUV,,1,0,1,0,0,3,March,Autumn,Tuesday,10:00 - 11:59,Midday / afternoon,False,False,True,True
1346213,Injury,Minor/Other Injury,2024,2024,February,Thursday,08:00 - 09:59,GREAT WESTERN,HWY,0,Right on the spot,STOCKLAND,DR,KELSO,5.0,No,Not a school zone,T-junction,-33.41859,149.601598,Bathurst Regional,Country urban,Rest of NSW - Urban,Straight,,,,Off,Sealed,Dry,Fine,Daylight,On,No traffic controls,70 km/h,State,30,Rear end,301,Same - Rear end,,Rear end,Light truck utility(from 2018),Car (sedan/hatch),2,0,0,0,1,2,February,Summer,Thursday,08:00 - 09:59,AM peak / school commute,True,False,True,True
1346221,Injury,Serious Injury,2024,2024,February,Friday,08:00 - 09:59,REGENT,ST,0,Right on the spot,PREMIER,ST,KOGARAH,7006.0,Yes,No,T-junction,-33.96214,151.134164,Georges River,Sydney metro. area,Syd-Newc-Woll Gtr conurbation,Straight,,,,Off,Sealed,Dry,Fine,Daylight,Nil,No traffic controls,40 km/h,Regional,0,Ped nearside,1,Ped - Near side,,Vehicle - Pedestrian,Car (sedan/hatch),Pedestrian,2,0,1,0,0,2,February,Summer,Friday,08:00 - 09:59,AM peak / school commute,True,False,True,True
1346223,Injury,Serious Injury,2024,2024,February,Tuesday,20:00 - 21:59,SOUTHERN CROSS,DR,0,Right on the spot,EPSOM ROAD,OP,KENSINGTON,593.0,No,Not a school zone,Divided road,-33.912288,151.212911,Randwick,Sydney metro. area,Syd-Newc-Woll Gtr conurbation,Straight,Other bridge,,,On,Sealed,Dry,Fine,Darkness,Nil,No traffic controls,80 km/h,State,30,Rear end,301,Same - Rear end,,Rear end,4 wheel drive / SUV,4 wheel drive / SUV,3,0,1,1,0,2,February,Summer,Tuesday,20:00 - 21:59,Evening / night,False,False,True,True
1346232,Injury,Serious Injury,2024,2024,March,Friday,20:00 - 21:59,ELIZABETH,DR,0,Right on the spot,BONNYRIGG,AVE,BONNYRIGG,535.0,No,Not a school zone,T-junction,-33.890476,150.884956,Fairfield,Sydney metro. area,Syd-Newc-Woll Gtr conurbation,Straight,,,,On,Sealed,Dry,Fine,Darkness,On,No traffic controls,70 km/h,State,0,Ped nearside,1,Ped - Near side,,Vehicle - Pedestrian,Other bus,Ped in toy vehicle,3,0,1,0,0,3,March,Autumn,Friday,20:00 - 21:59,Evening / night,False,False,True,True
1346237,Injury,Minor/Other Injury,2024,2024,February,Wednesday,12:00 - 13:59,CULCAIRN,RD,5000,West,MORVEN,RD,CULCAIRN,331.0,No,Not a school zone,2-way undivided,-35.657961,147.074179,Greater Hume,Country non-urban,Rest of NSW - Rural,Curved,,,,Nil,Sealed,Dry,Fine,Daylight,Nil,No traffic controls,100 km/h,Regional,81,Off left/rt bnd=>obj,803,Off right bend into obj,Left,Vehicle - Object,B-double (road train prior 98),,1,0,0,0,1,2,February,Summer,Wednesday,12:00 - 13:59,Midday / afternoon,False,False,True,True