crash_id,degree_of_crash,degree_of_crash_-_detailed,reporting_year,year_of_crash,month_of_crash,day_of_week_of_crash,two-hour_intervals,street_of_crash,street_type,distance,direction,identifying_feature,identifying_feature_type,town,route_no.,school_zone_location,school_zone_active,type_of_location,latitude,longitude,lga,urbanisation,conurbation_1,alignment,primary_permanent_feature,primary_temporary_feature,primary_hazardous_feature,street_lighting,road_surface,surface_condition,weather,natural_lighting,signals_operation,other_traffic_control,speed_limit,road_classification_(admin),rum_-_code,rum_-_description,dca_-_code,dca_-_description,dca_supplement,first_impact_type,key_tu_type,other_tu_type,no._of_traffic_units_involved,no._killed,no._seriously_injured,no._moderately_injured,no._minor-other_injured,month_num,month_label,season,day_label,time_label,time_band,is_peak_commute,is_fatal,is_injury,is_casualty
1346239,Injury,Moderate Injury,2024,2024,March,Sunday,18:00 - 19:59,GRAFTON,ST,0,Right on the spot,SHEPHERD,ST,CHIPPENDALE,,No,Not a school zone,X-intersection,-33.885008,151.196015,Sydney,Sydney metro. area,Syd-Newc-Woll Gtr conurbation,Straight,,,,Off,Sealed,Wet,Fine,Dusk,Nil,Stop sign,40 km/h,Local,10,Cross traffic,101,Adj - Cross traffic,,Right angle,Car (sedan/hatch),Pedal cycle,2,0,0,1,0,3,March,Autumn,Sunday,18:00 - 19:59,PM peak / evening commute,True,False,True,True
1346241,Injury,Minor/Other Injury,2024,2024,March,Sunday,16:00 - 17:59,BRUXNER,WAY,10000,West,YETMAN,TN,YETMAN,462.0,No,Not a school zone,2-way undivided,-28.858311,150.709091,Inverell,Country non-urban,Rest of NSW - Rural,Curved,,,,Nil,Sealed,Unknown,Unknown,Daylight,Nil,No traffic controls,100 km/h,Regional,87,Off lft/lft bnd=>obj,804,Off left bend into obj,Left,Vehicle - Object,Light truck utility(from 2018),,1,0,0,0,2,3,March,Autumn,Sunday,16:00 - 17:59,PM peak / evening commute,True,False,True,True
1346242,Injury,Serious Injury,2024,2024,March,Wednesday,08:00 - 09:59,BOWRA,ST,0,Right on the spot,WELLINGTON,DR,NAMBUCCA HEADS,623.0,No,Not a school zone,T-junction,-30.6433,153.003443,Nambucca Valley,Country urban,Rest of NSW - Urban,Curved,,,,Nil,Sealed,Dry,Fine,Daylight,Nil,Stop sign,50 km/h,Regional,88,Out of cont on bend,805,Out of control on bend,,Rollover,Pedal cycle,,1,0,1,0,0,3,March,Autumn,Wednesday,08:00 - 09:59,AM peak / school commute,True,False,True,True
1346244,Injury,Moderate Injury,2024,2024,February,Friday,16:00 - 17:59,PERONNE,AVE,0,Right on the spot,NUMBER 44,HN,CLONTARF,,No,Not a school zone,2-way undivided,-33.802881,151.254615,Northern Beaches,Sydney metro. area,Syd-Newc-Woll Gtr conurbation,Curved,Painted double centre lines,,,Nil,Sealed,Dry,Overcast,Daylight,Nil,No traffic controls,50 km/h,Local,20,Head on,201,Opp - Head on,,Head-on,4 wheel drive / SUV,Car (sedan/hatch),2,0,0,1,0,2,February,Summer,Friday,16:00 - 17:59,PM peak / evening commute,True,False,True,True
1346249,Injury,Moderate Injury,2024,2024,February,Wednesday,20:00 - 21:59,MAMRE,RD,0,Right on the spot,HALL,ST,ST MARYS,536.0,No,Not a school zone,T-junction,-33.780583,150.771711,Penrith,Sydney metro. area,Syd-Newc-Woll Gtr conurbation,Straight,,,,On,Sealed,Dry,Fine,Darkness,On,No traffic controls,60 km/h,State,21,Right through,202,Opp - Right-thru,,Other angle,Car (sedan/hatch),Car (sedan/hatch),2,0,0,2,1,2,February,Summer,Wednesday,20:00 - 21:59,Evening / night,False,False,True,True
1346250,Injury,Serious Injury,2024,2024,February,Thursday,16:00 - 17:59,BATLOW,RD,530,North,BAGO FOREST,RD,COURABYRA,85.0,No,Not a school zone,2-way undivided,-35.713263,148.045648,Snowy Valleys,Country non-urban,Rest of NSW - Rural,Curved,Steep grade,,,Nil,Sealed,Dry,Fine,Daylight,Nil,No traffic controls,100 km/h,State,87,Off lft/lft bnd=>obj,804,Off left bend into obj,Left,Vehicle - Object,Motorcycle,,1,0,1,0,0,2,February,Summer,Thursday,16:00 - 17:59,PM peak / evening commute,True,False,True,True
1346255,Injury,Moderate Injury,2024,2024,March,Saturday,14:00 - 15:59,SOFALA,RD,6000,South,LIMEKILNS,RD,WIAGDON,54.0,No,Not a school zone,2-way undivided,-33.187157,149.679705,Bathurst Regional,Country non-urban,Rest of NSW - Rural,Curved,Steep grade,,,Nil,Sealed,Wet,Raining,Daylight,Nil,No traffic controls,100 km/h,State,87,Off lft/lft bnd=>obj,804,Off left bend into obj,Left,Vehicle - Object,4 wheel drive / SUV,,1,0,0,1,0,3,March,Autumn,Saturday,14:00 - 15:59,Midday / afternoon,False,False,True,True
1346257,Injury,Serious Injury,2024,2024,February,Friday,18:00 - 19:59,WRIGHTS,RD,0,Right on the spot,NUMBER 81,HN,KELLYVILLE,,No,Not a school zone,2-way undivided,-33.714902,150.970884,The Hills,Sydney metro. area,Syd-Newc-Woll Gtr conurbation,Straight,,,,Off,Sealed,Dry,Fine,Dusk,Nil,No traffic controls,50 km/h,Local,0,Ped nearside,1,Ped - Near side,,Vehicle - Pedestrian,4 wheel drive / SUV,Pedestrian,2,0,1,0,0,2,February,Summer,Friday,18:00 - 19:59,PM peak / evening commute,True,False,True,True
1346258,Injury,Serious Injury,2024,2024,February,Monday,08:00 - 09:59,MERINDAH,RD,10,West,CUDGEE,CL,BAULKHAM HILLS,,No,Not a school zone,T-junction,-33.754661,150.963968,The Hills,Sydney metro. area,Syd-Newc-Woll Gtr conurbation,Straight,B'down lane/road shldr,,,Nil,Sealed,Dry,Fine,Daylight,Nil,No traffic controls,50 km/h,Local,1,Ped emerging,2,Ped - emerging,,Vehicle - Pedestrian,Car (sedan/hatch),Pedestrian,2,0,1,0,0,2,February,Summer,Monday,08:00 - 09:59,AM peak / school commute,True,False,True,True
1346272,Injury,Moderate Injury,2024,2024,March,Monday,22:00 - Midnight,MITCHELL,HWY,10,South,WARNE,ST,WELLINGTON,7.0,No,Not a school zone,Roundabout,-32.551348,148.941002,Dubbo Regional,Country urban,Rest of NSW - Urban,Curved,,,,On,Sealed,Dry,Fine,Darkness,Nil,Give way sign,50 km/h,State,86,Off left/left bend,802,Off cway left bend,Left,Rollover,Car (sedan/hatch),,1,0,0,1,0,3,March,Autumn,Monday,22:00 - Midnight,Evening / night,False,False,True,True
1346273,Injury,Moderate Injury,2024,2024,March,Saturday,16:00 - 17:59,CARY,ST,0,Right on the spot,DONNELLY,AVE,TORONTO,217.0,No,Not a school zone,X-intersection,-33.011101,151.593622,Lake Macquarie,Newcastle met. area,Syd-Newc-Woll Gtr conurbation,Straight,,,,Off,Sealed,Dry,Overcast,Daylight,On,No traffic controls,60 km/h,State,21,Right through,202,Opp - Right-thru,,Other angle,Car (sedan/hatch),Light truck utility(from 2018),2,0,0,1,0,3,March,Autumn,Saturday,16:00 - 17:59,PM peak / evening commute,True,False,True,True
1346275,Injury,Moderate Injury,2024,2024,January,Tuesday,20:00 - 21:59,CHATHAM,AVE,0,Right on the spot,OXLEY,ST,TAREE,7776.0,No,Not a school zone,T-junction,-31.902188,152.477456,Mid-Coast,Country urban,Rest of NSW - Urban,Curved,,,,On,Sealed,Wet,Raining,Darkness,Nil,No traffic controls,60 km/h,Regional,13,Right near,104,Adj - Right-thru from right,,Right angle,Car (sedan/hatch),4 wheel drive / SUV,2,0,0,2,0,1,January,Summer,Tuesday,20:00 - 21:59,Evening / night,False,False,True,True
1346276,Injury,Serious Injury,2024,2024,February,Wednesday,06:00 - 07:59,BRUXNER,HWY,1240,East,COWLONG,RD,LINDENDALE,16.0,No,Not a school zone,2-way undivided,-28.812211,153.379303,Lismore,Country urban,Rest of NSW - Urban,Straight,Crest,,,Nil,Sealed,Dry,Fine,Daylight,Nil,No traffic controls,80 km/h,State,30,Rear end,301,Same - Rear end,,Rear end,Light truck utility(from 2018),Light truck utility(from 2018),8,0,2,1,0,2,February,Summer,Wednesday,06:00 - 07:59,AM peak / school commute,True,False,True,True
1346277,Injury,Moderate Injury,2024,2024,February,Sunday,10:00 - 11:59,BUNNERONG,RD,15,South,GARDENERS,RD,DACEYVILLE,171.0,No,Not a school zone,Divided road,-33.925242,151.227986,Bayside,Sydney metro. area,Syd-Newc-Woll Gtr conurbation,Curved,,,,On,Sealed,Dry,Fine,Daylight,Nil,No traffic controls,60 km/h,State,88,Out of cont on bend,805,Out of control on bend,,Rollover,Motorcycle,,1,0,0,1,0,2,February,Summer,Sunday,10:00 - 11:59,Midday / afternoon,False,False,True,True
1346287,Injury,Moderate Injury,2024,2024,February,Thursday,14:00 - 15:59,DORA,ST,100,West,STATION,ST,MORISSET,217.0,No,Not a school zone,2-way undivided,-33.108918,151.486987,Lake Macquarie,Newcastle met. area,Syd-Newc-Woll Gtr conurbation,Straight,,Roadwks/Detour/Diverson,,Off,Sealed,Dry,Fine,Daylight,Nil,No traffic controls,50 km/h,State,35,Lane change left,307,Same - Lane change left,,Other angle,Car (sedan/hatch),Pedal cycle,2,0,0,1,1,2,February,Summer,Thursday,14:00 - 15:59,Midday / afternoon,False,False,True,True
1346289,Injury,Minor/Other Injury,2024,2024,February,Thursday,14:00 - 15:59,BLACKTOWN,RD,0,Right on the spot,THE NORTHERN,RD,SOUTH WINDSOR,537.0,No,Not a school zone,Roundabout,-33.64152,150.785727,Hawkesbury,Country urban,Syd-Newc-Woll Gtr conurbation,Straight,,,,Nil,Sealed,Dry,Fine,Daylight,Nil,Give way sign,80 km/h,State,32,Right rear,303,Same - Rear right,,Rear end,Car (sedan/hatch),4 wheel drive / SUV,2,0,0,0,1,2,February,Summer,Thursday,14:00 - 15:59,Midday / afternoon,False,False,True,True
1346292,Injury,Serious Injury,2024,2024,March,Monday,08:00 - 09:59,CARRINGTON,RD,0,Right on the spot,MACPHERSON,ST,RANDWICK,660.0,No,Not a school zone,X-intersection,-33.903991,151.252856,Randwick,Sydney metro. area,Syd-Newc-Woll Gtr conurbation,Straight,,,,Off,Sealed,Dry,Fine,Daylight,On,No right turn,50 km/h,State,10,Cross traffic,101,Adj - Cross traffic,,Right angle,Pedal cycle,Unknown motor vehicle,2,0,1,0,0,3,March,Autumn,Monday,08:00 - 09:59,AM peak / school commute,True,False,True,True
1346293,Injury,Serious Injury,2024,2024,January,Thursday,06:00 - 07:59,THE RIVER,RD,0,Right on the spot,URANUS,RD,REVESBY,2068.0,No,Not a school zone,X-intersection,-33.955406,151.016908,Canterbury-Bankstown,Sydney metro. area,Syd-Newc-Woll Gtr conurbation,Straight,,,,Off,Sealed,Dry,Fine,Daylight,On,No traffic controls,60 km/h,Regional,10,Cross traffic,101,Adj - Cross traffic,,Right angle,Car (sedan/hatch),4 wheel drive / SUV,3,0,1,0,0,1,January,Summer,Thursday,06:00 - 07:59,AM peak / school commute,True,False,True,True
1346295,Injury,Serious Injury,2024,2024,March,Thursday,18:00 - 19:59,BRAHMAN,RD,0,Right on the spot,PIMLICO,ST,BOX HILL,,No,Not a school zone,X-intersection,-33.645919,150.884674,The Hills,Sydney metro. area,Syd-Newc-Woll Gtr conurbation,Straight,Steep grade,,,On,Sealed,Dry,Fine,Darkness,Nil,Give way sign,50 km/h,Local,10,Cross traffic,101,Adj - Cross traffic,,Right angle,Pedal cycle,4 wheel drive / SUV,2,0,1,0,0,3,March,Autumn,Thursday,18:00 - 19:59,PM peak / evening commute,True,False,True,True
1346298,Injury,Moderate Injury,2024,2024,March,Monday,08:00 - 09:59,NORTH HEAD,DR,0,Right on the spot,HISTORIC QUARRY PARK REST AREA,OT,MORUYA,7630.0,No,Not a school zone,2-way undivided,-35.904224,150.114592,Eurobodalla,Country urban,Rest of NSW - Urban,Curved,Driveway/entrance,,,Nil,Sealed,Dry,Fine,Daylight,Nil,No traffic controls,80 km/h,Regional,32,Right rear,303,Same - Rear right,,Rear end,Car (sedan/hatch),Car (sedan/hatch),2,0,0,2,1,3,March,Autumn,Monday,08:00 - 09:59,AM peak / school commute,True,False,True,True
1346299,Injury,Serious Injury,2024,2024,February,Thursday,08:00 - 09:59,BOORGA,RD,0,Right on the spot,JONES,RD,LAKE WYANGAN,,No,Not a school zone,X-intersection,-34.234057,146.034832,Griffith,Country non-urban,Rest of NSW - Rural,Straight,,,,Nil,Sealed,Dry,Fine,Daylight,Nil,Give way sign,100 km/h,Local,10,Cross traffic,101,Adj - Cross traffic,,Right angle,4 wheel drive / SUV,Light truck,2,0,1,0,0,2,February,Summer,Thursday,08:00 - 09:59,AM peak / school commute,True,False,True,True
1346300,Injury,Moderate Injury,2024,2024,February,Tuesday,06:00 - 07:59,CUMBERLAND,HWY,0,Right on the spot,EVANS,RD,CARLINGFORD,13.0,No,Not a school zone,X-intersection,-33.7823,151.049886,Parramatta,Sydney metro. area,Syd-Newc-Woll Gtr conurbation,Curved,,,,On,Sealed,Wet,Raining,Dawn,Nil,Give way sign,60 km/h,State,10,Cross traffic,101,Adj - Cross traffic,,Right angle,Car (sedan/hatch),Light truck utility(from 2018),2,0,0,1,0,2,February,Summer,Tuesday,06:00 - 07:59,AM peak / school commute,True,False,True,True
1346302,Injury,Serious Injury,2024,2024,February,Saturday,14:00 - 15:59,BEECROFT,RD,205,South,PENNANT HILLS,RD,PENNANT HILLS,139.0,No,Not a school zone,2-way undivided,-33.741555,151.062346,Hornsby,Sydney metro. area,Syd-Newc-Woll Gtr conurbation,Curved,Steep grade,,,Nil,Sealed,Dry,Fine,Daylight,Nil,No traffic controls,60 km/h,State,85,Off rt/lft bnd=>obj,804,Off left bend into obj,Right,Vehicle - Object,Car (sedan/hatch),,1,0,1,0,0,2,February,Summer,Saturday,14:00 - 15:59,Midday / afternoon,False,False,True,True
1346306,Injury,Minor/Other Injury,2024,2024,March,Wednesday,10:00 - 11:59,BROAD ARROW,RD,0,Right on the spot,BRYANT,ST,NARWEE,7012.0,No,Not a school zone,T-junction,-33.948296,151.071524,Georges River,Sydney metro. area,Syd-Newc-Woll Gtr conurbation,Curved,,,,Off,Sealed,Dry,Fine,Daylight,Nil,Give way sign,40 km/h,Regional,10,Cross traffic,101,Adj - Cross traffic,,Right angle,Car (sedan/hatch),Car (sedan/hatch),2,0,0,0,1,3,March,Autumn,Wednesday,10:00 - 11:59,Midday / afternoon,False,False,True,True
1346309,Injury,Serious Injury,2024,2024,February,Wednesday,20:00 - 21:59,SACKVILLE,ST,0,Right on the spot,DELAMERE,ST,CANLEY VALE,7221.0,No,Not a school zone,X-intersection,-33.880497,150.940689,Fairfield,Sydney metro. area,Syd-Newc-Woll Gtr conurbation,Curved,,,,On,Sealed,Dry,Fine,Darkness,Nil,Stop sign,60 km/h,Regional,16,Left near,107,Adj - Left-thru from right,,Right angle,Car (sedan/hatch),4 wheel drive / SUV,2,0,1,1,0,2,February,Summer,Wednesday,20:00 - 21:59,Evening / night,False,False,True,True
1346310,Injury,Moderate Injury,2024,2024,March,Friday,16:00 - 17:59,MCDOUGALL,LANE,50,North,CECIL,AVE,CASTLE HILL,,No,Not a school zone,2-way undivided,-33.73476,151.003984,The Hills,Sydney metro. area,Syd-Newc-Woll Gtr conurbation,Straight,Driveway/entrance,,,Off,Sealed,Dry,Fine,Daylight,Nil,No traffic controls,10 km/h,Local,7,Driveway,7,Ped - driveway,,Vehicle - Pedestrian,Light truck utility(from 2018),Pedestrian,2,0,0,1,0,3,March,Autumn,Friday,16:00 - 17:59,PM peak / evening commute,True,False,True,True
1346311,Injury,Moderate Injury,2024,2024,March,Wednesday,08:00 - 09:59,HAMPDEN,RD,26,South,OLD PROSPECT,RD,SOUTH WENTWORTHVILLE,,No,Not a school zone,2-way undivided,-33.817577,150.964407,Cumberland,Sydney metro. area,Syd-Newc-Woll Gtr conurbation,Straight,,,,Off,Sealed,Dry,Fine,Daylight,Nil,No traffic controls,50 km/h,Local,0,Ped nearside,1,Ped - Near side,,Vehicle - Pedestrian,Light truck utility(from 2018),Pedestrian,2,0,0,1,0,3,March,Autumn,Wednesday,08:00 - 09:59,AM peak / school commute,True,False,True,True
1346312,Injury,Serious Injury,2024,2024,January,Sunday,10:00 - 11:59,GLENS CREEK,RD,1000,North,ARMIDALE,RD,NYMBOIDA,,No,Not a school zone,2-way undivided,-29.927597,152.7251,Clarence Valley,Country non-urban,Rest of NSW - Rural,Straight,,,"Loose gravel, sealed",Off,Sealed,Dry,Fine,Daylight,Nil,No traffic controls,100 km/h,Local,74,On road-out of cont.,705,Out of control on cway,,Rollover,Motorcycle,,1,0,1,0,0,1,January,Summer,Sunday,10:00 - 11:59,Midday / afternoon,False,False,True,True
1346313,Injury,Moderate Injury,2024,2024,February,Friday,16:00 - 17:59,CABBAGE TREE,RD,700,East,BARRIE,CL,WILLIAMTOWN,302.0,No,Not a school zone,2-way undivided,-32.813343,151.795442,Port Stephens,Country urban,Rest of NSW - Urban,Curved,Ditch/drain/culvert,,,Nil,Sealed,Dry,Fine,Dusk,Nil,No traffic controls,80 km/h,State,81,Off left/rt bnd=>obj,803,Off right bend into obj,Left,Vehicle - Object,Car (sedan/hatch),,1,0,0,1,0,2,February,Summer,Friday,16:00 - 17:59,PM peak / evening commute,True,False,True,True
1346314,Injury,Moderate Injury,2024,2024,February,Friday,14:00 - 15:59,CABRAMATTA,RD,0,Right on the spot,GLADSTONE,ST,CABRAMATTA,534.0,No,Not a school zone,X-intersection,-33.89689,150.927843,Fairfield,Sydney metro. area,Syd-Newc-Woll Gtr conurbation,Straight,,,,Off,Sealed,Dry,Fine,Daylight,On,Ped crossing,60 km/h,State,48,From footpath,408,Manov - From footway,,Other angle,Motorised scooter (mob. aid),4 wheel drive / SUV,2,0,0,1,0,2,February,Summer,Friday,14:00 - 15:59,Midday / afternoon,False,False,True,True
1346317,Injury,Serious Injury,2024,2024,March,Saturday,12:00 - 13:59,PEEL,ST,0,Right on the spot,BLIGH,ST,NORTH TAMWORTH,63.0,No,Not a school zone,T-junction,-31.081889,150.921741,Tamworth Regional,Country urban,Rest of NSW - Urban,Straight,,,,Off,Sealed,Dry,Fine,Daylight,Nil,Give way sign,60 km/h,State,10,Cross traffic,101,Adj - Cross traffic,,Right angle,Car (sedan/hatch),Car (sedan/hatch),2,0,1,1,0,3,March,Autumn,Saturday,12:00 - 13:59,Midday / afternoon,False,False,True,True
1346321,Injury,Serious Injury,2024,2024,February,Thursday,10:00 - 11:59,CAPTAIN COOK,DR,0,Right on the spot,GANNONS,RD,CARINGBAH,662.0,No,Not a school zone,Roundabout,-34.03836,151.134324,Sutherland,Sydney metro. area,Syd-Newc-Woll Gtr conurbation,Straight,,,,Off,Sealed,Dry,Fine,Daylight,Nil,Give way sign,70 km/h,State,10,Cross traffic,101,Adj - Cross traffic,,Right angle,Car (sedan/hatch),Car (sedan/hatch),2,0,1,0,0,2,February,Summer,Thursday,10:00 - 11:59,Midday / afternoon,False,False,True,True
1346330,Injury,Moderate Injury,2024,2024,February,Friday,14:00 - 15:59,PRINCES,HWY,0,Right on the spot,SOUTH,ST,ULLADULLA,1.0,No,Not a school zone,X-intersection,-35.360363,150.473662,Shoalhaven,Country urban,Rest of NSW - Urban,Straight,,,,Off,Sealed,Dry,Fine,Daylight,Nil,Stop sign,50 km/h,State,10,Cross traffic,101,Adj - Cross traffic,,Right angle,Car (sedan/hatch),4 wheel drive / SUV,2,0,0,1,0,2,February,Summer,Friday,14:00 - 15:59,Midday / afternoon,False,False,True,True
1346331,Injury,Serious Injury,2024,2024,March,Tuesday,14:00 - 15:59,GREAT NORTH,RD,0,Right on the spot,NUMBER 4673,HN,FERNANCES CROSSING,181.0,No,Not a school zone,2-way undivided,-33.058685,151.133109,Cessnock,Country urban,Rest of NSW - Urban,Curved,Steep grade,,,Nil,Sealed,Dry,Fine,Daylight,Nil,No traffic controls,80 km/h,Regional,86,Off left/left bend,802,Off cway left bend,Left,Rollover,Motorcycle,,1,0,1,0,0,3,March,Autumn,Tuesday,14:00 - 15:59,Midday / afternoon,False,False,True,True
1346338,Injury,Moderate Injury,2024,2024,February,Thursday,18:00 - 19:59,HUMPHRIES,RD,0,Right on the spot,ESSENDON,ST,ST JOHNS PARK,7221.0,No,Not a school zone,T-junction,-33.887672,150.90357,Fairfield,Sydney metro. area,Syd-Newc-Woll Gtr conurbation,Straight,,Police pursuit,,Off,Sealed,Dry,Fine,Daylight,Nil,Give way sign,60 km/h,Regional,30,Rear end,301,Same - Rear end,,Rear end,Light truck utility(from 2018),Car (sedan/hatch),2,0,0,2,0,2,February,Summer,Thursday,18:00 - 19:59,PM peak / evening commute,True,False,True,True
1346339,Injury,Moderate Injury,2024,2024,March,Friday,16:00 - 17:59,SILVERWATER,RD,50,North,SOUTH,ST,RYDALMERE,190.0,No,Not a school zone,Divided road,-33.817756,151.052053,Parramatta,Sydney metro. area,Syd-Newc-Woll Gtr conurbation,Straight,Embankment/cutting,,,Nil,Sealed,Dry,Fine,Daylight,Nil,No traffic controls,80 km/h,State,34,Lane change right,306,Same - Lane change right,,Other angle,Car (sedan/hatch),Light truck utility(from 2018),2,0,0,1,0,3,March,Autumn,Friday,16:00 - 17:59,PM peak / evening commute,True,False,True,True
1346341,Injury,Serious Injury,2024,2024,March,Sunday,08:00 - 09:59,SOUTHERN,EXP,200,South,PRINCES HIGHWAY,OP,DARKES FOREST,6006.0,No,Not a school zone,Dual freeway,-34.243503,150.942025,Wollongong,Wollongong met. area,Syd-Newc-Woll Gtr conurbation,Straight,,,,Nil,Sealed,Dry,Fine,Daylight,Nil,No traffic controls,110 km/h,State,30,Rear end,301,Same - Rear end,,Rear end,Light truck utility(from 2018),Station wagon,2,0,1,0,0,3,March,Autumn,Sunday,08:00 - 09:59,AM peak / school commute,True,False,True,True
1346343,Injury,Serious Injury,2024,2024,February,Thursday,08:00 - 09:59,ANZAC,PDE,0,Right on the spot,BROADBENT,ST,KINGSFORD,661.0,No,Not a school zone,X-intersection,-33.931247,151.23663,Randwick,Sydney metro. area,Syd-Newc-Woll Gtr conurbation,Curved,,,,Off,Sealed,Dry,Fine,Daylight,Nil,Give way sign,60 km/h,State,10,Cross traffic,101,Adj - Cross traffic,,Right angle,4 wheel drive / SUV,Pedal cycle,2,0,1,0,0,2,February,Summer,Thursday,08:00 - 09:59,AM peak / school commute,True,False,True,True
1346344,Injury,Minor/Other Injury,2024,2024,February,Thursday,18:00 - 19:59,RAILWAY,PDE,50,East,GARFIELD,ST,CARLTON,7006.0,No,Not a school zone,2-way undivided,-33.968859,151.122765,Georges River,Sydney metro. area,Syd-Newc-Woll Gtr conurbation,Straight,Steep grade,,,On,Sealed,Dry,Fine,Dusk,Nil,No traffic controls,50 km/h,Regional,63,Vehicle door,604,On path - Vehicle door,,Other angle,Pedal cycle,Station wagon,2,0,0,0,1,2,February,Summer,Thursday,18:00 - 19:59,PM peak / evening commute,True,False,True,True
1346346,Injury,Minor/Other Injury,2024,2024,January,Sunday,16:00 - 17:59,BOUNDARY,RD,0,Right on the spot,OLD PITT TOWN,RD,OAKVILLE,7205.0,No,Not a school zone,Roundabout,-33.633403,150.889674,The Hills,Sydney metro. area,Syd-Newc-Woll Gtr conurbation,Straight,,,,Off,Sealed,Dry,Fine,Daylight,Nil,Give way sign,80 km/h,Regional,10,Cross traffic,101,Adj - Cross traffic,,Right angle,4 wheel drive / SUV,4 wheel drive / SUV,2,0,0,0,1,1,January,Summer,Sunday,16:00 - 17:59,PM peak / evening commute,True,False,True,True
1346347,Injury,Moderate Injury,2024,2024,February,Sunday,12:00 - 13:59,SCENIC,HWY,200,East,FRANCIS,RD,TERRIGAL,,No,Not a school zone,2-way undivided,-33.450735,151.43661,Central Coast,Country urban,Syd-Newc-Woll Gtr conurbation,Curved,,,,Off,Sealed,Dry,Fine,Daylight,Nil,No traffic controls,50 km/h,Local,30,Rear end,301,Same - Rear end,,Rear end,4 wheel drive / SUV,Car (sedan/hatch),2,0,0,2,0,2,February,Summer,Sunday,12:00 - 13:59,Midday / afternoon,False,False,True,True
1346349,Injury,Minor/Other Injury,2024,2024,March,Saturday,10:00 - 11:59,MCLEAN,ST,10,South,ELIZABETH,DR,LIVERPOOL,535.0,No,Not a school zone,T-junction,-33.917926,150.912721,Liverpool,Sydney metro. area,Syd-Newc-Woll Gtr conurbation,Curved,Foot/cycle path/nature strip,,,Nil,Sealed,Dry,Fine,Daylight,Nil,Ped crossing,50 km/h,State,48,From footpath,408,Manov - From footway,,Other angle,Motorised scooter (mob. aid),Car (sedan/hatch),2,0,0,0,1,3,March,Autumn,Saturday,10:00 - 11:59,Midday / afternoon,False,False,True,True
1346358,Injury,Serious Injury,2024,2024,January,Wednesday,20:00 - 21:59,BULLER,ST,0,Right on the spot,PARK,ST,PORT MACQUARIE,,No,Not a school zone,T-junction,-31.431406,152.899665,Port Macquarie-Hastings,Country urban,Rest of NSW - Urban,Straight,,,,On,Sealed,Dry,Fine,Darkness,On,No traffic controls,50 km/h,Local,75,Off end of road,709,Off end cway or T junct,,Vehicle - Object,Car (sedan/hatch),,1,0,1,0,0,1,January,Summer,Wednesday,20:00 - 21:59,Evening / night,False,False,True,True
1346362,Injury,Moderate Injury,2024,2024,March,Monday,08:00 - 09:59,EIGHTH,AVE,0,Right on the spot,FOURTH,AVE,AUSTRAL,,No,Not a school zone,X-intersection,-33.937974,150.80467,Liverpool,Sydney metro. area,Syd-Newc-Woll Gtr conurbation,Straight,,,,Nil,Sealed,Dry,Fine,Daylight,Nil,Give way sign,60 km/h,Local,10,Cross traffic,101,Adj - Cross traffic,,Right angle,Car (sedan/hatch),4 wheel drive / SUV,2,0,0,2,0,3,March,Autumn,Monday,08:00 - 09:59,AM peak / school commute,True,False,True,True
1346365,Injury,Serious Injury,2024,2024,March,Monday,16:00 - 17:59,BYLONG VALLEY,WAY,14000,West,GOLDEN,HWY,BAERAMI,208.0,No,Not a school zone,2-way undivided,-32.382795,150.465015,Muswellbrook,Country non-urban,Rest of NSW - Rural,Curved,Painted double centre lines,,Potholes/corrugations/rough,Nil,Sealed,Dry,Fine,Daylight,Nil,No traffic controls,100 km/h,Regional,87,Off lft/lft bnd=>obj,804,Off left bend into obj,Left,Vehicle - Object,Light truck utility(from 2018),,1,0,1,0,0,3,March,Autumn,Monday,16:00 - 17:59,PM peak / evening commute,True,False,True,True
1346369,Injury,Serious Injury,2024,2024,February,Saturday,18:00 - 19:59,FITZROY,ST,0,Right on the spot,VILLIERS,ST,GRAFTON,83.0,No,Not a school zone,Roundabout,-29.693374,152.936713,Clarence Valley,Country urban,Rest of NSW - Urban,Straight,,,,Nil,Sealed,Wet,Raining,Darkness,Nil,Give way sign,50 km/h,State,0,Ped nearside,1,Ped - Near side,,Vehicle - Pedestrian,Light truck utility(from 2018),Pedestrian,2,0,1,0,0,2,February,Summer,Saturday,18:00 - 19:59,PM peak / evening commute,True,False,True,True
1346370,Injury,Minor/Other Injury,2024,2024,February,Monday,22:00 - Midnight,GREAT WESTERN,HWY,0,Right on the spot,MARLBOROUGH,RD,HOMEBUSH WEST,5.0,No,Not a school zone,T-junction,-33.85845,151.069509,Strathfield,Sydney metro. area,Syd-Newc-Woll Gtr conurbation,Straight,Underpass/tunnel,,,On,Sealed,Dry,Fine,Darkness,On,No traffic controls,60 km/h,State,21,Right through,202,Opp - Right-thru,,Other angle,Light truck utility(from 2018),Car (sedan/hatch),2,0,0,0,1,2,February,Summer,Monday,22:00 - Midnight,Evening / night,False,False,True,True
1346373,Injury,Serious Injury,2024,2024,March,Tuesday,08:00 - 09:59,IMLAY,RD,14000,West,PRINCES,HWY,YAMBULLA,,No,Not a school zone,2-way undivided,-37.228591,149.684217,Bega Valley,Country urban,Rest of NSW - Urban,Curved,Embankment/cutting,Roadwks/Detour/Diverson,"Loose gravel, sealed",Nil,Sealed,Dry,Fine,Daylight,Nil,No traffic controls,60 km/h,Local,84,Off right/left bend,802,Off cway left bend,Right,Rollover,Light truck utility(from 2018),,1,0,1,0,0,3,March,Autumn,Tuesday,08:00 - 09:59,AM peak / school commute,True,False,True,True