crash_id,degree_of_crash,degree_of_crash_-_detailed,reporting_year,year_of_crash,month_of_crash,day_of_week_of_crash,two-hour_intervals,street_of_crash,street_type,distance,direction,identifying_feature,identifying_feature_type,town,route_no.,school_zone_location,school_zone_active,type_of_location,latitude,longitude,lga,urbanisation,conurbation_1,alignment,primary_permanent_feature,primary_temporary_feature,primary_hazardous_feature,street_lighting,road_surface,surface_condition,weather,natural_lighting,signals_operation,other_traffic_control,speed_limit,road_classification_(admin),rum_-_code,rum_-_description,dca_-_code,dca_-_description,dca_supplement,first_impact_type,key_tu_type,other_tu_type,no._of_traffic_units_involved,no._killed,no._seriously_injured,no._moderately_injured,no._minor-other_injured,month_num,month_label,season,day_label,time_label,time_band,is_peak_commute,is_fatal,is_injury,is_casualty
1346376,Injury,Minor/Other Injury,2024,2024,February,Friday,22:00 - Midnight,TINONEE,RD,1150,North,BOOTAWA DAM,RD,THE BIGHT,,No,Not a school zone,2-way undivided,-31.895827,152.382602,Mid-Coast,Country urban,Rest of NSW - Urban,Curved,Steep grade,,,Nil,Sealed,Dry,Fine,Darkness,Nil,No traffic controls,80 km/h,Local,81,Off left/rt bnd=>obj,803,Off right bend into obj,Left,Vehicle - Object,Utility,,1,0,0,0,1,2,February,Summer,Friday,22:00 - Midnight,Evening / night,False,False,True,True
1346380,Injury,Moderate Injury,2024,2024,January,Thursday,10:00 - 11:59,PRINGLE,AVE,0,Right on the spot,NUMBER 113,HN,BELROSE,,No,Not a school zone,2-way undivided,-33.728958,151.217193,Northern Beaches,Sydney metro. area,Syd-Newc-Woll Gtr conurbation,Straight,,,,Off,Sealed,Dry,Fine,Daylight,Nil,No traffic controls,50 km/h,Local,42,Leaving parking,401,Manov - Leaving parking,,Other angle,4 wheel drive / SUV,Motorcycle,2,0,0,1,0,1,January,Summer,Thursday,10:00 - 11:59,Midday / afternoon,False,False,True,True
1346381,Injury,Serious Injury,2024,2024,February,Thursday,02:00 - 03:59,BARRIER,HWY,130000,West,BATHURST,ST,NOONA,8.0,No,Not a school zone,2-way undivided,-31.51944,144.505666,Cobar,Country non-urban,Rest of NSW - Rural,Straight,Ditch/drain/culvert,,,Off,Sealed,Dry,Fine,Darkness,Nil,No traffic controls,110 km/h,State,72,Off road to right,702,Off carriageway to right,,Rollover,B-double (road train prior 98),,1,0,1,0,0,2,February,Summer,Thursday,02:00 - 03:59,Late night / early morning,False,False,True,True
1346382,Injury,Moderate Injury,2024,2024,February,Tuesday,12:00 - 13:59,WENTWORTH,AVE,0,Right on the spot,CORNELIA,RD,TOONGABBIE,7279.0,No,Not a school zone,Roundabout,-33.785284,150.952477,Parramatta,Sydney metro. area,Syd-Newc-Woll Gtr conurbation,Straight,,,,Nil,Sealed,Wet,Raining,Daylight,Nil,Give way sign,60 km/h,Regional,23,Right/left,203,Opp - Right-left,,Other angle,4 wheel drive / SUV,Car (sedan/hatch),2,0,0,1,0,2,February,Summer,Tuesday,12:00 - 13:59,Midday / afternoon,False,False,True,True
1346383,Injury,Serious Injury,2024,2024,February,Friday,12:00 - 13:59,HOWES,TRL,3000,East,PUTTY,RD,HOWES VALLEY,,No,Not a school zone,2-way undivided,-32.86027,150.853124,Singleton,Country non-urban,Rest of NSW - Rural,Curved,Crest,,Potholes/corrugations/rough,Nil,Unsealed,Dry,Fine,Daylight,Nil,No traffic controls,100 km/h,Local,88,Out of cont on bend,805,Out of control on bend,,Rollover,Motorcycle,,1,0,1,0,0,2,February,Summer,Friday,12:00 - 13:59,Midday / afternoon,False,False,True,True
1346385,Injury,Serious Injury,2024,2024,February,Thursday,14:00 - 15:59,JACANA,CL,0,Right on the spot,NUMBER 7,HN,WAHROONGA,,No,Not a school zone,2-way undivided,-33.708855,151.14033,Ku-ring-gai,Sydney metro. area,Syd-Newc-Woll Gtr conurbation,Straight,Steep grade,,,Nil,Sealed,Dry,Fine,Daylight,Nil,No traffic controls,50 km/h,Local,9,Ped other,0,Ped - other,,Vehicle - Pedestrian,Light truck,Pedestrian,2,0,1,0,0,2,February,Summer,Thursday,14:00 - 15:59,Midday / afternoon,False,False,True,True
1346390,Injury,Moderate Injury,2024,2024,February,Thursday,18:00 - 19:59,CARRINGTON,AVE,0,Right on the spot,WARWICK,ST,HURSTVILLE,,No,Not a school zone,X-intersection,-33.954471,151.090991,Georges River,Sydney metro. area,Syd-Newc-Woll Gtr conurbation,Straight,,,,Nil,Sealed,Dry,Fine,Daylight,Nil,Stop sign,50 km/h,Local,10,Cross traffic,101,Adj - Cross traffic,,Right angle,Car (sedan/hatch),4 wheel drive / SUV,2,0,0,1,0,2,February,Summer,Thursday,18:00 - 19:59,PM peak / evening commute,True,False,True,True
1346391,Injury,Serious Injury,2024,2024,February,Wednesday,14:00 - 15:59,OXLEY,HWY,0,Right on the spot,COLE,RD,TAMINDA,11.0,No,Not a school zone,Roundabout,-31.097867,150.890978,Tamworth Regional,Country urban,Rest of NSW - Urban,Straight,,,,Off,Sealed,Dry,Fine,Daylight,Nil,Give way sign,60 km/h,State,10,Cross traffic,101,Adj - Cross traffic,,Right angle,Car (sedan/hatch),Motorcycle,2,0,1,0,0,2,February,Summer,Wednesday,14:00 - 15:59,Midday / afternoon,False,False,True,True
1346395,Injury,Moderate Injury,2024,2024,March,Wednesday,00:01 - 01:59,PACIFIC,HWY,55,North,STANHOPE,RD,KILLARA,10.0,No,Not a school zone,Divided road,-33.76931,151.159822,Ku-ring-gai,Sydney metro. area,Syd-Newc-Woll Gtr conurbation,Straight,,,,On,Sealed,Dry,Fine,Darkness,Nil,No traffic controls,60 km/h,State,39,Other same direction,300,Same - other,,Other angle,Light truck utility(from 2018),Car (sedan/hatch),2,0,0,1,0,3,March,Autumn,Wednesday,00:01 - 01:59,Late night / early morning,False,False,True,True
1346400,Injury,Moderate Injury,2024,2024,February,Wednesday,20:00 - 21:59,RUSHES CREEK,RD,1260,East,MOYS,LANE,RUSHES CREEK,7711.0,No,Not a school zone,2-way undivided,-30.786325,150.655218,Tamworth Regional,Country non-urban,Rest of NSW - Rural,Curved,Ditch/drain/culvert,,,Nil,Sealed,Dry,Fine,Darkness,Nil,No traffic controls,100 km/h,Regional,80,Off left/right bend,801,Off cway right bend,Left,Rollover,Light truck utility(from 2018),,1,0,0,1,0,2,February,Summer,Wednesday,20:00 - 21:59,Evening / night,False,False,True,True
1346401,Injury,Serious Injury,2024,2024,February,Thursday,10:00 - 11:59,DARCY,RD,0,Right on the spot,FARMHOUSE,RD,WESTMEAD,7481.0,Yes,No,X-intersection,-33.805642,150.987246,Parramatta,Sydney metro. area,Syd-Newc-Woll Gtr conurbation,Straight,,,,Off,Sealed,Wet,Raining,Daylight,On,No traffic controls,40 km/h,Regional,21,Right through,202,Opp - Right-thru,,Other angle,Car (sedan/hatch),4 wheel drive / SUV,2,0,1,0,1,2,February,Summer,Thursday,10:00 - 11:59,Midday / afternoon,False,False,True,True
1346407,Injury,Serious Injury,2024,2024,March,Thursday,08:00 - 09:59,DENING,ST,0,Right on the spot,THE ENTRANCE,RD,THE ENTRANCE,,No,Not a school zone,T-junction,-33.344678,151.4964,Central Coast,Country urban,Syd-Newc-Woll Gtr conurbation,Straight,,,,Off,Sealed,Dry,Fine,Daylight,On,Ped crossing,50 km/h,Local,0,Ped nearside,1,Ped - Near side,,Vehicle - Pedestrian,Car (sedan/hatch),Pedestrian,2,0,1,0,0,3,March,Autumn,Thursday,08:00 - 09:59,AM peak / school commute,True,False,True,True
1346408,Injury,Moderate Injury,2024,2024,February,Friday,18:00 - 19:59,HUME,HWY,1000,North,CHURCH AVENUE,OP,ALPINE,2.0,No,Not a school zone,Dual freeway,-34.397901,150.513271,Wingecarribee,Country non-urban,Rest of NSW - Rural,Straight,,,,Nil,Sealed,Wet,Fine,Dusk,Nil,No traffic controls,110 km/h,State,74,On road-out of cont.,705,Out of control on cway,,Rollover,Large rigid,,1,0,0,1,0,2,February,Summer,Friday,18:00 - 19:59,PM peak / evening commute,True,False,True,True
1346412,Injury,Moderate Injury,2024,2024,March,Thursday,14:00 - 15:59,PACIFIC,HWY,15,South,ALBANY,ST,ST LEONARDS,10.0,No,Not a school zone,Divided road,-33.823906,151.197353,North Sydney,Sydney metro. area,Syd-Newc-Woll Gtr conurbation,Straight,,,,Off,Sealed,Dry,Fine,Daylight,Nil,No traffic controls,60 km/h,State,30,Rear end,301,Same - Rear end,,Rear end,Car (sedan/hatch),Car (sedan/hatch),2,0,0,1,0,3,March,Autumn,Thursday,14:00 - 15:59,Midday / afternoon,False,False,True,True
1346413,Injury,Serious Injury,2024,2024,February,Sunday,16:00 - 17:59,PURLEWAUGH,RD,1200,East,NAPIER,LANE,ULAMAMBRI,129.0,No,Not a school zone,2-way undivided,-31.325073,149.417581,Warrumbungle,Country non-urban,Rest of NSW - Rural,Straight,Steep grade,,,Nil,Sealed,Wet,Raining,Daylight,Nil,No traffic controls,100 km/h,Regional,71,Off rd left => obj,703,Left off cway into object,,Vehicle - Object,Light truck utility(from 2018),,1,0,1,0,0,2,February,Summer,Sunday,16:00 - 17:59,PM peak / evening commute,True,False,True,True
1346421,Injury,Moderate Injury,2024,2024,March,Friday,14:00 - 15:59,GLADSTONE,ST,0,Right on the spot,NUMBER 89,HN,MUDGEE,,No,Not a school zone,2-way undivided,-32.594656,149.583967,Mid-Western Regional,Country urban,Rest of NSW - Urban,Straight,Driveway/entrance,,,Nil,Sealed,Dry,Fine,Daylight,Nil,No traffic controls,50 km/h,Local,47,Emerging from drive,406,Manov - Emerging from driveway,,Right angle,4 wheel drive / SUV,Pedal cycle,2,0,0,1,0,3,March,Autumn,Friday,14:00 - 15:59,Midday / afternoon,False,False,True,True
1346423,Injury,Moderate Injury,2024,2024,March,Wednesday,18:00 - 19:59,FREEMANTLE,RD,200,South,MOUNT RANKIN,RD,MOUNT RANKIN,,No,Not a school zone,2-way undivided,-33.364261,149.512968,Bathurst Regional,Country non-urban,Rest of NSW - Rural,Curved,,,Potholes/corrugations/rough,Nil,Sealed,Dry,Fine,Darkness,Nil,No traffic controls,100 km/h,Local,81,Off left/rt bnd=>obj,803,Off right bend into obj,Left,Vehicle - Object,Light truck utility(from 2018),,1,0,0,1,0,3,March,Autumn,Wednesday,18:00 - 19:59,PM peak / evening commute,True,False,True,True
1346428,Injury,Moderate Injury,2024,2024,January,Tuesday,06:00 - 07:59,SCHOFIELDS,RD,0,Right on the spot,RAILWAY,TCE,SCHOFIELDS,687.0,No,Not a school zone,X-intersection,-33.701655,150.873382,Blacktown,Sydney metro. area,Syd-Newc-Woll Gtr conurbation,Straight,,,,On,Sealed,Wet,Raining,Daylight,On,No traffic controls,70 km/h,State,81,Off left/rt bnd=>obj,707,Right turn,Left,Vehicle - Object,4 wheel drive / SUV,,1,0,0,1,0,1,January,Summer,Tuesday,06:00 - 07:59,AM peak / school commute,True,False,True,True
1346429,Injury,Moderate Injury,2024,2024,February,Wednesday,14:00 - 15:59,OLD PRINCES,HWY,0,Right on the spot,SOUTHERN,EXP,WORONORA DAM,678.0,No,Not a school zone,T-junction,-34.206322,150.961418,Wollongong,Wollongong met. area,Syd-Newc-Woll Gtr conurbation,Straight,Steep grade,,,Off,Sealed,Dry,Fine,Daylight,Nil,Stop sign,70 km/h,Regional,10,Cross traffic,101,Adj - Cross traffic,,Right angle,4 wheel drive / SUV,Pedal cycle,2,0,0,1,0,2,February,Summer,Wednesday,14:00 - 15:59,Midday / afternoon,False,False,True,True
1346430,Injury,Moderate Injury,2024,2024,March,Thursday,08:00 - 09:59,KENT,ST,0,Right on the spot,NUMBER 488,HN,SYDNEY,,Yes,No,1-way street,-33.874717,151.205333,Sydney,Sydney metro. area,Syd-Newc-Woll Gtr conurbation,Straight,Foot/cycle path/nature strip,,,On,Sealed,Dry,Fine,Daylight,Nil,No traffic controls,40 km/h,Local,36,Right turn sideswipe,308,Same - Rgt turn side swipe,,Other angle,4 wheel drive / SUV,Unknown motor vehicle,2,0,0,1,0,3,March,Autumn,Thursday,08:00 - 09:59,AM peak / school commute,True,False,True,True
1346433,Injury,Serious Injury,2024,2024,February,Sunday,00:01 - 01:59,BOURKE,ST,0,Right on the spot,CHURCH,AVE,MASCOT,,No,Not a school zone,X-intersection,-33.922278,151.18737,Bayside,Sydney metro. area,Syd-Newc-Woll Gtr conurbation,Straight,,,,On,Sealed,Dry,Fine,Darkness,Nil,No traffic controls,50 km/h,Local,21,Right through,202,Opp - Right-thru,,Other angle,Station wagon,Motor scooter,2,0,1,0,0,2,February,Summer,Sunday,00:01 - 01:59,Late night / early morning,False,False,True,True
1346435,Injury,Minor/Other Injury,2024,2024,March,Friday,06:00 - 07:59,PERMANENT,AVE,0,Right on the spot,RIVERVIEW,RD,EARLWOOD,7053.0,No,Not a school zone,Roundabout,-33.915659,151.133998,Canterbury-Bankstown,Sydney metro. area,Syd-Newc-Woll Gtr conurbation,Straight,,,,Nil,Sealed,Dry,Fine,Dawn,Nil,Give way sign,50 km/h,Regional,21,Right through,202,Opp - Right-thru,,Other angle,Pedal cycle,Car (sedan/hatch),2,0,0,0,1,3,March,Autumn,Friday,06:00 - 07:59,AM peak / school commute,True,False,True,True
1346436,Injury,Serious Injury,2024,2024,March,Friday,08:00 - 09:59,LAKE,ST,0,Right on the spot,SOUTH,ST,WINDALE,,No,Not a school zone,X-intersection,-32.992503,151.682676,Lake Macquarie,Newcastle met. area,Syd-Newc-Woll Gtr conurbation,Straight,,,,Off,Sealed,Dry,Fine,Daylight,Off,No traffic controls,40 km/h,Local,21,Right through,202,Opp - Right-thru,,Other angle,4 wheel drive / SUV,Car (sedan/hatch),2,0,1,1,0,3,March,Autumn,Friday,08:00 - 09:59,AM peak / school commute,True,False,True,True
1346438,Injury,Moderate Injury,2024,2024,March,Saturday,00:01 - 01:59,BEXLEY,RD,0,Right on the spot,HOMER,ST,EARLWOOD,169.0,No,Not a school zone,X-intersection,-33.932666,151.110005,Canterbury-Bankstown,Sydney metro. area,Syd-Newc-Woll Gtr conurbation,Straight,,,,On,Sealed,Dry,Fine,Darkness,On,No traffic controls,60 km/h,State,73,Off rd rght => obj,704,Right off cway into obj,,Vehicle - Object,Car (sedan/hatch),,1,0,0,1,0,3,March,Autumn,Saturday,00:01 - 01:59,Late night / early morning,False,False,True,True
1346443,Injury,Minor/Other Injury,2024,2024,March,Wednesday,14:00 - 15:59,MIDSON,RD,0,Right on the spot,NUMBER 74,HN,EASTWOOD,,No,Not a school zone,2-way undivided,-33.782638,151.073896,Parramatta,Sydney metro. area,Syd-Newc-Woll Gtr conurbation,Straight,Driveway/entrance,,,Nil,Sealed,Dry,Fine,Daylight,Nil,No traffic controls,50 km/h,Local,49,Other manoeuvring,400,Manov - other,,Other angle,4 wheel drive / SUV,Station wagon,2,0,0,0,1,3,March,Autumn,Wednesday,14:00 - 15:59,Midday / afternoon,False,False,True,True
1346445,Injury,Serious Injury,2024,2024,February,Thursday,18:00 - 19:59,PACIFIC,HWY,1000,South,BROOKLYN,RD,COWAN,10.0,No,Not a school zone,2-way undivided,-33.552589,151.193302,Hornsby,Sydney metro. area,Syd-Newc-Woll Gtr conurbation,Curved,,,,Nil,Sealed,Dry,Fine,Daylight,Nil,No traffic controls,80 km/h,State,66,Object on road,607,On path - Hit temp object,,Vehicle - Object,Motorcycle,,1,0,1,0,0,2,February,Summer,Thursday,18:00 - 19:59,PM peak / evening commute,True,False,True,True
1346446,Injury,Serious Injury,2024,2024,March,Saturday,10:00 - 11:59,GREAT WESTERN,HWY,100,West,STOCKLAND,DR,KELSO,5.0,No,Not a school zone,Divided road,-33.418439,149.600524,Bathurst Regional,Country urban,Rest of NSW - Urban,Straight,,,,Off,Sealed,Dry,Overcast,Daylight,Nil,No traffic controls,70 km/h,State,30,Rear end,301,Same - Rear end,,Rear end,Utility,4 wheel drive / SUV,2,0,1,0,0,3,March,Autumn,Saturday,10:00 - 11:59,Midday / afternoon,False,False,True,True
1346452,Injury,Minor/Other Injury,2024,2024,February,Sunday,18:00 - 19:59,COPPERFIELD,DR,0,Right on the spot,CYMBELINE,ST,ROSEMEADOW,,No,Not a school zone,T-junction,-34.09745,150.7976,Campbelltown,Sydney metro. area,Syd-Newc-Woll Gtr conurbation,Straight,,,,Nil,Sealed,Dry,Fine,Daylight,Nil,No traffic controls,60 km/h,Local,10,Cross traffic,101,Adj - Cross traffic,,Right angle,Motorcycle,Car (sedan/hatch),2,0,0,0,1,2,February,Summer,Sunday,18:00 - 19:59,PM peak / evening commute,True,False,True,True
1346454,Injury,Serious Injury,2024,2024,February,Monday,10:00 - 11:59,FILTER,RD,0,Right on the spot,NUMBER 56,HN,WEST NOWRA,,No,Not a school zone,2-way undivided,-34.887937,150.581853,Shoalhaven,Country urban,Rest of NSW - Urban,Straight,Driveway/entrance,,,Nil,Sealed,Dry,Fine,Daylight,Nil,No traffic controls,50 km/h,Local,49,Other manoeuvring,400,Manov - other,,Other angle,Car (sedan/hatch),Large rigid,2,0,1,0,0,2,February,Summer,Monday,10:00 - 11:59,Midday / afternoon,False,False,True,True
1346457,Injury,Moderate Injury,2024,2024,February,Friday,14:00 - 15:59,GREAT WESTERN,HWY,0,Right on the spot,KINGTON,ST,MINCHINBURY,5.0,No,Not a school zone,X-intersection,-33.78741,150.848177,Blacktown,Sydney metro. area,Syd-Newc-Woll Gtr conurbation,Straight,Steep grade,,,Off,Sealed,Dry,Fine,Daylight,Nil,Give way sign,80 km/h,State,10,Cross traffic,101,Adj - Cross traffic,,Right angle,4 wheel drive / SUV,Car (sedan/hatch),3,0,0,3,0,2,February,Summer,Friday,14:00 - 15:59,Midday / afternoon,False,False,True,True
1346458,Injury,Serious Injury,2024,2024,February,Tuesday,06:00 - 07:59,GILROY,LANE,0,Right on the spot,TURRAMURRA,AVE,TURRAMURRA,,No,Not a school zone,T-junction,-33.732694,151.130859,Ku-ring-gai,Sydney metro. area,Syd-Newc-Woll Gtr conurbation,Straight,,,,Nil,Sealed,Dry,Overcast,Daylight,Nil,No traffic controls,50 km/h,Local,48,From footpath,408,Manov - From footway,,Other angle,Pedal cycle,Light truck utility(from 2018),2,0,1,0,0,2,February,Summer,Tuesday,06:00 - 07:59,AM peak / school commute,True,False,True,True
1346463,Injury,Moderate Injury,2024,2024,March,Tuesday,10:00 - 11:59,TERMINUS,ST,0,Right on the spot,PIRIE,ST,LIVERPOOL,512.0,No,Not a school zone,X-intersection,-33.926237,150.922773,Liverpool,Sydney metro. area,Syd-Newc-Woll Gtr conurbation,Straight,,,,Nil,Sealed,Dry,Fine,Daylight,On,No traffic controls,60 km/h,State,21,Right through,202,Opp - Right-thru,,Other angle,Car (sedan/hatch),Passenger van,2,0,0,2,0,3,March,Autumn,Tuesday,10:00 - 11:59,Midday / afternoon,False,False,True,True
1346465,Injury,Minor/Other Injury,2024,2024,February,Thursday,10:00 - 11:59,RAILWAY,ST,10,North,BROWN,ST,CHATSWOOD,,No,Not a school zone,T-junction,-33.79624,151.180358,Willoughby,Sydney metro. area,Syd-Newc-Woll Gtr conurbation,Straight,Bus/transit lane,,,On,Sealed,Wet,Raining,Daylight,Nil,No traffic controls,40 km/h,Local,34,Lane change right,306,Same - Lane change right,,Other angle,4 wheel drive / SUV,Station wagon,2,0,0,0,1,2,February,Summer,Thursday,10:00 - 11:59,Midday / afternoon,False,False,True,True
1346540,Injury,Minor/Other Injury,2024,2024,January,Sunday,00:01 - 01:59,LIVERPOOL,ST,0,Right on the spot,ELIZABETH STREET,TO,SYDNEY,,No,Not a school zone,Divided road,-33.876819,151.209626,Sydney,Sydney metro. area,Syd-Newc-Woll Gtr conurbation,Straight,,,,On,Sealed,Dry,Fine,Darkness,On,Ped crossing,40 km/h,Local,0,Ped nearside,1,Ped - Near side,,Vehicle - Pedestrian,Unknown motor vehicle,Pedestrian,2,0,0,0,1,1,January,Summer,Sunday,00:01 - 01:59,Late night / early morning,False,False,True,True
1346542,Injury,Moderate Injury,2024,2024,January,Monday,00:01 - 01:59,SOUTHERN,EXP,350,North,NORTHCLIFFE DRIVE,OP,BERKELEY,6006.0,No,Not a school zone,Dual freeway,-34.471254,150.834653,Wollongong,Wollongong met. area,Syd-Newc-Woll Gtr conurbation,Straight,,,,Unknown / not stated,Sealed,Dry,Fine,Darkness,Nil,No traffic controls,100 km/h,State,30,Rear end,301,Same - Rear end,,Rear end,Car (sedan/hatch),4 wheel drive / SUV,2,0,0,1,0,1,January,Summer,Monday,00:01 - 01:59,Late night / early morning,False,False,True,True
1346547,Injury,Moderate Injury,2024,2024,January,Tuesday,00:01 - 01:59,SNOWY MOUNTAINS,HWY,100,North,DRY PLAINS,RD,DRY PLAIN,4.0,No,Not a school zone,2-way undivided,-36.103244,148.879568,Snowy Monaro Regional,Country non-urban,Rest of NSW - Rural,Straight,Steep grade,,,Nil,Sealed,Dry,Overcast,Darkness,Nil,No traffic controls,100 km/h,State,74,On road-out of cont.,705,Out of control on cway,,Rollover,4 wheel drive / SUV,,1,0,0,1,0,1,January,Summer,Tuesday,00:01 - 01:59,Late night / early morning,False,False,True,True
1346548,Injury,Serious Injury,2024,2024,January,Monday,16:00 - 17:59,KINGSWOOD,RD,0,Right on the spot,LALOR,CRES,ENGADINE,,No,Not a school zone,T-junction,-34.05178,151.018504,Sutherland,Sydney metro. area,Syd-Newc-Woll Gtr conurbation,Straight,Floodway/dip,,,Off,Sealed,Dry,Fine,Dusk,Nil,Give way sign,50 km/h,Local,75,Off end of road,709,Off end cway or T junct,,Vehicle - Object,Motorcycle,,1,0,1,0,0,1,January,Summer,Monday,16:00 - 17:59,PM peak / evening commute,True,False,True,True
1346549,Injury,Moderate Injury,2024,2024,January,Saturday,16:00 - 17:59,ANZAC,PDE,0,Right on the spot,BASS,ST,KINGSFORD,661.0,No,Not a school zone,T-junction,-33.928913,151.234932,Randwick,Sydney metro. area,Syd-Newc-Woll Gtr conurbation,Straight,,,,Nil,Sealed,Dry,Fine,Daylight,Nil,Give way sign,60 km/h,State,10,Cross traffic,101,Adj - Cross traffic,,Right angle,Car (sedan/hatch),4 wheel drive / SUV,2,0,0,1,0,1,January,Summer,Saturday,16:00 - 17:59,PM peak / evening commute,True,False,True,True
1346554,Injury,Serious Injury,2024,2024,January,Friday,04:00 - 05:59,UNDERWOOD,RD,0,Right on the spot,HOMEBUSH BAY,DR,SYDNEY OLYMPIC PARK,7324.0,No,Not a school zone,Roundabout,-33.853878,151.076936,Parramatta,Sydney metro. area,Syd-Newc-Woll Gtr conurbation,Straight,Underpass/tunnel,,,Nil,Sealed,Dry,Fine,Dawn,Unknown / not stated,Give way sign,60 km/h,Regional,10,Cross traffic,101,Adj - Cross traffic,,Right angle,4 wheel drive / SUV,Pedal cycle,2,0,1,0,0,1,January,Summer,Friday,04:00 - 05:59,Late night / early morning,False,False,True,True
1346557,Injury,Serious Injury,2024,2024,January,Tuesday,16:00 - 17:59,BANJO PATERSON,WAY,100,South,NEVILLES,RD,YEOVAL,234.0,No,Not a school zone,2-way undivided,-32.803365,148.690478,Cabonne,Country non-urban,Rest of NSW - Rural,Curved,Ditch/drain/culvert,,,Nil,Sealed,Dry,Fine,Daylight,Nil,No traffic controls,100 km/h,Regional,85,Off rt/lft bnd=>obj,804,Off left bend into obj,Right,Vehicle - Object,Car (sedan/hatch),,1,0,1,0,1,1,January,Summer,Tuesday,16:00 - 17:59,PM peak / evening commute,True,False,True,True
1346558,Injury,Serious Injury,2024,2024,January,Wednesday,18:00 - 19:59,MULGOA,RD,0,Right on the spot,NUMBER 1477-1479,HN,MULGOA,155.0,No,Not a school zone,2-way undivided,-33.855729,150.647116,Penrith,Sydney metro. area,Syd-Newc-Woll Gtr conurbation,Curved,Steep grade,,,Nil,Sealed,Wet,Fine,Dusk,Nil,No traffic controls,80 km/h,State,20,Head on,201,Opp - Head on,,Head-on,Car (sedan/hatch),Car (sedan/hatch),2,0,2,0,0,1,January,Summer,Wednesday,18:00 - 19:59,PM peak / evening commute,True,False,True,True
1346560,Injury,Serious Injury,2024,2024,January,Wednesday,08:00 - 09:59,LECONFIELD,RD,0,Right on the spot,NUMBER 104,HN,LECONFIELD,,No,Not a school zone,2-way undivided,-32.661131,151.390669,Singleton,Country urban,Rest of NSW - Urban,Curved,Embankment/cutting,,,Nil,Sealed,Dry,Fine,Daylight,Nil,No traffic controls,80 km/h,Local,81,Off left/rt bnd=>obj,803,Off right bend into obj,Left,Vehicle - Object,Light truck utility(from 2018),,1,0,1,0,0,1,January,Summer,Wednesday,08:00 - 09:59,AM peak / school commute,True,False,True,True
1346562,Injury,Moderate Injury,2024,2024,January,Wednesday,14:00 - 15:59,KINGS,HWY,200,South,PINEWOOD,CL,CARWOOLA,51.0,No,Not a school zone,2-way undivided,-35.340458,149.284824,Queanbeyan-Palerang Regional,Country urban,Rest of NSW - Urban,Straight,Painted double centre lines,,,Nil,Sealed,Wet,Raining,Daylight,Nil,No traffic controls,80 km/h,State,20,Head on,201,Opp - Head on,,Head-on,Light truck utility(from 2018),Car (sedan/hatch),2,0,0,1,0,1,January,Summer,Wednesday,14:00 - 15:59,Midday / afternoon,False,False,True,True
1346565,Injury,Moderate Injury,2024,2024,January,Sunday,00:01 - 01:59,THE ESCORT,WAY,3000,East,AMAROO,RD,BORENORE,61.0,No,Not a school zone,2-way undivided,-33.258379,148.999911,Cabonne,Country non-urban,Rest of NSW - Rural,Curved,Embankment/cutting,,,Nil,Sealed,Dry,Fine,Darkness,Nil,No traffic controls,100 km/h,State,84,Off right/left bend,802,Off cway left bend,Right,Rollover,4 wheel drive / SUV,,1,0,0,1,0,1,January,Summer,Sunday,00:01 - 01:59,Late night / early morning,False,False,True,True
1346568,Injury,Moderate Injury,2024,2024,January,Monday,18:00 - 19:59,NORTHCOTE,AVE,0,Right on the spot,NUMBER 155B,HN,SWANSEA,,No,Not a school zone,2-way undivided,-33.098189,151.646563,Lake Macquarie,Newcastle met. area,Syd-Newc-Woll Gtr conurbation,Straight,,,,Off,Sealed,Dry,Fine,Dusk,Nil,No traffic controls,50 km/h,Local,71,Off rd left => obj,703,Left off cway into object,,Other angle,4 wheel drive / SUV,Car (sedan/hatch),2,0,0,1,0,1,January,Summer,Monday,18:00 - 19:59,PM peak / evening commute,True,False,True,True
1346569,Injury,Minor/Other Injury,2024,2024,January,Friday,10:00 - 11:59,NEWCASTLE,EXP,2000,South,PEATS RIDGE ROAD,TO,SOMERSBY,6003.0,No,Not a school zone,Dual freeway,-33.385977,151.298583,Central Coast,Country non-urban,Syd-Newc-Woll Gtr conurbation,Straight,,,,Nil,Sealed,Dry,Fine,Daylight,Nil,No traffic controls,110 km/h,State,35,Lane change left,307,Same - Lane change left,,Other angle,4 wheel drive / SUV,B-double (road train prior 98),2,0,0,0,1,1,January,Summer,Friday,10:00 - 11:59,Midday / afternoon,False,False,True,True
1346572,Injury,Serious Injury,2024,2024,January,Saturday,16:00 - 17:59,FOREST,RD,100,West,DUNMORE,ST,BEXLEY,168.0,No,Not a school zone,2-way undivided,-33.951211,151.124994,Bayside,Sydney metro. area,Syd-Newc-Woll Gtr conurbation,Straight,,,,Off,Sealed,Dry,Fine,Daylight,Nil,No traffic controls,60 km/h,State,20,Head on,201,Opp - Head on,,Head-on,4 wheel drive / SUV,Car (sedan/hatch),3,0,2,0,0,1,January,Summer,Saturday,16:00 - 17:59,PM peak / evening commute,True,False,True,True
1346573,Injury,Moderate Injury,2024,2024,January,Wednesday,10:00 - 11:59,GARDEN,ST,105,West,PITTWATER,RD,NORTH NARRABEEN,7352.0,No,Not a school zone,2-way undivided,-33.704393,151.296557,Northern Beaches,Sydney metro. area,Syd-Newc-Woll Gtr conurbation,Straight,,,,Off,Sealed,Dry,Fine,Daylight,Nil,No traffic controls,50 km/h,Regional,63,Vehicle door,604,On path - Vehicle door,,Other angle,Motorcycle,Passenger van,3,0,0,1,0,1,January,Summer,Wednesday,10:00 - 11:59,Midday / afternoon,False,False,True,True