crash_id,degree_of_crash,degree_of_crash_-_detailed,reporting_year,year_of_crash,month_of_crash,day_of_week_of_crash,two-hour_intervals,street_of_crash,street_type,distance,direction,identifying_feature,identifying_feature_type,town,route_no.,school_zone_location,school_zone_active,type_of_location,latitude,longitude,lga,urbanisation,conurbation_1,alignment,primary_permanent_feature,primary_temporary_feature,primary_hazardous_feature,street_lighting,road_surface,surface_condition,weather,natural_lighting,signals_operation,other_traffic_control,speed_limit,road_classification_(admin),rum_-_code,rum_-_description,dca_-_code,dca_-_description,dca_supplement,first_impact_type,key_tu_type,other_tu_type,no._of_traffic_units_involved,no._killed,no._seriously_injured,no._moderately_injured,no._minor-other_injured,month_num,month_label,season,day_label,time_label,time_band,is_peak_commute,is_fatal,is_injury,is_casualty
1346574,Injury,Minor/Other Injury,2024,2024,January,Wednesday,14:00 - 15:59,NEW ENGLAND,HWY,1000,North,PACIFIC HIGHWAY,OP,HEXHAM,9.0,No,Not a school zone,Divided road,-32.816678,151.678428,Newcastle,Newcastle met. area,Syd-Newc-Woll Gtr conurbation,Straight,,,,Unknown / not stated,Sealed,Dry,Fine,Daylight,Nil,No traffic controls,80 km/h,State,30,Rear end,301,Same - Rear end,,Rear end,4 wheel drive / SUV,4 wheel drive / SUV,3,0,0,0,3,1,January,Summer,Wednesday,14:00 - 15:59,Midday / afternoon,False,False,True,True
1346575,Injury,Minor/Other Injury,2024,2024,January,Thursday,06:00 - 07:59,REDDALL,PDE,0,Right on the spot,OUTSIDE 35,HN,LAKE ILLAWARRA,,No,Not a school zone,2-way undivided,-34.543214,150.867882,Shellharbour,Wollongong met. area,Syd-Newc-Woll Gtr conurbation,Straight,,,,Nil,Sealed,Dry,Fine,Daylight,Nil,No traffic controls,50 km/h,Local,63,Vehicle door,604,On path - Vehicle door,,Other angle,Pedal cycle,4 wheel drive / SUV,2,0,0,0,2,1,January,Summer,Thursday,06:00 - 07:59,AM peak / school commute,True,False,True,True
1346577,Injury,Serious Injury,2024,2024,January,Thursday,10:00 - 11:59,JOYNTON,AVE,5,South,LAMOND,LANE,ZETLAND,,No,Not a school zone,X-intersection,-33.905294,151.208811,Sydney,Sydney metro. area,Syd-Newc-Woll Gtr conurbation,Straight,,,,Nil,Sealed,Dry,Fine,Daylight,Nil,No traffic controls,50 km/h,Local,1,Ped emerging,2,Ped - emerging,,Vehicle - Pedestrian,Station wagon,Pedestrian,2,0,1,0,0,1,January,Summer,Thursday,10:00 - 11:59,Midday / afternoon,False,False,True,True
1346578,Injury,Serious Injury,2024,2024,January,Monday,04:00 - 05:59,HEATHCOTE,RD,0,Right on the spot,NEW ILLAWARRA,RD,LUCAS HEIGHTS,512.0,No,Not a school zone,T-junction,-34.053906,150.971193,Sutherland,Sydney metro. area,Syd-Newc-Woll Gtr conurbation,Straight,,,,Nil,Sealed,Dry,Fine,Dawn,On,No traffic controls,80 km/h,State,71,Off rd left => obj,703,Left off cway into object,,Vehicle - Object,Light truck,,1,0,1,0,0,1,January,Summer,Monday,04:00 - 05:59,Late night / early morning,False,False,True,True
1346582,Injury,Serious Injury,2024,2024,February,Wednesday,18:00 - 19:59,PACIFIC,HWY,100,North,TWEED STREET,TO,BRUNSWICK HEADS,10.0,No,Not a school zone,Divided road,-28.554064,153.539144,Byron,Country non-urban,Rest of NSW - Rural,Straight,B'down lane/road shldr,,,Nil,Sealed,Dry,Overcast,Daylight,Nil,No traffic controls,110 km/h,State,71,Off rd left => obj,703,Left off cway into object,,Other angle,Car (sedan/hatch),Car (sedan/hatch),2,0,1,1,0,2,February,Summer,Wednesday,18:00 - 19:59,PM peak / evening commute,True,False,True,True
1346584,Injury,Moderate Injury,2024,2024,January,Tuesday,18:00 - 19:59,BAY,ST,0,Right on the spot,QUEENS,RD,BRIGHTON-LE-SANDS,169.0,No,Not a school zone,T-junction,-33.959727,151.153432,Bayside,Sydney metro. area,Syd-Newc-Woll Gtr conurbation,Straight,,,,On,Sealed,Dry,Fine,Dusk,Nil,No traffic controls,40 km/h,State,0,Ped nearside,1,Ped - Near side,,Vehicle - Pedestrian,4 wheel drive / SUV,Pedestrian,2,0,0,1,0,1,January,Summer,Tuesday,18:00 - 19:59,PM peak / evening commute,True,False,True,True
1346585,Injury,Serious Injury,2024,2024,February,Monday,14:00 - 15:59,PRINCES,HWY,0,Right on the spot,ENGADINE,AVE,ENGADINE,1.0,No,Not a school zone,T-junction,-34.069871,151.013054,Sutherland,Sydney metro. area,Syd-Newc-Woll Gtr conurbation,Straight,,,,Off,Sealed,Dry,Fine,Daylight,Nil,No traffic controls,70 km/h,State,32,Right rear,303,Same - Rear right,,Rear end,4 wheel drive / SUV,Passenger van,2,0,1,2,0,2,February,Summer,Monday,14:00 - 15:59,Midday / afternoon,False,False,True,True
1346588,Injury,Serious Injury,2024,2024,February,Tuesday,10:00 - 11:59,CATTAI RIDGE,RD,0,Right on the spot,NUMBER 10,HN,GLENORIE,7140.0,No,Not a school zone,2-way undivided,-33.619532,151.011676,The Hills,Sydney metro. area,Syd-Newc-Woll Gtr conurbation,Curved,Painted double centre lines,,,Nil,Sealed,Wet,Raining,Daylight,Nil,No traffic controls,60 km/h,Regional,20,Head on,201,Opp - Head on,,Head-on,Light truck,Car (sedan/hatch),2,0,1,0,0,2,February,Summer,Tuesday,10:00 - 11:59,Midday / afternoon,False,False,True,True
1346589,Injury,Serious Injury,2024,2024,February,Friday,12:00 - 13:59,LOUIS,ST,0,Right on the spot,THE AVENUE,MS,GRANVILLE,,No,Not a school zone,Roundabout,-33.840692,151.005436,Cumberland,Sydney metro. area,Syd-Newc-Woll Gtr conurbation,Straight,,,,Nil,Sealed,Dry,Fine,Daylight,Nil,Give way sign,50 km/h,Local,2,Ped far side,3,Ped - Far side,,Vehicle - Pedestrian,4 wheel drive / SUV,Pedestrian,2,0,1,0,0,2,February,Summer,Friday,12:00 - 13:59,Midday / afternoon,False,False,True,True
1346590,Injury,Serious Injury,2024,2024,February,Wednesday,06:00 - 07:59,PACIFIC,HWY,0,Right on the spot,KING,ST,NEWCASTLE WEST,10.0,No,Not a school zone,X-intersection,-32.926625,151.758134,Newcastle,Newcastle met. area,Syd-Newc-Woll Gtr conurbation,Straight,,,,Off,Sealed,Dry,Fine,Daylight,On,No traffic controls,60 km/h,State,81,Off left/rt bnd=>obj,707,Right turn,Left,Vehicle - Object,Light truck,,1,0,1,0,0,2,February,Summer,Wednesday,06:00 - 07:59,AM peak / school commute,True,False,True,True
1346593,Injury,Serious Injury,2024,2024,February,Thursday,20:00 - 21:59,AVENUE,RD,200,North,CATTLEMAN,DR,GLENUGIE,,No,Not a school zone,2-way undivided,-29.752012,153.063836,Clarence Valley,Country urban,Rest of NSW - Urban,Straight,,,Loose gravel shoulder,Nil,Sealed,Dry,Fine,Darkness,Nil,No traffic controls,80 km/h,Local,70,Off road to left,701,Off carriageway to left,,Rollover,Motorcycle,,1,0,1,0,0,2,February,Summer,Thursday,20:00 - 21:59,Evening / night,False,False,True,True
1346596,Injury,Serious Injury,2024,2024,February,Sunday,10:00 - 11:59,ITALIAN MINE,RD,0,Right on the spot,OLD MILL,RD,TURLINJAH,,No,Not a school zone,T-junction,-36.024143,150.072482,Eurobodalla,Country urban,Rest of NSW - Urban,Straight,,,,Nil,Unsealed,Wet,Overcast,Daylight,Nil,No traffic controls,50 km/h,Local,74,On road-out of cont.,705,Out of control on cway,,Rollover,Motorcycle,,1,0,1,0,0,2,February,Summer,Sunday,10:00 - 11:59,Midday / afternoon,False,False,True,True
1346597,Injury,Serious Injury,2024,2024,January,Sunday,18:00 - 19:59,PREMER,ST,100,West,BOMERA,ST,PREMER,,No,Not a school zone,2-way undivided,-31.456552,149.897314,Liverpool Plains,Country urban,Rest of NSW - Urban,Straight,Driveway/entrance,,,Nil,Sealed,Dry,Fine,Daylight,Nil,No traffic controls,50 km/h,Local,31,Left rear,302,Same - Rear left,,Rear end,Motorcycle,4 wheel drive / SUV,2,0,1,0,0,1,January,Summer,Sunday,18:00 - 19:59,PM peak / evening commute,True,False,True,True
1346599,Injury,Moderate Injury,2024,2024,February,Monday,08:00 - 09:59,SAINT ANDREWS,DR,130,North,PINEHURST,AVE,GLENMORE PARK,,Yes,Yes,2-way undivided,-33.787372,150.690113,Penrith,Sydney metro. area,Syd-Newc-Woll Gtr conurbation,Curved,Driveway/entrance,,,Nil,Sealed,Dry,Fine,Daylight,Nil,No traffic controls,40 km/h,Local,87,Off lft/lft bnd=>obj,804,Off left bend into obj,Left,Vehicle - Object,Light truck utility(from 2018),,1,0,0,1,0,2,February,Summer,Monday,08:00 - 09:59,AM peak / school commute,True,False,True,True
1346602,Injury,Serious Injury,2024,2024,February,Saturday,16:00 - 17:59,HARRINGTON,ST,0,Right on the spot,WILKINSON,ST,ELDERSLIE,,No,Not a school zone,T-junction,-34.054803,150.709922,Camden,Sydney metro. area,Syd-Newc-Woll Gtr conurbation,Straight,,,,Unknown / not stated,Sealed,Dry,Fine,Daylight,Nil,No traffic controls,50 km/h,Local,34,Lane change right,306,Same - Lane change right,,Other angle,Pedal cycle,Car (sedan/hatch),2,0,1,0,0,2,February,Summer,Saturday,16:00 - 17:59,PM peak / evening commute,True,False,True,True
1346603,Injury,Serious Injury,2024,2024,January,Saturday,22:00 - Midnight,LANSDOWNE,RD,100,West,SAMUEL MARSDEN,RD,ORCHARD HILLS,,No,Not a school zone,2-way undivided,-33.79059,150.754318,Penrith,Sydney metro. area,Syd-Newc-Woll Gtr conurbation,Straight,,,,Nil,Sealed,Dry,Fine,Darkness,Nil,No traffic controls,70 km/h,Local,74,On road-out of cont.,705,Out of control on cway,,Rollover,Motorcycle,,1,0,1,0,0,1,January,Summer,Saturday,22:00 - Midnight,Evening / night,False,False,True,True
1346604,Injury,Minor/Other Injury,2024,2024,February,Friday,16:00 - 17:59,PACIFIC,HWY,1000,North,OLD PUNT,RD,HEATHERBRAE,10.0,No,Not a school zone,Divided road,-32.801243,151.715462,Port Stephens,Country urban,Rest of NSW - Urban,Straight,,,,Off,Sealed,Dry,Fine,Daylight,Nil,No traffic controls,80 km/h,State,34,Lane change right,306,Same - Lane change right,,Other angle,Car (sedan/hatch),4 wheel drive / SUV,3,0,0,0,1,2,February,Summer,Friday,16:00 - 17:59,PM peak / evening commute,True,False,True,True
1346605,Injury,Minor/Other Injury,2024,2024,February,Monday,08:00 - 09:59,MCDERMOTT,DR,400,West,MIDDLE ARM,RD,GOULBURN,,Yes,No,2-way undivided,-34.731254,149.729581,Goulburn Mulwaree,Country urban,Rest of NSW - Urban,Curved,,,,Off,Sealed,Dry,Fine,Daylight,Nil,No traffic controls,50 km/h,Local,83,Off rt/rt bnd=>obj,803,Off right bend into obj,Right,Vehicle - Object,4 wheel drive / SUV,,1,0,0,0,1,2,February,Summer,Monday,08:00 - 09:59,AM peak / school commute,True,False,True,True
1346606,Injury,Moderate Injury,2024,2024,January,Saturday,16:00 - 17:59,KILDARE,RD,1560,North,MOUNT MACKENZIE,RD,TENTERFIELD,,No,Not a school zone,2-way undivided,-29.078379,151.935425,Tenterfield,Country non-urban,Rest of NSW - Rural,Curved,,,Loose gravel shoulder,Nil,Sealed,Dry,Overcast,Daylight,Nil,No traffic controls,100 km/h,Local,80,Off left/right bend,801,Off cway right bend,Left,Rollover,Motorcycle,,1,0,0,1,0,1,January,Summer,Saturday,16:00 - 17:59,PM peak / evening commute,True,False,True,True
1346608,Injury,Moderate Injury,2024,2024,February,Monday,06:00 - 07:59,MAGPIE,ST,0,Right on the spot,NUMBER 3,HN,MCDOUGALLS HILL,,No,Not a school zone,2-way undivided,-32.54948,151.141355,Singleton,Country urban,Rest of NSW - Urban,Straight,Driveway/entrance,,,Nil,Sealed,Dry,Fine,Daylight,Nil,No traffic controls,60 km/h,Local,37,Left turn sideswipe,309,Same - Left turn side swipe,,Other angle,Light truck,Motorcycle,2,0,0,1,0,2,February,Summer,Monday,06:00 - 07:59,AM peak / school commute,True,False,True,True
1346609,Injury,Serious Injury,2024,2024,February,Wednesday,06:00 - 07:59,MARSHALL MOUNT,RD,550,North,CALDERWOOD,RD,CALDERWOOD,,No,Not a school zone,2-way undivided,-34.550245,150.737443,Shellharbour,Wollongong met. area,Syd-Newc-Woll Gtr conurbation,Curved,,,,Nil,Sealed,Wet,Fine,Daylight,Nil,No traffic controls,80 km/h,Local,20,Head on,201,Opp - Head on,,Head-on,4 wheel drive / SUV,4 wheel drive / SUV,2,0,3,0,0,2,February,Summer,Wednesday,06:00 - 07:59,AM peak / school commute,True,False,True,True
1346613,Injury,Minor/Other Injury,2024,2024,February,Thursday,08:00 - 09:59,CABARITA,RD,0,Right on the spot,FREDERICK,ST,CONCORD,,No,Not a school zone,Roundabout,-33.852009,151.107584,Canada Bay,Sydney metro. area,Syd-Newc-Woll Gtr conurbation,Straight,Steep grade,,,Off,Sealed,Dry,Fine,Daylight,Nil,Give way sign,50 km/h,Local,20,Head on,201,Opp - Head on,,Head-on,Car (sedan/hatch),Car (sedan/hatch),2,0,0,0,1,2,February,Summer,Thursday,08:00 - 09:59,AM peak / school commute,True,False,True,True
1346618,Injury,Serious Injury,2024,2024,February,Saturday,14:00 - 15:59,DURAMANA,RD,800,North,WHALANS,LANE,DURAMANA,,No,Not a school zone,2-way undivided,-33.31382,149.550759,Bathurst Regional,Country non-urban,Rest of NSW - Rural,Straight,Painted double centre lines,,,Nil,Sealed,Dry,Fine,Daylight,Nil,No traffic controls,100 km/h,Local,20,Head on,201,Opp - Head on,,Head-on,4 wheel drive / SUV,Light truck,2,0,3,0,1,2,February,Summer,Saturday,14:00 - 15:59,Midday / afternoon,False,False,True,True
1346620,Injury,Moderate Injury,2024,2024,February,Monday,16:00 - 17:59,BURTON,RD,0,Right on the spot,VIOLET TOWN,RD,TINGIRA HEIGHTS,,No,Not a school zone,T-junction,-33.001677,151.666055,Lake Macquarie,Newcastle met. area,Syd-Newc-Woll Gtr conurbation,Curved,Foot/cycle path/nature strip,,Potholes/corrugations/rough,Nil,Sealed,Wet,Overcast,Dusk,Nil,No traffic controls,60 km/h,Local,69,Other on path,600,On path - Other,,Unknown,Motorised push scooters,,1,0,0,1,0,2,February,Summer,Monday,16:00 - 17:59,PM peak / evening commute,True,False,True,True
1346622,Injury,Serious Injury,2024,2024,February,Thursday,16:00 - 17:59,PRINCE EDWARD,DR,0,Right on the spot,SAINT LUKES,AVE,BROWNSVILLE,,No,Not a school zone,T-junction,-34.482318,150.804537,Wollongong,Wollongong met. area,Syd-Newc-Woll Gtr conurbation,Straight,,,,Off,Sealed,Dry,Fine,Daylight,Nil,No traffic controls,50 km/h,Local,21,Right through,202,Opp - Right-thru,,Other angle,4 wheel drive / SUV,Car (sedan/hatch),2,0,1,0,0,2,February,Summer,Thursday,16:00 - 17:59,PM peak / evening commute,True,False,True,True
1346627,Injury,Serious Injury,2024,2024,February,Sunday,12:00 - 13:59,LOVEDALE,RD,0,Right on the spot,NUMBER 99,HN,LOVEDALE,4057.0,No,Not a school zone,2-way undivided,-32.781853,151.355269,Cessnock,Country urban,Rest of NSW - Urban,Curved,Painted double centre lines,,,Nil,Sealed,Dry,Fine,Daylight,Nil,No traffic controls,80 km/h,Regional,83,Off rt/rt bnd=>obj,803,Off right bend into obj,Right,Vehicle - Object,Car (sedan/hatch),,1,0,1,0,0,2,February,Summer,Sunday,12:00 - 13:59,Midday / afternoon,False,False,True,True
1346636,Injury,Moderate Injury,2024,2024,March,Sunday,16:00 - 17:59,YETHOLME,DR,250,North,GREAT WESTERN,HWY,YETHOLME,,No,Not a school zone,2-way undivided,-33.446689,149.826222,Bathurst Regional,Country urban,Rest of NSW - Urban,Curved,Steep grade,,,Nil,Sealed,Dry,Fine,Daylight,Nil,No traffic controls,60 km/h,Local,20,Head on,201,Opp - Head on,,Head-on,4 wheel drive / SUV,Light truck utility(from 2018),2,0,0,1,0,3,March,Autumn,Sunday,16:00 - 17:59,PM peak / evening commute,True,False,True,True
1346637,Injury,Serious Injury,2024,2024,January,Saturday,00:01 - 01:59,OLYMPIC,DR,0,Right on the spot,CHILDS,ST,LIDCOMBE,190.0,No,Not a school zone,T-junction,-33.859546,151.042783,Cumberland,Sydney metro. area,Syd-Newc-Woll Gtr conurbation,Straight,,,,On,Sealed,Wet,Raining,Darkness,Nil,No traffic controls,70 km/h,State,81,Off left/rt bnd=>obj,707,Right turn,Left,Vehicle - Object,Motorcycle,,2,0,2,0,0,1,January,Summer,Saturday,00:01 - 01:59,Late night / early morning,False,False,True,True
1346639,Injury,Serious Injury,2024,2024,February,Thursday,14:00 - 15:59,THOMPSON,ST,15,East,PRINCES HIGHWAY,TO,WOONONA,,No,Not a school zone,2-way undivided,-34.34802,150.911384,Wollongong,Wollongong met. area,Syd-Newc-Woll Gtr conurbation,Curved,,,"Loose gravel, sealed",Nil,Sealed,Dry,Fine,Daylight,Nil,No traffic controls,50 km/h,Local,84,Off right/left bend,802,Off cway left bend,Right,Rollover,Motorcycle,,1,0,1,0,0,2,February,Summer,Thursday,14:00 - 15:59,Midday / afternoon,False,False,True,True
1346646,Injury,Moderate Injury,2024,2024,March,Friday,16:00 - 17:59,MONARO,HWY,30,South,SHARP,ST,COOMA,19.0,No,Not a school zone,2-way undivided,-36.234793,149.127172,Snowy Monaro Regional,Country urban,Rest of NSW - Urban,Straight,,,,Nil,Sealed,Dry,Fine,Daylight,Nil,No traffic controls,50 km/h,State,71,Off rd left => obj,703,Left off cway into object,,Vehicle - Object,4 wheel drive / SUV,,1,0,0,1,0,3,March,Autumn,Friday,16:00 - 17:59,PM peak / evening commute,True,False,True,True
1346650,Injury,Moderate Injury,2024,2024,March,Friday,12:00 - 13:59,CASTLEREAGH,HWY,5,South,DEPOT,RD,MUDGEE,18.0,No,Not a school zone,T-junction,-32.60948,149.600854,Mid-Western Regional,Country urban,Rest of NSW - Urban,Straight,,,,Nil,Sealed,Dry,Fine,Daylight,Nil,No traffic controls,50 km/h,State,33,Lane sideswipe,305,Same - Lane side swipe,,Other angle,Light truck utility(from 2018),4 wheel drive / SUV,3,0,0,1,0,3,March,Autumn,Friday,12:00 - 13:59,Midday / afternoon,False,False,True,True
1346653,Injury,Moderate Injury,2024,2024,February,Sunday,12:00 - 13:59,ALPINE,WAY,30000,West,BANJO,DR,KOSCIUSZKO,677.0,No,Not a school zone,2-way undivided,-36.486467,148.14455,Snowy Valleys,Country urban,Rest of NSW - Urban,Curved,Steep grade,,,Nil,Sealed,Dry,Fine,Daylight,Nil,No traffic controls,60 km/h,State,82,Off right/right bend,801,Off cway right bend,Right,Rollover,Motorcycle,,1,0,0,1,0,2,February,Summer,Sunday,12:00 - 13:59,Midday / afternoon,False,False,True,True
1346654,Injury,Moderate Injury,2024,2024,March,Saturday,12:00 - 13:59,AUBURN,ST,0,Right on the spot,NUMBER 175,HN,GOULBURN,,No,Not a school zone,Divided road,-34.753675,149.71928,Goulburn Mulwaree,Country urban,Rest of NSW - Urban,Straight,,,,Unknown / not stated,Sealed,Dry,Fine,Daylight,Nil,No traffic controls,40 km/h,Local,49,Other manoeuvring,400,Manov - other,,Other angle,Motorcycle,,1,0,0,1,0,3,March,Autumn,Saturday,12:00 - 13:59,Midday / afternoon,False,False,True,True
1346656,Injury,Minor/Other Injury,2024,2024,March,Sunday,16:00 - 17:59,FERN,ST,0,Right on the spot,JUPITER,ST,GERRINGONG,571.0,No,Not a school zone,X-intersection,-34.749218,150.826765,Kiama,Country urban,Rest of NSW - Urban,Straight,,,,Unknown / not stated,Sealed,Dry,Fine,Daylight,Nil,Give way sign,50 km/h,Regional,10,Cross traffic,101,Adj - Cross traffic,,Right angle,Car (sedan/hatch),Car (sedan/hatch),2,0,0,0,2,3,March,Autumn,Sunday,16:00 - 17:59,PM peak / evening commute,True,False,True,True
1346661,Injury,Moderate Injury,2024,2024,February,Monday,14:00 - 15:59,BUNGAREE,RD,0,Right on the spot,DERBYSHIRE,AVE,TOONGABBIE,,Yes,No,T-junction,-33.791771,150.959956,Parramatta,Sydney metro. area,Syd-Newc-Woll Gtr conurbation,Straight,,,,Unknown / not stated,Sealed,Dry,Fine,Daylight,Nil,No traffic controls,50 km/h,Local,71,Off rd left => obj,703,Left off cway into object,,Other angle,Car (sedan/hatch),4 wheel drive / SUV,2,0,0,1,0,2,February,Summer,Monday,14:00 - 15:59,Midday / afternoon,False,False,True,True
1346663,Injury,Moderate Injury,2024,2024,March,Friday,18:00 - 19:59,VICTORIA,RD,0,Right on the spot,NUMBER 320,HN,RYDALMERE,165.0,No,Not a school zone,Divided road,-33.811572,151.035975,Parramatta,Sydney metro. area,Syd-Newc-Woll Gtr conurbation,Straight,,,,Unknown / not stated,Sealed,Dry,Fine,Daylight,Nil,No traffic controls,60 km/h,State,30,Rear end,301,Same - Rear end,,Rear end,Light truck,4 wheel drive / SUV,3,0,0,1,3,3,March,Autumn,Friday,18:00 - 19:59,PM peak / evening commute,True,False,True,True
1346665,Injury,Minor/Other Injury,2024,2024,March,Tuesday,08:00 - 09:59,BRIDGE,ST,0,Right on the spot,MACQUARIE,ST,WINDSOR,184.0,No,Not a school zone,T-junction,-33.605366,150.824239,Hawkesbury,Country urban,Syd-Newc-Woll Gtr conurbation,Straight,,,,Off,Sealed,Dry,Fine,Daylight,On,No traffic controls,60 km/h,State,33,Lane sideswipe,305,Same - Lane side swipe,,Other angle,Car (sedan/hatch),Pedal cycle,2,0,0,0,1,3,March,Autumn,Tuesday,08:00 - 09:59,AM peak / school commute,True,False,True,True
1346667,Injury,Moderate Injury,2024,2024,March,Monday,08:00 - 09:59,BALLENGARA,RD,1900,West,ROLLANDS PLAINS,RD,COOPERABUNG,,No,Not a school zone,2-way undivided,-31.31901,152.742617,Port Macquarie-Hastings,Country urban,Rest of NSW - Urban,Curved,Steep grade,,,Nil,Sealed,Wet,Raining,Daylight,Nil,No traffic controls,80 km/h,Local,85,Off rt/lft bnd=>obj,804,Off left bend into obj,Right,Vehicle - Object,Light truck utility(from 2018),,1,0,0,1,0,3,March,Autumn,Monday,08:00 - 09:59,AM peak / school commute,True,False,True,True
1346669,Injury,Minor/Other Injury,2024,2024,March,Thursday,20:00 - 21:59,BRUXNER,HWY,0,Right on the spot,DAWSON,ST,LISMORE,16.0,No,Not a school zone,Roundabout,-28.814062,153.277758,Lismore,Country urban,Rest of NSW - Urban,Straight,,,,On,Sealed,Dry,Fine,Darkness,Nil,Give way sign,60 km/h,State,10,Cross traffic,101,Adj - Cross traffic,,Right angle,Car (sedan/hatch),Motorcycle,2,0,0,0,1,3,March,Autumn,Thursday,20:00 - 21:59,Evening / night,False,False,True,True
1346673,Injury,Moderate Injury,2024,2024,February,Saturday,04:00 - 05:59,HAWKEN,RD,40,South,YERUNDA,RD,TOMERONG,,No,Not a school zone,2-way undivided,-35.049037,150.585705,Shoalhaven,Country urban,Rest of NSW - Urban,Straight,,,,On,Sealed,Dry,Fine,Darkness,Nil,No traffic controls,50 km/h,Local,71,Off rd left => obj,703,Left off cway into object,,Vehicle - Object,Light truck utility(from 2018),,1,0,0,1,0,2,February,Summer,Saturday,04:00 - 05:59,Late night / early morning,False,False,True,True
1346674,Injury,Serious Injury,2024,2024,March,Sunday,08:00 - 09:59,JENOLAN CAVES,RD,4580,East,MCKANES FALLS,RD,HARTLEY,253.0,No,Not a school zone,2-way undivided,-33.548609,150.153209,Lithgow,Country urban,Rest of NSW - Urban,Curved,Painted double centre lines,,,Nil,Sealed,Dry,Fine,Daylight,Nil,No traffic controls,80 km/h,State,83,Off rt/rt bnd=>obj,803,Off right bend into obj,Right,Vehicle - Object,Motorcycle,,1,0,1,0,0,3,March,Autumn,Sunday,08:00 - 09:59,AM peak / school commute,True,False,True,True
1346675,Injury,Serious Injury,2024,2024,February,Monday,06:00 - 07:59,COURALLIE,AVE,50,West,MARLBOROUGH ROAD,OP,HOMEBUSH WEST,,No,Not a school zone,2-way undivided,-33.86354,151.06535,Strathfield,Sydney metro. area,Syd-Newc-Woll Gtr conurbation,Straight,,,,On,Sealed,Dry,Fine,Darkness,Nil,No traffic controls,50 km/h,Local,71,Off rd left => obj,703,Left off cway into object,,Other angle,Station wagon,4 wheel drive / SUV,3,0,1,0,0,2,February,Summer,Monday,06:00 - 07:59,AM peak / school commute,True,False,True,True
1346677,Injury,Moderate Injury,2024,2024,February,Thursday,18:00 - 19:59,OLD NORTHERN,RD,0,Right on the spot,CHELSEA,AVE,BAULKHAM HILLS,160.0,No,Not a school zone,T-junction,-33.750581,150.99417,The Hills,Sydney metro. area,Syd-Newc-Woll Gtr conurbation,Curved,,,,Nil,Sealed,Dry,Fine,Daylight,Nil,Stop sign,60 km/h,State,13,Right near,104,Adj - Right-thru from right,,Right angle,Car (sedan/hatch),Station wagon,2,0,0,1,0,2,February,Summer,Thursday,18:00 - 19:59,PM peak / evening commute,True,False,True,True
1346680,Injury,Minor/Other Injury,2024,2024,January,Friday,14:00 - 15:59,TWEED,ST,0,Right on the spot,MULLUMBIMBI,ST,BRUNSWICK HEADS,689.0,No,Not a school zone,X-intersection,-28.538991,153.548254,Byron,Country urban,Rest of NSW - Urban,Straight,,,,Nil,Sealed,Dry,Fine,Daylight,Nil,Give way sign,50 km/h,Regional,0,Ped nearside,1,Ped - Near side,,Vehicle - Pedestrian,Passenger van,Pedestrian,3,0,0,0,1,1,January,Summer,Friday,14:00 - 15:59,Midday / afternoon,False,False,True,True
1346685,Injury,Minor/Other Injury,2024,2024,March,Wednesday,20:00 - 21:59,WAKEHURST,PKWY,50,East,MIRROOL,ST,NORTH NARRABEEN,397.0,No,Not a school zone,2-way undivided,-33.709446,151.286064,Northern Beaches,Sydney metro. area,Syd-Newc-Woll Gtr conurbation,Straight,,,,Unknown / not stated,Sealed,Dry,Fine,Darkness,Nil,No traffic controls,70 km/h,State,20,Head on,201,Opp - Head on,,Head-on,4 wheel drive / SUV,4 wheel drive / SUV,2,0,0,0,1,3,March,Autumn,Wednesday,20:00 - 21:59,Evening / night,False,False,True,True
1346688,Injury,Minor/Other Injury,2024,2024,March,Wednesday,10:00 - 11:59,ELLIS,PDE,20,South,RAILWAY,ST,YENNORA,7106.0,Yes,No,2-way undivided,-33.865987,150.969658,Fairfield,Sydney metro. area,Syd-Newc-Woll Gtr conurbation,Straight,,,,Unknown / not stated,Sealed,Dry,Fine,Daylight,Nil,No traffic controls,50 km/h,Regional,30,Rear end,301,Same - Rear end,,Rear end,4 wheel drive / SUV,Car (sedan/hatch),3,0,0,0,1,3,March,Autumn,Wednesday,10:00 - 11:59,Midday / afternoon,False,False,True,True
1346696,Injury,Moderate Injury,2024,2024,February,Sunday,16:00 - 17:59,NARELLAN,RD,0,Right on the spot,TRAMWAY,DR,CURRANS HILL,178.0,No,Not a school zone,X-intersection,-34.053546,150.772756,Camden,Sydney metro. area,Syd-Newc-Woll Gtr conurbation,Straight,,,,Off,Sealed,Dry,Fine,Daylight,On,No traffic controls,80 km/h,State,30,Rear end,301,Same - Rear end,,Rear end,Light truck utility(from 2018),Station wagon,2,0,0,1,0,2,February,Summer,Sunday,16:00 - 17:59,PM peak / evening commute,True,False,True,True
1346699,Injury,Minor/Other Injury,2024,2024,March,Thursday,20:00 - 21:59,VICTORIA,RD,0,Right on the spot,OSGATHORPE,RD,GLADESVILLE,165.0,No,Not a school zone,T-junction,-33.826204,151.12614,Ryde,Sydney metro. area,Syd-Newc-Woll Gtr conurbation,Straight,Bus/transit lane,,,Unknown / not stated,Sealed,Dry,Fine,Darkness,Nil,No traffic controls,60 km/h,State,30,Rear end,301,Same - Rear end,,Rear end,Car (sedan/hatch),Car (sedan/hatch),3,0,0,0,1,3,March,Autumn,Thursday,20:00 - 21:59,Evening / night,False,False,True,True