crash_id,degree_of_crash,degree_of_crash_-_detailed,reporting_year,year_of_crash,month_of_crash,day_of_week_of_crash,two-hour_intervals,street_of_crash,street_type,distance,direction,identifying_feature,identifying_feature_type,town,route_no.,school_zone_location,school_zone_active,type_of_location,latitude,longitude,lga,urbanisation,conurbation_1,alignment,primary_permanent_feature,primary_temporary_feature,primary_hazardous_feature,street_lighting,road_surface,surface_condition,weather,natural_lighting,signals_operation,other_traffic_control,speed_limit,road_classification_(admin),rum_-_code,rum_-_description,dca_-_code,dca_-_description,dca_supplement,first_impact_type,key_tu_type,other_tu_type,no._of_traffic_units_involved,no._killed,no._seriously_injured,no._moderately_injured,no._minor-other_injured,month_num,month_label,season,day_label,time_label,time_band,is_peak_commute,is_fatal,is_injury,is_casualty
1346700,Injury,Minor/Other Injury,2024,2024,March,Friday,14:00 - 15:59,PRINCES,HWY,0,Right on the spot,STRICKLAND,ST,HEATHCOTE,1.0,No,Not a school zone,T-junction,-34.085174,151.010302,Sutherland,Sydney metro. area,Syd-Newc-Woll Gtr conurbation,Straight,,,,Unknown / not stated,Sealed,Dry,Fine,Daylight,Nil,No traffic controls,60 km/h,State,21,Right through,202,Opp - Right-thru,,Other angle,Car (sedan/hatch),Car (sedan/hatch),2,0,0,0,1,3,March,Autumn,Friday,14:00 - 15:59,Midday / afternoon,False,False,True,True
1346702,Injury,Minor/Other Injury,2024,2024,March,Wednesday,08:00 - 09:59,AUSTRALIA,AVE,0,Right on the spot,HERB ELLIOTT,AVE,SYDNEY OLYMPIC PARK,,No,Not a school zone,X-intersection,-33.846548,151.072134,Parramatta,Sydney metro. area,Syd-Newc-Woll Gtr conurbation,Straight,,,,Unknown / not stated,Sealed,Dry,Fine,Daylight,On,No traffic controls,60 km/h,Local,30,Rear end,301,Same - Rear end,,Rear end,4 wheel drive / SUV,Light truck utility(from 2018),2,0,0,0,1,3,March,Autumn,Wednesday,08:00 - 09:59,AM peak / school commute,True,False,True,True
1346704,Injury,Serious Injury,2024,2024,March,Saturday,06:00 - 07:59,WALKER,ST,0,Right on the spot,YORK,ST,MERRYLANDS,,Yes,No,T-junction,-33.841301,150.988577,Cumberland,Sydney metro. area,Syd-Newc-Woll Gtr conurbation,Straight,,,,Unknown / not stated,Sealed,Dry,Fine,Dawn,Nil,No traffic controls,50 km/h,Local,30,Rear end,301,Same - Rear end,,Rear end,Light truck utility(from 2018),Car (sedan/hatch),2,0,1,0,0,3,March,Autumn,Saturday,06:00 - 07:59,AM peak / school commute,True,False,True,True
1346705,Injury,Minor/Other Injury,2024,2024,March,Tuesday,04:00 - 05:59,ANZAC,PDE,0,Right on the spot,STOREY,ST,MAROUBRA,661.0,No,Not a school zone,T-junction,-33.936755,151.237949,Randwick,Sydney metro. area,Syd-Newc-Woll Gtr conurbation,Straight,,,,Unknown / not stated,Sealed,Dry,Fine,Unknown,Nil,Stop sign,50 km/h,State,30,Rear end,301,Same - Rear end,,Rear end,Light truck,Passenger van,2,0,0,0,1,3,March,Autumn,Tuesday,04:00 - 05:59,Late night / early morning,False,False,True,True
1346706,Injury,Moderate Injury,2024,2024,March,Wednesday,12:00 - 13:59,CORNDALE,RD,0,Right on the spot,NUMBER 388,HN,CORNDALE,,No,Not a school zone,2-way undivided,-28.73437,153.365426,Lismore,Country non-urban,Rest of NSW - Rural,Curved,Steep grade,,,Unknown / not stated,Sealed,Dry,Fine,Daylight,Nil,No traffic controls,100 km/h,Local,88,Out of cont on bend,805,Out of control on bend,,Rollover,Car (sedan/hatch),,1,0,0,1,0,3,March,Autumn,Wednesday,12:00 - 13:59,Midday / afternoon,False,False,True,True
1346708,Injury,Moderate Injury,2024,2024,March,Tuesday,04:00 - 05:59,CANTERBURY,RD,0,Right on the spot,THE RIVER,RD,REVESBY,167.0,No,Not a school zone,T-junction,-33.938489,151.018701,Canterbury-Bankstown,Sydney metro. area,Syd-Newc-Woll Gtr conurbation,Curved,,,,Unknown / not stated,Sealed,Dry,Fine,Darkness,On,No traffic controls,70 km/h,State,88,Out of cont on bend,805,Out of control on bend,,Rollover,Semi-trailer,,1,0,0,1,0,3,March,Autumn,Tuesday,04:00 - 05:59,Late night / early morning,False,False,True,True
1346709,Injury,Moderate Injury,2024,2024,March,Saturday,12:00 - 13:59,CUMBERLAND,HWY,0,Right on the spot,HAMILTON,RD,FAIRFIELD WEST,13.0,Yes,No,X-intersection,-33.869694,150.925265,Fairfield,Sydney metro. area,Syd-Newc-Woll Gtr conurbation,Straight,,,,Unknown / not stated,Sealed,Dry,Fine,Daylight,On,No traffic controls,70 km/h,State,30,Rear end,301,Same - Rear end,,Rear end,Car (sedan/hatch),4 wheel drive / SUV,2,0,0,3,0,3,March,Autumn,Saturday,12:00 - 13:59,Midday / afternoon,False,False,True,True
1346710,Injury,Moderate Injury,2024,2024,February,Tuesday,14:00 - 15:59,GROSVENOR,ST,0,Right on the spot,HARRINGTON,ST,THE ROCKS,,No,Not a school zone,X-intersection,-33.863377,151.206294,Sydney,Sydney metro. area,Syd-Newc-Woll Gtr conurbation,Straight,,,,Off,Sealed,Dry,Fine,Daylight,On,No traffic controls,40 km/h,Local,21,Right through,202,Opp - Right-thru,,Other angle,Car (sedan/hatch),4 wheel drive / SUV,2,0,0,1,0,2,February,Summer,Tuesday,14:00 - 15:59,Midday / afternoon,False,False,True,True
1346712,Injury,Serious Injury,2024,2024,March,Wednesday,16:00 - 17:59,PACIFIC,HWY,2000,North,BALLARDS,RD,URUNGA,10.0,No,Not a school zone,2-way undivided,-30.53094,152.991787,Bellingen,Country non-urban,Rest of NSW - Rural,Curved,Steep grade,,,Unknown / not stated,Sealed,Dry,Fine,Daylight,Nil,No traffic controls,110 km/h,State,88,Out of cont on bend,805,Out of control on bend,,Rollover,Light truck utility(from 2018),,1,0,1,0,0,3,March,Autumn,Wednesday,16:00 - 17:59,PM peak / evening commute,True,False,True,True
1346716,Injury,Serious Injury,2024,2024,March,Saturday,14:00 - 15:59,OLYMPIC,DR,10,North,CHILDS,ST,LIDCOMBE,190.0,No,Not a school zone,T-junction,-33.85946,151.042803,Cumberland,Sydney metro. area,Syd-Newc-Woll Gtr conurbation,Straight,,,,Unknown / not stated,Sealed,Dry,Fine,Daylight,Nil,No traffic controls,70 km/h,State,71,Off rd left => obj,703,Left off cway into object,,Vehicle - Object,Car (sedan/hatch),,1,0,1,0,0,3,March,Autumn,Saturday,14:00 - 15:59,Midday / afternoon,False,False,True,True
1346721,Injury,Moderate Injury,2024,2024,February,Tuesday,06:00 - 07:59,MOUNTAIN,ST,0,Right on the spot,RIDGELINE,DR,THE PONDS,,No,Not a school zone,T-junction,-33.709085,150.900519,Blacktown,Sydney metro. area,Syd-Newc-Woll Gtr conurbation,Straight,,,,Unknown / not stated,Sealed,Dry,Fine,Daylight,Nil,Stop sign,50 km/h,Local,21,Right through,202,Opp - Right-thru,,Other angle,Car (sedan/hatch),Car (sedan/hatch),2,0,0,1,0,2,February,Summer,Tuesday,06:00 - 07:59,AM peak / school commute,True,False,True,True
1346722,Injury,Moderate Injury,2024,2024,March,Friday,18:00 - 19:59,OLD HUME,HWY,0,Right on the spot,ARMOUR,AVE,CAMDEN SOUTH,620.0,No,Not a school zone,Y-junction,-34.087526,150.695142,Camden,Sydney metro. area,Syd-Newc-Woll Gtr conurbation,Straight,,,,Nil,Sealed,Dry,Fine,Dusk,Nil,Give way sign,80 km/h,State,13,Right near,104,Adj - Right-thru from right,,Right angle,Station wagon,4 wheel drive / SUV,2,0,0,1,1,3,March,Autumn,Friday,18:00 - 19:59,PM peak / evening commute,True,False,True,True
1346728,Injury,Minor/Other Injury,2024,2024,March,Sunday,10:00 - 11:59,KENTWELL,RD,0,Right on the spot,NUMBER 30,HN,ALLAMBIE HEIGHTS,7345.0,No,Not a school zone,2-way undivided,-33.776466,151.264313,Northern Beaches,Sydney metro. area,Syd-Newc-Woll Gtr conurbation,Curved,Painted double centre lines,,,Unknown / not stated,Sealed,Wet,Overcast,Daylight,Nil,No traffic controls,60 km/h,Regional,20,Head on,201,Opp - Head on,,Head-on,Car (sedan/hatch),4 wheel drive / SUV,2,0,0,0,1,3,March,Autumn,Sunday,10:00 - 11:59,Midday / afternoon,False,False,True,True
1346732,Injury,Minor/Other Injury,2024,2024,February,Monday,00:01 - 01:59,ROBERTS,RD,450,South,HUME HIGHWAY,OP,GREENACRE,200.0,No,Not a school zone,Divided road,-33.889729,151.067201,Canterbury-Bankstown,Sydney metro. area,Syd-Newc-Woll Gtr conurbation,Straight,Steep grade,,,Unknown / not stated,Sealed,Dry,Fine,Darkness,Nil,No traffic controls,70 km/h,State,20,Head on,201,Opp - Head on,,Head-on,Car (sedan/hatch),4 wheel drive / SUV,2,0,0,0,1,2,February,Summer,Monday,00:01 - 01:59,Late night / early morning,False,False,True,True
1346733,Injury,Moderate Injury,2024,2024,March,Monday,18:00 - 19:59,OXLEY,HWY,0,Right on the spot,CAMERON,ST,WAUCHOPE,11.0,No,Not a school zone,Roundabout,-31.457432,152.734157,Port Macquarie-Hastings,Country urban,Rest of NSW - Urban,Straight,,,,Unknown / not stated,Sealed,Dry,Fine,Daylight,Nil,Give way sign,40 km/h,State,10,Cross traffic,101,Adj - Cross traffic,,Right angle,Motorcycle,Station wagon,2,0,0,1,0,3,March,Autumn,Monday,18:00 - 19:59,PM peak / evening commute,True,False,True,True
1346739,Injury,Minor/Other Injury,2024,2024,February,Thursday,04:00 - 05:59,SOUTH WESTERN,EXP,200,West,THE RIVER ROAD,OP,REVESBY,6005.0,No,Not a school zone,Dual freeway,-33.940529,151.016336,Canterbury-Bankstown,Sydney metro. area,Syd-Newc-Woll Gtr conurbation,Straight,,,,Unknown / not stated,Sealed,Wet,Raining,Dawn,Nil,No traffic controls,100 km/h,State,30,Rear end,301,Same - Rear end,,Rear end,Light truck utility(from 2018),Car (sedan/hatch),2,0,0,0,1,2,February,Summer,Thursday,04:00 - 05:59,Late night / early morning,False,False,True,True
1346741,Injury,Moderate Injury,2024,2024,March,Tuesday,06:00 - 07:59,PRINCES,HWY,0,Right on the spot,OLD PRINCES,HWY,SUTHERLAND,1.0,No,Not a school zone,T-junction,-34.031611,151.066979,Sutherland,Sydney metro. area,Syd-Newc-Woll Gtr conurbation,Curved,,,,Unknown / not stated,Sealed,Wet,Raining,Dawn,On,No traffic controls,70 km/h,State,99,Unknown,907,Vehicle movements unknown,,Unknown,Light truck utility(from 2018),Light truck utility(from 2018),2,0,0,1,0,3,March,Autumn,Tuesday,06:00 - 07:59,AM peak / school commute,True,False,True,True
1346748,Injury,Moderate Injury,2024,2024,March,Saturday,16:00 - 17:59,MARSHALL MOUNT,RD,0,Right on the spot,NUMBER 522,HN,MARSHALL MOUNT,,No,Not a school zone,2-way undivided,-34.546331,150.742941,Wollongong,Wollongong met. area,Syd-Newc-Woll Gtr conurbation,Curved,Painted double centre lines,,,Unknown / not stated,Sealed,Dry,Overcast,Daylight,Nil,No traffic controls,80 km/h,Local,20,Head on,201,Opp - Head on,,Head-on,4 wheel drive / SUV,4 wheel drive / SUV,2,0,0,1,0,3,March,Autumn,Saturday,16:00 - 17:59,PM peak / evening commute,True,False,True,True
1346750,Injury,Moderate Injury,2024,2024,March,Thursday,16:00 - 17:59,MAITLAND,RD,0,Right on the spot,HUBBARD,ST,ISLINGTON,464.0,No,Not a school zone,T-junction,-32.910976,151.745899,Newcastle,Newcastle met. area,Syd-Newc-Woll Gtr conurbation,Straight,,,,Unknown / not stated,Sealed,Dry,Fine,Daylight,On,No traffic controls,60 km/h,Regional,21,Right through,202,Opp - Right-thru,,Other angle,4 wheel drive / SUV,Light truck utility(from 2018),2,0,0,1,0,3,March,Autumn,Thursday,16:00 - 17:59,PM peak / evening commute,True,False,True,True
1346751,Injury,Minor/Other Injury,2024,2024,January,Tuesday,06:00 - 07:59,LOUISE,AVE,48,West,STANLEY,RD,INGLEBURN,,No,Not a school zone,2-way undivided,-33.995116,150.865856,Campbelltown,Sydney metro. area,Syd-Newc-Woll Gtr conurbation,Straight,Driveway/entrance,,,On,Sealed,Dry,Fine,Daylight,Nil,No traffic controls,50 km/h,Local,47,Emerging from drive,406,Manov - Emerging from driveway,,Right angle,Car (sedan/hatch),Light truck utility(from 2018),2,0,0,0,1,1,January,Summer,Tuesday,06:00 - 07:59,AM peak / school commute,True,False,True,True
1346754,Injury,Minor/Other Injury,2024,2024,March,Thursday,06:00 - 07:59,COWPASTURE,RD,0,Right on the spot,NUMBER 524,HN,ABBOTSBURY,648.0,No,Not a school zone,Divided road,-33.871208,150.869948,Fairfield,Sydney metro. area,Syd-Newc-Woll Gtr conurbation,Straight,Steep grade,,,Unknown / not stated,Sealed,Dry,Fine,Daylight,Nil,No traffic controls,70 km/h,State,30,Rear end,301,Same - Rear end,,Rear end,4 wheel drive / SUV,Light truck utility(from 2018),2,0,0,0,1,3,March,Autumn,Thursday,06:00 - 07:59,AM peak / school commute,True,False,True,True
1346755,Injury,Moderate Injury,2024,2024,March,Friday,18:00 - 19:59,GREAT WESTERN,HWY,0,Right on the spot,BROXBOURNE,ST,WESTMEAD,5.0,No,Not a school zone,T-junction,-33.819191,150.988651,Cumberland,Sydney metro. area,Syd-Newc-Woll Gtr conurbation,Straight,Bus/transit lane,,,Unknown / not stated,Sealed,Dry,Fine,Darkness,Nil,Give way sign,60 km/h,State,16,Left near,107,Adj - Left-thru from right,,Right angle,Car (sedan/hatch),Motorcycle,2,0,0,1,0,3,March,Autumn,Friday,18:00 - 19:59,PM peak / evening commute,True,False,True,True
1346758,Injury,Moderate Injury,2024,2024,March,Friday,10:00 - 11:59,MINNESOTA,RD,0,Right on the spot,WARNERVALE,RD,HAMLYN TERRACE,,Yes,No,X-intersection,-33.250102,151.46732,Central Coast,Country urban,Syd-Newc-Woll Gtr conurbation,Straight,,,,Off,Sealed,Dry,Fine,Daylight,On,No traffic controls,50 km/h,Local,21,Right through,202,Opp - Right-thru,,Other angle,Light truck,Car (sedan/hatch),2,0,0,1,0,3,March,Autumn,Friday,10:00 - 11:59,Midday / afternoon,False,False,True,True
1346759,Injury,Minor/Other Injury,2024,2024,March,Wednesday,02:00 - 03:59,DENHAM COURT,RD,0,Right on the spot,NUMBER 225,HN,DENHAM COURT,7195.0,No,Not a school zone,2-way undivided,-33.974946,150.829899,Campbelltown,Sydney metro. area,Syd-Newc-Woll Gtr conurbation,Straight,,,,Unknown / not stated,Sealed,Dry,Fine,Darkness,Nil,No traffic controls,70 km/h,Regional,30,Rear end,301,Same - Rear end,,Rear end,Car (sedan/hatch),Light truck utility(from 2018),3,0,0,0,2,3,March,Autumn,Wednesday,02:00 - 03:59,Late night / early morning,False,False,True,True
1346760,Injury,Minor/Other Injury,2024,2024,March,Tuesday,16:00 - 17:59,HUME,HWY,2000,North,BROOKS ROAD,OP,MACQUARIE LINKS,2.0,No,Not a school zone,Dual freeway,-33.977768,150.870013,Campbelltown,Sydney metro. area,Syd-Newc-Woll Gtr conurbation,Curved,,,,Unknown / not stated,Sealed,Dry,Fine,Daylight,Nil,No traffic controls,110 km/h,State,34,Lane change right,306,Same - Lane change right,,Other angle,Semi-trailer,4 wheel drive / SUV,3,0,0,0,1,3,March,Autumn,Tuesday,16:00 - 17:59,PM peak / evening commute,True,False,True,True
1346761,Injury,Minor/Other Injury,2024,2024,March,Sunday,14:00 - 15:59,GREAT WESTERN,HWY,100,South,PRINCE GEORGE,ST,BLACKHEATH,5.0,No,Not a school zone,2-way undivided,-33.641745,150.285271,Blue Mountains,Country urban,Syd-Newc-Woll Gtr conurbation,Straight,Steep grade,,,Unknown / not stated,Sealed,Wet,Raining,Daylight,Nil,No traffic controls,60 km/h,State,30,Rear end,301,Same - Rear end,,Rear end,Light truck utility(from 2018),Light truck utility(from 2018),2,0,0,0,1,3,March,Autumn,Sunday,14:00 - 15:59,Midday / afternoon,False,False,True,True
1346762,Injury,Moderate Injury,2024,2024,March,Friday,18:00 - 19:59,MIMOSA,RD,0,Right on the spot,NUMBER 38,HN,BOSSLEY PARK,7229.0,No,Not a school zone,2-way undivided,-33.855576,150.891891,Fairfield,Sydney metro. area,Syd-Newc-Woll Gtr conurbation,Straight,,,,Unknown / not stated,Sealed,Dry,Fine,Dusk,Nil,No traffic controls,60 km/h,Regional,33,Lane sideswipe,305,Same - Lane side swipe,,Other angle,Car (sedan/hatch),Motorcycle,2,0,0,1,0,3,March,Autumn,Friday,18:00 - 19:59,PM peak / evening commute,True,False,True,True
1346763,Injury,Minor/Other Injury,2024,2024,March,Saturday,22:00 - Midnight,MARLOW,AVE,0,Right on the spot,RYEDALE,RD,WEST RYDE,,No,Not a school zone,X-intersection,-33.802783,151.091218,Ryde,Sydney metro. area,Syd-Newc-Woll Gtr conurbation,Curved,Other bridge,,,Unknown / not stated,Sealed,Wet,Raining,Darkness,On,No traffic controls,50 km/h,Local,21,Right through,202,Opp - Right-thru,,Other angle,Car (sedan/hatch),Car (sedan/hatch),2,0,0,0,1,3,March,Autumn,Saturday,22:00 - Midnight,Evening / night,False,False,True,True
1346765,Injury,Minor/Other Injury,2024,2024,March,Friday,10:00 - 11:59,WAKEHURST,PKWY,0,Right on the spot,DREADNOUGHT,RD,OXFORD FALLS,397.0,No,Not a school zone,X-intersection,-33.739463,151.244526,Northern Beaches,Sydney metro. area,Syd-Newc-Woll Gtr conurbation,Curved,,,,Unknown / not stated,Sealed,Wet,Raining,Daylight,On,No traffic controls,80 km/h,State,30,Rear end,301,Same - Rear end,,Rear end,Light truck utility(from 2018),Car (sedan/hatch),2,0,0,0,1,3,March,Autumn,Friday,10:00 - 11:59,Midday / afternoon,False,False,True,True
1346768,Injury,Moderate Injury,2024,2024,March,Sunday,20:00 - 21:59,M2 HILLS,EXP,1000,East,BEECROFT ROAD,OP,NORTH EPPING,6002.0,No,Not a school zone,Dual freeway,-33.764155,151.090139,Hornsby,Sydney metro. area,Syd-Newc-Woll Gtr conurbation,Straight,Underpass/tunnel,,,Unknown / not stated,Sealed,Wet,Fine,Darkness,Nil,No traffic controls,100 km/h,State,30,Rear end,301,Same - Rear end,,Rear end,Large rigid,Car (sedan/hatch),4,0,0,1,1,3,March,Autumn,Sunday,20:00 - 21:59,Evening / night,False,False,True,True
1346771,Injury,Moderate Injury,2024,2024,March,Wednesday,06:00 - 07:59,PRINCES,HWY,0,Right on the spot,ILLAROO,RD,BOMADERRY,1.0,No,Not a school zone,T-junction,-34.862036,150.601034,Shoalhaven,Country urban,Rest of NSW - Urban,Straight,,,,Unknown / not stated,Sealed,Dry,Fine,Daylight,On,No traffic controls,70 km/h,State,39,Other same direction,300,Same - other,,Other angle,Car (sedan/hatch),4 wheel drive / SUV,2,0,0,1,0,3,March,Autumn,Wednesday,06:00 - 07:59,AM peak / school commute,True,False,True,True
1346773,Injury,Minor/Other Injury,2024,2024,March,Thursday,14:00 - 15:59,TENNYSON,ST,0,Right on the spot,WAKEHURST,CRES,METFORD,,No,Not a school zone,X-intersection,-32.762841,151.601621,Maitland,Country urban,Rest of NSW - Urban,Straight,,,,Unknown / not stated,Sealed,Dry,Fine,Daylight,Nil,Give way sign,50 km/h,Local,40,U turn,207,Opp - U-turn,,Other angle,Light truck utility(from 2018),Car (sedan/hatch),2,0,0,0,1,3,March,Autumn,Thursday,14:00 - 15:59,Midday / afternoon,False,False,True,True
1346774,Injury,Minor/Other Injury,2024,2024,March,Sunday,00:01 - 01:59,WESTERN,DSTR,100,East,VICTORIA,RD,ROZELLE,165.0,No,Not a school zone,Divided road,-33.868852,151.177254,Inner West,Sydney metro. area,Syd-Newc-Woll Gtr conurbation,Straight,,,,Unknown / not stated,Sealed,Wet,Raining,Darkness,Nil,No traffic controls,60 km/h,State,39,Other same direction,300,Same - other,,Other angle,Car (sedan/hatch),Large rigid,2,0,0,0,1,3,March,Autumn,Sunday,00:01 - 01:59,Late night / early morning,False,False,True,True
1346775,Injury,Moderate Injury,2024,2024,March,Wednesday,12:00 - 13:59,FIFIELD,RD,0,Right on the spot,REYNELLA,RD,CONDOBOLIN,57.0,No,Not a school zone,T-junction,-33.013897,147.265258,Lachlan,Country non-urban,Rest of NSW - Rural,Curved,,,,Unknown / not stated,Sealed,Dry,Fine,Daylight,Nil,No traffic controls,100 km/h,Regional,30,Rear end,301,Same - Rear end,,Rear end,Semi-trailer,4 wheel drive / SUV,2,0,0,1,0,3,March,Autumn,Wednesday,12:00 - 13:59,Midday / afternoon,False,False,True,True
1346777,Injury,Minor/Other Injury,2024,2024,January,Wednesday,14:00 - 15:59,TAREN POINT,RD,100,North,THE BOULEVARDE,MS,CARINGBAH,199.0,Yes,No,Divided road,-34.03093,151.11963,Sutherland,Sydney metro. area,Syd-Newc-Woll Gtr conurbation,Straight,,,,Unknown / not stated,Sealed,Dry,Fine,Daylight,Nil,No traffic controls,70 km/h,State,33,Lane sideswipe,305,Same - Lane side swipe,,Other angle,Motorcycle,4 wheel drive / SUV,2,0,0,0,1,1,January,Summer,Wednesday,14:00 - 15:59,Midday / afternoon,False,False,True,True
1346778,Injury,Minor/Other Injury,2024,2024,February,Thursday,08:00 - 09:59,HASTINGS RIVER,DR,0,Right on the spot,NUMBER 226,HN,PORT MACQUARIE,600.0,No,Not a school zone,2-way undivided,-31.423473,152.872924,Port Macquarie-Hastings,Country urban,Rest of NSW - Urban,Straight,,,,Unknown / not stated,Sealed,Dry,Fine,Daylight,Nil,No traffic controls,60 km/h,Regional,30,Rear end,301,Same - Rear end,,Rear end,4 wheel drive / SUV,Car (sedan/hatch),2,0,0,0,1,2,February,Summer,Thursday,08:00 - 09:59,AM peak / school commute,True,False,True,True
1346780,Injury,Minor/Other Injury,2024,2024,February,Saturday,08:00 - 09:59,HUME,HWY,10,West,WOODVILLE,RD,LANSDOWNE,2.0,No,Not a school zone,X-intersection,-33.889614,150.973002,Canterbury-Bankstown,Sydney metro. area,Syd-Newc-Woll Gtr conurbation,Straight,,,,Unknown / not stated,Sealed,Dry,Fine,Daylight,On,No traffic controls,70 km/h,State,30,Rear end,301,Same - Rear end,,Rear end,Light truck utility(from 2018),Car (sedan/hatch),3,0,0,0,1,2,February,Summer,Saturday,08:00 - 09:59,AM peak / school commute,True,False,True,True
1346781,Injury,Minor/Other Injury,2024,2024,March,Wednesday,08:00 - 09:59,MANLY,RD,0,Right on the spot,AVONA,CRES,SEAFORTH,164.0,No,Not a school zone,T-junction,-33.799905,151.248802,Northern Beaches,Sydney metro. area,Syd-Newc-Woll Gtr conurbation,Straight,Steep grade,,,Unknown / not stated,Sealed,Dry,Fine,Daylight,Nil,No traffic controls,60 km/h,State,21,Right through,202,Opp - Right-thru,,Other angle,Passenger van,4 wheel drive / SUV,2,0,0,0,1,3,March,Autumn,Wednesday,08:00 - 09:59,AM peak / school commute,True,False,True,True
1346782,Injury,Moderate Injury,2024,2024,March,Saturday,10:00 - 11:59,GREAT WESTERN,HWY,6000,North,RAILWAY,PDE,BLACKHEATH,5.0,No,Not a school zone,2-way undivided,-33.624533,150.278507,Blue Mountains,Country urban,Syd-Newc-Woll Gtr conurbation,Curved,Steep grade,,,Unknown / not stated,Sealed,Wet,Raining,Daylight,Nil,No traffic controls,80 km/h,State,30,Rear end,301,Same - Rear end,,Rear end,Car (sedan/hatch),4 wheel drive / SUV,3,0,0,1,0,3,March,Autumn,Saturday,10:00 - 11:59,Midday / afternoon,False,False,True,True
1346785,Injury,Moderate Injury,2024,2024,February,Saturday,10:00 - 11:59,OLD NORTHERN,RD,0,Right on the spot,KENTHURST ROAD,TO,DURAL,160.0,No,Not a school zone,Divided road,-33.693716,151.019974,The Hills,Sydney metro. area,Syd-Newc-Woll Gtr conurbation,Curved,,,,Off,Sealed,Dry,Fine,Daylight,Nil,Ped crossing,50 km/h,State,30,Rear end,301,Same - Rear end,,Rear end,Car (sedan/hatch),Car (sedan/hatch),2,0,0,1,0,2,February,Summer,Saturday,10:00 - 11:59,Midday / afternoon,False,False,True,True
1346788,Injury,Moderate Injury,2024,2024,March,Wednesday,14:00 - 15:59,POLDING,ST,50,West,DUNKLEY,ST,SMITHFIELD,7222.0,Yes,No,2-way undivided,-33.859203,150.918771,Fairfield,Sydney metro. area,Syd-Newc-Woll Gtr conurbation,Straight,,,,Unknown / not stated,Sealed,Dry,Fine,Daylight,Nil,Ped crossing,60 km/h,Regional,30,Rear end,301,Same - Rear end,,Rear end,Car (sedan/hatch),Station wagon,2,0,0,1,0,3,March,Autumn,Wednesday,14:00 - 15:59,Midday / afternoon,False,False,True,True
1346789,Injury,Moderate Injury,2024,2024,March,Saturday,14:00 - 15:59,ILLAWARRA,HWY,0,Right on the spot,HAMILTON,RD,ALBION PARK,25.0,Yes,No,T-junction,-34.571026,150.771518,Shellharbour,Wollongong met. area,Syd-Newc-Woll Gtr conurbation,Straight,,,,Unknown / not stated,Sealed,Wet,Raining,Daylight,Nil,Give way sign,50 km/h,State,16,Left near,107,Adj - Left-thru from right,,Right angle,Car (sedan/hatch),Light truck utility(from 2018),2,0,0,1,0,3,March,Autumn,Saturday,14:00 - 15:59,Midday / afternoon,False,False,True,True
1346792,Injury,Moderate Injury,2024,2024,March,Monday,12:00 - 13:59,SOUTH,ST,0,Right on the spot,NUMBER 58,HN,GRANVILLE,,No,Not a school zone,2-way undivided,-33.834275,151.010967,Cumberland,Sydney metro. area,Syd-Newc-Woll Gtr conurbation,Straight,,,,Unknown / not stated,Sealed,Dry,Fine,Daylight,Nil,No traffic controls,50 km/h,Local,42,Leaving parking,401,Manov - Leaving parking,,Other angle,Car (sedan/hatch),4 wheel drive / SUV,2,0,0,1,0,3,March,Autumn,Monday,12:00 - 13:59,Midday / afternoon,False,False,True,True
1346797,Injury,Minor/Other Injury,2024,2024,February,Thursday,16:00 - 17:59,GAINSFORD,DR,0,Right on the spot,SAMANTHA RILEY,DR,KELLYVILLE,,No,Not a school zone,Roundabout,-33.710414,150.937975,The Hills,Sydney metro. area,Syd-Newc-Woll Gtr conurbation,Straight,,,,Unknown / not stated,Sealed,Unknown,Unknown,Daylight,Nil,Give way sign,60 km/h,Local,30,Rear end,301,Same - Rear end,,Rear end,Car (sedan/hatch),Car (sedan/hatch),2,0,0,0,1,2,February,Summer,Thursday,16:00 - 17:59,PM peak / evening commute,True,False,True,True
1346799,Injury,Moderate Injury,2024,2024,March,Tuesday,14:00 - 15:59,BLACKTOWN,RD,0,Right on the spot,BOURKE,ST,RICHMOND,537.0,No,Not a school zone,X-intersection,-33.603877,150.757259,Hawkesbury,Country urban,Syd-Newc-Woll Gtr conurbation,Straight,,,,Unknown / not stated,Sealed,Dry,Fine,Daylight,On,No traffic controls,60 km/h,State,10,Cross traffic,101,Adj - Cross traffic,,Right angle,Passenger van,Light truck,2,0,0,1,0,3,March,Autumn,Tuesday,14:00 - 15:59,Midday / afternoon,False,False,True,True
1346803,Injury,Minor/Other Injury,2024,2024,March,Saturday,10:00 - 11:59,GREAT WESTERN,HWY,0,Right on the spot,COLES,ST,CONCORD,5.0,No,Not a school zone,T-junction,-33.86803,151.098933,Canada Bay,Sydney metro. area,Syd-Newc-Woll Gtr conurbation,Straight,,,,Unknown / not stated,Sealed,Dry,Fine,Daylight,On,No traffic controls,60 km/h,State,30,Rear end,301,Same - Rear end,,Rear end,4 wheel drive / SUV,Car (sedan/hatch),2,0,0,0,2,3,March,Autumn,Saturday,10:00 - 11:59,Midday / afternoon,False,False,True,True
1346805,Injury,Moderate Injury,2024,2024,March,Sunday,12:00 - 13:59,BOORALIE,RD,0,Right on the spot,MYOORA,RD,TERREY HILLS,,No,Not a school zone,T-junction,-33.681779,151.226402,Northern Beaches,Sydney metro. area,Syd-Newc-Woll Gtr conurbation,Straight,,,,Unknown / not stated,Sealed,Dry,Fine,Daylight,Nil,Stop sign,50 km/h,Local,30,Rear end,301,Same - Rear end,,Rear end,4 wheel drive / SUV,4 wheel drive / SUV,2,0,0,1,0,3,March,Autumn,Sunday,12:00 - 13:59,Midday / afternoon,False,False,True,True