crash_id,degree_of_crash,degree_of_crash_-_detailed,reporting_year,year_of_crash,month_of_crash,day_of_week_of_crash,two-hour_intervals,street_of_crash,street_type,distance,direction,identifying_feature,identifying_feature_type,town,route_no.,school_zone_location,school_zone_active,type_of_location,latitude,longitude,lga,urbanisation,conurbation_1,alignment,primary_permanent_feature,primary_temporary_feature,primary_hazardous_feature,street_lighting,road_surface,surface_condition,weather,natural_lighting,signals_operation,other_traffic_control,speed_limit,road_classification_(admin),rum_-_code,rum_-_description,dca_-_code,dca_-_description,dca_supplement,first_impact_type,key_tu_type,other_tu_type,no._of_traffic_units_involved,no._killed,no._seriously_injured,no._moderately_injured,no._minor-other_injured,month_num,month_label,season,day_label,time_label,time_band,is_peak_commute,is_fatal,is_injury,is_casualty
1346813,Injury,Minor/Other Injury,2024,2024,March,Thursday,12:00 - 13:59,THE RIVER,RD,0,Right on the spot,NUMBER 144,HN,REVESBY,2068.0,No,Not a school zone,2-way undivided,-33.949296,151.017411,Canterbury-Bankstown,Sydney metro. area,Syd-Newc-Woll Gtr conurbation,Straight,,,,Unknown / not stated,Sealed,Dry,Fine,Daylight,Nil,No traffic controls,60 km/h,Regional,30,Rear end,301,Same - Rear end,,Rear end,4 wheel drive / SUV,Car (sedan/hatch),2,0,0,0,2,3,March,Autumn,Thursday,12:00 - 13:59,Midday / afternoon,False,False,True,True
1346815,Injury,Minor/Other Injury,2024,2024,February,Wednesday,16:00 - 17:59,STENNETT,RD,0,Right on the spot,NUMBER 16,HN,INGLEBURN,,No,Not a school zone,2-way undivided,-34.001005,150.853857,Campbelltown,Sydney metro. area,Syd-Newc-Woll Gtr conurbation,Curved,Driveway/entrance,,,Unknown / not stated,Sealed,Dry,Fine,Daylight,Nil,No traffic controls,60 km/h,Local,47,Emerging from drive,406,Manov - Emerging from driveway,,Right angle,Car (sedan/hatch),Car (sedan/hatch),2,0,0,0,1,2,February,Summer,Wednesday,16:00 - 17:59,PM peak / evening commute,True,False,True,True
1346817,Injury,Minor/Other Injury,2024,2024,March,Wednesday,08:00 - 09:59,ELIZABETH,DR,10,East,MONTGOMERY,RD,BONNYRIGG,535.0,No,Not a school zone,T-junction,-33.892469,150.888038,Fairfield,Sydney metro. area,Syd-Newc-Woll Gtr conurbation,Straight,,,,Unknown / not stated,Sealed,Dry,Fine,Daylight,Nil,No traffic controls,60 km/h,State,30,Rear end,301,Same - Rear end,,Rear end,Large rigid,Car (sedan/hatch),2,0,0,0,1,3,March,Autumn,Wednesday,08:00 - 09:59,AM peak / school commute,True,False,True,True
1346820,Injury,Minor/Other Injury,2024,2024,March,Thursday,06:00 - 07:59,SMITH,ST,0,Right on the spot,NUMBER 61-63,HN,SUMMER HILL,,No,Not a school zone,2-way undivided,-33.892237,151.139638,Inner West,Sydney metro. area,Syd-Newc-Woll Gtr conurbation,Straight,Driveway/entrance,,,Unknown / not stated,Sealed,Dry,Fine,Daylight,Nil,No traffic controls,50 km/h,Local,47,Emerging from drive,406,Manov - Emerging from driveway,,Right angle,Light truck utility(from 2018),Car (sedan/hatch),2,0,0,0,1,3,March,Autumn,Thursday,06:00 - 07:59,AM peak / school commute,True,False,True,True
1346821,Injury,Moderate Injury,2024,2024,March,Saturday,12:00 - 13:59,BOUNDARY,ST,0,Right on the spot,SCOTT,CRES,ROSEVILLE,599.0,No,Not a school zone,T-junction,-33.782521,151.195143,Willoughby,Sydney metro. area,Syd-Newc-Woll Gtr conurbation,Straight,,,,Unknown / not stated,Sealed,Dry,Overcast,Daylight,Nil,Give way sign,50 km/h,State,30,Rear end,301,Same - Rear end,,Rear end,4 wheel drive / SUV,Car (sedan/hatch),2,0,0,1,2,3,March,Autumn,Saturday,12:00 - 13:59,Midday / afternoon,False,False,True,True
1346825,Injury,Serious Injury,2024,2024,March,Wednesday,14:00 - 15:59,ALIBERTI,DR,0,Right on the spot,WALTERS,RD,BLACKTOWN,,No,Not a school zone,T-junction,-33.788484,150.890856,Blacktown,Sydney metro. area,Syd-Newc-Woll Gtr conurbation,Straight,Steep grade,,,Unknown / not stated,Sealed,Dry,Fine,Daylight,Nil,No traffic controls,50 km/h,Local,20,Head on,201,Opp - Head on,,Head-on,Station wagon,4 wheel drive / SUV,3,0,1,0,0,3,March,Autumn,Wednesday,14:00 - 15:59,Midday / afternoon,False,False,True,True
1346830,Injury,Serious Injury,2024,2024,March,Sunday,18:00 - 19:59,GRANDVIEW,CL,0,Right on the spot,NUMBER 11,HN,SAPPHIRE BEACH,,No,Not a school zone,2-way undivided,-30.226865,153.149656,Coffs Harbour,Country urban,Rest of NSW - Urban,Straight,,,,Off,Sealed,Dry,Fine,Dusk,Nil,No traffic controls,50 km/h,Local,49,Other manoeuvring,400,Manov - other,,Other angle,4 wheel drive / SUV,Car (sedan/hatch),2,0,1,0,0,3,March,Autumn,Sunday,18:00 - 19:59,PM peak / evening commute,True,False,True,True
1346834,Injury,Serious Injury,2024,2024,March,Monday,20:00 - 21:59,NEWCASTLE,EXP,2000,North,HUE HUE ROAD,OP,WYEE,6003.0,No,Not a school zone,Dual freeway,-33.163453,151.468714,Lake Macquarie,Newcastle met. area,Syd-Newc-Woll Gtr conurbation,Straight,,Roadwks/Detour/Diverson,,Nil,Sealed,Dry,Fine,Darkness,Nil,Other traf. control,90 km/h,State,35,Lane change left,307,Same - Lane change left,,Other angle,B-double (road train prior 98),Large rigid,2,0,1,1,0,3,March,Autumn,Monday,20:00 - 21:59,Evening / night,False,False,True,True
1346839,Injury,Moderate Injury,2024,2024,March,Monday,20:00 - 21:59,DUTRUC,ST,0,Right on the spot,RAE,ST,RANDWICK,,No,Not a school zone,X-intersection,-33.912619,151.245164,Randwick,Sydney metro. area,Syd-Newc-Woll Gtr conurbation,Straight,Steep grade,,,Nil,Sealed,Dry,Fine,Darkness,Nil,Stop sign,50 km/h,Local,10,Cross traffic,101,Adj - Cross traffic,,Right angle,Light truck utility(from 2018),Car (sedan/hatch),2,0,0,1,0,3,March,Autumn,Monday,20:00 - 21:59,Evening / night,False,False,True,True
1346841,Injury,Moderate Injury,2024,2024,January,Saturday,10:00 - 11:59,BLIGH,ST,0,Right on the spot,NUMBR 50,HN,SOUTH GRAFTON,,No,Not a school zone,2-way undivided,-29.71024,152.935508,Clarence Valley,Country urban,Rest of NSW - Urban,Straight,,,,Nil,Sealed,Dry,Fine,Daylight,Nil,No traffic controls,50 km/h,Local,73,Off rd rght => obj,704,Right off cway into obj,,Other angle,Light truck utility(from 2018),Station wagon,2,0,0,1,0,1,January,Summer,Saturday,10:00 - 11:59,Midday / afternoon,False,False,True,True
1346842,Injury,Moderate Injury,2024,2024,March,Tuesday,00:01 - 01:59,BIRRIGA,RD,0,Right on the spot,NUMBER 48-50,HN,BELLEVUE HILL,,No,Not a school zone,Divided road,-33.886499,151.265308,Woollahra,Sydney metro. area,Syd-Newc-Woll Gtr conurbation,Curved,,,,On,Sealed,Dry,Fine,Darkness,Nil,No traffic controls,50 km/h,Local,87,Off lft/lft bnd=>obj,804,Off left bend into obj,Left,Vehicle - Object,Car (sedan/hatch),,1,0,0,1,0,3,March,Autumn,Tuesday,00:01 - 01:59,Late night / early morning,False,False,True,True
1346843,Injury,Moderate Injury,2024,2024,March,Saturday,10:00 - 11:59,WENTWORTH,AVE,20,East,SOUTHERN CROSS DRIVE,TO,EASTLAKES,344.0,No,Not a school zone,Divided road,-33.936594,151.209622,Bayside,Sydney metro. area,Syd-Newc-Woll Gtr conurbation,Straight,,,,Nil,Sealed,Dry,Fine,Daylight,Nil,No traffic controls,70 km/h,State,34,Lane change right,306,Same - Lane change right,,Other angle,Light truck utility(from 2018),4 wheel drive / SUV,2,0,0,1,0,3,March,Autumn,Saturday,10:00 - 11:59,Midday / afternoon,False,False,True,True
1346844,Injury,Serious Injury,2024,2024,February,Sunday,10:00 - 11:59,POLDING,ST,0,Right on the spot,NUMBER 92-94,HN,FAIRFIELD HEIGHTS,7222.0,No,Not a school zone,Divided road,-33.862685,150.94414,Fairfield,Sydney metro. area,Syd-Newc-Woll Gtr conurbation,Straight,Pedestrian refuge,,,Off,Sealed,Dry,Fine,Daylight,Nil,No traffic controls,60 km/h,Regional,2,Ped far side,3,Ped - Far side,,Vehicle - Pedestrian,4 wheel drive / SUV,Pedestrian,2,0,1,0,0,2,February,Summer,Sunday,10:00 - 11:59,Midday / afternoon,False,False,True,True
1346847,Injury,Serious Injury,2024,2024,February,Tuesday,04:00 - 05:59,NEWCASTLE,EXP,500,South,PACIFIC HIGHWAY,TO,OURIMBAH,6003.0,No,Not a school zone,Dual freeway,-33.351039,151.362454,Central Coast,Country non-urban,Syd-Newc-Woll Gtr conurbation,Curved,,,,Nil,Sealed,Dry,Fine,Darkness,Nil,No traffic controls,110 km/h,State,85,Off rt/lft bnd=>obj,804,Off left bend into obj,Right,Vehicle - Object,4 wheel drive / SUV,,1,0,1,0,0,2,February,Summer,Tuesday,04:00 - 05:59,Late night / early morning,False,False,True,True
1346848,Injury,Minor/Other Injury,2024,2024,February,Sunday,12:00 - 13:59,PIERCE,ST,100,South,CHARLES,ST,WELLINGTON,,No,Not a school zone,2-way undivided,-32.564224,148.953187,Dubbo Regional,Country urban,Rest of NSW - Urban,Straight,,,,Nil,Sealed,Dry,Fine,Daylight,Nil,No traffic controls,50 km/h,Local,74,On road-out of cont.,705,Out of control on cway,,Rollover,Motorcycle,,1,0,0,0,1,2,February,Summer,Sunday,12:00 - 13:59,Midday / afternoon,False,False,True,True
1346851,Injury,Minor/Other Injury,2024,2024,February,Monday,16:00 - 17:59,MARIGOLD,ST,50,South,AMOUR,ST,REVESBY,,No,Not a school zone,2-way undivided,-33.936194,150.999375,Canterbury-Bankstown,Sydney metro. area,Syd-Newc-Woll Gtr conurbation,Straight,,,,Off,Sealed,Dry,Fine,Daylight,Nil,No traffic controls,60 km/h,Local,42,Leaving parking,401,Manov - Leaving parking,,Other angle,Car (sedan/hatch),Motorcycle,2,0,0,0,1,2,February,Summer,Monday,16:00 - 17:59,PM peak / evening commute,True,False,True,True
1346852,Injury,Serious Injury,2024,2024,March,Wednesday,16:00 - 17:59,PRINCES,HWY,0,Right on the spot,NUMBER 1325,HN,TOMERONG,1.0,No,Not a school zone,2-way undivided,-35.020426,150.579333,Shoalhaven,Country urban,Rest of NSW - Urban,Straight,Driveway/entrance,,,Off,Sealed,Dry,Fine,Daylight,Nil,No traffic controls,80 km/h,State,32,Right rear,303,Same - Rear right,,Rear end,Light truck utility(from 2018),Light truck utility(from 2018),3,0,1,1,0,3,March,Autumn,Wednesday,16:00 - 17:59,PM peak / evening commute,True,False,True,True
1346855,Injury,Serious Injury,2024,2024,February,Friday,12:00 - 13:59,SCHWEBEL,LANE,0,Right on the spot,NUMBER 14,HN,GLENORIE,,No,Not a school zone,2-way undivided,-33.598967,150.99773,The Hills,Sydney metro. area,Syd-Newc-Woll Gtr conurbation,Straight,,,,Nil,Sealed,Dry,Fine,Daylight,Nil,No traffic controls,50 km/h,Local,73,Off rd rght => obj,704,Right off cway into obj,,Vehicle - Object,Car (sedan/hatch),,1,0,1,0,0,2,February,Summer,Friday,12:00 - 13:59,Midday / afternoon,False,False,True,True
1346856,Injury,Moderate Injury,2024,2024,March,Saturday,20:00 - 21:59,STURT,HWY,0,Right on the spot,BAYLIS,ST,WAGGA WAGGA,14.0,No,Not a school zone,X-intersection,-35.118842,147.368836,Wagga Wagga,Country urban,Rest of NSW - Urban,Straight,,,,On,Sealed,Dry,Fine,Darkness,On,No traffic controls,60 km/h,State,21,Right through,202,Opp - Right-thru,,Other angle,Car (sedan/hatch),Light truck utility(from 2018),2,0,0,2,0,3,March,Autumn,Saturday,20:00 - 21:59,Evening / night,False,False,True,True
1346860,Injury,Serious Injury,2024,2024,February,Thursday,00:01 - 01:59,SOUTH WESTERN,EXP,10,West,MOOREBANK AVENUE,OP,MOOREBANK,6005.0,No,Not a school zone,Dual freeway,-33.939759,150.92474,Liverpool,Sydney metro. area,Syd-Newc-Woll Gtr conurbation,Straight,Underpass/tunnel,,,Nil,Sealed,Dry,Fine,Darkness,Nil,No traffic controls,100 km/h,State,30,Rear end,301,Same - Rear end,,Rear end,Unknown motor vehicle,Car (sedan/hatch),2,0,1,0,0,2,February,Summer,Thursday,00:01 - 01:59,Late night / early morning,False,False,True,True
1346862,Injury,Serious Injury,2024,2024,February,Tuesday,08:00 - 09:59,PERCY,ST,0,Right on the spot,SHEDDEN,ST,CESSNOCK,,No,Not a school zone,X-intersection,-32.835886,151.345731,Cessnock,Country urban,Rest of NSW - Urban,Straight,,,,Off,Sealed,Dry,Fine,Daylight,Nil,Give way sign,50 km/h,Local,10,Cross traffic,101,Adj - Cross traffic,,Right angle,Light truck utility(from 2018),4 wheel drive / SUV,2,0,1,1,0,2,February,Summer,Tuesday,08:00 - 09:59,AM peak / school commute,True,False,True,True
1346865,Injury,Serious Injury,2024,2024,February,Tuesday,12:00 - 13:59,CHELMSFORD,DR,40,West,TURTON,ST,METFORD,,No,Not a school zone,Divided road,-32.761764,151.598159,Maitland,Country urban,Rest of NSW - Urban,Curved,,,Slippery surface,Off,Sealed,Wet,Raining,Daylight,Nil,No traffic controls,50 km/h,Local,83,Off rt/rt bnd=>obj,803,Off right bend into obj,Right,Vehicle - Object,Car (sedan/hatch),,1,0,1,0,0,2,February,Summer,Tuesday,12:00 - 13:59,Midday / afternoon,False,False,True,True
1346867,Injury,Minor/Other Injury,2024,2024,February,Tuesday,06:00 - 07:59,SIR JOHN YOUNG,CRES,0,Right on the spot,COWPER WHARF,RD,SYDNEY,682.0,No,Not a school zone,T-junction,-33.868869,151.218101,Sydney,Sydney metro. area,Syd-Newc-Woll Gtr conurbation,Curved,,,,Nil,Sealed,Dry,Fine,Daylight,On,No traffic controls,50 km/h,State,30,Rear end,301,Same - Rear end,,Rear end,Car (sedan/hatch),Motorcycle,2,0,0,0,2,2,February,Summer,Tuesday,06:00 - 07:59,AM peak / school commute,True,False,True,True
1346868,Injury,Minor/Other Injury,2024,2024,March,Saturday,12:00 - 13:59,WOLLUMBIN,ST,0,Right on the spot,SUNNYSIDE MALL,OT,MURWILLUMBAH,142.0,No,Not a school zone,Divided road,-28.32769,153.396594,Tweed,Country urban,Rest of NSW - Urban,Straight,Foot/cycle path/nature strip,,,Off,Sealed,Dry,Fine,Daylight,On,Ped crossing,50 km/h,Regional,48,From footpath,408,Manov - From footway,,Other angle,Pedal cycle,Light truck utility(from 2018),2,0,0,0,1,3,March,Autumn,Saturday,12:00 - 13:59,Midday / afternoon,False,False,True,True
1346871,Injury,Moderate Injury,2024,2024,March,Thursday,22:00 - Midnight,BASSETT,ST,50,North,DUDLEY,ST,HURSTVILLE,,No,Not a school zone,2-way undivided,-33.956819,151.08855,Georges River,Sydney metro. area,Syd-Newc-Woll Gtr conurbation,Straight,,,,On,Sealed,Wet,Raining,Darkness,Nil,No traffic controls,50 km/h,Local,71,Off rd left => obj,703,Left off cway into object,,Other angle,4 wheel drive / SUV,4 wheel drive / SUV,3,0,0,1,0,3,March,Autumn,Thursday,22:00 - Midnight,Evening / night,False,False,True,True
1346872,Injury,Moderate Injury,2024,2024,February,Friday,12:00 - 13:59,RUSHES CREEK,RD,3000,West,MANILLA,TN,RUSHES CREEK,7711.0,No,Not a school zone,2-way undivided,-30.778802,150.704699,Tamworth Regional,Country non-urban,Rest of NSW - Rural,Curved,,,Loose gravel shoulder,Nil,Sealed,Dry,Fine,Daylight,Nil,No traffic controls,100 km/h,Regional,81,Off left/rt bnd=>obj,803,Off right bend into obj,Left,Vehicle - Object,Light truck utility(from 2018),,1,0,0,1,0,2,February,Summer,Friday,12:00 - 13:59,Midday / afternoon,False,False,True,True
1346881,Injury,Serious Injury,2024,2024,March,Friday,16:00 - 17:59,LEVICK,RD,0,Right on the spot,RINGROSE,AVE,GREYSTANES,,No,Not a school zone,T-junction,-33.828238,150.958319,Cumberland,Sydney metro. area,Syd-Newc-Woll Gtr conurbation,Straight,,,,Nil,Sealed,Dry,Fine,Daylight,Nil,No traffic controls,50 km/h,Local,10,Cross traffic,101,Adj - Cross traffic,,Right angle,4 wheel drive / SUV,Pedal cycle,2,0,1,0,0,3,March,Autumn,Friday,16:00 - 17:59,PM peak / evening commute,True,False,True,True
1346883,Injury,Serious Injury,2024,2024,January,Tuesday,10:00 - 11:59,CANLEY VALE,RD,0,Right on the spot,MELBOURNE,RD,ST JOHNS PARK,7224.0,No,Not a school zone,Roundabout,-33.879664,150.907118,Fairfield,Sydney metro. area,Syd-Newc-Woll Gtr conurbation,Straight,,,,Nil,Sealed,Dry,Fine,Daylight,Nil,Give way sign,60 km/h,Regional,10,Cross traffic,101,Adj - Cross traffic,,Right angle,Car (sedan/hatch),4 wheel drive / SUV,2,0,1,0,0,1,January,Summer,Tuesday,10:00 - 11:59,Midday / afternoon,False,False,True,True
1346887,Injury,Moderate Injury,2024,2024,March,Wednesday,14:00 - 15:59,BIGGE,ST,0,Right on the spot,MOORE,ST,LIVERPOOL,,No,Not a school zone,X-intersection,-33.922957,150.926877,Liverpool,Sydney metro. area,Syd-Newc-Woll Gtr conurbation,Straight,,,,On,Sealed,Dry,Fine,Daylight,On,No traffic controls,30 km/h,Local,30,Rear end,301,Same - Rear end,,Rear end,4 wheel drive / SUV,Car (sedan/hatch),2,0,0,1,0,3,March,Autumn,Wednesday,14:00 - 15:59,Midday / afternoon,False,False,True,True
1346888,Injury,Moderate Injury,2024,2024,February,Tuesday,04:00 - 05:59,CANTERBURY,RD,15,East,BONDS,RD,PUNCHBOWL,167.0,No,Not a school zone,2-way undivided,-33.931684,151.060257,Canterbury-Bankstown,Sydney metro. area,Syd-Newc-Woll Gtr conurbation,Straight,,,,On,Sealed,Wet,Raining,Darkness,Nil,No traffic controls,60 km/h,State,35,Lane change left,307,Same - Lane change left,,Other angle,Car (sedan/hatch),Car (sedan/hatch),2,0,0,1,0,2,February,Summer,Tuesday,04:00 - 05:59,Late night / early morning,False,False,True,True
1346892,Injury,Moderate Injury,2024,2024,March,Sunday,16:00 - 17:59,OLD WINDSOR,RD,50,South,FAULKNER,ST,OLD TOONGABBIE,635.0,No,Not a school zone,Divided road,-33.788223,150.975495,Parramatta,Sydney metro. area,Syd-Newc-Woll Gtr conurbation,Straight,,,,Off,Sealed,Dry,Fine,Daylight,Nil,No traffic controls,80 km/h,State,71,Off rd left => obj,703,Left off cway into object,,Vehicle - Object,Car (sedan/hatch),,3,0,0,1,0,3,March,Autumn,Sunday,16:00 - 17:59,PM peak / evening commute,True,False,True,True
1346895,Injury,Minor/Other Injury,2024,2024,March,Sunday,18:00 - 19:59,OXFORD,ST,0,Right on the spot,YORK,RD,BONDI JUNCTION,172.0,No,Not a school zone,T-junction,-33.889804,151.241774,Waverley,Sydney metro. area,Syd-Newc-Woll Gtr conurbation,Curved,,,,Off,Sealed,Dry,Fine,Daylight,On,No traffic controls,60 km/h,State,16,Left near,107,Adj - Left-thru from right,,Right angle,Car (sedan/hatch),Car (sedan/hatch),5,0,0,0,2,3,March,Autumn,Sunday,18:00 - 19:59,PM peak / evening commute,True,False,True,True
1346896,Injury,Serious Injury,2024,2024,March,Saturday,12:00 - 13:59,JONSSON,RD,200,East,GEORGE EVANS,RD,MUNDAMIA,,No,Not a school zone,2-way undivided,-34.880264,150.569236,Shoalhaven,Country urban,Rest of NSW - Urban,Straight,Ditch/drain/culvert,,Potholes/corrugations/rough,Nil,Unsealed,Wet,Raining,Daylight,Nil,No traffic controls,60 km/h,Local,71,Off rd left => obj,703,Left off cway into object,,Vehicle - Object,Light truck utility(from 2018),,1,0,1,0,0,3,March,Autumn,Saturday,12:00 - 13:59,Midday / afternoon,False,False,True,True
1346898,Injury,Serious Injury,2024,2024,March,Monday,10:00 - 11:59,LOCKYER,ST,120,West,JAMES,ST,ADAMSTOWN,,No,Not a school zone,2-way undivided,-32.93836,151.736204,Newcastle,Newcastle met. area,Syd-Newc-Woll Gtr conurbation,Straight,,,,Off,Sealed,Wet,Raining,Daylight,Nil,No traffic controls,50 km/h,Local,71,Off rd left => obj,703,Left off cway into object,,Other angle,Car (sedan/hatch),Car (sedan/hatch),4,0,1,0,0,3,March,Autumn,Monday,10:00 - 11:59,Midday / afternoon,False,False,True,True
1346899,Injury,Moderate Injury,2024,2024,March,Friday,20:00 - 21:59,PETER BROCK,DR,0,Right on the spot,SOUTH,CCT,ORAN PARK,,No,Not a school zone,X-intersection,-34.001707,150.735141,Camden,Sydney metro. area,Syd-Newc-Woll Gtr conurbation,Curved,,,,On,Sealed,Dry,Fine,Darkness,On,No traffic controls,50 km/h,Local,10,Cross traffic,101,Adj - Cross traffic,,Right angle,Car (sedan/hatch),Car (sedan/hatch),2,0,0,1,0,3,March,Autumn,Friday,20:00 - 21:59,Evening / night,False,False,True,True
1346900,Injury,Minor/Other Injury,2024,2024,March,Wednesday,08:00 - 09:59,AVOCA,ST,0,Right on the spot,BELMORE,RD,RANDWICK,660.0,No,Not a school zone,X-intersection,-33.917065,151.24121,Randwick,Sydney metro. area,Syd-Newc-Woll Gtr conurbation,Straight,,,,Nil,Sealed,Dry,Fine,Daylight,Unknown / not stated,No traffic controls,50 km/h,State,35,Lane change left,307,Same - Lane change left,,Other angle,Pedal cycle,4 wheel drive / SUV,2,0,0,0,1,3,March,Autumn,Wednesday,08:00 - 09:59,AM peak / school commute,True,False,True,True
1346902,Injury,Moderate Injury,2024,2024,March,Friday,16:00 - 17:59,REMEMBRANCE,DVWY,100,West,RIVER,RD,TAHMOOR,620.0,No,Not a school zone,2-way undivided,-34.212857,150.602243,Wollondilly,Country urban,Syd-Newc-Woll Gtr conurbation,Straight,Driveway/entrance,,,Nil,Sealed,Dry,Fine,Daylight,Nil,No traffic controls,60 km/h,Regional,31,Left rear,302,Same - Rear left,,Rear end,Large rigid,Car (sedan/hatch),2,0,0,1,0,3,March,Autumn,Friday,16:00 - 17:59,PM peak / evening commute,True,False,True,True
1346903,Injury,Minor/Other Injury,2024,2024,March,Thursday,06:00 - 07:59,WARRINGAH,RD,10,West,CONNAUGHT,ST,BROOKVALE,328.0,No,Not a school zone,T-junction,-33.754646,151.269155,Northern Beaches,Sydney metro. area,Syd-Newc-Woll Gtr conurbation,Straight,,,,Off,Sealed,Dry,Fine,Daylight,Nil,No traffic controls,70 km/h,State,30,Rear end,301,Same - Rear end,,Rear end,Car (sedan/hatch),Car (sedan/hatch),4,0,0,0,2,3,March,Autumn,Thursday,06:00 - 07:59,AM peak / school commute,True,False,True,True
1346909,Injury,Serious Injury,2024,2024,February,Saturday,16:00 - 17:59,CARTERS,LANE,900,West,BURLEY GRIFFIN,WAY,BINALONG,,No,Not a school zone,2-way undivided,-34.688473,148.63953,Yass Valley,Country non-urban,Rest of NSW - Rural,Curved,Steep grade,,,Nil,Unsealed,Dry,Fine,Daylight,Nil,No traffic controls,100 km/h,Local,88,Out of cont on bend,805,Out of control on bend,,Rollover,Motorcycle,,1,0,1,0,0,2,February,Summer,Saturday,16:00 - 17:59,PM peak / evening commute,True,False,True,True
1346911,Injury,Moderate Injury,2024,2024,March,Friday,06:00 - 07:59,ANJON,ST,0,Right on the spot,PARK,ST,CHARLESTOWN,,No,Not a school zone,X-intersection,-32.966381,151.690663,Lake Macquarie,Newcastle met. area,Syd-Newc-Woll Gtr conurbation,Straight,Steep grade,,,Nil,Sealed,Dry,Fine,Daylight,Nil,Give way sign,50 km/h,Local,13,Right near,104,Adj - Right-thru from right,,Right angle,Light truck utility(from 2018),Motorcycle,2,0,0,1,0,3,March,Autumn,Friday,06:00 - 07:59,AM peak / school commute,True,False,True,True
1346912,Injury,Serious Injury,2024,2024,February,Saturday,20:00 - 21:59,PENNANT,ST,100,North,COLLETT,PDE,PARRAMATTA,2113.0,No,Not a school zone,2-way undivided,-33.804927,151.022412,Parramatta,Sydney metro. area,Syd-Newc-Woll Gtr conurbation,Straight,,,,Off,Sealed,Dry,Fine,Darkness,Nil,No traffic controls,60 km/h,Regional,30,Rear end,301,Same - Rear end,,Rear end,Unknown motor vehicle,Motorised push scooters,2,0,1,0,0,2,February,Summer,Saturday,20:00 - 21:59,Evening / night,False,False,True,True
1346917,Injury,Moderate Injury,2024,2024,March,Monday,06:00 - 07:59,HANNELL,ST,0,Right on the spot,THROSBY,ST,WICKHAM,316.0,No,Not a school zone,T-junction,-32.921403,151.760099,Newcastle,Newcastle met. area,Syd-Newc-Woll Gtr conurbation,Straight,,,,On,Sealed,Dry,Fine,Dawn,On,No traffic controls,60 km/h,State,49,Other manoeuvring,400,Manov - other,,Other angle,Unknown motor vehicle,Pedal cycle,2,0,0,1,0,3,March,Autumn,Monday,06:00 - 07:59,AM peak / school commute,True,False,True,True
1346921,Injury,Serious Injury,2024,2024,March,Sunday,20:00 - 21:59,BURNETT,ST,15,East,RITA,ST,MERRYLANDS,7252.0,No,Not a school zone,2-way undivided,-33.825621,150.985012,Cumberland,Sydney metro. area,Syd-Newc-Woll Gtr conurbation,Straight,,,,On,Sealed,Dry,Fine,Darkness,Nil,No traffic controls,50 km/h,Regional,30,Rear end,301,Same - Rear end,,Rear end,Car (sedan/hatch),Motorcycle,4,0,1,1,1,3,March,Autumn,Sunday,20:00 - 21:59,Evening / night,False,False,True,True
1346922,Injury,Moderate Injury,2024,2024,March,Sunday,10:00 - 11:59,OCEAN,ST,50,North,TOURMALINE,ST,NARRABEEN,,No,Not a school zone,2-way undivided,-33.70744,151.302902,Northern Beaches,Sydney metro. area,Syd-Newc-Woll Gtr conurbation,Straight,,,,Nil,Sealed,Dry,Fine,Daylight,Nil,No traffic controls,50 km/h,Local,63,Vehicle door,604,On path - Vehicle door,,Other angle,Pedal cycle,4 wheel drive / SUV,2,0,0,1,0,3,March,Autumn,Sunday,10:00 - 11:59,Midday / afternoon,False,False,True,True
1346927,Injury,Serious Injury,2024,2024,March,Sunday,10:00 - 11:59,DYRAABA,RD,1230,West,SEXTONVILLE,RD,DYRAABA,,No,Not a school zone,2-way undivided,-28.750575,152.904823,Kyogle,Country non-urban,Rest of NSW - Rural,Curved,Ditch/drain/culvert,,,Nil,Sealed,Dry,Fine,Daylight,Nil,No traffic controls,100 km/h,Local,80,Off left/right bend,801,Off cway right bend,Left,Rollover,Motorcycle,,1,0,1,0,0,3,March,Autumn,Sunday,10:00 - 11:59,Midday / afternoon,False,False,True,True
1346928,Injury,Moderate Injury,2024,2024,March,Tuesday,16:00 - 17:59,WARDELL,RD,50,West,MARRICKVILLE,RD,DULWICH HILL,7053.0,No,Not a school zone,2-way undivided,-33.906948,151.145429,Inner West,Sydney metro. area,Syd-Newc-Woll Gtr conurbation,Straight,,,,Off,Sealed,Dry,Fine,Daylight,Nil,No traffic controls,50 km/h,Regional,35,Lane change left,307,Same - Lane change left,,Other angle,Car (sedan/hatch),Motorcycle,2,0,0,1,0,3,March,Autumn,Tuesday,16:00 - 17:59,PM peak / evening commute,True,False,True,True
1346931,Injury,Serious Injury,2024,2024,January,Tuesday,12:00 - 13:59,DICKSONS,RD,0,Right on the spot,HUE HUE,RD,JILLIBY,,No,Not a school zone,T-junction,-33.245879,151.398969,Central Coast,Country urban,Syd-Newc-Woll Gtr conurbation,Straight,,,,Off,Sealed,Dry,Fine,Daylight,Nil,Give way sign,80 km/h,Local,14,2 right turning,105,Adj - Two right turning,,Right angle,Large rigid,Motorcycle,2,0,1,0,0,1,January,Summer,Tuesday,12:00 - 13:59,Midday / afternoon,False,False,True,True
1346934,Injury,Moderate Injury,2024,2024,February,Friday,16:00 - 17:59,OLD WINDSOR,RD,0,Right on the spot,GIBBON,RD,WINSTON HILLS,635.0,No,Not a school zone,X-intersection,-33.768543,150.959006,Parramatta,Sydney metro. area,Syd-Newc-Woll Gtr conurbation,Straight,,,,Off,Sealed,Dry,Overcast,Daylight,On,No traffic controls,80 km/h,State,30,Rear end,301,Same - Rear end,,Rear end,Light truck utility(from 2018),Light truck utility(from 2018),2,0,0,1,0,2,February,Summer,Friday,16:00 - 17:59,PM peak / evening commute,True,False,True,True