crash_id,degree_of_crash,degree_of_crash_-_detailed,reporting_year,year_of_crash,month_of_crash,day_of_week_of_crash,two-hour_intervals,street_of_crash,street_type,distance,direction,identifying_feature,identifying_feature_type,town,route_no.,school_zone_location,school_zone_active,type_of_location,latitude,longitude,lga,urbanisation,conurbation_1,alignment,primary_permanent_feature,primary_temporary_feature,primary_hazardous_feature,street_lighting,road_surface,surface_condition,weather,natural_lighting,signals_operation,other_traffic_control,speed_limit,road_classification_(admin),rum_-_code,rum_-_description,dca_-_code,dca_-_description,dca_supplement,first_impact_type,key_tu_type,other_tu_type,no._of_traffic_units_involved,no._killed,no._seriously_injured,no._moderately_injured,no._minor-other_injured,month_num,month_label,season,day_label,time_label,time_band,is_peak_commute,is_fatal,is_injury,is_casualty
1346935,Injury,Serious Injury,2024,2024,February,Thursday,10:00 - 11:59,BARNES,ST,0,Right on the spot,NANNAWILLI,ST,BERKELEY,,Yes,No,T-junction,-34.478558,150.853923,Wollongong,Wollongong met. area,Syd-Newc-Woll Gtr conurbation,Straight,,,,Off,Sealed,Dry,Fine,Daylight,Nil,Stop sign,50 km/h,Local,13,Right near,104,Adj - Right-thru from right,,Right angle,Car (sedan/hatch),Motorcycle,2,0,1,0,0,2,February,Summer,Thursday,10:00 - 11:59,Midday / afternoon,False,False,True,True
1346936,Injury,Serious Injury,2024,2024,March,Wednesday,16:00 - 17:59,DUNHEVED,RD,30,East,TRINITY,DR,CAMBRIDGE PARK,7288.0,No,Not a school zone,2-way undivided,-33.743103,150.720222,Penrith,Sydney metro. area,Syd-Newc-Woll Gtr conurbation,Straight,Steep grade,,,Off,Sealed,Dry,Fine,Daylight,Nil,No traffic controls,70 km/h,Regional,74,On road-out of cont.,705,Out of control on cway,,Rollover,Motorcycle,,1,0,1,0,0,3,March,Autumn,Wednesday,16:00 - 17:59,PM peak / evening commute,True,False,True,True
1346938,Injury,Serious Injury,2024,2024,February,Wednesday,08:00 - 09:59,DALE,ST,30,South,CROSS`ST,ST,BROOKVALE,,No,Not a school zone,1-way street,-33.766126,151.268195,Northern Beaches,Sydney metro. area,Syd-Newc-Woll Gtr conurbation,Straight,,,,Off,Sealed,Dry,Fine,Daylight,Nil,No traffic controls,20 km/h,Local,9,Ped other,0,Ped - other,,Vehicle - Pedestrian,Other bus,Pedestrian,2,0,1,0,0,2,February,Summer,Wednesday,08:00 - 09:59,AM peak / school commute,True,False,True,True
1346941,Injury,Serious Injury,2024,2024,March,Thursday,10:00 - 11:59,BURWOOD,RD,20,South,WYATT,AVE,BURWOOD,,No,Not a school zone,2-way undivided,-33.884529,151.102287,Burwood,Sydney metro. area,Syd-Newc-Woll Gtr conurbation,Straight,,,,Off,Sealed,Dry,Fine,Daylight,Nil,No traffic controls,50 km/h,Local,73,Off rd rght => obj,704,Right off cway into obj,,Vehicle - Object,Motor scooter,,1,0,1,0,0,3,March,Autumn,Thursday,10:00 - 11:59,Midday / afternoon,False,False,True,True
1346944,Injury,Moderate Injury,2024,2024,March,Monday,08:00 - 09:59,CARLINGFORD,RD,0,Right on the spot,RAWSON,ST,EPPING,373.0,No,Not a school zone,X-intersection,-33.77116,151.080268,Parramatta,Sydney metro. area,Syd-Newc-Woll Gtr conurbation,Straight,,,,Off,Sealed,Dry,Fine,Daylight,Unknown / not stated,No traffic controls,60 km/h,State,30,Rear end,301,Same - Rear end,,Rear end,Car (sedan/hatch),Car (sedan/hatch),2,0,0,1,0,3,March,Autumn,Monday,08:00 - 09:59,AM peak / school commute,True,False,True,True
1346945,Injury,Moderate Injury,2024,2024,February,Sunday,22:00 - Midnight,MARION,ST,0,Right on the spot,LITTLE,RD,BANKSTOWN,7121.0,No,Not a school zone,T-junction,-33.917499,151.0234,Canterbury-Bankstown,Sydney metro. area,Syd-Newc-Woll Gtr conurbation,Straight,,,,On,Sealed,Dry,Fine,Darkness,Nil,Stop sign,60 km/h,Regional,16,Left near,107,Adj - Left-thru from right,,Right angle,4 wheel drive / SUV,4 wheel drive / SUV,2,0,0,2,0,2,February,Summer,Sunday,22:00 - Midnight,Evening / night,False,False,True,True
1346952,Injury,Serious Injury,2024,2024,January,Wednesday,20:00 - 21:59,PACIFIC,HWY,0,Right on the spot,TELEGRAPH,RD,PYMBLE,10.0,No,Not a school zone,T-junction,-33.741708,151.139012,Ku-ring-gai,Sydney metro. area,Syd-Newc-Woll Gtr conurbation,Straight,,,,On,Sealed,Dry,Fine,Dusk,On,No traffic controls,60 km/h,State,13,Right near,104,Adj - Right-thru from right,,Right angle,Car (sedan/hatch),Station wagon,2,0,1,0,1,1,January,Summer,Wednesday,20:00 - 21:59,Evening / night,False,False,True,True
1346953,Injury,Moderate Injury,2024,2024,March,Friday,16:00 - 17:59,GIINAGAY,WAY,0,Right on the spot,VALLA BEACH,RD,VALLA,,No,Not a school zone,T-junction,-30.589388,152.998253,Nambucca Valley,Country non-urban,Rest of NSW - Rural,Straight,,,,Off,Sealed,Wet,Fine,Daylight,Nil,Give way sign,90 km/h,Local,21,Right through,202,Opp - Right-thru,,Other angle,4 wheel drive / SUV,Car (sedan/hatch),2,0,0,1,0,3,March,Autumn,Friday,16:00 - 17:59,PM peak / evening commute,True,False,True,True
1346954,Injury,Minor/Other Injury,2024,2024,March,Wednesday,08:00 - 09:59,GREAT WESTERN,HWY,0,Right on the spot,WALTERS,RD,ARNDELL PARK,5.0,No,Not a school zone,T-junction,-33.795601,150.8894,Blacktown,Sydney metro. area,Syd-Newc-Woll Gtr conurbation,Straight,Steep grade,,,Off,Sealed,Wet,Raining,Daylight,Nil,Stop sign,80 km/h,State,30,Rear end,301,Same - Rear end,,Rear end,Car (sedan/hatch),Motorcycle,2,0,0,0,1,3,March,Autumn,Wednesday,08:00 - 09:59,AM peak / school commute,True,False,True,True
1346956,Injury,Serious Injury,2024,2024,February,Monday,12:00 - 13:59,FERRY,ST,0,Right on the spot,GIINAGAY,WAY,NORTH MACKSVILLE,118.0,No,Not a school zone,T-junction,-30.703984,152.921502,Nambucca Valley,Country urban,Rest of NSW - Urban,Straight,,,,Nil,Sealed,Dry,Fine,Daylight,Nil,Give way sign,50 km/h,Regional,10,Cross traffic,101,Adj - Cross traffic,,Right angle,Light truck utility(from 2018),Large rigid,2,0,1,0,0,2,February,Summer,Monday,12:00 - 13:59,Midday / afternoon,False,False,True,True
1346960,Injury,Serious Injury,2024,2024,March,Monday,20:00 - 21:59,MILPERRA,RD,50,East,EDGAR STREET,TO,REVESBY,167.0,No,Not a school zone,Divided road,-33.936391,151.012231,Canterbury-Bankstown,Sydney metro. area,Syd-Newc-Woll Gtr conurbation,Straight,,,,On,Sealed,Wet,Raining,Darkness,Nil,No traffic controls,70 km/h,State,71,Off rd left => obj,703,Left off cway into object,,Vehicle - Object,Light truck utility(from 2018),,1,0,1,0,0,3,March,Autumn,Monday,20:00 - 21:59,Evening / night,False,False,True,True
1346964,Injury,Moderate Injury,2024,2024,March,Wednesday,14:00 - 15:59,SYDNEY,RD,30,East,WOODLAND,ST,BALGOWLAH,159.0,No,Not a school zone,2-way undivided,-33.794154,151.263002,Northern Beaches,Sydney metro. area,Syd-Newc-Woll Gtr conurbation,Straight,,,,Off,Sealed,Dry,Fine,Daylight,Nil,No traffic controls,60 km/h,State,0,Ped nearside,1,Ped - Near side,,Vehicle - Pedestrian,Light truck utility(from 2018),Pedestrian,2,0,0,1,0,3,March,Autumn,Wednesday,14:00 - 15:59,Midday / afternoon,False,False,True,True
1346967,Injury,Minor/Other Injury,2024,2024,February,Thursday,12:00 - 13:59,OLD BATHURST,RD,0,Right on the spot,NUMBER 84-90,HN,EMU HEIGHTS,7291.0,No,Not a school zone,2-way undivided,-33.742656,150.650823,Penrith,Sydney metro. area,Syd-Newc-Woll Gtr conurbation,Straight,Driveway/entrance,,,Nil,Sealed,Dry,Fine,Daylight,Nil,No traffic controls,50 km/h,Regional,47,Emerging from drive,406,Manov - Emerging from driveway,,Right angle,4 wheel drive / SUV,Car (sedan/hatch),4,0,0,0,1,2,February,Summer,Thursday,12:00 - 13:59,Midday / afternoon,False,False,True,True
1346976,Injury,Moderate Injury,2024,2024,February,Wednesday,14:00 - 15:59,FEDERAL,HWY,0,Right on the spot,BUNGENDORE,RD,BYWONG,3.0,No,Not a school zone,T-junction,-35.144902,149.33364,Queanbeyan-Palerang Regional,Country non-urban,Rest of NSW - Rural,Straight,,,,Nil,Sealed,Dry,Fine,Daylight,Nil,No traffic controls,100 km/h,State,75,Off end of road,709,Off end cway or T junct,,Vehicle - Object,Car (sedan/hatch),,1,0,0,1,0,2,February,Summer,Wednesday,14:00 - 15:59,Midday / afternoon,False,False,True,True
1346981,Injury,Moderate Injury,2024,2024,March,Friday,14:00 - 15:59,PLANE,AVE,0,Right on the spot,ROWAN,AVE,URALLA,,No,Not a school zone,X-intersection,-30.650665,151.495353,Uralla,Country urban,Rest of NSW - Urban,Straight,,,,Nil,Sealed,Dry,Fine,Daylight,Nil,Give way sign,50 km/h,Local,30,Rear end,301,Same - Rear end,,Rear end,Car (sedan/hatch),4 wheel drive / SUV,2,0,0,1,0,3,March,Autumn,Friday,14:00 - 15:59,Midday / afternoon,False,False,True,True
1346982,Injury,Moderate Injury,2024,2024,January,Monday,06:00 - 07:59,CASTLEREAGH,RD,0,Right on the spot,SOUTHEE,RD,RICHMOND,570.0,No,Not a school zone,X-intersection,-33.602005,150.733855,Hawkesbury,Country urban,Syd-Newc-Woll Gtr conurbation,Straight,,,,Nil,Sealed,Wet,Raining,Daylight,Nil,Stop sign,60 km/h,State,10,Cross traffic,101,Adj - Cross traffic,,Right angle,Car (sedan/hatch),Large rigid,2,0,0,1,0,1,January,Summer,Monday,06:00 - 07:59,AM peak / school commute,True,False,True,True
1346984,Injury,Moderate Injury,2024,2024,January,Friday,22:00 - Midnight,MAIN,RD,130,West,FREDERICK,ST,GLENDALE,527.0,No,Not a school zone,Divided road,-32.926526,151.635617,Lake Macquarie,Newcastle met. area,Syd-Newc-Woll Gtr conurbation,Straight,,,,On,Sealed,Dry,Fine,Darkness,Nil,No traffic controls,60 km/h,State,71,Off rd left => obj,703,Left off cway into object,,Vehicle - Object,Car (sedan/hatch),,1,0,0,1,0,1,January,Summer,Friday,22:00 - Midnight,Evening / night,False,False,True,True
1346987,Injury,Serious Injury,2024,2024,March,Sunday,08:00 - 09:59,EXCELSIOR,AVE,112,West,OLD NORTHERN,RD,CASTLE HILL,,No,Not a school zone,2-way undivided,-33.742803,150.997739,The Hills,Sydney metro. area,Syd-Newc-Woll Gtr conurbation,Straight,Steep grade,,,Off,Sealed,Wet,Raining,Daylight,Nil,No traffic controls,50 km/h,Local,71,Off rd left => obj,703,Left off cway into object,,Vehicle - Object,4 wheel drive / SUV,,1,0,1,0,0,3,March,Autumn,Sunday,08:00 - 09:59,AM peak / school commute,True,False,True,True
1346988,Injury,Moderate Injury,2024,2024,February,Wednesday,18:00 - 19:59,GREAT WESTERN,HWY,0,Right on the spot,MOORECOURT,RD,SPRINGWOOD,5.0,No,Not a school zone,X-intersection,-33.700592,150.558741,Blue Mountains,Country urban,Syd-Newc-Woll Gtr conurbation,Curved,,,,Off,Sealed,Dry,Fine,Dusk,On,No traffic controls,80 km/h,State,30,Rear end,301,Same - Rear end,,Rear end,Semi-trailer,Car (sedan/hatch),2,0,0,1,0,2,February,Summer,Wednesday,18:00 - 19:59,PM peak / evening commute,True,False,True,True
1346990,Injury,Serious Injury,2024,2024,March,Thursday,12:00 - 13:59,GWYDIR,HWY,3000,West,GRAVESEND,RD,GRAVESEND,12.0,No,Not a school zone,2-way undivided,-29.56759,150.29586,Gwydir,Country non-urban,Rest of NSW - Rural,Curved,,,,Nil,Sealed,Dry,Fine,Daylight,Nil,No traffic controls,100 km/h,State,20,Head on,201,Opp - Head on,,Head-on,4 wheel drive / SUV,B-double (road train prior 98),3,0,2,0,0,3,March,Autumn,Thursday,12:00 - 13:59,Midday / afternoon,False,False,True,True
1346991,Injury,Moderate Injury,2024,2024,March,Sunday,20:00 - 21:59,BAYSWATER,RD,0,Right on the spot,WARATAH,ST,RUSHCUTTERS BAY,173.0,No,Not a school zone,T-junction,-33.876277,151.227876,Sydney,Sydney metro. area,Syd-Newc-Woll Gtr conurbation,Straight,,,,On,Sealed,Dry,Fine,Darkness,Nil,No traffic controls,60 km/h,State,2,Ped far side,3,Ped - Far side,,Vehicle - Pedestrian,Motor scooter,Pedestrian,2,0,0,1,0,3,March,Autumn,Sunday,20:00 - 21:59,Evening / night,False,False,True,True
1346993,Injury,Serious Injury,2024,2024,January,Sunday,14:00 - 15:59,PENSHURST,ST,0,Right on the spot,GEORGE,ST,PENSHURST,7012.0,No,Not a school zone,Roundabout,-33.959111,151.082925,Georges River,Sydney metro. area,Syd-Newc-Woll Gtr conurbation,Straight,,,,Nil,Sealed,Dry,Fine,Daylight,Nil,Give way sign,50 km/h,Regional,10,Cross traffic,101,Adj - Cross traffic,,Right angle,Car (sedan/hatch),Motor scooter,2,0,1,0,0,1,January,Summer,Sunday,14:00 - 15:59,Midday / afternoon,False,False,True,True
1347001,Injury,Serious Injury,2024,2024,March,Sunday,12:00 - 13:59,GRAFTON,RD,250,West,OLD HILLGROVE,RD,METZ,76.0,No,Not a school zone,2-way undivided,-30.534211,151.87519,Armidale Regional,Country non-urban,Rest of NSW - Rural,Straight,Ditch/drain/culvert,,,Nil,Sealed,Wet,Raining,Daylight,Nil,No traffic controls,100 km/h,State,73,Off rd rght => obj,704,Right off cway into obj,,Vehicle - Object,Light truck utility(from 2018),,1,0,1,0,0,3,March,Autumn,Sunday,12:00 - 13:59,Midday / afternoon,False,False,True,True
1347003,Injury,Serious Injury,2024,2024,January,Wednesday,00:01 - 01:59,CLARENCE,WAY,0,Right on the spot,COALDALE,RD,MOLEVILLE CREEK,150.0,No,Not a school zone,T-junction,-29.572968,152.91363,Clarence Valley,Country non-urban,Rest of NSW - Rural,Curved,Embankment/cutting,,,Nil,Sealed,Wet,Fine,Darkness,Nil,Give way sign,100 km/h,Regional,85,Off rt/lft bnd=>obj,804,Off left bend into obj,Right,Vehicle - Object,Station wagon,,1,0,1,0,0,1,January,Summer,Wednesday,00:01 - 01:59,Late night / early morning,False,False,True,True
1347004,Injury,Moderate Injury,2024,2024,February,Monday,14:00 - 15:59,NARELLAN,RD,400,East,CAMDEN VALLEY,WAY,NARELLAN,178.0,No,Not a school zone,2-way undivided,-34.040312,150.744231,Camden,Sydney metro. area,Syd-Newc-Woll Gtr conurbation,Straight,,,,Off,Sealed,Dry,Fine,Daylight,Nil,No traffic controls,60 km/h,State,30,Rear end,301,Same - Rear end,,Rear end,Car (sedan/hatch),4 wheel drive / SUV,2,0,0,1,0,2,February,Summer,Monday,14:00 - 15:59,Midday / afternoon,False,False,True,True
1347005,Injury,Moderate Injury,2024,2024,January,Wednesday,16:00 - 17:59,HUME,HWY,0,Right on the spot,HUME STREET,TO,GOULBURN,2.0,No,Not a school zone,Divided road,-34.776735,149.68318,Goulburn Mulwaree,Country non-urban,Rest of NSW - Rural,Straight,,,,Off,Sealed,Wet,Raining,Daylight,Nil,No traffic controls,110 km/h,State,74,On road-out of cont.,705,Out of control on cway,,Rollover,Light truck,,1,0,0,1,0,1,January,Summer,Wednesday,16:00 - 17:59,PM peak / evening commute,True,False,True,True
1347006,Injury,Serious Injury,2024,2024,February,Wednesday,20:00 - 21:59,GRAGIN,RD,3000,East,DOGLEG,RD,WARIALDA,,No,Not a school zone,2-way undivided,-29.53723,150.616384,Gwydir,Country non-urban,Rest of NSW - Rural,Straight,,,,Nil,Sealed,Dry,Fine,Darkness,Nil,No traffic controls,100 km/h,Local,70,Off road to left,701,Off carriageway to left,,Rollover,Car (sedan/hatch),,1,0,1,0,0,2,February,Summer,Wednesday,20:00 - 21:59,Evening / night,False,False,True,True
1347009,Injury,Minor/Other Injury,2024,2024,February,Wednesday,16:00 - 17:59,MONASH,ST,0,Right on the spot,STATION,ST,WENTWORTHVILLE,,Yes,No,T-junction,-33.81481,150.969799,Cumberland,Sydney metro. area,Syd-Newc-Woll Gtr conurbation,Straight,,,,Off,Sealed,Dry,Fine,Daylight,Nil,No traffic controls,50 km/h,Local,37,Left turn sideswipe,309,Same - Left turn side swipe,,Other angle,4 wheel drive / SUV,Car (sedan/hatch),2,0,0,0,3,2,February,Summer,Wednesday,16:00 - 17:59,PM peak / evening commute,True,False,True,True
1347012,Injury,Moderate Injury,2024,2024,January,Sunday,14:00 - 15:59,GAN GAN,RD,750,East,NELSON BAY,RD,ANNA BAY,4045.0,No,Not a school zone,2-way undivided,-32.774698,152.078605,Port Stephens,Country urban,Rest of NSW - Urban,Straight,,,,Nil,Sealed,Dry,Fine,Daylight,Nil,No traffic controls,80 km/h,Local,90,Fell in/from vehicle,901,Fell in/from vehicle,,Person - Object,Station wagon,,1,0,0,1,0,1,January,Summer,Sunday,14:00 - 15:59,Midday / afternoon,False,False,True,True
1347017,Injury,Serious Injury,2024,2024,February,Tuesday,06:00 - 07:59,WARRINGAH,RD,400,South,VALLEY,RD,KILLARNEY HEIGHTS,328.0,No,Not a school zone,Divided road,-33.767413,151.204673,Northern Beaches,Sydney metro. area,Syd-Newc-Woll Gtr conurbation,Curved,Steep grade,,,Nil,Sealed,Wet,Raining,Daylight,Nil,No traffic controls,80 km/h,State,30,Rear end,301,Same - Rear end,,Rear end,Station wagon,Motorcycle,2,0,1,0,1,2,February,Summer,Tuesday,06:00 - 07:59,AM peak / school commute,True,False,True,True
1347019,Injury,Moderate Injury,2024,2024,February,Saturday,20:00 - 21:59,GWYDIR,HWY,11500,East,GRAVESEND,TN,GRAVESEND,12.0,No,Not a school zone,2-way undivided,-29.585267,150.449134,Gwydir,Country non-urban,Rest of NSW - Rural,Straight,,,,Nil,Sealed,Dry,Fine,Darkness,Nil,No traffic controls,100 km/h,State,67,Struck animal,609,On path - Hit animal,,Vehicle - Animal,Light truck utility(from 2018),,1,0,0,1,0,2,February,Summer,Saturday,20:00 - 21:59,Evening / night,False,False,True,True
1347020,Injury,Serious Injury,2024,2024,February,Sunday,16:00 - 17:59,SOUTHERN,EXP,500,North,OLD PRINCES HIGHWAY,OP,WORONORA DAM,6006.0,No,Not a school zone,Dual freeway,-34.200451,150.965517,Wollongong,Wollongong met. area,Syd-Newc-Woll Gtr conurbation,Straight,,,,Off,Sealed,Dry,Fine,Daylight,Nil,No traffic controls,110 km/h,State,30,Rear end,301,Same - Rear end,,Rear end,Light truck,Light truck utility(from 2018),4,0,2,2,0,2,February,Summer,Sunday,16:00 - 17:59,PM peak / evening commute,True,False,True,True
1347022,Injury,Serious Injury,2024,2024,March,Tuesday,16:00 - 17:59,PACIFIC,HWY,0,Right on the spot,7-ELEVEN SERVICE STATION,OT,WATANOBBI,10.0,No,Not a school zone,Divided road,-33.274456,151.429571,Central Coast,Country urban,Syd-Newc-Woll Gtr conurbation,Straight,,,Potholes/corrugations/rough,Off,Sealed,Dry,Fine,Daylight,Nil,No traffic controls,70 km/h,State,70,Off road to left,701,Off carriageway to left,,Rollover,Motorcycle,,1,0,1,0,0,3,March,Autumn,Tuesday,16:00 - 17:59,PM peak / evening commute,True,False,True,True
1347023,Injury,Moderate Injury,2024,2024,March,Sunday,12:00 - 13:59,SHOWGROUND,RD,30,East,WINDSOR,RD,CASTLE HILL,157.0,No,Not a school zone,Divided road,-33.725939,150.973337,The Hills,Sydney metro. area,Syd-Newc-Woll Gtr conurbation,Straight,,,,Nil,Sealed,Dry,Fine,Daylight,Nil,No traffic controls,60 km/h,State,30,Rear end,301,Same - Rear end,,Rear end,Car (sedan/hatch),4 wheel drive / SUV,2,0,0,1,1,3,March,Autumn,Sunday,12:00 - 13:59,Midday / afternoon,False,False,True,True
1347025,Injury,Serious Injury,2024,2024,February,Wednesday,06:00 - 07:59,EASTERN VALLEY,WAY,65,South,MOROTAI,CRES,NORTHBRIDGE,599.0,No,Not a school zone,2-way undivided,-33.80555,151.209091,Willoughby,Sydney metro. area,Syd-Newc-Woll Gtr conurbation,Straight,,,Slippery surface,On,Sealed,Wet,Raining,Dawn,On,Ped crossing,60 km/h,State,74,On road-out of cont.,705,Out of control on cway,,Rollover,Motorcycle,,1,0,1,0,0,2,February,Summer,Wednesday,06:00 - 07:59,AM peak / school commute,True,False,True,True
1347030,Injury,Minor/Other Injury,2024,2024,February,Thursday,20:00 - 21:59,CARLINGFORD,RD,0,Right on the spot,MIDSON,RD,EPPING,373.0,No,Not a school zone,X-intersection,-33.773143,151.070973,Parramatta,Sydney metro. area,Syd-Newc-Woll Gtr conurbation,Straight,,,,On,Sealed,Dry,Fine,Daylight,On,No traffic controls,60 km/h,State,21,Right through,202,Opp - Right-thru,,Other angle,Unknown motor vehicle,Car (sedan/hatch),2,0,0,0,1,2,February,Summer,Thursday,20:00 - 21:59,Evening / night,False,False,True,True
1347031,Injury,Serious Injury,2024,2024,March,Monday,20:00 - 21:59,WESTERN,DSTR,300,West,PYRMONT BRIDGE ROAD,OP,PYRMONT,165.0,No,Not a school zone,Divided road,-33.87097,151.191214,Sydney,Sydney metro. area,Syd-Newc-Woll Gtr conurbation,Curved,,,,Nil,Sealed,Dry,Fine,Darkness,Nil,No traffic controls,60 km/h,State,83,Off rt/rt bnd=>obj,803,Off right bend into obj,Right,Vehicle - Object,Motorcycle,,1,0,1,0,0,3,March,Autumn,Monday,20:00 - 21:59,Evening / night,False,False,True,True
1347035,Injury,Serious Injury,2024,2024,March,Saturday,12:00 - 13:59,STONEY CREEK,RD,0,Right on the spot,PENSHURST,ST,BEVERLY HILLS,665.0,No,Not a school zone,X-intersection,-33.954952,151.079211,Georges River,Sydney metro. area,Syd-Newc-Woll Gtr conurbation,Straight,,,,Off,Sealed,Wet,Raining,Daylight,On,Ped crossing,60 km/h,State,9,Ped other,0,Ped - other,,Vehicle - Pedestrian,Light truck utility(from 2018),Pedestrian,2,0,1,0,0,3,March,Autumn,Saturday,12:00 - 13:59,Midday / afternoon,False,False,True,True
1347043,Injury,Serious Injury,2024,2024,March,Monday,14:00 - 15:59,ARUNDELL,ST,0,Right on the spot,POPONDETTA,RD,EMERTON,,No,Not a school zone,T-junction,-33.747453,150.810024,Blacktown,Sydney metro. area,Syd-Newc-Woll Gtr conurbation,Curved,,,,Off,Sealed,Dry,Fine,Daylight,Nil,No traffic controls,50 km/h,Local,32,Right rear,303,Same - Rear right,,Rear end,Motorcycle,Car (sedan/hatch),2,0,1,0,0,3,March,Autumn,Monday,14:00 - 15:59,Midday / afternoon,False,False,True,True
1347046,Injury,Moderate Injury,2024,2024,March,Thursday,06:00 - 07:59,WOODRIFF,ST,50,South,DERBY,ST,PENRITH,,No,Not a school zone,2-way undivided,-33.756595,150.69476,Penrith,Sydney metro. area,Syd-Newc-Woll Gtr conurbation,Straight,,,,On,Sealed,Dry,Fine,Dawn,Nil,No traffic controls,50 km/h,Local,0,Ped nearside,1,Ped - Near side,,Vehicle - Pedestrian,Unknown motor vehicle,Pedestrian,2,0,0,1,0,3,March,Autumn,Thursday,06:00 - 07:59,AM peak / school commute,True,False,True,True
1347047,Injury,Moderate Injury,2024,2024,March,Sunday,14:00 - 15:59,HUNTER,EXP,5000,North,NEWCASTLE EXPRESSWAY,OP,STOCKRINGTON,6011.0,No,Not a school zone,Dual freeway,-32.864293,151.560907,Cessnock,Country non-urban,Rest of NSW - Rural,Curved,,,,Off,Sealed,Dry,Fine,Daylight,Nil,No traffic controls,110 km/h,State,35,Lane change left,307,Same - Lane change left,,Other angle,Light truck utility(from 2018),4 wheel drive / SUV,2,0,0,1,0,3,March,Autumn,Sunday,14:00 - 15:59,Midday / afternoon,False,False,True,True
1347048,Injury,Moderate Injury,2024,2024,February,Sunday,10:00 - 11:59,COLS LINK,RD,20,South,LITLTE SUGAR LOAF,RD,BODALLA,,No,Not a school zone,2-way undivided,-36.034492,149.924999,Eurobodalla,Country non-urban,Rest of NSW - Rural,Straight,,,,Nil,Unsealed,Dry,Fine,Daylight,Nil,No traffic controls,100 km/h,Local,70,Off road to left,701,Off carriageway to left,,Rollover,Motorcycle,,1,0,0,1,0,2,February,Summer,Sunday,10:00 - 11:59,Midday / afternoon,False,False,True,True
1347050,Injury,Serious Injury,2024,2024,January,Thursday,22:00 - Midnight,KURRAJONG,RD,18,West,TALLOWOOD,AVE,CASULA,7263.0,No,Not a school zone,2-way undivided,-33.946915,150.900404,Liverpool,Sydney metro. area,Syd-Newc-Woll Gtr conurbation,Straight,,,,On,Sealed,Dry,Fine,Darkness,Nil,Ped crossing,60 km/h,Regional,0,Ped nearside,1,Ped - Near side,,Vehicle - Pedestrian,Light truck utility(from 2018),Pedestrian,2,0,1,0,0,1,January,Summer,Thursday,22:00 - Midnight,Evening / night,False,False,True,True
1347055,Injury,Moderate Injury,2024,2024,March,Tuesday,18:00 - 19:59,PACIFIC,HWY,0,Right on the spot,ISLES,DR,COFFS HARBOUR,10.0,No,Not a school zone,X-intersection,-30.316156,153.091836,Coffs Harbour,Country urban,Rest of NSW - Urban,Straight,,,,Off,Sealed,Dry,Fine,Dusk,On,No traffic controls,60 km/h,State,10,Cross traffic,101,Adj - Cross traffic,,Right angle,4 wheel drive / SUV,Car (sedan/hatch),2,0,0,1,0,3,March,Autumn,Tuesday,18:00 - 19:59,PM peak / evening commute,True,False,True,True
1347063,Injury,Moderate Injury,2024,2024,March,Sunday,12:00 - 13:59,PRESIDENT,AVE,0,Right on the spot,ROSLYN,AVE,MONTEREY,667.0,No,Not a school zone,T-junction,-33.966448,151.15164,Bayside,Sydney metro. area,Syd-Newc-Woll Gtr conurbation,Straight,,,,Off,Sealed,Dry,Unknown,Daylight,Nil,No traffic controls,60 km/h,State,21,Right through,202,Opp - Right-thru,,Other angle,Light truck utility(from 2018),Car (sedan/hatch),2,0,0,1,0,3,March,Autumn,Sunday,12:00 - 13:59,Midday / afternoon,False,False,True,True
1347064,Injury,Minor/Other Injury,2024,2024,March,Monday,06:00 - 07:59,TARLINGTON,PL,0,Right on the spot,NUMBER 3,HN,SMITHFIELD,,No,Not a school zone,2-way undivided,-33.835122,150.925984,Cumberland,Sydney metro. area,Syd-Newc-Woll Gtr conurbation,Curved,Driveway/entrance,,,Off,Sealed,Dry,Fine,Dawn,Nil,No traffic controls,50 km/h,Local,6,Ped on footpath,8,Ped - On footway/median,,Vehicle - Pedestrian,Station wagon,Pedestrian,2,0,0,0,1,3,March,Autumn,Monday,06:00 - 07:59,AM peak / school commute,True,False,True,True
1347065,Injury,Serious Injury,2024,2024,March,Thursday,16:00 - 17:59,ASHBY,AVE,20,South,BOWDEN,BVD,YAGOONA,,No,Not a school zone,2-way undivided,-33.901069,151.029141,Canterbury-Bankstown,Sydney metro. area,Syd-Newc-Woll Gtr conurbation,Straight,Steep grade,,,Nil,Sealed,Dry,Fine,Daylight,Nil,No traffic controls,50 km/h,Local,71,Off rd left => obj,703,Left off cway into object,,Vehicle - Object,Motorcycle,,1,0,1,0,0,3,March,Autumn,Thursday,16:00 - 17:59,PM peak / evening commute,True,False,True,True
1347067,Injury,Minor/Other Injury,2024,2024,March,Saturday,06:00 - 07:59,DIXON,DR,0,Right on the spot,VICTORIA,PDE,NELSON BAY,,No,Not a school zone,T-junction,-32.714232,152.157669,Port Stephens,Country urban,Rest of NSW - Urban,Straight,,,,Off,Sealed,Dry,Fine,Daylight,Nil,Stop sign,50 km/h,Local,74,On road-out of cont.,705,Out of control on cway,,Rollover,Pedal cycle,,1,0,0,0,1,3,March,Autumn,Saturday,06:00 - 07:59,AM peak / school commute,True,False,True,True
1347073,Injury,Moderate Injury,2024,2024,February,Monday,12:00 - 13:59,CAMDEN VALLEY,WAY,0,Right on the spot,ORAN PARK DRIVE,TO,ORAN PARK,620.0,No,Not a school zone,Divided road,-34.019877,150.761117,Camden,Sydney metro. area,Syd-Newc-Woll Gtr conurbation,Straight,,,,Nil,Sealed,Dry,Fine,Daylight,Nil,Give way sign,80 km/h,State,30,Rear end,301,Same - Rear end,,Rear end,Car (sedan/hatch),Car (sedan/hatch),2,0,0,1,0,2,February,Summer,Monday,12:00 - 13:59,Midday / afternoon,False,False,True,True