crash_id,degree_of_crash,degree_of_crash_-_detailed,reporting_year,year_of_crash,month_of_crash,day_of_week_of_crash,two-hour_intervals,street_of_crash,street_type,distance,direction,identifying_feature,identifying_feature_type,town,route_no.,school_zone_location,school_zone_active,type_of_location,latitude,longitude,lga,urbanisation,conurbation_1,alignment,primary_permanent_feature,primary_temporary_feature,primary_hazardous_feature,street_lighting,road_surface,surface_condition,weather,natural_lighting,signals_operation,other_traffic_control,speed_limit,road_classification_(admin),rum_-_code,rum_-_description,dca_-_code,dca_-_description,dca_supplement,first_impact_type,key_tu_type,other_tu_type,no._of_traffic_units_involved,no._killed,no._seriously_injured,no._moderately_injured,no._minor-other_injured,month_num,month_label,season,day_label,time_label,time_band,is_peak_commute,is_fatal,is_injury,is_casualty
1347076,Injury,Moderate Injury,2024,2024,March,Friday,14:00 - 15:59,NEW ENGLAND,HWY,300,North,RIXS CREEK,LANE,RIXS CREEK,9.0,No,Not a school zone,2-way undivided,-32.531746,151.138606,Singleton,Country urban,Rest of NSW - Urban,Straight,,,,Unknown / not stated,Sealed,Dry,Fine,Daylight,Nil,No traffic controls,80 km/h,State,30,Rear end,301,Same - Rear end,,Rear end,Car (sedan/hatch),4 wheel drive / SUV,2,0,0,1,0,3,March,Autumn,Friday,14:00 - 15:59,Midday / afternoon,False,False,True,True
1347094,Injury,Serious Injury,2024,2024,February,Thursday,06:00 - 07:59,PRINCES,HWY,0,Right on the spot,PORT HACKING,RD,SYLVANIA,1.0,No,Not a school zone,X-intersection,-34.008057,151.105716,Sutherland,Sydney metro. area,Syd-Newc-Woll Gtr conurbation,Straight,,,,Unknown / not stated,Sealed,Dry,Fine,Daylight,On,No traffic controls,70 km/h,State,21,Right through,202,Opp - Right-thru,,Other angle,4 wheel drive / SUV,4 wheel drive / SUV,3,0,1,0,0,2,February,Summer,Thursday,06:00 - 07:59,AM peak / school commute,True,False,True,True
1347104,Injury,Serious Injury,2024,2024,March,Tuesday,12:00 - 13:59,RUSDEN,RD,0,Right on the spot,NUMBER 12,HN,BLAXLAND,,No,Not a school zone,2-way undivided,-33.744299,150.622371,Blue Mountains,Country urban,Syd-Newc-Woll Gtr conurbation,Straight,,,,Nil,Sealed,Dry,Fine,Daylight,Nil,No traffic controls,50 km/h,Local,71,Off rd left => obj,703,Left off cway into object,,Other angle,Car (sedan/hatch),Light truck utility(from 2018),2,0,1,0,0,3,March,Autumn,Tuesday,12:00 - 13:59,Midday / afternoon,False,False,True,True
1347106,Injury,Moderate Injury,2024,2024,March,Friday,06:00 - 07:59,MILLER,ST,0,Right on the spot,PALMER,ST,CAMMERAY,599.0,No,Not a school zone,X-intersection,-33.821109,151.210616,North Sydney,Sydney metro. area,Syd-Newc-Woll Gtr conurbation,Straight,,,,Unknown / not stated,Sealed,Wet,Overcast,Daylight,On,No traffic controls,50 km/h,State,21,Right through,202,Opp - Right-thru,,Other angle,Light truck utility(from 2018),Motor scooter,2,0,0,1,0,3,March,Autumn,Friday,06:00 - 07:59,AM peak / school commute,True,False,True,True
1347108,Injury,Serious Injury,2024,2024,March,Friday,06:00 - 07:59,TAMARIND,DR,0,Right on the spot,FERNGROVE,DR,BALLINA,695.0,No,Not a school zone,Roundabout,-28.851356,153.554172,Ballina,Country urban,Rest of NSW - Urban,Straight,,,,Unknown / not stated,Sealed,Dry,Overcast,Daylight,Nil,Give way sign,60 km/h,Regional,10,Cross traffic,101,Adj - Cross traffic,,Right angle,4 wheel drive / SUV,Car (sedan/hatch),2,0,1,0,0,3,March,Autumn,Friday,06:00 - 07:59,AM peak / school commute,True,False,True,True
1347113,Injury,Moderate Injury,2024,2024,March,Thursday,10:00 - 11:59,PACIFIC,HWY,800,North,JOHNS RIVER,RD,JOHNS RIVER,10.0,No,Not a school zone,Divided road,-31.725556,152.697377,Mid-Coast,Country non-urban,Rest of NSW - Rural,Straight,,,,Unknown / not stated,Sealed,Dry,Fine,Daylight,Nil,No traffic controls,110 km/h,State,71,Off rd left => obj,703,Left off cway into object,,Other angle,Car (sedan/hatch),Light truck utility(from 2018),2,0,0,1,0,3,March,Autumn,Thursday,10:00 - 11:59,Midday / afternoon,False,False,True,True
1347114,Injury,Moderate Injury,2024,2024,February,Wednesday,08:00 - 09:59,HUME,HWY,30,West,GOVERNOR MACQUARIE,DR,WARWICK FARM,2.0,No,Not a school zone,Divided road,-33.911524,150.937876,Liverpool,Sydney metro. area,Syd-Newc-Woll Gtr conurbation,Straight,,,,Unknown / not stated,Sealed,Dry,Fine,Daylight,Nil,No traffic controls,70 km/h,State,30,Rear end,301,Same - Rear end,,Rear end,Car (sedan/hatch),4 wheel drive / SUV,2,0,0,1,0,2,February,Summer,Wednesday,08:00 - 09:59,AM peak / school commute,True,False,True,True
1347115,Injury,Minor/Other Injury,2024,2024,March,Thursday,14:00 - 15:59,EPPING,RD,0,Right on the spot,HERRING,RD,MACQUARIE PARK,373.0,No,Not a school zone,X-intersection,-33.781631,151.113685,Ryde,Sydney metro. area,Syd-Newc-Woll Gtr conurbation,Straight,,,,Unknown / not stated,Sealed,Dry,Fine,Daylight,On,Give way sign,70 km/h,State,31,Left rear,302,Same - Rear left,,Rear end,4 wheel drive / SUV,Car (sedan/hatch),2,0,0,0,1,3,March,Autumn,Thursday,14:00 - 15:59,Midday / afternoon,False,False,True,True
1347117,Injury,Minor/Other Injury,2024,2024,March,Tuesday,12:00 - 13:59,BRAUN,AVE,0,Right on the spot,COLLINS,AVE,DUBBO,,No,Not a school zone,T-junction,-32.240053,148.636373,Dubbo Regional,Country urban,Rest of NSW - Urban,Straight,,,,Unknown / not stated,Sealed,Dry,Fine,Daylight,Nil,No traffic controls,50 km/h,Local,71,Off rd left => obj,703,Left off cway into object,,Vehicle - Object,Light truck utility(from 2018),,1,0,0,0,1,3,March,Autumn,Tuesday,12:00 - 13:59,Midday / afternoon,False,False,True,True
1347118,Injury,Minor/Other Injury,2024,2024,March,Thursday,08:00 - 09:59,TURTON,RD,0,Right on the spot,GEORGETOWN,RD,WARATAH,326.0,No,Not a school zone,X-intersection,-32.906821,151.727488,Newcastle,Newcastle met. area,Syd-Newc-Woll Gtr conurbation,Straight,,,,On,Sealed,Dry,Fine,Daylight,On,No traffic controls,50 km/h,State,30,Rear end,301,Same - Rear end,,Rear end,Car (sedan/hatch),Car (sedan/hatch),2,0,0,0,1,3,March,Autumn,Thursday,08:00 - 09:59,AM peak / school commute,True,False,True,True
1347119,Injury,Serious Injury,2024,2024,March,Saturday,10:00 - 11:59,WOODVILLE,RD,100,North,HOWATT,ST,VILLAWOOD,640.0,No,Not a school zone,Divided road,-33.882844,150.976867,Fairfield,Sydney metro. area,Syd-Newc-Woll Gtr conurbation,Straight,,,,Nil,Sealed,Dry,Overcast,Daylight,Nil,No traffic controls,60 km/h,State,30,Rear end,301,Same - Rear end,,Rear end,Car (sedan/hatch),Car (sedan/hatch),5,0,1,0,0,3,March,Autumn,Saturday,10:00 - 11:59,Midday / afternoon,False,False,True,True
1347120,Injury,Moderate Injury,2024,2024,March,Thursday,12:00 - 13:59,CAMDEN VALLEY,WAY,0,Right on the spot,RABY,RD,GLEDSWOOD HILLS,620.0,No,Not a school zone,T-junction,-33.993884,150.787709,Camden,Sydney metro. area,Syd-Newc-Woll Gtr conurbation,Straight,,,,Unknown / not stated,Sealed,Dry,Fine,Daylight,On,No traffic controls,80 km/h,State,30,Rear end,301,Same - Rear end,,Rear end,4 wheel drive / SUV,Car (sedan/hatch),2,0,0,1,0,3,March,Autumn,Thursday,12:00 - 13:59,Midday / afternoon,False,False,True,True
1347122,Injury,Moderate Injury,2024,2024,March,Saturday,14:00 - 15:59,PRINCES,HWY,270,North,BIG BIT,RD,BENANDARAH,1.0,No,Not a school zone,2-way undivided,-35.623126,150.251519,Eurobodalla,Country non-urban,Rest of NSW - Rural,Curved,Embankment/cutting,,,Unknown / not stated,Sealed,Dry,Fine,Daylight,Nil,No traffic controls,100 km/h,State,87,Off lft/lft bnd=>obj,804,Off left bend into obj,Left,Vehicle - Object,Car (sedan/hatch),,1,0,0,1,0,3,March,Autumn,Saturday,14:00 - 15:59,Midday / afternoon,False,False,True,True
1347126,Injury,Minor/Other Injury,2024,2024,March,Friday,12:00 - 13:59,HURRICANE,DR,0,Right on the spot,SOPWITH,AVE,RABY,,No,Not a school zone,T-junction,-34.025112,150.82004,Campbelltown,Sydney metro. area,Syd-Newc-Woll Gtr conurbation,Straight,,,,Unknown / not stated,Sealed,Dry,Fine,Daylight,Nil,No traffic controls,50 km/h,Local,15,Right/left far,106,Adj - Right-left from right,,Right angle,Light truck utility(from 2018),4 wheel drive / SUV,2,0,0,0,1,3,March,Autumn,Friday,12:00 - 13:59,Midday / afternoon,False,False,True,True
1347127,Injury,Minor/Other Injury,2024,2024,March,Sunday,14:00 - 15:59,FIFTEENTH,AVE,0,Right on the spot,NUMBER 198,HN,WEST HOXTON,,No,Not a school zone,2-way undivided,-33.92113,150.831761,Liverpool,Sydney metro. area,Syd-Newc-Woll Gtr conurbation,Straight,Driveway/entrance,,,Unknown / not stated,Sealed,Dry,Fine,Daylight,Nil,No traffic controls,60 km/h,Local,21,Right through,202,Opp - Right-thru,,Other angle,Car (sedan/hatch),4 wheel drive / SUV,2,0,0,0,1,3,March,Autumn,Sunday,14:00 - 15:59,Midday / afternoon,False,False,True,True
1347131,Injury,Moderate Injury,2024,2024,March,Monday,18:00 - 19:59,CARNARVON,HWY,1000,North,DOLGELLY,RD,GARAH,28.0,No,Not a school zone,2-way undivided,-29.160527,149.719518,Moree Plains,Country non-urban,Rest of NSW - Rural,Curved,,,,Unknown / not stated,Sealed,Wet,Raining,Daylight,Nil,No traffic controls,100 km/h,State,81,Off left/rt bnd=>obj,803,Off right bend into obj,Left,Vehicle - Object,Light truck utility(from 2018),,1,0,0,1,0,3,March,Autumn,Monday,18:00 - 19:59,PM peak / evening commute,True,False,True,True
1347133,Injury,Moderate Injury,2024,2024,March,Wednesday,14:00 - 15:59,ELIZABETH,DR,0,Right on the spot,CECIL,RD,CECIL PARK,535.0,No,Not a school zone,T-junction,-33.874737,150.838878,Fairfield,Sydney metro. area,Syd-Newc-Woll Gtr conurbation,Curved,,,,Unknown / not stated,Sealed,Dry,Fine,Daylight,Nil,No traffic controls,70 km/h,State,31,Left rear,302,Same - Rear left,,Rear end,Large rigid,4 wheel drive / SUV,2,0,0,1,0,3,March,Autumn,Wednesday,14:00 - 15:59,Midday / afternoon,False,False,True,True
1347136,Injury,Minor/Other Injury,2024,2024,March,Saturday,12:00 - 13:59,CENTENARY,DR,160,North,MARLBOROUGH ROAD,OP,HOMEBUSH WEST,200.0,No,Not a school zone,Divided road,-33.862469,151.067039,Strathfield,Sydney metro. area,Syd-Newc-Woll Gtr conurbation,Straight,,,,Unknown / not stated,Sealed,Dry,Fine,Daylight,Nil,No traffic controls,80 km/h,State,39,Other same direction,300,Same - other,,Other angle,4 wheel drive / SUV,Unknown motor vehicle,2,0,0,0,1,3,March,Autumn,Saturday,12:00 - 13:59,Midday / afternoon,False,False,True,True
1347137,Injury,Moderate Injury,2024,2024,March,Friday,16:00 - 17:59,OLYMPIC,HWY,3100,South,ALLANS,RD,KOORAWATHA,78.0,No,Not a school zone,2-way undivided,-34.009071,148.573707,Cowra,Country non-urban,Rest of NSW - Rural,Curved,Embankment/cutting,,,Unknown / not stated,Sealed,Dry,Fine,Daylight,Nil,No traffic controls,100 km/h,State,81,Off left/rt bnd=>obj,803,Off right bend into obj,Left,Vehicle - Object,Car (sedan/hatch),,1,0,0,1,0,3,March,Autumn,Friday,16:00 - 17:59,PM peak / evening commute,True,False,True,True
1347143,Injury,Minor/Other Injury,2024,2024,February,Wednesday,16:00 - 17:59,NEWCASTLE INNER CITY,BYPA,0,Right on the spot,NEWCASTLE ROAD,TO,JESMOND,23.0,No,Not a school zone,Divided road,-32.905113,151.692518,Newcastle,Newcastle met. area,Syd-Newc-Woll Gtr conurbation,Curved,,,,Unknown / not stated,Sealed,Dry,Fine,Daylight,Nil,No traffic controls,90 km/h,State,30,Rear end,301,Same - Rear end,,Rear end,Light truck utility(from 2018),Car (sedan/hatch),2,0,0,0,1,2,February,Summer,Wednesday,16:00 - 17:59,PM peak / evening commute,True,False,True,True
1347148,Injury,Moderate Injury,2024,2024,March,Friday,20:00 - 21:59,STURT,HWY,2000,East,YANCO CREEK REST AREA,ENT,GILLENBAH,14.0,No,Not a school zone,2-way undivided,-34.717659,146.436521,Narrandera,Country non-urban,Rest of NSW - Rural,Straight,,,,Unknown / not stated,Sealed,Dry,Fine,Darkness,Nil,No traffic controls,100 km/h,State,67,Struck animal,609,On path - Hit animal,,Vehicle - Animal,4 wheel drive / SUV,,1,0,0,1,0,3,March,Autumn,Friday,20:00 - 21:59,Evening / night,False,False,True,True
1347149,Injury,Moderate Injury,2024,2024,March,Monday,08:00 - 09:59,KIDMAN,WAY,4788,South,SMITH,RD,HILLSTON,80.0,No,Not a school zone,2-way undivided,-33.545253,145.526604,Carrathool,Country non-urban,Rest of NSW - Rural,Straight,,,,Unknown / not stated,Sealed,Dry,Fine,Daylight,Nil,No traffic controls,100 km/h,State,20,Head on,201,Opp - Head on,,Head-on,Light truck utility(from 2018),Light truck utility(from 2018),3,0,0,1,0,3,March,Autumn,Monday,08:00 - 09:59,AM peak / school commute,True,False,True,True
1347150,Injury,Minor/Other Injury,2024,2024,March,Saturday,06:00 - 07:59,PARK,AVE,0,Right on the spot,RANGERS,AVE,MOSMAN,,No,Not a school zone,Roundabout,-33.832278,151.236242,Mosman,Sydney metro. area,Syd-Newc-Woll Gtr conurbation,Curved,,,,Unknown / not stated,Sealed,Dry,Fine,Daylight,Nil,Give way sign,50 km/h,Local,10,Cross traffic,101,Adj - Cross traffic,,Right angle,Car (sedan/hatch),4 wheel drive / SUV,2,0,0,0,1,3,March,Autumn,Saturday,06:00 - 07:59,AM peak / school commute,True,False,True,True
1347154,Injury,Minor/Other Injury,2024,2024,January,Monday,14:00 - 15:59,RALPH,ST,10,North,MICHAEL,ST,JESMOND,,Yes,No,X-intersection,-32.904179,151.694851,Newcastle,Newcastle met. area,Syd-Newc-Woll Gtr conurbation,Straight,,,,Unknown / not stated,Sealed,Dry,Fine,Daylight,Nil,No traffic controls,50 km/h,Local,42,Leaving parking,401,Manov - Leaving parking,,Other angle,Light truck,Car (sedan/hatch),2,0,0,0,1,1,January,Summer,Monday,14:00 - 15:59,Midday / afternoon,False,False,True,True
1347158,Injury,Moderate Injury,2024,2024,February,Monday,10:00 - 11:59,MOOREBANK,AVE,100,South,CHATHAM,AVE,MOOREBANK,,No,Not a school zone,2-way undivided,-33.959,150.921083,Liverpool,Sydney metro. area,Syd-Newc-Woll Gtr conurbation,Straight,,,,Off,Sealed,Dry,Fine,Daylight,Nil,No traffic controls,60 km/h,Local,20,Head on,201,Opp - Head on,,Head-on,Car (sedan/hatch),Light truck utility(from 2018),2,0,0,1,0,2,February,Summer,Monday,10:00 - 11:59,Midday / afternoon,False,False,True,True
1347159,Injury,Moderate Injury,2024,2024,March,Tuesday,04:00 - 05:59,CENTENARY,DR,10,South,WEEROONA,RD,STRATHFIELD,200.0,No,Not a school zone,T-junction,-33.875439,151.067149,Strathfield,Sydney metro. area,Syd-Newc-Woll Gtr conurbation,Straight,,,,Unknown / not stated,Sealed,Wet,Raining,Dawn,Unknown / not stated,No traffic controls,80 km/h,State,39,Other same direction,300,Same - other,,Other angle,B-double (road train prior 98),Car (sedan/hatch),2,0,0,1,0,3,March,Autumn,Tuesday,04:00 - 05:59,Late night / early morning,False,False,True,True
1347160,Injury,Minor/Other Injury,2024,2024,February,Tuesday,08:00 - 09:59,CUMBERLAND,HWY,0,Right on the spot,MILDRED,ST,WENTWORTHVILLE,13.0,No,Not a school zone,T-junction,-33.810465,150.966075,Cumberland,Sydney metro. area,Syd-Newc-Woll Gtr conurbation,Straight,,,,Unknown / not stated,Sealed,Dry,Fine,Daylight,Nil,Stop sign,70 km/h,State,30,Rear end,301,Same - Rear end,,Rear end,Car (sedan/hatch),4 wheel drive / SUV,2,0,0,0,1,2,February,Summer,Tuesday,08:00 - 09:59,AM peak / school commute,True,False,True,True
1347161,Injury,Moderate Injury,2024,2024,March,Wednesday,16:00 - 17:59,CRESSY,ST,0,Right on the spot,NUMBER 222,HN,DENILIQUIN,,No,Not a school zone,2-way undivided,-35.530785,144.96465,Edward River,Country urban,Rest of NSW - Urban,Straight,,,,Unknown / not stated,Sealed,Dry,Fine,Daylight,Nil,No traffic controls,50 km/h,Local,90,Fell in/from vehicle,901,Fell in/from vehicle,,Person - Object,4 wheel drive / SUV,,1,0,0,1,0,3,March,Autumn,Wednesday,16:00 - 17:59,PM peak / evening commute,True,False,True,True
1347163,Injury,Moderate Injury,2024,2024,March,Thursday,12:00 - 13:59,MARIAN,ST,10,North,MCARTHUR,ST,GUILDFORD,,No,Not a school zone,T-junction,-33.848832,150.99074,Cumberland,Sydney metro. area,Syd-Newc-Woll Gtr conurbation,Straight,,,,Nil,Sealed,Dry,Fine,Daylight,Nil,No traffic controls,50 km/h,Local,71,Off rd left => obj,703,Left off cway into object,,Other angle,Car (sedan/hatch),4 wheel drive / SUV,2,0,0,1,0,3,March,Autumn,Thursday,12:00 - 13:59,Midday / afternoon,False,False,True,True
1347164,Injury,Minor/Other Injury,2024,2024,March,Thursday,08:00 - 09:59,THORNTON,RD,200,North,GLENWOOD,DR,THORNTON,,No,Not a school zone,2-way undivided,-32.788512,151.637059,Maitland,Country urban,Rest of NSW - Urban,Curved,,,,Unknown / not stated,Sealed,Dry,Fine,Daylight,Nil,No traffic controls,60 km/h,Local,30,Rear end,301,Same - Rear end,,Rear end,Car (sedan/hatch),Car (sedan/hatch),2,0,0,0,1,3,March,Autumn,Thursday,08:00 - 09:59,AM peak / school commute,True,False,True,True
1347167,Injury,Minor/Other Injury,2024,2024,March,Friday,22:00 - Midnight,BRIDGE,ST,0,Right on the spot,LOFTUS,ST,SYDNEY,,No,Not a school zone,X-intersection,-33.863493,151.210359,Sydney,Sydney metro. area,Syd-Newc-Woll Gtr conurbation,Straight,,,,Unknown / not stated,Sealed,Dry,Fine,Darkness,On,No traffic controls,40 km/h,Local,21,Right through,202,Opp - Right-thru,,Other angle,Car (sedan/hatch),Car (sedan/hatch),2,0,0,0,1,3,March,Autumn,Friday,22:00 - Midnight,Evening / night,False,False,True,True
1347170,Injury,Minor/Other Injury,2024,2024,January,Wednesday,08:00 - 09:59,NEW LAKE ENTRANCE,RD,0,Right on the spot,GOVERNMENT ROAD,TO,OAK FLATS,611.0,No,Not a school zone,Divided road,-34.563827,150.830307,Shellharbour,Wollongong met. area,Syd-Newc-Woll Gtr conurbation,Curved,,,,Unknown / not stated,Sealed,Dry,Fine,Daylight,Nil,Ped crossing,70 km/h,State,30,Rear end,301,Same - Rear end,,Rear end,Station wagon,Car (sedan/hatch),2,0,0,0,1,1,January,Summer,Wednesday,08:00 - 09:59,AM peak / school commute,True,False,True,True
1347171,Injury,Minor/Other Injury,2024,2024,February,Wednesday,18:00 - 19:59,COOLAMON SCENIC,DR,100,South,DUDGEONS,RD,MULLUMBIMBY,,No,Not a school zone,2-way undivided,-28.529139,153.511082,Byron,Country non-urban,Rest of NSW - Rural,Curved,,,,Unknown / not stated,Sealed,Dry,Fine,Dusk,Nil,No traffic controls,100 km/h,Local,20,Head on,201,Opp - Head on,,Head-on,Light truck utility(from 2018),4 wheel drive / SUV,2,0,0,0,1,2,February,Summer,Wednesday,18:00 - 19:59,PM peak / evening commute,True,False,True,True
1347176,Injury,Moderate Injury,2024,2024,March,Wednesday,12:00 - 13:59,HOLBROOK,RD,3000,North,BAHRS,RD,MANGOPLAH,211.0,No,Not a school zone,2-way undivided,-35.478699,147.263823,Wagga Wagga,Country non-urban,Rest of NSW - Rural,Curved,,,,Unknown / not stated,Sealed,Dry,Fine,Daylight,Nil,No traffic controls,100 km/h,Regional,82,Off right/right bend,801,Off cway right bend,Right,Rollover,Car (sedan/hatch),,1,0,0,1,0,3,March,Autumn,Wednesday,12:00 - 13:59,Midday / afternoon,False,False,True,True
1347178,Injury,Moderate Injury,2024,2024,March,Sunday,06:00 - 07:59,DANDARBONG,AVE,0,Right on the spot,NUMBER 44,HN,BANGOR,,No,Not a school zone,2-way undivided,-34.020633,151.023088,Sutherland,Sydney metro. area,Syd-Newc-Woll Gtr conurbation,Straight,,,,Unknown / not stated,Sealed,Wet,Fine,Daylight,Nil,No traffic controls,50 km/h,Local,71,Off rd left => obj,703,Left off cway into object,,Other angle,Car (sedan/hatch),Light truck utility(from 2018),2,0,0,1,0,3,March,Autumn,Sunday,06:00 - 07:59,AM peak / school commute,True,False,True,True
1347184,Injury,Moderate Injury,2024,2024,January,Wednesday,22:00 - Midnight,PENNANT HILLS,RD,150,West,JAMES RUSE DRIVE,OP,NORTH PARRAMATTA,2114.0,No,Not a school zone,2-way undivided,-33.79642,151.012248,Parramatta,Sydney metro. area,Syd-Newc-Woll Gtr conurbation,Straight,,,,Unknown / not stated,Sealed,Dry,Fine,Darkness,Nil,No traffic controls,60 km/h,Regional,30,Rear end,301,Same - Rear end,,Rear end,Unknown motor vehicle,Car (sedan/hatch),5,0,0,1,0,1,January,Summer,Wednesday,22:00 - Midnight,Evening / night,False,False,True,True
1347185,Injury,Minor/Other Injury,2024,2024,February,Thursday,14:00 - 15:59,AUGUSTA,ST,0,Right on the spot,WILLIAM,ST,CONDELL PARK,,No,Not a school zone,T-junction,-33.925406,151.016714,Canterbury-Bankstown,Sydney metro. area,Syd-Newc-Woll Gtr conurbation,Straight,,,,Unknown / not stated,Sealed,Dry,Fine,Daylight,Nil,No traffic controls,50 km/h,Local,30,Rear end,301,Same - Rear end,,Rear end,4 wheel drive / SUV,4 wheel drive / SUV,2,0,0,0,1,2,February,Summer,Thursday,14:00 - 15:59,Midday / afternoon,False,False,True,True
1347188,Injury,Moderate Injury,2024,2024,January,Monday,20:00 - 21:59,SOUTH ARM,RD,0,Right on the spot,NUMBER 126,HN,URUNGA,,No,Not a school zone,2-way undivided,-30.487292,152.994794,Bellingen,Country non-urban,Rest of NSW - Rural,Straight,,,,Unknown / not stated,Sealed,Dry,Fine,Darkness,Nil,No traffic controls,100 km/h,Local,20,Head on,201,Opp - Head on,,Head-on,4 wheel drive / SUV,Car (sedan/hatch),2,0,0,1,0,1,January,Summer,Monday,20:00 - 21:59,Evening / night,False,False,True,True
1347189,Injury,Moderate Injury,2024,2024,March,Wednesday,06:00 - 07:59,BALACLAVA,RD,0,Right on the spot,AGINCOURT,RD,MARSFIELD,2024.0,Yes,No,X-intersection,-33.78008,151.102899,Ryde,Sydney metro. area,Syd-Newc-Woll Gtr conurbation,Straight,,,,Unknown / not stated,Sealed,Dry,Fine,Daylight,On,No traffic controls,60 km/h,Regional,30,Rear end,301,Same - Rear end,,Rear end,Car (sedan/hatch),Light truck utility(from 2018),2,0,0,1,0,3,March,Autumn,Wednesday,06:00 - 07:59,AM peak / school commute,True,False,True,True
1347194,Injury,Serious Injury,2024,2024,March,Monday,10:00 - 11:59,DAVIS,RD,0,Right on the spot,QUAKERS,RD,MARAYONG,7152.0,No,Not a school zone,T-junction,-33.746304,150.896744,Blacktown,Sydney metro. area,Syd-Newc-Woll Gtr conurbation,Curved,,,,Unknown / not stated,Sealed,Dry,Fine,Daylight,On,No traffic controls,60 km/h,Regional,23,Right/left,203,Opp - Right-left,,Other angle,4 wheel drive / SUV,Car (sedan/hatch),2,0,1,0,0,3,March,Autumn,Monday,10:00 - 11:59,Midday / afternoon,False,False,True,True
1347197,Injury,Minor/Other Injury,2024,2024,March,Wednesday,18:00 - 19:59,PACIFIC,HWY,0,Right on the spot,RYDE ROAD,TO,GORDON,10.0,No,Not a school zone,Divided road,-33.751358,151.147813,Ku-ring-gai,Sydney metro. area,Syd-Newc-Woll Gtr conurbation,Straight,,,,Unknown / not stated,Sealed,Dry,Fine,Dusk,Nil,No traffic controls,60 km/h,State,30,Rear end,301,Same - Rear end,,Rear end,Car (sedan/hatch),Car (sedan/hatch),2,0,0,0,1,3,March,Autumn,Wednesday,18:00 - 19:59,PM peak / evening commute,True,False,True,True
1347198,Injury,Serious Injury,2024,2024,March,Wednesday,10:00 - 11:59,GARNET,RD,0,Right on the spot,SYLVANIA,RD,MIRANDA,,No,Not a school zone,Roundabout,-34.02459,151.094378,Sutherland,Sydney metro. area,Syd-Newc-Woll Gtr conurbation,Straight,,,,Unknown / not stated,Sealed,Dry,Fine,Daylight,Nil,Give way sign,50 km/h,Local,83,Off rt/rt bnd=>obj,707,Right turn,Right,Vehicle - Object,Motorcycle,,1,0,1,0,0,3,March,Autumn,Wednesday,10:00 - 11:59,Midday / afternoon,False,False,True,True
1347210,Injury,Moderate Injury,2024,2024,March,Tuesday,12:00 - 13:59,ANZAC,RD,0,Right on the spot,MOOREBANK,AVE,MOOREBANK,,No,Not a school zone,X-intersection,-33.943886,150.924279,Liverpool,Sydney metro. area,Syd-Newc-Woll Gtr conurbation,Straight,,,,Unknown / not stated,Sealed,Dry,Fine,Daylight,On,No traffic controls,60 km/h,Local,33,Lane sideswipe,305,Same - Lane side swipe,,Other angle,Light truck,Car (sedan/hatch),2,0,0,1,0,3,March,Autumn,Tuesday,12:00 - 13:59,Midday / afternoon,False,False,True,True
1347211,Injury,Minor/Other Injury,2024,2024,March,Friday,06:00 - 07:59,ANZAC,PDE,0,Right on the spot,RAINBOW STREET,TO,KINGSFORD,661.0,No,Not a school zone,Divided road,-33.924579,151.228816,Randwick,Sydney metro. area,Syd-Newc-Woll Gtr conurbation,Curved,,,,Unknown / not stated,Sealed,Dry,Fine,Daylight,Nil,No traffic controls,60 km/h,State,34,Lane change right,306,Same - Lane change right,,Other angle,4 wheel drive / SUV,Pedal cycle,2,0,0,0,1,3,March,Autumn,Friday,06:00 - 07:59,AM peak / school commute,True,False,True,True
1347221,Injury,Serious Injury,2024,2024,March,Wednesday,12:00 - 13:59,LINK,RD,0,Right on the spot,KENTHURST,RD,ST IVES,2043.0,No,Not a school zone,T-junction,-33.726723,151.162914,Ku-ring-gai,Sydney metro. area,Syd-Newc-Woll Gtr conurbation,Curved,,,,Unknown / not stated,Sealed,Dry,Overcast,Daylight,Nil,No traffic controls,50 km/h,Regional,34,Lane change right,306,Same - Lane change right,,Other angle,4 wheel drive / SUV,4 wheel drive / SUV,2,0,1,0,0,3,March,Autumn,Wednesday,12:00 - 13:59,Midday / afternoon,False,False,True,True
1347223,Injury,Minor/Other Injury,2024,2024,March,Wednesday,20:00 - 21:59,LAKE ENTRANCE,RD,0,Right on the spot,MADIGAN,BVD,MOUNT WARRIGAL,611.0,No,Not a school zone,T-junction,-34.558604,150.84405,Shellharbour,Wollongong met. area,Syd-Newc-Woll Gtr conurbation,Straight,,,,Unknown / not stated,Sealed,Dry,Fine,Darkness,On,No traffic controls,70 km/h,State,21,Right through,202,Opp - Right-thru,,Other angle,Car (sedan/hatch),Light truck utility(from 2018),2,0,0,0,1,3,March,Autumn,Wednesday,20:00 - 21:59,Evening / night,False,False,True,True
1347225,Injury,Serious Injury,2024,2024,March,Monday,18:00 - 19:59,BOTANY,ST,0,Right on the spot,DURHAM,ST,CARLTON,,No,Not a school zone,X-intersection,-33.9664,151.115579,Georges River,Sydney metro. area,Syd-Newc-Woll Gtr conurbation,Straight,,,,Unknown / not stated,Sealed,Dry,Fine,Dusk,Nil,Stop sign,50 km/h,Local,10,Cross traffic,101,Adj - Cross traffic,,Right angle,4 wheel drive / SUV,4 wheel drive / SUV,2,0,1,0,0,3,March,Autumn,Monday,18:00 - 19:59,PM peak / evening commute,True,False,True,True