crash_id,degree_of_crash,degree_of_crash_-_detailed,reporting_year,year_of_crash,month_of_crash,day_of_week_of_crash,two-hour_intervals,street_of_crash,street_type,distance,direction,identifying_feature,identifying_feature_type,town,route_no.,school_zone_location,school_zone_active,type_of_location,latitude,longitude,lga,urbanisation,conurbation_1,alignment,primary_permanent_feature,primary_temporary_feature,primary_hazardous_feature,street_lighting,road_surface,surface_condition,weather,natural_lighting,signals_operation,other_traffic_control,speed_limit,road_classification_(admin),rum_-_code,rum_-_description,dca_-_code,dca_-_description,dca_supplement,first_impact_type,key_tu_type,other_tu_type,no._of_traffic_units_involved,no._killed,no._seriously_injured,no._moderately_injured,no._minor-other_injured,month_num,month_label,season,day_label,time_label,time_band,is_peak_commute,is_fatal,is_injury,is_casualty
1347226,Injury,Serious Injury,2024,2024,March,Monday,18:00 - 19:59,SUTHERLAND,AVE,0,Right on the spot,VENUS,PL,KINGS LANGLEY,,No,Not a school zone,X-intersection,-33.746928,150.925109,Blacktown,Sydney metro. area,Syd-Newc-Woll Gtr conurbation,Straight,,,,Unknown / not stated,Sealed,Dry,Fine,Daylight,Nil,No traffic controls,50 km/h,Local,71,Off rd left => obj,703,Left off cway into object,,Vehicle - Object,4 wheel drive / SUV,,1,0,1,0,0,3,March,Autumn,Monday,18:00 - 19:59,PM peak / evening commute,True,False,True,True
1347230,Injury,Serious Injury,2024,2024,March,Tuesday,12:00 - 13:59,MILLER,ST,0,Right on the spot,WARRINGAH,EXP,CAMMERAY,599.0,No,Not a school zone,T-junction,-33.824635,151.209926,North Sydney,Sydney metro. area,Syd-Newc-Woll Gtr conurbation,Straight,Crest,,,Unknown / not stated,Sealed,Wet,Fine,Daylight,On,No traffic controls,50 km/h,State,13,Right near,104,Adj - Right-thru from right,,Right angle,Motorcycle,Car (sedan/hatch),2,0,1,0,0,3,March,Autumn,Tuesday,12:00 - 13:59,Midday / afternoon,False,False,True,True
1347231,Injury,Moderate Injury,2024,2024,March,Monday,14:00 - 15:59,WESTERN,EXP,1000,West,JERSEY ROAD,OP,GREYSTANES,6004.0,No,Not a school zone,Dual freeway,-33.81351,150.952999,Cumberland,Sydney metro. area,Syd-Newc-Woll Gtr conurbation,Straight,,,,Unknown / not stated,Sealed,Dry,Fine,Daylight,Nil,No traffic controls,90 km/h,State,30,Rear end,301,Same - Rear end,,Rear end,Large rigid,Car (sedan/hatch),6,0,0,1,0,3,March,Autumn,Monday,14:00 - 15:59,Midday / afternoon,False,False,True,True
1347234,Injury,Moderate Injury,2024,2024,March,Monday,08:00 - 09:59,BRIDGE,ST,0,Right on the spot,NUMBER 24,HN,TUMBARUMBA,,No,Not a school zone,2-way undivided,-35.777337,148.011795,Snowy Valleys,Country urban,Rest of NSW - Urban,Straight,,,,Unknown / not stated,Sealed,Dry,Fine,Daylight,Nil,No traffic controls,50 km/h,Local,49,Other manoeuvring,400,Manov - other,,Other angle,Car (sedan/hatch),,1,0,0,1,0,3,March,Autumn,Monday,08:00 - 09:59,AM peak / school commute,True,False,True,True
1347237,Injury,Moderate Injury,2024,2024,March,Thursday,20:00 - 21:59,MERRYLANDS,RD,0,Right on the spot,NUMBER 779,HN,GREYSTANES,7250.0,Yes,No,2-way undivided,-33.828849,150.942781,Cumberland,Sydney metro. area,Syd-Newc-Woll Gtr conurbation,Straight,,,,Unknown / not stated,Sealed,Dry,Fine,Darkness,Nil,No traffic controls,60 km/h,Regional,30,Rear end,301,Same - Rear end,,Rear end,4 wheel drive / SUV,Car (sedan/hatch),2,0,0,1,0,3,March,Autumn,Thursday,20:00 - 21:59,Evening / night,False,False,True,True
1347238,Injury,Moderate Injury,2024,2024,March,Monday,20:00 - 21:59,WHEELERS,LANE,100,South,DOUGLAS MAWSON,DR,DUBBO,,No,Not a school zone,Divided road,-32.247784,148.630928,Dubbo Regional,Country urban,Rest of NSW - Urban,Straight,,,,Unknown / not stated,Sealed,Dry,Fine,Darkness,Nil,No traffic controls,60 km/h,Local,71,Off rd left => obj,703,Left off cway into object,,Vehicle - Object,Light truck utility(from 2018),,1,0,0,1,0,3,March,Autumn,Monday,20:00 - 21:59,Evening / night,False,False,True,True
1347241,Injury,Moderate Injury,2024,2024,March,Saturday,14:00 - 15:59,ELIZABETH,DR,0,Right on the spot,MARSDEN,RD,LIVERPOOL,535.0,No,Not a school zone,T-junction,-33.918345,150.915503,Liverpool,Sydney metro. area,Syd-Newc-Woll Gtr conurbation,Curved,,,,Unknown / not stated,Sealed,Dry,Fine,Daylight,On,No traffic controls,70 km/h,State,21,Right through,202,Opp - Right-thru,,Other angle,Car (sedan/hatch),4 wheel drive / SUV,2,0,0,2,0,3,March,Autumn,Saturday,14:00 - 15:59,Midday / afternoon,False,False,True,True
1347242,Injury,Minor/Other Injury,2024,2024,March,Sunday,16:00 - 17:59,HERMITAGE,RD,50,South,VICTORIA,RD,WEST RYDE,,No,Not a school zone,2-way undivided,-33.809623,151.092441,Ryde,Sydney metro. area,Syd-Newc-Woll Gtr conurbation,Straight,Driveway/entrance,,,Unknown / not stated,Sealed,Dry,Fine,Daylight,Nil,No traffic controls,50 km/h,Local,47,Emerging from drive,406,Manov - Emerging from driveway,,Right angle,Car (sedan/hatch),4 wheel drive / SUV,2,0,0,0,1,3,March,Autumn,Sunday,16:00 - 17:59,PM peak / evening commute,True,False,True,True
1347243,Injury,Serious Injury,2024,2024,March,Friday,14:00 - 15:59,CARLISLE,AVE,50,East,ROPER,RD,COLYTON,629.0,No,Not a school zone,2-way undivided,-33.785423,150.806649,Penrith,Sydney metro. area,Syd-Newc-Woll Gtr conurbation,Straight,,,,Unknown / not stated,Sealed,Dry,Fine,Daylight,Nil,No traffic controls,70 km/h,State,39,Other same direction,300,Same - other,,Other angle,Unknown motor vehicle,Car (sedan/hatch),6,0,1,0,0,3,March,Autumn,Friday,14:00 - 15:59,Midday / afternoon,False,False,True,True
1347246,Injury,Moderate Injury,2024,2024,March,Thursday,22:00 - Midnight,STONEY CREEK,RD,0,Right on the spot,MEDWAY,ST,BEXLEY,665.0,No,Not a school zone,T-junction,-33.94982,151.123161,Bayside,Sydney metro. area,Syd-Newc-Woll Gtr conurbation,Straight,,,,Unknown / not stated,Sealed,Dry,Fine,Darkness,On,No traffic controls,60 km/h,State,13,Right near,104,Adj - Right-thru from right,,Right angle,Car (sedan/hatch),Car (sedan/hatch),2,0,0,1,0,3,March,Autumn,Thursday,22:00 - Midnight,Evening / night,False,False,True,True
1347250,Injury,Moderate Injury,2024,2024,March,Tuesday,14:00 - 15:59,SOUTH WESTERN,EXP,2000,East,HENRY LAWSON DRIVE,OP,REVESBY,6005.0,No,Not a school zone,Dual freeway,-33.941406,151.003233,Canterbury-Bankstown,Sydney metro. area,Syd-Newc-Woll Gtr conurbation,Straight,,,,Unknown / not stated,Sealed,Dry,Fine,Daylight,Nil,No traffic controls,100 km/h,State,30,Rear end,301,Same - Rear end,,Rear end,Car (sedan/hatch),Light truck,2,0,0,1,0,3,March,Autumn,Tuesday,14:00 - 15:59,Midday / afternoon,False,False,True,True
1347251,Injury,Minor/Other Injury,2024,2024,March,Thursday,18:00 - 19:59,GWYDIR,HWY,10,West,MORTON,ST,MOREE,12.0,No,Not a school zone,X-intersection,-29.471256,149.848565,Moree Plains,Country urban,Rest of NSW - Urban,Straight,,,,Unknown / not stated,Sealed,Dry,Fine,Daylight,Nil,Give way sign,50 km/h,State,32,Right rear,303,Same - Rear right,,Rear end,4 wheel drive / SUV,4 wheel drive / SUV,2,0,0,0,3,3,March,Autumn,Thursday,18:00 - 19:59,PM peak / evening commute,True,False,True,True
1347256,Injury,Minor/Other Injury,2024,2024,March,Tuesday,16:00 - 17:59,WESTERN,EXP,50,West,JAMES RUSE DRIVE,OP,CLYDE,6004.0,No,Not a school zone,Dual freeway,-33.831273,151.020601,Parramatta,Sydney metro. area,Syd-Newc-Woll Gtr conurbation,Straight,,,,Unknown / not stated,Sealed,Dry,Fine,Daylight,Nil,No traffic controls,90 km/h,State,30,Rear end,301,Same - Rear end,,Rear end,Car (sedan/hatch),Car (sedan/hatch),2,0,0,0,1,3,March,Autumn,Tuesday,16:00 - 17:59,PM peak / evening commute,True,False,True,True
1347258,Injury,Minor/Other Injury,2024,2024,March,Tuesday,18:00 - 19:59,MAIN,RD,0,Right on the spot,MINMI,RD,EDGEWORTH,527.0,No,Not a school zone,T-junction,-32.923722,151.622044,Lake Macquarie,Newcastle met. area,Syd-Newc-Woll Gtr conurbation,Straight,,,,Unknown / not stated,Sealed,Dry,Fine,Daylight,On,Stop sign,60 km/h,State,30,Rear end,301,Same - Rear end,,Rear end,4 wheel drive / SUV,4 wheel drive / SUV,2,0,0,0,1,3,March,Autumn,Tuesday,18:00 - 19:59,PM peak / evening commute,True,False,True,True
1347259,Injury,Minor/Other Injury,2024,2024,March,Saturday,12:00 - 13:59,BUNDEENA,DR,1000,South,MAIANBAR,RD,ROYAL NATIONAL PARK,,No,Not a school zone,2-way undivided,-34.106288,151.089028,Sutherland,Sydney metro. area,Syd-Newc-Woll Gtr conurbation,Straight,,,,Unknown / not stated,Sealed,Dry,Unknown,Daylight,Nil,No traffic controls,80 km/h,Local,71,Off rd left => obj,703,Left off cway into object,,Vehicle - Object,Utility,,1,0,0,0,1,3,March,Autumn,Saturday,12:00 - 13:59,Midday / afternoon,False,False,True,True
1347260,Injury,Moderate Injury,2024,2024,March,Friday,20:00 - 21:59,PITTWATER,RD,0,Right on the spot,NUMBER 830,HN,DEE WHY,164.0,No,Not a school zone,Divided road,-33.755433,151.283448,Northern Beaches,Sydney metro. area,Syd-Newc-Woll Gtr conurbation,Straight,,,,Unknown / not stated,Sealed,Dry,Fine,Darkness,Nil,No entry/wrong way,60 km/h,State,30,Rear end,301,Same - Rear end,,Rear end,4 wheel drive / SUV,4 wheel drive / SUV,2,0,0,1,0,3,March,Autumn,Friday,20:00 - 21:59,Evening / night,False,False,True,True
1347261,Injury,Minor/Other Injury,2024,2024,March,Wednesday,16:00 - 17:59,RIVERSTONE,PDE,20,North,MILL,ST,RIVERSTONE,7157.0,No,Not a school zone,2-way undivided,-33.676534,150.8593,Blacktown,Sydney metro. area,Syd-Newc-Woll Gtr conurbation,Straight,,,,Off,Sealed,Dry,Fine,Daylight,Nil,No traffic controls,60 km/h,Regional,30,Rear end,301,Same - Rear end,,Rear end,Car (sedan/hatch),4 wheel drive / SUV,2,0,0,0,1,3,March,Autumn,Wednesday,16:00 - 17:59,PM peak / evening commute,True,False,True,True
1347269,Injury,Moderate Injury,2024,2024,March,Sunday,14:00 - 15:59,GEORGE,ST,0,Right on the spot,DEEPWATER PAZA SHOPPING CENTRE,ENT,WOY WOY,,No,Not a school zone,Divided road,-33.488319,151.324576,Central Coast,Country urban,Syd-Newc-Woll Gtr conurbation,Straight,Driveway/entrance,,,Unknown / not stated,Sealed,Dry,Fine,Daylight,Nil,No traffic controls,50 km/h,Local,47,Emerging from drive,406,Manov - Emerging from driveway,,Right angle,Car (sedan/hatch),4 wheel drive / SUV,2,0,0,1,0,3,March,Autumn,Sunday,14:00 - 15:59,Midday / afternoon,False,False,True,True
1347270,Injury,Minor/Other Injury,2024,2024,March,Tuesday,06:00 - 07:59,VICTORIA,RD,0,Right on the spot,MONASH,RD,GLADESVILLE,165.0,No,Not a school zone,T-junction,-33.823745,151.123701,Ryde,Sydney metro. area,Syd-Newc-Woll Gtr conurbation,Straight,Bus/transit lane,,,Unknown / not stated,Sealed,Dry,Fine,Daylight,Off,No traffic controls,60 km/h,State,37,Left turn sideswipe,309,Same - Left turn side swipe,,Other angle,Light truck utility(from 2018),Motor scooter,2,0,0,0,1,3,March,Autumn,Tuesday,06:00 - 07:59,AM peak / school commute,True,False,True,True
1347274,Injury,Minor/Other Injury,2024,2024,March,Monday,14:00 - 15:59,KINGS,HWY,2500,West,CARGILLS,LANE,BRAIDWOOD,51.0,No,Not a school zone,2-way undivided,-35.461265,149.837835,Queanbeyan-Palerang Regional,Country non-urban,Rest of NSW - Rural,Straight,,,,Unknown / not stated,Sealed,Dry,Fine,Daylight,Nil,No traffic controls,100 km/h,State,30,Rear end,301,Same - Rear end,,Rear end,Station wagon,4 wheel drive / SUV,2,0,0,0,1,3,March,Autumn,Monday,14:00 - 15:59,Midday / afternoon,False,False,True,True
1347318,Injury,Serious Injury,2024,2024,January,Friday,00:01 - 01:59,ARMIDALE,RD,5000,West,GAP CREEK,RD,BELLBROOK,,No,Not a school zone,2-way undivided,-30.790606,152.458872,Kempsey,Country non-urban,Rest of NSW - Rural,Curved,Embankment/cutting,,,Nil,Sealed,Dry,Fine,Darkness,Nil,No traffic controls,100 km/h,Local,81,Off left/rt bnd=>obj,803,Off right bend into obj,Left,Vehicle - Object,Car (sedan/hatch),,1,0,1,0,0,1,January,Summer,Friday,00:01 - 01:59,Late night / early morning,False,False,True,True
1347321,Injury,Serious Injury,2024,2024,January,Monday,08:00 - 09:59,SOUTHERN,EXP,300,South,NORTHCLIFFE DRIVE,OP,KEMBLA GRANGE,6006.0,No,Not a school zone,Dual freeway,-34.475642,150.829545,Wollongong,Wollongong met. area,Syd-Newc-Woll Gtr conurbation,Straight,,,,Nil,Sealed,Dry,Overcast,Daylight,Nil,No traffic controls,100 km/h,State,73,Off rd rght => obj,704,Right off cway into obj,,Vehicle - Object,Light truck utility(from 2018),,1,0,1,0,0,1,January,Summer,Monday,08:00 - 09:59,AM peak / school commute,True,False,True,True
1347328,Injury,Moderate Injury,2024,2024,January,Wednesday,18:00 - 19:59,BREWER,ST,100,East,ELLIS,ST,CONCORD,,No,Not a school zone,2-way undivided,-33.853873,151.105378,Canada Bay,Sydney metro. area,Syd-Newc-Woll Gtr conurbation,Straight,,,,Off,Sealed,Dry,Fine,Daylight,Nil,No traffic controls,50 km/h,Local,30,Rear end,301,Same - Rear end,,Rear end,Car (sedan/hatch),Car (sedan/hatch),2,0,0,2,0,1,January,Summer,Wednesday,18:00 - 19:59,PM peak / evening commute,True,False,True,True
1347332,Injury,Moderate Injury,2024,2024,January,Sunday,12:00 - 13:59,PEACHTREE,RD,0,Right on the spot,NUMNER 15,HN,PENRITH,,No,Not a school zone,2-way undivided,-33.746923,150.686701,Penrith,Sydney metro. area,Syd-Newc-Woll Gtr conurbation,Curved,Painted double centre lines,,,Nil,Sealed,Wet,Raining,Daylight,Nil,No traffic controls,50 km/h,Local,85,Off rt/lft bnd=>obj,804,Off left bend into obj,Right,Other angle,Car (sedan/hatch),Large rigid,2,0,0,1,0,1,January,Summer,Sunday,12:00 - 13:59,Midday / afternoon,False,False,True,True
1347333,Injury,Moderate Injury,2024,2024,January,Sunday,12:00 - 13:59,SMITHFIELD,RD,50,South,EDENSOR,RD,EDENSOR PARK,7220.0,No,Not a school zone,2-way undivided,-33.881968,150.888647,Fairfield,Sydney metro. area,Syd-Newc-Woll Gtr conurbation,Straight,,,,Off,Sealed,Dry,Fine,Daylight,Nil,No traffic controls,60 km/h,Regional,40,U turn,304,Same - U-turn,,Other angle,Car (sedan/hatch),Car (sedan/hatch),2,0,0,1,1,1,January,Summer,Sunday,12:00 - 13:59,Midday / afternoon,False,False,True,True
1347337,Injury,Moderate Injury,2024,2024,January,Saturday,16:00 - 17:59,CUMBERLAND,HWY,0,Right on the spot,BRIENS,RD,NORTHMEAD,13.0,No,Not a school zone,T-junction,-33.796695,150.986746,Parramatta,Sydney metro. area,Syd-Newc-Woll Gtr conurbation,Curved,Steep grade,,,Off,Sealed,Dry,Fine,Daylight,On,No traffic controls,70 km/h,State,21,Right through,202,Opp - Right-thru,,Other angle,Car (sedan/hatch),4 wheel drive / SUV,2,0,0,1,0,1,January,Summer,Saturday,16:00 - 17:59,PM peak / evening commute,True,False,True,True
1347338,Injury,Moderate Injury,2024,2024,January,Monday,00:01 - 01:59,HUNTER,ST,0,Right on the spot,NUMBER 146,HN,NEWCASTLE,,No,Not a school zone,1-way street,-32.927153,151.781589,Newcastle,Newcastle met. area,Syd-Newc-Woll Gtr conurbation,Straight,,,,On,Sealed,Wet,Raining,Darkness,Nil,No traffic controls,10 km/h,Local,73,Off rd rght => obj,704,Right off cway into obj,,Other angle,Car (sedan/hatch),Car (sedan/hatch),2,0,0,1,0,1,January,Summer,Monday,00:01 - 01:59,Late night / early morning,False,False,True,True
1347339,Injury,Moderate Injury,2024,2024,January,Wednesday,14:00 - 15:59,BAY,ST,0,Right on the spot,GLEBE,ST,GLEBE,,Yes,No,Roundabout,-33.881884,151.194788,Sydney,Sydney metro. area,Syd-Newc-Woll Gtr conurbation,Straight,,,,Off,Sealed,Dry,Fine,Daylight,Nil,Give way sign,40 km/h,Local,10,Cross traffic,101,Adj - Cross traffic,,Right angle,Car (sedan/hatch),Motorised push scooters,2,0,0,1,0,1,January,Summer,Wednesday,14:00 - 15:59,Midday / afternoon,False,False,True,True
1347342,Injury,Serious Injury,2024,2024,January,Friday,12:00 - 13:59,NEW ENGLAND,HWY,500,East,NEW ENGLAND HIGHWAY,OP,TARRO,9.0,No,Not a school zone,Divided road,-32.810658,151.670998,Newcastle,Newcastle met. area,Syd-Newc-Woll Gtr conurbation,Straight,,,,Off,Sealed,Dry,Fine,Daylight,Nil,No traffic controls,80 km/h,State,30,Rear end,301,Same - Rear end,,Rear end,Large rigid,Light truck utility(from 2018),2,0,1,0,0,1,January,Summer,Friday,12:00 - 13:59,Midday / afternoon,False,False,True,True
1347343,Injury,Serious Injury,2024,2024,February,Sunday,14:00 - 15:59,PACIFIC,HWY,1000,North,REDGATE,RD,NEW ITALY,10.0,No,Not a school zone,Divided road,-29.136094,153.320244,Richmond Valley,Country non-urban,Rest of NSW - Rural,Straight,Embankment/cutting,,,Nil,Sealed,Dry,Fine,Daylight,Nil,No traffic controls,110 km/h,State,71,Off rd left => obj,703,Left off cway into object,,Vehicle - Object,Light truck utility(from 2018),,1,0,1,0,0,2,February,Summer,Sunday,14:00 - 15:59,Midday / afternoon,False,False,True,True
1347344,Injury,Minor/Other Injury,2024,2024,January,Saturday,14:00 - 15:59,WONDALGA,RD,460,East,BB FEEDER,RD,WONDALGA,,No,Not a school zone,2-way undivided,-35.437439,148.090855,Snowy Valleys,Country non-urban,Rest of NSW - Rural,Curved,Embankment/cutting,,"Loose gravel, sealed",Nil,Sealed,Dry,Fine,Daylight,Nil,No traffic controls,100 km/h,Local,84,Off right/left bend,802,Off cway left bend,Right,Rollover,Motorcycle,,1,0,0,0,1,1,January,Summer,Saturday,14:00 - 15:59,Midday / afternoon,False,False,True,True
1347347,Injury,Moderate Injury,2024,2024,February,Monday,22:00 - Midnight,MILITARY,RD,0,Right on the spot,NUMBER 17,HN,WATSONS BAY,,No,Not a school zone,2-way undivided,-33.844304,151.284004,Woollahra,Sydney metro. area,Syd-Newc-Woll Gtr conurbation,Straight,,,,On,Sealed,Dry,Fine,Darkness,Nil,No traffic controls,40 km/h,Local,71,Off rd left => obj,703,Left off cway into object,,Other angle,Car (sedan/hatch),4 wheel drive / SUV,3,0,0,1,0,2,February,Summer,Monday,22:00 - Midnight,Evening / night,False,False,True,True
1347348,Injury,Moderate Injury,2024,2024,January,Thursday,18:00 - 19:59,DARLING,ST,20,East,BIRCHGROVE,RD,BALMAIN,7318.0,No,Not a school zone,2-way undivided,-33.856039,151.176049,Inner West,Sydney metro. area,Syd-Newc-Woll Gtr conurbation,Straight,,,,Off,Sealed,Dry,Fine,Daylight,Nil,Ped crossing,40 km/h,Regional,0,Ped nearside,1,Ped - Near side,,Vehicle - Pedestrian,Car (sedan/hatch),Pedestrian,2,0,0,1,0,1,January,Summer,Thursday,18:00 - 19:59,PM peak / evening commute,True,False,True,True
1347349,Injury,Serious Injury,2024,2024,February,Saturday,14:00 - 15:59,BRUXNER,HWY,3050,West,RED ROCK,RD,SANDY HILL,16.0,No,Not a school zone,2-way undivided,-28.905907,152.282946,Tenterfield,Country non-urban,Rest of NSW - Rural,Curved,Steep grade,,,Nil,Sealed,Dry,Fine,Daylight,Nil,No traffic controls,100 km/h,State,81,Off left/rt bnd=>obj,803,Off right bend into obj,Left,Vehicle - Object,Motorcycle,,1,0,1,0,0,2,February,Summer,Saturday,14:00 - 15:59,Midday / afternoon,False,False,True,True
1347356,Injury,Minor/Other Injury,2024,2024,February,Sunday,14:00 - 15:59,MITTAGANG,RD,0,Right on the spot,WARM CORNER,RD,COOMA,,No,Not a school zone,T-junction,-36.194103,149.119622,Snowy Monaro Regional,Country urban,Rest of NSW - Urban,Straight,Driveway/entrance,,,Nil,Sealed,Dry,Fine,Daylight,Nil,Give way sign,80 km/h,Local,53,Overtake turning,506,Ovtak - Overtaking right turn,,Other angle,Motorcycle,Car (sedan/hatch),2,0,0,0,1,2,February,Summer,Sunday,14:00 - 15:59,Midday / afternoon,False,False,True,True
1347360,Injury,Moderate Injury,2024,2024,February,Tuesday,20:00 - 21:59,EDGEWARE,RD,0,Right on the spot,CAMDEN,ST,ENMORE,7017.0,No,Not a school zone,T-junction,-33.903971,151.172805,Inner West,Sydney metro. area,Syd-Newc-Woll Gtr conurbation,Straight,,,,On,Sealed,Dry,Fine,Darkness,Nil,Give way sign,60 km/h,Regional,21,Right through,202,Opp - Right-thru,,Other angle,Car (sedan/hatch),Motorcycle,2,0,0,1,0,2,February,Summer,Tuesday,20:00 - 21:59,Evening / night,False,False,True,True
1347362,Injury,Minor/Other Injury,2024,2024,February,Tuesday,22:00 - Midnight,FEDERAL,HWY,500,West,SUTTON,RD,SUTTON,3.0,No,Not a school zone,Other,-35.181518,149.252662,Yass Valley,Country non-urban,Rest of NSW - Rural,Straight,Freeway ramp/access,,,Nil,Sealed,Dry,Fine,Darkness,Nil,No traffic controls,110 km/h,State,4,Ped walk with,5,Ped - Walking with traffic,,Vehicle - Pedestrian,Unknown type,Pedestrian,2,0,0,0,1,2,February,Summer,Tuesday,22:00 - Midnight,Evening / night,False,False,True,True
1347368,Injury,Moderate Injury,2024,2024,February,Thursday,22:00 - Midnight,PALMER,ST,0,Right on the spot,PARKES,ST,GUILDFORD WEST,,Yes,No,T-junction,-33.847661,150.967507,Cumberland,Sydney metro. area,Syd-Newc-Woll Gtr conurbation,Straight,,,,On,Sealed,Dry,Fine,Darkness,Nil,No traffic controls,50 km/h,Local,71,Off rd left => obj,703,Left off cway into object,,Vehicle - Object,4 wheel drive / SUV,,1,0,0,1,0,2,February,Summer,Thursday,22:00 - Midnight,Evening / night,False,False,True,True
1347373,Injury,Serious Injury,2024,2024,February,Wednesday,12:00 - 13:59,ALBERT,ST,0,Right on the spot,NUMBER 20,HN,INGLEBURN,,No,Not a school zone,2-way undivided,-34.003922,150.859148,Campbelltown,Sydney metro. area,Syd-Newc-Woll Gtr conurbation,Straight,,,,Off,Sealed,Dry,Fine,Daylight,Nil,No traffic controls,50 km/h,Local,42,Leaving parking,401,Manov - Leaving parking,,Other angle,Car (sedan/hatch),Car (sedan/hatch),3,0,2,0,0,2,February,Summer,Wednesday,12:00 - 13:59,Midday / afternoon,False,False,True,True
1347374,Injury,Serious Injury,2024,2024,February,Saturday,02:00 - 03:59,DOONSIDE,CRES,100,East,PAPERBARK,DR,WOODCROFT,,No,Not a school zone,2-way undivided,-33.763261,150.877678,Blacktown,Sydney metro. area,Syd-Newc-Woll Gtr conurbation,Straight,,Police pursuit,,On,Sealed,Dry,Fine,Darkness,Nil,No traffic controls,50 km/h,Local,71,Off rd left => obj,703,Left off cway into object,,Other angle,4 wheel drive / SUV,Light truck utility(from 2018),2,0,3,0,0,2,February,Summer,Saturday,02:00 - 03:59,Late night / early morning,False,False,True,True
1347376,Injury,Serious Injury,2024,2024,January,Friday,10:00 - 11:59,GOLF LINKS,DR,0,Right on the spot,NUMBER 5,HN,WATANOBBI,,No,Not a school zone,2-way undivided,-33.266824,151.432079,Central Coast,Country urban,Syd-Newc-Woll Gtr conurbation,Curved,,,,Nil,Sealed,Dry,Fine,Daylight,Nil,No traffic controls,50 km/h,Local,85,Off rt/lft bnd=>obj,804,Off left bend into obj,Right,Vehicle - Object,Motorcycle,,1,0,1,0,0,1,January,Summer,Friday,10:00 - 11:59,Midday / afternoon,False,False,True,True
1347377,Injury,Moderate Injury,2024,2024,January,Sunday,08:00 - 09:59,MURRINGO,RD,0,Right on the spot,NUMBER 1934,HN,MURRINGO,241.0,No,Not a school zone,2-way undivided,-34.332305,148.533376,Hilltops,Country non-urban,Rest of NSW - Rural,Curved,Ditch/drain/culvert,,,Nil,Sealed,Dry,Fine,Daylight,Nil,No traffic controls,100 km/h,Regional,83,Off rt/rt bnd=>obj,803,Off right bend into obj,Right,Vehicle - Object,4 wheel drive / SUV,,1,0,0,1,0,1,January,Summer,Sunday,08:00 - 09:59,AM peak / school commute,True,False,True,True
1347380,Injury,Moderate Injury,2024,2024,February,Thursday,12:00 - 13:59,CLYDE,RD,0,Right on the spot,HOWARD,AVE,DEE WHY,,No,Not a school zone,X-intersection,-33.753562,151.294363,Northern Beaches,Sydney metro. area,Syd-Newc-Woll Gtr conurbation,Straight,,,,Off,Sealed,Wet,Overcast,Daylight,Nil,Stop sign,40 km/h,Local,10,Cross traffic,101,Adj - Cross traffic,,Right angle,Car (sedan/hatch),Light truck utility(from 2018),2,0,0,2,0,2,February,Summer,Thursday,12:00 - 13:59,Midday / afternoon,False,False,True,True
1347383,Injury,Minor/Other Injury,2024,2024,January,Sunday,12:00 - 13:59,EPPING,RD,20,West,RYRIE,ST,NORTH RYDE,373.0,No,Not a school zone,Divided road,-33.792537,151.131953,Ryde,Sydney metro. area,Syd-Newc-Woll Gtr conurbation,Straight,Other bridge,,,Off,Sealed,Dry,Fine,Daylight,Nil,No traffic controls,70 km/h,State,34,Lane change right,306,Same - Lane change right,,Other angle,Car (sedan/hatch),4 wheel drive / SUV,2,0,0,0,1,1,January,Summer,Sunday,12:00 - 13:59,Midday / afternoon,False,False,True,True
1347385,Injury,Moderate Injury,2024,2024,February,Wednesday,10:00 - 11:59,BRUXNER,HWY,40,East,CANIABA,RD,CLOVASS,16.0,No,Not a school zone,2-way undivided,-28.873357,153.163267,Richmond Valley,Country non-urban,Rest of NSW - Rural,Straight,,,,Nil,Sealed,Dry,Fine,Daylight,Nil,No traffic controls,100 km/h,State,30,Rear end,301,Same - Rear end,,Rear end,Car (sedan/hatch),4 wheel drive / SUV,2,0,0,1,0,2,February,Summer,Wednesday,10:00 - 11:59,Midday / afternoon,False,False,True,True
1347387,Injury,Moderate Injury,2024,2024,January,Wednesday,22:00 - Midnight,HUME,HWY,2000,South,REMEMBRANCE DRIVE,TO,YERRINBOOL,2.0,No,Not a school zone,Dual freeway,-34.333546,150.56036,Wingecarribee,Country non-urban,Rest of NSW - Rural,Straight,,,,Nil,Sealed,Dry,Fine,Darkness,Nil,No traffic controls,110 km/h,State,30,Rear end,301,Same - Rear end,,Rear end,Car (sedan/hatch),Car (sedan/hatch),2,0,0,1,0,1,January,Summer,Wednesday,22:00 - Midnight,Evening / night,False,False,True,True
1347391,Injury,Serious Injury,2024,2024,March,Saturday,22:00 - Midnight,PRINCES,HWY,0,Right on the spot,NEWMAN,ST,NEWTOWN,1.0,No,Not a school zone,T-junction,-33.898278,151.178289,Sydney,Sydney metro. area,Syd-Newc-Woll Gtr conurbation,Straight,,,,On,Sealed,Dry,Fine,Darkness,Nil,Give way sign,40 km/h,State,31,Left rear,302,Same - Rear left,,Rear end,Motor scooter,Car (sedan/hatch),2,0,1,0,0,3,March,Autumn,Saturday,22:00 - Midnight,Evening / night,False,False,True,True
1347393,Injury,Moderate Injury,2024,2024,March,Monday,06:00 - 07:59,BRUXNER,HWY,0,Right on the spot,PINDARI,CRES,GOONELLABAH,16.0,No,Not a school zone,T-junction,-28.814451,153.338059,Lismore,Country urban,Rest of NSW - Urban,Straight,,,,Off,Sealed,Dry,Fine,Daylight,Nil,No traffic controls,60 km/h,State,30,Rear end,301,Same - Rear end,,Rear end,Car (sedan/hatch),4 wheel drive / SUV,3,0,0,2,0,3,March,Autumn,Monday,06:00 - 07:59,AM peak / school commute,True,False,True,True