crash_id,degree_of_crash,degree_of_crash_-_detailed,reporting_year,year_of_crash,month_of_crash,day_of_week_of_crash,two-hour_intervals,street_of_crash,street_type,distance,direction,identifying_feature,identifying_feature_type,town,route_no.,school_zone_location,school_zone_active,type_of_location,latitude,longitude,lga,urbanisation,conurbation_1,alignment,primary_permanent_feature,primary_temporary_feature,primary_hazardous_feature,street_lighting,road_surface,surface_condition,weather,natural_lighting,signals_operation,other_traffic_control,speed_limit,road_classification_(admin),rum_-_code,rum_-_description,dca_-_code,dca_-_description,dca_supplement,first_impact_type,key_tu_type,other_tu_type,no._of_traffic_units_involved,no._killed,no._seriously_injured,no._moderately_injured,no._minor-other_injured,month_num,month_label,season,day_label,time_label,time_band,is_peak_commute,is_fatal,is_injury,is_casualty
1347394,Injury,Serious Injury,2024,2024,March,Thursday,10:00 - 11:59,ALDERNEY,RD,0,Right on the spot,RIDGE,ST,MERRYLANDS,,No,Not a school zone,X-intersection,-33.830822,150.971452,Cumberland,Sydney metro. area,Syd-Newc-Woll Gtr conurbation,Straight,Steep grade,,,Nil,Sealed,Dry,Fine,Daylight,Nil,Give way sign,50 km/h,Local,10,Cross traffic,101,Adj - Cross traffic,,Right angle,4 wheel drive / SUV,4 wheel drive / SUV,2,0,2,1,0,3,March,Autumn,Thursday,10:00 - 11:59,Midday / afternoon,False,False,True,True
1347395,Injury,Serious Injury,2024,2024,January,Saturday,12:00 - 13:59,MERRYLANDS,RD,0,Right on the spot,MASON,ST,MERRYLANDS,7250.0,No,Not a school zone,T-junction,-33.834539,150.979914,Cumberland,Sydney metro. area,Syd-Newc-Woll Gtr conurbation,Straight,,,,Off,Sealed,Unknown,Unknown,Daylight,Nil,Give way sign,60 km/h,Regional,16,Left near,107,Adj - Left-thru from right,,Right angle,Passenger van,4 wheel drive / SUV,2,0,1,0,0,1,January,Summer,Saturday,12:00 - 13:59,Midday / afternoon,False,False,True,True
1347396,Injury,Moderate Injury,2024,2024,March,Sunday,20:00 - 21:59,LAKE ALBERT,RD,10,North,BRUNSKILL,RD,LAKE ALBERT,,No,Not a school zone,T-junction,-35.163284,147.38222,Wagga Wagga,Country urban,Rest of NSW - Urban,Curved,,,,On,Sealed,Dry,Fine,Darkness,Nil,Stop sign,50 km/h,Local,81,Off left/rt bnd=>obj,803,Off right bend into obj,Left,Other angle,Car (sedan/hatch),Light truck utility(from 2018),2,0,0,1,0,3,March,Autumn,Sunday,20:00 - 21:59,Evening / night,False,False,True,True
1347399,Injury,Serious Injury,2024,2024,February,Saturday,22:00 - Midnight,NEWCASTLE,EXP,50,North,MARSHALL STREET,OP,COORANBONG,6003.0,No,Not a school zone,Dual freeway,-33.083086,151.474784,Lake Macquarie,Newcastle met. area,Syd-Newc-Woll Gtr conurbation,Straight,,,,Off,Sealed,Dry,Fine,Darkness,Nil,No traffic controls,110 km/h,State,71,Off rd left => obj,703,Left off cway into object,,Vehicle - Object,Car (sedan/hatch),,1,0,1,0,0,2,February,Summer,Saturday,22:00 - Midnight,Evening / night,False,False,True,True
1347401,Injury,Serious Injury,2024,2024,February,Thursday,18:00 - 19:59,RICHMOND,RD,570,North,ELARA,BVD,MARSDEN PARK,537.0,No,Not a school zone,2-way undivided,-33.687125,150.822605,Blacktown,Sydney metro. area,Syd-Newc-Woll Gtr conurbation,Straight,Painted double centre lines,,,Nil,Sealed,Dry,Fine,Daylight,Nil,No traffic controls,80 km/h,State,50,Head on (overtake),501,Ovtak - Head on,,Head-on,Light truck,Car (sedan/hatch),2,0,2,1,0,2,February,Summer,Thursday,18:00 - 19:59,PM peak / evening commute,True,False,True,True
1347407,Injury,Serious Injury,2024,2024,March,Tuesday,16:00 - 17:59,WATERLOO,RD,0,Right on the spot,RAWSON,RD,GREENACRE,7118.0,No,Not a school zone,X-intersection,-33.902835,151.057923,Canterbury-Bankstown,Sydney metro. area,Syd-Newc-Woll Gtr conurbation,Straight,,,,Off,Sealed,Dry,Fine,Daylight,On,Ped crossing,60 km/h,Regional,0,Ped nearside,1,Ped - Near side,,Vehicle - Pedestrian,Car (sedan/hatch),Pedestrian,2,0,1,0,0,3,March,Autumn,Tuesday,16:00 - 17:59,PM peak / evening commute,True,False,True,True
1347409,Injury,Moderate Injury,2024,2024,February,Tuesday,10:00 - 11:59,WEBSTER,AVE,0,Right on the spot,WONGA,RD,LURNEA,,Yes,No,Roundabout,-33.934031,150.900342,Liverpool,Sydney metro. area,Syd-Newc-Woll Gtr conurbation,Straight,,,,Off,Sealed,Wet,Raining,Daylight,Nil,Give way sign,50 km/h,Local,74,On road-out of cont.,705,Out of control on cway,,Rollover,Motorcycle,,1,0,0,1,0,2,February,Summer,Tuesday,10:00 - 11:59,Midday / afternoon,False,False,True,True
1347411,Injury,Minor/Other Injury,2024,2024,March,Monday,12:00 - 13:59,JOHN RENSHAW,DR,100,West,NEWCASTLE,EXP,BERESFIELD,588.0,No,Not a school zone,Divided road,-32.814282,151.633803,Newcastle,Newcastle met. area,Syd-Newc-Woll Gtr conurbation,Straight,,,,Off,Sealed,Dry,Fine,Daylight,Nil,No traffic controls,100 km/h,State,91,Object struck veh,610,On path - Load hit vehicle,,Vehicle - Object,Car (sedan/hatch),Light truck utility(from 2018),2,0,0,0,1,3,March,Autumn,Monday,12:00 - 13:59,Midday / afternoon,False,False,True,True
1347412,Injury,Moderate Injury,2024,2024,March,Friday,14:00 - 15:59,PACIFIC,HWY,0,Right on the spot,SWANSEA,BDGE,SWANSEA,10.0,No,Not a school zone,Divided road,-33.086023,151.639842,Lake Macquarie,Newcastle met. area,Syd-Newc-Woll Gtr conurbation,Straight,Other bridge,,,Nil,Sealed,Dry,Fine,Daylight,Nil,No traffic controls,60 km/h,State,30,Rear end,301,Same - Rear end,,Rear end,Light truck,Light truck utility(from 2018),4,0,0,1,1,3,March,Autumn,Friday,14:00 - 15:59,Midday / afternoon,False,False,True,True
1347413,Injury,Moderate Injury,2024,2024,March,Wednesday,16:00 - 17:59,PARKER,ST,0,Right on the spot,STAFFORD,ST,PENRITH,154.0,No,Not a school zone,X-intersection,-33.762276,150.710286,Penrith,Sydney metro. area,Syd-Newc-Woll Gtr conurbation,Straight,,,,Off,Sealed,Dry,Fine,Daylight,Nil,Stop sign,70 km/h,State,10,Cross traffic,101,Adj - Cross traffic,,Right angle,Car (sedan/hatch),4 wheel drive / SUV,2,0,0,3,1,3,March,Autumn,Wednesday,16:00 - 17:59,PM peak / evening commute,True,False,True,True
1347415,Injury,Serious Injury,2024,2024,March,Monday,16:00 - 17:59,PRINCES,HWY,100,North,CANDELO BEGA,RD,KINGSWOOD,1.0,No,Not a school zone,2-way undivided,-36.737863,149.818184,Bega Valley,Country non-urban,Rest of NSW - Rural,Straight,Embankment/cutting,,,Nil,Sealed,Dry,Fine,Daylight,Nil,No traffic controls,100 km/h,State,71,Off rd left => obj,703,Left off cway into object,,Vehicle - Object,4 wheel drive / SUV,,1,0,1,0,0,3,March,Autumn,Monday,16:00 - 17:59,PM peak / evening commute,True,False,True,True
1347416,Injury,Serious Injury,2024,2024,February,Wednesday,14:00 - 15:59,O'CONNELL,ST,0,Right on the spot,MACQUARIE,ST,PARRAMATTA,184.0,No,Not a school zone,X-intersection,-33.814376,150.999848,Parramatta,Sydney metro. area,Syd-Newc-Woll Gtr conurbation,Straight,,,,Off,Sealed,Dry,Fine,Daylight,On,Ped crossing,60 km/h,State,2,Ped far side,3,Ped - Far side,,Vehicle - Pedestrian,Light truck utility(from 2018),Pedestrian,2,0,1,0,0,2,February,Summer,Wednesday,14:00 - 15:59,Midday / afternoon,False,False,True,True
1347420,Injury,Minor/Other Injury,2024,2024,January,Tuesday,08:00 - 09:59,OALLEN FORD,RD,5000,North,JACQUA,RD,BUNGONIA,,No,Not a school zone,2-way undivided,-34.929424,149.940106,Goulburn Mulwaree,Country urban,Rest of NSW - Urban,Curved,,,,Nil,Sealed,Wet,Raining,Daylight,Nil,No traffic controls,80 km/h,Local,67,Struck animal,609,On path - Hit animal,,Vehicle - Animal,Motorcycle,,1,0,0,0,1,1,January,Summer,Tuesday,08:00 - 09:59,AM peak / school commute,True,False,True,True
1347423,Injury,Serious Injury,2024,2024,March,Saturday,10:00 - 11:59,BOORAL,RD,10,West,BULAHDELAH,WAY,BULAHDELAH,,No,Not a school zone,T-junction,-32.42022,152.20082,Mid-Coast,Country urban,Rest of NSW - Urban,Curved,,,,Nil,Sealed,Dry,Fine,Daylight,Nil,Give way sign,80 km/h,Local,81,Off left/rt bnd=>obj,803,Off right bend into obj,Left,Vehicle - Object,Car (sedan/hatch),,1,0,1,0,0,3,March,Autumn,Saturday,10:00 - 11:59,Midday / afternoon,False,False,True,True
1347424,Injury,Serious Injury,2024,2024,February,Sunday,10:00 - 11:59,WATERFALL,WAY,600,South,MAYNARDS PLAINS,RD,DORRIGO MOUNTAIN,76.0,No,Not a school zone,2-way undivided,-30.379378,152.727577,Bellingen,Country non-urban,Rest of NSW - Rural,Curved,Steep grade,,,Nil,Sealed,Wet,Raining,Daylight,Nil,No traffic controls,100 km/h,State,81,Off left/rt bnd=>obj,803,Off right bend into obj,Left,Vehicle - Object,Station wagon,,1,0,2,0,0,2,February,Summer,Sunday,10:00 - 11:59,Midday / afternoon,False,False,True,True
1347425,Injury,Serious Injury,2024,2024,March,Monday,16:00 - 17:59,NELSON BAY,RD,1922,East,MARSH,RD,SALT ASH,108.0,No,Not a school zone,Divided road,-32.79244,151.952397,Port Stephens,Country non-urban,Rest of NSW - Rural,Curved,Embankment/cutting,,,Nil,Sealed,Dry,Fine,Daylight,Nil,No traffic controls,100 km/h,State,85,Off rt/lft bnd=>obj,804,Off left bend into obj,Right,Vehicle - Object,Car (sedan/hatch),,1,0,1,1,0,3,March,Autumn,Monday,16:00 - 17:59,PM peak / evening commute,True,False,True,True
1347426,Injury,Serious Injury,2024,2024,March,Monday,20:00 - 21:59,CARTWRIGHT,PL,0,Right on the spot,MONTAGUE,ST,GOULBURN,,No,Not a school zone,T-junction,-34.754002,149.717304,Goulburn Mulwaree,Country urban,Rest of NSW - Urban,Straight,,,,On,Sealed,Dry,Fine,Darkness,Nil,Give way sign,40 km/h,Local,88,Out of cont on bend,707,Right turn,,Rollover,Motorised push scooters,,1,0,1,0,0,3,March,Autumn,Monday,20:00 - 21:59,Evening / night,False,False,True,True
1347432,Injury,Moderate Injury,2024,2024,March,Tuesday,10:00 - 11:59,MUTAWINTJI,RD,24000,South,NUNTHERUNGIE-KAYRUNNERA,RD,MUTAWINTJI,428.0,No,Not a school zone,2-way undivided,-30.96695,142.347587,Unincorporated,Country non-urban,Rest of NSW - Rural,Curved,,,,Nil,Unsealed,Dry,Fine,Daylight,Nil,No traffic controls,100 km/h,Regional,88,Out of cont on bend,805,Out of control on bend,,Rollover,Car (sedan/hatch),,1,0,0,1,0,3,March,Autumn,Tuesday,10:00 - 11:59,Midday / afternoon,False,False,True,True
1347437,Injury,Serious Injury,2024,2024,March,Friday,22:00 - Midnight,GOOREENGI,RD,0,Right on the spot,SOMERSET,AVE,NORTH ARM COVE,,No,Not a school zone,T-junction,-32.638003,152.034263,Mid-Coast,Country urban,Rest of NSW - Urban,Straight,,,,On,Sealed,Dry,Fine,Darkness,Nil,No traffic controls,80 km/h,Local,73,Off rd rght => obj,704,Right off cway into obj,,Vehicle - Object,Car (sedan/hatch),,3,0,2,1,0,3,March,Autumn,Friday,22:00 - Midnight,Evening / night,False,False,True,True
1347438,Injury,Serious Injury,2024,2024,March,Wednesday,18:00 - 19:59,HEATHCOTE,RD,0,Right on the spot,NUWARRA,RD,HAMMONDVILLE,512.0,No,Not a school zone,X-intersection,-33.945258,150.946739,Liverpool,Sydney metro. area,Syd-Newc-Woll Gtr conurbation,Straight,,,,Off,Sealed,Dry,Fine,Daylight,On,No traffic controls,60 km/h,State,71,Off rd left => obj,703,Left off cway into object,,Vehicle - Object,4 wheel drive / SUV,,1,0,1,0,0,3,March,Autumn,Wednesday,18:00 - 19:59,PM peak / evening commute,True,False,True,True
1347442,Injury,Serious Injury,2024,2024,March,Monday,10:00 - 11:59,RIVERSTONE,PDE,50,North,GARFIELD,RD,RIVERSTONE,7157.0,No,Not a school zone,2-way undivided,-33.679262,150.860843,Blacktown,Sydney metro. area,Syd-Newc-Woll Gtr conurbation,Straight,,,,Off,Sealed,Dry,Fine,Daylight,Nil,No traffic controls,50 km/h,Regional,2,Ped far side,3,Ped - Far side,,Vehicle - Pedestrian,Semi-trailer,Pedestrian,2,0,1,0,0,3,March,Autumn,Monday,10:00 - 11:59,Midday / afternoon,False,False,True,True
1347443,Injury,Minor/Other Injury,2024,2024,March,Wednesday,08:00 - 09:59,NELLO,PL,100,North,THE HORSLEY,DR,WETHERILL PARK,609.0,No,Not a school zone,2-way undivided,-33.851171,150.893928,Fairfield,Sydney metro. area,Syd-Newc-Woll Gtr conurbation,Straight,Foot/cycle path/nature strip,,,Off,Sealed,Dry,Fine,Daylight,Nil,No traffic controls,50 km/h,State,6,Ped on footpath,8,Ped - On footway/median,,Vehicle - Pedestrian,Pedal cycle,Pedestrian,2,0,0,0,1,3,March,Autumn,Wednesday,08:00 - 09:59,AM peak / school commute,True,False,True,True
1347446,Injury,Moderate Injury,2024,2024,February,Tuesday,16:00 - 17:59,ADNUM,LANE,0,Right on the spot,FETHERSTONE,ST,BANKSTOWN,,No,Not a school zone,T-junction,-33.91698,151.034249,Canterbury-Bankstown,Sydney metro. area,Syd-Newc-Woll Gtr conurbation,Straight,,,,Off,Sealed,Dry,Fine,Daylight,Nil,Stop sign,40 km/h,Local,34,Lane change right,306,Same - Lane change right,,Other angle,4 wheel drive / SUV,Car (sedan/hatch),2,0,0,1,0,2,February,Summer,Tuesday,16:00 - 17:59,PM peak / evening commute,True,False,True,True
1347447,Injury,Serious Injury,2024,2024,March,Tuesday,10:00 - 11:59,NORTON,ST,85,North,RENWICK,LANE,LEICHHARDT,7337.0,No,Not a school zone,2-way undivided,-33.887111,151.157477,Inner West,Sydney metro. area,Syd-Newc-Woll Gtr conurbation,Straight,,,,Off,Sealed,Dry,Fine,Daylight,Nil,Ped crossing,40 km/h,Regional,0,Ped nearside,1,Ped - Near side,,Vehicle - Pedestrian,Car (sedan/hatch),Pedestrian,2,0,1,0,0,3,March,Autumn,Tuesday,10:00 - 11:59,Midday / afternoon,False,False,True,True
1347448,Injury,Moderate Injury,2024,2024,March,Thursday,16:00 - 17:59,HOLDEN,ST,20,North,FAUNCE,ST,GOSFORD,,No,Not a school zone,2-way undivided,-33.422463,151.340342,Central Coast,Country urban,Syd-Newc-Woll Gtr conurbation,Straight,,,,Nil,Sealed,Dry,Fine,Daylight,Nil,Ped crossing,50 km/h,Local,0,Ped nearside,1,Ped - Near side,,Vehicle - Pedestrian,Car (sedan/hatch),Pedestrian,2,0,0,1,0,3,March,Autumn,Thursday,16:00 - 17:59,PM peak / evening commute,True,False,True,True
1347449,Injury,Moderate Injury,2024,2024,March,Thursday,06:00 - 07:59,SHELLHARBOUR,RD,0,Right on the spot,VERONICA,ST,WARILLA,522.0,No,Not a school zone,T-junction,-34.547795,150.861361,Shellharbour,Wollongong met. area,Syd-Newc-Woll Gtr conurbation,Straight,,,,Off,Sealed,Dry,Fine,Daylight,On,No traffic controls,70 km/h,State,21,Right through,202,Opp - Right-thru,,Other angle,Car (sedan/hatch),Car (sedan/hatch),2,0,0,1,0,3,March,Autumn,Thursday,06:00 - 07:59,AM peak / school commute,True,False,True,True
1347450,Injury,Moderate Injury,2024,2024,January,Friday,02:00 - 03:59,PACIFIC,HWY,500,North,WENTWORTH,AVE,DOYALSON,10.0,No,Not a school zone,Divided road,-33.193798,151.526938,Central Coast,Country urban,Syd-Newc-Woll Gtr conurbation,Straight,,,,Nil,Sealed,Dry,Fine,Darkness,Nil,No traffic controls,80 km/h,State,71,Off rd left => obj,703,Left off cway into object,,Vehicle - Object,Car (sedan/hatch),,1,0,0,1,0,1,January,Summer,Friday,02:00 - 03:59,Late night / early morning,False,False,True,True
1347452,Injury,Moderate Injury,2024,2024,March,Sunday,12:00 - 13:59,ARATULA NORTH,RD,200,North,FLANAGANS,LANE,DENILIQUIN,,No,Not a school zone,2-way undivided,-35.524658,145.048919,Edward River,Country urban,Rest of NSW - Urban,Straight,,,,Nil,Unsealed,Dry,Fine,Daylight,Nil,No traffic controls,80 km/h,Local,73,Off rd rght => obj,704,Right off cway into obj,,Vehicle - Object,Motorcycle,,1,0,0,1,0,3,March,Autumn,Sunday,12:00 - 13:59,Midday / afternoon,False,False,True,True
1347453,Injury,Moderate Injury,2024,2024,March,Thursday,08:00 - 09:59,HIGH,ST,64,East,BELMORE,RD,MAITLAND,,No,Not a school zone,Divided road,-32.730237,151.552723,Maitland,Country urban,Rest of NSW - Urban,Straight,Driveway/entrance,,,Off,Sealed,Dry,Fine,Daylight,Nil,No traffic controls,40 km/h,Local,7,Driveway,7,Ped - driveway,,Vehicle - Pedestrian,4 wheel drive / SUV,Pedestrian,2,0,0,2,0,3,March,Autumn,Thursday,08:00 - 09:59,AM peak / school commute,True,False,True,True
1347456,Injury,Serious Injury,2024,2024,March,Saturday,14:00 - 15:59,PACIFIC,HWY,5000,South,BIG RIVER WAY TURN OFF,OP,TYNDALE,10.0,No,Not a school zone,Divided road,-29.589509,153.137568,Clarence Valley,Country non-urban,Rest of NSW - Rural,Straight,Other bridge,,,Nil,Sealed,Dry,Fine,Daylight,Nil,No traffic controls,110 km/h,State,71,Off rd left => obj,703,Left off cway into object,,Vehicle - Object,Car (sedan/hatch),,1,0,1,0,0,3,March,Autumn,Saturday,14:00 - 15:59,Midday / afternoon,False,False,True,True
1347460,Injury,Serious Injury,2024,2024,February,Thursday,04:00 - 05:59,ELLIS,RD,50,East,RED,LANE,ROUS,,No,Not a school zone,2-way undivided,-28.861771,153.41812,Ballina,Country urban,Rest of NSW - Urban,Straight,Crest,,,Nil,Sealed,Dry,Fog or mist,Darkness,Nil,No traffic controls,80 km/h,Local,67,Struck animal,609,On path - Hit animal,,Vehicle - Animal,Motorcycle,,1,0,1,0,0,2,February,Summer,Thursday,04:00 - 05:59,Late night / early morning,False,False,True,True
1347461,Injury,Moderate Injury,2024,2024,March,Tuesday,08:00 - 09:59,RAILWAY,PDE,0,Right on the spot,THE AVENUE,MS,CANLEY VALE,7233.0,No,Not a school zone,T-junction,-33.883126,150.946876,Fairfield,Sydney metro. area,Syd-Newc-Woll Gtr conurbation,Straight,,,,Nil,Sealed,Dry,Fine,Daylight,Nil,Give way sign,60 km/h,Regional,13,Right near,104,Adj - Right-thru from right,,Right angle,Car (sedan/hatch),4 wheel drive / SUV,2,0,0,1,0,3,March,Autumn,Tuesday,08:00 - 09:59,AM peak / school commute,True,False,True,True
1347465,Injury,Moderate Injury,2024,2024,March,Tuesday,14:00 - 15:59,HEAPEY,ST,100,West,FLUSHCOMBE,RD,BLACKTOWN,,No,Not a school zone,2-way undivided,-33.790746,150.904337,Blacktown,Sydney metro. area,Syd-Newc-Woll Gtr conurbation,Straight,,,,Off,Sealed,Dry,Fine,Daylight,Nil,No traffic controls,50 km/h,Local,0,Ped nearside,1,Ped - Near side,,Vehicle - Pedestrian,Car (sedan/hatch),Pedestrian,2,0,0,1,0,3,March,Autumn,Tuesday,14:00 - 15:59,Midday / afternoon,False,False,True,True
1347468,Injury,Minor/Other Injury,2024,2024,February,Saturday,14:00 - 15:59,ROOTY HILL,RD,0,Right on the spot,BUNGALOW,RD,PLUMPTON,537.0,No,Not a school zone,T-junction,-33.756971,150.84005,Blacktown,Sydney metro. area,Syd-Newc-Woll Gtr conurbation,Straight,,,Potholes/corrugations/rough,Off,Sealed,Dry,Fine,Daylight,Nil,No traffic controls,60 km/h,State,74,On road-out of cont.,705,Out of control on cway,,Rollover,Motorcycle,,1,0,0,0,1,2,February,Summer,Saturday,14:00 - 15:59,Midday / afternoon,False,False,True,True
1347473,Injury,Serious Injury,2024,2024,March,Friday,10:00 - 11:59,NELSON BAY,RD,0,Right on the spot,PORT STEPHENS,DR,ANNA BAY,108.0,No,Not a school zone,Roundabout,-32.768815,152.065782,Port Stephens,Country urban,Rest of NSW - Urban,Straight,Ditch/drain/culvert,,,Off,Sealed,Dry,Fine,Daylight,Nil,Give way sign,80 km/h,State,71,Off rd left => obj,703,Left off cway into object,,Vehicle - Object,4 wheel drive / SUV,,1,0,1,0,0,3,March,Autumn,Friday,10:00 - 11:59,Midday / afternoon,False,False,True,True
1347474,Injury,Minor/Other Injury,2024,2024,March,Monday,08:00 - 09:59,ELIZABETH,ST,0,Right on the spot,BATHURST,ST,SYDNEY,7083.0,No,Not a school zone,T-junction,-33.874663,151.209723,Sydney,Sydney metro. area,Syd-Newc-Woll Gtr conurbation,Straight,,,,Off,Sealed,Dry,Fine,Daylight,On,No traffic controls,40 km/h,Regional,33,Lane sideswipe,305,Same - Lane side swipe,,Other angle,Car (sedan/hatch),Pedal cycle,2,0,0,0,1,3,March,Autumn,Monday,08:00 - 09:59,AM peak / school commute,True,False,True,True
1347475,Injury,Minor/Other Injury,2024,2024,March,Wednesday,08:00 - 09:59,WESTERN,EXP,100,East,JAMES RUSE,DR,CLYDE,6004.0,No,Not a school zone,Other,-33.831854,151.020858,Parramatta,Sydney metro. area,Syd-Newc-Woll Gtr conurbation,Straight,Underpass/tunnel,,,Nil,Sealed,Dry,Fine,Daylight,Nil,No traffic controls,70 km/h,State,30,Rear end,301,Same - Rear end,,Rear end,Light truck,4 wheel drive / SUV,3,0,0,0,1,3,March,Autumn,Wednesday,08:00 - 09:59,AM peak / school commute,True,False,True,True
1347476,Injury,Minor/Other Injury,2024,2024,March,Wednesday,12:00 - 13:59,OLD WINDSOR,RD,0,Right on the spot,POWERS,RD,SEVEN HILLS,635.0,No,Not a school zone,X-intersection,-33.774157,150.961216,Blacktown,Sydney metro. area,Syd-Newc-Woll Gtr conurbation,Straight,,,,Off,Sealed,Dry,Fine,Daylight,On,No traffic controls,80 km/h,State,2,Ped far side,3,Ped - Far side,,Vehicle - Pedestrian,Light truck utility(from 2018),Pedestrian,2,0,0,0,1,3,March,Autumn,Wednesday,12:00 - 13:59,Midday / afternoon,False,False,True,True
1347481,Injury,Moderate Injury,2024,2024,March,Wednesday,08:00 - 09:59,MAUD,ST,0,Right on the spot,WILMOT,ST,GOULBURN,,No,Not a school zone,T-junction,-34.741797,149.738187,Goulburn Mulwaree,Country urban,Rest of NSW - Urban,Straight,,,,Nil,Sealed,Wet,Fine,Daylight,Nil,No traffic controls,50 km/h,Local,13,Right near,104,Adj - Right-thru from right,,Right angle,Light truck utility(from 2018),Other bus,2,0,0,1,0,3,March,Autumn,Wednesday,08:00 - 09:59,AM peak / school commute,True,False,True,True
1347482,Injury,Moderate Injury,2024,2024,February,Wednesday,14:00 - 15:59,CLARENCE TOWN,RD,2470,South,EAGLETON,RD,GLEN OAK,301.0,No,Not a school zone,2-way undivided,-32.612819,151.710635,Port Stephens,Country urban,Rest of NSW - Urban,Straight,Embankment/cutting,,,Nil,Sealed,Dry,Overcast,Daylight,Nil,No traffic controls,80 km/h,Regional,73,Off rd rght => obj,704,Right off cway into obj,,Vehicle - Object,Car (sedan/hatch),,1,0,0,1,0,2,February,Summer,Wednesday,14:00 - 15:59,Midday / afternoon,False,False,True,True
1347483,Injury,Minor/Other Injury,2024,2024,March,Thursday,20:00 - 21:59,ELSWICK,ST,0,Right on the spot,MYRTLE,ST,LEICHHARDT,,No,Not a school zone,X-intersection,-33.886164,151.15244,Inner West,Sydney metro. area,Syd-Newc-Woll Gtr conurbation,Straight,,,,On,Sealed,Dry,Fine,Darkness,Nil,Give way sign,50 km/h,Local,10,Cross traffic,101,Adj - Cross traffic,,Right angle,Car (sedan/hatch),Station wagon,3,0,0,0,1,3,March,Autumn,Thursday,20:00 - 21:59,Evening / night,False,False,True,True
1347485,Injury,Serious Injury,2024,2024,February,Friday,18:00 - 19:59,ODSAL,RD,0,Right on the spot,WEMBLEY,AVE,NORTH KELLYVILLE,,No,Not a school zone,T-junction,-33.693944,150.961534,The Hills,Sydney metro. area,Syd-Newc-Woll Gtr conurbation,Straight,,,,Nil,Sealed,Dry,Fine,Daylight,Nil,No traffic controls,50 km/h,Local,10,Cross traffic,101,Adj - Cross traffic,,Right angle,4 wheel drive / SUV,Light truck utility(from 2018),2,0,1,0,1,2,February,Summer,Friday,18:00 - 19:59,PM peak / evening commute,True,False,True,True
1347486,Injury,Moderate Injury,2024,2024,March,Friday,22:00 - Midnight,OLD HUME,HWY,315,West,ARGYLE,ST,BERRIMA,,No,Not a school zone,2-way undivided,-34.490503,150.33311,Wingecarribee,Country urban,Rest of NSW - Urban,Curved,,,,Nil,Sealed,Dry,Fine,Darkness,Nil,No traffic controls,50 km/h,Local,85,Off rt/lft bnd=>obj,804,Off left bend into obj,Right,Vehicle - Object,4 wheel drive / SUV,,1,0,0,1,0,3,March,Autumn,Friday,22:00 - Midnight,Evening / night,False,False,True,True
1347487,Injury,Minor/Other Injury,2024,2024,March,Thursday,08:00 - 09:59,GREENVIEW,BVD,0,Right on the spot,THE PONDS,BVD,THE PONDS,,No,Not a school zone,Roundabout,-33.698694,150.912809,Blacktown,Sydney metro. area,Syd-Newc-Woll Gtr conurbation,Straight,,,,Off,Sealed,Dry,Fine,Daylight,Nil,Give way sign,50 km/h,Local,10,Cross traffic,101,Adj - Cross traffic,,Right angle,4 wheel drive / SUV,Car (sedan/hatch),2,0,0,0,1,3,March,Autumn,Thursday,08:00 - 09:59,AM peak / school commute,True,False,True,True
1347488,Injury,Minor/Other Injury,2024,2024,March,Tuesday,08:00 - 09:59,GREAT WESTERN,HWY,0,Right on the spot,BRIDGE,RD,SOUTH WENTWORTHVILLE,5.0,No,Not a school zone,T-junction,-33.817298,150.980958,Cumberland,Sydney metro. area,Syd-Newc-Woll Gtr conurbation,Curved,,,,On,Sealed,Dry,Fine,Daylight,On,No traffic controls,60 km/h,State,32,Right rear,303,Same - Rear right,,Rear end,Car (sedan/hatch),4 wheel drive / SUV,2,0,0,0,1,3,March,Autumn,Tuesday,08:00 - 09:59,AM peak / school commute,True,False,True,True
1347490,Injury,Moderate Injury,2024,2024,March,Friday,08:00 - 09:59,PRIMROSE,DR,10,North,VIOLET,RD,HAMLYN TERRACE,,No,Not a school zone,T-junction,-33.255618,151.480167,Central Coast,Country urban,Syd-Newc-Woll Gtr conurbation,Straight,,,,Nil,Sealed,Dry,Overcast,Daylight,Nil,No traffic controls,50 km/h,Local,1,Ped emerging,2,Ped - emerging,,Vehicle - Pedestrian,Car (sedan/hatch),Pedestrian,2,0,0,1,0,3,March,Autumn,Friday,08:00 - 09:59,AM peak / school commute,True,False,True,True
1347491,Injury,Moderate Injury,2024,2024,March,Monday,06:00 - 07:59,MOUNTAIN ASH,RD,0,Right on the spot,NUMBER 1354,HN,BUNGONIA,,No,Not a school zone,2-way undivided,-34.825797,149.861933,Goulburn Mulwaree,Country non-urban,Rest of NSW - Rural,Curved,Embankment/cutting,,Loose gravel shoulder,Nil,Sealed,Dry,Fine,Daylight,Nil,No traffic controls,100 km/h,Local,87,Off lft/lft bnd=>obj,804,Off left bend into obj,Left,Vehicle - Object,4 wheel drive / SUV,,1,0,0,1,0,3,March,Autumn,Monday,06:00 - 07:59,AM peak / school commute,True,False,True,True
1347494,Injury,Serious Injury,2024,2024,February,Wednesday,08:00 - 09:59,KORADJI,AVE,20,North,KAMILAROO,AVE,LAKE MUNMORAH,,No,Not a school zone,2-way undivided,-33.19407,151.562061,Central Coast,Country urban,Syd-Newc-Woll Gtr conurbation,Straight,,,,Nil,Sealed,Dry,Fine,Daylight,Nil,No traffic controls,50 km/h,Local,74,On road-out of cont.,705,Out of control on cway,,Rollover,Motorcycle,,1,0,1,0,0,2,February,Summer,Wednesday,08:00 - 09:59,AM peak / school commute,True,False,True,True