crash_id,degree_of_crash,degree_of_crash_-_detailed,reporting_year,year_of_crash,month_of_crash,day_of_week_of_crash,two-hour_intervals,street_of_crash,street_type,distance,direction,identifying_feature,identifying_feature_type,town,route_no.,school_zone_location,school_zone_active,type_of_location,latitude,longitude,lga,urbanisation,conurbation_1,alignment,primary_permanent_feature,primary_temporary_feature,primary_hazardous_feature,street_lighting,road_surface,surface_condition,weather,natural_lighting,signals_operation,other_traffic_control,speed_limit,road_classification_(admin),rum_-_code,rum_-_description,dca_-_code,dca_-_description,dca_supplement,first_impact_type,key_tu_type,other_tu_type,no._of_traffic_units_involved,no._killed,no._seriously_injured,no._moderately_injured,no._minor-other_injured,month_num,month_label,season,day_label,time_label,time_band,is_peak_commute,is_fatal,is_injury,is_casualty
1347501,Injury,Minor/Other Injury,2024,2024,March,Sunday,08:00 - 09:59,BEECROFT,RD,0,Right on the spot,CARLINGFORD,RD,EPPING,139.0,No,Not a school zone,T-junction,-33.770969,151.081141,Parramatta,Sydney metro. area,Syd-Newc-Woll Gtr conurbation,Straight,,,,Nil,Sealed,Dry,Fine,Daylight,On,No traffic controls,60 km/h,State,11,Right far,102,Adj - Right-thru from left,,Right angle,Car (sedan/hatch),Car (sedan/hatch),2,0,0,0,1,3,March,Autumn,Sunday,08:00 - 09:59,AM peak / school commute,True,False,True,True
1347504,Injury,Serious Injury,2024,2024,February,Tuesday,10:00 - 11:59,EDGAR,ST,0,Right on the spot,MARION,ST,CONDELL PARK,7120.0,No,Not a school zone,X-intersection,-33.916108,151.014042,Canterbury-Bankstown,Sydney metro. area,Syd-Newc-Woll Gtr conurbation,Curved,Steep grade,,,Nil,Sealed,Dry,Overcast,Daylight,On,No traffic controls,60 km/h,Regional,10,Cross traffic,101,Adj - Cross traffic,,Right angle,4 wheel drive / SUV,Car (sedan/hatch),2,0,2,0,0,2,February,Summer,Tuesday,10:00 - 11:59,Midday / afternoon,False,False,True,True
1347506,Injury,Moderate Injury,2024,2024,March,Wednesday,14:00 - 15:59,OXLEY,HWY,0,Right on the spot,GODDARD,LANE,WESTDALE,11.0,No,Not a school zone,T-junction,-31.080469,150.853195,Tamworth Regional,Country non-urban,Rest of NSW - Rural,Straight,,,,Nil,Sealed,Wet,Fine,Daylight,Nil,Give way sign,100 km/h,State,11,Right far,102,Adj - Right-thru from left,,Right angle,Car (sedan/hatch),Other bus,2,0,0,1,0,3,March,Autumn,Wednesday,14:00 - 15:59,Midday / afternoon,False,False,True,True
1347508,Injury,Moderate Injury,2024,2024,March,Friday,14:00 - 15:59,CANBERRA,ST,0,Right on the spot,NUMBER 89,HN,OXLEY PARK,,No,Not a school zone,2-way undivided,-33.769542,150.791353,Penrith,Sydney metro. area,Syd-Newc-Woll Gtr conurbation,Straight,Driveway/entrance,,,Off,Sealed,Dry,Fine,Daylight,Nil,No traffic controls,50 km/h,Local,47,Emerging from drive,406,Manov - Emerging from driveway,,Right angle,Car (sedan/hatch),Motorcycle,3,0,0,1,0,3,March,Autumn,Friday,14:00 - 15:59,Midday / afternoon,False,False,True,True
1347510,Injury,Minor/Other Injury,2024,2024,February,Wednesday,10:00 - 11:59,WEST BOTANY,ST,140,South,ADOR,AVE,BRIGHTON-LE-SANDS,2032.0,No,Not a school zone,2-way undivided,-33.954808,151.147635,Bayside,Sydney metro. area,Syd-Newc-Woll Gtr conurbation,Straight,Driveway/entrance,,,On,Sealed,Dry,Fine,Daylight,Nil,No traffic controls,60 km/h,Regional,53,Overtake turning,506,Ovtak - Overtaking right turn,,Other angle,Car (sedan/hatch),Car (sedan/hatch),2,0,0,0,1,2,February,Summer,Wednesday,10:00 - 11:59,Midday / afternoon,False,False,True,True
1347512,Injury,Serious Injury,2024,2024,March,Saturday,08:00 - 09:59,WHEELERS,LANE,0,Right on the spot,NUMBER 563,HN,DUBBO,,No,Not a school zone,2-way undivided,-32.274275,148.625999,Dubbo Regional,Country urban,Rest of NSW - Urban,Straight,Driveway/entrance,,,Off,Sealed,Dry,Overcast,Daylight,Nil,No traffic controls,60 km/h,Local,21,Right through,202,Opp - Right-thru,,Other angle,4 wheel drive / SUV,Car (sedan/hatch),2,0,1,1,0,3,March,Autumn,Saturday,08:00 - 09:59,AM peak / school commute,True,False,True,True
1347514,Injury,Moderate Injury,2024,2024,March,Wednesday,14:00 - 15:59,CHURCH,ST,0,Right on the spot,NUMBER 62,HN,ALBION PARK,,Yes,No,2-way undivided,-34.576759,150.766944,Shellharbour,Wollongong met. area,Syd-Newc-Woll Gtr conurbation,Curved,,,,Off,Sealed,Dry,Fine,Daylight,Nil,No traffic controls,50 km/h,Local,30,Rear end,301,Same - Rear end,,Rear end,Car (sedan/hatch),4 wheel drive / SUV,2,0,0,1,0,3,March,Autumn,Wednesday,14:00 - 15:59,Midday / afternoon,False,False,True,True
1347515,Injury,Serious Injury,2024,2024,February,Tuesday,08:00 - 09:59,CENTRAL HILLS,DR,50,South,GREGORY HILLS,DR,GREGORY HILLS,,No,Not a school zone,Divided road,-34.022381,150.765014,Camden,Sydney metro. area,Syd-Newc-Woll Gtr conurbation,Straight,,,,Nil,Sealed,Dry,Fine,Daylight,Nil,No traffic controls,50 km/h,Local,2,Ped far side,3,Ped - Far side,,Vehicle - Pedestrian,4 wheel drive / SUV,Pedestrian,2,0,1,0,0,2,February,Summer,Tuesday,08:00 - 09:59,AM peak / school commute,True,False,True,True
1347519,Injury,Serious Injury,2024,2024,March,Sunday,14:00 - 15:59,COUNCIL,ST,50,North,BIRRELL,ST,BONDI JUNCTION,660.0,No,Not a school zone,2-way undivided,-33.896064,151.25448,Waverley,Sydney metro. area,Syd-Newc-Woll Gtr conurbation,Straight,,Roadwks/Detour/Diverson,,Nil,Sealed,Wet,Fine,Daylight,Nil,No traffic controls,50 km/h,State,71,Off rd left => obj,703,Left off cway into object,,Vehicle - Object,Car (sedan/hatch),,1,0,1,0,0,3,March,Autumn,Sunday,14:00 - 15:59,Midday / afternoon,False,False,True,True
1347520,Injury,Moderate Injury,2024,2024,March,Tuesday,20:00 - 21:59,SALVIA,AVE,20,West,GARDENIA,AVE,BANKSTOWN,,No,Not a school zone,2-way undivided,-33.922059,151.043153,Canterbury-Bankstown,Sydney metro. area,Syd-Newc-Woll Gtr conurbation,Straight,,,,On,Sealed,Dry,Fine,Darkness,Nil,No traffic controls,50 km/h,Local,71,Off rd left => obj,703,Left off cway into object,,Other angle,Car (sedan/hatch),Car (sedan/hatch),2,0,0,1,0,3,March,Autumn,Tuesday,20:00 - 21:59,Evening / night,False,False,True,True
1347521,Injury,Serious Injury,2024,2024,March,Saturday,14:00 - 15:59,PACIFIC,HWY,150,North,KEMPS ACCESS,OP,COLLOMBATTI,10.0,No,Not a school zone,Divided road,-30.990333,152.858303,Kempsey,Country non-urban,Rest of NSW - Rural,Curved,,,,Nil,Sealed,Dry,Fine,Daylight,Nil,No traffic controls,110 km/h,State,84,Off right/left bend,802,Off cway left bend,Right,Rollover,Light truck utility(from 2018),,1,0,1,1,0,3,March,Autumn,Saturday,14:00 - 15:59,Midday / afternoon,False,False,True,True
1347523,Injury,Serious Injury,2024,2024,March,Sunday,10:00 - 11:59,WINDSOR,RD,0,Right on the spot,ANNANGROVE,RD,ROUSE HILL,184.0,No,Not a school zone,X-intersection,-33.674815,150.910907,The Hills,Sydney metro. area,Syd-Newc-Woll Gtr conurbation,Straight,,,,Nil,Sealed,Dry,Fine,Daylight,On,No traffic controls,80 km/h,State,21,Right through,202,Opp - Right-thru,,Other angle,Light truck utility(from 2018),Motorcycle,2,0,1,0,0,3,March,Autumn,Sunday,10:00 - 11:59,Midday / afternoon,False,False,True,True
1347526,Injury,Serious Injury,2024,2024,March,Saturday,18:00 - 19:59,VIRGIL,AVE,0,Right on the spot,NUMBER 160,HN,CHESTER HILL,,No,Not a school zone,2-way undivided,-33.880295,150.997703,Canterbury-Bankstown,Sydney metro. area,Syd-Newc-Woll Gtr conurbation,Straight,Painted double centre lines,,,On,Sealed,Dry,Fine,Dusk,Nil,No traffic controls,50 km/h,Local,73,Off rd rght => obj,704,Right off cway into obj,,Other angle,Car (sedan/hatch),Station wagon,2,0,1,0,0,3,March,Autumn,Saturday,18:00 - 19:59,PM peak / evening commute,True,False,True,True
1347528,Injury,Serious Injury,2024,2024,March,Sunday,10:00 - 11:59,MACQUARIE,PL,35,East,THE STRAND,MS,MORTDALE,,No,Not a school zone,1-way street,-33.971543,151.078351,Georges River,Sydney metro. area,Syd-Newc-Woll Gtr conurbation,Straight,,,,Nil,Sealed,Dry,Fine,Daylight,Nil,No traffic controls,50 km/h,Local,71,Off rd left => obj,703,Left off cway into object,,Vehicle - Object,Car (sedan/hatch),,1,0,1,0,0,3,March,Autumn,Sunday,10:00 - 11:59,Midday / afternoon,False,False,True,True
1347532,Injury,Moderate Injury,2024,2024,February,Saturday,14:00 - 15:59,DOLANS,RD,10,South,KINGSWAY,MS,WOOLOOWARE,227.0,No,Not a school zone,X-intersection,-34.047263,151.137092,Sutherland,Sydney metro. area,Syd-Newc-Woll Gtr conurbation,Straight,,,,Off,Sealed,Dry,Overcast,Daylight,Nil,No traffic controls,70 km/h,State,87,Off lft/lft bnd=>obj,706,Left turn,Left,Other angle,Light truck utility(from 2018),4 wheel drive / SUV,4,0,0,1,0,2,February,Summer,Saturday,14:00 - 15:59,Midday / afternoon,False,False,True,True
1347536,Injury,Moderate Injury,2024,2024,March,Sunday,12:00 - 13:59,GUMS,LANE,50,North,LONG RAIL GULLY,RD,BOAMBOLO,,No,Not a school zone,2-way undivided,-34.950652,148.932937,Yass Valley,Country urban,Rest of NSW - Urban,Straight,,,Potholes/corrugations/rough,Nil,Unsealed,Dry,Fine,Daylight,Nil,No traffic controls,80 km/h,Local,74,On road-out of cont.,705,Out of control on cway,,Rollover,Motorcycle,,1,0,0,1,0,3,March,Autumn,Sunday,12:00 - 13:59,Midday / afternoon,False,False,True,True
1347547,Injury,Moderate Injury,2024,2024,February,Sunday,08:00 - 09:59,CANTERBURY,RD,14,West,BROADWAY,MS,PUNCHBOWL,167.0,No,Not a school zone,2-way undivided,-33.93157,151.061948,Canterbury-Bankstown,Sydney metro. area,Syd-Newc-Woll Gtr conurbation,Straight,,,,Nil,Sealed,Dry,Fine,Daylight,Nil,No traffic controls,60 km/h,State,30,Rear end,301,Same - Rear end,,Rear end,Light truck,Passenger van,3,0,0,1,0,2,February,Summer,Sunday,08:00 - 09:59,AM peak / school commute,True,False,True,True
1347555,Injury,Moderate Injury,2024,2024,March,Tuesday,22:00 - Midnight,WELLINGTON,RD,0,Right on the spot,PARK,RD,AUBURN,2096.0,No,Not a school zone,T-junction,-33.864907,151.027335,Cumberland,Sydney metro. area,Syd-Newc-Woll Gtr conurbation,Straight,,,,On,Sealed,Dry,Fine,Darkness,On,No traffic controls,60 km/h,Regional,21,Right through,202,Opp - Right-thru,,Other angle,Car (sedan/hatch),Car (sedan/hatch),2,0,0,1,0,3,March,Autumn,Tuesday,22:00 - Midnight,Evening / night,False,False,True,True
1347556,Injury,Moderate Injury,2024,2024,March,Friday,20:00 - 21:59,POLDING,ST,0,Right on the spot,GRANVILLE,ST,SMITHFIELD,7222.0,No,Not a school zone,Roundabout,-33.863117,150.947303,Fairfield,Sydney metro. area,Syd-Newc-Woll Gtr conurbation,Straight,,,,On,Sealed,Dry,Fine,Darkness,Nil,Give way sign,60 km/h,Regional,30,Rear end,301,Same - Rear end,,Rear end,Car (sedan/hatch),4 wheel drive / SUV,2,0,0,1,0,3,March,Autumn,Friday,20:00 - 21:59,Evening / night,False,False,True,True
1347558,Injury,Moderate Injury,2024,2024,February,Thursday,08:00 - 09:59,GDT SECCOMBE,CL,0,Right on the spot,ORLANDO,ST,COFFS HARBOUR,,No,Not a school zone,T-junction,-30.286332,153.128987,Coffs Harbour,Country urban,Rest of NSW - Urban,Straight,,,,Nil,Sealed,Dry,Fine,Daylight,Nil,Give way sign,50 km/h,Local,11,Right far,102,Adj - Right-thru from left,,Right angle,Car (sedan/hatch),4 wheel drive / SUV,2,0,0,2,1,2,February,Summer,Thursday,08:00 - 09:59,AM peak / school commute,True,False,True,True
1347559,Injury,Moderate Injury,2024,2024,March,Friday,12:00 - 13:59,FOX VALLEY,RD,50,North,THE COMENARRA,PKWY,WAHROONGA,7350.0,No,Not a school zone,2-way undivided,-33.735472,151.100032,Ku-ring-gai,Sydney metro. area,Syd-Newc-Woll Gtr conurbation,Straight,,,,Off,Sealed,Dry,Fine,Daylight,Nil,No traffic controls,50 km/h,Regional,90,Fell in/from vehicle,901,Fell in/from vehicle,,Person - Object,Car (sedan/hatch),,1,0,0,1,0,3,March,Autumn,Friday,12:00 - 13:59,Midday / afternoon,False,False,True,True
1347562,Injury,Moderate Injury,2024,2024,March,Wednesday,06:00 - 07:59,WESTERN,EXP,100,East,BETTS,RD,SOUTH WENTWORTHVILLE,6004.0,No,Not a school zone,Dual freeway,-33.816427,150.964554,Cumberland,Sydney metro. area,Syd-Newc-Woll Gtr conurbation,Straight,,,,Nil,Sealed,Dry,Fine,Daylight,Nil,No traffic controls,90 km/h,State,66,Object on road,607,On path - Hit temp object,,Vehicle - Object,Car (sedan/hatch),,3,0,0,2,0,3,March,Autumn,Wednesday,06:00 - 07:59,AM peak / school commute,True,False,True,True
1347568,Injury,Minor/Other Injury,2024,2024,March,Friday,22:00 - Midnight,FREDERICK,ST,20,North,ROSE,ST,DUDLEY,,No,Not a school zone,2-way undivided,-32.985979,151.715118,Lake Macquarie,Newcastle met. area,Syd-Newc-Woll Gtr conurbation,Straight,,,,On,Sealed,Dry,Fine,Darkness,Nil,No traffic controls,50 km/h,Local,71,Off rd left => obj,703,Left off cway into object,,Other angle,Car (sedan/hatch),Car (sedan/hatch),4,0,0,0,1,3,March,Autumn,Friday,22:00 - Midnight,Evening / night,False,False,True,True
1347573,Injury,Serious Injury,2024,2024,March,Wednesday,20:00 - 21:59,STONEY CREEK,RD,0,Right on the spot,LAYCOCK,ST,BEXLEY,665.0,No,Not a school zone,T-junction,-33.948963,151.110512,Bayside,Sydney metro. area,Syd-Newc-Woll Gtr conurbation,Straight,,,,On,Sealed,Dry,Fine,Darkness,Nil,No traffic controls,60 km/h,State,21,Right through,202,Opp - Right-thru,,Other angle,Car (sedan/hatch),Car (sedan/hatch),2,0,1,0,0,3,March,Autumn,Wednesday,20:00 - 21:59,Evening / night,False,False,True,True
1347579,Injury,Moderate Injury,2024,2024,March,Thursday,06:00 - 07:59,BRADWARDINE,RD,0,Right on the spot,SUTTOR,ST,WINDRADYNE,,No,Not a school zone,Roundabout,-33.409911,149.551518,Bathurst Regional,Country urban,Rest of NSW - Urban,Straight,,,,Off,Sealed,Dry,Fine,Daylight,Nil,Give way sign,60 km/h,Local,10,Cross traffic,101,Adj - Cross traffic,,Right angle,Light truck utility(from 2018),Car (sedan/hatch),2,0,0,1,0,3,March,Autumn,Thursday,06:00 - 07:59,AM peak / school commute,True,False,True,True
1347582,Injury,Serious Injury,2024,2024,January,Tuesday,16:00 - 17:59,NORTHLAKES,DR,200,West,MINMI,RD,CAMERON PARK,,No,Not a school zone,Divided road,-32.911534,151.620697,Lake Macquarie,Newcastle met. area,Syd-Newc-Woll Gtr conurbation,Curved,,,,Off,Sealed,Dry,Fine,Daylight,Nil,No traffic controls,50 km/h,Local,85,Off rt/lft bnd=>obj,804,Off left bend into obj,Right,Vehicle - Object,Car (sedan/hatch),,1,0,1,0,0,1,January,Summer,Tuesday,16:00 - 17:59,PM peak / evening commute,True,False,True,True
1347583,Injury,Serious Injury,2024,2024,March,Sunday,06:00 - 07:59,PACIFIC,HWY,4800,South,WOOTTON,WAY,WOOTTON,10.0,No,Not a school zone,Divided road,-32.29955,152.346044,Mid-Coast,Country non-urban,Rest of NSW - Rural,Curved,,,,Off,Sealed,Dry,Fine,Daylight,Nil,No traffic controls,110 km/h,State,83,Off rt/rt bnd=>obj,803,Off right bend into obj,Right,Vehicle - Object,Car (sedan/hatch),,1,0,1,0,0,3,March,Autumn,Sunday,06:00 - 07:59,AM peak / school commute,True,False,True,True
1347588,Injury,Serious Injury,2024,2024,March,Monday,12:00 - 13:59,COLLINS,ST,0,Right on the spot,OLD PRINCES,HWY,CORRIMAL,,No,Not a school zone,X-intersection,-34.370146,150.89744,Wollongong,Wollongong met. area,Syd-Newc-Woll Gtr conurbation,Straight,,,,Nil,Sealed,Dry,Fine,Daylight,On,No traffic controls,50 km/h,Local,0,Ped nearside,1,Ped - Near side,,Vehicle - Pedestrian,Car (sedan/hatch),Pedestrian,2,0,1,0,0,3,March,Autumn,Monday,12:00 - 13:59,Midday / afternoon,False,False,True,True
1347591,Injury,Moderate Injury,2024,2024,March,Friday,16:00 - 17:59,COLLINS,PROM,0,Right on the spot,EAGLEVIEW,RD,INGLEBURN,680.0,No,Not a school zone,T-junction,-34.014347,150.867895,Campbelltown,Sydney metro. area,Syd-Newc-Woll Gtr conurbation,Curved,,,,Nil,Sealed,Dry,Fine,Daylight,Nil,Give way sign,60 km/h,State,13,Right near,104,Adj - Right-thru from right,,Right angle,Car (sedan/hatch),Station wagon,2,0,0,1,0,3,March,Autumn,Friday,16:00 - 17:59,PM peak / evening commute,True,False,True,True
1347594,Injury,Moderate Injury,2024,2024,March,Wednesday,16:00 - 17:59,RYDE,RD,50,North,LOFBERG,RD,WEST PYMBLE,162.0,No,Not a school zone,Divided road,-33.762977,151.137177,Ku-ring-gai,Sydney metro. area,Syd-Newc-Woll Gtr conurbation,Straight,,,,Off,Sealed,Dry,Fine,Daylight,Nil,No traffic controls,70 km/h,State,30,Rear end,301,Same - Rear end,,Rear end,Motorcycle,4 wheel drive / SUV,2,0,0,1,0,3,March,Autumn,Wednesday,16:00 - 17:59,PM peak / evening commute,True,False,True,True
1347596,Injury,Minor/Other Injury,2024,2024,March,Monday,16:00 - 17:59,VICTORIA,RD,0,Right on the spot,SHEPHERD,ST,RYDE,165.0,No,Not a school zone,X-intersection,-33.814289,151.097616,Ryde,Sydney metro. area,Syd-Newc-Woll Gtr conurbation,Straight,,,,Off,Sealed,Dry,Fine,Daylight,Nil,No traffic controls,60 km/h,State,16,Left near,107,Adj - Left-thru from right,,Right angle,Car (sedan/hatch),4 wheel drive / SUV,2,0,0,0,1,3,March,Autumn,Monday,16:00 - 17:59,PM peak / evening commute,True,False,True,True
1347598,Injury,Moderate Injury,2024,2024,March,Thursday,20:00 - 21:59,WESTERN,EXP,500,East,BENNETT ROAD,OP,COLYTON,6004.0,No,Not a school zone,Dual freeway,-33.788792,150.79506,Penrith,Sydney metro. area,Syd-Newc-Woll Gtr conurbation,Straight,,,,Nil,Sealed,Wet,Raining,Darkness,Nil,No traffic controls,110 km/h,State,30,Rear end,301,Same - Rear end,,Rear end,4 wheel drive / SUV,Semi-trailer,2,0,0,1,0,3,March,Autumn,Thursday,20:00 - 21:59,Evening / night,False,False,True,True
1347599,Injury,Serious Injury,2024,2024,March,Sunday,14:00 - 15:59,HOUSTON MITCHELL,DR,0,Right on the spot,LONG POINT,DR,LAKE CATHIE,,No,Not a school zone,T-junction,-31.534413,152.805461,Port Macquarie-Hastings,Country urban,Rest of NSW - Urban,Curved,Ditch/drain/culvert,,,Nil,Sealed,Dry,Overcast,Daylight,Nil,Give way sign,80 km/h,Local,81,Off left/rt bnd=>obj,803,Off right bend into obj,Left,Vehicle - Object,Car (sedan/hatch),,1,0,1,0,0,3,March,Autumn,Sunday,14:00 - 15:59,Midday / afternoon,False,False,True,True
1347606,Injury,Serious Injury,2024,2024,March,Saturday,22:00 - Midnight,PIDDING,RD,75,North,HIGGINBOTHAM,RD,RYDE,,No,Not a school zone,Divided road,-33.814234,151.122038,Ryde,Sydney metro. area,Syd-Newc-Woll Gtr conurbation,Curved,Steep grade,,,On,Sealed,Wet,Raining,Darkness,Nil,No traffic controls,50 km/h,Local,81,Off left/rt bnd=>obj,803,Off right bend into obj,Left,Vehicle - Object,Motorcycle,,1,0,1,0,0,3,March,Autumn,Saturday,22:00 - Midnight,Evening / night,False,False,True,True
1347613,Injury,Serious Injury,2024,2024,February,Wednesday,06:00 - 07:59,CLARENCE TOWN,RD,1700,North,ERRINGHI,ST,CLARENCE TOWN,301.0,No,Not a school zone,2-way undivided,-32.5506,151.763303,Dungog,Country non-urban,Rest of NSW - Rural,Curved,Ditch/drain/culvert,,,Nil,Sealed,Dry,Fine,Daylight,Nil,No traffic controls,90 km/h,Regional,81,Off left/rt bnd=>obj,803,Off right bend into obj,Left,Vehicle - Object,Light truck utility(from 2018),,1,0,1,0,0,2,February,Summer,Wednesday,06:00 - 07:59,AM peak / school commute,True,False,True,True
1347614,Injury,Moderate Injury,2024,2024,March,Saturday,10:00 - 11:59,AVOCA,DR,200,South,CENTRAL COAST,HWY,GREEN POINT,504.0,No,Not a school zone,Divided road,-33.439533,151.373361,Central Coast,Country urban,Syd-Newc-Woll Gtr conurbation,Straight,Steep grade,,,Nil,Sealed,Dry,Fine,Daylight,Nil,No traffic controls,60 km/h,State,74,On road-out of cont.,705,Out of control on cway,,Rollover,Motorcycle,,1,0,0,1,0,3,March,Autumn,Saturday,10:00 - 11:59,Midday / afternoon,False,False,True,True
1347615,Injury,Moderate Injury,2024,2024,February,Thursday,06:00 - 07:59,BOOTH,ST,0,Right on the spot,NELSON,ST,ANNANDALE,7314.0,No,Not a school zone,Roundabout,-33.882358,151.173578,Inner West,Sydney metro. area,Syd-Newc-Woll Gtr conurbation,Straight,Steep grade,,,Off,Sealed,Wet,Fine,Daylight,Nil,Give way sign,40 km/h,Regional,10,Cross traffic,101,Adj - Cross traffic,,Right angle,4 wheel drive / SUV,Pedal cycle,2,0,0,1,0,2,February,Summer,Thursday,06:00 - 07:59,AM peak / school commute,True,False,True,True
1347618,Injury,Moderate Injury,2024,2024,February,Tuesday,16:00 - 17:59,GREAT WESTERN,HWY,10,West,OLD CANTERBURY,RD,LEWISHAM,5.0,No,Not a school zone,T-junction,-33.889987,151.146428,Inner West,Sydney metro. area,Syd-Newc-Woll Gtr conurbation,Straight,,,Other hazardous feature,Off,Sealed,Wet,Raining,Daylight,Nil,Left turn only,60 km/h,State,74,On road-out of cont.,705,Out of control on cway,,Rollover,Motorcycle,,1,0,0,1,0,2,February,Summer,Tuesday,16:00 - 17:59,PM peak / evening commute,True,False,True,True
1347619,Injury,Moderate Injury,2024,2024,March,Thursday,00:01 - 01:59,BLAXCELL,ST,0,Right on the spot,NUMBER 333,HN,SOUTH GRANVILLE,,No,Not a school zone,2-way undivided,-33.85573,151.007685,Cumberland,Sydney metro. area,Syd-Newc-Woll Gtr conurbation,Straight,,,,Unknown / not stated,Sealed,Unknown,Unknown,Darkness,Nil,No traffic controls,50 km/h,Local,71,Off rd left => obj,703,Left off cway into object,,Other angle,Car (sedan/hatch),Car (sedan/hatch),3,0,0,1,0,3,March,Autumn,Thursday,00:01 - 01:59,Late night / early morning,False,False,True,True
1347621,Injury,Minor/Other Injury,2024,2024,February,Thursday,06:00 - 07:59,CAMDEN VALLEY,WAY,0,Right on the spot,HEATH,RD,LEPPINGTON,620.0,No,Not a school zone,X-intersection,-33.975822,150.809583,Camden,Sydney metro. area,Syd-Newc-Woll Gtr conurbation,Straight,,,,Nil,Sealed,Dry,Fine,Daylight,On,No traffic controls,80 km/h,State,30,Rear end,301,Same - Rear end,,Rear end,Light truck,Car (sedan/hatch),2,0,0,0,1,2,February,Summer,Thursday,06:00 - 07:59,AM peak / school commute,True,False,True,True
1347624,Injury,Serious Injury,2024,2024,February,Thursday,16:00 - 17:59,WILGA,ST,95,South,COLLINS,ST,CORRIMAL,,No,Not a school zone,2-way undivided,-34.371164,150.899166,Wollongong,Wollongong met. area,Syd-Newc-Woll Gtr conurbation,Straight,Driveway/entrance,,,Off,Sealed,Dry,Fine,Daylight,Nil,No traffic controls,50 km/h,Local,21,Right through,202,Opp - Right-thru,,Other angle,Car (sedan/hatch),Motorcycle,2,0,1,0,0,2,February,Summer,Thursday,16:00 - 17:59,PM peak / evening commute,True,False,True,True
1347627,Injury,Serious Injury,2024,2024,March,Monday,12:00 - 13:59,CUMBERLAND,HWY,0,Right on the spot,HART,DR,CONSTITUTION HILL,13.0,No,Not a school zone,T-junction,-33.794385,150.983214,Parramatta,Sydney metro. area,Syd-Newc-Woll Gtr conurbation,Straight,Other bridge,,,Nil,Sealed,Dry,Fine,Daylight,On,No traffic controls,70 km/h,State,30,Rear end,301,Same - Rear end,,Rear end,4 wheel drive / SUV,Car (sedan/hatch),5,0,2,1,0,3,March,Autumn,Monday,12:00 - 13:59,Midday / afternoon,False,False,True,True
1347634,Injury,Minor/Other Injury,2024,2024,March,Wednesday,10:00 - 11:59,WESTERN,EXP,200,East,CUMBERLAND HIGHWAY,TO,SOUTH WENTWORTHVILLE,6004.0,No,Not a school zone,Dual freeway,-33.81715,150.970476,Cumberland,Sydney metro. area,Syd-Newc-Woll Gtr conurbation,Straight,,,,Nil,Sealed,Dry,Fine,Daylight,Nil,No traffic controls,90 km/h,State,33,Lane sideswipe,305,Same - Lane side swipe,,Other angle,Unknown motor vehicle,4 wheel drive / SUV,2,0,0,0,1,3,March,Autumn,Wednesday,10:00 - 11:59,Midday / afternoon,False,False,True,True
1347646,Injury,Serious Injury,2024,2024,March,Friday,16:00 - 17:59,GREAT WESTERN,HWY,20,West,JELLICOE,ST,LIDCOMBE,5.0,No,Not a school zone,Divided road,-33.8521,151.056169,Cumberland,Sydney metro. area,Syd-Newc-Woll Gtr conurbation,Straight,,,,Nil,Sealed,Dry,Fine,Daylight,Nil,No traffic controls,60 km/h,State,30,Rear end,301,Same - Rear end,,Rear end,Light truck,4 wheel drive / SUV,3,0,1,0,0,3,March,Autumn,Friday,16:00 - 17:59,PM peak / evening commute,True,False,True,True
1347647,Injury,Serious Injury,2024,2024,January,Wednesday,08:00 - 09:59,BOTANY,RD,0,Right on the spot,NUMBER 1575,HN,BOTANY,170.0,No,Not a school zone,2-way undivided,-33.952472,151.200419,Bayside,Sydney metro. area,Syd-Newc-Woll Gtr conurbation,Straight,,,,Off,Sealed,Dry,Fine,Daylight,Nil,No traffic controls,50 km/h,State,0,Ped nearside,1,Ped - Near side,,Vehicle - Pedestrian,Car (sedan/hatch),Pedestrian,2,0,1,0,0,1,January,Summer,Wednesday,08:00 - 09:59,AM peak / school commute,True,False,True,True
1347650,Injury,Moderate Injury,2024,2024,March,Monday,06:00 - 07:59,WESTERN,EXP,250,West,JAMES RUSE DRIVE,TO,ROSEHILL,6004.0,No,Not a school zone,Dual freeway,-33.826944,151.013029,Parramatta,Sydney metro. area,Syd-Newc-Woll Gtr conurbation,Curved,Other bridge,,,Off,Sealed,Dry,Fine,Daylight,Nil,No traffic controls,90 km/h,State,35,Lane change left,307,Same - Lane change left,,Other angle,Large rigid,Car (sedan/hatch),2,0,0,1,0,3,March,Autumn,Monday,06:00 - 07:59,AM peak / school commute,True,False,True,True
1347652,Injury,Serious Injury,2024,2024,March,Wednesday,16:00 - 17:59,PACIFIC,HWY,0,Right on the spot,NUMBER 364,HN,LINDFIELD,10.0,No,Not a school zone,Divided road,-33.77445,151.168034,Ku-ring-gai,Sydney metro. area,Syd-Newc-Woll Gtr conurbation,Straight,,,,Off,Sealed,Dry,Fine,Daylight,Nil,No traffic controls,60 km/h,State,71,Off rd left => obj,703,Left off cway into object,,Vehicle - Object,Car (sedan/hatch),,1,0,1,0,0,3,March,Autumn,Wednesday,16:00 - 17:59,PM peak / evening commute,True,False,True,True
1347654,Injury,Minor/Other Injury,2024,2024,February,Monday,06:00 - 07:59,BARAGOOT,RD,0,Right on the spot,BRUNDEREE,RD,FLINDERS,,No,Not a school zone,Roundabout,-34.579888,150.844793,Shellharbour,Wollongong met. area,Syd-Newc-Woll Gtr conurbation,Straight,Foot/cycle path/nature strip,,,Off,Sealed,Dry,Fine,Daylight,Nil,Give way sign,50 km/h,Local,48,From footpath,408,Manov - From footway,,Other angle,Pedal cycle,Unknown motor vehicle,2,0,0,0,1,2,February,Summer,Monday,06:00 - 07:59,AM peak / school commute,True,False,True,True