crash_id,degree_of_crash,degree_of_crash_-_detailed,reporting_year,year_of_crash,month_of_crash,day_of_week_of_crash,two-hour_intervals,street_of_crash,street_type,distance,direction,identifying_feature,identifying_feature_type,town,route_no.,school_zone_location,school_zone_active,type_of_location,latitude,longitude,lga,urbanisation,conurbation_1,alignment,primary_permanent_feature,primary_temporary_feature,primary_hazardous_feature,street_lighting,road_surface,surface_condition,weather,natural_lighting,signals_operation,other_traffic_control,speed_limit,road_classification_(admin),rum_-_code,rum_-_description,dca_-_code,dca_-_description,dca_supplement,first_impact_type,key_tu_type,other_tu_type,no._of_traffic_units_involved,no._killed,no._seriously_injured,no._moderately_injured,no._minor-other_injured,month_num,month_label,season,day_label,time_label,time_band,is_peak_commute,is_fatal,is_injury,is_casualty
1347659,Injury,Moderate Injury,2024,2024,March,Friday,12:00 - 13:59,WALLGROVE,RD,170,South,ALAINE,PL,CECIL PARK,515.0,No,Not a school zone,2-way undivided,-33.865055,150.846681,Fairfield,Sydney metro. area,Syd-Newc-Woll Gtr conurbation,Straight,Painted double centre lines,Roadwks/Detour/Diverson,"Loose gravel, sealed",Nil,Sealed,Wet,Raining,Daylight,Nil,No traffic controls,80 km/h,State,20,Head on,201,Opp - Head on,,Head-on,Car (sedan/hatch),Semi-trailer,2,0,0,1,0,3,March,Autumn,Friday,12:00 - 13:59,Midday / afternoon,False,False,True,True
1347660,Injury,Minor/Other Injury,2024,2024,February,Thursday,14:00 - 15:59,WARD,AVE,10,South,BARODA,ST,ELIZABETH BAY,,No,Not a school zone,T-junction,-33.873008,151.225922,Sydney,Sydney metro. area,Syd-Newc-Woll Gtr conurbation,Curved,,,,Off,Sealed,Dry,Fine,Daylight,Nil,Ped crossing,40 km/h,Local,48,From footpath,408,Manov - From footway,,Other angle,Pedal cycle,4 wheel drive / SUV,2,0,0,0,1,2,February,Summer,Thursday,14:00 - 15:59,Midday / afternoon,False,False,True,True
1347662,Injury,Moderate Injury,2024,2024,March,Tuesday,20:00 - 21:59,LEACOCKS,LANE,0,Right on the spot,NUMBER 208,HN,CASULA,,No,Not a school zone,2-way undivided,-33.956696,150.894588,Liverpool,Sydney metro. area,Syd-Newc-Woll Gtr conurbation,Straight,,,,Nil,Sealed,Dry,Fine,Darkness,Nil,No traffic controls,50 km/h,Local,71,Off rd left => obj,703,Left off cway into object,,Other angle,Car (sedan/hatch),Car (sedan/hatch),3,0,0,1,0,3,March,Autumn,Tuesday,20:00 - 21:59,Evening / night,False,False,True,True
1347663,Injury,Serious Injury,2024,2024,March,Thursday,16:00 - 17:59,PIPE CLAY FIRE,TRL,1000,West,NETHERCOTE,RD,GREIGS FLAT,,No,Not a school zone,2-way undivided,-36.969904,149.855825,Bega Valley,Country urban,Rest of NSW - Urban,Curved,Crest,,,Nil,Unsealed,Dry,Fine,Daylight,Nil,No traffic controls,50 km/h,Local,88,Out of cont on bend,805,Out of control on bend,,Rollover,Motorcycle,,1,0,1,0,0,3,March,Autumn,Thursday,16:00 - 17:59,PM peak / evening commute,True,False,True,True
1347665,Injury,Moderate Injury,2024,2024,March,Monday,08:00 - 09:59,ULAN,RD,520,South,PIPECLAY,LANE,BUDGEE BUDGEE,208.0,No,Not a school zone,2-way undivided,-32.541881,149.646517,Mid-Western Regional,Country non-urban,Rest of NSW - Rural,Curved,Other bridge,,,Nil,Sealed,Wet,Raining,Daylight,Nil,No entry/wrong way,100 km/h,Regional,87,Off lft/lft bnd=>obj,804,Off left bend into obj,Left,Vehicle - Object,Light truck utility(from 2018),,1,0,0,1,0,3,March,Autumn,Monday,08:00 - 09:59,AM peak / school commute,True,False,True,True
1347669,Injury,Moderate Injury,2024,2024,February,Wednesday,16:00 - 17:59,ROOKWOOD,RD,50,North,HUME,HWY,YAGOONA,190.0,Yes,Yes,2-way undivided,-33.905945,151.036084,Canterbury-Bankstown,Sydney metro. area,Syd-Newc-Woll Gtr conurbation,Straight,,,,Off,Sealed,Dry,Fine,Daylight,Nil,No traffic controls,40 km/h,State,30,Rear end,301,Same - Rear end,,Rear end,Car (sedan/hatch),Car (sedan/hatch),4,0,0,1,0,2,February,Summer,Wednesday,16:00 - 17:59,PM peak / evening commute,True,False,True,True
1347673,Injury,Minor/Other Injury,2024,2024,March,Tuesday,18:00 - 19:59,PITT,ST,0,Right on the spot,WALPOLE,ST,MERRYLANDS,2098.0,No,Not a school zone,T-junction,-33.830226,150.993227,Cumberland,Sydney metro. area,Syd-Newc-Woll Gtr conurbation,Straight,Foot/cycle path/nature strip,,,Nil,Sealed,Dry,Fine,Dusk,Nil,Stop sign,60 km/h,Regional,48,From footpath,408,Manov - From footway,,Other angle,Motorised push scooters,Car (sedan/hatch),2,0,0,0,1,3,March,Autumn,Tuesday,18:00 - 19:59,PM peak / evening commute,True,False,True,True
1347678,Injury,Serious Injury,2024,2024,February,Sunday,10:00 - 11:59,PACIFIC,HWY,0,Right on the spot,MCLEAN,ST,COFFS HARBOUR,10.0,No,Not a school zone,T-junction,-30.298454,153.112379,Coffs Harbour,Country urban,Rest of NSW - Urban,Curved,,,,Nil,Sealed,Wet,Raining,Daylight,Nil,No traffic controls,60 km/h,State,20,Head on,201,Opp - Head on,,Head-on,4 wheel drive / SUV,Car (sedan/hatch),5,0,1,0,1,2,February,Summer,Sunday,10:00 - 11:59,Midday / afternoon,False,False,True,True
1347686,Injury,Moderate Injury,2024,2024,March,Tuesday,08:00 - 09:59,MITCHELL,RD,0,Right on the spot,NUMBER 86,HN,LAKE ALBERT,,No,Not a school zone,2-way undivided,-35.153916,147.404763,Wagga Wagga,Country urban,Rest of NSW - Urban,Straight,,,"Loose gravel, sealed",Nil,Sealed,Dry,Fine,Daylight,Nil,No traffic controls,80 km/h,Local,71,Off rd left => obj,703,Left off cway into object,,Vehicle - Object,Car (sedan/hatch),,1,0,0,2,0,3,March,Autumn,Tuesday,08:00 - 09:59,AM peak / school commute,True,False,True,True
1347688,Injury,Serious Injury,2024,2024,March,Tuesday,08:00 - 09:59,CAMPBELLS,LANE,3100,South,BLOW CLEAR,RD,LAKE COWAL,,No,Not a school zone,2-way undivided,-33.729018,147.275464,Bland,Country non-urban,Rest of NSW - Rural,Straight,,,Potholes/corrugations/rough,Nil,Unsealed,Wet,Fine,Daylight,Nil,No traffic controls,100 km/h,Local,74,On road-out of cont.,705,Out of control on cway,,Rollover,Motorcycle,,1,0,1,0,0,3,March,Autumn,Tuesday,08:00 - 09:59,AM peak / school commute,True,False,True,True
1347690,Injury,Serious Injury,2024,2024,March,Saturday,06:00 - 07:59,CANTERBURY,RD,0,Right on the spot,CHAPEL,RD,BANKSTOWN,167.0,No,Not a school zone,X-intersection,-33.933781,151.027025,Canterbury-Bankstown,Sydney metro. area,Syd-Newc-Woll Gtr conurbation,Straight,,,,Off,Sealed,Wet,Fine,Daylight,On,No traffic controls,60 km/h,State,11,Right far,102,Adj - Right-thru from left,,Right angle,Car (sedan/hatch),Large rigid,3,0,1,0,0,3,March,Autumn,Saturday,06:00 - 07:59,AM peak / school commute,True,False,True,True
1347692,Injury,Serious Injury,2024,2024,March,Saturday,18:00 - 19:59,PRAIRIE VALE,RD,0,Right on the spot,NUMBER 32,HN,BOSSLEY PARK,,Yes,No,2-way undivided,-33.869448,150.873568,Fairfield,Sydney metro. area,Syd-Newc-Woll Gtr conurbation,Straight,Foot/cycle path/nature strip,,,Nil,Sealed,Dry,Fine,Daylight,Nil,No traffic controls,50 km/h,Local,6,Ped on footpath,8,Ped - On footway/median,,Vehicle - Pedestrian,Car (sedan/hatch),Pedestrian,2,0,1,0,0,3,March,Autumn,Saturday,18:00 - 19:59,PM peak / evening commute,True,False,True,True
1347693,Injury,Minor/Other Injury,2024,2024,March,Wednesday,10:00 - 11:59,ORCHID,WAY,0,Right on the spot,VAN STAPPEN,RD,WADALBA,,Yes,No,X-intersection,-33.265811,151.46509,Central Coast,Country urban,Syd-Newc-Woll Gtr conurbation,Straight,,,,Off,Sealed,Dry,Fine,Daylight,Nil,Give way sign,50 km/h,Local,10,Cross traffic,101,Adj - Cross traffic,,Right angle,Car (sedan/hatch),4 wheel drive / SUV,3,0,0,0,2,3,March,Autumn,Wednesday,10:00 - 11:59,Midday / afternoon,False,False,True,True
1347694,Injury,Moderate Injury,2024,2024,March,Monday,14:00 - 15:59,EMPIRE BAY,DR,100,North,BUNDALEER,CRES,BENSVILLE,349.0,Yes,No,2-way undivided,-33.493029,151.389369,Central Coast,Country urban,Syd-Newc-Woll Gtr conurbation,Straight,Painted double centre lines,,,Nil,Sealed,Dry,Fine,Daylight,Nil,No traffic controls,70 km/h,State,20,Head on,201,Opp - Head on,,Head-on,4 wheel drive / SUV,Car (sedan/hatch),3,0,0,1,0,3,March,Autumn,Monday,14:00 - 15:59,Midday / afternoon,False,False,True,True
1347695,Injury,Moderate Injury,2024,2024,March,Friday,20:00 - 21:59,BAKEHOUSE,AVE,20,South,CLYDESDALE FARM,RD,MARSDEN PARK,,No,Not a school zone,2-way undivided,-33.684695,150.817215,Blacktown,Sydney metro. area,Syd-Newc-Woll Gtr conurbation,Straight,,,,On,Sealed,Dry,Fine,Darkness,Nil,No traffic controls,50 km/h,Local,73,Off rd rght => obj,704,Right off cway into obj,,Other angle,Car (sedan/hatch),Car (sedan/hatch),2,0,0,1,0,3,March,Autumn,Friday,20:00 - 21:59,Evening / night,False,False,True,True
1347697,Injury,Serious Injury,2024,2024,January,Monday,08:00 - 09:59,GREAT WESTERN,HWY,0,Right on the spot,BAYONET,ST,BOWENFELS,5.0,No,Not a school zone,X-intersection,-33.490387,150.133834,Lithgow,Country urban,Rest of NSW - Urban,Straight,Foot/cycle path/nature strip,,,Off,Sealed,Wet,Raining,Daylight,On,No traffic controls,70 km/h,State,21,Right through,202,Opp - Right-thru,,Other angle,Car (sedan/hatch),Large rigid,2,0,1,0,0,1,January,Summer,Monday,08:00 - 09:59,AM peak / school commute,True,False,True,True
1347699,Injury,Moderate Injury,2024,2024,February,Saturday,16:00 - 17:59,LACHLAN VALLEY,WAY,2000,North,TANGMANGAROO,RD,KANGIARA,56.0,No,Not a school zone,2-way undivided,-34.619115,148.774526,Yass Valley,Country non-urban,Rest of NSW - Rural,Straight,Ditch/drain/culvert,,,Nil,Sealed,Dry,Fine,Daylight,Nil,No traffic controls,100 km/h,State,73,Off rd rght => obj,704,Right off cway into obj,,Vehicle - Object,Light truck utility(from 2018),,1,0,0,1,1,2,February,Summer,Saturday,16:00 - 17:59,PM peak / evening commute,True,False,True,True
1347702,Injury,Serious Injury,2024,2024,March,Tuesday,06:00 - 07:59,OLD PITT TOWN,RD,0,Right on the spot,NUMBER 196,HN,NELSON,,No,Not a school zone,2-way undivided,-33.652773,150.910612,The Hills,Sydney metro. area,Syd-Newc-Woll Gtr conurbation,Straight,Spd hump/slow pt/chc,Roadwks/Detour/Diverson,,Nil,Sealed,Dry,Fine,Daylight,On,No traffic controls,40 km/h,Local,65,Temp roadworks,606,On path - Hit temp roadwork,,Vehicle - Object,Car (sedan/hatch),,1,0,1,0,0,3,March,Autumn,Tuesday,06:00 - 07:59,AM peak / school commute,True,False,True,True
1347703,Injury,Serious Injury,2024,2024,March,Monday,08:00 - 09:59,RICHMOND,RD,800,North,ELARA,BVD,ANGUS,537.0,No,Not a school zone,2-way undivided,-33.685495,150.821112,Blacktown,Sydney metro. area,Syd-Newc-Woll Gtr conurbation,Straight,,,,Nil,Sealed,Dry,Fine,Daylight,Nil,No traffic controls,80 km/h,State,30,Rear end,301,Same - Rear end,,Rear end,Station wagon,Car (sedan/hatch),3,0,1,1,0,3,March,Autumn,Monday,08:00 - 09:59,AM peak / school commute,True,False,True,True
1347705,Injury,Serious Injury,2024,2024,February,Wednesday,06:00 - 07:59,LACHLAN RIVER,RD,0,Right on the spot,MITOLO FAMILY FARMS,ENT,HILLSTON,,No,Not a school zone,2-way undivided,-33.355067,145.685393,Carrathool,Country non-urban,Rest of NSW - Rural,Straight,Driveway/entrance,,,Nil,Sealed,Dry,Fine,Daylight,Nil,No traffic controls,100 km/h,Local,84,Off right/left bend,706,Left turn,Right,Rollover,Car (sedan/hatch),,1,0,1,1,0,2,February,Summer,Wednesday,06:00 - 07:59,AM peak / school commute,True,False,True,True
1347708,Injury,Serious Injury,2024,2024,March,Wednesday,14:00 - 15:59,GOCUP,RD,0,Right on the spot,DOCTORS HILL,OT,SOUTH GUNDAGAI,279.0,No,Not a school zone,2-way undivided,-35.155515,148.118406,Cootamundra-Gundagai,Country non-urban,Rest of NSW - Rural,Curved,Embankment/cutting,,,Nil,Sealed,Dry,Fine,Daylight,Nil,No traffic controls,100 km/h,State,87,Off lft/lft bnd=>obj,804,Off left bend into obj,Left,Vehicle - Object,Light truck utility(from 2018),,1,0,2,0,0,3,March,Autumn,Wednesday,14:00 - 15:59,Midday / afternoon,False,False,True,True
1347715,Injury,Moderate Injury,2024,2024,February,Friday,10:00 - 11:59,OXLEY,HWY,500,East,HUNTS,RD,GUNNEDAH,11.0,No,Not a school zone,2-way undivided,-30.983439,150.223674,Gunnedah,Country non-urban,Rest of NSW - Rural,Straight,Embankment/cutting,,,Unknown / not stated,Sealed,Unknown,Unknown,Daylight,Nil,No traffic controls,100 km/h,State,71,Off rd left => obj,703,Left off cway into object,,Vehicle - Object,Light truck utility(from 2018),,1,0,0,1,0,2,February,Summer,Friday,10:00 - 11:59,Midday / afternoon,False,False,True,True
1347723,Injury,Moderate Injury,2024,2024,March,Tuesday,08:00 - 09:59,SMITH,ST,0,Right on the spot,NUMBER 4,HN,WOLLONGONG,,Yes,Yes,1-way street,-34.422754,150.90321,Wollongong,Wollongong met. area,Syd-Newc-Woll Gtr conurbation,Straight,,,,Unknown / not stated,Sealed,Dry,Fine,Daylight,Nil,No traffic controls,40 km/h,Local,71,Off rd left => obj,703,Left off cway into object,,Vehicle - Object,Station wagon,,1,0,0,1,0,3,March,Autumn,Tuesday,08:00 - 09:59,AM peak / school commute,True,False,True,True
1347726,Injury,Serious Injury,2024,2024,January,Wednesday,06:00 - 07:59,PRINCES,HWY,0,Right on the spot,CULLENDULLA,DR,BENANDARAH,1.0,No,Not a school zone,T-junction,-35.674944,150.213724,Eurobodalla,Country non-urban,Rest of NSW - Rural,Curved,Ditch/drain/culvert,,,Unknown / not stated,Sealed,Wet,Fine,Daylight,Nil,Give way sign,100 km/h,State,81,Off left/rt bnd=>obj,803,Off right bend into obj,Left,Vehicle - Object,Light truck utility(from 2018),,1,0,1,0,0,1,January,Summer,Wednesday,06:00 - 07:59,AM peak / school commute,True,False,True,True
1347728,Injury,Minor/Other Injury,2024,2024,March,Sunday,14:00 - 15:59,SOUTH DOWLING,ST,10,South,DACEY,AVE,WATERLOO,593.0,No,Not a school zone,X-intersection,-33.900989,151.215105,Sydney,Sydney metro. area,Syd-Newc-Woll Gtr conurbation,Straight,,,,Unknown / not stated,Sealed,Dry,Fine,Daylight,On,No traffic controls,60 km/h,State,30,Rear end,301,Same - Rear end,,Rear end,Large rigid,Car (sedan/hatch),3,0,0,0,2,3,March,Autumn,Sunday,14:00 - 15:59,Midday / afternoon,False,False,True,True
1347729,Injury,Minor/Other Injury,2024,2024,March,Tuesday,16:00 - 17:59,BURDEKIN,RD,10,East,EUCRA,ST,SCHOFIELDS,7157.0,No,Not a school zone,T-junction,-33.712541,150.890316,Blacktown,Sydney metro. area,Syd-Newc-Woll Gtr conurbation,Straight,,,,Unknown / not stated,Sealed,Dry,Fine,Daylight,Nil,No traffic controls,60 km/h,Regional,30,Rear end,301,Same - Rear end,,Rear end,Car (sedan/hatch),4 wheel drive / SUV,3,0,0,0,1,3,March,Autumn,Tuesday,16:00 - 17:59,PM peak / evening commute,True,False,True,True
1347732,Injury,Moderate Injury,2024,2024,March,Wednesday,16:00 - 17:59,DUMARESQ,ST,0,Right on the spot,TAYLOR,ST,ARMIDALE,,No,Not a school zone,X-intersection,-30.513247,151.672192,Armidale Regional,Country urban,Rest of NSW - Urban,Straight,,,,Unknown / not stated,Sealed,Dry,Fine,Daylight,Nil,Give way sign,50 km/h,Local,10,Cross traffic,101,Adj - Cross traffic,,Right angle,Other bus,4 wheel drive / SUV,2,0,0,2,0,3,March,Autumn,Wednesday,16:00 - 17:59,PM peak / evening commute,True,False,True,True
1347733,Injury,Moderate Injury,2024,2024,March,Wednesday,14:00 - 15:59,CARTERS,RD,200,North,PACIFIC,HWY,LAKE MUNMORAH,,Yes,No,Divided road,-33.188487,151.576224,Central Coast,Country urban,Syd-Newc-Woll Gtr conurbation,Straight,,,,Unknown / not stated,Sealed,Dry,Fine,Daylight,Nil,No traffic controls,50 km/h,Local,29,Other opposing,200,Opp - other,,Other angle,Car (sedan/hatch),Light truck utility(from 2018),2,0,0,1,0,3,March,Autumn,Wednesday,14:00 - 15:59,Midday / afternoon,False,False,True,True
1347738,Injury,Moderate Injury,2024,2024,March,Wednesday,16:00 - 17:59,TUKARA,RD,25,East,FRAGAR,RD,SOUTH PENRITH,,No,Not a school zone,2-way undivided,-33.781425,150.70538,Penrith,Sydney metro. area,Syd-Newc-Woll Gtr conurbation,Straight,Steep grade,,,Unknown / not stated,Sealed,Dry,Fine,Daylight,Nil,No traffic controls,50 km/h,Local,73,Off rd rght => obj,704,Right off cway into obj,,Other angle,Motorcycle,Car (sedan/hatch),3,0,0,1,0,3,March,Autumn,Wednesday,16:00 - 17:59,PM peak / evening commute,True,False,True,True
1347740,Injury,Minor/Other Injury,2024,2024,March,Saturday,10:00 - 11:59,NEW SOUTH HEAD,RD,0,Right on the spot,MCLACHLAN,AVE,DARLINGHURST,173.0,No,Not a school zone,T-junction,-33.876879,151.228411,Sydney,Sydney metro. area,Syd-Newc-Woll Gtr conurbation,Straight,,,,Unknown / not stated,Sealed,Dry,Fine,Daylight,On,No traffic controls,60 km/h,State,34,Lane change right,306,Same - Lane change right,,Other angle,Car (sedan/hatch),Car (sedan/hatch),2,0,0,0,1,3,March,Autumn,Saturday,10:00 - 11:59,Midday / afternoon,False,False,True,True
1347742,Injury,Minor/Other Injury,2024,2024,March,Thursday,14:00 - 15:59,RICHMOND,RD,0,Right on the spot,DUNHEVED,RD,PENRITH,154.0,No,Not a school zone,T-junction,-33.742315,150.715759,Penrith,Sydney metro. area,Syd-Newc-Woll Gtr conurbation,Straight,,,,Unknown / not stated,Sealed,Dry,Fine,Daylight,On,No traffic controls,70 km/h,State,36,Right turn sideswipe,308,Same - Rgt turn side swipe,,Other angle,4 wheel drive / SUV,Car (sedan/hatch),2,0,0,0,1,3,March,Autumn,Thursday,14:00 - 15:59,Midday / afternoon,False,False,True,True
1347747,Injury,Moderate Injury,2024,2024,April,Monday,10:00 - 11:59,BYLONG VALLEY,WAY,500,North,UPPER BYLONG,RD,BYLONG,215.0,No,Not a school zone,2-way undivided,-32.40929,150.119162,Mid-Western Regional,Country non-urban,Rest of NSW - Rural,Straight,,,,Unknown / not stated,Sealed,Dry,Fine,Daylight,Nil,No traffic controls,100 km/h,Regional,74,On road-out of cont.,705,Out of control on cway,,Rollover,Tractor,,1,0,0,1,0,4,April,Autumn,Monday,10:00 - 11:59,Midday / afternoon,False,False,True,True
1347749,Injury,Minor/Other Injury,2024,2024,March,Tuesday,12:00 - 13:59,PETER BROCK,DR,30,West,SETON,ST,ORAN PARK,,No,Not a school zone,Divided road,-34.001216,150.741098,Camden,Sydney metro. area,Syd-Newc-Woll Gtr conurbation,Straight,,,,Unknown / not stated,Sealed,Dry,Fine,Daylight,Nil,No traffic controls,60 km/h,Local,34,Lane change right,306,Same - Lane change right,,Other angle,4 wheel drive / SUV,Light truck utility(from 2018),2,0,0,0,1,3,March,Autumn,Tuesday,12:00 - 13:59,Midday / afternoon,False,False,True,True
1347762,Injury,Moderate Injury,2024,2024,February,Thursday,12:00 - 13:59,MCFARLANE,ST,0,Right on the spot,PITT,ST,MERRYLANDS,,No,Not a school zone,T-junction,-33.835811,150.991592,Cumberland,Sydney metro. area,Syd-Newc-Woll Gtr conurbation,Straight,,,,Off,Sealed,Dry,Fine,Daylight,Nil,Give way sign,40 km/h,Local,16,Left near,107,Adj - Left-thru from right,,Right angle,4 wheel drive / SUV,4 wheel drive / SUV,2,0,0,1,0,2,February,Summer,Thursday,12:00 - 13:59,Midday / afternoon,False,False,True,True
1347764,Injury,Minor/Other Injury,2024,2024,March,Monday,18:00 - 19:59,THE HORSLEY,DR,0,Right on the spot,WETHERILL STREET,TO,WETHERILL PARK,2105.0,No,Not a school zone,Divided road,-33.851132,150.917696,Fairfield,Sydney metro. area,Syd-Newc-Woll Gtr conurbation,Curved,,,,Unknown / not stated,Sealed,Dry,Fine,Unknown,On,Ped crossing,60 km/h,Regional,30,Rear end,301,Same - Rear end,,Rear end,Car (sedan/hatch),Car (sedan/hatch),2,0,0,0,1,3,March,Autumn,Monday,18:00 - 19:59,PM peak / evening commute,True,False,True,True
1347765,Injury,Minor/Other Injury,2024,2024,April,Tuesday,14:00 - 15:59,BARRENJOEY,RD,750,North,THE SERPENTINE,MS,BILGOLA BEACH,164.0,No,Not a school zone,Divided road,-33.642918,151.323037,Northern Beaches,Sydney metro. area,Syd-Newc-Woll Gtr conurbation,Curved,Steep grade,,,Unknown / not stated,Sealed,Wet,Raining,Daylight,Nil,No traffic controls,60 km/h,State,20,Head on,201,Opp - Head on,,Head-on,Car (sedan/hatch),4 wheel drive / SUV,2,0,0,0,1,4,April,Autumn,Tuesday,14:00 - 15:59,Midday / afternoon,False,False,True,True
1347767,Injury,Minor/Other Injury,2024,2024,April,Monday,14:00 - 15:59,BEECROFT,RD,0,Right on the spot,BEECROFT ROAD,TO,PENNANT HILLS,139.0,No,Not a school zone,Divided road,-33.741346,151.062129,Hornsby,Sydney metro. area,Syd-Newc-Woll Gtr conurbation,Straight,,,,Unknown / not stated,Sealed,Dry,Fine,Daylight,Nil,Give way sign,60 km/h,State,35,Lane change left,307,Same - Lane change left,,Other angle,Car (sedan/hatch),Car (sedan/hatch),2,0,0,0,1,4,April,Autumn,Monday,14:00 - 15:59,Midday / afternoon,False,False,True,True
1347768,Injury,Minor/Other Injury,2024,2024,February,Saturday,14:00 - 15:59,OULTON,AVE,10,North,HOMEBUSH BAY DRIVE,OP,LIBERTY GROVE,200.0,No,Not a school zone,2-way undivided,-33.837069,151.084148,Canada Bay,Sydney metro. area,Syd-Newc-Woll Gtr conurbation,Straight,Underpass/tunnel,,,Unknown / not stated,Sealed,Dry,Fine,Daylight,Nil,No traffic controls,50 km/h,State,35,Lane change left,307,Same - Lane change left,,Other angle,4 wheel drive / SUV,Light truck utility(from 2018),2,0,0,0,1,2,February,Summer,Saturday,14:00 - 15:59,Midday / afternoon,False,False,True,True
1347769,Injury,Moderate Injury,2024,2024,March,Saturday,18:00 - 19:59,RABAUL,AVE,5,North,AITAPE,CRES,WHALAN,,No,Not a school zone,T-junction,-33.756332,150.805275,Blacktown,Sydney metro. area,Syd-Newc-Woll Gtr conurbation,Straight,,,,Unknown / not stated,Sealed,Dry,Fine,Darkness,Nil,No traffic controls,50 km/h,Local,81,Off left/rt bnd=>obj,707,Right turn,Left,Other angle,Car (sedan/hatch),Light truck utility(from 2018),3,0,0,1,0,3,March,Autumn,Saturday,18:00 - 19:59,PM peak / evening commute,True,False,True,True
1347770,Injury,Moderate Injury,2024,2024,March,Friday,08:00 - 09:59,WRIGHTS,RD,66,West,GREEN,RD,KELLYVILLE,,No,Not a school zone,2-way undivided,-33.71399,150.973941,The Hills,Sydney metro. area,Syd-Newc-Woll Gtr conurbation,Straight,Pedestrian refuge,,,Unknown / not stated,Sealed,Dry,Fine,Daylight,Nil,No traffic controls,50 km/h,Local,49,Other manoeuvring,400,Manov - other,,Other angle,Pedal cycle,4 wheel drive / SUV,2,0,0,1,0,3,March,Autumn,Friday,08:00 - 09:59,AM peak / school commute,True,False,True,True
1347773,Injury,Minor/Other Injury,2024,2024,March,Wednesday,18:00 - 19:59,M7 WESTLINK,EXP,20,North,POWER STREET,OP,PLUMPTON,6009.0,No,Not a school zone,Dual freeway,-33.751926,150.846019,Blacktown,Sydney metro. area,Syd-Newc-Woll Gtr conurbation,Curved,,,,Unknown / not stated,Sealed,Dry,Fine,Darkness,Nil,No traffic controls,100 km/h,State,30,Rear end,301,Same - Rear end,,Rear end,Car (sedan/hatch),Light truck utility(from 2018),3,0,0,0,1,3,March,Autumn,Wednesday,18:00 - 19:59,PM peak / evening commute,True,False,True,True
1347777,Injury,Serious Injury,2024,2024,March,Thursday,10:00 - 11:59,NORWEST,BVD,0,Right on the spot,BROOKHOLLOW,AVE,NORWEST,690.0,No,Not a school zone,Roundabout,-33.732443,150.970256,The Hills,Sydney metro. area,Syd-Newc-Woll Gtr conurbation,Straight,,,,Unknown / not stated,Sealed,Wet,Raining,Daylight,Nil,Give way sign,70 km/h,State,37,Left turn sideswipe,309,Same - Left turn side swipe,,Other angle,Car (sedan/hatch),Pedal cycle,2,0,1,0,0,3,March,Autumn,Thursday,10:00 - 11:59,Midday / afternoon,False,False,True,True
1347778,Injury,Minor/Other Injury,2024,2024,March,Thursday,14:00 - 15:59,CLYDE,RD,0,Right on the spot,HOWARD,AVE,DEE WHY,,No,Not a school zone,X-intersection,-33.753562,151.294363,Northern Beaches,Sydney metro. area,Syd-Newc-Woll Gtr conurbation,Straight,,,,Unknown / not stated,Sealed,Dry,Fine,Daylight,Nil,Stop sign,40 km/h,Local,10,Cross traffic,101,Adj - Cross traffic,,Right angle,Car (sedan/hatch),4 wheel drive / SUV,2,0,0,0,1,3,March,Autumn,Thursday,14:00 - 15:59,Midday / afternoon,False,False,True,True
1347782,Injury,Minor/Other Injury,2024,2024,March,Saturday,14:00 - 15:59,LIMESTONE,DR,145,North,EDWIN LAND,PKWY,JERRABOMBERRA,,No,Not a school zone,Divided road,-35.380443,149.199928,Queanbeyan-Palerang Regional,Country urban,Rest of NSW - Urban,Curved,Driveway/entrance,,,Unknown / not stated,Sealed,Dry,Fine,Daylight,Nil,No traffic controls,50 km/h,Local,21,Right through,202,Opp - Right-thru,,Other angle,4 wheel drive / SUV,Car (sedan/hatch),2,0,0,0,1,3,March,Autumn,Saturday,14:00 - 15:59,Midday / afternoon,False,False,True,True
1347783,Injury,Serious Injury,2024,2024,March,Tuesday,10:00 - 11:59,BUSBYS FLAT,RD,200,East,NORTH BELMORE,RD,BUSBYS FLAT,,No,Not a school zone,2-way undivided,-29.037871,152.797154,Richmond Valley,Country non-urban,Rest of NSW - Rural,Curved,,,,Unknown / not stated,Unsealed,Wet,Overcast,Daylight,Nil,No traffic controls,100 km/h,Local,88,Out of cont on bend,805,Out of control on bend,,Rollover,Motorcycle,,1,0,1,0,0,3,March,Autumn,Tuesday,10:00 - 11:59,Midday / afternoon,False,False,True,True
1347785,Injury,Minor/Other Injury,2024,2024,March,Tuesday,12:00 - 13:59,BUNNERONG,RD,0,Right on the spot,GARDENERS,RD,DACEYVILLE,171.0,No,Not a school zone,T-junction,-33.925094,151.227935,Bayside,Sydney metro. area,Syd-Newc-Woll Gtr conurbation,Curved,,,,Unknown / not stated,Sealed,Dry,Fine,Daylight,On,No traffic controls,60 km/h,State,39,Other same direction,300,Same - other,,Other angle,Car (sedan/hatch),Car (sedan/hatch),2,0,0,0,1,3,March,Autumn,Tuesday,12:00 - 13:59,Midday / afternoon,False,False,True,True
1347787,Injury,Serious Injury,2024,2024,March,Tuesday,10:00 - 11:59,RICKARD,RD,0,Right on the spot,KITCHENER,PDE,BANKSTOWN,7122.0,No,Not a school zone,T-junction,-33.914354,151.033145,Canterbury-Bankstown,Sydney metro. area,Syd-Newc-Woll Gtr conurbation,Straight,,,,Unknown / not stated,Sealed,Dry,Unknown,Daylight,On,No traffic controls,60 km/h,Regional,39,Other same direction,300,Same - other,,Other angle,Car (sedan/hatch),Car (sedan/hatch),3,0,1,0,1,3,March,Autumn,Tuesday,10:00 - 11:59,Midday / afternoon,False,False,True,True
1347788,Injury,Minor/Other Injury,2024,2024,April,Wednesday,08:00 - 09:59,MT OUSLEY,RD,100,West,MT OUSLEY ROAD,TO,KEIRAVILLE,95.0,No,Not a school zone,Divided road,-34.401312,150.878022,Wollongong,Wollongong met. area,Syd-Newc-Woll Gtr conurbation,Curved,,,,Unknown / not stated,Sealed,Dry,Fine,Daylight,Nil,No traffic controls,80 km/h,State,30,Rear end,301,Same - Rear end,,Rear end,4 wheel drive / SUV,Car (sedan/hatch),3,0,0,0,1,4,April,Autumn,Wednesday,08:00 - 09:59,AM peak / school commute,True,False,True,True