crash_id,degree_of_crash,degree_of_crash_-_detailed,reporting_year,year_of_crash,month_of_crash,day_of_week_of_crash,two-hour_intervals,street_of_crash,street_type,distance,direction,identifying_feature,identifying_feature_type,town,route_no.,school_zone_location,school_zone_active,type_of_location,latitude,longitude,lga,urbanisation,conurbation_1,alignment,primary_permanent_feature,primary_temporary_feature,primary_hazardous_feature,street_lighting,road_surface,surface_condition,weather,natural_lighting,signals_operation,other_traffic_control,speed_limit,road_classification_(admin),rum_-_code,rum_-_description,dca_-_code,dca_-_description,dca_supplement,first_impact_type,key_tu_type,other_tu_type,no._of_traffic_units_involved,no._killed,no._seriously_injured,no._moderately_injured,no._minor-other_injured,month_num,month_label,season,day_label,time_label,time_band,is_peak_commute,is_fatal,is_injury,is_casualty
1347790,Injury,Moderate Injury,2024,2024,March,Sunday,18:00 - 19:59,LAKE HAVEN,DR,6,South,GOROKAN,DR,LAKE HAVEN,,No,Not a school zone,T-junction,-33.246756,151.49776,Central Coast,Country urban,Syd-Newc-Woll Gtr conurbation,Straight,,,,Unknown / not stated,Sealed,Dry,Fine,Daylight,Nil,Give way sign,50 km/h,Local,71,Off rd left => obj,703,Left off cway into object,,Vehicle - Object,Car (sedan/hatch),,1,0,0,1,0,3,March,Autumn,Sunday,18:00 - 19:59,PM peak / evening commute,True,False,True,True
1347793,Injury,Serious Injury,2024,2024,February,Tuesday,12:00 - 13:59,MILPERRA,RD,0,Right on the spot,ASHFORD,AVE,MILPERRA,167.0,No,Not a school zone,T-junction,-33.929893,150.99079,Canterbury-Bankstown,Sydney metro. area,Syd-Newc-Woll Gtr conurbation,Straight,,,,Off,Sealed,Wet,Raining,Daylight,On,No traffic controls,70 km/h,State,21,Right through,202,Opp - Right-thru,,Other angle,Light truck,Car (sedan/hatch),3,0,1,0,0,2,February,Summer,Tuesday,12:00 - 13:59,Midday / afternoon,False,False,True,True
1347794,Injury,Moderate Injury,2024,2024,March,Sunday,06:00 - 07:59,GOOLMA,RD,500,North,TWELVE MILE,RD,WUULUMAN,633.0,No,Not a school zone,2-way undivided,-32.519744,148.970144,Dubbo Regional,Country non-urban,Rest of NSW - Rural,Straight,,,,Unknown / not stated,Sealed,Dry,Fine,Daylight,Nil,No traffic controls,100 km/h,State,67,Struck animal,609,On path - Hit animal,,Vehicle - Animal,Car (sedan/hatch),,1,0,0,1,0,3,March,Autumn,Sunday,06:00 - 07:59,AM peak / school commute,True,False,True,True
1347801,Injury,Minor/Other Injury,2024,2024,March,Tuesday,14:00 - 15:59,BOURKE,ST,0,Right on the spot,NEVILLE,ST,SMITHFIELD,,No,Not a school zone,Roundabout,-33.853821,150.928214,Fairfield,Sydney metro. area,Syd-Newc-Woll Gtr conurbation,Straight,,,,Unknown / not stated,Sealed,Dry,Fine,Daylight,Nil,Give way sign,50 km/h,Local,16,Left near,107,Adj - Left-thru from right,,Right angle,4 wheel drive / SUV,Car (sedan/hatch),2,0,0,0,1,3,March,Autumn,Tuesday,14:00 - 15:59,Midday / afternoon,False,False,True,True
1347803,Injury,Minor/Other Injury,2024,2024,March,Thursday,10:00 - 11:59,NEW ENGLAND,HWY,0,Right on the spot,NUMBER 390,HN,HEXHAM,9.0,No,Not a school zone,Divided road,-32.820225,151.68183,Newcastle,Newcastle met. area,Syd-Newc-Woll Gtr conurbation,Straight,,,,Unknown / not stated,Sealed,Dry,Fine,Daylight,Nil,No traffic controls,80 km/h,State,30,Rear end,301,Same - Rear end,,Rear end,4 wheel drive / SUV,Light truck utility(from 2018),2,0,0,0,1,3,March,Autumn,Thursday,10:00 - 11:59,Midday / afternoon,False,False,True,True
1347804,Injury,Serious Injury,2024,2024,March,Monday,10:00 - 11:59,BOX,RD,20,West,BELLINGARA,RD,MIRANDA,,No,Not a school zone,2-way undivided,-34.021893,151.104279,Sutherland,Sydney metro. area,Syd-Newc-Woll Gtr conurbation,Straight,,,,Unknown / not stated,Sealed,Dry,Fine,Daylight,Nil,No traffic controls,50 km/h,Local,30,Rear end,301,Same - Rear end,,Rear end,4 wheel drive / SUV,Light truck utility(from 2018),2,0,1,0,0,3,March,Autumn,Monday,10:00 - 11:59,Midday / afternoon,False,False,True,True
1347807,Injury,Minor/Other Injury,2024,2024,March,Saturday,08:00 - 09:59,MERRENBURN,AVE,0,Right on the spot,NUMBER 32,HN,NAREMBURN,,No,Not a school zone,2-way undivided,-33.818857,151.202218,Willoughby,Sydney metro. area,Syd-Newc-Woll Gtr conurbation,Straight,,,,Unknown / not stated,Sealed,Wet,Fine,Daylight,Nil,No traffic controls,50 km/h,Local,45,Reversing,404,Manov - Reverse in traffic,,Other angle,Car (sedan/hatch),Car (sedan/hatch),2,0,0,0,2,3,March,Autumn,Saturday,08:00 - 09:59,AM peak / school commute,True,False,True,True
1347808,Injury,Moderate Injury,2024,2024,March,Thursday,06:00 - 07:59,CUMBERLAND,HWY,0,Right on the spot,DARCY,RD,WENTWORTHVILLE,13.0,No,Not a school zone,X-intersection,-33.80287,150.971204,Parramatta,Sydney metro. area,Syd-Newc-Woll Gtr conurbation,Straight,,,,Unknown / not stated,Sealed,Dry,Fine,Daylight,On,No traffic controls,70 km/h,State,30,Rear end,301,Same - Rear end,,Rear end,Light truck utility(from 2018),4 wheel drive / SUV,2,0,0,1,0,3,March,Autumn,Thursday,06:00 - 07:59,AM peak / school commute,True,False,True,True
1347810,Injury,Minor/Other Injury,2024,2024,March,Thursday,18:00 - 19:59,BRADFIELD,HWY,100,North,ARGYLE STREET,OP,DAWES POINT,632.0,No,Not a school zone,2-way undivided,-33.857989,151.207062,Sydney,Sydney metro. area,Syd-Newc-Woll Gtr conurbation,Straight,Other bridge,,,Unknown / not stated,Sealed,Dry,Fine,Daylight,Nil,No traffic controls,70 km/h,State,71,Off rd left => obj,703,Left off cway into object,,Vehicle - Object,Passenger van,,1,0,0,0,1,3,March,Autumn,Thursday,18:00 - 19:59,PM peak / evening commute,True,False,True,True
1347817,Injury,Minor/Other Injury,2024,2024,March,Wednesday,06:00 - 07:59,CUTHILL,ST,100,West,PEROUSE,RD,RANDWICK,631.0,No,Not a school zone,1-way street,-33.918161,151.241098,Randwick,Sydney metro. area,Syd-Newc-Woll Gtr conurbation,Straight,,,,Unknown / not stated,Sealed,Dry,Fine,Daylight,Nil,No traffic controls,50 km/h,Regional,34,Lane change right,306,Same - Lane change right,,Other angle,Large rigid,Car (sedan/hatch),2,0,0,0,1,3,March,Autumn,Wednesday,06:00 - 07:59,AM peak / school commute,True,False,True,True
1347819,Injury,Minor/Other Injury,2024,2024,February,Sunday,16:00 - 17:59,THE BOULEVARDE,MS,0,Right on the spot,NUMBER 210,HN,MIRANDA,2075.0,No,Not a school zone,2-way undivided,-34.030196,151.107583,Sutherland,Sydney metro. area,Syd-Newc-Woll Gtr conurbation,Straight,Painted double centre lines,,,Unknown / not stated,Sealed,Dry,Fine,Daylight,Nil,No traffic controls,60 km/h,Regional,20,Head on,201,Opp - Head on,,Head-on,Light truck utility(from 2018),4 wheel drive / SUV,2,0,0,0,1,2,February,Summer,Sunday,16:00 - 17:59,PM peak / evening commute,True,False,True,True
1347824,Injury,Serious Injury,2024,2024,April,Thursday,16:00 - 17:59,MAIN,RD,20,West,HARRISONS,LANE,CARDIFF HEIGHTS,223.0,No,Not a school zone,2-way undivided,-32.935952,151.673439,Lake Macquarie,Newcastle met. area,Syd-Newc-Woll Gtr conurbation,Straight,Driveway/entrance,,,Unknown / not stated,Sealed,Wet,Raining,Daylight,Nil,No traffic controls,60 km/h,Regional,32,Right rear,303,Same - Rear right,,Rear end,4 wheel drive / SUV,Car (sedan/hatch),3,0,1,0,0,4,April,Autumn,Thursday,16:00 - 17:59,PM peak / evening commute,True,False,True,True
1347827,Injury,Minor/Other Injury,2024,2024,March,Friday,06:00 - 07:59,GREGORY HILLS,DR,0,Right on the spot,THE HERMITAGE,WAY,GREGORY HILLS,,No,Not a school zone,X-intersection,-34.024504,150.770739,Camden,Sydney metro. area,Syd-Newc-Woll Gtr conurbation,Straight,,,,On,Sealed,Dry,Fine,Daylight,On,No traffic controls,60 km/h,Local,10,Cross traffic,101,Adj - Cross traffic,,Right angle,Light truck utility(from 2018),Car (sedan/hatch),2,0,0,0,1,3,March,Autumn,Friday,06:00 - 07:59,AM peak / school commute,True,False,True,True
1347828,Injury,Moderate Injury,2024,2024,March,Monday,12:00 - 13:59,SOUTHERN,EXP,250,South,GIPPS ROAD,OP,GWYNNEVILLE,6006.0,No,Not a school zone,Dual freeway,-34.417121,150.877966,Wollongong,Wollongong met. area,Syd-Newc-Woll Gtr conurbation,Curved,,,,Unknown / not stated,Sealed,Dry,Fine,Daylight,Nil,No traffic controls,90 km/h,State,88,Out of cont on bend,805,Out of control on bend,,Rollover,Motorcycle,,1,0,0,1,0,3,March,Autumn,Monday,12:00 - 13:59,Midday / afternoon,False,False,True,True
1347829,Injury,Moderate Injury,2024,2024,March,Thursday,22:00 - Midnight,CITY WEST LINK,RD,0,Right on the spot,TIMBRELL,DR,HABERFIELD,650.0,No,Not a school zone,X-intersection,-33.870763,151.141854,Inner West,Sydney metro. area,Syd-Newc-Woll Gtr conurbation,Straight,Other bridge,,,Unknown / not stated,Sealed,Dry,Fine,Darkness,On,No traffic controls,60 km/h,State,49,Other manoeuvring,400,Manov - other,,Other angle,4 wheel drive / SUV,Car (sedan/hatch),2,0,0,1,0,3,March,Autumn,Thursday,22:00 - Midnight,Evening / night,False,False,True,True
1347834,Injury,Minor/Other Injury,2024,2024,March,Thursday,06:00 - 07:59,PITTWATER,RD,0,Right on the spot,WETHERILL,ST,COLLAROY,164.0,No,Not a school zone,X-intersection,-33.72481,151.29897,Northern Beaches,Sydney metro. area,Syd-Newc-Woll Gtr conurbation,Straight,,,,Unknown / not stated,Sealed,Dry,Fine,Daylight,Nil,No traffic controls,60 km/h,State,40,U turn,207,Opp - U-turn,,Other angle,Car (sedan/hatch),Unknown motor vehicle,2,0,0,0,1,3,March,Autumn,Thursday,06:00 - 07:59,AM peak / school commute,True,False,True,True
1347837,Injury,Moderate Injury,2024,2024,March,Monday,10:00 - 11:59,DERBY,ST,0,Right on the spot,SOMERSET,ST,KINGSWOOD,,No,Not a school zone,Roundabout,-33.761606,150.715149,Penrith,Sydney metro. area,Syd-Newc-Woll Gtr conurbation,Straight,,,,Unknown / not stated,Sealed,Dry,Fine,Daylight,Nil,Give way sign,50 km/h,Local,21,Right through,202,Opp - Right-thru,,Other angle,Motorcycle,4 wheel drive / SUV,2,0,0,1,0,3,March,Autumn,Monday,10:00 - 11:59,Midday / afternoon,False,False,True,True
1347838,Injury,Minor/Other Injury,2024,2024,March,Thursday,08:00 - 09:59,MEREDITH,ST,0,Right on the spot,NUMBER 24-26,HN,BANKSTOWN,7122.0,No,Not a school zone,2-way undivided,-33.915885,151.031539,Canterbury-Bankstown,Sydney metro. area,Syd-Newc-Woll Gtr conurbation,Straight,,,,Unknown / not stated,Sealed,Wet,Raining,Daylight,Nil,No traffic controls,60 km/h,Regional,33,Lane sideswipe,305,Same - Lane side swipe,,Other angle,4 wheel drive / SUV,4 wheel drive / SUV,2,0,0,0,1,3,March,Autumn,Thursday,08:00 - 09:59,AM peak / school commute,True,False,True,True
1347843,Injury,Moderate Injury,2024,2024,March,Saturday,14:00 - 15:59,PRINCES,HWY,10,West,OLD BUSH,RD,ENGADINE,1.0,No,Not a school zone,T-junction,-34.059349,151.028152,Sutherland,Sydney metro. area,Syd-Newc-Woll Gtr conurbation,Straight,Steep grade,,,Unknown / not stated,Sealed,Dry,Fine,Daylight,Unknown / not stated,No traffic controls,70 km/h,State,30,Rear end,301,Same - Rear end,,Rear end,Car (sedan/hatch),Car (sedan/hatch),2,0,0,1,0,3,March,Autumn,Saturday,14:00 - 15:59,Midday / afternoon,False,False,True,True
1347845,Injury,Moderate Injury,2024,2024,April,Monday,16:00 - 17:59,BERESFORD,RD,0,Right on the spot,HOMEBUSH,RD,STRATHFIELD,2057.0,No,Not a school zone,X-intersection,-33.870632,151.087409,Strathfield,Sydney metro. area,Syd-Newc-Woll Gtr conurbation,Straight,,,,Unknown / not stated,Sealed,Dry,Fine,Daylight,On,No traffic controls,50 km/h,Regional,39,Other same direction,300,Same - other,,Other angle,Motorcycle,Car (sedan/hatch),2,0,0,1,0,4,April,Autumn,Monday,16:00 - 17:59,PM peak / evening commute,True,False,True,True
1347847,Injury,Serious Injury,2024,2024,April,Thursday,10:00 - 11:59,WANGI,RD,500,West,SUMMERHILL,DR,WANGI WANGI,217.0,No,Not a school zone,2-way undivided,-33.060253,151.555415,Lake Macquarie,Newcastle met. area,Syd-Newc-Woll Gtr conurbation,Straight,Embankment/cutting,,,Unknown / not stated,Sealed,Wet,Raining,Daylight,Nil,No traffic controls,90 km/h,State,71,Off rd left => obj,703,Left off cway into object,,Vehicle - Object,4 wheel drive / SUV,,1,0,1,0,0,4,April,Autumn,Thursday,10:00 - 11:59,Midday / afternoon,False,False,True,True
1347849,Injury,Minor/Other Injury,2024,2024,March,Friday,16:00 - 17:59,VICTORIA,ST,0,Right on the spot,HASSALL,ST,SMITHFIELD,609.0,No,Not a school zone,X-intersection,-33.848867,150.922629,Fairfield,Sydney metro. area,Syd-Newc-Woll Gtr conurbation,Straight,,,,Unknown / not stated,Sealed,Dry,Fine,Daylight,On,No traffic controls,60 km/h,State,30,Rear end,301,Same - Rear end,,Rear end,Car (sedan/hatch),Car (sedan/hatch),2,0,0,0,1,3,March,Autumn,Friday,16:00 - 17:59,PM peak / evening commute,True,False,True,True
1347850,Injury,Serious Injury,2024,2024,March,Wednesday,10:00 - 11:59,MAROUBRA,RD,0,Right on the spot,COOPER,ST,MAROUBRA,7044.0,No,Not a school zone,X-intersection,-33.942314,151.244349,Randwick,Sydney metro. area,Syd-Newc-Woll Gtr conurbation,Straight,,,,Off,Sealed,Dry,Fine,Daylight,Nil,Give way sign,50 km/h,Regional,21,Right through,202,Opp - Right-thru,,Other angle,4 wheel drive / SUV,Car (sedan/hatch),2,0,1,0,0,3,March,Autumn,Wednesday,10:00 - 11:59,Midday / afternoon,False,False,True,True
1347851,Injury,Minor/Other Injury,2024,2024,March,Thursday,06:00 - 07:59,GREAT WESTERN,HWY,0,Right on the spot,WESTERN,EXP,EMU PLAINS,5.0,No,Not a school zone,Roundabout,-33.758367,150.652226,Penrith,Sydney metro. area,Syd-Newc-Woll Gtr conurbation,Curved,Other bridge,,,Unknown / not stated,Sealed,Dry,Fine,Daylight,Nil,Give way sign,60 km/h,State,30,Rear end,301,Same - Rear end,,Rear end,Station wagon,Car (sedan/hatch),2,0,0,0,1,3,March,Autumn,Thursday,06:00 - 07:59,AM peak / school commute,True,False,True,True
1347852,Injury,Minor/Other Injury,2024,2024,January,Sunday,10:00 - 11:59,CRAIGEND,ST,0,Right on the spot,VICTORIA,ST,DARLINGHURST,,No,Not a school zone,X-intersection,-33.875862,151.22199,Sydney,Sydney metro. area,Syd-Newc-Woll Gtr conurbation,Straight,,,,Nil,Sealed,Dry,Fine,Daylight,On,Ped crossing,50 km/h,Local,0,Ped nearside,1,Ped - Near side,,Vehicle - Pedestrian,Unknown motor vehicle,Pedestrian,2,0,0,0,1,1,January,Summer,Sunday,10:00 - 11:59,Midday / afternoon,False,False,True,True
1347854,Injury,Minor/Other Injury,2024,2024,February,Tuesday,20:00 - 21:59,CLARENCE TOWN,RD,550,South,HART,ST,CLARENCE TOWN,301.0,No,Not a school zone,2-way undivided,-32.581233,151.776367,Dungog,Country urban,Rest of NSW - Urban,Curved,,,,Unknown / not stated,Sealed,Dry,Fine,Dusk,Nil,No traffic controls,50 km/h,Regional,81,Off left/rt bnd=>obj,803,Off right bend into obj,Left,Vehicle - Object,Light truck utility(from 2018),,1,0,0,0,1,2,February,Summer,Tuesday,20:00 - 21:59,Evening / night,False,False,True,True
1347857,Injury,Minor/Other Injury,2024,2024,March,Friday,16:00 - 17:59,SOUTH,ST,0,Right on the spot,CARNARVON,RD,SCHOFIELDS,687.0,No,Not a school zone,X-intersection,-33.703828,150.858365,Blacktown,Sydney metro. area,Syd-Newc-Woll Gtr conurbation,Straight,,,,Unknown / not stated,Sealed,Dry,Fine,Daylight,On,No traffic controls,70 km/h,State,49,Other manoeuvring,400,Manov - other,,Other angle,4 wheel drive / SUV,4 wheel drive / SUV,2,0,0,0,1,3,March,Autumn,Friday,16:00 - 17:59,PM peak / evening commute,True,False,True,True
1347858,Injury,Minor/Other Injury,2024,2024,March,Friday,18:00 - 19:59,GREAT WESTERN,HWY,0,Right on the spot,BRANSGROVE,ST,WENTWORTHVILLE,5.0,No,Not a school zone,T-junction,-33.816352,150.973505,Cumberland,Sydney metro. area,Syd-Newc-Woll Gtr conurbation,Straight,,,,Unknown / not stated,Sealed,Dry,Fine,Darkness,Nil,No entry/wrong way,80 km/h,State,30,Rear end,301,Same - Rear end,,Rear end,Car (sedan/hatch),Car (sedan/hatch),3,0,0,0,1,3,March,Autumn,Friday,18:00 - 19:59,PM peak / evening commute,True,False,True,True
1347861,Injury,Minor/Other Injury,2024,2024,March,Thursday,10:00 - 11:59,PITTWATER,RD,0,Right on the spot,FISHER,RD,DEE WHY,164.0,No,Not a school zone,T-junction,-33.753958,151.284934,Northern Beaches,Sydney metro. area,Syd-Newc-Woll Gtr conurbation,Straight,,,,Unknown / not stated,Sealed,Dry,Fine,Daylight,On,No traffic controls,60 km/h,State,36,Right turn sideswipe,308,Same - Rgt turn side swipe,,Other angle,Car (sedan/hatch),Car (sedan/hatch),2,0,0,0,1,3,March,Autumn,Thursday,10:00 - 11:59,Midday / afternoon,False,False,True,True
1347862,Injury,Serious Injury,2024,2024,March,Friday,08:00 - 09:59,WINDSOR,RD,0,Right on the spot,FAIRWAY,DR,KELLYVILLE,184.0,No,Not a school zone,T-junction,-33.719593,150.96364,The Hills,Sydney metro. area,Syd-Newc-Woll Gtr conurbation,Straight,,,,Unknown / not stated,Sealed,Dry,Overcast,Daylight,Nil,Stop sign,60 km/h,State,13,Right near,104,Adj - Right-thru from right,,Right angle,4 wheel drive / SUV,Car (sedan/hatch),2,0,1,0,0,3,March,Autumn,Friday,08:00 - 09:59,AM peak / school commute,True,False,True,True
1347865,Injury,Minor/Other Injury,2024,2024,March,Friday,16:00 - 17:59,GADIGAL,AVE,0,Right on the spot,HUTCHINSON,WALK,ZETLAND,,No,Not a school zone,T-junction,-33.906701,151.210664,Sydney,Sydney metro. area,Syd-Newc-Woll Gtr conurbation,Curved,,,,Unknown / not stated,Sealed,Dry,Fine,Daylight,Nil,Ped crossing,40 km/h,Local,30,Rear end,301,Same - Rear end,,Rear end,4 wheel drive / SUV,Motorcycle,2,0,0,0,1,3,March,Autumn,Friday,16:00 - 17:59,PM peak / evening commute,True,False,True,True
1347869,Injury,Moderate Injury,2024,2024,April,Monday,10:00 - 11:59,CASTLEREAGH,HWY,0,Right on the spot,NUMBER 5066,HN,ROUND SWAMP,18.0,No,Not a school zone,2-way undivided,-33.092185,149.947444,Lithgow,Country non-urban,Rest of NSW - Rural,Curved,,,,Unknown / not stated,Sealed,Dry,Fine,Daylight,Nil,No traffic controls,100 km/h,State,30,Rear end,301,Same - Rear end,,Rear end,Light truck utility(from 2018),Car (sedan/hatch),3,0,0,2,0,4,April,Autumn,Monday,10:00 - 11:59,Midday / afternoon,False,False,True,True
1347876,Injury,Moderate Injury,2024,2024,February,Tuesday,20:00 - 21:59,HEATHCOTE,RD,0,Right on the spot,BARDIA,PDE,HAMMONDVILLE,512.0,No,Not a school zone,X-intersection,-33.949292,150.950069,Liverpool,Sydney metro. area,Syd-Newc-Woll Gtr conurbation,Straight,,,,Unknown / not stated,Sealed,Dry,Fine,Darkness,On,No traffic controls,60 km/h,State,21,Right through,202,Opp - Right-thru,,Other angle,Car (sedan/hatch),Light truck utility(from 2018),3,0,0,1,0,2,February,Summer,Tuesday,20:00 - 21:59,Evening / night,False,False,True,True
1347877,Injury,Moderate Injury,2024,2024,March,Thursday,12:00 - 13:59,BEACONSFIELD,RD,0,Right on the spot,SHARLAND,AVE,CHATSWOOD,,No,Not a school zone,T-junction,-33.805926,151.172946,Willoughby,Sydney metro. area,Syd-Newc-Woll Gtr conurbation,Straight,,,,Unknown / not stated,Sealed,Dry,Fine,Daylight,Nil,No traffic controls,50 km/h,Local,39,Other same direction,300,Same - other,,Other angle,Large rigid,Car (sedan/hatch),2,0,0,1,0,3,March,Autumn,Thursday,12:00 - 13:59,Midday / afternoon,False,False,True,True
1347881,Injury,Moderate Injury,2024,2024,March,Tuesday,16:00 - 17:59,BRIDGE,RD,0,Right on the spot,ROSS,ST,FOREST LODGE,523.0,Yes,No,X-intersection,-33.882275,151.182334,Sydney,Sydney metro. area,Syd-Newc-Woll Gtr conurbation,Straight,,,,Unknown / not stated,Sealed,Dry,Fine,Daylight,On,No traffic controls,40 km/h,State,37,Left turn sideswipe,309,Same - Left turn side swipe,,Other angle,Pedal cycle,Car (sedan/hatch),2,0,0,1,0,3,March,Autumn,Tuesday,16:00 - 17:59,PM peak / evening commute,True,False,True,True
1347886,Injury,Moderate Injury,2024,2024,March,Wednesday,16:00 - 17:59,BOURKE,ST,0,Right on the spot,O'DEA,AVE,WATERLOO,2008.0,No,Not a school zone,T-junction,-33.903076,151.20726,Sydney,Sydney metro. area,Syd-Newc-Woll Gtr conurbation,Straight,,,,Unknown / not stated,Sealed,Dry,Fine,Daylight,On,No traffic controls,50 km/h,Regional,21,Right through,202,Opp - Right-thru,,Other angle,Car (sedan/hatch),4 wheel drive / SUV,2,0,0,1,0,3,March,Autumn,Wednesday,16:00 - 17:59,PM peak / evening commute,True,False,True,True
1347893,Injury,Serious Injury,2024,2024,March,Wednesday,08:00 - 09:59,WILLIAM,ST,20,West,TASKER,AVE,KINGSGROVE,2021.0,No,Not a school zone,2-way undivided,-33.928256,151.105456,Canterbury-Bankstown,Sydney metro. area,Syd-Newc-Woll Gtr conurbation,Straight,Steep grade,,,Unknown / not stated,Sealed,Dry,Fine,Daylight,Nil,No traffic controls,50 km/h,Regional,43,Entering parking,402,Manov - Entering parking veh,,Other angle,Car (sedan/hatch),Light truck,2,0,1,1,0,3,March,Autumn,Wednesday,08:00 - 09:59,AM peak / school commute,True,False,True,True
1347894,Injury,Serious Injury,2024,2024,March,Friday,14:00 - 15:59,DARLING,ST,20,West,NORTH,ST,BALMAIN,7318.0,No,Not a school zone,2-way undivided,-33.856244,151.177186,Inner West,Sydney metro. area,Syd-Newc-Woll Gtr conurbation,Straight,Foot/cycle path/nature strip,,,Unknown / not stated,Sealed,Dry,Fine,Daylight,Nil,No traffic controls,40 km/h,Regional,71,Off rd left => obj,703,Left off cway into object,,Other angle,Car (sedan/hatch),Light truck,2,0,1,0,0,3,March,Autumn,Friday,14:00 - 15:59,Midday / afternoon,False,False,True,True
1347898,Injury,Minor/Other Injury,2024,2024,March,Thursday,06:00 - 07:59,COWPASTURE,RD,10,North,ELIZABETH,DR,ABBOTSBURY,535.0,No,Not a school zone,X-intersection,-33.883292,150.864697,Fairfield,Sydney metro. area,Syd-Newc-Woll Gtr conurbation,Straight,,,,Off,Sealed,Wet,Overcast,Dawn,Unknown / not stated,No traffic controls,70 km/h,State,30,Rear end,301,Same - Rear end,,Rear end,Car (sedan/hatch),Car (sedan/hatch),2,0,0,0,1,3,March,Autumn,Thursday,06:00 - 07:59,AM peak / school commute,True,False,True,True
1347942,Injury,Serious Injury,2024,2024,January,Monday,00:01 - 01:59,WISEMANS FERRY,RD,70,South,CADDIE,RD,CATTAI,181.0,No,Not a school zone,2-way undivided,-33.554198,150.910477,The Hills,Sydney metro. area,Syd-Newc-Woll Gtr conurbation,Curved,Steep grade,,,Nil,Sealed,Wet,Raining,Darkness,Nil,No traffic controls,80 km/h,State,85,Off rt/lft bnd=>obj,804,Off left bend into obj,Right,Vehicle - Object,Light truck utility(from 2018),,1,0,1,0,0,1,January,Summer,Monday,00:01 - 01:59,Late night / early morning,False,False,True,True
1347947,Injury,Serious Injury,2024,2024,January,Tuesday,10:00 - 11:59,HOMEBUSH BAY,DR,0,Right on the spot,OULTON AVENUE,TO,LIBERTY GROVE,200.0,No,Not a school zone,Divided road,-33.839374,151.083226,Canada Bay,Sydney metro. area,Syd-Newc-Woll Gtr conurbation,Straight,,,,Off,Sealed,Dry,Fine,Daylight,Nil,No traffic controls,70 km/h,State,34,Lane change right,306,Same - Lane change right,,Other angle,Motor scooter,Unknown motor vehicle,2,0,1,0,0,1,January,Summer,Tuesday,10:00 - 11:59,Midday / afternoon,False,False,True,True
1347955,Injury,Moderate Injury,2024,2024,January,Monday,02:00 - 03:59,PECOS,PL,10,West,MISSISSIPPI,RD,SEVEN HILLS,,No,Not a school zone,T-junction,-33.787503,150.927136,Blacktown,Sydney metro. area,Syd-Newc-Woll Gtr conurbation,Curved,,,,On,Sealed,Wet,Raining,Darkness,Nil,No traffic controls,50 km/h,Local,81,Off left/rt bnd=>obj,803,Off right bend into obj,Left,Other angle,Utility,4 wheel drive / SUV,2,0,0,1,0,1,January,Summer,Monday,02:00 - 03:59,Late night / early morning,False,False,True,True
1347958,Injury,Serious Injury,2024,2024,January,Thursday,20:00 - 21:59,BRADFIELD,HWY,80,South,CAHILL EXPRESSWAY,TO,MILLERS POINT,632.0,No,Not a school zone,Divided road,-33.859735,151.206056,Sydney,Sydney metro. area,Syd-Newc-Woll Gtr conurbation,Straight,Other bridge,,,On,Sealed,Dry,Fine,Darkness,Nil,No traffic controls,70 km/h,State,73,Off rd rght => obj,704,Right off cway into obj,,Vehicle - Object,Car (sedan/hatch),,1,0,1,0,0,1,January,Summer,Thursday,20:00 - 21:59,Evening / night,False,False,True,True
1347960,Injury,Serious Injury,2024,2024,January,Thursday,18:00 - 19:59,INN,RD,3000,West,NEW ENGLAND,HWY,BEN LOMOND,,No,Not a school zone,2-way undivided,-30.017048,151.689417,Armidale Regional,Country non-urban,Rest of NSW - Rural,Straight,Ditch/drain/culvert,,,Nil,Sealed,Dry,Fine,Dusk,Nil,No traffic controls,100 km/h,Local,71,Off rd left => obj,703,Left off cway into object,,Vehicle - Object,Light truck utility(from 2018),,1,0,1,0,0,1,January,Summer,Thursday,18:00 - 19:59,PM peak / evening commute,True,False,True,True
1347961,Injury,Moderate Injury,2024,2024,January,Wednesday,18:00 - 19:59,BELUBULA,WAY,5000,West,WELLS,LANE,MANDURAMA,7511.0,No,Not a school zone,2-way undivided,-33.651039,148.905738,Cowra,Country non-urban,Rest of NSW - Rural,Curved,,,,Nil,Sealed,Dry,Fine,Dusk,Nil,No traffic controls,100 km/h,Regional,81,Off left/rt bnd=>obj,803,Off right bend into obj,Left,Vehicle - Object,4 wheel drive / SUV,,1,0,0,1,0,1,January,Summer,Wednesday,18:00 - 19:59,PM peak / evening commute,True,False,True,True
1347967,Injury,Moderate Injury,2024,2024,January,Sunday,12:00 - 13:59,PACIFIC,HWY,300,North,TOMAGO,RD,TOMAGO,10.0,No,Not a school zone,Divided road,-32.815185,151.699202,Port Stephens,Country urban,Rest of NSW - Urban,Straight,,,,Off,Sealed,Dry,Fine,Daylight,Nil,No traffic controls,80 km/h,State,30,Rear end,301,Same - Rear end,,Rear end,Motorcycle,Car (sedan/hatch),2,0,0,1,0,1,January,Summer,Sunday,12:00 - 13:59,Midday / afternoon,False,False,True,True