crash_id,degree_of_crash,degree_of_crash_-_detailed,reporting_year,year_of_crash,month_of_crash,day_of_week_of_crash,two-hour_intervals,street_of_crash,street_type,distance,direction,identifying_feature,identifying_feature_type,town,route_no.,school_zone_location,school_zone_active,type_of_location,latitude,longitude,lga,urbanisation,conurbation_1,alignment,primary_permanent_feature,primary_temporary_feature,primary_hazardous_feature,street_lighting,road_surface,surface_condition,weather,natural_lighting,signals_operation,other_traffic_control,speed_limit,road_classification_(admin),rum_-_code,rum_-_description,dca_-_code,dca_-_description,dca_supplement,first_impact_type,key_tu_type,other_tu_type,no._of_traffic_units_involved,no._killed,no._seriously_injured,no._moderately_injured,no._minor-other_injured,month_num,month_label,season,day_label,time_label,time_band,is_peak_commute,is_fatal,is_injury,is_casualty
1347968,Injury,Moderate Injury,2024,2024,January,Friday,18:00 - 19:59,COLORADO,DR,0,Right on the spot,NUMBER 8,HN,ST CLAIR,,No,Not a school zone,2-way undivided,-33.795653,150.804047,Penrith,Sydney metro. area,Syd-Newc-Woll Gtr conurbation,Straight,B'down lane/road shldr,,,On,Sealed,Dry,Fine,Dusk,Nil,No traffic controls,50 km/h,Local,63,Vehicle door,604,On path - Vehicle door,,Other angle,Pedal cycle,Light truck utility(from 2018),2,0,0,1,0,1,January,Summer,Friday,18:00 - 19:59,PM peak / evening commute,True,False,True,True
1347969,Injury,Moderate Injury,2024,2024,January,Thursday,04:00 - 05:59,GREAT WESTERN,HWY,15,East,HAWTHORNE,PDE,HABERFIELD,5.0,No,Not a school zone,Divided road,-33.889489,151.144425,Inner West,Sydney metro. area,Syd-Newc-Woll Gtr conurbation,Curved,,,,On,Sealed,Dry,Fine,Darkness,Nil,No traffic controls,60 km/h,State,87,Off lft/lft bnd=>obj,804,Off left bend into obj,Left,Vehicle - Object,Light truck utility(from 2018),,1,0,0,1,0,1,January,Summer,Thursday,04:00 - 05:59,Late night / early morning,False,False,True,True
1347972,Injury,Moderate Injury,2024,2024,February,Wednesday,16:00 - 17:59,PRINCES,HWY,200,South,GREAT WESTERN,HWY,CAMPERDOWN,1.0,No,Not a school zone,Divided road,-33.886188,151.194022,Sydney,Sydney metro. area,Syd-Newc-Woll Gtr conurbation,Straight,,,,On,Sealed,Wet,Raining,Dusk,Nil,No traffic controls,50 km/h,State,33,Lane sideswipe,305,Same - Lane side swipe,,Other angle,Motorcycle,Car (sedan/hatch),2,0,0,1,0,2,February,Summer,Wednesday,16:00 - 17:59,PM peak / evening commute,True,False,True,True
1347975,Injury,Serious Injury,2024,2024,January,Thursday,18:00 - 19:59,ABBOTT,RD,0,Right on the spot,COSTELLO,PL,SEVEN HILLS,644.0,No,Not a school zone,X-intersection,-33.766975,150.951552,Blacktown,Sydney metro. area,Syd-Newc-Woll Gtr conurbation,Straight,,,,Off,Sealed,Dry,Fine,Daylight,On,No traffic controls,60 km/h,State,71,Off rd left => obj,703,Left off cway into object,,Vehicle - Object,Light truck utility(from 2018),,1,0,1,0,0,1,January,Summer,Thursday,18:00 - 19:59,PM peak / evening commute,True,False,True,True
1347978,Injury,Serious Injury,2024,2024,February,Friday,20:00 - 21:59,KING GEORGES,RD,70,North,PAYTEN,AVE,ROSELANDS,200.0,No,Not a school zone,Divided road,-33.930632,151.072649,Canterbury-Bankstown,Sydney metro. area,Syd-Newc-Woll Gtr conurbation,Straight,,,,On,Sealed,Dry,Fine,Darkness,Nil,No traffic controls,60 km/h,State,33,Lane sideswipe,305,Same - Lane side swipe,,Other angle,Car (sedan/hatch),Car (sedan/hatch),2,0,3,1,0,2,February,Summer,Friday,20:00 - 21:59,Evening / night,False,False,True,True
1347979,Injury,Serious Injury,2024,2024,January,Friday,20:00 - 21:59,HOWICK,ST,40,West,GEORGE,ST,BATHURST,,No,Not a school zone,2-way undivided,-33.415491,149.579745,Bathurst Regional,Country urban,Rest of NSW - Urban,Straight,,,,Nil,Sealed,Dry,Fine,Darkness,Nil,No traffic controls,50 km/h,Local,2,Ped far side,3,Ped - Far side,,Vehicle - Pedestrian,Car (sedan/hatch),Pedestrian,2,0,1,0,0,1,January,Summer,Friday,20:00 - 21:59,Evening / night,False,False,True,True
1347983,Injury,Serious Injury,2024,2024,February,Tuesday,20:00 - 21:59,THE CRESCENT,MS,20,East,PACIFIC,HWY,GATESHEAD,,Yes,No,2-way undivided,-32.984192,151.69222,Lake Macquarie,Newcastle met. area,Syd-Newc-Woll Gtr conurbation,Curved,Steep grade,,,On,Sealed,Dry,Fine,Darkness,Nil,No traffic controls,50 km/h,Local,81,Off left/rt bnd=>obj,803,Off right bend into obj,Left,Vehicle - Object,Motorcycle,,1,0,1,0,0,2,February,Summer,Tuesday,20:00 - 21:59,Evening / night,False,False,True,True
1347984,Injury,Serious Injury,2024,2024,January,Sunday,20:00 - 21:59,ABELL,RD,0,Right on the spot,NUMBER 192,HN,MARSDEN PARK,,No,Not a school zone,2-way undivided,-33.701233,150.812177,Blacktown,Sydney metro. area,Syd-Newc-Woll Gtr conurbation,Straight,,,,On,Sealed,Dry,Fine,Darkness,Nil,No traffic controls,50 km/h,Local,71,Off rd left => obj,703,Left off cway into object,,Other angle,Car (sedan/hatch),Car (sedan/hatch),2,0,1,1,0,1,January,Summer,Sunday,20:00 - 21:59,Evening / night,False,False,True,True
1347985,Injury,Minor/Other Injury,2024,2024,February,Tuesday,08:00 - 09:59,ELIZABETH,ST,0,Right on the spot,KING,ST,SYDNEY,7083.0,No,Not a school zone,X-intersection,-33.86918,151.21039,Sydney,Sydney metro. area,Syd-Newc-Woll Gtr conurbation,Straight,,,,Nil,Sealed,Dry,Fine,Daylight,On,Ped crossing,40 km/h,Regional,0,Ped nearside,1,Ped - Near side,,Vehicle - Pedestrian,Station wagon,Pedestrian,2,0,0,0,1,2,February,Summer,Tuesday,08:00 - 09:59,AM peak / school commute,True,False,True,True
1347986,Injury,Serious Injury,2024,2024,February,Wednesday,14:00 - 15:59,DELLWOOD,ST,50,East,BLAXCELL,ST,SOUTH GRANVILLE,,No,Not a school zone,2-way undivided,-33.853341,151.008695,Cumberland,Sydney metro. area,Syd-Newc-Woll Gtr conurbation,Straight,,,,Off,Sealed,Dry,Fine,Daylight,Nil,No traffic controls,50 km/h,Local,42,Leaving parking,401,Manov - Leaving parking,,Other angle,Car (sedan/hatch),Car (sedan/hatch),4,0,1,0,0,2,February,Summer,Wednesday,14:00 - 15:59,Midday / afternoon,False,False,True,True
1347989,Injury,Serious Injury,2024,2024,January,Wednesday,12:00 - 13:59,CRAWNEY,RD,2000,North,TIMOR,RD,TIMOR,,No,Not a school zone,2-way undivided,-31.755193,151.079705,Upper Hunter,Country non-urban,Rest of NSW - Rural,Curved,,,,Nil,Unsealed,Dry,Fine,Daylight,Nil,No traffic controls,100 km/h,Local,20,Head on,201,Opp - Head on,,Head-on,Motorcycle,4 wheel drive / SUV,2,0,1,1,0,1,January,Summer,Wednesday,12:00 - 13:59,Midday / afternoon,False,False,True,True
1347992,Injury,Moderate Injury,2024,2024,February,Thursday,22:00 - Midnight,FOWLER,RD,10,South,MCCREDIE,RD,GUILDFORD,7252.0,No,Not a school zone,T-junction,-33.851946,150.971845,Cumberland,Sydney metro. area,Syd-Newc-Woll Gtr conurbation,Straight,,,,On,Sealed,Wet,Raining,Darkness,Nil,Give way sign,50 km/h,Regional,42,Leaving parking,401,Manov - Leaving parking,,Other angle,Car (sedan/hatch),4 wheel drive / SUV,4,0,0,1,0,2,February,Summer,Thursday,22:00 - Midnight,Evening / night,False,False,True,True
1347993,Injury,Serious Injury,2024,2024,January,Wednesday,12:00 - 13:59,ELIZABETH,DR,270,South,MEADOWS,RD,MOUNT PRITCHARD,535.0,No,Not a school zone,2-way undivided,-33.904958,150.897812,Fairfield,Sydney metro. area,Syd-Newc-Woll Gtr conurbation,Straight,,,,Off,Sealed,Wet,Raining,Daylight,Nil,No traffic controls,60 km/h,State,30,Rear end,301,Same - Rear end,,Rear end,Motorcycle,Car (sedan/hatch),2,0,1,0,0,1,January,Summer,Wednesday,12:00 - 13:59,Midday / afternoon,False,False,True,True
1347995,Injury,Serious Injury,2024,2024,February,Sunday,12:00 - 13:59,GENERAL HOLMES,DR,0,Right on the spot,NUMBER 62,HN,BRIGHTON-LE-SANDS,194.0,No,Not a school zone,Divided road,-33.952174,151.160745,Bayside,Sydney metro. area,Syd-Newc-Woll Gtr conurbation,Straight,,,,Nil,Sealed,Dry,Fine,Daylight,Nil,No traffic controls,60 km/h,State,71,Off rd left => obj,703,Left off cway into object,,Other angle,Car (sedan/hatch),Car (sedan/hatch),2,0,1,0,0,2,February,Summer,Sunday,12:00 - 13:59,Midday / afternoon,False,False,True,True
1347996,Injury,Serious Injury,2024,2024,February,Sunday,16:00 - 17:59,BOURNE RIDGE,MS,0,Right on the spot,STEWARD,DR,ORAN PARK,,No,Not a school zone,T-junction,-33.999219,150.728651,Camden,Sydney metro. area,Syd-Newc-Woll Gtr conurbation,Straight,,,,Off,Sealed,Wet,Raining,Daylight,Nil,No traffic controls,50 km/h,Local,10,Cross traffic,101,Adj - Cross traffic,,Right angle,4 wheel drive / SUV,Car (sedan/hatch),2,0,1,0,0,2,February,Summer,Sunday,16:00 - 17:59,PM peak / evening commute,True,False,True,True
1347997,Injury,Moderate Injury,2024,2024,February,Sunday,10:00 - 11:59,PACIFIC,HWY,0,Right on the spot,PHILLIP,ST,CHINDERAH,10.0,No,Not a school zone,T-junction,-28.233507,153.559942,Tweed,Country urban,Rest of NSW - Urban,Straight,Ditch/drain/culvert,,,Off,Sealed,Dry,Fine,Daylight,Nil,Give way sign,50 km/h,State,53,Overtake turning,506,Ovtak - Overtaking right turn,,Other angle,Car (sedan/hatch),Station wagon,2,0,0,1,0,2,February,Summer,Sunday,10:00 - 11:59,Midday / afternoon,False,False,True,True
1348000,Injury,Serious Injury,2024,2024,February,Tuesday,14:00 - 15:59,NEWCASTLE,EXP,2600,North,HAWKESBURY RIVER,BDGE,BAR POINT,6003.0,No,Not a school zone,Dual freeway,-33.51458,151.193059,Central Coast,Country non-urban,Syd-Newc-Woll Gtr conurbation,Curved,Steep grade,,,Nil,Sealed,Dry,Fine,Daylight,Nil,No traffic controls,100 km/h,State,81,Off left/rt bnd=>obj,803,Off right bend into obj,Left,Vehicle - Object,Car (sedan/hatch),,1,0,1,0,0,2,February,Summer,Tuesday,14:00 - 15:59,Midday / afternoon,False,False,True,True
1348001,Injury,Minor/Other Injury,2024,2024,February,Thursday,08:00 - 09:59,ROCKY POINT,RD,0,Right on the spot,BARTON,ST,KOGARAH,199.0,No,Not a school zone,T-junction,-33.971651,151.136341,Georges River,Sydney metro. area,Syd-Newc-Woll Gtr conurbation,Straight,,,,Off,Sealed,Dry,Fine,Daylight,On,No traffic controls,60 km/h,State,0,Ped nearside,1,Ped - Near side,,Vehicle - Pedestrian,4 wheel drive / SUV,Pedestrian,2,0,0,0,1,2,February,Summer,Thursday,08:00 - 09:59,AM peak / school commute,True,False,True,True
1348007,Injury,Minor/Other Injury,2024,2024,February,Wednesday,14:00 - 15:59,NICHOLSON,ST,0,Right on the spot,MELVILLE HIGH SCHOOL,OT,SOUTH KEMPSEY,,Yes,Yes,2-way undivided,-31.091014,152.824998,Kempsey,Country urban,Rest of NSW - Urban,Straight,,,,Nil,Sealed,Dry,Fine,Daylight,Nil,No traffic controls,40 km/h,Local,42,Leaving parking,401,Manov - Leaving parking,,Other angle,4 wheel drive / SUV,Motorcycle,2,0,0,0,1,2,February,Summer,Wednesday,14:00 - 15:59,Midday / afternoon,False,False,True,True
1348008,Injury,Moderate Injury,2024,2024,February,Thursday,16:00 - 17:59,WESTERN,EXP,200,West,RESERVIOR ROAD,OP,HUNTINGWOOD,6004.0,No,Not a school zone,Dual freeway,-33.802696,150.893845,Blacktown,Sydney metro. area,Syd-Newc-Woll Gtr conurbation,Straight,,,,Off,Sealed,Dry,Fine,Daylight,Nil,No traffic controls,100 km/h,State,30,Rear end,301,Same - Rear end,,Rear end,Motorcycle,Station wagon,2,0,0,1,0,2,February,Summer,Thursday,16:00 - 17:59,PM peak / evening commute,True,False,True,True
1348009,Injury,Serious Injury,2024,2024,March,Friday,10:00 - 11:59,CESSNOCK,RD,200,West,CLARK,ST,WESTON,588.0,No,Not a school zone,2-way undivided,-32.814485,151.452046,Cessnock,Country urban,Rest of NSW - Urban,Curved,Painted double centre lines,,,Off,Sealed,Dry,Fine,Daylight,Nil,No traffic controls,60 km/h,State,20,Head on,201,Opp - Head on,,Head-on,Car (sedan/hatch),Light truck utility(from 2018),2,0,1,1,0,3,March,Autumn,Friday,10:00 - 11:59,Midday / afternoon,False,False,True,True
1348010,Injury,Moderate Injury,2024,2024,February,Thursday,12:00 - 13:59,DEBRINCAT,AVE,0,Right on the spot,JACKARANDA,RD,NORTH ST MARYS,7168.0,No,Not a school zone,X-intersection,-33.755746,150.785792,Penrith,Sydney metro. area,Syd-Newc-Woll Gtr conurbation,Straight,,,,Nil,Sealed,Wet,Raining,Daylight,Nil,Stop sign,50 km/h,Regional,10,Cross traffic,101,Adj - Cross traffic,,Right angle,4 wheel drive / SUV,Motorcycle,2,0,0,1,0,2,February,Summer,Thursday,12:00 - 13:59,Midday / afternoon,False,False,True,True
1348011,Injury,Moderate Injury,2024,2024,February,Monday,22:00 - Midnight,FISHER,RD,0,Right on the spot,LISMORE,AVE,DEE WHY,7348.0,Yes,No,Roundabout,-33.746842,151.286188,Northern Beaches,Sydney metro. area,Syd-Newc-Woll Gtr conurbation,Straight,,Roadwks/Detour/Diverson,,On,Sealed,Dry,Overcast,Darkness,Nil,Give way sign,50 km/h,Regional,85,Off rt/lft bnd=>obj,706,Left turn,Right,Other angle,Car (sedan/hatch),Large rigid,2,0,0,1,0,2,February,Summer,Monday,22:00 - Midnight,Evening / night,False,False,True,True
1348013,Injury,Moderate Injury,2024,2024,January,Wednesday,14:00 - 15:59,GREAT WESTERN,HWY,0,Right on the spot,SINCLAIR,CRES,WENTWORTH FALLS,5.0,No,Not a school zone,T-junction,-33.70858,150.350884,Blue Mountains,Country urban,Syd-Newc-Woll Gtr conurbation,Straight,Steep grade,,,Off,Sealed,Wet,Overcast,Daylight,Nil,Stop sign,70 km/h,State,16,Left near,107,Adj - Left-thru from right,,Right angle,Car (sedan/hatch),Light truck utility(from 2018),2,0,0,2,0,1,January,Summer,Wednesday,14:00 - 15:59,Midday / afternoon,False,False,True,True
1348016,Injury,Moderate Injury,2024,2024,February,Friday,22:00 - Midnight,KIDMAN,WAY,5000,North,BEN LOMOND,RD,BOURKE,421.0,No,Not a school zone,2-way undivided,-30.477671,145.931089,Bourke,Country non-urban,Rest of NSW - Rural,Straight,,,,Nil,Sealed,Dry,Fine,Darkness,Nil,No traffic controls,110 km/h,State,70,Off road to left,701,Off carriageway to left,,Rollover,4 wheel drive / SUV,,1,0,0,1,0,2,February,Summer,Friday,22:00 - Midnight,Evening / night,False,False,True,True
1348019,Injury,Serious Injury,2024,2024,March,Monday,08:00 - 09:59,CAMPBELL,ST,0,Right on the spot,HUTCHINSON,ST,ST PETERS,7017.0,No,Not a school zone,T-junction,-33.9107,151.176452,Inner West,Sydney metro. area,Syd-Newc-Woll Gtr conurbation,Straight,Foot/cycle path/nature strip,,,Nil,Sealed,Dry,Fine,Daylight,Nil,Give way sign,50 km/h,Regional,74,On road-out of cont.,705,Out of control on cway,,Rollover,Pedal cycle,,1,0,1,0,0,3,March,Autumn,Monday,08:00 - 09:59,AM peak / school commute,True,False,True,True
1348022,Injury,Serious Injury,2024,2024,February,Wednesday,10:00 - 11:59,BRICK WHARF,RD,0,Right on the spot,NORTH BURGE,RD,WOY WOY,,No,Not a school zone,X-intersection,-33.486371,151.334809,Central Coast,Country urban,Syd-Newc-Woll Gtr conurbation,Straight,,,,Nil,Sealed,Dry,Fine,Daylight,Nil,Give way sign,50 km/h,Local,10,Cross traffic,101,Adj - Cross traffic,,Right angle,Unknown motor vehicle,Pedal cycle,2,0,1,0,0,2,February,Summer,Wednesday,10:00 - 11:59,Midday / afternoon,False,False,True,True
1348023,Injury,Serious Injury,2024,2024,March,Sunday,04:00 - 05:59,BEECH,RD,100,North,BERRIWERRI,PL,CASULA,,No,Not a school zone,2-way undivided,-33.961986,150.878636,Liverpool,Sydney metro. area,Syd-Newc-Woll Gtr conurbation,Straight,,,,On,Sealed,Dry,Fine,Darkness,Nil,No traffic controls,50 km/h,Local,71,Off rd left => obj,703,Left off cway into object,,Other angle,Car (sedan/hatch),Detached trailer,2,0,1,0,0,3,March,Autumn,Sunday,04:00 - 05:59,Late night / early morning,False,False,True,True
1348024,Injury,Moderate Injury,2024,2024,March,Monday,18:00 - 19:59,MEMORIAL,DR,10,North,UNIVERSITY AVENUE,OP,NORTH WOLLONGONG,626.0,No,Not a school zone,Divided road,-34.411329,150.886899,Wollongong,Wollongong met. area,Syd-Newc-Woll Gtr conurbation,Straight,,,,Nil,Sealed,Dry,Fine,Daylight,Nil,No traffic controls,80 km/h,State,30,Rear end,301,Same - Rear end,,Rear end,Car (sedan/hatch),4 wheel drive / SUV,3,0,0,1,0,3,March,Autumn,Monday,18:00 - 19:59,PM peak / evening commute,True,False,True,True
1348025,Injury,Serious Injury,2024,2024,March,Saturday,12:00 - 13:59,PASSEFIELD,ST,0,Right on the spot,NUMBER 41,HN,LIVERPOOL,,No,Not a school zone,2-way undivided,-33.931043,150.913448,Liverpool,Sydney metro. area,Syd-Newc-Woll Gtr conurbation,Straight,Driveway/entrance,,,Off,Sealed,Dry,Fine,Daylight,Nil,No traffic controls,50 km/h,Local,47,Emerging from drive,406,Manov - Emerging from driveway,,Right angle,Motor scooter,4 wheel drive / SUV,2,0,1,0,0,3,March,Autumn,Saturday,12:00 - 13:59,Midday / afternoon,False,False,True,True
1348028,Injury,Moderate Injury,2024,2024,March,Monday,12:00 - 13:59,DUNHEVED,RD,0,Right on the spot,FRANCIS,ST,WERRINGTON DOWNS,7288.0,No,Not a school zone,X-intersection,-33.745618,150.73739,Penrith,Sydney metro. area,Syd-Newc-Woll Gtr conurbation,Straight,,,,Off,Sealed,Dry,Fine,Daylight,On,No traffic controls,50 km/h,Regional,13,Right near,104,Adj - Right-thru from right,,Right angle,Other bus,Car (sedan/hatch),2,0,0,1,0,3,March,Autumn,Monday,12:00 - 13:59,Midday / afternoon,False,False,True,True
1348030,Injury,Serious Injury,2024,2024,March,Monday,16:00 - 17:59,TWEED VALLEY,WAY,0,Right on the spot,POTTSVILLE,RD,MOOBALL,679.0,No,Not a school zone,T-junction,-28.441689,153.489232,Tweed,Country urban,Rest of NSW - Urban,Straight,,,,Unknown / not stated,Sealed,Unknown,Unknown,Daylight,Nil,Give way sign,60 km/h,Regional,11,Right far,102,Adj - Right-thru from left,,Right angle,4 wheel drive / SUV,Motorcycle,2,0,1,0,0,3,March,Autumn,Monday,16:00 - 17:59,PM peak / evening commute,True,False,True,True
1348033,Injury,Moderate Injury,2024,2024,March,Friday,14:00 - 15:59,STANNIX PARK,RD,500,East,ROCKY HALL,PL,WILBERFORCE,,No,Not a school zone,2-way undivided,-33.522813,150.837923,Hawkesbury,Country urban,Syd-Newc-Woll Gtr conurbation,Curved,Steep grade,,,Nil,Sealed,Wet,Raining,Daylight,Nil,No traffic controls,60 km/h,Local,20,Head on,201,Opp - Head on,,Head-on,Light truck utility(from 2018),4 wheel drive / SUV,2,0,0,1,0,3,March,Autumn,Friday,14:00 - 15:59,Midday / afternoon,False,False,True,True
1348034,Injury,Serious Injury,2024,2024,March,Tuesday,06:00 - 07:59,MARION,ST,0,Right on the spot,ELSWICK,ST,LEICHHARDT,2013.0,No,Not a school zone,X-intersection,-33.884116,151.151939,Inner West,Sydney metro. area,Syd-Newc-Woll Gtr conurbation,Straight,,,,Off,Sealed,Dry,Fine,Daylight,On,No traffic controls,50 km/h,Regional,21,Right through,202,Opp - Right-thru,,Other angle,Car (sedan/hatch),Pedal cycle,2,0,1,0,0,3,March,Autumn,Tuesday,06:00 - 07:59,AM peak / school commute,True,False,True,True
1348035,Injury,Moderate Injury,2024,2024,March,Wednesday,14:00 - 15:59,TARALGA,RD,1500,South,PONTILLA,LANE,TARLO,256.0,No,Not a school zone,2-way undivided,-34.668759,149.779357,Goulburn Mulwaree,Country non-urban,Rest of NSW - Rural,Curved,Ditch/drain/culvert,,,Nil,Sealed,Dry,Fine,Daylight,Nil,No traffic controls,100 km/h,Regional,81,Off left/rt bnd=>obj,803,Off right bend into obj,Left,Vehicle - Object,Motorcycle,,1,0,0,1,0,3,March,Autumn,Wednesday,14:00 - 15:59,Midday / afternoon,False,False,True,True
1348036,Injury,Serious Injury,2024,2024,March,Saturday,08:00 - 09:59,UPPER COLO,RD,10,West,WHEENY CREEK,BDGE,WHEENY CREEK,,No,Not a school zone,2-way undivided,-33.429594,150.811072,Hawkesbury,Country urban,Syd-Newc-Woll Gtr conurbation,Curved,Other bridge,,"Loose gravel, sealed",Nil,Sealed,Dry,Fog or mist,Daylight,Nil,No traffic controls,70 km/h,Local,88,Out of cont on bend,805,Out of control on bend,,Rollover,Motorcycle,,1,0,1,0,0,3,March,Autumn,Saturday,08:00 - 09:59,AM peak / school commute,True,False,True,True
1348037,Injury,Serious Injury,2024,2024,March,Monday,08:00 - 09:59,RESTWELL,ST,0,Right on the spot,BANKSTOWN CITY PLAZA,MS,BANKSTOWN,,No,Not a school zone,T-junction,-33.918285,151.035191,Canterbury-Bankstown,Sydney metro. area,Syd-Newc-Woll Gtr conurbation,Straight,,,,Off,Sealed,Dry,Fine,Daylight,On,No traffic controls,40 km/h,Local,0,Ped nearside,1,Ped - Near side,,Vehicle - Pedestrian,Car (sedan/hatch),Pedestrian,2,0,1,0,0,3,March,Autumn,Monday,08:00 - 09:59,AM peak / school commute,True,False,True,True
1348038,Injury,Moderate Injury,2024,2024,March,Thursday,16:00 - 17:59,ADELAIDE,ST,160,South,RICHARDSON,RD,RAYMOND TERRACE,104.0,No,Not a school zone,2-way undivided,-32.755205,151.757133,Port Stephens,Country urban,Rest of NSW - Urban,Straight,Steep grade,,,Off,Sealed,Dry,Fine,Daylight,Nil,No traffic controls,60 km/h,State,30,Rear end,301,Same - Rear end,,Rear end,Light truck utility(from 2018),Car (sedan/hatch),3,0,0,1,0,3,March,Autumn,Thursday,16:00 - 17:59,PM peak / evening commute,True,False,True,True
1348044,Injury,Moderate Injury,2024,2024,March,Thursday,16:00 - 17:59,PRINCES,HWY,500,South,RUNNYFORD,RD,MOGO,1.0,No,Not a school zone,2-way undivided,-35.76965,150.14846,Eurobodalla,Country non-urban,Rest of NSW - Rural,Curved,Steep grade,,,Nil,Sealed,Wet,Raining,Dusk,Nil,No traffic controls,90 km/h,State,20,Head on,201,Opp - Head on,,Head-on,Car (sedan/hatch),Car (sedan/hatch),2,0,0,2,0,3,March,Autumn,Thursday,16:00 - 17:59,PM peak / evening commute,True,False,True,True
1348047,Injury,Serious Injury,2024,2024,March,Monday,12:00 - 13:59,MULGOA,RD,0,Right on the spot,GLENBROOK,ST,JAMISONTOWN,155.0,No,Not a school zone,T-junction,-33.769871,150.675595,Penrith,Sydney metro. area,Syd-Newc-Woll Gtr conurbation,Straight,,Roadwks/Detour/Diverson,,Off,Sealed,Dry,Fine,Daylight,On,No traffic controls,40 km/h,State,21,Right through,202,Opp - Right-thru,,Other angle,4 wheel drive / SUV,Light truck utility(from 2018),2,0,1,0,0,3,March,Autumn,Monday,12:00 - 13:59,Midday / afternoon,False,False,True,True
1348053,Injury,Moderate Injury,2024,2024,March,Sunday,16:00 - 17:59,SENTRY,DR,20,South,STANHOPE,PKWY,STANHOPE GARDENS,,No,Not a school zone,2-way undivided,-33.71794,150.920993,Blacktown,Sydney metro. area,Syd-Newc-Woll Gtr conurbation,Straight,,,,Nil,Sealed,Dry,Fine,Daylight,Nil,No traffic controls,50 km/h,Local,1,Ped emerging,2,Ped - emerging,,Vehicle - Pedestrian,Car (sedan/hatch),Pedestrian,2,0,0,1,0,3,March,Autumn,Sunday,16:00 - 17:59,PM peak / evening commute,True,False,True,True
1348060,Injury,Serious Injury,2024,2024,March,Friday,16:00 - 17:59,HANBURY,ST,0,Right on the spot,MAITLAND,RD,MAYFIELD,326.0,No,Not a school zone,X-intersection,-32.897362,151.736511,Newcastle,Newcastle met. area,Syd-Newc-Woll Gtr conurbation,Straight,,,,Off,Sealed,Wet,Raining,Daylight,On,No traffic controls,60 km/h,State,0,Ped nearside,1,Ped - Near side,,Vehicle - Pedestrian,Light truck utility(from 2018),Pedestrian,2,0,1,0,0,3,March,Autumn,Friday,16:00 - 17:59,PM peak / evening commute,True,False,True,True
1348061,Injury,Minor/Other Injury,2024,2024,March,Friday,10:00 - 11:59,ASHMONT,AVE,0,Right on the spot,SILVALITE FOOD AND FUEL STOP,ENT,ASHMONT,,No,Not a school zone,2-way undivided,-35.12205,147.321447,Wagga Wagga,Country urban,Rest of NSW - Urban,Straight,,,"Loose gravel, sealed",Nil,Sealed,Dry,Fine,Daylight,Nil,No traffic controls,50 km/h,Local,74,On road-out of cont.,705,Out of control on cway,,Rollover,Motorcycle,,1,0,0,0,1,3,March,Autumn,Friday,10:00 - 11:59,Midday / afternoon,False,False,True,True
1348063,Injury,Moderate Injury,2024,2024,March,Sunday,18:00 - 19:59,BRUXNER,HWY,0,Right on the spot,INVERCAULD,RD,GOONELLABAH,16.0,No,Not a school zone,T-junction,-28.81413,153.313372,Lismore,Country urban,Rest of NSW - Urban,Straight,,,,On,Sealed,Wet,Raining,Darkness,Nil,Stop sign,60 km/h,State,73,Off rd rght => obj,704,Right off cway into obj,,Vehicle - Object,Car (sedan/hatch),,1,0,0,1,0,3,March,Autumn,Sunday,18:00 - 19:59,PM peak / evening commute,True,False,True,True
1348067,Injury,Moderate Injury,2024,2024,March,Tuesday,22:00 - Midnight,MARYLAND,DR,200,East,MINMI,RD,MARYLAND,,No,Not a school zone,2-way undivided,-32.876472,151.64946,Newcastle,Newcastle met. area,Syd-Newc-Woll Gtr conurbation,Straight,,,,On,Sealed,Dry,Fine,Darkness,Nil,No traffic controls,50 km/h,Local,0,Ped nearside,1,Ped - Near side,,Vehicle - Pedestrian,Car (sedan/hatch),Pedestrian,2,0,0,1,0,3,March,Autumn,Tuesday,22:00 - Midnight,Evening / night,False,False,True,True
1348071,Injury,Moderate Injury,2024,2024,March,Wednesday,10:00 - 11:59,MITCHELL,HWY,100,North,EURIMBLA,RD,CUNDUMBUL,7.0,No,Not a school zone,2-way undivided,-32.834926,148.908504,Dubbo Regional,Country non-urban,Rest of NSW - Rural,Curved,,,,Nil,Sealed,Wet,Raining,Daylight,Nil,No traffic controls,100 km/h,State,91,Object struck veh,610,On path - Load hit vehicle,,Vehicle - Object,Large rigid,Unknown motor vehicle,2,0,0,1,0,3,March,Autumn,Wednesday,10:00 - 11:59,Midday / afternoon,False,False,True,True
1348072,Injury,Serious Injury,2024,2024,February,Sunday,12:00 - 13:59,DONALD,ST,0,Right on the spot,SAMDON,ST,HAMILTON,82.0,No,Not a school zone,X-intersection,-32.919001,151.742867,Newcastle,Newcastle met. area,Syd-Newc-Woll Gtr conurbation,Straight,,,,Off,Sealed,Dry,Fine,Daylight,On,No traffic controls,60 km/h,State,10,Cross traffic,101,Adj - Cross traffic,,Right angle,Car (sedan/hatch),4 wheel drive / SUV,3,0,2,0,0,2,February,Summer,Sunday,12:00 - 13:59,Midday / afternoon,False,False,True,True
1348075,Injury,Moderate Injury,2024,2024,March,Saturday,18:00 - 19:59,CAPTAINS FLAT,RD,20,East,GLENLEE,RD,CARWOOLA,270.0,No,Not a school zone,2-way undivided,-35.361509,149.307495,Queanbeyan-Palerang Regional,Country non-urban,Rest of NSW - Rural,Straight,Painted double centre lines,,Potholes/corrugations/rough,Off,Sealed,Dry,Fine,Daylight,Nil,No traffic controls,90 km/h,Regional,73,Off rd rght => obj,704,Right off cway into obj,,Vehicle - Object,Car (sedan/hatch),,1,0,0,1,0,3,March,Autumn,Saturday,18:00 - 19:59,PM peak / evening commute,True,False,True,True