crash_id,degree_of_crash,degree_of_crash_-_detailed,reporting_year,year_of_crash,month_of_crash,day_of_week_of_crash,two-hour_intervals,street_of_crash,street_type,distance,direction,identifying_feature,identifying_feature_type,town,route_no.,school_zone_location,school_zone_active,type_of_location,latitude,longitude,lga,urbanisation,conurbation_1,alignment,primary_permanent_feature,primary_temporary_feature,primary_hazardous_feature,street_lighting,road_surface,surface_condition,weather,natural_lighting,signals_operation,other_traffic_control,speed_limit,road_classification_(admin),rum_-_code,rum_-_description,dca_-_code,dca_-_description,dca_supplement,first_impact_type,key_tu_type,other_tu_type,no._of_traffic_units_involved,no._killed,no._seriously_injured,no._moderately_injured,no._minor-other_injured,month_num,month_label,season,day_label,time_label,time_band,is_peak_commute,is_fatal,is_injury,is_casualty
1348077,Injury,Serious Injury,2024,2024,February,Saturday,22:00 - Midnight,ENMORE,RD,0,Right on the spot,MARIAN,ST,ENMORE,167.0,No,Not a school zone,T-junction,-33.89892,151.172829,Inner West,Sydney metro. area,Syd-Newc-Woll Gtr conurbation,Straight,,,,On,Sealed,Dry,Fine,Darkness,On,No traffic controls,50 km/h,State,0,Ped nearside,1,Ped - Near side,,Vehicle - Pedestrian,Car (sedan/hatch),Pedestrian,2,0,1,0,0,2,February,Summer,Saturday,22:00 - Midnight,Evening / night,False,False,True,True
1348078,Injury,Minor/Other Injury,2024,2024,March,Thursday,22:00 - Midnight,FITZPATRICK,CRES,20,South,DE MEYRICK,AVE,CASULA,,No,Not a school zone,2-way undivided,-33.942554,150.901771,Liverpool,Sydney metro. area,Syd-Newc-Woll Gtr conurbation,Straight,,,,On,Sealed,Dry,Fine,Darkness,Nil,No traffic controls,50 km/h,Local,73,Off rd rght => obj,704,Right off cway into obj,,Other angle,Car (sedan/hatch),4 wheel drive / SUV,2,0,0,0,1,3,March,Autumn,Thursday,22:00 - Midnight,Evening / night,False,False,True,True
1348079,Injury,Moderate Injury,2024,2024,March,Tuesday,12:00 - 13:59,PIPER,ST,20,South,GEORGE,ST,BATHURST,,No,Not a school zone,2-way undivided,-33.420014,149.574458,Bathurst Regional,Country urban,Rest of NSW - Urban,Straight,,,,Off,Sealed,Dry,Fine,Daylight,Nil,No traffic controls,50 km/h,Local,42,Leaving parking,401,Manov - Leaving parking,,Other angle,Car (sedan/hatch),Car (sedan/hatch),2,0,0,1,0,3,March,Autumn,Tuesday,12:00 - 13:59,Midday / afternoon,False,False,True,True
1348081,Injury,Moderate Injury,2024,2024,March,Wednesday,14:00 - 15:59,TREVENNA,RD,10,West,ELM,AVE,ARMIDALE,,No,Not a school zone,Roundabout,-30.491172,151.64506,Armidale Regional,Country urban,Rest of NSW - Urban,Straight,Painted double centre lines,,,Nil,Sealed,Dry,Fine,Daylight,Nil,No traffic controls,50 km/h,Local,12,Left far,103,Adj - Left-thru from left,,Right angle,Car (sedan/hatch),Car (sedan/hatch),2,0,0,1,0,3,March,Autumn,Wednesday,14:00 - 15:59,Midday / afternoon,False,False,True,True
1348082,Injury,Serious Injury,2024,2024,March,Saturday,12:00 - 13:59,HUME,HWY,150,West,LEACOCKS,LANE,CASULA,2.0,No,Not a school zone,Divided road,-33.956337,150.892676,Liverpool,Sydney metro. area,Syd-Newc-Woll Gtr conurbation,Straight,,,,Off,Sealed,Dry,Fine,Daylight,Nil,No traffic controls,70 km/h,State,30,Rear end,301,Same - Rear end,,Rear end,Motorcycle,4 wheel drive / SUV,2,0,1,0,0,3,March,Autumn,Saturday,12:00 - 13:59,Midday / afternoon,False,False,True,True
1348089,Injury,Serious Injury,2024,2024,March,Monday,14:00 - 15:59,ASHTON VALE,GR,0,Right on the spot,BONG BONG,RD,HORSLEY,,No,Not a school zone,T-junction,-34.490282,150.772355,Wollongong,Wollongong met. area,Syd-Newc-Woll Gtr conurbation,Straight,,,,Nil,Sealed,Dry,Fine,Daylight,Nil,Stop sign,50 km/h,Local,30,Rear end,301,Same - Rear end,,Rear end,Motorised scooter (mob. aid),Car (sedan/hatch),2,0,1,0,0,3,March,Autumn,Monday,14:00 - 15:59,Midday / afternoon,False,False,True,True
1348092,Injury,Serious Injury,2024,2024,March,Friday,16:00 - 17:59,WESTERN,EXP,50,East,JAMES RUSE DRIVE,TO,CLYDE,6004.0,No,Not a school zone,Dual freeway,-33.834762,151.028605,Parramatta,Sydney metro. area,Syd-Newc-Woll Gtr conurbation,Straight,,,,Nil,Sealed,Dry,Fine,Daylight,Nil,No traffic controls,90 km/h,State,30,Rear end,301,Same - Rear end,,Rear end,Utility,Car (sedan/hatch),4,0,1,1,0,3,March,Autumn,Friday,16:00 - 17:59,PM peak / evening commute,True,False,True,True
1348094,Injury,Serious Injury,2024,2024,March,Wednesday,10:00 - 11:59,SOUTHERN,EXP,500,South,NORTHCLIFFE DRIVE,OP,BERKELEY,6006.0,No,Not a school zone,Dual freeway,-34.477032,150.828215,Wollongong,Wollongong met. area,Syd-Newc-Woll Gtr conurbation,Straight,Steep grade,,,Nil,Sealed,Dry,Fine,Daylight,Nil,No traffic controls,100 km/h,State,35,Lane change left,307,Same - Lane change left,,Other angle,Large rigid,Station wagon,2,0,2,0,0,3,March,Autumn,Wednesday,10:00 - 11:59,Midday / afternoon,False,False,True,True
1348095,Injury,Moderate Injury,2024,2024,March,Friday,14:00 - 15:59,BIRCH,AVE,0,Right on the spot,NUMBER 88,HN,DUBBO,,No,Not a school zone,2-way undivided,-32.25176,148.639817,Dubbo Regional,Country urban,Rest of NSW - Urban,Curved,,,,Nil,Sealed,Dry,Fine,Daylight,Nil,No traffic controls,50 km/h,Local,81,Off left/rt bnd=>obj,803,Off right bend into obj,Left,Vehicle - Object,4 wheel drive / SUV,,1,0,0,1,0,3,March,Autumn,Friday,14:00 - 15:59,Midday / afternoon,False,False,True,True
1348099,Injury,Moderate Injury,2024,2024,March,Sunday,08:00 - 09:59,SUTTON,RD,2000,North,NORTON,RD,SUTTON,52.0,No,Not a school zone,2-way undivided,-35.238483,149.264555,Queanbeyan-Palerang Regional,Country urban,Rest of NSW - Urban,Curved,,,,Nil,Sealed,Dry,Fine,Daylight,Nil,No traffic controls,80 km/h,State,67,Struck animal,609,On path - Hit animal,,Vehicle - Animal,Motorcycle,,1,0,0,1,0,3,March,Autumn,Sunday,08:00 - 09:59,AM peak / school commute,True,False,True,True
1348106,Injury,Minor/Other Injury,2024,2024,February,Monday,02:00 - 03:59,FREDERICK,ST,0,Right on the spot,ELIZABETH,ST,ASHFIELD,650.0,No,Not a school zone,X-intersection,-33.88415,151.12026,Inner West,Sydney metro. area,Syd-Newc-Woll Gtr conurbation,Straight,,,,On,Sealed,Dry,Fine,Darkness,On,No traffic controls,60 km/h,State,10,Cross traffic,101,Adj - Cross traffic,,Right angle,4 wheel drive / SUV,Car (sedan/hatch),2,0,0,0,1,2,February,Summer,Monday,02:00 - 03:59,Late night / early morning,False,False,True,True
1348108,Injury,Minor/Other Injury,2024,2024,March,Saturday,08:00 - 09:59,GUERNSEY,AVE,0,Right on the spot,NUMBER 73,HN,MINTO,,No,Not a school zone,2-way undivided,-34.030319,150.853884,Campbelltown,Sydney metro. area,Syd-Newc-Woll Gtr conurbation,Curved,Steep grade,,,Off,Sealed,Dry,Fine,Daylight,Nil,No traffic controls,50 km/h,Local,40,U turn,207,Opp - U-turn,,Other angle,Light truck,Car (sedan/hatch),2,0,0,0,2,3,March,Autumn,Saturday,08:00 - 09:59,AM peak / school commute,True,False,True,True
1348116,Injury,Serious Injury,2024,2024,March,Monday,18:00 - 19:59,CATTAI RIDGE,RD,0,Right on the spot,NUMBER 83,HN,GLENORIE,7140.0,No,Not a school zone,2-way undivided,-33.608732,150.98133,The Hills,Sydney metro. area,Syd-Newc-Woll Gtr conurbation,Curved,Driveway/entrance,,,Off,Sealed,Dry,Fine,Daylight,Nil,No traffic controls,60 km/h,Regional,47,Emerging from drive,406,Manov - Emerging from driveway,,Right angle,Light truck,Light truck,2,0,1,0,0,3,March,Autumn,Monday,18:00 - 19:59,PM peak / evening commute,True,False,True,True
1348117,Injury,Moderate Injury,2024,2024,April,Thursday,16:00 - 17:59,GIINAGAY,WAY,0,Right on the spot,VALLA BEACH,RD,VALLA,,No,Not a school zone,T-junction,-30.589388,152.998253,Nambucca Valley,Country non-urban,Rest of NSW - Rural,Straight,,,,Nil,Sealed,Wet,Raining,Daylight,Nil,Give way sign,90 km/h,Local,21,Right through,202,Opp - Right-thru,,Other angle,Light truck,Car (sedan/hatch),2,0,0,1,1,4,April,Autumn,Thursday,16:00 - 17:59,PM peak / evening commute,True,False,True,True
1348119,Injury,Moderate Injury,2024,2024,February,Thursday,10:00 - 11:59,MITCHELL,HWY,0,Right on the spot,BRISBANE,ST,DUBBO,7.0,No,Not a school zone,T-junction,-32.253509,148.603166,Dubbo Regional,Country urban,Rest of NSW - Urban,Straight,,,,Nil,Sealed,Dry,Fine,Daylight,Nil,Give way sign,60 km/h,State,21,Right through,202,Opp - Right-thru,,Other angle,4 wheel drive / SUV,4 wheel drive / SUV,2,0,0,1,0,2,February,Summer,Thursday,10:00 - 11:59,Midday / afternoon,False,False,True,True
1348122,Injury,Serious Injury,2024,2024,April,Tuesday,14:00 - 15:59,PACIFIC,HWY,0,Right on the spot,GEORGE,ST,BELMONT,10.0,No,Not a school zone,T-junction,-33.037253,151.659875,Lake Macquarie,Newcastle met. area,Syd-Newc-Woll Gtr conurbation,Straight,,,,Off,Sealed,Wet,Fine,Daylight,On,Ped crossing,60 km/h,State,2,Ped far side,3,Ped - Far side,,Vehicle - Pedestrian,Light truck utility(from 2018),Pedestrian,2,0,1,0,0,4,April,Autumn,Tuesday,14:00 - 15:59,Midday / afternoon,False,False,True,True
1348127,Injury,Serious Injury,2024,2024,March,Wednesday,12:00 - 13:59,GRETA,ST,0,Right on the spot,COLLIERY,ST,ABERDARE,220.0,No,Not a school zone,X-intersection,-32.846204,151.37814,Cessnock,Country urban,Rest of NSW - Urban,Curved,,,Slippery surface,Off,Sealed,Wet,Fine,Daylight,Nil,Give way sign,60 km/h,State,88,Out of cont on bend,707,Right turn,,Rollover,Motorcycle,,1,0,1,0,0,3,March,Autumn,Wednesday,12:00 - 13:59,Midday / afternoon,False,False,True,True
1348129,Injury,Moderate Injury,2024,2024,March,Wednesday,10:00 - 11:59,EDWARD,ST,0,Right on the spot,NUMBER 12,HN,WOOLLAHRA,,No,Not a school zone,Divided road,-33.887013,151.247378,Woollahra,Sydney metro. area,Syd-Newc-Woll Gtr conurbation,Straight,Steep grade,,,Off,Sealed,Wet,Overcast,Daylight,Nil,No traffic controls,50 km/h,Local,63,Vehicle door,604,On path - Vehicle door,,Other angle,Pedal cycle,Light truck,2,0,0,1,0,3,March,Autumn,Wednesday,10:00 - 11:59,Midday / afternoon,False,False,True,True
1348130,Injury,Moderate Injury,2024,2024,March,Thursday,14:00 - 15:59,CASTLEREAGH,HWY,15,North,PERCY NOTT REST AREA,OT,MUDGEE,18.0,No,Not a school zone,2-way undivided,-32.602715,149.597796,Mid-Western Regional,Country urban,Rest of NSW - Urban,Straight,Other bridge,,,Off,Sealed,Dry,Fine,Daylight,Nil,No traffic controls,50 km/h,State,30,Rear end,301,Same - Rear end,,Rear end,Light truck utility(from 2018),4 wheel drive / SUV,2,0,0,1,0,3,March,Autumn,Thursday,14:00 - 15:59,Midday / afternoon,False,False,True,True
1348137,Injury,Minor/Other Injury,2024,2024,February,Saturday,02:00 - 03:59,BENTLEY,RD,30,West,BARAIMAL,LANE,CEDAR POINT,544.0,No,Not a school zone,2-way undivided,-28.701099,153.017019,Kyogle,Country non-urban,Rest of NSW - Rural,Curved,Embankment/cutting,,,Nil,Sealed,Dry,Fine,Darkness,Nil,No traffic controls,100 km/h,Regional,66,Object on road,607,On path - Hit temp object,,Vehicle - Object,Light truck utility(from 2018),,1,0,0,0,1,2,February,Summer,Saturday,02:00 - 03:59,Late night / early morning,False,False,True,True
1348138,Injury,Minor/Other Injury,2024,2024,February,Saturday,14:00 - 15:59,SYDENHAM,RD,0,Right on the spot,FITZROY,ST,MARRICKVILLE,664.0,No,Not a school zone,T-junction,-33.910951,151.163973,Inner West,Sydney metro. area,Syd-Newc-Woll Gtr conurbation,Straight,,,,Off,Sealed,Dry,Fine,Daylight,Nil,Ped crossing,60 km/h,State,0,Ped nearside,1,Ped - Near side,,Vehicle - Pedestrian,Car (sedan/hatch),Pedestrian,2,0,0,0,1,2,February,Summer,Saturday,14:00 - 15:59,Midday / afternoon,False,False,True,True
1348139,Injury,Serious Injury,2024,2024,March,Tuesday,10:00 - 11:59,PRINCES,HWY,0,Right on the spot,JELLICOE,ST,SOUTH NOWRA,1.0,No,Not a school zone,Roundabout,-34.908705,150.602979,Shoalhaven,Country urban,Rest of NSW - Urban,Curved,,,,Off,Sealed,Dry,Fine,Daylight,Nil,Give way sign,70 km/h,State,21,Right through,202,Opp - Right-thru,,Other angle,Station wagon,4 wheel drive / SUV,2,0,1,0,0,3,March,Autumn,Tuesday,10:00 - 11:59,Midday / afternoon,False,False,True,True
1348151,Injury,Serious Injury,2024,2024,February,Wednesday,08:00 - 09:59,CAPTAIN COOK,DR,0,Right on the spot,POINTSBET STADIUM,ENT,WOOLOOWARE,2075.0,No,Not a school zone,Divided road,-34.039296,151.139822,Sutherland,Sydney metro. area,Syd-Newc-Woll Gtr conurbation,Straight,Driveway/entrance,,,Nil,Sealed,Dry,Fine,Daylight,Nil,No traffic controls,70 km/h,Regional,47,Emerging from drive,406,Manov - Emerging from driveway,,Right angle,Light truck utility(from 2018),Pedal cycle,2,0,1,0,0,2,February,Summer,Wednesday,08:00 - 09:59,AM peak / school commute,True,False,True,True
1348154,Injury,Moderate Injury,2024,2024,February,Monday,20:00 - 21:59,VALLEY VIEW,CCT,0,Right on the spot,NUMBER 23,HN,WARRIEWOOD,,No,Not a school zone,2-way undivided,-33.683801,151.294097,Northern Beaches,Sydney metro. area,Syd-Newc-Woll Gtr conurbation,Straight,,,,Nil,Sealed,Dry,Fine,Darkness,Nil,No traffic controls,50 km/h,Local,71,Off rd left => obj,703,Left off cway into object,,Other angle,Car (sedan/hatch),Car (sedan/hatch),4,0,0,1,0,2,February,Summer,Monday,20:00 - 21:59,Evening / night,False,False,True,True
1348159,Injury,Moderate Injury,2024,2024,March,Tuesday,16:00 - 17:59,CARRINGTON,AVE,0,Right on the spot,WARWICK,ST,HURSTVILLE,,No,Not a school zone,X-intersection,-33.954471,151.090991,Georges River,Sydney metro. area,Syd-Newc-Woll Gtr conurbation,Straight,Steep grade,,,Off,Sealed,Dry,Fine,Daylight,Nil,Stop sign,50 km/h,Local,10,Cross traffic,101,Adj - Cross traffic,,Right angle,4 wheel drive / SUV,Car (sedan/hatch),2,0,0,1,0,3,March,Autumn,Tuesday,16:00 - 17:59,PM peak / evening commute,True,False,True,True
1348160,Injury,Serious Injury,2024,2024,March,Monday,08:00 - 09:59,GRAND,DR,150,West,DARLEY,RD,CENTENNIAL PARK,,No,Not a school zone,1-way street,-33.903746,151.231005,Randwick,Sydney metro. area,Syd-Newc-Woll Gtr conurbation,Curved,,,,Nil,Sealed,Dry,Fine,Daylight,Nil,No traffic controls,30 km/h,Local,88,Out of cont on bend,805,Out of control on bend,,Rollover,Pedal cycle,,1,0,1,0,0,3,March,Autumn,Monday,08:00 - 09:59,AM peak / school commute,True,False,True,True
1348161,Injury,Moderate Injury,2024,2024,March,Sunday,14:00 - 15:59,WYNDHAM,ST,20,South,HENDERSON,RD,ALEXANDRIA,2011.0,No,Not a school zone,2-way undivided,-33.897094,151.198363,Sydney,Sydney metro. area,Syd-Newc-Woll Gtr conurbation,Straight,,,,Nil,Sealed,Dry,Fine,Daylight,Nil,No traffic controls,50 km/h,Regional,35,Lane change left,307,Same - Lane change left,,Other angle,Car (sedan/hatch),Motor scooter,2,0,0,1,0,3,March,Autumn,Sunday,14:00 - 15:59,Midday / afternoon,False,False,True,True
1348162,Injury,Moderate Injury,2024,2024,February,Saturday,22:00 - Midnight,MARSDEN,RD,0,Right on the spot,SHEPHERD,ST,COLYTON,,No,Not a school zone,X-intersection,-33.784147,150.782905,Penrith,Sydney metro. area,Syd-Newc-Woll Gtr conurbation,Straight,,,,Nil,Sealed,Dry,Fine,Darkness,Nil,Stop sign,50 km/h,Local,31,Left rear,302,Same - Rear left,,Rear end,Unknown motor vehicle,Motorcycle,2,0,0,1,0,2,February,Summer,Saturday,22:00 - Midnight,Evening / night,False,False,True,True
1348164,Injury,Serious Injury,2024,2024,March,Friday,18:00 - 19:59,CUMBERLAND,RD,0,Right on the spot,RICKARD,ST,AUBURN,,No,Not a school zone,T-junction,-33.857191,151.02418,Cumberland,Sydney metro. area,Syd-Newc-Woll Gtr conurbation,Straight,,,,On,Sealed,Dry,Fine,Darkness,Nil,Give way sign,50 km/h,Local,36,Right turn sideswipe,308,Same - Rgt turn side swipe,,Other angle,Car (sedan/hatch),Passenger van,2,0,1,2,3,3,March,Autumn,Friday,18:00 - 19:59,PM peak / evening commute,True,False,True,True
1348166,Injury,Minor/Other Injury,2024,2024,March,Thursday,16:00 - 17:59,BIRRELL,ST,15,West,PARK,PDE,BONDI JUNCTION,7335.0,No,Not a school zone,2-way undivided,-33.897071,151.258793,Waverley,Sydney metro. area,Syd-Newc-Woll Gtr conurbation,Straight,,,,Off,Sealed,Dry,Fine,Daylight,Nil,No traffic controls,50 km/h,Regional,63,Vehicle door,604,On path - Vehicle door,,Other angle,Pedal cycle,4 wheel drive / SUV,2,0,0,0,1,3,March,Autumn,Thursday,16:00 - 17:59,PM peak / evening commute,True,False,True,True
1348167,Injury,Moderate Injury,2024,2024,March,Saturday,08:00 - 09:59,BOTANY,RD,0,Right on the spot,EDWARD,ST,BOTANY,170.0,No,Not a school zone,T-junction,-33.945577,151.196999,Bayside,Sydney metro. area,Syd-Newc-Woll Gtr conurbation,Straight,,,,Nil,Sealed,Dry,Fine,Daylight,Nil,No traffic controls,50 km/h,State,13,Right near,104,Adj - Right-thru from right,,Right angle,4 wheel drive / SUV,Car (sedan/hatch),4,0,0,1,0,3,March,Autumn,Saturday,08:00 - 09:59,AM peak / school commute,True,False,True,True
1348171,Injury,Moderate Injury,2024,2024,April,Wednesday,12:00 - 13:59,SCOTTS HEAD,RD,1450,West,GRASSY HEAD,RD,WAY WAY,7736.0,No,Not a school zone,2-way undivided,-30.760772,152.9673,Nambucca Valley,Country non-urban,Rest of NSW - Rural,Curved,Painted double centre lines,,,Nil,Sealed,Dry,Fine,Daylight,Nil,No traffic controls,100 km/h,Regional,20,Head on,201,Opp - Head on,,Head-on,4 wheel drive / SUV,4 wheel drive / SUV,2,0,0,1,1,4,April,Autumn,Wednesday,12:00 - 13:59,Midday / afternoon,False,False,True,True
1348173,Injury,Moderate Injury,2024,2024,March,Friday,12:00 - 13:59,ATCHISON,ST,0,Right on the spot,WILLOUGHBY,RD,CROWS NEST,,No,Not a school zone,X-intersection,-33.822967,151.200928,North Sydney,Sydney metro. area,Syd-Newc-Woll Gtr conurbation,Straight,,,,Off,Sealed,Dry,Fine,Daylight,Nil,Give way sign,50 km/h,Local,10,Cross traffic,101,Adj - Cross traffic,,Right angle,Car (sedan/hatch),Motor scooter,2,0,0,1,0,3,March,Autumn,Friday,12:00 - 13:59,Midday / afternoon,False,False,True,True
1348174,Injury,Moderate Injury,2024,2024,March,Friday,08:00 - 09:59,GLEBE,RD,50,West,JAMES,ST,HAMILTON SOUTH,188.0,No,Not a school zone,2-way undivided,-32.936244,151.73741,Newcastle,Newcastle met. area,Syd-Newc-Woll Gtr conurbation,Straight,,,,Off,Sealed,Wet,Raining,Daylight,Nil,No traffic controls,60 km/h,Regional,30,Rear end,301,Same - Rear end,,Rear end,4 wheel drive / SUV,Car (sedan/hatch),3,0,0,1,0,3,March,Autumn,Friday,08:00 - 09:59,AM peak / school commute,True,False,True,True
1348175,Injury,Moderate Injury,2024,2024,March,Wednesday,18:00 - 19:59,RESERVOIR,RD,0,Right on the spot,BLACKTOWN WORKERS SPORTS CLUB,ENT,BLACKTOWN,683.0,No,Not a school zone,Other,-33.794863,150.897534,Blacktown,Sydney metro. area,Syd-Newc-Woll Gtr conurbation,Straight,Driveway/entrance,,,Nil,Sealed,Dry,Fine,Daylight,Nil,Give way sign,60 km/h,State,47,Emerging from drive,406,Manov - Emerging from driveway,,Right angle,4 wheel drive / SUV,Car (sedan/hatch),2,0,0,2,0,3,March,Autumn,Wednesday,18:00 - 19:59,PM peak / evening commute,True,False,True,True
1348177,Injury,Moderate Injury,2024,2024,March,Friday,08:00 - 09:59,GREAT WESTERN,HWY,215,West,ORIENT,ST,LAWSON,5.0,No,Not a school zone,Divided road,-33.718469,150.431989,Blue Mountains,Country urban,Syd-Newc-Woll Gtr conurbation,Curved,,,,Off,Sealed,Dry,Overcast,Daylight,Nil,No traffic controls,70 km/h,State,30,Rear end,301,Same - Rear end,,Rear end,Unknown motor vehicle,Car (sedan/hatch),3,0,0,2,0,3,March,Autumn,Friday,08:00 - 09:59,AM peak / school commute,True,False,True,True
1348178,Injury,Serious Injury,2024,2024,March,Thursday,10:00 - 11:59,EDGEWORTH DAVID,AVE,0,Right on the spot,ROMSEY,ST,HORNSBY,2043.0,No,Not a school zone,T-junction,-33.706032,151.103652,Hornsby,Sydney metro. area,Syd-Newc-Woll Gtr conurbation,Straight,,,,On,Sealed,Dry,Fine,Daylight,On,No traffic controls,50 km/h,Regional,2,Ped far side,3,Ped - Far side,,Vehicle - Pedestrian,4 wheel drive / SUV,Pedestrian,8,0,1,0,0,3,March,Autumn,Thursday,10:00 - 11:59,Midday / afternoon,False,False,True,True
1348180,Injury,Serious Injury,2024,2024,January,Friday,22:00 - Midnight,ASPEN,AVE,10,North,CHERYL,AVE,TERRIGAL,,No,Not a school zone,T-junction,-33.43378,151.433283,Central Coast,Country urban,Syd-Newc-Woll Gtr conurbation,Straight,Steep grade,,,On,Sealed,Dry,Fine,Darkness,Nil,No traffic controls,50 km/h,Local,71,Off rd left => obj,703,Left off cway into object,,Other angle,Car (sedan/hatch),Light truck utility(from 2018),2,0,1,0,0,1,January,Summer,Friday,22:00 - Midnight,Evening / night,False,False,True,True
1348186,Injury,Moderate Injury,2024,2024,March,Sunday,08:00 - 09:59,BRONTE,RD,0,Right on the spot,GARDYNE,ST,BRONTE,,No,Not a school zone,T-junction,-33.902972,151.261052,Waverley,Sydney metro. area,Syd-Newc-Woll Gtr conurbation,Straight,Steep grade,,,Unknown / not stated,Sealed,Dry,Fine,Daylight,Nil,Stop sign,50 km/h,Local,21,Right through,202,Opp - Right-thru,,Other angle,Car (sedan/hatch),Pedal cycle,2,0,0,1,0,3,March,Autumn,Sunday,08:00 - 09:59,AM peak / school commute,True,False,True,True
1348187,Injury,Serious Injury,2024,2024,March,Saturday,14:00 - 15:59,BOULDER BAY,RD,0,Right on the spot,MARKET,ST,FINGAL BAY,,No,Not a school zone,T-junction,-32.748748,152.169403,Port Stephens,Country urban,Rest of NSW - Urban,Straight,,,,Nil,Sealed,Dry,Fine,Daylight,Nil,No traffic controls,50 km/h,Local,21,Right through,202,Opp - Right-thru,,Other angle,4 wheel drive / SUV,4 wheel drive / SUV,2,0,1,0,0,3,March,Autumn,Saturday,14:00 - 15:59,Midday / afternoon,False,False,True,True
1348192,Injury,Moderate Injury,2024,2024,January,Thursday,16:00 - 17:59,MOWBRAY,RD,0,Right on the spot,HIGH,ST,WILLOUGHBY,2092.0,No,Not a school zone,T-junction,-33.804198,151.204247,Willoughby,Sydney metro. area,Syd-Newc-Woll Gtr conurbation,Straight,,,,Nil,Sealed,Dry,Fine,Daylight,On,No traffic controls,50 km/h,Regional,21,Right through,202,Opp - Right-thru,,Other angle,Car (sedan/hatch),4 wheel drive / SUV,2,0,0,1,0,1,January,Summer,Thursday,16:00 - 17:59,PM peak / evening commute,True,False,True,True
1348193,Injury,Serious Injury,2024,2024,March,Monday,18:00 - 19:59,NEWTON,RD,70,West,MEROO,ST,BLACKTOWN,7155.0,Yes,No,2-way undivided,-33.772639,150.897695,Blacktown,Sydney metro. area,Syd-Newc-Woll Gtr conurbation,Straight,,,,Nil,Sealed,Dry,Fine,Daylight,Nil,Ped crossing,50 km/h,Regional,0,Ped nearside,1,Ped - Near side,,Vehicle - Pedestrian,4 wheel drive / SUV,Pedestrian,2,0,1,0,0,3,March,Autumn,Monday,18:00 - 19:59,PM peak / evening commute,True,False,True,True
1348198,Injury,Serious Injury,2024,2024,March,Sunday,08:00 - 09:59,CAMPBELL,PDE,10,South,QUEEN ELIZABETH,DR,BONDI BEACH,,No,Not a school zone,Roundabout,-33.892323,151.2731,Waverley,Sydney metro. area,Syd-Newc-Woll Gtr conurbation,Curved,,,,Off,Sealed,Dry,Fine,Daylight,Nil,Give way sign,40 km/h,Local,83,Off rt/rt bnd=>obj,803,Off right bend into obj,Right,Vehicle - Object,Pedal cycle,,1,0,1,0,0,3,March,Autumn,Sunday,08:00 - 09:59,AM peak / school commute,True,False,True,True
1348207,Injury,Moderate Injury,2024,2024,March,Wednesday,12:00 - 13:59,PRINCES,HWY,0,Right on the spot,CHURCH,ST,MORUYA,1.0,No,Not a school zone,X-intersection,-35.909233,150.081,Eurobodalla,Country urban,Rest of NSW - Urban,Straight,,,,Off,Sealed,Dry,Fine,Daylight,On,No traffic controls,50 km/h,State,10,Cross traffic,101,Adj - Cross traffic,,Right angle,Car (sedan/hatch),Car (sedan/hatch),2,0,0,1,0,3,March,Autumn,Wednesday,12:00 - 13:59,Midday / afternoon,False,False,True,True
1348209,Injury,Minor/Other Injury,2024,2024,February,Thursday,12:00 - 13:59,DENMAN,AVE,50,East,WOOLOOWARE,RD,WOOLOOWARE,,No,Not a school zone,2-way undivided,-34.046816,151.142296,Sutherland,Sydney metro. area,Syd-Newc-Woll Gtr conurbation,Straight,,,,Off,Sealed,Wet,Raining,Daylight,Nil,No traffic controls,50 km/h,Local,71,Off rd left => obj,703,Left off cway into object,,Other angle,4 wheel drive / SUV,4 wheel drive / SUV,2,0,0,0,1,2,February,Summer,Thursday,12:00 - 13:59,Midday / afternoon,False,False,True,True
1348215,Injury,Moderate Injury,2024,2024,March,Wednesday,06:00 - 07:59,CARLINGFORD,RD,0,Right on the spot,REMBRANDT,ST,CARLINGFORD,373.0,No,Not a school zone,T-junction,-33.777384,151.05347,Parramatta,Sydney metro. area,Syd-Newc-Woll Gtr conurbation,Straight,Steep grade,,,Off,Sealed,Dry,Fine,Daylight,On,No traffic controls,60 km/h,State,21,Right through,202,Opp - Right-thru,,Other angle,Car (sedan/hatch),4 wheel drive / SUV,2,0,0,2,0,3,March,Autumn,Wednesday,06:00 - 07:59,AM peak / school commute,True,False,True,True
1348216,Injury,Moderate Injury,2024,2024,March,Monday,06:00 - 07:59,NORTH ROCKS,RD,0,Right on the spot,NUMBER 207,HN,NORTH ROCKS,7144.0,No,Not a school zone,2-way undivided,-33.778964,151.011227,Parramatta,Sydney metro. area,Syd-Newc-Woll Gtr conurbation,Straight,Driveway/entrance,,,Nil,Sealed,Dry,Fine,Daylight,Nil,No traffic controls,60 km/h,Regional,47,Emerging from drive,406,Manov - Emerging from driveway,,Right angle,4 wheel drive / SUV,Car (sedan/hatch),2,0,0,1,0,3,March,Autumn,Monday,06:00 - 07:59,AM peak / school commute,True,False,True,True
1348223,Injury,Moderate Injury,2024,2024,March,Thursday,20:00 - 21:59,OLD SOUTH HEAD,RD,0,Right on the spot,FLOOD,ST,BELLEVUE HILL,339.0,No,Not a school zone,T-junction,-33.889362,151.25948,Woollahra,Sydney metro. area,Syd-Newc-Woll Gtr conurbation,Curved,Steep grade,,,On,Sealed,Dry,Fine,Darkness,On,No traffic controls,50 km/h,State,30,Rear end,301,Same - Rear end,,Rear end,Car (sedan/hatch),Motor scooter,2,0,0,1,0,3,March,Autumn,Thursday,20:00 - 21:59,Evening / night,False,False,True,True
1348224,Injury,Moderate Injury,2024,2024,March,Friday,08:00 - 09:59,REID,RD,0,Right on the spot,NUMBER 44,HN,WINMALEE,,No,Not a school zone,2-way undivided,-33.678805,150.604333,Blue Mountains,Country urban,Syd-Newc-Woll Gtr conurbation,Curved,,,,Off,Sealed,Dry,Fine,Daylight,Nil,No traffic controls,50 km/h,Local,87,Off lft/lft bnd=>obj,804,Off left bend into obj,Left,Vehicle - Object,Car (sedan/hatch),,1,0,0,1,0,3,March,Autumn,Friday,08:00 - 09:59,AM peak / school commute,True,False,True,True