crash_id,degree_of_crash,degree_of_crash_-_detailed,reporting_year,year_of_crash,month_of_crash,day_of_week_of_crash,two-hour_intervals,street_of_crash,street_type,distance,direction,identifying_feature,identifying_feature_type,town,route_no.,school_zone_location,school_zone_active,type_of_location,latitude,longitude,lga,urbanisation,conurbation_1,alignment,primary_permanent_feature,primary_temporary_feature,primary_hazardous_feature,street_lighting,road_surface,surface_condition,weather,natural_lighting,signals_operation,other_traffic_control,speed_limit,road_classification_(admin),rum_-_code,rum_-_description,dca_-_code,dca_-_description,dca_supplement,first_impact_type,key_tu_type,other_tu_type,no._of_traffic_units_involved,no._killed,no._seriously_injured,no._moderately_injured,no._minor-other_injured,month_num,month_label,season,day_label,time_label,time_band,is_peak_commute,is_fatal,is_injury,is_casualty
1348225,Injury,Minor/Other Injury,2024,2024,March,Monday,04:00 - 05:59,MILITARY,RD,0,Right on the spot,BEN BOYD,RD,NEUTRAL BAY,164.0,No,Not a school zone,X-intersection,-33.830405,151.219489,North Sydney,Sydney metro. area,Syd-Newc-Woll Gtr conurbation,Straight,,,,On,Sealed,Dry,Fine,Dawn,On,No traffic controls,60 km/h,State,10,Cross traffic,101,Adj - Cross traffic,,Right angle,Light truck utility(from 2018),4 wheel drive / SUV,2,0,0,0,1,3,March,Autumn,Monday,04:00 - 05:59,Late night / early morning,False,False,True,True
1348227,Injury,Moderate Injury,2024,2024,March,Saturday,18:00 - 19:59,BROOKS,ST,50,South,NESCA,PDE,COOKS HILL,,No,Not a school zone,2-way undivided,-32.933549,151.77169,Newcastle,Newcastle met. area,Syd-Newc-Woll Gtr conurbation,Straight,,,,Off,Sealed,Dry,Fine,Darkness,Nil,No traffic controls,50 km/h,Local,30,Rear end,301,Same - Rear end,,Rear end,Pedal cycle,Car (sedan/hatch),3,0,0,1,0,3,March,Autumn,Saturday,18:00 - 19:59,PM peak / evening commute,True,False,True,True
1348231,Injury,Moderate Injury,2024,2024,February,Tuesday,06:00 - 07:59,VICTORIA,RD,0,Right on the spot,JAMES RUSE DRIVE,OP,PARRAMATTA,165.0,No,Not a school zone,Divided road,-33.809169,151.023556,Parramatta,Sydney metro. area,Syd-Newc-Woll Gtr conurbation,Straight,Other bridge,,,Off,Sealed,Dry,Fine,Dawn,Nil,No traffic controls,60 km/h,State,30,Rear end,301,Same - Rear end,,Rear end,Light truck,Light truck,3,0,0,1,0,2,February,Summer,Tuesday,06:00 - 07:59,AM peak / school commute,True,False,True,True
1348233,Injury,Moderate Injury,2024,2024,March,Tuesday,16:00 - 17:59,CLIFFORD,ST,50,North,ALBERT,ST,GOULBURN,,Yes,No,2-way undivided,-34.747795,149.71104,Goulburn Mulwaree,Country urban,Rest of NSW - Urban,Straight,,,,Off,Sealed,Dry,Fine,Daylight,Nil,No traffic controls,50 km/h,Local,40,U turn,207,Opp - U-turn,,Other angle,Car (sedan/hatch),4 wheel drive / SUV,2,0,0,1,0,3,March,Autumn,Tuesday,16:00 - 17:59,PM peak / evening commute,True,False,True,True
1348236,Injury,Moderate Injury,2024,2024,March,Saturday,10:00 - 11:59,GREAT WESTERN,HWY,0,Right on the spot,DOONSIDE,RD,ARNDELL PARK,5.0,No,Not a school zone,X-intersection,-33.79216,150.8715,Blacktown,Sydney metro. area,Syd-Newc-Woll Gtr conurbation,Straight,,,,Off,Sealed,Dry,Fine,Daylight,On,No traffic controls,80 km/h,State,13,Right near,104,Adj - Right-thru from right,,Right angle,4 wheel drive / SUV,Station wagon,2,0,0,2,0,3,March,Autumn,Saturday,10:00 - 11:59,Midday / afternoon,False,False,True,True
1348240,Injury,Moderate Injury,2024,2024,March,Monday,04:00 - 05:59,WEST,ST,50,South,MCDOUGAL,ST,CASINO,83.0,No,Not a school zone,2-way undivided,-28.852071,153.046097,Richmond Valley,Country urban,Rest of NSW - Urban,Curved,,,,On,Sealed,Dry,Fine,Darkness,Nil,No traffic controls,50 km/h,State,81,Off left/rt bnd=>obj,803,Off right bend into obj,Left,Vehicle - Object,Light truck utility(from 2018),,1,0,0,1,0,3,March,Autumn,Monday,04:00 - 05:59,Late night / early morning,False,False,True,True
1348244,Injury,Serious Injury,2024,2024,March,Saturday,18:00 - 19:59,GEORGE,ST,5,North,STIRLING,ST,REDFERN,,No,Not a school zone,T-junction,-33.890768,151.202523,Sydney,Sydney metro. area,Syd-Newc-Woll Gtr conurbation,Straight,,,,Off,Sealed,Dry,Overcast,Daylight,Nil,No traffic controls,40 km/h,Local,1,Ped emerging,2,Ped - emerging,,Vehicle - Pedestrian,Car (sedan/hatch),Pedestrian,3,0,1,0,0,3,March,Autumn,Saturday,18:00 - 19:59,PM peak / evening commute,True,False,True,True
1348246,Injury,Minor/Other Injury,2024,2024,March,Friday,08:00 - 09:59,CUMBERLAND,HWY,0,Right on the spot,THORNEY,RD,FAIRFIELD WEST,13.0,No,Not a school zone,X-intersection,-33.873745,150.925745,Fairfield,Sydney metro. area,Syd-Newc-Woll Gtr conurbation,Straight,,,,Off,Sealed,Dry,Fine,Daylight,On,No traffic controls,70 km/h,State,2,Ped far side,3,Ped - Far side,,Vehicle - Pedestrian,4 wheel drive / SUV,Pedestrian,2,0,0,0,1,3,March,Autumn,Friday,08:00 - 09:59,AM peak / school commute,True,False,True,True
1348249,Injury,Moderate Injury,2024,2024,March,Saturday,10:00 - 11:59,NELSON,ST,0,Right on the spot,SCHOLEY,ST,MAYFIELD,,No,Not a school zone,T-junction,-32.908295,151.73991,Newcastle,Newcastle met. area,Syd-Newc-Woll Gtr conurbation,Straight,,,,Off,Sealed,Dry,Fine,Daylight,Nil,Give way sign,50 km/h,Local,12,Left far,103,Adj - Left-thru from left,,Right angle,4 wheel drive / SUV,Pedal cycle,2,0,0,1,0,3,March,Autumn,Saturday,10:00 - 11:59,Midday / afternoon,False,False,True,True
1348250,Injury,Serious Injury,2024,2024,March,Saturday,14:00 - 15:59,PATONGA,DR,570,West,PEAR BEACH,DR,PATONGA,,No,Not a school zone,2-way undivided,-33.535913,151.297844,Central Coast,Country urban,Syd-Newc-Woll Gtr conurbation,Curved,,,,Nil,Sealed,Dry,Fine,Daylight,Nil,No traffic controls,80 km/h,Local,81,Off left/rt bnd=>obj,803,Off right bend into obj,Left,Vehicle - Object,Motorcycle,,1,0,1,0,0,3,March,Autumn,Saturday,14:00 - 15:59,Midday / afternoon,False,False,True,True
1348251,Injury,Serious Injury,2024,2024,January,Wednesday,14:00 - 15:59,WALLUMATTA,RD,0,Right on the spot,NUMBER 24,HN,CARINGBAH,,No,Not a school zone,2-way undivided,-34.043003,151.131737,Sutherland,Sydney metro. area,Syd-Newc-Woll Gtr conurbation,Straight,Driveway/entrance,,,Nil,Sealed,Unknown,Unknown,Daylight,Nil,No traffic controls,50 km/h,Local,81,Off left/rt bnd=>obj,803,Off right bend into obj,Left,Vehicle - Object,Car (sedan/hatch),,1,0,2,0,0,1,January,Summer,Wednesday,14:00 - 15:59,Midday / afternoon,False,False,True,True
1348255,Injury,Moderate Injury,2024,2024,March,Sunday,18:00 - 19:59,WONIORA,RD,10,North,KING,ST,SOUTH HURSTVILLE,,No,Not a school zone,T-junction,-33.976025,151.108143,Georges River,Sydney metro. area,Syd-Newc-Woll Gtr conurbation,Straight,,,,On,Sealed,Dry,Fine,Darkness,Nil,No traffic controls,50 km/h,Local,71,Off rd left => obj,703,Left off cway into object,,Other angle,Utility,Station wagon,3,0,0,1,0,3,March,Autumn,Sunday,18:00 - 19:59,PM peak / evening commute,True,False,True,True
1348259,Injury,Moderate Injury,2024,2024,February,Tuesday,08:00 - 09:59,PACIFIC,HWY,0,Right on the spot,PEATS FERRY,RD,HORNSBY,10.0,No,Not a school zone,T-junction,-33.704576,151.098678,Hornsby,Sydney metro. area,Syd-Newc-Woll Gtr conurbation,Straight,,,,Off,Sealed,Dry,Fine,Daylight,On,Ped crossing,60 km/h,State,0,Ped nearside,1,Ped - Near side,,Vehicle - Pedestrian,4 wheel drive / SUV,Pedestrian,2,0,0,2,0,2,February,Summer,Tuesday,08:00 - 09:59,AM peak / school commute,True,False,True,True
1348261,Injury,Serious Injury,2024,2024,March,Sunday,08:00 - 09:59,O'BRIENS CREEK,RD,1000,East,HOLBROOK,RD,MAXWELL,,No,Not a school zone,2-way undivided,-35.288566,147.314173,Wagga Wagga,Country non-urban,Rest of NSW - Rural,Straight,,,,Nil,Sealed,Dry,Fine,Daylight,Nil,No traffic controls,100 km/h,Local,67,Struck animal,609,On path - Hit animal,,Vehicle - Animal,Motorcycle,,1,0,1,0,0,3,March,Autumn,Sunday,08:00 - 09:59,AM peak / school commute,True,False,True,True
1348271,Injury,Moderate Injury,2024,2024,March,Friday,14:00 - 15:59,MOONDANI,RD,25,East,KING GEORGES,RD,BEVERLY HILLS,,No,Not a school zone,2-way undivided,-33.940491,151.076187,Canterbury-Bankstown,Sydney metro. area,Syd-Newc-Woll Gtr conurbation,Straight,Driveway/entrance,,,Off,Sealed,Dry,Fine,Daylight,Nil,No traffic controls,50 km/h,Local,0,Ped nearside,1,Ped - Near side,,Vehicle - Pedestrian,Car (sedan/hatch),Pedestrian,2,0,0,1,0,3,March,Autumn,Friday,14:00 - 15:59,Midday / afternoon,False,False,True,True
1348273,Injury,Moderate Injury,2024,2024,March,Sunday,20:00 - 21:59,BRIDGE,RD,0,Right on the spot,ROSS,ST,FOREST LODGE,523.0,Yes,No,X-intersection,-33.882275,151.182334,Sydney,Sydney metro. area,Syd-Newc-Woll Gtr conurbation,Straight,,,,On,Sealed,Dry,Fine,Darkness,On,No traffic controls,40 km/h,State,20,Head on,201,Opp - Head on,,Head-on,4 wheel drive / SUV,4 wheel drive / SUV,2,0,0,1,0,3,March,Autumn,Sunday,20:00 - 21:59,Evening / night,False,False,True,True
1348275,Injury,Moderate Injury,2024,2024,March,Sunday,20:00 - 21:59,STACEY,ST,0,Right on the spot,HUME HIGHWAY,TO,BANKSTOWN,190.0,No,Not a school zone,Other,-33.906399,151.040205,Canterbury-Bankstown,Sydney metro. area,Syd-Newc-Woll Gtr conurbation,Straight,,,"Loose gravel, sealed",Off,Sealed,Dry,Fine,Darkness,Nil,No traffic controls,60 km/h,State,74,On road-out of cont.,705,Out of control on cway,,Rollover,Motorcycle,,1,0,0,1,0,3,March,Autumn,Sunday,20:00 - 21:59,Evening / night,False,False,True,True
1348276,Injury,Serious Injury,2024,2024,March,Monday,18:00 - 19:59,GENERAL HOLMES,DR,10,South,BESTIC,ST,KYEEMAGH,194.0,No,Not a school zone,X-intersection,-33.951734,151.161299,Bayside,Sydney metro. area,Syd-Newc-Woll Gtr conurbation,Straight,,,,Off,Sealed,Dry,Fine,Daylight,On,No traffic controls,60 km/h,State,30,Rear end,301,Same - Rear end,,Rear end,Motorcycle,Station wagon,2,0,1,0,0,3,March,Autumn,Monday,18:00 - 19:59,PM peak / evening commute,True,False,True,True
1348280,Injury,Moderate Injury,2024,2024,March,Thursday,20:00 - 21:59,FIVE ISLANDS,RD,0,Right on the spot,KING,ST,PORT KEMBLA,295.0,No,Not a school zone,X-intersection,-34.478418,150.886734,Wollongong,Wollongong met. area,Syd-Newc-Woll Gtr conurbation,Straight,,,,On,Sealed,Wet,Raining,Darkness,On,No traffic controls,60 km/h,State,10,Cross traffic,101,Adj - Cross traffic,,Right angle,Car (sedan/hatch),Car (sedan/hatch),2,0,0,1,1,3,March,Autumn,Thursday,20:00 - 21:59,Evening / night,False,False,True,True
1348282,Injury,Moderate Injury,2024,2024,February,Wednesday,12:00 - 13:59,HIGH,ST,10,East,FLETT,ST,TAREE,,No,Not a school zone,Roundabout,-31.911734,152.450519,Mid-Coast,Country urban,Rest of NSW - Urban,Straight,,,,Off,Sealed,Dry,Fine,Daylight,Nil,Give way sign,50 km/h,Local,33,Lane sideswipe,305,Same - Lane side swipe,,Other angle,Car (sedan/hatch),Pedal cycle,2,0,0,1,0,2,February,Summer,Wednesday,12:00 - 13:59,Midday / afternoon,False,False,True,True
1348286,Injury,Moderate Injury,2024,2024,March,Friday,20:00 - 21:59,OLD PRINCES,HWY,100,South,MEMORIAL,DR,BULLI,,No,Not a school zone,2-way undivided,-34.337882,150.910028,Wollongong,Wollongong met. area,Syd-Newc-Woll Gtr conurbation,Straight,Foot/cycle path/nature strip,,,On,Sealed,Dry,Fine,Darkness,Nil,No traffic controls,60 km/h,Local,48,From footpath,408,Manov - From footway,,Other angle,Pedal cycle,Motorcycle,2,0,0,1,0,3,March,Autumn,Friday,20:00 - 21:59,Evening / night,False,False,True,True
1348288,Injury,Serious Injury,2024,2024,April,Monday,12:00 - 13:59,NEWELL,HWY,0,Right on the spot,BOGOLONG,RD,GRONG GRONG,17.0,No,Not a school zone,T-junction,-34.715425,146.785353,Narrandera,Country non-urban,Rest of NSW - Rural,Straight,,,,Nil,Sealed,Dry,Fine,Daylight,Nil,Give way sign,110 km/h,State,13,Right near,104,Adj - Right-thru from right,,Right angle,4 wheel drive / SUV,4 wheel drive / SUV,2,0,1,0,0,4,April,Autumn,Monday,12:00 - 13:59,Midday / afternoon,False,False,True,True
1348292,Injury,Minor/Other Injury,2024,2024,March,Monday,12:00 - 13:59,BUCKETTS,WAY,5163,North,REISDALE,RD,STROUD ROAD,90.0,No,Not a school zone,2-way undivided,-32.302173,151.915937,Mid-Coast,Country non-urban,Rest of NSW - Rural,Curved,Steep grade,,,Nil,Sealed,Dry,Fine,Daylight,Nil,No traffic controls,90 km/h,Regional,83,Off rt/rt bnd=>obj,803,Off right bend into obj,Right,Vehicle - Object,Car (sedan/hatch),,2,0,0,0,1,3,March,Autumn,Monday,12:00 - 13:59,Midday / afternoon,False,False,True,True
1348295,Injury,Serious Injury,2024,2024,March,Sunday,20:00 - 21:59,YORK,ST,10,North,ANZAC,PDE,TERALBA,,No,Not a school zone,X-intersection,-32.963668,151.605127,Lake Macquarie,Newcastle met. area,Syd-Newc-Woll Gtr conurbation,Straight,,,,On,Sealed,Dry,Fine,Darkness,Nil,Stop sign,40 km/h,Local,3,Ped on carriageway,4,Ped - On carriageway,,Vehicle - Pedestrian,4 wheel drive / SUV,Pedestrian,2,0,1,0,0,3,March,Autumn,Sunday,20:00 - 21:59,Evening / night,False,False,True,True
1348298,Injury,Moderate Injury,2024,2024,March,Tuesday,06:00 - 07:59,BURNT BRIDGE CREEK DEVIATION,MS,100,North,SYDNEY,RD,BALGOWLAH,164.0,No,Not a school zone,Divided road,-33.795127,151.253182,Northern Beaches,Sydney metro. area,Syd-Newc-Woll Gtr conurbation,Straight,Crest,,,Off,Sealed,Wet,Overcast,Daylight,Nil,No traffic controls,60 km/h,State,35,Lane change left,307,Same - Lane change left,,Other angle,Motorcycle,Light truck utility(from 2018),2,0,0,1,0,3,March,Autumn,Tuesday,06:00 - 07:59,AM peak / school commute,True,False,True,True
1348299,Injury,Moderate Injury,2024,2024,January,Saturday,22:00 - Midnight,EWOS,PDE,10,South,RICHMOUNT,ST,CRONULLA,,No,Not a school zone,T-junction,-34.063342,151.153512,Sutherland,Sydney metro. area,Syd-Newc-Woll Gtr conurbation,Straight,,,,On,Sealed,Wet,Raining,Darkness,Nil,No traffic controls,50 km/h,Local,71,Off rd left => obj,703,Left off cway into object,,Other angle,Station wagon,4 wheel drive / SUV,3,0,0,1,0,1,January,Summer,Saturday,22:00 - Midnight,Evening / night,False,False,True,True
1348300,Injury,Serious Injury,2024,2024,March,Thursday,14:00 - 15:59,ORAN PARK,DR,0,Right on the spot,PETER BROCK,DR,ORAN PARK,,No,Not a school zone,X-intersection,-34.001133,150.739489,Camden,Sydney metro. area,Syd-Newc-Woll Gtr conurbation,Straight,,,,Off,Sealed,Dry,Fine,Daylight,On,No traffic controls,60 km/h,Local,21,Right through,202,Opp - Right-thru,,Other angle,Station wagon,Light truck utility(from 2018),2,0,1,0,0,3,March,Autumn,Thursday,14:00 - 15:59,Midday / afternoon,False,False,True,True
1348303,Injury,Moderate Injury,2024,2024,March,Saturday,14:00 - 15:59,BRIDGE,ST,10,North,PENSHURST,ST,PENSHURST,7012.0,No,Not a school zone,X-intersection,-33.96577,151.088915,Georges River,Sydney metro. area,Syd-Newc-Woll Gtr conurbation,Curved,,,,Nil,Sealed,Dry,Fine,Daylight,Nil,Ped crossing,50 km/h,Regional,11,Right far,102,Adj - Right-thru from left,,Right angle,Car (sedan/hatch),Car (sedan/hatch),2,0,0,1,0,3,March,Autumn,Saturday,14:00 - 15:59,Midday / afternoon,False,False,True,True
1348305,Injury,Moderate Injury,2024,2024,April,Wednesday,10:00 - 11:59,ROTARY,ST,5,North,THEO,ST,LIVERPOOL,,No,Not a school zone,T-junction,-33.912337,150.917915,Liverpool,Sydney metro. area,Syd-Newc-Woll Gtr conurbation,Straight,,,,Off,Sealed,Dry,Fine,Daylight,Nil,No traffic controls,50 km/h,Local,42,Leaving parking,401,Manov - Leaving parking,,Other angle,Car (sedan/hatch),4 wheel drive / SUV,3,0,0,1,1,4,April,Autumn,Wednesday,10:00 - 11:59,Midday / afternoon,False,False,True,True
1348306,Injury,Moderate Injury,2024,2024,March,Wednesday,18:00 - 19:59,RANGE,RD,1000,East,LAMBS,LANE,MUMMEL,,No,Not a school zone,2-way undivided,-34.693687,149.602423,Goulburn Mulwaree,Country non-urban,Rest of NSW - Rural,Straight,Steep grade,,,Nil,Sealed,Dry,Fine,Dusk,Nil,No traffic controls,100 km/h,Local,70,Off road to left,701,Off carriageway to left,,Rollover,Car (sedan/hatch),,1,0,0,1,0,3,March,Autumn,Wednesday,18:00 - 19:59,PM peak / evening commute,True,False,True,True
1348307,Injury,Moderate Injury,2024,2024,March,Monday,18:00 - 19:59,PACIFIC,HWY,4850,South,BROOKLYN,RD,COWAN,10.0,No,Not a school zone,2-way undivided,-33.579111,151.18467,Hornsby,Sydney metro. area,Syd-Newc-Woll Gtr conurbation,Curved,,,,Nil,Sealed,Dry,Overcast,Dusk,Nil,No traffic controls,80 km/h,State,88,Out of cont on bend,805,Out of control on bend,,Rollover,Motorcycle,,1,0,0,1,0,3,March,Autumn,Monday,18:00 - 19:59,PM peak / evening commute,True,False,True,True
1348308,Injury,Minor/Other Injury,2024,2024,March,Tuesday,12:00 - 13:59,BIGGE,ST,0,Right on the spot,RAILWAY,ST,LIVERPOOL,,No,Not a school zone,T-junction,-33.924392,150.926613,Liverpool,Sydney metro. area,Syd-Newc-Woll Gtr conurbation,Straight,Driveway/entrance,,,Off,Sealed,Dry,Fine,Daylight,On,No traffic controls,40 km/h,Local,21,Right through,202,Opp - Right-thru,,Other angle,Light truck utility(from 2018),Motorcycle,2,0,0,0,1,3,March,Autumn,Tuesday,12:00 - 13:59,Midday / afternoon,False,False,True,True
1348309,Injury,Minor/Other Injury,2024,2024,February,Sunday,14:00 - 15:59,WESTERN,EXP,0,Right on the spot,PROSPECT HIGHWAY,TO,PROSPECT,6004.0,No,Not a school zone,Dual freeway,-33.806238,150.921362,Blacktown,Sydney metro. area,Syd-Newc-Woll Gtr conurbation,Straight,,,,Nil,Sealed,Dry,Fine,Daylight,Nil,No traffic controls,100 km/h,State,34,Lane change right,306,Same - Lane change right,,Other angle,Motorcycle,Unknown motor vehicle,2,0,0,0,1,2,February,Summer,Sunday,14:00 - 15:59,Midday / afternoon,False,False,True,True
1348311,Injury,Serious Injury,2024,2024,March,Wednesday,16:00 - 17:59,LAKE,RD,0,Right on the spot,COLLEGE,RD,GLENDALE,217.0,No,Not a school zone,X-intersection,-32.923523,151.652011,Lake Macquarie,Newcastle met. area,Syd-Newc-Woll Gtr conurbation,Straight,,,,Nil,Sealed,Dry,Fine,Daylight,On,No traffic controls,70 km/h,State,21,Right through,202,Opp - Right-thru,,Other angle,4 wheel drive / SUV,Motorcycle,2,0,1,0,0,3,March,Autumn,Wednesday,16:00 - 17:59,PM peak / evening commute,True,False,True,True
1348314,Injury,Serious Injury,2024,2024,March,Thursday,14:00 - 15:59,BRUNKER,RD,0,Right on the spot,NUMBER 1,HN,BROADMEADOW,604.0,No,Not a school zone,2-way undivided,-32.925173,151.73677,Newcastle,Newcastle met. area,Syd-Newc-Woll Gtr conurbation,Straight,Foot/cycle path/nature strip,,,Off,Sealed,Dry,Fine,Daylight,Nil,No traffic controls,60 km/h,Regional,48,From footpath,408,Manov - From footway,,Other angle,Pedal cycle,Light truck utility(from 2018),2,0,1,0,0,3,March,Autumn,Thursday,14:00 - 15:59,Midday / afternoon,False,False,True,True
1348322,Injury,Moderate Injury,2024,2024,March,Wednesday,20:00 - 21:59,ROYAL,PL,0,Right on the spot,LAMBTON,RD,NEW LAMBTON,223.0,No,Not a school zone,T-junction,-32.922375,151.71575,Newcastle,Newcastle met. area,Syd-Newc-Woll Gtr conurbation,Straight,,,,On,Sealed,Dry,Fine,Darkness,Nil,Give way sign,60 km/h,Regional,21,Right through,202,Opp - Right-thru,,Other angle,4 wheel drive / SUV,Car (sedan/hatch),2,0,0,2,0,3,March,Autumn,Wednesday,20:00 - 21:59,Evening / night,False,False,True,True
1348324,Injury,Moderate Injury,2024,2024,March,Thursday,18:00 - 19:59,CLYDEBANK,RD,0,Right on the spot,KOORINGAL,CL,BALMORAL,,No,Not a school zone,T-junction,-33.044863,151.582252,Lake Macquarie,Newcastle met. area,Syd-Newc-Woll Gtr conurbation,Curved,,,,On,Sealed,Dry,Fine,Dusk,Nil,No traffic controls,50 km/h,Local,21,Right through,202,Opp - Right-thru,,Other angle,4 wheel drive / SUV,Motorised push scooters,2,0,0,1,0,3,March,Autumn,Thursday,18:00 - 19:59,PM peak / evening commute,True,False,True,True
1348325,Injury,Minor/Other Injury,2024,2024,March,Friday,22:00 - Midnight,BALACLAVA,RD,20,East,GORDON,ST,EASTWOOD,2024.0,No,Not a school zone,2-way undivided,-33.785847,151.089162,Ryde,Sydney metro. area,Syd-Newc-Woll Gtr conurbation,Straight,Steep grade,,,On,Sealed,Dry,Fine,Darkness,Nil,No traffic controls,60 km/h,Regional,20,Head on,201,Opp - Head on,,Head-on,Car (sedan/hatch),Car (sedan/hatch),2,0,0,0,1,3,March,Autumn,Friday,22:00 - Midnight,Evening / night,False,False,True,True
1348326,Injury,Serious Injury,2024,2024,March,Friday,08:00 - 09:59,FASSIFERN,ST,0,Right on the spot,PICNIC,PDE,ETTALONG BEACH,,No,Not a school zone,T-junction,-33.511029,151.337561,Central Coast,Country urban,Syd-Newc-Woll Gtr conurbation,Straight,,,,Off,Sealed,Dry,Fine,Daylight,Nil,Give way sign,50 km/h,Local,13,Right near,104,Adj - Right-thru from right,,Right angle,4 wheel drive / SUV,Car (sedan/hatch),2,0,1,0,0,3,March,Autumn,Friday,08:00 - 09:59,AM peak / school commute,True,False,True,True
1348349,Injury,Moderate Injury,2024,2024,February,Wednesday,16:00 - 17:59,WESTERN,EXP,100,West,RESERVOIR ROAD,TO,BLACKTOWN,6004.0,No,Not a school zone,Dual freeway,-33.801595,150.878635,Blacktown,Sydney metro. area,Syd-Newc-Woll Gtr conurbation,Straight,,,,Unknown / not stated,Sealed,Dry,Fine,Daylight,Nil,No traffic controls,100 km/h,State,30,Rear end,301,Same - Rear end,,Rear end,4 wheel drive / SUV,4 wheel drive / SUV,6,0,0,1,2,2,February,Summer,Wednesday,16:00 - 17:59,PM peak / evening commute,True,False,True,True
1348350,Injury,Serious Injury,2024,2024,March,Monday,10:00 - 11:59,KINGSWAY,MS,0,Right on the spot,JACKSON,AVE,MIRANDA,227.0,No,Not a school zone,T-junction,-34.03445,151.104227,Sutherland,Sydney metro. area,Syd-Newc-Woll Gtr conurbation,Straight,,,,Unknown / not stated,Sealed,Dry,Fine,Daylight,Off,No traffic controls,60 km/h,State,19,Other adjacent,100,Adj - other,,Right angle,Car (sedan/hatch),Car (sedan/hatch),2,0,1,0,0,3,March,Autumn,Monday,10:00 - 11:59,Midday / afternoon,False,False,True,True
1348352,Injury,Moderate Injury,2024,2024,March,Tuesday,14:00 - 15:59,CHURCHILL,DR,50,East,WILLMOTT,AVE,WINSTON HILLS,,No,Not a school zone,2-way undivided,-33.776577,150.991062,Parramatta,Sydney metro. area,Syd-Newc-Woll Gtr conurbation,Straight,,,,Unknown / not stated,Sealed,Dry,Fine,Daylight,Nil,No traffic controls,50 km/h,Local,71,Off rd left => obj,703,Left off cway into object,,Vehicle - Object,4 wheel drive / SUV,,1,0,0,1,0,3,March,Autumn,Tuesday,14:00 - 15:59,Midday / afternoon,False,False,True,True
1348355,Injury,Serious Injury,2024,2024,March,Tuesday,16:00 - 17:59,SYDNEY,RD,50,South,ARNOTT,CRES,WARRIEWOOD,,No,Not a school zone,2-way undivided,-33.6947,151.30948,Northern Beaches,Sydney metro. area,Syd-Newc-Woll Gtr conurbation,Curved,,,,Nil,Sealed,Dry,Fine,Daylight,Nil,No traffic controls,50 km/h,Local,81,Off left/rt bnd=>obj,803,Off right bend into obj,Left,Other angle,Car (sedan/hatch),Car (sedan/hatch),2,0,1,0,0,3,March,Autumn,Tuesday,16:00 - 17:59,PM peak / evening commute,True,False,True,True
1348358,Injury,Moderate Injury,2024,2024,March,Monday,14:00 - 15:59,PACIFIC,HWY,10,West,BANNOCKBURN,RD,PYMBLE,10.0,No,Not a school zone,T-junction,-33.741068,151.138088,Ku-ring-gai,Sydney metro. area,Syd-Newc-Woll Gtr conurbation,Straight,,,,Unknown / not stated,Sealed,Dry,Fine,Daylight,Nil,No traffic controls,60 km/h,State,71,Off rd left => obj,703,Left off cway into object,,Vehicle - Object,4 wheel drive / SUV,,1,0,0,1,0,3,March,Autumn,Monday,14:00 - 15:59,Midday / afternoon,False,False,True,True
1348359,Injury,Serious Injury,2024,2024,April,Wednesday,10:00 - 11:59,QUEEN,ST,100,East,CHURCH,ST,GLOUCESTER,,No,Not a school zone,2-way undivided,-32.006091,151.959665,Mid-Coast,Country urban,Rest of NSW - Urban,Straight,Pedestrian refuge,,,Unknown / not stated,Sealed,Dry,Fine,Daylight,Nil,No traffic controls,50 km/h,Local,49,Other manoeuvring,400,Manov - other,,Other angle,Motorised scooter (mob. aid),Car (sedan/hatch),2,0,1,0,0,4,April,Autumn,Wednesday,10:00 - 11:59,Midday / afternoon,False,False,True,True
1348365,Injury,Moderate Injury,2024,2024,March,Wednesday,16:00 - 17:59,MANNING RIVER,DR,0,Right on the spot,WAANG DJARII,WAY,PURFLEET,7761.0,No,Not a school zone,Roundabout,-31.93946,152.467988,Mid-Coast,Country urban,Rest of NSW - Urban,Straight,,,,Unknown / not stated,Sealed,Dry,Fine,Daylight,Nil,Give way sign,70 km/h,Regional,30,Rear end,301,Same - Rear end,,Rear end,Light truck utility(from 2018),4 wheel drive / SUV,2,0,0,1,0,3,March,Autumn,Wednesday,16:00 - 17:59,PM peak / evening commute,True,False,True,True
1348369,Injury,Minor/Other Injury,2024,2024,April,Friday,18:00 - 19:59,GADIGAL,AVE,20,South,O'DEA,AVE,ZETLAND,593.0,No,Not a school zone,Divided road,-33.90388,151.21253,Sydney,Sydney metro. area,Syd-Newc-Woll Gtr conurbation,Straight,,,,Unknown / not stated,Sealed,Wet,Raining,Daylight,Nil,No traffic controls,40 km/h,State,30,Rear end,301,Same - Rear end,,Rear end,4 wheel drive / SUV,Car (sedan/hatch),2,0,0,0,1,4,April,Autumn,Friday,18:00 - 19:59,PM peak / evening commute,True,False,True,True
1348370,Injury,Moderate Injury,2024,2024,April,Saturday,00:01 - 01:59,MANLY,RD,0,Right on the spot,BATTLE,BVD,SEAFORTH,164.0,No,Not a school zone,T-junction,-33.800448,151.24696,Northern Beaches,Sydney metro. area,Syd-Newc-Woll Gtr conurbation,Curved,Steep grade,,,Unknown / not stated,Sealed,Wet,Raining,Darkness,Nil,Stop sign,60 km/h,State,81,Off left/rt bnd=>obj,803,Off right bend into obj,Left,Vehicle - Object,Car (sedan/hatch),,1,0,0,1,0,4,April,Autumn,Saturday,00:01 - 01:59,Late night / early morning,False,False,True,True
1348377,Injury,Moderate Injury,2024,2024,April,Saturday,08:00 - 09:59,BATLOW,RD,1000,South,WONDALGA,RD,WONDALGA,85.0,No,Not a school zone,2-way undivided,-35.415753,148.12776,Snowy Valleys,Country non-urban,Rest of NSW - Rural,Curved,Embankment/cutting,,,Unknown / not stated,Sealed,Wet,Raining,Daylight,Nil,No traffic controls,100 km/h,State,83,Off rt/rt bnd=>obj,803,Off right bend into obj,Right,Vehicle - Object,Car (sedan/hatch),,1,0,0,1,0,4,April,Autumn,Saturday,08:00 - 09:59,AM peak / school commute,True,False,True,True