crash_id,degree_of_crash,degree_of_crash_-_detailed,reporting_year,year_of_crash,month_of_crash,day_of_week_of_crash,two-hour_intervals,street_of_crash,street_type,distance,direction,identifying_feature,identifying_feature_type,town,route_no.,school_zone_location,school_zone_active,type_of_location,latitude,longitude,lga,urbanisation,conurbation_1,alignment,primary_permanent_feature,primary_temporary_feature,primary_hazardous_feature,street_lighting,road_surface,surface_condition,weather,natural_lighting,signals_operation,other_traffic_control,speed_limit,road_classification_(admin),rum_-_code,rum_-_description,dca_-_code,dca_-_description,dca_supplement,first_impact_type,key_tu_type,other_tu_type,no._of_traffic_units_involved,no._killed,no._seriously_injured,no._moderately_injured,no._minor-other_injured,month_num,month_label,season,day_label,time_label,time_band,is_peak_commute,is_fatal,is_injury,is_casualty
1348380,Injury,Serious Injury,2024,2024,March,Friday,16:00 - 17:59,MT ELLIOT,PL,50,West,TAPLEY,RD,MOUNT ELLIOT,,No,Not a school zone,2-way undivided,-33.399781,151.385086,Central Coast,Country urban,Syd-Newc-Woll Gtr conurbation,Curved,,,,Nil,Unsealed,Wet,Raining,Dusk,Nil,No traffic controls,50 km/h,Local,66,Object on road,607,On path - Hit temp object,,Vehicle - Object,Motorcycle,,1,0,1,0,0,3,March,Autumn,Friday,16:00 - 17:59,PM peak / evening commute,True,False,True,True
1348384,Injury,Minor/Other Injury,2024,2024,April,Thursday,18:00 - 19:59,THE HORSLEY,DR,0,Right on the spot,NUMBER 219,HN,FAIRFIELD,609.0,No,Not a school zone,2-way undivided,-33.875053,150.965226,Fairfield,Sydney metro. area,Syd-Newc-Woll Gtr conurbation,Straight,Painted double centre lines,,,Unknown / not stated,Sealed,Wet,Raining,Darkness,Nil,No traffic controls,60 km/h,State,20,Head on,201,Opp - Head on,,Head-on,Car (sedan/hatch),4 wheel drive / SUV,2,0,0,0,1,4,April,Autumn,Thursday,18:00 - 19:59,PM peak / evening commute,True,False,True,True
1348390,Injury,Minor/Other Injury,2024,2024,March,Thursday,16:00 - 17:59,DATE,ST,0,Right on the spot,VICTORIA,ST,ADAMSTOWN,,No,Not a school zone,X-intersection,-32.935115,151.724512,Newcastle,Newcastle met. area,Syd-Newc-Woll Gtr conurbation,Straight,,,,Unknown / not stated,Sealed,Dry,Fine,Daylight,Nil,Stop sign,50 km/h,Local,10,Cross traffic,101,Adj - Cross traffic,,Right angle,4 wheel drive / SUV,Car (sedan/hatch),2,0,0,0,1,3,March,Autumn,Thursday,16:00 - 17:59,PM peak / evening commute,True,False,True,True
1348399,Injury,Moderate Injury,2024,2024,April,Friday,12:00 - 13:59,KING,ST,0,Right on the spot,NATIONAL PARK,ST,NEWCASTLE WEST,188.0,No,Not a school zone,X-intersection,-32.927253,151.760823,Newcastle,Newcastle met. area,Syd-Newc-Woll Gtr conurbation,Straight,,,,Unknown / not stated,Sealed,Wet,Raining,Daylight,On,No traffic controls,50 km/h,Regional,30,Rear end,301,Same - Rear end,,Rear end,4 wheel drive / SUV,Car (sedan/hatch),2,0,0,1,0,4,April,Autumn,Friday,12:00 - 13:59,Midday / afternoon,False,False,True,True
1348400,Injury,Moderate Injury,2024,2024,March,Saturday,08:00 - 09:59,MENANGLE,ST,140,North,WEBSTER,ST,PICTON,612.0,No,Not a school zone,2-way undivided,-34.17696,150.614229,Wollondilly,Country urban,Syd-Newc-Woll Gtr conurbation,Straight,,,,Unknown / not stated,Sealed,Dry,Fine,Daylight,Nil,No traffic controls,60 km/h,State,73,Off rd rght => obj,704,Right off cway into obj,,Vehicle - Object,Light truck utility(from 2018),,1,0,0,1,0,3,March,Autumn,Saturday,08:00 - 09:59,AM peak / school commute,True,False,True,True
1348402,Injury,Moderate Injury,2024,2024,March,Thursday,16:00 - 17:59,WESTERN,DSTR,100,South,BRADFIELD HIGHWAY,TO,SYDNEY,165.0,No,Not a school zone,Divided road,-33.862711,151.20514,Sydney,Sydney metro. area,Syd-Newc-Woll Gtr conurbation,Straight,Other bridge,,,Unknown / not stated,Sealed,Dry,Fine,Daylight,Nil,No traffic controls,70 km/h,State,30,Rear end,301,Same - Rear end,,Rear end,Light truck,4 wheel drive / SUV,3,0,0,1,0,3,March,Autumn,Thursday,16:00 - 17:59,PM peak / evening commute,True,False,True,True
1348406,Injury,Moderate Injury,2024,2024,April,Monday,16:00 - 17:59,MENANGLE,RD,150,East,NUMBER 860,HN,DOUGLAS PARK,179.0,No,Not a school zone,2-way undivided,-34.173977,150.699139,Wollondilly,Country urban,Syd-Newc-Woll Gtr conurbation,Curved,Steep grade,,,Unknown / not stated,Sealed,Wet,Fine,Daylight,Nil,No traffic controls,80 km/h,Regional,88,Out of cont on bend,805,Out of control on bend,,Rollover,Light truck utility(from 2018),,1,0,0,1,0,4,April,Autumn,Monday,16:00 - 17:59,PM peak / evening commute,True,False,True,True
1348407,Injury,Moderate Injury,2024,2024,April,Saturday,18:00 - 19:59,HOXTON PARK,RD,0,Right on the spot,GLEN INNES,RD,HINCHINBROOK,681.0,No,Not a school zone,X-intersection,-33.925894,150.853639,Liverpool,Sydney metro. area,Syd-Newc-Woll Gtr conurbation,Straight,,,,Unknown / not stated,Sealed,Dry,Fine,Dusk,On,No traffic controls,70 km/h,State,13,Right near,104,Adj - Right-thru from right,,Right angle,4 wheel drive / SUV,Car (sedan/hatch),2,0,0,2,0,4,April,Autumn,Saturday,18:00 - 19:59,PM peak / evening commute,True,False,True,True
1348410,Injury,Minor/Other Injury,2024,2024,April,Friday,04:00 - 05:59,SOUTH WESTERN,EXP,20,East,BELMORE ROAD,TO,RIVERWOOD,6005.0,No,Not a school zone,Dual freeway,-33.942176,151.050053,Canterbury-Bankstown,Sydney metro. area,Syd-Newc-Woll Gtr conurbation,Straight,,,,Unknown / not stated,Sealed,Wet,Raining,Dawn,Nil,No traffic controls,100 km/h,State,35,Lane change left,307,Same - Lane change left,,Other angle,Semi-trailer,Car (sedan/hatch),2,0,0,0,1,4,April,Autumn,Friday,04:00 - 05:59,Late night / early morning,False,False,True,True
1348417,Injury,Moderate Injury,2024,2024,February,Wednesday,14:00 - 15:59,AVOCA,ST,55,North,MILFORD,ST,RANDWICK,660.0,Yes,Yes,Divided road,-33.914745,151.241694,Randwick,Sydney metro. area,Syd-Newc-Woll Gtr conurbation,Straight,,,,Off,Sealed,Dry,Fine,Daylight,Nil,No traffic controls,40 km/h,State,71,Off rd left => obj,703,Left off cway into object,,Vehicle - Object,4 wheel drive / SUV,,1,0,0,1,0,2,February,Summer,Wednesday,14:00 - 15:59,Midday / afternoon,False,False,True,True
1348421,Injury,Moderate Injury,2024,2024,April,Thursday,12:00 - 13:59,MARSDEN,RD,0,Right on the spot,LAWSON,ST,DUNDAS VALLEY,158.0,No,Not a school zone,T-junction,-33.793845,151.065969,Parramatta,Sydney metro. area,Syd-Newc-Woll Gtr conurbation,Straight,,,,Unknown / not stated,Sealed,Wet,Raining,Daylight,On,No traffic controls,60 km/h,State,32,Right rear,303,Same - Rear right,,Rear end,Light truck,4 wheel drive / SUV,2,0,0,1,0,4,April,Autumn,Thursday,12:00 - 13:59,Midday / afternoon,False,False,True,True
1348422,Injury,Minor/Other Injury,2024,2024,April,Thursday,12:00 - 13:59,NEW SOUTH HEAD,RD,0,Right on the spot,NUMBER 756-758,HN,ROSE BAY,173.0,No,Not a school zone,2-way undivided,-33.868406,151.27069,Woollahra,Sydney metro. area,Syd-Newc-Woll Gtr conurbation,Straight,,,,Unknown / not stated,Sealed,Wet,Raining,Daylight,Nil,No traffic controls,50 km/h,State,71,Off rd left => obj,703,Left off cway into object,,Vehicle - Object,Car (sedan/hatch),,1,0,0,0,1,4,April,Autumn,Thursday,12:00 - 13:59,Midday / afternoon,False,False,True,True
1348426,Injury,Minor/Other Injury,2024,2024,April,Saturday,14:00 - 15:59,CAMDEN,BYPA,1030,West,MACARTHUR ROAD,OP,ELDERSLIE,620.0,No,Not a school zone,2-way undivided,-34.07067,150.701497,Camden,Sydney metro. area,Syd-Newc-Woll Gtr conurbation,Straight,Other bridge,,,Unknown / not stated,Sealed,Dry,Fine,Daylight,Nil,No traffic controls,80 km/h,State,30,Rear end,301,Same - Rear end,,Rear end,Utility,4 wheel drive / SUV,2,0,0,0,1,4,April,Autumn,Saturday,14:00 - 15:59,Midday / afternoon,False,False,True,True
1348428,Injury,Moderate Injury,2024,2024,April,Tuesday,06:00 - 07:59,DAMPIER,ST,0,Right on the spot,EYRE,ST,CHIFLEY,,No,Not a school zone,X-intersection,-33.968939,151.237579,Randwick,Sydney metro. area,Syd-Newc-Woll Gtr conurbation,Straight,,,,Unknown / not stated,Sealed,Dry,Fine,Unknown,Nil,Give way sign,50 km/h,Local,33,Lane sideswipe,305,Same - Lane side swipe,,Other angle,Car (sedan/hatch),Light truck utility(from 2018),2,0,0,1,0,4,April,Autumn,Tuesday,06:00 - 07:59,AM peak / school commute,True,False,True,True
1348429,Injury,Minor/Other Injury,2024,2024,April,Thursday,10:00 - 11:59,NEW LINE,RD,0,Right on the spot,PURCHASE,RD,CHERRYBROOK,656.0,No,Not a school zone,T-junction,-33.722158,151.035111,Hornsby,Sydney metro. area,Syd-Newc-Woll Gtr conurbation,Straight,,,,Unknown / not stated,Sealed,Wet,Raining,Daylight,On,No traffic controls,60 km/h,State,39,Other same direction,300,Same - other,,Other angle,4 wheel drive / SUV,Light truck,2,0,0,0,1,4,April,Autumn,Thursday,10:00 - 11:59,Midday / afternoon,False,False,True,True
1348434,Injury,Minor/Other Injury,2024,2024,April,Thursday,12:00 - 13:59,PRINCES,HWY,0,Right on the spot,QUINNS,LANE,SOUTH NOWRA,1.0,No,Not a school zone,Roundabout,-34.90846,150.603131,Shoalhaven,Country urban,Rest of NSW - Urban,Straight,,,,Unknown / not stated,Sealed,Wet,Overcast,Daylight,Nil,Give way sign,70 km/h,State,33,Lane sideswipe,305,Same - Lane side swipe,,Other angle,Large rigid,Light truck utility(from 2018),2,0,0,0,1,4,April,Autumn,Thursday,12:00 - 13:59,Midday / afternoon,False,False,True,True
1348435,Injury,Serious Injury,2024,2024,April,Thursday,16:00 - 17:59,METFORD,RD,10,North,FIELDSEND,ST,METFORD,,No,Not a school zone,Roundabout,-32.758122,151.604384,Maitland,Country urban,Rest of NSW - Urban,Straight,Embankment/cutting,,,Unknown / not stated,Sealed,Wet,Raining,Daylight,Nil,Give way sign,60 km/h,Local,70,Off road to left,701,Off carriageway to left,,Rollover,Light truck utility(from 2018),,1,0,1,0,0,4,April,Autumn,Thursday,16:00 - 17:59,PM peak / evening commute,True,False,True,True
1348438,Injury,Moderate Injury,2024,2024,March,Friday,08:00 - 09:59,GOVERNOR MACQUARIE,DR,100,North,NEWBRIDGE,RD,CHIPPING NORTON,7268.0,No,Not a school zone,Divided road,-33.927776,150.962251,Liverpool,Sydney metro. area,Syd-Newc-Woll Gtr conurbation,Straight,,,,Unknown / not stated,Sealed,Dry,Overcast,Daylight,Nil,No traffic controls,60 km/h,Regional,30,Rear end,301,Same - Rear end,,Rear end,Light truck utility(from 2018),Light truck,2,0,0,1,0,3,March,Autumn,Friday,08:00 - 09:59,AM peak / school commute,True,False,True,True
1348439,Injury,Moderate Injury,2024,2024,April,Tuesday,14:00 - 15:59,VICTORIA,RD,0,Right on the spot,NUMBER 375-377,HN,RYDALMERE,165.0,Yes,No,Divided road,-33.812599,151.043299,Parramatta,Sydney metro. area,Syd-Newc-Woll Gtr conurbation,Straight,,,,Unknown / not stated,Sealed,Wet,Raining,Daylight,Nil,No traffic controls,70 km/h,State,30,Rear end,301,Same - Rear end,,Rear end,Car (sedan/hatch),Car (sedan/hatch),3,0,0,1,0,4,April,Autumn,Tuesday,14:00 - 15:59,Midday / afternoon,False,False,True,True
1348442,Injury,Moderate Injury,2024,2024,February,Friday,10:00 - 11:59,RUSSELL,ST,0,Right on the spot,NUMBER 19,HN,GILLIESTON HEIGHTS,,No,Not a school zone,2-way undivided,-32.765999,151.525106,Maitland,Country urban,Rest of NSW - Urban,Straight,,,,Nil,Sealed,Dry,Fine,Daylight,Nil,No traffic controls,50 km/h,Local,49,Other manoeuvring,400,Manov - other,,Other angle,Light truck,Box trailer,4,0,0,1,0,2,February,Summer,Friday,10:00 - 11:59,Midday / afternoon,False,False,True,True
1348446,Injury,Minor/Other Injury,2024,2024,April,Sunday,12:00 - 13:59,OSULLIVAN,RD,0,Right on the spot,NUMBER 107,HN,BELLEVUE HILL,7336.0,No,Not a school zone,2-way undivided,-33.876727,151.2613,Woollahra,Sydney metro. area,Syd-Newc-Woll Gtr conurbation,Curved,Driveway/entrance,,,Unknown / not stated,Sealed,Dry,Fine,Daylight,Nil,No traffic controls,50 km/h,Regional,47,Emerging from drive,406,Manov - Emerging from driveway,,Right angle,Light truck utility(from 2018),4 wheel drive / SUV,2,0,0,0,1,4,April,Autumn,Sunday,12:00 - 13:59,Midday / afternoon,False,False,True,True
1348447,Injury,Minor/Other Injury,2024,2024,April,Tuesday,10:00 - 11:59,GLENAYR,AVE,0,Right on the spot,HALL,ST,BONDI BEACH,,No,Not a school zone,T-junction,-33.888964,151.270449,Waverley,Sydney metro. area,Syd-Newc-Woll Gtr conurbation,Straight,,,,Unknown / not stated,Sealed,Dry,Fine,Daylight,Nil,Ped crossing,40 km/h,Local,30,Rear end,301,Same - Rear end,,Rear end,4 wheel drive / SUV,Light truck utility(from 2018),3,0,0,0,1,4,April,Autumn,Tuesday,10:00 - 11:59,Midday / afternoon,False,False,True,True
1348448,Injury,Serious Injury,2024,2024,April,Friday,06:00 - 07:59,YOUNG,ST,0,Right on the spot,PERRY,ST,ALBURY,688.0,Yes,No,X-intersection,-36.071774,146.925948,Albury,Country urban,Rest of NSW - Urban,Straight,,,,Unknown / not stated,Sealed,Dry,Fine,Dawn,Nil,Give way sign,60 km/h,Regional,71,Off rd left => obj,703,Left off cway into object,,Vehicle - Object,4 wheel drive / SUV,,1,0,1,0,0,4,April,Autumn,Friday,06:00 - 07:59,AM peak / school commute,True,False,True,True
1348452,Injury,Moderate Injury,2024,2024,March,Tuesday,14:00 - 15:59,BOGONG,ST,0,Right on the spot,THURGOONA,DR,THURGOONA,,No,Not a school zone,T-junction,-36.045701,146.986969,Albury,Country urban,Rest of NSW - Urban,Curved,,,,Unknown / not stated,Sealed,Dry,Fine,Daylight,Nil,No traffic controls,60 km/h,Local,30,Rear end,301,Same - Rear end,,Rear end,4 wheel drive / SUV,Car (sedan/hatch),2,0,0,1,0,3,March,Autumn,Tuesday,14:00 - 15:59,Midday / afternoon,False,False,True,True
1348454,Injury,Minor/Other Injury,2024,2024,March,Sunday,10:00 - 11:59,GREAT WESTERN,HWY,2000,North,TOLLGATE,DR,LINDEN,5.0,No,Not a school zone,Divided road,-33.715266,150.510571,Blue Mountains,Country urban,Syd-Newc-Woll Gtr conurbation,Curved,,,,Unknown / not stated,Sealed,Dry,Fine,Daylight,Nil,No traffic controls,80 km/h,State,30,Rear end,301,Same - Rear end,,Rear end,4 wheel drive / SUV,Light truck utility(from 2018),2,0,0,0,1,3,March,Autumn,Sunday,10:00 - 11:59,Midday / afternoon,False,False,True,True
1348460,Injury,Minor/Other Injury,2024,2024,April,Thursday,14:00 - 15:59,BEACON HILL,RD,0,Right on the spot,KALIANNA,CRES,BEACON HILL,7346.0,No,Not a school zone,T-junction,-33.755751,151.263401,Northern Beaches,Sydney metro. area,Syd-Newc-Woll Gtr conurbation,Straight,Steep grade,,,Unknown / not stated,Sealed,Wet,Raining,Daylight,Nil,Stop sign,50 km/h,Regional,30,Rear end,301,Same - Rear end,,Rear end,Car (sedan/hatch),Car (sedan/hatch),2,0,0,0,1,4,April,Autumn,Thursday,14:00 - 15:59,Midday / afternoon,False,False,True,True
1348461,Injury,Moderate Injury,2024,2024,April,Sunday,16:00 - 17:59,NORFOLK,RD,0,Right on the spot,PEMBROKE,ST,EPPING,,No,Not a school zone,T-junction,-33.771708,151.087153,Parramatta,Sydney metro. area,Syd-Newc-Woll Gtr conurbation,Straight,,,,Unknown / not stated,Sealed,Dry,Fine,Daylight,Nil,No traffic controls,50 km/h,Local,21,Right through,202,Opp - Right-thru,,Other angle,Car (sedan/hatch),Car (sedan/hatch),2,0,0,1,0,4,April,Autumn,Sunday,16:00 - 17:59,PM peak / evening commute,True,False,True,True
1348464,Injury,Moderate Injury,2024,2024,April,Sunday,08:00 - 09:59,RAWSON,ST,0,Right on the spot,NUMBER 211,HN,AUBURN,2069.0,No,Not a school zone,2-way undivided,-33.844925,151.028733,Cumberland,Sydney metro. area,Syd-Newc-Woll Gtr conurbation,Straight,,,,Unknown / not stated,Sealed,Dry,Fine,Daylight,Nil,No traffic controls,60 km/h,Regional,30,Rear end,301,Same - Rear end,,Rear end,Car (sedan/hatch),Car (sedan/hatch),2,0,0,1,0,4,April,Autumn,Sunday,08:00 - 09:59,AM peak / school commute,True,False,True,True
1348468,Injury,Moderate Injury,2024,2024,March,Tuesday,16:00 - 17:59,SOUTH WESTERN,EXP,0,Right on the spot,MOOREBANK AVENUE,TO,MOOREBANK,6005.0,No,Not a school zone,Dual freeway,-33.939194,150.921087,Liverpool,Sydney metro. area,Syd-Newc-Woll Gtr conurbation,Straight,,,,Unknown / not stated,Sealed,Dry,Fine,Unknown,Nil,No traffic controls,100 km/h,State,30,Rear end,301,Same - Rear end,,Rear end,Car (sedan/hatch),Light truck,3,0,0,1,2,3,March,Autumn,Tuesday,16:00 - 17:59,PM peak / evening commute,True,False,True,True
1348472,Injury,Minor/Other Injury,2024,2024,April,Monday,06:00 - 07:59,WILBERFORCE,RD,750,North,BRIDGE,ST,WILBERFORCE,182.0,No,Not a school zone,2-way undivided,-33.598279,150.829009,Hawkesbury,Country urban,Syd-Newc-Woll Gtr conurbation,Straight,,,,Unknown / not stated,Sealed,Dry,Fine,Daylight,Nil,No traffic controls,80 km/h,State,30,Rear end,301,Same - Rear end,,Rear end,Light truck utility(from 2018),Light truck utility(from 2018),3,0,0,0,1,4,April,Autumn,Monday,06:00 - 07:59,AM peak / school commute,True,False,True,True
1348473,Injury,Moderate Injury,2024,2024,March,Monday,16:00 - 17:59,CAMP,ST,0,Right on the spot,RANGE,RD,GRABBEN GULLEN,52.0,No,Not a school zone,T-junction,-34.543139,149.394286,Upper Lachlan,Country urban,Rest of NSW - Urban,Curved,Embankment/cutting,,,Unknown / not stated,Sealed,Dry,Fine,Daylight,Nil,Give way sign,50 km/h,Regional,75,Off end of road,709,Off end cway or T junct,,Vehicle - Object,Car (sedan/hatch),,1,0,0,1,0,3,March,Autumn,Monday,16:00 - 17:59,PM peak / evening commute,True,False,True,True
1348475,Injury,Moderate Injury,2024,2024,April,Friday,16:00 - 17:59,PRINCES,HWY,50,West,STRONGS ROAD,OP,JASPERS BRUSH,1.0,No,Not a school zone,Divided road,-34.803217,150.658168,Shoalhaven,Country non-urban,Rest of NSW - Rural,Curved,Steep grade,,,Unknown / not stated,Sealed,Wet,Raining,Dusk,Nil,No traffic controls,100 km/h,State,81,Off left/rt bnd=>obj,803,Off right bend into obj,Left,Vehicle - Object,Car (sedan/hatch),,1,0,0,1,0,4,April,Autumn,Friday,16:00 - 17:59,PM peak / evening commute,True,False,True,True
1348480,Injury,Moderate Injury,2024,2024,February,Thursday,20:00 - 21:59,ARGYLE,ST,0,Right on the spot,SUTTOR,RD,MOSS VALE,260.0,No,Not a school zone,T-junction,-34.536343,150.391278,Wingecarribee,Country urban,Rest of NSW - Urban,Straight,,,,Unknown / not stated,Sealed,Dry,Overcast,Darkness,Nil,Stop sign,60 km/h,State,31,Left rear,302,Same - Rear left,,Rear end,4 wheel drive / SUV,Car (sedan/hatch),2,0,0,1,0,2,February,Summer,Thursday,20:00 - 21:59,Evening / night,False,False,True,True
1348487,Injury,Minor/Other Injury,2024,2024,April,Saturday,16:00 - 17:59,GREAT WESTERN,HWY,0,Right on the spot,JELLICOE,ST,LIDCOMBE,5.0,No,Not a school zone,T-junction,-33.852195,151.056353,Cumberland,Sydney metro. area,Syd-Newc-Woll Gtr conurbation,Straight,,,,Unknown / not stated,Sealed,Dry,Fine,Daylight,Nil,No traffic controls,60 km/h,State,10,Cross traffic,101,Adj - Cross traffic,,Right angle,Car (sedan/hatch),4 wheel drive / SUV,2,0,0,0,1,4,April,Autumn,Saturday,16:00 - 17:59,PM peak / evening commute,True,False,True,True
1348489,Injury,Serious Injury,2024,2024,April,Friday,00:01 - 01:59,JUNO,PDE,20,West,MAIDEN,ST,GREENACRE,636.0,No,Not a school zone,2-way undivided,-33.907088,151.059751,Canterbury-Bankstown,Sydney metro. area,Syd-Newc-Woll Gtr conurbation,Straight,Painted double centre lines,,,Unknown / not stated,Sealed,Wet,Raining,Darkness,Nil,No traffic controls,60 km/h,State,73,Off rd rght => obj,704,Right off cway into obj,,Vehicle - Object,Light truck utility(from 2018),,1,0,1,0,0,4,April,Autumn,Friday,00:01 - 01:59,Late night / early morning,False,False,True,True
1348492,Injury,Moderate Injury,2024,2024,March,Wednesday,08:00 - 09:59,NORTH ROCKS,RD,0,Right on the spot,NUMBER 199,HN,NORTH ROCKS,7144.0,No,Not a school zone,2-way undivided,-33.780427,151.011149,Parramatta,Sydney metro. area,Syd-Newc-Woll Gtr conurbation,Straight,Driveway/entrance,,,Unknown / not stated,Sealed,Dry,Fine,Daylight,Nil,No traffic controls,60 km/h,Regional,47,Emerging from drive,406,Manov - Emerging from driveway,,Right angle,Car (sedan/hatch),4 wheel drive / SUV,2,0,0,2,0,3,March,Autumn,Wednesday,08:00 - 09:59,AM peak / school commute,True,False,True,True
1348493,Injury,Moderate Injury,2024,2024,April,Saturday,20:00 - 21:59,OXLEY,HWY,180,East,MACKAY,AVE,WALCHA ROAD,11.0,No,Not a school zone,2-way undivided,-30.946592,151.405102,Walcha,Country urban,Rest of NSW - Urban,Curved,Painted double centre lines,,,Unknown / not stated,Sealed,Wet,Fine,Darkness,Nil,No traffic controls,70 km/h,State,83,Off rt/rt bnd=>obj,803,Off right bend into obj,Right,Vehicle - Object,Car (sedan/hatch),,1,0,0,1,0,4,April,Autumn,Saturday,20:00 - 21:59,Evening / night,False,False,True,True
1348499,Injury,Minor/Other Injury,2024,2024,April,Tuesday,06:00 - 07:59,GREYSTANES,RD,10,South,MERRYLANDS,RD,GREYSTANES,646.0,No,Not a school zone,Roundabout,-33.827437,150.931853,Cumberland,Sydney metro. area,Syd-Newc-Woll Gtr conurbation,Straight,,,,Unknown / not stated,Sealed,Dry,Fine,Daylight,Nil,Give way sign,60 km/h,State,30,Rear end,301,Same - Rear end,,Rear end,Car (sedan/hatch),4 wheel drive / SUV,2,0,0,0,1,4,April,Autumn,Tuesday,06:00 - 07:59,AM peak / school commute,True,False,True,True
1348502,Injury,Minor/Other Injury,2024,2024,April,Thursday,08:00 - 09:59,BUNNERONG,RD,0,Right on the spot,WESTFEILD,DR,EASTGARDENS,171.0,No,Not a school zone,T-junction,-33.944112,151.226838,Bayside,Sydney metro. area,Syd-Newc-Woll Gtr conurbation,Straight,,,,Unknown / not stated,Sealed,Dry,Fine,Daylight,On,No traffic controls,60 km/h,State,21,Right through,202,Opp - Right-thru,,Other angle,4 wheel drive / SUV,4 wheel drive / SUV,2,0,0,0,1,4,April,Autumn,Thursday,08:00 - 09:59,AM peak / school commute,True,False,True,True
1348504,Injury,Minor/Other Injury,2024,2024,March,Saturday,10:00 - 11:59,YENSCHS,RD,2000,West,JINGELLIC,RD,LANKEYS CREEK,,No,Not a school zone,2-way undivided,-35.843761,147.657544,Greater Hume,Country non-urban,Rest of NSW - Rural,Straight,,,,Unknown / not stated,Unsealed,Dry,Fine,Daylight,Nil,No traffic controls,100 km/h,Local,74,On road-out of cont.,705,Out of control on cway,,Rollover,Motorcycle,,1,0,0,0,1,3,March,Autumn,Saturday,10:00 - 11:59,Midday / afternoon,False,False,True,True
1348506,Injury,Moderate Injury,2024,2024,April,Saturday,06:00 - 07:59,CHARLTON,ST,0,Right on the spot,SOUTH,ST,CESSNOCK,,No,Not a school zone,X-intersection,-32.839661,151.3543,Cessnock,Country urban,Rest of NSW - Urban,Straight,,,,Unknown / not stated,Sealed,Dry,Fine,Daylight,Nil,Stop sign,50 km/h,Local,21,Right through,202,Opp - Right-thru,,Other angle,Car (sedan/hatch),Car (sedan/hatch),2,0,0,1,0,4,April,Autumn,Saturday,06:00 - 07:59,AM peak / school commute,True,False,True,True
1348510,Injury,Minor/Other Injury,2024,2024,March,Sunday,20:00 - 21:59,STONEY CREEK,RD,0,Right on the spot,PREDDYS,RD,BEXLEY,665.0,No,Not a school zone,X-intersection,-33.949244,151.114593,Bayside,Sydney metro. area,Syd-Newc-Woll Gtr conurbation,Straight,,,,Unknown / not stated,Sealed,Dry,Fine,Darkness,On,No traffic controls,60 km/h,State,30,Rear end,301,Same - Rear end,,Rear end,Car (sedan/hatch),Motorcycle,2,0,0,0,1,3,March,Autumn,Sunday,20:00 - 21:59,Evening / night,False,False,True,True
1348511,Injury,Minor/Other Injury,2024,2024,April,Tuesday,06:00 - 07:59,MORWICK,ST,0,Right on the spot,WENTWORTH,RD,BURWOOD,2027.0,No,Not a school zone,X-intersection,-33.875226,151.097691,Burwood,Sydney metro. area,Syd-Newc-Woll Gtr conurbation,Straight,,,,Unknown / not stated,Sealed,Dry,Fine,Daylight,On,No traffic controls,50 km/h,Regional,11,Right far,102,Adj - Right-thru from left,,Right angle,Car (sedan/hatch),Car (sedan/hatch),2,0,0,0,1,4,April,Autumn,Tuesday,06:00 - 07:59,AM peak / school commute,True,False,True,True
1348512,Injury,Moderate Injury,2024,2024,March,Monday,16:00 - 17:59,WAKEHURST,PKWY,0,Right on the spot,JUDITH,ST,SEAFORTH,397.0,No,Not a school zone,T-junction,-33.780485,151.23795,Northern Beaches,Sydney metro. area,Syd-Newc-Woll Gtr conurbation,Straight,,,,Nil,Sealed,Dry,Fine,Daylight,Nil,No traffic controls,60 km/h,State,13,Right near,104,Adj - Right-thru from right,,Right angle,Station wagon,4 wheel drive / SUV,2,0,0,1,0,3,March,Autumn,Monday,16:00 - 17:59,PM peak / evening commute,True,False,True,True
1348515,Injury,Minor/Other Injury,2024,2024,March,Monday,12:00 - 13:59,FAIRFIELD,ST,100,West,WOODVILLE,RD,OLD GUILDFORD,7232.0,No,Not a school zone,2-way undivided,-33.870348,150.984396,Fairfield,Sydney metro. area,Syd-Newc-Woll Gtr conurbation,Straight,,,,Unknown / not stated,Sealed,Dry,Fine,Daylight,Nil,No traffic controls,60 km/h,Regional,30,Rear end,301,Same - Rear end,,Rear end,Car (sedan/hatch),Car (sedan/hatch),2,0,0,0,1,3,March,Autumn,Monday,12:00 - 13:59,Midday / afternoon,False,False,True,True
1348517,Injury,Minor/Other Injury,2024,2024,April,Sunday,10:00 - 11:59,BEECROFT,RD,0,Right on the spot,CARLINGFORD,RD,EPPING,139.0,No,Not a school zone,T-junction,-33.770969,151.081141,Parramatta,Sydney metro. area,Syd-Newc-Woll Gtr conurbation,Straight,,,,Unknown / not stated,Sealed,Dry,Fine,Daylight,On,No traffic controls,60 km/h,State,30,Rear end,301,Same - Rear end,,Rear end,4 wheel drive / SUV,Car (sedan/hatch),2,0,0,0,1,4,April,Autumn,Sunday,10:00 - 11:59,Midday / afternoon,False,False,True,True
1348518,Injury,Minor/Other Injury,2024,2024,April,Wednesday,04:00 - 05:59,BLAXLAND,RD,0,Right on the spot,NUMBER 456,HN,DENISTONE,139.0,Yes,No,2-way undivided,-33.796828,151.093608,Ryde,Sydney metro. area,Syd-Newc-Woll Gtr conurbation,Curved,,,,Unknown / not stated,Sealed,Dry,Fine,Darkness,Nil,No traffic controls,60 km/h,State,81,Off left/rt bnd=>obj,803,Off right bend into obj,Left,Vehicle - Object,Light truck,,1,0,0,0,2,4,April,Autumn,Wednesday,04:00 - 05:59,Late night / early morning,False,False,True,True