crash_id,degree_of_crash,degree_of_crash_-_detailed,reporting_year,year_of_crash,month_of_crash,day_of_week_of_crash,two-hour_intervals,street_of_crash,street_type,distance,direction,identifying_feature,identifying_feature_type,town,route_no.,school_zone_location,school_zone_active,type_of_location,latitude,longitude,lga,urbanisation,conurbation_1,alignment,primary_permanent_feature,primary_temporary_feature,primary_hazardous_feature,street_lighting,road_surface,surface_condition,weather,natural_lighting,signals_operation,other_traffic_control,speed_limit,road_classification_(admin),rum_-_code,rum_-_description,dca_-_code,dca_-_description,dca_supplement,first_impact_type,key_tu_type,other_tu_type,no._of_traffic_units_involved,no._killed,no._seriously_injured,no._moderately_injured,no._minor-other_injured,month_num,month_label,season,day_label,time_label,time_band,is_peak_commute,is_fatal,is_injury,is_casualty
1348519,Injury,Minor/Other Injury,2024,2024,March,Thursday,08:00 - 09:59,BALMORAL,ST,0,Right on the spot,ALPHA,ST,BLACKTOWN,683.0,No,Not a school zone,T-junction,-33.770848,150.903547,Blacktown,Sydney metro. area,Syd-Newc-Woll Gtr conurbation,Straight,,,,Unknown / not stated,Sealed,Dry,Fine,Daylight,On,No traffic controls,60 km/h,State,14,2 right turning,105,Adj - Two right turning,,Right angle,Car (sedan/hatch),Light truck utility(from 2018),2,0,0,0,1,3,March,Autumn,Thursday,08:00 - 09:59,AM peak / school commute,True,False,True,True
1348521,Injury,Minor/Other Injury,2024,2024,March,Monday,08:00 - 09:59,ORTH,ST,0,Right on the spot,SOMERSET,ST,KINGSWOOD,,No,Not a school zone,T-junction,-33.759948,150.71579,Penrith,Sydney metro. area,Syd-Newc-Woll Gtr conurbation,Straight,,,,Unknown / not stated,Sealed,Dry,Fine,Daylight,Nil,No traffic controls,50 km/h,Local,21,Right through,202,Opp - Right-thru,,Other angle,Car (sedan/hatch),Car (sedan/hatch),2,0,0,0,1,3,March,Autumn,Monday,08:00 - 09:59,AM peak / school commute,True,False,True,True
1348565,Injury,Serious Injury,2024,2024,January,Thursday,10:00 - 11:59,WISEMANS FERRY,RD,3000,South,BERECRY,RD,MANGROVE MOUNTAIN,225.0,No,Not a school zone,2-way undivided,-33.368486,151.160653,Central Coast,Country urban,Syd-Newc-Woll Gtr conurbation,Curved,Painted double centre lines,,,Off,Sealed,Dry,Fine,Daylight,Nil,No traffic controls,80 km/h,Regional,20,Head on,201,Opp - Head on,,Head-on,Motorcycle,Motorcycle,2,0,2,0,0,1,January,Summer,Thursday,10:00 - 11:59,Midday / afternoon,False,False,True,True
1348570,Injury,Serious Injury,2024,2024,January,Saturday,00:01 - 01:59,ARMIDALE,RD,200,West,MOONEBA,RD,SKILLION FLAT,75.0,No,Not a school zone,2-way undivided,-31.03272,152.73282,Kempsey,Country non-urban,Rest of NSW - Rural,Straight,Crest,,,Nil,Sealed,Dry,Fine,Darkness,Nil,No traffic controls,100 km/h,Regional,71,Off rd left => obj,703,Left off cway into object,,Vehicle - Object,Light truck utility(from 2018),,1,0,1,0,0,1,January,Summer,Saturday,00:01 - 01:59,Late night / early morning,False,False,True,True
1348572,Injury,Minor/Other Injury,2024,2024,January,Friday,22:00 - Midnight,WALLANBAH,RD,365,West,PACIFIC,HWY,NABIAC,90.0,No,Not a school zone,2-way undivided,-32.097054,152.370732,Mid-Coast,Country urban,Rest of NSW - Urban,Curved,Embankment/cutting,,,On,Sealed,Dry,Fine,Darkness,Nil,No traffic controls,60 km/h,Regional,85,Off rt/lft bnd=>obj,804,Off left bend into obj,Right,Vehicle - Object,Light truck utility(from 2018),,1,0,0,0,1,1,January,Summer,Friday,22:00 - Midnight,Evening / night,False,False,True,True
1348573,Injury,Moderate Injury,2024,2024,January,Monday,14:00 - 15:59,LIVINGSTONE,RD,15,South,HARNETT,AVE,MARRICKVILLE,,Yes,No,Divided road,-33.914639,151.145889,Inner West,Sydney metro. area,Syd-Newc-Woll Gtr conurbation,Straight,Pedestrian refuge,,,Off,Sealed,Wet,Raining,Daylight,Nil,Ped crossing,50 km/h,Local,0,Ped nearside,1,Ped - Near side,,Vehicle - Pedestrian,Station wagon,Pedestrian,2,0,0,1,0,1,January,Summer,Monday,14:00 - 15:59,Midday / afternoon,False,False,True,True
1348576,Injury,Serious Injury,2024,2024,January,Sunday,16:00 - 17:59,WAKEHURST,PKWY,850,South,ELANORA,RD,NORTH NARRABEEN,397.0,No,Not a school zone,2-way undivided,-33.710869,151.275686,Northern Beaches,Sydney metro. area,Syd-Newc-Woll Gtr conurbation,Straight,Painted double centre lines,,Slippery surface,Nil,Sealed,Wet,Raining,Daylight,Nil,No traffic controls,80 km/h,State,20,Head on,201,Opp - Head on,,Head-on,Car (sedan/hatch),Car (sedan/hatch),3,0,2,0,0,1,January,Summer,Sunday,16:00 - 17:59,PM peak / evening commute,True,False,True,True
1348577,Injury,Moderate Injury,2024,2024,January,Tuesday,16:00 - 17:59,BEACONSFIELD,ST,0,Right on the spot,WETHERILL,ST,SILVERWATER,,No,Not a school zone,X-intersection,-33.842703,151.046863,Parramatta,Sydney metro. area,Syd-Newc-Woll Gtr conurbation,Straight,,,,Nil,Sealed,Dry,Fine,Daylight,Nil,Give way sign,50 km/h,Local,21,Right through,202,Opp - Right-thru,,Other angle,Car (sedan/hatch),Motorcycle,2,0,0,1,0,1,January,Summer,Tuesday,16:00 - 17:59,PM peak / evening commute,True,False,True,True
1348578,Injury,Serious Injury,2024,2024,January,Friday,14:00 - 15:59,DEVONSHIRE,RD,0,Right on the spot,FIFTEENTH,AVE,ROSSMORE,7261.0,No,Not a school zone,Roundabout,-33.914911,150.78606,Liverpool,Sydney metro. area,Syd-Newc-Woll Gtr conurbation,Straight,,,,On,Sealed,Dry,Fine,Daylight,Nil,Give way sign,80 km/h,Regional,30,Rear end,301,Same - Rear end,,Rear end,4 wheel drive / SUV,Light truck utility(from 2018),3,0,1,0,0,1,January,Summer,Friday,14:00 - 15:59,Midday / afternoon,False,False,True,True
1348579,Injury,Moderate Injury,2024,2024,January,Thursday,22:00 - Midnight,QUEEN ELIZABETH,DR,0,Right on the spot,AMPOL SERVICE STATION,ENT,ARMIDALE,,No,Not a school zone,2-way undivided,-30.5033,151.65141,Armidale Regional,Country urban,Rest of NSW - Urban,Straight,Foot/cycle path/nature strip,,,On,Sealed,Dry,Fine,Darkness,Nil,No traffic controls,50 km/h,Local,74,On road-out of cont.,705,Out of control on cway,,Rollover,Motorised push scooters,,1,0,0,1,0,1,January,Summer,Thursday,22:00 - Midnight,Evening / night,False,False,True,True
1348580,Injury,Serious Injury,2024,2024,January,Thursday,16:00 - 17:59,BUCKETTS,WAY,3000,North,ROYS,RD,KRAMBACH,192.0,No,Not a school zone,2-way undivided,-32.013622,152.258476,Mid-Coast,Country urban,Rest of NSW - Urban,Curved,Embankment/cutting,,,Nil,Sealed,Dry,Fine,Daylight,Nil,No traffic controls,80 km/h,Regional,85,Off rt/lft bnd=>obj,804,Off left bend into obj,Right,Vehicle - Object,Car (sedan/hatch),,1,0,1,0,0,1,January,Summer,Thursday,16:00 - 17:59,PM peak / evening commute,True,False,True,True
1348581,Injury,Moderate Injury,2024,2024,January,Tuesday,22:00 - Midnight,MACS,TRK,100,South,LAVIS,LANE,WILLIAMTOWN,,No,Not a school zone,2-way undivided,-32.822644,151.868406,Port Stephens,Country non-urban,Rest of NSW - Rural,Curved,Steep grade,,,Nil,Unsealed,Dry,Fine,Darkness,Nil,No traffic controls,100 km/h,Local,87,Off lft/lft bnd=>obj,804,Off left bend into obj,Left,Vehicle - Object,Light truck utility(from 2018),,1,0,0,1,0,1,January,Summer,Tuesday,22:00 - Midnight,Evening / night,False,False,True,True
1348583,Injury,Moderate Injury,2024,2024,January,Sunday,00:01 - 01:59,WATTLE,RD,0,Right on the spot,NUMBER 113,HN,FLINDERS,,No,Not a school zone,2-way undivided,-34.572746,150.84489,Shellharbour,Wollongong met. area,Syd-Newc-Woll Gtr conurbation,Straight,,,,On,Sealed,Dry,Fine,Darkness,Nil,No traffic controls,60 km/h,Local,71,Off rd left => obj,703,Left off cway into object,,Other angle,4 wheel drive / SUV,Light truck,2,0,0,1,0,1,January,Summer,Sunday,00:01 - 01:59,Late night / early morning,False,False,True,True
1348584,Injury,Serious Injury,2024,2024,January,Thursday,14:00 - 15:59,KURRAJONG,RD,0,Right on the spot,MARGARET DAWSON,DR,CARNES HILL,,No,Not a school zone,Roundabout,-33.936222,150.847113,Liverpool,Sydney metro. area,Syd-Newc-Woll Gtr conurbation,Curved,,,,Off,Sealed,Wet,Raining,Daylight,Nil,Give way sign,60 km/h,Local,20,Head on,201,Opp - Head on,,Head-on,Light truck utility(from 2018),4 wheel drive / SUV,2,0,1,0,0,1,January,Summer,Thursday,14:00 - 15:59,Midday / afternoon,False,False,True,True
1348585,Injury,Moderate Injury,2024,2024,January,Thursday,16:00 - 17:59,CASTLEREAGH,HWY,0,Right on the spot,NUMBER 663,HN,BURRUNDULLA,18.0,No,Not a school zone,2-way undivided,-32.649208,149.659957,Mid-Western Regional,Country non-urban,Rest of NSW - Rural,Curved,,,,Nil,Sealed,Dry,Fine,Daylight,Nil,No traffic controls,100 km/h,State,83,Off rt/rt bnd=>obj,803,Off right bend into obj,Right,Vehicle - Object,Light truck utility(from 2018),,1,0,0,1,0,1,January,Summer,Thursday,16:00 - 17:59,PM peak / evening commute,True,False,True,True
1348586,Injury,Serious Injury,2024,2024,January,Friday,22:00 - Midnight,COLE,RD,0,Right on the spot,MACGREGOR,ST,WEST TAMWORTH,,No,Not a school zone,T-junction,-31.103151,150.892682,Tamworth Regional,Country urban,Rest of NSW - Urban,Straight,,,,On,Sealed,Dry,Fine,Darkness,Nil,Give way sign,50 km/h,Local,71,Off rd left => obj,703,Left off cway into object,,Vehicle - Object,Utility,,1,0,1,0,0,1,January,Summer,Friday,22:00 - Midnight,Evening / night,False,False,True,True
1348587,Injury,Minor/Other Injury,2024,2024,January,Tuesday,12:00 - 13:59,ALISON,RD,0,Right on the spot,BOTANY,ST,RANDWICK,327.0,Yes,No,T-junction,-33.912501,151.237626,Randwick,Sydney metro. area,Syd-Newc-Woll Gtr conurbation,Straight,,,,Off,Sealed,Dry,Fine,Daylight,On,No traffic controls,60 km/h,State,21,Right through,202,Opp - Right-thru,,Other angle,Car (sedan/hatch),Motor scooter,2,0,0,0,1,1,January,Summer,Tuesday,12:00 - 13:59,Midday / afternoon,False,False,True,True
1348589,Injury,Serious Injury,2024,2024,January,Tuesday,08:00 - 09:59,DONALD,ST,0,Right on the spot,NUMBER 37,HN,HAMILTON,82.0,No,Not a school zone,Divided road,-32.91953,151.74621,Newcastle,Newcastle met. area,Syd-Newc-Woll Gtr conurbation,Straight,,,,Nil,Sealed,Dry,Overcast,Daylight,Nil,No traffic controls,60 km/h,State,73,Off rd rght => obj,704,Right off cway into obj,,Other angle,Light truck utility(from 2018),4 wheel drive / SUV,4,0,1,0,0,1,January,Summer,Tuesday,08:00 - 09:59,AM peak / school commute,True,False,True,True
1348592,Injury,Serious Injury,2024,2024,January,Tuesday,14:00 - 15:59,CORAL,ST,340,South,HILL,ST,TWEED HEADS,,No,Not a school zone,2-way undivided,-28.168985,153.549466,Tweed,Country urban,Rest of NSW - Urban,Curved,Painted double centre lines,,,Nil,Sealed,Dry,Fine,Daylight,Nil,No traffic controls,50 km/h,Local,20,Head on,201,Opp - Head on,,Head-on,Car (sedan/hatch),Light truck utility(from 2018),2,0,2,0,0,1,January,Summer,Tuesday,14:00 - 15:59,Midday / afternoon,False,False,True,True
1348593,Injury,Moderate Injury,2024,2024,January,Wednesday,18:00 - 19:59,BURWOOD,RD,45,North,DOWNES,ST,BELFIELD,7047.0,No,Not a school zone,2-way undivided,-33.902862,151.084013,Canterbury-Bankstown,Sydney metro. area,Syd-Newc-Woll Gtr conurbation,Straight,,,,Off,Sealed,Wet,Raining,Daylight,Nil,Ped crossing,50 km/h,Regional,2,Ped far side,3,Ped - Far side,,Vehicle - Pedestrian,4 wheel drive / SUV,Pedestrian,2,0,0,1,0,1,January,Summer,Wednesday,18:00 - 19:59,PM peak / evening commute,True,False,True,True
1348596,Injury,Serious Injury,2024,2024,January,Sunday,22:00 - Midnight,BYRON,CCT,0,Right on the spot,NUMBER 3,HN,FLINDERS,,No,Not a school zone,2-way undivided,-34.58803,150.849532,Shellharbour,Wollongong met. area,Syd-Newc-Woll Gtr conurbation,Curved,,,,On,Sealed,Unknown,Unknown,Darkness,Nil,No traffic controls,50 km/h,Local,85,Off rt/lft bnd=>obj,804,Off left bend into obj,Right,Other angle,Car (sedan/hatch),Car (sedan/hatch),3,0,1,0,0,1,January,Summer,Sunday,22:00 - Midnight,Evening / night,False,False,True,True
1348597,Injury,Serious Injury,2024,2024,February,Wednesday,12:00 - 13:59,FRANCIS,ST,15,South,LEWIS,ST,DEE WHY,,No,Not a school zone,2-way undivided,-33.75197,151.284062,Northern Beaches,Sydney metro. area,Syd-Newc-Woll Gtr conurbation,Curved,,,,Off,Sealed,Dry,Overcast,Daylight,Nil,No traffic controls,50 km/h,Local,3,Ped on carriageway,4,Ped - On carriageway,,Vehicle - Pedestrian,Station wagon,Pedestrian,2,0,1,1,0,2,February,Summer,Wednesday,12:00 - 13:59,Midday / afternoon,False,False,True,True
1348602,Injury,Serious Injury,2024,2024,February,Sunday,18:00 - 19:59,SHAWS RIDGE,TRL,2000,North,WHIT CROSS,RD,YARRAMUNDI,,No,Not a school zone,2-way undivided,-33.653358,150.610384,Hawkesbury,Country urban,Syd-Newc-Woll Gtr conurbation,Straight,,,,Nil,Unsealed,Dry,Fine,Dusk,Nil,No traffic controls,10 km/h,Local,71,Off rd left => obj,703,Left off cway into object,,Vehicle - Object,Motorcycle,,1,0,2,0,0,2,February,Summer,Sunday,18:00 - 19:59,PM peak / evening commute,True,False,True,True
1348604,Injury,Moderate Injury,2024,2024,January,Tuesday,06:00 - 07:59,MAJORS BAY,RD,0,Right on the spot,SMYTHES,AVE,CONCORD,7325.0,No,Not a school zone,X-intersection,-33.853091,151.102853,Canada Bay,Sydney metro. area,Syd-Newc-Woll Gtr conurbation,Straight,Foot/cycle path/nature strip,,,Nil,Sealed,Dry,Fine,Daylight,Nil,Stop sign,50 km/h,Regional,48,From footpath,408,Manov - From footway,,Other angle,Pedal cycle,Car (sedan/hatch),2,0,0,1,0,1,January,Summer,Tuesday,06:00 - 07:59,AM peak / school commute,True,False,True,True
1348607,Injury,Moderate Injury,2024,2024,January,Thursday,00:01 - 01:59,STRONGS,RD,500,East,CEDARVALE,LANE,JASPERS BRUSH,,No,Not a school zone,2-way undivided,-34.78917,150.640816,Shoalhaven,Country urban,Rest of NSW - Urban,Straight,,,,Nil,Sealed,Dry,Fine,Darkness,Nil,No traffic controls,70 km/h,Local,73,Off rd rght => obj,704,Right off cway into obj,,Vehicle - Object,Car (sedan/hatch),,1,0,0,1,0,1,January,Summer,Thursday,00:01 - 01:59,Late night / early morning,False,False,True,True
1348609,Injury,Moderate Injury,2024,2024,February,Friday,12:00 - 13:59,CENTENARY,DR,10,South,WEEROONA,RD,STRATHFIELD,200.0,No,Not a school zone,T-junction,-33.875423,151.067293,Strathfield,Sydney metro. area,Syd-Newc-Woll Gtr conurbation,Straight,,,,Nil,Sealed,Dry,Fine,Daylight,Unknown / not stated,No traffic controls,80 km/h,State,34,Lane change right,306,Same - Lane change right,,Other angle,4 wheel drive / SUV,Light truck,2,0,0,1,0,2,February,Summer,Friday,12:00 - 13:59,Midday / afternoon,False,False,True,True
1348611,Injury,Moderate Injury,2024,2024,February,Wednesday,14:00 - 15:59,HERITAGE,DR,0,Right on the spot,TIGERHAWK,DR,CHISHOLM,,No,Not a school zone,X-intersection,-32.75576,151.633191,Maitland,Country urban,Rest of NSW - Urban,Straight,,,,Off,Sealed,Wet,Raining,Daylight,Nil,Give way sign,50 km/h,Local,10,Cross traffic,101,Adj - Cross traffic,,Right angle,Car (sedan/hatch),Car (sedan/hatch),2,0,0,1,0,2,February,Summer,Wednesday,14:00 - 15:59,Midday / afternoon,False,False,True,True
1348613,Injury,Minor/Other Injury,2024,2024,February,Saturday,10:00 - 11:59,RIVER,RD,1365,East,WINDEYER,ST,WANTABADGERY,,No,Not a school zone,2-way undivided,-35.057232,147.741051,Junee,Country non-urban,Rest of NSW - Rural,Curved,,,,Nil,Sealed,Unknown,Unknown,Daylight,Nil,No traffic controls,100 km/h,Local,80,Off left/right bend,801,Off cway right bend,Left,Rollover,Motorcycle,,1,0,0,0,1,2,February,Summer,Saturday,10:00 - 11:59,Midday / afternoon,False,False,True,True
1348614,Injury,Moderate Injury,2024,2024,February,Saturday,14:00 - 15:59,ROCKDALE PLAZA,DR,200,West,WEST BOTANY,ST,ROCKDALE,,No,Not a school zone,2-way undivided,-33.958093,151.144084,Bayside,Sydney metro. area,Syd-Newc-Woll Gtr conurbation,Straight,Driveway/entrance,,,Off,Sealed,Dry,Fine,Daylight,Nil,No traffic controls,50 km/h,Local,7,Driveway,7,Ped - driveway,,Vehicle - Pedestrian,Unknown motor vehicle,Pedestrian,2,0,0,1,0,2,February,Summer,Saturday,14:00 - 15:59,Midday / afternoon,False,False,True,True
1348617,Injury,Moderate Injury,2024,2024,February,Tuesday,08:00 - 09:59,BLACKWALL,DR,0,Right on the spot,COOLGARDIE,RD,PIMLICO,,No,Not a school zone,Roundabout,-28.922219,153.475955,Ballina,Country urban,Rest of NSW - Urban,Curved,,,,Nil,Sealed,Dry,Fine,Daylight,Nil,Give way sign,60 km/h,Local,10,Cross traffic,101,Adj - Cross traffic,,Right angle,4 wheel drive / SUV,4 wheel drive / SUV,2,0,0,1,0,2,February,Summer,Tuesday,08:00 - 09:59,AM peak / school commute,True,False,True,True
1348620,Injury,Moderate Injury,2024,2024,February,Monday,14:00 - 15:59,PRINCES,HWY,100,North,TOTTENHAM,PL,BLAKEHURST,1.0,No,Not a school zone,Divided road,-33.993808,151.115307,Georges River,Sydney metro. area,Syd-Newc-Woll Gtr conurbation,Straight,,,,On,Sealed,Dry,Fine,Daylight,Nil,No traffic controls,70 km/h,State,74,On road-out of cont.,705,Out of control on cway,,Rollover,Motorcycle,,1,0,0,1,0,2,February,Summer,Monday,14:00 - 15:59,Midday / afternoon,False,False,True,True
1348633,Injury,Serious Injury,2024,2024,February,Saturday,16:00 - 17:59,WANDEAN,RD,500,South,GNATILIA CREEK,RD,JERRAWANGALA,,No,Not a school zone,2-way undivided,-35.103151,150.471367,Shoalhaven,Country urban,Rest of NSW - Urban,Curved,,,,Nil,Unsealed,Wet,Fine,Daylight,Nil,No traffic controls,60 km/h,Local,88,Out of cont on bend,805,Out of control on bend,,Rollover,Motorcycle,,1,0,1,0,0,2,February,Summer,Saturday,16:00 - 17:59,PM peak / evening commute,True,False,True,True
1348635,Injury,Serious Injury,2024,2024,February,Thursday,12:00 - 13:59,KAMILAROI,HWY,200,West,MERRYWINEBONE,RD,BURREN JUNCTION,29.0,No,Not a school zone,2-way undivided,-30.06698,148.957697,Walgett,Country non-urban,Rest of NSW - Rural,Curved,,,,Nil,Sealed,Dry,Fine,Daylight,Nil,No traffic controls,100 km/h,State,88,Out of cont on bend,805,Out of control on bend,,Rollover,B-double (road train prior 98),,1,0,1,0,0,2,February,Summer,Thursday,12:00 - 13:59,Midday / afternoon,False,False,True,True
1348638,Injury,Moderate Injury,2024,2024,February,Saturday,12:00 - 13:59,CARTER,ST,0,Right on the spot,CASTLE,LANE,RANDWICK,,No,Not a school zone,X-intersection,-33.904962,151.243289,Randwick,Sydney metro. area,Syd-Newc-Woll Gtr conurbation,Straight,,,,Off,Sealed,Dry,Fine,Daylight,Nil,Give way sign,50 km/h,Local,10,Cross traffic,101,Adj - Cross traffic,,Right angle,Pedal cycle,4 wheel drive / SUV,2,0,0,1,0,2,February,Summer,Saturday,12:00 - 13:59,Midday / afternoon,False,False,True,True
1348639,Injury,Serious Injury,2024,2024,February,Saturday,10:00 - 11:59,CESSNOCK,RD,300,East,WAKEFIELD,RD,RYHOPE,220.0,No,Not a school zone,2-way undivided,-32.991667,151.523764,Lake Macquarie,Newcastle met. area,Syd-Newc-Woll Gtr conurbation,Curved,Painted double centre lines,,,Nil,Sealed,Dry,Fine,Daylight,Nil,No traffic controls,80 km/h,State,40,U turn,304,Same - U-turn,,Other angle,4 wheel drive / SUV,4 wheel drive / SUV,2,0,2,0,1,2,February,Summer,Saturday,10:00 - 11:59,Midday / afternoon,False,False,True,True
1348640,Injury,Moderate Injury,2024,2024,February,Saturday,08:00 - 09:59,LYONS,RD,0,Right on the spot,WILLIAM,ST,FIVE DOCK,7325.0,No,Not a school zone,Roundabout,-33.864454,151.121689,Canada Bay,Sydney metro. area,Syd-Newc-Woll Gtr conurbation,Straight,,,,Off,Sealed,Dry,Fine,Daylight,Nil,Give way sign,50 km/h,Regional,49,Other manoeuvring,400,Manov - other,,Other angle,4 wheel drive / SUV,Pedal cycle,2,0,0,1,0,2,February,Summer,Saturday,08:00 - 09:59,AM peak / school commute,True,False,True,True
1348649,Injury,Moderate Injury,2024,2024,February,Monday,16:00 - 17:59,BRUXNER,HWY,0,Right on the spot,NUMBER 4494,HN,PIORA,16.0,No,Not a school zone,2-way undivided,-28.850782,152.916213,Richmond Valley,Country non-urban,Rest of NSW - Rural,Curved,Painted double centre lines,,,Nil,Sealed,Dry,Fine,Daylight,Nil,No traffic controls,100 km/h,State,20,Head on,201,Opp - Head on,,Head-on,Station wagon,Light truck utility(from 2018),2,0,0,1,0,2,February,Summer,Monday,16:00 - 17:59,PM peak / evening commute,True,False,True,True
1348653,Injury,Serious Injury,2024,2024,February,Friday,08:00 - 09:59,MANNING,ST,30,North,SOUTH,ST,TUNCURRY,692.0,No,Not a school zone,Divided road,-32.174294,152.499044,Mid-Coast,Country urban,Rest of NSW - Urban,Straight,,,,Off,Sealed,Dry,Fine,Daylight,Nil,No traffic controls,50 km/h,State,1,Ped emerging,2,Ped - emerging,,Vehicle - Pedestrian,Light truck utility(from 2018),Pedestrian,2,0,1,0,0,2,February,Summer,Friday,08:00 - 09:59,AM peak / school commute,True,False,True,True
1348654,Injury,Serious Injury,2024,2024,February,Monday,16:00 - 17:59,SHUTER,AVE,0,Right on the spot,THURGOONA,DR,THURGOONA,,No,Not a school zone,T-junction,-36.044569,146.990069,Albury,Country urban,Rest of NSW - Urban,Straight,,,,Off,Sealed,Dry,Fine,Daylight,Nil,Give way sign,60 km/h,Local,13,Right near,104,Adj - Right-thru from right,,Right angle,Light truck,Motorcycle,2,0,1,0,0,2,February,Summer,Monday,16:00 - 17:59,PM peak / evening commute,True,False,True,True
1348656,Injury,Moderate Injury,2024,2024,February,Friday,06:00 - 07:59,GREAT WESTERN,HWY,90,West,THE AVENUE,MS,VALLEY HEIGHTS,5.0,No,Not a school zone,Divided road,-33.702488,150.577426,Blue Mountains,Country urban,Syd-Newc-Woll Gtr conurbation,Curved,Steep grade,,,Nil,Sealed,Wet,Raining,Daylight,Nil,No traffic controls,80 km/h,State,87,Off lft/lft bnd=>obj,804,Off left bend into obj,Left,Vehicle - Object,Car (sedan/hatch),,1,0,0,1,0,2,February,Summer,Friday,06:00 - 07:59,AM peak / school commute,True,False,True,True
1348657,Injury,Minor/Other Injury,2024,2024,February,Sunday,10:00 - 11:59,CASTLEREAGH,HWY,70,South,WARRENA,ST,WALGETT,18.0,No,Not a school zone,Divided road,-30.020103,148.116912,Walgett,Country urban,Rest of NSW - Urban,Straight,Foot/cycle path/nature strip,,,Nil,Sealed,Dry,Fine,Daylight,Nil,No traffic controls,40 km/h,State,6,Ped on footpath,8,Ped - On footway/median,,Vehicle - Pedestrian,Motorised push scooters,Pedestrian,2,0,0,0,2,2,February,Summer,Sunday,10:00 - 11:59,Midday / afternoon,False,False,True,True
1348660,Injury,Moderate Injury,2024,2024,February,Thursday,08:00 - 09:59,CLEVELAND,ST,30,West,SHEPHERD,ST,CHIPPENDALE,330.0,No,Not a school zone,2-way undivided,-33.888069,151.194845,Sydney,Sydney metro. area,Syd-Newc-Woll Gtr conurbation,Straight,,,,Off,Sealed,Dry,Fine,Daylight,Nil,No traffic controls,50 km/h,State,0,Ped nearside,1,Ped - Near side,,Vehicle - Pedestrian,Car (sedan/hatch),Pedestrian,2,0,0,1,0,2,February,Summer,Thursday,08:00 - 09:59,AM peak / school commute,True,False,True,True
1348661,Injury,Moderate Injury,2024,2024,March,Saturday,12:00 - 13:59,MYRTLE MOUNTAIN,RD,8000,North,MT DARRAGH,RD,MYRTLE MOUNTAIN,,No,Not a school zone,2-way undivided,-36.867643,149.690407,Bega Valley,Country non-urban,Rest of NSW - Rural,Curved,,,Potholes/corrugations/rough,Nil,Sealed,Dry,Fine,Daylight,Nil,No traffic controls,100 km/h,Local,80,Off left/right bend,801,Off cway right bend,Left,Rollover,Motorcycle,,1,0,0,1,0,3,March,Autumn,Saturday,12:00 - 13:59,Midday / afternoon,False,False,True,True
1348665,Injury,Serious Injury,2024,2024,March,Wednesday,08:00 - 09:59,ANZAC,AVE,0,Right on the spot,ORCHARD,ST,WEST RYDE,,No,Not a school zone,Roundabout,-33.805166,151.094848,Ryde,Sydney metro. area,Syd-Newc-Woll Gtr conurbation,Straight,Steep grade,,,Off,Sealed,Dry,Fine,Daylight,Nil,Give way sign,50 km/h,Local,10,Cross traffic,101,Adj - Cross traffic,,Right angle,Car (sedan/hatch),Pedal cycle,2,0,1,0,0,3,March,Autumn,Wednesday,08:00 - 09:59,AM peak / school commute,True,False,True,True
1348671,Injury,Serious Injury,2024,2024,February,Saturday,14:00 - 15:59,RIVERINA,HWY,0,Right on the spot,SMOLLETT,ST,ALBURY,20.0,No,Not a school zone,Roundabout,-36.082129,146.909957,Albury,Country urban,Rest of NSW - Urban,Straight,,,,Nil,Sealed,Dry,Fine,Daylight,Nil,Give way sign,50 km/h,State,0,Ped nearside,1,Ped - Near side,,Vehicle - Pedestrian,Light truck utility(from 2018),Pedestrian,2,0,1,0,0,2,February,Summer,Saturday,14:00 - 15:59,Midday / afternoon,False,False,True,True
1348676,Injury,Moderate Injury,2024,2024,March,Friday,06:00 - 07:59,GOULBURN,ST,0,Right on the spot,PITT,ST,SYDNEY,7305.0,No,Not a school zone,X-intersection,-33.878094,151.207429,Sydney,Sydney metro. area,Syd-Newc-Woll Gtr conurbation,Straight,,,,On,Sealed,Dry,Fine,Daylight,On,Ped crossing,40 km/h,Regional,0,Ped nearside,1,Ped - Near side,,Vehicle - Pedestrian,4 wheel drive / SUV,Pedestrian,2,0,0,1,0,3,March,Autumn,Friday,06:00 - 07:59,AM peak / school commute,True,False,True,True
1348680,Injury,Moderate Injury,2024,2024,March,Thursday,06:00 - 07:59,RED HILL,RD,50,North,WATSON,BVD,LLOYD,,No,Not a school zone,2-way undivided,-35.138399,147.321834,Wagga Wagga,Country urban,Rest of NSW - Urban,Straight,Embankment/cutting,,,Nil,Sealed,Dry,Fine,Dawn,Nil,No traffic controls,70 km/h,Local,20,Head on,201,Opp - Head on,,Head-on,Light truck utility(from 2018),Car (sedan/hatch),2,0,0,1,0,3,March,Autumn,Thursday,06:00 - 07:59,AM peak / school commute,True,False,True,True
1348683,Injury,Moderate Injury,2024,2024,March,Monday,16:00 - 17:59,OLYMPIC,DR,0,Right on the spot,BOOREA,ST,LIDCOMBE,190.0,No,Not a school zone,T-junction,-33.853421,151.040494,Cumberland,Sydney metro. area,Syd-Newc-Woll Gtr conurbation,Curved,,,,Nil,Sealed,Dry,Fine,Daylight,On,No traffic controls,70 km/h,State,30,Rear end,301,Same - Rear end,,Rear end,Large rigid,Car (sedan/hatch),2,0,0,1,0,3,March,Autumn,Monday,16:00 - 17:59,PM peak / evening commute,True,False,True,True