crash_id,degree_of_crash,degree_of_crash_-_detailed,reporting_year,year_of_crash,month_of_crash,day_of_week_of_crash,two-hour_intervals,street_of_crash,street_type,distance,direction,identifying_feature,identifying_feature_type,town,route_no.,school_zone_location,school_zone_active,type_of_location,latitude,longitude,lga,urbanisation,conurbation_1,alignment,primary_permanent_feature,primary_temporary_feature,primary_hazardous_feature,street_lighting,road_surface,surface_condition,weather,natural_lighting,signals_operation,other_traffic_control,speed_limit,road_classification_(admin),rum_-_code,rum_-_description,dca_-_code,dca_-_description,dca_supplement,first_impact_type,key_tu_type,other_tu_type,no._of_traffic_units_involved,no._killed,no._seriously_injured,no._moderately_injured,no._minor-other_injured,month_num,month_label,season,day_label,time_label,time_band,is_peak_commute,is_fatal,is_injury,is_casualty
1348693,Injury,Serious Injury,2024,2024,March,Friday,12:00 - 13:59,PACIFIC,HWY,0,Right on the spot,FINDLAY,AVE,ROSEVILLE,10.0,No,Not a school zone,T-junction,-33.78835,151.179593,Willoughby,Sydney metro. area,Syd-Newc-Woll Gtr conurbation,Straight,,,,Nil,Sealed,Wet,Fine,Daylight,Nil,No traffic controls,60 km/h,State,6,Ped on footpath,8,Ped - On footway/median,,Vehicle - Pedestrian,Motorised scooter (mob. aid),Pedestrian,2,0,1,0,0,3,March,Autumn,Friday,12:00 - 13:59,Midday / afternoon,False,False,True,True
1348694,Injury,Serious Injury,2024,2024,March,Sunday,02:00 - 03:59,COMO,RD,0,Right on the spot,NUMBER 79,HN,OYSTER BAY,,No,Not a school zone,2-way undivided,-34.004855,151.082414,Sutherland,Sydney metro. area,Syd-Newc-Woll Gtr conurbation,Curved,,,,On,Sealed,Dry,Fine,Darkness,Nil,No traffic controls,50 km/h,Local,81,Off left/rt bnd=>obj,803,Off right bend into obj,Left,Other angle,Car (sedan/hatch),4 wheel drive / SUV,2,0,1,1,0,3,March,Autumn,Sunday,02:00 - 03:59,Late night / early morning,False,False,True,True
1348696,Injury,Moderate Injury,2024,2024,March,Friday,16:00 - 17:59,BRISBANE WATER,DR,0,Right on the spot,COLLARD,RD,POINT CLARE,349.0,No,Not a school zone,T-junction,-33.439365,151.328167,Central Coast,Country urban,Syd-Newc-Woll Gtr conurbation,Straight,,,,Off,Sealed,Dry,Fine,Daylight,Nil,Give way sign,60 km/h,State,13,Right near,104,Adj - Right-thru from right,,Right angle,4 wheel drive / SUV,Car (sedan/hatch),2,0,0,1,0,3,March,Autumn,Friday,16:00 - 17:59,PM peak / evening commute,True,False,True,True
1348700,Injury,Moderate Injury,2024,2024,March,Saturday,16:00 - 17:59,ALCORN,ST,0,Right on the spot,JARMAN,ST,SUFFOLK PARK,,No,Not a school zone,T-junction,-28.686503,153.613883,Byron,Country urban,Rest of NSW - Urban,Straight,Driveway/entrance,,,Off,Sealed,Dry,Overcast,Daylight,Nil,No traffic controls,50 km/h,Local,53,Overtake turning,506,Ovtak - Overtaking right turn,,Other angle,Motorcycle,4 wheel drive / SUV,2,0,0,1,0,3,March,Autumn,Saturday,16:00 - 17:59,PM peak / evening commute,True,False,True,True
1348701,Injury,Serious Injury,2024,2024,March,Sunday,08:00 - 09:59,NEWCASTLE LINK,RD,0,Right on the spot,CAMERON PARK,DR,CAMERON PARK,82.0,No,Not a school zone,X-intersection,-32.894645,151.607099,Lake Macquarie,Newcastle met. area,Syd-Newc-Woll Gtr conurbation,Straight,,,,Nil,Sealed,Dry,Fine,Daylight,On,No traffic controls,80 km/h,State,35,Lane change left,307,Same - Lane change left,,Other angle,Light truck utility(from 2018),Motorcycle,2,0,1,1,0,3,March,Autumn,Sunday,08:00 - 09:59,AM peak / school commute,True,False,True,True
1348702,Injury,Serious Injury,2024,2024,March,Monday,08:00 - 09:59,MENANGLE,RD,0,Right on the spot,FINNS,RD,MENANGLE,179.0,No,Not a school zone,T-junction,-34.148349,150.721735,Wollondilly,Country urban,Syd-Newc-Woll Gtr conurbation,Curved,Steep grade,,,Nil,Sealed,Dry,Fine,Daylight,Nil,Give way sign,80 km/h,Regional,10,Cross traffic,101,Adj - Cross traffic,,Right angle,Car (sedan/hatch),4 wheel drive / SUV,2,0,2,0,0,3,March,Autumn,Monday,08:00 - 09:59,AM peak / school commute,True,False,True,True
1348705,Injury,Serious Injury,2024,2024,March,Thursday,08:00 - 09:59,HOLBROOK,RD,100,North,TYWONG,ST,MANGOPLAH,211.0,No,Not a school zone,2-way undivided,-35.380179,147.258086,Wagga Wagga,Country non-urban,Rest of NSW - Rural,Curved,,,,Nil,Sealed,Dry,Fine,Daylight,Nil,No traffic controls,100 km/h,Regional,85,Off rt/lft bnd=>obj,804,Off left bend into obj,Right,Vehicle - Object,Car (sedan/hatch),,1,0,1,0,0,3,March,Autumn,Thursday,08:00 - 09:59,AM peak / school commute,True,False,True,True
1348712,Injury,Moderate Injury,2024,2024,February,Thursday,14:00 - 15:59,WOODBURN,ST,10,South,ASH,ST,EVANS HEAD,153.0,No,Not a school zone,Roundabout,-29.112411,153.426455,Richmond Valley,Country urban,Rest of NSW - Urban,Straight,,,,Nil,Sealed,Dry,Fine,Daylight,Nil,Give way sign,50 km/h,Regional,71,Off rd left => obj,703,Left off cway into object,,Vehicle - Object,Car (sedan/hatch),,1,0,0,1,0,2,February,Summer,Thursday,14:00 - 15:59,Midday / afternoon,False,False,True,True
1348713,Injury,Serious Injury,2024,2024,February,Tuesday,04:00 - 05:59,WESTERN,EXP,200,West,PROSPECT HIGHWAY,OP,PROSPECT,6004.0,No,Not a school zone,Dual freeway,-33.805116,150.913756,Blacktown,Sydney metro. area,Syd-Newc-Woll Gtr conurbation,Straight,,,,On,Sealed,Dry,Fine,Darkness,Nil,No traffic controls,100 km/h,State,35,Lane change left,307,Same - Lane change left,,Other angle,Light truck,Motorcycle,2,0,1,1,0,2,February,Summer,Tuesday,04:00 - 05:59,Late night / early morning,False,False,True,True
1348714,Injury,Serious Injury,2024,2024,January,Saturday,10:00 - 11:59,GWYDIR,HWY,650,West,CRANKY ROCK,RD,WARIALDA,12.0,No,Not a school zone,2-way undivided,-29.570053,150.620786,Gwydir,Country non-urban,Rest of NSW - Rural,Curved,Embankment/cutting,,,Nil,Sealed,Dry,Fine,Daylight,Nil,No traffic controls,100 km/h,State,81,Off left/rt bnd=>obj,803,Off right bend into obj,Left,Vehicle - Object,4 wheel drive / SUV,,1,0,1,0,0,1,January,Summer,Saturday,10:00 - 11:59,Midday / afternoon,False,False,True,True
1348719,Injury,Serious Injury,2024,2024,February,Sunday,22:00 - Midnight,HUNTER,RD,100,West,MITCHELL,ST,MOONAN FLAT,105.0,No,Not a school zone,2-way undivided,-31.92637,151.237311,Upper Hunter,Country urban,Rest of NSW - Urban,Curved,,,,Nil,Sealed,Dry,Fine,Darkness,Nil,No traffic controls,60 km/h,Regional,82,Off right/right bend,801,Off cway right bend,Right,Rollover,4 wheel drive / SUV,,1,0,1,0,0,2,February,Summer,Sunday,22:00 - Midnight,Evening / night,False,False,True,True
1348728,Injury,Moderate Injury,2024,2024,March,Thursday,12:00 - 13:59,STURT,HWY,19700,West,BALRANALD,TN,BALRANALD,14.0,No,Not a school zone,2-way undivided,-34.616854,143.334193,Balranald,Country non-urban,Rest of NSW - Rural,Straight,Other bridge,,,Nil,Sealed,Dry,Fine,Daylight,Nil,No traffic controls,110 km/h,State,71,Off rd left => obj,703,Left off cway into object,,Vehicle - Object,4 wheel drive / SUV,,1,0,0,1,0,3,March,Autumn,Thursday,12:00 - 13:59,Midday / afternoon,False,False,True,True
1348729,Injury,Moderate Injury,2024,2024,March,Friday,16:00 - 17:59,RIVERSIDE,DR,50,South,BOAT SHED ACC ROAD,ENT,NORTH RYDE,4026.0,No,Not a school zone,2-way undivided,-33.792045,151.15249,Ryde,Sydney metro. area,Syd-Newc-Woll Gtr conurbation,Curved,Steep grade,,,Nil,Sealed,Dry,Fine,Daylight,Nil,No traffic controls,50 km/h,State,20,Head on,201,Opp - Head on,,Head-on,Car (sedan/hatch),Pedal cycle,2,0,0,1,0,3,March,Autumn,Friday,16:00 - 17:59,PM peak / evening commute,True,False,True,True
1348742,Injury,Moderate Injury,2024,2024,March,Friday,18:00 - 19:59,HUME,HWY,2000,South,MARULAN SOUTH ROAD,OP,MARULAN,2.0,No,Not a school zone,Divided road,-34.734723,149.960345,Goulburn Mulwaree,Country non-urban,Rest of NSW - Rural,Curved,B'down lane/road shldr,,,Nil,Sealed,Dry,Fine,Daylight,Nil,No traffic controls,110 km/h,State,87,Off lft/lft bnd=>obj,804,Off left bend into obj,Left,Other angle,Car (sedan/hatch),Large rigid,2,0,0,1,2,3,March,Autumn,Friday,18:00 - 19:59,PM peak / evening commute,True,False,True,True
1348743,Injury,Serious Injury,2024,2024,April,Friday,14:00 - 15:59,STURT,HWY,0,Right on the spot,BAYLIS,ST,WAGGA WAGGA,14.0,No,Not a school zone,X-intersection,-35.118842,147.368836,Wagga Wagga,Country urban,Rest of NSW - Urban,Straight,,,,Off,Sealed,Wet,Raining,Daylight,On,Ped crossing,60 km/h,State,0,Ped nearside,1,Ped - Near side,,Vehicle - Pedestrian,Car (sedan/hatch),Pedestrian,2,0,1,0,0,4,April,Autumn,Friday,14:00 - 15:59,Midday / afternoon,False,False,True,True
1348746,Injury,Minor/Other Injury,2024,2024,March,Sunday,16:00 - 17:59,OSBORNE,ST,0,Right on the spot,NUMBER 54-60,HN,NOWRA,,Yes,No,2-way undivided,-34.874607,150.598124,Shoalhaven,Country urban,Rest of NSW - Urban,Straight,,,,On,Sealed,Wet,Raining,Dusk,Nil,No traffic controls,50 km/h,Local,20,Head on,201,Opp - Head on,,Head-on,Car (sedan/hatch),Unknown motor vehicle,3,0,0,0,1,3,March,Autumn,Sunday,16:00 - 17:59,PM peak / evening commute,True,False,True,True
1348748,Injury,Minor/Other Injury,2024,2024,March,Saturday,22:00 - Midnight,HUME,HWY,0,Right on the spot,CENTENARY DRIVE,TO,STRATHFIELD,2.0,No,Not a school zone,Divided road,-33.885931,151.069621,Strathfield,Sydney metro. area,Syd-Newc-Woll Gtr conurbation,Curved,,,,On,Sealed,Dry,Fine,Darkness,Nil,Ped crossing,60 km/h,State,30,Rear end,301,Same - Rear end,,Rear end,Car (sedan/hatch),Car (sedan/hatch),2,0,0,0,1,3,March,Autumn,Saturday,22:00 - Midnight,Evening / night,False,False,True,True
1348749,Injury,Serious Injury,2024,2024,March,Thursday,06:00 - 07:59,KENT,ST,0,Right on the spot,RAY,RD,EPPING,,No,Not a school zone,Roundabout,-33.766467,151.073941,Parramatta,Sydney metro. area,Syd-Newc-Woll Gtr conurbation,Straight,Steep grade,,,Nil,Sealed,Dry,Fine,Daylight,Nil,Give way sign,50 km/h,Local,10,Cross traffic,101,Adj - Cross traffic,,Right angle,4 wheel drive / SUV,4 wheel drive / SUV,2,0,1,0,0,3,March,Autumn,Thursday,06:00 - 07:59,AM peak / school commute,True,False,True,True
1348751,Injury,Moderate Injury,2024,2024,January,Wednesday,16:00 - 17:59,SHOW,ST,120,North,ADA,ST,FORBES,,No,Not a school zone,2-way undivided,-33.392962,147.995388,Forbes,Country urban,Rest of NSW - Urban,Straight,,,,Nil,Sealed,Dry,Fine,Daylight,Nil,No traffic controls,50 km/h,Local,73,Off rd rght => obj,704,Right off cway into obj,,Vehicle - Object,Car (sedan/hatch),,1,0,0,2,0,1,January,Summer,Wednesday,16:00 - 17:59,PM peak / evening commute,True,False,True,True
1348752,Injury,Minor/Other Injury,2024,2024,March,Friday,10:00 - 11:59,M2 HILLS,EXP,100,East,CUMBERLAND HIGHWAY,TO,BEECROFT,6002.0,No,Not a school zone,Dual freeway,-33.757373,151.056267,Hornsby,Sydney metro. area,Syd-Newc-Woll Gtr conurbation,Straight,,,,Nil,Sealed,Dry,Fine,Daylight,Nil,No traffic controls,100 km/h,State,30,Rear end,301,Same - Rear end,,Rear end,Motorcycle,Car (sedan/hatch),2,0,0,0,1,3,March,Autumn,Friday,10:00 - 11:59,Midday / afternoon,False,False,True,True
1348757,Injury,Serious Injury,2024,2024,March,Saturday,08:00 - 09:59,LANG,RD,0,Right on the spot,ERROL FLYNN BOULEVARD,TO,MOORE PARK,,No,Not a school zone,2-way undivided,-33.896069,151.224795,Sydney,Sydney metro. area,Syd-Newc-Woll Gtr conurbation,Straight,,,,Off,Sealed,Dry,Fine,Daylight,Nil,Ped crossing,50 km/h,Local,0,Ped nearside,1,Ped - Near side,,Vehicle - Pedestrian,Car (sedan/hatch),Pedestrian,2,0,1,0,0,3,March,Autumn,Saturday,08:00 - 09:59,AM peak / school commute,True,False,True,True
1348760,Injury,Serious Injury,2024,2024,March,Wednesday,16:00 - 17:59,PACIFIC,HWY,0,Right on the spot,FOXGLOVE,RD,MOUNT COLAH,10.0,No,Not a school zone,T-junction,-33.66155,151.125856,Hornsby,Sydney metro. area,Syd-Newc-Woll Gtr conurbation,Straight,,,,Off,Sealed,Dry,Overcast,Daylight,Nil,No traffic controls,80 km/h,State,13,Right near,104,Adj - Right-thru from right,,Right angle,Car (sedan/hatch),Car (sedan/hatch),2,0,1,0,0,3,March,Autumn,Wednesday,16:00 - 17:59,PM peak / evening commute,True,False,True,True
1348761,Injury,Serious Injury,2024,2024,March,Monday,04:00 - 05:59,CANTERBURY,RD,0,Right on the spot,NUMBER 1365,HN,PUNCHBOWL,167.0,Yes,No,2-way undivided,-33.931857,151.054633,Canterbury-Bankstown,Sydney metro. area,Syd-Newc-Woll Gtr conurbation,Straight,Steep grade,,,Nil,Sealed,Dry,Fine,Darkness,Nil,No traffic controls,60 km/h,State,73,Off rd rght => obj,704,Right off cway into obj,,Vehicle - Object,4 wheel drive / SUV,,1,0,1,0,0,3,March,Autumn,Monday,04:00 - 05:59,Late night / early morning,False,False,True,True
1348764,Injury,Minor/Other Injury,2024,2024,March,Thursday,22:00 - Midnight,THE RIDGEWAY,MS,0,Right on the spot,NUMBER 747,HN,TUMBI UMBI,,No,Not a school zone,2-way undivided,-33.387311,151.437722,Central Coast,Country urban,Syd-Newc-Woll Gtr conurbation,Curved,Embankment/cutting,,,Nil,Sealed,Wet,Overcast,Darkness,Nil,No traffic controls,60 km/h,Local,85,Off rt/lft bnd=>obj,804,Off left bend into obj,Right,Vehicle - Object,Car (sedan/hatch),,1,0,0,0,1,3,March,Autumn,Thursday,22:00 - Midnight,Evening / night,False,False,True,True
1348768,Injury,Moderate Injury,2024,2024,April,Saturday,16:00 - 17:59,NORTH FORBES,RD,8000,South,WAITOHI,LANE,CONDOBOLIN,,No,Not a school zone,2-way undivided,-33.129462,147.261297,Lachlan,Country non-urban,Rest of NSW - Rural,Straight,,,Potholes/corrugations/rough,Nil,Unsealed,Wet,Overcast,Daylight,Nil,No traffic controls,100 km/h,Local,74,On road-out of cont.,705,Out of control on cway,,Rollover,Light truck utility(from 2018),,1,0,0,3,0,4,April,Autumn,Saturday,16:00 - 17:59,PM peak / evening commute,True,False,True,True
1348772,Injury,Moderate Injury,2024,2024,March,Wednesday,16:00 - 17:59,MORUBEN,RD,0,Right on the spot,PUNCH,ST,MOSMAN,,No,Not a school zone,T-junction,-33.823435,151.244979,Mosman,Sydney metro. area,Syd-Newc-Woll Gtr conurbation,Straight,Steep grade,,,Off,Sealed,Dry,Fine,Daylight,Nil,No traffic controls,50 km/h,Local,21,Right through,202,Opp - Right-thru,,Other angle,Light truck utility(from 2018),Car (sedan/hatch),2,0,0,1,0,3,March,Autumn,Wednesday,16:00 - 17:59,PM peak / evening commute,True,False,True,True
1348776,Injury,Minor/Other Injury,2024,2024,February,Wednesday,06:00 - 07:59,GREAT NORTH,RD,50,South,BLACKWALL PT,RD,ABBOTSFORD,7326.0,No,Not a school zone,2-way undivided,-33.851774,151.129128,Canada Bay,Sydney metro. area,Syd-Newc-Woll Gtr conurbation,Straight,,,,Nil,Sealed,Dry,Fine,Daylight,Nil,No traffic controls,50 km/h,Regional,74,On road-out of cont.,705,Out of control on cway,,Rollover,Motorcycle,,1,0,0,0,1,2,February,Summer,Wednesday,06:00 - 07:59,AM peak / school commute,True,False,True,True
1348779,Injury,Serious Injury,2024,2024,January,Tuesday,16:00 - 17:59,WESTERN,EXP,0,Right on the spot,PROSPECT HIGHWAY,OP,PROSPECT,6004.0,No,Not a school zone,Dual freeway,-33.805421,150.915999,Blacktown,Sydney metro. area,Syd-Newc-Woll Gtr conurbation,Straight,Underpass/tunnel,,,Off,Sealed,Dry,Fine,Daylight,Nil,No traffic controls,100 km/h,State,30,Rear end,301,Same - Rear end,,Rear end,Car (sedan/hatch),Car (sedan/hatch),3,0,1,0,0,1,January,Summer,Tuesday,16:00 - 17:59,PM peak / evening commute,True,False,True,True
1348782,Injury,Serious Injury,2024,2024,March,Thursday,08:00 - 09:59,JOHN BLACK,DR,15,South,CASSINIA,AVE,MARSDEN PARK,,No,Not a school zone,2-way undivided,-33.697673,150.810804,Blacktown,Sydney metro. area,Syd-Newc-Woll Gtr conurbation,Straight,Foot/cycle path/nature strip,,,Nil,Sealed,Dry,Fine,Daylight,Nil,No traffic controls,50 km/h,Local,48,From footpath,408,Manov - From footway,,Other angle,Pedal cycle,Passenger van,2,0,1,0,0,3,March,Autumn,Thursday,08:00 - 09:59,AM peak / school commute,True,False,True,True
1348784,Injury,Moderate Injury,2024,2024,April,Tuesday,22:00 - Midnight,CANTERBURY,RD,0,Right on the spot,PUNCHBOWL,RD,PUNCHBOWL,167.0,No,Not a school zone,T-junction,-33.932471,151.044852,Canterbury-Bankstown,Sydney metro. area,Syd-Newc-Woll Gtr conurbation,Straight,,,,On,Sealed,Dry,Fine,Darkness,On,No traffic controls,60 km/h,State,11,Right far,102,Adj - Right-thru from left,,Right angle,Motorcycle,Light truck utility(from 2018),2,0,0,1,0,4,April,Autumn,Tuesday,22:00 - Midnight,Evening / night,False,False,True,True
1348788,Injury,Moderate Injury,2024,2024,March,Monday,12:00 - 13:59,RAILWAY,PDE,0,Right on the spot,JUBILEE,AVE,CARLTON,7006.0,No,Not a school zone,T-junction,-33.968523,151.124534,Georges River,Sydney metro. area,Syd-Newc-Woll Gtr conurbation,Straight,Steep grade,,,Off,Sealed,Dry,Fine,Daylight,On,No traffic controls,50 km/h,Regional,0,Ped nearside,1,Ped - Near side,,Vehicle - Pedestrian,Car (sedan/hatch),Pedestrian,2,0,0,1,0,3,March,Autumn,Monday,12:00 - 13:59,Midday / afternoon,False,False,True,True
1348790,Injury,Minor/Other Injury,2024,2024,March,Friday,20:00 - 21:59,RIVERINA,HWY,0,Right on the spot,YOUNG,ST,ALBURY,20.0,Yes,No,X-intersection,-36.075187,146.925289,Albury,Country urban,Rest of NSW - Urban,Straight,,,,On,Sealed,Dry,Fine,Darkness,On,No traffic controls,60 km/h,State,21,Right through,202,Opp - Right-thru,,Other angle,Light truck utility(from 2018),Car (sedan/hatch),2,0,0,0,1,3,March,Autumn,Friday,20:00 - 21:59,Evening / night,False,False,True,True
1348793,Injury,Serious Injury,2024,2024,January,Thursday,12:00 - 13:59,GUINEACOR,RD,250,South,MARES FOREST,RD,WOMBEYAN CAVES,,No,Not a school zone,2-way undivided,-34.307417,149.866359,Upper Lachlan,Country non-urban,Rest of NSW - Rural,Straight,,,,Nil,Unsealed,Wet,Raining,Daylight,Nil,No traffic controls,100 km/h,Local,66,Object on road,607,On path - Hit temp object,,Vehicle - Object,Motorcycle,,1,0,1,0,0,1,January,Summer,Thursday,12:00 - 13:59,Midday / afternoon,False,False,True,True
1348799,Injury,Minor/Other Injury,2024,2024,April,Tuesday,18:00 - 19:59,PHILLIP,ST,180,East,QUEEN,ST,ST MARYS,,No,Not a school zone,2-way undivided,-33.763973,150.776462,Penrith,Sydney metro. area,Syd-Newc-Woll Gtr conurbation,Straight,Foot/cycle path/nature strip,,,Off,Sealed,Wet,Fine,Dusk,Nil,Ped crossing,40 km/h,Local,48,From footpath,408,Manov - From footway,,Other angle,Motorised push scooters,Car (sedan/hatch),2,0,0,0,1,4,April,Autumn,Tuesday,18:00 - 19:59,PM peak / evening commute,True,False,True,True
1348800,Injury,Serious Injury,2024,2024,April,Sunday,02:00 - 03:59,ABBOTT,RD,0,Right on the spot,SEVEN HILLS,RD,SEVEN HILLS,644.0,No,Not a school zone,T-junction,-33.767884,150.94413,Blacktown,Sydney metro. area,Syd-Newc-Woll Gtr conurbation,Curved,Steep grade,,,On,Sealed,Dry,Fine,Darkness,On,No traffic controls,60 km/h,State,85,Off rt/lft bnd=>obj,804,Off left bend into obj,Right,Vehicle - Object,4 wheel drive / SUV,,1,0,1,1,1,4,April,Autumn,Sunday,02:00 - 03:59,Late night / early morning,False,False,True,True
1348801,Injury,Moderate Injury,2024,2024,March,Saturday,08:00 - 09:59,HUME,HWY,0,Right on the spot,ELIZABETH,ST,ASHFIELD,2.0,No,Not a school zone,X-intersection,-33.889341,151.132333,Inner West,Sydney metro. area,Syd-Newc-Woll Gtr conurbation,Curved,Other bridge,,,Nil,Sealed,Dry,Fine,Daylight,On,Ped crossing,60 km/h,State,2,Ped far side,3,Ped - Far side,,Vehicle - Pedestrian,Station wagon,Pedestrian,2,0,0,1,0,3,March,Autumn,Saturday,08:00 - 09:59,AM peak / school commute,True,False,True,True
1348804,Injury,Serious Injury,2024,2024,January,Monday,06:00 - 07:59,BROADWATER EVANS HEAD,RD,600,North,CURRAJONG,ST,EVANS HEAD,4058.0,No,Not a school zone,2-way undivided,-29.099354,153.42966,Richmond Valley,Country non-urban,Rest of NSW - Rural,Curved,,,,Nil,Sealed,Wet,Overcast,Dawn,Nil,No traffic controls,100 km/h,Regional,85,Off rt/lft bnd=>obj,804,Off left bend into obj,Right,Vehicle - Object,Car (sedan/hatch),,1,0,1,0,0,1,January,Summer,Monday,06:00 - 07:59,AM peak / school commute,True,False,True,True
1348805,Injury,Serious Injury,2024,2024,April,Monday,14:00 - 15:59,BUCKETTS,WAY,1870,North,LIMEBURNERS CREEK,RD,LIMEBURNERS CREEK,90.0,No,Not a school zone,2-way undivided,-32.595816,151.899072,Mid-Coast,Country non-urban,Rest of NSW - Rural,Straight,Driveway/entrance,,,Nil,Sealed,Dry,Fine,Daylight,Nil,No traffic controls,90 km/h,Regional,53,Overtake turning,506,Ovtak - Overtaking right turn,,Other angle,4 wheel drive / SUV,Car (sedan/hatch),2,0,1,0,0,4,April,Autumn,Monday,14:00 - 15:59,Midday / afternoon,False,False,True,True
1348809,Injury,Moderate Injury,2024,2024,March,Wednesday,14:00 - 15:59,PACIFIC,HWY,500,South,STADIUM,DR,COFFS HARBOUR,10.0,No,Not a school zone,Divided road,-30.324866,153.083657,Coffs Harbour,Country non-urban,Rest of NSW - Rural,Straight,,,,Nil,Sealed,Dry,Fine,Daylight,Nil,No traffic controls,100 km/h,State,73,Off rd rght => obj,704,Right off cway into obj,,Vehicle - Object,Car (sedan/hatch),,1,0,0,1,1,3,March,Autumn,Wednesday,14:00 - 15:59,Midday / afternoon,False,False,True,True
1348810,Injury,Serious Injury,2024,2024,March,Friday,08:00 - 09:59,HUME,HWY,3000,North,NARELLAN ROAD,OP,WOODBINE,2.0,No,Not a school zone,Dual freeway,-34.050275,150.814604,Campbelltown,Sydney metro. area,Syd-Newc-Woll Gtr conurbation,Curved,,,,Off,Sealed,Dry,Fine,Daylight,Nil,No traffic controls,110 km/h,State,35,Lane change left,307,Same - Lane change left,,Other angle,4 wheel drive / SUV,4 wheel drive / SUV,3,0,1,0,1,3,March,Autumn,Friday,08:00 - 09:59,AM peak / school commute,True,False,True,True
1348812,Injury,Serious Injury,2024,2024,March,Thursday,10:00 - 11:59,KAMILAROI,HWY,3000,East,SEACHS,WAY,CURLEWIS,29.0,No,Not a school zone,2-way undivided,-31.143734,150.291765,Gunnedah,Country non-urban,Rest of NSW - Rural,Straight,,,,Nil,Sealed,Dry,Fine,Daylight,Nil,No traffic controls,110 km/h,State,71,Off rd left => obj,703,Left off cway into object,,Vehicle - Object,B-double (road train prior 98),,1,0,1,0,0,3,March,Autumn,Thursday,10:00 - 11:59,Midday / afternoon,False,False,True,True
1348816,Injury,Serious Injury,2024,2024,March,Thursday,16:00 - 17:59,PITT,ST,0,Right on the spot,GLEBE,ST,PARRAMATTA,2098.0,No,Not a school zone,X-intersection,-33.820556,150.995905,Parramatta,Sydney metro. area,Syd-Newc-Woll Gtr conurbation,Straight,,,,Off,Sealed,Dry,Fine,Daylight,Nil,Give way sign,60 km/h,Regional,21,Right through,202,Opp - Right-thru,,Other angle,Car (sedan/hatch),Pedal cycle,2,0,1,0,0,3,March,Autumn,Thursday,16:00 - 17:59,PM peak / evening commute,True,False,True,True
1348819,Injury,Moderate Injury,2024,2024,March,Thursday,04:00 - 05:59,NORTH ROCKS,RD,0,Right on the spot,JENKINS,RD,CARLINGFORD,7144.0,No,Not a school zone,X-intersection,-33.767975,151.043402,Parramatta,Sydney metro. area,Syd-Newc-Woll Gtr conurbation,Straight,,,,On,Sealed,Dry,Fine,Dawn,On,No traffic controls,60 km/h,Regional,10,Cross traffic,101,Adj - Cross traffic,,Right angle,Car (sedan/hatch),4 wheel drive / SUV,2,0,0,1,0,3,March,Autumn,Thursday,04:00 - 05:59,Late night / early morning,False,False,True,True
1348821,Injury,Serious Injury,2024,2024,April,Monday,08:00 - 09:59,COOLAMON SCENIC,DR,1840,South,MUDGES,RD,MULLUMBIMBY,,No,Not a school zone,2-way undivided,-28.523027,153.511355,Byron,Country non-urban,Rest of NSW - Rural,Curved,Steep grade,,,Nil,Sealed,Dry,Fine,Daylight,Nil,No traffic controls,100 km/h,Local,20,Head on,201,Opp - Head on,,Head-on,Car (sedan/hatch),4 wheel drive / SUV,2,0,2,0,0,4,April,Autumn,Monday,08:00 - 09:59,AM peak / school commute,True,False,True,True
1348825,Injury,Serious Injury,2024,2024,March,Friday,12:00 - 13:59,CHALMERS,ST,0,Right on the spot,BELVOIR,ST,SURRY HILLS,7083.0,Yes,No,T-junction,-33.888593,151.206317,Sydney,Sydney metro. area,Syd-Newc-Woll Gtr conurbation,Straight,Foot/cycle path/nature strip,,,Nil,Sealed,Dry,Fine,Daylight,Nil,Ped crossing,40 km/h,Regional,48,From footpath,408,Manov - From footway,,Other angle,Pedal cycle,Light truck,2,0,1,0,0,3,March,Autumn,Friday,12:00 - 13:59,Midday / afternoon,False,False,True,True
1348827,Injury,Serious Injury,2024,2024,March,Tuesday,06:00 - 07:59,EMPIRE,AVE,10,East,IAN,PDE,CONCORD,,No,Not a school zone,X-intersection,-33.857194,151.108006,Canada Bay,Sydney metro. area,Syd-Newc-Woll Gtr conurbation,Straight,,,,Nil,Sealed,Dry,Fine,Daylight,Nil,Stop sign,50 km/h,Local,2,Ped far side,3,Ped - Far side,,Vehicle - Pedestrian,Car (sedan/hatch),Pedestrian,2,0,1,0,0,3,March,Autumn,Tuesday,06:00 - 07:59,AM peak / school commute,True,False,True,True
1348832,Injury,Moderate Injury,2024,2024,March,Sunday,22:00 - Midnight,FORRESTER,RD,0,Right on the spot,HATHERTON,RD,LETHBRIDGE PARK,7167.0,No,Not a school zone,T-junction,-33.737355,150.789982,Blacktown,Sydney metro. area,Syd-Newc-Woll Gtr conurbation,Straight,,,,On,Sealed,Dry,Fine,Darkness,Nil,No traffic controls,70 km/h,Regional,21,Right through,202,Opp - Right-thru,,Other angle,Car (sedan/hatch),4 wheel drive / SUV,2,0,0,1,0,3,March,Autumn,Sunday,22:00 - Midnight,Evening / night,False,False,True,True
1348834,Injury,Moderate Injury,2024,2024,April,Tuesday,08:00 - 09:59,PRINCES,HWY,1500,South,BREDBATOURA,RD,COBARGO,1.0,No,Not a school zone,2-way undivided,-36.402353,149.868427,Bega Valley,Country non-urban,Rest of NSW - Rural,Curved,Painted double centre lines,,,Nil,Sealed,Dry,Fine,Daylight,Nil,No traffic controls,100 km/h,State,20,Head on,201,Opp - Head on,,Head-on,4 wheel drive / SUV,4 wheel drive / SUV,2,0,0,1,0,4,April,Autumn,Tuesday,08:00 - 09:59,AM peak / school commute,True,False,True,True