crash_id,degree_of_crash,degree_of_crash_-_detailed,reporting_year,year_of_crash,month_of_crash,day_of_week_of_crash,two-hour_intervals,street_of_crash,street_type,distance,direction,identifying_feature,identifying_feature_type,town,route_no.,school_zone_location,school_zone_active,type_of_location,latitude,longitude,lga,urbanisation,conurbation_1,alignment,primary_permanent_feature,primary_temporary_feature,primary_hazardous_feature,street_lighting,road_surface,surface_condition,weather,natural_lighting,signals_operation,other_traffic_control,speed_limit,road_classification_(admin),rum_-_code,rum_-_description,dca_-_code,dca_-_description,dca_supplement,first_impact_type,key_tu_type,other_tu_type,no._of_traffic_units_involved,no._killed,no._seriously_injured,no._moderately_injured,no._minor-other_injured,month_num,month_label,season,day_label,time_label,time_band,is_peak_commute,is_fatal,is_injury,is_casualty
1348836,Injury,Moderate Injury,2024,2024,March,Monday,18:00 - 19:59,O'SULLIVAN,RD,0,Right on the spot,NUMBER 111,HN,LEUMEAH,,No,Not a school zone,2-way undivided,-34.057044,150.832317,Campbelltown,Sydney metro. area,Syd-Newc-Woll Gtr conurbation,Straight,Driveway/entrance,,,Off,Sealed,Dry,Fine,Daylight,Nil,No traffic controls,60 km/h,Local,32,Right rear,303,Same - Rear right,,Rear end,Car (sedan/hatch),4 wheel drive / SUV,2,0,0,1,0,3,March,Autumn,Monday,18:00 - 19:59,PM peak / evening commute,True,False,True,True
1348837,Injury,Moderate Injury,2024,2024,March,Wednesday,18:00 - 19:59,HENRY LAWSON,DR,0,Right on the spot,BURRAWANG REACH,RD,PICNIC POINT,508.0,No,Not a school zone,X-intersection,-33.974305,151.01704,Canterbury-Bankstown,Sydney metro. area,Syd-Newc-Woll Gtr conurbation,Curved,Crest,,,Off,Sealed,Dry,Fine,Daylight,Nil,Stop sign,60 km/h,State,88,Out of cont on bend,805,Out of control on bend,,Rollover,Motorcycle,,1,0,0,1,0,3,March,Autumn,Wednesday,18:00 - 19:59,PM peak / evening commute,True,False,True,True
1348842,Injury,Minor/Other Injury,2024,2024,March,Friday,12:00 - 13:59,HUME,HWY,4400,North,BURRINJUCK,RD,BOWNING,2.0,No,Not a school zone,Divided road,-34.779446,148.715351,Yass Valley,Country non-urban,Rest of NSW - Rural,Straight,,,,Nil,Sealed,Dry,Fine,Daylight,Nil,No traffic controls,110 km/h,State,72,Off road to right,702,Off carriageway to right,,Rollover,Car (sedan/hatch),,1,0,0,0,1,3,March,Autumn,Friday,12:00 - 13:59,Midday / afternoon,False,False,True,True
1348843,Injury,Serious Injury,2024,2024,March,Sunday,12:00 - 13:59,DUNGOG,RD,100,East,GOSTWYCK,BDGE,MARTINS CREEK,101.0,No,Not a school zone,2-way undivided,-32.564814,151.606804,Dungog,Country urban,Rest of NSW - Urban,Curved,Steep grade,,,Nil,Sealed,Dry,Fine,Daylight,Nil,No traffic controls,80 km/h,Regional,81,Off left/rt bnd=>obj,803,Off right bend into obj,Left,Vehicle - Object,Motorcycle,,1,0,1,0,0,3,March,Autumn,Sunday,12:00 - 13:59,Midday / afternoon,False,False,True,True
1348844,Injury,Moderate Injury,2024,2024,March,Thursday,06:00 - 07:59,KING,ST,0,Right on the spot,JOHN,ST,WARNERS BAY,527.0,No,Not a school zone,T-junction,-32.975214,151.646478,Lake Macquarie,Newcastle met. area,Syd-Newc-Woll Gtr conurbation,Straight,,,,Nil,Sealed,Dry,Fine,Daylight,On,No traffic controls,40 km/h,State,30,Rear end,301,Same - Rear end,,Rear end,Light truck utility(from 2018),Light truck,2,0,0,1,0,3,March,Autumn,Thursday,06:00 - 07:59,AM peak / school commute,True,False,True,True
1348850,Injury,Serious Injury,2024,2024,March,Saturday,12:00 - 13:59,FERRIER,RD,0,Right on the spot,NUMBER 12A,HN,YAGOONA,,No,Not a school zone,2-way undivided,-33.897438,151.020979,Canterbury-Bankstown,Sydney metro. area,Syd-Newc-Woll Gtr conurbation,Straight,Driveway/entrance,,,Nil,Sealed,Dry,Fine,Daylight,Nil,No traffic controls,50 km/h,Local,49,Other manoeuvring,400,Manov - other,,Other angle,Car (sedan/hatch),4 wheel drive / SUV,2,0,1,0,0,3,March,Autumn,Saturday,12:00 - 13:59,Midday / afternoon,False,False,True,True
1348856,Injury,Serious Injury,2024,2024,February,Thursday,18:00 - 19:59,AVOCA,DR,0,Right on the spot,KILLUNA,RD,KINCUMBER,504.0,Yes,No,Roundabout,-33.469274,151.392365,Central Coast,Country urban,Syd-Newc-Woll Gtr conurbation,Straight,,,,Off,Sealed,Dry,Fine,Daylight,Nil,Give way sign,60 km/h,State,36,Right turn sideswipe,308,Same - Rgt turn side swipe,,Other angle,Other bus,4 wheel drive / SUV,2,0,1,0,0,2,February,Summer,Thursday,18:00 - 19:59,PM peak / evening commute,True,False,True,True
1348870,Injury,Serious Injury,2024,2024,April,Saturday,18:00 - 19:59,THE WOOL,RD,10,West,JOHN,ST,BASIN VIEW,7631.0,No,Not a school zone,T-junction,-35.088424,150.557091,Shoalhaven,Country urban,Rest of NSW - Urban,Straight,Foot/cycle path/nature strip,,,Nil,Sealed,Dry,Overcast,Dusk,Nil,No traffic controls,60 km/h,Regional,71,Off rd left => obj,703,Left off cway into object,,Vehicle - Object,Car (sedan/hatch),,1,0,1,0,0,4,April,Autumn,Saturday,18:00 - 19:59,PM peak / evening commute,True,False,True,True
1348874,Injury,Moderate Injury,2024,2024,April,Thursday,18:00 - 19:59,EPPING,RD,10,East,SOBRAON,RD,MARSFIELD,373.0,No,Not a school zone,T-junction,-33.779625,151.11064,Ryde,Sydney metro. area,Syd-Newc-Woll Gtr conurbation,Straight,,,,On,Sealed,Wet,Raining,Dusk,Nil,Give way sign,70 km/h,State,34,Lane change right,306,Same - Lane change right,,Other angle,4 wheel drive / SUV,4 wheel drive / SUV,2,0,0,1,0,4,April,Autumn,Thursday,18:00 - 19:59,PM peak / evening commute,True,False,True,True
1348876,Injury,Moderate Injury,2024,2024,March,Friday,08:00 - 09:59,MONTAUBAN,AVE,0,Right on the spot,STABEL BAKERY,OT,SEAFORTH,,No,Not a school zone,2-way undivided,-33.791605,151.243581,Northern Beaches,Sydney metro. area,Syd-Newc-Woll Gtr conurbation,Straight,,,,Off,Sealed,Dry,Fine,Daylight,Nil,No traffic controls,50 km/h,Local,44,Parking vehicles,403,Manov - Parking-parked vehicle,,Other angle,4 wheel drive / SUV,4 wheel drive / SUV,2,0,0,1,0,3,March,Autumn,Friday,08:00 - 09:59,AM peak / school commute,True,False,True,True
1348878,Injury,Moderate Injury,2024,2024,April,Thursday,06:00 - 07:59,DARUKA,RD,2000,West,TINTINHULL,RD,NORTH TAMWORTH,,No,Not a school zone,2-way undivided,-31.05922,150.951542,Tamworth Regional,Country urban,Rest of NSW - Urban,Straight,Painted double centre lines,,,Nil,Sealed,Dry,Overcast,Dawn,Nil,No traffic controls,80 km/h,Local,40,U turn,207,Opp - U-turn,,Other angle,Light truck utility(from 2018),Light truck,2,0,0,1,0,4,April,Autumn,Thursday,06:00 - 07:59,AM peak / school commute,True,False,True,True
1348880,Injury,Minor/Other Injury,2024,2024,April,Friday,06:00 - 07:59,PINNACLE,RD,0,Right on the spot,NUMBER 473,HN,ORANGE,,No,Not a school zone,2-way undivided,-33.306884,149.07087,Orange,Country urban,Rest of NSW - Urban,Curved,Steep grade,,Flooded/submerged,Nil,Sealed,Wet,Raining,Darkness,Nil,No traffic controls,80 km/h,Local,86,Off left/left bend,802,Off cway left bend,Left,Rollover,Car (sedan/hatch),,1,0,0,0,1,4,April,Autumn,Friday,06:00 - 07:59,AM peak / school commute,True,False,True,True
1348884,Injury,Serious Injury,2024,2024,February,Wednesday,12:00 - 13:59,SMITHFIELD,RD,10,North,FITZGERALD,AVE,EDENSOR PARK,7220.0,No,Not a school zone,T-junction,-33.885214,150.88482,Fairfield,Sydney metro. area,Syd-Newc-Woll Gtr conurbation,Straight,,,,Off,Sealed,Dry,Fine,Daylight,Nil,No traffic controls,60 km/h,Regional,0,Ped nearside,1,Ped - Near side,,Vehicle - Pedestrian,4 wheel drive / SUV,Pedestrian,2,0,1,0,0,2,February,Summer,Wednesday,12:00 - 13:59,Midday / afternoon,False,False,True,True
1348890,Injury,Moderate Injury,2024,2024,April,Tuesday,08:00 - 09:59,HOOF,ST,0,Right on the spot,PRINCE,ST,GRAFTON,,No,Not a school zone,X-intersection,-29.679626,152.942893,Clarence Valley,Country urban,Rest of NSW - Urban,Straight,,,,Off,Sealed,Dry,Fine,Daylight,Nil,Give way sign,50 km/h,Local,10,Cross traffic,101,Adj - Cross traffic,,Right angle,4 wheel drive / SUV,Car (sedan/hatch),2,0,0,2,0,4,April,Autumn,Tuesday,08:00 - 09:59,AM peak / school commute,True,False,True,True
1348894,Injury,Moderate Injury,2024,2024,March,Friday,08:00 - 09:59,TALLEAN,RD,20,East,STOCKTON,ST,NELSON BAY,,No,Not a school zone,2-way undivided,-32.73007,152.13626,Port Stephens,Country urban,Rest of NSW - Urban,Straight,Steep grade,,,Nil,Sealed,Dry,Fine,Daylight,Nil,No traffic controls,50 km/h,Local,33,Lane sideswipe,305,Same - Lane side swipe,,Other angle,4 wheel drive / SUV,Pedal cycle,2,0,0,1,0,3,March,Autumn,Friday,08:00 - 09:59,AM peak / school commute,True,False,True,True
1348897,Injury,Moderate Injury,2024,2024,April,Tuesday,22:00 - Midnight,COLLECTOR,RD,1000,South,PUCKETTS,LANE,LERIDA,,No,Not a school zone,2-way undivided,-34.858443,149.324272,Upper Lachlan,Country non-urban,Rest of NSW - Rural,Straight,,,,Nil,Unsealed,Dry,Fine,Darkness,Nil,No traffic controls,100 km/h,Local,73,Off rd rght => obj,704,Right off cway into obj,,Vehicle - Object,Car (sedan/hatch),,1,0,0,1,0,4,April,Autumn,Tuesday,22:00 - Midnight,Evening / night,False,False,True,True
1348898,Injury,Moderate Injury,2024,2024,March,Saturday,18:00 - 19:59,PALANAS,DR,0,Right on the spot,NUMBER 10,HN,TAREE,,No,Not a school zone,2-way undivided,-31.898366,152.47091,Mid-Coast,Country urban,Rest of NSW - Urban,Curved,Steep grade,,,On,Sealed,Dry,Fine,Daylight,Nil,No traffic controls,50 km/h,Local,87,Off lft/lft bnd=>obj,804,Off left bend into obj,Left,Vehicle - Object,Car (sedan/hatch),,1,0,0,1,0,3,March,Autumn,Saturday,18:00 - 19:59,PM peak / evening commute,True,False,True,True
1348901,Injury,Minor/Other Injury,2024,2024,April,Thursday,10:00 - 11:59,GREENFIELD,PDE,0,Right on the spot,NUMBER 19,HN,BANKSTOWN,,No,Not a school zone,2-way undivided,-33.919394,151.033575,Canterbury-Bankstown,Sydney metro. area,Syd-Newc-Woll Gtr conurbation,Straight,,,,Nil,Sealed,Dry,Fine,Daylight,Nil,No traffic controls,40 km/h,Local,43,Entering parking,402,Manov - Entering parking veh,,Other angle,Car (sedan/hatch),Car (sedan/hatch),2,0,0,0,1,4,April,Autumn,Thursday,10:00 - 11:59,Midday / afternoon,False,False,True,True
1348908,Injury,Moderate Injury,2024,2024,March,Sunday,10:00 - 11:59,GREAT WESTERN,HWY,1600,South,EVANS LOOKOUT,RD,BLACKHEATH,5.0,No,Not a school zone,2-way undivided,-33.662537,150.277875,Blue Mountains,Country urban,Syd-Newc-Woll Gtr conurbation,Curved,Steep grade,,,Nil,Sealed,Wet,Raining,Daylight,Nil,No traffic controls,80 km/h,State,81,Off left/rt bnd=>obj,803,Off right bend into obj,Left,Vehicle - Object,Car (sedan/hatch),,1,0,0,1,0,3,March,Autumn,Sunday,10:00 - 11:59,Midday / afternoon,False,False,True,True
1348909,Injury,Serious Injury,2024,2024,March,Saturday,18:00 - 19:59,PITT TOWN,RD,350,West,KENTHURST,RD,KENTHURST,,No,Not a school zone,2-way undivided,-33.655308,151.001018,The Hills,Sydney metro. area,Syd-Newc-Woll Gtr conurbation,Straight,Steep grade,,,Nil,Sealed,Wet,Raining,Darkness,Nil,No traffic controls,70 km/h,Local,73,Off rd rght => obj,704,Right off cway into obj,,Vehicle - Object,Utility,,1,0,1,0,0,3,March,Autumn,Saturday,18:00 - 19:59,PM peak / evening commute,True,False,True,True
1348914,Injury,Serious Injury,2024,2024,April,Tuesday,14:00 - 15:59,NUNDLE,RD,5000,South,OGUNBIL,RD,DUNGOWAN,105.0,No,Not a school zone,2-way undivided,-31.250937,151.130623,Tamworth Regional,Country non-urban,Rest of NSW - Rural,Curved,Ditch/drain/culvert,,Potholes/corrugations/rough,Nil,Sealed,Dry,Fine,Daylight,Nil,No traffic controls,100 km/h,Regional,66,Object on road,607,On path - Hit temp object,,Vehicle - Object,Motorcycle,,1,0,1,0,0,4,April,Autumn,Tuesday,14:00 - 15:59,Midday / afternoon,False,False,True,True
1348915,Injury,Moderate Injury,2024,2024,March,Thursday,16:00 - 17:59,GLEBE,RD,20,East,BRUNKER,RD,ADAMSTOWN,188.0,No,Not a school zone,2-way undivided,-32.934285,151.726097,Newcastle,Newcastle met. area,Syd-Newc-Woll Gtr conurbation,Straight,,,,Off,Sealed,Dry,Fine,Daylight,Nil,No traffic controls,60 km/h,Regional,1,Ped emerging,2,Ped - emerging,,Vehicle - Pedestrian,Light truck,Pedestrian,2,0,0,1,0,3,March,Autumn,Thursday,16:00 - 17:59,PM peak / evening commute,True,False,True,True
1348917,Injury,Moderate Injury,2024,2024,April,Saturday,10:00 - 11:59,CARP,ST,0,Right on the spot,GIPPS,ST,BEGA,272.0,No,Not a school zone,X-intersection,-36.674282,149.843252,Bega Valley,Country urban,Rest of NSW - Urban,Straight,,,,Nil,Sealed,Wet,Raining,Daylight,Nil,Give way sign,50 km/h,Regional,10,Cross traffic,101,Adj - Cross traffic,,Right angle,Car (sedan/hatch),Light truck utility(from 2018),2,0,0,1,0,4,April,Autumn,Saturday,10:00 - 11:59,Midday / afternoon,False,False,True,True
1348918,Injury,Moderate Injury,2024,2024,April,Monday,14:00 - 15:59,VICTORIA,PDE,150,North,TERAMBY,RD,NELSON BAY,,No,Not a school zone,2-way undivided,-32.719837,152.146417,Port Stephens,Country urban,Rest of NSW - Urban,Straight,,,,Off,Sealed,Dry,Fine,Daylight,Nil,No traffic controls,40 km/h,Local,71,Off rd left => obj,703,Left off cway into object,,Other angle,Car (sedan/hatch),4 wheel drive / SUV,3,0,0,1,0,4,April,Autumn,Monday,14:00 - 15:59,Midday / afternoon,False,False,True,True
1348919,Injury,Serious Injury,2024,2024,February,Wednesday,06:00 - 07:59,PINE BRUSH,RD,900,South,ALISON,RD,GLEN WILLIAM,,No,Not a school zone,2-way undivided,-32.474628,151.772571,Dungog,Country urban,Rest of NSW - Urban,Curved,,,,Nil,Sealed,Dry,Fine,Daylight,Nil,No traffic controls,80 km/h,Local,81,Off left/rt bnd=>obj,803,Off right bend into obj,Left,Vehicle - Object,Car (sedan/hatch),,1,0,1,0,0,2,February,Summer,Wednesday,06:00 - 07:59,AM peak / school commute,True,False,True,True
1348922,Injury,Moderate Injury,2024,2024,March,Thursday,08:00 - 09:59,WANGI,RD,0,Right on the spot,DORRINGTON ROAD,TO,RATHMINES,217.0,No,Not a school zone,2-way undivided,-33.034157,151.563577,Lake Macquarie,Newcastle met. area,Syd-Newc-Woll Gtr conurbation,Curved,Climb/merge lane,,,Nil,Sealed,Dry,Fine,Daylight,Nil,No traffic controls,80 km/h,State,30,Rear end,301,Same - Rear end,,Rear end,Car (sedan/hatch),Station wagon,2,0,0,2,0,3,March,Autumn,Thursday,08:00 - 09:59,AM peak / school commute,True,False,True,True
1348928,Injury,Serious Injury,2024,2024,March,Tuesday,14:00 - 15:59,CAMDEN VALLEY,WAY,0,Right on the spot,HORNINGSEA PARK,DR,HORNINGSEA PARK,620.0,No,Not a school zone,X-intersection,-33.950795,150.845623,Liverpool,Sydney metro. area,Syd-Newc-Woll Gtr conurbation,Straight,,,,Nil,Sealed,Dry,Fine,Daylight,On,No traffic controls,70 km/h,State,30,Rear end,301,Same - Rear end,,Rear end,Car (sedan/hatch),4 wheel drive / SUV,2,0,1,0,0,3,March,Autumn,Tuesday,14:00 - 15:59,Midday / afternoon,False,False,True,True
1348930,Injury,Serious Injury,2024,2024,March,Thursday,10:00 - 11:59,OCEAN BEACH,RD,30,South,LONE PINE,AVE,UMINA BEACH,7752.0,No,Not a school zone,Divided road,-33.514381,151.317901,Central Coast,Country urban,Syd-Newc-Woll Gtr conurbation,Straight,,,,Off,Sealed,Dry,Fine,Daylight,Nil,No traffic controls,60 km/h,Regional,71,Off rd left => obj,703,Left off cway into object,,Vehicle - Object,Car (sedan/hatch),,1,0,1,0,0,3,March,Autumn,Thursday,10:00 - 11:59,Midday / afternoon,False,False,True,True
1348931,Injury,Minor/Other Injury,2024,2024,April,Tuesday,16:00 - 17:59,EWART,ST,0,Right on the spot,GARNET,ST,HURLSTONE PARK,,No,Not a school zone,X-intersection,-33.909998,151.134741,Canterbury-Bankstown,Sydney metro. area,Syd-Newc-Woll Gtr conurbation,Curved,Spd hump/slow pt/chc,,,Off,Sealed,Dry,Fine,Daylight,Nil,Stop sign,50 km/h,Local,30,Rear end,301,Same - Rear end,,Rear end,Car (sedan/hatch),Light truck,2,0,0,0,2,4,April,Autumn,Tuesday,16:00 - 17:59,PM peak / evening commute,True,False,True,True
1348935,Injury,Serious Injury,2024,2024,April,Wednesday,14:00 - 15:59,GOLF CLUB,DR,0,Right on the spot,READ,ST,HOWLONG,,No,Not a school zone,X-intersection,-35.983495,146.640053,Federation,Country urban,Rest of NSW - Urban,Straight,,,"Loose gravel, sealed",Off,Sealed,Dry,Fine,Daylight,Nil,Give way sign,50 km/h,Local,86,Off left/left bend,706,Left turn,Left,Rollover,Motorcycle,,1,0,1,0,0,4,April,Autumn,Wednesday,14:00 - 15:59,Midday / afternoon,False,False,True,True
1348938,Injury,Serious Injury,2024,2024,April,Monday,20:00 - 21:59,RICHMOND,RD,0,Right on the spot,M7 WESTLINK,EXP,GLENDENNING,643.0,No,Not a school zone,T-junction,-33.733981,150.849655,Blacktown,Sydney metro. area,Syd-Newc-Woll Gtr conurbation,Straight,,,,On,Sealed,Dry,Fine,Darkness,On,No traffic controls,70 km/h,State,21,Right through,202,Opp - Right-thru,,Other angle,Motorcycle,4 wheel drive / SUV,3,0,1,0,0,4,April,Autumn,Monday,20:00 - 21:59,Evening / night,False,False,True,True
1348939,Injury,Serious Injury,2024,2024,March,Friday,02:00 - 03:59,RIVERINA,HWY,150,East,MURRAY,ST,LAKE HUME VILLAGE,20.0,No,Not a school zone,2-way undivided,-36.100283,147.038896,Albury,Country urban,Rest of NSW - Urban,Curved,,,,On,Sealed,Dry,Fine,Darkness,Nil,No traffic controls,80 km/h,State,85,Off rt/lft bnd=>obj,804,Off left bend into obj,Right,Vehicle - Object,Car (sedan/hatch),,1,0,1,0,2,3,March,Autumn,Friday,02:00 - 03:59,Late night / early morning,False,False,True,True
1348940,Injury,Serious Injury,2024,2024,February,Thursday,20:00 - 21:59,BOURKE,RD,0,Right on the spot,NUMBER 98-100,HN,ALEXANDRIA,,No,Not a school zone,2-way undivided,-33.91183,151.194163,Sydney,Sydney metro. area,Syd-Newc-Woll Gtr conurbation,Straight,Foot/cycle path/nature strip,,,On,Sealed,Dry,Fine,Darkness,Nil,No traffic controls,50 km/h,Local,40,U turn,207,Opp - U-turn,,Other angle,4 wheel drive / SUV,Pedal cycle,2,0,1,0,0,2,February,Summer,Thursday,20:00 - 21:59,Evening / night,False,False,True,True
1348941,Injury,Moderate Injury,2024,2024,February,Monday,12:00 - 13:59,PHILLIPS,RD,0,Right on the spot,NUMBER 1,HN,KOGARAH,,No,Not a school zone,1-way street,-33.976721,151.137045,Bayside,Sydney metro. area,Syd-Newc-Woll Gtr conurbation,Straight,Crest,,,Off,Sealed,Dry,Fine,Daylight,Nil,No traffic controls,50 km/h,Local,0,Ped nearside,1,Ped - Near side,,Vehicle - Pedestrian,Light truck utility(from 2018),Pedestrian,2,0,0,1,0,2,February,Summer,Monday,12:00 - 13:59,Midday / afternoon,False,False,True,True
1348942,Injury,Serious Injury,2024,2024,February,Wednesday,12:00 - 13:59,MENANGLE,RD,400,North,BEERSHEBA,PDE,MENANGLE PARK,179.0,No,Not a school zone,2-way undivided,-34.108225,150.751637,Campbelltown,Sydney metro. area,Syd-Newc-Woll Gtr conurbation,Curved,Painted double centre lines,,,Off,Sealed,Dry,Fine,Daylight,Nil,No traffic controls,80 km/h,State,20,Head on,201,Opp - Head on,,Head-on,Light truck utility(from 2018),Car (sedan/hatch),2,0,2,1,0,2,February,Summer,Wednesday,12:00 - 13:59,Midday / afternoon,False,False,True,True
1348944,Injury,Moderate Injury,2024,2024,April,Saturday,12:00 - 13:59,CESSNOCK,RD,0,Right on the spot,NUMBER 267,HN,ABERMAIN,588.0,No,Not a school zone,2-way undivided,-32.811093,151.427532,Cessnock,Country urban,Rest of NSW - Urban,Straight,,,,Off,Sealed,Dry,Fine,Daylight,Nil,No traffic controls,60 km/h,State,71,Off rd left => obj,703,Left off cway into object,,Other angle,4 wheel drive / SUV,Car (sedan/hatch),2,0,0,2,1,4,April,Autumn,Saturday,12:00 - 13:59,Midday / afternoon,False,False,True,True
1348947,Injury,Moderate Injury,2024,2024,February,Thursday,10:00 - 11:59,ELGIN,ST,0,Right on the spot,KEN TUBMAN,DR,MAITLAND,,No,Not a school zone,X-intersection,-32.733934,151.554293,Maitland,Country urban,Rest of NSW - Urban,Straight,,,,Nil,Sealed,Dry,Fine,Daylight,On,No traffic controls,40 km/h,Local,10,Cross traffic,101,Adj - Cross traffic,,Right angle,Light truck utility(from 2018),4 wheel drive / SUV,2,0,0,2,0,2,February,Summer,Thursday,10:00 - 11:59,Midday / afternoon,False,False,True,True
1348948,Injury,Serious Injury,2024,2024,April,Wednesday,22:00 - Midnight,KIERAN GEANEY,DR,100,East,DONOVAN,BVD,GREGORY HILLS,,Yes,No,2-way undivided,-34.033268,150.787359,Camden,Sydney metro. area,Syd-Newc-Woll Gtr conurbation,Straight,,,,On,Sealed,Dry,Fine,Darkness,Nil,No traffic controls,50 km/h,Local,71,Off rd left => obj,703,Left off cway into object,,Other angle,Car (sedan/hatch),Semi-trailer,2,0,1,0,0,4,April,Autumn,Wednesday,22:00 - Midnight,Evening / night,False,False,True,True
1348949,Injury,Serious Injury,2024,2024,March,Monday,20:00 - 21:59,PRINCES,HWY,0,Right on the spot,COMBERTON GRANGE,RD,FALLS CREEK,1.0,No,Not a school zone,T-junction,-34.960594,150.599398,Shoalhaven,Country non-urban,Rest of NSW - Rural,Straight,,,"Loose gravel, sealed",Nil,Sealed,Dry,Fine,Darkness,Nil,Give way sign,100 km/h,State,88,Out of cont on bend,706,Left turn,,Rollover,Motorcycle,,1,0,1,0,0,3,March,Autumn,Monday,20:00 - 21:59,Evening / night,False,False,True,True
1348955,Injury,Moderate Injury,2024,2024,March,Sunday,20:00 - 21:59,KING GEORGES,RD,0,Right on the spot,SOUTH WESTERN EXPRESSWAY,TO,BEVERLY HILLS,200.0,No,Not a school zone,Divided road,-33.943687,151.077381,Georges River,Sydney metro. area,Syd-Newc-Woll Gtr conurbation,Straight,,,,On,Sealed,Dry,Fine,Darkness,On,Ped crossing,60 km/h,State,34,Lane change right,306,Same - Lane change right,,Other angle,Car (sedan/hatch),4 wheel drive / SUV,3,0,0,3,0,3,March,Autumn,Sunday,20:00 - 21:59,Evening / night,False,False,True,True
1348957,Injury,Serious Injury,2024,2024,March,Sunday,20:00 - 21:59,NEW ENGLAND,HWY,0,Right on the spot,PACIFIC,HWY,HEXHAM,9.0,No,Not a school zone,T-junction,-32.824765,151.683817,Newcastle,Newcastle met. area,Syd-Newc-Woll Gtr conurbation,Straight,,,,On,Sealed,Dry,Fine,Darkness,On,No traffic controls,80 km/h,State,11,Right far,102,Adj - Right-thru from left,,Right angle,4 wheel drive / SUV,Car (sedan/hatch),2,0,1,0,0,3,March,Autumn,Sunday,20:00 - 21:59,Evening / night,False,False,True,True
1348959,Injury,Moderate Injury,2024,2024,April,Tuesday,18:00 - 19:59,AUSTRALIA,ST,0,Right on the spot,LENNOX,ST,NEWTOWN,,Yes,No,X-intersection,-33.895972,151.178087,Inner West,Sydney metro. area,Syd-Newc-Woll Gtr conurbation,Straight,Steep grade,,,On,Sealed,Dry,Fine,Dusk,Nil,No traffic controls,50 km/h,Local,63,Vehicle door,604,On path - Vehicle door,,Other angle,Pedal cycle,Light truck,2,0,0,1,0,4,April,Autumn,Tuesday,18:00 - 19:59,PM peak / evening commute,True,False,True,True
1348961,Injury,Minor/Other Injury,2024,2024,March,Friday,08:00 - 09:59,TALAVERA,RD,0,Right on the spot,KHARTOUM,RD,MACQUARIE PARK,7487.0,No,Not a school zone,X-intersection,-33.778448,151.125644,Ryde,Sydney metro. area,Syd-Newc-Woll Gtr conurbation,Straight,,,,Off,Sealed,Dry,Fine,Daylight,On,No traffic controls,50 km/h,Regional,32,Right rear,303,Same - Rear right,,Rear end,Pedal cycle,4 wheel drive / SUV,2,0,0,0,1,3,March,Autumn,Friday,08:00 - 09:59,AM peak / school commute,True,False,True,True
1348964,Injury,Minor/Other Injury,2024,2024,March,Friday,14:00 - 15:59,EPPING,RD,0,Right on the spot,EPPING BOYS HIGH SCHOOL,ENT,MARSFIELD,373.0,Yes,No,Divided road,-33.771568,151.099733,Ryde,Sydney metro. area,Syd-Newc-Woll Gtr conurbation,Straight,Driveway/entrance,,,Off,Sealed,Dry,Fine,Daylight,Nil,Give way sign,70 km/h,State,30,Rear end,301,Same - Rear end,,Rear end,Car (sedan/hatch),Car (sedan/hatch),2,0,0,0,1,3,March,Autumn,Friday,14:00 - 15:59,Midday / afternoon,False,False,True,True
1348966,Injury,Serious Injury,2024,2024,March,Tuesday,04:00 - 05:59,HUME,HWY,1000,South,CAMPBELLTOWN ROAD,OP,EAGLE VALE,2.0,No,Not a school zone,Dual freeway,-34.042845,150.820887,Campbelltown,Sydney metro. area,Syd-Newc-Woll Gtr conurbation,Curved,,,,Nil,Sealed,Dry,Fine,Dawn,Nil,No traffic controls,110 km/h,State,35,Lane change left,307,Same - Lane change left,,Other angle,Large rigid,Car (sedan/hatch),3,0,1,0,0,3,March,Autumn,Tuesday,04:00 - 05:59,Late night / early morning,False,False,True,True
1348969,Injury,Moderate Injury,2024,2024,April,Wednesday,18:00 - 19:59,HATHERN,ST,0,Right on the spot,TEBBUTT,ST,LEICHHARDT,652.0,No,Not a school zone,T-junction,-33.889011,151.146985,Inner West,Sydney metro. area,Syd-Newc-Woll Gtr conurbation,Straight,,,,On,Sealed,Dry,Fine,Darkness,On,No traffic controls,50 km/h,State,13,Right near,104,Adj - Right-thru from right,,Right angle,Car (sedan/hatch),Car (sedan/hatch),2,0,0,1,1,4,April,Autumn,Wednesday,18:00 - 19:59,PM peak / evening commute,True,False,True,True
1348974,Injury,Minor/Other Injury,2024,2024,March,Friday,16:00 - 17:59,PRESIDENT,AVE,30,West,BURNS,LANE,CARINGBAH,2075.0,No,Not a school zone,Divided road,-34.042843,151.120299,Sutherland,Sydney metro. area,Syd-Newc-Woll Gtr conurbation,Straight,,,,Off,Sealed,Dry,Fine,Daylight,Nil,No traffic controls,60 km/h,Regional,43,Entering parking,402,Manov - Entering parking veh,,Other angle,4 wheel drive / SUV,Unknown motor vehicle,2,0,0,0,1,3,March,Autumn,Friday,16:00 - 17:59,PM peak / evening commute,True,False,True,True
1348979,Injury,Serious Injury,2024,2024,February,Wednesday,16:00 - 17:59,BOORAL,RD,0,Right on the spot,NUMBER 1327,HN,GIRVAN,,No,Not a school zone,2-way undivided,-32.462031,152.092947,Mid-Coast,Country non-urban,Rest of NSW - Rural,Straight,Painted double centre lines,,,Nil,Sealed,Dry,Fine,Daylight,Nil,No traffic controls,100 km/h,Local,73,Off rd rght => obj,704,Right off cway into obj,,Other angle,Car (sedan/hatch),Light truck utility(from 2018),2,0,1,0,0,2,February,Summer,Wednesday,16:00 - 17:59,PM peak / evening commute,True,False,True,True
1348983,Injury,Serious Injury,2024,2024,April,Sunday,18:00 - 19:59,PRINCES,HWY,100,South,TONGARRA,RD,ALBION PARK RAIL,1.0,No,Not a school zone,Divided road,-34.568258,150.804169,Shellharbour,Wollongong met. area,Syd-Newc-Woll Gtr conurbation,Straight,Foot/cycle path/nature strip,,,On,Sealed,Dry,Fine,Darkness,Nil,No traffic controls,70 km/h,State,48,From footpath,408,Manov - From footway,,Other angle,Pedal cycle,4 wheel drive / SUV,2,0,1,0,0,4,April,Autumn,Sunday,18:00 - 19:59,PM peak / evening commute,True,False,True,True