crash_id,degree_of_crash,degree_of_crash_-_detailed,reporting_year,year_of_crash,month_of_crash,day_of_week_of_crash,two-hour_intervals,street_of_crash,street_type,distance,direction,identifying_feature,identifying_feature_type,town,route_no.,school_zone_location,school_zone_active,type_of_location,latitude,longitude,lga,urbanisation,conurbation_1,alignment,primary_permanent_feature,primary_temporary_feature,primary_hazardous_feature,street_lighting,road_surface,surface_condition,weather,natural_lighting,signals_operation,other_traffic_control,speed_limit,road_classification_(admin),rum_-_code,rum_-_description,dca_-_code,dca_-_description,dca_supplement,first_impact_type,key_tu_type,other_tu_type,no._of_traffic_units_involved,no._killed,no._seriously_injured,no._moderately_injured,no._minor-other_injured,month_num,month_label,season,day_label,time_label,time_band,is_peak_commute,is_fatal,is_injury,is_casualty
1348984,Injury,Serious Injury,2024,2024,March,Wednesday,08:00 - 09:59,LORD,ST,0,Right on the spot,NUMBER 46,HN,EAST KEMPSEY,,No,Not a school zone,2-way undivided,-31.087479,152.840451,Kempsey,Country urban,Rest of NSW - Urban,Straight,,,,Off,Sealed,Dry,Fine,Daylight,Nil,No traffic controls,50 km/h,Regional,30,Rear end,301,Same - Rear end,,Rear end,Car (sedan/hatch),Light truck utility(from 2018),2,0,1,1,0,3,March,Autumn,Wednesday,08:00 - 09:59,AM peak / school commute,True,False,True,True
1348985,Injury,Moderate Injury,2024,2024,March,Thursday,14:00 - 15:59,TERRIGAL,DR,0,Right on the spot,BRUNSWICK,RD,TERRIGAL,505.0,No,Not a school zone,T-junction,-33.439371,151.428987,Central Coast,Country urban,Syd-Newc-Woll Gtr conurbation,Straight,,,,Off,Sealed,Dry,Fine,Daylight,On,No traffic controls,60 km/h,State,30,Rear end,301,Same - Rear end,,Rear end,Light truck utility(from 2018),Station wagon,2,0,0,1,0,3,March,Autumn,Thursday,14:00 - 15:59,Midday / afternoon,False,False,True,True
1348988,Injury,Serious Injury,2024,2024,March,Wednesday,08:00 - 09:59,THE HORSLEY,DR,0,Right on the spot,TANGERINE,ST,FAIRFIELD EAST,609.0,No,Not a school zone,T-junction,-33.876958,150.965672,Fairfield,Sydney metro. area,Syd-Newc-Woll Gtr conurbation,Straight,,,,Off,Sealed,Dry,Fine,Daylight,On,No traffic controls,60 km/h,State,21,Right through,202,Opp - Right-thru,,Other angle,Car (sedan/hatch),Motorcycle,2,0,1,0,0,3,March,Autumn,Wednesday,08:00 - 09:59,AM peak / school commute,True,False,True,True
1348990,Injury,Moderate Injury,2024,2024,March,Saturday,10:00 - 11:59,DUTRUC,ST,0,Right on the spot,RAE,ST,RANDWICK,,No,Not a school zone,X-intersection,-33.912619,151.245164,Randwick,Sydney metro. area,Syd-Newc-Woll Gtr conurbation,Straight,Steep grade,,,Nil,Sealed,Dry,Fine,Daylight,Nil,Stop sign,50 km/h,Local,10,Cross traffic,101,Adj - Cross traffic,,Right angle,Car (sedan/hatch),4 wheel drive / SUV,2,0,0,1,0,3,March,Autumn,Saturday,10:00 - 11:59,Midday / afternoon,False,False,True,True
1348992,Injury,Serious Injury,2024,2024,April,Saturday,10:00 - 11:59,MT OUSLEY,RD,0,Right on the spot,SOUTHERN,EXP,KEIRAVILLE,95.0,No,Not a school zone,T-junction,-34.401854,150.880376,Wollongong,Wollongong met. area,Syd-Newc-Woll Gtr conurbation,Straight,,,,Off,Sealed,Wet,Fine,Daylight,Nil,Give way sign,80 km/h,State,13,Right near,104,Adj - Right-thru from right,,Right angle,4 wheel drive / SUV,4 wheel drive / SUV,2,0,1,1,2,4,April,Autumn,Saturday,10:00 - 11:59,Midday / afternoon,False,False,True,True
1348996,Injury,Minor/Other Injury,2024,2024,March,Tuesday,16:00 - 17:59,SOUTH WESTERN,EXP,10,East,FAIRFORD ROAD,TO,PUNCHBOWL,6005.0,No,Not a school zone,Dual freeway,-33.94108,151.040673,Canterbury-Bankstown,Sydney metro. area,Syd-Newc-Woll Gtr conurbation,Straight,,,,Nil,Sealed,Dry,Fine,Daylight,Nil,No traffic controls,100 km/h,State,35,Lane change left,307,Same - Lane change left,,Other angle,Car (sedan/hatch),Car (sedan/hatch),2,0,0,0,1,3,March,Autumn,Tuesday,16:00 - 17:59,PM peak / evening commute,True,False,True,True
1348997,Injury,Moderate Injury,2024,2024,April,Thursday,10:00 - 11:59,HILL,RD,0,Right on the spot,AVENUE OF OCEANIA,MS,SYDNEY OLYMPIC PARK,7466.0,No,Not a school zone,T-junction,-33.837569,151.061263,Parramatta,Sydney metro. area,Syd-Newc-Woll Gtr conurbation,Curved,,,,Off,Sealed,Dry,Fine,Daylight,Nil,Give way sign,60 km/h,Regional,13,Right near,104,Adj - Right-thru from right,,Right angle,Car (sedan/hatch),Car (sedan/hatch),2,0,0,3,0,4,April,Autumn,Thursday,10:00 - 11:59,Midday / afternoon,False,False,True,True
1348999,Injury,Serious Injury,2024,2024,March,Thursday,12:00 - 13:59,SCENIC,HWY,600,North,PICKETTS VALLEY,RD,TERRIGAL,504.0,No,Not a school zone,2-way undivided,-33.460299,151.417137,Central Coast,Country urban,Syd-Newc-Woll Gtr conurbation,Straight,,,,Nil,Sealed,Dry,Fine,Daylight,Nil,No traffic controls,70 km/h,State,71,Off rd left => obj,703,Left off cway into object,,Other angle,Car (sedan/hatch),4 wheel drive / SUV,2,0,1,0,0,3,March,Autumn,Thursday,12:00 - 13:59,Midday / afternoon,False,False,True,True
1349000,Injury,Moderate Injury,2024,2024,March,Wednesday,20:00 - 21:59,MOSS VALE,RD,40,North,YEAN,ST,BURRADOO,260.0,No,Not a school zone,2-way undivided,-34.49327,150.410205,Wingecarribee,Country urban,Rest of NSW - Urban,Straight,,,,On,Sealed,Dry,Fine,Darkness,Nil,No traffic controls,60 km/h,State,30,Rear end,301,Same - Rear end,,Rear end,Light truck utility(from 2018),Car (sedan/hatch),2,0,0,1,0,3,March,Autumn,Wednesday,20:00 - 21:59,Evening / night,False,False,True,True
1349005,Injury,Minor/Other Injury,2024,2024,March,Saturday,12:00 - 13:59,MOSS VALE,RD,1000,North,LEEBOLD HILL,RD,BEAUMONT,261.0,No,Not a school zone,2-way undivided,-34.784944,150.557639,Shoalhaven,Country urban,Rest of NSW - Urban,Curved,Embankment/cutting,,,Nil,Sealed,Dry,Fine,Daylight,Nil,No traffic controls,60 km/h,State,87,Off lft/lft bnd=>obj,804,Off left bend into obj,Left,Vehicle - Object,Pedal cycle,,1,0,0,0,1,3,March,Autumn,Saturday,12:00 - 13:59,Midday / afternoon,False,False,True,True
1349009,Injury,Moderate Injury,2024,2024,April,Saturday,14:00 - 15:59,PRINCES,HWY,2500,North,HECTOR MCWILLIAM,DR,COILA,1.0,No,Not a school zone,2-way undivided,-36.000431,150.105717,Eurobodalla,Country non-urban,Rest of NSW - Rural,Straight,Steep grade,,,Nil,Sealed,Dry,Overcast,Daylight,Nil,No traffic controls,100 km/h,State,20,Head on,201,Opp - Head on,,Head-on,Light truck utility(from 2018),Car (sedan/hatch),2,0,0,2,0,4,April,Autumn,Saturday,14:00 - 15:59,Midday / afternoon,False,False,True,True
1349041,Injury,Minor/Other Injury,2024,2024,January,Monday,08:00 - 09:59,HOAD,LANE,2000,East,BRAYMONT,RD,BOGGABRI,,No,Not a school zone,2-way undivided,-30.718227,150.175297,Narrabri,Country non-urban,Rest of NSW - Rural,Straight,,,,Nil,Unsealed,Dry,Fine,Daylight,Nil,No traffic controls,100 km/h,Local,70,Off road to left,701,Off carriageway to left,,Rollover,Light truck utility(from 2018),,1,0,0,0,1,1,January,Summer,Monday,08:00 - 09:59,AM peak / school commute,True,False,True,True
1349044,Injury,Serious Injury,2024,2024,January,Thursday,10:00 - 11:59,DOUGLAS PARK,DR,35,North,WILTON,RD,WILTON,,No,Not a school zone,2-way undivided,-34.236741,150.729171,Wollondilly,Country urban,Syd-Newc-Woll Gtr conurbation,Curved,,,"Loose gravel, sealed",Off,Sealed,Unknown,Unknown,Daylight,Nil,No traffic controls,80 km/h,Local,81,Off left/rt bnd=>obj,803,Off right bend into obj,Left,Vehicle - Object,Motorcycle,,1,0,2,0,0,1,January,Summer,Thursday,10:00 - 11:59,Midday / afternoon,False,False,True,True
1349046,Injury,Moderate Injury,2024,2024,January,Sunday,18:00 - 19:59,GRAYS,LANE,0,Right on the spot,PRESTONS,LANE,TYAGARAH,,No,Not a school zone,T-junction,-28.604574,153.556272,Byron,Country urban,Rest of NSW - Urban,Straight,Ditch/drain/culvert,,,On,Sealed,Dry,Fine,Dusk,Nil,No traffic controls,50 km/h,Local,71,Off rd left => obj,703,Left off cway into object,,Vehicle - Object,Light truck utility(from 2018),,1,0,0,1,0,1,January,Summer,Sunday,18:00 - 19:59,PM peak / evening commute,True,False,True,True
1349050,Injury,Moderate Injury,2024,2024,January,Sunday,14:00 - 15:59,CAMDEN,BYPA,100,North,NARELLAN ROAD,OP,NARELLAN,620.0,No,Not a school zone,Other,-34.03959,150.745094,Camden,Sydney metro. area,Syd-Newc-Woll Gtr conurbation,Curved,,,,Nil,Sealed,Wet,Raining,Daylight,Nil,No traffic controls,100 km/h,State,33,Lane sideswipe,305,Same - Lane side swipe,,Other angle,Passenger van,4 wheel drive / SUV,2,0,0,1,1,1,January,Summer,Sunday,14:00 - 15:59,Midday / afternoon,False,False,True,True
1349051,Injury,Moderate Injury,2024,2024,January,Sunday,16:00 - 17:59,SUNNYHOLT,RD,0,Right on the spot,THIRD,AVE,BLACKTOWN,642.0,No,Not a school zone,T-junction,-33.766105,150.912801,Blacktown,Sydney metro. area,Syd-Newc-Woll Gtr conurbation,Straight,Foot/cycle path/nature strip,,,Off,Sealed,Wet,Raining,Daylight,On,Ped crossing,60 km/h,State,48,From footpath,408,Manov - From footway,,Other angle,Pedal cycle,Car (sedan/hatch),2,0,0,1,0,1,January,Summer,Sunday,16:00 - 17:59,PM peak / evening commute,True,False,True,True
1349053,Injury,Minor/Other Injury,2024,2024,January,Friday,20:00 - 21:59,PRINCES,HWY,0,Right on the spot,PLUNKETT,ST,NOWRA,1.0,No,Not a school zone,X-intersection,-34.878951,150.604529,Shoalhaven,Country urban,Rest of NSW - Urban,Straight,,,,On,Sealed,Dry,Fine,Darkness,On,No traffic controls,70 km/h,State,32,Right rear,303,Same - Rear right,,Rear end,Car (sedan/hatch),4 wheel drive / SUV,2,0,0,0,2,1,January,Summer,Friday,20:00 - 21:59,Evening / night,False,False,True,True
1349055,Injury,Serious Injury,2024,2024,January,Wednesday,14:00 - 15:59,FOREST,RD,0,Right on the spot,JACQUES,AVE,PEAKHURST,168.0,No,Not a school zone,X-intersection,-33.961293,151.057969,Georges River,Sydney metro. area,Syd-Newc-Woll Gtr conurbation,Straight,,,,Off,Sealed,Dry,Fine,Daylight,On,No traffic controls,60 km/h,State,21,Right through,202,Opp - Right-thru,,Other angle,Car (sedan/hatch),4 wheel drive / SUV,2,0,2,0,0,1,January,Summer,Wednesday,14:00 - 15:59,Midday / afternoon,False,False,True,True
1349058,Injury,Serious Injury,2024,2024,February,Monday,08:00 - 09:59,ELARA,BVD,0,Right on the spot,NORTHBOURNE,DR,MARSDEN PARK,,No,Not a school zone,X-intersection,-33.695124,150.819053,Blacktown,Sydney metro. area,Syd-Newc-Woll Gtr conurbation,Straight,,,,Unknown / not stated,Sealed,Dry,Fine,Daylight,Nil,Stop sign,50 km/h,Local,11,Right far,102,Adj - Right-thru from left,,Right angle,4 wheel drive / SUV,4 wheel drive / SUV,2,0,1,0,0,2,February,Summer,Monday,08:00 - 09:59,AM peak / school commute,True,False,True,True
1349059,Injury,Moderate Injury,2024,2024,February,Sunday,12:00 - 13:59,MAIN,ST,50,West,BELMORE,ST,SMITHTOWN,,No,Not a school zone,2-way undivided,-31.015978,152.944587,Kempsey,Country urban,Rest of NSW - Urban,Straight,,,,Off,Sealed,Dry,Fine,Daylight,Nil,No traffic controls,50 km/h,Local,42,Leaving parking,401,Manov - Leaving parking,,Other angle,Light truck utility(from 2018),Station wagon,2,0,0,1,0,2,February,Summer,Sunday,12:00 - 13:59,Midday / afternoon,False,False,True,True
1349060,Injury,Moderate Injury,2024,2024,February,Thursday,16:00 - 17:59,BARRENJOEY,RD,0,Right on the spot,PALM BEACH,RD,PALM BEACH,164.0,No,Not a school zone,T-junction,-33.594747,151.319959,Northern Beaches,Sydney metro. area,Syd-Newc-Woll Gtr conurbation,Curved,,,,Nil,Sealed,Dry,Fine,Daylight,Nil,Give way sign,40 km/h,State,86,Off left/left bend,706,Left turn,Left,Rollover,Light truck utility(from 2018),,1,0,0,1,0,2,February,Summer,Thursday,16:00 - 17:59,PM peak / evening commute,True,False,True,True
1349064,Injury,Moderate Injury,2024,2024,January,Tuesday,08:00 - 09:59,ARMIDALE,RD,2000,South,BOUNDARY CREEK FOREST,RD,NYMBOIDA,74.0,No,Not a school zone,2-way undivided,-29.993304,152.709123,Clarence Valley,Country non-urban,Rest of NSW - Rural,Curved,Painted double centre lines,,,Nil,Sealed,Wet,Raining,Daylight,Nil,No traffic controls,100 km/h,Regional,20,Head on,201,Opp - Head on,,Head-on,Station wagon,Light truck utility(from 2018),2,0,0,1,0,1,January,Summer,Tuesday,08:00 - 09:59,AM peak / school commute,True,False,True,True
1349065,Injury,Moderate Injury,2024,2024,January,Wednesday,12:00 - 13:59,HEREFORD,ST,0,Right on the spot,NUMBER 92,HN,KELSO,,No,Not a school zone,2-way undivided,-33.405683,149.598661,Bathurst Regional,Country urban,Rest of NSW - Urban,Straight,Driveway/entrance,,,Off,Sealed,Dry,Fine,Daylight,Nil,No traffic controls,50 km/h,Local,32,Right rear,303,Same - Rear right,,Rear end,4 wheel drive / SUV,4 wheel drive / SUV,2,0,0,2,0,1,January,Summer,Wednesday,12:00 - 13:59,Midday / afternoon,False,False,True,True
1349067,Injury,Serious Injury,2024,2024,February,Friday,18:00 - 19:59,NEW ENGLAND,HWY,0,Right on the spot,DUNKLEY,ST,RUTHERFORD,9.0,No,Not a school zone,X-intersection,-32.713631,151.522857,Maitland,Country urban,Rest of NSW - Urban,Straight,,,,Off,Sealed,Dry,Fine,Daylight,On,No traffic controls,60 km/h,State,21,Right through,202,Opp - Right-thru,,Other angle,4 wheel drive / SUV,Light truck utility(from 2018),2,0,1,0,0,2,February,Summer,Friday,18:00 - 19:59,PM peak / evening commute,True,False,True,True
1349068,Injury,Serious Injury,2024,2024,January,Friday,08:00 - 09:59,BELLS LINE OF,RD,310,East,VAL WHEELER,DR,KURRAJONG HEIGHTS,184.0,No,Not a school zone,2-way undivided,-33.519558,150.617317,Hawkesbury,Country urban,Syd-Newc-Woll Gtr conurbation,Curved,Painted double centre lines,,,Nil,Sealed,Dry,Fine,Daylight,Nil,No traffic controls,80 km/h,State,83,Off rt/rt bnd=>obj,803,Off right bend into obj,Right,Vehicle - Object,Car (sedan/hatch),,1,0,1,0,0,1,January,Summer,Friday,08:00 - 09:59,AM peak / school commute,True,False,True,True
1349069,Injury,Serious Injury,2024,2024,February,Sunday,14:00 - 15:59,BURLEY GRIFFIN,WAY,125,North,TROY,ST,STOCKINBINGAL,84.0,No,Not a school zone,2-way undivided,-34.499343,147.873224,Cootamundra-Gundagai,Country urban,Rest of NSW - Urban,Curved,,,Loose gravel shoulder,Nil,Sealed,Dry,Fine,Daylight,Nil,No traffic controls,60 km/h,State,81,Off left/rt bnd=>obj,803,Off right bend into obj,Left,Vehicle - Object,Motorcycle,,1,0,1,0,0,2,February,Summer,Sunday,14:00 - 15:59,Midday / afternoon,False,False,True,True
1349070,Injury,Serious Injury,2024,2024,January,Tuesday,20:00 - 21:59,GLEN ALICE,RD,0,Right on the spot,NUMBER 1783,HN,MOUNT MARSDEN,,No,Not a school zone,2-way undivided,-32.93861,150.047451,Lithgow,Country non-urban,Rest of NSW - Rural,Curved,Embankment/cutting,,,Nil,Sealed,Dry,Fine,Dusk,Nil,No traffic controls,100 km/h,Local,83,Off rt/rt bnd=>obj,803,Off right bend into obj,Right,Vehicle - Object,Light truck utility(from 2018),,1,0,1,0,0,1,January,Summer,Tuesday,20:00 - 21:59,Evening / night,False,False,True,True
1349071,Injury,Moderate Injury,2024,2024,January,Wednesday,10:00 - 11:59,BODELLS,LANE,8000,North,NEWELL,HWY,BACK CREEK,,No,Not a school zone,2-way undivided,-33.800102,147.359401,Bland,Country non-urban,Rest of NSW - Rural,Straight,,,,Nil,Unsealed,Wet,Fine,Daylight,Nil,No traffic controls,100 km/h,Local,34,Lane change right,306,Same - Lane change right,,Other angle,Motorcycle,Motorcycle,2,0,0,1,1,1,January,Summer,Wednesday,10:00 - 11:59,Midday / afternoon,False,False,True,True
1349077,Injury,Moderate Injury,2024,2024,February,Tuesday,14:00 - 15:59,BARKER,ST,0,Right on the spot,WEST,ST,CASINO,,No,Not a school zone,X-intersection,-28.864196,153.043282,Richmond Valley,Country urban,Rest of NSW - Urban,Straight,,,,Nil,Sealed,Dry,Fine,Daylight,Nil,Give way sign,50 km/h,Local,21,Right through,202,Opp - Right-thru,,Other angle,Light truck,4 wheel drive / SUV,2,0,0,2,0,2,February,Summer,Tuesday,14:00 - 15:59,Midday / afternoon,False,False,True,True
1349078,Injury,Moderate Injury,2024,2024,February,Wednesday,16:00 - 17:59,TORONTO,AVE,60,East,CARRINGTON,AVE,CROMER,,No,Not a school zone,2-way undivided,-33.731977,151.273856,Northern Beaches,Sydney metro. area,Syd-Newc-Woll Gtr conurbation,Straight,,,,Nil,Sealed,Dry,Fine,Daylight,Nil,No traffic controls,50 km/h,Local,71,Off rd left => obj,703,Left off cway into object,,Other angle,4 wheel drive / SUV,4 wheel drive / SUV,2,0,0,1,0,2,February,Summer,Wednesday,16:00 - 17:59,PM peak / evening commute,True,False,True,True
1349079,Injury,Serious Injury,2024,2024,February,Sunday,14:00 - 15:59,GREAT WESTERN,HWY,0,Right on the spot,HAVANNAH,ST,BATHURST,5.0,No,Not a school zone,T-junction,-33.418206,149.59112,Bathurst Regional,Country urban,Rest of NSW - Urban,Straight,,,,Off,Sealed,Dry,Fine,Daylight,On,No traffic controls,70 km/h,State,81,Off left/rt bnd=>obj,707,Right turn,Left,Vehicle - Object,Motorcycle,,1,0,1,0,0,2,February,Summer,Sunday,14:00 - 15:59,Midday / afternoon,False,False,True,True
1349080,Injury,Serious Injury,2024,2024,February,Saturday,02:00 - 03:59,CENTRAL COAST,HWY,300,East,YALLAMBEE,AVE,WEST GOSFORD,30.0,No,Not a school zone,Divided road,-33.427612,151.324801,Central Coast,Country urban,Syd-Newc-Woll Gtr conurbation,Straight,,,,On,Sealed,Dry,Fine,Darkness,Nil,No traffic controls,70 km/h,State,71,Off rd left => obj,703,Left off cway into object,,Vehicle - Object,Car (sedan/hatch),,1,0,1,0,0,2,February,Summer,Saturday,02:00 - 03:59,Late night / early morning,False,False,True,True
1349081,Injury,Minor/Other Injury,2024,2024,February,Sunday,18:00 - 19:59,FAIRVIEW,ST,0,Right on the spot,NUMBER 67A,HN,ARNCLIFFE,,No,Not a school zone,2-way undivided,-33.940047,151.13295,Bayside,Sydney metro. area,Syd-Newc-Woll Gtr conurbation,Straight,Driveway/entrance,,,Off,Sealed,Dry,Fine,Daylight,Nil,No traffic controls,50 km/h,Local,49,Other manoeuvring,400,Manov - other,,Other angle,Car (sedan/hatch),Car (sedan/hatch),2,0,0,0,1,2,February,Summer,Sunday,18:00 - 19:59,PM peak / evening commute,True,False,True,True
1349082,Injury,Serious Injury,2024,2024,February,Saturday,14:00 - 15:59,MINJUNGBAL DR,DR,100,North,DRY DOCK,RD,TWEED HEADS SOUTH,7733.0,No,Not a school zone,Divided road,-28.186575,153.539465,Tweed,Country urban,Rest of NSW - Urban,Straight,,,,Nil,Sealed,Wet,Raining,Daylight,Nil,No traffic controls,60 km/h,Regional,30,Rear end,301,Same - Rear end,,Rear end,Passenger van,4 wheel drive / SUV,2,0,1,1,2,2,February,Summer,Saturday,14:00 - 15:59,Midday / afternoon,False,False,True,True
1349083,Injury,Minor/Other Injury,2024,2024,February,Wednesday,16:00 - 17:59,PARKER,ST,10,South,COX,AVE,KINGSWOOD,154.0,No,Not a school zone,T-junction,-33.755743,150.712464,Penrith,Sydney metro. area,Syd-Newc-Woll Gtr conurbation,Straight,,,,Off,Sealed,Dry,Fine,Daylight,Nil,Stop sign,70 km/h,State,30,Rear end,301,Same - Rear end,,Rear end,Car (sedan/hatch),4 wheel drive / SUV,3,0,0,0,1,2,February,Summer,Wednesday,16:00 - 17:59,PM peak / evening commute,True,False,True,True
1349084,Injury,Moderate Injury,2024,2024,February,Monday,08:00 - 09:59,PRINCES,HWY,280,South,QUINLANS,RD,QUAAMA,1.0,No,Not a school zone,2-way undivided,-36.43702,149.847867,Bega Valley,Country non-urban,Rest of NSW - Rural,Straight,Embankment/cutting,,,Nil,Sealed,Dry,Fine,Daylight,Nil,No traffic controls,100 km/h,State,73,Off rd rght => obj,704,Right off cway into obj,,Vehicle - Object,Light truck utility(from 2018),,1,0,0,1,0,2,February,Summer,Monday,08:00 - 09:59,AM peak / school commute,True,False,True,True
1349089,Injury,Moderate Injury,2024,2024,February,Saturday,10:00 - 11:59,RUGBY,RD,1485,West,PERKS,RD,RUGBY,248.0,No,Not a school zone,2-way undivided,-34.375884,148.933961,Hilltops,Country non-urban,Rest of NSW - Rural,Curved,Painted double centre lines,,,Nil,Sealed,Dry,Fine,Daylight,Nil,No traffic controls,100 km/h,Regional,83,Off rt/rt bnd=>obj,803,Off right bend into obj,Right,Vehicle - Object,Motorcycle,,1,0,0,1,0,2,February,Summer,Saturday,10:00 - 11:59,Midday / afternoon,False,False,True,True
1349090,Injury,Moderate Injury,2024,2024,February,Tuesday,18:00 - 19:59,BUSHRANGERS CREEK,RD,4100,West,EVANS,DR,MOUNT ARTHUR,,No,Not a school zone,2-way undivided,-32.543799,148.881516,Dubbo Regional,Country urban,Rest of NSW - Urban,Curved,Crest,,,Nil,Sealed,Dry,Fine,Daylight,Nil,No traffic controls,80 km/h,Local,20,Head on,201,Opp - Head on,,Head-on,Semi-trailer,Car (sedan/hatch),2,0,0,1,0,2,February,Summer,Tuesday,18:00 - 19:59,PM peak / evening commute,True,False,True,True
1349091,Injury,Serious Injury,2024,2024,February,Sunday,08:00 - 09:59,NEVILLE,ST,0,Right on the spot,OATLEY,PDE,OATLEY,,No,Not a school zone,T-junction,-33.984014,151.079003,Georges River,Sydney metro. area,Syd-Newc-Woll Gtr conurbation,Straight,Pedestrian refuge,,,Off,Sealed,Dry,Fine,Daylight,Nil,No traffic controls,50 km/h,Local,2,Ped far side,3,Ped - Far side,,Vehicle - Pedestrian,Car (sedan/hatch),Pedestrian,2,0,1,0,0,2,February,Summer,Sunday,08:00 - 09:59,AM peak / school commute,True,False,True,True
1349093,Injury,Moderate Injury,2024,2024,February,Friday,20:00 - 21:59,SOAPY FLAT,RD,5000,North,WOMBEYAN CAVES,RD,HIGH RANGE,,No,Not a school zone,2-way undivided,-34.38703,150.334851,Wingecarribee,Country non-urban,Rest of NSW - Rural,Straight,Embankment/cutting,,,Nil,Unsealed,Wet,Raining,Darkness,Nil,No traffic controls,100 km/h,Local,71,Off rd left => obj,703,Left off cway into object,,Vehicle - Object,4 wheel drive / SUV,,1,0,0,1,0,2,February,Summer,Friday,20:00 - 21:59,Evening / night,False,False,True,True
1349094,Injury,Moderate Injury,2024,2024,February,Thursday,12:00 - 13:59,CUMBERLAND,RD,0,Right on the spot,KINGS,RD,INGLEBURN,7198.0,No,Not a school zone,Roundabout,-33.995505,150.873014,Campbelltown,Sydney metro. area,Syd-Newc-Woll Gtr conurbation,Straight,,,,Off,Sealed,Dry,Fine,Daylight,Nil,Give way sign,60 km/h,Regional,10,Cross traffic,101,Adj - Cross traffic,,Right angle,Motorcycle,Car (sedan/hatch),2,0,0,1,0,2,February,Summer,Thursday,12:00 - 13:59,Midday / afternoon,False,False,True,True
1349096,Injury,Moderate Injury,2024,2024,February,Saturday,14:00 - 15:59,DARLING,ST,0,Right on the spot,DONCASTER,AVE,KENSINGTON,,No,Not a school zone,T-junction,-33.911375,151.225082,Randwick,Sydney metro. area,Syd-Newc-Woll Gtr conurbation,Straight,,,,Unknown / not stated,Sealed,Dry,Fine,Daylight,Nil,Stop sign,50 km/h,Local,16,Left near,107,Adj - Left-thru from right,,Right angle,Light truck,Pedal cycle,2,0,0,1,0,2,February,Summer,Saturday,14:00 - 15:59,Midday / afternoon,False,False,True,True
1349097,Injury,Moderate Injury,2024,2024,February,Thursday,12:00 - 13:59,DOMINIC,DR,0,Right on the spot,NUMBER 10,HN,BATEHAVEN,,No,Not a school zone,2-way undivided,-35.736652,150.20007,Eurobodalla,Country urban,Rest of NSW - Urban,Straight,Foot/cycle path/nature strip,,,Off,Sealed,Dry,Fine,Daylight,Nil,No traffic controls,50 km/h,Local,9,Ped other,0,Ped - other,,Vehicle - Pedestrian,Car (sedan/hatch),Pedestrian,2,0,0,1,0,2,February,Summer,Thursday,12:00 - 13:59,Midday / afternoon,False,False,True,True
1349098,Injury,Serious Injury,2024,2024,March,Friday,06:00 - 07:59,ARGYLE,ST,0,Right on the spot,NUMBER 403,HN,PICTON,620.0,No,Not a school zone,2-way undivided,-34.188344,150.605378,Wollondilly,Country urban,Syd-Newc-Woll Gtr conurbation,Straight,,,,Nil,Sealed,Dry,Overcast,Dawn,Nil,No traffic controls,60 km/h,Regional,2,Ped far side,3,Ped - Far side,,Vehicle - Pedestrian,Car (sedan/hatch),Pedestrian,2,0,1,0,0,3,March,Autumn,Friday,06:00 - 07:59,AM peak / school commute,True,False,True,True
1349101,Injury,Moderate Injury,2024,2024,March,Tuesday,20:00 - 21:59,BLAXLAND,RD,0,Right on the spot,THE KRAAL,DR,BLAIR ATHOL,7191.0,No,Not a school zone,X-intersection,-34.064253,150.80679,Campbelltown,Sydney metro. area,Syd-Newc-Woll Gtr conurbation,Straight,,,,On,Sealed,Dry,Fine,Darkness,On,No traffic controls,60 km/h,Regional,71,Off rd left => obj,703,Left off cway into object,,Vehicle - Object,Motorcycle,,1,0,0,1,0,3,March,Autumn,Tuesday,20:00 - 21:59,Evening / night,False,False,True,True
1349102,Injury,Serious Injury,2024,2024,March,Friday,02:00 - 03:59,WESTERN,EXP,2000,East,MULGOA ROAD,OP,SOUTH PENRITH,6004.0,No,Not a school zone,Dual freeway,-33.782256,150.688952,Penrith,Sydney metro. area,Syd-Newc-Woll Gtr conurbation,Curved,,,,On,Sealed,Wet,Raining,Darkness,Nil,No traffic controls,110 km/h,State,88,Out of cont on bend,805,Out of control on bend,,Rollover,Motorcycle,,1,0,1,0,0,3,March,Autumn,Friday,02:00 - 03:59,Late night / early morning,False,False,True,True
1349106,Injury,Moderate Injury,2024,2024,March,Saturday,16:00 - 17:59,JOHN RENSHAW,DR,0,Right on the spot,NEWCASTLE,EXP,BERESFIELD,588.0,No,Not a school zone,X-intersection,-32.813624,151.635647,Newcastle,Newcastle met. area,Syd-Newc-Woll Gtr conurbation,Straight,,,,On,Sealed,Dry,Overcast,Daylight,On,No traffic controls,60 km/h,State,11,Right far,102,Adj - Right-thru from left,,Right angle,Car (sedan/hatch),Light truck utility(from 2018),2,0,0,1,0,3,March,Autumn,Saturday,16:00 - 17:59,PM peak / evening commute,True,False,True,True
1349110,Injury,Moderate Injury,2024,2024,February,Thursday,18:00 - 19:59,TODMAN,AVE,0,Right on the spot,KENSINGTON,RD,KENSINGTON,7331.0,No,Not a school zone,Roundabout,-33.90968,151.220935,Randwick,Sydney metro. area,Syd-Newc-Woll Gtr conurbation,Straight,,,,Nil,Sealed,Dry,Fine,Daylight,Nil,Give way sign,50 km/h,Regional,10,Cross traffic,101,Adj - Cross traffic,,Right angle,Motor scooter,Car (sedan/hatch),2,0,0,1,0,2,February,Summer,Thursday,18:00 - 19:59,PM peak / evening commute,True,False,True,True