crash_id,degree_of_crash,degree_of_crash_-_detailed,reporting_year,year_of_crash,month_of_crash,day_of_week_of_crash,two-hour_intervals,street_of_crash,street_type,distance,direction,identifying_feature,identifying_feature_type,town,route_no.,school_zone_location,school_zone_active,type_of_location,latitude,longitude,lga,urbanisation,conurbation_1,alignment,primary_permanent_feature,primary_temporary_feature,primary_hazardous_feature,street_lighting,road_surface,surface_condition,weather,natural_lighting,signals_operation,other_traffic_control,speed_limit,road_classification_(admin),rum_-_code,rum_-_description,dca_-_code,dca_-_description,dca_supplement,first_impact_type,key_tu_type,other_tu_type,no._of_traffic_units_involved,no._killed,no._seriously_injured,no._moderately_injured,no._minor-other_injured,month_num,month_label,season,day_label,time_label,time_band,is_peak_commute,is_fatal,is_injury,is_casualty
1349112,Injury,Serious Injury,2024,2024,February,Thursday,08:00 - 09:59,BUCCA,RD,0,Right on the spot,SOLITARY ISLANDS,WAY,MOONEE BEACH,,No,Not a school zone,T-junction,-30.199365,153.145139,Coffs Harbour,Country urban,Rest of NSW - Urban,Straight,,,,Nil,Sealed,Dry,Fine,Daylight,Nil,Give way sign,80 km/h,Local,14,2 right turning,105,Adj - Two right turning,,Right angle,Motorcycle,4 wheel drive / SUV,2,0,1,0,0,2,February,Summer,Thursday,08:00 - 09:59,AM peak / school commute,True,False,True,True
1349114,Injury,Serious Injury,2024,2024,January,Wednesday,16:00 - 17:59,HUME,HWY,5800,North,PICTON ROAD,OP,DOUGLAS PARK,2.0,No,Not a school zone,Dual freeway,-34.192482,150.711713,Wollondilly,Country non-urban,Syd-Newc-Woll Gtr conurbation,Straight,Other bridge,,Flooded/submerged,Nil,Sealed,Wet,Raining,Daylight,Nil,No traffic controls,110 km/h,State,71,Off rd left => obj,703,Left off cway into object,,Vehicle - Object,Car (sedan/hatch),,1,0,1,0,0,1,January,Summer,Wednesday,16:00 - 17:59,PM peak / evening commute,True,False,True,True
1349115,Injury,Moderate Injury,2024,2024,March,Wednesday,16:00 - 17:59,ALPHA,ST,0,Right on the spot,RUSSELL,ST,BATHURST,,No,Not a school zone,T-junction,-33.425537,149.586344,Bathurst Regional,Country urban,Rest of NSW - Urban,Straight,,,,Off,Sealed,Dry,Fine,Daylight,Nil,No traffic controls,60 km/h,Local,30,Rear end,301,Same - Rear end,,Rear end,4 wheel drive / SUV,4 wheel drive / SUV,2,0,0,1,1,3,March,Autumn,Wednesday,16:00 - 17:59,PM peak / evening commute,True,False,True,True
1349119,Injury,Serious Injury,2024,2024,March,Friday,12:00 - 13:59,GREAT WESTERN,HWY,1000,West,JENOLAN CAVES,RD,HARTLEY,5.0,No,Not a school zone,Divided road,-33.537096,150.160686,Lithgow,Country urban,Rest of NSW - Urban,Curved,Steep grade,,,Nil,Sealed,Dry,Fine,Daylight,Nil,No traffic controls,80 km/h,State,88,Out of cont on bend,805,Out of control on bend,,Rollover,Motorcycle,,1,0,1,0,0,3,March,Autumn,Friday,12:00 - 13:59,Midday / afternoon,False,False,True,True
1349120,Injury,Moderate Injury,2024,2024,January,Friday,10:00 - 11:59,BOBBIN HEAD,RD,0,Right on the spot,NORTH TURRAMURRA GOLF LINKS,ENT,NORTH TURRAMURRA,366.0,No,Not a school zone,2-way undivided,-33.702026,151.147784,Ku-ring-gai,Sydney metro. area,Syd-Newc-Woll Gtr conurbation,Curved,Driveway/entrance,,,Nil,Sealed,Dry,Fine,Daylight,Nil,No traffic controls,50 km/h,Regional,21,Right through,202,Opp - Right-thru,,Other angle,Light truck utility(from 2018),Pedal cycle,2,0,0,1,0,1,January,Summer,Friday,10:00 - 11:59,Midday / afternoon,False,False,True,True
1349125,Injury,Moderate Injury,2024,2024,January,Tuesday,00:01 - 01:59,LEICESTER,AVE,350,South,GREAT WESTERN,HWY,STRATHFIELD,668.0,No,Not a school zone,2-way undivided,-33.869549,151.092541,Canada Bay,Sydney metro. area,Syd-Newc-Woll Gtr conurbation,Curved,,,,On,Sealed,Wet,Raining,Darkness,Nil,No traffic controls,60 km/h,State,30,Rear end,301,Same - Rear end,,Rear end,Light truck utility(from 2018),4 wheel drive / SUV,2,0,0,1,0,1,January,Summer,Tuesday,00:01 - 01:59,Late night / early morning,False,False,True,True
1349126,Injury,Moderate Injury,2024,2024,March,Tuesday,14:00 - 15:59,COPPERFIELD,DR,20,East,MAYLIE,CL,AMBARVALE,,No,Not a school zone,2-way undivided,-34.086637,150.79343,Campbelltown,Sydney metro. area,Syd-Newc-Woll Gtr conurbation,Straight,,,,Off,Sealed,Dry,Fine,Daylight,Nil,No traffic controls,60 km/h,Local,71,Off rd left => obj,703,Left off cway into object,,Other angle,Car (sedan/hatch),Car (sedan/hatch),3,0,0,1,0,3,March,Autumn,Tuesday,14:00 - 15:59,Midday / afternoon,False,False,True,True
1349130,Injury,Moderate Injury,2024,2024,March,Friday,12:00 - 13:59,PLUMMERS,LANE,0,Right on the spot,MACLEAY VALLEY,WAY,CLYBUCCA,460.0,No,Not a school zone,T-junction,-30.955922,152.95069,Kempsey,Country non-urban,Rest of NSW - Rural,Straight,,,,Off,Sealed,Wet,Raining,Daylight,Nil,No traffic controls,100 km/h,Regional,13,Right near,104,Adj - Right-thru from right,,Right angle,Light truck utility(from 2018),Unknown motor vehicle,2,0,0,2,3,3,March,Autumn,Friday,12:00 - 13:59,Midday / afternoon,False,False,True,True
1349132,Injury,Serious Injury,2024,2024,March,Thursday,10:00 - 11:59,VISTA,ST,0,Right on the spot,NUMBER 49,HN,SANS SOUCI,,No,Not a school zone,2-way undivided,-33.996996,151.124686,Georges River,Sydney metro. area,Syd-Newc-Woll Gtr conurbation,Straight,Narrow roadway,,,Off,Sealed,Dry,Fine,Daylight,Nil,No traffic controls,50 km/h,Local,71,Off rd left => obj,703,Left off cway into object,,Other angle,Car (sedan/hatch),Light truck utility(from 2018),2,0,1,0,0,3,March,Autumn,Thursday,10:00 - 11:59,Midday / afternoon,False,False,True,True
1349136,Injury,Moderate Injury,2024,2024,March,Tuesday,08:00 - 09:59,BLAXLAND,RD,300,South,BADGALLY,RD,CAMPBELLTOWN,7191.0,No,Not a school zone,2-way undivided,-34.061303,150.810986,Campbelltown,Sydney metro. area,Syd-Newc-Woll Gtr conurbation,Straight,Driveway/entrance,,,Unknown / not stated,Sealed,Dry,Fine,Daylight,Nil,No traffic controls,60 km/h,Regional,47,Emerging from drive,406,Manov - Emerging from driveway,,Right angle,Car (sedan/hatch),Car (sedan/hatch),2,0,0,1,0,3,March,Autumn,Tuesday,08:00 - 09:59,AM peak / school commute,True,False,True,True
1349137,Injury,Minor/Other Injury,2024,2024,March,Monday,12:00 - 13:59,HARTLEY VALE,RD,37,West,ALLEN,ST,HARTLEY VALE,,No,Not a school zone,2-way undivided,-33.53482,150.236194,Lithgow,Country urban,Rest of NSW - Urban,Straight,Ditch/drain/culvert,,,Nil,Sealed,Unknown,Unknown,Daylight,Nil,No traffic controls,50 km/h,Local,73,Off rd rght => obj,704,Right off cway into obj,,Vehicle - Object,4 wheel drive / SUV,,1,0,0,0,1,3,March,Autumn,Monday,12:00 - 13:59,Midday / afternoon,False,False,True,True
1349142,Injury,Minor/Other Injury,2024,2024,March,Tuesday,16:00 - 17:59,WILLOW GLEN,RD,0,Right on the spot,NUMBER 255,HN,LOWER BORO,,No,Not a school zone,2-way undivided,-35.117568,149.756642,Goulburn Mulwaree,Country non-urban,Rest of NSW - Rural,Curved,Crest,,,Nil,Unsealed,Dry,Fine,Dusk,Nil,No traffic controls,100 km/h,Local,20,Head on,201,Opp - Head on,,Head-on,Car (sedan/hatch),Light truck,2,0,0,0,1,3,March,Autumn,Tuesday,16:00 - 17:59,PM peak / evening commute,True,False,True,True
1349144,Injury,Moderate Injury,2024,2024,March,Tuesday,20:00 - 21:59,GOLDEN,HWY,0,Right on the spot,MYALL,ST,DUBBO,27.0,No,Not a school zone,Roundabout,-32.241261,148.622258,Dubbo Regional,Country urban,Rest of NSW - Urban,Straight,,,,On,Sealed,Dry,Fine,Darkness,Nil,Give way sign,60 km/h,State,10,Cross traffic,101,Adj - Cross traffic,,Right angle,Light truck utility(from 2018),Car (sedan/hatch),2,0,0,1,0,3,March,Autumn,Tuesday,20:00 - 21:59,Evening / night,False,False,True,True
1349150,Injury,Moderate Injury,2024,2024,January,Friday,18:00 - 19:59,PACIFIC,HWY,2000,North,KANANGRA,DR,CRANGAN BAY,10.0,No,Not a school zone,Divided road,-33.173196,151.609105,Lake Macquarie,Newcastle met. area,Syd-Newc-Woll Gtr conurbation,Straight,,,,Nil,Sealed,Dry,Fine,Daylight,Nil,No traffic controls,80 km/h,State,71,Off rd left => obj,703,Left off cway into object,,Vehicle - Object,Car (sedan/hatch),,1,0,0,1,0,1,January,Summer,Friday,18:00 - 19:59,PM peak / evening commute,True,False,True,True
1349153,Injury,Serious Injury,2024,2024,March,Thursday,18:00 - 19:59,PACIFIC,HWY,0,Right on the spot,WARNERS BAY,RD,CHARLESTOWN,10.0,No,Not a school zone,T-junction,-32.969735,151.691888,Lake Macquarie,Newcastle met. area,Syd-Newc-Woll Gtr conurbation,Curved,,,,On,Sealed,Dry,Overcast,Darkness,On,No traffic controls,60 km/h,State,20,Head on,201,Opp - Head on,,Head-on,4 wheel drive / SUV,Car (sedan/hatch),6,0,2,4,0,3,March,Autumn,Thursday,18:00 - 19:59,PM peak / evening commute,True,False,True,True
1349155,Injury,Minor/Other Injury,2024,2024,March,Saturday,14:00 - 15:59,JUGIONG,RD,1000,South,CULLINGA MINES,RD,BEGGAN BEGGAN,381.0,No,Not a school zone,2-way undivided,-34.633879,148.283449,Hilltops,Country non-urban,Rest of NSW - Rural,Straight,,,,Nil,Sealed,Dry,Fine,Daylight,Nil,No traffic controls,100 km/h,Regional,70,Off road to left,701,Off carriageway to left,,Rollover,Light truck utility(from 2018),,1,0,0,0,1,3,March,Autumn,Saturday,14:00 - 15:59,Midday / afternoon,False,False,True,True
1349163,Injury,Serious Injury,2024,2024,March,Monday,10:00 - 11:59,DACEY,AVE,0,Right on the spot,SOUTH DOWLING,ST,WATERLOO,528.0,No,Not a school zone,X-intersection,-33.900901,151.215126,Sydney,Sydney metro. area,Syd-Newc-Woll Gtr conurbation,Curved,,,,Off,Sealed,Dry,Fine,Daylight,On,No traffic controls,50 km/h,State,88,Out of cont on bend,707,Right turn,,Rollover,Large rigid,,1,0,1,0,0,3,March,Autumn,Monday,10:00 - 11:59,Midday / afternoon,False,False,True,True
1349164,Injury,Serious Injury,2024,2024,April,Monday,10:00 - 11:59,PACIFIC,HWY,100,South,HARRINGTON,RD,COOPERNOOK,10.0,No,Not a school zone,Divided road,-31.834064,152.615693,Mid-Coast,Country non-urban,Rest of NSW - Rural,Straight,,,,Unknown / not stated,Sealed,Dry,Fine,Daylight,Nil,No traffic controls,100 km/h,State,34,Lane change right,306,Same - Lane change right,,Other angle,4 wheel drive / SUV,Car (sedan/hatch),2,0,1,0,0,4,April,Autumn,Monday,10:00 - 11:59,Midday / afternoon,False,False,True,True
1349166,Injury,Serious Injury,2024,2024,March,Saturday,06:00 - 07:59,PACIFIC,HWY,0,Right on the spot,LONDON,DR,WYONG,10.0,No,Not a school zone,T-junction,-33.265442,151.455134,Central Coast,Country urban,Syd-Newc-Woll Gtr conurbation,Straight,,,,On,Sealed,Dry,Fine,Darkness,On,No traffic controls,70 km/h,State,21,Right through,202,Opp - Right-thru,,Other angle,Light truck utility(from 2018),Car (sedan/hatch),2,0,1,0,0,3,March,Autumn,Saturday,06:00 - 07:59,AM peak / school commute,True,False,True,True
1349170,Injury,Serious Injury,2024,2024,March,Saturday,06:00 - 07:59,POLLOCK,AVE,480,South,JENSEN,RD,WYONG,,Yes,No,2-way undivided,-33.278953,151.446775,Central Coast,Country urban,Syd-Newc-Woll Gtr conurbation,Curved,,,,Nil,Sealed,Dry,Fine,Daylight,Nil,No traffic controls,60 km/h,Local,83,Off rt/rt bnd=>obj,803,Off right bend into obj,Right,Vehicle - Object,Car (sedan/hatch),,1,0,1,1,0,3,March,Autumn,Saturday,06:00 - 07:59,AM peak / school commute,True,False,True,True
1349171,Injury,Moderate Injury,2024,2024,March,Sunday,18:00 - 19:59,TIRI,RD,2000,West,NOWENDOC,RD,KNORRIT FLAT,,No,Not a school zone,2-way undivided,-31.839436,152.098455,Mid-Coast,Country non-urban,Rest of NSW - Rural,Curved,Embankment/cutting,,,Off,Unsealed,Dry,Fine,Daylight,Nil,No traffic controls,100 km/h,Local,85,Off rt/lft bnd=>obj,804,Off left bend into obj,Right,Vehicle - Object,Motorcycle,,1,0,0,1,0,3,March,Autumn,Sunday,18:00 - 19:59,PM peak / evening commute,True,False,True,True
1349174,Injury,Serious Injury,2024,2024,March,Tuesday,08:00 - 09:59,RAWSON,ST,0,Right on the spot,NORTHUMBERLAND,RD,AUBURN,2069.0,No,Not a school zone,T-junction,-33.849243,151.033359,Cumberland,Sydney metro. area,Syd-Newc-Woll Gtr conurbation,Straight,,,,Off,Sealed,Dry,Fine,Daylight,On,No traffic controls,50 km/h,Regional,71,Off rd left => obj,703,Left off cway into object,,Vehicle - Object,4 wheel drive / SUV,,1,0,1,0,0,3,March,Autumn,Tuesday,08:00 - 09:59,AM peak / school commute,True,False,True,True
1349177,Injury,Moderate Injury,2024,2024,April,Thursday,08:00 - 09:59,NELSON BAY,RD,160,South,LAVIS,LANE,WILLIAMTOWN,108.0,No,Not a school zone,2-way undivided,-32.818918,151.843095,Port Stephens,Country urban,Rest of NSW - Urban,Straight,,,,Off,Sealed,Wet,Raining,Daylight,Nil,No traffic controls,80 km/h,State,30,Rear end,301,Same - Rear end,,Rear end,Car (sedan/hatch),Car (sedan/hatch),3,0,0,1,0,4,April,Autumn,Thursday,08:00 - 09:59,AM peak / school commute,True,False,True,True
1349182,Injury,Serious Injury,2024,2024,March,Thursday,18:00 - 19:59,ELIZABETH,ST,0,Right on the spot,GOULBURN,ST,SYDNEY,7083.0,No,Not a school zone,X-intersection,-33.878399,151.20927,Sydney,Sydney metro. area,Syd-Newc-Woll Gtr conurbation,Straight,,,,On,Sealed,Dry,Fine,Darkness,On,No traffic controls,40 km/h,Regional,21,Right through,202,Opp - Right-thru,,Other angle,Car (sedan/hatch),Motorcycle,2,0,1,0,0,3,March,Autumn,Thursday,18:00 - 19:59,PM peak / evening commute,True,False,True,True
1349183,Injury,Moderate Injury,2024,2024,March,Wednesday,06:00 - 07:59,WOLLONGONG,RD,0,Right on the spot,NUMBER 39,HN,ARNCLIFFE,,No,Not a school zone,2-way undivided,-33.93444,151.146217,Bayside,Sydney metro. area,Syd-Newc-Woll Gtr conurbation,Straight,Driveway/entrance,,,On,Sealed,Dry,Fine,Dawn,Nil,No traffic controls,50 km/h,Local,7,Driveway,7,Ped - driveway,,Vehicle - Pedestrian,Utility,Pedestrian,2,0,0,1,0,3,March,Autumn,Wednesday,06:00 - 07:59,AM peak / school commute,True,False,True,True
1349186,Injury,Moderate Injury,2024,2024,March,Thursday,00:01 - 01:59,RIFLE RANGE,RD,200,West,PEARCES CREEK,RD,ALSTONVILLE,7734.0,No,Not a school zone,2-way undivided,-28.817529,153.442146,Ballina,Country urban,Rest of NSW - Urban,Curved,Embankment/cutting,,,Nil,Sealed,Dry,Fine,Darkness,Nil,No traffic controls,80 km/h,Regional,85,Off rt/lft bnd=>obj,804,Off left bend into obj,Right,Vehicle - Object,Light truck utility(from 2018),,1,0,0,1,0,3,March,Autumn,Thursday,00:01 - 01:59,Late night / early morning,False,False,True,True
1349188,Injury,Moderate Injury,2024,2024,March,Friday,22:00 - Midnight,BARKER,ST,0,Right on the spot,BOTANY,ST,RANDWICK,,No,Not a school zone,T-junction,-33.920682,151.235648,Randwick,Sydney metro. area,Syd-Newc-Woll Gtr conurbation,Straight,,,,On,Sealed,Dry,Fine,Darkness,On,No traffic controls,50 km/h,Local,10,Cross traffic,101,Adj - Cross traffic,,Right angle,Other bus,Car (sedan/hatch),2,0,0,1,0,3,March,Autumn,Friday,22:00 - Midnight,Evening / night,False,False,True,True
1349190,Injury,Moderate Injury,2024,2024,March,Friday,16:00 - 17:59,BOURKE,ST,0,Right on the spot,CITIZEN,ST,GOULBURN,,No,Not a school zone,X-intersection,-34.746118,149.722394,Goulburn Mulwaree,Country urban,Rest of NSW - Urban,Straight,,,,Unknown / not stated,Sealed,Dry,Fine,Daylight,Nil,Give way sign,50 km/h,Local,32,Right rear,303,Same - Rear right,,Rear end,Light truck utility(from 2018),Car (sedan/hatch),2,0,0,1,0,3,March,Autumn,Friday,16:00 - 17:59,PM peak / evening commute,True,False,True,True
1349194,Injury,Minor/Other Injury,2024,2024,April,Saturday,08:00 - 09:59,SHOWGROUND,RD,0,Right on the spot,PENNANT,ST,CASTLE HILL,157.0,No,Not a school zone,T-junction,-33.733049,151.002651,The Hills,Sydney metro. area,Syd-Newc-Woll Gtr conurbation,Straight,,,,Unknown / not stated,Sealed,Dry,Fine,Daylight,On,No traffic controls,60 km/h,State,21,Right through,202,Opp - Right-thru,,Other angle,4 wheel drive / SUV,Car (sedan/hatch),2,0,0,0,2,4,April,Autumn,Saturday,08:00 - 09:59,AM peak / school commute,True,False,True,True
1349196,Injury,Serious Injury,2024,2024,March,Friday,10:00 - 11:59,FOUR CREEK,RD,700,East,BURNT PINE,RD,TALLONG,,No,Not a school zone,2-way undivided,-34.723018,150.169154,Goulburn Mulwaree,Country urban,Rest of NSW - Urban,Straight,Embankment/cutting,,,Off,Unsealed,Dry,Fine,Daylight,Nil,No traffic controls,60 km/h,Local,73,Off rd rght => obj,704,Right off cway into obj,,Vehicle - Object,Motorcycle,,1,0,1,0,0,3,March,Autumn,Friday,10:00 - 11:59,Midday / afternoon,False,False,True,True
1349197,Injury,Moderate Injury,2024,2024,April,Tuesday,12:00 - 13:59,MCKANES FALLS,RD,300,North,MCKANES,BDGE,SOUTH BOWENFELS,,No,Not a school zone,2-way undivided,-33.548397,150.121191,Lithgow,Country urban,Rest of NSW - Urban,Curved,Steep grade,,,Nil,Sealed,Wet,Overcast,Daylight,Nil,No traffic controls,80 km/h,Local,83,Off rt/rt bnd=>obj,803,Off right bend into obj,Right,Vehicle - Object,Light truck utility(from 2018),,1,0,0,1,0,4,April,Autumn,Tuesday,12:00 - 13:59,Midday / afternoon,False,False,True,True
1349202,Injury,Moderate Injury,2024,2024,March,Monday,10:00 - 11:59,NICHOLSON,PDE,0,Right on the spot,NUMBER 68,HN,SPRING FARM,,No,Not a school zone,Divided road,-34.070248,150.736692,Camden,Sydney metro. area,Syd-Newc-Woll Gtr conurbation,Straight,Driveway/entrance,,,Off,Sealed,Dry,Unknown,Daylight,Nil,No traffic controls,50 km/h,Local,47,Emerging from drive,406,Manov - Emerging from driveway,,Right angle,4 wheel drive / SUV,Car (sedan/hatch),2,0,0,1,0,3,March,Autumn,Monday,10:00 - 11:59,Midday / afternoon,False,False,True,True
1349203,Injury,Serious Injury,2024,2024,March,Friday,04:00 - 05:59,FIRST,ST,0,Right on the spot,GOVERNMENT,RD,WESTON,588.0,No,Not a school zone,X-intersection,-32.814737,151.46418,Cessnock,Country urban,Rest of NSW - Urban,Straight,,,,On,Sealed,Dry,Fine,Darkness,Nil,Stop sign,60 km/h,State,10,Cross traffic,101,Adj - Cross traffic,,Right angle,Car (sedan/hatch),Motorcycle,2,0,1,0,0,3,March,Autumn,Friday,04:00 - 05:59,Late night / early morning,False,False,True,True
1349210,Injury,Serious Injury,2024,2024,March,Wednesday,22:00 - Midnight,WYONG,RD,0,Right on the spot,CHITTAWAY,RD,BERKELEY VALE,335.0,No,Not a school zone,X-intersection,-33.328222,151.428372,Central Coast,Country urban,Syd-Newc-Woll Gtr conurbation,Straight,,,,On,Sealed,Dry,Fine,Darkness,On,No traffic controls,70 km/h,State,13,Right near,104,Adj - Right-thru from right,,Right angle,Car (sedan/hatch),4 wheel drive / SUV,2,0,1,0,0,3,March,Autumn,Wednesday,22:00 - Midnight,Evening / night,False,False,True,True
1349213,Injury,Serious Injury,2024,2024,February,Sunday,16:00 - 17:59,LAWRENCE HARGRAVE,DR,10,North,THE ESPLANADE,MS,THIRROUL,185.0,No,Not a school zone,T-junction,-34.313839,150.926601,Wollongong,Wollongong met. area,Syd-Newc-Woll Gtr conurbation,Straight,Other bridge,,,Nil,Sealed,Dry,Fine,Daylight,Nil,Stop sign,50 km/h,State,30,Rear end,301,Same - Rear end,,Rear end,Unknown motor vehicle,Pedal cycle,2,0,1,0,0,2,February,Summer,Sunday,16:00 - 17:59,PM peak / evening commute,True,False,True,True
1349215,Injury,Moderate Injury,2024,2024,March,Thursday,08:00 - 09:59,COWARD,ST,50,West,OLIVER,ST,MASCOT,,No,Not a school zone,2-way undivided,-33.925062,151.192064,Bayside,Sydney metro. area,Syd-Newc-Woll Gtr conurbation,Straight,,,,Off,Sealed,Dry,Fine,Daylight,Nil,No traffic controls,50 km/h,Local,30,Rear end,301,Same - Rear end,,Rear end,Motorcycle,Car (sedan/hatch),2,0,0,1,0,3,March,Autumn,Thursday,08:00 - 09:59,AM peak / school commute,True,False,True,True
1349216,Injury,Serious Injury,2024,2024,April,Monday,18:00 - 19:59,CHRISTIE,ST,65,East,WERRINGTON,RD,WERRINGTON,7485.0,No,Not a school zone,2-way undivided,-33.75048,150.760256,Penrith,Sydney metro. area,Syd-Newc-Woll Gtr conurbation,Curved,Painted double centre lines,,,On,Sealed,Dry,Fine,Dusk,Nil,No traffic controls,60 km/h,Regional,20,Head on,201,Opp - Head on,,Head-on,4 wheel drive / SUV,Car (sedan/hatch),2,0,1,1,0,4,April,Autumn,Monday,18:00 - 19:59,PM peak / evening commute,True,False,True,True
1349220,Injury,Minor/Other Injury,2024,2024,April,Sunday,10:00 - 11:59,WITHERS,RD,999999,East,UNKNOWN,ST,NORTH KELLYVILLE,,No,Not a school zone,Unknown,-33.687771,150.944209,The Hills,Sydney metro. area,Syd-Newc-Woll Gtr conurbation,Straight,,,,Unknown / not stated,Sealed,Dry,Fine,Daylight,Nil,No traffic controls,60 km/h,Local,30,Rear end,301,Same - Rear end,,Rear end,Car (sedan/hatch),Car (sedan/hatch),2,0,0,0,1,4,April,Autumn,Sunday,10:00 - 11:59,Midday / afternoon,False,False,True,True
1349221,Injury,Moderate Injury,2024,2024,April,Thursday,06:00 - 07:59,OLYMPIC,HWY,100,North,STURT,HWY,WAGGA WAGGA,78.0,No,Not a school zone,Divided road,-35.11452,147.345787,Wagga Wagga,Country urban,Rest of NSW - Urban,Straight,,,,Nil,Sealed,Dry,Fine,Daylight,Nil,No traffic controls,80 km/h,State,30,Rear end,301,Same - Rear end,,Rear end,4 wheel drive / SUV,4 wheel drive / SUV,2,0,0,1,0,4,April,Autumn,Thursday,06:00 - 07:59,AM peak / school commute,True,False,True,True
1349222,Injury,Minor/Other Injury,2024,2024,April,Wednesday,14:00 - 15:59,FORBES,ST,0,Right on the spot,LACHLAN,ST,LIVERPOOL,,Yes,No,X-intersection,-33.916288,150.93078,Liverpool,Sydney metro. area,Syd-Newc-Woll Gtr conurbation,Straight,,,,Unknown / not stated,Sealed,Dry,Fine,Daylight,Nil,Stop sign,30 km/h,Local,10,Cross traffic,101,Adj - Cross traffic,,Right angle,Car (sedan/hatch),Car (sedan/hatch),2,0,0,0,1,4,April,Autumn,Wednesday,14:00 - 15:59,Midday / afternoon,False,False,True,True
1349223,Injury,Serious Injury,2024,2024,April,Saturday,18:00 - 19:59,WENTWORTH,AVE,200,West,BAKER,ST,EASTLAKES,344.0,No,Not a school zone,Divided road,-33.939201,151.214154,Bayside,Sydney metro. area,Syd-Newc-Woll Gtr conurbation,Curved,,,,Off,Sealed,Dry,Fine,Daylight,Nil,No traffic controls,70 km/h,State,30,Rear end,301,Same - Rear end,,Rear end,Motorcycle,Passenger van,2,0,1,0,0,4,April,Autumn,Saturday,18:00 - 19:59,PM peak / evening commute,True,False,True,True
1349224,Injury,Minor/Other Injury,2024,2024,April,Thursday,06:00 - 07:59,HASTINGS RIVER,DR,800,North,WINERY,DR,BLACKMANS POINT,,No,Not a school zone,2-way undivided,-31.406668,152.820419,Port Macquarie-Hastings,Country urban,Rest of NSW - Urban,Straight,Other bridge,,,Unknown / not stated,Sealed,Dry,Fine,Daylight,Nil,Road/rail worker,80 km/h,Local,30,Rear end,301,Same - Rear end,,Rear end,4 wheel drive / SUV,4 wheel drive / SUV,2,0,0,0,1,4,April,Autumn,Thursday,06:00 - 07:59,AM peak / school commute,True,False,True,True
1349225,Injury,Moderate Injury,2024,2024,April,Thursday,12:00 - 13:59,BLACKTOWN,RD,0,Right on the spot,MARCEL,CRES,BLACKTOWN,642.0,No,Not a school zone,T-junction,-33.773557,150.914639,Blacktown,Sydney metro. area,Syd-Newc-Woll Gtr conurbation,Straight,,,,Unknown / not stated,Sealed,Dry,Fine,Daylight,On,No traffic controls,60 km/h,State,21,Right through,202,Opp - Right-thru,,Other angle,Car (sedan/hatch),4 wheel drive / SUV,2,0,0,1,0,4,April,Autumn,Thursday,12:00 - 13:59,Midday / afternoon,False,False,True,True
1349226,Injury,Minor/Other Injury,2024,2024,April,Saturday,08:00 - 09:59,PRINCES,HWY,50,North,GANNON,ST,TEMPE,1.0,No,Not a school zone,Divided road,-33.924726,151.160741,Inner West,Sydney metro. area,Syd-Newc-Woll Gtr conurbation,Straight,,,,Unknown / not stated,Sealed,Dry,Fine,Daylight,Nil,No traffic controls,60 km/h,State,42,Leaving parking,401,Manov - Leaving parking,,Other angle,Light truck utility(from 2018),4 wheel drive / SUV,2,0,0,0,1,4,April,Autumn,Saturday,08:00 - 09:59,AM peak / school commute,True,False,True,True
1349229,Injury,Moderate Injury,2024,2024,April,Sunday,08:00 - 09:59,WINDSOR,RD,0,Right on the spot,SHOWGROUND,RD,CASTLE HILL,184.0,No,Not a school zone,T-junction,-33.726102,150.973044,The Hills,Sydney metro. area,Syd-Newc-Woll Gtr conurbation,Straight,,,,Unknown / not stated,Sealed,Dry,Fine,Daylight,Unknown / not stated,No traffic controls,60 km/h,State,34,Lane change right,306,Same - Lane change right,,Other angle,Car (sedan/hatch),Station wagon,2,0,0,1,0,4,April,Autumn,Sunday,08:00 - 09:59,AM peak / school commute,True,False,True,True
1349230,Injury,Moderate Injury,2024,2024,April,Tuesday,14:00 - 15:59,GOLDEN,HWY,3000,East,DALSWINTON,RD,JERRYS PLAINS,27.0,No,Not a school zone,2-way undivided,-32.414526,150.744791,Muswellbrook,Country non-urban,Rest of NSW - Rural,Curved,,,,Unknown / not stated,Sealed,Dry,Fine,Daylight,Nil,No traffic controls,100 km/h,State,81,Off left/rt bnd=>obj,803,Off right bend into obj,Left,Vehicle - Object,Car (sedan/hatch),,1,0,0,1,0,4,April,Autumn,Tuesday,14:00 - 15:59,Midday / afternoon,False,False,True,True
1349231,Injury,Moderate Injury,2024,2024,April,Friday,10:00 - 11:59,THOMAS,ST,0,Right on the spot,WALFORD,ST,WALLSEND,82.0,No,Not a school zone,T-junction,-32.907067,151.668444,Newcastle,Newcastle met. area,Syd-Newc-Woll Gtr conurbation,Straight,,,,Unknown / not stated,Sealed,Dry,Fine,Daylight,On,No traffic controls,60 km/h,State,30,Rear end,301,Same - Rear end,,Rear end,Car (sedan/hatch),Light truck utility(from 2018),2,0,0,1,0,4,April,Autumn,Friday,10:00 - 11:59,Midday / afternoon,False,False,True,True
1349234,Injury,Moderate Injury,2024,2024,April,Saturday,10:00 - 11:59,LAKE,RD,0,Right on the spot,NUMBER 244,HN,GLENDALE,217.0,No,Not a school zone,Divided road,-32.924395,151.651604,Lake Macquarie,Newcastle met. area,Syd-Newc-Woll Gtr conurbation,Straight,Steep grade,,,Unknown / not stated,Sealed,Dry,Overcast,Daylight,Nil,No traffic controls,70 km/h,State,30,Rear end,301,Same - Rear end,,Rear end,Car (sedan/hatch),Car (sedan/hatch),2,0,0,1,0,4,April,Autumn,Saturday,10:00 - 11:59,Midday / afternoon,False,False,True,True