crash_id,degree_of_crash,degree_of_crash_-_detailed,reporting_year,year_of_crash,month_of_crash,day_of_week_of_crash,two-hour_intervals,street_of_crash,street_type,distance,direction,identifying_feature,identifying_feature_type,town,route_no.,school_zone_location,school_zone_active,type_of_location,latitude,longitude,lga,urbanisation,conurbation_1,alignment,primary_permanent_feature,primary_temporary_feature,primary_hazardous_feature,street_lighting,road_surface,surface_condition,weather,natural_lighting,signals_operation,other_traffic_control,speed_limit,road_classification_(admin),rum_-_code,rum_-_description,dca_-_code,dca_-_description,dca_supplement,first_impact_type,key_tu_type,other_tu_type,no._of_traffic_units_involved,no._killed,no._seriously_injured,no._moderately_injured,no._minor-other_injured,month_num,month_label,season,day_label,time_label,time_band,is_peak_commute,is_fatal,is_injury,is_casualty
1349235,Injury,Moderate Injury,2024,2024,March,Wednesday,14:00 - 15:59,MONARO,HWY,761,South,PODDY HUT,RD,BIBBENLUKE,19.0,No,Not a school zone,2-way undivided,-36.797933,149.282925,Snowy Monaro Regional,Country non-urban,Rest of NSW - Rural,Curved,Ditch/drain/culvert,,,Unknown / not stated,Sealed,Dry,Fine,Daylight,Nil,No traffic controls,100 km/h,State,81,Off left/rt bnd=>obj,803,Off right bend into obj,Left,Vehicle - Object,Light truck utility(from 2018),,1,0,0,1,0,3,March,Autumn,Wednesday,14:00 - 15:59,Midday / afternoon,False,False,True,True
1349237,Injury,Moderate Injury,2024,2024,February,Tuesday,12:00 - 13:59,DIGGERS,RD,0,Right on the spot,UNION,RD,LAVINGTON,,No,Not a school zone,T-junction,-36.051177,146.922533,Albury,Country urban,Rest of NSW - Urban,Straight,,,,Unknown / not stated,Sealed,Dry,Fine,Daylight,Nil,Give way sign,60 km/h,Local,11,Right far,102,Adj - Right-thru from left,,Right angle,4 wheel drive / SUV,Car (sedan/hatch),2,0,0,1,0,2,February,Summer,Tuesday,12:00 - 13:59,Midday / afternoon,False,False,True,True
1349240,Injury,Serious Injury,2024,2024,April,Sunday,10:00 - 11:59,VICTORIA,RD,0,Right on the spot,BUNDIL BOULEVARD,TO,MELROSE PARK,165.0,No,Not a school zone,Divided road,-33.808687,151.066921,Parramatta,Sydney metro. area,Syd-Newc-Woll Gtr conurbation,Straight,Bus/transit lane,,,Unknown / not stated,Sealed,Dry,Fine,Daylight,Nil,Give way sign,70 km/h,State,34,Lane change right,306,Same - Lane change right,,Other angle,Car (sedan/hatch),Car (sedan/hatch),3,0,1,0,0,4,April,Autumn,Sunday,10:00 - 11:59,Midday / afternoon,False,False,True,True
1349246,Injury,Minor/Other Injury,2024,2024,April,Thursday,12:00 - 13:59,VINE,ST,0,Right on the spot,DIPROSE,ST,FAIRFIELD,7232.0,No,Not a school zone,T-junction,-33.876711,150.963169,Fairfield,Sydney metro. area,Syd-Newc-Woll Gtr conurbation,Straight,,,,Unknown / not stated,Sealed,Dry,Fine,Daylight,Nil,Stop sign,60 km/h,Regional,21,Right through,202,Opp - Right-thru,,Other angle,Station wagon,4 wheel drive / SUV,2,0,0,0,1,4,April,Autumn,Thursday,12:00 - 13:59,Midday / afternoon,False,False,True,True
1349247,Injury,Minor/Other Injury,2024,2024,April,Tuesday,12:00 - 13:59,HUME,HWY,0,Right on the spot,THE HORSLEY,DR,VILLAWOOD,2.0,No,Not a school zone,T-junction,-33.888713,150.969588,Fairfield,Sydney metro. area,Syd-Newc-Woll Gtr conurbation,Curved,,,,Unknown / not stated,Sealed,Dry,Fine,Daylight,On,No traffic controls,70 km/h,State,30,Rear end,301,Same - Rear end,,Rear end,Large rigid,Car (sedan/hatch),2,0,0,0,1,4,April,Autumn,Tuesday,12:00 - 13:59,Midday / afternoon,False,False,True,True
1349249,Injury,Moderate Injury,2024,2024,April,Sunday,14:00 - 15:59,VICTORIA,RD,0,Right on the spot,MANNING,RD,GLADESVILLE,165.0,No,Not a school zone,T-junction,-33.837066,151.130869,Hunters Hill,Sydney metro. area,Syd-Newc-Woll Gtr conurbation,Straight,Bus/transit lane,,,Off,Sealed,Dry,Fine,Daylight,Nil,Give way sign,70 km/h,State,37,Left turn sideswipe,309,Same - Left turn side swipe,,Other angle,4 wheel drive / SUV,Motorcycle,2,0,0,1,0,4,April,Autumn,Sunday,14:00 - 15:59,Midday / afternoon,False,False,True,True
1349252,Injury,Moderate Injury,2024,2024,April,Friday,12:00 - 13:59,BEECROFT,RD,0,Right on the spot,KIRKHAM,ST,BEECROFT,139.0,No,Not a school zone,X-intersection,-33.754268,151.067474,Hornsby,Sydney metro. area,Syd-Newc-Woll Gtr conurbation,Straight,,,,Unknown / not stated,Sealed,Dry,Fine,Daylight,Nil,Stop sign,60 km/h,State,14,2 right turning,105,Adj - Two right turning,,Right angle,Car (sedan/hatch),Car (sedan/hatch),2,0,0,2,0,4,April,Autumn,Friday,12:00 - 13:59,Midday / afternoon,False,False,True,True
1349253,Injury,Minor/Other Injury,2024,2024,March,Wednesday,04:00 - 05:59,POLDING,ST,0,Right on the spot,WETHERILL,ST,PRAIRIEWOOD,7222.0,No,Not a school zone,X-intersection,-33.858883,150.916357,Fairfield,Sydney metro. area,Syd-Newc-Woll Gtr conurbation,Straight,,,,Unknown / not stated,Sealed,Dry,Fine,Darkness,On,No traffic controls,60 km/h,Regional,21,Right through,202,Opp - Right-thru,,Other angle,Car (sedan/hatch),Car (sedan/hatch),2,0,0,0,1,3,March,Autumn,Wednesday,04:00 - 05:59,Late night / early morning,False,False,True,True
1349255,Injury,Minor/Other Injury,2024,2024,April,Tuesday,08:00 - 09:59,LUCAS,RD,0,Right on the spot,QUINN,AVE,SEVEN HILLS,,Yes,No,T-junction,-33.768872,150.937717,Blacktown,Sydney metro. area,Syd-Newc-Woll Gtr conurbation,Curved,Steep grade,,,Unknown / not stated,Sealed,Wet,Raining,Daylight,On,No traffic controls,50 km/h,Local,30,Rear end,301,Same - Rear end,,Rear end,Car (sedan/hatch),Car (sedan/hatch),3,0,0,0,1,4,April,Autumn,Tuesday,08:00 - 09:59,AM peak / school commute,True,False,True,True
1349256,Injury,Minor/Other Injury,2024,2024,April,Tuesday,16:00 - 17:59,GREAT WESTERN,HWY,0,Right on the spot,SLOANE,ST,SUMMER HILL,5.0,No,Not a school zone,X-intersection,-33.887577,151.141745,Inner West,Sydney metro. area,Syd-Newc-Woll Gtr conurbation,Straight,,,,Unknown / not stated,Sealed,Dry,Fine,Daylight,On,No traffic controls,60 km/h,State,30,Rear end,301,Same - Rear end,,Rear end,Car (sedan/hatch),Motorcycle,2,0,0,0,1,4,April,Autumn,Tuesday,16:00 - 17:59,PM peak / evening commute,True,False,True,True
1349258,Injury,Serious Injury,2024,2024,April,Tuesday,10:00 - 11:59,BENCOOLEN,AVE,10,East,BELLEVUE,AVE,DENISTONE,,No,Not a school zone,T-junction,-33.80416,151.083318,Ryde,Sydney metro. area,Syd-Newc-Woll Gtr conurbation,Straight,,,,Unknown / not stated,Sealed,Dry,Fine,Daylight,Nil,No traffic controls,50 km/h,Local,81,Off left/rt bnd=>obj,707,Right turn,Left,Vehicle - Object,Car (sedan/hatch),,1,0,1,0,0,4,April,Autumn,Tuesday,10:00 - 11:59,Midday / afternoon,False,False,True,True
1349259,Injury,Minor/Other Injury,2024,2024,April,Saturday,10:00 - 11:59,LANE COVE,RD,100,South,TREVITT,RD,NORTH RYDE,162.0,No,Not a school zone,2-way undivided,-33.792324,151.120609,Ryde,Sydney metro. area,Syd-Newc-Woll Gtr conurbation,Straight,,,,Unknown / not stated,Sealed,Dry,Fine,Daylight,Nil,No traffic controls,70 km/h,State,30,Rear end,301,Same - Rear end,,Rear end,Car (sedan/hatch),Car (sedan/hatch),2,0,0,0,1,4,April,Autumn,Saturday,10:00 - 11:59,Midday / afternoon,False,False,True,True
1349263,Injury,Serious Injury,2024,2024,April,Thursday,16:00 - 17:59,OLD WINDSOR,RD,100,North,OAKES,RD,OLD TOONGABBIE,635.0,No,Not a school zone,Divided road,-33.784992,150.97128,Parramatta,Sydney metro. area,Syd-Newc-Woll Gtr conurbation,Straight,,,,Unknown / not stated,Sealed,Dry,Fine,Daylight,Nil,No traffic controls,80 km/h,State,30,Rear end,301,Same - Rear end,,Rear end,4 wheel drive / SUV,4 wheel drive / SUV,2,0,1,0,0,4,April,Autumn,Thursday,16:00 - 17:59,PM peak / evening commute,True,False,True,True
1349264,Injury,Minor/Other Injury,2024,2024,March,Tuesday,16:00 - 17:59,MILPERRA,RD,250,East,RIVERSIDE,RD,CHIPPING NORTON,167.0,No,Not a school zone,Divided road,-33.928449,150.97079,Liverpool,Sydney metro. area,Syd-Newc-Woll Gtr conurbation,Curved,,,,Unknown / not stated,Sealed,Dry,Fine,Daylight,Nil,No traffic controls,70 km/h,State,30,Rear end,301,Same - Rear end,,Rear end,4 wheel drive / SUV,Light truck,2,0,0,0,1,3,March,Autumn,Tuesday,16:00 - 17:59,PM peak / evening commute,True,False,True,True
1349266,Injury,Minor/Other Injury,2024,2024,March,Thursday,08:00 - 09:59,SOUTH WESTERN,EXP,20,West,BEACONSFIELD STREET,OP,REVESBY,6005.0,No,Not a school zone,Dual freeway,-33.942661,151.000488,Canterbury-Bankstown,Sydney metro. area,Syd-Newc-Woll Gtr conurbation,Curved,,,,Nil,Sealed,Dry,Fine,Daylight,Nil,No traffic controls,100 km/h,State,30,Rear end,301,Same - Rear end,,Rear end,Light truck,Light truck utility(from 2018),2,0,0,0,1,3,March,Autumn,Thursday,08:00 - 09:59,AM peak / school commute,True,False,True,True
1349267,Injury,Minor/Other Injury,2024,2024,March,Thursday,18:00 - 19:59,VICTORIA,RD,170,East,SALTER,ST,GLADESVILLE,165.0,No,Not a school zone,Divided road,-33.83902,151.134537,Hunters Hill,Sydney metro. area,Syd-Newc-Woll Gtr conurbation,Straight,,,,Unknown / not stated,Sealed,Dry,Fine,Darkness,Nil,No traffic controls,70 km/h,State,30,Rear end,301,Same - Rear end,,Rear end,4 wheel drive / SUV,Car (sedan/hatch),3,0,0,0,1,3,March,Autumn,Thursday,18:00 - 19:59,PM peak / evening commute,True,False,True,True
1349268,Injury,Serious Injury,2024,2024,March,Friday,20:00 - 21:59,PITTWATER,RD,0,Right on the spot,NUMBER 546,HN,NORTH MANLY,159.0,No,Not a school zone,Divided road,-33.773112,151.268325,Northern Beaches,Sydney metro. area,Syd-Newc-Woll Gtr conurbation,Curved,,,,Unknown / not stated,Sealed,Dry,Fine,Darkness,Nil,No traffic controls,60 km/h,State,88,Out of cont on bend,805,Out of control on bend,,Rollover,Motorcycle,,1,0,1,0,0,3,March,Autumn,Friday,20:00 - 21:59,Evening / night,False,False,True,True
1349272,Injury,Moderate Injury,2024,2024,March,Thursday,22:00 - Midnight,THE HORSLEY,DR,0,Right on the spot,RIVER,AVE,CARRAMAR,609.0,No,Not a school zone,T-junction,-33.882477,150.967402,Fairfield,Sydney metro. area,Syd-Newc-Woll Gtr conurbation,Curved,Other bridge,,,Unknown / not stated,Sealed,Wet,Raining,Darkness,On,No traffic controls,60 km/h,State,30,Rear end,301,Same - Rear end,,Rear end,Car (sedan/hatch),Car (sedan/hatch),2,0,0,1,0,3,March,Autumn,Thursday,22:00 - Midnight,Evening / night,False,False,True,True
1349273,Injury,Moderate Injury,2024,2024,April,Friday,16:00 - 17:59,BULLS GARDEN,RD,10,South,SKYLINE,WAY,GATESHEAD,,No,Not a school zone,T-junction,-32.987771,151.69598,Lake Macquarie,Newcastle met. area,Syd-Newc-Woll Gtr conurbation,Curved,,,,Unknown / not stated,Sealed,Dry,Fine,Unknown,Nil,Give way sign,60 km/h,Local,88,Out of cont on bend,805,Out of control on bend,,Rollover,Motorcycle,,1,0,0,1,0,4,April,Autumn,Friday,16:00 - 17:59,PM peak / evening commute,True,False,True,True
1349275,Injury,Moderate Injury,2024,2024,April,Tuesday,12:00 - 13:59,VICTORIA,RD,110,North,TERRY,ST,ROZELLE,165.0,No,Not a school zone,Divided road,-33.861293,151.165138,Inner West,Sydney metro. area,Syd-Newc-Woll Gtr conurbation,Straight,,,,Unknown / not stated,Sealed,Dry,Fine,Daylight,Nil,No traffic controls,60 km/h,State,30,Rear end,301,Same - Rear end,,Rear end,Other bus,Other bus,2,0,0,1,0,4,April,Autumn,Tuesday,12:00 - 13:59,Midday / afternoon,False,False,True,True
1349276,Injury,Minor/Other Injury,2024,2024,April,Friday,18:00 - 19:59,LAHEYS CREEK,RD,2000,West,JENKINS,RD,BERYL,,No,Not a school zone,2-way undivided,-32.306098,149.438309,Mid-Western Regional,Country non-urban,Rest of NSW - Rural,Straight,,,,Unknown / not stated,Sealed,Dry,Fine,Darkness,Nil,No traffic controls,100 km/h,Local,74,On road-out of cont.,705,Out of control on cway,,Rollover,Light truck utility(from 2018),,1,0,0,0,1,4,April,Autumn,Friday,18:00 - 19:59,PM peak / evening commute,True,False,True,True
1349277,Injury,Minor/Other Injury,2024,2024,April,Wednesday,06:00 - 07:59,MULGOA,RD,0,Right on the spot,JAMISON,RD,PENRITH,155.0,No,Not a school zone,X-intersection,-33.760739,150.684208,Penrith,Sydney metro. area,Syd-Newc-Woll Gtr conurbation,Straight,,,,Unknown / not stated,Sealed,Dry,Fine,Dawn,On,No traffic controls,60 km/h,State,30,Rear end,301,Same - Rear end,,Rear end,Light truck utility(from 2018),Car (sedan/hatch),2,0,0,0,1,4,April,Autumn,Wednesday,06:00 - 07:59,AM peak / school commute,True,False,True,True
1349278,Injury,Minor/Other Injury,2024,2024,April,Thursday,18:00 - 19:59,PRINCES,HWY,200,East,NORTHCLIFFE,DR,KEMBLA GRANGE,1.0,No,Not a school zone,2-way undivided,-34.467779,150.828687,Wollongong,Wollongong met. area,Syd-Newc-Woll Gtr conurbation,Straight,,,,Unknown / not stated,Sealed,Dry,Fine,Darkness,Nil,No traffic controls,70 km/h,Regional,30,Rear end,301,Same - Rear end,,Rear end,Car (sedan/hatch),Car (sedan/hatch),2,0,0,0,1,4,April,Autumn,Thursday,18:00 - 19:59,PM peak / evening commute,True,False,True,True
1349280,Injury,Serious Injury,2024,2024,April,Friday,10:00 - 11:59,MT OUSLEY,RD,4200,South,PRINCES HIGHWAY,OP,CATARACT,513.0,No,Not a school zone,Divided road,-34.339,150.878805,Wollongong,Wollongong met. area,Syd-Newc-Woll Gtr conurbation,Straight,Embankment/cutting,,,Unknown / not stated,Sealed,Dry,Fine,Daylight,Nil,No traffic controls,100 km/h,State,71,Off rd left => obj,703,Left off cway into object,,Vehicle - Object,4 wheel drive / SUV,,1,0,1,0,0,4,April,Autumn,Friday,10:00 - 11:59,Midday / afternoon,False,False,True,True
1349282,Injury,Minor/Other Injury,2024,2024,April,Thursday,08:00 - 09:59,DARLEY,RD,0,Right on the spot,GRAND,DR,CENTENNIAL PARK,,No,Not a school zone,T-junction,-33.90463,151.232827,Randwick,Sydney metro. area,Syd-Newc-Woll Gtr conurbation,Straight,,,,Unknown / not stated,Sealed,Dry,Fine,Daylight,Nil,Stop sign,30 km/h,Local,0,Ped nearside,1,Ped - Near side,,Vehicle - Pedestrian,Car (sedan/hatch),Pedestrian,2,0,0,0,1,4,April,Autumn,Thursday,08:00 - 09:59,AM peak / school commute,True,False,True,True
1349285,Injury,Moderate Injury,2024,2024,March,Tuesday,10:00 - 11:59,ROBERTS,RD,200,South,HUME HIGHWAY,OP,STRATHFIELD SOUTH,200.0,No,Not a school zone,Divided road,-33.887476,151.067732,Canterbury-Bankstown,Sydney metro. area,Syd-Newc-Woll Gtr conurbation,Curved,,,,Unknown / not stated,Sealed,Dry,Fine,Daylight,Nil,No traffic controls,70 km/h,State,35,Lane change left,307,Same - Lane change left,,Other angle,Large rigid,Car (sedan/hatch),2,0,0,1,0,3,March,Autumn,Tuesday,10:00 - 11:59,Midday / afternoon,False,False,True,True
1349287,Injury,Minor/Other Injury,2024,2024,April,Sunday,14:00 - 15:59,LYONS,RD,0,Right on the spot,NUMBER 150,HN,DRUMMOYNE,395.0,No,Not a school zone,2-way undivided,-33.855541,151.147699,Canada Bay,Sydney metro. area,Syd-Newc-Woll Gtr conurbation,Straight,Driveway/entrance,,,Unknown / not stated,Sealed,Dry,Fine,Daylight,Nil,No traffic controls,50 km/h,State,49,Other manoeuvring,400,Manov - other,,Other angle,Car (sedan/hatch),Passenger van,2,0,0,0,1,4,April,Autumn,Sunday,14:00 - 15:59,Midday / afternoon,False,False,True,True
1349289,Injury,Minor/Other Injury,2024,2024,April,Tuesday,14:00 - 15:59,PORT STEPHENS,DR,0,Right on the spot,TAYLORS BEACH,RD,TAYLORS BEACH,,No,Not a school zone,Roundabout,-32.74937,152.068489,Port Stephens,Country urban,Rest of NSW - Urban,Curved,,,,Unknown / not stated,Sealed,Wet,Raining,Daylight,Nil,Give way sign,80 km/h,Local,30,Rear end,301,Same - Rear end,,Rear end,4 wheel drive / SUV,Car (sedan/hatch),2,0,0,0,2,4,April,Autumn,Tuesday,14:00 - 15:59,Midday / afternoon,False,False,True,True
1349292,Injury,Minor/Other Injury,2024,2024,April,Friday,16:00 - 17:59,HEWITT,ST,85,South,GREAT WESTERN,HWY,COLYTON,7293.0,No,Not a school zone,2-way undivided,-33.777476,150.802414,Penrith,Sydney metro. area,Syd-Newc-Woll Gtr conurbation,Straight,Driveway/entrance,,,Unknown / not stated,Sealed,Dry,Fine,Daylight,Nil,No traffic controls,60 km/h,Regional,21,Right through,202,Opp - Right-thru,,Other angle,Passenger van,Car (sedan/hatch),3,0,0,0,1,4,April,Autumn,Friday,16:00 - 17:59,PM peak / evening commute,True,False,True,True
1349293,Injury,Minor/Other Injury,2024,2024,April,Wednesday,16:00 - 17:59,BOURKE,ST,0,Right on the spot,WHITTELL,ST,SURRY HILLS,,No,Not a school zone,T-junction,-33.889256,151.215143,Sydney,Sydney metro. area,Syd-Newc-Woll Gtr conurbation,Straight,,,,Unknown / not stated,Sealed,Dry,Fine,Dusk,Nil,No traffic controls,40 km/h,Local,36,Right turn sideswipe,308,Same - Rgt turn side swipe,,Other angle,Car (sedan/hatch),Pedal cycle,2,0,0,0,1,4,April,Autumn,Wednesday,16:00 - 17:59,PM peak / evening commute,True,False,True,True
1349295,Injury,Minor/Other Injury,2024,2024,April,Thursday,16:00 - 17:59,DENISON,ST,0,Right on the spot,NUMBER 98,HN,HILLSDALE,616.0,No,Not a school zone,2-way undivided,-33.951894,151.223499,Bayside,Sydney metro. area,Syd-Newc-Woll Gtr conurbation,Straight,Driveway/entrance,,,Unknown / not stated,Sealed,Dry,Fine,Dusk,Nil,No traffic controls,60 km/h,State,47,Emerging from drive,406,Manov - Emerging from driveway,,Right angle,4 wheel drive / SUV,4 wheel drive / SUV,2,0,0,0,1,4,April,Autumn,Thursday,16:00 - 17:59,PM peak / evening commute,True,False,True,True
1349298,Injury,Minor/Other Injury,2024,2024,April,Wednesday,20:00 - 21:59,DOONSIDE,RD,0,Right on the spot,BUNGARRIBEE,RD,BUNGARRIBEE,7153.0,No,Not a school zone,X-intersection,-33.772864,150.873945,Blacktown,Sydney metro. area,Syd-Newc-Woll Gtr conurbation,Curved,,,,Unknown / not stated,Sealed,Wet,Raining,Darkness,On,No traffic controls,60 km/h,Regional,10,Cross traffic,101,Adj - Cross traffic,,Right angle,4 wheel drive / SUV,4 wheel drive / SUV,2,0,0,0,1,4,April,Autumn,Wednesday,20:00 - 21:59,Evening / night,False,False,True,True
1349299,Injury,Moderate Injury,2024,2024,March,Thursday,08:00 - 09:59,HEATHCOTE,RD,300,North,ST GEORGES,CRES,HOLSWORTHY,512.0,No,Not a school zone,2-way undivided,-33.98171,150.991993,Sutherland,Sydney metro. area,Syd-Newc-Woll Gtr conurbation,Curved,Painted double centre lines,,,Unknown / not stated,Sealed,Dry,Fine,Daylight,Nil,No traffic controls,80 km/h,State,20,Head on,201,Opp - Head on,,Head-on,Large rigid,Large rigid,2,0,0,1,0,3,March,Autumn,Thursday,08:00 - 09:59,AM peak / school commute,True,False,True,True
1349300,Injury,Moderate Injury,2024,2024,March,Thursday,12:00 - 13:59,EVALINE,ST,10,West,BEAMISH,ST,CAMPSIE,2014.0,No,Not a school zone,X-intersection,-33.9131,151.103967,Canterbury-Bankstown,Sydney metro. area,Syd-Newc-Woll Gtr conurbation,Straight,,,,Unknown / not stated,Sealed,Dry,Fine,Daylight,Unknown / not stated,No traffic controls,40 km/h,Regional,42,Leaving parking,401,Manov - Leaving parking,,Other angle,Car (sedan/hatch),Car (sedan/hatch),2,0,0,1,0,3,March,Autumn,Thursday,12:00 - 13:59,Midday / afternoon,False,False,True,True
1349303,Injury,Moderate Injury,2024,2024,April,Monday,08:00 - 09:59,SOUTH WESTERN,EXP,40,West,KING GEORGES,RD,BEVERLY HILLS,6005.0,No,Not a school zone,Dual freeway,-33.943343,151.076526,Canterbury-Bankstown,Sydney metro. area,Syd-Newc-Woll Gtr conurbation,Straight,,,,Unknown / not stated,Sealed,Dry,Fine,Daylight,Nil,No traffic controls,100 km/h,State,39,Other same direction,300,Same - other,,Other angle,Car (sedan/hatch),Large rigid,2,0,0,1,0,4,April,Autumn,Monday,08:00 - 09:59,AM peak / school commute,True,False,True,True
1349304,Injury,Minor/Other Injury,2024,2024,March,Saturday,12:00 - 13:59,CENTENARY,DR,0,Right on the spot,WEEROONA,RD,STRATHFIELD,200.0,No,Not a school zone,T-junction,-33.875336,151.067266,Strathfield,Sydney metro. area,Syd-Newc-Woll Gtr conurbation,Straight,,,,Unknown / not stated,Sealed,Dry,Fine,Daylight,On,No traffic controls,80 km/h,State,30,Rear end,301,Same - Rear end,,Rear end,Large rigid,Car (sedan/hatch),2,0,0,0,2,3,March,Autumn,Saturday,12:00 - 13:59,Midday / afternoon,False,False,True,True
1349305,Injury,Minor/Other Injury,2024,2024,April,Saturday,14:00 - 15:59,PRINCES,HWY,0,Right on the spot,LORD,ST,NEWTOWN,1.0,No,Not a school zone,X-intersection,-33.906654,151.181392,Inner West,Sydney metro. area,Syd-Newc-Woll Gtr conurbation,Straight,,,,Unknown / not stated,Sealed,Dry,Fine,Daylight,On,No traffic controls,40 km/h,State,10,Cross traffic,101,Adj - Cross traffic,,Right angle,Car (sedan/hatch),4 wheel drive / SUV,2,0,0,0,2,4,April,Autumn,Saturday,14:00 - 15:59,Midday / afternoon,False,False,True,True
1349309,Injury,Minor/Other Injury,2024,2024,April,Sunday,10:00 - 11:59,BALGOWLAH,RD,30,West,CONDAMINE,ST,BALGOWLAH,,No,Not a school zone,2-way undivided,-33.790165,151.265379,Northern Beaches,Sydney metro. area,Syd-Newc-Woll Gtr conurbation,Straight,,,,Unknown / not stated,Sealed,Dry,Fine,Daylight,Nil,No traffic controls,50 km/h,Local,42,Leaving parking,401,Manov - Leaving parking,,Other angle,Car (sedan/hatch),Car (sedan/hatch),2,0,0,0,1,4,April,Autumn,Sunday,10:00 - 11:59,Midday / afternoon,False,False,True,True
1349311,Injury,Minor/Other Injury,2024,2024,April,Thursday,16:00 - 17:59,HADLOW,DR,0,Right on the spot,SHINGLE HILL,WAY,BYWONG,,No,Not a school zone,X-intersection,-35.139884,149.334602,Yass Valley,Country non-urban,Rest of NSW - Rural,Curved,,,,Unknown / not stated,Sealed,Dry,Fine,Daylight,Nil,Stop sign,100 km/h,Local,10,Cross traffic,101,Adj - Cross traffic,,Right angle,Car (sedan/hatch),Light truck utility(from 2018),2,0,0,0,1,4,April,Autumn,Thursday,16:00 - 17:59,PM peak / evening commute,True,False,True,True
1349312,Injury,Moderate Injury,2024,2024,April,Sunday,10:00 - 11:59,BYLONG VALLEY,WAY,5000,North,COOPER,DR,KANDOS,215.0,No,Not a school zone,2-way undivided,-32.876219,149.945944,Mid-Western Regional,Country non-urban,Rest of NSW - Rural,Curved,Embankment/cutting,,,Unknown / not stated,Unsealed,Dry,Fine,Daylight,Nil,No traffic controls,90 km/h,Regional,86,Off left/left bend,802,Off cway left bend,Left,Rollover,Car (sedan/hatch),,1,0,0,1,0,4,April,Autumn,Sunday,10:00 - 11:59,Midday / afternoon,False,False,True,True
1349315,Injury,Minor/Other Injury,2024,2024,March,Wednesday,12:00 - 13:59,SUNBEAM,ST,30,West,VICTA,ST,CAMPSIE,,No,Not a school zone,2-way undivided,-33.921866,151.102764,Canterbury-Bankstown,Sydney metro. area,Syd-Newc-Woll Gtr conurbation,Straight,,,,Unknown / not stated,Sealed,Dry,Fine,Daylight,Nil,No traffic controls,50 km/h,Local,42,Leaving parking,401,Manov - Leaving parking,,Other angle,Light truck,Motor scooter,2,0,0,0,1,3,March,Autumn,Wednesday,12:00 - 13:59,Midday / afternoon,False,False,True,True
1349317,Injury,Minor/Other Injury,2024,2024,April,Saturday,10:00 - 11:59,OLYMPIC,DR,0,Right on the spot,CHURCH,ST,LIDCOMBE,190.0,No,Not a school zone,X-intersection,-33.861557,151.042165,Cumberland,Sydney metro. area,Syd-Newc-Woll Gtr conurbation,Curved,,,,Unknown / not stated,Sealed,Dry,Fine,Daylight,On,No traffic controls,70 km/h,State,30,Rear end,301,Same - Rear end,,Rear end,Large rigid,Light truck,3,0,0,0,1,4,April,Autumn,Saturday,10:00 - 11:59,Midday / afternoon,False,False,True,True
1349318,Injury,Minor/Other Injury,2024,2024,February,Thursday,20:00 - 21:59,MCILWRAITH,ST,35,North,THE HORSLEY,DR,WETHERILL PARK,,No,Not a school zone,2-way undivided,-33.852136,150.891099,Fairfield,Sydney metro. area,Syd-Newc-Woll Gtr conurbation,Straight,Driveway/entrance,,,Unknown / not stated,Sealed,Dry,Fine,Darkness,Nil,No traffic controls,50 km/h,Local,47,Emerging from drive,406,Manov - Emerging from driveway,,Right angle,Car (sedan/hatch),Car (sedan/hatch),3,0,0,0,1,2,February,Summer,Thursday,20:00 - 21:59,Evening / night,False,False,True,True
1349319,Injury,Minor/Other Injury,2024,2024,April,Saturday,18:00 - 19:59,MANDALONG,RD,0,Right on the spot,NEWCASTLE,EXP,MORISSET,217.0,No,Not a school zone,T-junction,-33.11828,151.466011,Lake Macquarie,Newcastle met. area,Syd-Newc-Woll Gtr conurbation,Straight,Other bridge,,,Unknown / not stated,Sealed,Dry,Fine,Darkness,Nil,No traffic controls,60 km/h,State,21,Right through,202,Opp - Right-thru,,Other angle,Car (sedan/hatch),Car (sedan/hatch),2,0,0,0,1,4,April,Autumn,Saturday,18:00 - 19:59,PM peak / evening commute,True,False,True,True
1349323,Injury,Moderate Injury,2024,2024,March,Tuesday,10:00 - 11:59,MORNA,ST,0,Right on the spot,NUMBER 29,HN,GREENFIELD PARK,,No,Not a school zone,2-way undivided,-33.8721,150.899397,Fairfield,Sydney metro. area,Syd-Newc-Woll Gtr conurbation,Curved,,,,Unknown / not stated,Sealed,Dry,Fine,Daylight,Nil,No traffic controls,50 km/h,Local,87,Off lft/lft bnd=>obj,804,Off left bend into obj,Left,Vehicle - Object,Car (sedan/hatch),,1,0,0,1,0,3,March,Autumn,Tuesday,10:00 - 11:59,Midday / afternoon,False,False,True,True
1349337,Injury,Minor/Other Injury,2024,2024,April,Sunday,20:00 - 21:59,BELMORE,ST,0,Right on the spot,BURWOOD,RD,BURWOOD,,No,Not a school zone,X-intersection,-33.878912,151.103385,Burwood,Sydney metro. area,Syd-Newc-Woll Gtr conurbation,Straight,Driveway/entrance,,,Unknown / not stated,Sealed,Dry,Fine,Darkness,Unknown / not stated,Unknown,40 km/h,Local,63,Vehicle door,604,On path - Vehicle door,,Other angle,Car (sedan/hatch),Car (sedan/hatch),2,0,0,0,1,4,April,Autumn,Sunday,20:00 - 21:59,Evening / night,False,False,True,True
1349340,Injury,Moderate Injury,2024,2024,April,Friday,12:00 - 13:59,PACIFIC,HWY,100,South,OSBORNE,RD,GREENWICH,10.0,No,Not a school zone,Divided road,-33.817234,151.17973,Lane Cove,Sydney metro. area,Syd-Newc-Woll Gtr conurbation,Curved,,,,Off,Sealed,Dry,Fine,Daylight,Nil,No traffic controls,60 km/h,State,81,Off left/rt bnd=>obj,803,Off right bend into obj,Left,Other angle,Light truck utility(from 2018),Light truck,4,0,0,1,0,4,April,Autumn,Friday,12:00 - 13:59,Midday / afternoon,False,False,True,True