crash_id,degree_of_crash,degree_of_crash_-_detailed,reporting_year,year_of_crash,month_of_crash,day_of_week_of_crash,two-hour_intervals,street_of_crash,street_type,distance,direction,identifying_feature,identifying_feature_type,town,route_no.,school_zone_location,school_zone_active,type_of_location,latitude,longitude,lga,urbanisation,conurbation_1,alignment,primary_permanent_feature,primary_temporary_feature,primary_hazardous_feature,street_lighting,road_surface,surface_condition,weather,natural_lighting,signals_operation,other_traffic_control,speed_limit,road_classification_(admin),rum_-_code,rum_-_description,dca_-_code,dca_-_description,dca_supplement,first_impact_type,key_tu_type,other_tu_type,no._of_traffic_units_involved,no._killed,no._seriously_injured,no._moderately_injured,no._minor-other_injured,month_num,month_label,season,day_label,time_label,time_band,is_peak_commute,is_fatal,is_injury,is_casualty
1349341,Injury,Minor/Other Injury,2024,2024,February,Tuesday,10:00 - 11:59,BAYSHORE,DR,0,Right on the spot,BUNNINGS CAR PARK,ENT,BYRON BAY,,No,Not a school zone,2-way undivided,-28.637211,153.581802,Byron,Country urban,Rest of NSW - Urban,Straight,Foot/cycle path/nature strip,,,Unknown / not stated,Sealed,Dry,Fine,Daylight,Nil,No traffic controls,50 km/h,Local,47,Emerging from drive,406,Manov - Emerging from driveway,,Right angle,Light truck utility(from 2018),Pedal cycle,2,0,0,0,1,2,February,Summer,Tuesday,10:00 - 11:59,Midday / afternoon,False,False,True,True
1349350,Injury,Moderate Injury,2024,2024,March,Monday,18:00 - 19:59,KINGSWAY,MS,10,East,MANCHESTER,RD,GYMEA,227.0,No,Not a school zone,X-intersection,-34.033,151.089167,Sutherland,Sydney metro. area,Syd-Newc-Woll Gtr conurbation,Straight,,,,Off,Sealed,Dry,Fine,Dusk,On,No traffic controls,60 km/h,State,30,Rear end,301,Same - Rear end,,Rear end,Light truck utility(from 2018),4 wheel drive / SUV,3,0,0,1,0,3,March,Autumn,Monday,18:00 - 19:59,PM peak / evening commute,True,False,True,True
1349358,Injury,Moderate Injury,2024,2024,March,Wednesday,10:00 - 11:59,COBB,HWY,13000,South,WARGAM,RD,WANGANELLA,21.0,No,Not a school zone,2-way undivided,-35.048263,144.777219,Edward River,Country non-urban,Rest of NSW - Rural,Straight,,,,Unknown / not stated,Sealed,Dry,Fine,Daylight,Nil,No traffic controls,110 km/h,State,70,Off road to left,701,Off carriageway to left,,Rollover,4 wheel drive / SUV,,1,0,0,1,0,3,March,Autumn,Wednesday,10:00 - 11:59,Midday / afternoon,False,False,True,True
1349361,Injury,Moderate Injury,2024,2024,March,Sunday,18:00 - 19:59,PACIFIC,HWY,5000,North,PIMLICO,RD,WEST BALLINA,10.0,No,Not a school zone,Divided road,-28.839874,153.525954,Ballina,Country non-urban,Rest of NSW - Rural,Straight,Embankment/cutting,,,Nil,Sealed,Wet,Raining,Daylight,Nil,No traffic controls,110 km/h,State,71,Off rd left => obj,703,Left off cway into object,,Vehicle - Object,Car (sedan/hatch),,1,0,0,1,0,3,March,Autumn,Sunday,18:00 - 19:59,PM peak / evening commute,True,False,True,True
1349363,Injury,Minor/Other Injury,2024,2024,March,Wednesday,10:00 - 11:59,RODGERS,ST,0,Right on the spot,SOMERSET,ST,KINGSWOOD,,No,Not a school zone,T-junction,-33.758936,150.716119,Penrith,Sydney metro. area,Syd-Newc-Woll Gtr conurbation,Straight,,,,Nil,Sealed,Dry,Fine,Daylight,Nil,No traffic controls,50 km/h,Local,13,Right near,104,Adj - Right-thru from right,,Right angle,Car (sedan/hatch),4 wheel drive / SUV,2,0,0,0,1,3,March,Autumn,Wednesday,10:00 - 11:59,Midday / afternoon,False,False,True,True
1349364,Injury,Serious Injury,2024,2024,March,Wednesday,10:00 - 11:59,EXCELSIOR,ST,50,South,ASHBY,ST,GUILDFORD,,Yes,No,2-way undivided,-33.860032,150.999539,Cumberland,Sydney metro. area,Syd-Newc-Woll Gtr conurbation,Straight,,,,Off,Sealed,Dry,Fine,Daylight,Nil,No traffic controls,50 km/h,Local,74,On road-out of cont.,705,Out of control on cway,,Rollover,Motor scooter,,1,0,1,0,0,3,March,Autumn,Wednesday,10:00 - 11:59,Midday / afternoon,False,False,True,True
1349369,Injury,Minor/Other Injury,2024,2024,March,Monday,14:00 - 15:59,CANTERBURY,RD,0,Right on the spot,BURWOOD,RD,BELMORE,167.0,Yes,Yes,T-junction,-33.924148,151.091089,Canterbury-Bankstown,Sydney metro. area,Syd-Newc-Woll Gtr conurbation,Straight,,,,Off,Sealed,Dry,Fine,Daylight,On,No traffic controls,40 km/h,State,21,Right through,202,Opp - Right-thru,,Other angle,Car (sedan/hatch),Motorcycle,2,0,0,0,1,3,March,Autumn,Monday,14:00 - 15:59,Midday / afternoon,False,False,True,True
1349371,Injury,Serious Injury,2024,2024,April,Monday,08:00 - 09:59,HARTLEY,RD,0,Right on the spot,SAMANTHA,PL,SMEATON GRANGE,,No,Not a school zone,Roundabout,-34.040847,150.760094,Camden,Sydney metro. area,Syd-Newc-Woll Gtr conurbation,Straight,,,Slippery surface,Nil,Sealed,Dry,Fine,Daylight,Nil,Give way sign,50 km/h,Local,74,On road-out of cont.,705,Out of control on cway,,Rollover,Motorcycle,,1,0,1,0,0,4,April,Autumn,Monday,08:00 - 09:59,AM peak / school commute,True,False,True,True
1349374,Injury,Minor/Other Injury,2024,2024,March,Friday,18:00 - 19:59,ENMORE,RD,0,Right on the spot,STATION,ST,NEWTOWN,167.0,No,Not a school zone,X-intersection,-33.898552,151.176419,Inner West,Sydney metro. area,Syd-Newc-Woll Gtr conurbation,Straight,,,,On,Sealed,Dry,Fine,Darkness,On,No traffic controls,40 km/h,State,21,Right through,202,Opp - Right-thru,,Other angle,Car (sedan/hatch),Motor scooter,2,0,0,0,1,3,March,Autumn,Friday,18:00 - 19:59,PM peak / evening commute,True,False,True,True
1349378,Injury,Moderate Injury,2024,2024,April,Monday,12:00 - 13:59,NEWELL,HWY,0,Right on the spot,MURRUMBILLA,LANE,NARRABRI,17.0,No,Not a school zone,T-junction,-30.22402,149.810259,Narrabri,Country non-urban,Rest of NSW - Rural,Straight,,,,Off,Sealed,Dry,Fine,Daylight,Nil,Give way sign,110 km/h,State,20,Head on,201,Opp - Head on,,Head-on,Station wagon,B-double (road train prior 98),2,0,0,1,0,4,April,Autumn,Monday,12:00 - 13:59,Midday / afternoon,False,False,True,True
1349380,Injury,Minor/Other Injury,2024,2024,April,Monday,22:00 - Midnight,HOPE,ST,0,Right on the spot,OLD PRINCES,HWY,TOWRADGI,,No,Not a school zone,T-junction,-34.384518,150.894755,Wollongong,Wollongong met. area,Syd-Newc-Woll Gtr conurbation,Straight,,,,On,Sealed,Dry,Fine,Darkness,Nil,Stop sign,60 km/h,Local,71,Off rd left => obj,703,Left off cway into object,,Vehicle - Object,Car (sedan/hatch),,1,0,0,0,1,4,April,Autumn,Monday,22:00 - Midnight,Evening / night,False,False,True,True
1349382,Injury,Moderate Injury,2024,2024,April,Sunday,18:00 - 19:59,GROSE VALE,RD,0,Right on the spot,NUMBER 72,HN,NORTH RICHMOND,7212.0,No,Not a school zone,2-way undivided,-33.584969,150.712349,Hawkesbury,Country urban,Syd-Newc-Woll Gtr conurbation,Straight,,,,On,Sealed,Dry,Fine,Darkness,Nil,No traffic controls,60 km/h,Regional,71,Off rd left => obj,703,Left off cway into object,,Other angle,Car (sedan/hatch),Light truck utility(from 2018),2,0,0,1,0,4,April,Autumn,Sunday,18:00 - 19:59,PM peak / evening commute,True,False,True,True
1349383,Injury,Moderate Injury,2024,2024,February,Tuesday,06:00 - 07:59,PACIFIC,HWY,50,South,GLOVER,ST,BELMONT,10.0,No,Not a school zone,Divided road,-33.035249,151.660885,Lake Macquarie,Newcastle met. area,Syd-Newc-Woll Gtr conurbation,Straight,,,,Nil,Sealed,Dry,Fine,Daylight,Nil,No traffic controls,50 km/h,State,20,Head on,201,Opp - Head on,,Head-on,Light truck utility(from 2018),4 wheel drive / SUV,2,0,0,1,0,2,February,Summer,Tuesday,06:00 - 07:59,AM peak / school commute,True,False,True,True
1349384,Injury,Serious Injury,2024,2024,March,Thursday,20:00 - 21:59,APSLEY,PL,0,Right on the spot,HOLT,RD,TAREN POINT,,No,Not a school zone,T-junction,-34.019646,151.118651,Sutherland,Sydney metro. area,Syd-Newc-Woll Gtr conurbation,Straight,,,,Nil,Sealed,Dry,Fine,Darkness,Nil,No traffic controls,50 km/h,Local,1,Ped emerging,2,Ped - emerging,,Vehicle - Pedestrian,Car (sedan/hatch),Pedestrian,2,0,1,0,0,3,March,Autumn,Thursday,20:00 - 21:59,Evening / night,False,False,True,True
1349387,Injury,Moderate Injury,2024,2024,April,Saturday,20:00 - 21:59,KIRBY,ST,0,Right on the spot,NUMBER 172,HN,DUNDAS,,Yes,No,2-way undivided,-33.80047,151.045807,Parramatta,Sydney metro. area,Syd-Newc-Woll Gtr conurbation,Straight,,,,On,Sealed,Dry,Fine,Darkness,Nil,No traffic controls,50 km/h,Local,71,Off rd left => obj,703,Left off cway into object,,Other angle,Car (sedan/hatch),4 wheel drive / SUV,2,0,0,1,0,4,April,Autumn,Saturday,20:00 - 21:59,Evening / night,False,False,True,True
1349394,Injury,Moderate Injury,2024,2024,April,Tuesday,12:00 - 13:59,DURHAM,RD,0,Right on the spot,MEADOW,RD,SCHOFIELDS,,No,Not a school zone,T-junction,-33.711061,150.859034,Blacktown,Sydney metro. area,Syd-Newc-Woll Gtr conurbation,Straight,Steep grade,,,Nil,Sealed,Dry,Fine,Daylight,Nil,No traffic controls,60 km/h,Local,31,Left rear,302,Same - Rear left,,Rear end,Car (sedan/hatch),Unknown motor vehicle,2,0,0,1,1,4,April,Autumn,Tuesday,12:00 - 13:59,Midday / afternoon,False,False,True,True
1349395,Injury,Serious Injury,2024,2024,April,Wednesday,16:00 - 17:59,SALISBURY,RD,0,Right on the spot,KINGSTON,ST,CAMPERDOWN,7085.0,No,Not a school zone,T-junction,-33.891538,151.172562,Inner West,Sydney metro. area,Syd-Newc-Woll Gtr conurbation,Straight,,,,Off,Sealed,Dry,Fine,Daylight,On,No traffic controls,50 km/h,Regional,21,Right through,202,Opp - Right-thru,,Other angle,4 wheel drive / SUV,4 wheel drive / SUV,2,0,1,0,0,4,April,Autumn,Wednesday,16:00 - 17:59,PM peak / evening commute,True,False,True,True
1349401,Injury,Serious Injury,2024,2024,February,Wednesday,14:00 - 15:59,ARMIDALE,RD,150,North,CLEARVIEW,RD,COUTTS CROSSING,74.0,No,Not a school zone,2-way undivided,-29.85093,152.864422,Clarence Valley,Country non-urban,Rest of NSW - Rural,Straight,,,Potholes/corrugations/rough,Nil,Sealed,Dry,Fine,Daylight,Nil,No traffic controls,100 km/h,Regional,74,On road-out of cont.,705,Out of control on cway,,Rollover,Motorcycle,,1,0,1,0,0,2,February,Summer,Wednesday,14:00 - 15:59,Midday / afternoon,False,False,True,True
1349402,Injury,Serious Injury,2024,2024,February,Monday,20:00 - 21:59,TURNER,ST,0,Right on the spot,NUMBER 1,HN,PUNCHBOWL,,Yes,No,2-way undivided,-33.927153,151.054324,Canterbury-Bankstown,Sydney metro. area,Syd-Newc-Woll Gtr conurbation,Straight,,,,On,Sealed,Dry,Fine,Darkness,Nil,No traffic controls,50 km/h,Local,71,Off rd left => obj,703,Left off cway into object,,Other angle,Motor scooter,Car (sedan/hatch),2,0,1,0,0,2,February,Summer,Monday,20:00 - 21:59,Evening / night,False,False,True,True
1349412,Injury,Minor/Other Injury,2024,2024,April,Tuesday,08:00 - 09:59,ROCKY POINT,RD,0,Right on the spot,BARTON,ST,KOGARAH,199.0,No,Not a school zone,T-junction,-33.971651,151.136341,Bayside,Sydney metro. area,Syd-Newc-Woll Gtr conurbation,Straight,,,,Off,Sealed,Dry,Fine,Daylight,On,Ped crossing,60 km/h,State,0,Ped nearside,1,Ped - Near side,,Vehicle - Pedestrian,4 wheel drive / SUV,Pedestrian,2,0,0,0,1,4,April,Autumn,Tuesday,08:00 - 09:59,AM peak / school commute,True,False,True,True
1349416,Injury,Moderate Injury,2024,2024,March,Saturday,12:00 - 13:59,CENTENARY,DR,200,North,HUME HIGHWAY,TO,STRATHFIELD,200.0,No,Not a school zone,Divided road,-33.879786,151.068626,Strathfield,Sydney metro. area,Syd-Newc-Woll Gtr conurbation,Straight,,,,Nil,Sealed,Dry,Fine,Daylight,Nil,No traffic controls,80 km/h,State,30,Rear end,301,Same - Rear end,,Rear end,Large rigid,Car (sedan/hatch),5,0,0,1,0,3,March,Autumn,Saturday,12:00 - 13:59,Midday / afternoon,False,False,True,True
1349418,Injury,Minor/Other Injury,2024,2024,March,Tuesday,16:00 - 17:59,RAMSGATE,AVE,0,Right on the spot,NUMBER 99,HN,NORTH BONDI,,No,Not a school zone,2-way undivided,-33.892098,151.283362,Waverley,Sydney metro. area,Syd-Newc-Woll Gtr conurbation,Straight,Driveway/entrance,,,Nil,Sealed,Dry,Fine,Daylight,Nil,No traffic controls,50 km/h,Local,47,Emerging from drive,406,Manov - Emerging from driveway,,Right angle,Light truck,Motor scooter,2,0,0,0,1,3,March,Autumn,Tuesday,16:00 - 17:59,PM peak / evening commute,True,False,True,True
1349419,Injury,Moderate Injury,2024,2024,March,Tuesday,16:00 - 17:59,PACIFIC,HWY,0,Right on the spot,BP SERVICE STATION,ENT,BOAMBEE,10.0,No,Not a school zone,Divided road,-30.335364,153.080136,Coffs Harbour,Country non-urban,Rest of NSW - Rural,Straight,Driveway/entrance,,,Off,Sealed,Dry,Fine,Daylight,Nil,Give way sign,100 km/h,State,47,Emerging from drive,406,Manov - Emerging from driveway,,Right angle,Large rigid,Car (sedan/hatch),2,0,0,1,0,3,March,Autumn,Tuesday,16:00 - 17:59,PM peak / evening commute,True,False,True,True
1349423,Injury,Moderate Injury,2024,2024,April,Tuesday,16:00 - 17:59,BOONAL,ST,0,Right on the spot,DANGAR,RD,SINGLETON,,No,Not a school zone,X-intersection,-32.566084,151.184681,Singleton,Country urban,Rest of NSW - Urban,Straight,,,,Nil,Sealed,Dry,Fine,Daylight,Nil,Give way sign,50 km/h,Local,10,Cross traffic,101,Adj - Cross traffic,,Right angle,Car (sedan/hatch),4 wheel drive / SUV,3,0,0,1,0,4,April,Autumn,Tuesday,16:00 - 17:59,PM peak / evening commute,True,False,True,True
1349427,Injury,Serious Injury,2024,2024,April,Tuesday,12:00 - 13:59,BATHURST,ST,0,Right on the spot,NUMBER 57-61,HN,LIVERPOOL,,No,Not a school zone,2-way undivided,-33.923192,150.921132,Liverpool,Sydney metro. area,Syd-Newc-Woll Gtr conurbation,Straight,Driveway/entrance,,,Nil,Sealed,Dry,Fine,Daylight,Nil,No traffic controls,50 km/h,Local,7,Driveway,7,Ped - driveway,,Vehicle - Pedestrian,Car (sedan/hatch),Ped in toy vehicle,2,0,1,0,0,4,April,Autumn,Tuesday,12:00 - 13:59,Midday / afternoon,False,False,True,True
1349430,Injury,Moderate Injury,2024,2024,March,Saturday,20:00 - 21:59,SHEPPARD,ST,300,West,OAK,AVE,CASINO,,No,Not a school zone,2-way undivided,-28.840875,153.040582,Richmond Valley,Country urban,Rest of NSW - Urban,Straight,,,,On,Sealed,Dry,Fine,Darkness,Nil,No traffic controls,50 km/h,Local,30,Rear end,301,Same - Rear end,,Rear end,4 wheel drive / SUV,Car (sedan/hatch),2,0,0,1,0,3,March,Autumn,Saturday,20:00 - 21:59,Evening / night,False,False,True,True
1349438,Injury,Moderate Injury,2024,2024,March,Tuesday,12:00 - 13:59,SPRINGHILL,RD,100,North,MASTER,RD,SPRING HILL,581.0,No,Not a school zone,Divided road,-34.445266,150.876514,Wollongong,Wollongong met. area,Syd-Newc-Woll Gtr conurbation,Straight,Steep grade,,,Off,Sealed,Dry,Fine,Daylight,Nil,No traffic controls,80 km/h,State,30,Rear end,301,Same - Rear end,,Rear end,Light truck utility(from 2018),Light truck utility(from 2018),3,0,0,1,0,3,March,Autumn,Tuesday,12:00 - 13:59,Midday / afternoon,False,False,True,True
1349439,Injury,Moderate Injury,2024,2024,April,Thursday,10:00 - 11:59,LUXFORD,RD,0,Right on the spot,POPONDETTA,RD,WHALAN,7161.0,No,Not a school zone,T-junction,-33.750724,150.802024,Blacktown,Sydney metro. area,Syd-Newc-Woll Gtr conurbation,Straight,,,,Off,Sealed,Dry,Fine,Daylight,On,No traffic controls,60 km/h,Regional,13,Right near,104,Adj - Right-thru from right,,Right angle,Car (sedan/hatch),Light truck utility(from 2018),2,0,0,2,0,4,April,Autumn,Thursday,10:00 - 11:59,Midday / afternoon,False,False,True,True
1349442,Injury,Minor/Other Injury,2024,2024,April,Sunday,08:00 - 09:59,CAMERON PARK,DR,10,North,STENHOUSE,DR,CAMERON PARK,7768.0,No,Not a school zone,T-junction,-32.897006,151.597216,Lake Macquarie,Newcastle met. area,Syd-Newc-Woll Gtr conurbation,Curved,,,,Nil,Sealed,Dry,Fine,Daylight,Nil,No traffic controls,80 km/h,Regional,20,Head on,201,Opp - Head on,,Head-on,Unknown motor vehicle,Light truck utility(from 2018),2,0,0,0,1,4,April,Autumn,Sunday,08:00 - 09:59,AM peak / school commute,True,False,True,True
1349443,Injury,Moderate Injury,2024,2024,April,Friday,16:00 - 17:59,FIFTEENTH,AVE,360,West,COWPASTURE,RD,WEST HOXTON,,No,Not a school zone,2-way undivided,-33.92297,150.84501,Liverpool,Sydney metro. area,Syd-Newc-Woll Gtr conurbation,Straight,Steep grade,,,Nil,Sealed,Dry,Fine,Daylight,Nil,No traffic controls,60 km/h,Local,71,Off rd left => obj,703,Left off cway into object,,Vehicle - Object,4 wheel drive / SUV,,1,0,0,1,0,4,April,Autumn,Friday,16:00 - 17:59,PM peak / evening commute,True,False,True,True
1349446,Injury,Minor/Other Injury,2024,2024,March,Monday,06:00 - 07:59,PACIFIC,HWY,15,North,COMBINE,ST,COFFS HARBOUR,10.0,No,Not a school zone,2-way undivided,-30.300662,153.110723,Coffs Harbour,Country urban,Rest of NSW - Urban,Curved,,,,On,Sealed,Dry,Fine,Daylight,Nil,No traffic controls,60 km/h,State,30,Rear end,301,Same - Rear end,,Rear end,Large rigid,Light truck,2,0,0,0,1,3,March,Autumn,Monday,06:00 - 07:59,AM peak / school commute,True,False,True,True
1349447,Injury,Moderate Injury,2024,2024,March,Saturday,12:00 - 13:59,BOURKE,ST,0,Right on the spot,POTTER,ST,WATERLOO,7008.0,No,Not a school zone,T-junction,-33.899012,151.211387,Sydney,Sydney metro. area,Syd-Newc-Woll Gtr conurbation,Straight,,,,Nil,Sealed,Dry,Fine,Daylight,Unknown / not stated,No traffic controls,50 km/h,Regional,35,Lane change left,307,Same - Lane change left,,Other angle,Car (sedan/hatch),Pedal cycle,2,0,0,1,0,3,March,Autumn,Saturday,12:00 - 13:59,Midday / afternoon,False,False,True,True
1349449,Injury,Serious Injury,2024,2024,April,Friday,16:00 - 17:59,HOLBROOK,RD,0,Right on the spot,PAPER FOREST,RD,MANGOPLAH,211.0,No,Not a school zone,X-intersection,-35.420801,147.273157,Wagga Wagga,Country non-urban,Rest of NSW - Rural,Straight,,,,Nil,Sealed,Dry,Fine,Daylight,Nil,Give way sign,100 km/h,Regional,10,Cross traffic,101,Adj - Cross traffic,,Right angle,Car (sedan/hatch),Car (sedan/hatch),2,0,1,0,0,4,April,Autumn,Friday,16:00 - 17:59,PM peak / evening commute,True,False,True,True
1349451,Injury,Moderate Injury,2024,2024,April,Wednesday,06:00 - 07:59,WANGI,RD,0,Right on the spot,DONNELLY,RD,ARCADIA VALE,217.0,No,Not a school zone,T-junction,-33.051968,151.568457,Lake Macquarie,Newcastle met. area,Syd-Newc-Woll Gtr conurbation,Straight,,,,Off,Sealed,Dry,Fine,Daylight,Nil,Stop sign,90 km/h,State,14,2 right turning,105,Adj - Two right turning,,Right angle,Car (sedan/hatch),4 wheel drive / SUV,2,0,0,1,0,4,April,Autumn,Wednesday,06:00 - 07:59,AM peak / school commute,True,False,True,True
1349454,Injury,Moderate Injury,2024,2024,March,Tuesday,10:00 - 11:59,BROUGHTON,RD,10,East,GEORGE,PL,ARTARMON,,No,Not a school zone,T-junction,-33.810842,151.180102,Willoughby,Sydney metro. area,Syd-Newc-Woll Gtr conurbation,Straight,Spd hump/slow pt/chc,,,Nil,Sealed,Dry,Fine,Daylight,Nil,No traffic controls,50 km/h,Local,73,Off rd rght => obj,704,Right off cway into obj,,Vehicle - Object,Car (sedan/hatch),,1,0,0,2,0,3,March,Autumn,Tuesday,10:00 - 11:59,Midday / afternoon,False,False,True,True
1349457,Injury,Moderate Injury,2024,2024,April,Friday,20:00 - 21:59,WHITE CROSS,RD,120,North,SHELTON,AVE,WINMALEE,,Yes,No,2-way undivided,-33.670855,150.609373,Blue Mountains,Country urban,Syd-Newc-Woll Gtr conurbation,Straight,,,,On,Sealed,Dry,Fine,Darkness,Nil,No traffic controls,50 km/h,Local,71,Off rd left => obj,703,Left off cway into object,,Vehicle - Object,Car (sedan/hatch),,1,0,0,1,0,4,April,Autumn,Friday,20:00 - 21:59,Evening / night,False,False,True,True
1349462,Injury,Serious Injury,2024,2024,April,Monday,10:00 - 11:59,PACIFIC,HWY,0,Right on the spot,TYAGARAH,RD,TYAGARAH,10.0,No,Not a school zone,T-junction,-28.608108,153.546326,Byron,Country non-urban,Rest of NSW - Rural,Straight,,,,Off,Sealed,Dry,Fine,Daylight,Nil,Give way sign,100 km/h,State,13,Right near,104,Adj - Right-thru from right,,Right angle,Car (sedan/hatch),Light truck,3,0,1,1,1,4,April,Autumn,Monday,10:00 - 11:59,Midday / afternoon,False,False,True,True
1349463,Injury,Minor/Other Injury,2024,2024,March,Sunday,14:00 - 15:59,TAREN PT,RD,0,Right on the spot,KOONYA,CCT,CARINGBAH,199.0,No,Not a school zone,T-junction,-34.028207,151.120155,Sutherland,Sydney metro. area,Syd-Newc-Woll Gtr conurbation,Straight,,,,Off,Sealed,Dry,Fine,Daylight,On,No traffic controls,70 km/h,State,21,Right through,202,Opp - Right-thru,,Other angle,4 wheel drive / SUV,Car (sedan/hatch),3,0,0,0,1,3,March,Autumn,Sunday,14:00 - 15:59,Midday / afternoon,False,False,True,True
1349466,Injury,Serious Injury,2024,2024,April,Thursday,10:00 - 11:59,NIMBIN,RD,0,Right on the spot,NUMBER 1725,HN,COFFEE CAMP,142.0,No,Not a school zone,2-way undivided,-28.673774,153.22154,Lismore,Country urban,Rest of NSW - Urban,Straight,,,,Nil,Sealed,Dry,Fine,Daylight,Nil,No traffic controls,80 km/h,Regional,30,Rear end,301,Same - Rear end,,Rear end,Motorcycle,4 wheel drive / SUV,2,0,1,0,0,4,April,Autumn,Thursday,10:00 - 11:59,Midday / afternoon,False,False,True,True
1349471,Injury,Minor/Other Injury,2024,2024,January,Friday,18:00 - 19:59,JERRAWA,CL,0,Right on the spot,KILPANIE,RD,LAMBTON,,No,Not a school zone,T-junction,-32.917288,151.7022,Newcastle,Newcastle met. area,Syd-Newc-Woll Gtr conurbation,Curved,,,,Nil,Unsealed,Dry,Fine,Dusk,Nil,No traffic controls,50 km/h,Local,89,Other curve,800,Other on curve,,Unknown,Pedal cycle,,1,0,0,0,1,1,January,Summer,Friday,18:00 - 19:59,PM peak / evening commute,True,False,True,True
1349477,Injury,Moderate Injury,2024,2024,February,Sunday,12:00 - 13:59,PROMISED LAND,RD,100,North,NEVER NEVER CREEK,RD,GLENIFFER,,No,Not a school zone,2-way undivided,-30.360338,152.904201,Bellingen,Country urban,Rest of NSW - Urban,Curved,,,,Nil,Unsealed,Dry,Fine,Daylight,Nil,No traffic controls,50 km/h,Local,20,Head on,201,Opp - Head on,,Head-on,Light truck utility(from 2018),Car (sedan/hatch),2,0,0,1,0,2,February,Summer,Sunday,12:00 - 13:59,Midday / afternoon,False,False,True,True
1349479,Injury,Moderate Injury,2024,2024,April,Wednesday,14:00 - 15:59,METFORD,RD,285,South,FIELDSEND,ST,METFORD,,No,Not a school zone,2-way undivided,-32.759808,151.601973,Maitland,Country urban,Rest of NSW - Urban,Straight,Driveway/entrance,,,Off,Sealed,Dry,Fine,Daylight,Nil,Stop sign,60 km/h,Local,21,Right through,202,Opp - Right-thru,,Other angle,Large rigid,Car (sedan/hatch),2,0,0,1,0,4,April,Autumn,Wednesday,14:00 - 15:59,Midday / afternoon,False,False,True,True
1349482,Injury,Serious Injury,2024,2024,March,Sunday,16:00 - 17:59,LUE,RD,1000,West,BAYLY,ST,LUE,,No,Not a school zone,2-way undivided,-32.646733,149.832354,Mid-Western Regional,Country urban,Rest of NSW - Urban,Curved,,,,Nil,Sealed,Dry,Fine,Daylight,Nil,No traffic controls,80 km/h,Local,81,Off left/rt bnd=>obj,803,Off right bend into obj,Left,Vehicle - Object,4 wheel drive / SUV,,1,0,3,0,0,3,March,Autumn,Sunday,16:00 - 17:59,PM peak / evening commute,True,False,True,True
1349483,Injury,Serious Injury,2024,2024,March,Friday,22:00 - Midnight,PACIFIC,HWY,0,Right on the spot,BOWMAN,ST,SWANSEA,10.0,No,Not a school zone,Roundabout,-33.093127,151.637656,Lake Macquarie,Newcastle met. area,Syd-Newc-Woll Gtr conurbation,Curved,,,,On,Sealed,Dry,Fine,Darkness,Nil,Give way sign,60 km/h,State,88,Out of cont on bend,805,Out of control on bend,,Rollover,Motorcycle,,1,0,1,0,0,3,March,Autumn,Friday,22:00 - Midnight,Evening / night,False,False,True,True
1349487,Injury,Moderate Injury,2024,2024,March,Wednesday,12:00 - 13:59,KANANGRA WALLS,RD,1000,South,BOYD RIVER CAMP GROUND,OT,KANANGRA,,No,Not a school zone,2-way undivided,-33.979426,150.0564,Oberon,Country non-urban,Rest of NSW - Rural,Curved,Steep grade,,Loose gravel shoulder,Nil,Unsealed,Dry,Fine,Daylight,Nil,No traffic controls,100 km/h,Local,83,Off rt/rt bnd=>obj,803,Off right bend into obj,Right,Vehicle - Object,Car (sedan/hatch),,1,0,0,2,0,3,March,Autumn,Wednesday,12:00 - 13:59,Midday / afternoon,False,False,True,True
1349488,Injury,Minor/Other Injury,2024,2024,April,Tuesday,12:00 - 13:59,BELMORE,ST,0,Right on the spot,THISTLE,ST,RYDE,,No,Not a school zone,T-junction,-33.817647,151.098556,Ryde,Sydney metro. area,Syd-Newc-Woll Gtr conurbation,Straight,,,,Off,Sealed,Dry,Fine,Daylight,Nil,No traffic controls,50 km/h,Local,11,Right far,102,Adj - Right-thru from left,,Right angle,Light truck,Motor scooter,2,0,0,0,1,4,April,Autumn,Tuesday,12:00 - 13:59,Midday / afternoon,False,False,True,True
1349489,Injury,Minor/Other Injury,2024,2024,March,Friday,08:00 - 09:59,MATE,ST,0,Right on the spot,BELLEVUE,ST,NORTH ALBURY,688.0,No,Not a school zone,X-intersection,-36.066322,146.930951,Albury,Country urban,Rest of NSW - Urban,Straight,Foot/cycle path/nature strip,,,Off,Sealed,Dry,Fine,Daylight,Nil,Give way sign,60 km/h,Regional,48,From footpath,408,Manov - From footway,,Other angle,Pedal cycle,4 wheel drive / SUV,2,0,0,0,1,3,March,Autumn,Friday,08:00 - 09:59,AM peak / school commute,True,False,True,True
1349490,Injury,Moderate Injury,2024,2024,March,Monday,14:00 - 15:59,KATHERINE,ST,0,Right on the spot,VICTORIA,AVE,CHATSWOOD,,No,Not a school zone,T-junction,-33.797417,151.179282,Willoughby,Sydney metro. area,Syd-Newc-Woll Gtr conurbation,Straight,,,,Off,Sealed,Dry,Fine,Daylight,Nil,Ped crossing,40 km/h,Local,2,Ped far side,3,Ped - Far side,,Vehicle - Pedestrian,4 wheel drive / SUV,Pedestrian,2,0,0,1,0,3,March,Autumn,Monday,14:00 - 15:59,Midday / afternoon,False,False,True,True
1349491,Injury,Serious Injury,2024,2024,April,Saturday,12:00 - 13:59,KANANDAH,RD,475,West,WENTWORTH,RD,BROKEN HILL,7507.0,No,Not a school zone,2-way undivided,-31.996425,141.437657,Broken Hill,Country urban,Rest of NSW - Urban,Straight,Ditch/drain/culvert,,,Nil,Sealed,Dry,Fine,Daylight,Nil,No traffic controls,80 km/h,Regional,71,Off rd left => obj,703,Left off cway into object,,Vehicle - Object,Motorcycle,,1,0,1,0,0,4,April,Autumn,Saturday,12:00 - 13:59,Midday / afternoon,False,False,True,True