crash_id,degree_of_crash,degree_of_crash_-_detailed,reporting_year,year_of_crash,month_of_crash,day_of_week_of_crash,two-hour_intervals,street_of_crash,street_type,distance,direction,identifying_feature,identifying_feature_type,town,route_no.,school_zone_location,school_zone_active,type_of_location,latitude,longitude,lga,urbanisation,conurbation_1,alignment,primary_permanent_feature,primary_temporary_feature,primary_hazardous_feature,street_lighting,road_surface,surface_condition,weather,natural_lighting,signals_operation,other_traffic_control,speed_limit,road_classification_(admin),rum_-_code,rum_-_description,dca_-_code,dca_-_description,dca_supplement,first_impact_type,key_tu_type,other_tu_type,no._of_traffic_units_involved,no._killed,no._seriously_injured,no._moderately_injured,no._minor-other_injured,month_num,month_label,season,day_label,time_label,time_band,is_peak_commute,is_fatal,is_injury,is_casualty
1349492,Injury,Moderate Injury,2024,2024,April,Friday,18:00 - 19:59,GREAT WESTERN,HWY,0,Right on the spot,MAIN,ST,BOWENFELS,5.0,No,Not a school zone,X-intersection,-33.481152,150.136809,Lithgow,Country urban,Rest of NSW - Urban,Curved,,,,On,Sealed,Dry,Fine,Darkness,On,Ped crossing,70 km/h,State,2,Ped far side,3,Ped - Far side,,Vehicle - Pedestrian,4 wheel drive / SUV,Pedestrian,2,0,0,1,0,4,April,Autumn,Friday,18:00 - 19:59,PM peak / evening commute,True,False,True,True
1349493,Injury,Moderate Injury,2024,2024,March,Thursday,12:00 - 13:59,LOWES MOUNT,RD,200,North,FAUGHA BALLAUGHA,RD,OBERON,,No,Not a school zone,2-way undivided,-33.642581,149.847022,Oberon,Country non-urban,Rest of NSW - Rural,Curved,Embankment/cutting,,Loose gravel shoulder,Nil,Sealed,Dry,Fine,Daylight,Nil,No traffic controls,100 km/h,Local,81,Off left/rt bnd=>obj,803,Off right bend into obj,Left,Vehicle - Object,Station wagon,,1,0,0,1,0,3,March,Autumn,Thursday,12:00 - 13:59,Midday / afternoon,False,False,True,True
1349495,Injury,Minor/Other Injury,2024,2024,March,Thursday,10:00 - 11:59,GEORGE,ST,0,Right on the spot,NUMBER 215,HN,WINDSOR,,No,Not a school zone,2-way undivided,-33.607288,150.819757,Hawkesbury,Country urban,Syd-Newc-Woll Gtr conurbation,Straight,,,,Off,Sealed,Dry,Fine,Daylight,Nil,No traffic controls,40 km/h,Local,63,Vehicle door,604,On path - Vehicle door,,Other angle,Light truck utility(from 2018),Car (sedan/hatch),2,0,0,0,2,3,March,Autumn,Thursday,10:00 - 11:59,Midday / afternoon,False,False,True,True
1349497,Injury,Serious Injury,2024,2024,April,Wednesday,20:00 - 21:59,BIRDWOOD,AVE,80,West,ROSENTHAL,ST,DOONSIDE,,No,Not a school zone,2-way undivided,-33.770829,150.876648,Blacktown,Sydney metro. area,Syd-Newc-Woll Gtr conurbation,Straight,Driveway/entrance,,,On,Sealed,Dry,Fine,Darkness,Nil,No traffic controls,50 km/h,Local,47,Emerging from drive,406,Manov - Emerging from driveway,,Right angle,Unknown motor vehicle,Motor scooter,2,0,1,0,0,4,April,Autumn,Wednesday,20:00 - 21:59,Evening / night,False,False,True,True
1349499,Injury,Minor/Other Injury,2024,2024,April,Saturday,18:00 - 19:59,BOURKE,ST,0,Right on the spot,NUMBER 521,HN,SURRY HILLS,,No,Not a school zone,2-way undivided,-33.886657,151.215405,Sydney,Sydney metro. area,Syd-Newc-Woll Gtr conurbation,Straight,Foot/cycle path/nature strip,,,Nil,Sealed,Dry,Fine,Daylight,Nil,No traffic controls,40 km/h,Local,36,Right turn sideswipe,308,Same - Rgt turn side swipe,,Other angle,Car (sedan/hatch),Pedal cycle,2,0,0,0,1,4,April,Autumn,Saturday,18:00 - 19:59,PM peak / evening commute,True,False,True,True
1349500,Injury,Moderate Injury,2024,2024,March,Sunday,06:00 - 07:59,EPPING,RD,0,Right on the spot,DELHI,RD,NORTH RYDE,373.0,No,Not a school zone,T-junction,-33.794231,151.134459,Ryde,Sydney metro. area,Syd-Newc-Woll Gtr conurbation,Straight,Steep grade,,,On,Sealed,Dry,Fine,Dawn,On,No traffic controls,70 km/h,State,30,Rear end,301,Same - Rear end,,Rear end,Car (sedan/hatch),Car (sedan/hatch),2,0,0,1,0,3,March,Autumn,Sunday,06:00 - 07:59,AM peak / school commute,True,False,True,True
1349502,Injury,Serious Injury,2024,2024,February,Sunday,22:00 - Midnight,COWELL,ST,0,Right on the spot,NUMBER 31,HN,GLADESVILLE,,No,Not a school zone,1-way street,-33.831103,151.129552,Hunters Hill,Sydney metro. area,Syd-Newc-Woll Gtr conurbation,Straight,Steep grade,,,On,Sealed,Dry,Fine,Darkness,Nil,No traffic controls,50 km/h,Local,71,Off rd left => obj,703,Left off cway into object,,Vehicle - Object,Motorcycle,,1,0,1,0,0,2,February,Summer,Sunday,22:00 - Midnight,Evening / night,False,False,True,True
1349505,Injury,Moderate Injury,2024,2024,April,Saturday,16:00 - 17:59,KINGS,HWY,500,North,MANAR,RD,MANAR,51.0,No,Not a school zone,2-way undivided,-35.285743,149.696492,Queanbeyan-Palerang Regional,Country non-urban,Rest of NSW - Rural,Curved,Embankment/cutting,,,Nil,Sealed,Dry,Fine,Daylight,Nil,No traffic controls,100 km/h,State,83,Off rt/rt bnd=>obj,803,Off right bend into obj,Right,Vehicle - Object,Car (sedan/hatch),,1,0,0,1,0,4,April,Autumn,Saturday,16:00 - 17:59,PM peak / evening commute,True,False,True,True
1349508,Injury,Serious Injury,2024,2024,January,Monday,18:00 - 19:59,MARRICKVILLE,RD,50,East,NEW CANTERBURY,RD,DULWICH HILL,7054.0,No,Not a school zone,2-way undivided,-33.903674,151.14273,Inner West,Sydney metro. area,Syd-Newc-Woll Gtr conurbation,Straight,,,,Nil,Sealed,Dry,Overcast,Daylight,Nil,No traffic controls,40 km/h,Regional,0,Ped nearside,1,Ped - Near side,,Vehicle - Pedestrian,4 wheel drive / SUV,Pedestrian,2,0,1,0,0,1,January,Summer,Monday,18:00 - 19:59,PM peak / evening commute,True,False,True,True
1349509,Injury,Moderate Injury,2024,2024,February,Tuesday,14:00 - 15:59,TURTON,RD,80,North,MONASH,RD,NEW LAMBTON,326.0,No,Not a school zone,Divided road,-32.919531,151.724141,Newcastle,Newcastle met. area,Syd-Newc-Woll Gtr conurbation,Straight,,,,Nil,Sealed,Dry,Fine,Daylight,On,Ped crossing,60 km/h,State,30,Rear end,301,Same - Rear end,,Rear end,Car (sedan/hatch),Car (sedan/hatch),2,0,0,1,0,2,February,Summer,Tuesday,14:00 - 15:59,Midday / afternoon,False,False,True,True
1349513,Injury,Moderate Injury,2024,2024,March,Saturday,02:00 - 03:59,DUNNING,AVE,0,Right on the spot,EPSOM,RD,ZETLAND,,No,Not a school zone,X-intersection,-33.910439,151.204291,Sydney,Sydney metro. area,Syd-Newc-Woll Gtr conurbation,Straight,,,,On,Sealed,Wet,Raining,Darkness,Nil,Stop sign,50 km/h,Local,10,Cross traffic,101,Adj - Cross traffic,,Right angle,Car (sedan/hatch),Station wagon,2,0,0,1,0,3,March,Autumn,Saturday,02:00 - 03:59,Late night / early morning,False,False,True,True
1349514,Injury,Moderate Injury,2024,2024,April,Sunday,18:00 - 19:59,CHAPPLE,ST,0,Right on the spot,CHLORIDE,ST,BROKEN HILL,,No,Not a school zone,X-intersection,-31.950853,141.459581,Broken Hill,Country urban,Rest of NSW - Urban,Straight,Steep grade,,,On,Sealed,Dry,Fine,Darkness,Nil,Give way sign,50 km/h,Local,10,Cross traffic,101,Adj - Cross traffic,,Right angle,Pedal cycle,Car (sedan/hatch),2,0,0,1,0,4,April,Autumn,Sunday,18:00 - 19:59,PM peak / evening commute,True,False,True,True
1349516,Injury,Moderate Injury,2024,2024,April,Sunday,14:00 - 15:59,OLD MENDOORAN,RD,2300,North,BOOTHENBA,RD,DUBBO,,No,Not a school zone,2-way undivided,-32.179972,148.739712,Dubbo Regional,Country non-urban,Rest of NSW - Rural,Curved,Steep grade,,,Nil,Sealed,Dry,Fine,Daylight,Nil,No traffic controls,100 km/h,Local,80,Off left/right bend,801,Off cway right bend,Left,Rollover,Car (sedan/hatch),,1,0,0,1,0,4,April,Autumn,Sunday,14:00 - 15:59,Midday / afternoon,False,False,True,True
1349518,Injury,Serious Injury,2024,2024,February,Tuesday,16:00 - 17:59,BROOK,RD,0,Right on the spot,NUMBER 14,HN,SEAFORTH,,Yes,No,2-way undivided,-33.792242,151.250916,Northern Beaches,Sydney metro. area,Syd-Newc-Woll Gtr conurbation,Straight,Driveway/entrance,,,Off,Sealed,Dry,Fine,Daylight,Nil,No traffic controls,50 km/h,Local,53,Overtake turning,506,Ovtak - Overtaking right turn,,Other angle,Motorcycle,Pedal cycle,2,0,1,0,0,2,February,Summer,Tuesday,16:00 - 17:59,PM peak / evening commute,True,False,True,True
1349520,Injury,Serious Injury,2024,2024,March,Wednesday,10:00 - 11:59,HAMPDEN,RD,40,North,BROUGHTON,RD,ARTARMON,,No,Not a school zone,2-way undivided,-33.808506,151.184217,Willoughby,Sydney metro. area,Syd-Newc-Woll Gtr conurbation,Straight,,Roadwks/Detour/Diverson,,Off,Sealed,Dry,Fine,Daylight,On,Ped crossing,40 km/h,Local,0,Ped nearside,1,Ped - Near side,,Vehicle - Pedestrian,Car (sedan/hatch),Pedestrian,2,0,1,0,0,3,March,Autumn,Wednesday,10:00 - 11:59,Midday / afternoon,False,False,True,True
1349522,Injury,Moderate Injury,2024,2024,April,Friday,16:00 - 17:59,CASTLEREAGH,RD,0,Right on the spot,LENNOX,ST,RICHMOND,570.0,Yes,No,T-junction,-33.598223,150.745994,Hawkesbury,Country urban,Syd-Newc-Woll Gtr conurbation,Curved,,,,Off,Sealed,Wet,Raining,Daylight,Nil,Give way sign,60 km/h,State,11,Right far,102,Adj - Right-thru from left,,Right angle,4 wheel drive / SUV,Car (sedan/hatch),2,0,0,1,0,4,April,Autumn,Friday,16:00 - 17:59,PM peak / evening commute,True,False,True,True
1349525,Injury,Minor/Other Injury,2024,2024,March,Wednesday,16:00 - 17:59,SILVERWATER,RD,0,Right on the spot,CARNARVON,ST,SILVERWATER,190.0,No,Not a school zone,X-intersection,-33.839869,151.046071,Parramatta,Sydney metro. area,Syd-Newc-Woll Gtr conurbation,Straight,,,,Off,Sealed,Dry,Fine,Daylight,On,No traffic controls,70 km/h,State,30,Rear end,301,Same - Rear end,,Rear end,Light truck,Car (sedan/hatch),2,0,0,0,1,3,March,Autumn,Wednesday,16:00 - 17:59,PM peak / evening commute,True,False,True,True
1349526,Injury,Serious Injury,2024,2024,March,Sunday,14:00 - 15:59,OLD WINDSOR,RD,0,Right on the spot,HAMMERS,RD,NORTHMEAD,635.0,No,Not a school zone,X-intersection,-33.791216,150.979229,Parramatta,Sydney metro. area,Syd-Newc-Woll Gtr conurbation,Straight,,,,Off,Sealed,Dry,Fine,Daylight,On,No traffic controls,80 km/h,State,0,Ped nearside,1,Ped - Near side,,Vehicle - Pedestrian,Car (sedan/hatch),Pedestrian,2,0,1,0,1,3,March,Autumn,Sunday,14:00 - 15:59,Midday / afternoon,False,False,True,True
1349530,Injury,Serious Injury,2024,2024,April,Thursday,18:00 - 19:59,NEWCASTLE,EXP,500,South,PACIFIC HIGHWAY,OP,OURIMBAH,6003.0,No,Not a school zone,Dual freeway,-33.348227,151.365438,Central Coast,Country non-urban,Syd-Newc-Woll Gtr conurbation,Straight,Other bridge,,,Nil,Sealed,Wet,Raining,Dusk,Nil,No traffic controls,110 km/h,State,30,Rear end,301,Same - Rear end,,Rear end,4 wheel drive / SUV,B-double (road train prior 98),3,0,1,0,0,4,April,Autumn,Thursday,18:00 - 19:59,PM peak / evening commute,True,False,True,True
1349534,Injury,Serious Injury,2024,2024,March,Saturday,08:00 - 09:59,GREAT NORTH,RD,2150,North,GEORGE DOWNES,DR,BUCKETTY,181.0,No,Not a school zone,2-way undivided,-33.092671,151.128904,Cessnock,Country urban,Rest of NSW - Urban,Curved,Steep grade,,,Nil,Sealed,Dry,Fine,Daylight,Nil,No traffic controls,80 km/h,Regional,88,Out of cont on bend,805,Out of control on bend,,Rollover,Motorcycle,,1,0,1,0,0,3,March,Autumn,Saturday,08:00 - 09:59,AM peak / school commute,True,False,True,True
1349536,Injury,Serious Injury,2024,2024,April,Thursday,10:00 - 11:59,BALMAIN,RD,0,Right on the spot,LILYFIELD,RD,LILYFIELD,7315.0,No,Not a school zone,X-intersection,-33.874243,151.160594,Inner West,Sydney metro. area,Syd-Newc-Woll Gtr conurbation,Straight,,,,Off,Sealed,Dry,Fine,Daylight,On,No traffic controls,50 km/h,Regional,10,Cross traffic,101,Adj - Cross traffic,,Right angle,Car (sedan/hatch),4 wheel drive / SUV,2,0,1,0,0,4,April,Autumn,Thursday,10:00 - 11:59,Midday / afternoon,False,False,True,True
1349537,Injury,Serious Injury,2024,2024,April,Thursday,18:00 - 19:59,HART,RD,100,East,HUNTER EXPRESSWAY,OP,LOXFORD,,No,Not a school zone,2-way undivided,-32.796624,151.476376,Cessnock,Country urban,Rest of NSW - Urban,Straight,,,,On,Sealed,Dry,Fine,Darkness,Nil,No traffic controls,70 km/h,Local,20,Head on,201,Opp - Head on,,Head-on,Light truck utility(from 2018),Passenger van,2,0,2,0,0,4,April,Autumn,Thursday,18:00 - 19:59,PM peak / evening commute,True,False,True,True
1349543,Injury,Serious Injury,2024,2024,April,Tuesday,16:00 - 17:59,BERRY,ST,0,Right on the spot,DOUGLAS,ST,NOWRA,,Yes,No,Roundabout,-34.880229,150.599338,Shoalhaven,Country urban,Rest of NSW - Urban,Straight,,,,On,Sealed,Wet,Raining,Dusk,Nil,Give way sign,50 km/h,Local,11,Right far,102,Adj - Right-thru from left,,Right angle,Motorcycle,Light truck utility(from 2018),2,0,1,0,0,4,April,Autumn,Tuesday,16:00 - 17:59,PM peak / evening commute,True,False,True,True
1349545,Injury,Moderate Injury,2024,2024,March,Friday,08:00 - 09:59,FREDERICK,ST,10,South,HEIGHWAY,AVE,ASHFIELD,650.0,No,Not a school zone,X-intersection,-33.885942,151.11913,Inner West,Sydney metro. area,Syd-Newc-Woll Gtr conurbation,Straight,,,,Nil,Sealed,Dry,Fine,Daylight,Nil,Give way sign,60 km/h,State,30,Rear end,301,Same - Rear end,,Rear end,4 wheel drive / SUV,Car (sedan/hatch),3,0,0,1,0,3,March,Autumn,Friday,08:00 - 09:59,AM peak / school commute,True,False,True,True
1349548,Injury,Minor/Other Injury,2024,2024,April,Thursday,16:00 - 17:59,UNION,ST,10,North,GLEBE,RD,THE JUNCTION,188.0,No,Not a school zone,X-intersection,-32.938636,151.758629,Newcastle,Newcastle met. area,Syd-Newc-Woll Gtr conurbation,Straight,,,,Nil,Sealed,Dry,Fine,Dusk,On,No traffic controls,50 km/h,Regional,30,Rear end,301,Same - Rear end,,Rear end,Car (sedan/hatch),Car (sedan/hatch),3,0,0,0,1,4,April,Autumn,Thursday,16:00 - 17:59,PM peak / evening commute,True,False,True,True
1349552,Injury,Moderate Injury,2024,2024,April,Tuesday,20:00 - 21:59,WINDSOR,RD,0,Right on the spot,WOODLANDS,ST,BAULKHAM HILLS,184.0,No,Not a school zone,T-junction,-33.769833,151.000473,Parramatta,Sydney metro. area,Syd-Newc-Woll Gtr conurbation,Straight,,,,On,Sealed,Wet,Raining,Darkness,Nil,No traffic controls,60 km/h,State,30,Rear end,301,Same - Rear end,,Rear end,Unknown motor vehicle,Car (sedan/hatch),4,0,0,1,0,4,April,Autumn,Tuesday,20:00 - 21:59,Evening / night,False,False,True,True
1349553,Injury,Moderate Injury,2024,2024,April,Tuesday,06:00 - 07:59,PARKER,ST,0,Right on the spot,AMPOL,ENT,KINGSWOOD,154.0,Yes,No,Divided road,-33.754991,150.712629,Penrith,Sydney metro. area,Syd-Newc-Woll Gtr conurbation,Straight,Driveway/entrance,,,Off,Sealed,Dry,Fine,Daylight,Nil,No traffic controls,70 km/h,State,47,Emerging from drive,406,Manov - Emerging from driveway,,Right angle,Station wagon,Pedal cycle,2,0,0,1,0,4,April,Autumn,Tuesday,06:00 - 07:59,AM peak / school commute,True,False,True,True
1349556,Injury,Serious Injury,2024,2024,February,Wednesday,18:00 - 19:59,MACPHERSON,ST,70,East,LEICHHARDT,ST,BRONTE,7332.0,No,Not a school zone,2-way undivided,-33.905447,151.258193,Waverley,Sydney metro. area,Syd-Newc-Woll Gtr conurbation,Straight,,,,Off,Sealed,Dry,Fine,Daylight,Nil,No traffic controls,50 km/h,Regional,71,Off rd left => obj,703,Left off cway into object,,Vehicle - Object,Car (sedan/hatch),,1,0,1,0,0,2,February,Summer,Wednesday,18:00 - 19:59,PM peak / evening commute,True,False,True,True
1349560,Injury,Moderate Injury,2024,2024,March,Monday,08:00 - 09:59,NEW ENGLAND,HWY,100,West,JOHN,ST,RUTHERFORD,9.0,No,Not a school zone,2-way undivided,-32.721024,151.538963,Maitland,Country urban,Rest of NSW - Urban,Straight,,,,Off,Sealed,Dry,Fine,Daylight,Nil,No traffic controls,60 km/h,State,0,Ped nearside,1,Ped - Near side,,Vehicle - Pedestrian,4 wheel drive / SUV,Pedestrian,2,0,0,1,0,3,March,Autumn,Monday,08:00 - 09:59,AM peak / school commute,True,False,True,True
1349561,Injury,Serious Injury,2024,2024,March,Friday,14:00 - 15:59,PACIFIC,HWY,200,South,SOLITARY ISLANDS WAY,TO,WOOLGOOLGA,10.0,No,Not a school zone,Divided road,-30.065941,153.182809,Coffs Harbour,Country non-urban,Rest of NSW - Rural,Straight,Other bridge,,,Nil,Sealed,Wet,Raining,Daylight,Nil,No traffic controls,110 km/h,State,71,Off rd left => obj,703,Left off cway into object,,Vehicle - Object,Light truck utility(from 2018),,1,0,1,0,0,3,March,Autumn,Friday,14:00 - 15:59,Midday / afternoon,False,False,True,True
1349571,Injury,Minor/Other Injury,2024,2024,March,Monday,12:00 - 13:59,BOUNDARY,RD,15,North,GEORGE,ST,OATLEY,7006.0,No,Not a school zone,2-way undivided,-33.974136,151.077059,Georges River,Sydney metro. area,Syd-Newc-Woll Gtr conurbation,Straight,,,,Off,Sealed,Dry,Fine,Daylight,Nil,No traffic controls,50 km/h,Regional,0,Ped nearside,1,Ped - Near side,,Vehicle - Pedestrian,Unknown motor vehicle,Pedestrian,2,0,0,0,1,3,March,Autumn,Monday,12:00 - 13:59,Midday / afternoon,False,False,True,True
1349573,Injury,Moderate Injury,2024,2024,February,Tuesday,04:00 - 05:59,HUME,HWY,10,South,SOUTH WESTERN,EXP,LIVERPOOL,2.0,No,Not a school zone,T-junction,-33.938035,150.913466,Liverpool,Sydney metro. area,Syd-Newc-Woll Gtr conurbation,Straight,Other bridge,,,Off,Sealed,Wet,Raining,Dawn,On,No traffic controls,60 km/h,State,32,Right rear,303,Same - Rear right,,Rear end,4 wheel drive / SUV,Car (sedan/hatch),2,0,0,2,0,2,February,Summer,Tuesday,04:00 - 05:59,Late night / early morning,False,False,True,True
1349583,Injury,Moderate Injury,2024,2024,March,Monday,02:00 - 03:59,ARGYLE,ST,100,East,MILEHAM,ST,SOUTH WINDSOR,7208.0,No,Not a school zone,2-way undivided,-33.618871,150.811028,Hawkesbury,Country urban,Syd-Newc-Woll Gtr conurbation,Straight,Driveway/entrance,,,Unknown / not stated,Sealed,Dry,Fine,Darkness,Nil,No traffic controls,50 km/h,Regional,49,Other manoeuvring,400,Manov - other,,Other angle,Car (sedan/hatch),,1,0,0,1,0,3,March,Autumn,Monday,02:00 - 03:59,Late night / early morning,False,False,True,True
1349588,Injury,Serious Injury,2024,2024,March,Thursday,14:00 - 15:59,CASTLE HILL,RD,0,Right on the spot,NUMBER 214,HN,CHERRYBROOK,156.0,No,Not a school zone,2-way undivided,-33.73506,151.029633,Hornsby,Sydney metro. area,Syd-Newc-Woll Gtr conurbation,Straight,,,,Unknown / not stated,Sealed,Dry,Fine,Daylight,Nil,No traffic controls,60 km/h,State,30,Rear end,301,Same - Rear end,,Rear end,4 wheel drive / SUV,Light truck utility(from 2018),2,0,1,1,0,3,March,Autumn,Thursday,14:00 - 15:59,Midday / afternoon,False,False,True,True
1349593,Injury,Moderate Injury,2024,2024,March,Friday,18:00 - 19:59,JELLICOE,ST,22,East,MAJORS BAY,RD,CONCORD,,No,Not a school zone,2-way undivided,-33.856874,151.103642,Canada Bay,Sydney metro. area,Syd-Newc-Woll Gtr conurbation,Straight,Foot/cycle path/nature strip,,,Unknown / not stated,Sealed,Dry,Fine,Dusk,Nil,No traffic controls,50 km/h,Local,6,Ped on footpath,8,Ped - On footway/median,,Vehicle - Pedestrian,Car (sedan/hatch),Pedestrian,2,0,0,1,0,3,March,Autumn,Friday,18:00 - 19:59,PM peak / evening commute,True,False,True,True
1349595,Injury,Moderate Injury,2024,2024,April,Wednesday,16:00 - 17:59,KINGS,HWY,1500,North,MANAR,RD,MANAR,51.0,No,Not a school zone,2-way undivided,-35.278279,149.691337,Queanbeyan-Palerang Regional,Country non-urban,Rest of NSW - Rural,Curved,,,,Unknown / not stated,Sealed,Dry,Fine,Daylight,Nil,No traffic controls,100 km/h,State,40,U turn,304,Same - U-turn,,Other angle,Car (sedan/hatch),Light truck utility(from 2018),2,0,0,1,0,4,April,Autumn,Wednesday,16:00 - 17:59,PM peak / evening commute,True,False,True,True
1349596,Injury,Moderate Injury,2024,2024,February,Tuesday,06:00 - 07:59,HENRY LAWSON,DR,600,North,HAZEL,ST,LANSDOWNE,508.0,No,Not a school zone,2-way undivided,-33.900093,150.975594,Canterbury-Bankstown,Sydney metro. area,Syd-Newc-Woll Gtr conurbation,Straight,,,,Off,Sealed,Snow or ice,Snowing,Daylight,Nil,No traffic controls,70 km/h,State,30,Rear end,301,Same - Rear end,,Rear end,4 wheel drive / SUV,4 wheel drive / SUV,2,0,0,1,3,2,February,Summer,Tuesday,06:00 - 07:59,AM peak / school commute,True,False,True,True
1349597,Injury,Minor/Other Injury,2024,2024,January,Wednesday,14:00 - 15:59,PRINCES,HWY,50,West,GRAY,AVE,KOGARAH,1.0,No,Not a school zone,Divided road,-33.970215,151.134579,Georges River,Sydney metro. area,Syd-Newc-Woll Gtr conurbation,Straight,,,,Unknown / not stated,Sealed,Dry,Fine,Daylight,Nil,No traffic controls,60 km/h,State,49,Other manoeuvring,400,Manov - other,,Other angle,Car (sedan/hatch),,1,0,0,0,1,1,January,Summer,Wednesday,14:00 - 15:59,Midday / afternoon,False,False,True,True
1349598,Injury,Minor/Other Injury,2024,2024,April,Wednesday,10:00 - 11:59,BURWOOD,RD,70,North,RAILWAY,PDE,BURWOOD,,No,Not a school zone,2-way undivided,-33.876801,151.103814,Burwood,Sydney metro. area,Syd-Newc-Woll Gtr conurbation,Straight,,,,Unknown / not stated,Sealed,Dry,Fine,Daylight,On,Ped crossing,40 km/h,Local,0,Ped nearside,1,Ped - Near side,,Vehicle - Pedestrian,Motorised push scooters,Pedestrian,2,0,0,0,1,4,April,Autumn,Wednesday,10:00 - 11:59,Midday / afternoon,False,False,True,True
1349601,Injury,Minor/Other Injury,2024,2024,April,Tuesday,04:00 - 05:59,SOUTH WESTERN,EXP,1000,West,MOOREBANK AVENUE,OP,LIVERPOOL,6005.0,No,Not a school zone,Dual freeway,-33.938239,150.914188,Liverpool,Sydney metro. area,Syd-Newc-Woll Gtr conurbation,Straight,,,,Unknown / not stated,Sealed,Dry,Fine,Darkness,Nil,No traffic controls,100 km/h,State,30,Rear end,301,Same - Rear end,,Rear end,Light truck,Car (sedan/hatch),3,0,0,0,1,4,April,Autumn,Tuesday,04:00 - 05:59,Late night / early morning,False,False,True,True
1349603,Injury,Moderate Injury,2024,2024,April,Sunday,10:00 - 11:59,KINGSWAY,MS,10,East,KIORA,RD,MIRANDA,227.0,No,Not a school zone,X-intersection,-34.034155,151.102442,Sutherland,Sydney metro. area,Syd-Newc-Woll Gtr conurbation,Straight,,,,Off,Sealed,Dry,Fine,Daylight,On,No traffic controls,60 km/h,State,30,Rear end,301,Same - Rear end,,Rear end,Light truck,Car (sedan/hatch),2,0,0,1,0,4,April,Autumn,Sunday,10:00 - 11:59,Midday / afternoon,False,False,True,True
1349604,Injury,Minor/Other Injury,2024,2024,February,Wednesday,10:00 - 11:59,CASTLEREAGH,RD,377,North,COREEN,AVE,PENRITH,630.0,No,Not a school zone,Divided road,-33.739793,150.692735,Penrith,Sydney metro. area,Syd-Newc-Woll Gtr conurbation,Straight,Driveway/entrance,,,Unknown / not stated,Sealed,Unknown,Unknown,Daylight,Nil,No traffic controls,60 km/h,State,47,Emerging from drive,406,Manov - Emerging from driveway,,Right angle,Car (sedan/hatch),Pedal cycle,2,0,0,0,1,2,February,Summer,Wednesday,10:00 - 11:59,Midday / afternoon,False,False,True,True
1349605,Injury,Moderate Injury,2024,2024,April,Sunday,12:00 - 13:59,HUME,HWY,10,South,LANG,RD,CASULA,2.0,No,Not a school zone,T-junction,-33.947431,150.907778,Liverpool,Sydney metro. area,Syd-Newc-Woll Gtr conurbation,Straight,,,,Unknown / not stated,Sealed,Dry,Fine,Daylight,Nil,Give way sign,70 km/h,State,30,Rear end,301,Same - Rear end,,Rear end,Car (sedan/hatch),Car (sedan/hatch),2,0,0,1,0,4,April,Autumn,Sunday,12:00 - 13:59,Midday / afternoon,False,False,True,True
1349606,Injury,Moderate Injury,2024,2024,April,Saturday,18:00 - 19:59,CHARLES,ST,0,Right on the spot,WESTBOURNE,ST,STANMORE,,No,Not a school zone,X-intersection,-33.890787,151.1609,Inner West,Sydney metro. area,Syd-Newc-Woll Gtr conurbation,Straight,,,,On,Sealed,Dry,Fine,Darkness,Nil,Stop sign,50 km/h,Local,10,Cross traffic,101,Adj - Cross traffic,,Right angle,Car (sedan/hatch),Car (sedan/hatch),2,0,0,1,0,4,April,Autumn,Saturday,18:00 - 19:59,PM peak / evening commute,True,False,True,True
1349608,Injury,Moderate Injury,2024,2024,March,Sunday,14:00 - 15:59,NEW ENGLAND,HWY,0,Right on the spot,CESSNOCK,RD,MAITLAND,9.0,No,Not a school zone,Roundabout,-32.739068,151.551549,Maitland,Country urban,Rest of NSW - Urban,Curved,,,,Unknown / not stated,Sealed,Dry,Fine,Daylight,Unknown / not stated,Give way sign,60 km/h,State,30,Rear end,301,Same - Rear end,,Rear end,4 wheel drive / SUV,4 wheel drive / SUV,2,0,0,1,0,3,March,Autumn,Sunday,14:00 - 15:59,Midday / afternoon,False,False,True,True
1349610,Injury,Moderate Injury,2024,2024,March,Thursday,08:00 - 09:59,GLEDSWOOD HILLS,DR,30,North,MAYFIELD,PL,GLEDSWOOD HILLS,,No,Not a school zone,2-way undivided,-34.01231,150.791559,Camden,Sydney metro. area,Syd-Newc-Woll Gtr conurbation,Curved,,,,Unknown / not stated,Sealed,Dry,Fine,Daylight,Nil,No traffic controls,50 km/h,Local,20,Head on,201,Opp - Head on,,Head-on,Car (sedan/hatch),4 wheel drive / SUV,2,0,0,2,0,3,March,Autumn,Thursday,08:00 - 09:59,AM peak / school commute,True,False,True,True
1349611,Injury,Minor/Other Injury,2024,2024,April,Saturday,12:00 - 13:59,OCEAN,ST,25,South,NEW SOUTH HEAD ROAD,TO,EDGECLIFF,7330.0,No,Not a school zone,Other,-33.879198,151.237351,Woollahra,Sydney metro. area,Syd-Newc-Woll Gtr conurbation,Straight,Steep grade,,,Unknown / not stated,Sealed,Wet,Raining,Daylight,On,Ped crossing,50 km/h,Regional,30,Rear end,301,Same - Rear end,,Rear end,Car (sedan/hatch),Car (sedan/hatch),2,0,0,0,1,4,April,Autumn,Saturday,12:00 - 13:59,Midday / afternoon,False,False,True,True
1349615,Injury,Moderate Injury,2024,2024,April,Thursday,16:00 - 17:59,OLD SOUTH HEAD,RD,0,Right on the spot,FERNLEIGH,AVE,ROSE BAY,339.0,No,Not a school zone,T-junction,-33.869116,151.276997,Waverley,Sydney metro. area,Syd-Newc-Woll Gtr conurbation,Curved,Steep grade,,,Unknown / not stated,Sealed,Dry,Fine,Daylight,Nil,No traffic controls,50 km/h,State,20,Head on,201,Opp - Head on,,Head-on,Car (sedan/hatch),Car (sedan/hatch),3,0,0,2,0,4,April,Autumn,Thursday,16:00 - 17:59,PM peak / evening commute,True,False,True,True