crash_id,degree_of_crash,degree_of_crash_-_detailed,reporting_year,year_of_crash,month_of_crash,day_of_week_of_crash,two-hour_intervals,street_of_crash,street_type,distance,direction,identifying_feature,identifying_feature_type,town,route_no.,school_zone_location,school_zone_active,type_of_location,latitude,longitude,lga,urbanisation,conurbation_1,alignment,primary_permanent_feature,primary_temporary_feature,primary_hazardous_feature,street_lighting,road_surface,surface_condition,weather,natural_lighting,signals_operation,other_traffic_control,speed_limit,road_classification_(admin),rum_-_code,rum_-_description,dca_-_code,dca_-_description,dca_supplement,first_impact_type,key_tu_type,other_tu_type,no._of_traffic_units_involved,no._killed,no._seriously_injured,no._moderately_injured,no._minor-other_injured,month_num,month_label,season,day_label,time_label,time_band,is_peak_commute,is_fatal,is_injury,is_casualty
1349616,Injury,Moderate Injury,2024,2024,March,Friday,20:00 - 21:59,QUAY,ST,0,Right on the spot,ULTIMO,RD,HAYMARKET,,No,Not a school zone,X-intersection,-33.880776,151.202803,Sydney,Sydney metro. area,Syd-Newc-Woll Gtr conurbation,Straight,,,,Unknown / not stated,Sealed,Dry,Fine,Darkness,On,No traffic controls,40 km/h,Local,21,Right through,202,Opp - Right-thru,,Other angle,4 wheel drive / SUV,Light truck utility(from 2018),2,0,0,1,0,3,March,Autumn,Friday,20:00 - 21:59,Evening / night,False,False,True,True
1349619,Injury,Minor/Other Injury,2024,2024,April,Thursday,08:00 - 09:59,HAVENVIEW,RD,10,West,BELLBIRD,AVE,TERRIGAL,,No,Not a school zone,T-junction,-33.440912,151.433616,Central Coast,Country urban,Syd-Newc-Woll Gtr conurbation,Straight,,,,Off,Sealed,Wet,Raining,Daylight,Nil,Stop sign,50 km/h,Local,30,Rear end,301,Same - Rear end,,Rear end,Car (sedan/hatch),Passenger van,2,0,0,0,1,4,April,Autumn,Thursday,08:00 - 09:59,AM peak / school commute,True,False,True,True
1349623,Injury,Moderate Injury,2024,2024,April,Sunday,20:00 - 21:59,LACHLAN,ST,0,Right on the spot,PITT,ST,COWRA,,No,Not a school zone,T-junction,-33.8238,148.688344,Cowra,Country urban,Rest of NSW - Urban,Straight,,,,Unknown / not stated,Sealed,Dry,Fine,Darkness,Nil,No traffic controls,50 km/h,Local,13,Right near,104,Adj - Right-thru from right,,Right angle,Car (sedan/hatch),Station wagon,2,0,0,1,0,4,April,Autumn,Sunday,20:00 - 21:59,Evening / night,False,False,True,True
1349629,Injury,Minor/Other Injury,2024,2024,April,Wednesday,14:00 - 15:59,WINDSOR,RD,0,Right on the spot,MEMORIAL,AVE,KELLYVILLE,184.0,No,Not a school zone,T-junction,-33.715973,150.960761,The Hills,Sydney metro. area,Syd-Newc-Woll Gtr conurbation,Straight,,,,Unknown / not stated,Sealed,Dry,Fine,Daylight,On,No traffic controls,60 km/h,State,30,Rear end,301,Same - Rear end,,Rear end,Car (sedan/hatch),Car (sedan/hatch),2,0,0,0,1,4,April,Autumn,Wednesday,14:00 - 15:59,Midday / afternoon,False,False,True,True
1349634,Injury,Moderate Injury,2024,2024,April,Friday,20:00 - 21:59,VICTORIA,RD,0,Right on the spot,NUMBER 898-902,HN,WEST RYDE,165.0,No,Not a school zone,Divided road,-33.81182,151.09487,Ryde,Sydney metro. area,Syd-Newc-Woll Gtr conurbation,Straight,,,,Unknown / not stated,Sealed,Dry,Fine,Darkness,Nil,No traffic controls,60 km/h,State,39,Other same direction,300,Same - other,,Other angle,Car (sedan/hatch),Car (sedan/hatch),2,0,0,1,0,4,April,Autumn,Friday,20:00 - 21:59,Evening / night,False,False,True,True
1349635,Injury,Moderate Injury,2024,2024,April,Monday,00:01 - 01:59,JENKINS,RD,0,Right on the spot,JAMES,ST,CARLINGFORD,7145.0,No,Not a school zone,T-junction,-33.781822,151.045315,Parramatta,Sydney metro. area,Syd-Newc-Woll Gtr conurbation,Straight,,,,Unknown / not stated,Sealed,Dry,Fine,Darkness,Nil,No traffic controls,50 km/h,Regional,71,Off rd left => obj,703,Left off cway into object,,Other angle,4 wheel drive / SUV,Car (sedan/hatch),3,0,0,1,0,4,April,Autumn,Monday,00:01 - 01:59,Late night / early morning,False,False,True,True
1349638,Injury,Minor/Other Injury,2024,2024,April,Tuesday,04:00 - 05:59,OLD BANGALOW,RD,999999,West,BANGALOW,RD,BYRON BAY,,No,Not a school zone,2-way undivided,-28.669436,153.603263,Byron,Country urban,Rest of NSW - Urban,Straight,Embankment/cutting,,,Unknown / not stated,Sealed,Dry,Fine,Darkness,Nil,No traffic controls,60 km/h,Local,70,Off road to left,701,Off carriageway to left,,Rollover,4 wheel drive / SUV,,1,0,0,0,1,4,April,Autumn,Tuesday,04:00 - 05:59,Late night / early morning,False,False,True,True
1349642,Injury,Minor/Other Injury,2024,2024,April,Thursday,22:00 - Midnight,CAMPBELLTOWN,RD,0,Right on the spot,ZOUCH,RD,DENHAM COURT,177.0,No,Not a school zone,X-intersection,-33.978169,150.850133,Liverpool,Sydney metro. area,Syd-Newc-Woll Gtr conurbation,Straight,,,,Unknown / not stated,Sealed,Dry,Fine,Darkness,Nil,Give way sign,70 km/h,State,71,Off rd left => obj,703,Left off cway into object,,Vehicle - Object,Car (sedan/hatch),,1,0,0,0,1,4,April,Autumn,Thursday,22:00 - Midnight,Evening / night,False,False,True,True
1349647,Injury,Moderate Injury,2024,2024,March,Thursday,16:00 - 17:59,GWYDIR,HWY,250,West,SUNNYSIDE,RD,MOREE,12.0,No,Not a school zone,2-way undivided,-29.461036,149.814051,Moree Plains,Country urban,Rest of NSW - Urban,Straight,,,,Unknown / not stated,Sealed,Dry,Fine,Dusk,Nil,No traffic controls,50 km/h,State,30,Rear end,301,Same - Rear end,,Rear end,Large rigid,4 wheel drive / SUV,2,0,0,1,0,3,March,Autumn,Thursday,16:00 - 17:59,PM peak / evening commute,True,False,True,True
1349650,Injury,Minor/Other Injury,2024,2024,April,Sunday,18:00 - 19:59,ALEXANDRA,AVE,0,Right on the spot,HAWKESBURY,RD,WESTMEAD,7481.0,No,Not a school zone,X-intersection,-33.808565,150.986925,Cumberland,Sydney metro. area,Syd-Newc-Woll Gtr conurbation,Straight,,,,Unknown / not stated,Sealed,Dry,Fine,Unknown,On,No traffic controls,50 km/h,Regional,21,Right through,202,Opp - Right-thru,,Other angle,Car (sedan/hatch),Light truck utility(from 2018),3,0,0,0,1,4,April,Autumn,Sunday,18:00 - 19:59,PM peak / evening commute,True,False,True,True
1349651,Injury,Minor/Other Injury,2024,2024,April,Thursday,08:00 - 09:59,NEWCASTLE,EXP,1150,South,PACIFIC HIGHWAY,OP,BAR POINT,6003.0,No,Not a school zone,Dual freeway,-33.485098,151.185179,Central Coast,Country non-urban,Syd-Newc-Woll Gtr conurbation,Curved,,,,Unknown / not stated,Sealed,Wet,Raining,Daylight,Nil,No traffic controls,90 km/h,State,81,Off left/rt bnd=>obj,803,Off right bend into obj,Left,Vehicle - Object,Car (sedan/hatch),,1,0,0,0,1,4,April,Autumn,Thursday,08:00 - 09:59,AM peak / school commute,True,False,True,True
1349653,Injury,Moderate Injury,2024,2024,February,Thursday,10:00 - 11:59,PACIFIC,HWY,0,Right on the spot,OURIMBAH CREEK,RD,OURIMBAH,10.0,No,Not a school zone,X-intersection,-33.348956,151.369445,Central Coast,Country urban,Syd-Newc-Woll Gtr conurbation,Curved,,,,Unknown / not stated,Sealed,Dry,Fine,Daylight,Unknown / not stated,No traffic controls,60 km/h,State,30,Rear end,301,Same - Rear end,,Rear end,Car (sedan/hatch),Light truck utility(from 2018),2,0,0,1,0,2,February,Summer,Thursday,10:00 - 11:59,Midday / afternoon,False,False,True,True
1349655,Injury,Serious Injury,2024,2024,April,Saturday,08:00 - 09:59,OLYMPIC,HWY,600,South,RED HILL,RD,MOORONG,78.0,No,Not a school zone,2-way undivided,-35.136092,147.311393,Wagga Wagga,Country non-urban,Rest of NSW - Rural,Straight,B'down lane/road shldr,,,Unknown / not stated,Sealed,Dry,Fine,Daylight,Nil,No traffic controls,100 km/h,State,67,Struck animal,609,On path - Hit animal,,Vehicle - Animal,Motorcycle,,1,0,1,0,0,4,April,Autumn,Saturday,08:00 - 09:59,AM peak / school commute,True,False,True,True
1349656,Injury,Moderate Injury,2024,2024,April,Monday,04:00 - 05:59,CUMBERLAND,HWY,0,Right on the spot,MARSDEN,RD,CARLINGFORD,13.0,No,Not a school zone,T-junction,-33.779647,151.05229,Parramatta,Sydney metro. area,Syd-Newc-Woll Gtr conurbation,Curved,,,,Unknown / not stated,Sealed,Dry,Fine,Dawn,On,No traffic controls,60 km/h,State,30,Rear end,301,Same - Rear end,,Rear end,Car (sedan/hatch),4 wheel drive / SUV,2,0,0,1,0,4,April,Autumn,Monday,04:00 - 05:59,Late night / early morning,False,False,True,True
1349659,Injury,Minor/Other Injury,2024,2024,March,Thursday,08:00 - 09:59,SYDNEY HARBOUR TUNNEL,MS,100,North,TUNNEL,ENT,SYDNEY,6092.0,No,Not a school zone,Dual freeway,-33.861089,151.213855,Sydney,Sydney metro. area,Syd-Newc-Woll Gtr conurbation,Straight,Underpass/tunnel,,,Unknown / not stated,Sealed,Dry,Fine,Daylight,Nil,No traffic controls,80 km/h,State,30,Rear end,301,Same - Rear end,,Rear end,Car (sedan/hatch),Unknown motor vehicle,2,0,0,0,1,3,March,Autumn,Thursday,08:00 - 09:59,AM peak / school commute,True,False,True,True
1349660,Injury,Moderate Injury,2024,2024,March,Friday,12:00 - 13:59,BUNGARRIBEE,RD,0,Right on the spot,WALTERS,RD,BLACKTOWN,7465.0,No,Not a school zone,X-intersection,-33.775846,150.895288,Blacktown,Sydney metro. area,Syd-Newc-Woll Gtr conurbation,Straight,,,,Unknown / not stated,Sealed,Dry,Fine,Daylight,On,No traffic controls,60 km/h,Regional,39,Other same direction,300,Same - other,,Other angle,Car (sedan/hatch),4 wheel drive / SUV,2,0,0,1,0,3,March,Autumn,Friday,12:00 - 13:59,Midday / afternoon,False,False,True,True
1349662,Injury,Serious Injury,2024,2024,April,Friday,18:00 - 19:59,STURT,HWY,1000,West,KINGS,RD,GALORE,14.0,No,Not a school zone,2-way undivided,-35.008239,146.837112,Wagga Wagga,Country non-urban,Rest of NSW - Rural,Curved,,,,Unknown / not stated,Sealed,Wet,Raining,Dusk,Nil,No traffic controls,100 km/h,State,89,Other curve,800,Other on curve,,Unknown,4 wheel drive / SUV,,1,0,1,0,0,4,April,Autumn,Friday,18:00 - 19:59,PM peak / evening commute,True,False,True,True
1349666,Injury,Moderate Injury,2024,2024,April,Sunday,10:00 - 11:59,APPIN,RD,0,Right on the spot,ST JOHNS,RD,BRADBURY,177.0,No,Not a school zone,T-junction,-34.088821,150.806007,Campbelltown,Sydney metro. area,Syd-Newc-Woll Gtr conurbation,Straight,,,,Unknown / not stated,Sealed,Dry,Fine,Daylight,On,No traffic controls,80 km/h,State,21,Right through,202,Opp - Right-thru,,Other angle,Car (sedan/hatch),Car (sedan/hatch),2,0,0,1,1,4,April,Autumn,Sunday,10:00 - 11:59,Midday / afternoon,False,False,True,True
1349670,Injury,Minor/Other Injury,2024,2024,February,Thursday,16:00 - 17:59,STATION,ST,0,Right on the spot,DARCY,ST,PARRAMATTA,,Yes,No,T-junction,-33.817093,151.006003,Parramatta,Sydney metro. area,Syd-Newc-Woll Gtr conurbation,Curved,Bus/transit lane,,,Unknown / not stated,Sealed,Dry,Fine,Dusk,On,No traffic controls,40 km/h,Local,90,Fell in/from vehicle,901,Fell in/from vehicle,,Person - Object,Other bus,,1,0,0,0,1,2,February,Summer,Thursday,16:00 - 17:59,PM peak / evening commute,True,False,True,True
1349672,Injury,Minor/Other Injury,2024,2024,April,Monday,16:00 - 17:59,WARRINGAH,EXP,500,North,CAHILL EXPRESSWAY,TO,NORTH SYDNEY,651.0,No,Not a school zone,Dual freeway,-33.833411,151.211955,North Sydney,Sydney metro. area,Syd-Newc-Woll Gtr conurbation,Straight,,,,Unknown / not stated,Sealed,Dry,Fine,Dusk,Nil,No traffic controls,80 km/h,State,30,Rear end,301,Same - Rear end,,Rear end,4 wheel drive / SUV,Car (sedan/hatch),3,0,0,0,1,4,April,Autumn,Monday,16:00 - 17:59,PM peak / evening commute,True,False,True,True
1349675,Injury,Moderate Injury,2024,2024,March,Monday,10:00 - 11:59,BURELLI,ST,0,Right on the spot,KEIRA,ST,WOLLONGONG,,No,Not a school zone,X-intersection,-34.426044,150.892832,Wollongong,Wollongong met. area,Syd-Newc-Woll Gtr conurbation,Curved,,,,Unknown / not stated,Sealed,Dry,Fine,Daylight,On,No traffic controls,50 km/h,Local,10,Cross traffic,101,Adj - Cross traffic,,Right angle,4 wheel drive / SUV,Light truck utility(from 2018),2,0,0,1,0,3,March,Autumn,Monday,10:00 - 11:59,Midday / afternoon,False,False,True,True
1349676,Injury,Moderate Injury,2024,2024,April,Sunday,20:00 - 21:59,THE HORSLEY,DR,0,Right on the spot,FAIRFIELD STREET,TO,FAIRFIELD EAST,609.0,Yes,No,Divided road,-33.871275,150.962669,Fairfield,Sydney metro. area,Syd-Newc-Woll Gtr conurbation,Straight,,,,Unknown / not stated,Sealed,Dry,Fine,Darkness,Nil,No traffic controls,60 km/h,State,73,Off rd rght => obj,704,Right off cway into obj,,Vehicle - Object,Car (sedan/hatch),,1,0,0,1,0,4,April,Autumn,Sunday,20:00 - 21:59,Evening / night,False,False,True,True
1349677,Injury,Moderate Injury,2024,2024,April,Sunday,14:00 - 15:59,CROOKED,LANE,0,Right on the spot,SLOPES,RD,NORTH RICHMOND,,No,Not a school zone,T-junction,-33.570965,150.718671,Hawkesbury,Country urban,Syd-Newc-Woll Gtr conurbation,Curved,,,,Unknown / not stated,Sealed,Dry,Fine,Daylight,Nil,No traffic controls,70 km/h,Local,13,Right near,104,Adj - Right-thru from right,,Right angle,Car (sedan/hatch),Station wagon,2,0,0,1,0,4,April,Autumn,Sunday,14:00 - 15:59,Midday / afternoon,False,False,True,True
1349681,Injury,Serious Injury,2024,2024,April,Friday,14:00 - 15:59,COBB,HWY,0,Right on the spot,GREAVES,RD,DENILIQUIN,21.0,No,Not a school zone,T-junction,-35.594917,144.928965,Murray River,Country non-urban,Rest of NSW - Rural,Curved,Ditch/drain/culvert,,,Nil,Sealed,Dry,Fine,Daylight,Nil,No traffic controls,100 km/h,State,83,Off rt/rt bnd=>obj,803,Off right bend into obj,Right,Vehicle - Object,Car (sedan/hatch),,1,0,1,0,0,4,April,Autumn,Friday,14:00 - 15:59,Midday / afternoon,False,False,True,True
1349685,Injury,Minor/Other Injury,2024,2024,March,Monday,16:00 - 17:59,PRINCES,HWY,0,Right on the spot,MONAHAN,AVE,BANKSIA,1.0,No,Not a school zone,T-junction,-33.947629,151.140383,Bayside,Sydney metro. area,Syd-Newc-Woll Gtr conurbation,Straight,,,,Unknown / not stated,Sealed,Dry,Fine,Daylight,Nil,Give way sign,60 km/h,State,36,Right turn sideswipe,308,Same - Rgt turn side swipe,,Other angle,Light truck utility(from 2018),Station wagon,2,0,0,0,1,3,March,Autumn,Monday,16:00 - 17:59,PM peak / evening commute,True,False,True,True
1349686,Injury,Moderate Injury,2024,2024,April,Monday,08:00 - 09:59,CLARENCE,WAY,0,Right on the spot,NUMBER 614,HN,MOLEVILLE CREEK,150.0,No,Not a school zone,2-way undivided,-29.571441,152.899753,Clarence Valley,Country non-urban,Rest of NSW - Rural,Curved,,,,Unknown / not stated,Sealed,Dry,Fine,Daylight,Nil,No traffic controls,100 km/h,Regional,80,Off left/right bend,801,Off cway right bend,Left,Rollover,Car (sedan/hatch),,1,0,0,1,0,4,April,Autumn,Monday,08:00 - 09:59,AM peak / school commute,True,False,True,True
1349687,Injury,Moderate Injury,2024,2024,April,Thursday,20:00 - 21:59,MARKET,ST,0,Right on the spot,NUMBER 100,HN,WOLLONGONG,,No,Not a school zone,2-way undivided,-34.423087,150.891264,Wollongong,Wollongong met. area,Syd-Newc-Woll Gtr conurbation,Straight,Foot/cycle path/nature strip,,,Unknown / not stated,Sealed,Dry,Fine,Darkness,Nil,No traffic controls,50 km/h,Local,6,Ped on footpath,8,Ped - On footway/median,,Vehicle - Pedestrian,Pedal cycle,Pedestrian,2,0,0,1,0,4,April,Autumn,Thursday,20:00 - 21:59,Evening / night,False,False,True,True
1349689,Injury,Moderate Injury,2024,2024,April,Tuesday,10:00 - 11:59,GLADSTONE,AVE,0,Right on the spot,GRASMERE,ST,MOUNT SAINT THOMAS,,No,Not a school zone,T-junction,-34.442888,150.873907,Wollongong,Wollongong met. area,Syd-Newc-Woll Gtr conurbation,Straight,Steep grade,,,Unknown / not stated,Sealed,Dry,Fine,Daylight,Nil,No traffic controls,50 km/h,Local,21,Right through,202,Opp - Right-thru,,Other angle,Car (sedan/hatch),Pedal cycle,2,0,0,2,0,4,April,Autumn,Tuesday,10:00 - 11:59,Midday / afternoon,False,False,True,True
1349690,Injury,Moderate Injury,2024,2024,April,Thursday,06:00 - 07:59,CANTERBURY,RD,0,Right on the spot,CLEMENTS,AVE,BANKSTOWN,167.0,No,Not a school zone,T-junction,-33.934303,151.032636,Canterbury-Bankstown,Sydney metro. area,Syd-Newc-Woll Gtr conurbation,Straight,,,,Unknown / not stated,Sealed,Dry,Fine,Dawn,Nil,Give way sign,60 km/h,State,21,Right through,202,Opp - Right-thru,,Other angle,Station wagon,Motorcycle,2,0,0,1,0,4,April,Autumn,Thursday,06:00 - 07:59,AM peak / school commute,True,False,True,True
1349691,Injury,Minor/Other Injury,2024,2024,April,Wednesday,16:00 - 17:59,BRADFIELD,HWY,0,Right on the spot,CAHILL EXPRESSWAY,TO,MILLERS POINT,632.0,No,Not a school zone,Divided road,-33.859122,151.206505,Sydney,Sydney metro. area,Syd-Newc-Woll Gtr conurbation,Straight,,,,Unknown / not stated,Sealed,Dry,Fine,Dusk,Nil,No traffic controls,70 km/h,State,30,Rear end,301,Same - Rear end,,Rear end,Car (sedan/hatch),4 wheel drive / SUV,2,0,0,0,1,4,April,Autumn,Wednesday,16:00 - 17:59,PM peak / evening commute,True,False,True,True
1349692,Injury,Minor/Other Injury,2024,2024,March,Tuesday,04:00 - 05:59,CAMDEN VALLEY,WAY,0,Right on the spot,SPRINGFIELD,RD,CATHERINE FIELD,620.0,No,Not a school zone,X-intersection,-34.009824,150.770155,Camden,Sydney metro. area,Syd-Newc-Woll Gtr conurbation,Straight,,,,Unknown / not stated,Sealed,Dry,Fine,Darkness,On,No traffic controls,80 km/h,State,21,Right through,202,Opp - Right-thru,,Other angle,Car (sedan/hatch),4 wheel drive / SUV,2,0,0,0,1,3,March,Autumn,Tuesday,04:00 - 05:59,Late night / early morning,False,False,True,True
1349693,Injury,Serious Injury,2024,2024,April,Tuesday,12:00 - 13:59,URANUS,RD,50,West,VEGA,ST,REVESBY,7128.0,No,Not a school zone,2-way undivided,-33.955658,151.018639,Canterbury-Bankstown,Sydney metro. area,Syd-Newc-Woll Gtr conurbation,Straight,,,,Unknown / not stated,Sealed,Dry,Fine,Daylight,Nil,No traffic controls,60 km/h,Regional,71,Off rd left => obj,703,Left off cway into object,,Other angle,Car (sedan/hatch),Car (sedan/hatch),2,0,1,0,0,4,April,Autumn,Tuesday,12:00 - 13:59,Midday / afternoon,False,False,True,True
1349701,Injury,Minor/Other Injury,2024,2024,April,Saturday,20:00 - 21:59,CANTERBURY,RD,80,East,MORETON,ST,LAKEMBA,167.0,No,Not a school zone,2-way undivided,-33.925773,151.085633,Canterbury-Bankstown,Sydney metro. area,Syd-Newc-Woll Gtr conurbation,Straight,,,,Unknown / not stated,Sealed,Dry,Fine,Darkness,Nil,No traffic controls,60 km/h,State,30,Rear end,301,Same - Rear end,,Rear end,Car (sedan/hatch),Car (sedan/hatch),3,0,0,0,1,4,April,Autumn,Saturday,20:00 - 21:59,Evening / night,False,False,True,True
1349705,Injury,Moderate Injury,2024,2024,April,Tuesday,00:01 - 01:59,BUNNERONG,RD,90,North,FITZGERALD,AVE,MAROUBRA,171.0,Yes,No,Divided road,-33.947049,151.229046,Randwick,Sydney metro. area,Syd-Newc-Woll Gtr conurbation,Straight,,,,Unknown / not stated,Sealed,Dry,Fine,Darkness,Nil,No traffic controls,60 km/h,State,71,Off rd left => obj,703,Left off cway into object,,Vehicle - Object,Other bus,,1,0,0,1,0,4,April,Autumn,Tuesday,00:01 - 01:59,Late night / early morning,False,False,True,True
1349707,Injury,Minor/Other Injury,2024,2024,April,Wednesday,10:00 - 11:59,HIGH VIEW,AVE,0,Right on the spot,HIGH VIEW,LANE,NEUTRAL BAY,,No,Not a school zone,T-junction,-33.834572,151.217531,North Sydney,Sydney metro. area,Syd-Newc-Woll Gtr conurbation,Straight,Steep grade,,,Unknown / not stated,Sealed,Dry,Fine,Daylight,Nil,No traffic controls,50 km/h,Local,73,Off rd rght => obj,704,Right off cway into obj,,Vehicle - Object,Light truck utility(from 2018),,1,0,0,0,1,4,April,Autumn,Wednesday,10:00 - 11:59,Midday / afternoon,False,False,True,True
1349712,Injury,Moderate Injury,2024,2024,April,Monday,16:00 - 17:59,LOPEZ,LANE,0,Right on the spot,RAYMOND,ST,BANKSTOWN,,No,Not a school zone,T-junction,-33.919634,151.035547,Canterbury-Bankstown,Sydney metro. area,Syd-Newc-Woll Gtr conurbation,Straight,,,,Unknown / not stated,Sealed,Dry,Fine,Daylight,Nil,Other traf. control,40 km/h,Local,73,Off rd rght => obj,704,Right off cway into obj,,Vehicle - Object,Car (sedan/hatch),,1,0,0,1,0,4,April,Autumn,Monday,16:00 - 17:59,PM peak / evening commute,True,False,True,True
1349714,Injury,Moderate Injury,2024,2024,April,Saturday,16:00 - 17:59,GREAT WESTERN,HWY,0,Right on the spot,GREYSTANES,RD,GIRRAWEEN,5.0,No,Not a school zone,T-junction,-33.808271,150.937209,Cumberland,Sydney metro. area,Syd-Newc-Woll Gtr conurbation,Curved,,,,Unknown / not stated,Sealed,Dry,Overcast,Daylight,On,No traffic controls,80 km/h,State,30,Rear end,301,Same - Rear end,,Rear end,Car (sedan/hatch),Car (sedan/hatch),2,0,0,1,0,4,April,Autumn,Saturday,16:00 - 17:59,PM peak / evening commute,True,False,True,True
1349717,Injury,Moderate Injury,2024,2024,April,Thursday,16:00 - 17:59,MILPERRA,RD,0,Right on the spot,ASHFORD,AVE,MILPERRA,167.0,No,Not a school zone,T-junction,-33.929893,150.99079,Canterbury-Bankstown,Sydney metro. area,Syd-Newc-Woll Gtr conurbation,Straight,,,,Unknown / not stated,Sealed,Dry,Fine,Daylight,On,No traffic controls,70 km/h,State,30,Rear end,301,Same - Rear end,,Rear end,Large rigid,Car (sedan/hatch),2,0,0,1,0,4,April,Autumn,Thursday,16:00 - 17:59,PM peak / evening commute,True,False,True,True
1349721,Injury,Serious Injury,2024,2024,March,Monday,08:00 - 09:59,DIGHTS FOREST,RD,200,East,NIOKA,RD,JINDERA,,No,Not a school zone,2-way undivided,-35.94849,146.936947,Greater Hume,Country non-urban,Rest of NSW - Rural,Curved,,,,Unknown / not stated,Sealed,Dry,Fine,Daylight,Nil,No traffic controls,100 km/h,Local,30,Rear end,301,Same - Rear end,,Rear end,4 wheel drive / SUV,Car (sedan/hatch),2,0,1,0,1,3,March,Autumn,Monday,08:00 - 09:59,AM peak / school commute,True,False,True,True
1349723,Injury,Minor/Other Injury,2024,2024,April,Tuesday,14:00 - 15:59,GEORGE BOOTH,DR,0,Right on the spot,KENT ROAD,TO,EDGEWORTH,527.0,No,Not a school zone,Divided road,-32.918232,151.597586,Lake Macquarie,Newcastle met. area,Syd-Newc-Woll Gtr conurbation,Straight,,,,Unknown / not stated,Sealed,Dry,Fine,Daylight,Nil,Give way sign,80 km/h,State,34,Lane change right,306,Same - Lane change right,,Other angle,Light truck utility(from 2018),4 wheel drive / SUV,2,0,0,0,1,4,April,Autumn,Tuesday,14:00 - 15:59,Midday / afternoon,False,False,True,True
1349724,Injury,Moderate Injury,2024,2024,April,Wednesday,14:00 - 15:59,WINDSOR,RD,0,Right on the spot,SCHOFIELDS,RD,ROUSE HILL,184.0,No,Not a school zone,X-intersection,-33.69033,150.922312,The Hills,Sydney metro. area,Syd-Newc-Woll Gtr conurbation,Straight,,,,Unknown / not stated,Sealed,Dry,Fine,Daylight,On,No traffic controls,80 km/h,State,30,Rear end,301,Same - Rear end,,Rear end,Car (sedan/hatch),Car (sedan/hatch),2,0,0,1,0,4,April,Autumn,Wednesday,14:00 - 15:59,Midday / afternoon,False,False,True,True
1349725,Injury,Minor/Other Injury,2024,2024,April,Sunday,14:00 - 15:59,KING GEORGES,RD,0,Right on the spot,TOORONGA,TCE,BEVERLY HILLS,200.0,Yes,No,T-junction,-33.948862,151.080457,Georges River,Sydney metro. area,Syd-Newc-Woll Gtr conurbation,Straight,,,,Unknown / not stated,Sealed,Dry,Fine,Daylight,On,No traffic controls,60 km/h,State,30,Rear end,301,Same - Rear end,,Rear end,Car (sedan/hatch),Station wagon,2,0,0,0,1,4,April,Autumn,Sunday,14:00 - 15:59,Midday / afternoon,False,False,True,True
1349726,Injury,Minor/Other Injury,2024,2024,April,Thursday,18:00 - 19:59,CAMPBELLTOWN,RD,0,Right on the spot,PLOUGH ROAD,TO,LEUMEAH,177.0,No,Not a school zone,Divided road,-34.049814,150.826647,Campbelltown,Sydney metro. area,Syd-Newc-Woll Gtr conurbation,Straight,,,,Off,Sealed,Dry,Fine,Daylight,Nil,Ped crossing,60 km/h,State,30,Rear end,301,Same - Rear end,,Rear end,Car (sedan/hatch),Car (sedan/hatch),2,0,0,0,1,4,April,Autumn,Thursday,18:00 - 19:59,PM peak / evening commute,True,False,True,True
1349727,Injury,Moderate Injury,2024,2024,April,Tuesday,14:00 - 15:59,WESTERN,EXP,200,East,CUMBERLAND HIGHWAY,OP,SOUTH WENTWORTHVILLE,6004.0,No,Not a school zone,Dual freeway,-33.816684,150.965586,Cumberland,Sydney metro. area,Syd-Newc-Woll Gtr conurbation,Straight,,,,Unknown / not stated,Sealed,Dry,Fine,Daylight,Nil,No traffic controls,90 km/h,State,30,Rear end,301,Same - Rear end,,Rear end,Light truck utility(from 2018),4 wheel drive / SUV,3,0,0,1,0,4,April,Autumn,Tuesday,14:00 - 15:59,Midday / afternoon,False,False,True,True
1349730,Injury,Serious Injury,2024,2024,April,Thursday,08:00 - 09:59,SUNNYHOLT,RD,0,Right on the spot,STANHOPE,PKWY,STANHOPE GARDENS,642.0,No,Not a school zone,T-junction,-33.721409,150.932453,Blacktown,Sydney metro. area,Syd-Newc-Woll Gtr conurbation,Curved,,,,Unknown / not stated,Sealed,Dry,Fine,Daylight,On,No traffic controls,60 km/h,State,88,Out of cont on bend,706,Left turn,,Rollover,Motorcycle,,1,0,1,0,0,4,April,Autumn,Thursday,08:00 - 09:59,AM peak / school commute,True,False,True,True
1349731,Injury,Serious Injury,2024,2024,April,Friday,08:00 - 09:59,QUAKERS HILL,PKWY,0,Right on the spot,RICHMOND,RD,DOONSIDE,7153.0,No,Not a school zone,X-intersection,-33.742828,150.870346,Blacktown,Sydney metro. area,Syd-Newc-Woll Gtr conurbation,Straight,,,,Unknown / not stated,Sealed,Dry,Fine,Daylight,On,No traffic controls,60 km/h,Regional,85,Off rt/lft bnd=>obj,706,Left turn,Right,Vehicle - Object,Motorcycle,,3,0,1,0,0,4,April,Autumn,Friday,08:00 - 09:59,AM peak / school commute,True,False,True,True
1349734,Injury,Serious Injury,2024,2024,April,Wednesday,06:00 - 07:59,WESTERN,EXP,600,East,BRABHAM DRIVE,OP,EASTERN CREEK,6004.0,No,Not a school zone,Dual freeway,-33.801476,150.876608,Blacktown,Sydney metro. area,Syd-Newc-Woll Gtr conurbation,Straight,,,,Unknown / not stated,Sealed,Dry,Fine,Unknown,Nil,No traffic controls,100 km/h,State,30,Rear end,301,Same - Rear end,,Rear end,Light truck utility(from 2018),Semi-trailer,3,0,1,0,0,4,April,Autumn,Wednesday,06:00 - 07:59,AM peak / school commute,True,False,True,True
1349739,Injury,Serious Injury,2024,2024,April,Thursday,16:00 - 17:59,NARELLAN,RD,700,West,BLAXLAND,RD,BLAIR ATHOL,178.0,No,Not a school zone,Divided road,-34.065395,150.795893,Campbelltown,Sydney metro. area,Syd-Newc-Woll Gtr conurbation,Straight,,,,Unknown / not stated,Sealed,Dry,Fine,Daylight,Nil,No traffic controls,80 km/h,State,35,Lane change left,307,Same - Lane change left,,Other angle,Light truck utility(from 2018),Large rigid,4,0,1,0,0,4,April,Autumn,Thursday,16:00 - 17:59,PM peak / evening commute,True,False,True,True