crash_id,degree_of_crash,degree_of_crash_-_detailed,reporting_year,year_of_crash,month_of_crash,day_of_week_of_crash,two-hour_intervals,street_of_crash,street_type,distance,direction,identifying_feature,identifying_feature_type,town,route_no.,school_zone_location,school_zone_active,type_of_location,latitude,longitude,lga,urbanisation,conurbation_1,alignment,primary_permanent_feature,primary_temporary_feature,primary_hazardous_feature,street_lighting,road_surface,surface_condition,weather,natural_lighting,signals_operation,other_traffic_control,speed_limit,road_classification_(admin),rum_-_code,rum_-_description,dca_-_code,dca_-_description,dca_supplement,first_impact_type,key_tu_type,other_tu_type,no._of_traffic_units_involved,no._killed,no._seriously_injured,no._moderately_injured,no._minor-other_injured,month_num,month_label,season,day_label,time_label,time_band,is_peak_commute,is_fatal,is_injury,is_casualty
1349767,Injury,Moderate Injury,2024,2024,January,Thursday,10:00 - 11:59,OXLEY,HWY,0,Right on the spot,MORTON STREET,TO,PORT MACQUARIE,11.0,No,Not a school zone,Divided road,-31.43552,152.897673,Port Macquarie-Hastings,Country urban,Rest of NSW - Urban,Straight,Steep grade,,,Off,Sealed,Dry,Fine,Daylight,Nil,No traffic controls,60 km/h,State,73,Off rd rght => obj,704,Right off cway into obj,,Vehicle - Object,Motorcycle,,1,0,0,1,0,1,January,Summer,Thursday,10:00 - 11:59,Midday / afternoon,False,False,True,True
1349770,Injury,Serious Injury,2024,2024,January,Tuesday,12:00 - 13:59,BANKS,RD,0,Right on the spot,SOUTH LIVERPOOL,RD,GREEN VALLEY,,No,Not a school zone,X-intersection,-33.910862,150.875157,Liverpool,Sydney metro. area,Syd-Newc-Woll Gtr conurbation,Straight,,,,Off,Sealed,Dry,Fine,Daylight,On,No traffic controls,50 km/h,Local,21,Right through,202,Opp - Right-thru,,Other angle,4 wheel drive / SUV,Car (sedan/hatch),2,0,1,0,0,1,January,Summer,Tuesday,12:00 - 13:59,Midday / afternoon,False,False,True,True
1349771,Injury,Moderate Injury,2024,2024,January,Friday,00:01 - 01:59,GURRIER,AVE,10,South,KINGSWAY,MS,MIRANDA,227.0,No,Not a school zone,T-junction,-34.034703,151.105419,Sutherland,Sydney metro. area,Syd-Newc-Woll Gtr conurbation,Straight,,,,On,Sealed,Dry,Fine,Darkness,Nil,Give way sign,60 km/h,State,85,Off rt/lft bnd=>obj,706,Left turn,Right,Vehicle - Object,Car (sedan/hatch),,2,0,0,1,0,1,January,Summer,Friday,00:01 - 01:59,Late night / early morning,False,False,True,True
1349772,Injury,Serious Injury,2024,2024,January,Monday,14:00 - 15:59,BOUNDARY,RD,200,West,WHEELERS,LANE,DUBBO,,No,Not a school zone,2-way undivided,-32.270055,148.624666,Dubbo Regional,Country urban,Rest of NSW - Urban,Straight,,,,Off,Sealed,Wet,Raining,Daylight,Nil,No traffic controls,60 km/h,Local,74,On road-out of cont.,705,Out of control on cway,,Rollover,Motorcycle,,1,0,1,0,0,1,January,Summer,Monday,14:00 - 15:59,Midday / afternoon,False,False,True,True
1349773,Injury,Serious Injury,2024,2024,January,Thursday,18:00 - 19:59,WINDSOR,RD,0,Right on the spot,SEVEN HILLS,RD,BAULKHAM HILLS,184.0,No,Not a school zone,X-intersection,-33.761977,150.992848,The Hills,Sydney metro. area,Syd-Newc-Woll Gtr conurbation,Straight,,,,On,Sealed,Dry,Fine,Dusk,On,No traffic controls,60 km/h,State,30,Rear end,301,Same - Rear end,,Rear end,Car (sedan/hatch),Car (sedan/hatch),4,0,1,0,0,1,January,Summer,Thursday,18:00 - 19:59,PM peak / evening commute,True,False,True,True
1349779,Injury,Serious Injury,2024,2024,January,Tuesday,18:00 - 19:59,BRISBANE WATER,DR,0,Right on the spot,WATERVIEW,CRES,TASCOTT,349.0,No,Not a school zone,T-junction,-33.450596,151.31983,Central Coast,Country urban,Syd-Newc-Woll Gtr conurbation,Curved,Crest,,,Off,Sealed,Dry,Fine,Daylight,Nil,No U turn,60 km/h,State,85,Off rt/lft bnd=>obj,804,Off left bend into obj,Right,Vehicle - Object,Motorcycle,,1,0,1,0,0,1,January,Summer,Tuesday,18:00 - 19:59,PM peak / evening commute,True,False,True,True
1349781,Injury,Serious Injury,2024,2024,January,Thursday,16:00 - 17:59,BOORGA,RD,0,Right on the spot,JONES,RD,LAKE WYANGAN,,No,Not a school zone,X-intersection,-34.234057,146.034832,Griffith,Country non-urban,Rest of NSW - Rural,Straight,,,,Nil,Sealed,Dry,Fine,Daylight,Nil,Give way sign,100 km/h,Local,10,Cross traffic,101,Adj - Cross traffic,,Right angle,4 wheel drive / SUV,4 wheel drive / SUV,2,0,1,1,0,1,January,Summer,Thursday,16:00 - 17:59,PM peak / evening commute,True,False,True,True
1349782,Injury,Moderate Injury,2024,2024,January,Friday,10:00 - 11:59,BOTANY,RD,0,Right on the spot,NUMBER 366-370,HN,BEACONSFIELD,170.0,No,Not a school zone,2-way undivided,-33.909375,151.202602,Sydney,Sydney metro. area,Syd-Newc-Woll Gtr conurbation,Straight,Driveway/entrance,,,Off,Sealed,Dry,Fine,Daylight,Nil,No traffic controls,50 km/h,State,37,Left turn sideswipe,309,Same - Left turn side swipe,,Other angle,Light truck,Motorcycle,3,0,0,1,0,1,January,Summer,Friday,10:00 - 11:59,Midday / afternoon,False,False,True,True
1349783,Injury,Moderate Injury,2024,2024,January,Wednesday,18:00 - 19:59,HAROLD,ST,0,Right on the spot,NUMBER 40,HN,FAIRFIELD,,No,Not a school zone,2-way undivided,-33.874013,150.946696,Fairfield,Sydney metro. area,Syd-Newc-Woll Gtr conurbation,Straight,,,,Nil,Sealed,Dry,Fine,Daylight,Nil,No traffic controls,50 km/h,Local,73,Off rd rght => obj,704,Right off cway into obj,,Other angle,4 wheel drive / SUV,4 wheel drive / SUV,2,0,0,2,0,1,January,Summer,Wednesday,18:00 - 19:59,PM peak / evening commute,True,False,True,True
1349784,Injury,Moderate Injury,2024,2024,January,Tuesday,12:00 - 13:59,BRADY,ST,0,Right on the spot,FITZROY,ST,CROYDON,,No,Not a school zone,Roundabout,-33.882713,151.110576,Burwood,Sydney metro. area,Syd-Newc-Woll Gtr conurbation,Straight,,,,Off,Sealed,Dry,Fine,Daylight,Nil,Give way sign,50 km/h,Local,10,Cross traffic,101,Adj - Cross traffic,,Right angle,Light truck utility(from 2018),Pedal cycle,2,0,0,1,0,1,January,Summer,Tuesday,12:00 - 13:59,Midday / afternoon,False,False,True,True
1349786,Injury,Moderate Injury,2024,2024,February,Saturday,16:00 - 17:59,BIDJIGAL,RD,0,Right on the spot,BONAR,ST,ARNCLIFFE,,No,Not a school zone,T-junction,-33.933072,151.146032,Bayside,Sydney metro. area,Syd-Newc-Woll Gtr conurbation,Straight,,,,Off,Sealed,Dry,Fine,Daylight,Nil,No traffic controls,50 km/h,Local,21,Right through,202,Opp - Right-thru,,Other angle,4 wheel drive / SUV,Pedal cycle,2,0,0,1,0,2,February,Summer,Saturday,16:00 - 17:59,PM peak / evening commute,True,False,True,True
1349788,Injury,Serious Injury,2024,2024,January,Wednesday,16:00 - 17:59,MEBUL,RD,200,North,GOOLMA,RD,MEBUL,,No,Not a school zone,2-way undivided,-32.381076,149.306825,Mid-Western Regional,Country non-urban,Rest of NSW - Rural,Straight,Steep grade,,,Nil,Sealed,Dry,Fine,Daylight,Nil,No traffic controls,100 km/h,Local,71,Off rd left => obj,703,Left off cway into object,,Vehicle - Object,Car (sedan/hatch),,1,0,2,0,0,1,January,Summer,Wednesday,16:00 - 17:59,PM peak / evening commute,True,False,True,True
1349790,Injury,Moderate Injury,2024,2024,February,Wednesday,22:00 - Midnight,QUEEN,ST,10,East,COWPER,ST,GLEBE,,No,Not a school zone,X-intersection,-33.881332,151.192595,Sydney,Sydney metro. area,Syd-Newc-Woll Gtr conurbation,Straight,,,,On,Sealed,Dry,Fine,Darkness,Nil,Give way sign,50 km/h,Local,74,On road-out of cont.,705,Out of control on cway,,Rollover,Pedal cycle,,1,0,0,1,0,2,February,Summer,Wednesday,22:00 - Midnight,Evening / night,False,False,True,True
1349791,Injury,Serious Injury,2024,2024,February,Saturday,10:00 - 11:59,RAILWAY,ST,50,West,OLD PRINCES,HWY,CORRIMAL,,No,Not a school zone,2-way undivided,-34.373105,150.896365,Wollongong,Wollongong met. area,Syd-Newc-Woll Gtr conurbation,Straight,Foot/cycle path/nature strip,,,Off,Sealed,Dry,Fine,Daylight,Nil,No traffic controls,50 km/h,Local,48,From footpath,408,Manov - From footway,,Other angle,Pedal cycle,Car (sedan/hatch),2,0,1,0,0,2,February,Summer,Saturday,10:00 - 11:59,Midday / afternoon,False,False,True,True
1349793,Injury,Serious Injury,2024,2024,January,Monday,22:00 - Midnight,BRUXNER,HWY,100,West,TAYLORS,LANE,WOODVIEW,16.0,No,Not a school zone,2-way undivided,-28.865121,152.986376,Richmond Valley,Country non-urban,Rest of NSW - Rural,Curved,Steep grade,,,Nil,Sealed,Wet,Fine,Darkness,Nil,No traffic controls,100 km/h,State,80,Off left/right bend,801,Off cway right bend,Left,Rollover,Car (sedan/hatch),,1,0,1,0,0,1,January,Summer,Monday,22:00 - Midnight,Evening / night,False,False,True,True
1349794,Injury,Minor/Other Injury,2024,2024,January,Thursday,00:01 - 01:59,PACIFIC,HWY,270,South,ROSS GLEN,RD,ROSSGLEN,10.0,No,Not a school zone,Divided road,-31.667293,152.738506,Port Macquarie-Hastings,Country non-urban,Rest of NSW - Rural,Curved,Embankment/cutting,,,Nil,Sealed,Dry,Fine,Darkness,Nil,No traffic controls,110 km/h,State,85,Off rt/lft bnd=>obj,804,Off left bend into obj,Right,Vehicle - Object,Car (sedan/hatch),,1,0,0,0,1,1,January,Summer,Thursday,00:01 - 01:59,Late night / early morning,False,False,True,True
1349795,Injury,Moderate Injury,2024,2024,February,Saturday,16:00 - 17:59,LYONS,RD,10,East,BARNEY,ST,DRUMMOYNE,395.0,No,Not a school zone,T-junction,-33.856572,151.146213,Canada Bay,Sydney metro. area,Syd-Newc-Woll Gtr conurbation,Straight,,,,Nil,Sealed,Dry,Fine,Daylight,Nil,No traffic controls,50 km/h,State,31,Left rear,302,Same - Rear left,,Rear end,Motorcycle,4 wheel drive / SUV,2,0,0,1,0,2,February,Summer,Saturday,16:00 - 17:59,PM peak / evening commute,True,False,True,True
1349798,Injury,Moderate Injury,2024,2024,February,Wednesday,06:00 - 07:59,GREAT WESTERN,HWY,0,Right on the spot,COOPER,ST,STRATHFIELD,5.0,No,Not a school zone,T-junction,-33.865888,151.092102,Canada Bay,Sydney metro. area,Syd-Newc-Woll Gtr conurbation,Straight,,,,Nil,Sealed,Dry,Fine,Daylight,Nil,Stop sign,60 km/h,State,16,Left near,107,Adj - Left-thru from right,,Right angle,Car (sedan/hatch),Motorcycle,3,0,0,1,0,2,February,Summer,Wednesday,06:00 - 07:59,AM peak / school commute,True,False,True,True
1349799,Injury,Serious Injury,2024,2024,February,Monday,20:00 - 21:59,LOFTUS,RD,0,Right on the spot,NUMBER 165,HN,CRESCENT HEAD,,No,Not a school zone,2-way undivided,-31.167237,152.96981,Kempsey,Country urban,Rest of NSW - Urban,Straight,,,,Nil,Sealed,Dry,Fine,Darkness,Nil,No traffic controls,80 km/h,Local,71,Off rd left => obj,703,Left off cway into object,,Vehicle - Object,Car (sedan/hatch),,1,0,2,0,0,2,February,Summer,Monday,20:00 - 21:59,Evening / night,False,False,True,True
1349802,Injury,Serious Injury,2024,2024,February,Tuesday,12:00 - 13:59,GREAT WESTERN,HWY,1000,North,BLACKMANS CREEK,RD,HARTLEY,5.0,No,Not a school zone,2-way undivided,-33.537039,150.160661,Lithgow,Country urban,Rest of NSW - Urban,Curved,Embankment/cutting,,,Nil,Sealed,Wet,Raining,Daylight,Nil,No traffic controls,80 km/h,State,82,Off right/right bend,801,Off cway right bend,Right,Rollover,4 wheel drive / SUV,,1,0,1,0,0,2,February,Summer,Tuesday,12:00 - 13:59,Midday / afternoon,False,False,True,True
1349806,Injury,Serious Injury,2024,2024,January,Friday,08:00 - 09:59,CENTENARY,DR,0,Right on the spot,ARTHUR,ST,STRATHFIELD,200.0,No,Not a school zone,X-intersection,-33.867909,151.064212,Strathfield,Sydney metro. area,Syd-Newc-Woll Gtr conurbation,Straight,,,,Off,Sealed,Dry,Fine,Daylight,On,No traffic controls,80 km/h,State,10,Cross traffic,101,Adj - Cross traffic,,Right angle,Car (sedan/hatch),Light truck utility(from 2018),5,0,1,3,0,1,January,Summer,Friday,08:00 - 09:59,AM peak / school commute,True,False,True,True
1349807,Injury,Serious Injury,2024,2024,January,Wednesday,00:01 - 01:59,EASTERN DISTRIBUTOR,EXP,80,North,TODMAN AVENUE TUNNEL,ENT,KENSINGTON,6007.0,No,Not a school zone,Dual freeway,-33.904372,151.214181,Randwick,Sydney metro. area,Syd-Newc-Woll Gtr conurbation,Straight,Underpass/tunnel,,,On,Sealed,Dry,Fine,Darkness,Nil,No traffic controls,80 km/h,State,30,Rear end,301,Same - Rear end,,Rear end,Motorcycle,Large rigid,2,0,1,0,0,1,January,Summer,Wednesday,00:01 - 01:59,Late night / early morning,False,False,True,True
1349811,Injury,Minor/Other Injury,2024,2024,February,Wednesday,06:00 - 07:59,GRAND,DR,0,Right on the spot,THE GREENHOUSE CAFE,OT,CENTENNIAL PARK,,No,Not a school zone,1-way street,-33.902388,151.229426,Randwick,Sydney metro. area,Syd-Newc-Woll Gtr conurbation,Curved,,,,Nil,Sealed,Dry,Fine,Daylight,Nil,No traffic controls,30 km/h,Local,67,Struck animal,609,On path - Hit animal,,Vehicle - Animal,Pedal cycle,,1,0,0,0,1,2,February,Summer,Wednesday,06:00 - 07:59,AM peak / school commute,True,False,True,True
1349812,Injury,Serious Injury,2024,2024,February,Monday,14:00 - 15:59,WILBERFORCE,RD,3000,South,ROSE,ST,WILBERFORCE,182.0,No,Not a school zone,2-way undivided,-33.591666,150.835803,Hawkesbury,Country urban,Syd-Newc-Woll Gtr conurbation,Straight,,,,Nil,Sealed,Wet,Raining,Daylight,Nil,No traffic controls,80 km/h,State,20,Head on,201,Opp - Head on,,Head-on,Station wagon,Light truck utility(from 2018),2,0,1,1,1,2,February,Summer,Monday,14:00 - 15:59,Midday / afternoon,False,False,True,True
1349813,Injury,Moderate Injury,2024,2024,January,Sunday,02:00 - 03:59,KALANG,RD,0,Right on the spot,NUMBER 58,HN,EDENSOR PARK,,No,Not a school zone,2-way undivided,-33.882849,150.870905,Fairfield,Sydney metro. area,Syd-Newc-Woll Gtr conurbation,Straight,,,,Nil,Sealed,Unknown,Unknown,Darkness,Nil,No traffic controls,50 km/h,Local,73,Off rd rght => obj,704,Right off cway into obj,,Other angle,4 wheel drive / SUV,Car (sedan/hatch),2,0,0,1,0,1,January,Summer,Sunday,02:00 - 03:59,Late night / early morning,False,False,True,True
1349816,Injury,Serious Injury,2024,2024,February,Monday,02:00 - 03:59,DIAMOND BEACH,RD,300,South,PANORAMA,DR,DIAMOND BEACH,,No,Not a school zone,2-way undivided,-32.045541,152.534437,Mid-Coast,Country urban,Rest of NSW - Urban,Curved,,,,On,Sealed,Dry,Fine,Darkness,Nil,No traffic controls,50 km/h,Local,81,Off left/rt bnd=>obj,803,Off right bend into obj,Left,Other angle,Light truck utility(from 2018),4 wheel drive / SUV,2,0,1,0,0,2,February,Summer,Monday,02:00 - 03:59,Late night / early morning,False,False,True,True
1349819,Injury,Moderate Injury,2024,2024,January,Friday,18:00 - 19:59,SACKVILLE,ST,0,Right on the spot,SMART,ST,FAIRFIELD,7221.0,No,Not a school zone,X-intersection,-33.864692,150.950527,Fairfield,Sydney metro. area,Syd-Newc-Woll Gtr conurbation,Straight,,,,Nil,Sealed,Dry,Fine,Daylight,Nil,Stop sign,50 km/h,Regional,16,Left near,107,Adj - Left-thru from right,,Right angle,Car (sedan/hatch),Motorcycle,2,0,0,1,0,1,January,Summer,Friday,18:00 - 19:59,PM peak / evening commute,True,False,True,True
1349820,Injury,Serious Injury,2024,2024,March,Wednesday,08:00 - 09:59,PRINCES,HWY,30,South,RIVER,RD,LAKE TABOURIE,1.0,No,Not a school zone,2-way undivided,-35.439095,150.397862,Shoalhaven,Country urban,Rest of NSW - Urban,Straight,,,,Nil,Sealed,Dry,Fine,Daylight,Nil,No traffic controls,70 km/h,State,73,Off rd rght => obj,704,Right off cway into obj,,Vehicle - Object,Station wagon,,1,0,1,0,0,3,March,Autumn,Wednesday,08:00 - 09:59,AM peak / school commute,True,False,True,True
1349821,Injury,Moderate Injury,2024,2024,March,Tuesday,16:00 - 17:59,CANTERBURY,RD,0,Right on the spot,CHAPEL,ST,LAKEMBA,167.0,No,Not a school zone,X-intersection,-33.925397,151.086895,Canterbury-Bankstown,Sydney metro. area,Syd-Newc-Woll Gtr conurbation,Straight,,,,Off,Sealed,Dry,Fine,Daylight,On,No traffic controls,60 km/h,State,0,Ped nearside,1,Ped - Near side,,Vehicle - Pedestrian,Unknown motor vehicle,Pedestrian,2,0,0,1,0,3,March,Autumn,Tuesday,16:00 - 17:59,PM peak / evening commute,True,False,True,True
1349822,Injury,Serious Injury,2024,2024,February,Friday,20:00 - 21:59,COLLEGE,AVE,0,Right on the spot,PIONEER,DR,BLACKBUTT,,No,Not a school zone,Roundabout,-34.574744,150.834256,Shellharbour,Wollongong met. area,Syd-Newc-Woll Gtr conurbation,Curved,Crest,,,On,Sealed,Wet,Fine,Darkness,Nil,Give way sign,50 km/h,Local,11,Right far,102,Adj - Right-thru from left,,Right angle,Car (sedan/hatch),4 wheel drive / SUV,2,0,1,0,0,2,February,Summer,Friday,20:00 - 21:59,Evening / night,False,False,True,True
1349824,Injury,Moderate Injury,2024,2024,March,Friday,22:00 - Midnight,NEW ENGLAND,HWY,75,North,HAYDON,ST,MUSWELLBROOK,9.0,No,Not a school zone,Divided road,-32.266504,150.888145,Muswellbrook,Country urban,Rest of NSW - Urban,Straight,Other bridge,,,On,Sealed,Wet,Fine,Darkness,Nil,No traffic controls,50 km/h,State,71,Off rd left => obj,703,Left off cway into object,,Vehicle - Object,Light truck utility(from 2018),,1,0,0,1,0,3,March,Autumn,Friday,22:00 - Midnight,Evening / night,False,False,True,True
1349825,Injury,Serious Injury,2024,2024,February,Sunday,14:00 - 15:59,SACKVLLE,RD,0,Right on the spot,NUMBER 803,HN,SACKVILLE NORTH,182.0,No,Not a school zone,2-way undivided,-33.486183,150.886015,The Hills,Sydney metro. area,Syd-Newc-Woll Gtr conurbation,Straight,Driveway/entrance,,,Nil,Sealed,Dry,Fine,Daylight,Nil,No traffic controls,80 km/h,Regional,53,Overtake turning,506,Ovtak - Overtaking right turn,,Other angle,Motorcycle,Light truck utility(from 2018),2,0,1,0,0,2,February,Summer,Sunday,14:00 - 15:59,Midday / afternoon,False,False,True,True
1349826,Injury,Moderate Injury,2024,2024,February,Monday,14:00 - 15:59,ARCHBOLD,RD,10,South,ROSEVILLE,AVE,ROSEVILLE,2043.0,No,Not a school zone,T-junction,-33.778899,151.185226,Ku-ring-gai,Sydney metro. area,Syd-Newc-Woll Gtr conurbation,Straight,Steep grade,,,Off,Sealed,Dry,Fine,Daylight,Nil,Stop sign,60 km/h,Regional,30,Rear end,301,Same - Rear end,,Rear end,Car (sedan/hatch),4 wheel drive / SUV,2,0,0,2,0,2,February,Summer,Monday,14:00 - 15:59,Midday / afternoon,False,False,True,True
1349827,Injury,Minor/Other Injury,2024,2024,March,Saturday,10:00 - 11:59,SALE,ST,60,South,SUMMER,ST,ORANGE,,No,Not a school zone,Divided road,-33.283645,149.096142,Orange,Country urban,Rest of NSW - Urban,Straight,,,,Nil,Sealed,Dry,Fine,Daylight,Nil,No traffic controls,40 km/h,Local,9,Ped other,0,Ped - other,,Vehicle - Pedestrian,4 wheel drive / SUV,Pedestrian,2,0,0,0,1,3,March,Autumn,Saturday,10:00 - 11:59,Midday / afternoon,False,False,True,True
1349830,Injury,Moderate Injury,2024,2024,March,Thursday,06:00 - 07:59,HUME,HWY,2000,South,AVON DAM ROAD,OP,YERRINBOOL,2.0,No,Not a school zone,Dual freeway,-34.317673,150.582201,Wingecarribee,Country non-urban,Rest of NSW - Rural,Curved,,,,Nil,Sealed,Dry,Fine,Dawn,Nil,No traffic controls,110 km/h,State,30,Rear end,301,Same - Rear end,,Rear end,Large rigid,Car (sedan/hatch),2,0,0,1,0,3,March,Autumn,Thursday,06:00 - 07:59,AM peak / school commute,True,False,True,True
1349831,Injury,Serious Injury,2024,2024,March,Thursday,10:00 - 11:59,GREAT WESTERN,HWY,1050,West,PIKES,LANE,MOUNT LAMBIE,5.0,No,Not a school zone,2-way undivided,-33.449994,150.012342,Lithgow,Country non-urban,Rest of NSW - Rural,Straight,,,,Nil,Sealed,Dry,Fine,Daylight,Nil,No traffic controls,100 km/h,State,74,On road-out of cont.,705,Out of control on cway,,Rollover,Light truck utility(from 2018),,1,0,1,0,0,3,March,Autumn,Thursday,10:00 - 11:59,Midday / afternoon,False,False,True,True
1349832,Injury,Moderate Injury,2024,2024,February,Wednesday,22:00 - Midnight,COWPASTURE,RD,0,Right on the spot,KURRAJONG,RD,WEST HOXTON,648.0,No,Not a school zone,X-intersection,-33.935701,150.843067,Liverpool,Sydney metro. area,Syd-Newc-Woll Gtr conurbation,Straight,,,,On,Sealed,Wet,Raining,Darkness,On,No traffic controls,70 km/h,State,21,Right through,202,Opp - Right-thru,,Other angle,4 wheel drive / SUV,4 wheel drive / SUV,2,0,0,2,0,2,February,Summer,Wednesday,22:00 - Midnight,Evening / night,False,False,True,True
1349837,Injury,Moderate Injury,2024,2024,March,Sunday,12:00 - 13:59,DRUMMOND,ST,0,Right on the spot,NUMBER 64,HN,SOUTH WINDSOR,,No,Not a school zone,2-way undivided,-33.624519,150.805839,Hawkesbury,Country urban,Syd-Newc-Woll Gtr conurbation,Curved,,,,Nil,Sealed,Dry,Fine,Daylight,Nil,No traffic controls,50 km/h,Local,20,Head on,201,Opp - Head on,,Head-on,Light truck utility(from 2018),Car (sedan/hatch),2,0,0,1,0,3,March,Autumn,Sunday,12:00 - 13:59,Midday / afternoon,False,False,True,True
1349842,Injury,Serious Injury,2024,2024,February,Sunday,16:00 - 17:59,DUNHEVED,RD,100,West,GREENBANK,DR,WERRINGTON DOWNS,7288.0,No,Not a school zone,2-way undivided,-33.743887,150.725164,Penrith,Sydney metro. area,Syd-Newc-Woll Gtr conurbation,Straight,Steep grade,,,Off,Sealed,Dry,Fine,Daylight,Nil,No traffic controls,70 km/h,Regional,73,Off rd rght => obj,704,Right off cway into obj,,Vehicle - Object,Light truck utility(from 2018),,1,0,2,0,0,2,February,Summer,Sunday,16:00 - 17:59,PM peak / evening commute,True,False,True,True
1349843,Injury,Minor/Other Injury,2024,2024,March,Thursday,08:00 - 09:59,LOUTH,RD,0,Right on the spot,FREDERICK,ST,COBAR,407.0,No,Not a school zone,X-intersection,-31.493507,145.836947,Cobar,Country urban,Rest of NSW - Urban,Straight,,,,Off,Sealed,Dry,Fine,Daylight,Nil,Give way sign,50 km/h,Regional,10,Cross traffic,101,Adj - Cross traffic,,Right angle,4 wheel drive / SUV,Car (sedan/hatch),2,0,0,0,1,3,March,Autumn,Thursday,08:00 - 09:59,AM peak / school commute,True,False,True,True
1349845,Injury,Serious Injury,2024,2024,March,Wednesday,12:00 - 13:59,ALEXANDRA,AVE,0,Right on the spot,HASSALL,ST,WESTMEAD,7481.0,No,Not a school zone,T-junction,-33.809116,150.988867,Cumberland,Sydney metro. area,Syd-Newc-Woll Gtr conurbation,Straight,,,,Nil,Sealed,Dry,Fine,Daylight,On,No traffic controls,50 km/h,Regional,2,Ped far side,3,Ped - Far side,,Vehicle - Pedestrian,Car (sedan/hatch),Pedestrian,2,0,1,0,0,3,March,Autumn,Wednesday,12:00 - 13:59,Midday / afternoon,False,False,True,True
1349847,Injury,Minor/Other Injury,2024,2024,March,Monday,14:00 - 15:59,MALSBURY,RD,50,East,EATON,AVE,NORMANHURST,7243.0,No,Not a school zone,2-way undivided,-33.72061,151.096881,Hornsby,Sydney metro. area,Syd-Newc-Woll Gtr conurbation,Curved,Steep grade,,,Off,Sealed,Dry,Fine,Daylight,On,Ped crossing,60 km/h,Regional,30,Rear end,301,Same - Rear end,,Rear end,Car (sedan/hatch),Car (sedan/hatch),2,0,0,0,1,3,March,Autumn,Monday,14:00 - 15:59,Midday / afternoon,False,False,True,True
1349850,Injury,Serious Injury,2024,2024,March,Thursday,18:00 - 19:59,OLD WINTON,RD,20,West,DOBSON,LANE,WINTON,,No,Not a school zone,2-way undivided,-31.053125,150.759086,Tamworth Regional,Country non-urban,Rest of NSW - Rural,Straight,Embankment/cutting,,,Nil,Sealed,Dry,Fine,Dusk,Nil,No traffic controls,100 km/h,Local,73,Off rd rght => obj,704,Right off cway into obj,,Vehicle - Object,Semi-trailer,,1,0,1,0,0,3,March,Autumn,Thursday,18:00 - 19:59,PM peak / evening commute,True,False,True,True
1349852,Injury,Moderate Injury,2024,2024,March,Tuesday,10:00 - 11:59,ELIZABETH,ST,35,North,LARKIN,PL,CAMDEN,,No,Not a school zone,2-way undivided,-34.052748,150.697495,Camden,Sydney metro. area,Syd-Newc-Woll Gtr conurbation,Straight,Driveway/entrance,,,Nil,Sealed,Dry,Fine,Daylight,Nil,No traffic controls,50 km/h,Local,47,Emerging from drive,406,Manov - Emerging from driveway,,Right angle,Light truck utility(from 2018),Motorcycle,2,0,0,1,0,3,March,Autumn,Tuesday,10:00 - 11:59,Midday / afternoon,False,False,True,True
1349857,Injury,Serious Injury,2024,2024,March,Sunday,14:00 - 15:59,REMEMBRANCE,DVWY,0,Right on the spot,AUSTRALIAN WILDLIFE SANCTUARY,ENT,BARGO,620.0,No,Not a school zone,2-way undivided,-34.263189,150.573224,Wollondilly,Country urban,Syd-Newc-Woll Gtr conurbation,Curved,Driveway/entrance,,,Nil,Sealed,Dry,Fine,Daylight,Nil,No traffic controls,80 km/h,Regional,32,Right rear,303,Same - Rear right,,Rear end,Light truck,4 wheel drive / SUV,2,0,3,0,0,3,March,Autumn,Sunday,14:00 - 15:59,Midday / afternoon,False,False,True,True
1349859,Injury,Moderate Injury,2024,2024,February,Sunday,10:00 - 11:59,NEW ENGLAND,HWY,0,Right on the spot,SOUTH SEAS,DR,ASHTONFIELD,9.0,No,Not a school zone,T-junction,-32.77311,151.607437,Maitland,Country urban,Rest of NSW - Urban,Straight,,,,Off,Sealed,Dry,Fine,Daylight,On,No traffic controls,80 km/h,State,30,Rear end,301,Same - Rear end,,Rear end,Car (sedan/hatch),4 wheel drive / SUV,2,0,0,1,1,2,February,Summer,Sunday,10:00 - 11:59,Midday / afternoon,False,False,True,True
1349860,Injury,Moderate Injury,2024,2024,March,Thursday,14:00 - 15:59,MAITLAND,RD,0,Right on the spot,CORONA,ST,MAYFIELD,464.0,No,Not a school zone,X-intersection,-32.902049,151.742874,Newcastle,Newcastle met. area,Syd-Newc-Woll Gtr conurbation,Straight,,,,Off,Sealed,Dry,Fine,Daylight,Off,No traffic controls,60 km/h,Regional,21,Right through,202,Opp - Right-thru,,Other angle,Car (sedan/hatch),Motor scooter,2,0,0,1,0,3,March,Autumn,Thursday,14:00 - 15:59,Midday / afternoon,False,False,True,True
1349861,Injury,Moderate Injury,2024,2024,March,Saturday,10:00 - 11:59,BELMORE,RD,0,Right on the spot,SOUTH WESTERN,EXP,RIVERWOOD,6005.0,No,Not a school zone,X-intersection,-33.943115,151.053799,Canterbury-Bankstown,Sydney metro. area,Syd-Newc-Woll Gtr conurbation,Straight,Other bridge,,,On,Sealed,Dry,Fine,Daylight,On,No traffic controls,50 km/h,State,21,Right through,202,Opp - Right-thru,,Other angle,Car (sedan/hatch),Motorcycle,2,0,0,1,0,3,March,Autumn,Saturday,10:00 - 11:59,Midday / afternoon,False,False,True,True