crash_id,degree_of_crash,degree_of_crash_-_detailed,reporting_year,year_of_crash,month_of_crash,day_of_week_of_crash,two-hour_intervals,street_of_crash,street_type,distance,direction,identifying_feature,identifying_feature_type,town,route_no.,school_zone_location,school_zone_active,type_of_location,latitude,longitude,lga,urbanisation,conurbation_1,alignment,primary_permanent_feature,primary_temporary_feature,primary_hazardous_feature,street_lighting,road_surface,surface_condition,weather,natural_lighting,signals_operation,other_traffic_control,speed_limit,road_classification_(admin),rum_-_code,rum_-_description,dca_-_code,dca_-_description,dca_supplement,first_impact_type,key_tu_type,other_tu_type,no._of_traffic_units_involved,no._killed,no._seriously_injured,no._moderately_injured,no._minor-other_injured,month_num,month_label,season,day_label,time_label,time_band,is_peak_commute,is_fatal,is_injury,is_casualty
1349867,Injury,Serious Injury,2024,2024,February,Saturday,18:00 - 19:59,ACACIA,AVE,0,Right on the spot,NUMBER 66,HN,PUNCHBOWL,,No,Not a school zone,2-way undivided,-33.919559,151.057687,Canterbury-Bankstown,Sydney metro. area,Syd-Newc-Woll Gtr conurbation,Straight,Driveway/entrance,,,Nil,Sealed,Dry,Fine,Daylight,Nil,No traffic controls,50 km/h,Local,87,Off lft/lft bnd=>obj,706,Left turn,Left,Vehicle - Object,Car (sedan/hatch),,2,0,1,0,0,2,February,Summer,Saturday,18:00 - 19:59,PM peak / evening commute,True,False,True,True
1349868,Injury,Serious Injury,2024,2024,March,Thursday,20:00 - 21:59,ILLAWARRA,RD,0,Right on the spot,WARREN,RD,MARRICKVILLE,2021.0,No,Not a school zone,X-intersection,-33.9159,151.150223,Inner West,Sydney metro. area,Syd-Newc-Woll Gtr conurbation,Straight,,,,On,Sealed,Dry,Fine,Darkness,On,No traffic controls,50 km/h,Regional,21,Right through,202,Opp - Right-thru,,Other angle,Car (sedan/hatch),Motorcycle,2,0,1,0,0,3,March,Autumn,Thursday,20:00 - 21:59,Evening / night,False,False,True,True
1349872,Injury,Moderate Injury,2024,2024,March,Sunday,10:00 - 11:59,GWYDIR,HWY,0,Right on the spot,TRANQUILITY,RD,MOREE,12.0,No,Not a school zone,T-junction,-29.463074,149.775549,Moree Plains,Country non-urban,Rest of NSW - Rural,Straight,,,,Nil,Sealed,Dry,Fine,Daylight,Nil,Give way sign,100 km/h,State,31,Left rear,302,Same - Rear left,,Rear end,Light truck utility(from 2018),Light truck utility(from 2018),2,0,0,1,0,3,March,Autumn,Sunday,10:00 - 11:59,Midday / afternoon,False,False,True,True
1349875,Injury,Serious Injury,2024,2024,April,Tuesday,10:00 - 11:59,BAYVIEW,AVE,0,Right on the spot,NUMBER 109,HN,EARLWOOD,2099.0,No,Not a school zone,2-way undivided,-33.924982,151.141901,Canterbury-Bankstown,Sydney metro. area,Syd-Newc-Woll Gtr conurbation,Straight,,,,Off,Sealed,Dry,Fine,Daylight,Nil,No traffic controls,50 km/h,Regional,2,Ped far side,3,Ped - Far side,,Vehicle - Pedestrian,4 wheel drive / SUV,Pedestrian,2,0,1,0,0,4,April,Autumn,Tuesday,10:00 - 11:59,Midday / afternoon,False,False,True,True
1349877,Injury,Minor/Other Injury,2024,2024,March,Tuesday,14:00 - 15:59,CONNECTICUT,AVE,10,East,ILLINOIS,RD,FIVE DOCK,,No,Not a school zone,T-junction,-33.871715,151.133573,Canada Bay,Sydney metro. area,Syd-Newc-Woll Gtr conurbation,Straight,,Roadwks/Detour/Diverson,,Nil,Sealed,Dry,Fine,Daylight,Nil,No traffic controls,50 km/h,Local,29,Other opposing,200,Opp - other,,Other angle,Light truck utility(from 2018),Car (sedan/hatch),2,0,0,0,1,3,March,Autumn,Tuesday,14:00 - 15:59,Midday / afternoon,False,False,True,True
1349879,Injury,Serious Injury,2024,2024,March,Tuesday,14:00 - 15:59,HECTOR,ST,0,Right on the spot,BATT,ST,SEFTON,7101.0,No,Not a school zone,T-junction,-33.89117,151.005323,Canterbury-Bankstown,Sydney metro. area,Syd-Newc-Woll Gtr conurbation,Straight,,,,Off,Sealed,Dry,Fine,Daylight,Nil,Stop sign,60 km/h,Regional,13,Right near,104,Adj - Right-thru from right,,Right angle,Car (sedan/hatch),Motorcycle,2,0,1,0,0,3,March,Autumn,Tuesday,14:00 - 15:59,Midday / afternoon,False,False,True,True
1349880,Injury,Moderate Injury,2024,2024,March,Friday,18:00 - 19:59,BERRIMA,RD,0,Right on the spot,OLD DAIRY,CL,MOSS VALE,372.0,No,Not a school zone,T-junction,-34.536129,150.358512,Wingecarribee,Country urban,Rest of NSW - Urban,Straight,,,,Off,Sealed,Dry,Fine,Daylight,Nil,Give way sign,70 km/h,Regional,16,Left near,107,Adj - Left-thru from right,,Right angle,Car (sedan/hatch),Light truck utility(from 2018),2,0,0,1,0,3,March,Autumn,Friday,18:00 - 19:59,PM peak / evening commute,True,False,True,True
1349886,Injury,Minor/Other Injury,2024,2024,April,Sunday,08:00 - 09:59,HARBOUR,DR,0,Right on the spot,MILDURA,ST,COFFS HARBOUR,,No,Not a school zone,T-junction,-30.305373,153.133065,Coffs Harbour,Country urban,Rest of NSW - Urban,Curved,Steep grade,,,Nil,Sealed,Wet,Raining,Daylight,Nil,Give way sign,50 km/h,Local,13,Right near,104,Adj - Right-thru from right,,Right angle,Car (sedan/hatch),4 wheel drive / SUV,2,0,0,0,1,4,April,Autumn,Sunday,08:00 - 09:59,AM peak / school commute,True,False,True,True
1349898,Injury,Moderate Injury,2024,2024,April,Friday,08:00 - 09:59,OXFORD,ST,100,East,SHADFORTH,PL,PADDINGTON,172.0,No,Not a school zone,2-way undivided,-33.884648,151.2245,Woollahra,Sydney metro. area,Syd-Newc-Woll Gtr conurbation,Curved,,,,Off,Sealed,Dry,Fine,Daylight,Nil,No traffic controls,50 km/h,State,34,Lane change right,306,Same - Lane change right,,Other angle,Pedal cycle,Other bus,2,0,0,1,0,4,April,Autumn,Friday,08:00 - 09:59,AM peak / school commute,True,False,True,True
1349902,Injury,Moderate Injury,2024,2024,April,Thursday,14:00 - 15:59,CENTRAL,PL,0,Right on the spot,OLIVE,ST,BAULKHAM HILLS,,No,Not a school zone,Roundabout,-33.759644,150.991757,The Hills,Sydney metro. area,Syd-Newc-Woll Gtr conurbation,Straight,Driveway/entrance,,,Nil,Sealed,Dry,Fine,Daylight,Nil,Ped crossing,50 km/h,Local,7,Driveway,7,Ped - driveway,,Vehicle - Pedestrian,Car (sedan/hatch),Pedestrian,2,0,0,1,0,4,April,Autumn,Thursday,14:00 - 15:59,Midday / afternoon,False,False,True,True
1349907,Injury,Serious Injury,2024,2024,April,Tuesday,10:00 - 11:59,ELPHINSTONE,RD,0,Right on the spot,NUMBER 15,HN,SOUTH COOGEE,,No,Not a school zone,2-way undivided,-33.930754,151.253716,Randwick,Sydney metro. area,Syd-Newc-Woll Gtr conurbation,Curved,Painted double centre lines,,,Off,Sealed,Dry,Fine,Daylight,Nil,No traffic controls,50 km/h,Local,85,Off rt/lft bnd=>obj,804,Off left bend into obj,Right,Vehicle - Object,4 wheel drive / SUV,,1,0,1,1,0,4,April,Autumn,Tuesday,10:00 - 11:59,Midday / afternoon,False,False,True,True
1349908,Injury,Serious Injury,2024,2024,April,Friday,12:00 - 13:59,ROUS,RD,150,South,SKYLINE,RD,GOONELLABAH,,No,Not a school zone,2-way undivided,-28.830321,153.324614,Lismore,Country urban,Rest of NSW - Urban,Curved,,,,Nil,Sealed,Dry,Fine,Daylight,Nil,No traffic controls,50 km/h,Local,81,Off left/rt bnd=>obj,803,Off right bend into obj,Left,Vehicle - Object,4 wheel drive / SUV,,1,0,1,0,0,4,April,Autumn,Friday,12:00 - 13:59,Midday / afternoon,False,False,True,True
1349909,Injury,Serious Injury,2024,2024,April,Saturday,12:00 - 13:59,NEW ENGLAND,HWY,0,Right on the spot,KELLY,ST,SCONE,9.0,No,Not a school zone,T-junction,-32.037305,150.863864,Upper Hunter,Country non-urban,Rest of NSW - Rural,Curved,Embankment/cutting,,,Nil,Sealed,Dry,Fine,Daylight,Nil,Stop sign,100 km/h,State,13,Right near,104,Adj - Right-thru from right,,Right angle,4 wheel drive / SUV,Light truck utility(from 2018),2,0,2,0,0,4,April,Autumn,Saturday,12:00 - 13:59,Midday / afternoon,False,False,True,True
1349915,Injury,Minor/Other Injury,2024,2024,March,Tuesday,18:00 - 19:59,MOUNT VIEW,RD,100,West,SCOTT,ST,CESSNOCK,,No,Not a school zone,2-way undivided,-32.830976,151.342449,Cessnock,Country urban,Rest of NSW - Urban,Straight,,Roadwks/Detour/Diverson,,Off,Sealed,Dry,Fine,Daylight,Nil,No traffic controls,40 km/h,Local,30,Rear end,301,Same - Rear end,,Rear end,Motorcycle,Car (sedan/hatch),2,0,0,0,1,3,March,Autumn,Tuesday,18:00 - 19:59,PM peak / evening commute,True,False,True,True
1349918,Injury,Serious Injury,2024,2024,April,Friday,12:00 - 13:59,KING GEORGES,RD,0,Right on the spot,THE BOULEVARDE,MS,WILEY PARK,200.0,Yes,No,X-intersection,-33.922865,151.068505,Canterbury-Bankstown,Sydney metro. area,Syd-Newc-Woll Gtr conurbation,Straight,,,,Off,Sealed,Dry,Fine,Daylight,On,No traffic controls,60 km/h,State,0,Ped nearside,1,Ped - Near side,,Vehicle - Pedestrian,4 wheel drive / SUV,Pedestrian,2,0,1,0,0,4,April,Autumn,Friday,12:00 - 13:59,Midday / afternoon,False,False,True,True
1349919,Injury,Minor/Other Injury,2024,2024,April,Sunday,14:00 - 15:59,RESERVOIR,RD,45,North,CRAIG,ST,BLACKTOWN,683.0,No,Not a school zone,2-way undivided,-33.782996,150.900302,Blacktown,Sydney metro. area,Syd-Newc-Woll Gtr conurbation,Straight,,,,Off,Sealed,Dry,Fine,Daylight,Nil,No traffic controls,60 km/h,State,71,Off rd left => obj,703,Left off cway into object,,Vehicle - Object,4 wheel drive / SUV,,1,0,0,0,1,4,April,Autumn,Sunday,14:00 - 15:59,Midday / afternoon,False,False,True,True
1349921,Injury,Moderate Injury,2024,2024,April,Saturday,10:00 - 11:59,TENNENT,RD,100,East,LANGDON,WAY,MOUNT HUTTON,,No,Not a school zone,2-way undivided,-32.981509,151.674101,Lake Macquarie,Newcastle met. area,Syd-Newc-Woll Gtr conurbation,Straight,Steep grade,,,Nil,Sealed,Dry,Fine,Daylight,Nil,No traffic controls,50 km/h,Local,71,Off rd left => obj,703,Left off cway into object,,Other angle,4 wheel drive / SUV,Light truck,2,0,0,1,0,4,April,Autumn,Saturday,10:00 - 11:59,Midday / afternoon,False,False,True,True
1349924,Injury,Serious Injury,2024,2024,April,Thursday,18:00 - 19:59,BLAXCELL,ST,0,Right on the spot,NUMBER 408,HN,SOUTH GRANVILLE,,No,Not a school zone,2-way undivided,-33.862276,151.006378,Cumberland,Sydney metro. area,Syd-Newc-Woll Gtr conurbation,Straight,,,,On,Sealed,Dry,Fine,Darkness,Nil,No traffic controls,50 km/h,Local,71,Off rd left => obj,703,Left off cway into object,,Other angle,4 wheel drive / SUV,Light truck,2,0,1,0,1,4,April,Autumn,Thursday,18:00 - 19:59,PM peak / evening commute,True,False,True,True
1349925,Injury,Serious Injury,2024,2024,April,Monday,20:00 - 21:59,FALCON,ST,0,Right on the spot,WARRINGAH,EXP,CAMMERAY,164.0,No,Not a school zone,T-junction,-33.829679,151.213968,North Sydney,Sydney metro. area,Syd-Newc-Woll Gtr conurbation,Straight,Other bridge,,,On,Sealed,Dry,Fine,Darkness,On,No traffic controls,60 km/h,State,21,Right through,202,Opp - Right-thru,,Other angle,Car (sedan/hatch),Car (sedan/hatch),2,0,1,1,0,4,April,Autumn,Monday,20:00 - 21:59,Evening / night,False,False,True,True
1349927,Injury,Minor/Other Injury,2024,2024,April,Wednesday,16:00 - 17:59,MACAULEY,ST,0,Right on the spot,SMOLLETT,ST,ALBURY,,No,Not a school zone,X-intersection,-36.083556,146.921733,Albury,Country urban,Rest of NSW - Urban,Straight,,,,Nil,Sealed,Dry,Fine,Daylight,Nil,Give way sign,50 km/h,Local,10,Cross traffic,101,Adj - Cross traffic,,Right angle,Unknown motor vehicle,Car (sedan/hatch),2,0,0,0,1,4,April,Autumn,Wednesday,16:00 - 17:59,PM peak / evening commute,True,False,True,True
1349928,Injury,Moderate Injury,2024,2024,April,Friday,06:00 - 07:59,BROADFORD,ST,100,North,FOREST,RD,BEXLEY,,Yes,No,2-way undivided,-33.945393,151.127378,Bayside,Sydney metro. area,Syd-Newc-Woll Gtr conurbation,Straight,,,,Nil,Sealed,Wet,Raining,Daylight,Nil,No traffic controls,50 km/h,Local,74,On road-out of cont.,705,Out of control on cway,,Rollover,Motorcycle,,1,0,0,1,0,4,April,Autumn,Friday,06:00 - 07:59,AM peak / school commute,True,False,True,True
1349930,Injury,Serious Injury,2024,2024,April,Tuesday,22:00 - Midnight,HALE,ST,50,West,LULAND,ST,BOTANY,,No,Not a school zone,2-way undivided,-33.945958,151.191213,Bayside,Sydney metro. area,Syd-Newc-Woll Gtr conurbation,Straight,,,,Off,Sealed,Wet,Raining,Darkness,Nil,No traffic controls,50 km/h,Local,71,Off rd left => obj,703,Left off cway into object,,Other angle,Light truck utility(from 2018),Other small trailer,3,0,1,0,0,4,April,Autumn,Tuesday,22:00 - Midnight,Evening / night,False,False,True,True
1349934,Injury,Moderate Injury,2024,2024,February,Saturday,20:00 - 21:59,CENTRAL COAST,HWY,0,Right on the spot,MAIN,RD,NORAVILLE,30.0,No,Not a school zone,Roundabout,-33.269093,151.560275,Central Coast,Country urban,Syd-Newc-Woll Gtr conurbation,Straight,,,,On,Sealed,Dry,Fine,Darkness,Nil,Give way sign,60 km/h,State,10,Cross traffic,101,Adj - Cross traffic,,Right angle,Motorised push scooters,Car (sedan/hatch),2,0,0,1,0,2,February,Summer,Saturday,20:00 - 21:59,Evening / night,False,False,True,True
1349935,Injury,Moderate Injury,2024,2024,March,Saturday,08:00 - 09:59,PACIFIC,HWY,100,South,BONVILLE STATION ROAD,OP,BONVILLE,10.0,No,Not a school zone,Divided road,-30.376925,153.051399,Coffs Harbour,Country non-urban,Rest of NSW - Rural,Curved,,,,Nil,Sealed,Dry,Fine,Daylight,Nil,No traffic controls,110 km/h,State,34,Lane change right,306,Same - Lane change right,,Other angle,4 wheel drive / SUV,4 wheel drive / SUV,2,0,0,1,0,3,March,Autumn,Saturday,08:00 - 09:59,AM peak / school commute,True,False,True,True
1349936,Injury,Moderate Injury,2024,2024,March,Friday,16:00 - 17:59,THE HORSLEY,DR,0,Right on the spot,ROSSETTI,ST,WETHERILL PARK,2105.0,No,Not a school zone,T-junction,-33.850232,150.909148,Fairfield,Sydney metro. area,Syd-Newc-Woll Gtr conurbation,Straight,,,,Off,Sealed,Dry,Fine,Daylight,On,No traffic controls,60 km/h,Regional,39,Other same direction,300,Same - other,,Other angle,Car (sedan/hatch),Large rigid,2,0,0,1,1,3,March,Autumn,Friday,16:00 - 17:59,PM peak / evening commute,True,False,True,True
1349937,Injury,Serious Injury,2024,2024,April,Thursday,18:00 - 19:59,THE LAKES,WAY,1600,North,CHAPMANS,RD,DARAWANK,692.0,No,Not a school zone,2-way undivided,-32.142815,152.48953,Mid-Coast,Country non-urban,Rest of NSW - Rural,Curved,,,,Unknown / not stated,Sealed,Unknown,Unknown,Darkness,Nil,No traffic controls,100 km/h,State,83,Off rt/rt bnd=>obj,803,Off right bend into obj,Right,Vehicle - Object,Car (sedan/hatch),,1,0,2,0,0,4,April,Autumn,Thursday,18:00 - 19:59,PM peak / evening commute,True,False,True,True
1349940,Injury,Moderate Injury,2024,2024,April,Friday,12:00 - 13:59,CHLORIDE,ST,0,Right on the spot,LANE,ST,BROKEN HILL,,No,Not a school zone,X-intersection,-31.952543,141.461015,Broken Hill,Country urban,Rest of NSW - Urban,Straight,,,,Off,Sealed,Dry,Fine,Daylight,Nil,Give way sign,50 km/h,Local,10,Cross traffic,101,Adj - Cross traffic,,Right angle,4 wheel drive / SUV,Motorcycle,2,0,0,1,0,4,April,Autumn,Friday,12:00 - 13:59,Midday / afternoon,False,False,True,True
1349943,Injury,Moderate Injury,2024,2024,April,Monday,16:00 - 17:59,FAIRFAX,ST,0,Right on the spot,JUSTINE,PDE,RUTHERFORD,,No,Not a school zone,T-junction,-32.710465,151.520174,Maitland,Country urban,Rest of NSW - Urban,Curved,,Police pursuit,,Off,Sealed,Dry,Fine,Daylight,Nil,No traffic controls,50 km/h,Local,30,Rear end,301,Same - Rear end,,Rear end,Car (sedan/hatch),4 wheel drive / SUV,2,0,0,1,0,4,April,Autumn,Monday,16:00 - 17:59,PM peak / evening commute,True,False,True,True
1349947,Injury,Minor/Other Injury,2024,2024,February,Tuesday,16:00 - 17:59,JEFFREY,ST,0,Right on the spot,JEFFREY,LANE,CANTERBURY,2040.0,No,Not a school zone,T-junction,-33.910275,151.119696,Canterbury-Bankstown,Sydney metro. area,Syd-Newc-Woll Gtr conurbation,Straight,,,,Nil,Sealed,Dry,Fine,Daylight,Nil,Give way sign,50 km/h,Regional,11,Right far,102,Adj - Right-thru from left,,Right angle,4 wheel drive / SUV,Motorcycle,2,0,0,0,1,2,February,Summer,Tuesday,16:00 - 17:59,PM peak / evening commute,True,False,True,True
1349949,Injury,Serious Injury,2024,2024,April,Sunday,10:00 - 11:59,OCEAN,PDE,0,Right on the spot,NUMBER 94,HN,THE ENTRANCE,,No,Not a school zone,2-way undivided,-33.350617,151.502656,Central Coast,Country urban,Syd-Newc-Woll Gtr conurbation,Straight,,,,Nil,Sealed,Dry,Fine,Daylight,Nil,No traffic controls,50 km/h,Local,63,Vehicle door,604,On path - Vehicle door,,Other angle,Pedal cycle,4 wheel drive / SUV,2,0,1,0,0,4,April,Autumn,Sunday,10:00 - 11:59,Midday / afternoon,False,False,True,True
1349950,Injury,Moderate Injury,2024,2024,April,Sunday,14:00 - 15:59,GREAT WESTERN,HWY,320,South,BELLEVUE,RD,FAULCONBRIDGE,5.0,No,Not a school zone,2-way undivided,-33.706794,150.525269,Blue Mountains,Country urban,Syd-Newc-Woll Gtr conurbation,Curved,,,,Nil,Sealed,Wet,Other,Daylight,Nil,No traffic controls,80 km/h,State,87,Off lft/lft bnd=>obj,804,Off left bend into obj,Left,Vehicle - Object,Car (sedan/hatch),,1,0,0,1,0,4,April,Autumn,Sunday,14:00 - 15:59,Midday / afternoon,False,False,True,True
1349957,Injury,Serious Injury,2024,2024,April,Monday,16:00 - 17:59,GRANGE,RD,0,Right on the spot,ISLAND PONT,RD,TOMERONG,,No,Not a school zone,Roundabout,-35.071976,150.571986,Shoalhaven,Country urban,Rest of NSW - Urban,Straight,Steep grade,,,Off,Sealed,Dry,Fine,Daylight,Nil,Give way sign,80 km/h,Local,10,Cross traffic,101,Adj - Cross traffic,,Right angle,4 wheel drive / SUV,Motorcycle,2,0,1,0,0,4,April,Autumn,Monday,16:00 - 17:59,PM peak / evening commute,True,False,True,True
1349965,Injury,Minor/Other Injury,2024,2024,February,Saturday,06:00 - 07:59,BURNS BAY,RD,10,North,CHURCH STREET,OP,HUNTERS HILL,166.0,No,Not a school zone,Divided road,-33.834067,151.145701,Hunters Hill,Sydney metro. area,Syd-Newc-Woll Gtr conurbation,Straight,Underpass/tunnel,,,On,Sealed,Dry,Fine,Daylight,Nil,No traffic controls,70 km/h,State,35,Lane change left,307,Same - Lane change left,,Other angle,Light truck,Pedal cycle,2,0,0,0,1,2,February,Summer,Saturday,06:00 - 07:59,AM peak / school commute,True,False,True,True
1349967,Injury,Moderate Injury,2024,2024,March,Friday,16:00 - 17:59,MCGRATH,ST,48,West,PRINCES,HWY,FAIRY MEADOW,,No,Not a school zone,2-way undivided,-34.40055,150.89122,Wollongong,Wollongong met. area,Syd-Newc-Woll Gtr conurbation,Straight,Driveway/entrance,,,Off,Sealed,Dry,Fine,Daylight,Nil,No traffic controls,50 km/h,Local,21,Right through,202,Opp - Right-thru,,Other angle,Car (sedan/hatch),Light truck utility(from 2018),2,0,0,1,0,3,March,Autumn,Friday,16:00 - 17:59,PM peak / evening commute,True,False,True,True
1349974,Injury,Serious Injury,2024,2024,April,Saturday,12:00 - 13:59,SARGEANTS GAP,RD,999999,West,PAGES CREEK,RD,PAGES CREEK,,No,Not a school zone,2-way undivided,-31.693819,151.182614,Upper Hunter,Country non-urban,Rest of NSW - Rural,Straight,,,,Nil,Sealed,Dry,Fine,Daylight,Nil,No traffic controls,100 km/h,Local,74,On road-out of cont.,705,Out of control on cway,,Rollover,Motorcycle,,1,0,1,0,0,4,April,Autumn,Saturday,12:00 - 13:59,Midday / afternoon,False,False,True,True
1349975,Injury,Serious Injury,2024,2024,April,Tuesday,14:00 - 15:59,NEWELL,HWY,475,North,ARDLETHAN,RD,ARDLETHAN,17.0,No,Not a school zone,2-way undivided,-34.405268,146.887128,Coolamon,Country non-urban,Rest of NSW - Rural,Curved,,,,Nil,Sealed,Dry,Fine,Daylight,Nil,No traffic controls,110 km/h,State,82,Off right/right bend,801,Off cway right bend,Right,Rollover,4 wheel drive / SUV,,1,0,2,0,0,4,April,Autumn,Tuesday,14:00 - 15:59,Midday / afternoon,False,False,True,True
1349986,Injury,Minor/Other Injury,2024,2024,April,Monday,14:00 - 15:59,ISAAC SMITH,ST,10,West,ASTROLABE,RD,DACEYVILLE,,No,Not a school zone,T-junction,-33.928467,151.222593,Bayside,Sydney metro. area,Syd-Newc-Woll Gtr conurbation,Straight,,,,Off,Sealed,Dry,Fine,Daylight,Nil,No traffic controls,50 km/h,Local,71,Off rd left => obj,703,Left off cway into object,,Other angle,4 wheel drive / SUV,Large rigid,2,0,0,0,1,4,April,Autumn,Monday,14:00 - 15:59,Midday / afternoon,False,False,True,True
1349992,Injury,Serious Injury,2024,2024,February,Tuesday,14:00 - 15:59,JOHN RENSHAW,DR,0,Right on the spot,WALLSEND,ST,STANFORD MERTHYR,588.0,No,Not a school zone,T-junction,-32.827917,151.490663,Cessnock,Country urban,Rest of NSW - Urban,Straight,,,,Off,Sealed,Dry,Fine,Daylight,Nil,No traffic controls,60 km/h,State,11,Right far,102,Adj - Right-thru from left,,Right angle,Car (sedan/hatch),4 wheel drive / SUV,2,0,1,2,0,2,February,Summer,Tuesday,14:00 - 15:59,Midday / afternoon,False,False,True,True
1349994,Injury,Minor/Other Injury,2024,2024,April,Monday,18:00 - 19:59,BOURKE,ST,0,Right on the spot,CHURCH,AVE,MASCOT,,No,Not a school zone,X-intersection,-33.922278,151.18737,Bayside,Sydney metro. area,Syd-Newc-Woll Gtr conurbation,Straight,,,,On,Sealed,Dry,Fine,Daylight,Nil,Stop sign,50 km/h,Local,10,Cross traffic,101,Adj - Cross traffic,,Right angle,4 wheel drive / SUV,Car (sedan/hatch),2,0,0,0,1,4,April,Autumn,Monday,18:00 - 19:59,PM peak / evening commute,True,False,True,True
1349997,Injury,Serious Injury,2024,2024,April,Sunday,22:00 - Midnight,DUMARESQ,ST,70,North,QUEEN,ST,CAMPBELLTOWN,,No,Not a school zone,Divided road,-34.067537,150.812611,Campbelltown,Sydney metro. area,Syd-Newc-Woll Gtr conurbation,Straight,,,,On,Sealed,Dry,Fine,Darkness,Nil,No traffic controls,50 km/h,Local,71,Off rd left => obj,703,Left off cway into object,,Vehicle - Object,Station wagon,,1,0,1,0,1,4,April,Autumn,Sunday,22:00 - Midnight,Evening / night,False,False,True,True
1349998,Injury,Serious Injury,2024,2024,April,Saturday,00:01 - 01:59,OLD SOUTH HEAD,RD,20,North,WILLIAM,ST,ROSE BAY,339.0,No,Not a school zone,2-way undivided,-33.87792,151.270349,Woollahra,Sydney metro. area,Syd-Newc-Woll Gtr conurbation,Curved,Steep grade,,Flooded/submerged,On,Sealed,Wet,Raining,Darkness,Nil,No traffic controls,50 km/h,State,88,Out of cont on bend,805,Out of control on bend,,Rollover,Motor scooter,,1,0,1,0,0,4,April,Autumn,Saturday,00:01 - 01:59,Late night / early morning,False,False,True,True
1349999,Injury,Serious Injury,2024,2024,March,Sunday,18:00 - 19:59,COLLEGE,CRES,0,Right on the spot,NUMBER 6-8,HN,HORNSBY,7243.0,Yes,No,Divided road,-33.709022,151.098376,Hornsby,Sydney metro. area,Syd-Newc-Woll Gtr conurbation,Straight,Steep grade,,,Off,Sealed,Dry,Fine,Daylight,Nil,No traffic controls,50 km/h,Regional,30,Rear end,301,Same - Rear end,,Rear end,Motorcycle,4 wheel drive / SUV,3,0,1,0,1,3,March,Autumn,Sunday,18:00 - 19:59,PM peak / evening commute,True,False,True,True
1350005,Injury,Minor/Other Injury,2024,2024,February,Wednesday,06:00 - 07:59,BURDETT,ST,0,Right on the spot,NUMBER 51,HN,HORNSBY,,No,Not a school zone,2-way undivided,-33.70349,151.107487,Hornsby,Sydney metro. area,Syd-Newc-Woll Gtr conurbation,Straight,,,,Off,Sealed,Dry,Fine,Daylight,Nil,No traffic controls,50 km/h,Local,3,Ped on carriageway,4,Ped - On carriageway,,Vehicle - Pedestrian,4 wheel drive / SUV,Pedestrian,2,0,0,0,1,2,February,Summer,Wednesday,06:00 - 07:59,AM peak / school commute,True,False,True,True
1350007,Injury,Moderate Injury,2024,2024,April,Tuesday,06:00 - 07:59,SWINSON,RD,10,North,BENAUD,ST,BLACKTOWN,,Yes,No,L-junction,-33.779182,150.906024,Blacktown,Sydney metro. area,Syd-Newc-Woll Gtr conurbation,Curved,,,,Off,Sealed,Dry,Fine,Daylight,Nil,No traffic controls,50 km/h,Local,88,Out of cont on bend,805,Out of control on bend,,Rollover,Motor scooter,,1,0,0,1,0,4,April,Autumn,Tuesday,06:00 - 07:59,AM peak / school commute,True,False,True,True
1350011,Injury,Moderate Injury,2024,2024,February,Tuesday,10:00 - 11:59,PACIFIC,HWY,0,Right on the spot,BOKHARA,AVE,BLUE HAVEN,10.0,No,Not a school zone,X-intersection,-33.213716,151.512191,Central Coast,Country urban,Syd-Newc-Woll Gtr conurbation,Straight,,,,Off,Sealed,Dry,Overcast,Daylight,On,No traffic controls,70 km/h,State,13,Right near,104,Adj - Right-thru from right,,Right angle,Car (sedan/hatch),4 wheel drive / SUV,2,0,0,1,1,2,February,Summer,Tuesday,10:00 - 11:59,Midday / afternoon,False,False,True,True
1350017,Injury,Serious Injury,2024,2024,April,Tuesday,14:00 - 15:59,HINCHINBROOK,DR,0,Right on the spot,WILSON,RD,HINCHINBROOK,,No,Not a school zone,Roundabout,-33.916383,150.863906,Liverpool,Sydney metro. area,Syd-Newc-Woll Gtr conurbation,Straight,,,,Nil,Sealed,Dry,Fine,Daylight,Nil,Give way sign,50 km/h,Local,10,Cross traffic,101,Adj - Cross traffic,,Right angle,4 wheel drive / SUV,Motorcycle,2,0,1,0,0,4,April,Autumn,Tuesday,14:00 - 15:59,Midday / afternoon,False,False,True,True
1350019,Injury,Serious Injury,2024,2024,April,Monday,12:00 - 13:59,KNOX,RD,0,Right on the spot,POWER,ST,DOONSIDE,7153.0,No,Not a school zone,X-intersection,-33.755345,150.864661,Blacktown,Sydney metro. area,Syd-Newc-Woll Gtr conurbation,Straight,,,,Off,Sealed,Dry,Fine,Daylight,On,No traffic controls,60 km/h,Regional,0,Ped nearside,1,Ped - Near side,,Vehicle - Pedestrian,4 wheel drive / SUV,Pedestrian,2,0,1,0,0,4,April,Autumn,Monday,12:00 - 13:59,Midday / afternoon,False,False,True,True
1350021,Injury,Serious Injury,2024,2024,March,Saturday,08:00 - 09:59,GRAND,DR,0,Right on the spot,PARKES,DR,CENTENNIAL PARK,,No,Not a school zone,X-intersection,-33.894218,151.233059,Randwick,Sydney metro. area,Syd-Newc-Woll Gtr conurbation,Curved,Foot/cycle path/nature strip,,,Nil,Sealed,Dry,Fine,Daylight,Nil,Stop sign,30 km/h,Local,16,Left near,107,Adj - Left-thru from right,,Right angle,Car (sedan/hatch),Pedal cycle,2,0,1,0,0,3,March,Autumn,Saturday,08:00 - 09:59,AM peak / school commute,True,False,True,True
1350024,Injury,Moderate Injury,2024,2024,April,Wednesday,20:00 - 21:59,JAMISON,RD,50,West,COLLESS,ST,SOUTH PENRITH,7290.0,No,Not a school zone,2-way undivided,-33.763528,150.705574,Penrith,Sydney metro. area,Syd-Newc-Woll Gtr conurbation,Straight,,,,On,Sealed,Dry,Fine,Darkness,Nil,No traffic controls,60 km/h,Regional,30,Rear end,301,Same - Rear end,,Rear end,Car (sedan/hatch),Car (sedan/hatch),2,0,0,1,0,4,April,Autumn,Wednesday,20:00 - 21:59,Evening / night,False,False,True,True