crash_id,degree_of_crash,degree_of_crash_-_detailed,reporting_year,year_of_crash,month_of_crash,day_of_week_of_crash,two-hour_intervals,street_of_crash,street_type,distance,direction,identifying_feature,identifying_feature_type,town,route_no.,school_zone_location,school_zone_active,type_of_location,latitude,longitude,lga,urbanisation,conurbation_1,alignment,primary_permanent_feature,primary_temporary_feature,primary_hazardous_feature,street_lighting,road_surface,surface_condition,weather,natural_lighting,signals_operation,other_traffic_control,speed_limit,road_classification_(admin),rum_-_code,rum_-_description,dca_-_code,dca_-_description,dca_supplement,first_impact_type,key_tu_type,other_tu_type,no._of_traffic_units_involved,no._killed,no._seriously_injured,no._moderately_injured,no._minor-other_injured,month_num,month_label,season,day_label,time_label,time_band,is_peak_commute,is_fatal,is_injury,is_casualty
1350027,Injury,Serious Injury,2024,2024,March,Thursday,20:00 - 21:59,NULLAWARRA,AVE,30,South,NUMBER 2,HN,CONCORD WEST,,No,Not a school zone,2-way undivided,-33.849881,151.094531,Canada Bay,Sydney metro. area,Syd-Newc-Woll Gtr conurbation,Curved,Painted double centre lines,,,On,Sealed,Wet,Raining,Darkness,Nil,No traffic controls,50 km/h,Local,83,Off rt/rt bnd=>obj,803,Off right bend into obj,Right,Vehicle - Object,Car (sedan/hatch),,1,0,1,0,0,3,March,Autumn,Thursday,20:00 - 21:59,Evening / night,False,False,True,True
1350028,Injury,Moderate Injury,2024,2024,April,Thursday,18:00 - 19:59,PACIFIC,HWY,400,South,WILLINA,RD,COOLONGOLOOK,10.0,No,Not a school zone,Divided road,-32.211628,152.323,Mid-Coast,Country non-urban,Rest of NSW - Rural,Straight,,,,Off,Sealed,Dry,Fine,Darkness,Nil,No traffic controls,100 km/h,State,35,Lane change left,307,Same - Lane change left,,Other angle,Semi-trailer,Car (sedan/hatch),2,0,0,1,0,4,April,Autumn,Thursday,18:00 - 19:59,PM peak / evening commute,True,False,True,True
1350030,Injury,Moderate Injury,2024,2024,February,Tuesday,22:00 - Midnight,NEW ENGLAND,HWY,5000,South,WHITE,ST,MURULLA,9.0,No,Not a school zone,2-way undivided,-31.827571,150.925691,Upper Hunter,Country non-urban,Rest of NSW - Rural,Curved,Steep grade,,,Nil,Sealed,Wet,Raining,Darkness,Nil,No traffic controls,100 km/h,State,82,Off right/right bend,801,Off cway right bend,Right,Rollover,B-double (road train prior 98),,1,0,0,1,0,2,February,Summer,Tuesday,22:00 - Midnight,Evening / night,False,False,True,True
1350031,Injury,Serious Injury,2024,2024,April,Saturday,14:00 - 15:59,MATE,ST,100,North,FALLON,ST,NORTH ALBURY,688.0,Yes,No,Divided road,-36.062101,146.93177,Albury,Country urban,Rest of NSW - Urban,Straight,,,,Off,Sealed,Dry,Fine,Daylight,Nil,No traffic controls,60 km/h,Regional,71,Off rd left => obj,703,Left off cway into object,,Other angle,4 wheel drive / SUV,4 wheel drive / SUV,2,0,1,0,0,4,April,Autumn,Saturday,14:00 - 15:59,Midday / afternoon,False,False,True,True
1350032,Injury,Minor/Other Injury,2024,2024,April,Friday,10:00 - 11:59,OLYMPIC,HWY,200,South,RHODES,RD,YOUNG,78.0,No,Not a school zone,2-way undivided,-34.379747,148.26011,Hilltops,Country non-urban,Rest of NSW - Rural,Curved,Painted double centre lines,,,Nil,Sealed,Wet,Raining,Daylight,Nil,No traffic controls,100 km/h,State,83,Off rt/rt bnd=>obj,803,Off right bend into obj,Right,Vehicle - Object,Utility,,1,0,0,0,2,4,April,Autumn,Friday,10:00 - 11:59,Midday / afternoon,False,False,True,True
1350033,Injury,Moderate Injury,2024,2024,April,Sunday,22:00 - Midnight,CENTENARY,DR,20,North,WEEROONA,RD,STRATHFIELD,200.0,No,Not a school zone,Divided road,-33.875176,151.067063,Strathfield,Sydney metro. area,Syd-Newc-Woll Gtr conurbation,Straight,,,,Nil,Sealed,Dry,Fine,Darkness,Nil,No traffic controls,80 km/h,State,33,Lane sideswipe,305,Same - Lane side swipe,,Other angle,Unknown motor vehicle,4 wheel drive / SUV,3,0,0,1,0,4,April,Autumn,Sunday,22:00 - Midnight,Evening / night,False,False,True,True
1350034,Injury,Moderate Injury,2024,2024,March,Thursday,12:00 - 13:59,VICTORIA,RD,20,West,BEAZLEY,ST,RYDE,165.0,Yes,No,Divided road,-33.818717,151.115386,Ryde,Sydney metro. area,Syd-Newc-Woll Gtr conurbation,Straight,,,,Nil,Sealed,Dry,Fine,Daylight,Nil,No traffic controls,60 km/h,State,35,Lane change left,307,Same - Lane change left,,Other angle,4 wheel drive / SUV,Motorcycle,2,0,0,1,0,3,March,Autumn,Thursday,12:00 - 13:59,Midday / afternoon,False,False,True,True
1350038,Injury,Serious Injury,2024,2024,April,Monday,10:00 - 11:59,ASHBY,RD,4250,East,JACKYBULBIN,RD,TULLYMORGAN,,No,Not a school zone,2-way undivided,-29.396939,153.140324,Clarence Valley,Country urban,Rest of NSW - Urban,Straight,,,,Nil,Unsealed,Dry,Fine,Daylight,Nil,No traffic controls,80 km/h,Local,67,Struck animal,609,On path - Hit animal,,Vehicle - Animal,Motorcycle,,1,0,1,0,0,4,April,Autumn,Monday,10:00 - 11:59,Midday / afternoon,False,False,True,True
1350039,Injury,Minor/Other Injury,2024,2024,April,Thursday,12:00 - 13:59,KING,ST,0,Right on the spot,CASTLEREAGH,ST,SYDNEY,7308.0,No,Not a school zone,X-intersection,-33.869073,151.209667,Sydney,Sydney metro. area,Syd-Newc-Woll Gtr conurbation,Straight,Foot/cycle path/nature strip,,,Unknown / not stated,Sealed,Unknown,Other,Daylight,Unknown / not stated,No traffic controls,40 km/h,Regional,6,Ped on footpath,8,Ped - On footway/median,,Vehicle - Pedestrian,Pedal cycle,Pedestrian,2,0,0,0,1,4,April,Autumn,Thursday,12:00 - 13:59,Midday / afternoon,False,False,True,True
1350041,Injury,Moderate Injury,2024,2024,March,Saturday,22:00 - Midnight,SIR BERTRAM STEVENS,DR,280,North,MCKELL,AVE,ROYAL NATIONAL PARK,393.0,No,Not a school zone,2-way undivided,-34.149893,151.029054,Sutherland,Sydney metro. area,Syd-Newc-Woll Gtr conurbation,Curved,Embankment/cutting,,,Off,Sealed,Wet,Raining,Darkness,Nil,No traffic controls,60 km/h,State,81,Off left/rt bnd=>obj,803,Off right bend into obj,Left,Vehicle - Object,Light truck utility(from 2018),,1,0,0,1,0,3,March,Autumn,Saturday,22:00 - Midnight,Evening / night,False,False,True,True
1350042,Injury,Serious Injury,2024,2024,April,Tuesday,08:00 - 09:59,CATHERINE,ST,15,East,NICHOLSON,ST,MAITLAND,,No,Not a school zone,2-way undivided,-32.736225,151.555732,Maitland,Country urban,Rest of NSW - Urban,Straight,,,Potholes/corrugations/rough,Nil,Sealed,Dry,Fine,Daylight,Nil,No traffic controls,50 km/h,Local,74,On road-out of cont.,705,Out of control on cway,,Rollover,Motor scooter,,1,0,1,0,0,4,April,Autumn,Tuesday,08:00 - 09:59,AM peak / school commute,True,False,True,True
1350044,Injury,Serious Injury,2024,2024,March,Monday,08:00 - 09:59,CENTRAL COAST,HWY,40,West,ALAWAI,AVE,BUDGEWOI,30.0,No,Not a school zone,2-way undivided,-33.234621,151.555712,Central Coast,Country urban,Syd-Newc-Woll Gtr conurbation,Straight,Driveway/entrance,,,Nil,Sealed,Dry,Fine,Daylight,Nil,Give way sign,50 km/h,State,47,Emerging from drive,406,Manov - Emerging from driveway,,Right angle,4 wheel drive / SUV,Car (sedan/hatch),2,0,2,1,0,3,March,Autumn,Monday,08:00 - 09:59,AM peak / school commute,True,False,True,True
1350046,Injury,Moderate Injury,2024,2024,April,Monday,06:00 - 07:59,NEW CANTERBURY,RD,0,Right on the spot,CONSTITUTION,RD,DULWICH HILL,167.0,No,Not a school zone,X-intersection,-33.903885,151.140963,Inner West,Sydney metro. area,Syd-Newc-Woll Gtr conurbation,Straight,,,,Nil,Sealed,Dry,Fine,Daylight,On,No traffic controls,60 km/h,State,10,Cross traffic,101,Adj - Cross traffic,,Right angle,4 wheel drive / SUV,Station wagon,2,0,0,1,0,4,April,Autumn,Monday,06:00 - 07:59,AM peak / school commute,True,False,True,True
1350053,Injury,Moderate Injury,2024,2024,April,Friday,14:00 - 15:59,ARCHER,ST,0,Right on the spot,WARATAH,ST,ROSEVILLE,7490.0,No,Not a school zone,X-intersection,-33.789112,151.182421,Willoughby,Sydney metro. area,Syd-Newc-Woll Gtr conurbation,Straight,Steep grade,,,Off,Sealed,Dry,Fine,Daylight,Nil,Give way sign,50 km/h,Regional,10,Cross traffic,101,Adj - Cross traffic,,Right angle,Car (sedan/hatch),4 wheel drive / SUV,2,0,0,1,0,4,April,Autumn,Friday,14:00 - 15:59,Midday / afternoon,False,False,True,True
1350058,Injury,Moderate Injury,2024,2024,March,Friday,18:00 - 19:59,KERR,PDE,10,East,AUBURN,RD,AUBURN,,No,Not a school zone,T-junction,-33.850548,151.033206,Cumberland,Sydney metro. area,Syd-Newc-Woll Gtr conurbation,Straight,,,,On,Sealed,Dry,Fine,Dusk,Nil,Ped crossing,40 km/h,Local,0,Ped nearside,1,Ped - Near side,,Vehicle - Pedestrian,Car (sedan/hatch),Pedestrian,2,0,0,1,0,3,March,Autumn,Friday,18:00 - 19:59,PM peak / evening commute,True,False,True,True
1350060,Injury,Moderate Injury,2024,2024,April,Monday,04:00 - 05:59,ULAN,RD,500,South,RIDGE,RD,COOKS GAP,214.0,No,Not a school zone,2-way undivided,-32.37472,149.718492,Mid-Western Regional,Country non-urban,Rest of NSW - Rural,Straight,,,,Nil,Sealed,Dry,Fine,Darkness,Nil,No traffic controls,100 km/h,Regional,67,Struck animal,609,On path - Hit animal,,Vehicle - Animal,Car (sedan/hatch),,1,0,0,2,0,4,April,Autumn,Monday,04:00 - 05:59,Late night / early morning,False,False,True,True
1350064,Injury,Moderate Injury,2024,2024,April,Saturday,14:00 - 15:59,FONTANA,DR,0,Right on the spot,OLD PITT TOWN,RD,BOX HILL,,No,Not a school zone,X-intersection,-33.63899,150.9044,The Hills,Sydney metro. area,Syd-Newc-Woll Gtr conurbation,Straight,,,,Off,Sealed,Dry,Fine,Daylight,Nil,Stop sign,70 km/h,Local,10,Cross traffic,101,Adj - Cross traffic,,Right angle,Car (sedan/hatch),4 wheel drive / SUV,3,0,0,1,2,4,April,Autumn,Saturday,14:00 - 15:59,Midday / afternoon,False,False,True,True
1350065,Injury,Serious Injury,2024,2024,April,Tuesday,22:00 - Midnight,HILL,RD,0,Right on the spot,WESTERN,EXP,LIDCOMBE,7466.0,No,Not a school zone,T-junction,-33.849544,151.054104,Parramatta,Sydney metro. area,Syd-Newc-Woll Gtr conurbation,Curved,,,,On,Sealed,Wet,Raining,Darkness,Nil,Stop sign,60 km/h,State,85,Off rt/lft bnd=>obj,706,Left turn,Right,Vehicle - Object,Car (sedan/hatch),,1,0,1,1,0,4,April,Autumn,Tuesday,22:00 - Midnight,Evening / night,False,False,True,True
1350067,Injury,Serious Injury,2024,2024,April,Friday,08:00 - 09:59,WATERFALL,WAY,2100,South,MAYNARDS PLAINS,RD,DORRIGO MOUNTAIN,76.0,No,Not a school zone,2-way undivided,-30.384185,152.73859,Bellingen,Country non-urban,Rest of NSW - Rural,Curved,Steep grade,,,Nil,Sealed,Dry,Fine,Daylight,Nil,No traffic controls,100 km/h,State,20,Head on,201,Opp - Head on,,Head-on,Car (sedan/hatch),4 wheel drive / SUV,2,0,1,1,1,4,April,Autumn,Friday,08:00 - 09:59,AM peak / school commute,True,False,True,True
1350068,Injury,Moderate Injury,2024,2024,March,Wednesday,16:00 - 17:59,PACIFIC,HWY,0,Right on the spot,MYALL,AVE,WAHROONGA,10.0,Yes,No,T-junction,-33.726044,151.119569,Ku-ring-gai,Sydney metro. area,Syd-Newc-Woll Gtr conurbation,Straight,,,,Off,Sealed,Dry,Fine,Daylight,Nil,Stop sign,60 km/h,State,30,Rear end,301,Same - Rear end,,Rear end,4 wheel drive / SUV,Station wagon,2,0,0,1,0,3,March,Autumn,Wednesday,16:00 - 17:59,PM peak / evening commute,True,False,True,True
1350071,Injury,Serious Injury,2024,2024,April,Monday,10:00 - 11:59,NEIL,ST,0,Right on the spot,GRAF,PL,MERRYLANDS,7250.0,No,Not a school zone,T-junction,-33.833355,150.98975,Cumberland,Sydney metro. area,Syd-Newc-Woll Gtr conurbation,Straight,,,,Nil,Sealed,Dry,Fine,Daylight,Unknown / not stated,Ped crossing,60 km/h,Regional,0,Ped nearside,1,Ped - Near side,,Vehicle - Pedestrian,Unknown motor vehicle,Pedestrian,2,0,1,0,0,4,April,Autumn,Monday,10:00 - 11:59,Midday / afternoon,False,False,True,True
1350074,Injury,Serious Injury,2024,2024,February,Wednesday,06:00 - 07:59,DILKERA,AVE,0,Right on the spot,KEIRA,CL,VALENTINE,,Yes,No,T-junction,-33.007651,151.641044,Lake Macquarie,Newcastle met. area,Syd-Newc-Woll Gtr conurbation,Curved,Steep grade,,,Off,Sealed,Dry,Fine,Dawn,Nil,No traffic controls,50 km/h,Local,4,Ped walk with,5,Ped - Walking with traffic,,Vehicle - Pedestrian,Large rigid,Pedestrian,2,0,1,0,0,2,February,Summer,Wednesday,06:00 - 07:59,AM peak / school commute,True,False,True,True
1350076,Injury,Moderate Injury,2024,2024,April,Tuesday,18:00 - 19:59,CASTLEREAGH,RD,0,Right on the spot,THORNTON,DR,PENRITH,630.0,No,Not a school zone,X-intersection,-33.745626,150.691063,Penrith,Sydney metro. area,Syd-Newc-Woll Gtr conurbation,Straight,Foot/cycle path/nature strip,,,Off,Sealed,Dry,Fine,Daylight,On,Ped crossing,60 km/h,State,11,Right far,102,Adj - Right-thru from left,,Right angle,4 wheel drive / SUV,Pedal cycle,2,0,0,1,0,4,April,Autumn,Tuesday,18:00 - 19:59,PM peak / evening commute,True,False,True,True
1350093,Injury,Moderate Injury,2024,2024,April,Monday,14:00 - 15:59,GREAT WESTERN,HWY,0,Right on the spot,NORTON,ST,LEICHHARDT,5.0,No,Not a school zone,T-junction,-33.888182,151.157613,Inner West,Sydney metro. area,Syd-Newc-Woll Gtr conurbation,Straight,,,,Nil,Sealed,Dry,Fine,Daylight,On,No traffic controls,60 km/h,State,21,Right through,202,Opp - Right-thru,,Other angle,Light truck,Car (sedan/hatch),2,0,0,1,0,4,April,Autumn,Monday,14:00 - 15:59,Midday / afternoon,False,False,True,True
1350096,Injury,Moderate Injury,2024,2024,April,Monday,04:00 - 05:59,GREAT WESTERN,HWY,0,Right on the spot,BULLS CAMP RESERVE,ENT,WOODFORD,5.0,No,Not a school zone,Divided road,-33.726525,150.490954,Blue Mountains,Country urban,Syd-Newc-Woll Gtr conurbation,Straight,Driveway/entrance,,,On,Sealed,Dry,Fine,Darkness,Nil,Give way sign,80 km/h,State,21,Right through,202,Opp - Right-thru,,Other angle,Large rigid,Motorcycle,2,0,0,1,0,4,April,Autumn,Monday,04:00 - 05:59,Late night / early morning,False,False,True,True
1350098,Injury,Moderate Injury,2024,2024,April,Thursday,14:00 - 15:59,COLLINS,ST,0,Right on the spot,WILLIAM,ST,ALEXANDRIA,,No,Not a school zone,X-intersection,-33.912015,151.198826,Sydney,Sydney metro. area,Syd-Newc-Woll Gtr conurbation,Straight,,,,Off,Sealed,Wet,Raining,Daylight,Nil,Stop sign,50 km/h,Local,74,On road-out of cont.,705,Out of control on cway,,Rollover,Motor scooter,,1,0,0,1,0,4,April,Autumn,Thursday,14:00 - 15:59,Midday / afternoon,False,False,True,True
1350099,Injury,Serious Injury,2024,2024,April,Wednesday,16:00 - 17:59,BRISBANE,ST,0,Right on the spot,WINGEWARRA,ST,DUBBO,,No,Not a school zone,Roundabout,-32.249454,148.60341,Dubbo Regional,Country urban,Rest of NSW - Urban,Straight,,,,Nil,Sealed,Dry,Fine,Daylight,Nil,Give way sign,50 km/h,Local,10,Cross traffic,101,Adj - Cross traffic,,Right angle,Car (sedan/hatch),Pedal cycle,2,0,1,0,0,4,April,Autumn,Wednesday,16:00 - 17:59,PM peak / evening commute,True,False,True,True
1350103,Injury,Serious Injury,2024,2024,March,Saturday,22:00 - Midnight,EDWIN FLACK,AVE,50,South,DAWN FRASER,AVE,SYDNEY OLYMPIC PARK,,No,Not a school zone,Divided road,-33.850013,151.062369,Parramatta,Sydney metro. area,Syd-Newc-Woll Gtr conurbation,Straight,,,,On,Sealed,Dry,Fine,Darkness,Nil,No traffic controls,60 km/h,Local,2,Ped far side,3,Ped - Far side,,Vehicle - Pedestrian,Car (sedan/hatch),Pedestrian,2,0,1,0,0,3,March,Autumn,Saturday,22:00 - Midnight,Evening / night,False,False,True,True
1350108,Injury,Serious Injury,2024,2024,April,Monday,10:00 - 11:59,PRINCES,HWY,40,South,BENDALONG,RD,CONJOLA,1.0,No,Not a school zone,2-way undivided,-35.195295,150.440364,Shoalhaven,Country non-urban,Rest of NSW - Rural,Curved,Painted double centre lines,,,Nil,Sealed,Dry,Fine,Daylight,Nil,No traffic controls,100 km/h,State,20,Head on,201,Opp - Head on,,Head-on,Car (sedan/hatch),4 wheel drive / SUV,2,0,1,0,0,4,April,Autumn,Monday,10:00 - 11:59,Midday / afternoon,False,False,True,True
1350112,Injury,Serious Injury,2024,2024,March,Monday,18:00 - 19:59,COOPER,RD,20,South,JONES,AVE,BIRRONG,,Yes,No,2-way undivided,-33.894942,151.026048,Canterbury-Bankstown,Sydney metro. area,Syd-Newc-Woll Gtr conurbation,Straight,,,,On,Sealed,Dry,Fine,Dusk,Nil,Ped crossing,50 km/h,Local,2,Ped far side,3,Ped - Far side,,Vehicle - Pedestrian,Car (sedan/hatch),Pedestrian,2,0,1,0,0,3,March,Autumn,Monday,18:00 - 19:59,PM peak / evening commute,True,False,True,True
1350114,Injury,Serious Injury,2024,2024,April,Friday,08:00 - 09:59,KING GEORGES,RD,20,South,CULWULLA,ST,SOUTH HURSTVILLE,200.0,No,Not a school zone,2-way undivided,-33.975659,151.10317,Georges River,Sydney metro. area,Syd-Newc-Woll Gtr conurbation,Straight,,,,Nil,Sealed,Dry,Fine,Daylight,Nil,No traffic controls,60 km/h,State,30,Rear end,301,Same - Rear end,,Rear end,Panel van,4 wheel drive / SUV,2,0,1,0,0,4,April,Autumn,Friday,08:00 - 09:59,AM peak / school commute,True,False,True,True
1350115,Injury,Serious Injury,2024,2024,April,Saturday,18:00 - 19:59,YANDERRA,ST,10,West,ELLIS,ST,CONDELL PARK,,No,Not a school zone,T-junction,-33.928528,151.008112,Canterbury-Bankstown,Sydney metro. area,Syd-Newc-Woll Gtr conurbation,Straight,,,,On,Sealed,Dry,Fine,Dusk,Nil,No traffic controls,50 km/h,Local,0,Ped nearside,1,Ped - Near side,,Vehicle - Pedestrian,Light truck utility(from 2018),Pedestrian,2,0,1,0,0,4,April,Autumn,Saturday,18:00 - 19:59,PM peak / evening commute,True,False,True,True
1350117,Injury,Moderate Injury,2024,2024,April,Saturday,08:00 - 09:59,CASTLEREAGH,HWY,2000,North,GUNTAWANG,RD,GALAMBINE,18.0,No,Not a school zone,2-way undivided,-32.462739,149.511987,Mid-Western Regional,Country non-urban,Rest of NSW - Rural,Curved,Ditch/drain/culvert,,,Nil,Sealed,Wet,Raining,Daylight,Nil,No traffic controls,100 km/h,State,81,Off left/rt bnd=>obj,803,Off right bend into obj,Left,Vehicle - Object,Car (sedan/hatch),,1,0,0,1,0,4,April,Autumn,Saturday,08:00 - 09:59,AM peak / school commute,True,False,True,True
1350118,Injury,Moderate Injury,2024,2024,March,Tuesday,10:00 - 11:59,COBB,HWY,70,North,MOPPETT,ST,HAY,21.0,No,Not a school zone,2-way undivided,-34.508152,144.843764,Hay,Country urban,Rest of NSW - Urban,Straight,,,,Nil,Sealed,Dry,Fine,Daylight,Nil,No traffic controls,50 km/h,State,30,Rear end,301,Same - Rear end,,Rear end,Light truck utility(from 2018),Car (sedan/hatch),2,0,0,1,1,3,March,Autumn,Tuesday,10:00 - 11:59,Midday / afternoon,False,False,True,True
1350123,Injury,Moderate Injury,2024,2024,April,Wednesday,16:00 - 17:59,SALISBURY,RD,0,Right on the spot,NORTHUMBERLAND,AVE,STANMORE,7085.0,No,Not a school zone,Roundabout,-33.891702,151.168138,Inner West,Sydney metro. area,Syd-Newc-Woll Gtr conurbation,Straight,,,,On,Sealed,Dry,Fine,Dusk,Nil,Give way sign,50 km/h,Regional,21,Right through,202,Opp - Right-thru,,Other angle,Car (sedan/hatch),4 wheel drive / SUV,2,0,0,1,0,4,April,Autumn,Wednesday,16:00 - 17:59,PM peak / evening commute,True,False,True,True
1350129,Injury,Moderate Injury,2024,2024,April,Sunday,18:00 - 19:59,BRADFIELD,HWY,150,South,SYDNEY HARBOUR,BDGE,SYDNEY,632.0,No,Not a school zone,2-way undivided,-33.85583,151.208504,Sydney,Sydney metro. area,Syd-Newc-Woll Gtr conurbation,Straight,Other bridge,,,On,Sealed,Dry,Fine,Darkness,Nil,No traffic controls,70 km/h,State,35,Lane change left,307,Same - Lane change left,,Other angle,Light truck utility(from 2018),Car (sedan/hatch),2,0,0,1,1,4,April,Autumn,Sunday,18:00 - 19:59,PM peak / evening commute,True,False,True,True
1350131,Injury,Moderate Injury,2024,2024,April,Wednesday,22:00 - Midnight,CONCORD,RD,0,Right on the spot,PATTERSON,ST,CONCORD,649.0,No,Not a school zone,T-junction,-33.862938,151.093651,Canada Bay,Sydney metro. area,Syd-Newc-Woll Gtr conurbation,Straight,,,,On,Sealed,Dry,Fine,Darkness,On,No traffic controls,60 km/h,State,21,Right through,202,Opp - Right-thru,,Other angle,4 wheel drive / SUV,Car (sedan/hatch),2,0,0,1,0,4,April,Autumn,Wednesday,22:00 - Midnight,Evening / night,False,False,True,True
1350133,Injury,Serious Injury,2024,2024,April,Friday,16:00 - 17:59,MARY,ST,0,Right on the spot,PARK,RD,AUBURN,,No,Not a school zone,Roundabout,-33.851606,151.030097,Cumberland,Sydney metro. area,Syd-Newc-Woll Gtr conurbation,Straight,,,,On,Sealed,Dry,Fine,Dusk,Nil,Give way sign,50 km/h,Local,0,Ped nearside,1,Ped - Near side,,Vehicle - Pedestrian,4 wheel drive / SUV,Pedestrian,2,0,1,0,0,4,April,Autumn,Friday,16:00 - 17:59,PM peak / evening commute,True,False,True,True
1350139,Injury,Moderate Injury,2024,2024,March,Wednesday,22:00 - Midnight,MONA VALE,RD,0,Right on the spot,PITTWATER,RD,MONA VALE,162.0,No,Not a school zone,T-junction,-33.679372,151.302707,Northern Beaches,Sydney metro. area,Syd-Newc-Woll Gtr conurbation,Curved,,,,On,Sealed,Dry,Fine,Darkness,On,No traffic controls,60 km/h,State,34,Lane change right,306,Same - Lane change right,,Other angle,Car (sedan/hatch),Car (sedan/hatch),2,0,0,1,0,3,March,Autumn,Wednesday,22:00 - Midnight,Evening / night,False,False,True,True
1350142,Injury,Moderate Injury,2024,2024,March,Sunday,18:00 - 19:59,RAILWAY,ST,10,South,PARKER,ST,ROCKDALE,,No,Not a school zone,Roundabout,-33.950987,151.136834,Bayside,Sydney metro. area,Syd-Newc-Woll Gtr conurbation,Straight,,,,Off,Sealed,Dry,Fine,Daylight,Nil,Ped crossing,40 km/h,Local,0,Ped nearside,1,Ped - Near side,,Vehicle - Pedestrian,4 wheel drive / SUV,Pedestrian,2,0,0,1,0,3,March,Autumn,Sunday,18:00 - 19:59,PM peak / evening commute,True,False,True,True
1350144,Injury,Moderate Injury,2024,2024,February,Tuesday,08:00 - 09:59,PACIFIC,HWY,50,North,LOWANA,AVE,CHARMHAVEN,10.0,No,Not a school zone,2-way undivided,-33.222351,151.504362,Central Coast,Country urban,Syd-Newc-Woll Gtr conurbation,Straight,,,,Nil,Sealed,Dry,Fine,Daylight,Nil,No traffic controls,60 km/h,State,30,Rear end,301,Same - Rear end,,Rear end,4 wheel drive / SUV,4 wheel drive / SUV,4,0,0,1,1,2,February,Summer,Tuesday,08:00 - 09:59,AM peak / school commute,True,False,True,True
1350146,Injury,Serious Injury,2024,2024,April,Monday,16:00 - 17:59,MCCUBBIN,CL,0,Right on the spot,SCHANCK,DR,METFORD,,No,Not a school zone,Roundabout,-32.766253,151.616889,Maitland,Country urban,Rest of NSW - Urban,Curved,,,,Off,Sealed,Dry,Fine,Daylight,Nil,Give way sign,50 km/h,Local,83,Off rt/rt bnd=>obj,803,Off right bend into obj,Right,Vehicle - Object,4 wheel drive / SUV,,1,0,1,0,0,4,April,Autumn,Monday,16:00 - 17:59,PM peak / evening commute,True,False,True,True
1350148,Injury,Moderate Injury,2024,2024,March,Wednesday,10:00 - 11:59,CENTRAL COAST,HWY,0,Right on the spot,EASTERN,RD,BATEAU BAY,30.0,No,Not a school zone,Roundabout,-33.379062,151.47351,Central Coast,Country urban,Syd-Newc-Woll Gtr conurbation,Straight,,,,Off,Sealed,Dry,Fine,Daylight,Nil,Give way sign,60 km/h,State,10,Cross traffic,101,Adj - Cross traffic,,Right angle,Car (sedan/hatch),Motorcycle,2,0,0,2,0,3,March,Autumn,Wednesday,10:00 - 11:59,Midday / afternoon,False,False,True,True
1350187,Injury,Moderate Injury,2024,2024,January,Tuesday,16:00 - 17:59,MARSDEN,ST,0,Right on the spot,MEEHAN,ST,GRANVILLE,,No,Not a school zone,X-intersection,-33.826334,150.999971,Parramatta,Sydney metro. area,Syd-Newc-Woll Gtr conurbation,Straight,,,,Nil,Sealed,Dry,Fine,Daylight,Nil,Stop sign,50 km/h,Local,10,Cross traffic,101,Adj - Cross traffic,,Right angle,4 wheel drive / SUV,Car (sedan/hatch),2,0,0,1,1,1,January,Summer,Tuesday,16:00 - 17:59,PM peak / evening commute,True,False,True,True
1350189,Injury,Moderate Injury,2024,2024,January,Thursday,22:00 - Midnight,PIONEER,RD,20,South,MARLO,RD,TOWRADGI,7642.0,No,Not a school zone,2-way undivided,-34.386504,150.906293,Wollongong,Wollongong met. area,Syd-Newc-Woll Gtr conurbation,Straight,,,,On,Sealed,Wet,Fine,Darkness,Nil,No traffic controls,60 km/h,Regional,71,Off rd left => obj,703,Left off cway into object,,Other angle,Light truck utility(from 2018),Light truck utility(from 2018),2,0,0,1,0,1,January,Summer,Thursday,22:00 - Midnight,Evening / night,False,False,True,True
1350192,Injury,Serious Injury,2024,2024,January,Monday,10:00 - 11:59,PETER BROCK,DR,0,Right on the spot,SOUTH,CCT,ORAN PARK,,No,Not a school zone,X-intersection,-34.00145,150.746232,Camden,Sydney metro. area,Syd-Newc-Woll Gtr conurbation,Straight,,,,Off,Sealed,Wet,Raining,Daylight,On,No traffic controls,60 km/h,Local,10,Cross traffic,101,Adj - Cross traffic,,Right angle,Motorcycle,Car (sedan/hatch),3,0,1,0,0,1,January,Summer,Monday,10:00 - 11:59,Midday / afternoon,False,False,True,True
1350193,Injury,Moderate Injury,2024,2024,January,Tuesday,12:00 - 13:59,QUAKERS HILL,PKWY,50,West,SUNNYHOLT,RD,PARKLEA,7153.0,No,Not a school zone,Other,-33.730925,150.921052,Blacktown,Sydney metro. area,Syd-Newc-Woll Gtr conurbation,Curved,,,,Off,Sealed,Dry,Fine,Daylight,On,Ped crossing,70 km/h,Regional,88,Out of cont on bend,805,Out of control on bend,,Rollover,Motorcycle,,1,0,0,1,0,1,January,Summer,Tuesday,12:00 - 13:59,Midday / afternoon,False,False,True,True
1350202,Injury,Moderate Injury,2024,2024,January,Saturday,14:00 - 15:59,TIPPING,WAY,10000,East,ROUND HILL,RD,EUABALONG,411.0,No,Not a school zone,2-way undivided,-32.946503,146.223058,Cobar,Country non-urban,Rest of NSW - Rural,Curved,,,,Nil,Sealed,Dry,Fine,Daylight,Nil,No traffic controls,100 km/h,Regional,88,Out of cont on bend,805,Out of control on bend,,Rollover,Road train,,1,0,0,1,0,1,January,Summer,Saturday,14:00 - 15:59,Midday / afternoon,False,False,True,True
1350203,Injury,Moderate Injury,2024,2024,January,Monday,16:00 - 17:59,GRAND JUNCTION,RD,0,Right on the spot,MORTON,AVE,YASS,,No,Not a school zone,X-intersection,-34.845547,148.920878,Yass Valley,Country urban,Rest of NSW - Urban,Straight,Steep grade,,,Nil,Sealed,Dry,Fine,Daylight,Nil,Give way sign,50 km/h,Local,10,Cross traffic,101,Adj - Cross traffic,,Right angle,Car (sedan/hatch),Motorcycle,2,0,0,1,0,1,January,Summer,Monday,16:00 - 17:59,PM peak / evening commute,True,False,True,True