crash_id,degree_of_crash,degree_of_crash_-_detailed,reporting_year,year_of_crash,month_of_crash,day_of_week_of_crash,two-hour_intervals,street_of_crash,street_type,distance,direction,identifying_feature,identifying_feature_type,town,route_no.,school_zone_location,school_zone_active,type_of_location,latitude,longitude,lga,urbanisation,conurbation_1,alignment,primary_permanent_feature,primary_temporary_feature,primary_hazardous_feature,street_lighting,road_surface,surface_condition,weather,natural_lighting,signals_operation,other_traffic_control,speed_limit,road_classification_(admin),rum_-_code,rum_-_description,dca_-_code,dca_-_description,dca_supplement,first_impact_type,key_tu_type,other_tu_type,no._of_traffic_units_involved,no._killed,no._seriously_injured,no._moderately_injured,no._minor-other_injured,month_num,month_label,season,day_label,time_label,time_band,is_peak_commute,is_fatal,is_injury,is_casualty
1350205,Injury,Serious Injury,2024,2024,January,Sunday,16:00 - 17:59,MINORIE,DR,65,East,TOORMINA,DR,TOORMINA,,No,Not a school zone,2-way undivided,-30.355166,153.090854,Coffs Harbour,Country urban,Rest of NSW - Urban,Straight,Steep grade,,,Unknown / not stated,Sealed,Unknown,Unknown,Unknown,Nil,No traffic controls,50 km/h,Local,30,Rear end,301,Same - Rear end,,Rear end,Unknown motor vehicle,Motorised scooter (mob. aid),2,0,1,0,0,1,January,Summer,Sunday,16:00 - 17:59,PM peak / evening commute,True,False,True,True
1350207,Injury,Minor/Other Injury,2024,2024,January,Saturday,16:00 - 17:59,SOUTHERN,EXP,0,Right on the spot,MOUNT OUSLEY,RD,KEIRAVILLE,6006.0,No,Not a school zone,T-junction,-34.401854,150.880376,Wollongong,Wollongong met. area,Syd-Newc-Woll Gtr conurbation,Straight,,,,Off,Sealed,Wet,Overcast,Daylight,Nil,Give way sign,80 km/h,State,13,Right near,104,Adj - Right-thru from right,,Right angle,Car (sedan/hatch),Light truck utility(from 2018),2,0,0,0,4,1,January,Summer,Saturday,16:00 - 17:59,PM peak / evening commute,True,False,True,True
1350209,Injury,Serious Injury,2024,2024,February,Monday,12:00 - 13:59,DRUITT,ST,25,East,CLARENCE,ST,SYDNEY,7307.0,No,Not a school zone,2-way undivided,-33.87276,151.205999,Sydney,Sydney metro. area,Syd-Newc-Woll Gtr conurbation,Straight,Bus/transit lane,,,Off,Sealed,Dry,Fine,Daylight,Nil,No traffic controls,30 km/h,Regional,4,Ped walk with,5,Ped - Walking with traffic,,Vehicle - Pedestrian,Other bus,Pedestrian,2,0,1,0,0,2,February,Summer,Monday,12:00 - 13:59,Midday / afternoon,False,False,True,True
1350210,Injury,Minor/Other Injury,2024,2024,January,Friday,08:00 - 09:59,MIMOSA,RD,0,Right on the spot,NUMBER 41,HN,TURRAMURRA,,No,Not a school zone,2-way undivided,-33.745627,151.119123,Ku-ring-gai,Sydney metro. area,Syd-Newc-Woll Gtr conurbation,Straight,Steep grade,,,Nil,Sealed,Dry,Fine,Daylight,Nil,No traffic controls,50 km/h,Local,30,Rear end,301,Same - Rear end,,Rear end,Car (sedan/hatch),4 wheel drive / SUV,2,0,0,0,1,1,January,Summer,Friday,08:00 - 09:59,AM peak / school commute,True,False,True,True
1350211,Injury,Moderate Injury,2024,2024,February,Thursday,18:00 - 19:59,BELLS LINE OF,RD,250,West,OLD BELLS LINE OF,RD,KURRAJONG HEIGHTS,184.0,No,Not a school zone,2-way undivided,-33.539865,150.636521,Hawkesbury,Country urban,Syd-Newc-Woll Gtr conurbation,Curved,Embankment/cutting,,,On,Sealed,Dry,Fine,Darkness,Nil,No traffic controls,60 km/h,State,20,Head on,201,Opp - Head on,,Head-on,Car (sedan/hatch),Large rigid,2,0,0,1,0,2,February,Summer,Thursday,18:00 - 19:59,PM peak / evening commute,True,False,True,True
1350212,Injury,Serious Injury,2024,2024,February,Sunday,20:00 - 21:59,PYRMONT,ST,0,Right on the spot,PYRMONT BRIDGE,RD,PYRMONT,,No,Not a school zone,X-intersection,-33.870723,151.195687,Sydney,Sydney metro. area,Syd-Newc-Woll Gtr conurbation,Straight,Crest,,,On,Sealed,Dry,Fine,Darkness,On,No traffic controls,40 km/h,Local,21,Right through,202,Opp - Right-thru,,Other angle,4 wheel drive / SUV,Motor scooter,2,0,1,0,0,2,February,Summer,Sunday,20:00 - 21:59,Evening / night,False,False,True,True
1350218,Injury,Serious Injury,2024,2024,February,Thursday,06:00 - 07:59,BULLI APPIN,RD,2150,West,BADEN POWELL,DR,APPIN,177.0,No,Not a school zone,2-way undivided,-34.229494,150.816381,Wollondilly,Country non-urban,Syd-Newc-Woll Gtr conurbation,Curved,Painted double centre lines,,,Nil,Sealed,Dry,Fine,Daylight,Nil,No traffic controls,90 km/h,State,81,Off left/rt bnd=>obj,803,Off right bend into obj,Left,Vehicle - Object,Car (sedan/hatch),,2,0,3,1,0,2,February,Summer,Thursday,06:00 - 07:59,AM peak / school commute,True,False,True,True
1350219,Injury,Serious Injury,2024,2024,February,Sunday,08:00 - 09:59,GOLDEN,HWY,600,East,BYLONG VALLEY,WAY,SANDY HOLLOW,27.0,No,Not a school zone,2-way undivided,-32.343143,150.585931,Muswellbrook,Country non-urban,Rest of NSW - Rural,Straight,,,,Nil,Sealed,Dry,Overcast,Daylight,Nil,No traffic controls,100 km/h,State,67,Struck animal,609,On path - Hit animal,,Vehicle - Animal,Motorcycle,,1,0,1,0,0,2,February,Summer,Sunday,08:00 - 09:59,AM peak / school commute,True,False,True,True
1350222,Injury,Serious Injury,2024,2024,February,Friday,18:00 - 19:59,HONOUR,AVE,0,Right on the spot,NUMBER 98-100,HN,LAWSON,,No,Not a school zone,2-way undivided,-33.729808,150.442421,Blue Mountains,Country urban,Syd-Newc-Woll Gtr conurbation,Curved,,,,Nil,Sealed,Wet,Raining,Daylight,Nil,No traffic controls,50 km/h,Local,81,Off left/rt bnd=>obj,803,Off right bend into obj,Left,Vehicle - Object,Light truck,,1,0,1,0,0,2,February,Summer,Friday,18:00 - 19:59,PM peak / evening commute,True,False,True,True
1350223,Injury,Minor/Other Injury,2024,2024,February,Saturday,16:00 - 17:59,PIMPALA,CRES,142,West,BAYLY,ST,MULWALA,,No,Not a school zone,2-way undivided,-35.988994,145.969014,Federation,Country urban,Rest of NSW - Urban,Curved,,,,Nil,Sealed,Dry,Fine,Daylight,Nil,No traffic controls,60 km/h,Local,85,Off rt/lft bnd=>obj,804,Off left bend into obj,Right,Vehicle - Object,Car (sedan/hatch),,1,0,0,0,3,2,February,Summer,Saturday,16:00 - 17:59,PM peak / evening commute,True,False,True,True
1350224,Injury,Serious Injury,2024,2024,February,Thursday,08:00 - 09:59,OXFORD,ST,25,East,COLLEGE,ST,SURRY HILLS,7310.0,No,Not a school zone,2-way undivided,-33.877057,151.212325,Sydney,Sydney metro. area,Syd-Newc-Woll Gtr conurbation,Curved,,,,Off,Sealed,Dry,Overcast,Daylight,Nil,No traffic controls,40 km/h,Regional,34,Lane change right,306,Same - Lane change right,,Other angle,Motor scooter,Semi-trailer,2,0,1,0,0,2,February,Summer,Thursday,08:00 - 09:59,AM peak / school commute,True,False,True,True
1350225,Injury,Moderate Injury,2024,2024,February,Monday,00:01 - 01:59,MARSDEN,ST,50,South,LENNOX,ST,PARRAMATTA,,No,Not a school zone,2-way undivided,-33.822082,150.999513,Parramatta,Sydney metro. area,Syd-Newc-Woll Gtr conurbation,Straight,,,,On,Sealed,Dry,Fine,Darkness,Nil,No traffic controls,50 km/h,Local,30,Rear end,301,Same - Rear end,,Rear end,Car (sedan/hatch),Car (sedan/hatch),4,0,0,1,0,2,February,Summer,Monday,00:01 - 01:59,Late night / early morning,False,False,True,True
1350227,Injury,Serious Injury,2024,2024,February,Tuesday,06:00 - 07:59,WENTWORTH,AVE,0,Right on the spot,BINALONG,RD,PENDLE HILL,7279.0,No,Not a school zone,T-junction,-33.803518,150.962348,Parramatta,Sydney metro. area,Syd-Newc-Woll Gtr conurbation,Straight,,,,Nil,Sealed,Wet,Raining,Dawn,Nil,Give way sign,60 km/h,Regional,73,Off rd rght => obj,704,Right off cway into obj,,Vehicle - Object,Motor scooter,,1,0,1,0,0,2,February,Summer,Tuesday,06:00 - 07:59,AM peak / school commute,True,False,True,True
1350230,Injury,Moderate Injury,2024,2024,February,Thursday,20:00 - 21:59,JOHN RENSHAW,DR,200,East,OLD BUTTAI,RD,BUCHANAN,588.0,No,Not a school zone,2-way undivided,-32.825855,151.541783,Cessnock,Country non-urban,Rest of NSW - Rural,Straight,,,,Nil,Sealed,Dry,Fine,Darkness,Nil,No traffic controls,100 km/h,State,73,Off rd rght => obj,704,Right off cway into obj,,Vehicle - Object,4 wheel drive / SUV,,1,0,0,1,0,2,February,Summer,Thursday,20:00 - 21:59,Evening / night,False,False,True,True
1350231,Injury,Serious Injury,2024,2024,February,Sunday,10:00 - 11:59,BROOKLYN,RD,350,East,PACIFIC,HWY,BROOKLYN,,No,Not a school zone,2-way undivided,-33.54786,151.199015,Hornsby,Sydney metro. area,Syd-Newc-Woll Gtr conurbation,Curved,Painted double centre lines,,,Nil,Sealed,Dry,Fine,Daylight,Nil,No traffic controls,50 km/h,Local,20,Head on,201,Opp - Head on,,Head-on,Car (sedan/hatch),4 wheel drive / SUV,2,0,1,1,0,2,February,Summer,Sunday,10:00 - 11:59,Midday / afternoon,False,False,True,True
1350232,Injury,Minor/Other Injury,2024,2024,March,Saturday,22:00 - Midnight,TASKER,ST,50,South,MILLER,ST,CONDOBOLIN,,No,Not a school zone,2-way undivided,-33.08576,147.141223,Lachlan,Country urban,Rest of NSW - Urban,Straight,,,,On,Sealed,Dry,Fine,Darkness,Nil,No traffic controls,50 km/h,Local,71,Off rd left => obj,703,Left off cway into object,,Vehicle - Object,Quad bike,,1,0,0,0,1,3,March,Autumn,Saturday,22:00 - Midnight,Evening / night,False,False,True,True
1350233,Injury,Serious Injury,2024,2024,February,Sunday,20:00 - 21:59,FITZROY,ST,0,Right on the spot,BOURKE,ST,SURRY HILLS,7301.0,No,Not a school zone,X-intersection,-33.885209,151.215734,Sydney,Sydney metro. area,Syd-Newc-Woll Gtr conurbation,Straight,,,,On,Sealed,Dry,Fine,Darkness,On,No traffic controls,40 km/h,Regional,49,Other manoeuvring,400,Manov - other,,Other angle,Unknown motor vehicle,Pedal cycle,2,0,1,0,0,2,February,Summer,Sunday,20:00 - 21:59,Evening / night,False,False,True,True
1350237,Injury,Serious Injury,2024,2024,February,Tuesday,08:00 - 09:59,BERESFORD,RD,120,North,NAMOI,ST,GREYSTANES,,Yes,Yes,2-way undivided,-33.815357,150.941335,Cumberland,Sydney metro. area,Syd-Newc-Woll Gtr conurbation,Straight,,,,Nil,Sealed,Dry,Fine,Daylight,Nil,No traffic controls,40 km/h,Local,2,Ped far side,3,Ped - Far side,,Vehicle - Pedestrian,4 wheel drive / SUV,Pedestrian,2,0,1,0,0,2,February,Summer,Tuesday,08:00 - 09:59,AM peak / school commute,True,False,True,True
1350243,Injury,Moderate Injury,2024,2024,January,Thursday,12:00 - 13:59,OLD HUME,HWY,0,Right on the spot,ROSCOE,ST,MITTAGONG,258.0,No,Not a school zone,T-junction,-34.447557,150.436932,Wingecarribee,Country urban,Rest of NSW - Urban,Straight,,,,Off,Sealed,Dry,Fine,Daylight,On,No traffic controls,60 km/h,Regional,21,Right through,202,Opp - Right-thru,,Other angle,Light truck utility(from 2018),Light truck utility(from 2018),2,0,0,2,0,1,January,Summer,Thursday,12:00 - 13:59,Midday / afternoon,False,False,True,True
1350244,Injury,Moderate Injury,2024,2024,March,Thursday,06:00 - 07:59,KANGAROOBIE,RD,600,West,BURRENDONG,WAY,MARCH,,No,Not a school zone,2-way undivided,-33.222818,149.083353,Cabonne,Country non-urban,Rest of NSW - Rural,Curved,Embankment/cutting,,,Nil,Sealed,Unknown,Unknown,Daylight,Nil,No traffic controls,100 km/h,Local,87,Off lft/lft bnd=>obj,804,Off left bend into obj,Left,Vehicle - Object,Utility,,1,0,0,1,0,3,March,Autumn,Thursday,06:00 - 07:59,AM peak / school commute,True,False,True,True
1350247,Injury,Serious Injury,2024,2024,January,Saturday,22:00 - Midnight,WEST DAPTO,RD,100,East,SHEAFFES,RD,KEMBLA GRANGE,,No,Not a school zone,2-way undivided,-34.472431,150.792656,Wollongong,Wollongong met. area,Syd-Newc-Woll Gtr conurbation,Curved,,,,On,Sealed,Dry,Fine,Darkness,Nil,No traffic controls,80 km/h,Local,83,Off rt/rt bnd=>obj,803,Off right bend into obj,Right,Vehicle - Object,Car (sedan/hatch),,1,0,1,0,0,1,January,Summer,Saturday,22:00 - Midnight,Evening / night,False,False,True,True
1350256,Injury,Moderate Injury,2024,2024,March,Sunday,12:00 - 13:59,PIRRAMA,RD,85,West,JONES BAY,RD,PYRMONT,,No,Not a school zone,2-way undivided,-33.865817,151.194278,Sydney,Sydney metro. area,Syd-Newc-Woll Gtr conurbation,Straight,Driveway/entrance,,,Off,Sealed,Dry,Overcast,Daylight,Nil,No traffic controls,40 km/h,Local,6,Ped on footpath,8,Ped - On footway/median,,Vehicle - Pedestrian,Motorised push scooters,Pedestrian,2,0,0,1,0,3,March,Autumn,Sunday,12:00 - 13:59,Midday / afternoon,False,False,True,True
1350257,Injury,Serious Injury,2024,2024,March,Monday,18:00 - 19:59,SPINKS,RD,0,Right on the spot,KENTUCKY,DR,GLOSSODIA,7207.0,No,Not a school zone,X-intersection,-33.534998,150.758858,Hawkesbury,Country urban,Syd-Newc-Woll Gtr conurbation,Straight,Steep grade,,,Off,Sealed,Wet,Fine,Daylight,Nil,Give way sign,60 km/h,Regional,10,Cross traffic,101,Adj - Cross traffic,,Right angle,Car (sedan/hatch),Light truck utility(from 2018),2,0,1,0,1,3,March,Autumn,Monday,18:00 - 19:59,PM peak / evening commute,True,False,True,True
1350258,Injury,Serious Injury,2024,2024,March,Thursday,06:00 - 07:59,OBLEY,RD,50,North,NULLAWA,RD,WAMBANGALANG,,No,Not a school zone,2-way undivided,-32.618238,148.54889,Dubbo Regional,Country non-urban,Rest of NSW - Rural,Straight,,,,Nil,Sealed,Dry,Fine,Daylight,Nil,No traffic controls,100 km/h,Local,67,Struck animal,609,On path - Hit animal,,Vehicle - Animal,4 wheel drive / SUV,,1,0,2,0,1,3,March,Autumn,Thursday,06:00 - 07:59,AM peak / school commute,True,False,True,True
1350259,Injury,Serious Injury,2024,2024,March,Monday,02:00 - 03:59,EMPIRE BAY,DR,150,South,BUNDALEER,CRES,BENSVILLE,349.0,Yes,No,2-way undivided,-33.494795,151.391036,Central Coast,Country urban,Syd-Newc-Woll Gtr conurbation,Straight,Embankment/cutting,,,Nil,Sealed,Dry,Fine,Darkness,Nil,No traffic controls,70 km/h,State,71,Off rd left => obj,703,Left off cway into object,,Vehicle - Object,4 wheel drive / SUV,,1,0,1,0,0,3,March,Autumn,Monday,02:00 - 03:59,Late night / early morning,False,False,True,True
1350262,Injury,Serious Injury,2024,2024,March,Wednesday,16:00 - 17:59,NELSON BAY,RD,900,East,MARSH,RD,SALT ASH,108.0,No,Not a school zone,2-way undivided,-32.793156,151.941668,Port Stephens,Country urban,Rest of NSW - Urban,Curved,Embankment/cutting,,,Nil,Sealed,Wet,Overcast,Daylight,Nil,No traffic controls,80 km/h,State,81,Off left/rt bnd=>obj,803,Off right bend into obj,Left,Vehicle - Object,Car (sedan/hatch),,1,0,1,0,0,3,March,Autumn,Wednesday,16:00 - 17:59,PM peak / evening commute,True,False,True,True
1350263,Injury,Moderate Injury,2024,2024,February,Sunday,20:00 - 21:59,MITCHELL,HWY,0,Right on the spot,OPHIR,RD,ORANGE,7.0,No,Not a school zone,Roundabout,-33.278328,149.129561,Orange,Country urban,Rest of NSW - Urban,Curved,,,,Off,Sealed,Dry,Fine,Darkness,Nil,Give way sign,80 km/h,State,10,Cross traffic,101,Adj - Cross traffic,,Right angle,Car (sedan/hatch),Car (sedan/hatch),2,0,0,1,0,2,February,Summer,Sunday,20:00 - 21:59,Evening / night,False,False,True,True
1350272,Injury,Moderate Injury,2024,2024,March,Monday,16:00 - 17:59,BLACK STUMP,WAY,1000,North,MOOREFIELD,RD,LEADVILLE,55.0,No,Not a school zone,2-way undivided,-31.955505,149.643586,Warrumbungle,Country non-urban,Rest of NSW - Rural,Curved,,,,Nil,Sealed,Dry,Fine,Daylight,Nil,No traffic controls,100 km/h,Regional,86,Off left/left bend,802,Off cway left bend,Left,Rollover,Car (sedan/hatch),,1,0,0,1,0,3,March,Autumn,Monday,16:00 - 17:59,PM peak / evening commute,True,False,True,True
1350273,Injury,Serious Injury,2024,2024,February,Sunday,04:00 - 05:59,NEW SOUTH HEAD,RD,0,Right on the spot,BELLEVUE,RD,DOUBLE BAY,173.0,No,Not a school zone,X-intersection,-33.87713,151.244873,Woollahra,Sydney metro. area,Syd-Newc-Woll Gtr conurbation,Straight,,,,On,Sealed,Dry,Fine,Darkness,On,No traffic controls,60 km/h,State,83,Off rt/rt bnd=>obj,707,Right turn,Right,Vehicle - Object,Motorcycle,,1,0,1,0,0,2,February,Summer,Sunday,04:00 - 05:59,Late night / early morning,False,False,True,True
1350274,Injury,Moderate Injury,2024,2024,March,Thursday,20:00 - 21:59,PACIFIC,HWY,10,South,FULLERS,RD,CHATSWOOD,10.0,No,Not a school zone,X-intersection,-33.796217,151.178081,Willoughby,Sydney metro. area,Syd-Newc-Woll Gtr conurbation,Curved,,,,On,Sealed,Dry,Fine,Darkness,On,No traffic controls,60 km/h,State,35,Lane change left,307,Same - Lane change left,,Other angle,Large rigid,4 wheel drive / SUV,2,0,0,1,0,3,March,Autumn,Thursday,20:00 - 21:59,Evening / night,False,False,True,True
1350275,Injury,Serious Injury,2024,2024,March,Sunday,10:00 - 11:59,GOSTWYCK,RD,0,Right on the spot,NUMBER 171,HN,URALLA,,No,Not a school zone,2-way undivided,-30.650715,151.517387,Uralla,Country urban,Rest of NSW - Urban,Straight,,,,Nil,Sealed,Dry,Fine,Daylight,Nil,No traffic controls,50 km/h,Local,73,Off rd rght => obj,704,Right off cway into obj,,Vehicle - Object,Light truck utility(from 2018),,1,0,1,0,0,3,March,Autumn,Sunday,10:00 - 11:59,Midday / afternoon,False,False,True,True
1350279,Injury,Moderate Injury,2024,2024,March,Thursday,14:00 - 15:59,TAREN POINT,RD,0,Right on the spot,CAPTAIN COOK,DR,CARINGBAH,199.0,Yes,No,X-intersection,-34.031926,151.119437,Sutherland,Sydney metro. area,Syd-Newc-Woll Gtr conurbation,Straight,,,,Unknown / not stated,Sealed,Dry,Fine,Daylight,On,No traffic controls,70 km/h,State,30,Rear end,301,Same - Rear end,,Rear end,Large rigid,Car (sedan/hatch),3,0,0,1,0,3,March,Autumn,Thursday,14:00 - 15:59,Midday / afternoon,False,False,True,True
1350280,Injury,Minor/Other Injury,2024,2024,April,Tuesday,12:00 - 13:59,NEW ENGLAND,HWY,2000,North,PIKES GULLY ROAD,OP,MUSWELLBROOK,9.0,No,Not a school zone,Divided road,-32.395173,150.971825,Muswellbrook,Country non-urban,Rest of NSW - Rural,Straight,,,,Unknown / not stated,Sealed,Wet,Raining,Daylight,Nil,No traffic controls,100 km/h,State,34,Lane change right,306,Same - Lane change right,,Other angle,Light truck,Large rigid,3,0,0,0,1,4,April,Autumn,Tuesday,12:00 - 13:59,Midday / afternoon,False,False,True,True
1350282,Injury,Serious Injury,2024,2024,April,Tuesday,08:00 - 09:59,KINGSTON,RD,20,North,ROWLEY,ST,CAMPERDOWN,7017.0,No,Not a school zone,2-way undivided,-33.893069,151.172285,Inner West,Sydney metro. area,Syd-Newc-Woll Gtr conurbation,Straight,,,,Off,Sealed,Dry,Fine,Daylight,Nil,No traffic controls,50 km/h,Regional,30,Rear end,301,Same - Rear end,,Rear end,Pedal cycle,Unknown motor vehicle,2,0,1,0,0,4,April,Autumn,Tuesday,08:00 - 09:59,AM peak / school commute,True,False,True,True
1350284,Injury,Minor/Other Injury,2024,2024,March,Wednesday,14:00 - 15:59,CAMDEN VALLEY,WAY,100,North,GREGORY HILLS,DR,GLEDSWOOD HILLS,620.0,No,Not a school zone,Divided road,-34.019389,150.761667,Camden,Sydney metro. area,Syd-Newc-Woll Gtr conurbation,Straight,,,,Off,Sealed,Dry,Fine,Daylight,Nil,No traffic controls,80 km/h,State,30,Rear end,301,Same - Rear end,,Rear end,Car (sedan/hatch),4 wheel drive / SUV,2,0,0,0,1,3,March,Autumn,Wednesday,14:00 - 15:59,Midday / afternoon,False,False,True,True
1350285,Injury,Serious Injury,2024,2024,March,Monday,06:00 - 07:59,WIDEMERE,RD,30,South,DAVIS,RD,WETHERILL PARK,,No,Not a school zone,2-way undivided,-33.837092,150.912853,Fairfield,Sydney metro. area,Syd-Newc-Woll Gtr conurbation,Curved,,,,On,Sealed,Dry,Fine,Daylight,Nil,No traffic controls,60 km/h,Local,35,Lane change left,307,Same - Lane change left,,Other angle,Unknown motor vehicle,Car (sedan/hatch),3,0,1,1,0,3,March,Autumn,Monday,06:00 - 07:59,AM peak / school commute,True,False,True,True
1350286,Injury,Moderate Injury,2024,2024,March,Saturday,10:00 - 11:59,BOUNDARY,ST,0,Right on the spot,IVY,ST,DARLINGTON,,No,Not a school zone,X-intersection,-33.889236,151.195385,Sydney,Sydney metro. area,Syd-Newc-Woll Gtr conurbation,Straight,,,,Off,Sealed,Dry,Fine,Daylight,Nil,Give way sign,40 km/h,Local,10,Cross traffic,101,Adj - Cross traffic,,Right angle,Pedal cycle,Car (sedan/hatch),2,0,0,1,0,3,March,Autumn,Saturday,10:00 - 11:59,Midday / afternoon,False,False,True,True
1350288,Injury,Minor/Other Injury,2024,2024,March,Thursday,16:00 - 17:59,REGENT,ST,0,Right on the spot,LEE,ST,CHIPPENDALE,170.0,No,Not a school zone,T-junction,-33.885452,151.202942,Sydney,Sydney metro. area,Syd-Newc-Woll Gtr conurbation,Straight,,,,Unknown / not stated,Sealed,Dry,Overcast,Daylight,On,No traffic controls,40 km/h,State,30,Rear end,301,Same - Rear end,,Rear end,Light truck utility(from 2018),4 wheel drive / SUV,2,0,0,0,1,3,March,Autumn,Thursday,16:00 - 17:59,PM peak / evening commute,True,False,True,True
1350291,Injury,Moderate Injury,2024,2024,January,Monday,18:00 - 19:59,CAPTAIN COOK,DR,0,Right on the spot,WOOLOOWARE,RD,WOOLOOWARE,2075.0,Yes,No,T-junction,-34.039118,151.143341,Sutherland,Sydney metro. area,Syd-Newc-Woll Gtr conurbation,Straight,,,,Unknown / not stated,Sealed,Dry,Fine,Daylight,On,No traffic controls,70 km/h,Regional,21,Right through,202,Opp - Right-thru,,Other angle,Light truck utility(from 2018),4 wheel drive / SUV,2,0,0,1,1,1,January,Summer,Monday,18:00 - 19:59,PM peak / evening commute,True,False,True,True
1350292,Injury,Minor/Other Injury,2024,2024,February,Thursday,18:00 - 19:59,ARDEN,ST,25,South,NEPTUNE,ST,COOGEE,7340.0,No,Not a school zone,2-way undivided,-33.925996,151.255694,Randwick,Sydney metro. area,Syd-Newc-Woll Gtr conurbation,Straight,Steep grade,,,Nil,Sealed,Dry,Fine,Dusk,Nil,No traffic controls,50 km/h,Regional,71,Off rd left => obj,703,Left off cway into object,,Other angle,4 wheel drive / SUV,4 wheel drive / SUV,3,0,0,0,1,2,February,Summer,Thursday,18:00 - 19:59,PM peak / evening commute,True,False,True,True
1350294,Injury,Serious Injury,2024,2024,February,Wednesday,14:00 - 15:59,PRIOR,CCT,10,North,PRIOR,CCT,WEST KEMPSEY,,No,Not a school zone,T-junction,-31.060175,152.83632,Kempsey,Country urban,Rest of NSW - Urban,Straight,,,,Off,Sealed,Dry,Fine,Daylight,Nil,No traffic controls,50 km/h,Local,81,Off left/rt bnd=>obj,707,Right turn,Left,Vehicle - Object,Unknown type,,1,0,1,0,0,2,February,Summer,Wednesday,14:00 - 15:59,Midday / afternoon,False,False,True,True
1350295,Injury,Minor/Other Injury,2024,2024,April,Wednesday,10:00 - 11:59,PACIFIC,HWY,4000,North,CUDGERA CREEK ROAD,OP,ROUND MOUNTAIN,10.0,No,Not a school zone,Divided road,-28.35361,153.523429,Tweed,Country non-urban,Rest of NSW - Rural,Straight,B'down lane/road shldr,,,Unknown / not stated,Sealed,Dry,Fine,Daylight,Nil,No traffic controls,110 km/h,State,40,U turn,207,Opp - U-turn,,Other angle,Car (sedan/hatch),Car (sedan/hatch),2,0,0,0,1,4,April,Autumn,Wednesday,10:00 - 11:59,Midday / afternoon,False,False,True,True
1350297,Injury,Moderate Injury,2024,2024,March,Tuesday,08:00 - 09:59,PRINCES,HWY,1500,North,MORT,AVE,DALMENY,1.0,No,Not a school zone,2-way undivided,-36.159043,150.098851,Eurobodalla,Country non-urban,Rest of NSW - Rural,Curved,,,Flooded/submerged,Nil,Sealed,Wet,Raining,Daylight,Nil,No traffic controls,100 km/h,State,83,Off rt/rt bnd=>obj,803,Off right bend into obj,Right,Vehicle - Object,Light truck utility(from 2018),,1,0,0,1,0,3,March,Autumn,Tuesday,08:00 - 09:59,AM peak / school commute,True,False,True,True
1350299,Injury,Moderate Injury,2024,2024,April,Monday,12:00 - 13:59,SNOWY MOUNTAINS,HWY,1000,North,YACHTING POINT,ENT,BLOWERING,4.0,No,Not a school zone,2-way undivided,-35.501958,148.272434,Snowy Valleys,Country non-urban,Rest of NSW - Rural,Straight,Steep grade,,,Unknown / not stated,Sealed,Dry,Fine,Daylight,Nil,No traffic controls,100 km/h,State,71,Off rd left => obj,703,Left off cway into object,,Vehicle - Object,Station wagon,,1,0,0,1,0,4,April,Autumn,Monday,12:00 - 13:59,Midday / afternoon,False,False,True,True
1350303,Injury,Moderate Injury,2024,2024,March,Monday,18:00 - 19:59,CLARENCE,ST,0,Right on the spot,ERSKINE,ST,SYDNEY,,No,Not a school zone,X-intersection,-33.866706,151.205036,Sydney,Sydney metro. area,Syd-Newc-Woll Gtr conurbation,Straight,,,,On,Sealed,Dry,Fine,Darkness,On,Ped crossing,40 km/h,Local,0,Ped nearside,1,Ped - Near side,,Vehicle - Pedestrian,4 wheel drive / SUV,Pedestrian,2,0,0,1,0,3,March,Autumn,Monday,18:00 - 19:59,PM peak / evening commute,True,False,True,True
1350307,Injury,Moderate Injury,2024,2024,April,Tuesday,06:00 - 07:59,JOHN RENSHAW,DR,0,Right on the spot,HUNTER,EXP,BUCHANAN,588.0,No,Not a school zone,Roundabout,-32.829127,151.530944,Cessnock,Country urban,Rest of NSW - Urban,Straight,,,,Nil,Sealed,Dry,Fine,Dawn,Nil,Give way sign,60 km/h,State,32,Right rear,303,Same - Rear right,,Rear end,Unknown motor vehicle,4 wheel drive / SUV,2,0,0,1,0,4,April,Autumn,Tuesday,06:00 - 07:59,AM peak / school commute,True,False,True,True
1350308,Injury,Moderate Injury,2024,2024,February,Wednesday,18:00 - 19:59,CENTENARY,DR,600,North,ARTHUR,ST,HOMEBUSH WEST,200.0,No,Not a school zone,Divided road,-33.862941,151.066816,Strathfield,Sydney metro. area,Syd-Newc-Woll Gtr conurbation,Straight,,,,Off,Sealed,Wet,Raining,Daylight,Nil,No traffic controls,80 km/h,State,35,Lane change left,307,Same - Lane change left,,Other angle,Light truck utility(from 2018),4 wheel drive / SUV,4,0,0,2,0,2,February,Summer,Wednesday,18:00 - 19:59,PM peak / evening commute,True,False,True,True
1350309,Injury,Minor/Other Injury,2024,2024,April,Friday,08:00 - 09:59,TWEED COAST,RD,0,Right on the spot,PLANTATION,RD,CUDGEN,450.0,No,Not a school zone,T-junction,-28.27561,153.561369,Tweed,Country urban,Rest of NSW - Urban,Straight,,,,Nil,Sealed,Wet,Raining,Daylight,Nil,Stop sign,80 km/h,Regional,13,Right near,104,Adj - Right-thru from right,,Right angle,Car (sedan/hatch),4 wheel drive / SUV,2,0,0,0,2,4,April,Autumn,Friday,08:00 - 09:59,AM peak / school commute,True,False,True,True