crash_id,degree_of_crash,degree_of_crash_-_detailed,reporting_year,year_of_crash,month_of_crash,day_of_week_of_crash,two-hour_intervals,street_of_crash,street_type,distance,direction,identifying_feature,identifying_feature_type,town,route_no.,school_zone_location,school_zone_active,type_of_location,latitude,longitude,lga,urbanisation,conurbation_1,alignment,primary_permanent_feature,primary_temporary_feature,primary_hazardous_feature,street_lighting,road_surface,surface_condition,weather,natural_lighting,signals_operation,other_traffic_control,speed_limit,road_classification_(admin),rum_-_code,rum_-_description,dca_-_code,dca_-_description,dca_supplement,first_impact_type,key_tu_type,other_tu_type,no._of_traffic_units_involved,no._killed,no._seriously_injured,no._moderately_injured,no._minor-other_injured,month_num,month_label,season,day_label,time_label,time_band,is_peak_commute,is_fatal,is_injury,is_casualty
1350310,Injury,Serious Injury,2024,2024,April,Friday,18:00 - 19:59,OPHELIA,ST,0,Right on the spot,NUMBER 9A,HN,ROSEMEADOW,,No,Not a school zone,2-way undivided,-34.107373,150.79626,Campbelltown,Sydney metro. area,Syd-Newc-Woll Gtr conurbation,Straight,,,,On,Sealed,Wet,Raining,Dusk,Nil,No traffic controls,50 km/h,Local,73,Off rd rght => obj,704,Right off cway into obj,,Other angle,Car (sedan/hatch),Car (sedan/hatch),2,0,1,0,0,4,April,Autumn,Friday,18:00 - 19:59,PM peak / evening commute,True,False,True,True
1350312,Injury,Moderate Injury,2024,2024,February,Wednesday,08:00 - 09:59,MILLER,ST,50,North,BERRY,ST,NORTH SYDNEY,2111.0,Yes,Yes,2-way undivided,-33.836389,151.207357,North Sydney,Sydney metro. area,Syd-Newc-Woll Gtr conurbation,Straight,,,,Nil,Sealed,Dry,Fine,Daylight,Nil,No traffic controls,40 km/h,Regional,34,Lane change right,306,Same - Lane change right,,Other angle,Other bus,Pedal cycle,2,0,0,1,0,2,February,Summer,Wednesday,08:00 - 09:59,AM peak / school commute,True,False,True,True
1350314,Injury,Minor/Other Injury,2024,2024,April,Tuesday,16:00 - 17:59,GREAT WESTERN,HWY,0,Right on the spot,BUCKLAND,ST,CHIPPENDALE,5.0,No,Not a school zone,T-junction,-33.884382,151.197365,Sydney,Sydney metro. area,Syd-Newc-Woll Gtr conurbation,Straight,Foot/cycle path/nature strip,,,On,Sealed,Wet,Raining,Daylight,Nil,Ped crossing,50 km/h,State,48,From footpath,408,Manov - From footway,,Other angle,Pedal cycle,Car (sedan/hatch),2,0,0,0,1,4,April,Autumn,Tuesday,16:00 - 17:59,PM peak / evening commute,True,False,True,True
1350316,Injury,Serious Injury,2024,2024,April,Saturday,12:00 - 13:59,NEWELL,HWY,4000,East,TOORAWEENAH,RD,TOORAWEENAH,17.0,No,Not a school zone,2-way undivided,-31.464552,148.960917,Gilgandra,Country non-urban,Rest of NSW - Rural,Curved,Crest,,,Nil,Sealed,Dry,Fine,Daylight,Nil,No traffic controls,100 km/h,State,87,Off lft/lft bnd=>obj,804,Off left bend into obj,Left,Vehicle - Object,Station wagon,,1,0,2,1,0,4,April,Autumn,Saturday,12:00 - 13:59,Midday / afternoon,False,False,True,True
1350317,Injury,Moderate Injury,2024,2024,March,Sunday,12:00 - 13:59,FEDERAL,HWY,0,Right on the spot,SHINGLE HILL,WAY,BYWONG,3.0,No,Not a school zone,T-junction,-35.140598,149.335893,Yass Valley,Country non-urban,Rest of NSW - Rural,Straight,,,,Nil,Sealed,Dry,Fine,Daylight,Nil,Stop sign,110 km/h,State,13,Right near,104,Adj - Right-thru from right,,Right angle,Car (sedan/hatch),Car (sedan/hatch),2,0,0,1,1,3,March,Autumn,Sunday,12:00 - 13:59,Midday / afternoon,False,False,True,True
1350319,Injury,Serious Injury,2024,2024,April,Thursday,16:00 - 17:59,PACIFIC,HWY,300,South,PACIFIC HIGHWAY,OP,HEXHAM,10.0,No,Not a school zone,Divided road,-32.826842,151.683771,Newcastle,Newcastle met. area,Syd-Newc-Woll Gtr conurbation,Curved,,,,Off,Sealed,Dry,Fine,Dusk,Nil,No traffic controls,60 km/h,State,34,Lane change right,306,Same - Lane change right,,Other angle,4 wheel drive / SUV,Large rigid,4,0,1,0,0,4,April,Autumn,Thursday,16:00 - 17:59,PM peak / evening commute,True,False,True,True
1350326,Injury,Moderate Injury,2024,2024,April,Friday,04:00 - 05:59,IRRIGATION,WAY,0,Right on the spot,WILGA,RD,WHITTON,80.0,No,Not a school zone,T-junction,-34.49724,146.188777,Leeton,Country non-urban,Rest of NSW - Rural,Straight,,,,Nil,Sealed,Dry,Fine,Dawn,Nil,Give way sign,100 km/h,State,13,Right near,104,Adj - Right-thru from right,,Right angle,4 wheel drive / SUV,4 wheel drive / SUV,2,0,0,1,0,4,April,Autumn,Friday,04:00 - 05:59,Late night / early morning,False,False,True,True
1350328,Injury,Moderate Injury,2024,2024,April,Friday,20:00 - 21:59,WOLLONGONG,RD,20,East,MITCHELL,ST,ARNCLIFFE,,No,Not a school zone,2-way undivided,-33.936483,151.142246,Bayside,Sydney metro. area,Syd-Newc-Woll Gtr conurbation,Straight,,,,On,Sealed,Wet,Raining,Darkness,Nil,Ped crossing,50 km/h,Local,2,Ped far side,3,Ped - Far side,,Vehicle - Pedestrian,Light truck utility(from 2018),Pedestrian,2,0,0,1,0,4,April,Autumn,Friday,20:00 - 21:59,Evening / night,False,False,True,True
1350334,Injury,Serious Injury,2024,2024,March,Friday,08:00 - 09:59,LANG,RD,10,West,DRIVER,AVE,MOORE PARK,,No,Not a school zone,T-junction,-33.895714,151.223788,Sydney,Sydney metro. area,Syd-Newc-Woll Gtr conurbation,Straight,Foot/cycle path/nature strip,,,Off,Sealed,Dry,Fine,Daylight,On,Ped crossing,50 km/h,Local,48,From footpath,408,Manov - From footway,,Other angle,Pedal cycle,4 wheel drive / SUV,3,0,1,0,0,3,March,Autumn,Friday,08:00 - 09:59,AM peak / school commute,True,False,True,True
1350336,Injury,Serious Injury,2024,2024,April,Wednesday,12:00 - 13:59,BRADWARDINE,RD,0,Right on the spot,SUTTOR,ST,WINDRADYNE,,No,Not a school zone,Roundabout,-33.409911,149.551518,Bathurst Regional,Country urban,Rest of NSW - Urban,Straight,,,,Off,Sealed,Dry,Fine,Daylight,Nil,Give way sign,60 km/h,Local,10,Cross traffic,101,Adj - Cross traffic,,Right angle,4 wheel drive / SUV,Motorcycle,2,0,1,0,0,4,April,Autumn,Wednesday,12:00 - 13:59,Midday / afternoon,False,False,True,True
1350337,Injury,Moderate Injury,2024,2024,January,Tuesday,06:00 - 07:59,MARSHALL,ST,50,West,DARLEY,RD,MANLY,,No,Not a school zone,2-way undivided,-33.804557,151.290451,Northern Beaches,Sydney metro. area,Syd-Newc-Woll Gtr conurbation,Straight,,,,Off,Sealed,Dry,Fine,Daylight,Nil,No traffic controls,50 km/h,Local,0,Ped nearside,1,Ped - Near side,,Vehicle - Pedestrian,Pedal cycle,Pedestrian,2,0,0,1,0,1,January,Summer,Tuesday,06:00 - 07:59,AM peak / school commute,True,False,True,True
1350344,Injury,Moderate Injury,2024,2024,April,Wednesday,08:00 - 09:59,OLD SOUTH HEAD,RD,0,Right on the spot,MURRIVERIE,RD,ROSE BAY,339.0,No,Not a school zone,T-junction,-33.881371,151.270168,Waverley,Sydney metro. area,Syd-Newc-Woll Gtr conurbation,Curved,,,,Unknown / not stated,Sealed,Dry,Fine,Daylight,Nil,Give way sign,50 km/h,State,21,Right through,202,Opp - Right-thru,,Other angle,Light truck utility(from 2018),Car (sedan/hatch),2,0,0,1,0,4,April,Autumn,Wednesday,08:00 - 09:59,AM peak / school commute,True,False,True,True
1350353,Injury,Serious Injury,2024,2024,March,Saturday,20:00 - 21:59,PACIFIC,HWY,290,South,OLD PACIFIC,HWY,CALGA,10.0,No,Not a school zone,Divided road,-33.433041,151.227047,Central Coast,Country urban,Syd-Newc-Woll Gtr conurbation,Curved,Steep grade,,,Nil,Sealed,Dry,Fine,Darkness,Nil,No traffic controls,50 km/h,State,85,Off rt/lft bnd=>obj,804,Off left bend into obj,Right,Vehicle - Object,Motorcycle,,1,0,1,0,0,3,March,Autumn,Saturday,20:00 - 21:59,Evening / night,False,False,True,True
1350356,Injury,Serious Injury,2024,2024,April,Sunday,02:00 - 03:59,CAMPBELLTOWN,RD,215,West,INGLEBURN GARDENS,DR,EDMONDSON PARK,177.0,No,Not a school zone,2-way undivided,-33.970233,150.868178,Liverpool,Sydney metro. area,Syd-Newc-Woll Gtr conurbation,Straight,Other bridge,,,Nil,Sealed,Dry,Fine,Darkness,Nil,No traffic controls,80 km/h,State,71,Off rd left => obj,703,Left off cway into object,,Vehicle - Object,Car (sedan/hatch),,1,0,1,0,0,4,April,Autumn,Sunday,02:00 - 03:59,Late night / early morning,False,False,True,True
1350357,Injury,Serious Injury,2024,2024,April,Saturday,10:00 - 11:59,ROBINSON,ST,0,Right on the spot,WHITE,ST,GULGONG,,Yes,No,T-junction,-32.363543,149.5346,Mid-Western Regional,Country urban,Rest of NSW - Urban,Straight,,,,Off,Sealed,Dry,Fine,Daylight,Nil,Give way sign,50 km/h,Local,71,Off rd left => obj,703,Left off cway into object,,Vehicle - Object,Utility,,1,0,1,0,0,4,April,Autumn,Saturday,10:00 - 11:59,Midday / afternoon,False,False,True,True
1350359,Injury,Serious Injury,2024,2024,April,Monday,16:00 - 17:59,PEEL,RD,0,Right on the spot,NUMBER 68,HN,BAULKHAM HILLS,,No,Not a school zone,2-way undivided,-33.749862,150.968002,The Hills,Sydney metro. area,Syd-Newc-Woll Gtr conurbation,Curved,Steep grade,,,Off,Sealed,Dry,Fine,Daylight,Nil,No traffic controls,50 km/h,Local,81,Off left/rt bnd=>obj,803,Off right bend into obj,Left,Other angle,Car (sedan/hatch),Light truck,2,0,1,0,0,4,April,Autumn,Monday,16:00 - 17:59,PM peak / evening commute,True,False,True,True
1350360,Injury,Serious Injury,2024,2024,April,Monday,06:00 - 07:59,JAMES RUSE,DR,0,Right on the spot,VICTORIA ROAD,TO,PARRAMATTA,309.0,No,Not a school zone,Divided road,-33.811396,151.023039,Parramatta,Sydney metro. area,Syd-Newc-Woll Gtr conurbation,Straight,,,,On,Sealed,Dry,Fine,Daylight,Nil,No traffic controls,70 km/h,State,71,Off rd left => obj,703,Left off cway into object,,Vehicle - Object,Motor scooter,,1,0,2,0,0,4,April,Autumn,Monday,06:00 - 07:59,AM peak / school commute,True,False,True,True
1350361,Injury,Minor/Other Injury,2024,2024,April,Wednesday,08:00 - 09:59,REGINA,AVE,0,Right on the spot,UNION,RD,NORTH ALBURY,,No,Not a school zone,T-junction,-36.051355,146.923938,Albury,Country urban,Rest of NSW - Urban,Straight,,,,Off,Sealed,Dry,Fine,Daylight,Nil,No traffic controls,60 km/h,Local,13,Right near,104,Adj - Right-thru from right,,Right angle,Light truck utility(from 2018),Car (sedan/hatch),2,0,0,0,1,4,April,Autumn,Wednesday,08:00 - 09:59,AM peak / school commute,True,False,True,True
1350362,Injury,Moderate Injury,2024,2024,April,Sunday,16:00 - 17:59,BLOWHOLE POINT,RD,10,North,TERRALONG,ST,KIAMA,,No,Not a school zone,T-junction,-34.672019,150.857382,Kiama,Country urban,Rest of NSW - Urban,Straight,,,,Nil,Sealed,Dry,Fine,Daylight,Nil,No traffic controls,40 km/h,Local,9,Ped other,0,Ped - other,,Vehicle - Pedestrian,4 wheel drive / SUV,Pedestrian,2,0,0,1,0,4,April,Autumn,Sunday,16:00 - 17:59,PM peak / evening commute,True,False,True,True
1350364,Injury,Moderate Injury,2024,2024,April,Monday,14:00 - 15:59,PACIFIC,HWY,0,Right on the spot,NUMBER 445,HN,LINDFIELD,10.0,No,Not a school zone,Divided road,-33.772362,151.162861,Ku-ring-gai,Sydney metro. area,Syd-Newc-Woll Gtr conurbation,Straight,,,,Nil,Sealed,Dry,Fine,Daylight,Nil,No traffic controls,60 km/h,State,60,Parked,601,On path - Parked,,Other angle,Car (sedan/hatch),4 wheel drive / SUV,2,0,0,1,0,4,April,Autumn,Monday,14:00 - 15:59,Midday / afternoon,False,False,True,True
1350366,Injury,Serious Injury,2024,2024,March,Thursday,14:00 - 15:59,SIR BERTRAM STEVENS,DR,800,South,AUDLEY WEIR,OT,ROYAL NATIONAL PARK,393.0,No,Not a school zone,2-way undivided,-34.080266,151.056746,Sutherland,Sydney metro. area,Syd-Newc-Woll Gtr conurbation,Curved,,,,Nil,Sealed,Dry,Fine,Daylight,Nil,No traffic controls,60 km/h,State,88,Out of cont on bend,805,Out of control on bend,,Rollover,Motorcycle,,1,0,1,0,0,3,March,Autumn,Thursday,14:00 - 15:59,Midday / afternoon,False,False,True,True
1350369,Injury,Serious Injury,2024,2024,April,Tuesday,16:00 - 17:59,COWPER WHARF,RD,0,Right on the spot,BOURKE,ST,WOOLLOOMOOLOO,7311.0,No,Not a school zone,T-junction,-33.868796,151.21936,Sydney,Sydney metro. area,Syd-Newc-Woll Gtr conurbation,Straight,,,,On,Sealed,Wet,Raining,Darkness,On,No traffic controls,50 km/h,Regional,21,Right through,202,Opp - Right-thru,,Other angle,Car (sedan/hatch),Motorcycle,2,0,1,0,0,4,April,Autumn,Tuesday,16:00 - 17:59,PM peak / evening commute,True,False,True,True
1350371,Injury,Serious Injury,2024,2024,April,Monday,10:00 - 11:59,SOUTHERN,EXP,0,Right on the spot,APPIN ROAD,TO,CATARACT,6006.0,No,Not a school zone,Other,-34.302247,150.906065,Wollongong,Wollongong met. area,Syd-Newc-Woll Gtr conurbation,Straight,Freeway ramp/access,,,Nil,Sealed,Dry,Fine,Daylight,Nil,No traffic controls,80 km/h,State,74,On road-out of cont.,705,Out of control on cway,,Rollover,Motorcycle,,1,0,1,0,0,4,April,Autumn,Monday,10:00 - 11:59,Midday / afternoon,False,False,True,True
1350377,Injury,Minor/Other Injury,2024,2024,April,Friday,08:00 - 09:59,NEWCASTLE,RD,0,Right on the spot,MOREHEAD,ST,LAMBTON,82.0,No,Not a school zone,X-intersection,-32.909737,151.70956,Newcastle,Newcastle met. area,Syd-Newc-Woll Gtr conurbation,Straight,,,,On,Sealed,Dry,Fine,Daylight,On,No traffic controls,60 km/h,State,0,Ped nearside,1,Ped - Near side,,Vehicle - Pedestrian,4 wheel drive / SUV,Pedestrian,2,0,0,0,1,4,April,Autumn,Friday,08:00 - 09:59,AM peak / school commute,True,False,True,True
1350385,Injury,Moderate Injury,2024,2024,May,Wednesday,14:00 - 15:59,NORWEST,BVD,0,Right on the spot,WESTWOOD,WAY,BELLA VISTA,690.0,No,Not a school zone,Roundabout,-33.737283,150.955314,The Hills,Sydney metro. area,Syd-Newc-Woll Gtr conurbation,Straight,,,,Unknown / not stated,Sealed,Wet,Fine,Daylight,Nil,Give way sign,70 km/h,State,10,Cross traffic,101,Adj - Cross traffic,,Right angle,4 wheel drive / SUV,Motorcycle,2,0,0,1,0,5,May,Autumn,Wednesday,14:00 - 15:59,Midday / afternoon,False,False,True,True
1350386,Injury,Moderate Injury,2024,2024,April,Sunday,20:00 - 21:59,DEVONSHIRE,RD,0,Right on the spot,FLORIBUNDA,RD,KEMPS CREEK,7261.0,No,Not a school zone,T-junction,-33.895403,150.789936,Liverpool,Sydney metro. area,Syd-Newc-Woll Gtr conurbation,Straight,,,,Unknown / not stated,Sealed,Dry,Fine,Unknown,Nil,No traffic controls,70 km/h,Regional,16,Left near,107,Adj - Left-thru from right,,Right angle,Car (sedan/hatch),4 wheel drive / SUV,2,0,0,1,0,4,April,Autumn,Sunday,20:00 - 21:59,Evening / night,False,False,True,True
1350388,Injury,Minor/Other Injury,2024,2024,April,Friday,12:00 - 13:59,EDWARD,ST,0,Right on the spot,WARRENDINE,ST,ORANGE,,No,Not a school zone,X-intersection,-33.291291,149.10544,Orange,Country urban,Rest of NSW - Urban,Straight,,,,Unknown / not stated,Sealed,Dry,Fine,Daylight,Nil,Give way sign,50 km/h,Local,10,Cross traffic,101,Adj - Cross traffic,,Right angle,4 wheel drive / SUV,Car (sedan/hatch),2,0,0,0,1,4,April,Autumn,Friday,12:00 - 13:59,Midday / afternoon,False,False,True,True
1350398,Injury,Minor/Other Injury,2024,2024,April,Wednesday,18:00 - 19:59,CARNARVON,ST,0,Right on the spot,STUBBS,ST,SILVERWATER,,No,Not a school zone,Roundabout,-33.836198,151.039243,Parramatta,Sydney metro. area,Syd-Newc-Woll Gtr conurbation,Straight,,,,Unknown / not stated,Sealed,Dry,Fine,Dusk,Nil,Give way sign,50 km/h,Local,10,Cross traffic,101,Adj - Cross traffic,,Right angle,Light truck utility(from 2018),Car (sedan/hatch),2,0,0,0,1,4,April,Autumn,Wednesday,18:00 - 19:59,PM peak / evening commute,True,False,True,True
1350399,Injury,Moderate Injury,2024,2024,April,Friday,18:00 - 19:59,BELMORE,RD,0,Right on the spot,SILVER,ST,RANDWICK,,No,Not a school zone,T-junction,-33.913592,151.239748,Randwick,Sydney metro. area,Syd-Newc-Woll Gtr conurbation,Straight,,,,Off,Sealed,Dry,Fine,Dusk,Nil,Ped crossing,50 km/h,Local,0,Ped nearside,1,Ped - Near side,,Vehicle - Pedestrian,Light truck utility(from 2018),Pedestrian,2,0,0,1,0,4,April,Autumn,Friday,18:00 - 19:59,PM peak / evening commute,True,False,True,True
1350401,Injury,Moderate Injury,2024,2024,April,Tuesday,06:00 - 07:59,PACIFIC,HWY,0,Right on the spot,NEWCASTLE,EXP,OURIMBAH,10.0,No,Not a school zone,Roundabout,-33.344453,151.368153,Central Coast,Country urban,Syd-Newc-Woll Gtr conurbation,Straight,,,,Unknown / not stated,Sealed,Dry,Fine,Daylight,On,No traffic controls,60 km/h,State,30,Rear end,301,Same - Rear end,,Rear end,Light truck,Car (sedan/hatch),2,0,0,1,0,4,April,Autumn,Tuesday,06:00 - 07:59,AM peak / school commute,True,False,True,True
1350403,Injury,Serious Injury,2024,2024,March,Wednesday,16:00 - 17:59,LADY GAME,DR,200,North,HIGHFIELD,RD,LINDFIELD,7342.0,No,Not a school zone,2-way undivided,-33.775998,151.149622,Ku-ring-gai,Sydney metro. area,Syd-Newc-Woll Gtr conurbation,Straight,,,,Unknown / not stated,Sealed,Dry,Fine,Dusk,Nil,No traffic controls,60 km/h,Regional,20,Head on,201,Opp - Head on,,Head-on,Car (sedan/hatch),Light truck,2,0,1,0,0,3,March,Autumn,Wednesday,16:00 - 17:59,PM peak / evening commute,True,False,True,True
1350406,Injury,Serious Injury,2024,2024,April,Sunday,12:00 - 13:59,RESERVOIR,RD,0,Right on the spot,SELWYN,ST,PYMBLE,,No,Not a school zone,X-intersection,-33.736059,151.139688,Ku-ring-gai,Sydney metro. area,Syd-Newc-Woll Gtr conurbation,Straight,,,,Unknown / not stated,Sealed,Dry,Fine,Daylight,Nil,Give way sign,50 km/h,Local,10,Cross traffic,101,Adj - Cross traffic,,Right angle,4 wheel drive / SUV,4 wheel drive / SUV,2,0,1,0,0,4,April,Autumn,Sunday,12:00 - 13:59,Midday / afternoon,False,False,True,True
1350408,Injury,Moderate Injury,2024,2024,March,Sunday,16:00 - 17:59,BEATTIE,RD,0,Right on the spot,BEN NEVIS,RD,OBERON,,No,Not a school zone,T-junction,-33.738749,149.908443,Oberon,Country non-urban,Rest of NSW - Rural,Curved,,,,Unknown / not stated,Sealed,Dry,Fine,Daylight,Nil,No traffic controls,100 km/h,Local,88,Out of cont on bend,706,Left turn,,Rollover,Motorcycle,,1,0,0,1,0,3,March,Autumn,Sunday,16:00 - 17:59,PM peak / evening commute,True,False,True,True
1350413,Injury,Moderate Injury,2024,2024,April,Saturday,18:00 - 19:59,HUME,HWY,200,West,THE AVENUE,MS,YAGOONA,2.0,Yes,No,Divided road,-33.905245,151.012703,Canterbury-Bankstown,Sydney metro. area,Syd-Newc-Woll Gtr conurbation,Curved,,,,Unknown / not stated,Sealed,Dry,Fine,Dusk,Nil,No traffic controls,70 km/h,State,30,Rear end,301,Same - Rear end,,Rear end,4 wheel drive / SUV,Car (sedan/hatch),2,0,0,1,0,4,April,Autumn,Saturday,18:00 - 19:59,PM peak / evening commute,True,False,True,True
1350414,Injury,Moderate Injury,2024,2024,April,Saturday,20:00 - 21:59,FREYA,ST,0,Right on the spot,SOLVEIG,CRES,KAREELA,,No,Not a school zone,T-junction,-34.0177,151.081229,Sutherland,Sydney metro. area,Syd-Newc-Woll Gtr conurbation,Straight,,,,Unknown / not stated,Sealed,Dry,Fine,Darkness,Nil,No traffic controls,50 km/h,Local,0,Ped nearside,1,Ped - Near side,,Vehicle - Pedestrian,4 wheel drive / SUV,Pedestrian,3,0,0,1,1,4,April,Autumn,Saturday,20:00 - 21:59,Evening / night,False,False,True,True
1350422,Injury,Moderate Injury,2024,2024,April,Friday,10:00 - 11:59,GREAT WESTERN,HWY,0,Right on the spot,WALLGROVE,RD,EASTERN CREEK,5.0,No,Not a school zone,X-intersection,-33.788972,150.854534,Blacktown,Sydney metro. area,Syd-Newc-Woll Gtr conurbation,Straight,,,,Unknown / not stated,Sealed,Dry,Fine,Daylight,Unknown / not stated,No traffic controls,80 km/h,State,30,Rear end,301,Same - Rear end,,Rear end,Car (sedan/hatch),Passenger van,2,0,0,1,0,4,April,Autumn,Friday,10:00 - 11:59,Midday / afternoon,False,False,True,True
1350424,Injury,Minor/Other Injury,2024,2024,April,Saturday,12:00 - 13:59,WESTERN,EXP,0,Right on the spot,GREAT WESTERN HIGHWAY,TO,HOLROYD,6004.0,No,Not a school zone,Dual freeway,-33.827614,151.000685,Parramatta,Sydney metro. area,Syd-Newc-Woll Gtr conurbation,Straight,,,,Unknown / not stated,Sealed,Dry,Fine,Daylight,Nil,No traffic controls,90 km/h,State,30,Rear end,301,Same - Rear end,,Rear end,Light truck utility(from 2018),4 wheel drive / SUV,2,0,0,0,1,4,April,Autumn,Saturday,12:00 - 13:59,Midday / afternoon,False,False,True,True
1350425,Injury,Moderate Injury,2024,2024,May,Thursday,08:00 - 09:59,SPARKS,RD,0,Right on the spot,NEWCASTLE,EXP,WARNERVALE,509.0,No,Not a school zone,T-junction,-33.229228,151.423171,Central Coast,Country urban,Syd-Newc-Woll Gtr conurbation,Straight,,,,Unknown / not stated,Sealed,Wet,Overcast,Daylight,On,No right turn,60 km/h,State,30,Rear end,301,Same - Rear end,,Rear end,Light truck,4 wheel drive / SUV,3,0,0,1,0,5,May,Autumn,Thursday,08:00 - 09:59,AM peak / school commute,True,False,True,True
1350427,Injury,Moderate Injury,2024,2024,April,Thursday,20:00 - 21:59,MONARO,HWY,250,North,ROTHLYN,RD,CHAKOLA,19.0,No,Not a school zone,2-way undivided,-36.065385,149.157977,Snowy Monaro Regional,Country non-urban,Rest of NSW - Rural,Curved,,,,Unknown / not stated,Sealed,Dry,Fine,Darkness,Nil,No traffic controls,100 km/h,State,83,Off rt/rt bnd=>obj,803,Off right bend into obj,Right,Vehicle - Object,4 wheel drive / SUV,,1,0,0,1,0,4,April,Autumn,Thursday,20:00 - 21:59,Evening / night,False,False,True,True
1350428,Injury,Moderate Injury,2024,2024,April,Monday,10:00 - 11:59,GRAHAMSTOWN,RD,2000,North,ADELONG FALLS,RD,SANDY GULLY,,No,Not a school zone,2-way undivided,-35.284533,148.050149,Snowy Valleys,Country non-urban,Rest of NSW - Rural,Curved,Steep grade,,,Unknown / not stated,Sealed,Wet,Fine,Daylight,Nil,No traffic controls,100 km/h,Local,85,Off rt/lft bnd=>obj,804,Off left bend into obj,Right,Vehicle - Object,Car (sedan/hatch),,1,0,0,1,0,4,April,Autumn,Monday,10:00 - 11:59,Midday / afternoon,False,False,True,True
1350430,Injury,Moderate Injury,2024,2024,April,Saturday,14:00 - 15:59,PACIFIC,HWY,0,Right on the spot,RYDE ROAD,TO,PYMBLE,10.0,No,Not a school zone,Divided road,-33.750509,151.14691,Ku-ring-gai,Sydney metro. area,Syd-Newc-Woll Gtr conurbation,Curved,,,,Unknown / not stated,Sealed,Dry,Fine,Daylight,Nil,Give way sign,60 km/h,State,30,Rear end,301,Same - Rear end,,Rear end,Car (sedan/hatch),4 wheel drive / SUV,2,0,0,1,0,4,April,Autumn,Saturday,14:00 - 15:59,Midday / afternoon,False,False,True,True
1350434,Injury,Moderate Injury,2024,2024,March,Friday,12:00 - 13:59,BRUNSWICK VALLEY,WAY,0,Right on the spot,SHARA,BVD,BILLINUDGEL,689.0,No,Not a school zone,T-junction,-28.497796,153.527035,Byron,Country urban,Rest of NSW - Urban,Straight,,,,Unknown / not stated,Sealed,Dry,Fine,Daylight,Nil,Give way sign,80 km/h,Regional,10,Cross traffic,101,Adj - Cross traffic,,Right angle,4 wheel drive / SUV,Large rigid,2,0,0,1,0,3,March,Autumn,Friday,12:00 - 13:59,Midday / afternoon,False,False,True,True
1350436,Injury,Serious Injury,2024,2024,April,Monday,20:00 - 21:59,SIR BERTRAM STEVENS,DR,2200,West,GARIE,RD,ROYAL NATIONAL PARK,393.0,No,Not a school zone,2-way undivided,-34.161329,151.033172,Sutherland,Sydney metro. area,Syd-Newc-Woll Gtr conurbation,Curved,Painted double centre lines,,,Unknown / not stated,Sealed,Dry,Fine,Darkness,Nil,No traffic controls,60 km/h,State,85,Off rt/lft bnd=>obj,804,Off left bend into obj,Right,Vehicle - Object,Car (sedan/hatch),,1,0,2,0,0,4,April,Autumn,Monday,20:00 - 21:59,Evening / night,False,False,True,True
1350439,Injury,Serious Injury,2024,2024,April,Thursday,22:00 - Midnight,PACIFIC,HWY,4000,South,HAWKESBURY RIVER,BDGE,COWAN,10.0,No,Not a school zone,Divided road,-33.570686,151.192113,Hornsby,Sydney metro. area,Syd-Newc-Woll Gtr conurbation,Straight,,,,Unknown / not stated,Sealed,Wet,Raining,Darkness,Nil,No traffic controls,80 km/h,State,30,Rear end,301,Same - Rear end,,Rear end,Car (sedan/hatch),Car (sedan/hatch),6,0,1,0,0,4,April,Autumn,Thursday,22:00 - Midnight,Evening / night,False,False,True,True
1350441,Injury,Moderate Injury,2024,2024,April,Saturday,14:00 - 15:59,WINDSOR,RD,0,Right on the spot,COMMERCIAL,RD,ROUSE HILL,184.0,No,Not a school zone,T-junction,-33.687643,150.919937,The Hills,Sydney metro. area,Syd-Newc-Woll Gtr conurbation,Straight,,,,Unknown / not stated,Sealed,Dry,Fine,Daylight,On,No traffic controls,80 km/h,State,30,Rear end,301,Same - Rear end,,Rear end,Station wagon,4 wheel drive / SUV,2,0,0,1,0,4,April,Autumn,Saturday,14:00 - 15:59,Midday / afternoon,False,False,True,True
1350442,Injury,Moderate Injury,2024,2024,February,Tuesday,06:00 - 07:59,LINDEN,ST,50,South,LEONAY,ST,SUTHERLAND,663.0,No,Not a school zone,Divided road,-34.026426,151.055602,Sutherland,Sydney metro. area,Syd-Newc-Woll Gtr conurbation,Straight,,,,Unknown / not stated,Sealed,Dry,Fine,Daylight,Nil,No traffic controls,60 km/h,State,30,Rear end,301,Same - Rear end,,Rear end,4 wheel drive / SUV,Station wagon,2,0,0,1,0,2,February,Summer,Tuesday,06:00 - 07:59,AM peak / school commute,True,False,True,True
1350449,Injury,Minor/Other Injury,2024,2024,April,Sunday,12:00 - 13:59,CORONATION,PDE,0,Right on the spot,MINA ROSA,ST,ENFIELD,668.0,No,Not a school zone,T-junction,-33.889643,151.091244,Burwood,Sydney metro. area,Syd-Newc-Woll Gtr conurbation,Straight,,,,Unknown / not stated,Sealed,Dry,Fine,Daylight,Nil,No traffic controls,60 km/h,State,13,Right near,104,Adj - Right-thru from right,,Right angle,Car (sedan/hatch),Car (sedan/hatch),2,0,0,0,1,4,April,Autumn,Sunday,12:00 - 13:59,Midday / afternoon,False,False,True,True
1350452,Injury,Minor/Other Injury,2024,2024,April,Thursday,16:00 - 17:59,CUMBERLAND,HWY,0,Right on the spot,CARDINAL,AVE,WEST PENNANT HILLS,13.0,No,Not a school zone,X-intersection,-33.745713,151.05222,Hornsby,Sydney metro. area,Syd-Newc-Woll Gtr conurbation,Straight,,,,Unknown / not stated,Sealed,Dry,Fine,Daylight,On,No traffic controls,70 km/h,State,30,Rear end,301,Same - Rear end,,Rear end,4 wheel drive / SUV,4 wheel drive / SUV,2,0,0,0,1,4,April,Autumn,Thursday,16:00 - 17:59,PM peak / evening commute,True,False,True,True