crash_id,degree_of_crash,degree_of_crash_-_detailed,reporting_year,year_of_crash,month_of_crash,day_of_week_of_crash,two-hour_intervals,street_of_crash,street_type,distance,direction,identifying_feature,identifying_feature_type,town,route_no.,school_zone_location,school_zone_active,type_of_location,latitude,longitude,lga,urbanisation,conurbation_1,alignment,primary_permanent_feature,primary_temporary_feature,primary_hazardous_feature,street_lighting,road_surface,surface_condition,weather,natural_lighting,signals_operation,other_traffic_control,speed_limit,road_classification_(admin),rum_-_code,rum_-_description,dca_-_code,dca_-_description,dca_supplement,first_impact_type,key_tu_type,other_tu_type,no._of_traffic_units_involved,no._killed,no._seriously_injured,no._moderately_injured,no._minor-other_injured,month_num,month_label,season,day_label,time_label,time_band,is_peak_commute,is_fatal,is_injury,is_casualty
1350455,Injury,Moderate Injury,2024,2024,April,Sunday,20:00 - 21:59,MAROUBRA,RD,10,West,MALABAR,RD,MAROUBRA,7044.0,No,Not a school zone,X-intersection,-33.941141,151.252813,Randwick,Sydney metro. area,Syd-Newc-Woll Gtr conurbation,Curved,Steep grade,,,Unknown / not stated,Sealed,Dry,Fine,Darkness,On,No traffic controls,50 km/h,Regional,81,Off left/rt bnd=>obj,803,Off right bend into obj,Left,Other angle,Car (sedan/hatch),4 wheel drive / SUV,4,0,0,1,0,4,April,Autumn,Sunday,20:00 - 21:59,Evening / night,False,False,True,True
1350457,Injury,Moderate Injury,2024,2024,April,Thursday,20:00 - 21:59,KURRAJONG,RD,100,West,CEDAR,RD,PRESTONS,7263.0,No,Not a school zone,2-way undivided,-33.944771,150.885776,Liverpool,Sydney metro. area,Syd-Newc-Woll Gtr conurbation,Straight,,,,Unknown / not stated,Sealed,Dry,Fine,Darkness,Nil,No traffic controls,60 km/h,Regional,30,Rear end,301,Same - Rear end,,Rear end,Light truck utility(from 2018),4 wheel drive / SUV,2,0,0,1,0,4,April,Autumn,Thursday,20:00 - 21:59,Evening / night,False,False,True,True
1350458,Injury,Moderate Injury,2024,2024,April,Thursday,10:00 - 11:59,COMMISSIONER,ST,0,Right on the spot,COOMA SKATE PARK,ENT,COOMA,,No,Not a school zone,2-way undivided,-36.234689,149.129486,Snowy Monaro Regional,Country urban,Rest of NSW - Urban,Straight,Driveway/entrance,,,Unknown / not stated,Sealed,Dry,Fine,Daylight,Nil,No traffic controls,50 km/h,Local,47,Emerging from drive,406,Manov - Emerging from driveway,,Right angle,Motorcycle,4 wheel drive / SUV,2,0,0,1,0,4,April,Autumn,Thursday,10:00 - 11:59,Midday / afternoon,False,False,True,True
1350460,Injury,Moderate Injury,2024,2024,May,Thursday,20:00 - 21:59,MITCHELL,HWY,0,Right on the spot,DARLING,ST,DUBBO,7.0,No,Not a school zone,X-intersection,-32.253851,148.605658,Dubbo Regional,Country urban,Rest of NSW - Urban,Straight,,,,Unknown / not stated,Sealed,Dry,Fine,Darkness,On,No traffic controls,60 km/h,State,23,Right/left,203,Opp - Right-left,,Other angle,Motorcycle,Light truck utility(from 2018),2,0,0,1,0,5,May,Autumn,Thursday,20:00 - 21:59,Evening / night,False,False,True,True
1350466,Injury,Moderate Injury,2024,2024,April,Thursday,16:00 - 17:59,POLDING,ST,0,Right on the spot,KING,RD,PRAIRIEWOOD,7222.0,No,Not a school zone,X-intersection,-33.858883,150.916357,Fairfield,Sydney metro. area,Syd-Newc-Woll Gtr conurbation,Straight,,,,Unknown / not stated,Sealed,Dry,Fine,Dusk,On,No traffic controls,60 km/h,Regional,30,Rear end,301,Same - Rear end,,Rear end,Light truck utility(from 2018),Light truck utility(from 2018),3,0,0,1,0,4,April,Autumn,Thursday,16:00 - 17:59,PM peak / evening commute,True,False,True,True
1350467,Injury,Minor/Other Injury,2024,2024,February,Tuesday,08:00 - 09:59,DONNELLY,ST,0,Right on the spot,HARRIS,ST,GUILDFORD,,No,Not a school zone,T-junction,-33.847827,150.97613,Cumberland,Sydney metro. area,Syd-Newc-Woll Gtr conurbation,Straight,Steep grade,,,Unknown / not stated,Sealed,Dry,Fine,Daylight,Nil,No traffic controls,50 km/h,Local,10,Cross traffic,101,Adj - Cross traffic,,Right angle,Car (sedan/hatch),Car (sedan/hatch),2,0,0,0,1,2,February,Summer,Tuesday,08:00 - 09:59,AM peak / school commute,True,False,True,True
1350468,Injury,Moderate Injury,2024,2024,April,Sunday,00:01 - 01:59,KING GEORGES,RD,20,North,GROSVENOR,RD,SOUTH HURSTVILLE,200.0,No,Not a school zone,2-way undivided,-33.978776,151.106097,Georges River,Sydney metro. area,Syd-Newc-Woll Gtr conurbation,Straight,,,,Unknown / not stated,Sealed,Dry,Fine,Darkness,Nil,No traffic controls,70 km/h,State,71,Off rd left => obj,703,Left off cway into object,,Other angle,Car (sedan/hatch),Car (sedan/hatch),2,0,0,1,0,4,April,Autumn,Sunday,00:01 - 01:59,Late night / early morning,False,False,True,True
1350472,Injury,Minor/Other Injury,2024,2024,February,Friday,14:00 - 15:59,CARNATION,AVE,0,Right on the spot,SOUTH,TCE,BANKSTOWN,,No,Not a school zone,T-junction,-33.919123,151.045345,Canterbury-Bankstown,Sydney metro. area,Syd-Newc-Woll Gtr conurbation,Straight,,,,Unknown / not stated,Sealed,Dry,Fine,Daylight,Nil,No traffic controls,50 km/h,Local,71,Off rd left => obj,703,Left off cway into object,,Vehicle - Object,4 wheel drive / SUV,,1,0,0,0,1,2,February,Summer,Friday,14:00 - 15:59,Midday / afternoon,False,False,True,True
1350473,Injury,Moderate Injury,2024,2024,April,Tuesday,20:00 - 21:59,NEW ENGLAND,HWY,0,Right on the spot,SAINT AUBINS,ST,SCONE,9.0,No,Not a school zone,T-junction,-32.047432,150.858853,Upper Hunter,Country non-urban,Rest of NSW - Rural,Straight,,,,Unknown / not stated,Sealed,Wet,Raining,Darkness,Nil,Stop sign,100 km/h,State,13,Right near,104,Adj - Right-thru from right,,Right angle,Light truck utility(from 2018),Station wagon,2,0,0,1,0,4,April,Autumn,Tuesday,20:00 - 21:59,Evening / night,False,False,True,True
1350474,Injury,Minor/Other Injury,2024,2024,April,Thursday,14:00 - 15:59,BOTANY,RD,0,Right on the spot,GARDENERS,RD,MASCOT,170.0,Yes,No,X-intersection,-33.92146,151.196417,Bayside,Sydney metro. area,Syd-Newc-Woll Gtr conurbation,Curved,,,,Unknown / not stated,Sealed,Dry,Fine,Daylight,On,No traffic controls,50 km/h,State,35,Lane change left,307,Same - Lane change left,,Other angle,Car (sedan/hatch),Car (sedan/hatch),2,0,0,0,1,4,April,Autumn,Thursday,14:00 - 15:59,Midday / afternoon,False,False,True,True
1350476,Injury,Serious Injury,2024,2024,April,Thursday,14:00 - 15:59,TOONGABBIE,RD,0,Right on the spot,NUMBER 120,HN,TOONGABBIE,7256.0,No,Not a school zone,2-way undivided,-33.793347,150.940557,Cumberland,Sydney metro. area,Syd-Newc-Woll Gtr conurbation,Straight,,,,Nil,Sealed,Dry,Fine,Daylight,Nil,No traffic controls,60 km/h,Regional,33,Lane sideswipe,305,Same - Lane side swipe,,Other angle,Car (sedan/hatch),Car (sedan/hatch),2,0,2,0,0,4,April,Autumn,Thursday,14:00 - 15:59,Midday / afternoon,False,False,True,True
1350478,Injury,Moderate Injury,2024,2024,April,Wednesday,14:00 - 15:59,PERCIVAL,ST,0,Right on the spot,STOREY,ST,MAROUBRA,,No,Not a school zone,T-junction,-33.935935,151.232127,Randwick,Sydney metro. area,Syd-Newc-Woll Gtr conurbation,Straight,,,,Nil,Sealed,Dry,Fine,Daylight,Nil,No traffic controls,50 km/h,Local,15,Right/left far,106,Adj - Right-left from right,,Right angle,Car (sedan/hatch),Motor scooter,2,0,0,1,0,4,April,Autumn,Wednesday,14:00 - 15:59,Midday / afternoon,False,False,True,True
1350480,Injury,Minor/Other Injury,2024,2024,April,Friday,14:00 - 15:59,BATT,ST,0,Right on the spot,NUMBER 132,HN,JAMISONTOWN,,No,Not a school zone,2-way undivided,-33.766622,150.680247,Penrith,Sydney metro. area,Syd-Newc-Woll Gtr conurbation,Straight,,,,Unknown / not stated,Sealed,Dry,Fine,Daylight,Nil,No traffic controls,50 km/h,Local,30,Rear end,301,Same - Rear end,,Rear end,4 wheel drive / SUV,Car (sedan/hatch),2,0,0,0,1,4,April,Autumn,Friday,14:00 - 15:59,Midday / afternoon,False,False,True,True
1350481,Injury,Serious Injury,2024,2024,April,Saturday,08:00 - 09:59,OLD WINDSOR,RD,0,Right on the spot,MIAMI,ST,GLENWOOD,635.0,No,Not a school zone,X-intersection,-33.725355,150.939898,Blacktown,Sydney metro. area,Syd-Newc-Woll Gtr conurbation,Straight,,,,Unknown / not stated,Sealed,Dry,Fine,Daylight,On,No traffic controls,80 km/h,State,10,Cross traffic,101,Adj - Cross traffic,,Right angle,4 wheel drive / SUV,Car (sedan/hatch),2,0,1,0,0,4,April,Autumn,Saturday,08:00 - 09:59,AM peak / school commute,True,False,True,True
1350487,Injury,Minor/Other Injury,2024,2024,February,Saturday,20:00 - 21:59,OLD WINDSOR,RD,0,Right on the spot,MEMORIAL,AVE,BELLA VISTA,635.0,No,Not a school zone,X-intersection,-33.720413,150.937952,The Hills,Sydney metro. area,Syd-Newc-Woll Gtr conurbation,Straight,,,,Unknown / not stated,Sealed,Dry,Overcast,Dusk,On,No traffic controls,80 km/h,State,10,Cross traffic,101,Adj - Cross traffic,,Right angle,4 wheel drive / SUV,Car (sedan/hatch),2,0,0,0,1,2,February,Summer,Saturday,20:00 - 21:59,Evening / night,False,False,True,True
1350488,Injury,Moderate Injury,2024,2024,April,Tuesday,10:00 - 11:59,INMAN,ST,65,West,BANKS,ST,MAROUBRA,,No,Not a school zone,2-way undivided,-33.940424,151.260359,Randwick,Sydney metro. area,Syd-Newc-Woll Gtr conurbation,Straight,Steep grade,,,Unknown / not stated,Sealed,Wet,Raining,Daylight,Nil,No traffic controls,50 km/h,Local,71,Off rd left => obj,703,Left off cway into object,,Other angle,Large rigid,4 wheel drive / SUV,3,0,0,1,0,4,April,Autumn,Tuesday,10:00 - 11:59,Midday / afternoon,False,False,True,True
1350489,Injury,Moderate Injury,2024,2024,January,Thursday,12:00 - 13:59,PRINCES,HWY,0,Right on the spot,BELLAMBI,LANE,BELLAMBI,1.0,No,Not a school zone,X-intersection,-34.362052,150.907133,Wollongong,Wollongong met. area,Syd-Newc-Woll Gtr conurbation,Straight,,,,Off,Sealed,Dry,Fine,Daylight,On,No traffic controls,80 km/h,State,30,Rear end,301,Same - Rear end,,Rear end,Light truck utility(from 2018),4 wheel drive / SUV,2,0,0,1,0,1,January,Summer,Thursday,12:00 - 13:59,Midday / afternoon,False,False,True,True
1350492,Injury,Minor/Other Injury,2024,2024,March,Thursday,04:00 - 05:59,SACKVILLE,ST,0,Right on the spot,QUEEN,ST,CANLEY VALE,7221.0,No,Not a school zone,T-junction,-33.883398,150.938738,Fairfield,Sydney metro. area,Syd-Newc-Woll Gtr conurbation,Straight,,,,Unknown / not stated,Sealed,Dry,Fine,Darkness,Nil,Give way sign,60 km/h,Regional,49,Other manoeuvring,400,Manov - other,,Other angle,Car (sedan/hatch),4 wheel drive / SUV,2,0,0,0,2,3,March,Autumn,Thursday,04:00 - 05:59,Late night / early morning,False,False,True,True
1350493,Injury,Moderate Injury,2024,2024,May,Thursday,16:00 - 17:59,WITHERS,RD,20,East,BENTLEY,AVE,NORTH KELLYVILLE,,Yes,No,2-way undivided,-33.682962,150.930846,The Hills,Sydney metro. area,Syd-Newc-Woll Gtr conurbation,Straight,,,,Unknown / not stated,Sealed,Dry,Fine,Dusk,Nil,No traffic controls,60 km/h,Local,30,Rear end,301,Same - Rear end,,Rear end,Car (sedan/hatch),Car (sedan/hatch),2,0,0,1,0,5,May,Autumn,Thursday,16:00 - 17:59,PM peak / evening commute,True,False,True,True
1350496,Injury,Moderate Injury,2024,2024,April,Friday,12:00 - 13:59,LAKE,RD,0,Right on the spot,MCLAUGHLIN,ST,ARGENTON,217.0,No,Not a school zone,T-junction,-32.932903,151.636635,Lake Macquarie,Newcastle met. area,Syd-Newc-Woll Gtr conurbation,Straight,,,,Unknown / not stated,Sealed,Dry,Fine,Daylight,On,No traffic controls,60 km/h,State,30,Rear end,301,Same - Rear end,,Rear end,Car (sedan/hatch),Car (sedan/hatch),3,0,0,1,0,4,April,Autumn,Friday,12:00 - 13:59,Midday / afternoon,False,False,True,True
1350498,Injury,Moderate Injury,2024,2024,April,Saturday,06:00 - 07:59,BREAKFAST,RD,0,Right on the spot,TERRIGAL,ST,MARAYONG,,No,Not a school zone,T-junction,-33.750568,150.888346,Blacktown,Sydney metro. area,Syd-Newc-Woll Gtr conurbation,Straight,,,,Unknown / not stated,Sealed,Dry,Fine,Daylight,Nil,Stop sign,50 km/h,Local,21,Right through,202,Opp - Right-thru,,Other angle,Car (sedan/hatch),Car (sedan/hatch),3,0,0,1,0,4,April,Autumn,Saturday,06:00 - 07:59,AM peak / school commute,True,False,True,True
1350499,Injury,Moderate Injury,2024,2024,April,Wednesday,18:00 - 19:59,LONDONDERRY,RD,300,South,VINES,DR,RICHMOND,630.0,No,Not a school zone,2-way undivided,-33.613731,150.741668,Hawkesbury,Country urban,Syd-Newc-Woll Gtr conurbation,Straight,,,,Unknown / not stated,Sealed,Dry,Fine,Unknown,Nil,No traffic controls,60 km/h,State,67,Struck animal,609,On path - Hit animal,,Vehicle - Animal,Car (sedan/hatch),,1,0,0,1,0,4,April,Autumn,Wednesday,18:00 - 19:59,PM peak / evening commute,True,False,True,True
1350500,Injury,Minor/Other Injury,2024,2024,April,Monday,12:00 - 13:59,HENDERSON,RD,0,Right on the spot,MITCHELL,RD,ALEXANDRIA,2005.0,No,Not a school zone,X-intersection,-33.897629,151.195544,Sydney,Sydney metro. area,Syd-Newc-Woll Gtr conurbation,Straight,,,,Unknown / not stated,Sealed,Dry,Fine,Daylight,On,No traffic controls,50 km/h,Regional,32,Right rear,303,Same - Rear right,,Rear end,Station wagon,Car (sedan/hatch),2,0,0,0,2,4,April,Autumn,Monday,12:00 - 13:59,Midday / afternoon,False,False,True,True
1350502,Injury,Moderate Injury,2024,2024,May,Wednesday,14:00 - 15:59,CHARLESTOWN,RD,0,Right on the spot,NUMBER 133,HN,KOTARA,7769.0,No,Not a school zone,2-way undivided,-32.948179,151.686007,Newcastle,Newcastle met. area,Syd-Newc-Woll Gtr conurbation,Straight,,,,Unknown / not stated,Sealed,Wet,Raining,Daylight,Nil,No traffic controls,60 km/h,Regional,30,Rear end,301,Same - Rear end,,Rear end,4 wheel drive / SUV,4 wheel drive / SUV,3,0,0,1,0,5,May,Autumn,Wednesday,14:00 - 15:59,Midday / afternoon,False,False,True,True
1350503,Injury,Minor/Other Injury,2024,2024,April,Wednesday,14:00 - 15:59,WESTERN,EXP,200,West,GREAT WESTERN HIGHWAY,TO,HABERFIELD,6004.0,No,Not a school zone,Dual freeway,-33.876702,151.14127,Inner West,Sydney metro. area,Syd-Newc-Woll Gtr conurbation,Straight,Underpass/tunnel,,,Unknown / not stated,Sealed,Dry,Fine,Daylight,Nil,No traffic controls,90 km/h,State,35,Lane change left,307,Same - Lane change left,,Other angle,Car (sedan/hatch),Car (sedan/hatch),2,0,0,0,1,4,April,Autumn,Wednesday,14:00 - 15:59,Midday / afternoon,False,False,True,True
1350508,Injury,Minor/Other Injury,2024,2024,April,Friday,20:00 - 21:59,HUME,HWY,0,Right on the spot,BASS HILL PLAZA,ENT,BASS HILL,2.0,No,Not a school zone,Divided road,-33.898353,150.995057,Canterbury-Bankstown,Sydney metro. area,Syd-Newc-Woll Gtr conurbation,Straight,Driveway/entrance,,,Unknown / not stated,Sealed,Wet,Raining,Darkness,Unknown / not stated,No traffic controls,70 km/h,State,30,Rear end,301,Same - Rear end,,Rear end,Car (sedan/hatch),Light truck utility(from 2018),2,0,0,0,1,4,April,Autumn,Friday,20:00 - 21:59,Evening / night,False,False,True,True
1350509,Injury,Minor/Other Injury,2024,2024,April,Thursday,14:00 - 15:59,BANDA,RD,130,East,WATERLOO,RD,MACQUARIE PARK,,No,Not a school zone,2-way undivided,-33.778825,151.122141,Ryde,Sydney metro. area,Syd-Newc-Woll Gtr conurbation,Straight,Driveway/entrance,,,Unknown / not stated,Sealed,Dry,Fine,Daylight,Nil,No traffic controls,50 km/h,Local,47,Emerging from drive,406,Manov - Emerging from driveway,,Right angle,Car (sedan/hatch),Car (sedan/hatch),2,0,0,0,1,4,April,Autumn,Thursday,14:00 - 15:59,Midday / afternoon,False,False,True,True
1350510,Injury,Moderate Injury,2024,2024,April,Monday,16:00 - 17:59,WANGEE,RD,50,South,YANGOORA,RD,LAKEMBA,,Yes,No,2-way undivided,-33.914739,151.074801,Canterbury-Bankstown,Sydney metro. area,Syd-Newc-Woll Gtr conurbation,Straight,,,,Off,Sealed,Dry,Fine,Daylight,Nil,No traffic controls,50 km/h,Local,33,Lane sideswipe,305,Same - Lane side swipe,,Other angle,Car (sedan/hatch),Motor scooter,2,0,0,1,0,4,April,Autumn,Monday,16:00 - 17:59,PM peak / evening commute,True,False,True,True
1350511,Injury,Minor/Other Injury,2024,2024,January,Tuesday,10:00 - 11:59,HENRY LAWSON,DR,0,Right on the spot,AMIENS,AVE,MILPERRA,508.0,No,Not a school zone,T-junction,-33.936684,150.980849,Canterbury-Bankstown,Sydney metro. area,Syd-Newc-Woll Gtr conurbation,Straight,,,,Unknown / not stated,Sealed,Dry,Fine,Daylight,Nil,Give way sign,60 km/h,State,39,Other same direction,300,Same - other,,Other angle,Car (sedan/hatch),4 wheel drive / SUV,2,0,0,0,1,1,January,Summer,Tuesday,10:00 - 11:59,Midday / afternoon,False,False,True,True
1350513,Injury,Minor/Other Injury,2024,2024,April,Wednesday,20:00 - 21:59,MURRAY,ST,25,North,EDINBURGH,RD,MARRICKVILLE,,No,Not a school zone,2-way undivided,-33.908345,151.172499,Inner West,Sydney metro. area,Syd-Newc-Woll Gtr conurbation,Straight,,,,Unknown / not stated,Sealed,Dry,Fine,Darkness,Nil,No traffic controls,50 km/h,Local,34,Lane change right,306,Same - Lane change right,,Other angle,Station wagon,Motorcycle,2,0,0,0,1,4,April,Autumn,Wednesday,20:00 - 21:59,Evening / night,False,False,True,True
1350517,Injury,Serious Injury,2024,2024,April,Friday,06:00 - 07:59,NEWCASTLE,EXP,500,North,KU-RING-GAI CHASE ROAD,OP,MOUNT COLAH,6003.0,No,Not a school zone,Dual freeway,-33.674146,151.119889,Hornsby,Sydney metro. area,Syd-Newc-Woll Gtr conurbation,Curved,Crest,,,Unknown / not stated,Sealed,Dry,Fine,Daylight,Nil,No traffic controls,110 km/h,State,39,Other same direction,300,Same - other,,Other angle,Light truck utility(from 2018),Car (sedan/hatch),3,0,1,1,0,4,April,Autumn,Friday,06:00 - 07:59,AM peak / school commute,True,False,True,True
1350518,Injury,Moderate Injury,2024,2024,April,Tuesday,18:00 - 19:59,HEWS,PDE,50,West,FOREST,WAY,BELROSE,,No,Not a school zone,2-way undivided,-33.732677,151.220794,Northern Beaches,Sydney metro. area,Syd-Newc-Woll Gtr conurbation,Straight,Foot/cycle path/nature strip,,,Unknown / not stated,Sealed,Dry,Fine,Unknown,Nil,No traffic controls,50 km/h,Local,71,Off rd left => obj,703,Left off cway into object,,Other angle,Light truck utility(from 2018),Car (sedan/hatch),3,0,0,1,0,4,April,Autumn,Tuesday,18:00 - 19:59,PM peak / evening commute,True,False,True,True
1350523,Injury,Minor/Other Injury,2024,2024,April,Tuesday,06:00 - 07:59,GEORGES RIVER,RD,0,Right on the spot,CORONATION PARADE,TO,CROYDON PARK,549.0,No,Not a school zone,Divided road,-33.899641,151.090342,Burwood,Sydney metro. area,Syd-Newc-Woll Gtr conurbation,Straight,,,,Unknown / not stated,Sealed,Dry,Fine,Dawn,Nil,No traffic controls,60 km/h,State,30,Rear end,301,Same - Rear end,,Rear end,Car (sedan/hatch),Car (sedan/hatch),2,0,0,0,1,4,April,Autumn,Tuesday,06:00 - 07:59,AM peak / school commute,True,False,True,True
1350524,Injury,Moderate Injury,2024,2024,April,Friday,18:00 - 19:59,MARSDEN,RD,0,Right on the spot,TERRY,RD,EASTWOOD,158.0,No,Not a school zone,T-junction,-33.790906,151.065782,Ryde,Sydney metro. area,Syd-Newc-Woll Gtr conurbation,Curved,Steep grade,,,Unknown / not stated,Sealed,Dry,Fine,Darkness,On,No traffic controls,60 km/h,State,16,Left near,107,Adj - Left-thru from right,,Right angle,4 wheel drive / SUV,Car (sedan/hatch),2,0,0,1,0,4,April,Autumn,Friday,18:00 - 19:59,PM peak / evening commute,True,False,True,True
1350525,Injury,Moderate Injury,2024,2024,March,Tuesday,10:00 - 11:59,BALGOWNIE,RD,10,West,PRINCES,HWY,FAIRY MEADOW,,Yes,No,X-intersection,-34.389855,150.893593,Wollongong,Wollongong met. area,Syd-Newc-Woll Gtr conurbation,Straight,,,,Unknown / not stated,Sealed,Dry,Fine,Daylight,On,No traffic controls,50 km/h,Local,20,Head on,201,Opp - Head on,,Head-on,Car (sedan/hatch),Car (sedan/hatch),4,0,0,1,1,3,March,Autumn,Tuesday,10:00 - 11:59,Midday / afternoon,False,False,True,True
1350526,Injury,Moderate Injury,2024,2024,April,Friday,04:00 - 05:59,HUME,HWY,0,Right on the spot,ELIZABETH,DR,LIVERPOOL,2.0,No,Not a school zone,X-intersection,-33.919514,150.919343,Liverpool,Sydney metro. area,Syd-Newc-Woll Gtr conurbation,Straight,,,,Unknown / not stated,Sealed,Dry,Fine,Darkness,On,No traffic controls,60 km/h,State,34,Lane change right,306,Same - Lane change right,,Other angle,Light truck utility(from 2018),Semi-trailer,3,0,0,1,0,4,April,Autumn,Friday,04:00 - 05:59,Late night / early morning,False,False,True,True
1350529,Injury,Moderate Injury,2024,2024,April,Tuesday,10:00 - 11:59,PRINCES,HWY,50,North,SOUTH,ST,KOGARAH,1.0,Yes,No,Divided road,-33.96576,151.136841,Georges River,Sydney metro. area,Syd-Newc-Woll Gtr conurbation,Straight,,,,Unknown / not stated,Sealed,Dry,Fine,Daylight,Nil,No traffic controls,60 km/h,State,30,Rear end,301,Same - Rear end,,Rear end,Car (sedan/hatch),Car (sedan/hatch),2,0,0,1,0,4,April,Autumn,Tuesday,10:00 - 11:59,Midday / afternoon,False,False,True,True
1350532,Injury,Minor/Other Injury,2024,2024,April,Tuesday,12:00 - 13:59,BANKS,AVE,0,Right on the spot,HEFFRON,RD,PAGEWOOD,7044.0,No,Not a school zone,X-intersection,-33.939394,151.223916,Bayside,Sydney metro. area,Syd-Newc-Woll Gtr conurbation,Straight,,,,Unknown / not stated,Sealed,Dry,Fine,Daylight,On,Ped crossing,50 km/h,Regional,30,Rear end,301,Same - Rear end,,Rear end,Car (sedan/hatch),4 wheel drive / SUV,2,0,0,0,1,4,April,Autumn,Tuesday,12:00 - 13:59,Midday / afternoon,False,False,True,True
1350533,Injury,Serious Injury,2024,2024,April,Wednesday,04:00 - 05:59,CARRINGTON,RD,0,Right on the spot,NUMBER 46,HN,WAVERLEY,660.0,Yes,No,2-way undivided,-33.898879,151.253922,Waverley,Sydney metro. area,Syd-Newc-Woll Gtr conurbation,Straight,Painted double centre lines,,,Unknown / not stated,Sealed,Dry,Fine,Dawn,Nil,No traffic controls,50 km/h,State,20,Head on,201,Opp - Head on,,Head-on,4 wheel drive / SUV,4 wheel drive / SUV,2,0,1,0,1,4,April,Autumn,Wednesday,04:00 - 05:59,Late night / early morning,False,False,True,True
1350536,Injury,Moderate Injury,2024,2024,April,Monday,08:00 - 09:59,RACECOURSE,TRL,500,West,SPOKES MOUNTAIN,TRL,FORBES RIVER,,No,Not a school zone,2-way undivided,-31.137237,152.345077,Port Macquarie-Hastings,Country non-urban,Rest of NSW - Rural,Straight,,,,Unknown / not stated,Unsealed,Wet,Fine,Daylight,Nil,No traffic controls,100 km/h,Local,74,On road-out of cont.,705,Out of control on cway,,Rollover,Motorcycle,,1,0,0,1,0,4,April,Autumn,Monday,08:00 - 09:59,AM peak / school commute,True,False,True,True
1350538,Injury,Minor/Other Injury,2024,2024,April,Friday,08:00 - 09:59,HECTOR,ST,10,North,MCPHEE,ST,SEFTON,7101.0,Yes,No,T-junction,-33.879256,151.007542,Canterbury-Bankstown,Sydney metro. area,Syd-Newc-Woll Gtr conurbation,Straight,,,,Unknown / not stated,Sealed,Wet,Raining,Daylight,Nil,Ped crossing,60 km/h,Regional,30,Rear end,301,Same - Rear end,,Rear end,Car (sedan/hatch),Car (sedan/hatch),2,0,0,0,1,4,April,Autumn,Friday,08:00 - 09:59,AM peak / school commute,True,False,True,True
1350540,Injury,Minor/Other Injury,2024,2024,April,Tuesday,16:00 - 17:59,PRINCES,HWY,0,Right on the spot,CANDELO BEGA,RD,KINGSWOOD,1.0,No,Not a school zone,T-junction,-36.738623,149.817585,Bega Valley,Country non-urban,Rest of NSW - Rural,Straight,,,,Unknown / not stated,Sealed,Dry,Fine,Dusk,Nil,Give way sign,100 km/h,State,13,Right near,104,Adj - Right-thru from right,,Right angle,4 wheel drive / SUV,4 wheel drive / SUV,2,0,0,0,1,4,April,Autumn,Tuesday,16:00 - 17:59,PM peak / evening commute,True,False,True,True
1350542,Injury,Minor/Other Injury,2024,2024,April,Wednesday,12:00 - 13:59,SUNNYHOLT,RD,0,Right on the spot,QUAKERS HILL,PKWY,ACACIA GARDENS,642.0,No,Not a school zone,T-junction,-33.731262,150.921332,Blacktown,Sydney metro. area,Syd-Newc-Woll Gtr conurbation,Straight,,,,Unknown / not stated,Sealed,Dry,Fine,Daylight,On,No traffic controls,70 km/h,State,30,Rear end,301,Same - Rear end,,Rear end,Car (sedan/hatch),4 wheel drive / SUV,2,0,0,0,1,4,April,Autumn,Wednesday,12:00 - 13:59,Midday / afternoon,False,False,True,True
1350545,Injury,Moderate Injury,2024,2024,May,Wednesday,08:00 - 09:59,NELSON BAY,RD,1000,South,SALAMANDER,WAY,ANNA BAY,108.0,No,Not a school zone,2-way undivided,-32.747334,152.112913,Port Stephens,Country non-urban,Rest of NSW - Rural,Straight,,,,Nil,Sealed,Wet,Raining,Daylight,Nil,No traffic controls,90 km/h,State,71,Off rd left => obj,703,Left off cway into object,,Vehicle - Object,Car (sedan/hatch),,1,0,0,1,0,5,May,Autumn,Wednesday,08:00 - 09:59,AM peak / school commute,True,False,True,True
1350548,Injury,Minor/Other Injury,2024,2024,April,Thursday,16:00 - 17:59,PACIFIC,HWY,10,South,DOG TRAP,RD,OURIMBAH,10.0,Yes,No,T-junction,-33.353919,151.369378,Central Coast,Country urban,Syd-Newc-Woll Gtr conurbation,Curved,,,,Unknown / not stated,Sealed,Dry,Fine,Daylight,Unknown / not stated,No traffic controls,60 km/h,State,30,Rear end,301,Same - Rear end,,Rear end,Light truck utility(from 2018),Car (sedan/hatch),2,0,0,0,1,4,April,Autumn,Thursday,16:00 - 17:59,PM peak / evening commute,True,False,True,True
1350549,Injury,Serious Injury,2024,2024,April,Friday,14:00 - 15:59,WOODCROFT,DR,75,South,BELLMINER,ST,WOODCROFT,,No,Not a school zone,2-way undivided,-33.760817,150.881368,Blacktown,Sydney metro. area,Syd-Newc-Woll Gtr conurbation,Curved,,,,Off,Sealed,Dry,Fine,Daylight,Nil,No traffic controls,50 km/h,Local,88,Out of cont on bend,805,Out of control on bend,,Rollover,Motor scooter,,1,0,1,0,0,4,April,Autumn,Friday,14:00 - 15:59,Midday / afternoon,False,False,True,True
1350552,Injury,Moderate Injury,2024,2024,April,Wednesday,22:00 - Midnight,GREENACRE,RD,0,Right on the spot,MERCURY,ST,WOLLONGONG,,No,Not a school zone,Roundabout,-34.421159,150.883367,Wollongong,Wollongong met. area,Syd-Newc-Woll Gtr conurbation,Straight,,,,On,Sealed,Dry,Fine,Darkness,Nil,Give way sign,50 km/h,Local,74,On road-out of cont.,705,Out of control on cway,,Rollover,Motor scooter,,1,0,0,1,0,4,April,Autumn,Wednesday,22:00 - Midnight,Evening / night,False,False,True,True