crash_id,degree_of_crash,degree_of_crash_-_detailed,reporting_year,year_of_crash,month_of_crash,day_of_week_of_crash,two-hour_intervals,street_of_crash,street_type,distance,direction,identifying_feature,identifying_feature_type,town,route_no.,school_zone_location,school_zone_active,type_of_location,latitude,longitude,lga,urbanisation,conurbation_1,alignment,primary_permanent_feature,primary_temporary_feature,primary_hazardous_feature,street_lighting,road_surface,surface_condition,weather,natural_lighting,signals_operation,other_traffic_control,speed_limit,road_classification_(admin),rum_-_code,rum_-_description,dca_-_code,dca_-_description,dca_supplement,first_impact_type,key_tu_type,other_tu_type,no._of_traffic_units_involved,no._killed,no._seriously_injured,no._moderately_injured,no._minor-other_injured,month_num,month_label,season,day_label,time_label,time_band,is_peak_commute,is_fatal,is_injury,is_casualty
1350553,Injury,Moderate Injury,2024,2024,March,Sunday,18:00 - 19:59,FLAT,RD,300,North,GLENARVON,RD,LORN,101.0,No,Not a school zone,2-way undivided,-32.722981,151.588625,Maitland,Country urban,Rest of NSW - Urban,Straight,,,,On,Sealed,Dry,Fine,Darkness,Nil,No traffic controls,80 km/h,Regional,71,Off rd left => obj,703,Left off cway into object,,Other angle,4 wheel drive / SUV,Car (sedan/hatch),2,0,0,1,0,3,March,Autumn,Sunday,18:00 - 19:59,PM peak / evening commute,True,False,True,True
1350565,Injury,Moderate Injury,2024,2024,April,Monday,12:00 - 13:59,SAMANTHA RILEY,DR,0,Right on the spot,HEZLETT,RD,NORTH KELLYVILLE,7142.0,No,Not a school zone,X-intersection,-33.699732,150.959029,The Hills,Sydney metro. area,Syd-Newc-Woll Gtr conurbation,Straight,,,,Unknown / not stated,Sealed,Dry,Fine,Daylight,On,No traffic controls,60 km/h,Regional,21,Right through,202,Opp - Right-thru,,Other angle,4 wheel drive / SUV,Car (sedan/hatch),2,0,0,1,0,4,April,Autumn,Monday,12:00 - 13:59,Midday / afternoon,False,False,True,True
1350569,Injury,Moderate Injury,2024,2024,April,Tuesday,14:00 - 15:59,CHELMSFORD,DR,0,Right on the spot,THE CHELMSFORD CENTRE,ENT,METFORD,,No,Not a school zone,2-way undivided,-32.761854,151.596727,Maitland,Country urban,Rest of NSW - Urban,Straight,Driveway/entrance,,,Off,Sealed,Dry,Fine,Daylight,Nil,No traffic controls,60 km/h,Local,47,Emerging from drive,406,Manov - Emerging from driveway,,Right angle,4 wheel drive / SUV,Motorcycle,2,0,0,2,0,4,April,Autumn,Tuesday,14:00 - 15:59,Midday / afternoon,False,False,True,True
1350570,Injury,Minor/Other Injury,2024,2024,March,Saturday,20:00 - 21:59,BELMORE,ST,0,Right on the spot,BURWOOD,RD,BURWOOD,,No,Not a school zone,X-intersection,-33.878912,151.103385,Burwood,Sydney metro. area,Syd-Newc-Woll Gtr conurbation,Straight,,,,On,Sealed,Unknown,Unknown,Darkness,Unknown / not stated,No traffic controls,40 km/h,Local,30,Rear end,301,Same - Rear end,,Rear end,Light truck utility(from 2018),4 wheel drive / SUV,4,0,0,0,1,3,March,Autumn,Saturday,20:00 - 21:59,Evening / night,False,False,True,True
1350571,Injury,Moderate Injury,2024,2024,March,Sunday,02:00 - 03:59,PRINCES,HWY,1000,South,SOUTH KIAMA DRIVE,TO,KIAMA HEIGHTS,1.0,No,Not a school zone,Divided road,-34.703216,150.837389,Kiama,Country urban,Rest of NSW - Urban,Curved,,,,On,Sealed,Dry,Fine,Darkness,Nil,No traffic controls,80 km/h,State,81,Off left/rt bnd=>obj,803,Off right bend into obj,Left,Vehicle - Object,4 wheel drive / SUV,,1,0,0,1,0,3,March,Autumn,Sunday,02:00 - 03:59,Late night / early morning,False,False,True,True
1350577,Injury,Moderate Injury,2024,2024,March,Friday,12:00 - 13:59,BURNS BAY,RD,0,Right on the spot,GLADESVILLE,RD,HUNTERS HILL,2033.0,No,Not a school zone,T-junction,-33.83409,151.145532,Hunters Hill,Sydney metro. area,Syd-Newc-Woll Gtr conurbation,Straight,Other bridge,,,On,Sealed,Dry,Fine,Daylight,On,No traffic controls,50 km/h,State,11,Right far,102,Adj - Right-thru from left,,Right angle,Car (sedan/hatch),Motorcycle,2,0,0,1,0,3,March,Autumn,Friday,12:00 - 13:59,Midday / afternoon,False,False,True,True
1350579,Injury,Moderate Injury,2024,2024,April,Monday,10:00 - 11:59,BOUNDARY,ST,0,Right on the spot,KULAROO,DR,FORSTER,,No,Not a school zone,Roundabout,-32.197527,152.526177,Mid-Coast,Country urban,Rest of NSW - Urban,Straight,,,,Nil,Sealed,Dry,Fine,Daylight,Nil,Give way sign,50 km/h,Local,11,Right far,102,Adj - Right-thru from left,,Right angle,Car (sedan/hatch),4 wheel drive / SUV,2,0,0,1,0,4,April,Autumn,Monday,10:00 - 11:59,Midday / afternoon,False,False,True,True
1350580,Injury,Moderate Injury,2024,2024,April,Friday,20:00 - 21:59,WILLIAM,ST,0,Right on the spot,NUMBER 215,HN,EARLWOOD,2021.0,No,Not a school zone,2-way undivided,-33.927446,151.110665,Canterbury-Bankstown,Sydney metro. area,Syd-Newc-Woll Gtr conurbation,Straight,Driveway/entrance,,,On,Sealed,Dry,Fine,Darkness,Nil,No traffic controls,50 km/h,Regional,49,Other manoeuvring,400,Manov - other,,Other angle,Light truck,Light truck utility(from 2018),3,0,0,1,0,4,April,Autumn,Friday,20:00 - 21:59,Evening / night,False,False,True,True
1350581,Injury,Serious Injury,2024,2024,April,Sunday,06:00 - 07:59,PACIFIC,HWY,1000,North,SOLITARY ROAD,OP,DIRTY CREEK,10.0,No,Not a school zone,Divided road,-29.975087,153.137739,Clarence Valley,Country non-urban,Rest of NSW - Rural,Curved,Embankment/cutting,,,Off,Sealed,Wet,Raining,Daylight,Nil,No traffic controls,110 km/h,State,87,Off lft/lft bnd=>obj,804,Off left bend into obj,Left,Vehicle - Object,4 wheel drive / SUV,,1,0,1,0,0,4,April,Autumn,Sunday,06:00 - 07:59,AM peak / school commute,True,False,True,True
1350585,Injury,Minor/Other Injury,2024,2024,April,Wednesday,08:00 - 09:59,FISHER,ST,0,Right on the spot,HOPE,ST,OAK FLATS,,No,Not a school zone,X-intersection,-34.563597,150.813791,Shellharbour,Wollongong met. area,Syd-Newc-Woll Gtr conurbation,Straight,,,,Nil,Sealed,Dry,Fine,Daylight,Nil,Give way sign,50 km/h,Local,10,Cross traffic,101,Adj - Cross traffic,,Right angle,Car (sedan/hatch),Car (sedan/hatch),2,0,0,0,1,4,April,Autumn,Wednesday,08:00 - 09:59,AM peak / school commute,True,False,True,True
1350586,Injury,Serious Injury,2024,2024,April,Wednesday,14:00 - 15:59,MIMOSA,RD,80,West,WATERLOO,RD,GREENACRE,,Yes,No,2-way undivided,-33.910635,151.055805,Canterbury-Bankstown,Sydney metro. area,Syd-Newc-Woll Gtr conurbation,Straight,,,,Off,Sealed,Dry,Fine,Daylight,Nil,No traffic controls,50 km/h,Local,71,Off rd left => obj,703,Left off cway into object,,Other angle,Pedal cycle,Car (sedan/hatch),2,0,1,0,0,4,April,Autumn,Wednesday,14:00 - 15:59,Midday / afternoon,False,False,True,True
1350587,Injury,Serious Injury,2024,2024,April,Thursday,12:00 - 13:59,KILDARE,DR,0,Right on the spot,LOCHLOMOND,DR,BANORA POINT,,No,Not a school zone,T-junction,-28.228744,153.538076,Tweed,Country urban,Rest of NSW - Urban,Curved,Foot/cycle path/nature strip,,,Off,Sealed,Dry,Fine,Daylight,Nil,No traffic controls,50 km/h,Local,10,Cross traffic,101,Adj - Cross traffic,,Right angle,4 wheel drive / SUV,Car (sedan/hatch),2,0,1,0,0,4,April,Autumn,Thursday,12:00 - 13:59,Midday / afternoon,False,False,True,True
1350588,Injury,Serious Injury,2024,2024,March,Saturday,06:00 - 07:59,CRANE,ST,0,Right on the spot,BURWOOD,RD,CONCORD,7325.0,Yes,No,X-intersection,-33.862607,151.10809,Canada Bay,Sydney metro. area,Syd-Newc-Woll Gtr conurbation,Straight,,,,Nil,Sealed,Dry,Fine,Daylight,On,No traffic controls,50 km/h,Regional,10,Cross traffic,101,Adj - Cross traffic,,Right angle,Car (sedan/hatch),4 wheel drive / SUV,2,0,1,1,0,3,March,Autumn,Saturday,06:00 - 07:59,AM peak / school commute,True,False,True,True
1350592,Injury,Moderate Injury,2024,2024,April,Monday,18:00 - 19:59,WILLIAM,ST,100,South,MARION,ST,CONDELL PARK,,No,Not a school zone,2-way undivided,-33.917671,151.018308,Canterbury-Bankstown,Sydney metro. area,Syd-Newc-Woll Gtr conurbation,Straight,,,,On,Sealed,Dry,Fine,Darkness,Nil,No traffic controls,50 km/h,Local,20,Head on,201,Opp - Head on,,Head-on,Car (sedan/hatch),Car (sedan/hatch),2,0,0,1,0,4,April,Autumn,Monday,18:00 - 19:59,PM peak / evening commute,True,False,True,True
1350595,Injury,Moderate Injury,2024,2024,April,Saturday,22:00 - Midnight,BENT,ST,0,Right on the spot,THROUGH,ST,SOUTH GRAFTON,,No,Not a school zone,Roundabout,-29.70368,152.940502,Clarence Valley,Country urban,Rest of NSW - Urban,Straight,,,,On,Sealed,Wet,Raining,Darkness,Nil,Give way sign,50 km/h,Local,74,On road-out of cont.,705,Out of control on cway,,Rollover,Motorcycle,,1,0,0,1,0,4,April,Autumn,Saturday,22:00 - Midnight,Evening / night,False,False,True,True
1350599,Injury,Moderate Injury,2024,2024,April,Friday,20:00 - 21:59,GWYDIR,HWY,0,Right on the spot,BLIGH,ST,SOUTH GRAFTON,12.0,No,Not a school zone,X-intersection,-29.707116,152.937529,Clarence Valley,Country urban,Rest of NSW - Urban,Straight,,,,On,Sealed,Dry,Fine,Darkness,Nil,Give way sign,50 km/h,State,10,Cross traffic,101,Adj - Cross traffic,,Right angle,Car (sedan/hatch),Car (sedan/hatch),2,0,0,1,0,4,April,Autumn,Friday,20:00 - 21:59,Evening / night,False,False,True,True
1350600,Injury,Serious Injury,2024,2024,April,Sunday,10:00 - 11:59,WESTERN,EXP,20,West,PROSPECT HIGHWAY,OP,PROSPECT,6004.0,No,Not a school zone,Dual freeway,-33.805455,150.91535,Blacktown,Sydney metro. area,Syd-Newc-Woll Gtr conurbation,Straight,,,,Off,Sealed,Dry,Fine,Daylight,Nil,No traffic controls,100 km/h,State,33,Lane sideswipe,305,Same - Lane side swipe,,Other angle,4 wheel drive / SUV,Car (sedan/hatch),2,0,1,0,0,4,April,Autumn,Sunday,10:00 - 11:59,Midday / afternoon,False,False,True,True
1350601,Injury,Moderate Injury,2024,2024,April,Wednesday,06:00 - 07:59,MACQUARIE,ST,0,Right on the spot,HAM,ST,SOUTH WINDSOR,154.0,No,Not a school zone,X-intersection,-33.624045,150.801179,Hawkesbury,Country urban,Syd-Newc-Woll Gtr conurbation,Straight,,,,Off,Sealed,Dry,Overcast,Daylight,Nil,Give way sign,60 km/h,State,32,Right rear,303,Same - Rear right,,Rear end,Light truck utility(from 2018),Light truck utility(from 2018),3,0,0,1,1,4,April,Autumn,Wednesday,06:00 - 07:59,AM peak / school commute,True,False,True,True
1350605,Injury,Moderate Injury,2024,2024,March,Saturday,16:00 - 17:59,RIVER,AVE,0,Right on the spot,MANDARIN,ST,FAIRFIELD EAST,7102.0,No,Not a school zone,T-junction,-33.880574,150.975386,Fairfield,Sydney metro. area,Syd-Newc-Woll Gtr conurbation,Straight,,,,Nil,Sealed,Dry,Fine,Daylight,Nil,Stop sign,60 km/h,Regional,71,Off rd left => obj,703,Left off cway into object,,Vehicle - Object,Light truck,,1,0,0,1,0,3,March,Autumn,Saturday,16:00 - 17:59,PM peak / evening commute,True,False,True,True
1350611,Injury,Serious Injury,2024,2024,April,Saturday,16:00 - 17:59,WEE JASPER,RD,0,Right on the spot,BOMBOWLEE CREEK,RD,BOMBOWLEE,278.0,No,Not a school zone,X-intersection,-35.279529,148.241289,Snowy Valleys,Country non-urban,Rest of NSW - Rural,Straight,Embankment/cutting,,,Nil,Sealed,Dry,Fine,Daylight,Nil,Give way sign,100 km/h,Regional,10,Cross traffic,101,Adj - Cross traffic,,Right angle,4 wheel drive / SUV,Car (sedan/hatch),2,0,2,0,0,4,April,Autumn,Saturday,16:00 - 17:59,PM peak / evening commute,True,False,True,True
1350613,Injury,Minor/Other Injury,2024,2024,April,Friday,20:00 - 21:59,SMITHFIELD,RD,0,Right on the spot,FITZGERALD,AVE,EDENSOR PARK,7220.0,No,Not a school zone,T-junction,-33.885278,150.884744,Fairfield,Sydney metro. area,Syd-Newc-Woll Gtr conurbation,Straight,,,,On,Sealed,Dry,Fine,Darkness,Nil,Give way sign,60 km/h,Regional,20,Head on,201,Opp - Head on,,Head-on,Car (sedan/hatch),4 wheel drive / SUV,3,0,0,0,1,4,April,Autumn,Friday,20:00 - 21:59,Evening / night,False,False,True,True
1350614,Injury,Moderate Injury,2024,2024,March,Sunday,22:00 - Midnight,HUME,HWY,100,North,CAMPBELLTOWN ROAD,TO,ST ANDREWS,2.0,No,Not a school zone,Dual freeway,-34.029715,150.824137,Campbelltown,Sydney metro. area,Syd-Newc-Woll Gtr conurbation,Straight,Underpass/tunnel,,,Nil,Sealed,Dry,Fine,Darkness,Nil,No traffic controls,110 km/h,State,30,Rear end,301,Same - Rear end,,Rear end,Car (sedan/hatch),Large rigid,2,0,0,1,0,3,March,Autumn,Sunday,22:00 - Midnight,Evening / night,False,False,True,True
1350615,Injury,Serious Injury,2024,2024,April,Tuesday,00:01 - 01:59,GEORGE,ST,0,Right on the spot,NUMBER 261,HN,BATHURST,,No,Not a school zone,2-way undivided,-33.420471,149.573215,Bathurst Regional,Country urban,Rest of NSW - Urban,Straight,,,,On,Sealed,Dry,Fine,Darkness,Nil,No traffic controls,50 km/h,Local,71,Off rd left => obj,703,Left off cway into object,,Other angle,4 wheel drive / SUV,Large rigid,2,0,1,0,0,4,April,Autumn,Tuesday,00:01 - 01:59,Late night / early morning,False,False,True,True
1350616,Injury,Moderate Injury,2024,2024,April,Tuesday,12:00 - 13:59,POLDING,ST,0,Right on the spot,THE BOULEVARDE,MS,SMITHFIELD,7222.0,No,Not a school zone,X-intersection,-33.861977,150.938956,Fairfield,Sydney metro. area,Syd-Newc-Woll Gtr conurbation,Straight,,,,Off,Sealed,Wet,Raining,Daylight,On,No traffic controls,60 km/h,Regional,21,Right through,202,Opp - Right-thru,,Other angle,4 wheel drive / SUV,Large rigid,2,0,0,1,0,4,April,Autumn,Tuesday,12:00 - 13:59,Midday / afternoon,False,False,True,True
1350620,Injury,Serious Injury,2024,2024,April,Friday,06:00 - 07:59,CUMBERLAND,HWY,0,Right on the spot,COLEMAN,AVE,CARLINGFORD,13.0,No,Not a school zone,T-junction,-33.78299,151.047553,Parramatta,Sydney metro. area,Syd-Newc-Woll Gtr conurbation,Straight,,,,On,Sealed,Wet,Raining,Darkness,On,Ped crossing,60 km/h,State,2,Ped far side,3,Ped - Far side,,Vehicle - Pedestrian,Light truck utility(from 2018),Pedestrian,2,0,1,0,0,4,April,Autumn,Friday,06:00 - 07:59,AM peak / school commute,True,False,True,True
1350621,Injury,Serious Injury,2024,2024,April,Saturday,08:00 - 09:59,ARMSTRONG,ST,0,Right on the spot,PRITCHARD,ST,WENTWORTH FALLS,,No,Not a school zone,X-intersection,-33.714332,150.368161,Blue Mountains,Country urban,Syd-Newc-Woll Gtr conurbation,Straight,Steep grade,,,Off,Sealed,Dry,Fine,Daylight,Nil,Give way sign,50 km/h,Local,10,Cross traffic,101,Adj - Cross traffic,,Right angle,Car (sedan/hatch),Station wagon,2,0,2,1,0,4,April,Autumn,Saturday,08:00 - 09:59,AM peak / school commute,True,False,True,True
1350623,Injury,Serious Injury,2024,2024,April,Monday,16:00 - 17:59,PACIFIC,HWY,100,North,WALMSLEY,RD,OURIMBAH,10.0,No,Not a school zone,Divided road,-33.363921,151.37121,Central Coast,Country urban,Syd-Newc-Woll Gtr conurbation,Curved,,,,Nil,Sealed,Dry,Fine,Daylight,Nil,No traffic controls,60 km/h,State,81,Off left/rt bnd=>obj,803,Off right bend into obj,Left,Vehicle - Object,4 wheel drive / SUV,,1,0,1,1,0,4,April,Autumn,Monday,16:00 - 17:59,PM peak / evening commute,True,False,True,True
1350626,Injury,Moderate Injury,2024,2024,February,Friday,20:00 - 21:59,HUME,HWY,2000,North,CHURCH AVENUE,OP,YERRINBOOL,2.0,No,Not a school zone,Dual freeway,-34.390656,150.519634,Wingecarribee,Country non-urban,Rest of NSW - Rural,Straight,,,,Nil,Sealed,Dry,Fine,Darkness,Nil,No traffic controls,110 km/h,State,60,Parked,601,On path - Parked,,Other angle,Large rigid,Large rigid,2,0,0,1,0,2,February,Summer,Friday,20:00 - 21:59,Evening / night,False,False,True,True
1350627,Injury,Moderate Injury,2024,2024,April,Wednesday,12:00 - 13:59,FOREST,WAY,0,Right on the spot,GARIGAL,RD,BELROSE,529.0,No,Not a school zone,T-junction,-33.7041,151.214356,Northern Beaches,Sydney metro. area,Syd-Newc-Woll Gtr conurbation,Straight,,,,Off,Sealed,Dry,Fine,Daylight,On,No traffic controls,80 km/h,State,21,Right through,202,Opp - Right-thru,,Other angle,4 wheel drive / SUV,4 wheel drive / SUV,2,0,0,1,0,4,April,Autumn,Wednesday,12:00 - 13:59,Midday / afternoon,False,False,True,True
1350632,Injury,Moderate Injury,2024,2024,February,Saturday,06:00 - 07:59,CANTERBURY,RD,0,Right on the spot,BEXLEY,RD,CAMPSIE,167.0,No,Not a school zone,X-intersection,-33.91823,151.104401,Canterbury-Bankstown,Sydney metro. area,Syd-Newc-Woll Gtr conurbation,Straight,,,,On,Sealed,Dry,Fine,Daylight,On,No traffic controls,60 km/h,State,11,Right far,102,Adj - Right-thru from left,,Right angle,4 wheel drive / SUV,Car (sedan/hatch),2,0,0,1,0,2,February,Summer,Saturday,06:00 - 07:59,AM peak / school commute,True,False,True,True
1350633,Injury,Serious Injury,2024,2024,April,Tuesday,10:00 - 11:59,HUME,HWY,0,Right on the spot,CUTLER,RD,LANSVALE,2.0,No,Not a school zone,T-junction,-33.897356,150.952857,Fairfield,Sydney metro. area,Syd-Newc-Woll Gtr conurbation,Straight,,,,Nil,Sealed,Dry,Fine,Daylight,On,No traffic controls,70 km/h,State,71,Off rd left => obj,703,Left off cway into object,,Vehicle - Object,Car (sedan/hatch),,2,0,1,0,0,4,April,Autumn,Tuesday,10:00 - 11:59,Midday / afternoon,False,False,True,True
1350634,Injury,Serious Injury,2024,2024,March,Monday,16:00 - 17:59,KINGS,HWY,550,East,TUDOR VALLEY,RD,MONGA,51.0,No,Not a school zone,2-way undivided,-35.482075,149.904377,Queanbeyan-Palerang Regional,Country non-urban,Rest of NSW - Rural,Curved,Embankment/cutting,,,Nil,Sealed,Dry,Fine,Daylight,Nil,No traffic controls,100 km/h,State,83,Off rt/rt bnd=>obj,803,Off right bend into obj,Right,Vehicle - Object,Light truck,,1,0,1,0,0,3,March,Autumn,Monday,16:00 - 17:59,PM peak / evening commute,True,False,True,True
1350641,Injury,Moderate Injury,2024,2024,April,Thursday,18:00 - 19:59,MACINTOSH,ST,70,North,KULAROO,DR,FORSTER,692.0,No,Not a school zone,Divided road,-32.193483,152.514381,Mid-Coast,Country urban,Rest of NSW - Urban,Straight,,,,On,Sealed,Dry,Fine,Darkness,Nil,No traffic controls,60 km/h,State,73,Off rd rght => obj,704,Right off cway into obj,,Vehicle - Object,Station wagon,,1,0,0,2,0,4,April,Autumn,Thursday,18:00 - 19:59,PM peak / evening commute,True,False,True,True
1350646,Injury,Moderate Injury,2024,2024,January,Wednesday,14:00 - 15:59,GLENHAVEN,RD,0,Right on the spot,KYLE,AVE,GLENHAVEN,7142.0,No,Not a school zone,T-junction,-33.704113,151.008478,The Hills,Sydney metro. area,Syd-Newc-Woll Gtr conurbation,Straight,Painted double centre lines,,,Off,Sealed,Dry,Fine,Daylight,Nil,No traffic controls,60 km/h,Regional,20,Head on,201,Opp - Head on,,Head-on,4 wheel drive / SUV,Car (sedan/hatch),3,0,0,1,1,1,January,Summer,Wednesday,14:00 - 15:59,Midday / afternoon,False,False,True,True
1350649,Injury,Moderate Injury,2024,2024,April,Sunday,06:00 - 07:59,BORONIA,RD,100,East,HUME,HWY,GREENACRE,636.0,No,Not a school zone,2-way undivided,-33.904802,151.04306,Canterbury-Bankstown,Sydney metro. area,Syd-Newc-Woll Gtr conurbation,Straight,,,,Off,Sealed,Dry,Fine,Dawn,Nil,No traffic controls,60 km/h,State,71,Off rd left => obj,703,Left off cway into object,,Other angle,4 wheel drive / SUV,Light truck,2,0,0,1,0,4,April,Autumn,Sunday,06:00 - 07:59,AM peak / school commute,True,False,True,True
1350650,Injury,Moderate Injury,2024,2024,April,Tuesday,16:00 - 17:59,BUCKETTS,WAY,20,East,WARDS CREEK,RD,KRAMBACH,90.0,No,Not a school zone,2-way undivided,-32.027317,152.206394,Mid-Coast,Country non-urban,Rest of NSW - Rural,Curved,Embankment/cutting,,,Nil,Sealed,Wet,Fine,Daylight,Nil,No traffic controls,90 km/h,Regional,85,Off rt/lft bnd=>obj,804,Off left bend into obj,Right,Vehicle - Object,4 wheel drive / SUV,,1,0,0,1,0,4,April,Autumn,Tuesday,16:00 - 17:59,PM peak / evening commute,True,False,True,True
1350654,Injury,Moderate Injury,2024,2024,March,Wednesday,16:00 - 17:59,PACIFIC,HWY,2200,South,WILFRED STREET,TO,OCEAN SHORES,10.0,No,Not a school zone,Divided road,-28.523299,153.529947,Byron,Country non-urban,Rest of NSW - Rural,Curved,,,Flooded/submerged,Off,Sealed,Wet,Raining,Daylight,Nil,No traffic controls,110 km/h,State,83,Off rt/rt bnd=>obj,803,Off right bend into obj,Right,Vehicle - Object,Light truck utility(from 2018),,1,0,0,1,0,3,March,Autumn,Wednesday,16:00 - 17:59,PM peak / evening commute,True,False,True,True
1350655,Injury,Moderate Injury,2024,2024,April,Sunday,14:00 - 15:59,CASSILIS,ST,0,Right on the spot,NAMOI,ST,COONABARABRAN,,No,Not a school zone,X-intersection,-31.276811,149.273479,Warrumbungle,Country urban,Rest of NSW - Urban,Straight,,,,Nil,Sealed,Dry,Fine,Daylight,Nil,Give way sign,50 km/h,Local,10,Cross traffic,101,Adj - Cross traffic,,Right angle,Utility,4 wheel drive / SUV,2,0,0,1,0,4,April,Autumn,Sunday,14:00 - 15:59,Midday / afternoon,False,False,True,True
1350659,Injury,Serious Injury,2024,2024,April,Tuesday,00:01 - 01:59,AUDLEY,RD,1500,South,PRINCES,HWY,ROYAL NATIONAL PARK,393.0,No,Not a school zone,2-way undivided,-34.063731,151.056962,Sutherland,Sydney metro. area,Syd-Newc-Woll Gtr conurbation,Straight,,,,Nil,Sealed,Dry,Fine,Darkness,Nil,No traffic controls,60 km/h,State,71,Off rd left => obj,703,Left off cway into object,,Vehicle - Object,Car (sedan/hatch),,1,0,2,0,1,4,April,Autumn,Tuesday,00:01 - 01:59,Late night / early morning,False,False,True,True
1350660,Injury,Moderate Injury,2024,2024,April,Wednesday,16:00 - 17:59,ST JOHNS,RD,50,East,ADOLPHUS,ST,CANLEY HEIGHTS,7221.0,No,Not a school zone,2-way undivided,-33.889572,150.932182,Fairfield,Sydney metro. area,Syd-Newc-Woll Gtr conurbation,Straight,,,,Off,Sealed,Dry,Fine,Daylight,Nil,No traffic controls,60 km/h,Regional,30,Rear end,301,Same - Rear end,,Rear end,Car (sedan/hatch),4 wheel drive / SUV,2,0,0,1,0,4,April,Autumn,Wednesday,16:00 - 17:59,PM peak / evening commute,True,False,True,True
1350662,Injury,Serious Injury,2024,2024,April,Tuesday,10:00 - 11:59,PURLEWAUGH,RD,160,West,BLACK STUMP,WAY,TAMBAR SPRINGS,129.0,No,Not a school zone,2-way undivided,-31.452555,149.820439,Warrumbungle,Country non-urban,Rest of NSW - Rural,Curved,Painted double centre lines,,Loose gravel shoulder,Nil,Sealed,Dry,Fine,Daylight,Nil,No traffic controls,100 km/h,Regional,84,Off right/left bend,802,Off cway left bend,Right,Rollover,Motorcycle,,1,0,1,0,0,4,April,Autumn,Tuesday,10:00 - 11:59,Midday / afternoon,False,False,True,True
1350665,Injury,Moderate Injury,2024,2024,April,Monday,16:00 - 17:59,GLENWOOD,DR,0,Right on the spot,NUMBER 71,HN,THORNTON,,No,Not a school zone,2-way undivided,-32.787431,151.628951,Maitland,Country urban,Rest of NSW - Urban,Straight,,,,On,Sealed,Dry,Fine,Darkness,Nil,No traffic controls,50 km/h,Local,71,Off rd left => obj,703,Left off cway into object,,Other angle,Car (sedan/hatch),Light truck utility(from 2018),4,0,0,1,0,4,April,Autumn,Monday,16:00 - 17:59,PM peak / evening commute,True,False,True,True
1350666,Injury,Serious Injury,2024,2024,March,Tuesday,04:00 - 05:59,JENNINGS,AVE,20,South,BAXTER,RD,BASS HILL,,No,Not a school zone,2-way undivided,-33.894938,150.987275,Canterbury-Bankstown,Sydney metro. area,Syd-Newc-Woll Gtr conurbation,Straight,,,,On,Sealed,Dry,Fine,Dawn,Nil,No traffic controls,50 km/h,Local,0,Ped nearside,1,Ped - Near side,,Vehicle - Pedestrian,Car (sedan/hatch),Pedestrian,2,0,1,0,0,3,March,Autumn,Tuesday,04:00 - 05:59,Late night / early morning,False,False,True,True
1350668,Injury,Moderate Injury,2024,2024,February,Sunday,16:00 - 17:59,STANLEY,ST,0,Right on the spot,NUMBER 49,HN,ST IVES,,No,Not a school zone,2-way undivided,-33.731942,151.167715,Ku-ring-gai,Sydney metro. area,Syd-Newc-Woll Gtr conurbation,Straight,,,,Nil,Sealed,Dry,Fine,Daylight,Nil,No traffic controls,50 km/h,Local,71,Off rd left => obj,703,Left off cway into object,,Other angle,Car (sedan/hatch),Car (sedan/hatch),2,0,0,1,0,2,February,Summer,Sunday,16:00 - 17:59,PM peak / evening commute,True,False,True,True
1350669,Injury,Serious Injury,2024,2024,January,Monday,10:00 - 11:59,BALACLAVA,RD,20,West,GORDON,ST,EASTWOOD,2024.0,No,Not a school zone,2-way undivided,-33.785927,151.08874,Ryde,Sydney metro. area,Syd-Newc-Woll Gtr conurbation,Straight,,,,Off,Sealed,Dry,Overcast,Daylight,Nil,No traffic controls,60 km/h,Regional,73,Off rd rght => obj,704,Right off cway into obj,,Other angle,Car (sedan/hatch),Car (sedan/hatch),2,0,1,0,0,1,January,Summer,Monday,10:00 - 11:59,Midday / afternoon,False,False,True,True
1350671,Injury,Minor/Other Injury,2024,2024,February,Sunday,00:01 - 01:59,WESTERN,EXP,300,East,WALLGROVE ROAD,TO,EASTERN CREEK,6004.0,No,Not a school zone,Dual freeway,-33.799965,150.862217,Blacktown,Sydney metro. area,Syd-Newc-Woll Gtr conurbation,Straight,,,,On,Sealed,Dry,Fine,Darkness,Nil,No traffic controls,100 km/h,State,35,Lane change left,307,Same - Lane change left,,Other angle,Light truck utility(from 2018),4 wheel drive / SUV,2,0,0,0,1,2,February,Summer,Sunday,00:01 - 01:59,Late night / early morning,False,False,True,True
1350672,Injury,Moderate Injury,2024,2024,February,Thursday,04:00 - 05:59,HUME,HWY,50,North,RABY ROAD,TO,RABY,2.0,No,Not a school zone,Dual freeway,-34.023722,150.823984,Campbelltown,Sydney metro. area,Syd-Newc-Woll Gtr conurbation,Straight,,,,Nil,Sealed,Dry,Fine,Darkness,Nil,No traffic controls,110 km/h,State,74,On road-out of cont.,705,Out of control on cway,,Rollover,Motorcycle,,1,0,0,1,0,2,February,Summer,Thursday,04:00 - 05:59,Late night / early morning,False,False,True,True
1350673,Injury,Serious Injury,2024,2024,April,Friday,10:00 - 11:59,GEORGE,ST,50,East,CHARLES,ST,PARRAMATTA,,No,Not a school zone,2-way undivided,-33.815069,151.009803,Parramatta,Sydney metro. area,Syd-Newc-Woll Gtr conurbation,Straight,,,,On,Sealed,Dry,Fine,Daylight,Nil,No traffic controls,40 km/h,Local,0,Ped nearside,1,Ped - Near side,,Vehicle - Pedestrian,Light truck,Ped in toy vehicle,2,0,1,0,0,4,April,Autumn,Friday,10:00 - 11:59,Midday / afternoon,False,False,True,True
1350675,Injury,Serious Injury,2024,2024,April,Thursday,08:00 - 09:59,CHURCH,ST,0,Right on the spot,PHILIP,ST,GLOUCESTER,90.0,No,Not a school zone,X-intersection,-32.01267,151.958081,Mid-Coast,Country urban,Rest of NSW - Urban,Straight,,Roadwks/Detour/Diverson,,Nil,Sealed,Dry,Fine,Daylight,Nil,Give way sign,60 km/h,Regional,13,Right near,104,Adj - Right-thru from right,,Right angle,Car (sedan/hatch),Motorcycle,2,0,1,1,0,4,April,Autumn,Thursday,08:00 - 09:59,AM peak / school commute,True,False,True,True