crash_id,degree_of_crash,degree_of_crash_-_detailed,reporting_year,year_of_crash,month_of_crash,day_of_week_of_crash,two-hour_intervals,street_of_crash,street_type,distance,direction,identifying_feature,identifying_feature_type,town,route_no.,school_zone_location,school_zone_active,type_of_location,latitude,longitude,lga,urbanisation,conurbation_1,alignment,primary_permanent_feature,primary_temporary_feature,primary_hazardous_feature,street_lighting,road_surface,surface_condition,weather,natural_lighting,signals_operation,other_traffic_control,speed_limit,road_classification_(admin),rum_-_code,rum_-_description,dca_-_code,dca_-_description,dca_supplement,first_impact_type,key_tu_type,other_tu_type,no._of_traffic_units_involved,no._killed,no._seriously_injured,no._moderately_injured,no._minor-other_injured,month_num,month_label,season,day_label,time_label,time_band,is_peak_commute,is_fatal,is_injury,is_casualty
1350682,Injury,Minor/Other Injury,2024,2024,April,Wednesday,16:00 - 17:59,PARK,AVE,70,West,BURWOOD,RD,BURWOOD,,No,Not a school zone,2-way undivided,-33.874177,151.10356,Burwood,Sydney metro. area,Syd-Newc-Woll Gtr conurbation,Straight,,,,Nil,Sealed,Dry,Fine,Daylight,Nil,No traffic controls,40 km/h,Local,42,Leaving parking,401,Manov - Leaving parking,,Other angle,Car (sedan/hatch),Motorcycle,2,0,0,0,1,4,April,Autumn,Wednesday,16:00 - 17:59,PM peak / evening commute,True,False,True,True
1350684,Injury,Moderate Injury,2024,2024,April,Friday,08:00 - 09:59,BATHURST,ST,0,Right on the spot,MAY,ST,GOULBURN,,No,Not a school zone,X-intersection,-34.760827,149.73135,Goulburn Mulwaree,Country urban,Rest of NSW - Urban,Straight,,,,Nil,Sealed,Dry,Fine,Daylight,Nil,Give way sign,50 km/h,Local,10,Cross traffic,101,Adj - Cross traffic,,Right angle,4 wheel drive / SUV,Passenger van,2,0,0,2,0,4,April,Autumn,Friday,08:00 - 09:59,AM peak / school commute,True,False,True,True
1350688,Injury,Serious Injury,2024,2024,April,Saturday,10:00 - 11:59,PACIFIC,HWY,0,Right on the spot,PETQUARTERS,ENT,BELMONT,10.0,No,Not a school zone,Divided road,-33.030002,151.661054,Lake Macquarie,Newcastle met. area,Syd-Newc-Woll Gtr conurbation,Straight,Driveway/entrance,,,Nil,Sealed,Dry,Fine,Daylight,Nil,No traffic controls,60 km/h,State,47,Emerging from drive,406,Manov - Emerging from driveway,,Right angle,Car (sedan/hatch),Pedal cycle,2,0,1,0,0,4,April,Autumn,Saturday,10:00 - 11:59,Midday / afternoon,False,False,True,True
1350691,Injury,Moderate Injury,2024,2024,April,Tuesday,06:00 - 07:59,GIINAGAY,WAY,0,Right on the spot,VALLA BEACH,RD,VALLA,,No,Not a school zone,T-junction,-30.589388,152.998253,Nambucca Valley,Country non-urban,Rest of NSW - Rural,Straight,,,,Nil,Sealed,Dry,Overcast,Daylight,Nil,Give way sign,90 km/h,Local,21,Right through,202,Opp - Right-thru,,Other angle,4 wheel drive / SUV,Station wagon,2,0,0,1,0,4,April,Autumn,Tuesday,06:00 - 07:59,AM peak / school commute,True,False,True,True
1350695,Injury,Serious Injury,2024,2024,April,Friday,12:00 - 13:59,GREAT WESTERN,HWY,0,Right on the spot,CHURCH,ST,PARRAMATTA,5.0,No,Not a school zone,X-intersection,-33.820265,151.003978,Parramatta,Sydney metro. area,Syd-Newc-Woll Gtr conurbation,Curved,,,,Nil,Sealed,Dry,Fine,Daylight,On,No right turn,60 km/h,State,21,Right through,202,Opp - Right-thru,,Other angle,Car (sedan/hatch),4 wheel drive / SUV,2,0,1,2,0,4,April,Autumn,Friday,12:00 - 13:59,Midday / afternoon,False,False,True,True
1350706,Injury,Moderate Injury,2024,2024,April,Friday,08:00 - 09:59,IRRIGATION,WAY,0,Right on the spot,MURRAMI,RD,STANBRIDGE,80.0,No,Not a school zone,X-intersection,-34.519907,146.283452,Leeton,Country non-urban,Rest of NSW - Rural,Straight,,,,Nil,Sealed,Dry,Fine,Daylight,Nil,Give way sign,100 km/h,State,10,Cross traffic,101,Adj - Cross traffic,,Right angle,Large rigid,4 wheel drive / SUV,2,0,0,1,0,4,April,Autumn,Friday,08:00 - 09:59,AM peak / school commute,True,False,True,True
1350707,Injury,Moderate Injury,2024,2024,April,Wednesday,18:00 - 19:59,SNOWY MOUNTAINS,HWY,275,West,BUCKLEYS,RD,BEMBOKA,4.0,No,Not a school zone,2-way undivided,-36.613921,149.498812,Bega Valley,Country non-urban,Rest of NSW - Rural,Straight,Embankment/cutting,,,Nil,Sealed,Dry,Fine,Darkness,Nil,No traffic controls,100 km/h,State,30,Rear end,301,Same - Rear end,,Rear end,Light truck utility(from 2018),Passenger van,2,0,0,1,0,4,April,Autumn,Wednesday,18:00 - 19:59,PM peak / evening commute,True,False,True,True
1350708,Injury,Serious Injury,2024,2024,April,Monday,18:00 - 19:59,PACIFIC,HWY,200,South,MINJUNGBAL DRIVE,TO,TWEED HEADS SOUTH,10.0,No,Not a school zone,Divided road,-28.206163,153.541694,Tweed,Country non-urban,Rest of NSW - Rural,Straight,,,,On,Sealed,Dry,Fine,Darkness,Nil,No traffic controls,100 km/h,State,35,Lane change left,307,Same - Lane change left,,Other angle,Semi-trailer,Car (sedan/hatch),2,0,1,0,0,4,April,Autumn,Monday,18:00 - 19:59,PM peak / evening commute,True,False,True,True
1350709,Injury,Moderate Injury,2024,2024,May,Wednesday,20:00 - 21:59,HOLBROOK,RD,500,North,DUNNS,RD,SPRINGVALE,211.0,No,Not a school zone,2-way undivided,-35.17527,147.331726,Wagga Wagga,Country urban,Rest of NSW - Urban,Straight,,,,Nil,Sealed,Dry,Fine,Darkness,Nil,No traffic controls,80 km/h,Regional,71,Off rd left => obj,703,Left off cway into object,,Vehicle - Object,Station wagon,,1,0,0,1,0,5,May,Autumn,Wednesday,20:00 - 21:59,Evening / night,False,False,True,True
1350724,Injury,Minor/Other Injury,2024,2024,April,Wednesday,18:00 - 19:59,CENTENARY,DR,0,Right on the spot,WEEROONA,RD,STRATHFIELD,200.0,No,Not a school zone,T-junction,-33.875349,151.067121,Strathfield,Sydney metro. area,Syd-Newc-Woll Gtr conurbation,Straight,,,,On,Sealed,Dry,Fine,Darkness,On,No traffic controls,80 km/h,State,30,Rear end,301,Same - Rear end,,Rear end,Car (sedan/hatch),Unknown motor vehicle,2,0,0,0,1,4,April,Autumn,Wednesday,18:00 - 19:59,PM peak / evening commute,True,False,True,True
1350726,Injury,Moderate Injury,2024,2024,April,Thursday,10:00 - 11:59,CYPRESS,WAY,3000,North,BRIDGES,ST,GWABEGAR,329.0,No,Not a school zone,2-way undivided,-30.581892,148.964956,Narrabri,Country non-urban,Rest of NSW - Rural,Straight,Ditch/drain/culvert,,Potholes/corrugations/rough,Nil,Unsealed,Dry,Fine,Daylight,Nil,No traffic controls,100 km/h,Regional,71,Off rd left => obj,703,Left off cway into object,,Vehicle - Object,Car (sedan/hatch),,1,0,0,1,0,4,April,Autumn,Thursday,10:00 - 11:59,Midday / afternoon,False,False,True,True
1350728,Injury,Serious Injury,2024,2024,April,Wednesday,12:00 - 13:59,ST JOHNS,RD,0,Right on the spot,THE PARKWAY,MS,BRADBURY,,No,Not a school zone,Roundabout,-34.089348,150.810563,Campbelltown,Sydney metro. area,Syd-Newc-Woll Gtr conurbation,Straight,,,,Nil,Sealed,Dry,Fine,Daylight,Nil,Give way sign,60 km/h,Local,10,Cross traffic,101,Adj - Cross traffic,,Right angle,Car (sedan/hatch),Motorcycle,2,0,1,0,0,4,April,Autumn,Wednesday,12:00 - 13:59,Midday / afternoon,False,False,True,True
1350733,Injury,Moderate Injury,2024,2024,March,Saturday,12:00 - 13:59,SOLDIERS POINT,DR,0,Right on the spot,NUMBER 23,HN,NORAH HEAD,,No,Not a school zone,2-way undivided,-33.278458,151.564385,Central Coast,Country urban,Syd-Newc-Woll Gtr conurbation,Straight,Steep grade,,,Off,Sealed,Dry,Overcast,Daylight,Nil,No traffic controls,50 km/h,Local,71,Off rd left => obj,703,Left off cway into object,,Vehicle - Object,Car (sedan/hatch),,1,0,0,1,0,3,March,Autumn,Saturday,12:00 - 13:59,Midday / afternoon,False,False,True,True
1350734,Injury,Serious Injury,2024,2024,April,Saturday,16:00 - 17:59,THE COMENARRA,PKWY,0,Right on the spot,MAXWELL,ST,SOUTH TURRAMURRA,7244.0,Yes,No,T-junction,-33.746026,151.113448,Ku-ring-gai,Sydney metro. area,Syd-Newc-Woll Gtr conurbation,Straight,Steep grade,,,Off,Sealed,Dry,Fine,Daylight,Nil,Stop sign,60 km/h,Regional,13,Right near,104,Adj - Right-thru from right,,Right angle,Car (sedan/hatch),4 wheel drive / SUV,2,0,1,1,0,4,April,Autumn,Saturday,16:00 - 17:59,PM peak / evening commute,True,False,True,True
1350736,Injury,Moderate Injury,2024,2024,April,Monday,16:00 - 17:59,CHERRY,ST,0,Right on the spot,FOX,ST,BALLINA,,No,Not a school zone,Roundabout,-28.862902,153.565712,Ballina,Country urban,Rest of NSW - Urban,Straight,,,,Nil,Sealed,Dry,Fine,Daylight,Nil,Give way sign,50 km/h,Local,10,Cross traffic,101,Adj - Cross traffic,,Right angle,4 wheel drive / SUV,Pedal cycle,2,0,0,1,0,4,April,Autumn,Monday,16:00 - 17:59,PM peak / evening commute,True,False,True,True
1350741,Injury,Serious Injury,2024,2024,April,Saturday,18:00 - 19:59,BEXLEY,RD,20,South,LLOYD,ST,BEXLEY,169.0,No,Not a school zone,2-way undivided,-33.945404,151.124992,Bayside,Sydney metro. area,Syd-Newc-Woll Gtr conurbation,Curved,Steep grade,,,Off,Sealed,Wet,Overcast,Darkness,Nil,No traffic controls,60 km/h,State,20,Head on,201,Opp - Head on,,Head-on,Car (sedan/hatch),Car (sedan/hatch),2,0,1,0,0,4,April,Autumn,Saturday,18:00 - 19:59,PM peak / evening commute,True,False,True,True
1350745,Injury,Minor/Other Injury,2024,2024,February,Thursday,08:00 - 09:59,LAHORE,ST,0,Right on the spot,RIVERBRAE,AVE,RIVERSTONE,,No,Not a school zone,X-intersection,-33.68227,150.877503,Blacktown,Sydney metro. area,Syd-Newc-Woll Gtr conurbation,Straight,,,,Nil,Sealed,Dry,Fine,Daylight,Nil,Give way sign,50 km/h,Local,10,Cross traffic,101,Adj - Cross traffic,,Right angle,Car (sedan/hatch),4 wheel drive / SUV,2,0,0,0,1,2,February,Summer,Thursday,08:00 - 09:59,AM peak / school commute,True,False,True,True
1350750,Injury,Moderate Injury,2024,2024,April,Sunday,02:00 - 03:59,FITZROY,ST,10,South,BELMORE,ST,DUBBO,,Yes,No,T-junction,-32.259678,148.611409,Dubbo Regional,Country urban,Rest of NSW - Urban,Straight,,,,On,Sealed,Dry,Fine,Darkness,Nil,No traffic controls,50 km/h,Local,71,Off rd left => obj,703,Left off cway into object,,Vehicle - Object,Station wagon,,1,0,0,1,0,4,April,Autumn,Sunday,02:00 - 03:59,Late night / early morning,False,False,True,True
1350752,Injury,Serious Injury,2024,2024,April,Friday,16:00 - 17:59,M8 TUNNEL,MS,20,South,CAMPBELL,RD,ST PETERS,6008.0,No,Not a school zone,Other,-33.915453,151.184014,Sydney,Sydney metro. area,Syd-Newc-Woll Gtr conurbation,Straight,,,,Nil,Sealed,Dry,Fine,Daylight,Nil,No traffic controls,60 km/h,State,30,Rear end,301,Same - Rear end,,Rear end,Light truck utility(from 2018),Light truck,2,0,1,0,0,4,April,Autumn,Friday,16:00 - 17:59,PM peak / evening commute,True,False,True,True
1350754,Injury,Moderate Injury,2024,2024,April,Monday,16:00 - 17:59,AUBURN,RD,55,North,WENTWORTH,ST,BIRRONG,7105.0,No,Not a school zone,2-way undivided,-33.890644,151.022314,Canterbury-Bankstown,Sydney metro. area,Syd-Newc-Woll Gtr conurbation,Straight,,,,Off,Sealed,Dry,Fine,Daylight,Nil,Ped crossing,60 km/h,Regional,2,Ped far side,3,Ped - Far side,,Vehicle - Pedestrian,Car (sedan/hatch),Pedestrian,2,0,0,1,0,4,April,Autumn,Monday,16:00 - 17:59,PM peak / evening commute,True,False,True,True
1350755,Injury,Serious Injury,2024,2024,April,Friday,12:00 - 13:59,WISEMANS FERRY,RD,168,North,BERECRY,RD,MANGROVE MOUNTAIN,225.0,No,Not a school zone,2-way undivided,-33.345961,151.15958,Central Coast,Country urban,Syd-Newc-Woll Gtr conurbation,Curved,,,,Nil,Sealed,Dry,Fine,Daylight,Nil,No traffic controls,80 km/h,Regional,81,Off left/rt bnd=>obj,803,Off right bend into obj,Left,Vehicle - Object,Motorcycle,,1,0,1,0,0,4,April,Autumn,Friday,12:00 - 13:59,Midday / afternoon,False,False,True,True
1350759,Injury,Moderate Injury,2024,2024,April,Saturday,10:00 - 11:59,PACIFIC,HWY,0,Right on the spot,LEMON TREE ROAD,TO,HALFWAY CREEK,10.0,No,Not a school zone,Divided road,-29.935033,153.094343,Clarence Valley,Country non-urban,Rest of NSW - Rural,Curved,,,,Nil,Sealed,Dry,Fine,Daylight,Nil,No traffic controls,110 km/h,State,84,Off right/left bend,802,Off cway left bend,Right,Rollover,4 wheel drive / SUV,,1,0,0,2,1,4,April,Autumn,Saturday,10:00 - 11:59,Midday / afternoon,False,False,True,True
1350760,Injury,Serious Injury,2024,2024,April,Tuesday,16:00 - 17:59,CANTERBURY,RD,0,Right on the spot,ROSSMORE,AVE,PUNCHBOWL,167.0,Yes,No,T-junction,-33.93177,151.057653,Canterbury-Bankstown,Sydney metro. area,Syd-Newc-Woll Gtr conurbation,Straight,,,,Nil,Sealed,Dry,Fine,Daylight,On,No traffic controls,60 km/h,State,48,From footpath,408,Manov - From footway,,Other angle,Pedal cycle,Light truck,2,0,1,0,0,4,April,Autumn,Tuesday,16:00 - 17:59,PM peak / evening commute,True,False,True,True
1350761,Injury,Serious Injury,2024,2024,March,Friday,16:00 - 17:59,HUME,HWY,0,Right on the spot,HOMEPRIDE,AVE,WARWICK FARM,2.0,No,Not a school zone,T-junction,-33.914341,150.924756,Liverpool,Sydney metro. area,Syd-Newc-Woll Gtr conurbation,Straight,,,,Off,Sealed,Dry,Fine,Daylight,On,No traffic controls,70 km/h,State,21,Right through,202,Opp - Right-thru,,Other angle,Car (sedan/hatch),Car (sedan/hatch),2,0,1,1,0,3,March,Autumn,Friday,16:00 - 17:59,PM peak / evening commute,True,False,True,True
1350770,Injury,Minor/Other Injury,2024,2024,April,Thursday,06:00 - 07:59,RAMSGATE,AVE,0,Right on the spot,NUMBER 126,HN,NORTH BONDI,,No,Not a school zone,2-way undivided,-33.890728,151.282742,Waverley,Sydney metro. area,Syd-Newc-Woll Gtr conurbation,Straight,Foot/cycle path/nature strip,,,Off,Sealed,Dry,Fine,Dawn,Nil,No traffic controls,50 km/h,Local,6,Ped on footpath,8,Ped - On footway/median,,Vehicle - Pedestrian,Light truck,Pedestrian,3,0,0,0,2,4,April,Autumn,Thursday,06:00 - 07:59,AM peak / school commute,True,False,True,True
1350773,Injury,Moderate Injury,2024,2024,April,Saturday,16:00 - 17:59,COX,ST,0,Right on the spot,LUE,RD,LUE,,No,Not a school zone,T-junction,-32.657822,149.8487,Mid-Western Regional,Country urban,Rest of NSW - Urban,Curved,,,"Loose gravel, sealed",Off,Sealed,Dry,Fine,Daylight,Nil,No traffic controls,80 km/h,Local,88,Out of cont on bend,706,Left turn,,Rollover,Motorcycle,,1,0,0,1,0,4,April,Autumn,Saturday,16:00 - 17:59,PM peak / evening commute,True,False,True,True
1350775,Injury,Moderate Injury,2024,2024,March,Sunday,10:00 - 11:59,OCEAN,PDE,110,East,NOBLE,PDE,DALMENY,,No,Not a school zone,2-way undivided,-36.172915,150.134199,Eurobodalla,Country urban,Rest of NSW - Urban,Curved,Foot/cycle path/nature strip,,,Nil,Sealed,Dry,Fine,Daylight,Nil,No traffic controls,50 km/h,Local,48,From footpath,408,Manov - From footway,,Other angle,Pedal cycle,Light truck,2,0,0,1,0,3,March,Autumn,Sunday,10:00 - 11:59,Midday / afternoon,False,False,True,True
1350778,Injury,Moderate Injury,2024,2024,April,Monday,06:00 - 07:59,BRIBBAREE,RD,300,South,QUAMBY,RD,THUDDUNGRA,,No,Not a school zone,2-way undivided,-34.152944,148.124647,Hilltops,Country non-urban,Rest of NSW - Rural,Curved,,,,Nil,Sealed,Dry,Fine,Dawn,Nil,No traffic controls,100 km/h,Local,88,Out of cont on bend,805,Out of control on bend,,Rollover,Light truck utility(from 2018),,1,0,0,1,0,4,April,Autumn,Monday,06:00 - 07:59,AM peak / school commute,True,False,True,True
1350779,Injury,Moderate Injury,2024,2024,April,Thursday,08:00 - 09:59,FINGAL,RD,50,South,BAMBERY,ST,FINGAL HEAD,,No,Not a school zone,2-way undivided,-28.202506,153.564479,Tweed,Country urban,Rest of NSW - Urban,Curved,,,,Nil,Sealed,Dry,Fine,Daylight,Nil,No traffic controls,50 km/h,Local,20,Head on,201,Opp - Head on,,Head-on,4 wheel drive / SUV,Car (sedan/hatch),2,0,0,2,0,4,April,Autumn,Thursday,08:00 - 09:59,AM peak / school commute,True,False,True,True
1350781,Injury,Serious Injury,2024,2024,April,Thursday,14:00 - 15:59,GOLDEN VALE,RD,950,South,OLDBURY,RD,SUTTON FOREST,,No,Not a school zone,2-way undivided,-34.541393,150.300853,Wingecarribee,Country non-urban,Rest of NSW - Rural,Straight,,,,Nil,Sealed,Dry,Fine,Daylight,Nil,No traffic controls,90 km/h,Local,71,Off rd left => obj,703,Left off cway into object,,Vehicle - Object,4 wheel drive / SUV,,1,0,1,0,0,4,April,Autumn,Thursday,14:00 - 15:59,Midday / afternoon,False,False,True,True
1350782,Injury,Minor/Other Injury,2024,2024,February,Wednesday,12:00 - 13:59,HUME,HWY,500,South,FEDERAL HIGHWAY,OP,YARRA,2.0,No,Not a school zone,Divided road,-34.805902,149.605004,Goulburn Mulwaree,Country urban,Rest of NSW - Urban,Straight,B'down lane/road shldr,Roadwks/Detour/Diverson,Loose gravel shoulder,Nil,Sealed,Dry,Fine,Daylight,Nil,No traffic controls,80 km/h,State,74,On road-out of cont.,705,Out of control on cway,,Rollover,Motorcycle,,1,0,0,0,1,2,February,Summer,Wednesday,12:00 - 13:59,Midday / afternoon,False,False,True,True
1350783,Injury,Serious Injury,2024,2024,April,Tuesday,20:00 - 21:59,PITT,ST,50,North,MANCHESTER,ST,MERRYLANDS,2098.0,No,Not a school zone,2-way undivided,-33.831555,150.992837,Cumberland,Sydney metro. area,Syd-Newc-Woll Gtr conurbation,Straight,,,,On,Sealed,Dry,Fine,Darkness,Nil,No traffic controls,60 km/h,Regional,71,Off rd left => obj,703,Left off cway into object,,Vehicle - Object,4 wheel drive / SUV,,1,0,1,1,0,4,April,Autumn,Tuesday,20:00 - 21:59,Evening / night,False,False,True,True
1350804,Injury,Moderate Injury,2024,2024,April,Tuesday,14:00 - 15:59,HANBURY,ST,0,Right on the spot,RAWSON,ST,MAYFIELD,326.0,No,Not a school zone,T-junction,-32.897593,151.736239,Newcastle,Newcastle met. area,Syd-Newc-Woll Gtr conurbation,Straight,,,,Off,Sealed,Wet,Raining,Daylight,Nil,Left turn only,60 km/h,State,48,From footpath,408,Manov - From footway,,Other angle,Pedal cycle,Utility,2,0,0,1,0,4,April,Autumn,Tuesday,14:00 - 15:59,Midday / afternoon,False,False,True,True
1350808,Injury,Serious Injury,2024,2024,March,Tuesday,16:00 - 17:59,LITTLE MOONEY CREEK,RD,400,West,WISEMANS FERRY,RD,SOMERSBY,,No,Not a school zone,2-way undivided,-33.33281,151.269596,Central Coast,Country non-urban,Syd-Newc-Woll Gtr conurbation,Curved,Narrow roadway,,,Nil,Unsealed,Dry,Fine,Daylight,Nil,No traffic controls,100 km/h,Local,88,Out of cont on bend,805,Out of control on bend,,Rollover,Unknown type,,1,0,1,0,0,3,March,Autumn,Tuesday,16:00 - 17:59,PM peak / evening commute,True,False,True,True
1350827,Injury,Moderate Injury,2024,2024,March,Sunday,10:00 - 11:59,SOUTHERN,EXP,2000,North,YALLAH ROAD,OP,DAPTO,6006.0,No,Not a school zone,Dual freeway,-34.521433,150.78853,Wollongong,Wollongong met. area,Syd-Newc-Woll Gtr conurbation,Straight,,,,Nil,Sealed,Dry,Fine,Daylight,Nil,No traffic controls,100 km/h,State,34,Lane change right,306,Same - Lane change right,,Other angle,Car (sedan/hatch),4 wheel drive / SUV,2,0,0,1,0,3,March,Autumn,Sunday,10:00 - 11:59,Midday / afternoon,False,False,True,True
1350828,Injury,Moderate Injury,2024,2024,April,Wednesday,00:01 - 01:59,KINGSLAND,RD,80,South,BEXLEY,RD,BEXLEY,,No,Not a school zone,2-way undivided,-33.946125,151.122658,Bayside,Sydney metro. area,Syd-Newc-Woll Gtr conurbation,Curved,,,,Unknown / not stated,Sealed,Dry,Fine,Darkness,Nil,No traffic controls,50 km/h,Local,81,Off left/rt bnd=>obj,803,Off right bend into obj,Left,Other angle,Light truck utility(from 2018),4 wheel drive / SUV,3,0,0,1,0,4,April,Autumn,Wednesday,00:01 - 01:59,Late night / early morning,False,False,True,True
1350831,Injury,Serious Injury,2024,2024,April,Saturday,10:00 - 11:59,PRINCES,HWY,0,Right on the spot,NUMBER 94,HN,NOWRA,1.0,No,Not a school zone,2-way undivided,-34.881651,150.604119,Shoalhaven,Country urban,Rest of NSW - Urban,Straight,,,,Unknown / not stated,Sealed,Dry,Fine,Daylight,Nil,No traffic controls,70 km/h,State,30,Rear end,301,Same - Rear end,,Rear end,Light truck utility(from 2018),Car (sedan/hatch),4,0,1,0,0,4,April,Autumn,Saturday,10:00 - 11:59,Midday / afternoon,False,False,True,True
1350834,Injury,Moderate Injury,2024,2024,April,Tuesday,04:00 - 05:59,GOODLAND,RD,0,Right on the spot,WOOLLAMIA,RD,WOOLLAMIA,,No,Not a school zone,T-junction,-35.012051,150.64393,Shoalhaven,Country urban,Rest of NSW - Urban,Curved,,,,Unknown / not stated,Sealed,Wet,Raining,Darkness,Nil,Give way sign,80 km/h,Local,85,Off rt/lft bnd=>obj,706,Left turn,Right,Vehicle - Object,Car (sedan/hatch),,1,0,0,1,0,4,April,Autumn,Tuesday,04:00 - 05:59,Late night / early morning,False,False,True,True
1350836,Injury,Minor/Other Injury,2024,2024,May,Thursday,08:00 - 09:59,SPRINGHILL,RD,100,North,ENTRY,RD,SPRING HILL,581.0,No,Not a school zone,Divided road,-34.453903,150.873754,Wollongong,Wollongong met. area,Syd-Newc-Woll Gtr conurbation,Straight,,,,Unknown / not stated,Sealed,Dry,Fine,Daylight,Nil,No traffic controls,80 km/h,State,30,Rear end,301,Same - Rear end,,Rear end,4 wheel drive / SUV,Car (sedan/hatch),2,0,0,0,1,5,May,Autumn,Thursday,08:00 - 09:59,AM peak / school commute,True,False,True,True
1350837,Injury,Moderate Injury,2024,2024,April,Friday,10:00 - 11:59,BOTANY,RD,0,Right on the spot,NUMBER 1105,HN,MASCOT,170.0,Yes,No,Divided road,-33.928814,151.194876,Bayside,Sydney metro. area,Syd-Newc-Woll Gtr conurbation,Straight,,,,Unknown / not stated,Sealed,Dry,Fine,Daylight,Nil,No traffic controls,50 km/h,State,49,Other manoeuvring,400,Manov - other,,Other angle,Car (sedan/hatch),,1,0,0,1,0,4,April,Autumn,Friday,10:00 - 11:59,Midday / afternoon,False,False,True,True
1350839,Injury,Serious Injury,2024,2024,May,Wednesday,12:00 - 13:59,MATE,ST,0,Right on the spot,UNION,RD,NORTH ALBURY,688.0,No,Not a school zone,X-intersection,-36.052535,146.933525,Albury,Country urban,Rest of NSW - Urban,Straight,,,,Unknown / not stated,Sealed,Dry,Fine,Daylight,On,No traffic controls,60 km/h,Regional,10,Cross traffic,101,Adj - Cross traffic,,Right angle,Light truck utility(from 2018),4 wheel drive / SUV,2,0,1,0,0,5,May,Autumn,Wednesday,12:00 - 13:59,Midday / afternoon,False,False,True,True
1350842,Injury,Minor/Other Injury,2024,2024,April,Saturday,12:00 - 13:59,RICHMOND,RD,500,North,ROOTY HILL,RD,HASSALL GROVE,537.0,No,Not a school zone,2-way undivided,-33.729197,150.845878,Blacktown,Sydney metro. area,Syd-Newc-Woll Gtr conurbation,Straight,,,,Unknown / not stated,Sealed,Dry,Fine,Daylight,Nil,No traffic controls,70 km/h,State,30,Rear end,301,Same - Rear end,,Rear end,4 wheel drive / SUV,Car (sedan/hatch),2,0,0,0,1,4,April,Autumn,Saturday,12:00 - 13:59,Midday / afternoon,False,False,True,True
1350844,Injury,Serious Injury,2024,2024,April,Friday,14:00 - 15:59,PACIFIC,HWY,0,Right on the spot,BURDETT,ST,HORNSBY,10.0,No,Not a school zone,T-junction,-33.702357,151.099391,Hornsby,Sydney metro. area,Syd-Newc-Woll Gtr conurbation,Straight,,,,Unknown / not stated,Sealed,Dry,Fine,Daylight,On,No traffic controls,60 km/h,State,21,Right through,202,Opp - Right-thru,,Other angle,4 wheel drive / SUV,Car (sedan/hatch),2,0,1,0,1,4,April,Autumn,Friday,14:00 - 15:59,Midday / afternoon,False,False,True,True
1350848,Injury,Moderate Injury,2024,2024,April,Monday,10:00 - 11:59,PACIFIC,HWY,1000,East,WOOTTON,WAY,BULAHDELAH,10.0,No,Not a school zone,Divided road,-32.386928,152.240198,Mid-Coast,Country non-urban,Rest of NSW - Rural,Straight,Steep grade,,,Unknown / not stated,Sealed,Dry,Fine,Daylight,Nil,No traffic controls,110 km/h,State,30,Rear end,301,Same - Rear end,,Rear end,Semi-trailer,Large rigid,2,0,0,1,0,4,April,Autumn,Monday,10:00 - 11:59,Midday / afternoon,False,False,True,True
1350852,Injury,Moderate Injury,2024,2024,May,Friday,18:00 - 19:59,HUME,HWY,1000,North,REMEMBRANCE DRIVE,TO,BARGO,2.0,No,Not a school zone,Dual freeway,-34.315821,150.584787,Wollondilly,Country non-urban,Syd-Newc-Woll Gtr conurbation,Curved,,,,Unknown / not stated,Sealed,Wet,Raining,Dusk,Nil,No traffic controls,110 km/h,State,30,Rear end,301,Same - Rear end,,Rear end,Station wagon,Car (sedan/hatch),4,0,0,1,0,5,May,Autumn,Friday,18:00 - 19:59,PM peak / evening commute,True,False,True,True
1350856,Injury,Moderate Injury,2024,2024,February,Thursday,18:00 - 19:59,FIVE ISLANDS,RD,0,Right on the spot,KING,ST,PORT KEMBLA,295.0,No,Not a school zone,X-intersection,-34.478424,150.886911,Wollongong,Wollongong met. area,Syd-Newc-Woll Gtr conurbation,Curved,,,,Unknown / not stated,Sealed,Dry,Fine,Daylight,On,No traffic controls,60 km/h,State,10,Cross traffic,101,Adj - Cross traffic,,Right angle,4 wheel drive / SUV,4 wheel drive / SUV,3,0,0,1,1,2,February,Summer,Thursday,18:00 - 19:59,PM peak / evening commute,True,False,True,True
1350857,Injury,Minor/Other Injury,2024,2024,May,Sunday,10:00 - 11:59,FEDERATION,AVE,0,Right on the spot,CHURCH,ST,COROWA,314.0,No,Not a school zone,X-intersection,-36.010069,146.374115,Federation,Country urban,Rest of NSW - Urban,Straight,,,,Unknown / not stated,Sealed,Dry,Fine,Daylight,Nil,Give way sign,60 km/h,State,10,Cross traffic,101,Adj - Cross traffic,,Right angle,Car (sedan/hatch),4 wheel drive / SUV,2,0,0,0,1,5,May,Autumn,Sunday,10:00 - 11:59,Midday / afternoon,False,False,True,True
1350861,Injury,Moderate Injury,2024,2024,April,Monday,14:00 - 15:59,MEMORIAL,DR,200,North,OLD PRINCES HIGHWAY,OP,FAIRY MEADOW,626.0,No,Not a school zone,Divided road,-34.406264,150.892084,Wollongong,Wollongong met. area,Syd-Newc-Woll Gtr conurbation,Curved,,,,Unknown / not stated,Sealed,Dry,Fine,Daylight,Nil,No traffic controls,80 km/h,State,30,Rear end,301,Same - Rear end,,Rear end,4 wheel drive / SUV,4 wheel drive / SUV,2,0,0,1,0,4,April,Autumn,Monday,14:00 - 15:59,Midday / afternoon,False,False,True,True
1350863,Injury,Minor/Other Injury,2024,2024,April,Sunday,18:00 - 19:59,RAINBOW,ST,0,Right on the spot,NUMBER 14,HN,KINGSFORD,183.0,No,Not a school zone,2-way undivided,-33.924211,151.22901,Randwick,Sydney metro. area,Syd-Newc-Woll Gtr conurbation,Curved,,,,Unknown / not stated,Sealed,Dry,Fine,Unknown,Nil,No traffic controls,50 km/h,State,30,Rear end,301,Same - Rear end,,Rear end,Motor scooter,4 wheel drive / SUV,2,0,0,0,1,4,April,Autumn,Sunday,18:00 - 19:59,PM peak / evening commute,True,False,True,True