crash_id,degree_of_crash,degree_of_crash_-_detailed,reporting_year,year_of_crash,month_of_crash,day_of_week_of_crash,two-hour_intervals,street_of_crash,street_type,distance,direction,identifying_feature,identifying_feature_type,town,route_no.,school_zone_location,school_zone_active,type_of_location,latitude,longitude,lga,urbanisation,conurbation_1,alignment,primary_permanent_feature,primary_temporary_feature,primary_hazardous_feature,street_lighting,road_surface,surface_condition,weather,natural_lighting,signals_operation,other_traffic_control,speed_limit,road_classification_(admin),rum_-_code,rum_-_description,dca_-_code,dca_-_description,dca_supplement,first_impact_type,key_tu_type,other_tu_type,no._of_traffic_units_involved,no._killed,no._seriously_injured,no._moderately_injured,no._minor-other_injured,month_num,month_label,season,day_label,time_label,time_band,is_peak_commute,is_fatal,is_injury,is_casualty
1350864,Injury,Moderate Injury,2024,2024,May,Saturday,14:00 - 15:59,CUMBERLAND,HWY,0,Right on the spot,KEELER,ST,CARLINGFORD,13.0,No,Not a school zone,T-junction,-33.778885,151.052302,Parramatta,Sydney metro. area,Syd-Newc-Woll Gtr conurbation,Straight,,,,Unknown / not stated,Sealed,Dry,Overcast,Daylight,Nil,Left turn only,60 km/h,State,16,Left near,107,Adj - Left-thru from right,,Right angle,Car (sedan/hatch),Car (sedan/hatch),2,0,0,1,1,5,May,Autumn,Saturday,14:00 - 15:59,Midday / afternoon,False,False,True,True
1350866,Injury,Serious Injury,2024,2024,May,Saturday,10:00 - 11:59,NARELLAN,RD,0,Right on the spot,WATERWORTH,DR,MOUNT ANNAN,178.0,No,Not a school zone,X-intersection,-34.048065,150.761704,Camden,Sydney metro. area,Syd-Newc-Woll Gtr conurbation,Straight,,,,Unknown / not stated,Sealed,Dry,Fine,Daylight,On,No traffic controls,80 km/h,State,30,Rear end,301,Same - Rear end,,Rear end,Light truck utility(from 2018),4 wheel drive / SUV,2,0,1,0,0,5,May,Autumn,Saturday,10:00 - 11:59,Midday / afternoon,False,False,True,True
1350868,Injury,Moderate Injury,2024,2024,April,Tuesday,14:00 - 15:59,NEWCASTLE,EXP,2400,North,PACIFIC HIGHWAY,OP,MOONEY MOONEY,6003.0,No,Not a school zone,Dual freeway,-33.53834,151.19896,Central Coast,Country non-urban,Syd-Newc-Woll Gtr conurbation,Straight,Other bridge,,,Unknown / not stated,Sealed,Dry,Fine,Daylight,Nil,No traffic controls,110 km/h,State,34,Lane change right,306,Same - Lane change right,,Other angle,4 wheel drive / SUV,Car (sedan/hatch),2,0,0,1,0,4,April,Autumn,Tuesday,14:00 - 15:59,Midday / afternoon,False,False,True,True
1350869,Injury,Moderate Injury,2024,2024,May,Friday,20:00 - 21:59,HILL,RD,0,Right on the spot,WESTERN,EXP,LIDCOMBE,7466.0,No,Not a school zone,T-junction,-33.849519,151.054213,Parramatta,Sydney metro. area,Syd-Newc-Woll Gtr conurbation,Curved,,,,Unknown / not stated,Sealed,Wet,Raining,Darkness,Nil,No traffic controls,60 km/h,Regional,85,Off rt/lft bnd=>obj,706,Left turn,Right,Vehicle - Object,Light truck,,1,0,0,1,0,5,May,Autumn,Friday,20:00 - 21:59,Evening / night,False,False,True,True
1350870,Injury,Serious Injury,2024,2024,April,Monday,16:00 - 17:59,BELMORE,RD,0,Right on the spot,SOUTH WESTERN,EXP,RIVERWOOD,2050.0,No,Not a school zone,T-junction,-33.942322,151.054122,Canterbury-Bankstown,Sydney metro. area,Syd-Newc-Woll Gtr conurbation,Straight,Other bridge,,,Off,Sealed,Dry,Fine,Dusk,Off,No traffic controls,50 km/h,Regional,21,Right through,202,Opp - Right-thru,,Other angle,Car (sedan/hatch),Car (sedan/hatch),2,0,1,0,0,4,April,Autumn,Monday,16:00 - 17:59,PM peak / evening commute,True,False,True,True
1350873,Injury,Minor/Other Injury,2024,2024,April,Saturday,14:00 - 15:59,DAVIDSON,AVE,100,West,FLAVELLE,ST,CONCORD,,No,Not a school zone,2-way undivided,-33.855332,151.097176,Canada Bay,Sydney metro. area,Syd-Newc-Woll Gtr conurbation,Straight,,,,Unknown / not stated,Sealed,Dry,Fine,Daylight,Nil,No traffic controls,50 km/h,Local,30,Rear end,301,Same - Rear end,,Rear end,Car (sedan/hatch),Car (sedan/hatch),2,0,0,0,1,4,April,Autumn,Saturday,14:00 - 15:59,Midday / afternoon,False,False,True,True
1350874,Injury,Moderate Injury,2024,2024,May,Wednesday,20:00 - 21:59,OLD SOUTH HEAD,RD,0,Right on the spot,WARNERS,AVE,ROSE BAY,339.0,No,Not a school zone,T-junction,-33.883037,151.269276,Waverley,Sydney metro. area,Syd-Newc-Woll Gtr conurbation,Straight,,,,On,Sealed,Wet,Raining,Darkness,Nil,No traffic controls,50 km/h,State,13,Right near,104,Adj - Right-thru from right,,Right angle,Car (sedan/hatch),Motor scooter,2,0,0,1,0,5,May,Autumn,Wednesday,20:00 - 21:59,Evening / night,False,False,True,True
1350880,Injury,Minor/Other Injury,2024,2024,May,Friday,12:00 - 13:59,JOSEPH,ST,0,Right on the spot,OLYMPIC,DR,LIDCOMBE,190.0,No,Not a school zone,T-junction,-33.869326,151.042397,Cumberland,Sydney metro. area,Syd-Newc-Woll Gtr conurbation,Curved,,,,Unknown / not stated,Sealed,Wet,Raining,Daylight,On,No traffic controls,70 km/h,State,32,Right rear,303,Same - Rear right,,Rear end,Car (sedan/hatch),4 wheel drive / SUV,3,0,0,0,1,5,May,Autumn,Friday,12:00 - 13:59,Midday / afternoon,False,False,True,True
1350882,Injury,Serious Injury,2024,2024,March,Tuesday,16:00 - 17:59,COLLINS,PROM,0,Right on the spot,EAGLEVIEW,RD,INGLEBURN,680.0,No,Not a school zone,T-junction,-34.014347,150.867895,Campbelltown,Sydney metro. area,Syd-Newc-Woll Gtr conurbation,Straight,,,,Unknown / not stated,Sealed,Dry,Fine,Dusk,Nil,Give way sign,60 km/h,State,21,Right through,202,Opp - Right-thru,,Other angle,4 wheel drive / SUV,Car (sedan/hatch),2,0,1,0,0,3,March,Autumn,Tuesday,16:00 - 17:59,PM peak / evening commute,True,False,True,True
1350883,Injury,Moderate Injury,2024,2024,April,Monday,18:00 - 19:59,CUMBERLAND,HWY,10,North,JOHN,ST,CABRAMATTA WEST,13.0,No,Not a school zone,X-intersection,-33.893063,150.922393,Fairfield,Sydney metro. area,Syd-Newc-Woll Gtr conurbation,Straight,,,,Unknown / not stated,Sealed,Dry,Fine,Unknown,On,No traffic controls,70 km/h,State,30,Rear end,301,Same - Rear end,,Rear end,Car (sedan/hatch),Car (sedan/hatch),2,0,0,2,3,4,April,Autumn,Monday,18:00 - 19:59,PM peak / evening commute,True,False,True,True
1350884,Injury,Minor/Other Injury,2024,2024,April,Sunday,20:00 - 21:59,WINDSOR,RD,0,Right on the spot,LANDSCAPE,ST,BAULKHAM HILLS,184.0,No,Not a school zone,T-junction,-33.757108,150.989574,The Hills,Sydney metro. area,Syd-Newc-Woll Gtr conurbation,Straight,,,,Unknown / not stated,Sealed,Dry,Fine,Darkness,Nil,No traffic controls,60 km/h,State,30,Rear end,301,Same - Rear end,,Rear end,Car (sedan/hatch),4 wheel drive / SUV,2,0,0,0,1,4,April,Autumn,Sunday,20:00 - 21:59,Evening / night,False,False,True,True
1350886,Injury,Moderate Injury,2024,2024,March,Tuesday,06:00 - 07:59,HOWARD,AVE,200,East,PITTWATER,RD,DEE WHY,,No,Not a school zone,2-way undivided,-33.752846,151.289091,Northern Beaches,Sydney metro. area,Syd-Newc-Woll Gtr conurbation,Straight,,,,Unknown / not stated,Sealed,Dry,Fine,Daylight,Nil,No traffic controls,40 km/h,Local,40,U turn,207,Opp - U-turn,,Other angle,Car (sedan/hatch),Pedal cycle,2,0,0,1,0,3,March,Autumn,Tuesday,06:00 - 07:59,AM peak / school commute,True,False,True,True
1350888,Injury,Minor/Other Injury,2024,2024,March,Sunday,10:00 - 11:59,PACIFIC,HWY,0,Right on the spot,NUMBER 164,HN,CHARMHAVEN,10.0,No,Not a school zone,2-way undivided,-33.230588,151.502789,Central Coast,Country urban,Syd-Newc-Woll Gtr conurbation,Straight,Driveway/entrance,,,Unknown / not stated,Sealed,Dry,Fine,Daylight,Nil,No traffic controls,60 km/h,State,49,Other manoeuvring,400,Manov - other,,Other angle,Car (sedan/hatch),Car (sedan/hatch),2,0,0,0,1,3,March,Autumn,Sunday,10:00 - 11:59,Midday / afternoon,False,False,True,True
1350890,Injury,Moderate Injury,2024,2024,May,Thursday,16:00 - 17:59,WESTERN,EXP,925,East,KINGSWOOD ROAD,OP,ORCHARD HILLS,6004.0,No,Not a school zone,Dual freeway,-33.784333,150.731045,Penrith,Sydney metro. area,Syd-Newc-Woll Gtr conurbation,Straight,,,,Unknown / not stated,Sealed,Dry,Overcast,Daylight,Nil,No traffic controls,110 km/h,State,30,Rear end,301,Same - Rear end,,Rear end,Light truck utility(from 2018),4 wheel drive / SUV,2,0,0,1,0,5,May,Autumn,Thursday,16:00 - 17:59,PM peak / evening commute,True,False,True,True
1350892,Injury,Minor/Other Injury,2024,2024,May,Wednesday,16:00 - 17:59,PACIFIC,HWY,290,North,STADIUM,DR,COFFS HARBOUR,10.0,No,Not a school zone,Divided road,-30.319374,153.088836,Coffs Harbour,Country urban,Rest of NSW - Urban,Straight,,,,Unknown / not stated,Sealed,Wet,Raining,Dusk,Nil,No traffic controls,60 km/h,State,30,Rear end,301,Same - Rear end,,Rear end,Car (sedan/hatch),Car (sedan/hatch),2,0,0,0,1,5,May,Autumn,Wednesday,16:00 - 17:59,PM peak / evening commute,True,False,True,True
1350893,Injury,Minor/Other Injury,2024,2024,April,Wednesday,14:00 - 15:59,OCEAN,ST,50,North,SYD EINFELD,DR,WOOLLAHRA,7330.0,No,Not a school zone,2-way undivided,-33.889413,151.240335,Woollahra,Sydney metro. area,Syd-Newc-Woll Gtr conurbation,Straight,,,,Unknown / not stated,Sealed,Dry,Fine,Daylight,Nil,No traffic controls,50 km/h,Regional,30,Rear end,301,Same - Rear end,,Rear end,Car (sedan/hatch),4 wheel drive / SUV,3,0,0,0,1,4,April,Autumn,Wednesday,14:00 - 15:59,Midday / afternoon,False,False,True,True
1350897,Injury,Moderate Injury,2024,2024,May,Friday,14:00 - 15:59,MURRAY,ST,145,North,BOURKE,ST,COOTAMUNDRA,,No,Not a school zone,2-way undivided,-34.635282,148.025524,Cootamundra-Gundagai,Country urban,Rest of NSW - Urban,Straight,Driveway/entrance,,,Unknown / not stated,Sealed,Dry,Fine,Daylight,Nil,No traffic controls,50 km/h,Local,21,Right through,202,Opp - Right-thru,,Other angle,Car (sedan/hatch),Car (sedan/hatch),2,0,0,2,0,5,May,Autumn,Friday,14:00 - 15:59,Midday / afternoon,False,False,True,True
1350902,Injury,Moderate Injury,2024,2024,May,Tuesday,14:00 - 15:59,WINDSOR,RD,0,Right on the spot,ANNANGROVE ROAD,TO,ROUSE HILL,184.0,No,Not a school zone,Divided road,-33.674986,150.911098,The Hills,Sydney metro. area,Syd-Newc-Woll Gtr conurbation,Curved,,,,Unknown / not stated,Sealed,Dry,Overcast,Daylight,Nil,No traffic controls,80 km/h,State,81,Off left/rt bnd=>obj,803,Off right bend into obj,Left,Vehicle - Object,Car (sedan/hatch),,1,0,0,1,0,5,May,Autumn,Tuesday,14:00 - 15:59,Midday / afternoon,False,False,True,True
1350903,Injury,Minor/Other Injury,2024,2024,April,Monday,18:00 - 19:59,HUME,HWY,0,Right on the spot,CEDAR,RD,CASULA,2.0,No,Not a school zone,T-junction,-33.957723,150.884303,Liverpool,Sydney metro. area,Syd-Newc-Woll Gtr conurbation,Straight,,,,Unknown / not stated,Sealed,Dry,Fine,Dusk,Nil,No traffic controls,70 km/h,State,39,Other same direction,300,Same - other,,Other angle,Station wagon,Car (sedan/hatch),2,0,0,0,1,4,April,Autumn,Monday,18:00 - 19:59,PM peak / evening commute,True,False,True,True
1350905,Injury,Minor/Other Injury,2024,2024,April,Monday,06:00 - 07:59,SHERBROOK,RD,0,Right on the spot,DENISON,ST,HORNSBY,7245.0,No,Not a school zone,X-intersection,-33.69682,151.107535,Hornsby,Sydney metro. area,Syd-Newc-Woll Gtr conurbation,Straight,,,,Unknown / not stated,Sealed,Dry,Overcast,Daylight,Nil,Give way sign,60 km/h,Regional,49,Other manoeuvring,400,Manov - other,,Other angle,Car (sedan/hatch),4 wheel drive / SUV,2,0,0,0,1,4,April,Autumn,Monday,06:00 - 07:59,AM peak / school commute,True,False,True,True
1350906,Injury,Minor/Other Injury,2024,2024,May,Saturday,10:00 - 11:59,MYALL,RD,500,West,NEWCASTLE,ST,CARDIFF,7769.0,No,Not a school zone,Divided road,-32.942915,151.660063,Lake Macquarie,Newcastle met. area,Syd-Newc-Woll Gtr conurbation,Straight,,,,Unknown / not stated,Sealed,Dry,Fine,Daylight,Nil,No traffic controls,60 km/h,Regional,30,Rear end,301,Same - Rear end,,Rear end,Car (sedan/hatch),4 wheel drive / SUV,2,0,0,0,1,5,May,Autumn,Saturday,10:00 - 11:59,Midday / afternoon,False,False,True,True
1350909,Injury,Minor/Other Injury,2024,2024,April,Saturday,12:00 - 13:59,PRINCES,HWY,20,South,BEATTIE,AVE,BULLI,1.0,Yes,No,2-way undivided,-34.326404,150.913306,Wollongong,Wollongong met. area,Syd-Newc-Woll Gtr conurbation,Curved,,,,Unknown / not stated,Sealed,Dry,Fine,Daylight,Nil,No traffic controls,60 km/h,State,30,Rear end,301,Same - Rear end,,Rear end,Car (sedan/hatch),Car (sedan/hatch),2,0,0,0,1,4,April,Autumn,Saturday,12:00 - 13:59,Midday / afternoon,False,False,True,True
1350910,Injury,Minor/Other Injury,2024,2024,April,Wednesday,18:00 - 19:59,PRINCES,HWY,0,Right on the spot,TOWRADGI,RD,TOWRADGI,1.0,No,Not a school zone,X-intersection,-34.383514,150.900176,Wollongong,Wollongong met. area,Syd-Newc-Woll Gtr conurbation,Straight,,,,Unknown / not stated,Sealed,Dry,Fine,Dusk,On,No traffic controls,80 km/h,State,30,Rear end,301,Same - Rear end,,Rear end,Car (sedan/hatch),Station wagon,3,0,0,0,1,4,April,Autumn,Wednesday,18:00 - 19:59,PM peak / evening commute,True,False,True,True
1350912,Injury,Minor/Other Injury,2024,2024,May,Friday,18:00 - 19:59,CAMDEN VALLEY,WAY,0,Right on the spot,GELLIBRAND,RD,EDMONDSON PARK,620.0,No,Not a school zone,X-intersection,-33.953238,150.856048,Liverpool,Sydney metro. area,Syd-Newc-Woll Gtr conurbation,Straight,,,,Unknown / not stated,Sealed,Wet,Raining,Darkness,On,No traffic controls,70 km/h,State,30,Rear end,301,Same - Rear end,,Rear end,Car (sedan/hatch),Car (sedan/hatch),2,0,0,0,1,5,May,Autumn,Friday,18:00 - 19:59,PM peak / evening commute,True,False,True,True
1350915,Injury,Moderate Injury,2024,2024,April,Wednesday,12:00 - 13:59,CANTERBURY,RD,0,Right on the spot,PRINCESS,ST,HURLSTONE PARK,167.0,No,Not a school zone,T-junction,-33.907558,151.125947,Inner West,Sydney metro. area,Syd-Newc-Woll Gtr conurbation,Curved,,,,Unknown / not stated,Sealed,Dry,Fine,Daylight,Nil,Give way sign,60 km/h,State,39,Other same direction,300,Same - other,,Other angle,Motor scooter,Light truck,2,0,0,1,0,4,April,Autumn,Wednesday,12:00 - 13:59,Midday / afternoon,False,False,True,True
1350916,Injury,Minor/Other Injury,2024,2024,May,Thursday,08:00 - 09:59,THE HORSLEY,DR,0,Right on the spot,TAFE,OT,WETHERILL PARK,2105.0,No,Not a school zone,2-way undivided,-33.850855,150.913392,Fairfield,Sydney metro. area,Syd-Newc-Woll Gtr conurbation,Straight,Driveway/entrance,,,Unknown / not stated,Sealed,Dry,Fine,Daylight,On,No traffic controls,60 km/h,Regional,30,Rear end,301,Same - Rear end,,Rear end,Car (sedan/hatch),Car (sedan/hatch),2,0,0,0,1,5,May,Autumn,Thursday,08:00 - 09:59,AM peak / school commute,True,False,True,True
1350917,Injury,Moderate Injury,2024,2024,May,Monday,12:00 - 13:59,OALLEN,RD,1000,West,WELCOME REEF,RD,OALLEN,,No,Not a school zone,2-way undivided,-35.16629,149.99584,Queanbeyan-Palerang Regional,Country urban,Rest of NSW - Urban,Curved,,,,Nil,Sealed,Wet,Raining,Daylight,Nil,No traffic controls,80 km/h,Local,80,Off left/right bend,801,Off cway right bend,Left,Rollover,4 wheel drive / SUV,,1,0,0,1,0,5,May,Autumn,Monday,12:00 - 13:59,Midday / afternoon,False,False,True,True
1350918,Injury,Minor/Other Injury,2024,2024,April,Tuesday,12:00 - 13:59,POLDING,ST,0,Right on the spot,SMITHFIELD,RD,SMITHFIELD,7222.0,No,Not a school zone,Roundabout,-33.860348,150.927516,Fairfield,Sydney metro. area,Syd-Newc-Woll Gtr conurbation,Curved,,,,Unknown / not stated,Sealed,Wet,Fine,Daylight,Nil,Give way sign,60 km/h,Regional,49,Other manoeuvring,400,Manov - other,,Other angle,Car (sedan/hatch),Light truck utility(from 2018),2,0,0,0,1,4,April,Autumn,Tuesday,12:00 - 13:59,Midday / afternoon,False,False,True,True
1350919,Injury,Minor/Other Injury,2024,2024,April,Tuesday,08:00 - 09:59,ROCKET,ST,0,Right on the spot,NUMBER 189,HN,BATHURST,,No,Not a school zone,2-way undivided,-33.419557,149.567648,Bathurst Regional,Country urban,Rest of NSW - Urban,Straight,,,,Nil,Sealed,Dry,Fine,Daylight,Nil,No traffic controls,50 km/h,Local,40,U turn,304,Same - U-turn,,Other angle,Car (sedan/hatch),4 wheel drive / SUV,2,0,0,0,1,4,April,Autumn,Tuesday,08:00 - 09:59,AM peak / school commute,True,False,True,True
1350927,Injury,Moderate Injury,2024,2024,May,Wednesday,16:00 - 17:59,NAPIER,ST,0,Right on the spot,STEELE,ST,PARRAMATTA,,No,Not a school zone,X-intersection,-33.820388,150.994204,Parramatta,Sydney metro. area,Syd-Newc-Woll Gtr conurbation,Straight,,,,Unknown / not stated,Sealed,Wet,Raining,Darkness,Nil,Stop sign,50 km/h,Local,10,Cross traffic,101,Adj - Cross traffic,,Right angle,Car (sedan/hatch),4 wheel drive / SUV,2,0,0,1,0,5,May,Autumn,Wednesday,16:00 - 17:59,PM peak / evening commute,True,False,True,True
1350930,Injury,Moderate Injury,2024,2024,May,Monday,18:00 - 19:59,FAILFORD,RD,2000,East,PACIFIC,HWY,FAILFORD,692.0,No,Not a school zone,2-way undivided,-32.09153,152.441641,Mid-Coast,Country urban,Rest of NSW - Urban,Curved,,,,Unknown / not stated,Sealed,Dry,Overcast,Dusk,Nil,No traffic controls,80 km/h,State,81,Off left/rt bnd=>obj,803,Off right bend into obj,Left,Vehicle - Object,4 wheel drive / SUV,,1,0,0,1,0,5,May,Autumn,Monday,18:00 - 19:59,PM peak / evening commute,True,False,True,True
1350931,Injury,Minor/Other Injury,2024,2024,April,Wednesday,10:00 - 11:59,FRENCHS FOREST,RD,0,Right on the spot,MACMILLAN,ST,SEAFORTH,397.0,Yes,No,T-junction,-33.794315,151.250477,Northern Beaches,Sydney metro. area,Syd-Newc-Woll Gtr conurbation,Straight,,,,Unknown / not stated,Sealed,Dry,Overcast,Daylight,Nil,No traffic controls,50 km/h,State,13,Right near,104,Adj - Right-thru from right,,Right angle,Car (sedan/hatch),Car (sedan/hatch),2,0,0,0,1,4,April,Autumn,Wednesday,10:00 - 11:59,Midday / afternoon,False,False,True,True
1350934,Injury,Minor/Other Injury,2024,2024,May,Monday,08:00 - 09:59,WYONG,RD,0,Right on the spot,BROOKE,AVE,KILLARNEY VALE,335.0,No,Not a school zone,Roundabout,-33.367742,151.466602,Central Coast,Country urban,Syd-Newc-Woll Gtr conurbation,Straight,,,,On,Sealed,Wet,Raining,Daylight,Nil,Give way sign,60 km/h,State,30,Rear end,301,Same - Rear end,,Rear end,Light truck utility(from 2018),4 wheel drive / SUV,2,0,0,0,1,5,May,Autumn,Monday,08:00 - 09:59,AM peak / school commute,True,False,True,True
1350935,Injury,Moderate Injury,2024,2024,April,Sunday,12:00 - 13:59,NEW ENGLAND,HWY,400,North,KAMILAROI,HWY,WILLOW TREE,9.0,No,Not a school zone,2-way undivided,-31.633338,150.725234,Liverpool Plains,Country non-urban,Rest of NSW - Rural,Curved,,,,Unknown / not stated,Sealed,Dry,Fine,Daylight,Nil,No traffic controls,100 km/h,State,88,Out of cont on bend,805,Out of control on bend,,Rollover,4 wheel drive / SUV,,1,0,0,1,0,4,April,Autumn,Sunday,12:00 - 13:59,Midday / afternoon,False,False,True,True
1350937,Injury,Moderate Injury,2024,2024,May,Saturday,08:00 - 09:59,ANZAC,PDE,0,Right on the spot,BUNNERONG,RD,PHILLIP BAY,171.0,No,Not a school zone,X-intersection,-33.982255,151.236181,Randwick,Sydney metro. area,Syd-Newc-Woll Gtr conurbation,Straight,,,,Unknown / not stated,Sealed,Wet,Overcast,Daylight,Nil,Give way sign,60 km/h,Regional,10,Cross traffic,101,Adj - Cross traffic,,Right angle,4 wheel drive / SUV,Car (sedan/hatch),2,0,0,1,1,5,May,Autumn,Saturday,08:00 - 09:59,AM peak / school commute,True,False,True,True
1350941,Injury,Minor/Other Injury,2024,2024,April,Tuesday,16:00 - 17:59,LAMBTON,RD,0,Right on the spot,BRIDGES,RD,NEW LAMBTON,223.0,No,Not a school zone,X-intersection,-32.923214,151.722752,Newcastle,Newcastle met. area,Syd-Newc-Woll Gtr conurbation,Straight,Other bridge,,,Unknown / not stated,Sealed,Wet,Raining,Daylight,On,No traffic controls,60 km/h,Regional,30,Rear end,301,Same - Rear end,,Rear end,4 wheel drive / SUV,Car (sedan/hatch),2,0,0,0,1,4,April,Autumn,Tuesday,16:00 - 17:59,PM peak / evening commute,True,False,True,True
1350942,Injury,Minor/Other Injury,2024,2024,April,Wednesday,08:00 - 09:59,KING GEORGES,RD,0,Right on the spot,NUMBER 321,HN,BEVERLY HILLS,200.0,No,Not a school zone,Divided road,-33.942521,151.076623,Canterbury-Bankstown,Sydney metro. area,Syd-Newc-Woll Gtr conurbation,Straight,,,,Unknown / not stated,Sealed,Dry,Fine,Daylight,Nil,No traffic controls,60 km/h,State,30,Rear end,301,Same - Rear end,,Rear end,Car (sedan/hatch),Light truck utility(from 2018),2,0,0,0,1,4,April,Autumn,Wednesday,08:00 - 09:59,AM peak / school commute,True,False,True,True
1350948,Injury,Moderate Injury,2024,2024,April,Sunday,18:00 - 19:59,BELMORE,RD,0,Right on the spot,SOUTH WESTERN,EXP,RIVERWOOD,2050.0,No,Not a school zone,T-junction,-33.942322,151.054122,Canterbury-Bankstown,Sydney metro. area,Syd-Newc-Woll Gtr conurbation,Straight,Other bridge,,,Unknown / not stated,Sealed,Dry,Fine,Darkness,On,No traffic controls,50 km/h,Regional,21,Right through,202,Opp - Right-thru,,Other angle,4 wheel drive / SUV,Car (sedan/hatch),2,0,0,2,0,4,April,Autumn,Sunday,18:00 - 19:59,PM peak / evening commute,True,False,True,True
1350949,Injury,Minor/Other Injury,2024,2024,April,Sunday,16:00 - 17:59,BLAXLAND,RD,0,Right on the spot,DEVLIN,ST,RYDE,139.0,No,Not a school zone,T-junction,-33.810372,151.106055,Ryde,Sydney metro. area,Syd-Newc-Woll Gtr conurbation,Straight,,,,Unknown / not stated,Sealed,Dry,Fine,Daylight,On,No traffic controls,60 km/h,State,30,Rear end,301,Same - Rear end,,Rear end,Station wagon,Station wagon,2,0,0,0,1,4,April,Autumn,Sunday,16:00 - 17:59,PM peak / evening commute,True,False,True,True
1350951,Injury,Minor/Other Injury,2024,2024,May,Friday,18:00 - 19:59,EDWARDS,AVE,0,Right on the spot,SOMERSET,DR,THORNTON,,No,Not a school zone,Roundabout,-32.778186,151.647446,Maitland,Country urban,Rest of NSW - Urban,Curved,,,,Unknown / not stated,Sealed,Wet,Raining,Dusk,Nil,Give way sign,50 km/h,Local,30,Rear end,301,Same - Rear end,,Rear end,Car (sedan/hatch),4 wheel drive / SUV,2,0,0,0,1,5,May,Autumn,Friday,18:00 - 19:59,PM peak / evening commute,True,False,True,True
1350953,Injury,Serious Injury,2024,2024,April,Saturday,12:00 - 13:59,BYLONG VALLEY,WAY,1000,North,BENJANG,TRL,GINGHI,215.0,No,Not a school zone,2-way undivided,-32.596583,150.086413,Mid-Western Regional,Country non-urban,Rest of NSW - Rural,Straight,,,,Unknown / not stated,Sealed,Wet,Overcast,Daylight,Nil,No traffic controls,100 km/h,Regional,74,On road-out of cont.,705,Out of control on cway,,Rollover,Motorcycle,,1,0,1,0,0,4,April,Autumn,Saturday,12:00 - 13:59,Midday / afternoon,False,False,True,True
1350957,Injury,Moderate Injury,2024,2024,May,Thursday,18:00 - 19:59,PRINCES,HWY,500,North,BUMBO,RD,BODALLA,1.0,No,Not a school zone,2-way undivided,-36.054031,150.059429,Eurobodalla,Country non-urban,Rest of NSW - Rural,Curved,,,,Unknown / not stated,Sealed,Dry,Fine,Darkness,Nil,No traffic controls,100 km/h,State,87,Off lft/lft bnd=>obj,804,Off left bend into obj,Left,Vehicle - Object,Light truck,,1,0,0,1,0,5,May,Autumn,Thursday,18:00 - 19:59,PM peak / evening commute,True,False,True,True
1350958,Injury,Minor/Other Injury,2024,2024,April,Tuesday,14:00 - 15:59,CARRINGTON,RD,0,Right on the spot,GROSVENOR,ST,WAHROONGA,,No,Not a school zone,X-intersection,-33.707444,151.122769,Ku-ring-gai,Sydney metro. area,Syd-Newc-Woll Gtr conurbation,Straight,,,,Unknown / not stated,Sealed,Wet,Raining,Daylight,Nil,Stop sign,50 km/h,Local,20,Head on,201,Opp - Head on,,Head-on,Car (sedan/hatch),Car (sedan/hatch),2,0,0,0,1,4,April,Autumn,Tuesday,14:00 - 15:59,Midday / afternoon,False,False,True,True
1350959,Injury,Minor/Other Injury,2024,2024,March,Sunday,10:00 - 11:59,CENTENARY,DR,0,Right on the spot,WEEROONA,RD,STRATHFIELD,200.0,No,Not a school zone,T-junction,-33.875349,151.067121,Strathfield,Sydney metro. area,Syd-Newc-Woll Gtr conurbation,Straight,,,,Unknown / not stated,Sealed,Dry,Fine,Daylight,On,No traffic controls,80 km/h,State,30,Rear end,301,Same - Rear end,,Rear end,4 wheel drive / SUV,4 wheel drive / SUV,3,0,0,0,1,3,March,Autumn,Sunday,10:00 - 11:59,Midday / afternoon,False,False,True,True
1350961,Injury,Minor/Other Injury,2024,2024,April,Tuesday,12:00 - 13:59,AUSTRALIA,AVE,0,Right on the spot,BENNELONG,PKWY,SYDNEY OLYMPIC PARK,,No,Not a school zone,X-intersection,-33.84989,151.073964,Parramatta,Sydney metro. area,Syd-Newc-Woll Gtr conurbation,Curved,,,,Unknown / not stated,Sealed,Dry,Fine,Daylight,On,Give way sign,60 km/h,Local,30,Rear end,301,Same - Rear end,,Rear end,Light truck utility(from 2018),Car (sedan/hatch),2,0,0,0,1,4,April,Autumn,Tuesday,12:00 - 13:59,Midday / afternoon,False,False,True,True
1350962,Injury,Moderate Injury,2024,2024,April,Saturday,20:00 - 21:59,NEWPORT,RD,0,Right on the spot,NUMBER 206,HN,DORA CREEK,,No,Not a school zone,2-way undivided,-33.073734,151.481508,Lake Macquarie,Newcastle met. area,Syd-Newc-Woll Gtr conurbation,Curved,Painted double centre lines,,,Unknown / not stated,Sealed,Dry,Fine,Darkness,Nil,No traffic controls,80 km/h,Local,20,Head on,201,Opp - Head on,,Head-on,4 wheel drive / SUV,Car (sedan/hatch),2,0,0,1,0,4,April,Autumn,Saturday,20:00 - 21:59,Evening / night,False,False,True,True
1350963,Injury,Minor/Other Injury,2024,2024,May,Monday,12:00 - 13:59,BRISBANE,ST,0,Right on the spot,MELBOURNE,ST,OXLEY PARK,,No,Not a school zone,T-junction,-33.769038,150.797818,Penrith,Sydney metro. area,Syd-Newc-Woll Gtr conurbation,Straight,,,,Unknown / not stated,Sealed,Wet,Other,Daylight,Nil,No traffic controls,50 km/h,Local,11,Right far,102,Adj - Right-thru from left,,Right angle,Car (sedan/hatch),Car (sedan/hatch),2,0,0,0,2,5,May,Autumn,Monday,12:00 - 13:59,Midday / afternoon,False,False,True,True