crash_id,degree_of_crash,degree_of_crash_-_detailed,reporting_year,year_of_crash,month_of_crash,day_of_week_of_crash,two-hour_intervals,street_of_crash,street_type,distance,direction,identifying_feature,identifying_feature_type,town,route_no.,school_zone_location,school_zone_active,type_of_location,latitude,longitude,lga,urbanisation,conurbation_1,alignment,primary_permanent_feature,primary_temporary_feature,primary_hazardous_feature,street_lighting,road_surface,surface_condition,weather,natural_lighting,signals_operation,other_traffic_control,speed_limit,road_classification_(admin),rum_-_code,rum_-_description,dca_-_code,dca_-_description,dca_supplement,first_impact_type,key_tu_type,other_tu_type,no._of_traffic_units_involved,no._killed,no._seriously_injured,no._moderately_injured,no._minor-other_injured,month_num,month_label,season,day_label,time_label,time_band,is_peak_commute,is_fatal,is_injury,is_casualty
1350967,Injury,Minor/Other Injury,2024,2024,April,Friday,18:00 - 19:59,CAMDEN VALLEY,WAY,0,Right on the spot,BRINGELLY,RD,HORNINGSEA PARK,620.0,No,Not a school zone,X-intersection,-33.950034,150.838552,Liverpool,Sydney metro. area,Syd-Newc-Woll Gtr conurbation,Straight,,,,Unknown / not stated,Sealed,Dry,Fine,Dusk,On,No traffic controls,70 km/h,State,30,Rear end,301,Same - Rear end,,Rear end,4 wheel drive / SUV,Car (sedan/hatch),2,0,0,0,1,4,April,Autumn,Friday,18:00 - 19:59,PM peak / evening commute,True,False,True,True
1350969,Injury,Minor/Other Injury,2024,2024,April,Monday,06:00 - 07:59,SCHOFIELDS,RD,0,Right on the spot,BOUNDARY,RD,TALLAWONG,687.0,No,Not a school zone,X-intersection,-33.697135,150.887349,Blacktown,Sydney metro. area,Syd-Newc-Woll Gtr conurbation,Straight,,,,Unknown / not stated,Sealed,Dry,Fine,Dawn,Off,No traffic controls,70 km/h,State,30,Rear end,301,Same - Rear end,,Rear end,Car (sedan/hatch),Light truck utility(from 2018),2,0,0,0,1,4,April,Autumn,Monday,06:00 - 07:59,AM peak / school commute,True,False,True,True
1350970,Injury,Moderate Injury,2024,2024,May,Friday,08:00 - 09:59,PACIFIC,HWY,200,South,NEWMANS ROAD,OP,TOPI TOPI,10.0,No,Not a school zone,Divided road,-32.355991,152.309645,Mid-Coast,Country non-urban,Rest of NSW - Rural,Straight,,,,Unknown / not stated,Sealed,Dry,Fine,Daylight,Nil,No traffic controls,110 km/h,State,30,Rear end,301,Same - Rear end,,Rear end,Large rigid,Large rigid,2,0,0,1,0,5,May,Autumn,Friday,08:00 - 09:59,AM peak / school commute,True,False,True,True
1350974,Injury,Minor/Other Injury,2024,2024,April,Sunday,08:00 - 09:59,PACIFIC,HWY,0,Right on the spot,BOUNDARY,ST,ROSEVILLE,10.0,No,Not a school zone,X-intersection,-33.78751,151.178979,Willoughby,Sydney metro. area,Syd-Newc-Woll Gtr conurbation,Straight,,,,Unknown / not stated,Sealed,Dry,Fine,Daylight,On,No traffic controls,60 km/h,State,32,Right rear,303,Same - Rear right,,Rear end,4 wheel drive / SUV,4 wheel drive / SUV,2,0,0,0,1,4,April,Autumn,Sunday,08:00 - 09:59,AM peak / school commute,True,False,True,True
1350975,Injury,Minor/Other Injury,2024,2024,May,Monday,08:00 - 09:59,MOOREBANK,AVE,0,Right on the spot,NUMBER 64A,HN,MOOREBANK,657.0,No,Not a school zone,2-way undivided,-33.933511,150.92828,Liverpool,Sydney metro. area,Syd-Newc-Woll Gtr conurbation,Straight,,,,Unknown / not stated,Sealed,Wet,Raining,Daylight,Nil,No traffic controls,60 km/h,State,35,Lane change left,307,Same - Lane change left,,Other angle,4 wheel drive / SUV,Light truck utility(from 2018),3,0,0,0,1,5,May,Autumn,Monday,08:00 - 09:59,AM peak / school commute,True,False,True,True
1350978,Injury,Minor/Other Injury,2024,2024,May,Friday,08:00 - 09:59,HENSON,ST,0,Right on the spot,JUNCTION,RD,SUMMER HILL,,No,Not a school zone,Roundabout,-33.895125,151.134639,Inner West,Sydney metro. area,Syd-Newc-Woll Gtr conurbation,Straight,,,,Unknown / not stated,Sealed,Dry,Overcast,Daylight,Nil,Give way sign,50 km/h,Local,10,Cross traffic,101,Adj - Cross traffic,,Right angle,4 wheel drive / SUV,Motorcycle,2,0,0,0,1,5,May,Autumn,Friday,08:00 - 09:59,AM peak / school commute,True,False,True,True
1350980,Injury,Moderate Injury,2024,2024,May,Thursday,06:00 - 07:59,HUME,HWY,0,Right on the spot,SHELLCOTE,RD,GREENACRE,2.0,No,Not a school zone,X-intersection,-33.894166,151.054003,Canterbury-Bankstown,Sydney metro. area,Syd-Newc-Woll Gtr conurbation,Straight,,,,Unknown / not stated,Sealed,Dry,Fine,Daylight,On,No traffic controls,70 km/h,State,30,Rear end,301,Same - Rear end,,Rear end,Car (sedan/hatch),Light truck,5,0,0,1,0,5,May,Autumn,Thursday,06:00 - 07:59,AM peak / school commute,True,False,True,True
1350984,Injury,Serious Injury,2024,2024,May,Monday,10:00 - 11:59,PURLEWAUGH,RD,10000,West,BLACK STUMP,WAY,PURLEWAUGH,129.0,No,Not a school zone,2-way undivided,-31.410811,149.736213,Warrumbungle,Country non-urban,Rest of NSW - Rural,Straight,,,,Unknown / not stated,Sealed,Dry,Fine,Daylight,Nil,No traffic controls,100 km/h,Regional,67,Struck animal,609,On path - Hit animal,,Vehicle - Animal,Car (sedan/hatch),,1,0,1,0,0,5,May,Autumn,Monday,10:00 - 11:59,Midday / afternoon,False,False,True,True
1350990,Injury,Moderate Injury,2024,2024,May,Saturday,16:00 - 17:59,BUNNERONG,RD,0,Right on the spot,BIRDWOOD,AVE,PAGEWOOD,171.0,No,Not a school zone,T-junction,-33.933464,151.230307,Bayside,Sydney metro. area,Syd-Newc-Woll Gtr conurbation,Straight,,,,Unknown / not stated,Sealed,Dry,Fine,Dusk,Nil,Give way sign,60 km/h,State,16,Left near,107,Adj - Left-thru from right,,Right angle,Car (sedan/hatch),4 wheel drive / SUV,2,0,0,1,0,5,May,Autumn,Saturday,16:00 - 17:59,PM peak / evening commute,True,False,True,True
1350991,Injury,Moderate Injury,2024,2024,May,Monday,16:00 - 17:59,BARDIA,AVE,0,Right on the spot,MT OLYMPUS,ST,BARDIA,,No,Not a school zone,X-intersection,-33.979394,150.853641,Campbelltown,Sydney metro. area,Syd-Newc-Woll Gtr conurbation,Straight,,,,Unknown / not stated,Sealed,Dry,Fine,Daylight,Nil,Give way sign,50 km/h,Local,10,Cross traffic,101,Adj - Cross traffic,,Right angle,Car (sedan/hatch),4 wheel drive / SUV,2,0,0,1,1,5,May,Autumn,Monday,16:00 - 17:59,PM peak / evening commute,True,False,True,True
1350998,Injury,Minor/Other Injury,2024,2024,March,Saturday,16:00 - 17:59,SPARKS,RD,0,Right on the spot,WARNERVALE,RD,HAMLYN TERRACE,509.0,No,Not a school zone,Roundabout,-33.249825,151.482882,Central Coast,Country urban,Syd-Newc-Woll Gtr conurbation,Straight,,,,Unknown / not stated,Sealed,Dry,Fine,Daylight,Nil,Give way sign,70 km/h,State,21,Right through,202,Opp - Right-thru,,Other angle,Motorcycle,Car (sedan/hatch),2,0,0,0,1,3,March,Autumn,Saturday,16:00 - 17:59,PM peak / evening commute,True,False,True,True
1351000,Injury,Moderate Injury,2024,2024,May,Friday,12:00 - 13:59,PARRY,ST,0,Right on the spot,NUMBER 192,HN,NEWCASTLE WEST,82.0,No,Not a school zone,2-way undivided,-32.925479,151.756015,Newcastle,Newcastle met. area,Syd-Newc-Woll Gtr conurbation,Straight,,,,Unknown / not stated,Sealed,Dry,Fine,Daylight,Nil,No traffic controls,60 km/h,State,30,Rear end,301,Same - Rear end,,Rear end,Station wagon,Station wagon,3,0,0,1,1,5,May,Autumn,Friday,12:00 - 13:59,Midday / afternoon,False,False,True,True
1351002,Injury,Moderate Injury,2024,2024,May,Thursday,08:00 - 09:59,BRUXNER,HWY,0,Right on the spot,SNEATHS,RD,WOLLONGBAR,16.0,No,Not a school zone,T-junction,-28.821541,153.411373,Ballina,Country urban,Rest of NSW - Urban,Straight,,,,Unknown / not stated,Sealed,Wet,Raining,Daylight,Nil,Give way sign,80 km/h,State,13,Right near,104,Adj - Right-thru from right,,Right angle,Car (sedan/hatch),Car (sedan/hatch),2,0,0,1,1,5,May,Autumn,Thursday,08:00 - 09:59,AM peak / school commute,True,False,True,True
1351003,Injury,Moderate Injury,2024,2024,May,Sunday,10:00 - 11:59,BOONAL,ST,0,Right on the spot,HOWE,ST,SINGLETON,,No,Not a school zone,X-intersection,-32.569309,151.183938,Singleton,Country urban,Rest of NSW - Urban,Straight,,,,Unknown / not stated,Sealed,Wet,Overcast,Daylight,Nil,Stop sign,50 km/h,Local,16,Left near,107,Adj - Left-thru from right,,Right angle,Car (sedan/hatch),Car (sedan/hatch),2,0,0,1,0,5,May,Autumn,Sunday,10:00 - 11:59,Midday / afternoon,False,False,True,True
1351005,Injury,Minor/Other Injury,2024,2024,May,Sunday,14:00 - 15:59,PACIFIC,HWY,190,South,NEWCASTLE EXPRESSWAY,OP,MOONEY MOONEY CREEK,10.0,No,Not a school zone,2-way undivided,-33.436827,151.261132,Central Coast,Country urban,Syd-Newc-Woll Gtr conurbation,Curved,Embankment/cutting,,,Unknown / not stated,Sealed,Wet,Raining,Daylight,Nil,No traffic controls,60 km/h,State,81,Off left/rt bnd=>obj,803,Off right bend into obj,Left,Vehicle - Object,Light truck utility(from 2018),,1,0,0,0,2,5,May,Autumn,Sunday,14:00 - 15:59,Midday / afternoon,False,False,True,True
1351006,Injury,Minor/Other Injury,2024,2024,April,Monday,12:00 - 13:59,BARNEY,ST,0,Right on the spot,IRON,ST,NORTH PARRAMATTA,,No,Not a school zone,X-intersection,-33.796385,151.004827,Parramatta,Sydney metro. area,Syd-Newc-Woll Gtr conurbation,Straight,,,,Unknown / not stated,Sealed,Dry,Fine,Daylight,Nil,Stop sign,50 km/h,Local,10,Cross traffic,101,Adj - Cross traffic,,Right angle,Car (sedan/hatch),Car (sedan/hatch),2,0,0,0,1,4,April,Autumn,Monday,12:00 - 13:59,Midday / afternoon,False,False,True,True
1351008,Injury,Minor/Other Injury,2024,2024,April,Tuesday,18:00 - 19:59,THIRD,AVE,0,Right on the spot,BEST,RD,SEVEN HILLS,7151.0,No,Not a school zone,Roundabout,-33.777749,150.937548,Blacktown,Sydney metro. area,Syd-Newc-Woll Gtr conurbation,Curved,,,,Unknown / not stated,Sealed,Dry,Fine,Darkness,Nil,Give way sign,60 km/h,Regional,11,Right far,102,Adj - Right-thru from left,,Right angle,4 wheel drive / SUV,4 wheel drive / SUV,2,0,0,0,1,4,April,Autumn,Tuesday,18:00 - 19:59,PM peak / evening commute,True,False,True,True
1351027,Injury,Serious Injury,2024,2024,January,Tuesday,14:00 - 15:59,WOOLWICH,RD,10,South,FERRY,ST,HUNTERS HILL,,No,Not a school zone,T-junction,-33.83721,151.155806,Hunters Hill,Sydney metro. area,Syd-Newc-Woll Gtr conurbation,Curved,,,,Off,Sealed,Dry,Fine,Daylight,Nil,No traffic controls,50 km/h,Local,20,Head on,201,Opp - Head on,,Head-on,Car (sedan/hatch),Motor scooter,2,0,1,0,0,1,January,Summer,Tuesday,14:00 - 15:59,Midday / afternoon,False,False,True,True
1351033,Injury,Serious Injury,2024,2024,January,Monday,16:00 - 17:59,SOUTH WESTERN,EXP,1000,West,THE RIVER ROAD,OP,REVESBY,6005.0,No,Not a school zone,Dual freeway,-33.939589,151.007607,Canterbury-Bankstown,Sydney metro. area,Syd-Newc-Woll Gtr conurbation,Curved,,,,Nil,Sealed,Dry,Fine,Daylight,Nil,No traffic controls,100 km/h,State,35,Lane change left,307,Same - Lane change left,,Other angle,Motorcycle,4 wheel drive / SUV,2,0,1,0,0,1,January,Summer,Monday,16:00 - 17:59,PM peak / evening commute,True,False,True,True
1351035,Injury,Moderate Injury,2024,2024,January,Tuesday,16:00 - 17:59,KURRAJONG,RD,0,Right on the spot,WONGA,RD,PRESTONS,7263.0,No,Not a school zone,Roundabout,-33.945074,150.888247,Liverpool,Sydney metro. area,Syd-Newc-Woll Gtr conurbation,Straight,,,,Nil,Sealed,Wet,Overcast,Daylight,Nil,Give way sign,60 km/h,Regional,30,Rear end,301,Same - Rear end,,Rear end,Station wagon,4 wheel drive / SUV,2,0,0,1,1,1,January,Summer,Tuesday,16:00 - 17:59,PM peak / evening commute,True,False,True,True
1351039,Injury,Serious Injury,2024,2024,February,Thursday,22:00 - Midnight,DYMOND,ST,0,Right on the spot,NUMBER 27,HN,BARGO,,No,Not a school zone,2-way undivided,-34.287171,150.583841,Wollondilly,Country urban,Syd-Newc-Woll Gtr conurbation,Straight,,,,Nil,Sealed,Dry,Fine,Darkness,Nil,No traffic controls,50 km/h,Local,73,Off rd rght => obj,704,Right off cway into obj,,Other angle,Light truck utility(from 2018),Car (sedan/hatch),2,0,1,0,0,2,February,Summer,Thursday,22:00 - Midnight,Evening / night,False,False,True,True
1351041,Injury,Moderate Injury,2024,2024,January,Wednesday,16:00 - 17:59,ST JOHNS,RD,10,West,GLADSTONE,ST,CANLEY HEIGHTS,7221.0,No,Not a school zone,Roundabout,-33.889114,150.928957,Fairfield,Sydney metro. area,Syd-Newc-Woll Gtr conurbation,Straight,,,,Nil,Sealed,Dry,Fine,Daylight,Nil,Give way sign,60 km/h,Regional,33,Lane sideswipe,305,Same - Lane side swipe,,Other angle,Car (sedan/hatch),4 wheel drive / SUV,3,0,0,1,0,1,January,Summer,Wednesday,16:00 - 17:59,PM peak / evening commute,True,False,True,True
1351042,Injury,Moderate Injury,2024,2024,January,Saturday,02:00 - 03:59,GRANDVIEW,ST,0,Right on the spot,NUMBER 55,HN,SHELLY BEACH,,No,Not a school zone,2-way undivided,-33.369012,151.48537,Central Coast,Country urban,Syd-Newc-Woll Gtr conurbation,Straight,,,,On,Sealed,Dry,Fine,Darkness,Nil,No traffic controls,50 km/h,Local,71,Off rd left => obj,703,Left off cway into object,,Other angle,4 wheel drive / SUV,Car (sedan/hatch),3,0,0,1,0,1,January,Summer,Saturday,02:00 - 03:59,Late night / early morning,False,False,True,True
1351043,Injury,Moderate Injury,2024,2024,February,Thursday,22:00 - Midnight,MURRAH,ST,50,West,CORUNNA,ST,BERMAGUI,,No,Not a school zone,2-way undivided,-36.429467,150.077103,Bega Valley,Country urban,Rest of NSW - Urban,Straight,,,,On,Sealed,Dry,Fine,Darkness,Nil,No traffic controls,50 km/h,Local,71,Off rd left => obj,703,Left off cway into object,,Other angle,Car (sedan/hatch),Light truck utility(from 2018),3,0,0,1,0,2,February,Summer,Thursday,22:00 - Midnight,Evening / night,False,False,True,True
1351044,Injury,Minor/Other Injury,2024,2024,February,Friday,22:00 - Midnight,HUME,HWY,100,South,LIVERPOOL,ST,CABRAMATTA,2.0,No,Not a school zone,Divided road,-33.903315,150.943353,Fairfield,Sydney metro. area,Syd-Newc-Woll Gtr conurbation,Curved,,,,On,Sealed,Dry,Fine,Darkness,Nil,No traffic controls,70 km/h,State,35,Lane change left,307,Same - Lane change left,,Other angle,Light truck,Car (sedan/hatch),3,0,0,0,1,2,February,Summer,Friday,22:00 - Midnight,Evening / night,False,False,True,True
1351045,Injury,Moderate Injury,2024,2024,February,Sunday,08:00 - 09:59,KIRKWOOD,RD,0,Right on the spot,NUMBER 14,HN,TWEED HEADS SOUTH,,No,Not a school zone,2-way undivided,-28.199169,153.548656,Tweed,Country urban,Rest of NSW - Urban,Straight,,,,Off,Sealed,Dry,Fine,Daylight,Nil,No traffic controls,50 km/h,Local,73,Off rd rght => obj,704,Right off cway into obj,,Other angle,Car (sedan/hatch),Car (sedan/hatch),2,0,0,1,0,2,February,Summer,Sunday,08:00 - 09:59,AM peak / school commute,True,False,True,True
1351047,Injury,Serious Injury,2024,2024,January,Thursday,18:00 - 19:59,BATES,DR,35,West,PRINCES HIGHWAY,TO,KAREELA,7002.0,No,Not a school zone,Other,-34.023823,151.08864,Sutherland,Sydney metro. area,Syd-Newc-Woll Gtr conurbation,Curved,Foot/cycle path/nature strip,,,Off,Sealed,Dry,Fine,Daylight,Nil,Ped crossing,70 km/h,Regional,48,From footpath,408,Manov - From footway,,Other angle,Pedal cycle,Motorcycle,2,0,1,1,0,1,January,Summer,Thursday,18:00 - 19:59,PM peak / evening commute,True,False,True,True
1351049,Injury,Moderate Injury,2024,2024,February,Tuesday,14:00 - 15:59,WALLIS,AVE,170,East,HULBERTS,RD,TOORMINA,,No,Not a school zone,2-way undivided,-30.359389,153.096803,Coffs Harbour,Country urban,Rest of NSW - Urban,Straight,,Police pursuit,,Nil,Sealed,Dry,Fine,Daylight,Nil,No traffic controls,50 km/h,Local,42,Leaving parking,401,Manov - Leaving parking,,Other angle,Car (sedan/hatch),4 wheel drive / SUV,2,0,0,1,0,2,February,Summer,Tuesday,14:00 - 15:59,Midday / afternoon,False,False,True,True
1351051,Injury,Moderate Injury,2024,2024,February,Saturday,00:01 - 01:59,PORPOISE,CRES,30,West,PETER,PL,BLIGH PARK,,No,Not a school zone,2-way undivided,-33.642285,150.810352,Hawkesbury,Country urban,Syd-Newc-Woll Gtr conurbation,Curved,,,,On,Sealed,Dry,Fine,Darkness,Nil,No traffic controls,50 km/h,Local,81,Off left/rt bnd=>obj,803,Off right bend into obj,Left,Other angle,Passenger van,Light truck utility(from 2018),2,0,0,1,0,2,February,Summer,Saturday,00:01 - 01:59,Late night / early morning,False,False,True,True
1351052,Injury,Moderate Injury,2024,2024,February,Thursday,20:00 - 21:59,RAILWAY,PDE,0,Right on the spot,TRAFALGAR,ST,GLENFIELD,7198.0,Yes,No,Roundabout,-33.971375,150.894498,Campbelltown,Sydney metro. area,Syd-Newc-Woll Gtr conurbation,Straight,,,,On,Sealed,Dry,Fine,Darkness,Nil,Give way sign,50 km/h,Regional,30,Rear end,301,Same - Rear end,,Rear end,Car (sedan/hatch),Passenger van,2,0,0,1,0,2,February,Summer,Thursday,20:00 - 21:59,Evening / night,False,False,True,True
1351053,Injury,Serious Injury,2024,2024,February,Sunday,08:00 - 09:59,SOUTH DOWLING,ST,100,South,O'DEA,AVE,ZETLAND,593.0,No,Not a school zone,Divided road,-33.904782,151.213861,Sydney,Sydney metro. area,Syd-Newc-Woll Gtr conurbation,Straight,,,,Off,Sealed,Dry,Fine,Daylight,Nil,No traffic controls,60 km/h,State,30,Rear end,301,Same - Rear end,,Rear end,Unknown motor vehicle,Motor scooter,3,0,1,0,0,2,February,Summer,Sunday,08:00 - 09:59,AM peak / school commute,True,False,True,True
1351055,Injury,Serious Injury,2024,2024,February,Sunday,00:01 - 01:59,HUME,HWY,400,North,BURLEY GRIFFIN WAY,TO,BOWNING,2.0,No,Not a school zone,Other,-34.765344,148.763554,Yass Valley,Country non-urban,Rest of NSW - Rural,Curved,,,,Nil,Sealed,Dry,Fine,Darkness,Nil,No traffic controls,100 km/h,State,86,Off left/left bend,802,Off cway left bend,Left,Rollover,Light truck utility(from 2018),,1,0,1,0,0,2,February,Summer,Sunday,00:01 - 01:59,Late night / early morning,False,False,True,True
1351056,Injury,Moderate Injury,2024,2024,January,Sunday,08:00 - 09:59,HUME,HWY,4500,South,PICTON ROAD,OP,PHEASANTS NEST,2.0,No,Not a school zone,Dual freeway,-34.266619,150.648797,Wollondilly,Country non-urban,Syd-Newc-Woll Gtr conurbation,Straight,B'down lane/road shldr,,,Off,Sealed,Dry,Fine,Daylight,Nil,No traffic controls,110 km/h,State,30,Rear end,301,Same - Rear end,,Rear end,4 wheel drive / SUV,Light truck,2,0,0,1,0,1,January,Summer,Sunday,08:00 - 09:59,AM peak / school commute,True,False,True,True
1351057,Injury,Minor/Other Injury,2024,2024,February,Sunday,18:00 - 19:59,DERBY,ST,0,Right on the spot,HILL,ST,WALCHA,73.0,No,Not a school zone,X-intersection,-30.98109,151.594189,Walcha,Country urban,Rest of NSW - Urban,Straight,,,,Nil,Sealed,Dry,Fine,Daylight,Nil,Give way sign,50 km/h,Regional,10,Cross traffic,101,Adj - Cross traffic,,Right angle,Light truck utility(from 2018),Car (sedan/hatch),2,0,0,0,1,2,February,Summer,Sunday,18:00 - 19:59,PM peak / evening commute,True,False,True,True
1351058,Injury,Moderate Injury,2024,2024,January,Tuesday,16:00 - 17:59,THE BOULEVARDE,MS,0,Right on the spot,NICHOLSON,ST,STRATHFIELD,668.0,Yes,No,T-junction,-33.881376,151.09255,Burwood,Sydney metro. area,Syd-Newc-Woll Gtr conurbation,Straight,,,,Nil,Sealed,Dry,Fine,Daylight,Nil,Stop sign,60 km/h,State,13,Right near,104,Adj - Right-thru from right,,Right angle,4 wheel drive / SUV,Car (sedan/hatch),2,0,0,1,0,1,January,Summer,Tuesday,16:00 - 17:59,PM peak / evening commute,True,False,True,True
1351060,Injury,Minor/Other Injury,2024,2024,February,Saturday,06:00 - 07:59,BOONER,ST,30,West,ILLAROO,ST,HAWKS NEST,,No,Not a school zone,2-way undivided,-32.67301,152.179293,Mid-Coast,Country urban,Rest of NSW - Urban,Straight,Foot/cycle path/nature strip,,,Nil,Sealed,Dry,Fine,Daylight,Nil,No traffic controls,50 km/h,Local,6,Ped on footpath,8,Ped - On footway/median,,Vehicle - Pedestrian,Station wagon,Pedestrian,2,0,0,0,1,2,February,Summer,Saturday,06:00 - 07:59,AM peak / school commute,True,False,True,True
1351063,Injury,Serious Injury,2024,2024,February,Wednesday,10:00 - 11:59,GREENE,ST,50,West,KING,ST,WARRAWONG,,No,Not a school zone,2-way undivided,-34.484435,150.886868,Wollongong,Wollongong met. area,Syd-Newc-Woll Gtr conurbation,Straight,,,,Off,Sealed,Dry,Fine,Daylight,Nil,No traffic controls,50 km/h,Local,30,Rear end,301,Same - Rear end,,Rear end,Car (sedan/hatch),4 wheel drive / SUV,2,0,1,1,0,2,February,Summer,Wednesday,10:00 - 11:59,Midday / afternoon,False,False,True,True
1351064,Injury,Serious Injury,2024,2024,February,Sunday,14:00 - 15:59,IRRIGATION,WAY,2500,East,MURRAMI,RD,STANBRIDGE,80.0,No,Not a school zone,2-way undivided,-34.52492,146.30967,Leeton,Country non-urban,Rest of NSW - Rural,Curved,,,,Nil,Sealed,Dry,Fine,Daylight,Nil,No traffic controls,100 km/h,State,87,Off lft/lft bnd=>obj,804,Off left bend into obj,Left,Vehicle - Object,4 wheel drive / SUV,,1,0,1,0,2,2,February,Summer,Sunday,14:00 - 15:59,Midday / afternoon,False,False,True,True
1351065,Injury,Moderate Injury,2024,2024,January,Thursday,12:00 - 13:59,NEWCASTLE,EXP,500,North,MARSHALL STREET,OP,COORANBONG,6003.0,No,Not a school zone,Dual freeway,-33.079238,151.476244,Lake Macquarie,Newcastle met. area,Syd-Newc-Woll Gtr conurbation,Straight,,,,Nil,Sealed,Dry,Fine,Daylight,Nil,No traffic controls,110 km/h,State,34,Lane change right,306,Same - Lane change right,,Other angle,Light truck utility(from 2018),4 wheel drive / SUV,2,0,0,1,0,1,January,Summer,Thursday,12:00 - 13:59,Midday / afternoon,False,False,True,True
1351066,Injury,Minor/Other Injury,2024,2024,March,Saturday,06:00 - 07:59,MARINE,PDE,26,South,THE CORSO,MS,MAROUBRA,,No,Not a school zone,2-way undivided,-33.943109,151.262195,Randwick,Sydney metro. area,Syd-Newc-Woll Gtr conurbation,Straight,Driveway/entrance,,,Off,Sealed,Dry,Fine,Daylight,Nil,No traffic controls,50 km/h,Local,37,Left turn sideswipe,309,Same - Left turn side swipe,,Other angle,Unknown motor vehicle,Pedal cycle,2,0,0,0,1,3,March,Autumn,Saturday,06:00 - 07:59,AM peak / school commute,True,False,True,True
1351067,Injury,Minor/Other Injury,2024,2024,February,Tuesday,12:00 - 13:59,TRAFALGAR,ST,10,South,DUKE,ST,BRIGHTON-LE-SANDS,,No,Not a school zone,T-junction,-33.96141,151.153616,Bayside,Sydney metro. area,Syd-Newc-Woll Gtr conurbation,Straight,Driveway/entrance,,,Off,Sealed,Wet,Raining,Daylight,Nil,No traffic controls,50 km/h,Local,47,Emerging from drive,406,Manov - Emerging from driveway,,Right angle,4 wheel drive / SUV,Motorcycle,2,0,0,0,1,2,February,Summer,Tuesday,12:00 - 13:59,Midday / afternoon,False,False,True,True
1351069,Injury,Moderate Injury,2024,2024,February,Thursday,14:00 - 15:59,PRINCES,HWY,0,Right on the spot,HOLT,ST,NEWTOWN,1.0,No,Not a school zone,T-junction,-33.900097,151.178072,Sydney,Sydney metro. area,Syd-Newc-Woll Gtr conurbation,Straight,,,,Off,Sealed,Dry,Fine,Daylight,Nil,No traffic controls,40 km/h,State,22,Left through,205,Opp - Left-thru,,Other angle,Large rigid,Car (sedan/hatch),2,0,0,1,0,2,February,Summer,Thursday,14:00 - 15:59,Midday / afternoon,False,False,True,True
1351070,Injury,Moderate Injury,2024,2024,February,Tuesday,18:00 - 19:59,COMMONWEALTH,ST,0,Right on the spot,RESERVOIR,ST,SURRY HILLS,,No,Not a school zone,Roundabout,-33.881367,151.210842,Sydney,Sydney metro. area,Syd-Newc-Woll Gtr conurbation,Straight,,,,Nil,Sealed,Wet,Overcast,Daylight,Nil,No traffic controls,40 km/h,Local,74,On road-out of cont.,705,Out of control on cway,,Rollover,Motorcycle,,1,0,0,1,0,2,February,Summer,Tuesday,18:00 - 19:59,PM peak / evening commute,True,False,True,True
1351072,Injury,Minor/Other Injury,2024,2024,February,Monday,14:00 - 15:59,M7 WESTLINK,EXP,200,North,ROOTY HILL ROAD,TO,OAKHURST,6009.0,No,Not a school zone,Other,-33.736875,150.848052,Blacktown,Sydney metro. area,Syd-Newc-Woll Gtr conurbation,Straight,,,,Nil,Sealed,Dry,Fine,Daylight,Nil,No traffic controls,100 km/h,State,30,Rear end,301,Same - Rear end,,Rear end,Utility,4 wheel drive / SUV,3,0,0,0,1,2,February,Summer,Monday,14:00 - 15:59,Midday / afternoon,False,False,True,True
1351075,Injury,Minor/Other Injury,2024,2024,February,Tuesday,20:00 - 21:59,HOLBORN,CCT,70,North,GREGORY HILLS,DR,GLEDSWOOD HILLS,,No,Not a school zone,2-way undivided,-34.020593,150.764085,Camden,Sydney metro. area,Syd-Newc-Woll Gtr conurbation,Straight,,,,On,Sealed,Dry,Fine,Daylight,Nil,No traffic controls,50 km/h,Local,42,Leaving parking,401,Manov - Leaving parking,,Other angle,Car (sedan/hatch),Passenger van,2,0,0,0,1,2,February,Summer,Tuesday,20:00 - 21:59,Evening / night,False,False,True,True
1351076,Injury,Moderate Injury,2024,2024,February,Thursday,08:00 - 09:59,FITZGERALD,AVE,0,Right on the spot,MARINE,PDE,MAROUBRA,,No,Not a school zone,Roundabout,-33.948241,151.25447,Randwick,Sydney metro. area,Syd-Newc-Woll Gtr conurbation,Straight,,,,Nil,Sealed,Dry,Fine,Daylight,Nil,No traffic controls,50 km/h,Local,16,Left near,107,Adj - Left-thru from right,,Right angle,Car (sedan/hatch),Motor scooter,2,0,0,1,0,2,February,Summer,Thursday,08:00 - 09:59,AM peak / school commute,True,False,True,True
1351077,Injury,Moderate Injury,2024,2024,March,Saturday,20:00 - 21:59,ADDISON,ST,0,Right on the spot,HARBOUR,BVD,SHELL COVE,,No,Not a school zone,T-junction,-34.581444,150.861755,Shellharbour,Wollongong met. area,Syd-Newc-Woll Gtr conurbation,Curved,,,,On,Sealed,Dry,Fine,Darkness,On,No traffic controls,50 km/h,Local,21,Right through,202,Opp - Right-thru,,Other angle,Light truck utility(from 2018),Car (sedan/hatch),2,0,0,1,0,3,March,Autumn,Saturday,20:00 - 21:59,Evening / night,False,False,True,True
1351078,Injury,Serious Injury,2024,2024,January,Wednesday,14:00 - 15:59,VICTORIA,ST,0,Right on the spot,BENTLEY,ST,WETHERILL PARK,7480.0,No,Not a school zone,T-junction,-33.84341,150.88395,Fairfield,Sydney metro. area,Syd-Newc-Woll Gtr conurbation,Straight,,,,Nil,Sealed,Dry,Fine,Daylight,Nil,No traffic controls,60 km/h,Regional,13,Right near,104,Adj - Right-thru from right,,Right angle,Car (sedan/hatch),Unknown motor vehicle,2,0,2,0,1,1,January,Summer,Wednesday,14:00 - 15:59,Midday / afternoon,False,False,True,True