crash_id,degree_of_crash,degree_of_crash_-_detailed,reporting_year,year_of_crash,month_of_crash,day_of_week_of_crash,two-hour_intervals,street_of_crash,street_type,distance,direction,identifying_feature,identifying_feature_type,town,route_no.,school_zone_location,school_zone_active,type_of_location,latitude,longitude,lga,urbanisation,conurbation_1,alignment,primary_permanent_feature,primary_temporary_feature,primary_hazardous_feature,street_lighting,road_surface,surface_condition,weather,natural_lighting,signals_operation,other_traffic_control,speed_limit,road_classification_(admin),rum_-_code,rum_-_description,dca_-_code,dca_-_description,dca_supplement,first_impact_type,key_tu_type,other_tu_type,no._of_traffic_units_involved,no._killed,no._seriously_injured,no._moderately_injured,no._minor-other_injured,month_num,month_label,season,day_label,time_label,time_band,is_peak_commute,is_fatal,is_injury,is_casualty
1351079,Injury,Serious Injury,2024,2024,January,Saturday,22:00 - Midnight,WYEE,RD,4000,North,PACIFIC,HWY,WYEE,454.0,No,Not a school zone,2-way undivided,-33.182715,151.487614,Lake Macquarie,Newcastle met. area,Syd-Newc-Woll Gtr conurbation,Curved,,,,Nil,Sealed,Dry,Fine,Darkness,Nil,No traffic controls,60 km/h,Regional,83,Off rt/rt bnd=>obj,803,Off right bend into obj,Right,Vehicle - Object,Car (sedan/hatch),,1,0,2,0,0,1,January,Summer,Saturday,22:00 - Midnight,Evening / night,False,False,True,True
1351080,Injury,Serious Injury,2024,2024,March,Friday,16:00 - 17:59,CASTLEREAGH,HWY,0,Right on the spot,ARTESIAN,MO,COONAMBLE,18.0,No,Not a school zone,2-way undivided,-30.964252,148.389597,Coonamble,Country urban,Rest of NSW - Urban,Curved,,,,Nil,Sealed,Dry,Fine,Daylight,Nil,No traffic controls,50 km/h,State,85,Off rt/lft bnd=>obj,804,Off left bend into obj,Right,Vehicle - Object,Car (sedan/hatch),,1,0,1,0,0,3,March,Autumn,Friday,16:00 - 17:59,PM peak / evening commute,True,False,True,True
1351081,Injury,Moderate Injury,2024,2024,March,Tuesday,00:01 - 01:59,COROMANDEL,ST,0,Right on the spot,VERNER,ST,GOULBURN,,No,Not a school zone,T-junction,-34.751568,149.708589,Goulburn Mulwaree,Country urban,Rest of NSW - Urban,Straight,,,,On,Sealed,Dry,Fine,Darkness,Nil,No traffic controls,50 km/h,Local,80,Off left/right bend,707,Right turn,Left,Rollover,Car (sedan/hatch),,1,0,0,1,0,3,March,Autumn,Tuesday,00:01 - 01:59,Late night / early morning,False,False,True,True
1351082,Injury,Serious Injury,2024,2024,February,Friday,16:00 - 17:59,GOOLMA,RD,1000,West,MEBUL,RD,GOOLMA,633.0,No,Not a school zone,2-way undivided,-32.377971,149.295831,Mid-Western Regional,Country non-urban,Rest of NSW - Rural,Straight,,,,Nil,Sealed,Dry,Fine,Daylight,Nil,No traffic controls,100 km/h,State,70,Off road to left,701,Off carriageway to left,,Rollover,Motorcycle,,1,0,1,0,0,2,February,Summer,Friday,16:00 - 17:59,PM peak / evening commute,True,False,True,True
1351084,Injury,Moderate Injury,2024,2024,March,Tuesday,10:00 - 11:59,ACACIA,DR,0,Right on the spot,EURABBIE,AVE,MUSWELLBROOK,,No,Not a school zone,T-junction,-32.284593,150.90178,Muswellbrook,Country urban,Rest of NSW - Urban,Straight,,,,Off,Sealed,Dry,Fine,Daylight,Nil,No traffic controls,50 km/h,Local,74,On road-out of cont.,705,Out of control on cway,,Rollover,Motorcycle,,1,0,0,1,0,3,March,Autumn,Tuesday,10:00 - 11:59,Midday / afternoon,False,False,True,True
1351086,Injury,Serious Injury,2024,2024,March,Sunday,02:00 - 03:59,PACIFIC,HWY,50,South,TOMAGO,RD,TOMAGO,10.0,No,Not a school zone,Divided road,-32.81675,151.695952,Port Stephens,Country urban,Rest of NSW - Urban,Straight,,,,On,Sealed,Dry,Fine,Darkness,Nil,No traffic controls,80 km/h,State,74,On road-out of cont.,705,Out of control on cway,,Rollover,Light truck,,1,0,1,0,0,3,March,Autumn,Sunday,02:00 - 03:59,Late night / early morning,False,False,True,True
1351087,Injury,Moderate Injury,2024,2024,March,Wednesday,20:00 - 21:59,WESTERN,EXP,500,West,ETTALONG ROAD,OP,GREYSTANES,6004.0,No,Not a school zone,Dual freeway,-33.813159,150.951015,Cumberland,Sydney metro. area,Syd-Newc-Woll Gtr conurbation,Straight,,,,Nil,Sealed,Dry,Fine,Darkness,Nil,No traffic controls,100 km/h,State,73,Off rd rght => obj,704,Right off cway into obj,,Vehicle - Object,Car (sedan/hatch),,1,0,0,1,0,3,March,Autumn,Wednesday,20:00 - 21:59,Evening / night,False,False,True,True
1351088,Injury,Serious Injury,2024,2024,March,Tuesday,12:00 - 13:59,POPONDETTA,RD,85,North,ARUNDELL,ST,DHARRUK,,No,Not a school zone,2-way undivided,-33.746789,150.810462,Blacktown,Sydney metro. area,Syd-Newc-Woll Gtr conurbation,Curved,Painted double centre lines,,,Off,Sealed,Dry,Fine,Daylight,Nil,No traffic controls,50 km/h,Local,20,Head on,201,Opp - Head on,,Head-on,4 wheel drive / SUV,4 wheel drive / SUV,2,0,3,1,0,3,March,Autumn,Tuesday,12:00 - 13:59,Midday / afternoon,False,False,True,True
1351089,Injury,Serious Injury,2024,2024,March,Tuesday,18:00 - 19:59,YALWAL,RD,1000,West,BARRIER,RD,BARRINGELLA,,No,Not a school zone,2-way undivided,-34.899951,150.486309,Shoalhaven,Country urban,Rest of NSW - Urban,Curved,Crest,,,Nil,Unsealed,Dry,Fine,Dusk,Nil,No traffic controls,60 km/h,Local,87,Off lft/lft bnd=>obj,804,Off left bend into obj,Left,Vehicle - Object,Motorcycle,,1,0,1,0,0,3,March,Autumn,Tuesday,18:00 - 19:59,PM peak / evening commute,True,False,True,True
1351096,Injury,Serious Injury,2024,2024,March,Saturday,22:00 - Midnight,JEAN,ST,100,South,WILLIS,ST,SOUTH TAMWORTH,,Yes,No,2-way undivided,-31.105256,150.91553,Tamworth Regional,Country urban,Rest of NSW - Urban,Straight,,,,On,Sealed,Dry,Fine,Darkness,Nil,No traffic controls,50 km/h,Local,30,Rear end,301,Same - Rear end,,Rear end,Light truck,Motorised push scooters,2,0,1,0,0,3,March,Autumn,Saturday,22:00 - Midnight,Evening / night,False,False,True,True
1351097,Injury,Serious Injury,2024,2024,March,Sunday,12:00 - 13:59,DARUKA,RD,0,Right on the spot,NUMBER 34,HN,NORTH TAMWORTH,,No,Not a school zone,2-way undivided,-31.075474,150.939451,Tamworth Regional,Country urban,Rest of NSW - Urban,Straight,,,,Nil,Sealed,Dry,Fine,Daylight,Nil,No traffic controls,50 km/h,Local,71,Off rd left => obj,703,Left off cway into object,,Other angle,Car (sedan/hatch),Passenger van,2,0,2,1,0,3,March,Autumn,Sunday,12:00 - 13:59,Midday / afternoon,False,False,True,True
1351098,Injury,Serious Injury,2024,2024,February,Saturday,16:00 - 17:59,STONEY CREEK,RD,0,Right on the spot,BEXLEY GOLF CLUB,ENT,KINGSGROVE,665.0,No,Not a school zone,2-way undivided,-33.948833,151.107532,Bayside,Sydney metro. area,Syd-Newc-Woll Gtr conurbation,Straight,Driveway/entrance,,,On,Sealed,Dry,Fine,Daylight,Nil,No traffic controls,60 km/h,State,21,Right through,202,Opp - Right-thru,,Other angle,Light truck utility(from 2018),Motorcycle,2,0,1,0,0,2,February,Summer,Saturday,16:00 - 17:59,PM peak / evening commute,True,False,True,True
1351101,Injury,Moderate Injury,2024,2024,March,Friday,08:00 - 09:59,BARTLEY,ST,0,Right on the spot,NUMBER 33,HN,CANLEY VALE,7225.0,Yes,No,2-way undivided,-33.890037,150.937019,Fairfield,Sydney metro. area,Syd-Newc-Woll Gtr conurbation,Straight,Driveway/entrance,,,Off,Sealed,Dry,Fine,Daylight,Nil,Ped crossing,50 km/h,Regional,47,Emerging from drive,406,Manov - Emerging from driveway,,Right angle,Car (sedan/hatch),Pedal cycle,2,0,0,1,0,3,March,Autumn,Friday,08:00 - 09:59,AM peak / school commute,True,False,True,True
1351104,Injury,Serious Injury,2024,2024,March,Thursday,08:00 - 09:59,BOYD,ST,0,Right on the spot,CULNANE,PL,KELSO,,No,Not a school zone,T-junction,-33.416446,149.608142,Bathurst Regional,Country urban,Rest of NSW - Urban,Straight,,,,Nil,Sealed,Dry,Fine,Daylight,Nil,No traffic controls,50 km/h,Local,53,Overtake turning,506,Ovtak - Overtaking right turn,,Other angle,Motorcycle,Light truck utility(from 2018),2,0,1,0,0,3,March,Autumn,Thursday,08:00 - 09:59,AM peak / school commute,True,False,True,True
1351105,Injury,Serious Injury,2024,2024,March,Saturday,16:00 - 17:59,MAIN ARM,RD,1070,West,PALMWOODS,RD,UPPER MAIN ARM,,Yes,No,2-way undivided,-28.497451,153.411111,Byron,Country urban,Rest of NSW - Urban,Curved,,,,Nil,Sealed,Dry,Fine,Daylight,Nil,No traffic controls,80 km/h,Local,84,Off right/left bend,802,Off cway left bend,Right,Rollover,Motorcycle,,1,0,1,0,0,3,March,Autumn,Saturday,16:00 - 17:59,PM peak / evening commute,True,False,True,True
1351107,Injury,Serious Injury,2024,2024,March,Monday,18:00 - 19:59,MEDCALF,ST,0,Right on the spot,NUMBER 126,HN,WARNERS BAY,674.0,No,Not a school zone,2-way undivided,-32.96799,151.640758,Lake Macquarie,Newcastle met. area,Syd-Newc-Woll Gtr conurbation,Straight,Painted double centre lines,,,Off,Sealed,Dry,Fine,Daylight,Nil,No traffic controls,60 km/h,State,73,Off rd rght => obj,704,Right off cway into obj,,Vehicle - Object,4 wheel drive / SUV,,1,0,1,0,0,3,March,Autumn,Monday,18:00 - 19:59,PM peak / evening commute,True,False,True,True
1351108,Injury,Moderate Injury,2024,2024,February,Sunday,10:00 - 11:59,MASON,PL,0,Right on the spot,NUMBER 2,HN,BONNYRIGG,,No,Not a school zone,2-way undivided,-33.892921,150.897875,Fairfield,Sydney metro. area,Syd-Newc-Woll Gtr conurbation,Straight,Steep grade,,,Nil,Sealed,Dry,Fine,Daylight,Nil,No traffic controls,50 km/h,Local,3,Ped on carriageway,4,Ped - On carriageway,,Vehicle - Pedestrian,Car (sedan/hatch),Pedestrian,3,0,0,1,0,2,February,Summer,Sunday,10:00 - 11:59,Midday / afternoon,False,False,True,True
1351109,Injury,Serious Injury,2024,2024,March,Monday,06:00 - 07:59,GREAT WESTERN,HWY,0,Right on the spot,COURALLIE,AVE,HOMEBUSH WEST,5.0,No,Not a school zone,T-junction,-33.857788,151.067924,Strathfield,Sydney metro. area,Syd-Newc-Woll Gtr conurbation,Straight,,,,Off,Sealed,Dry,Fine,Daylight,Nil,Give way sign,60 km/h,State,21,Right through,202,Opp - Right-thru,,Other angle,4 wheel drive / SUV,Motorcycle,2,0,1,0,0,3,March,Autumn,Monday,06:00 - 07:59,AM peak / school commute,True,False,True,True
1351114,Injury,Moderate Injury,2024,2024,March,Wednesday,12:00 - 13:59,TRIDA,RD,2000,East,IVANHOE,RD,IVANHOE,,No,Not a school zone,2-way undivided,-32.890284,144.371863,Central Darling,Country non-urban,Rest of NSW - Rural,Straight,Stock grid/gate/crossing,,,Nil,Unsealed,Dry,Fine,Daylight,Nil,No traffic controls,100 km/h,Local,67,Struck animal,609,On path - Hit animal,,Vehicle - Animal,Light truck utility(from 2018),,1,0,0,2,0,3,March,Autumn,Wednesday,12:00 - 13:59,Midday / afternoon,False,False,True,True
1351115,Injury,Serious Injury,2024,2024,March,Wednesday,06:00 - 07:59,PEATS RIDGE,RD,50,West,WISEMANS FERRY ROAD,TO,PEATS RIDGE,455.0,No,Not a school zone,2-way undivided,-33.309016,151.252313,Central Coast,Country non-urban,Syd-Newc-Woll Gtr conurbation,Straight,,,,Off,Sealed,Dry,Fog or mist,Daylight,Nil,No traffic controls,100 km/h,Regional,67,Struck animal,609,On path - Hit animal,,Vehicle - Animal,Motorcycle,,1,0,1,0,0,3,March,Autumn,Wednesday,06:00 - 07:59,AM peak / school commute,True,False,True,True
1351116,Injury,Moderate Injury,2024,2024,March,Saturday,08:00 - 09:59,BINGARA,RD,200,East,SAWN ROCKS PICNIC AREA,OT,NARRABRI,133.0,No,Not a school zone,2-way undivided,-30.142625,150.053887,Narrabri,Country non-urban,Rest of NSW - Rural,Curved,Steep grade,,,Nil,Sealed,Dry,Fine,Daylight,Nil,No traffic controls,100 km/h,Regional,66,Object on road,607,On path - Hit temp object,,Vehicle - Object,Motorcycle,,1,0,0,1,0,3,March,Autumn,Saturday,08:00 - 09:59,AM peak / school commute,True,False,True,True
1351118,Injury,Serious Injury,2024,2024,March,Friday,12:00 - 13:59,WISEMANS FERRY,RD,0,Right on the spot,PEATS RIDGE ROAD,TU,CENTRAL MANGROVE,225.0,No,Not a school zone,2-way undivided,-33.310738,151.257137,Central Coast,Country urban,Syd-Newc-Woll Gtr conurbation,Curved,Other bridge,,,Nil,Sealed,Dry,Fine,Daylight,Nil,No traffic controls,80 km/h,Regional,87,Off lft/lft bnd=>obj,804,Off left bend into obj,Left,Vehicle - Object,Light truck,,1,0,1,0,0,3,March,Autumn,Friday,12:00 - 13:59,Midday / afternoon,False,False,True,True
1351122,Injury,Moderate Injury,2024,2024,March,Saturday,18:00 - 19:59,AVOCA,ST,20,North,SHORT,ST,RANDWICK,660.0,Yes,No,2-way undivided,-33.915723,151.241484,Randwick,Sydney metro. area,Syd-Newc-Woll Gtr conurbation,Straight,Painted double centre lines,,,On,Sealed,Dry,Fine,Darkness,Nil,No traffic controls,50 km/h,State,40,U turn,304,Same - U-turn,,Other angle,4 wheel drive / SUV,Motorcycle,2,0,0,2,0,3,March,Autumn,Saturday,18:00 - 19:59,PM peak / evening commute,True,False,True,True
1351123,Injury,Moderate Injury,2024,2024,March,Sunday,12:00 - 13:59,NEWCASTLE,EXP,1000,South,PACIFIC HIGHWAY,OP,COWAN,6003.0,No,Not a school zone,Dual freeway,-33.56781,151.192337,Hornsby,Sydney metro. area,Syd-Newc-Woll Gtr conurbation,Straight,,,,Off,Sealed,Dry,Fine,Daylight,Nil,No traffic controls,110 km/h,State,30,Rear end,301,Same - Rear end,,Rear end,4 wheel drive / SUV,Light truck utility(from 2018),3,0,0,1,0,3,March,Autumn,Sunday,12:00 - 13:59,Midday / afternoon,False,False,True,True
1351125,Injury,Minor/Other Injury,2024,2024,February,Thursday,06:00 - 07:59,GENERAL HOLMES,DR,0,Right on the spot,O'DEA,AVE,KYEEMAGH,194.0,No,Not a school zone,T-junction,-33.948258,151.166094,Bayside,Sydney metro. area,Syd-Newc-Woll Gtr conurbation,Straight,,,,Off,Sealed,Dry,Fine,Daylight,Nil,No traffic controls,70 km/h,State,30,Rear end,301,Same - Rear end,,Rear end,Light truck,Light truck utility(from 2018),2,0,0,0,1,2,February,Summer,Thursday,06:00 - 07:59,AM peak / school commute,True,False,True,True
1351127,Injury,Moderate Injury,2024,2024,March,Tuesday,14:00 - 15:59,CARTER,ST,100,West,NUMBER 19,HN,LIDCOMBE,,No,Not a school zone,2-way undivided,-33.849632,151.056452,Parramatta,Sydney metro. area,Syd-Newc-Woll Gtr conurbation,Straight,Painted double centre lines,,,Nil,Sealed,Dry,Fine,Daylight,Nil,No traffic controls,60 km/h,Local,20,Head on,201,Opp - Head on,,Head-on,Motor scooter,Light truck utility(from 2018),2,0,0,1,0,3,March,Autumn,Tuesday,14:00 - 15:59,Midday / afternoon,False,False,True,True
1351128,Injury,Serious Injury,2024,2024,April,Friday,20:00 - 21:59,CROSS,ST,0,Right on the spot,FRENCH,LANE,KOGARAH,,No,Not a school zone,X-intersection,-33.96292,151.141184,Bayside,Sydney metro. area,Syd-Newc-Woll Gtr conurbation,Straight,,,,On,Sealed,Wet,Raining,Darkness,Nil,Give way sign,50 km/h,Local,10,Cross traffic,101,Adj - Cross traffic,,Right angle,Pedal cycle,Car (sedan/hatch),2,0,1,0,0,4,April,Autumn,Friday,20:00 - 21:59,Evening / night,False,False,True,True
1351130,Injury,Serious Injury,2024,2024,March,Sunday,04:00 - 05:59,MENAI,RD,500,East,AKUNA AVENUE,OP,BANGOR,663.0,No,Not a school zone,Divided road,-34.021772,151.041295,Sutherland,Sydney metro. area,Syd-Newc-Woll Gtr conurbation,Curved,,,,On,Sealed,Wet,Fine,Darkness,Nil,No traffic controls,80 km/h,State,87,Off lft/lft bnd=>obj,804,Off left bend into obj,Left,Vehicle - Object,Car (sedan/hatch),,1,0,2,0,0,3,March,Autumn,Sunday,04:00 - 05:59,Late night / early morning,False,False,True,True
1351131,Injury,Minor/Other Injury,2024,2024,April,Tuesday,14:00 - 15:59,KENNEDY,DR,30,East,DIAMOND,PL,TWEED HEADS,,No,Not a school zone,2-way undivided,-28.186941,153.528531,Tweed,Country urban,Rest of NSW - Urban,Straight,Driveway/entrance,,,Nil,Sealed,Dry,Fine,Daylight,Nil,No traffic controls,50 km/h,Local,53,Overtake turning,506,Ovtak - Overtaking right turn,,Other angle,Motorcycle,4 wheel drive / SUV,2,0,0,0,1,4,April,Autumn,Tuesday,14:00 - 15:59,Midday / afternoon,False,False,True,True
1351132,Injury,Moderate Injury,2024,2024,April,Tuesday,22:00 - Midnight,HILLVIEW,PDE,0,Right on the spot,NAPIER,AVE,LURNEA,,No,Not a school zone,T-junction,-33.940125,150.895009,Liverpool,Sydney metro. area,Syd-Newc-Woll Gtr conurbation,Straight,,,,Nil,Sealed,Dry,Fine,Darkness,Nil,No traffic controls,50 km/h,Local,10,Cross traffic,101,Adj - Cross traffic,,Right angle,Car (sedan/hatch),4 wheel drive / SUV,2,0,0,1,1,4,April,Autumn,Tuesday,22:00 - Midnight,Evening / night,False,False,True,True
1351133,Injury,Serious Injury,2024,2024,March,Monday,04:00 - 05:59,SEATON,ST,260,West,LONG SWAMP,RD,ARMIDALE,,No,Not a school zone,2-way undivided,-30.535665,151.681676,Armidale Regional,Country urban,Rest of NSW - Urban,Curved,,,,Nil,Sealed,Wet,Fog or mist,Dawn,Nil,No traffic controls,50 km/h,Local,81,Off left/rt bnd=>obj,803,Off right bend into obj,Left,Vehicle - Object,Large rigid,,1,0,1,0,0,3,March,Autumn,Monday,04:00 - 05:59,Late night / early morning,False,False,True,True
1351138,Injury,Moderate Injury,2024,2024,April,Tuesday,16:00 - 17:59,RIVER FOREST,RD,130,West,KINGS,HWY,MONGA,,No,Not a school zone,2-way undivided,-35.543334,149.930653,Queanbeyan-Palerang Regional,Country urban,Rest of NSW - Urban,Straight,Driveway/entrance,,,Nil,Sealed,Dry,Fine,Daylight,Nil,No traffic controls,50 km/h,Local,53,Overtake turning,506,Ovtak - Overtaking right turn,,Other angle,Passenger van,4 wheel drive / SUV,2,0,0,1,0,4,April,Autumn,Tuesday,16:00 - 17:59,PM peak / evening commute,True,False,True,True
1351139,Injury,Serious Injury,2024,2024,March,Saturday,06:00 - 07:59,GREAT WESTERN,HWY,0,Right on the spot,COURLAND,ST,FIVE DOCK,5.0,No,Not a school zone,T-junction,-33.871728,151.124102,Canada Bay,Sydney metro. area,Syd-Newc-Woll Gtr conurbation,Curved,,,,On,Sealed,Dry,Fine,Darkness,Nil,No traffic controls,60 km/h,State,20,Head on,201,Opp - Head on,,Head-on,Car (sedan/hatch),Car (sedan/hatch),2,0,1,0,1,3,March,Autumn,Saturday,06:00 - 07:59,AM peak / school commute,True,False,True,True
1351140,Injury,Minor/Other Injury,2024,2024,March,Saturday,22:00 - Midnight,CUMBERLAND,HWY,100,West,REDBANK,RD,NORTHMEAD,13.0,No,Not a school zone,Divided road,-33.79599,150.98872,Parramatta,Sydney metro. area,Syd-Newc-Woll Gtr conurbation,Straight,,,,On,Sealed,Dry,Fine,Darkness,Nil,No traffic controls,70 km/h,State,30,Rear end,301,Same - Rear end,,Rear end,Light truck utility(from 2018),4 wheel drive / SUV,2,0,0,0,1,3,March,Autumn,Saturday,22:00 - Midnight,Evening / night,False,False,True,True
1351142,Injury,Moderate Injury,2024,2024,March,Friday,14:00 - 15:59,BUNDARBO,RD,979,North,HOPEWOOD,RD,GOBARRALONG,,No,Not a school zone,2-way undivided,-34.860838,148.362631,Cootamundra-Gundagai,Country non-urban,Rest of NSW - Rural,Curved,Steep grade,,,Nil,Sealed,Dry,Fine,Daylight,Nil,No traffic controls,100 km/h,Local,84,Off right/left bend,802,Off cway left bend,Right,Rollover,Motorcycle,,1,0,0,1,0,3,March,Autumn,Friday,14:00 - 15:59,Midday / afternoon,False,False,True,True
1351146,Injury,Serious Injury,2024,2024,April,Tuesday,14:00 - 15:59,PEISLEY,ST,460,South,GARDINER,RD,ORANGE,245.0,No,Not a school zone,2-way undivided,-33.298926,149.100712,Orange,Country urban,Rest of NSW - Urban,Curved,Painted double centre lines,,,Unknown / not stated,Sealed,Unknown,Unknown,Daylight,Nil,No traffic controls,50 km/h,Regional,20,Head on,201,Opp - Head on,,Head-on,Light truck,4 wheel drive / SUV,2,0,2,1,0,4,April,Autumn,Tuesday,14:00 - 15:59,Midday / afternoon,False,False,True,True
1351147,Injury,Moderate Injury,2024,2024,April,Wednesday,06:00 - 07:59,CLONTARF,ST,30,North,MONTAUBAN,AVE,SEAFORTH,397.0,No,Not a school zone,2-way undivided,-33.790999,151.241227,Northern Beaches,Sydney metro. area,Syd-Newc-Woll Gtr conurbation,Straight,,,,On,Sealed,Dry,Fine,Dawn,Nil,No traffic controls,60 km/h,State,71,Off rd left => obj,703,Left off cway into object,,Other angle,Car (sedan/hatch),4 wheel drive / SUV,2,0,0,1,0,4,April,Autumn,Wednesday,06:00 - 07:59,AM peak / school commute,True,False,True,True
1351148,Injury,Serious Injury,2024,2024,April,Thursday,08:00 - 09:59,KAHIBAH,RD,20,South,KAHIBAH,RD,KAHIBAH,,No,Not a school zone,2-way undivided,-32.963002,151.709602,Lake Macquarie,Newcastle met. area,Syd-Newc-Woll Gtr conurbation,Straight,,,,Off,Sealed,Dry,Fine,Daylight,Nil,No traffic controls,60 km/h,Local,0,Ped nearside,1,Ped - Near side,,Vehicle - Pedestrian,4 wheel drive / SUV,Pedestrian,2,0,1,0,0,4,April,Autumn,Thursday,08:00 - 09:59,AM peak / school commute,True,False,True,True
1351150,Injury,Moderate Injury,2024,2024,April,Thursday,14:00 - 15:59,COLLINS,PROM,0,Right on the spot,EAGLEVIEW,RD,INGLEBURN,680.0,No,Not a school zone,T-junction,-34.014347,150.867895,Campbelltown,Sydney metro. area,Syd-Newc-Woll Gtr conurbation,Curved,,,,Nil,Sealed,Dry,Fine,Daylight,Nil,Give way sign,60 km/h,State,21,Right through,202,Opp - Right-thru,,Other angle,Car (sedan/hatch),4 wheel drive / SUV,2,0,0,1,0,4,April,Autumn,Thursday,14:00 - 15:59,Midday / afternoon,False,False,True,True
1351151,Injury,Moderate Injury,2024,2024,April,Saturday,08:00 - 09:59,NEW ENGLAND,HWY,20,South,BLACK MOUNTAIN,RD,BLACK MOUNTAIN,9.0,No,Not a school zone,2-way undivided,-30.3142,151.690186,Armidale Regional,Country non-urban,Rest of NSW - Rural,Straight,Driveway/entrance,,,Nil,Sealed,Dry,Fine,Daylight,Nil,No traffic controls,100 km/h,State,21,Right through,202,Opp - Right-thru,,Other angle,Light truck,Car (sedan/hatch),2,0,0,1,0,4,April,Autumn,Saturday,08:00 - 09:59,AM peak / school commute,True,False,True,True
1351152,Injury,Moderate Injury,2024,2024,March,Thursday,06:00 - 07:59,STONEY CREEK,RD,0,Right on the spot,BEXLEY GOLF CLUB,ENT,KINGSGROVE,665.0,No,Not a school zone,2-way undivided,-33.948832,151.10754,Bayside,Sydney metro. area,Syd-Newc-Woll Gtr conurbation,Straight,Driveway/entrance,,,Nil,Sealed,Dry,Fine,Darkness,Nil,No traffic controls,60 km/h,State,21,Right through,202,Opp - Right-thru,,Other angle,Car (sedan/hatch),Motorcycle,2,0,0,1,0,3,March,Autumn,Thursday,06:00 - 07:59,AM peak / school commute,True,False,True,True
1351158,Injury,Serious Injury,2024,2024,March,Thursday,08:00 - 09:59,BLAND,ST,0,Right on the spot,MITCHELL,ST,CARRAMAR,,No,Not a school zone,T-junction,-33.881048,150.962321,Fairfield,Sydney metro. area,Syd-Newc-Woll Gtr conurbation,Straight,,,,Off,Sealed,Dry,Fine,Daylight,Nil,No traffic controls,50 km/h,Local,13,Right near,104,Adj - Right-thru from right,,Right angle,Large rigid,Motorcycle,2,0,1,0,0,3,March,Autumn,Thursday,08:00 - 09:59,AM peak / school commute,True,False,True,True
1351161,Injury,Serious Injury,2024,2024,April,Wednesday,12:00 - 13:59,RIVER,RD,80,East,SANDY BEACH,LANE,WANTABADGERY,,No,Not a school zone,2-way undivided,-35.063982,147.740612,Junee,Country non-urban,Rest of NSW - Rural,Curved,Embankment/cutting,,,Nil,Sealed,Dry,Fine,Daylight,Nil,No traffic controls,100 km/h,Local,81,Off left/rt bnd=>obj,803,Off right bend into obj,Left,Vehicle - Object,Light truck utility(from 2018),,1,0,1,0,0,4,April,Autumn,Wednesday,12:00 - 13:59,Midday / afternoon,False,False,True,True
1351162,Injury,Moderate Injury,2024,2024,March,Friday,12:00 - 13:59,KANGAROO,LANE,0,Right on the spot,SMITH,ST,MANLY,,No,Not a school zone,T-junction,-33.792435,151.284595,Northern Beaches,Sydney metro. area,Syd-Newc-Woll Gtr conurbation,Curved,,,,Nil,Sealed,Dry,Fine,Daylight,Nil,Stop sign,50 km/h,Local,9,Ped other,0,Ped - other,,Vehicle - Pedestrian,Unknown motor vehicle,Pedestrian,2,0,0,1,0,3,March,Autumn,Friday,12:00 - 13:59,Midday / afternoon,False,False,True,True
1351167,Injury,Serious Injury,2024,2024,April,Saturday,14:00 - 15:59,CASTLEREAGH,HWY,145,North,CULLENBONE,LANE,CULLENBONE,18.0,No,Not a school zone,2-way undivided,-32.496422,149.511911,Mid-Western Regional,Country non-urban,Rest of NSW - Rural,Straight,,,,Nil,Sealed,Wet,Overcast,Daylight,Nil,No traffic controls,100 km/h,State,73,Off rd rght => obj,704,Right off cway into obj,,Vehicle - Object,Car (sedan/hatch),,1,0,1,0,0,4,April,Autumn,Saturday,14:00 - 15:59,Midday / afternoon,False,False,True,True
1351169,Injury,Moderate Injury,2024,2024,April,Wednesday,08:00 - 09:59,WESTERN,EXP,0,Right on the spot,THE NORTHERN ROAD,TO,ORCHARD HILLS,6004.0,No,Not a school zone,Dual freeway,-33.786269,150.710971,Penrith,Sydney metro. area,Syd-Newc-Woll Gtr conurbation,Curved,,,,Off,Sealed,Dry,Fine,Daylight,Nil,No traffic controls,110 km/h,State,35,Lane change left,307,Same - Lane change left,,Other angle,Car (sedan/hatch),Car (sedan/hatch),4,0,0,2,1,4,April,Autumn,Wednesday,08:00 - 09:59,AM peak / school commute,True,False,True,True
1351173,Injury,Serious Injury,2024,2024,April,Friday,14:00 - 15:59,DICK JOHNSON,DR,0,Right on the spot,ORAN PARK,DR,ORAN PARK,,No,Not a school zone,X-intersection,-33.997065,150.73983,Camden,Sydney metro. area,Syd-Newc-Woll Gtr conurbation,Straight,,,,Off,Sealed,Dry,Fine,Daylight,On,No traffic controls,60 km/h,Local,21,Right through,202,Opp - Right-thru,,Other angle,Car (sedan/hatch),4 wheel drive / SUV,2,0,1,1,0,4,April,Autumn,Friday,14:00 - 15:59,Midday / afternoon,False,False,True,True
1351174,Injury,Moderate Injury,2024,2024,April,Saturday,14:00 - 15:59,DAVIES,RD,0,Right on the spot,RYAN,RD,PADSTOW,190.0,No,Not a school zone,X-intersection,-33.953902,151.038107,Canterbury-Bankstown,Sydney metro. area,Syd-Newc-Woll Gtr conurbation,Straight,,Police pursuit,,Nil,Sealed,Dry,Fine,Daylight,On,No traffic controls,70 km/h,State,31,Left rear,302,Same - Rear left,,Rear end,Passenger van,4 wheel drive / SUV,3,0,0,2,0,4,April,Autumn,Saturday,14:00 - 15:59,Midday / afternoon,False,False,True,True
1351178,Injury,Moderate Injury,2024,2024,April,Sunday,10:00 - 11:59,SUNNYHOLT,RD,0,Right on the spot,JAMES COOK,DR,KINGS LANGLEY,642.0,No,Not a school zone,T-junction,-33.74135,150.917543,Blacktown,Sydney metro. area,Syd-Newc-Woll Gtr conurbation,Straight,,,,Off,Sealed,Dry,Fine,Daylight,Off,No traffic controls,70 km/h,State,35,Lane change left,307,Same - Lane change left,,Other angle,4 wheel drive / SUV,4 wheel drive / SUV,2,0,0,1,1,4,April,Autumn,Sunday,10:00 - 11:59,Midday / afternoon,False,False,True,True