crash_id,degree_of_crash,degree_of_crash_-_detailed,reporting_year,year_of_crash,month_of_crash,day_of_week_of_crash,two-hour_intervals,street_of_crash,street_type,distance,direction,identifying_feature,identifying_feature_type,town,route_no.,school_zone_location,school_zone_active,type_of_location,latitude,longitude,lga,urbanisation,conurbation_1,alignment,primary_permanent_feature,primary_temporary_feature,primary_hazardous_feature,street_lighting,road_surface,surface_condition,weather,natural_lighting,signals_operation,other_traffic_control,speed_limit,road_classification_(admin),rum_-_code,rum_-_description,dca_-_code,dca_-_description,dca_supplement,first_impact_type,key_tu_type,other_tu_type,no._of_traffic_units_involved,no._killed,no._seriously_injured,no._moderately_injured,no._minor-other_injured,month_num,month_label,season,day_label,time_label,time_band,is_peak_commute,is_fatal,is_injury,is_casualty
1351179,Injury,Minor/Other Injury,2024,2024,April,Monday,10:00 - 11:59,GREAT WESTERN,HWY,710,North,GIRRAWEEN,DR,MARRANGAROO,5.0,No,Not a school zone,Divided road,-33.452471,150.117116,Lithgow,Country non-urban,Rest of NSW - Rural,Straight,,,,Nil,Sealed,Dry,Fine,Daylight,Nil,No traffic controls,100 km/h,State,34,Lane change right,306,Same - Lane change right,,Other angle,Light truck utility(from 2018),4 wheel drive / SUV,2,0,0,0,1,4,April,Autumn,Monday,10:00 - 11:59,Midday / afternoon,False,False,True,True
1351181,Injury,Moderate Injury,2024,2024,April,Tuesday,06:00 - 07:59,CASTLEREAGH,HWY,0,Right on the spot,SPRINGVALE,LANE,WALLERAWANG,18.0,No,Not a school zone,T-junction,-33.409564,150.098003,Lithgow,Country non-urban,Rest of NSW - Rural,Curved,,,,Off,Sealed,Dry,Fine,Dawn,Nil,Give way sign,100 km/h,State,21,Right through,202,Opp - Right-thru,,Other angle,Light truck utility(from 2018),4 wheel drive / SUV,2,0,0,1,0,4,April,Autumn,Tuesday,06:00 - 07:59,AM peak / school commute,True,False,True,True
1351182,Injury,Serious Injury,2024,2024,April,Wednesday,14:00 - 15:59,PILDRA,PL,40,South,TYALLA,AVE,FRENCHS FOREST,,No,Not a school zone,2-way undivided,-33.757495,151.225568,Northern Beaches,Sydney metro. area,Syd-Newc-Woll Gtr conurbation,Straight,Driveway/entrance,,,Nil,Sealed,Dry,Fine,Daylight,Nil,No traffic controls,50 km/h,Local,46,Reversing into obj,405,Manov - Reverse into fixed obj,,Other angle,Car (sedan/hatch),4 wheel drive / SUV,4,0,1,0,0,4,April,Autumn,Wednesday,14:00 - 15:59,Midday / afternoon,False,False,True,True
1351183,Injury,Serious Injury,2024,2024,March,Friday,10:00 - 11:59,LUXFORD,RD,0,Right on the spot,NUMBER 428,HN,LETHBRIDGE PARK,7161.0,No,Not a school zone,Divided road,-33.734383,150.801029,Blacktown,Sydney metro. area,Syd-Newc-Woll Gtr conurbation,Curved,,,,Off,Sealed,Dry,Fine,Daylight,Nil,No traffic controls,60 km/h,Regional,81,Off left/rt bnd=>obj,803,Off right bend into obj,Left,Other angle,Car (sedan/hatch),Light truck utility(from 2018),2,0,1,0,0,3,March,Autumn,Friday,10:00 - 11:59,Midday / afternoon,False,False,True,True
1351188,Injury,Serious Injury,2024,2024,April,Thursday,06:00 - 07:59,PEATS RIDGE,RD,1000,South,BRIESES,RD,PEATS RIDGE,455.0,No,Not a school zone,2-way undivided,-33.381771,151.2252,Central Coast,Country non-urban,Syd-Newc-Woll Gtr conurbation,Curved,Steep grade,,Slippery surface,Nil,Sealed,Wet,Raining,Daylight,Nil,No traffic controls,100 km/h,Regional,85,Off rt/lft bnd=>obj,804,Off left bend into obj,Right,Vehicle - Object,Light truck,,1,0,2,0,0,4,April,Autumn,Thursday,06:00 - 07:59,AM peak / school commute,True,False,True,True
1351196,Injury,Serious Injury,2024,2024,April,Monday,00:01 - 01:59,NEWCASTLE,EXP,200,East,CUMBERLAND,HWY,WAHROONGA,6003.0,No,Not a school zone,Dual freeway,-33.720445,151.108167,Ku-ring-gai,Sydney metro. area,Syd-Newc-Woll Gtr conurbation,Curved,,Police pursuit,,On,Sealed,Dry,Fine,Darkness,Nil,No traffic controls,60 km/h,State,81,Off left/rt bnd=>obj,803,Off right bend into obj,Left,Vehicle - Object,Car (sedan/hatch),,1,0,1,0,0,4,April,Autumn,Monday,00:01 - 01:59,Late night / early morning,False,False,True,True
1351198,Injury,Serious Injury,2024,2024,March,Wednesday,10:00 - 11:59,CANTERBURY,RD,0,Right on the spot,NUMBER 13-19,HN,CANTERBURY,167.0,No,Not a school zone,2-way undivided,-33.90802,151.125319,Canterbury-Bankstown,Sydney metro. area,Syd-Newc-Woll Gtr conurbation,Straight,Driveway/entrance,,,Off,Sealed,Dry,Fine,Daylight,Nil,No traffic controls,60 km/h,State,37,Left turn sideswipe,309,Same - Left turn side swipe,,Other angle,Light truck utility(from 2018),Motorcycle,2,0,1,0,0,3,March,Autumn,Wednesday,10:00 - 11:59,Midday / afternoon,False,False,True,True
1351201,Injury,Moderate Injury,2024,2024,February,Thursday,20:00 - 21:59,PRINCES,HWY,0,Right on the spot,TERRY,ST,BLAKEHURST,1.0,No,Not a school zone,X-intersection,-33.984026,151.1139,Georges River,Sydney metro. area,Syd-Newc-Woll Gtr conurbation,Straight,,,,On,Sealed,Dry,Fine,Darkness,On,No traffic controls,70 km/h,State,21,Right through,202,Opp - Right-thru,,Other angle,4 wheel drive / SUV,Car (sedan/hatch),2,0,0,1,0,2,February,Summer,Thursday,20:00 - 21:59,Evening / night,False,False,True,True
1351202,Injury,Serious Injury,2024,2024,February,Tuesday,22:00 - Midnight,PACIFIC,HWY,0,Right on the spot,GOORAMA,AVE,BLUE HAVEN,10.0,No,Not a school zone,X-intersection,-33.213716,151.512191,Central Coast,Country urban,Syd-Newc-Woll Gtr conurbation,Straight,,,,On,Sealed,Wet,Overcast,Darkness,On,No traffic controls,70 km/h,State,21,Right through,202,Opp - Right-thru,,Other angle,Station wagon,Car (sedan/hatch),2,0,1,2,2,2,February,Summer,Tuesday,22:00 - Midnight,Evening / night,False,False,True,True
1351204,Injury,Moderate Injury,2024,2024,March,Friday,14:00 - 15:59,LLEWELLYN,ST,30,West,CONCORD,RD,RHODES,,No,Not a school zone,2-way undivided,-33.828784,151.088574,Canada Bay,Sydney metro. area,Syd-Newc-Woll Gtr conurbation,Straight,,,,Off,Sealed,Dry,Fine,Daylight,Nil,No traffic controls,50 km/h,Local,73,Off rd rght => obj,704,Right off cway into obj,,Vehicle - Object,Car (sedan/hatch),,2,0,0,1,1,3,March,Autumn,Friday,14:00 - 15:59,Midday / afternoon,False,False,True,True
1351207,Injury,Serious Injury,2024,2024,April,Monday,10:00 - 11:59,KINGS,RD,30,East,QUEENS,RD,BRIGHTON-LE-SANDS,,No,Not a school zone,2-way undivided,-33.96242,151.152102,Bayside,Sydney metro. area,Syd-Newc-Woll Gtr conurbation,Straight,Driveway/entrance,,,Off,Sealed,Dry,Fine,Daylight,Nil,No traffic controls,50 km/h,Local,71,Off rd left => obj,703,Left off cway into object,,Other angle,Pedal cycle,Light truck utility(from 2018),2,0,1,0,0,4,April,Autumn,Monday,10:00 - 11:59,Midday / afternoon,False,False,True,True
1351210,Injury,Serious Injury,2024,2024,April,Wednesday,10:00 - 11:59,CARLISLE,AVE,0,Right on the spot,NORTH,PDE,MOUNT DRUITT,,No,Not a school zone,T-junction,-33.768785,150.816716,Blacktown,Sydney metro. area,Syd-Newc-Woll Gtr conurbation,Straight,,,,Off,Sealed,Dry,Fine,Daylight,Nil,No traffic controls,50 km/h,Local,73,Off rd rght => obj,704,Right off cway into obj,,Vehicle - Object,Car (sedan/hatch),,1,0,1,0,0,4,April,Autumn,Wednesday,10:00 - 11:59,Midday / afternoon,False,False,True,True
1351211,Injury,Moderate Injury,2024,2024,May,Wednesday,12:00 - 13:59,MACQUARIE,ST,80,North,BULTJE,ST,DUBBO,,No,Not a school zone,Divided road,-32.250192,148.600774,Dubbo Regional,Country urban,Rest of NSW - Urban,Straight,,,,Nil,Sealed,Dry,Fine,Daylight,Nil,Ped crossing,40 km/h,Local,0,Ped nearside,1,Ped - Near side,,Vehicle - Pedestrian,Light truck utility(from 2018),Pedestrian,2,0,0,1,0,5,May,Autumn,Wednesday,12:00 - 13:59,Midday / afternoon,False,False,True,True
1351213,Injury,Moderate Injury,2024,2024,March,Thursday,14:00 - 15:59,GUILDFORD,RD,0,Right on the spot,THE ESPLANADE,MS,GUILDFORD,,No,Not a school zone,T-junction,-33.853203,150.982071,Cumberland,Sydney metro. area,Syd-Newc-Woll Gtr conurbation,Straight,,,,Off,Sealed,Dry,Fine,Daylight,Nil,No traffic controls,50 km/h,Local,13,Right near,104,Adj - Right-thru from right,,Right angle,4 wheel drive / SUV,Motor scooter,2,0,0,1,0,3,March,Autumn,Thursday,14:00 - 15:59,Midday / afternoon,False,False,True,True
1351214,Injury,Moderate Injury,2024,2024,April,Sunday,10:00 - 11:59,MERRYLANDS,RD,0,Right on the spot,CHETWYND,RD,MERRYLANDS,7250.0,Yes,No,T-junction,-33.835083,150.98267,Cumberland,Sydney metro. area,Syd-Newc-Woll Gtr conurbation,Straight,,,,Off,Sealed,Dry,Fine,Daylight,On,No traffic controls,60 km/h,Regional,21,Right through,202,Opp - Right-thru,,Other angle,Unknown motor vehicle,Motorcycle,2,0,0,1,0,4,April,Autumn,Sunday,10:00 - 11:59,Midday / afternoon,False,False,True,True
1351215,Injury,Minor/Other Injury,2024,2024,April,Thursday,06:00 - 07:59,PITTWATER,RD,0,Right on the spot,MONA,ST,MONA VALE,2110.0,Yes,No,Roundabout,-33.670472,151.302293,Northern Beaches,Sydney metro. area,Syd-Newc-Woll Gtr conurbation,Straight,,,,Off,Sealed,Dry,Fine,Daylight,Nil,Give way sign,60 km/h,Regional,21,Right through,202,Opp - Right-thru,,Other angle,Pedal cycle,Car (sedan/hatch),2,0,0,0,1,4,April,Autumn,Thursday,06:00 - 07:59,AM peak / school commute,True,False,True,True
1351217,Injury,Moderate Injury,2024,2024,April,Monday,18:00 - 19:59,NORTHCLIFFE,DR,130,West,KING,ST,WARRAWONG,613.0,No,Not a school zone,Divided road,-34.487184,150.886353,Wollongong,Wollongong met. area,Syd-Newc-Woll Gtr conurbation,Curved,Driveway/entrance,,,On,Sealed,Dry,Overcast,Darkness,Nil,No traffic controls,60 km/h,Regional,47,Emerging from drive,406,Manov - Emerging from driveway,,Right angle,Car (sedan/hatch),Motorcycle,2,0,0,1,0,4,April,Autumn,Monday,18:00 - 19:59,PM peak / evening commute,True,False,True,True
1351219,Injury,Serious Injury,2024,2024,April,Friday,12:00 - 13:59,PRINCES,HWY,4000,South,GLASSHOUSE ROCKS,RD,NAROOMA,1.0,No,Not a school zone,2-way undivided,-36.257953,150.131696,Eurobodalla,Country non-urban,Rest of NSW - Rural,Straight,Painted double centre lines,,,Nil,Sealed,Dry,Overcast,Daylight,Nil,No traffic controls,100 km/h,State,20,Head on,201,Opp - Head on,,Head-on,Station wagon,Light truck utility(from 2018),2,0,2,1,0,4,April,Autumn,Friday,12:00 - 13:59,Midday / afternoon,False,False,True,True
1351220,Injury,Moderate Injury,2024,2024,April,Friday,08:00 - 09:59,PYRMONT BRIDGE,RD,0,Right on the spot,WATTLE,ST,GLEBE,523.0,No,Not a school zone,T-junction,-33.873968,151.19241,Sydney,Sydney metro. area,Syd-Newc-Woll Gtr conurbation,Straight,,,,Off,Sealed,Dry,Fine,Daylight,On,No traffic controls,40 km/h,State,21,Right through,202,Opp - Right-thru,,Other angle,Car (sedan/hatch),Pedal cycle,2,0,0,1,0,4,April,Autumn,Friday,08:00 - 09:59,AM peak / school commute,True,False,True,True
1351221,Injury,Serious Injury,2024,2024,February,Sunday,10:00 - 11:59,ELWINS,RD,0,Right on the spot,WISEMANS FERRY,RD,SOMERSBY,,No,Not a school zone,T-junction,-33.373145,151.288428,Central Coast,Country urban,Syd-Newc-Woll Gtr conurbation,Curved,Embankment/cutting,,,Nil,Sealed,Dry,Fine,Daylight,Nil,No traffic controls,70 km/h,Local,81,Off left/rt bnd=>obj,803,Off right bend into obj,Left,Vehicle - Object,Motorcycle,,1,0,1,0,0,2,February,Summer,Sunday,10:00 - 11:59,Midday / afternoon,False,False,True,True
1351222,Injury,Moderate Injury,2024,2024,April,Tuesday,10:00 - 11:59,CAMDEN,ST,0,Right on the spot,NUMBER 112,HN,FAIRFIELD HEIGHTS,,No,Not a school zone,2-way undivided,-33.867022,150.942212,Fairfield,Sydney metro. area,Syd-Newc-Woll Gtr conurbation,Straight,Driveway/entrance,,,Off,Sealed,Dry,Fine,Daylight,Nil,No traffic controls,50 km/h,Local,42,Leaving parking,401,Manov - Leaving parking,,Other angle,Car (sedan/hatch),Car (sedan/hatch),2,0,0,1,0,4,April,Autumn,Tuesday,10:00 - 11:59,Midday / afternoon,False,False,True,True
1351224,Injury,Serious Injury,2024,2024,April,Thursday,10:00 - 11:59,GEORGE DOWNES,DR,0,Right on the spot,NUMBER 142,HN,CENTRAL MANGROVE,590.0,No,Not a school zone,2-way undivided,-33.282305,151.229012,Central Coast,Country non-urban,Syd-Newc-Woll Gtr conurbation,Straight,Driveway/entrance,,,Nil,Sealed,Dry,Fine,Daylight,Nil,No traffic controls,100 km/h,Regional,47,Emerging from drive,406,Manov - Emerging from driveway,,Right angle,4 wheel drive / SUV,Motorcycle,2,0,1,0,0,4,April,Autumn,Thursday,10:00 - 11:59,Midday / afternoon,False,False,True,True
1351228,Injury,Serious Injury,2024,2024,May,Thursday,16:00 - 17:59,MINMI,RD,50,West,FLETCHER,ST,MARYLAND,,No,Not a school zone,Divided road,-32.8903,151.665094,Newcastle,Newcastle met. area,Syd-Newc-Woll Gtr conurbation,Straight,,,,On,Sealed,Dry,Fine,Darkness,Nil,No traffic controls,60 km/h,Local,74,On road-out of cont.,705,Out of control on cway,,Rollover,Motorcycle,,1,0,1,0,0,5,May,Autumn,Thursday,16:00 - 17:59,PM peak / evening commute,True,False,True,True
1351230,Injury,Moderate Injury,2024,2024,April,Sunday,18:00 - 19:59,ACACIA,AVE,0,Right on the spot,ASH,ST,LEETON,,No,Not a school zone,T-junction,-34.556682,146.402353,Leeton,Country urban,Rest of NSW - Urban,Straight,,,,On,Sealed,Dry,Fine,Darkness,Nil,No traffic controls,50 km/h,Local,32,Right rear,303,Same - Rear right,,Rear end,Car (sedan/hatch),Car (sedan/hatch),2,0,0,1,0,4,April,Autumn,Sunday,18:00 - 19:59,PM peak / evening commute,True,False,True,True
1351238,Injury,Minor/Other Injury,2024,2024,April,Thursday,22:00 - Midnight,YANGA,WAY,5000,North,KYALITE,RD,KYALITE,694.0,No,Not a school zone,2-way undivided,-34.900781,143.496312,Murray River,Country non-urban,Rest of NSW - Rural,Straight,,,,Nil,Sealed,Dry,Fine,Darkness,Nil,No traffic controls,100 km/h,State,67,Struck animal,609,On path - Hit animal,,Vehicle - Animal,4 wheel drive / SUV,,1,0,0,0,2,4,April,Autumn,Thursday,22:00 - Midnight,Evening / night,False,False,True,True
1351239,Injury,Serious Injury,2024,2024,April,Friday,22:00 - Midnight,OXFORD,ST,0,Right on the spot,NUMBER 23,HN,DARLINGHURST,7310.0,No,Not a school zone,2-way undivided,-33.877549,151.213014,Sydney,Sydney metro. area,Syd-Newc-Woll Gtr conurbation,Straight,Foot/cycle path/nature strip,,,On,Sealed,Dry,Unknown,Darkness,Nil,No traffic controls,40 km/h,Regional,6,Ped on footpath,8,Ped - On footway/median,,Vehicle - Pedestrian,Pedal cycle,Pedestrian,2,0,1,0,0,4,April,Autumn,Friday,22:00 - Midnight,Evening / night,False,False,True,True
1351241,Injury,Serious Injury,2024,2024,April,Friday,06:00 - 07:59,EYRE,CRES,0,Right on the spot,RICHARDSON,RD,SAN REMO,,No,Not a school zone,X-intersection,-33.21255,151.525279,Central Coast,Country urban,Syd-Newc-Woll Gtr conurbation,Straight,,,,Nil,Sealed,Dry,Fine,Daylight,Nil,Stop sign,50 km/h,Local,16,Left near,107,Adj - Left-thru from right,,Right angle,Light truck utility(from 2018),Motorcycle,2,0,1,0,0,4,April,Autumn,Friday,06:00 - 07:59,AM peak / school commute,True,False,True,True
1351244,Injury,Minor/Other Injury,2024,2024,April,Tuesday,08:00 - 09:59,JOCELYN,BVD,190,South,BURDEKIN,RD,QUAKERS HILL,,No,Not a school zone,2-way undivided,-33.713882,150.887066,Blacktown,Sydney metro. area,Syd-Newc-Woll Gtr conurbation,Curved,,,,Nil,Sealed,Dry,Fine,Daylight,Nil,No traffic controls,50 km/h,Local,20,Head on,201,Opp - Head on,,Head-on,Station wagon,Car (sedan/hatch),2,0,0,0,2,4,April,Autumn,Tuesday,08:00 - 09:59,AM peak / school commute,True,False,True,True
1351246,Injury,Moderate Injury,2024,2024,April,Thursday,08:00 - 09:59,MARY,ST,0,Right on the spot,TOWNS,ST,SHELLHARBOUR,,Yes,No,Roundabout,-34.577777,150.8657,Shellharbour,Wollongong met. area,Syd-Newc-Woll Gtr conurbation,Straight,,,,Off,Sealed,Dry,Fine,Daylight,Nil,Give way sign,50 km/h,Local,10,Cross traffic,101,Adj - Cross traffic,,Right angle,4 wheel drive / SUV,Pedal cycle,2,0,0,1,0,4,April,Autumn,Thursday,08:00 - 09:59,AM peak / school commute,True,False,True,True
1351247,Injury,Minor/Other Injury,2024,2024,March,Sunday,00:01 - 01:59,BOTANY,RD,0,Right on the spot,BOURKE,ST,ALEXANDRIA,170.0,No,Not a school zone,Multiple intersection,-33.905528,151.202829,Sydney,Sydney metro. area,Syd-Newc-Woll Gtr conurbation,Straight,,,,On,Sealed,Wet,Raining,Darkness,On,No traffic controls,50 km/h,State,21,Right through,202,Opp - Right-thru,,Other angle,Car (sedan/hatch),4 wheel drive / SUV,2,0,0,0,1,3,March,Autumn,Sunday,00:01 - 01:59,Late night / early morning,False,False,True,True
1351252,Injury,Serious Injury,2024,2024,May,Sunday,18:00 - 19:59,ANGUS,RD,0,Right on the spot,CARNARVON,RD,SCHOFIELDS,,No,Not a school zone,T-junction,-33.706082,150.859111,Blacktown,Sydney metro. area,Syd-Newc-Woll Gtr conurbation,Curved,Ditch/drain/culvert,,,Nil,Sealed,Wet,Raining,Darkness,Nil,No traffic controls,60 km/h,Local,87,Off lft/lft bnd=>obj,804,Off left bend into obj,Left,Vehicle - Object,Car (sedan/hatch),,1,0,1,0,0,5,May,Autumn,Sunday,18:00 - 19:59,PM peak / evening commute,True,False,True,True
1351253,Injury,Moderate Injury,2024,2024,April,Thursday,14:00 - 15:59,PORT STEPHENS,DR,0,Right on the spot,SOLDIERS POINT,RD,SALAMANDER BAY,,No,Not a school zone,Roundabout,-32.734761,152.083807,Port Stephens,Country urban,Rest of NSW - Urban,Curved,,,,Off,Sealed,Dry,Fine,Daylight,Nil,Give way sign,50 km/h,Local,37,Left turn sideswipe,309,Same - Left turn side swipe,,Other angle,4 wheel drive / SUV,Pedal cycle,2,0,0,1,0,4,April,Autumn,Thursday,14:00 - 15:59,Midday / afternoon,False,False,True,True
1351256,Injury,Moderate Injury,2024,2024,April,Tuesday,16:00 - 17:59,GERRALE,ST,90,North,LAYCOCK,AVE,CRONULLA,,No,Not a school zone,2-way undivided,-34.055667,151.153378,Sutherland,Sydney metro. area,Syd-Newc-Woll Gtr conurbation,Straight,Foot/cycle path/nature strip,,,Off,Sealed,Dry,Fine,Daylight,Nil,Ped crossing,50 km/h,Local,48,From footpath,408,Manov - From footway,,Other angle,Motorised push scooters,Station wagon,2,0,0,1,0,4,April,Autumn,Tuesday,16:00 - 17:59,PM peak / evening commute,True,False,True,True
1351258,Injury,Serious Injury,2024,2024,May,Monday,14:00 - 15:59,ANNANGROVE,RD,400,North,EDWARDS,RD,ROUSE HILL,7141.0,No,Not a school zone,2-way undivided,-33.65884,150.926932,The Hills,Sydney metro. area,Syd-Newc-Woll Gtr conurbation,Curved,Painted double centre lines,,,Nil,Sealed,Wet,Raining,Daylight,Nil,No traffic controls,70 km/h,Regional,20,Head on,201,Opp - Head on,,Head-on,4 wheel drive / SUV,Light truck,2,0,1,0,0,5,May,Autumn,Monday,14:00 - 15:59,Midday / afternoon,False,False,True,True
1351260,Injury,Moderate Injury,2024,2024,April,Saturday,12:00 - 13:59,CANBERRA,RD,5260,North,BIALA,RD,BIALA,52.0,No,Not a school zone,2-way undivided,-34.589884,149.37423,Upper Lachlan,Country non-urban,Rest of NSW - Rural,Straight,Driveway/entrance,,,Nil,Sealed,Dry,Fine,Daylight,Nil,No traffic controls,100 km/h,Regional,37,Left turn sideswipe,309,Same - Left turn side swipe,,Other angle,Utility,Motorcycle,2,0,0,1,0,4,April,Autumn,Saturday,12:00 - 13:59,Midday / afternoon,False,False,True,True
1351261,Injury,Moderate Injury,2024,2024,January,Thursday,14:00 - 15:59,MERYLA,ST,50,South,ILLAWARRA,HWY,ROBERTSON,,No,Not a school zone,2-way undivided,-34.589658,150.596395,Wingecarribee,Country urban,Rest of NSW - Urban,Straight,,,,Nil,Sealed,Dry,Fine,Daylight,Nil,No traffic controls,50 km/h,Local,71,Off rd left => obj,703,Left off cway into object,,Vehicle - Object,Light truck,,1,0,0,1,0,1,January,Summer,Thursday,14:00 - 15:59,Midday / afternoon,False,False,True,True
1351264,Injury,Moderate Injury,2024,2024,May,Wednesday,12:00 - 13:59,CARRINGTON,RD,10,North,DARLEY,RD,WAVERLEY,660.0,No,Not a school zone,Multiple intersection,-33.903902,151.252874,Waverley,Sydney metro. area,Syd-Newc-Woll Gtr conurbation,Straight,,,,Nil,Sealed,Wet,Raining,Daylight,On,No traffic controls,50 km/h,State,30,Rear end,301,Same - Rear end,,Rear end,Motor scooter,Car (sedan/hatch),2,0,0,1,0,5,May,Autumn,Wednesday,12:00 - 13:59,Midday / afternoon,False,False,True,True
1351265,Injury,Serious Injury,2024,2024,April,Wednesday,10:00 - 11:59,GREAT WESTERN,HWY,200,East,FRENCH,ST,WERRINGTON,5.0,No,Not a school zone,2-way undivided,-33.762623,150.737043,Penrith,Sydney metro. area,Syd-Newc-Woll Gtr conurbation,Straight,Embankment/cutting,,,Nil,Sealed,Dry,Fine,Daylight,Nil,No traffic controls,80 km/h,State,71,Off rd left => obj,703,Left off cway into object,,Vehicle - Object,Car (sedan/hatch),,1,0,1,0,0,4,April,Autumn,Wednesday,10:00 - 11:59,Midday / afternoon,False,False,True,True
1351268,Injury,Serious Injury,2024,2024,April,Sunday,06:00 - 07:59,PACIFIC,HWY,0,Right on the spot,FERNY CREEK,OP,WOOTTON,10.0,No,Not a school zone,Divided road,-32.301322,152.346057,Mid-Coast,Country non-urban,Rest of NSW - Rural,Curved,Underpass/tunnel,,,Off,Sealed,Dry,Fine,Daylight,Nil,No traffic controls,110 km/h,State,69,Other on path,600,On path - Other,,Vehicle - Object,Motorcycle,,1,0,1,0,0,4,April,Autumn,Sunday,06:00 - 07:59,AM peak / school commute,True,False,True,True
1351272,Injury,Serious Injury,2024,2024,May,Wednesday,12:00 - 13:59,WAUKIVORY,RD,850,East,MCKINDLEYS,LANE,GLOUCESTER,,No,Not a school zone,2-way undivided,-32.051731,151.997833,Mid-Coast,Country urban,Rest of NSW - Urban,Curved,Steep grade,,,Nil,Sealed,Dry,Overcast,Daylight,Nil,No traffic controls,80 km/h,Local,85,Off rt/lft bnd=>obj,804,Off left bend into obj,Right,Vehicle - Object,Light truck utility(from 2018),,1,0,1,0,0,5,May,Autumn,Wednesday,12:00 - 13:59,Midday / afternoon,False,False,True,True
1351277,Injury,Minor/Other Injury,2024,2024,April,Sunday,12:00 - 13:59,PACIFIC,HWY,1000,South,TWEED VALLEY,WAY,CHINDERAH,10.0,No,Not a school zone,Divided road,-28.264399,153.526825,Tweed,Country non-urban,Rest of NSW - Rural,Curved,Other bridge,,,Off,Sealed,Dry,Fine,Daylight,Nil,No traffic controls,110 km/h,State,87,Off lft/lft bnd=>obj,804,Off left bend into obj,Left,Vehicle - Object,Passenger van,,1,0,0,0,2,4,April,Autumn,Sunday,12:00 - 13:59,Midday / afternoon,False,False,True,True
1351281,Injury,Minor/Other Injury,2024,2024,April,Saturday,00:01 - 01:59,CANOWINDRA,RD,570,South,MOUNT YORK,RD,CANOWINDRA,310.0,No,Not a school zone,2-way undivided,-33.670343,148.671192,Cowra,Country non-urban,Rest of NSW - Rural,Curved,,,,Nil,Sealed,Dry,Fine,Darkness,Nil,No traffic controls,100 km/h,State,81,Off left/rt bnd=>obj,803,Off right bend into obj,Left,Vehicle - Object,Car (sedan/hatch),,1,0,0,0,1,4,April,Autumn,Saturday,00:01 - 01:59,Late night / early morning,False,False,True,True
1351287,Injury,Serious Injury,2024,2024,April,Friday,18:00 - 19:59,HOMEBUSH BAY,DR,0,Right on the spot,OULTON AVENUE,TO,LIBERTY GROVE,200.0,No,Not a school zone,Divided road,-33.837443,151.083801,Canada Bay,Sydney metro. area,Syd-Newc-Woll Gtr conurbation,Curved,Steep grade,,,On,Sealed,Dry,Fine,Dusk,Nil,No traffic controls,70 km/h,State,33,Lane sideswipe,305,Same - Lane side swipe,,Other angle,Motorcycle,4 wheel drive / SUV,2,0,1,0,0,4,April,Autumn,Friday,18:00 - 19:59,PM peak / evening commute,True,False,True,True
1351293,Injury,Moderate Injury,2024,2024,April,Tuesday,08:00 - 09:59,CARLISLE,AVE,0,Right on the spot,KURRAJONG,AVE,MOUNT DRUITT,629.0,No,Not a school zone,X-intersection,-33.766213,150.816956,Blacktown,Sydney metro. area,Syd-Newc-Woll Gtr conurbation,Straight,,,,Off,Sealed,Dry,Fine,Daylight,On,No traffic controls,60 km/h,State,13,Right near,104,Adj - Right-thru from right,,Right angle,4 wheel drive / SUV,4 wheel drive / SUV,2,0,0,2,0,4,April,Autumn,Tuesday,08:00 - 09:59,AM peak / school commute,True,False,True,True
1351295,Injury,Minor/Other Injury,2024,2024,April,Thursday,18:00 - 19:59,ABERDARE,RD,0,Right on the spot,COLLIERY,ST,ABERDARE,220.0,No,Not a school zone,X-intersection,-32.845084,151.378761,Cessnock,Country urban,Rest of NSW - Urban,Straight,,,,Nil,Sealed,Dry,Fine,Dusk,Nil,Give way sign,60 km/h,State,10,Cross traffic,101,Adj - Cross traffic,,Right angle,Car (sedan/hatch),Motorcycle,2,0,0,0,1,4,April,Autumn,Thursday,18:00 - 19:59,PM peak / evening commute,True,False,True,True
1351297,Injury,Serious Injury,2024,2024,March,Saturday,18:00 - 19:59,EARLWOOD,AVE,0,Right on the spot,HAMILTON,AVE,EARLWOOD,,No,Not a school zone,Roundabout,-33.924068,151.125539,Canterbury-Bankstown,Sydney metro. area,Syd-Newc-Woll Gtr conurbation,Straight,,,,On,Sealed,Dry,Fine,Dusk,Nil,Give way sign,50 km/h,Local,10,Cross traffic,101,Adj - Cross traffic,,Right angle,4 wheel drive / SUV,Motorcycle,2,0,1,0,0,3,March,Autumn,Saturday,18:00 - 19:59,PM peak / evening commute,True,False,True,True
1351298,Injury,Moderate Injury,2024,2024,May,Saturday,08:00 - 09:59,ULAN,RD,150,South,DURRIDGERIE,RD,TURILL,214.0,No,Not a school zone,2-way undivided,-32.171686,149.794801,Mid-Western Regional,Country non-urban,Rest of NSW - Rural,Straight,Embankment/cutting,,,Nil,Sealed,Wet,Raining,Daylight,Nil,No traffic controls,100 km/h,Regional,73,Off rd rght => obj,704,Right off cway into obj,,Vehicle - Object,4 wheel drive / SUV,,1,0,0,1,1,5,May,Autumn,Saturday,08:00 - 09:59,AM peak / school commute,True,False,True,True
1351301,Injury,Minor/Other Injury,2024,2024,May,Monday,10:00 - 11:59,GEORGE,ST,0,Right on the spot,WILLIAM,ST,BOWRAVILLE,,No,Not a school zone,X-intersection,-30.648073,152.855338,Nambucca Valley,Country urban,Rest of NSW - Urban,Straight,Crest,,,Off,Sealed,Dry,Fine,Daylight,Nil,Give way sign,50 km/h,Local,10,Cross traffic,101,Adj - Cross traffic,,Right angle,Car (sedan/hatch),Motorcycle,2,0,0,0,1,5,May,Autumn,Monday,10:00 - 11:59,Midday / afternoon,False,False,True,True