crash_id,degree_of_crash,degree_of_crash_-_detailed,reporting_year,year_of_crash,month_of_crash,day_of_week_of_crash,two-hour_intervals,street_of_crash,street_type,distance,direction,identifying_feature,identifying_feature_type,town,route_no.,school_zone_location,school_zone_active,type_of_location,latitude,longitude,lga,urbanisation,conurbation_1,alignment,primary_permanent_feature,primary_temporary_feature,primary_hazardous_feature,street_lighting,road_surface,surface_condition,weather,natural_lighting,signals_operation,other_traffic_control,speed_limit,road_classification_(admin),rum_-_code,rum_-_description,dca_-_code,dca_-_description,dca_supplement,first_impact_type,key_tu_type,other_tu_type,no._of_traffic_units_involved,no._killed,no._seriously_injured,no._moderately_injured,no._minor-other_injured,month_num,month_label,season,day_label,time_label,time_band,is_peak_commute,is_fatal,is_injury,is_casualty
1351302,Injury,Moderate Injury,2024,2024,April,Saturday,22:00 - Midnight,BORONIA,RD,0,Right on the spot,HILLCREST,AVE,GREENACRE,636.0,No,Not a school zone,X-intersection,-33.905503,151.048036,Canterbury-Bankstown,Sydney metro. area,Syd-Newc-Woll Gtr conurbation,Straight,,,,On,Sealed,Dry,Fine,Darkness,On,No right turn,60 km/h,State,21,Right through,202,Opp - Right-thru,,Other angle,Motorcycle,Motor scooter,2,0,0,1,0,4,April,Autumn,Saturday,22:00 - Midnight,Evening / night,False,False,True,True
1351304,Injury,Serious Injury,2024,2024,May,Tuesday,08:00 - 09:59,FARNELL,ST,0,Right on the spot,NUMBER 47,HN,HUNTERS HILL,,No,Not a school zone,2-way undivided,-33.821907,151.139208,Hunters Hill,Sydney metro. area,Syd-Newc-Woll Gtr conurbation,Straight,Driveway/entrance,,,Nil,Sealed,Wet,Overcast,Daylight,Nil,No traffic controls,50 km/h,Local,53,Overtake turning,506,Ovtak - Overtaking right turn,,Other angle,Motorcycle,Car (sedan/hatch),2,0,1,0,0,5,May,Autumn,Tuesday,08:00 - 09:59,AM peak / school commute,True,False,True,True
1351306,Injury,Moderate Injury,2024,2024,May,Friday,10:00 - 11:59,WARBRO BROOK,RD,0,Right on the spot,NUMBER 704,HN,TOOROOKA,,No,Not a school zone,2-way undivided,-30.914003,152.545173,Kempsey,Country non-urban,Rest of NSW - Rural,Straight,Other bridge,,,Nil,Unsealed,Dry,Fine,Daylight,Nil,No traffic controls,100 km/h,Local,71,Off rd left => obj,703,Left off cway into object,,Vehicle - Object,Motorcycle,,1,0,0,1,0,5,May,Autumn,Friday,10:00 - 11:59,Midday / afternoon,False,False,True,True
1351309,Injury,Serious Injury,2024,2024,April,Wednesday,06:00 - 07:59,PRINCES,HWY,0,Right on the spot,NUDJIA,RD,UNANDERRA,1.0,No,Not a school zone,T-junction,-34.452898,150.846562,Wollongong,Wollongong met. area,Syd-Newc-Woll Gtr conurbation,Straight,,,,Off,Sealed,Dry,Fine,Daylight,Nil,Stop sign,60 km/h,Regional,16,Left near,107,Adj - Left-thru from right,,Right angle,Car (sedan/hatch),4 wheel drive / SUV,3,0,1,2,1,4,April,Autumn,Wednesday,06:00 - 07:59,AM peak / school commute,True,False,True,True
1351312,Injury,Serious Injury,2024,2024,April,Tuesday,16:00 - 17:59,CENTENNIAL,AVE,0,Right on the spot,FINLAYSON,ST,LANE COVE,166.0,No,Not a school zone,T-junction,-33.811163,151.162607,Lane Cove,Sydney metro. area,Syd-Newc-Woll Gtr conurbation,Straight,Steep grade,,,Off,Sealed,Dry,Fine,Daylight,Nil,No right turn,60 km/h,State,34,Lane change right,306,Same - Lane change right,,Other angle,Car (sedan/hatch),Car (sedan/hatch),3,0,1,1,0,4,April,Autumn,Tuesday,16:00 - 17:59,PM peak / evening commute,True,False,True,True
1351314,Injury,Moderate Injury,2024,2024,April,Tuesday,14:00 - 15:59,WANGI,RD,321,East,SUMMERHILL,DR,MYUNA BAY,217.0,No,Not a school zone,Divided road,-33.059789,151.563725,Lake Macquarie,Newcastle met. area,Syd-Newc-Woll Gtr conurbation,Curved,Embankment/cutting,,,Nil,Sealed,Unknown,Unknown,Daylight,Nil,No traffic controls,90 km/h,State,87,Off lft/lft bnd=>obj,804,Off left bend into obj,Left,Vehicle - Object,Car (sedan/hatch),,1,0,0,1,0,4,April,Autumn,Tuesday,14:00 - 15:59,Midday / afternoon,False,False,True,True
1351318,Injury,Serious Injury,2024,2024,May,Wednesday,10:00 - 11:59,WESTERN,EXP,0,Right on the spot,CUMBERLAND HIGHWAY,OP,GREYSTANES,6004.0,No,Not a school zone,Dual freeway,-33.816007,150.963342,Cumberland,Sydney metro. area,Syd-Newc-Woll Gtr conurbation,Straight,Underpass/tunnel,,,Nil,Sealed,Dry,Overcast,Daylight,Nil,No traffic controls,90 km/h,State,73,Off rd rght => obj,704,Right off cway into obj,,Vehicle - Object,Light truck,,1,0,1,0,0,5,May,Autumn,Wednesday,10:00 - 11:59,Midday / afternoon,False,False,True,True
1351319,Injury,Moderate Injury,2024,2024,May,Saturday,18:00 - 19:59,LONDONDERRY,RD,10,South,THOMAS,RD,LONDONDERRY,630.0,No,Not a school zone,T-junction,-33.678376,150.729814,Penrith,Sydney metro. area,Syd-Newc-Woll Gtr conurbation,Straight,,,,On,Sealed,Wet,Fine,Darkness,Nil,No traffic controls,80 km/h,State,20,Head on,201,Opp - Head on,,Head-on,Car (sedan/hatch),Car (sedan/hatch),2,0,0,2,0,5,May,Autumn,Saturday,18:00 - 19:59,PM peak / evening commute,True,False,True,True
1351322,Injury,Serious Injury,2024,2024,February,Saturday,20:00 - 21:59,PRINCES,HWY,10,West,FORMOSA,ST,SYLVANIA,1.0,No,Not a school zone,T-junction,-34.008723,151.103178,Sutherland,Sydney metro. area,Syd-Newc-Woll Gtr conurbation,Curved,,,,On,Sealed,Dry,Fine,Darkness,On,No traffic controls,70 km/h,State,33,Lane sideswipe,305,Same - Lane side swipe,,Other angle,Car (sedan/hatch),4 wheel drive / SUV,2,0,1,0,0,2,February,Summer,Saturday,20:00 - 21:59,Evening / night,False,False,True,True
1351323,Injury,Serious Injury,2024,2024,March,Tuesday,00:01 - 01:59,PARKES,ST,0,Right on the spot,NUMBER 4,HN,HELENSBURGH,,No,Not a school zone,2-way undivided,-34.17763,150.995358,Wollongong,Wollongong met. area,Syd-Newc-Woll Gtr conurbation,Curved,Embankment/cutting,,,Nil,Sealed,Dry,Fine,Darkness,Nil,No traffic controls,50 km/h,Local,85,Off rt/lft bnd=>obj,804,Off left bend into obj,Right,Vehicle - Object,Car (sedan/hatch),,1,0,1,1,0,3,March,Autumn,Tuesday,00:01 - 01:59,Late night / early morning,False,False,True,True
1351331,Injury,Moderate Injury,2024,2024,February,Friday,08:00 - 09:59,BANNA,AVE,70,East,TRANTER,PL,GRIFFITH,80.0,No,Not a school zone,Divided road,-34.288528,146.051418,Griffith,Country urban,Rest of NSW - Urban,Straight,Driveway/entrance,,,Nil,Sealed,Dry,Fine,Daylight,Nil,No traffic controls,50 km/h,State,47,Emerging from drive,406,Manov - Emerging from driveway,,Right angle,Car (sedan/hatch),Pedal cycle,2,0,0,1,0,2,February,Summer,Friday,08:00 - 09:59,AM peak / school commute,True,False,True,True
1351332,Injury,Serious Injury,2024,2024,May,Sunday,12:00 - 13:59,CHAELUNDI,RD,6000,South,OLD GLEN INNES,RD,DALMORTON,,No,Not a school zone,2-way undivided,-29.900027,152.440515,Clarence Valley,Country non-urban,Rest of NSW - Rural,Curved,,,,Nil,Unsealed,Wet,Other,Daylight,Nil,No traffic controls,100 km/h,Local,88,Out of cont on bend,805,Out of control on bend,,Rollover,Motorcycle,,1,0,1,0,0,5,May,Autumn,Sunday,12:00 - 13:59,Midday / afternoon,False,False,True,True
1351335,Injury,Moderate Injury,2024,2024,May,Saturday,08:00 - 09:59,BARRENJOEY,RD,0,Right on the spot,COLES,PDE,NEWPORT,164.0,No,Not a school zone,T-junction,-33.653948,151.321783,Northern Beaches,Sydney metro. area,Syd-Newc-Woll Gtr conurbation,Straight,,,,On,Sealed,Dry,Fine,Daylight,On,Ped crossing,50 km/h,State,2,Ped far side,3,Ped - Far side,,Vehicle - Pedestrian,Car (sedan/hatch),Pedestrian,3,0,0,1,1,5,May,Autumn,Saturday,08:00 - 09:59,AM peak / school commute,True,False,True,True
1351338,Injury,Moderate Injury,2024,2024,April,Friday,12:00 - 13:59,WALDRON,RD,20,East,HECTOR,ST,SEFTON,7102.0,No,Not a school zone,2-way undivided,-33.883745,151.006935,Canterbury-Bankstown,Sydney metro. area,Syd-Newc-Woll Gtr conurbation,Straight,,,,Nil,Sealed,Dry,Fine,Daylight,Nil,No traffic controls,60 km/h,Regional,34,Lane change right,306,Same - Lane change right,,Other angle,Light truck,Car (sedan/hatch),2,0,0,1,0,4,April,Autumn,Friday,12:00 - 13:59,Midday / afternoon,False,False,True,True
1351339,Injury,Serious Injury,2024,2024,April,Saturday,16:00 - 17:59,EUCALYPTUS,DR,0,Right on the spot,FLAME,CRES,MACQUARIE FIELDS,,No,Not a school zone,T-junction,-33.994395,150.894752,Campbelltown,Sydney metro. area,Syd-Newc-Woll Gtr conurbation,Curved,,,,Off,Sealed,Dry,Fine,Daylight,Nil,No traffic controls,50 km/h,Local,88,Out of cont on bend,805,Out of control on bend,,Rollover,Motorcycle,,1,0,1,0,0,4,April,Autumn,Saturday,16:00 - 17:59,PM peak / evening commute,True,False,True,True
1351341,Injury,Moderate Injury,2024,2024,April,Saturday,20:00 - 21:59,BECKINGHAM,RD,120,East,BENJAMIN,CL,TUMBI UMBI,,No,Not a school zone,2-way undivided,-33.359831,151.436545,Central Coast,Country urban,Syd-Newc-Woll Gtr conurbation,Curved,,,Loose gravel shoulder,Nil,Sealed,Dry,Fine,Darkness,Nil,No traffic controls,50 km/h,Local,81,Off left/rt bnd=>obj,803,Off right bend into obj,Left,Vehicle - Object,Car (sedan/hatch),,1,0,0,2,1,4,April,Autumn,Saturday,20:00 - 21:59,Evening / night,False,False,True,True
1351342,Injury,Serious Injury,2024,2024,March,Saturday,08:00 - 09:59,KINGSWAY,MS,0,Right on the spot,SYLVANIA,RD,MIRANDA,227.0,No,Not a school zone,X-intersection,-34.033118,151.092498,Sutherland,Sydney metro. area,Syd-Newc-Woll Gtr conurbation,Straight,,,,Off,Sealed,Dry,Fine,Daylight,On,No traffic controls,60 km/h,State,30,Rear end,301,Same - Rear end,,Rear end,Car (sedan/hatch),Car (sedan/hatch),2,0,1,0,1,3,March,Autumn,Saturday,08:00 - 09:59,AM peak / school commute,True,False,True,True
1351343,Injury,Serious Injury,2024,2024,April,Wednesday,04:00 - 05:59,RAILWAY,ST,500,East,EAST,ST,LIDCOMBE,2057.0,No,Not a school zone,2-way undivided,-33.864868,151.053351,Cumberland,Sydney metro. area,Syd-Newc-Woll Gtr conurbation,Straight,,,,Nil,Sealed,Dry,Fine,Darkness,Nil,No traffic controls,60 km/h,Regional,30,Rear end,301,Same - Rear end,,Rear end,Car (sedan/hatch),Large rigid,2,0,1,0,0,4,April,Autumn,Wednesday,04:00 - 05:59,Late night / early morning,False,False,True,True
1351344,Injury,Moderate Injury,2024,2024,April,Friday,20:00 - 21:59,KING GEORGES,RD,0,Right on the spot,PHILLIP,ST,BLAKEHURST,200.0,Yes,No,T-junction,-33.987017,151.110904,Georges River,Sydney metro. area,Syd-Newc-Woll Gtr conurbation,Straight,,,,On,Sealed,Dry,Unknown,Darkness,On,No traffic controls,70 km/h,State,30,Rear end,301,Same - Rear end,,Rear end,Car (sedan/hatch),Car (sedan/hatch),3,0,0,1,0,4,April,Autumn,Friday,20:00 - 21:59,Evening / night,False,False,True,True
1351346,Injury,Moderate Injury,2024,2024,April,Saturday,16:00 - 17:59,COWPER,ST,0,Right on the spot,GIPPS,ST,TAREE,,No,Not a school zone,T-junction,-31.899356,152.484898,Mid-Coast,Country urban,Rest of NSW - Urban,Straight,,,,Nil,Sealed,Dry,Fine,Daylight,Nil,Give way sign,50 km/h,Local,21,Right through,202,Opp - Right-thru,,Other angle,4 wheel drive / SUV,Station wagon,3,0,0,2,0,4,April,Autumn,Saturday,16:00 - 17:59,PM peak / evening commute,True,False,True,True
1351349,Injury,Moderate Injury,2024,2024,May,Wednesday,16:00 - 17:59,MANNING RIVER,DR,0,Right on the spot,GLENTHORNE,RD,GLENTHORNE,7776.0,No,Not a school zone,Roundabout,-31.939944,152.471826,Mid-Coast,Country urban,Rest of NSW - Urban,Curved,Steep grade,,,Off,Sealed,Wet,Raining,Dusk,Nil,Give way sign,70 km/h,Regional,47,Emerging from drive,406,Manov - Emerging from driveway,,Right angle,4 wheel drive / SUV,Pedal cycle,2,0,0,1,0,5,May,Autumn,Wednesday,16:00 - 17:59,PM peak / evening commute,True,False,True,True
1351350,Injury,Minor/Other Injury,2024,2024,April,Friday,20:00 - 21:59,MT OUSLEY,RD,0,Right on the spot,OLD PRINCES,HWY,FAIRY MEADOW,95.0,No,Not a school zone,Roundabout,-34.402871,150.891207,Wollongong,Wollongong met. area,Syd-Newc-Woll Gtr conurbation,Straight,,,,On,Sealed,Dry,Fine,Darkness,Nil,Give way sign,60 km/h,State,11,Right far,102,Adj - Right-thru from left,,Right angle,Car (sedan/hatch),Car (sedan/hatch),2,0,0,0,1,4,April,Autumn,Friday,20:00 - 21:59,Evening / night,False,False,True,True
1351356,Injury,Serious Injury,2024,2024,May,Monday,22:00 - Midnight,GREAT WESTERN,HWY,0,Right on the spot,BENNETT,RD,COLYTON,5.0,No,Not a school zone,T-junction,-33.774925,150.794012,Penrith,Sydney metro. area,Syd-Newc-Woll Gtr conurbation,Straight,,,,On,Sealed,Wet,Raining,Darkness,On,No traffic controls,60 km/h,State,21,Right through,202,Opp - Right-thru,,Other angle,Car (sedan/hatch),Car (sedan/hatch),2,0,1,0,0,5,May,Autumn,Monday,22:00 - Midnight,Evening / night,False,False,True,True
1351357,Injury,Serious Injury,2024,2024,May,Monday,18:00 - 19:59,WIMBLEDON,RD,1000,West,TRUNKEY,RD,GEORGES PLAINS,,No,Not a school zone,2-way undivided,-33.525206,149.478146,Bathurst Regional,Country non-urban,Rest of NSW - Rural,Straight,,,,Nil,Sealed,Dry,Fine,Darkness,Nil,No traffic controls,100 km/h,Local,67,Struck animal,609,On path - Hit animal,,Vehicle - Animal,Motorcycle,,1,0,1,0,0,5,May,Autumn,Monday,18:00 - 19:59,PM peak / evening commute,True,False,True,True
1351359,Injury,Moderate Injury,2024,2024,May,Thursday,16:00 - 17:59,COBBADAH,RD,180,South,KYWARRA,RD,DINOGA,63.0,No,Not a school zone,2-way undivided,-29.992409,150.595378,Gwydir,Country non-urban,Rest of NSW - Rural,Curved,,,,Nil,Sealed,Dry,Fine,Daylight,Nil,No traffic controls,100 km/h,State,80,Off left/right bend,801,Off cway right bend,Left,Rollover,B-double (road train prior 98),,1,0,0,1,0,5,May,Autumn,Thursday,16:00 - 17:59,PM peak / evening commute,True,False,True,True
1351362,Injury,Moderate Injury,2024,2024,April,Friday,14:00 - 15:59,CITY WEST LINK,RD,100,East,BOOMERANG,ST,HABERFIELD,650.0,No,Not a school zone,Divided road,-33.870205,151.147098,Inner West,Sydney metro. area,Syd-Newc-Woll Gtr conurbation,Curved,,,,Off,Sealed,Wet,Raining,Daylight,Nil,No traffic controls,60 km/h,State,88,Out of cont on bend,805,Out of control on bend,,Rollover,Motorcycle,,1,0,0,1,0,4,April,Autumn,Friday,14:00 - 15:59,Midday / afternoon,False,False,True,True
1351364,Injury,Moderate Injury,2024,2024,April,Friday,10:00 - 11:59,MITCHELL,HWY,5000,South,EULOMOGO,RD,DUBBO,7.0,No,Not a school zone,2-way undivided,-32.305132,148.714372,Dubbo Regional,Country non-urban,Rest of NSW - Rural,Straight,,,Flooded/submerged,Nil,Sealed,Wet,Raining,Daylight,Nil,No traffic controls,110 km/h,State,73,Off rd rght => obj,704,Right off cway into obj,,Vehicle - Object,Utility,,1,0,0,1,0,4,April,Autumn,Friday,10:00 - 11:59,Midday / afternoon,False,False,True,True
1351365,Injury,Serious Injury,2024,2024,April,Wednesday,06:00 - 07:59,ROBERTS,RD,0,Right on the spot,ROBERTS,RD,GREENACRE,200.0,No,Not a school zone,T-junction,-33.915768,151.062943,Canterbury-Bankstown,Sydney metro. area,Syd-Newc-Woll Gtr conurbation,Curved,,,,Off,Sealed,Dry,Fine,Daylight,On,No traffic controls,60 km/h,State,21,Right through,202,Opp - Right-thru,,Other angle,Car (sedan/hatch),Light truck utility(from 2018),2,0,1,2,0,4,April,Autumn,Wednesday,06:00 - 07:59,AM peak / school commute,True,False,True,True
1351366,Injury,Moderate Injury,2024,2024,April,Monday,14:00 - 15:59,NEW ENGLAND,HWY,0,Right on the spot,BOURKE,ST,GLEN INNES,9.0,No,Not a school zone,X-intersection,-29.73946,151.737903,Glen Innes Severn,Country urban,Rest of NSW - Urban,Straight,,,,Off,Sealed,Dry,Fine,Daylight,Nil,Give way sign,60 km/h,State,21,Right through,202,Opp - Right-thru,,Other angle,Car (sedan/hatch),Pedal cycle,2,0,0,1,0,4,April,Autumn,Monday,14:00 - 15:59,Midday / afternoon,False,False,True,True
1351370,Injury,Moderate Injury,2024,2024,May,Tuesday,14:00 - 15:59,PACIFIC,HWY,1000,South,CORKWOOD ROAD,TO,NAMBUCCA HEADS,10.0,No,Not a school zone,Divided road,-30.639858,152.972847,Nambucca Valley,Country non-urban,Rest of NSW - Rural,Curved,,,Flooded/submerged,Nil,Sealed,Wet,Raining,Daylight,Nil,No traffic controls,110 km/h,State,83,Off rt/rt bnd=>obj,803,Off right bend into obj,Right,Vehicle - Object,Car (sedan/hatch),,1,0,0,1,0,5,May,Autumn,Tuesday,14:00 - 15:59,Midday / afternoon,False,False,True,True
1351372,Injury,Moderate Injury,2024,2024,May,Monday,04:00 - 05:59,PEARSONS,LANE,500,North,BELMORE FALLS,RD,WILDES MEADOW,,No,Not a school zone,2-way undivided,-34.608974,150.536033,Wingecarribee,Country urban,Rest of NSW - Urban,Straight,,,,Nil,Sealed,Dry,Fog or mist,Dawn,Nil,No traffic controls,80 km/h,Local,66,Object on road,607,On path - Hit temp object,,Vehicle - Object,Light truck utility(from 2018),,1,0,0,1,0,5,May,Autumn,Monday,04:00 - 05:59,Late night / early morning,False,False,True,True
1351375,Injury,Moderate Injury,2024,2024,May,Saturday,14:00 - 15:59,HUE HUE,RD,100,South,KIAR RIDGE,RD,JILLIBY,,No,Not a school zone,2-way undivided,-33.214732,151.427855,Central Coast,Country urban,Syd-Newc-Woll Gtr conurbation,Straight,Steep grade,Roadwks/Detour/Diverson,,Off,Sealed,Dry,Overcast,Daylight,Nil,No traffic controls,60 km/h,Local,73,Off rd rght => obj,704,Right off cway into obj,,Vehicle - Object,4 wheel drive / SUV,,1,0,0,2,0,5,May,Autumn,Saturday,14:00 - 15:59,Midday / afternoon,False,False,True,True
1351376,Injury,Minor/Other Injury,2024,2024,March,Sunday,18:00 - 19:59,PACIFIC,HWY,0,Right on the spot,GREENWICH,RD,GREENWICH,10.0,No,Not a school zone,T-junction,-33.824401,151.187945,Lane Cove,Sydney metro. area,Syd-Newc-Woll Gtr conurbation,Curved,,,,Off,Sealed,Dry,Fine,Daylight,On,No traffic controls,60 km/h,State,21,Right through,202,Opp - Right-thru,,Other angle,Car (sedan/hatch),Light truck utility(from 2018),2,0,0,0,1,3,March,Autumn,Sunday,18:00 - 19:59,PM peak / evening commute,True,False,True,True
1351380,Injury,Moderate Injury,2024,2024,March,Monday,16:00 - 17:59,ENMORE,RD,0,Right on the spot,REIBY,ST,NEWTOWN,167.0,No,Not a school zone,T-junction,-33.898665,151.175218,Inner West,Sydney metro. area,Syd-Newc-Woll Gtr conurbation,Straight,Foot/cycle path/nature strip,,,Nil,Sealed,Dry,Fine,Daylight,Nil,Give way sign,40 km/h,State,48,From footpath,408,Manov - From footway,,Other angle,Pedal cycle,Passenger van,2,0,0,1,0,3,March,Autumn,Monday,16:00 - 17:59,PM peak / evening commute,True,False,True,True
1351389,Injury,Minor/Other Injury,2024,2024,May,Sunday,12:00 - 13:59,FIELDS,RD,0,Right on the spot,MACQUARIE,RD,MACQUARIE FIELDS,7198.0,Yes,No,Roundabout,-33.993978,150.881759,Campbelltown,Sydney metro. area,Syd-Newc-Woll Gtr conurbation,Curved,,,,Off,Sealed,Wet,Raining,Daylight,Nil,Give way sign,60 km/h,Regional,21,Right through,202,Opp - Right-thru,,Other angle,Car (sedan/hatch),4 wheel drive / SUV,2,0,0,0,1,5,May,Autumn,Sunday,12:00 - 13:59,Midday / afternoon,False,False,True,True
1351390,Injury,Moderate Injury,2024,2024,May,Tuesday,16:00 - 17:59,SOUTH WESTERN,EXP,25,West,HEATHCOTE,RD,MOOREBANK,6005.0,No,Not a school zone,Other,-33.941668,150.941848,Liverpool,Sydney metro. area,Syd-Newc-Woll Gtr conurbation,Straight,Steep grade,,,On,Sealed,Wet,Raining,Darkness,Nil,No traffic controls,60 km/h,State,30,Rear end,301,Same - Rear end,,Rear end,Motorcycle,Unknown motor vehicle,2,0,0,1,0,5,May,Autumn,Tuesday,16:00 - 17:59,PM peak / evening commute,True,False,True,True
1351392,Injury,Moderate Injury,2024,2024,April,Wednesday,14:00 - 15:59,NARELLAN,RD,50,East,KENNY HILL,RD,CURRANS HILL,178.0,No,Not a school zone,Divided road,-34.058299,150.779701,Camden,Sydney metro. area,Syd-Newc-Woll Gtr conurbation,Straight,,,,Nil,Sealed,Dry,Fine,Daylight,Nil,No traffic controls,80 km/h,State,30,Rear end,301,Same - Rear end,,Rear end,Utility,Unknown motor vehicle,3,0,0,1,0,4,April,Autumn,Wednesday,14:00 - 15:59,Midday / afternoon,False,False,True,True
1351394,Injury,Serious Injury,2024,2024,May,Monday,16:00 - 17:59,OXLEY,HWY,700,West,RAWDON ISLAND,RD,SANCROX,11.0,No,Not a school zone,2-way undivided,-31.468334,152.777724,Port Macquarie-Hastings,Country non-urban,Rest of NSW - Rural,Curved,Steep grade,,,Nil,Sealed,Wet,Overcast,Dusk,Nil,No traffic controls,90 km/h,State,88,Out of cont on bend,805,Out of control on bend,,Rollover,Motorcycle,,1,0,1,0,0,5,May,Autumn,Monday,16:00 - 17:59,PM peak / evening commute,True,False,True,True
1351403,Injury,Moderate Injury,2024,2024,May,Wednesday,18:00 - 19:59,OXLEY,HWY,0,Right on the spot,GODDARD,LANE,WESTDALE,11.0,No,Not a school zone,T-junction,-31.080469,150.853195,Tamworth Regional,Country non-urban,Rest of NSW - Rural,Straight,,,,Nil,Sealed,Dry,Fine,Darkness,Nil,Give way sign,100 km/h,State,10,Cross traffic,101,Adj - Cross traffic,,Right angle,Car (sedan/hatch),Car (sedan/hatch),2,0,0,1,0,5,May,Autumn,Wednesday,18:00 - 19:59,PM peak / evening commute,True,False,True,True
1351407,Injury,Minor/Other Injury,2024,2024,March,Saturday,00:01 - 01:59,WEE JASPER,RD,978,South,BLOOMFIELD,RD,BOAMBOLO,278.0,No,Not a school zone,2-way undivided,-34.989584,148.841135,Yass Valley,Country non-urban,Rest of NSW - Rural,Curved,Steep grade,,,Nil,Sealed,Dry,Fine,Darkness,Nil,No traffic controls,100 km/h,Regional,85,Off rt/lft bnd=>obj,804,Off left bend into obj,Right,Vehicle - Object,Light truck utility(from 2018),,1,0,0,0,1,3,March,Autumn,Saturday,00:01 - 01:59,Late night / early morning,False,False,True,True
1351408,Injury,Serious Injury,2024,2024,March,Sunday,10:00 - 11:59,NEW ENGLAND,HWY,0,Right on the spot,METCO SERVICE STATION,ENT,SINGLETON,9.0,No,Not a school zone,2-way undivided,-32.573107,151.182555,Singleton,Country urban,Rest of NSW - Urban,Straight,Driveway/entrance,,,Off,Sealed,Dry,Fine,Daylight,Nil,No traffic controls,50 km/h,State,37,Left turn sideswipe,309,Same - Left turn side swipe,,Other angle,Car (sedan/hatch),Motorcycle,2,0,1,0,0,3,March,Autumn,Sunday,10:00 - 11:59,Midday / afternoon,False,False,True,True
1351409,Injury,Serious Injury,2024,2024,May,Sunday,14:00 - 15:59,HUME,HWY,0,Right on the spot,GLENFIELD,RD,GLENFIELD,2.0,No,Not a school zone,T-junction,-33.95948,150.885372,Campbelltown,Sydney metro. area,Syd-Newc-Woll Gtr conurbation,Straight,,,,On,Sealed,Wet,Fine,Daylight,On,No traffic controls,70 km/h,State,13,Right near,104,Adj - Right-thru from right,,Right angle,Car (sedan/hatch),4 wheel drive / SUV,2,0,1,1,0,5,May,Autumn,Sunday,14:00 - 15:59,Midday / afternoon,False,False,True,True
1351411,Injury,Moderate Injury,2024,2024,March,Thursday,08:00 - 09:59,POUND,ST,10,West,QUEEN,ST,GRAFTON,,No,Not a school zone,Roundabout,-29.687962,152.93223,Clarence Valley,Country urban,Rest of NSW - Urban,Straight,,,,Off,Sealed,Dry,Fine,Daylight,Nil,Give way sign,50 km/h,Local,30,Rear end,301,Same - Rear end,,Rear end,Light truck utility(from 2018),Light truck,3,0,0,1,0,3,March,Autumn,Thursday,08:00 - 09:59,AM peak / school commute,True,False,True,True
1351412,Injury,Moderate Injury,2024,2024,March,Sunday,18:00 - 19:59,FAIRFIELD,ST,0,Right on the spot,THE HORSLEY DRIVE,TO,FAIRFIELD EAST,7232.0,No,Not a school zone,Divided road,-33.869568,150.963114,Fairfield,Sydney metro. area,Syd-Newc-Woll Gtr conurbation,Straight,,,,Off,Sealed,Dry,Fine,Daylight,Unknown / not stated,Ped crossing,60 km/h,Regional,35,Lane change left,307,Same - Lane change left,,Other angle,Car (sedan/hatch),Light truck,2,0,0,2,0,3,March,Autumn,Sunday,18:00 - 19:59,PM peak / evening commute,True,False,True,True
1351413,Injury,Serious Injury,2024,2024,March,Saturday,18:00 - 19:59,BONDI,RD,0,Right on the spot,PARK,PDE,BONDI JUNCTION,172.0,No,Not a school zone,T-junction,-33.893333,151.25973,Waverley,Sydney metro. area,Syd-Newc-Woll Gtr conurbation,Straight,,,,Off,Sealed,Dry,Fine,Daylight,Nil,Give way sign,50 km/h,State,21,Right through,202,Opp - Right-thru,,Other angle,4 wheel drive / SUV,Motor scooter,2,0,1,1,0,3,March,Autumn,Saturday,18:00 - 19:59,PM peak / evening commute,True,False,True,True
1351416,Injury,Moderate Injury,2024,2024,April,Wednesday,10:00 - 11:59,CUMBERLAND,HWY,700,South,NEWCASTLE,EXP,NORMANHURST,13.0,Yes,No,Divided road,-33.723436,151.099999,Hornsby,Sydney metro. area,Syd-Newc-Woll Gtr conurbation,Straight,,,,Off,Sealed,Dry,Fine,Daylight,Nil,No traffic controls,70 km/h,State,30,Rear end,301,Same - Rear end,,Rear end,Large rigid,Car (sedan/hatch),2,0,0,1,0,4,April,Autumn,Wednesday,10:00 - 11:59,Midday / afternoon,False,False,True,True
1351423,Injury,Moderate Injury,2024,2024,April,Thursday,10:00 - 11:59,CAPTAIN COOK,DR,0,Right on the spot,WOOLOOWARE ROAD,TO,WOOLOOWARE,2075.0,Yes,No,Divided road,-34.039329,151.142727,Sutherland,Sydney metro. area,Syd-Newc-Woll Gtr conurbation,Straight,,,,Nil,Sealed,Dry,Fine,Daylight,Nil,Stop sign,70 km/h,Regional,30,Rear end,301,Same - Rear end,,Rear end,4 wheel drive / SUV,Pedal cycle,2,0,0,1,0,4,April,Autumn,Thursday,10:00 - 11:59,Midday / afternoon,False,False,True,True
1351426,Injury,Serious Injury,2024,2024,April,Sunday,10:00 - 11:59,SANDAKAN,CRES,80,South,HALMAHERA,CRES,LETHBRIDGE PARK,,No,Not a school zone,2-way undivided,-33.733576,150.802566,Blacktown,Sydney metro. area,Syd-Newc-Woll Gtr conurbation,Straight,Foot/cycle path/nature strip,,,Off,Sealed,Dry,Fine,Daylight,Nil,No traffic controls,50 km/h,Local,48,From footpath,408,Manov - From footway,,Other angle,Pedal cycle,Car (sedan/hatch),2,0,1,0,0,4,April,Autumn,Sunday,10:00 - 11:59,Midday / afternoon,False,False,True,True
1351427,Injury,Serious Injury,2024,2024,May,Saturday,22:00 - Midnight,CHURCH,ST,0,Right on the spot,BOURKE,ST,NORTH PARRAMATTA,184.0,No,Not a school zone,T-junction,-33.795211,151.001019,Parramatta,Sydney metro. area,Syd-Newc-Woll Gtr conurbation,Straight,,,,On,Sealed,Wet,Raining,Darkness,Nil,No U turn,60 km/h,State,40,U turn,304,Same - U-turn,,Other angle,Car (sedan/hatch),Car (sedan/hatch),2,0,1,0,0,5,May,Autumn,Saturday,22:00 - Midnight,Evening / night,False,False,True,True