crash_id,degree_of_crash,degree_of_crash_-_detailed,reporting_year,year_of_crash,month_of_crash,day_of_week_of_crash,two-hour_intervals,street_of_crash,street_type,distance,direction,identifying_feature,identifying_feature_type,town,route_no.,school_zone_location,school_zone_active,type_of_location,latitude,longitude,lga,urbanisation,conurbation_1,alignment,primary_permanent_feature,primary_temporary_feature,primary_hazardous_feature,street_lighting,road_surface,surface_condition,weather,natural_lighting,signals_operation,other_traffic_control,speed_limit,road_classification_(admin),rum_-_code,rum_-_description,dca_-_code,dca_-_description,dca_supplement,first_impact_type,key_tu_type,other_tu_type,no._of_traffic_units_involved,no._killed,no._seriously_injured,no._moderately_injured,no._minor-other_injured,month_num,month_label,season,day_label,time_label,time_band,is_peak_commute,is_fatal,is_injury,is_casualty
1351429,Injury,Moderate Injury,2024,2024,April,Monday,20:00 - 21:59,GOLDEN,HWY,8800,West,CASSILIS,TN,CASSILIS,27.0,No,Not a school zone,2-way undivided,-32.056323,149.922468,Upper Hunter,Country non-urban,Rest of NSW - Rural,Straight,,,,Nil,Sealed,Dry,Fine,Darkness,Nil,No traffic controls,100 km/h,State,71,Off rd left => obj,703,Left off cway into object,,Vehicle - Object,Car (sedan/hatch),,1,0,0,1,0,4,April,Autumn,Monday,20:00 - 21:59,Evening / night,False,False,True,True
1351431,Injury,Moderate Injury,2024,2024,March,Friday,16:00 - 17:59,HUME,HWY,0,Right on the spot,CHURCH,AVE,ALPINE,2.0,No,Not a school zone,Roundabout,-34.404946,150.50715,Wingecarribee,Country urban,Rest of NSW - Urban,Straight,,,,Nil,Sealed,Dry,Fine,Daylight,Nil,Give way sign,60 km/h,State,32,Right rear,303,Same - Rear right,,Rear end,4 wheel drive / SUV,Car (sedan/hatch),2,0,0,1,0,3,March,Autumn,Friday,16:00 - 17:59,PM peak / evening commute,True,False,True,True
1351432,Injury,Serious Injury,2024,2024,April,Thursday,12:00 - 13:59,FIRE TRAIL,RD,10,South,DEVLIN,RD,CASTLEREAGH,,No,Not a school zone,T-junction,-33.661992,150.701897,Penrith,Sydney metro. area,Syd-Newc-Woll Gtr conurbation,Straight,,,,Nil,Unsealed,Dry,Fine,Daylight,Nil,No traffic controls,50 km/h,Local,74,On road-out of cont.,705,Out of control on cway,,Rollover,Motorcycle,,1,0,1,0,0,4,April,Autumn,Thursday,12:00 - 13:59,Midday / afternoon,False,False,True,True
1351433,Injury,Serious Injury,2024,2024,February,Monday,06:00 - 07:59,BONDS,RD,0,Right on the spot,HANNANS,RD,RIVERWOOD,7006.0,No,Not a school zone,X-intersection,-33.946328,151.059908,Canterbury-Bankstown,Sydney metro. area,Syd-Newc-Woll Gtr conurbation,Straight,,,,Off,Sealed,Dry,Fine,Daylight,On,No traffic controls,50 km/h,Regional,16,Left near,107,Adj - Left-thru from right,,Right angle,Light truck,Light truck,2,0,2,0,0,2,February,Summer,Monday,06:00 - 07:59,AM peak / school commute,True,False,True,True
1351434,Injury,Minor/Other Injury,2024,2024,May,Thursday,10:00 - 11:59,PITTWATER,RD,0,Right on the spot,BUNGAN,LANE,MONA VALE,2110.0,No,Not a school zone,T-junction,-33.676839,151.303734,Northern Beaches,Sydney metro. area,Syd-Newc-Woll Gtr conurbation,Curved,,,,Off,Sealed,Dry,Fine,Daylight,Nil,Stop sign,60 km/h,Regional,0,Ped nearside,1,Ped - Near side,,Vehicle - Pedestrian,Car (sedan/hatch),Pedestrian,2,0,0,0,1,5,May,Autumn,Thursday,10:00 - 11:59,Midday / afternoon,False,False,True,True
1351435,Injury,Minor/Other Injury,2024,2024,April,Friday,06:00 - 07:59,BARRENJOEY,RD,0,Right on the spot,NUMBER 1119,HN,PALM BEACH,164.0,No,Not a school zone,2-way undivided,-33.598466,151.319623,Northern Beaches,Sydney metro. area,Syd-Newc-Woll Gtr conurbation,Straight,Foot/cycle path/nature strip,,,Off,Sealed,Dry,Fine,Daylight,Nil,No traffic controls,40 km/h,State,71,Off rd left => obj,703,Left off cway into object,,Other angle,Light truck utility(from 2018),Light truck utility(from 2018),4,0,0,0,1,4,April,Autumn,Friday,06:00 - 07:59,AM peak / school commute,True,False,True,True
1351441,Injury,Moderate Injury,2024,2024,May,Monday,16:00 - 17:59,INDUSTRIAL,DR,0,Right on the spot,WERRIBI,ST,MAYFIELD WEST,316.0,No,Not a school zone,T-junction,-32.886371,151.728039,Newcastle,Newcastle met. area,Syd-Newc-Woll Gtr conurbation,Straight,,,,On,Sealed,Wet,Overcast,Dusk,On,No traffic controls,80 km/h,State,21,Right through,202,Opp - Right-thru,,Other angle,Station wagon,Car (sedan/hatch),2,0,0,1,1,5,May,Autumn,Monday,16:00 - 17:59,PM peak / evening commute,True,False,True,True
1351443,Injury,Serious Injury,2024,2024,May,Saturday,02:00 - 03:59,COLE,RD,0,Right on the spot,GREEN,ST,WEST TAMWORTH,,No,Not a school zone,X-intersection,-31.108778,150.89162,Tamworth Regional,Country urban,Rest of NSW - Urban,Straight,,,,On,Sealed,Dry,Fine,Darkness,Nil,Give way sign,50 km/h,Local,88,Out of cont on bend,707,Right turn,,Rollover,Motorcycle,,1,0,1,0,0,5,May,Autumn,Saturday,02:00 - 03:59,Late night / early morning,False,False,True,True
1351446,Injury,Serious Injury,2024,2024,April,Saturday,02:00 - 03:59,PRINCES,HWY,600,East,HARDAKERS,RD,BROADWATER,1.0,No,Not a school zone,2-way undivided,-36.982119,149.898687,Bega Valley,Country urban,Rest of NSW - Urban,Curved,Steep grade,,,Nil,Sealed,Dry,Fine,Darkness,Nil,No traffic controls,80 km/h,State,85,Off rt/lft bnd=>obj,804,Off left bend into obj,Right,Vehicle - Object,Car (sedan/hatch),,1,0,1,0,0,4,April,Autumn,Saturday,02:00 - 03:59,Late night / early morning,False,False,True,True
1351448,Injury,Moderate Injury,2024,2024,May,Monday,08:00 - 09:59,NEWCASTLE,EXP,1000,North,WYONG ROAD,OP,MARDI,6003.0,No,Not a school zone,Dual freeway,-33.296142,151.405241,Central Coast,Country non-urban,Syd-Newc-Woll Gtr conurbation,Straight,,,,Off,Sealed,Wet,Raining,Daylight,Nil,No traffic controls,110 km/h,State,30,Rear end,301,Same - Rear end,,Rear end,4 wheel drive / SUV,Light truck utility(from 2018),3,0,0,1,0,5,May,Autumn,Monday,08:00 - 09:59,AM peak / school commute,True,False,True,True
1351453,Injury,Moderate Injury,2024,2024,April,Friday,18:00 - 19:59,NEWCASTLE,EXP,0,Right on the spot,HAWKESBURY REST AREA,OT,MOONEY MOONEY,6003.0,No,Not a school zone,Other,-33.533286,151.199932,Central Coast,Country non-urban,Syd-Newc-Woll Gtr conurbation,Curved,,,,Nil,Sealed,Dry,Fine,Darkness,Nil,No traffic controls,110 km/h,State,0,Ped nearside,1,Ped - Near side,,Vehicle - Pedestrian,4 wheel drive / SUV,Pedestrian,2,0,0,1,0,4,April,Autumn,Friday,18:00 - 19:59,PM peak / evening commute,True,False,True,True
1351454,Injury,Moderate Injury,2024,2024,April,Saturday,14:00 - 15:59,ROOTY HILL,RD,0,Right on the spot,CABLE,PL,EASTERN CREEK,537.0,Yes,No,X-intersection,-33.785897,150.853182,Blacktown,Sydney metro. area,Syd-Newc-Woll Gtr conurbation,Straight,,,,Off,Sealed,Dry,Fine,Daylight,On,No traffic controls,60 km/h,State,21,Right through,202,Opp - Right-thru,,Other angle,4 wheel drive / SUV,Car (sedan/hatch),2,0,0,1,0,4,April,Autumn,Saturday,14:00 - 15:59,Midday / afternoon,False,False,True,True
1351457,Injury,Serious Injury,2024,2024,May,Friday,06:00 - 07:59,PICTON,RD,500,West,MT OUSLEY ROAD,OP,CATARACT,95.0,No,Not a school zone,Divided road,-34.363653,150.854252,Wollongong,Wollongong met. area,Syd-Newc-Woll Gtr conurbation,Curved,Embankment/cutting,,,Nil,Sealed,Wet,Raining,Daylight,Nil,No traffic controls,80 km/h,State,87,Off lft/lft bnd=>obj,804,Off left bend into obj,Left,Vehicle - Object,Large rigid,,1,0,1,0,0,5,May,Autumn,Friday,06:00 - 07:59,AM peak / school commute,True,False,True,True
1351458,Injury,Serious Injury,2024,2024,May,Wednesday,12:00 - 13:59,JOHN,ST,50,North,CALOOL,ST,LIDCOMBE,,No,Not a school zone,2-way undivided,-33.854693,151.04712,Cumberland,Sydney metro. area,Syd-Newc-Woll Gtr conurbation,Straight,,,,On,Sealed,Wet,Raining,Daylight,Nil,No traffic controls,60 km/h,Local,0,Ped nearside,1,Ped - Near side,,Vehicle - Pedestrian,4 wheel drive / SUV,Pedestrian,2,0,1,0,0,5,May,Autumn,Wednesday,12:00 - 13:59,Midday / afternoon,False,False,True,True
1351459,Injury,Moderate Injury,2024,2024,May,Wednesday,18:00 - 19:59,WOLLOMBI,RD,50,East,WESTCOTT,ST,CESSNOCK,181.0,No,Not a school zone,Divided road,-32.83275,151.354488,Cessnock,Country urban,Rest of NSW - Urban,Straight,,,,On,Sealed,Wet,Raining,Darkness,Nil,No traffic controls,60 km/h,Regional,30,Rear end,301,Same - Rear end,,Rear end,Car (sedan/hatch),4 wheel drive / SUV,3,0,0,2,0,5,May,Autumn,Wednesday,18:00 - 19:59,PM peak / evening commute,True,False,True,True
1351461,Injury,Moderate Injury,2024,2024,April,Wednesday,22:00 - Midnight,BALACLAVA,RD,117,West,EPPING,RD,MARSFIELD,2024.0,No,Not a school zone,2-way undivided,-33.778253,151.106961,Ryde,Sydney metro. area,Syd-Newc-Woll Gtr conurbation,Straight,Driveway/entrance,,,On,Sealed,Dry,Fine,Darkness,Nil,No traffic controls,60 km/h,Regional,47,Emerging from drive,406,Manov - Emerging from driveway,,Right angle,Car (sedan/hatch),Motorcycle,2,0,0,1,0,4,April,Autumn,Wednesday,22:00 - Midnight,Evening / night,False,False,True,True
1351464,Injury,Minor/Other Injury,2024,2024,March,Thursday,14:00 - 15:59,ELIZABETH,ST,0,Right on the spot,LETHBRIDGE,DR,NARRANDERA,,Yes,No,X-intersection,-34.742407,146.565432,Narrandera,Country urban,Rest of NSW - Urban,Straight,,,,Off,Sealed,Dry,Fine,Daylight,Nil,Give way sign,50 km/h,Local,0,Ped nearside,1,Ped - Near side,,Vehicle - Pedestrian,Car (sedan/hatch),Pedestrian,2,0,0,0,1,3,March,Autumn,Thursday,14:00 - 15:59,Midday / afternoon,False,False,True,True
1351465,Injury,Minor/Other Injury,2024,2024,April,Friday,22:00 - Midnight,WESTERN,DSTR,0,Right on the spot,YORK,ST,SYDNEY,165.0,No,Not a school zone,X-intersection,-33.863398,151.205372,Sydney,Sydney metro. area,Syd-Newc-Woll Gtr conurbation,Straight,Foot/cycle path/nature strip,,,On,Sealed,Dry,Fine,Darkness,On,Ped crossing,40 km/h,State,48,From footpath,408,Manov - From footway,,Other angle,Pedal cycle,4 wheel drive / SUV,2,0,0,0,1,4,April,Autumn,Friday,22:00 - Midnight,Evening / night,False,False,True,True
1351467,Injury,Minor/Other Injury,2024,2024,April,Monday,16:00 - 17:59,GREAT WESTERN,HWY,0,Right on the spot,FIRST,ST,KINGSWOOD,5.0,No,Not a school zone,X-intersection,-33.765091,150.74569,Penrith,Sydney metro. area,Syd-Newc-Woll Gtr conurbation,Straight,,,,Off,Sealed,Dry,Fine,Daylight,On,No traffic controls,80 km/h,State,30,Rear end,301,Same - Rear end,,Rear end,Car (sedan/hatch),Car (sedan/hatch),2,0,0,0,1,4,April,Autumn,Monday,16:00 - 17:59,PM peak / evening commute,True,False,True,True
1351478,Injury,Moderate Injury,2024,2024,January,Friday,12:00 - 13:59,WESTERN,EXP,600,East,CHURCH,ST,HARRIS PARK,6004.0,No,Not a school zone,Dual freeway,-33.826841,151.011304,Parramatta,Sydney metro. area,Syd-Newc-Woll Gtr conurbation,Curved,,,,Unknown / not stated,Sealed,Wet,Raining,Daylight,Nil,No traffic controls,90 km/h,State,30,Rear end,301,Same - Rear end,,Rear end,Large rigid,Car (sedan/hatch),4,0,0,1,1,1,January,Summer,Friday,12:00 - 13:59,Midday / afternoon,False,False,True,True
1351479,Injury,Minor/Other Injury,2024,2024,March,Saturday,18:00 - 19:59,CRESSY,ST,0,Right on the spot,EMANUEL,LANE,ROSEBERY,,No,Not a school zone,X-intersection,-33.911998,151.202217,Sydney,Sydney metro. area,Syd-Newc-Woll Gtr conurbation,Straight,,,,Unknown / not stated,Sealed,Dry,Fine,Darkness,Nil,Stop sign,40 km/h,Local,10,Cross traffic,101,Adj - Cross traffic,,Right angle,Light truck utility(from 2018),Car (sedan/hatch),2,0,0,0,1,3,March,Autumn,Saturday,18:00 - 19:59,PM peak / evening commute,True,False,True,True
1351481,Injury,Moderate Injury,2024,2024,January,Sunday,16:00 - 17:59,MARYFIELDS,DR,0,Right on the spot,SAINT CATHERINE,CL,BLAIR ATHOL,,No,Not a school zone,T-junction,-34.060133,150.8001,Campbelltown,Sydney metro. area,Syd-Newc-Woll Gtr conurbation,Straight,,,,Unknown / not stated,Sealed,Dry,Fine,Unknown,Nil,No traffic controls,50 km/h,Local,13,Right near,104,Adj - Right-thru from right,,Right angle,Car (sedan/hatch),4 wheel drive / SUV,2,0,0,1,0,1,January,Summer,Sunday,16:00 - 17:59,PM peak / evening commute,True,False,True,True
1351486,Injury,Moderate Injury,2024,2024,April,Friday,10:00 - 11:59,FALCON,ST,0,Right on the spot,MILLER,ST,NORTH SYDNEY,164.0,Yes,No,X-intersection,-33.82892,151.208956,North Sydney,Sydney metro. area,Syd-Newc-Woll Gtr conurbation,Straight,,,,Unknown / not stated,Sealed,Dry,Fine,Daylight,On,No traffic controls,60 km/h,State,10,Cross traffic,101,Adj - Cross traffic,,Right angle,4 wheel drive / SUV,Car (sedan/hatch),2,0,0,1,0,4,April,Autumn,Friday,10:00 - 11:59,Midday / afternoon,False,False,True,True
1351488,Injury,Serious Injury,2024,2024,May,Monday,00:01 - 01:59,OLYMPIC,DR,0,Right on the spot,JOSEPH,ST,LIDCOMBE,190.0,No,Not a school zone,T-junction,-33.869285,151.042523,Cumberland,Sydney metro. area,Syd-Newc-Woll Gtr conurbation,Curved,,,,Unknown / not stated,Sealed,Wet,Raining,Darkness,On,No traffic controls,70 km/h,State,21,Right through,202,Opp - Right-thru,,Other angle,Car (sedan/hatch),Other bus,2,0,1,0,0,5,May,Autumn,Monday,00:01 - 01:59,Late night / early morning,False,False,True,True
1351489,Injury,Minor/Other Injury,2024,2024,May,Wednesday,18:00 - 19:59,HALL,ST,0,Right on the spot,SECOND,ST,WESTON,,No,Not a school zone,X-intersection,-32.813475,151.462082,Cessnock,Country urban,Rest of NSW - Urban,Straight,,,,Unknown / not stated,Sealed,Dry,Fine,Darkness,Nil,Stop sign,50 km/h,Local,12,Left far,103,Adj - Left-thru from left,,Right angle,4 wheel drive / SUV,Car (sedan/hatch),2,0,0,0,1,5,May,Autumn,Wednesday,18:00 - 19:59,PM peak / evening commute,True,False,True,True
1351490,Injury,Moderate Injury,2024,2024,May,Tuesday,10:00 - 11:59,MACLEAY VALLEY,WAY,0,Right on the spot,NUMBER 998,HN,BELLIMBOPINNI,,No,Not a school zone,2-way undivided,-31.020657,152.897326,Kempsey,Country non-urban,Rest of NSW - Rural,Straight,Driveway/entrance,,,Unknown / not stated,Sealed,Wet,Raining,Daylight,Nil,No traffic controls,100 km/h,Local,32,Right rear,303,Same - Rear right,,Rear end,4 wheel drive / SUV,Light truck utility(from 2018),2,0,0,1,0,5,May,Autumn,Tuesday,10:00 - 11:59,Midday / afternoon,False,False,True,True
1351491,Injury,Serious Injury,2024,2024,May,Thursday,08:00 - 09:59,GREAT WESTERN,HWY,250,East,ASHWORTH,DR,KELSO,5.0,No,Not a school zone,Divided road,-33.421021,149.627929,Bathurst Regional,Country urban,Rest of NSW - Urban,Straight,,,,Unknown / not stated,Sealed,Dry,Fine,Daylight,Nil,No traffic controls,80 km/h,State,73,Off rd rght => obj,704,Right off cway into obj,,Vehicle - Object,4 wheel drive / SUV,,1,0,1,0,0,5,May,Autumn,Thursday,08:00 - 09:59,AM peak / school commute,True,False,True,True
1351492,Injury,Moderate Injury,2024,2024,May,Saturday,00:01 - 01:59,OLD WINDSOR,RD,0,Right on the spot,SEVEN HILLS,RD,BELLA VISTA,635.0,No,Not a school zone,X-intersection,-33.758268,150.955369,The Hills,Sydney metro. area,Syd-Newc-Woll Gtr conurbation,Straight,Crest,,,Unknown / not stated,Sealed,Wet,Fine,Darkness,On,No traffic controls,80 km/h,State,21,Right through,202,Opp - Right-thru,,Other angle,4 wheel drive / SUV,Car (sedan/hatch),2,0,0,1,0,5,May,Autumn,Saturday,00:01 - 01:59,Late night / early morning,False,False,True,True
1351493,Injury,Moderate Injury,2024,2024,May,Saturday,08:00 - 09:59,BUNGAN,LANE,35,South,PITTWATER,RD,MONA VALE,,No,Not a school zone,1-way street,-33.67697,151.303433,Northern Beaches,Sydney metro. area,Syd-Newc-Woll Gtr conurbation,Straight,,,,Unknown / not stated,Sealed,Dry,Fine,Daylight,Nil,No traffic controls,40 km/h,Local,44,Parking vehicles,403,Manov - Parking-parked vehicle,,Other angle,Car (sedan/hatch),4 wheel drive / SUV,2,0,0,1,0,5,May,Autumn,Saturday,08:00 - 09:59,AM peak / school commute,True,False,True,True
1351496,Injury,Moderate Injury,2024,2024,April,Thursday,16:00 - 17:59,WESTERN,EXP,3000,East,CUMBERLAND HIGHWAY,OP,GREYSTANES,6004.0,No,Not a school zone,Dual freeway,-33.807604,150.932668,Cumberland,Sydney metro. area,Syd-Newc-Woll Gtr conurbation,Curved,,,,Unknown / not stated,Sealed,Dry,Fine,Daylight,Nil,No traffic controls,100 km/h,State,30,Rear end,301,Same - Rear end,,Rear end,Car (sedan/hatch),4 wheel drive / SUV,3,0,0,1,0,4,April,Autumn,Thursday,16:00 - 17:59,PM peak / evening commute,True,False,True,True
1351497,Injury,Minor/Other Injury,2024,2024,May,Thursday,20:00 - 21:59,TERRIGAL,DR,0,Right on the spot,NUMBER 331,HN,ERINA,505.0,No,Not a school zone,2-way undivided,-33.435579,151.401736,Central Coast,Country urban,Syd-Newc-Woll Gtr conurbation,Straight,Driveway/entrance,,,Unknown / not stated,Sealed,Wet,Raining,Darkness,Nil,No traffic controls,70 km/h,State,49,Other manoeuvring,400,Manov - other,,Other angle,4 wheel drive / SUV,4 wheel drive / SUV,2,0,0,0,1,5,May,Autumn,Thursday,20:00 - 21:59,Evening / night,False,False,True,True
1351501,Injury,Moderate Injury,2024,2024,May,Saturday,12:00 - 13:59,WANGI,RD,10,West,TORONTO GOLF CLUB,CB,TORONTO,217.0,No,Not a school zone,2-way undivided,-33.02912,151.562705,Lake Macquarie,Newcastle met. area,Syd-Newc-Woll Gtr conurbation,Curved,Embankment/cutting,,,Nil,Sealed,Wet,Overcast,Daylight,Nil,No traffic controls,80 km/h,State,85,Off rt/lft bnd=>obj,804,Off left bend into obj,Right,Vehicle - Object,Car (sedan/hatch),,1,0,0,1,0,5,May,Autumn,Saturday,12:00 - 13:59,Midday / afternoon,False,False,True,True
1351502,Injury,Moderate Injury,2024,2024,January,Saturday,12:00 - 13:59,KIORA,RD,0,Right on the spot,WILLOCK,AVE,MIRANDA,7488.0,No,Not a school zone,T-junction,-34.032413,151.103577,Sutherland,Sydney metro. area,Syd-Newc-Woll Gtr conurbation,Straight,,,,Nil,Sealed,Dry,Fine,Daylight,Nil,Give way sign,50 km/h,Regional,13,Right near,104,Adj - Right-thru from right,,Right angle,4 wheel drive / SUV,Car (sedan/hatch),2,0,0,1,0,1,January,Summer,Saturday,12:00 - 13:59,Midday / afternoon,False,False,True,True
1351503,Injury,Minor/Other Injury,2024,2024,May,Sunday,18:00 - 19:59,WARRINGAH,RD,0,Right on the spot,WAKEHURST,PKWY,FRENCHS FOREST,328.0,No,Not a school zone,X-intersection,-33.752636,151.234486,Northern Beaches,Sydney metro. area,Syd-Newc-Woll Gtr conurbation,Straight,,,,On,Sealed,Wet,Raining,Darkness,On,No traffic controls,70 km/h,State,21,Right through,202,Opp - Right-thru,,Other angle,4 wheel drive / SUV,Light truck utility(from 2018),2,0,0,0,1,5,May,Autumn,Sunday,18:00 - 19:59,PM peak / evening commute,True,False,True,True
1351505,Injury,Minor/Other Injury,2024,2024,March,Saturday,16:00 - 17:59,SILVER CITY,HWY,200,East,HOLLANDS LAKE,RD,COOMEALLA,22.0,No,Not a school zone,2-way undivided,-34.109018,142.11517,Wentworth,Country non-urban,Rest of NSW - Rural,Straight,,,,Nil,Sealed,Dry,Fine,Daylight,Nil,No traffic controls,100 km/h,State,71,Off rd left => obj,703,Left off cway into object,,Vehicle - Object,Car (sedan/hatch),,1,0,0,0,1,3,March,Autumn,Saturday,16:00 - 17:59,PM peak / evening commute,True,False,True,True
1351507,Injury,Minor/Other Injury,2024,2024,May,Monday,20:00 - 21:59,EWINGSDALE,RD,0,Right on the spot,NUMBER 249,HN,BYRON BAY,545.0,No,Not a school zone,2-way undivided,-28.637834,153.576083,Byron,Country urban,Rest of NSW - Urban,Straight,,,,Unknown / not stated,Sealed,Wet,Fine,Darkness,Nil,No traffic controls,80 km/h,Regional,39,Other same direction,300,Same - other,,Other angle,Light truck,Car (sedan/hatch),2,0,0,0,1,5,May,Autumn,Monday,20:00 - 21:59,Evening / night,False,False,True,True
1351509,Injury,Minor/Other Injury,2024,2024,May,Saturday,12:00 - 13:59,PALMYRA,AVE,0,Right on the spot,PAPEETE,AVE,LETHBRIDGE PARK,7164.0,No,Not a school zone,T-junction,-33.734646,150.798965,Blacktown,Sydney metro. area,Syd-Newc-Woll Gtr conurbation,Straight,,,,Unknown / not stated,Sealed,Wet,Raining,Daylight,Nil,No traffic controls,60 km/h,Regional,21,Right through,202,Opp - Right-thru,,Other angle,Car (sedan/hatch),Car (sedan/hatch),2,0,0,0,1,5,May,Autumn,Saturday,12:00 - 13:59,Midday / afternoon,False,False,True,True
1351511,Injury,Moderate Injury,2024,2024,May,Monday,14:00 - 15:59,MENDOORAN,RD,40000,North,GOLDEN,HWY,GOONOO FOREST,7519.0,No,Not a school zone,2-way undivided,-31.945259,148.99309,Dubbo Regional,Country non-urban,Rest of NSW - Rural,Straight,,,,Unknown / not stated,Sealed,Dry,Fine,Daylight,Nil,No traffic controls,100 km/h,Regional,72,Off road to right,702,Off carriageway to right,,Rollover,4 wheel drive / SUV,,1,0,0,1,0,5,May,Autumn,Monday,14:00 - 15:59,Midday / afternoon,False,False,True,True
1351515,Injury,Minor/Other Injury,2024,2024,May,Tuesday,08:00 - 09:59,KEIRA,ST,0,Right on the spot,NUMBER 326,HN,WOLLONGONG,,No,Not a school zone,2-way undivided,-34.432409,150.8924,Wollongong,Wollongong met. area,Syd-Newc-Woll Gtr conurbation,Straight,,,,Unknown / not stated,Sealed,Dry,Fine,Daylight,Nil,No traffic controls,50 km/h,Local,20,Head on,201,Opp - Head on,,Head-on,Light truck utility(from 2018),Light truck utility(from 2018),2,0,0,0,1,5,May,Autumn,Tuesday,08:00 - 09:59,AM peak / school commute,True,False,True,True
1351516,Injury,Minor/Other Injury,2024,2024,May,Monday,12:00 - 13:59,KING GEORGES,RD,0,Right on the spot,ROSELAND,AVE,ROSELANDS,200.0,No,Not a school zone,T-junction,-33.93516,151.073712,Canterbury-Bankstown,Sydney metro. area,Syd-Newc-Woll Gtr conurbation,Straight,,,,Unknown / not stated,Sealed,Dry,Fine,Daylight,On,No traffic controls,60 km/h,State,21,Right through,202,Opp - Right-thru,,Other angle,Light truck,Car (sedan/hatch),2,0,0,0,1,5,May,Autumn,Monday,12:00 - 13:59,Midday / afternoon,False,False,True,True
1351521,Injury,Serious Injury,2024,2024,May,Wednesday,14:00 - 15:59,CESSNOCK,RD,30,East,KLINE,ST,WESTON,588.0,No,Not a school zone,2-way undivided,-32.814447,151.456048,Cessnock,Country urban,Rest of NSW - Urban,Straight,,,,Unknown / not stated,Sealed,Dry,Fine,Daylight,Nil,No traffic controls,60 km/h,State,30,Rear end,301,Same - Rear end,,Rear end,Other bus,Passenger van,7,0,1,0,0,5,May,Autumn,Wednesday,14:00 - 15:59,Midday / afternoon,False,False,True,True
1351525,Injury,Moderate Injury,2024,2024,May,Saturday,08:00 - 09:59,MONARO,HWY,5000,North,THE SNOWY RIVER,WAY,ANDO,19.0,No,Not a school zone,2-way undivided,-36.713585,149.272553,Snowy Monaro Regional,Country non-urban,Rest of NSW - Rural,Straight,,,,Unknown / not stated,Sealed,Wet,Raining,Daylight,Nil,No traffic controls,100 km/h,State,70,Off road to left,701,Off carriageway to left,,Rollover,Station wagon,,1,0,0,1,0,5,May,Autumn,Saturday,08:00 - 09:59,AM peak / school commute,True,False,True,True
1351531,Injury,Minor/Other Injury,2024,2024,April,Friday,14:00 - 15:59,HAROLDS CROSS,RD,3000,North,CAPTAINS FLAT,RD,CAPTAINS FLAT,,No,Not a school zone,2-way undivided,-35.582207,149.480607,Queanbeyan-Palerang Regional,Country non-urban,Rest of NSW - Rural,Curved,Ditch/drain/culvert,,,Unknown / not stated,Unsealed,Dry,Fine,Daylight,Nil,No traffic controls,100 km/h,Local,87,Off lft/lft bnd=>obj,804,Off left bend into obj,Left,Vehicle - Object,Motorcycle,,1,0,0,0,1,4,April,Autumn,Friday,14:00 - 15:59,Midday / afternoon,False,False,True,True
1351535,Injury,Minor/Other Injury,2024,2024,April,Tuesday,16:00 - 17:59,CADDIES,BVD,70,South,ROUSE HILL,DR,ROUSE HILL,,No,Not a school zone,2-way undivided,-33.688352,150.92687,The Hills,Sydney metro. area,Syd-Newc-Woll Gtr conurbation,Straight,,,,Unknown / not stated,Sealed,Dry,Fine,Dusk,Nil,No traffic controls,50 km/h,Local,49,Other manoeuvring,400,Manov - other,,Other angle,4 wheel drive / SUV,Light truck,2,0,0,0,1,4,April,Autumn,Tuesday,16:00 - 17:59,PM peak / evening commute,True,False,True,True
1351542,Injury,Minor/Other Injury,2024,2024,May,Wednesday,18:00 - 19:59,GREAT WESTERN,HWY,0,Right on the spot,BRINGELLY,RD,KINGSWOOD,5.0,No,Not a school zone,T-junction,-33.758879,150.720697,Penrith,Sydney metro. area,Syd-Newc-Woll Gtr conurbation,Straight,,,,On,Sealed,Dry,Fine,Darkness,On,No traffic controls,60 km/h,State,21,Right through,202,Opp - Right-thru,,Other angle,Car (sedan/hatch),Motorcycle,2,0,0,0,1,5,May,Autumn,Wednesday,18:00 - 19:59,PM peak / evening commute,True,False,True,True
1351544,Injury,Minor/Other Injury,2024,2024,May,Monday,08:00 - 09:59,BRIDGE,ST,0,Right on the spot,SAMUEL,ST,LIDCOMBE,,No,Not a school zone,T-junction,-33.861957,151.040888,Cumberland,Sydney metro. area,Syd-Newc-Woll Gtr conurbation,Straight,Driveway/entrance,,,Unknown / not stated,Sealed,Wet,Overcast,Daylight,Nil,Give way sign,50 km/h,Local,47,Emerging from drive,406,Manov - Emerging from driveway,,Right angle,Light truck utility(from 2018),4 wheel drive / SUV,2,0,0,0,1,5,May,Autumn,Monday,08:00 - 09:59,AM peak / school commute,True,False,True,True
1351547,Injury,Moderate Injury,2024,2024,May,Monday,08:00 - 09:59,SECOMBE,PL,100,North,ANZAC,RD,MOOREBANK,,No,Not a school zone,2-way undivided,-33.943253,150.926289,Liverpool,Sydney metro. area,Syd-Newc-Woll Gtr conurbation,Straight,,,,Unknown / not stated,Sealed,Wet,Fine,Daylight,Nil,No traffic controls,20 km/h,Local,30,Rear end,301,Same - Rear end,,Rear end,Car (sedan/hatch),Car (sedan/hatch),5,0,0,1,0,5,May,Autumn,Monday,08:00 - 09:59,AM peak / school commute,True,False,True,True
1351549,Injury,Moderate Injury,2024,2024,May,Tuesday,10:00 - 11:59,CARLINGFORD,RD,0,Right on the spot,NUMBER 207,HN,CARLINGFORD,373.0,No,Not a school zone,2-way undivided,-33.776816,151.056017,Parramatta,Sydney metro. area,Syd-Newc-Woll Gtr conurbation,Straight,,,,Unknown / not stated,Sealed,Dry,Fine,Daylight,Nil,No traffic controls,60 km/h,State,30,Rear end,301,Same - Rear end,,Rear end,Car (sedan/hatch),Car (sedan/hatch),2,0,0,1,1,5,May,Autumn,Tuesday,10:00 - 11:59,Midday / afternoon,False,False,True,True