crash_id,degree_of_crash,degree_of_crash_-_detailed,reporting_year,year_of_crash,month_of_crash,day_of_week_of_crash,two-hour_intervals,street_of_crash,street_type,distance,direction,identifying_feature,identifying_feature_type,town,route_no.,school_zone_location,school_zone_active,type_of_location,latitude,longitude,lga,urbanisation,conurbation_1,alignment,primary_permanent_feature,primary_temporary_feature,primary_hazardous_feature,street_lighting,road_surface,surface_condition,weather,natural_lighting,signals_operation,other_traffic_control,speed_limit,road_classification_(admin),rum_-_code,rum_-_description,dca_-_code,dca_-_description,dca_supplement,first_impact_type,key_tu_type,other_tu_type,no._of_traffic_units_involved,no._killed,no._seriously_injured,no._moderately_injured,no._minor-other_injured,month_num,month_label,season,day_label,time_label,time_band,is_peak_commute,is_fatal,is_injury,is_casualty
1351553,Injury,Minor/Other Injury,2024,2024,March,Thursday,06:00 - 07:59,ILLAWONG,DR,0,Right on the spot,JAMES RUSE DRIVE,OP,NORTH PARRAMATTA,,No,Not a school zone,2-way undivided,-33.792534,151.006945,Parramatta,Sydney metro. area,Syd-Newc-Woll Gtr conurbation,Straight,Underpass/tunnel,,,Unknown / not stated,Sealed,Dry,Fine,Dawn,Nil,No traffic controls,50 km/h,Local,30,Rear end,301,Same - Rear end,,Rear end,Light truck utility(from 2018),4 wheel drive / SUV,3,0,0,0,1,3,March,Autumn,Thursday,06:00 - 07:59,AM peak / school commute,True,False,True,True
1351554,Injury,Minor/Other Injury,2024,2024,May,Monday,08:00 - 09:59,AMAROO,AVE,0,Right on the spot,HIGH,ST,STRATHFIELD,,No,Not a school zone,T-junction,-33.889,151.080998,Strathfield,Sydney metro. area,Syd-Newc-Woll Gtr conurbation,Straight,,,,Unknown / not stated,Sealed,Wet,Fine,Daylight,Nil,Give way sign,50 km/h,Local,10,Cross traffic,101,Adj - Cross traffic,,Right angle,Car (sedan/hatch),Car (sedan/hatch),2,0,0,0,1,5,May,Autumn,Monday,08:00 - 09:59,AM peak / school commute,True,False,True,True
1351557,Injury,Moderate Injury,2024,2024,May,Wednesday,14:00 - 15:59,PERCIVAL,RD,0,Right on the spot,WOODPARK,RD,SMITHFIELD,,No,Not a school zone,T-junction,-33.83859,150.950834,Cumberland,Sydney metro. area,Syd-Newc-Woll Gtr conurbation,Straight,,,,Unknown / not stated,Sealed,Dry,Overcast,Daylight,Nil,No traffic controls,60 km/h,Local,21,Right through,202,Opp - Right-thru,,Other angle,Car (sedan/hatch),4 wheel drive / SUV,2,0,0,1,0,5,May,Autumn,Wednesday,14:00 - 15:59,Midday / afternoon,False,False,True,True
1351559,Injury,Minor/Other Injury,2024,2024,March,Saturday,18:00 - 19:59,COMBEWOOD,AVE,0,Right on the spot,THORNTON,DR,PENRITH,,No,Not a school zone,X-intersection,-33.746328,150.695233,Penrith,Sydney metro. area,Syd-Newc-Woll Gtr conurbation,Straight,,,,Off,Sealed,Dry,Fine,Darkness,Nil,Stop sign,50 km/h,Local,10,Cross traffic,101,Adj - Cross traffic,,Right angle,Car (sedan/hatch),4 wheel drive / SUV,3,0,0,0,1,3,March,Autumn,Saturday,18:00 - 19:59,PM peak / evening commute,True,False,True,True
1351561,Injury,Minor/Other Injury,2024,2024,May,Wednesday,12:00 - 13:59,WESTERN,EXP,200,East,BURNETT STREET,TO,MERRYLANDS,6004.0,No,Not a school zone,Dual freeway,-33.826851,150.993829,Parramatta,Sydney metro. area,Syd-Newc-Woll Gtr conurbation,Straight,,,,Unknown / not stated,Sealed,Wet,Raining,Daylight,Nil,No traffic controls,90 km/h,State,30,Rear end,301,Same - Rear end,,Rear end,Car (sedan/hatch),Car (sedan/hatch),2,0,0,0,1,5,May,Autumn,Wednesday,12:00 - 13:59,Midday / afternoon,False,False,True,True
1351562,Injury,Minor/Other Injury,2024,2024,May,Thursday,06:00 - 07:59,MONA VALE,RD,0,Right on the spot,MCCARS CREEK,RD,TERREY HILLS,162.0,No,Not a school zone,T-junction,-33.684,151.229798,Northern Beaches,Sydney metro. area,Syd-Newc-Woll Gtr conurbation,Curved,,,,Unknown / not stated,Sealed,Wet,Fine,Dawn,On,No traffic controls,70 km/h,State,30,Rear end,301,Same - Rear end,,Rear end,Car (sedan/hatch),Light truck utility(from 2018),2,0,0,0,1,5,May,Autumn,Thursday,06:00 - 07:59,AM peak / school commute,True,False,True,True
1351564,Injury,Serious Injury,2024,2024,May,Sunday,00:01 - 01:59,HUME,HWY,100,North,PICTON ROAD,OP,WILTON,2.0,No,Not a school zone,Dual freeway,-34.228905,150.668445,Wollondilly,Country non-urban,Syd-Newc-Woll Gtr conurbation,Curved,,,,Unknown / not stated,Sealed,Wet,Raining,Darkness,Nil,No traffic controls,110 km/h,State,30,Rear end,301,Same - Rear end,,Rear end,4 wheel drive / SUV,Semi-trailer,2,0,1,0,0,5,May,Autumn,Sunday,00:01 - 01:59,Late night / early morning,False,False,True,True
1351567,Injury,Moderate Injury,2024,2024,May,Thursday,06:00 - 07:59,THE NORTHERN,RD,0,Right on the spot,PETER BROCK,DR,ORAN PARK,154.0,No,Not a school zone,X-intersection,-34.006531,150.723744,Camden,Sydney metro. area,Syd-Newc-Woll Gtr conurbation,Straight,,,,Unknown / not stated,Sealed,Wet,Fine,Daylight,On,No traffic controls,80 km/h,State,32,Right rear,303,Same - Rear right,,Rear end,Light truck,Car (sedan/hatch),2,0,0,1,0,5,May,Autumn,Thursday,06:00 - 07:59,AM peak / school commute,True,False,True,True
1351570,Injury,Moderate Injury,2024,2024,April,Saturday,02:00 - 03:59,JUNCTION,RD,0,Right on the spot,NUMBER 234,HN,RUSE,7190.0,No,Not a school zone,Divided road,-34.077094,150.840834,Campbelltown,Sydney metro. area,Syd-Newc-Woll Gtr conurbation,Straight,,,,Unknown / not stated,Sealed,Dry,Fine,Darkness,Nil,No traffic controls,60 km/h,Regional,71,Off rd left => obj,703,Left off cway into object,,Vehicle - Object,Light truck,,1,0,0,1,0,4,April,Autumn,Saturday,02:00 - 03:59,Late night / early morning,False,False,True,True
1351576,Injury,Moderate Injury,2024,2024,May,Tuesday,18:00 - 19:59,ALISON,RD,0,Right on the spot,DARLEY,RD,RANDWICK,327.0,No,Not a school zone,T-junction,-33.906289,151.231145,Randwick,Sydney metro. area,Syd-Newc-Woll Gtr conurbation,Straight,,,,Unknown / not stated,Sealed,Wet,Raining,Darkness,On,No traffic controls,60 km/h,State,30,Rear end,301,Same - Rear end,,Rear end,4 wheel drive / SUV,Motor scooter,2,0,0,1,0,5,May,Autumn,Tuesday,18:00 - 19:59,PM peak / evening commute,True,False,True,True
1351582,Injury,Moderate Injury,2024,2024,May,Friday,06:00 - 07:59,CANTERBURY,RD,0,Right on the spot,PUNCHBOWL,RD,PUNCHBOWL,167.0,No,Not a school zone,X-intersection,-33.932471,151.044852,Canterbury-Bankstown,Sydney metro. area,Syd-Newc-Woll Gtr conurbation,Curved,,,,Unknown / not stated,Sealed,Wet,Other,Dawn,On,No traffic controls,60 km/h,State,20,Head on,201,Opp - Head on,,Head-on,Light truck,Car (sedan/hatch),2,0,0,1,0,5,May,Autumn,Friday,06:00 - 07:59,AM peak / school commute,True,False,True,True
1351583,Injury,Minor/Other Injury,2024,2024,May,Wednesday,04:00 - 05:59,WESTERN,EXP,100,East,PROSPECT HIGHWAY,OP,PROSPECT,6004.0,No,Not a school zone,Dual freeway,-33.805558,150.916968,Blacktown,Sydney metro. area,Syd-Newc-Woll Gtr conurbation,Straight,,,,Unknown / not stated,Sealed,Dry,Fine,Darkness,Nil,No traffic controls,100 km/h,State,30,Rear end,301,Same - Rear end,,Rear end,Large rigid,Light truck utility(from 2018),3,0,0,0,1,5,May,Autumn,Wednesday,04:00 - 05:59,Late night / early morning,False,False,True,True
1351584,Injury,Moderate Injury,2024,2024,May,Wednesday,08:00 - 09:59,GRABBEN GULLEN,RD,13300,North,CULLERIN,RD,MERRILL,52.0,No,Not a school zone,2-way undivided,-34.668223,149.317411,Upper Lachlan,Country non-urban,Rest of NSW - Rural,Curved,,,,Unknown / not stated,Sealed,Wet,Raining,Daylight,Nil,No traffic controls,100 km/h,Regional,81,Off left/rt bnd=>obj,803,Off right bend into obj,Left,Vehicle - Object,Car (sedan/hatch),,1,0,0,1,0,5,May,Autumn,Wednesday,08:00 - 09:59,AM peak / school commute,True,False,True,True
1351586,Injury,Minor/Other Injury,2024,2024,May,Wednesday,12:00 - 13:59,DARGAN,ST,0,Right on the spot,WILLETT,ST,YAGOONA,,No,Not a school zone,X-intersection,-33.907782,151.010716,Canterbury-Bankstown,Sydney metro. area,Syd-Newc-Woll Gtr conurbation,Straight,,,,Unknown / not stated,Sealed,Dry,Fine,Daylight,Nil,Give way sign,50 km/h,Local,10,Cross traffic,101,Adj - Cross traffic,,Right angle,Car (sedan/hatch),Car (sedan/hatch),2,0,0,0,2,5,May,Autumn,Wednesday,12:00 - 13:59,Midday / afternoon,False,False,True,True
1351587,Injury,Minor/Other Injury,2024,2024,February,Monday,22:00 - Midnight,ELIZABETH,ST,0,Right on the spot,THE HORSLEY,DR,WETHERILL PARK,609.0,No,Not a school zone,T-junction,-33.851021,150.899145,Fairfield,Sydney metro. area,Syd-Newc-Woll Gtr conurbation,Straight,,,,Unknown / not stated,Sealed,Dry,Fine,Darkness,On,No traffic controls,70 km/h,State,33,Lane sideswipe,305,Same - Lane side swipe,,Other angle,Car (sedan/hatch),Semi-trailer,2,0,0,0,1,2,February,Summer,Monday,22:00 - Midnight,Evening / night,False,False,True,True
1351590,Injury,Moderate Injury,2024,2024,May,Thursday,08:00 - 09:59,CUMBERLAND,HWY,0,Right on the spot,PATON,ST,GREYSTANES,13.0,No,Not a school zone,T-junction,-33.833294,150.959411,Cumberland,Sydney metro. area,Syd-Newc-Woll Gtr conurbation,Straight,,,,Unknown / not stated,Sealed,Dry,Overcast,Daylight,Nil,Give way sign,70 km/h,State,16,Left near,107,Adj - Left-thru from right,,Right angle,Car (sedan/hatch),4 wheel drive / SUV,2,0,0,1,0,5,May,Autumn,Thursday,08:00 - 09:59,AM peak / school commute,True,False,True,True
1351591,Injury,Serious Injury,2024,2024,May,Friday,06:00 - 07:59,CULBURRA,RD,0,Right on the spot,NUMBER 242,HN,PYREE,7632.0,No,Not a school zone,2-way undivided,-34.926215,150.690496,Shoalhaven,Country urban,Rest of NSW - Urban,Curved,Embankment/cutting,,,Unknown / not stated,Sealed,Wet,Raining,Daylight,Nil,No traffic controls,80 km/h,Regional,85,Off rt/lft bnd=>obj,804,Off left bend into obj,Right,Vehicle - Object,4 wheel drive / SUV,,1,0,1,0,0,5,May,Autumn,Friday,06:00 - 07:59,AM peak / school commute,True,False,True,True
1351594,Injury,Minor/Other Injury,2024,2024,February,Tuesday,12:00 - 13:59,PACIFIC,HWY,100,North,FAILFORD,RD,FAILFORD,10.0,No,Not a school zone,Divided road,-32.081954,152.426696,Mid-Coast,Country non-urban,Rest of NSW - Rural,Curved,Ditch/drain/culvert,,,On,Sealed,Wet,Raining,Daylight,Nil,No traffic controls,100 km/h,State,85,Off rt/lft bnd=>obj,804,Off left bend into obj,Right,Vehicle - Object,Light truck utility(from 2018),,1,0,0,0,1,2,February,Summer,Tuesday,12:00 - 13:59,Midday / afternoon,False,False,True,True
1351597,Injury,Moderate Injury,2024,2024,May,Thursday,08:00 - 09:59,ARTHUR,ST,0,Right on the spot,THROSBY,ST,MOSS VALE,,No,Not a school zone,T-junction,-34.551411,150.370732,Wingecarribee,Country urban,Rest of NSW - Urban,Curved,Steep grade,,,Unknown / not stated,Sealed,Wet,Raining,Daylight,Nil,Stop sign,50 km/h,Local,88,Out of cont on bend,805,Out of control on bend,,Rollover,Car (sedan/hatch),,1,0,0,1,0,5,May,Autumn,Thursday,08:00 - 09:59,AM peak / school commute,True,False,True,True
1351601,Injury,Minor/Other Injury,2024,2024,April,Monday,16:00 - 17:59,EDGAR,ST,30,North,MARION,ST,BANKSTOWN,7120.0,No,Not a school zone,2-way undivided,-33.915855,151.013929,Canterbury-Bankstown,Sydney metro. area,Syd-Newc-Woll Gtr conurbation,Straight,,,,Unknown / not stated,Sealed,Dry,Fine,Darkness,Nil,No traffic controls,60 km/h,Regional,30,Rear end,301,Same - Rear end,,Rear end,Car (sedan/hatch),Station wagon,3,0,0,0,1,4,April,Autumn,Monday,16:00 - 17:59,PM peak / evening commute,True,False,True,True
1351603,Injury,Moderate Injury,2024,2024,May,Tuesday,16:00 - 17:59,NEWBRIDGE,RD,0,Right on the spot,NUMBER 96,HN,CHIPPING NORTON,167.0,No,Not a school zone,Divided road,-33.928381,150.971031,Liverpool,Sydney metro. area,Syd-Newc-Woll Gtr conurbation,Curved,,,,Unknown / not stated,Sealed,Dry,Fine,Daylight,Nil,No traffic controls,70 km/h,State,30,Rear end,301,Same - Rear end,,Rear end,Car (sedan/hatch),Car (sedan/hatch),3,0,0,1,0,5,May,Autumn,Tuesday,16:00 - 17:59,PM peak / evening commute,True,False,True,True
1351604,Injury,Minor/Other Injury,2024,2024,May,Friday,08:00 - 09:59,OLYMPIC,DR,0,Right on the spot,CHURCH,ST,LIDCOMBE,190.0,No,Not a school zone,X-intersection,-33.861557,151.042165,Cumberland,Sydney metro. area,Syd-Newc-Woll Gtr conurbation,Curved,,,,Unknown / not stated,Sealed,Dry,Fine,Daylight,On,No traffic controls,70 km/h,State,35,Lane change left,307,Same - Lane change left,,Other angle,Car (sedan/hatch),4 wheel drive / SUV,2,0,0,0,2,5,May,Autumn,Friday,08:00 - 09:59,AM peak / school commute,True,False,True,True
1351614,Injury,Minor/Other Injury,2024,2024,May,Thursday,14:00 - 15:59,PARK,AVE,0,Right on the spot,NUMBER 1,HN,GORDON,,No,Not a school zone,2-way undivided,-33.753764,151.154002,Ku-ring-gai,Sydney metro. area,Syd-Newc-Woll Gtr conurbation,Straight,Driveway/entrance,,,Unknown / not stated,Sealed,Dry,Fine,Daylight,Nil,No traffic controls,50 km/h,Local,47,Emerging from drive,406,Manov - Emerging from driveway,,Right angle,Station wagon,Car (sedan/hatch),2,0,0,0,1,5,May,Autumn,Thursday,14:00 - 15:59,Midday / afternoon,False,False,True,True
1351622,Injury,Moderate Injury,2024,2024,May,Tuesday,08:00 - 09:59,ANZAC,PDE,0,Right on the spot,HIGH,ST,KENSINGTON,171.0,No,Not a school zone,T-junction,-33.914856,151.225541,Randwick,Sydney metro. area,Syd-Newc-Woll Gtr conurbation,Straight,,,,Unknown / not stated,Sealed,Dry,Fine,Daylight,On,No traffic controls,50 km/h,State,21,Right through,202,Opp - Right-thru,,Other angle,4 wheel drive / SUV,Car (sedan/hatch),2,0,0,1,0,5,May,Autumn,Tuesday,08:00 - 09:59,AM peak / school commute,True,False,True,True
1351625,Injury,Minor/Other Injury,2024,2024,May,Wednesday,16:00 - 17:59,MURRAY DWYER,CCT,0,Right on the spot,STEEL RIVER,BVD,MAYFIELD WEST,,No,Not a school zone,X-intersection,-32.883385,151.725004,Newcastle,Newcastle met. area,Syd-Newc-Woll Gtr conurbation,Straight,,,,Unknown / not stated,Sealed,Dry,Fine,Dusk,Nil,Give way sign,50 km/h,Local,30,Rear end,301,Same - Rear end,,Rear end,Light truck utility(from 2018),Car (sedan/hatch),2,0,0,0,1,5,May,Autumn,Wednesday,16:00 - 17:59,PM peak / evening commute,True,False,True,True
1351626,Injury,Minor/Other Injury,2024,2024,May,Sunday,18:00 - 19:59,RICHMOND,RD,0,Right on the spot,YARRAMUNDI,DR,GLENDENNING,643.0,No,Not a school zone,T-junction,-33.735669,150.851649,Blacktown,Sydney metro. area,Syd-Newc-Woll Gtr conurbation,Straight,,,,Unknown / not stated,Sealed,Wet,Raining,Darkness,On,No traffic controls,70 km/h,State,30,Rear end,301,Same - Rear end,,Rear end,Car (sedan/hatch),Car (sedan/hatch),2,0,0,0,1,5,May,Autumn,Sunday,18:00 - 19:59,PM peak / evening commute,True,False,True,True
1351628,Injury,Minor/Other Injury,2024,2024,May,Sunday,20:00 - 21:59,CANTERBURY,RD,0,Right on the spot,COTTAM,AVE,BANKSTOWN,167.0,No,Not a school zone,T-junction,-33.93443,151.033769,Canterbury-Bankstown,Sydney metro. area,Syd-Newc-Woll Gtr conurbation,Straight,,,,Unknown / not stated,Sealed,Dry,Fine,Darkness,Nil,No traffic controls,60 km/h,State,30,Rear end,301,Same - Rear end,,Rear end,Car (sedan/hatch),Car (sedan/hatch),2,0,0,0,1,5,May,Autumn,Sunday,20:00 - 21:59,Evening / night,False,False,True,True
1351633,Injury,Moderate Injury,2024,2024,May,Wednesday,08:00 - 09:59,PACIFIC,HWY,0,Right on the spot,NUMBER 176,HN,TUGGERAH,10.0,No,Not a school zone,Divided road,-33.296107,151.422306,Central Coast,Country urban,Syd-Newc-Woll Gtr conurbation,Straight,,,,Unknown / not stated,Sealed,Dry,Fine,Daylight,Nil,No traffic controls,60 km/h,State,30,Rear end,301,Same - Rear end,,Rear end,Car (sedan/hatch),Car (sedan/hatch),3,0,0,1,0,5,May,Autumn,Wednesday,08:00 - 09:59,AM peak / school commute,True,False,True,True
1351636,Injury,Moderate Injury,2024,2024,May,Sunday,14:00 - 15:59,WINDELLAMA,RD,3000,South,AIRPORT,RD,GUNDARY,,No,Not a school zone,2-way undivided,-34.830424,149.744327,Goulburn Mulwaree,Country non-urban,Rest of NSW - Rural,Straight,,,,Unknown / not stated,Sealed,Wet,Overcast,Daylight,Nil,No traffic controls,100 km/h,Local,71,Off rd left => obj,703,Left off cway into object,,Vehicle - Object,Car (sedan/hatch),,1,0,0,1,0,5,May,Autumn,Sunday,14:00 - 15:59,Midday / afternoon,False,False,True,True
1351638,Injury,Moderate Injury,2024,2024,May,Friday,16:00 - 17:59,FARRER,PL,20,West,LOWE,ST,QUEANBEYAN,51.0,No,Not a school zone,Divided road,-35.354575,149.231921,Queanbeyan-Palerang Regional,Country urban,Rest of NSW - Urban,Straight,Foot/cycle path/nature strip,,,Unknown / not stated,Sealed,Dry,Fine,Daylight,Nil,No traffic controls,50 km/h,State,70,Off road to left,701,Off carriageway to left,,Rollover,Car (sedan/hatch),,1,0,0,1,0,5,May,Autumn,Friday,16:00 - 17:59,PM peak / evening commute,True,False,True,True
1351640,Injury,Minor/Other Injury,2024,2024,May,Saturday,10:00 - 11:59,RUSSELL,AVE,25,East,NUMBER 1,HN,LINDFIELD,,No,Not a school zone,2-way undivided,-33.776564,151.170279,Ku-ring-gai,Sydney metro. area,Syd-Newc-Woll Gtr conurbation,Straight,,,,Unknown / not stated,Sealed,Wet,Raining,Daylight,Nil,No traffic controls,50 km/h,Local,46,Reversing into obj,405,Manov - Reverse into fixed obj,,Vehicle - Object,Station wagon,,1,0,0,0,2,5,May,Autumn,Saturday,10:00 - 11:59,Midday / afternoon,False,False,True,True
1351645,Injury,Minor/Other Injury,2024,2024,March,Thursday,08:00 - 09:59,VICTORIA,RD,0,Right on the spot,ARRAS,PDE,RYDE,165.0,No,Not a school zone,T-junction,-33.8167,151.111843,Ryde,Sydney metro. area,Syd-Newc-Woll Gtr conurbation,Curved,,,,Unknown / not stated,Sealed,Dry,Fine,Daylight,Nil,No traffic controls,60 km/h,State,10,Cross traffic,101,Adj - Cross traffic,,Right angle,Car (sedan/hatch),Car (sedan/hatch),2,0,0,0,1,3,March,Autumn,Thursday,08:00 - 09:59,AM peak / school commute,True,False,True,True
1351649,Injury,Moderate Injury,2024,2024,April,Tuesday,16:00 - 17:59,BURRAGORANG,RD,0,Right on the spot,NUMBER 920,HN,THE OAKS,,No,Not a school zone,2-way undivided,-34.076613,150.567003,Wollondilly,Country urban,Syd-Newc-Woll Gtr conurbation,Curved,,,,Unknown / not stated,Sealed,Dry,Fine,Dusk,Nil,No traffic controls,60 km/h,Local,89,Other curve,800,Other on curve,,Vehicle - Object,4 wheel drive / SUV,,1,0,0,1,0,4,April,Autumn,Tuesday,16:00 - 17:59,PM peak / evening commute,True,False,True,True
1351652,Injury,Minor/Other Injury,2024,2024,May,Saturday,20:00 - 21:59,AUSTRALIA,AVE,0,Right on the spot,BENNELONG,PKWY,SYDNEY OLYMPIC PARK,,No,Not a school zone,X-intersection,-33.849819,151.07391,Parramatta,Sydney metro. area,Syd-Newc-Woll Gtr conurbation,Straight,,,,Unknown / not stated,Sealed,Wet,Raining,Darkness,On,No traffic controls,60 km/h,Local,21,Right through,202,Opp - Right-thru,,Other angle,4 wheel drive / SUV,4 wheel drive / SUV,2,0,0,0,1,5,May,Autumn,Saturday,20:00 - 21:59,Evening / night,False,False,True,True
1351655,Injury,Minor/Other Injury,2024,2024,April,Friday,14:00 - 15:59,HUMPHRIES,RD,0,Right on the spot,SAINT JOHNS,RD,ST JOHNS PARK,7221.0,No,Not a school zone,Roundabout,-33.885817,150.905665,Fairfield,Sydney metro. area,Syd-Newc-Woll Gtr conurbation,Straight,,,,Unknown / not stated,Sealed,Dry,Fine,Daylight,Nil,Give way sign,60 km/h,Regional,11,Right far,102,Adj - Right-thru from left,,Right angle,Station wagon,4 wheel drive / SUV,2,0,0,0,1,4,April,Autumn,Friday,14:00 - 15:59,Midday / afternoon,False,False,True,True
1351657,Injury,Minor/Other Injury,2024,2024,May,Tuesday,16:00 - 17:59,RIVER,ST,0,Right on the spot,HOGUES,LANE,MACLEAN,152.0,No,Not a school zone,T-junction,-29.444978,153.206093,Clarence Valley,Country urban,Rest of NSW - Urban,Curved,,,,Unknown / not stated,Sealed,Dry,Fine,Daylight,Nil,No traffic controls,50 km/h,Regional,59,Other overtaking,500,Ovtak - other,,Other angle,4 wheel drive / SUV,Light truck utility(from 2018),2,0,0,0,1,5,May,Autumn,Tuesday,16:00 - 17:59,PM peak / evening commute,True,False,True,True
1351662,Injury,Moderate Injury,2024,2024,April,Saturday,18:00 - 19:59,SUNNYHOLT,RD,0,Right on the spot,MALVERN,RD,ACACIA GARDENS,642.0,No,Not a school zone,T-junction,-33.733481,150.920152,Blacktown,Sydney metro. area,Syd-Newc-Woll Gtr conurbation,Straight,,,,Unknown / not stated,Sealed,Dry,Fine,Unknown,On,No traffic controls,70 km/h,State,32,Right rear,303,Same - Rear right,,Rear end,Light truck utility(from 2018),Car (sedan/hatch),2,0,0,1,0,4,April,Autumn,Saturday,18:00 - 19:59,PM peak / evening commute,True,False,True,True
1351664,Injury,Minor/Other Injury,2024,2024,May,Wednesday,14:00 - 15:59,CHURCH,ST,0,Right on the spot,LAUREN,AVE,CASTLE HILL,,No,Not a school zone,T-junction,-33.740312,151.004396,The Hills,Sydney metro. area,Syd-Newc-Woll Gtr conurbation,Straight,,,,Unknown / not stated,Sealed,Wet,Raining,Daylight,Nil,No traffic controls,50 km/h,Local,13,Right near,104,Adj - Right-thru from right,,Right angle,Car (sedan/hatch),Light truck utility(from 2018),2,0,0,0,1,5,May,Autumn,Wednesday,14:00 - 15:59,Midday / afternoon,False,False,True,True
1351667,Injury,Minor/Other Injury,2024,2024,May,Sunday,12:00 - 13:59,OLD PRINCES,HWY,0,Right on the spot,NUMBER 392-396,HN,WOONONA,,No,Not a school zone,2-way undivided,-34.341433,150.906342,Wollongong,Wollongong met. area,Syd-Newc-Woll Gtr conurbation,Straight,,,,Unknown / not stated,Sealed,Wet,Raining,Daylight,Nil,No traffic controls,60 km/h,Local,49,Other manoeuvring,400,Manov - other,,Other angle,Car (sedan/hatch),Car (sedan/hatch),2,0,0,0,1,5,May,Autumn,Sunday,12:00 - 13:59,Midday / afternoon,False,False,True,True
1351671,Injury,Serious Injury,2024,2024,January,Wednesday,18:00 - 19:59,RIVERSIDE,DR,51,South,ATKINSON,PL,AIRDS,,No,Not a school zone,2-way undivided,-34.081036,150.838662,Campbelltown,Sydney metro. area,Syd-Newc-Woll Gtr conurbation,Curved,,,,Off,Sealed,Wet,Overcast,Daylight,Nil,No traffic controls,50 km/h,Local,81,Off left/rt bnd=>obj,803,Off right bend into obj,Left,Other angle,Motorcycle,Passenger van,2,0,1,0,0,1,January,Summer,Wednesday,18:00 - 19:59,PM peak / evening commute,True,False,True,True
1351679,Injury,Serious Injury,2024,2024,January,Sunday,14:00 - 15:59,BYLONG VALLEY,WAY,200,West,QUARRY,RD,KANDOS,215.0,No,Not a school zone,2-way undivided,-32.8766,149.940677,Mid-Western Regional,Country non-urban,Rest of NSW - Rural,Curved,Steep grade,,,Nil,Sealed,Dry,Fine,Daylight,Nil,No traffic controls,90 km/h,Regional,81,Off left/rt bnd=>obj,803,Off right bend into obj,Left,Vehicle - Object,Motorcycle,,1,0,1,0,0,1,January,Summer,Sunday,14:00 - 15:59,Midday / afternoon,False,False,True,True
1351685,Injury,Serious Injury,2024,2024,January,Saturday,20:00 - 21:59,TASMAN,DR,10,South,GEERING,ST,GERRINGONG,,No,Not a school zone,T-junction,-34.744342,150.833179,Kiama,Country urban,Rest of NSW - Urban,Straight,,,,On,Sealed,Wet,Overcast,Darkness,Nil,No traffic controls,50 km/h,Local,73,Off rd rght => obj,704,Right off cway into obj,,Vehicle - Object,Station wagon,,1,0,1,1,0,1,January,Summer,Saturday,20:00 - 21:59,Evening / night,False,False,True,True
1351688,Injury,Serious Injury,2024,2024,January,Monday,12:00 - 13:59,CORONATION,PDE,0,Right on the spot,DEAN,ST,CROYDON PARK,668.0,No,Not a school zone,T-junction,-33.895287,151.090169,Burwood,Sydney metro. area,Syd-Newc-Woll Gtr conurbation,Straight,,,,Off,Sealed,Dry,Fine,Daylight,On,No traffic controls,60 km/h,State,21,Right through,202,Opp - Right-thru,,Other angle,Car (sedan/hatch),Motorcycle,2,0,1,1,0,1,January,Summer,Monday,12:00 - 13:59,Midday / afternoon,False,False,True,True
1351689,Injury,Serious Injury,2024,2024,January,Sunday,04:00 - 05:59,BRIDGE,ST,0,Right on the spot,GEORGE,ST,GUNNEDAH,,No,Not a school zone,X-intersection,-30.988376,150.25031,Gunnedah,Country urban,Rest of NSW - Urban,Straight,,,,On,Sealed,Dry,Fine,Darkness,Nil,Stop sign,50 km/h,Local,10,Cross traffic,101,Adj - Cross traffic,,Right angle,Car (sedan/hatch),Light truck utility(from 2018),2,0,1,1,0,1,January,Summer,Sunday,04:00 - 05:59,Late night / early morning,False,False,True,True
1351690,Injury,Minor/Other Injury,2024,2024,January,Saturday,12:00 - 13:59,THUNDERBOLTS,WAY,999999,Unknown/not stated,UNKNOWN,UK,BUNDARRA,73.0,No,Not a school zone,2-way undivided,-30.250869,151.146978,Uralla,Country non-urban,Rest of NSW - Rural,Straight,,,,Nil,Sealed,Dry,Fine,Daylight,Nil,No traffic controls,100 km/h,Regional,70,Off road to left,701,Off carriageway to left,,Rollover,4 wheel drive / SUV,,1,0,0,0,1,1,January,Summer,Saturday,12:00 - 13:59,Midday / afternoon,False,False,True,True
1351693,Injury,Serious Injury,2024,2024,February,Saturday,14:00 - 15:59,BROKEN CART,TRL,2000,South,BOUNDARY,RD,GOOBARRAGANDRA,,No,Not a school zone,2-way undivided,-35.475276,148.596051,Snowy Valleys,Country non-urban,Rest of NSW - Rural,Straight,,,Potholes/corrugations/rough,Nil,Unsealed,Dry,Fine,Daylight,Nil,No traffic controls,100 km/h,Local,74,On road-out of cont.,705,Out of control on cway,,Rollover,Motorcycle,,1,0,1,0,0,2,February,Summer,Saturday,14:00 - 15:59,Midday / afternoon,False,False,True,True
1351695,Injury,Moderate Injury,2024,2024,January,Thursday,18:00 - 19:59,DONOVAN,BVD,0,Right on the spot,GREGORY HILLS,DR,GREGORY HILLS,,No,Not a school zone,X-intersection,-34.024504,150.770739,Camden,Sydney metro. area,Syd-Newc-Woll Gtr conurbation,Straight,,,,Off,Sealed,Dry,Fine,Daylight,On,No traffic controls,60 km/h,Local,21,Right through,202,Opp - Right-thru,,Other angle,4 wheel drive / SUV,Car (sedan/hatch),2,0,0,3,0,1,January,Summer,Thursday,18:00 - 19:59,PM peak / evening commute,True,False,True,True