crash_id,degree_of_crash,degree_of_crash_-_detailed,reporting_year,year_of_crash,month_of_crash,day_of_week_of_crash,two-hour_intervals,street_of_crash,street_type,distance,direction,identifying_feature,identifying_feature_type,town,route_no.,school_zone_location,school_zone_active,type_of_location,latitude,longitude,lga,urbanisation,conurbation_1,alignment,primary_permanent_feature,primary_temporary_feature,primary_hazardous_feature,street_lighting,road_surface,surface_condition,weather,natural_lighting,signals_operation,other_traffic_control,speed_limit,road_classification_(admin),rum_-_code,rum_-_description,dca_-_code,dca_-_description,dca_supplement,first_impact_type,key_tu_type,other_tu_type,no._of_traffic_units_involved,no._killed,no._seriously_injured,no._moderately_injured,no._minor-other_injured,month_num,month_label,season,day_label,time_label,time_band,is_peak_commute,is_fatal,is_injury,is_casualty
1351696,Injury,Serious Injury,2024,2024,February,Friday,08:00 - 09:59,EUCALYPTUS,DR,100,West,MELALEUCA,DR,MACQUARIE FIELDS,,No,Not a school zone,2-way undivided,-33.994913,150.897549,Campbelltown,Sydney metro. area,Syd-Newc-Woll Gtr conurbation,Curved,Driveway/entrance,,,Off,Sealed,Dry,Fine,Daylight,Nil,No traffic controls,50 km/h,Local,31,Left rear,302,Same - Rear left,,Rear end,Motorcycle,Car (sedan/hatch),2,0,1,0,0,2,February,Summer,Friday,08:00 - 09:59,AM peak / school commute,True,False,True,True
1351697,Injury,Moderate Injury,2024,2024,February,Tuesday,16:00 - 17:59,BROUGHTON,ST,0,Right on the spot,WAMINDA,AVE,CAMPBELLTOWN,7190.0,No,Not a school zone,X-intersection,-34.074474,150.826408,Campbelltown,Sydney metro. area,Syd-Newc-Woll Gtr conurbation,Straight,,,,Off,Sealed,Wet,Raining,Daylight,On,No traffic controls,60 km/h,Regional,21,Right through,202,Opp - Right-thru,,Other angle,4 wheel drive / SUV,4 wheel drive / SUV,2,0,0,3,0,2,February,Summer,Tuesday,16:00 - 17:59,PM peak / evening commute,True,False,True,True
1351699,Injury,Serious Injury,2024,2024,February,Thursday,20:00 - 21:59,TATHRA,RD,500,East,HENRY TAYLOR,RD,KALARU,272.0,No,Not a school zone,2-way undivided,-36.723459,149.903732,Bega Valley,Country urban,Rest of NSW - Urban,Curved,Embankment/cutting,,,Nil,Sealed,Dry,Fine,Darkness,Nil,No traffic controls,80 km/h,Regional,81,Off left/rt bnd=>obj,803,Off right bend into obj,Left,Vehicle - Object,4 wheel drive / SUV,,1,0,1,0,0,2,February,Summer,Thursday,20:00 - 21:59,Evening / night,False,False,True,True
1351702,Injury,Serious Injury,2024,2024,February,Sunday,06:00 - 07:59,OLD NORTHERN,RD,350,South,RIVER,RD,WISEMANS FERRY,181.0,No,Not a school zone,2-way undivided,-33.387594,150.984824,Hornsby,Sydney metro. area,Syd-Newc-Woll Gtr conurbation,Curved,Steep grade,,,On,Sealed,Dry,Fog or mist,Dawn,Nil,No traffic controls,60 km/h,State,20,Head on,201,Opp - Head on,,Head-on,Car (sedan/hatch),Light truck utility(from 2018),2,0,1,0,1,2,February,Summer,Sunday,06:00 - 07:59,AM peak / school commute,True,False,True,True
1351705,Injury,Moderate Injury,2024,2024,January,Sunday,08:00 - 09:59,MCKIMMS,RD,820,East,FLAT,RD,LARGS,,No,Not a school zone,2-way undivided,-32.71644,151.596046,Maitland,Country urban,Rest of NSW - Urban,Straight,Driveway/entrance,,,Nil,Sealed,Dry,Fine,Daylight,Nil,No traffic controls,60 km/h,Local,53,Overtake turning,506,Ovtak - Overtaking right turn,,Other angle,Motorcycle,Tractor,2,0,0,1,0,1,January,Summer,Sunday,08:00 - 09:59,AM peak / school commute,True,False,True,True
1351707,Injury,Serious Injury,2024,2024,February,Saturday,14:00 - 15:59,CYPRESS,ST,500,East,PARK,ST,BINNAWAY,,No,Not a school zone,2-way undivided,-31.550778,149.387823,Warrumbungle,Country urban,Rest of NSW - Urban,Straight,,,,Nil,Sealed,Dry,Fine,Daylight,Nil,No traffic controls,50 km/h,Local,20,Head on,201,Opp - Head on,,Head-on,Motorcycle,Car (sedan/hatch),2,0,2,0,0,2,February,Summer,Saturday,14:00 - 15:59,Midday / afternoon,False,False,True,True
1351708,Injury,Minor/Other Injury,2024,2024,February,Wednesday,00:01 - 01:59,STORNAWAY,RD,0,Right on the spot,NUMBER 6-8,HN,QUEANBEYAN,,No,Not a school zone,2-way undivided,-35.346504,149.227397,Queanbeyan-Palerang Regional,Country urban,Rest of NSW - Urban,Straight,Driveway/entrance,,,On,Sealed,Dry,Fine,Darkness,Nil,No traffic controls,50 km/h,Local,71,Off rd left => obj,703,Left off cway into object,,Other angle,Car (sedan/hatch),Car (sedan/hatch),3,0,0,0,1,2,February,Summer,Wednesday,00:01 - 01:59,Late night / early morning,False,False,True,True
1351712,Injury,Moderate Injury,2024,2024,February,Friday,14:00 - 15:59,FIVE ISLANDS,RD,0,Right on the spot,SPRINGHILL,RD,CRINGILA,295.0,No,Not a school zone,T-junction,-34.465592,150.871482,Wollongong,Wollongong met. area,Syd-Newc-Woll Gtr conurbation,Straight,,,,Off,Sealed,Dry,Fine,Daylight,On,No traffic controls,80 km/h,State,36,Right turn sideswipe,308,Same - Rgt turn side swipe,,Other angle,Car (sedan/hatch),Light truck utility(from 2018),2,0,0,1,0,2,February,Summer,Friday,14:00 - 15:59,Midday / afternoon,False,False,True,True
1351713,Injury,Minor/Other Injury,2024,2024,January,Tuesday,20:00 - 21:59,WARRINGAH,EXP,220,South,FALCON STREET,TO,NORTH SYDNEY,651.0,No,Not a school zone,Dual freeway,-33.834462,151.211157,North Sydney,Sydney metro. area,Syd-Newc-Woll Gtr conurbation,Curved,,Roadwks/Detour/Diverson,,On,Sealed,Wet,Raining,Darkness,Nil,No traffic controls,40 km/h,State,81,Off left/rt bnd=>obj,803,Off right bend into obj,Left,Vehicle - Object,Car (sedan/hatch),,1,0,0,0,1,1,January,Summer,Tuesday,20:00 - 21:59,Evening / night,False,False,True,True
1351714,Injury,Moderate Injury,2024,2024,March,Wednesday,18:00 - 19:59,OLD MAITLAND,RD,500,North,FORESTERS HUT,TRL,SAWYERS GULLY,,No,Not a school zone,2-way undivided,-32.780176,151.420799,Cessnock,Country urban,Rest of NSW - Urban,Curved,,,,Nil,Sealed,Wet,Raining,Dusk,Nil,No traffic controls,60 km/h,Local,85,Off rt/lft bnd=>obj,804,Off left bend into obj,Right,Vehicle - Object,Car (sedan/hatch),,1,0,0,1,0,3,March,Autumn,Wednesday,18:00 - 19:59,PM peak / evening commute,True,False,True,True
1351715,Injury,Moderate Injury,2024,2024,March,Saturday,00:01 - 01:59,ILFORD,RD,0,Right on the spot,NUMBER 10,HN,RYLSTONE,215.0,No,Not a school zone,2-way undivided,-32.801343,149.973675,Mid-Western Regional,Country urban,Rest of NSW - Urban,Straight,,,,On,Sealed,Dry,Fine,Darkness,Nil,No traffic controls,50 km/h,Regional,71,Off rd left => obj,703,Left off cway into object,,Other angle,Car (sedan/hatch),4 wheel drive / SUV,2,0,0,1,0,3,March,Autumn,Saturday,00:01 - 01:59,Late night / early morning,False,False,True,True
1351719,Injury,Moderate Injury,2024,2024,March,Friday,08:00 - 09:59,HUME,HWY,100,North,NARELLAN ROAD,OP,BLAIRMOUNT,2.0,No,Not a school zone,Dual freeway,-34.061218,150.786154,Campbelltown,Sydney metro. area,Syd-Newc-Woll Gtr conurbation,Curved,,,,Nil,Sealed,Dry,Fine,Daylight,Nil,No traffic controls,110 km/h,State,34,Lane change right,306,Same - Lane change right,,Other angle,Station wagon,Light truck utility(from 2018),2,0,0,1,0,3,March,Autumn,Friday,08:00 - 09:59,AM peak / school commute,True,False,True,True
1351724,Injury,Serious Injury,2024,2024,January,Friday,16:00 - 17:59,SYDNEY,RD,0,Right on the spot,WEST,ST,BALGOWLAH,159.0,No,Not a school zone,X-intersection,-33.793869,151.260544,Northern Beaches,Sydney metro. area,Syd-Newc-Woll Gtr conurbation,Curved,,,,Nil,Sealed,Dry,Fine,Daylight,Nil,No traffic controls,60 km/h,State,37,Left turn sideswipe,309,Same - Left turn side swipe,,Other angle,Station wagon,Motorcycle,2,0,1,0,3,1,January,Summer,Friday,16:00 - 17:59,PM peak / evening commute,True,False,True,True
1351725,Injury,Serious Injury,2024,2024,March,Saturday,14:00 - 15:59,MONKEY MOUNTAIN,RD,2070,West,PRINCES,HWY,TERMEIL,,No,Not a school zone,2-way undivided,-35.459098,150.335851,Shoalhaven,Country urban,Rest of NSW - Urban,Curved,Steep grade,,,Nil,Unsealed,Dry,Fine,Daylight,Nil,No traffic controls,80 km/h,Local,85,Off rt/lft bnd=>obj,804,Off left bend into obj,Right,Vehicle - Object,Motorcycle,,1,0,1,0,0,3,March,Autumn,Saturday,14:00 - 15:59,Midday / afternoon,False,False,True,True
1351729,Injury,Minor/Other Injury,2024,2024,March,Thursday,12:00 - 13:59,FEDERAL,HWY,215,North,BUNGENDORE,RD,BYWONG,3.0,No,Not a school zone,Divided road,-35.143108,149.334546,Queanbeyan-Palerang Regional,Country non-urban,Rest of NSW - Rural,Straight,,,,Off,Sealed,Dry,Fine,Daylight,Nil,No traffic controls,110 km/h,State,71,Off rd left => obj,703,Left off cway into object,,Vehicle - Object,Car (sedan/hatch),,1,0,0,0,1,3,March,Autumn,Thursday,12:00 - 13:59,Midday / afternoon,False,False,True,True
1351730,Injury,Serious Injury,2024,2024,March,Friday,14:00 - 15:59,KAMILAROI,HWY,0,Right on the spot,UNNAMED,ST,WALGETT,29.0,No,Not a school zone,T-junction,-30.020462,148.108026,Walgett,Country urban,Rest of NSW - Urban,Straight,,,,Nil,Sealed,Dry,Fine,Daylight,Nil,No traffic controls,80 km/h,State,75,Off end of road,709,Off end cway or T junct,,Vehicle - Object,Motorcycle,,1,0,1,0,0,3,March,Autumn,Friday,14:00 - 15:59,Midday / afternoon,False,False,True,True
1351733,Injury,Serious Injury,2024,2024,March,Sunday,14:00 - 15:59,BAGO,RD,500,North,LOOKOUT,RD,HERONS CREEK,,No,Not a school zone,2-way undivided,-31.526749,152.721939,Port Macquarie-Hastings,Country urban,Rest of NSW - Urban,Curved,Painted double centre lines,,,Nil,Sealed,Wet,Raining,Daylight,Nil,No traffic controls,80 km/h,Local,20,Head on,201,Opp - Head on,,Head-on,Motorcycle,Car (sedan/hatch),2,0,1,0,0,3,March,Autumn,Sunday,14:00 - 15:59,Midday / afternoon,False,False,True,True
1351734,Injury,Serious Injury,2024,2024,March,Monday,10:00 - 11:59,NEW ENGLAND,HWY,0,Right on the spot,OLLERA,ST,GUYRA,9.0,Yes,No,X-intersection,-30.217178,151.673139,Armidale Regional,Country urban,Rest of NSW - Urban,Straight,,,,Nil,Sealed,Dry,Fine,Daylight,Nil,Stop sign,70 km/h,State,10,Cross traffic,101,Adj - Cross traffic,,Right angle,Car (sedan/hatch),Large rigid,2,0,1,0,0,3,March,Autumn,Monday,10:00 - 11:59,Midday / afternoon,False,False,True,True
1351735,Injury,Minor/Other Injury,2024,2024,March,Sunday,16:00 - 17:59,ABUNDANCE,RD,0,Right on the spot,NUMBER 41,HN,MEDOWIE,,No,Not a school zone,2-way undivided,-32.747184,151.855012,Port Stephens,Country urban,Rest of NSW - Urban,Straight,Foot/cycle path/nature strip,,,Off,Sealed,Dry,Fine,Daylight,Nil,No traffic controls,60 km/h,Local,6,Ped on footpath,8,Ped - On footway/median,,Vehicle - Pedestrian,Light truck utility(from 2018),Pedestrian,2,0,0,0,1,3,March,Autumn,Sunday,16:00 - 17:59,PM peak / evening commute,True,False,True,True
1351739,Injury,Serious Injury,2024,2024,March,Tuesday,20:00 - 21:59,NEW ENGLAND,HWY,1000,West,CESSNOCK,RD,MAITLAND,9.0,No,Not a school zone,Divided road,-32.734231,151.543821,Maitland,Country urban,Rest of NSW - Urban,Straight,Other bridge,Police pursuit,,On,Sealed,Dry,Fine,Dusk,Nil,No traffic controls,80 km/h,State,33,Lane sideswipe,305,Same - Lane side swipe,,Other angle,Car (sedan/hatch),4 wheel drive / SUV,4,0,1,1,1,3,March,Autumn,Tuesday,20:00 - 21:59,Evening / night,False,False,True,True
1351743,Injury,Moderate Injury,2024,2024,March,Wednesday,22:00 - Midnight,WOODFORD,ST,400,North,NEWCASTLE LINK,RD,MINMI,,No,Not a school zone,2-way undivided,-32.891615,151.609698,Newcastle,Newcastle met. area,Syd-Newc-Woll Gtr conurbation,Straight,,,,Nil,Sealed,Dry,Fine,Darkness,Nil,No traffic controls,80 km/h,Local,71,Off rd left => obj,703,Left off cway into object,,Vehicle - Object,Light truck utility(from 2018),,1,0,0,1,0,3,March,Autumn,Wednesday,22:00 - Midnight,Evening / night,False,False,True,True
1351744,Injury,Moderate Injury,2024,2024,April,Wednesday,08:00 - 09:59,GREAT WESTERN,HWY,15,West,JOHNSTON,ST,ANNANDALE,5.0,No,Not a school zone,Divided road,-33.887875,151.167572,Inner West,Sydney metro. area,Syd-Newc-Woll Gtr conurbation,Straight,Bus/transit lane,,,Off,Sealed,Dry,Fine,Daylight,Nil,No traffic controls,60 km/h,State,0,Ped nearside,1,Ped - Near side,,Vehicle - Pedestrian,Motor scooter,Pedestrian,2,0,0,1,0,4,April,Autumn,Wednesday,08:00 - 09:59,AM peak / school commute,True,False,True,True
1351745,Injury,Moderate Injury,2024,2024,April,Wednesday,06:00 - 07:59,MOOREBANK,AVE,0,Right on the spot,HELLES,AVE,MOOREBANK,657.0,No,Not a school zone,T-junction,-33.93707,150.925745,Liverpool,Sydney metro. area,Syd-Newc-Woll Gtr conurbation,Straight,,,,On,Sealed,Dry,Fine,Dawn,Nil,No traffic controls,60 km/h,State,32,Right rear,303,Same - Rear right,,Rear end,Motor scooter,4 wheel drive / SUV,2,0,0,1,0,4,April,Autumn,Wednesday,06:00 - 07:59,AM peak / school commute,True,False,True,True
1351746,Injury,Minor/Other Injury,2024,2024,March,Tuesday,06:00 - 07:59,CLOTHIERS CREEK,RD,200,East,WALLUM,CT,CLOTHIERS CREEK,,No,Not a school zone,2-way undivided,-28.328936,153.500261,Tweed,Country urban,Rest of NSW - Urban,Curved,Painted double centre lines,,,Nil,Sealed,Wet,Overcast,Dawn,Nil,No traffic controls,80 km/h,Local,20,Head on,201,Opp - Head on,,Head-on,Car (sedan/hatch),Large rigid,2,0,0,0,1,3,March,Autumn,Tuesday,06:00 - 07:59,AM peak / school commute,True,False,True,True
1351747,Injury,Serious Injury,2024,2024,March,Tuesday,18:00 - 19:59,KINGSGROVE,RD,50,North,PATERSON,AVE,KINGSGROVE,7309.0,Yes,No,2-way undivided,-33.941528,151.101266,Georges River,Sydney metro. area,Syd-Newc-Woll Gtr conurbation,Straight,,,,Off,Sealed,Dry,Fine,Daylight,Nil,No traffic controls,50 km/h,Regional,1,Ped emerging,2,Ped - emerging,,Vehicle - Pedestrian,Car (sedan/hatch),Pedestrian,2,0,1,0,0,3,March,Autumn,Tuesday,18:00 - 19:59,PM peak / evening commute,True,False,True,True
1351748,Injury,Moderate Injury,2024,2024,March,Wednesday,06:00 - 07:59,GREAT WESTERN,HWY,0,Right on the spot,BRIDGE,ST,BATHURST,5.0,No,Not a school zone,T-junction,-33.418189,149.590353,Bathurst Regional,Country urban,Rest of NSW - Urban,Straight,Foot/cycle path/nature strip,,,On,Sealed,Dry,Fine,Dawn,Nil,No traffic controls,70 km/h,State,6,Ped on footpath,8,Ped - On footway/median,,Vehicle - Pedestrian,Motorised push scooters,Pedestrian,2,0,0,1,0,3,March,Autumn,Wednesday,06:00 - 07:59,AM peak / school commute,True,False,True,True
1351749,Injury,Serious Injury,2024,2024,March,Thursday,12:00 - 13:59,PACIFIC,HWY,1000,South,BLACKBUTTS,RD,POSSUM BRUSH,10.0,No,Not a school zone,Divided road,-32.041853,152.456252,Mid-Coast,Country non-urban,Rest of NSW - Rural,Curved,B'down lane/road shldr,,,Off,Sealed,Dry,Fine,Daylight,Nil,No traffic controls,110 km/h,State,87,Off lft/lft bnd=>obj,804,Off left bend into obj,Left,Other angle,Semi-trailer,Car (sedan/hatch),2,0,1,0,0,3,March,Autumn,Thursday,12:00 - 13:59,Midday / afternoon,False,False,True,True
1351751,Injury,Minor/Other Injury,2024,2024,April,Friday,20:00 - 21:59,HIGH,ST,0,Right on the spot,LAWES,ST,EAST MAITLAND,2120.0,No,Not a school zone,X-intersection,-32.751119,151.589973,Maitland,Country urban,Rest of NSW - Urban,Straight,,,,On,Sealed,Wet,Raining,Darkness,On,No traffic controls,50 km/h,Regional,21,Right through,202,Opp - Right-thru,,Other angle,Unknown motor vehicle,4 wheel drive / SUV,2,0,0,0,1,4,April,Autumn,Friday,20:00 - 21:59,Evening / night,False,False,True,True
1351755,Injury,Moderate Injury,2024,2024,April,Saturday,20:00 - 21:59,TUMBULGUM,RD,20,West,RACECOURSE,RD,TYGALGAH,,No,Not a school zone,2-way undivided,-28.324237,153.408594,Tweed,Country urban,Rest of NSW - Urban,Straight,Other bridge,Police pursuit,,Nil,Sealed,Dry,Fine,Darkness,Nil,No traffic controls,50 km/h,Local,50,Head on (overtake),501,Ovtak - Head on,,Head-on,Light truck utility(from 2018),Passenger van,3,0,0,1,1,4,April,Autumn,Saturday,20:00 - 21:59,Evening / night,False,False,True,True
1351757,Injury,Moderate Injury,2024,2024,February,Wednesday,18:00 - 19:59,HUME,HWY,0,Right on the spot,LEACOCKS,LANE,CASULA,2.0,No,Not a school zone,X-intersection,-33.950416,150.904575,Liverpool,Sydney metro. area,Syd-Newc-Woll Gtr conurbation,Straight,Steep grade,,,Nil,Sealed,Dry,Fine,Daylight,On,No traffic controls,70 km/h,State,32,Right rear,303,Same - Rear right,,Rear end,Light truck utility(from 2018),Car (sedan/hatch),2,0,0,1,0,2,February,Summer,Wednesday,18:00 - 19:59,PM peak / evening commute,True,False,True,True
1351759,Injury,Serious Injury,2024,2024,March,Wednesday,08:00 - 09:59,FREEMANS,DR,90,South,MARTINSVILLE,RD,COORANBONG,,No,Not a school zone,2-way undivided,-33.080037,151.44671,Lake Macquarie,Newcastle met. area,Syd-Newc-Woll Gtr conurbation,Curved,B'down lane/road shldr,,,Nil,Sealed,Dry,Fine,Daylight,Nil,No traffic controls,60 km/h,Local,34,Lane change right,306,Same - Lane change right,,Other angle,Motorcycle,4 wheel drive / SUV,2,0,1,0,0,3,March,Autumn,Wednesday,08:00 - 09:59,AM peak / school commute,True,False,True,True
1351761,Injury,Serious Injury,2024,2024,April,Wednesday,10:00 - 11:59,TWEED VALLEY,WAY,600,South,CANE,RD,SOUTH MURWILLUMBAH,679.0,No,Not a school zone,2-way undivided,-28.319267,153.429707,Tweed,Country urban,Rest of NSW - Urban,Straight,Driveway/entrance,,,Off,Sealed,Dry,Fine,Daylight,Nil,No traffic controls,60 km/h,Regional,30,Rear end,301,Same - Rear end,,Rear end,Car (sedan/hatch),4 wheel drive / SUV,2,0,1,0,1,4,April,Autumn,Wednesday,10:00 - 11:59,Midday / afternoon,False,False,True,True
1351764,Injury,Moderate Injury,2024,2024,April,Saturday,08:00 - 09:59,SUMMERLAND,WAY,0,Right on the spot,KOOLKHAN,DR,KOOLKHAN,83.0,No,Not a school zone,T-junction,-29.625627,152.928824,Clarence Valley,Country urban,Rest of NSW - Urban,Curved,Ditch/drain/culvert,Police pursuit,,Nil,Sealed,Dry,Fine,Daylight,Nil,Unknown,80 km/h,State,85,Off rt/lft bnd=>obj,804,Off left bend into obj,Right,Vehicle - Object,Station wagon,,1,0,0,1,0,4,April,Autumn,Saturday,08:00 - 09:59,AM peak / school commute,True,False,True,True
1351765,Injury,Serious Injury,2024,2024,April,Thursday,14:00 - 15:59,OXLEY,HWY,2220,West,APPLEBY,LANE,BECTIVE,11.0,No,Not a school zone,2-way undivided,-30.980677,150.759008,Tamworth Regional,Country non-urban,Rest of NSW - Rural,Straight,Steep grade,,,Nil,Sealed,Dry,Fine,Daylight,Nil,No traffic controls,100 km/h,State,30,Rear end,301,Same - Rear end,,Rear end,Large rigid,4 wheel drive / SUV,3,0,1,2,0,4,April,Autumn,Thursday,14:00 - 15:59,Midday / afternoon,False,False,True,True
1351767,Injury,Moderate Injury,2024,2024,April,Tuesday,00:01 - 01:59,HUME,HWY,0,Right on the spot,SOUTH WESTERN,EXP,LIVERPOOL,2.0,No,Not a school zone,T-junction,-33.937924,150.913529,Liverpool,Sydney metro. area,Syd-Newc-Woll Gtr conurbation,Straight,Other bridge,,,On,Sealed,Dry,Fine,Darkness,On,No traffic controls,60 km/h,State,32,Right rear,303,Same - Rear right,,Rear end,Car (sedan/hatch),Motorcycle,2,0,0,2,0,4,April,Autumn,Tuesday,00:01 - 01:59,Late night / early morning,False,False,True,True
1351768,Injury,Moderate Injury,2024,2024,March,Tuesday,18:00 - 19:59,TERRIGAL,ESP,10,North,CAMPBELL,CRES,TERRIGAL,,No,Not a school zone,T-junction,-33.446189,151.443839,Central Coast,Country urban,Syd-Newc-Woll Gtr conurbation,Curved,,,,Off,Sealed,Dry,Fine,Daylight,Unknown / not stated,Ped crossing,40 km/h,Local,30,Rear end,301,Same - Rear end,,Rear end,Motorcycle,4 wheel drive / SUV,2,0,0,1,0,3,March,Autumn,Tuesday,18:00 - 19:59,PM peak / evening commute,True,False,True,True
1351769,Injury,Moderate Injury,2024,2024,January,Thursday,12:00 - 13:59,CABARITA,RD,10,South,TALLOWOOD,AVE,BOGANGAR,,No,Not a school zone,T-junction,-28.339408,153.56544,Tweed,Country urban,Rest of NSW - Urban,Curved,,,,Nil,Sealed,Dry,Fine,Daylight,Nil,No traffic controls,50 km/h,Local,88,Out of cont on bend,805,Out of control on bend,,Rollover,Pedal cycle,,1,0,0,1,0,1,January,Summer,Thursday,12:00 - 13:59,Midday / afternoon,False,False,True,True
1351770,Injury,Minor/Other Injury,2024,2024,April,Wednesday,14:00 - 15:59,LACHLAN,ST,0,Right on the spot,REDFERN,ST,COWRA,310.0,No,Not a school zone,T-junction,-33.833507,148.686359,Cowra,Country urban,Rest of NSW - Urban,Straight,Foot/cycle path/nature strip,,,Off,Sealed,Dry,Fine,Daylight,Nil,Give way sign,50 km/h,State,48,From footpath,408,Manov - From footway,,Other angle,Pedal cycle,4 wheel drive / SUV,2,0,0,0,1,4,April,Autumn,Wednesday,14:00 - 15:59,Midday / afternoon,False,False,True,True
1351771,Injury,Moderate Injury,2024,2024,April,Friday,08:00 - 09:59,KINGS,HWY,600,West,WEETALABAH,DR,CARWOOLA,51.0,No,Not a school zone,2-way undivided,-35.346079,149.2749,Queanbeyan-Palerang Regional,Country urban,Rest of NSW - Urban,Curved,Embankment/cutting,,,Nil,Sealed,Wet,Raining,Daylight,Nil,No traffic controls,80 km/h,State,86,Off left/left bend,802,Off cway left bend,Left,Rollover,Light truck utility(from 2018),,1,0,0,1,0,4,April,Autumn,Friday,08:00 - 09:59,AM peak / school commute,True,False,True,True
1351774,Injury,Moderate Injury,2024,2024,April,Monday,18:00 - 19:59,SOUTH WESTERN,EXP,2000,East,HEATHCOTE ROAD,OP,MOOREBANK,6005.0,No,Not a school zone,Dual freeway,-33.947284,150.962973,Liverpool,Sydney metro. area,Syd-Newc-Woll Gtr conurbation,Straight,,,,Nil,Sealed,Dry,Fine,Darkness,Nil,No traffic controls,100 km/h,State,30,Rear end,301,Same - Rear end,,Rear end,4 wheel drive / SUV,4 wheel drive / SUV,2,0,0,1,0,4,April,Autumn,Monday,18:00 - 19:59,PM peak / evening commute,True,False,True,True
1351775,Injury,Minor/Other Injury,2024,2024,April,Friday,08:00 - 09:59,DIGHT,ST,0,Right on the spot,PEMBERTON,ST,ALBURY,,No,Not a school zone,T-junction,-36.076763,146.908303,Albury,Country urban,Rest of NSW - Urban,Straight,,,,Nil,Sealed,Dry,Fine,Daylight,Nil,Give way sign,60 km/h,Local,11,Right far,102,Adj - Right-thru from left,,Right angle,Car (sedan/hatch),4 wheel drive / SUV,2,0,0,0,1,4,April,Autumn,Friday,08:00 - 09:59,AM peak / school commute,True,False,True,True
1351776,Injury,Serious Injury,2024,2024,April,Wednesday,06:00 - 07:59,ILLAROO,RD,0,Right on the spot,PAGE,AVE,NORTH NOWRA,,No,Not a school zone,Roundabout,-34.856968,150.582958,Shoalhaven,Country urban,Rest of NSW - Urban,Curved,,,,Off,Sealed,Dry,Overcast,Daylight,Nil,Give way sign,60 km/h,Local,11,Right far,102,Adj - Right-thru from left,,Right angle,Large rigid,Panel van,2,0,1,0,0,4,April,Autumn,Wednesday,06:00 - 07:59,AM peak / school commute,True,False,True,True
1351781,Injury,Moderate Injury,2024,2024,April,Saturday,04:00 - 05:59,YOUNG,ST,50,South,BOOTH,ST,ANNANDALE,,No,Not a school zone,2-way undivided,-33.881031,151.168064,Inner West,Sydney metro. area,Syd-Newc-Woll Gtr conurbation,Straight,,,,On,Sealed,Wet,Raining,Darkness,Nil,No traffic controls,50 km/h,Local,33,Lane sideswipe,305,Same - Lane side swipe,,Other angle,4 wheel drive / SUV,Car (sedan/hatch),3,0,0,1,0,4,April,Autumn,Saturday,04:00 - 05:59,Late night / early morning,False,False,True,True
1351785,Injury,Minor/Other Injury,2024,2024,April,Wednesday,18:00 - 19:59,HUNTER,EXP,1000,West,HART ROAD,TO,LOXFORD,6011.0,No,Not a school zone,Dual freeway,-32.794488,151.472871,Cessnock,Country non-urban,Rest of NSW - Rural,Straight,,,,Nil,Sealed,Dry,Overcast,Dusk,Nil,No traffic controls,110 km/h,State,3,Ped on carriageway,4,Ped - On carriageway,,Vehicle - Pedestrian,4 wheel drive / SUV,Pedestrian,2,0,0,0,1,4,April,Autumn,Wednesday,18:00 - 19:59,PM peak / evening commute,True,False,True,True
1351787,Injury,Serious Injury,2024,2024,April,Sunday,10:00 - 11:59,GREAT NORTH,RD,2000,North,MURRAYS RUN,RD,LAGUNA,181.0,No,Not a school zone,2-way undivided,-33.027667,151.13266,Cessnock,Country urban,Rest of NSW - Urban,Curved,Ditch/drain/culvert,,,Off,Sealed,Dry,Fine,Daylight,Nil,No traffic controls,80 km/h,Regional,84,Off right/left bend,802,Off cway left bend,Right,Rollover,Motorcycle,,1,0,1,0,0,4,April,Autumn,Sunday,10:00 - 11:59,Midday / afternoon,False,False,True,True
1351793,Injury,Serious Injury,2024,2024,April,Friday,00:01 - 01:59,THE COMENARRA,PKWY,350,South,RAVENHILL,RD,WEST PYMBLE,7244.0,No,Not a school zone,2-way undivided,-33.753532,151.1187,Ku-ring-gai,Sydney metro. area,Syd-Newc-Woll Gtr conurbation,Straight,,,,On,Sealed,Dry,Fine,Darkness,Nil,No traffic controls,60 km/h,Regional,74,On road-out of cont.,705,Out of control on cway,,Rollover,Motorcycle,,1,0,1,0,0,4,April,Autumn,Friday,00:01 - 01:59,Late night / early morning,False,False,True,True
1351797,Injury,Serious Injury,2024,2024,April,Sunday,10:00 - 11:59,PUTTY,RD,20000,South,MILBRODALE,TN,HOWES VALLEY,503.0,No,Not a school zone,2-way undivided,-32.797743,150.89994,Singleton,Country urban,Rest of NSW - Urban,Curved,Steep grade,Previous crash,Other hazardous feature,Nil,Sealed,Wet,Overcast,Daylight,Nil,No traffic controls,80 km/h,State,88,Out of cont on bend,805,Out of control on bend,,Rollover,Motorcycle,,1,0,1,0,0,4,April,Autumn,Sunday,10:00 - 11:59,Midday / afternoon,False,False,True,True
1351799,Injury,Minor/Other Injury,2024,2024,April,Thursday,14:00 - 15:59,HOMEBUSH BAY,DR,0,Right on the spot,AUSTRALIA  AVENUE,TO,SYDNEY OLYMPIC PARK,200.0,No,Not a school zone,Divided road,-33.851575,151.080226,Parramatta,Sydney metro. area,Syd-Newc-Woll Gtr conurbation,Curved,,,,Off,Sealed,Wet,Raining,Daylight,Nil,No traffic controls,80 km/h,State,30,Rear end,301,Same - Rear end,,Rear end,4 wheel drive / SUV,Station wagon,2,0,0,0,1,4,April,Autumn,Thursday,14:00 - 15:59,Midday / afternoon,False,False,True,True
1351800,Injury,Minor/Other Injury,2024,2024,March,Thursday,20:00 - 21:59,PRINCES,HWY,0,Right on the spot,NUMBER 111,HN,KOGARAH,1.0,Yes,No,Divided road,-33.96527,151.136938,Georges River,Sydney metro. area,Syd-Newc-Woll Gtr conurbation,Straight,,,,On,Sealed,Dry,Fine,Darkness,Nil,No traffic controls,60 km/h,State,4,Ped walk with,5,Ped - Walking with traffic,,Vehicle - Pedestrian,Station wagon,Pedestrian,2,0,0,0,1,3,March,Autumn,Thursday,20:00 - 21:59,Evening / night,False,False,True,True