crash_id,degree_of_crash,degree_of_crash_-_detailed,reporting_year,year_of_crash,month_of_crash,day_of_week_of_crash,two-hour_intervals,street_of_crash,street_type,distance,direction,identifying_feature,identifying_feature_type,town,route_no.,school_zone_location,school_zone_active,type_of_location,latitude,longitude,lga,urbanisation,conurbation_1,alignment,primary_permanent_feature,primary_temporary_feature,primary_hazardous_feature,street_lighting,road_surface,surface_condition,weather,natural_lighting,signals_operation,other_traffic_control,speed_limit,road_classification_(admin),rum_-_code,rum_-_description,dca_-_code,dca_-_description,dca_supplement,first_impact_type,key_tu_type,other_tu_type,no._of_traffic_units_involved,no._killed,no._seriously_injured,no._moderately_injured,no._minor-other_injured,month_num,month_label,season,day_label,time_label,time_band,is_peak_commute,is_fatal,is_injury,is_casualty
1351806,Injury,Moderate Injury,2024,2024,April,Friday,10:00 - 11:59,GREAT WESTERN,HWY,0,Right on the spot,PRINCES,HWY,GLEBE,5.0,No,Not a school zone,T-junction,-33.884378,151.194801,Sydney,Sydney metro. area,Syd-Newc-Woll Gtr conurbation,Straight,,,,Off,Sealed,Dry,Fine,Daylight,On,No traffic controls,50 km/h,State,32,Right rear,303,Same - Rear right,,Rear end,Motorcycle,Motorcycle,2,0,0,1,0,4,April,Autumn,Friday,10:00 - 11:59,Midday / afternoon,False,False,True,True
1351809,Injury,Serious Injury,2024,2024,April,Sunday,14:00 - 15:59,PACIFIC,HWY,1000,South,FRASER,RD,COWAN,10.0,No,Not a school zone,2-way undivided,-33.597897,151.169227,Hornsby,Sydney metro. area,Syd-Newc-Woll Gtr conurbation,Curved,,,,Nil,Sealed,Dry,Fine,Daylight,Nil,No traffic controls,80 km/h,State,83,Off rt/rt bnd=>obj,803,Off right bend into obj,Right,Vehicle - Object,Motorcycle,,1,0,1,0,0,4,April,Autumn,Sunday,14:00 - 15:59,Midday / afternoon,False,False,True,True
1351812,Injury,Moderate Injury,2024,2024,April,Thursday,16:00 - 17:59,DINGO,TRL,100,East,ISLAND LOOP,RD,CORAMBA,,No,Not a school zone,2-way undivided,-30.168663,153.044298,Coffs Harbour,Country urban,Rest of NSW - Urban,Straight,,,,Nil,Sealed,Dry,Fine,Daylight,Nil,No traffic controls,50 km/h,Local,67,Struck animal,609,On path - Hit animal,,Vehicle - Animal,Motorcycle,,1,0,0,1,0,4,April,Autumn,Thursday,16:00 - 17:59,PM peak / evening commute,True,False,True,True
1351813,Injury,Serious Injury,2024,2024,April,Sunday,18:00 - 19:59,STURT,HWY,3150,East,BORAMBOLA NORTH,RD,BORAMBOLA,14.0,No,Not a school zone,2-way undivided,-35.171075,147.640593,Wagga Wagga,Country non-urban,Rest of NSW - Rural,Straight,Driveway/entrance,,,Nil,Sealed,Dry,Fine,Dusk,Nil,No traffic controls,100 km/h,State,32,Right rear,303,Same - Rear right,,Rear end,Car (sedan/hatch),Car (sedan/hatch),2,0,1,0,0,4,April,Autumn,Sunday,18:00 - 19:59,PM peak / evening commute,True,False,True,True
1351815,Injury,Serious Injury,2024,2024,May,Thursday,08:00 - 09:59,LISMORE,RD,1200,West,BINNA BURRA,RD,NASHUA,65.0,No,Not a school zone,2-way undivided,-28.716152,153.482868,Byron,Country urban,Rest of NSW - Urban,Curved,Painted double centre lines,,,Nil,Sealed,Wet,Overcast,Daylight,Nil,No traffic controls,80 km/h,State,50,Head on (overtake),501,Ovtak - Head on,,Head-on,Car (sedan/hatch),Large rigid,2,0,1,0,0,5,May,Autumn,Thursday,08:00 - 09:59,AM peak / school commute,True,False,True,True
1351818,Injury,Serious Injury,2024,2024,April,Tuesday,12:00 - 13:59,COBBADAH,RD,13500,South,OLD BARRABA,RD,DINOGA,63.0,No,Not a school zone,2-way undivided,-29.995909,150.595355,Gwydir,Country non-urban,Rest of NSW - Rural,Curved,,,,Nil,Sealed,Dry,Fine,Daylight,Nil,No traffic controls,100 km/h,State,81,Off left/rt bnd=>obj,803,Off right bend into obj,Left,Vehicle - Object,B-double (road train prior 98),,1,0,1,0,0,4,April,Autumn,Tuesday,12:00 - 13:59,Midday / afternoon,False,False,True,True
1351829,Injury,Minor/Other Injury,2024,2024,March,Sunday,04:00 - 05:59,RAMSAY,ST,0,Right on the spot,WATTLE,ST,HABERFIELD,649.0,No,Not a school zone,X-intersection,-33.874916,151.134375,Inner West,Sydney metro. area,Syd-Newc-Woll Gtr conurbation,Straight,Other bridge,,,On,Sealed,Dry,Fine,Darkness,On,No traffic controls,60 km/h,State,21,Right through,202,Opp - Right-thru,,Other angle,Light truck utility(from 2018),Car (sedan/hatch),2,0,0,0,1,3,March,Autumn,Sunday,04:00 - 05:59,Late night / early morning,False,False,True,True
1351832,Injury,Moderate Injury,2024,2024,May,Friday,14:00 - 15:59,BACK KOOTINGAL,RD,800,North,RENINDI,RD,NEMINGHA,,No,Not a school zone,2-way undivided,-31.09428,151.027648,Tamworth Regional,Country urban,Rest of NSW - Urban,Curved,Crest,,,Nil,Sealed,Dry,Fine,Daylight,Nil,No traffic controls,80 km/h,Local,20,Head on,201,Opp - Head on,,Head-on,Light truck utility(from 2018),Light truck utility(from 2018),2,0,0,1,2,5,May,Autumn,Friday,14:00 - 15:59,Midday / afternoon,False,False,True,True
1351833,Injury,Serious Injury,2024,2024,May,Monday,16:00 - 17:59,DURI,RD,0,Right on the spot,KENT,ST,SOUTH TAMWORTH,130.0,No,Not a school zone,T-junction,-31.10248,150.903439,Tamworth Regional,Country urban,Rest of NSW - Urban,Straight,,,,Nil,Sealed,Dry,Fine,Daylight,Nil,No traffic controls,60 km/h,Regional,13,Right near,104,Adj - Right-thru from right,,Right angle,Car (sedan/hatch),Motorcycle,2,0,1,0,0,5,May,Autumn,Monday,16:00 - 17:59,PM peak / evening commute,True,False,True,True
1351834,Injury,Moderate Injury,2024,2024,April,Friday,22:00 - Midnight,LUXFORD,RD,0,Right on the spot,HYATTS,RD,OAKHURST,7161.0,No,Not a school zone,T-junction,-33.736153,150.837149,Blacktown,Sydney metro. area,Syd-Newc-Woll Gtr conurbation,Straight,,,,On,Sealed,Dry,Fine,Darkness,On,No traffic controls,60 km/h,Regional,21,Right through,202,Opp - Right-thru,,Other angle,Car (sedan/hatch),Car (sedan/hatch),3,0,0,1,0,4,April,Autumn,Friday,22:00 - Midnight,Evening / night,False,False,True,True
1351837,Injury,Serious Injury,2024,2024,April,Thursday,06:00 - 07:59,CRESCENT,ST,100,West,WOODVILLE,RD,GRANVILLE,,No,Not a school zone,2-way undivided,-33.829145,151.003508,Cumberland,Sydney metro. area,Syd-Newc-Woll Gtr conurbation,Curved,,,,Off,Sealed,Dry,Fine,Daylight,Nil,No traffic controls,50 km/h,Local,30,Rear end,301,Same - Rear end,,Rear end,Car (sedan/hatch),Large rigid,2,0,1,0,0,4,April,Autumn,Thursday,06:00 - 07:59,AM peak / school commute,True,False,True,True
1351839,Injury,Moderate Injury,2024,2024,March,Friday,18:00 - 19:59,GREAT WESTERN,HWY,0,Right on the spot,GEORGE,ST,CLYDE,5.0,No,Not a school zone,T-junction,-33.833088,151.017857,Parramatta,Sydney metro. area,Syd-Newc-Woll Gtr conurbation,Straight,,,,On,Sealed,Dry,Fine,Daylight,Nil,No traffic controls,60 km/h,State,30,Rear end,301,Same - Rear end,,Rear end,Car (sedan/hatch),Motorcycle,4,0,0,1,0,3,March,Autumn,Friday,18:00 - 19:59,PM peak / evening commute,True,False,True,True
1351843,Injury,Moderate Injury,2024,2024,February,Friday,08:00 - 09:59,CONCORD,RD,0,Right on the spot,STATION,ST,CONCORD,668.0,No,Not a school zone,T-junction,-33.859266,151.092518,Canada Bay,Sydney metro. area,Syd-Newc-Woll Gtr conurbation,Straight,,,,Off,Sealed,Dry,Fine,Daylight,Nil,No traffic controls,60 km/h,State,14,2 right turning,105,Adj - Two right turning,,Right angle,Car (sedan/hatch),Unknown motor vehicle,2,0,0,1,0,2,February,Summer,Friday,08:00 - 09:59,AM peak / school commute,True,False,True,True
1351844,Injury,Moderate Injury,2024,2024,April,Wednesday,20:00 - 21:59,MID WESTERN,HWY,2000,West,BRADLEY,ST,GRENFELL,6.0,No,Not a school zone,2-way undivided,-33.881944,148.135434,Weddin,Country non-urban,Rest of NSW - Rural,Straight,Ditch/drain/culvert,,,Nil,Sealed,Dry,Fine,Darkness,Nil,No traffic controls,100 km/h,State,70,Off road to left,701,Off carriageway to left,,Rollover,Light truck utility(from 2018),,1,0,0,2,1,4,April,Autumn,Wednesday,20:00 - 21:59,Evening / night,False,False,True,True
1351848,Injury,Moderate Injury,2024,2024,April,Friday,20:00 - 21:59,THE ESPLANADE,MS,0,Right on the spot,OAK FLATS SKIWAY PARK,ENT,OAK FLATS,,No,Not a school zone,2-way undivided,-34.555062,150.834425,Shellharbour,Wollongong met. area,Syd-Newc-Woll Gtr conurbation,Curved,Foot/cycle path/nature strip,,,On,Sealed,Dry,Fine,Darkness,Nil,No traffic controls,50 km/h,Local,48,From footpath,408,Manov - From footway,,Other angle,Pedal cycle,Car (sedan/hatch),2,0,0,1,0,4,April,Autumn,Friday,20:00 - 21:59,Evening / night,False,False,True,True
1351851,Injury,Serious Injury,2024,2024,April,Sunday,12:00 - 13:59,WESTERN,EXP,10,East,ROPER,RD,ERSKINE PARK,629.0,No,Not a school zone,T-junction,-33.792356,150.807667,Penrith,Sydney metro. area,Syd-Newc-Woll Gtr conurbation,Straight,,,,Off,Sealed,Dry,Fine,Daylight,On,No traffic controls,60 km/h,State,30,Rear end,301,Same - Rear end,,Rear end,Car (sedan/hatch),Car (sedan/hatch),3,0,1,0,0,4,April,Autumn,Sunday,12:00 - 13:59,Midday / afternoon,False,False,True,True
1351852,Injury,Serious Injury,2024,2024,May,Monday,18:00 - 19:59,SEXTONVILLE,RD,720,South,ELFORDS,RD,DOBIES BIGHT,,No,Not a school zone,2-way undivided,-28.821429,152.969937,Richmond Valley,Country non-urban,Rest of NSW - Rural,Curved,,,,Nil,Sealed,Wet,Overcast,Darkness,Nil,No traffic controls,100 km/h,Local,87,Off lft/lft bnd=>obj,804,Off left bend into obj,Left,Vehicle - Object,Car (sedan/hatch),,1,0,1,0,0,5,May,Autumn,Monday,18:00 - 19:59,PM peak / evening commute,True,False,True,True
1351853,Injury,Serious Injury,2024,2024,May,Wednesday,06:00 - 07:59,NEWELL,HWY,31000,North,OXLEY,HWY,DANDRY,17.0,No,Not a school zone,2-way undivided,-30.988903,149.415195,Warrumbungle,Country non-urban,Rest of NSW - Rural,Straight,,,,Nil,Sealed,Dry,Fine,Dawn,Nil,No traffic controls,110 km/h,State,72,Off road to right,702,Off carriageway to right,,Rollover,Light truck utility(from 2018),,1,0,1,0,0,5,May,Autumn,Wednesday,06:00 - 07:59,AM peak / school commute,True,False,True,True
1351854,Injury,Minor/Other Injury,2024,2024,May,Thursday,08:00 - 09:59,PACIFIC,HWY,200,North,CRAIGIE,AVE,KANWAL,10.0,No,Not a school zone,Divided road,-33.261507,151.483361,Central Coast,Country urban,Syd-Newc-Woll Gtr conurbation,Straight,Steep grade,,,Off,Sealed,Dry,Fine,Daylight,Nil,No traffic controls,70 km/h,State,2,Ped far side,3,Ped - Far side,,Vehicle - Pedestrian,Light truck,Pedestrian,2,0,0,0,1,5,May,Autumn,Thursday,08:00 - 09:59,AM peak / school commute,True,False,True,True
1351857,Injury,Serious Injury,2024,2024,March,Thursday,16:00 - 17:59,WESTERN,EXP,500,East,WALLGROVE ROAD,OP,EASTERN CREEK,6004.0,No,Not a school zone,Dual freeway,-33.798968,150.8586,Blacktown,Sydney metro. area,Syd-Newc-Woll Gtr conurbation,Straight,,,,Off,Sealed,Dry,Fine,Dusk,Nil,No traffic controls,100 km/h,State,34,Lane change right,306,Same - Lane change right,,Other angle,Motorcycle,Station wagon,2,0,1,0,0,3,March,Autumn,Thursday,16:00 - 17:59,PM peak / evening commute,True,False,True,True
1351858,Injury,Moderate Injury,2024,2024,May,Monday,14:00 - 15:59,WARRINGAH,RD,50,East,BABBAGE,RD,ROSEVILLE CHASE,328.0,No,Not a school zone,Divided road,-33.776519,151.195572,Ku-ring-gai,Sydney metro. area,Syd-Newc-Woll Gtr conurbation,Curved,,,,Off,Sealed,Wet,Overcast,Daylight,Nil,No traffic controls,60 km/h,State,34,Lane change right,306,Same - Lane change right,,Other angle,Large rigid,Motorcycle,2,0,0,1,0,5,May,Autumn,Monday,14:00 - 15:59,Midday / afternoon,False,False,True,True
1351859,Injury,Moderate Injury,2024,2024,May,Wednesday,18:00 - 19:59,PEMBROKE,ST,30,East,ESSEX,ST,EPPING,,No,Not a school zone,2-way undivided,-33.771832,151.086417,Parramatta,Sydney metro. area,Syd-Newc-Woll Gtr conurbation,Straight,,,,On,Sealed,Wet,Raining,Darkness,Nil,No traffic controls,50 km/h,Local,71,Off rd left => obj,703,Left off cway into object,,Vehicle - Object,Car (sedan/hatch),,1,0,0,1,1,5,May,Autumn,Wednesday,18:00 - 19:59,PM peak / evening commute,True,False,True,True
1351865,Injury,Minor/Other Injury,2024,2024,May,Wednesday,14:00 - 15:59,BRAVA,AVE,0,Right on the spot,SCRIBBLY GUM,CL,SAN REMO,,Yes,No,T-junction,-33.215716,151.513668,Central Coast,Country urban,Syd-Newc-Woll Gtr conurbation,Straight,Driveway/entrance,,,Off,Sealed,Dry,Fine,Daylight,Nil,No traffic controls,50 km/h,Local,47,Emerging from drive,406,Manov - Emerging from driveway,,Right angle,Car (sedan/hatch),Pedal cycle,2,0,0,0,1,5,May,Autumn,Wednesday,14:00 - 15:59,Midday / afternoon,False,False,True,True
1351867,Injury,Serious Injury,2024,2024,April,Wednesday,16:00 - 17:59,RAWSON,ST,0,Right on the spot,STURT,ST,SWANSEA,,No,Not a school zone,X-intersection,-33.082843,151.631431,Lake Macquarie,Newcastle met. area,Syd-Newc-Woll Gtr conurbation,Straight,,,,Off,Sealed,Dry,Fine,Daylight,Nil,Give way sign,50 km/h,Local,10,Cross traffic,101,Adj - Cross traffic,,Right angle,4 wheel drive / SUV,Car (sedan/hatch),2,0,1,1,0,4,April,Autumn,Wednesday,16:00 - 17:59,PM peak / evening commute,True,False,True,True
1351868,Injury,Moderate Injury,2024,2024,April,Saturday,08:00 - 09:59,STONEY CREEK,RD,0,Right on the spot,CROYDON,RD,KINGSGROVE,665.0,Yes,No,T-junction,-33.949665,151.102057,Georges River,Sydney metro. area,Syd-Newc-Woll Gtr conurbation,Straight,,,,Off,Sealed,Wet,Raining,Daylight,Unknown / not stated,No traffic controls,60 km/h,State,33,Lane sideswipe,305,Same - Lane side swipe,,Other angle,Car (sedan/hatch),Unknown motor vehicle,2,0,0,1,0,4,April,Autumn,Saturday,08:00 - 09:59,AM peak / school commute,True,False,True,True
1351869,Injury,Minor/Other Injury,2024,2024,May,Sunday,14:00 - 15:59,VICTORIA,RD,0,Right on the spot,NUMBER 42,HN,PENNANT HILLS,,No,Not a school zone,2-way undivided,-33.738093,151.059009,Hornsby,Sydney metro. area,Syd-Newc-Woll Gtr conurbation,Straight,Driveway/entrance,,,Nil,Sealed,Dry,Fine,Daylight,Nil,No traffic controls,50 km/h,Local,47,Emerging from drive,406,Manov - Emerging from driveway,,Right angle,4 wheel drive / SUV,Car (sedan/hatch),2,0,0,0,1,5,May,Autumn,Sunday,14:00 - 15:59,Midday / afternoon,False,False,True,True
1351872,Injury,Minor/Other Injury,2024,2024,May,Monday,18:00 - 19:59,KOORALA ST,ST,100,East,ROSEBERRY,ST,MANLY VALE,,No,Not a school zone,2-way undivided,-33.785607,151.269253,Northern Beaches,Sydney metro. area,Syd-Newc-Woll Gtr conurbation,Straight,Steep grade,,,Nil,Sealed,Dry,Overcast,Dusk,Nil,No traffic controls,50 km/h,Local,33,Lane sideswipe,305,Same - Lane side swipe,,Other angle,Car (sedan/hatch),Pedal cycle,2,0,0,0,1,5,May,Autumn,Monday,18:00 - 19:59,PM peak / evening commute,True,False,True,True
1351874,Injury,Serious Injury,2024,2024,April,Saturday,22:00 - Midnight,BRUSH,RD,0,Right on the spot,NUMBER 485,HN,FOUNTAINDALE,,No,Not a school zone,Unknown,-33.361527,151.41365,Central Coast,Country urban,Syd-Newc-Woll Gtr conurbation,Curved,,,,Nil,Sealed,Unknown,Unknown,Darkness,Nil,No traffic controls,60 km/h,Local,83,Off rt/rt bnd=>obj,803,Off right bend into obj,Right,Vehicle - Object,Car (sedan/hatch),,1,0,4,0,0,4,April,Autumn,Saturday,22:00 - Midnight,Evening / night,False,False,True,True
1351880,Injury,Serious Injury,2024,2024,April,Wednesday,20:00 - 21:59,WOODSTOCK,AVE,0,Right on the spot,CARLISLE,AVE,HEBERSHAM,629.0,No,Not a school zone,Roundabout,-33.756217,150.818859,Blacktown,Sydney metro. area,Syd-Newc-Woll Gtr conurbation,Curved,,,,On,Sealed,Wet,Raining,Darkness,Nil,Give way sign,60 km/h,State,10,Cross traffic,101,Adj - Cross traffic,,Right angle,Light truck utility(from 2018),Car (sedan/hatch),2,0,1,0,0,4,April,Autumn,Wednesday,20:00 - 21:59,Evening / night,False,False,True,True
1351881,Injury,Serious Injury,2024,2024,April,Monday,08:00 - 09:59,HOLLINGSHED,ST,0,Right on the spot,LECONFIELD,RD,GRETA,,No,Not a school zone,T-junction,-32.672898,151.388543,Cessnock,Country urban,Rest of NSW - Urban,Curved,,,Potholes/corrugations/rough,Nil,Sealed,Dry,Fine,Daylight,Nil,No traffic controls,60 km/h,Local,88,Out of cont on bend,706,Left turn,,Rollover,Motorcycle,,1,0,1,0,0,4,April,Autumn,Monday,08:00 - 09:59,AM peak / school commute,True,False,True,True
1351885,Injury,Serious Injury,2024,2024,April,Tuesday,12:00 - 13:59,CENTRAL COAST,HWY,0,Right on the spot,ADELAIDE,ST,EAST GOSFORD,30.0,No,Not a school zone,X-intersection,-33.438549,151.354147,Central Coast,Country urban,Syd-Newc-Woll Gtr conurbation,Straight,,,,Off,Sealed,Wet,Raining,Daylight,On,Ped crossing,60 km/h,State,0,Ped nearside,1,Ped - Near side,,Vehicle - Pedestrian,Car (sedan/hatch),Pedestrian,2,0,1,0,0,4,April,Autumn,Tuesday,12:00 - 13:59,Midday / afternoon,False,False,True,True
1351886,Injury,Serious Injury,2024,2024,April,Friday,22:00 - Midnight,RAWSON,ST,0,Right on the spot,STATION,RD,AUBURN,2069.0,No,Not a school zone,X-intersection,-33.849955,151.034631,Cumberland,Sydney metro. area,Syd-Newc-Woll Gtr conurbation,Straight,,,,On,Sealed,Dry,Fine,Darkness,On,No traffic controls,50 km/h,Regional,85,Off rt/lft bnd=>obj,706,Left turn,Right,Vehicle - Object,Motorcycle,,1,0,1,0,0,4,April,Autumn,Friday,22:00 - Midnight,Evening / night,False,False,True,True
1351888,Injury,Minor/Other Injury,2024,2024,May,Sunday,14:00 - 15:59,ENMORE,RD,50,North,JULIETT,ST,ENMORE,2021.0,No,Not a school zone,2-way undivided,-33.900439,151.170403,Inner West,Sydney metro. area,Syd-Newc-Woll Gtr conurbation,Straight,,,,On,Sealed,Wet,Raining,Daylight,Nil,No traffic controls,60 km/h,Regional,40,U turn,304,Same - U-turn,,Other angle,Car (sedan/hatch),Pedal cycle,2,0,0,0,1,5,May,Autumn,Sunday,14:00 - 15:59,Midday / afternoon,False,False,True,True
1351889,Injury,Moderate Injury,2024,2024,April,Monday,14:00 - 15:59,PEMBROKE,RD,0,Right on the spot,REDFERN,RD,MINTO,680.0,Yes,No,X-intersection,-34.02943,150.848208,Campbelltown,Sydney metro. area,Syd-Newc-Woll Gtr conurbation,Straight,,,,Off,Sealed,Dry,Fine,Daylight,On,No traffic controls,60 km/h,State,10,Cross traffic,101,Adj - Cross traffic,,Right angle,Car (sedan/hatch),Light truck utility(from 2018),2,0,0,1,0,4,April,Autumn,Monday,14:00 - 15:59,Midday / afternoon,False,False,True,True
1351892,Injury,Moderate Injury,2024,2024,April,Friday,18:00 - 19:59,MONA,ST,500,West,CHISHOLM,RD,SOUTH GRANVILLE,7468.0,No,Not a school zone,2-way undivided,-33.847586,151.01609,Cumberland,Sydney metro. area,Syd-Newc-Woll Gtr conurbation,Straight,,,,Off,Sealed,Wet,Raining,Daylight,Nil,No traffic controls,50 km/h,Regional,20,Head on,201,Opp - Head on,,Head-on,4 wheel drive / SUV,Car (sedan/hatch),2,0,0,2,0,4,April,Autumn,Friday,18:00 - 19:59,PM peak / evening commute,True,False,True,True
1351893,Injury,Moderate Injury,2024,2024,February,Thursday,04:00 - 05:59,MONA VALE,RD,20,South,PORTERS,LANE,ST IVES,162.0,No,Not a school zone,Divided road,-33.730693,151.159683,Ku-ring-gai,Sydney metro. area,Syd-Newc-Woll Gtr conurbation,Curved,,,,On,Sealed,Dry,Fine,Darkness,Nil,No traffic controls,60 km/h,State,81,Off left/rt bnd=>obj,803,Off right bend into obj,Left,Vehicle - Object,Car (sedan/hatch),,1,0,0,1,0,2,February,Summer,Thursday,04:00 - 05:59,Late night / early morning,False,False,True,True
1351896,Injury,Serious Injury,2024,2024,April,Thursday,20:00 - 21:59,PRIMBEE,BYPA,500,North,WINDANG,RD,PRIMBEE,522.0,No,Not a school zone,Divided road,-34.506724,150.880984,Wollongong,Wollongong met. area,Syd-Newc-Woll Gtr conurbation,Straight,,,,On,Sealed,Wet,Raining,Darkness,Nil,No traffic controls,80 km/h,State,30,Rear end,301,Same - Rear end,,Rear end,Unknown motor vehicle,Station wagon,2,0,1,0,0,4,April,Autumn,Thursday,20:00 - 21:59,Evening / night,False,False,True,True
1351900,Injury,Minor/Other Injury,2024,2024,April,Saturday,14:00 - 15:59,BILLIRIMBA,RD,1500,East,BILLIRIMBA CREEK,RD,ROCKY RIVER,,No,Not a school zone,2-way undivided,-29.179554,152.236159,Tenterfield,Country non-urban,Rest of NSW - Rural,Curved,Embankment/cutting,,,Nil,Unsealed,Dry,Fine,Daylight,Nil,No traffic controls,100 km/h,Local,81,Off left/rt bnd=>obj,803,Off right bend into obj,Left,Vehicle - Object,Motorcycle,,1,0,0,0,1,4,April,Autumn,Saturday,14:00 - 15:59,Midday / afternoon,False,False,True,True
1351902,Injury,Moderate Injury,2024,2024,May,Thursday,08:00 - 09:59,CUMBERLAND,RD,0,Right on the spot,OLD PROSPECT,RD,GREYSTANES,,No,Not a school zone,Roundabout,-33.819082,150.948718,Cumberland,Sydney metro. area,Syd-Newc-Woll Gtr conurbation,Straight,Steep grade,,,On,Sealed,Wet,Fine,Daylight,Nil,Give way sign,50 km/h,Local,10,Cross traffic,101,Adj - Cross traffic,,Right angle,Car (sedan/hatch),Pedal cycle,2,0,0,1,0,5,May,Autumn,Thursday,08:00 - 09:59,AM peak / school commute,True,False,True,True
1351905,Injury,Moderate Injury,2024,2024,April,Monday,00:01 - 01:59,BOTANY,RD,0,Right on the spot,GARDENERS,RD,MASCOT,170.0,Yes,No,X-intersection,-33.92146,151.196417,Sydney,Sydney metro. area,Syd-Newc-Woll Gtr conurbation,Straight,,,,On,Sealed,Dry,Fine,Darkness,On,No traffic controls,50 km/h,State,10,Cross traffic,101,Adj - Cross traffic,,Right angle,Passenger van,Car (sedan/hatch),2,0,0,1,0,4,April,Autumn,Monday,00:01 - 01:59,Late night / early morning,False,False,True,True
1351906,Injury,Moderate Injury,2024,2024,April,Friday,22:00 - Midnight,NEWCASTLE,EXP,500,North,PACIFIC HIGHWAY,OP,MOONEY MOONEY,6003.0,No,Not a school zone,Dual freeway,-33.52563,151.197232,Central Coast,Country non-urban,Syd-Newc-Woll Gtr conurbation,Curved,Steep grade,,,On,Sealed,Wet,Raining,Darkness,Nil,No traffic controls,110 km/h,State,33,Lane sideswipe,305,Same - Lane side swipe,,Other angle,Station wagon,4 wheel drive / SUV,4,0,0,1,0,4,April,Autumn,Friday,22:00 - Midnight,Evening / night,False,False,True,True
1351911,Injury,Serious Injury,2024,2024,May,Monday,14:00 - 15:59,RODEO,DR,0,Right on the spot,NUMBER 755,HN,TEWINGA,118.0,No,Not a school zone,2-way undivided,-30.658897,152.903152,Nambucca Valley,Country non-urban,Rest of NSW - Rural,Straight,,,,Nil,Sealed,Wet,Raining,Daylight,Nil,No traffic controls,90 km/h,Regional,20,Head on,201,Opp - Head on,,Head-on,Light truck utility(from 2018),Car (sedan/hatch),2,0,1,1,0,5,May,Autumn,Monday,14:00 - 15:59,Midday / afternoon,False,False,True,True
1351913,Injury,Moderate Injury,2024,2024,February,Tuesday,16:00 - 17:59,FLATHEAD,RD,0,Right on the spot,SCHNAPPER,RD,ETTALONG BEACH,,No,Not a school zone,T-junction,-33.510437,151.342028,Central Coast,Country urban,Syd-Newc-Woll Gtr conurbation,Straight,,,,Off,Sealed,Dry,Fine,Daylight,Nil,Give way sign,50 km/h,Local,13,Right near,104,Adj - Right-thru from right,,Right angle,Car (sedan/hatch),4 wheel drive / SUV,2,0,0,2,0,2,February,Summer,Tuesday,16:00 - 17:59,PM peak / evening commute,True,False,True,True
1351914,Injury,Serious Injury,2024,2024,May,Monday,16:00 - 17:59,EUCHAREENA,RD,200,West,CRONGA PEAK,LANE,EUCHAREENA,,No,Not a school zone,2-way undivided,-32.935493,149.045154,Dubbo Regional,Country urban,Rest of NSW - Urban,Curved,Embankment/cutting,,,Nil,Sealed,Dry,Fine,Dusk,Nil,No traffic controls,80 km/h,Local,84,Off right/left bend,802,Off cway left bend,Right,Rollover,Light truck utility(from 2018),,1,0,1,0,0,5,May,Autumn,Monday,16:00 - 17:59,PM peak / evening commute,True,False,True,True
1351919,Injury,Serious Injury,2024,2024,April,Tuesday,14:00 - 15:59,EPPING,RD,0,Right on the spot,CENTENNIAL,AVE,LANE COVE,373.0,No,Not a school zone,X-intersection,-33.810726,151.163562,Lane Cove,Sydney metro. area,Syd-Newc-Woll Gtr conurbation,Straight,,,,Off,Sealed,Dry,Fine,Daylight,Off,No traffic controls,60 km/h,State,35,Lane change left,307,Same - Lane change left,,Other angle,Car (sedan/hatch),4 wheel drive / SUV,2,0,1,0,0,4,April,Autumn,Tuesday,14:00 - 15:59,Midday / afternoon,False,False,True,True
1351923,Injury,Serious Injury,2024,2024,May,Sunday,20:00 - 21:59,WHISTLER,ST,64,South,PINE,ST,MANLY,,No,Not a school zone,1-way street,-33.791303,151.286217,Northern Beaches,Sydney metro. area,Syd-Newc-Woll Gtr conurbation,Straight,,,,On,Sealed,Wet,Raining,Darkness,Nil,No traffic controls,50 km/h,Local,0,Ped nearside,1,Ped - Near side,,Vehicle - Pedestrian,Car (sedan/hatch),Pedestrian,2,0,1,0,0,5,May,Autumn,Sunday,20:00 - 21:59,Evening / night,False,False,True,True
1351924,Injury,Serious Injury,2024,2024,April,Tuesday,18:00 - 19:59,BAREKI,RD,0,Right on the spot,MOANI,ST,ELEEBANA,527.0,No,Not a school zone,T-junction,-32.997369,151.637119,Lake Macquarie,Newcastle met. area,Syd-Newc-Woll Gtr conurbation,Curved,,,,On,Sealed,Dry,Fine,Dusk,Nil,Give way sign,60 km/h,State,13,Right near,104,Adj - Right-thru from right,,Right angle,4 wheel drive / SUV,Motorcycle,2,0,1,0,0,4,April,Autumn,Tuesday,18:00 - 19:59,PM peak / evening commute,True,False,True,True
1351925,Injury,Moderate Injury,2024,2024,May,Tuesday,10:00 - 11:59,CURRAJONG,ST,0,Right on the spot,VICTORIA,ST,PARKES,,No,Not a school zone,X-intersection,-33.131266,148.175364,Parkes,Country urban,Rest of NSW - Urban,Straight,,,,Nil,Sealed,Dry,Fine,Daylight,Nil,Give way sign,50 km/h,Local,10,Cross traffic,101,Adj - Cross traffic,,Right angle,4 wheel drive / SUV,Car (sedan/hatch),2,0,0,2,1,5,May,Autumn,Tuesday,10:00 - 11:59,Midday / afternoon,False,False,True,True
1351931,Injury,Moderate Injury,2024,2024,April,Saturday,10:00 - 11:59,BAY,ST,0,Right on the spot,GREEK,ST,GLEBE,,No,Not a school zone,T-junction,-33.882759,151.19488,Sydney,Sydney metro. area,Syd-Newc-Woll Gtr conurbation,Straight,Foot/cycle path/nature strip,,,Off,Sealed,Dry,Fine,Daylight,Nil,Left turn only,40 km/h,Local,48,From footpath,408,Manov - From footway,,Other angle,Pedal cycle,4 wheel drive / SUV,2,0,0,1,0,4,April,Autumn,Saturday,10:00 - 11:59,Midday / afternoon,False,False,True,True