crash_id,degree_of_crash,degree_of_crash_-_detailed,reporting_year,year_of_crash,month_of_crash,day_of_week_of_crash,two-hour_intervals,street_of_crash,street_type,distance,direction,identifying_feature,identifying_feature_type,town,route_no.,school_zone_location,school_zone_active,type_of_location,latitude,longitude,lga,urbanisation,conurbation_1,alignment,primary_permanent_feature,primary_temporary_feature,primary_hazardous_feature,street_lighting,road_surface,surface_condition,weather,natural_lighting,signals_operation,other_traffic_control,speed_limit,road_classification_(admin),rum_-_code,rum_-_description,dca_-_code,dca_-_description,dca_supplement,first_impact_type,key_tu_type,other_tu_type,no._of_traffic_units_involved,no._killed,no._seriously_injured,no._moderately_injured,no._minor-other_injured,month_num,month_label,season,day_label,time_label,time_band,is_peak_commute,is_fatal,is_injury,is_casualty
1351932,Injury,Serious Injury,2024,2024,April,Tuesday,06:00 - 07:59,DOUGLAS,ST,0,Right on the spot,HOLROYD,RD,MERRYLANDS,,Yes,No,T-junction,-33.827252,150.973657,Cumberland,Sydney metro. area,Syd-Newc-Woll Gtr conurbation,Straight,,,,Nil,Sealed,Dry,Fine,Dawn,Nil,Give way sign,50 km/h,Local,2,Ped far side,3,Ped - Far side,,Vehicle - Pedestrian,Unknown motor vehicle,Pedestrian,2,0,1,0,0,4,April,Autumn,Tuesday,06:00 - 07:59,AM peak / school commute,True,False,True,True
1351933,Injury,Moderate Injury,2024,2024,January,Friday,18:00 - 19:59,UNNAMED,LANE,70,East,CHARLTON,ST,BELLBIRD,,No,Not a school zone,2-way undivided,-32.857133,151.314614,Cessnock,Country urban,Rest of NSW - Urban,Straight,,,,Nil,Unsealed,Dry,Fine,Daylight,Nil,No traffic controls,50 km/h,Local,71,Off rd left => obj,703,Left off cway into object,,Vehicle - Object,Motorcycle,,1,0,0,1,0,1,January,Summer,Friday,18:00 - 19:59,PM peak / evening commute,True,False,True,True
1351935,Injury,Moderate Injury,2024,2024,April,Tuesday,16:00 - 17:59,LANE COVE,RD,0,Right on the spot,M2 HILLS,EXP,MACQUARIE PARK,162.0,No,Not a school zone,T-junction,-33.780958,151.132681,Ryde,Sydney metro. area,Syd-Newc-Woll Gtr conurbation,Curved,,,,On,Sealed,Dry,Fine,Dusk,On,No traffic controls,70 km/h,State,13,Right near,104,Adj - Right-thru from right,,Right angle,4 wheel drive / SUV,4 wheel drive / SUV,2,0,0,1,0,4,April,Autumn,Tuesday,16:00 - 17:59,PM peak / evening commute,True,False,True,True
1351937,Injury,Serious Injury,2024,2024,May,Tuesday,14:00 - 15:59,SOUTH,ST,50,North,EAST,ST,KILLARNEY VALE,,No,Not a school zone,2-way undivided,-33.366971,151.460456,Central Coast,Country urban,Syd-Newc-Woll Gtr conurbation,Straight,,,,Off,Sealed,Dry,Fine,Daylight,Nil,No traffic controls,50 km/h,Local,71,Off rd left => obj,703,Left off cway into object,,Other angle,Car (sedan/hatch),Car (sedan/hatch),2,0,1,0,0,5,May,Autumn,Tuesday,14:00 - 15:59,Midday / afternoon,False,False,True,True
1351939,Injury,Serious Injury,2024,2024,May,Tuesday,14:00 - 15:59,MOSS VALE,RD,250,East,NUGENTS CREEK,RD,KANGAROO VALLEY,261.0,No,Not a school zone,2-way undivided,-34.742251,150.54898,Shoalhaven,Country urban,Rest of NSW - Urban,Straight,,,,Nil,Sealed,Wet,Fine,Daylight,Nil,No traffic controls,80 km/h,State,30,Rear end,301,Same - Rear end,,Rear end,Car (sedan/hatch),Car (sedan/hatch),3,0,1,0,0,5,May,Autumn,Tuesday,14:00 - 15:59,Midday / afternoon,False,False,True,True
1351946,Injury,Moderate Injury,2024,2024,May,Thursday,10:00 - 11:59,WARRINGAH,RD,10,West,BABBAGE,RD,ROSEVILLE CHASE,328.0,No,Not a school zone,T-junction,-33.777027,151.195364,Ku-ring-gai,Sydney metro. area,Syd-Newc-Woll Gtr conurbation,Curved,,,,Nil,Sealed,Dry,Overcast,Daylight,Nil,No traffic controls,60 km/h,State,30,Rear end,301,Same - Rear end,,Rear end,4 wheel drive / SUV,4 wheel drive / SUV,2,0,0,1,0,5,May,Autumn,Thursday,10:00 - 11:59,Midday / afternoon,False,False,True,True
1351948,Injury,Serious Injury,2024,2024,April,Wednesday,00:01 - 01:59,BLAXLAND,RD,0,Right on the spot,BLAXLAND SERVICEWAY,MS,CAMPBELLTOWN,7191.0,No,Not a school zone,Roundabout,-34.054004,150.821648,Campbelltown,Sydney metro. area,Syd-Newc-Woll Gtr conurbation,Straight,,,,On,Sealed,Dry,Fine,Darkness,Nil,Give way sign,60 km/h,Regional,74,On road-out of cont.,705,Out of control on cway,,Rollover,Car (sedan/hatch),,1,0,1,0,0,4,April,Autumn,Wednesday,00:01 - 01:59,Late night / early morning,False,False,True,True
1351950,Injury,Moderate Injury,2024,2024,May,Tuesday,16:00 - 17:59,NEWCASTLE LINK,RD,0,Right on the spot,CAMERON PARK,DR,CAMERON PARK,82.0,No,Not a school zone,X-intersection,-32.894645,151.607099,Lake Macquarie,Newcastle met. area,Syd-Newc-Woll Gtr conurbation,Straight,,,,Off,Sealed,Dry,Fine,Dusk,On,No traffic controls,80 km/h,State,30,Rear end,301,Same - Rear end,,Rear end,Car (sedan/hatch),Car (sedan/hatch),3,0,0,1,0,5,May,Autumn,Tuesday,16:00 - 17:59,PM peak / evening commute,True,False,True,True
1351951,Injury,Moderate Injury,2024,2024,April,Saturday,14:00 - 15:59,BRIDGMAN,RD,0,Right on the spot,GARDNER,CCT,SINGLETON HEIGHTS,,No,Not a school zone,T-junction,-32.541668,151.168291,Singleton,Country urban,Rest of NSW - Urban,Straight,,,,Nil,Sealed,Dry,Fine,Daylight,Nil,Give way sign,60 km/h,Local,13,Right near,104,Adj - Right-thru from right,,Right angle,Station wagon,Car (sedan/hatch),2,0,0,1,0,4,April,Autumn,Saturday,14:00 - 15:59,Midday / afternoon,False,False,True,True
1351952,Injury,Minor/Other Injury,2024,2024,May,Wednesday,08:00 - 09:59,VICTORIA,RD,0,Right on the spot,ALMA,ST,RYDALMERE,165.0,Yes,No,T-junction,-33.8131,151.04696,Parramatta,Sydney metro. area,Syd-Newc-Woll Gtr conurbation,Straight,Steep grade,,,Off,Sealed,Dry,Fine,Daylight,Nil,No traffic controls,70 km/h,State,30,Rear end,301,Same - Rear end,,Rear end,Large rigid,Car (sedan/hatch),2,0,0,0,1,5,May,Autumn,Wednesday,08:00 - 09:59,AM peak / school commute,True,False,True,True
1351954,Injury,Moderate Injury,2024,2024,March,Tuesday,08:00 - 09:59,BOBBIN HEAD,RD,0,Right on the spot,NAMBUCCA,ST,TURRAMURRA,366.0,No,Not a school zone,T-junction,-33.722611,151.140019,Ku-ring-gai,Sydney metro. area,Syd-Newc-Woll Gtr conurbation,Curved,Steep grade,,,Nil,Sealed,Dry,Fine,Daylight,Nil,Give way sign,50 km/h,Regional,88,Out of cont on bend,805,Out of control on bend,,Rollover,Pedal cycle,,1,0,0,1,0,3,March,Autumn,Tuesday,08:00 - 09:59,AM peak / school commute,True,False,True,True
1351955,Injury,Serious Injury,2024,2024,April,Monday,12:00 - 13:59,PACIFIC,HWY,20,North,BROOKLYN,RD,BROOKLYN,10.0,No,Not a school zone,2-way undivided,-33.545026,151.197578,Hornsby,Sydney metro. area,Syd-Newc-Woll Gtr conurbation,Straight,,,,Off,Sealed,Dry,Fine,Daylight,Nil,No traffic controls,80 km/h,State,40,U turn,304,Same - U-turn,,Other angle,Car (sedan/hatch),Motorcycle,2,0,1,0,0,4,April,Autumn,Monday,12:00 - 13:59,Midday / afternoon,False,False,True,True
1351957,Injury,Serious Injury,2024,2024,May,Sunday,00:01 - 01:59,CUMBERLAND,HWY,0,Right on the spot,VISCOUNT,PL,WARWICK FARM,13.0,No,Not a school zone,T-junction,-33.907847,150.918708,Liverpool,Sydney metro. area,Syd-Newc-Woll Gtr conurbation,Curved,,,,On,Sealed,Wet,Raining,Darkness,On,No traffic controls,70 km/h,State,13,Right near,104,Adj - Right-thru from right,,Right angle,Car (sedan/hatch),Light truck,2,0,1,2,0,5,May,Autumn,Sunday,00:01 - 01:59,Late night / early morning,False,False,True,True
1351958,Injury,Serious Injury,2024,2024,May,Saturday,12:00 - 13:59,HAIG,AVE,0,Right on the spot,ASHCROFT,ST,GEORGES HALL,7121.0,No,Not a school zone,X-intersection,-33.91358,150.978992,Canterbury-Bankstown,Sydney metro. area,Syd-Newc-Woll Gtr conurbation,Straight,,,,Off,Sealed,Wet,Overcast,Daylight,Nil,Give way sign,50 km/h,Regional,10,Cross traffic,101,Adj - Cross traffic,,Right angle,Car (sedan/hatch),Car (sedan/hatch),2,0,1,0,0,5,May,Autumn,Saturday,12:00 - 13:59,Midday / afternoon,False,False,True,True
1351959,Injury,Moderate Injury,2024,2024,May,Wednesday,12:00 - 13:59,GWYDIR,HWY,0,Right on the spot,PACIFIC,HWY,TYNDALE,12.0,No,Not a school zone,T-junction,-29.563298,153.147124,Clarence Valley,Country urban,Rest of NSW - Urban,Curved,,,,Nil,Sealed,Dry,Fine,Daylight,Nil,Stop sign,80 km/h,State,10,Cross traffic,101,Adj - Cross traffic,,Right angle,Light truck,Passenger van,2,0,0,1,0,5,May,Autumn,Wednesday,12:00 - 13:59,Midday / afternoon,False,False,True,True
1351962,Injury,Moderate Injury,2024,2024,May,Tuesday,22:00 - Midnight,VICTORIA,RD,100,South,WESTBOURNE,ST,DRUMMOYNE,165.0,No,Not a school zone,Divided road,-33.848112,151.152419,Canada Bay,Sydney metro. area,Syd-Newc-Woll Gtr conurbation,Straight,Steep grade,,,On,Sealed,Wet,Raining,Darkness,Nil,No traffic controls,60 km/h,State,74,On road-out of cont.,705,Out of control on cway,,Rollover,Motorcycle,,1,0,0,1,0,5,May,Autumn,Tuesday,22:00 - Midnight,Evening / night,False,False,True,True
1351967,Injury,Moderate Injury,2024,2024,April,Wednesday,16:00 - 17:59,UNNAMED,RD,0,Right on the spot,FINNAN PARK,OT,FERODALE,,No,Not a school zone,2-way undivided,-32.769883,151.792779,Port Stephens,Country urban,Rest of NSW - Urban,Curved,,,,Nil,Sealed,Dry,Fine,Daylight,Nil,No traffic controls,40 km/h,Local,85,Off rt/lft bnd=>obj,804,Off left bend into obj,Right,Vehicle - Object,4 wheel drive / SUV,,1,0,0,1,1,4,April,Autumn,Wednesday,16:00 - 17:59,PM peak / evening commute,True,False,True,True
1351968,Injury,Moderate Injury,2024,2024,May,Thursday,12:00 - 13:59,PACIFIC,HWY,50,North,RAVENSWOOD,AVE,GORDON,10.0,No,Not a school zone,Divided road,-33.758283,151.153681,Ku-ring-gai,Sydney metro. area,Syd-Newc-Woll Gtr conurbation,Straight,Steep grade,,,Off,Sealed,Wet,Raining,Daylight,Nil,No traffic controls,60 km/h,State,30,Rear end,301,Same - Rear end,,Rear end,Large rigid,Large rigid,2,0,0,1,0,5,May,Autumn,Thursday,12:00 - 13:59,Midday / afternoon,False,False,True,True
1351969,Injury,Serious Injury,2024,2024,May,Wednesday,10:00 - 11:59,CASTLEREAGH,HWY,0,Right on the spot,NUMBER 3357,HN,DUNEDOO,18.0,No,Not a school zone,2-way undivided,-32.105832,149.478921,Warrumbungle,Country non-urban,Rest of NSW - Rural,Straight,Driveway/entrance,,,Nil,Sealed,Dry,Fine,Daylight,Nil,No traffic controls,100 km/h,State,30,Rear end,301,Same - Rear end,,Rear end,Motorcycle,Motorcycle,2,0,1,0,0,5,May,Autumn,Wednesday,10:00 - 11:59,Midday / afternoon,False,False,True,True
1351970,Injury,Minor/Other Injury,2024,2024,May,Thursday,12:00 - 13:59,HAMPDEN,RD,40,North,HEREFORD,PL,SOUTH WENTWORTHVILLE,,No,Not a school zone,2-way undivided,-33.822114,150.964531,Cumberland,Sydney metro. area,Syd-Newc-Woll Gtr conurbation,Straight,Driveway/entrance,,,Off,Sealed,Dry,Fine,Daylight,Nil,No traffic controls,50 km/h,Local,21,Right through,202,Opp - Right-thru,,Other angle,Car (sedan/hatch),Car (sedan/hatch),4,0,0,0,2,5,May,Autumn,Thursday,12:00 - 13:59,Midday / afternoon,False,False,True,True
1351971,Injury,Serious Injury,2024,2024,April,Tuesday,14:00 - 15:59,LONGUEVILLE,RD,0,Right on the spot,PHOENIX,ST,LANE COVE,373.0,No,Not a school zone,T-junction,-33.812465,151.17149,Lane Cove,Sydney metro. area,Syd-Newc-Woll Gtr conurbation,Straight,Steep grade,,,Off,Sealed,Dry,Fine,Daylight,Nil,Give way sign,60 km/h,State,0,Ped nearside,1,Ped - Near side,,Vehicle - Pedestrian,Car (sedan/hatch),Pedestrian,2,0,1,0,0,4,April,Autumn,Tuesday,14:00 - 15:59,Midday / afternoon,False,False,True,True
1351975,Injury,Serious Injury,2024,2024,April,Sunday,08:00 - 09:59,PACIFIC,HWY,3,North,NUMBER 1296,HN,COWAN,10.0,No,Not a school zone,2-way undivided,-33.552366,151.193322,Hornsby,Sydney metro. area,Syd-Newc-Woll Gtr conurbation,Curved,,,,Nil,Sealed,Dry,Fine,Daylight,Nil,No traffic controls,50 km/h,State,20,Head on,201,Opp - Head on,,Head-on,Motorcycle,Motorcycle,2,0,1,1,0,4,April,Autumn,Sunday,08:00 - 09:59,AM peak / school commute,True,False,True,True
1351976,Injury,Minor/Other Injury,2024,2024,May,Monday,10:00 - 11:59,DUFFUS,RD,600,North,SHERWOOD CREEK,RD,UPPER CORINDI,,No,Not a school zone,2-way undivided,-30.034219,153.120084,Coffs Harbour,Country non-urban,Rest of NSW - Rural,Curved,Steep grade,,,Nil,Unsealed,Dry,Fine,Daylight,Nil,No traffic controls,100 km/h,Local,20,Head on,201,Opp - Head on,,Head-on,Car (sedan/hatch),Car (sedan/hatch),2,0,0,0,1,5,May,Autumn,Monday,10:00 - 11:59,Midday / afternoon,False,False,True,True
1351977,Injury,Moderate Injury,2024,2024,April,Friday,12:00 - 13:59,NORTHCOTE,ST,50,East,MITCHELL,AVE,KURRI KURRI,,No,Not a school zone,2-way undivided,-32.811055,151.480598,Cessnock,Country urban,Rest of NSW - Urban,Straight,,,,Off,Sealed,Dry,Fine,Daylight,Nil,No traffic controls,50 km/h,Local,73,Off rd rght => obj,704,Right off cway into obj,,Vehicle - Object,Light truck utility(from 2018),,1,0,0,1,0,4,April,Autumn,Friday,12:00 - 13:59,Midday / afternoon,False,False,True,True
1351979,Injury,Serious Injury,2024,2024,April,Friday,20:00 - 21:59,ALBANY,ST,0,Right on the spot,WILLOUGHBY,RD,CROWS NEST,,No,Not a school zone,X-intersection,-33.823843,151.200917,North Sydney,Sydney metro. area,Syd-Newc-Woll Gtr conurbation,Straight,,,,On,Sealed,Wet,Raining,Darkness,On,No traffic controls,50 km/h,Local,21,Right through,202,Opp - Right-thru,,Other angle,4 wheel drive / SUV,Motor scooter,2,0,1,0,0,4,April,Autumn,Friday,20:00 - 21:59,Evening / night,False,False,True,True
1351980,Injury,Moderate Injury,2024,2024,May,Thursday,06:00 - 07:59,PACIFIC,HWY,0,Right on the spot,DUFF,ST,TURRAMURRA,10.0,No,Not a school zone,T-junction,-33.732738,151.126388,Ku-ring-gai,Sydney metro. area,Syd-Newc-Woll Gtr conurbation,Straight,,,,Off,Sealed,Dry,Fine,Daylight,Nil,No traffic controls,60 km/h,State,0,Ped nearside,1,Ped - Near side,,Vehicle - Pedestrian,Light truck,Pedestrian,2,0,0,1,0,5,May,Autumn,Thursday,06:00 - 07:59,AM peak / school commute,True,False,True,True
1351984,Injury,Moderate Injury,2024,2024,April,Thursday,06:00 - 07:59,BANKS,ST,0,Right on the spot,LAWES,ST,EAST MAITLAND,,No,Not a school zone,X-intersection,-32.74615,151.585724,Maitland,Country urban,Rest of NSW - Urban,Straight,Foot/cycle path/nature strip,,,Nil,Sealed,Dry,Fine,Darkness,Nil,Stop sign,50 km/h,Local,13,Right near,104,Adj - Right-thru from right,,Right angle,Car (sedan/hatch),Pedal cycle,2,0,0,1,0,4,April,Autumn,Thursday,06:00 - 07:59,AM peak / school commute,True,False,True,True
1351985,Injury,Moderate Injury,2024,2024,March,Sunday,12:00 - 13:59,MITCHELL,HWY,200,North,SUMMER HILL,LANE,LUCKNOW,7.0,No,Not a school zone,2-way undivided,-33.332638,149.153719,Orange,Country non-urban,Rest of NSW - Rural,Straight,,,,Off,Sealed,Dry,Fine,Daylight,Nil,No traffic controls,100 km/h,State,40,U turn,304,Same - U-turn,,Other angle,Light truck utility(from 2018),4 wheel drive / SUV,2,0,0,1,0,3,March,Autumn,Sunday,12:00 - 13:59,Midday / afternoon,False,False,True,True
1351986,Injury,Moderate Injury,2024,2024,April,Saturday,06:00 - 07:59,ACACIA,ST,0,Right on the spot,FULLER,ST,COLLAROY PLATEAU,,No,Not a school zone,X-intersection,-33.725866,151.288099,Northern Beaches,Sydney metro. area,Syd-Newc-Woll Gtr conurbation,Straight,,,,Off,Sealed,Wet,Overcast,Daylight,Nil,Give way sign,50 km/h,Local,11,Right far,102,Adj - Right-thru from left,,Right angle,Car (sedan/hatch),4 wheel drive / SUV,2,0,0,1,0,4,April,Autumn,Saturday,06:00 - 07:59,AM peak / school commute,True,False,True,True
1351988,Injury,Serious Injury,2024,2024,April,Monday,08:00 - 09:59,JAMES,ST,0,Right on the spot,SOUTH,ST,WINDALE,,No,Not a school zone,X-intersection,-32.991598,151.681946,Lake Macquarie,Newcastle met. area,Syd-Newc-Woll Gtr conurbation,Straight,,,,Off,Sealed,Dry,Fine,Daylight,Nil,No traffic controls,60 km/h,Local,21,Right through,202,Opp - Right-thru,,Other angle,Car (sedan/hatch),Car (sedan/hatch),2,0,1,2,0,4,April,Autumn,Monday,08:00 - 09:59,AM peak / school commute,True,False,True,True
1351991,Injury,Moderate Injury,2024,2024,May,Tuesday,12:00 - 13:59,PARKER,ST,0,Right on the spot,UPPER,ST,BEGA,,No,Not a school zone,X-intersection,-36.67732,149.845142,Bega Valley,Country urban,Rest of NSW - Urban,Straight,Steep grade,,,Off,Sealed,Dry,Fine,Daylight,Nil,Give way sign,50 km/h,Local,10,Cross traffic,101,Adj - Cross traffic,,Right angle,4 wheel drive / SUV,4 wheel drive / SUV,2,0,0,3,0,5,May,Autumn,Tuesday,12:00 - 13:59,Midday / afternoon,False,False,True,True
1351993,Injury,Minor/Other Injury,2024,2024,April,Tuesday,12:00 - 13:59,RICHMOND,RD,150,South,TOWNSON,RD,COLEBEE,537.0,No,Not a school zone,Divided road,-33.71901,150.844293,Blacktown,Sydney metro. area,Syd-Newc-Woll Gtr conurbation,Straight,,,,Nil,Sealed,Dry,Fine,Daylight,Nil,No traffic controls,80 km/h,State,30,Rear end,301,Same - Rear end,,Rear end,Light truck,Light truck utility(from 2018),2,0,0,0,1,4,April,Autumn,Tuesday,12:00 - 13:59,Midday / afternoon,False,False,True,True
1351997,Injury,Serious Injury,2024,2024,May,Saturday,16:00 - 17:59,GLEN ALICE,RD,1200,South,DABEE,RD,KANDOS,,No,Not a school zone,2-way undivided,-32.843255,150.021429,Mid-Western Regional,Country non-urban,Rest of NSW - Rural,Curved,Steep grade,,,Nil,Sealed,Wet,Overcast,Dusk,Nil,No traffic controls,100 km/h,Local,81,Off left/rt bnd=>obj,803,Off right bend into obj,Left,Vehicle - Object,Light truck utility(from 2018),,1,0,1,0,0,5,May,Autumn,Saturday,16:00 - 17:59,PM peak / evening commute,True,False,True,True
1351998,Injury,Serious Injury,2024,2024,April,Thursday,16:00 - 17:59,SUSSEX INLET,RD,0,Right on the spot,JACOBS,DR,SUSSEX INLET,7633.0,No,Not a school zone,T-junction,-35.15861,150.584352,Shoalhaven,Country urban,Rest of NSW - Urban,Straight,,,,Off,Sealed,Dry,Fine,Daylight,Nil,Give way sign,50 km/h,Regional,21,Right through,202,Opp - Right-thru,,Other angle,Car (sedan/hatch),4 wheel drive / SUV,2,0,1,0,4,4,April,Autumn,Thursday,16:00 - 17:59,PM peak / evening commute,True,False,True,True
1352005,Injury,Serious Injury,2024,2024,March,Sunday,16:00 - 17:59,EXCELSIOR,PDE,0,Right on the spot,NUMBER 153,HN,TORONTO,,No,Not a school zone,2-way undivided,-33.021682,151.602019,Lake Macquarie,Newcastle met. area,Syd-Newc-Woll Gtr conurbation,Straight,Driveway/entrance,,,Nil,Sealed,Dry,Fine,Daylight,Nil,No traffic controls,50 km/h,Local,47,Emerging from drive,406,Manov - Emerging from driveway,,Right angle,Car (sedan/hatch),Car (sedan/hatch),4,0,1,0,0,3,March,Autumn,Sunday,16:00 - 17:59,PM peak / evening commute,True,False,True,True
1352007,Injury,Minor/Other Injury,2024,2024,May,Monday,04:00 - 05:59,PACIFIC,HWY,0,Right on the spot,PEMELL,ST,WYOMING,10.0,No,Not a school zone,Roundabout,-33.409027,151.350339,Central Coast,Country urban,Syd-Newc-Woll Gtr conurbation,Curved,,,,On,Sealed,Wet,Raining,Darkness,Nil,Give way sign,60 km/h,State,10,Cross traffic,101,Adj - Cross traffic,,Right angle,4 wheel drive / SUV,4 wheel drive / SUV,2,0,0,0,1,5,May,Autumn,Monday,04:00 - 05:59,Late night / early morning,False,False,True,True
1352015,Injury,Minor/Other Injury,2024,2024,April,Thursday,16:00 - 17:59,MULLIGANS FLAT,RD,400,West,READ,RD,SUTTON,,No,Not a school zone,2-way undivided,-35.141799,149.186944,Yass Valley,Country non-urban,Rest of NSW - Rural,Straight,Ditch/drain/culvert,,,Nil,Sealed,Dry,Fine,Daylight,Nil,No traffic controls,100 km/h,Local,73,Off rd rght => obj,704,Right off cway into obj,,Vehicle - Object,Car (sedan/hatch),,1,0,0,0,2,4,April,Autumn,Thursday,16:00 - 17:59,PM peak / evening commute,True,False,True,True
1352018,Injury,Moderate Injury,2024,2024,May,Saturday,14:00 - 15:59,OCEAN,DR,0,Right on the spot,HOUSTON MITCHELL,DR,LAKE CATHIE,600.0,No,Not a school zone,Roundabout,-31.566958,152.82737,Port Macquarie-Hastings,Country urban,Rest of NSW - Urban,Curved,,,,Off,Sealed,Wet,Raining,Daylight,Nil,Give way sign,70 km/h,Regional,10,Cross traffic,101,Adj - Cross traffic,,Right angle,4 wheel drive / SUV,Light truck utility(from 2018),3,0,0,2,0,5,May,Autumn,Saturday,14:00 - 15:59,Midday / afternoon,False,False,True,True
1352019,Injury,Moderate Injury,2024,2024,April,Wednesday,20:00 - 21:59,BUNGARRIBEE,RD,0,Right on the spot,LANCASTER,ST,BLACKTOWN,7465.0,No,Not a school zone,T-junction,-33.775256,150.891405,Blacktown,Sydney metro. area,Syd-Newc-Woll Gtr conurbation,Straight,,,,On,Sealed,Wet,Raining,Darkness,On,No traffic controls,60 km/h,Regional,21,Right through,202,Opp - Right-thru,,Other angle,Car (sedan/hatch),Car (sedan/hatch),2,0,0,1,1,4,April,Autumn,Wednesday,20:00 - 21:59,Evening / night,False,False,True,True
1352020,Injury,Minor/Other Injury,2024,2024,April,Sunday,12:00 - 13:59,SHOWGROUND,RD,100,North,CARRINGTON,RD,CASTLE HILL,157.0,No,Not a school zone,Divided road,-33.725885,150.989325,The Hills,Sydney metro. area,Syd-Newc-Woll Gtr conurbation,Straight,Steep grade,,,Off,Sealed,Dry,Fine,Daylight,Nil,No traffic controls,60 km/h,State,30,Rear end,301,Same - Rear end,,Rear end,4 wheel drive / SUV,Car (sedan/hatch),2,0,0,0,1,4,April,Autumn,Sunday,12:00 - 13:59,Midday / afternoon,False,False,True,True
1352027,Injury,Serious Injury,2024,2024,April,Thursday,12:00 - 13:59,OLD PITT TOWN,RD,100,South,SCHOFIELD,RD,OAKVILLE,,No,Not a school zone,2-way undivided,-33.607695,150.876592,Hawkesbury,Country urban,Syd-Newc-Woll Gtr conurbation,Curved,,,"Loose gravel, sealed",Nil,Sealed,Dry,Fine,Daylight,Nil,No traffic controls,70 km/h,Local,88,Out of cont on bend,805,Out of control on bend,,Rollover,Motorcycle,,1,0,1,0,0,4,April,Autumn,Thursday,12:00 - 13:59,Midday / afternoon,False,False,True,True
1352028,Injury,Serious Injury,2024,2024,May,Tuesday,08:00 - 09:59,MID WESTERN,HWY,2000,West,DRIFTWAY,RD,CARAGABAL,6.0,No,Not a school zone,2-way undivided,-33.853216,147.839931,Weddin,Country non-urban,Rest of NSW - Rural,Straight,Ditch/drain/culvert,,,Nil,Sealed,Dry,Fine,Daylight,Nil,No traffic controls,100 km/h,State,71,Off rd left => obj,703,Left off cway into object,,Vehicle - Object,Car (sedan/hatch),,1,0,1,0,0,5,May,Autumn,Tuesday,08:00 - 09:59,AM peak / school commute,True,False,True,True
1352033,Injury,Serious Injury,2024,2024,May,Sunday,14:00 - 15:59,M7 WESTLINK,EXP,1850,South,WESTERN EXPRESSWAY,TO,EASTERN CREEK,6009.0,No,Not a school zone,Dual freeway,-33.820605,150.852306,Blacktown,Sydney metro. area,Syd-Newc-Woll Gtr conurbation,Curved,,,,Nil,Sealed,Dry,Fine,Daylight,Nil,No traffic controls,100 km/h,State,85,Off rt/lft bnd=>obj,804,Off left bend into obj,Right,Vehicle - Object,Light truck utility(from 2018),,2,0,1,1,0,5,May,Autumn,Sunday,14:00 - 15:59,Midday / afternoon,False,False,True,True
1352036,Injury,Moderate Injury,2024,2024,May,Tuesday,08:00 - 09:59,ORARA,WAY,0,Right on the spot,POLEY HOUSE,RD,BRAUNSTONE,151.0,No,Not a school zone,T-junction,-29.806402,152.964098,Clarence Valley,Country non-urban,Rest of NSW - Rural,Straight,,,,Nil,Sealed,Dry,Fine,Daylight,Nil,No traffic controls,100 km/h,Regional,54,Cutting in,504,Ovtak - Cutting in,,Other angle,Light truck utility(from 2018),Car (sedan/hatch),2,0,0,2,0,5,May,Autumn,Tuesday,08:00 - 09:59,AM peak / school commute,True,False,True,True
1352038,Injury,Moderate Injury,2024,2024,May,Monday,06:00 - 07:59,AIRPORT,DR,50,North,LINK,RD,TEMPE,,No,Not a school zone,Divided road,-33.925957,151.165777,Inner West,Sydney metro. area,Syd-Newc-Woll Gtr conurbation,Straight,,,,Nil,Sealed,Wet,Overcast,Dawn,Nil,No traffic controls,60 km/h,Local,30,Rear end,301,Same - Rear end,,Rear end,Car (sedan/hatch),Car (sedan/hatch),2,0,0,1,0,5,May,Autumn,Monday,06:00 - 07:59,AM peak / school commute,True,False,True,True
1352039,Injury,Minor/Other Injury,2024,2024,May,Tuesday,20:00 - 21:59,GREAT WESTERN,HWY,0,Right on the spot,FRENCH,ST,WERRINGTON,5.0,No,Not a school zone,X-intersection,-33.762106,150.734976,Penrith,Sydney metro. area,Syd-Newc-Woll Gtr conurbation,Straight,,,,On,Sealed,Wet,Raining,Darkness,On,No traffic controls,60 km/h,State,21,Right through,202,Opp - Right-thru,,Other angle,Unknown motor vehicle,Motorcycle,2,0,0,0,1,5,May,Autumn,Tuesday,20:00 - 21:59,Evening / night,False,False,True,True
1352041,Injury,Moderate Injury,2024,2024,April,Friday,08:00 - 09:59,NORTHLAKES,DR,20,East,MORETON,AVE,CAMERON PARK,,No,Not a school zone,2-way undivided,-32.905496,151.604782,Lake Macquarie,Newcastle met. area,Syd-Newc-Woll Gtr conurbation,Curved,Steep grade,,,Off,Sealed,Wet,Raining,Daylight,Nil,No traffic controls,50 km/h,Local,81,Off left/rt bnd=>obj,803,Off right bend into obj,Left,Other angle,Car (sedan/hatch),Station wagon,2,0,0,1,0,4,April,Autumn,Friday,08:00 - 09:59,AM peak / school commute,True,False,True,True
1352043,Injury,Moderate Injury,2024,2024,May,Saturday,18:00 - 19:59,MERRYLANDS,RD,0,Right on the spot,WINDSOR,RD,MERRYLANDS,7250.0,No,Not a school zone,T-junction,-33.835634,150.985465,Cumberland,Sydney metro. area,Syd-Newc-Woll Gtr conurbation,Straight,,,,Unknown / not stated,Sealed,Unknown,Unknown,Darkness,Nil,Give way sign,60 km/h,Regional,21,Right through,202,Opp - Right-thru,,Other angle,Car (sedan/hatch),Car (sedan/hatch),2,0,0,1,0,5,May,Autumn,Saturday,18:00 - 19:59,PM peak / evening commute,True,False,True,True
1352046,Injury,Moderate Injury,2024,2024,May,Monday,10:00 - 11:59,PRINCES,HWY,0,Right on the spot,CHURCH,ST,MORUYA,1.0,No,Not a school zone,T-junction,-35.909233,150.081,Eurobodalla,Country urban,Rest of NSW - Urban,Straight,,,,Off,Sealed,Dry,Overcast,Daylight,On,No traffic controls,50 km/h,State,10,Cross traffic,101,Adj - Cross traffic,,Right angle,Car (sedan/hatch),Car (sedan/hatch),2,0,0,1,0,5,May,Autumn,Monday,10:00 - 11:59,Midday / afternoon,False,False,True,True