crash_id,degree_of_crash,degree_of_crash_-_detailed,reporting_year,year_of_crash,month_of_crash,day_of_week_of_crash,two-hour_intervals,street_of_crash,street_type,distance,direction,identifying_feature,identifying_feature_type,town,route_no.,school_zone_location,school_zone_active,type_of_location,latitude,longitude,lga,urbanisation,conurbation_1,alignment,primary_permanent_feature,primary_temporary_feature,primary_hazardous_feature,street_lighting,road_surface,surface_condition,weather,natural_lighting,signals_operation,other_traffic_control,speed_limit,road_classification_(admin),rum_-_code,rum_-_description,dca_-_code,dca_-_description,dca_supplement,first_impact_type,key_tu_type,other_tu_type,no._of_traffic_units_involved,no._killed,no._seriously_injured,no._moderately_injured,no._minor-other_injured,month_num,month_label,season,day_label,time_label,time_band,is_peak_commute,is_fatal,is_injury,is_casualty
1352055,Injury,Serious Injury,2024,2024,May,Saturday,08:00 - 09:59,MITCHELL,HWY,3000,South,OLD SYDNEY,RD,APSLEY,7.0,No,Not a school zone,2-way undivided,-32.603679,148.949898,Dubbo Regional,Country non-urban,Rest of NSW - Rural,Straight,,,,Off,Sealed,Wet,Raining,Daylight,Nil,No traffic controls,100 km/h,State,74,On road-out of cont.,705,Out of control on cway,,Rollover,Motorcycle,,1,0,1,0,0,5,May,Autumn,Saturday,08:00 - 09:59,AM peak / school commute,True,False,True,True
1352056,Injury,Moderate Injury,2024,2024,May,Wednesday,06:00 - 07:59,NEW ENGLAND,HWY,150,North,HOYS,RD,ARMIDALE,9.0,No,Not a school zone,2-way undivided,-30.477726,151.680791,Armidale Regional,Country non-urban,Rest of NSW - Rural,Curved,Embankment/cutting,,,Nil,Sealed,Wet,Overcast,Daylight,Nil,No traffic controls,100 km/h,State,81,Off left/rt bnd=>obj,803,Off right bend into obj,Left,Vehicle - Object,Light truck utility(from 2018),,1,0,0,1,0,5,May,Autumn,Wednesday,06:00 - 07:59,AM peak / school commute,True,False,True,True
1352057,Injury,Serious Injury,2024,2024,April,Monday,20:00 - 21:59,BARRENJOEY,RD,10,South,BEACH,RD,PALM BEACH,164.0,No,Not a school zone,T-junction,-33.59248,151.32139,Northern Beaches,Sydney metro. area,Syd-Newc-Woll Gtr conurbation,Curved,Painted double centre lines,,,On,Sealed,Dry,Fine,Darkness,Nil,Give way sign,40 km/h,State,20,Head on,201,Opp - Head on,,Head-on,Motorcycle,4 wheel drive / SUV,2,0,1,0,0,4,April,Autumn,Monday,20:00 - 21:59,Evening / night,False,False,True,True
1352058,Injury,Moderate Injury,2024,2024,May,Monday,18:00 - 19:59,RABY,RD,1350,South,THUNDERBOLT,DR,GLEDSWOOD HILLS,7194.0,No,Not a school zone,2-way undivided,-34.003985,150.795702,Camden,Sydney metro. area,Syd-Newc-Woll Gtr conurbation,Curved,Steep grade,,,Nil,Sealed,Wet,Raining,Darkness,Nil,No traffic controls,80 km/h,Regional,83,Off rt/rt bnd=>obj,803,Off right bend into obj,Right,Vehicle - Object,Car (sedan/hatch),,1,0,0,1,0,5,May,Autumn,Monday,18:00 - 19:59,PM peak / evening commute,True,False,True,True
1352059,Injury,Moderate Injury,2024,2024,May,Thursday,16:00 - 17:59,UNIVERSITY,DR,0,Right on the spot,STANNETT,ST,CALLAGHAN,605.0,No,Not a school zone,X-intersection,-32.896925,151.70617,Newcastle,Newcastle met. area,Syd-Newc-Woll Gtr conurbation,Curved,,,,On,Sealed,Dry,Overcast,Darkness,On,No traffic controls,60 km/h,State,21,Right through,202,Opp - Right-thru,,Other angle,4 wheel drive / SUV,4 wheel drive / SUV,3,0,0,1,0,5,May,Autumn,Thursday,16:00 - 17:59,PM peak / evening commute,True,False,True,True
1352060,Injury,Serious Injury,2024,2024,April,Monday,18:00 - 19:59,ANNANGROVE,RD,500,North,EDWARDS,RD,ROUSE HILL,7141.0,No,Not a school zone,2-way undivided,-33.658499,150.92792,The Hills,Sydney metro. area,Syd-Newc-Woll Gtr conurbation,Curved,Steep grade,,,Nil,Sealed,Dry,Fine,Darkness,Nil,No traffic controls,70 km/h,Regional,87,Off lft/lft bnd=>obj,804,Off left bend into obj,Left,Vehicle - Object,Pedal cycle,,1,0,1,0,0,4,April,Autumn,Monday,18:00 - 19:59,PM peak / evening commute,True,False,True,True
1352063,Injury,Serious Injury,2024,2024,April,Friday,10:00 - 11:59,ELIZABETH,DR,0,Right on the spot,BONNYRIGG,AVE,BONNYRIGG,535.0,No,Not a school zone,T-junction,-33.890476,150.884956,Fairfield,Sydney metro. area,Syd-Newc-Woll Gtr conurbation,Straight,,Police pursuit,,Off,Sealed,Dry,Fine,Daylight,On,No traffic controls,70 km/h,State,23,Right/left,203,Opp - Right-left,,Other angle,Light truck utility(from 2018),4 wheel drive / SUV,2,0,2,0,0,4,April,Autumn,Friday,10:00 - 11:59,Midday / afternoon,False,False,True,True
1352064,Injury,Moderate Injury,2024,2024,May,Wednesday,02:00 - 03:59,NEW ENGLAND,HWY,15,East,KARWIN,ST,SOUTH TAMWORTH,9.0,No,Not a school zone,2-way undivided,-31.11072,150.925728,Tamworth Regional,Country urban,Rest of NSW - Urban,Straight,,,,Nil,Sealed,Dry,Fine,Darkness,Nil,No traffic controls,60 km/h,State,20,Head on,201,Opp - Head on,,Head-on,Car (sedan/hatch),Light truck,2,0,0,1,0,5,May,Autumn,Wednesday,02:00 - 03:59,Late night / early morning,False,False,True,True
1352066,Injury,Serious Injury,2024,2024,May,Monday,12:00 - 13:59,LEISURE,DR,40,West,DARLINGTON,DR,BANORA POINT,,No,Not a school zone,2-way undivided,-28.214213,153.541595,Tweed,Country urban,Rest of NSW - Urban,Straight,,,,Off,Sealed,Wet,Fine,Daylight,Nil,No traffic controls,50 km/h,Local,35,Lane change left,307,Same - Lane change left,,Other angle,4 wheel drive / SUV,Motorcycle,2,0,1,0,0,5,May,Autumn,Monday,12:00 - 13:59,Midday / afternoon,False,False,True,True
1352067,Injury,Serious Injury,2024,2024,May,Monday,16:00 - 17:59,OLD LILYPOOL,RD,80,East,BESSIE,ST,SOUTH GRAFTON,,No,Not a school zone,2-way undivided,-29.737379,152.944918,Clarence Valley,Country urban,Rest of NSW - Urban,Curved,Steep grade,,,Nil,Sealed,Dry,Fine,Dusk,Nil,No traffic controls,60 km/h,Local,67,Struck animal,609,On path - Hit animal,,Vehicle - Animal,Motorcycle,,1,0,1,0,0,5,May,Autumn,Monday,16:00 - 17:59,PM peak / evening commute,True,False,True,True
1352068,Injury,Moderate Injury,2024,2024,May,Wednesday,08:00 - 09:59,CHANDOS,RD,0,Right on the spot,TRIVET,ST,WETHERILL PARK,,No,Not a school zone,L-junction,-33.835022,150.878877,Fairfield,Sydney metro. area,Syd-Newc-Woll Gtr conurbation,Curved,Painted double centre lines,,,Nil,Sealed,Wet,Raining,Daylight,Nil,No traffic controls,60 km/h,Local,20,Head on,201,Opp - Head on,,Head-on,Car (sedan/hatch),Light truck utility(from 2018),2,0,0,2,0,5,May,Autumn,Wednesday,08:00 - 09:59,AM peak / school commute,True,False,True,True
1352069,Injury,Moderate Injury,2024,2024,April,Wednesday,06:00 - 07:59,ILLAWARRA,HWY,30,East,EXETER,RD,SUTTON FOREST,25.0,No,Not a school zone,2-way undivided,-34.570871,150.317601,Wingecarribee,Country urban,Rest of NSW - Urban,Straight,Painted double centre lines,,,Nil,Sealed,Dry,Fine,Daylight,Nil,No traffic controls,60 km/h,State,20,Head on,201,Opp - Head on,,Head-on,Car (sedan/hatch),Car (sedan/hatch),2,0,0,1,0,4,April,Autumn,Wednesday,06:00 - 07:59,AM peak / school commute,True,False,True,True
1352071,Injury,Minor/Other Injury,2024,2024,May,Wednesday,20:00 - 21:59,MARSDEN,RD,0,Right on the spot,MILLER,AVE,DUNDAS VALLEY,158.0,No,Not a school zone,T-junction,-33.794529,151.065467,Parramatta,Sydney metro. area,Syd-Newc-Woll Gtr conurbation,Straight,,,,Nil,Sealed,Dry,Fine,Daylight,Nil,Give way sign,60 km/h,State,37,Left turn sideswipe,309,Same - Left turn side swipe,,Other angle,Car (sedan/hatch),Car (sedan/hatch),2,0,0,0,1,5,May,Autumn,Wednesday,20:00 - 21:59,Evening / night,False,False,True,True
1352073,Injury,Serious Injury,2024,2024,April,Friday,10:00 - 11:59,CENTRAL COAST,HWY,0,Right on the spot,MAGENTA DRIVE,TO,MAGENTA,30.0,No,Not a school zone,Divided road,-33.310276,151.520422,Central Coast,Country urban,Syd-Newc-Woll Gtr conurbation,Straight,,,,Off,Sealed,Dry,Fine,Daylight,Nil,No traffic controls,80 km/h,State,34,Lane change right,306,Same - Lane change right,,Other angle,Car (sedan/hatch),Passenger van,2,0,1,0,1,4,April,Autumn,Friday,10:00 - 11:59,Midday / afternoon,False,False,True,True
1352075,Injury,Serious Injury,2024,2024,April,Sunday,20:00 - 21:59,HUME,HWY,500,South,EAST STREET,OP,EAST ALBURY,2.0,No,Not a school zone,2-way undivided,-36.094888,146.921742,Albury,Country urban,Rest of NSW - Urban,Curved,,Roadwks/Detour/Diverson,,Nil,Sealed,Dry,Fine,Darkness,Nil,No traffic controls,40 km/h,State,30,Rear end,301,Same - Rear end,,Rear end,Utility,Car (sedan/hatch),2,0,2,0,1,4,April,Autumn,Sunday,20:00 - 21:59,Evening / night,False,False,True,True
1352077,Injury,Serious Injury,2024,2024,May,Wednesday,06:00 - 07:59,AUSTRALIA,AVE,0,Right on the spot,BENNELONG,PKWY,SYDNEY OLYMPIC PARK,,No,Not a school zone,X-intersection,-33.849819,151.07391,Parramatta,Sydney metro. area,Syd-Newc-Woll Gtr conurbation,Straight,,,,On,Sealed,Dry,Fine,Dawn,On,No traffic controls,60 km/h,Local,21,Right through,202,Opp - Right-thru,,Other angle,Station wagon,Car (sedan/hatch),2,0,1,0,0,5,May,Autumn,Wednesday,06:00 - 07:59,AM peak / school commute,True,False,True,True
1352089,Injury,Moderate Injury,2024,2024,May,Wednesday,16:00 - 17:59,ANZAC,PDE,0,Right on the spot,BEAUCHAMP,RD,MATRAVILLE,661.0,No,Not a school zone,X-intersection,-33.953043,151.241757,Randwick,Sydney metro. area,Syd-Newc-Woll Gtr conurbation,Straight,,,,Unknown / not stated,Sealed,Dry,Fine,Daylight,On,No traffic controls,60 km/h,State,31,Left rear,302,Same - Rear left,,Rear end,Large rigid,Station wagon,2,0,0,1,0,5,May,Autumn,Wednesday,16:00 - 17:59,PM peak / evening commute,True,False,True,True
1352090,Injury,Moderate Injury,2024,2024,January,Tuesday,10:00 - 11:59,EDGECLIFF,RD,0,Right on the spot,WALLIS,ST,WOOLLAHRA,,No,Not a school zone,T-junction,-33.889009,151.244425,Woollahra,Sydney metro. area,Syd-Newc-Woll Gtr conurbation,Curved,Steep grade,,,Unknown / not stated,Sealed,Dry,Overcast,Daylight,Nil,Give way sign,50 km/h,Local,13,Right near,104,Adj - Right-thru from right,,Right angle,4 wheel drive / SUV,4 wheel drive / SUV,3,0,0,1,0,1,January,Summer,Tuesday,10:00 - 11:59,Midday / afternoon,False,False,True,True
1352091,Injury,Moderate Injury,2024,2024,May,Thursday,10:00 - 11:59,PEEL,ST,0,Right on the spot,MACQUARIE,ST,TAMWORTH,63.0,No,Not a school zone,T-junction,-31.085207,150.924792,Tamworth Regional,Country urban,Rest of NSW - Urban,Straight,,,,Unknown / not stated,Sealed,Dry,Fine,Daylight,Nil,Give way sign,60 km/h,State,21,Right through,202,Opp - Right-thru,,Other angle,Car (sedan/hatch),Car (sedan/hatch),2,0,0,1,0,5,May,Autumn,Thursday,10:00 - 11:59,Midday / afternoon,False,False,True,True
1352092,Injury,Minor/Other Injury,2024,2024,February,Thursday,14:00 - 15:59,CHISHOLM,RD,0,Right on the spot,MONA,ST,AUBURN,7467.0,No,Not a school zone,X-intersection,-33.848218,151.021447,Cumberland,Sydney metro. area,Syd-Newc-Woll Gtr conurbation,Straight,,,,Unknown / not stated,Sealed,Dry,Fine,Daylight,On,No traffic controls,50 km/h,Regional,30,Rear end,301,Same - Rear end,,Rear end,Car (sedan/hatch),4 wheel drive / SUV,2,0,0,0,1,2,February,Summer,Thursday,14:00 - 15:59,Midday / afternoon,False,False,True,True
1352094,Injury,Moderate Injury,2024,2024,May,Thursday,00:01 - 01:59,DEVLIN,ST,0,Right on the spot,VICTORIA ROAD,TO,RYDE,200.0,No,Not a school zone,Other,-33.816152,151.102996,Ryde,Sydney metro. area,Syd-Newc-Woll Gtr conurbation,Curved,,,,Unknown / not stated,Sealed,Wet,Overcast,Darkness,Nil,No traffic controls,60 km/h,State,41,U turn into object,409,Manov - U-turn into fixed obje,,Vehicle - Object,Car (sedan/hatch),,1,0,0,1,0,5,May,Autumn,Thursday,00:01 - 01:59,Late night / early morning,False,False,True,True
1352096,Injury,Serious Injury,2024,2024,April,Monday,18:00 - 19:59,PACIFIC,HWY,0,Right on the spot,YAMBA ROAD,OP,JAMES CREEK,10.0,No,Not a school zone,Divided road,-29.433092,153.241182,Clarence Valley,Country non-urban,Rest of NSW - Rural,Straight,Other bridge,,,Nil,Sealed,Wet,Raining,Darkness,Nil,No traffic controls,110 km/h,Regional,71,Off rd left => obj,703,Left off cway into object,,Vehicle - Object,Car (sedan/hatch),,1,0,1,0,0,4,April,Autumn,Monday,18:00 - 19:59,PM peak / evening commute,True,False,True,True
1352097,Injury,Minor/Other Injury,2024,2024,April,Thursday,06:00 - 07:59,VICTORIA,RD,20,North,MITCHELL,ST,MARRICKVILLE,2021.0,No,Not a school zone,2-way undivided,-33.908143,151.163477,Inner West,Sydney metro. area,Syd-Newc-Woll Gtr conurbation,Straight,,,,Unknown / not stated,Sealed,Dry,Fine,Daylight,Nil,No traffic controls,60 km/h,Regional,42,Leaving parking,401,Manov - Leaving parking,,Other angle,Light truck,Car (sedan/hatch),2,0,0,0,1,4,April,Autumn,Thursday,06:00 - 07:59,AM peak / school commute,True,False,True,True
1352100,Injury,Moderate Injury,2024,2024,May,Saturday,20:00 - 21:59,HASTINGS RIVER,DR,0,Right on the spot,PARK,ST,PORT MACQUARIE,600.0,No,Not a school zone,Roundabout,-31.433266,152.899235,Port Macquarie-Hastings,Country urban,Rest of NSW - Urban,Curved,,,,Unknown / not stated,Sealed,Dry,Overcast,Darkness,Nil,No traffic controls,50 km/h,Regional,10,Cross traffic,101,Adj - Cross traffic,,Right angle,Car (sedan/hatch),Car (sedan/hatch),2,0,0,1,0,5,May,Autumn,Saturday,20:00 - 21:59,Evening / night,False,False,True,True
1352101,Injury,Minor/Other Injury,2024,2024,May,Thursday,18:00 - 19:59,KINGS,HWY,3000,West,GOULBURN,RD,MULLOON,51.0,No,Not a school zone,2-way undivided,-35.244683,149.630988,Queanbeyan-Palerang Regional,Country non-urban,Rest of NSW - Rural,Straight,,,,Unknown / not stated,Sealed,Wet,Raining,Darkness,On,No traffic controls,100 km/h,State,30,Rear end,301,Same - Rear end,,Rear end,4 wheel drive / SUV,Light truck utility(from 2018),3,0,0,0,5,5,May,Autumn,Thursday,18:00 - 19:59,PM peak / evening commute,True,False,True,True
1352108,Injury,Minor/Other Injury,2024,2024,May,Monday,14:00 - 15:59,GRIFFITHS,RD,0,Right on the spot,LAMBTON,RD,LAMBTON,82.0,No,Not a school zone,T-junction,-32.910204,151.716996,Newcastle,Newcastle met. area,Syd-Newc-Woll Gtr conurbation,Straight,,,,Unknown / not stated,Sealed,Dry,Overcast,Daylight,On,No traffic controls,60 km/h,State,21,Right through,202,Opp - Right-thru,,Other angle,Car (sedan/hatch),4 wheel drive / SUV,3,0,0,0,1,5,May,Autumn,Monday,14:00 - 15:59,Midday / afternoon,False,False,True,True
1352112,Injury,Minor/Other Injury,2024,2024,April,Wednesday,20:00 - 21:59,EASTERN VALLEY,WAY,0,Right on the spot,COVELEE,CCT,WILLOUGHBY EAST,599.0,No,Not a school zone,T-junction,-33.797279,151.209385,Willoughby,Sydney metro. area,Syd-Newc-Woll Gtr conurbation,Straight,,,,Unknown / not stated,Sealed,Wet,Overcast,Darkness,Nil,Stop sign,60 km/h,State,30,Rear end,301,Same - Rear end,,Rear end,4 wheel drive / SUV,4 wheel drive / SUV,2,0,0,0,1,4,April,Autumn,Wednesday,20:00 - 21:59,Evening / night,False,False,True,True
1352114,Injury,Serious Injury,2024,2024,April,Monday,06:00 - 07:59,ORAN PARK,DR,0,Right on the spot,PETER BROCK,DR,ORAN PARK,,No,Not a school zone,X-intersection,-34.001234,150.739485,Camden,Sydney metro. area,Syd-Newc-Woll Gtr conurbation,Straight,,,,Unknown / not stated,Sealed,Dry,Fine,Daylight,On,No traffic controls,60 km/h,Local,11,Right far,102,Adj - Right-thru from left,,Right angle,Car (sedan/hatch),4 wheel drive / SUV,2,0,1,1,0,4,April,Autumn,Monday,06:00 - 07:59,AM peak / school commute,True,False,True,True
1352115,Injury,Minor/Other Injury,2024,2024,May,Sunday,12:00 - 13:59,BRUNKER,RD,0,Right on the spot,NUMBWER 33,HN,YAGOONA,7117.0,No,Not a school zone,2-way undivided,-33.898882,151.035964,Canterbury-Bankstown,Sydney metro. area,Syd-Newc-Woll Gtr conurbation,Straight,,,,Unknown / not stated,Sealed,Dry,Fine,Daylight,Nil,No traffic controls,60 km/h,Regional,34,Lane change right,306,Same - Lane change right,,Other angle,Car (sedan/hatch),Car (sedan/hatch),2,0,0,0,1,5,May,Autumn,Sunday,12:00 - 13:59,Midday / afternoon,False,False,True,True
1352117,Injury,Moderate Injury,2024,2024,May,Wednesday,08:00 - 09:59,SYDNEY HARBOUR TUNNEL,MS,0,Right on the spot,TUNNEL,ENT,SYDNEY,6092.0,No,Not a school zone,Dual freeway,-33.861933,151.21372,Sydney,Sydney metro. area,Syd-Newc-Woll Gtr conurbation,Straight,Underpass/tunnel,,,Unknown / not stated,Sealed,Dry,Fine,Daylight,Nil,No traffic controls,80 km/h,State,9,Ped other,0,Ped - other,,Vehicle - Pedestrian,Car (sedan/hatch),Pedestrian,2,0,0,1,0,5,May,Autumn,Wednesday,08:00 - 09:59,AM peak / school commute,True,False,True,True
1352122,Injury,Moderate Injury,2024,2024,April,Tuesday,02:00 - 03:59,CHURCH,ST,0,Right on the spot,TUROSS,ST,ALBION PARK,,Yes,No,T-junction,-34.576059,150.765719,Shellharbour,Wollongong met. area,Syd-Newc-Woll Gtr conurbation,Straight,,,,Unknown / not stated,Sealed,Wet,Raining,Darkness,Nil,Stop sign,50 km/h,Local,11,Right far,102,Adj - Right-thru from left,,Right angle,4 wheel drive / SUV,Car (sedan/hatch),2,0,0,1,0,4,April,Autumn,Tuesday,02:00 - 03:59,Late night / early morning,False,False,True,True
1352123,Injury,Minor/Other Injury,2024,2024,May,Friday,16:00 - 17:59,BANKS,AVE,0,Right on the spot,WESTFIELD CAR PARK,ENT,EASTGARDENS,,No,Not a school zone,Divided road,-33.944419,151.222214,Bayside,Sydney metro. area,Syd-Newc-Woll Gtr conurbation,Straight,Driveway/entrance,,,Unknown / not stated,Sealed,Dry,Fine,Dusk,Nil,Give way sign,50 km/h,Local,34,Lane change right,306,Same - Lane change right,,Other angle,Semi-trailer,Passenger van,2,0,0,0,1,5,May,Autumn,Friday,16:00 - 17:59,PM peak / evening commute,True,False,True,True
1352125,Injury,Moderate Injury,2024,2024,April,Sunday,20:00 - 21:59,ABBOTSFORD,RD,500,West,FAIRLEYS,RD,PICTON,,No,Not a school zone,2-way undivided,-34.158004,150.599559,Wollondilly,Country urban,Syd-Newc-Woll Gtr conurbation,Curved,,,,Unknown / not stated,Sealed,Dry,Fine,Darkness,Nil,No traffic controls,80 km/h,Local,88,Out of cont on bend,805,Out of control on bend,,Rollover,Car (sedan/hatch),,1,0,0,1,0,4,April,Autumn,Sunday,20:00 - 21:59,Evening / night,False,False,True,True
1352126,Injury,Moderate Injury,2024,2024,May,Thursday,14:00 - 15:59,HURLEY,ST,200,North,RAILWAY,ST,CAMPBELLTOWN,7200.0,No,Not a school zone,Divided road,-34.062883,150.815812,Campbelltown,Sydney metro. area,Syd-Newc-Woll Gtr conurbation,Straight,,,,Unknown / not stated,Sealed,Dry,Fine,Daylight,Nil,No traffic controls,60 km/h,Regional,30,Rear end,301,Same - Rear end,,Rear end,Car (sedan/hatch),Car (sedan/hatch),2,0,0,1,0,5,May,Autumn,Thursday,14:00 - 15:59,Midday / afternoon,False,False,True,True
1352127,Injury,Minor/Other Injury,2024,2024,April,Sunday,12:00 - 13:59,PACIFIC,HWY,0,Right on the spot,FIGTREE,BVD,WADALBA,10.0,No,Not a school zone,X-intersection,-33.262809,151.464678,Central Coast,Country urban,Syd-Newc-Woll Gtr conurbation,Straight,,,,Nil,Sealed,Dry,Fine,Daylight,On,No traffic controls,70 km/h,State,30,Rear end,301,Same - Rear end,,Rear end,Light truck utility(from 2018),Passenger van,3,0,0,0,1,4,April,Autumn,Sunday,12:00 - 13:59,Midday / afternoon,False,False,True,True
1352128,Injury,Minor/Other Injury,2024,2024,May,Sunday,18:00 - 19:59,CUMBERLAND,HWY,90,North,VISTA,ST,OATLANDS,13.0,Yes,No,Divided road,-33.790597,151.021568,Parramatta,Sydney metro. area,Syd-Newc-Woll Gtr conurbation,Straight,,,,Unknown / not stated,Sealed,Wet,Raining,Darkness,Nil,No traffic controls,60 km/h,State,30,Rear end,301,Same - Rear end,,Rear end,Car (sedan/hatch),Light truck,2,0,0,0,1,5,May,Autumn,Sunday,18:00 - 19:59,PM peak / evening commute,True,False,True,True
1352130,Injury,Minor/Other Injury,2024,2024,May,Wednesday,08:00 - 09:59,CONCORD,RD,300,North,AVERILL,ST,RHODES,200.0,No,Not a school zone,Divided road,-33.82396,151.094221,Canada Bay,Sydney metro. area,Syd-Newc-Woll Gtr conurbation,Straight,Other bridge,,,Unknown / not stated,Sealed,Dry,Fine,Daylight,Nil,No traffic controls,70 km/h,State,30,Rear end,301,Same - Rear end,,Rear end,Car (sedan/hatch),4 wheel drive / SUV,2,0,0,0,1,5,May,Autumn,Wednesday,08:00 - 09:59,AM peak / school commute,True,False,True,True
1352137,Injury,Minor/Other Injury,2024,2024,April,Thursday,10:00 - 11:59,PRINCES,HWY,0,Right on the spot,PORT HACKING,RD,SYLVANIA,1.0,No,Not a school zone,X-intersection,-34.008057,151.105716,Sutherland,Sydney metro. area,Syd-Newc-Woll Gtr conurbation,Curved,,,,Unknown / not stated,Sealed,Dry,Fine,Daylight,On,No traffic controls,70 km/h,State,30,Rear end,301,Same - Rear end,,Rear end,4 wheel drive / SUV,Light truck utility(from 2018),2,0,0,0,1,4,April,Autumn,Thursday,10:00 - 11:59,Midday / afternoon,False,False,True,True
1352138,Injury,Serious Injury,2024,2024,May,Friday,14:00 - 15:59,PRINCES,HWY,50,North,WOODROW,PL,FIGTREE,1.0,No,Not a school zone,Divided road,-34.438637,150.858569,Wollongong,Wollongong met. area,Syd-Newc-Woll Gtr conurbation,Straight,,,,Unknown / not stated,Sealed,Dry,Fine,Daylight,Nil,No traffic controls,60 km/h,State,30,Rear end,301,Same - Rear end,,Rear end,Car (sedan/hatch),4 wheel drive / SUV,4,0,1,1,0,5,May,Autumn,Friday,14:00 - 15:59,Midday / afternoon,False,False,True,True
1352144,Injury,Minor/Other Injury,2024,2024,May,Wednesday,06:00 - 07:59,TAREN POINT,RD,0,Right on the spot,HOLT,RD,TAREN POINT,199.0,Yes,No,X-intersection,-34.019054,151.121919,Sutherland,Sydney metro. area,Syd-Newc-Woll Gtr conurbation,Straight,,,,Unknown / not stated,Sealed,Wet,Raining,Daylight,On,Give way sign,70 km/h,State,21,Right through,202,Opp - Right-thru,,Other angle,Car (sedan/hatch),Light truck utility(from 2018),2,0,0,0,1,5,May,Autumn,Wednesday,06:00 - 07:59,AM peak / school commute,True,False,True,True
1352145,Injury,Minor/Other Injury,2024,2024,May,Thursday,14:00 - 15:59,VICTORIA,RD,0,Right on the spot,EDWIN,ST,DRUMMOYNE,165.0,No,Not a school zone,X-intersection,-33.852571,151.155911,Canada Bay,Sydney metro. area,Syd-Newc-Woll Gtr conurbation,Straight,,,,Unknown / not stated,Sealed,Dry,Fine,Daylight,On,No traffic controls,60 km/h,State,30,Rear end,301,Same - Rear end,,Rear end,Car (sedan/hatch),Car (sedan/hatch),2,0,0,0,3,5,May,Autumn,Thursday,14:00 - 15:59,Midday / afternoon,False,False,True,True
1352149,Injury,Moderate Injury,2024,2024,May,Sunday,12:00 - 13:59,OALLEN FORD,RD,3500,North,BURDEN,DR,OALLEN,,No,Not a school zone,2-way undivided,-35.140737,149.959263,Goulburn Mulwaree,Country non-urban,Rest of NSW - Rural,Curved,,,,Unknown / not stated,Sealed,Wet,Raining,Daylight,Nil,No traffic controls,100 km/h,Local,81,Off left/rt bnd=>obj,803,Off right bend into obj,Left,Vehicle - Object,Light truck utility(from 2018),,1,0,0,1,0,5,May,Autumn,Sunday,12:00 - 13:59,Midday / afternoon,False,False,True,True
1352152,Injury,Moderate Injury,2024,2024,May,Saturday,16:00 - 17:59,RHONDDA,RD,500,East,WAKEFIELD,RD,WAKEFIELD,,No,Not a school zone,2-way undivided,-32.950929,151.58155,Lake Macquarie,Newcastle met. area,Syd-Newc-Woll Gtr conurbation,Curved,,,,Unknown / not stated,Sealed,Wet,Raining,Darkness,Nil,No traffic controls,80 km/h,Local,20,Head on,201,Opp - Head on,,Head-on,Car (sedan/hatch),Car (sedan/hatch),2,0,0,1,0,5,May,Autumn,Saturday,16:00 - 17:59,PM peak / evening commute,True,False,True,True
1352154,Injury,Moderate Injury,2024,2024,March,Friday,14:00 - 15:59,WELDON,ST,10,South,FITZROY,ST,BURWOOD,,No,Not a school zone,T-junction,-33.882272,151.106552,Burwood,Sydney metro. area,Syd-Newc-Woll Gtr conurbation,Straight,Steep grade,,,Unknown / not stated,Sealed,Dry,Fine,Daylight,Nil,No traffic controls,50 km/h,Local,39,Other same direction,300,Same - other,,Other angle,Light truck utility(from 2018),Car (sedan/hatch),2,0,0,1,0,3,March,Autumn,Friday,14:00 - 15:59,Midday / afternoon,False,False,True,True
1352155,Injury,Minor/Other Injury,2024,2024,May,Monday,06:00 - 07:59,PACIFIC,HWY,0,Right on the spot,LONGUEVILLE ROAD,TO,LANE COVE NORTH,10.0,No,Not a school zone,Divided road,-33.812066,151.175436,Lane Cove,Sydney metro. area,Syd-Newc-Woll Gtr conurbation,Straight,,,,Unknown / not stated,Sealed,Dry,Fine,Daylight,Nil,No traffic controls,60 km/h,State,30,Rear end,301,Same - Rear end,,Rear end,Other bus,Light truck utility(from 2018),3,0,0,0,1,5,May,Autumn,Monday,06:00 - 07:59,AM peak / school commute,True,False,True,True
1352157,Injury,Serious Injury,2024,2024,May,Monday,08:00 - 09:59,PRINCES,HWY,0,Right on the spot,PRESIDENT,AVE,SUTHERLAND,1.0,No,Not a school zone,X-intersection,-34.035088,151.066132,Sutherland,Sydney metro. area,Syd-Newc-Woll Gtr conurbation,Straight,,,,Unknown / not stated,Sealed,Dry,Fine,Daylight,On,No right turn,70 km/h,State,21,Right through,202,Opp - Right-thru,,Other angle,Light truck utility(from 2018),Car (sedan/hatch),2,0,1,1,0,5,May,Autumn,Monday,08:00 - 09:59,AM peak / school commute,True,False,True,True
1352158,Injury,Minor/Other Injury,2024,2024,April,Thursday,14:00 - 15:59,TUMBI,RD,0,Right on the spot,NUMBER 297,HN,WAMBERAL,7756.0,No,Not a school zone,2-way undivided,-33.38659,151.449113,Central Coast,Country urban,Syd-Newc-Woll Gtr conurbation,Straight,,,,Unknown / not stated,Sealed,Dry,Fine,Daylight,Nil,No traffic controls,70 km/h,Regional,30,Rear end,301,Same - Rear end,,Rear end,Light truck,Car (sedan/hatch),2,0,0,0,1,4,April,Autumn,Thursday,14:00 - 15:59,Midday / afternoon,False,False,True,True
1352163,Injury,Moderate Injury,2024,2024,May,Monday,06:00 - 07:59,HUME,HWY,7000,North,PICTON ROAD,OP,DOUGLAS PARK,2.0,No,Not a school zone,Dual freeway,-34.184105,150.720079,Wollondilly,Country non-urban,Syd-Newc-Woll Gtr conurbation,Straight,,,,Unknown / not stated,Sealed,Dry,Fine,Daylight,Nil,No traffic controls,110 km/h,State,73,Off rd rght => obj,704,Right off cway into obj,,Vehicle - Object,Light truck utility(from 2018),,1,0,0,1,0,5,May,Autumn,Monday,06:00 - 07:59,AM peak / school commute,True,False,True,True