crash_id,degree_of_crash,degree_of_crash_-_detailed,reporting_year,year_of_crash,month_of_crash,day_of_week_of_crash,two-hour_intervals,street_of_crash,street_type,distance,direction,identifying_feature,identifying_feature_type,town,route_no.,school_zone_location,school_zone_active,type_of_location,latitude,longitude,lga,urbanisation,conurbation_1,alignment,primary_permanent_feature,primary_temporary_feature,primary_hazardous_feature,street_lighting,road_surface,surface_condition,weather,natural_lighting,signals_operation,other_traffic_control,speed_limit,road_classification_(admin),rum_-_code,rum_-_description,dca_-_code,dca_-_description,dca_supplement,first_impact_type,key_tu_type,other_tu_type,no._of_traffic_units_involved,no._killed,no._seriously_injured,no._moderately_injured,no._minor-other_injured,month_num,month_label,season,day_label,time_label,time_band,is_peak_commute,is_fatal,is_injury,is_casualty
1352165,Injury,Serious Injury,2024,2024,May,Sunday,14:00 - 15:59,PACIFIC,HWY,200,North,DOG TRAP,RD,OURIMBAH,10.0,No,Not a school zone,Divided road,-33.352053,151.369977,Central Coast,Country urban,Syd-Newc-Woll Gtr conurbation,Curved,,,,Unknown / not stated,Sealed,Dry,Fine,Daylight,Nil,No traffic controls,60 km/h,State,81,Off left/rt bnd=>obj,803,Off right bend into obj,Left,Vehicle - Object,Car (sedan/hatch),,1,0,1,0,0,5,May,Autumn,Sunday,14:00 - 15:59,Midday / afternoon,False,False,True,True
1352166,Injury,Moderate Injury,2024,2024,May,Thursday,06:00 - 07:59,WESTERN,EXP,400,East,PROSPECT HIGHWAY,OP,PROSPECT,6004.0,No,Not a school zone,Dual freeway,-33.806115,150.920217,Blacktown,Sydney metro. area,Syd-Newc-Woll Gtr conurbation,Straight,,,,Unknown / not stated,Sealed,Dry,Fine,Dawn,Nil,No traffic controls,100 km/h,State,30,Rear end,301,Same - Rear end,,Rear end,Light truck utility(from 2018),Car (sedan/hatch),2,0,0,1,0,5,May,Autumn,Thursday,06:00 - 07:59,AM peak / school commute,True,False,True,True
1352173,Injury,Serious Injury,2024,2024,May,Wednesday,14:00 - 15:59,ARNOTT,ST,0,Right on the spot,CALLAN,ST,EDGEWORTH,,No,Not a school zone,T-junction,-32.924831,151.623674,Lake Macquarie,Newcastle met. area,Syd-Newc-Woll Gtr conurbation,Straight,,,,Unknown / not stated,Sealed,Wet,Raining,Daylight,Nil,Give way sign,50 km/h,Local,88,Out of cont on bend,707,Right turn,,Rollover,Motorcycle,,1,0,1,0,0,5,May,Autumn,Wednesday,14:00 - 15:59,Midday / afternoon,False,False,True,True
1352175,Injury,Moderate Injury,2024,2024,April,Tuesday,06:00 - 07:59,THE GRAND,PDE,0,Right on the spot,NUMBER 207,HN,MONTEREY,194.0,No,Not a school zone,Divided road,-33.975631,151.15042,Bayside,Sydney metro. area,Syd-Newc-Woll Gtr conurbation,Straight,,,,Unknown / not stated,Sealed,Dry,Fine,Daylight,Nil,No traffic controls,60 km/h,State,30,Rear end,301,Same - Rear end,,Rear end,Light truck utility(from 2018),Car (sedan/hatch),2,0,0,1,0,4,April,Autumn,Tuesday,06:00 - 07:59,AM peak / school commute,True,False,True,True
1352176,Injury,Serious Injury,2024,2024,May,Sunday,08:00 - 09:59,PACIFIC,HWY,30,North,GEN,ST,BELMONT,10.0,No,Not a school zone,Divided road,-33.03817,151.659446,Lake Macquarie,Newcastle met. area,Syd-Newc-Woll Gtr conurbation,Straight,Foot/cycle path/nature strip,,,Unknown / not stated,Sealed,Wet,Raining,Daylight,Nil,No traffic controls,50 km/h,State,71,Off rd left => obj,703,Left off cway into object,,Vehicle - Object,4 wheel drive / SUV,,1,0,1,0,0,5,May,Autumn,Sunday,08:00 - 09:59,AM peak / school commute,True,False,True,True
1352180,Injury,Minor/Other Injury,2024,2024,May,Tuesday,22:00 - Midnight,SOUTHERN CROSS,DR,10,North,WENTWORTH AVENUE,OP,EASTLAKES,593.0,No,Not a school zone,Divided road,-33.935741,151.207904,Bayside,Sydney metro. area,Syd-Newc-Woll Gtr conurbation,Curved,Other bridge,,,Unknown / not stated,Sealed,Dry,Fine,Darkness,Nil,No traffic controls,80 km/h,State,30,Rear end,301,Same - Rear end,,Rear end,Car (sedan/hatch),Car (sedan/hatch),2,0,0,0,2,5,May,Autumn,Tuesday,22:00 - Midnight,Evening / night,False,False,True,True
1352181,Injury,Minor/Other Injury,2024,2024,May,Tuesday,08:00 - 09:59,VARDYS,RD,0,Right on the spot,GARDEN,ST,BLACKTOWN,7152.0,No,Not a school zone,T-junction,-33.749446,150.923595,Blacktown,Sydney metro. area,Syd-Newc-Woll Gtr conurbation,Straight,,,,Unknown / not stated,Sealed,Dry,Fine,Daylight,Nil,Give way sign,60 km/h,Regional,21,Right through,202,Opp - Right-thru,,Other angle,Car (sedan/hatch),Car (sedan/hatch),2,0,0,0,1,5,May,Autumn,Tuesday,08:00 - 09:59,AM peak / school commute,True,False,True,True
1352184,Injury,Moderate Injury,2024,2024,May,Thursday,20:00 - 21:59,KING GEORGES,RD,0,Right on the spot,CLARENCE,ST,PENSHURST,200.0,No,Not a school zone,T-junction,-33.958284,151.088262,Georges River,Sydney metro. area,Syd-Newc-Woll Gtr conurbation,Straight,,,,Unknown / not stated,Sealed,Dry,Fine,Darkness,Nil,No traffic controls,60 km/h,State,30,Rear end,301,Same - Rear end,,Rear end,4 wheel drive / SUV,Light truck utility(from 2018),3,0,0,1,1,5,May,Autumn,Thursday,20:00 - 21:59,Evening / night,False,False,True,True
1352186,Injury,Minor/Other Injury,2024,2024,February,Saturday,02:00 - 03:59,M2 HILLS,EXP,223,West,CROPLEY DRIVE,OP,BAULKHAM HILLS,6002.0,No,Not a school zone,Dual freeway,-33.771679,150.983444,The Hills,Sydney metro. area,Syd-Newc-Woll Gtr conurbation,Straight,,,,Unknown / not stated,Sealed,Dry,Fine,Darkness,Nil,No traffic controls,100 km/h,State,71,Off rd left => obj,703,Left off cway into object,,Other angle,Car (sedan/hatch),Car (sedan/hatch),2,0,0,0,1,2,February,Summer,Saturday,02:00 - 03:59,Late night / early morning,False,False,True,True
1352188,Injury,Moderate Injury,2024,2024,May,Monday,18:00 - 19:59,ADELAIDE,ST,0,Right on the spot,WILLIAM,ST,RAYMOND TERRACE,,No,Not a school zone,X-intersection,-32.763665,151.744897,Port Stephens,Country urban,Rest of NSW - Urban,Straight,,,,On,Sealed,Dry,Fine,Unknown,On,No traffic controls,50 km/h,Local,12,Left far,103,Adj - Left-thru from left,,Right angle,Light truck utility(from 2018),Car (sedan/hatch),2,0,0,1,0,5,May,Autumn,Monday,18:00 - 19:59,PM peak / evening commute,True,False,True,True
1352191,Injury,Minor/Other Injury,2024,2024,May,Monday,06:00 - 07:59,SOUTH WESTERN,EXP,0,Right on the spot,THE RIVER ROAD,OP,REVESBY,6005.0,No,Not a school zone,Dual freeway,-33.940832,151.018473,Canterbury-Bankstown,Sydney metro. area,Syd-Newc-Woll Gtr conurbation,Straight,Underpass/tunnel,,,Unknown / not stated,Sealed,Wet,Raining,Daylight,Nil,No traffic controls,100 km/h,State,30,Rear end,301,Same - Rear end,,Rear end,Car (sedan/hatch),Car (sedan/hatch),2,0,0,0,1,5,May,Autumn,Monday,06:00 - 07:59,AM peak / school commute,True,False,True,True
1352193,Injury,Minor/Other Injury,2024,2024,May,Wednesday,08:00 - 09:59,WELLINGTON,RD,100,East,CHISHOLM,RD,AUBURN,2096.0,No,Not a school zone,2-way undivided,-33.863898,151.019612,Cumberland,Sydney metro. area,Syd-Newc-Woll Gtr conurbation,Straight,Steep grade,,,Unknown / not stated,Sealed,Dry,Fine,Daylight,Nil,No traffic controls,50 km/h,Regional,30,Rear end,301,Same - Rear end,,Rear end,Car (sedan/hatch),Car (sedan/hatch),2,0,0,0,1,5,May,Autumn,Wednesday,08:00 - 09:59,AM peak / school commute,True,False,True,True
1352201,Injury,Moderate Injury,2024,2024,May,Wednesday,06:00 - 07:59,FIVE ISLANDS,RD,100,North,YORK,ST,BOORAGUL,217.0,No,Not a school zone,Divided road,-32.968679,151.606884,Lake Macquarie,Newcastle met. area,Syd-Newc-Woll Gtr conurbation,Straight,,,,Unknown / not stated,Sealed,Wet,Raining,Dawn,Nil,No traffic controls,70 km/h,State,74,On road-out of cont.,705,Out of control on cway,,Rollover,Motor scooter,,1,0,0,1,0,5,May,Autumn,Wednesday,06:00 - 07:59,AM peak / school commute,True,False,True,True
1352203,Injury,Moderate Injury,2024,2024,May,Wednesday,08:00 - 09:59,WESTERN,EXP,0,Right on the spot,GREAT WESTERN HIGHWAY,OP,GRANVILLE,6004.0,No,Not a school zone,Dual freeway,-33.826982,151.004811,Parramatta,Sydney metro. area,Syd-Newc-Woll Gtr conurbation,Straight,,,,Unknown / not stated,Sealed,Dry,Fine,Daylight,Nil,No traffic controls,90 km/h,State,39,Other same direction,300,Same - other,,Other angle,Car (sedan/hatch),Car (sedan/hatch),2,0,0,1,0,5,May,Autumn,Wednesday,08:00 - 09:59,AM peak / school commute,True,False,True,True
1352214,Injury,Minor/Other Injury,2024,2024,April,Thursday,12:00 - 13:59,BOSSLEY,RD,0,Right on the spot,QUARRY,RD,BOSSLEY PARK,,No,Not a school zone,Roundabout,-33.857286,150.889574,Fairfield,Sydney metro. area,Syd-Newc-Woll Gtr conurbation,Straight,Steep grade,,,Unknown / not stated,Sealed,Dry,Fine,Daylight,Nil,Give way sign,50 km/h,Local,21,Right through,202,Opp - Right-thru,,Other angle,4 wheel drive / SUV,Light truck utility(from 2018),2,0,0,0,1,4,April,Autumn,Thursday,12:00 - 13:59,Midday / afternoon,False,False,True,True
1352216,Injury,Minor/Other Injury,2024,2024,April,Tuesday,12:00 - 13:59,WESTERN,EXP,2000,West,GREAT WESTERN HIGHWAY,OP,MERRYLANDS,6004.0,No,Not a school zone,Dual freeway,-33.822113,150.985417,Cumberland,Sydney metro. area,Syd-Newc-Woll Gtr conurbation,Straight,,,,Off,Sealed,Dry,Fine,Daylight,Nil,No traffic controls,90 km/h,State,73,Off rd rght => obj,704,Right off cway into obj,,Vehicle - Object,Light truck utility(from 2018),,1,0,0,0,1,4,April,Autumn,Tuesday,12:00 - 13:59,Midday / afternoon,False,False,True,True
1352220,Injury,Minor/Other Injury,2024,2024,May,Thursday,12:00 - 13:59,KAVANAGH,ST,0,Right on the spot,VILLAGE,CCT,GREGORY HILLS,,No,Not a school zone,X-intersection,-34.027732,150.776817,Camden,Sydney metro. area,Syd-Newc-Woll Gtr conurbation,Straight,,,,Unknown / not stated,Sealed,Dry,Fine,Daylight,Nil,Give way sign,50 km/h,Local,10,Cross traffic,101,Adj - Cross traffic,,Right angle,Car (sedan/hatch),Car (sedan/hatch),2,0,0,0,1,5,May,Autumn,Thursday,12:00 - 13:59,Midday / afternoon,False,False,True,True
1352221,Injury,Moderate Injury,2024,2024,May,Monday,10:00 - 11:59,COSGROVE,RD,0,Right on the spot,NUMBER 16-24,HN,STRATHFIELD SOUTH,7062.0,No,Not a school zone,2-way undivided,-33.889755,151.073176,Strathfield,Sydney metro. area,Syd-Newc-Woll Gtr conurbation,Straight,Driveway/entrance,,,Unknown / not stated,Sealed,Dry,Fine,Daylight,Nil,No traffic controls,60 km/h,Regional,40,U turn,304,Same - U-turn,,Other angle,Car (sedan/hatch),Large rigid,2,0,0,1,0,5,May,Autumn,Monday,10:00 - 11:59,Midday / afternoon,False,False,True,True
1352222,Injury,Moderate Injury,2024,2024,April,Tuesday,12:00 - 13:59,CALLALA BEACH,RD,0,Right on the spot,FOREST,RD,WOLLUMBOOLA,,No,Not a school zone,T-junction,-34.980116,150.704858,Shoalhaven,Country urban,Rest of NSW - Urban,Straight,,,,Unknown / not stated,Sealed,Dry,Overcast,Daylight,Nil,Give way sign,70 km/h,Local,30,Rear end,301,Same - Rear end,,Rear end,Light truck utility(from 2018),Car (sedan/hatch),2,0,0,1,0,4,April,Autumn,Tuesday,12:00 - 13:59,Midday / afternoon,False,False,True,True
1352227,Injury,Minor/Other Injury,2024,2024,March,Sunday,12:00 - 13:59,FALLON,ST,0,Right on the spot,JELBART,RD,NORTH ALBURY,,No,Not a school zone,X-intersection,-36.06458,146.944215,Albury,Country urban,Rest of NSW - Urban,Straight,,,,Unknown / not stated,Sealed,Dry,Fine,Daylight,Nil,Give way sign,50 km/h,Local,13,Right near,104,Adj - Right-thru from right,,Right angle,4 wheel drive / SUV,Car (sedan/hatch),2,0,0,0,1,3,March,Autumn,Sunday,12:00 - 13:59,Midday / afternoon,False,False,True,True
1352232,Injury,Moderate Injury,2024,2024,May,Sunday,00:01 - 01:59,GREAT WESTERN,HWY,0,Right on the spot,BRIDGE,RD,ANNANDALE,5.0,No,Not a school zone,T-junction,-33.887561,151.171644,Inner West,Sydney metro. area,Syd-Newc-Woll Gtr conurbation,Straight,,,,Unknown / not stated,Sealed,Dry,Fine,Darkness,On,No traffic controls,60 km/h,State,30,Rear end,301,Same - Rear end,,Rear end,Car (sedan/hatch),4 wheel drive / SUV,2,0,0,1,1,5,May,Autumn,Sunday,00:01 - 01:59,Late night / early morning,False,False,True,True
1352237,Injury,Minor/Other Injury,2024,2024,May,Sunday,16:00 - 17:59,WINDSOR,RD,0,Right on the spot,MEMORIAL,AVE,KELLYVILLE,184.0,No,Not a school zone,T-junction,-33.715973,150.960761,The Hills,Sydney metro. area,Syd-Newc-Woll Gtr conurbation,Straight,,,,Unknown / not stated,Sealed,Dry,Fine,Daylight,Off,No traffic controls,40 km/h,State,30,Rear end,301,Same - Rear end,,Rear end,4 wheel drive / SUV,Station wagon,2,0,0,0,2,5,May,Autumn,Sunday,16:00 - 17:59,PM peak / evening commute,True,False,True,True
1352245,Injury,Minor/Other Injury,2024,2024,April,Wednesday,10:00 - 11:59,BANGALOW,RD,600,East,SOUTHERN CROSS,DR,BALLINA,695.0,No,Not a school zone,2-way undivided,-28.856277,153.560195,Ballina,Country urban,Rest of NSW - Urban,Straight,,,,Unknown / not stated,Sealed,Dry,Fine,Daylight,Nil,No traffic controls,60 km/h,Regional,30,Rear end,301,Same - Rear end,,Rear end,Car (sedan/hatch),Light truck,3,0,0,0,1,4,April,Autumn,Wednesday,10:00 - 11:59,Midday / afternoon,False,False,True,True
1352248,Injury,Minor/Other Injury,2024,2024,April,Tuesday,14:00 - 15:59,PRINCE EDWARD,ST,0,Right on the spot,RAGLAN,ST,MALABAR,,No,Not a school zone,X-intersection,-33.965845,151.249306,Randwick,Sydney metro. area,Syd-Newc-Woll Gtr conurbation,Straight,Steep grade,,,Unknown / not stated,Sealed,Dry,Fine,Daylight,Nil,Stop sign,50 km/h,Local,10,Cross traffic,101,Adj - Cross traffic,,Right angle,4 wheel drive / SUV,4 wheel drive / SUV,2,0,0,0,2,4,April,Autumn,Tuesday,14:00 - 15:59,Midday / afternoon,False,False,True,True
1352251,Injury,Minor/Other Injury,2024,2024,May,Tuesday,08:00 - 09:59,MOOREBANK,AVE,100,North,ANZAC,RD,MOOREBANK,,No,Not a school zone,2-way undivided,-33.942997,150.924445,Liverpool,Sydney metro. area,Syd-Newc-Woll Gtr conurbation,Straight,,,,Nil,Sealed,Dry,Fine,Daylight,Nil,No traffic controls,60 km/h,Local,30,Rear end,301,Same - Rear end,,Rear end,Car (sedan/hatch),Car (sedan/hatch),2,0,0,0,1,5,May,Autumn,Tuesday,08:00 - 09:59,AM peak / school commute,True,False,True,True
1352253,Injury,Minor/Other Injury,2024,2024,May,Thursday,16:00 - 17:59,CLARENCE TOWN,RD,0,Right on the spot,CEMETERY,RD,TABBIL CREEK,101.0,No,Not a school zone,T-junction,-32.415945,151.745109,Dungog,Country non-urban,Rest of NSW - Rural,Curved,Steep grade,,,Unknown / not stated,Sealed,Dry,Fine,Daylight,Nil,Give way sign,100 km/h,Regional,85,Off rt/lft bnd=>obj,804,Off left bend into obj,Right,Vehicle - Object,Light truck utility(from 2018),,1,0,0,0,1,5,May,Autumn,Thursday,16:00 - 17:59,PM peak / evening commute,True,False,True,True
1352256,Injury,Moderate Injury,2024,2024,May,Friday,14:00 - 15:59,HILLSBOROUGH,RD,0,Right on the spot,NUMBER 393,HN,WARNERS BAY,674.0,No,Not a school zone,2-way undivided,-32.966027,151.65508,Lake Macquarie,Newcastle met. area,Syd-Newc-Woll Gtr conurbation,Straight,Driveway/entrance,,,Unknown / not stated,Sealed,Dry,Fine,Daylight,Nil,Stop sign,60 km/h,State,47,Emerging from drive,406,Manov - Emerging from driveway,,Right angle,Light truck utility(from 2018),Car (sedan/hatch),2,0,0,1,0,5,May,Autumn,Friday,14:00 - 15:59,Midday / afternoon,False,False,True,True
1352257,Injury,Moderate Injury,2024,2024,January,Sunday,16:00 - 17:59,PRINCES,HWY,0,Right on the spot,THE SEVEN WAYS,MEWS,ROCKDALE,1.0,No,Not a school zone,X-intersection,-33.952926,151.137616,Bayside,Sydney metro. area,Syd-Newc-Woll Gtr conurbation,Curved,,,,Unknown / not stated,Sealed,Dry,Fine,Daylight,On,No traffic controls,60 km/h,State,21,Right through,202,Opp - Right-thru,,Other angle,4 wheel drive / SUV,Car (sedan/hatch),2,0,0,1,0,1,January,Summer,Sunday,16:00 - 17:59,PM peak / evening commute,True,False,True,True
1352261,Injury,Moderate Injury,2024,2024,May,Friday,22:00 - Midnight,OLD SOUTH,RD,400,South,RANGE,RD,MITTAGONG,,No,Not a school zone,2-way undivided,-34.473306,150.463087,Wingecarribee,Country urban,Rest of NSW - Urban,Curved,,,,Unknown / not stated,Sealed,Dry,Fine,Darkness,Nil,No traffic controls,80 km/h,Local,83,Off rt/rt bnd=>obj,803,Off right bend into obj,Right,Vehicle - Object,4 wheel drive / SUV,,1,0,0,1,0,5,May,Autumn,Friday,22:00 - Midnight,Evening / night,False,False,True,True
1352262,Injury,Moderate Injury,2024,2024,April,Thursday,16:00 - 17:59,HUME,HWY,950,South,LACHLAN VALLEY,WAY,BOWNING,2.0,No,Not a school zone,Divided road,-34.784878,148.847801,Yass Valley,Country non-urban,Rest of NSW - Rural,Curved,Steep grade,,,Unknown / not stated,Sealed,Dry,Fine,Daylight,Nil,No traffic controls,110 km/h,State,80,Off left/right bend,801,Off cway right bend,Left,Rollover,Semi-trailer,,1,0,0,1,0,4,April,Autumn,Thursday,16:00 - 17:59,PM peak / evening commute,True,False,True,True
1352264,Injury,Moderate Injury,2024,2024,May,Wednesday,16:00 - 17:59,M7 WESTLINK,EXP,1000,East,SUNNYHOLT ROAD,OP,GLENWOOD,6009.0,No,Not a school zone,Dual freeway,-33.741126,150.928325,Blacktown,Sydney metro. area,Syd-Newc-Woll Gtr conurbation,Straight,,,,Unknown / not stated,Sealed,Dry,Fine,Daylight,Nil,No traffic controls,100 km/h,State,30,Rear end,301,Same - Rear end,,Rear end,Large rigid,4 wheel drive / SUV,3,0,0,1,0,5,May,Autumn,Wednesday,16:00 - 17:59,PM peak / evening commute,True,False,True,True
1352265,Injury,Minor/Other Injury,2024,2024,April,Thursday,22:00 - Midnight,GOOLMA,RD,300,East,ISALI,ST,BODANGORA,633.0,No,Not a school zone,2-way undivided,-32.453855,149.018446,Dubbo Regional,Country non-urban,Rest of NSW - Rural,Curved,,,,Unknown / not stated,Sealed,Dry,Fog or mist,Darkness,Nil,No traffic controls,100 km/h,State,67,Struck animal,609,On path - Hit animal,,Vehicle - Animal,4 wheel drive / SUV,,1,0,0,0,1,4,April,Autumn,Thursday,22:00 - Midnight,Evening / night,False,False,True,True
1352275,Injury,Moderate Injury,2024,2024,January,Monday,18:00 - 19:59,BENT,ST,0,Right on the spot,FLAHERTY,ST,SOUTH GRAFTON,,No,Not a school zone,T-junction,-29.720942,152.932319,Clarence Valley,Country urban,Rest of NSW - Urban,Straight,Foot/cycle path/nature strip,,,Off,Sealed,Dry,Fine,Daylight,Nil,Give way sign,50 km/h,Local,84,Off right/left bend,706,Left turn,Right,Rollover,Motorcycle,,1,0,0,1,0,1,January,Summer,Monday,18:00 - 19:59,PM peak / evening commute,True,False,True,True
1352277,Injury,Moderate Injury,2024,2024,January,Friday,20:00 - 21:59,BATTERY,RD,50,North,CUPITTS,LANE,WINBURNDALE,,No,Not a school zone,2-way undivided,-33.331955,149.850256,Bathurst Regional,Country urban,Rest of NSW - Urban,Straight,,,,Nil,Unsealed,Dry,Fine,Dusk,Nil,No traffic controls,80 km/h,Local,67,Struck animal,609,On path - Hit animal,,Vehicle - Animal,Motorcycle,,1,0,0,1,0,1,January,Summer,Friday,20:00 - 21:59,Evening / night,False,False,True,True
1352279,Injury,Minor/Other Injury,2024,2024,January,Tuesday,14:00 - 15:59,BOURKES,RD,999999,Unknown/not stated,UNKNOWN,UK,YOWRIE,,No,Not a school zone,2-way undivided,-36.304961,149.7274,Bega Valley,Country non-urban,Rest of NSW - Rural,Straight,Embankment/cutting,,,Nil,Unsealed,Dry,Overcast,Daylight,Nil,No traffic controls,100 km/h,Local,70,Off road to left,701,Off carriageway to left,,Rollover,Large rigid,,1,0,0,0,1,1,January,Summer,Tuesday,14:00 - 15:59,Midday / afternoon,False,False,True,True
1352280,Injury,Serious Injury,2024,2024,January,Thursday,16:00 - 17:59,FITZGIBBON,LANE,0,Right on the spot,THOMAS ROSE,DR,ROSEMEADOW,,Yes,No,T-junction,-34.101796,150.800113,Campbelltown,Sydney metro. area,Syd-Newc-Woll Gtr conurbation,Straight,,,,Off,Sealed,Dry,Fine,Daylight,Nil,No traffic controls,60 km/h,Local,53,Overtake turning,506,Ovtak - Overtaking right turn,,Other angle,Motorcycle,Passenger van,2,0,1,0,0,1,January,Summer,Thursday,16:00 - 17:59,PM peak / evening commute,True,False,True,True
1352281,Injury,Minor/Other Injury,2024,2024,January,Monday,22:00 - Midnight,WALLIS,AVE,0,Right on the spot,NUMBER 97,HN,STRATHFIELD,,No,Not a school zone,2-way undivided,-33.887256,151.079185,Strathfield,Sydney metro. area,Syd-Newc-Woll Gtr conurbation,Straight,,,,On,Sealed,Dry,Fine,Darkness,Nil,No traffic controls,50 km/h,Local,3,Ped on carriageway,4,Ped - On carriageway,,Vehicle - Pedestrian,Unknown motor vehicle,Pedestrian,2,0,0,0,1,1,January,Summer,Monday,22:00 - Midnight,Evening / night,False,False,True,True
1352283,Injury,Serious Injury,2024,2024,January,Monday,16:00 - 17:59,BELLEVUE,RD,40,West,VICTORIA ROAD,TO,BELLEVUE HILL,,Yes,No,Other,-33.887046,151.258759,Woollahra,Sydney metro. area,Syd-Newc-Woll Gtr conurbation,Curved,,,,Off,Sealed,Dry,Fine,Daylight,Nil,Ped crossing,50 km/h,Local,0,Ped nearside,1,Ped - Near side,,Vehicle - Pedestrian,Car (sedan/hatch),Pedestrian,3,0,1,0,0,1,January,Summer,Monday,16:00 - 17:59,PM peak / evening commute,True,False,True,True
1352288,Injury,Moderate Injury,2024,2024,February,Wednesday,10:00 - 11:59,GRAINGER,AVE,0,Right on the spot,TOWNVIEW,RD,MOUNT PRITCHARD,,No,Not a school zone,T-junction,-33.898224,150.911212,Fairfield,Sydney metro. area,Syd-Newc-Woll Gtr conurbation,Straight,,,,Off,Sealed,Dry,Fine,Daylight,Nil,No traffic controls,50 km/h,Local,30,Rear end,301,Same - Rear end,,Rear end,Car (sedan/hatch),Car (sedan/hatch),2,0,0,1,0,2,February,Summer,Wednesday,10:00 - 11:59,Midday / afternoon,False,False,True,True
1352289,Injury,Minor/Other Injury,2024,2024,February,Sunday,12:00 - 13:59,MURRUMBATEMAN,RD,120,West,BUSHS,LANE,MURRUMBATEMAN,7609.0,No,Not a school zone,2-way undivided,-35.001763,149.078145,Yass Valley,Country non-urban,Rest of NSW - Rural,Straight,,,,Unknown / not stated,Sealed,Unknown,Unknown,Daylight,Nil,No traffic controls,100 km/h,Regional,73,Off rd rght => obj,704,Right off cway into obj,,Vehicle - Object,4 wheel drive / SUV,,1,0,0,0,5,2,February,Summer,Sunday,12:00 - 13:59,Midday / afternoon,False,False,True,True
1352290,Injury,Serious Injury,2024,2024,February,Monday,14:00 - 15:59,VOCA,RD,3300,South,POOLE,RD,CURLEWIS,,No,Not a school zone,2-way undivided,-31.143821,150.241263,Gunnedah,Country urban,Rest of NSW - Urban,Straight,Embankment/cutting,,,Nil,Unsealed,Dry,Fine,Daylight,Nil,No traffic controls,60 km/h,Local,72,Off road to right,702,Off carriageway to right,,Rollover,Car (sedan/hatch),,1,0,1,0,0,2,February,Summer,Monday,14:00 - 15:59,Midday / afternoon,False,False,True,True
1352291,Injury,Moderate Injury,2024,2024,February,Friday,18:00 - 19:59,ALISON,RD,0,Right on the spot,SAINT MARKS,RD,RANDWICK,,No,Not a school zone,T-junction,-33.913569,151.246406,Randwick,Sydney metro. area,Syd-Newc-Woll Gtr conurbation,Straight,Steep grade,,,Off,Sealed,Dry,Fine,Daylight,Nil,Stop sign,50 km/h,Local,71,Off rd left => obj,703,Left off cway into object,,Other angle,Car (sedan/hatch),Light truck utility(from 2018),5,0,0,1,0,2,February,Summer,Friday,18:00 - 19:59,PM peak / evening commute,True,False,True,True
1352293,Injury,Moderate Injury,2024,2024,February,Thursday,16:00 - 17:59,CARLISLE,ST,0,Right on the spot,OXFORD,RD,INGLEBURN,,No,Not a school zone,Roundabout,-33.998711,150.866497,Campbelltown,Sydney metro. area,Syd-Newc-Woll Gtr conurbation,Straight,,,,Nil,Sealed,Dry,Unknown,Daylight,Nil,Give way sign,40 km/h,Local,10,Cross traffic,101,Adj - Cross traffic,,Right angle,Car (sedan/hatch),Pedal cycle,2,0,0,1,0,2,February,Summer,Thursday,16:00 - 17:59,PM peak / evening commute,True,False,True,True
1352294,Injury,Serious Injury,2024,2024,February,Thursday,20:00 - 21:59,WALDRON,RD,0,Right on the spot,CHESTER HILL,RD,CHESTER HILL,7102.0,No,Not a school zone,T-junction,-33.883079,151.000633,Canterbury-Bankstown,Sydney metro. area,Syd-Newc-Woll Gtr conurbation,Straight,Foot/cycle path/nature strip,,,On,Sealed,Dry,Fine,Darkness,On,Ped crossing,50 km/h,Regional,48,From footpath,408,Manov - From footway,,Other angle,Pedal cycle,Unknown motor vehicle,2,0,1,0,0,2,February,Summer,Thursday,20:00 - 21:59,Evening / night,False,False,True,True
1352295,Injury,Moderate Injury,2024,2024,February,Monday,20:00 - 21:59,WEST,ST,45,West,PRINCES,HWY,BEGA,,No,Not a school zone,2-way undivided,-36.665285,149.826061,Bega Valley,Country urban,Rest of NSW - Urban,Curved,,,,Nil,Sealed,Dry,Fine,Darkness,Nil,No traffic controls,50 km/h,Local,81,Off left/rt bnd=>obj,803,Off right bend into obj,Left,Vehicle - Object,Car (sedan/hatch),,1,0,0,1,0,2,February,Summer,Monday,20:00 - 21:59,Evening / night,False,False,True,True
1352296,Injury,Serious Injury,2024,2024,February,Saturday,12:00 - 13:59,ROOTY HILL,RD,0,Right on the spot,MINCHINBURY,ST,EASTERN CREEK,537.0,No,Not a school zone,T-junction,-33.782815,150.851875,Blacktown,Sydney metro. area,Syd-Newc-Woll Gtr conurbation,Straight,,,,On,Sealed,Dry,Fine,Daylight,Nil,No traffic controls,60 km/h,State,32,Right rear,303,Same - Rear right,,Rear end,4 wheel drive / SUV,Light truck,2,0,1,0,0,2,February,Summer,Saturday,12:00 - 13:59,Midday / afternoon,False,False,True,True
1352297,Injury,Serious Injury,2024,2024,February,Saturday,00:01 - 01:59,THROSBY,DR,10,West,DENISON,ST,GWYNNEVILLE,,No,Not a school zone,T-junction,-34.420053,150.888408,Wollongong,Wollongong met. area,Syd-Newc-Woll Gtr conurbation,Straight,Steep grade,,,On,Sealed,Wet,Raining,Darkness,On,No traffic controls,50 km/h,Local,71,Off rd left => obj,703,Left off cway into object,,Vehicle - Object,Car (sedan/hatch),,1,0,1,0,0,2,February,Summer,Saturday,00:01 - 01:59,Late night / early morning,False,False,True,True