crash_id,degree_of_crash,degree_of_crash_-_detailed,reporting_year,year_of_crash,month_of_crash,day_of_week_of_crash,two-hour_intervals,street_of_crash,street_type,distance,direction,identifying_feature,identifying_feature_type,town,route_no.,school_zone_location,school_zone_active,type_of_location,latitude,longitude,lga,urbanisation,conurbation_1,alignment,primary_permanent_feature,primary_temporary_feature,primary_hazardous_feature,street_lighting,road_surface,surface_condition,weather,natural_lighting,signals_operation,other_traffic_control,speed_limit,road_classification_(admin),rum_-_code,rum_-_description,dca_-_code,dca_-_description,dca_supplement,first_impact_type,key_tu_type,other_tu_type,no._of_traffic_units_involved,no._killed,no._seriously_injured,no._moderately_injured,no._minor-other_injured,month_num,month_label,season,day_label,time_label,time_band,is_peak_commute,is_fatal,is_injury,is_casualty
1352301,Injury,Moderate Injury,2024,2024,February,Sunday,06:00 - 07:59,FISHERY POINT,RD,0,Right on the spot,MORISSET PARK,RD,BONNELLS BAY,,Yes,No,T-junction,-33.113498,151.514509,Lake Macquarie,Newcastle met. area,Syd-Newc-Woll Gtr conurbation,Straight,,,,Off,Sealed,Dry,Fine,Daylight,Nil,Give way sign,60 km/h,Local,10,Cross traffic,101,Adj - Cross traffic,,Right angle,4 wheel drive / SUV,Pedal cycle,2,0,0,1,0,2,February,Summer,Sunday,06:00 - 07:59,AM peak / school commute,True,False,True,True
1352302,Injury,Moderate Injury,2024,2024,February,Friday,06:00 - 07:59,WINDSOR,RD,0,Right on the spot,COOK,ST,BAULKHAM HILLS,184.0,No,Not a school zone,T-junction,-33.765352,150.996524,The Hills,Sydney metro. area,Syd-Newc-Woll Gtr conurbation,Straight,,,,Nil,Sealed,Dry,Fine,Daylight,Unknown / not stated,No traffic controls,60 km/h,State,32,Right rear,303,Same - Rear right,,Rear end,Car (sedan/hatch),Light truck utility(from 2018),2,0,0,1,0,2,February,Summer,Friday,06:00 - 07:59,AM peak / school commute,True,False,True,True
1352304,Injury,Moderate Injury,2024,2024,March,Friday,02:00 - 03:59,STONY CREEK,RD,200,South,SIRIUS,PL,MELONBA,7166.0,No,Not a school zone,2-way undivided,-33.692197,150.786477,Blacktown,Sydney metro. area,Syd-Newc-Woll Gtr conurbation,Curved,,,Flooded/submerged,On,Sealed,Wet,Raining,Darkness,Nil,No traffic controls,80 km/h,Regional,87,Off lft/lft bnd=>obj,804,Off left bend into obj,Left,Vehicle - Object,Car (sedan/hatch),,1,0,0,1,0,3,March,Autumn,Friday,02:00 - 03:59,Late night / early morning,False,False,True,True
1352308,Injury,Moderate Injury,2024,2024,February,Thursday,16:00 - 17:59,DONALD,ST,0,Right on the spot,BEAUMONT,ST,HAMILTON,82.0,No,Not a school zone,X-intersection,-32.919682,151.747786,Newcastle,Newcastle met. area,Syd-Newc-Woll Gtr conurbation,Straight,,,,Off,Sealed,Dry,Fine,Daylight,On,No traffic controls,60 km/h,State,2,Ped far side,3,Ped - Far side,,Vehicle - Pedestrian,Car (sedan/hatch),Ped in toy vehicle,2,0,0,1,0,2,February,Summer,Thursday,16:00 - 17:59,PM peak / evening commute,True,False,True,True
1352309,Injury,Serious Injury,2024,2024,March,Tuesday,02:00 - 03:59,DALTON,ST,0,Right on the spot,NUMBER 28,HN,DUBBO,,No,Not a school zone,2-way undivided,-32.265013,148.608379,Dubbo Regional,Country urban,Rest of NSW - Urban,Straight,,,,On,Sealed,Dry,Fine,Darkness,Nil,No traffic controls,50 km/h,Local,71,Off rd left => obj,703,Left off cway into object,,Vehicle - Object,Car (sedan/hatch),,1,0,1,0,0,3,March,Autumn,Tuesday,02:00 - 03:59,Late night / early morning,False,False,True,True
1352312,Injury,Moderate Injury,2024,2024,January,Monday,18:00 - 19:59,GREAT WESTERN,HWY,10,West,ALFRED,ST,GRANVILLE,5.0,No,Not a school zone,T-junction,-33.831771,151.014858,Parramatta,Sydney metro. area,Syd-Newc-Woll Gtr conurbation,Straight,,,,On,Sealed,Dry,Fine,Daylight,Nil,No traffic controls,60 km/h,State,30,Rear end,301,Same - Rear end,,Rear end,Unknown motor vehicle,Car (sedan/hatch),4,0,0,2,0,1,January,Summer,Monday,18:00 - 19:59,PM peak / evening commute,True,False,True,True
1352319,Injury,Moderate Injury,2024,2024,January,Wednesday,14:00 - 15:59,GRIFFITHS,AVE,100,South,GARDENIA,AVE,BANKSTOWN,,No,Not a school zone,2-way undivided,-33.922157,151.047456,Canterbury-Bankstown,Sydney metro. area,Syd-Newc-Woll Gtr conurbation,Straight,,,,Nil,Sealed,Dry,Fine,Daylight,Nil,No traffic controls,50 km/h,Local,73,Off rd rght => obj,704,Right off cway into obj,,Other angle,Car (sedan/hatch),4 wheel drive / SUV,6,0,0,1,0,1,January,Summer,Wednesday,14:00 - 15:59,Midday / afternoon,False,False,True,True
1352323,Injury,Moderate Injury,2024,2024,January,Sunday,14:00 - 15:59,CAMPBELL,ST,0,Right on the spot,DENHAM,ST,DARLINGHURST,,No,Not a school zone,X-intersection,-33.881007,151.215702,Sydney,Sydney metro. area,Syd-Newc-Woll Gtr conurbation,Straight,,,,Off,Sealed,Dry,Fine,Daylight,Nil,Stop sign,40 km/h,Local,10,Cross traffic,101,Adj - Cross traffic,,Right angle,Pedal cycle,Car (sedan/hatch),2,0,0,1,0,1,January,Summer,Sunday,14:00 - 15:59,Midday / afternoon,False,False,True,True
1352326,Injury,Moderate Injury,2024,2024,March,Sunday,18:00 - 19:59,CLARENCE,WAY,150,West,COALDALE,RD,MOLEVILLE CREEK,150.0,No,Not a school zone,2-way undivided,-29.572639,152.91213,Clarence Valley,Country non-urban,Rest of NSW - Rural,Straight,Steep grade,,,Nil,Sealed,Dry,Fine,Dusk,Nil,No traffic controls,100 km/h,Regional,71,Off rd left => obj,703,Left off cway into object,,Vehicle - Object,4 wheel drive / SUV,,1,0,0,1,0,3,March,Autumn,Sunday,18:00 - 19:59,PM peak / evening commute,True,False,True,True
1352327,Injury,Serious Injury,2024,2024,March,Tuesday,14:00 - 15:59,HUME,HWY,1000,North,NARELLAN ROAD,TO,BLAIRMOUNT,2.0,No,Not a school zone,Dual freeway,-34.054985,150.801951,Campbelltown,Sydney metro. area,Syd-Newc-Woll Gtr conurbation,Straight,Embankment/cutting,,,Nil,Sealed,Dry,Fine,Daylight,Nil,No traffic controls,110 km/h,State,71,Off rd left => obj,703,Left off cway into object,,Vehicle - Object,Light truck utility(from 2018),,1,0,1,0,0,3,March,Autumn,Tuesday,14:00 - 15:59,Midday / afternoon,False,False,True,True
1352329,Injury,Moderate Injury,2024,2024,March,Saturday,10:00 - 11:59,DUNNING,AVE,0,Right on the spot,HANSARD,ST,ZETLAND,,No,Not a school zone,X-intersection,-33.909694,151.20455,Sydney,Sydney metro. area,Syd-Newc-Woll Gtr conurbation,Straight,,,,Off,Sealed,Dry,Fine,Daylight,Nil,Give way sign,50 km/h,Local,10,Cross traffic,101,Adj - Cross traffic,,Right angle,Light truck utility(from 2018),Motor scooter,2,0,0,1,0,3,March,Autumn,Saturday,10:00 - 11:59,Midday / afternoon,False,False,True,True
1352330,Injury,Moderate Injury,2024,2024,March,Monday,00:01 - 01:59,PARK,ST,0,Right on the spot,NUMBER 1,HN,MEREWETHER,,No,Not a school zone,2-way undivided,-32.945954,151.754275,Newcastle,Newcastle met. area,Syd-Newc-Woll Gtr conurbation,Straight,,,,Unknown / not stated,Sealed,Dry,Fine,Darkness,Nil,No traffic controls,50 km/h,Local,71,Off rd left => obj,703,Left off cway into object,,Other angle,4 wheel drive / SUV,Car (sedan/hatch),2,0,0,1,0,3,March,Autumn,Monday,00:01 - 01:59,Late night / early morning,False,False,True,True
1352334,Injury,Serious Injury,2024,2024,March,Thursday,08:00 - 09:59,HARVY,ST,0,Right on the spot,PELL,ST,BROKEN HILL,,No,Not a school zone,X-intersection,-31.961497,141.44631,Broken Hill,Country urban,Rest of NSW - Urban,Straight,,,,Nil,Sealed,Dry,Fine,Daylight,Nil,Give way sign,50 km/h,Local,10,Cross traffic,101,Adj - Cross traffic,,Right angle,Car (sedan/hatch),Light truck utility(from 2018),2,0,1,0,1,3,March,Autumn,Thursday,08:00 - 09:59,AM peak / school commute,True,False,True,True
1352336,Injury,Serious Injury,2024,2024,March,Saturday,18:00 - 19:59,SPOFFORTH,ST,55,North,RANGERS,RD,CREMORNE,2019.0,No,Not a school zone,2-way undivided,-33.832652,151.229407,North Sydney,Sydney metro. area,Syd-Newc-Woll Gtr conurbation,Straight,Driveway/entrance,,,On,Sealed,Dry,Fine,Darkness,Nil,No traffic controls,50 km/h,Regional,47,Emerging from drive,406,Manov - Emerging from driveway,,Right angle,Car (sedan/hatch),Motor scooter,2,0,1,1,0,3,March,Autumn,Saturday,18:00 - 19:59,PM peak / evening commute,True,False,True,True
1352337,Injury,Serious Injury,2024,2024,March,Tuesday,18:00 - 19:59,MACQUARIE,AVE,20,East,BANKS,ST,CAMPBELLTOWN,,No,Not a school zone,2-way undivided,-34.069991,150.825813,Campbelltown,Sydney metro. area,Syd-Newc-Woll Gtr conurbation,Straight,,,,Off,Sealed,Dry,Fine,Daylight,Nil,No traffic controls,60 km/h,Local,74,On road-out of cont.,705,Out of control on cway,,Rollover,Motorcycle,,1,0,1,0,0,3,March,Autumn,Tuesday,18:00 - 19:59,PM peak / evening commute,True,False,True,True
1352340,Injury,Serious Injury,2024,2024,March,Monday,08:00 - 09:59,BLENDE,ST,0,Right on the spot,OXIDE,ST,BROKEN HILL,,No,Not a school zone,X-intersection,-31.955944,141.466901,Broken Hill,Country urban,Rest of NSW - Urban,Straight,,,,Off,Sealed,Dry,Fine,Daylight,Nil,Give way sign,40 km/h,Local,10,Cross traffic,101,Adj - Cross traffic,,Right angle,4 wheel drive / SUV,4 wheel drive / SUV,2,0,1,1,0,3,March,Autumn,Monday,08:00 - 09:59,AM peak / school commute,True,False,True,True
1352341,Injury,Serious Injury,2024,2024,March,Saturday,02:00 - 03:59,WOMMARA,AVE,0,Right on the spot,NUMBER 107,HN,BELMONT NORTH,325.0,No,Not a school zone,2-way undivided,-33.021243,151.681646,Lake Macquarie,Newcastle met. area,Syd-Newc-Woll Gtr conurbation,Straight,Steep grade,,,On,Sealed,Dry,Fine,Darkness,Nil,No traffic controls,60 km/h,Regional,71,Off rd left => obj,703,Left off cway into object,,Vehicle - Object,Car (sedan/hatch),,1,0,1,1,0,3,March,Autumn,Saturday,02:00 - 03:59,Late night / early morning,False,False,True,True
1352342,Injury,Serious Injury,2024,2024,April,Sunday,10:00 - 11:59,CASTLEREAGH,HWY,500,South,CAMERONS,RD,RUNNING STREAM,18.0,No,Not a school zone,2-way undivided,-33.061112,149.929701,Mid-Western Regional,Country non-urban,Rest of NSW - Rural,Straight,Other bridge,,,Nil,Sealed,Dry,Fine,Daylight,Nil,No traffic controls,100 km/h,State,51,Out of control otake,502,Ovtak - Out of control,,Rollover,Motorcycle,,2,0,1,0,0,4,April,Autumn,Sunday,10:00 - 11:59,Midday / afternoon,False,False,True,True
1352343,Injury,Serious Injury,2024,2024,March,Friday,16:00 - 17:59,PYES CREEK,RD,11000,West,NEW ENGLAND,HWY,BOLIVIA,,No,Not a school zone,2-way undivided,-29.26129,151.849191,Tenterfield,Country non-urban,Rest of NSW - Rural,Curved,Embankment/cutting,,Loose gravel shoulder,Nil,Sealed,Dry,Fine,Daylight,Nil,No traffic controls,100 km/h,Local,85,Off rt/lft bnd=>obj,804,Off left bend into obj,Right,Vehicle - Object,Motorcycle,,1,0,1,0,0,3,March,Autumn,Friday,16:00 - 17:59,PM peak / evening commute,True,False,True,True
1352344,Injury,Serious Injury,2024,2024,April,Friday,06:00 - 07:59,NEWCASTLE,EXP,1690,North,PACIFIC HIGHWAY,OP,OURIMBAH,6003.0,No,Not a school zone,Dual freeway,-33.333307,151.380401,Central Coast,Country non-urban,Syd-Newc-Woll Gtr conurbation,Straight,,,Flooded/submerged,Nil,Sealed,Wet,Raining,Darkness,Nil,No traffic controls,110 km/h,State,73,Off rd rght => obj,704,Right off cway into obj,,Vehicle - Object,Car (sedan/hatch),,1,0,1,0,0,4,April,Autumn,Friday,06:00 - 07:59,AM peak / school commute,True,False,True,True
1352346,Injury,Moderate Injury,2024,2024,April,Thursday,14:00 - 15:59,NEWCASTLE,EXP,1000,North,PACIFIC HIGHWAY,OP,COWAN,6003.0,No,Not a school zone,Dual freeway,-33.550161,151.194293,Hornsby,Sydney metro. area,Syd-Newc-Woll Gtr conurbation,Curved,Steep grade,,,Nil,Sealed,Wet,Raining,Daylight,Nil,No traffic controls,110 km/h,State,87,Off lft/lft bnd=>obj,804,Off left bend into obj,Left,Vehicle - Object,Large rigid,,1,0,0,1,0,4,April,Autumn,Thursday,14:00 - 15:59,Midday / afternoon,False,False,True,True
1352348,Injury,Serious Injury,2024,2024,April,Tuesday,08:00 - 09:59,PRINCES,HWY,1000,North,SHELLHARBOUR ROAD,OP,CROOM,1.0,No,Not a school zone,Divided road,-34.582214,150.838388,Shellharbour,Wollongong met. area,Syd-Newc-Woll Gtr conurbation,Curved,B'down lane/road shldr,,,On,Sealed,Dry,Fine,Daylight,Nil,No traffic controls,100 km/h,State,42,Leaving parking,401,Manov - Leaving parking,,Other angle,4 wheel drive / SUV,Large rigid,2,0,1,0,0,4,April,Autumn,Tuesday,08:00 - 09:59,AM peak / school commute,True,False,True,True
1352349,Injury,Serious Injury,2024,2024,March,Tuesday,10:00 - 11:59,ANDREWS,RD,0,Right on the spot,RENSHAW,ST,CRANEBROOK,2048.0,No,Not a school zone,T-junction,-33.731181,150.702488,Penrith,Sydney metro. area,Syd-Newc-Woll Gtr conurbation,Straight,,,,On,Sealed,Dry,Fine,Daylight,Nil,Give way sign,70 km/h,Regional,21,Right through,202,Opp - Right-thru,,Other angle,Light truck,4 wheel drive / SUV,2,0,1,0,1,3,March,Autumn,Tuesday,10:00 - 11:59,Midday / afternoon,False,False,True,True
1352352,Injury,Moderate Injury,2024,2024,April,Friday,06:00 - 07:59,NEWCASTLE,EXP,50,South,SERVICE CENTRE,ENT,ALISON,6003.0,No,Not a school zone,Dual freeway,-33.259751,151.403588,Central Coast,Country non-urban,Syd-Newc-Woll Gtr conurbation,Curved,,,,On,Sealed,Wet,Raining,Dawn,Nil,No traffic controls,110 km/h,State,35,Lane change left,307,Same - Lane change left,,Other angle,Car (sedan/hatch),Semi-trailer,2,0,0,1,0,4,April,Autumn,Friday,06:00 - 07:59,AM peak / school commute,True,False,True,True
1352353,Injury,Moderate Injury,2024,2024,March,Monday,16:00 - 17:59,BONNOR,ST,50,West,MCINTOSH,PL,KELSO,,No,Not a school zone,2-way undivided,-33.41491,149.613804,Bathurst Regional,Country urban,Rest of NSW - Urban,Straight,,,,Nil,Sealed,Dry,Fine,Daylight,Nil,No traffic controls,50 km/h,Local,48,From footpath,408,Manov - From footway,,Other angle,Motorcycle,Light truck utility(from 2018),2,0,0,1,0,3,March,Autumn,Monday,16:00 - 17:59,PM peak / evening commute,True,False,True,True
1352354,Injury,Serious Injury,2024,2024,March,Sunday,10:00 - 11:59,CAMPBELL,PDE,0,Right on the spot,NOTTS,AVE,BONDI BEACH,,No,Not a school zone,T-junction,-33.893863,151.273087,Waverley,Sydney metro. area,Syd-Newc-Woll Gtr conurbation,Straight,Steep grade,,,Nil,Sealed,Dry,Fine,Daylight,On,No traffic controls,50 km/h,Local,33,Lane sideswipe,305,Same - Lane side swipe,,Other angle,Pedal cycle,Motor scooter,2,0,1,0,0,3,March,Autumn,Sunday,10:00 - 11:59,Midday / afternoon,False,False,True,True
1352356,Injury,Moderate Injury,2024,2024,April,Tuesday,12:00 - 13:59,BROUGHTON,ST,0,Right on the spot,HUME,ST,CAMPBELLTOWN,7190.0,No,Not a school zone,T-junction,-34.072897,150.825063,Campbelltown,Sydney metro. area,Syd-Newc-Woll Gtr conurbation,Straight,Steep grade,,,Off,Sealed,Wet,Raining,Daylight,Nil,Give way sign,60 km/h,Regional,21,Right through,202,Opp - Right-thru,,Other angle,Car (sedan/hatch),Motorised push scooters,2,0,0,1,0,4,April,Autumn,Tuesday,12:00 - 13:59,Midday / afternoon,False,False,True,True
1352360,Injury,Serious Injury,2024,2024,March,Monday,18:00 - 19:59,GENERAL HOLMES,DR,200,East,SOUTH WESTERN,TO,MASCOT,194.0,No,Not a school zone,Divided road,-33.946086,151.174577,Bayside,Sydney metro. area,Syd-Newc-Woll Gtr conurbation,Straight,Underpass/tunnel,,Potholes/corrugations/rough,On,Sealed,Dry,Fine,Dusk,Nil,No traffic controls,70 km/h,State,74,On road-out of cont.,705,Out of control on cway,,Rollover,Motorcycle,,1,0,1,0,0,3,March,Autumn,Monday,18:00 - 19:59,PM peak / evening commute,True,False,True,True
1352361,Injury,Minor/Other Injury,2024,2024,April,Tuesday,18:00 - 19:59,PRINCES,HWY,0,Right on the spot,TERRY,ST,TEMPE,1.0,No,Not a school zone,T-junction,-33.920524,151.167482,Inner West,Sydney metro. area,Syd-Newc-Woll Gtr conurbation,Straight,,,,On,Sealed,Dry,Fine,Darkness,Unknown / not stated,Left turn only,60 km/h,State,16,Left near,107,Adj - Left-thru from right,,Right angle,4 wheel drive / SUV,Car (sedan/hatch),2,0,0,0,1,4,April,Autumn,Tuesday,18:00 - 19:59,PM peak / evening commute,True,False,True,True
1352362,Injury,Serious Injury,2024,2024,April,Sunday,16:00 - 17:59,PACIFIC,HWY,50,North,SEVEN MILE,RD,KIWARRAK,10.0,No,Not a school zone,Divided road,-32.002156,152.463507,Mid-Coast,Country non-urban,Rest of NSW - Rural,Curved,,,,Nil,Sealed,Dry,Fine,Daylight,Nil,No traffic controls,110 km/h,State,84,Off right/left bend,802,Off cway left bend,Right,Rollover,4 wheel drive / SUV,,1,0,2,0,0,4,April,Autumn,Sunday,16:00 - 17:59,PM peak / evening commute,True,False,True,True
1352364,Injury,Serious Injury,2024,2024,March,Friday,06:00 - 07:59,VICTORIA,RD,40,North,LYONS,RD,DRUMMOYNE,165.0,No,Not a school zone,Divided road,-33.850754,151.154312,Canada Bay,Sydney metro. area,Syd-Newc-Woll Gtr conurbation,Straight,,,,Nil,Sealed,Dry,Fine,Dawn,Nil,No traffic controls,60 km/h,State,74,On road-out of cont.,705,Out of control on cway,,Rollover,Motorcycle,,1,0,1,0,0,3,March,Autumn,Friday,06:00 - 07:59,AM peak / school commute,True,False,True,True
1352365,Injury,Moderate Injury,2024,2024,April,Friday,16:00 - 17:59,DURAMANA,RD,0,Right on the spot,FREEMANTLE,RD,EGLINTON,,No,Not a school zone,T-junction,-33.372705,149.540353,Bathurst Regional,Country urban,Rest of NSW - Urban,Straight,,,,Off,Sealed,Dry,Fine,Daylight,Nil,Give way sign,50 km/h,Local,87,Off lft/lft bnd=>obj,706,Left turn,Left,Vehicle - Object,Light truck utility(from 2018),,1,0,0,1,0,4,April,Autumn,Friday,16:00 - 17:59,PM peak / evening commute,True,False,True,True
1352367,Injury,Moderate Injury,2024,2024,April,Thursday,16:00 - 17:59,JAMIESON,ST,0,Right on the spot,SOUTH,ST,BROKEN HILL,,No,Not a school zone,X-intersection,-31.982368,141.466628,Broken Hill,Country urban,Rest of NSW - Urban,Straight,,,,Off,Sealed,Dry,Fine,Dusk,Nil,Give way sign,50 km/h,Local,10,Cross traffic,101,Adj - Cross traffic,,Right angle,Car (sedan/hatch),Light truck,2,0,0,2,0,4,April,Autumn,Thursday,16:00 - 17:59,PM peak / evening commute,True,False,True,True
1352370,Injury,Minor/Other Injury,2024,2024,April,Sunday,08:00 - 09:59,HEATHCOTE,RD,0,Right on the spot,KEATO,AVE,HAMMONDVILLE,512.0,Yes,No,X-intersection,-33.953041,150.953133,Liverpool,Sydney metro. area,Syd-Newc-Woll Gtr conurbation,Straight,,,,Off,Sealed,Dry,Fine,Daylight,Unknown / not stated,No traffic controls,60 km/h,State,73,Off rd rght => obj,704,Right off cway into obj,,Vehicle - Object,Motorcycle,,1,0,0,0,1,4,April,Autumn,Sunday,08:00 - 09:59,AM peak / school commute,True,False,True,True
1352372,Injury,Moderate Injury,2024,2024,April,Wednesday,06:00 - 07:59,GREAT WESTERN,HWY,0,Right on the spot,POWELL,ST,HOMEBUSH,5.0,No,Not a school zone,T-junction,-33.865099,151.086086,Strathfield,Sydney metro. area,Syd-Newc-Woll Gtr conurbation,Straight,,,,Off,Sealed,Dry,Fine,Daylight,Nil,Give way sign,60 km/h,State,30,Rear end,301,Same - Rear end,,Rear end,Light truck utility(from 2018),Car (sedan/hatch),2,0,0,1,0,4,April,Autumn,Wednesday,06:00 - 07:59,AM peak / school commute,True,False,True,True
1352373,Injury,Moderate Injury,2024,2024,April,Sunday,22:00 - Midnight,NORTHFIELDS,AVE,80,West,IRVINE,ST,GWYNNEVILLE,,No,Not a school zone,Divided road,-34.408434,150.881511,Wollongong,Wollongong met. area,Syd-Newc-Woll Gtr conurbation,Straight,,,,On,Sealed,Dry,Fine,Darkness,Nil,No traffic controls,40 km/h,Local,49,Other manoeuvring,400,Manov - other,,Other angle,Car (sedan/hatch),,1,0,0,1,0,4,April,Autumn,Sunday,22:00 - Midnight,Evening / night,False,False,True,True
1352376,Injury,Serious Injury,2024,2024,April,Tuesday,12:00 - 13:59,MYALL,ST,20,West,JOHN GLENN,PL,DUBBO,,No,Not a school zone,Divided road,-32.243157,148.636797,Dubbo Regional,Country urban,Rest of NSW - Urban,Straight,Foot/cycle path/nature strip,,,Off,Sealed,Dry,Fine,Daylight,Nil,No traffic controls,50 km/h,Local,48,From footpath,408,Manov - From footway,,Other angle,Motorcycle,Car (sedan/hatch),2,0,1,0,0,4,April,Autumn,Tuesday,12:00 - 13:59,Midday / afternoon,False,False,True,True
1352380,Injury,Moderate Injury,2024,2024,February,Monday,10:00 - 11:59,ILLAWARRA,HWY,0,Right on the spot,KIRKHAM,ST,MOSS VALE,25.0,No,Not a school zone,T-junction,-34.549719,150.371633,Wingecarribee,Country urban,Rest of NSW - Urban,Straight,,,,Nil,Sealed,Dry,Fine,Daylight,On,No traffic controls,50 km/h,State,75,Off end of road,709,Off end cway or T junct,,Vehicle - Object,Car (sedan/hatch),,1,0,0,1,0,2,February,Summer,Monday,10:00 - 11:59,Midday / afternoon,False,False,True,True
1352381,Injury,Moderate Injury,2024,2024,April,Friday,06:00 - 07:59,GREAT WESTERN,HWY,0,Right on the spot,WOODLANDS,RD,KATOOMBA,5.0,No,Not a school zone,T-junction,-33.706122,150.318732,Blue Mountains,Country urban,Syd-Newc-Woll Gtr conurbation,Curved,,,,Off,Sealed,Dry,Fine,Daylight,On,No traffic controls,70 km/h,State,21,Right through,202,Opp - Right-thru,,Other angle,Car (sedan/hatch),Large rigid,2,0,0,1,0,4,April,Autumn,Friday,06:00 - 07:59,AM peak / school commute,True,False,True,True
1352384,Injury,Moderate Injury,2024,2024,March,Saturday,10:00 - 11:59,CONRAD,ST,0,Right on the spot,POLDING,ST,PRAIRIEWOOD,,No,Not a school zone,T-junction,-33.856541,150.898083,Fairfield,Sydney metro. area,Syd-Newc-Woll Gtr conurbation,Straight,,,,Off,Sealed,Dry,Fine,Daylight,On,No traffic controls,60 km/h,Local,21,Right through,202,Opp - Right-thru,,Other angle,4 wheel drive / SUV,Car (sedan/hatch),2,0,0,1,0,3,March,Autumn,Saturday,10:00 - 11:59,Midday / afternoon,False,False,True,True
1352386,Injury,Serious Injury,2024,2024,April,Wednesday,14:00 - 15:59,WILLIAM,ST,50,North,BATHURST,RD,ORANGE,,No,Not a school zone,2-way undivided,-33.284542,149.105619,Orange,Country urban,Rest of NSW - Urban,Straight,Driveway/entrance,,,Off,Sealed,Dry,Fine,Daylight,Nil,No traffic controls,50 km/h,Local,37,Left turn sideswipe,309,Same - Left turn side swipe,,Other angle,4 wheel drive / SUV,Motorcycle,2,0,1,0,0,4,April,Autumn,Wednesday,14:00 - 15:59,Midday / afternoon,False,False,True,True
1352390,Injury,Minor/Other Injury,2024,2024,April,Saturday,20:00 - 21:59,NEW CANTERBURY,RD,0,Right on the spot,NUMBER 604A,HN,HURLSTONE PARK,167.0,No,Not a school zone,2-way undivided,-33.905096,151.132694,Canterbury-Bankstown,Sydney metro. area,Syd-Newc-Woll Gtr conurbation,Straight,Driveway/entrance,,,On,Sealed,Dry,Fine,Darkness,Nil,No traffic controls,60 km/h,State,47,Emerging from drive,406,Manov - Emerging from driveway,,Right angle,4 wheel drive / SUV,Motor scooter,2,0,0,0,1,4,April,Autumn,Saturday,20:00 - 21:59,Evening / night,False,False,True,True
1352392,Injury,Serious Injury,2024,2024,May,Friday,16:00 - 17:59,PRINCES,HWY,0,Right on the spot,ERSKINEVILLE,RD,NEWTOWN,1.0,No,Not a school zone,X-intersection,-33.896444,151.180011,Inner West,Sydney metro. area,Syd-Newc-Woll Gtr conurbation,Straight,Foot/cycle path/nature strip,,,On,Sealed,Wet,Raining,Darkness,On,Ped crossing,40 km/h,State,48,From footpath,408,Manov - From footway,,Other angle,Pedal cycle,Station wagon,2,0,1,0,0,5,May,Autumn,Friday,16:00 - 17:59,PM peak / evening commute,True,False,True,True
1352397,Injury,Serious Injury,2024,2024,May,Thursday,12:00 - 13:59,THE ESCORT,WAY,3870,East,MOUSEHOLE,LANE,BOREE,61.0,No,Not a school zone,2-way undivided,-33.223747,148.891205,Cabonne,Country non-urban,Rest of NSW - Rural,Curved,Painted double centre lines,,,Nil,Sealed,Dry,Fine,Daylight,Nil,No traffic controls,100 km/h,State,20,Head on,201,Opp - Head on,,Head-on,Motorcycle,Motorcycle,2,0,2,0,0,5,May,Autumn,Thursday,12:00 - 13:59,Midday / afternoon,False,False,True,True
1352399,Injury,Moderate Injury,2024,2024,May,Saturday,12:00 - 13:59,M7 WESTLINK,EXP,100,South,HOXTON PARK ROAD,OP,HOXTON PARK,6009.0,No,Not a school zone,Dual freeway,-33.927017,150.864728,Liverpool,Sydney metro. area,Syd-Newc-Woll Gtr conurbation,Curved,Other bridge,,,Nil,Sealed,Wet,Other,Daylight,Nil,No traffic controls,100 km/h,State,30,Rear end,301,Same - Rear end,,Rear end,Station wagon,Car (sedan/hatch),4,0,0,1,0,5,May,Autumn,Saturday,12:00 - 13:59,Midday / afternoon,False,False,True,True
1352401,Injury,Moderate Injury,2024,2024,May,Wednesday,08:00 - 09:59,ALISON,RD,100,East,JOHN,ST,RANDWICK,327.0,No,Not a school zone,Other,-33.907819,151.23359,Randwick,Sydney metro. area,Syd-Newc-Woll Gtr conurbation,Curved,Foot/cycle path/nature strip,,,Off,Sealed,Wet,Raining,Daylight,Nil,No traffic controls,60 km/h,State,6,Ped on footpath,8,Ped - On footway/median,,Vehicle - Pedestrian,Pedal cycle,Pedestrian,2,0,0,1,0,5,May,Autumn,Wednesday,08:00 - 09:59,AM peak / school commute,True,False,True,True
1352402,Injury,Serious Injury,2024,2024,April,Friday,16:00 - 17:59,PACIFIC,HWY,0,Right on the spot,KINARRA,AVE,WYOMING,10.0,No,Not a school zone,T-junction,-33.405823,151.350977,Central Coast,Country urban,Syd-Newc-Woll Gtr conurbation,Straight,,,,On,Sealed,Dry,Fine,Dusk,On,Ped crossing,60 km/h,State,0,Ped nearside,1,Ped - Near side,,Vehicle - Pedestrian,Car (sedan/hatch),Pedestrian,2,0,1,0,0,4,April,Autumn,Friday,16:00 - 17:59,PM peak / evening commute,True,False,True,True
1352404,Injury,Serious Injury,2024,2024,May,Thursday,14:00 - 15:59,MOONPAR,RD,1000,East,TYRINGHAM,RD,BOSTOBRICK,,No,Not a school zone,2-way undivided,-30.264812,152.630416,Bellingen,Country non-urban,Rest of NSW - Rural,Straight,Steep grade,,,Nil,Unsealed,Wet,Raining,Daylight,Nil,No traffic controls,100 km/h,Local,74,On road-out of cont.,705,Out of control on cway,,Rollover,Motorcycle,,1,0,1,0,0,5,May,Autumn,Thursday,14:00 - 15:59,Midday / afternoon,False,False,True,True
1352406,Injury,Moderate Injury,2024,2024,May,Sunday,16:00 - 17:59,PACIFIC,HWY,15,West,AMY,CL,WYONG,10.0,No,Not a school zone,Divided road,-33.268566,151.435529,Central Coast,Country urban,Syd-Newc-Woll Gtr conurbation,Straight,,,,On,Sealed,Wet,Raining,Darkness,Nil,No traffic controls,70 km/h,State,30,Rear end,301,Same - Rear end,,Rear end,Car (sedan/hatch),4 wheel drive / SUV,2,0,0,1,0,5,May,Autumn,Sunday,16:00 - 17:59,PM peak / evening commute,True,False,True,True