crash_id,degree_of_crash,degree_of_crash_-_detailed,reporting_year,year_of_crash,month_of_crash,day_of_week_of_crash,two-hour_intervals,street_of_crash,street_type,distance,direction,identifying_feature,identifying_feature_type,town,route_no.,school_zone_location,school_zone_active,type_of_location,latitude,longitude,lga,urbanisation,conurbation_1,alignment,primary_permanent_feature,primary_temporary_feature,primary_hazardous_feature,street_lighting,road_surface,surface_condition,weather,natural_lighting,signals_operation,other_traffic_control,speed_limit,road_classification_(admin),rum_-_code,rum_-_description,dca_-_code,dca_-_description,dca_supplement,first_impact_type,key_tu_type,other_tu_type,no._of_traffic_units_involved,no._killed,no._seriously_injured,no._moderately_injured,no._minor-other_injured,month_num,month_label,season,day_label,time_label,time_band,is_peak_commute,is_fatal,is_injury,is_casualty
1352415,Injury,Moderate Injury,2024,2024,May,Friday,12:00 - 13:59,GREAT WESTERN,HWY,130,East,MARTIN,PL,LINDEN,5.0,No,Not a school zone,Divided road,-33.71288,150.515962,Blue Mountains,Country urban,Syd-Newc-Woll Gtr conurbation,Curved,Steep grade,,,Off,Sealed,Dry,Fine,Daylight,Nil,No traffic controls,80 km/h,State,35,Lane change left,307,Same - Lane change left,,Other angle,Semi-trailer,Car (sedan/hatch),2,0,0,1,0,5,May,Autumn,Friday,12:00 - 13:59,Midday / afternoon,False,False,True,True
1352416,Injury,Moderate Injury,2024,2024,April,Tuesday,10:00 - 11:59,INALLS,LANE,0,Right on the spot,YARRAMUNDI,LANE,RICHMOND,,No,Not a school zone,T-junction,-33.592222,150.724118,Hawkesbury,Country urban,Syd-Newc-Woll Gtr conurbation,Straight,,,,Nil,Sealed,Dry,Fine,Daylight,Nil,Stop sign,60 km/h,Local,13,Right near,104,Adj - Right-thru from right,,Right angle,Light truck utility(from 2018),4 wheel drive / SUV,2,0,0,1,0,4,April,Autumn,Tuesday,10:00 - 11:59,Midday / afternoon,False,False,True,True
1352421,Injury,Serious Injury,2024,2024,May,Thursday,14:00 - 15:59,NEIL,ST,100,West,PITT,ST,MERRYLANDS,7250.0,No,Not a school zone,2-way undivided,-33.833635,150.991123,Cumberland,Sydney metro. area,Syd-Newc-Woll Gtr conurbation,Straight,,,,Off,Sealed,Wet,Raining,Daylight,Nil,No traffic controls,60 km/h,Regional,71,Off rd left => obj,703,Left off cway into object,,Vehicle - Object,Motorcycle,,1,0,1,0,0,5,May,Autumn,Thursday,14:00 - 15:59,Midday / afternoon,False,False,True,True
1352426,Injury,Serious Injury,2024,2024,May,Friday,14:00 - 15:59,FIRST,AVE,0,Right on the spot,TWENTIETH,AVE,HOXTON PARK,,No,Not a school zone,Roundabout,-33.928274,150.858854,Liverpool,Sydney metro. area,Syd-Newc-Woll Gtr conurbation,Straight,,,,Off,Sealed,Wet,Overcast,Daylight,Nil,Give way sign,50 km/h,Local,83,Off rt/rt bnd=>obj,707,Right turn,Right,Vehicle - Object,Car (sedan/hatch),,1,0,1,0,0,5,May,Autumn,Friday,14:00 - 15:59,Midday / afternoon,False,False,True,True
1352428,Injury,Serious Injury,2024,2024,March,Tuesday,16:00 - 17:59,GANNONS,RD,0,Right on the spot,NUMBER 66,HN,CARINGBAH SOUTH,,No,Not a school zone,2-way undivided,-34.046592,151.132728,Sutherland,Sydney metro. area,Syd-Newc-Woll Gtr conurbation,Straight,Foot/cycle path/nature strip,,,Off,Sealed,Dry,Fine,Dusk,Nil,No traffic controls,50 km/h,Local,6,Ped on footpath,8,Ped - On footway/median,,Vehicle - Pedestrian,Pedal cycle,Pedestrian,2,0,1,0,0,3,March,Autumn,Tuesday,16:00 - 17:59,PM peak / evening commute,True,False,True,True
1352430,Injury,Serious Injury,2024,2024,May,Friday,18:00 - 19:59,PACIFIC,HWY,0,Right on the spot,GODFREY HILL,RD,KOORAINGHAT,10.0,No,Not a school zone,X-intersection,-31.984484,152.470263,Mid-Coast,Country non-urban,Rest of NSW - Rural,Straight,Ditch/drain/culvert,,,Nil,Sealed,Wet,Raining,Darkness,Nil,Stop sign,110 km/h,State,85,Off rt/lft bnd=>obj,706,Left turn,Right,Vehicle - Object,Light truck utility(from 2018),,1,0,1,1,0,5,May,Autumn,Friday,18:00 - 19:59,PM peak / evening commute,True,False,True,True
1352432,Injury,Serious Injury,2024,2024,April,Friday,16:00 - 17:59,ANZAC,PDE,0,Right on the spot,ALISON,RD,KENSINGTON,171.0,No,Not a school zone,X-intersection,-33.901636,151.222831,Randwick,Sydney metro. area,Syd-Newc-Woll Gtr conurbation,Straight,,,,Off,Sealed,Dry,Fine,Daylight,On,No traffic controls,60 km/h,State,33,Lane sideswipe,305,Same - Lane side swipe,,Other angle,Car (sedan/hatch),Motor scooter,2,0,1,0,0,4,April,Autumn,Friday,16:00 - 17:59,PM peak / evening commute,True,False,True,True
1352437,Injury,Moderate Injury,2024,2024,May,Sunday,20:00 - 21:59,OLD SOUTH HEAD,RD,50,North,BLAKE,ST,ROSE BAY,339.0,No,Not a school zone,2-way undivided,-33.871356,151.275101,Waverley,Sydney metro. area,Syd-Newc-Woll Gtr conurbation,Straight,,,,On,Sealed,Wet,Fine,Darkness,Nil,No traffic controls,50 km/h,State,63,Vehicle door,604,On path - Vehicle door,,Other angle,Pedal cycle,Car (sedan/hatch),2,0,0,1,0,5,May,Autumn,Sunday,20:00 - 21:59,Evening / night,False,False,True,True
1352438,Injury,Serious Injury,2024,2024,May,Saturday,20:00 - 21:59,BAYSHORE,DR,0,Right on the spot,SUNRISE,BVD,BYRON BAY,,No,Not a school zone,T-junction,-28.632165,153.582717,Byron,Country urban,Rest of NSW - Urban,Straight,,,,Nil,Sealed,Wet,Raining,Darkness,Nil,No traffic controls,50 km/h,Local,2,Ped far side,3,Ped - Far side,,Vehicle - Pedestrian,Car (sedan/hatch),Pedestrian,2,0,1,0,0,5,May,Autumn,Saturday,20:00 - 21:59,Evening / night,False,False,True,True
1352442,Injury,Moderate Injury,2024,2024,May,Tuesday,10:00 - 11:59,HENRY LAWSON,WAY,5000,South,MURRAYS,LANE,GRENFELL,239.0,No,Not a school zone,2-way undivided,-33.95368,148.176446,Weddin,Country non-urban,Rest of NSW - Rural,Curved,Painted double centre lines,,,Nil,Sealed,Dry,Fine,Daylight,Nil,No traffic controls,100 km/h,Regional,85,Off rt/lft bnd=>obj,804,Off left bend into obj,Right,Vehicle - Object,Light truck utility(from 2018),,1,0,0,1,0,5,May,Autumn,Tuesday,10:00 - 11:59,Midday / afternoon,False,False,True,True
1352443,Injury,Minor/Other Injury,2024,2024,April,Monday,08:00 - 09:59,WARDELL,RD,10,East,LANG,RD,EARLWOOD,7053.0,No,Not a school zone,T-junction,-33.915044,151.134964,Canterbury-Bankstown,Sydney metro. area,Syd-Newc-Woll Gtr conurbation,Straight,,,,Off,Sealed,Dry,Fine,Daylight,Nil,Ped crossing,50 km/h,Regional,0,Ped nearside,1,Ped - Near side,,Vehicle - Pedestrian,Car (sedan/hatch),Pedestrian,2,0,0,0,1,4,April,Autumn,Monday,08:00 - 09:59,AM peak / school commute,True,False,True,True
1352444,Injury,Moderate Injury,2024,2024,May,Friday,14:00 - 15:59,PACIFIC,HWY,250,North,CUTLER,DR,WYONG,10.0,No,Not a school zone,Divided road,-33.27443,151.429583,Central Coast,Country urban,Syd-Newc-Woll Gtr conurbation,Straight,Bus stop,,,Off,Sealed,Dry,Fine,Daylight,Nil,No traffic controls,70 km/h,State,1,Ped emerging,2,Ped - emerging,,Vehicle - Pedestrian,4 wheel drive / SUV,Pedestrian,2,0,0,1,0,5,May,Autumn,Friday,14:00 - 15:59,Midday / afternoon,False,False,True,True
1352445,Injury,Serious Injury,2024,2024,May,Friday,02:00 - 03:59,OLD WINDSOR,RD,0,Right on the spot,ABBOTT,RD,BAULKHAM HILLS,635.0,No,Not a school zone,X-intersection,-33.765726,150.958395,The Hills,Sydney metro. area,Syd-Newc-Woll Gtr conurbation,Straight,,,,On,Sealed,Dry,Fine,Darkness,On,No traffic controls,80 km/h,State,21,Right through,202,Opp - Right-thru,,Other angle,Light truck utility(from 2018),Light truck,2,0,2,0,0,5,May,Autumn,Friday,02:00 - 03:59,Late night / early morning,False,False,True,True
1352447,Injury,Moderate Injury,2024,2024,May,Friday,18:00 - 19:59,RUGBY,RD,100,North,BEVENDALE,RD,BEVENDALE,,No,Not a school zone,2-way undivided,-34.534057,149.116187,Upper Lachlan,Country non-urban,Rest of NSW - Rural,Curved,Embankment/cutting,,,Nil,Unsealed,Dry,Overcast,Darkness,Nil,No traffic controls,100 km/h,Local,85,Off rt/lft bnd=>obj,804,Off left bend into obj,Right,Vehicle - Object,Light truck utility(from 2018),,1,0,0,1,0,5,May,Autumn,Friday,18:00 - 19:59,PM peak / evening commute,True,False,True,True
1352452,Injury,Moderate Injury,2024,2024,May,Thursday,18:00 - 19:59,DOUGLAS,ST,0,Right on the spot,GROSE,RD,FAULCONBRIDGE,,Yes,No,T-junction,-33.689945,150.546217,Blue Mountains,Country urban,Syd-Newc-Woll Gtr conurbation,Curved,,,,On,Sealed,Dry,Fine,Dusk,Nil,Stop sign,50 km/h,Local,21,Right through,202,Opp - Right-thru,,Other angle,Car (sedan/hatch),Light truck utility(from 2018),2,0,0,1,0,5,May,Autumn,Thursday,18:00 - 19:59,PM peak / evening commute,True,False,True,True
1352453,Injury,Moderate Injury,2024,2024,May,Wednesday,16:00 - 17:59,MONARO,HWY,50,North,CLARKE,ST,NIMMITABEL,19.0,No,Not a school zone,2-way undivided,-36.511913,149.284613,Snowy Monaro Regional,Country urban,Rest of NSW - Urban,Straight,,,,Off,Sealed,Dry,Fine,Dusk,Nil,No traffic controls,50 km/h,State,20,Head on,201,Opp - Head on,,Head-on,Car (sedan/hatch),4 wheel drive / SUV,2,0,0,1,0,5,May,Autumn,Wednesday,16:00 - 17:59,PM peak / evening commute,True,False,True,True
1352454,Injury,Serious Injury,2024,2024,April,Wednesday,04:00 - 05:59,JAMES RUSE,DR,50,North,VICTORIA ROAD,OP,PARRAMATTA,309.0,No,Not a school zone,Divided road,-33.808662,151.023781,Parramatta,Sydney metro. area,Syd-Newc-Woll Gtr conurbation,Straight,,,,On,Sealed,Dry,Fine,Darkness,Nil,No traffic controls,70 km/h,State,34,Lane change right,306,Same - Lane change right,,Other angle,4 wheel drive / SUV,Motorcycle,2,0,1,0,0,4,April,Autumn,Wednesday,04:00 - 05:59,Late night / early morning,False,False,True,True
1352456,Injury,Minor/Other Injury,2024,2024,May,Sunday,10:00 - 11:59,HUME,HWY,25,North,WILLOWBANK ROAD,OP,SOUTH ALBURY,2.0,No,Not a school zone,Divided road,-36.098668,146.913289,Albury,Country non-urban,Rest of NSW - Rural,Straight,,,,Nil,Sealed,Dry,Fine,Daylight,Nil,No traffic controls,110 km/h,State,34,Lane change right,306,Same - Lane change right,,Other angle,4 wheel drive / SUV,Car (sedan/hatch),2,0,0,0,2,5,May,Autumn,Sunday,10:00 - 11:59,Midday / afternoon,False,False,True,True
1352461,Injury,Serious Injury,2024,2024,April,Friday,06:00 - 07:59,OYSTER BAY,RD,10,East,SAGE,AVE,OYSTER BAY,,Yes,No,T-junction,-34.006885,151.08093,Sutherland,Sydney metro. area,Syd-Newc-Woll Gtr conurbation,Curved,,,,Off,Sealed,Dry,Fine,Daylight,Nil,Ped crossing,50 km/h,Local,0,Ped nearside,1,Ped - Near side,,Vehicle - Pedestrian,Light truck utility(from 2018),Pedestrian,2,0,1,0,0,4,April,Autumn,Friday,06:00 - 07:59,AM peak / school commute,True,False,True,True
1352462,Injury,Serious Injury,2024,2024,May,Thursday,18:00 - 19:59,BURRAWAN,ST,0,Right on the spot,LORD,ST,PORT MACQUARIE,,No,Not a school zone,X-intersection,-31.434949,152.917449,Port Macquarie-Hastings,Country urban,Rest of NSW - Urban,Straight,,,,On,Sealed,Wet,Raining,Darkness,Nil,Give way sign,60 km/h,Local,10,Cross traffic,101,Adj - Cross traffic,,Right angle,4 wheel drive / SUV,Car (sedan/hatch),2,0,1,0,0,5,May,Autumn,Thursday,18:00 - 19:59,PM peak / evening commute,True,False,True,True
1352463,Injury,Minor/Other Injury,2024,2024,May,Friday,08:00 - 09:59,CARPENTER,ST,100,East,MONFARVILLE,ST,ST MARYS,,No,Not a school zone,2-way undivided,-33.775054,150.777707,Penrith,Sydney metro. area,Syd-Newc-Woll Gtr conurbation,Straight,Painted double centre lines,,,Nil,Sealed,Dry,Fine,Daylight,Nil,No traffic controls,50 km/h,Local,40,U turn,207,Opp - U-turn,,Other angle,4 wheel drive / SUV,Station wagon,2,0,0,0,1,5,May,Autumn,Friday,08:00 - 09:59,AM peak / school commute,True,False,True,True
1352470,Injury,Serious Injury,2024,2024,April,Wednesday,08:00 - 09:59,ELOUERA,RD,0,Right on the spot,NUMBER 26,HN,CRONULLA,,No,Not a school zone,2-way undivided,-34.041798,151.156304,Sutherland,Sydney metro. area,Syd-Newc-Woll Gtr conurbation,Straight,Driveway/entrance,,,Off,Sealed,Dry,Fine,Daylight,Nil,No traffic controls,50 km/h,Local,47,Emerging from drive,406,Manov - Emerging from driveway,,Right angle,4 wheel drive / SUV,Pedal cycle,2,0,1,0,0,4,April,Autumn,Wednesday,08:00 - 09:59,AM peak / school commute,True,False,True,True
1352473,Injury,Moderate Injury,2024,2024,May,Monday,10:00 - 11:59,MANN,ST,7,South,GEORGIANA,TCE,GOSFORD,,Yes,No,Roundabout,-33.429062,151.341416,Central Coast,Country urban,Syd-Newc-Woll Gtr conurbation,Straight,,,,Nil,Sealed,Dry,Fine,Daylight,Nil,Ped crossing,40 km/h,Local,0,Ped nearside,1,Ped - Near side,,Vehicle - Pedestrian,Utility,Pedestrian,2,0,0,1,0,5,May,Autumn,Monday,10:00 - 11:59,Midday / afternoon,False,False,True,True
1352475,Injury,Moderate Injury,2024,2024,April,Friday,18:00 - 19:59,PITT,ST,0,Right on the spot,MANCHESTER,ST,HOLROYD,2098.0,No,Not a school zone,T-junction,-33.831992,150.992708,Cumberland,Sydney metro. area,Syd-Newc-Woll Gtr conurbation,Straight,,,,On,Sealed,Dry,Fine,Darkness,Nil,No traffic controls,60 km/h,Regional,35,Lane change left,307,Same - Lane change left,,Other angle,4 wheel drive / SUV,Car (sedan/hatch),3,0,0,2,0,4,April,Autumn,Friday,18:00 - 19:59,PM peak / evening commute,True,False,True,True
1352481,Injury,Minor/Other Injury,2024,2024,May,Thursday,22:00 - Midnight,HUME,HWY,0,Right on the spot,YASS VALLEY,WAY,MANTON,2.0,No,Not a school zone,T-junction,-34.837288,149.013354,Yass Valley,Country non-urban,Rest of NSW - Rural,Straight,,,,Nil,Sealed,Dry,Fine,Darkness,Nil,Give way sign,110 km/h,State,10,Cross traffic,101,Adj - Cross traffic,,Right angle,Car (sedan/hatch),B-double (road train prior 98),2,0,0,0,1,5,May,Autumn,Thursday,22:00 - Midnight,Evening / night,False,False,True,True
1352482,Injury,Minor/Other Injury,2024,2024,May,Saturday,04:00 - 05:59,OLD COOMA,RD,100,North,TALPA,RD,GOOGONG,584.0,No,Not a school zone,Divided road,-35.400896,149.230491,Queanbeyan-Palerang Regional,Country urban,Rest of NSW - Urban,Curved,Steep grade,,,Nil,Sealed,Dry,Fine,Darkness,Nil,No traffic controls,80 km/h,Regional,85,Off rt/lft bnd=>obj,804,Off left bend into obj,Right,Vehicle - Object,Car (sedan/hatch),,1,0,0,0,1,5,May,Autumn,Saturday,04:00 - 05:59,Late night / early morning,False,False,True,True
1352485,Injury,Minor/Other Injury,2024,2024,April,Monday,14:00 - 15:59,EVAN,ST,0,Right on the spot,MAXWELL,ST,SOUTH PENRITH,,Yes,No,Roundabout,-33.773711,150.697576,Penrith,Sydney metro. area,Syd-Newc-Woll Gtr conurbation,Straight,,,,Off,Sealed,Dry,Fine,Daylight,Nil,Give way sign,50 km/h,Local,10,Cross traffic,101,Adj - Cross traffic,,Right angle,Motorcycle,Car (sedan/hatch),2,0,0,0,1,4,April,Autumn,Monday,14:00 - 15:59,Midday / afternoon,False,False,True,True
1352486,Injury,Serious Injury,2024,2024,April,Monday,12:00 - 13:59,CROWS NEST,RD,0,Right on the spot,NUMBER 2-12,HN,WAVERTON,,No,Not a school zone,2-way undivided,-33.836932,151.198246,North Sydney,Sydney metro. area,Syd-Newc-Woll Gtr conurbation,Straight,Driveway/entrance,,,Off,Sealed,Dry,Fine,Daylight,Nil,No traffic controls,50 km/h,Local,7,Driveway,7,Ped - driveway,,Vehicle - Pedestrian,Light truck utility(from 2018),Pedestrian,2,0,1,0,0,4,April,Autumn,Monday,12:00 - 13:59,Midday / afternoon,False,False,True,True
1352494,Injury,Moderate Injury,2024,2024,April,Thursday,12:00 - 13:59,GIPPSLAND,ST,0,Right on the spot,JILLAMATONG,ST,JINDABYNE,,No,Not a school zone,T-junction,-36.419956,148.613695,Snowy Monaro Regional,Country urban,Rest of NSW - Urban,Curved,,,,Off,Sealed,Dry,Fine,Daylight,Nil,No traffic controls,50 km/h,Local,40,U turn,304,Same - U-turn,,Other angle,Car (sedan/hatch),Passenger van,2,0,0,1,0,4,April,Autumn,Thursday,12:00 - 13:59,Midday / afternoon,False,False,True,True
1352500,Injury,Moderate Injury,2024,2024,March,Thursday,18:00 - 19:59,STURT,HWY,2000,West,SANDIGO,RD,SANDIGO,14.0,No,Not a school zone,2-way undivided,-34.900236,146.622053,Narrandera,Country non-urban,Rest of NSW - Rural,Straight,,,,Nil,Sealed,Dry,Fine,Daylight,Nil,No traffic controls,100 km/h,State,70,Off road to left,701,Off carriageway to left,,Rollover,Light truck utility(from 2018),,1,0,0,1,0,3,March,Autumn,Thursday,18:00 - 19:59,PM peak / evening commute,True,False,True,True
1352504,Injury,Moderate Injury,2024,2024,April,Friday,08:00 - 09:59,BUCKETTS,WAY,1000,West,WARDS CREEK,RD,BELBORA,90.0,No,Not a school zone,2-way undivided,-32.024599,152.197064,Mid-Coast,Country non-urban,Rest of NSW - Rural,Curved,Painted double centre lines,,,Nil,Sealed,Wet,Raining,Daylight,Nil,No traffic controls,90 km/h,Regional,20,Head on,201,Opp - Head on,,Head-on,Light truck utility(from 2018),Car (sedan/hatch),2,0,0,3,0,4,April,Autumn,Friday,08:00 - 09:59,AM peak / school commute,True,False,True,True
1352506,Injury,Minor/Other Injury,2024,2024,May,Monday,06:00 - 07:59,PRESLAND,AVE,0,Right on the spot,NUMBER 32,HN,REVESBY,,No,Not a school zone,2-way undivided,-33.946352,151.008399,Canterbury-Bankstown,Sydney metro. area,Syd-Newc-Woll Gtr conurbation,Straight,Driveway/entrance,,,Off,Sealed,Dry,Fine,Daylight,Nil,No traffic controls,50 km/h,Local,7,Driveway,7,Ped - driveway,,Vehicle - Pedestrian,Car (sedan/hatch),Pedestrian,2,0,0,0,1,5,May,Autumn,Monday,06:00 - 07:59,AM peak / school commute,True,False,True,True
1352507,Injury,Serious Injury,2024,2024,May,Saturday,20:00 - 21:59,UNNAMED,TRK,1000,South,WESTERN BOUNDARY,RD,BODALLA,,No,Not a school zone,2-way undivided,-36.040484,150.014868,Eurobodalla,Country urban,Rest of NSW - Urban,Straight,Narrow roadway,,,Nil,Unsealed,Dry,Fine,Darkness,Nil,No traffic controls,80 km/h,Local,20,Head on,201,Opp - Head on,,Head-on,Motorcycle,Light truck utility(from 2018),2,0,1,0,0,5,May,Autumn,Saturday,20:00 - 21:59,Evening / night,False,False,True,True
1352513,Injury,Moderate Injury,2024,2024,May,Wednesday,10:00 - 11:59,OLYMPIC,DR,0,Right on the spot,JOSEPH,ST,LIDCOMBE,190.0,No,Not a school zone,T-junction,-33.869285,151.042523,Cumberland,Sydney metro. area,Syd-Newc-Woll Gtr conurbation,Curved,,,,Nil,Sealed,Dry,Fine,Daylight,On,No right turn,70 km/h,State,21,Right through,202,Opp - Right-thru,,Other angle,Car (sedan/hatch),Light truck,2,0,0,1,0,5,May,Autumn,Wednesday,10:00 - 11:59,Midday / afternoon,False,False,True,True
1352518,Injury,Serious Injury,2024,2024,May,Thursday,14:00 - 15:59,HORSLEY,RD,150,West,WILSON,ST,PANANIA,,No,Not a school zone,2-way undivided,-33.950059,150.996432,Canterbury-Bankstown,Sydney metro. area,Syd-Newc-Woll Gtr conurbation,Straight,,,,Off,Sealed,Dry,Fine,Daylight,Nil,No traffic controls,50 km/h,Local,71,Off rd left => obj,703,Left off cway into object,,Other angle,4 wheel drive / SUV,Car (sedan/hatch),3,0,1,0,0,5,May,Autumn,Thursday,14:00 - 15:59,Midday / afternoon,False,False,True,True
1352520,Injury,Moderate Injury,2024,2024,May,Saturday,08:00 - 09:59,MID WESTERN,HWY,600,West,CARCOAR DAM,RD,CARCOAR,6.0,No,Not a school zone,2-way undivided,-33.591679,149.179312,Blayney,Country non-urban,Rest of NSW - Rural,Curved,Steep grade,,,Nil,Sealed,Wet,Raining,Daylight,Nil,No traffic controls,100 km/h,State,87,Off lft/lft bnd=>obj,804,Off left bend into obj,Left,Vehicle - Object,Large rigid,,1,0,0,1,0,5,May,Autumn,Saturday,08:00 - 09:59,AM peak / school commute,True,False,True,True
1352524,Injury,Moderate Injury,2024,2024,May,Friday,08:00 - 09:59,WILLIAM,ST,0,Right on the spot,FORBES,ST,WOOLLOOMOOLOO,173.0,No,Not a school zone,T-junction,-33.874725,151.219198,Sydney,Sydney metro. area,Syd-Newc-Woll Gtr conurbation,Straight,,,,Off,Sealed,Wet,Raining,Daylight,On,No right turn,50 km/h,State,21,Right through,202,Opp - Right-thru,,Other angle,Car (sedan/hatch),Light truck utility(from 2018),2,0,0,2,0,5,May,Autumn,Friday,08:00 - 09:59,AM peak / school commute,True,False,True,True
1352525,Injury,Moderate Injury,2024,2024,May,Friday,12:00 - 13:59,CHURCH,ST,95,South,MARKET,ST,MUDGEE,,No,Not a school zone,2-way undivided,-32.591959,149.588418,Mid-Western Regional,Country urban,Rest of NSW - Urban,Straight,,,,Nil,Sealed,Dry,Fine,Daylight,Nil,Ped crossing,40 km/h,Local,2,Ped far side,3,Ped - Far side,,Vehicle - Pedestrian,Unknown motor vehicle,Pedestrian,2,0,0,1,0,5,May,Autumn,Friday,12:00 - 13:59,Midday / afternoon,False,False,True,True
1352526,Injury,Minor/Other Injury,2024,2024,May,Wednesday,16:00 - 17:59,BROWN,ST,0,Right on the spot,HUTCHINSON,ST,REDHEAD,,Yes,No,X-intersection,-33.013134,151.712062,Lake Macquarie,Newcastle met. area,Syd-Newc-Woll Gtr conurbation,Straight,,,,On,Sealed,Dry,Fine,Dusk,Nil,Stop sign,50 km/h,Local,10,Cross traffic,101,Adj - Cross traffic,,Right angle,4 wheel drive / SUV,4 wheel drive / SUV,2,0,0,0,1,5,May,Autumn,Wednesday,16:00 - 17:59,PM peak / evening commute,True,False,True,True
1352528,Injury,Serious Injury,2024,2024,May,Sunday,14:00 - 15:59,ROBERTS,RD,50,South,RUSSELL,ST,GREENACRE,200.0,No,Not a school zone,Divided road,-33.89903,151.065341,Canterbury-Bankstown,Sydney metro. area,Syd-Newc-Woll Gtr conurbation,Straight,,,,Off,Sealed,Dry,Fine,Daylight,Nil,No traffic controls,70 km/h,State,71,Off rd left => obj,703,Left off cway into object,,Vehicle - Object,Motorcycle,,1,0,1,0,0,5,May,Autumn,Sunday,14:00 - 15:59,Midday / afternoon,False,False,True,True
1352533,Injury,Serious Injury,2024,2024,May,Saturday,22:00 - Midnight,CENTRAL COAST,HWY,0,Right on the spot,MCDONALD'S,ENT,WEST GOSFORD,30.0,No,Not a school zone,2-way undivided,-33.42748,151.325028,Central Coast,Country urban,Syd-Newc-Woll Gtr conurbation,Straight,Driveway/entrance,,,On,Sealed,Dry,Fine,Darkness,On,No traffic controls,70 km/h,State,21,Right through,202,Opp - Right-thru,,Other angle,Car (sedan/hatch),4 wheel drive / SUV,2,0,1,0,0,5,May,Autumn,Saturday,22:00 - Midnight,Evening / night,False,False,True,True
1352535,Injury,Moderate Injury,2024,2024,May,Friday,14:00 - 15:59,ALBERT,AVE,40,West,ANDERSON,ST,CHATSWOOD,7489.0,No,Not a school zone,2-way undivided,-33.797872,151.18357,Willoughby,Sydney metro. area,Syd-Newc-Woll Gtr conurbation,Straight,Driveway/entrance,,,Off,Sealed,Dry,Fine,Daylight,Nil,Left turn only,40 km/h,Regional,2,Ped far side,3,Ped - Far side,,Vehicle - Pedestrian,4 wheel drive / SUV,Pedestrian,2,0,0,1,0,5,May,Autumn,Friday,14:00 - 15:59,Midday / afternoon,False,False,True,True
1352536,Injury,Moderate Injury,2024,2024,May,Saturday,12:00 - 13:59,BENT,ST,0,Right on the spot,LOFTUS,ST,SYDNEY,,No,Not a school zone,T-junction,-33.864276,151.210347,Sydney,Sydney metro. area,Syd-Newc-Woll Gtr conurbation,Curved,Steep grade,,,Off,Sealed,Wet,Raining,Daylight,Nil,Stop sign,40 km/h,Local,88,Out of cont on bend,707,Right turn,,Rollover,Motor scooter,,1,0,0,1,0,5,May,Autumn,Saturday,12:00 - 13:59,Midday / afternoon,False,False,True,True
1352537,Injury,Serious Injury,2024,2024,May,Friday,12:00 - 13:59,PACIFIC,HWY,0,Right on the spot,LAKE INNES,DR,LAKE INNES,10.0,No,Not a school zone,T-junction,-31.478118,152.814008,Port Macquarie-Hastings,Country non-urban,Rest of NSW - Rural,Straight,Ditch/drain/culvert,,,Off,Sealed,Dry,Overcast,Daylight,Nil,Give way sign,110 km/h,State,85,Off rt/lft bnd=>obj,706,Left turn,Right,Vehicle - Object,Car (sedan/hatch),,1,0,1,0,0,5,May,Autumn,Friday,12:00 - 13:59,Midday / afternoon,False,False,True,True
1352538,Injury,Moderate Injury,2024,2024,April,Saturday,10:00 - 11:59,KIDMAN,WAY,0,Right on the spot,NUMBER 8254,HN,DARLINGTON POINT,321.0,No,Not a school zone,2-way undivided,-34.57909,145.992921,Murrumbidgee,Country urban,Rest of NSW - Urban,Curved,Embankment/cutting,,,Nil,Sealed,Dry,Fine,Daylight,Nil,No traffic controls,80 km/h,State,87,Off lft/lft bnd=>obj,804,Off left bend into obj,Left,Vehicle - Object,Car (sedan/hatch),,1,0,0,2,0,4,April,Autumn,Saturday,10:00 - 11:59,Midday / afternoon,False,False,True,True
1352544,Injury,Moderate Injury,2024,2024,May,Monday,14:00 - 15:59,OLD BATHURST,RD,920,East,BOWAGA,AVE,BLAXLAND,7291.0,No,Not a school zone,2-way undivided,-33.741954,150.639042,Blue Mountains,Country urban,Syd-Newc-Woll Gtr conurbation,Curved,Painted double centre lines,,,Off,Sealed,Dry,Fine,Daylight,Nil,No traffic controls,50 km/h,Regional,20,Head on,201,Opp - Head on,,Head-on,Light truck utility(from 2018),Motorcycle,2,0,0,1,0,5,May,Autumn,Monday,14:00 - 15:59,Midday / afternoon,False,False,True,True
1352545,Injury,Moderate Injury,2024,2024,May,Tuesday,10:00 - 11:59,PACIFIC,HWY,150,East,FINGAL,RD,CHINDERAH,10.0,No,Not a school zone,2-way undivided,-28.22623,153.558238,Tweed,Country urban,Rest of NSW - Urban,Curved,,,,Nil,Sealed,Dry,Fine,Daylight,Nil,No traffic controls,60 km/h,State,87,Off lft/lft bnd=>obj,804,Off left bend into obj,Left,Vehicle - Object,Car (sedan/hatch),,1,0,0,1,0,5,May,Autumn,Tuesday,10:00 - 11:59,Midday / afternoon,False,False,True,True
1352548,Injury,Moderate Injury,2024,2024,April,Friday,22:00 - Midnight,JINDABYNE,ST,0,Right on the spot,NUMBER 36,HN,BOSSLEY PARK,,No,Not a school zone,2-way undivided,-33.867067,150.875671,Fairfield,Sydney metro. area,Syd-Newc-Woll Gtr conurbation,Straight,,,,On,Sealed,Dry,Fine,Darkness,Nil,No traffic controls,50 km/h,Local,73,Off rd rght => obj,704,Right off cway into obj,,Other angle,Car (sedan/hatch),Car (sedan/hatch),2,0,0,1,0,4,April,Autumn,Friday,22:00 - Midnight,Evening / night,False,False,True,True
1352549,Injury,Serious Injury,2024,2024,April,Tuesday,14:00 - 15:59,WALLSEND,RD,0,Right on the spot,NUMBER 197,HN,CARDIFF HEIGHTS,,No,Not a school zone,2-way undivided,-32.926112,151.670236,Lake Macquarie,Newcastle met. area,Syd-Newc-Woll Gtr conurbation,Straight,,,,Off,Sealed,Wet,Raining,Daylight,Nil,No traffic controls,50 km/h,Local,73,Off rd rght => obj,704,Right off cway into obj,,Vehicle - Object,Motorcycle,,1,0,1,0,0,4,April,Autumn,Tuesday,14:00 - 15:59,Midday / afternoon,False,False,True,True