crash_id,degree_of_crash,degree_of_crash_-_detailed,reporting_year,year_of_crash,month_of_crash,day_of_week_of_crash,two-hour_intervals,street_of_crash,street_type,distance,direction,identifying_feature,identifying_feature_type,town,route_no.,school_zone_location,school_zone_active,type_of_location,latitude,longitude,lga,urbanisation,conurbation_1,alignment,primary_permanent_feature,primary_temporary_feature,primary_hazardous_feature,street_lighting,road_surface,surface_condition,weather,natural_lighting,signals_operation,other_traffic_control,speed_limit,road_classification_(admin),rum_-_code,rum_-_description,dca_-_code,dca_-_description,dca_supplement,first_impact_type,key_tu_type,other_tu_type,no._of_traffic_units_involved,no._killed,no._seriously_injured,no._moderately_injured,no._minor-other_injured,month_num,month_label,season,day_label,time_label,time_band,is_peak_commute,is_fatal,is_injury,is_casualty
1352550,Injury,Moderate Injury,2024,2024,May,Wednesday,16:00 - 17:59,FOWLER,RD,0,Right on the spot,FAIRVIEW,ST,GUILDFORD,7252.0,No,Not a school zone,T-junction,-33.848316,150.973093,Cumberland,Sydney metro. area,Syd-Newc-Woll Gtr conurbation,Straight,,,,Nil,Sealed,Wet,Raining,Daylight,Nil,Give way sign,50 km/h,Regional,19,Other adjacent,100,Adj - other,,Right angle,Light truck utility(from 2018),Car (sedan/hatch),2,0,0,1,0,5,May,Autumn,Wednesday,16:00 - 17:59,PM peak / evening commute,True,False,True,True
1352551,Injury,Serious Injury,2024,2024,May,Friday,18:00 - 19:59,THE OLD OAKS,RD,0,Right on the spot,NUMBER 161,HN,GRASMERE,,No,Not a school zone,2-way undivided,-34.065888,150.66244,Camden,Sydney metro. area,Syd-Newc-Woll Gtr conurbation,Curved,Painted double centre lines,,,Nil,Sealed,Wet,Fine,Darkness,Nil,No traffic controls,70 km/h,Local,83,Off rt/rt bnd=>obj,803,Off right bend into obj,Right,Vehicle - Object,Car (sedan/hatch),,1,0,1,0,0,5,May,Autumn,Friday,18:00 - 19:59,PM peak / evening commute,True,False,True,True
1352553,Injury,Moderate Injury,2024,2024,May,Wednesday,12:00 - 13:59,NORTH,ST,0,Right on the spot,RICKARD,ST,AUBURN,,No,Not a school zone,X-intersection,-33.857046,151.02311,Cumberland,Sydney metro. area,Syd-Newc-Woll Gtr conurbation,Straight,,,,Nil,Sealed,Dry,Fine,Daylight,Nil,Stop sign,50 km/h,Local,10,Cross traffic,101,Adj - Cross traffic,,Right angle,Station wagon,4 wheel drive / SUV,2,0,0,1,0,5,May,Autumn,Wednesday,12:00 - 13:59,Midday / afternoon,False,False,True,True
1352555,Injury,Serious Injury,2024,2024,May,Thursday,12:00 - 13:59,WYRALLAH,RD,60,South,AVONDALE,AVE,EAST LISMORE,7742.0,No,Not a school zone,2-way undivided,-28.818642,153.284241,Lismore,Country urban,Rest of NSW - Urban,Straight,,,,Off,Sealed,Dry,Fine,Daylight,Nil,No traffic controls,50 km/h,Regional,71,Off rd left => obj,703,Left off cway into object,,Vehicle - Object,Light truck utility(from 2018),,1,0,1,0,0,5,May,Autumn,Thursday,12:00 - 13:59,Midday / afternoon,False,False,True,True
1352557,Injury,Serious Injury,2024,2024,April,Saturday,14:00 - 15:59,DUCK,ST,10,North,GREAT WESTERN,HWY,AUBURN,5.0,No,Not a school zone,T-junction,-33.837832,151.027025,Cumberland,Sydney metro. area,Syd-Newc-Woll Gtr conurbation,Straight,Painted double centre lines,,,Nil,Sealed,Dry,Fine,Daylight,On,No traffic controls,60 km/h,State,40,U turn,304,Same - U-turn,,Other angle,Car (sedan/hatch),Motorcycle,2,0,1,0,0,4,April,Autumn,Saturday,14:00 - 15:59,Midday / afternoon,False,False,True,True
1352560,Injury,Moderate Injury,2024,2024,May,Tuesday,08:00 - 09:59,EAST,TCE,0,Right on the spot,ST EUPHEMIA COLLEGE,OT,BANKSTOWN,,Yes,No,2-way undivided,-33.918692,151.038655,Canterbury-Bankstown,Sydney metro. area,Syd-Newc-Woll Gtr conurbation,Straight,,,,Nil,Sealed,Dry,Fine,Daylight,Nil,Ped crossing,40 km/h,Local,3,Ped on carriageway,4,Ped - On carriageway,,Vehicle - Pedestrian,Car (sedan/hatch),Pedestrian,2,0,0,1,0,5,May,Autumn,Tuesday,08:00 - 09:59,AM peak / school commute,True,False,True,True
1352561,Injury,Minor/Other Injury,2024,2024,May,Tuesday,22:00 - Midnight,CLEVELAND,ST,0,Right on the spot,ELIZABETH,ST,SURRY HILLS,330.0,No,Not a school zone,X-intersection,-33.889952,151.207908,Sydney,Sydney metro. area,Syd-Newc-Woll Gtr conurbation,Straight,,,,On,Sealed,Dry,Fine,Darkness,On,No traffic controls,50 km/h,State,32,Right rear,303,Same - Rear right,,Rear end,Passenger van,Motor scooter,2,0,0,0,1,5,May,Autumn,Tuesday,22:00 - Midnight,Evening / night,False,False,True,True
1352564,Injury,Serious Injury,2024,2024,May,Saturday,00:01 - 01:59,ROGAN BRIDGE,RD,0,Right on the spot,NUMBER 161,HN,WATERVIEW HEIGHTS,,No,Not a school zone,2-way undivided,-29.670713,152.877507,Clarence Valley,Country urban,Rest of NSW - Urban,Straight,,,,Nil,Sealed,Wet,Raining,Darkness,Nil,No traffic controls,80 km/h,Local,67,Struck animal,609,On path - Hit animal,,Vehicle - Animal,Motorcycle,,1,0,1,0,0,5,May,Autumn,Saturday,00:01 - 01:59,Late night / early morning,False,False,True,True
1352567,Injury,Serious Injury,2024,2024,May,Friday,18:00 - 19:59,VICTORIA,ST,0,Right on the spot,BAKER,ST,TEMORA,84.0,No,Not a school zone,X-intersection,-34.449241,147.533177,Temora,Country urban,Rest of NSW - Urban,Straight,,,,On,Sealed,Wet,Raining,Darkness,Nil,Give way sign,50 km/h,State,21,Right through,202,Opp - Right-thru,,Other angle,Car (sedan/hatch),4 wheel drive / SUV,2,0,1,0,0,5,May,Autumn,Friday,18:00 - 19:59,PM peak / evening commute,True,False,True,True
1352568,Injury,Moderate Injury,2024,2024,May,Saturday,20:00 - 21:59,EDEN FOREST,RD,5000,North,NEWELL,HWY,GRAVESEND,,No,Not a school zone,2-way undivided,-29.539723,150.37747,Gwydir,Country non-urban,Rest of NSW - Rural,Curved,Embankment/cutting,,,Nil,Unsealed,Wet,Raining,Darkness,Nil,No traffic controls,100 km/h,Local,81,Off left/rt bnd=>obj,803,Off right bend into obj,Left,Vehicle - Object,Station wagon,,1,0,0,2,0,5,May,Autumn,Saturday,20:00 - 21:59,Evening / night,False,False,True,True
1352576,Injury,Moderate Injury,2024,2024,May,Friday,18:00 - 19:59,JAMISON,RD,0,Right on the spot,EVAN,ST,PENRITH,7290.0,Yes,No,T-junction,-33.762785,150.69993,Penrith,Sydney metro. area,Syd-Newc-Woll Gtr conurbation,Straight,,,,On,Sealed,Dry,Fine,Dusk,On,No traffic controls,60 km/h,Regional,30,Rear end,301,Same - Rear end,,Rear end,Car (sedan/hatch),Car (sedan/hatch),2,0,0,1,0,5,May,Autumn,Friday,18:00 - 19:59,PM peak / evening commute,True,False,True,True
1352581,Injury,Serious Injury,2024,2024,May,Saturday,04:00 - 05:59,CUMBERLAND,HWY,0,Right on the spot,KLEINS,RD,NORTHMEAD,13.0,No,Not a school zone,X-intersection,-33.793269,150.994368,Parramatta,Sydney metro. area,Syd-Newc-Woll Gtr conurbation,Straight,,,,On,Sealed,Wet,Raining,Darkness,On,No traffic controls,70 km/h,State,21,Right through,202,Opp - Right-thru,,Other angle,Station wagon,4 wheel drive / SUV,2,0,1,0,0,5,May,Autumn,Saturday,04:00 - 05:59,Late night / early morning,False,False,True,True
1352582,Injury,Serious Injury,2024,2024,April,Monday,20:00 - 21:59,YORK,RD,0,Right on the spot,OXFORD,ST,BONDI JUNCTION,7330.0,No,Not a school zone,X-intersection,-33.890174,151.241958,Waverley,Sydney metro. area,Syd-Newc-Woll Gtr conurbation,Straight,Foot/cycle path/nature strip,,,On,Sealed,Dry,Fine,Darkness,On,No traffic controls,50 km/h,Regional,22,Left through,205,Opp - Left-thru,,Other angle,Other bus,Pedal cycle,2,0,1,0,0,4,April,Autumn,Monday,20:00 - 21:59,Evening / night,False,False,True,True
1352587,Injury,Moderate Injury,2024,2024,May,Friday,14:00 - 15:59,EPPING,RD,10,West,HALIFAX,ST,NORTH RYDE,373.0,No,Not a school zone,T-junction,-33.793103,151.132669,Ryde,Sydney metro. area,Syd-Newc-Woll Gtr conurbation,Straight,Steep grade,,,On,Sealed,Wet,Raining,Daylight,Nil,No traffic controls,70 km/h,State,30,Rear end,301,Same - Rear end,,Rear end,4 wheel drive / SUV,Car (sedan/hatch),2,0,0,1,0,5,May,Autumn,Friday,14:00 - 15:59,Midday / afternoon,False,False,True,True
1352588,Injury,Minor/Other Injury,2024,2024,April,Thursday,12:00 - 13:59,BELLS LINE OF,RD,935,West,LONGLEAT,RD,KURMOND,184.0,No,Not a school zone,2-way undivided,-33.549284,150.679501,Hawkesbury,Country urban,Syd-Newc-Woll Gtr conurbation,Curved,Painted double centre lines,,,Off,Sealed,Dry,Fine,Daylight,Nil,No traffic controls,60 km/h,State,20,Head on,201,Opp - Head on,,Head-on,Car (sedan/hatch),4 wheel drive / SUV,2,0,0,0,3,4,April,Autumn,Thursday,12:00 - 13:59,Midday / afternoon,False,False,True,True
1352590,Injury,Moderate Injury,2024,2024,April,Thursday,12:00 - 13:59,GIINAGAY,WAY,100,North,OLD PUNT,RD,URUNGA,,No,Not a school zone,Divided road,-30.489288,153.010615,Bellingen,Country urban,Rest of NSW - Urban,Straight,,,,Off,Sealed,Dry,Fine,Daylight,Nil,No traffic controls,50 km/h,Local,30,Rear end,301,Same - Rear end,,Rear end,Car (sedan/hatch),4 wheel drive / SUV,2,0,0,1,0,4,April,Autumn,Thursday,12:00 - 13:59,Midday / afternoon,False,False,True,True
1352593,Injury,Minor/Other Injury,2024,2024,May,Friday,10:00 - 11:59,DERBY,ST,0,Right on the spot,WOODRIFF,ST,PENRITH,,No,Not a school zone,Roundabout,-33.75633,150.69505,Penrith,Sydney metro. area,Syd-Newc-Woll Gtr conurbation,Straight,,,,Nil,Sealed,Dry,Overcast,Daylight,Nil,Give way sign,50 km/h,Local,0,Ped nearside,1,Ped - Near side,,Vehicle - Pedestrian,Light truck utility(from 2018),Pedestrian,2,0,0,0,1,5,May,Autumn,Friday,10:00 - 11:59,Midday / afternoon,False,False,True,True
1352596,Injury,Moderate Injury,2024,2024,May,Friday,12:00 - 13:59,RAWSON,ST,20,East,MACQUARIE,RD,AUBURN,2069.0,No,Not a school zone,2-way undivided,-33.848601,151.032481,Cumberland,Sydney metro. area,Syd-Newc-Woll Gtr conurbation,Straight,,,,Off,Sealed,Wet,Raining,Daylight,Nil,No traffic controls,50 km/h,Regional,63,Vehicle door,604,On path - Vehicle door,,Other angle,Motorcycle,4 wheel drive / SUV,2,0,0,1,0,5,May,Autumn,Friday,12:00 - 13:59,Midday / afternoon,False,False,True,True
1352598,Injury,Serious Injury,2024,2024,April,Wednesday,06:00 - 07:59,TAYLOR,AVE,50,West,ROUS,RD,GOONELLABAH,,No,Not a school zone,2-way undivided,-28.817397,153.317748,Lismore,Country urban,Rest of NSW - Urban,Straight,,,,Off,Sealed,Dry,Fine,Daylight,Nil,No traffic controls,50 km/h,Local,71,Off rd left => obj,703,Left off cway into object,,Other angle,Car (sedan/hatch),Large rigid,2,0,1,0,0,4,April,Autumn,Wednesday,06:00 - 07:59,AM peak / school commute,True,False,True,True
1352606,Injury,Moderate Injury,2024,2024,May,Tuesday,14:00 - 15:59,PRINCES,HWY,0,Right on the spot,PLUNKETT,ST,NOWRA,1.0,No,Not a school zone,X-intersection,-34.878951,150.604529,Shoalhaven,Country urban,Rest of NSW - Urban,Straight,,,,Off,Sealed,Dry,Fine,Daylight,On,No traffic controls,70 km/h,State,10,Cross traffic,101,Adj - Cross traffic,,Right angle,Car (sedan/hatch),4 wheel drive / SUV,2,0,0,1,0,5,May,Autumn,Tuesday,14:00 - 15:59,Midday / afternoon,False,False,True,True
1352609,Injury,Minor/Other Injury,2024,2024,May,Wednesday,12:00 - 13:59,BANKSIA,RD,0,Right on the spot,HILLCREST,AVE,GREENACRE,,No,Not a school zone,Roundabout,-33.907529,151.047618,Canterbury-Bankstown,Sydney metro. area,Syd-Newc-Woll Gtr conurbation,Straight,,,,Off,Sealed,Dry,Fine,Daylight,Nil,Give way sign,50 km/h,Local,10,Cross traffic,101,Adj - Cross traffic,,Right angle,4 wheel drive / SUV,Pedal cycle,2,0,0,0,1,5,May,Autumn,Wednesday,12:00 - 13:59,Midday / afternoon,False,False,True,True
1352612,Injury,Minor/Other Injury,2024,2024,April,Sunday,12:00 - 13:59,BARRENJOEY,RD,0,Right on the spot,AVALON,PDE,AVALON BEACH,164.0,No,Not a school zone,X-intersection,-33.636867,151.330368,Northern Beaches,Sydney metro. area,Syd-Newc-Woll Gtr conurbation,Straight,,,,Off,Sealed,Dry,Fine,Daylight,On,No traffic controls,60 km/h,State,62,Accident,603,On path - Previous accident,,Other angle,Station wagon,Motorcycle,2,0,0,0,1,4,April,Autumn,Sunday,12:00 - 13:59,Midday / afternoon,False,False,True,True
1352613,Injury,Moderate Injury,2024,2024,April,Tuesday,20:00 - 21:59,WINDSOR,RD,0,Right on the spot,FAIRWAY,DR,CASTLE HILL,184.0,No,Not a school zone,T-junction,-33.719593,150.96364,The Hills,Sydney metro. area,Syd-Newc-Woll Gtr conurbation,Straight,,,,On,Sealed,Dry,Fine,Dusk,Nil,Stop sign,60 km/h,State,10,Cross traffic,101,Adj - Cross traffic,,Right angle,Car (sedan/hatch),4 wheel drive / SUV,2,0,0,1,1,4,April,Autumn,Tuesday,20:00 - 21:59,Evening / night,False,False,True,True
1352614,Injury,Moderate Injury,2024,2024,May,Wednesday,14:00 - 15:59,BOTANY,RD,20,North,GEDDES,AVE,ALEXANDRIA,170.0,No,Not a school zone,2-way undivided,-33.907643,151.202821,Sydney,Sydney metro. area,Syd-Newc-Woll Gtr conurbation,Straight,Foot/cycle path/nature strip,,,Nil,Sealed,Dry,Fine,Daylight,Nil,No traffic controls,50 km/h,State,0,Ped nearside,1,Ped - Near side,,Vehicle - Pedestrian,Car (sedan/hatch),Pedestrian,2,0,0,1,0,5,May,Autumn,Wednesday,14:00 - 15:59,Midday / afternoon,False,False,True,True
1352615,Injury,Moderate Injury,2024,2024,May,Sunday,14:00 - 15:59,GREAT WESTERN,HWY,50,West,SKARRATT,ST,AUBURN,5.0,No,Not a school zone,Divided road,-33.840046,151.032964,Cumberland,Sydney metro. area,Syd-Newc-Woll Gtr conurbation,Straight,,,Potholes/corrugations/rough,Off,Sealed,Dry,Fine,Daylight,Nil,No traffic controls,60 km/h,State,74,On road-out of cont.,705,Out of control on cway,,Rollover,Motorcycle,,1,0,0,1,0,5,May,Autumn,Sunday,14:00 - 15:59,Midday / afternoon,False,False,True,True
1352616,Injury,Moderate Injury,2024,2024,May,Wednesday,18:00 - 19:59,KINGSWOOD,RD,215,North,CASTLE,RD,ORCHARD HILLS,,No,Not a school zone,2-way undivided,-33.777712,150.722449,Penrith,Sydney metro. area,Syd-Newc-Woll Gtr conurbation,Straight,Driveway/entrance,,,Nil,Sealed,Wet,Overcast,Darkness,Nil,No traffic controls,60 km/h,Local,21,Right through,202,Opp - Right-thru,,Other angle,Light truck utility(from 2018),4 wheel drive / SUV,2,0,0,2,0,5,May,Autumn,Wednesday,18:00 - 19:59,PM peak / evening commute,True,False,True,True
1352621,Injury,Moderate Injury,2024,2024,May,Wednesday,12:00 - 13:59,CALALA,LANE,150,East,HARRIER,PDE,CALALA,,No,Not a school zone,2-way undivided,-31.131556,150.951103,Tamworth Regional,Country urban,Rest of NSW - Urban,Straight,Embankment/cutting,,,Off,Sealed,Dry,Fine,Daylight,Nil,No traffic controls,50 km/h,Local,72,Off road to right,702,Off carriageway to right,,Rollover,Car (sedan/hatch),,1,0,0,1,0,5,May,Autumn,Wednesday,12:00 - 13:59,Midday / afternoon,False,False,True,True
1352624,Injury,Serious Injury,2024,2024,April,Wednesday,16:00 - 17:59,HUME,HWY,50,South,HANGING ROCK,RD,SUTTON FOREST,2.0,No,Not a school zone,Divided road,-34.62362,150.206692,Wingecarribee,Country non-urban,Rest of NSW - Rural,Straight,,,,Nil,Sealed,Dry,Fine,Daylight,Nil,No traffic controls,110 km/h,State,30,Rear end,301,Same - Rear end,,Rear end,Large rigid,Semi-trailer,2,0,1,0,0,4,April,Autumn,Wednesday,16:00 - 17:59,PM peak / evening commute,True,False,True,True
1352625,Injury,Moderate Injury,2024,2024,April,Sunday,10:00 - 11:59,DALMENY,RD,0,Right on the spot,THOMSON,PDE,DALMENY,7627.0,No,Not a school zone,Roundabout,-36.162582,150.122892,Eurobodalla,Country urban,Rest of NSW - Urban,Straight,,,,Off,Sealed,Dry,Fine,Daylight,Nil,Give way sign,50 km/h,Regional,74,On road-out of cont.,705,Out of control on cway,,Rollover,Motorcycle,,1,0,0,1,0,4,April,Autumn,Sunday,10:00 - 11:59,Midday / afternoon,False,False,True,True
1352626,Injury,Moderate Injury,2024,2024,May,Friday,10:00 - 11:59,BURWOOD,RD,20,North,WILGA,ST,BURWOOD,,No,Not a school zone,2-way undivided,-33.873693,151.104424,Burwood,Sydney metro. area,Syd-Newc-Woll Gtr conurbation,Straight,,,,Off,Sealed,Dry,Overcast,Daylight,Nil,No traffic controls,40 km/h,Local,30,Rear end,301,Same - Rear end,,Rear end,Pedal cycle,4 wheel drive / SUV,2,0,0,1,0,5,May,Autumn,Friday,10:00 - 11:59,Midday / afternoon,False,False,True,True
1352627,Injury,Serious Injury,2024,2024,May,Friday,08:00 - 09:59,MARKET,ST,0,Right on the spot,NORTHBROOK,LANE,MANILLA,63.0,No,Not a school zone,X-intersection,-30.744941,150.722036,Tamworth Regional,Country urban,Rest of NSW - Urban,Straight,Foot/cycle path/nature strip,,,Nil,Sealed,Dry,Fine,Daylight,Nil,Give way sign,50 km/h,State,48,From footpath,408,Manov - From footway,,Other angle,Pedal cycle,Light truck utility(from 2018),2,0,1,0,0,5,May,Autumn,Friday,08:00 - 09:59,AM peak / school commute,True,False,True,True
1352629,Injury,Serious Injury,2024,2024,May,Sunday,12:00 - 13:59,CHISHOLM,RD,0,Right on the spot,WEST,ST,AUBURN,7467.0,No,Not a school zone,T-junction,-33.857519,151.019701,Cumberland,Sydney metro. area,Syd-Newc-Woll Gtr conurbation,Straight,,,,Nil,Sealed,Dry,Fine,Daylight,Nil,Give way sign,50 km/h,Regional,13,Right near,104,Adj - Right-thru from right,,Right angle,Car (sedan/hatch),Station wagon,2,0,1,0,0,5,May,Autumn,Sunday,12:00 - 13:59,Midday / afternoon,False,False,True,True
1352631,Injury,Minor/Other Injury,2024,2024,April,Thursday,18:00 - 19:59,GREAT WESTERN,HWY,200,West,RILEY,ST,PENRITH,5.0,No,Not a school zone,Divided road,-33.750003,150.692395,Penrith,Sydney metro. area,Syd-Newc-Woll Gtr conurbation,Straight,Mid-blk median openg,,,On,Sealed,Dry,Fine,Darkness,On,No traffic controls,50 km/h,State,21,Right through,202,Opp - Right-thru,,Other angle,Car (sedan/hatch),Car (sedan/hatch),3,0,0,0,1,4,April,Autumn,Thursday,18:00 - 19:59,PM peak / evening commute,True,False,True,True
1352632,Injury,Moderate Injury,2024,2024,May,Friday,10:00 - 11:59,NEWELL,HWY,10,West,GIBBONS,ST,NARRABRI,17.0,No,Not a school zone,X-intersection,-30.328837,149.777218,Narrabri,Country urban,Rest of NSW - Urban,Curved,,,,Nil,Sealed,Dry,Fine,Daylight,Nil,No traffic controls,50 km/h,State,87,Off lft/lft bnd=>obj,804,Off left bend into obj,Left,Other angle,Car (sedan/hatch),Light truck utility(from 2018),3,0,0,1,0,5,May,Autumn,Friday,10:00 - 11:59,Midday / afternoon,False,False,True,True
1352634,Injury,Serious Injury,2024,2024,May,Friday,00:01 - 01:59,OLD WINDSOR,RD,0,Right on the spot,CELEBRATION,DR,GLENWOOD,635.0,No,Not a school zone,T-junction,-33.732801,150.943201,Blacktown,Sydney metro. area,Syd-Newc-Woll Gtr conurbation,Straight,,,,On,Sealed,Dry,Fine,Darkness,On,No traffic controls,80 km/h,State,71,Off rd left => obj,703,Left off cway into object,,Vehicle - Object,4 wheel drive / SUV,,1,0,1,0,0,5,May,Autumn,Friday,00:01 - 01:59,Late night / early morning,False,False,True,True
1352636,Injury,Moderate Injury,2024,2024,May,Saturday,14:00 - 15:59,EAST,ST,0,Right on the spot,WANT,ST,PARKES,,No,Not a school zone,X-intersection,-33.136408,148.183627,Parkes,Country urban,Rest of NSW - Urban,Straight,Steep grade,,,Nil,Sealed,Dry,Fine,Daylight,Nil,Give way sign,50 km/h,Local,10,Cross traffic,101,Adj - Cross traffic,,Right angle,Light truck utility(from 2018),Pedal cycle,2,0,0,1,0,5,May,Autumn,Saturday,14:00 - 15:59,Midday / afternoon,False,False,True,True
1352637,Injury,Moderate Injury,2024,2024,February,Thursday,16:00 - 17:59,LANYON,DR,0,Right on the spot,SOUTHBAR,RD,QUEANBEYAN WEST,52.0,No,Not a school zone,Roundabout,-35.361353,149.209671,Queanbeyan-Palerang Regional,Country urban,Rest of NSW - Urban,Straight,,,,Off,Sealed,Dry,Fine,Daylight,Nil,Give way sign,70 km/h,State,21,Right through,202,Opp - Right-thru,,Other angle,Motorcycle,Unknown motor vehicle,2,0,0,1,0,2,February,Summer,Thursday,16:00 - 17:59,PM peak / evening commute,True,False,True,True
1352641,Injury,Moderate Injury,2024,2024,May,Thursday,12:00 - 13:59,BARWAN,ST,0,Right on the spot,DEWHURST,ST,NARRABRI,,Yes,No,X-intersection,-30.32618,149.785188,Narrabri,Country urban,Rest of NSW - Urban,Straight,,,,Off,Sealed,Dry,Fine,Daylight,Nil,Give way sign,50 km/h,Local,10,Cross traffic,101,Adj - Cross traffic,,Right angle,Car (sedan/hatch),4 wheel drive / SUV,2,0,0,1,0,5,May,Autumn,Thursday,12:00 - 13:59,Midday / afternoon,False,False,True,True
1352644,Injury,Serious Injury,2024,2024,March,Sunday,22:00 - Midnight,GLEN LEGH,RD,180,South,EDINBURGH,ST,GLEN INNES,,No,Not a school zone,2-way undivided,-29.769624,151.748025,Glen Innes Severn,Country non-urban,Rest of NSW - Rural,Curved,,Police pursuit,,Nil,Sealed,Dry,Fine,Darkness,Nil,No traffic controls,100 km/h,Local,85,Off rt/lft bnd=>obj,804,Off left bend into obj,Right,Vehicle - Object,4 wheel drive / SUV,,1,0,1,0,0,3,March,Autumn,Sunday,22:00 - Midnight,Evening / night,False,False,True,True
1352648,Injury,Serious Injury,2024,2024,April,Tuesday,06:00 - 07:59,NORTH ROCKS,RD,72,South,THE CARRIAGEWAY,MS,NORTH ROCKS,7144.0,No,Not a school zone,2-way undivided,-33.78566,151.008532,Parramatta,Sydney metro. area,Syd-Newc-Woll Gtr conurbation,Straight,Driveway/entrance,,,Off,Sealed,Dry,Fine,Daylight,Nil,No traffic controls,60 km/h,Regional,47,Emerging from drive,406,Manov - Emerging from driveway,,Right angle,Car (sedan/hatch),Car (sedan/hatch),2,0,1,0,0,4,April,Autumn,Tuesday,06:00 - 07:59,AM peak / school commute,True,False,True,True
1352653,Injury,Minor/Other Injury,2024,2024,March,Tuesday,14:00 - 15:59,HILLSBOROUGH,RD,0,Right on the spot,NEWCASTLE INNER CITY,BYPA,HILLSBOROUGH,674.0,Yes,No,Roundabout,-32.958316,151.679828,Lake Macquarie,Newcastle met. area,Syd-Newc-Woll Gtr conurbation,Straight,,,,Off,Sealed,Dry,Fine,Daylight,Nil,Give way sign,60 km/h,State,30,Rear end,301,Same - Rear end,,Rear end,Light truck utility(from 2018),4 wheel drive / SUV,2,0,0,0,1,3,March,Autumn,Tuesday,14:00 - 15:59,Midday / afternoon,False,False,True,True
1352654,Injury,Serious Injury,2024,2024,April,Saturday,18:00 - 19:59,COXS,RD,0,Right on the spot,NUMBER 143,HN,NORTH RYDE,,No,Not a school zone,2-way undivided,-33.79979,151.128496,Ryde,Sydney metro. area,Syd-Newc-Woll Gtr conurbation,Straight,,,,Nil,Sealed,Dry,Fine,Dusk,Nil,No traffic controls,50 km/h,Local,3,Ped on carriageway,4,Ped - On carriageway,,Vehicle - Pedestrian,4 wheel drive / SUV,Pedestrian,2,0,1,0,0,4,April,Autumn,Saturday,18:00 - 19:59,PM peak / evening commute,True,False,True,True
1352671,Injury,Moderate Injury,2024,2024,February,Sunday,14:00 - 15:59,CHISWICK,ST,0,Right on the spot,LONG,ST,GOULBURN,,No,Not a school zone,T-junction,-34.757217,149.74266,Goulburn Mulwaree,Country urban,Rest of NSW - Urban,Straight,,,,Unknown / not stated,Sealed,Dry,Fine,Daylight,Nil,Give way sign,50 km/h,Local,10,Cross traffic,101,Adj - Cross traffic,,Right angle,4 wheel drive / SUV,Car (sedan/hatch),2,0,0,1,0,2,February,Summer,Sunday,14:00 - 15:59,Midday / afternoon,False,False,True,True
1352674,Injury,Serious Injury,2024,2024,February,Thursday,12:00 - 13:59,OLYMPIC,HWY,0,Right on the spot,MAIN,ST,JUNEE,78.0,No,Not a school zone,T-junction,-34.858613,147.586619,Junee,Country urban,Rest of NSW - Urban,Curved,Underpass/tunnel,,,Unknown / not stated,Sealed,Dry,Fine,Daylight,Nil,Give way sign,50 km/h,State,20,Head on,201,Opp - Head on,,Head-on,Light truck utility(from 2018),Car (sedan/hatch),2,0,1,1,0,2,February,Summer,Thursday,12:00 - 13:59,Midday / afternoon,False,False,True,True
1352681,Injury,Minor/Other Injury,2024,2024,April,Tuesday,20:00 - 21:59,CENTENARY,DR,20,South,WEEROONA,RD,STRATHFIELD,200.0,No,Not a school zone,Divided road,-33.875524,151.067176,Strathfield,Sydney metro. area,Syd-Newc-Woll Gtr conurbation,Straight,,,,Unknown / not stated,Sealed,Dry,Fine,Darkness,Nil,No traffic controls,80 km/h,State,30,Rear end,301,Same - Rear end,,Rear end,4 wheel drive / SUV,Light truck utility(from 2018),3,0,0,0,1,4,April,Autumn,Tuesday,20:00 - 21:59,Evening / night,False,False,True,True
1352682,Injury,Moderate Injury,2024,2024,May,Wednesday,16:00 - 17:59,ARTHUR KAINE,DR,3000,South,DUNNS,LANE,MERIMBULA,7622.0,No,Not a school zone,2-way undivided,-36.920755,149.896986,Bega Valley,Country urban,Rest of NSW - Urban,Curved,Painted double centre lines,,,Unknown / not stated,Sealed,Wet,Raining,Dusk,Nil,No traffic controls,70 km/h,Regional,20,Head on,201,Opp - Head on,,Head-on,Car (sedan/hatch),4 wheel drive / SUV,2,0,0,1,0,5,May,Autumn,Wednesday,16:00 - 17:59,PM peak / evening commute,True,False,True,True
1352684,Injury,Moderate Injury,2024,2024,April,Thursday,12:00 - 13:59,WYONG,RD,0,Right on the spot,WOODBURY PARK,DR,MARDI,335.0,No,Not a school zone,Roundabout,-33.305881,151.409034,Central Coast,Country urban,Syd-Newc-Woll Gtr conurbation,Straight,,,,Unknown / not stated,Sealed,Wet,Raining,Daylight,Nil,Give way sign,70 km/h,State,30,Rear end,301,Same - Rear end,,Rear end,4 wheel drive / SUV,Car (sedan/hatch),2,0,0,1,0,4,April,Autumn,Thursday,12:00 - 13:59,Midday / afternoon,False,False,True,True
1352685,Injury,Moderate Injury,2024,2024,April,Tuesday,08:00 - 09:59,SILVERWATER,RD,0,Right on the spot,SOUTH,ST,ERMINGTON,190.0,No,Not a school zone,T-junction,-33.818251,151.052153,Parramatta,Sydney metro. area,Syd-Newc-Woll Gtr conurbation,Straight,Foot/cycle path/nature strip,,,Unknown / not stated,Sealed,Dry,Fine,Daylight,Nil,Give way sign,80 km/h,State,6,Ped on footpath,8,Ped - On footway/median,,Vehicle - Pedestrian,Car (sedan/hatch),Pedestrian,2,0,0,2,0,4,April,Autumn,Tuesday,08:00 - 09:59,AM peak / school commute,True,False,True,True
1352688,Injury,Serious Injury,2024,2024,May,Monday,16:00 - 17:59,PENROSE,ST,0,Right on the spot,AMPOL SERVICE STATION,ENT,LANE COVE WEST,,No,Not a school zone,2-way undivided,-33.816806,151.151259,Lane Cove,Sydney metro. area,Syd-Newc-Woll Gtr conurbation,Straight,Driveway/entrance,,,Unknown / not stated,Sealed,Dry,Fine,Daylight,Nil,No traffic controls,50 km/h,Local,21,Right through,202,Opp - Right-thru,,Other angle,Light truck utility(from 2018),4 wheel drive / SUV,2,0,1,0,0,5,May,Autumn,Monday,16:00 - 17:59,PM peak / evening commute,True,False,True,True