crash_id,degree_of_crash,degree_of_crash_-_detailed,reporting_year,year_of_crash,month_of_crash,day_of_week_of_crash,two-hour_intervals,street_of_crash,street_type,distance,direction,identifying_feature,identifying_feature_type,town,route_no.,school_zone_location,school_zone_active,type_of_location,latitude,longitude,lga,urbanisation,conurbation_1,alignment,primary_permanent_feature,primary_temporary_feature,primary_hazardous_feature,street_lighting,road_surface,surface_condition,weather,natural_lighting,signals_operation,other_traffic_control,speed_limit,road_classification_(admin),rum_-_code,rum_-_description,dca_-_code,dca_-_description,dca_supplement,first_impact_type,key_tu_type,other_tu_type,no._of_traffic_units_involved,no._killed,no._seriously_injured,no._moderately_injured,no._minor-other_injured,month_num,month_label,season,day_label,time_label,time_band,is_peak_commute,is_fatal,is_injury,is_casualty
1352691,Injury,Moderate Injury,2024,2024,May,Saturday,08:00 - 09:59,SEVEN HILLS,RD,0,Right on the spot,ARTHUR,ST,BAULKHAM HILLS,2104.0,No,Not a school zone,T-junction,-33.76284,150.990186,The Hills,Sydney metro. area,Syd-Newc-Woll Gtr conurbation,Straight,,,,Unknown / not stated,Sealed,Dry,Fine,Daylight,On,No traffic controls,60 km/h,Regional,13,Right near,104,Adj - Right-thru from right,,Right angle,4 wheel drive / SUV,Car (sedan/hatch),2,0,0,1,0,5,May,Autumn,Saturday,08:00 - 09:59,AM peak / school commute,True,False,True,True
1352695,Injury,Moderate Injury,2024,2024,March,Tuesday,18:00 - 19:59,NEWCASTLE,EXP,100,North,HAWKESBURY RIVER,BDGE,MOONEY MOONEY,6003.0,No,Not a school zone,Dual freeway,-33.535113,151.199819,Central Coast,Country non-urban,Syd-Newc-Woll Gtr conurbation,Straight,,,,Unknown / not stated,Sealed,Dry,Fine,Dusk,Nil,No traffic controls,110 km/h,State,30,Rear end,301,Same - Rear end,,Rear end,Car (sedan/hatch),Car (sedan/hatch),2,0,0,1,0,3,March,Autumn,Tuesday,18:00 - 19:59,PM peak / evening commute,True,False,True,True
1352697,Injury,Minor/Other Injury,2024,2024,May,Monday,12:00 - 13:59,SPRINGHILL,RD,0,Right on the spot,KEIRA,ST,WOLLONGONG,581.0,No,Not a school zone,T-junction,-34.440195,150.890908,Wollongong,Wollongong met. area,Syd-Newc-Woll Gtr conurbation,Straight,,,,Unknown / not stated,Sealed,Dry,Fine,Daylight,On,No traffic controls,80 km/h,State,30,Rear end,301,Same - Rear end,,Rear end,4 wheel drive / SUV,Station wagon,2,0,0,0,1,5,May,Autumn,Monday,12:00 - 13:59,Midday / afternoon,False,False,True,True
1352700,Injury,Minor/Other Injury,2024,2024,May,Friday,18:00 - 19:59,SUNNYHOLT,RD,0,Right on the spot,GEORGE,ST,BLACKTOWN,642.0,No,Not a school zone,X-intersection,-33.769439,150.912232,Blacktown,Sydney metro. area,Syd-Newc-Woll Gtr conurbation,Straight,,,,Unknown / not stated,Sealed,Wet,Raining,Darkness,On,No traffic controls,60 km/h,State,30,Rear end,301,Same - Rear end,,Rear end,Car (sedan/hatch),Car (sedan/hatch),2,0,0,0,1,5,May,Autumn,Friday,18:00 - 19:59,PM peak / evening commute,True,False,True,True
1352701,Injury,Moderate Injury,2024,2024,April,Tuesday,18:00 - 19:59,EAST MARKET,ST,45,North,MARCH,ST,RICHMOND,184.0,No,Not a school zone,2-way undivided,-33.598831,150.752181,Hawkesbury,Country urban,Syd-Newc-Woll Gtr conurbation,Straight,,,,Unknown / not stated,Sealed,Dry,Fine,Dusk,Nil,No traffic controls,60 km/h,State,0,Ped nearside,1,Ped - Near side,,Vehicle - Pedestrian,4 wheel drive / SUV,Pedestrian,2,0,0,1,0,4,April,Autumn,Tuesday,18:00 - 19:59,PM peak / evening commute,True,False,True,True
1352705,Injury,Minor/Other Injury,2024,2024,May,Tuesday,18:00 - 19:59,ROBERTS,RD,0,Right on the spot,AMARINA,AVE,GREENACRE,200.0,No,Not a school zone,T-junction,-33.900597,151.065146,Strathfield,Sydney metro. area,Syd-Newc-Woll Gtr conurbation,Straight,,,,Unknown / not stated,Sealed,Dry,Fine,Dusk,On,No traffic controls,70 km/h,State,30,Rear end,301,Same - Rear end,,Rear end,Large rigid,4 wheel drive / SUV,2,0,0,0,1,5,May,Autumn,Tuesday,18:00 - 19:59,PM peak / evening commute,True,False,True,True
1352706,Injury,Moderate Injury,2024,2024,May,Tuesday,06:00 - 07:59,ALEXANDER,ST,0,Right on the spot,OXFORD,ST,SMITHFIELD,,No,Not a school zone,X-intersection,-33.858643,150.937484,Fairfield,Sydney metro. area,Syd-Newc-Woll Gtr conurbation,Straight,,,,Unknown / not stated,Sealed,Dry,Fine,Daylight,Nil,Give way sign,50 km/h,Local,10,Cross traffic,101,Adj - Cross traffic,,Right angle,Car (sedan/hatch),4 wheel drive / SUV,2,0,0,1,0,5,May,Autumn,Tuesday,06:00 - 07:59,AM peak / school commute,True,False,True,True
1352707,Injury,Moderate Injury,2024,2024,May,Tuesday,08:00 - 09:59,PACIFIC,HWY,0,Right on the spot,BRUNKER,RD,ADAMSTOWN HEIGHTS,10.0,No,Not a school zone,T-junction,-32.951126,151.717802,Newcastle,Newcastle met. area,Syd-Newc-Woll Gtr conurbation,Straight,,,,Unknown / not stated,Sealed,Dry,Fine,Daylight,On,No traffic controls,60 km/h,State,30,Rear end,301,Same - Rear end,,Rear end,Light truck,4 wheel drive / SUV,3,0,0,1,0,5,May,Autumn,Tuesday,08:00 - 09:59,AM peak / school commute,True,False,True,True
1352709,Injury,Minor/Other Injury,2024,2024,May,Wednesday,06:00 - 07:59,GREAT WESTERN,HWY,0,Right on the spot,NUMBER 155,HN,GRANVILLE,5.0,No,Not a school zone,Divided road,-33.829855,151.010338,Parramatta,Sydney metro. area,Syd-Newc-Woll Gtr conurbation,Straight,,,,Unknown / not stated,Sealed,Dry,Fine,Daylight,Nil,No traffic controls,60 km/h,State,30,Rear end,301,Same - Rear end,,Rear end,Car (sedan/hatch),Light truck utility(from 2018),2,0,0,0,1,5,May,Autumn,Wednesday,06:00 - 07:59,AM peak / school commute,True,False,True,True
1352711,Injury,Minor/Other Injury,2024,2024,May,Sunday,10:00 - 11:59,KINGS,HWY,0,Right on the spot,NUMBER 8903,HN,MULLOON,51.0,No,Not a school zone,2-way undivided,-35.245655,149.637527,Queanbeyan-Palerang Regional,Country non-urban,Rest of NSW - Rural,Straight,Driveway/entrance,,,Unknown / not stated,Sealed,Dry,Fine,Daylight,Nil,No traffic controls,100 km/h,State,32,Right rear,303,Same - Rear right,,Rear end,Car (sedan/hatch),Car (sedan/hatch),2,0,0,0,1,5,May,Autumn,Sunday,10:00 - 11:59,Midday / afternoon,False,False,True,True
1352714,Injury,Moderate Injury,2024,2024,May,Monday,08:00 - 09:59,MARYLAND,DR,30,South,MCNAUGHTON,AVE,MARYLAND,,No,Not a school zone,2-way undivided,-32.882739,151.664521,Newcastle,Newcastle met. area,Syd-Newc-Woll Gtr conurbation,Straight,,,,Off,Sealed,Dry,Fine,Daylight,Nil,No traffic controls,50 km/h,Local,71,Off rd left => obj,703,Left off cway into object,,Other angle,Car (sedan/hatch),Light truck utility(from 2018),2,0,0,1,0,5,May,Autumn,Monday,08:00 - 09:59,AM peak / school commute,True,False,True,True
1352715,Injury,Moderate Injury,2024,2024,May,Sunday,18:00 - 19:59,URANA LOCKHART,RD,2030,West,COMMERA WILSONS,LANE,BROOKONG,59.0,No,Not a school zone,2-way undivided,-35.274386,146.566582,Lockhart,Country non-urban,Rest of NSW - Rural,Straight,,,,Unknown / not stated,Sealed,Dry,Fine,Darkness,Nil,No traffic controls,100 km/h,Regional,71,Off rd left => obj,703,Left off cway into object,,Vehicle - Object,Car (sedan/hatch),,1,0,0,1,0,5,May,Autumn,Sunday,18:00 - 19:59,PM peak / evening commute,True,False,True,True
1352716,Injury,Minor/Other Injury,2024,2024,May,Saturday,06:00 - 07:59,MADDENS,RD,60,East,SLOPES,RD,NORTH RICHMOND,,No,Not a school zone,2-way undivided,-33.565703,150.714633,Hawkesbury,Country urban,Syd-Newc-Woll Gtr conurbation,Curved,,,,Unknown / not stated,Sealed,Dry,Fine,Daylight,Nil,No traffic controls,70 km/h,Local,81,Off left/rt bnd=>obj,803,Off right bend into obj,Left,Vehicle - Object,4 wheel drive / SUV,,1,0,0,0,1,5,May,Autumn,Saturday,06:00 - 07:59,AM peak / school commute,True,False,True,True
1352719,Injury,Minor/Other Injury,2024,2024,February,Tuesday,04:00 - 05:59,GENERAL HOLMES,DR,0,Right on the spot,AIRPORT,TU,MASCOT,194.0,No,Not a school zone,Divided road,-33.946065,151.177328,Bayside,Sydney metro. area,Syd-Newc-Woll Gtr conurbation,Straight,Underpass/tunnel,,,Nil,Sealed,Dry,Fine,Dawn,Nil,No traffic controls,70 km/h,State,39,Other same direction,300,Same - other,,Other angle,Unknown motor vehicle,Car (sedan/hatch),2,0,0,0,1,2,February,Summer,Tuesday,04:00 - 05:59,Late night / early morning,False,False,True,True
1352721,Injury,Serious Injury,2024,2024,May,Monday,14:00 - 15:59,PEMBERTON,ST,100,North,NEWTON,RD,STRATHFIELD,,No,Not a school zone,2-way undivided,-33.876142,151.069132,Strathfield,Sydney metro. area,Syd-Newc-Woll Gtr conurbation,Straight,,,,Unknown / not stated,Sealed,Dry,Fine,Daylight,Nil,No traffic controls,50 km/h,Local,30,Rear end,301,Same - Rear end,,Rear end,Light truck utility(from 2018),Car (sedan/hatch),4,0,1,0,0,5,May,Autumn,Monday,14:00 - 15:59,Midday / afternoon,False,False,True,True
1352729,Injury,Moderate Injury,2024,2024,May,Saturday,12:00 - 13:59,ILLAWARRA,RD,70,South,WARBURTON,ST,MARRICKVILLE,2021.0,No,Not a school zone,2-way undivided,-33.914803,151.152228,Inner West,Sydney metro. area,Syd-Newc-Woll Gtr conurbation,Curved,,,,Unknown / not stated,Sealed,Wet,Raining,Daylight,Nil,No traffic controls,50 km/h,Regional,44,Parking vehicles,403,Manov - Parking-parked vehicle,,Other angle,Car (sedan/hatch),Car (sedan/hatch),2,0,0,1,0,5,May,Autumn,Saturday,12:00 - 13:59,Midday / afternoon,False,False,True,True
1352731,Injury,Minor/Other Injury,2024,2024,May,Saturday,12:00 - 13:59,OLD NORTHERN,RD,0,Right on the spot,GILBERT,RD,GLENHAVEN,160.0,No,Not a school zone,T-junction,-33.714659,151.016143,Hornsby,Sydney metro. area,Syd-Newc-Woll Gtr conurbation,Straight,,,,Unknown / not stated,Sealed,Dry,Fine,Daylight,On,No traffic controls,60 km/h,State,32,Right rear,303,Same - Rear right,,Rear end,4 wheel drive / SUV,Car (sedan/hatch),2,0,0,0,2,5,May,Autumn,Saturday,12:00 - 13:59,Midday / afternoon,False,False,True,True
1352732,Injury,Moderate Injury,2024,2024,May,Monday,18:00 - 19:59,PARRY,ST,0,Right on the spot,SELMA,ST,HAMILTON,82.0,No,Not a school zone,X-intersection,-32.922363,151.752278,Newcastle,Newcastle met. area,Syd-Newc-Woll Gtr conurbation,Curved,,,,On,Sealed,Wet,Raining,Darkness,On,No traffic controls,60 km/h,State,21,Right through,202,Opp - Right-thru,,Other angle,4 wheel drive / SUV,Car (sedan/hatch),2,0,0,1,0,5,May,Autumn,Monday,18:00 - 19:59,PM peak / evening commute,True,False,True,True
1352737,Injury,Moderate Injury,2024,2024,May,Monday,10:00 - 11:59,BYLONG VALLEY,WAY,0,Right on the spot,BAERAMI CREEK,RD,BAERAMI,208.0,No,Not a school zone,T-junction,-32.387456,150.468303,Muswellbrook,Country non-urban,Rest of NSW - Rural,Straight,Ditch/drain/culvert,,,Unknown / not stated,Sealed,Dry,Fine,Daylight,Nil,No traffic controls,100 km/h,Regional,71,Off rd left => obj,703,Left off cway into object,,Vehicle - Object,Light truck utility(from 2018),,1,0,0,1,0,5,May,Autumn,Monday,10:00 - 11:59,Midday / afternoon,False,False,True,True
1352738,Injury,Moderate Injury,2024,2024,May,Monday,12:00 - 13:59,ARCHERY,RD,20,North,ARCHERY CLUB,ENT,WAKEFIELD,,No,Not a school zone,2-way undivided,-32.962214,151.543593,Lake Macquarie,Newcastle met. area,Syd-Newc-Woll Gtr conurbation,Curved,Embankment/cutting,,,Unknown / not stated,Unsealed,Dry,Fine,Daylight,Nil,No traffic controls,100 km/h,Local,83,Off rt/rt bnd=>obj,803,Off right bend into obj,Right,Vehicle - Object,Motorcycle,,1,0,0,1,0,5,May,Autumn,Monday,12:00 - 13:59,Midday / afternoon,False,False,True,True
1352740,Injury,Moderate Injury,2024,2024,May,Friday,18:00 - 19:59,HUME,HWY,10,North,REMEMBRANCE DRIVEWAY,OP,YERRINBOOL,2.0,No,Not a school zone,Dual freeway,-34.318512,150.580627,Wingecarribee,Country non-urban,Rest of NSW - Rural,Straight,Other bridge,,,Unknown / not stated,Sealed,Dry,Fine,Dusk,Nil,No traffic controls,110 km/h,State,30,Rear end,301,Same - Rear end,,Rear end,Car (sedan/hatch),Car (sedan/hatch),4,0,0,1,0,5,May,Autumn,Friday,18:00 - 19:59,PM peak / evening commute,True,False,True,True
1352747,Injury,Moderate Injury,2024,2024,May,Tuesday,20:00 - 21:59,HUME,HWY,30,South,DRAPERS ROAD,OP,BRAEMAR,2.0,No,Not a school zone,Dual freeway,-34.422791,150.475096,Wingecarribee,Country non-urban,Rest of NSW - Rural,Straight,Embankment/cutting,,,Unknown / not stated,Sealed,Dry,Fine,Darkness,Nil,No traffic controls,110 km/h,State,71,Off rd left => obj,703,Left off cway into object,,Vehicle - Object,Car (sedan/hatch),,1,0,0,1,0,5,May,Autumn,Tuesday,20:00 - 21:59,Evening / night,False,False,True,True
1352750,Injury,Moderate Injury,2024,2024,May,Wednesday,20:00 - 21:59,ROSS,ST,0,Right on the spot,ST JOHNS,RD,FOREST LODGE,666.0,No,Not a school zone,X-intersection,-33.883327,151.183183,Sydney,Sydney metro. area,Syd-Newc-Woll Gtr conurbation,Straight,,,,Unknown / not stated,Sealed,Dry,Fine,Darkness,On,No traffic controls,50 km/h,State,49,Other manoeuvring,400,Manov - other,,Other angle,Pedal cycle,Car (sedan/hatch),2,0,0,1,0,5,May,Autumn,Wednesday,20:00 - 21:59,Evening / night,False,False,True,True
1352754,Injury,Minor/Other Injury,2024,2024,May,Thursday,14:00 - 15:59,CUMBERLAND,HWY,50,South,STURT,ST,SMITHFIELD,13.0,No,Not a school zone,Divided road,-33.844669,150.9552,Cumberland,Sydney metro. area,Syd-Newc-Woll Gtr conurbation,Curved,,,,Unknown / not stated,Sealed,Dry,Fine,Daylight,Nil,No traffic controls,70 km/h,State,39,Other same direction,300,Same - other,,Other angle,Semi-trailer,Car (sedan/hatch),2,0,0,0,1,5,May,Autumn,Thursday,14:00 - 15:59,Midday / afternoon,False,False,True,True
1352755,Injury,Moderate Injury,2024,2024,May,Wednesday,16:00 - 17:59,CLYDE,AVE,25,East,VASTA,AVE,MOOREBANK,,No,Not a school zone,2-way undivided,-33.94478,150.951212,Liverpool,Sydney metro. area,Syd-Newc-Woll Gtr conurbation,Straight,,,,Unknown / not stated,Sealed,Dry,Fine,Daylight,Nil,No traffic controls,50 km/h,Local,30,Rear end,301,Same - Rear end,,Rear end,Car (sedan/hatch),Car (sedan/hatch),4,0,0,1,0,5,May,Autumn,Wednesday,16:00 - 17:59,PM peak / evening commute,True,False,True,True
1352758,Injury,Serious Injury,2024,2024,May,Thursday,08:00 - 09:59,KENT,RD,20,North,WESTERN EXPRESSWAY,OP,CLAREMONT MEADOWS,699.0,No,Not a school zone,2-way undivided,-33.782619,150.750498,Penrith,Sydney metro. area,Syd-Newc-Woll Gtr conurbation,Straight,Other bridge,,,Unknown / not stated,Sealed,Dry,Fine,Daylight,Nil,No traffic controls,70 km/h,State,30,Rear end,301,Same - Rear end,,Rear end,Car (sedan/hatch),Car (sedan/hatch),2,0,1,0,0,5,May,Autumn,Thursday,08:00 - 09:59,AM peak / school commute,True,False,True,True
1352764,Injury,Moderate Injury,2024,2024,May,Friday,18:00 - 19:59,GREAT WESTERN,HWY,100,East,WATER,ST,WERRINGTON,5.0,No,Not a school zone,Divided road,-33.767106,150.753417,Penrith,Sydney metro. area,Syd-Newc-Woll Gtr conurbation,Straight,,,,On,Sealed,Wet,Raining,Dusk,Nil,No traffic controls,80 km/h,State,30,Rear end,301,Same - Rear end,,Rear end,Car (sedan/hatch),4 wheel drive / SUV,2,0,0,1,0,5,May,Autumn,Friday,18:00 - 19:59,PM peak / evening commute,True,False,True,True
1352765,Injury,Moderate Injury,2024,2024,May,Tuesday,14:00 - 15:59,BROUGHTON,ST,95,North,QUEEN,ST,CAMPBELLTOWN,7200.0,No,Not a school zone,Divided road,-34.062958,150.816399,Campbelltown,Sydney metro. area,Syd-Newc-Woll Gtr conurbation,Curved,,,,Unknown / not stated,Sealed,Dry,Fine,Daylight,Nil,No traffic controls,60 km/h,Regional,81,Off left/rt bnd=>obj,803,Off right bend into obj,Left,Vehicle - Object,4 wheel drive / SUV,,1,0,0,1,0,5,May,Autumn,Tuesday,14:00 - 15:59,Midday / afternoon,False,False,True,True
1352766,Injury,Minor/Other Injury,2024,2024,May,Tuesday,16:00 - 17:59,M2 HILLS,EXP,150,East,TALAVERA ROAD,TO,MACQUARIE PARK,6002.0,No,Not a school zone,Dual freeway,-33.776577,151.126121,Ryde,Sydney metro. area,Syd-Newc-Woll Gtr conurbation,Straight,,,,Unknown / not stated,Sealed,Dry,Fine,Daylight,Nil,No traffic controls,100 km/h,State,34,Lane change right,306,Same - Lane change right,,Other angle,Light truck,Car (sedan/hatch),2,0,0,0,1,5,May,Autumn,Tuesday,16:00 - 17:59,PM peak / evening commute,True,False,True,True
1352767,Injury,Moderate Injury,2024,2024,May,Saturday,16:00 - 17:59,PUNCHBOWL,RD,0,Right on the spot,GRIFFITHS,AVE,PUNCHBOWL,549.0,No,Not a school zone,T-junction,-33.92655,151.052897,Canterbury-Bankstown,Sydney metro. area,Syd-Newc-Woll Gtr conurbation,Straight,,,,Unknown / not stated,Sealed,Dry,Fine,Daylight,Nil,No right turn,60 km/h,State,53,Overtake turning,506,Ovtak - Overtaking right turn,,Other angle,Car (sedan/hatch),Car (sedan/hatch),2,0,0,1,0,5,May,Autumn,Saturday,16:00 - 17:59,PM peak / evening commute,True,False,True,True
1352768,Injury,Minor/Other Injury,2024,2024,May,Thursday,16:00 - 17:59,HERBERT,ST,0,Right on the spot,NUMBER 20,HN,ARTARMON,,No,Not a school zone,2-way undivided,-33.814916,151.189956,Willoughby,Sydney metro. area,Syd-Newc-Woll Gtr conurbation,Straight,Foot/cycle path/nature strip,,,Unknown / not stated,Sealed,Dry,Fine,Daylight,Nil,No traffic controls,50 km/h,Local,39,Other same direction,300,Same - other,,Other angle,Car (sedan/hatch),Pedal cycle,2,0,0,0,1,5,May,Autumn,Thursday,16:00 - 17:59,PM peak / evening commute,True,False,True,True
1352769,Injury,Serious Injury,2024,2024,May,Tuesday,16:00 - 17:59,EPPING,RD,0,Right on the spot,MOORE,ST,LANE COVE WEST,373.0,No,Not a school zone,T-junction,-33.809219,151.155814,Lane Cove,Sydney metro. area,Syd-Newc-Woll Gtr conurbation,Curved,Bus/transit lane,,,Unknown / not stated,Sealed,Dry,Fine,Dusk,Nil,Give way sign,60 km/h,State,21,Right through,202,Opp - Right-thru,,Other angle,Car (sedan/hatch),Motorcycle,2,0,1,0,0,5,May,Autumn,Tuesday,16:00 - 17:59,PM peak / evening commute,True,False,True,True
1352771,Injury,Moderate Injury,2024,2024,May,Friday,16:00 - 17:59,BISHOP,ST,0,Right on the spot,GIPPS,ST,DUBBO,,No,Not a school zone,X-intersection,-32.256738,148.609533,Dubbo Regional,Country urban,Rest of NSW - Urban,Straight,,,,Nil,Sealed,Dry,Fine,Dusk,Nil,Give way sign,50 km/h,Local,10,Cross traffic,101,Adj - Cross traffic,,Right angle,Car (sedan/hatch),Light truck utility(from 2018),2,0,0,1,0,5,May,Autumn,Friday,16:00 - 17:59,PM peak / evening commute,True,False,True,True
1352774,Injury,Minor/Other Injury,2024,2024,May,Tuesday,10:00 - 11:59,CANTERBURY,RD,0,Right on the spot,FLORA,ST,ROSELANDS,167.0,No,Not a school zone,T-junction,-33.927158,151.080982,Canterbury-Bankstown,Sydney metro. area,Syd-Newc-Woll Gtr conurbation,Straight,,,,Unknown / not stated,Sealed,Dry,Fine,Daylight,Nil,Left turn only,60 km/h,State,30,Rear end,301,Same - Rear end,,Rear end,Light truck,Car (sedan/hatch),2,0,0,0,1,5,May,Autumn,Tuesday,10:00 - 11:59,Midday / afternoon,False,False,True,True
1352777,Injury,Moderate Injury,2024,2024,April,Wednesday,10:00 - 11:59,AUBURN,RD,0,Right on the spot,FERRIER,RD,YAGOONA,7105.0,No,Not a school zone,X-intersection,-33.897221,151.021361,Canterbury-Bankstown,Sydney metro. area,Syd-Newc-Woll Gtr conurbation,Straight,,,,Unknown / not stated,Sealed,Dry,Fine,Daylight,On,No traffic controls,60 km/h,Regional,21,Right through,202,Opp - Right-thru,,Other angle,Car (sedan/hatch),Car (sedan/hatch),2,0,0,1,0,4,April,Autumn,Wednesday,10:00 - 11:59,Midday / afternoon,False,False,True,True
1352781,Injury,Minor/Other Injury,2024,2024,May,Thursday,14:00 - 15:59,SMITHFIELD,RD,0,Right on the spot,KING,RD,PRAIRIEWOOD,7220.0,No,Not a school zone,X-intersection,-33.862796,150.917377,Fairfield,Sydney metro. area,Syd-Newc-Woll Gtr conurbation,Straight,,,,Unknown / not stated,Sealed,Dry,Fine,Daylight,On,No traffic controls,60 km/h,Regional,21,Right through,202,Opp - Right-thru,,Other angle,Car (sedan/hatch),4 wheel drive / SUV,2,0,0,0,1,5,May,Autumn,Thursday,14:00 - 15:59,Midday / afternoon,False,False,True,True
1352782,Injury,Moderate Injury,2024,2024,April,Friday,18:00 - 19:59,FLUSHCOMBE,RD,26,South,JULIE,ST,BLACKTOWN,,No,Not a school zone,2-way undivided,-33.786249,150.906235,Blacktown,Sydney metro. area,Syd-Newc-Woll Gtr conurbation,Straight,,,,Unknown / not stated,Sealed,Dry,Fine,Darkness,Nil,No traffic controls,50 km/h,Local,33,Lane sideswipe,305,Same - Lane side swipe,,Other angle,4 wheel drive / SUV,Light truck utility(from 2018),3,0,0,1,0,4,April,Autumn,Friday,18:00 - 19:59,PM peak / evening commute,True,False,True,True
1352786,Injury,Minor/Other Injury,2024,2024,May,Monday,06:00 - 07:59,PRINCES,HWY,0,Right on the spot,KING GEORGES,RD,BLAKEHURST,1.0,No,Not a school zone,X-intersection,-33.987901,151.111784,Georges River,Sydney metro. area,Syd-Newc-Woll Gtr conurbation,Straight,,,,Unknown / not stated,Sealed,Dry,Fine,Daylight,On,No traffic controls,70 km/h,State,30,Rear end,301,Same - Rear end,,Rear end,Car (sedan/hatch),Light truck utility(from 2018),2,0,0,0,1,5,May,Autumn,Monday,06:00 - 07:59,AM peak / school commute,True,False,True,True
1352790,Injury,Minor/Other Injury,2024,2024,May,Thursday,10:00 - 11:59,WHEAT,RD,0,Right on the spot,NUMBER 241-249,HN,SYDNEY,,No,Not a school zone,1-way street,-33.871889,151.202536,Sydney,Sydney metro. area,Syd-Newc-Woll Gtr conurbation,Straight,Driveway/entrance,,,Unknown / not stated,Sealed,Dry,Fine,Daylight,Nil,No traffic controls,20 km/h,Local,42,Leaving parking,401,Manov - Leaving parking,,Other angle,4 wheel drive / SUV,Car (sedan/hatch),2,0,0,0,1,5,May,Autumn,Thursday,10:00 - 11:59,Midday / afternoon,False,False,True,True
1352792,Injury,Minor/Other Injury,2024,2024,May,Tuesday,14:00 - 15:59,STONEY CREEK,RD,0,Right on the spot,KINGSGROVE,RD,KINGSGROVE,665.0,Yes,No,T-junction,-33.949522,151.102997,Georges River,Sydney metro. area,Syd-Newc-Woll Gtr conurbation,Straight,,,,Unknown / not stated,Sealed,Dry,Fine,Daylight,On,No traffic controls,60 km/h,State,21,Right through,202,Opp - Right-thru,,Other angle,Car (sedan/hatch),4 wheel drive / SUV,4,0,0,0,1,5,May,Autumn,Tuesday,14:00 - 15:59,Midday / afternoon,False,False,True,True
1352795,Injury,Moderate Injury,2024,2024,May,Saturday,18:00 - 19:59,BELLMINER,ST,0,Right on the spot,SILVEREYE,CCT,WOODCROFT,,No,Not a school zone,Roundabout,-33.761463,150.879653,Blacktown,Sydney metro. area,Syd-Newc-Woll Gtr conurbation,Curved,,,,Unknown / not stated,Sealed,Dry,Fine,Dusk,Nil,Give way sign,50 km/h,Local,21,Right through,202,Opp - Right-thru,,Other angle,Car (sedan/hatch),4 wheel drive / SUV,2,0,0,1,0,5,May,Autumn,Saturday,18:00 - 19:59,PM peak / evening commute,True,False,True,True
1352796,Injury,Moderate Injury,2024,2024,May,Sunday,06:00 - 07:59,SOLANDER,RD,0,Right on the spot,NUMBER 58,HN,SEVEN HILLS,,No,Not a school zone,2-way undivided,-33.758735,150.94698,Blacktown,Sydney metro. area,Syd-Newc-Woll Gtr conurbation,Curved,,,,Unknown / not stated,Sealed,Dry,Fog or mist,Daylight,Nil,No traffic controls,50 km/h,Local,81,Off left/rt bnd=>obj,803,Off right bend into obj,Left,Other angle,Car (sedan/hatch),Car (sedan/hatch),3,0,0,1,0,5,May,Autumn,Sunday,06:00 - 07:59,AM peak / school commute,True,False,True,True
1352797,Injury,Minor/Other Injury,2024,2024,May,Tuesday,16:00 - 17:59,WESTERN,EXP,100,West,CHURCH STREET,OP,HOLROYD,6004.0,No,Not a school zone,Dual freeway,-33.827058,151.003623,Parramatta,Sydney metro. area,Syd-Newc-Woll Gtr conurbation,Straight,Steep grade,,,Unknown / not stated,Sealed,Dry,Fine,Dusk,Nil,No traffic controls,90 km/h,State,30,Rear end,301,Same - Rear end,,Rear end,Car (sedan/hatch),Light truck utility(from 2018),5,0,0,0,1,5,May,Autumn,Tuesday,16:00 - 17:59,PM peak / evening commute,True,False,True,True
1352798,Injury,Minor/Other Injury,2024,2024,May,Thursday,14:00 - 15:59,CAMPBELL,ST,0,Right on the spot,CHURCH,ST,WOLLONGONG,,Yes,No,Roundabout,-34.420012,150.896671,Wollongong,Wollongong met. area,Syd-Newc-Woll Gtr conurbation,Straight,,,,Unknown / not stated,Sealed,Dry,Fine,Daylight,Nil,Give way sign,50 km/h,Local,30,Rear end,301,Same - Rear end,,Rear end,4 wheel drive / SUV,Car (sedan/hatch),2,0,0,0,1,5,May,Autumn,Thursday,14:00 - 15:59,Midday / afternoon,False,False,True,True
1352800,Injury,Minor/Other Injury,2024,2024,May,Thursday,16:00 - 17:59,GREAT WESTERN,HWY,0,Right on the spot,NUMBER 104,HN,GRANVILLE,5.0,No,Not a school zone,2-way undivided,-33.831346,151.013673,Parramatta,Sydney metro. area,Syd-Newc-Woll Gtr conurbation,Straight,,,,Unknown / not stated,Sealed,Dry,Fine,Dusk,Nil,No traffic controls,60 km/h,State,30,Rear end,301,Same - Rear end,,Rear end,Light truck,Car (sedan/hatch),2,0,0,0,1,5,May,Autumn,Thursday,16:00 - 17:59,PM peak / evening commute,True,False,True,True
1352803,Injury,Minor/Other Injury,2024,2024,May,Monday,14:00 - 15:59,CENTRAL COAST,HWY,60,North,MAIN,RD,NORAVILLE,30.0,No,Not a school zone,Divided road,-33.268414,151.560358,Central Coast,Country urban,Syd-Newc-Woll Gtr conurbation,Straight,,,,Unknown / not stated,Sealed,Dry,Fine,Daylight,Nil,No traffic controls,60 km/h,State,30,Rear end,301,Same - Rear end,,Rear end,4 wheel drive / SUV,Car (sedan/hatch),2,0,0,0,1,5,May,Autumn,Monday,14:00 - 15:59,Midday / afternoon,False,False,True,True
1352804,Injury,Minor/Other Injury,2024,2024,May,Wednesday,14:00 - 15:59,WARNERS BAY,RD,0,Right on the spot,NEWCASTLE INNER CITY,BYPA,CHARLESTOWN,325.0,No,Not a school zone,Roundabout,-32.974867,151.678614,Lake Macquarie,Newcastle met. area,Syd-Newc-Woll Gtr conurbation,Straight,,,,Unknown / not stated,Sealed,Dry,Fine,Daylight,Nil,Give way sign,60 km/h,Regional,39,Other same direction,300,Same - other,,Other angle,Car (sedan/hatch),4 wheel drive / SUV,2,0,0,0,1,5,May,Autumn,Wednesday,14:00 - 15:59,Midday / afternoon,False,False,True,True