crash_id,degree_of_crash,degree_of_crash_-_detailed,reporting_year,year_of_crash,month_of_crash,day_of_week_of_crash,two-hour_intervals,street_of_crash,street_type,distance,direction,identifying_feature,identifying_feature_type,town,route_no.,school_zone_location,school_zone_active,type_of_location,latitude,longitude,lga,urbanisation,conurbation_1,alignment,primary_permanent_feature,primary_temporary_feature,primary_hazardous_feature,street_lighting,road_surface,surface_condition,weather,natural_lighting,signals_operation,other_traffic_control,speed_limit,road_classification_(admin),rum_-_code,rum_-_description,dca_-_code,dca_-_description,dca_supplement,first_impact_type,key_tu_type,other_tu_type,no._of_traffic_units_involved,no._killed,no._seriously_injured,no._moderately_injured,no._minor-other_injured,month_num,month_label,season,day_label,time_label,time_band,is_peak_commute,is_fatal,is_injury,is_casualty
1352808,Injury,Minor/Other Injury,2024,2024,May,Friday,14:00 - 15:59,BABBAGE,RD,0,Right on the spot,BOUNDARY STREET,TO,ROSEVILLE,328.0,No,Not a school zone,Divided road,-33.782688,151.194622,Willoughby,Sydney metro. area,Syd-Newc-Woll Gtr conurbation,Straight,,,,Unknown / not stated,Sealed,Dry,Fine,Daylight,Nil,Give way sign,60 km/h,State,30,Rear end,301,Same - Rear end,,Rear end,Light truck utility(from 2018),Car (sedan/hatch),2,0,0,0,1,5,May,Autumn,Friday,14:00 - 15:59,Midday / afternoon,False,False,True,True
1352810,Injury,Moderate Injury,2024,2024,May,Tuesday,08:00 - 09:59,SOUTHERN,EXP,50,South,NOLAN STREET,OP,UNANDERRA,6006.0,No,Not a school zone,Dual freeway,-34.465521,150.845074,Wollongong,Wollongong met. area,Syd-Newc-Woll Gtr conurbation,Straight,,,,Unknown / not stated,Sealed,Dry,Fine,Daylight,Nil,No traffic controls,100 km/h,State,30,Rear end,301,Same - Rear end,,Rear end,Car (sedan/hatch),Car (sedan/hatch),4,0,0,1,1,5,May,Autumn,Tuesday,08:00 - 09:59,AM peak / school commute,True,False,True,True
1352812,Injury,Minor/Other Injury,2024,2024,May,Wednesday,18:00 - 19:59,STACEY,ST,0,Right on the spot,WATTLE,ST,BANKSTOWN,190.0,No,Not a school zone,T-junction,-33.916513,151.041116,Canterbury-Bankstown,Sydney metro. area,Syd-Newc-Woll Gtr conurbation,Straight,,,,Unknown / not stated,Sealed,Wet,Raining,Darkness,Nil,No traffic controls,60 km/h,State,30,Rear end,301,Same - Rear end,,Rear end,Motorcycle,4 wheel drive / SUV,2,0,0,0,1,5,May,Autumn,Wednesday,18:00 - 19:59,PM peak / evening commute,True,False,True,True
1352814,Injury,Moderate Injury,2024,2024,May,Sunday,18:00 - 19:59,WOODVILLE,RD,0,Right on the spot,WILLIAM,ST,GRANVILLE,640.0,No,Not a school zone,X-intersection,-33.834705,151.002056,Cumberland,Sydney metro. area,Syd-Newc-Woll Gtr conurbation,Straight,Steep grade,,,Unknown / not stated,Sealed,Dry,Fine,Darkness,Unknown / not stated,No traffic controls,70 km/h,State,13,Right near,104,Adj - Right-thru from right,,Right angle,4 wheel drive / SUV,Car (sedan/hatch),2,0,0,1,0,5,May,Autumn,Sunday,18:00 - 19:59,PM peak / evening commute,True,False,True,True
1352815,Injury,Minor/Other Injury,2024,2024,May,Tuesday,16:00 - 17:59,WESTERN,EXP,550,West,JAMES RUSE DRIVE,OP,GRANVILLE,6004.0,No,Not a school zone,Dual freeway,-33.827678,151.01545,Parramatta,Sydney metro. area,Syd-Newc-Woll Gtr conurbation,Curved,Other bridge,,,Unknown / not stated,Sealed,Dry,Fine,Daylight,Nil,No traffic controls,90 km/h,State,30,Rear end,301,Same - Rear end,,Rear end,Semi-trailer,Car (sedan/hatch),2,0,0,0,1,5,May,Autumn,Tuesday,16:00 - 17:59,PM peak / evening commute,True,False,True,True
1352816,Injury,Moderate Injury,2024,2024,May,Wednesday,08:00 - 09:59,MARCONI,RD,0,Right on the spot,STATION,ST,BONNELLS BAY,,No,Not a school zone,T-junction,-33.108626,151.506663,Lake Macquarie,Newcastle met. area,Syd-Newc-Woll Gtr conurbation,Straight,Crest,,,Unknown / not stated,Sealed,Dry,Fine,Daylight,Nil,Give way sign,50 km/h,Local,14,2 right turning,105,Adj - Two right turning,,Right angle,Car (sedan/hatch),Car (sedan/hatch),2,0,0,1,0,5,May,Autumn,Wednesday,08:00 - 09:59,AM peak / school commute,True,False,True,True
1352817,Injury,Moderate Injury,2024,2024,May,Friday,18:00 - 19:59,OLD BYRON BAY,RD,0,Right on the spot,NUMBER 448,HN,NEWRYBAR,,No,Not a school zone,2-way undivided,-28.710586,153.554973,Ballina,Country urban,Rest of NSW - Urban,Curved,,,,Unknown / not stated,Sealed,Wet,Raining,Dusk,Nil,No traffic controls,60 km/h,Local,81,Off left/rt bnd=>obj,803,Off right bend into obj,Left,Vehicle - Object,4 wheel drive / SUV,,1,0,0,1,0,5,May,Autumn,Friday,18:00 - 19:59,PM peak / evening commute,True,False,True,True
1352818,Injury,Minor/Other Injury,2024,2024,March,Saturday,18:00 - 19:59,GWENDOLEN,AVE,0,Right on the spot,TRAFALGAR,AVE,UMINA BEACH,,No,Not a school zone,X-intersection,-33.50879,151.323395,Central Coast,Country urban,Syd-Newc-Woll Gtr conurbation,Straight,,,,Nil,Sealed,Dry,Overcast,Dusk,Nil,Give way sign,50 km/h,Local,10,Cross traffic,101,Adj - Cross traffic,,Right angle,4 wheel drive / SUV,Car (sedan/hatch),2,0,0,0,1,3,March,Autumn,Saturday,18:00 - 19:59,PM peak / evening commute,True,False,True,True
1352823,Injury,Minor/Other Injury,2024,2024,May,Thursday,06:00 - 07:59,DALLEY,ST,0,Right on the spot,RAWSON,ST,LIDCOMBE,,No,Not a school zone,X-intersection,-33.861479,151.052988,Cumberland,Sydney metro. area,Syd-Newc-Woll Gtr conurbation,Straight,,,,Unknown / not stated,Sealed,Dry,Fine,Dawn,Nil,Stop sign,50 km/h,Local,10,Cross traffic,101,Adj - Cross traffic,,Right angle,Car (sedan/hatch),4 wheel drive / SUV,2,0,0,0,1,5,May,Autumn,Thursday,06:00 - 07:59,AM peak / school commute,True,False,True,True
1352824,Injury,Moderate Injury,2024,2024,May,Thursday,12:00 - 13:59,PACIFIC,HWY,147,North,INDUSTRIAL,DR,MAYFIELD WEST,10.0,No,Not a school zone,2-way undivided,-32.880897,151.718166,Newcastle,Newcastle met. area,Syd-Newc-Woll Gtr conurbation,Straight,Driveway/entrance,,,Unknown / not stated,Sealed,Dry,Fine,Daylight,Nil,Stop sign,80 km/h,State,21,Right through,202,Opp - Right-thru,,Other angle,Car (sedan/hatch),Semi-trailer,2,0,0,1,0,5,May,Autumn,Thursday,12:00 - 13:59,Midday / afternoon,False,False,True,True
1352825,Injury,Minor/Other Injury,2024,2024,May,Wednesday,14:00 - 15:59,THE HORSLEY,DR,0,Right on the spot,COWPASTURE,RD,WETHERILL PARK,609.0,No,Not a school zone,Roundabout,-33.851337,150.876637,Fairfield,Sydney metro. area,Syd-Newc-Woll Gtr conurbation,Straight,,,,Unknown / not stated,Sealed,Dry,Fine,Daylight,Nil,Give way sign,60 km/h,State,30,Rear end,301,Same - Rear end,,Rear end,Car (sedan/hatch),Light truck,2,0,0,0,1,5,May,Autumn,Wednesday,14:00 - 15:59,Midday / afternoon,False,False,True,True
1352826,Injury,Serious Injury,2024,2024,May,Saturday,08:00 - 09:59,JAMES RUSE,DR,10,South,HOPE,ST,ROSEHILL,309.0,No,Not a school zone,T-junction,-33.821369,151.021544,Parramatta,Sydney metro. area,Syd-Newc-Woll Gtr conurbation,Straight,Steep grade,,,Unknown / not stated,Sealed,Dry,Fine,Daylight,Nil,No traffic controls,70 km/h,State,30,Rear end,301,Same - Rear end,,Rear end,Car (sedan/hatch),Light truck,2,0,1,0,0,5,May,Autumn,Saturday,08:00 - 09:59,AM peak / school commute,True,False,True,True
1352831,Injury,Minor/Other Injury,2024,2024,May,Wednesday,08:00 - 09:59,COBBITTY,RD,0,Right on the spot,MACQUARIE GROVE,RD,COBBITTY,,No,Not a school zone,Roundabout,-34.014874,150.709383,Camden,Sydney metro. area,Syd-Newc-Woll Gtr conurbation,Straight,,,,Unknown / not stated,Sealed,Dry,Fine,Daylight,Nil,No traffic controls,60 km/h,Local,33,Lane sideswipe,305,Same - Lane side swipe,,Other angle,Car (sedan/hatch),Other bus,2,0,0,0,1,5,May,Autumn,Wednesday,08:00 - 09:59,AM peak / school commute,True,False,True,True
1352832,Injury,Minor/Other Injury,2024,2024,May,Saturday,10:00 - 11:59,EPPING,RD,0,Right on the spot,HERRING ROAD,TO,MACQUARIE PARK,373.0,No,Not a school zone,Divided road,-33.781752,151.113845,Ryde,Sydney metro. area,Syd-Newc-Woll Gtr conurbation,Straight,,,,Unknown / not stated,Sealed,Dry,Fine,Daylight,Nil,Ped crossing,70 km/h,State,30,Rear end,301,Same - Rear end,,Rear end,Car (sedan/hatch),Car (sedan/hatch),2,0,0,0,1,5,May,Autumn,Saturday,10:00 - 11:59,Midday / afternoon,False,False,True,True
1352834,Injury,Minor/Other Injury,2024,2024,February,Saturday,16:00 - 17:59,HUME,HWY,0,Right on the spot,7 ELEVEN SERVICE STATION,ENT,YAGOONA,2.0,No,Not a school zone,2-way undivided,-33.907361,151.020823,Canterbury-Bankstown,Sydney metro. area,Syd-Newc-Woll Gtr conurbation,Straight,,,,Unknown / not stated,Sealed,Dry,Fine,Daylight,Nil,No traffic controls,60 km/h,State,30,Rear end,301,Same - Rear end,,Rear end,Car (sedan/hatch),Other bus,2,0,0,0,1,2,February,Summer,Saturday,16:00 - 17:59,PM peak / evening commute,True,False,True,True
1352836,Injury,Moderate Injury,2024,2024,May,Thursday,10:00 - 11:59,CURTIN,AVE,0,Right on the spot,TYLER,CRES,ABBOTSFORD,,No,Not a school zone,X-intersection,-33.853716,151.135489,Canada Bay,Sydney metro. area,Syd-Newc-Woll Gtr conurbation,Straight,,,,Unknown / not stated,Sealed,Dry,Fine,Daylight,Nil,Give way sign,50 km/h,Local,10,Cross traffic,101,Adj - Cross traffic,,Right angle,Car (sedan/hatch),4 wheel drive / SUV,2,0,0,1,1,5,May,Autumn,Thursday,10:00 - 11:59,Midday / afternoon,False,False,True,True
1352839,Injury,Moderate Injury,2024,2024,May,Thursday,18:00 - 19:59,PRINCES,HWY,10,South,ARGYLE,ST,WOLLI CREEK,1.0,No,Not a school zone,T-junction,-33.934861,151.15127,Bayside,Sydney metro. area,Syd-Newc-Woll Gtr conurbation,Curved,,,,Unknown / not stated,Sealed,Dry,Fine,Dusk,Nil,No traffic controls,60 km/h,State,30,Rear end,301,Same - Rear end,,Rear end,4 wheel drive / SUV,Car (sedan/hatch),2,0,0,1,0,5,May,Autumn,Thursday,18:00 - 19:59,PM peak / evening commute,True,False,True,True
1352843,Injury,Minor/Other Injury,2024,2024,January,Friday,16:00 - 17:59,BILLIRIMBA,RD,10000,East,KOCHS,RD,TENTERFIELD,,No,Not a school zone,2-way undivided,-29.115876,152.160018,Tenterfield,Country non-urban,Rest of NSW - Rural,Curved,,,,Nil,Unsealed,Dry,Overcast,Daylight,Nil,No traffic controls,100 km/h,Local,85,Off rt/lft bnd=>obj,804,Off left bend into obj,Right,Vehicle - Object,4 wheel drive / SUV,,1,0,0,0,2,1,January,Summer,Friday,16:00 - 17:59,PM peak / evening commute,True,False,True,True
1352845,Injury,Moderate Injury,2024,2024,January,Saturday,02:00 - 03:59,JUNCTION POINT,RD,6720,North,BIGGA,RD,CROOKED CORNER,54.0,No,Not a school zone,2-way undivided,-34.19255,149.347277,Upper Lachlan,Country non-urban,Rest of NSW - Rural,Curved,Painted double centre lines,,,Nil,Sealed,Dry,Fine,Darkness,Nil,No traffic controls,100 km/h,State,85,Off rt/lft bnd=>obj,804,Off left bend into obj,Right,Vehicle - Object,Light truck utility(from 2018),,1,0,0,1,0,1,January,Summer,Saturday,02:00 - 03:59,Late night / early morning,False,False,True,True
1352846,Injury,Serious Injury,2024,2024,January,Saturday,10:00 - 11:59,DARLING,CSWY,3300,North,STATION,ST,MOUNT VICTORIA,184.0,No,Not a school zone,2-way undivided,-33.560847,150.260478,Blue Mountains,Country urban,Syd-Newc-Woll Gtr conurbation,Straight,Embankment/cutting,,,Off,Sealed,Dry,Fine,Daylight,Nil,No traffic controls,80 km/h,State,71,Off rd left => obj,703,Left off cway into object,,Vehicle - Object,Motorcycle,,1,0,1,0,0,1,January,Summer,Saturday,10:00 - 11:59,Midday / afternoon,False,False,True,True
1352847,Injury,Moderate Injury,2024,2024,January,Tuesday,20:00 - 21:59,GREAT NORTH,RD,0,Right on the spot,KINGS,RD,FIVE DOCK,395.0,No,Not a school zone,T-junction,-33.869782,151.129375,Canada Bay,Sydney metro. area,Syd-Newc-Woll Gtr conurbation,Straight,,,,On,Sealed,Dry,Fine,Darkness,Nil,No traffic controls,50 km/h,State,21,Right through,202,Opp - Right-thru,,Other angle,Car (sedan/hatch),4 wheel drive / SUV,2,0,0,1,0,1,January,Summer,Tuesday,20:00 - 21:59,Evening / night,False,False,True,True
1352849,Injury,Moderate Injury,2024,2024,January,Tuesday,10:00 - 11:59,NEW ENGLAND,HWY,5000,North,YARRAFORD,RD,DUNDEE,9.0,No,Not a school zone,2-way undivided,-29.634052,151.84479,Glen Innes Severn,Country non-urban,Rest of NSW - Rural,Straight,Embankment/cutting,,,Nil,Sealed,Dry,Overcast,Daylight,Nil,No traffic controls,100 km/h,State,71,Off rd left => obj,703,Left off cway into object,,Vehicle - Object,Car (sedan/hatch),,1,0,0,1,1,1,January,Summer,Tuesday,10:00 - 11:59,Midday / afternoon,False,False,True,True
1352850,Injury,Serious Injury,2024,2024,January,Tuesday,18:00 - 19:59,SOUTHERN,EXP,0,Right on the spot,MT OUSLEY,RD,MOUNT OUSLEY,6006.0,No,Not a school zone,T-junction,-34.401854,150.880376,Wollongong,Wollongong met. area,Syd-Newc-Woll Gtr conurbation,Straight,,,,Off,Sealed,Dry,Fine,Dusk,Nil,Give way sign,80 km/h,State,13,Right near,104,Adj - Right-thru from right,,Right angle,4 wheel drive / SUV,Light truck,2,0,1,2,0,1,January,Summer,Tuesday,18:00 - 19:59,PM peak / evening commute,True,False,True,True
1352851,Injury,Moderate Injury,2024,2024,January,Wednesday,22:00 - Midnight,BEACHCOMBER,PDE,0,Right on the spot,DUNLEIGH,ST,TOUKLEY,,No,Not a school zone,T-junction,-33.264208,151.534549,Central Coast,Country urban,Syd-Newc-Woll Gtr conurbation,Straight,,,,On,Sealed,Dry,Fine,Darkness,Nil,No traffic controls,50 km/h,Local,71,Off rd left => obj,703,Left off cway into object,,Other angle,4 wheel drive / SUV,Light truck utility(from 2018),2,0,0,1,0,1,January,Summer,Wednesday,22:00 - Midnight,Evening / night,False,False,True,True
1352853,Injury,Serious Injury,2024,2024,January,Monday,18:00 - 19:59,WEST,ST,0,Right on the spot,NUMBER 85-87,HN,SOUTH KEMPSEY,,No,Not a school zone,2-way undivided,-31.098496,152.820668,Kempsey,Country urban,Rest of NSW - Urban,Straight,,,,Off,Sealed,Wet,Overcast,Daylight,Nil,No traffic controls,60 km/h,Local,71,Off rd left => obj,703,Left off cway into object,,Other angle,Car (sedan/hatch),Station wagon,3,0,1,0,0,1,January,Summer,Monday,18:00 - 19:59,PM peak / evening commute,True,False,True,True
1352855,Injury,Serious Injury,2024,2024,January,Thursday,16:00 - 17:59,ANDERSON,DR,0,Right on the spot,CHRISTIE,RD,TARRO,,No,Not a school zone,T-junction,-32.806244,151.65579,Newcastle,Newcastle met. area,Syd-Newc-Woll Gtr conurbation,Straight,Foot/cycle path/nature strip,,,Nil,Sealed,Dry,Fine,Daylight,Nil,Give way sign,50 km/h,Local,81,Off left/rt bnd=>obj,707,Right turn,Left,Vehicle - Object,Motorcycle,,1,0,1,0,0,1,January,Summer,Thursday,16:00 - 17:59,PM peak / evening commute,True,False,True,True
1352857,Injury,Moderate Injury,2024,2024,January,Tuesday,10:00 - 11:59,COBB,HWY,0,Right on the spot,DAVIDSON,ST,DENILIQUIN,21.0,No,Not a school zone,T-junction,-35.526728,144.974277,Edward River,Country urban,Rest of NSW - Urban,Straight,,,,Off,Sealed,Dry,Fine,Daylight,Nil,Give way sign,50 km/h,State,2,Ped far side,3,Ped - Far side,,Vehicle - Pedestrian,Light truck utility(from 2018),Pedestrian,2,0,0,1,1,1,January,Summer,Tuesday,10:00 - 11:59,Midday / afternoon,False,False,True,True
1352859,Injury,Serious Injury,2024,2024,January,Thursday,10:00 - 11:59,WATAGAN,RD,4000,West,MARTINSVILLE,RD,MARTINSVILLE,,No,Not a school zone,2-way undivided,-33.069238,151.378712,Lake Macquarie,Newcastle met. area,Syd-Newc-Woll Gtr conurbation,Straight,,,Flooded/submerged,Nil,Unsealed,Wet,Fine,Daylight,Nil,No traffic controls,100 km/h,Local,71,Off rd left => obj,703,Left off cway into object,,Vehicle - Object,Motorcycle,,1,0,1,0,0,1,January,Summer,Thursday,10:00 - 11:59,Midday / afternoon,False,False,True,True
1352860,Injury,Serious Injury,2024,2024,January,Monday,22:00 - Midnight,CONDAMINE,ST,0,Right on the spot,KENNETH,RD,MANLY VALE,164.0,No,Not a school zone,X-intersection,-33.786518,151.266571,Northern Beaches,Sydney metro. area,Syd-Newc-Woll Gtr conurbation,Straight,,,,On,Sealed,Dry,Fine,Darkness,On,No traffic controls,60 km/h,State,0,Ped nearside,1,Ped - Near side,,Vehicle - Pedestrian,Car (sedan/hatch),Pedestrian,2,0,1,1,0,1,January,Summer,Monday,22:00 - Midnight,Evening / night,False,False,True,True
1352861,Injury,Moderate Injury,2024,2024,January,Friday,20:00 - 21:59,MANNING,ST,150,North,VICTORIA,ST,TAREE,,No,Not a school zone,2-way undivided,-31.911786,152.460897,Mid-Coast,Country urban,Rest of NSW - Urban,Straight,,,,On,Sealed,Dry,Fine,Darkness,Nil,No traffic controls,50 km/h,Local,40,U turn,304,Same - U-turn,,Other angle,Light truck utility(from 2018),Motor scooter,2,0,0,1,0,1,January,Summer,Friday,20:00 - 21:59,Evening / night,False,False,True,True
1352863,Injury,Moderate Injury,2024,2024,February,Wednesday,16:00 - 17:59,HANSONS,RD,30,North,AMBASSADOR,AVE,NORTH NOWRA,,No,Not a school zone,2-way undivided,-34.859801,150.582778,Shoalhaven,Country urban,Rest of NSW - Urban,Straight,Foot/cycle path/nature strip,,,Off,Sealed,Wet,Snowing,Daylight,Nil,No traffic controls,50 km/h,Local,73,Off rd rght => obj,704,Right off cway into obj,,Vehicle - Object,Car (sedan/hatch),,1,0,0,1,0,2,February,Summer,Wednesday,16:00 - 17:59,PM peak / evening commute,True,False,True,True
1352865,Injury,Moderate Injury,2024,2024,February,Saturday,10:00 - 11:59,RUSSELL,ST,27,North,GREAT WESTERN,HWY,EMU PLAINS,7292.0,No,Not a school zone,2-way undivided,-33.753843,150.653333,Penrith,Sydney metro. area,Syd-Newc-Woll Gtr conurbation,Straight,Painted double centre lines,,,Nil,Sealed,Dry,Fine,Daylight,Nil,No traffic controls,60 km/h,Regional,73,Off rd rght => obj,704,Right off cway into obj,,Vehicle - Object,Car (sedan/hatch),,1,0,0,1,0,2,February,Summer,Saturday,10:00 - 11:59,Midday / afternoon,False,False,True,True
1352867,Injury,Moderate Injury,2024,2024,February,Friday,04:00 - 05:59,YARRANABBE,RD,0,Right on the spot,NUMBER 10,HN,DARLING POINT,,No,Not a school zone,2-way undivided,-33.872842,151.237028,Woollahra,Sydney metro. area,Syd-Newc-Woll Gtr conurbation,Straight,,,,Unknown / not stated,Sealed,Unknown,Unknown,Dawn,Nil,No traffic controls,50 km/h,Local,71,Off rd left => obj,703,Left off cway into object,,Other angle,Car (sedan/hatch),Car (sedan/hatch),8,0,0,1,0,2,February,Summer,Friday,04:00 - 05:59,Late night / early morning,False,False,True,True
1352869,Injury,Minor/Other Injury,2024,2024,February,Tuesday,16:00 - 17:59,COMMON,RD,0,Right on the spot,THIESS,CRES,MUSWELLBROOK,,No,Not a school zone,T-junction,-32.26239,150.908629,Muswellbrook,Country urban,Rest of NSW - Urban,Curved,,,,Nil,Sealed,Wet,Overcast,Dusk,Nil,Give way sign,50 km/h,Local,21,Right through,202,Opp - Right-thru,,Other angle,4 wheel drive / SUV,Car (sedan/hatch),2,0,0,0,2,2,February,Summer,Tuesday,16:00 - 17:59,PM peak / evening commute,True,False,True,True
1352870,Injury,Serious Injury,2024,2024,February,Thursday,14:00 - 15:59,POWER,ST,0,Right on the spot,OWEN,ST,GLENDENNING,7159.0,No,Not a school zone,T-junction,-33.753822,150.857025,Blacktown,Sydney metro. area,Syd-Newc-Woll Gtr conurbation,Straight,,,,Nil,Sealed,Wet,Raining,Daylight,Nil,Give way sign,60 km/h,Regional,12,Left far,103,Adj - Left-thru from left,,Right angle,Car (sedan/hatch),Car (sedan/hatch),3,0,1,0,0,2,February,Summer,Thursday,14:00 - 15:59,Midday / afternoon,False,False,True,True
1352872,Injury,Moderate Injury,2024,2024,February,Monday,16:00 - 17:59,MONARO,HWY,1000,North,IMLAY,RD,ROCKTON,19.0,No,Not a school zone,2-way undivided,-37.123839,149.307531,Snowy Monaro Regional,Country non-urban,Rest of NSW - Rural,Curved,,,Potholes/corrugations/rough,Nil,Sealed,Dry,Fine,Dusk,Nil,No traffic controls,100 km/h,State,88,Out of cont on bend,805,Out of control on bend,,Rollover,4 wheel drive / SUV,,1,0,0,2,0,2,February,Summer,Monday,16:00 - 17:59,PM peak / evening commute,True,False,True,True
1352873,Injury,Moderate Injury,2024,2024,February,Friday,22:00 - Midnight,EDGAR,ST,0,Right on the spot,NUMBER 205,HN,CONDELL PARK,7120.0,No,Not a school zone,2-way undivided,-33.923659,151.012642,Canterbury-Bankstown,Sydney metro. area,Syd-Newc-Woll Gtr conurbation,Straight,,,,On,Sealed,Dry,Fine,Darkness,Nil,No traffic controls,60 km/h,Regional,55,Pulling out rear end,505,Ovtak - Pulling out rear end,,Rear end,Unknown motor vehicle,Car (sedan/hatch),3,0,0,1,1,2,February,Summer,Friday,22:00 - Midnight,Evening / night,False,False,True,True
1352874,Injury,Serious Injury,2024,2024,February,Thursday,04:00 - 05:59,ELERMORE,PDE,0,Right on the spot,PERKS,ST,WALLSEND,,No,Not a school zone,X-intersection,-32.909954,151.6738,Newcastle,Newcastle met. area,Syd-Newc-Woll Gtr conurbation,Straight,,,,Nil,Sealed,Dry,Fine,Dawn,Nil,Give way sign,50 km/h,Local,10,Cross traffic,101,Adj - Cross traffic,,Right angle,Light truck,4 wheel drive / SUV,3,0,1,0,0,2,February,Summer,Thursday,04:00 - 05:59,Late night / early morning,False,False,True,True
1352876,Injury,Moderate Injury,2024,2024,February,Tuesday,08:00 - 09:59,WESTERN,EXP,50,West,RESERVOIR ROAD,TO,EASTERN CREEK,6004.0,No,Not a school zone,Dual freeway,-33.801994,150.884684,Blacktown,Sydney metro. area,Syd-Newc-Woll Gtr conurbation,Straight,,,,Off,Sealed,Dry,Fine,Daylight,Nil,No traffic controls,100 km/h,State,35,Lane change left,307,Same - Lane change left,,Other angle,Car (sedan/hatch),Large rigid,3,0,0,1,0,2,February,Summer,Tuesday,08:00 - 09:59,AM peak / school commute,True,False,True,True
1352879,Injury,Minor/Other Injury,2024,2024,February,Tuesday,04:00 - 05:59,HUME,HWY,0,Right on the spot,LANSDOWNE,RD,LANSVALE,2.0,No,Not a school zone,T-junction,-33.893766,150.959747,Fairfield,Sydney metro. area,Syd-Newc-Woll Gtr conurbation,Straight,,,,On,Sealed,Dry,Fine,Darkness,On,No traffic controls,70 km/h,State,11,Right far,102,Adj - Right-thru from left,,Right angle,Car (sedan/hatch),Car (sedan/hatch),2,0,0,0,2,2,February,Summer,Tuesday,04:00 - 05:59,Late night / early morning,False,False,True,True
1352881,Injury,Serious Injury,2024,2024,March,Sunday,20:00 - 21:59,FOREST REEFS,RD,250,North,CARCOAR,RD,MILLTHORPE,,No,Not a school zone,2-way undivided,-33.453061,149.136638,Blayney,Country urban,Rest of NSW - Urban,Curved,Crest,,,Nil,Sealed,Dry,Fine,Dusk,Nil,No traffic controls,80 km/h,Local,83,Off rt/rt bnd=>obj,803,Off right bend into obj,Right,Vehicle - Object,Motorcycle,,1,0,1,0,0,3,March,Autumn,Sunday,20:00 - 21:59,Evening / night,False,False,True,True
1352882,Injury,Serious Injury,2024,2024,March,Friday,02:00 - 03:59,BRECKENRIDGE,ST,0,Right on the spot,HELEN,ST,FORSTER,,No,Not a school zone,T-junction,-32.185957,152.515061,Mid-Coast,Country urban,Rest of NSW - Urban,Straight,,,,On,Sealed,Dry,Fine,Darkness,Nil,No traffic controls,50 km/h,Local,74,On road-out of cont.,705,Out of control on cway,,Rollover,Motorised push scooters,,1,0,1,0,0,3,March,Autumn,Friday,02:00 - 03:59,Late night / early morning,False,False,True,True
1352886,Injury,Serious Injury,2024,2024,March,Monday,20:00 - 21:59,TOMEWIN,RD,200,South,DULGUIGAN,RD,KYNNUMBOON,143.0,No,Not a school zone,2-way undivided,-28.293277,153.38636,Tweed,Country non-urban,Rest of NSW - Rural,Curved,,,,Nil,Sealed,Wet,Raining,Darkness,Nil,No traffic controls,100 km/h,Regional,88,Out of cont on bend,805,Out of control on bend,,Rollover,Motorcycle,,1,0,1,0,0,3,March,Autumn,Monday,20:00 - 21:59,Evening / night,False,False,True,True
1352889,Injury,Serious Injury,2024,2024,January,Sunday,10:00 - 11:59,GWYDIR,HWY,340,West,TINDALL,RD,EATONSVILLE,12.0,No,Not a school zone,2-way undivided,-29.664977,152.823225,Clarence Valley,Country non-urban,Rest of NSW - Rural,Straight,,,,Nil,Sealed,Unknown,Unknown,Daylight,Nil,No traffic controls,100 km/h,State,71,Off rd left => obj,703,Left off cway into object,,Other angle,Car (sedan/hatch),B-double (road train prior 98),2,0,3,0,1,1,January,Summer,Sunday,10:00 - 11:59,Midday / afternoon,False,False,True,True
1352892,Injury,Moderate Injury,2024,2024,March,Friday,00:01 - 01:59,BERKELEY,ST,0,Right on the spot,HAMILTON,ST,SOUTH WENTWORTHVILLE,,No,Not a school zone,X-intersection,-33.819976,150.973559,Cumberland,Sydney metro. area,Syd-Newc-Woll Gtr conurbation,Straight,,,,On,Sealed,Wet,Fine,Darkness,Nil,Give way sign,50 km/h,Local,10,Cross traffic,101,Adj - Cross traffic,,Right angle,Car (sedan/hatch),Light truck utility(from 2018),2,0,0,1,0,3,March,Autumn,Friday,00:01 - 01:59,Late night / early morning,False,False,True,True
1352896,Injury,Moderate Injury,2024,2024,March,Saturday,22:00 - Midnight,UPSALLS CREEK,RD,8000,West,BLACK CREEK,RD,SWANS CROSSING,,No,Not a school zone,2-way undivided,-31.623273,152.609447,Port Macquarie-Hastings,Country urban,Rest of NSW - Urban,Straight,Embankment/cutting,,,Nil,Unsealed,Wet,Fine,Darkness,Nil,No traffic controls,40 km/h,Local,70,Off road to left,701,Off carriageway to left,,Rollover,Light truck utility(from 2018),,1,0,0,1,1,3,March,Autumn,Saturday,22:00 - Midnight,Evening / night,False,False,True,True
1352897,Injury,Serious Injury,2024,2024,March,Sunday,22:00 - Midnight,DALKEITH,AVE,0,Right on the spot,NUMBER 47,HN,LAKE ALBERT,,No,Not a school zone,2-way undivided,-35.166205,147.365149,Wagga Wagga,Country urban,Rest of NSW - Urban,Curved,,,,On,Sealed,Dry,Fine,Darkness,Nil,No traffic controls,50 km/h,Local,85,Off rt/lft bnd=>obj,804,Off left bend into obj,Right,Vehicle - Object,Light truck utility(from 2018),,1,0,1,0,0,3,March,Autumn,Sunday,22:00 - Midnight,Evening / night,False,False,True,True
1352898,Injury,Minor/Other Injury,2024,2024,March,Friday,16:00 - 17:59,POINT PLOMER,RD,8150,South,CHARLES PARRY,ST,CRESCENT HEAD,,No,Not a school zone,2-way undivided,-31.254655,152.966073,Kempsey,Country urban,Rest of NSW - Urban,Curved,Painted double centre lines,,,Nil,Sealed,Dry,Fine,Daylight,Nil,No traffic controls,60 km/h,Local,20,Head on,201,Opp - Head on,,Head-on,4 wheel drive / SUV,4 wheel drive / SUV,2,0,0,0,1,3,March,Autumn,Friday,16:00 - 17:59,PM peak / evening commute,True,False,True,True