crash_id,degree_of_crash,degree_of_crash_-_detailed,reporting_year,year_of_crash,month_of_crash,day_of_week_of_crash,two-hour_intervals,street_of_crash,street_type,distance,direction,identifying_feature,identifying_feature_type,town,route_no.,school_zone_location,school_zone_active,type_of_location,latitude,longitude,lga,urbanisation,conurbation_1,alignment,primary_permanent_feature,primary_temporary_feature,primary_hazardous_feature,street_lighting,road_surface,surface_condition,weather,natural_lighting,signals_operation,other_traffic_control,speed_limit,road_classification_(admin),rum_-_code,rum_-_description,dca_-_code,dca_-_description,dca_supplement,first_impact_type,key_tu_type,other_tu_type,no._of_traffic_units_involved,no._killed,no._seriously_injured,no._moderately_injured,no._minor-other_injured,month_num,month_label,season,day_label,time_label,time_band,is_peak_commute,is_fatal,is_injury,is_casualty
1352899,Injury,Moderate Injury,2024,2024,March,Tuesday,22:00 - Midnight,MACLEAY,ST,100,North,ST JOHNS,RD,BRADBURY,,No,Not a school zone,2-way undivided,-34.087451,150.819779,Campbelltown,Sydney metro. area,Syd-Newc-Woll Gtr conurbation,Straight,Steep grade,,,On,Sealed,Dry,Fine,Darkness,Nil,No traffic controls,50 km/h,Local,71,Off rd left => obj,703,Left off cway into object,,Vehicle - Object,Car (sedan/hatch),,1,0,0,1,0,3,March,Autumn,Tuesday,22:00 - Midnight,Evening / night,False,False,True,True
1352900,Injury,Serious Injury,2024,2024,February,Tuesday,14:00 - 15:59,CARTERS,RD,750,North,PACIFIC,HWY,LAKE MUNMORAH,,No,Not a school zone,2-way undivided,-33.184256,151.573164,Central Coast,Country urban,Syd-Newc-Woll Gtr conurbation,Straight,,,,Off,Sealed,Dry,Overcast,Daylight,Nil,No traffic controls,50 km/h,Local,1,Ped emerging,2,Ped - emerging,,Vehicle - Pedestrian,Car (sedan/hatch),Pedestrian,2,0,1,0,0,2,February,Summer,Tuesday,14:00 - 15:59,Midday / afternoon,False,False,True,True
1352901,Injury,Moderate Injury,2024,2024,March,Wednesday,00:01 - 01:59,RAVENHILL,RD,0,Right on the spot,NUMBER 29,HN,TURRAMURRA,,No,Not a school zone,2-way undivided,-33.751186,151.119191,Ku-ring-gai,Sydney metro. area,Syd-Newc-Woll Gtr conurbation,Curved,Steep grade,,,Nil,Sealed,Dry,Fine,Darkness,Nil,No traffic controls,50 km/h,Local,81,Off left/rt bnd=>obj,803,Off right bend into obj,Left,Vehicle - Object,4 wheel drive / SUV,,1,0,0,1,0,3,March,Autumn,Wednesday,00:01 - 01:59,Late night / early morning,False,False,True,True
1352902,Injury,Serious Injury,2024,2024,March,Wednesday,22:00 - Midnight,EASTERN,RD,200,South,KNOX,RD,BUNGARRIBEE,7153.0,No,Not a school zone,Divided road,-33.76863,150.865818,Blacktown,Sydney metro. area,Syd-Newc-Woll Gtr conurbation,Curved,,,,On,Sealed,Dry,Fine,Darkness,Nil,No traffic controls,60 km/h,Regional,66,Object on road,607,On path - Hit temp object,,Vehicle - Object,Motorcycle,,1,0,1,0,0,3,March,Autumn,Wednesday,22:00 - Midnight,Evening / night,False,False,True,True
1352908,Injury,Moderate Injury,2024,2024,March,Sunday,10:00 - 11:59,BELLS LINE OF,RD,600,North,RAINBOW RAVINE,RD,MOUNT TOMAH,184.0,No,Not a school zone,2-way undivided,-33.542782,150.42504,Blue Mountains,Country urban,Syd-Newc-Woll Gtr conurbation,Curved,Steep grade,,,Nil,Sealed,Dry,Fine,Daylight,Nil,No traffic controls,80 km/h,State,81,Off left/rt bnd=>obj,803,Off right bend into obj,Left,Vehicle - Object,Motorcycle,,2,0,0,2,0,3,March,Autumn,Sunday,10:00 - 11:59,Midday / afternoon,False,False,True,True
1352910,Injury,Moderate Injury,2024,2024,February,Sunday,14:00 - 15:59,ELIZABETH,ST,0,Right on the spot,GOULBURN,ST,HAYMARKET,7083.0,No,Not a school zone,X-intersection,-33.878399,151.20927,Sydney,Sydney metro. area,Syd-Newc-Woll Gtr conurbation,Straight,,,,On,Sealed,Dry,Fine,Daylight,On,Ped crossing,40 km/h,Regional,21,Right through,202,Opp - Right-thru,,Other angle,4 wheel drive / SUV,Motorcycle,2,0,0,1,0,2,February,Summer,Sunday,14:00 - 15:59,Midday / afternoon,False,False,True,True
1352912,Injury,Serious Injury,2024,2024,March,Saturday,16:00 - 17:59,ALESSANDRA,DR,50,East,YORK,RD,KELLYVILLE,,No,Not a school zone,2-way undivided,-33.712299,150.970756,The Hills,Sydney metro. area,Syd-Newc-Woll Gtr conurbation,Straight,,,,Off,Sealed,Dry,Fine,Daylight,Nil,No traffic controls,50 km/h,Local,74,On road-out of cont.,705,Out of control on cway,,Rollover,Motorcycle,,1,0,1,0,0,3,March,Autumn,Saturday,16:00 - 17:59,PM peak / evening commute,True,False,True,True
1352913,Injury,Serious Injury,2024,2024,March,Tuesday,18:00 - 19:59,YAMBA,RD,800,East,FARLOWS,LANE,MACLEAN,152.0,No,Not a school zone,2-way undivided,-29.434352,153.230729,Clarence Valley,Country non-urban,Rest of NSW - Rural,Curved,Embankment/cutting,,,Nil,Sealed,Dry,Fine,Dusk,Nil,No traffic controls,100 km/h,Regional,81,Off left/rt bnd=>obj,803,Off right bend into obj,Left,Vehicle - Object,4 wheel drive / SUV,,1,0,1,0,0,3,March,Autumn,Tuesday,18:00 - 19:59,PM peak / evening commute,True,False,True,True
1352915,Injury,Moderate Injury,2024,2024,March,Tuesday,14:00 - 15:59,SEGENHOE,RD,0,Right on the spot,NUMBER 353,HN,SEGENHOE,,No,Not a school zone,2-way undivided,-32.130977,150.916334,Upper Hunter,Country urban,Rest of NSW - Urban,Curved,,,,Nil,Sealed,Dry,Fine,Daylight,Nil,No traffic controls,80 km/h,Local,87,Off lft/lft bnd=>obj,804,Off left bend into obj,Left,Vehicle - Object,Car (sedan/hatch),,1,0,0,1,0,3,March,Autumn,Tuesday,14:00 - 15:59,Midday / afternoon,False,False,True,True
1352926,Injury,Serious Injury,2024,2024,February,Wednesday,14:00 - 15:59,WYRALLAH,RD,0,Right on the spot,RIVER,ST,WOODBURN,7742.0,No,Not a school zone,X-intersection,-29.071867,153.342004,Richmond Valley,Country urban,Rest of NSW - Urban,Straight,,,,Off,Sealed,Dry,Fine,Daylight,Nil,Stop sign,50 km/h,Regional,30,Rear end,301,Same - Rear end,,Rear end,Light truck utility(from 2018),4 wheel drive / SUV,2,0,1,0,0,2,February,Summer,Wednesday,14:00 - 15:59,Midday / afternoon,False,False,True,True
1352930,Injury,Moderate Injury,2024,2024,March,Friday,22:00 - Midnight,NUWARRA,RD,0,Right on the spot,BRICKMAKERS,DR,MOOREBANK,7269.0,No,Not a school zone,T-junction,-33.941045,150.952565,Liverpool,Sydney metro. area,Syd-Newc-Woll Gtr conurbation,Straight,,,,On,Sealed,Dry,Fine,Darkness,On,No traffic controls,60 km/h,Regional,75,Off end of road,709,Off end cway or T junct,,Vehicle - Object,Car (sedan/hatch),,1,0,0,1,0,3,March,Autumn,Friday,22:00 - Midnight,Evening / night,False,False,True,True
1352931,Injury,Serious Injury,2024,2024,January,Thursday,22:00 - Midnight,OLD PRINCES,HWY,15,East,CALDARRA,AVE,ENGADINE,,No,Not a school zone,2-way undivided,-34.064385,151.015182,Sutherland,Sydney metro. area,Syd-Newc-Woll Gtr conurbation,Straight,,,,On,Sealed,Dry,Fine,Darkness,Nil,No traffic controls,50 km/h,Local,71,Off rd left => obj,703,Left off cway into object,,Other angle,4 wheel drive / SUV,Light truck utility(from 2018),3,0,1,0,0,1,January,Summer,Thursday,22:00 - Midnight,Evening / night,False,False,True,True
1352935,Injury,Moderate Injury,2024,2024,March,Thursday,16:00 - 17:59,COLLEGE,AVE,0,Right on the spot,URANA,ST,TURVEY PARK,,No,Not a school zone,T-junction,-35.126063,147.350511,Wagga Wagga,Country urban,Rest of NSW - Urban,Straight,,,,Off,Sealed,Dry,Fine,Daylight,Nil,No traffic controls,50 km/h,Local,32,Right rear,303,Same - Rear right,,Rear end,4 wheel drive / SUV,4 wheel drive / SUV,2,0,0,2,0,3,March,Autumn,Thursday,16:00 - 17:59,PM peak / evening commute,True,False,True,True
1352937,Injury,Serious Injury,2024,2024,April,Friday,04:00 - 05:59,AIRDS,RD,400,South,ROSE PAYTEN,DR,LEUMEAH,,No,Not a school zone,2-way undivided,-34.049234,150.830077,Campbelltown,Sydney metro. area,Syd-Newc-Woll Gtr conurbation,Straight,Painted double centre lines,,,Off,Sealed,Dry,Fine,Dawn,Nil,No traffic controls,60 km/h,Local,40,U turn,304,Same - U-turn,,Other angle,Car (sedan/hatch),Motorcycle,2,0,1,1,0,4,April,Autumn,Friday,04:00 - 05:59,Late night / early morning,False,False,True,True
1352938,Injury,Moderate Injury,2024,2024,March,Thursday,20:00 - 21:59,BRINDABELLA,DR,0,Right on the spot,HORNINGSEA PARK,DR,HORNINGSEA PARK,,No,Not a school zone,Roundabout,-33.949592,150.845478,Liverpool,Sydney metro. area,Syd-Newc-Woll Gtr conurbation,Curved,,,,On,Unsealed,Wet,Other,Darkness,Nil,Give way sign,50 km/h,Local,10,Cross traffic,101,Adj - Cross traffic,,Right angle,Car (sedan/hatch),Pedal cycle,2,0,0,1,0,3,March,Autumn,Thursday,20:00 - 21:59,Evening / night,False,False,True,True
1352943,Injury,Moderate Injury,2024,2024,February,Thursday,20:00 - 21:59,WINBOURNE,RD,60,West,MITCHELL,RD,BROOKVALE,7346.0,No,Not a school zone,2-way undivided,-33.762243,151.274047,Northern Beaches,Sydney metro. area,Syd-Newc-Woll Gtr conurbation,Straight,Driveway/entrance,,,On,Sealed,Dry,Fine,Darkness,Nil,No traffic controls,60 km/h,Regional,21,Right through,202,Opp - Right-thru,,Other angle,Light truck utility(from 2018),Motor scooter,2,0,0,1,0,2,February,Summer,Thursday,20:00 - 21:59,Evening / night,False,False,True,True
1352946,Injury,Moderate Injury,2024,2024,April,Saturday,10:00 - 11:59,MARRICKVILLE,RD,20,East,FRAMPTON,AVE,MARRICKVILLE,2021.0,No,Not a school zone,2-way undivided,-33.911847,151.159141,Inner West,Sydney metro. area,Syd-Newc-Woll Gtr conurbation,Straight,,,,Off,Sealed,Dry,Fine,Daylight,Nil,Ped crossing,40 km/h,Regional,0,Ped nearside,1,Ped - Near side,,Vehicle - Pedestrian,Car (sedan/hatch),Pedestrian,2,0,0,1,0,4,April,Autumn,Saturday,10:00 - 11:59,Midday / afternoon,False,False,True,True
1352949,Injury,Serious Injury,2024,2024,April,Monday,18:00 - 19:59,SOUTHERN,EXP,0,Right on the spot,KANAHOOKA,RD,KANAHOOKA,6006.0,No,Not a school zone,T-junction,-34.48812,150.809057,Wollongong,Wollongong met. area,Syd-Newc-Woll Gtr conurbation,Straight,Embankment/cutting,,,On,Sealed,Dry,Fine,Darkness,On,No traffic controls,60 km/h,State,75,Off end of road,709,Off end cway or T junct,,Vehicle - Object,Car (sedan/hatch),,1,0,1,0,0,4,April,Autumn,Monday,18:00 - 19:59,PM peak / evening commute,True,False,True,True
1352954,Injury,Moderate Injury,2024,2024,April,Thursday,14:00 - 15:59,PITT,ST,0,Right on the spot,MERRYLANDS MEDICAL CENTRE,ENT,MERRYLANDS,2098.0,No,Not a school zone,Divided road,-33.83326,150.992342,Cumberland,Sydney metro. area,Syd-Newc-Woll Gtr conurbation,Straight,Driveway/entrance,,,Nil,Sealed,Dry,Fine,Daylight,Nil,No traffic controls,60 km/h,Regional,7,Driveway,7,Ped - driveway,,Vehicle - Pedestrian,Car (sedan/hatch),Pedestrian,2,0,0,1,0,4,April,Autumn,Thursday,14:00 - 15:59,Midday / afternoon,False,False,True,True
1352956,Injury,Serious Injury,2024,2024,March,Tuesday,06:00 - 07:59,COVE,BVD,40,West,BRINDABELLA,DR,SHELL COVE,,No,Not a school zone,Divided road,-34.589424,150.856041,Shellharbour,Wollongong met. area,Syd-Newc-Woll Gtr conurbation,Straight,,,,On,Sealed,Dry,Fine,Dawn,Nil,No traffic controls,50 km/h,Local,35,Lane change left,307,Same - Lane change left,,Other angle,Light truck utility(from 2018),Pedal cycle,2,0,1,0,0,3,March,Autumn,Tuesday,06:00 - 07:59,AM peak / school commute,True,False,True,True
1352960,Injury,Serious Injury,2024,2024,April,Wednesday,10:00 - 11:59,RAYMOND TERRACE,RD,500,East,METFORD,RD,EAST MAITLAND,104.0,No,Not a school zone,2-way undivided,-32.758121,151.611791,Maitland,Country urban,Rest of NSW - Urban,Straight,Painted double centre lines,,,Off,Sealed,Dry,Fine,Daylight,Nil,No traffic controls,80 km/h,State,20,Head on,201,Opp - Head on,,Head-on,Car (sedan/hatch),Car (sedan/hatch),2,0,1,2,0,4,April,Autumn,Wednesday,10:00 - 11:59,Midday / afternoon,False,False,True,True
1352961,Injury,Serious Injury,2024,2024,April,Saturday,14:00 - 15:59,GREAT WESTERN,HWY,50,West,STUART,AVE,SPRINGWOOD,5.0,No,Not a school zone,Divided road,-33.699028,150.561932,Blue Mountains,Country urban,Syd-Newc-Woll Gtr conurbation,Curved,,,,Off,Sealed,Dry,Fine,Daylight,Nil,No traffic controls,80 km/h,State,34,Lane change right,306,Same - Lane change right,,Other angle,Light truck utility(from 2018),4 wheel drive / SUV,3,0,1,1,0,4,April,Autumn,Saturday,14:00 - 15:59,Midday / afternoon,False,False,True,True
1352962,Injury,Serious Injury,2024,2024,April,Wednesday,12:00 - 13:59,GREENFIELD,PDE,105,West,RESTWELL,ST,BANKSTOWN,,No,Not a school zone,2-way undivided,-33.919376,151.033831,Canterbury-Bankstown,Sydney metro. area,Syd-Newc-Woll Gtr conurbation,Straight,,,,Off,Sealed,Dry,Fine,Daylight,Nil,Ped crossing,40 km/h,Local,90,Fell in/from vehicle,901,Fell in/from vehicle,,Person - Object,Car (sedan/hatch),,1,0,1,0,0,4,April,Autumn,Wednesday,12:00 - 13:59,Midday / afternoon,False,False,True,True
1352963,Injury,Moderate Injury,2024,2024,April,Monday,14:00 - 15:59,OXLEY,HWY,0,Right on the spot,JOHN OXLEY,DR,PORT MACQUARIE,11.0,No,Not a school zone,Roundabout,-31.459661,152.859481,Port Macquarie-Hastings,Country urban,Rest of NSW - Urban,Straight,,,,Nil,Sealed,Dry,Fine,Daylight,Nil,Give way sign,60 km/h,State,10,Cross traffic,101,Adj - Cross traffic,,Right angle,Car (sedan/hatch),Motor scooter,2,0,0,1,0,4,April,Autumn,Monday,14:00 - 15:59,Midday / afternoon,False,False,True,True
1352965,Injury,Moderate Injury,2024,2024,April,Saturday,10:00 - 11:59,WESTERN,DSTR,0,Right on the spot,PYRMONT BRIDGE,RD,PYRMONT,165.0,No,Not a school zone,X-intersection,-33.872589,151.193794,Sydney,Sydney metro. area,Syd-Newc-Woll Gtr conurbation,Straight,Underpass/tunnel,,,Off,Sealed,Dry,Fine,Daylight,On,No traffic controls,60 km/h,State,10,Cross traffic,101,Adj - Cross traffic,,Right angle,4 wheel drive / SUV,Car (sedan/hatch),2,0,0,1,0,4,April,Autumn,Saturday,10:00 - 11:59,Midday / afternoon,False,False,True,True
1352966,Injury,Serious Injury,2024,2024,April,Friday,16:00 - 17:59,BELMORE,ST,0,Right on the spot,MATHEWS,ST,WEST TAMWORTH,,No,Not a school zone,X-intersection,-31.099784,150.918935,Tamworth Regional,Country urban,Rest of NSW - Urban,Straight,,,,Off,Sealed,Dry,Fine,Daylight,Nil,Give way sign,50 km/h,Local,10,Cross traffic,101,Adj - Cross traffic,,Right angle,Car (sedan/hatch),Light truck utility(from 2018),2,0,1,0,0,4,April,Autumn,Friday,16:00 - 17:59,PM peak / evening commute,True,False,True,True
1352967,Injury,Serious Injury,2024,2024,April,Tuesday,08:00 - 09:59,SALAMANDER,WAY,800,South,PORT STEPHENS,DR,SALAMANDER BAY,,No,Not a school zone,2-way undivided,-32.738856,152.091371,Port Stephens,Country urban,Rest of NSW - Urban,Straight,,,,Off,Sealed,Dry,Fine,Daylight,Nil,No traffic controls,50 km/h,Local,20,Head on,201,Opp - Head on,,Head-on,4 wheel drive / SUV,Light truck utility(from 2018),2,0,1,0,0,4,April,Autumn,Tuesday,08:00 - 09:59,AM peak / school commute,True,False,True,True
1352968,Injury,Serious Injury,2024,2024,April,Wednesday,16:00 - 17:59,PRINCES,HWY,440,South,JERVIS BAY,RD,FALLS CREEK,1.0,No,Not a school zone,2-way undivided,-34.987054,150.586316,Shoalhaven,Country urban,Rest of NSW - Urban,Curved,Driveway/entrance,,,Off,Sealed,Unknown,Unknown,Daylight,Nil,No traffic controls,80 km/h,State,32,Right rear,303,Same - Rear right,,Rear end,Light truck utility(from 2018),Car (sedan/hatch),3,0,1,1,0,4,April,Autumn,Wednesday,16:00 - 17:59,PM peak / evening commute,True,False,True,True
1352969,Injury,Serious Injury,2024,2024,April,Saturday,10:00 - 11:59,RACECOURSE,RD,100,North,CANOBOLAS,RD,ORANGE,,No,Not a school zone,2-way undivided,-33.295853,149.074999,Orange,Country urban,Rest of NSW - Urban,Straight,,,,Nil,Sealed,Dry,Overcast,Daylight,Nil,No traffic controls,50 km/h,Local,30,Rear end,301,Same - Rear end,,Rear end,Car (sedan/hatch),Pedal cycle,2,0,1,0,0,4,April,Autumn,Saturday,10:00 - 11:59,Midday / afternoon,False,False,True,True
1352970,Injury,Moderate Injury,2024,2024,April,Tuesday,08:00 - 09:59,WASHPOOL,RD,0,Right on the spot,ST ANDREWS CHRISTON SCHOOL,ENT,CLARENZA,,Yes,No,2-way undivided,-29.697467,152.975031,Clarence Valley,Country urban,Rest of NSW - Urban,Straight,Driveway/entrance,,,Off,Sealed,Dry,Fine,Daylight,Nil,No traffic controls,80 km/h,Local,83,Off rt/rt bnd=>obj,707,Right turn,Right,Vehicle - Object,4 wheel drive / SUV,,1,0,0,1,0,4,April,Autumn,Tuesday,08:00 - 09:59,AM peak / school commute,True,False,True,True
1352971,Injury,Serious Injury,2024,2024,April,Tuesday,12:00 - 13:59,CLAREMONT,ST,25,West,BEAMISH,ST,CAMPSIE,,No,Not a school zone,2-way undivided,-33.914228,151.103886,Canterbury-Bankstown,Sydney metro. area,Syd-Newc-Woll Gtr conurbation,Straight,,,,Nil,Sealed,Dry,Fine,Daylight,Nil,No traffic controls,40 km/h,Local,6,Ped on footpath,8,Ped - On footway/median,,Vehicle - Pedestrian,4 wheel drive / SUV,Pedestrian,3,0,2,0,0,4,April,Autumn,Tuesday,12:00 - 13:59,Midday / afternoon,False,False,True,True
1352972,Injury,Serious Injury,2024,2024,April,Tuesday,14:00 - 15:59,BONG BONG,ST,50,North,WINGECARRIBEE,ST,BOWRAL,260.0,No,Not a school zone,2-way undivided,-34.478335,150.417972,Wingecarribee,Country urban,Rest of NSW - Urban,Straight,,,,Off,Sealed,Dry,Fine,Daylight,Nil,No traffic controls,50 km/h,State,0,Ped nearside,1,Ped - Near side,,Vehicle - Pedestrian,Semi-trailer,Pedestrian,2,0,1,1,0,4,April,Autumn,Tuesday,14:00 - 15:59,Midday / afternoon,False,False,True,True
1352974,Injury,Serious Injury,2024,2024,March,Friday,22:00 - Midnight,BARRENJOEY,RD,0,Right on the spot,OLD BARRENJOEY,RD,AVALON BEACH,164.0,No,Not a school zone,Roundabout,-33.642549,151.328062,Northern Beaches,Sydney metro. area,Syd-Newc-Woll Gtr conurbation,Straight,Steep grade,,,On,Sealed,Dry,Fine,Darkness,Nil,Give way sign,60 km/h,State,73,Off rd rght => obj,704,Right off cway into obj,,Vehicle - Object,Motorcycle,,1,0,1,0,0,3,March,Autumn,Friday,22:00 - Midnight,Evening / night,False,False,True,True
1352978,Injury,Serious Injury,2024,2024,April,Monday,22:00 - Midnight,RIVERINA,HWY,250,East,GRIFFITH,DR,SPLITTERS CREEK,20.0,No,Not a school zone,2-way undivided,-36.06557,146.847427,Albury,Country urban,Rest of NSW - Urban,Curved,Embankment/cutting,,,Off,Sealed,Dry,Fine,Darkness,Nil,No traffic controls,80 km/h,State,87,Off lft/lft bnd=>obj,804,Off left bend into obj,Left,Vehicle - Object,Car (sedan/hatch),,1,0,1,0,0,4,April,Autumn,Monday,22:00 - Midnight,Evening / night,False,False,True,True
1352979,Injury,Moderate Injury,2024,2024,May,Friday,12:00 - 13:59,HILL,ST,0,Right on the spot,PINE,ST,THE ROCK,,No,Not a school zone,T-junction,-35.275533,147.111294,Lockhart,Country urban,Rest of NSW - Urban,Straight,,,,Nil,Sealed,Dry,Fine,Daylight,Nil,No traffic controls,50 km/h,Local,41,U turn into object,409,Manov - U-turn into fixed obje,,Vehicle - Object,4 wheel drive / SUV,,1,0,0,1,0,5,May,Autumn,Friday,12:00 - 13:59,Midday / afternoon,False,False,True,True
1352981,Injury,Minor/Other Injury,2024,2024,March,Tuesday,16:00 - 17:59,HUME,HWY,20,West,QUEEN,ST,ASHFIELD,2.0,Yes,No,Divided road,-33.890238,151.128003,Inner West,Sydney metro. area,Syd-Newc-Woll Gtr conurbation,Curved,,Previous crash,,Off,Sealed,Dry,Fine,Daylight,Nil,No traffic controls,60 km/h,State,3,Ped on carriageway,4,Ped - On carriageway,,Vehicle - Pedestrian,4 wheel drive / SUV,Pedestrian,2,0,0,0,1,3,March,Autumn,Tuesday,16:00 - 17:59,PM peak / evening commute,True,False,True,True
1352982,Injury,Moderate Injury,2024,2024,April,Saturday,16:00 - 17:59,MERRIN,CL,0,Right on the spot,WOODLAND,RD,ST HELENS PARK,,No,Not a school zone,T-junction,-34.097703,150.812985,Campbelltown,Sydney metro. area,Syd-Newc-Woll Gtr conurbation,Straight,,,,Nil,Sealed,Dry,Fine,Dusk,Nil,Give way sign,60 km/h,Local,11,Right far,102,Adj - Right-thru from left,,Right angle,Car (sedan/hatch),Motorcycle,2,0,0,1,0,4,April,Autumn,Saturday,16:00 - 17:59,PM peak / evening commute,True,False,True,True
1352983,Injury,Serious Injury,2024,2024,March,Saturday,12:00 - 13:59,STATION,RD,0,Right on the spot,7-ELEVEN SERVICE STATION,ENT,SEVEN HILLS,7152.0,No,Not a school zone,2-way undivided,-33.769015,150.943126,Blacktown,Sydney metro. area,Syd-Newc-Woll Gtr conurbation,Straight,Driveway/entrance,,,Off,Sealed,Dry,Fine,Daylight,Nil,No traffic controls,60 km/h,Regional,71,Off rd left => obj,703,Left off cway into object,,Other angle,Car (sedan/hatch),Car (sedan/hatch),2,0,1,0,0,3,March,Autumn,Saturday,12:00 - 13:59,Midday / afternoon,False,False,True,True
1352986,Injury,Serious Injury,2024,2024,May,Friday,06:00 - 07:59,FOREST,RD,200,North,CHARCOAL,RD,COMBERTON,,No,Not a school zone,2-way undivided,-34.968155,150.649996,Shoalhaven,Country non-urban,Rest of NSW - Rural,Curved,Steep grade,,,Nil,Sealed,Wet,Overcast,Daylight,Nil,No traffic controls,90 km/h,Local,83,Off rt/rt bnd=>obj,803,Off right bend into obj,Right,Vehicle - Object,4 wheel drive / SUV,,1,0,1,1,0,5,May,Autumn,Friday,06:00 - 07:59,AM peak / school commute,True,False,True,True
1352987,Injury,Minor/Other Injury,2024,2024,May,Friday,16:00 - 17:59,HUME,HWY,0,Right on the spot,BOX,RD,CASULA,2.0,No,Not a school zone,T-junction,-33.957302,150.889076,Liverpool,Sydney metro. area,Syd-Newc-Woll Gtr conurbation,Curved,,,,On,Sealed,Wet,Raining,Dusk,Nil,No traffic controls,70 km/h,State,32,Right rear,303,Same - Rear right,,Rear end,4 wheel drive / SUV,Car (sedan/hatch),2,0,0,0,1,5,May,Autumn,Friday,16:00 - 17:59,PM peak / evening commute,True,False,True,True
1352989,Injury,Serious Injury,2024,2024,May,Tuesday,06:00 - 07:59,ARMIDALE,RD,2900,East,WILLAWARRIN,TN,WILLAWARRIN,75.0,No,Not a school zone,2-way undivided,-30.94757,152.645538,Kempsey,Country non-urban,Rest of NSW - Rural,Curved,,,,Nil,Sealed,Wet,Raining,Daylight,Nil,No traffic controls,100 km/h,Regional,83,Off rt/rt bnd=>obj,803,Off right bend into obj,Right,Vehicle - Object,Car (sedan/hatch),,1,0,1,0,0,5,May,Autumn,Tuesday,06:00 - 07:59,AM peak / school commute,True,False,True,True
1352990,Injury,Moderate Injury,2024,2024,May,Thursday,00:01 - 01:59,VICTORIA,RD,100,East,SMITH,ST,MARRICKVILLE,2021.0,No,Not a school zone,2-way undivided,-33.905653,151.166776,Inner West,Sydney metro. area,Syd-Newc-Woll Gtr conurbation,Straight,,,,Nil,Sealed,Wet,Raining,Darkness,Nil,No traffic controls,60 km/h,Regional,71,Off rd left => obj,703,Left off cway into object,,Vehicle - Object,Car (sedan/hatch),,1,0,0,1,0,5,May,Autumn,Thursday,00:01 - 01:59,Late night / early morning,False,False,True,True
1352992,Injury,Moderate Injury,2024,2024,May,Wednesday,18:00 - 19:59,DUKE,ST,50,North,ABRAHAM,ST,ROOTY HILL,537.0,Yes,No,2-way undivided,-33.759375,150.830571,Blacktown,Sydney metro. area,Syd-Newc-Woll Gtr conurbation,Straight,,,,On,Sealed,Wet,Raining,Darkness,Nil,Ped crossing,60 km/h,State,2,Ped far side,3,Ped - Far side,,Vehicle - Pedestrian,4 wheel drive / SUV,Pedestrian,2,0,0,1,0,5,May,Autumn,Wednesday,18:00 - 19:59,PM peak / evening commute,True,False,True,True
1352993,Injury,Minor/Other Injury,2024,2024,April,Sunday,16:00 - 17:59,DOWLAND,ST,0,Right on the spot,HANDEL,ST,BONNYRIGG HEIGHTS,,No,Not a school zone,T-junction,-33.892965,150.869394,Fairfield,Sydney metro. area,Syd-Newc-Woll Gtr conurbation,Straight,,,,Nil,Sealed,Dry,Fine,Daylight,Nil,Give way sign,50 km/h,Local,10,Cross traffic,101,Adj - Cross traffic,,Right angle,Pedal cycle,Car (sedan/hatch),2,0,0,0,1,4,April,Autumn,Sunday,16:00 - 17:59,PM peak / evening commute,True,False,True,True
1352998,Injury,Moderate Injury,2024,2024,April,Thursday,18:00 - 19:59,HAWKSVIEW,ST,0,Right on the spot,O'NEILL,ST,GUILDFORD,7253.0,No,Not a school zone,T-junction,-33.846885,150.985447,Cumberland,Sydney metro. area,Syd-Newc-Woll Gtr conurbation,Straight,Steep grade,,,On,Sealed,Dry,Fine,Darkness,Nil,No traffic controls,50 km/h,Regional,13,Right near,104,Adj - Right-thru from right,,Right angle,Car (sedan/hatch),Motorcycle,2,0,0,1,0,4,April,Autumn,Thursday,18:00 - 19:59,PM peak / evening commute,True,False,True,True
1353000,Injury,Serious Injury,2024,2024,April,Friday,22:00 - Midnight,MALSBURY,RD,0,Right on the spot,NUMBER 46,HN,NORMANHURST,7243.0,No,Not a school zone,2-way undivided,-33.716835,151.099481,Hornsby,Sydney metro. area,Syd-Newc-Woll Gtr conurbation,Curved,,,,On,Sealed,Wet,Raining,Darkness,Nil,No traffic controls,60 km/h,Regional,20,Head on,201,Opp - Head on,,Head-on,Car (sedan/hatch),Car (sedan/hatch),2,0,1,0,0,4,April,Autumn,Friday,22:00 - Midnight,Evening / night,False,False,True,True
1353005,Injury,Serious Injury,2024,2024,May,Thursday,14:00 - 15:59,KINDEE,RD,0,Right on the spot,PIPECLAY,RD,KINDEE,,No,Not a school zone,T-junction,-31.404856,152.455131,Port Macquarie-Hastings,Country urban,Rest of NSW - Urban,Straight,,,,Nil,Sealed,Wet,Raining,Daylight,Nil,No traffic controls,50 km/h,Local,40,U turn,304,Same - U-turn,,Other angle,Motorcycle,Motorcycle,2,0,1,1,0,5,May,Autumn,Thursday,14:00 - 15:59,Midday / afternoon,False,False,True,True
1353011,Injury,Serious Injury,2024,2024,April,Wednesday,12:00 - 13:59,NELSON BAY,RD,0,Right on the spot,MORROOK CULTURE CENTRE,ENT,WILLIAMTOWN,108.0,No,Not a school zone,2-way undivided,-32.80695,151.866899,Port Stephens,Country urban,Rest of NSW - Urban,Straight,Driveway/entrance,,,Off,Sealed,Dry,Fine,Daylight,Nil,No traffic controls,80 km/h,State,47,Emerging from drive,406,Manov - Emerging from driveway,,Right angle,4 wheel drive / SUV,4 wheel drive / SUV,2,0,1,2,0,4,April,Autumn,Wednesday,12:00 - 13:59,Midday / afternoon,False,False,True,True