crash_id,degree_of_crash,degree_of_crash_-_detailed,reporting_year,year_of_crash,month_of_crash,day_of_week_of_crash,two-hour_intervals,street_of_crash,street_type,distance,direction,identifying_feature,identifying_feature_type,town,route_no.,school_zone_location,school_zone_active,type_of_location,latitude,longitude,lga,urbanisation,conurbation_1,alignment,primary_permanent_feature,primary_temporary_feature,primary_hazardous_feature,street_lighting,road_surface,surface_condition,weather,natural_lighting,signals_operation,other_traffic_control,speed_limit,road_classification_(admin),rum_-_code,rum_-_description,dca_-_code,dca_-_description,dca_supplement,first_impact_type,key_tu_type,other_tu_type,no._of_traffic_units_involved,no._killed,no._seriously_injured,no._moderately_injured,no._minor-other_injured,month_num,month_label,season,day_label,time_label,time_band,is_peak_commute,is_fatal,is_injury,is_casualty
1353019,Injury,Moderate Injury,2024,2024,May,Friday,12:00 - 13:59,LAMAN,ST,100,East,UNION,ST,COOKS HILL,,Yes,No,2-way undivided,-32.929537,151.767824,Newcastle,Newcastle met. area,Syd-Newc-Woll Gtr conurbation,Straight,,,,Nil,Sealed,Dry,Fine,Daylight,Nil,No traffic controls,40 km/h,Local,71,Off rd left => obj,703,Left off cway into object,,Other angle,Utility,Station wagon,5,0,0,1,0,5,May,Autumn,Friday,12:00 - 13:59,Midday / afternoon,False,False,True,True
1353020,Injury,Moderate Injury,2024,2024,May,Saturday,04:00 - 05:59,PRINCES,HWY,0,Right on the spot,GIBSONS,RD,FIGTREE,1.0,No,Not a school zone,Roundabout,-34.439988,150.856379,Wollongong,Wollongong met. area,Syd-Newc-Woll Gtr conurbation,Straight,,,,On,Sealed,Wet,Raining,Darkness,Nil,Give way sign,60 km/h,State,73,Off rd rght => obj,704,Right off cway into obj,,Vehicle - Object,Car (sedan/hatch),,1,0,0,1,0,5,May,Autumn,Saturday,04:00 - 05:59,Late night / early morning,False,False,True,True
1353024,Injury,Moderate Injury,2024,2024,May,Tuesday,08:00 - 09:59,ARARAT,CL,0,Right on the spot,GLEN LOGAN,RD,BOSSLEY PARK,,No,Not a school zone,T-junction,-33.862971,150.873691,Fairfield,Sydney metro. area,Syd-Newc-Woll Gtr conurbation,Curved,,,,Off,Sealed,Dry,Fine,Daylight,Nil,No traffic controls,50 km/h,Local,40,U turn,207,Opp - U-turn,,Other angle,Car (sedan/hatch),Car (sedan/hatch),2,0,0,1,0,5,May,Autumn,Tuesday,08:00 - 09:59,AM peak / school commute,True,False,True,True
1353025,Injury,Serious Injury,2024,2024,May,Saturday,22:00 - Midnight,BLAXCELL,ST,0,Right on the spot,CELIA,ST,GRANVILLE,,No,Not a school zone,T-junction,-33.842799,151.010273,Cumberland,Sydney metro. area,Syd-Newc-Woll Gtr conurbation,Straight,,,,On,Sealed,Wet,Raining,Darkness,Nil,No traffic controls,50 km/h,Local,12,Left far,103,Adj - Left-thru from left,,Right angle,Car (sedan/hatch),Unknown motor vehicle,2,0,1,0,0,5,May,Autumn,Saturday,22:00 - Midnight,Evening / night,False,False,True,True
1353026,Injury,Moderate Injury,2024,2024,May,Saturday,12:00 - 13:59,FARRELL,RD,0,Right on the spot,TELOPEA,WAY,ORANGE,,No,Not a school zone,T-junction,-33.254323,149.101878,Orange,Country urban,Rest of NSW - Urban,Straight,,,,Off,Sealed,Dry,Fine,Daylight,On,No traffic controls,50 km/h,Local,72,Off road to right,702,Off carriageway to right,,Rollover,Car (sedan/hatch),,1,0,0,1,0,5,May,Autumn,Saturday,12:00 - 13:59,Midday / afternoon,False,False,True,True
1353027,Injury,Serious Injury,2024,2024,May,Tuesday,14:00 - 15:59,THUNDERBOLTS,WAY,500,North,CRAVEN CREEK,RD,ROOKHURST,7719.0,No,Not a school zone,2-way undivided,-31.901418,151.878811,Mid-Coast,Country non-urban,Rest of NSW - Rural,Curved,Painted double centre lines,,,Nil,Sealed,Dry,Fine,Daylight,Nil,No traffic controls,90 km/h,Regional,85,Off rt/lft bnd=>obj,804,Off left bend into obj,Right,Vehicle - Object,Motorcycle,,1,0,1,0,0,5,May,Autumn,Tuesday,14:00 - 15:59,Midday / afternoon,False,False,True,True
1353030,Injury,Moderate Injury,2024,2024,May,Thursday,08:00 - 09:59,GOLDFIELDS,WAY,0,Right on the spot,OLD JUNEE,RD,OLD JUNEE,57.0,No,Not a school zone,X-intersection,-34.826617,147.526623,Junee,Country urban,Rest of NSW - Urban,Straight,Painted double centre lines,,,Nil,Sealed,Dry,Fine,Daylight,Nil,Stop sign,80 km/h,State,53,Overtake turning,506,Ovtak - Overtaking right turn,,Other angle,Large rigid,4 wheel drive / SUV,2,0,0,1,0,5,May,Autumn,Thursday,08:00 - 09:59,AM peak / school commute,True,False,True,True
1353031,Injury,Moderate Injury,2024,2024,May,Wednesday,06:00 - 07:59,SYDNEY,RD,20,West,EUSTACE,ST,MANLY,159.0,No,Not a school zone,2-way undivided,-33.796644,151.28359,Northern Beaches,Sydney metro. area,Syd-Newc-Woll Gtr conurbation,Straight,Painted double centre lines,,,On,Sealed,Dry,Fine,Dawn,Nil,No traffic controls,60 km/h,State,42,Leaving parking,401,Manov - Leaving parking,,Other angle,4 wheel drive / SUV,Motorcycle,2,0,0,1,0,5,May,Autumn,Wednesday,06:00 - 07:59,AM peak / school commute,True,False,True,True
1353033,Injury,Serious Injury,2024,2024,February,Sunday,08:00 - 09:59,BRONTE,RD,20,East,NELSON,AVE,BRONTE,7332.0,No,Not a school zone,2-way undivided,-33.904494,151.266428,Waverley,Sydney metro. area,Syd-Newc-Woll Gtr conurbation,Curved,Driveway/entrance,,,Off,Sealed,Dry,Fine,Daylight,Nil,No traffic controls,50 km/h,Regional,31,Left rear,302,Same - Rear left,,Rear end,Pedal cycle,Large rigid,2,0,1,0,0,2,February,Summer,Sunday,08:00 - 09:59,AM peak / school commute,True,False,True,True
1353036,Injury,Moderate Injury,2024,2024,May,Monday,08:00 - 09:59,NEWCASTLE,EXP,4000,North,MANDALONG ROAD,OP,COORANBONG,6003.0,No,Not a school zone,Dual freeway,-33.085908,151.473126,Lake Macquarie,Newcastle met. area,Syd-Newc-Woll Gtr conurbation,Straight,,,,Off,Sealed,Wet,Raining,Daylight,Nil,No traffic controls,110 km/h,State,73,Off rd rght => obj,704,Right off cway into obj,,Vehicle - Object,Large rigid,,1,0,0,1,0,5,May,Autumn,Monday,08:00 - 09:59,AM peak / school commute,True,False,True,True
1353039,Injury,Serious Injury,2024,2024,May,Monday,08:00 - 09:59,HEADLAM,PDE,0,Right on the spot,NUMBER 21,HN,SPRINGFIELD,,No,Not a school zone,2-way undivided,-33.430751,151.365118,Central Coast,Country urban,Syd-Newc-Woll Gtr conurbation,Curved,,,,Off,Sealed,Dry,Fine,Daylight,Nil,No traffic controls,50 km/h,Local,4,Ped walk with,5,Ped - Walking with traffic,,Vehicle - Pedestrian,Light truck,Pedestrian,2,0,1,0,0,5,May,Autumn,Monday,08:00 - 09:59,AM peak / school commute,True,False,True,True
1353042,Injury,Serious Injury,2024,2024,April,Wednesday,06:00 - 07:59,RIVERINA,HWY,0,Right on the spot,ELIZABETH MITCHELL,DR,THURGOONA,20.0,No,Not a school zone,T-junction,-36.067432,146.976095,Albury,Country urban,Rest of NSW - Urban,Curved,,,,Off,Sealed,Dry,Fine,Daylight,Nil,Give way sign,80 km/h,State,30,Rear end,301,Same - Rear end,,Rear end,Pedal cycle,Pedal cycle,2,0,1,0,0,4,April,Autumn,Wednesday,06:00 - 07:59,AM peak / school commute,True,False,True,True
1353044,Injury,Moderate Injury,2024,2024,May,Tuesday,10:00 - 11:59,HUNTER,ST,0,Right on the spot,MAGELLAN,ST,LISMORE,,Yes,No,Roundabout,-28.813555,153.289681,Lismore,Country urban,Rest of NSW - Urban,Straight,,,,Off,Sealed,Dry,Fine,Daylight,Nil,Give way sign,60 km/h,Local,10,Cross traffic,101,Adj - Cross traffic,,Right angle,4 wheel drive / SUV,Pedal cycle,2,0,0,1,0,5,May,Autumn,Tuesday,10:00 - 11:59,Midday / afternoon,False,False,True,True
1353050,Injury,Moderate Injury,2024,2024,May,Tuesday,06:00 - 07:59,TWEED COAST,RD,0,Right on the spot,GRAND,PDE,CASUARINA,450.0,No,Not a school zone,T-junction,-28.296741,153.569395,Tweed,Country urban,Rest of NSW - Urban,Curved,,,,Off,Sealed,Dry,Fine,Daylight,On,No traffic controls,60 km/h,Regional,21,Right through,202,Opp - Right-thru,,Other angle,Car (sedan/hatch),Light truck,3,0,0,1,0,5,May,Autumn,Tuesday,06:00 - 07:59,AM peak / school commute,True,False,True,True
1353051,Injury,Moderate Injury,2024,2024,April,Monday,06:00 - 07:59,CANTERBURY,DR,50,East,LINCOLN,CL,MORPETH,,No,Not a school zone,2-way undivided,-32.73271,151.622053,Maitland,Country urban,Rest of NSW - Urban,Curved,,,,Off,Sealed,Dry,Fine,Dawn,Nil,No traffic controls,50 km/h,Local,87,Off lft/lft bnd=>obj,804,Off left bend into obj,Left,Other angle,Car (sedan/hatch),Utility,2,0,0,1,0,4,April,Autumn,Monday,06:00 - 07:59,AM peak / school commute,True,False,True,True
1353057,Injury,Moderate Injury,2024,2024,May,Tuesday,16:00 - 17:59,BARTLETTS,RD,500,East,SAUNDERS,LANE,EVIRON,,No,Not a school zone,2-way undivided,-28.291525,153.486408,Tweed,Country urban,Rest of NSW - Urban,Straight,,,,Nil,Sealed,Dry,Fine,Daylight,Nil,No traffic controls,80 km/h,Local,71,Off rd left => obj,703,Left off cway into object,,Vehicle - Object,Passenger van,,1,0,0,1,0,5,May,Autumn,Tuesday,16:00 - 17:59,PM peak / evening commute,True,False,True,True
1353058,Injury,Moderate Injury,2024,2024,April,Sunday,16:00 - 17:59,MEMORIAL,DR,20,North,PRINCES HIGHWAY,TO,NORTH WOLLONGONG,626.0,No,Not a school zone,Divided road,-34.409549,150.889264,Wollongong,Wollongong met. area,Syd-Newc-Woll Gtr conurbation,Curved,,,,Off,Sealed,Dry,Fine,Daylight,Nil,No traffic controls,80 km/h,State,35,Lane change left,307,Same - Lane change left,,Other angle,Car (sedan/hatch),Car (sedan/hatch),2,0,0,1,0,4,April,Autumn,Sunday,16:00 - 17:59,PM peak / evening commute,True,False,True,True
1353064,Injury,Serious Injury,2024,2024,May,Friday,08:00 - 09:59,SEVEN HILLS,RD,40,South,WINDSOR,RD,BAULKHAM HILLS,2104.0,No,Not a school zone,Divided road,-33.762201,150.992512,The Hills,Sydney metro. area,Syd-Newc-Woll Gtr conurbation,Curved,,,,Off,Sealed,Dry,Fine,Daylight,Nil,No traffic controls,60 km/h,Regional,0,Ped nearside,1,Ped - Near side,,Vehicle - Pedestrian,Light truck utility(from 2018),Pedestrian,2,0,1,0,0,5,May,Autumn,Friday,08:00 - 09:59,AM peak / school commute,True,False,True,True
1353065,Injury,Serious Injury,2024,2024,May,Thursday,20:00 - 21:59,CASTLEREAGH,HWY,2000,South,RIVERLEA,RD,CUDGEGONG,18.0,No,Not a school zone,2-way undivided,-32.708345,149.727955,Mid-Western Regional,Country non-urban,Rest of NSW - Rural,Straight,,,,Nil,Sealed,Dry,Fine,Darkness,Nil,No traffic controls,100 km/h,State,67,Struck animal,609,On path - Hit animal,,Vehicle - Animal,Motorcycle,,1,0,1,0,0,5,May,Autumn,Thursday,20:00 - 21:59,Evening / night,False,False,True,True
1353071,Injury,Minor/Other Injury,2024,2024,April,Friday,14:00 - 15:59,CUMBERLAND,HWY,30,West,DARTFORD,RD,NORMANHURST,13.0,No,Not a school zone,Divided road,-33.723527,151.090966,Hornsby,Sydney metro. area,Syd-Newc-Woll Gtr conurbation,Curved,Steep grade,,,Off,Sealed,Dry,Fine,Daylight,Nil,No traffic controls,70 km/h,State,35,Lane change left,307,Same - Lane change left,,Other angle,Semi-trailer,Car (sedan/hatch),2,0,0,0,1,4,April,Autumn,Friday,14:00 - 15:59,Midday / afternoon,False,False,True,True
1353073,Injury,Moderate Injury,2024,2024,May,Friday,08:00 - 09:59,VICTORIA,RD,0,Right on the spot,DAY,ST,DRUMMOYNE,165.0,No,Not a school zone,X-intersection,-33.855074,151.158278,Canada Bay,Sydney metro. area,Syd-Newc-Woll Gtr conurbation,Straight,,,,Off,Sealed,Wet,Overcast,Daylight,On,No traffic controls,60 km/h,State,73,Off rd rght => obj,704,Right off cway into obj,,Vehicle - Object,4 wheel drive / SUV,,1,0,0,1,0,5,May,Autumn,Friday,08:00 - 09:59,AM peak / school commute,True,False,True,True
1353074,Injury,Moderate Injury,2024,2024,May,Wednesday,10:00 - 11:59,MINORE,RD,50,East,BAIRD,DR,DUBBO,,No,Not a school zone,2-way undivided,-32.254833,148.577489,Dubbo Regional,Country urban,Rest of NSW - Urban,Straight,,,,Off,Sealed,Dry,Fine,Daylight,Nil,No traffic controls,60 km/h,Local,40,U turn,304,Same - U-turn,,Other angle,Car (sedan/hatch),Motorcycle,2,0,0,1,0,5,May,Autumn,Wednesday,10:00 - 11:59,Midday / afternoon,False,False,True,True
1353075,Injury,Serious Injury,2024,2024,March,Sunday,10:00 - 11:59,HUME,HWY,0,Right on the spot,COSGROVE,RD,STRATHFIELD SOUTH,2.0,No,Not a school zone,T-junction,-33.887499,151.073651,Strathfield,Sydney metro. area,Syd-Newc-Woll Gtr conurbation,Straight,,,,Nil,Sealed,Dry,Fine,Daylight,On,No traffic controls,60 km/h,State,21,Right through,202,Opp - Right-thru,,Other angle,Motor scooter,4 wheel drive / SUV,2,0,1,0,0,3,March,Autumn,Sunday,10:00 - 11:59,Midday / afternoon,False,False,True,True
1353076,Injury,Moderate Injury,2024,2024,March,Monday,14:00 - 15:59,HAWTHORNE,PDE,70,South,TRESSIDER,AVE,HABERFIELD,,No,Not a school zone,2-way undivided,-33.883763,151.144285,Inner West,Sydney metro. area,Syd-Newc-Woll Gtr conurbation,Straight,,,,Nil,Sealed,Dry,Fine,Daylight,Nil,No traffic controls,50 km/h,Local,42,Leaving parking,401,Manov - Leaving parking,,Other angle,Large rigid,Car (sedan/hatch),2,0,0,1,0,3,March,Autumn,Monday,14:00 - 15:59,Midday / afternoon,False,False,True,True
1353083,Injury,Minor/Other Injury,2024,2024,May,Wednesday,12:00 - 13:59,BYNYA,RD,0,Right on the spot,PACIFIC,RD,PALM BEACH,,No,Not a school zone,T-junction,-33.60291,151.328205,Northern Beaches,Sydney metro. area,Syd-Newc-Woll Gtr conurbation,Straight,Steep grade,,,Off,Sealed,Dry,Fine,Daylight,Nil,No traffic controls,50 km/h,Local,21,Right through,202,Opp - Right-thru,,Other angle,4 wheel drive / SUV,Car (sedan/hatch),2,0,0,0,2,5,May,Autumn,Wednesday,12:00 - 13:59,Midday / afternoon,False,False,True,True
1353088,Injury,Moderate Injury,2024,2024,May,Thursday,08:00 - 09:59,NORTH,ST,0,Right on the spot,NUMBER 19,HN,ORANGE,,No,Not a school zone,2-way undivided,-33.295553,149.108428,Orange,Country urban,Rest of NSW - Urban,Curved,,,,Nil,Sealed,Dry,Fine,Daylight,Nil,No traffic controls,50 km/h,Local,88,Out of cont on bend,805,Out of control on bend,,Rollover,Motorcycle,,1,0,0,1,0,5,May,Autumn,Thursday,08:00 - 09:59,AM peak / school commute,True,False,True,True
1353090,Injury,Serious Injury,2024,2024,May,Tuesday,12:00 - 13:59,JONES,ST,0,Right on the spot,SMITH,ST,WENTWORTHVILLE,,No,Not a school zone,Roundabout,-33.81046,150.959295,Cumberland,Sydney metro. area,Syd-Newc-Woll Gtr conurbation,Straight,,,,Off,Sealed,Unknown,Unknown,Daylight,Nil,Give way sign,50 km/h,Local,10,Cross traffic,101,Adj - Cross traffic,,Right angle,Car (sedan/hatch),4 wheel drive / SUV,2,0,1,0,0,5,May,Autumn,Tuesday,12:00 - 13:59,Midday / afternoon,False,False,True,True
1353092,Injury,Serious Injury,2024,2024,May,Monday,10:00 - 11:59,SAINSBURY,CL,0,Right on the spot,NUMBER 1,HN,TERRIGAL,,No,Not a school zone,2-way undivided,-33.441534,151.417516,Central Coast,Country urban,Syd-Newc-Woll Gtr conurbation,Straight,Driveway/entrance,,,Nil,Sealed,Wet,Overcast,Daylight,Nil,No traffic controls,50 km/h,Local,90,Fell in/from vehicle,901,Fell in/from vehicle,,Person - Object,4 wheel drive / SUV,,1,0,1,0,0,5,May,Autumn,Monday,10:00 - 11:59,Midday / afternoon,False,False,True,True
1353096,Injury,Minor/Other Injury,2024,2024,May,Friday,16:00 - 17:59,GREAT WESTERN,HWY,0,Right on the spot,JAMES RUSE,DR,CLYDE,5.0,No,Not a school zone,X-intersection,-33.833455,151.018618,Parramatta,Sydney metro. area,Syd-Newc-Woll Gtr conurbation,Straight,,,,Nil,Sealed,Dry,Fine,Daylight,On,No traffic controls,60 km/h,State,30,Rear end,301,Same - Rear end,,Rear end,Light truck utility(from 2018),Car (sedan/hatch),2,0,0,0,1,5,May,Autumn,Friday,16:00 - 17:59,PM peak / evening commute,True,False,True,True
1353098,Injury,Moderate Injury,2024,2024,May,Friday,14:00 - 15:59,HOXTON PARK,RD,0,Right on the spot,HILL,RD,LIVERPOOL,681.0,No,Not a school zone,T-junction,-33.92637,150.898756,Liverpool,Sydney metro. area,Syd-Newc-Woll Gtr conurbation,Straight,,,,Off,Sealed,Dry,Fine,Daylight,On,Ped crossing,70 km/h,State,0,Ped nearside,1,Ped - Near side,,Vehicle - Pedestrian,Car (sedan/hatch),Pedestrian,2,0,0,2,0,5,May,Autumn,Friday,14:00 - 15:59,Midday / afternoon,False,False,True,True
1353099,Injury,Moderate Injury,2024,2024,April,Sunday,16:00 - 17:59,MILITARY,RD,0,Right on the spot,BELMONT,RD,MOSMAN,164.0,No,Not a school zone,T-junction,-33.826977,151.231784,Mosman,Sydney metro. area,Syd-Newc-Woll Gtr conurbation,Straight,,,,On,Sealed,Dry,Fine,Daylight,On,No traffic controls,60 km/h,State,33,Lane sideswipe,305,Same - Lane side swipe,,Other angle,4 wheel drive / SUV,Car (sedan/hatch),4,0,0,1,1,4,April,Autumn,Sunday,16:00 - 17:59,PM peak / evening commute,True,False,True,True
1353102,Injury,Serious Injury,2024,2024,May,Sunday,06:00 - 07:59,WALLGROVE,RD,0,Right on the spot,WESTERN,EXP,EASTERN CREEK,515.0,No,Not a school zone,X-intersection,-33.796983,150.853447,Blacktown,Sydney metro. area,Syd-Newc-Woll Gtr conurbation,Straight,,,,Off,Sealed,Wet,Overcast,Daylight,On,No traffic controls,70 km/h,State,30,Rear end,301,Same - Rear end,,Rear end,Light truck utility(from 2018),Car (sedan/hatch),3,0,1,0,0,5,May,Autumn,Sunday,06:00 - 07:59,AM peak / school commute,True,False,True,True
1353104,Injury,Serious Injury,2024,2024,January,Thursday,18:00 - 19:59,LUXFORD,RD,0,Right on the spot,NUMBER 32-34,HN,MOUNT DRUITT,7161.0,No,Not a school zone,Divided road,-33.764701,150.820717,Blacktown,Sydney metro. area,Syd-Newc-Woll Gtr conurbation,Straight,,,,On,Sealed,Dry,Fine,Dusk,On,Ped crossing,60 km/h,Regional,0,Ped nearside,1,Ped - Near side,,Vehicle - Pedestrian,Car (sedan/hatch),Pedestrian,2,0,1,0,0,1,January,Summer,Thursday,18:00 - 19:59,PM peak / evening commute,True,False,True,True
1353105,Injury,Moderate Injury,2024,2024,May,Sunday,12:00 - 13:59,PRINCES,HWY,0,Right on the spot,BEEHAG,ST,ARNCLIFFE,1.0,No,Not a school zone,X-intersection,-33.943756,151.142444,Bayside,Sydney metro. area,Syd-Newc-Woll Gtr conurbation,Straight,,,,Nil,Sealed,Dry,Fine,Daylight,Nil,No traffic controls,60 km/h,State,0,Ped nearside,1,Ped - Near side,,Vehicle - Pedestrian,Unknown motor vehicle,Pedestrian,2,0,0,1,0,5,May,Autumn,Sunday,12:00 - 13:59,Midday / afternoon,False,False,True,True
1353106,Injury,Minor/Other Injury,2024,2024,May,Tuesday,14:00 - 15:59,ILLAWARRA,RD,30,North,CARY,ST,MARRICKVILLE,2021.0,No,Not a school zone,2-way undivided,-33.917059,151.148849,Inner West,Sydney metro. area,Syd-Newc-Woll Gtr conurbation,Straight,Steep grade,,,Off,Sealed,Dry,Fine,Daylight,Nil,No traffic controls,50 km/h,Regional,71,Off rd left => obj,703,Left off cway into object,,Vehicle - Object,Pedal cycle,,1,0,0,0,1,5,May,Autumn,Tuesday,14:00 - 15:59,Midday / afternoon,False,False,True,True
1353109,Injury,Moderate Injury,2024,2024,April,Sunday,08:00 - 09:59,GREAT WESTERN,HWY,0,Right on the spot,SOMERSET,ST,KINGSWOOD,5.0,No,Not a school zone,T-junction,-33.757919,150.716456,Penrith,Sydney metro. area,Syd-Newc-Woll Gtr conurbation,Straight,Foot/cycle path/nature strip,,,Off,Sealed,Dry,Fine,Daylight,Nil,Give way sign,60 km/h,State,48,From footpath,408,Manov - From footway,,Other angle,Pedal cycle,Car (sedan/hatch),2,0,0,1,0,4,April,Autumn,Sunday,08:00 - 09:59,AM peak / school commute,True,False,True,True
1353118,Injury,Serious Injury,2024,2024,April,Sunday,18:00 - 19:59,WOODRIFF,ST,0,Right on the spot,FIRST CHOICE,ENT,PENRITH,,No,Not a school zone,2-way undivided,-33.758901,150.692202,Penrith,Sydney metro. area,Syd-Newc-Woll Gtr conurbation,Straight,Driveway/entrance,,,On,Sealed,Dry,Fine,Darkness,Nil,No traffic controls,50 km/h,Local,7,Driveway,7,Ped - driveway,,Vehicle - Pedestrian,4 wheel drive / SUV,Pedestrian,2,0,1,0,0,4,April,Autumn,Sunday,18:00 - 19:59,PM peak / evening commute,True,False,True,True
1353121,Injury,Serious Injury,2024,2024,May,Thursday,06:00 - 07:59,WARRINGAH,EXP,40,South,FALCON STREET,OP,NORTH SYDNEY,651.0,No,Not a school zone,Dual freeway,-33.830318,151.214488,North Sydney,Sydney metro. area,Syd-Newc-Woll Gtr conurbation,Curved,,,,Off,Sealed,Dry,Fine,Daylight,Nil,No traffic controls,60 km/h,State,34,Lane change right,306,Same - Lane change right,,Other angle,Station wagon,Motorcycle,2,0,1,0,0,5,May,Autumn,Thursday,06:00 - 07:59,AM peak / school commute,True,False,True,True
1353125,Injury,Serious Injury,2024,2024,May,Friday,16:00 - 17:59,CAROLINE CHISHOLM,DR,0,Right on the spot,OLYMPUS,ST,WINSTON HILLS,,No,Not a school zone,Roundabout,-33.773121,150.969544,The Hills,Sydney metro. area,Syd-Newc-Woll Gtr conurbation,Straight,Driveway/entrance,,,On,Sealed,Dry,Fine,Daylight,Nil,No traffic controls,50 km/h,Local,7,Driveway,7,Ped - driveway,,Vehicle - Pedestrian,Light truck utility(from 2018),Pedestrian,2,0,1,0,0,5,May,Autumn,Friday,16:00 - 17:59,PM peak / evening commute,True,False,True,True
1353132,Injury,Moderate Injury,2024,2024,May,Friday,00:01 - 01:59,HUNTER,EXP,600,North,OLD MAITLAND ROAD,OP,SAWYERS GULLY,6011.0,No,Not a school zone,Dual freeway,-32.759864,151.435464,Cessnock,Country non-urban,Rest of NSW - Rural,Curved,,,,Nil,Sealed,Dry,Fine,Darkness,Nil,No traffic controls,110 km/h,State,81,Off left/rt bnd=>obj,803,Off right bend into obj,Left,Vehicle - Object,Car (sedan/hatch),,1,0,0,1,0,5,May,Autumn,Friday,00:01 - 01:59,Late night / early morning,False,False,True,True
1353133,Injury,Serious Injury,2024,2024,May,Wednesday,18:00 - 19:59,RAINBOW,ST,0,Right on the spot,NUMBER 159,HN,RANDWICK,,No,Not a school zone,2-way undivided,-33.92585,151.24091,Randwick,Sydney metro. area,Syd-Newc-Woll Gtr conurbation,Straight,,,,On,Sealed,Dry,Fine,Darkness,Nil,No traffic controls,50 km/h,Local,30,Rear end,301,Same - Rear end,,Rear end,Motorcycle,Passenger van,2,0,1,1,0,5,May,Autumn,Wednesday,18:00 - 19:59,PM peak / evening commute,True,False,True,True
1353138,Injury,Minor/Other Injury,2024,2024,May,Sunday,00:01 - 01:59,KIALLA,RD,1300,South,GORHAM,RD,CROOKWELL,,No,Not a school zone,2-way undivided,-34.525898,149.461439,Upper Lachlan,Country non-urban,Rest of NSW - Rural,Straight,Embankment/cutting,,,Nil,Sealed,Dry,Fine,Darkness,Nil,No traffic controls,100 km/h,Local,70,Off road to left,701,Off carriageway to left,,Rollover,Light truck,,1,0,0,0,2,5,May,Autumn,Sunday,00:01 - 01:59,Late night / early morning,False,False,True,True
1353139,Injury,Serious Injury,2024,2024,May,Tuesday,08:00 - 09:59,GIPPS,ST,0,Right on the spot,POLDING,ST,DRUMMOYNE,,No,Not a school zone,X-intersection,-33.857006,151.148624,Canada Bay,Sydney metro. area,Syd-Newc-Woll Gtr conurbation,Straight,,,,Nil,Sealed,Wet,Raining,Daylight,Nil,Stop sign,50 km/h,Local,10,Cross traffic,101,Adj - Cross traffic,,Right angle,4 wheel drive / SUV,Car (sedan/hatch),2,0,1,1,0,5,May,Autumn,Tuesday,08:00 - 09:59,AM peak / school commute,True,False,True,True
1353140,Injury,Serious Injury,2024,2024,May,Thursday,18:00 - 19:59,WARRINGAH,EXP,0,Right on the spot,MILLER STREET,TO,CAMMERAY,651.0,No,Not a school zone,Dual freeway,-33.82724,151.213256,North Sydney,Sydney metro. area,Syd-Newc-Woll Gtr conurbation,Curved,,Roadwks/Detour/Diverson,,On,Sealed,Dry,Fine,Darkness,Nil,No traffic controls,60 km/h,State,34,Lane change right,306,Same - Lane change right,,Other angle,Car (sedan/hatch),Other bus,2,0,1,0,0,5,May,Autumn,Thursday,18:00 - 19:59,PM peak / evening commute,True,False,True,True
1353154,Injury,Serious Injury,2024,2024,May,Wednesday,14:00 - 15:59,GIBSON,AVE,0,Right on the spot,IRWIN,ST,WERRINGTON,,No,Not a school zone,X-intersection,-33.752898,150.754998,Penrith,Sydney metro. area,Syd-Newc-Woll Gtr conurbation,Straight,,,,Off,Sealed,Dry,Fine,Daylight,Nil,Stop sign,50 km/h,Local,10,Cross traffic,101,Adj - Cross traffic,,Right angle,Motorised push scooters,4 wheel drive / SUV,2,0,1,0,1,5,May,Autumn,Wednesday,14:00 - 15:59,Midday / afternoon,False,False,True,True
1353161,Injury,Moderate Injury,2024,2024,May,Friday,16:00 - 17:59,STONY CREEK,RD,80,South,STANLEY,ST,MELONBA,7166.0,No,Not a school zone,2-way undivided,-33.698181,150.785592,Blacktown,Sydney metro. area,Syd-Newc-Woll Gtr conurbation,Straight,Driveway/entrance,,,Off,Sealed,Dry,Fine,Daylight,Nil,No traffic controls,80 km/h,Regional,30,Rear end,301,Same - Rear end,,Rear end,Light truck utility(from 2018),Light truck utility(from 2018),2,0,0,1,0,5,May,Autumn,Friday,16:00 - 17:59,PM peak / evening commute,True,False,True,True
1353163,Injury,Minor/Other Injury,2024,2024,May,Wednesday,18:00 - 19:59,CHURCH,ST,20,South,MORRISON,RD,RYDE,200.0,No,Not a school zone,Divided road,-33.818121,151.101239,Ryde,Sydney metro. area,Syd-Newc-Woll Gtr conurbation,Straight,,,,On,Sealed,Wet,Overcast,Darkness,Nil,No traffic controls,60 km/h,State,30,Rear end,301,Same - Rear end,,Rear end,4 wheel drive / SUV,Car (sedan/hatch),2,0,0,0,1,5,May,Autumn,Wednesday,18:00 - 19:59,PM peak / evening commute,True,False,True,True
1353164,Injury,Minor/Other Injury,2024,2024,May,Tuesday,14:00 - 15:59,PACIFIC,HWY,5000,South,TUCKOMBIL ROAD,OP,NEW ITALY,10.0,No,Not a school zone,Divided road,-29.139937,153.318283,Richmond Valley,Country non-urban,Rest of NSW - Rural,Curved,,,,Nil,Sealed,Dry,Fine,Daylight,Nil,No traffic controls,110 km/h,State,87,Off lft/lft bnd=>obj,804,Off left bend into obj,Left,Vehicle - Object,Motorcycle,,1,0,0,0,1,5,May,Autumn,Tuesday,14:00 - 15:59,Midday / afternoon,False,False,True,True
1353172,Injury,Moderate Injury,2024,2024,May,Saturday,22:00 - Midnight,BELLEVUE,AVE,0,Right on the spot,NUMBER 57,HN,GEORGES HALL,,No,Not a school zone,2-way undivided,-33.911309,150.996119,Canterbury-Bankstown,Sydney metro. area,Syd-Newc-Woll Gtr conurbation,Straight,Driveway/entrance,,,On,Sealed,Dry,Fine,Darkness,Nil,No traffic controls,50 km/h,Local,47,Emerging from drive,406,Manov - Emerging from driveway,,Right angle,4 wheel drive / SUV,Car (sedan/hatch),2,0,0,2,0,5,May,Autumn,Saturday,22:00 - Midnight,Evening / night,False,False,True,True