crash_id,degree_of_crash,degree_of_crash_-_detailed,reporting_year,year_of_crash,month_of_crash,day_of_week_of_crash,two-hour_intervals,street_of_crash,street_type,distance,direction,identifying_feature,identifying_feature_type,town,route_no.,school_zone_location,school_zone_active,type_of_location,latitude,longitude,lga,urbanisation,conurbation_1,alignment,primary_permanent_feature,primary_temporary_feature,primary_hazardous_feature,street_lighting,road_surface,surface_condition,weather,natural_lighting,signals_operation,other_traffic_control,speed_limit,road_classification_(admin),rum_-_code,rum_-_description,dca_-_code,dca_-_description,dca_supplement,first_impact_type,key_tu_type,other_tu_type,no._of_traffic_units_involved,no._killed,no._seriously_injured,no._moderately_injured,no._minor-other_injured,month_num,month_label,season,day_label,time_label,time_band,is_peak_commute,is_fatal,is_injury,is_casualty
1353180,Injury,Serious Injury,2024,2024,April,Tuesday,08:00 - 09:59,CHAPEL,RD,80,North,RICKARD,RD,BANKSTOWN,7122.0,No,Not a school zone,Divided road,-33.913824,151.034691,Canterbury-Bankstown,Sydney metro. area,Syd-Newc-Woll Gtr conurbation,Straight,,,,Off,Sealed,Dry,Fine,Daylight,Nil,No traffic controls,60 km/h,Regional,2,Ped far side,3,Ped - Far side,,Vehicle - Pedestrian,Car (sedan/hatch),Pedestrian,2,0,1,0,0,4,April,Autumn,Tuesday,08:00 - 09:59,AM peak / school commute,True,False,True,True
1353181,Injury,Moderate Injury,2024,2024,May,Friday,16:00 - 17:59,BLOWFLY,TRL,200,North,PALMERS,RD,FREEMANS WATERHOLE,,No,Not a school zone,2-way undivided,-32.984903,151.513097,Lake Macquarie,Newcastle met. area,Syd-Newc-Woll Gtr conurbation,Curved,Ditch/drain/culvert,,,Nil,Unsealed,Unknown,Unknown,Daylight,Nil,No traffic controls,100 km/h,Local,87,Off lft/lft bnd=>obj,804,Off left bend into obj,Left,Vehicle - Object,Motorcycle,,1,0,0,1,0,5,May,Autumn,Friday,16:00 - 17:59,PM peak / evening commute,True,False,True,True
1353182,Injury,Moderate Injury,2024,2024,May,Thursday,14:00 - 15:59,CLARENCE,ST,0,Right on the spot,JAMISON,ST,SYDNEY,,No,Not a school zone,T-junction,-33.864394,151.204764,Sydney,Sydney metro. area,Syd-Newc-Woll Gtr conurbation,Straight,,,,Nil,Sealed,Dry,Fine,Daylight,On,Ped crossing,40 km/h,Local,0,Ped nearside,1,Ped - Near side,,Vehicle - Pedestrian,Passenger van,Pedestrian,2,0,0,1,0,5,May,Autumn,Thursday,14:00 - 15:59,Midday / afternoon,False,False,True,True
1353188,Injury,Serious Injury,2024,2024,March,Thursday,18:00 - 19:59,PALM,AVE,0,Right on the spot,WILGA,ST,LEETON,,No,Not a school zone,Roundabout,-34.547363,146.401334,Leeton,Country urban,Rest of NSW - Urban,Straight,,,,Off,Sealed,Dry,Fine,Daylight,Nil,Give way sign,50 km/h,Local,74,On road-out of cont.,705,Out of control on cway,,Rollover,Motorcycle,,1,0,1,0,0,3,March,Autumn,Thursday,18:00 - 19:59,PM peak / evening commute,True,False,True,True
1353191,Injury,Minor/Other Injury,2024,2024,February,Tuesday,18:00 - 19:59,WOLLUMBIN,ST,0,Right on the spot,BRISBANE,ST,MURWILLUMBAH,142.0,No,Not a school zone,Roundabout,-28.327478,153.395791,Tweed,Country urban,Rest of NSW - Urban,Straight,,,,Off,Sealed,Unknown,Unknown,Daylight,Nil,Give way sign,50 km/h,Regional,73,Off rd rght => obj,704,Right off cway into obj,,Vehicle - Object,Motorised push scooters,,1,0,0,0,1,2,February,Summer,Tuesday,18:00 - 19:59,PM peak / evening commute,True,False,True,True
1353192,Injury,Moderate Injury,2024,2024,May,Monday,10:00 - 11:59,COOGEE BAY,RD,0,Right on the spot,AVOCA,ST,RANDWICK,631.0,No,Not a school zone,Multiple intersection,-33.917065,151.24121,Randwick,Sydney metro. area,Syd-Newc-Woll Gtr conurbation,Straight,,,,On,Sealed,Dry,Fine,Daylight,On,Ped crossing,50 km/h,State,0,Ped nearside,1,Ped - Near side,,Vehicle - Pedestrian,4 wheel drive / SUV,Pedestrian,2,0,0,1,0,5,May,Autumn,Monday,10:00 - 11:59,Midday / afternoon,False,False,True,True
1353193,Injury,Serious Injury,2024,2024,April,Friday,16:00 - 17:59,MARANA,RD,70,East,SHERWOOD,DR,SPRINGFIELD,,No,Not a school zone,2-way undivided,-33.424283,151.371585,Central Coast,Country urban,Syd-Newc-Woll Gtr conurbation,Straight,Steep grade,,,Nil,Unsealed,Dry,Fine,Daylight,Nil,No traffic controls,50 km/h,Local,74,On road-out of cont.,705,Out of control on cway,,Rollover,Pedal cycle,,1,0,1,0,0,4,April,Autumn,Friday,16:00 - 17:59,PM peak / evening commute,True,False,True,True
1353195,Injury,Serious Injury,2024,2024,May,Saturday,14:00 - 15:59,NEW ENGLAND,HWY,230,West,WAKLEYS DRIVE,OP,THORNTON,9.0,No,Not a school zone,Divided road,-32.793394,151.633772,Maitland,Country non-urban,Rest of NSW - Rural,Straight,,,,Nil,Sealed,Wet,Raining,Daylight,Nil,No traffic controls,90 km/h,State,35,Lane change left,307,Same - Lane change left,,Other angle,4 wheel drive / SUV,Light truck utility(from 2018),2,0,1,0,0,5,May,Autumn,Saturday,14:00 - 15:59,Midday / afternoon,False,False,True,True
1353196,Injury,Serious Injury,2024,2024,May,Tuesday,20:00 - 21:59,O'CONNELL,RD,500,South,LEE,ST,KELSO,253.0,Yes,No,2-way undivided,-33.430436,149.619393,Bathurst Regional,Country urban,Rest of NSW - Urban,Straight,,,,Nil,Sealed,Dry,Fine,Darkness,Nil,No traffic controls,60 km/h,State,71,Off rd left => obj,703,Left off cway into object,,Vehicle - Object,4 wheel drive / SUV,,1,0,1,0,0,5,May,Autumn,Tuesday,20:00 - 21:59,Evening / night,False,False,True,True
1353201,Injury,Serious Injury,2024,2024,May,Tuesday,14:00 - 15:59,BULTJE,ST,0,Right on the spot,GIPPS,ST,DUBBO,,No,Not a school zone,X-intersection,-32.25237,148.610356,Dubbo Regional,Country urban,Rest of NSW - Urban,Straight,,,,Off,Sealed,Dry,Fine,Daylight,Nil,Give way sign,50 km/h,Local,2,Ped far side,3,Ped - Far side,,Vehicle - Pedestrian,Station wagon,Ped in toy vehicle,2,0,2,0,0,5,May,Autumn,Tuesday,14:00 - 15:59,Midday / afternoon,False,False,True,True
1353205,Injury,Minor/Other Injury,2024,2024,May,Friday,08:00 - 09:59,GIBBS,ST,0,Right on the spot,PUBLIC SCHOOL,OT,MANLY VALE,,No,Not a school zone,2-way undivided,-33.783999,151.260772,Northern Beaches,Sydney metro. area,Syd-Newc-Woll Gtr conurbation,Straight,,,,Off,Sealed,Dry,Fine,Daylight,Nil,No traffic controls,50 km/h,Local,3,Ped on carriageway,4,Ped - On carriageway,,Vehicle - Pedestrian,Unknown motor vehicle,Pedestrian,2,0,0,0,1,5,May,Autumn,Friday,08:00 - 09:59,AM peak / school commute,True,False,True,True
1353206,Injury,Serious Injury,2024,2024,May,Sunday,18:00 - 19:59,FLINDERS,RD,0,Right on the spot,NUMBER 77,HN,GEORGES HALL,,No,Not a school zone,2-way undivided,-33.906105,150.987867,Canterbury-Bankstown,Sydney metro. area,Syd-Newc-Woll Gtr conurbation,Curved,Steep grade,,,On,Sealed,Wet,Overcast,Darkness,Nil,No traffic controls,40 km/h,Local,87,Off lft/lft bnd=>obj,706,Left turn,Left,Other angle,Car (sedan/hatch),Large rigid,2,0,1,0,0,5,May,Autumn,Sunday,18:00 - 19:59,PM peak / evening commute,True,False,True,True
1353207,Injury,Serious Injury,2024,2024,April,Friday,18:00 - 19:59,SACKVILLE,ST,0,Right on the spot,RUPERT,ST,INGLEBURN,,No,Not a school zone,X-intersection,-34.009677,150.860395,Campbelltown,Sydney metro. area,Syd-Newc-Woll Gtr conurbation,Straight,,,,On,Sealed,Dry,Fine,Dusk,Nil,Give way sign,60 km/h,Local,21,Right through,202,Opp - Right-thru,,Other angle,Car (sedan/hatch),MC & sidecar,2,0,1,0,0,4,April,Autumn,Friday,18:00 - 19:59,PM peak / evening commute,True,False,True,True
1353209,Injury,Moderate Injury,2024,2024,May,Friday,12:00 - 13:59,CAMERON,RD,0,Right on the spot,SOUTHBAR,RD,KARABAR,,No,Not a school zone,T-junction,-35.369566,149.225008,Queanbeyan-Palerang Regional,Country urban,Rest of NSW - Urban,Straight,,,,Off,Sealed,Dry,Fine,Daylight,Nil,Give way sign,60 km/h,Local,30,Rear end,301,Same - Rear end,,Rear end,Car (sedan/hatch),Car (sedan/hatch),2,0,0,3,0,5,May,Autumn,Friday,12:00 - 13:59,Midday / afternoon,False,False,True,True
1353210,Injury,Moderate Injury,2024,2024,May,Sunday,16:00 - 17:59,JONES,AVE,0,Right on the spot,MILLS,ST,WARNERS BAY,,Yes,No,X-intersection,-32.979222,151.64771,Lake Macquarie,Newcastle met. area,Syd-Newc-Woll Gtr conurbation,Straight,,,,Off,Sealed,Wet,Raining,Daylight,Nil,Stop sign,50 km/h,Local,10,Cross traffic,101,Adj - Cross traffic,,Right angle,Pedal cycle,Car (sedan/hatch),2,0,0,1,0,5,May,Autumn,Sunday,16:00 - 17:59,PM peak / evening commute,True,False,True,True
1353217,Injury,Serious Injury,2024,2024,May,Thursday,02:00 - 03:59,PACIFIC,HWY,0,Right on the spot,NUMBER 203,HN,SANDGATE,10.0,No,Not a school zone,Divided road,-32.861963,151.705081,Newcastle,Newcastle met. area,Syd-Newc-Woll Gtr conurbation,Straight,,,,On,Sealed,Dry,Fine,Darkness,Nil,No traffic controls,80 km/h,State,71,Off rd left => obj,703,Left off cway into object,,Other angle,Car (sedan/hatch),4 wheel drive / SUV,2,0,1,0,0,5,May,Autumn,Thursday,02:00 - 03:59,Late night / early morning,False,False,True,True
1353219,Injury,Serious Injury,2024,2024,May,Wednesday,16:00 - 17:59,CARRINGTON,RD,50,East,VICTORIA,AVE,CASTLE HILL,7471.0,No,Not a school zone,2-way undivided,-33.730294,150.980148,The Hills,Sydney metro. area,Syd-Newc-Woll Gtr conurbation,Straight,,,,Nil,Sealed,Dry,Fine,Daylight,Nil,No traffic controls,50 km/h,Regional,1,Ped emerging,2,Ped - emerging,,Vehicle - Pedestrian,Car (sedan/hatch),Pedestrian,2,0,1,0,0,5,May,Autumn,Wednesday,16:00 - 17:59,PM peak / evening commute,True,False,True,True
1353220,Injury,Moderate Injury,2024,2024,May,Monday,14:00 - 15:59,PACIFIC,HWY,170,South,OXLEY HIGHWAY,TO,SANCROX,10.0,No,Not a school zone,Divided road,-31.467024,152.81918,Port Macquarie-Hastings,Country non-urban,Rest of NSW - Rural,Straight,,,,Nil,Sealed,Dry,Fine,Daylight,Nil,No traffic controls,110 km/h,State,35,Lane change left,307,Same - Lane change left,,Other angle,4 wheel drive / SUV,Car (sedan/hatch),3,0,0,3,0,5,May,Autumn,Monday,14:00 - 15:59,Midday / afternoon,False,False,True,True
1353222,Injury,Moderate Injury,2024,2024,May,Thursday,18:00 - 19:59,CASTLEREAGH,HWY,0,Right on the spot,DOURO,ST,MUDGEE,18.0,No,Not a school zone,Roundabout,-32.590398,149.583694,Mid-Western Regional,Country urban,Rest of NSW - Urban,Straight,,,,On,Sealed,Dry,Fine,Darkness,Nil,Give way sign,50 km/h,State,10,Cross traffic,101,Adj - Cross traffic,,Right angle,Light truck utility(from 2018),4 wheel drive / SUV,2,0,0,1,0,5,May,Autumn,Thursday,18:00 - 19:59,PM peak / evening commute,True,False,True,True
1353223,Injury,Minor/Other Injury,2024,2024,May,Monday,18:00 - 19:59,QUEENS PINCH,RD,15,North,HORSE FLAT,LANE,MULLAMUDDY,,No,Not a school zone,2-way undivided,-32.686822,149.650008,Mid-Western Regional,Country non-urban,Rest of NSW - Rural,Curved,,,,Nil,Sealed,Dry,Fine,Darkness,Nil,No traffic controls,100 km/h,Local,80,Off left/right bend,801,Off cway right bend,Left,Rollover,4 wheel drive / SUV,,1,0,0,0,1,5,May,Autumn,Monday,18:00 - 19:59,PM peak / evening commute,True,False,True,True
1353229,Injury,Moderate Injury,2024,2024,May,Saturday,16:00 - 17:59,BROMIDE,ST,0,Right on the spot,MICA,ST,BROKEN HILL,,Yes,No,X-intersection,-31.955911,141.457855,Broken Hill,Country urban,Rest of NSW - Urban,Straight,,,,On,Sealed,Dry,Fine,Darkness,Nil,Give way sign,50 km/h,Local,10,Cross traffic,101,Adj - Cross traffic,,Right angle,Light truck utility(from 2018),4 wheel drive / SUV,2,0,0,2,0,5,May,Autumn,Saturday,16:00 - 17:59,PM peak / evening commute,True,False,True,True
1353230,Injury,Moderate Injury,2024,2024,February,Saturday,14:00 - 15:59,ALBERT,ST,0,Right on the spot,NUMBER 12,HN,HORNSBY,,No,Not a school zone,2-way undivided,-33.704864,151.101805,Hornsby,Sydney metro. area,Syd-Newc-Woll Gtr conurbation,Straight,Painted double centre lines,,,Nil,Sealed,Dry,Fine,Daylight,Nil,No traffic controls,50 km/h,Local,49,Other manoeuvring,400,Manov - other,,Other angle,Car (sedan/hatch),,1,0,0,1,0,2,February,Summer,Saturday,14:00 - 15:59,Midday / afternoon,False,False,True,True
1353234,Injury,Serious Injury,2024,2024,May,Wednesday,10:00 - 11:59,CHRISTINA,RD,200,West,BIRMINGHAM,AVE,VILLAWOOD,7102.0,No,Not a school zone,Divided road,-33.880991,150.983393,Canterbury-Bankstown,Sydney metro. area,Syd-Newc-Woll Gtr conurbation,Straight,Other bridge,,,Nil,Sealed,Dry,Fine,Daylight,Nil,No traffic controls,60 km/h,Regional,30,Rear end,301,Same - Rear end,,Rear end,Car (sedan/hatch),Car (sedan/hatch),2,0,1,0,0,5,May,Autumn,Wednesday,10:00 - 11:59,Midday / afternoon,False,False,True,True
1353239,Injury,Moderate Injury,2024,2024,May,Wednesday,06:00 - 07:59,MALLINSON,RD,0,Right on the spot,VIOLI,DR,LAKE WYANGAN,,No,Not a school zone,T-junction,-34.257728,146.027083,Griffith,Country urban,Rest of NSW - Urban,Straight,,,,Nil,Sealed,Dry,Fine,Dawn,Nil,Give way sign,80 km/h,Local,11,Right far,102,Adj - Right-thru from left,,Right angle,4 wheel drive / SUV,Light truck utility(from 2018),2,0,0,1,0,5,May,Autumn,Wednesday,06:00 - 07:59,AM peak / school commute,True,False,True,True
1353246,Injury,Serious Injury,2024,2024,April,Tuesday,14:00 - 15:59,CAMBRIDGE,ST,10,West,BALMORAL,DR,CAMBRIDGE PARK,,No,Not a school zone,T-junction,-33.751689,150.726601,Penrith,Sydney metro. area,Syd-Newc-Woll Gtr conurbation,Straight,,,,Nil,Sealed,Dry,Fine,Daylight,Nil,No traffic controls,50 km/h,Local,73,Off rd rght => obj,704,Right off cway into obj,,Vehicle - Object,Car (sedan/hatch),,1,0,2,0,0,4,April,Autumn,Tuesday,14:00 - 15:59,Midday / afternoon,False,False,True,True
1353255,Injury,Serious Injury,2024,2024,May,Friday,14:00 - 15:59,PLUMMERS,LANE,999999,Unknown/not stated,MACLEAY VALLEY,WAY,RAINBOW REACH,460.0,No,Not a school zone,2-way undivided,-30.940544,153.014396,Kempsey,Country urban,Rest of NSW - Urban,Straight,,,,Nil,Sealed,Dry,Fine,Daylight,Nil,No traffic controls,80 km/h,Regional,30,Rear end,301,Same - Rear end,,Rear end,4 wheel drive / SUV,Light truck utility(from 2018),2,0,1,2,1,5,May,Autumn,Friday,14:00 - 15:59,Midday / afternoon,False,False,True,True
1353256,Injury,Moderate Injury,2024,2024,May,Sunday,14:00 - 15:59,PRINCES,HWY,0,Right on the spot,WALLAROY,DR,BURRILL LAKE,1.0,No,Not a school zone,Roundabout,-35.390638,150.440943,Shoalhaven,Country urban,Rest of NSW - Urban,Straight,,,,Nil,Sealed,Dry,Fine,Daylight,Nil,Give way sign,60 km/h,State,10,Cross traffic,101,Adj - Cross traffic,,Right angle,Light truck utility(from 2018),Motorcycle,2,0,0,1,0,5,May,Autumn,Sunday,14:00 - 15:59,Midday / afternoon,False,False,True,True
1353257,Injury,Minor/Other Injury,2024,2024,May,Monday,20:00 - 21:59,KING,ST,0,Right on the spot,MONTGOMERY,AVE,WARRAWONG,522.0,No,Not a school zone,X-intersection,-34.484376,150.887528,Wollongong,Wollongong met. area,Syd-Newc-Woll Gtr conurbation,Straight,,,,On,Sealed,Dry,Fine,Darkness,Nil,Left turn only,60 km/h,State,10,Cross traffic,101,Adj - Cross traffic,,Right angle,4 wheel drive / SUV,Light truck,2,0,0,0,1,5,May,Autumn,Monday,20:00 - 21:59,Evening / night,False,False,True,True
1353259,Injury,Minor/Other Injury,2024,2024,May,Saturday,08:00 - 09:59,GREENWOOD,AVE,0,Right on the spot,MARION,ST,BANKSTOWN,7122.0,No,Not a school zone,X-intersection,-33.917649,151.02952,Canterbury-Bankstown,Sydney metro. area,Syd-Newc-Woll Gtr conurbation,Curved,,,,Nil,Sealed,Dry,Fine,Daylight,On,No traffic controls,60 km/h,Regional,30,Rear end,301,Same - Rear end,,Rear end,Car (sedan/hatch),Car (sedan/hatch),2,0,0,0,1,5,May,Autumn,Saturday,08:00 - 09:59,AM peak / school commute,True,False,True,True
1353261,Injury,Minor/Other Injury,2024,2024,March,Monday,18:00 - 19:59,BAROOGA COBRAM,RD,500,East,SKI BEACH,TRL,BAROOGA,226.0,No,Not a school zone,2-way undivided,-35.914654,145.677157,Berrigan,Country urban,Rest of NSW - Urban,Curved,,,,Nil,Sealed,Dry,Fine,Daylight,Nil,No traffic controls,80 km/h,Regional,20,Head on,201,Opp - Head on,,Head-on,Light truck utility(from 2018),Car (sedan/hatch),2,0,0,0,2,3,March,Autumn,Monday,18:00 - 19:59,PM peak / evening commute,True,False,True,True
1353264,Injury,Serious Injury,2024,2024,January,Monday,16:00 - 17:59,HOLT,RD,0,Right on the spot,NUMBER 157,HN,TAREN POINT,,No,Not a school zone,2-way undivided,-34.0184,151.116643,Sutherland,Sydney metro. area,Syd-Newc-Woll Gtr conurbation,Curved,Steep grade,,,Nil,Sealed,Dry,Fine,Daylight,Nil,No traffic controls,50 km/h,Local,81,Off left/rt bnd=>obj,803,Off right bend into obj,Left,Other angle,4 wheel drive / SUV,4 wheel drive / SUV,2,0,1,0,0,1,January,Summer,Monday,16:00 - 17:59,PM peak / evening commute,True,False,True,True
1353267,Injury,Serious Injury,2024,2024,May,Friday,10:00 - 11:59,CUMBERLAND,HWY,0,Right on the spot,OLD PROSPECT,RD,SOUTH WENTWORTHVILLE,13.0,No,Not a school zone,X-intersection,-33.817644,150.962465,Cumberland,Sydney metro. area,Syd-Newc-Woll Gtr conurbation,Straight,,,,Off,Sealed,Dry,Fine,Daylight,On,No traffic controls,70 km/h,State,21,Right through,202,Opp - Right-thru,,Other angle,4 wheel drive / SUV,Light truck utility(from 2018),2,0,3,0,0,5,May,Autumn,Friday,10:00 - 11:59,Midday / afternoon,False,False,True,True
1353271,Injury,Serious Injury,2024,2024,May,Thursday,12:00 - 13:59,ORARA,WAY,600,South,BRAUNSTONE,RD,BRAUNSTONE,151.0,No,Not a school zone,2-way undivided,-29.805791,152.963924,Clarence Valley,Country non-urban,Rest of NSW - Rural,Curved,,,,Nil,Sealed,Dry,Fine,Daylight,Nil,No traffic controls,100 km/h,Regional,88,Out of cont on bend,805,Out of control on bend,,Rollover,4 wheel drive / SUV,,1,0,3,0,0,5,May,Autumn,Thursday,12:00 - 13:59,Midday / afternoon,False,False,True,True
1353272,Injury,Minor/Other Injury,2024,2024,April,Friday,12:00 - 13:59,PITTWATER,RD,0,Right on the spot,DELMAR,PDE,DEE WHY,164.0,No,Not a school zone,T-junction,-33.756084,151.282881,Northern Beaches,Sydney metro. area,Syd-Newc-Woll Gtr conurbation,Straight,,,,Off,Sealed,Dry,Fine,Daylight,Nil,No traffic controls,60 km/h,State,30,Rear end,301,Same - Rear end,,Rear end,Light truck utility(from 2018),Light truck utility(from 2018),2,0,0,0,1,4,April,Autumn,Friday,12:00 - 13:59,Midday / afternoon,False,False,True,True
1353275,Injury,Serious Injury,2024,2024,May,Sunday,10:00 - 11:59,BELLS LINE OF,RD,3700,East,DARLING,CSWY,BLUE MOUNTAINS NATIONAL PARK,184.0,No,Not a school zone,Divided road,-33.527248,150.310223,Blue Mountains,Country non-urban,Syd-Newc-Woll Gtr conurbation,Curved,Steep grade,,Loose gravel shoulder,Nil,Sealed,Dry,Fine,Daylight,Nil,No traffic controls,100 km/h,State,81,Off left/rt bnd=>obj,803,Off right bend into obj,Left,Vehicle - Object,Motorcycle,,1,0,1,0,0,5,May,Autumn,Sunday,10:00 - 11:59,Midday / afternoon,False,False,True,True
1353277,Injury,Serious Injury,2024,2024,May,Saturday,08:00 - 09:59,COOTAMUNDRA,BVD,10,West,JIMBEROO,LOOP,GOBBAGOMBALIN,,No,Not a school zone,T-junction,-35.071773,147.339013,Wagga Wagga,Country urban,Rest of NSW - Urban,Straight,,,,Nil,Sealed,Dry,Fine,Daylight,Nil,No traffic controls,50 km/h,Local,73,Off rd rght => obj,704,Right off cway into obj,,Other angle,Car (sedan/hatch),Light truck utility(from 2018),2,0,1,0,0,5,May,Autumn,Saturday,08:00 - 09:59,AM peak / school commute,True,False,True,True
1353279,Injury,Serious Injury,2024,2024,May,Friday,08:00 - 09:59,MID WESTERN,HWY,1000,West,HANNAN,RD,WEETHALLE,6.0,No,Not a school zone,2-way undivided,-33.868187,146.448934,Bland,Country non-urban,Rest of NSW - Rural,Straight,,,Potholes/corrugations/rough,Nil,Sealed,Dry,Fine,Daylight,Nil,No traffic controls,100 km/h,State,70,Off road to left,701,Off carriageway to left,,Rollover,Motorcycle,,1,0,1,0,0,5,May,Autumn,Friday,08:00 - 09:59,AM peak / school commute,True,False,True,True
1353280,Injury,Serious Injury,2024,2024,May,Thursday,14:00 - 15:59,FULLERTON,ST,50,South,MEREDITH,ST,STOCKTON,,No,Not a school zone,2-way undivided,-32.897616,151.787744,Newcastle,Newcastle met. area,Syd-Newc-Woll Gtr conurbation,Straight,,,,Off,Sealed,Dry,Fine,Daylight,Nil,No traffic controls,50 km/h,Local,71,Off rd left => obj,703,Left off cway into object,,Other angle,4 wheel drive / SUV,Car (sedan/hatch),2,0,1,0,0,5,May,Autumn,Thursday,14:00 - 15:59,Midday / afternoon,False,False,True,True
1353294,Injury,Moderate Injury,2024,2024,January,Monday,14:00 - 15:59,MALONEY,ST,0,Right on the spot,NUMBER 78,HN,EASTLAKES,7023.0,No,Not a school zone,2-way undivided,-33.929492,151.205622,Bayside,Sydney metro. area,Syd-Newc-Woll Gtr conurbation,Straight,,,,Unknown / not stated,Sealed,Dry,Fine,Daylight,Nil,No traffic controls,50 km/h,Regional,71,Off rd left => obj,703,Left off cway into object,,Other angle,Car (sedan/hatch),Car (sedan/hatch),2,0,0,1,0,1,January,Summer,Monday,14:00 - 15:59,Midday / afternoon,False,False,True,True
1353297,Injury,Moderate Injury,2024,2024,January,Sunday,16:00 - 17:59,PACIFIC,HWY,0,Right on the spot,COONANBARRA,RD,WAHROONGA,10.0,Yes,No,X-intersection,-33.719583,151.115898,Ku-ring-gai,Sydney metro. area,Syd-Newc-Woll Gtr conurbation,Straight,,,,Off,Sealed,Dry,Fine,Daylight,On,No traffic controls,60 km/h,State,12,Left far,103,Adj - Left-thru from left,,Right angle,Car (sedan/hatch),4 wheel drive / SUV,2,0,0,1,0,1,January,Summer,Sunday,16:00 - 17:59,PM peak / evening commute,True,False,True,True
1353300,Injury,Serious Injury,2024,2024,April,Monday,12:00 - 13:59,BOOMERANG,ST,0,Right on the spot,NUMBER 32,HN,HABERFIELD,,No,Not a school zone,2-way undivided,-33.873421,151.143176,Inner West,Sydney metro. area,Syd-Newc-Woll Gtr conurbation,Curved,,,,Unknown / not stated,Sealed,Dry,Fine,Daylight,Nil,No traffic controls,50 km/h,Local,81,Off left/rt bnd=>obj,803,Off right bend into obj,Left,Other angle,Car (sedan/hatch),Car (sedan/hatch),2,0,1,0,0,4,April,Autumn,Monday,12:00 - 13:59,Midday / afternoon,False,False,True,True
1353303,Injury,Moderate Injury,2024,2024,April,Wednesday,22:00 - Midnight,HUME,HWY,100,North,MURRIMBA,RD,PADDYS RIVER,2.0,No,Not a school zone,Divided road,-34.645939,150.120301,Wingecarribee,Country non-urban,Rest of NSW - Rural,Straight,,,,Unknown / not stated,Sealed,Wet,Fog or mist,Darkness,Nil,No traffic controls,110 km/h,State,20,Head on,201,Opp - Head on,,Head-on,Light truck utility(from 2018),Light truck utility(from 2018),2,0,0,3,0,4,April,Autumn,Wednesday,22:00 - Midnight,Evening / night,False,False,True,True
1353304,Injury,Minor/Other Injury,2024,2024,April,Monday,10:00 - 11:59,THEATRE,LANE,0,Right on the spot,WEBB,ST,RIVERWOOD,,No,Not a school zone,T-junction,-33.953041,151.051281,Georges River,Sydney metro. area,Syd-Newc-Woll Gtr conurbation,Straight,,,,Unknown / not stated,Sealed,Dry,Fine,Daylight,Nil,No traffic controls,50 km/h,Local,10,Cross traffic,101,Adj - Cross traffic,,Right angle,Car (sedan/hatch),Car (sedan/hatch),5,0,0,0,1,4,April,Autumn,Monday,10:00 - 11:59,Midday / afternoon,False,False,True,True
1353311,Injury,Moderate Injury,2024,2024,May,Sunday,10:00 - 11:59,PUTTY,RD,15150,South,THE INLET,RD,HOWES VALLEY,503.0,No,Not a school zone,2-way undivided,-32.737759,150.939222,Singleton,Country urban,Rest of NSW - Urban,Curved,,,,Unknown / not stated,Sealed,Dry,Fine,Daylight,Nil,No traffic controls,80 km/h,State,81,Off left/rt bnd=>obj,803,Off right bend into obj,Left,Vehicle - Object,Motorcycle,,1,0,0,1,0,5,May,Autumn,Sunday,10:00 - 11:59,Midday / afternoon,False,False,True,True
1353312,Injury,Minor/Other Injury,2024,2024,May,Friday,14:00 - 15:59,STAFFORD,ST,0,Right on the spot,NUMBER 58,HN,KINGSWOOD,,No,Not a school zone,2-way undivided,-33.762902,150.713607,Penrith,Sydney metro. area,Syd-Newc-Woll Gtr conurbation,Straight,Driveway/entrance,,,Unknown / not stated,Sealed,Dry,Fine,Daylight,Nil,No traffic controls,50 km/h,Local,47,Emerging from drive,406,Manov - Emerging from driveway,,Right angle,Car (sedan/hatch),Car (sedan/hatch),3,0,0,0,1,5,May,Autumn,Friday,14:00 - 15:59,Midday / afternoon,False,False,True,True
1353319,Injury,Moderate Injury,2024,2024,May,Thursday,12:00 - 13:59,COMMISSION,RD,1000,West,PUTTY,RD,HOWES VALLEY,,No,Not a school zone,2-way undivided,-32.869844,150.789664,Singleton,Country non-urban,Rest of NSW - Rural,Curved,,,,Unknown / not stated,Unsealed,Dry,Overcast,Daylight,Nil,No traffic controls,100 km/h,Local,87,Off lft/lft bnd=>obj,804,Off left bend into obj,Left,Vehicle - Object,Motorcycle,,1,0,0,1,0,5,May,Autumn,Thursday,12:00 - 13:59,Midday / afternoon,False,False,True,True
1353322,Injury,Moderate Injury,2024,2024,June,Sunday,12:00 - 13:59,BALMORAL,RD,10,East,REDBANK,RD,NORTHMEAD,,No,Not a school zone,T-junction,-33.796255,150.990263,Parramatta,Sydney metro. area,Syd-Newc-Woll Gtr conurbation,Straight,Driveway/entrance,,,Unknown / not stated,Sealed,Dry,Fine,Daylight,Nil,Give way sign,50 km/h,Local,47,Emerging from drive,406,Manov - Emerging from driveway,,Right angle,Car (sedan/hatch),Car (sedan/hatch),2,0,0,1,0,6,June,Winter,Sunday,12:00 - 13:59,Midday / afternoon,False,False,True,True
1353334,Injury,Minor/Other Injury,2024,2024,April,Sunday,18:00 - 19:59,VICTORIA,RD,0,Right on the spot,ROBERT,ST,ROZELLE,165.0,No,Not a school zone,T-junction,-33.866956,151.175378,Inner West,Sydney metro. area,Syd-Newc-Woll Gtr conurbation,Curved,,,,Unknown / not stated,Sealed,Dry,Fine,Dusk,On,No traffic controls,60 km/h,State,30,Rear end,301,Same - Rear end,,Rear end,Car (sedan/hatch),Car (sedan/hatch),2,0,0,0,1,4,April,Autumn,Sunday,18:00 - 19:59,PM peak / evening commute,True,False,True,True
1353336,Injury,Minor/Other Injury,2024,2024,June,Sunday,08:00 - 09:59,MULLUMBIMBY,RD,100,North,MCAULEYS,LANE,MULLUMBIMBY,463.0,No,Not a school zone,2-way undivided,-28.565725,153.52338,Byron,Country urban,Rest of NSW - Urban,Straight,Driveway/entrance,,,Unknown / not stated,Sealed,Dry,Fine,Daylight,Nil,No traffic controls,80 km/h,Regional,32,Right rear,303,Same - Rear right,,Rear end,4 wheel drive / SUV,Station wagon,2,0,0,0,1,6,June,Winter,Sunday,08:00 - 09:59,AM peak / school commute,True,False,True,True