crash_id,degree_of_crash,degree_of_crash_-_detailed,reporting_year,year_of_crash,month_of_crash,day_of_week_of_crash,two-hour_intervals,street_of_crash,street_type,distance,direction,identifying_feature,identifying_feature_type,town,route_no.,school_zone_location,school_zone_active,type_of_location,latitude,longitude,lga,urbanisation,conurbation_1,alignment,primary_permanent_feature,primary_temporary_feature,primary_hazardous_feature,street_lighting,road_surface,surface_condition,weather,natural_lighting,signals_operation,other_traffic_control,speed_limit,road_classification_(admin),rum_-_code,rum_-_description,dca_-_code,dca_-_description,dca_supplement,first_impact_type,key_tu_type,other_tu_type,no._of_traffic_units_involved,no._killed,no._seriously_injured,no._moderately_injured,no._minor-other_injured,month_num,month_label,season,day_label,time_label,time_band,is_peak_commute,is_fatal,is_injury,is_casualty
1353341,Injury,Serious Injury,2024,2024,June,Monday,12:00 - 13:59,MAFFRA,RD,100,North,BOBUNDARA,LANE,BOBUNDARA,,No,Not a school zone,2-way undivided,-36.488063,148.993159,Snowy Monaro Regional,Country non-urban,Rest of NSW - Rural,Straight,Embankment/cutting,,,Unknown / not stated,Sealed,Dry,Overcast,Daylight,Nil,No traffic controls,100 km/h,Local,71,Off rd left => obj,703,Left off cway into object,,Vehicle - Object,4 wheel drive / SUV,,1,0,1,0,0,6,June,Winter,Monday,12:00 - 13:59,Midday / afternoon,False,False,True,True
1353343,Injury,Moderate Injury,2024,2024,May,Thursday,04:00 - 05:59,MARSHALL,RD,0,Right on the spot,NUMBER 84,HN,CARLINGFORD,,No,Not a school zone,2-way undivided,-33.787615,151.045513,Parramatta,Sydney metro. area,Syd-Newc-Woll Gtr conurbation,Straight,,,,On,Sealed,Dry,Fine,Darkness,Nil,No traffic controls,50 km/h,Local,71,Off rd left => obj,703,Left off cway into object,,Other angle,Car (sedan/hatch),Car (sedan/hatch),2,0,0,1,0,5,May,Autumn,Thursday,04:00 - 05:59,Late night / early morning,False,False,True,True
1353349,Injury,Moderate Injury,2024,2024,May,Thursday,18:00 - 19:59,CLOTHIERS CREEK,RD,100,West,TOWNERS,RD,TANGLEWOOD,,No,Not a school zone,2-way undivided,-28.332869,153.542889,Tweed,Country urban,Rest of NSW - Urban,Curved,,,,Unknown / not stated,Sealed,Wet,Fine,Darkness,Nil,No traffic controls,70 km/h,Local,81,Off left/rt bnd=>obj,803,Off right bend into obj,Left,Vehicle - Object,4 wheel drive / SUV,,1,0,0,1,0,5,May,Autumn,Thursday,18:00 - 19:59,PM peak / evening commute,True,False,True,True
1353350,Injury,Minor/Other Injury,2024,2024,May,Saturday,12:00 - 13:59,MOXHAMS,RD,0,Right on the spot,NUMBER 42,HN,NORTHMEAD,,No,Not a school zone,2-way undivided,-33.785859,150.992751,Parramatta,Sydney metro. area,Syd-Newc-Woll Gtr conurbation,Straight,,,,Unknown / not stated,Sealed,Dry,Fine,Daylight,Nil,No traffic controls,50 km/h,Local,40,U turn,304,Same - U-turn,,Other angle,Car (sedan/hatch),Car (sedan/hatch),2,0,0,0,1,5,May,Autumn,Saturday,12:00 - 13:59,Midday / afternoon,False,False,True,True
1353358,Injury,Minor/Other Injury,2024,2024,April,Sunday,22:00 - Midnight,NEWCASTLE,RD,100,West,ROBINSON,AVE,JESMOND,82.0,No,Not a school zone,Divided road,-32.907897,151.697224,Newcastle,Newcastle met. area,Syd-Newc-Woll Gtr conurbation,Straight,,,,Unknown / not stated,Sealed,Dry,Fine,Darkness,Nil,No traffic controls,60 km/h,State,30,Rear end,301,Same - Rear end,,Rear end,4 wheel drive / SUV,Station wagon,3,0,0,0,1,4,April,Autumn,Sunday,22:00 - Midnight,Evening / night,False,False,True,True
1353359,Injury,Moderate Injury,2024,2024,May,Friday,16:00 - 17:59,BANGALOW,RD,0,Right on the spot,NUMBER 829,HN,TALOFA,,No,Not a school zone,2-way undivided,-28.679748,153.541321,Byron,Country urban,Rest of NSW - Urban,Straight,Driveway/entrance,,,Nil,Sealed,Dry,Fine,Dusk,Nil,No traffic controls,80 km/h,Local,47,Emerging from drive,406,Manov - Emerging from driveway,,Right angle,Car (sedan/hatch),4 wheel drive / SUV,2,0,0,1,0,5,May,Autumn,Friday,16:00 - 17:59,PM peak / evening commute,True,False,True,True
1353360,Injury,Moderate Injury,2024,2024,May,Thursday,06:00 - 07:59,PRINCES,HWY,0,Right on the spot,DALLEY,RD,HEATHCOTE,1.0,No,Not a school zone,T-junction,-34.081607,151.011025,Sutherland,Sydney metro. area,Syd-Newc-Woll Gtr conurbation,Straight,Steep grade,,,Unknown / not stated,Sealed,Dry,Fine,Dawn,Nil,No traffic controls,70 km/h,State,30,Rear end,301,Same - Rear end,,Rear end,Light truck utility(from 2018),Car (sedan/hatch),4,0,0,1,0,5,May,Autumn,Thursday,06:00 - 07:59,AM peak / school commute,True,False,True,True
1353361,Injury,Minor/Other Injury,2024,2024,May,Tuesday,14:00 - 15:59,SHORT,ST,0,Right on the spot,WALFORD,LANE,EAST ALBURY,,No,Not a school zone,T-junction,-36.074835,146.930445,Albury,Country urban,Rest of NSW - Urban,Straight,,,,Unknown / not stated,Sealed,Dry,Fine,Daylight,Nil,No traffic controls,50 km/h,Local,42,Leaving parking,401,Manov - Leaving parking,,Other angle,Car (sedan/hatch),Car (sedan/hatch),2,0,0,0,1,5,May,Autumn,Tuesday,14:00 - 15:59,Midday / afternoon,False,False,True,True
1353362,Injury,Minor/Other Injury,2024,2024,April,Sunday,14:00 - 15:59,BYNEDALE,RD,300,East,ELLIOTS,RD,RAND,,No,Not a school zone,2-way undivided,-35.600786,146.461657,Federation,Country non-urban,Rest of NSW - Rural,Curved,,,,Unknown / not stated,Unsealed,Dry,Fine,Daylight,Nil,No traffic controls,100 km/h,Local,88,Out of cont on bend,805,Out of control on bend,,Rollover,Motorcycle,,1,0,0,0,1,4,April,Autumn,Sunday,14:00 - 15:59,Midday / afternoon,False,False,True,True
1353363,Injury,Serious Injury,2024,2024,June,Monday,10:00 - 11:59,HARROW,RD,10,South,WATKIN,ST,BEXLEY,169.0,No,Not a school zone,X-intersection,-33.95287,151.131913,Bayside,Sydney metro. area,Syd-Newc-Woll Gtr conurbation,Straight,,,,Unknown / not stated,Sealed,Dry,Fine,Daylight,On,No traffic controls,60 km/h,Regional,30,Rear end,301,Same - Rear end,,Rear end,4 wheel drive / SUV,Car (sedan/hatch),3,0,1,0,0,6,June,Winter,Monday,10:00 - 11:59,Midday / afternoon,False,False,True,True
1353367,Injury,Minor/Other Injury,2024,2024,May,Wednesday,16:00 - 17:59,WESTERN,EXP,200,West,ROPER ROAD,OP,ST CLAIR,6004.0,No,Not a school zone,Dual freeway,-33.791086,150.805454,Penrith,Sydney metro. area,Syd-Newc-Woll Gtr conurbation,Straight,,,,Unknown / not stated,Sealed,Dry,Fine,Dusk,Nil,No traffic controls,110 km/h,State,30,Rear end,301,Same - Rear end,,Rear end,4 wheel drive / SUV,Car (sedan/hatch),3,0,0,0,1,5,May,Autumn,Wednesday,16:00 - 17:59,PM peak / evening commute,True,False,True,True
1353368,Injury,Minor/Other Injury,2024,2024,May,Sunday,12:00 - 13:59,CORONATION,PDE,0,Right on the spot,MITCHELL,ST,ENFIELD,668.0,No,Not a school zone,T-junction,-33.893161,151.090575,Burwood,Sydney metro. area,Syd-Newc-Woll Gtr conurbation,Straight,,,,Unknown / not stated,Sealed,Dry,Fine,Daylight,Nil,No traffic controls,60 km/h,State,13,Right near,104,Adj - Right-thru from right,,Right angle,4 wheel drive / SUV,Car (sedan/hatch),2,0,0,0,1,5,May,Autumn,Sunday,12:00 - 13:59,Midday / afternoon,False,False,True,True
1353372,Injury,Minor/Other Injury,2024,2024,May,Wednesday,14:00 - 15:59,DORA,ST,0,Right on the spot,STATION,ST,MORISSET,217.0,No,Not a school zone,T-junction,-33.108347,151.487812,Lake Macquarie,Newcastle met. area,Syd-Newc-Woll Gtr conurbation,Straight,,,,Unknown / not stated,Sealed,Dry,Fine,Daylight,Nil,No traffic controls,60 km/h,State,30,Rear end,301,Same - Rear end,,Rear end,Station wagon,Car (sedan/hatch),2,0,0,0,1,5,May,Autumn,Wednesday,14:00 - 15:59,Midday / afternoon,False,False,True,True
1353376,Injury,Minor/Other Injury,2024,2024,March,Tuesday,12:00 - 13:59,BURWOOD,RD,0,Right on the spot,NUMBER 107,HN,WHITEBRIDGE,,No,Not a school zone,2-way undivided,-32.979862,151.718239,Lake Macquarie,Newcastle met. area,Syd-Newc-Woll Gtr conurbation,Curved,,,,Unknown / not stated,Sealed,Dry,Fine,Daylight,Nil,No traffic controls,60 km/h,Local,49,Other manoeuvring,400,Manov - other,,Other angle,Self prop plant,4 wheel drive / SUV,2,0,0,0,1,3,March,Autumn,Tuesday,12:00 - 13:59,Midday / afternoon,False,False,True,True
1353380,Injury,Minor/Other Injury,2024,2024,May,Tuesday,18:00 - 19:59,NEW ENGLAND,HWY,50,East,KYLE,ST,RUTHERFORD,9.0,No,Not a school zone,2-way undivided,-32.706813,151.498536,Maitland,Country urban,Rest of NSW - Urban,Straight,Painted double centre lines,,,Unknown / not stated,Sealed,Dry,Fine,Darkness,Nil,No traffic controls,80 km/h,State,20,Head on,201,Opp - Head on,,Head-on,Utility,4 wheel drive / SUV,2,0,0,0,1,5,May,Autumn,Tuesday,18:00 - 19:59,PM peak / evening commute,True,False,True,True
1353384,Injury,Minor/Other Injury,2024,2024,May,Tuesday,16:00 - 17:59,WAKEHURST,PKWY,500,South,WARRINGAH,RD,FRENCHS FOREST,397.0,No,Not a school zone,2-way undivided,-33.757038,151.23331,Northern Beaches,Sydney metro. area,Syd-Newc-Woll Gtr conurbation,Straight,,,,Nil,Sealed,Dry,Fine,Daylight,Nil,No traffic controls,80 km/h,State,30,Rear end,301,Same - Rear end,,Rear end,4 wheel drive / SUV,Light truck,4,0,0,0,1,5,May,Autumn,Tuesday,16:00 - 17:59,PM peak / evening commute,True,False,True,True
1353385,Injury,Minor/Other Injury,2024,2024,May,Monday,14:00 - 15:59,CAMDEN VALLEY,WAY,0,Right on the spot,ORAN PARK,DR,HARRINGTON PARK,620.0,No,Not a school zone,X-intersection,-34.02016,150.760949,Camden,Sydney metro. area,Syd-Newc-Woll Gtr conurbation,Straight,,,,Unknown / not stated,Sealed,Dry,Fine,Daylight,On,No traffic controls,60 km/h,State,30,Rear end,301,Same - Rear end,,Rear end,Large rigid,Car (sedan/hatch),2,0,0,0,1,5,May,Autumn,Monday,14:00 - 15:59,Midday / afternoon,False,False,True,True
1353388,Injury,Moderate Injury,2024,2024,May,Sunday,00:01 - 01:59,OLD BALLANDEAN,RD,0,Right on the spot,PELHAM,ST,TENTERFIELD,,No,Not a school zone,X-intersection,-29.024598,152.015972,Tenterfield,Country non-urban,Rest of NSW - Rural,Straight,Ditch/drain/culvert,,,Unknown / not stated,Sealed,Wet,Raining,Darkness,Nil,Stop sign,100 km/h,Local,71,Off rd left => obj,703,Left off cway into object,,Vehicle - Object,Car (sedan/hatch),,1,0,0,1,0,5,May,Autumn,Sunday,00:01 - 01:59,Late night / early morning,False,False,True,True
1353390,Injury,Minor/Other Injury,2024,2024,May,Wednesday,16:00 - 17:59,MAIN,RD,0,Right on the spot,VIEWPOINT,DR,TOUKLEY,509.0,No,Not a school zone,T-junction,-33.262915,151.521458,Central Coast,Country urban,Syd-Newc-Woll Gtr conurbation,Curved,,,,Unknown / not stated,Sealed,Dry,Fine,Dusk,Nil,Give way sign,50 km/h,State,30,Rear end,301,Same - Rear end,,Rear end,Car (sedan/hatch),Car (sedan/hatch),2,0,0,0,1,5,May,Autumn,Wednesday,16:00 - 17:59,PM peak / evening commute,True,False,True,True
1353392,Injury,Minor/Other Injury,2024,2024,February,Friday,20:00 - 21:59,THE GRAND,PDE,10,South,MALUA,ST,SANS SOUCI,194.0,No,Not a school zone,T-junction,-33.991827,151.146169,Bayside,Sydney metro. area,Syd-Newc-Woll Gtr conurbation,Straight,,,,Unknown / not stated,Sealed,Dry,Fine,Darkness,Nil,Give way sign,60 km/h,State,35,Lane change left,307,Same - Lane change left,,Other angle,Unknown motor vehicle,Motorcycle,2,0,0,0,1,2,February,Summer,Friday,20:00 - 21:59,Evening / night,False,False,True,True
1353393,Injury,Moderate Injury,2024,2024,April,Saturday,16:00 - 17:59,CAMPBELLTOWN,RD,0,Right on the spot,ROSE PAYTEN,DR,LEUMEAH,177.0,No,Not a school zone,T-junction,-34.045472,150.829469,Campbelltown,Sydney metro. area,Syd-Newc-Woll Gtr conurbation,Curved,,,,Unknown / not stated,Sealed,Dry,Fine,Daylight,Unknown / not stated,No traffic controls,60 km/h,State,30,Rear end,301,Same - Rear end,,Rear end,4 wheel drive / SUV,Light truck utility(from 2018),2,0,0,1,0,4,April,Autumn,Saturday,16:00 - 17:59,PM peak / evening commute,True,False,True,True
1353397,Injury,Moderate Injury,2024,2024,May,Friday,10:00 - 11:59,QUANDIALLA,RD,25,North,BACK CREEK,RD,WYALONG,,No,Not a school zone,2-way undivided,-33.935614,147.344265,Bland,Country non-urban,Rest of NSW - Rural,Curved,,,,Unknown / not stated,Sealed,Wet,Raining,Daylight,Nil,No traffic controls,100 km/h,Local,67,Struck animal,609,On path - Hit animal,,Vehicle - Animal,4 wheel drive / SUV,,1,0,0,1,0,5,May,Autumn,Friday,10:00 - 11:59,Midday / afternoon,False,False,True,True
1353404,Injury,Moderate Injury,2024,2024,June,Sunday,20:00 - 21:59,NEW ENGLAND,HWY,1000,South,GOLDEN HIGHWAH,TO,WHITTINGHAM,9.0,No,Not a school zone,Divided road,-32.645303,151.243763,Singleton,Country urban,Rest of NSW - Urban,Straight,,,,Unknown / not stated,Sealed,Dry,Fine,Darkness,Nil,No traffic controls,80 km/h,State,67,Struck animal,609,On path - Hit animal,,Vehicle - Animal,4 wheel drive / SUV,,1,0,0,1,0,6,June,Winter,Sunday,20:00 - 21:59,Evening / night,False,False,True,True
1353406,Injury,Moderate Injury,2024,2024,June,Thursday,20:00 - 21:59,WALSH,AVE,0,Right on the spot,WILD,ST,MAROUBRA,,Yes,No,Roundabout,-33.944805,151.232651,Randwick,Sydney metro. area,Syd-Newc-Woll Gtr conurbation,Straight,,,,Unknown / not stated,Sealed,Wet,Raining,Darkness,Nil,Give way sign,50 km/h,Local,10,Cross traffic,101,Adj - Cross traffic,,Right angle,Car (sedan/hatch),Car (sedan/hatch),2,0,0,1,0,6,June,Winter,Thursday,20:00 - 21:59,Evening / night,False,False,True,True
1353409,Injury,Moderate Injury,2024,2024,June,Friday,12:00 - 13:59,SOUTHERN,EXP,500,South,EMERSON ROAD,OP,DAPTO,6006.0,No,Not a school zone,Dual freeway,-34.508534,150.789564,Wollongong,Wollongong met. area,Syd-Newc-Woll Gtr conurbation,Curved,,,,Unknown / not stated,Sealed,Wet,Raining,Daylight,Nil,No traffic controls,100 km/h,State,87,Off lft/lft bnd=>obj,804,Off left bend into obj,Left,Vehicle - Object,Passenger van,,1,0,0,1,0,6,June,Winter,Friday,12:00 - 13:59,Midday / afternoon,False,False,True,True
1353412,Injury,Minor/Other Injury,2024,2024,May,Wednesday,16:00 - 17:59,PACIFIC,HWY,0,Right on the spot,WENTWORTH,AVE,DOYALSON,10.0,No,Not a school zone,T-junction,-33.197706,151.524507,Central Coast,Country urban,Syd-Newc-Woll Gtr conurbation,Straight,Steep grade,,,Unknown / not stated,Sealed,Dry,Fine,Dusk,Nil,Give way sign,80 km/h,State,13,Right near,104,Adj - Right-thru from right,,Right angle,4 wheel drive / SUV,Car (sedan/hatch),2,0,0,0,1,5,May,Autumn,Wednesday,16:00 - 17:59,PM peak / evening commute,True,False,True,True
1353416,Injury,Minor/Other Injury,2024,2024,May,Friday,08:00 - 09:59,PENSHURST,ST,0,Right on the spot,FORSYTH,ST,NORTH WILLOUGHBY,641.0,No,Not a school zone,X-intersection,-33.797672,151.197844,Willoughby,Sydney metro. area,Syd-Newc-Woll Gtr conurbation,Straight,,,,Unknown / not stated,Sealed,Dry,Fine,Daylight,Nil,Give way sign,60 km/h,State,45,Reversing,404,Manov - Reverse in traffic,,Other angle,4 wheel drive / SUV,Car (sedan/hatch),2,0,0,0,1,5,May,Autumn,Friday,08:00 - 09:59,AM peak / school commute,True,False,True,True
1353418,Injury,Minor/Other Injury,2024,2024,May,Saturday,12:00 - 13:59,PITTWATER,RD,0,Right on the spot,HARBORD,RD,DEE WHY,164.0,No,Not a school zone,X-intersection,-33.758768,151.280465,Northern Beaches,Sydney metro. area,Syd-Newc-Woll Gtr conurbation,Curved,Steep grade,,,Unknown / not stated,Sealed,Dry,Fine,Daylight,On,No traffic controls,60 km/h,State,30,Rear end,301,Same - Rear end,,Rear end,Car (sedan/hatch),4 wheel drive / SUV,2,0,0,0,1,5,May,Autumn,Saturday,12:00 - 13:59,Midday / afternoon,False,False,True,True
1353420,Injury,Minor/Other Injury,2024,2024,June,Saturday,12:00 - 13:59,THE BOGAN,WAY,0,Right on the spot,KADINA,BDGE,BOGAN GATE,350.0,No,Not a school zone,2-way undivided,-33.092947,147.803541,Parkes,Country non-urban,Rest of NSW - Rural,Curved,Other bridge,,,Unknown / not stated,Sealed,Dry,Fine,Daylight,Nil,No traffic controls,100 km/h,Regional,85,Off rt/lft bnd=>obj,804,Off left bend into obj,Right,Vehicle - Object,Car (sedan/hatch),,1,0,0,0,2,6,June,Winter,Saturday,12:00 - 13:59,Midday / afternoon,False,False,True,True
1353423,Injury,Moderate Injury,2024,2024,May,Thursday,10:00 - 11:59,GREAT WESTERN,HWY,0,Right on the spot,WOODVILLE ROAD,TO,GRANVILLE,5.0,No,Not a school zone,Divided road,-33.828258,151.006401,Parramatta,Sydney metro. area,Syd-Newc-Woll Gtr conurbation,Straight,,,,Unknown / not stated,Sealed,Dry,Fine,Daylight,Nil,No traffic controls,60 km/h,State,30,Rear end,301,Same - Rear end,,Rear end,Motorcycle,4 wheel drive / SUV,2,0,0,1,0,5,May,Autumn,Thursday,10:00 - 11:59,Midday / afternoon,False,False,True,True
1353430,Injury,Minor/Other Injury,2024,2024,May,Saturday,12:00 - 13:59,COWARD,ST,10,West,OLIVER,ST,MASCOT,,No,Not a school zone,T-junction,-33.92512,151.192492,Bayside,Sydney metro. area,Syd-Newc-Woll Gtr conurbation,Straight,Driveway/entrance,,,Nil,Sealed,Dry,Fine,Daylight,Nil,Give way sign,50 km/h,Local,7,Driveway,7,Ped - driveway,,Vehicle - Pedestrian,Car (sedan/hatch),Pedestrian,2,0,0,0,1,5,May,Autumn,Saturday,12:00 - 13:59,Midday / afternoon,False,False,True,True
1353432,Injury,Minor/Other Injury,2024,2024,May,Tuesday,16:00 - 17:59,WAKEHURST,PKWY,0,Right on the spot,JUDITH,ST,SEAFORTH,397.0,No,Not a school zone,T-junction,-33.780485,151.23795,Northern Beaches,Sydney metro. area,Syd-Newc-Woll Gtr conurbation,Straight,,,,On,Sealed,Dry,Fine,Darkness,Nil,No traffic controls,60 km/h,State,32,Right rear,303,Same - Rear right,,Rear end,Car (sedan/hatch),4 wheel drive / SUV,2,0,0,0,1,5,May,Autumn,Tuesday,16:00 - 17:59,PM peak / evening commute,True,False,True,True
1353434,Injury,Moderate Injury,2024,2024,May,Wednesday,10:00 - 11:59,THOMAS,ST,10,West,QUAY,ST,HAYMARKET,,No,Not a school zone,X-intersection,-33.881541,151.203134,Sydney,Sydney metro. area,Syd-Newc-Woll Gtr conurbation,Straight,,,,Unknown / not stated,Sealed,Dry,Fine,Daylight,Nil,No traffic controls,40 km/h,Local,42,Leaving parking,401,Manov - Leaving parking,,Other angle,4 wheel drive / SUV,Car (sedan/hatch),2,0,0,1,0,5,May,Autumn,Wednesday,10:00 - 11:59,Midday / afternoon,False,False,True,True
1353435,Injury,Minor/Other Injury,2024,2024,May,Wednesday,06:00 - 07:59,THE HORSLEY,DR,70,West,CUMBERLAND,HWY,SMITHFIELD,2105.0,Yes,No,Divided road,-33.853415,150.939899,Fairfield,Sydney metro. area,Syd-Newc-Woll Gtr conurbation,Straight,Driveway/entrance,,,Unknown / not stated,Sealed,Wet,Raining,Daylight,Nil,No traffic controls,60 km/h,Regional,47,Emerging from drive,406,Manov - Emerging from driveway,,Right angle,Light truck,4 wheel drive / SUV,2,0,0,0,1,5,May,Autumn,Wednesday,06:00 - 07:59,AM peak / school commute,True,False,True,True
1353438,Injury,Minor/Other Injury,2024,2024,June,Monday,14:00 - 15:59,FALCON,ST,0,Right on the spot,TRAMWAY,LANE,NEUTRAL BAY,164.0,No,Not a school zone,T-junction,-33.830091,151.21715,North Sydney,Sydney metro. area,Syd-Newc-Woll Gtr conurbation,Straight,,,,Unknown / not stated,Sealed,Dry,Fine,Daylight,Nil,Give way sign,60 km/h,State,32,Right rear,303,Same - Rear right,,Rear end,4 wheel drive / SUV,Motor scooter,2,0,0,0,1,6,June,Winter,Monday,14:00 - 15:59,Midday / afternoon,False,False,True,True
1353440,Injury,Moderate Injury,2024,2024,June,Sunday,20:00 - 21:59,CLYDE,ST,100,North,WELLS,ST,SOUTH GRANVILLE,7101.0,Yes,No,2-way undivided,-33.84955,151.012104,Cumberland,Sydney metro. area,Syd-Newc-Woll Gtr conurbation,Straight,Driveway/entrance,,,On,Sealed,Dry,Fine,Darkness,Nil,No traffic controls,60 km/h,Regional,40,U turn,207,Opp - U-turn,,Other angle,Car (sedan/hatch),Light truck,2,0,0,1,0,6,June,Winter,Sunday,20:00 - 21:59,Evening / night,False,False,True,True
1353444,Injury,Minor/Other Injury,2024,2024,May,Wednesday,14:00 - 15:59,UNIVERSITY,DR,0,Right on the spot,STANNETT,ST,CALLAGHAN,605.0,No,Not a school zone,X-intersection,-32.896925,151.70617,Newcastle,Newcastle met. area,Syd-Newc-Woll Gtr conurbation,Curved,Steep grade,,,Unknown / not stated,Sealed,Dry,Fine,Daylight,On,No traffic controls,60 km/h,State,21,Right through,202,Opp - Right-thru,,Other angle,Car (sedan/hatch),Car (sedan/hatch),2,0,0,0,1,5,May,Autumn,Wednesday,14:00 - 15:59,Midday / afternoon,False,False,True,True
1353446,Injury,Minor/Other Injury,2024,2024,April,Sunday,12:00 - 13:59,MT WALKER,RD,70,South,DELTA RIDGE,RD,BOWENFELS,,No,Not a school zone,2-way undivided,-33.493643,150.071937,Lithgow,Country urban,Rest of NSW - Urban,Straight,,,,Unknown / not stated,Unsealed,Dry,Fine,Daylight,Nil,No traffic controls,50 km/h,Local,73,Off rd rght => obj,704,Right off cway into obj,,Vehicle - Object,Motorcycle,,1,0,0,0,1,4,April,Autumn,Sunday,12:00 - 13:59,Midday / afternoon,False,False,True,True
1353449,Injury,Moderate Injury,2024,2024,June,Monday,14:00 - 15:59,MANNS,RD,25,West,NARARA,CRES,WYOMING,349.0,No,Not a school zone,Divided road,-33.39809,151.343341,Central Coast,Country urban,Syd-Newc-Woll Gtr conurbation,Straight,,,,Unknown / not stated,Sealed,Dry,Fine,Daylight,Nil,No traffic controls,50 km/h,State,30,Rear end,301,Same - Rear end,,Rear end,4 wheel drive / SUV,Car (sedan/hatch),2,0,0,1,0,6,June,Winter,Monday,14:00 - 15:59,Midday / afternoon,False,False,True,True
1353450,Injury,Minor/Other Injury,2024,2024,April,Tuesday,08:00 - 09:59,HUME,HWY,0,Right on the spot,CENTENARY,DR,STRATHFIELD,2.0,No,Not a school zone,T-junction,-33.885876,151.069295,Strathfield,Sydney metro. area,Syd-Newc-Woll Gtr conurbation,Straight,,,,Unknown / not stated,Sealed,Dry,Fine,Daylight,On,No traffic controls,60 km/h,State,30,Rear end,301,Same - Rear end,,Rear end,Car (sedan/hatch),4 wheel drive / SUV,2,0,0,0,1,4,April,Autumn,Tuesday,08:00 - 09:59,AM peak / school commute,True,False,True,True
1353452,Injury,Moderate Injury,2024,2024,June,Monday,16:00 - 17:59,CRESTWOOD,DR,0,Right on the spot,GIBSON,ST,GOULBURN,,No,Not a school zone,T-junction,-34.732363,149.72034,Goulburn Mulwaree,Country urban,Rest of NSW - Urban,Straight,,,,Unknown / not stated,Sealed,Dry,Overcast,Unknown,Nil,No traffic controls,50 km/h,Local,32,Right rear,303,Same - Rear right,,Rear end,Car (sedan/hatch),Light truck utility(from 2018),2,0,0,1,0,6,June,Winter,Monday,16:00 - 17:59,PM peak / evening commute,True,False,True,True
1353453,Injury,Moderate Injury,2024,2024,May,Friday,18:00 - 19:59,LITHGOW,ST,0,Right on the spot,MAIN,ST,LITHGOW,516.0,No,Not a school zone,T-junction,-33.482758,150.152782,Lithgow,Country urban,Rest of NSW - Urban,Straight,,,,Unknown / not stated,Sealed,Dry,Fine,Darkness,On,No traffic controls,50 km/h,State,21,Right through,202,Opp - Right-thru,,Other angle,Car (sedan/hatch),Car (sedan/hatch),2,0,0,1,0,5,May,Autumn,Friday,18:00 - 19:59,PM peak / evening commute,True,False,True,True
1353454,Injury,Minor/Other Injury,2024,2024,May,Monday,12:00 - 13:59,LANE COVE,RD,0,Right on the spot,WATERLOO,RD,MACQUARIE PARK,162.0,No,Not a school zone,X-intersection,-33.785156,151.128336,Ryde,Sydney metro. area,Syd-Newc-Woll Gtr conurbation,Straight,,,,Unknown / not stated,Sealed,Dry,Fine,Daylight,On,No traffic controls,70 km/h,State,30,Rear end,301,Same - Rear end,,Rear end,4 wheel drive / SUV,Large rigid,2,0,0,0,1,5,May,Autumn,Monday,12:00 - 13:59,Midday / afternoon,False,False,True,True
1353456,Injury,Minor/Other Injury,2024,2024,May,Thursday,10:00 - 11:59,GENERAL HOLMES,DR,0,Right on the spot,SOUTHERN CROSS DRIVE,TO,MASCOT,194.0,No,Not a school zone,Divided road,-33.94297,151.191813,Bayside,Sydney metro. area,Syd-Newc-Woll Gtr conurbation,Curved,,,,Unknown / not stated,Sealed,Dry,Fine,Daylight,Nil,No traffic controls,70 km/h,State,35,Lane change left,307,Same - Lane change left,,Other angle,Car (sedan/hatch),Light truck utility(from 2018),3,0,0,0,1,5,May,Autumn,Thursday,10:00 - 11:59,Midday / afternoon,False,False,True,True
1353457,Injury,Moderate Injury,2024,2024,May,Wednesday,16:00 - 17:59,SUNNYHOLT,RD,0,Right on the spot,FIFTH,AVE,BLACKTOWN,642.0,No,Not a school zone,X-intersection,-33.763693,150.913072,Blacktown,Sydney metro. area,Syd-Newc-Woll Gtr conurbation,Straight,,,,Unknown / not stated,Sealed,Dry,Fine,Daylight,On,No traffic controls,60 km/h,State,21,Right through,202,Opp - Right-thru,,Other angle,Car (sedan/hatch),Car (sedan/hatch),2,0,0,1,0,5,May,Autumn,Wednesday,16:00 - 17:59,PM peak / evening commute,True,False,True,True
1353459,Injury,Minor/Other Injury,2024,2024,April,Wednesday,18:00 - 19:59,FREDERICK,ST,0,Right on the spot,JOHN,ST,ASHFIELD,650.0,No,Not a school zone,X-intersection,-33.879953,151.123534,Inner West,Sydney metro. area,Syd-Newc-Woll Gtr conurbation,Curved,,,,Unknown / not stated,Sealed,Dry,Fine,Dusk,Nil,Stop sign,50 km/h,State,19,Other adjacent,100,Adj - other,,Right angle,Light truck utility(from 2018),4 wheel drive / SUV,2,0,0,0,1,4,April,Autumn,Wednesday,18:00 - 19:59,PM peak / evening commute,True,False,True,True
1353462,Injury,Serious Injury,2024,2024,January,Friday,16:00 - 17:59,THE HORSLEY,DR,0,Right on the spot,VINEYARD,AVE,SMITHFIELD,609.0,No,Not a school zone,T-junction,-33.855174,150.945241,Fairfield,Sydney metro. area,Syd-Newc-Woll Gtr conurbation,Straight,,,,Nil,Sealed,Dry,Fine,Daylight,Nil,Give way sign,60 km/h,State,21,Right through,202,Opp - Right-thru,,Other angle,Passenger van,Motorcycle,2,0,1,0,0,1,January,Summer,Friday,16:00 - 17:59,PM peak / evening commute,True,False,True,True
1353465,Injury,Serious Injury,2024,2024,January,Monday,00:01 - 01:59,PACIFIC,HWY,200,North,JACK WARDS,RD,KIWARRAK,10.0,No,Not a school zone,Divided road,-31.968697,152.463759,Mid-Coast,Country non-urban,Rest of NSW - Rural,Straight,,,,Off,Sealed,Dry,Fine,Darkness,Nil,No traffic controls,110 km/h,State,73,Off rd rght => obj,704,Right off cway into obj,,Vehicle - Object,Car (sedan/hatch),,1,0,1,0,0,1,January,Summer,Monday,00:01 - 01:59,Late night / early morning,False,False,True,True