crash_id,degree_of_crash,degree_of_crash_-_detailed,reporting_year,year_of_crash,month_of_crash,day_of_week_of_crash,two-hour_intervals,street_of_crash,street_type,distance,direction,identifying_feature,identifying_feature_type,town,route_no.,school_zone_location,school_zone_active,type_of_location,latitude,longitude,lga,urbanisation,conurbation_1,alignment,primary_permanent_feature,primary_temporary_feature,primary_hazardous_feature,street_lighting,road_surface,surface_condition,weather,natural_lighting,signals_operation,other_traffic_control,speed_limit,road_classification_(admin),rum_-_code,rum_-_description,dca_-_code,dca_-_description,dca_supplement,first_impact_type,key_tu_type,other_tu_type,no._of_traffic_units_involved,no._killed,no._seriously_injured,no._moderately_injured,no._minor-other_injured,month_num,month_label,season,day_label,time_label,time_band,is_peak_commute,is_fatal,is_injury,is_casualty
1353466,Injury,Serious Injury,2024,2024,January,Wednesday,16:00 - 17:59,WOODBERRY,RD,275,North,ANDERSON,DR,TARRO,,No,Not a school zone,2-way undivided,-32.808856,151.669356,Newcastle,Newcastle met. area,Syd-Newc-Woll Gtr conurbation,Curved,Painted double centre lines,,,Nil,Sealed,Dry,Fine,Daylight,Nil,No traffic controls,50 km/h,Local,20,Head on,201,Opp - Head on,,Head-on,Utility,Car (sedan/hatch),2,0,1,0,0,1,January,Summer,Wednesday,16:00 - 17:59,PM peak / evening commute,True,False,True,True
1353467,Injury,Serious Injury,2024,2024,January,Friday,22:00 - Midnight,PACIFIC,HWY,0,Right on the spot,GLEBE,RD,HAMILTON SOUTH,10.0,No,Not a school zone,X-intersection,-32.937794,151.748608,Newcastle,Newcastle met. area,Syd-Newc-Woll Gtr conurbation,Straight,,,,On,Sealed,Dry,Fine,Darkness,On,Ped crossing,60 km/h,State,2,Ped far side,3,Ped - Far side,,Vehicle - Pedestrian,4 wheel drive / SUV,Pedestrian,4,0,1,1,1,1,January,Summer,Friday,22:00 - Midnight,Evening / night,False,False,True,True
1353468,Injury,Serious Injury,2024,2024,January,Thursday,18:00 - 19:59,KING GEORGES,RD,20,South,CANTERBURY,RD,ROSELANDS,200.0,No,Not a school zone,Divided road,-33.929632,151.072301,Canterbury-Bankstown,Sydney metro. area,Syd-Newc-Woll Gtr conurbation,Straight,,,,Off,Sealed,Dry,Fine,Daylight,Nil,No traffic controls,60 km/h,State,30,Rear end,301,Same - Rear end,,Rear end,Large rigid,4 wheel drive / SUV,3,0,1,0,1,1,January,Summer,Thursday,18:00 - 19:59,PM peak / evening commute,True,False,True,True
1353469,Injury,Serious Injury,2024,2024,January,Tuesday,16:00 - 17:59,KING GEORGES,RD,0,Right on the spot,LAKEMBA,ST,WILEY PARK,200.0,No,Not a school zone,X-intersection,-33.921324,151.067603,Canterbury-Bankstown,Sydney metro. area,Syd-Newc-Woll Gtr conurbation,Straight,,,,Off,Sealed,Dry,Fine,Daylight,On,No traffic controls,60 km/h,State,21,Right through,202,Opp - Right-thru,,Other angle,4 wheel drive / SUV,Car (sedan/hatch),3,0,1,1,0,1,January,Summer,Tuesday,16:00 - 17:59,PM peak / evening commute,True,False,True,True
1353470,Injury,Serious Injury,2024,2024,January,Thursday,16:00 - 17:59,ROYSTON,ST,0,Right on the spot,NUMBER 14,HN,DARLINGHURST,,No,Not a school zone,2-way undivided,-33.876777,151.223116,Sydney,Sydney metro. area,Syd-Newc-Woll Gtr conurbation,Curved,,,,Off,Sealed,Dry,Fine,Daylight,Nil,No traffic controls,50 km/h,Local,3,Ped on carriageway,4,Ped - On carriageway,,Vehicle - Pedestrian,Car (sedan/hatch),Pedestrian,2,0,1,0,0,1,January,Summer,Thursday,16:00 - 17:59,PM peak / evening commute,True,False,True,True
1353471,Injury,Minor/Other Injury,2024,2024,January,Wednesday,16:00 - 17:59,KING,ST,0,Right on the spot,CASTLEREAGH,ST,SYDNEY,7308.0,No,Not a school zone,X-intersection,-33.869073,151.209667,Sydney,Sydney metro. area,Syd-Newc-Woll Gtr conurbation,Straight,,,,Off,Sealed,Dry,Fine,Daylight,On,No traffic controls,40 km/h,Regional,2,Ped far side,3,Ped - Far side,,Vehicle - Pedestrian,Car (sedan/hatch),Pedestrian,2,0,0,0,1,1,January,Summer,Wednesday,16:00 - 17:59,PM peak / evening commute,True,False,True,True
1353472,Injury,Moderate Injury,2024,2024,January,Saturday,22:00 - Midnight,ALT,ST,10,East,HENRY,ST,ASHFIELD,,No,Not a school zone,T-junction,-33.880224,151.129281,Inner West,Sydney metro. area,Syd-Newc-Woll Gtr conurbation,Straight,Steep grade,,,On,Sealed,Dry,Fine,Darkness,Nil,No traffic controls,50 km/h,Local,71,Off rd left => obj,703,Left off cway into object,,Other angle,Car (sedan/hatch),Station wagon,2,0,0,1,1,1,January,Summer,Saturday,22:00 - Midnight,Evening / night,False,False,True,True
1353474,Injury,Serious Injury,2024,2024,January,Thursday,16:00 - 17:59,ROYSTON,ST,30,South,CRAIGEND,ST,DARLINGHURST,,No,Not a school zone,2-way undivided,-33.876571,151.222914,Sydney,Sydney metro. area,Syd-Newc-Woll Gtr conurbation,Straight,Steep grade,,,Off,Sealed,Dry,Unknown,Daylight,Nil,No traffic controls,40 km/h,Local,90,Fell in/from vehicle,901,Fell in/from vehicle,,Person - Object,Car (sedan/hatch),,1,0,1,0,0,1,January,Summer,Thursday,16:00 - 17:59,PM peak / evening commute,True,False,True,True
1353475,Injury,Minor/Other Injury,2024,2024,January,Friday,06:00 - 07:59,BUNGENDORE,RD,1200,East,JOE ROCKS,RD,BUNGENDORE,7607.0,No,Not a school zone,2-way undivided,-35.229221,149.399819,Queanbeyan-Palerang Regional,Country urban,Rest of NSW - Urban,Curved,Ditch/drain/culvert,,,Nil,Sealed,Dry,Fine,Daylight,Nil,No traffic controls,80 km/h,Regional,85,Off rt/lft bnd=>obj,804,Off left bend into obj,Right,Vehicle - Object,Car (sedan/hatch),,1,0,0,0,1,1,January,Summer,Friday,06:00 - 07:59,AM peak / school commute,True,False,True,True
1353476,Injury,Moderate Injury,2024,2024,January,Sunday,22:00 - Midnight,FITZWILLIAM,RD,150,East,BUNGAREE,RD,TOONGABBIE,7152.0,No,Not a school zone,2-way undivided,-33.786025,150.962694,Parramatta,Sydney metro. area,Syd-Newc-Woll Gtr conurbation,Straight,Painted double centre lines,,,On,Sealed,Dry,Fine,Darkness,Nil,No traffic controls,60 km/h,Regional,20,Head on,201,Opp - Head on,,Head-on,Station wagon,Car (sedan/hatch),2,0,0,1,0,1,January,Summer,Sunday,22:00 - Midnight,Evening / night,False,False,True,True
1353477,Injury,Moderate Injury,2024,2024,February,Tuesday,12:00 - 13:59,MITCHELL,HWY,0,Right on the spot,THOMPSON,ST,DUBBO,7.0,No,Not a school zone,T-junction,-32.24215,148.586559,Dubbo Regional,Country urban,Rest of NSW - Urban,Straight,,,,Nil,Sealed,Wet,Raining,Daylight,Nil,Give way sign,60 km/h,State,10,Cross traffic,101,Adj - Cross traffic,,Right angle,Station wagon,4 wheel drive / SUV,2,0,0,1,1,2,February,Summer,Tuesday,12:00 - 13:59,Midday / afternoon,False,False,True,True
1353478,Injury,Serious Injury,2024,2024,January,Sunday,02:00 - 03:59,NEWBY,RD,0,Right on the spot,NUMBER 67,HN,PAMPOOLAH,,No,Not a school zone,2-way undivided,-31.931668,152.514667,Mid-Coast,Country non-urban,Rest of NSW - Rural,Straight,,,,Nil,Sealed,Dry,Fine,Darkness,Nil,No traffic controls,100 km/h,Local,73,Off rd rght => obj,704,Right off cway into obj,,Other angle,Quad bike,Quad bike,2,0,2,0,0,1,January,Summer,Sunday,02:00 - 03:59,Late night / early morning,False,False,True,True
1353479,Injury,Serious Injury,2024,2024,February,Saturday,08:00 - 09:59,PACIFIC,HWY,0,Right on the spot,HALLS,RD,NORTH BOAMBEE VALLEY,10.0,No,Not a school zone,T-junction,-30.305884,153.101604,Coffs Harbour,Country urban,Rest of NSW - Urban,Straight,,,,Off,Sealed,Dry,Fine,Daylight,On,No traffic controls,60 km/h,State,30,Rear end,301,Same - Rear end,,Rear end,Light truck utility(from 2018),Light truck utility(from 2018),5,0,1,1,0,2,February,Summer,Saturday,08:00 - 09:59,AM peak / school commute,True,False,True,True
1353480,Injury,Serious Injury,2024,2024,January,Saturday,18:00 - 19:59,HENRY LAWSON,DR,0,Right on the spot,NUMBER 653,HN,EAST HILLS,508.0,No,Not a school zone,2-way undivided,-33.964395,150.985213,Canterbury-Bankstown,Sydney metro. area,Syd-Newc-Woll Gtr conurbation,Curved,Painted double centre lines,,,Off,Sealed,Dry,Fine,Daylight,Nil,No traffic controls,60 km/h,State,20,Head on,201,Opp - Head on,,Head-on,Car (sedan/hatch),Car (sedan/hatch),3,0,2,0,0,1,January,Summer,Saturday,18:00 - 19:59,PM peak / evening commute,True,False,True,True
1353482,Injury,Serious Injury,2024,2024,February,Thursday,00:01 - 01:59,COWPASTURE,RD,0,Right on the spot,BRINGELLY ROAD,TO,HORNINGSEA PARK,648.0,No,Not a school zone,Divided road,-33.949626,150.838649,Liverpool,Sydney metro. area,Syd-Newc-Woll Gtr conurbation,Curved,,Police pursuit,,On,Sealed,Dry,Fine,Darkness,On,Ped crossing,80 km/h,State,85,Off rt/lft bnd=>obj,804,Off left bend into obj,Right,Vehicle - Object,4 wheel drive / SUV,,1,0,1,1,0,2,February,Summer,Thursday,00:01 - 01:59,Late night / early morning,False,False,True,True
1353483,Injury,Minor/Other Injury,2024,2024,February,Saturday,16:00 - 17:59,BULLOCKYS HUT,RD,320,West,BIG ROCK,RD,BODALLA,,No,Not a school zone,2-way undivided,-36.147355,150.005547,Eurobodalla,Country urban,Rest of NSW - Urban,Curved,Crest,,,Nil,Unsealed,Dry,Fine,Daylight,Nil,No traffic controls,50 km/h,Local,20,Head on,201,Opp - Head on,,Head-on,Motorcycle,Light truck utility(from 2018),2,0,0,0,1,2,February,Summer,Saturday,16:00 - 17:59,PM peak / evening commute,True,False,True,True
1353484,Injury,Serious Injury,2024,2024,February,Monday,06:00 - 07:59,CRESCENT,ST,0,Right on the spot,GIINAGAY,WAY,URUNGA,,No,Not a school zone,T-junction,-30.497536,153.014625,Bellingen,Country urban,Rest of NSW - Urban,Straight,,,,Nil,Sealed,Dry,Fine,Daylight,Nil,Give way sign,50 km/h,Local,16,Left near,107,Adj - Left-thru from right,,Right angle,Car (sedan/hatch),Pedal cycle,2,0,1,0,0,2,February,Summer,Monday,06:00 - 07:59,AM peak / school commute,True,False,True,True
1353485,Injury,Serious Injury,2024,2024,January,Thursday,20:00 - 21:59,RAILWAY,PDE,10,North,CANLEY VALE,RD,CANLEY VALE,7233.0,No,Not a school zone,T-junction,-33.887237,150.943377,Fairfield,Sydney metro. area,Syd-Newc-Woll Gtr conurbation,Straight,,,,On,Sealed,Dry,Fine,Darkness,On,No traffic controls,60 km/h,Regional,30,Rear end,301,Same - Rear end,,Rear end,Car (sedan/hatch),Car (sedan/hatch),2,0,1,0,0,1,January,Summer,Thursday,20:00 - 21:59,Evening / night,False,False,True,True
1353486,Injury,Moderate Injury,2024,2024,February,Friday,08:00 - 09:59,ALBERT,ST,30,West,JOHN,ST,WICKHAM,,No,Not a school zone,2-way undivided,-32.918157,151.755443,Newcastle,Newcastle met. area,Syd-Newc-Woll Gtr conurbation,Straight,,,,Off,Sealed,Wet,Overcast,Daylight,Nil,No traffic controls,50 km/h,Local,71,Off rd left => obj,703,Left off cway into object,,Vehicle - Object,Light truck,,1,0,0,1,0,2,February,Summer,Friday,08:00 - 09:59,AM peak / school commute,True,False,True,True
1353488,Injury,Serious Injury,2024,2024,February,Friday,12:00 - 13:59,GREENHAVEN,DR,214,South,BRISBANE,AVE,UMINA BEACH,,No,Not a school zone,2-way undivided,-33.521956,151.304724,Central Coast,Country urban,Syd-Newc-Woll Gtr conurbation,Straight,Crest,,,Off,Sealed,Dry,Fine,Daylight,Nil,No traffic controls,50 km/h,Local,74,On road-out of cont.,705,Out of control on cway,,Rollover,Motor scooter,,1,0,1,0,0,2,February,Summer,Friday,12:00 - 13:59,Midday / afternoon,False,False,True,True
1353492,Injury,Moderate Injury,2024,2024,February,Friday,18:00 - 19:59,GRINSELL,ST,0,Right on the spot,MARCH,ST,KOTARA,,No,Not a school zone,T-junction,-32.939677,151.702033,Newcastle,Newcastle met. area,Syd-Newc-Woll Gtr conurbation,Straight,,,,Nil,Sealed,Dry,Overcast,Daylight,Nil,No traffic controls,50 km/h,Local,21,Right through,202,Opp - Right-thru,,Other angle,Light truck utility(from 2018),Car (sedan/hatch),2,0,0,1,0,2,February,Summer,Friday,18:00 - 19:59,PM peak / evening commute,True,False,True,True
1353493,Injury,Serious Injury,2024,2024,January,Monday,10:00 - 11:59,MID WESTERN,HWY,5000,West,CARRATHOOL,RD,GUNBAR,6.0,No,Not a school zone,2-way undivided,-34.052964,145.477232,Carrathool,Country non-urban,Rest of NSW - Rural,Straight,,,Flooded/submerged,Nil,Sealed,Wet,Fine,Daylight,Nil,No traffic controls,110 km/h,State,72,Off road to right,702,Off carriageway to right,,Rollover,B-double (road train prior 98),,1,0,1,0,0,1,January,Summer,Monday,10:00 - 11:59,Midday / afternoon,False,False,True,True
1353494,Injury,Moderate Injury,2024,2024,February,Saturday,18:00 - 19:59,WEE JASPER,RD,130,South,VICTORIA,ST,YASS,278.0,No,Not a school zone,2-way undivided,-34.86011,148.916333,Yass Valley,Country urban,Rest of NSW - Urban,Curved,,,,Off,Sealed,Dry,Fine,Daylight,Nil,No traffic controls,50 km/h,Regional,20,Head on,201,Opp - Head on,,Head-on,Car (sedan/hatch),4 wheel drive / SUV,2,0,0,2,0,2,February,Summer,Saturday,18:00 - 19:59,PM peak / evening commute,True,False,True,True
1353495,Injury,Serious Injury,2024,2024,February,Sunday,14:00 - 15:59,WINE COUNTRY,DR,0,Right on the spot,BROKE,RD,POKOLBIN,220.0,No,Not a school zone,T-junction,-32.775321,151.34074,Cessnock,Country urban,Rest of NSW - Urban,Straight,,,,Nil,Sealed,Dry,Fine,Daylight,Nil,Stop sign,80 km/h,State,13,Right near,104,Adj - Right-thru from right,,Right angle,Passenger van,Motorcycle,2,0,1,0,0,2,February,Summer,Sunday,14:00 - 15:59,Midday / afternoon,False,False,True,True
1353497,Injury,Minor/Other Injury,2024,2024,February,Tuesday,14:00 - 15:59,CLERGATE,RD,390,North,CULLYA,RD,CLERGATE,,No,Not a school zone,2-way undivided,-33.197903,149.112251,Cabonne,Country non-urban,Rest of NSW - Rural,Curved,,,Potholes/corrugations/rough,Off,Sealed,Dry,Fine,Daylight,Nil,No traffic controls,100 km/h,Local,84,Off right/left bend,802,Off cway left bend,Right,Rollover,Motorcycle,,1,0,0,0,1,2,February,Summer,Tuesday,14:00 - 15:59,Midday / afternoon,False,False,True,True
1353498,Injury,Moderate Injury,2024,2024,February,Monday,14:00 - 15:59,DOBROYD,PDE,0,Right on the spot,WARATAH,ST,HABERFIELD,650.0,No,Not a school zone,T-junction,-33.873493,151.13723,Inner West,Sydney metro. area,Syd-Newc-Woll Gtr conurbation,Straight,,,,Nil,Sealed,Wet,Raining,Daylight,On,No traffic controls,60 km/h,State,32,Right rear,303,Same - Rear right,,Rear end,Light truck utility(from 2018),Car (sedan/hatch),2,0,0,1,0,2,February,Summer,Monday,14:00 - 15:59,Midday / afternoon,False,False,True,True
1353499,Injury,Serious Injury,2024,2024,February,Monday,04:00 - 05:59,NEWCASTLE,EXP,550,North,NEWCASTLE LINK,RD,CAMERON PARK,6003.0,No,Not a school zone,Other,-32.88858,151.605148,Lake Macquarie,Newcastle met. area,Syd-Newc-Woll Gtr conurbation,Straight,,,,Unknown / not stated,Sealed,Unknown,Unknown,Darkness,Nil,No traffic controls,80 km/h,State,71,Off rd left => obj,703,Left off cway into object,,Vehicle - Object,4 wheel drive / SUV,,1,0,1,0,0,2,February,Summer,Monday,04:00 - 05:59,Late night / early morning,False,False,True,True
1353500,Injury,Moderate Injury,2024,2024,March,Saturday,08:00 - 09:59,SYDENHAM,RD,0,Right on the spot,EDWARD,ST,MARRICKVILLE,664.0,No,Not a school zone,T-junction,-33.908487,151.160081,Inner West,Sydney metro. area,Syd-Newc-Woll Gtr conurbation,Curved,,,,Off,Sealed,Dry,Fine,Daylight,Nil,Give way sign,60 km/h,State,16,Left near,107,Adj - Left-thru from right,,Right angle,Car (sedan/hatch),Pedal cycle,2,0,0,1,0,3,March,Autumn,Saturday,08:00 - 09:59,AM peak / school commute,True,False,True,True
1353503,Injury,Serious Injury,2024,2024,February,Monday,18:00 - 19:59,OLD COOTAMUNDRA,RD,1000,East,DUDAUMAN,RD,COOTAMUNDRA,,No,Not a school zone,2-way undivided,-34.583061,147.874042,Cootamundra-Gundagai,Country non-urban,Rest of NSW - Rural,Straight,,,Potholes/corrugations/rough,Nil,Sealed,Dry,Fine,Daylight,Nil,No traffic controls,100 km/h,Local,72,Off road to right,702,Off carriageway to right,,Rollover,Motorcycle,,1,0,1,0,0,2,February,Summer,Monday,18:00 - 19:59,PM peak / evening commute,True,False,True,True
1353504,Injury,Serious Injury,2024,2024,February,Sunday,12:00 - 13:59,RICHMOND,RD,0,Right on the spot,FALMOUTH,RD,QUAKERS HILL,643.0,No,Not a school zone,X-intersection,-33.747281,150.879848,Blacktown,Sydney metro. area,Syd-Newc-Woll Gtr conurbation,Straight,,,,Off,Sealed,Dry,Fine,Daylight,On,No traffic controls,70 km/h,State,10,Cross traffic,101,Adj - Cross traffic,,Right angle,Car (sedan/hatch),4 wheel drive / SUV,2,0,1,1,0,2,February,Summer,Sunday,12:00 - 13:59,Midday / afternoon,False,False,True,True
1353505,Injury,Serious Injury,2024,2024,March,Wednesday,06:00 - 07:59,DELHI,RD,0,Right on the spot,M2 HILLS,EXP,NORTH RYDE,191.0,No,Not a school zone,T-junction,-33.793986,151.136294,Ryde,Sydney metro. area,Syd-Newc-Woll Gtr conurbation,Straight,,,,Nil,Sealed,Dry,Fine,Daylight,On,No traffic controls,60 km/h,State,11,Right far,102,Adj - Right-thru from left,,Right angle,Motorcycle,Light truck utility(from 2018),2,0,1,0,0,3,March,Autumn,Wednesday,06:00 - 07:59,AM peak / school commute,True,False,True,True
1353506,Injury,Moderate Injury,2024,2024,February,Saturday,16:00 - 17:59,MONARO,HWY,500,South,THE SNOWY RIVER,WAY,ANDO,19.0,No,Not a school zone,2-way undivided,-36.759064,149.257357,Snowy Monaro Regional,Country non-urban,Rest of NSW - Rural,Curved,Embankment/cutting,,,Nil,Sealed,Dry,Fine,Daylight,Nil,No traffic controls,100 km/h,State,81,Off left/rt bnd=>obj,803,Off right bend into obj,Left,Vehicle - Object,Light truck utility(from 2018),,1,0,0,1,1,2,February,Summer,Saturday,16:00 - 17:59,PM peak / evening commute,True,False,True,True
1353508,Injury,Moderate Injury,2024,2024,March,Friday,12:00 - 13:59,OXFORD,ST,0,Right on the spot,NUMBER 74,HN,PADDINGTON,172.0,No,Not a school zone,Divided road,-33.883038,151.22076,Woollahra,Sydney metro. area,Syd-Newc-Woll Gtr conurbation,Straight,,,,Off,Sealed,Dry,Fine,Daylight,Nil,No traffic controls,50 km/h,State,63,Vehicle door,604,On path - Vehicle door,,Other angle,Pedal cycle,Car (sedan/hatch),2,0,0,1,0,3,March,Autumn,Friday,12:00 - 13:59,Midday / afternoon,False,False,True,True
1353509,Injury,Serious Injury,2024,2024,February,Thursday,16:00 - 17:59,BURELLI,ST,0,Right on the spot,KEIRA,ST,WOLLONGONG,,No,Not a school zone,X-intersection,-34.426073,150.893115,Wollongong,Wollongong met. area,Syd-Newc-Woll Gtr conurbation,Straight,,,,Off,Sealed,Dry,Unknown,Daylight,On,Ped crossing,50 km/h,Local,2,Ped far side,3,Ped - Far side,,Vehicle - Pedestrian,Motorcycle,Pedestrian,2,0,1,1,0,2,February,Summer,Thursday,16:00 - 17:59,PM peak / evening commute,True,False,True,True
1353511,Injury,Moderate Injury,2024,2024,February,Sunday,14:00 - 15:59,NEWCASTLE,EXP,0,Right on the spot,HAWKESBURY RIVER,BDGE,MOONEY MOONEY,6003.0,No,Not a school zone,Dual freeway,-33.536005,151.199584,Central Coast,Country non-urban,Syd-Newc-Woll Gtr conurbation,Straight,Other bridge,,,Nil,Sealed,Dry,Fine,Daylight,Nil,No traffic controls,110 km/h,State,30,Rear end,301,Same - Rear end,,Rear end,Light truck utility(from 2018),4 wheel drive / SUV,2,0,0,1,0,2,February,Summer,Sunday,14:00 - 15:59,Midday / afternoon,False,False,True,True
1353513,Injury,Moderate Injury,2024,2024,March,Tuesday,14:00 - 15:59,PRINCES,HWY,150,South,NORTHCLIFFE,DR,KEMBLA GRANGE,1.0,No,Not a school zone,2-way undivided,-34.468953,150.824991,Wollongong,Wollongong met. area,Syd-Newc-Woll Gtr conurbation,Straight,,,,Off,Sealed,Dry,Fine,Daylight,Nil,No traffic controls,70 km/h,Regional,30,Rear end,301,Same - Rear end,,Rear end,4 wheel drive / SUV,Light truck utility(from 2018),4,0,0,1,0,3,March,Autumn,Tuesday,14:00 - 15:59,Midday / afternoon,False,False,True,True
1353514,Injury,Serious Injury,2024,2024,March,Monday,04:00 - 05:59,OLD RAZORBACK,RD,0,Right on the spot,NUMBER 445,HN,RAZORBACK,,No,Not a school zone,2-way undivided,-34.120994,150.670573,Wollondilly,Country urban,Syd-Newc-Woll Gtr conurbation,Curved,Embankment/cutting,,,Nil,Sealed,Dry,Fine,Dawn,Nil,No traffic controls,60 km/h,Local,81,Off left/rt bnd=>obj,803,Off right bend into obj,Left,Vehicle - Object,Station wagon,,1,0,1,0,0,3,March,Autumn,Monday,04:00 - 05:59,Late night / early morning,False,False,True,True
1353517,Injury,Serious Injury,2024,2024,March,Sunday,14:00 - 15:59,LAMBTON,RD,140,East,BRONTE,RD,BROADMEADOW,223.0,Yes,No,Divided road,-32.923684,151.727925,Newcastle,Newcastle met. area,Syd-Newc-Woll Gtr conurbation,Straight,,,,Off,Sealed,Dry,Fine,Daylight,On,Ped crossing,60 km/h,Regional,73,Off rd rght => obj,704,Right off cway into obj,,Vehicle - Object,Motorcycle,,1,0,1,0,0,3,March,Autumn,Sunday,14:00 - 15:59,Midday / afternoon,False,False,True,True
1353519,Injury,Serious Injury,2024,2024,March,Sunday,00:01 - 01:59,NUNDLE,RD,0,Right on the spot,TROUGH GULLY,RD,DUNGOWAN,105.0,No,Not a school zone,T-junction,-31.187614,151.084222,Tamworth Regional,Country urban,Rest of NSW - Urban,Curved,,,,On,Sealed,Dry,Fine,Darkness,Nil,No traffic controls,80 km/h,Regional,85,Off rt/lft bnd=>obj,804,Off left bend into obj,Right,Vehicle - Object,4 wheel drive / SUV,,1,0,1,0,0,3,March,Autumn,Sunday,00:01 - 01:59,Late night / early morning,False,False,True,True
1353521,Injury,Moderate Injury,2024,2024,March,Monday,16:00 - 17:59,WHARF,ST,125,North,FRANCES,ST,TWEED HEADS,7733.0,No,Not a school zone,Divided road,-28.172279,153.543161,Tweed,Country urban,Rest of NSW - Urban,Straight,Foot/cycle path/nature strip,,,Off,Sealed,Dry,Fine,Daylight,Nil,Ped crossing,50 km/h,Regional,48,From footpath,408,Manov - From footway,,Other angle,Pedal cycle,Car (sedan/hatch),2,0,0,1,0,3,March,Autumn,Monday,16:00 - 17:59,PM peak / evening commute,True,False,True,True
1353522,Injury,Serious Injury,2024,2024,March,Friday,06:00 - 07:59,PACIFIC,HWY,1000,South,FARLOWS LANE,OP,MACLEAN,10.0,No,Not a school zone,Divided road,-29.45958,153.215324,Clarence Valley,Country non-urban,Rest of NSW - Rural,Straight,,,,Off,Sealed,Dry,Fine,Daylight,Nil,No traffic controls,110 km/h,State,73,Off rd rght => obj,704,Right off cway into obj,,Vehicle - Object,Semi-trailer,,1,0,1,0,0,3,March,Autumn,Friday,06:00 - 07:59,AM peak / school commute,True,False,True,True
1353525,Injury,Serious Injury,2024,2024,March,Thursday,16:00 - 17:59,HUME,HWY,200,East,HINKLER,AVE,WARWICK FARM,2.0,No,Not a school zone,Divided road,-33.914188,150.928035,Liverpool,Sydney metro. area,Syd-Newc-Woll Gtr conurbation,Straight,Steep grade,,,Nil,Sealed,Dry,Fine,Daylight,Nil,No traffic controls,70 km/h,State,30,Rear end,301,Same - Rear end,,Rear end,Station wagon,Car (sedan/hatch),3,0,1,1,0,3,March,Autumn,Thursday,16:00 - 17:59,PM peak / evening commute,True,False,True,True
1353526,Injury,Moderate Injury,2024,2024,March,Tuesday,10:00 - 11:59,WATT,ST,0,Right on the spot,WHARF,RD,NEWCASTLE,,No,Not a school zone,Roundabout,-32.92585,151.785082,Newcastle,Newcastle met. area,Syd-Newc-Woll Gtr conurbation,Curved,,,,Off,Sealed,Dry,Fine,Daylight,Nil,Give way sign,40 km/h,Local,81,Off left/rt bnd=>obj,803,Off right bend into obj,Left,Vehicle - Object,Light truck utility(from 2018),,1,0,0,1,0,3,March,Autumn,Tuesday,10:00 - 11:59,Midday / afternoon,False,False,True,True
1353528,Injury,Serious Injury,2024,2024,March,Thursday,10:00 - 11:59,VICTORIA,RD,0,Right on the spot,COWELL,ST,RYDE,165.0,No,Not a school zone,T-junction,-33.816869,151.105608,Ryde,Sydney metro. area,Syd-Newc-Woll Gtr conurbation,Curved,,,,Off,Sealed,Dry,Fine,Daylight,Nil,No traffic controls,60 km/h,State,85,Off rt/lft bnd=>obj,804,Off left bend into obj,Right,Vehicle - Object,Motorcycle,,2,0,1,1,0,3,March,Autumn,Thursday,10:00 - 11:59,Midday / afternoon,False,False,True,True
1353529,Injury,Serious Injury,2024,2024,February,Sunday,18:00 - 19:59,CASTLEREAGH,HWY,6420,South,RIVERLEA,RD,CUDGEGONG,18.0,No,Not a school zone,2-way undivided,-32.735308,149.747576,Mid-Western Regional,Country non-urban,Rest of NSW - Rural,Curved,Steep grade,,,Nil,Sealed,Wet,Raining,Dusk,Nil,No traffic controls,100 km/h,State,87,Off lft/lft bnd=>obj,804,Off left bend into obj,Left,Vehicle - Object,Light truck utility(from 2018),,1,0,1,0,0,2,February,Summer,Sunday,18:00 - 19:59,PM peak / evening commute,True,False,True,True
1353530,Injury,Serious Injury,2024,2024,April,Tuesday,18:00 - 19:59,BIMBADEEN,RD,100,East,MOUNT VIEW,RD,MOUNT VIEW,,No,Not a school zone,2-way undivided,-32.854406,151.286451,Cessnock,Country urban,Rest of NSW - Urban,Curved,Steep grade,,,Nil,Sealed,Dry,Fine,Daylight,Nil,No traffic controls,80 km/h,Local,80,Off left/right bend,801,Off cway right bend,Left,Rollover,4 wheel drive / SUV,,1,0,1,0,0,4,April,Autumn,Tuesday,18:00 - 19:59,PM peak / evening commute,True,False,True,True
1353532,Injury,Moderate Injury,2024,2024,February,Monday,14:00 - 15:59,BONDI,RD,0,Right on the spot,BEN EDEN,ST,BONDI JUNCTION,172.0,No,Not a school zone,T-junction,-33.891609,151.253942,Waverley,Sydney metro. area,Syd-Newc-Woll Gtr conurbation,Straight,,,,Off,Sealed,Dry,Fine,Daylight,Nil,Give way sign,50 km/h,State,53,Overtake turning,506,Ovtak - Overtaking right turn,,Other angle,Light truck,Car (sedan/hatch),2,0,0,1,0,2,February,Summer,Monday,14:00 - 15:59,Midday / afternoon,False,False,True,True
1353537,Injury,Moderate Injury,2024,2024,February,Thursday,14:00 - 15:59,NEWELL,HWY,700,North,ATHOLE,RD,MORUNDAH,17.0,No,Not a school zone,2-way undivided,-35.095966,146.115186,Federation,Country non-urban,Rest of NSW - Rural,Straight,,,,Nil,Sealed,Dry,Fine,Daylight,Nil,No traffic controls,110 km/h,State,20,Head on,201,Opp - Head on,,Head-on,Light truck utility(from 2018),Light truck utility(from 2018),2,0,0,1,0,2,February,Summer,Thursday,14:00 - 15:59,Midday / afternoon,False,False,True,True