crash_id,degree_of_crash,degree_of_crash_-_detailed,reporting_year,year_of_crash,month_of_crash,day_of_week_of_crash,two-hour_intervals,street_of_crash,street_type,distance,direction,identifying_feature,identifying_feature_type,town,route_no.,school_zone_location,school_zone_active,type_of_location,latitude,longitude,lga,urbanisation,conurbation_1,alignment,primary_permanent_feature,primary_temporary_feature,primary_hazardous_feature,street_lighting,road_surface,surface_condition,weather,natural_lighting,signals_operation,other_traffic_control,speed_limit,road_classification_(admin),rum_-_code,rum_-_description,dca_-_code,dca_-_description,dca_supplement,first_impact_type,key_tu_type,other_tu_type,no._of_traffic_units_involved,no._killed,no._seriously_injured,no._moderately_injured,no._minor-other_injured,month_num,month_label,season,day_label,time_label,time_band,is_peak_commute,is_fatal,is_injury,is_casualty
1353538,Injury,Moderate Injury,2024,2024,April,Monday,14:00 - 15:59,BONDI,RD,30,East,PENKIVIL,ST,BONDI,172.0,No,Not a school zone,2-way undivided,-33.893561,151.261343,Waverley,Sydney metro. area,Syd-Newc-Woll Gtr conurbation,Straight,,,,Off,Sealed,Dry,Fine,Daylight,Nil,No traffic controls,50 km/h,State,63,Vehicle door,604,On path - Vehicle door,,Other angle,Pedal cycle,4 wheel drive / SUV,2,0,0,1,0,4,April,Autumn,Monday,14:00 - 15:59,Midday / afternoon,False,False,True,True
1353539,Injury,Minor/Other Injury,2024,2024,March,Friday,12:00 - 13:59,MONARO,HWY,640,South,MOUNT LIVINGSTONE,RD,MICHELAGO,19.0,No,Not a school zone,2-way undivided,-35.747267,149.161017,Snowy Monaro Regional,Country non-urban,Rest of NSW - Rural,Straight,,,,Off,Sealed,Dry,Fine,Daylight,Nil,No traffic controls,100 km/h,State,30,Rear end,301,Same - Rear end,,Rear end,Light truck utility(from 2018),Car (sedan/hatch),3,0,0,0,1,3,March,Autumn,Friday,12:00 - 13:59,Midday / afternoon,False,False,True,True
1353542,Injury,Serious Injury,2024,2024,March,Sunday,14:00 - 15:59,MILBRODALE,RD,3100,East,PUTTY,RD,FORDWICH,,No,Not a school zone,2-way undivided,-32.705833,151.032187,Singleton,Country urban,Rest of NSW - Urban,Curved,,,,Nil,Sealed,Dry,Fine,Daylight,Nil,No traffic controls,80 km/h,Local,81,Off left/rt bnd=>obj,803,Off right bend into obj,Left,Vehicle - Object,Motorcycle,,1,0,1,0,0,3,March,Autumn,Sunday,14:00 - 15:59,Midday / afternoon,False,False,True,True
1353545,Injury,Serious Injury,2024,2024,April,Saturday,16:00 - 17:59,GEORGE BOOTH,DR,0,Right on the spot,RICHMOND VALE,RD,RICHMOND VALE,527.0,No,Not a school zone,T-junction,-32.854873,151.5233,Cessnock,Country urban,Rest of NSW - Urban,Curved,Ditch/drain/culvert,,Loose gravel shoulder,Nil,Sealed,Dry,Fine,Daylight,Nil,Give way sign,80 km/h,State,82,Off right/right bend,801,Off cway right bend,Right,Rollover,Motorcycle,,1,0,1,0,0,4,April,Autumn,Saturday,16:00 - 17:59,PM peak / evening commute,True,False,True,True
1353546,Injury,Serious Injury,2024,2024,March,Tuesday,14:00 - 15:59,MAMRE,RD,100,South,ABBOTTS,RD,KEMPS CREEK,536.0,No,Not a school zone,2-way undivided,-33.858137,150.79086,Penrith,Sydney metro. area,Syd-Newc-Woll Gtr conurbation,Straight,,,,Off,Sealed,Dry,Fine,Daylight,Nil,No traffic controls,80 km/h,State,30,Rear end,301,Same - Rear end,,Rear end,Car (sedan/hatch),Light truck,4,0,2,3,0,3,March,Autumn,Tuesday,14:00 - 15:59,Midday / afternoon,False,False,True,True
1353547,Injury,Moderate Injury,2024,2024,March,Thursday,02:00 - 03:59,BURRENDONG,WAY,0,Right on the spot,NUMBER 6026,HN,STUART TOWN,573.0,No,Not a school zone,2-way undivided,-32.800648,149.062254,Dubbo Regional,Country urban,Rest of NSW - Urban,Curved,Driveway/entrance,,,Nil,Sealed,Dry,Fine,Darkness,Nil,No traffic controls,60 km/h,Regional,83,Off rt/rt bnd=>obj,803,Off right bend into obj,Right,Vehicle - Object,Light truck utility(from 2018),,1,0,0,1,0,3,March,Autumn,Thursday,02:00 - 03:59,Late night / early morning,False,False,True,True
1353548,Injury,Moderate Injury,2024,2024,April,Sunday,00:01 - 01:59,MCFARLANE,DR,15,North,BAROSSA,DR,MINCHINBURY,,Yes,No,2-way undivided,-33.78918,150.831082,Blacktown,Sydney metro. area,Syd-Newc-Woll Gtr conurbation,Curved,,,,On,Sealed,Dry,Fine,Darkness,Nil,No traffic controls,50 km/h,Local,83,Off rt/rt bnd=>obj,803,Off right bend into obj,Right,Other angle,4 wheel drive / SUV,4 wheel drive / SUV,2,0,0,1,0,4,April,Autumn,Sunday,00:01 - 01:59,Late night / early morning,False,False,True,True
1353549,Injury,Serious Injury,2024,2024,February,Thursday,18:00 - 19:59,KANANDAH,RD,1400,East,WENTWORTH,RD,BROKEN HILL,7507.0,No,Not a school zone,2-way undivided,-31.991916,141.429881,Broken Hill,Country urban,Rest of NSW - Urban,Curved,,,,Nil,Sealed,Wet,Raining,Daylight,Nil,No traffic controls,80 km/h,Regional,88,Out of cont on bend,805,Out of control on bend,,Rollover,4 wheel drive / SUV,,1,0,1,0,0,2,February,Summer,Thursday,18:00 - 19:59,PM peak / evening commute,True,False,True,True
1353551,Injury,Serious Injury,2024,2024,April,Tuesday,10:00 - 11:59,MAFEKING,RD,1300,West,FEDERAL,DR,GOONENGERRY,,No,Not a school zone,2-way undivided,-28.617324,153.430408,Byron,Country urban,Rest of NSW - Urban,Curved,Narrow roadway,,Potholes/corrugations/rough,Nil,Sealed,Dry,Fine,Daylight,Nil,No traffic controls,60 km/h,Local,20,Head on,201,Opp - Head on,,Head-on,Station wagon,Car (sedan/hatch),2,0,4,0,0,4,April,Autumn,Tuesday,10:00 - 11:59,Midday / afternoon,False,False,True,True
1353556,Injury,Serious Injury,2024,2024,April,Sunday,16:00 - 17:59,CANTERBURY,RD,0,Right on the spot,WONGA,ST,CANTERBURY,167.0,No,Not a school zone,T-junction,-33.914447,151.113636,Canterbury-Bankstown,Sydney metro. area,Syd-Newc-Woll Gtr conurbation,Straight,,,,Off,Sealed,Dry,Fine,Dusk,On,No traffic controls,60 km/h,State,12,Left far,103,Adj - Left-thru from left,,Right angle,Motorcycle,Car (sedan/hatch),3,0,1,1,0,4,April,Autumn,Sunday,16:00 - 17:59,PM peak / evening commute,True,False,True,True
1353558,Injury,Serious Injury,2024,2024,March,Sunday,12:00 - 13:59,VICTORIA,RD,0,Right on the spot,WEAVER,ST,GLADESVILLE,165.0,No,Not a school zone,T-junction,-33.821603,151.120507,Ryde,Sydney metro. area,Syd-Newc-Woll Gtr conurbation,Straight,Bus/transit lane,,,Off,Sealed,Dry,Overcast,Daylight,Nil,No traffic controls,60 km/h,State,1,Ped emerging,2,Ped - emerging,,Vehicle - Pedestrian,Other bus,Pedestrian,2,0,1,1,0,3,March,Autumn,Sunday,12:00 - 13:59,Midday / afternoon,False,False,True,True
1353559,Injury,Serious Injury,2024,2024,April,Thursday,06:00 - 07:59,MILITARY,RD,25,East,BELMONT,RD,MOSMAN,164.0,No,Not a school zone,Divided road,-33.826856,151.23203,Mosman,Sydney metro. area,Syd-Newc-Woll Gtr conurbation,Straight,Bus/transit lane,,,Nil,Sealed,Wet,Overcast,Dawn,Nil,No traffic controls,60 km/h,State,2,Ped far side,3,Ped - Far side,,Vehicle - Pedestrian,Car (sedan/hatch),Pedestrian,2,0,1,0,0,4,April,Autumn,Thursday,06:00 - 07:59,AM peak / school commute,True,False,True,True
1353562,Injury,Serious Injury,2024,2024,April,Tuesday,16:00 - 17:59,WOOTTON,WAY,2800,North,STONEY CREEK,RD,BOOLAMBAYTE,,No,Not a school zone,2-way undivided,-32.338694,152.26904,Mid-Coast,Country urban,Rest of NSW - Urban,Curved,Painted double centre lines,,,Nil,Sealed,Dry,Fine,Daylight,Nil,No traffic controls,80 km/h,Local,20,Head on,201,Opp - Head on,,Head-on,Car (sedan/hatch),Car (sedan/hatch),2,0,2,0,0,4,April,Autumn,Tuesday,16:00 - 17:59,PM peak / evening commute,True,False,True,True
1353563,Injury,Moderate Injury,2024,2024,March,Friday,20:00 - 21:59,PACIFIC,HWY,0,Right on the spot,BURDETT,ST,HORNSBY,10.0,No,Not a school zone,T-junction,-33.702357,151.099391,Hornsby,Sydney metro. area,Syd-Newc-Woll Gtr conurbation,Straight,,,,Nil,Sealed,Dry,Fine,Darkness,On,No traffic controls,60 km/h,State,21,Right through,202,Opp - Right-thru,,Other angle,4 wheel drive / SUV,Motorcycle,2,0,0,1,0,3,March,Autumn,Friday,20:00 - 21:59,Evening / night,False,False,True,True
1353564,Injury,Serious Injury,2024,2024,April,Monday,14:00 - 15:59,CASTLEREAGH,HWY,200,West,COX,ST,MUDGEE,18.0,No,Not a school zone,2-way undivided,-32.588933,149.577015,Mid-Western Regional,Country urban,Rest of NSW - Urban,Straight,,,,Nil,Sealed,Dry,Fine,Daylight,Nil,No traffic controls,50 km/h,State,71,Off rd left => obj,703,Left off cway into object,,Other angle,Utility,Car (sedan/hatch),4,0,1,0,0,4,April,Autumn,Monday,14:00 - 15:59,Midday / afternoon,False,False,True,True
1353565,Injury,Serious Injury,2024,2024,April,Tuesday,16:00 - 17:59,HAMPDEN,RD,0,Right on the spot,IRRIGATION,RD,MERRYLANDS,,No,Not a school zone,X-intersection,-33.828668,150.964459,Cumberland,Sydney metro. area,Syd-Newc-Woll Gtr conurbation,Straight,,,,Nil,Sealed,Wet,Raining,Daylight,Nil,Give way sign,50 km/h,Local,10,Cross traffic,101,Adj - Cross traffic,,Right angle,4 wheel drive / SUV,Light truck utility(from 2018),2,0,1,1,0,4,April,Autumn,Tuesday,16:00 - 17:59,PM peak / evening commute,True,False,True,True
1353567,Injury,Serious Injury,2024,2024,April,Thursday,14:00 - 15:59,OCEAN,DR,50,East,ADELINE,ST,NORTH HAVEN,600.0,No,Not a school zone,2-way undivided,-31.642683,152.811289,Port Macquarie-Hastings,Country urban,Rest of NSW - Urban,Straight,,,,Off,Sealed,Dry,Fine,Daylight,Nil,No traffic controls,50 km/h,Regional,20,Head on,201,Opp - Head on,,Head-on,Car (sedan/hatch),4 wheel drive / SUV,2,0,1,0,0,4,April,Autumn,Thursday,14:00 - 15:59,Midday / afternoon,False,False,True,True
1353568,Injury,Moderate Injury,2024,2024,April,Thursday,20:00 - 21:59,LIGHTHORSE,DR,0,Right on the spot,RAILWAY,PDE,WOONONA,,No,Not a school zone,T-junction,-34.354374,150.913617,Wollongong,Wollongong met. area,Syd-Newc-Woll Gtr conurbation,Straight,,Police pursuit,,On,Sealed,Dry,Fine,Darkness,Nil,Give way sign,40 km/h,Local,75,Off end of road,709,Off end cway or T junct,,Vehicle - Object,Motorcycle,,1,0,0,1,0,4,April,Autumn,Thursday,20:00 - 21:59,Evening / night,False,False,True,True
1353569,Injury,Moderate Injury,2024,2024,April,Monday,18:00 - 19:59,CHURCH,ST,35,South,HORATIO,ST,MUDGEE,,No,Not a school zone,2-way undivided,-32.599665,149.587012,Mid-Western Regional,Country urban,Rest of NSW - Urban,Straight,Driveway/entrance,,,On,Sealed,Dry,Fine,Darkness,Nil,No traffic controls,50 km/h,Local,47,Emerging from drive,406,Manov - Emerging from driveway,,Right angle,Car (sedan/hatch),4 wheel drive / SUV,3,0,0,1,1,4,April,Autumn,Monday,18:00 - 19:59,PM peak / evening commute,True,False,True,True
1353572,Injury,Moderate Injury,2024,2024,March,Tuesday,04:00 - 05:59,DOLLY,AVE,1000,West,ALISON,RD,SPRINGFIELD,,No,Not a school zone,2-way undivided,-33.423903,151.358547,Central Coast,Country urban,Syd-Newc-Woll Gtr conurbation,Curved,,,,Nil,Sealed,Dry,Fine,Darkness,Nil,No traffic controls,50 km/h,Local,85,Off rt/lft bnd=>obj,804,Off left bend into obj,Right,Vehicle - Object,Car (sedan/hatch),,1,0,0,1,0,3,March,Autumn,Tuesday,04:00 - 05:59,Late night / early morning,False,False,True,True
1353573,Injury,Serious Injury,2024,2024,April,Monday,14:00 - 15:59,PACIFIC,HWY,300,North,THOMPSONS,RD,COFFS HARBOUR,10.0,No,Not a school zone,Divided road,-30.303562,153.103685,Coffs Harbour,Country urban,Rest of NSW - Urban,Curved,Steep grade,,,Off,Sealed,Dry,Fine,Daylight,Nil,No traffic controls,60 km/h,State,2,Ped far side,3,Ped - Far side,,Vehicle - Pedestrian,Semi-trailer,Pedestrian,2,0,1,0,0,4,April,Autumn,Monday,14:00 - 15:59,Midday / afternoon,False,False,True,True
1353581,Injury,Serious Injury,2024,2024,April,Tuesday,20:00 - 21:59,HUME,HWY,30,South,PASSEFIELD,ST,LIVERPOOL,2.0,No,Not a school zone,Divided road,-33.931805,150.917091,Liverpool,Sydney metro. area,Syd-Newc-Woll Gtr conurbation,Straight,,,,On,Sealed,Dry,Fine,Darkness,Nil,No traffic controls,60 km/h,State,34,Lane change right,306,Same - Lane change right,,Other angle,Unknown motor vehicle,Motorcycle,2,0,1,0,0,4,April,Autumn,Tuesday,20:00 - 21:59,Evening / night,False,False,True,True
1353584,Injury,Minor/Other Injury,2024,2024,April,Thursday,18:00 - 19:59,ST JOHNS,RD,0,Right on the spot,THE PARKWAY,MS,BRADBURY,,No,Not a school zone,Roundabout,-34.089351,150.810563,Campbelltown,Sydney metro. area,Syd-Newc-Woll Gtr conurbation,Curved,,,,Unknown / not stated,Sealed,Dry,Fine,Darkness,Nil,Give way sign,60 km/h,Local,10,Cross traffic,101,Adj - Cross traffic,,Right angle,Car (sedan/hatch),Car (sedan/hatch),2,0,0,0,1,4,April,Autumn,Thursday,18:00 - 19:59,PM peak / evening commute,True,False,True,True
1353586,Injury,Minor/Other Injury,2024,2024,January,Sunday,20:00 - 21:59,KING,ST,10,South,REDMAN,AVE,THIRROUL,,No,Not a school zone,T-junction,-34.313936,150.922535,Wollongong,Wollongong met. area,Syd-Newc-Woll Gtr conurbation,Curved,,,,On,Sealed,Dry,Fine,Darkness,Nil,No traffic controls,50 km/h,Local,3,Ped on carriageway,4,Ped - On carriageway,,Vehicle - Pedestrian,4 wheel drive / SUV,Pedestrian,2,0,0,0,1,1,January,Summer,Sunday,20:00 - 21:59,Evening / night,False,False,True,True
1353587,Injury,Moderate Injury,2024,2024,May,Tuesday,16:00 - 17:59,JONES,ST,30,North,BARRIER,HWY,BROKEN HILL,,No,Not a school zone,2-way undivided,-31.956215,141.446057,Broken Hill,Country urban,Rest of NSW - Urban,Straight,,,,Nil,Sealed,Dry,Fine,Daylight,Nil,No traffic controls,50 km/h,Local,71,Off rd left => obj,703,Left off cway into object,,Other angle,Car (sedan/hatch),Car (sedan/hatch),2,0,0,1,0,5,May,Autumn,Tuesday,16:00 - 17:59,PM peak / evening commute,True,False,True,True
1353598,Injury,Minor/Other Injury,2024,2024,March,Thursday,16:00 - 17:59,STURT,HWY,8000,West,THE ROCKS,RD,BALRANALD,14.0,No,Not a school zone,2-way undivided,-34.625172,143.448796,Balranald,Country non-urban,Rest of NSW - Rural,Straight,,,,Nil,Sealed,Dry,Fine,Daylight,Nil,No traffic controls,110 km/h,State,67,Struck animal,609,On path - Hit animal,,Vehicle - Animal,Motorcycle,,1,0,0,0,1,3,March,Autumn,Thursday,16:00 - 17:59,PM peak / evening commute,True,False,True,True
1353601,Injury,Serious Injury,2024,2024,March,Wednesday,10:00 - 11:59,ELIZABETH,ST,9,South,PHILLIP,ST,REDFERN,2083.0,No,Not a school zone,X-intersection,-33.896219,151.206684,Sydney,Sydney metro. area,Syd-Newc-Woll Gtr conurbation,Straight,,,,Off,Sealed,Dry,Fine,Daylight,On,Ped crossing,50 km/h,Regional,2,Ped far side,3,Ped - Far side,,Vehicle - Pedestrian,Light truck,Pedestrian,2,0,1,0,0,3,March,Autumn,Wednesday,10:00 - 11:59,Midday / afternoon,False,False,True,True
1353602,Injury,Moderate Injury,2024,2024,May,Wednesday,14:00 - 15:59,TARALGA,RD,3000,East,CUMMINS,RD,LAGGAN,248.0,No,Not a school zone,2-way undivided,-34.408946,149.613033,Upper Lachlan,Country non-urban,Rest of NSW - Rural,Curved,,,,Nil,Sealed,Wet,Raining,Daylight,Nil,No traffic controls,100 km/h,Regional,87,Off lft/lft bnd=>obj,804,Off left bend into obj,Left,Vehicle - Object,Light truck utility(from 2018),,1,0,0,1,0,5,May,Autumn,Wednesday,14:00 - 15:59,Midday / afternoon,False,False,True,True
1353605,Injury,Serious Injury,2024,2024,April,Tuesday,18:00 - 19:59,MURRAY,ST,0,Right on the spot,PIRRAMA,RD,PYRMONT,,No,Not a school zone,L-junction,-33.868715,151.197798,Sydney,Sydney metro. area,Syd-Newc-Woll Gtr conurbation,Curved,Steep grade,Roadwks/Detour/Diverson,,On,Sealed,Dry,Fine,Dusk,On,Ped crossing,40 km/h,Local,81,Off left/rt bnd=>obj,803,Off right bend into obj,Left,Vehicle - Object,Motorcycle,,1,0,1,0,0,4,April,Autumn,Tuesday,18:00 - 19:59,PM peak / evening commute,True,False,True,True
1353606,Injury,Moderate Injury,2024,2024,April,Thursday,00:01 - 01:59,KAMILAROI,HWY,1000,North,COONABARABRAN,RD,QUIPOLLY,29.0,No,Not a school zone,2-way undivided,-31.462369,150.619875,Liverpool Plains,Country non-urban,Rest of NSW - Rural,Curved,,,,Nil,Sealed,Dry,Fine,Darkness,Nil,No traffic controls,100 km/h,State,20,Head on,201,Opp - Head on,,Head-on,Light truck utility(from 2018),Station wagon,2,0,0,1,0,4,April,Autumn,Thursday,00:01 - 01:59,Late night / early morning,False,False,True,True
1353607,Injury,Serious Injury,2024,2024,April,Thursday,18:00 - 19:59,POLDING,ST,0,Right on the spot,LIVERPOOL-PARRAMATTA TRANSITWAY,MS,BOSSLEY PARK,,No,Not a school zone,X-intersection,-33.856526,150.897138,Fairfield,Sydney metro. area,Syd-Newc-Woll Gtr conurbation,Straight,,,,On,Sealed,Wet,Raining,Darkness,On,No traffic controls,60 km/h,Local,10,Cross traffic,101,Adj - Cross traffic,,Right angle,Station wagon,Other bus,2,0,1,0,0,4,April,Autumn,Thursday,18:00 - 19:59,PM peak / evening commute,True,False,True,True
1353609,Injury,Serious Injury,2024,2024,May,Wednesday,12:00 - 13:59,CHURCH,ST,80,East,PRINCES,HWY,MORUYA,,No,Not a school zone,2-way undivided,-35.90924,150.081921,Eurobodalla,Country urban,Rest of NSW - Urban,Straight,,,,Nil,Sealed,Wet,Overcast,Daylight,Nil,Ped crossing,30 km/h,Local,2,Ped far side,3,Ped - Far side,,Vehicle - Pedestrian,4 wheel drive / SUV,Pedestrian,2,0,1,0,0,5,May,Autumn,Wednesday,12:00 - 13:59,Midday / afternoon,False,False,True,True
1353610,Injury,Serious Injury,2024,2024,May,Wednesday,10:00 - 11:59,BRIDGE,ST,300,West,ARGYLE,ST,PICTON,,No,Not a school zone,2-way undivided,-34.189166,150.601828,Wollondilly,Country urban,Syd-Newc-Woll Gtr conurbation,Curved,Driveway/entrance,,,Nil,Sealed,Wet,Raining,Daylight,Nil,No traffic controls,60 km/h,Local,47,Emerging from drive,406,Manov - Emerging from driveway,,Right angle,4 wheel drive / SUV,4 wheel drive / SUV,2,0,1,0,0,5,May,Autumn,Wednesday,10:00 - 11:59,Midday / afternoon,False,False,True,True
1353614,Injury,Minor/Other Injury,2024,2024,May,Wednesday,18:00 - 19:59,MARKET,ST,20,North,BEACH,ST,MERIMBULA,7622.0,No,Not a school zone,2-way undivided,-36.888745,149.910638,Bega Valley,Country urban,Rest of NSW - Urban,Straight,,,,On,Sealed,Wet,Raining,Darkness,Nil,No traffic controls,50 km/h,Regional,71,Off rd left => obj,703,Left off cway into object,,Vehicle - Object,Car (sedan/hatch),,1,0,0,0,1,5,May,Autumn,Wednesday,18:00 - 19:59,PM peak / evening commute,True,False,True,True
1353618,Injury,Moderate Injury,2024,2024,May,Thursday,10:00 - 11:59,ANZAC,PDE,0,Right on the spot,STOREY,ST,MAROUBRA,661.0,Yes,No,T-junction,-33.936958,151.238474,Randwick,Sydney metro. area,Syd-Newc-Woll Gtr conurbation,Straight,,,,Nil,Sealed,Wet,Raining,Daylight,Nil,Stop sign,50 km/h,State,10,Cross traffic,101,Adj - Cross traffic,,Right angle,Car (sedan/hatch),4 wheel drive / SUV,2,0,0,1,0,5,May,Autumn,Thursday,10:00 - 11:59,Midday / afternoon,False,False,True,True
1353620,Injury,Serious Injury,2024,2024,April,Tuesday,06:00 - 07:59,HUME,HWY,0,Right on the spot,HOMEPRIDE,AVE,WARWICK FARM,2.0,No,Not a school zone,T-junction,-33.914341,150.924756,Liverpool,Sydney metro. area,Syd-Newc-Woll Gtr conurbation,Straight,,,,On,Sealed,Dry,Fine,Dawn,On,No traffic controls,70 km/h,State,21,Right through,202,Opp - Right-thru,,Other angle,4 wheel drive / SUV,Motorcycle,2,0,1,0,0,4,April,Autumn,Tuesday,06:00 - 07:59,AM peak / school commute,True,False,True,True
1353621,Injury,Minor/Other Injury,2024,2024,April,Tuesday,06:00 - 07:59,GREAT WESTERN,HWY,200,West,HUNTINGWOOD,DR,ARNDELL PARK,5.0,No,Not a school zone,Divided road,-33.79491,150.88663,Blacktown,Sydney metro. area,Syd-Newc-Woll Gtr conurbation,Straight,Steep grade,,,Off,Sealed,Dry,Fine,Daylight,Nil,No traffic controls,80 km/h,State,30,Rear end,301,Same - Rear end,,Rear end,Car (sedan/hatch),Car (sedan/hatch),2,0,0,0,1,4,April,Autumn,Tuesday,06:00 - 07:59,AM peak / school commute,True,False,True,True
1353622,Injury,Moderate Injury,2024,2024,May,Sunday,08:00 - 09:59,ARCADIA,RD,0,Right on the spot,BLACKS,RD,ARCADIA,332.0,Yes,No,T-junction,-33.6231,151.052733,Hornsby,Sydney metro. area,Syd-Newc-Woll Gtr conurbation,Straight,,,,Nil,Sealed,Dry,Fine,Daylight,Nil,Give way sign,60 km/h,Regional,42,Leaving parking,401,Manov - Leaving parking,,Other angle,Motorcycle,Motorcycle,2,0,0,2,0,5,May,Autumn,Sunday,08:00 - 09:59,AM peak / school commute,True,False,True,True
1353623,Injury,Moderate Injury,2024,2024,May,Friday,08:00 - 09:59,PRINCES,HWY,0,Right on the spot,PARK,RD,BULLI,1.0,No,Not a school zone,T-junction,-34.333469,150.913313,Wollongong,Wollongong met. area,Syd-Newc-Woll Gtr conurbation,Straight,Steep grade,,,Off,Sealed,Dry,Fine,Daylight,On,No traffic controls,60 km/h,State,13,Right near,104,Adj - Right-thru from right,,Right angle,Light truck,Passenger van,2,0,0,2,0,5,May,Autumn,Friday,08:00 - 09:59,AM peak / school commute,True,False,True,True
1353625,Injury,Serious Injury,2024,2024,May,Friday,16:00 - 17:59,DAVIS,RD,0,Right on the spot,TRANSITWAY,MS,WETHERILL PARK,,No,Not a school zone,X-intersection,-33.836784,150.911467,Fairfield,Sydney metro. area,Syd-Newc-Woll Gtr conurbation,Straight,,,,Off,Sealed,Dry,Fine,Dusk,On,No traffic controls,50 km/h,Local,10,Cross traffic,101,Adj - Cross traffic,,Right angle,Large rigid,Other bus,2,0,1,2,0,5,May,Autumn,Friday,16:00 - 17:59,PM peak / evening commute,True,False,True,True
1353626,Injury,Moderate Injury,2024,2024,May,Sunday,00:01 - 01:59,REDBANK,RD,350,East,CHURCH,ST,MUDGEE,,No,Not a school zone,2-way undivided,-32.610377,149.588466,Mid-Western Regional,Country urban,Rest of NSW - Urban,Curved,,,,On,Sealed,Dry,Fine,Darkness,Nil,No traffic controls,50 km/h,Local,85,Off rt/lft bnd=>obj,804,Off left bend into obj,Right,Vehicle - Object,Light truck utility(from 2018),,1,0,0,1,0,5,May,Autumn,Sunday,00:01 - 01:59,Late night / early morning,False,False,True,True
1353627,Injury,Moderate Injury,2024,2024,April,Friday,14:00 - 15:59,BLAXLAND,RD,0,Right on the spot,NUMBER 579,HN,EASTWOOD,139.0,No,Not a school zone,2-way undivided,-33.791615,151.088442,Ryde,Sydney metro. area,Syd-Newc-Woll Gtr conurbation,Straight,Foot/cycle path/nature strip,,,Off,Sealed,Dry,Fine,Daylight,Nil,No traffic controls,60 km/h,State,47,Emerging from drive,406,Manov - Emerging from driveway,,Right angle,Car (sedan/hatch),Pedal cycle,2,0,0,1,0,4,April,Autumn,Friday,14:00 - 15:59,Midday / afternoon,False,False,True,True
1353630,Injury,Serious Injury,2024,2024,May,Saturday,10:00 - 11:59,OLD NORTHERN,RD,10,North,GALSTON,RD,DURAL,160.0,No,Not a school zone,T-junction,-33.681053,151.028481,Hornsby,Sydney metro. area,Syd-Newc-Woll Gtr conurbation,Straight,,,,Nil,Sealed,Dry,Overcast,Daylight,Nil,No traffic controls,60 km/h,State,20,Head on,201,Opp - Head on,,Head-on,Car (sedan/hatch),Car (sedan/hatch),2,0,2,0,0,5,May,Autumn,Saturday,10:00 - 11:59,Midday / afternoon,False,False,True,True
1353632,Injury,Serious Injury,2024,2024,April,Thursday,14:00 - 15:59,PITTWATER,RD,15,North,GANNET,ST,HUNTERS HILL,2052.0,No,Not a school zone,2-way undivided,-33.822704,151.133846,Ryde,Sydney metro. area,Syd-Newc-Woll Gtr conurbation,Straight,Painted double centre lines,,,Off,Sealed,Dry,Fine,Daylight,Nil,No traffic controls,60 km/h,Regional,0,Ped nearside,1,Ped - Near side,,Vehicle - Pedestrian,Car (sedan/hatch),Pedestrian,3,0,1,1,0,4,April,Autumn,Thursday,14:00 - 15:59,Midday / afternoon,False,False,True,True
1353635,Injury,Serious Injury,2024,2024,April,Tuesday,16:00 - 17:59,THE RIDGEWAY,MS,10,West,TUMBI,RD,WAMBERAL,7756.0,No,Not a school zone,T-junction,-33.383177,151.445854,Central Coast,Country urban,Syd-Newc-Woll Gtr conurbation,Curved,,,"Loose gravel, sealed",Nil,Sealed,Dry,Fine,Dusk,Nil,Stop sign,60 km/h,Regional,80,Off left/right bend,801,Off cway right bend,Left,Rollover,Motorcycle,,1,0,1,0,0,4,April,Autumn,Tuesday,16:00 - 17:59,PM peak / evening commute,True,False,True,True
1353637,Injury,Serious Injury,2024,2024,May,Tuesday,12:00 - 13:59,BRAIDWOOD,DR,10,West,WAGGA WAGGA,ST,PRESTONS,,No,Not a school zone,T-junction,-33.949302,150.862373,Liverpool,Sydney metro. area,Syd-Newc-Woll Gtr conurbation,Straight,,,,Nil,Sealed,Dry,Fine,Daylight,Nil,No traffic controls,50 km/h,Local,20,Head on,201,Opp - Head on,,Head-on,Car (sedan/hatch),Car (sedan/hatch),2,0,1,0,0,5,May,Autumn,Tuesday,12:00 - 13:59,Midday / afternoon,False,False,True,True
1353645,Injury,Moderate Injury,2024,2024,May,Wednesday,04:00 - 05:59,NEW ENGLAND,HWY,500,South,RANGE,RD,WHITTINGHAM,9.0,No,Not a school zone,Divided road,-32.60803,151.204378,Singleton,Country non-urban,Rest of NSW - Rural,Straight,,,,Nil,Sealed,Dry,Fog or mist,Darkness,Nil,No traffic controls,90 km/h,State,30,Rear end,301,Same - Rear end,,Rear end,Car (sedan/hatch),Light truck utility(from 2018),3,0,0,1,0,5,May,Autumn,Wednesday,04:00 - 05:59,Late night / early morning,False,False,True,True
1353649,Injury,Serious Injury,2024,2024,May,Tuesday,08:00 - 09:59,CESSNOCK,RD,500,South,REDWOOD,DR,GILLIESTON HEIGHTS,195.0,No,Not a school zone,2-way undivided,-32.768954,151.526818,Maitland,Country urban,Rest of NSW - Urban,Straight,,,,Off,Sealed,Wet,Fine,Daylight,Nil,No traffic controls,80 km/h,State,30,Rear end,301,Same - Rear end,,Rear end,4 wheel drive / SUV,Car (sedan/hatch),3,0,1,0,0,5,May,Autumn,Tuesday,08:00 - 09:59,AM peak / school commute,True,False,True,True
1353652,Injury,Moderate Injury,2024,2024,May,Thursday,14:00 - 15:59,BUENA VISTA,RD,70,South,SINGLES RIDGE,RD,WINMALEE,,No,Not a school zone,2-way undivided,-33.687639,150.597754,Blue Mountains,Country urban,Syd-Newc-Woll Gtr conurbation,Curved,Crest,,,Off,Sealed,Dry,Fine,Daylight,Nil,No traffic controls,50 km/h,Local,88,Out of cont on bend,805,Out of control on bend,,Rollover,Motorcycle,,1,0,0,1,0,5,May,Autumn,Thursday,14:00 - 15:59,Midday / afternoon,False,False,True,True
1353653,Injury,Serious Injury,2024,2024,April,Friday,14:00 - 15:59,MIMOSA,RD,15,North,GREENFIELD,RD,GREENFIELD PARK,7229.0,Yes,No,2-way undivided,-33.872057,150.889367,Fairfield,Sydney metro. area,Syd-Newc-Woll Gtr conurbation,Straight,,,,Nil,Sealed,Dry,Fine,Daylight,Nil,No traffic controls,60 km/h,Regional,2,Ped far side,3,Ped - Far side,,Vehicle - Pedestrian,Car (sedan/hatch),Pedestrian,2,0,1,0,0,4,April,Autumn,Friday,14:00 - 15:59,Midday / afternoon,False,False,True,True