crash_id,degree_of_crash,degree_of_crash_-_detailed,reporting_year,year_of_crash,month_of_crash,day_of_week_of_crash,two-hour_intervals,street_of_crash,street_type,distance,direction,identifying_feature,identifying_feature_type,town,route_no.,school_zone_location,school_zone_active,type_of_location,latitude,longitude,lga,urbanisation,conurbation_1,alignment,primary_permanent_feature,primary_temporary_feature,primary_hazardous_feature,street_lighting,road_surface,surface_condition,weather,natural_lighting,signals_operation,other_traffic_control,speed_limit,road_classification_(admin),rum_-_code,rum_-_description,dca_-_code,dca_-_description,dca_supplement,first_impact_type,key_tu_type,other_tu_type,no._of_traffic_units_involved,no._killed,no._seriously_injured,no._moderately_injured,no._minor-other_injured,month_num,month_label,season,day_label,time_label,time_band,is_peak_commute,is_fatal,is_injury,is_casualty
1353662,Injury,Moderate Injury,2024,2024,April,Thursday,18:00 - 19:59,GREENHILL,DR,0,Right on the spot,NUMBER 53,HN,GLENWOOD,,No,Not a school zone,2-way undivided,-33.741712,150.943135,Blacktown,Sydney metro. area,Syd-Newc-Woll Gtr conurbation,Curved,Driveway/entrance,,,On,Sealed,Dry,Fine,Darkness,Nil,No traffic controls,50 km/h,Local,81,Off left/rt bnd=>obj,803,Off right bend into obj,Left,Other angle,Light truck utility(from 2018),4 wheel drive / SUV,2,0,0,1,0,4,April,Autumn,Thursday,18:00 - 19:59,PM peak / evening commute,True,False,True,True
1353665,Injury,Minor/Other Injury,2024,2024,May,Sunday,16:00 - 17:59,FEDERAL,HWY,0,Right on the spot,BUNGENDORE,RD,BYWONG,3.0,No,Not a school zone,T-junction,-35.144839,149.333494,Queanbeyan-Palerang Regional,Country non-urban,Rest of NSW - Rural,Straight,,,,Nil,Sealed,Dry,Fine,Daylight,Nil,Give way sign,110 km/h,State,13,Right near,104,Adj - Right-thru from right,,Right angle,Unknown motor vehicle,Light truck utility(from 2018),2,0,0,0,1,5,May,Autumn,Sunday,16:00 - 17:59,PM peak / evening commute,True,False,True,True
1353671,Injury,Moderate Injury,2024,2024,April,Monday,18:00 - 19:59,CHARLESTOWN,RD,0,Right on the spot,MYALL,RD,KOTARA SOUTH,7769.0,No,Not a school zone,T-junction,-32.948689,151.685996,Lake Macquarie,Newcastle met. area,Syd-Newc-Woll Gtr conurbation,Straight,Steep grade,,,On,Sealed,Dry,Fine,Darkness,On,No traffic controls,60 km/h,Regional,81,Off left/rt bnd=>obj,707,Right turn,Left,Vehicle - Object,Car (sedan/hatch),,1,0,0,1,0,4,April,Autumn,Monday,18:00 - 19:59,PM peak / evening commute,True,False,True,True
1353672,Injury,Serious Injury,2024,2024,February,Wednesday,08:00 - 09:59,CAPTAIN COOK,DR,200,South,SIR JOSEPH BANKS,DR,KURNELL,7031.0,No,Not a school zone,2-way undivided,-34.019461,151.202556,Sutherland,Sydney metro. area,Syd-Newc-Woll Gtr conurbation,Straight,Foot/cycle path/nature strip,,,Off,Sealed,Dry,Fine,Daylight,Nil,No traffic controls,60 km/h,Regional,60,Parked,601,On path - Parked,,Other angle,Pedal cycle,Semi-trailer,2,0,1,0,0,2,February,Summer,Wednesday,08:00 - 09:59,AM peak / school commute,True,False,True,True
1353673,Injury,Minor/Other Injury,2024,2024,May,Saturday,12:00 - 13:59,ELIZABETH,ST,0,Right on the spot,REDFERN,ST,REDFERN,2083.0,No,Not a school zone,X-intersection,-33.893242,151.207298,Sydney,Sydney metro. area,Syd-Newc-Woll Gtr conurbation,Straight,,,,Off,Sealed,Wet,Raining,Daylight,On,No left turn,50 km/h,Regional,10,Cross traffic,101,Adj - Cross traffic,,Right angle,Pedal cycle,Car (sedan/hatch),2,0,0,0,1,5,May,Autumn,Saturday,12:00 - 13:59,Midday / afternoon,False,False,True,True
1353677,Injury,Minor/Other Injury,2024,2024,June,Saturday,14:00 - 15:59,BARRIER,HWY,0,Right on the spot,BAGOT,RD,BROKEN HILL,8.0,No,Not a school zone,X-intersection,-31.953121,141.474048,Broken Hill,Country urban,Rest of NSW - Urban,Straight,,,,Off,Sealed,Dry,Fine,Daylight,Nil,Give way sign,50 km/h,State,10,Cross traffic,101,Adj - Cross traffic,,Right angle,Utility,B-double (road train prior 98),3,0,0,0,1,6,June,Winter,Saturday,14:00 - 15:59,Midday / afternoon,False,False,True,True
1353678,Injury,Moderate Injury,2024,2024,April,Wednesday,14:00 - 15:59,COBB,HWY,0,Right on the spot,JONES,AVE,DENILIQUIN,21.0,No,Not a school zone,T-junction,-35.527561,144.972686,Edward River,Country urban,Rest of NSW - Urban,Straight,,,,Nil,Sealed,Dry,Fine,Daylight,Nil,Give way sign,50 km/h,State,35,Lane change left,307,Same - Lane change left,,Other angle,Light truck utility(from 2018),Light truck utility(from 2018),2,0,0,1,0,4,April,Autumn,Wednesday,14:00 - 15:59,Midday / afternoon,False,False,True,True
1353680,Injury,Minor/Other Injury,2024,2024,May,Wednesday,08:00 - 09:59,VICTORIA,RD,20,West,ATKINS,RD,ERMINGTON,165.0,No,Not a school zone,Divided road,-33.811283,151.063551,Parramatta,Sydney metro. area,Syd-Newc-Woll Gtr conurbation,Straight,,,,Off,Sealed,Dry,Fine,Daylight,Nil,No traffic controls,70 km/h,State,35,Lane change left,307,Same - Lane change left,,Other angle,Car (sedan/hatch),Car (sedan/hatch),2,0,0,0,1,5,May,Autumn,Wednesday,08:00 - 09:59,AM peak / school commute,True,False,True,True
1353683,Injury,Moderate Injury,2024,2024,April,Sunday,00:01 - 01:59,CLARENCE,WAY,3180,North,SANDY CREEK,RD,JOES BOX,361.0,No,Not a school zone,2-way undivided,-28.687197,152.594343,Kyogle,Country non-urban,Rest of NSW - Rural,Curved,Steep grade,,,Nil,Sealed,Dry,Fine,Darkness,Nil,No traffic controls,100 km/h,Regional,85,Off rt/lft bnd=>obj,804,Off left bend into obj,Right,Vehicle - Object,Car (sedan/hatch),,1,0,0,1,0,4,April,Autumn,Sunday,00:01 - 01:59,Late night / early morning,False,False,True,True
1353684,Injury,Minor/Other Injury,2024,2024,April,Sunday,16:00 - 17:59,LAKEWOOD,TCE,0,Right on the spot,WATERFORD,WAY,GLENMORE PARK,,No,Not a school zone,T-junction,-33.796524,150.687515,Penrith,Sydney metro. area,Syd-Newc-Woll Gtr conurbation,Curved,,,,Nil,Sealed,Dry,Fine,Daylight,Nil,No traffic controls,50 km/h,Local,10,Cross traffic,101,Adj - Cross traffic,,Right angle,Car (sedan/hatch),4 wheel drive / SUV,2,0,0,0,1,4,April,Autumn,Sunday,16:00 - 17:59,PM peak / evening commute,True,False,True,True
1353685,Injury,Serious Injury,2024,2024,June,Saturday,00:01 - 01:59,HOMER,ST,0,Right on the spot,NUMBER 206,HN,EARLWOOD,2021.0,No,Not a school zone,2-way undivided,-33.926754,151.12829,Canterbury-Bankstown,Sydney metro. area,Syd-Newc-Woll Gtr conurbation,Straight,,,,On,Sealed,Wet,Raining,Darkness,Nil,No traffic controls,50 km/h,Regional,71,Off rd left => obj,703,Left off cway into object,,Vehicle - Object,4 wheel drive / SUV,,1,0,1,0,0,6,June,Winter,Saturday,00:01 - 01:59,Late night / early morning,False,False,True,True
1353686,Injury,Moderate Injury,2024,2024,May,Thursday,08:00 - 09:59,NEW ENGLAND,HWY,0,Right on the spot,THE RINGERS,RD,HILLVUE,9.0,No,Not a school zone,T-junction,-31.12688,150.924023,Tamworth Regional,Country urban,Rest of NSW - Urban,Straight,,,,Nil,Sealed,Dry,Fine,Daylight,Nil,Give way sign,60 km/h,State,13,Right near,104,Adj - Right-thru from right,,Right angle,4 wheel drive / SUV,4 wheel drive / SUV,2,0,0,3,0,5,May,Autumn,Thursday,08:00 - 09:59,AM peak / school commute,True,False,True,True
1353691,Injury,Minor/Other Injury,2024,2024,April,Sunday,14:00 - 15:59,AMY,ST,0,Right on the spot,KINGSLAND,RD,REGENTS PARK,7105.0,No,Not a school zone,Roundabout,-33.884079,151.027991,Cumberland,Sydney metro. area,Syd-Newc-Woll Gtr conurbation,Straight,,,,Off,Sealed,Dry,Fine,Daylight,Nil,Give way sign,50 km/h,Regional,10,Cross traffic,101,Adj - Cross traffic,,Right angle,4 wheel drive / SUV,Light truck utility(from 2018),2,0,0,0,2,4,April,Autumn,Sunday,14:00 - 15:59,Midday / afternoon,False,False,True,True
1353692,Injury,Minor/Other Injury,2024,2024,May,Friday,08:00 - 09:59,CASTLEREAGH,RD,100,South,BROOKS,LANE,AGNES BANKS,2109.0,No,Not a school zone,2-way undivided,-33.625249,150.701432,Penrith,Sydney metro. area,Syd-Newc-Woll Gtr conurbation,Straight,Foot/cycle path/nature strip,,,Nil,Sealed,Dry,Fine,Daylight,Nil,No traffic controls,80 km/h,Regional,48,From footpath,408,Manov - From footway,,Other angle,Pedal cycle,4 wheel drive / SUV,2,0,0,0,1,5,May,Autumn,Friday,08:00 - 09:59,AM peak / school commute,True,False,True,True
1353693,Injury,Moderate Injury,2024,2024,May,Wednesday,04:00 - 05:59,ELIZABETH,DR,0,Right on the spot,LUDDENHAM,RD,LUDDENHAM,535.0,No,Not a school zone,T-junction,-33.867999,150.716167,Penrith,Sydney metro. area,Syd-Newc-Woll Gtr conurbation,Curved,,,,Nil,Sealed,Dry,Fog or mist,Darkness,Nil,Give way sign,80 km/h,State,13,Right near,104,Adj - Right-thru from right,,Right angle,Car (sedan/hatch),Car (sedan/hatch),2,0,0,2,0,5,May,Autumn,Wednesday,04:00 - 05:59,Late night / early morning,False,False,True,True
1353696,Injury,Serious Injury,2024,2024,June,Monday,20:00 - 21:59,STURT,HWY,0,Right on the spot,DOCKER,ST,WAGGA WAGGA,14.0,No,Not a school zone,X-intersection,-35.117156,147.356318,Wagga Wagga,Country urban,Rest of NSW - Urban,Straight,,,,On,Sealed,Dry,Fine,Darkness,On,No traffic controls,60 km/h,State,10,Cross traffic,101,Adj - Cross traffic,,Right angle,Car (sedan/hatch),Car (sedan/hatch),2,0,1,0,0,6,June,Winter,Monday,20:00 - 21:59,Evening / night,False,False,True,True
1353697,Injury,Serious Injury,2024,2024,May,Saturday,10:00 - 11:59,MARTIN,ST,0,Right on the spot,SWIFT,ST,BALLINA,,Yes,No,X-intersection,-28.868349,153.565357,Ballina,Country urban,Rest of NSW - Urban,Straight,,,,Nil,Sealed,Dry,Fine,Daylight,Nil,Give way sign,50 km/h,Local,10,Cross traffic,101,Adj - Cross traffic,,Right angle,4 wheel drive / SUV,4 wheel drive / SUV,2,0,1,0,0,5,May,Autumn,Saturday,10:00 - 11:59,Midday / afternoon,False,False,True,True
1353698,Injury,Serious Injury,2024,2024,May,Sunday,18:00 - 19:59,PACIFIC,HWY,0,Right on the spot,MINNESOTA,RD,WADALBA,10.0,No,Not a school zone,X-intersection,-33.262809,151.464678,Central Coast,Country urban,Syd-Newc-Woll Gtr conurbation,Straight,,,,On,Sealed,Dry,Fine,Darkness,On,No traffic controls,70 km/h,State,21,Right through,202,Opp - Right-thru,,Other angle,Car (sedan/hatch),4 wheel drive / SUV,2,0,1,1,0,5,May,Autumn,Sunday,18:00 - 19:59,PM peak / evening commute,True,False,True,True
1353701,Injury,Moderate Injury,2024,2024,June,Monday,12:00 - 13:59,MAIN,RD,100,West,THOMAS,ST,EDGEWORTH,527.0,No,Not a school zone,Divided road,-32.924565,151.625777,Lake Macquarie,Newcastle met. area,Syd-Newc-Woll Gtr conurbation,Straight,,,,Off,Sealed,Dry,Fine,Daylight,Nil,No traffic controls,60 km/h,State,30,Rear end,301,Same - Rear end,,Rear end,Motorcycle,4 wheel drive / SUV,2,0,0,1,0,6,June,Winter,Monday,12:00 - 13:59,Midday / afternoon,False,False,True,True
1353706,Injury,Moderate Injury,2024,2024,June,Sunday,10:00 - 11:59,NEWELL,HWY,0,Right on the spot,BUSHMAN,ST,PARKES,17.0,No,Not a school zone,X-intersection,-33.133654,148.172728,Parkes,Country urban,Rest of NSW - Urban,Straight,,,,Off,Sealed,Dry,Fine,Daylight,Nil,Give way sign,50 km/h,State,10,Cross traffic,101,Adj - Cross traffic,,Right angle,4 wheel drive / SUV,B-double (road train prior 98),3,0,0,1,0,6,June,Winter,Sunday,10:00 - 11:59,Midday / afternoon,False,False,True,True
1353708,Injury,Serious Injury,2024,2024,January,Saturday,10:00 - 11:59,JAMBEROO,RD,900,West,RIVERSDALE,RD,JAMBEROO,264.0,No,Not a school zone,2-way undivided,-34.661242,150.82621,Kiama,Country urban,Rest of NSW - Urban,Curved,Crest,,Flooded/submerged,Nil,Sealed,Wet,Fine,Daylight,Nil,No traffic controls,80 km/h,Regional,20,Head on,201,Opp - Head on,,Head-on,Motorcycle,Large rigid,2,0,1,0,0,1,January,Summer,Saturday,10:00 - 11:59,Midday / afternoon,False,False,True,True
1353709,Injury,Minor/Other Injury,2024,2024,May,Tuesday,08:00 - 09:59,OLD NORTHERN,RD,1000,North,GALSTON,RD,DURAL,160.0,No,Not a school zone,2-way undivided,-33.672663,151.025404,The Hills,Sydney metro. area,Syd-Newc-Woll Gtr conurbation,Straight,,,,Nil,Sealed,Dry,Fine,Daylight,Nil,No traffic controls,70 km/h,State,91,Object struck veh,610,On path - Load hit vehicle,,Vehicle - Object,Light truck utility(from 2018),Unknown motor vehicle,2,0,0,0,1,5,May,Autumn,Tuesday,08:00 - 09:59,AM peak / school commute,True,False,True,True
1353712,Injury,Moderate Injury,2024,2024,June,Tuesday,16:00 - 17:59,JOHNSTON,ST,0,Right on the spot,THE CRESCENT,MS,ANNANDALE,655.0,No,Not a school zone,X-intersection,-33.87268,151.174921,Inner West,Sydney metro. area,Syd-Newc-Woll Gtr conurbation,Straight,Foot/cycle path/nature strip,,,On,Sealed,Dry,Fine,Dusk,On,No traffic controls,50 km/h,State,48,From footpath,408,Manov - From footway,,Other angle,Pedal cycle,Car (sedan/hatch),2,0,0,1,0,6,June,Winter,Tuesday,16:00 - 17:59,PM peak / evening commute,True,False,True,True
1353713,Injury,Moderate Injury,2024,2024,April,Thursday,12:00 - 13:59,BEAMISH,ST,0,Right on the spot,SOUTH,PDE,CAMPSIE,2014.0,No,Not a school zone,X-intersection,-33.910596,151.103684,Canterbury-Bankstown,Sydney metro. area,Syd-Newc-Woll Gtr conurbation,Straight,Other bridge,,,Off,Sealed,Dry,Fine,Daylight,On,Ped crossing,40 km/h,Regional,2,Ped far side,3,Ped - Far side,,Vehicle - Pedestrian,Unknown motor vehicle,Pedestrian,2,0,0,1,0,4,April,Autumn,Thursday,12:00 - 13:59,Midday / afternoon,False,False,True,True
1353715,Injury,Moderate Injury,2024,2024,May,Wednesday,06:00 - 07:59,EDWARDS,RD,0,Right on the spot,NELSON,RD,BOX HILL,,No,Not a school zone,T-junction,-33.66064,150.914067,The Hills,Sydney metro. area,Syd-Newc-Woll Gtr conurbation,Curved,,,,Nil,Sealed,Dry,Fine,Daylight,Nil,Give way sign,70 km/h,Local,31,Left rear,302,Same - Rear left,,Rear end,4 wheel drive / SUV,Car (sedan/hatch),2,0,0,1,0,5,May,Autumn,Wednesday,06:00 - 07:59,AM peak / school commute,True,False,True,True
1353716,Injury,Serious Injury,2024,2024,April,Tuesday,14:00 - 15:59,LONGUEVILLE,RD,30,West,PACIFIC HIGHWAY,OP,LANE COVE NORTH,651.0,No,Not a school zone,Divided road,-33.812385,151.175151,Lane Cove,Sydney metro. area,Syd-Newc-Woll Gtr conurbation,Straight,,,,Nil,Sealed,Dry,Fine,Daylight,Nil,No traffic controls,60 km/h,State,0,Ped nearside,1,Ped - Near side,,Vehicle - Pedestrian,Car (sedan/hatch),Pedestrian,2,0,1,1,0,4,April,Autumn,Tuesday,14:00 - 15:59,Midday / afternoon,False,False,True,True
1353730,Injury,Serious Injury,2024,2024,April,Tuesday,14:00 - 15:59,GOLDEN,HWY,650,East,GAVEL,DR,DUBBO,27.0,No,Not a school zone,2-way undivided,-32.215119,148.686613,Dubbo Regional,Country non-urban,Rest of NSW - Rural,Straight,Driveway/entrance,,,Nil,Sealed,Dry,Fine,Daylight,Nil,No traffic controls,100 km/h,State,32,Right rear,303,Same - Rear right,,Rear end,Car (sedan/hatch),4 wheel drive / SUV,2,0,1,1,0,4,April,Autumn,Tuesday,14:00 - 15:59,Midday / afternoon,False,False,True,True
1353732,Injury,Moderate Injury,2024,2024,June,Monday,12:00 - 13:59,HERBERT,ST,20,North,BAYLY,ST,GULGONG,,No,Not a school zone,2-way undivided,-32.361172,149.533876,Mid-Western Regional,Country urban,Rest of NSW - Urban,Straight,,,,Nil,Sealed,Dry,Fine,Daylight,Nil,No traffic controls,50 km/h,Local,1,Ped emerging,2,Ped - emerging,,Vehicle - Pedestrian,Car (sedan/hatch),Pedestrian,2,0,0,1,0,6,June,Winter,Monday,12:00 - 13:59,Midday / afternoon,False,False,True,True
1353733,Injury,Serious Injury,2024,2024,May,Thursday,16:00 - 17:59,INGHAM,DR,20,North,GUNSYND,AVE,CASULA,,No,Not a school zone,2-way undivided,-33.948353,150.901319,Liverpool,Sydney metro. area,Syd-Newc-Woll Gtr conurbation,Curved,,,,Nil,Sealed,Dry,Fine,Daylight,Nil,No traffic controls,50 km/h,Local,88,Out of cont on bend,805,Out of control on bend,,Rollover,Motorcycle,,1,0,1,0,0,5,May,Autumn,Thursday,16:00 - 17:59,PM peak / evening commute,True,False,True,True
1353737,Injury,Moderate Injury,2024,2024,April,Tuesday,06:00 - 07:59,DENISON,ST,0,Right on the spot,GORDON,AVE,HAMILTON,,No,Not a school zone,Roundabout,-32.925757,151.751165,Newcastle,Newcastle met. area,Syd-Newc-Woll Gtr conurbation,Straight,,,,Off,Sealed,Dry,Fine,Daylight,Nil,Give way sign,50 km/h,Local,10,Cross traffic,101,Adj - Cross traffic,,Right angle,Car (sedan/hatch),Pedal cycle,2,0,0,1,0,4,April,Autumn,Tuesday,06:00 - 07:59,AM peak / school commute,True,False,True,True
1353738,Injury,Minor/Other Injury,2024,2024,May,Thursday,06:00 - 07:59,RIVERSIDE,RD,0,Right on the spot,NUMBER 32,HN,CHIPPING NORTON,,No,Not a school zone,2-way undivided,-33.924349,150.968613,Liverpool,Sydney metro. area,Syd-Newc-Woll Gtr conurbation,Curved,Driveway/entrance,,,Off,Sealed,Dry,Fine,Daylight,Nil,No traffic controls,50 km/h,Local,47,Emerging from drive,406,Manov - Emerging from driveway,,Right angle,4 wheel drive / SUV,Light truck utility(from 2018),2,0,0,0,1,5,May,Autumn,Thursday,06:00 - 07:59,AM peak / school commute,True,False,True,True
1353746,Injury,Moderate Injury,2024,2024,May,Wednesday,10:00 - 11:59,BILLIRIMBA,RD,30000,East,TENTERFIELD,TN,ROCKY RIVER,,No,Not a school zone,2-way undivided,-29.173701,152.225618,Tenterfield,Country non-urban,Rest of NSW - Rural,Curved,Ditch/drain/culvert,,,Nil,Unsealed,Dry,Fine,Daylight,Nil,No traffic controls,100 km/h,Local,67,Struck animal,609,On path - Hit animal,,Vehicle - Animal,Motorcycle,,1,0,0,1,0,5,May,Autumn,Wednesday,10:00 - 11:59,Midday / afternoon,False,False,True,True
1353749,Injury,Serious Injury,2024,2024,March,Friday,18:00 - 19:59,PACIFIC,HWY,0,Right on the spot,GOMMERA,ST,BLACKSMITHS,10.0,No,Not a school zone,X-intersection,-33.079587,151.650501,Lake Macquarie,Newcastle met. area,Syd-Newc-Woll Gtr conurbation,Curved,,,,On,Sealed,Dry,Fine,Daylight,On,No traffic controls,70 km/h,State,30,Rear end,301,Same - Rear end,,Rear end,Motorcycle,Car (sedan/hatch),2,0,1,0,0,3,March,Autumn,Friday,18:00 - 19:59,PM peak / evening commute,True,False,True,True
1353753,Injury,Serious Injury,2024,2024,May,Tuesday,12:00 - 13:59,MUTTAMA,RD,100,West,OLD GUNDAGAI,RD,COOTAMUNDRA,87.0,No,Not a school zone,2-way undivided,-34.734047,148.081907,Cootamundra-Gundagai,Country non-urban,Rest of NSW - Rural,Curved,Ditch/drain/culvert,,,Nil,Sealed,Dry,Fine,Daylight,Nil,No traffic controls,100 km/h,Regional,84,Off right/left bend,802,Off cway left bend,Right,Rollover,Car (sedan/hatch),,1,0,1,0,0,5,May,Autumn,Tuesday,12:00 - 13:59,Midday / afternoon,False,False,True,True
1353754,Injury,Minor/Other Injury,2024,2024,May,Thursday,06:00 - 07:59,WINDSOR,RD,0,Right on the spot,OLD NORTHERN,RD,BAULKHAM HILLS,184.0,No,Not a school zone,X-intersection,-33.761977,150.992848,The Hills,Sydney metro. area,Syd-Newc-Woll Gtr conurbation,Curved,,,,Nil,Sealed,Dry,Fine,Darkness,Unknown / not stated,No traffic controls,60 km/h,State,16,Left near,107,Adj - Left-thru from right,,Right angle,Station wagon,Car (sedan/hatch),2,0,0,0,1,5,May,Autumn,Thursday,06:00 - 07:59,AM peak / school commute,True,False,True,True
1353758,Injury,Moderate Injury,2024,2024,May,Friday,14:00 - 15:59,POPONDETTA,RD,0,Right on the spot,WOODSTOCK,AVE,EMERTON,,No,Not a school zone,Roundabout,-33.747873,150.809372,Blacktown,Sydney metro. area,Syd-Newc-Woll Gtr conurbation,Straight,,,,Off,Sealed,Dry,Fine,Daylight,Nil,Give way sign,60 km/h,Local,21,Right through,202,Opp - Right-thru,,Other angle,Light truck,Car (sedan/hatch),2,0,0,1,0,5,May,Autumn,Friday,14:00 - 15:59,Midday / afternoon,False,False,True,True
1353760,Injury,Serious Injury,2024,2024,May,Sunday,00:01 - 01:59,WILSON,ST,50,East,KING,ST,NEWTOWN,193.0,No,Not a school zone,2-way undivided,-33.897095,151.179659,Sydney,Sydney metro. area,Syd-Newc-Woll Gtr conurbation,Straight,,,,On,Sealed,Dry,Fine,Darkness,Nil,No traffic controls,40 km/h,State,0,Ped nearside,1,Ped - Near side,,Vehicle - Pedestrian,Car (sedan/hatch),Pedestrian,2,0,1,0,0,5,May,Autumn,Sunday,00:01 - 01:59,Late night / early morning,False,False,True,True
1353764,Injury,Serious Injury,2024,2024,May,Tuesday,18:00 - 19:59,HAWKESBURY,RD,1350,East,ROBERTS,PDE,HAWKESBURY HEIGHTS,570.0,No,Not a school zone,2-way undivided,-33.663856,150.650733,Blue Mountains,Country urban,Syd-Newc-Woll Gtr conurbation,Curved,Steep grade,,,Nil,Sealed,Dry,Fine,Darkness,Nil,No traffic controls,60 km/h,State,81,Off left/rt bnd=>obj,803,Off right bend into obj,Left,Vehicle - Object,Motorcycle,,1,0,1,0,0,5,May,Autumn,Tuesday,18:00 - 19:59,PM peak / evening commute,True,False,True,True
1353769,Injury,Serious Injury,2024,2024,May,Wednesday,12:00 - 13:59,MANILLA,RD,300,South,KLORI,RD,KLORI,63.0,No,Not a school zone,2-way undivided,-30.834408,150.785543,Tamworth Regional,Country non-urban,Rest of NSW - Rural,Straight,,,,Nil,Sealed,Dry,Fine,Daylight,Nil,No traffic controls,100 km/h,State,70,Off road to left,701,Off carriageway to left,,Rollover,Light truck utility(from 2018),,1,0,1,0,0,5,May,Autumn,Wednesday,12:00 - 13:59,Midday / afternoon,False,False,True,True
1353771,Injury,Serious Injury,2024,2024,May,Monday,08:00 - 09:59,CARTER,ST,0,Right on the spot,FULLER,ST,SEVEN HILLS,,No,Not a school zone,T-junction,-33.780734,150.946115,Blacktown,Sydney metro. area,Syd-Newc-Woll Gtr conurbation,Straight,,,,Nil,Sealed,Dry,Fine,Daylight,Nil,No traffic controls,50 km/h,Local,32,Right rear,303,Same - Rear right,,Rear end,Motorcycle,Car (sedan/hatch),2,0,1,0,0,5,May,Autumn,Monday,08:00 - 09:59,AM peak / school commute,True,False,True,True
1353775,Injury,Moderate Injury,2024,2024,May,Tuesday,14:00 - 15:59,GREENHILLS,RD,0,Right on the spot,JOADJA,RD,BERRIMA,,No,Not a school zone,X-intersection,-34.428722,150.343965,Wingecarribee,Country urban,Rest of NSW - Urban,Straight,,,,Nil,Sealed,Dry,Fine,Daylight,Nil,Stop sign,80 km/h,Local,10,Cross traffic,101,Adj - Cross traffic,,Right angle,Large rigid,4 wheel drive / SUV,2,0,0,2,0,5,May,Autumn,Tuesday,14:00 - 15:59,Midday / afternoon,False,False,True,True
1353776,Injury,Minor/Other Injury,2024,2024,June,Thursday,02:00 - 03:59,MID WESTERN,HWY,500,West,BARRYRENNIE,RD,COWRA,6.0,No,Not a school zone,2-way undivided,-33.844955,148.598489,Cowra,Country non-urban,Rest of NSW - Rural,Curved,,,,Nil,Sealed,Wet,Raining,Darkness,Nil,No traffic controls,100 km/h,State,85,Off rt/lft bnd=>obj,804,Off left bend into obj,Right,Vehicle - Object,Car (sedan/hatch),,1,0,0,0,1,6,June,Winter,Thursday,02:00 - 03:59,Late night / early morning,False,False,True,True
1353782,Injury,Minor/Other Injury,2024,2024,May,Friday,12:00 - 13:59,MORETON,ST,15,North,CHALMERS,ST,LAKEMBA,,No,Not a school zone,2-way undivided,-33.923782,151.085162,Canterbury-Bankstown,Sydney metro. area,Syd-Newc-Woll Gtr conurbation,Straight,,,,Off,Sealed,Wet,Raining,Daylight,Nil,No traffic controls,50 km/h,Local,74,On road-out of cont.,705,Out of control on cway,,Rollover,Motor scooter,,1,0,0,0,1,5,May,Autumn,Friday,12:00 - 13:59,Midday / afternoon,False,False,True,True
1353783,Injury,Serious Injury,2024,2024,May,Wednesday,08:00 - 09:59,HOWARD,ST,10,South,LEE,ST,RANDWICK,,No,Not a school zone,T-junction,-33.922651,151.245693,Randwick,Sydney metro. area,Syd-Newc-Woll Gtr conurbation,Straight,Steep grade,,,On,Sealed,Dry,Fine,Daylight,Nil,Ped crossing,50 km/h,Local,0,Ped nearside,1,Ped - Near side,,Vehicle - Pedestrian,Car (sedan/hatch),Pedestrian,2,0,1,0,0,5,May,Autumn,Wednesday,08:00 - 09:59,AM peak / school commute,True,False,True,True
1353784,Injury,Moderate Injury,2024,2024,April,Wednesday,18:00 - 19:59,KENT,RD,10,South,RICKETTY,RD,MASCOT,183.0,No,Not a school zone,T-junction,-33.921577,151.184262,Bayside,Sydney metro. area,Syd-Newc-Woll Gtr conurbation,Straight,,,,On,Sealed,Dry,Fine,Darkness,On,No traffic controls,60 km/h,State,30,Rear end,301,Same - Rear end,,Rear end,Car (sedan/hatch),Motor scooter,3,0,0,1,0,4,April,Autumn,Wednesday,18:00 - 19:59,PM peak / evening commute,True,False,True,True
1353788,Injury,Serious Injury,2024,2024,May,Sunday,12:00 - 13:59,STOCK ROUTE,RD,999999,Unknown/not stated,UNKNOWN,UK,ARIAH PARK,,No,Not a school zone,2-way undivided,-34.309349,147.1404,Temora,Country urban,Rest of NSW - Urban,Straight,Steep grade,,,Nil,Unsealed,Dry,Fine,Daylight,Nil,No traffic controls,50 km/h,Local,20,Head on,201,Opp - Head on,,Head-on,Motorcycle,Motorcycle,2,0,2,0,0,5,May,Autumn,Sunday,12:00 - 13:59,Midday / afternoon,False,False,True,True
1353791,Injury,Minor/Other Injury,2024,2024,June,Saturday,06:00 - 07:59,ARDEN,ST,0,Right on the spot,COOGEE BAY,RD,COOGEE,7340.0,No,Not a school zone,T-junction,-33.920858,151.256789,Randwick,Sydney metro. area,Syd-Newc-Woll Gtr conurbation,Straight,,,,On,Sealed,Wet,Raining,Darkness,On,No traffic controls,40 km/h,Regional,21,Right through,202,Opp - Right-thru,,Other angle,4 wheel drive / SUV,Car (sedan/hatch),2,0,0,0,1,6,June,Winter,Saturday,06:00 - 07:59,AM peak / school commute,True,False,True,True
1353792,Injury,Moderate Injury,2024,2024,June,Saturday,18:00 - 19:59,ALAN,ST,0,Right on the spot,TERRY,RD,BOX HILL,,No,Not a school zone,T-junction,-33.660861,150.895257,The Hills,Sydney metro. area,Syd-Newc-Woll Gtr conurbation,Straight,,,,Nil,Sealed,Wet,Raining,Darkness,Nil,No traffic controls,60 km/h,Local,10,Cross traffic,101,Adj - Cross traffic,,Right angle,Car (sedan/hatch),Car (sedan/hatch),2,0,0,1,0,6,June,Winter,Saturday,18:00 - 19:59,PM peak / evening commute,True,False,True,True
1353794,Injury,Serious Injury,2024,2024,June,Sunday,16:00 - 17:59,ARTHUR ALLEN,DR,0,Right on the spot,RETIMO,ST,BARDIA,,No,Not a school zone,X-intersection,-33.97664,150.856383,Campbelltown,Sydney metro. area,Syd-Newc-Woll Gtr conurbation,Straight,,,,On,Sealed,Dry,Fine,Darkness,Nil,Give way sign,50 km/h,Local,11,Right far,102,Adj - Right-thru from left,,Right angle,4 wheel drive / SUV,Light truck utility(from 2018),2,0,1,0,1,6,June,Winter,Sunday,16:00 - 17:59,PM peak / evening commute,True,False,True,True