crash_id,degree_of_crash,degree_of_crash_-_detailed,reporting_year,year_of_crash,month_of_crash,day_of_week_of_crash,two-hour_intervals,street_of_crash,street_type,distance,direction,identifying_feature,identifying_feature_type,town,route_no.,school_zone_location,school_zone_active,type_of_location,latitude,longitude,lga,urbanisation,conurbation_1,alignment,primary_permanent_feature,primary_temporary_feature,primary_hazardous_feature,street_lighting,road_surface,surface_condition,weather,natural_lighting,signals_operation,other_traffic_control,speed_limit,road_classification_(admin),rum_-_code,rum_-_description,dca_-_code,dca_-_description,dca_supplement,first_impact_type,key_tu_type,other_tu_type,no._of_traffic_units_involved,no._killed,no._seriously_injured,no._moderately_injured,no._minor-other_injured,month_num,month_label,season,day_label,time_label,time_band,is_peak_commute,is_fatal,is_injury,is_casualty
1353798,Injury,Serious Injury,2024,2024,May,Wednesday,16:00 - 17:59,WILSON,RD,0,Right on the spot,NUMBER 113,HN,BONNYRIGG HEIGHTS,,No,Not a school zone,2-way undivided,-33.886176,150.869648,Fairfield,Sydney metro. area,Syd-Newc-Woll Gtr conurbation,Straight,Crest,,,Off,Sealed,Dry,Fine,Daylight,Nil,No traffic controls,60 km/h,Local,71,Off rd left => obj,703,Left off cway into object,,Vehicle - Object,Motorcycle,,1,0,1,0,0,5,May,Autumn,Wednesday,16:00 - 17:59,PM peak / evening commute,True,False,True,True
1353799,Injury,Moderate Injury,2024,2024,May,Saturday,12:00 - 13:59,PACIFIC,HWY,1700,North,BIG RIVER WAY,OP,GLENUGIE,10.0,No,Not a school zone,Divided road,-29.781486,153.034075,Clarence Valley,Country non-urban,Rest of NSW - Rural,Straight,,,,Nil,Sealed,Dry,Overcast,Daylight,Nil,No traffic controls,110 km/h,State,71,Off rd left => obj,703,Left off cway into object,,Vehicle - Object,Light truck,,1,0,0,1,0,5,May,Autumn,Saturday,12:00 - 13:59,Midday / afternoon,False,False,True,True
1353801,Injury,Serious Injury,2024,2024,March,Sunday,12:00 - 13:59,JAMBEROO MOUNTAIN,RD,3100,West,MISTY,LANE,JAMBEROO,264.0,No,Not a school zone,2-way undivided,-34.658441,150.73198,Kiama,Country urban,Rest of NSW - Urban,Curved,Steep grade,,,Nil,Sealed,Wet,Fine,Daylight,Nil,No traffic controls,60 km/h,Regional,83,Off rt/rt bnd=>obj,803,Off right bend into obj,Right,Vehicle - Object,Motorcycle,,1,0,1,1,0,3,March,Autumn,Sunday,12:00 - 13:59,Midday / afternoon,False,False,True,True
1353802,Injury,Serious Injury,2024,2024,April,Wednesday,16:00 - 17:59,GWYDIR,HWY,100,North,WALGETT,ST,COLLARENEBRI,12.0,No,Not a school zone,2-way undivided,-29.544922,148.576315,Walgett,Country urban,Rest of NSW - Urban,Straight,,,,Off,Sealed,Wet,Raining,Daylight,Nil,No traffic controls,50 km/h,State,2,Ped far side,3,Ped - Far side,,Vehicle - Pedestrian,Light truck utility(from 2018),Pedestrian,2,0,1,0,0,4,April,Autumn,Wednesday,16:00 - 17:59,PM peak / evening commute,True,False,True,True
1353803,Injury,Moderate Injury,2024,2024,April,Tuesday,08:00 - 09:59,HAWKESBURY VALLEY,WAY,50,East,MACQUARIE STREET,TO,WINDSOR,685.0,No,Not a school zone,Other,-33.61254,150.815055,Hawkesbury,Country urban,Syd-Newc-Woll Gtr conurbation,Curved,Foot/cycle path/nature strip,,,On,Sealed,Dry,Fine,Daylight,On,Ped crossing,60 km/h,State,48,From footpath,408,Manov - From footway,,Other angle,Pedal cycle,Car (sedan/hatch),2,0,0,1,0,4,April,Autumn,Tuesday,08:00 - 09:59,AM peak / school commute,True,False,True,True
1353814,Injury,Moderate Injury,2024,2024,May,Saturday,14:00 - 15:59,OXLEY,HWY,200,West,KING CREEK,RD,SANCROX,11.0,No,Not a school zone,2-way undivided,-31.4628,152.764294,Port Macquarie-Hastings,Country urban,Rest of NSW - Urban,Straight,,,,Nil,Sealed,Dry,Fine,Daylight,Nil,No traffic controls,80 km/h,State,30,Rear end,301,Same - Rear end,,Rear end,Car (sedan/hatch),Unknown motor vehicle,2,0,0,1,0,5,May,Autumn,Saturday,14:00 - 15:59,Midday / afternoon,False,False,True,True
1353825,Injury,Serious Injury,2024,2024,May,Monday,16:00 - 17:59,WESTERN,EXP,200,East,CUMBERLAND HIGHWAY,TO,SOUTH WENTWORTHVILLE,6004.0,No,Not a school zone,Dual freeway,-33.817244,150.971149,Cumberland,Sydney metro. area,Syd-Newc-Woll Gtr conurbation,Straight,,,,Off,Sealed,Dry,Fine,Dusk,Nil,No traffic controls,90 km/h,State,30,Rear end,301,Same - Rear end,,Rear end,Light truck utility(from 2018),Car (sedan/hatch),4,0,1,0,0,5,May,Autumn,Monday,16:00 - 17:59,PM peak / evening commute,True,False,True,True
1353827,Injury,Serious Injury,2024,2024,March,Friday,00:01 - 01:59,CASTLEREAGH,HWY,0,Right on the spot,BERGALIN,RD,GULGONG,18.0,No,Not a school zone,T-junction,-32.382453,149.530349,Mid-Western Regional,Country non-urban,Rest of NSW - Rural,Straight,,,,Nil,Sealed,Dry,Fine,Darkness,Nil,Give way sign,100 km/h,State,53,Overtake turning,506,Ovtak - Overtaking right turn,,Other angle,Light truck utility(from 2018),4 wheel drive / SUV,2,0,1,1,0,3,March,Autumn,Friday,00:01 - 01:59,Late night / early morning,False,False,True,True
1353828,Injury,Serious Injury,2024,2024,March,Monday,12:00 - 13:59,BURLEY GRIFFIN,WAY,200,East,EURATHA,RD,BARELLAN,84.0,No,Not a school zone,2-way undivided,-34.250846,146.440881,Narrandera,Country non-urban,Rest of NSW - Rural,Curved,,,Potholes/corrugations/rough,Nil,Sealed,Dry,Fine,Daylight,Nil,No traffic controls,100 km/h,State,88,Out of cont on bend,805,Out of control on bend,,Rollover,Motorcycle,,1,0,1,0,0,3,March,Autumn,Monday,12:00 - 13:59,Midday / afternoon,False,False,True,True
1353829,Injury,Minor/Other Injury,2024,2024,February,Tuesday,04:00 - 05:59,ALFORDS PT,RD,500,North,MENAI,RD,MENAI,190.0,No,Not a school zone,2-way undivided,-34.008963,151.011516,Sutherland,Sydney metro. area,Syd-Newc-Woll Gtr conurbation,Curved,,,Flooded/submerged,On,Sealed,Wet,Raining,Dawn,Nil,No traffic controls,80 km/h,State,30,Rear end,301,Same - Rear end,,Rear end,Car (sedan/hatch),Car (sedan/hatch),2,0,0,0,1,2,February,Summer,Tuesday,04:00 - 05:59,Late night / early morning,False,False,True,True
1353830,Injury,Moderate Injury,2024,2024,May,Friday,10:00 - 11:59,NEW ENGLAND,HWY,0,Right on the spot,MITCHELL LINE OF,RD,WHITTINGHAM,9.0,No,Not a school zone,T-junction,-32.642644,151.233711,Singleton,Country urban,Rest of NSW - Urban,Curved,,,,Nil,Sealed,Dry,Fine,Daylight,Nil,No traffic controls,80 km/h,State,88,Out of cont on bend,805,Out of control on bend,,Rollover,B-double (road train prior 98),,1,0,0,1,0,5,May,Autumn,Friday,10:00 - 11:59,Midday / afternoon,False,False,True,True
1353839,Injury,Moderate Injury,2024,2024,May,Thursday,16:00 - 17:59,PITT,ST,0,Right on the spot,NUMBER 420,HN,HAYMARKET,,No,Not a school zone,2-way undivided,-33.879066,151.207154,Sydney,Sydney metro. area,Syd-Newc-Woll Gtr conurbation,Straight,,,,Off,Sealed,Dry,Fine,Daylight,Nil,No traffic controls,40 km/h,Local,42,Leaving parking,401,Manov - Leaving parking,,Other angle,Station wagon,Motor scooter,2,0,0,1,0,5,May,Autumn,Thursday,16:00 - 17:59,PM peak / evening commute,True,False,True,True
1353840,Injury,Moderate Injury,2024,2024,May,Sunday,20:00 - 21:59,BRAIDWOOD,RD,2000,South,WALLACE,ST,TARAGO,79.0,No,Not a school zone,2-way undivided,-35.087608,149.652245,Goulburn Mulwaree,Country non-urban,Rest of NSW - Rural,Straight,,,,Nil,Sealed,Dry,Fine,Darkness,Nil,No traffic controls,100 km/h,State,67,Struck animal,609,On path - Hit animal,,Vehicle - Animal,4 wheel drive / SUV,,1,0,0,1,0,5,May,Autumn,Sunday,20:00 - 21:59,Evening / night,False,False,True,True
1353844,Injury,Minor/Other Injury,2024,2024,June,Saturday,14:00 - 15:59,PITT TOWN,RD,0,Right on the spot,WINDSOR,RD,MCGRATHS HILL,181.0,No,Not a school zone,T-junction,-33.615147,150.833756,Hawkesbury,Country urban,Syd-Newc-Woll Gtr conurbation,Curved,,,,Nil,Sealed,Wet,Raining,Daylight,On,No traffic controls,80 km/h,State,30,Rear end,301,Same - Rear end,,Rear end,Large rigid,4 wheel drive / SUV,2,0,0,0,1,6,June,Winter,Saturday,14:00 - 15:59,Midday / afternoon,False,False,True,True
1353847,Injury,Moderate Injury,2024,2024,May,Friday,20:00 - 21:59,GEORGE,ST,0,Right on the spot,NUMBER 173,HN,BATHURST,,No,Not a school zone,2-way undivided,-33.41758,149.577408,Bathurst Regional,Country urban,Rest of NSW - Urban,Straight,,,,On,Sealed,Wet,Overcast,Darkness,Nil,No traffic controls,50 km/h,Local,73,Off rd rght => obj,704,Right off cway into obj,,Vehicle - Object,Car (sedan/hatch),,1,0,0,1,0,5,May,Autumn,Friday,20:00 - 21:59,Evening / night,False,False,True,True
1353852,Injury,Serious Injury,2024,2024,May,Friday,12:00 - 13:59,RICHMOND,RD,65,East,ROOTY HILL,RD,COLEBEE,537.0,No,Not a school zone,Divided road,-33.732521,150.848263,Blacktown,Sydney metro. area,Syd-Newc-Woll Gtr conurbation,Straight,,,,Nil,Sealed,Dry,Overcast,Daylight,Nil,No traffic controls,70 km/h,State,20,Head on,201,Opp - Head on,,Head-on,Utility,4 wheel drive / SUV,3,0,1,0,1,5,May,Autumn,Friday,12:00 - 13:59,Midday / afternoon,False,False,True,True
1353853,Injury,Minor/Other Injury,2024,2024,May,Tuesday,16:00 - 17:59,ROOTY HILL,RD,0,Right on the spot,SAINT AGNES,AVE,ROOTY HILL,537.0,No,Not a school zone,T-junction,-33.781867,150.851471,Blacktown,Sydney metro. area,Syd-Newc-Woll Gtr conurbation,Straight,,,,Off,Sealed,Dry,Fine,Daylight,Nil,No traffic controls,60 km/h,State,32,Right rear,303,Same - Rear right,,Rear end,Car (sedan/hatch),Car (sedan/hatch),2,0,0,0,1,5,May,Autumn,Tuesday,16:00 - 17:59,PM peak / evening commute,True,False,True,True
1353854,Injury,Serious Injury,2024,2024,February,Wednesday,20:00 - 21:59,WINDSOR,RD,10,West,MACQUARIE,AVE,KELLYVILLE,184.0,No,Not a school zone,T-junction,-33.705874,150.935243,The Hills,Sydney metro. area,Syd-Newc-Woll Gtr conurbation,Straight,,,,Nil,Sealed,Wet,Raining,Darkness,Nil,Left turn only,80 km/h,State,73,Off rd rght => obj,704,Right off cway into obj,,Vehicle - Object,Light truck utility(from 2018),,2,0,2,2,0,2,February,Summer,Wednesday,20:00 - 21:59,Evening / night,False,False,True,True
1353860,Injury,Moderate Injury,2024,2024,May,Friday,14:00 - 15:59,AURVILLE,RD,50,East,SALEYARDS,RD,HARDEN,,No,Not a school zone,2-way undivided,-34.547425,148.370696,Hilltops,Country urban,Rest of NSW - Urban,Straight,,,,Off,Sealed,Dry,Fine,Daylight,Nil,No traffic controls,50 km/h,Local,20,Head on,201,Opp - Head on,,Head-on,Car (sedan/hatch),Light truck utility(from 2018),2,0,0,1,0,5,May,Autumn,Friday,14:00 - 15:59,Midday / afternoon,False,False,True,True
1353864,Injury,Moderate Injury,2024,2024,February,Thursday,12:00 - 13:59,CENTRAL,RD,0,Right on the spot,NUDJIA,RD,UNANDERRA,,No,Not a school zone,X-intersection,-34.452591,150.844136,Wollongong,Wollongong met. area,Syd-Newc-Woll Gtr conurbation,Straight,,,,Off,Sealed,Dry,Fine,Daylight,On,No traffic controls,50 km/h,Local,10,Cross traffic,101,Adj - Cross traffic,,Right angle,Car (sedan/hatch),Car (sedan/hatch),2,0,0,1,0,2,February,Summer,Thursday,12:00 - 13:59,Midday / afternoon,False,False,True,True
1353866,Injury,Moderate Injury,2024,2024,May,Wednesday,06:00 - 07:59,SOUTH WESTERN,EXP,300,South,HUME HIGHWAY,OP,CASULA,6005.0,No,Not a school zone,Dual freeway,-33.959659,150.876261,Liverpool,Sydney metro. area,Syd-Newc-Woll Gtr conurbation,Straight,,,,On,Sealed,Dry,Fine,Dawn,Nil,No traffic controls,100 km/h,State,30,Rear end,301,Same - Rear end,,Rear end,Light truck,Light truck utility(from 2018),6,0,0,2,0,5,May,Autumn,Wednesday,06:00 - 07:59,AM peak / school commute,True,False,True,True
1353871,Injury,Moderate Injury,2024,2024,May,Friday,12:00 - 13:59,MITCHELL,HWY,150,North,DRIPSTONE,RD,NEUREA,7.0,No,Not a school zone,2-way undivided,-32.673287,148.95015,Dubbo Regional,Country non-urban,Rest of NSW - Rural,Curved,,,,Nil,Sealed,Wet,Raining,Daylight,Nil,No traffic controls,100 km/h,State,20,Head on,201,Opp - Head on,,Head-on,Car (sedan/hatch),B-double (road train prior 98),2,0,0,1,0,5,May,Autumn,Friday,12:00 - 13:59,Midday / afternoon,False,False,True,True
1353873,Injury,Minor/Other Injury,2024,2024,April,Wednesday,18:00 - 19:59,FEDERAL,HWY,2000,North,MCKEAHNIE LANE,OP,SUTTON,3.0,No,Not a school zone,Divided road,-35.189238,149.226065,Yass Valley,Country non-urban,Rest of NSW - Rural,Straight,,,,Nil,Sealed,Dry,Fine,Darkness,Nil,No traffic controls,110 km/h,State,35,Lane change left,307,Same - Lane change left,,Other angle,B-double (road train prior 98),Car (sedan/hatch),2,0,0,0,1,4,April,Autumn,Wednesday,18:00 - 19:59,PM peak / evening commute,True,False,True,True
1353876,Injury,Moderate Injury,2024,2024,June,Saturday,16:00 - 17:59,FOWLER,RD,0,Right on the spot,BRISTOL,ST,MERRYLANDS,7252.0,No,Not a school zone,Roundabout,-33.843026,150.974637,Cumberland,Sydney metro. area,Syd-Newc-Woll Gtr conurbation,Curved,,,,Nil,Sealed,Wet,Raining,Daylight,Nil,Give way sign,50 km/h,Regional,81,Off left/rt bnd=>obj,707,Right turn,Left,Vehicle - Object,Light truck utility(from 2018),,4,0,0,2,0,6,June,Winter,Saturday,16:00 - 17:59,PM peak / evening commute,True,False,True,True
1353880,Injury,Moderate Injury,2024,2024,June,Tuesday,16:00 - 17:59,MAMRE,RD,0,Right on the spot,LONSDALE,ST,ST MARYS,536.0,No,Not a school zone,T-junction,-33.777339,150.772256,Penrith,Sydney metro. area,Syd-Newc-Woll Gtr conurbation,Straight,,,,On,Sealed,Dry,Fine,Darkness,Nil,Give way sign,60 km/h,State,21,Right through,202,Opp - Right-thru,,Other angle,4 wheel drive / SUV,Car (sedan/hatch),2,0,0,1,0,6,June,Winter,Tuesday,16:00 - 17:59,PM peak / evening commute,True,False,True,True
1353882,Injury,Moderate Injury,2024,2024,February,Wednesday,14:00 - 15:59,THE NORTHERN,RD,0,Right on the spot,SPINKS,RD,LLANDILO,154.0,No,Not a school zone,T-junction,-33.686509,150.733468,Penrith,Sydney metro. area,Syd-Newc-Woll Gtr conurbation,Straight,,,,Nil,Sealed,Dry,Fine,Daylight,Nil,Give way sign,80 km/h,State,32,Right rear,303,Same - Rear right,,Rear end,Large rigid,4 wheel drive / SUV,2,0,0,2,0,2,February,Summer,Wednesday,14:00 - 15:59,Midday / afternoon,False,False,True,True
1353885,Injury,Minor/Other Injury,2024,2024,June,Monday,08:00 - 09:59,MACQUARIE,ST,0,Right on the spot,DRUMMOND,ST,SOUTH WINDSOR,154.0,No,Not a school zone,X-intersection,-33.622644,150.803471,Hawkesbury,Country urban,Syd-Newc-Woll Gtr conurbation,Straight,,,,Off,Sealed,Dry,Fine,Daylight,On,Ped crossing,50 km/h,State,0,Ped nearside,1,Ped - Near side,,Vehicle - Pedestrian,Light truck utility(from 2018),Pedestrian,2,0,0,0,1,6,June,Winter,Monday,08:00 - 09:59,AM peak / school commute,True,False,True,True
1353886,Injury,Serious Injury,2024,2024,May,Tuesday,12:00 - 13:59,MUNIBUNG,RD,40,East,CONCORD,ST,BOOLAROO,,No,Not a school zone,2-way undivided,-32.93986,151.636541,Lake Macquarie,Newcastle met. area,Syd-Newc-Woll Gtr conurbation,Straight,Painted double centre lines,,,Nil,Sealed,Dry,Fine,Daylight,Nil,No traffic controls,60 km/h,Local,40,U turn,304,Same - U-turn,,Other angle,Passenger van,Motorcycle,2,0,1,0,0,5,May,Autumn,Tuesday,12:00 - 13:59,Midday / afternoon,False,False,True,True
1353887,Injury,Serious Injury,2024,2024,May,Wednesday,06:00 - 07:59,GREEN,PDE,0,Right on the spot,NUMBER 2,HN,VALLEY HEIGHTS,,No,Not a school zone,2-way undivided,-33.706068,150.584427,Blue Mountains,Country urban,Syd-Newc-Woll Gtr conurbation,Straight,Driveway/entrance,,,Off,Sealed,Dry,Fine,Daylight,Nil,No traffic controls,50 km/h,Local,7,Driveway,7,Ped - driveway,,Vehicle - Pedestrian,4 wheel drive / SUV,Pedestrian,2,0,1,1,0,5,May,Autumn,Wednesday,06:00 - 07:59,AM peak / school commute,True,False,True,True
1353890,Injury,Moderate Injury,2024,2024,May,Friday,16:00 - 17:59,WESTERN,EXP,200,West,PROSPECT HIGHWAY,TO,BLACKTOWN,6004.0,No,Not a school zone,Dual freeway,-33.804064,150.906138,Blacktown,Sydney metro. area,Syd-Newc-Woll Gtr conurbation,Straight,,,,On,Sealed,Wet,Raining,Dusk,Nil,No traffic controls,100 km/h,State,30,Rear end,301,Same - Rear end,,Rear end,Light truck,4 wheel drive / SUV,2,0,0,1,0,5,May,Autumn,Friday,16:00 - 17:59,PM peak / evening commute,True,False,True,True
1353893,Injury,Serious Injury,2024,2024,May,Sunday,16:00 - 17:59,ERIE,ST,50,North,STEEL,ST,SOUTH GRANVILLE,,No,Not a school zone,2-way undivided,-33.861274,151.012257,Cumberland,Sydney metro. area,Syd-Newc-Woll Gtr conurbation,Straight,,,,Off,Sealed,Dry,Fine,Dusk,Nil,No traffic controls,50 km/h,Local,74,On road-out of cont.,705,Out of control on cway,,Rollover,Motorcycle,,1,0,1,0,0,5,May,Autumn,Sunday,16:00 - 17:59,PM peak / evening commute,True,False,True,True
1353894,Injury,Moderate Injury,2024,2024,April,Wednesday,04:00 - 05:59,MT OUSLEY,RD,1000,North,NEW MOUNT PLEASANT,RD,MOUNT KEIRA,95.0,No,Not a school zone,Divided road,-34.391202,150.858244,Wollongong,Wollongong met. area,Syd-Newc-Woll Gtr conurbation,Straight,,,,On,Sealed,Dry,Fine,Dawn,Nil,No traffic controls,80 km/h,State,66,Object on road,607,On path - Hit temp object,,Vehicle - Object,Light truck utility(from 2018),,1,0,0,1,0,4,April,Autumn,Wednesday,04:00 - 05:59,Late night / early morning,False,False,True,True
1353896,Injury,Moderate Injury,2024,2024,May,Tuesday,14:00 - 15:59,KING,ST,0,Right on the spot,QUEEN,ST,WARILLA,,Yes,No,T-junction,-34.546796,150.854671,Shellharbour,Wollongong met. area,Syd-Newc-Woll Gtr conurbation,Straight,,Police pursuit,,Off,Sealed,Dry,Fine,Daylight,On,No traffic controls,50 km/h,Local,10,Cross traffic,101,Adj - Cross traffic,,Right angle,Motorcycle,Light truck,2,0,0,1,0,5,May,Autumn,Tuesday,14:00 - 15:59,Midday / afternoon,False,False,True,True
1353898,Injury,Serious Injury,2024,2024,May,Wednesday,16:00 - 17:59,TRAFALGAR,AVE,0,Right on the spot,WINIFRED,AVE,UMINA BEACH,,No,Not a school zone,X-intersection,-33.507828,151.3237,Central Coast,Country urban,Syd-Newc-Woll Gtr conurbation,Straight,,,,Off,Sealed,Dry,Fine,Dusk,Nil,Give way sign,50 km/h,Local,10,Cross traffic,101,Adj - Cross traffic,,Right angle,Car (sedan/hatch),Motorcycle,2,0,1,0,0,5,May,Autumn,Wednesday,16:00 - 17:59,PM peak / evening commute,True,False,True,True
1353899,Injury,Serious Injury,2024,2024,March,Tuesday,12:00 - 13:59,SIR BERTRAM STEVENS,DR,2000,North,BUNDEENA,DR,ROYAL NATIONAL PARK,393.0,No,Not a school zone,2-way undivided,-34.12041,151.070961,Sutherland,Sydney metro. area,Syd-Newc-Woll Gtr conurbation,Curved,Embankment/cutting,,,Off,Sealed,Dry,Fine,Daylight,Nil,No traffic controls,60 km/h,State,81,Off left/rt bnd=>obj,803,Off right bend into obj,Left,Vehicle - Object,Motorcycle,,1,0,1,0,0,3,March,Autumn,Tuesday,12:00 - 13:59,Midday / afternoon,False,False,True,True
1353901,Injury,Moderate Injury,2024,2024,May,Friday,22:00 - Midnight,KITE,ST,20,West,EDWARD,ST,ORANGE,,No,Not a school zone,2-way undivided,-33.286652,149.106159,Orange,Country urban,Rest of NSW - Urban,Straight,,,,On,Sealed,Wet,Raining,Darkness,Nil,No traffic controls,50 km/h,Local,71,Off rd left => obj,703,Left off cway into object,,Other angle,Car (sedan/hatch),4 wheel drive / SUV,2,0,0,1,0,5,May,Autumn,Friday,22:00 - Midnight,Evening / night,False,False,True,True
1353904,Injury,Moderate Injury,2024,2024,May,Saturday,12:00 - 13:59,BARRIER,HWY,90000,West,BATHURST,ST,NOONA,8.0,No,Not a school zone,2-way undivided,-31.589922,144.901214,Cobar,Country non-urban,Rest of NSW - Rural,Straight,Ditch/drain/culvert,,,Nil,Sealed,Dry,Fine,Daylight,Nil,No traffic controls,110 km/h,State,70,Off road to left,701,Off carriageway to left,,Rollover,4 wheel drive / SUV,,1,0,0,1,0,5,May,Autumn,Saturday,12:00 - 13:59,Midday / afternoon,False,False,True,True
1353909,Injury,Moderate Injury,2024,2024,May,Monday,12:00 - 13:59,SANCROX,RD,50,East,BUSHLAND,DR,SANCROX,,No,Not a school zone,2-way undivided,-31.441216,152.81441,Port Macquarie-Hastings,Country urban,Rest of NSW - Urban,Curved,Ditch/drain/culvert,,,Off,Sealed,Dry,Fine,Daylight,Nil,No traffic controls,80 km/h,Local,81,Off left/rt bnd=>obj,803,Off right bend into obj,Left,Vehicle - Object,Car (sedan/hatch),,1,0,0,1,0,5,May,Autumn,Monday,12:00 - 13:59,Midday / afternoon,False,False,True,True
1353910,Injury,Moderate Injury,2024,2024,January,Tuesday,10:00 - 11:59,GREAT WESTERN,HWY,0,Right on the spot,QUEENS,RD,KATOOMBA,5.0,No,Not a school zone,T-junction,-33.707622,150.323047,Blue Mountains,Country urban,Syd-Newc-Woll Gtr conurbation,Curved,Steep grade,,,Off,Sealed,Dry,Fine,Daylight,Nil,Give way sign,70 km/h,State,30,Rear end,301,Same - Rear end,,Rear end,Light truck utility(from 2018),4 wheel drive / SUV,2,0,0,1,0,1,January,Summer,Tuesday,10:00 - 11:59,Midday / afternoon,False,False,True,True
1353911,Injury,Serious Injury,2024,2024,January,Sunday,08:00 - 09:59,MCKIMMS,RD,820,East,FLAT,RD,LARGS,,No,Not a school zone,2-way undivided,-32.71644,151.596045,Maitland,Country urban,Rest of NSW - Urban,Straight,,Previous crash,,Nil,Sealed,Dry,Fine,Daylight,Nil,No traffic controls,60 km/h,Local,30,Rear end,301,Same - Rear end,,Rear end,Motorcycle,4 wheel drive / SUV,2,0,1,0,0,1,January,Summer,Sunday,08:00 - 09:59,AM peak / school commute,True,False,True,True
1353917,Injury,Serious Injury,2024,2024,February,Sunday,02:00 - 03:59,BEXLEY,RD,200,West,CHAMBERLAIN,RD,BEXLEY,169.0,No,Not a school zone,Divided road,-33.945001,151.121866,Bayside,Sydney metro. area,Syd-Newc-Woll Gtr conurbation,Curved,Steep grade,,,On,Sealed,Dry,Fine,Darkness,Nil,No traffic controls,60 km/h,State,20,Head on,201,Opp - Head on,,Head-on,Car (sedan/hatch),Motor scooter,2,0,1,0,0,2,February,Summer,Sunday,02:00 - 03:59,Late night / early morning,False,False,True,True
1353918,Injury,Serious Injury,2024,2024,June,Saturday,16:00 - 17:59,ANZAC,SQ,0,Right on the spot,DEWAR,ST,CAMPSIE,,No,Not a school zone,T-junction,-33.911342,151.101921,Canterbury-Bankstown,Sydney metro. area,Syd-Newc-Woll Gtr conurbation,Straight,,,,On,Sealed,Dry,Fine,Darkness,Nil,No traffic controls,50 km/h,Local,3,Ped on carriageway,4,Ped - On carriageway,,Vehicle - Pedestrian,4 wheel drive / SUV,Pedestrian,3,0,1,0,0,6,June,Winter,Saturday,16:00 - 17:59,PM peak / evening commute,True,False,True,True
1353920,Injury,Serious Injury,2024,2024,May,Wednesday,08:00 - 09:59,COONABARABRAN,RD,2000,West,TAMBAR SPRINGS,RD,PREMER,129.0,No,Not a school zone,2-way undivided,-31.452575,149.874975,Warrumbungle,Country non-urban,Rest of NSW - Rural,Straight,,,,Nil,Sealed,Dry,Fine,Daylight,Nil,No traffic controls,100 km/h,Regional,67,Struck animal,609,On path - Hit animal,,Vehicle - Animal,Motorcycle,,1,0,1,0,0,5,May,Autumn,Wednesday,08:00 - 09:59,AM peak / school commute,True,False,True,True
1353924,Injury,Moderate Injury,2024,2024,June,Wednesday,18:00 - 19:59,CARRINGTON,RD,0,Right on the spot,PINE,ST,RANDWICK,660.0,No,Not a school zone,X-intersection,-33.90489,151.252645,Randwick,Sydney metro. area,Syd-Newc-Woll Gtr conurbation,Straight,,,,On,Sealed,Dry,Overcast,Darkness,Nil,No traffic controls,50 km/h,State,21,Right through,202,Opp - Right-thru,,Other angle,4 wheel drive / SUV,Pedal cycle,2,0,0,1,0,6,June,Winter,Wednesday,18:00 - 19:59,PM peak / evening commute,True,False,True,True
1353925,Injury,Minor/Other Injury,2024,2024,February,Thursday,14:00 - 15:59,WONIORA,RD,10,East,KING GEORGES,RD,HURSTVILLE,7010.0,No,Not a school zone,T-junction,-33.965645,151.094692,Georges River,Sydney metro. area,Syd-Newc-Woll Gtr conurbation,Straight,Crest,,,Nil,Sealed,Dry,Fine,Daylight,On,No traffic controls,60 km/h,Regional,30,Rear end,301,Same - Rear end,,Rear end,Car (sedan/hatch),Car (sedan/hatch),3,0,0,0,1,2,February,Summer,Thursday,14:00 - 15:59,Midday / afternoon,False,False,True,True
1353927,Injury,Serious Injury,2024,2024,April,Saturday,08:00 - 09:59,RIVERS,RD,450,North,RIVERSIDE,LANE,CANOWINDRA,,No,Not a school zone,2-way undivided,-33.607519,148.513528,Cowra,Country non-urban,Rest of NSW - Rural,Curved,,,,Nil,Sealed,Dry,Fine,Daylight,Nil,No traffic controls,100 km/h,Local,85,Off rt/lft bnd=>obj,804,Off left bend into obj,Right,Vehicle - Object,Passenger van,,1,0,1,0,0,4,April,Autumn,Saturday,08:00 - 09:59,AM peak / school commute,True,False,True,True
1353929,Injury,Minor/Other Injury,2024,2024,April,Tuesday,16:00 - 17:59,HARRY GRAHAM,DR,300,North,CENTRAL,AVE,KEMBLA HEIGHTS,,No,Not a school zone,2-way undivided,-34.425627,150.811335,Wollongong,Wollongong met. area,Syd-Newc-Woll Gtr conurbation,Curved,,,,Unknown / not stated,Sealed,Wet,Raining,Dusk,Nil,No traffic controls,60 km/h,Local,66,Object on road,607,On path - Hit temp object,,Vehicle - Object,Car (sedan/hatch),,1,0,0,0,1,4,April,Autumn,Tuesday,16:00 - 17:59,PM peak / evening commute,True,False,True,True
1353930,Injury,Serious Injury,2024,2024,June,Monday,18:00 - 19:59,CRINAN,ST,0,Right on the spot,MELFORD,ST,HURLSTONE PARK,,No,Not a school zone,Roundabout,-33.907199,151.128521,Canterbury-Bankstown,Sydney metro. area,Syd-Newc-Woll Gtr conurbation,Straight,,,,Nil,Sealed,Dry,Fine,Darkness,Nil,Give way sign,50 km/h,Local,10,Cross traffic,101,Adj - Cross traffic,,Right angle,Light truck utility(from 2018),Car (sedan/hatch),2,0,1,0,0,6,June,Winter,Monday,18:00 - 19:59,PM peak / evening commute,True,False,True,True
1353932,Injury,Moderate Injury,2024,2024,May,Tuesday,12:00 - 13:59,COWPASTURE,RD,10,South,HOXTON PARK,RD,WEST HOXTON,648.0,No,Not a school zone,X-intersection,-33.924649,150.848299,Liverpool,Sydney metro. area,Syd-Newc-Woll Gtr conurbation,Straight,,,,On,Sealed,Dry,Fine,Daylight,On,No traffic controls,70 km/h,State,34,Lane change right,306,Same - Lane change right,,Other angle,Car (sedan/hatch),4 wheel drive / SUV,4,0,0,1,0,5,May,Autumn,Tuesday,12:00 - 13:59,Midday / afternoon,False,False,True,True