crash_id,degree_of_crash,degree_of_crash_-_detailed,reporting_year,year_of_crash,month_of_crash,day_of_week_of_crash,two-hour_intervals,street_of_crash,street_type,distance,direction,identifying_feature,identifying_feature_type,town,route_no.,school_zone_location,school_zone_active,type_of_location,latitude,longitude,lga,urbanisation,conurbation_1,alignment,primary_permanent_feature,primary_temporary_feature,primary_hazardous_feature,street_lighting,road_surface,surface_condition,weather,natural_lighting,signals_operation,other_traffic_control,speed_limit,road_classification_(admin),rum_-_code,rum_-_description,dca_-_code,dca_-_description,dca_supplement,first_impact_type,key_tu_type,other_tu_type,no._of_traffic_units_involved,no._killed,no._seriously_injured,no._moderately_injured,no._minor-other_injured,month_num,month_label,season,day_label,time_label,time_band,is_peak_commute,is_fatal,is_injury,is_casualty
1353934,Injury,Serious Injury,2024,2024,May,Wednesday,16:00 - 17:59,VICTORIA,RD,100,East,DRUMMOYNE AVENUE,OP,DRUMMOYNE,165.0,No,Not a school zone,Divided road,-33.84477,151.150393,Canada Bay,Sydney metro. area,Syd-Newc-Woll Gtr conurbation,Straight,Steep grade,,,Nil,Sealed,Dry,Fine,Daylight,Nil,No traffic controls,70 km/h,State,74,On road-out of cont.,705,Out of control on cway,,Rollover,Motorcycle,,1,0,1,0,0,5,May,Autumn,Wednesday,16:00 - 17:59,PM peak / evening commute,True,False,True,True
1353937,Injury,Moderate Injury,2024,2024,May,Monday,14:00 - 15:59,BROWNING,ST,0,Right on the spot,JONSON,ST,BYRON BAY,545.0,No,Not a school zone,Roundabout,-28.650143,153.613029,Byron,Country urban,Rest of NSW - Urban,Straight,,,,Unknown / not stated,Sealed,Dry,Fine,Daylight,Nil,Give way sign,50 km/h,Regional,33,Lane sideswipe,305,Same - Lane side swipe,,Other angle,Station wagon,Pedal cycle,2,0,0,1,0,5,May,Autumn,Monday,14:00 - 15:59,Midday / afternoon,False,False,True,True
1353938,Injury,Serious Injury,2024,2024,May,Saturday,00:01 - 01:59,STRATHBOGIE,RD,1000,West,DERBY,ST,GLEN INNES,,No,Not a school zone,2-way undivided,-29.718291,151.715897,Glen Innes Severn,Country non-urban,Rest of NSW - Rural,Straight,,,,Nil,Sealed,Dry,Fine,Darkness,Nil,No traffic controls,100 km/h,Local,71,Off rd left => obj,703,Left off cway into object,,Vehicle - Object,Light truck utility(from 2018),,1,0,1,0,0,5,May,Autumn,Saturday,00:01 - 01:59,Late night / early morning,False,False,True,True
1353939,Injury,Minor/Other Injury,2024,2024,May,Thursday,16:00 - 17:59,MYALL,RD,0,Right on the spot,NEWCASTLE,ST,CARDIFF,7769.0,No,Not a school zone,Roundabout,-32.945394,151.664726,Lake Macquarie,Newcastle met. area,Syd-Newc-Woll Gtr conurbation,Straight,Steep grade,,,Unknown / not stated,Sealed,Dry,Fine,Dusk,Nil,Give way sign,60 km/h,Regional,11,Right far,102,Adj - Right-thru from left,,Right angle,4 wheel drive / SUV,Light truck utility(from 2018),2,0,0,0,1,5,May,Autumn,Thursday,16:00 - 17:59,PM peak / evening commute,True,False,True,True
1353940,Injury,Minor/Other Injury,2024,2024,February,Saturday,22:00 - Midnight,OXFORD,ST,10,West,PERRY,LANE,PADDINGTON,172.0,No,Not a school zone,T-junction,-33.885122,151.227383,Woollahra,Sydney metro. area,Syd-Newc-Woll Gtr conurbation,Curved,,,,On,Sealed,Dry,Fine,Darkness,Nil,No traffic controls,50 km/h,State,30,Rear end,301,Same - Rear end,,Rear end,4 wheel drive / SUV,4 wheel drive / SUV,4,0,0,0,1,2,February,Summer,Saturday,22:00 - Midnight,Evening / night,False,False,True,True
1353942,Injury,Minor/Other Injury,2024,2024,March,Monday,18:00 - 19:59,CENTRAL LANSDOWNE,RD,100,East,UPPER LANSDOWNE,RD,UPPER LANSDOWNE,,No,Not a school zone,2-way undivided,-31.732796,152.464151,Mid-Coast,Country non-urban,Rest of NSW - Rural,Straight,,,,Unknown / not stated,Unsealed,Dry,Fine,Daylight,Nil,No traffic controls,100 km/h,Local,67,Struck animal,609,On path - Hit animal,,Vehicle - Animal,4 wheel drive / SUV,,1,0,0,0,1,3,March,Autumn,Monday,18:00 - 19:59,PM peak / evening commute,True,False,True,True
1353945,Injury,Minor/Other Injury,2024,2024,June,Tuesday,22:00 - Midnight,NEW ENGLAND,HWY,0,Right on the spot,FERRABY,DR,ASHTONFIELD,9.0,No,Not a school zone,T-junction,-32.775426,151.612264,Maitland,Country urban,Rest of NSW - Urban,Straight,,,,Unknown / not stated,Sealed,Dry,Fine,Darkness,On,No traffic controls,80 km/h,State,21,Right through,202,Opp - Right-thru,,Other angle,Car (sedan/hatch),Car (sedan/hatch),2,0,0,0,1,6,June,Winter,Tuesday,22:00 - Midnight,Evening / night,False,False,True,True
1353946,Injury,Minor/Other Injury,2024,2024,March,Saturday,00:01 - 01:59,ADDISON,AVE,0,Right on the spot,NUMBER 46,HN,LAKE ILLAWARRA,,No,Not a school zone,2-way undivided,-34.541227,150.859612,Shellharbour,Wollongong met. area,Syd-Newc-Woll Gtr conurbation,Straight,,,,On,Sealed,Dry,Fine,Darkness,Nil,No traffic controls,50 km/h,Local,3,Ped on carriageway,4,Ped - On carriageway,,Vehicle - Pedestrian,Car (sedan/hatch),Pedestrian,2,0,0,0,1,3,March,Autumn,Saturday,00:01 - 01:59,Late night / early morning,False,False,True,True
1353948,Injury,Serious Injury,2024,2024,April,Friday,00:01 - 01:59,LORNA,ST,0,Right on the spot,QUEEN,ST,WARATAH WEST,605.0,No,Not a school zone,T-junction,-32.895034,151.716989,Newcastle,Newcastle met. area,Syd-Newc-Woll Gtr conurbation,Curved,Steep grade,,,On,Sealed,Dry,Fine,Darkness,Nil,No traffic controls,60 km/h,State,81,Off left/rt bnd=>obj,803,Off right bend into obj,Left,Vehicle - Object,Car (sedan/hatch),,1,0,1,0,0,4,April,Autumn,Friday,00:01 - 01:59,Late night / early morning,False,False,True,True
1353951,Injury,Serious Injury,2024,2024,April,Thursday,14:00 - 15:59,WEST BOTANY,ST,0,Right on the spot,ROCKDALE PLAZA,DR,ROCKDALE,2032.0,No,Not a school zone,T-junction,-33.958904,151.146015,Bayside,Sydney metro. area,Syd-Newc-Woll Gtr conurbation,Straight,,,,Unknown / not stated,Sealed,Wet,Raining,Daylight,On,No traffic controls,60 km/h,Regional,21,Right through,202,Opp - Right-thru,,Other angle,Car (sedan/hatch),Car (sedan/hatch),3,0,1,0,0,4,April,Autumn,Thursday,14:00 - 15:59,Midday / afternoon,False,False,True,True
1353953,Injury,Serious Injury,2024,2024,April,Wednesday,16:00 - 17:59,PRINCES,HWY,0,Right on the spot,HAWKEN,RD,TOMERONG,1.0,No,Not a school zone,T-junction,-35.025177,150.578532,Shoalhaven,Country urban,Rest of NSW - Urban,Curved,,,,Off,Sealed,Dry,Overcast,Dusk,Nil,Give way sign,80 km/h,State,13,Right near,104,Adj - Right-thru from right,,Right angle,Light truck,Car (sedan/hatch),2,0,1,2,0,4,April,Autumn,Wednesday,16:00 - 17:59,PM peak / evening commute,True,False,True,True
1353954,Injury,Moderate Injury,2024,2024,May,Friday,06:00 - 07:59,PRINCES,HWY,250,South,PENINSULA,DR,NORTH BATEMANS BAY,1.0,No,Not a school zone,2-way undivided,-35.701207,150.181275,Eurobodalla,Country urban,Rest of NSW - Urban,Straight,,,,On,Sealed,Dry,Fine,Dawn,Nil,No traffic controls,60 km/h,State,71,Off rd left => obj,703,Left off cway into object,,Vehicle - Object,Light truck,,1,0,0,1,0,5,May,Autumn,Friday,06:00 - 07:59,AM peak / school commute,True,False,True,True
1353959,Injury,Serious Injury,2024,2024,May,Thursday,18:00 - 19:59,BRIDGMAN,RD,40,North,ACACIA,CCT,HUNTERVIEW,,No,Not a school zone,2-way undivided,-32.547686,151.168664,Singleton,Country urban,Rest of NSW - Urban,Straight,Foot/cycle path/nature strip,,,Nil,Sealed,Dry,Fine,Darkness,Nil,Ped crossing,60 km/h,Local,48,From footpath,408,Manov - From footway,,Other angle,Pedal cycle,Car (sedan/hatch),2,0,1,1,0,5,May,Autumn,Thursday,18:00 - 19:59,PM peak / evening commute,True,False,True,True
1353961,Injury,Minor/Other Injury,2024,2024,May,Sunday,16:00 - 17:59,ROSSI,RD,0,Right on the spot,NUMBER 741,HN,ROSSI,,No,Not a school zone,2-way undivided,-35.495457,149.517383,Queanbeyan-Palerang Regional,Country non-urban,Rest of NSW - Rural,Curved,Ditch/drain/culvert,,,Nil,Unsealed,Dry,Fine,Daylight,Nil,No traffic controls,100 km/h,Local,67,Struck animal,609,On path - Hit animal,,Vehicle - Animal,Motorcycle,,1,0,0,0,1,5,May,Autumn,Sunday,16:00 - 17:59,PM peak / evening commute,True,False,True,True
1353964,Injury,Minor/Other Injury,2024,2024,April,Tuesday,16:00 - 17:59,WHITFORD,RD,30,North,PARTRIDGE,AVE,HINCHINBROOK,,No,Not a school zone,Divided road,-33.916701,150.868185,Liverpool,Sydney metro. area,Syd-Newc-Woll Gtr conurbation,Straight,,,,Nil,Sealed,Dry,Fine,Daylight,Nil,No traffic controls,50 km/h,Local,71,Off rd left => obj,703,Left off cway into object,,Other angle,4 wheel drive / SUV,Car (sedan/hatch),2,0,0,0,1,4,April,Autumn,Tuesday,16:00 - 17:59,PM peak / evening commute,True,False,True,True
1353966,Injury,Moderate Injury,2024,2024,April,Thursday,12:00 - 13:59,BONDI,RD,65,East,OCEAN,ST,BONDI,172.0,No,Not a school zone,2-way undivided,-33.893834,151.263106,Waverley,Sydney metro. area,Syd-Newc-Woll Gtr conurbation,Straight,,,,Off,Sealed,Dry,Fine,Daylight,Nil,No traffic controls,50 km/h,State,63,Vehicle door,604,On path - Vehicle door,,Other angle,Pedal cycle,Car (sedan/hatch),2,0,0,1,0,4,April,Autumn,Thursday,12:00 - 13:59,Midday / afternoon,False,False,True,True
1353967,Injury,Serious Injury,2024,2024,June,Sunday,12:00 - 13:59,VAUGHAN,ST,0,Right on the spot,OXFORD,ST,LIDCOMBE,2096.0,No,Not a school zone,X-intersection,-33.864004,151.034601,Cumberland,Sydney metro. area,Syd-Newc-Woll Gtr conurbation,Straight,,,,Unknown / not stated,Sealed,Dry,Fine,Daylight,Nil,Stop sign,50 km/h,Regional,10,Cross traffic,101,Adj - Cross traffic,,Right angle,4 wheel drive / SUV,Car (sedan/hatch),2,0,1,0,0,6,June,Winter,Sunday,12:00 - 13:59,Midday / afternoon,False,False,True,True
1353970,Injury,Serious Injury,2024,2024,April,Sunday,16:00 - 17:59,JOHN,ST,10,South,GREAT WESTERN,HWY,LIDCOMBE,5.0,No,Not a school zone,T-junction,-33.849317,151.050392,Cumberland,Sydney metro. area,Syd-Newc-Woll Gtr conurbation,Straight,,,,Nil,Sealed,Dry,Fine,Daylight,Nil,No traffic controls,50 km/h,State,1,Ped emerging,2,Ped - emerging,,Vehicle - Pedestrian,4 wheel drive / SUV,Pedestrian,2,0,1,0,0,4,April,Autumn,Sunday,16:00 - 17:59,PM peak / evening commute,True,False,True,True
1353972,Injury,Minor/Other Injury,2024,2024,May,Friday,08:00 - 09:59,BURDETT,ST,0,Right on the spot,NUMBER 70,HN,HORNSBY,,No,Not a school zone,2-way undivided,-33.703717,151.109086,Hornsby,Sydney metro. area,Syd-Newc-Woll Gtr conurbation,Straight,,,,Unknown / not stated,Sealed,Dry,Fine,Daylight,Nil,No traffic controls,50 km/h,Local,49,Other manoeuvring,400,Manov - other,,Other angle,Car (sedan/hatch),Car (sedan/hatch),2,0,0,0,1,5,May,Autumn,Friday,08:00 - 09:59,AM peak / school commute,True,False,True,True
1353975,Injury,Moderate Injury,2024,2024,May,Saturday,08:00 - 09:59,HUNTER,EXP,100,South,MAIN ROAD,TO,LOXFORD,6011.0,No,Not a school zone,Dual freeway,-32.80527,151.496677,Cessnock,Country non-urban,Rest of NSW - Rural,Curved,,,,Off,Sealed,Wet,Raining,Daylight,Nil,No traffic controls,110 km/h,State,30,Rear end,301,Same - Rear end,,Rear end,Station wagon,Light truck utility(from 2018),2,0,0,1,1,5,May,Autumn,Saturday,08:00 - 09:59,AM peak / school commute,True,False,True,True
1353976,Injury,Serious Injury,2024,2024,May,Sunday,22:00 - Midnight,NUWARRA,RD,0,Right on the spot,KALIMNA,ST,MOOREBANK,7269.0,No,Not a school zone,T-junction,-33.931547,150.95443,Liverpool,Sydney metro. area,Syd-Newc-Woll Gtr conurbation,Straight,,,,Off,Sealed,Dry,Fine,Darkness,Nil,No traffic controls,60 km/h,Regional,16,Left near,107,Adj - Left-thru from right,,Right angle,4 wheel drive / SUV,Car (sedan/hatch),2,0,1,0,0,5,May,Autumn,Sunday,22:00 - Midnight,Evening / night,False,False,True,True
1353978,Injury,Minor/Other Injury,2024,2024,May,Thursday,08:00 - 09:59,WINDSOR,RD,0,Right on the spot,NUMBER 67,HN,NORTHMEAD,184.0,No,Not a school zone,2-way undivided,-33.787547,150.995101,Parramatta,Sydney metro. area,Syd-Newc-Woll Gtr conurbation,Straight,,,,Unknown / not stated,Sealed,Dry,Fine,Daylight,Nil,No traffic controls,60 km/h,State,30,Rear end,301,Same - Rear end,,Rear end,4 wheel drive / SUV,Car (sedan/hatch),3,0,0,0,2,5,May,Autumn,Thursday,08:00 - 09:59,AM peak / school commute,True,False,True,True
1353979,Injury,Minor/Other Injury,2024,2024,February,Wednesday,10:00 - 11:59,NEWBRIDGE,RD,510,West,RICKARD,RD,CHIPPING NORTON,167.0,No,Not a school zone,Divided road,-33.928006,150.972334,Liverpool,Sydney metro. area,Syd-Newc-Woll Gtr conurbation,Curved,,,,Unknown / not stated,Sealed,Dry,Fine,Daylight,Nil,No traffic controls,70 km/h,State,35,Lane change left,307,Same - Lane change left,,Other angle,Semi-trailer,4 wheel drive / SUV,2,0,0,0,1,2,February,Summer,Wednesday,10:00 - 11:59,Midday / afternoon,False,False,True,True
1353982,Injury,Minor/Other Injury,2024,2024,May,Monday,16:00 - 17:59,BEAMES,AVE,0,Right on the spot,NUMBER 267-269,HN,MOUNT DRUITT,,No,Not a school zone,2-way undivided,-33.769161,150.81461,Blacktown,Sydney metro. area,Syd-Newc-Woll Gtr conurbation,Straight,Driveway/entrance,,,Unknown / not stated,Sealed,Dry,Fine,Daylight,Nil,No traffic controls,50 km/h,Local,47,Emerging from drive,406,Manov - Emerging from driveway,,Right angle,Car (sedan/hatch),4 wheel drive / SUV,2,0,0,0,1,5,May,Autumn,Monday,16:00 - 17:59,PM peak / evening commute,True,False,True,True
1353986,Injury,Serious Injury,2024,2024,May,Wednesday,16:00 - 17:59,CONDAMINE,ST,0,Right on the spot,JAMES,ST,NORTH MANLY,164.0,No,Not a school zone,T-junction,-33.774912,151.266391,Northern Beaches,Sydney metro. area,Syd-Newc-Woll Gtr conurbation,Straight,Bus/transit lane,,,Nil,Sealed,Dry,Fine,Daylight,Nil,No traffic controls,60 km/h,State,2,Ped far side,3,Ped - Far side,,Vehicle - Pedestrian,Car (sedan/hatch),Pedestrian,2,0,1,0,0,5,May,Autumn,Wednesday,16:00 - 17:59,PM peak / evening commute,True,False,True,True
1353987,Injury,Moderate Injury,2024,2024,June,Monday,16:00 - 17:59,RUSSELL,ST,0,Right on the spot,JAMIESON,ST,EMU PLAINS,7292.0,No,Not a school zone,T-junction,-33.752105,150.653655,Penrith,Sydney metro. area,Syd-Newc-Woll Gtr conurbation,Straight,,,,Unknown / not stated,Sealed,Dry,Fine,Daylight,Nil,Give way sign,50 km/h,Regional,21,Right through,202,Opp - Right-thru,,Other angle,4 wheel drive / SUV,4 wheel drive / SUV,2,0,0,1,0,6,June,Winter,Monday,16:00 - 17:59,PM peak / evening commute,True,False,True,True
1353988,Injury,Moderate Injury,2024,2024,March,Sunday,10:00 - 11:59,MULGOA,RD,440,West,GIBBES,ST,MULGOA,155.0,No,Not a school zone,2-way undivided,-33.776049,150.657893,Penrith,Sydney metro. area,Syd-Newc-Woll Gtr conurbation,Curved,Steep grade,,,Off,Sealed,Dry,Fine,Daylight,Nil,No traffic controls,80 km/h,State,81,Off left/rt bnd=>obj,803,Off right bend into obj,Left,Vehicle - Object,Motorcycle,,1,0,0,1,0,3,March,Autumn,Sunday,10:00 - 11:59,Midday / afternoon,False,False,True,True
1353991,Injury,Serious Injury,2024,2024,May,Saturday,12:00 - 13:59,NEWCASTLE,EXP,260,North,PACIFIC,HWY,COWAN,6003.0,No,Not a school zone,Dual freeway,-33.556441,151.192738,Hornsby,Sydney metro. area,Syd-Newc-Woll Gtr conurbation,Straight,,,,Unknown / not stated,Sealed,Wet,Raining,Daylight,Nil,No traffic controls,110 km/h,State,33,Lane sideswipe,305,Same - Lane side swipe,,Other angle,Light truck utility(from 2018),4 wheel drive / SUV,3,0,1,0,0,5,May,Autumn,Saturday,12:00 - 13:59,Midday / afternoon,False,False,True,True
1353992,Injury,Moderate Injury,2024,2024,March,Wednesday,20:00 - 21:59,HENRY LAWSON,DR,10,North,WEBSTER,ST,MILPERRA,508.0,No,Not a school zone,T-junction,-33.951556,150.981454,Canterbury-Bankstown,Sydney metro. area,Syd-Newc-Woll Gtr conurbation,Curved,Painted double centre lines,,,On,Sealed,Dry,Fine,Darkness,Nil,No traffic controls,60 km/h,State,40,U turn,207,Opp - U-turn,,Other angle,Light truck utility(from 2018),Light truck utility(from 2018),2,0,0,1,0,3,March,Autumn,Wednesday,20:00 - 21:59,Evening / night,False,False,True,True
1353996,Injury,Moderate Injury,2024,2024,May,Friday,18:00 - 19:59,GOLDEN,HWY,10000,West,CASSILIS,TN,CASSILIS,27.0,No,Not a school zone,2-way undivided,-32.056601,149.894794,Upper Hunter,Country non-urban,Rest of NSW - Rural,Straight,,,,Unknown / not stated,Sealed,Wet,Raining,Darkness,Nil,No traffic controls,100 km/h,State,74,On road-out of cont.,705,Out of control on cway,,Rollover,Light truck utility(from 2018),,1,0,0,1,0,5,May,Autumn,Friday,18:00 - 19:59,PM peak / evening commute,True,False,True,True
1353998,Injury,Moderate Injury,2024,2024,February,Thursday,14:00 - 15:59,FOX,ST,50,East,MOON,ST,BALLINA,,No,Not a school zone,2-way undivided,-28.862224,153.564272,Ballina,Country urban,Rest of NSW - Urban,Straight,,,,Nil,Sealed,Dry,Fine,Daylight,Nil,No traffic controls,50 km/h,Local,30,Rear end,301,Same - Rear end,,Rear end,Car (sedan/hatch),4 wheel drive / SUV,2,0,0,1,0,2,February,Summer,Thursday,14:00 - 15:59,Midday / afternoon,False,False,True,True
1353999,Injury,Minor/Other Injury,2024,2024,May,Friday,08:00 - 09:59,HIGHCLERE,AVE,0,Right on the spot,NUMBER 48,HN,PUNCHBOWL,,No,Not a school zone,2-way undivided,-33.922977,151.055755,Canterbury-Bankstown,Sydney metro. area,Syd-Newc-Woll Gtr conurbation,Straight,Driveway/entrance,,,Unknown / not stated,Sealed,Wet,Raining,Daylight,Nil,No traffic controls,50 km/h,Local,47,Emerging from drive,406,Manov - Emerging from driveway,,Right angle,Car (sedan/hatch),Light truck utility(from 2018),2,0,0,0,1,5,May,Autumn,Friday,08:00 - 09:59,AM peak / school commute,True,False,True,True
1354000,Injury,Moderate Injury,2024,2024,May,Monday,16:00 - 17:59,ILLAWARRA,HWY,0,Right on the spot,AMARAL,AVE,ALBION PARK,25.0,No,Not a school zone,T-junction,-34.571436,150.76663,Shellharbour,Wollongong met. area,Syd-Newc-Woll Gtr conurbation,Straight,,,,Off,Sealed,Dry,Fine,Daylight,Nil,Give way sign,50 km/h,State,32,Right rear,303,Same - Rear right,,Rear end,4 wheel drive / SUV,Car (sedan/hatch),2,0,0,1,1,5,May,Autumn,Monday,16:00 - 17:59,PM peak / evening commute,True,False,True,True
1354002,Injury,Moderate Injury,2024,2024,February,Monday,18:00 - 19:59,BURNS,RD,130,West,PRINCES,HWY,HEATHCOTE,,No,Not a school zone,2-way undivided,-34.097646,150.995752,Sutherland,Sydney metro. area,Syd-Newc-Woll Gtr conurbation,Curved,Steep grade,,,Off,Sealed,Dry,Fine,Dusk,Nil,No traffic controls,50 km/h,Local,81,Off left/rt bnd=>obj,803,Off right bend into obj,Left,Vehicle - Object,Motorcycle,,1,0,0,1,0,2,February,Summer,Monday,18:00 - 19:59,PM peak / evening commute,True,False,True,True
1354004,Injury,Minor/Other Injury,2024,2024,April,Monday,18:00 - 19:59,HOGBIN,DR,0,Right on the spot,HARBOUR,DR,COFFS HARBOUR,7745.0,No,Not a school zone,Roundabout,-30.302976,153.123873,Coffs Harbour,Country urban,Rest of NSW - Urban,Curved,,,,On,Sealed,Dry,Fine,Darkness,Nil,Give way sign,60 km/h,Regional,10,Cross traffic,101,Adj - Cross traffic,,Right angle,Car (sedan/hatch),Pedal cycle,2,0,0,0,1,4,April,Autumn,Monday,18:00 - 19:59,PM peak / evening commute,True,False,True,True
1354010,Injury,Moderate Injury,2024,2024,April,Wednesday,16:00 - 17:59,HAROLD,ST,0,Right on the spot,PARLIAMENT,RD,MACQUARIE FIELDS,680.0,No,Not a school zone,X-intersection,-33.990776,150.892756,Campbelltown,Sydney metro. area,Syd-Newc-Woll Gtr conurbation,Straight,,,,Off,Sealed,Dry,Fine,Daylight,On,No traffic controls,60 km/h,State,21,Right through,202,Opp - Right-thru,,Other angle,Car (sedan/hatch),Car (sedan/hatch),2,0,0,1,0,4,April,Autumn,Wednesday,16:00 - 17:59,PM peak / evening commute,True,False,True,True
1354011,Injury,Minor/Other Injury,2024,2024,May,Friday,10:00 - 11:59,CROWN,ST,0,Right on the spot,NUMBER 365,HN,SURRY HILLS,,No,Not a school zone,2-way undivided,-33.884792,151.214115,Sydney,Sydney metro. area,Syd-Newc-Woll Gtr conurbation,Straight,Driveway/entrance,Roadwks/Detour/Diverson,,Nil,Sealed,Dry,Fine,Daylight,Nil,Road/rail worker,40 km/h,Local,47,Emerging from drive,406,Manov - Emerging from driveway,,Right angle,4 wheel drive / SUV,Other bus,2,0,0,0,1,5,May,Autumn,Friday,10:00 - 11:59,Midday / afternoon,False,False,True,True
1354015,Injury,Moderate Injury,2024,2024,May,Wednesday,14:00 - 15:59,PERINA,PL,10,North,SCENIC,DR,MEREWETHER HEIGHTS,7777.0,Yes,No,T-junction,-32.946811,151.739871,Newcastle,Newcastle met. area,Syd-Newc-Woll Gtr conurbation,Straight,Steep grade,,,Off,Sealed,Dry,Fine,Daylight,Nil,No traffic controls,50 km/h,Regional,0,Ped nearside,1,Ped - Near side,,Vehicle - Pedestrian,Car (sedan/hatch),Pedestrian,2,0,0,1,0,5,May,Autumn,Wednesday,14:00 - 15:59,Midday / afternoon,False,False,True,True
1354020,Injury,Moderate Injury,2024,2024,June,Tuesday,14:00 - 15:59,TOMAKIN,RD,100,West,SOMERSET,CL,MOGO,,No,Not a school zone,2-way undivided,-35.792179,150.153486,Eurobodalla,Country urban,Rest of NSW - Urban,Curved,,Roadwks/Detour/Diverson,,Nil,Sealed,Dry,Fine,Daylight,Nil,Road/rail worker,40 km/h,Local,30,Rear end,301,Same - Rear end,,Rear end,Car (sedan/hatch),Station wagon,2,0,0,1,0,6,June,Winter,Tuesday,14:00 - 15:59,Midday / afternoon,False,False,True,True
1354021,Injury,Moderate Injury,2024,2024,April,Friday,18:00 - 19:59,CARTWRIGHT,AVE,0,Right on the spot,WILLAN,DR,CARTWRIGHT,,Yes,No,T-junction,-33.924616,150.889985,Liverpool,Sydney metro. area,Syd-Newc-Woll Gtr conurbation,Straight,,,,Off,Sealed,Dry,Fine,Daylight,Nil,No traffic controls,50 km/h,Local,21,Right through,202,Opp - Right-thru,,Other angle,Light truck,Light truck utility(from 2018),2,0,0,3,0,4,April,Autumn,Friday,18:00 - 19:59,PM peak / evening commute,True,False,True,True
1354024,Injury,Serious Injury,2024,2024,May,Saturday,10:00 - 11:59,ARDLETHAN,RD,0,Right on the spot,NUMBER 2256,HN,COWABBIE,240.0,No,Not a school zone,2-way undivided,-34.640315,147.057167,Coolamon,Country non-urban,Rest of NSW - Rural,Straight,Embankment/cutting,,,Nil,Sealed,Dry,Fine,Daylight,Nil,No traffic controls,100 km/h,Regional,73,Off rd rght => obj,704,Right off cway into obj,,Vehicle - Object,Utility,,1,0,1,1,0,5,May,Autumn,Saturday,10:00 - 11:59,Midday / afternoon,False,False,True,True
1354026,Injury,Minor/Other Injury,2024,2024,June,Thursday,16:00 - 17:59,PACIFIC,HWY,0,Right on the spot,LIVINGSTONE,AVE,PYMBLE,10.0,No,Not a school zone,T-junction,-33.745608,151.143239,Ku-ring-gai,Sydney metro. area,Syd-Newc-Woll Gtr conurbation,Curved,,,,Unknown / not stated,Sealed,Wet,Raining,Dusk,On,No traffic controls,60 km/h,State,30,Rear end,301,Same - Rear end,,Rear end,Car (sedan/hatch),Car (sedan/hatch),3,0,0,0,1,6,June,Winter,Thursday,16:00 - 17:59,PM peak / evening commute,True,False,True,True
1354027,Injury,Moderate Injury,2024,2024,May,Tuesday,08:00 - 09:59,HAMILTON,ST,0,Right on the spot,PRINCES,ST,GRANTHAM FARM,,No,Not a school zone,X-intersection,-33.660566,150.860127,Blacktown,Sydney metro. area,Syd-Newc-Woll Gtr conurbation,Straight,,,,Nil,Unsealed,Dry,Fine,Daylight,Nil,Stop sign,50 km/h,Local,10,Cross traffic,101,Adj - Cross traffic,,Right angle,Light truck,Car (sedan/hatch),2,0,0,1,0,5,May,Autumn,Tuesday,08:00 - 09:59,AM peak / school commute,True,False,True,True
1354030,Injury,Moderate Injury,2024,2024,April,Monday,04:00 - 05:59,GREENLEAF,RD,0,Right on the spot,NUMBER 64,HN,KOORAGANG,,No,Not a school zone,2-way undivided,-32.88773,151.782717,Newcastle,Newcastle met. area,Syd-Newc-Woll Gtr conurbation,Straight,,,,Off,Sealed,Dry,Fine,Darkness,Nil,No traffic controls,60 km/h,Local,30,Rear end,301,Same - Rear end,,Rear end,Car (sedan/hatch),Light truck utility(from 2018),2,0,0,1,0,4,April,Autumn,Monday,04:00 - 05:59,Late night / early morning,False,False,True,True
1354031,Injury,Moderate Injury,2024,2024,March,Tuesday,02:00 - 03:59,OXIDE,ST,0,Right on the spot,WILLIAMS,LANE,BROKEN HILL,,No,Not a school zone,X-intersection,-31.947065,141.459426,Broken Hill,Country urban,Rest of NSW - Urban,Straight,,Police pursuit,,On,Sealed,Dry,Fine,Darkness,Nil,Stop sign,50 km/h,Local,10,Cross traffic,101,Adj - Cross traffic,,Right angle,Car (sedan/hatch),Car (sedan/hatch),2,0,0,1,0,3,March,Autumn,Tuesday,02:00 - 03:59,Late night / early morning,False,False,True,True
1354032,Injury,Moderate Injury,2024,2024,May,Monday,08:00 - 09:59,OLIVER,ST,0,Right on the spot,CAVILL,ST,QUEENSCLIFF,2102.0,No,Not a school zone,X-intersection,-33.779849,151.282215,Northern Beaches,Sydney metro. area,Syd-Newc-Woll Gtr conurbation,Straight,Steep grade,,,Off,Sealed,Dry,Fine,Daylight,On,No traffic controls,50 km/h,Regional,21,Right through,202,Opp - Right-thru,,Other angle,4 wheel drive / SUV,Motorcycle,2,0,0,1,0,5,May,Autumn,Monday,08:00 - 09:59,AM peak / school commute,True,False,True,True
1354033,Injury,Moderate Injury,2024,2024,April,Tuesday,12:00 - 13:59,PRINCES,HWY,0,Right on the spot,OAK,RD,KIRRAWEE,1.0,No,Not a school zone,X-intersection,-34.032036,151.071549,Sutherland,Sydney metro. area,Syd-Newc-Woll Gtr conurbation,Straight,,,,Off,Sealed,Dry,Overcast,Daylight,On,No traffic controls,70 km/h,State,3,Ped on carriageway,4,Ped - On carriageway,,Vehicle - Pedestrian,Station wagon,Pedestrian,2,0,0,1,0,4,April,Autumn,Tuesday,12:00 - 13:59,Midday / afternoon,False,False,True,True
1354034,Injury,Moderate Injury,2024,2024,June,Sunday,00:01 - 01:59,SOUTH DOWLING,ST,0,Right on the spot,FITZROY,ST,SURRY HILLS,593.0,No,Not a school zone,X-intersection,-33.886129,151.217948,Sydney,Sydney metro. area,Syd-Newc-Woll Gtr conurbation,Straight,Steep grade,,,Unknown / not stated,Sealed,Wet,Raining,Darkness,On,No traffic controls,60 km/h,State,36,Right turn sideswipe,308,Same - Rgt turn side swipe,,Other angle,Car (sedan/hatch),Car (sedan/hatch),2,0,0,1,0,6,June,Winter,Sunday,00:01 - 01:59,Late night / early morning,False,False,True,True