crash_id,degree_of_crash,degree_of_crash_-_detailed,reporting_year,year_of_crash,month_of_crash,day_of_week_of_crash,two-hour_intervals,street_of_crash,street_type,distance,direction,identifying_feature,identifying_feature_type,town,route_no.,school_zone_location,school_zone_active,type_of_location,latitude,longitude,lga,urbanisation,conurbation_1,alignment,primary_permanent_feature,primary_temporary_feature,primary_hazardous_feature,street_lighting,road_surface,surface_condition,weather,natural_lighting,signals_operation,other_traffic_control,speed_limit,road_classification_(admin),rum_-_code,rum_-_description,dca_-_code,dca_-_description,dca_supplement,first_impact_type,key_tu_type,other_tu_type,no._of_traffic_units_involved,no._killed,no._seriously_injured,no._moderately_injured,no._minor-other_injured,month_num,month_label,season,day_label,time_label,time_band,is_peak_commute,is_fatal,is_injury,is_casualty
1354035,Injury,Moderate Injury,2024,2024,April,Wednesday,16:00 - 17:59,PINE,AVE,20,North,LYONS,RD,FIVE DOCK,,No,Not a school zone,2-way undivided,-33.862688,151.134288,Canada Bay,Sydney metro. area,Syd-Newc-Woll Gtr conurbation,Straight,,,,Nil,Sealed,Dry,Fine,Daylight,Nil,No traffic controls,50 km/h,Local,40,U turn,207,Opp - U-turn,,Other angle,Car (sedan/hatch),Car (sedan/hatch),4,0,0,1,1,4,April,Autumn,Wednesday,16:00 - 17:59,PM peak / evening commute,True,False,True,True
1354036,Injury,Moderate Injury,2024,2024,June,Wednesday,08:00 - 09:59,MITCHELL,HWY,0,Right on the spot,GASWORKS,LANE,MOLONG,7.0,No,Not a school zone,T-junction,-33.0913,148.871458,Cabonne,Country urban,Rest of NSW - Urban,Straight,Driveway/entrance,,,Unknown / not stated,Sealed,Wet,Overcast,Daylight,Nil,No traffic controls,50 km/h,State,47,Emerging from drive,406,Manov - Emerging from driveway,,Right angle,Light truck utility(from 2018),Car (sedan/hatch),2,0,0,1,0,6,June,Winter,Wednesday,08:00 - 09:59,AM peak / school commute,True,False,True,True
1354037,Injury,Moderate Injury,2024,2024,June,Thursday,16:00 - 17:59,PYRMONT BRIDGE,RD,20,East,GORDON,ST,ANNANDALE,523.0,No,Not a school zone,2-way undivided,-33.886562,151.174396,Inner West,Sydney metro. area,Syd-Newc-Woll Gtr conurbation,Straight,,,,On,Sealed,Wet,Raining,Darkness,Nil,No traffic controls,40 km/h,State,40,U turn,304,Same - U-turn,,Other angle,Car (sedan/hatch),Car (sedan/hatch),2,0,0,1,0,6,June,Winter,Thursday,16:00 - 17:59,PM peak / evening commute,True,False,True,True
1354039,Injury,Moderate Injury,2024,2024,May,Monday,20:00 - 21:59,VIRGINIA,ST,50,West,ALFRED,ST,ROSEHILL,,No,Not a school zone,2-way undivided,-33.824486,151.0155,Parramatta,Sydney metro. area,Syd-Newc-Woll Gtr conurbation,Straight,Driveway/entrance,,,On,Sealed,Dry,Fine,Darkness,Nil,No traffic controls,50 km/h,Local,73,Off rd rght => obj,704,Right off cway into obj,,Vehicle - Object,Car (sedan/hatch),,1,0,0,2,0,5,May,Autumn,Monday,20:00 - 21:59,Evening / night,False,False,True,True
1354041,Injury,Moderate Injury,2024,2024,June,Monday,00:01 - 01:59,PITTWATER,RD,0,Right on the spot,BALGOWLAH,RD,MANLY,159.0,Yes,No,Roundabout,-33.786664,151.281121,Northern Beaches,Sydney metro. area,Syd-Newc-Woll Gtr conurbation,Straight,,,,Unknown / not stated,Sealed,Dry,Fine,Darkness,Nil,Give way sign,50 km/h,State,74,On road-out of cont.,705,Out of control on cway,,Rollover,Motorcycle,,1,0,0,1,0,6,June,Winter,Monday,00:01 - 01:59,Late night / early morning,False,False,True,True
1354042,Injury,Moderate Injury,2024,2024,March,Wednesday,18:00 - 19:59,MARLEY,PL,50,North,FIVE ISLANDS,RD,UNANDERRA,,No,Not a school zone,2-way undivided,-34.453179,150.856903,Wollongong,Wollongong met. area,Syd-Newc-Woll Gtr conurbation,Straight,,,,Off,Sealed,Dry,Fine,Daylight,Nil,No traffic controls,60 km/h,Local,35,Lane change left,307,Same - Lane change left,,Other angle,Car (sedan/hatch),Motorcycle,2,0,0,1,0,3,March,Autumn,Wednesday,18:00 - 19:59,PM peak / evening commute,True,False,True,True
1354043,Injury,Serious Injury,2024,2024,April,Tuesday,18:00 - 19:59,WINDSOR,RD,1000,North,BANDON,RD,VINEYARD,184.0,No,Not a school zone,Divided road,-33.639725,150.851314,Hawkesbury,Country urban,Syd-Newc-Woll Gtr conurbation,Straight,,,,Nil,Sealed,Wet,Fine,Darkness,Nil,No traffic controls,80 km/h,State,34,Lane change right,306,Same - Lane change right,,Other angle,Utility,Motorcycle,2,0,1,0,0,4,April,Autumn,Tuesday,18:00 - 19:59,PM peak / evening commute,True,False,True,True
1354045,Injury,Minor/Other Injury,2024,2024,June,Saturday,20:00 - 21:59,PRINCES,HWY,0,Right on the spot,GERTRUDE,ST,WOLLI CREEK,1.0,No,Not a school zone,T-junction,-33.932774,151.153472,Bayside,Sydney metro. area,Syd-Newc-Woll Gtr conurbation,Straight,,,,Unknown / not stated,Sealed,Wet,Raining,Darkness,On,No traffic controls,60 km/h,State,13,Right near,104,Adj - Right-thru from right,,Right angle,Car (sedan/hatch),Car (sedan/hatch),2,0,0,0,1,6,June,Winter,Saturday,20:00 - 21:59,Evening / night,False,False,True,True
1354048,Injury,Serious Injury,2024,2024,June,Saturday,18:00 - 19:59,MARSH,ST,0,Right on the spot,WEST BOTANY,ST,ARNCLIFFE,168.0,No,Not a school zone,T-junction,-33.938431,151.15162,Bayside,Sydney metro. area,Syd-Newc-Woll Gtr conurbation,Straight,,,,Unknown / not stated,Sealed,Dry,Fine,Darkness,On,No traffic controls,60 km/h,State,21,Right through,202,Opp - Right-thru,,Other angle,Car (sedan/hatch),4 wheel drive / SUV,2,0,1,1,0,6,June,Winter,Saturday,18:00 - 19:59,PM peak / evening commute,True,False,True,True
1354050,Injury,Serious Injury,2024,2024,February,Sunday,00:01 - 01:59,CARLISLE,AVE,0,Right on the spot,O'BRIEN,ST,MOUNT DRUITT,629.0,No,Not a school zone,T-junction,-33.758036,150.818576,Blacktown,Sydney metro. area,Syd-Newc-Woll Gtr conurbation,Straight,Foot/cycle path/nature strip,,,On,Sealed,Dry,Fine,Darkness,Nil,No traffic controls,60 km/h,State,48,From footpath,408,Manov - From footway,,Other angle,Pedal cycle,Car (sedan/hatch),2,0,1,0,0,2,February,Summer,Sunday,00:01 - 01:59,Late night / early morning,False,False,True,True
1354054,Injury,Serious Injury,2024,2024,March,Friday,00:01 - 01:59,MARINE,DR,100,North,LENTARA,ST,FINGAL BAY,,No,Not a school zone,2-way undivided,-32.737783,152.172455,Port Stephens,Country urban,Rest of NSW - Urban,Straight,,,,On,Sealed,Dry,Fine,Darkness,Nil,No traffic controls,50 km/h,Local,71,Off rd left => obj,703,Left off cway into object,,Vehicle - Object,Car (sedan/hatch),,1,0,1,0,0,3,March,Autumn,Friday,00:01 - 01:59,Late night / early morning,False,False,True,True
1354055,Injury,Moderate Injury,2024,2024,June,Thursday,16:00 - 17:59,BARRENJOEY,RD,0,Right on the spot,AVALON,PDE,AVALON BEACH,164.0,No,Not a school zone,X-intersection,-33.636867,151.330368,Northern Beaches,Sydney metro. area,Syd-Newc-Woll Gtr conurbation,Straight,,,,Unknown / not stated,Sealed,Wet,Raining,Darkness,On,No traffic controls,60 km/h,State,21,Right through,202,Opp - Right-thru,,Other angle,Station wagon,Light truck utility(from 2018),2,0,0,1,1,6,June,Winter,Thursday,16:00 - 17:59,PM peak / evening commute,True,False,True,True
1354057,Injury,Minor/Other Injury,2024,2024,April,Saturday,20:00 - 21:59,HOMEBUSH BAY,DR,10,North,OULTON,AVE,LIBERTY GROVE,200.0,No,Not a school zone,T-junction,-33.837543,151.0837,Canada Bay,Sydney metro. area,Syd-Newc-Woll Gtr conurbation,Curved,,,,Unknown / not stated,Sealed,Dry,Fine,Unknown,On,No traffic controls,70 km/h,State,30,Rear end,301,Same - Rear end,,Rear end,Car (sedan/hatch),Car (sedan/hatch),3,0,0,0,1,4,April,Autumn,Saturday,20:00 - 21:59,Evening / night,False,False,True,True
1354058,Injury,Moderate Injury,2024,2024,June,Sunday,00:01 - 01:59,BYRON,RD,10,North,GUERNSEY,ST,GUILDFORD,,No,Not a school zone,T-junction,-33.859679,150.975882,Cumberland,Sydney metro. area,Syd-Newc-Woll Gtr conurbation,Straight,Spd hump/slow pt/chc,,,On,Sealed,Wet,Raining,Darkness,Nil,No traffic controls,50 km/h,Local,64,Perm obstruction,605,On path - Hit obstruction,,Vehicle - Object,4 wheel drive / SUV,,1,0,0,1,0,6,June,Winter,Sunday,00:01 - 01:59,Late night / early morning,False,False,True,True
1354061,Injury,Minor/Other Injury,2024,2024,May,Wednesday,14:00 - 15:59,HEATHCOTE,RD,0,Right on the spot,SOUTH WESTERN,EXP,WATTLE GROVE,512.0,No,Not a school zone,T-junction,-33.94242,150.942693,Liverpool,Sydney metro. area,Syd-Newc-Woll Gtr conurbation,Curved,,,,Unknown / not stated,Sealed,Dry,Fine,Daylight,On,No traffic controls,60 km/h,State,13,Right near,104,Adj - Right-thru from right,,Right angle,Light truck,4 wheel drive / SUV,2,0,0,0,1,5,May,Autumn,Wednesday,14:00 - 15:59,Midday / afternoon,False,False,True,True
1354062,Injury,Minor/Other Injury,2024,2024,May,Friday,14:00 - 15:59,EAST MARKET,ST,0,Right on the spot,WINDSOR,ST,RICHMOND,184.0,No,Not a school zone,X-intersection,-33.597752,150.752892,Hawkesbury,Country urban,Syd-Newc-Woll Gtr conurbation,Straight,,,,Unknown / not stated,Sealed,Dry,Overcast,Daylight,On,No traffic controls,60 km/h,State,30,Rear end,301,Same - Rear end,,Rear end,Car (sedan/hatch),Car (sedan/hatch),2,0,0,0,1,5,May,Autumn,Friday,14:00 - 15:59,Midday / afternoon,False,False,True,True
1354063,Injury,Minor/Other Injury,2024,2024,May,Friday,16:00 - 17:59,ADDERTON,RD,17,North,TELOPEA,ST,TELOPEA,,No,Not a school zone,2-way undivided,-33.793648,151.041388,Parramatta,Sydney metro. area,Syd-Newc-Woll Gtr conurbation,Straight,Driveway/entrance,,,Unknown / not stated,Sealed,Dry,Fine,Daylight,Nil,No traffic controls,50 km/h,Local,49,Other manoeuvring,400,Manov - other,,Other angle,Pedal cycle,Pedal cycle,2,0,0,0,1,5,May,Autumn,Friday,16:00 - 17:59,PM peak / evening commute,True,False,True,True
1354064,Injury,Moderate Injury,2024,2024,March,Monday,06:00 - 07:59,BUNDANOON,RD,0,Right on the spot,WARRANGARREE,DR,WORONORA HEIGHTS,,No,Not a school zone,T-junction,-34.034489,151.028001,Sutherland,Sydney metro. area,Syd-Newc-Woll Gtr conurbation,Straight,Steep grade,,,Off,Sealed,Dry,Fine,Daylight,Nil,No traffic controls,50 km/h,Local,13,Right near,104,Adj - Right-thru from right,,Right angle,4 wheel drive / SUV,Pedal cycle,2,0,0,1,0,3,March,Autumn,Monday,06:00 - 07:59,AM peak / school commute,True,False,True,True
1354065,Injury,Serious Injury,2024,2024,May,Sunday,12:00 - 13:59,LUXFORD,RD,0,Right on the spot,DRYDEN,AVE,OAKHURST,7161.0,No,Not a school zone,Roundabout,-33.737479,150.840961,Blacktown,Sydney metro. area,Syd-Newc-Woll Gtr conurbation,Straight,,,,Off,Sealed,Dry,Fine,Daylight,Nil,Give way sign,60 km/h,Regional,10,Cross traffic,101,Adj - Cross traffic,,Right angle,Station wagon,Station wagon,2,0,2,1,0,5,May,Autumn,Sunday,12:00 - 13:59,Midday / afternoon,False,False,True,True
1354071,Injury,Serious Injury,2024,2024,May,Thursday,08:00 - 09:59,ACACIA,AVE,0,Right on the spot,ASH,ST,LEETON,,No,Not a school zone,T-junction,-34.556682,146.402353,Leeton,Country urban,Rest of NSW - Urban,Straight,,,,Off,Sealed,Dry,Fine,Daylight,Nil,Give way sign,50 km/h,Local,13,Right near,104,Adj - Right-thru from right,,Right angle,Other bus,Motorcycle,2,0,1,0,0,5,May,Autumn,Thursday,08:00 - 09:59,AM peak / school commute,True,False,True,True
1354073,Injury,Minor/Other Injury,2024,2024,May,Wednesday,08:00 - 09:59,CECIL,RD,0,Right on the spot,NUMBER 40,HN,ORANGE,,No,Not a school zone,2-way undivided,-33.294393,149.087877,Orange,Country urban,Rest of NSW - Urban,Straight,Driveway/entrance,,,Nil,Sealed,Dry,Fine,Daylight,Nil,No traffic controls,50 km/h,Local,47,Emerging from drive,406,Manov - Emerging from driveway,,Right angle,4 wheel drive / SUV,Pedal cycle,2,0,0,0,1,5,May,Autumn,Wednesday,08:00 - 09:59,AM peak / school commute,True,False,True,True
1354074,Injury,Moderate Injury,2024,2024,April,Sunday,16:00 - 17:59,M2 HILLS,EXP,800,West,WINDSOR ROAD,OP,BAULKHAM HILLS,6002.0,No,Not a school zone,Dual freeway,-33.769973,150.990133,The Hills,Sydney metro. area,Syd-Newc-Woll Gtr conurbation,Straight,,,,Off,Sealed,Dry,Fine,Daylight,Nil,No traffic controls,100 km/h,State,35,Lane change left,307,Same - Lane change left,,Other angle,Light truck utility(from 2018),Semi-trailer,2,0,0,1,0,4,April,Autumn,Sunday,16:00 - 17:59,PM peak / evening commute,True,False,True,True
1354075,Injury,Serious Injury,2024,2024,April,Sunday,16:00 - 17:59,OXLEY,HWY,0,Right on the spot,GUNNEDAH,RD,TAMINDA,11.0,No,Not a school zone,Roundabout,-31.099111,150.90028,Tamworth Regional,Country urban,Rest of NSW - Urban,Curved,,,,Nil,Sealed,Dry,Fine,Daylight,Nil,Give way sign,60 km/h,State,10,Cross traffic,101,Adj - Cross traffic,,Right angle,Car (sedan/hatch),Motorcycle,2,0,1,0,0,4,April,Autumn,Sunday,16:00 - 17:59,PM peak / evening commute,True,False,True,True
1354080,Injury,Moderate Injury,2024,2024,April,Sunday,16:00 - 17:59,MAIN,RD,0,Right on the spot,NUMBER 474,HN,NORAVILLE,509.0,Yes,No,2-way undivided,-33.268932,151.559209,Central Coast,Country urban,Syd-Newc-Woll Gtr conurbation,Straight,,,,Nil,Sealed,Dry,Fine,Daylight,Nil,No traffic controls,50 km/h,State,71,Off rd left => obj,703,Left off cway into object,,Vehicle - Object,Light truck,,1,0,0,1,0,4,April,Autumn,Sunday,16:00 - 17:59,PM peak / evening commute,True,False,True,True
1354086,Injury,Minor/Other Injury,2024,2024,June,Thursday,16:00 - 17:59,BULLER,ST,0,Right on the spot,GLADSTONE,ST,NORTH PARRAMATTA,,No,Not a school zone,X-intersection,-33.801809,151.013254,Parramatta,Sydney metro. area,Syd-Newc-Woll Gtr conurbation,Straight,,,,Unknown / not stated,Sealed,Wet,Raining,Darkness,Nil,Stop sign,50 km/h,Local,10,Cross traffic,101,Adj - Cross traffic,,Right angle,Car (sedan/hatch),Car (sedan/hatch),2,0,0,0,1,6,June,Winter,Thursday,16:00 - 17:59,PM peak / evening commute,True,False,True,True
1354087,Injury,Serious Injury,2024,2024,June,Saturday,16:00 - 17:59,NEWCASTLE,EXP,500,East,OLD PACIFIC HIGHWAY,OP,SOMERSBY,6003.0,No,Not a school zone,Dual freeway,-33.434746,151.26747,Central Coast,Country non-urban,Syd-Newc-Woll Gtr conurbation,Curved,,,,Unknown / not stated,Sealed,Wet,Raining,Daylight,Nil,No traffic controls,110 km/h,State,83,Off rt/rt bnd=>obj,803,Off right bend into obj,Right,Vehicle - Object,4 wheel drive / SUV,,1,0,1,0,0,6,June,Winter,Saturday,16:00 - 17:59,PM peak / evening commute,True,False,True,True
1354088,Injury,Moderate Injury,2024,2024,June,Sunday,10:00 - 11:59,M7 WESTLINK,EXP,300,South,OLD WALLGROVE ROAD,OP,EASTERN CREEK,6009.0,No,Not a school zone,Dual freeway,-33.812828,150.852108,Blacktown,Sydney metro. area,Syd-Newc-Woll Gtr conurbation,Straight,,,,Unknown / not stated,Sealed,Dry,Fine,Daylight,Nil,No traffic controls,100 km/h,State,34,Lane change right,306,Same - Lane change right,,Other angle,Semi-trailer,4 wheel drive / SUV,2,0,0,2,0,6,June,Winter,Sunday,10:00 - 11:59,Midday / afternoon,False,False,True,True
1354089,Injury,Serious Injury,2024,2024,May,Thursday,06:00 - 07:59,POMEROY,ST,0,Right on the spot,GEORGE,ST,NORTH STRATHFIELD,7324.0,Yes,No,X-intersection,-33.857812,151.086368,Canada Bay,Sydney metro. area,Syd-Newc-Woll Gtr conurbation,Straight,Steep grade,,,Nil,Sealed,Dry,Fine,Daylight,On,Ped crossing,50 km/h,Regional,0,Ped nearside,1,Ped - Near side,,Vehicle - Pedestrian,Car (sedan/hatch),Pedestrian,2,0,1,0,0,5,May,Autumn,Thursday,06:00 - 07:59,AM peak / school commute,True,False,True,True
1354093,Injury,Moderate Injury,2024,2024,June,Thursday,18:00 - 19:59,JUNCTION,ST,0,Right on the spot,SHORT,ST,AUBURN,,No,Not a school zone,X-intersection,-33.837852,151.029889,Cumberland,Sydney metro. area,Syd-Newc-Woll Gtr conurbation,Straight,,,,Unknown / not stated,Sealed,Wet,Raining,Darkness,Nil,Stop sign,50 km/h,Local,10,Cross traffic,101,Adj - Cross traffic,,Right angle,4 wheel drive / SUV,4 wheel drive / SUV,2,0,0,1,0,6,June,Winter,Thursday,18:00 - 19:59,PM peak / evening commute,True,False,True,True
1354094,Injury,Moderate Injury,2024,2024,March,Monday,12:00 - 13:59,FIFTH,AVE,0,Right on the spot,FOURTH,AVE,AUSTRAL,,Yes,No,X-intersection,-33.946559,150.802953,Liverpool,Sydney metro. area,Syd-Newc-Woll Gtr conurbation,Straight,,,,Off,Sealed,Dry,Fine,Daylight,Nil,Stop sign,60 km/h,Local,10,Cross traffic,101,Adj - Cross traffic,,Right angle,Light truck utility(from 2018),4 wheel drive / SUV,2,0,0,1,0,3,March,Autumn,Monday,12:00 - 13:59,Midday / afternoon,False,False,True,True
1354095,Injury,Minor/Other Injury,2024,2024,May,Sunday,14:00 - 15:59,GREENVIEW,PDE,0,Right on the spot,THE PONDS,BVD,THE PONDS,,No,Not a school zone,Roundabout,-33.698634,150.912699,Blacktown,Sydney metro. area,Syd-Newc-Woll Gtr conurbation,Straight,,,,Nil,Sealed,Dry,Fine,Daylight,Nil,Give way sign,50 km/h,Local,10,Cross traffic,101,Adj - Cross traffic,,Right angle,Car (sedan/hatch),Car (sedan/hatch),2,0,0,0,1,5,May,Autumn,Sunday,14:00 - 15:59,Midday / afternoon,False,False,True,True
1354097,Injury,Moderate Injury,2024,2024,May,Thursday,18:00 - 19:59,PRINCES,HWY,0,Right on the spot,NUMBER 330,HN,WOLLONGONG,1.0,No,Not a school zone,2-way undivided,-34.425462,150.886497,Wollongong,Wollongong met. area,Syd-Newc-Woll Gtr conurbation,Straight,Steep grade,,,Unknown / not stated,Sealed,Dry,Overcast,Darkness,Nil,No traffic controls,50 km/h,State,73,Off rd rght => obj,704,Right off cway into obj,,Vehicle - Object,4 wheel drive / SUV,,1,0,0,1,0,5,May,Autumn,Thursday,18:00 - 19:59,PM peak / evening commute,True,False,True,True
1354098,Injury,Moderate Injury,2024,2024,March,Friday,18:00 - 19:59,CHARBRAY,PL,0,Right on the spot,LIMPINWOOD,RD,TYALGUM,,No,Not a school zone,T-junction,-28.353292,153.211775,Tweed,Country urban,Rest of NSW - Urban,Curved,Steep grade,,,Unknown / not stated,Sealed,Wet,Unknown,Daylight,Nil,No traffic controls,80 km/h,Local,80,Off left/right bend,801,Off cway right bend,Left,Rollover,Car (sedan/hatch),,1,0,0,1,0,3,March,Autumn,Friday,18:00 - 19:59,PM peak / evening commute,True,False,True,True
1354099,Injury,Serious Injury,2024,2024,April,Tuesday,16:00 - 17:59,BOUNDARY,ST,0,Right on the spot,NUMBER 15-19,HN,PADDINGTON,625.0,No,Not a school zone,2-way undivided,-33.878947,151.225268,Sydney,Sydney metro. area,Syd-Newc-Woll Gtr conurbation,Straight,,,,On,Sealed,Wet,Raining,Daylight,Nil,No traffic controls,40 km/h,Regional,42,Leaving parking,401,Manov - Leaving parking,,Other angle,Car (sedan/hatch),Motorcycle,2,0,1,0,0,4,April,Autumn,Tuesday,16:00 - 17:59,PM peak / evening commute,True,False,True,True
1354101,Injury,Minor/Other Injury,2024,2024,March,Monday,08:00 - 09:59,GYMEA BAY,RD,20,East,COONONG,RD,GYMEA BAY,,Yes,Yes,2-way undivided,-34.047115,151.0846,Sutherland,Sydney metro. area,Syd-Newc-Woll Gtr conurbation,Straight,,,,Unknown / not stated,Sealed,Dry,Fine,Daylight,Nil,No traffic controls,40 km/h,Local,63,Vehicle door,604,On path - Vehicle door,,Other angle,Car (sedan/hatch),4 wheel drive / SUV,2,0,0,0,1,3,March,Autumn,Monday,08:00 - 09:59,AM peak / school commute,True,False,True,True
1354104,Injury,Moderate Injury,2024,2024,February,Friday,20:00 - 21:59,POLDING,ST,10,East,BARTON,ST,FAIRFIELD HEIGHTS,7222.0,No,Not a school zone,T-junction,-33.862406,150.942087,Fairfield,Sydney metro. area,Syd-Newc-Woll Gtr conurbation,Straight,,,,On,Sealed,Dry,Fine,Darkness,Nil,No traffic controls,60 km/h,Regional,2,Ped far side,3,Ped - Far side,,Vehicle - Pedestrian,Car (sedan/hatch),Pedestrian,2,0,0,1,0,2,February,Summer,Friday,20:00 - 21:59,Evening / night,False,False,True,True
1354105,Injury,Serious Injury,2024,2024,March,Wednesday,04:00 - 05:59,BOLONG,RD,70,West,PRINCES,HWY,BOMADERRY,293.0,No,Not a school zone,2-way undivided,-34.859715,150.600302,Shoalhaven,Country urban,Rest of NSW - Urban,Straight,,,,On,Sealed,Dry,Fine,Darkness,Nil,No traffic controls,60 km/h,Regional,40,U turn,304,Same - U-turn,,Other angle,Light truck utility(from 2018),Motorcycle,2,0,1,0,0,3,March,Autumn,Wednesday,04:00 - 05:59,Late night / early morning,False,False,True,True
1354109,Injury,Minor/Other Injury,2024,2024,May,Saturday,12:00 - 13:59,GREAT WESTERN,HWY,50,East,DARTBROOK,RD,AUBURN,5.0,No,Not a school zone,Divided road,-33.844496,151.041355,Cumberland,Sydney metro. area,Syd-Newc-Woll Gtr conurbation,Straight,,,,Unknown / not stated,Sealed,Dry,Fine,Daylight,Nil,No traffic controls,60 km/h,State,34,Lane change right,306,Same - Lane change right,,Other angle,4 wheel drive / SUV,4 wheel drive / SUV,2,0,0,0,1,5,May,Autumn,Saturday,12:00 - 13:59,Midday / afternoon,False,False,True,True
1354110,Injury,Minor/Other Injury,2024,2024,June,Monday,14:00 - 15:59,HENRY PARRY,DR,50,South,GEORGIANA,TCE,GOSFORD,673.0,No,Not a school zone,2-way undivided,-33.429525,151.342579,Central Coast,Country urban,Syd-Newc-Woll Gtr conurbation,Straight,Steep grade,,,Unknown / not stated,Sealed,Dry,Fine,Daylight,Nil,No traffic controls,50 km/h,State,30,Rear end,301,Same - Rear end,,Rear end,Light truck utility(from 2018),Light truck utility(from 2018),2,0,0,0,1,6,June,Winter,Monday,14:00 - 15:59,Midday / afternoon,False,False,True,True
1354112,Injury,Serious Injury,2024,2024,March,Tuesday,08:00 - 09:59,DEVONSHIRE,RD,0,Right on the spot,KING,ST,ROSSMORE,7261.0,No,Not a school zone,L-junction,-33.930871,150.784828,Liverpool,Sydney metro. area,Syd-Newc-Woll Gtr conurbation,Curved,Painted double centre lines,,,Off,Sealed,Dry,Fine,Daylight,Nil,Give way sign,70 km/h,Regional,20,Head on,201,Opp - Head on,,Head-on,Large rigid,4 wheel drive / SUV,2,0,2,2,1,3,March,Autumn,Tuesday,08:00 - 09:59,AM peak / school commute,True,False,True,True
1354116,Injury,Minor/Other Injury,2024,2024,May,Monday,16:00 - 17:59,VICTORIA,RD,0,Right on the spot,METRO PETROLEUM,SN,ERMINGTON,165.0,No,Not a school zone,Divided road,-33.808837,151.066217,Parramatta,Sydney metro. area,Syd-Newc-Woll Gtr conurbation,Curved,Driveway/entrance,,,Unknown / not stated,Sealed,Dry,Fine,Daylight,Nil,No traffic controls,70 km/h,State,49,Other manoeuvring,400,Manov - other,,Other angle,4 wheel drive / SUV,4 wheel drive / SUV,2,0,0,0,1,5,May,Autumn,Monday,16:00 - 17:59,PM peak / evening commute,True,False,True,True
1354119,Injury,Serious Injury,2024,2024,June,Thursday,18:00 - 19:59,WINDSOR,RD,0,Right on the spot,SCHOFIELDS,RD,ROUSE HILL,184.0,No,Not a school zone,X-intersection,-33.690517,150.922224,Blacktown,Sydney metro. area,Syd-Newc-Woll Gtr conurbation,Straight,,,,Unknown / not stated,Sealed,Dry,Fine,Darkness,On,No traffic controls,80 km/h,State,30,Rear end,301,Same - Rear end,,Rear end,Light truck utility(from 2018),Car (sedan/hatch),2,0,1,0,0,6,June,Winter,Thursday,18:00 - 19:59,PM peak / evening commute,True,False,True,True
1354121,Injury,Moderate Injury,2024,2024,April,Saturday,20:00 - 21:59,GREAT WESTERN,HWY,0,Right on the spot,WESTERN,EXP,LEONAY,5.0,No,Not a school zone,Roundabout,-33.759984,150.65214,Penrith,Sydney metro. area,Syd-Newc-Woll Gtr conurbation,Curved,,,,On,Sealed,Dry,Fine,Darkness,Nil,Give way sign,60 km/h,State,85,Off rt/lft bnd=>obj,804,Off left bend into obj,Right,Vehicle - Object,Car (sedan/hatch),,1,0,0,2,1,4,April,Autumn,Saturday,20:00 - 21:59,Evening / night,False,False,True,True
1354123,Injury,Moderate Injury,2024,2024,June,Monday,06:00 - 07:59,GIBSON,AVE,0,Right on the spot,TURVEY,ST,PADSTOW,7122.0,No,Not a school zone,T-junction,-33.9391,151.027383,Canterbury-Bankstown,Sydney metro. area,Syd-Newc-Woll Gtr conurbation,Straight,,,,Off,Sealed,Dry,Fine,Daylight,Nil,Give way sign,60 km/h,Regional,10,Cross traffic,101,Adj - Cross traffic,,Right angle,Car (sedan/hatch),Pedal cycle,2,0,0,1,0,6,June,Winter,Monday,06:00 - 07:59,AM peak / school commute,True,False,True,True
1354124,Injury,Minor/Other Injury,2024,2024,April,Tuesday,12:00 - 13:59,GREAT WESTERN,HWY,10,East,TOONGABBIE,RD,GIRRAWEEN,5.0,No,Not a school zone,T-junction,-33.807208,150.933963,Cumberland,Sydney metro. area,Syd-Newc-Woll Gtr conurbation,Straight,,Previous crash,,Off,Sealed,Wet,Raining,Daylight,Off,No traffic controls,80 km/h,State,62,Accident,603,On path - Previous accident,,Other angle,Car (sedan/hatch),Light truck,3,0,0,0,1,4,April,Autumn,Tuesday,12:00 - 13:59,Midday / afternoon,False,False,True,True
1354126,Injury,Moderate Injury,2024,2024,May,Saturday,12:00 - 13:59,OLD PRINCES,HWY,0,Right on the spot,AUBURN,ST,SUTHERLAND,663.0,No,Not a school zone,T-junction,-34.030928,151.065325,Sutherland,Sydney metro. area,Syd-Newc-Woll Gtr conurbation,Straight,,,,Off,Sealed,Dry,Fine,Daylight,Nil,Give way sign,70 km/h,State,21,Right through,202,Opp - Right-thru,,Other angle,4 wheel drive / SUV,Car (sedan/hatch),2,0,0,2,0,5,May,Autumn,Saturday,12:00 - 13:59,Midday / afternoon,False,False,True,True
1354127,Injury,Minor/Other Injury,2024,2024,February,Friday,16:00 - 17:59,RAYMOND TERRACE,RD,250,East,PRICES,RD,MILLERS FOREST,104.0,No,Not a school zone,2-way undivided,-32.754192,151.71911,Maitland,Country urban,Rest of NSW - Urban,Straight,,,,Nil,Sealed,Dry,Fine,Daylight,Nil,No traffic controls,80 km/h,State,20,Head on,201,Opp - Head on,,Head-on,Car (sedan/hatch),Car (sedan/hatch),2,0,0,0,1,2,February,Summer,Friday,16:00 - 17:59,PM peak / evening commute,True,False,True,True
1354130,Injury,Moderate Injury,2024,2024,June,Friday,16:00 - 17:59,DANGAR,ST,50,North,BEARDY,ST,ARMIDALE,,No,Not a school zone,2-way undivided,-30.512739,151.665544,Armidale Regional,Country urban,Rest of NSW - Urban,Straight,,,,On,Sealed,Dry,Fine,Dusk,Nil,No traffic controls,50 km/h,Local,42,Leaving parking,401,Manov - Leaving parking,,Other angle,Car (sedan/hatch),Motorcycle,3,0,0,1,0,6,June,Winter,Friday,16:00 - 17:59,PM peak / evening commute,True,False,True,True