crash_id,degree_of_crash,degree_of_crash_-_detailed,reporting_year,year_of_crash,month_of_crash,day_of_week_of_crash,two-hour_intervals,street_of_crash,street_type,distance,direction,identifying_feature,identifying_feature_type,town,route_no.,school_zone_location,school_zone_active,type_of_location,latitude,longitude,lga,urbanisation,conurbation_1,alignment,primary_permanent_feature,primary_temporary_feature,primary_hazardous_feature,street_lighting,road_surface,surface_condition,weather,natural_lighting,signals_operation,other_traffic_control,speed_limit,road_classification_(admin),rum_-_code,rum_-_description,dca_-_code,dca_-_description,dca_supplement,first_impact_type,key_tu_type,other_tu_type,no._of_traffic_units_involved,no._killed,no._seriously_injured,no._moderately_injured,no._minor-other_injured,month_num,month_label,season,day_label,time_label,time_band,is_peak_commute,is_fatal,is_injury,is_casualty
1354131,Injury,Moderate Injury,2024,2024,January,Monday,00:01 - 01:59,HUME,HWY,1250,South,BURLEY GRIFFIN,WAY,BOWNING,2.0,No,Not a school zone,Divided road,-34.769135,148.749026,Yass Valley,Country non-urban,Rest of NSW - Rural,Straight,,,,Nil,Sealed,Dry,Fine,Darkness,Nil,No traffic controls,110 km/h,State,67,Struck animal,609,On path - Hit animal,,Vehicle - Animal,Car (sedan/hatch),,1,0,0,1,1,1,January,Summer,Monday,00:01 - 01:59,Late night / early morning,False,False,True,True
1354132,Injury,Serious Injury,2024,2024,March,Tuesday,16:00 - 17:59,ROCKLANDS,RD,30,East,MORTON,RD,WOLLSTONECRAFT,,No,Not a school zone,2-way undivided,-33.831944,151.199982,North Sydney,Sydney metro. area,Syd-Newc-Woll Gtr conurbation,Straight,,,,Nil,Sealed,Dry,Fine,Daylight,Nil,No traffic controls,50 km/h,Local,2,Ped far side,3,Ped - Far side,,Vehicle - Pedestrian,Car (sedan/hatch),Pedestrian,2,0,1,0,0,3,March,Autumn,Tuesday,16:00 - 17:59,PM peak / evening commute,True,False,True,True
1354133,Injury,Moderate Injury,2024,2024,June,Monday,10:00 - 11:59,BELGRAVE,ST,50,North,EAST,ESP,MANLY,159.0,No,Not a school zone,2-way undivided,-33.798821,151.284595,Northern Beaches,Sydney metro. area,Syd-Newc-Woll Gtr conurbation,Straight,,,,Off,Sealed,Dry,Fine,Daylight,Nil,No traffic controls,30 km/h,State,35,Lane change left,307,Same - Lane change left,,Other angle,Car (sedan/hatch),Pedal cycle,2,0,0,1,0,6,June,Winter,Monday,10:00 - 11:59,Midday / afternoon,False,False,True,True
1354138,Injury,Moderate Injury,2024,2024,March,Sunday,18:00 - 19:59,OXLEY,HWY,200,East,MACKAY,AVE,WALCHA ROAD,11.0,No,Not a school zone,2-way undivided,-30.946762,151.405169,Walcha,Country urban,Rest of NSW - Urban,Curved,Ditch/drain/culvert,,,Unknown / not stated,Sealed,Wet,Other,Unknown,Nil,No traffic controls,70 km/h,State,85,Off rt/lft bnd=>obj,804,Off left bend into obj,Right,Vehicle - Object,Light truck utility(from 2018),,1,0,0,1,0,3,March,Autumn,Sunday,18:00 - 19:59,PM peak / evening commute,True,False,True,True
1354139,Injury,Moderate Injury,2024,2024,May,Thursday,22:00 - Midnight,GOLDEN,HWY,3250,North,PUTTY,RD,MOUNT THORLEY,27.0,No,Not a school zone,2-way undivided,-32.592391,151.091077,Singleton,Country non-urban,Rest of NSW - Rural,Straight,Ditch/drain/culvert,,,Nil,Sealed,Dry,Fine,Darkness,Nil,No traffic controls,100 km/h,State,71,Off rd left => obj,703,Left off cway into object,,Vehicle - Object,Car (sedan/hatch),,1,0,0,1,0,5,May,Autumn,Thursday,22:00 - Midnight,Evening / night,False,False,True,True
1354140,Injury,Serious Injury,2024,2024,February,Sunday,16:00 - 17:59,FOREST,WAY,50,South,MONA VALE,RD,BELROSE,529.0,No,Not a school zone,Divided road,-33.701253,151.212799,Northern Beaches,Sydney metro. area,Syd-Newc-Woll Gtr conurbation,Straight,,,,Off,Sealed,Dry,Fine,Daylight,Nil,No traffic controls,80 km/h,State,74,On road-out of cont.,705,Out of control on cway,,Rollover,Motorcycle,,1,0,1,0,0,2,February,Summer,Sunday,16:00 - 17:59,PM peak / evening commute,True,False,True,True
1354146,Injury,Moderate Injury,2024,2024,February,Sunday,00:01 - 01:59,OLD PORT MACQUARIE,RD,999999,Unknown/not stated,CEDAR PARTY,RD,BRIMBIN,,No,Not a school zone,2-way undivided,-31.845196,152.440999,Mid-Coast,Country non-urban,Rest of NSW - Rural,Curved,Embankment/cutting,,,Nil,Sealed,Dry,Fine,Darkness,Nil,No traffic controls,100 km/h,Local,81,Off left/rt bnd=>obj,803,Off right bend into obj,Left,Vehicle - Object,4 wheel drive / SUV,,1,0,0,1,1,2,February,Summer,Sunday,00:01 - 01:59,Late night / early morning,False,False,True,True
1354147,Injury,Serious Injury,2024,2024,June,Thursday,06:00 - 07:59,HUME,HWY,4000,South,NARELLAN ROAD,OP,MENANGLE PARK,2.0,No,Not a school zone,Dual freeway,-34.094068,150.765964,Campbelltown,Sydney metro. area,Syd-Newc-Woll Gtr conurbation,Straight,,Roadwks/Detour/Diverson,,Nil,Sealed,Wet,Overcast,Dawn,Nil,No traffic controls,80 km/h,State,30,Rear end,301,Same - Rear end,,Rear end,Light truck utility(from 2018),Light truck utility(from 2018),2,0,1,1,0,6,June,Winter,Thursday,06:00 - 07:59,AM peak / school commute,True,False,True,True
1354148,Injury,Minor/Other Injury,2024,2024,May,Friday,00:01 - 01:59,GEORGES RIVER,RD,0,Right on the spot,WALSH,AVE,CROYDON PARK,549.0,No,Not a school zone,T-junction,-33.899486,151.091393,Burwood,Sydney metro. area,Syd-Newc-Woll Gtr conurbation,Straight,,,,Unknown / not stated,Sealed,Dry,Fine,Darkness,Nil,No traffic controls,60 km/h,State,10,Cross traffic,101,Adj - Cross traffic,,Right angle,Car (sedan/hatch),Light truck utility(from 2018),2,0,0,0,1,5,May,Autumn,Friday,00:01 - 01:59,Late night / early morning,False,False,True,True
1354150,Injury,Serious Injury,2024,2024,June,Friday,20:00 - 21:59,HENRY LAWSON,DR,600,South,EDITH,ST,LANSDOWNE,508.0,No,Not a school zone,2-way undivided,-33.89583,150.972245,Canterbury-Bankstown,Sydney metro. area,Syd-Newc-Woll Gtr conurbation,Straight,Painted double centre lines,,,Nil,Sealed,Wet,Fine,Darkness,Nil,No traffic controls,70 km/h,State,20,Head on,201,Opp - Head on,,Head-on,4 wheel drive / SUV,Passenger van,2,0,1,1,0,6,June,Winter,Friday,20:00 - 21:59,Evening / night,False,False,True,True
1354151,Injury,Moderate Injury,2024,2024,May,Wednesday,18:00 - 19:59,BRIDGE,ST,0,Right on the spot,PHILLIP,ST,SYDNEY,,No,Not a school zone,X-intersection,-33.863366,151.211861,Sydney,Sydney metro. area,Syd-Newc-Woll Gtr conurbation,Straight,,,,On,Sealed,Dry,Fine,Darkness,On,No traffic controls,40 km/h,Local,2,Ped far side,3,Ped - Far side,,Vehicle - Pedestrian,Car (sedan/hatch),Pedestrian,2,0,0,1,0,5,May,Autumn,Wednesday,18:00 - 19:59,PM peak / evening commute,True,False,True,True
1354152,Injury,Moderate Injury,2024,2024,May,Wednesday,12:00 - 13:59,ELIZABETH,ST,0,Right on the spot,BLAND,ST,ASHFIELD,2064.0,No,Not a school zone,X-intersection,-33.886288,151.12484,Inner West,Sydney metro. area,Syd-Newc-Woll Gtr conurbation,Straight,Foot/cycle path/nature strip,,,Off,Sealed,Dry,Fine,Daylight,On,No traffic controls,50 km/h,Regional,6,Ped on footpath,8,Ped - On footway/median,,Vehicle - Pedestrian,Car (sedan/hatch),Pedestrian,2,0,0,1,0,5,May,Autumn,Wednesday,12:00 - 13:59,Midday / afternoon,False,False,True,True
1354153,Injury,Minor/Other Injury,2024,2024,May,Thursday,08:00 - 09:59,CAMPBELL,RD,0,Right on the spot,EUSTON,RD,ST PETERS,528.0,No,Not a school zone,X-intersection,-33.915253,151.184315,Sydney,Sydney metro. area,Syd-Newc-Woll Gtr conurbation,Curved,,,,Unknown / not stated,Sealed,Dry,Fine,Daylight,On,No traffic controls,60 km/h,State,30,Rear end,301,Same - Rear end,,Rear end,4 wheel drive / SUV,Car (sedan/hatch),2,0,0,0,1,5,May,Autumn,Thursday,08:00 - 09:59,AM peak / school commute,True,False,True,True
1354155,Injury,Minor/Other Injury,2024,2024,June,Thursday,16:00 - 17:59,THE NORTHERN,RD,60,South,FROGMORE,RD,ORCHARD HILLS,154.0,No,Not a school zone,Divided road,-33.782462,150.708056,Penrith,Sydney metro. area,Syd-Newc-Woll Gtr conurbation,Straight,,,,Unknown / not stated,Sealed,Dry,Fine,Daylight,Nil,No traffic controls,70 km/h,State,30,Rear end,301,Same - Rear end,,Rear end,Car (sedan/hatch),Car (sedan/hatch),3,0,0,0,1,6,June,Winter,Thursday,16:00 - 17:59,PM peak / evening commute,True,False,True,True
1354158,Injury,Moderate Injury,2024,2024,February,Wednesday,16:00 - 17:59,GREAT WESTERN,HWY,25,West,CROYDON,RD,CROYDON,5.0,No,Not a school zone,Divided road,-33.872927,151.125826,Inner West,Sydney metro. area,Syd-Newc-Woll Gtr conurbation,Straight,Bus stop,,,Off,Sealed,Dry,Fine,Daylight,Nil,No traffic controls,60 km/h,State,30,Rear end,301,Same - Rear end,,Rear end,Light truck,Other bus,2,0,0,1,0,2,February,Summer,Wednesday,16:00 - 17:59,PM peak / evening commute,True,False,True,True
1354160,Injury,Minor/Other Injury,2024,2024,June,Tuesday,06:00 - 07:59,HENRY LAWSON,DR,170,South,MAXWELL,AVE,MILPERRA,508.0,No,Not a school zone,2-way undivided,-33.949605,150.981338,Canterbury-Bankstown,Sydney metro. area,Syd-Newc-Woll Gtr conurbation,Straight,,,,Unknown / not stated,Sealed,Dry,Fine,Dawn,Nil,No traffic controls,60 km/h,State,20,Head on,201,Opp - Head on,,Head-on,Car (sedan/hatch),Car (sedan/hatch),2,0,0,0,1,6,June,Winter,Tuesday,06:00 - 07:59,AM peak / school commute,True,False,True,True
1354163,Injury,Minor/Other Injury,2024,2024,June,Sunday,14:00 - 15:59,GLOUCESTER TOPS,RD,1000,East,SHARPES CREEK,TRK,INVERGORDON,,No,Not a school zone,2-way undivided,-32.059102,151.679353,Mid-Coast,Country non-urban,Rest of NSW - Rural,Curved,Narrow roadway,,,Unknown / not stated,Unsealed,Dry,Fine,Daylight,Nil,No traffic controls,100 km/h,Local,81,Off left/rt bnd=>obj,803,Off right bend into obj,Left,Vehicle - Object,4 wheel drive / SUV,,1,0,0,0,2,6,June,Winter,Sunday,14:00 - 15:59,Midday / afternoon,False,False,True,True
1354166,Injury,Serious Injury,2024,2024,February,Tuesday,10:00 - 11:59,GOULBUN,RD,0,Right on the spot,SEWELLS CREEK,RD,OBERON,256.0,No,Not a school zone,T-junction,-33.714176,149.811416,Oberon,Country non-urban,Rest of NSW - Rural,Straight,,,,Nil,Sealed,Dry,Overcast,Daylight,Nil,Give way sign,100 km/h,Regional,20,Head on,201,Opp - Head on,,Head-on,Light truck utility(from 2018),4 wheel drive / SUV,2,0,1,1,0,2,February,Summer,Tuesday,10:00 - 11:59,Midday / afternoon,False,False,True,True
1354169,Injury,Minor/Other Injury,2024,2024,February,Saturday,00:01 - 01:59,ENVIRONA,DR,10,North,LEXCEN,AVE,JERRABOMBERRA,,Yes,No,T-junction,-35.386756,149.192022,Queanbeyan-Palerang Regional,Country urban,Rest of NSW - Urban,Curved,,,,On,Sealed,Dry,Fine,Darkness,Nil,Give way sign,70 km/h,Local,85,Off rt/lft bnd=>obj,804,Off left bend into obj,Right,Vehicle - Object,Motorcycle,,1,0,0,0,1,2,February,Summer,Saturday,00:01 - 01:59,Late night / early morning,False,False,True,True
1354175,Injury,Moderate Injury,2024,2024,May,Tuesday,14:00 - 15:59,ARMITAGE,DR,20,East,GREGORY,ST,GLENDENNING,,No,Not a school zone,2-way undivided,-33.738183,150.849577,Blacktown,Sydney metro. area,Syd-Newc-Woll Gtr conurbation,Curved,,,,Off,Sealed,Dry,Fine,Daylight,Nil,No traffic controls,50 km/h,Local,1,Ped emerging,2,Ped - emerging,,Vehicle - Pedestrian,Car (sedan/hatch),Pedestrian,2,0,0,1,0,5,May,Autumn,Tuesday,14:00 - 15:59,Midday / afternoon,False,False,True,True
1354177,Injury,Serious Injury,2024,2024,February,Friday,14:00 - 15:59,CLEVELAND,ST,50,West,CHALMERS,ST,REDFERN,330.0,Yes,No,2-way undivided,-33.889605,151.205547,Sydney,Sydney metro. area,Syd-Newc-Woll Gtr conurbation,Straight,,,,Off,Sealed,Dry,Fine,Daylight,Nil,No traffic controls,50 km/h,State,0,Ped nearside,1,Ped - Near side,,Vehicle - Pedestrian,Car (sedan/hatch),Pedestrian,2,0,1,0,0,2,February,Summer,Friday,14:00 - 15:59,Midday / afternoon,False,False,True,True
1354179,Injury,Serious Injury,2024,2024,February,Thursday,10:00 - 11:59,BYLONG VALLEY,WAY,15000,East,WOLLAR,RD,MURRUMBO,208.0,No,Not a school zone,2-way undivided,-32.40372,150.273029,Mid-Western Regional,Country urban,Rest of NSW - Urban,Straight,,,Loose gravel shoulder,Off,Sealed,Dry,Fine,Daylight,Nil,No traffic controls,80 km/h,Regional,70,Off road to left,701,Off carriageway to left,,Rollover,Light truck utility(from 2018),,1,0,1,0,0,2,February,Summer,Thursday,10:00 - 11:59,Midday / afternoon,False,False,True,True
1354181,Injury,Moderate Injury,2024,2024,May,Wednesday,10:00 - 11:59,CROYDON,ST,100,South,LAKEMBA,ST,LAKEMBA,,No,Not a school zone,2-way undivided,-33.919248,151.075207,Canterbury-Bankstown,Sydney metro. area,Syd-Newc-Woll Gtr conurbation,Straight,,,,Unknown / not stated,Sealed,Dry,Fine,Daylight,Nil,No traffic controls,50 km/h,Local,30,Rear end,301,Same - Rear end,,Rear end,Car (sedan/hatch),4 wheel drive / SUV,4,0,0,1,0,5,May,Autumn,Wednesday,10:00 - 11:59,Midday / afternoon,False,False,True,True
1354184,Injury,Minor/Other Injury,2024,2024,June,Wednesday,10:00 - 11:59,THE LAKES,WAY,4000,South,GREEN POINT,DR,FORSTER,111.0,No,Not a school zone,2-way undivided,-32.287565,152.521904,Mid-Coast,Country non-urban,Rest of NSW - Rural,Straight,,,,Unknown / not stated,Sealed,Dry,Fine,Daylight,Nil,No traffic controls,100 km/h,Regional,34,Lane change right,306,Same - Lane change right,,Other angle,4 wheel drive / SUV,Light truck utility(from 2018),2,0,0,0,1,6,June,Winter,Wednesday,10:00 - 11:59,Midday / afternoon,False,False,True,True
1354186,Injury,Moderate Injury,2024,2024,May,Tuesday,10:00 - 11:59,BURRINJUCK,RD,660,North,BLACK RANGE,RD,WOOLGARLO,4033.0,No,Not a school zone,2-way undivided,-34.883766,148.687391,Yass Valley,Country urban,Rest of NSW - Urban,Curved,,,,Unknown / not stated,Sealed,Dry,Fine,Daylight,Nil,No traffic controls,80 km/h,Regional,81,Off left/rt bnd=>obj,803,Off right bend into obj,Left,Vehicle - Object,Car (sedan/hatch),,1,0,0,1,0,5,May,Autumn,Tuesday,10:00 - 11:59,Midday / afternoon,False,False,True,True
1354187,Injury,Minor/Other Injury,2024,2024,May,Tuesday,08:00 - 09:59,MCLAREN,ST,0,Right on the spot,WALKER,ST,NORTH SYDNEY,,Yes,No,T-junction,-33.835143,151.209605,North Sydney,Sydney metro. area,Syd-Newc-Woll Gtr conurbation,Straight,,,,Unknown / not stated,Sealed,Dry,Fine,Daylight,Nil,Stop sign,40 km/h,Local,42,Leaving parking,401,Manov - Leaving parking,,Other angle,Car (sedan/hatch),Pedal cycle,2,0,0,0,1,5,May,Autumn,Tuesday,08:00 - 09:59,AM peak / school commute,True,False,True,True
1354190,Injury,Serious Injury,2024,2024,March,Saturday,10:00 - 11:59,RESERVE,RD,90,East,NEWCOMEN,ST,NEWCASTLE,7777.0,No,Not a school zone,2-way undivided,-32.932189,151.781283,Newcastle,Newcastle met. area,Syd-Newc-Woll Gtr conurbation,Curved,Painted double centre lines,,,Off,Sealed,Dry,Fine,Daylight,Nil,No traffic controls,50 km/h,Regional,20,Head on,201,Opp - Head on,,Head-on,Car (sedan/hatch),Car (sedan/hatch),2,0,1,0,0,3,March,Autumn,Saturday,10:00 - 11:59,Midday / afternoon,False,False,True,True
1354191,Injury,Serious Injury,2024,2024,May,Tuesday,18:00 - 19:59,COROWA RAND,RD,1000,North,MCGORMAN,LANE,GOOMBARGANA,,No,Not a school zone,2-way undivided,-35.785989,146.512289,Greater Hume,Country non-urban,Rest of NSW - Rural,Straight,,,,Nil,Sealed,Dry,Fine,Darkness,Nil,No traffic controls,100 km/h,Local,20,Head on,201,Opp - Head on,,Head-on,Car (sedan/hatch),Car (sedan/hatch),3,0,2,0,0,5,May,Autumn,Tuesday,18:00 - 19:59,PM peak / evening commute,True,False,True,True
1354192,Injury,Minor/Other Injury,2024,2024,April,Thursday,10:00 - 11:59,OAK,RD,0,Right on the spot,NUMBER 98,HN,KIRRAWEE,,No,Not a school zone,2-way undivided,-34.029204,151.072153,Sutherland,Sydney metro. area,Syd-Newc-Woll Gtr conurbation,Straight,Driveway/entrance,,,Nil,Sealed,Dry,Fine,Daylight,Nil,No traffic controls,50 km/h,Local,47,Emerging from drive,406,Manov - Emerging from driveway,,Right angle,Car (sedan/hatch),Station wagon,2,0,0,0,1,4,April,Autumn,Thursday,10:00 - 11:59,Midday / afternoon,False,False,True,True
1354196,Injury,Minor/Other Injury,2024,2024,April,Thursday,22:00 - Midnight,CLEVELAND,ST,0,Right on the spot,CHALMERS,ST,REDFERN,330.0,Yes,No,X-intersection,-33.889674,151.206082,Sydney,Sydney metro. area,Syd-Newc-Woll Gtr conurbation,Straight,,,,On,Sealed,Wet,Raining,Darkness,On,No traffic controls,50 km/h,State,34,Lane change right,306,Same - Lane change right,,Other angle,Pedal cycle,Car (sedan/hatch),2,0,0,0,1,4,April,Autumn,Thursday,22:00 - Midnight,Evening / night,False,False,True,True
1354198,Injury,Moderate Injury,2024,2024,May,Wednesday,10:00 - 11:59,BIRRILEY,ST,0,Right on the spot,COOMEA,ST,BOMADERRY,,No,Not a school zone,X-intersection,-34.851224,150.609454,Shoalhaven,Country urban,Rest of NSW - Urban,Straight,,,,Off,Sealed,Dry,Fine,Daylight,Nil,Stop sign,50 km/h,Local,10,Cross traffic,101,Adj - Cross traffic,,Right angle,Car (sedan/hatch),Light truck,2,0,0,1,0,5,May,Autumn,Wednesday,10:00 - 11:59,Midday / afternoon,False,False,True,True
1354204,Injury,Minor/Other Injury,2024,2024,June,Friday,22:00 - Midnight,EDGAR,ST,0,Right on the spot,ELDRIDGE,ST,CONDELL PARK,7120.0,No,Not a school zone,Roundabout,-33.930833,151.011396,Canterbury-Bankstown,Sydney metro. area,Syd-Newc-Woll Gtr conurbation,Straight,,,,Unknown / not stated,Sealed,Dry,Fine,Darkness,Nil,Give way sign,60 km/h,Regional,30,Rear end,301,Same - Rear end,,Rear end,Car (sedan/hatch),Light truck utility(from 2018),3,0,0,0,1,6,June,Winter,Friday,22:00 - Midnight,Evening / night,False,False,True,True
1354205,Injury,Serious Injury,2024,2024,March,Wednesday,12:00 - 13:59,HOLBECHE,RD,0,Right on the spot,NUMBER 60,HN,ARNDELL PARK,,No,Not a school zone,2-way undivided,-33.789527,150.887771,Blacktown,Sydney metro. area,Syd-Newc-Woll Gtr conurbation,Straight,,,,Nil,Sealed,Dry,Fine,Daylight,Nil,No traffic controls,50 km/h,Local,30,Rear end,301,Same - Rear end,,Rear end,Motorcycle,Large rigid,2,0,1,0,0,3,March,Autumn,Wednesday,12:00 - 13:59,Midday / afternoon,False,False,True,True
1354208,Injury,Serious Injury,2024,2024,April,Friday,12:00 - 13:59,JOSEPH,ST,0,Right on the spot,NUMBER 130,HN,LIDCOMBE,190.0,No,Not a school zone,Divided road,-33.871375,151.042265,Cumberland,Sydney metro. area,Syd-Newc-Woll Gtr conurbation,Straight,,,,On,Sealed,Wet,Raining,Daylight,Nil,No traffic controls,70 km/h,State,71,Off rd left => obj,703,Left off cway into object,,Vehicle - Object,4 wheel drive / SUV,,1,0,1,0,0,4,April,Autumn,Friday,12:00 - 13:59,Midday / afternoon,False,False,True,True
1354211,Injury,Serious Injury,2024,2024,June,Wednesday,16:00 - 17:59,TERRANORA,RD,570,East,MAHERS,LANE,TERRANORA,,No,Not a school zone,2-way undivided,-28.241682,153.509387,Tweed,Country urban,Rest of NSW - Urban,Curved,,,,Unknown / not stated,Sealed,Dry,Fine,Daylight,Nil,No traffic controls,60 km/h,Local,81,Off left/rt bnd=>obj,803,Off right bend into obj,Left,Vehicle - Object,Car (sedan/hatch),,1,0,1,0,0,6,June,Winter,Wednesday,16:00 - 17:59,PM peak / evening commute,True,False,True,True
1354212,Injury,Serious Injury,2024,2024,March,Thursday,20:00 - 21:59,ALLANDALE,RD,150,South,JURD,ST,CESSNOCK,220.0,No,Not a school zone,2-way undivided,-32.825768,151.353592,Cessnock,Country urban,Rest of NSW - Urban,Curved,,,,On,Sealed,Dry,Fine,Darkness,Nil,No traffic controls,60 km/h,State,88,Out of cont on bend,805,Out of control on bend,,Rollover,Motorcycle,,1,0,1,0,0,3,March,Autumn,Thursday,20:00 - 21:59,Evening / night,False,False,True,True
1354213,Injury,Serious Injury,2024,2024,May,Friday,16:00 - 17:59,SOUTH WESTERN,EXP,100,West,BELMORE ROAD,TO,RIVERWOOD,6005.0,No,Not a school zone,Dual freeway,-33.943192,151.057232,Canterbury-Bankstown,Sydney metro. area,Syd-Newc-Woll Gtr conurbation,Straight,,,,Off,Sealed,Wet,Raining,Dusk,Nil,No traffic controls,100 km/h,State,30,Rear end,301,Same - Rear end,,Rear end,4 wheel drive / SUV,Car (sedan/hatch),3,0,1,0,0,5,May,Autumn,Friday,16:00 - 17:59,PM peak / evening commute,True,False,True,True
1354214,Injury,Moderate Injury,2024,2024,April,Wednesday,10:00 - 11:59,INGLIS,ST,100,East,DOURO,ST,MUDGEE,,No,Not a school zone,2-way undivided,-32.599733,149.580932,Mid-Western Regional,Country urban,Rest of NSW - Urban,Straight,,,,Off,Sealed,Dry,Fine,Daylight,Nil,No traffic controls,50 km/h,Local,71,Off rd left => obj,703,Left off cway into object,,Other angle,4 wheel drive / SUV,Station wagon,2,0,0,2,0,4,April,Autumn,Wednesday,10:00 - 11:59,Midday / afternoon,False,False,True,True
1354217,Injury,Minor/Other Injury,2024,2024,June,Saturday,04:00 - 05:59,ROSS SMITH,AVE,15,West,GENERAL HOLMES,DR,MASCOT,,No,Not a school zone,Divided road,-33.933888,151.191845,Bayside,Sydney metro. area,Syd-Newc-Woll Gtr conurbation,Curved,,,,Nil,Sealed,Dry,Fine,Darkness,Nil,No traffic controls,50 km/h,Local,0,Ped nearside,1,Ped - Near side,,Vehicle - Pedestrian,Car (sedan/hatch),Pedestrian,2,0,0,0,1,6,June,Winter,Saturday,04:00 - 05:59,Late night / early morning,False,False,True,True
1354224,Injury,Moderate Injury,2024,2024,May,Thursday,08:00 - 09:59,WESTERN,EXP,0,Right on the spot,GREAT WESTERN HIGHWAY,TO,HOLROYD,6004.0,No,Not a school zone,Other,-33.827613,151.00069,Parramatta,Sydney metro. area,Syd-Newc-Woll Gtr conurbation,Straight,,,,Off,Sealed,Dry,Fine,Daylight,Nil,No traffic controls,90 km/h,State,30,Rear end,301,Same - Rear end,,Rear end,Car (sedan/hatch),Car (sedan/hatch),2,0,0,2,0,5,May,Autumn,Thursday,08:00 - 09:59,AM peak / school commute,True,False,True,True
1354228,Injury,Serious Injury,2024,2024,April,Wednesday,20:00 - 21:59,AFTERLEE,RD,150,South,SLATERS,RD,HORSE STATION CREEK,,No,Not a school zone,2-way undivided,-28.604128,152.961134,Kyogle,Country non-urban,Rest of NSW - Rural,Straight,,,,Nil,Sealed,Dry,Fine,Darkness,Nil,No traffic controls,100 km/h,Local,73,Off rd rght => obj,704,Right off cway into obj,,Vehicle - Object,Light truck utility(from 2018),,1,0,1,0,0,4,April,Autumn,Wednesday,20:00 - 21:59,Evening / night,False,False,True,True
1354231,Injury,Moderate Injury,2024,2024,May,Thursday,12:00 - 13:59,ALFRED,ST,100,North,WEST,ST,UMINA BEACH,,No,Not a school zone,2-way undivided,-33.520532,151.318896,Central Coast,Country urban,Syd-Newc-Woll Gtr conurbation,Straight,Driveway/entrance,,,Off,Sealed,Dry,Fine,Daylight,Nil,No traffic controls,50 km/h,Local,49,Other manoeuvring,400,Manov - other,,Other angle,Motorcycle,,1,0,0,1,0,5,May,Autumn,Thursday,12:00 - 13:59,Midday / afternoon,False,False,True,True
1354232,Injury,Minor/Other Injury,2024,2024,June,Friday,16:00 - 17:59,ROSENTHAL,AVE,10,North,FINLAYSON,ST,LANE COVE,,No,Not a school zone,Roundabout,-33.813455,151.168899,Lane Cove,Sydney metro. area,Syd-Newc-Woll Gtr conurbation,Curved,,,,Unknown / not stated,Sealed,Wet,Raining,Unknown,Nil,Give way sign,40 km/h,Local,30,Rear end,301,Same - Rear end,,Rear end,Station wagon,4 wheel drive / SUV,3,0,0,0,1,6,June,Winter,Friday,16:00 - 17:59,PM peak / evening commute,True,False,True,True
1354235,Injury,Minor/Other Injury,2024,2024,May,Monday,16:00 - 17:59,AMAROO,DR,0,Right on the spot,FRASER DRIVE,TO,BANORA POINT,,No,Not a school zone,Divided road,-28.224015,153.526515,Tweed,Country urban,Rest of NSW - Urban,Straight,Steep grade,,,On,Sealed,Dry,Fine,Dusk,Nil,Give way sign,50 km/h,Local,30,Rear end,301,Same - Rear end,,Rear end,Light truck utility(from 2018),Car (sedan/hatch),2,0,0,0,1,5,May,Autumn,Monday,16:00 - 17:59,PM peak / evening commute,True,False,True,True
1354242,Injury,Moderate Injury,2024,2024,May,Monday,08:00 - 09:59,DEVONSHIRE,RD,0,Right on the spot,FIFTEENTH,AVE,KEMPS CREEK,7261.0,No,Not a school zone,Roundabout,-33.914772,150.786095,Liverpool,Sydney metro. area,Syd-Newc-Woll Gtr conurbation,Straight,,,,Nil,Sealed,Dry,Fine,Daylight,Nil,Give way sign,70 km/h,Regional,10,Cross traffic,101,Adj - Cross traffic,,Right angle,4 wheel drive / SUV,Car (sedan/hatch),2,0,0,1,0,5,May,Autumn,Monday,08:00 - 09:59,AM peak / school commute,True,False,True,True
1354244,Injury,Moderate Injury,2024,2024,January,Monday,08:00 - 09:59,JAMES RUSE,DR,300,South,CUMBERLAND HIGHWAY,OP,NORTH PARRAMATTA,309.0,No,Not a school zone,Divided road,-33.79813,151.015044,Parramatta,Sydney metro. area,Syd-Newc-Woll Gtr conurbation,Curved,,,,Nil,Sealed,Wet,Raining,Daylight,Nil,No traffic controls,90 km/h,State,30,Rear end,301,Same - Rear end,,Rear end,Car (sedan/hatch),Car (sedan/hatch),2,0,0,1,0,1,January,Summer,Monday,08:00 - 09:59,AM peak / school commute,True,False,True,True
1354246,Injury,Minor/Other Injury,2024,2024,March,Monday,14:00 - 15:59,ARTHUR,ST,0,Right on the spot,NUMBER 151,HN,STRATHFIELD,2057.0,No,Not a school zone,2-way undivided,-33.866855,151.061913,Strathfield,Sydney metro. area,Syd-Newc-Woll Gtr conurbation,Straight,Crest,,,Off,Sealed,Dry,Fine,Daylight,Nil,No traffic controls,60 km/h,Regional,30,Rear end,301,Same - Rear end,,Rear end,Car (sedan/hatch),Light truck utility(from 2018),2,0,0,0,2,3,March,Autumn,Monday,14:00 - 15:59,Midday / afternoon,False,False,True,True
1354247,Injury,Moderate Injury,2024,2024,June,Tuesday,12:00 - 13:59,MACDONALD,RD,500,North,WILLIAMSON,RD,BARDIA,,No,Not a school zone,2-way undivided,-33.985187,150.856805,Campbelltown,Sydney metro. area,Syd-Newc-Woll Gtr conurbation,Curved,,,,Nil,Sealed,Dry,Fine,Daylight,Nil,No traffic controls,60 km/h,Local,81,Off left/rt bnd=>obj,803,Off right bend into obj,Left,Vehicle - Object,Car (sedan/hatch),,1,0,0,1,0,6,June,Winter,Tuesday,12:00 - 13:59,Midday / afternoon,False,False,True,True
1354252,Injury,Moderate Injury,2024,2024,May,Monday,16:00 - 17:59,PRINCES,HWY,600,North,JERVIS BAY,RD,FALLS CREEK,1.0,No,Not a school zone,Divided road,-34.978435,150.590548,Shoalhaven,Country urban,Rest of NSW - Urban,Straight,,,,Nil,Sealed,Dry,Fine,Darkness,Nil,No traffic controls,80 km/h,State,71,Off rd left => obj,703,Left off cway into object,,Vehicle - Object,4 wheel drive / SUV,,1,0,0,1,0,5,May,Autumn,Monday,16:00 - 17:59,PM peak / evening commute,True,False,True,True