crash_id,degree_of_crash,degree_of_crash_-_detailed,reporting_year,year_of_crash,month_of_crash,day_of_week_of_crash,two-hour_intervals,street_of_crash,street_type,distance,direction,identifying_feature,identifying_feature_type,town,route_no.,school_zone_location,school_zone_active,type_of_location,latitude,longitude,lga,urbanisation,conurbation_1,alignment,primary_permanent_feature,primary_temporary_feature,primary_hazardous_feature,street_lighting,road_surface,surface_condition,weather,natural_lighting,signals_operation,other_traffic_control,speed_limit,road_classification_(admin),rum_-_code,rum_-_description,dca_-_code,dca_-_description,dca_supplement,first_impact_type,key_tu_type,other_tu_type,no._of_traffic_units_involved,no._killed,no._seriously_injured,no._moderately_injured,no._minor-other_injured,month_num,month_label,season,day_label,time_label,time_band,is_peak_commute,is_fatal,is_injury,is_casualty
1354253,Injury,Serious Injury,2024,2024,May,Wednesday,02:00 - 03:59,POLDING,ST,0,Right on the spot,NUMBER 263,HN,FAIRFIELD WEST,7222.0,No,Not a school zone,2-way undivided,-33.860592,150.928092,Fairfield,Sydney metro. area,Syd-Newc-Woll Gtr conurbation,Straight,,,,Unknown / not stated,Sealed,Dry,Fine,Darkness,Nil,No traffic controls,60 km/h,Regional,70,Off road to left,701,Off carriageway to left,,Rollover,Large rigid,,1,0,1,0,0,5,May,Autumn,Wednesday,02:00 - 03:59,Late night / early morning,False,False,True,True
1354260,Injury,Serious Injury,2024,2024,May,Sunday,16:00 - 17:59,APPIN,RD,50,South,KELLERMAN,DR,ROSEMEADOW,177.0,No,Not a school zone,2-way undivided,-34.114749,150.79761,Campbelltown,Sydney metro. area,Syd-Newc-Woll Gtr conurbation,Straight,,,,Nil,Sealed,Dry,Fine,Dusk,Nil,No traffic controls,70 km/h,State,30,Rear end,301,Same - Rear end,,Rear end,Motorcycle,Car (sedan/hatch),2,0,1,0,0,5,May,Autumn,Sunday,16:00 - 17:59,PM peak / evening commute,True,False,True,True
1354262,Injury,Serious Injury,2024,2024,January,Monday,04:00 - 05:59,EASTERN,RD,30,West,CRESTHAVEN,AVE,KILLARNEY VALE,,No,Not a school zone,Divided road,-33.377944,151.461703,Central Coast,Country urban,Syd-Newc-Woll Gtr conurbation,Straight,,,,On,Sealed,Wet,Raining,Darkness,Nil,No traffic controls,50 km/h,Local,71,Off rd left => obj,703,Left off cway into object,,Vehicle - Object,4 wheel drive / SUV,,1,0,1,0,0,1,January,Summer,Monday,04:00 - 05:59,Late night / early morning,False,False,True,True
1354263,Injury,Moderate Injury,2024,2024,June,Thursday,14:00 - 15:59,PRINCES,HWY,63,North,THAMES,ST,WEST WOLLONGONG,1.0,No,Not a school zone,Divided road,-34.432418,150.865104,Wollongong,Wollongong met. area,Syd-Newc-Woll Gtr conurbation,Straight,,,,Nil,Sealed,Wet,Raining,Daylight,Nil,No traffic controls,60 km/h,State,30,Rear end,301,Same - Rear end,,Rear end,Motorcycle,4 wheel drive / SUV,2,0,0,1,0,6,June,Winter,Thursday,14:00 - 15:59,Midday / afternoon,False,False,True,True
1354268,Injury,Moderate Injury,2024,2024,May,Tuesday,14:00 - 15:59,MONA VALE,RD,0,Right on the spot,POWDERWORKS,RD,INGLESIDE,162.0,No,Not a school zone,T-junction,-33.682983,151.26155,Northern Beaches,Sydney metro. area,Syd-Newc-Woll Gtr conurbation,Straight,,,,Off,Sealed,Dry,Fine,Daylight,On,No traffic controls,70 km/h,State,21,Right through,202,Opp - Right-thru,,Other angle,Car (sedan/hatch),4 wheel drive / SUV,2,0,0,1,0,5,May,Autumn,Tuesday,14:00 - 15:59,Midday / afternoon,False,False,True,True
1354270,Injury,Minor/Other Injury,2024,2024,April,Saturday,04:00 - 05:59,PALLAMANA,PDE,10,South,WARRAROONG,ST,BEVERLY HILLS,,No,Not a school zone,T-junction,-33.94672,151.084253,Georges River,Sydney metro. area,Syd-Newc-Woll Gtr conurbation,Straight,,,,On,Sealed,Wet,Raining,Darkness,Nil,Give way sign,50 km/h,Local,71,Off rd left => obj,703,Left off cway into object,,Vehicle - Object,Car (sedan/hatch),,1,0,0,0,1,4,April,Autumn,Saturday,04:00 - 05:59,Late night / early morning,False,False,True,True
1354273,Injury,Serious Injury,2024,2024,January,Sunday,10:00 - 11:59,AUBURN,RD,0,Right on the spot,FERRIER,RD,YAGOONA,7105.0,No,Not a school zone,X-intersection,-33.897221,151.021361,Canterbury-Bankstown,Sydney metro. area,Syd-Newc-Woll Gtr conurbation,Straight,,,,Nil,Sealed,Dry,Fine,Daylight,On,No traffic controls,60 km/h,Regional,10,Cross traffic,101,Adj - Cross traffic,,Right angle,4 wheel drive / SUV,Car (sedan/hatch),2,0,1,0,0,1,January,Summer,Sunday,10:00 - 11:59,Midday / afternoon,False,False,True,True
1354274,Injury,Minor/Other Injury,2024,2024,June,Saturday,12:00 - 13:59,CITY WEST LINK,RD,0,Right on the spot,THE CRESCENT,MS,LILYFIELD,650.0,No,Not a school zone,T-junction,-33.871537,151.171969,Inner West,Sydney metro. area,Syd-Newc-Woll Gtr conurbation,Straight,,,,Unknown / not stated,Sealed,Wet,Raining,Daylight,On,No traffic controls,70 km/h,State,30,Rear end,301,Same - Rear end,,Rear end,4 wheel drive / SUV,Car (sedan/hatch),2,0,0,0,1,6,June,Winter,Saturday,12:00 - 13:59,Midday / afternoon,False,False,True,True
1354276,Injury,Moderate Injury,2024,2024,March,Saturday,06:00 - 07:59,GEORGES RIVER,RD,0,Right on the spot,LEES,AVE,CROYDON PARK,549.0,No,Not a school zone,X-intersection,-33.899041,151.093237,Burwood,Sydney metro. area,Syd-Newc-Woll Gtr conurbation,Straight,,,,On,Sealed,Wet,Fine,Darkness,On,No traffic controls,60 km/h,State,20,Head on,201,Opp - Head on,,Head-on,Car (sedan/hatch),Car (sedan/hatch),3,0,0,1,1,3,March,Autumn,Saturday,06:00 - 07:59,AM peak / school commute,True,False,True,True
1354278,Injury,Serious Injury,2024,2024,March,Friday,18:00 - 19:59,PARK,LANE,50,West,BROADWAY,ST,JUNEE,,No,Not a school zone,2-way undivided,-34.861619,147.577551,Junee,Country urban,Rest of NSW - Urban,Curved,Painted double centre lines,,,Off,Sealed,Dry,Fine,Dusk,Nil,No traffic controls,50 km/h,Local,85,Off rt/lft bnd=>obj,804,Off left bend into obj,Right,Vehicle - Object,Light truck utility(from 2018),,1,0,1,0,0,3,March,Autumn,Friday,18:00 - 19:59,PM peak / evening commute,True,False,True,True
1354283,Injury,Moderate Injury,2024,2024,April,Friday,10:00 - 11:59,PITTWATER,RD,10,South,OCEAN,GR,COLLAROY,164.0,No,Not a school zone,X-intersection,-33.737388,151.302442,Northern Beaches,Sydney metro. area,Syd-Newc-Woll Gtr conurbation,Straight,,,,Off,Sealed,Dry,Fine,Daylight,On,No traffic controls,60 km/h,State,30,Rear end,301,Same - Rear end,,Rear end,Car (sedan/hatch),Pedal cycle,2,0,0,1,0,4,April,Autumn,Friday,10:00 - 11:59,Midday / afternoon,False,False,True,True
1354285,Injury,Minor/Other Injury,2024,2024,June,Wednesday,08:00 - 09:59,M2 HILLS,EXP,100,West,LANE COVE ROAD,OP,MACQUARIE PARK,6002.0,No,Not a school zone,Dual freeway,-33.780496,151.131731,Ryde,Sydney metro. area,Syd-Newc-Woll Gtr conurbation,Straight,,,,Unknown / not stated,Sealed,Dry,Fine,Daylight,Nil,No traffic controls,100 km/h,State,73,Off rd rght => obj,704,Right off cway into obj,,Vehicle - Object,Car (sedan/hatch),,1,0,0,0,1,6,June,Winter,Wednesday,08:00 - 09:59,AM peak / school commute,True,False,True,True
1354286,Injury,Moderate Injury,2024,2024,May,Thursday,16:00 - 17:59,NARABANG,WAY,50,West,NIANGALA,CL,BELROSE,,No,Not a school zone,Divided road,-33.704798,151.211656,Northern Beaches,Sydney metro. area,Syd-Newc-Woll Gtr conurbation,Curved,Driveway/entrance,,,On,Sealed,Dry,Fine,Dusk,Nil,No traffic controls,50 km/h,Local,7,Driveway,7,Ped - driveway,,Vehicle - Pedestrian,Car (sedan/hatch),Pedestrian,2,0,0,1,0,5,May,Autumn,Thursday,16:00 - 17:59,PM peak / evening commute,True,False,True,True
1354289,Injury,Moderate Injury,2024,2024,May,Friday,20:00 - 21:59,PRINCES,HWY,60,South,MARY,ST,NEWTOWN,1.0,No,Not a school zone,2-way undivided,-33.896788,151.179508,Sydney,Sydney metro. area,Syd-Newc-Woll Gtr conurbation,Straight,Painted double centre lines,,,Off,Sealed,Wet,Raining,Darkness,Nil,No traffic controls,40 km/h,State,2,Ped far side,3,Ped - Far side,,Vehicle - Pedestrian,4 wheel drive / SUV,Pedestrian,2,0,0,1,0,5,May,Autumn,Friday,20:00 - 21:59,Evening / night,False,False,True,True
1354290,Injury,Moderate Injury,2024,2024,June,Saturday,08:00 - 09:59,LAKE ALBERT,RD,80,South,SHERWOOD,AVE,KOORINGAL,,Yes,No,2-way undivided,-35.133582,147.376647,Wagga Wagga,Country urban,Rest of NSW - Urban,Straight,,,,Nil,Sealed,Dry,Fine,Daylight,Nil,No traffic controls,60 km/h,Local,71,Off rd left => obj,703,Left off cway into object,,Other angle,Car (sedan/hatch),Car (sedan/hatch),2,0,0,1,0,6,June,Winter,Saturday,08:00 - 09:59,AM peak / school commute,True,False,True,True
1354291,Injury,Moderate Injury,2024,2024,May,Tuesday,16:00 - 17:59,EMPIRE BAY,DR,0,Right on the spot,NUMBER 49,HN,KINCUMBER,349.0,No,Not a school zone,2-way undivided,-33.474421,151.394453,Central Coast,Country urban,Syd-Newc-Woll Gtr conurbation,Curved,Driveway/entrance,,,On,Sealed,Dry,Fine,Darkness,Nil,No traffic controls,60 km/h,State,47,Emerging from drive,406,Manov - Emerging from driveway,,Right angle,Motorcycle,4 wheel drive / SUV,2,0,0,1,0,5,May,Autumn,Tuesday,16:00 - 17:59,PM peak / evening commute,True,False,True,True
1354293,Injury,Moderate Injury,2024,2024,June,Friday,14:00 - 15:59,CASINO,ST,30,East,WILSON,ST,SOUTH LISMORE,544.0,No,Not a school zone,2-way undivided,-28.80793,153.262089,Lismore,Country urban,Rest of NSW - Urban,Straight,,,,Nil,Sealed,Dry,Fine,Daylight,Nil,No traffic controls,50 km/h,Regional,71,Off rd left => obj,703,Left off cway into object,,Other angle,Car (sedan/hatch),Light truck,3,0,0,1,0,6,June,Winter,Friday,14:00 - 15:59,Midday / afternoon,False,False,True,True
1354295,Injury,Minor/Other Injury,2024,2024,May,Monday,06:00 - 07:59,WINDSOR,RD,100,North,HAMMERS,RD,NORTHMEAD,184.0,No,Not a school zone,2-way undivided,-33.788291,150.994991,Parramatta,Sydney metro. area,Syd-Newc-Woll Gtr conurbation,Curved,,Previous crash,,On,Sealed,Wet,Raining,Darkness,Nil,No traffic controls,60 km/h,State,30,Rear end,301,Same - Rear end,,Rear end,Light truck utility(from 2018),Passenger van,4,0,0,0,1,5,May,Autumn,Monday,06:00 - 07:59,AM peak / school commute,True,False,True,True
1354296,Injury,Moderate Injury,2024,2024,April,Sunday,14:00 - 15:59,BANTRY BAY,RD,0,Right on the spot,NUMBER 100,HN,FRENCHS FOREST,,No,Not a school zone,2-way undivided,-33.757499,151.231943,Northern Beaches,Sydney metro. area,Syd-Newc-Woll Gtr conurbation,Straight,,,,Off,Sealed,Dry,Fine,Daylight,Nil,No traffic controls,50 km/h,Local,71,Off rd left => obj,703,Left off cway into object,,Other angle,4 wheel drive / SUV,Station wagon,2,0,0,2,0,4,April,Autumn,Sunday,14:00 - 15:59,Midday / afternoon,False,False,True,True
1354299,Injury,Minor/Other Injury,2024,2024,June,Thursday,00:01 - 01:59,GREAT WESTERN,HWY,50,West,DERWENT,ST,CAMPERDOWN,5.0,No,Not a school zone,Divided road,-33.884828,151.190866,Sydney,Sydney metro. area,Syd-Newc-Woll Gtr conurbation,Straight,,,,On,Sealed,Wet,Raining,Darkness,Nil,No traffic controls,60 km/h,State,71,Off rd left => obj,703,Left off cway into object,,Other angle,Unknown motor vehicle,4 wheel drive / SUV,2,0,0,0,1,6,June,Winter,Thursday,00:01 - 01:59,Late night / early morning,False,False,True,True
1354300,Injury,Serious Injury,2024,2024,March,Thursday,08:00 - 09:59,KERRS,RD,0,Right on the spot,MARIE,ST,CASTLE HILL,,No,Not a school zone,X-intersection,-33.738359,150.998748,The Hills,Sydney metro. area,Syd-Newc-Woll Gtr conurbation,Straight,,,,Off,Sealed,Dry,Fine,Daylight,Nil,Stop sign,50 km/h,Local,10,Cross traffic,101,Adj - Cross traffic,,Right angle,Large rigid,Car (sedan/hatch),2,0,1,0,0,3,March,Autumn,Thursday,08:00 - 09:59,AM peak / school commute,True,False,True,True
1354301,Injury,Minor/Other Injury,2024,2024,June,Friday,14:00 - 15:59,FOSTER,ST,0,Right on the spot,MARION,ST,LEICHHARDT,652.0,No,Not a school zone,X-intersection,-33.8842,151.147612,Inner West,Sydney metro. area,Syd-Newc-Woll Gtr conurbation,Straight,,,,Unknown / not stated,Sealed,Dry,Overcast,Daylight,On,No traffic controls,50 km/h,State,10,Cross traffic,101,Adj - Cross traffic,,Right angle,4 wheel drive / SUV,Car (sedan/hatch),2,0,0,0,1,6,June,Winter,Friday,14:00 - 15:59,Midday / afternoon,False,False,True,True
1354306,Injury,Moderate Injury,2024,2024,February,Saturday,06:00 - 07:59,JUBILEE,AVE,25,South,PRINCE EDWARD,ST,CARLTON,,No,Not a school zone,2-way undivided,-33.971362,151.126901,Georges River,Sydney metro. area,Syd-Newc-Woll Gtr conurbation,Straight,,,,Nil,Sealed,Dry,Overcast,Daylight,Nil,No traffic controls,50 km/h,Local,71,Off rd left => obj,703,Left off cway into object,,Other angle,Car (sedan/hatch),Car (sedan/hatch),4,0,0,1,1,2,February,Summer,Saturday,06:00 - 07:59,AM peak / school commute,True,False,True,True
1354307,Injury,Moderate Injury,2024,2024,March,Friday,22:00 - Midnight,SNOWY RIVER,WAY,3100,West,PAUPONG,RD,BELOKA,7626.0,No,Not a school zone,2-way undivided,-36.53544,148.695589,Snowy Monaro Regional,Country non-urban,Rest of NSW - Rural,Curved,Steep grade,,,Nil,Sealed,Dry,Fine,Darkness,Nil,No traffic controls,100 km/h,Regional,81,Off left/rt bnd=>obj,803,Off right bend into obj,Left,Vehicle - Object,Light truck utility(from 2018),,1,0,0,1,0,3,March,Autumn,Friday,22:00 - Midnight,Evening / night,False,False,True,True
1354310,Injury,Moderate Injury,2024,2024,May,Wednesday,16:00 - 17:59,FIFTEENTH,AVE,850,West,FOURTH,AVE,AUSTRAL,,No,Not a school zone,2-way undivided,-33.916667,150.799601,Liverpool,Sydney metro. area,Syd-Newc-Woll Gtr conurbation,Straight,,,,Nil,Sealed,Dry,Fine,Daylight,Nil,No traffic controls,80 km/h,Local,30,Rear end,301,Same - Rear end,,Rear end,Light truck utility(from 2018),Light truck utility(from 2018),2,0,0,1,0,5,May,Autumn,Wednesday,16:00 - 17:59,PM peak / evening commute,True,False,True,True
1354311,Injury,Serious Injury,2024,2024,February,Friday,10:00 - 11:59,AVOCA,ST,0,Right on the spot,FRANCES,ST,RANDWICK,660.0,Yes,No,X-intersection,-33.911292,151.243377,Randwick,Sydney metro. area,Syd-Newc-Woll Gtr conurbation,Straight,Foot/cycle path/nature strip,,,Off,Sealed,Dry,Overcast,Daylight,Nil,Give way sign,50 km/h,State,6,Ped on footpath,8,Ped - On footway/median,,Vehicle - Pedestrian,Car (sedan/hatch),Pedestrian,3,0,1,1,1,2,February,Summer,Friday,10:00 - 11:59,Midday / afternoon,False,False,True,True
1354314,Injury,Serious Injury,2024,2024,January,Tuesday,14:00 - 15:59,KYWONG HOWLONG,RD,1000,North,CLIFTON,RD,BROCKLESBY,370.0,No,Not a school zone,2-way undivided,-35.870592,146.670878,Greater Hume,Country non-urban,Rest of NSW - Rural,Straight,Ditch/drain/culvert,,,Nil,Sealed,Dry,Fine,Daylight,Nil,No traffic controls,100 km/h,Regional,71,Off rd left => obj,703,Left off cway into object,,Vehicle - Object,Car (sedan/hatch),,1,0,1,0,0,1,January,Summer,Tuesday,14:00 - 15:59,Midday / afternoon,False,False,True,True
1354318,Injury,Moderate Injury,2024,2024,June,Tuesday,18:00 - 19:59,BEACH,RD,170,North,COUNTRY CLUB,DR,BATEMANS BAY,560.0,No,Not a school zone,2-way undivided,-35.719156,150.190294,Eurobodalla,Country urban,Rest of NSW - Urban,Straight,Driveway/entrance,,,On,Sealed,Dry,Fine,Dusk,Nil,No traffic controls,60 km/h,Regional,47,Emerging from drive,406,Manov - Emerging from driveway,,Right angle,Car (sedan/hatch),Car (sedan/hatch),2,0,0,1,0,6,June,Winter,Tuesday,18:00 - 19:59,PM peak / evening commute,True,False,True,True
1354319,Injury,Serious Injury,2024,2024,January,Wednesday,22:00 - Midnight,RIVER,DR,74,East,BLACKWALL,DR,EAST WARDELL,,No,Not a school zone,2-way undivided,-28.957084,153.465673,Ballina,Country urban,Rest of NSW - Urban,Curved,Ditch/drain/culvert,,,On,Sealed,Dry,Fine,Darkness,Nil,No traffic controls,50 km/h,Local,87,Off lft/lft bnd=>obj,804,Off left bend into obj,Left,Vehicle - Object,4 wheel drive / SUV,,1,0,1,0,0,1,January,Summer,Wednesday,22:00 - Midnight,Evening / night,False,False,True,True
1354320,Injury,Moderate Injury,2024,2024,June,Thursday,18:00 - 19:59,TERRIGAL,DR,0,Right on the spot,NUMBER 341,HN,ERINA,505.0,No,Not a school zone,Divided road,-33.435335,151.400061,Central Coast,Country urban,Syd-Newc-Woll Gtr conurbation,Straight,Driveway/entrance,,,Unknown / not stated,Sealed,Wet,Raining,Darkness,Nil,No traffic controls,60 km/h,State,81,Off left/rt bnd=>obj,803,Off right bend into obj,Left,Vehicle - Object,Car (sedan/hatch),,1,0,0,1,0,6,June,Winter,Thursday,18:00 - 19:59,PM peak / evening commute,True,False,True,True
1354322,Injury,Serious Injury,2024,2024,May,Tuesday,08:00 - 09:59,CAROLINE CHISHOLM,DR,0,Right on the spot,LANGDON,RD,WINSTON HILLS,,No,Not a school zone,X-intersection,-33.772915,150.967556,Parramatta,Sydney metro. area,Syd-Newc-Woll Gtr conurbation,Straight,,,,Off,Sealed,Dry,Fine,Daylight,On,Ped crossing,50 km/h,Local,0,Ped nearside,1,Ped - Near side,,Vehicle - Pedestrian,Unknown motor vehicle,Pedestrian,2,0,1,0,0,5,May,Autumn,Tuesday,08:00 - 09:59,AM peak / school commute,True,False,True,True
1354323,Injury,Moderate Injury,2024,2024,May,Tuesday,06:00 - 07:59,CAROLINE CHISHOLM,DR,0,Right on the spot,JUNCTION,RD,WINSTON HILLS,,No,Not a school zone,Roundabout,-33.774365,150.971587,Parramatta,Sydney metro. area,Syd-Newc-Woll Gtr conurbation,Straight,,,,Off,Sealed,Dry,Fine,Daylight,Nil,Give way sign,50 km/h,Local,40,U turn,207,Opp - U-turn,,Other angle,Car (sedan/hatch),Car (sedan/hatch),2,0,0,1,0,5,May,Autumn,Tuesday,06:00 - 07:59,AM peak / school commute,True,False,True,True
1354325,Injury,Serious Injury,2024,2024,May,Wednesday,08:00 - 09:59,PACIFIC,HWY,200,North,BOUNDARY,ST,ROSEVILLE,10.0,No,Not a school zone,Divided road,-33.785804,151.178243,Ku-ring-gai,Sydney metro. area,Syd-Newc-Woll Gtr conurbation,Curved,Steep grade,,,Nil,Sealed,Dry,Fine,Daylight,Nil,No traffic controls,60 km/h,State,30,Rear end,301,Same - Rear end,,Rear end,Pedal cycle,4 wheel drive / SUV,2,0,1,0,0,5,May,Autumn,Wednesday,08:00 - 09:59,AM peak / school commute,True,False,True,True
1354330,Injury,Moderate Injury,2024,2024,May,Thursday,06:00 - 07:59,OLD MAITLAND,RD,1450,South,SAWYERS GULLY,RD,SAWYERS GULLY,,No,Not a school zone,2-way undivided,-32.780046,151.424729,Cessnock,Country urban,Rest of NSW - Urban,Curved,Embankment/cutting,,,Nil,Unsealed,Dry,Fine,Daylight,Nil,No traffic controls,80 km/h,Local,87,Off lft/lft bnd=>obj,804,Off left bend into obj,Left,Vehicle - Object,4 wheel drive / SUV,,1,0,0,1,0,5,May,Autumn,Thursday,06:00 - 07:59,AM peak / school commute,True,False,True,True
1354332,Injury,Minor/Other Injury,2024,2024,June,Sunday,16:00 - 17:59,CUMBERLAND,HWY,0,Right on the spot,BEECROFT,RD,PENNANT HILLS,13.0,No,Not a school zone,T-junction,-33.740182,151.063994,Hornsby,Sydney metro. area,Syd-Newc-Woll Gtr conurbation,Straight,,,,Unknown / not stated,Sealed,Dry,Fine,Unknown,On,No traffic controls,70 km/h,State,30,Rear end,301,Same - Rear end,,Rear end,Car (sedan/hatch),Car (sedan/hatch),2,0,0,0,1,6,June,Winter,Sunday,16:00 - 17:59,PM peak / evening commute,True,False,True,True
1354333,Injury,Moderate Injury,2024,2024,April,Monday,18:00 - 19:59,SMITHFIELD,RD,0,Right on the spot,RAPHAEL,ST,GREENFIELD PARK,7220.0,No,Not a school zone,T-junction,-33.880289,150.890609,Fairfield,Sydney metro. area,Syd-Newc-Woll Gtr conurbation,Straight,,,,On,Sealed,Dry,Fine,Dusk,Nil,No traffic controls,60 km/h,Regional,13,Right near,104,Adj - Right-thru from right,,Right angle,Car (sedan/hatch),4 wheel drive / SUV,2,0,0,1,0,4,April,Autumn,Monday,18:00 - 19:59,PM peak / evening commute,True,False,True,True
1354336,Injury,Serious Injury,2024,2024,May,Tuesday,16:00 - 17:59,WYRALLAH,RD,0,Right on the spot,DALLEY,ST,EAST LISMORE,7742.0,No,Not a school zone,Roundabout,-28.820472,153.285499,Lismore,Country urban,Rest of NSW - Urban,Straight,,,,On,Sealed,Dry,Fine,Dusk,Nil,Give way sign,50 km/h,Regional,13,Right near,104,Adj - Right-thru from right,,Right angle,4 wheel drive / SUV,Motorcycle,2,0,1,0,1,5,May,Autumn,Tuesday,16:00 - 17:59,PM peak / evening commute,True,False,True,True
1354337,Injury,Serious Injury,2024,2024,May,Saturday,22:00 - Midnight,HUME,HWY,0,Right on the spot,HUME,HWY,CASULA,2.0,No,Not a school zone,T-junction,-33.957835,150.887124,Liverpool,Sydney metro. area,Syd-Newc-Woll Gtr conurbation,Curved,Foot/cycle path/nature strip,,,On,Sealed,Dry,Fine,Darkness,On,No traffic controls,70 km/h,State,81,Off left/rt bnd=>obj,803,Off right bend into obj,Left,Vehicle - Object,Motorcycle,,1,0,1,0,0,5,May,Autumn,Saturday,22:00 - Midnight,Evening / night,False,False,True,True
1354341,Injury,Moderate Injury,2024,2024,February,Thursday,08:00 - 09:59,STONEY CREEK,RD,0,Right on the spot,OLIVER,ST,BEXLEY,665.0,No,Not a school zone,T-junction,-33.949043,151.111687,Bayside,Sydney metro. area,Syd-Newc-Woll Gtr conurbation,Straight,,,,Nil,Sealed,Dry,Fine,Daylight,Nil,No traffic controls,60 km/h,State,21,Right through,202,Opp - Right-thru,,Other angle,Car (sedan/hatch),4 wheel drive / SUV,2,0,0,1,0,2,February,Summer,Thursday,08:00 - 09:59,AM peak / school commute,True,False,True,True
1354347,Injury,Serious Injury,2024,2024,March,Saturday,16:00 - 17:59,BOOROLONG,RD,100,North,ROWLANDS,RD,ARMIDALE,,No,Not a school zone,2-way undivided,-30.489397,151.62781,Armidale Regional,Country non-urban,Rest of NSW - Rural,Curved,Ditch/drain/culvert,,Loose gravel shoulder,Nil,Sealed,Dry,Fine,Daylight,Nil,No traffic controls,100 km/h,Local,83,Off rt/rt bnd=>obj,803,Off right bend into obj,Right,Vehicle - Object,Car (sedan/hatch),,1,0,1,0,0,3,March,Autumn,Saturday,16:00 - 17:59,PM peak / evening commute,True,False,True,True
1354350,Injury,Moderate Injury,2024,2024,January,Tuesday,12:00 - 13:59,KING,ST,65,West,AUCKLAND,ST,NEWCASTLE,188.0,No,Not a school zone,2-way undivided,-32.928298,151.770282,Newcastle,Newcastle met. area,Syd-Newc-Woll Gtr conurbation,Straight,Spd hump/slow pt/chc,,,Nil,Sealed,Dry,Fine,Daylight,Nil,No traffic controls,40 km/h,Regional,30,Rear end,301,Same - Rear end,,Rear end,4 wheel drive / SUV,Car (sedan/hatch),2,0,0,1,0,1,January,Summer,Tuesday,12:00 - 13:59,Midday / afternoon,False,False,True,True
1354353,Injury,Serious Injury,2024,2024,May,Thursday,20:00 - 21:59,WARRINGAH,EXP,150,South,MOUNT STREET,TO,NORTH SYDNEY,651.0,No,Not a school zone,Other,-33.840694,151.210978,North Sydney,Sydney metro. area,Syd-Newc-Woll Gtr conurbation,Straight,Bus/transit lane,,,Nil,Sealed,Dry,Fine,Darkness,Nil,No traffic controls,50 km/h,State,73,Off rd rght => obj,704,Right off cway into obj,,Vehicle - Object,Motorcycle,,1,0,1,0,0,5,May,Autumn,Thursday,20:00 - 21:59,Evening / night,False,False,True,True
1354356,Injury,Serious Injury,2024,2024,June,Saturday,12:00 - 13:59,WILLIAM,ST,0,Right on the spot,BOURKE,ST,WOOLLOOMOOLOO,173.0,No,Not a school zone,X-intersection,-33.874537,151.218076,Sydney,Sydney metro. area,Syd-Newc-Woll Gtr conurbation,Straight,,,,Off,Sealed,Wet,Raining,Daylight,On,No traffic controls,50 km/h,State,21,Right through,202,Opp - Right-thru,,Other angle,4 wheel drive / SUV,Car (sedan/hatch),2,0,1,1,0,6,June,Winter,Saturday,12:00 - 13:59,Midday / afternoon,False,False,True,True
1354358,Injury,Serious Injury,2024,2024,June,Wednesday,12:00 - 13:59,KENILWORTH,LANE,8600,West,QUAMBONE,RD,TOOLOON,,No,Not a school zone,2-way undivided,-30.975796,148.242498,Coonamble,Country non-urban,Rest of NSW - Rural,Straight,,,,Unknown / not stated,Unsealed,Wet,Fine,Daylight,Nil,No traffic controls,100 km/h,Local,74,On road-out of cont.,705,Out of control on cway,,Rollover,Motorcycle,,1,0,1,0,0,6,June,Winter,Wednesday,12:00 - 13:59,Midday / afternoon,False,False,True,True
1354359,Injury,Moderate Injury,2024,2024,May,Sunday,10:00 - 11:59,PICTON,RD,0,Right on the spot,WILTON PARK,RD,WILTON,612.0,No,Not a school zone,T-junction,-34.226232,150.664147,Wollondilly,Country urban,Syd-Newc-Woll Gtr conurbation,Straight,Embankment/cutting,,,Nil,Sealed,Wet,Raining,Daylight,Nil,Give way sign,80 km/h,State,37,Left turn sideswipe,309,Same - Left turn side swipe,,Other angle,Light truck utility(from 2018),Car (sedan/hatch),2,0,0,1,0,5,May,Autumn,Sunday,10:00 - 11:59,Midday / afternoon,False,False,True,True
1354361,Injury,Moderate Injury,2024,2024,June,Thursday,16:00 - 17:59,PARKER,ST,0,Right on the spot,BARBER,AVE,PENRITH,154.0,No,Not a school zone,T-junction,-33.75793,150.711704,Penrith,Sydney metro. area,Syd-Newc-Woll Gtr conurbation,Straight,,,,On,Sealed,Wet,Raining,Dusk,Nil,Give way sign,70 km/h,State,10,Cross traffic,101,Adj - Cross traffic,,Right angle,Car (sedan/hatch),4 wheel drive / SUV,2,0,0,1,0,6,June,Winter,Thursday,16:00 - 17:59,PM peak / evening commute,True,False,True,True
1354363,Injury,Moderate Injury,2024,2024,May,Friday,18:00 - 19:59,GILBERT,CRES,0,Right on the spot,NUMBER 26,HN,KINGS LANGLEY,,No,Not a school zone,2-way undivided,-33.743348,150.918787,Blacktown,Sydney metro. area,Syd-Newc-Woll Gtr conurbation,Straight,,,,On,Sealed,Dry,Fine,Darkness,Nil,No traffic controls,50 km/h,Local,71,Off rd left => obj,703,Left off cway into object,,Other angle,Utility,Car (sedan/hatch),2,0,0,1,0,5,May,Autumn,Friday,18:00 - 19:59,PM peak / evening commute,True,False,True,True
1354365,Injury,Minor/Other Injury,2024,2024,May,Monday,16:00 - 17:59,RICHMOND,RD,0,Right on the spot,SYMONDS ROAD,TO,DEAN PARK,643.0,No,Not a school zone,Divided road,-33.740235,150.862709,Blacktown,Sydney metro. area,Syd-Newc-Woll Gtr conurbation,Straight,,,,Off,Sealed,Dry,Fine,Daylight,Nil,No traffic controls,70 km/h,State,30,Rear end,301,Same - Rear end,,Rear end,4 wheel drive / SUV,Car (sedan/hatch),2,0,0,0,1,5,May,Autumn,Monday,16:00 - 17:59,PM peak / evening commute,True,False,True,True