crash_id,degree_of_crash,degree_of_crash_-_detailed,reporting_year,year_of_crash,month_of_crash,day_of_week_of_crash,two-hour_intervals,street_of_crash,street_type,distance,direction,identifying_feature,identifying_feature_type,town,route_no.,school_zone_location,school_zone_active,type_of_location,latitude,longitude,lga,urbanisation,conurbation_1,alignment,primary_permanent_feature,primary_temporary_feature,primary_hazardous_feature,street_lighting,road_surface,surface_condition,weather,natural_lighting,signals_operation,other_traffic_control,speed_limit,road_classification_(admin),rum_-_code,rum_-_description,dca_-_code,dca_-_description,dca_supplement,first_impact_type,key_tu_type,other_tu_type,no._of_traffic_units_involved,no._killed,no._seriously_injured,no._moderately_injured,no._minor-other_injured,month_num,month_label,season,day_label,time_label,time_band,is_peak_commute,is_fatal,is_injury,is_casualty
1354368,Injury,Serious Injury,2024,2024,May,Wednesday,12:00 - 13:59,WEST,ST,0,Right on the spot,SHERIDAN,ST,GUNDAGAI,243.0,No,Not a school zone,X-intersection,-35.062733,148.100671,Cootamundra-Gundagai,Country urban,Rest of NSW - Urban,Straight,,,,Off,Sealed,Dry,Fine,Daylight,Nil,Give way sign,40 km/h,Regional,10,Cross traffic,101,Adj - Cross traffic,,Right angle,Car (sedan/hatch),4 wheel drive / SUV,2,0,1,0,0,5,May,Autumn,Wednesday,12:00 - 13:59,Midday / afternoon,False,False,True,True
1354372,Injury,Serious Injury,2024,2024,June,Saturday,10:00 - 11:59,BRUNSWICK,ST,0,Right on the spot,LAWES,ST,EAST MAITLAND,,No,Not a school zone,X-intersection,-32.754455,151.592815,Maitland,Country urban,Rest of NSW - Urban,Straight,,,,Unknown / not stated,Sealed,Dry,Fine,Daylight,Nil,Stop sign,50 km/h,Local,10,Cross traffic,101,Adj - Cross traffic,,Right angle,4 wheel drive / SUV,Car (sedan/hatch),2,0,1,1,0,6,June,Winter,Saturday,10:00 - 11:59,Midday / afternoon,False,False,True,True
1354376,Injury,Minor/Other Injury,2024,2024,May,Wednesday,16:00 - 17:59,OLD NORTHERN,RD,0,Right on the spot,KERRS,RD,CASTLE HILL,160.0,Yes,No,T-junction,-33.738986,151.000516,The Hills,Sydney metro. area,Syd-Newc-Woll Gtr conurbation,Straight,,,,On,Sealed,Dry,Fine,Daylight,On,No traffic controls,60 km/h,State,30,Rear end,301,Same - Rear end,,Rear end,Car (sedan/hatch),4 wheel drive / SUV,2,0,0,0,1,5,May,Autumn,Wednesday,16:00 - 17:59,PM peak / evening commute,True,False,True,True
1354379,Injury,Minor/Other Injury,2024,2024,May,Thursday,14:00 - 15:59,MANNS,RD,170,North,NELLS,RD,WEST GOSFORD,349.0,No,Not a school zone,2-way undivided,-33.417598,151.322317,Central Coast,Country urban,Syd-Newc-Woll Gtr conurbation,Straight,Driveway/entrance,,,Unknown / not stated,Sealed,Dry,Fine,Daylight,Nil,No traffic controls,60 km/h,State,59,Other overtaking,500,Ovtak - other,,Other angle,Large rigid,Car (sedan/hatch),2,0,0,0,2,5,May,Autumn,Thursday,14:00 - 15:59,Midday / afternoon,False,False,True,True
1354380,Injury,Serious Injury,2024,2024,June,Tuesday,14:00 - 15:59,WINE COUNTRY,DR,0,Right on the spot,LOMAS,LANE,NULKABA,220.0,No,Not a school zone,T-junction,-32.793378,151.348968,Cessnock,Country urban,Rest of NSW - Urban,Straight,,,,Nil,Sealed,Dry,Fine,Daylight,Nil,No traffic controls,80 km/h,State,13,Right near,104,Adj - Right-thru from right,,Right angle,Car (sedan/hatch),Motorcycle,2,0,1,0,0,6,June,Winter,Tuesday,14:00 - 15:59,Midday / afternoon,False,False,True,True
1354390,Injury,Serious Injury,2024,2024,May,Thursday,18:00 - 19:59,CARYSFIELD,RD,0,Right on the spot,JOHNSTON,RD,BASS HILL,,No,Not a school zone,T-junction,-33.904066,151.000503,Canterbury-Bankstown,Sydney metro. area,Syd-Newc-Woll Gtr conurbation,Straight,,,,On,Sealed,Dry,Fine,Darkness,On,Ped crossing,50 km/h,Local,2,Ped far side,3,Ped - Far side,,Vehicle - Pedestrian,Car (sedan/hatch),Pedestrian,2,0,1,0,0,5,May,Autumn,Thursday,18:00 - 19:59,PM peak / evening commute,True,False,True,True
1354396,Injury,Serious Injury,2024,2024,June,Tuesday,10:00 - 11:59,PRINCES,HWY,100,South,BUNBERRA,ST,BOMADERRY,1.0,Yes,No,Divided road,-34.850325,150.596609,Shoalhaven,Country urban,Rest of NSW - Urban,Straight,Foot/cycle path/nature strip,,,Nil,Sealed,Dry,Fine,Daylight,Nil,No traffic controls,70 km/h,State,20,Head on,201,Opp - Head on,,Head-on,Motorised scooter (mob. aid),4 wheel drive / SUV,2,0,1,1,0,6,June,Winter,Tuesday,10:00 - 11:59,Midday / afternoon,False,False,True,True
1354397,Injury,Serious Injury,2024,2024,April,Saturday,04:00 - 05:59,BYRON,RD,0,Right on the spot,MILITARY,RD,GUILDFORD,,No,Not a school zone,T-junction,-33.861429,150.975389,Cumberland,Sydney metro. area,Syd-Newc-Woll Gtr conurbation,Straight,,,,On,Sealed,Dry,Fine,Darkness,Nil,No traffic controls,50 km/h,Local,13,Right near,104,Adj - Right-thru from right,,Right angle,Car (sedan/hatch),Pedal cycle,2,0,1,0,0,4,April,Autumn,Saturday,04:00 - 05:59,Late night / early morning,False,False,True,True
1354398,Injury,Moderate Injury,2024,2024,May,Friday,20:00 - 21:59,PITTWATER,RD,0,Right on the spot,GARDEN,ST,NORTH NARRABEEN,164.0,No,Not a school zone,T-junction,-33.705071,151.297292,Northern Beaches,Sydney metro. area,Syd-Newc-Woll Gtr conurbation,Straight,,,,On,Sealed,Dry,Fine,Darkness,On,No traffic controls,70 km/h,State,21,Right through,202,Opp - Right-thru,,Other angle,Car (sedan/hatch),Other bus,2,0,0,1,0,5,May,Autumn,Friday,20:00 - 21:59,Evening / night,False,False,True,True
1354400,Injury,Minor/Other Injury,2024,2024,June,Monday,22:00 - Midnight,HARVEY,RD,100,South,NEW ENGLAND,HWY,RUTHERFORD,,No,Not a school zone,2-way undivided,-32.714527,151.522346,Maitland,Country urban,Rest of NSW - Urban,Straight,,,,On,Sealed,Dry,Fine,Darkness,Nil,No traffic controls,50 km/h,Local,46,Reversing into obj,405,Manov - Reverse into fixed obj,,Other angle,Car (sedan/hatch),Car (sedan/hatch),2,0,0,0,1,6,June,Winter,Monday,22:00 - Midnight,Evening / night,False,False,True,True
1354409,Injury,Moderate Injury,2024,2024,February,Thursday,06:00 - 07:59,WESTERN,EXP,25,West,WESTERN EXPRESSWAY,TO,EASTERN CREEK,6004.0,No,Not a school zone,Other,-33.799962,150.863885,Blacktown,Sydney metro. area,Syd-Newc-Woll Gtr conurbation,Straight,,,,Nil,Sealed,Dry,Fine,Daylight,Nil,No traffic controls,100 km/h,State,30,Rear end,301,Same - Rear end,,Rear end,Car (sedan/hatch),Car (sedan/hatch),3,0,0,1,0,2,February,Summer,Thursday,06:00 - 07:59,AM peak / school commute,True,False,True,True
1354410,Injury,Moderate Injury,2024,2024,April,Sunday,12:00 - 13:59,BERRICO CREEK,RD,230,North,JUNCTION CREEK,BDGE,BERRICO,,No,Not a school zone,2-way undivided,-32.103981,151.806362,Mid-Coast,Country non-urban,Rest of NSW - Rural,Curved,,,,Nil,Unsealed,Unknown,Unknown,Daylight,Nil,No traffic controls,100 km/h,Local,81,Off left/rt bnd=>obj,803,Off right bend into obj,Left,Vehicle - Object,Motorcycle,,1,0,0,1,0,4,April,Autumn,Sunday,12:00 - 13:59,Midday / afternoon,False,False,True,True
1354412,Injury,Moderate Injury,2024,2024,May,Thursday,10:00 - 11:59,ABERCROMBIE,ST,0,Right on the spot,MT KEIRA,RD,WEST WOLLONGONG,,No,Not a school zone,T-junction,-34.423831,150.867875,Wollongong,Wollongong met. area,Syd-Newc-Woll Gtr conurbation,Straight,,,,Off,Sealed,Dry,Fine,Daylight,Nil,Stop sign,50 km/h,Local,11,Right far,102,Adj - Right-thru from left,,Right angle,Light truck utility(from 2018),Pedal cycle,2,0,0,1,0,5,May,Autumn,Thursday,10:00 - 11:59,Midday / afternoon,False,False,True,True
1354413,Injury,Moderate Injury,2024,2024,June,Friday,16:00 - 17:59,CHARLES,ST,0,Right on the spot,NUMBER 16,HN,CARLINGFORD,,No,Not a school zone,2-way undivided,-33.786835,151.042404,Parramatta,Sydney metro. area,Syd-Newc-Woll Gtr conurbation,Straight,Driveway/entrance,,,Unknown / not stated,Sealed,Wet,Raining,Daylight,Nil,No traffic controls,50 km/h,Local,47,Emerging from drive,406,Manov - Emerging from driveway,,Right angle,4 wheel drive / SUV,Car (sedan/hatch),2,0,0,1,1,6,June,Winter,Friday,16:00 - 17:59,PM peak / evening commute,True,False,True,True
1354414,Injury,Moderate Injury,2024,2024,May,Thursday,10:00 - 11:59,PRINCES,HWY,0,Right on the spot,JERVIS,ST,NOWRA,1.0,No,Not a school zone,T-junction,-34.882936,150.603868,Shoalhaven,Country urban,Rest of NSW - Urban,Straight,Steep grade,,,Off,Sealed,Dry,Fine,Daylight,Nil,Give way sign,70 km/h,State,16,Left near,107,Adj - Left-thru from right,,Right angle,4 wheel drive / SUV,Motorcycle,2,0,0,1,0,5,May,Autumn,Thursday,10:00 - 11:59,Midday / afternoon,False,False,True,True
1354415,Injury,Serious Injury,2024,2024,April,Monday,16:00 - 17:59,COWPASTURE,RD,0,Right on the spot,JOSHUA MOORE,DR,HORNINGSEA PARK,648.0,No,Not a school zone,X-intersection,-33.943987,150.837252,Liverpool,Sydney metro. area,Syd-Newc-Woll Gtr conurbation,Straight,,,,Nil,Sealed,Dry,Fine,Daylight,On,No traffic controls,70 km/h,State,21,Right through,202,Opp - Right-thru,,Other angle,Car (sedan/hatch),Other bus,2,0,1,0,0,4,April,Autumn,Monday,16:00 - 17:59,PM peak / evening commute,True,False,True,True
1354418,Injury,Serious Injury,2024,2024,January,Wednesday,14:00 - 15:59,CHRISTO,RD,0,Right on the spot,CRESCENT,RD,WARATAH,,No,Not a school zone,X-intersection,-32.910186,151.721322,Newcastle,Newcastle met. area,Syd-Newc-Woll Gtr conurbation,Straight,Steep grade,,,Nil,Sealed,Dry,Fine,Daylight,Nil,Stop sign,50 km/h,Local,10,Cross traffic,101,Adj - Cross traffic,,Right angle,Car (sedan/hatch),Motorcycle,2,0,1,0,0,1,January,Summer,Wednesday,14:00 - 15:59,Midday / afternoon,False,False,True,True
1354420,Injury,Serious Injury,2024,2024,May,Friday,12:00 - 13:59,GRASSY HEAD,RD,600,North,STUARTS POINT,RD,STUARTS POINT,,No,Not a school zone,2-way undivided,-30.814688,152.983478,Kempsey,Country urban,Rest of NSW - Urban,Straight,,,,Nil,Sealed,Dry,Fine,Daylight,Nil,No traffic controls,80 km/h,Local,73,Off rd rght => obj,704,Right off cway into obj,,Vehicle - Object,4 wheel drive / SUV,,1,0,1,0,0,5,May,Autumn,Friday,12:00 - 13:59,Midday / afternoon,False,False,True,True
1354425,Injury,Serious Injury,2024,2024,June,Tuesday,16:00 - 17:59,WINDSOR,RD,0,Right on the spot,ROXBOROUGH PARK,RD,BAULKHAM HILLS,184.0,No,Not a school zone,T-junction,-33.750006,150.985992,The Hills,Sydney metro. area,Syd-Newc-Woll Gtr conurbation,Straight,,,,On,Sealed,Dry,Fine,Dusk,On,No traffic controls,60 km/h,State,13,Right near,104,Adj - Right-thru from right,,Right angle,4 wheel drive / SUV,Car (sedan/hatch),2,0,1,1,1,6,June,Winter,Tuesday,16:00 - 17:59,PM peak / evening commute,True,False,True,True
1354428,Injury,Moderate Injury,2024,2024,June,Thursday,12:00 - 13:59,NEWELL,HWY,0,Right on the spot,SPARROW,RD,THE PILLIGA,17.0,No,Not a school zone,T-junction,-30.58248,149.593081,Narrabri,Country non-urban,Rest of NSW - Rural,Straight,,,,Unknown / not stated,Sealed,Dry,Fine,Daylight,Nil,No traffic controls,110 km/h,State,71,Off rd left => obj,703,Left off cway into object,,Vehicle - Object,Light truck utility(from 2018),,1,0,0,1,0,6,June,Winter,Thursday,12:00 - 13:59,Midday / afternoon,False,False,True,True
1354430,Injury,Moderate Injury,2024,2024,May,Monday,06:00 - 07:59,NEW ENGLAND,HWY,0,Right on the spot,NUMBER 164,HN,URALLA,9.0,No,Not a school zone,2-way undivided,-30.648377,151.4922,Uralla,Country urban,Rest of NSW - Urban,Straight,Pedestrian refuge,,,Off,Sealed,Dry,Fog or mist,Dawn,Nil,No traffic controls,50 km/h,State,73,Off rd rght => obj,704,Right off cway into obj,,Vehicle - Object,Motorcycle,,1,0,0,1,0,5,May,Autumn,Monday,06:00 - 07:59,AM peak / school commute,True,False,True,True
1354437,Injury,Moderate Injury,2024,2024,June,Thursday,18:00 - 19:59,WINDSOR,RD,0,Right on the spot,MOUNT CARMEL,DR,BOX HILL,184.0,No,Not a school zone,T-junction,-33.660068,150.881367,The Hills,Sydney metro. area,Syd-Newc-Woll Gtr conurbation,Straight,,,,On,Sealed,Wet,Raining,Darkness,On,No traffic controls,80 km/h,State,30,Rear end,301,Same - Rear end,,Rear end,Light truck utility(from 2018),Car (sedan/hatch),2,0,0,1,0,6,June,Winter,Thursday,18:00 - 19:59,PM peak / evening commute,True,False,True,True
1354438,Injury,Serious Injury,2024,2024,March,Friday,18:00 - 19:59,KOOMOOLOO,CRES,0,Right on the spot,NUMBER 41,HN,SHALVEY,,No,Not a school zone,2-way undivided,-33.728402,150.801376,Blacktown,Sydney metro. area,Syd-Newc-Woll Gtr conurbation,Curved,,,,Off,Sealed,Dry,Fine,Dusk,Nil,No traffic controls,50 km/h,Local,20,Head on,201,Opp - Head on,,Head-on,Motorcycle,Passenger van,2,0,1,0,0,3,March,Autumn,Friday,18:00 - 19:59,PM peak / evening commute,True,False,True,True
1354442,Injury,Moderate Injury,2024,2024,June,Sunday,16:00 - 17:59,RESERVE CREEK,RD,5000,East,WULFFS,LANE,KIELVALE,,No,Not a school zone,2-way undivided,-28.345599,153.463102,Tweed,Country non-urban,Rest of NSW - Rural,Curved,Steep grade,,,Nil,Sealed,Dry,Fine,Dusk,Nil,No traffic controls,100 km/h,Local,20,Head on,201,Opp - Head on,,Head-on,Motorcycle,Light truck utility(from 2018),2,0,0,1,0,6,June,Winter,Sunday,16:00 - 17:59,PM peak / evening commute,True,False,True,True
1354446,Injury,Serious Injury,2024,2024,February,Tuesday,12:00 - 13:59,THE HORSLEY,DR,200,East,COWPASTURE,RD,WETHERILL PARK,609.0,No,Not a school zone,Divided road,-33.852005,150.878629,Fairfield,Sydney metro. area,Syd-Newc-Woll Gtr conurbation,Curved,Steep grade,,,Off,Sealed,Dry,Fine,Daylight,Nil,No traffic controls,70 km/h,State,87,Off lft/lft bnd=>obj,804,Off left bend into obj,Left,Vehicle - Object,Motorcycle,,1,0,1,0,0,2,February,Summer,Tuesday,12:00 - 13:59,Midday / afternoon,False,False,True,True
1354447,Injury,Moderate Injury,2024,2024,April,Tuesday,08:00 - 09:59,SANDGATE,RD,0,Right on the spot,NUMBER 369,HN,SHORTLAND,,Yes,No,2-way undivided,-32.880607,151.695922,Newcastle,Newcastle met. area,Syd-Newc-Woll Gtr conurbation,Straight,Driveway/entrance,,,Off,Sealed,Dry,Fine,Daylight,Nil,No traffic controls,50 km/h,Local,47,Emerging from drive,406,Manov - Emerging from driveway,,Right angle,Car (sedan/hatch),Car (sedan/hatch),3,0,0,1,0,4,April,Autumn,Tuesday,08:00 - 09:59,AM peak / school commute,True,False,True,True
1354449,Injury,Minor/Other Injury,2024,2024,May,Friday,16:00 - 17:59,NEW ENGLAND,HWY,0,Right on the spot,CAMERON,ST,SOUTH GUYRA,9.0,No,Not a school zone,T-junction,-30.244047,151.669743,Armidale Regional,Country urban,Rest of NSW - Urban,Straight,,,,Unknown / not stated,Sealed,Wet,Overcast,Dusk,Nil,Give way sign,70 km/h,State,30,Rear end,301,Same - Rear end,,Rear end,4 wheel drive / SUV,4 wheel drive / SUV,2,0,0,0,1,5,May,Autumn,Friday,16:00 - 17:59,PM peak / evening commute,True,False,True,True
1354451,Injury,Serious Injury,2024,2024,June,Saturday,14:00 - 15:59,BLAXLAND,RD,0,Right on the spot,EPPING,RD,EPPING,139.0,No,Not a school zone,X-intersection,-33.773866,151.083113,Parramatta,Sydney metro. area,Syd-Newc-Woll Gtr conurbation,Straight,,,,Unknown / not stated,Sealed,Wet,Raining,Daylight,On,No traffic controls,60 km/h,State,21,Right through,202,Opp - Right-thru,,Other angle,4 wheel drive / SUV,Car (sedan/hatch),2,0,1,0,0,6,June,Winter,Saturday,14:00 - 15:59,Midday / afternoon,False,False,True,True
1354453,Injury,Moderate Injury,2024,2024,June,Sunday,10:00 - 11:59,SAXA,RD,600,South,BODANGORA,RD,COMOBELLA,353.0,No,Not a school zone,2-way undivided,-32.408329,148.960311,Dubbo Regional,Country non-urban,Rest of NSW - Rural,Curved,Embankment/cutting,,,Nil,Sealed,Dry,Overcast,Daylight,Nil,No traffic controls,100 km/h,Regional,84,Off right/left bend,802,Off cway left bend,Right,Rollover,Car (sedan/hatch),,1,0,0,1,0,6,June,Winter,Sunday,10:00 - 11:59,Midday / afternoon,False,False,True,True
1354460,Injury,Moderate Injury,2024,2024,May,Sunday,12:00 - 13:59,CASTLE,ST,25,West,CASTLE,PL,CASTLE HILL,,No,Not a school zone,Divided road,-33.731501,151.004719,The Hills,Sydney metro. area,Syd-Newc-Woll Gtr conurbation,Straight,Driveway/entrance,,,Off,Sealed,Dry,Unknown,Daylight,Nil,Ped crossing,50 km/h,Local,7,Driveway,7,Ped - driveway,,Vehicle - Pedestrian,4 wheel drive / SUV,Pedestrian,2,0,0,1,0,5,May,Autumn,Sunday,12:00 - 13:59,Midday / afternoon,False,False,True,True
1354462,Injury,Moderate Injury,2024,2024,May,Saturday,16:00 - 17:59,ROOKWOOD,RD,0,Right on the spot,BOARDMAN,ST,YAGOONA,190.0,No,Not a school zone,T-junction,-33.897042,151.037564,Canterbury-Bankstown,Sydney metro. area,Syd-Newc-Woll Gtr conurbation,Straight,,,,Nil,Sealed,Dry,Fine,Dusk,Off,No traffic controls,70 km/h,State,21,Right through,202,Opp - Right-thru,,Other angle,Car (sedan/hatch),Light truck utility(from 2018),2,0,0,1,0,5,May,Autumn,Saturday,16:00 - 17:59,PM peak / evening commute,True,False,True,True
1354464,Injury,Serious Injury,2024,2024,June,Sunday,12:00 - 13:59,OXLEY,HWY,0,Right on the spot,GODDARD,LANE,WESTDALE,11.0,No,Not a school zone,T-junction,-31.080469,150.853195,Tamworth Regional,Country non-urban,Rest of NSW - Rural,Straight,,,,Nil,Sealed,Dry,Fine,Daylight,Nil,Give way sign,100 km/h,State,21,Right through,202,Opp - Right-thru,,Other angle,Car (sedan/hatch),B-double (road train prior 98),2,0,1,0,0,6,June,Winter,Sunday,12:00 - 13:59,Midday / afternoon,False,False,True,True
1354466,Injury,Moderate Injury,2024,2024,June,Thursday,22:00 - Midnight,ASHFORD,RD,20000,South,ELY,ST,BUKKULLA,137.0,No,Not a school zone,2-way undivided,-29.491348,151.112351,Inverell,Country non-urban,Rest of NSW - Rural,Straight,,,,Nil,Sealed,Dry,Fine,Darkness,Nil,No traffic controls,100 km/h,Regional,67,Struck animal,609,On path - Hit animal,,Vehicle - Animal,4 wheel drive / SUV,,1,0,0,1,0,6,June,Winter,Thursday,22:00 - Midnight,Evening / night,False,False,True,True
1354468,Injury,Moderate Injury,2024,2024,May,Friday,16:00 - 17:59,BELMORE,RD,0,Right on the spot,SOUTH WESTERN,EXP,RIVERWOOD,2050.0,No,Not a school zone,T-junction,-33.942322,151.054122,Canterbury-Bankstown,Sydney metro. area,Syd-Newc-Woll Gtr conurbation,Curved,Other bridge,,,Off,Sealed,Dry,Fine,Daylight,On,No traffic controls,50 km/h,Regional,21,Right through,202,Opp - Right-thru,,Other angle,4 wheel drive / SUV,Station wagon,2,0,0,1,1,5,May,Autumn,Friday,16:00 - 17:59,PM peak / evening commute,True,False,True,True
1354470,Injury,Moderate Injury,2024,2024,April,Thursday,06:00 - 07:59,MITCHELL,HWY,0,Right on the spot,WARREN,ST,NEVERTIRE,7.0,No,Not a school zone,X-intersection,-31.83855,147.71904,Warren,Country urban,Rest of NSW - Urban,Straight,,,,Nil,Sealed,Dry,Fine,Daylight,Nil,Give way sign,60 km/h,State,10,Cross traffic,101,Adj - Cross traffic,,Right angle,Light truck utility(from 2018),Large rigid,2,0,0,1,0,4,April,Autumn,Thursday,06:00 - 07:59,AM peak / school commute,True,False,True,True
1354471,Injury,Serious Injury,2024,2024,January,Sunday,14:00 - 15:59,COPETON DAM,RD,3000,North,ONUS,RD,GUM FLAT,,No,Not a school zone,2-way undivided,-29.80751,150.91934,Inverell,Country non-urban,Rest of NSW - Rural,Curved,,,,Nil,Sealed,Dry,Fine,Daylight,Nil,No traffic controls,100 km/h,Local,85,Off rt/lft bnd=>obj,804,Off left bend into obj,Right,Vehicle - Object,Motorcycle,,1,0,1,0,0,1,January,Summer,Sunday,14:00 - 15:59,Midday / afternoon,False,False,True,True
1354472,Injury,Moderate Injury,2024,2024,May,Tuesday,06:00 - 07:59,FOREST,RD,0,Right on the spot,NUMBER 617-621,HN,BEXLEY,168.0,No,Not a school zone,2-way undivided,-33.956093,151.118461,Bayside,Sydney metro. area,Syd-Newc-Woll Gtr conurbation,Straight,,,,Off,Sealed,Dry,Fine,Daylight,Nil,No traffic controls,60 km/h,State,73,Off rd rght => obj,704,Right off cway into obj,,Vehicle - Object,Large rigid,,1,0,0,1,0,5,May,Autumn,Tuesday,06:00 - 07:59,AM peak / school commute,True,False,True,True
1354473,Injury,Serious Injury,2024,2024,April,Sunday,18:00 - 19:59,FRIPP,ST,0,Right on the spot,WOLLONGONG,RD,ARNCLIFFE,,No,Not a school zone,T-junction,-33.939104,151.137065,Bayside,Sydney metro. area,Syd-Newc-Woll Gtr conurbation,Straight,Steep grade,,,On,Sealed,Dry,Fine,Dusk,Nil,Stop sign,60 km/h,Local,32,Right rear,303,Same - Rear right,,Rear end,4 wheel drive / SUV,Motor scooter,2,0,1,0,0,4,April,Autumn,Sunday,18:00 - 19:59,PM peak / evening commute,True,False,True,True
1354480,Injury,Serious Injury,2024,2024,May,Saturday,12:00 - 13:59,VICTORIA,RD,20,East,TENNYSON,RD,GLADESVILLE,165.0,No,Not a school zone,Divided road,-33.822685,151.12195,Ryde,Sydney metro. area,Syd-Newc-Woll Gtr conurbation,Straight,,,,Nil,Sealed,Dry,Fine,Daylight,Nil,No traffic controls,60 km/h,State,74,On road-out of cont.,705,Out of control on cway,,Rollover,Motorcycle,,1,0,1,0,0,5,May,Autumn,Saturday,12:00 - 13:59,Midday / afternoon,False,False,True,True
1354481,Injury,Serious Injury,2024,2024,May,Saturday,22:00 - Midnight,BLAXCELL,ST,0,Right on the spot,NUMBER 4,HN,GRANVILLE,,No,Not a school zone,2-way undivided,-33.836664,151.011528,Cumberland,Sydney metro. area,Syd-Newc-Woll Gtr conurbation,Straight,,,,On,Sealed,Dry,Fine,Darkness,Nil,No traffic controls,50 km/h,Local,90,Fell in/from vehicle,901,Fell in/from vehicle,,Person - Object,4 wheel drive / SUV,,1,0,1,0,0,5,May,Autumn,Saturday,22:00 - Midnight,Evening / night,False,False,True,True
1354482,Injury,Moderate Injury,2024,2024,May,Wednesday,16:00 - 17:59,MEMORIAL,AVE,0,Right on the spot,ARNOLD,AVE,KELLYVILLE,642.0,No,Not a school zone,T-junction,-33.717779,150.954659,The Hills,Sydney metro. area,Syd-Newc-Woll Gtr conurbation,Curved,,,,Unknown / not stated,Sealed,Dry,Fine,Darkness,Nil,No traffic controls,40 km/h,State,11,Right far,102,Adj - Right-thru from left,,Right angle,Car (sedan/hatch),Car (sedan/hatch),2,0,0,1,0,5,May,Autumn,Wednesday,16:00 - 17:59,PM peak / evening commute,True,False,True,True
1354483,Injury,Serious Injury,2024,2024,March,Monday,10:00 - 11:59,KURMOND,RD,0,Right on the spot,TENNYSON,RD,NORTH RICHMOND,,No,Not a school zone,T-junction,-33.55419,150.726498,Hawkesbury,Country urban,Syd-Newc-Woll Gtr conurbation,Straight,,,,Off,Sealed,Dry,Fine,Daylight,Nil,Give way sign,80 km/h,Local,13,Right near,104,Adj - Right-thru from right,,Right angle,4 wheel drive / SUV,Pedal cycle,2,0,1,0,0,3,March,Autumn,Monday,10:00 - 11:59,Midday / afternoon,False,False,True,True
1354484,Injury,Serious Injury,2024,2024,March,Friday,14:00 - 15:59,WESTERN,EXP,15,West,CUMBERLAND HIGHWAY,TO,GREYSTANES,6004.0,No,Not a school zone,Dual freeway,-33.814647,150.957691,Cumberland,Sydney metro. area,Syd-Newc-Woll Gtr conurbation,Straight,,,,Off,Sealed,Dry,Fine,Daylight,Nil,No traffic controls,90 km/h,State,71,Off rd left => obj,703,Left off cway into object,,Vehicle - Object,Large rigid,,2,0,1,0,0,3,March,Autumn,Friday,14:00 - 15:59,Midday / afternoon,False,False,True,True
1354485,Injury,Moderate Injury,2024,2024,May,Tuesday,14:00 - 15:59,MURRINGO,RD,4000,West,SWAMP,RD,YOUNG,241.0,No,Not a school zone,2-way undivided,-34.32525,148.4572,Hilltops,Country non-urban,Rest of NSW - Rural,Curved,Ditch/drain/culvert,,,Nil,Sealed,Dry,Fine,Daylight,Nil,No traffic controls,100 km/h,Regional,83,Off rt/rt bnd=>obj,803,Off right bend into obj,Right,Vehicle - Object,4 wheel drive / SUV,,1,0,0,1,0,5,May,Autumn,Tuesday,14:00 - 15:59,Midday / afternoon,False,False,True,True
1354486,Injury,Serious Injury,2024,2024,January,Friday,00:01 - 01:59,MCCARRS CREEK,RD,480,South,GENERAL SAN MARTIN,DR,KU-RING-GAI CHASE,174.0,No,Not a school zone,2-way undivided,-33.670511,151.234432,Northern Beaches,Sydney metro. area,Syd-Newc-Woll Gtr conurbation,Curved,Painted double centre lines,,,Nil,Sealed,Dry,Fine,Darkness,Nil,No traffic controls,60 km/h,State,20,Head on,201,Opp - Head on,,Head-on,Motorcycle,Car (sedan/hatch),2,0,1,1,0,1,January,Summer,Friday,00:01 - 01:59,Late night / early morning,False,False,True,True
1354488,Injury,Serious Injury,2024,2024,January,Saturday,10:00 - 11:59,CENTRAL COAST,HWY,0,Right on the spot,SWADLING,ST,LONG JETTY,30.0,No,Not a school zone,T-junction,-33.361409,151.481881,Central Coast,Country urban,Syd-Newc-Woll Gtr conurbation,Straight,,,,Off,Sealed,Dry,Fine,Daylight,On,No traffic controls,50 km/h,State,21,Right through,202,Opp - Right-thru,,Other angle,4 wheel drive / SUV,Motorcycle,2,0,1,0,0,1,January,Summer,Saturday,10:00 - 11:59,Midday / afternoon,False,False,True,True
1354489,Injury,Moderate Injury,2024,2024,March,Saturday,12:00 - 13:59,BUNDEENA,DR,3600,North,SIR BERTRAM STEVENS,DR,ROYAL NATIONAL PARK,,No,Not a school zone,2-way undivided,-34.10248,151.094246,Sutherland,Sydney metro. area,Syd-Newc-Woll Gtr conurbation,Curved,Steep grade,,,Nil,Sealed,Dry,Fine,Daylight,Nil,No traffic controls,80 km/h,Local,81,Off left/rt bnd=>obj,803,Off right bend into obj,Left,Vehicle - Object,Station wagon,,1,0,0,1,0,3,March,Autumn,Saturday,12:00 - 13:59,Midday / afternoon,False,False,True,True
1354495,Injury,Moderate Injury,2024,2024,June,Tuesday,16:00 - 17:59,PACIFIC,HWY,0,Right on the spot,BERYL,ST,COFFS HARBOUR,10.0,No,Not a school zone,T-junction,-30.29269,153.117221,Coffs Harbour,Country urban,Rest of NSW - Urban,Straight,,,,On,Sealed,Dry,Fine,Daylight,On,No traffic controls,60 km/h,State,21,Right through,202,Opp - Right-thru,,Other angle,Light truck utility(from 2018),Car (sedan/hatch),2,0,0,1,1,6,June,Winter,Tuesday,16:00 - 17:59,PM peak / evening commute,True,False,True,True
1354496,Injury,Moderate Injury,2024,2024,June,Saturday,10:00 - 11:59,NEW ENGLAND,HWY,5500,North,MOONBI LOOKOUT,RD,BENDEMEER,9.0,No,Not a school zone,2-way undivided,-30.930578,151.121388,Tamworth Regional,Country non-urban,Rest of NSW - Rural,Curved,Steep grade,,,Nil,Sealed,Wet,Raining,Daylight,Nil,No traffic controls,100 km/h,State,20,Head on,201,Opp - Head on,,Head-on,Car (sedan/hatch),4 wheel drive / SUV,3,0,0,3,0,6,June,Winter,Saturday,10:00 - 11:59,Midday / afternoon,False,False,True,True