crash_id,degree_of_crash,degree_of_crash_-_detailed,reporting_year,year_of_crash,month_of_crash,day_of_week_of_crash,two-hour_intervals,street_of_crash,street_type,distance,direction,identifying_feature,identifying_feature_type,town,route_no.,school_zone_location,school_zone_active,type_of_location,latitude,longitude,lga,urbanisation,conurbation_1,alignment,primary_permanent_feature,primary_temporary_feature,primary_hazardous_feature,street_lighting,road_surface,surface_condition,weather,natural_lighting,signals_operation,other_traffic_control,speed_limit,road_classification_(admin),rum_-_code,rum_-_description,dca_-_code,dca_-_description,dca_supplement,first_impact_type,key_tu_type,other_tu_type,no._of_traffic_units_involved,no._killed,no._seriously_injured,no._moderately_injured,no._minor-other_injured,month_num,month_label,season,day_label,time_label,time_band,is_peak_commute,is_fatal,is_injury,is_casualty
1354499,Injury,Serious Injury,2024,2024,March,Monday,10:00 - 11:59,HUME,HWY,240,North,DRAPERS ROAD,OP,BRAEMAR,2.0,No,Not a school zone,Dual freeway,-34.421833,150.477785,Wingecarribee,Country non-urban,Rest of NSW - Rural,Straight,Steep grade,,,Nil,Sealed,Dry,Fine,Daylight,Nil,No traffic controls,110 km/h,State,30,Rear end,301,Same - Rear end,,Rear end,Semi-trailer,Car (sedan/hatch),3,0,2,2,0,3,March,Autumn,Monday,10:00 - 11:59,Midday / afternoon,False,False,True,True
1354501,Injury,Serious Injury,2024,2024,April,Wednesday,22:00 - Midnight,COLEMAN,ST,0,Right on the spot,HILLTOP,ST,MERRYLANDS,,No,Not a school zone,Roundabout,-33.825884,150.97958,Cumberland,Sydney metro. area,Syd-Newc-Woll Gtr conurbation,Straight,,,,Off,Sealed,Dry,Fine,Darkness,Nil,Give way sign,50 km/h,Local,49,Other manoeuvring,400,Manov - other,,Other angle,Pedal cycle,Unknown motor vehicle,2,0,1,0,0,4,April,Autumn,Wednesday,22:00 - Midnight,Evening / night,False,False,True,True
1354505,Injury,Serious Injury,2024,2024,April,Thursday,18:00 - 19:59,PEEL,ST,0,Right on the spot,WHITE,ST,TAMWORTH,,No,Not a school zone,Roundabout,-31.093287,150.93233,Tamworth Regional,Country urban,Rest of NSW - Urban,Straight,,,,On,Sealed,Dry,Fine,Dusk,Nil,Give way sign,40 km/h,Local,74,On road-out of cont.,705,Out of control on cway,,Rollover,Motorcycle,,1,0,1,0,0,4,April,Autumn,Thursday,18:00 - 19:59,PM peak / evening commute,True,False,True,True
1354506,Injury,Moderate Injury,2024,2024,April,Monday,14:00 - 15:59,GREAT WESTERN,HWY,20,West,CUMBERLAND,HWY,WENTWORTHVILLE,5.0,No,Not a school zone,Divided road,-33.814309,150.964314,Cumberland,Sydney metro. area,Syd-Newc-Woll Gtr conurbation,Straight,,,,Nil,Sealed,Dry,Fine,Daylight,Nil,No traffic controls,80 km/h,State,34,Lane change right,306,Same - Lane change right,,Other angle,Large rigid,Car (sedan/hatch),2,0,0,1,0,4,April,Autumn,Monday,14:00 - 15:59,Midday / afternoon,False,False,True,True
1354507,Injury,Serious Injury,2024,2024,March,Wednesday,18:00 - 19:59,STONEY CREEK,RD,0,Right on the spot,NUMBER 16,HN,BEXLEY,665.0,No,Not a school zone,2-way undivided,-33.949952,151.125126,Bayside,Sydney metro. area,Syd-Newc-Woll Gtr conurbation,Straight,,,,Nil,Sealed,Dry,Fine,Daylight,Nil,No traffic controls,60 km/h,State,30,Rear end,301,Same - Rear end,,Rear end,Motorcycle,Car (sedan/hatch),2,0,1,0,0,3,March,Autumn,Wednesday,18:00 - 19:59,PM peak / evening commute,True,False,True,True
1354513,Injury,Serious Injury,2024,2024,May,Thursday,20:00 - 21:59,STONEY CREEK,RD,20,East,SMITHS,AVE,KINGSGROVE,665.0,Yes,No,2-way undivided,-33.95016,151.098798,Georges River,Sydney metro. area,Syd-Newc-Woll Gtr conurbation,Straight,,,,On,Sealed,Wet,Raining,Darkness,Nil,No traffic controls,60 km/h,State,74,On road-out of cont.,705,Out of control on cway,,Rollover,Motorcycle,,1,0,1,0,0,5,May,Autumn,Thursday,20:00 - 21:59,Evening / night,False,False,True,True
1354514,Injury,Serious Injury,2024,2024,May,Sunday,12:00 - 13:59,COOK,ST,10,South,ORCHARD,ST,BAULKHAM HILLS,7143.0,No,Not a school zone,Roundabout,-33.763721,150.997953,The Hills,Sydney metro. area,Syd-Newc-Woll Gtr conurbation,Straight,Steep grade,,,Off,Sealed,Dry,Fine,Daylight,Nil,No traffic controls,50 km/h,Regional,20,Head on,201,Opp - Head on,,Head-on,Car (sedan/hatch),Car (sedan/hatch),2,0,2,2,0,5,May,Autumn,Sunday,12:00 - 13:59,Midday / afternoon,False,False,True,True
1354516,Injury,Moderate Injury,2024,2024,May,Thursday,18:00 - 19:59,HARBORD,RD,0,Right on the spot,WINBOURNE,RD,NORTH CURL CURL,7343.0,Yes,No,T-junction,-33.76306,151.279927,Northern Beaches,Sydney metro. area,Syd-Newc-Woll Gtr conurbation,Straight,,,,On,Sealed,Dry,Fine,Darkness,On,No traffic controls,60 km/h,Regional,21,Right through,202,Opp - Right-thru,,Other angle,4 wheel drive / SUV,Motorcycle,2,0,0,1,0,5,May,Autumn,Thursday,18:00 - 19:59,PM peak / evening commute,True,False,True,True
1354518,Injury,Serious Injury,2024,2024,February,Wednesday,10:00 - 11:59,MEDOWIE,RD,310,North,BROCKLESBY,RD,MEDOWIE,518.0,No,Not a school zone,2-way undivided,-32.750112,151.869084,Port Stephens,Country urban,Rest of NSW - Urban,Straight,Driveway/entrance,,,Nil,Sealed,Dry,Fine,Daylight,Nil,No traffic controls,80 km/h,Regional,32,Right rear,303,Same - Rear right,,Rear end,Car (sedan/hatch),4 wheel drive / SUV,2,0,2,0,0,2,February,Summer,Wednesday,10:00 - 11:59,Midday / afternoon,False,False,True,True
1354519,Injury,Moderate Injury,2024,2024,April,Tuesday,00:01 - 01:59,HUME,HWY,500,North,OLD SOUTH,RD,YARRA,2.0,No,Not a school zone,Divided road,-34.788102,149.644379,Goulburn Mulwaree,Country non-urban,Rest of NSW - Rural,Straight,Ditch/drain/culvert,,,Nil,Sealed,Dry,Fine,Darkness,Nil,No traffic controls,110 km/h,State,73,Off rd rght => obj,704,Right off cway into obj,,Vehicle - Object,Car (sedan/hatch),,1,0,0,1,0,4,April,Autumn,Tuesday,00:01 - 01:59,Late night / early morning,False,False,True,True
1354523,Injury,Moderate Injury,2024,2024,May,Monday,00:01 - 01:59,BYLONG VALLEY,WAY,625,North,LARGES,LANE,KANDOS,215.0,No,Not a school zone,2-way undivided,-32.842817,149.971646,Mid-Western Regional,Country non-urban,Rest of NSW - Rural,Straight,Driveway/entrance,,,Nil,Sealed,Dry,Fine,Darkness,Nil,No traffic controls,100 km/h,Regional,32,Right rear,303,Same - Rear right,,Rear end,Car (sedan/hatch),Car (sedan/hatch),3,0,0,1,0,5,May,Autumn,Monday,00:01 - 01:59,Late night / early morning,False,False,True,True
1354527,Injury,Minor/Other Injury,2024,2024,May,Thursday,16:00 - 17:59,BARAGOOT,RD,0,Right on the spot,WATTLE,RD,FLINDERS,,No,Not a school zone,Roundabout,-34.577894,150.850974,Shellharbour,Wollongong met. area,Syd-Newc-Woll Gtr conurbation,Straight,,,,Unknown / not stated,Sealed,Dry,Fine,Dusk,Nil,Give way sign,60 km/h,Local,30,Rear end,301,Same - Rear end,,Rear end,4 wheel drive / SUV,Car (sedan/hatch),2,0,0,0,1,5,May,Autumn,Thursday,16:00 - 17:59,PM peak / evening commute,True,False,True,True
1354528,Injury,Serious Injury,2024,2024,June,Friday,12:00 - 13:59,RAILWAY,TCE,0,Right on the spot,CLAREMONT,ST,MERRYLANDS,7106.0,Yes,No,T-junction,-33.840707,150.990813,Cumberland,Sydney metro. area,Syd-Newc-Woll Gtr conurbation,Curved,,,,Off,Sealed,Dry,Overcast,Daylight,Nil,No traffic controls,50 km/h,Regional,2,Ped far side,3,Ped - Far side,,Vehicle - Pedestrian,Car (sedan/hatch),Pedestrian,2,0,1,0,0,6,June,Winter,Friday,12:00 - 13:59,Midday / afternoon,False,False,True,True
1354529,Injury,Moderate Injury,2024,2024,June,Sunday,20:00 - 21:59,ELIZABETH,DR,0,Right on the spot,COWPASTURE,RD,CECIL HILLS,535.0,No,Not a school zone,X-intersection,-33.883517,150.864722,Fairfield,Sydney metro. area,Syd-Newc-Woll Gtr conurbation,Straight,,,,On,Sealed,Dry,Fine,Darkness,On,No traffic controls,70 km/h,State,21,Right through,202,Opp - Right-thru,,Other angle,4 wheel drive / SUV,Car (sedan/hatch),2,0,0,2,1,6,June,Winter,Sunday,20:00 - 21:59,Evening / night,False,False,True,True
1354533,Injury,Moderate Injury,2024,2024,June,Wednesday,02:00 - 03:59,MULBRING,ST,0,Right on the spot,WALLSEND,ST,STANFORD MERTHYR,588.0,No,Not a school zone,T-junction,-32.827917,151.490663,Cessnock,Country urban,Rest of NSW - Urban,Straight,,,,On,Sealed,Dry,Fine,Darkness,Nil,No traffic controls,60 km/h,State,73,Off rd rght => obj,704,Right off cway into obj,,Vehicle - Object,4 wheel drive / SUV,,1,0,0,1,0,6,June,Winter,Wednesday,02:00 - 03:59,Late night / early morning,False,False,True,True
1354534,Injury,Serious Injury,2024,2024,May,Tuesday,10:00 - 11:59,DURHAM,RD,0,Right on the spot,HOBART,RD,LAMBTON,,No,Not a school zone,X-intersection,-32.916963,151.711536,Newcastle,Newcastle met. area,Syd-Newc-Woll Gtr conurbation,Straight,,,,Off,Sealed,Dry,Fine,Daylight,On,No traffic controls,50 km/h,Local,21,Right through,202,Opp - Right-thru,,Other angle,Car (sedan/hatch),Pedal cycle,2,0,1,0,0,5,May,Autumn,Tuesday,10:00 - 11:59,Midday / afternoon,False,False,True,True
1354536,Injury,Moderate Injury,2024,2024,January,Sunday,20:00 - 21:59,MULLINS CREEK,RD,15,South,GURRUNDAH,RD,GURRUNDAH,,No,Not a school zone,2-way undivided,-34.703844,149.447728,Upper Lachlan,Country non-urban,Rest of NSW - Rural,Straight,Ditch/drain/culvert,,,Nil,Sealed,Dry,Fine,Darkness,Nil,No traffic controls,100 km/h,Local,71,Off rd left => obj,703,Left off cway into object,,Vehicle - Object,Light truck utility(from 2018),,1,0,0,1,0,1,January,Summer,Sunday,20:00 - 21:59,Evening / night,False,False,True,True
1354537,Injury,Serious Injury,2024,2024,February,Saturday,14:00 - 15:59,GARDENERS,RD,0,Right on the spot,DUNNING,AVE,ROSEBERY,183.0,No,Not a school zone,T-junction,-33.922023,151.200368,Sydney,Sydney metro. area,Syd-Newc-Woll Gtr conurbation,Straight,,,,On,Sealed,Dry,Fine,Daylight,Nil,Give way sign,60 km/h,State,21,Right through,202,Opp - Right-thru,,Other angle,Car (sedan/hatch),Station wagon,2,0,1,0,0,2,February,Summer,Saturday,14:00 - 15:59,Midday / afternoon,False,False,True,True
1354538,Injury,Moderate Injury,2024,2024,April,Tuesday,20:00 - 21:59,ILLAWARRA,RD,0,Right on the spot,MARRICKVILLE,RD,MARRICKVILLE,2021.0,No,Not a school zone,X-intersection,-33.91055,151.156395,Inner West,Sydney metro. area,Syd-Newc-Woll Gtr conurbation,Straight,,,,On,Sealed,Dry,Fine,Darkness,On,No traffic controls,40 km/h,Regional,2,Ped far side,3,Ped - Far side,,Vehicle - Pedestrian,Other bus,Pedestrian,2,0,0,1,0,4,April,Autumn,Tuesday,20:00 - 21:59,Evening / night,False,False,True,True
1354539,Injury,Serious Injury,2024,2024,April,Sunday,20:00 - 21:59,KAMARAH,RD,1000,North,OAKLANDS,RD,LANDERVALE,,No,Not a school zone,2-way undivided,-34.527062,146.690408,Narrandera,Country non-urban,Rest of NSW - Rural,Straight,Steep grade,,,Nil,Sealed,Dry,Fine,Darkness,Nil,No traffic controls,100 km/h,Local,67,Struck animal,609,On path - Hit animal,,Vehicle - Animal,Light truck utility(from 2018),,1,0,2,1,0,4,April,Autumn,Sunday,20:00 - 21:59,Evening / night,False,False,True,True
1354541,Injury,Serious Injury,2024,2024,May,Friday,22:00 - Midnight,REGENT,ST,20,North,MEAGHER,ST,CHIPPENDALE,170.0,No,Not a school zone,2-way undivided,-33.887527,151.201565,Sydney,Sydney metro. area,Syd-Newc-Woll Gtr conurbation,Straight,,,,Unknown / not stated,Sealed,Unknown,Unknown,Darkness,Nil,No traffic controls,50 km/h,State,0,Ped nearside,1,Ped - Near side,,Vehicle - Pedestrian,Car (sedan/hatch),Pedestrian,2,0,1,0,0,5,May,Autumn,Friday,22:00 - Midnight,Evening / night,False,False,True,True
1354543,Injury,Serious Injury,2024,2024,April,Sunday,12:00 - 13:59,COBB,HWY,0,Right on the spot,JEFFERSON,ST,DENILIQUIN,21.0,No,Not a school zone,T-junction,-35.526728,144.974277,Edward River,Country urban,Rest of NSW - Urban,Straight,B'down lane/road shldr,,,Nil,Sealed,Dry,Fine,Daylight,Nil,No traffic controls,50 km/h,State,71,Off rd left => obj,703,Left off cway into object,,Other angle,Light truck utility(from 2018),Light truck utility(from 2018),2,0,1,0,0,4,April,Autumn,Sunday,12:00 - 13:59,Midday / afternoon,False,False,True,True
1354547,Injury,Minor/Other Injury,2024,2024,May,Tuesday,14:00 - 15:59,FULLERS,RD,0,Right on the spot,VIEW,ST,CHATSWOOD,191.0,No,Not a school zone,T-junction,-33.79574,151.176757,Willoughby,Sydney metro. area,Syd-Newc-Woll Gtr conurbation,Curved,,,,Unknown / not stated,Sealed,Dry,Fine,Daylight,Nil,Give way sign,50 km/h,State,21,Right through,202,Opp - Right-thru,,Other angle,Car (sedan/hatch),Station wagon,2,0,0,0,1,5,May,Autumn,Tuesday,14:00 - 15:59,Midday / afternoon,False,False,True,True
1354549,Injury,Moderate Injury,2024,2024,April,Monday,06:00 - 07:59,ALBERT,ST,0,Right on the spot,NUDJIA,RD,UNANDERRA,,No,Not a school zone,T-junction,-34.452659,150.844652,Wollongong,Wollongong met. area,Syd-Newc-Woll Gtr conurbation,Straight,,,,Off,Sealed,Dry,Fine,Daylight,Nil,No traffic controls,50 km/h,Local,74,On road-out of cont.,705,Out of control on cway,,Rollover,Pedal cycle,,1,0,0,1,0,4,April,Autumn,Monday,06:00 - 07:59,AM peak / school commute,True,False,True,True
1354551,Injury,Minor/Other Injury,2024,2024,May,Thursday,12:00 - 13:59,ALLANDALE,RD,0,Right on the spot,NUMBER 67,HN,CESSNOCK,220.0,No,Not a school zone,2-way undivided,-32.825134,151.353176,Cessnock,Country urban,Rest of NSW - Urban,Straight,Driveway/entrance,,,Unknown / not stated,Sealed,Dry,Fine,Daylight,Nil,No traffic controls,60 km/h,State,32,Right rear,303,Same - Rear right,,Rear end,Light truck,Car (sedan/hatch),2,0,0,0,1,5,May,Autumn,Thursday,12:00 - 13:59,Midday / afternoon,False,False,True,True
1354553,Injury,Serious Injury,2024,2024,April,Monday,14:00 - 15:59,STURT,HWY,1380,West,KINGS,RD,GALORE,14.0,No,Not a school zone,2-way undivided,-35.005956,146.834008,Wagga Wagga,Country non-urban,Rest of NSW - Rural,Straight,Ditch/drain/culvert,,,Nil,Sealed,Dry,Fine,Daylight,Nil,No traffic controls,100 km/h,State,70,Off road to left,701,Off carriageway to left,,Rollover,Motorcycle,,1,0,1,0,0,4,April,Autumn,Monday,14:00 - 15:59,Midday / afternoon,False,False,True,True
1354557,Injury,Minor/Other Injury,2024,2024,June,Thursday,08:00 - 09:59,PUNCHBOWL,RD,100,North,THE BOULEVARD,MS,PUNCHBOWL,549.0,No,Not a school zone,2-way undivided,-33.925078,151.055548,Canterbury-Bankstown,Sydney metro. area,Syd-Newc-Woll Gtr conurbation,Straight,,,,Unknown / not stated,Sealed,Dry,Fine,Daylight,Nil,No traffic controls,60 km/h,State,30,Rear end,301,Same - Rear end,,Rear end,Light truck utility(from 2018),Car (sedan/hatch),3,0,0,0,1,6,June,Winter,Thursday,08:00 - 09:59,AM peak / school commute,True,False,True,True
1354560,Injury,Minor/Other Injury,2024,2024,June,Friday,12:00 - 13:59,WEST BOTANY,ST,50,South,LYNWEN,CRES,BANKSIA,2032.0,No,Not a school zone,2-way undivided,-33.946285,151.15028,Bayside,Sydney metro. area,Syd-Newc-Woll Gtr conurbation,Straight,,,,Off,Sealed,Dry,Fine,Daylight,Nil,No traffic controls,60 km/h,Regional,30,Rear end,301,Same - Rear end,,Rear end,Car (sedan/hatch),4 wheel drive / SUV,2,0,0,0,1,6,June,Winter,Friday,12:00 - 13:59,Midday / afternoon,False,False,True,True
1354563,Injury,Moderate Injury,2024,2024,April,Monday,12:00 - 13:59,BELMORE RIVER LEFT BANK,RD,0,Right on the spot,NUMBER 214,HN,BELMORE RIVER,,No,Not a school zone,2-way undivided,-31.04343,152.962492,Kempsey,Country urban,Rest of NSW - Urban,Curved,,,,Unknown / not stated,Sealed,Dry,Fine,Daylight,Nil,No traffic controls,80 km/h,Local,85,Off rt/lft bnd=>obj,804,Off left bend into obj,Right,Vehicle - Object,4 wheel drive / SUV,,1,0,0,1,0,4,April,Autumn,Monday,12:00 - 13:59,Midday / afternoon,False,False,True,True
1354567,Injury,Moderate Injury,2024,2024,June,Monday,18:00 - 19:59,CENTRAL COAST,HWY,0,Right on the spot,OLEANDER,ST,NORAH HEAD,30.0,No,Not a school zone,T-junction,-33.275334,151.558255,Central Coast,Country urban,Syd-Newc-Woll Gtr conurbation,Straight,,,,Unknown / not stated,Sealed,Dry,Fine,Darkness,Nil,Stop sign,60 km/h,State,13,Right near,104,Adj - Right-thru from right,,Right angle,Car (sedan/hatch),Car (sedan/hatch),2,0,0,2,0,6,June,Winter,Monday,18:00 - 19:59,PM peak / evening commute,True,False,True,True
1354570,Injury,Moderate Injury,2024,2024,June,Sunday,14:00 - 15:59,NEWCASTLE,EXP,250,South,SPARKS ROAD,OP,JILLIBY,6003.0,No,Not a school zone,Dual freeway,-33.230487,151.420669,Central Coast,Country non-urban,Syd-Newc-Woll Gtr conurbation,Straight,,,,Unknown / not stated,Sealed,Dry,Fine,Daylight,Nil,No traffic controls,110 km/h,State,35,Lane change left,307,Same - Lane change left,,Other angle,Passenger van,Car (sedan/hatch),2,0,0,1,0,6,June,Winter,Sunday,14:00 - 15:59,Midday / afternoon,False,False,True,True
1354571,Injury,Moderate Injury,2024,2024,May,Tuesday,04:00 - 05:59,SIDLOW,RD,0,Right on the spot,STAFFORD,RD,GRIFFITH,,No,Not a school zone,X-intersection,-34.301594,146.038548,Griffith,Country urban,Rest of NSW - Urban,Straight,,,,Unknown / not stated,Sealed,Dry,Fine,Dawn,Nil,Stop sign,80 km/h,Local,10,Cross traffic,101,Adj - Cross traffic,,Right angle,4 wheel drive / SUV,Car (sedan/hatch),2,0,0,1,0,5,May,Autumn,Tuesday,04:00 - 05:59,Late night / early morning,False,False,True,True
1354572,Injury,Minor/Other Injury,2024,2024,June,Saturday,04:00 - 05:59,WESTERN,EXP,100,East,PROSPECT HIGHWAY,OP,PROSPECT,6004.0,No,Not a school zone,Dual freeway,-33.805686,150.917033,Blacktown,Sydney metro. area,Syd-Newc-Woll Gtr conurbation,Straight,,,,Unknown / not stated,Sealed,Wet,Raining,Darkness,Nil,No traffic controls,100 km/h,State,39,Other same direction,300,Same - other,,Other angle,4 wheel drive / SUV,Car (sedan/hatch),2,0,0,0,1,6,June,Winter,Saturday,04:00 - 05:59,Late night / early morning,False,False,True,True
1354574,Injury,Minor/Other Injury,2024,2024,June,Monday,10:00 - 11:59,GREYCLIFFE,ST,0,Right on the spot,QUEENSCLIFF,RD,QUEENSCLIFF,7343.0,No,Not a school zone,T-junction,-33.783259,151.285591,Northern Beaches,Sydney metro. area,Syd-Newc-Woll Gtr conurbation,Curved,,,,Unknown / not stated,Sealed,Dry,Fine,Daylight,Nil,Give way sign,50 km/h,Regional,14,2 right turning,105,Adj - Two right turning,,Right angle,Motorcycle,Car (sedan/hatch),2,0,0,0,1,6,June,Winter,Monday,10:00 - 11:59,Midday / afternoon,False,False,True,True
1354576,Injury,Moderate Injury,2024,2024,June,Wednesday,06:00 - 07:59,BOTANY,ST,0,Right on the spot,MEEKS,ST,KINGSFORD,,No,Not a school zone,T-junction,-33.923473,151.234797,Randwick,Sydney metro. area,Syd-Newc-Woll Gtr conurbation,Straight,,,,Unknown / not stated,Sealed,Dry,Fine,Dawn,Nil,No traffic controls,50 km/h,Local,13,Right near,104,Adj - Right-thru from right,,Right angle,Car (sedan/hatch),Pedal cycle,2,0,0,1,0,6,June,Winter,Wednesday,06:00 - 07:59,AM peak / school commute,True,False,True,True
1354578,Injury,Minor/Other Injury,2024,2024,May,Friday,08:00 - 09:59,HUME,HWY,0,Right on the spot,CHAPEL,RD,BANKSTOWN,2.0,Yes,No,X-intersection,-33.906521,151.036004,Canterbury-Bankstown,Sydney metro. area,Syd-Newc-Woll Gtr conurbation,Straight,,,,Unknown / not stated,Sealed,Dry,Fine,Daylight,On,No traffic controls,60 km/h,State,30,Rear end,301,Same - Rear end,,Rear end,Car (sedan/hatch),Car (sedan/hatch),2,0,0,0,1,5,May,Autumn,Friday,08:00 - 09:59,AM peak / school commute,True,False,True,True
1354580,Injury,Minor/Other Injury,2024,2024,June,Monday,06:00 - 07:59,ALEXANDRIA,PDE,20,West,ORARA,ST,WAITARA,,No,Not a school zone,2-way undivided,-33.709424,151.103978,Hornsby,Sydney metro. area,Syd-Newc-Woll Gtr conurbation,Straight,,,,Unknown / not stated,Sealed,Dry,Fine,Daylight,Nil,No traffic controls,40 km/h,Local,30,Rear end,301,Same - Rear end,,Rear end,Car (sedan/hatch),Car (sedan/hatch),2,0,0,0,1,6,June,Winter,Monday,06:00 - 07:59,AM peak / school commute,True,False,True,True
1354584,Injury,Minor/Other Injury,2024,2024,May,Saturday,16:00 - 17:59,REDFERN,ST,0,Right on the spot,THE TRONGATE,MS,GRANVILLE,,No,Not a school zone,Roundabout,-33.84632,151.011363,Cumberland,Sydney metro. area,Syd-Newc-Woll Gtr conurbation,Straight,,,,Nil,Sealed,Dry,Fine,Dusk,Nil,Give way sign,50 km/h,Local,31,Left rear,302,Same - Rear left,,Rear end,4 wheel drive / SUV,Car (sedan/hatch),2,0,0,0,1,5,May,Autumn,Saturday,16:00 - 17:59,PM peak / evening commute,True,False,True,True
1354588,Injury,Moderate Injury,2024,2024,March,Sunday,08:00 - 09:59,PRINCES,HWY,600,North,ROSE VALLEY ROAD,OP,GERRINGONG,1.0,No,Not a school zone,Divided road,-34.716414,150.832361,Kiama,Country non-urban,Rest of NSW - Rural,Straight,Steep grade,,,Nil,Sealed,Wet,Raining,Daylight,Nil,No traffic controls,100 km/h,State,71,Off rd left => obj,703,Left off cway into object,,Vehicle - Object,Car (sedan/hatch),,1,0,0,1,0,3,March,Autumn,Sunday,08:00 - 09:59,AM peak / school commute,True,False,True,True
1354592,Injury,Minor/Other Injury,2024,2024,June,Friday,16:00 - 17:59,EASTERN DISTRIBUTOR,EXP,150,South,TUNNEL,ENT,SURRY HILLS,6007.0,No,Not a school zone,Dual freeway,-33.887979,151.217737,Sydney,Sydney metro. area,Syd-Newc-Woll Gtr conurbation,Straight,,,,Unknown / not stated,Sealed,Wet,Raining,Daylight,Nil,No traffic controls,80 km/h,State,30,Rear end,301,Same - Rear end,,Rear end,Car (sedan/hatch),Car (sedan/hatch),2,0,0,0,1,6,June,Winter,Friday,16:00 - 17:59,PM peak / evening commute,True,False,True,True
1354597,Injury,Minor/Other Injury,2024,2024,May,Saturday,18:00 - 19:59,FOREST,RD,0,Right on the spot,FREDERICK,ST,BEXLEY,168.0,No,Not a school zone,T-junction,-33.945714,151.128092,Bayside,Sydney metro. area,Syd-Newc-Woll Gtr conurbation,Straight,,,,Unknown / not stated,Sealed,Wet,Overcast,Darkness,Nil,No traffic controls,60 km/h,State,39,Other same direction,300,Same - other,,Other angle,4 wheel drive / SUV,Car (sedan/hatch),2,0,0,0,1,5,May,Autumn,Saturday,18:00 - 19:59,PM peak / evening commute,True,False,True,True
1354598,Injury,Minor/Other Injury,2024,2024,June,Thursday,22:00 - Midnight,BRUXNER,HWY,150,North,MUMMULGUM CREEK,RD,MUMMULGUM,16.0,No,Not a school zone,2-way undivided,-28.855656,152.793273,Kyogle,Country non-urban,Rest of NSW - Rural,Straight,,,,Unknown / not stated,Sealed,Dry,Fine,Darkness,Nil,No traffic controls,100 km/h,State,74,On road-out of cont.,705,Out of control on cway,,Rollover,Car (sedan/hatch),,1,0,0,0,1,6,June,Winter,Thursday,22:00 - Midnight,Evening / night,False,False,True,True
1354601,Injury,Minor/Other Injury,2024,2024,June,Sunday,12:00 - 13:59,ASH,ST,0,Right on the spot,TERRIGAL,ESP,TERRIGAL,,No,Not a school zone,T-junction,-33.448141,151.4463,Central Coast,Country urban,Syd-Newc-Woll Gtr conurbation,Straight,Steep grade,,,Unknown / not stated,Sealed,Dry,Fine,Daylight,Nil,No traffic controls,40 km/h,Local,32,Right rear,303,Same - Rear right,,Rear end,Light truck utility(from 2018),Car (sedan/hatch),2,0,0,0,1,6,June,Winter,Sunday,12:00 - 13:59,Midday / afternoon,False,False,True,True
1354603,Injury,Minor/Other Injury,2024,2024,June,Wednesday,14:00 - 15:59,PARKE,ST,50,North,WARATAH,ST,KATOOMBA,,No,Not a school zone,2-way undivided,-33.716568,150.309377,Blue Mountains,Country urban,Syd-Newc-Woll Gtr conurbation,Straight,,,,Unknown / not stated,Sealed,Dry,Fine,Daylight,Nil,No traffic controls,50 km/h,Local,30,Rear end,301,Same - Rear end,,Rear end,4 wheel drive / SUV,Car (sedan/hatch),2,0,0,0,1,6,June,Winter,Wednesday,14:00 - 15:59,Midday / afternoon,False,False,True,True
1354604,Injury,Minor/Other Injury,2024,2024,June,Sunday,10:00 - 11:59,GARDENERS,RD,0,Right on the spot,GENERAL BRIDGES,CRES,KINGSFORD,183.0,No,Not a school zone,X-intersection,-33.925086,151.226605,Randwick,Sydney metro. area,Syd-Newc-Woll Gtr conurbation,Straight,,,,Unknown / not stated,Sealed,Dry,Fine,Daylight,On,No traffic controls,60 km/h,State,10,Cross traffic,101,Adj - Cross traffic,,Right angle,Car (sedan/hatch),Light truck utility(from 2018),2,0,0,0,1,6,June,Winter,Sunday,10:00 - 11:59,Midday / afternoon,False,False,True,True
1354609,Injury,Moderate Injury,2024,2024,June,Tuesday,16:00 - 17:59,SOUTH WESTERN,EXP,0,Right on the spot,HEATHCOTE ROAD,OP,WATTLE GROVE,512.0,No,Not a school zone,Dual freeway,-33.94212,150.942327,Liverpool,Sydney metro. area,Syd-Newc-Woll Gtr conurbation,Straight,,,,Unknown / not stated,Sealed,Wet,Fine,Daylight,Nil,No traffic controls,100 km/h,State,30,Rear end,301,Same - Rear end,,Rear end,Light truck utility(from 2018),Car (sedan/hatch),2,0,0,1,0,6,June,Winter,Tuesday,16:00 - 17:59,PM peak / evening commute,True,False,True,True
1354612,Injury,Moderate Injury,2024,2024,April,Tuesday,14:00 - 15:59,LACHLAN VALLEY,WAY,5000,South,CLEAR HILLS,LANE,GODFREYS CREEK,56.0,No,Not a school zone,2-way undivided,-34.186402,148.694085,Hilltops,Country non-urban,Rest of NSW - Rural,Straight,,,,Unknown / not stated,Sealed,Dry,Overcast,Daylight,Nil,No traffic controls,100 km/h,State,20,Head on,201,Opp - Head on,,Head-on,4 wheel drive / SUV,Road train,5,0,0,1,0,4,April,Autumn,Tuesday,14:00 - 15:59,Midday / afternoon,False,False,True,True
1354613,Injury,Minor/Other Injury,2024,2024,May,Sunday,14:00 - 15:59,MARSH,ST,0,Right on the spot,SOUTH WESTERN,EXP,ARNCLIFFE,168.0,No,Not a school zone,T-junction,-33.937697,151.152862,Bayside,Sydney metro. area,Syd-Newc-Woll Gtr conurbation,Straight,,,,Off,Sealed,Dry,Fine,Daylight,Off,No traffic controls,60 km/h,State,32,Right rear,303,Same - Rear right,,Rear end,Car (sedan/hatch),4 wheel drive / SUV,2,0,0,0,1,5,May,Autumn,Sunday,14:00 - 15:59,Midday / afternoon,False,False,True,True