crash_id,degree_of_crash,degree_of_crash_-_detailed,reporting_year,year_of_crash,month_of_crash,day_of_week_of_crash,two-hour_intervals,street_of_crash,street_type,distance,direction,identifying_feature,identifying_feature_type,town,route_no.,school_zone_location,school_zone_active,type_of_location,latitude,longitude,lga,urbanisation,conurbation_1,alignment,primary_permanent_feature,primary_temporary_feature,primary_hazardous_feature,street_lighting,road_surface,surface_condition,weather,natural_lighting,signals_operation,other_traffic_control,speed_limit,road_classification_(admin),rum_-_code,rum_-_description,dca_-_code,dca_-_description,dca_supplement,first_impact_type,key_tu_type,other_tu_type,no._of_traffic_units_involved,no._killed,no._seriously_injured,no._moderately_injured,no._minor-other_injured,month_num,month_label,season,day_label,time_label,time_band,is_peak_commute,is_fatal,is_injury,is_casualty
1354618,Injury,Minor/Other Injury,2024,2024,June,Tuesday,16:00 - 17:59,APPIN,RD,0,Right on the spot,WOODLAND,RD,ST HELENS PARK,177.0,No,Not a school zone,T-junction,-34.09478,150.804849,Campbelltown,Sydney metro. area,Syd-Newc-Woll Gtr conurbation,Straight,,,,Unknown / not stated,Sealed,Dry,Fine,Daylight,On,No traffic controls,80 km/h,State,13,Right near,104,Adj - Right-thru from right,,Right angle,Car (sedan/hatch),Station wagon,2,0,0,0,1,6,June,Winter,Tuesday,16:00 - 17:59,PM peak / evening commute,True,False,True,True
1354622,Injury,Minor/Other Injury,2024,2024,June,Thursday,16:00 - 17:59,JAMES RUSE,DR,0,Right on the spot,PROSPECT,ST,ROSEHILL,309.0,No,Not a school zone,T-junction,-33.82398,151.021157,Parramatta,Sydney metro. area,Syd-Newc-Woll Gtr conurbation,Straight,,,,Unknown / not stated,Sealed,Wet,Raining,Unknown,On,No traffic controls,70 km/h,State,30,Rear end,301,Same - Rear end,,Rear end,Light truck utility(from 2018),Car (sedan/hatch),3,0,0,0,1,6,June,Winter,Thursday,16:00 - 17:59,PM peak / evening commute,True,False,True,True
1354623,Injury,Minor/Other Injury,2024,2024,April,Tuesday,06:00 - 07:59,PERRICOOTA,RD,0,Right on the spot,NUMBER 39,HN,MOAMA,,No,Not a school zone,2-way undivided,-36.092458,144.730256,Murray River,Country urban,Rest of NSW - Urban,Straight,,,,Unknown / not stated,Sealed,Dry,Fine,Daylight,Nil,No traffic controls,60 km/h,Local,74,On road-out of cont.,705,Out of control on cway,,Rollover,Semi-trailer,,1,0,0,0,1,4,April,Autumn,Tuesday,06:00 - 07:59,AM peak / school commute,True,False,True,True
1354627,Injury,Minor/Other Injury,2024,2024,May,Thursday,08:00 - 09:59,HUME,HWY,10,South,BRUNKER,RD,GREENACRE,2.0,No,Not a school zone,X-intersection,-33.901156,151.045414,Canterbury-Bankstown,Sydney metro. area,Syd-Newc-Woll Gtr conurbation,Straight,,,,Unknown / not stated,Sealed,Dry,Fine,Daylight,On,No traffic controls,70 km/h,State,30,Rear end,301,Same - Rear end,,Rear end,Car (sedan/hatch),Large rigid,2,0,0,0,1,5,May,Autumn,Thursday,08:00 - 09:59,AM peak / school commute,True,False,True,True
1354629,Injury,Minor/Other Injury,2024,2024,May,Monday,06:00 - 07:59,ALFRED,ST,100,North,KURRABA,RD,NEUTRAL BAY,,No,Not a school zone,Divided road,-33.837397,151.211556,North Sydney,Sydney metro. area,Syd-Newc-Woll Gtr conurbation,Straight,Steep grade,,,Unknown / not stated,Sealed,Dry,Fine,Daylight,Nil,No traffic controls,50 km/h,Local,30,Rear end,301,Same - Rear end,,Rear end,Light truck utility(from 2018),4 wheel drive / SUV,3,0,0,0,1,5,May,Autumn,Monday,06:00 - 07:59,AM peak / school commute,True,False,True,True
1354630,Injury,Minor/Other Injury,2024,2024,June,Saturday,16:00 - 17:59,PACIFIC,HWY,0,Right on the spot,ADA,AVE,WAHROONGA,10.0,Yes,No,X-intersection,-33.719583,151.115898,Ku-ring-gai,Sydney metro. area,Syd-Newc-Woll Gtr conurbation,Straight,,,,Unknown / not stated,Sealed,Dry,Fine,Darkness,On,No traffic controls,60 km/h,State,32,Right rear,303,Same - Rear right,,Rear end,4 wheel drive / SUV,4 wheel drive / SUV,2,0,0,0,1,6,June,Winter,Saturday,16:00 - 17:59,PM peak / evening commute,True,False,True,True
1354631,Injury,Minor/Other Injury,2024,2024,June,Tuesday,10:00 - 11:59,TERRY,ST,0,Right on the spot,WELLINGTON,ST,ROZELLE,,No,Not a school zone,Roundabout,-33.86076,151.16982,Inner West,Sydney metro. area,Syd-Newc-Woll Gtr conurbation,Straight,Steep grade,,,Unknown / not stated,Sealed,Dry,Fine,Daylight,Nil,Give way sign,40 km/h,Local,30,Rear end,301,Same - Rear end,,Rear end,Car (sedan/hatch),Car (sedan/hatch),2,0,0,0,1,6,June,Winter,Tuesday,10:00 - 11:59,Midday / afternoon,False,False,True,True
1354633,Injury,Moderate Injury,2024,2024,June,Tuesday,10:00 - 11:59,TAMARIND,DR,0,Right on the spot,BALLINA HEIGHTS,DR,CUMBALUM,695.0,No,Not a school zone,Roundabout,-28.825021,153.528494,Ballina,Country urban,Rest of NSW - Urban,Straight,,,,Unknown / not stated,Sealed,Dry,Fine,Daylight,Nil,Give way sign,60 km/h,Regional,73,Off rd rght => obj,704,Right off cway into obj,,Vehicle - Object,4 wheel drive / SUV,,1,0,0,1,0,6,June,Winter,Tuesday,10:00 - 11:59,Midday / afternoon,False,False,True,True
1354636,Injury,Moderate Injury,2024,2024,February,Sunday,06:00 - 07:59,BOTANY,RD,0,Right on the spot,NUMBER 1541,HN,BOTANY,170.0,No,Not a school zone,2-way undivided,-33.951037,151.198302,Bayside,Sydney metro. area,Syd-Newc-Woll Gtr conurbation,Straight,,,,Unknown / not stated,Sealed,Dry,Fine,Daylight,Nil,No traffic controls,50 km/h,State,0,Ped nearside,1,Ped - Near side,,Vehicle - Pedestrian,Car (sedan/hatch),Pedestrian,2,0,0,1,0,2,February,Summer,Sunday,06:00 - 07:59,AM peak / school commute,True,False,True,True
1354641,Injury,Minor/Other Injury,2024,2024,February,Wednesday,16:00 - 17:59,CENTRAL COAST,HWY,0,Right on the spot,NUMBER 233,HN,ERINA,30.0,No,Not a school zone,Divided road,-33.434894,151.386939,Central Coast,Country urban,Syd-Newc-Woll Gtr conurbation,Straight,,,,Unknown / not stated,Sealed,Wet,Raining,Daylight,Nil,No traffic controls,60 km/h,State,30,Rear end,301,Same - Rear end,,Rear end,Car (sedan/hatch),Car (sedan/hatch),2,0,0,0,1,2,February,Summer,Wednesday,16:00 - 17:59,PM peak / evening commute,True,False,True,True
1354642,Injury,Moderate Injury,2024,2024,June,Saturday,16:00 - 17:59,NEWCASTLE,EXP,1000,South,PEATS FERRY,RD,MOONEY MOONEY,6003.0,No,Not a school zone,Dual freeway,-33.538405,151.198811,Central Coast,Country non-urban,Syd-Newc-Woll Gtr conurbation,Straight,Other bridge,,,Nil,Sealed,Dry,Fine,Darkness,Nil,No traffic controls,110 km/h,State,73,Off rd rght => obj,704,Right off cway into obj,,Vehicle - Object,Car (sedan/hatch),,1,0,0,1,0,6,June,Winter,Saturday,16:00 - 17:59,PM peak / evening commute,True,False,True,True
1354645,Injury,Serious Injury,2024,2024,June,Saturday,08:00 - 09:59,CAMDEN VALLEY,WAY,10,East,CORFIELD,RD,EDMONDSON PARK,620.0,No,Not a school zone,X-intersection,-33.953261,150.856153,Liverpool,Sydney metro. area,Syd-Newc-Woll Gtr conurbation,Straight,,,,Off,Sealed,Dry,Fine,Daylight,On,No traffic controls,70 km/h,State,30,Rear end,301,Same - Rear end,,Rear end,Car (sedan/hatch),Car (sedan/hatch),3,0,1,0,0,6,June,Winter,Saturday,08:00 - 09:59,AM peak / school commute,True,False,True,True
1354647,Injury,Minor/Other Injury,2024,2024,June,Tuesday,08:00 - 09:59,ANNANGROVE,RD,0,Right on the spot,NUMBER 184,HN,ANNANGROVE,7141.0,No,Not a school zone,2-way undivided,-33.671501,150.955928,The Hills,Sydney metro. area,Syd-Newc-Woll Gtr conurbation,Straight,,,,Unknown / not stated,Sealed,Dry,Fine,Daylight,Nil,No traffic controls,70 km/h,Regional,30,Rear end,301,Same - Rear end,,Rear end,Car (sedan/hatch),Car (sedan/hatch),2,0,0,0,1,6,June,Winter,Tuesday,08:00 - 09:59,AM peak / school commute,True,False,True,True
1354648,Injury,Moderate Injury,2024,2024,June,Sunday,18:00 - 19:59,NEW ENGLAND,HWY,100,North,RANGE,RD,WHITTINGHAM,9.0,No,Not a school zone,2-way undivided,-32.603558,151.200829,Singleton,Country urban,Rest of NSW - Urban,Curved,,,,Unknown / not stated,Sealed,Dry,Fine,Darkness,Nil,No traffic controls,80 km/h,State,67,Struck animal,609,On path - Hit animal,,Vehicle - Animal,Light truck utility(from 2018),,1,0,0,1,0,6,June,Winter,Sunday,18:00 - 19:59,PM peak / evening commute,True,False,True,True
1354649,Injury,Minor/Other Injury,2024,2024,May,Friday,16:00 - 17:59,BURLEY GRIFFIN,WAY,10000,East,HARDEN,TN,CUNNINGAR,84.0,No,Not a school zone,2-way undivided,-34.598763,148.466248,Hilltops,Country non-urban,Rest of NSW - Rural,Curved,Painted double centre lines,,,Unknown / not stated,Sealed,Dry,Fine,Daylight,Nil,No traffic controls,100 km/h,State,20,Head on,201,Opp - Head on,,Head-on,Semi-trailer,Semi-trailer,2,0,0,0,1,5,May,Autumn,Friday,16:00 - 17:59,PM peak / evening commute,True,False,True,True
1354650,Injury,Minor/Other Injury,2024,2024,June,Tuesday,14:00 - 15:59,WESTERN,EXP,100,East,COLEMAN STREET,OP,MERRYLANDS,6004.0,No,Not a school zone,Dual freeway,-33.819643,150.982508,Cumberland,Sydney metro. area,Syd-Newc-Woll Gtr conurbation,Straight,,,,Unknown / not stated,Sealed,Dry,Fine,Daylight,Nil,No traffic controls,90 km/h,State,30,Rear end,301,Same - Rear end,,Rear end,Other bus,4 wheel drive / SUV,2,0,0,0,4,6,June,Winter,Tuesday,14:00 - 15:59,Midday / afternoon,False,False,True,True
1354654,Injury,Minor/Other Injury,2024,2024,June,Saturday,14:00 - 15:59,FOREST,WAY,750,South,MONA VALE,RD,BELROSE,529.0,No,Not a school zone,Divided road,-33.706963,151.215985,Northern Beaches,Sydney metro. area,Syd-Newc-Woll Gtr conurbation,Straight,,,,Unknown / not stated,Sealed,Wet,Raining,Daylight,Nil,No traffic controls,80 km/h,State,30,Rear end,301,Same - Rear end,,Rear end,Car (sedan/hatch),Car (sedan/hatch),4,0,0,0,1,6,June,Winter,Saturday,14:00 - 15:59,Midday / afternoon,False,False,True,True
1354656,Injury,Moderate Injury,2024,2024,June,Thursday,06:00 - 07:59,WESTERN,EXP,1000,West,PROSPECT HIGHWAY,OP,PROSPECT,6004.0,No,Not a school zone,Dual freeway,-33.804041,150.905074,Blacktown,Sydney metro. area,Syd-Newc-Woll Gtr conurbation,Straight,,,,Unknown / not stated,Sealed,Dry,Fine,Dawn,Nil,No traffic controls,100 km/h,State,30,Rear end,301,Same - Rear end,,Rear end,Car (sedan/hatch),Car (sedan/hatch),5,0,0,1,0,6,June,Winter,Thursday,06:00 - 07:59,AM peak / school commute,True,False,True,True
1354657,Injury,Minor/Other Injury,2024,2024,June,Sunday,18:00 - 19:59,PUNCHBOWL,RD,10,West,ACACIA,AVE,PUNCHBOWL,549.0,No,Not a school zone,X-intersection,-33.923848,151.057308,Canterbury-Bankstown,Sydney metro. area,Syd-Newc-Woll Gtr conurbation,Straight,,,,Unknown / not stated,Sealed,Wet,Fine,Darkness,On,No traffic controls,60 km/h,State,39,Other same direction,300,Same - other,,Other angle,Car (sedan/hatch),Car (sedan/hatch),2,0,0,0,1,6,June,Winter,Sunday,18:00 - 19:59,PM peak / evening commute,True,False,True,True
1354664,Injury,Minor/Other Injury,2024,2024,June,Wednesday,06:00 - 07:59,GARDENERS,RD,0,Right on the spot,BERRY,ST,ROSEBERY,183.0,No,Not a school zone,T-junction,-33.92271,151.205466,Sydney,Sydney metro. area,Syd-Newc-Woll Gtr conurbation,Straight,,,,Unknown / not stated,Sealed,Dry,Fine,Dawn,Nil,Give way sign,60 km/h,State,30,Rear end,301,Same - Rear end,,Rear end,Car (sedan/hatch),Car (sedan/hatch),2,0,0,0,1,6,June,Winter,Wednesday,06:00 - 07:59,AM peak / school commute,True,False,True,True
1354665,Injury,Minor/Other Injury,2024,2024,June,Friday,14:00 - 15:59,PACIFIC,HWY,0,Right on the spot,BURDETT,ST,HORNSBY,10.0,No,Not a school zone,T-junction,-33.702338,151.099295,Hornsby,Sydney metro. area,Syd-Newc-Woll Gtr conurbation,Straight,Steep grade,,,Unknown / not stated,Sealed,Wet,Raining,Daylight,On,No traffic controls,60 km/h,State,73,Off rd rght => obj,704,Right off cway into obj,,Vehicle - Object,Light truck,,2,0,0,0,1,6,June,Winter,Friday,14:00 - 15:59,Midday / afternoon,False,False,True,True
1354673,Injury,Minor/Other Injury,2024,2024,May,Friday,16:00 - 17:59,CHURCH,ST,80,South,JUNCTION,ST,RYDE,200.0,No,Not a school zone,2-way undivided,-33.819973,151.099294,Ryde,Sydney metro. area,Syd-Newc-Woll Gtr conurbation,Straight,Steep grade,,,Unknown / not stated,Sealed,Dry,Fine,Dusk,Nil,No traffic controls,70 km/h,State,39,Other same direction,300,Same - other,,Other angle,4 wheel drive / SUV,4 wheel drive / SUV,2,0,0,0,2,5,May,Autumn,Friday,16:00 - 17:59,PM peak / evening commute,True,False,True,True
1354674,Injury,Minor/Other Injury,2024,2024,May,Wednesday,16:00 - 17:59,ELIZABETH,DR,100,East,WESTERN,RD,KEMPS CREEK,535.0,No,Not a school zone,2-way undivided,-33.878085,150.782571,Penrith,Sydney metro. area,Syd-Newc-Woll Gtr conurbation,Straight,,,,Unknown / not stated,Sealed,Dry,Fine,Darkness,Nil,No traffic controls,60 km/h,State,30,Rear end,301,Same - Rear end,,Rear end,4 wheel drive / SUV,Car (sedan/hatch),2,0,0,0,1,5,May,Autumn,Wednesday,16:00 - 17:59,PM peak / evening commute,True,False,True,True
1354675,Injury,Minor/Other Injury,2024,2024,June,Friday,18:00 - 19:59,NAPIER,ST,0,Right on the spot,STEELE,ST,MAYS HILL,,No,Not a school zone,X-intersection,-33.820388,150.994204,Parramatta,Sydney metro. area,Syd-Newc-Woll Gtr conurbation,Straight,,,,Unknown / not stated,Sealed,Wet,Raining,Darkness,Nil,Stop sign,50 km/h,Local,10,Cross traffic,101,Adj - Cross traffic,,Right angle,4 wheel drive / SUV,Car (sedan/hatch),2,0,0,0,1,6,June,Winter,Friday,18:00 - 19:59,PM peak / evening commute,True,False,True,True
1354677,Injury,Moderate Injury,2024,2024,June,Saturday,14:00 - 15:59,GRIFFITHS,RD,0,Right on the spot,TURTON,RD,LAMBTON,82.0,No,Not a school zone,X-intersection,-32.915069,151.72572,Newcastle,Newcastle met. area,Syd-Newc-Woll Gtr conurbation,Straight,,,,Unknown / not stated,Sealed,Wet,Raining,Daylight,On,No traffic controls,60 km/h,State,30,Rear end,301,Same - Rear end,,Rear end,Light truck utility(from 2018),4 wheel drive / SUV,2,0,0,1,0,6,June,Winter,Saturday,14:00 - 15:59,Midday / afternoon,False,False,True,True
1354680,Injury,Minor/Other Injury,2024,2024,June,Sunday,12:00 - 13:59,THIRLMERE,WAY,0,Right on the spot,NUMBER 695,HN,PICTON,7635.0,No,Not a school zone,2-way undivided,-34.187803,150.594843,Wollondilly,Country urban,Syd-Newc-Woll Gtr conurbation,Curved,Painted double centre lines,,,Unknown / not stated,Sealed,Dry,Fine,Daylight,Nil,No traffic controls,80 km/h,Regional,20,Head on,201,Opp - Head on,,Head-on,Car (sedan/hatch),4 wheel drive / SUV,2,0,0,0,1,6,June,Winter,Sunday,12:00 - 13:59,Midday / afternoon,False,False,True,True
1354683,Injury,Minor/Other Injury,2024,2024,May,Saturday,16:00 - 17:59,LANE COVE,RD,0,Right on the spot,WATERLOO,RD,MACQUARIE PARK,162.0,No,Not a school zone,X-intersection,-33.785205,151.1285,Ryde,Sydney metro. area,Syd-Newc-Woll Gtr conurbation,Straight,Steep grade,,,Unknown / not stated,Sealed,Dry,Fine,Dusk,On,No traffic controls,70 km/h,State,30,Rear end,301,Same - Rear end,,Rear end,Light truck utility(from 2018),Car (sedan/hatch),4,0,0,0,1,5,May,Autumn,Saturday,16:00 - 17:59,PM peak / evening commute,True,False,True,True
1354684,Injury,Moderate Injury,2024,2024,May,Tuesday,10:00 - 11:59,OLYMPIC,HWY,0,Right on the spot,HORSESHOE,RD,BOOROOMA,78.0,No,Not a school zone,Roundabout,-35.07026,147.380473,Wagga Wagga,Country non-urban,Rest of NSW - Rural,Straight,,,,Unknown / not stated,Sealed,Dry,Fine,Daylight,Nil,Give way sign,100 km/h,State,10,Cross traffic,101,Adj - Cross traffic,,Right angle,Car (sedan/hatch),B-double (road train prior 98),2,0,0,1,0,5,May,Autumn,Tuesday,10:00 - 11:59,Midday / afternoon,False,False,True,True
1354685,Injury,Minor/Other Injury,2024,2024,June,Sunday,18:00 - 19:59,STACEY,ST,0,Right on the spot,BERESFORD,AVE,GREENACRE,190.0,No,Not a school zone,T-junction,-33.904601,151.039105,Canterbury-Bankstown,Sydney metro. area,Syd-Newc-Woll Gtr conurbation,Straight,,,,Unknown / not stated,Sealed,Dry,Fine,Dusk,On,No traffic controls,70 km/h,State,30,Rear end,301,Same - Rear end,,Rear end,Car (sedan/hatch),Car (sedan/hatch),3,0,0,0,1,6,June,Winter,Sunday,18:00 - 19:59,PM peak / evening commute,True,False,True,True
1354686,Injury,Moderate Injury,2024,2024,June,Wednesday,16:00 - 17:59,CANTERBURY,RD,0,Right on the spot,CAMBRIDGE,AVE,GLENFIELD,680.0,No,Not a school zone,Roundabout,-33.967262,150.900607,Campbelltown,Sydney metro. area,Syd-Newc-Woll Gtr conurbation,Curved,,,,Unknown / not stated,Sealed,Dry,Fine,Darkness,Nil,Give way sign,60 km/h,State,11,Right far,102,Adj - Right-thru from left,,Right angle,4 wheel drive / SUV,4 wheel drive / SUV,2,0,0,1,1,6,June,Winter,Wednesday,16:00 - 17:59,PM peak / evening commute,True,False,True,True
1354687,Injury,Moderate Injury,2024,2024,June,Friday,18:00 - 19:59,CUMBERLAND,HWY,140,South,REID,RD,SOUTH WENTWORTHVILLE,13.0,No,Not a school zone,Divided road,-33.82636,150.962516,Cumberland,Sydney metro. area,Syd-Newc-Woll Gtr conurbation,Curved,Driveway/entrance,,,Nil,Sealed,Dry,Fine,Darkness,Nil,No traffic controls,70 km/h,State,31,Left rear,302,Same - Rear left,,Rear end,Car (sedan/hatch),4 wheel drive / SUV,2,0,0,1,0,6,June,Winter,Friday,18:00 - 19:59,PM peak / evening commute,True,False,True,True
1354692,Injury,Moderate Injury,2024,2024,June,Wednesday,16:00 - 17:59,HIGH,ST,0,Right on the spot,GATE FIVE,ENT,RANDWICK,,No,Not a school zone,2-way undivided,-33.915692,151.23172,Randwick,Sydney metro. area,Syd-Newc-Woll Gtr conurbation,Straight,Driveway/entrance,,,Unknown / not stated,Sealed,Dry,Fine,Daylight,Nil,No traffic controls,40 km/h,Local,21,Right through,202,Opp - Right-thru,,Other angle,Car (sedan/hatch),Pedal cycle,2,0,0,1,0,6,June,Winter,Wednesday,16:00 - 17:59,PM peak / evening commute,True,False,True,True
1354697,Injury,Minor/Other Injury,2024,2024,June,Monday,22:00 - Midnight,TOMINGLEY,RD,2000,North,FAIRVIEW,RD,NARROMINE,89.0,No,Not a school zone,2-way undivided,-32.380886,148.229536,Narromine,Country non-urban,Rest of NSW - Rural,Straight,,,,Unknown / not stated,Sealed,Dry,Fine,Darkness,Nil,No traffic controls,110 km/h,Regional,70,Off road to left,701,Off carriageway to left,,Rollover,Semi-trailer,,1,0,0,0,1,6,June,Winter,Monday,22:00 - Midnight,Evening / night,False,False,True,True
1354698,Injury,Minor/Other Injury,2024,2024,May,Monday,16:00 - 17:59,LAKE HAVEN,DR,0,Right on the spot,STRATFORD,AVE,LAKE HAVEN,,No,Not a school zone,T-junction,-33.239965,151.501836,Central Coast,Country urban,Syd-Newc-Woll Gtr conurbation,Curved,,,,Unknown / not stated,Sealed,Dry,Fine,Daylight,On,No traffic controls,50 km/h,Local,30,Rear end,301,Same - Rear end,,Rear end,4 wheel drive / SUV,Large rigid,2,0,0,0,2,5,May,Autumn,Monday,16:00 - 17:59,PM peak / evening commute,True,False,True,True
1354699,Injury,Minor/Other Injury,2024,2024,June,Monday,08:00 - 09:59,ESSENDON,ST,0,Right on the spot,MELBOURNE,RD,ST JOHNS PARK,,No,Not a school zone,T-junction,-33.88473,150.900972,Fairfield,Sydney metro. area,Syd-Newc-Woll Gtr conurbation,Straight,,,,Unknown / not stated,Sealed,Dry,Fine,Daylight,Nil,No traffic controls,50 km/h,Local,30,Rear end,301,Same - Rear end,,Rear end,Car (sedan/hatch),Car (sedan/hatch),2,0,0,0,1,6,June,Winter,Monday,08:00 - 09:59,AM peak / school commute,True,False,True,True
1354704,Injury,Minor/Other Injury,2024,2024,June,Friday,18:00 - 19:59,SOUTH WESTERN,EXP,0,Right on the spot,MOOREBANK AVENUE,TO,MOOREBANK,6005.0,No,Not a school zone,Dual freeway,-33.940499,150.930408,Liverpool,Sydney metro. area,Syd-Newc-Woll Gtr conurbation,Straight,,,,Unknown / not stated,Sealed,Wet,Overcast,Darkness,Nil,No traffic controls,100 km/h,State,30,Rear end,301,Same - Rear end,,Rear end,Car (sedan/hatch),Car (sedan/hatch),3,0,0,0,1,6,June,Winter,Friday,18:00 - 19:59,PM peak / evening commute,True,False,True,True
1354706,Injury,Serious Injury,2024,2024,May,Thursday,18:00 - 19:59,NEW SOUTH HEAD,RD,150,East,MANNING,RD,DOUBLE BAY,173.0,No,Not a school zone,2-way undivided,-33.877552,151.243363,Woollahra,Sydney metro. area,Syd-Newc-Woll Gtr conurbation,Straight,Foot/cycle path/nature strip,,,On,Sealed,Dry,Fine,Darkness,Nil,No traffic controls,60 km/h,State,6,Ped on footpath,8,Ped - On footway/median,,Vehicle - Pedestrian,Pedal cycle,Pedestrian,2,0,1,0,0,5,May,Autumn,Thursday,18:00 - 19:59,PM peak / evening commute,True,False,True,True
1354708,Injury,Moderate Injury,2024,2024,June,Sunday,08:00 - 09:59,PARK BEACH,RD,0,Right on the spot,YORK,ST,COFFS HARBOUR,,No,Not a school zone,X-intersection,-30.286148,153.13589,Coffs Harbour,Country urban,Rest of NSW - Urban,Straight,,,,Unknown / not stated,Sealed,Dry,Fine,Daylight,Nil,Stop sign,50 km/h,Local,10,Cross traffic,101,Adj - Cross traffic,,Right angle,Car (sedan/hatch),Light truck utility(from 2018),2,0,0,1,0,6,June,Winter,Sunday,08:00 - 09:59,AM peak / school commute,True,False,True,True
1354709,Injury,Minor/Other Injury,2024,2024,May,Monday,06:00 - 07:59,COMMERCIAL,RD,25,West,BROOS,RD,VINEYARD,,No,Not a school zone,2-way undivided,-33.633501,150.854282,Hawkesbury,Country urban,Syd-Newc-Woll Gtr conurbation,Curved,Painted double centre lines,,,Unknown / not stated,Sealed,Dry,Fine,Dawn,Nil,No traffic controls,70 km/h,Local,20,Head on,201,Opp - Head on,,Head-on,Light truck,Light truck utility(from 2018),2,0,0,0,1,5,May,Autumn,Monday,06:00 - 07:59,AM peak / school commute,True,False,True,True
1354717,Injury,Serious Injury,2024,2024,April,Sunday,18:00 - 19:59,WOODVILLE,RD,0,Right on the spot,MERRYLANDS,RD,MERRYLANDS,640.0,No,Not a school zone,T-junction,-33.838501,150.999892,Cumberland,Sydney metro. area,Syd-Newc-Woll Gtr conurbation,Straight,,,,Unknown / not stated,Sealed,Dry,Fine,Darkness,On,No traffic controls,70 km/h,State,31,Left rear,302,Same - Rear left,,Rear end,Station wagon,Car (sedan/hatch),2,0,1,0,0,4,April,Autumn,Sunday,18:00 - 19:59,PM peak / evening commute,True,False,True,True
1354719,Injury,Moderate Injury,2024,2024,June,Friday,12:00 - 13:59,KENT,RD,150,South,WESTERN EXPRESSWAY,TO,ORCHARD HILLS,699.0,No,Not a school zone,2-way undivided,-33.785154,150.750606,Penrith,Sydney metro. area,Syd-Newc-Woll Gtr conurbation,Straight,,,,Unknown / not stated,Sealed,Wet,Overcast,Daylight,Nil,No traffic controls,70 km/h,State,71,Off rd left => obj,703,Left off cway into object,,Vehicle - Object,Light truck utility(from 2018),,1,0,0,1,0,6,June,Winter,Friday,12:00 - 13:59,Midday / afternoon,False,False,True,True
1354727,Injury,Serious Injury,2024,2024,February,Sunday,10:00 - 11:59,JILLIBY,RD,0,Right on the spot,NUMBER 32,HN,ALISON,,No,Not a school zone,2-way undivided,-33.260902,151.393487,Central Coast,Country urban,Syd-Newc-Woll Gtr conurbation,Curved,Embankment/cutting,,,Nil,Sealed,Dry,Fine,Daylight,Nil,No traffic controls,80 km/h,Local,81,Off left/rt bnd=>obj,803,Off right bend into obj,Left,Vehicle - Object,Motorcycle,,1,0,1,0,0,2,February,Summer,Sunday,10:00 - 11:59,Midday / afternoon,False,False,True,True
1354728,Injury,Moderate Injury,2024,2024,April,Friday,20:00 - 21:59,HARTWOOD,RD,0,Right on the spot,MALONES,RD,MAYRUNG,,No,Not a school zone,T-junction,-35.499113,145.345992,Edward River,Country non-urban,Rest of NSW - Rural,Curved,Ditch/drain/culvert,,,Unknown / not stated,Unsealed,Wet,Raining,Darkness,Nil,No traffic controls,100 km/h,Local,75,Off end of road,709,Off end cway or T junct,,Vehicle - Object,Light truck utility(from 2018),,1,0,0,1,0,4,April,Autumn,Friday,20:00 - 21:59,Evening / night,False,False,True,True
1354729,Injury,Moderate Injury,2024,2024,June,Thursday,10:00 - 11:59,OLD NORTHERN,RD,500,South,RIVER,RD,WISEMANS FERRY,181.0,No,Not a school zone,2-way undivided,-33.388582,150.985334,Hornsby,Sydney metro. area,Syd-Newc-Woll Gtr conurbation,Curved,,,,Unknown / not stated,Sealed,Dry,Fine,Daylight,Nil,No traffic controls,60 km/h,State,83,Off rt/rt bnd=>obj,803,Off right bend into obj,Right,Vehicle - Object,Large rigid,,1,0,0,1,0,6,June,Winter,Thursday,10:00 - 11:59,Midday / afternoon,False,False,True,True
1354734,Injury,Moderate Injury,2024,2024,April,Tuesday,16:00 - 17:59,AUGUSTA,ST,0,Right on the spot,RICKARD,ST,FIVE DOCK,,No,Not a school zone,X-intersection,-33.868336,151.137299,Canada Bay,Sydney metro. area,Syd-Newc-Woll Gtr conurbation,Straight,,,,Off,Sealed,Wet,Raining,Dusk,Nil,Stop sign,50 km/h,Local,10,Cross traffic,101,Adj - Cross traffic,,Right angle,4 wheel drive / SUV,Car (sedan/hatch),2,0,0,2,0,4,April,Autumn,Tuesday,16:00 - 17:59,PM peak / evening commute,True,False,True,True
1354735,Injury,Moderate Injury,2024,2024,February,Sunday,12:00 - 13:59,JOSHUA,ST,380,South,KINGHORNE,ST,GOULBURN,,No,Not a school zone,2-way undivided,-34.746308,149.730479,Goulburn Mulwaree,Country urban,Rest of NSW - Urban,Straight,,,,Off,Sealed,Dry,Fine,Daylight,Nil,No traffic controls,50 km/h,Local,74,On road-out of cont.,705,Out of control on cway,,Rollover,Pedal cycle,,1,0,0,1,0,2,February,Summer,Sunday,12:00 - 13:59,Midday / afternoon,False,False,True,True
1354737,Injury,Moderate Injury,2024,2024,May,Wednesday,18:00 - 19:59,SOUTH WESTERN,EXP,500,East,MOOREBANK,AVE,MOOREBANK,6005.0,No,Not a school zone,Dual freeway,-33.940501,150.930422,Liverpool,Sydney metro. area,Syd-Newc-Woll Gtr conurbation,Straight,,,,Nil,Sealed,Dry,Fine,Dusk,Nil,No traffic controls,100 km/h,State,33,Lane sideswipe,305,Same - Lane side swipe,,Other angle,Car (sedan/hatch),4 wheel drive / SUV,2,0,0,1,0,5,May,Autumn,Wednesday,18:00 - 19:59,PM peak / evening commute,True,False,True,True
1354738,Injury,Minor/Other Injury,2024,2024,April,Friday,06:00 - 07:59,SCHOFIELDS,RD,0,Right on the spot,RAILWAY,TCE,SCHOFIELDS,687.0,No,Not a school zone,X-intersection,-33.701655,150.873382,Blacktown,Sydney metro. area,Syd-Newc-Woll Gtr conurbation,Straight,,,,Off,Sealed,Wet,Raining,Dawn,On,No traffic controls,70 km/h,State,30,Rear end,301,Same - Rear end,,Rear end,Car (sedan/hatch),Car (sedan/hatch),2,0,0,0,1,4,April,Autumn,Friday,06:00 - 07:59,AM peak / school commute,True,False,True,True