crash_id,degree_of_crash,degree_of_crash_-_detailed,reporting_year,year_of_crash,month_of_crash,day_of_week_of_crash,two-hour_intervals,street_of_crash,street_type,distance,direction,identifying_feature,identifying_feature_type,town,route_no.,school_zone_location,school_zone_active,type_of_location,latitude,longitude,lga,urbanisation,conurbation_1,alignment,primary_permanent_feature,primary_temporary_feature,primary_hazardous_feature,street_lighting,road_surface,surface_condition,weather,natural_lighting,signals_operation,other_traffic_control,speed_limit,road_classification_(admin),rum_-_code,rum_-_description,dca_-_code,dca_-_description,dca_supplement,first_impact_type,key_tu_type,other_tu_type,no._of_traffic_units_involved,no._killed,no._seriously_injured,no._moderately_injured,no._minor-other_injured,month_num,month_label,season,day_label,time_label,time_band,is_peak_commute,is_fatal,is_injury,is_casualty
1354741,Injury,Moderate Injury,2024,2024,April,Wednesday,20:00 - 21:59,OLD BUNDARRA,RD,50,South,BONVALE,RD,GILGAI,,No,Not a school zone,2-way undivided,-29.873662,151.103322,Inverell,Country non-urban,Rest of NSW - Rural,Straight,,,,Nil,Unsealed,Dry,Fine,Darkness,Nil,No traffic controls,100 km/h,Local,70,Off road to left,701,Off carriageway to left,,Rollover,Light truck utility(from 2018),,1,0,0,2,0,4,April,Autumn,Wednesday,20:00 - 21:59,Evening / night,False,False,True,True
1354743,Injury,Serious Injury,2024,2024,June,Saturday,10:00 - 11:59,HUNTER MAIN,TRL,3000,East,SHEEPSKIN,TRL,HOWES VALLEY,,No,Not a school zone,2-way undivided,-32.720762,150.73989,Singleton,Country non-urban,Rest of NSW - Rural,Straight,Crest,,,Nil,Unsealed,Wet,Fine,Daylight,Nil,No traffic controls,100 km/h,Local,74,On road-out of cont.,705,Out of control on cway,,Rollover,Motorcycle,,1,0,1,0,0,6,June,Winter,Saturday,10:00 - 11:59,Midday / afternoon,False,False,True,True
1354745,Injury,Moderate Injury,2024,2024,February,Saturday,16:00 - 17:59,WEBB,ST,0,Right on the spot,PLAZA SHOPPING CENTRE,ENT,RIVERWOOD,,No,Not a school zone,2-way undivided,-33.952909,151.050415,Georges River,Sydney metro. area,Syd-Newc-Woll Gtr conurbation,Straight,Driveway/entrance,,,Off,Sealed,Dry,Fine,Daylight,Nil,Stop sign,50 km/h,Local,47,Emerging from drive,406,Manov - Emerging from driveway,,Right angle,Car (sedan/hatch),Car (sedan/hatch),2,0,0,1,0,2,February,Summer,Saturday,16:00 - 17:59,PM peak / evening commute,True,False,True,True
1354746,Injury,Serious Injury,2024,2024,April,Friday,10:00 - 11:59,HAZELGROVE,RD,2980,South,SODWALLS,RD,TARANA,,No,Not a school zone,2-way undivided,-33.546511,149.911858,Lithgow,Country non-urban,Rest of NSW - Rural,Curved,Steep grade,,Potholes/corrugations/rough,Nil,Sealed,Dry,Fine,Daylight,Nil,No traffic controls,100 km/h,Local,82,Off right/right bend,801,Off cway right bend,Right,Rollover,MC & sidecar,,1,0,1,0,0,4,April,Autumn,Friday,10:00 - 11:59,Midday / afternoon,False,False,True,True
1354747,Injury,Moderate Injury,2024,2024,April,Sunday,02:00 - 03:59,DOTTEREL,ST,10,East,CORMORANT,AVE,HINCHINBROOK,,No,Not a school zone,T-junction,-33.917679,150.869696,Liverpool,Sydney metro. area,Syd-Newc-Woll Gtr conurbation,Curved,,,,On,Sealed,Dry,Fine,Darkness,Nil,No traffic controls,50 km/h,Local,81,Off left/rt bnd=>obj,803,Off right bend into obj,Left,Other angle,4 wheel drive / SUV,Light truck utility(from 2018),4,0,0,1,0,4,April,Autumn,Sunday,02:00 - 03:59,Late night / early morning,False,False,True,True
1354748,Injury,Moderate Injury,2024,2024,January,Friday,14:00 - 15:59,WOOLOOWARE,RD,0,Right on the spot,FLINDERS,RD,WOOLOOWARE,,No,Not a school zone,T-junction,-34.045679,151.141982,Sutherland,Sydney metro. area,Syd-Newc-Woll Gtr conurbation,Straight,,,,Off,Sealed,Dry,Fine,Daylight,Nil,No traffic controls,50 km/h,Local,13,Right near,104,Adj - Right-thru from right,,Right angle,Car (sedan/hatch),Motorcycle,2,0,0,1,0,1,January,Summer,Friday,14:00 - 15:59,Midday / afternoon,False,False,True,True
1354749,Injury,Minor/Other Injury,2024,2024,June,Saturday,20:00 - 21:59,PACIFIC,HWY,2560,South,BARRAGANYATTI HUT ROAD,OP,BARRAGANYATTI,10.0,No,Not a school zone,Divided road,-30.884473,152.933451,Kempsey,Country non-urban,Rest of NSW - Rural,Curved,Embankment/cutting,,,Nil,Sealed,Dry,Fine,Darkness,Nil,No traffic controls,100 km/h,State,87,Off lft/lft bnd=>obj,804,Off left bend into obj,Left,Vehicle - Object,Car (sedan/hatch),,1,0,0,0,1,6,June,Winter,Saturday,20:00 - 21:59,Evening / night,False,False,True,True
1354752,Injury,Serious Injury,2024,2024,May,Sunday,12:00 - 13:59,CABARITA,RD,0,Right on the spot,MORTLAKE,ST,CONCORD,,No,Not a school zone,T-junction,-33.851613,151.108653,Canada Bay,Sydney metro. area,Syd-Newc-Woll Gtr conurbation,Straight,,,,Nil,Sealed,Dry,Fine,Daylight,Nil,No traffic controls,50 km/h,Local,13,Right near,104,Adj - Right-thru from right,,Right angle,4 wheel drive / SUV,4 wheel drive / SUV,2,0,1,0,0,5,May,Autumn,Sunday,12:00 - 13:59,Midday / afternoon,False,False,True,True
1354753,Injury,Moderate Injury,2024,2024,May,Wednesday,12:00 - 13:59,DACEY,AVE,0,Right on the spot,SOUTH DOWLING,ST,WATERLOO,528.0,No,Not a school zone,X-intersection,-33.900901,151.215126,Sydney,Sydney metro. area,Syd-Newc-Woll Gtr conurbation,Straight,,,,On,Sealed,Dry,Fine,Daylight,On,Ped crossing,50 km/h,State,0,Ped nearside,1,Ped - Near side,,Vehicle - Pedestrian,Light truck utility(from 2018),Pedestrian,2,0,0,1,0,5,May,Autumn,Wednesday,12:00 - 13:59,Midday / afternoon,False,False,True,True
1354763,Injury,Serious Injury,2024,2024,May,Thursday,16:00 - 17:59,FITZWILLIAM,RD,0,Right on the spot,NUMBER 30,HN,OLD TOONGABBIE,7152.0,Yes,No,2-way undivided,-33.786904,150.969514,Parramatta,Sydney metro. area,Syd-Newc-Woll Gtr conurbation,Straight,Driveway/entrance,,,Off,Sealed,Dry,Fine,Darkness,Nil,No traffic controls,60 km/h,Regional,47,Emerging from drive,406,Manov - Emerging from driveway,,Right angle,4 wheel drive / SUV,Car (sedan/hatch),2,0,1,0,0,5,May,Autumn,Thursday,16:00 - 17:59,PM peak / evening commute,True,False,True,True
1354767,Injury,Moderate Injury,2024,2024,June,Friday,18:00 - 19:59,MILEHAM,ST,50,North,BRABYN,ST,WINDSOR,,No,Not a school zone,2-way undivided,-33.614504,150.814454,Hawkesbury,Country urban,Syd-Newc-Woll Gtr conurbation,Straight,,,,On,Sealed,Wet,Fine,Darkness,Nil,No traffic controls,50 km/h,Local,40,U turn,304,Same - U-turn,,Other angle,Car (sedan/hatch),4 wheel drive / SUV,2,0,0,1,0,6,June,Winter,Friday,18:00 - 19:59,PM peak / evening commute,True,False,True,True
1354768,Injury,Moderate Injury,2024,2024,June,Monday,12:00 - 13:59,EUSTON,RD,0,Right on the spot,HUNTLEY,ST,ALEXANDRIA,528.0,No,Not a school zone,X-intersection,-33.907968,151.190181,Sydney,Sydney metro. area,Syd-Newc-Woll Gtr conurbation,Straight,,,,Off,Sealed,Dry,Fine,Daylight,On,Ped crossing,50 km/h,State,0,Ped nearside,1,Ped - Near side,,Vehicle - Pedestrian,Semi-trailer,Pedestrian,2,0,0,1,0,6,June,Winter,Monday,12:00 - 13:59,Midday / afternoon,False,False,True,True
1354776,Injury,Moderate Injury,2024,2024,June,Thursday,10:00 - 11:59,NEWCASTLE LINK,RD,200,East,MINMI,RD,CAMERON PARK,82.0,No,Not a school zone,Divided road,-32.902777,151.624622,Lake Macquarie,Newcastle met. area,Syd-Newc-Woll Gtr conurbation,Straight,,,,Off,Sealed,Dry,Fine,Daylight,Nil,No traffic controls,90 km/h,State,30,Rear end,301,Same - Rear end,,Rear end,Light truck utility(from 2018),4 wheel drive / SUV,2,0,0,1,0,6,June,Winter,Thursday,10:00 - 11:59,Midday / afternoon,False,False,True,True
1354777,Injury,Moderate Injury,2024,2024,March,Saturday,18:00 - 19:59,WILGA,ST,10,West,SANDRIDGE,ST,BONDI,,No,Not a school zone,X-intersection,-33.896405,151.272691,Waverley,Sydney metro. area,Syd-Newc-Woll Gtr conurbation,Straight,,,,Nil,Sealed,Dry,Fine,Daylight,Nil,No traffic controls,50 km/h,Local,71,Off rd left => obj,703,Left off cway into object,,Other angle,4 wheel drive / SUV,4 wheel drive / SUV,3,0,0,1,0,3,March,Autumn,Saturday,18:00 - 19:59,PM peak / evening commute,True,False,True,True
1354778,Injury,Moderate Injury,2024,2024,June,Friday,14:00 - 15:59,MORRIS,GR,170,North,WRIGHTS,RD,KELLYVILLE,,Yes,No,2-way undivided,-33.71189,150.975153,The Hills,Sydney metro. area,Syd-Newc-Woll Gtr conurbation,Straight,Driveway/entrance,,,Off,Sealed,Dry,Fine,Daylight,Nil,No traffic controls,50 km/h,Local,6,Ped on footpath,8,Ped - On footway/median,,Vehicle - Pedestrian,Car (sedan/hatch),Pedestrian,2,0,0,1,0,6,June,Winter,Friday,14:00 - 15:59,Midday / afternoon,False,False,True,True
1354782,Injury,Moderate Injury,2024,2024,June,Saturday,20:00 - 21:59,CRAWFORD,ST,0,Right on the spot,HURD,ST,ASHMONT,,No,Not a school zone,T-junction,-35.129422,147.326678,Wagga Wagga,Country urban,Rest of NSW - Urban,Straight,,,,On,Sealed,Dry,Fine,Darkness,Nil,No traffic controls,50 km/h,Local,85,Off rt/lft bnd=>obj,706,Left turn,Right,Vehicle - Object,Car (sedan/hatch),,1,0,0,3,0,6,June,Winter,Saturday,20:00 - 21:59,Evening / night,False,False,True,True
1354783,Injury,Moderate Injury,2024,2024,February,Tuesday,14:00 - 15:59,PRINCES,HWY,0,Right on the spot,PRESIDENT,AVE,KOGARAH,1.0,Yes,Yes,T-junction,-33.964328,151.13722,Bayside,Sydney metro. area,Syd-Newc-Woll Gtr conurbation,Straight,,Roadwks/Detour/Diverson,,Off,Sealed,Dry,Fine,Daylight,On,No traffic controls,40 km/h,State,83,Off rt/rt bnd=>obj,707,Right turn,Right,Vehicle - Object,Motorcycle,,1,0,0,1,0,2,February,Summer,Tuesday,14:00 - 15:59,Midday / afternoon,False,False,True,True
1354785,Injury,Serious Injury,2024,2024,May,Friday,14:00 - 15:59,BINGHI,RD,24300,North,CARINDA,TN,CARINDA,,No,Not a school zone,2-way undivided,-30.265615,147.605276,Walgett,Country non-urban,Rest of NSW - Rural,Straight,,,Potholes/corrugations/rough,Nil,Unsealed,Unknown,Unknown,Daylight,Nil,No traffic controls,100 km/h,Local,70,Off road to left,701,Off carriageway to left,,Rollover,Motorcycle,,1,0,1,0,0,5,May,Autumn,Friday,14:00 - 15:59,Midday / afternoon,False,False,True,True
1354786,Injury,Moderate Injury,2024,2024,June,Wednesday,18:00 - 19:59,CHANDOS,ST,10,North,CECIL,ST,ASHFIELD,,No,Not a school zone,T-junction,-33.885219,151.128829,Inner West,Sydney metro. area,Syd-Newc-Woll Gtr conurbation,Straight,,,,Nil,Sealed,Dry,Fine,Darkness,Nil,No traffic controls,50 km/h,Local,81,Off left/rt bnd=>obj,707,Right turn,Left,Other angle,Car (sedan/hatch),4 wheel drive / SUV,3,0,0,1,0,6,June,Winter,Wednesday,18:00 - 19:59,PM peak / evening commute,True,False,True,True
1354787,Injury,Moderate Injury,2024,2024,April,Thursday,18:00 - 19:59,FIRST,AVE,25,South,BLAXLAND ROAD,TO,EASTWOOD,574.0,No,Not a school zone,Other,-33.791065,151.087094,Ryde,Sydney metro. area,Syd-Newc-Woll Gtr conurbation,Curved,,,,On,Sealed,Dry,Fine,Darkness,On,Ped crossing,60 km/h,State,2,Ped far side,3,Ped - Far side,,Vehicle - Pedestrian,Car (sedan/hatch),Pedestrian,2,0,0,1,0,4,April,Autumn,Thursday,18:00 - 19:59,PM peak / evening commute,True,False,True,True
1354789,Injury,Moderate Injury,2024,2024,June,Monday,14:00 - 15:59,SILVER CITY,HWY,0,Right on the spot,IODIDE,ST,BROKEN HILL,22.0,No,Not a school zone,X-intersection,-31.956759,141.470565,Broken Hill,Country urban,Rest of NSW - Urban,Straight,,,,Nil,Sealed,Dry,Fine,Daylight,Nil,Give way sign,50 km/h,State,10,Cross traffic,101,Adj - Cross traffic,,Right angle,Station wagon,Car (sedan/hatch),2,0,0,1,0,6,June,Winter,Monday,14:00 - 15:59,Midday / afternoon,False,False,True,True
1354790,Injury,Moderate Injury,2024,2024,June,Monday,12:00 - 13:59,CASTLEREAGH,HWY,1000,South,STRATHMORE,RD,WALGETT,18.0,No,Not a school zone,2-way undivided,-29.682564,148.098364,Walgett,Country non-urban,Rest of NSW - Rural,Straight,,,,Off,Sealed,Dry,Fine,Daylight,Nil,No traffic controls,110 km/h,State,74,On road-out of cont.,705,Out of control on cway,,Rollover,4 wheel drive / SUV,,1,0,0,2,0,6,June,Winter,Monday,12:00 - 13:59,Midday / afternoon,False,False,True,True
1354795,Injury,Serious Injury,2024,2024,March,Monday,12:00 - 13:59,WYLDE,ST,0,Right on the spot,NUMBER 14-18,HN,POTTS POINT,,No,Not a school zone,2-way undivided,-33.867335,151.225354,Sydney,Sydney metro. area,Syd-Newc-Woll Gtr conurbation,Straight,Painted double centre lines,,,Off,Sealed,Dry,Fine,Daylight,Nil,No traffic controls,40 km/h,Local,40,U turn,207,Opp - U-turn,,Other angle,4 wheel drive / SUV,Motor scooter,2,0,1,0,0,3,March,Autumn,Monday,12:00 - 13:59,Midday / afternoon,False,False,True,True
1354796,Injury,Moderate Injury,2024,2024,June,Saturday,22:00 - Midnight,HENRY LAWSON,DR,900,South,HUME,HWY,LANSDOWNE,508.0,No,Not a school zone,2-way undivided,-33.896703,150.972745,Canterbury-Bankstown,Sydney metro. area,Syd-Newc-Woll Gtr conurbation,Straight,,,,Nil,Sealed,Dry,Fine,Darkness,Nil,No traffic controls,70 km/h,State,71,Off rd left => obj,703,Left off cway into object,,Vehicle - Object,4 wheel drive / SUV,,1,0,0,1,0,6,June,Winter,Saturday,22:00 - Midnight,Evening / night,False,False,True,True
1354797,Injury,Moderate Injury,2024,2024,June,Wednesday,16:00 - 17:59,SOUTH WESTERN,EXP,50,West,BELMORE ROAD,OP,RIVERWOOD,6005.0,No,Not a school zone,Dual freeway,-33.942706,151.053353,Canterbury-Bankstown,Sydney metro. area,Syd-Newc-Woll Gtr conurbation,Straight,,,,On,Sealed,Dry,Fine,Daylight,Nil,No traffic controls,100 km/h,State,30,Rear end,301,Same - Rear end,,Rear end,Car (sedan/hatch),Station wagon,4,0,0,1,0,6,June,Winter,Wednesday,16:00 - 17:59,PM peak / evening commute,True,False,True,True
1354798,Injury,Moderate Injury,2024,2024,May,Friday,10:00 - 11:59,HECTOR,ST,0,Right on the spot,WALDRON,RD,SEFTON,7101.0,No,Not a school zone,X-intersection,-33.883708,151.006723,Canterbury-Bankstown,Sydney metro. area,Syd-Newc-Woll Gtr conurbation,Straight,,,,Off,Sealed,Dry,Fine,Daylight,On,Ped crossing,60 km/h,Regional,0,Ped nearside,1,Ped - Near side,,Vehicle - Pedestrian,Light truck utility(from 2018),Pedestrian,2,0,0,2,0,5,May,Autumn,Friday,10:00 - 11:59,Midday / afternoon,False,False,True,True
1354801,Injury,Serious Injury,2024,2024,May,Thursday,08:00 - 09:59,FRANCES,ST,0,Right on the spot,GRACE,AVE,LIDCOMBE,,No,Not a school zone,T-junction,-33.850601,151.051484,Cumberland,Sydney metro. area,Syd-Newc-Woll Gtr conurbation,Straight,,,,Off,Sealed,Dry,Fine,Daylight,Nil,No traffic controls,50 km/h,Local,21,Right through,202,Opp - Right-thru,,Other angle,4 wheel drive / SUV,4 wheel drive / SUV,2,0,1,1,0,5,May,Autumn,Thursday,08:00 - 09:59,AM peak / school commute,True,False,True,True
1354805,Injury,Moderate Injury,2024,2024,June,Friday,18:00 - 19:59,GEORGE,ST,150,South,WOODS,RD,SOUTH WINDSOR,154.0,No,Not a school zone,2-way undivided,-33.627129,150.796584,Hawkesbury,Country urban,Syd-Newc-Woll Gtr conurbation,Straight,,,,On,Sealed,Wet,Raining,Darkness,Nil,No traffic controls,60 km/h,State,30,Rear end,301,Same - Rear end,,Rear end,Light truck utility(from 2018),4 wheel drive / SUV,2,0,0,1,0,6,June,Winter,Friday,18:00 - 19:59,PM peak / evening commute,True,False,True,True
1354806,Injury,Serious Injury,2024,2024,May,Saturday,12:00 - 13:59,KINGSWAY,MS,0,Right on the spot,SYLVANIA,RD,MIRANDA,227.0,No,Not a school zone,X-intersection,-34.033279,151.09247,Sutherland,Sydney metro. area,Syd-Newc-Woll Gtr conurbation,Straight,,,,Off,Sealed,Wet,Raining,Daylight,On,No traffic controls,60 km/h,State,21,Right through,202,Opp - Right-thru,,Other angle,4 wheel drive / SUV,4 wheel drive / SUV,2,0,1,1,0,5,May,Autumn,Saturday,12:00 - 13:59,Midday / afternoon,False,False,True,True
1354807,Injury,Moderate Injury,2024,2024,June,Monday,10:00 - 11:59,CLARENCE TOWN,RD,650,North,HANLEYS CREEK,RD,TABBIL CREEK,101.0,No,Not a school zone,2-way undivided,-32.42156,151.74192,Dungog,Country non-urban,Rest of NSW - Rural,Curved,Embankment/cutting,,,Nil,Sealed,Dry,Fine,Daylight,Nil,No traffic controls,100 km/h,Regional,81,Off left/rt bnd=>obj,803,Off right bend into obj,Left,Vehicle - Object,4 wheel drive / SUV,,1,0,0,2,0,6,June,Winter,Monday,10:00 - 11:59,Midday / afternoon,False,False,True,True
1354808,Injury,Moderate Injury,2024,2024,February,Saturday,18:00 - 19:59,ACACIA,AVE,0,Right on the spot,NUMBER 62,HN,WARATAH WEST,,No,Not a school zone,2-way undivided,-32.902943,151.710924,Newcastle,Newcastle met. area,Syd-Newc-Woll Gtr conurbation,Straight,Driveway/entrance,,,Nil,Sealed,Dry,Fine,Daylight,Nil,No traffic controls,50 km/h,Local,21,Right through,202,Opp - Right-thru,,Other angle,Light truck utility(from 2018),Motorcycle,3,0,0,1,0,2,February,Summer,Saturday,18:00 - 19:59,PM peak / evening commute,True,False,True,True
1354812,Injury,Serious Injury,2024,2024,May,Sunday,10:00 - 11:59,MANN,ST,0,Right on the spot,TAYLOR,ST,ARMIDALE,,No,Not a school zone,X-intersection,-30.521911,151.668998,Armidale Regional,Country urban,Rest of NSW - Urban,Straight,,,,Off,Sealed,Dry,Fine,Daylight,Nil,Stop sign,50 km/h,Local,10,Cross traffic,101,Adj - Cross traffic,,Right angle,Car (sedan/hatch),Light truck utility(from 2018),2,0,1,0,0,5,May,Autumn,Sunday,10:00 - 11:59,Midday / afternoon,False,False,True,True
1354817,Injury,Moderate Injury,2024,2024,April,Saturday,14:00 - 15:59,DAWSON,ST,85,North,WOODLARK,ST,LISMORE,65.0,No,Not a school zone,2-way undivided,-28.808046,153.28194,Lismore,Country urban,Rest of NSW - Urban,Straight,Driveway/entrance,,,Off,Sealed,Dry,Fine,Daylight,Nil,No traffic controls,60 km/h,State,30,Rear end,301,Same - Rear end,,Rear end,Light truck utility(from 2018),Car (sedan/hatch),2,0,0,1,0,4,April,Autumn,Saturday,14:00 - 15:59,Midday / afternoon,False,False,True,True
1354818,Injury,Moderate Injury,2024,2024,June,Monday,06:00 - 07:59,STURT,HWY,2600,East,WOKOLENA,RD,ALFREDTOWN,14.0,No,Not a school zone,2-way undivided,-35.162239,147.557935,Wagga Wagga,Country non-urban,Rest of NSW - Rural,Curved,Crest,,,Nil,Sealed,Dry,Fine,Daylight,Nil,No traffic controls,100 km/h,State,87,Off lft/lft bnd=>obj,804,Off left bend into obj,Left,Vehicle - Object,Light truck utility(from 2018),,1,0,0,1,0,6,June,Winter,Monday,06:00 - 07:59,AM peak / school commute,True,False,True,True
1354820,Injury,Serious Injury,2024,2024,February,Wednesday,04:00 - 05:59,SPHINX,AVE,50,West,DOYLE,RD,PADSTOW,7126.0,No,Not a school zone,2-way undivided,-33.951489,151.024976,Canterbury-Bankstown,Sydney metro. area,Syd-Newc-Woll Gtr conurbation,Curved,,,,On,Sealed,Dry,Fine,Dawn,Nil,No traffic controls,60 km/h,Regional,85,Off rt/lft bnd=>obj,804,Off left bend into obj,Right,Other angle,Car (sedan/hatch),Car (sedan/hatch),2,0,1,1,0,2,February,Summer,Wednesday,04:00 - 05:59,Late night / early morning,False,False,True,True
1354830,Injury,Moderate Injury,2024,2024,May,Saturday,18:00 - 19:59,DONALD,ST,0,Right on the spot,BEAUMONT,ST,HAMILTON,82.0,No,Not a school zone,X-intersection,-32.919682,151.747786,Newcastle,Newcastle met. area,Syd-Newc-Woll Gtr conurbation,Straight,,,,On,Sealed,Wet,Raining,Darkness,On,No traffic controls,60 km/h,State,36,Right turn sideswipe,308,Same - Rgt turn side swipe,,Other angle,Car (sedan/hatch),4 wheel drive / SUV,2,0,0,1,0,5,May,Autumn,Saturday,18:00 - 19:59,PM peak / evening commute,True,False,True,True
1354832,Injury,Serious Injury,2024,2024,May,Sunday,10:00 - 11:59,JAMBEROO,RD,0,Right on the spot,NUMBER 1521,HN,ALBION PARK,266.0,No,Not a school zone,2-way undivided,-34.595529,150.783786,Shellharbour,Wollongong met. area,Syd-Newc-Woll Gtr conurbation,Curved,Steep grade,,,Nil,Sealed,Dry,Fine,Daylight,Nil,No traffic controls,70 km/h,Regional,88,Out of cont on bend,805,Out of control on bend,,Rollover,Pedal cycle,,1,0,1,0,0,5,May,Autumn,Sunday,10:00 - 11:59,Midday / afternoon,False,False,True,True
1354840,Injury,Serious Injury,2024,2024,April,Friday,12:00 - 13:59,JAMBEROO,RD,500,East,SWAMP,RD,JAMBEROO,264.0,No,Not a school zone,2-way undivided,-34.654609,150.816887,Kiama,Country urban,Rest of NSW - Urban,Curved,Embankment/cutting,,,Nil,Sealed,Dry,Fine,Daylight,Nil,No traffic controls,80 km/h,Regional,85,Off rt/lft bnd=>obj,804,Off left bend into obj,Right,Vehicle - Object,Motorcycle,,1,0,1,0,0,4,April,Autumn,Friday,12:00 - 13:59,Midday / afternoon,False,False,True,True
1354843,Injury,Moderate Injury,2024,2024,June,Thursday,18:00 - 19:59,SUTHERLAND,ST,10,North,KING,ST,MASCOT,7023.0,No,Not a school zone,X-intersection,-33.930317,151.200006,Bayside,Sydney metro. area,Syd-Newc-Woll Gtr conurbation,Straight,,,,On,Sealed,Dry,Fine,Darkness,On,No traffic controls,50 km/h,Regional,30,Rear end,301,Same - Rear end,,Rear end,4 wheel drive / SUV,4 wheel drive / SUV,2,0,0,1,0,6,June,Winter,Thursday,18:00 - 19:59,PM peak / evening commute,True,False,True,True
1354845,Injury,Minor/Other Injury,2024,2024,April,Wednesday,22:00 - Midnight,GUINEA,ST,20,West,DAVID,ST,ALBURY,,No,Not a school zone,Divided road,-36.074774,146.921521,Albury,Country urban,Rest of NSW - Urban,Straight,Foot/cycle path/nature strip,,,On,Sealed,Dry,Fine,Darkness,Nil,No traffic controls,50 km/h,Local,74,On road-out of cont.,705,Out of control on cway,,Rollover,Motorised push scooters,,1,0,0,0,1,4,April,Autumn,Wednesday,22:00 - Midnight,Evening / night,False,False,True,True
1354848,Injury,Serious Injury,2024,2024,February,Sunday,08:00 - 09:59,ICELY,RD,2600,East,MITCHELL,HWY,ORANGE,,No,Not a school zone,2-way undivided,-33.30597,149.153952,Orange,Country urban,Rest of NSW - Urban,Curved,Steep grade,,"Loose gravel, sealed",Nil,Sealed,Dry,Fine,Daylight,Nil,No traffic controls,80 km/h,Local,85,Off rt/lft bnd=>obj,804,Off left bend into obj,Right,Vehicle - Object,Motorcycle,,1,0,1,0,0,2,February,Summer,Sunday,08:00 - 09:59,AM peak / school commute,True,False,True,True
1354849,Injury,Moderate Injury,2024,2024,June,Wednesday,06:00 - 07:59,DORA,ST,20,North,HEATON,ST,AWABA,,No,Not a school zone,2-way undivided,-33.011705,151.54042,Lake Macquarie,Newcastle met. area,Syd-Newc-Woll Gtr conurbation,Straight,,,,Nil,Sealed,Dry,Fine,Daylight,Nil,No traffic controls,50 km/h,Local,74,On road-out of cont.,705,Out of control on cway,,Rollover,Large rigid,,1,0,0,1,0,6,June,Winter,Wednesday,06:00 - 07:59,AM peak / school commute,True,False,True,True
1354853,Injury,Moderate Injury,2024,2024,February,Monday,14:00 - 15:59,ABBOTT,RD,10,East,BURILLA,AVE,NORTH CURL CURL,7346.0,No,Not a school zone,T-junction,-33.763958,151.282792,Northern Beaches,Sydney metro. area,Syd-Newc-Woll Gtr conurbation,Straight,,,,Nil,Sealed,Dry,Fine,Daylight,Nil,Give way sign,40 km/h,Regional,34,Lane change right,306,Same - Lane change right,,Other angle,Pedal cycle,Light truck utility(from 2018),2,0,0,1,0,2,February,Summer,Monday,14:00 - 15:59,Midday / afternoon,False,False,True,True
1354854,Injury,Moderate Injury,2024,2024,April,Monday,16:00 - 17:59,GLEN,ST,0,Right on the spot,NUMBER 50,HN,BELROSE,,No,Not a school zone,2-way undivided,-33.739324,151.211796,Northern Beaches,Sydney metro. area,Syd-Newc-Woll Gtr conurbation,Curved,,,,Nil,Sealed,Dry,Fine,Daylight,Nil,No traffic controls,50 km/h,Local,81,Off left/rt bnd=>obj,803,Off right bend into obj,Left,Other angle,Car (sedan/hatch),Station wagon,2,0,0,1,0,4,April,Autumn,Monday,16:00 - 17:59,PM peak / evening commute,True,False,True,True
1354856,Injury,Serious Injury,2024,2024,April,Friday,06:00 - 07:59,CUMBERLAND,HWY,250,North,M2 HILLS EXPRESSWAY,OP,BEECROFT,13.0,No,Not a school zone,Divided road,-33.756408,151.048552,Hornsby,Sydney metro. area,Syd-Newc-Woll Gtr conurbation,Straight,,,,Off,Sealed,Dry,Fine,Daylight,Nil,No traffic controls,70 km/h,State,35,Lane change left,307,Same - Lane change left,,Other angle,Motorcycle,Car (sedan/hatch),2,0,1,0,0,4,April,Autumn,Friday,06:00 - 07:59,AM peak / school commute,True,False,True,True
1354857,Injury,Moderate Injury,2024,2024,May,Sunday,16:00 - 17:59,OBLEY,RD,150,West,GOODRICH,RD,YEOVAL,,No,Not a school zone,2-way undivided,-32.747122,148.606439,Cabonne,Country non-urban,Rest of NSW - Rural,Straight,,,,Nil,Sealed,Dry,Fine,Daylight,Nil,No traffic controls,100 km/h,Local,70,Off road to left,701,Off carriageway to left,,Rollover,Car (sedan/hatch),,1,0,0,1,0,5,May,Autumn,Sunday,16:00 - 17:59,PM peak / evening commute,True,False,True,True
1354858,Injury,Serious Injury,2024,2024,March,Friday,16:00 - 17:59,MANN,ST,0,Right on the spot,NUMBER 37,HN,NAMBUCCA HEADS,,No,Not a school zone,2-way undivided,-30.641155,152.997174,Nambucca Valley,Country urban,Rest of NSW - Urban,Curved,,,,Nil,Sealed,Dry,Fine,Daylight,Nil,No traffic controls,50 km/h,Local,0,Ped nearside,1,Ped - Near side,,Vehicle - Pedestrian,Station wagon,Pedestrian,2,0,1,0,0,3,March,Autumn,Friday,16:00 - 17:59,PM peak / evening commute,True,False,True,True
1354859,Injury,Moderate Injury,2024,2024,May,Thursday,16:00 - 17:59,PRINCES,HWY,0,Right on the spot,NEW DAPTO,RD,WOLLONGONG,1.0,No,Not a school zone,T-junction,-34.425908,150.881815,Wollongong,Wollongong met. area,Syd-Newc-Woll Gtr conurbation,Straight,Steep grade,,,Off,Sealed,Dry,Fine,Dusk,On,No traffic controls,50 km/h,State,30,Rear end,301,Same - Rear end,,Rear end,Car (sedan/hatch),4 wheel drive / SUV,2,0,0,1,0,5,May,Autumn,Thursday,16:00 - 17:59,PM peak / evening commute,True,False,True,True
1354860,Injury,Serious Injury,2024,2024,June,Saturday,10:00 - 11:59,AUDLEY,RD,250,West,SIR BERTRAM STEVENS,DR,ROYAL NATIONAL PARK,393.0,No,Not a school zone,2-way undivided,-34.073874,151.055387,Sutherland,Sydney metro. area,Syd-Newc-Woll Gtr conurbation,Curved,Steep grade,,,Nil,Sealed,Wet,Raining,Daylight,Nil,No traffic controls,50 km/h,State,85,Off rt/lft bnd=>obj,804,Off left bend into obj,Right,Vehicle - Object,Pedal cycle,,1,0,1,0,0,6,June,Winter,Saturday,10:00 - 11:59,Midday / afternoon,False,False,True,True