crash_id,degree_of_crash,degree_of_crash_-_detailed,reporting_year,year_of_crash,month_of_crash,day_of_week_of_crash,two-hour_intervals,street_of_crash,street_type,distance,direction,identifying_feature,identifying_feature_type,town,route_no.,school_zone_location,school_zone_active,type_of_location,latitude,longitude,lga,urbanisation,conurbation_1,alignment,primary_permanent_feature,primary_temporary_feature,primary_hazardous_feature,street_lighting,road_surface,surface_condition,weather,natural_lighting,signals_operation,other_traffic_control,speed_limit,road_classification_(admin),rum_-_code,rum_-_description,dca_-_code,dca_-_description,dca_supplement,first_impact_type,key_tu_type,other_tu_type,no._of_traffic_units_involved,no._killed,no._seriously_injured,no._moderately_injured,no._minor-other_injured,month_num,month_label,season,day_label,time_label,time_band,is_peak_commute,is_fatal,is_injury,is_casualty
1354861,Injury,Moderate Injury,2024,2024,June,Monday,08:00 - 09:59,BRUXNER,HWY,0,Right on the spot,ELLIOTT,RD,SOUTH LISMORE,16.0,No,Not a school zone,Roundabout,-28.81263,153.266981,Lismore,Country urban,Rest of NSW - Urban,Straight,,,,Off,Sealed,Dry,Fine,Daylight,Nil,Give way sign,60 km/h,State,11,Right far,102,Adj - Right-thru from left,,Right angle,Motorcycle,Car (sedan/hatch),2,0,0,1,0,6,June,Winter,Monday,08:00 - 09:59,AM peak / school commute,True,False,True,True
1354863,Injury,Serious Injury,2024,2024,April,Friday,16:00 - 17:59,FARNHAM,RD,0,Right on the spot,NUMBER 151,HN,QUAKERS HILL,,No,Not a school zone,2-way undivided,-33.722503,150.904867,Blacktown,Sydney metro. area,Syd-Newc-Woll Gtr conurbation,Curved,Driveway/entrance,,,Off,Sealed,Dry,Fine,Dusk,Nil,No traffic controls,50 km/h,Local,21,Right through,202,Opp - Right-thru,,Other angle,Car (sedan/hatch),Motorcycle,2,0,1,0,0,4,April,Autumn,Friday,16:00 - 17:59,PM peak / evening commute,True,False,True,True
1354868,Injury,Serious Injury,2024,2024,June,Monday,16:00 - 17:59,COWPASTURE,RD,0,Right on the spot,MANNOW,AVE,WEST HOXTON,648.0,No,Not a school zone,X-intersection,-33.929118,150.846943,Liverpool,Sydney metro. area,Syd-Newc-Woll Gtr conurbation,Straight,,,,Off,Sealed,Dry,Fine,Daylight,On,No traffic controls,70 km/h,State,13,Right near,104,Adj - Right-thru from right,,Right angle,Car (sedan/hatch),Car (sedan/hatch),2,0,1,1,0,6,June,Winter,Monday,16:00 - 17:59,PM peak / evening commute,True,False,True,True
1354870,Injury,Moderate Injury,2024,2024,April,Sunday,18:00 - 19:59,MANIFOLD,RD,0,Right on the spot,NUMBER 257,HN,NORTH CASINO,,No,Not a school zone,2-way undivided,-28.802097,153.067157,Richmond Valley,Country urban,Rest of NSW - Urban,Straight,Steep grade,,,Nil,Sealed,Wet,Fine,Darkness,Nil,No traffic controls,80 km/h,Local,71,Off rd left => obj,703,Left off cway into object,,Vehicle - Object,Car (sedan/hatch),,1,0,0,1,0,4,April,Autumn,Sunday,18:00 - 19:59,PM peak / evening commute,True,False,True,True
1354871,Injury,Moderate Injury,2024,2024,June,Thursday,00:01 - 01:59,FASSIFERN,RD,80,North,REYNOLDS,ST,BLACKALLS PARK,,No,Not a school zone,2-way undivided,-32.993743,151.583217,Lake Macquarie,Newcastle met. area,Syd-Newc-Woll Gtr conurbation,Curved,Steep grade,,,On,Sealed,Dry,Fine,Darkness,Nil,No traffic controls,60 km/h,Local,81,Off left/rt bnd=>obj,803,Off right bend into obj,Left,Vehicle - Object,Car (sedan/hatch),,1,0,0,1,0,6,June,Winter,Thursday,00:01 - 01:59,Late night / early morning,False,False,True,True
1354872,Injury,Moderate Injury,2024,2024,June,Saturday,10:00 - 11:59,CORAKI,RD,0,Right on the spot,WYRALLAH FERRY,RD,SOUTH GUNDURIMBA,148.0,No,Not a school zone,T-junction,-28.890586,153.285648,Lismore,Country urban,Rest of NSW - Urban,Curved,Crest,,,Nil,Sealed,Dry,Overcast,Daylight,Nil,Give way sign,80 km/h,Regional,12,Left far,103,Adj - Left-thru from left,,Right angle,4 wheel drive / SUV,Utility,2,0,0,1,0,6,June,Winter,Saturday,10:00 - 11:59,Midday / afternoon,False,False,True,True
1354873,Injury,Minor/Other Injury,2024,2024,February,Tuesday,16:00 - 17:59,CANTERBURY,RD,0,Right on the spot,BELMORE,RD,PUNCHBOWL,167.0,Yes,No,T-junction,-33.931813,151.05624,Canterbury-Bankstown,Sydney metro. area,Syd-Newc-Woll Gtr conurbation,Straight,,,,Off,Sealed,Wet,Raining,Daylight,On,No traffic controls,60 km/h,State,30,Rear end,301,Same - Rear end,,Rear end,Light truck,4 wheel drive / SUV,2,0,0,0,1,2,February,Summer,Tuesday,16:00 - 17:59,PM peak / evening commute,True,False,True,True
1354880,Injury,Minor/Other Injury,2024,2024,May,Tuesday,16:00 - 17:59,MAJORS CREEK,RD,500,East,HOWLONG BURRUMBUTTOCK,RD,MOORWATHA,,No,Not a school zone,2-way undivided,-35.902401,146.731088,Greater Hume,Country non-urban,Rest of NSW - Rural,Straight,,,,Nil,Sealed,Dry,Unknown,Darkness,Nil,No traffic controls,100 km/h,Local,71,Off rd left => obj,703,Left off cway into object,,Vehicle - Object,4 wheel drive / SUV,,1,0,0,0,1,5,May,Autumn,Tuesday,16:00 - 17:59,PM peak / evening commute,True,False,True,True
1354881,Injury,Moderate Injury,2024,2024,May,Wednesday,10:00 - 11:59,HEATHCOTE,RD,400,North,PLEASURE POINT,RD,PLEASURE POINT,512.0,No,Not a school zone,2-way undivided,-33.971166,150.97958,Liverpool,Sydney metro. area,Syd-Newc-Woll Gtr conurbation,Straight,Painted double centre lines,,,Nil,Sealed,Dry,Fine,Daylight,Nil,No traffic controls,80 km/h,State,54,Cutting in,504,Ovtak - Cutting in,,Other angle,Car (sedan/hatch),Car (sedan/hatch),3,0,0,2,1,5,May,Autumn,Wednesday,10:00 - 11:59,Midday / afternoon,False,False,True,True
1354886,Injury,Moderate Injury,2024,2024,February,Tuesday,06:00 - 07:59,OLYMPIC,HWY,50,South,RHODES,RD,YOUNG,78.0,No,Not a school zone,2-way undivided,-34.378467,148.259599,Hilltops,Country non-urban,Rest of NSW - Rural,Curved,,,,Nil,Sealed,Wet,Raining,Dawn,Nil,No traffic controls,100 km/h,State,83,Off rt/rt bnd=>obj,803,Off right bend into obj,Right,Vehicle - Object,Light truck utility(from 2018),,1,0,0,1,0,2,February,Summer,Tuesday,06:00 - 07:59,AM peak / school commute,True,False,True,True
1354889,Injury,Moderate Injury,2024,2024,May,Saturday,22:00 - Midnight,OCEAN,ST,100,West,REDHEAD,RD,DUDLEY,325.0,No,Not a school zone,2-way undivided,-32.987738,151.714423,Lake Macquarie,Newcastle met. area,Syd-Newc-Woll Gtr conurbation,Curved,,,,Nil,Sealed,Wet,Raining,Darkness,Nil,No traffic controls,60 km/h,Regional,85,Off rt/lft bnd=>obj,804,Off left bend into obj,Right,Other angle,Unknown motor vehicle,Utility,3,0,0,1,0,5,May,Autumn,Saturday,22:00 - Midnight,Evening / night,False,False,True,True
1354890,Injury,Serious Injury,2024,2024,June,Friday,20:00 - 21:59,PRESIDENT,AVE,0,Right on the spot,AMPOL PETROL STATION,ENT,KOGARAH,667.0,No,Not a school zone,2-way undivided,-33.964929,151.141432,Bayside,Sydney metro. area,Syd-Newc-Woll Gtr conurbation,Straight,Driveway/entrance,,,On,Sealed,Wet,Fine,Darkness,Nil,No traffic controls,60 km/h,State,32,Right rear,303,Same - Rear right,,Rear end,Motorcycle,Car (sedan/hatch),2,0,1,0,0,6,June,Winter,Friday,20:00 - 21:59,Evening / night,False,False,True,True
1354891,Injury,Moderate Injury,2024,2024,May,Thursday,14:00 - 15:59,JAMBEROO MOUNTAIN,RD,150,East,BARREN GROUNDS,RD,JAMBEROO,264.0,No,Not a school zone,2-way undivided,-34.668154,150.712237,Kiama,Country urban,Rest of NSW - Urban,Curved,Steep grade,,Other hazardous feature,Nil,Sealed,Dry,Fine,Daylight,Nil,No traffic controls,60 km/h,Regional,81,Off left/rt bnd=>obj,803,Off right bend into obj,Left,Vehicle - Object,Motorcycle,,1,0,0,1,0,5,May,Autumn,Thursday,14:00 - 15:59,Midday / afternoon,False,False,True,True
1354892,Injury,Serious Injury,2024,2024,April,Sunday,12:00 - 13:59,NEWCASTLE,EXP,300,South,MANDALONG ROAD,OP,MORISSET,6003.0,No,Not a school zone,Dual freeway,-33.121067,151.467147,Lake Macquarie,Newcastle met. area,Syd-Newc-Woll Gtr conurbation,Straight,,,,Nil,Sealed,Dry,Fine,Daylight,Nil,No traffic controls,110 km/h,State,30,Rear end,301,Same - Rear end,,Rear end,Motorcycle,4 wheel drive / SUV,2,0,1,0,0,4,April,Autumn,Sunday,12:00 - 13:59,Midday / afternoon,False,False,True,True
1354893,Injury,Serious Injury,2024,2024,April,Friday,06:00 - 07:59,QUEEN VICTORIA,ST,0,Right on the spot,WARIALDA,ST,KOGARAH,7009.0,No,Not a school zone,Roundabout,-33.960917,151.130137,Bayside,Sydney metro. area,Syd-Newc-Woll Gtr conurbation,Straight,,,,Off,Sealed,Dry,Fine,Daylight,Nil,Give way sign,50 km/h,Regional,10,Cross traffic,101,Adj - Cross traffic,,Right angle,Light truck utility(from 2018),Car (sedan/hatch),2,0,1,0,0,4,April,Autumn,Friday,06:00 - 07:59,AM peak / school commute,True,False,True,True
1354894,Injury,Moderate Injury,2024,2024,March,Thursday,08:00 - 09:59,SOUTH WESTERN,EXP,50,South,M7 WESTLINK EXPRESSWAY,TO,EDMONDSON PARK,6005.0,No,Not a school zone,Dual freeway,-33.961263,150.875642,Liverpool,Sydney metro. area,Syd-Newc-Woll Gtr conurbation,Straight,,,,Nil,Sealed,Dry,Fine,Daylight,Nil,No traffic controls,100 km/h,State,30,Rear end,301,Same - Rear end,,Rear end,Motorcycle,Light truck utility(from 2018),2,0,0,1,0,3,March,Autumn,Thursday,08:00 - 09:59,AM peak / school commute,True,False,True,True
1354897,Injury,Moderate Injury,2024,2024,March,Thursday,22:00 - Midnight,PACIFIC,HWY,1000,South,YIRRA,RD,ASQUITH,10.0,No,Not a school zone,2-way undivided,-33.68525,151.109992,Hornsby,Sydney metro. area,Syd-Newc-Woll Gtr conurbation,Curved,,,,On,Sealed,Dry,Fine,Darkness,Nil,No traffic controls,60 km/h,State,88,Out of cont on bend,805,Out of control on bend,,Rollover,Motorcycle,,1,0,0,1,0,3,March,Autumn,Thursday,22:00 - Midnight,Evening / night,False,False,True,True
1354904,Injury,Moderate Injury,2024,2024,February,Monday,18:00 - 19:59,BONSHAW,RD,396,North,ASHFORD CEMETERY,RD,ASHFORD,137.0,No,Not a school zone,2-way undivided,-29.309588,151.104166,Inverell,Country non-urban,Rest of NSW - Rural,Curved,,,,Nil,Sealed,Dry,Fine,Daylight,Nil,No traffic controls,100 km/h,Regional,84,Off right/left bend,802,Off cway left bend,Right,Rollover,Light truck,,1,0,0,2,0,2,February,Summer,Monday,18:00 - 19:59,PM peak / evening commute,True,False,True,True
1354905,Injury,Minor/Other Injury,2024,2024,June,Saturday,08:00 - 09:59,GOULBURN,ST,0,Right on the spot,PITT,ST,SYDNEY,7305.0,No,Not a school zone,X-intersection,-33.878094,151.207429,Sydney,Sydney metro. area,Syd-Newc-Woll Gtr conurbation,Straight,,,,Off,Sealed,Wet,Raining,Daylight,On,No traffic controls,40 km/h,Regional,35,Lane change left,307,Same - Lane change left,,Other angle,Car (sedan/hatch),Car (sedan/hatch),2,0,0,0,1,6,June,Winter,Saturday,08:00 - 09:59,AM peak / school commute,True,False,True,True
1354907,Injury,Serious Injury,2024,2024,June,Friday,08:00 - 09:59,MITCHELL,HWY,200,West,THE OLD,RD,GEURIE,7.0,No,Not a school zone,2-way undivided,-32.416429,148.84573,Dubbo Regional,Country non-urban,Rest of NSW - Rural,Curved,,,Flooded/submerged,Nil,Sealed,Wet,Raining,Daylight,Nil,No traffic controls,90 km/h,State,86,Off left/left bend,802,Off cway left bend,Left,Rollover,Motorcycle,,1,0,1,0,0,6,June,Winter,Friday,08:00 - 09:59,AM peak / school commute,True,False,True,True
1354911,Injury,Serious Injury,2024,2024,June,Monday,10:00 - 11:59,HERRING,RD,0,Right on the spot,DUNMORE LANG COLLEGE,ENT,MACQUARIE PARK,7486.0,No,Not a school zone,Divided road,-33.778841,151.116465,Ryde,Sydney metro. area,Syd-Newc-Woll Gtr conurbation,Straight,Bus/transit lane,,,Off,Sealed,Dry,Fine,Daylight,Nil,No traffic controls,50 km/h,Regional,37,Left turn sideswipe,309,Same - Left turn side swipe,,Other angle,4 wheel drive / SUV,Motor scooter,2,0,1,0,0,6,June,Winter,Monday,10:00 - 11:59,Midday / afternoon,False,False,True,True
1354912,Injury,Moderate Injury,2024,2024,March,Thursday,16:00 - 17:59,PUNCHBOWL,RD,20,East,ROBINSON,ST,BELFIELD,549.0,No,Not a school zone,2-way undivided,-33.903797,151.081477,Strathfield,Sydney metro. area,Syd-Newc-Woll Gtr conurbation,Straight,,,,Nil,Sealed,Dry,Fine,Dusk,Nil,No traffic controls,60 km/h,State,30,Rear end,301,Same - Rear end,,Rear end,Car (sedan/hatch),Car (sedan/hatch),2,0,0,1,0,3,March,Autumn,Thursday,16:00 - 17:59,PM peak / evening commute,True,False,True,True
1354914,Injury,Serious Injury,2024,2024,March,Monday,08:00 - 09:59,BOORGA,RD,0,Right on the spot,NEW FARMS,RD,NERICON,,No,Not a school zone,X-intersection,-34.18063,146.047902,Griffith,Country urban,Rest of NSW - Urban,Curved,,,,Nil,Sealed,Dry,Fine,Daylight,Nil,No traffic controls,80 km/h,Local,80,Off left/right bend,801,Off cway right bend,Left,Rollover,Semi-trailer,,1,0,1,0,0,3,March,Autumn,Monday,08:00 - 09:59,AM peak / school commute,True,False,True,True
1354915,Injury,Serious Injury,2024,2024,April,Monday,06:00 - 07:59,BEXLEY,RD,0,Right on the spot,WILLIAM,ST,EARLWOOD,169.0,No,Not a school zone,X-intersection,-33.92773,151.108917,Canterbury-Bankstown,Sydney metro. area,Syd-Newc-Woll Gtr conurbation,Straight,,,,Off,Sealed,Dry,Fine,Daylight,On,No traffic controls,60 km/h,State,2,Ped far side,3,Ped - Far side,,Vehicle - Pedestrian,Car (sedan/hatch),Pedestrian,2,0,1,0,0,4,April,Autumn,Monday,06:00 - 07:59,AM peak / school commute,True,False,True,True
1354921,Injury,Serious Injury,2024,2024,June,Monday,12:00 - 13:59,ANZAC,PDE,150,South,FITZGERALD,AVE,MAROUBRA,661.0,No,Not a school zone,Divided road,-33.947524,151.240469,Randwick,Sydney metro. area,Syd-Newc-Woll Gtr conurbation,Straight,,,,Nil,Sealed,Dry,Fine,Daylight,Nil,No traffic controls,60 km/h,State,71,Off rd left => obj,703,Left off cway into object,,Other angle,Car (sedan/hatch),Car (sedan/hatch),2,0,2,0,0,6,June,Winter,Monday,12:00 - 13:59,Midday / afternoon,False,False,True,True
1354922,Injury,Moderate Injury,2024,2024,May,Saturday,10:00 - 11:59,COWPER,ST,0,Right on the spot,KOKERA,ST,WALLSEND,,No,Not a school zone,Roundabout,-32.904096,151.66736,Newcastle,Newcastle met. area,Syd-Newc-Woll Gtr conurbation,Straight,,,,Nil,Sealed,Dry,Overcast,Daylight,Nil,Give way sign,60 km/h,Local,36,Right turn sideswipe,308,Same - Rgt turn side swipe,,Other angle,4 wheel drive / SUV,Pedal cycle,2,0,0,1,0,5,May,Autumn,Saturday,10:00 - 11:59,Midday / afternoon,False,False,True,True
1354923,Injury,Serious Injury,2024,2024,February,Thursday,10:00 - 11:59,PARK,ST,0,Right on the spot,NUMBER 532-540,HN,SYDNEY,7307.0,No,Not a school zone,2-way undivided,-33.873069,151.207438,Sydney,Sydney metro. area,Syd-Newc-Woll Gtr conurbation,Straight,,,,Off,Sealed,Dry,Fine,Daylight,Nil,No traffic controls,40 km/h,Regional,3,Ped on carriageway,4,Ped - On carriageway,,Vehicle - Pedestrian,Light truck utility(from 2018),Pedestrian,2,0,1,0,0,2,February,Summer,Thursday,10:00 - 11:59,Midday / afternoon,False,False,True,True
1354926,Injury,Minor/Other Injury,2024,2024,March,Friday,22:00 - Midnight,CENTRAL COAST,HWY,40,South,VAUGHAN,AVE,GOSFORD,30.0,No,Not a school zone,Divided road,-33.431422,151.339723,Central Coast,Country urban,Syd-Newc-Woll Gtr conurbation,Straight,,,,On,Sealed,Dry,Fine,Darkness,On,Ped crossing,60 km/h,State,0,Ped nearside,1,Ped - Near side,,Vehicle - Pedestrian,Car (sedan/hatch),Pedestrian,2,0,0,0,1,3,March,Autumn,Friday,22:00 - Midnight,Evening / night,False,False,True,True
1354928,Injury,Minor/Other Injury,2024,2024,March,Wednesday,08:00 - 09:59,GREAT WESTERN,HWY,50,East,HUNTINGWOOD,DR,HUNTINGWOOD,5.0,No,Not a school zone,Divided road,-33.795757,150.889167,Blacktown,Sydney metro. area,Syd-Newc-Woll Gtr conurbation,Straight,,,,Nil,Sealed,Dry,Fine,Daylight,Nil,No traffic controls,80 km/h,State,30,Rear end,301,Same - Rear end,,Rear end,4 wheel drive / SUV,4 wheel drive / SUV,3,0,0,0,1,3,March,Autumn,Wednesday,08:00 - 09:59,AM peak / school commute,True,False,True,True
1354929,Injury,Moderate Injury,2024,2024,May,Friday,06:00 - 07:59,HENRY PARKES,WAY,400,East,STAIRCASE,RD,PARKES,61.0,No,Not a school zone,2-way undivided,-33.156213,148.34309,Parkes,Country non-urban,Rest of NSW - Rural,Curved,,,,Nil,Sealed,Wet,Raining,Daylight,Nil,No traffic controls,100 km/h,State,86,Off left/left bend,802,Off cway left bend,Left,Rollover,Light truck utility(from 2018),,1,0,0,1,0,5,May,Autumn,Friday,06:00 - 07:59,AM peak / school commute,True,False,True,True
1354930,Injury,Serious Injury,2024,2024,January,Monday,08:00 - 09:59,CHARLES,ST,0,Right on the spot,MACQUARIE,ST,PARRAMATTA,,Yes,No,X-intersection,-33.816376,151.008804,Parramatta,Sydney metro. area,Syd-Newc-Woll Gtr conurbation,Straight,,,,Off,Sealed,Dry,Fine,Daylight,On,No traffic controls,40 km/h,Local,10,Cross traffic,101,Adj - Cross traffic,,Right angle,Pedal cycle,Car (sedan/hatch),2,0,1,0,0,1,January,Summer,Monday,08:00 - 09:59,AM peak / school commute,True,False,True,True
1354932,Injury,Moderate Injury,2024,2024,February,Thursday,12:00 - 13:59,GEORGE BASS,DR,150,North,ESTUARY,WAY,MOSSY POINT,7630.0,No,Not a school zone,2-way undivided,-35.827376,150.177134,Eurobodalla,Country urban,Rest of NSW - Urban,Straight,Embankment/cutting,,,Nil,Sealed,Dry,Fine,Daylight,Nil,No traffic controls,80 km/h,Regional,71,Off rd left => obj,703,Left off cway into object,,Vehicle - Object,Station wagon,,1,0,0,1,0,2,February,Summer,Thursday,12:00 - 13:59,Midday / afternoon,False,False,True,True
1354938,Injury,Moderate Injury,2024,2024,June,Friday,14:00 - 15:59,OXLEY,HWY,21080,East,COONABARABRAN,TN,ROCKY GLEN,11.0,No,Not a school zone,2-way undivided,-31.180235,149.486746,Warrumbungle,Country non-urban,Rest of NSW - Rural,Straight,Ditch/drain/culvert,,,Nil,Sealed,Dry,Fine,Daylight,Nil,No traffic controls,100 km/h,State,70,Off road to left,701,Off carriageway to left,,Rollover,4 wheel drive / SUV,,1,0,0,2,0,6,June,Winter,Friday,14:00 - 15:59,Midday / afternoon,False,False,True,True
1354939,Injury,Moderate Injury,2024,2024,February,Tuesday,02:00 - 03:59,ERNEST,AVE,0,Right on the spot,NUMBER 10,HN,CHIPPING NORTON,,No,Not a school zone,2-way undivided,-33.912928,150.96198,Liverpool,Sydney metro. area,Syd-Newc-Woll Gtr conurbation,Straight,,,,On,Sealed,Wet,Raining,Darkness,Nil,No traffic controls,50 km/h,Local,73,Off rd rght => obj,704,Right off cway into obj,,Other angle,Car (sedan/hatch),Car (sedan/hatch),2,0,0,1,0,2,February,Summer,Tuesday,02:00 - 03:59,Late night / early morning,False,False,True,True
1354941,Injury,Minor/Other Injury,2024,2024,February,Thursday,08:00 - 09:59,AUBURN,ST,0,Right on the spot,AUSTRALIA POST,OT,GOULBURN,,No,Not a school zone,Divided road,-34.755052,149.718123,Goulburn Mulwaree,Country urban,Rest of NSW - Urban,Straight,,,,Off,Sealed,Dry,Fine,Daylight,Nil,No traffic controls,40 km/h,Local,9,Ped other,0,Ped - other,,Vehicle - Pedestrian,4 wheel drive / SUV,Pedestrian,2,0,0,0,1,2,February,Summer,Thursday,08:00 - 09:59,AM peak / school commute,True,False,True,True
1354943,Injury,Moderate Injury,2024,2024,March,Saturday,14:00 - 15:59,BRENAN,ST,0,Right on the spot,THE BOULEVARDE,MS,SMITHFIELD,,No,Not a school zone,Roundabout,-33.85785,150.939681,Fairfield,Sydney metro. area,Syd-Newc-Woll Gtr conurbation,Straight,,,,Nil,Sealed,Dry,Fine,Daylight,Nil,Give way sign,50 km/h,Local,10,Cross traffic,101,Adj - Cross traffic,,Right angle,Car (sedan/hatch),Light truck,2,0,0,1,0,3,March,Autumn,Saturday,14:00 - 15:59,Midday / afternoon,False,False,True,True
1354947,Injury,Moderate Injury,2024,2024,March,Monday,20:00 - 21:59,KEITH COMPTON,DR,0,Right on the spot,NAVIGATORS,WAY,TWEED HEADS,,No,Not a school zone,T-junction,-28.180234,153.543783,Tweed,Country urban,Rest of NSW - Urban,Curved,,,,On,Sealed,Dry,Fine,Darkness,Nil,Give way sign,50 km/h,Local,81,Off left/rt bnd=>obj,803,Off right bend into obj,Left,Vehicle - Object,Car (sedan/hatch),,1,0,0,1,0,3,March,Autumn,Monday,20:00 - 21:59,Evening / night,False,False,True,True
1354949,Injury,Serious Injury,2024,2024,June,Monday,16:00 - 17:59,OXLEY,HWY,500,West,BURRAWAN FOREST,DR,SANCROX,11.0,No,Not a school zone,2-way undivided,-31.46824,152.800233,Port Macquarie-Hastings,Country non-urban,Rest of NSW - Rural,Curved,Steep grade,,,Nil,Sealed,Dry,Fine,Dusk,Nil,No traffic controls,90 km/h,State,67,Struck animal,609,On path - Hit animal,,Vehicle - Animal,Motorcycle,,1,0,1,0,0,6,June,Winter,Monday,16:00 - 17:59,PM peak / evening commute,True,False,True,True
1354950,Injury,Moderate Injury,2024,2024,May,Thursday,12:00 - 13:59,CATHCART,ST,0,Right on the spot,LANSDOWNE,ST,GOULBURN,,No,Not a school zone,T-junction,-34.765328,149.69357,Goulburn Mulwaree,Country urban,Rest of NSW - Urban,Straight,,,,Nil,Sealed,Wet,Overcast,Daylight,Nil,Give way sign,50 km/h,Local,81,Off left/rt bnd=>obj,707,Right turn,Left,Vehicle - Object,Car (sedan/hatch),,1,0,0,1,0,5,May,Autumn,Thursday,12:00 - 13:59,Midday / afternoon,False,False,True,True
1354952,Injury,Serious Injury,2024,2024,May,Thursday,08:00 - 09:59,MONA,ST,20,East,CLYDE,ST,SOUTH GRANVILLE,7468.0,No,Not a school zone,2-way undivided,-33.847181,151.012871,Cumberland,Sydney metro. area,Syd-Newc-Woll Gtr conurbation,Straight,,,,On,Sealed,Dry,Fine,Daylight,Nil,No traffic controls,50 km/h,Regional,2,Ped far side,3,Ped - Far side,,Vehicle - Pedestrian,Utility,Pedestrian,2,0,1,0,0,5,May,Autumn,Thursday,08:00 - 09:59,AM peak / school commute,True,False,True,True
1354953,Injury,Serious Injury,2024,2024,May,Thursday,18:00 - 19:59,JOHN RENSHAW,DR,0,Right on the spot,NEW ENGLAND,HWY,BERESFIELD,588.0,No,Not a school zone,X-intersection,-32.813624,151.635647,Newcastle,Newcastle met. area,Syd-Newc-Woll Gtr conurbation,Straight,,,,On,Sealed,Dry,Fine,Darkness,On,No traffic controls,60 km/h,State,10,Cross traffic,101,Adj - Cross traffic,,Right angle,Light truck utility(from 2018),4 wheel drive / SUV,3,0,1,0,0,5,May,Autumn,Thursday,18:00 - 19:59,PM peak / evening commute,True,False,True,True
1354956,Injury,Moderate Injury,2024,2024,March,Sunday,14:00 - 15:59,CAMDEN VALLEY,WAY,0,Right on the spot,SOMERSET,AVE,NARELLAN,178.0,No,Not a school zone,T-junction,-34.039737,150.738496,Camden,Sydney metro. area,Syd-Newc-Woll Gtr conurbation,Straight,,,,Off,Sealed,Dry,Overcast,Daylight,On,No traffic controls,60 km/h,State,13,Right near,104,Adj - Right-thru from right,,Right angle,4 wheel drive / SUV,Car (sedan/hatch),2,0,0,1,0,3,March,Autumn,Sunday,14:00 - 15:59,Midday / afternoon,False,False,True,True
1354960,Injury,Moderate Injury,2024,2024,May,Saturday,12:00 - 13:59,GLEDSWOOD HILLS,DR,300,South,RABY,RD,GLEDSWOOD HILLS,,No,Not a school zone,2-way undivided,-34.010361,150.793847,Camden,Sydney metro. area,Syd-Newc-Woll Gtr conurbation,Straight,,,,Off,Sealed,Dry,Fine,Daylight,Nil,No traffic controls,50 km/h,Local,73,Off rd rght => obj,704,Right off cway into obj,,Other angle,Motorcycle,4 wheel drive / SUV,2,0,0,1,0,5,May,Autumn,Saturday,12:00 - 13:59,Midday / afternoon,False,False,True,True
1354962,Injury,Moderate Injury,2024,2024,April,Wednesday,18:00 - 19:59,POWER RIDGE,MS,0,Right on the spot,THE STRAIGHT,MS,ORAN PARK,,No,Not a school zone,X-intersection,-34.008845,150.730815,Camden,Sydney metro. area,Syd-Newc-Woll Gtr conurbation,Straight,,,,Nil,Sealed,Dry,Fine,Dusk,Nil,Give way sign,50 km/h,Local,13,Right near,104,Adj - Right-thru from right,,Right angle,4 wheel drive / SUV,Car (sedan/hatch),2,0,0,1,0,4,April,Autumn,Wednesday,18:00 - 19:59,PM peak / evening commute,True,False,True,True
1354963,Injury,Moderate Injury,2024,2024,June,Wednesday,14:00 - 15:59,BERALA,ST,0,Right on the spot,TICHBORNE,CRES,KOORINGAL,,No,Not a school zone,X-intersection,-35.145557,147.378813,Wagga Wagga,Country urban,Rest of NSW - Urban,Straight,,,,Nil,Sealed,Dry,Fine,Daylight,Nil,Give way sign,50 km/h,Local,10,Cross traffic,101,Adj - Cross traffic,,Right angle,4 wheel drive / SUV,4 wheel drive / SUV,2,0,0,1,0,6,June,Winter,Wednesday,14:00 - 15:59,Midday / afternoon,False,False,True,True
1354964,Injury,Serious Injury,2024,2024,June,Tuesday,14:00 - 15:59,RAILWAY,PDE,0,Right on the spot,NUMBER 68-70,HN,KOGARAH,7006.0,No,Not a school zone,2-way undivided,-33.96319,151.132688,Georges River,Sydney metro. area,Syd-Newc-Woll Gtr conurbation,Straight,,,,Off,Sealed,Dry,Fine,Daylight,Nil,No traffic controls,50 km/h,Regional,0,Ped nearside,1,Ped - Near side,,Vehicle - Pedestrian,Unknown motor vehicle,Pedestrian,2,0,1,0,0,6,June,Winter,Tuesday,14:00 - 15:59,Midday / afternoon,False,False,True,True
1354969,Injury,Minor/Other Injury,2024,2024,May,Friday,06:00 - 07:59,AUBURN,RD,0,Right on the spot,MT AUBURN,RD,AUBURN,,No,Not a school zone,X-intersection,-33.867128,151.029297,Cumberland,Sydney metro. area,Syd-Newc-Woll Gtr conurbation,Straight,Steep grade,,,Nil,Sealed,Dry,Fine,Daylight,Nil,Stop sign,50 km/h,Local,10,Cross traffic,101,Adj - Cross traffic,,Right angle,Car (sedan/hatch),Car (sedan/hatch),2,0,0,0,1,5,May,Autumn,Friday,06:00 - 07:59,AM peak / school commute,True,False,True,True
1354975,Injury,Moderate Injury,2024,2024,May,Thursday,16:00 - 17:59,BOUNDARY,ST,0,Right on the spot,IVY,ST,DARLINGTON,,No,Not a school zone,X-intersection,-33.889236,151.195385,Sydney,Sydney metro. area,Syd-Newc-Woll Gtr conurbation,Straight,,,,Off,Sealed,Dry,Fine,Dusk,Nil,Give way sign,40 km/h,Local,10,Cross traffic,101,Adj - Cross traffic,,Right angle,Pedal cycle,Station wagon,2,0,0,2,0,5,May,Autumn,Thursday,16:00 - 17:59,PM peak / evening commute,True,False,True,True