crash_id,degree_of_crash,degree_of_crash_-_detailed,reporting_year,year_of_crash,month_of_crash,day_of_week_of_crash,two-hour_intervals,street_of_crash,street_type,distance,direction,identifying_feature,identifying_feature_type,town,route_no.,school_zone_location,school_zone_active,type_of_location,latitude,longitude,lga,urbanisation,conurbation_1,alignment,primary_permanent_feature,primary_temporary_feature,primary_hazardous_feature,street_lighting,road_surface,surface_condition,weather,natural_lighting,signals_operation,other_traffic_control,speed_limit,road_classification_(admin),rum_-_code,rum_-_description,dca_-_code,dca_-_description,dca_supplement,first_impact_type,key_tu_type,other_tu_type,no._of_traffic_units_involved,no._killed,no._seriously_injured,no._moderately_injured,no._minor-other_injured,month_num,month_label,season,day_label,time_label,time_band,is_peak_commute,is_fatal,is_injury,is_casualty
1354976,Injury,Moderate Injury,2024,2024,March,Friday,18:00 - 19:59,COOPER,DR,0,Right on the spot,NUMBER 553,HN,CLANDULLA,,No,Not a school zone,2-way undivided,-32.909626,149.951182,Mid-Western Regional,Country urban,Rest of NSW - Urban,Curved,Driveway/entrance,,,Nil,Sealed,Dry,Fine,Dusk,Nil,No traffic controls,80 km/h,Local,49,Other manoeuvring,400,Manov - other,,Other angle,Light truck utility(from 2018),,1,0,0,1,0,3,March,Autumn,Friday,18:00 - 19:59,PM peak / evening commute,True,False,True,True
1354977,Injury,Serious Injury,2024,2024,April,Friday,18:00 - 19:59,LAWRENCE HARGRAVE,DR,0,Right on the spot,NUMBER 621,HN,WOMBARRA,185.0,No,Not a school zone,2-way undivided,-34.282735,150.952547,Wollongong,Wollongong met. area,Syd-Newc-Woll Gtr conurbation,Curved,,,Other hazardous feature,On,Sealed,Dry,Fine,Dusk,Nil,No traffic controls,50 km/h,State,85,Off rt/lft bnd=>obj,804,Off left bend into obj,Right,Vehicle - Object,Motorcycle,,1,0,1,0,0,4,April,Autumn,Friday,18:00 - 19:59,PM peak / evening commute,True,False,True,True
1354985,Injury,Serious Injury,2024,2024,May,Sunday,18:00 - 19:59,MARCO,AVE,60,West,SIMMONS,ST,REVESBY,,No,Not a school zone,2-way undivided,-33.95186,151.014991,Canterbury-Bankstown,Sydney metro. area,Syd-Newc-Woll Gtr conurbation,Straight,Driveway/entrance,,,On,Sealed,Dry,Fine,Darkness,Nil,No traffic controls,50 km/h,Local,21,Right through,202,Opp - Right-thru,,Other angle,Car (sedan/hatch),Motorcycle,2,0,1,0,0,5,May,Autumn,Sunday,18:00 - 19:59,PM peak / evening commute,True,False,True,True
1354989,Injury,Serious Injury,2024,2024,May,Wednesday,12:00 - 13:59,HOLDEN,ST,83,South,FIRST,ST,CANTERBURY,,Yes,No,2-way undivided,-33.904786,151.122853,Canterbury-Bankstown,Sydney metro. area,Syd-Newc-Woll Gtr conurbation,Straight,,,,Off,Sealed,Dry,Fine,Daylight,Nil,No traffic controls,50 km/h,Local,2,Ped far side,3,Ped - Far side,,Vehicle - Pedestrian,Light truck,Pedestrian,2,0,1,0,0,5,May,Autumn,Wednesday,12:00 - 13:59,Midday / afternoon,False,False,True,True
1354991,Injury,Moderate Injury,2024,2024,April,Tuesday,16:00 - 17:59,BOX,RD,50,East,PRINCES,HWY,SYLVANIA,,No,Not a school zone,2-way undivided,-34.019963,151.090926,Sutherland,Sydney metro. area,Syd-Newc-Woll Gtr conurbation,Straight,,,,Nil,Sealed,Dry,Fine,Daylight,Nil,No traffic controls,50 km/h,Local,30,Rear end,301,Same - Rear end,,Rear end,4 wheel drive / SUV,4 wheel drive / SUV,2,0,0,1,0,4,April,Autumn,Tuesday,16:00 - 17:59,PM peak / evening commute,True,False,True,True
1354992,Injury,Moderate Injury,2024,2024,May,Thursday,16:00 - 17:59,KESTERTON RISE,DR,50,South,WINE COUNTRY,DR,BRANXTON,,No,Not a school zone,Divided road,-32.669551,151.357639,Cessnock,Country urban,Rest of NSW - Urban,Curved,,,,Nil,Sealed,Dry,Fine,Dusk,Nil,No traffic controls,50 km/h,Local,88,Out of cont on bend,805,Out of control on bend,,Rollover,Motorcycle,,1,0,0,1,0,5,May,Autumn,Thursday,16:00 - 17:59,PM peak / evening commute,True,False,True,True
1354994,Injury,Serious Injury,2024,2024,April,Saturday,12:00 - 13:59,SHOOTERS HILL,RD,50,East,ABERCROMBIE,RD,PORTERS RETREAT,,No,Not a school zone,2-way undivided,-33.994351,149.792648,Oberon,Country non-urban,Rest of NSW - Rural,Curved,Ditch/drain/culvert,,,Nil,Sealed,Dry,Fine,Daylight,Nil,No traffic controls,100 km/h,Local,86,Off left/left bend,802,Off cway left bend,Left,Rollover,Motorcycle,,1,0,1,0,0,4,April,Autumn,Saturday,12:00 - 13:59,Midday / afternoon,False,False,True,True
1354995,Injury,Serious Injury,2024,2024,April,Saturday,10:00 - 11:59,CHAMBERS,CT,0,Right on the spot,PEMBROKE,ST,EPPING,,No,Not a school zone,T-junction,-33.772355,151.083574,Parramatta,Sydney metro. area,Syd-Newc-Woll Gtr conurbation,Straight,,,,Off,Sealed,Dry,Fine,Daylight,Nil,No traffic controls,50 km/h,Local,2,Ped far side,3,Ped - Far side,,Vehicle - Pedestrian,4 wheel drive / SUV,Pedestrian,2,0,1,0,0,4,April,Autumn,Saturday,10:00 - 11:59,Midday / afternoon,False,False,True,True
1355000,Injury,Serious Injury,2024,2024,May,Thursday,14:00 - 15:59,JINGELLIC,RD,440,East,MALABAR,RD,HOLBROOK,331.0,No,Not a school zone,2-way undivided,-35.737498,147.331442,Greater Hume,Country non-urban,Rest of NSW - Rural,Straight,Driveway/entrance,,,Nil,Sealed,Dry,Fine,Daylight,Nil,No traffic controls,100 km/h,Regional,53,Overtake turning,506,Ovtak - Overtaking right turn,,Other angle,Large rigid,Semi-trailer,2,0,1,0,0,5,May,Autumn,Thursday,14:00 - 15:59,Midday / afternoon,False,False,True,True
1355003,Injury,Minor/Other Injury,2024,2024,May,Thursday,18:00 - 19:59,ROCKY POINT,RD,10,North,MARGATE,ST,KOGARAH,199.0,No,Not a school zone,T-junction,-33.980236,151.136701,Bayside,Sydney metro. area,Syd-Newc-Woll Gtr conurbation,Straight,,,,On,Sealed,Dry,Fine,Dusk,Nil,No traffic controls,60 km/h,State,49,Other manoeuvring,400,Manov - other,,Other angle,Unknown motor vehicle,Car (sedan/hatch),2,0,0,0,1,5,May,Autumn,Thursday,18:00 - 19:59,PM peak / evening commute,True,False,True,True
1355007,Injury,Minor/Other Injury,2024,2024,June,Thursday,08:00 - 09:59,CARLTON,CRES,0,Right on the spot,NUMBER 115,HN,SUMMER HILL,2028.0,No,Not a school zone,2-way undivided,-33.889848,151.13302,Inner West,Sydney metro. area,Syd-Newc-Woll Gtr conurbation,Straight,,,,Off,Sealed,Dry,Fine,Daylight,Nil,No traffic controls,50 km/h,Regional,3,Ped on carriageway,4,Ped - On carriageway,,Vehicle - Pedestrian,Passenger van,Pedestrian,2,0,0,0,1,6,June,Winter,Thursday,08:00 - 09:59,AM peak / school commute,True,False,True,True
1355009,Injury,Moderate Injury,2024,2024,April,Thursday,02:00 - 03:59,FRASER,RD,2000,West,DUNOON,RD,DUNOON,,No,Not a school zone,2-way undivided,-28.671024,153.305915,Lismore,Country urban,Rest of NSW - Urban,Straight,,,Potholes/corrugations/rough,Nil,Unsealed,Wet,Fog or mist,Darkness,Nil,No traffic controls,80 km/h,Local,73,Off rd rght => obj,704,Right off cway into obj,,Vehicle - Object,Light truck utility(from 2018),,1,0,0,1,0,4,April,Autumn,Thursday,02:00 - 03:59,Late night / early morning,False,False,True,True
1355010,Injury,Serious Injury,2024,2024,March,Saturday,16:00 - 17:59,CONNOLLY,AVE,0,Right on the spot,COURTNEY,RD,PADSTOW,,No,Not a school zone,T-junction,-33.964252,151.029106,Canterbury-Bankstown,Sydney metro. area,Syd-Newc-Woll Gtr conurbation,Straight,,,,Off,Sealed,Dry,Fine,Daylight,Nil,Stop sign,50 km/h,Local,74,On road-out of cont.,705,Out of control on cway,,Rollover,Motorcycle,,1,0,1,0,0,3,March,Autumn,Saturday,16:00 - 17:59,PM peak / evening commute,True,False,True,True
1355018,Injury,Minor/Other Injury,2024,2024,May,Thursday,04:00 - 05:59,OLD HUME,HWY,0,Right on the spot,BESSEMER,ST,MITTAGONG,258.0,No,Not a school zone,X-intersection,-34.449445,150.44295,Wingecarribee,Country urban,Rest of NSW - Urban,Straight,,,,On,Sealed,Dry,Fine,Dawn,On,No traffic controls,50 km/h,Regional,21,Right through,202,Opp - Right-thru,,Other angle,Light truck utility(from 2018),Passenger van,2,0,0,0,1,5,May,Autumn,Thursday,04:00 - 05:59,Late night / early morning,False,False,True,True
1355022,Injury,Minor/Other Injury,2024,2024,June,Monday,20:00 - 21:59,HUME,HWY,100,South,LIVERPOOL,ST,LANSVALE,2.0,No,Not a school zone,Divided road,-33.903315,150.943353,Fairfield,Sydney metro. area,Syd-Newc-Woll Gtr conurbation,Curved,Steep grade,,,On,Sealed,Dry,Fine,Darkness,Nil,No traffic controls,70 km/h,State,30,Rear end,301,Same - Rear end,,Rear end,Car (sedan/hatch),Motorcycle,2,0,0,0,1,6,June,Winter,Monday,20:00 - 21:59,Evening / night,False,False,True,True
1355023,Injury,Serious Injury,2024,2024,May,Sunday,16:00 - 17:59,HENRY LAWSON,DR,500,East,CARINYA,RD,PICNIC POINT,508.0,No,Not a school zone,2-way undivided,-33.978433,151.004263,Canterbury-Bankstown,Sydney metro. area,Syd-Newc-Woll Gtr conurbation,Straight,Painted double centre lines,,,Nil,Sealed,Dry,Fine,Dusk,Nil,No traffic controls,60 km/h,State,40,U turn,304,Same - U-turn,,Other angle,4 wheel drive / SUV,Motorcycle,2,0,1,0,0,5,May,Autumn,Sunday,16:00 - 17:59,PM peak / evening commute,True,False,True,True
1355026,Injury,Serious Injury,2024,2024,March,Wednesday,10:00 - 11:59,WENTWORTH,AVE,50,North,PAGE,ST,PAGEWOOD,344.0,No,Not a school zone,Divided road,-33.940249,151.215174,Bayside,Sydney metro. area,Syd-Newc-Woll Gtr conurbation,Straight,Foot/cycle path/nature strip,,,Nil,Sealed,Dry,Fine,Daylight,Nil,No traffic controls,70 km/h,State,9,Ped other,0,Ped - other,,Vehicle - Pedestrian,Light truck,Pedestrian,2,0,1,0,0,3,March,Autumn,Wednesday,10:00 - 11:59,Midday / afternoon,False,False,True,True
1355027,Injury,Serious Injury,2024,2024,May,Tuesday,00:01 - 01:59,WALLGROVE,RD,188,South,KOSOVICH,PL,CECIL PARK,515.0,No,Not a school zone,2-way undivided,-33.868618,150.845983,Fairfield,Sydney metro. area,Syd-Newc-Woll Gtr conurbation,Straight,,,,On,Sealed,Dry,Fine,Darkness,Nil,No traffic controls,80 km/h,State,20,Head on,201,Opp - Head on,,Head-on,4 wheel drive / SUV,4 wheel drive / SUV,2,0,1,0,2,5,May,Autumn,Tuesday,00:01 - 01:59,Late night / early morning,False,False,True,True
1355028,Injury,Serious Injury,2024,2024,January,Wednesday,16:00 - 17:59,WATTLE,ST,0,Right on the spot,NUMBER 478,HN,ULTIMO,594.0,No,Not a school zone,1-way street,-33.881652,151.19721,Sydney,Sydney metro. area,Syd-Newc-Woll Gtr conurbation,Straight,Driveway/entrance,,,Nil,Sealed,Dry,Fine,Daylight,Nil,No traffic controls,50 km/h,State,47,Emerging from drive,406,Manov - Emerging from driveway,,Right angle,Car (sedan/hatch),Motorised push scooters,2,0,1,0,0,1,January,Summer,Wednesday,16:00 - 17:59,PM peak / evening commute,True,False,True,True
1355029,Injury,Serious Injury,2024,2024,May,Friday,14:00 - 15:59,PRINCES,HWY,0,Right on the spot,MORTIMER,RD,FALLS CREEK,1.0,No,Not a school zone,T-junction,-35.001755,150.583177,Shoalhaven,Country urban,Rest of NSW - Urban,Straight,,,,Off,Sealed,Dry,Fine,Daylight,Nil,Give way sign,80 km/h,State,32,Right rear,303,Same - Rear right,,Rear end,Motorcycle,4 wheel drive / SUV,2,0,1,0,0,5,May,Autumn,Friday,14:00 - 15:59,Midday / afternoon,False,False,True,True
1355032,Injury,Serious Injury,2024,2024,April,Saturday,20:00 - 21:59,CARLISLE,AVE,100,South,EDDIE,RD,MINCHINBURY,629.0,No,Not a school zone,Divided road,-33.783229,150.812391,Blacktown,Sydney metro. area,Syd-Newc-Woll Gtr conurbation,Straight,,,,On,Sealed,Dry,Fine,Darkness,Nil,No traffic controls,70 km/h,State,20,Head on,201,Opp - Head on,,Head-on,Car (sedan/hatch),4 wheel drive / SUV,2,0,1,0,1,4,April,Autumn,Saturday,20:00 - 21:59,Evening / night,False,False,True,True
1355033,Injury,Moderate Injury,2024,2024,April,Friday,08:00 - 09:59,CANTERBURY,RD,0,Right on the spot,CHAPEL,ST,LAKEMBA,167.0,No,Not a school zone,X-intersection,-33.925397,151.086895,Canterbury-Bankstown,Sydney metro. area,Syd-Newc-Woll Gtr conurbation,Straight,,,,Off,Sealed,Dry,Fine,Daylight,On,No traffic controls,60 km/h,State,10,Cross traffic,101,Adj - Cross traffic,,Right angle,Car (sedan/hatch),Car (sedan/hatch),6,0,0,1,0,4,April,Autumn,Friday,08:00 - 09:59,AM peak / school commute,True,False,True,True
1355034,Injury,Serious Injury,2024,2024,May,Friday,14:00 - 15:59,JAMES RUSE,DR,260,North,VICTORIA ROAD,TO,PARRAMATTA,309.0,No,Not a school zone,Other,-33.80907,151.023985,Parramatta,Sydney metro. area,Syd-Newc-Woll Gtr conurbation,Curved,,,,Off,Sealed,Wet,Raining,Daylight,Nil,No traffic controls,70 km/h,State,88,Out of cont on bend,805,Out of control on bend,,Rollover,Motor scooter,,1,0,1,0,0,5,May,Autumn,Friday,14:00 - 15:59,Midday / afternoon,False,False,True,True
1355038,Injury,Moderate Injury,2024,2024,March,Friday,12:00 - 13:59,BARRIER,HWY,20,South,MITCHELL,HWY,NYNGAN,8.0,No,Not a school zone,2-way undivided,-31.554233,147.179251,Bogan,Country urban,Rest of NSW - Urban,Straight,,,Loose gravel shoulder,Nil,Sealed,Dry,Fine,Daylight,Nil,No traffic controls,80 km/h,State,70,Off road to left,701,Off carriageway to left,,Rollover,Station wagon,,1,0,0,1,0,3,March,Autumn,Friday,12:00 - 13:59,Midday / afternoon,False,False,True,True
1355040,Injury,Moderate Injury,2024,2024,June,Monday,10:00 - 11:59,ELIZABETH,DR,100,East,LAWSON,RD,BADGERYS CREEK,535.0,No,Not a school zone,2-way undivided,-33.874783,150.76122,Penrith,Sydney metro. area,Syd-Newc-Woll Gtr conurbation,Straight,,,,Off,Sealed,Dry,Fine,Daylight,Nil,No traffic controls,80 km/h,State,91,Object struck veh,610,On path - Load hit vehicle,,Vehicle - Object,Car (sedan/hatch),Unknown motor vehicle,2,0,0,1,0,6,June,Winter,Monday,10:00 - 11:59,Midday / afternoon,False,False,True,True
1355044,Injury,Serious Injury,2024,2024,May,Friday,04:00 - 05:59,NEWTOWN,RD,250,North,AUCKLAND,ST,BEGA,,No,Not a school zone,2-way undivided,-36.684547,149.837229,Bega Valley,Country urban,Rest of NSW - Urban,Curved,,,,On,Sealed,Dry,Fine,Darkness,Nil,No traffic controls,50 km/h,Local,81,Off left/rt bnd=>obj,803,Off right bend into obj,Left,Other angle,4 wheel drive / SUV,Car (sedan/hatch),2,0,1,0,0,5,May,Autumn,Friday,04:00 - 05:59,Late night / early morning,False,False,True,True
1355045,Injury,Moderate Injury,2024,2024,June,Sunday,16:00 - 17:59,PACIFIC,HWY,1000,North,BAGO,RD,HERONS CREEK,10.0,No,Not a school zone,Divided road,-31.562733,152.739887,Port Macquarie-Hastings,Country non-urban,Rest of NSW - Rural,Straight,,,,Nil,Sealed,Dry,Fine,Darkness,Nil,No traffic controls,110 km/h,State,74,On road-out of cont.,705,Out of control on cway,,Rollover,4 wheel drive / SUV,,1,0,0,1,0,6,June,Winter,Sunday,16:00 - 17:59,PM peak / evening commute,True,False,True,True
1355046,Injury,Minor/Other Injury,2024,2024,June,Wednesday,22:00 - Midnight,OLD BAR,RD,5000,East,MANNING RIVER,DR,PAMPOOLAH,7761.0,No,Not a school zone,2-way undivided,-31.94953,152.518319,Mid-Coast,Country non-urban,Rest of NSW - Rural,Straight,Ditch/drain/culvert,,,Nil,Sealed,Wet,Fine,Darkness,Nil,No traffic controls,90 km/h,Regional,71,Off rd left => obj,703,Left off cway into object,,Vehicle - Object,Car (sedan/hatch),,1,0,0,0,1,6,June,Winter,Wednesday,22:00 - Midnight,Evening / night,False,False,True,True
1355049,Injury,Moderate Injury,2024,2024,May,Sunday,12:00 - 13:59,KING,ST,0,Right on the spot,RIVER,ST,CUNDLETOWN,,No,Not a school zone,T-junction,-31.897387,152.514366,Mid-Coast,Country urban,Rest of NSW - Urban,Straight,,,,Off,Sealed,Dry,Fine,Daylight,Nil,No traffic controls,50 km/h,Local,20,Head on,201,Opp - Head on,,Head-on,4 wheel drive / SUV,Car (sedan/hatch),2,0,0,1,0,5,May,Autumn,Sunday,12:00 - 13:59,Midday / afternoon,False,False,True,True
1355053,Injury,Moderate Injury,2024,2024,February,Wednesday,08:00 - 09:59,QUINNS,LANE,0,Right on the spot,ENTERPRISE,AVE,SOUTH NOWRA,,No,Not a school zone,T-junction,-34.908743,150.605187,Shoalhaven,Country urban,Rest of NSW - Urban,Straight,,,,Off,Sealed,Dry,Fine,Daylight,Nil,Give way sign,60 km/h,Local,10,Cross traffic,101,Adj - Cross traffic,,Right angle,Station wagon,Car (sedan/hatch),2,0,0,1,0,2,February,Summer,Wednesday,08:00 - 09:59,AM peak / school commute,True,False,True,True
1355054,Injury,Moderate Injury,2024,2024,April,Thursday,20:00 - 21:59,HARRY GRAHAM,DR,2440,North,CORDEAUX,RD,KEMBLA HEIGHTS,,No,Not a school zone,2-way undivided,-34.41479,150.817514,Wollongong,Wollongong met. area,Syd-Newc-Woll Gtr conurbation,Curved,Steep grade,,,Nil,Sealed,Dry,Fine,Darkness,Nil,No traffic controls,60 km/h,Local,81,Off left/rt bnd=>obj,803,Off right bend into obj,Left,Vehicle - Object,4 wheel drive / SUV,,1,0,0,1,0,4,April,Autumn,Thursday,20:00 - 21:59,Evening / night,False,False,True,True
1355055,Injury,Serious Injury,2024,2024,May,Tuesday,04:00 - 05:59,NEWCASTLE,EXP,165,South,MANGROVE ROAD,OP,SOMERSBY,6003.0,No,Not a school zone,Dual freeway,-33.366867,151.330602,Central Coast,Country non-urban,Syd-Newc-Woll Gtr conurbation,Curved,Embankment/cutting,,,Nil,Sealed,Wet,Fine,Darkness,Nil,No traffic controls,110 km/h,State,81,Off left/rt bnd=>obj,803,Off right bend into obj,Left,Vehicle - Object,Car (sedan/hatch),,1,0,1,0,0,5,May,Autumn,Tuesday,04:00 - 05:59,Late night / early morning,False,False,True,True
1355061,Injury,Moderate Injury,2024,2024,June,Sunday,16:00 - 17:59,VAUGHAN,ST,0,Right on the spot,HARROW,RD,AUBURN,2096.0,No,Not a school zone,X-intersection,-33.863226,151.028808,Cumberland,Sydney metro. area,Syd-Newc-Woll Gtr conurbation,Straight,,,,Off,Sealed,Dry,Fine,Dusk,Nil,Stop sign,50 km/h,Regional,10,Cross traffic,101,Adj - Cross traffic,,Right angle,4 wheel drive / SUV,Car (sedan/hatch),2,0,0,1,0,6,June,Winter,Sunday,16:00 - 17:59,PM peak / evening commute,True,False,True,True
1355065,Injury,Moderate Injury,2024,2024,May,Friday,14:00 - 15:59,BRIDGE,ST,80,East,CONNELLY,ST,PENSHURST,7012.0,No,Not a school zone,2-way undivided,-33.965555,151.091119,Georges River,Sydney metro. area,Syd-Newc-Woll Gtr conurbation,Straight,Crest,,,Nil,Sealed,Dry,Fine,Daylight,Nil,No traffic controls,50 km/h,Regional,42,Leaving parking,401,Manov - Leaving parking,,Other angle,Car (sedan/hatch),Light truck,3,0,0,1,0,5,May,Autumn,Friday,14:00 - 15:59,Midday / afternoon,False,False,True,True
1355066,Injury,Minor/Other Injury,2024,2024,May,Wednesday,14:00 - 15:59,NEW ENGLAND,HWY,100,South,HIGH,ST,EAST MAITLAND,9.0,No,Not a school zone,Divided road,-32.753671,151.58759,Maitland,Country urban,Rest of NSW - Urban,Straight,,,,Off,Sealed,Dry,Fine,Daylight,Nil,No traffic controls,60 km/h,State,30,Rear end,301,Same - Rear end,,Rear end,Car (sedan/hatch),Car (sedan/hatch),2,0,0,0,1,5,May,Autumn,Wednesday,14:00 - 15:59,Midday / afternoon,False,False,True,True
1355068,Injury,Minor/Other Injury,2024,2024,May,Thursday,18:00 - 19:59,EVANS,RD,0,Right on the spot,LORD,AVE,TELOPEA,,No,Not a school zone,T-junction,-33.793043,151.049076,Parramatta,Sydney metro. area,Syd-Newc-Woll Gtr conurbation,Straight,,,,On,Sealed,Dry,Fine,Darkness,Nil,No traffic controls,50 km/h,Local,71,Off rd left => obj,703,Left off cway into object,,Vehicle - Object,Car (sedan/hatch),,1,0,0,0,1,5,May,Autumn,Thursday,18:00 - 19:59,PM peak / evening commute,True,False,True,True
1355069,Injury,Moderate Injury,2024,2024,March,Friday,16:00 - 17:59,LAWRENCE HARGRAVE,DR,0,Right on the spot,MONASH,ST,WOMBARRA,185.0,No,Not a school zone,T-junction,-34.27434,150.955559,Wollongong,Wollongong met. area,Syd-Newc-Woll Gtr conurbation,Curved,Steep grade,,,On,Sealed,Dry,Fine,Dusk,Nil,No traffic controls,50 km/h,State,20,Head on,201,Opp - Head on,,Head-on,Motorcycle,Large rigid,2,0,0,1,0,3,March,Autumn,Friday,16:00 - 17:59,PM peak / evening commute,True,False,True,True
1355070,Injury,Moderate Injury,2024,2024,May,Thursday,14:00 - 15:59,AVALON,PDE,55,West,BARRENJOEY,RD,AVALON BEACH,,No,Not a school zone,2-way undivided,-33.636633,151.329844,Northern Beaches,Sydney metro. area,Syd-Newc-Woll Gtr conurbation,Straight,Driveway/entrance,,,Nil,Sealed,Dry,Fine,Daylight,Nil,No traffic controls,40 km/h,Local,47,Emerging from drive,406,Manov - Emerging from driveway,,Right angle,Motor scooter,Light truck utility(from 2018),2,0,0,1,0,5,May,Autumn,Thursday,14:00 - 15:59,Midday / afternoon,False,False,True,True
1355071,Injury,Serious Injury,2024,2024,April,Saturday,22:00 - Midnight,SOUTH DOWLING,ST,10,South,FITZROY,ST,SURRY HILLS,593.0,No,Not a school zone,X-intersection,-33.886218,151.217929,Sydney,Sydney metro. area,Syd-Newc-Woll Gtr conurbation,Straight,,,,On,Sealed,Dry,Fine,Darkness,On,Ped crossing,60 km/h,State,2,Ped far side,3,Ped - Far side,,Vehicle - Pedestrian,Car (sedan/hatch),Pedestrian,2,0,1,1,0,4,April,Autumn,Saturday,22:00 - Midnight,Evening / night,False,False,True,True
1355073,Injury,Minor/Other Injury,2024,2024,May,Thursday,00:01 - 01:59,BRADLEY,RD,0,Right on the spot,WOODS,RD,SOUTH WINDSOR,,No,Not a school zone,T-junction,-33.626617,150.798311,Hawkesbury,Country urban,Syd-Newc-Woll Gtr conurbation,Straight,,,,On,Sealed,Dry,Fine,Darkness,Nil,No traffic controls,50 km/h,Local,75,Off end of road,709,Off end cway or T junct,,Vehicle - Object,Car (sedan/hatch),,1,0,0,0,1,5,May,Autumn,Thursday,00:01 - 01:59,Late night / early morning,False,False,True,True
1355074,Injury,Serious Injury,2024,2024,April,Saturday,06:00 - 07:59,BIGGE,ST,10,South,WARREN SERVICEWAY,MS,LIVERPOOL,,No,Not a school zone,T-junction,-33.922385,150.92698,Liverpool,Sydney metro. area,Syd-Newc-Woll Gtr conurbation,Straight,,,,Off,Sealed,Dry,Fine,Daylight,On,No traffic controls,40 km/h,Local,0,Ped nearside,1,Ped - Near side,,Vehicle - Pedestrian,Car (sedan/hatch),Pedestrian,2,0,1,0,0,4,April,Autumn,Saturday,06:00 - 07:59,AM peak / school commute,True,False,True,True
1355077,Injury,Moderate Injury,2024,2024,June,Sunday,22:00 - Midnight,DAVIES,RD,0,Right on the spot,ALMA,RD,PADSTOW,190.0,No,Not a school zone,X-intersection,-33.96238,151.036913,Canterbury-Bankstown,Sydney metro. area,Syd-Newc-Woll Gtr conurbation,Curved,,,,On,Sealed,Dry,Fine,Darkness,On,No traffic controls,70 km/h,State,85,Off rt/lft bnd=>obj,804,Off left bend into obj,Right,Vehicle - Object,Car (sedan/hatch),,2,0,0,1,0,6,June,Winter,Sunday,22:00 - Midnight,Evening / night,False,False,True,True
1355079,Injury,Serious Injury,2024,2024,April,Saturday,12:00 - 13:59,OLD BAR,RD,0,Right on the spot,SALTWATER,RD,OLD BAR,7761.0,No,Not a school zone,T-junction,-31.96603,152.565641,Mid-Coast,Country urban,Rest of NSW - Urban,Straight,,Roadwks/Detour/Diverson,,Off,Sealed,Dry,Fine,Daylight,Nil,Give way sign,70 km/h,Regional,14,2 right turning,105,Adj - Two right turning,,Right angle,Motorcycle,Car (sedan/hatch),2,0,1,0,0,4,April,Autumn,Saturday,12:00 - 13:59,Midday / afternoon,False,False,True,True
1355080,Injury,Moderate Injury,2024,2024,April,Thursday,00:01 - 01:59,CLYDE,ST,0,Right on the spot,WELLINGTON,RD,SOUTH GRANVILLE,2096.0,No,Not a school zone,T-junction,-33.862687,151.009666,Cumberland,Sydney metro. area,Syd-Newc-Woll Gtr conurbation,Straight,,,,On,Sealed,Dry,Fine,Darkness,On,No traffic controls,60 km/h,Regional,85,Off rt/lft bnd=>obj,706,Left turn,Right,Other angle,Car (sedan/hatch),Car (sedan/hatch),3,0,0,1,0,4,April,Autumn,Thursday,00:01 - 01:59,Late night / early morning,False,False,True,True
1355081,Injury,Serious Injury,2024,2024,May,Tuesday,08:00 - 09:59,MONA VALE,RD,0,Right on the spot,KAMBER,RD,TERREY HILLS,162.0,No,Not a school zone,X-intersection,-33.693498,151.220811,Northern Beaches,Sydney metro. area,Syd-Newc-Woll Gtr conurbation,Straight,,,,Off,Sealed,Dry,Fine,Daylight,Nil,Give way sign,80 km/h,State,10,Cross traffic,101,Adj - Cross traffic,,Right angle,Car (sedan/hatch),4 wheel drive / SUV,3,0,1,0,0,5,May,Autumn,Tuesday,08:00 - 09:59,AM peak / school commute,True,False,True,True
1355085,Injury,Moderate Injury,2024,2024,June,Tuesday,20:00 - 21:59,LIVERPOOL,ST,30,East,CASTLEREAGH,ST,SYDNEY,,No,Not a school zone,1-way street,-33.876817,151.209089,Sydney,Sydney metro. area,Syd-Newc-Woll Gtr conurbation,Straight,Foot/cycle path/nature strip,Previous crash,,Off,Sealed,Dry,Fine,Darkness,Nil,No traffic controls,40 km/h,Local,3,Ped on carriageway,4,Ped - On carriageway,,Vehicle - Pedestrian,Pedal cycle,Pedestrian,2,0,0,1,0,6,June,Winter,Tuesday,20:00 - 21:59,Evening / night,False,False,True,True
1355087,Injury,Moderate Injury,2024,2024,June,Friday,08:00 - 09:59,KERR,ST,0,Right on the spot,RIVER,ST,BALLINA,695.0,No,Not a school zone,X-intersection,-28.868294,153.554738,Ballina,Country urban,Rest of NSW - Urban,Straight,Foot/cycle path/nature strip,,,Off,Sealed,Dry,Fine,Daylight,On,No traffic controls,60 km/h,Regional,48,From footpath,408,Manov - From footway,,Other angle,Pedal cycle,Car (sedan/hatch),2,0,0,1,0,6,June,Winter,Friday,08:00 - 09:59,AM peak / school commute,True,False,True,True
1355088,Injury,Moderate Injury,2024,2024,March,Thursday,14:00 - 15:59,MID WESTERN,HWY,765,East,BERANGERINE,RD,GUNBAR,6.0,No,Not a school zone,2-way undivided,-34.140537,145.234244,Carrathool,Country non-urban,Rest of NSW - Rural,Straight,,,,Nil,Sealed,Dry,Fine,Daylight,Nil,No traffic controls,110 km/h,State,72,Off road to right,702,Off carriageway to right,,Rollover,Light truck,,1,0,0,1,1,3,March,Autumn,Thursday,14:00 - 15:59,Midday / afternoon,False,False,True,True
1355090,Injury,Serious Injury,2024,2024,March,Thursday,18:00 - 19:59,LAWSON,ST,0,Right on the spot,MACQUARIE,AVE,CAMPBELLTOWN,,No,Not a school zone,T-junction,-34.067223,150.8305,Campbelltown,Sydney metro. area,Syd-Newc-Woll Gtr conurbation,Straight,Foot/cycle path/nature strip,,,Nil,Sealed,Dry,Fine,Daylight,Nil,No traffic controls,50 km/h,Local,21,Right through,202,Opp - Right-thru,,Other angle,Car (sedan/hatch),Motorcycle,2,0,1,0,0,3,March,Autumn,Thursday,18:00 - 19:59,PM peak / evening commute,True,False,True,True