crash_id,degree_of_crash,degree_of_crash_-_detailed,reporting_year,year_of_crash,month_of_crash,day_of_week_of_crash,two-hour_intervals,street_of_crash,street_type,distance,direction,identifying_feature,identifying_feature_type,town,route_no.,school_zone_location,school_zone_active,type_of_location,latitude,longitude,lga,urbanisation,conurbation_1,alignment,primary_permanent_feature,primary_temporary_feature,primary_hazardous_feature,street_lighting,road_surface,surface_condition,weather,natural_lighting,signals_operation,other_traffic_control,speed_limit,road_classification_(admin),rum_-_code,rum_-_description,dca_-_code,dca_-_description,dca_supplement,first_impact_type,key_tu_type,other_tu_type,no._of_traffic_units_involved,no._killed,no._seriously_injured,no._moderately_injured,no._minor-other_injured,month_num,month_label,season,day_label,time_label,time_band,is_peak_commute,is_fatal,is_injury,is_casualty
1355092,Injury,Serious Injury,2024,2024,May,Saturday,20:00 - 21:59,EASTERN DORRIGO,WAY,2000,South,LOWER BOBO,RD,BROOKLANA,,No,Not a school zone,2-way undivided,-30.264031,152.878225,Coffs Harbour,Country urban,Rest of NSW - Urban,Curved,Embankment/cutting,,,Nil,Sealed,Wet,Raining,Darkness,Nil,No traffic controls,80 km/h,Local,81,Off left/rt bnd=>obj,803,Off right bend into obj,Left,Vehicle - Object,4 wheel drive / SUV,,1,0,1,0,0,5,May,Autumn,Saturday,20:00 - 21:59,Evening / night,False,False,True,True
1355093,Injury,Moderate Injury,2024,2024,January,Tuesday,06:00 - 07:59,WALDRON,RD,10,West,PRIAM,ST,CHESTER HILL,7102.0,No,Not a school zone,Roundabout,-33.883277,151.001961,Canterbury-Bankstown,Sydney metro. area,Syd-Newc-Woll Gtr conurbation,Straight,,,,Nil,Sealed,Dry,Fine,Daylight,Nil,Ped crossing,50 km/h,Regional,0,Ped nearside,1,Ped - Near side,,Vehicle - Pedestrian,Light truck,Ped in toy vehicle,2,0,0,1,0,1,January,Summer,Tuesday,06:00 - 07:59,AM peak / school commute,True,False,True,True
1355096,Injury,Moderate Injury,2024,2024,April,Tuesday,14:00 - 15:59,GREAT WESTERN,HWY,400,West,JENOLAN CAVES,RD,HARTLEY,5.0,No,Not a school zone,Divided road,-33.539807,150.164329,Lithgow,Country urban,Rest of NSW - Urban,Curved,Steep grade,,,Nil,Sealed,Wet,Fine,Daylight,Nil,No traffic controls,80 km/h,State,88,Out of cont on bend,805,Out of control on bend,,Rollover,4 wheel drive / SUV,,1,0,0,1,0,4,April,Autumn,Tuesday,14:00 - 15:59,Midday / afternoon,False,False,True,True
1355099,Injury,Serious Injury,2024,2024,April,Thursday,12:00 - 13:59,STONEY CREEK,RD,0,Right on the spot,MEDWAY,ST,BEXLEY,665.0,No,Not a school zone,T-junction,-33.94982,151.123161,Bayside,Sydney metro. area,Syd-Newc-Woll Gtr conurbation,Straight,,,,Off,Sealed,Wet,Raining,Daylight,On,No traffic controls,60 km/h,State,13,Right near,104,Adj - Right-thru from right,,Right angle,4 wheel drive / SUV,Car (sedan/hatch),2,0,2,0,0,4,April,Autumn,Thursday,12:00 - 13:59,Midday / afternoon,False,False,True,True
1355101,Injury,Moderate Injury,2024,2024,June,Friday,18:00 - 19:59,BELLS LINE OF,RD,1180,West,RAINBOW RAVINE,RD,MOUNT TOMAH,184.0,No,Not a school zone,2-way undivided,-33.548174,150.414003,Blue Mountains,Country urban,Syd-Newc-Woll Gtr conurbation,Curved,Crest,,,Nil,Sealed,Dry,Overcast,Dusk,Nil,No traffic controls,80 km/h,State,82,Off right/right bend,801,Off cway right bend,Right,Rollover,4 wheel drive / SUV,,1,0,0,1,0,6,June,Winter,Friday,18:00 - 19:59,PM peak / evening commute,True,False,True,True
1355102,Injury,Serious Injury,2024,2024,May,Saturday,02:00 - 03:59,CASUARINA,WAY,50,North,RIBERRY,DR,CASUARINA,,No,Not a school zone,2-way undivided,-28.289488,153.57267,Tweed,Country urban,Rest of NSW - Urban,Curved,,,,On,Sealed,Dry,Fine,Darkness,Nil,No traffic controls,50 km/h,Local,88,Out of cont on bend,805,Out of control on bend,,Rollover,Motorcycle,,1,0,1,1,0,5,May,Autumn,Saturday,02:00 - 03:59,Late night / early morning,False,False,True,True
1355111,Injury,Moderate Injury,2024,2024,May,Sunday,02:00 - 03:59,NEWCASTLE,EXP,100,South,PACIFIC HIGHWAY,OP,OURIMBAH,6003.0,No,Not a school zone,Dual freeway,-33.345412,151.368147,Central Coast,Country non-urban,Syd-Newc-Woll Gtr conurbation,Straight,,,,On,Sealed,Wet,Raining,Darkness,Nil,No traffic controls,110 km/h,State,71,Off rd left => obj,703,Left off cway into object,,Vehicle - Object,Car (sedan/hatch),,1,0,0,1,0,5,May,Autumn,Sunday,02:00 - 03:59,Late night / early morning,False,False,True,True
1355113,Injury,Moderate Injury,2024,2024,June,Wednesday,14:00 - 15:59,COOLAMON,RD,370,South,QUARRY,RD,COOLAMON,240.0,No,Not a school zone,2-way undivided,-34.828624,147.20973,Coolamon,Country urban,Rest of NSW - Urban,Straight,Crest,,Loose gravel shoulder,Nil,Sealed,Dry,Fine,Daylight,Nil,No traffic controls,80 km/h,Regional,71,Off rd left => obj,703,Left off cway into object,,Vehicle - Object,4 wheel drive / SUV,,1,0,0,2,0,6,June,Winter,Wednesday,14:00 - 15:59,Midday / afternoon,False,False,True,True
1355114,Injury,Moderate Injury,2024,2024,June,Monday,20:00 - 21:59,PRAIRIE,ST,100,North,FARMLAND,DR,SCHOFIELDS,,No,Not a school zone,2-way undivided,-33.69904,150.885952,Blacktown,Sydney metro. area,Syd-Newc-Woll Gtr conurbation,Straight,,,,On,Sealed,Dry,Fine,Darkness,Nil,No traffic controls,50 km/h,Local,71,Off rd left => obj,703,Left off cway into object,,Other angle,Car (sedan/hatch),4 wheel drive / SUV,2,0,0,1,0,6,June,Winter,Monday,20:00 - 21:59,Evening / night,False,False,True,True
1355117,Injury,Serious Injury,2024,2024,March,Wednesday,14:00 - 15:59,NEW ENGLAND,HWY,100,East,ANDERSON DRIVE,OP,TARRO,9.0,No,Not a school zone,Divided road,-32.811743,151.666815,Newcastle,Newcastle met. area,Syd-Newc-Woll Gtr conurbation,Straight,,,,Nil,Sealed,Wet,Raining,Daylight,Nil,No traffic controls,80 km/h,State,71,Off rd left => obj,703,Left off cway into object,,Vehicle - Object,Utility,,1,0,2,0,0,3,March,Autumn,Wednesday,14:00 - 15:59,Midday / afternoon,False,False,True,True
1355118,Injury,Moderate Injury,2024,2024,June,Monday,10:00 - 11:59,VICTORIA,ST,10,East,KEIRA,LANE,WOLLONGONG,,No,Not a school zone,X-intersection,-34.422379,150.893114,Wollongong,Wollongong met. area,Syd-Newc-Woll Gtr conurbation,Straight,,,,Off,Sealed,Dry,Fine,Daylight,Nil,No traffic controls,50 km/h,Local,9,Ped other,0,Ped - other,,Vehicle - Pedestrian,Pedal cycle,Pedestrian,2,0,0,1,0,6,June,Winter,Monday,10:00 - 11:59,Midday / afternoon,False,False,True,True
1355119,Injury,Serious Injury,2024,2024,May,Thursday,12:00 - 13:59,DENHAM COURT,RD,150,West,CHURCH,RD,DENHAM COURT,7195.0,No,Not a school zone,2-way undivided,-33.983358,150.841604,Campbelltown,Sydney metro. area,Syd-Newc-Woll Gtr conurbation,Curved,Steep grade,,,Off,Sealed,Dry,Fine,Daylight,Nil,No traffic controls,70 km/h,Regional,20,Head on,201,Opp - Head on,,Head-on,Light truck,Station wagon,2,0,1,1,0,5,May,Autumn,Thursday,12:00 - 13:59,Midday / afternoon,False,False,True,True
1355120,Injury,Serious Injury,2024,2024,February,Saturday,12:00 - 13:59,PACIFIC,HWY,50,North,BANNOCKBURN,RD,PYMBLE,10.0,No,Not a school zone,Divided road,-33.740792,151.137734,Ku-ring-gai,Sydney metro. area,Syd-Newc-Woll Gtr conurbation,Straight,,,,Off,Sealed,Dry,Fine,Daylight,Nil,No traffic controls,60 km/h,State,33,Lane sideswipe,305,Same - Lane side swipe,,Other angle,Car (sedan/hatch),4 wheel drive / SUV,3,0,2,0,1,2,February,Summer,Saturday,12:00 - 13:59,Midday / afternoon,False,False,True,True
1355127,Injury,Moderate Injury,2024,2024,June,Friday,18:00 - 19:59,HUME,HWY,10,South,INVERARY,RD,PADDYS RIVER,2.0,No,Not a school zone,T-junction,-34.647875,150.117986,Wingecarribee,Country non-urban,Rest of NSW - Rural,Curved,,,,Nil,Sealed,Wet,Raining,Darkness,Nil,Give way sign,110 km/h,State,30,Rear end,301,Same - Rear end,,Rear end,4 wheel drive / SUV,Car (sedan/hatch),3,0,0,1,0,6,June,Winter,Friday,18:00 - 19:59,PM peak / evening commute,True,False,True,True
1355132,Injury,Serious Injury,2024,2024,May,Wednesday,18:00 - 19:59,BABBAGE,RD,0,Right on the spot,CLIVE,ST,ROSEVILLE,328.0,No,Not a school zone,T-junction,-33.780922,151.195891,Ku-ring-gai,Sydney metro. area,Syd-Newc-Woll Gtr conurbation,Curved,,,,On,Sealed,Dry,Fine,Darkness,On,No traffic controls,60 km/h,State,13,Right near,104,Adj - Right-thru from right,,Right angle,Car (sedan/hatch),Car (sedan/hatch),2,0,1,2,0,5,May,Autumn,Wednesday,18:00 - 19:59,PM peak / evening commute,True,False,True,True
1355133,Injury,Moderate Injury,2024,2024,June,Saturday,20:00 - 21:59,BELMORE,RD,0,Right on the spot,SOUTH WESTERN,EXP,RIVERWOOD,2050.0,No,Not a school zone,T-junction,-33.943113,151.053803,Canterbury-Bankstown,Sydney metro. area,Syd-Newc-Woll Gtr conurbation,Straight,,,,On,Sealed,Dry,Fine,Darkness,On,No traffic controls,50 km/h,Regional,11,Right far,102,Adj - Right-thru from left,,Right angle,Light truck utility(from 2018),Passenger van,2,0,0,1,0,6,June,Winter,Saturday,20:00 - 21:59,Evening / night,False,False,True,True
1355134,Injury,Moderate Injury,2024,2024,May,Saturday,08:00 - 09:59,MARSH,PDE,40,West,CANBERRA,AVE,CASULA,,No,Not a school zone,2-way undivided,-33.946537,150.910196,Liverpool,Sydney metro. area,Syd-Newc-Woll Gtr conurbation,Straight,Foot/cycle path/nature strip,,,Nil,Sealed,Dry,Fine,Daylight,Nil,No traffic controls,50 km/h,Local,9,Ped other,0,Ped - other,,Vehicle - Pedestrian,Car (sedan/hatch),Pedestrian,2,0,0,1,0,5,May,Autumn,Saturday,08:00 - 09:59,AM peak / school commute,True,False,True,True
1355136,Injury,Moderate Injury,2024,2024,March,Saturday,12:00 - 13:59,MAJORS CREEK MOUNTAIN,RD,650,West,ARALUEN,RD,ARALUEN,,No,Not a school zone,2-way undivided,-35.623587,149.790489,Queanbeyan-Palerang Regional,Country non-urban,Rest of NSW - Rural,Curved,,Roadwks/Detour/Diverson,"Loose gravel, sealed",Nil,Sealed,Dry,Fine,Daylight,Nil,No traffic controls,100 km/h,Local,88,Out of cont on bend,805,Out of control on bend,,Rollover,Motorcycle,,1,0,0,1,0,3,March,Autumn,Saturday,12:00 - 13:59,Midday / afternoon,False,False,True,True
1355139,Injury,Minor/Other Injury,2024,2024,May,Thursday,16:00 - 17:59,MONARO,ST,105,East,CRAWFORD,ST,QUEANBEYAN,51.0,No,Not a school zone,2-way undivided,-35.352873,149.23541,Queanbeyan-Palerang Regional,Country urban,Rest of NSW - Urban,Straight,Pedestrian refuge,,,Off,Sealed,Dry,Fine,Dusk,Nil,No traffic controls,50 km/h,State,2,Ped far side,3,Ped - Far side,,Vehicle - Pedestrian,Car (sedan/hatch),Pedestrian,2,0,0,0,1,5,May,Autumn,Thursday,16:00 - 17:59,PM peak / evening commute,True,False,True,True
1355141,Injury,Serious Injury,2024,2024,June,Saturday,16:00 - 17:59,GREAT WESTERN,HWY,0,Right on the spot,BIRNIE,AVE,LIDCOMBE,5.0,No,Not a school zone,X-intersection,-33.85484,151.061436,Cumberland,Sydney metro. area,Syd-Newc-Woll Gtr conurbation,Straight,,,,On,Sealed,Dry,Fine,Darkness,On,No traffic controls,60 km/h,State,21,Right through,202,Opp - Right-thru,,Other angle,4 wheel drive / SUV,Car (sedan/hatch),3,0,1,1,0,6,June,Winter,Saturday,16:00 - 17:59,PM peak / evening commute,True,False,True,True
1355154,Injury,Moderate Injury,2024,2024,June,Monday,16:00 - 17:59,EDWARD,ST,0,Right on the spot,NORTHAM,AVE,BANKSTOWN,,No,Not a school zone,T-junction,-33.929175,151.02474,Canterbury-Bankstown,Sydney metro. area,Syd-Newc-Woll Gtr conurbation,Straight,,,,Nil,Sealed,Dry,Fine,Daylight,Nil,Give way sign,50 km/h,Local,11,Right far,102,Adj - Right-thru from left,,Right angle,Car (sedan/hatch),Light truck,3,0,0,1,0,6,June,Winter,Monday,16:00 - 17:59,PM peak / evening commute,True,False,True,True
1355157,Injury,Minor/Other Injury,2024,2024,June,Saturday,10:00 - 11:59,PACIFIC,HWY,0,Right on the spot,INNES,RD,GREENWICH,10.0,No,Not a school zone,X-intersection,-33.820913,151.185331,Lane Cove,Sydney metro. area,Syd-Newc-Woll Gtr conurbation,Straight,,,,Unknown / not stated,Sealed,Wet,Raining,Daylight,Nil,Stop sign,60 km/h,State,30,Rear end,301,Same - Rear end,,Rear end,Car (sedan/hatch),Car (sedan/hatch),3,0,0,0,2,6,June,Winter,Saturday,10:00 - 11:59,Midday / afternoon,False,False,True,True
1355159,Injury,Moderate Injury,2024,2024,June,Saturday,14:00 - 15:59,ANZAC,PDE,0,Right on the spot,NUMBER 6A,HN,KENSINGTON,171.0,No,Not a school zone,Divided road,-33.902897,151.223333,Randwick,Sydney metro. area,Syd-Newc-Woll Gtr conurbation,Straight,,,,Unknown / not stated,Sealed,Wet,Raining,Daylight,Nil,No traffic controls,60 km/h,State,30,Rear end,301,Same - Rear end,,Rear end,Car (sedan/hatch),4 wheel drive / SUV,2,0,0,1,0,6,June,Winter,Saturday,14:00 - 15:59,Midday / afternoon,False,False,True,True
1355160,Injury,Minor/Other Injury,2024,2024,June,Saturday,18:00 - 19:59,GREAT WESTERN,HWY,0,Right on the spot,LEICESTER,AVE,STRATHFIELD,5.0,No,Not a school zone,X-intersection,-33.866548,151.093611,Canada Bay,Sydney metro. area,Syd-Newc-Woll Gtr conurbation,Straight,,,,Unknown / not stated,Sealed,Wet,Overcast,Darkness,On,No traffic controls,60 km/h,State,30,Rear end,301,Same - Rear end,,Rear end,Car (sedan/hatch),4 wheel drive / SUV,2,0,0,0,2,6,June,Winter,Saturday,18:00 - 19:59,PM peak / evening commute,True,False,True,True
1355162,Injury,Minor/Other Injury,2024,2024,June,Sunday,02:00 - 03:59,PARKES,RD,0,Right on the spot,NUMBER 46,HN,COLLAROY PLATEAU,,No,Not a school zone,2-way undivided,-33.737525,151.290646,Northern Beaches,Sydney metro. area,Syd-Newc-Woll Gtr conurbation,Curved,Steep grade,,,Unknown / not stated,Sealed,Wet,Fine,Darkness,Nil,No traffic controls,50 km/h,Local,87,Off lft/lft bnd=>obj,804,Off left bend into obj,Left,Other angle,Car (sedan/hatch),Car (sedan/hatch),2,0,0,0,2,6,June,Winter,Sunday,02:00 - 03:59,Late night / early morning,False,False,True,True
1355163,Injury,Moderate Injury,2024,2024,June,Friday,06:00 - 07:59,ASCOT,RD,10,North,OLD SOUTH,RD,BOWRAL,,No,Not a school zone,T-junction,-34.488669,150.43947,Wingecarribee,Country urban,Rest of NSW - Urban,Straight,,,,Unknown / not stated,Sealed,Wet,Raining,Daylight,Nil,Give way sign,70 km/h,Local,30,Rear end,301,Same - Rear end,,Rear end,4 wheel drive / SUV,Car (sedan/hatch),3,0,0,2,0,6,June,Winter,Friday,06:00 - 07:59,AM peak / school commute,True,False,True,True
1355165,Injury,Moderate Injury,2024,2024,June,Thursday,12:00 - 13:59,HUME,HWY,0,Right on the spot,BERESFORD,AVE,BANKSTOWN,2.0,Yes,No,T-junction,-33.906001,151.038876,Canterbury-Bankstown,Sydney metro. area,Syd-Newc-Woll Gtr conurbation,Straight,,,,Unknown / not stated,Sealed,Dry,Unknown,Daylight,On,No traffic controls,60 km/h,State,30,Rear end,301,Same - Rear end,,Rear end,Car (sedan/hatch),4 wheel drive / SUV,2,0,0,1,0,6,June,Winter,Thursday,12:00 - 13:59,Midday / afternoon,False,False,True,True
1355166,Injury,Serious Injury,2024,2024,May,Friday,12:00 - 13:59,CECIL,ST,0,Right on the spot,NUMBER 11,HN,GORDON,,No,Not a school zone,2-way undivided,-33.761187,151.153394,Ku-ring-gai,Sydney metro. area,Syd-Newc-Woll Gtr conurbation,Curved,Steep grade,,,Unknown / not stated,Sealed,Dry,Fine,Daylight,Nil,No traffic controls,50 km/h,Local,20,Head on,201,Opp - Head on,,Head-on,Station wagon,4 wheel drive / SUV,2,0,1,0,0,5,May,Autumn,Friday,12:00 - 13:59,Midday / afternoon,False,False,True,True
1355168,Injury,Minor/Other Injury,2024,2024,June,Sunday,12:00 - 13:59,GLENWOOD PARK,DR,0,Right on the spot,STAFF,DR,GLENWOOD,,No,Not a school zone,Roundabout,-33.730304,150.927872,Blacktown,Sydney metro. area,Syd-Newc-Woll Gtr conurbation,Straight,,,,Unknown / not stated,Sealed,Dry,Fine,Daylight,Nil,Give way sign,50 km/h,Local,10,Cross traffic,101,Adj - Cross traffic,,Right angle,Car (sedan/hatch),4 wheel drive / SUV,2,0,0,0,1,6,June,Winter,Sunday,12:00 - 13:59,Midday / afternoon,False,False,True,True
1355170,Injury,Minor/Other Injury,2024,2024,June,Wednesday,06:00 - 07:59,OLD WINDSOR,RD,0,Right on the spot,GIBBON,RD,WINSTON HILLS,635.0,No,Not a school zone,T-junction,-33.768549,150.959007,Parramatta,Sydney metro. area,Syd-Newc-Woll Gtr conurbation,Straight,,,,Unknown / not stated,Sealed,Dry,Fine,Daylight,On,No traffic controls,80 km/h,State,34,Lane change right,306,Same - Lane change right,,Other angle,Car (sedan/hatch),Passenger van,2,0,0,0,1,6,June,Winter,Wednesday,06:00 - 07:59,AM peak / school commute,True,False,True,True
1355171,Injury,Minor/Other Injury,2024,2024,June,Tuesday,16:00 - 17:59,OCEAN,DR,0,Right on the spot,LAKE,RD,PORT MACQUARIE,600.0,No,Not a school zone,X-intersection,-31.447203,152.899567,Port Macquarie-Hastings,Country urban,Rest of NSW - Urban,Straight,,,,Unknown / not stated,Sealed,Dry,Fine,Daylight,On,No traffic controls,50 km/h,Regional,45,Reversing,404,Manov - Reverse in traffic,,Other angle,Light truck utility(from 2018),4 wheel drive / SUV,3,0,0,0,1,6,June,Winter,Tuesday,16:00 - 17:59,PM peak / evening commute,True,False,True,True
1355172,Injury,Minor/Other Injury,2024,2024,June,Wednesday,08:00 - 09:59,SOUTH WESTERN,EXP,350,East,MOOREBANK AVENUE,OP,MOOREBANK,6005.0,No,Not a school zone,Dual freeway,-33.940132,150.928782,Liverpool,Sydney metro. area,Syd-Newc-Woll Gtr conurbation,Straight,,,,Unknown / not stated,Sealed,Dry,Fine,Daylight,Nil,No traffic controls,100 km/h,State,30,Rear end,301,Same - Rear end,,Rear end,Car (sedan/hatch),Car (sedan/hatch),2,0,0,0,1,6,June,Winter,Wednesday,08:00 - 09:59,AM peak / school commute,True,False,True,True
1355174,Injury,Minor/Other Injury,2024,2024,June,Friday,14:00 - 15:59,M2 HILLS,EXP,400,West,LANE COVE ROAD,OP,MACQUARIE PARK,6002.0,No,Not a school zone,Dual freeway,-33.778807,151.129193,Ryde,Sydney metro. area,Syd-Newc-Woll Gtr conurbation,Straight,,,,Unknown / not stated,Sealed,Dry,Fine,Daylight,Nil,No traffic controls,100 km/h,State,30,Rear end,301,Same - Rear end,,Rear end,Light truck utility(from 2018),Light truck,2,0,0,0,1,6,June,Winter,Friday,14:00 - 15:59,Midday / afternoon,False,False,True,True
1355196,Injury,Minor/Other Injury,2024,2024,June,Sunday,12:00 - 13:59,MCKEVITTE,AVE,45,South,CHILDS,ST,EAST HILLS,,No,Not a school zone,2-way undivided,-33.955508,150.989943,Canterbury-Bankstown,Sydney metro. area,Syd-Newc-Woll Gtr conurbation,Straight,Driveway/entrance,,,Unknown / not stated,Unsealed,Dry,Overcast,Daylight,Nil,No traffic controls,50 km/h,Local,47,Emerging from drive,406,Manov - Emerging from driveway,,Right angle,Car (sedan/hatch),Car (sedan/hatch),2,0,0,0,1,6,June,Winter,Sunday,12:00 - 13:59,Midday / afternoon,False,False,True,True
1355200,Injury,Moderate Injury,2024,2024,May,Friday,14:00 - 15:59,COLONG STOCK,RTE,50,East,MT ARMONT,TRL,BLUE MOUNTAINS NATIONAL PARK,,No,Not a school zone,2-way undivided,-34.152618,150.172152,Wollondilly,Country non-urban,Syd-Newc-Woll Gtr conurbation,Curved,,,,Unknown / not stated,Unsealed,Dry,Fine,Daylight,Nil,No traffic controls,100 km/h,Local,88,Out of cont on bend,805,Out of control on bend,,Rollover,Motorcycle,,1,0,0,1,0,5,May,Autumn,Friday,14:00 - 15:59,Midday / afternoon,False,False,True,True
1355201,Injury,Serious Injury,2024,2024,June,Tuesday,04:00 - 05:59,LEMINGTON,RD,1375,West,NEW ENGLAND,HWY,RAVENSWORTH,,No,Not a school zone,2-way undivided,-32.46848,151.057564,Singleton,Country non-urban,Rest of NSW - Rural,Curved,,,,Unknown / not stated,Sealed,Dry,Fine,Darkness,Nil,No traffic controls,100 km/h,Local,87,Off lft/lft bnd=>obj,804,Off left bend into obj,Left,Vehicle - Object,4 wheel drive / SUV,,1,0,1,0,0,6,June,Winter,Tuesday,04:00 - 05:59,Late night / early morning,False,False,True,True
1355204,Injury,Moderate Injury,2024,2024,June,Saturday,20:00 - 21:59,DENMARK,ST,0,Right on the spot,ST ANN,ST,MERRYLANDS,,No,Not a school zone,T-junction,-33.839859,150.986508,Cumberland,Sydney metro. area,Syd-Newc-Woll Gtr conurbation,Straight,,,,Unknown / not stated,Sealed,Dry,Fine,Darkness,Nil,Give way sign,50 km/h,Local,30,Rear end,301,Same - Rear end,,Rear end,Car (sedan/hatch),Pedal cycle,2,0,0,1,0,6,June,Winter,Saturday,20:00 - 21:59,Evening / night,False,False,True,True
1355205,Injury,Minor/Other Injury,2024,2024,June,Friday,18:00 - 19:59,PITTWATER,RD,0,Right on the spot,GARDEN,ST,NORTH NARRABEEN,164.0,No,Not a school zone,T-junction,-33.705071,151.297292,Northern Beaches,Sydney metro. area,Syd-Newc-Woll Gtr conurbation,Straight,Driveway/entrance,,,Unknown / not stated,Sealed,Wet,Raining,Darkness,On,No traffic controls,70 km/h,State,37,Left turn sideswipe,309,Same - Left turn side swipe,,Other angle,Car (sedan/hatch),Other bus,2,0,0,0,1,6,June,Winter,Friday,18:00 - 19:59,PM peak / evening commute,True,False,True,True
1355206,Injury,Moderate Injury,2024,2024,June,Thursday,00:01 - 01:59,SUNRISE,AVE,0,Right on the spot,NUMBER 112,HN,HALEKULANI,,No,Not a school zone,2-way undivided,-33.222475,151.553737,Central Coast,Country urban,Syd-Newc-Woll Gtr conurbation,Curved,,,,Unknown / not stated,Sealed,Dry,Fine,Darkness,Nil,No traffic controls,50 km/h,Local,81,Off left/rt bnd=>obj,803,Off right bend into obj,Left,Other angle,4 wheel drive / SUV,Car (sedan/hatch),3,0,0,1,0,6,June,Winter,Thursday,00:01 - 01:59,Late night / early morning,False,False,True,True
1355211,Injury,Moderate Injury,2024,2024,May,Saturday,14:00 - 15:59,LEWINS,ST,20,North,CLARKE,ST,EARLWOOD,,No,Not a school zone,2-way undivided,-33.926079,151.123908,Canterbury-Bankstown,Sydney metro. area,Syd-Newc-Woll Gtr conurbation,Straight,Driveway/entrance,,,Unknown / not stated,Sealed,Dry,Overcast,Daylight,Nil,No traffic controls,50 km/h,Local,7,Driveway,7,Ped - driveway,,Vehicle - Pedestrian,Light truck utility(from 2018),Pedestrian,2,0,0,1,0,5,May,Autumn,Saturday,14:00 - 15:59,Midday / afternoon,False,False,True,True
1355212,Injury,Moderate Injury,2024,2024,May,Wednesday,08:00 - 09:59,CASTLEREAGH,HWY,2000,North,BYLONG VALLEY,WAY,ILFORD,18.0,No,Not a school zone,2-way undivided,-32.926192,149.850818,Mid-Western Regional,Country non-urban,Rest of NSW - Rural,Straight,Embankment/cutting,,,Unknown / not stated,Sealed,Dry,Overcast,Daylight,Nil,No traffic controls,100 km/h,State,73,Off rd rght => obj,704,Right off cway into obj,,Vehicle - Object,Car (sedan/hatch),,1,0,0,1,0,5,May,Autumn,Wednesday,08:00 - 09:59,AM peak / school commute,True,False,True,True
1355214,Injury,Moderate Injury,2024,2024,May,Friday,10:00 - 11:59,SMITHFIELD,RD,0,Right on the spot,EDENSOR,RD,GREENFIELD PARK,7220.0,No,Not a school zone,X-intersection,-33.881647,150.889027,Fairfield,Sydney metro. area,Syd-Newc-Woll Gtr conurbation,Straight,,,,Unknown / not stated,Sealed,Dry,Fine,Daylight,On,No traffic controls,60 km/h,Regional,30,Rear end,301,Same - Rear end,,Rear end,Car (sedan/hatch),Light truck,2,0,0,1,0,5,May,Autumn,Friday,10:00 - 11:59,Midday / afternoon,False,False,True,True
1355220,Injury,Minor/Other Injury,2024,2024,June,Wednesday,20:00 - 21:59,GREAT WESTERN,HWY,0,Right on the spot,NUMBER 857,HN,ULTIMO,5.0,No,Not a school zone,2-way undivided,-33.883804,151.202687,Sydney,Sydney metro. area,Syd-Newc-Woll Gtr conurbation,Straight,,,,Unknown / not stated,Sealed,Dry,Fine,Darkness,Nil,No traffic controls,40 km/h,State,71,Off rd left => obj,703,Left off cway into object,,Other angle,Other bus,Car (sedan/hatch),2,0,0,0,1,6,June,Winter,Wednesday,20:00 - 21:59,Evening / night,False,False,True,True
1355221,Injury,Minor/Other Injury,2024,2024,June,Thursday,06:00 - 07:59,PRINCES,HWY,0,Right on the spot,PORTER,RD,ENGADINE,1.0,No,Not a school zone,T-junction,-34.062664,151.021773,Sutherland,Sydney metro. area,Syd-Newc-Woll Gtr conurbation,Curved,,,,Unknown / not stated,Sealed,Dry,Fine,Dawn,Nil,Give way sign,70 km/h,State,35,Lane change left,307,Same - Lane change left,,Other angle,Light truck utility(from 2018),Utility,2,0,0,0,1,6,June,Winter,Thursday,06:00 - 07:59,AM peak / school commute,True,False,True,True
1355223,Injury,Serious Injury,2024,2024,June,Friday,14:00 - 15:59,SHOWGROUND,RD,0,Right on the spot,PENNANT,ST,CASTLE HILL,157.0,No,Not a school zone,T-junction,-33.733049,151.002651,The Hills,Sydney metro. area,Syd-Newc-Woll Gtr conurbation,Straight,,,,Unknown / not stated,Sealed,Dry,Fine,Daylight,On,No traffic controls,60 km/h,State,30,Rear end,301,Same - Rear end,,Rear end,Car (sedan/hatch),Car (sedan/hatch),2,0,1,0,0,6,June,Winter,Friday,14:00 - 15:59,Midday / afternoon,False,False,True,True
1355226,Injury,Serious Injury,2024,2024,May,Saturday,10:00 - 11:59,TRAFALGAR,ST,0,Right on the spot,NUMBER 134,HN,ANNANDALE,,No,Not a school zone,2-way undivided,-33.88153,151.172323,Inner West,Sydney metro. area,Syd-Newc-Woll Gtr conurbation,Straight,,,,Unknown / not stated,Sealed,Dry,Fine,Daylight,Nil,No traffic controls,50 km/h,Local,90,Fell in/from vehicle,901,Fell in/from vehicle,,Person - Object,Unknown motor vehicle,,1,0,1,0,0,5,May,Autumn,Saturday,10:00 - 11:59,Midday / afternoon,False,False,True,True
1355236,Injury,Minor/Other Injury,2024,2024,May,Monday,18:00 - 19:59,NUWARRA,RD,0,Right on the spot,MADDECKS,AVE,MOOREBANK,7269.0,No,Not a school zone,X-intersection,-33.933804,150.953609,Liverpool,Sydney metro. area,Syd-Newc-Woll Gtr conurbation,Straight,,,,Unknown / not stated,Sealed,Dry,Fine,Darkness,On,No traffic controls,60 km/h,Regional,21,Right through,202,Opp - Right-thru,,Other angle,Station wagon,Car (sedan/hatch),2,0,0,0,1,5,May,Autumn,Monday,18:00 - 19:59,PM peak / evening commute,True,False,True,True
1355238,Injury,Moderate Injury,2024,2024,June,Wednesday,08:00 - 09:59,CROWN,ST,0,Right on the spot,PICCADILLY,ST,RIVERSTONE,,No,Not a school zone,X-intersection,-33.670285,150.861776,Blacktown,Sydney metro. area,Syd-Newc-Woll Gtr conurbation,Straight,,,,Unknown / not stated,Sealed,Dry,Fog or mist,Daylight,Nil,Stop sign,60 km/h,Local,10,Cross traffic,101,Adj - Cross traffic,,Right angle,Car (sedan/hatch),Light truck utility(from 2018),2,0,0,1,0,6,June,Winter,Wednesday,08:00 - 09:59,AM peak / school commute,True,False,True,True