crash_id,degree_of_crash,degree_of_crash_-_detailed,reporting_year,year_of_crash,month_of_crash,day_of_week_of_crash,two-hour_intervals,street_of_crash,street_type,distance,direction,identifying_feature,identifying_feature_type,town,route_no.,school_zone_location,school_zone_active,type_of_location,latitude,longitude,lga,urbanisation,conurbation_1,alignment,primary_permanent_feature,primary_temporary_feature,primary_hazardous_feature,street_lighting,road_surface,surface_condition,weather,natural_lighting,signals_operation,other_traffic_control,speed_limit,road_classification_(admin),rum_-_code,rum_-_description,dca_-_code,dca_-_description,dca_supplement,first_impact_type,key_tu_type,other_tu_type,no._of_traffic_units_involved,no._killed,no._seriously_injured,no._moderately_injured,no._minor-other_injured,month_num,month_label,season,day_label,time_label,time_band,is_peak_commute,is_fatal,is_injury,is_casualty
1355240,Injury,Moderate Injury,2024,2024,June,Thursday,06:00 - 07:59,ANNANGROVE,RD,0,Right on the spot,EDWARDS,RD,ROUSE HILL,7141.0,No,Not a school zone,X-intersection,-33.661072,150.923622,The Hills,Sydney metro. area,Syd-Newc-Woll Gtr conurbation,Straight,,,,Unknown / not stated,Sealed,Dry,Fine,Unknown,Nil,Stop sign,70 km/h,Regional,30,Rear end,301,Same - Rear end,,Rear end,Car (sedan/hatch),Motorcycle,2,0,0,1,0,6,June,Winter,Thursday,06:00 - 07:59,AM peak / school commute,True,False,True,True
1355241,Injury,Minor/Other Injury,2024,2024,June,Friday,10:00 - 11:59,MARION,ST,0,Right on the spot,WILLIAM,ST,BANKSTOWN,7121.0,No,Not a school zone,X-intersection,-33.916806,151.018627,Canterbury-Bankstown,Sydney metro. area,Syd-Newc-Woll Gtr conurbation,Straight,,,,Unknown / not stated,Sealed,Dry,Fine,Daylight,On,No traffic controls,60 km/h,Regional,21,Right through,202,Opp - Right-thru,,Other angle,Car (sedan/hatch),Car (sedan/hatch),2,0,0,0,1,6,June,Winter,Friday,10:00 - 11:59,Midday / afternoon,False,False,True,True
1355242,Injury,Minor/Other Injury,2024,2024,June,Friday,10:00 - 11:59,M7 WESTLINK,EXP,1000,North,COWPASTURE ROAD,TO,ELIZABETH HILLS,6009.0,No,Not a school zone,Dual freeway,-33.906414,150.847014,Liverpool,Sydney metro. area,Syd-Newc-Woll Gtr conurbation,Straight,,,,Unknown / not stated,Sealed,Dry,Fine,Daylight,Nil,No traffic controls,100 km/h,State,30,Rear end,301,Same - Rear end,,Rear end,Light truck utility(from 2018),Light truck utility(from 2018),3,0,0,0,1,6,June,Winter,Friday,10:00 - 11:59,Midday / afternoon,False,False,True,True
1355251,Injury,Moderate Injury,2024,2024,June,Sunday,12:00 - 13:59,HUME,HWY,2000,South,REMEMBRANCE DRIVE,OP,YERRINBOOL,2.0,No,Not a school zone,Dual freeway,-34.330608,150.56403,Wingecarribee,Country non-urban,Rest of NSW - Rural,Straight,,,,Unknown / not stated,Sealed,Dry,Fine,Daylight,Nil,No traffic controls,110 km/h,State,30,Rear end,301,Same - Rear end,,Rear end,Light truck utility(from 2018),Station wagon,2,0,0,1,0,6,June,Winter,Sunday,12:00 - 13:59,Midday / afternoon,False,False,True,True
1355254,Injury,Minor/Other Injury,2024,2024,June,Saturday,08:00 - 09:59,QUAKERS HILL,PKWY,0,Right on the spot,M7 WESTLINK,EXP,QUAKERS HILL,7153.0,No,Not a school zone,T-junction,-33.734597,150.873848,Blacktown,Sydney metro. area,Syd-Newc-Woll Gtr conurbation,Straight,,,,Unknown / not stated,Sealed,Dry,Fine,Daylight,On,No traffic controls,60 km/h,Regional,30,Rear end,301,Same - Rear end,,Rear end,4 wheel drive / SUV,4 wheel drive / SUV,2,0,0,0,1,6,June,Winter,Saturday,08:00 - 09:59,AM peak / school commute,True,False,True,True
1355258,Injury,Moderate Injury,2024,2024,June,Wednesday,14:00 - 15:59,BRUXNER,HWY,1000,East,RICHMOND HILL,RD,LINDENDALE,16.0,No,Not a school zone,2-way undivided,-28.810521,153.368709,Lismore,Country urban,Rest of NSW - Urban,Straight,,,,Unknown / not stated,Sealed,Dry,Fine,Daylight,Nil,No traffic controls,80 km/h,State,30,Rear end,301,Same - Rear end,,Rear end,Car (sedan/hatch),4 wheel drive / SUV,2,0,0,1,0,6,June,Winter,Wednesday,14:00 - 15:59,Midday / afternoon,False,False,True,True
1355259,Injury,Moderate Injury,2024,2024,June,Saturday,14:00 - 15:59,KARUAH RIVER,RD,300,South,MOUNTAINEER,TRL,UPPER KARUAH RIVER,,No,Not a school zone,2-way undivided,-32.101382,151.765335,Mid-Coast,Country non-urban,Rest of NSW - Rural,Straight,,,,Unknown / not stated,Unsealed,Wet,Raining,Daylight,Nil,No traffic controls,100 km/h,Local,74,On road-out of cont.,705,Out of control on cway,,Rollover,Motorcycle,,1,0,0,1,0,6,June,Winter,Saturday,14:00 - 15:59,Midday / afternoon,False,False,True,True
1355264,Injury,Moderate Injury,2024,2024,June,Tuesday,16:00 - 17:59,JACKSONS,RD,50,East,GARDEN,ST,NORTH NARRABEEN,,No,Not a school zone,Divided road,-33.697218,151.292927,Northern Beaches,Sydney metro. area,Syd-Newc-Woll Gtr conurbation,Straight,,,,Unknown / not stated,Sealed,Dry,Fine,Dusk,Nil,Ped crossing,40 km/h,Local,49,Other manoeuvring,400,Manov - other,,Other angle,Pedal cycle,4 wheel drive / SUV,2,0,0,1,0,6,June,Winter,Tuesday,16:00 - 17:59,PM peak / evening commute,True,False,True,True
1355265,Injury,Moderate Injury,2024,2024,June,Thursday,06:00 - 07:59,DEAVES,RD,200,North,CRAWFORD,RD,COORANBONG,,No,Not a school zone,2-way undivided,-33.099912,151.453501,Lake Macquarie,Newcastle met. area,Syd-Newc-Woll Gtr conurbation,Straight,,,,Unknown / not stated,Sealed,Dry,Fine,Dawn,Nil,No traffic controls,80 km/h,Local,67,Struck animal,609,On path - Hit animal,,Vehicle - Animal,4 wheel drive / SUV,,1,0,0,1,0,6,June,Winter,Thursday,06:00 - 07:59,AM peak / school commute,True,False,True,True
1355266,Injury,Serious Injury,2024,2024,May,Thursday,14:00 - 15:59,GREENWAY,DR,999999,Unknown/not stated,UNKNOWN,UK,TWEED HEADS SOUTH,,No,Not a school zone,2-way undivided,-28.202468,153.539482,Tweed,Country urban,Rest of NSW - Urban,Straight,Driveway/entrance,,,Unknown / not stated,Sealed,Dry,Fine,Daylight,Nil,No traffic controls,50 km/h,Local,47,Emerging from drive,406,Manov - Emerging from driveway,,Right angle,Unknown motor vehicle,Motorised scooter (mob. aid),2,0,1,0,0,5,May,Autumn,Thursday,14:00 - 15:59,Midday / afternoon,False,False,True,True
1355268,Injury,Minor/Other Injury,2024,2024,June,Thursday,06:00 - 07:59,CUMBERLAND,HWY,0,Right on the spot,BAKER,ST,CARLINGFORD,13.0,Yes,No,T-junction,-33.785313,151.040356,Parramatta,Sydney metro. area,Syd-Newc-Woll Gtr conurbation,Straight,Driveway/entrance,,,Unknown / not stated,Sealed,Dry,Fine,Dawn,Unknown / not stated,No traffic controls,60 km/h,State,47,Emerging from drive,406,Manov - Emerging from driveway,,Right angle,Light truck utility(from 2018),4 wheel drive / SUV,2,0,0,0,1,6,June,Winter,Thursday,06:00 - 07:59,AM peak / school commute,True,False,True,True
1355269,Injury,Minor/Other Injury,2024,2024,June,Tuesday,12:00 - 13:59,VIMIERA,RD,0,Right on the spot,WATERLOO,RD,MARSFIELD,,No,Not a school zone,Roundabout,-33.767876,151.104937,Ryde,Sydney metro. area,Syd-Newc-Woll Gtr conurbation,Straight,,,,Unknown / not stated,Sealed,Dry,Fine,Daylight,Nil,Give way sign,50 km/h,Local,10,Cross traffic,101,Adj - Cross traffic,,Right angle,Car (sedan/hatch),Pedal cycle,2,0,0,0,1,6,June,Winter,Tuesday,12:00 - 13:59,Midday / afternoon,False,False,True,True
1355275,Injury,Serious Injury,2024,2024,June,Saturday,12:00 - 13:59,HALL,ST,0,Right on the spot,WELLINGTON,ST,BONDI BEACH,,No,Not a school zone,X-intersection,-33.887229,151.267819,Waverley,Sydney metro. area,Syd-Newc-Woll Gtr conurbation,Straight,Steep grade,,,Unknown / not stated,Sealed,Wet,Raining,Daylight,Nil,Stop sign,50 km/h,Local,10,Cross traffic,101,Adj - Cross traffic,,Right angle,Car (sedan/hatch),Car (sedan/hatch),2,0,1,0,0,6,June,Winter,Saturday,12:00 - 13:59,Midday / afternoon,False,False,True,True
1355276,Injury,Moderate Injury,2024,2024,June,Sunday,08:00 - 09:59,PRINCES,HWY,0,Right on the spot,QUINNS,LANE,SOUTH NOWRA,1.0,No,Not a school zone,Roundabout,-34.908515,150.603206,Shoalhaven,Country urban,Rest of NSW - Urban,Straight,,,,Unknown / not stated,Sealed,Wet,Fine,Daylight,Nil,Give way sign,70 km/h,State,74,On road-out of cont.,705,Out of control on cway,,Rollover,Motorcycle,,1,0,0,1,0,6,June,Winter,Sunday,08:00 - 09:59,AM peak / school commute,True,False,True,True
1355278,Injury,Moderate Injury,2024,2024,March,Saturday,10:00 - 11:59,WOODVILLE,RD,100,North,VILLAWOOD,RD,VILLAWOOD,640.0,No,Not a school zone,Divided road,-33.881074,150.977864,Fairfield,Sydney metro. area,Syd-Newc-Woll Gtr conurbation,Straight,Other bridge,,,Unknown / not stated,Sealed,Dry,Fine,Daylight,Nil,No traffic controls,60 km/h,State,30,Rear end,301,Same - Rear end,,Rear end,4 wheel drive / SUV,4 wheel drive / SUV,2,0,0,1,0,3,March,Autumn,Saturday,10:00 - 11:59,Midday / afternoon,False,False,True,True
1355280,Injury,Moderate Injury,2024,2024,June,Friday,16:00 - 17:59,JERSEY,RD,0,Right on the spot,BUNTING,ST,EMERTON,7163.0,No,Not a school zone,T-junction,-33.742916,150.808267,Blacktown,Sydney metro. area,Syd-Newc-Woll Gtr conurbation,Straight,,,,Unknown / not stated,Sealed,Dry,Fine,Dusk,Nil,Give way sign,60 km/h,Regional,21,Right through,202,Opp - Right-thru,,Other angle,Car (sedan/hatch),Car (sedan/hatch),2,0,0,1,1,6,June,Winter,Friday,16:00 - 17:59,PM peak / evening commute,True,False,True,True
1355282,Injury,Serious Injury,2024,2024,June,Saturday,10:00 - 11:59,NEWCASTLE,EXP,3200,North,HAWKESBURY RIVER,BDGE,BAR POINT,6003.0,No,Not a school zone,Dual freeway,-33.509784,151.190464,Central Coast,Country non-urban,Syd-Newc-Woll Gtr conurbation,Curved,,,,Unknown / not stated,Sealed,Wet,Raining,Daylight,Nil,No traffic controls,90 km/h,State,30,Rear end,301,Same - Rear end,,Rear end,Car (sedan/hatch),Car (sedan/hatch),2,0,1,0,0,6,June,Winter,Saturday,10:00 - 11:59,Midday / afternoon,False,False,True,True
1355283,Injury,Minor/Other Injury,2024,2024,June,Saturday,12:00 - 13:59,WILLOWDALE,DR,80,East,CAMDEN VALLEY WAY,TO,LEPPINGTON,620.0,No,Not a school zone,Divided road,-33.975869,150.809859,Camden,Sydney metro. area,Syd-Newc-Woll Gtr conurbation,Straight,,,,Unknown / not stated,Sealed,Wet,Raining,Daylight,On,Ped crossing,60 km/h,State,30,Rear end,301,Same - Rear end,,Rear end,Car (sedan/hatch),Car (sedan/hatch),2,0,0,0,1,6,June,Winter,Saturday,12:00 - 13:59,Midday / afternoon,False,False,True,True
1355284,Injury,Minor/Other Injury,2024,2024,June,Thursday,06:00 - 07:59,CESSNOCK,RD,0,Right on the spot,SCENIC,DR,GILLIESTON HEIGHTS,195.0,No,Not a school zone,T-junction,-32.754745,151.535679,Maitland,Country urban,Rest of NSW - Urban,Straight,,,,Unknown / not stated,Sealed,Dry,Fine,Daylight,Nil,Give way sign,60 km/h,State,21,Right through,202,Opp - Right-thru,,Other angle,Car (sedan/hatch),Car (sedan/hatch),2,0,0,0,1,6,June,Winter,Thursday,06:00 - 07:59,AM peak / school commute,True,False,True,True
1355289,Injury,Minor/Other Injury,2024,2024,June,Saturday,12:00 - 13:59,NARELLAN,RD,0,Right on the spot,CAMDEN,BYPA,SMEATON GRANGE,178.0,No,Not a school zone,T-junction,-34.040827,150.746128,Camden,Sydney metro. area,Syd-Newc-Woll Gtr conurbation,Straight,,,,Unknown / not stated,Sealed,Dry,Fine,Daylight,Nil,No traffic controls,60 km/h,State,32,Right rear,303,Same - Rear right,,Rear end,Car (sedan/hatch),Car (sedan/hatch),2,0,0,0,1,6,June,Winter,Saturday,12:00 - 13:59,Midday / afternoon,False,False,True,True
1355291,Injury,Moderate Injury,2024,2024,June,Thursday,10:00 - 11:59,FARRER,PL,150,West,LOWE,ST,QUEANBEYAN,51.0,No,Not a school zone,Divided road,-35.355092,149.230638,Queanbeyan-Palerang Regional,Country urban,Rest of NSW - Urban,Straight,,,,Unknown / not stated,Sealed,Dry,Fine,Daylight,Nil,No traffic controls,60 km/h,State,73,Off rd rght => obj,704,Right off cway into obj,,Vehicle - Object,Car (sedan/hatch),,1,0,0,1,0,6,June,Winter,Thursday,10:00 - 11:59,Midday / afternoon,False,False,True,True
1355303,Injury,Serious Injury,2024,2024,June,Thursday,18:00 - 19:59,MINJUNGBAL,DR,0,Right on the spot,DRY DOCK,RD,TWEED HEADS SOUTH,7733.0,No,Not a school zone,T-junction,-28.187321,153.540051,Tweed,Country urban,Rest of NSW - Urban,Straight,,,,Unknown / not stated,Sealed,Wet,Raining,Darkness,On,No traffic controls,60 km/h,Regional,21,Right through,202,Opp - Right-thru,,Other angle,4 wheel drive / SUV,Light truck utility(from 2018),2,0,1,0,1,6,June,Winter,Thursday,18:00 - 19:59,PM peak / evening commute,True,False,True,True
1355306,Injury,Moderate Injury,2024,2024,February,Saturday,18:00 - 19:59,KING GEORGES,RD,0,Right on the spot,HILLCREST,AVE,HURSTVILLE,200.0,No,Not a school zone,X-intersection,-33.970589,151.098708,Georges River,Sydney metro. area,Syd-Newc-Woll Gtr conurbation,Straight,Steep grade,,,Unknown / not stated,Sealed,Dry,Fine,Daylight,On,No right turn,60 km/h,State,10,Cross traffic,101,Adj - Cross traffic,,Right angle,4 wheel drive / SUV,Car (sedan/hatch),2,0,0,1,0,2,February,Summer,Saturday,18:00 - 19:59,PM peak / evening commute,True,False,True,True
1355311,Injury,Minor/Other Injury,2024,2024,June,Sunday,18:00 - 19:59,BUNGARRIBEE,RD,0,Right on the spot,LOCK,ST,BLACKTOWN,643.0,No,Not a school zone,X-intersection,-33.778869,150.914218,Blacktown,Sydney metro. area,Syd-Newc-Woll Gtr conurbation,Straight,,,,Unknown / not stated,Sealed,Dry,Fine,Dusk,On,No traffic controls,60 km/h,State,33,Lane sideswipe,305,Same - Lane side swipe,,Other angle,Car (sedan/hatch),Car (sedan/hatch),2,0,0,0,1,6,June,Winter,Sunday,18:00 - 19:59,PM peak / evening commute,True,False,True,True
1355314,Injury,Minor/Other Injury,2024,2024,June,Friday,22:00 - Midnight,PACIFIC,HWY,1000,North,SLEEPY HOLLOW,RD,SLEEPY HOLLOW,10.0,No,Not a school zone,Divided road,-28.409863,153.526267,Tweed,Country non-urban,Rest of NSW - Rural,Straight,,,,Unknown / not stated,Sealed,Wet,Fine,Darkness,Nil,No traffic controls,110 km/h,State,30,Rear end,301,Same - Rear end,,Rear end,Semi-trailer,Light truck,2,0,0,0,1,6,June,Winter,Friday,22:00 - Midnight,Evening / night,False,False,True,True
1355315,Injury,Moderate Injury,2024,2024,June,Thursday,08:00 - 09:59,FITZROY,ST,0,Right on the spot,MARSHALL,ST,SURRY HILLS,7301.0,No,Not a school zone,T-junction,-33.885589,151.216715,Sydney,Sydney metro. area,Syd-Newc-Woll Gtr conurbation,Straight,Foot/cycle path/nature strip,,,Unknown / not stated,Sealed,Dry,Fine,Daylight,Nil,Stop sign,40 km/h,Regional,37,Left turn sideswipe,309,Same - Left turn side swipe,,Other angle,Light truck,Pedal cycle,2,0,0,1,0,6,June,Winter,Thursday,08:00 - 09:59,AM peak / school commute,True,False,True,True
1355316,Injury,Moderate Injury,2024,2024,June,Thursday,12:00 - 13:59,CENTRAL COAST,HWY,0,Right on the spot,NOELA,PL,BUDGEWOI,30.0,No,Not a school zone,Roundabout,-33.233787,151.553505,Central Coast,Country urban,Syd-Newc-Woll Gtr conurbation,Straight,Steep grade,,,Unknown / not stated,Sealed,Dry,Fine,Daylight,Nil,Give way sign,50 km/h,State,30,Rear end,301,Same - Rear end,,Rear end,Light truck utility(from 2018),Car (sedan/hatch),2,0,0,1,0,6,June,Winter,Thursday,12:00 - 13:59,Midday / afternoon,False,False,True,True
1355320,Injury,Minor/Other Injury,2024,2024,May,Friday,16:00 - 17:59,JAMES RUSE,DR,15,South,GRAND,AVE,ROSEHILL,309.0,No,Not a school zone,Divided road,-33.819422,151.021816,Parramatta,Sydney metro. area,Syd-Newc-Woll Gtr conurbation,Straight,,,,Unknown / not stated,Sealed,Dry,Fine,Daylight,Nil,No traffic controls,70 km/h,State,30,Rear end,301,Same - Rear end,,Rear end,Semi-trailer,Car (sedan/hatch),2,0,0,0,1,5,May,Autumn,Friday,16:00 - 17:59,PM peak / evening commute,True,False,True,True
1355321,Injury,Moderate Injury,2024,2024,June,Monday,08:00 - 09:59,CUMBERLAND,HWY,20,South,WOODPARK,RD,WOODPARK,13.0,No,Not a school zone,Divided road,-33.839939,150.957408,Cumberland,Sydney metro. area,Syd-Newc-Woll Gtr conurbation,Straight,Steep grade,,,Unknown / not stated,Sealed,Dry,Fine,Daylight,Nil,No traffic controls,70 km/h,State,30,Rear end,301,Same - Rear end,,Rear end,Light truck,4 wheel drive / SUV,2,0,0,1,0,6,June,Winter,Monday,08:00 - 09:59,AM peak / school commute,True,False,True,True
1355323,Injury,Serious Injury,2024,2024,April,Monday,14:00 - 15:59,DAHLIA,AVE,0,Right on the spot,GLADIOLI,AVE,HAMLYN TERRACE,,No,Not a school zone,X-intersection,-33.256994,151.481466,Central Coast,Country urban,Syd-Newc-Woll Gtr conurbation,Straight,Steep grade,,,Nil,Sealed,Dry,Fine,Daylight,Nil,No traffic controls,50 km/h,Local,20,Head on,201,Opp - Head on,,Head-on,4 wheel drive / SUV,4 wheel drive / SUV,2,0,1,0,0,4,April,Autumn,Monday,14:00 - 15:59,Midday / afternoon,False,False,True,True
1355335,Injury,Moderate Injury,2024,2024,June,Saturday,16:00 - 17:59,EAST,ST,0,Right on the spot,BROOKONG,ST,LOCKHART,59.0,No,Not a school zone,X-intersection,-35.226034,146.725186,Lockhart,Country urban,Rest of NSW - Urban,Straight,,,,Unknown / not stated,Sealed,Dry,Fine,Darkness,Nil,Give way sign,50 km/h,Regional,10,Cross traffic,101,Adj - Cross traffic,,Right angle,Light truck utility(from 2018),Light truck utility(from 2018),2,0,0,2,0,6,June,Winter,Saturday,16:00 - 17:59,PM peak / evening commute,True,False,True,True
1355338,Injury,Minor/Other Injury,2024,2024,June,Thursday,14:00 - 15:59,CONSTITUTION,DR,0,Right on the spot,NORTHLAKES,AVE,CAMERON PARK,,No,Not a school zone,Roundabout,-32.910154,151.614138,Lake Macquarie,Newcastle met. area,Syd-Newc-Woll Gtr conurbation,Straight,,,,Unknown / not stated,Sealed,Dry,Fine,Daylight,Nil,Give way sign,50 km/h,Local,10,Cross traffic,101,Adj - Cross traffic,,Right angle,4 wheel drive / SUV,Motorcycle,2,0,0,0,1,6,June,Winter,Thursday,14:00 - 15:59,Midday / afternoon,False,False,True,True
1355342,Injury,Minor/Other Injury,2024,2024,June,Friday,16:00 - 17:59,PACIFIC,HWY,0,Right on the spot,RYDE,RD,PYMBLE,10.0,No,Not a school zone,X-intersection,-33.750786,151.147292,Ku-ring-gai,Sydney metro. area,Syd-Newc-Woll Gtr conurbation,Straight,,,,Unknown / not stated,Sealed,Dry,Fine,Unknown,On,No traffic controls,60 km/h,State,32,Right rear,303,Same - Rear right,,Rear end,Car (sedan/hatch),Car (sedan/hatch),2,0,0,0,1,6,June,Winter,Friday,16:00 - 17:59,PM peak / evening commute,True,False,True,True
1355343,Injury,Moderate Injury,2024,2024,June,Monday,08:00 - 09:59,SCENIC,DR,0,Right on the spot,SUN HILL,DR,MEREWETHER HEIGHTS,7777.0,No,Not a school zone,T-junction,-32.948258,151.736196,Newcastle,Newcastle met. area,Syd-Newc-Woll Gtr conurbation,Straight,,,,Off,Sealed,Dry,Fine,Daylight,Nil,No traffic controls,60 km/h,Regional,32,Right rear,303,Same - Rear right,,Rear end,Light truck utility(from 2018),Light truck utility(from 2018),2,0,0,1,0,6,June,Winter,Monday,08:00 - 09:59,AM peak / school commute,True,False,True,True
1355346,Injury,Minor/Other Injury,2024,2024,June,Wednesday,06:00 - 07:59,CLOVELLY,RD,5,East,BISHOPS,AVE,RANDWICK,,No,Not a school zone,T-junction,-33.911363,151.253302,Randwick,Sydney metro. area,Syd-Newc-Woll Gtr conurbation,Straight,,,,Unknown / not stated,Sealed,Dry,Fine,Unknown,Nil,No traffic controls,50 km/h,Local,30,Rear end,301,Same - Rear end,,Rear end,4 wheel drive / SUV,Car (sedan/hatch),2,0,0,0,1,6,June,Winter,Wednesday,06:00 - 07:59,AM peak / school commute,True,False,True,True
1355348,Injury,Serious Injury,2024,2024,May,Wednesday,20:00 - 21:59,THE RIVER,RD,0,Right on the spot,BEACONSFIELD,ST,REVESBY,2068.0,Yes,No,X-intersection,-33.94524,151.018033,Canterbury-Bankstown,Sydney metro. area,Syd-Newc-Woll Gtr conurbation,Straight,,,,On,Sealed,Dry,Fine,Darkness,On,No traffic controls,60 km/h,Regional,10,Cross traffic,101,Adj - Cross traffic,,Right angle,Motorcycle,Light truck utility(from 2018),2,0,1,0,0,5,May,Autumn,Wednesday,20:00 - 21:59,Evening / night,False,False,True,True
1355350,Injury,Moderate Injury,2024,2024,May,Tuesday,08:00 - 09:59,FOREST,RD,0,Right on the spot,WOLLI CREEK,RD,ARNCLIFFE,168.0,No,Not a school zone,X-intersection,-33.942239,151.132672,Bayside,Sydney metro. area,Syd-Newc-Woll Gtr conurbation,Straight,,,,Unknown / not stated,Sealed,Dry,Fine,Daylight,On,No traffic controls,60 km/h,State,10,Cross traffic,101,Adj - Cross traffic,,Right angle,4 wheel drive / SUV,4 wheel drive / SUV,2,0,0,1,1,5,May,Autumn,Tuesday,08:00 - 09:59,AM peak / school commute,True,False,True,True
1355353,Injury,Serious Injury,2024,2024,April,Friday,00:01 - 01:59,WESTERN,EXP,10,East,RESERVOIR ROAD,TO,EASTERN CREEK,6004.0,No,Not a school zone,Dual freeway,-33.80212,150.886455,Blacktown,Sydney metro. area,Syd-Newc-Woll Gtr conurbation,Straight,Steep grade,,,On,Sealed,Dry,Fine,Darkness,Nil,No traffic controls,100 km/h,State,30,Rear end,301,Same - Rear end,,Rear end,4 wheel drive / SUV,Large rigid,2,0,1,0,0,4,April,Autumn,Friday,00:01 - 01:59,Late night / early morning,False,False,True,True
1355354,Injury,Serious Injury,2024,2024,April,Tuesday,06:00 - 07:59,ANZAC,PDE,25,South,WADE,ST,MAROUBRA,661.0,No,Not a school zone,Divided road,-33.948654,151.24073,Randwick,Sydney metro. area,Syd-Newc-Woll Gtr conurbation,Straight,Bus stop,,,Nil,Sealed,Dry,Fine,Daylight,Nil,No traffic controls,60 km/h,State,2,Ped far side,3,Ped - Far side,,Vehicle - Pedestrian,Car (sedan/hatch),Pedestrian,2,0,1,0,0,4,April,Autumn,Tuesday,06:00 - 07:59,AM peak / school commute,True,False,True,True
1355355,Injury,Moderate Injury,2024,2024,June,Wednesday,22:00 - Midnight,CAMPBELL,PDE,0,Right on the spot,QUEEN ELIZABETH,DR,BONDI BEACH,,No,Not a school zone,Roundabout,-33.892181,151.273136,Waverley,Sydney metro. area,Syd-Newc-Woll Gtr conurbation,Curved,,,,On,Sealed,Dry,Fine,Darkness,Nil,Give way sign,40 km/h,Local,83,Off rt/rt bnd=>obj,803,Off right bend into obj,Right,Vehicle - Object,Motorcycle,,1,0,0,1,0,6,June,Winter,Wednesday,22:00 - Midnight,Evening / night,False,False,True,True
1355356,Injury,Serious Injury,2024,2024,February,Saturday,02:00 - 03:59,CLISSOLD,ST,0,Right on the spot,FRANZMAN,AVE,ELDERSLIE,,No,Not a school zone,X-intersection,-34.052059,150.720513,Camden,Sydney metro. area,Syd-Newc-Woll Gtr conurbation,Straight,,,,On,Sealed,Dry,Fine,Darkness,Nil,Give way sign,50 km/h,Local,10,Cross traffic,101,Adj - Cross traffic,,Right angle,Light truck utility(from 2018),4 wheel drive / SUV,2,0,1,0,1,2,February,Summer,Saturday,02:00 - 03:59,Late night / early morning,False,False,True,True
1355357,Injury,Moderate Injury,2024,2024,June,Tuesday,06:00 - 07:59,FRAGAR,RD,0,Right on the spot,MAXWELL,ST,SOUTH PENRITH,,No,Not a school zone,Roundabout,-33.774989,150.706352,Penrith,Sydney metro. area,Syd-Newc-Woll Gtr conurbation,Straight,,,,Off,Sealed,Dry,Fine,Daylight,Nil,Give way sign,50 km/h,Local,10,Cross traffic,101,Adj - Cross traffic,,Right angle,4 wheel drive / SUV,Passenger van,2,0,0,1,0,6,June,Winter,Tuesday,06:00 - 07:59,AM peak / school commute,True,False,True,True
1355359,Injury,Minor/Other Injury,2024,2024,May,Wednesday,08:00 - 09:59,WEST BOTANY,ST,0,Right on the spot,DUNCAN,ST,ARNCLIFFE,2032.0,No,Not a school zone,T-junction,-33.935366,151.152583,Bayside,Sydney metro. area,Syd-Newc-Woll Gtr conurbation,Straight,,,,Off,Sealed,Dry,Fine,Daylight,Nil,Give way sign,60 km/h,Regional,37,Left turn sideswipe,309,Same - Left turn side swipe,,Other angle,B-double (road train prior 98),Car (sedan/hatch),2,0,0,0,1,5,May,Autumn,Wednesday,08:00 - 09:59,AM peak / school commute,True,False,True,True
1355362,Injury,Serious Injury,2024,2024,April,Thursday,20:00 - 21:59,WICKES,ST,0,Right on the spot,NUMBER 68,HN,BROKEN HILL,,No,Not a school zone,2-way undivided,-31.95544,141.452782,Broken Hill,Country urban,Rest of NSW - Urban,Straight,,,,On,Sealed,Dry,Fine,Darkness,Nil,No traffic controls,50 km/h,Local,71,Off rd left => obj,703,Left off cway into object,,Vehicle - Object,4 wheel drive / SUV,,1,0,1,0,0,4,April,Autumn,Thursday,20:00 - 21:59,Evening / night,False,False,True,True
1355366,Injury,Serious Injury,2024,2024,June,Tuesday,16:00 - 17:59,JERSEY,RD,0,Right on the spot,POPONDETTA,RD,EMERTON,7163.0,No,Not a school zone,Roundabout,-33.743079,150.810838,Blacktown,Sydney metro. area,Syd-Newc-Woll Gtr conurbation,Straight,,,,Nil,Sealed,Dry,Fine,Dusk,Nil,Give way sign,50 km/h,Regional,0,Ped nearside,1,Ped - Near side,,Vehicle - Pedestrian,Car (sedan/hatch),Pedestrian,2,0,1,0,0,6,June,Winter,Tuesday,16:00 - 17:59,PM peak / evening commute,True,False,True,True
1355369,Injury,Moderate Injury,2024,2024,June,Monday,08:00 - 09:59,MACQUARIE,AVE,0,Right on the spot,MEMORIAL,AVE,LIVERPOOL,,No,Not a school zone,X-intersection,-33.924896,150.923209,Liverpool,Sydney metro. area,Syd-Newc-Woll Gtr conurbation,Straight,,,,Nil,Sealed,Dry,Fine,Daylight,On,Ped crossing,50 km/h,Local,0,Ped nearside,1,Ped - Near side,,Vehicle - Pedestrian,Passenger van,Pedestrian,2,0,0,1,0,6,June,Winter,Monday,08:00 - 09:59,AM peak / school commute,True,False,True,True
1355371,Injury,Serious Injury,2024,2024,June,Sunday,22:00 - Midnight,OLD BATHURST,RD,200,East,DAVID,RD,EMU PLAINS,7291.0,No,Not a school zone,2-way undivided,-33.742944,150.665826,Penrith,Sydney metro. area,Syd-Newc-Woll Gtr conurbation,Straight,B'down lane/road shldr,,,Nil,Sealed,Dry,Fine,Darkness,Nil,No traffic controls,70 km/h,Regional,60,Parked,601,On path - Parked,,Other angle,Pedal cycle,4 wheel drive / SUV,2,0,1,0,0,6,June,Winter,Sunday,22:00 - Midnight,Evening / night,False,False,True,True
1355372,Injury,Serious Injury,2024,2024,June,Friday,06:00 - 07:59,RODGERS,ST,0,Right on the spot,NUMBER 16-20,HN,KINGSWOOD,,No,Not a school zone,2-way undivided,-33.759488,150.718539,Penrith,Sydney metro. area,Syd-Newc-Woll Gtr conurbation,Straight,,,,Nil,Sealed,Dry,Fine,Dawn,Nil,No traffic controls,50 km/h,Local,46,Reversing into obj,405,Manov - Reverse into fixed obj,,Vehicle - Object,Car (sedan/hatch),,1,0,1,0,0,6,June,Winter,Friday,06:00 - 07:59,AM peak / school commute,True,False,True,True