crash_id,degree_of_crash,degree_of_crash_-_detailed,reporting_year,year_of_crash,month_of_crash,day_of_week_of_crash,two-hour_intervals,street_of_crash,street_type,distance,direction,identifying_feature,identifying_feature_type,town,route_no.,school_zone_location,school_zone_active,type_of_location,latitude,longitude,lga,urbanisation,conurbation_1,alignment,primary_permanent_feature,primary_temporary_feature,primary_hazardous_feature,street_lighting,road_surface,surface_condition,weather,natural_lighting,signals_operation,other_traffic_control,speed_limit,road_classification_(admin),rum_-_code,rum_-_description,dca_-_code,dca_-_description,dca_supplement,first_impact_type,key_tu_type,other_tu_type,no._of_traffic_units_involved,no._killed,no._seriously_injured,no._moderately_injured,no._minor-other_injured,month_num,month_label,season,day_label,time_label,time_band,is_peak_commute,is_fatal,is_injury,is_casualty
1355374,Injury,Serious Injury,2024,2024,June,Tuesday,06:00 - 07:59,CANTERBURY,RD,0,Right on the spot,PLATTS,AVE,BELMORE,167.0,No,Not a school zone,T-junction,-33.922694,151.093868,Canterbury-Bankstown,Sydney metro. area,Syd-Newc-Woll Gtr conurbation,Straight,,,,Off,Sealed,Dry,Fine,Daylight,Nil,No right turn,60 km/h,State,0,Ped nearside,1,Ped - Near side,,Vehicle - Pedestrian,Car (sedan/hatch),Ped in toy vehicle,2,0,1,0,0,6,June,Winter,Tuesday,06:00 - 07:59,AM peak / school commute,True,False,True,True
1355375,Injury,Serious Injury,2024,2024,June,Monday,16:00 - 17:59,BRUXNER,HWY,0,Right on the spot,SNEATHS,RD,WOLLONGBAR,16.0,No,Not a school zone,T-junction,-28.821541,153.411373,Ballina,Country urban,Rest of NSW - Urban,Straight,,,,On,Sealed,Dry,Fine,Dusk,Nil,Give way sign,80 km/h,State,21,Right through,202,Opp - Right-thru,,Other angle,4 wheel drive / SUV,4 wheel drive / SUV,2,0,2,0,0,6,June,Winter,Monday,16:00 - 17:59,PM peak / evening commute,True,False,True,True
1355381,Injury,Moderate Injury,2024,2024,June,Sunday,18:00 - 19:59,CADIA,RD,0,Right on the spot,WOODVILLE,RD,CADIA,,No,Not a school zone,T-junction,-33.458282,149.02526,Cabonne,Country non-urban,Rest of NSW - Rural,Curved,,,,Nil,Sealed,Dry,Fog or mist,Darkness,Nil,Give way sign,100 km/h,Local,10,Cross traffic,101,Adj - Cross traffic,,Right angle,Light truck utility(from 2018),Light truck utility(from 2018),2,0,0,1,0,6,June,Winter,Sunday,18:00 - 19:59,PM peak / evening commute,True,False,True,True
1355383,Injury,Moderate Injury,2024,2024,May,Monday,10:00 - 11:59,DENISON,ST,0,Right on the spot,GIPPS,ST,WEST TAMWORTH,,No,Not a school zone,X-intersection,-31.096212,150.918893,Tamworth Regional,Country urban,Rest of NSW - Urban,Straight,,,,Off,Sealed,Dry,Fine,Daylight,Nil,Give way sign,50 km/h,Local,10,Cross traffic,101,Adj - Cross traffic,,Right angle,Light truck utility(from 2018),Motorcycle,2,0,0,1,0,5,May,Autumn,Monday,10:00 - 11:59,Midday / afternoon,False,False,True,True
1355384,Injury,Moderate Injury,2024,2024,May,Thursday,10:00 - 11:59,BARWON,AVE,0,Right on the spot,GRACE,ST,MOREE,,No,Not a school zone,T-junction,-29.477272,149.833979,Moree Plains,Country urban,Rest of NSW - Urban,Straight,,,,Off,Sealed,Dry,Unknown,Daylight,Nil,Give way sign,50 km/h,Local,74,On road-out of cont.,705,Out of control on cway,,Rollover,Motorcycle,,1,0,0,1,0,5,May,Autumn,Thursday,10:00 - 11:59,Midday / afternoon,False,False,True,True
1355385,Injury,Moderate Injury,2024,2024,April,Friday,22:00 - Midnight,CARLINGFORD,ST,105,North,CLAPHAM,RD,REGENTS PARK,7102.0,No,Not a school zone,2-way undivided,-33.884471,151.022375,Canterbury-Bankstown,Sydney metro. area,Syd-Newc-Woll Gtr conurbation,Curved,Steep grade,,,On,Sealed,Dry,Fine,Darkness,Nil,No traffic controls,60 km/h,Regional,81,Off left/rt bnd=>obj,803,Off right bend into obj,Left,Vehicle - Object,Car (sedan/hatch),,1,0,0,1,0,4,April,Autumn,Friday,22:00 - Midnight,Evening / night,False,False,True,True
1355386,Injury,Serious Injury,2024,2024,June,Saturday,10:00 - 11:59,ALBURY,ST,0,Right on the spot,HUME,HWY,HOLBROOK,211.0,No,Not a school zone,T-junction,-35.732676,147.306558,Greater Hume,Country urban,Rest of NSW - Urban,Curved,,,,Nil,Sealed,Dry,Fine,Daylight,Nil,Give way sign,50 km/h,Regional,10,Cross traffic,101,Adj - Cross traffic,,Right angle,Light truck utility(from 2018),Light truck utility(from 2018),2,0,1,0,0,6,June,Winter,Saturday,10:00 - 11:59,Midday / afternoon,False,False,True,True
1355389,Injury,Moderate Injury,2024,2024,April,Wednesday,16:00 - 17:59,M7 WESTLINK,EXP,500,South,OLD WINDSOR,RD,BAULKHAM HILLS,6009.0,No,Not a school zone,Dual freeway,-33.762702,150.961423,The Hills,Sydney metro. area,Syd-Newc-Woll Gtr conurbation,Straight,,,,On,Sealed,Dry,Fine,Dusk,Nil,No traffic controls,100 km/h,State,30,Rear end,301,Same - Rear end,,Rear end,Light truck utility(from 2018),4 wheel drive / SUV,2,0,0,1,0,4,April,Autumn,Wednesday,16:00 - 17:59,PM peak / evening commute,True,False,True,True
1355391,Injury,Serious Injury,2024,2024,February,Wednesday,18:00 - 19:59,CHERTSEY,AVE,0,Right on the spot,OXFORD,AVE,BANKSTOWN,,No,Not a school zone,Roundabout,-33.923247,151.025338,Canterbury-Bankstown,Sydney metro. area,Syd-Newc-Woll Gtr conurbation,Straight,,,,Off,Sealed,Dry,Fine,Daylight,Nil,Give way sign,50 km/h,Local,10,Cross traffic,101,Adj - Cross traffic,,Right angle,Car (sedan/hatch),Pedal cycle,2,0,1,0,0,2,February,Summer,Wednesday,18:00 - 19:59,PM peak / evening commute,True,False,True,True
1355392,Injury,Minor/Other Injury,2024,2024,February,Sunday,16:00 - 17:59,OXFORD,ST,0,Right on the spot,GLENMORE,RD,PADDINGTON,172.0,No,Not a school zone,T-junction,-33.883777,151.222257,Woollahra,Sydney metro. area,Syd-Newc-Woll Gtr conurbation,Straight,,,,On,Sealed,Dry,Fine,Daylight,On,No traffic controls,50 km/h,State,13,Right near,104,Adj - Right-thru from right,,Right angle,Car (sedan/hatch),Motor scooter,2,0,0,0,1,2,February,Summer,Sunday,16:00 - 17:59,PM peak / evening commute,True,False,True,True
1355393,Injury,Moderate Injury,2024,2024,May,Saturday,12:00 - 13:59,COUNTY,DR,0,Right on the spot,WOODGROVE,AVE,CHERRYBROOK,7482.0,No,Not a school zone,T-junction,-33.726766,151.033502,Hornsby,Sydney metro. area,Syd-Newc-Woll Gtr conurbation,Straight,Steep grade,,,Off,Sealed,Dry,Fine,Daylight,On,No traffic controls,60 km/h,Regional,21,Right through,202,Opp - Right-thru,,Other angle,4 wheel drive / SUV,Car (sedan/hatch),2,0,0,1,0,5,May,Autumn,Saturday,12:00 - 13:59,Midday / afternoon,False,False,True,True
1355394,Injury,Moderate Injury,2024,2024,June,Tuesday,18:00 - 19:59,MAROUBRA,RD,0,Right on the spot,BRUCE BENNETTS,PL,MAROUBRA,7044.0,No,Not a school zone,X-intersection,-33.94127,151.236851,Randwick,Sydney metro. area,Syd-Newc-Woll Gtr conurbation,Straight,,,,Nil,Sealed,Wet,Fine,Darkness,On,Ped crossing,50 km/h,Regional,0,Ped nearside,1,Ped - Near side,,Vehicle - Pedestrian,4 wheel drive / SUV,Pedestrian,2,0,0,1,0,6,June,Winter,Tuesday,18:00 - 19:59,PM peak / evening commute,True,False,True,True
1355396,Injury,Serious Injury,2024,2024,February,Monday,20:00 - 21:59,KIDMAN,WAY,300,South,NTH KOOBA,RD,WILLBRIGGIE,321.0,No,Not a school zone,2-way undivided,-34.414026,146.041394,Griffith,Country non-urban,Rest of NSW - Rural,Straight,,,,Nil,Sealed,Dry,Fine,Darkness,Nil,No traffic controls,100 km/h,State,67,Struck animal,609,On path - Hit animal,,Vehicle - Animal,Motorcycle,,1,0,1,0,0,2,February,Summer,Monday,20:00 - 21:59,Evening / night,False,False,True,True
1355398,Injury,Serious Injury,2024,2024,March,Wednesday,22:00 - Midnight,STURT,HWY,50000,West,COBB,HWY,MAUDE,14.0,No,Not a school zone,2-way undivided,-34.623526,144.340231,Hay,Country non-urban,Rest of NSW - Rural,Straight,,,,Nil,Sealed,Dry,Fine,Darkness,Nil,No traffic controls,110 km/h,State,67,Struck animal,609,On path - Hit animal,,Vehicle - Animal,Car (sedan/hatch),,1,0,1,0,1,3,March,Autumn,Wednesday,22:00 - Midnight,Evening / night,False,False,True,True
1355401,Injury,Serious Injury,2024,2024,March,Friday,12:00 - 13:59,MT LINDESAY,RD,5000,North,TOOLOOM,RD,KOREELAH,622.0,No,Not a school zone,2-way undivided,-28.418092,152.415495,Tenterfield,Country non-urban,Rest of NSW - Rural,Curved,Ditch/drain/culvert,,,Nil,Sealed,Dry,Fine,Daylight,Nil,No traffic controls,100 km/h,Regional,20,Head on,201,Opp - Head on,,Head-on,Motorcycle,Light truck utility(from 2018),2,0,1,1,0,3,March,Autumn,Friday,12:00 - 13:59,Midday / afternoon,False,False,True,True
1355406,Injury,Moderate Injury,2024,2024,May,Thursday,16:00 - 17:59,KEIRA,ST,0,Right on the spot,SWAN,ST,WOLLONGONG,,No,Not a school zone,Roundabout,-34.435293,150.891813,Wollongong,Wollongong met. area,Syd-Newc-Woll Gtr conurbation,Straight,,,,On,Sealed,Wet,Raining,Dusk,Nil,Give way sign,50 km/h,Local,10,Cross traffic,101,Adj - Cross traffic,,Right angle,4 wheel drive / SUV,Pedal cycle,2,0,0,1,0,5,May,Autumn,Thursday,16:00 - 17:59,PM peak / evening commute,True,False,True,True
1355410,Injury,Minor/Other Injury,2024,2024,June,Monday,16:00 - 17:59,GREAT WESTERN,HWY,100,West,STATION,ST,PENRITH,5.0,No,Not a school zone,Divided road,-33.750537,150.694885,Penrith,Sydney metro. area,Syd-Newc-Woll Gtr conurbation,Straight,,,,Off,Sealed,Dry,Fine,Dusk,Nil,No traffic controls,50 km/h,State,71,Off rd left => obj,703,Left off cway into object,,Vehicle - Object,4 wheel drive / SUV,,1,0,0,0,1,6,June,Winter,Monday,16:00 - 17:59,PM peak / evening commute,True,False,True,True
1355412,Injury,Serious Injury,2024,2024,April,Friday,12:00 - 13:59,KAHIBAH,RD,80,East,MILSON,ST,CHARLESTOWN,,No,Not a school zone,2-way undivided,-32.964895,151.700441,Lake Macquarie,Newcastle met. area,Syd-Newc-Woll Gtr conurbation,Straight,,,,Nil,Sealed,Dry,Fine,Daylight,Nil,No traffic controls,60 km/h,Local,71,Off rd left => obj,703,Left off cway into object,,Other angle,Car (sedan/hatch),Light truck utility(from 2018),2,0,1,1,0,4,April,Autumn,Friday,12:00 - 13:59,Midday / afternoon,False,False,True,True
1355414,Injury,Moderate Injury,2024,2024,April,Saturday,10:00 - 11:59,SOUTHERN,EXP,100,South,NORTHCLIFFE,DR,BERKELEY,6006.0,No,Not a school zone,Dual freeway,-34.477165,150.828061,Wollongong,Wollongong met. area,Syd-Newc-Woll Gtr conurbation,Straight,,,,Off,Sealed,Dry,Fine,Daylight,Nil,No traffic controls,100 km/h,State,30,Rear end,301,Same - Rear end,,Rear end,Car (sedan/hatch),4 wheel drive / SUV,5,0,0,2,0,4,April,Autumn,Saturday,10:00 - 11:59,Midday / afternoon,False,False,True,True
1355421,Injury,Moderate Injury,2024,2024,June,Saturday,20:00 - 21:59,NEWCASTLE,EXP,1000,North,MANDALONG ROAD,OP,MORISSET,6003.0,No,Not a school zone,Dual freeway,-33.110138,151.461742,Lake Macquarie,Newcastle met. area,Syd-Newc-Woll Gtr conurbation,Curved,,,,Nil,Sealed,Dry,Fine,Darkness,Nil,No traffic controls,110 km/h,State,30,Rear end,301,Same - Rear end,,Rear end,4 wheel drive / SUV,4 wheel drive / SUV,3,0,0,1,0,6,June,Winter,Saturday,20:00 - 21:59,Evening / night,False,False,True,True
1355422,Injury,Minor/Other Injury,2024,2024,May,Tuesday,22:00 - Midnight,NEWELL,HWY,330,West,MCCOSKER,ST,BOGGABILLA,17.0,No,Not a school zone,2-way undivided,-28.608103,150.352466,Moree Plains,Country urban,Rest of NSW - Urban,Curved,Painted double centre lines,,,On,Sealed,Dry,Fine,Darkness,Nil,No traffic controls,80 km/h,State,20,Head on,201,Opp - Head on,,Head-on,Car (sedan/hatch),B-double (road train prior 98),2,0,0,0,1,5,May,Autumn,Tuesday,22:00 - Midnight,Evening / night,False,False,True,True
1355423,Injury,Moderate Injury,2024,2024,June,Friday,10:00 - 11:59,BATLOW,RD,4000,South,WONDALGA,RD,WONDALGA,85.0,No,Not a school zone,2-way undivided,-35.441886,148.133373,Snowy Valleys,Country non-urban,Rest of NSW - Rural,Curved,Steep grade,,,Nil,Sealed,Wet,Fine,Daylight,Nil,No traffic controls,100 km/h,State,87,Off lft/lft bnd=>obj,804,Off left bend into obj,Left,Vehicle - Object,Car (sedan/hatch),,1,0,0,1,0,6,June,Winter,Friday,10:00 - 11:59,Midday / afternoon,False,False,True,True
1355425,Injury,Minor/Other Injury,2024,2024,March,Wednesday,08:00 - 09:59,CANTERBURY,RD,0,Right on the spot,KING GEORGES,RD,WILEY PARK,167.0,No,Not a school zone,X-intersection,-33.929463,151.072226,Canterbury-Bankstown,Sydney metro. area,Syd-Newc-Woll Gtr conurbation,Straight,,,,Off,Sealed,Dry,Fine,Daylight,On,No traffic controls,60 km/h,State,30,Rear end,301,Same - Rear end,,Rear end,Car (sedan/hatch),4 wheel drive / SUV,3,0,0,0,1,3,March,Autumn,Wednesday,08:00 - 09:59,AM peak / school commute,True,False,True,True
1355429,Injury,Minor/Other Injury,2024,2024,June,Friday,14:00 - 15:59,HUME,HWY,0,Right on the spot,BROOKS ROAD,TO,INGLEBURN,2.0,No,Not a school zone,Dual freeway,-33.986737,150.85598,Campbelltown,Sydney metro. area,Syd-Newc-Woll Gtr conurbation,Straight,,,,On,Sealed,Wet,Raining,Daylight,Nil,No traffic controls,110 km/h,State,34,Lane change right,306,Same - Lane change right,,Other angle,Semi-trailer,Car (sedan/hatch),2,0,0,0,1,6,June,Winter,Friday,14:00 - 15:59,Midday / afternoon,False,False,True,True
1355431,Injury,Moderate Injury,2024,2024,June,Tuesday,14:00 - 15:59,YAMBIL,ST,0,Right on the spot,NUMBER 10-12,HN,GRIFFITH,,No,Not a school zone,Divided road,-34.290103,146.05172,Griffith,Country urban,Rest of NSW - Urban,Straight,,,,Off,Sealed,Dry,Fine,Daylight,Nil,No traffic controls,40 km/h,Local,42,Leaving parking,401,Manov - Leaving parking,,Other angle,Station wagon,Car (sedan/hatch),3,0,0,1,0,6,June,Winter,Tuesday,14:00 - 15:59,Midday / afternoon,False,False,True,True
1355432,Injury,Serious Injury,2024,2024,May,Friday,14:00 - 15:59,RAWDON ISLAND,RD,790,South,SANCROX,RD,SANCROX,,No,Not a school zone,2-way undivided,-31.449772,152.787436,Port Macquarie-Hastings,Country urban,Rest of NSW - Urban,Curved,Painted double centre lines,,,Nil,Sealed,Dry,Fine,Daylight,Nil,No traffic controls,80 km/h,Local,20,Head on,201,Opp - Head on,,Head-on,Station wagon,Other bus,2,0,1,2,0,5,May,Autumn,Friday,14:00 - 15:59,Midday / afternoon,False,False,True,True
1355433,Injury,Minor/Other Injury,2024,2024,May,Thursday,08:00 - 09:59,SOLANDER,ST,999999,Unknown/not stated,PERRY,ST,MATRAVILLE,,No,Not a school zone,2-way undivided,-33.958836,151.228047,Randwick,Sydney metro. area,Syd-Newc-Woll Gtr conurbation,Straight,,,,Nil,Sealed,Dry,Fine,Daylight,Nil,No traffic controls,50 km/h,Local,9,Ped other,0,Ped - other,,Vehicle - Pedestrian,4 wheel drive / SUV,Pedestrian,2,0,0,0,1,5,May,Autumn,Thursday,08:00 - 09:59,AM peak / school commute,True,False,True,True
1355434,Injury,Moderate Injury,2024,2024,April,Monday,18:00 - 19:59,RIFLE RANGE,RD,0,Right on the spot,NUMBER 55,HN,BLIGH PARK,,No,Not a school zone,2-way undivided,-33.635382,150.801802,Hawkesbury,Country urban,Syd-Newc-Woll Gtr conurbation,Straight,,,,Nil,Sealed,Dry,Fine,Darkness,Nil,No traffic controls,50 km/h,Local,71,Off rd left => obj,703,Left off cway into object,,Other angle,Car (sedan/hatch),4 wheel drive / SUV,2,0,0,1,0,4,April,Autumn,Monday,18:00 - 19:59,PM peak / evening commute,True,False,True,True
1355436,Injury,Serious Injury,2024,2024,April,Thursday,14:00 - 15:59,BANKSIA,RD,117,East,MACKAY,ST,CARINGBAH,,No,Not a school zone,2-way undivided,-34.042127,151.125053,Sutherland,Sydney metro. area,Syd-Newc-Woll Gtr conurbation,Straight,Driveway/entrance,,,Nil,Sealed,Wet,Fine,Daylight,Nil,No traffic controls,50 km/h,Local,85,Off rt/lft bnd=>obj,706,Left turn,Right,Vehicle - Object,4 wheel drive / SUV,,1,0,1,1,0,4,April,Autumn,Thursday,14:00 - 15:59,Midday / afternoon,False,False,True,True
1355437,Injury,Minor/Other Injury,2024,2024,June,Tuesday,14:00 - 15:59,FITZWILLIAM,RD,0,Right on the spot,WENTWORTH,AVE,TOONGABBIE,7152.0,No,Not a school zone,Roundabout,-33.78409,150.954445,Parramatta,Sydney metro. area,Syd-Newc-Woll Gtr conurbation,Straight,,,,Nil,Sealed,Dry,Fine,Daylight,Nil,Give way sign,60 km/h,Regional,32,Right rear,303,Same - Rear right,,Rear end,4 wheel drive / SUV,Motorcycle,2,0,0,0,1,6,June,Winter,Tuesday,14:00 - 15:59,Midday / afternoon,False,False,True,True
1355440,Injury,Moderate Injury,2024,2024,May,Saturday,22:00 - Midnight,LANG,RD,20,South,DARVALL,ST,CENTENNIAL PARK,,No,Not a school zone,2-way undivided,-33.894985,151.230422,Sydney,Sydney metro. area,Syd-Newc-Woll Gtr conurbation,Straight,,,,On,Sealed,Wet,Raining,Darkness,Nil,No traffic controls,40 km/h,Local,74,On road-out of cont.,705,Out of control on cway,,Rollover,Pedal cycle,,1,0,0,1,0,5,May,Autumn,Saturday,22:00 - Midnight,Evening / night,False,False,True,True
1355442,Injury,Serious Injury,2024,2024,May,Sunday,12:00 - 13:59,WEST,PDE,350,South,BARGO RIVER,RD,COURIDJAH,7635.0,No,Not a school zone,2-way undivided,-34.235536,150.547229,Wollondilly,Country non-urban,Syd-Newc-Woll Gtr conurbation,Curved,,,,Nil,Sealed,Unknown,Unknown,Daylight,Nil,No traffic controls,100 km/h,Regional,20,Head on,201,Opp - Head on,,Head-on,Car (sedan/hatch),4 wheel drive / SUV,2,0,2,0,0,5,May,Autumn,Sunday,12:00 - 13:59,Midday / afternoon,False,False,True,True
1355444,Injury,Serious Injury,2024,2024,June,Wednesday,16:00 - 17:59,RAWSON,ST,0,Right on the spot,NUMBER 251,HN,AUBURN,2069.0,No,Not a school zone,2-way undivided,-33.840741,151.026463,Cumberland,Sydney metro. area,Syd-Newc-Woll Gtr conurbation,Straight,Driveway/entrance,,,Off,Sealed,Dry,Fine,Dusk,Nil,No traffic controls,60 km/h,Regional,47,Emerging from drive,406,Manov - Emerging from driveway,,Right angle,4 wheel drive / SUV,Pedal cycle,2,0,1,1,0,6,June,Winter,Wednesday,16:00 - 17:59,PM peak / evening commute,True,False,True,True
1355448,Injury,Serious Injury,2024,2024,March,Wednesday,20:00 - 21:59,CARCOAR,RD,0,Right on the spot,NUMBER 1217,HN,BROWNS CREEK,,No,Not a school zone,2-way undivided,-33.554811,149.160335,Blayney,Country non-urban,Rest of NSW - Rural,Straight,,,,Unknown / not stated,Sealed,Dry,Fine,Darkness,Nil,No traffic controls,100 km/h,Local,73,Off rd rght => obj,704,Right off cway into obj,,Vehicle - Object,Light truck utility(from 2018),,1,0,1,0,0,3,March,Autumn,Wednesday,20:00 - 21:59,Evening / night,False,False,True,True
1355450,Injury,Moderate Injury,2024,2024,May,Friday,16:00 - 17:59,PRINCES,HWY,0,Right on the spot,RAILWAY,RD,ST PETERS,1.0,No,Not a school zone,T-junction,-33.91923,151.169345,Inner West,Sydney metro. area,Syd-Newc-Woll Gtr conurbation,Straight,,,,Nil,Sealed,Dry,Fine,Daylight,Unknown / not stated,No traffic controls,60 km/h,State,30,Rear end,301,Same - Rear end,,Rear end,Car (sedan/hatch),Car (sedan/hatch),2,0,0,1,0,5,May,Autumn,Friday,16:00 - 17:59,PM peak / evening commute,True,False,True,True
1355455,Injury,Minor/Other Injury,2024,2024,June,Saturday,22:00 - Midnight,DELEGATE,RD,1000,East,QUIDONG,RD,LORDS HILL,93.0,No,Not a school zone,2-way undivided,-36.936304,149.124207,Snowy Monaro Regional,Country non-urban,Rest of NSW - Rural,Straight,Embankment/cutting,,,Nil,Sealed,Dry,Fine,Darkness,Nil,No traffic controls,100 km/h,Regional,73,Off rd rght => obj,704,Right off cway into obj,,Vehicle - Object,Light truck utility(from 2018),,1,0,0,0,1,6,June,Winter,Saturday,22:00 - Midnight,Evening / night,False,False,True,True
1355456,Injury,Serious Injury,2024,2024,May,Saturday,16:00 - 17:59,FOREST,RD,0,Right on the spot,NUMBER 511,HN,BEXLEY,168.0,No,Not a school zone,2-way undivided,-33.951277,151.124876,Bayside,Sydney metro. area,Syd-Newc-Woll Gtr conurbation,Straight,,,,Nil,Sealed,Wet,Raining,Dusk,Nil,No traffic controls,60 km/h,State,42,Leaving parking,401,Manov - Leaving parking,,Other angle,Car (sedan/hatch),Light truck,4,0,1,1,1,5,May,Autumn,Saturday,16:00 - 17:59,PM peak / evening commute,True,False,True,True
1355457,Injury,Moderate Injury,2024,2024,June,Thursday,10:00 - 11:59,BOUNDARY,RD,0,Right on the spot,PITT TOWN,RD,MARAYLYA,7205.0,Yes,No,Roundabout,-33.593839,150.916224,The Hills,Sydney metro. area,Syd-Newc-Woll Gtr conurbation,Straight,,,,Nil,Sealed,Dry,Fine,Daylight,Nil,Give way sign,60 km/h,Regional,10,Cross traffic,101,Adj - Cross traffic,,Right angle,Light truck utility(from 2018),Car (sedan/hatch),2,0,0,1,0,6,June,Winter,Thursday,10:00 - 11:59,Midday / afternoon,False,False,True,True
1355458,Injury,Serious Injury,2024,2024,June,Thursday,22:00 - Midnight,PACIFIC,HWY,50,East,ROMSEY,ST,WAITARA,10.0,Yes,No,Divided road,-33.710546,151.103376,Hornsby,Sydney metro. area,Syd-Newc-Woll Gtr conurbation,Straight,,,,On,Sealed,Dry,Unknown,Darkness,Nil,No traffic controls,60 km/h,State,3,Ped on carriageway,4,Ped - On carriageway,,Vehicle - Pedestrian,Car (sedan/hatch),Pedestrian,2,0,1,0,0,6,June,Winter,Thursday,22:00 - Midnight,Evening / night,False,False,True,True
1355460,Injury,Minor/Other Injury,2024,2024,June,Wednesday,06:00 - 07:59,BUNGAY,RD,25,South,CANGET,ST,WINGHAM,,No,Not a school zone,2-way undivided,-31.87212,152.371118,Mid-Coast,Country urban,Rest of NSW - Urban,Straight,,,,Off,Sealed,Dry,Fine,Dawn,Nil,No traffic controls,50 km/h,Local,71,Off rd left => obj,703,Left off cway into object,,Vehicle - Object,Utility,,1,0,0,0,1,6,June,Winter,Wednesday,06:00 - 07:59,AM peak / school commute,True,False,True,True
1355462,Injury,Moderate Injury,2024,2024,May,Sunday,08:00 - 09:59,GRAND,DR,50,East,CENTENNIAL PARK CYCLE,OT,CENTENNIAL PARK,,No,Not a school zone,1-way street,-33.902733,151.229787,Randwick,Sydney metro. area,Syd-Newc-Woll Gtr conurbation,Straight,,,,Nil,Sealed,Dry,Fine,Daylight,Nil,No traffic controls,30 km/h,Local,42,Leaving parking,401,Manov - Leaving parking,,Other angle,Car (sedan/hatch),Pedal cycle,2,0,0,1,0,5,May,Autumn,Sunday,08:00 - 09:59,AM peak / school commute,True,False,True,True
1355463,Injury,Serious Injury,2024,2024,June,Monday,08:00 - 09:59,SPEERS,ST,15,South,QUARRY,RD,SPEERS POINT,,No,Not a school zone,2-way undivided,-32.964914,151.62795,Lake Macquarie,Newcastle met. area,Syd-Newc-Woll Gtr conurbation,Curved,Steep grade,,,Nil,Sealed,Dry,Fine,Daylight,Nil,No traffic controls,50 km/h,Local,81,Off left/rt bnd=>obj,803,Off right bend into obj,Left,Vehicle - Object,4 wheel drive / SUV,,1,0,1,0,0,6,June,Winter,Monday,08:00 - 09:59,AM peak / school commute,True,False,True,True
1355466,Injury,Serious Injury,2024,2024,May,Sunday,14:00 - 15:59,LORD,ST,0,Right on the spot,WILLIAM,ST,PORT MACQUARIE,,No,Not a school zone,Roundabout,-31.430749,152.91732,Port Macquarie-Hastings,Country urban,Rest of NSW - Urban,Straight,,,,Off,Sealed,Dry,Fine,Daylight,Nil,Give way sign,50 km/h,Local,11,Right far,102,Adj - Right-thru from left,,Right angle,Motorcycle,Car (sedan/hatch),2,0,2,0,0,5,May,Autumn,Sunday,14:00 - 15:59,Midday / afternoon,False,False,True,True
1355467,Injury,Minor/Other Injury,2024,2024,April,Sunday,00:01 - 01:59,SILVER CITY,HWY,48,South,ARTHUR,ST,WENTWORTH,22.0,No,Not a school zone,2-way undivided,-34.103513,141.916784,Wentworth,Country urban,Rest of NSW - Urban,Straight,,,,On,Sealed,Dry,Fine,Darkness,Nil,No traffic controls,60 km/h,State,71,Off rd left => obj,703,Left off cway into object,,Vehicle - Object,Motorcycle,,1,0,0,0,1,4,April,Autumn,Sunday,00:01 - 01:59,Late night / early morning,False,False,True,True
1355473,Injury,Minor/Other Injury,2024,2024,May,Saturday,06:00 - 07:59,DRY CREEK,RD,1700,South,MAIN ARM,RD,UPPER MAIN ARM,,No,Not a school zone,2-way undivided,-28.503591,153.38124,Byron,Country non-urban,Rest of NSW - Rural,Straight,Embankment/cutting,,,Nil,Unsealed,Wet,Unknown,Dawn,Nil,No traffic controls,100 km/h,Local,70,Off road to left,701,Off carriageway to left,,Rollover,4 wheel drive / SUV,,1,0,0,0,1,5,May,Autumn,Saturday,06:00 - 07:59,AM peak / school commute,True,False,True,True
1355474,Injury,Serious Injury,2024,2024,June,Monday,06:00 - 07:59,THOMAS MITCHELL,DR,0,Right on the spot,MT ARTHUR COAL MINE,ENT,MUSWELLBROOK,,No,Not a school zone,2-way undivided,-32.329038,150.896137,Muswellbrook,Country non-urban,Rest of NSW - Rural,Curved,Driveway/entrance,,,Nil,Sealed,Wet,Fog or mist,Dawn,Nil,No traffic controls,100 km/h,Local,47,Emerging from drive,406,Manov - Emerging from driveway,,Right angle,Light truck utility(from 2018),Light truck utility(from 2018),2,0,1,1,0,6,June,Winter,Monday,06:00 - 07:59,AM peak / school commute,True,False,True,True
1355475,Injury,Serious Injury,2024,2024,June,Friday,12:00 - 13:59,ROCKVALE,RD,500,West,KANOONA,RD,ARMIDALE,,No,Not a school zone,2-way undivided,-30.475626,151.747438,Armidale Regional,Country non-urban,Rest of NSW - Rural,Curved,,,,Nil,Sealed,Wet,Overcast,Daylight,Nil,No traffic controls,100 km/h,Local,20,Head on,201,Opp - Head on,,Head-on,4 wheel drive / SUV,4 wheel drive / SUV,2,0,1,1,0,6,June,Winter,Friday,12:00 - 13:59,Midday / afternoon,False,False,True,True
1355477,Injury,Moderate Injury,2024,2024,February,Sunday,14:00 - 15:59,CHETWYND,RD,0,Right on the spot,GUILDFORD,RD,GUILDFORD,,No,Not a school zone,Roundabout,-33.852347,150.977745,Cumberland,Sydney metro. area,Syd-Newc-Woll Gtr conurbation,Straight,,,,Off,Sealed,Dry,Fine,Daylight,Nil,Give way sign,50 km/h,Local,11,Right far,102,Adj - Right-thru from left,,Right angle,Other bus,Light truck utility(from 2018),2,0,0,1,0,2,February,Summer,Sunday,14:00 - 15:59,Midday / afternoon,False,False,True,True
1355478,Injury,Serious Injury,2024,2024,March,Wednesday,06:00 - 07:59,RICHMOND,ST,0,Right on the spot,NUMBER 36,HN,WOODBURN,,No,Not a school zone,2-way undivided,-29.069362,153.350959,Richmond Valley,Country urban,Rest of NSW - Urban,Straight,,,,Nil,Sealed,Dry,Fine,Dawn,Nil,No traffic controls,50 km/h,Local,4,Ped walk with,5,Ped - Walking with traffic,,Vehicle - Pedestrian,4 wheel drive / SUV,Pedestrian,2,0,1,0,0,3,March,Autumn,Wednesday,06:00 - 07:59,AM peak / school commute,True,False,True,True