crash_id,degree_of_crash,degree_of_crash_-_detailed,reporting_year,year_of_crash,month_of_crash,day_of_week_of_crash,two-hour_intervals,street_of_crash,street_type,distance,direction,identifying_feature,identifying_feature_type,town,route_no.,school_zone_location,school_zone_active,type_of_location,latitude,longitude,lga,urbanisation,conurbation_1,alignment,primary_permanent_feature,primary_temporary_feature,primary_hazardous_feature,street_lighting,road_surface,surface_condition,weather,natural_lighting,signals_operation,other_traffic_control,speed_limit,road_classification_(admin),rum_-_code,rum_-_description,dca_-_code,dca_-_description,dca_supplement,first_impact_type,key_tu_type,other_tu_type,no._of_traffic_units_involved,no._killed,no._seriously_injured,no._moderately_injured,no._minor-other_injured,month_num,month_label,season,day_label,time_label,time_band,is_peak_commute,is_fatal,is_injury,is_casualty
1355479,Injury,Moderate Injury,2024,2024,June,Monday,06:00 - 07:59,MIDDLEBROOK,RD,500,East,NEW ENGLAND,HWY,GOONOO GOONOO,,No,Not a school zone,2-way undivided,-31.286969,150.912112,Tamworth Regional,Country non-urban,Rest of NSW - Rural,Straight,Ditch/drain/culvert,,,Nil,Unsealed,Dry,Fine,Daylight,Nil,No traffic controls,100 km/h,Local,71,Off rd left => obj,703,Left off cway into object,,Vehicle - Object,Light truck utility(from 2018),,1,0,0,1,0,6,June,Winter,Monday,06:00 - 07:59,AM peak / school commute,True,False,True,True
1355480,Injury,Moderate Injury,2024,2024,May,Saturday,04:00 - 05:59,CLEVELAND,ST,10,East,MARLBOROUGH,ST,SURRY HILLS,330.0,No,Not a school zone,X-intersection,-33.891079,151.210859,Sydney,Sydney metro. area,Syd-Newc-Woll Gtr conurbation,Straight,,,,On,Sealed,Wet,Raining,Darkness,Unknown / not stated,No traffic controls,50 km/h,State,0,Ped nearside,1,Ped - Near side,,Vehicle - Pedestrian,Car (sedan/hatch),Pedestrian,2,0,0,1,0,5,May,Autumn,Saturday,04:00 - 05:59,Late night / early morning,False,False,True,True
1355481,Injury,Moderate Injury,2024,2024,May,Saturday,18:00 - 19:59,LUXFORD,RD,0,Right on the spot,PAYNE,ST,OAKHURST,7161.0,No,Not a school zone,T-junction,-33.733849,150.834225,Blacktown,Sydney metro. area,Syd-Newc-Woll Gtr conurbation,Straight,,,,On,Sealed,Wet,Raining,Darkness,Nil,Give way sign,60 km/h,Regional,10,Cross traffic,101,Adj - Cross traffic,,Right angle,Car (sedan/hatch),Car (sedan/hatch),2,0,0,1,0,5,May,Autumn,Saturday,18:00 - 19:59,PM peak / evening commute,True,False,True,True
1355483,Injury,Serious Injury,2024,2024,April,Saturday,16:00 - 17:59,EVANS,AVE,30,East,LONGWORTH,AVE,EASTLAKES,,No,Not a school zone,2-way undivided,-33.924717,151.209839,Bayside,Sydney metro. area,Syd-Newc-Woll Gtr conurbation,Straight,,,,Nil,Sealed,Dry,Fine,Daylight,Nil,Ped crossing,40 km/h,Local,2,Ped far side,3,Ped - Far side,,Vehicle - Pedestrian,Car (sedan/hatch),Pedestrian,2,0,1,0,0,4,April,Autumn,Saturday,16:00 - 17:59,PM peak / evening commute,True,False,True,True
1355484,Injury,Moderate Injury,2024,2024,April,Monday,12:00 - 13:59,BRIDGE,ST,0,Right on the spot,WILBERFORCE,RD,FREEMANS REACH,182.0,No,Not a school zone,Roundabout,-33.602039,150.822131,Hawkesbury,Country urban,Syd-Newc-Woll Gtr conurbation,Curved,,,,Off,Sealed,Dry,Fine,Daylight,Nil,Give way sign,50 km/h,State,33,Lane sideswipe,305,Same - Lane side swipe,,Other angle,Motorcycle,Car (sedan/hatch),2,0,0,1,0,4,April,Autumn,Monday,12:00 - 13:59,Midday / afternoon,False,False,True,True
1355487,Injury,Moderate Injury,2024,2024,June,Thursday,12:00 - 13:59,QUEENS,RD,100,East,REGATTA,RD,FIVE DOCK,649.0,No,Not a school zone,2-way undivided,-33.868921,151.117187,Canada Bay,Sydney metro. area,Syd-Newc-Woll Gtr conurbation,Straight,,,,Off,Sealed,Wet,Raining,Daylight,Nil,No traffic controls,60 km/h,State,71,Off rd left => obj,703,Left off cway into object,,Other angle,Car (sedan/hatch),Light truck,2,0,0,1,0,6,June,Winter,Thursday,12:00 - 13:59,Midday / afternoon,False,False,True,True
1355488,Injury,Minor/Other Injury,2024,2024,April,Saturday,22:00 - Midnight,HUME,ST,50,North,DUCKS,LANE,GOULBURN,676.0,No,Not a school zone,Divided road,-34.772081,149.691611,Goulburn Mulwaree,Country urban,Rest of NSW - Urban,Straight,,Police pursuit,,On,Sealed,Dry,Fine,Darkness,Nil,No traffic controls,60 km/h,State,71,Off rd left => obj,703,Left off cway into object,,Vehicle - Object,Motorcycle,,1,0,0,0,1,4,April,Autumn,Saturday,22:00 - Midnight,Evening / night,False,False,True,True
1355492,Injury,Moderate Injury,2024,2024,May,Friday,16:00 - 17:59,HOLBROOK,RD,300,North,CLIFTON,ST,BOURKELANDS,211.0,No,Not a school zone,2-way undivided,-35.15955,147.339614,Wagga Wagga,Country urban,Rest of NSW - Urban,Straight,Painted double centre lines,,,Nil,Sealed,Dry,Fine,Dusk,Nil,No traffic controls,80 km/h,Regional,42,Leaving parking,401,Manov - Leaving parking,,Other angle,4 wheel drive / SUV,Motorcycle,2,0,0,1,0,5,May,Autumn,Friday,16:00 - 17:59,PM peak / evening commute,True,False,True,True
1355497,Injury,Serious Injury,2024,2024,April,Tuesday,16:00 - 17:59,THE NORTHERN,RD,100,South,COBBITTY,RD,HARRINGTON PARK,154.0,No,Not a school zone,Divided road,-34.015356,150.723969,Camden,Sydney metro. area,Syd-Newc-Woll Gtr conurbation,Curved,,,,Off,Sealed,Dry,Fine,Daylight,Nil,No traffic controls,80 km/h,State,34,Lane change right,306,Same - Lane change right,,Other angle,Large rigid,4 wheel drive / SUV,2,0,1,0,0,4,April,Autumn,Tuesday,16:00 - 17:59,PM peak / evening commute,True,False,True,True
1355500,Injury,Moderate Injury,2024,2024,June,Tuesday,06:00 - 07:59,MONTEFIORES,ST,180,East,HERBERT,ST,MONTEFIORES,,No,Not a school zone,2-way undivided,-32.541176,148.934797,Dubbo Regional,Country urban,Rest of NSW - Urban,Straight,,,,Nil,Sealed,Dry,Overcast,Daylight,Nil,No traffic controls,50 km/h,Local,70,Off road to left,701,Off carriageway to left,,Rollover,Car (sedan/hatch),,1,0,0,1,0,6,June,Winter,Tuesday,06:00 - 07:59,AM peak / school commute,True,False,True,True
1355508,Injury,Moderate Injury,2024,2024,April,Monday,04:00 - 05:59,HIGH,ST,0,Right on the spot,NUMBER 442,HN,PENRITH,,No,Not a school zone,2-way undivided,-33.75349,150.696989,Penrith,Sydney metro. area,Syd-Newc-Woll Gtr conurbation,Straight,,,,Unknown / not stated,Sealed,Unknown,Unknown,Darkness,Nil,No traffic controls,40 km/h,Local,71,Off rd left => obj,703,Left off cway into object,,Vehicle - Object,Car (sedan/hatch),,1,0,0,1,0,4,April,Autumn,Monday,04:00 - 05:59,Late night / early morning,False,False,True,True
1355509,Injury,Minor/Other Injury,2024,2024,May,Thursday,06:00 - 07:59,STURT,HWY,11500,East,OLD EUSTON,RD,MALLEE,14.0,No,Not a school zone,2-way undivided,-34.447768,142.480539,Wentworth,Country non-urban,Rest of NSW - Rural,Curved,,,,Nil,Sealed,Dry,Fine,Darkness,Nil,No traffic controls,110 km/h,State,20,Head on,201,Opp - Head on,,Head-on,Light truck utility(from 2018),4 wheel drive / SUV,2,0,0,0,1,5,May,Autumn,Thursday,06:00 - 07:59,AM peak / school commute,True,False,True,True
1355510,Injury,Moderate Injury,2024,2024,June,Sunday,14:00 - 15:59,WESTERN,EXP,100,East,HOMEBUSH BAY,DR,HOMEBUSH,6004.0,No,Not a school zone,Other,-33.856723,151.072959,Strathfield,Sydney metro. area,Syd-Newc-Woll Gtr conurbation,Straight,Freeway ramp/access,,,Off,Sealed,Dry,Fine,Daylight,Nil,No traffic controls,60 km/h,State,34,Lane change right,306,Same - Lane change right,,Other angle,4 wheel drive / SUV,Car (sedan/hatch),2,0,0,1,1,6,June,Winter,Sunday,14:00 - 15:59,Midday / afternoon,False,False,True,True
1355512,Injury,Serious Injury,2024,2024,March,Friday,00:01 - 01:59,TUKARA,RD,0,Right on the spot,YORK,RD,SOUTH PENRITH,,No,Not a school zone,T-junction,-33.779677,150.695437,Penrith,Sydney metro. area,Syd-Newc-Woll Gtr conurbation,Curved,Steep grade,,,On,Sealed,Wet,Fine,Darkness,Nil,No traffic controls,50 km/h,Local,85,Off rt/lft bnd=>obj,804,Off left bend into obj,Right,Vehicle - Object,Car (sedan/hatch),,1,0,1,0,0,3,March,Autumn,Friday,00:01 - 01:59,Late night / early morning,False,False,True,True
1355516,Injury,Moderate Injury,2024,2024,April,Wednesday,20:00 - 21:59,MARSH,ST,0,Right on the spot,DONNELLY,ST,ARMIDALE,7708.0,No,Not a school zone,Roundabout,-30.508733,151.671052,Armidale Regional,Country urban,Rest of NSW - Urban,Straight,Spd hump/slow pt/chc,,,On,Sealed,Wet,Overcast,Darkness,Nil,Give way sign,50 km/h,Regional,21,Right through,202,Opp - Right-thru,,Other angle,Car (sedan/hatch),Unknown type,2,0,0,1,0,4,April,Autumn,Wednesday,20:00 - 21:59,Evening / night,False,False,True,True
1355517,Injury,Moderate Injury,2024,2024,January,Sunday,06:00 - 07:59,OHLFSEN,RD,0,Right on the spot,LONGHURST,ST,MINTO,,No,Not a school zone,T-junction,-34.019203,150.856192,Campbelltown,Sydney metro. area,Syd-Newc-Woll Gtr conurbation,Straight,Spd hump/slow pt/chc,,,Nil,Sealed,Unknown,Unknown,Daylight,Nil,Left turn only,50 km/h,Local,73,Off rd rght => obj,704,Right off cway into obj,,Vehicle - Object,Car (sedan/hatch),,1,0,0,1,0,1,January,Summer,Sunday,06:00 - 07:59,AM peak / school commute,True,False,True,True
1355519,Injury,Moderate Injury,2024,2024,June,Sunday,08:00 - 09:59,CASTLEREAGH,HWY,500,East,BOULDER,RD,BLACKMANS FLAT,18.0,No,Not a school zone,2-way undivided,-33.350461,150.041929,Lithgow,Country non-urban,Rest of NSW - Rural,Curved,,,,Nil,Sealed,Wet,Raining,Daylight,Nil,No traffic controls,100 km/h,State,20,Head on,201,Opp - Head on,,Head-on,Station wagon,Light truck utility(from 2018),2,0,0,2,1,6,June,Winter,Sunday,08:00 - 09:59,AM peak / school commute,True,False,True,True
1355520,Injury,Serious Injury,2024,2024,June,Saturday,08:00 - 09:59,TAYLOR,ST,0,Right on the spot,NUMBER 106,HN,LAKEMBA,,No,Not a school zone,2-way undivided,-33.922905,151.083388,Canterbury-Bankstown,Sydney metro. area,Syd-Newc-Woll Gtr conurbation,Curved,,,,Off,Sealed,Wet,Raining,Daylight,Nil,No traffic controls,50 km/h,Local,81,Off left/rt bnd=>obj,803,Off right bend into obj,Left,Other angle,Car (sedan/hatch),Car (sedan/hatch),3,0,1,0,0,6,June,Winter,Saturday,08:00 - 09:59,AM peak / school commute,True,False,True,True
1355521,Injury,Moderate Injury,2024,2024,June,Tuesday,14:00 - 15:59,GREAT WESTERN,HWY,0,Right on the spot,BACHELL,AVE,LIDCOMBE,5.0,No,Not a school zone,T-junction,-33.853929,151.059686,Cumberland,Sydney metro. area,Syd-Newc-Woll Gtr conurbation,Straight,,,,Nil,Sealed,Dry,Fine,Daylight,Nil,No traffic controls,60 km/h,State,13,Right near,104,Adj - Right-thru from right,,Right angle,Car (sedan/hatch),Motorcycle,2,0,0,1,0,6,June,Winter,Tuesday,14:00 - 15:59,Midday / afternoon,False,False,True,True
1355522,Injury,Serious Injury,2024,2024,June,Thursday,16:00 - 17:59,BRUXNER,HWY,1600,West,MCLEANS RIDGES,RD,LINDENDALE,16.0,No,Not a school zone,2-way undivided,-28.812063,153.378214,Lismore,Country urban,Rest of NSW - Urban,Straight,Crest,,,Nil,Sealed,Wet,Raining,Darkness,Nil,No traffic controls,80 km/h,State,30,Rear end,301,Same - Rear end,,Rear end,Car (sedan/hatch),Car (sedan/hatch),3,0,1,0,0,6,June,Winter,Thursday,16:00 - 17:59,PM peak / evening commute,True,False,True,True
1355523,Injury,Serious Injury,2024,2024,May,Sunday,10:00 - 11:59,WESTERN,EXP,200,East,ROPER ROAD,OP,COLYTON,6004.0,No,Not a school zone,Dual freeway,-33.791092,150.809737,Penrith,Sydney metro. area,Syd-Newc-Woll Gtr conurbation,Straight,Ditch/drain/culvert,,,Nil,Sealed,Dry,Fine,Daylight,Nil,No traffic controls,90 km/h,State,34,Lane change right,306,Same - Lane change right,,Other angle,4 wheel drive / SUV,4 wheel drive / SUV,2,0,1,0,2,5,May,Autumn,Sunday,10:00 - 11:59,Midday / afternoon,False,False,True,True
1355524,Injury,Minor/Other Injury,2024,2024,April,Monday,10:00 - 11:59,ARTHUR,ST,0,Right on the spot,HOLBOROW,ST,CROYDON PARK,,No,Not a school zone,X-intersection,-33.891398,151.113748,Inner West,Sydney metro. area,Syd-Newc-Woll Gtr conurbation,Straight,,,,Nil,Sealed,Dry,Fine,Daylight,Nil,Stop sign,50 km/h,Local,10,Cross traffic,101,Adj - Cross traffic,,Right angle,Motor scooter,Car (sedan/hatch),3,0,0,0,1,4,April,Autumn,Monday,10:00 - 11:59,Midday / afternoon,False,False,True,True
1355525,Injury,Moderate Injury,2024,2024,June,Sunday,02:00 - 03:59,FRANCIS,ST,25,South,CATHERINE,ST,CESSNOCK,,No,Not a school zone,2-way undivided,-32.842025,151.339756,Cessnock,Country urban,Rest of NSW - Urban,Straight,,Police pursuit,,On,Sealed,Dry,Fine,Darkness,Nil,No traffic controls,50 km/h,Local,71,Off rd left => obj,703,Left off cway into object,,Vehicle - Object,Car (sedan/hatch),,1,0,0,1,0,6,June,Winter,Sunday,02:00 - 03:59,Late night / early morning,False,False,True,True
1355526,Injury,Serious Injury,2024,2024,April,Thursday,18:00 - 19:59,WARRAH RIDGE,RD,1500,North,MERRIWA,RD,WARRAH RIDGE,,No,Not a school zone,2-way undivided,-31.666,150.640926,Liverpool Plains,Country non-urban,Rest of NSW - Rural,Straight,,,,Nil,Sealed,Dry,Fine,Darkness,Nil,No traffic controls,100 km/h,Local,73,Off rd rght => obj,704,Right off cway into obj,,Vehicle - Object,4 wheel drive / SUV,,1,0,2,0,0,4,April,Autumn,Thursday,18:00 - 19:59,PM peak / evening commute,True,False,True,True
1355527,Injury,Serious Injury,2024,2024,February,Thursday,18:00 - 19:59,PACIFIC,HWY,0,Right on the spot,DUDLEY,RD,CHARLESTOWN,10.0,No,Not a school zone,X-intersection,-32.967983,151.694609,Lake Macquarie,Newcastle met. area,Syd-Newc-Woll Gtr conurbation,Curved,,,,On,Sealed,Wet,Raining,Dusk,On,No traffic controls,60 km/h,Regional,80,Off left/right bend,801,Off cway right bend,Left,Rollover,Car (sedan/hatch),,1,0,1,0,0,2,February,Summer,Thursday,18:00 - 19:59,PM peak / evening commute,True,False,True,True
1355531,Injury,Minor/Other Injury,2024,2024,May,Wednesday,06:00 - 07:59,FOREST,RD,0,Right on the spot,PENSHURST,ST,PENSHURST,168.0,Yes,No,X-intersection,-33.963344,151.086748,Georges River,Sydney metro. area,Syd-Newc-Woll Gtr conurbation,Straight,,,,On,Sealed,Dry,Fine,Dawn,On,No traffic controls,60 km/h,State,0,Ped nearside,1,Ped - Near side,,Vehicle - Pedestrian,Unknown motor vehicle,Pedestrian,2,0,0,0,1,5,May,Autumn,Wednesday,06:00 - 07:59,AM peak / school commute,True,False,True,True
1355532,Injury,Serious Injury,2024,2024,May,Wednesday,22:00 - Midnight,BAYVIEW,ST,0,Right on the spot,GAYTON,CL,WARNERS BAY,,No,Not a school zone,T-junction,-32.976907,151.65839,Lake Macquarie,Newcastle met. area,Syd-Newc-Woll Gtr conurbation,Straight,Steep grade,,,On,Sealed,Dry,Fine,Darkness,Nil,Give way sign,50 km/h,Local,30,Rear end,301,Same - Rear end,,Rear end,Car (sedan/hatch),Motorcycle,2,0,1,0,0,5,May,Autumn,Wednesday,22:00 - Midnight,Evening / night,False,False,True,True
1355533,Injury,Serious Injury,2024,2024,June,Saturday,12:00 - 13:59,WATERFALL,WAY,6310,East,STOCKTON,RD,HILLGROVE,76.0,No,Not a school zone,2-way undivided,-30.516945,151.979492,Armidale Regional,Country non-urban,Rest of NSW - Rural,Curved,Embankment/cutting,,,Nil,Sealed,Wet,Raining,Daylight,Nil,No traffic controls,100 km/h,State,81,Off left/rt bnd=>obj,803,Off right bend into obj,Left,Vehicle - Object,Light truck utility(from 2018),,1,0,1,0,0,6,June,Winter,Saturday,12:00 - 13:59,Midday / afternoon,False,False,True,True
1355534,Injury,Serious Injury,2024,2024,March,Friday,22:00 - Midnight,CUMBERLAND,HWY,0,Right on the spot,REDBANK,RD,NORTHMEAD,13.0,No,Not a school zone,X-intersection,-33.795553,150.989666,Parramatta,Sydney metro. area,Syd-Newc-Woll Gtr conurbation,Straight,,,,On,Sealed,Dry,Fine,Darkness,On,No traffic controls,70 km/h,State,30,Rear end,301,Same - Rear end,,Rear end,Light truck utility(from 2018),Motorcycle,2,0,1,0,0,3,March,Autumn,Friday,22:00 - Midnight,Evening / night,False,False,True,True
1355536,Injury,Moderate Injury,2024,2024,May,Saturday,08:00 - 09:59,THE LAKES,WAY,0,Right on the spot,CAPE HAWKE,DR,FORSTER,111.0,Yes,No,Roundabout,-32.21372,152.525323,Mid-Coast,Country urban,Rest of NSW - Urban,Curved,,,Slippery surface,Off,Sealed,Wet,Raining,Daylight,Nil,Give way sign,60 km/h,Regional,10,Cross traffic,101,Adj - Cross traffic,,Right angle,Car (sedan/hatch),Large rigid,2,0,0,1,0,5,May,Autumn,Saturday,08:00 - 09:59,AM peak / school commute,True,False,True,True
1355538,Injury,Minor/Other Injury,2024,2024,February,Thursday,16:00 - 17:59,HOLLYWOOD,AVE,0,Right on the spot,WAVERLEY,ST,BONDI JUNCTION,,No,Not a school zone,X-intersection,-33.892611,151.251835,Waverley,Sydney metro. area,Syd-Newc-Woll Gtr conurbation,Straight,,,,Off,Sealed,Dry,Fine,Daylight,On,No traffic controls,50 km/h,Local,0,Ped nearside,1,Ped - Near side,,Vehicle - Pedestrian,Passenger van,Pedestrian,2,0,0,0,1,2,February,Summer,Thursday,16:00 - 17:59,PM peak / evening commute,True,False,True,True
1355539,Injury,Serious Injury,2024,2024,June,Thursday,20:00 - 21:59,BARCOM,ST,0,Right on the spot,NUMBER 12A,HN,MERRYLANDS WEST,,No,Not a school zone,2-way undivided,-33.839572,150.974584,Cumberland,Sydney metro. area,Syd-Newc-Woll Gtr conurbation,Straight,,,,On,Sealed,Dry,Fine,Darkness,Nil,No traffic controls,50 km/h,Local,71,Off rd left => obj,703,Left off cway into object,,Other angle,Car (sedan/hatch),Car (sedan/hatch),2,0,1,0,0,6,June,Winter,Thursday,20:00 - 21:59,Evening / night,False,False,True,True
1355540,Injury,Serious Injury,2024,2024,May,Saturday,10:00 - 11:59,FENWICKS,RD,6000,South,CAREYS,RD,YARROWITCH,,No,Not a school zone,2-way undivided,-31.270272,152.098064,Walcha,Country non-urban,Rest of NSW - Rural,Curved,Steep grade,,,Nil,Unsealed,Wet,Fine,Daylight,Nil,No traffic controls,100 km/h,Local,88,Out of cont on bend,805,Out of control on bend,,Rollover,Motorcycle,,1,0,1,0,0,5,May,Autumn,Saturday,10:00 - 11:59,Midday / afternoon,False,False,True,True
1355541,Injury,Minor/Other Injury,2024,2024,May,Thursday,16:00 - 17:59,POWER,ST,0,Right on the spot,M7 WESTLINK,EXP,PLUMPTON,653.0,No,Not a school zone,T-junction,-33.752088,150.845676,Blacktown,Sydney metro. area,Syd-Newc-Woll Gtr conurbation,Straight,,,,Nil,Sealed,Dry,Fine,Daylight,On,No traffic controls,60 km/h,State,21,Right through,202,Opp - Right-thru,,Other angle,Light truck utility(from 2018),Station wagon,2,0,0,0,1,5,May,Autumn,Thursday,16:00 - 17:59,PM peak / evening commute,True,False,True,True
1355542,Injury,Moderate Injury,2024,2024,June,Tuesday,16:00 - 17:59,STURT,HWY,0,Right on the spot,FITZHARDINGE,ST,WAGGA WAGGA,14.0,No,Not a school zone,T-junction,-35.119104,147.370318,Wagga Wagga,Country urban,Rest of NSW - Urban,Straight,,,,On,Sealed,Dry,Fine,Darkness,Nil,No traffic controls,60 km/h,State,13,Right near,104,Adj - Right-thru from right,,Right angle,4 wheel drive / SUV,4 wheel drive / SUV,2,0,0,1,0,6,June,Winter,Tuesday,16:00 - 17:59,PM peak / evening commute,True,False,True,True
1355543,Injury,Serious Injury,2024,2024,June,Saturday,02:00 - 03:59,TERMINUS,ST,25,West,SPEED,ST,LIVERPOOL,512.0,No,Not a school zone,2-way undivided,-33.925595,150.924905,Liverpool,Sydney metro. area,Syd-Newc-Woll Gtr conurbation,Curved,,,,On,Sealed,Wet,Raining,Darkness,Nil,No traffic controls,60 km/h,State,0,Ped nearside,1,Ped - Near side,,Vehicle - Pedestrian,Unknown motor vehicle,Pedestrian,2,0,1,0,0,6,June,Winter,Saturday,02:00 - 03:59,Late night / early morning,False,False,True,True
1355546,Injury,Serious Injury,2024,2024,May,Thursday,20:00 - 21:59,LADY WAKEHURST,DR,0,Right on the spot,DOMVILLE,RD,OTFORD,393.0,No,Not a school zone,T-junction,-34.214429,151.006446,Wollongong,Wollongong met. area,Syd-Newc-Woll Gtr conurbation,Straight,Steep grade,Previous crash,,Nil,Sealed,Dry,Fine,Darkness,Nil,Stop sign,60 km/h,State,74,On road-out of cont.,705,Out of control on cway,,Rollover,Motorcycle,,1,0,1,0,0,5,May,Autumn,Thursday,20:00 - 21:59,Evening / night,False,False,True,True
1355547,Injury,Serious Injury,2024,2024,March,Wednesday,08:00 - 09:59,WYRALLAH,RD,0,Right on the spot,NUMBER 856,HN,WYRALLAH,7742.0,No,Not a school zone,2-way undivided,-28.884333,153.299266,Lismore,Country urban,Rest of NSW - Urban,Curved,,,,Nil,Sealed,Dry,Overcast,Daylight,Nil,No traffic controls,80 km/h,Regional,30,Rear end,301,Same - Rear end,,Rear end,4 wheel drive / SUV,Car (sedan/hatch),2,0,2,0,0,3,March,Autumn,Wednesday,08:00 - 09:59,AM peak / school commute,True,False,True,True
1355549,Injury,Moderate Injury,2024,2024,April,Sunday,02:00 - 03:59,SUMMERLAND,RD,250,South,CAMS,BVD,SUMMERLAND POINT,,No,Not a school zone,2-way undivided,-33.14761,151.574392,Central Coast,Country urban,Syd-Newc-Woll Gtr conurbation,Curved,,,,On,Sealed,Dry,Fine,Darkness,Nil,No traffic controls,60 km/h,Local,81,Off left/rt bnd=>obj,803,Off right bend into obj,Left,Vehicle - Object,4 wheel drive / SUV,,1,0,0,1,0,4,April,Autumn,Sunday,02:00 - 03:59,Late night / early morning,False,False,True,True
1355553,Injury,Serious Injury,2024,2024,March,Sunday,12:00 - 13:59,PACIFIC,HWY,1755,North,PIE IN SKY,OT,COWAN,10.0,No,Not a school zone,2-way undivided,-33.560212,151.190195,Hornsby,Sydney metro. area,Syd-Newc-Woll Gtr conurbation,Curved,Painted double centre lines,,,Nil,Sealed,Dry,Fine,Daylight,Nil,No traffic controls,80 km/h,State,20,Head on,201,Opp - Head on,,Head-on,Motorcycle,Motorcycle,2,0,1,1,1,3,March,Autumn,Sunday,12:00 - 13:59,Midday / afternoon,False,False,True,True
1355554,Injury,Moderate Injury,2024,2024,March,Thursday,12:00 - 13:59,BLUE HAVEN,WAY,50,North,ROPER,RD,BLUE HAVEN,,No,Not a school zone,2-way undivided,-33.206811,151.499023,Central Coast,Country urban,Syd-Newc-Woll Gtr conurbation,Straight,Painted double centre lines,,,Nil,Sealed,Dry,Fine,Daylight,Nil,No traffic controls,50 km/h,Local,20,Head on,201,Opp - Head on,,Head-on,4 wheel drive / SUV,Car (sedan/hatch),2,0,0,2,0,3,March,Autumn,Thursday,12:00 - 13:59,Midday / afternoon,False,False,True,True
1355555,Injury,Moderate Injury,2024,2024,June,Thursday,16:00 - 17:59,WESTERN,EXP,250,West,HOMEBUSH BAY DRIVE,OP,HOMEBUSH WEST,6004.0,No,Not a school zone,Dual freeway,-33.856544,151.067709,Cumberland,Sydney metro. area,Syd-Newc-Woll Gtr conurbation,Straight,,,,Off,Sealed,Dry,Fine,Daylight,Nil,No traffic controls,90 km/h,State,30,Rear end,301,Same - Rear end,,Rear end,Light truck,Large rigid,2,0,0,1,0,6,June,Winter,Thursday,16:00 - 17:59,PM peak / evening commute,True,False,True,True
1355557,Injury,Moderate Injury,2024,2024,May,Tuesday,06:00 - 07:59,WARATAH,RD,999999,Unknown/not stated,UNKNOWN,UK,ENGADINE,,No,Not a school zone,2-way undivided,-34.064905,151.010013,Sutherland,Sydney metro. area,Syd-Newc-Woll Gtr conurbation,Straight,,,,Off,Sealed,Dry,Fine,Dawn,Nil,No traffic controls,50 km/h,Local,71,Off rd left => obj,703,Left off cway into object,,Other angle,Car (sedan/hatch),Unknown motor vehicle,2,0,0,1,0,5,May,Autumn,Tuesday,06:00 - 07:59,AM peak / school commute,True,False,True,True
1355559,Injury,Serious Injury,2024,2024,June,Friday,04:00 - 05:59,GLENROCK,PDE,148,East,JACARANDA,CRES,TASCOTT,,No,Not a school zone,2-way undivided,-33.449448,151.322293,Central Coast,Country urban,Syd-Newc-Woll Gtr conurbation,Straight,Painted double centre lines,,,On,Sealed,Wet,Overcast,Darkness,Nil,No traffic controls,50 km/h,Local,73,Off rd rght => obj,704,Right off cway into obj,,Vehicle - Object,Car (sedan/hatch),,1,0,1,0,0,6,June,Winter,Friday,04:00 - 05:59,Late night / early morning,False,False,True,True
1355560,Injury,Moderate Injury,2024,2024,June,Monday,16:00 - 17:59,STURT,HWY,6800,West,HUME HIGHWAY,TO,BORAMBOLA,14.0,No,Not a school zone,2-way undivided,-35.180637,147.740736,Wagga Wagga,Country non-urban,Rest of NSW - Rural,Straight,Embankment/cutting,,,Nil,Sealed,Dry,Fine,Daylight,Nil,No traffic controls,100 km/h,State,73,Off rd rght => obj,704,Right off cway into obj,,Vehicle - Object,4 wheel drive / SUV,,1,0,0,1,1,6,June,Winter,Monday,16:00 - 17:59,PM peak / evening commute,True,False,True,True
1355561,Injury,Moderate Injury,2024,2024,May,Wednesday,14:00 - 15:59,WESTERN,EXP,280,East,COLEMAN STREET,OP,MERRYLANDS,6004.0,No,Not a school zone,Dual freeway,-33.820756,150.983805,Cumberland,Sydney metro. area,Syd-Newc-Woll Gtr conurbation,Straight,Climb/merge lane,,,Off,Sealed,Dry,Fine,Daylight,Nil,No traffic controls,90 km/h,State,35,Lane change left,307,Same - Lane change left,,Other angle,Motorcycle,Car (sedan/hatch),2,0,0,1,0,5,May,Autumn,Wednesday,14:00 - 15:59,Midday / afternoon,False,False,True,True
1355569,Injury,Moderate Injury,2024,2024,May,Sunday,18:00 - 19:59,BELUBULA,WAY,120,West,NEWRY DOWNS,RD,MANDURAMA,7511.0,No,Not a school zone,2-way undivided,-33.651928,149.028051,Blayney,Country non-urban,Rest of NSW - Rural,Curved,Embankment/cutting,,,Nil,Sealed,Dry,Fine,Darkness,Nil,No traffic controls,100 km/h,Regional,85,Off rt/lft bnd=>obj,804,Off left bend into obj,Right,Vehicle - Object,Light truck utility(from 2018),,1,0,0,1,0,5,May,Autumn,Sunday,18:00 - 19:59,PM peak / evening commute,True,False,True,True
1355570,Injury,Moderate Injury,2024,2024,March,Sunday,10:00 - 11:59,OLD NORTHERN,RD,3300,South,RIVER,RD,WISEMANS FERRY,181.0,No,Not a school zone,2-way undivided,-33.409402,150.979146,Hornsby,Sydney metro. area,Syd-Newc-Woll Gtr conurbation,Curved,Embankment/cutting,,,Nil,Sealed,Dry,Fine,Daylight,Nil,No traffic controls,80 km/h,State,81,Off left/rt bnd=>obj,803,Off right bend into obj,Left,Vehicle - Object,4 wheel drive / SUV,,1,0,0,1,0,3,March,Autumn,Sunday,10:00 - 11:59,Midday / afternoon,False,False,True,True