crash_id,degree_of_crash,degree_of_crash_-_detailed,reporting_year,year_of_crash,month_of_crash,day_of_week_of_crash,two-hour_intervals,street_of_crash,street_type,distance,direction,identifying_feature,identifying_feature_type,town,route_no.,school_zone_location,school_zone_active,type_of_location,latitude,longitude,lga,urbanisation,conurbation_1,alignment,primary_permanent_feature,primary_temporary_feature,primary_hazardous_feature,street_lighting,road_surface,surface_condition,weather,natural_lighting,signals_operation,other_traffic_control,speed_limit,road_classification_(admin),rum_-_code,rum_-_description,dca_-_code,dca_-_description,dca_supplement,first_impact_type,key_tu_type,other_tu_type,no._of_traffic_units_involved,no._killed,no._seriously_injured,no._moderately_injured,no._minor-other_injured,month_num,month_label,season,day_label,time_label,time_band,is_peak_commute,is_fatal,is_injury,is_casualty
1355571,Injury,Moderate Injury,2024,2024,May,Friday,00:01 - 01:59,FIVE ISLANDS,RD,100,West,SPRINGHILL,RD,CRINGILA,295.0,No,Not a school zone,Divided road,-34.465422,150.870416,Wollongong,Wollongong met. area,Syd-Newc-Woll Gtr conurbation,Curved,,,,On,Sealed,Dry,Fine,Darkness,Nil,No traffic controls,80 km/h,State,81,Off left/rt bnd=>obj,803,Off right bend into obj,Left,Vehicle - Object,Station wagon,,1,0,0,1,0,5,May,Autumn,Friday,00:01 - 01:59,Late night / early morning,False,False,True,True
1355573,Injury,Moderate Injury,2024,2024,April,Saturday,00:01 - 01:59,MAITLAND,ST,15,South,DEWHURST,ST,NARRABRI,,No,Not a school zone,Divided road,-30.326926,149.784021,Narrabri,Country urban,Rest of NSW - Urban,Straight,,,,On,Sealed,Dry,Fine,Darkness,Nil,No traffic controls,50 km/h,Local,71,Off rd left => obj,703,Left off cway into object,,Other angle,Light truck utility(from 2018),Light truck utility(from 2018),2,0,0,1,0,4,April,Autumn,Saturday,00:01 - 01:59,Late night / early morning,False,False,True,True
1355575,Injury,Serious Injury,2024,2024,March,Monday,14:00 - 15:59,KUDINAR,ST,0,Right on the spot,ROUSE,RD,ROUSE HILL,,No,Not a school zone,T-junction,-33.684398,150.914711,Blacktown,Sydney metro. area,Syd-Newc-Woll Gtr conurbation,Straight,,,,Nil,Sealed,Dry,Fine,Daylight,Nil,No traffic controls,60 km/h,Local,71,Off rd left => obj,703,Left off cway into object,,Other angle,4 wheel drive / SUV,Car (sedan/hatch),2,0,1,0,0,3,March,Autumn,Monday,14:00 - 15:59,Midday / afternoon,False,False,True,True
1355578,Injury,Moderate Injury,2024,2024,June,Friday,06:00 - 07:59,SOUTH WESTERN,EXP,10,West,THE RIVER,RD,REVESBY,634.0,No,Not a school zone,T-junction,-33.940576,151.018399,Canterbury-Bankstown,Sydney metro. area,Syd-Newc-Woll Gtr conurbation,Straight,Freeway ramp/access,,,Off,Sealed,Dry,Fine,Daylight,On,No traffic controls,60 km/h,State,73,Off rd rght => obj,704,Right off cway into obj,,Vehicle - Object,Car (sedan/hatch),,3,0,0,1,0,6,June,Winter,Friday,06:00 - 07:59,AM peak / school commute,True,False,True,True
1355579,Injury,Moderate Injury,2024,2024,June,Sunday,18:00 - 19:59,WELLINGTON,RD,0,Right on the spot,LEURA,RD,AUBURN,2096.0,No,Not a school zone,T-junction,-33.864166,151.021655,Cumberland,Sydney metro. area,Syd-Newc-Woll Gtr conurbation,Straight,,,,On,Sealed,Dry,Fine,Darkness,Nil,Give way sign,50 km/h,Regional,0,Ped nearside,1,Ped - Near side,,Vehicle - Pedestrian,4 wheel drive / SUV,Pedestrian,2,0,0,1,0,6,June,Winter,Sunday,18:00 - 19:59,PM peak / evening commute,True,False,True,True
1355583,Injury,Moderate Injury,2024,2024,June,Friday,08:00 - 09:59,EDROM,RD,3000,North,SHELLEYS,RD,EDROM,,No,Not a school zone,2-way undivided,-37.135277,149.930264,Bega Valley,Country non-urban,Rest of NSW - Rural,Curved,Steep grade,,,Nil,Sealed,Wet,Raining,Daylight,Nil,No traffic controls,100 km/h,Local,81,Off left/rt bnd=>obj,803,Off right bend into obj,Left,Vehicle - Object,Large rigid,,1,0,0,1,0,6,June,Winter,Friday,08:00 - 09:59,AM peak / school commute,True,False,True,True
1355584,Injury,Moderate Injury,2024,2024,April,Saturday,16:00 - 17:59,SOUTH DOWLING,ST,100,North,TODMAN,AVE,WATERLOO,593.0,No,Not a school zone,Divided road,-33.903053,151.214548,Sydney,Sydney metro. area,Syd-Newc-Woll Gtr conurbation,Straight,Other bridge,,Slippery surface,Off,Sealed,Wet,Raining,Daylight,Nil,No traffic controls,60 km/h,State,74,On road-out of cont.,705,Out of control on cway,,Rollover,Motor scooter,,1,0,0,1,0,4,April,Autumn,Saturday,16:00 - 17:59,PM peak / evening commute,True,False,True,True
1355585,Injury,Serious Injury,2024,2024,June,Monday,22:00 - Midnight,ROBERTS,RD,0,Right on the spot,AMARINA,AVE,GREENACRE,200.0,No,Not a school zone,T-junction,-33.900597,151.065146,Strathfield,Sydney metro. area,Syd-Newc-Woll Gtr conurbation,Straight,,,,On,Sealed,Dry,Fine,Darkness,On,No traffic controls,70 km/h,State,30,Rear end,301,Same - Rear end,,Rear end,Light truck utility(from 2018),Car (sedan/hatch),2,0,2,0,0,6,June,Winter,Monday,22:00 - Midnight,Evening / night,False,False,True,True
1355586,Injury,Moderate Injury,2024,2024,June,Tuesday,16:00 - 17:59,PITTWATER,RD,0,Right on the spot,NUMBER 481-499,HN,BROOKVALE,164.0,No,Not a school zone,Divided road,-33.764897,151.270498,Northern Beaches,Sydney metro. area,Syd-Newc-Woll Gtr conurbation,Straight,Foot/cycle path/nature strip,,,Nil,Sealed,Dry,Fine,Daylight,Nil,No traffic controls,60 km/h,State,33,Lane sideswipe,305,Same - Lane side swipe,,Other angle,Pedal cycle,Pedal cycle,2,0,0,1,0,6,June,Winter,Tuesday,16:00 - 17:59,PM peak / evening commute,True,False,True,True
1355587,Injury,Moderate Injury,2024,2024,March,Tuesday,20:00 - 21:59,MURRUMBIDGEE RIVER,RD,100,West,CARRATHOOL,RD,CARRATHOOL,,No,Not a school zone,2-way undivided,-34.431594,145.421214,Carrathool,Country non-urban,Rest of NSW - Rural,Straight,,,,Nil,Sealed,Dry,Fine,Darkness,Nil,No traffic controls,100 km/h,Local,70,Off road to left,701,Off carriageway to left,,Rollover,4 wheel drive / SUV,,1,0,0,1,0,3,March,Autumn,Tuesday,20:00 - 21:59,Evening / night,False,False,True,True
1355588,Injury,Moderate Injury,2024,2024,June,Tuesday,16:00 - 17:59,CORELLA,CL,31,South,SANITARIUM,DR,BERKELEY VALE,,No,Not a school zone,2-way undivided,-33.329386,151.413801,Central Coast,Country urban,Syd-Newc-Woll Gtr conurbation,Straight,,,,Nil,Sealed,Dry,Fine,Daylight,Nil,No traffic controls,50 km/h,Local,71,Off rd left => obj,703,Left off cway into object,,Other angle,Light truck,Large rigid,2,0,0,1,0,6,June,Winter,Tuesday,16:00 - 17:59,PM peak / evening commute,True,False,True,True
1355589,Injury,Moderate Injury,2024,2024,June,Tuesday,16:00 - 17:59,WESTERN,EXP,1300,East,THE NORTHERN ROAD,OP,ORCHARD HILLS,6004.0,No,Not a school zone,Dual freeway,-33.785969,150.718246,Penrith,Sydney metro. area,Syd-Newc-Woll Gtr conurbation,Straight,,,,Nil,Sealed,Dry,Fine,Daylight,Nil,No traffic controls,110 km/h,State,30,Rear end,301,Same - Rear end,,Rear end,Car (sedan/hatch),Unknown motor vehicle,3,0,0,1,0,6,June,Winter,Tuesday,16:00 - 17:59,PM peak / evening commute,True,False,True,True
1355590,Injury,Moderate Injury,2024,2024,March,Tuesday,18:00 - 19:59,KYOGLE,RD,1500,North,WARATAH,CT,MOUNT BURRELL,142.0,No,Not a school zone,2-way undivided,-28.479034,153.230953,Tweed,Country urban,Rest of NSW - Urban,Curved,Embankment/cutting,,,Nil,Sealed,Wet,Raining,Darkness,Nil,No traffic controls,80 km/h,Regional,88,Out of cont on bend,805,Out of control on bend,,Rollover,Light truck utility(from 2018),,1,0,0,1,0,3,March,Autumn,Tuesday,18:00 - 19:59,PM peak / evening commute,True,False,True,True
1355591,Injury,Moderate Injury,2024,2024,May,Tuesday,10:00 - 11:59,BUNBERRA,ST,10,East,NUMROCK,ST,BOMADERRY,,No,Not a school zone,X-intersection,-34.850758,150.602683,Shoalhaven,Country urban,Rest of NSW - Urban,Straight,Steep grade,,,Off,Sealed,Wet,Raining,Daylight,Nil,No traffic controls,50 km/h,Local,71,Off rd left => obj,703,Left off cway into object,,Vehicle - Object,Car (sedan/hatch),,1,0,0,1,0,5,May,Autumn,Tuesday,10:00 - 11:59,Midday / afternoon,False,False,True,True
1355592,Injury,Moderate Injury,2024,2024,March,Monday,20:00 - 21:59,ERROWANBANG,RD,550,North,MID WESTERN,HWY,CARCOAR,,No,Not a school zone,2-way undivided,-33.622224,149.123178,Blayney,Country non-urban,Rest of NSW - Rural,Curved,Painted double centre lines,,,Nil,Sealed,Dry,Overcast,Dusk,Nil,No traffic controls,100 km/h,Local,80,Off left/right bend,801,Off cway right bend,Left,Rollover,Semi-trailer,,1,0,0,1,0,3,March,Autumn,Monday,20:00 - 21:59,Evening / night,False,False,True,True
1355593,Injury,Moderate Injury,2024,2024,June,Sunday,12:00 - 13:59,VARDYS,RD,30,West,HEFFRON,RD,LALOR PARK,7152.0,No,Not a school zone,Divided road,-33.754192,150.93254,Blacktown,Sydney metro. area,Syd-Newc-Woll Gtr conurbation,Curved,Embankment/cutting,,,Off,Sealed,Dry,Fine,Daylight,Nil,No traffic controls,60 km/h,Regional,87,Off lft/lft bnd=>obj,804,Off left bend into obj,Left,Vehicle - Object,4 wheel drive / SUV,,1,0,0,2,0,6,June,Winter,Sunday,12:00 - 13:59,Midday / afternoon,False,False,True,True
1355595,Injury,Serious Injury,2024,2024,May,Friday,12:00 - 13:59,PACIFIC,HWY,0,Right on the spot,TERALBA,ST,LISAROW,10.0,No,Not a school zone,T-junction,-33.371259,151.376171,Central Coast,Country urban,Syd-Newc-Woll Gtr conurbation,Straight,,,,Nil,Sealed,Dry,Fine,Daylight,On,No traffic controls,60 km/h,State,30,Rear end,301,Same - Rear end,,Rear end,Large rigid,Light truck utility(from 2018),2,0,1,1,1,5,May,Autumn,Friday,12:00 - 13:59,Midday / afternoon,False,False,True,True
1355596,Injury,Moderate Injury,2024,2024,May,Saturday,12:00 - 13:59,MEDALLIST,PDE,0,Right on the spot,OAKHILL,CRES,COLEBEE,,No,Not a school zone,Roundabout,-33.719482,150.855736,Blacktown,Sydney metro. area,Syd-Newc-Woll Gtr conurbation,Straight,,,,Off,Sealed,Dry,Fine,Daylight,Nil,Give way sign,50 km/h,Local,74,On road-out of cont.,705,Out of control on cway,,Rollover,Motorcycle,,1,0,0,1,0,5,May,Autumn,Saturday,12:00 - 13:59,Midday / afternoon,False,False,True,True
1355602,Injury,Minor/Other Injury,2024,2024,June,Saturday,08:00 - 09:59,PRINCES,HWY,0,Right on the spot,FOREST,RD,ARNCLIFFE,1.0,No,Not a school zone,X-intersection,-33.939166,151.147863,Bayside,Sydney metro. area,Syd-Newc-Woll Gtr conurbation,Straight,Steep grade,,,Off,Sealed,Wet,Raining,Daylight,On,No traffic controls,60 km/h,State,2,Ped far side,3,Ped - Far side,,Vehicle - Pedestrian,4 wheel drive / SUV,Pedestrian,2,0,0,0,1,6,June,Winter,Saturday,08:00 - 09:59,AM peak / school commute,True,False,True,True
1355603,Injury,Moderate Injury,2024,2024,June,Wednesday,12:00 - 13:59,GRADBURN,PDE,0,Right on the spot,NTABA,RD,JEWELLS,,No,Not a school zone,T-junction,-33.012063,151.684162,Lake Macquarie,Newcastle met. area,Syd-Newc-Woll Gtr conurbation,Curved,,,,Off,Sealed,Dry,Fine,Daylight,Nil,Stop sign,50 km/h,Local,88,Out of cont on bend,805,Out of control on bend,,Rollover,Motorcycle,,1,0,0,1,0,6,June,Winter,Wednesday,12:00 - 13:59,Midday / afternoon,False,False,True,True
1355607,Injury,Serious Injury,2024,2024,June,Wednesday,08:00 - 09:59,PALMER,ST,0,Right on the spot,TAMWORTH,ST,DUBBO,,No,Not a school zone,T-junction,-32.261424,148.616225,Dubbo Regional,Country urban,Rest of NSW - Urban,Straight,,Roadwks/Detour/Diverson,,Nil,Sealed,Dry,Overcast,Daylight,Nil,No traffic controls,40 km/h,Local,21,Right through,202,Opp - Right-thru,,Other angle,Car (sedan/hatch),Motorcycle,2,0,1,1,0,6,June,Winter,Wednesday,08:00 - 09:59,AM peak / school commute,True,False,True,True
1355611,Injury,Serious Injury,2024,2024,March,Tuesday,06:00 - 07:59,HILLCREST,AVE,0,Right on the spot,LANHAMS,RD,WINSTON HILLS,,No,Not a school zone,T-junction,-33.77634,150.981032,Parramatta,Sydney metro. area,Syd-Newc-Woll Gtr conurbation,Straight,,,,Off,Sealed,Dry,Fine,Daylight,Nil,Stop sign,50 km/h,Local,0,Ped nearside,1,Ped - Near side,,Vehicle - Pedestrian,Car (sedan/hatch),Pedestrian,2,0,1,0,0,3,March,Autumn,Tuesday,06:00 - 07:59,AM peak / school commute,True,False,True,True
1355612,Injury,Serious Injury,2024,2024,March,Friday,16:00 - 17:59,TURONDALE,RD,170,South,BOX RIDGE,RD,TURONDALE,,No,Not a school zone,2-way undivided,-33.123038,149.599259,Bathurst Regional,Country non-urban,Rest of NSW - Rural,Curved,Steep grade,,Loose gravel shoulder,Nil,Sealed,Dry,Overcast,Daylight,Nil,No traffic controls,100 km/h,Local,81,Off left/rt bnd=>obj,803,Off right bend into obj,Left,Vehicle - Object,Motorcycle,,1,0,1,0,0,3,March,Autumn,Friday,16:00 - 17:59,PM peak / evening commute,True,False,True,True
1355613,Injury,Moderate Injury,2024,2024,June,Friday,22:00 - Midnight,STONEY CREEK,RD,10,East,CAROLINE,ST,KINGSGROVE,665.0,Yes,No,T-junction,-33.949112,151.105689,Bayside,Sydney metro. area,Syd-Newc-Woll Gtr conurbation,Straight,,,,On,Sealed,Dry,Fine,Darkness,Nil,No traffic controls,60 km/h,State,71,Off rd left => obj,703,Left off cway into object,,Vehicle - Object,Motorcycle,,1,0,0,1,0,6,June,Winter,Friday,22:00 - Midnight,Evening / night,False,False,True,True
1355614,Injury,Serious Injury,2024,2024,May,Tuesday,08:00 - 09:59,PITTWATER,RD,0,Right on the spot,WARRINGAH,RD,DEE WHY,164.0,No,Not a school zone,X-intersection,-33.758712,151.280556,Northern Beaches,Sydney metro. area,Syd-Newc-Woll Gtr conurbation,Curved,,,,Off,Sealed,Dry,Fine,Daylight,On,No traffic controls,60 km/h,State,30,Rear end,301,Same - Rear end,,Rear end,4 wheel drive / SUV,Light truck utility(from 2018),3,0,1,0,1,5,May,Autumn,Tuesday,08:00 - 09:59,AM peak / school commute,True,False,True,True
1355615,Injury,Moderate Injury,2024,2024,May,Monday,20:00 - 21:59,EMMAVILLE,RD,1340,North,GRAFTON,ST,GLEN INNES,7706.0,No,Not a school zone,2-way undivided,-29.713228,151.724878,Glen Innes Severn,Country non-urban,Rest of NSW - Rural,Straight,Other bridge,,,Nil,Sealed,Dry,Fine,Darkness,Nil,No traffic controls,100 km/h,Regional,67,Struck animal,609,On path - Hit animal,,Vehicle - Animal,Utility,,1,0,0,1,0,5,May,Autumn,Monday,20:00 - 21:59,Evening / night,False,False,True,True
1355616,Injury,Minor/Other Injury,2024,2024,May,Friday,18:00 - 19:59,BEECROFT,RD,0,Right on the spot,CHAPMAN,AVE,BEECROFT,139.0,Yes,No,X-intersection,-33.747813,151.064081,Hornsby,Sydney metro. area,Syd-Newc-Woll Gtr conurbation,Straight,,,,On,Sealed,Dry,Fine,Darkness,Nil,Give way sign,60 km/h,State,21,Right through,202,Opp - Right-thru,,Other angle,Car (sedan/hatch),Car (sedan/hatch),2,0,0,0,1,5,May,Autumn,Friday,18:00 - 19:59,PM peak / evening commute,True,False,True,True
1355617,Injury,Serious Injury,2024,2024,June,Wednesday,20:00 - 21:59,WANGI,RD,0,Right on the spot,SUMMERHILL,DR,WANGI WANGI,217.0,No,Not a school zone,T-junction,-33.060844,151.560694,Lake Macquarie,Newcastle met. area,Syd-Newc-Woll Gtr conurbation,Curved,Steep grade,,,On,Sealed,Dry,Fine,Darkness,Nil,Stop sign,90 km/h,State,13,Right near,104,Adj - Right-thru from right,,Right angle,4 wheel drive / SUV,Car (sedan/hatch),2,0,1,0,0,6,June,Winter,Wednesday,20:00 - 21:59,Evening / night,False,False,True,True
1355621,Injury,Moderate Injury,2024,2024,May,Thursday,14:00 - 15:59,EVANS LOOKOUT,RD,0,Right on the spot,NUMBER 53,HN,BLACKHEATH,,No,Not a school zone,2-way undivided,-33.649779,150.2907,Blue Mountains,Country urban,Syd-Newc-Woll Gtr conurbation,Straight,Driveway/entrance,,,Off,Sealed,Dry,Fine,Daylight,Nil,No traffic controls,50 km/h,Local,21,Right through,202,Opp - Right-thru,,Other angle,Station wagon,Motor scooter,2,0,0,1,0,5,May,Autumn,Thursday,14:00 - 15:59,Midday / afternoon,False,False,True,True
1355624,Injury,Serious Injury,2024,2024,May,Saturday,10:00 - 11:59,WEROMBI,RD,200,West,BROWNLOW HILL LOOP,RD,BROWNLOW HILL,,No,Not a school zone,2-way undivided,-34.017731,150.648505,Wollondilly,Country urban,Syd-Newc-Woll Gtr conurbation,Straight,,,,Off,Sealed,Dry,Overcast,Daylight,Nil,No traffic controls,80 km/h,Local,30,Rear end,301,Same - Rear end,,Rear end,Motorcycle,Light truck utility(from 2018),2,0,1,0,0,5,May,Autumn,Saturday,10:00 - 11:59,Midday / afternoon,False,False,True,True
1355626,Injury,Moderate Injury,2024,2024,April,Wednesday,18:00 - 19:59,COWPASTURE,RD,0,Right on the spot,MANNOW,AVE,WEST HOXTON,648.0,No,Not a school zone,X-intersection,-33.929118,150.846943,Liverpool,Sydney metro. area,Syd-Newc-Woll Gtr conurbation,Straight,,,,On,Sealed,Dry,Fine,Darkness,On,No traffic controls,70 km/h,State,21,Right through,202,Opp - Right-thru,,Other angle,Light truck,Car (sedan/hatch),2,0,0,1,0,4,April,Autumn,Wednesday,18:00 - 19:59,PM peak / evening commute,True,False,True,True
1355629,Injury,Serious Injury,2024,2024,June,Tuesday,16:00 - 17:59,CENTENNIAL,AVE,0,Right on the spot,LAWN,AVE,LANE COVE WEST,166.0,No,Not a school zone,T-junction,-33.813085,151.157479,Lane Cove,Sydney metro. area,Syd-Newc-Woll Gtr conurbation,Straight,,,,On,Sealed,Dry,Fine,Darkness,Nil,No traffic controls,60 km/h,State,2,Ped far side,3,Ped - Far side,,Vehicle - Pedestrian,Car (sedan/hatch),Pedestrian,2,0,1,0,0,6,June,Winter,Tuesday,16:00 - 17:59,PM peak / evening commute,True,False,True,True
1355630,Injury,Moderate Injury,2024,2024,June,Monday,10:00 - 11:59,HUME,HWY,0,Right on the spot,NUMBER 585,HN,YAGOONA,2.0,Yes,No,Divided road,-33.905667,151.014019,Canterbury-Bankstown,Sydney metro. area,Syd-Newc-Woll Gtr conurbation,Straight,Driveway/entrance,,,Off,Sealed,Dry,Fine,Daylight,Nil,No traffic controls,70 km/h,State,47,Emerging from drive,406,Manov - Emerging from driveway,,Right angle,Light truck utility(from 2018),Motorised scooter (mob. aid),2,0,0,1,0,6,June,Winter,Monday,10:00 - 11:59,Midday / afternoon,False,False,True,True
1355632,Injury,Serious Injury,2024,2024,May,Wednesday,18:00 - 19:59,COOLAMON,RD,300,South,PRICES,RD,HILLGROVE,240.0,No,Not a school zone,2-way undivided,-35.036136,147.363936,Wagga Wagga,Country non-urban,Rest of NSW - Rural,Curved,Steep grade,,Loose gravel shoulder,Nil,Sealed,Dry,Fine,Darkness,Nil,No traffic controls,100 km/h,Regional,86,Off left/left bend,802,Off cway left bend,Left,Rollover,Car (sedan/hatch),,1,0,1,1,0,5,May,Autumn,Wednesday,18:00 - 19:59,PM peak / evening commute,True,False,True,True
1355633,Injury,Moderate Injury,2024,2024,May,Sunday,02:00 - 03:59,WILSON,RD,30,South,MOUNT,ST,BONNYRIGG HEIGHTS,,No,Not a school zone,2-way undivided,-33.88795,150.86935,Fairfield,Sydney metro. area,Syd-Newc-Woll Gtr conurbation,Straight,,,,On,Sealed,Dry,Fine,Darkness,Nil,No traffic controls,60 km/h,Local,71,Off rd left => obj,703,Left off cway into object,,Other angle,Car (sedan/hatch),4 wheel drive / SUV,2,0,0,1,0,5,May,Autumn,Sunday,02:00 - 03:59,Late night / early morning,False,False,True,True
1355634,Injury,Moderate Injury,2024,2024,June,Thursday,14:00 - 15:59,OAKDALE,RD,0,Right on the spot,NUMBER 24,HN,GATESHEAD,,No,Not a school zone,2-way undivided,-32.989492,151.697002,Lake Macquarie,Newcastle met. area,Syd-Newc-Woll Gtr conurbation,Curved,Steep grade,,,Off,Sealed,Dry,Overcast,Daylight,Nil,No traffic controls,60 km/h,Local,32,Right rear,303,Same - Rear right,,Rear end,Large rigid,Light truck utility(from 2018),2,0,0,1,0,6,June,Winter,Thursday,14:00 - 15:59,Midday / afternoon,False,False,True,True
1355645,Injury,Serious Injury,2024,2024,April,Wednesday,08:00 - 09:59,GOULBURN,ST,70,South,MAITLAND,RD,ABERMAIN,,Yes,No,2-way undivided,-32.808213,151.425786,Cessnock,Country urban,Rest of NSW - Urban,Straight,Painted double centre lines,,,Off,Sealed,Dry,Fine,Daylight,Nil,No traffic controls,50 km/h,Local,40,U turn,207,Opp - U-turn,,Other angle,4 wheel drive / SUV,Motorcycle,2,0,1,0,0,4,April,Autumn,Wednesday,08:00 - 09:59,AM peak / school commute,True,False,True,True
1355651,Injury,Moderate Injury,2024,2024,May,Sunday,12:00 - 13:59,PRINCES,HWY,250,South,SOUTH KIAMA DRIVE,OP,KIAMA HEIGHTS,1.0,No,Not a school zone,Divided road,-34.698063,150.843519,Kiama,Country urban,Rest of NSW - Urban,Curved,,Other temporary feature,,Nil,Sealed,Wet,Raining,Daylight,Nil,No traffic controls,80 km/h,State,30,Rear end,301,Same - Rear end,,Rear end,4 wheel drive / SUV,4 wheel drive / SUV,2,0,0,1,0,5,May,Autumn,Sunday,12:00 - 13:59,Midday / afternoon,False,False,True,True
1355653,Injury,Moderate Injury,2024,2024,May,Friday,16:00 - 17:59,TORONTO,RD,0,Right on the spot,BAY,RD,FENNELL BAY,217.0,No,Not a school zone,X-intersection,-32.992106,151.600181,Lake Macquarie,Newcastle met. area,Syd-Newc-Woll Gtr conurbation,Straight,,,,On,Sealed,Wet,Raining,Daylight,On,No traffic controls,60 km/h,State,21,Right through,202,Opp - Right-thru,,Other angle,Car (sedan/hatch),Car (sedan/hatch),5,0,0,2,0,5,May,Autumn,Friday,16:00 - 17:59,PM peak / evening commute,True,False,True,True
1355654,Injury,Moderate Injury,2024,2024,February,Tuesday,20:00 - 21:59,CROWN,ST,10,South,WITHERS,LANE,SURRY HILLS,,No,Not a school zone,T-junction,-33.886715,151.213742,Sydney,Sydney metro. area,Syd-Newc-Woll Gtr conurbation,Straight,,,,On,Sealed,Dry,Fine,Darkness,On,No traffic controls,40 km/h,Local,0,Ped nearside,1,Ped - Near side,,Vehicle - Pedestrian,Light truck,Pedestrian,2,0,0,1,0,2,February,Summer,Tuesday,20:00 - 21:59,Evening / night,False,False,True,True
1355656,Injury,Moderate Injury,2024,2024,May,Tuesday,10:00 - 11:59,WILCANNIA,RD,50000,South,BARRIER,HWY,MENINDEE,,No,Not a school zone,2-way undivided,-31.915303,143.069874,Central Darling,Country non-urban,Rest of NSW - Rural,Straight,,,,Nil,Unsealed,Dry,Fine,Daylight,Nil,No traffic controls,100 km/h,Local,74,On road-out of cont.,705,Out of control on cway,,Rollover,Motorcycle,,1,0,0,1,0,5,May,Autumn,Tuesday,10:00 - 11:59,Midday / afternoon,False,False,True,True
1355658,Injury,Moderate Injury,2024,2024,May,Thursday,02:00 - 03:59,MOUNT,ST,0,Right on the spot,NUMBER 34,HN,ARNCLIFFE,,No,Not a school zone,2-way undivided,-33.940979,151.140202,Bayside,Sydney metro. area,Syd-Newc-Woll Gtr conurbation,Straight,Steep grade,,,Nil,Sealed,Dry,Fine,Darkness,Nil,No traffic controls,50 km/h,Local,73,Off rd rght => obj,704,Right off cway into obj,,Other angle,Light truck utility(from 2018),Car (sedan/hatch),3,0,0,1,0,5,May,Autumn,Thursday,02:00 - 03:59,Late night / early morning,False,False,True,True
1355659,Injury,Moderate Injury,2024,2024,June,Thursday,12:00 - 13:59,ARMIDALE,RD,2200,South,TALLOWWOOD,RD,CLOUDS CREEK,,No,Not a school zone,2-way undivided,-30.079161,152.637525,Clarence Valley,Country non-urban,Rest of NSW - Rural,Curved,Embankment/cutting,,Loose gravel shoulder,Nil,Sealed,Dry,Fine,Daylight,Nil,No traffic controls,100 km/h,Local,81,Off left/rt bnd=>obj,803,Off right bend into obj,Left,Vehicle - Object,Car (sedan/hatch),,1,0,0,1,0,6,June,Winter,Thursday,12:00 - 13:59,Midday / afternoon,False,False,True,True
1355661,Injury,Moderate Injury,2024,2024,May,Sunday,16:00 - 17:59,BROUGHTON,ST,0,Right on the spot,SEA,ST,WEST KEMPSEY,,Yes,No,X-intersection,-31.068383,152.82612,Kempsey,Country urban,Rest of NSW - Urban,Straight,,,,Off,Sealed,Dry,Fine,Dusk,Nil,Stop sign,50 km/h,Local,10,Cross traffic,101,Adj - Cross traffic,,Right angle,Station wagon,4 wheel drive / SUV,2,0,0,2,0,5,May,Autumn,Sunday,16:00 - 17:59,PM peak / evening commute,True,False,True,True
1355662,Injury,Serious Injury,2024,2024,June,Thursday,14:00 - 15:59,ELVERY,LANE,750,East,RAMSES,ST,ALSTONVILLE,,No,Not a school zone,2-way undivided,-28.823341,153.4309,Ballina,Country urban,Rest of NSW - Urban,Curved,,,,Nil,Sealed,Dry,Fine,Daylight,Nil,No traffic controls,40 km/h,Local,20,Head on,201,Opp - Head on,,Head-on,Car (sedan/hatch),Car (sedan/hatch),2,0,1,0,0,6,June,Winter,Thursday,14:00 - 15:59,Midday / afternoon,False,False,True,True
1355663,Injury,Serious Injury,2024,2024,May,Monday,18:00 - 19:59,EPSOM,RD,50,East,ROTHSCHILD,AVE,ZETLAND,,No,Not a school zone,2-way undivided,-33.910766,151.206742,Sydney,Sydney metro. area,Syd-Newc-Woll Gtr conurbation,Straight,Foot/cycle path/nature strip,,,On,Sealed,Wet,Overcast,Darkness,Nil,No traffic controls,50 km/h,Local,71,Off rd left => obj,703,Left off cway into object,,Vehicle - Object,Motor scooter,,1,0,1,0,0,5,May,Autumn,Monday,18:00 - 19:59,PM peak / evening commute,True,False,True,True
1355665,Injury,Serious Injury,2024,2024,February,Saturday,10:00 - 11:59,CROOKED RIVER,RD,100,North,BEACH,RD,BERRY,7643.0,No,Not a school zone,2-way undivided,-34.789428,150.775698,Shoalhaven,Country urban,Rest of NSW - Urban,Straight,,,,Nil,Sealed,Dry,Fine,Daylight,Nil,No traffic controls,80 km/h,Regional,30,Rear end,301,Same - Rear end,,Rear end,Car (sedan/hatch),Light truck utility(from 2018),2,0,1,0,1,2,February,Summer,Saturday,10:00 - 11:59,Midday / afternoon,False,False,True,True
1355667,Injury,Serious Injury,2024,2024,March,Thursday,10:00 - 11:59,DENLEY,LANE,45,North,MONA VALE,RD,ST IVES,,No,Not a school zone,1-way street,-33.730198,151.159172,Ku-ring-gai,Sydney metro. area,Syd-Newc-Woll Gtr conurbation,Curved,,,,Off,Sealed,Wet,Fine,Daylight,Nil,No traffic controls,50 km/h,Local,85,Off rt/lft bnd=>obj,804,Off left bend into obj,Right,Vehicle - Object,Car (sedan/hatch),,1,0,1,0,0,3,March,Autumn,Thursday,10:00 - 11:59,Midday / afternoon,False,False,True,True
1355669,Injury,Moderate Injury,2024,2024,June,Friday,16:00 - 17:59,BOUNDARY,ST,0,Right on the spot,WANDELLA,AVE,ROSEVILLE,328.0,No,Not a school zone,T-junction,-33.785274,151.186247,Willoughby,Sydney metro. area,Syd-Newc-Woll Gtr conurbation,Straight,,,,On,Sealed,Wet,Raining,Darkness,Nil,No traffic controls,60 km/h,State,30,Rear end,301,Same - Rear end,,Rear end,Car (sedan/hatch),Car (sedan/hatch),2,0,0,1,0,6,June,Winter,Friday,16:00 - 17:59,PM peak / evening commute,True,False,True,True