crash_id,degree_of_crash,degree_of_crash_-_detailed,reporting_year,year_of_crash,month_of_crash,day_of_week_of_crash,two-hour_intervals,street_of_crash,street_type,distance,direction,identifying_feature,identifying_feature_type,town,route_no.,school_zone_location,school_zone_active,type_of_location,latitude,longitude,lga,urbanisation,conurbation_1,alignment,primary_permanent_feature,primary_temporary_feature,primary_hazardous_feature,street_lighting,road_surface,surface_condition,weather,natural_lighting,signals_operation,other_traffic_control,speed_limit,road_classification_(admin),rum_-_code,rum_-_description,dca_-_code,dca_-_description,dca_supplement,first_impact_type,key_tu_type,other_tu_type,no._of_traffic_units_involved,no._killed,no._seriously_injured,no._moderately_injured,no._minor-other_injured,month_num,month_label,season,day_label,time_label,time_band,is_peak_commute,is_fatal,is_injury,is_casualty
1355670,Injury,Serious Injury,2024,2024,April,Monday,14:00 - 15:59,OXFORD,ST,0,Right on the spot,DARLINGHURST,RD,DARLINGHURST,172.0,No,Not a school zone,T-junction,-33.881203,151.218066,Sydney,Sydney metro. area,Syd-Newc-Woll Gtr conurbation,Straight,,,,Off,Sealed,Dry,Fine,Daylight,On,Ped crossing,50 km/h,State,0,Ped nearside,1,Ped - Near side,,Vehicle - Pedestrian,Car (sedan/hatch),Pedestrian,2,0,1,0,0,4,April,Autumn,Monday,14:00 - 15:59,Midday / afternoon,False,False,True,True
1355671,Injury,Moderate Injury,2024,2024,April,Monday,16:00 - 17:59,OBLEY,RD,100,South,BELOWRIE,RD,DUBBO,,No,Not a school zone,2-way undivided,-32.307089,148.592417,Dubbo Regional,Country non-urban,Rest of NSW - Rural,Curved,,,,Nil,Sealed,Dry,Fine,Daylight,Nil,No traffic controls,100 km/h,Local,88,Out of cont on bend,805,Out of control on bend,,Rollover,Light truck utility(from 2018),,1,0,0,1,0,4,April,Autumn,Monday,16:00 - 17:59,PM peak / evening commute,True,False,True,True
1355672,Injury,Moderate Injury,2024,2024,June,Sunday,14:00 - 15:59,JAMBEROO MOUNTAIN,RD,2820,West,BARREN GROUNDS,RD,BUDDEROO,264.0,No,Not a school zone,2-way undivided,-34.645396,150.703659,Kiama,Country urban,Rest of NSW - Urban,Curved,,,,Nil,Sealed,Dry,Fine,Daylight,Nil,No traffic controls,80 km/h,Regional,80,Off left/right bend,801,Off cway right bend,Left,Rollover,Motorcycle,,1,0,0,1,0,6,June,Winter,Sunday,14:00 - 15:59,Midday / afternoon,False,False,True,True
1355674,Injury,Minor/Other Injury,2024,2024,April,Saturday,10:00 - 11:59,COLLEY,DR,0,Right on the spot,SWAN,PL,KIAMA,,No,Not a school zone,T-junction,-34.666127,150.849359,Kiama,Country urban,Rest of NSW - Urban,Straight,Steep grade,,,Off,Sealed,Dry,Fine,Daylight,Nil,Give way sign,50 km/h,Local,30,Rear end,301,Same - Rear end,,Rear end,Light truck,Light truck,2,0,0,0,1,4,April,Autumn,Saturday,10:00 - 11:59,Midday / afternoon,False,False,True,True
1355677,Injury,Serious Injury,2024,2024,April,Tuesday,08:00 - 09:59,INGLEWOOD,PL,0,Right on the spot,SOLENT,CCT,NORWEST,,No,Not a school zone,T-junction,-33.73534,150.959644,The Hills,Sydney metro. area,Syd-Newc-Woll Gtr conurbation,Straight,,,,Off,Sealed,Dry,Fine,Daylight,Nil,No traffic controls,50 km/h,Local,0,Ped nearside,1,Ped - Near side,,Vehicle - Pedestrian,Car (sedan/hatch),Pedestrian,2,0,1,0,0,4,April,Autumn,Tuesday,08:00 - 09:59,AM peak / school commute,True,False,True,True
1355678,Injury,Serious Injury,2024,2024,June,Friday,12:00 - 13:59,KING,ST,0,Right on the spot,YORK,ST,SYDNEY,7308.0,No,Not a school zone,X-intersection,-33.868684,151.206035,Sydney,Sydney metro. area,Syd-Newc-Woll Gtr conurbation,Straight,,,,Off,Sealed,Wet,Overcast,Daylight,On,No traffic controls,40 km/h,Regional,2,Ped far side,3,Ped - Far side,,Vehicle - Pedestrian,Light truck,Pedestrian,2,0,1,0,0,6,June,Winter,Friday,12:00 - 13:59,Midday / afternoon,False,False,True,True
1355679,Injury,Serious Injury,2024,2024,June,Wednesday,06:00 - 07:59,SOUTHERN,EXP,150,South,NORTHCLIFFE,DR,BERKELEY,6006.0,No,Not a school zone,Other,-34.475713,150.830131,Wollongong,Wollongong met. area,Syd-Newc-Woll Gtr conurbation,Straight,,,,Nil,Sealed,Dry,Overcast,Daylight,Nil,No traffic controls,100 km/h,State,73,Off rd rght => obj,704,Right off cway into obj,,Vehicle - Object,Light truck utility(from 2018),,1,0,1,0,0,6,June,Winter,Wednesday,06:00 - 07:59,AM peak / school commute,True,False,True,True
1355683,Injury,Moderate Injury,2024,2024,May,Friday,16:00 - 17:59,JAMBOREE,AVE,0,Right on the spot,PALAVER,ST,LEPPINGTON,,No,Not a school zone,X-intersection,-33.98368,150.803568,Camden,Sydney metro. area,Syd-Newc-Woll Gtr conurbation,Straight,,,,Off,Sealed,Dry,Fine,Daylight,Nil,Give way sign,50 km/h,Local,10,Cross traffic,101,Adj - Cross traffic,,Right angle,Car (sedan/hatch),Car (sedan/hatch),2,0,0,1,0,5,May,Autumn,Friday,16:00 - 17:59,PM peak / evening commute,True,False,True,True
1355685,Injury,Minor/Other Injury,2024,2024,February,Saturday,18:00 - 19:59,ALFRED,ST,0,Right on the spot,HOLLINGSHED,ST,MASCOT,,No,Not a school zone,Roundabout,-33.932644,151.19747,Bayside,Sydney metro. area,Syd-Newc-Woll Gtr conurbation,Straight,,,,Off,Sealed,Dry,Fine,Daylight,Nil,Give way sign,50 km/h,Local,10,Cross traffic,101,Adj - Cross traffic,,Right angle,4 wheel drive / SUV,Motor scooter,2,0,0,0,1,2,February,Summer,Saturday,18:00 - 19:59,PM peak / evening commute,True,False,True,True
1355687,Injury,Serious Injury,2024,2024,April,Tuesday,14:00 - 15:59,FOREST,WAY,0,Right on the spot,NAREE,RD,FRENCHS FOREST,529.0,No,Not a school zone,T-junction,-33.748511,151.223997,Northern Beaches,Sydney metro. area,Syd-Newc-Woll Gtr conurbation,Straight,,,,On,Sealed,Wet,Raining,Daylight,On,Ped crossing,70 km/h,State,3,Ped on carriageway,4,Ped - On carriageway,,Vehicle - Pedestrian,4 wheel drive / SUV,Pedestrian,2,0,1,0,0,4,April,Autumn,Tuesday,14:00 - 15:59,Midday / afternoon,False,False,True,True
1355689,Injury,Serious Injury,2024,2024,April,Sunday,08:00 - 09:59,MACQUARIE,ST,0,Right on the spot,DRUMMOND,ST,SOUTH WINDSOR,154.0,No,Not a school zone,X-intersection,-33.622644,150.803471,Hawkesbury,Country urban,Syd-Newc-Woll Gtr conurbation,Straight,,,,Off,Sealed,Dry,Fine,Daylight,On,No traffic controls,60 km/h,State,21,Right through,202,Opp - Right-thru,,Other angle,Car (sedan/hatch),Motorcycle,2,0,1,0,0,4,April,Autumn,Sunday,08:00 - 09:59,AM peak / school commute,True,False,True,True
1355690,Injury,Serious Injury,2024,2024,March,Tuesday,08:00 - 09:59,WARRINGAH,EXP,50,South,FALCON STREET,OP,NORTH SYDNEY,651.0,No,Not a school zone,Dual freeway,-33.830238,151.213293,North Sydney,Sydney metro. area,Syd-Newc-Woll Gtr conurbation,Curved,,Roadwks/Detour/Diverson,,Off,Sealed,Dry,Fine,Daylight,Nil,No traffic controls,60 km/h,State,30,Rear end,301,Same - Rear end,,Rear end,Motorcycle,4 wheel drive / SUV,2,0,1,0,0,3,March,Autumn,Tuesday,08:00 - 09:59,AM peak / school commute,True,False,True,True
1355697,Injury,Moderate Injury,2024,2024,May,Saturday,10:00 - 11:59,RYAN,AVE,100,North,ROSE PT,RD,SINGLETON,128.0,No,Not a school zone,2-way undivided,-32.566474,151.163059,Singleton,Country urban,Rest of NSW - Urban,Curved,,,,Off,Sealed,Dry,Fine,Daylight,Nil,No traffic controls,50 km/h,Regional,81,Off left/rt bnd=>obj,803,Off right bend into obj,Left,Other angle,Car (sedan/hatch),Light truck utility(from 2018),3,0,0,1,0,5,May,Autumn,Saturday,10:00 - 11:59,Midday / afternoon,False,False,True,True
1355702,Injury,Moderate Injury,2024,2024,May,Sunday,16:00 - 17:59,PRINCES,HWY,120,South,SOUTHERN EXPRESSWAY,OP,YALLAH,1.0,No,Not a school zone,Divided road,-34.535262,150.785987,Wollongong,Wollongong met. area,Syd-Newc-Woll Gtr conurbation,Curved,,,Flooded/submerged,On,Sealed,Wet,Raining,Darkness,Nil,No traffic controls,80 km/h,State,87,Off lft/lft bnd=>obj,804,Off left bend into obj,Left,Vehicle - Object,Passenger van,,1,0,0,1,0,5,May,Autumn,Sunday,16:00 - 17:59,PM peak / evening commute,True,False,True,True
1355704,Injury,Minor/Other Injury,2024,2024,April,Saturday,18:00 - 19:59,MACAULAYS,LANE,0,Right on the spot,NUMBER 439,HN,JUNEE REEFS,,No,Not a school zone,2-way undivided,-34.699764,147.636969,Junee,Country urban,Rest of NSW - Urban,Straight,,,,Nil,Unsealed,Dry,Fine,Dusk,Nil,No traffic controls,80 km/h,Local,74,On road-out of cont.,705,Out of control on cway,,Rollover,Quad bike,,1,0,0,0,1,4,April,Autumn,Saturday,18:00 - 19:59,PM peak / evening commute,True,False,True,True
1355706,Injury,Serious Injury,2024,2024,February,Saturday,00:01 - 01:59,KING GEORGES,RD,10,North,EDGE,ST,WILEY PARK,200.0,No,Not a school zone,T-junction,-33.92698,151.070909,Canterbury-Bankstown,Sydney metro. area,Syd-Newc-Woll Gtr conurbation,Straight,,,,On,Sealed,Dry,Fine,Darkness,Nil,No traffic controls,60 km/h,State,71,Off rd left => obj,703,Left off cway into object,,Vehicle - Object,4 wheel drive / SUV,,1,0,1,0,0,2,February,Summer,Saturday,00:01 - 01:59,Late night / early morning,False,False,True,True
1355708,Injury,Moderate Injury,2024,2024,June,Monday,08:00 - 09:59,NEW ENGLAND,HWY,1940,South,TURANVILLE,RD,SCONE,9.0,No,Not a school zone,2-way undivided,-32.116969,150.872293,Upper Hunter,Country non-urban,Rest of NSW - Rural,Straight,Driveway/entrance,,,Nil,Sealed,Dry,Fine,Daylight,Nil,No traffic controls,100 km/h,State,30,Rear end,301,Same - Rear end,,Rear end,B-double (road train prior 98),Car (sedan/hatch),3,0,0,1,2,6,June,Winter,Monday,08:00 - 09:59,AM peak / school commute,True,False,True,True
1355710,Injury,Serious Injury,2024,2024,May,Monday,22:00 - Midnight,PACIFIC,HWY,200,East,RUTTLEYS,RD,DOYALSON NORTH,10.0,No,Not a school zone,Divided road,-33.18577,151.539492,Central Coast,Country urban,Syd-Newc-Woll Gtr conurbation,Straight,Crest,,,Nil,Sealed,Dry,Fine,Darkness,Nil,No traffic controls,80 km/h,State,20,Head on,201,Opp - Head on,,Head-on,Pedal cycle,Light truck utility(from 2018),2,0,1,0,0,5,May,Autumn,Monday,22:00 - Midnight,Evening / night,False,False,True,True
1355712,Injury,Serious Injury,2024,2024,June,Monday,16:00 - 17:59,BEAMISH,ST,0,Right on the spot,HILL,ST,CAMPSIE,2014.0,No,Not a school zone,T-junction,-33.914436,151.104143,Canterbury-Bankstown,Sydney metro. area,Syd-Newc-Woll Gtr conurbation,Straight,,,,On,Sealed,Dry,Fine,Dusk,Nil,No traffic controls,40 km/h,Regional,0,Ped nearside,1,Ped - Near side,,Vehicle - Pedestrian,4 wheel drive / SUV,Pedestrian,2,0,1,0,0,6,June,Winter,Monday,16:00 - 17:59,PM peak / evening commute,True,False,True,True
1355713,Injury,Serious Injury,2024,2024,April,Thursday,12:00 - 13:59,PORT HACKING,RD,0,Right on the spot,EVELYN,ST,SYLVANIA,669.0,No,Not a school zone,T-junction,-34.014069,151.104685,Sutherland,Sydney metro. area,Syd-Newc-Woll Gtr conurbation,Curved,,,,Off,Sealed,Dry,Fine,Daylight,On,No traffic controls,70 km/h,State,16,Left near,107,Adj - Left-thru from right,,Right angle,4 wheel drive / SUV,Car (sedan/hatch),2,0,1,0,0,4,April,Autumn,Thursday,12:00 - 13:59,Midday / afternoon,False,False,True,True
1355717,Injury,Serious Injury,2024,2024,June,Sunday,10:00 - 11:59,ALEX,AVE,38,North,ANNALYSE,ST,SCHOFIELDS,,Yes,No,2-way undivided,-33.70529,150.886741,Blacktown,Sydney metro. area,Syd-Newc-Woll Gtr conurbation,Straight,,,,Nil,Sealed,Dry,Fine,Daylight,Nil,Ped crossing,50 km/h,Local,0,Ped nearside,1,Ped - Near side,,Vehicle - Pedestrian,Car (sedan/hatch),Pedestrian,2,0,1,0,0,6,June,Winter,Sunday,10:00 - 11:59,Midday / afternoon,False,False,True,True
1355723,Injury,Serious Injury,2024,2024,June,Wednesday,04:00 - 05:59,GREGADOO,RD,0,Right on the spot,PLUNKETT,DR,LAKE ALBERT,,Yes,No,T-junction,-35.178747,147.364706,Wagga Wagga,Country urban,Rest of NSW - Urban,Straight,,,,Nil,Sealed,Wet,Overcast,Darkness,Nil,Give way sign,60 km/h,Local,13,Right near,104,Adj - Right-thru from right,,Right angle,Car (sedan/hatch),4 wheel drive / SUV,2,0,1,0,0,6,June,Winter,Wednesday,04:00 - 05:59,Late night / early morning,False,False,True,True
1355724,Injury,Serious Injury,2024,2024,April,Tuesday,06:00 - 07:59,RAYMOND TERRACE,RD,0,Right on the spot,HAUSSMAN,DR,CHISHOLM,104.0,No,Not a school zone,T-junction,-32.767369,151.63072,Maitland,Country urban,Rest of NSW - Urban,Curved,,,,Off,Sealed,Dry,Fine,Daylight,Nil,Stop sign,80 km/h,State,21,Right through,202,Opp - Right-thru,,Other angle,4 wheel drive / SUV,Motorcycle,2,0,1,0,0,4,April,Autumn,Tuesday,06:00 - 07:59,AM peak / school commute,True,False,True,True
1355725,Injury,Serious Injury,2024,2024,April,Monday,20:00 - 21:59,THE WEIR,RD,300,West,GRIFFEN,RD,TERALBA,,No,Not a school zone,2-way undivided,-32.939804,151.61832,Lake Macquarie,Newcastle met. area,Syd-Newc-Woll Gtr conurbation,Straight,,,,Nil,Sealed,Dry,Fine,Darkness,Nil,No traffic controls,80 km/h,Local,71,Off rd left => obj,703,Left off cway into object,,Vehicle - Object,4 wheel drive / SUV,,1,0,1,0,0,4,April,Autumn,Monday,20:00 - 21:59,Evening / night,False,False,True,True
1355726,Injury,Serious Injury,2024,2024,April,Wednesday,16:00 - 17:59,WESTERN,DSTR,0,Right on the spot,ANZAC,BDGE,PYRMONT,165.0,No,Not a school zone,Divided road,-33.869852,151.188481,Sydney,Sydney metro. area,Syd-Newc-Woll Gtr conurbation,Curved,Other bridge,,,On,Sealed,Dry,Fine,Dusk,Nil,No traffic controls,60 km/h,State,88,Out of cont on bend,805,Out of control on bend,,Rollover,Motorcycle,,1,0,1,0,0,4,April,Autumn,Wednesday,16:00 - 17:59,PM peak / evening commute,True,False,True,True
1355728,Injury,Serious Injury,2024,2024,May,Friday,14:00 - 15:59,ROOTY HILL,RD,10,West,RICHMOND,RD,OAKHURST,537.0,No,Not a school zone,X-intersection,-33.73313,150.848547,Blacktown,Sydney metro. area,Syd-Newc-Woll Gtr conurbation,Straight,,,,Off,Sealed,Wet,Fine,Daylight,On,No traffic controls,60 km/h,State,32,Right rear,303,Same - Rear right,,Rear end,4 wheel drive / SUV,Car (sedan/hatch),3,0,1,1,0,5,May,Autumn,Friday,14:00 - 15:59,Midday / afternoon,False,False,True,True
1355730,Injury,Moderate Injury,2024,2024,June,Wednesday,18:00 - 19:59,POWELL,ST,0,Right on the spot,PRINCE,ST,GRAFTON,,No,Not a school zone,X-intersection,-29.681338,152.941485,Clarence Valley,Country urban,Rest of NSW - Urban,Straight,,,,On,Sealed,Wet,Raining,Darkness,Nil,Give way sign,50 km/h,Local,10,Cross traffic,101,Adj - Cross traffic,,Right angle,Car (sedan/hatch),Car (sedan/hatch),2,0,0,1,0,6,June,Winter,Wednesday,18:00 - 19:59,PM peak / evening commute,True,False,True,True
1355734,Injury,Moderate Injury,2024,2024,June,Wednesday,14:00 - 15:59,BRILLIANT,ST,0,Right on the spot,HAVANNAH,ST,SOUTH BATHURST,,No,Not a school zone,X-intersection,-33.430264,149.574789,Bathurst Regional,Country urban,Rest of NSW - Urban,Straight,,,,Off,Sealed,Dry,Fine,Daylight,Nil,Stop sign,60 km/h,Local,16,Left near,107,Adj - Left-thru from right,,Right angle,4 wheel drive / SUV,Car (sedan/hatch),3,0,0,1,0,6,June,Winter,Wednesday,14:00 - 15:59,Midday / afternoon,False,False,True,True
1355738,Injury,Serious Injury,2024,2024,March,Thursday,06:00 - 07:59,WALL PARK,AVE,0,Right on the spot,BURNIE,ST,BLACKTOWN,644.0,No,Not a school zone,T-junction,-33.775971,150.921743,Blacktown,Sydney metro. area,Syd-Newc-Woll Gtr conurbation,Straight,Steep grade,,,Nil,Sealed,Dry,Fine,Daylight,Nil,No traffic controls,60 km/h,State,34,Lane change right,306,Same - Lane change right,,Other angle,Large rigid,4 wheel drive / SUV,2,0,1,0,0,3,March,Autumn,Thursday,06:00 - 07:59,AM peak / school commute,True,False,True,True
1355739,Injury,Moderate Injury,2024,2024,April,Saturday,00:01 - 01:59,ANABEL,PL,0,Right on the spot,NUMBER 8,HN,SANCTUARY POINT,,No,Not a school zone,2-way undivided,-35.093825,150.611062,Shoalhaven,Country urban,Rest of NSW - Urban,Straight,,,,Nil,Sealed,Dry,Fine,Darkness,Nil,No traffic controls,50 km/h,Local,3,Ped on carriageway,4,Ped - On carriageway,,Vehicle - Pedestrian,Passenger van,Pedestrian,2,0,0,1,0,4,April,Autumn,Saturday,00:01 - 01:59,Late night / early morning,False,False,True,True
1355740,Injury,Serious Injury,2024,2024,March,Wednesday,18:00 - 19:59,MCGANN,DR,0,Right on the spot,TOOZE,CCT,NORTH ROTHBURY,,No,Not a school zone,T-junction,-32.677559,151.363934,Cessnock,Country urban,Rest of NSW - Urban,Curved,Foot/cycle path/nature strip,,,Nil,Sealed,Dry,Fine,Daylight,Nil,No traffic controls,50 km/h,Local,88,Out of cont on bend,805,Out of control on bend,,Rollover,Motorcycle,,1,0,1,0,0,3,March,Autumn,Wednesday,18:00 - 19:59,PM peak / evening commute,True,False,True,True
1355743,Injury,Moderate Injury,2024,2024,June,Wednesday,12:00 - 13:59,BOOROWA,ST,25,East,MACKENZIE,ST,YOUNG,241.0,No,Not a school zone,2-way undivided,-34.30989,148.285617,Hilltops,Country urban,Rest of NSW - Urban,Straight,,,,Off,Sealed,Dry,Fine,Daylight,Nil,No traffic controls,50 km/h,Regional,71,Off rd left => obj,703,Left off cway into object,,Vehicle - Object,Car (sedan/hatch),,2,0,0,1,0,6,June,Winter,Wednesday,12:00 - 13:59,Midday / afternoon,False,False,True,True
1355745,Injury,Serious Injury,2024,2024,April,Wednesday,04:00 - 05:59,KING,ST,0,Right on the spot,YORK,ST,SYDNEY,7308.0,No,Not a school zone,X-intersection,-33.868684,151.206035,Sydney,Sydney metro. area,Syd-Newc-Woll Gtr conurbation,Straight,,,,On,Sealed,Dry,Fine,Darkness,On,No traffic controls,40 km/h,Regional,10,Cross traffic,101,Adj - Cross traffic,,Right angle,Motorcycle,Light truck utility(from 2018),2,0,1,1,0,4,April,Autumn,Wednesday,04:00 - 05:59,Late night / early morning,False,False,True,True
1355747,Injury,Moderate Injury,2024,2024,June,Wednesday,18:00 - 19:59,WINDSOR,RD,0,Right on the spot,GROVES,AVE,VINEYARD,184.0,No,Not a school zone,T-junction,-33.625789,150.838729,Hawkesbury,Country urban,Syd-Newc-Woll Gtr conurbation,Straight,,,,On,Sealed,Dry,Fine,Darkness,On,No traffic controls,80 km/h,State,13,Right near,104,Adj - Right-thru from right,,Right angle,4 wheel drive / SUV,Light truck utility(from 2018),2,0,0,1,0,6,June,Winter,Wednesday,18:00 - 19:59,PM peak / evening commute,True,False,True,True
1355750,Injury,Moderate Injury,2024,2024,May,Saturday,04:00 - 05:59,BOURKE,ST,0,Right on the spot,NUMBER 464A,HN,SURRY HILLS,,No,Not a school zone,2-way undivided,-33.886693,151.215397,Sydney,Sydney metro. area,Syd-Newc-Woll Gtr conurbation,Straight,,,,On,Sealed,Wet,Raining,Darkness,Nil,No traffic controls,40 km/h,Local,90,Fell in/from vehicle,901,Fell in/from vehicle,,Person - Object,Unknown motor vehicle,,1,0,0,1,0,5,May,Autumn,Saturday,04:00 - 05:59,Late night / early morning,False,False,True,True
1355752,Injury,Serious Injury,2024,2024,June,Tuesday,00:01 - 01:59,ROUS,RD,10,North,TEVEN,ST,GOONELLABAH,,No,Not a school zone,T-junction,-28.821493,153.31946,Lismore,Country urban,Rest of NSW - Urban,Curved,,,,On,Sealed,Dry,Fine,Darkness,Nil,No traffic controls,50 km/h,Local,0,Ped nearside,1,Ped - Near side,,Vehicle - Pedestrian,4 wheel drive / SUV,Pedestrian,2,0,1,0,0,6,June,Winter,Tuesday,00:01 - 01:59,Late night / early morning,False,False,True,True
1355753,Injury,Moderate Injury,2024,2024,February,Monday,02:00 - 03:59,EPPING,RD,0,Right on the spot,LONGUEVILLE,RD,LANE COVE,373.0,No,Not a school zone,X-intersection,-33.812498,151.170914,Lane Cove,Sydney metro. area,Syd-Newc-Woll Gtr conurbation,Curved,,,,On,Sealed,Dry,Fine,Darkness,On,No traffic controls,60 km/h,State,85,Off rt/lft bnd=>obj,804,Off left bend into obj,Right,Vehicle - Object,Car (sedan/hatch),,1,0,0,1,0,2,February,Summer,Monday,02:00 - 03:59,Late night / early morning,False,False,True,True
1355754,Injury,Minor/Other Injury,2024,2024,June,Sunday,16:00 - 17:59,SILVER CITY,HWY,0,Right on the spot,DARLING,ST,WENTWORTH,22.0,No,Not a school zone,X-intersection,-34.106891,141.919246,Wentworth,Country urban,Rest of NSW - Urban,Straight,,,,Off,Sealed,Dry,Fine,Daylight,Nil,Give way sign,40 km/h,State,10,Cross traffic,101,Adj - Cross traffic,,Right angle,Car (sedan/hatch),Light truck utility(from 2018),2,0,0,0,3,6,June,Winter,Sunday,16:00 - 17:59,PM peak / evening commute,True,False,True,True
1355755,Injury,Moderate Injury,2024,2024,June,Saturday,18:00 - 19:59,ANZAC,PDE,0,Right on the spot,STOREY,ST,MAROUBRA,661.0,No,Not a school zone,T-junction,-33.937063,151.238019,Randwick,Sydney metro. area,Syd-Newc-Woll Gtr conurbation,Straight,,,,On,Sealed,Wet,Overcast,Darkness,Nil,Stop sign,50 km/h,State,11,Right far,102,Adj - Right-thru from left,,Right angle,Unknown motor vehicle,Motor scooter,2,0,0,1,0,6,June,Winter,Saturday,18:00 - 19:59,PM peak / evening commute,True,False,True,True
1355757,Injury,Moderate Injury,2024,2024,March,Saturday,20:00 - 21:59,ANTARES,CL,0,Right on the spot,NUMBER 14,HN,NOWRA,,No,Not a school zone,2-way undivided,-34.894975,150.617124,Shoalhaven,Country urban,Rest of NSW - Urban,Curved,,,,On,Sealed,Dry,Fine,Darkness,Nil,No traffic controls,50 km/h,Local,90,Fell in/from vehicle,901,Fell in/from vehicle,,Person - Object,Unknown motor vehicle,,1,0,0,1,0,3,March,Autumn,Saturday,20:00 - 21:59,Evening / night,False,False,True,True
1355758,Injury,Serious Injury,2024,2024,April,Saturday,16:00 - 17:59,CAMDEN,BYPA,0,Right on the spot,MACARTHUR,BDGE,CAMDEN,620.0,No,Not a school zone,2-way undivided,-34.071187,150.70042,Camden,Sydney metro. area,Syd-Newc-Woll Gtr conurbation,Straight,Other bridge,,,Nil,Sealed,Dry,Fine,Daylight,Nil,No traffic controls,80 km/h,State,30,Rear end,301,Same - Rear end,,Rear end,Light truck utility(from 2018),Car (sedan/hatch),3,0,1,0,0,4,April,Autumn,Saturday,16:00 - 17:59,PM peak / evening commute,True,False,True,True
1355763,Injury,Minor/Other Injury,2024,2024,February,Wednesday,14:00 - 15:59,NINTH,AVE,0,Right on the spot,NUMBER 65,HN,CAMPSIE,7051.0,No,Not a school zone,2-way undivided,-33.909167,151.099206,Canterbury-Bankstown,Sydney metro. area,Syd-Newc-Woll Gtr conurbation,Straight,Driveway/entrance,,,On,Sealed,Dry,Fine,Daylight,Nil,No traffic controls,50 km/h,Regional,32,Right rear,303,Same - Rear right,,Rear end,Other bus,Car (sedan/hatch),2,0,0,0,1,2,February,Summer,Wednesday,14:00 - 15:59,Midday / afternoon,False,False,True,True
1355766,Injury,Serious Injury,2024,2024,March,Saturday,14:00 - 15:59,MOFFATS,RD,450,South,SWAN BAY,RD,SWAN BAY,,No,Not a school zone,2-way undivided,-32.706384,151.943286,Port Stephens,Country urban,Rest of NSW - Urban,Curved,,,,Nil,Unsealed,Wet,Raining,Daylight,Nil,No traffic controls,60 km/h,Local,85,Off rt/lft bnd=>obj,804,Off left bend into obj,Right,Vehicle - Object,4 wheel drive / SUV,,1,0,1,0,0,3,March,Autumn,Saturday,14:00 - 15:59,Midday / afternoon,False,False,True,True
1355767,Injury,Serious Injury,2024,2024,April,Friday,22:00 - Midnight,BRUXNER,HWY,150,East,DIADEM,ST,LISMORE,16.0,No,Not a school zone,Divided road,-28.815541,153.28834,Lismore,Country urban,Rest of NSW - Urban,Straight,,,,On,Sealed,Dry,Fine,Darkness,Nil,No traffic controls,60 km/h,State,71,Off rd left => obj,703,Left off cway into object,,Other angle,Car (sedan/hatch),Car (sedan/hatch),2,0,1,0,0,4,April,Autumn,Friday,22:00 - Midnight,Evening / night,False,False,True,True
1355768,Injury,Serious Injury,2024,2024,April,Monday,14:00 - 15:59,TUGLOW FOREST,RD,2000,East,DROGHEDA FOREST,RD,SHOOTERS HILL,,No,Not a school zone,2-way undivided,-33.938699,149.895923,Oberon,Country non-urban,Rest of NSW - Rural,Curved,Embankment/cutting,,Potholes/corrugations/rough,Nil,Unsealed,Dry,Fine,Daylight,Nil,No traffic controls,100 km/h,Local,84,Off right/left bend,802,Off cway left bend,Right,Rollover,Motorcycle,,1,0,1,0,0,4,April,Autumn,Monday,14:00 - 15:59,Midday / afternoon,False,False,True,True
1355772,Injury,Moderate Injury,2024,2024,May,Friday,16:00 - 17:59,BENTLEY,RD,3000,East,MANIFOLD,RD,BENTLEY,544.0,No,Not a school zone,2-way undivided,-28.76457,153.102047,Richmond Valley,Country non-urban,Rest of NSW - Rural,Straight,,,,Nil,Sealed,Dry,Fine,Daylight,Nil,No traffic controls,100 km/h,Regional,30,Rear end,301,Same - Rear end,,Rear end,4 wheel drive / SUV,4 wheel drive / SUV,2,0,0,2,0,5,May,Autumn,Friday,16:00 - 17:59,PM peak / evening commute,True,False,True,True
1355773,Injury,Moderate Injury,2024,2024,May,Saturday,16:00 - 17:59,CADAGA,RD,50,North,CARBEEN,ST,GATESHEAD,,No,Not a school zone,2-way undivided,-32.97281,151.686635,Lake Macquarie,Newcastle met. area,Syd-Newc-Woll Gtr conurbation,Straight,Steep grade,,,On,Sealed,Wet,Raining,Dusk,Nil,No traffic controls,50 km/h,Local,3,Ped on carriageway,4,Ped - On carriageway,,Vehicle - Pedestrian,Car (sedan/hatch),Pedestrian,2,0,0,1,1,5,May,Autumn,Saturday,16:00 - 17:59,PM peak / evening commute,True,False,True,True
1355776,Injury,Minor/Other Injury,2024,2024,June,Wednesday,16:00 - 17:59,VICTORIA,AVE,10,West,HIGH,ST,CHATSWOOD,,No,Not a school zone,T-junction,-33.791506,151.198474,Willoughby,Sydney metro. area,Syd-Newc-Woll Gtr conurbation,Straight,,,,On,Sealed,Dry,Fine,Dusk,On,No traffic controls,50 km/h,Local,16,Left near,107,Adj - Left-thru from right,,Right angle,4 wheel drive / SUV,4 wheel drive / SUV,4,0,0,0,1,6,June,Winter,Wednesday,16:00 - 17:59,PM peak / evening commute,True,False,True,True
1355778,Injury,Serious Injury,2024,2024,June,Tuesday,04:00 - 05:59,MINJUNGBAL,DR,0,Right on the spot,7-ELEVEN SERVICE STATION,ENT,TWEED HEADS SOUTH,,No,Not a school zone,1-way street,-28.208038,153.544912,Tweed,Country urban,Rest of NSW - Urban,Straight,Driveway/entrance,,,On,Sealed,Dry,Fine,Darkness,Nil,No traffic controls,60 km/h,Local,47,Emerging from drive,406,Manov - Emerging from driveway,,Right angle,Car (sedan/hatch),Pedal cycle,2,0,1,0,0,6,June,Winter,Tuesday,04:00 - 05:59,Late night / early morning,False,False,True,True