crash_id,degree_of_crash,degree_of_crash_-_detailed,reporting_year,year_of_crash,month_of_crash,day_of_week_of_crash,two-hour_intervals,street_of_crash,street_type,distance,direction,identifying_feature,identifying_feature_type,town,route_no.,school_zone_location,school_zone_active,type_of_location,latitude,longitude,lga,urbanisation,conurbation_1,alignment,primary_permanent_feature,primary_temporary_feature,primary_hazardous_feature,street_lighting,road_surface,surface_condition,weather,natural_lighting,signals_operation,other_traffic_control,speed_limit,road_classification_(admin),rum_-_code,rum_-_description,dca_-_code,dca_-_description,dca_supplement,first_impact_type,key_tu_type,other_tu_type,no._of_traffic_units_involved,no._killed,no._seriously_injured,no._moderately_injured,no._minor-other_injured,month_num,month_label,season,day_label,time_label,time_band,is_peak_commute,is_fatal,is_injury,is_casualty
1355779,Injury,Minor/Other Injury,2024,2024,May,Sunday,16:00 - 17:59,CLAREMONT,ST,32,West,BEAMISH,ST,CAMPSIE,,No,Not a school zone,Divided road,-33.914255,151.103817,Canterbury-Bankstown,Sydney metro. area,Syd-Newc-Woll Gtr conurbation,Straight,,,,On,Sealed,Dry,Fine,Dusk,Nil,No traffic controls,40 km/h,Local,63,Vehicle door,604,On path - Vehicle door,,Other angle,Pedal cycle,4 wheel drive / SUV,2,0,0,0,1,5,May,Autumn,Sunday,16:00 - 17:59,PM peak / evening commute,True,False,True,True
1355781,Injury,Moderate Injury,2024,2024,June,Tuesday,16:00 - 17:59,DOCOS,RD,0,Right on the spot,EMERTON,RD,PARKES,,No,Not a school zone,X-intersection,-33.153513,148.18749,Parkes,Country urban,Rest of NSW - Urban,Straight,Steep grade,,,Nil,Sealed,Dry,Fine,Daylight,Nil,Give way sign,60 km/h,Local,10,Cross traffic,101,Adj - Cross traffic,,Right angle,4 wheel drive / SUV,Light truck utility(from 2018),2,0,0,1,0,6,June,Winter,Tuesday,16:00 - 17:59,PM peak / evening commute,True,False,True,True
1355782,Injury,Minor/Other Injury,2024,2024,May,Wednesday,16:00 - 17:59,BOOREA,ST,0,Right on the spot,JOHN,ST,LIDCOMBE,,No,Not a school zone,T-junction,-33.855989,151.046322,Cumberland,Sydney metro. area,Syd-Newc-Woll Gtr conurbation,Straight,,,,Nil,Sealed,Wet,Raining,Darkness,Nil,No traffic controls,60 km/h,Local,0,Ped nearside,1,Ped - Near side,,Vehicle - Pedestrian,Car (sedan/hatch),Pedestrian,2,0,0,0,1,5,May,Autumn,Wednesday,16:00 - 17:59,PM peak / evening commute,True,False,True,True
1355784,Injury,Moderate Injury,2024,2024,June,Monday,06:00 - 07:59,RACECOURSE,RD,50,West,CAVALRY,AVE,RUTHERFORD,,No,Not a school zone,2-way undivided,-32.715253,151.508026,Maitland,Country urban,Rest of NSW - Urban,Straight,,,,Off,Sealed,Dry,Fine,Daylight,Nil,No traffic controls,60 km/h,Local,71,Off rd left => obj,703,Left off cway into object,,Other angle,Station wagon,Large trailer,2,0,0,1,0,6,June,Winter,Monday,06:00 - 07:59,AM peak / school commute,True,False,True,True
1355785,Injury,Serious Injury,2024,2024,June,Friday,16:00 - 17:59,KYWONG,RD,0,Right on the spot,WATTLES,RD,LOCKHART,370.0,No,Not a school zone,X-intersection,-35.198114,146.707524,Lockhart,Country non-urban,Rest of NSW - Rural,Straight,,,,Nil,Sealed,Dry,Fine,Dusk,Nil,Give way sign,100 km/h,Regional,10,Cross traffic,101,Adj - Cross traffic,,Right angle,Light truck utility(from 2018),Car (sedan/hatch),2,0,1,0,0,6,June,Winter,Friday,16:00 - 17:59,PM peak / evening commute,True,False,True,True
1355787,Injury,Serious Injury,2024,2024,February,Monday,18:00 - 19:59,GREAT WESTERN,HWY,45,West,BRANSGROVE,ST,WENTWORTHVILLE,5.0,No,Not a school zone,Divided road,-33.816252,150.973033,Cumberland,Sydney metro. area,Syd-Newc-Woll Gtr conurbation,Straight,,,,Off,Sealed,Dry,Fine,Daylight,On,Ped crossing,80 km/h,State,2,Ped far side,3,Ped - Far side,,Vehicle - Pedestrian,Car (sedan/hatch),Pedestrian,2,0,1,0,0,2,February,Summer,Monday,18:00 - 19:59,PM peak / evening commute,True,False,True,True
1355788,Injury,Serious Injury,2024,2024,June,Monday,16:00 - 17:59,ST JOHNS,RD,0,Right on the spot,NUMBER 17,HN,AUBURN,,No,Not a school zone,2-way undivided,-33.871574,151.023365,Cumberland,Sydney metro. area,Syd-Newc-Woll Gtr conurbation,Straight,Driveway/entrance,,,Off,Sealed,Dry,Fine,Daylight,Nil,No traffic controls,50 km/h,Local,21,Right through,202,Opp - Right-thru,,Other angle,Passenger van,Car (sedan/hatch),2,0,1,0,0,6,June,Winter,Monday,16:00 - 17:59,PM peak / evening commute,True,False,True,True
1355792,Injury,Serious Injury,2024,2024,April,Wednesday,18:00 - 19:59,RAILWAY,TCE,0,Right on the spot,EDGAR BUGGY,ST,MERRYLANDS,7106.0,No,Not a school zone,T-junction,-33.847163,150.989759,Cumberland,Sydney metro. area,Syd-Newc-Woll Gtr conurbation,Straight,,,,On,Sealed,Dry,Fine,Dusk,Nil,No traffic controls,50 km/h,Regional,11,Right far,102,Adj - Right-thru from left,,Right angle,Car (sedan/hatch),Car (sedan/hatch),2,0,1,0,0,4,April,Autumn,Wednesday,18:00 - 19:59,PM peak / evening commute,True,False,True,True
1355797,Injury,Minor/Other Injury,2024,2024,May,Thursday,16:00 - 17:59,WALLARAH,DR,0,Right on the spot,LAKE HAVEN,DR,KANWAL,509.0,No,Not a school zone,Roundabout,-33.254411,151.49682,Central Coast,Country urban,Syd-Newc-Woll Gtr conurbation,Curved,Steep grade,,,Off,Sealed,Dry,Fine,Dusk,Nil,Give way sign,50 km/h,State,32,Right rear,303,Same - Rear right,,Rear end,4 wheel drive / SUV,Car (sedan/hatch),2,0,0,0,1,5,May,Autumn,Thursday,16:00 - 17:59,PM peak / evening commute,True,False,True,True
1355798,Injury,Serious Injury,2024,2024,June,Thursday,16:00 - 17:59,ROBERTS,RD,0,Right on the spot,WILEY,AVE,GREENACRE,200.0,No,Not a school zone,T-junction,-33.915768,151.062943,Canterbury-Bankstown,Sydney metro. area,Syd-Newc-Woll Gtr conurbation,Curved,,,,Off,Sealed,Dry,Fine,Daylight,On,No traffic controls,60 km/h,State,21,Right through,202,Opp - Right-thru,,Other angle,Light truck utility(from 2018),Station wagon,2,0,1,0,0,6,June,Winter,Thursday,16:00 - 17:59,PM peak / evening commute,True,False,True,True
1355808,Injury,Moderate Injury,2024,2024,June,Monday,16:00 - 17:59,FOWLER,RD,0,Right on the spot,ROBERTSON,ST,GUILDFORD,7252.0,No,Not a school zone,T-junction,-33.849643,150.972717,Cumberland,Sydney metro. area,Syd-Newc-Woll Gtr conurbation,Straight,,,,Nil,Sealed,Dry,Fine,Daylight,Nil,Give way sign,50 km/h,Regional,32,Right rear,303,Same - Rear right,,Rear end,Light truck utility(from 2018),4 wheel drive / SUV,2,0,0,1,0,6,June,Winter,Monday,16:00 - 17:59,PM peak / evening commute,True,False,True,True
1355809,Injury,Moderate Injury,2024,2024,May,Thursday,16:00 - 17:59,JERSEY,RD,20,East,HYATTS,RD,PLUMPTON,7163.0,No,Not a school zone,Divided road,-33.744083,150.83503,Blacktown,Sydney metro. area,Syd-Newc-Woll Gtr conurbation,Straight,,,,On,Sealed,Dry,Fine,Dusk,Nil,No traffic controls,60 km/h,Regional,0,Ped nearside,1,Ped - Near side,,Vehicle - Pedestrian,Car (sedan/hatch),Pedestrian,2,0,0,1,0,5,May,Autumn,Thursday,16:00 - 17:59,PM peak / evening commute,True,False,True,True
1355810,Injury,Moderate Injury,2024,2024,May,Monday,18:00 - 19:59,SIMPSON,RD,0,Right on the spot,WILSON,RD,BONNYRIGG HEIGHTS,,Yes,No,T-junction,-33.888576,150.869234,Fairfield,Sydney metro. area,Syd-Newc-Woll Gtr conurbation,Straight,,,,Unknown / not stated,Sealed,Dry,Fine,Dusk,Nil,No traffic controls,60 km/h,Local,0,Ped nearside,1,Ped - Near side,,Vehicle - Pedestrian,4 wheel drive / SUV,Pedestrian,2,0,0,1,0,5,May,Autumn,Monday,18:00 - 19:59,PM peak / evening commute,True,False,True,True
1355813,Injury,Serious Injury,2024,2024,July,Tuesday,06:00 - 07:59,PACIFIC,HWY,0,Right on the spot,BALFOUR,ST,LINDFIELD,10.0,No,Not a school zone,X-intersection,-33.774112,151.167713,Ku-ring-gai,Sydney metro. area,Syd-Newc-Woll Gtr conurbation,Straight,,,,Unknown / not stated,Sealed,Wet,Raining,Daylight,On,No traffic controls,60 km/h,State,30,Rear end,301,Same - Rear end,,Rear end,Car (sedan/hatch),4 wheel drive / SUV,2,0,1,0,1,7,July,Winter,Tuesday,06:00 - 07:59,AM peak / school commute,True,False,True,True
1355815,Injury,Moderate Injury,2024,2024,June,Tuesday,04:00 - 05:59,HUME,HWY,3000,North,WOLLOGORANG,RD,PARKESBOURNE,2.0,No,Not a school zone,Divided road,-34.807161,149.542762,Goulburn Mulwaree,Country non-urban,Rest of NSW - Rural,Straight,,,,Nil,Sealed,Dry,Fine,Darkness,Nil,No traffic controls,110 km/h,State,30,Rear end,301,Same - Rear end,,Rear end,Light truck,B-double (road train prior 98),2,0,0,1,0,6,June,Winter,Tuesday,04:00 - 05:59,Late night / early morning,False,False,True,True
1355818,Injury,Minor/Other Injury,2024,2024,May,Tuesday,08:00 - 09:59,BURKE,CL,0,Right on the spot,NUMBER 8,HN,FORSTER,,No,Not a school zone,2-way undivided,-32.197556,152.531636,Mid-Coast,Country urban,Rest of NSW - Urban,Straight,,,,Unknown / not stated,Sealed,Dry,Fine,Daylight,Nil,No traffic controls,50 km/h,Local,9,Ped other,0,Ped - other,,Vehicle - Pedestrian,Light truck utility(from 2018),Pedestrian,3,0,0,0,1,5,May,Autumn,Tuesday,08:00 - 09:59,AM peak / school commute,True,False,True,True
1355821,Injury,Moderate Injury,2024,2024,April,Tuesday,06:00 - 07:59,CROOKWELL,RD,1000,North,WOODHOUSELEE,RD,WAYO,54.0,No,Not a school zone,2-way undivided,-34.616277,149.619166,Upper Lachlan,Country non-urban,Rest of NSW - Rural,Curved,Embankment/cutting,,,Nil,Sealed,Dry,Fine,Daylight,Nil,No traffic controls,100 km/h,State,84,Off right/left bend,802,Off cway left bend,Right,Rollover,Car (sedan/hatch),,1,0,0,2,0,4,April,Autumn,Tuesday,06:00 - 07:59,AM peak / school commute,True,False,True,True
1355826,Injury,Minor/Other Injury,2024,2024,June,Monday,14:00 - 15:59,CAMPBELL,ST,40,East,MACQUARIE,ST,LIVERPOOL,,No,Not a school zone,2-way undivided,-33.91794,150.925123,Liverpool,Sydney metro. area,Syd-Newc-Woll Gtr conurbation,Straight,Driveway/entrance,,,Unknown / not stated,Sealed,Dry,Fine,Daylight,On,No traffic controls,30 km/h,Local,47,Emerging from drive,406,Manov - Emerging from driveway,,Right angle,Car (sedan/hatch),Car (sedan/hatch),2,0,0,0,1,6,June,Winter,Monday,14:00 - 15:59,Midday / afternoon,False,False,True,True
1355827,Injury,Serious Injury,2024,2024,June,Thursday,18:00 - 19:59,LINKS,AVE,999999,Unknown/not stated,UNKNOWN,UK,CONCORD,,No,Not a school zone,2-way undivided,-33.853428,151.096637,Canada Bay,Sydney metro. area,Syd-Newc-Woll Gtr conurbation,Straight,,,,On,Sealed,Dry,Fine,Darkness,Nil,No traffic controls,50 km/h,Local,90,Fell in/from vehicle,901,Fell in/from vehicle,,Person - Object,Car (sedan/hatch),,1,0,1,0,0,6,June,Winter,Thursday,18:00 - 19:59,PM peak / evening commute,True,False,True,True
1355828,Injury,Moderate Injury,2024,2024,June,Saturday,04:00 - 05:59,KOSCIUSZKO,RD,10000,North,ROCKY PLAINS,RD,COOLRINGDON,286.0,No,Not a school zone,2-way undivided,-36.277554,148.988801,Snowy Monaro Regional,Country non-urban,Rest of NSW - Rural,Curved,,,,Unknown / not stated,Sealed,Dry,Fine,Darkness,Nil,No traffic controls,100 km/h,State,20,Head on,201,Opp - Head on,,Head-on,4 wheel drive / SUV,Station wagon,2,0,0,1,0,6,June,Winter,Saturday,04:00 - 05:59,Late night / early morning,False,False,True,True
1355831,Injury,Moderate Injury,2024,2024,May,Friday,14:00 - 15:59,GEORGE,ST,0,Right on the spot,WOODS,RD,SOUTH WINDSOR,154.0,No,Not a school zone,T-junction,-33.626148,150.797695,Hawkesbury,Country urban,Syd-Newc-Woll Gtr conurbation,Straight,,,,Off,Sealed,Dry,Fine,Daylight,Nil,Stop sign,60 km/h,State,21,Right through,202,Opp - Right-thru,,Other angle,Light truck utility(from 2018),Pedal cycle,2,0,0,1,0,5,May,Autumn,Friday,14:00 - 15:59,Midday / afternoon,False,False,True,True
1355832,Injury,Moderate Injury,2024,2024,April,Monday,18:00 - 19:59,SHAFTESBURY,RD,0,Right on the spot,BURWOOD RSL,ENT,BURWOOD,,No,Not a school zone,2-way undivided,-33.880472,151.106464,Burwood,Sydney metro. area,Syd-Newc-Woll Gtr conurbation,Straight,Driveway/entrance,,,On,Sealed,Dry,Fine,Darkness,Nil,No traffic controls,50 km/h,Local,7,Driveway,7,Ped - driveway,,Vehicle - Pedestrian,4 wheel drive / SUV,Pedestrian,2,0,0,1,0,4,April,Autumn,Monday,18:00 - 19:59,PM peak / evening commute,True,False,True,True
1355833,Injury,Serious Injury,2024,2024,May,Wednesday,10:00 - 11:59,KALANDAR,ST,360,East,PRINCES,HWY,NOWRA,7632.0,No,Not a school zone,Divided road,-34.888141,150.608429,Shoalhaven,Country urban,Rest of NSW - Urban,Straight,Crest,,,Off,Sealed,Dry,Fine,Daylight,Nil,No traffic controls,60 km/h,Regional,48,From footpath,408,Manov - From footway,,Other angle,Motorised scooter (mob. aid),Car (sedan/hatch),2,0,1,0,0,5,May,Autumn,Wednesday,10:00 - 11:59,Midday / afternoon,False,False,True,True
1355838,Injury,Moderate Injury,2024,2024,April,Monday,12:00 - 13:59,EDMONDSON,AVE,0,Right on the spot,EIGHTH,AVE,AUSTRAL,2126.0,No,Not a school zone,X-intersection,-33.938837,150.810893,Liverpool,Sydney metro. area,Syd-Newc-Woll Gtr conurbation,Straight,,,,Off,Sealed,Dry,Fine,Daylight,Nil,Give way sign,60 km/h,Regional,10,Cross traffic,101,Adj - Cross traffic,,Right angle,Car (sedan/hatch),4 wheel drive / SUV,2,0,0,1,1,4,April,Autumn,Monday,12:00 - 13:59,Midday / afternoon,False,False,True,True
1355839,Injury,Moderate Injury,2024,2024,February,Sunday,18:00 - 19:59,HUE HUE,RD,250,South,SPARKS,RD,JILLIBY,,No,Not a school zone,2-way undivided,-33.226949,151.41508,Central Coast,Country urban,Syd-Newc-Woll Gtr conurbation,Curved,,,,Nil,Sealed,Dry,Fine,Daylight,Nil,No traffic controls,80 km/h,Local,81,Off left/rt bnd=>obj,803,Off right bend into obj,Left,Vehicle - Object,Utility,,1,0,0,1,0,2,February,Summer,Sunday,18:00 - 19:59,PM peak / evening commute,True,False,True,True
1355840,Injury,Moderate Injury,2024,2024,April,Thursday,18:00 - 19:59,TERRANORA,RD,100,South,HIGHLAND,DR,TERRANORA,,No,Not a school zone,2-way undivided,-28.242096,153.492133,Tweed,Country urban,Rest of NSW - Urban,Straight,,,,Nil,Sealed,Dry,Fine,Darkness,Nil,No traffic controls,60 km/h,Local,74,On road-out of cont.,705,Out of control on cway,,Rollover,Motorcycle,,1,0,0,1,0,4,April,Autumn,Thursday,18:00 - 19:59,PM peak / evening commute,True,False,True,True
1355842,Injury,Serious Injury,2024,2024,May,Wednesday,14:00 - 15:59,THE HORSLEY,DR,10,South,GORDON,ST,FAIRFIELD,609.0,No,Not a school zone,T-junction,-33.87744,150.965784,Fairfield,Sydney metro. area,Syd-Newc-Woll Gtr conurbation,Straight,,,,Off,Sealed,Dry,Fine,Daylight,On,No traffic controls,60 km/h,State,30,Rear end,301,Same - Rear end,,Rear end,Car (sedan/hatch),4 wheel drive / SUV,3,0,1,1,0,5,May,Autumn,Wednesday,14:00 - 15:59,Midday / afternoon,False,False,True,True
1355848,Injury,Serious Injury,2024,2024,May,Tuesday,18:00 - 19:59,YORK,RD,1000,East,DENINTEND,PL,SOUTH PENRITH,,No,Not a school zone,2-way undivided,-33.779535,150.691105,Penrith,Sydney metro. area,Syd-Newc-Woll Gtr conurbation,Straight,,,,Off,Sealed,Dry,Fine,Darkness,Nil,No traffic controls,50 km/h,Local,0,Ped nearside,1,Ped - Near side,,Vehicle - Pedestrian,Car (sedan/hatch),Pedestrian,2,0,1,0,0,5,May,Autumn,Tuesday,18:00 - 19:59,PM peak / evening commute,True,False,True,True
1355849,Injury,Serious Injury,2024,2024,June,Sunday,18:00 - 19:59,CONNEX,RD,0,Right on the spot,RYANS,RD,UMINA BEACH,,No,Not a school zone,T-junction,-33.509889,151.31205,Central Coast,Country urban,Syd-Newc-Woll Gtr conurbation,Straight,,,,On,Sealed,Dry,Fine,Darkness,Nil,Give way sign,50 km/h,Local,13,Right near,104,Adj - Right-thru from right,,Right angle,Car (sedan/hatch),Motorcycle,2,0,1,0,0,6,June,Winter,Sunday,18:00 - 19:59,PM peak / evening commute,True,False,True,True
1355851,Injury,Moderate Injury,2024,2024,May,Friday,16:00 - 17:59,MEADOWS,RD,20,South,EDENSOR,RD,CABRAMATTA WEST,7228.0,No,Not a school zone,2-way undivided,-33.891781,150.903616,Fairfield,Sydney metro. area,Syd-Newc-Woll Gtr conurbation,Straight,,,,Unknown / not stated,Sealed,Dry,Fine,Dusk,Nil,No traffic controls,60 km/h,Regional,71,Off rd left => obj,703,Left off cway into object,,Other angle,Car (sedan/hatch),Other small trailer,3,0,0,1,0,5,May,Autumn,Friday,16:00 - 17:59,PM peak / evening commute,True,False,True,True
1355853,Injury,Moderate Injury,2024,2024,May,Thursday,12:00 - 13:59,CARRINGTON,RD,0,Right on the spot,MACPHERSON,ST,RANDWICK,660.0,No,Not a school zone,X-intersection,-33.903991,151.252856,Randwick,Sydney metro. area,Syd-Newc-Woll Gtr conurbation,Straight,,,,Nil,Sealed,Dry,Fine,Daylight,On,Ped crossing,50 km/h,State,2,Ped far side,3,Ped - Far side,,Vehicle - Pedestrian,Light truck utility(from 2018),Pedestrian,2,0,0,1,0,5,May,Autumn,Thursday,12:00 - 13:59,Midday / afternoon,False,False,True,True
1355855,Injury,Moderate Injury,2024,2024,July,Monday,02:00 - 03:59,WYAN,RD,75,West,CLARKS,RD,WYAN,,No,Not a school zone,2-way undivided,-29.071992,152.881954,Richmond Valley,Country non-urban,Rest of NSW - Rural,Curved,Embankment/cutting,,,Nil,Sealed,Wet,Raining,Darkness,Nil,No traffic controls,100 km/h,Local,81,Off left/rt bnd=>obj,803,Off right bend into obj,Left,Vehicle - Object,Light truck utility(from 2018),,1,0,0,1,0,7,July,Winter,Monday,02:00 - 03:59,Late night / early morning,False,False,True,True
1355856,Injury,Serious Injury,2024,2024,March,Saturday,04:00 - 05:59,OPHIR,RD,300,North,MARTIN BIRD,LANE,ROCK FOREST,,No,Not a school zone,2-way undivided,-33.350491,149.35378,Bathurst Regional,Country non-urban,Rest of NSW - Rural,Curved,Embankment/cutting,,,Nil,Sealed,Dry,Fine,Darkness,Nil,No traffic controls,100 km/h,Local,82,Off right/right bend,801,Off cway right bend,Right,Rollover,Light truck utility(from 2018),,1,0,1,1,0,3,March,Autumn,Saturday,04:00 - 05:59,Late night / early morning,False,False,True,True
1355857,Injury,Serious Injury,2024,2024,February,Tuesday,16:00 - 17:59,BOTANY,RD,0,Right on the spot,COWARD,ST,MASCOT,170.0,No,Not a school zone,X-intersection,-33.925531,151.195439,Bayside,Sydney metro. area,Syd-Newc-Woll Gtr conurbation,Straight,,,,Off,Sealed,Dry,Fine,Daylight,On,No traffic controls,50 km/h,State,21,Right through,202,Opp - Right-thru,,Other angle,4 wheel drive / SUV,Motor scooter,2,0,1,0,0,2,February,Summer,Tuesday,16:00 - 17:59,PM peak / evening commute,True,False,True,True
1355860,Injury,Minor/Other Injury,2024,2024,May,Tuesday,04:00 - 05:59,GLENREAGH,ST,0,Right on the spot,HARBOUR,DR,COFFS HARBOUR,,No,Not a school zone,T-junction,-30.302697,153.123204,Coffs Harbour,Country urban,Rest of NSW - Urban,Straight,,,,On,Sealed,Wet,Raining,Dawn,Nil,Give way sign,50 km/h,Local,10,Cross traffic,101,Adj - Cross traffic,,Right angle,Car (sedan/hatch),Car (sedan/hatch),2,0,0,0,1,5,May,Autumn,Tuesday,04:00 - 05:59,Late night / early morning,False,False,True,True
1355861,Injury,Minor/Other Injury,2024,2024,June,Tuesday,08:00 - 09:59,LAKE,RD,0,Right on the spot,DORRIGO,ST,WALLSEND,217.0,No,Not a school zone,T-junction,-32.911453,151.662891,Newcastle,Newcastle met. area,Syd-Newc-Woll Gtr conurbation,Straight,Steep grade,,,Unknown / not stated,Sealed,Dry,Fine,Daylight,Nil,Give way sign,70 km/h,State,21,Right through,202,Opp - Right-thru,,Other angle,Car (sedan/hatch),Car (sedan/hatch),2,0,0,0,1,6,June,Winter,Tuesday,08:00 - 09:59,AM peak / school commute,True,False,True,True
1355866,Injury,Serious Injury,2024,2024,June,Monday,12:00 - 13:59,FORTH,ST,0,Right on the spot,SMITH,ST,KEMPSEY,,No,Not a school zone,X-intersection,-31.078711,152.842265,Kempsey,Country urban,Rest of NSW - Urban,Straight,,,,Off,Sealed,Dry,Fine,Daylight,On,No traffic controls,50 km/h,Local,12,Left far,103,Adj - Left-thru from left,,Right angle,4 wheel drive / SUV,Light truck utility(from 2018),3,0,1,1,0,6,June,Winter,Monday,12:00 - 13:59,Midday / afternoon,False,False,True,True
1355867,Injury,Minor/Other Injury,2024,2024,June,Monday,14:00 - 15:59,GENERAL HOLMES,DR,400,East,SOUTH WESTERN EXPRESSWAY,TO,MASCOT,194.0,No,Not a school zone,Divided road,-33.94594,151.177002,Bayside,Sydney metro. area,Syd-Newc-Woll Gtr conurbation,Straight,Underpass/tunnel,,,Unknown / not stated,Sealed,Wet,Fine,Daylight,Nil,No traffic controls,70 km/h,State,30,Rear end,301,Same - Rear end,,Rear end,Car (sedan/hatch),Station wagon,3,0,0,0,1,6,June,Winter,Monday,14:00 - 15:59,Midday / afternoon,False,False,True,True
1355868,Injury,Moderate Injury,2024,2024,June,Friday,08:00 - 09:59,DUNN,RD,0,Right on the spot,TURNER,RD,GREGORY HILLS,,No,Not a school zone,X-intersection,-34.028616,150.758611,Camden,Sydney metro. area,Syd-Newc-Woll Gtr conurbation,Straight,,,,Unknown / not stated,Sealed,Dry,Fine,Daylight,Nil,Stop sign,60 km/h,Local,10,Cross traffic,101,Adj - Cross traffic,,Right angle,Car (sedan/hatch),4 wheel drive / SUV,2,0,0,1,0,6,June,Winter,Friday,08:00 - 09:59,AM peak / school commute,True,False,True,True
1355870,Injury,Moderate Injury,2024,2024,June,Tuesday,08:00 - 09:59,BEAUMONT,ST,0,Right on the spot,BEAUMONT,ST,HAMILTON SOUTH,,No,Not a school zone,Roundabout,-32.93156,151.745339,Newcastle,Newcastle met. area,Syd-Newc-Woll Gtr conurbation,Straight,,,,Nil,Sealed,Dry,Fine,Daylight,Nil,Give way sign,50 km/h,Local,10,Cross traffic,101,Adj - Cross traffic,,Right angle,Light truck,Pedal cycle,2,0,0,1,0,6,June,Winter,Tuesday,08:00 - 09:59,AM peak / school commute,True,False,True,True
1355876,Injury,Serious Injury,2024,2024,February,Tuesday,12:00 - 13:59,ELIZABETH,DR,999999,Unknown/not stated,UNKNOWN,UK,LUDDENHAM,535.0,No,Not a school zone,2-way undivided,-33.864973,150.709966,Penrith,Sydney metro. area,Syd-Newc-Woll Gtr conurbation,Curved,Ditch/drain/culvert,,,Off,Sealed,Wet,Raining,Daylight,Nil,No traffic controls,80 km/h,State,80,Off left/right bend,801,Off cway right bend,Left,Rollover,Light truck,,1,0,1,0,0,2,February,Summer,Tuesday,12:00 - 13:59,Midday / afternoon,False,False,True,True
1355877,Injury,Moderate Injury,2024,2024,June,Saturday,18:00 - 19:59,GREENHILLS,DR,0,Right on the spot,MILE END,DR,ROUSE HILL,,No,Not a school zone,Roundabout,-33.68183,150.921045,The Hills,Sydney metro. area,Syd-Newc-Woll Gtr conurbation,Curved,,,,On,Sealed,Dry,Overcast,Darkness,Nil,Give way sign,50 km/h,Local,10,Cross traffic,101,Adj - Cross traffic,,Right angle,Car (sedan/hatch),4 wheel drive / SUV,2,0,0,1,0,6,June,Winter,Saturday,18:00 - 19:59,PM peak / evening commute,True,False,True,True
1355878,Injury,Moderate Injury,2024,2024,June,Thursday,06:00 - 07:59,ILLAWARRA,RD,0,Right on the spot,PETERSHAM,RD,MARRICKVILLE,2021.0,No,Not a school zone,T-junction,-33.912709,151.15405,Inner West,Sydney metro. area,Syd-Newc-Woll Gtr conurbation,Straight,,,,Nil,Sealed,Dry,Fine,Daylight,On,No traffic controls,50 km/h,Regional,13,Right near,104,Adj - Right-thru from right,,Right angle,Motorcycle,4 wheel drive / SUV,2,0,0,1,0,6,June,Winter,Thursday,06:00 - 07:59,AM peak / school commute,True,False,True,True
1355879,Injury,Moderate Injury,2024,2024,June,Saturday,18:00 - 19:59,SPAINS,LANE,500,East,GOWRIE,RD,WARRAL,,No,Not a school zone,2-way undivided,-31.159923,150.879565,Tamworth Regional,Country non-urban,Rest of NSW - Rural,Straight,Embankment/cutting,,,Nil,Unsealed,Dry,Fine,Darkness,Nil,No traffic controls,100 km/h,Local,71,Off rd left => obj,703,Left off cway into object,,Vehicle - Object,4 wheel drive / SUV,,1,0,0,1,0,6,June,Winter,Saturday,18:00 - 19:59,PM peak / evening commute,True,False,True,True
1355880,Injury,Moderate Injury,2024,2024,June,Tuesday,18:00 - 19:59,CANLEY VALE,RD,0,Right on the spot,BURDETT,ST,CANLEY HEIGHTS,7224.0,No,Not a school zone,X-intersection,-33.885013,150.933801,Fairfield,Sydney metro. area,Syd-Newc-Woll Gtr conurbation,Straight,,,,Off,Sealed,Dry,Fine,Darkness,Nil,No traffic controls,60 km/h,Regional,83,Off rt/rt bnd=>obj,707,Right turn,Right,Vehicle - Object,Light truck,,1,0,0,1,0,6,June,Winter,Tuesday,18:00 - 19:59,PM peak / evening commute,True,False,True,True
1355883,Injury,Moderate Injury,2024,2024,January,Tuesday,06:00 - 07:59,MID WESTERN,HWY,2300,West,JACKSONS,LANE,NORTH YALGOGRIN,6.0,No,Not a school zone,2-way undivided,-33.851529,146.87648,Bland,Country non-urban,Rest of NSW - Rural,Straight,Ditch/drain/culvert,,,Nil,Sealed,Dry,Overcast,Daylight,Nil,No traffic controls,100 km/h,State,71,Off rd left => obj,703,Left off cway into object,,Vehicle - Object,Light truck utility(from 2018),,1,0,0,1,0,1,January,Summer,Tuesday,06:00 - 07:59,AM peak / school commute,True,False,True,True
1355887,Injury,Minor/Other Injury,2024,2024,March,Friday,08:00 - 09:59,REMEMBRANCE,DVWY,0,Right on the spot,BARGO PETROLEUM,ENT,BARGO,620.0,No,Not a school zone,2-way undivided,-34.255222,150.57425,Wollondilly,Country urban,Syd-Newc-Woll Gtr conurbation,Straight,Driveway/entrance,,,Off,Sealed,Dry,Fine,Daylight,Nil,No traffic controls,80 km/h,Regional,21,Right through,202,Opp - Right-thru,,Other angle,Car (sedan/hatch),4 wheel drive / SUV,2,0,0,0,1,3,March,Autumn,Friday,08:00 - 09:59,AM peak / school commute,True,False,True,True
1355888,Injury,Serious Injury,2024,2024,June,Thursday,20:00 - 21:59,WARRINGAH,RD,0,Right on the spot,DARLEY,ST,FORESTVILLE,328.0,No,Not a school zone,T-junction,-33.760454,151.214373,Northern Beaches,Sydney metro. area,Syd-Newc-Woll Gtr conurbation,Straight,,,,On,Sealed,Dry,Fine,Darkness,On,No traffic controls,70 km/h,State,21,Right through,202,Opp - Right-thru,,Other angle,Motorcycle,Car (sedan/hatch),2,0,1,0,0,6,June,Winter,Thursday,20:00 - 21:59,Evening / night,False,False,True,True
1355892,Injury,Moderate Injury,2024,2024,April,Monday,14:00 - 15:59,BYANGUM,RD,15,West,SPRING,ST,MURWILLUMBAH,,No,Not a school zone,2-way undivided,-28.330218,153.387784,Tweed,Country urban,Rest of NSW - Urban,Curved,Painted double centre lines,,,Nil,Sealed,Wet,Overcast,Daylight,Nil,No traffic controls,50 km/h,Local,20,Head on,201,Opp - Head on,,Head-on,Car (sedan/hatch),Light truck utility(from 2018),2,0,0,2,0,4,April,Autumn,Monday,14:00 - 15:59,Midday / afternoon,False,False,True,True