crash_id,degree_of_crash,degree_of_crash_-_detailed,reporting_year,year_of_crash,month_of_crash,day_of_week_of_crash,two-hour_intervals,street_of_crash,street_type,distance,direction,identifying_feature,identifying_feature_type,town,route_no.,school_zone_location,school_zone_active,type_of_location,latitude,longitude,lga,urbanisation,conurbation_1,alignment,primary_permanent_feature,primary_temporary_feature,primary_hazardous_feature,street_lighting,road_surface,surface_condition,weather,natural_lighting,signals_operation,other_traffic_control,speed_limit,road_classification_(admin),rum_-_code,rum_-_description,dca_-_code,dca_-_description,dca_supplement,first_impact_type,key_tu_type,other_tu_type,no._of_traffic_units_involved,no._killed,no._seriously_injured,no._moderately_injured,no._minor-other_injured,month_num,month_label,season,day_label,time_label,time_band,is_peak_commute,is_fatal,is_injury,is_casualty
1355897,Injury,Moderate Injury,2024,2024,February,Wednesday,08:00 - 09:59,PYRMONT BRIDGE,RD,0,Right on the spot,UNION,ST,PYRMONT,,No,Not a school zone,T-junction,-33.86999,151.197201,Sydney,Sydney metro. area,Syd-Newc-Woll Gtr conurbation,Curved,Steep grade,,,Nil,Sealed,Dry,Fine,Daylight,Nil,Ped crossing,40 km/h,Local,10,Cross traffic,101,Adj - Cross traffic,,Right angle,Pedal cycle,Pedal cycle,2,0,0,1,1,2,February,Summer,Wednesday,08:00 - 09:59,AM peak / school commute,True,False,True,True
1355898,Injury,Moderate Injury,2024,2024,April,Sunday,04:00 - 05:59,GREENOAKS,AVE,0,Right on the spot,NUMBER 27,HN,DARLING POINT,,No,Not a school zone,2-way undivided,-33.876938,151.237989,Woollahra,Sydney metro. area,Syd-Newc-Woll Gtr conurbation,Curved,Steep grade,,,On,Sealed,Dry,Fine,Darkness,Nil,No traffic controls,50 km/h,Local,81,Off left/rt bnd=>obj,803,Off right bend into obj,Left,Vehicle - Object,Station wagon,,1,0,0,3,1,4,April,Autumn,Sunday,04:00 - 05:59,Late night / early morning,False,False,True,True
1355900,Injury,Moderate Injury,2024,2024,April,Saturday,20:00 - 21:59,WEST,ST,10,South,THOMAS,ST,LEWISHAM,7084.0,No,Not a school zone,T-junction,-33.890757,151.148957,Inner West,Sydney metro. area,Syd-Newc-Woll Gtr conurbation,Curved,,,,On,Sealed,Dry,Fine,Darkness,Nil,Ped crossing,60 km/h,Regional,0,Ped nearside,1,Ped - Near side,,Vehicle - Pedestrian,Car (sedan/hatch),Pedestrian,2,0,0,1,0,4,April,Autumn,Saturday,20:00 - 21:59,Evening / night,False,False,True,True
1355907,Injury,Moderate Injury,2024,2024,July,Wednesday,14:00 - 15:59,TOMKI TATHAM,RD,440,South,TATHAM,RD,TATHAM,,No,Not a school zone,2-way undivided,-28.918338,153.179106,Richmond Valley,Country non-urban,Rest of NSW - Rural,Curved,,,Slippery surface,Nil,Sealed,Wet,Raining,Daylight,Nil,No traffic controls,100 km/h,Local,20,Head on,201,Opp - Head on,,Head-on,Car (sedan/hatch),Light truck utility(from 2018),2,0,0,1,1,7,July,Winter,Wednesday,14:00 - 15:59,Midday / afternoon,False,False,True,True
1355912,Injury,Serious Injury,2024,2024,May,Thursday,06:00 - 07:59,PRAIRIE VALE,RD,0,Right on the spot,SARTOR,CRES,BOSSLEY PARK,,No,Not a school zone,T-junction,-33.866156,150.88342,Fairfield,Sydney metro. area,Syd-Newc-Woll Gtr conurbation,Straight,Painted double centre lines,,Potholes/corrugations/rough,Nil,Sealed,Wet,Fine,Daylight,Nil,No traffic controls,50 km/h,Local,20,Head on,201,Opp - Head on,,Head-on,Car (sedan/hatch),4 wheel drive / SUV,2,0,1,1,0,5,May,Autumn,Thursday,06:00 - 07:59,AM peak / school commute,True,False,True,True
1355914,Injury,Moderate Injury,2024,2024,May,Friday,04:00 - 05:59,CHAPMAN,RD,175,South,PORTOBELLO,ST,VINEYARD,,No,Not a school zone,2-way undivided,-33.643764,150.862901,Hawkesbury,Country urban,Syd-Newc-Woll Gtr conurbation,Curved,,,Potholes/corrugations/rough,Nil,Sealed,Wet,Fog or mist,Darkness,Nil,No traffic controls,60 km/h,Local,81,Off left/rt bnd=>obj,803,Off right bend into obj,Left,Vehicle - Object,Car (sedan/hatch),,1,0,0,1,0,5,May,Autumn,Friday,04:00 - 05:59,Late night / early morning,False,False,True,True
1355915,Injury,Moderate Injury,2024,2024,June,Monday,06:00 - 07:59,ALPINE,WAY,7000,West,BULLOCKS,DR,JACOBS RIVER,677.0,No,Not a school zone,2-way undivided,-36.462017,148.38246,Snowy Monaro Regional,Country urban,Rest of NSW - Urban,Curved,,,,Nil,Sealed,Snow or ice,Fine,Dawn,Nil,No traffic controls,80 km/h,State,81,Off left/rt bnd=>obj,803,Off right bend into obj,Left,Vehicle - Object,Car (sedan/hatch),,1,0,0,1,0,6,June,Winter,Monday,06:00 - 07:59,AM peak / school commute,True,False,True,True
1355917,Injury,Moderate Injury,2024,2024,June,Friday,12:00 - 13:59,MOOLAH TRIDA,RD,100000,South,THE WOOL TRACK,MS,IVANHOE,,No,Not a school zone,2-way undivided,-32.95753,144.981981,Central Darling,Country non-urban,Rest of NSW - Rural,Straight,,,,Unknown / not stated,Unsealed,Dry,Overcast,Daylight,Nil,No traffic controls,100 km/h,Local,74,On road-out of cont.,705,Out of control on cway,,Rollover,Motorcycle,,1,0,0,1,0,6,June,Winter,Friday,12:00 - 13:59,Midday / afternoon,False,False,True,True
1355922,Injury,Minor/Other Injury,2024,2024,April,Wednesday,06:00 - 07:59,HINTERLAND,WAY,0,Right on the spot,MYOCUM,RD,EWINGSDALE,65.0,No,Not a school zone,Roundabout,-28.636009,153.547407,Byron,Country urban,Rest of NSW - Urban,Straight,,,,Nil,Sealed,Dry,Fine,Daylight,Nil,Give way sign,60 km/h,State,11,Right far,102,Adj - Right-thru from left,,Right angle,Pedal cycle,Car (sedan/hatch),2,0,0,0,1,4,April,Autumn,Wednesday,06:00 - 07:59,AM peak / school commute,True,False,True,True
1355925,Injury,Serious Injury,2024,2024,June,Wednesday,Unknown,SMITH,ST,0,Right on the spot,STUART,ST,KEMPSEY,,No,Not a school zone,X-intersection,-31.077537,152.842659,Kempsey,Country urban,Rest of NSW - Urban,Straight,Driveway/entrance,,,Off,Sealed,Dry,Fine,Daylight,On,No traffic controls,50 km/h,Regional,47,Emerging from drive,406,Manov - Emerging from driveway,,Right angle,Car (sedan/hatch),Car (sedan/hatch),2,0,1,0,0,6,June,Winter,Wednesday,Unknown,Unknown,False,False,True,True
1355927,Injury,Serious Injury,2024,2024,February,Tuesday,08:00 - 09:59,BYLONG VALLEY,WAY,500,East,QUARRY,RD,KANDOS,215.0,No,Not a school zone,2-way undivided,-32.875944,149.948014,Mid-Western Regional,Country non-urban,Rest of NSW - Rural,Curved,Steep grade,,,Nil,Sealed,Wet,Overcast,Daylight,Nil,No traffic controls,90 km/h,Regional,33,Lane sideswipe,305,Same - Lane side swipe,,Other angle,Motorcycle,Motorcycle,2,0,1,0,1,2,February,Summer,Tuesday,08:00 - 09:59,AM peak / school commute,True,False,True,True
1355928,Injury,Serious Injury,2024,2024,June,Sunday,12:00 - 13:59,BURNE,AVE,0,Right on the spot,NUMBER 12,HN,DEE WHY,,No,Not a school zone,2-way undivided,-33.754002,151.281955,Northern Beaches,Sydney metro. area,Syd-Newc-Woll Gtr conurbation,Curved,,,,Nil,Sealed,Wet,Raining,Daylight,Nil,No traffic controls,50 km/h,Local,87,Off lft/lft bnd=>obj,804,Off left bend into obj,Left,Other angle,Car (sedan/hatch),4 wheel drive / SUV,2,0,1,0,0,6,June,Winter,Sunday,12:00 - 13:59,Midday / afternoon,False,False,True,True
1355929,Injury,Serious Injury,2024,2024,February,Monday,14:00 - 15:59,HUME,HWY,1000,North,BERREMANGRA,RD,BERREMANGRA,2.0,No,Not a school zone,Divided road,-34.802741,148.492131,Hilltops,Country non-urban,Rest of NSW - Rural,Straight,Steep grade,,,Nil,Sealed,Dry,Fine,Daylight,Nil,No traffic controls,110 km/h,State,71,Off rd left => obj,703,Left off cway into object,,Vehicle - Object,Car (sedan/hatch),,1,0,1,0,0,2,February,Summer,Monday,14:00 - 15:59,Midday / afternoon,False,False,True,True
1355930,Injury,Moderate Injury,2024,2024,July,Monday,08:00 - 09:59,SHELLEY,RD,0,Right on the spot,SHELLEY,RD,MORUYA,,No,Not a school zone,T-junction,-35.875612,150.085757,Eurobodalla,Country urban,Rest of NSW - Urban,Curved,,,,Unknown / not stated,Sealed,Dry,Fine,Daylight,Nil,No traffic controls,50 km/h,Local,21,Right through,202,Opp - Right-thru,,Other angle,Car (sedan/hatch),Light truck utility(from 2018),2,0,0,1,0,7,July,Winter,Monday,08:00 - 09:59,AM peak / school commute,True,False,True,True
1355933,Injury,Serious Injury,2024,2024,June,Saturday,20:00 - 21:59,CANTERBURY,RD,30,East,CLARIBEL,ST,BANKSTOWN,167.0,No,Not a school zone,Divided road,-33.934878,151.024866,Canterbury-Bankstown,Sydney metro. area,Syd-Newc-Woll Gtr conurbation,Straight,,,,On,Sealed,Wet,Raining,Darkness,Nil,No traffic controls,60 km/h,State,33,Lane sideswipe,305,Same - Lane side swipe,,Other angle,4 wheel drive / SUV,Light truck utility(from 2018),2,0,1,0,0,6,June,Winter,Saturday,20:00 - 21:59,Evening / night,False,False,True,True
1355934,Injury,Moderate Injury,2024,2024,June,Sunday,12:00 - 13:59,GREAT WESTERN,HWY,0,Right on the spot,GREYSTANES,RD,GIRRAWEEN,5.0,No,Not a school zone,T-junction,-33.808271,150.937209,Cumberland,Sydney metro. area,Syd-Newc-Woll Gtr conurbation,Straight,,,,Off,Sealed,Wet,Raining,Daylight,On,No traffic controls,80 km/h,State,30,Rear end,301,Same - Rear end,,Rear end,Light truck utility(from 2018),Car (sedan/hatch),2,0,0,1,0,6,June,Winter,Sunday,12:00 - 13:59,Midday / afternoon,False,False,True,True
1355935,Injury,Minor/Other Injury,2024,2024,May,Thursday,22:00 - Midnight,BOURKE,ST,0,Right on the spot,LACHLAN,ST,WATERLOO,528.0,No,Not a school zone,T-junction,-33.900239,151.210311,Sydney,Sydney metro. area,Syd-Newc-Woll Gtr conurbation,Straight,,,,Unknown / not stated,Sealed,Dry,Fine,Darkness,On,Ped crossing,50 km/h,State,32,Right rear,303,Same - Rear right,,Rear end,4 wheel drive / SUV,Motorcycle,2,0,0,0,1,5,May,Autumn,Thursday,22:00 - Midnight,Evening / night,False,False,True,True
1355936,Injury,Moderate Injury,2024,2024,May,Wednesday,06:00 - 07:59,MCEVOY,ST,0,Right on the spot,WYNDHAM,ST,ALEXANDRIA,528.0,No,Not a school zone,X-intersection,-33.901753,151.200142,Sydney,Sydney metro. area,Syd-Newc-Woll Gtr conurbation,Straight,Foot/cycle path/nature strip,,,Off,Sealed,Dry,Fine,Daylight,On,No traffic controls,50 km/h,State,48,From footpath,408,Manov - From footway,,Other angle,Pedal cycle,Unknown motor vehicle,2,0,0,1,0,5,May,Autumn,Wednesday,06:00 - 07:59,AM peak / school commute,True,False,True,True
1355938,Injury,Serious Injury,2024,2024,April,Friday,08:00 - 09:59,ADDISON,RD,0,Right on the spot,STUART,ST,MANLY,,No,Not a school zone,X-intersection,-33.804672,151.286033,Northern Beaches,Sydney metro. area,Syd-Newc-Woll Gtr conurbation,Straight,,Roadwks/Detour/Diverson,,Off,Sealed,Dry,Fine,Daylight,Nil,Stop sign,50 km/h,Local,73,Off rd rght => obj,704,Right off cway into obj,,Vehicle - Object,Car (sedan/hatch),,1,0,1,0,0,4,April,Autumn,Friday,08:00 - 09:59,AM peak / school commute,True,False,True,True
1355940,Injury,Moderate Injury,2024,2024,July,Monday,12:00 - 13:59,AUBREY,ST,0,Right on the spot,BLAXCELL,ST,SOUTH GRANVILLE,,No,Not a school zone,T-junction,-33.850438,151.008629,Cumberland,Sydney metro. area,Syd-Newc-Woll Gtr conurbation,Straight,,,,Unknown / not stated,Sealed,Dry,Fine,Daylight,Nil,No traffic controls,50 km/h,Local,21,Right through,202,Opp - Right-thru,,Other angle,Car (sedan/hatch),Light truck utility(from 2018),2,0,0,1,0,7,July,Winter,Monday,12:00 - 13:59,Midday / afternoon,False,False,True,True
1355941,Injury,Minor/Other Injury,2024,2024,June,Sunday,10:00 - 11:59,AVOCA,ST,0,Right on the spot,DARLEY,RD,RANDWICK,7330.0,No,Not a school zone,X-intersection,-33.902835,151.244823,Randwick,Sydney metro. area,Syd-Newc-Woll Gtr conurbation,Straight,,,,Unknown / not stated,Sealed,Dry,Fine,Daylight,On,No traffic controls,50 km/h,Regional,30,Rear end,301,Same - Rear end,,Rear end,Car (sedan/hatch),4 wheel drive / SUV,2,0,0,0,1,6,June,Winter,Sunday,10:00 - 11:59,Midday / afternoon,False,False,True,True
1355942,Injury,Moderate Injury,2024,2024,June,Saturday,22:00 - Midnight,RYAN,ST,0,Right on the spot,KELLY,ST,SOUTH GRAFTON,74.0,No,Not a school zone,T-junction,-29.70882,152.940924,Clarence Valley,Country urban,Rest of NSW - Urban,Straight,,,,On,Sealed,Wet,Raining,Darkness,Nil,No traffic controls,50 km/h,Regional,71,Off rd left => obj,703,Left off cway into object,,Vehicle - Object,Station wagon,,1,0,0,1,0,6,June,Winter,Saturday,22:00 - Midnight,Evening / night,False,False,True,True
1355943,Injury,Moderate Injury,2024,2024,May,Monday,06:00 - 07:59,SNOWY MOUNTAINS,HWY,600,East,PACKERS SWAMP,RD,BEMBOKA,4.0,No,Not a school zone,2-way undivided,-36.620791,149.415804,Bega Valley,Country non-urban,Rest of NSW - Rural,Straight,Steep grade,,,Nil,Sealed,Wet,Fog or mist,Dawn,Nil,No traffic controls,100 km/h,State,67,Struck animal,609,On path - Hit animal,,Vehicle - Animal,Light truck utility(from 2018),,2,0,0,1,0,5,May,Autumn,Monday,06:00 - 07:59,AM peak / school commute,True,False,True,True
1355947,Injury,Minor/Other Injury,2024,2024,June,Friday,14:00 - 15:59,TERRIGAL,DR,50,East,CENTRAL COAST,HWY,ERINA,505.0,No,Not a school zone,Divided road,-33.433916,151.390545,Central Coast,Country urban,Syd-Newc-Woll Gtr conurbation,Straight,Steep grade,,,Off,Sealed,Dry,Fine,Daylight,Nil,No traffic controls,60 km/h,State,30,Rear end,301,Same - Rear end,,Rear end,Station wagon,Car (sedan/hatch),2,0,0,0,1,6,June,Winter,Friday,14:00 - 15:59,Midday / afternoon,False,False,True,True
1355949,Injury,Minor/Other Injury,2024,2024,May,Monday,08:00 - 09:59,RIVER,ST,0,Right on the spot,BAGOT,ST,BALLINA,695.0,No,Not a school zone,T-junction,-28.865451,153.548444,Ballina,Country urban,Rest of NSW - Urban,Straight,,,,Unknown / not stated,Sealed,Dry,Fine,Daylight,Nil,Give way sign,60 km/h,Regional,30,Rear end,301,Same - Rear end,,Rear end,Large rigid,4 wheel drive / SUV,2,0,0,0,1,5,May,Autumn,Monday,08:00 - 09:59,AM peak / school commute,True,False,True,True
1355950,Injury,Minor/Other Injury,2024,2024,June,Wednesday,14:00 - 15:59,PEEL,ST,10,South,DARLING,ST,TAMWORTH,63.0,No,Not a school zone,Roundabout,-31.087033,150.926459,Tamworth Regional,Country urban,Rest of NSW - Urban,Straight,,,,Unknown / not stated,Sealed,Dry,Fine,Daylight,Nil,Give way sign,40 km/h,State,30,Rear end,301,Same - Rear end,,Rear end,4 wheel drive / SUV,4 wheel drive / SUV,2,0,0,0,1,6,June,Winter,Wednesday,14:00 - 15:59,Midday / afternoon,False,False,True,True
1355953,Injury,Moderate Injury,2024,2024,April,Wednesday,18:00 - 19:59,CANTERBURY,RD,0,Right on the spot,FERGUSON,AVE,WILEY PARK,167.0,No,Not a school zone,X-intersection,-33.930026,151.069647,Canterbury-Bankstown,Sydney metro. area,Syd-Newc-Woll Gtr conurbation,Straight,,,,On,Sealed,Unknown,Unknown,Darkness,Nil,Give way sign,60 km/h,State,30,Rear end,301,Same - Rear end,,Rear end,4 wheel drive / SUV,Station wagon,2,0,0,1,0,4,April,Autumn,Wednesday,18:00 - 19:59,PM peak / evening commute,True,False,True,True
1355954,Injury,Serious Injury,2024,2024,May,Friday,16:00 - 17:59,KANANGRA,DR,20,North,PARRAWEENA,RD,GWANDALAN,,No,Not a school zone,2-way undivided,-33.145534,151.580132,Central Coast,Country urban,Syd-Newc-Woll Gtr conurbation,Curved,,,,On,Sealed,Dry,Fine,Darkness,Nil,No traffic controls,60 km/h,Local,81,Off left/rt bnd=>obj,803,Off right bend into obj,Left,Vehicle - Object,Car (sedan/hatch),,1,0,1,0,0,5,May,Autumn,Friday,16:00 - 17:59,PM peak / evening commute,True,False,True,True
1355955,Injury,Serious Injury,2024,2024,June,Thursday,10:00 - 11:59,MILITARY,RD,0,Right on the spot,RAGLAN,ST,MOSMAN,2108.0,No,Not a school zone,X-intersection,-33.831015,151.244293,Mosman,Sydney metro. area,Syd-Newc-Woll Gtr conurbation,Straight,,,,Off,Sealed,Dry,Fine,Daylight,On,No traffic controls,50 km/h,Regional,0,Ped nearside,1,Ped - Near side,,Vehicle - Pedestrian,Light truck,Pedestrian,2,0,1,0,0,6,June,Winter,Thursday,10:00 - 11:59,Midday / afternoon,False,False,True,True
1355957,Injury,Serious Injury,2024,2024,June,Wednesday,10:00 - 11:59,RICHMOND,RD,0,Right on the spot,LYTON,ST,BLACKTOWN,643.0,Yes,No,T-junction,-33.757621,150.894542,Blacktown,Sydney metro. area,Syd-Newc-Woll Gtr conurbation,Straight,,,,Off,Sealed,Dry,Fine,Daylight,On,Ped crossing,60 km/h,State,0,Ped nearside,1,Ped - Near side,,Vehicle - Pedestrian,Car (sedan/hatch),Ped in toy vehicle,2,0,1,0,0,6,June,Winter,Wednesday,10:00 - 11:59,Midday / afternoon,False,False,True,True
1355959,Injury,Moderate Injury,2024,2024,March,Tuesday,22:00 - Midnight,BROCKS SKYLINE,MS,200,East,MCPILLAMY PARK,ENT,MOUNT PANORAMA,,No,Not a school zone,2-way undivided,-33.455685,149.550276,Bathurst Regional,Country urban,Rest of NSW - Urban,Straight,,,,Nil,Sealed,Dry,Fine,Darkness,Nil,No traffic controls,60 km/h,Local,30,Rear end,301,Same - Rear end,,Rear end,Light truck utility(from 2018),Car (sedan/hatch),2,0,0,1,0,3,March,Autumn,Tuesday,22:00 - Midnight,Evening / night,False,False,True,True
1355960,Injury,Serious Injury,2024,2024,June,Saturday,18:00 - 19:59,AIRDS,RD,200,South,AIRDS,RD,MINTO,,No,Not a school zone,2-way undivided,-34.039237,150.831449,Campbelltown,Sydney metro. area,Syd-Newc-Woll Gtr conurbation,Straight,,,,Nil,Sealed,Wet,Raining,Darkness,Nil,No traffic controls,60 km/h,Local,34,Lane change right,306,Same - Lane change right,,Other angle,Car (sedan/hatch),Car (sedan/hatch),3,0,1,1,1,6,June,Winter,Saturday,18:00 - 19:59,PM peak / evening commute,True,False,True,True
1355961,Injury,Moderate Injury,2024,2024,June,Saturday,14:00 - 15:59,PACIFIC,HWY,0,Right on the spot,ARGYLE,AVE,NARARA,10.0,No,Not a school zone,T-junction,-33.3936,151.350031,Central Coast,Country urban,Syd-Newc-Woll Gtr conurbation,Straight,Steep grade,,,Nil,Sealed,Wet,Fine,Daylight,Nil,No traffic controls,60 km/h,State,32,Right rear,303,Same - Rear right,,Rear end,4 wheel drive / SUV,Car (sedan/hatch),2,0,0,1,0,6,June,Winter,Saturday,14:00 - 15:59,Midday / afternoon,False,False,True,True
1355962,Injury,Minor/Other Injury,2024,2024,June,Friday,16:00 - 17:59,PRINCES,HWY,0,Right on the spot,TONGARRA,RD,ALBION PARK RAIL,1.0,No,Not a school zone,T-junction,-34.568024,150.803086,Shellharbour,Wollongong met. area,Syd-Newc-Woll Gtr conurbation,Curved,,,,Unknown / not stated,Sealed,Dry,Fine,Daylight,On,No traffic controls,60 km/h,State,49,Other manoeuvring,400,Manov - other,,Other angle,Car (sedan/hatch),Car (sedan/hatch),2,0,0,0,1,6,June,Winter,Friday,16:00 - 17:59,PM peak / evening commute,True,False,True,True
1355964,Injury,Minor/Other Injury,2024,2024,June,Friday,10:00 - 11:59,BELAR,AVE,0,Right on the spot,CARAWATHA,ST,VILLAWOOD,,Yes,No,L-junction,-33.889833,150.975852,Canterbury-Bankstown,Sydney metro. area,Syd-Newc-Woll Gtr conurbation,Curved,,,,Unknown / not stated,Sealed,Dry,Fine,Daylight,Nil,No traffic controls,50 km/h,Local,30,Rear end,301,Same - Rear end,,Rear end,Car (sedan/hatch),Car (sedan/hatch),2,0,0,0,1,6,June,Winter,Friday,10:00 - 11:59,Midday / afternoon,False,False,True,True
1355969,Injury,Serious Injury,2024,2024,March,Saturday,22:00 - Midnight,WATAGAN FOREST,RD,3000,North,MARTINSVILLE HILL,RD,MARTINSVILLE,,No,Not a school zone,2-way undivided,-33.066673,151.332091,Central Coast,Country non-urban,Syd-Newc-Woll Gtr conurbation,Curved,Embankment/cutting,,,Nil,Unsealed,Wet,Raining,Darkness,Nil,No traffic controls,100 km/h,Local,81,Off left/rt bnd=>obj,803,Off right bend into obj,Left,Vehicle - Object,Light truck utility(from 2018),,1,0,1,0,1,3,March,Autumn,Saturday,22:00 - Midnight,Evening / night,False,False,True,True
1355974,Injury,Serious Injury,2024,2024,May,Sunday,12:00 - 13:59,ILLAWARRA,HWY,200,South,TOURIST,RD,ROBERTSON,25.0,No,Not a school zone,2-way undivided,-34.562456,150.623424,Wingecarribee,Country urban,Rest of NSW - Urban,Curved,Embankment/cutting,,,Nil,Sealed,Dry,Fine,Daylight,Nil,No traffic controls,60 km/h,State,81,Off left/rt bnd=>obj,803,Off right bend into obj,Left,Vehicle - Object,Motorcycle,,1,0,1,0,0,5,May,Autumn,Sunday,12:00 - 13:59,Midday / afternoon,False,False,True,True
1355975,Injury,Moderate Injury,2024,2024,June,Thursday,12:00 - 13:59,BOUNDARY,ST,0,Right on the spot,DARLING,ST,ROSEVILLE,328.0,No,Not a school zone,T-junction,-33.785392,151.185872,Ku-ring-gai,Sydney metro. area,Syd-Newc-Woll Gtr conurbation,Straight,,,,Unknown / not stated,Sealed,Dry,Fine,Daylight,Nil,No traffic controls,60 km/h,State,32,Right rear,303,Same - Rear right,,Rear end,Car (sedan/hatch),4 wheel drive / SUV,2,0,0,1,1,6,June,Winter,Thursday,12:00 - 13:59,Midday / afternoon,False,False,True,True
1355976,Injury,Moderate Injury,2024,2024,March,Wednesday,20:00 - 21:59,TWEED COAST,RD,300,South,PHILIP,ST,POTTSVILLE,,No,Not a school zone,2-way undivided,-28.39311,153.567213,Tweed,Country urban,Rest of NSW - Urban,Curved,,,,Nil,Sealed,Dry,Fine,Darkness,Nil,No traffic controls,50 km/h,Local,85,Off rt/lft bnd=>obj,804,Off left bend into obj,Right,Vehicle - Object,Car (sedan/hatch),,1,0,0,1,0,3,March,Autumn,Wednesday,20:00 - 21:59,Evening / night,False,False,True,True
1355979,Injury,Serious Injury,2024,2024,May,Tuesday,12:00 - 13:59,NETWORK,PL,0,Right on the spot,RENNIE,ST,NORTH RYDE,,No,Not a school zone,X-intersection,-33.7953,151.138682,Ryde,Sydney metro. area,Syd-Newc-Woll Gtr conurbation,Straight,,,,Off,Sealed,Dry,Fine,Daylight,Nil,Give way sign,50 km/h,Local,10,Cross traffic,101,Adj - Cross traffic,,Right angle,Car (sedan/hatch),4 wheel drive / SUV,2,0,1,0,0,5,May,Autumn,Tuesday,12:00 - 13:59,Midday / afternoon,False,False,True,True
1355980,Injury,Serious Injury,2024,2024,February,Sunday,14:00 - 15:59,MISSABOTTI,RD,400,West,MORANS,RD,MISSABOTTI,,No,Not a school zone,2-way undivided,-30.570145,152.799298,Nambucca Valley,Country urban,Rest of NSW - Urban,Curved,,,,Nil,Unsealed,Dry,Fine,Daylight,Nil,No traffic controls,80 km/h,Local,20,Head on,201,Opp - Head on,,Head-on,Motorcycle,Car (sedan/hatch),3,0,2,0,0,2,February,Summer,Sunday,14:00 - 15:59,Midday / afternoon,False,False,True,True
1355985,Injury,Serious Injury,2024,2024,July,Monday,16:00 - 17:59,VARDYS,RD,10,West,GARDEN,ST,BLACKTOWN,7152.0,No,Not a school zone,T-junction,-33.749399,150.923503,Blacktown,Sydney metro. area,Syd-Newc-Woll Gtr conurbation,Straight,,,,On,Sealed,Wet,Raining,Dusk,Nil,Stop sign,60 km/h,Regional,60,Parked,601,On path - Parked,,Other angle,Car (sedan/hatch),Car (sedan/hatch),2,0,1,0,0,7,July,Winter,Monday,16:00 - 17:59,PM peak / evening commute,True,False,True,True
1355986,Injury,Minor/Other Injury,2024,2024,June,Friday,20:00 - 21:59,BERKELEY,ST,0,Right on the spot,HAMILTON,ST,SOUTH WENTWORTHVILLE,,No,Not a school zone,X-intersection,-33.819976,150.973559,Cumberland,Sydney metro. area,Syd-Newc-Woll Gtr conurbation,Straight,,,,Nil,Sealed,Dry,Fine,Darkness,Nil,No traffic controls,50 km/h,Local,49,Other manoeuvring,400,Manov - other,,Other angle,Unknown motor vehicle,Car (sedan/hatch),2,0,0,0,1,6,June,Winter,Friday,20:00 - 21:59,Evening / night,False,False,True,True
1355987,Injury,Serious Injury,2024,2024,March,Wednesday,14:00 - 15:59,CROWN,ST,0,Right on the spot,NUMBER 55,HN,WOLLONGONG,,No,Not a school zone,2-way undivided,-34.425771,150.899083,Wollongong,Wollongong met. area,Syd-Newc-Woll Gtr conurbation,Straight,,,,Off,Sealed,Dry,Fine,Daylight,Nil,No traffic controls,50 km/h,Local,3,Ped on carriageway,4,Ped - On carriageway,,Vehicle - Pedestrian,Car (sedan/hatch),Pedestrian,2,0,1,0,0,3,March,Autumn,Wednesday,14:00 - 15:59,Midday / afternoon,False,False,True,True
1355989,Injury,Moderate Injury,2024,2024,June,Friday,22:00 - Midnight,PRINCES,HWY,0,Right on the spot,BROWNS,RD,SOUTH NOWRA,1.0,No,Not a school zone,Roundabout,-34.904692,150.602503,Shoalhaven,Country urban,Rest of NSW - Urban,Straight,,,,On,Sealed,Dry,Fine,Darkness,Nil,Give way sign,70 km/h,State,10,Cross traffic,101,Adj - Cross traffic,,Right angle,4 wheel drive / SUV,Light truck utility(from 2018),2,0,0,1,0,6,June,Winter,Friday,22:00 - Midnight,Evening / night,False,False,True,True
1355990,Injury,Minor/Other Injury,2024,2024,June,Thursday,10:00 - 11:59,MATE,ST,0,Right on the spot,UNION,RD,NORTH ALBURY,688.0,No,Not a school zone,X-intersection,-36.052549,146.933635,Albury,Country urban,Rest of NSW - Urban,Straight,,,,Off,Sealed,Dry,Overcast,Daylight,On,No traffic controls,60 km/h,Regional,21,Right through,202,Opp - Right-thru,,Other angle,4 wheel drive / SUV,Station wagon,2,0,0,0,1,6,June,Winter,Thursday,10:00 - 11:59,Midday / afternoon,False,False,True,True
1355992,Injury,Moderate Injury,2024,2024,June,Saturday,14:00 - 15:59,GIINAGAY,WAY,0,Right on the spot,NEWRY ISLAND,DR,URUNGA,,No,Not a school zone,T-junction,-30.483373,153.006672,Bellingen,Country urban,Rest of NSW - Urban,Straight,,,,Unknown / not stated,Sealed,Dry,Fine,Daylight,Nil,Give way sign,80 km/h,Local,13,Right near,104,Adj - Right-thru from right,,Right angle,Car (sedan/hatch),Car (sedan/hatch),2,0,0,1,1,6,June,Winter,Saturday,14:00 - 15:59,Midday / afternoon,False,False,True,True
1355995,Injury,Moderate Injury,2024,2024,February,Thursday,12:00 - 13:59,ULAN,RD,0,Right on the spot,NUMBER 5825,HN,TURILL,214.0,No,Not a school zone,2-way undivided,-32.134664,149.808458,Mid-Western Regional,Country non-urban,Rest of NSW - Rural,Straight,,,,Nil,Sealed,Dry,Fine,Daylight,Nil,No traffic controls,100 km/h,Regional,73,Off rd rght => obj,704,Right off cway into obj,,Vehicle - Object,Station wagon,,1,0,0,1,0,2,February,Summer,Thursday,12:00 - 13:59,Midday / afternoon,False,False,True,True
1355997,Injury,Minor/Other Injury,2024,2024,June,Thursday,14:00 - 15:59,BURDEKIN,RD,0,Right on the spot,HAMBLEDON,RD,THE PONDS,7157.0,No,Not a school zone,Roundabout,-33.712796,150.893204,Blacktown,Sydney metro. area,Syd-Newc-Woll Gtr conurbation,Straight,,,,Unknown / not stated,Sealed,Dry,Fine,Daylight,Nil,Give way sign,60 km/h,Regional,72,Off road to right,702,Off carriageway to right,,Rollover,Car (sedan/hatch),,1,0,0,0,1,6,June,Winter,Thursday,14:00 - 15:59,Midday / afternoon,False,False,True,True