crash_id,degree_of_crash,degree_of_crash_-_detailed,reporting_year,year_of_crash,month_of_crash,day_of_week_of_crash,two-hour_intervals,street_of_crash,street_type,distance,direction,identifying_feature,identifying_feature_type,town,route_no.,school_zone_location,school_zone_active,type_of_location,latitude,longitude,lga,urbanisation,conurbation_1,alignment,primary_permanent_feature,primary_temporary_feature,primary_hazardous_feature,street_lighting,road_surface,surface_condition,weather,natural_lighting,signals_operation,other_traffic_control,speed_limit,road_classification_(admin),rum_-_code,rum_-_description,dca_-_code,dca_-_description,dca_supplement,first_impact_type,key_tu_type,other_tu_type,no._of_traffic_units_involved,no._killed,no._seriously_injured,no._moderately_injured,no._minor-other_injured,month_num,month_label,season,day_label,time_label,time_band,is_peak_commute,is_fatal,is_injury,is_casualty
1355999,Injury,Moderate Injury,2024,2024,June,Monday,08:00 - 09:59,KING,ST,0,Right on the spot,QUEEN,ST,ST MARYS,,No,Not a school zone,T-junction,-33.76897,150.773656,Penrith,Sydney metro. area,Syd-Newc-Woll Gtr conurbation,Straight,,,,Off,Sealed,Dry,Fine,Daylight,Nil,Give way sign,40 km/h,Local,0,Ped nearside,1,Ped - Near side,,Vehicle - Pedestrian,Station wagon,Ped in toy vehicle,2,0,0,1,0,6,June,Winter,Monday,08:00 - 09:59,AM peak / school commute,True,False,True,True
1356000,Injury,Serious Injury,2024,2024,June,Thursday,10:00 - 11:59,WARRINGAH,RD,0,Right on the spot,FOREST,WAY,FRENCHS FOREST,328.0,Yes,No,T-junction,-33.751563,151.226546,Northern Beaches,Sydney metro. area,Syd-Newc-Woll Gtr conurbation,Curved,Other bridge,,,Off,Sealed,Dry,Fine,Daylight,On,No traffic controls,70 km/h,State,21,Right through,202,Opp - Right-thru,,Other angle,Light truck utility(from 2018),Car (sedan/hatch),2,0,1,0,0,6,June,Winter,Thursday,10:00 - 11:59,Midday / afternoon,False,False,True,True
1356002,Injury,Minor/Other Injury,2024,2024,June,Saturday,14:00 - 15:59,PITT,ST,0,Right on the spot,ARGYLE,ST,PARRAMATTA,2098.0,No,Not a school zone,X-intersection,-33.815594,150.99741,Parramatta,Sydney metro. area,Syd-Newc-Woll Gtr conurbation,Straight,,,,Unknown / not stated,Sealed,Dry,Overcast,Daylight,On,No traffic controls,60 km/h,Regional,30,Rear end,301,Same - Rear end,,Rear end,4 wheel drive / SUV,Station wagon,2,0,0,0,1,6,June,Winter,Saturday,14:00 - 15:59,Midday / afternoon,False,False,True,True
1356009,Injury,Serious Injury,2024,2024,May,Saturday,12:00 - 13:59,KINGSWAY,MS,20,East,GANNONS,RD,WOOLOOWARE,227.0,No,Not a school zone,Divided road,-34.045705,151.133101,Sutherland,Sydney metro. area,Syd-Newc-Woll Gtr conurbation,Straight,,,,Off,Sealed,Wet,Overcast,Daylight,Nil,No traffic controls,70 km/h,State,71,Off rd left => obj,703,Left off cway into object,,Other angle,4 wheel drive / SUV,Car (sedan/hatch),8,0,2,1,1,5,May,Autumn,Saturday,12:00 - 13:59,Midday / afternoon,False,False,True,True
1356010,Injury,Serious Injury,2024,2024,April,Tuesday,12:00 - 13:59,EDWARD,ST,20,North,ALLFIELD,RD,WOY WOY,,Yes,No,2-way undivided,-33.494072,151.324737,Central Coast,Country urban,Syd-Newc-Woll Gtr conurbation,Straight,Painted double centre lines,,,Off,Sealed,Dry,Fine,Daylight,Nil,No traffic controls,60 km/h,Local,20,Head on,201,Opp - Head on,,Head-on,4 wheel drive / SUV,Car (sedan/hatch),2,0,2,0,0,4,April,Autumn,Tuesday,12:00 - 13:59,Midday / afternoon,False,False,True,True
1356014,Injury,Serious Injury,2024,2024,March,Sunday,08:00 - 09:59,MITCHELL,HWY,150,West,GARDINERS,RD,VITTORIA,7.0,No,Not a school zone,2-way undivided,-33.435277,149.363288,Bathurst Regional,Country non-urban,Rest of NSW - Rural,Straight,Steep grade,,,Nil,Sealed,Dry,Fine,Daylight,Nil,No traffic controls,100 km/h,State,71,Off rd left => obj,703,Left off cway into object,,Vehicle - Object,Light truck utility(from 2018),,1,0,1,0,0,3,March,Autumn,Sunday,08:00 - 09:59,AM peak / school commute,True,False,True,True
1356015,Injury,Minor/Other Injury,2024,2024,March,Tuesday,14:00 - 15:59,EASTERN DISTRIBUTOR,EXP,1000,South,CAHILL EXPRESSWAY TUNNEL,ENT,DARLINGHURST,171.0,No,Not a school zone,Dual freeway,-33.880973,151.217015,Sydney,Sydney metro. area,Syd-Newc-Woll Gtr conurbation,Straight,Underpass/tunnel,,,Nil,Sealed,Dry,Fine,Daylight,Nil,No traffic controls,80 km/h,State,33,Lane sideswipe,305,Same - Lane side swipe,,Other angle,Light truck utility(from 2018),Car (sedan/hatch),2,0,0,0,1,3,March,Autumn,Tuesday,14:00 - 15:59,Midday / afternoon,False,False,True,True
1356016,Injury,Moderate Injury,2024,2024,April,Monday,16:00 - 17:59,CRESCENT,ST,80,East,PRINCES,HWY,ULLADULLA,,No,Not a school zone,2-way undivided,-35.353295,150.476032,Shoalhaven,Country urban,Rest of NSW - Urban,Straight,,,,Off,Sealed,Dry,Fine,Daylight,Nil,No traffic controls,50 km/h,Local,71,Off rd left => obj,703,Left off cway into object,,Vehicle - Object,4 wheel drive / SUV,,1,0,0,1,0,4,April,Autumn,Monday,16:00 - 17:59,PM peak / evening commute,True,False,True,True
1356017,Injury,Serious Injury,2024,2024,May,Sunday,20:00 - 21:59,PILBARA,RD,30,South,SANTOS,RD,COROWA,,No,Not a school zone,2-way undivided,-35.986806,146.3628,Federation,Country urban,Rest of NSW - Urban,Straight,,,,On,Sealed,Wet,Raining,Darkness,Nil,No traffic controls,50 km/h,Local,71,Off rd left => obj,703,Left off cway into object,,Other angle,Car (sedan/hatch),Semi-trailer,3,0,3,0,0,5,May,Autumn,Sunday,20:00 - 21:59,Evening / night,False,False,True,True
1356018,Injury,Serious Injury,2024,2024,June,Saturday,12:00 - 13:59,MACKAYS,RD,10,East,MYERS,LANE,DONDINGALONG,,No,Not a school zone,T-junction,-31.154699,152.742815,Kempsey,Country non-urban,Rest of NSW - Rural,Curved,,,,Nil,Unsealed,Wet,Fine,Daylight,Nil,No traffic controls,100 km/h,Local,88,Out of cont on bend,805,Out of control on bend,,Rollover,Motorcycle,,1,0,1,0,0,6,June,Winter,Saturday,12:00 - 13:59,Midday / afternoon,False,False,True,True
1356020,Injury,Moderate Injury,2024,2024,July,Monday,12:00 - 13:59,KIDMAN,WAY,330,South,MURRUMBIDGEE RIVER,RD,WILLBRIGGIE,321.0,No,Not a school zone,2-way undivided,-34.548118,146.002285,Griffith,Country non-urban,Rest of NSW - Rural,Curved,,,,Unknown / not stated,Sealed,Dry,Fine,Daylight,Nil,No traffic controls,100 km/h,State,80,Off left/right bend,801,Off cway right bend,Left,Rollover,4 wheel drive / SUV,,1,0,0,1,0,7,July,Winter,Monday,12:00 - 13:59,Midday / afternoon,False,False,True,True
1356022,Injury,Moderate Injury,2024,2024,July,Monday,10:00 - 11:59,MAITLAND,RD,0,Right on the spot,NUMBER 493,HN,CESSNOCK,588.0,No,Not a school zone,2-way undivided,-32.828647,151.381284,Cessnock,Country urban,Rest of NSW - Urban,Straight,Driveway/entrance,,,Unknown / not stated,Sealed,Dry,Overcast,Daylight,Nil,No traffic controls,80 km/h,State,32,Right rear,303,Same - Rear right,,Rear end,4 wheel drive / SUV,Car (sedan/hatch),2,0,0,1,0,7,July,Winter,Monday,10:00 - 11:59,Midday / afternoon,False,False,True,True
1356024,Injury,Moderate Injury,2024,2024,May,Sunday,12:00 - 13:59,GROSVENOR,ST,0,Right on the spot,LANG,ST,THE ROCKS,,No,Not a school zone,X-intersection,-33.863377,151.206294,Sydney,Sydney metro. area,Syd-Newc-Woll Gtr conurbation,Straight,Steep grade,,,On,Sealed,Dry,Fine,Daylight,On,Ped crossing,40 km/h,Local,0,Ped nearside,1,Ped - Near side,,Vehicle - Pedestrian,4 wheel drive / SUV,Pedestrian,2,0,0,1,0,5,May,Autumn,Sunday,12:00 - 13:59,Midday / afternoon,False,False,True,True
1356025,Injury,Minor/Other Injury,2024,2024,July,Monday,14:00 - 15:59,KING,ST,0,Right on the spot,NORTHCLIFFE,DR,WARRAWONG,522.0,No,Not a school zone,X-intersection,-34.487287,150.887777,Wollongong,Wollongong met. area,Syd-Newc-Woll Gtr conurbation,Straight,,,,Unknown / not stated,Sealed,Dry,Fine,Daylight,On,No traffic controls,60 km/h,State,30,Rear end,301,Same - Rear end,,Rear end,Light truck utility(from 2018),4 wheel drive / SUV,2,0,0,0,1,7,July,Winter,Monday,14:00 - 15:59,Midday / afternoon,False,False,True,True
1356028,Injury,Minor/Other Injury,2024,2024,June,Tuesday,12:00 - 13:59,MOWBRAY,RD,0,Right on the spot,HAMPDEN,RD,CHATSWOOD,2092.0,No,Not a school zone,T-junction,-33.804741,151.180754,Willoughby,Sydney metro. area,Syd-Newc-Woll Gtr conurbation,Straight,,,,Unknown / not stated,Sealed,Dry,Fine,Daylight,On,No traffic controls,50 km/h,Regional,32,Right rear,303,Same - Rear right,,Rear end,4 wheel drive / SUV,Car (sedan/hatch),2,0,0,0,1,6,June,Winter,Tuesday,12:00 - 13:59,Midday / afternoon,False,False,True,True
1356030,Injury,Serious Injury,2024,2024,April,Friday,04:00 - 05:59,HUME,HWY,0,Right on the spot,HIGHLAND,AVE,YAGOONA,2.0,No,Not a school zone,T-junction,-33.907275,151.023962,Canterbury-Bankstown,Sydney metro. area,Syd-Newc-Woll Gtr conurbation,Straight,,,,On,Sealed,Dry,Fine,Darkness,On,Ped crossing,60 km/h,State,0,Ped nearside,1,Ped - Near side,,Vehicle - Pedestrian,Light truck utility(from 2018),Pedestrian,3,0,2,1,0,4,April,Autumn,Friday,04:00 - 05:59,Late night / early morning,False,False,True,True
1356035,Injury,Moderate Injury,2024,2024,June,Tuesday,18:00 - 19:59,GLENMORE,PKWY,0,Right on the spot,MURU,DR,GLENMORE PARK,,No,Not a school zone,T-junction,-33.793422,150.676649,Penrith,Sydney metro. area,Syd-Newc-Woll Gtr conurbation,Curved,,,,On,Sealed,Dry,Fine,Dusk,Nil,Give way sign,50 km/h,Local,21,Right through,202,Opp - Right-thru,,Other angle,Car (sedan/hatch),Motorcycle,2,0,0,1,0,6,June,Winter,Tuesday,18:00 - 19:59,PM peak / evening commute,True,False,True,True
1356036,Injury,Moderate Injury,2024,2024,April,Thursday,00:01 - 01:59,NOBLE,AVE,0,Right on the spot,RAWSON,RD,GREENACRE,,No,Not a school zone,Roundabout,-33.902271,151.05332,Canterbury-Bankstown,Sydney metro. area,Syd-Newc-Woll Gtr conurbation,Straight,,,,On,Sealed,Dry,Fine,Darkness,Nil,Give way sign,60 km/h,Local,10,Cross traffic,101,Adj - Cross traffic,,Right angle,Car (sedan/hatch),Car (sedan/hatch),2,0,0,1,0,4,April,Autumn,Thursday,00:01 - 01:59,Late night / early morning,False,False,True,True
1356037,Injury,Minor/Other Injury,2024,2024,June,Wednesday,12:00 - 13:59,ALBION,ST,0,Right on the spot,COMMONWEALTH,ST,SURRY HILLS,7302.0,No,Not a school zone,T-junction,-33.882576,151.2106,Sydney,Sydney metro. area,Syd-Newc-Woll Gtr conurbation,Straight,,,,Off,Sealed,Dry,Fine,Daylight,Nil,Stop sign,40 km/h,Regional,13,Right near,104,Adj - Right-thru from right,,Right angle,4 wheel drive / SUV,Pedal cycle,2,0,0,0,1,6,June,Winter,Wednesday,12:00 - 13:59,Midday / afternoon,False,False,True,True
1356039,Injury,Moderate Injury,2024,2024,June,Tuesday,16:00 - 17:59,NELSON BAY,RD,0,Right on the spot,PALMER,WAY,NELSON BAY,108.0,No,Not a school zone,T-junction,-32.738501,152.121514,Port Stephens,Country urban,Rest of NSW - Urban,Straight,,,,Unknown / not stated,Sealed,Dry,Fine,Dusk,Nil,Give way sign,80 km/h,State,13,Right near,104,Adj - Right-thru from right,,Right angle,4 wheel drive / SUV,Light truck,2,0,0,1,0,6,June,Winter,Tuesday,16:00 - 17:59,PM peak / evening commute,True,False,True,True
1356040,Injury,Minor/Other Injury,2024,2024,June,Tuesday,08:00 - 09:59,BRIGHTON,DR,0,Right on the spot,CELEBRATION,DR,BELLA VISTA,,No,Not a school zone,T-junction,-33.731015,150.946348,The Hills,Sydney metro. area,Syd-Newc-Woll Gtr conurbation,Curved,,,,Unknown / not stated,Sealed,Dry,Fine,Daylight,Nil,Give way sign,50 km/h,Local,32,Right rear,303,Same - Rear right,,Rear end,4 wheel drive / SUV,Car (sedan/hatch),2,0,0,0,1,6,June,Winter,Tuesday,08:00 - 09:59,AM peak / school commute,True,False,True,True
1356045,Injury,Moderate Injury,2024,2024,May,Sunday,18:00 - 19:59,OLIVER,ST,0,Right on the spot,SOLDIERS,AVE,FRESHWATER,2102.0,No,Not a school zone,Roundabout,-33.776844,151.283849,Northern Beaches,Sydney metro. area,Syd-Newc-Woll Gtr conurbation,Straight,,,,On,Sealed,Wet,Raining,Darkness,Nil,Give way sign,50 km/h,Regional,74,On road-out of cont.,705,Out of control on cway,,Rollover,Motor scooter,,1,0,0,1,0,5,May,Autumn,Sunday,18:00 - 19:59,PM peak / evening commute,True,False,True,True
1356047,Injury,Serious Injury,2024,2024,May,Wednesday,16:00 - 17:59,ELIZABETH,DR,150,West,WALLGROVE,RD,CECIL HILLS,535.0,No,Not a school zone,2-way undivided,-33.875281,150.841069,Liverpool,Sydney metro. area,Syd-Newc-Woll Gtr conurbation,Curved,,,,Off,Sealed,Dry,Overcast,Daylight,Nil,No traffic controls,70 km/h,State,20,Head on,201,Opp - Head on,,Head-on,Light truck utility(from 2018),Car (sedan/hatch),2,0,2,0,0,5,May,Autumn,Wednesday,16:00 - 17:59,PM peak / evening commute,True,False,True,True
1356051,Injury,Serious Injury,2024,2024,June,Wednesday,10:00 - 11:59,NEWELL,HWY,100,West,JOHN RENSHAW,PKWY,TOORAWEENAH,17.0,No,Not a school zone,2-way undivided,-31.469632,148.918989,Gilgandra,Country non-urban,Rest of NSW - Rural,Straight,Embankment/cutting,,,Nil,Sealed,Dry,Fine,Daylight,Nil,No traffic controls,110 km/h,State,73,Off rd rght => obj,704,Right off cway into obj,,Vehicle - Object,4 wheel drive / SUV,,1,0,1,0,0,6,June,Winter,Wednesday,10:00 - 11:59,Midday / afternoon,False,False,True,True
1356052,Injury,Moderate Injury,2024,2024,April,Wednesday,18:00 - 19:59,BOX,RD,50,East,PORT HACKING,RD,SYLVANIA WATERS,,No,Not a school zone,2-way undivided,-34.022314,151.107461,Sutherland,Sydney metro. area,Syd-Newc-Woll Gtr conurbation,Straight,,,,On,Sealed,Dry,Fine,Dusk,Nil,No traffic controls,50 km/h,Local,35,Lane change left,307,Same - Lane change left,,Other angle,Car (sedan/hatch),Pedal cycle,3,0,0,1,0,4,April,Autumn,Wednesday,18:00 - 19:59,PM peak / evening commute,True,False,True,True
1356060,Injury,Moderate Injury,2024,2024,April,Saturday,06:00 - 07:59,RAYMOND TERRACE,RD,0,Right on the spot,MCFARLANES,RD,THORNTON,104.0,No,Not a school zone,T-junction,-32.761857,151.660766,Maitland,Country urban,Rest of NSW - Urban,Curved,,,,On,Sealed,Dry,Fog or mist,Daylight,Nil,Give way sign,80 km/h,State,11,Right far,102,Adj - Right-thru from left,,Right angle,4 wheel drive / SUV,Light truck,2,0,0,1,0,4,April,Autumn,Saturday,06:00 - 07:59,AM peak / school commute,True,False,True,True
1356061,Injury,Minor/Other Injury,2024,2024,June,Tuesday,12:00 - 13:59,WARRINGAH,RD,100,West,FOREST WAY,OP,FRENCHS FOREST,328.0,No,Not a school zone,Divided road,-33.752358,151.225849,Northern Beaches,Sydney metro. area,Syd-Newc-Woll Gtr conurbation,Curved,,,,Unknown / not stated,Sealed,Dry,Fine,Daylight,Nil,No traffic controls,70 km/h,State,30,Rear end,301,Same - Rear end,,Rear end,Unknown motor vehicle,Car (sedan/hatch),2,0,0,0,1,6,June,Winter,Tuesday,12:00 - 13:59,Midday / afternoon,False,False,True,True
1356063,Injury,Serious Injury,2024,2024,May,Thursday,20:00 - 21:59,METFORD,RD,200,North,RIBEE,ST,TENAMBIT,,No,Not a school zone,2-way undivided,-32.737461,151.61944,Maitland,Country urban,Rest of NSW - Urban,Curved,Painted double centre lines,,,Nil,Sealed,Dry,Fine,Darkness,Nil,No traffic controls,60 km/h,Local,51,Out of control otake,502,Ovtak - Out of control,,Rollover,Motorcycle,,1,0,1,0,0,5,May,Autumn,Thursday,20:00 - 21:59,Evening / night,False,False,True,True
1356066,Injury,Moderate Injury,2024,2024,June,Wednesday,06:00 - 07:59,ILLAROO,RD,0,Right on the spot,NUMBER 90,HN,NORTH NOWRA,,Yes,No,2-way undivided,-34.860388,150.590464,Shoalhaven,Country urban,Rest of NSW - Urban,Straight,,,,Off,Sealed,Dry,Fine,Dawn,Nil,No traffic controls,60 km/h,Local,42,Leaving parking,401,Manov - Leaving parking,,Other angle,Car (sedan/hatch),4 wheel drive / SUV,2,0,0,1,0,6,June,Winter,Wednesday,06:00 - 07:59,AM peak / school commute,True,False,True,True
1356071,Injury,Moderate Injury,2024,2024,June,Saturday,20:00 - 21:59,M7 WESTLINK,EXP,0,Right on the spot,GREAT WESTERN HIGHWAY,TO,BUNGARRIBEE,6009.0,No,Not a school zone,Dual freeway,-33.783682,150.858309,Blacktown,Sydney metro. area,Syd-Newc-Woll Gtr conurbation,Curved,,,,On,Sealed,Dry,Fine,Darkness,Nil,No traffic controls,100 km/h,State,81,Off left/rt bnd=>obj,803,Off right bend into obj,Left,Vehicle - Object,Car (sedan/hatch),,1,0,0,1,0,6,June,Winter,Saturday,20:00 - 21:59,Evening / night,False,False,True,True
1356074,Injury,Serious Injury,2024,2024,May,Thursday,12:00 - 13:59,HUME,HWY,0,Right on the spot,THE WARWICK,OT,CABRAMATTA,2.0,No,Not a school zone,Divided road,-33.903463,150.943292,Fairfield,Sydney metro. area,Syd-Newc-Woll Gtr conurbation,Straight,Driveway/entrance,,,Nil,Sealed,Dry,Fine,Daylight,Nil,No traffic controls,70 km/h,State,47,Emerging from drive,406,Manov - Emerging from driveway,,Right angle,4 wheel drive / SUV,4 wheel drive / SUV,2,0,1,0,0,5,May,Autumn,Thursday,12:00 - 13:59,Midday / afternoon,False,False,True,True
1356077,Injury,Minor/Other Injury,2024,2024,June,Tuesday,06:00 - 07:59,ALLAWAH,ST,0,Right on the spot,KILDARE,RD,BLACKTOWN,,No,Not a school zone,X-intersection,-33.76896,150.900873,Blacktown,Sydney metro. area,Syd-Newc-Woll Gtr conurbation,Straight,,,,Unknown / not stated,Sealed,Dry,Fine,Daylight,Nil,Stop sign,50 km/h,Local,10,Cross traffic,101,Adj - Cross traffic,,Right angle,4 wheel drive / SUV,Car (sedan/hatch),2,0,0,0,1,6,June,Winter,Tuesday,06:00 - 07:59,AM peak / school commute,True,False,True,True
1356078,Injury,Moderate Injury,2024,2024,June,Wednesday,18:00 - 19:59,WEST,ST,40,South,FINNEY,ST,HURSTVILLE,,No,Not a school zone,2-way undivided,-33.970821,151.105246,Georges River,Sydney metro. area,Syd-Newc-Woll Gtr conurbation,Straight,,,,Unknown / not stated,Sealed,Dry,Fine,Darkness,Nil,No traffic controls,50 km/h,Local,71,Off rd left => obj,703,Left off cway into object,,Other angle,4 wheel drive / SUV,4 wheel drive / SUV,2,0,0,1,0,6,June,Winter,Wednesday,18:00 - 19:59,PM peak / evening commute,True,False,True,True
1356079,Injury,Minor/Other Injury,2024,2024,April,Tuesday,06:00 - 07:59,KYOGLE,RD,2000,West,HOMELEIGH,RD,FAWCETTS PLAIN,141.0,No,Not a school zone,2-way undivided,-28.60789,153.019365,Kyogle,Country urban,Rest of NSW - Urban,Curved,,,,Nil,Sealed,Wet,Raining,Dawn,Nil,No traffic controls,80 km/h,Regional,83,Off rt/rt bnd=>obj,803,Off right bend into obj,Right,Vehicle - Object,4 wheel drive / SUV,,1,0,0,0,1,4,April,Autumn,Tuesday,06:00 - 07:59,AM peak / school commute,True,False,True,True
1356082,Injury,Minor/Other Injury,2024,2024,June,Saturday,14:00 - 15:59,CANTERBURY,RD,0,Right on the spot,CHAPEL,RD,BANKSTOWN,167.0,No,Not a school zone,X-intersection,-33.933781,151.027025,Canterbury-Bankstown,Sydney metro. area,Syd-Newc-Woll Gtr conurbation,Curved,,,,Unknown / not stated,Sealed,Wet,Raining,Daylight,On,No traffic controls,60 km/h,State,30,Rear end,301,Same - Rear end,,Rear end,Light truck,Station wagon,2,0,0,0,1,6,June,Winter,Saturday,14:00 - 15:59,Midday / afternoon,False,False,True,True
1356085,Injury,Moderate Injury,2024,2024,July,Tuesday,08:00 - 09:59,COMMERCE,ST,0,Right on the spot,WYNTER,ST,TAREE,192.0,No,Not a school zone,Roundabout,-31.912033,152.454671,Mid-Coast,Country urban,Rest of NSW - Urban,Straight,Steep grade,,,Nil,Sealed,Wet,Raining,Daylight,Nil,Give way sign,60 km/h,Regional,21,Right through,202,Opp - Right-thru,,Other angle,4 wheel drive / SUV,4 wheel drive / SUV,2,0,0,1,0,7,July,Winter,Tuesday,08:00 - 09:59,AM peak / school commute,True,False,True,True
1356087,Injury,Moderate Injury,2024,2024,July,Monday,14:00 - 15:59,HAWKESBURY VALLEY,WAY,0,Right on the spot,NUMBER 243,HN,CLARENDON,184.0,No,Not a school zone,2-way undivided,-33.608198,150.789512,Hawkesbury,Country urban,Syd-Newc-Woll Gtr conurbation,Straight,,,,Unknown / not stated,Sealed,Dry,Fine,Daylight,Nil,No traffic controls,70 km/h,State,30,Rear end,301,Same - Rear end,,Rear end,4 wheel drive / SUV,Car (sedan/hatch),2,0,0,1,0,7,July,Winter,Monday,14:00 - 15:59,Midday / afternoon,False,False,True,True
1356088,Injury,Moderate Injury,2024,2024,June,Sunday,04:00 - 05:59,STADIUM,DR,5,West,HOGBIN,DR,COFFS HARBOUR,540.0,No,Not a school zone,Roundabout,-30.325771,153.098422,Coffs Harbour,Country urban,Rest of NSW - Urban,Straight,,,,On,Sealed,Wet,Raining,Darkness,Nil,Give way sign,60 km/h,Regional,87,Off lft/lft bnd=>obj,706,Left turn,Left,Vehicle - Object,Car (sedan/hatch),,1,0,0,1,0,6,June,Winter,Sunday,04:00 - 05:59,Late night / early morning,False,False,True,True
1356091,Injury,Moderate Injury,2024,2024,May,Wednesday,18:00 - 19:59,EXCELSIOR,ST,0,Right on the spot,FARNELL,ST,MERRYLANDS,,No,Not a school zone,Roundabout,-33.843333,151.002759,Cumberland,Sydney metro. area,Syd-Newc-Woll Gtr conurbation,Straight,,,,Off,Sealed,Dry,Fine,Dusk,Nil,Give way sign,50 km/h,Local,30,Rear end,301,Same - Rear end,,Rear end,Car (sedan/hatch),Car (sedan/hatch),2,0,0,1,0,5,May,Autumn,Wednesday,18:00 - 19:59,PM peak / evening commute,True,False,True,True
1356094,Injury,Moderate Injury,2024,2024,June,Wednesday,20:00 - 21:59,THE SCENIC,RD,240,South,GRAHAME,DR,MACMASTERS BEACH,,No,Not a school zone,2-way undivided,-33.50802,151.410344,Central Coast,Country urban,Syd-Newc-Woll Gtr conurbation,Curved,Embankment/cutting,,,On,Unsealed,Dry,Fine,Darkness,Nil,No traffic controls,60 km/h,Local,87,Off lft/lft bnd=>obj,804,Off left bend into obj,Left,Vehicle - Object,Light truck,,1,0,0,1,0,6,June,Winter,Wednesday,20:00 - 21:59,Evening / night,False,False,True,True
1356097,Injury,Moderate Injury,2024,2024,February,Saturday,20:00 - 21:59,LISMORE,RD,200,West,BUGDEN,AVE,ALSTONVILLE,,No,Not a school zone,2-way undivided,-28.835751,153.435701,Ballina,Country urban,Rest of NSW - Urban,Straight,Steep grade,,,Nil,Sealed,Wet,Raining,Darkness,Nil,No traffic controls,60 km/h,Local,2,Ped far side,3,Ped - Far side,,Vehicle - Pedestrian,4 wheel drive / SUV,Pedestrian,2,0,0,2,0,2,February,Summer,Saturday,20:00 - 21:59,Evening / night,False,False,True,True
1356098,Injury,Minor/Other Injury,2024,2024,June,Wednesday,08:00 - 09:59,THE NORTHERN,RD,0,Right on the spot,GARSWOOD,RD,ORCHARD HILLS,154.0,No,Not a school zone,T-junction,-33.787938,150.701668,Penrith,Sydney metro. area,Syd-Newc-Woll Gtr conurbation,Curved,,,,Unknown / not stated,Sealed,Dry,Fine,Daylight,Nil,Give way sign,70 km/h,State,39,Other same direction,300,Same - other,,Other angle,Car (sedan/hatch),4 wheel drive / SUV,2,0,0,0,1,6,June,Winter,Wednesday,08:00 - 09:59,AM peak / school commute,True,False,True,True
1356099,Injury,Minor/Other Injury,2024,2024,February,Friday,00:01 - 01:59,NEW ENGLAND,HWY,0,Right on the spot,SOUTH SEAS,DR,ASHTONFIELD,9.0,No,Not a school zone,T-junction,-32.77311,151.607437,Maitland,Country urban,Rest of NSW - Urban,Straight,,,,On,Sealed,Dry,Fine,Darkness,On,No traffic controls,80 km/h,State,70,Off road to left,701,Off carriageway to left,,Rollover,4 wheel drive / SUV,,1,0,0,0,1,2,February,Summer,Friday,00:01 - 01:59,Late night / early morning,False,False,True,True
1356100,Injury,Serious Injury,2024,2024,June,Sunday,10:00 - 11:59,MARTIN,ST,50,West,HERBERT,ST,REGENTVILLE,,No,Not a school zone,2-way undivided,-33.774379,150.660116,Penrith,Sydney metro. area,Syd-Newc-Woll Gtr conurbation,Straight,,,,Off,Sealed,Dry,Fine,Daylight,Nil,No traffic controls,50 km/h,Local,90,Fell in/from vehicle,901,Fell in/from vehicle,,Person - Object,Unknown type,,1,0,1,0,0,6,June,Winter,Sunday,10:00 - 11:59,Midday / afternoon,False,False,True,True
1356101,Injury,Moderate Injury,2024,2024,June,Sunday,14:00 - 15:59,HIGHLAND,WAY,1000,West,LONG POINT,RD,TALLONG,7636.0,No,Not a school zone,2-way undivided,-34.712849,150.057577,Goulburn Mulwaree,Country urban,Rest of NSW - Urban,Curved,Ditch/drain/culvert,Roadwks/Detour/Diverson,,Nil,Unsealed,Dry,Fine,Daylight,Nil,No traffic controls,40 km/h,Regional,87,Off lft/lft bnd=>obj,804,Off left bend into obj,Left,Vehicle - Object,Car (sedan/hatch),,1,0,0,1,0,6,June,Winter,Sunday,14:00 - 15:59,Midday / afternoon,False,False,True,True
1356106,Injury,Moderate Injury,2024,2024,June,Saturday,16:00 - 17:59,KING,ST,15,West,CHARLES,ST,EASTLAKES,,No,Not a school zone,2-way undivided,-33.931384,151.207084,Bayside,Sydney metro. area,Syd-Newc-Woll Gtr conurbation,Straight,Driveway/entrance,,,Unknown / not stated,Sealed,Wet,Raining,Darkness,Nil,No traffic controls,50 km/h,Local,47,Emerging from drive,406,Manov - Emerging from driveway,,Right angle,4 wheel drive / SUV,Car (sedan/hatch),2,0,0,1,0,6,June,Winter,Saturday,16:00 - 17:59,PM peak / evening commute,True,False,True,True
1356117,Injury,Serious Injury,2024,2024,February,Tuesday,22:00 - Midnight,WISEMANS FERRY,RD,50,North,LITTLE MOONEY CREEK,RD,SOMERSBY,,No,Not a school zone,2-way undivided,-33.329702,151.272305,Central Coast,Country urban,Syd-Newc-Woll Gtr conurbation,Straight,Painted double centre lines,,,Nil,Sealed,Wet,Other,Darkness,Nil,No traffic controls,80 km/h,Local,73,Off rd rght => obj,704,Right off cway into obj,,Vehicle - Object,4 wheel drive / SUV,,1,0,1,0,0,2,February,Summer,Tuesday,22:00 - Midnight,Evening / night,False,False,True,True
1356118,Injury,Moderate Injury,2024,2024,June,Thursday,12:00 - 13:59,LAVER,RD,0,Right on the spot,NUMBER 21,HN,DAPTO,,No,Not a school zone,2-way undivided,-34.505664,150.78939,Wollongong,Wollongong met. area,Syd-Newc-Woll Gtr conurbation,Straight,Steep grade,,,Off,Sealed,Dry,Fine,Daylight,Nil,No traffic controls,50 km/h,Local,71,Off rd left => obj,703,Left off cway into object,,Other angle,Car (sedan/hatch),4 wheel drive / SUV,2,0,0,1,0,6,June,Winter,Thursday,12:00 - 13:59,Midday / afternoon,False,False,True,True