crash_id,degree_of_crash,degree_of_crash_-_detailed,reporting_year,year_of_crash,month_of_crash,day_of_week_of_crash,two-hour_intervals,street_of_crash,street_type,distance,direction,identifying_feature,identifying_feature_type,town,route_no.,school_zone_location,school_zone_active,type_of_location,latitude,longitude,lga,urbanisation,conurbation_1,alignment,primary_permanent_feature,primary_temporary_feature,primary_hazardous_feature,street_lighting,road_surface,surface_condition,weather,natural_lighting,signals_operation,other_traffic_control,speed_limit,road_classification_(admin),rum_-_code,rum_-_description,dca_-_code,dca_-_description,dca_supplement,first_impact_type,key_tu_type,other_tu_type,no._of_traffic_units_involved,no._killed,no._seriously_injured,no._moderately_injured,no._minor-other_injured,month_num,month_label,season,day_label,time_label,time_band,is_peak_commute,is_fatal,is_injury,is_casualty
1356119,Injury,Serious Injury,2024,2024,June,Wednesday,12:00 - 13:59,BOCKS,RD,0,Right on the spot,STAHLS,RD,OAKVILLE,,No,Not a school zone,X-intersection,-33.636664,150.870075,Hawkesbury,Country urban,Syd-Newc-Woll Gtr conurbation,Straight,,,,Nil,Sealed,Dry,Fine,Daylight,Nil,Give way sign,70 km/h,Local,11,Right far,102,Adj - Right-thru from left,,Right angle,4 wheel drive / SUV,4 wheel drive / SUV,2,0,1,0,1,6,June,Winter,Wednesday,12:00 - 13:59,Midday / afternoon,False,False,True,True
1356120,Injury,Moderate Injury,2024,2024,June,Thursday,14:00 - 15:59,ORAN PARK,DR,50,West,CATHERINE PARK,DR,HARRINGTON PARK,,Yes,No,Divided road,-34.019052,150.752983,Camden,Sydney metro. area,Syd-Newc-Woll Gtr conurbation,Straight,,,,Nil,Sealed,Dry,Fine,Daylight,Nil,No traffic controls,60 km/h,Local,30,Rear end,301,Same - Rear end,,Rear end,4 wheel drive / SUV,4 wheel drive / SUV,2,0,0,1,0,6,June,Winter,Thursday,14:00 - 15:59,Midday / afternoon,False,False,True,True
1356122,Injury,Serious Injury,2024,2024,July,Monday,16:00 - 17:59,POLDING,ST,0,Right on the spot,CUMBERLAND,HWY,SMITHFIELD,7222.0,No,Not a school zone,Roundabout,-33.860452,150.9279,Fairfield,Sydney metro. area,Syd-Newc-Woll Gtr conurbation,Curved,,,,Unknown / not stated,Sealed,Wet,Fine,Daylight,Nil,Give way sign,60 km/h,Regional,10,Cross traffic,101,Adj - Cross traffic,,Right angle,Light truck,4 wheel drive / SUV,2,0,1,0,0,7,July,Winter,Monday,16:00 - 17:59,PM peak / evening commute,True,False,True,True
1356124,Injury,Moderate Injury,2024,2024,July,Tuesday,18:00 - 19:59,GWYDIR,HWY,0,Right on the spot,NUMBER 3260,HN,JACKADGERY,12.0,No,Not a school zone,2-way undivided,-29.616851,152.648554,Clarence Valley,Country non-urban,Rest of NSW - Rural,Curved,Driveway/entrance,,,Unknown / not stated,Sealed,Wet,Raining,Darkness,Nil,No traffic controls,100 km/h,State,49,Other manoeuvring,400,Manov - other,,Other angle,Car (sedan/hatch),,1,0,0,1,0,7,July,Winter,Tuesday,18:00 - 19:59,PM peak / evening commute,True,False,True,True
1356126,Injury,Moderate Injury,2024,2024,June,Wednesday,18:00 - 19:59,GREAT WESTERN,HWY,0,Right on the spot,GREYSTANES,RD,GREYSTANES,5.0,No,Not a school zone,T-junction,-33.808467,150.937199,Cumberland,Sydney metro. area,Syd-Newc-Woll Gtr conurbation,Straight,,,,Nil,Sealed,Dry,Fine,Dusk,On,No traffic controls,80 km/h,State,31,Left rear,302,Same - Rear left,,Rear end,Car (sedan/hatch),Motor scooter,2,0,0,1,0,6,June,Winter,Wednesday,18:00 - 19:59,PM peak / evening commute,True,False,True,True
1356128,Injury,Moderate Injury,2024,2024,April,Saturday,22:00 - Midnight,LAWSON,AVE,0,Right on the spot,NUMBER 75,HN,WOODBERRY,,No,Not a school zone,2-way undivided,-32.792773,151.666901,Maitland,Country urban,Rest of NSW - Urban,Straight,,,,On,Sealed,Wet,Raining,Darkness,Nil,No traffic controls,50 km/h,Local,71,Off rd left => obj,703,Left off cway into object,,Other angle,Car (sedan/hatch),Car (sedan/hatch),2,0,0,1,0,4,April,Autumn,Saturday,22:00 - Midnight,Evening / night,False,False,True,True
1356131,Injury,Moderate Injury,2024,2024,June,Wednesday,10:00 - 11:59,VICTORIA,RD,100,East,PARK,RD,RYDALMERE,165.0,Yes,No,Divided road,-33.812448,151.04282,Parramatta,Sydney metro. area,Syd-Newc-Woll Gtr conurbation,Straight,,,,Off,Sealed,Dry,Fine,Daylight,Nil,No traffic controls,70 km/h,State,35,Lane change left,307,Same - Lane change left,,Other angle,4 wheel drive / SUV,Passenger van,3,0,0,1,1,6,June,Winter,Wednesday,10:00 - 11:59,Midday / afternoon,False,False,True,True
1356134,Injury,Serious Injury,2024,2024,March,Wednesday,06:00 - 07:59,OLD SOUTH HEAD,RD,0,Right on the spot,LAGUNA,ST,VAUCLUSE,339.0,No,Not a school zone,T-junction,-33.85949,151.279927,Waverley,Sydney metro. area,Syd-Newc-Woll Gtr conurbation,Straight,Driveway/entrance,,,Nil,Sealed,Dry,Fine,Dawn,Nil,No traffic controls,50 km/h,State,47,Emerging from drive,406,Manov - Emerging from driveway,,Right angle,Car (sedan/hatch),4 wheel drive / SUV,5,0,1,0,0,3,March,Autumn,Wednesday,06:00 - 07:59,AM peak / school commute,True,False,True,True
1356135,Injury,Serious Injury,2024,2024,June,Friday,16:00 - 17:59,CESSNOCK,RD,0,Right on the spot,STATION,ST,WESTON,588.0,No,Not a school zone,X-intersection,-32.814891,151.458806,Cessnock,Country urban,Rest of NSW - Urban,Straight,,,,On,Sealed,Dry,Fine,Dusk,On,No traffic controls,50 km/h,State,21,Right through,202,Opp - Right-thru,,Other angle,4 wheel drive / SUV,Motorcycle,2,0,1,0,0,6,June,Winter,Friday,16:00 - 17:59,PM peak / evening commute,True,False,True,True
1356138,Injury,Moderate Injury,2024,2024,March,Tuesday,06:00 - 07:59,NEWCASTLE,RD,0,Right on the spot,CROUDACE STREET,TO,LAMBTON,82.0,No,Not a school zone,Divided road,-32.909462,151.703872,Newcastle,Newcastle met. area,Syd-Newc-Woll Gtr conurbation,Curved,,,,Unknown / not stated,Sealed,Dry,Fine,Daylight,Nil,Give way sign,60 km/h,State,30,Rear end,301,Same - Rear end,,Rear end,4 wheel drive / SUV,Car (sedan/hatch),2,0,0,1,0,3,March,Autumn,Tuesday,06:00 - 07:59,AM peak / school commute,True,False,True,True
1356139,Injury,Serious Injury,2024,2024,June,Wednesday,16:00 - 17:59,COLLINS,RD,35,South,DALTON,RD,ST IVES CHASE,,No,Not a school zone,2-way undivided,-33.711208,151.161389,Ku-ring-gai,Sydney metro. area,Syd-Newc-Woll Gtr conurbation,Straight,Bus stop,,,Off,Sealed,Dry,Fine,Daylight,Nil,No traffic controls,50 km/h,Local,2,Ped far side,3,Ped - Far side,,Vehicle - Pedestrian,Unknown motor vehicle,Pedestrian,2,0,1,0,0,6,June,Winter,Wednesday,16:00 - 17:59,PM peak / evening commute,True,False,True,True
1356143,Injury,Minor/Other Injury,2024,2024,July,Monday,08:00 - 09:59,BARNEY,ST,0,Right on the spot,SHOALHAVEN,ST,KIAMA,,No,Not a school zone,X-intersection,-34.675421,150.850203,Kiama,Country urban,Rest of NSW - Urban,Straight,Steep grade,,,Unknown / not stated,Sealed,Dry,Fine,Daylight,Nil,Stop sign,50 km/h,Local,10,Cross traffic,101,Adj - Cross traffic,,Right angle,Light truck utility(from 2018),4 wheel drive / SUV,2,0,0,0,1,7,July,Winter,Monday,08:00 - 09:59,AM peak / school commute,True,False,True,True
1356144,Injury,Serious Injury,2024,2024,March,Sunday,14:00 - 15:59,BROUGHTON,ST,0,Right on the spot,MACQUARIE,AVE,CAMPBELLTOWN,7190.0,No,Not a school zone,T-junction,-34.07131,150.823577,Campbelltown,Sydney metro. area,Syd-Newc-Woll Gtr conurbation,Straight,Crest,,,Off,Sealed,Dry,Overcast,Daylight,Nil,Stop sign,60 km/h,Regional,14,2 right turning,105,Adj - Two right turning,,Right angle,Car (sedan/hatch),4 wheel drive / SUV,2,0,1,0,0,3,March,Autumn,Sunday,14:00 - 15:59,Midday / afternoon,False,False,True,True
1356145,Injury,Moderate Injury,2024,2024,June,Wednesday,14:00 - 15:59,GLADSTONE,AVE,20,South,COWELL,ST,RYDE,,No,Not a school zone,2-way undivided,-33.817956,151.105946,Ryde,Sydney metro. area,Syd-Newc-Woll Gtr conurbation,Straight,Steep grade,,,Nil,Sealed,Dry,Fine,Daylight,Nil,No traffic controls,50 km/h,Local,74,On road-out of cont.,705,Out of control on cway,,Rollover,Pedal cycle,,1,0,0,1,0,6,June,Winter,Wednesday,14:00 - 15:59,Midday / afternoon,False,False,True,True
1356148,Injury,Moderate Injury,2024,2024,March,Sunday,02:00 - 03:59,ELIZABETH,ST,0,Right on the spot,LENTON,PDE,WATERLOO,2083.0,No,Not a school zone,T-junction,-33.897684,151.206458,Sydney,Sydney metro. area,Syd-Newc-Woll Gtr conurbation,Straight,,,,On,Sealed,Wet,Raining,Darkness,Nil,No traffic controls,50 km/h,Regional,71,Off rd left => obj,703,Left off cway into object,,Other angle,Car (sedan/hatch),4 wheel drive / SUV,2,0,0,1,0,3,March,Autumn,Sunday,02:00 - 03:59,Late night / early morning,False,False,True,True
1356150,Injury,Minor/Other Injury,2024,2024,May,Wednesday,22:00 - Midnight,HOXTON PARK,RD,0,Right on the spot,BANKS,RD,MILLER,681.0,No,Not a school zone,T-junction,-33.927185,150.871714,Liverpool,Sydney metro. area,Syd-Newc-Woll Gtr conurbation,Straight,,,,Unknown / not stated,Sealed,Dry,Fine,Darkness,On,No traffic controls,70 km/h,State,23,Right/left,203,Opp - Right-left,,Other angle,4 wheel drive / SUV,Car (sedan/hatch),2,0,0,0,1,5,May,Autumn,Wednesday,22:00 - Midnight,Evening / night,False,False,True,True
1356151,Injury,Moderate Injury,2024,2024,June,Tuesday,14:00 - 15:59,GARSIDE,RD,0,Right on the spot,NUMBER 14,HN,MOLLYMOOK BEACH,,No,Not a school zone,2-way undivided,-35.329811,150.472319,Shoalhaven,Country urban,Rest of NSW - Urban,Straight,,,,Off,Sealed,Dry,Fine,Daylight,Nil,No traffic controls,50 km/h,Local,71,Off rd left => obj,703,Left off cway into object,,Vehicle - Object,Motorcycle,,1,0,0,1,0,6,June,Winter,Tuesday,14:00 - 15:59,Midday / afternoon,False,False,True,True
1356152,Injury,Minor/Other Injury,2024,2024,June,Saturday,18:00 - 19:59,PYRMONT BRIDGE,RD,0,Right on the spot,WESTERN DISTRIBUTOR,TO,PYRMONT,523.0,No,Not a school zone,Other,-33.872133,151.194034,Sydney,Sydney metro. area,Syd-Newc-Woll Gtr conurbation,Curved,Other bridge,,,Unknown / not stated,Sealed,Wet,Raining,Dusk,Nil,No traffic controls,60 km/h,State,30,Rear end,301,Same - Rear end,,Rear end,Car (sedan/hatch),Car (sedan/hatch),2,0,0,0,1,6,June,Winter,Saturday,18:00 - 19:59,PM peak / evening commute,True,False,True,True
1356153,Injury,Minor/Other Injury,2024,2024,June,Tuesday,08:00 - 09:59,PICCADILLY,ST,85,South,GARFIELD,RD,RIVERSTONE,,Yes,No,2-way undivided,-33.677376,150.867119,Blacktown,Sydney metro. area,Syd-Newc-Woll Gtr conurbation,Straight,,,,Off,Sealed,Dry,Fine,Daylight,Nil,Ped crossing,50 km/h,Local,0,Ped nearside,1,Ped - Near side,,Vehicle - Pedestrian,Unknown motor vehicle,Pedestrian,2,0,0,0,1,6,June,Winter,Tuesday,08:00 - 09:59,AM peak / school commute,True,False,True,True
1356154,Injury,Serious Injury,2024,2024,June,Monday,14:00 - 15:59,MITCHELL,HWY,50,North,WARNE,ST,WELLINGTON,7.0,No,Not a school zone,2-way undivided,-32.550574,148.940901,Dubbo Regional,Country urban,Rest of NSW - Urban,Straight,,,,Nil,Sealed,Dry,Fine,Daylight,Nil,No traffic controls,50 km/h,State,73,Off rd rght => obj,704,Right off cway into obj,,Other angle,Car (sedan/hatch),Car (sedan/hatch),2,0,1,0,0,6,June,Winter,Monday,14:00 - 15:59,Midday / afternoon,False,False,True,True
1356155,Injury,Moderate Injury,2024,2024,May,Monday,08:00 - 09:59,DARLING,DR,0,Right on the spot,PIER,ST,HAYMARKET,,No,Not a school zone,Roundabout,-33.877762,151.20049,Sydney,Sydney metro. area,Syd-Newc-Woll Gtr conurbation,Straight,Steep grade,,,Off,Sealed,Dry,Fine,Daylight,Nil,Give way sign,50 km/h,Local,10,Cross traffic,101,Adj - Cross traffic,,Right angle,Car (sedan/hatch),4 wheel drive / SUV,2,0,0,1,0,5,May,Autumn,Monday,08:00 - 09:59,AM peak / school commute,True,False,True,True
1356157,Injury,Minor/Other Injury,2024,2024,June,Friday,18:00 - 19:59,LUE,RD,0,Right on the spot,NUMBER 535,HN,MILROY,,No,Not a school zone,2-way undivided,-32.592332,149.64615,Mid-Western Regional,Country non-urban,Rest of NSW - Rural,Straight,,,,Unknown / not stated,Sealed,Wet,Raining,Darkness,Nil,No traffic controls,100 km/h,Local,30,Rear end,301,Same - Rear end,,Rear end,Car (sedan/hatch),4 wheel drive / SUV,2,0,0,0,1,6,June,Winter,Friday,18:00 - 19:59,PM peak / evening commute,True,False,True,True
1356159,Injury,Moderate Injury,2024,2024,June,Sunday,12:00 - 13:59,SHELLHARBOUR,RD,100,South,WINDANG,RD,PRIMBEE,522.0,No,Not a school zone,Divided road,-34.50837,150.87551,Wollongong,Wollongong met. area,Syd-Newc-Woll Gtr conurbation,Straight,,,,Unknown / not stated,Sealed,Dry,Overcast,Daylight,Nil,No traffic controls,80 km/h,State,71,Off rd left => obj,703,Left off cway into object,,Other angle,4 wheel drive / SUV,Car (sedan/hatch),2,0,0,1,0,6,June,Winter,Sunday,12:00 - 13:59,Midday / afternoon,False,False,True,True
1356160,Injury,Moderate Injury,2024,2024,June,Sunday,10:00 - 11:59,RESERVOIR,RD,0,Right on the spot,BOILER,CL,BLACKTOWN,683.0,No,Not a school zone,X-intersection,-33.800676,150.896404,Blacktown,Sydney metro. area,Syd-Newc-Woll Gtr conurbation,Curved,,,,Unknown / not stated,Sealed,Wet,Raining,Daylight,Nil,Give way sign,60 km/h,State,85,Off rt/lft bnd=>obj,706,Left turn,Right,Vehicle - Object,Light truck utility(from 2018),,1,0,0,1,0,6,June,Winter,Sunday,10:00 - 11:59,Midday / afternoon,False,False,True,True
1356161,Injury,Moderate Injury,2024,2024,June,Wednesday,22:00 - Midnight,WILLOUGHBY,RD,60,South,MOWBRAY,RD,WILLOUGHBY,641.0,No,Not a school zone,Divided road,-33.80408,151.199479,Willoughby,Sydney metro. area,Syd-Newc-Woll Gtr conurbation,Straight,Steep grade,,,On,Sealed,Dry,Fine,Darkness,Nil,No traffic controls,60 km/h,State,73,Off rd rght => obj,704,Right off cway into obj,,Vehicle - Object,Pedal cycle,,1,0,0,1,0,6,June,Winter,Wednesday,22:00 - Midnight,Evening / night,False,False,True,True
1356162,Injury,Serious Injury,2024,2024,May,Monday,02:00 - 03:59,COWPASTURE,RD,300,North,GREEN VALLEY,RD,CECIL HILLS,648.0,No,Not a school zone,Divided road,-33.897725,150.856255,Liverpool,Sydney metro. area,Syd-Newc-Woll Gtr conurbation,Curved,,,,On,Sealed,Wet,Raining,Darkness,Nil,No traffic controls,70 km/h,State,83,Off rt/rt bnd=>obj,803,Off right bend into obj,Right,Vehicle - Object,Car (sedan/hatch),,1,0,1,0,0,5,May,Autumn,Monday,02:00 - 03:59,Late night / early morning,False,False,True,True
1356163,Injury,Moderate Injury,2024,2024,June,Tuesday,08:00 - 09:59,REDLANDS,RD,10000,South,RIVERINA,HWY,RINGWOOD,,No,Not a school zone,2-way undivided,-35.863684,146.240889,Federation,Country non-urban,Rest of NSW - Rural,Straight,,,,Nil,Sealed,Wet,Raining,Daylight,Nil,No traffic controls,100 km/h,Local,67,Struck animal,609,On path - Hit animal,,Vehicle - Animal,Car (sedan/hatch),,1,0,0,1,0,6,June,Winter,Tuesday,08:00 - 09:59,AM peak / school commute,True,False,True,True
1356164,Injury,Moderate Injury,2024,2024,April,Sunday,20:00 - 21:59,BUNNERONG,RD,0,Right on the spot,NUMBER 359,HN,MAROUBRA,171.0,No,Not a school zone,Divided road,-33.943148,151.227221,Randwick,Sydney metro. area,Syd-Newc-Woll Gtr conurbation,Straight,,,,On,Sealed,Dry,Fine,Darkness,Nil,No traffic controls,60 km/h,State,71,Off rd left => obj,703,Left off cway into object,,Other angle,Car (sedan/hatch),Car (sedan/hatch),5,0,0,1,0,4,April,Autumn,Sunday,20:00 - 21:59,Evening / night,False,False,True,True
1356165,Injury,Moderate Injury,2024,2024,May,Wednesday,16:00 - 17:59,SHELLY BEACH,RD,505,East,KIRRANG,ST,SHELLY BEACH,,No,Not a school zone,2-way undivided,-33.370323,151.484886,Central Coast,Country urban,Syd-Newc-Woll Gtr conurbation,Straight,Spd hump/slow pt/chc,,,On,Sealed,Wet,Raining,Darkness,Nil,Ped crossing,40 km/h,Local,71,Off rd left => obj,703,Left off cway into object,,Vehicle - Object,Car (sedan/hatch),,1,0,0,1,0,5,May,Autumn,Wednesday,16:00 - 17:59,PM peak / evening commute,True,False,True,True
1356166,Injury,Minor/Other Injury,2024,2024,June,Saturday,14:00 - 15:59,KINGSGROVE,RD,0,Right on the spot,FORSYTH,ST,KINGSGROVE,2021.0,No,Not a school zone,X-intersection,-33.929307,151.098558,Canterbury-Bankstown,Sydney metro. area,Syd-Newc-Woll Gtr conurbation,Straight,,,,On,Sealed,Dry,Fine,Daylight,Unknown / not stated,No traffic controls,50 km/h,Regional,19,Other adjacent,100,Adj - other,,Right angle,Car (sedan/hatch),4 wheel drive / SUV,2,0,0,0,1,6,June,Winter,Saturday,14:00 - 15:59,Midday / afternoon,False,False,True,True
1356168,Injury,Serious Injury,2024,2024,July,Monday,06:00 - 07:59,MAIZE,ST,300,East,BYNG,ST,TENAMBIT,,No,Not a school zone,2-way undivided,-32.744035,151.609844,Maitland,Country urban,Rest of NSW - Urban,Straight,,,,Nil,Sealed,Wet,Raining,Daylight,Nil,No traffic controls,50 km/h,Local,20,Head on,201,Opp - Head on,,Head-on,Station wagon,4 wheel drive / SUV,3,0,2,1,0,7,July,Winter,Monday,06:00 - 07:59,AM peak / school commute,True,False,True,True
1356169,Injury,Serious Injury,2024,2024,June,Saturday,16:00 - 17:59,CENTRAL COAST,HWY,100,West,TUMBI,RD,WAMBERAL,30.0,No,Not a school zone,Divided road,-33.415713,151.44991,Central Coast,Country urban,Syd-Newc-Woll Gtr conurbation,Curved,,,,On,Sealed,Wet,Raining,Dusk,Nil,No traffic controls,60 km/h,State,20,Head on,201,Opp - Head on,,Head-on,Car (sedan/hatch),Light truck,2,0,1,1,0,6,June,Winter,Saturday,16:00 - 17:59,PM peak / evening commute,True,False,True,True
1356170,Injury,Moderate Injury,2024,2024,June,Thursday,16:00 - 17:59,KILLEATON,ST,0,Right on the spot,MEMORIAL,AVE,ST IVES,2043.0,No,Not a school zone,X-intersection,-33.726492,151.161663,Ku-ring-gai,Sydney metro. area,Syd-Newc-Woll Gtr conurbation,Straight,,,,Unknown / not stated,Sealed,Dry,Fine,Dusk,On,No traffic controls,60 km/h,Regional,21,Right through,202,Opp - Right-thru,,Other angle,Station wagon,4 wheel drive / SUV,2,0,0,1,1,6,June,Winter,Thursday,16:00 - 17:59,PM peak / evening commute,True,False,True,True
1356171,Injury,Minor/Other Injury,2024,2024,June,Friday,20:00 - 21:59,HARBORD,RD,0,Right on the spot,TRISTAN,PL,CAMPBELLTOWN,,No,Not a school zone,Roundabout,-34.048691,150.825998,Campbelltown,Sydney metro. area,Syd-Newc-Woll Gtr conurbation,Straight,,,,Unknown / not stated,Sealed,Dry,Fine,Darkness,Nil,Give way sign,50 km/h,Local,32,Right rear,303,Same - Rear right,,Rear end,Car (sedan/hatch),Car (sedan/hatch),2,0,0,0,1,6,June,Winter,Friday,20:00 - 21:59,Evening / night,False,False,True,True
1356176,Injury,Serious Injury,2024,2024,June,Saturday,08:00 - 09:59,BYLONG VALLEY,WAY,5000,South,WOLLAR,RD,BYLONG,215.0,No,Not a school zone,2-way undivided,-32.429213,150.092941,Mid-Western Regional,Country non-urban,Rest of NSW - Rural,Straight,,,,Nil,Sealed,Dry,Fine,Daylight,Nil,No traffic controls,100 km/h,Regional,73,Off rd rght => obj,704,Right off cway into obj,,Vehicle - Object,Car (sedan/hatch),,1,0,1,0,0,6,June,Winter,Saturday,08:00 - 09:59,AM peak / school commute,True,False,True,True
1356180,Injury,Minor/Other Injury,2024,2024,June,Sunday,14:00 - 15:59,BRISBANE WATER,DR,0,Right on the spot,BYARONG,AVE,POINT CLARE,349.0,No,Not a school zone,T-junction,-33.435812,151.318592,Central Coast,Country urban,Syd-Newc-Woll Gtr conurbation,Straight,,,,Unknown / not stated,Sealed,Dry,Fine,Daylight,Nil,Give way sign,60 km/h,State,30,Rear end,301,Same - Rear end,,Rear end,4 wheel drive / SUV,Car (sedan/hatch),3,0,0,0,2,6,June,Winter,Sunday,14:00 - 15:59,Midday / afternoon,False,False,True,True
1356181,Injury,Moderate Injury,2024,2024,May,Friday,14:00 - 15:59,ALISON,RD,0,Right on the spot,HOPE,ST,WYONG,,No,Not a school zone,X-intersection,-33.283023,151.421009,Central Coast,Country urban,Syd-Newc-Woll Gtr conurbation,Straight,,,,Off,Sealed,Dry,Fine,Daylight,Nil,Give way sign,50 km/h,Local,10,Cross traffic,101,Adj - Cross traffic,,Right angle,4 wheel drive / SUV,4 wheel drive / SUV,2,0,0,1,0,5,May,Autumn,Friday,14:00 - 15:59,Midday / afternoon,False,False,True,True
1356182,Injury,Serious Injury,2024,2024,April,Thursday,14:00 - 15:59,PACIFIC,HWY,1000,South,LAKE INNES,DR,LAKE INNES,10.0,No,Not a school zone,Divided road,-31.48596,152.80897,Port Macquarie-Hastings,Country non-urban,Rest of NSW - Rural,Straight,,,Flooded/submerged,Nil,Sealed,Wet,Raining,Daylight,Nil,No traffic controls,110 km/h,State,71,Off rd left => obj,703,Left off cway into object,,Vehicle - Object,Car (sedan/hatch),,1,0,1,1,0,4,April,Autumn,Thursday,14:00 - 15:59,Midday / afternoon,False,False,True,True
1356184,Injury,Moderate Injury,2024,2024,June,Monday,14:00 - 15:59,SCHOOL,ST,50,South,CLARENCE,ST,PORT MACQUARIE,,Yes,No,2-way undivided,-31.429354,152.913109,Port Macquarie-Hastings,Country urban,Rest of NSW - Urban,Straight,Driveway/entrance,,,Off,Sealed,Dry,Fine,Daylight,Nil,No traffic controls,50 km/h,Local,49,Other manoeuvring,400,Manov - other,,Other angle,Car (sedan/hatch),4 wheel drive / SUV,3,0,0,1,0,6,June,Winter,Monday,14:00 - 15:59,Midday / afternoon,False,False,True,True
1356189,Injury,Moderate Injury,2024,2024,June,Friday,06:00 - 07:59,HASSALL,ST,0,Right on the spot,CHIFLEY,ST,SMITHFIELD,646.0,No,Not a school zone,X-intersection,-33.846822,150.923059,Fairfield,Sydney metro. area,Syd-Newc-Woll Gtr conurbation,Straight,,,,Unknown / not stated,Sealed,Dry,Fine,Dawn,Nil,Give way sign,50 km/h,State,21,Right through,202,Opp - Right-thru,,Other angle,Light truck,Car (sedan/hatch),2,0,0,1,0,6,June,Winter,Friday,06:00 - 07:59,AM peak / school commute,True,False,True,True
1356190,Injury,Serious Injury,2024,2024,June,Wednesday,12:00 - 13:59,CHANDLERS,LANE,0,Right on the spot,YARRAMALONG,RD,WYONG CREEK,,No,Not a school zone,T-junction,-33.268366,151.337116,Central Coast,Country urban,Syd-Newc-Woll Gtr conurbation,Curved,Painted double centre lines,,,Off,Sealed,Dry,Overcast,Daylight,Nil,No traffic controls,80 km/h,Local,20,Head on,201,Opp - Head on,,Head-on,Motorcycle,4 wheel drive / SUV,2,0,1,0,0,6,June,Winter,Wednesday,12:00 - 13:59,Midday / afternoon,False,False,True,True
1356191,Injury,Minor/Other Injury,2024,2024,June,Friday,14:00 - 15:59,RICHMOND,RD,0,Right on the spot,GRANGE AVENUE,TO,MARSDEN PARK,537.0,No,Not a school zone,Divided road,-33.703732,150.836962,Blacktown,Sydney metro. area,Syd-Newc-Woll Gtr conurbation,Straight,,,,Unknown / not stated,Sealed,Dry,Fine,Daylight,Nil,Give way sign,80 km/h,State,30,Rear end,301,Same - Rear end,,Rear end,Light truck utility(from 2018),Light truck utility(from 2018),2,0,0,0,2,6,June,Winter,Friday,14:00 - 15:59,Midday / afternoon,False,False,True,True
1356194,Injury,Serious Injury,2024,2024,June,Tuesday,06:00 - 07:59,DENMAN,RD,900,West,EDDERTON,RD,MUSWELLBROOK,209.0,No,Not a school zone,2-way undivided,-32.319118,150.810323,Muswellbrook,Country non-urban,Rest of NSW - Rural,Curved,Painted double centre lines,,,Nil,Sealed,Dry,Fine,Dawn,Nil,No traffic controls,100 km/h,State,20,Head on,201,Opp - Head on,,Head-on,Car (sedan/hatch),4 wheel drive / SUV,2,0,2,0,0,6,June,Winter,Tuesday,06:00 - 07:59,AM peak / school commute,True,False,True,True
1356196,Injury,Moderate Injury,2024,2024,February,Saturday,18:00 - 19:59,ABERDEEN,RD,0,Right on the spot,NUMBER 38,HN,BUSBY,,No,Not a school zone,2-way undivided,-33.91491,150.883605,Liverpool,Sydney metro. area,Syd-Newc-Woll Gtr conurbation,Straight,,,,Nil,Sealed,Dry,Fine,Dusk,Nil,No traffic controls,50 km/h,Local,71,Off rd left => obj,703,Left off cway into object,,Other angle,Car (sedan/hatch),Station wagon,4,0,0,1,0,2,February,Summer,Saturday,18:00 - 19:59,PM peak / evening commute,True,False,True,True
1356197,Injury,Moderate Injury,2024,2024,February,Friday,06:00 - 07:59,EPPING,RD,0,Right on the spot,BALACLAVA,RD,MARSFIELD,373.0,No,Not a school zone,X-intersection,-33.777746,151.108073,Ryde,Sydney metro. area,Syd-Newc-Woll Gtr conurbation,Straight,,,,Off,Sealed,Wet,Overcast,Dawn,On,No traffic controls,70 km/h,State,30,Rear end,301,Same - Rear end,,Rear end,Car (sedan/hatch),Car (sedan/hatch),2,0,0,1,0,2,February,Summer,Friday,06:00 - 07:59,AM peak / school commute,True,False,True,True
1356199,Injury,Minor/Other Injury,2024,2024,July,Tuesday,08:00 - 09:59,PIPER,DR,380,North,SOLSTICE,DR,DUNMORE,,No,Not a school zone,2-way undivided,-34.58966,150.845588,Shellharbour,Wollongong met. area,Syd-Newc-Woll Gtr conurbation,Curved,Foot/cycle path/nature strip,,,Off,Sealed,Dry,Fine,Daylight,Nil,No traffic controls,50 km/h,Local,48,From footpath,408,Manov - From footway,,Other angle,Pedal cycle,Large rigid,2,0,0,0,1,7,July,Winter,Tuesday,08:00 - 09:59,AM peak / school commute,True,False,True,True
1356200,Injury,Minor/Other Injury,2024,2024,June,Wednesday,18:00 - 19:59,FERRERS,RD,240,West,BRABHAM,DR,EASTERN CREEK,7153.0,No,Not a school zone,2-way undivided,-33.802055,150.867306,Blacktown,Sydney metro. area,Syd-Newc-Woll Gtr conurbation,Straight,,Roadwks/Detour/Diverson,,On,Sealed,Dry,Fine,Darkness,Nil,No traffic controls,40 km/h,Regional,73,Off rd rght => obj,704,Right off cway into obj,,Vehicle - Object,4 wheel drive / SUV,,1,0,0,0,1,6,June,Winter,Wednesday,18:00 - 19:59,PM peak / evening commute,True,False,True,True
1356203,Injury,Moderate Injury,2024,2024,June,Thursday,14:00 - 15:59,STARKEY,ST,0,Right on the spot,TYRONE,AVE,FORESTVILLE,,No,Not a school zone,Roundabout,-33.763424,151.216219,Northern Beaches,Sydney metro. area,Syd-Newc-Woll Gtr conurbation,Straight,,,,Unknown / not stated,Sealed,Dry,Fine,Daylight,Nil,Give way sign,50 km/h,Local,49,Other manoeuvring,400,Manov - other,,Other angle,Station wagon,Car (sedan/hatch),2,0,0,1,0,6,June,Winter,Thursday,14:00 - 15:59,Midday / afternoon,False,False,True,True
1356204,Injury,Moderate Injury,2024,2024,June,Saturday,16:00 - 17:59,GREAT WESTERN,HWY,0,Right on the spot,NORTON,ST,PETERSHAM,5.0,No,Not a school zone,T-junction,-33.888274,151.157627,Inner West,Sydney metro. area,Syd-Newc-Woll Gtr conurbation,Straight,,,,On,Sealed,Wet,Raining,Darkness,On,No traffic controls,60 km/h,State,2,Ped far side,3,Ped - Far side,,Vehicle - Pedestrian,4 wheel drive / SUV,Pedestrian,2,0,0,1,0,6,June,Winter,Saturday,16:00 - 17:59,PM peak / evening commute,True,False,True,True