crash_id,degree_of_crash,degree_of_crash_-_detailed,reporting_year,year_of_crash,month_of_crash,day_of_week_of_crash,two-hour_intervals,street_of_crash,street_type,distance,direction,identifying_feature,identifying_feature_type,town,route_no.,school_zone_location,school_zone_active,type_of_location,latitude,longitude,lga,urbanisation,conurbation_1,alignment,primary_permanent_feature,primary_temporary_feature,primary_hazardous_feature,street_lighting,road_surface,surface_condition,weather,natural_lighting,signals_operation,other_traffic_control,speed_limit,road_classification_(admin),rum_-_code,rum_-_description,dca_-_code,dca_-_description,dca_supplement,first_impact_type,key_tu_type,other_tu_type,no._of_traffic_units_involved,no._killed,no._seriously_injured,no._moderately_injured,no._minor-other_injured,month_num,month_label,season,day_label,time_label,time_band,is_peak_commute,is_fatal,is_injury,is_casualty
1356206,Injury,Moderate Injury,2024,2024,February,Friday,10:00 - 11:59,GREAT WESTERN,HWY,400,East,TOLLGATE,DR,LINDEN,5.0,No,Not a school zone,Divided road,-33.719171,150.495629,Blue Mountains,Country urban,Syd-Newc-Woll Gtr conurbation,Curved,,,,Nil,Sealed,Dry,Fine,Daylight,Nil,No traffic controls,80 km/h,State,34,Lane change right,306,Same - Lane change right,,Other angle,Semi-trailer,Car (sedan/hatch),2,0,0,1,1,2,February,Summer,Friday,10:00 - 11:59,Midday / afternoon,False,False,True,True
1356211,Injury,Moderate Injury,2024,2024,May,Monday,14:00 - 15:59,WESTERN,EXP,100,West,PROSPECT HIGHWAY,TO,PROSPECT,6004.0,No,Not a school zone,Dual freeway,-33.804626,150.909251,Blacktown,Sydney metro. area,Syd-Newc-Woll Gtr conurbation,Straight,,,,Off,Sealed,Dry,Fine,Daylight,Nil,No traffic controls,100 km/h,State,74,On road-out of cont.,705,Out of control on cway,,Rollover,Motorcycle,,1,0,0,1,0,5,May,Autumn,Monday,14:00 - 15:59,Midday / afternoon,False,False,True,True
1356213,Injury,Minor/Other Injury,2024,2024,June,Sunday,14:00 - 15:59,WENTWORTH,AVE,0,Right on the spot,ALFRED,ST,MASCOT,344.0,No,Not a school zone,X-intersection,-33.934183,151.197085,Bayside,Sydney metro. area,Syd-Newc-Woll Gtr conurbation,Straight,,,,Unknown / not stated,Sealed,Dry,Fine,Daylight,Nil,Give way sign,60 km/h,State,32,Right rear,303,Same - Rear right,,Rear end,Car (sedan/hatch),Car (sedan/hatch),3,0,0,0,1,6,June,Winter,Sunday,14:00 - 15:59,Midday / afternoon,False,False,True,True
1356215,Injury,Minor/Other Injury,2024,2024,June,Sunday,16:00 - 17:59,HUME,HWY,100,East,ARDENNES,AVE,EDMONDSON PARK,2.0,No,Not a school zone,Divided road,-33.956417,150.873786,Liverpool,Sydney metro. area,Syd-Newc-Woll Gtr conurbation,Straight,,,,Unknown / not stated,Sealed,Dry,Fine,Daylight,Nil,No traffic controls,70 km/h,State,30,Rear end,301,Same - Rear end,,Rear end,4 wheel drive / SUV,Light truck utility(from 2018),2,0,0,0,1,6,June,Winter,Sunday,16:00 - 17:59,PM peak / evening commute,True,False,True,True
1356221,Injury,Minor/Other Injury,2024,2024,July,Thursday,12:00 - 13:59,ABBOTT,RD,0,Right on the spot,NUMBER 36,HN,SEVEN HILLS,644.0,No,Not a school zone,Divided road,-33.766706,150.953351,Blacktown,Sydney metro. area,Syd-Newc-Woll Gtr conurbation,Straight,Driveway/entrance,,,Unknown / not stated,Sealed,Wet,Fine,Daylight,Nil,No traffic controls,60 km/h,State,47,Emerging from drive,406,Manov - Emerging from driveway,,Right angle,Car (sedan/hatch),Car (sedan/hatch),2,0,0,0,1,7,July,Winter,Thursday,12:00 - 13:59,Midday / afternoon,False,False,True,True
1356223,Injury,Serious Injury,2024,2024,February,Saturday,04:00 - 05:59,PACIFIC,HWY,9680,South,SWAN BAY NEW ITALY ROAD,TO,TABBIMOBLE,10.0,No,Not a school zone,Divided road,-29.231264,153.252827,Richmond Valley,Country non-urban,Rest of NSW - Rural,Straight,B'down lane/road shldr,,,Nil,Sealed,Dry,Overcast,Darkness,Nil,No traffic controls,110 km/h,State,71,Off rd left => obj,703,Left off cway into object,,Other angle,Semi-trailer,Light truck utility(from 2018),2,0,1,1,0,2,February,Summer,Saturday,04:00 - 05:59,Late night / early morning,False,False,True,True
1356225,Injury,Moderate Injury,2024,2024,April,Friday,18:00 - 19:59,SHOWGROUND,RD,150,West,GILBERT,RD,CASTLE HILL,157.0,No,Not a school zone,Divided road,-33.72339,150.984455,The Hills,Sydney metro. area,Syd-Newc-Woll Gtr conurbation,Curved,Embankment/cutting,,,On,Sealed,Dry,Fine,Darkness,Nil,No traffic controls,60 km/h,State,87,Off lft/lft bnd=>obj,804,Off left bend into obj,Left,Vehicle - Object,Car (sedan/hatch),,1,0,0,1,0,4,April,Autumn,Friday,18:00 - 19:59,PM peak / evening commute,True,False,True,True
1356226,Injury,Minor/Other Injury,2024,2024,March,Sunday,04:00 - 05:59,PACIFIC,HWY,220,South,CORKWOOD ROAD,TO,NAMBUCCA HEADS,10.0,No,Not a school zone,Divided road,-30.632252,152.9734,Nambucca Valley,Country non-urban,Rest of NSW - Rural,Straight,Other bridge,,,Nil,Sealed,Dry,Fine,Darkness,Nil,No traffic controls,110 km/h,State,73,Off rd rght => obj,704,Right off cway into obj,,Vehicle - Object,Car (sedan/hatch),,1,0,0,0,1,3,March,Autumn,Sunday,04:00 - 05:59,Late night / early morning,False,False,True,True
1356227,Injury,Serious Injury,2024,2024,March,Friday,18:00 - 19:59,PIALLAWAY,RD,0,Right on the spot,SCOTTS,LANE,CURRABUBULA,,No,Not a school zone,T-junction,-31.247269,150.68364,Liverpool Plains,Country non-urban,Rest of NSW - Rural,Straight,Causeway,,,Nil,Sealed,Dry,Fine,Dusk,Nil,No traffic controls,100 km/h,Local,72,Off road to right,702,Off carriageway to right,,Rollover,Light truck utility(from 2018),,1,0,1,0,0,3,March,Autumn,Friday,18:00 - 19:59,PM peak / evening commute,True,False,True,True
1356228,Injury,Serious Injury,2024,2024,April,Friday,02:00 - 03:59,CAOURA,RD,2000,South,GOLD FIELD,RD,TALLONG,,No,Not a school zone,2-way undivided,-34.742666,150.098021,Goulburn Mulwaree,Country non-urban,Rest of NSW - Rural,Straight,,,,Nil,Sealed,Dry,Fog or mist,Darkness,Nil,No traffic controls,100 km/h,Local,67,Struck animal,609,On path - Hit animal,,Vehicle - Animal,Car (sedan/hatch),,1,0,1,0,0,4,April,Autumn,Friday,02:00 - 03:59,Late night / early morning,False,False,True,True
1356229,Injury,Serious Injury,2024,2024,June,Tuesday,08:00 - 09:59,OLD STOCK ROUTE,RD,0,Right on the spot,WOLSELEY,RD,OAKVILLE,,No,Not a school zone,X-intersection,-33.622621,150.854054,Hawkesbury,Country urban,Syd-Newc-Woll Gtr conurbation,Straight,,,,Nil,Sealed,Dry,Fine,Daylight,Nil,Stop sign,70 km/h,Local,10,Cross traffic,101,Adj - Cross traffic,,Right angle,4 wheel drive / SUV,Car (sedan/hatch),2,0,1,0,0,6,June,Winter,Tuesday,08:00 - 09:59,AM peak / school commute,True,False,True,True
1356231,Injury,Moderate Injury,2024,2024,March,Wednesday,02:00 - 03:59,MID WESTERN,HWY,200,South,BRADY,RD,CARCOAR,6.0,No,Not a school zone,2-way undivided,-33.602074,149.152348,Blayney,Country non-urban,Rest of NSW - Rural,Straight,Steep grade,,,Nil,Sealed,Dry,Fine,Darkness,Nil,No traffic controls,100 km/h,State,73,Off rd rght => obj,704,Right off cway into obj,,Vehicle - Object,Light truck utility(from 2018),,1,0,0,1,0,3,March,Autumn,Wednesday,02:00 - 03:59,Late night / early morning,False,False,True,True
1356234,Injury,Moderate Injury,2024,2024,February,Tuesday,16:00 - 17:59,THE RIDGEWAY,MS,0,Right on the spot,NUMBER 129,HN,LISAROW,,No,Not a school zone,2-way undivided,-33.392129,151.393056,Central Coast,Country urban,Syd-Newc-Woll Gtr conurbation,Straight,,,,Unknown / not stated,Sealed,Wet,Unknown,Daylight,Nil,No traffic controls,60 km/h,Local,71,Off rd left => obj,703,Left off cway into object,,Vehicle - Object,Car (sedan/hatch),,1,0,0,1,0,2,February,Summer,Tuesday,16:00 - 17:59,PM peak / evening commute,True,False,True,True
1356236,Injury,Moderate Injury,2024,2024,June,Wednesday,14:00 - 15:59,BRUXNER,HWY,0,Right on the spot,NUMBER 129,HN,EAST LISMORE,16.0,No,Not a school zone,Divided road,-28.814706,153.282392,Lismore,Country urban,Rest of NSW - Urban,Straight,,,,Off,Sealed,Dry,Fine,Daylight,Nil,No traffic controls,60 km/h,State,71,Off rd left => obj,703,Left off cway into object,,Other angle,Car (sedan/hatch),4 wheel drive / SUV,4,0,0,1,0,6,June,Winter,Wednesday,14:00 - 15:59,Midday / afternoon,False,False,True,True
1356240,Injury,Minor/Other Injury,2024,2024,June,Wednesday,06:00 - 07:59,FREDERICK,ST,10,West,HERBERT,ST,ARTARMON,,No,Not a school zone,T-junction,-33.816581,151.191276,Willoughby,Sydney metro. area,Syd-Newc-Woll Gtr conurbation,Straight,,,,Unknown / not stated,Sealed,Dry,Fine,Daylight,On,No traffic controls,40 km/h,Local,30,Rear end,301,Same - Rear end,,Rear end,Car (sedan/hatch),Car (sedan/hatch),3,0,0,0,1,6,June,Winter,Wednesday,06:00 - 07:59,AM peak / school commute,True,False,True,True
1356243,Injury,Moderate Injury,2024,2024,June,Tuesday,12:00 - 13:59,MACQUARIE,DR,250,South,TINGIRA,DR,CROUDACE BAY,527.0,No,Not a school zone,2-way undivided,-33.005071,151.643355,Lake Macquarie,Newcastle met. area,Syd-Newc-Woll Gtr conurbation,Straight,Painted double centre lines,,,Unknown / not stated,Sealed,Dry,Fine,Daylight,Nil,No traffic controls,60 km/h,State,30,Rear end,301,Same - Rear end,,Rear end,Station wagon,4 wheel drive / SUV,4,0,0,1,0,6,June,Winter,Tuesday,12:00 - 13:59,Midday / afternoon,False,False,True,True
1356245,Injury,Minor/Other Injury,2024,2024,April,Tuesday,18:00 - 19:59,DEBRINCAT,AVE,0,Right on the spot,BORONIA,RD,NORTH ST MARYS,7168.0,No,Not a school zone,X-intersection,-33.754238,150.788725,Penrith,Sydney metro. area,Syd-Newc-Woll Gtr conurbation,Straight,,,,On,Sealed,Dry,Fine,Dusk,Nil,Give way sign,50 km/h,Regional,10,Cross traffic,101,Adj - Cross traffic,,Right angle,Light truck utility(from 2018),4 wheel drive / SUV,2,0,0,0,1,4,April,Autumn,Tuesday,18:00 - 19:59,PM peak / evening commute,True,False,True,True
1356246,Injury,Moderate Injury,2024,2024,March,Saturday,20:00 - 21:59,PACIFIC,HWY,175,South,LYONS ROAD,TO,BONVILLE,10.0,No,Not a school zone,Divided road,-30.354125,153.063528,Coffs Harbour,Country non-urban,Rest of NSW - Rural,Curved,Embankment/cutting,,,On,Sealed,Wet,Raining,Darkness,Nil,No traffic controls,100 km/h,State,83,Off rt/rt bnd=>obj,803,Off right bend into obj,Right,Vehicle - Object,4 wheel drive / SUV,,1,0,0,1,0,3,March,Autumn,Saturday,20:00 - 21:59,Evening / night,False,False,True,True
1356251,Injury,Serious Injury,2024,2024,May,Thursday,20:00 - 21:59,KINGS,AVE,40,West,SHEFFIELD,DR,TERRIGAL,,No,Not a school zone,2-way undivided,-33.442978,151.420018,Central Coast,Country urban,Syd-Newc-Woll Gtr conurbation,Curved,Steep grade,,,Nil,Sealed,Dry,Fine,Darkness,Nil,No traffic controls,50 km/h,Local,85,Off rt/lft bnd=>obj,804,Off left bend into obj,Right,Vehicle - Object,4 wheel drive / SUV,,1,0,1,0,0,5,May,Autumn,Thursday,20:00 - 21:59,Evening / night,False,False,True,True
1356253,Injury,Moderate Injury,2024,2024,March,Sunday,22:00 - Midnight,NEW ENGLAND,HWY,400,South,MAGPIE,ST,MCDOUGALLS HILL,9.0,No,Not a school zone,Divided road,-32.545494,151.149632,Singleton,Country urban,Rest of NSW - Urban,Curved,,Police pursuit,,On,Sealed,Dry,Fine,Darkness,Nil,No traffic controls,80 km/h,State,85,Off rt/lft bnd=>obj,804,Off left bend into obj,Right,Vehicle - Object,4 wheel drive / SUV,,1,0,0,1,0,3,March,Autumn,Sunday,22:00 - Midnight,Evening / night,False,False,True,True
1356257,Injury,Serious Injury,2024,2024,June,Wednesday,10:00 - 11:59,PACIFIC,HWY,150,West,LUCCA,RD,WYONG,10.0,No,Not a school zone,Divided road,-33.269165,151.439849,Central Coast,Country urban,Syd-Newc-Woll Gtr conurbation,Straight,,,,Nil,Sealed,Dry,Fine,Daylight,Nil,No traffic controls,70 km/h,State,30,Rear end,301,Same - Rear end,,Rear end,Motorcycle,Car (sedan/hatch),2,0,1,0,1,6,June,Winter,Wednesday,10:00 - 11:59,Midday / afternoon,False,False,True,True
1356259,Injury,Serious Injury,2024,2024,June,Tuesday,16:00 - 17:59,MITCHELL,HWY,0,Right on the spot,NUMBER 1,HN,WEST BATHURST,7.0,No,Not a school zone,2-way undivided,-33.418724,149.56353,Bathurst Regional,Country urban,Rest of NSW - Urban,Curved,Painted double centre lines,,,Nil,Sealed,Dry,Fine,Daylight,Nil,No traffic controls,60 km/h,State,40,U turn,207,Opp - U-turn,,Other angle,Car (sedan/hatch),Large rigid,2,0,1,0,1,6,June,Winter,Tuesday,16:00 - 17:59,PM peak / evening commute,True,False,True,True
1356262,Injury,Serious Injury,2024,2024,May,Saturday,12:00 - 13:59,CHURNWOOD,DR,0,Right on the spot,MINMI,RD,MARYLAND,,No,Not a school zone,X-intersection,-32.877562,151.647809,Newcastle,Newcastle met. area,Syd-Newc-Woll Gtr conurbation,Straight,,,,Off,Sealed,Wet,Raining,Daylight,On,No traffic controls,60 km/h,Local,21,Right through,202,Opp - Right-thru,,Other angle,4 wheel drive / SUV,Car (sedan/hatch),2,0,1,0,0,5,May,Autumn,Saturday,12:00 - 13:59,Midday / afternoon,False,False,True,True
1356264,Injury,Serious Injury,2024,2024,February,Saturday,18:00 - 19:59,MARS,RD,124,East,CHAPLIN,DR,LANE COVE WEST,,No,Not a school zone,2-way undivided,-33.811064,151.150007,Lane Cove,Sydney metro. area,Syd-Newc-Woll Gtr conurbation,Straight,Driveway/entrance,,,Off,Sealed,Dry,Fine,Daylight,Nil,No traffic controls,50 km/h,Local,47,Emerging from drive,406,Manov - Emerging from driveway,,Right angle,Car (sedan/hatch),Motor scooter,2,0,1,1,0,2,February,Summer,Saturday,18:00 - 19:59,PM peak / evening commute,True,False,True,True
1356265,Injury,Moderate Injury,2024,2024,June,Thursday,14:00 - 15:59,CUMBERLAND,HWY,0,Right on the spot,PARKES,ST,THORNLEIGH,13.0,No,Not a school zone,X-intersection,-33.730782,151.081153,Hornsby,Sydney metro. area,Syd-Newc-Woll Gtr conurbation,Straight,,,,Off,Sealed,Dry,Fine,Daylight,On,No traffic controls,70 km/h,State,13,Right near,104,Adj - Right-thru from right,,Right angle,Car (sedan/hatch),4 wheel drive / SUV,2,0,0,1,0,6,June,Winter,Thursday,14:00 - 15:59,Midday / afternoon,False,False,True,True
1356266,Injury,Moderate Injury,2024,2024,July,Wednesday,10:00 - 11:59,BOWMAN,ST,0,Right on the spot,QUEEN,ST,MUSWELLBROOK,,No,Not a school zone,X-intersection,-32.263889,150.904404,Muswellbrook,Country urban,Rest of NSW - Urban,Straight,,,,Nil,Sealed,Dry,Fine,Daylight,Nil,Give way sign,50 km/h,Local,10,Cross traffic,101,Adj - Cross traffic,,Right angle,Car (sedan/hatch),Station wagon,2,0,0,1,0,7,July,Winter,Wednesday,10:00 - 11:59,Midday / afternoon,False,False,True,True
1356272,Injury,Moderate Injury,2024,2024,June,Monday,14:00 - 15:59,GORE,ST,0,Right on the spot,TABLE,ST,PORT MACQUARIE,,No,Not a school zone,X-intersection,-31.437081,152.902901,Port Macquarie-Hastings,Country urban,Rest of NSW - Urban,Straight,Embankment/cutting,,,Off,Sealed,Dry,Fine,Daylight,Nil,Give way sign,50 km/h,Local,10,Cross traffic,101,Adj - Cross traffic,,Right angle,Light truck utility(from 2018),Car (sedan/hatch),2,0,0,2,0,6,June,Winter,Monday,14:00 - 15:59,Midday / afternoon,False,False,True,True
1356277,Injury,Serious Injury,2024,2024,June,Thursday,08:00 - 09:59,CRESCENT,ST,0,Right on the spot,ROBERT,ST,ROZELLE,7317.0,No,Not a school zone,T-junction,-33.86668,151.175489,Inner West,Sydney metro. area,Syd-Newc-Woll Gtr conurbation,Straight,Steep grade,,,Nil,Sealed,Dry,Fine,Daylight,Nil,No traffic controls,40 km/h,Regional,13,Right near,104,Adj - Right-thru from right,,Right angle,4 wheel drive / SUV,Motor scooter,2,0,1,0,0,6,June,Winter,Thursday,08:00 - 09:59,AM peak / school commute,True,False,True,True
1356282,Injury,Moderate Injury,2024,2024,May,Wednesday,08:00 - 09:59,EVANS,ST,0,Right on the spot,DUMARESQ,ST,WEST WYALONG,,Yes,No,T-junction,-33.916115,147.203538,Bland,Country urban,Rest of NSW - Urban,Straight,,,,Nil,Sealed,Dry,Fine,Daylight,Nil,No traffic controls,50 km/h,Local,3,Ped on carriageway,4,Ped - On carriageway,,Vehicle - Pedestrian,Car (sedan/hatch),Pedestrian,2,0,0,1,0,5,May,Autumn,Wednesday,08:00 - 09:59,AM peak / school commute,True,False,True,True
1356283,Injury,Serious Injury,2024,2024,March,Thursday,16:00 - 17:59,NORTHLAKES,DR,0,Right on the spot,NUMBER 129A,HN,CAMERON PARK,,No,Not a school zone,2-way undivided,-32.909086,151.608617,Lake Macquarie,Newcastle met. area,Syd-Newc-Woll Gtr conurbation,Curved,,,,Off,Sealed,Dry,Fine,Daylight,Nil,No traffic controls,50 km/h,Local,20,Head on,201,Opp - Head on,,Head-on,Car (sedan/hatch),Light truck utility(from 2018),2,0,1,0,0,3,March,Autumn,Thursday,16:00 - 17:59,PM peak / evening commute,True,False,True,True
1356284,Injury,Serious Injury,2024,2024,June,Friday,16:00 - 17:59,LANG,ST,17,West,GASWORKS,ST,GLEN INNES,,No,Not a school zone,2-way undivided,-29.742635,151.731707,Glen Innes Severn,Country urban,Rest of NSW - Urban,Straight,Narrow/1-lane bridge,,,Off,Sealed,Dry,Fine,Daylight,Nil,No traffic controls,50 km/h,Local,71,Off rd left => obj,703,Left off cway into object,,Vehicle - Object,4 wheel drive / SUV,,1,0,1,0,0,6,June,Winter,Friday,16:00 - 17:59,PM peak / evening commute,True,False,True,True
1356286,Injury,Moderate Injury,2024,2024,June,Sunday,10:00 - 11:59,BEXLEY,RD,0,Right on the spot,KINGSGROVE,AVE,BEXLEY NORTH,169.0,No,Not a school zone,T-junction,-33.936931,151.113418,Bayside,Sydney metro. area,Syd-Newc-Woll Gtr conurbation,Straight,Steep grade,,,Unknown / not stated,Sealed,Wet,Raining,Daylight,On,No traffic controls,60 km/h,State,30,Rear end,301,Same - Rear end,,Rear end,4 wheel drive / SUV,Car (sedan/hatch),2,0,0,1,0,6,June,Winter,Sunday,10:00 - 11:59,Midday / afternoon,False,False,True,True
1356287,Injury,Minor/Other Injury,2024,2024,June,Thursday,06:00 - 07:59,WOLSELEY,ST,100,West,MULGOA,RD,JAMISONTOWN,,No,Not a school zone,Divided road,-33.770405,150.672822,Penrith,Sydney metro. area,Syd-Newc-Woll Gtr conurbation,Curved,Underpass/tunnel,,,Unknown / not stated,Sealed,Dry,Fine,Daylight,Nil,No traffic controls,50 km/h,Local,33,Lane sideswipe,305,Same - Lane side swipe,,Other angle,4 wheel drive / SUV,Unknown motor vehicle,2,0,0,0,1,6,June,Winter,Thursday,06:00 - 07:59,AM peak / school commute,True,False,True,True
1356288,Injury,Serious Injury,2024,2024,April,Saturday,16:00 - 17:59,SPLITTERS CREEK,RD,250,North,YARALLAH,CT,SPLITTERS CREEK,,No,Not a school zone,2-way undivided,-36.042141,146.835495,Albury,Country urban,Rest of NSW - Urban,Curved,Ditch/drain/culvert,,,Nil,Sealed,Dry,Fine,Daylight,Nil,No traffic controls,80 km/h,Local,82,Off right/right bend,801,Off cway right bend,Right,Rollover,Car (sedan/hatch),,1,0,1,0,0,4,April,Autumn,Saturday,16:00 - 17:59,PM peak / evening commute,True,False,True,True
1356289,Injury,Serious Injury,2024,2024,June,Sunday,10:00 - 11:59,BOWMANS CREEK,RD,500,West,MARSHALLS,RD,BOWMANS CREEK,,No,Not a school zone,2-way undivided,-32.268733,151.146599,Singleton,Country non-urban,Rest of NSW - Rural,Curved,,,,Nil,Sealed,Dry,Fine,Daylight,Nil,No traffic controls,100 km/h,Local,88,Out of cont on bend,805,Out of control on bend,,Rollover,Motorcycle,,1,0,1,0,0,6,June,Winter,Sunday,10:00 - 11:59,Midday / afternoon,False,False,True,True
1356292,Injury,Moderate Injury,2024,2024,May,Wednesday,16:00 - 17:59,ELIZABETH,DR,0,Right on the spot,RESERVOIR,RD,MOUNT PRITCHARD,535.0,No,Not a school zone,T-junction,-33.91358,150.906814,Liverpool,Sydney metro. area,Syd-Newc-Woll Gtr conurbation,Straight,,,,Off,Sealed,Wet,Raining,Daylight,Nil,Give way sign,70 km/h,State,13,Right near,104,Adj - Right-thru from right,,Right angle,Car (sedan/hatch),Car (sedan/hatch),2,0,0,1,0,5,May,Autumn,Wednesday,16:00 - 17:59,PM peak / evening commute,True,False,True,True
1356293,Injury,Moderate Injury,2024,2024,June,Friday,16:00 - 17:59,SOUTH WESTERN,EXP,10,East,FAIRFORD ROAD,OP,PADSTOW,6005.0,No,Not a school zone,Dual freeway,-33.940311,151.035786,Canterbury-Bankstown,Sydney metro. area,Syd-Newc-Woll Gtr conurbation,Straight,Underpass/tunnel,,,Nil,Sealed,Dry,Fine,Dusk,Nil,No traffic controls,100 km/h,State,30,Rear end,301,Same - Rear end,,Rear end,Light truck,4 wheel drive / SUV,2,0,0,2,0,6,June,Winter,Friday,16:00 - 17:59,PM peak / evening commute,True,False,True,True
1356294,Injury,Minor/Other Injury,2024,2024,July,Monday,10:00 - 11:59,JERVIS BAY,RD,0,Right on the spot,HUSKISSON,RD,HUSKISSON,312.0,No,Not a school zone,T-junction,-35.036557,150.629174,Shoalhaven,Country urban,Rest of NSW - Urban,Straight,Embankment/cutting,,,Nil,Sealed,Dry,Fine,Daylight,Nil,Give way sign,80 km/h,Regional,13,Right near,104,Adj - Right-thru from right,,Right angle,4 wheel drive / SUV,4 wheel drive / SUV,2,0,0,0,1,7,July,Winter,Monday,10:00 - 11:59,Midday / afternoon,False,False,True,True
1356296,Injury,Moderate Injury,2024,2024,April,Monday,12:00 - 13:59,WYEE,RD,0,Right on the spot,JILLIBY,ST,WYEE,454.0,No,Not a school zone,X-intersection,-33.175803,151.484956,Lake Macquarie,Newcastle met. area,Syd-Newc-Woll Gtr conurbation,Straight,,,,Nil,Sealed,Dry,Fine,Daylight,Nil,Stop sign,60 km/h,Regional,32,Right rear,303,Same - Rear right,,Rear end,Car (sedan/hatch),Light truck utility(from 2018),2,0,0,1,0,4,April,Autumn,Monday,12:00 - 13:59,Midday / afternoon,False,False,True,True
1356298,Injury,Moderate Injury,2024,2024,May,Wednesday,12:00 - 13:59,DURHAM,RD,0,Right on the spot,GOROKAN,DR,LAKE HAVEN,,No,Not a school zone,T-junction,-33.248939,151.50104,Central Coast,Country urban,Syd-Newc-Woll Gtr conurbation,Straight,,,,Nil,Sealed,Dry,Fine,Daylight,Nil,No traffic controls,50 km/h,Local,32,Right rear,303,Same - Rear right,,Rear end,Car (sedan/hatch),Car (sedan/hatch),2,0,0,2,0,5,May,Autumn,Wednesday,12:00 - 13:59,Midday / afternoon,False,False,True,True
1356300,Injury,Moderate Injury,2024,2024,June,Monday,16:00 - 17:59,WESTERN,EXP,150,West,BURNETT STREET,OP,MERRYLANDS,6004.0,No,Not a school zone,Dual freeway,-33.823248,150.986747,Cumberland,Sydney metro. area,Syd-Newc-Woll Gtr conurbation,Straight,,,,Unknown / not stated,Sealed,Dry,Fine,Daylight,Nil,No traffic controls,90 km/h,State,30,Rear end,301,Same - Rear end,,Rear end,Light truck utility(from 2018),4 wheel drive / SUV,4,0,0,1,0,6,June,Winter,Monday,16:00 - 17:59,PM peak / evening commute,True,False,True,True
1356301,Injury,Moderate Injury,2024,2024,June,Sunday,12:00 - 13:59,ADELAIDE,ST,0,Right on the spot,GLENELG,ST,RAYMOND TERRACE,,No,Not a school zone,X-intersection,-32.76499,151.743058,Port Stephens,Country urban,Rest of NSW - Urban,Straight,,,,Unknown / not stated,Sealed,Wet,Raining,Daylight,On,No traffic controls,50 km/h,Local,10,Cross traffic,101,Adj - Cross traffic,,Right angle,Light truck,Car (sedan/hatch),2,0,0,2,0,6,June,Winter,Sunday,12:00 - 13:59,Midday / afternoon,False,False,True,True
1356306,Injury,Serious Injury,2024,2024,May,Friday,16:00 - 17:59,PACIFIC,HWY,0,Right on the spot,ARGYLE,AVE,NARARA,10.0,No,Not a school zone,T-junction,-33.3936,151.350031,Central Coast,Country urban,Syd-Newc-Woll Gtr conurbation,Straight,,,,Nil,Sealed,Dry,Fine,Darkness,Nil,No traffic controls,60 km/h,State,2,Ped far side,3,Ped - Far side,,Vehicle - Pedestrian,Car (sedan/hatch),Pedestrian,2,0,1,0,0,5,May,Autumn,Friday,16:00 - 17:59,PM peak / evening commute,True,False,True,True
1356314,Injury,Serious Injury,2024,2024,April,Friday,12:00 - 13:59,KENT,ST,77,South,MARGARET,ST,SYDNEY,165.0,No,Not a school zone,2-way undivided,-33.86585,151.204257,Sydney,Sydney metro. area,Syd-Newc-Woll Gtr conurbation,Straight,,,,On,Sealed,Wet,Raining,Daylight,On,Ped crossing,40 km/h,State,0,Ped nearside,1,Ped - Near side,,Vehicle - Pedestrian,Car (sedan/hatch),Pedestrian,2,0,1,0,0,4,April,Autumn,Friday,12:00 - 13:59,Midday / afternoon,False,False,True,True
1356315,Injury,Moderate Injury,2024,2024,June,Monday,08:00 - 09:59,FITZROY,ST,0,Right on the spot,BOURKE,ST,SURRY HILLS,7301.0,No,Not a school zone,X-intersection,-33.885209,151.215734,Sydney,Sydney metro. area,Syd-Newc-Woll Gtr conurbation,Straight,Foot/cycle path/nature strip,,,Off,Sealed,Dry,Fine,Daylight,On,No traffic controls,40 km/h,Regional,37,Left turn sideswipe,309,Same - Left turn side swipe,,Other angle,Light truck,Pedal cycle,2,0,0,1,0,6,June,Winter,Monday,08:00 - 09:59,AM peak / school commute,True,False,True,True
1356319,Injury,Minor/Other Injury,2024,2024,May,Wednesday,14:00 - 15:59,PORT HACKING,RD,0,Right on the spot,KAREENA,RD,MIRANDA,669.0,No,Not a school zone,X-intersection,-34.035162,151.113454,Sutherland,Sydney metro. area,Syd-Newc-Woll Gtr conurbation,Straight,,,,Unknown / not stated,Sealed,Dry,Fine,Daylight,On,No traffic controls,50 km/h,State,30,Rear end,301,Same - Rear end,,Rear end,Station wagon,4 wheel drive / SUV,2,0,0,0,1,5,May,Autumn,Wednesday,14:00 - 15:59,Midday / afternoon,False,False,True,True
1356321,Injury,Serious Injury,2024,2024,February,Saturday,10:00 - 11:59,CUMBERLAND,HWY,0,Right on the spot,HAMILTON,RD,FAIRFIELD WEST,13.0,Yes,No,X-intersection,-33.869694,150.925265,Fairfield,Sydney metro. area,Syd-Newc-Woll Gtr conurbation,Straight,,,,Nil,Sealed,Dry,Fine,Daylight,Unknown / not stated,No traffic controls,70 km/h,State,21,Right through,202,Opp - Right-thru,,Other angle,Car (sedan/hatch),Car (sedan/hatch),2,0,2,0,0,2,February,Summer,Saturday,10:00 - 11:59,Midday / afternoon,False,False,True,True
1356322,Injury,Moderate Injury,2024,2024,June,Sunday,16:00 - 17:59,NAGLE,ST,0,Right on the spot,NUMBER 22-26,HN,LIVERPOOL,,No,Not a school zone,2-way undivided,-33.927942,150.921903,Liverpool,Sydney metro. area,Syd-Newc-Woll Gtr conurbation,Straight,,,,Nil,Sealed,Dry,Fine,Daylight,Nil,No traffic controls,50 km/h,Local,0,Ped nearside,1,Ped - Near side,,Vehicle - Pedestrian,Unknown motor vehicle,Pedestrian,2,0,0,1,0,6,June,Winter,Sunday,16:00 - 17:59,PM peak / evening commute,True,False,True,True