crash_id,degree_of_crash,degree_of_crash_-_detailed,reporting_year,year_of_crash,month_of_crash,day_of_week_of_crash,two-hour_intervals,street_of_crash,street_type,distance,direction,identifying_feature,identifying_feature_type,town,route_no.,school_zone_location,school_zone_active,type_of_location,latitude,longitude,lga,urbanisation,conurbation_1,alignment,primary_permanent_feature,primary_temporary_feature,primary_hazardous_feature,street_lighting,road_surface,surface_condition,weather,natural_lighting,signals_operation,other_traffic_control,speed_limit,road_classification_(admin),rum_-_code,rum_-_description,dca_-_code,dca_-_description,dca_supplement,first_impact_type,key_tu_type,other_tu_type,no._of_traffic_units_involved,no._killed,no._seriously_injured,no._moderately_injured,no._minor-other_injured,month_num,month_label,season,day_label,time_label,time_band,is_peak_commute,is_fatal,is_injury,is_casualty
1356323,Injury,Serious Injury,2024,2024,May,Monday,20:00 - 21:59,BEDGERABONG,RD,0,Right on the spot,NUMBER 3326,HN,BEDGERABONG,,Yes,No,2-way undivided,-33.362871,147.676699,Forbes,Country urban,Rest of NSW - Urban,Straight,Ditch/drain/culvert,Roadwks/Detour/Diverson,,Nil,Sealed,Dry,Fine,Darkness,Nil,No traffic controls,40 km/h,Local,71,Off rd left => obj,703,Left off cway into object,,Vehicle - Object,Utility,,1,0,1,0,1,5,May,Autumn,Monday,20:00 - 21:59,Evening / night,False,False,True,True
1356328,Injury,Minor/Other Injury,2024,2024,February,Wednesday,06:00 - 07:59,FLUSHCOMBE,RD,0,Right on the spot,FLUSHCOMBE,RD,BLACKTOWN,643.0,No,Not a school zone,Roundabout,-33.777273,150.907614,Blacktown,Sydney metro. area,Syd-Newc-Woll Gtr conurbation,Straight,Driveway/entrance,,,Off,Sealed,Dry,Fine,Daylight,On,Give way sign,60 km/h,State,47,Emerging from drive,406,Manov - Emerging from driveway,,Right angle,Passenger van,Car (sedan/hatch),2,0,0,0,1,2,February,Summer,Wednesday,06:00 - 07:59,AM peak / school commute,True,False,True,True
1356329,Injury,Minor/Other Injury,2024,2024,June,Friday,10:00 - 11:59,SILVERWATER,RD,0,Right on the spot,FARIOLA,ST,SILVERWATER,190.0,No,Not a school zone,X-intersection,-33.834,151.048216,Parramatta,Sydney metro. area,Syd-Newc-Woll Gtr conurbation,Straight,,,,Unknown / not stated,Sealed,Dry,Fine,Daylight,On,No traffic controls,70 km/h,State,30,Rear end,301,Same - Rear end,,Rear end,Car (sedan/hatch),4 wheel drive / SUV,2,0,0,0,1,6,June,Winter,Friday,10:00 - 11:59,Midday / afternoon,False,False,True,True
1356331,Injury,Minor/Other Injury,2024,2024,June,Tuesday,08:00 - 09:59,BEN LOMOND,RD,0,Right on the spot,ELIZABETH MCRAE,AVE,MINTO,,No,Not a school zone,Roundabout,-34.033198,150.852237,Campbelltown,Sydney metro. area,Syd-Newc-Woll Gtr conurbation,Straight,Steep grade,,,Nil,Sealed,Dry,Fine,Daylight,Nil,Give way sign,50 km/h,Local,16,Left near,107,Adj - Left-thru from right,,Right angle,4 wheel drive / SUV,Car (sedan/hatch),2,0,0,0,1,6,June,Winter,Tuesday,08:00 - 09:59,AM peak / school commute,True,False,True,True
1356333,Injury,Moderate Injury,2024,2024,June,Thursday,08:00 - 09:59,PRINCES,HWY,150,South,WEST BUNBERRA,ST,BOMADERRY,1.0,Yes,No,Divided road,-34.850766,150.596741,Shoalhaven,Country urban,Rest of NSW - Urban,Straight,Driveway/entrance,,,Nil,Sealed,Dry,Fine,Daylight,Nil,Stop sign,70 km/h,State,47,Emerging from drive,406,Manov - Emerging from driveway,,Right angle,4 wheel drive / SUV,Car (sedan/hatch),4,0,0,1,0,6,June,Winter,Thursday,08:00 - 09:59,AM peak / school commute,True,False,True,True
1356335,Injury,Moderate Injury,2024,2024,June,Monday,10:00 - 11:59,COOLAMON SCENIC,DR,270,West,BANANA,RD,OCEAN SHORES,,No,Not a school zone,2-way undivided,-28.518751,153.519035,Byron,Country urban,Rest of NSW - Urban,Curved,,,,Nil,Sealed,Dry,Fine,Daylight,Nil,No traffic controls,80 km/h,Local,20,Head on,201,Opp - Head on,,Head-on,4 wheel drive / SUV,Light truck utility(from 2018),2,0,0,1,0,6,June,Winter,Monday,10:00 - 11:59,Midday / afternoon,False,False,True,True
1356336,Injury,Serious Injury,2024,2024,June,Friday,14:00 - 15:59,COLLOMBATTI,RD,245,South,CUMMINGS,LANE,COLLOMBATTI,,No,Not a school zone,2-way undivided,-30.980033,152.831267,Kempsey,Country non-urban,Rest of NSW - Rural,Curved,Embankment/cutting,,,Nil,Sealed,Dry,Overcast,Daylight,Nil,No traffic controls,100 km/h,Local,85,Off rt/lft bnd=>obj,804,Off left bend into obj,Right,Vehicle - Object,Car (sedan/hatch),,1,0,1,0,0,6,June,Winter,Friday,14:00 - 15:59,Midday / afternoon,False,False,True,True
1356338,Injury,Minor/Other Injury,2024,2024,June,Thursday,04:00 - 05:59,CORNISH,ST,0,Right on the spot,FLEMING,CL,COFFS HARBOUR,,No,Not a school zone,T-junction,-30.308412,153.105008,Coffs Harbour,Country urban,Rest of NSW - Urban,Straight,,,,On,Sealed,Wet,Overcast,Darkness,Nil,No traffic controls,50 km/h,Local,1,Ped emerging,2,Ped - emerging,,Vehicle - Pedestrian,Station wagon,Pedestrian,2,0,0,0,1,6,June,Winter,Thursday,04:00 - 05:59,Late night / early morning,False,False,True,True
1356339,Injury,Moderate Injury,2024,2024,February,Wednesday,12:00 - 13:59,ARGYLE,ST,45,North,KINGS,RD,MOSS VALE,260.0,No,Not a school zone,2-way undivided,-34.542238,150.385582,Wingecarribee,Country urban,Rest of NSW - Urban,Curved,Steep grade,,,Nil,Sealed,Dry,Fine,Daylight,Nil,No traffic controls,60 km/h,State,20,Head on,201,Opp - Head on,,Head-on,Light truck utility(from 2018),Large rigid,2,0,0,1,1,2,February,Summer,Wednesday,12:00 - 13:59,Midday / afternoon,False,False,True,True
1356343,Injury,Moderate Injury,2024,2024,June,Friday,12:00 - 13:59,MURRUMBATEMAN,RD,3300,West,SUTTON,RD,GUNDAROO,7609.0,No,Not a school zone,2-way undivided,-35.050956,149.221837,Yass Valley,Country non-urban,Rest of NSW - Rural,Curved,Embankment/cutting,,,Unknown / not stated,Sealed,Dry,Fine,Daylight,Nil,No traffic controls,100 km/h,Regional,81,Off left/rt bnd=>obj,803,Off right bend into obj,Left,Vehicle - Object,Light truck utility(from 2018),,1,0,0,1,0,6,June,Winter,Friday,12:00 - 13:59,Midday / afternoon,False,False,True,True
1356344,Injury,Moderate Injury,2024,2024,June,Monday,18:00 - 19:59,HUME,HWY,20,East,WADDS,AVE,CABRAMATTA,2.0,No,Not a school zone,Divided road,-33.898263,150.95097,Fairfield,Sydney metro. area,Syd-Newc-Woll Gtr conurbation,Straight,,,,On,Sealed,Dry,Fine,Dusk,Nil,No traffic controls,70 km/h,State,30,Rear end,301,Same - Rear end,,Rear end,Light truck utility(from 2018),4 wheel drive / SUV,2,0,0,1,0,6,June,Winter,Monday,18:00 - 19:59,PM peak / evening commute,True,False,True,True
1356347,Injury,Serious Injury,2024,2024,June,Sunday,14:00 - 15:59,BROCKS SKYLINE,ST,450,West,CONROD STRAIGHT,ST,MOUNT PANORAMA,,No,Not a school zone,2-way undivided,-33.456122,149.553317,Bathurst Regional,Country urban,Rest of NSW - Urban,Curved,Steep grade,,,Off,Sealed,Dry,Fine,Daylight,Nil,No traffic controls,60 km/h,Local,20,Head on,201,Opp - Head on,,Head-on,Motorcycle,Light truck utility(from 2018),2,0,1,0,0,6,June,Winter,Sunday,14:00 - 15:59,Midday / afternoon,False,False,True,True
1356348,Injury,Serious Injury,2024,2024,June,Wednesday,14:00 - 15:59,DANIEL SOANE,DR,0,Right on the spot,PURVIS,LANE,DUBBO,,No,Not a school zone,T-junction,-32.221689,148.623526,Dubbo Regional,Country urban,Rest of NSW - Urban,Straight,,,,Nil,Sealed,Dry,Fine,Daylight,Nil,Give way sign,50 km/h,Local,11,Right far,102,Adj - Right-thru from left,,Right angle,Unknown motor vehicle,Light truck utility(from 2018),2,0,1,1,1,6,June,Winter,Wednesday,14:00 - 15:59,Midday / afternoon,False,False,True,True
1356349,Injury,Moderate Injury,2024,2024,June,Saturday,08:00 - 09:59,NEW ENGLAND,HWY,0,Right on the spot,FERRABY,DR,ASHTONFIELD,9.0,No,Not a school zone,T-junction,-32.775426,151.612264,Maitland,Country urban,Rest of NSW - Urban,Curved,,,,Off,Sealed,Dry,Fine,Daylight,On,No traffic controls,80 km/h,State,30,Rear end,301,Same - Rear end,,Rear end,4 wheel drive / SUV,Light truck utility(from 2018),2,0,0,2,1,6,June,Winter,Saturday,08:00 - 09:59,AM peak / school commute,True,False,True,True
1356356,Injury,Serious Injury,2024,2024,May,Wednesday,14:00 - 15:59,MANOA,RD,0,Right on the spot,NUMBER 121,HN,HALEKULANI,,No,Not a school zone,2-way undivided,-33.221036,151.552271,Central Coast,Country urban,Syd-Newc-Woll Gtr conurbation,Straight,Driveway/entrance,,,Nil,Sealed,Dry,Fine,Daylight,Nil,No traffic controls,50 km/h,Local,9,Ped other,0,Ped - other,,Vehicle - Pedestrian,Car (sedan/hatch),Pedestrian,3,0,1,1,0,5,May,Autumn,Wednesday,14:00 - 15:59,Midday / afternoon,False,False,True,True
1356357,Injury,Serious Injury,2024,2024,June,Monday,20:00 - 21:59,BORONIA,ST,0,Right on the spot,SAWTELL HEADLAND,OT,SAWTELL,,No,Not a school zone,Divided road,-30.375998,153.101752,Coffs Harbour,Country urban,Rest of NSW - Urban,Curved,,,,Nil,Sealed,Unknown,Unknown,Darkness,Nil,No traffic controls,40 km/h,Local,81,Off left/rt bnd=>obj,803,Off right bend into obj,Left,Vehicle - Object,Motorcycle,,1,0,1,0,0,6,June,Winter,Monday,20:00 - 21:59,Evening / night,False,False,True,True
1356363,Injury,Moderate Injury,2024,2024,June,Sunday,18:00 - 19:59,MAITLAND VALE,RD,1000,East,LUSKINTYRE,RD,LAMBS VALLEY,,No,Not a school zone,2-way undivided,-32.617343,151.448912,Maitland,Country urban,Rest of NSW - Urban,Curved,Steep grade,,,Nil,Sealed,Dry,Fine,Darkness,Nil,No traffic controls,80 km/h,Local,85,Off rt/lft bnd=>obj,804,Off left bend into obj,Right,Vehicle - Object,Light truck utility(from 2018),,1,0,0,1,0,6,June,Winter,Sunday,18:00 - 19:59,PM peak / evening commute,True,False,True,True
1356364,Injury,Minor/Other Injury,2024,2024,June,Wednesday,14:00 - 15:59,CENTRAL COAST,HWY,150,West,ERNEST,ST,ERINA,30.0,No,Not a school zone,Divided road,-33.438466,151.378187,Central Coast,Country urban,Syd-Newc-Woll Gtr conurbation,Straight,,,,Off,Sealed,Dry,Fine,Daylight,Nil,No traffic controls,60 km/h,State,30,Rear end,301,Same - Rear end,,Rear end,Light truck utility(from 2018),4 wheel drive / SUV,2,0,0,0,1,6,June,Winter,Wednesday,14:00 - 15:59,Midday / afternoon,False,False,True,True
1356366,Injury,Minor/Other Injury,2024,2024,June,Sunday,14:00 - 15:59,VICTORIA,RD,0,Right on the spot,WESTERN DISTIBUTOR,TO,ROZELLE,165.0,No,Not a school zone,Divided road,-33.868664,151.17626,Inner West,Sydney metro. area,Syd-Newc-Woll Gtr conurbation,Straight,Other bridge,,,Off,Sealed,Dry,Fine,Daylight,Nil,No traffic controls,60 km/h,State,30,Rear end,301,Same - Rear end,,Rear end,Light truck utility(from 2018),Car (sedan/hatch),3,0,0,0,1,6,June,Winter,Sunday,14:00 - 15:59,Midday / afternoon,False,False,True,True
1356368,Injury,Serious Injury,2024,2024,March,Wednesday,10:00 - 11:59,KURRAJONG,RD,0,Right on the spot,LYN,PDE,PRESTONS,7263.0,No,Not a school zone,Roundabout,-33.944198,150.882146,Liverpool,Sydney metro. area,Syd-Newc-Woll Gtr conurbation,Straight,,,,Off,Sealed,Wet,Raining,Daylight,Nil,Give way sign,60 km/h,Regional,10,Cross traffic,101,Adj - Cross traffic,,Right angle,4 wheel drive / SUV,Motor scooter,2,0,1,0,0,3,March,Autumn,Wednesday,10:00 - 11:59,Midday / afternoon,False,False,True,True
1356370,Injury,Moderate Injury,2024,2024,June,Thursday,12:00 - 13:59,QUEENSLAND,RD,200,East,ROSEWOOD,AVE,CASINO,83.0,No,Not a school zone,2-way undivided,-28.843805,153.037677,Richmond Valley,Country urban,Rest of NSW - Urban,Curved,Crest,,,Off,Sealed,Wet,Fine,Daylight,Nil,No traffic controls,50 km/h,State,81,Off left/rt bnd=>obj,803,Off right bend into obj,Left,Vehicle - Object,Station wagon,,1,0,0,2,0,6,June,Winter,Thursday,12:00 - 13:59,Midday / afternoon,False,False,True,True
1356374,Injury,Serious Injury,2024,2024,June,Thursday,06:00 - 07:59,JOHN RENSHAW,DR,1000,East,MAITLAND,ST,BUCHANAN,588.0,No,Not a school zone,2-way undivided,-32.829243,151.499317,Cessnock,Country non-urban,Rest of NSW - Rural,Straight,Embankment/cutting,,,Nil,Sealed,Wet,Fine,Daylight,Nil,No traffic controls,90 km/h,State,71,Off rd left => obj,703,Left off cway into object,,Vehicle - Object,Car (sedan/hatch),,1,0,1,0,0,6,June,Winter,Thursday,06:00 - 07:59,AM peak / school commute,True,False,True,True
1356377,Injury,Minor/Other Injury,2024,2024,May,Tuesday,08:00 - 09:59,ANZAC,PDE,0,Right on the spot,MAROUBRA,RD,MAROUBRA,661.0,No,Not a school zone,X-intersection,-33.941589,151.239108,Randwick,Sydney metro. area,Syd-Newc-Woll Gtr conurbation,Straight,,,,Unknown / not stated,Sealed,Dry,Fine,Daylight,On,Ped crossing,50 km/h,State,30,Rear end,301,Same - Rear end,,Rear end,4 wheel drive / SUV,4 wheel drive / SUV,2,0,0,0,1,5,May,Autumn,Tuesday,08:00 - 09:59,AM peak / school commute,True,False,True,True
1356378,Injury,Moderate Injury,2024,2024,May,Sunday,08:00 - 09:59,GREAT NORTH,RD,0,Right on the spot,NUMBER 3966,HN,LAGUNA,181.0,No,Not a school zone,2-way undivided,-33.006964,151.120505,Cessnock,Country urban,Rest of NSW - Urban,Curved,Painted double centre lines,,,Nil,Sealed,Wet,Fine,Daylight,Nil,No traffic controls,80 km/h,Regional,85,Off rt/lft bnd=>obj,804,Off left bend into obj,Right,Other angle,Passenger van,4 wheel drive / SUV,2,0,0,1,0,5,May,Autumn,Sunday,08:00 - 09:59,AM peak / school commute,True,False,True,True
1356379,Injury,Minor/Other Injury,2024,2024,June,Tuesday,14:00 - 15:59,CHISHOLM,RD,0,Right on the spot,WEST,ST,AUBURN,7467.0,No,Not a school zone,T-junction,-33.857519,151.019701,Cumberland,Sydney metro. area,Syd-Newc-Woll Gtr conurbation,Straight,,,,Off,Sealed,Dry,Fine,Daylight,Nil,No traffic controls,50 km/h,Regional,63,Vehicle door,604,On path - Vehicle door,,Other angle,Motorcycle,Light truck utility(from 2018),2,0,0,0,1,6,June,Winter,Tuesday,14:00 - 15:59,Midday / afternoon,False,False,True,True
1356384,Injury,Serious Injury,2024,2024,May,Thursday,04:00 - 05:59,CUMBERLAND,HWY,0,Right on the spot,WOODPARK,RD,SMITHFIELD,13.0,No,Not a school zone,X-intersection,-33.839731,150.957318,Cumberland,Sydney metro. area,Syd-Newc-Woll Gtr conurbation,Straight,,,,On,Sealed,Dry,Fine,Dawn,On,No traffic controls,60 km/h,State,21,Right through,202,Opp - Right-thru,,Other angle,Station wagon,4 wheel drive / SUV,2,0,2,0,0,5,May,Autumn,Thursday,04:00 - 05:59,Late night / early morning,False,False,True,True
1356394,Injury,Moderate Injury,2024,2024,May,Sunday,22:00 - Midnight,SCOTT,AVE,100,East,GLADSTONE,RD,LEURA,2039.0,No,Not a school zone,2-way undivided,-33.712237,150.343639,Blue Mountains,Country urban,Syd-Newc-Woll Gtr conurbation,Curved,,,,On,Sealed,Dry,Fine,Darkness,Nil,No traffic controls,50 km/h,Regional,88,Out of cont on bend,805,Out of control on bend,,Rollover,Motorcycle,,1,0,0,1,0,5,May,Autumn,Sunday,22:00 - Midnight,Evening / night,False,False,True,True
1356396,Injury,Serious Injury,2024,2024,June,Friday,16:00 - 17:59,RAILWAY,PDE,0,Right on the spot,DELAMERE,ST,CANLEY VALE,7233.0,No,Not a school zone,T-junction,-33.88387,150.946241,Fairfield,Sydney metro. area,Syd-Newc-Woll Gtr conurbation,Straight,,,,Off,Sealed,Dry,Fine,Daylight,Nil,Give way sign,60 km/h,Regional,13,Right near,104,Adj - Right-thru from right,,Right angle,Car (sedan/hatch),Motorcycle,2,0,1,0,0,6,June,Winter,Friday,16:00 - 17:59,PM peak / evening commute,True,False,True,True
1356397,Injury,Minor/Other Injury,2024,2024,May,Friday,14:00 - 15:59,LUCIUS,ST,30,South,SIR THOMAS MITCHELL,RD,BONDI BEACH,,No,Not a school zone,2-way undivided,-33.893007,151.271368,Waverley,Sydney metro. area,Syd-Newc-Woll Gtr conurbation,Straight,,,,Off,Sealed,Dry,Fine,Daylight,Nil,No traffic controls,50 km/h,Local,63,Vehicle door,604,On path - Vehicle door,,Other angle,Pedal cycle,4 wheel drive / SUV,2,0,0,0,1,5,May,Autumn,Friday,14:00 - 15:59,Midday / afternoon,False,False,True,True
1356398,Injury,Serious Injury,2024,2024,March,Monday,10:00 - 11:59,FARMBOROUGH,RD,0,Right on the spot,NUMBER 18,HN,UNANDERRA,,No,Not a school zone,2-way undivided,-34.459176,150.839454,Wollongong,Wollongong met. area,Syd-Newc-Woll Gtr conurbation,Straight,,,,Off,Sealed,Dry,Fine,Daylight,Nil,No traffic controls,50 km/h,Local,44,Parking vehicles,403,Manov - Parking-parked vehicle,,Other angle,4 wheel drive / SUV,Car (sedan/hatch),2,0,1,0,0,3,March,Autumn,Monday,10:00 - 11:59,Midday / afternoon,False,False,True,True
1356403,Injury,Serious Injury,2024,2024,May,Friday,16:00 - 17:59,BELLEVUE,ST,0,Right on the spot,ENGLISH,ST,KOGARAH,,No,Not a school zone,X-intersection,-33.969346,151.128474,Georges River,Sydney metro. area,Syd-Newc-Woll Gtr conurbation,Straight,,,,Off,Sealed,Wet,Raining,Dusk,Nil,Stop sign,50 km/h,Local,10,Cross traffic,101,Adj - Cross traffic,,Right angle,Car (sedan/hatch),Car (sedan/hatch),2,0,1,0,0,5,May,Autumn,Friday,16:00 - 17:59,PM peak / evening commute,True,False,True,True
1356409,Injury,Serious Injury,2024,2024,May,Friday,08:00 - 09:59,WESTERN,DSTR,15,North,KENT STREET,TO,SYDNEY,165.0,No,Not a school zone,Other,-33.86329,151.204326,Sydney,Sydney metro. area,Syd-Newc-Woll Gtr conurbation,Curved,,,,Off,Sealed,Dry,Overcast,Daylight,Nil,No traffic controls,40 km/h,State,81,Off left/rt bnd=>obj,803,Off right bend into obj,Left,Vehicle - Object,Motorcycle,,1,0,1,0,0,5,May,Autumn,Friday,08:00 - 09:59,AM peak / school commute,True,False,True,True
1356410,Injury,Serious Injury,2024,2024,April,Sunday,00:01 - 01:59,THE LAKES,WAY,1400,South,SUGAR CREEK,RD,BUNGWAHL,111.0,No,Not a school zone,2-way undivided,-32.380402,152.448208,Mid-Coast,Country urban,Rest of NSW - Urban,Curved,Embankment/cutting,,,Nil,Sealed,Dry,Fine,Darkness,Nil,No traffic controls,80 km/h,Regional,85,Off rt/lft bnd=>obj,804,Off left bend into obj,Right,Vehicle - Object,Utility,,1,0,1,0,0,4,April,Autumn,Sunday,00:01 - 01:59,Late night / early morning,False,False,True,True
1356418,Injury,Minor/Other Injury,2024,2024,June,Thursday,16:00 - 17:59,KLEINS,RD,0,Right on the spot,RAWTON,AVE,NORTHMEAD,,No,Not a school zone,T-junction,-33.790401,150.992499,Parramatta,Sydney metro. area,Syd-Newc-Woll Gtr conurbation,Straight,,,,Unknown / not stated,Sealed,Dry,Fine,Dusk,Nil,No traffic controls,50 km/h,Local,49,Other manoeuvring,400,Manov - other,,Other angle,4 wheel drive / SUV,Utility,2,0,0,0,1,6,June,Winter,Thursday,16:00 - 17:59,PM peak / evening commute,True,False,True,True
1356419,Injury,Serious Injury,2024,2024,May,Monday,20:00 - 21:59,WILKINS,ST,999999,Unknown/not stated,UNKNOWN,UK,BANKSTOWN,,No,Not a school zone,2-way undivided,-33.911568,151.017292,Canterbury-Bankstown,Sydney metro. area,Syd-Newc-Woll Gtr conurbation,Straight,,,,On,Sealed,Dry,Fine,Darkness,Nil,No traffic controls,50 km/h,Local,0,Ped nearside,1,Ped - Near side,,Vehicle - Pedestrian,4 wheel drive / SUV,Pedestrian,2,0,1,0,0,5,May,Autumn,Monday,20:00 - 21:59,Evening / night,False,False,True,True
1356420,Injury,Serious Injury,2024,2024,May,Wednesday,06:00 - 07:59,SYDNEY,AVE,0,Right on the spot,OCEAN BEACH,RD,UMINA BEACH,456.0,No,Not a school zone,Roundabout,-33.521253,151.316747,Central Coast,Country urban,Syd-Newc-Woll Gtr conurbation,Straight,,,,Nil,Sealed,Dry,Fine,Daylight,Nil,Give way sign,60 km/h,Regional,16,Left near,107,Adj - Left-thru from right,,Right angle,Car (sedan/hatch),Pedal cycle,2,0,1,0,0,5,May,Autumn,Wednesday,06:00 - 07:59,AM peak / school commute,True,False,True,True
1356422,Injury,Moderate Injury,2024,2024,June,Friday,16:00 - 17:59,FOREST,WAY,0,Right on the spot,DAWES,RD,BELROSE,529.0,No,Not a school zone,T-junction,-33.734425,151.221024,Northern Beaches,Sydney metro. area,Syd-Newc-Woll Gtr conurbation,Straight,,,,On,Sealed,Dry,Fine,Daylight,Nil,Stop sign,70 km/h,State,21,Right through,202,Opp - Right-thru,,Other angle,Car (sedan/hatch),Motor scooter,3,0,0,1,0,6,June,Winter,Friday,16:00 - 17:59,PM peak / evening commute,True,False,True,True
1356423,Injury,Serious Injury,2024,2024,June,Friday,12:00 - 13:59,MOTTO,LANE,0,Right on the spot,MOTTO FARM REPAIRS,ENT,HEATHERBRAE,,No,Not a school zone,2-way undivided,-32.786121,151.73315,Port Stephens,Country urban,Rest of NSW - Urban,Straight,Driveway/entrance,,,Nil,Sealed,Dry,Fine,Daylight,Nil,No traffic controls,60 km/h,Local,47,Emerging from drive,406,Manov - Emerging from driveway,,Right angle,Light truck utility(from 2018),Motorcycle,2,0,1,0,0,6,June,Winter,Friday,12:00 - 13:59,Midday / afternoon,False,False,True,True
1356424,Injury,Serious Injury,2024,2024,June,Thursday,14:00 - 15:59,FLOOD,ST,15,North,BONDI,RD,BONDI,,No,Not a school zone,2-way undivided,-33.893055,151.258683,Waverley,Sydney metro. area,Syd-Newc-Woll Gtr conurbation,Straight,,,,Off,Sealed,Wet,Raining,Daylight,Nil,No traffic controls,50 km/h,Local,0,Ped nearside,1,Ped - Near side,,Vehicle - Pedestrian,Light truck,Pedestrian,2,0,1,0,0,6,June,Winter,Thursday,14:00 - 15:59,Midday / afternoon,False,False,True,True
1356441,Injury,Serious Injury,2024,2024,July,Tuesday,10:00 - 11:59,PERRY,ST,90,South,NORTH,ST,BATEMANS BAY,,No,Not a school zone,2-way undivided,-35.706658,150.176638,Eurobodalla,Country urban,Rest of NSW - Urban,Straight,Driveway/entrance,,,Nil,Sealed,Dry,Fine,Daylight,Nil,Give way sign,40 km/h,Local,7,Driveway,7,Ped - driveway,,Vehicle - Pedestrian,4 wheel drive / SUV,Pedestrian,2,0,1,0,0,7,July,Winter,Tuesday,10:00 - 11:59,Midday / afternoon,False,False,True,True
1356445,Injury,Serious Injury,2024,2024,May,Sunday,16:00 - 17:59,BOUNDARY,ST,0,Right on the spot,STRAND,ST,FORSTER,,No,Not a school zone,X-intersection,-32.18793,152.527777,Mid-Coast,Country urban,Rest of NSW - Urban,Curved,Steep grade,,,Off,Sealed,Dry,Fine,Daylight,Nil,Give way sign,50 km/h,Local,88,Out of cont on bend,805,Out of control on bend,,Rollover,Motorcycle,,1,0,1,0,0,5,May,Autumn,Sunday,16:00 - 17:59,PM peak / evening commute,True,False,True,True
1356447,Injury,Serious Injury,2024,2024,June,Friday,14:00 - 15:59,BOTANY,RD,0,Right on the spot,ROLFE,ST,ROSEBERY,170.0,No,Not a school zone,T-junction,-33.923715,151.195927,Bayside,Sydney metro. area,Syd-Newc-Woll Gtr conurbation,Straight,Bus/transit lane,,,Nil,Sealed,Dry,Fine,Daylight,Nil,Give way sign,50 km/h,State,2,Ped far side,3,Ped - Far side,,Vehicle - Pedestrian,Car (sedan/hatch),Pedestrian,2,0,1,0,0,6,June,Winter,Friday,14:00 - 15:59,Midday / afternoon,False,False,True,True
1356448,Injury,Serious Injury,2024,2024,July,Friday,06:00 - 07:59,GOLDEN,HWY,20,East,JERDAN,ST,DENMAN,27.0,No,Not a school zone,2-way undivided,-32.388647,150.696357,Muswellbrook,Country urban,Rest of NSW - Urban,Curved,Painted double centre lines,,,Nil,Sealed,Dry,Fine,Dawn,Nil,No traffic controls,80 km/h,State,20,Head on,201,Opp - Head on,,Head-on,Light truck utility(from 2018),Large rigid,2,0,1,0,0,7,July,Winter,Friday,06:00 - 07:59,AM peak / school commute,True,False,True,True
1356450,Injury,Moderate Injury,2024,2024,June,Saturday,16:00 - 17:59,COLLEGE,ST,0,Right on the spot,PRINCE ALBERT,RD,SYDNEY,7304.0,No,Not a school zone,T-junction,-33.870462,151.212907,Sydney,Sydney metro. area,Syd-Newc-Woll Gtr conurbation,Curved,,,,On,Sealed,Dry,Fine,Dusk,On,Ped crossing,40 km/h,Regional,0,Ped nearside,1,Ped - Near side,,Vehicle - Pedestrian,4 wheel drive / SUV,Pedestrian,2,0,0,1,0,6,June,Winter,Saturday,16:00 - 17:59,PM peak / evening commute,True,False,True,True
1356451,Injury,Minor/Other Injury,2024,2024,July,Wednesday,16:00 - 17:59,WENTWORTH,ST,200,West,BELLFROG,ST,GREENACRE,,No,Not a school zone,2-way undivided,-33.90384,151.071952,Strathfield,Sydney metro. area,Syd-Newc-Woll Gtr conurbation,Straight,,,,On,Sealed,Wet,Raining,Darkness,Nil,No traffic controls,50 km/h,Local,42,Leaving parking,401,Manov - Leaving parking,,Other angle,Car (sedan/hatch),Car (sedan/hatch),2,0,0,0,1,7,July,Winter,Wednesday,16:00 - 17:59,PM peak / evening commute,True,False,True,True
1356452,Injury,Moderate Injury,2024,2024,May,Monday,14:00 - 15:59,IAN,ST,50,West,HANBURY,ST,GREYSTANES,,No,Not a school zone,2-way undivided,-33.826452,150.956018,Cumberland,Sydney metro. area,Syd-Newc-Woll Gtr conurbation,Straight,,,,Off,Sealed,Dry,Fine,Daylight,Nil,No traffic controls,50 km/h,Local,71,Off rd left => obj,703,Left off cway into object,,Other angle,4 wheel drive / SUV,Car (sedan/hatch),2,0,0,1,0,5,May,Autumn,Monday,14:00 - 15:59,Midday / afternoon,False,False,True,True
1356453,Injury,Serious Injury,2024,2024,July,Wednesday,08:00 - 09:59,ELIZABETH,DR,300,West,MAXWELLS,AVE,ASHCROFT,535.0,No,Not a school zone,Divided road,-33.911333,150.901958,Liverpool,Sydney metro. area,Syd-Newc-Woll Gtr conurbation,Straight,,,,Unknown / not stated,Sealed,Dry,Overcast,Daylight,Nil,No traffic controls,70 km/h,State,30,Rear end,301,Same - Rear end,,Rear end,Car (sedan/hatch),Car (sedan/hatch),3,0,1,0,0,7,July,Winter,Wednesday,08:00 - 09:59,AM peak / school commute,True,False,True,True
1356456,Injury,Serious Injury,2024,2024,May,Monday,12:00 - 13:59,CESSNOCK,RD,2690,East,FORBES,ST,WESTON,588.0,No,Not a school zone,2-way undivided,-32.814527,151.452312,Cessnock,Country urban,Rest of NSW - Urban,Curved,Painted double centre lines,,,Off,Sealed,Wet,Raining,Daylight,Nil,No traffic controls,60 km/h,State,20,Head on,201,Opp - Head on,,Head-on,Car (sedan/hatch),Car (sedan/hatch),2,0,3,0,0,5,May,Autumn,Monday,12:00 - 13:59,Midday / afternoon,False,False,True,True
1356462,Injury,Serious Injury,2024,2024,July,Tuesday,12:00 - 13:59,JOHN RENSHAW,DR,170,West,HUNTER EXPRESSWAY,TO,BUCHANAN,588.0,No,Not a school zone,Divided road,-32.830423,151.529207,Cessnock,Country urban,Rest of NSW - Urban,Curved,Steep grade,,,Unknown / not stated,Sealed,Wet,Overcast,Daylight,Nil,No traffic controls,60 km/h,State,35,Lane change left,307,Same - Lane change left,,Other angle,Light truck utility(from 2018),Car (sedan/hatch),4,0,1,0,0,7,July,Winter,Tuesday,12:00 - 13:59,Midday / afternoon,False,False,True,True