crash_id,degree_of_crash,degree_of_crash_-_detailed,reporting_year,year_of_crash,month_of_crash,day_of_week_of_crash,two-hour_intervals,street_of_crash,street_type,distance,direction,identifying_feature,identifying_feature_type,town,route_no.,school_zone_location,school_zone_active,type_of_location,latitude,longitude,lga,urbanisation,conurbation_1,alignment,primary_permanent_feature,primary_temporary_feature,primary_hazardous_feature,street_lighting,road_surface,surface_condition,weather,natural_lighting,signals_operation,other_traffic_control,speed_limit,road_classification_(admin),rum_-_code,rum_-_description,dca_-_code,dca_-_description,dca_supplement,first_impact_type,key_tu_type,other_tu_type,no._of_traffic_units_involved,no._killed,no._seriously_injured,no._moderately_injured,no._minor-other_injured,month_num,month_label,season,day_label,time_label,time_band,is_peak_commute,is_fatal,is_injury,is_casualty
1356463,Injury,Moderate Injury,2024,2024,July,Thursday,10:00 - 11:59,PRINCES,HWY,0,Right on the spot,NUMBER 302,HN,DAPTO,1.0,No,Not a school zone,2-way undivided,-34.507089,150.78602,Wollongong,Wollongong met. area,Syd-Newc-Woll Gtr conurbation,Straight,Driveway/entrance,,,Unknown / not stated,Sealed,Dry,Fine,Daylight,Nil,No traffic controls,60 km/h,Regional,32,Right rear,303,Same - Rear right,,Rear end,Car (sedan/hatch),4 wheel drive / SUV,2,0,0,1,1,7,July,Winter,Thursday,10:00 - 11:59,Midday / afternoon,False,False,True,True
1356465,Injury,Moderate Injury,2024,2024,July,Tuesday,06:00 - 07:59,NEWCASTLE,EXP,250,North,PACIFIC HIGHWAY,OP,COWAN,6003.0,No,Not a school zone,Dual freeway,-33.556571,151.192745,Hornsby,Sydney metro. area,Syd-Newc-Woll Gtr conurbation,Straight,,,,Unknown / not stated,Sealed,Wet,Raining,Daylight,Nil,No traffic controls,110 km/h,State,30,Rear end,301,Same - Rear end,,Rear end,Car (sedan/hatch),Light truck utility(from 2018),3,0,0,1,0,7,July,Winter,Tuesday,06:00 - 07:59,AM peak / school commute,True,False,True,True
1356470,Injury,Serious Injury,2024,2024,July,Tuesday,00:01 - 01:59,CASTLEREAGH,HWY,32500,South,COONAMBLE,TN,GULARGAMBONE,18.0,No,Not a school zone,2-way undivided,-31.226383,148.456215,Coonamble,Country non-urban,Rest of NSW - Rural,Straight,,,,Nil,Sealed,Dry,Fine,Darkness,Nil,No traffic controls,110 km/h,State,67,Struck animal,609,On path - Hit animal,,Vehicle - Animal,Passenger van,,1,0,1,1,0,7,July,Winter,Tuesday,00:01 - 01:59,Late night / early morning,False,False,True,True
1356471,Injury,Serious Injury,2024,2024,May,Wednesday,18:00 - 19:59,STURT,RD,0,Right on the spot,NUMBER 27,HN,CRONULLA,,No,Not a school zone,2-way undivided,-34.042468,151.148208,Sutherland,Sydney metro. area,Syd-Newc-Woll Gtr conurbation,Straight,,,,On,Sealed,Wet,Raining,Darkness,Nil,No traffic controls,50 km/h,Local,71,Off rd left => obj,703,Left off cway into object,,Other angle,Light truck utility(from 2018),4 wheel drive / SUV,3,0,1,0,0,5,May,Autumn,Wednesday,18:00 - 19:59,PM peak / evening commute,True,False,True,True
1356474,Injury,Moderate Injury,2024,2024,June,Sunday,16:00 - 17:59,NEW ENGLAND,HWY,450,North,BULLS,RD,GAROO,9.0,No,Not a school zone,2-way undivided,-31.432249,150.882844,Tamworth Regional,Country non-urban,Rest of NSW - Rural,Curved,,,,Unknown / not stated,Sealed,Wet,Overcast,Daylight,Nil,No traffic controls,100 km/h,State,88,Out of cont on bend,805,Out of control on bend,,Rollover,Motorcycle,,1,0,0,1,0,6,June,Winter,Sunday,16:00 - 17:59,PM peak / evening commute,True,False,True,True
1356475,Injury,Moderate Injury,2024,2024,July,Friday,18:00 - 19:59,COBBITTY,RD,200,West,CUT HILL,RD,COBBITTY,,No,Not a school zone,2-way undivided,-34.016561,150.676307,Camden,Sydney metro. area,Syd-Newc-Woll Gtr conurbation,Straight,Driveway/entrance,,,Unknown / not stated,Sealed,Dry,Fine,Darkness,Nil,No traffic controls,60 km/h,Local,32,Right rear,303,Same - Rear right,,Rear end,Car (sedan/hatch),4 wheel drive / SUV,2,0,0,1,0,7,July,Winter,Friday,18:00 - 19:59,PM peak / evening commute,True,False,True,True
1356477,Injury,Moderate Injury,2024,2024,February,Monday,18:00 - 19:59,BUTE,PL,0,Right on the spot,STROMEFERRY,CRES,ST ANDREWS,,No,Not a school zone,T-junction,-34.031688,150.827013,Campbelltown,Sydney metro. area,Syd-Newc-Woll Gtr conurbation,Curved,,,,Off,Sealed,Dry,Fine,Dusk,Nil,No traffic controls,50 km/h,Local,81,Off left/rt bnd=>obj,803,Off right bend into obj,Left,Vehicle - Object,Car (sedan/hatch),,1,0,0,1,0,2,February,Summer,Monday,18:00 - 19:59,PM peak / evening commute,True,False,True,True
1356478,Injury,Serious Injury,2024,2024,April,Monday,20:00 - 21:59,MOWBRAY,RD,0,Right on the spot,SYDNEY,ST,WILLOUGHBY,2092.0,No,Not a school zone,X-intersection,-33.80276,151.193804,Willoughby,Sydney metro. area,Syd-Newc-Woll Gtr conurbation,Straight,,,,On,Sealed,Unknown,Unknown,Darkness,On,Ped crossing,50 km/h,Regional,2,Ped far side,3,Ped - Far side,,Vehicle - Pedestrian,Car (sedan/hatch),Pedestrian,2,0,1,0,0,4,April,Autumn,Monday,20:00 - 21:59,Evening / night,False,False,True,True
1356481,Injury,Moderate Injury,2024,2024,June,Thursday,20:00 - 21:59,GURNEY,RD,0,Right on the spot,MILLER,RD,CHESTER HILL,,No,Not a school zone,T-junction,-33.871707,150.993117,Canterbury-Bankstown,Sydney metro. area,Syd-Newc-Woll Gtr conurbation,Straight,,,,On,Sealed,Dry,Fine,Darkness,Nil,Stop sign,50 km/h,Local,20,Head on,201,Opp - Head on,,Head-on,Car (sedan/hatch),Car (sedan/hatch),2,0,0,1,0,6,June,Winter,Thursday,20:00 - 21:59,Evening / night,False,False,True,True
1356483,Injury,Serious Injury,2024,2024,May,Saturday,18:00 - 19:59,SCONE,RD,260,West,COPELAND TRIG,TRL,COPELAND,,No,Not a school zone,2-way undivided,-31.97668,151.795706,Mid-Coast,Country non-urban,Rest of NSW - Rural,Curved,Embankment/cutting,,,Nil,Sealed,Dry,Fog or mist,Darkness,Nil,No traffic controls,100 km/h,Local,86,Off left/left bend,802,Off cway left bend,Left,Rollover,B-double (road train prior 98),,1,0,1,0,0,5,May,Autumn,Saturday,18:00 - 19:59,PM peak / evening commute,True,False,True,True
1356484,Injury,Moderate Injury,2024,2024,July,Tuesday,16:00 - 17:59,MINNESOTA,RD,134,North,FIGTREE,BVD,HAMLYN TERRACE,,No,Not a school zone,2-way undivided,-33.26162,151.464927,Central Coast,Country urban,Syd-Newc-Woll Gtr conurbation,Straight,Driveway/entrance,,,Unknown / not stated,Sealed,Dry,Overcast,Dusk,Nil,No traffic controls,50 km/h,Local,32,Right rear,303,Same - Rear right,,Rear end,Car (sedan/hatch),Light truck utility(from 2018),2,0,0,1,0,7,July,Winter,Tuesday,16:00 - 17:59,PM peak / evening commute,True,False,True,True
1356487,Injury,Minor/Other Injury,2024,2024,June,Saturday,00:01 - 01:59,MOORE,ST,100,West,ALAMEIN,AVE,LIVERPOOL,,No,Not a school zone,2-way undivided,-33.921078,150.911176,Liverpool,Sydney metro. area,Syd-Newc-Woll Gtr conurbation,Straight,,,,Unknown / not stated,Sealed,Wet,Other,Darkness,Nil,No traffic controls,50 km/h,Local,71,Off rd left => obj,703,Left off cway into object,,Other angle,Station wagon,Station wagon,4,0,0,0,1,6,June,Winter,Saturday,00:01 - 01:59,Late night / early morning,False,False,True,True
1356489,Injury,Minor/Other Injury,2024,2024,June,Wednesday,12:00 - 13:59,OALLEN,RD,675,East,BURDEN,DR,OALLEN,,No,Not a school zone,2-way undivided,-35.171594,149.967778,Queanbeyan-Palerang Regional,Country urban,Rest of NSW - Urban,Curved,Steep grade,,,Nil,Sealed,Wet,Raining,Daylight,Nil,No traffic controls,80 km/h,Local,20,Head on,201,Opp - Head on,,Head-on,Light truck,Passenger van,2,0,0,0,1,6,June,Winter,Wednesday,12:00 - 13:59,Midday / afternoon,False,False,True,True
1356494,Injury,Minor/Other Injury,2024,2024,June,Tuesday,12:00 - 13:59,MURRAY,ST,0,Right on the spot,PYRMONT BRIDGE,RD,PYRMONT,,No,Not a school zone,X-intersection,-33.870015,151.19783,Sydney,Sydney metro. area,Syd-Newc-Woll Gtr conurbation,Curved,,,,Unknown / not stated,Sealed,Dry,Fine,Daylight,Unknown / not stated,No traffic controls,50 km/h,Local,32,Right rear,303,Same - Rear right,,Rear end,4 wheel drive / SUV,4 wheel drive / SUV,2,0,0,0,1,6,June,Winter,Tuesday,12:00 - 13:59,Midday / afternoon,False,False,True,True
1356500,Injury,Moderate Injury,2024,2024,June,Thursday,00:01 - 01:59,DEVLIN,ST,0,Right on the spot,BLAXLAND,RD,RYDE,139.0,No,Not a school zone,X-intersection,-33.812912,151.104876,Ryde,Sydney metro. area,Syd-Newc-Woll Gtr conurbation,Straight,,,,Unknown / not stated,Sealed,Wet,Raining,Darkness,On,No traffic controls,60 km/h,State,13,Right near,104,Adj - Right-thru from right,,Right angle,Car (sedan/hatch),Car (sedan/hatch),2,0,0,1,0,6,June,Winter,Thursday,00:01 - 01:59,Late night / early morning,False,False,True,True
1356502,Injury,Minor/Other Injury,2024,2024,July,Monday,22:00 - Midnight,CHALMERS,ST,0,Right on the spot,RUTLAND,ST,SURRY HILLS,7083.0,No,Not a school zone,T-junction,-33.886601,151.206735,Sydney,Sydney metro. area,Syd-Newc-Woll Gtr conurbation,Straight,Spd hump/slow pt/chc,,,Unknown / not stated,Sealed,Wet,Fine,Darkness,Nil,Give way sign,40 km/h,Regional,49,Other manoeuvring,400,Manov - other,,Other angle,Pedal cycle,Light truck,2,0,0,0,1,7,July,Winter,Monday,22:00 - Midnight,Evening / night,False,False,True,True
1356504,Injury,Serious Injury,2024,2024,April,Sunday,06:00 - 07:59,THE NORTHERN,RD,0,Right on the spot,PETER BROCK,DR,ORAN PARK,154.0,No,Not a school zone,X-intersection,-34.006402,150.723692,Camden,Sydney metro. area,Syd-Newc-Woll Gtr conurbation,Straight,,,,Off,Sealed,Dry,Fine,Daylight,On,No traffic controls,80 km/h,State,10,Cross traffic,101,Adj - Cross traffic,,Right angle,Light truck,Light truck utility(from 2018),2,0,1,0,0,4,April,Autumn,Sunday,06:00 - 07:59,AM peak / school commute,True,False,True,True
1356509,Injury,Minor/Other Injury,2024,2024,May,Monday,08:00 - 09:59,BARTON,HWY,0,Right on the spot,HUME HIGHWAY,TO,YASS,15.0,No,Not a school zone,Divided road,-34.836726,148.956157,Yass Valley,Country non-urban,Rest of NSW - Rural,Curved,,,,Nil,Sealed,Dry,Fine,Daylight,Nil,No traffic controls,110 km/h,State,84,Off right/left bend,802,Off cway left bend,Right,Rollover,Car (sedan/hatch),,1,0,0,0,1,5,May,Autumn,Monday,08:00 - 09:59,AM peak / school commute,True,False,True,True
1356510,Injury,Minor/Other Injury,2024,2024,June,Monday,14:00 - 15:59,BANGALOW,RD,0,Right on the spot,BROWNING,ST,BYRON BAY,545.0,No,Not a school zone,Roundabout,-28.650734,153.614625,Byron,Country urban,Rest of NSW - Urban,Straight,Foot/cycle path/nature strip,,,Off,Sealed,Dry,Fine,Daylight,Nil,Give way sign,50 km/h,Regional,48,From footpath,408,Manov - From footway,,Other angle,Pedal cycle,Passenger van,2,0,0,0,1,6,June,Winter,Monday,14:00 - 15:59,Midday / afternoon,False,False,True,True
1356511,Injury,Serious Injury,2024,2024,June,Wednesday,16:00 - 17:59,LUXFORD,RD,0,Right on the spot,SEDGMAN,CRES,SHALVEY,7161.0,Yes,No,T-junction,-33.729768,150.805019,Blacktown,Sydney metro. area,Syd-Newc-Woll Gtr conurbation,Curved,,,,Off,Sealed,Dry,Fine,Dusk,Nil,Give way sign,60 km/h,Regional,16,Left near,107,Adj - Left-thru from right,,Right angle,Car (sedan/hatch),Motorcycle,2,0,1,0,0,6,June,Winter,Wednesday,16:00 - 17:59,PM peak / evening commute,True,False,True,True
1356514,Injury,Serious Injury,2024,2024,July,Friday,08:00 - 09:59,NEWCASTLE,EXP,2000,South,WINDYBANKS INTERCHANGE,OP,MOUNT KURING-GAI,6003.0,No,Not a school zone,Dual freeway,-33.651329,151.137895,Hornsby,Sydney metro. area,Syd-Newc-Woll Gtr conurbation,Straight,,,,Unknown / not stated,Sealed,Wet,Overcast,Daylight,Nil,No traffic controls,110 km/h,State,30,Rear end,301,Same - Rear end,,Rear end,B-double (road train prior 98),Large rigid,4,0,1,0,0,7,July,Winter,Friday,08:00 - 09:59,AM peak / school commute,True,False,True,True
1356517,Injury,Serious Injury,2024,2024,June,Thursday,16:00 - 17:59,GREAT WESTERN,HWY,25,East,COLYTON,RD,MINCHINBURY,5.0,No,Not a school zone,Divided road,-33.7808,150.820412,Blacktown,Sydney metro. area,Syd-Newc-Woll Gtr conurbation,Straight,,,,On,Sealed,Dry,Fine,Darkness,Nil,No traffic controls,80 km/h,State,30,Rear end,301,Same - Rear end,,Rear end,Car (sedan/hatch),Station wagon,3,0,1,0,0,6,June,Winter,Thursday,16:00 - 17:59,PM peak / evening commute,True,False,True,True
1356520,Injury,Moderate Injury,2024,2024,July,Tuesday,06:00 - 07:59,PARRY,ST,40,East,TUDOR,ST,NEWCASTLE WEST,82.0,No,Not a school zone,Divided road,-32.924478,151.754532,Newcastle,Newcastle met. area,Syd-Newc-Woll Gtr conurbation,Straight,,,,Off,Sealed,Dry,Overcast,Daylight,Nil,No traffic controls,60 km/h,State,63,Vehicle door,604,On path - Vehicle door,,Other angle,Pedal cycle,Light truck utility(from 2018),2,0,0,1,0,7,July,Winter,Tuesday,06:00 - 07:59,AM peak / school commute,True,False,True,True
1356521,Injury,Moderate Injury,2024,2024,July,Tuesday,14:00 - 15:59,EDMONDSON,AVE,0,Right on the spot,FOURTEENTH,AVE,AUSTRAL,2126.0,No,Not a school zone,X-intersection,-33.921676,150.814334,Liverpool,Sydney metro. area,Syd-Newc-Woll Gtr conurbation,Straight,,,,Unknown / not stated,Sealed,Dry,Fine,Daylight,Nil,Give way sign,60 km/h,Regional,30,Rear end,301,Same - Rear end,,Rear end,Light truck utility(from 2018),4 wheel drive / SUV,2,0,0,1,0,7,July,Winter,Tuesday,14:00 - 15:59,Midday / afternoon,False,False,True,True
1356524,Injury,Serious Injury,2024,2024,February,Saturday,04:00 - 05:59,CAPTAIN COOK,DR,80,West,CAWARRA,RD,CARINGBAH,662.0,No,Not a school zone,Divided road,-34.032527,151.124615,Sutherland,Sydney metro. area,Syd-Newc-Woll Gtr conurbation,Straight,,,,On,Sealed,Dry,Fine,Darkness,Nil,No traffic controls,60 km/h,State,73,Off rd rght => obj,704,Right off cway into obj,,Vehicle - Object,Motor scooter,,1,0,1,0,0,2,February,Summer,Saturday,04:00 - 05:59,Late night / early morning,False,False,True,True
1356525,Injury,Moderate Injury,2024,2024,May,Friday,02:00 - 03:59,PACIFIC,HWY,0,Right on the spot,ASHLEY,ST,CHATSWOOD,10.0,No,Not a school zone,T-junction,-33.79097,151.180358,Willoughby,Sydney metro. area,Syd-Newc-Woll Gtr conurbation,Straight,,,,On,Sealed,Wet,Overcast,Darkness,On,No traffic controls,60 km/h,State,71,Off rd left => obj,703,Left off cway into object,,Vehicle - Object,Light truck utility(from 2018),,1,0,0,1,0,5,May,Autumn,Friday,02:00 - 03:59,Late night / early morning,False,False,True,True
1356534,Injury,Moderate Injury,2024,2024,July,Tuesday,14:00 - 15:59,PRINCES,HWY,10,North,BESTIC,ST,ROCKDALE,1.0,No,Not a school zone,T-junction,-33.948324,151.139907,Bayside,Sydney metro. area,Syd-Newc-Woll Gtr conurbation,Straight,,,,Unknown / not stated,Sealed,Dry,Fine,Daylight,On,No traffic controls,60 km/h,State,33,Lane sideswipe,305,Same - Lane side swipe,,Other angle,4 wheel drive / SUV,Car (sedan/hatch),3,0,0,1,0,7,July,Winter,Tuesday,14:00 - 15:59,Midday / afternoon,False,False,True,True
1356535,Injury,Moderate Injury,2024,2024,March,Tuesday,08:00 - 09:59,LUXFORD,RD,0,Right on the spot,WATER LILY,TCE,BIDWILL,7161.0,No,Not a school zone,T-junction,-33.728988,150.821996,Blacktown,Sydney metro. area,Syd-Newc-Woll Gtr conurbation,Straight,,,,Unknown / not stated,Sealed,Dry,Fine,Daylight,Nil,No traffic controls,60 km/h,Regional,21,Right through,202,Opp - Right-thru,,Other angle,Car (sedan/hatch),Car (sedan/hatch),2,0,0,1,0,3,March,Autumn,Tuesday,08:00 - 09:59,AM peak / school commute,True,False,True,True
1356536,Injury,Minor/Other Injury,2024,2024,March,Tuesday,12:00 - 13:59,JINGELLIC,RD,1000,West,MANNUS FOREST,RD,TUMBARUMBA,85.0,No,Not a school zone,2-way undivided,-35.779615,147.947696,Snowy Valleys,Country urban,Rest of NSW - Urban,Curved,,,,Nil,Sealed,Dry,Fine,Daylight,Nil,No traffic controls,80 km/h,State,81,Off left/rt bnd=>obj,803,Off right bend into obj,Left,Vehicle - Object,Motorcycle,,1,0,0,0,1,3,March,Autumn,Tuesday,12:00 - 13:59,Midday / afternoon,False,False,True,True
1356537,Injury,Moderate Injury,2024,2024,May,Friday,08:00 - 09:59,PACIFIC,HWY,0,Right on the spot,COMBINE,ST,COFFS HARBOUR,10.0,No,Not a school zone,X-intersection,-30.30077,153.110552,Coffs Harbour,Country urban,Rest of NSW - Urban,Curved,,Previous crash,,Unknown / not stated,Sealed,Unknown,Unknown,Daylight,On,No traffic controls,60 km/h,State,49,Other manoeuvring,400,Manov - other,,Other angle,Station wagon,Passenger van,3,0,0,1,0,5,May,Autumn,Friday,08:00 - 09:59,AM peak / school commute,True,False,True,True
1356540,Injury,Minor/Other Injury,2024,2024,May,Wednesday,18:00 - 19:59,BURWOOD,RD,10,South,BRIDGE,RD,BELMORE,7047.0,No,Not a school zone,X-intersection,-33.917742,151.088483,Canterbury-Bankstown,Sydney metro. area,Syd-Newc-Woll Gtr conurbation,Straight,,,,On,Sealed,Wet,Fine,Dusk,Nil,Ped crossing,50 km/h,Regional,0,Ped nearside,1,Ped - Near side,,Vehicle - Pedestrian,Car (sedan/hatch),Pedestrian,2,0,0,0,1,5,May,Autumn,Wednesday,18:00 - 19:59,PM peak / evening commute,True,False,True,True
1356542,Injury,Serious Injury,2024,2024,July,Tuesday,18:00 - 19:59,DWYER,ST,0,Right on the spot,HILLS,ST,NORTH GOSFORD,,No,Not a school zone,Roundabout,-33.415288,151.345522,Central Coast,Country urban,Syd-Newc-Woll Gtr conurbation,Straight,Crest,,,On,Sealed,Wet,Raining,Darkness,Nil,Give way sign,50 km/h,Local,10,Cross traffic,101,Adj - Cross traffic,,Right angle,Car (sedan/hatch),Car (sedan/hatch),2,0,1,1,0,7,July,Winter,Tuesday,18:00 - 19:59,PM peak / evening commute,True,False,True,True
1356549,Injury,Minor/Other Injury,2024,2024,June,Tuesday,14:00 - 15:59,RICKETTY,ST,150,West,KENT,RD,MASCOT,183.0,No,Not a school zone,2-way undivided,-33.921304,151.182656,Bayside,Sydney metro. area,Syd-Newc-Woll Gtr conurbation,Straight,,,,Off,Sealed,Dry,Fine,Daylight,Nil,No traffic controls,60 km/h,State,34,Lane change right,306,Same - Lane change right,,Other angle,Light truck utility(from 2018),Motor scooter,2,0,0,0,1,6,June,Winter,Tuesday,14:00 - 15:59,Midday / afternoon,False,False,True,True
1356551,Injury,Serious Injury,2024,2024,March,Saturday,16:00 - 17:59,TUROSS,ST,0,Right on the spot,NUMBER 8,HN,LAKE ALBERT,,No,Not a school zone,2-way undivided,-35.167051,147.380554,Wagga Wagga,Country urban,Rest of NSW - Urban,Straight,Driveway/entrance,,,Off,Sealed,Dry,Fine,Daylight,Nil,No traffic controls,50 km/h,Local,71,Off rd left => obj,703,Left off cway into object,,Other angle,Car (sedan/hatch),Car (sedan/hatch),9,0,2,3,3,3,March,Autumn,Saturday,16:00 - 17:59,PM peak / evening commute,True,False,True,True
1356553,Injury,Moderate Injury,2024,2024,June,Thursday,22:00 - Midnight,MYRTLE,ST,50,West,RYDAL,ST,PROSPECT,,No,Not a school zone,2-way undivided,-33.795341,150.908692,Blacktown,Sydney metro. area,Syd-Newc-Woll Gtr conurbation,Curved,,,,Nil,Sealed,Wet,Raining,Darkness,Nil,No traffic controls,50 km/h,Local,87,Off lft/lft bnd=>obj,804,Off left bend into obj,Left,Other angle,Car (sedan/hatch),Light truck,4,0,0,1,0,6,June,Winter,Thursday,22:00 - Midnight,Evening / night,False,False,True,True
1356554,Injury,Minor/Other Injury,2024,2024,March,Saturday,16:00 - 17:59,WESTERN,DSTR,20,West,SUSSEX,ST,SYDNEY,165.0,No,Not a school zone,Divided road,-33.87099,151.203638,Sydney,Sydney metro. area,Syd-Newc-Woll Gtr conurbation,Curved,Steep grade,,,Unknown / not stated,Sealed,Wet,Raining,Daylight,Nil,No traffic controls,60 km/h,State,88,Out of cont on bend,805,Out of control on bend,,Rollover,Motorcycle,,1,0,0,0,1,3,March,Autumn,Saturday,16:00 - 17:59,PM peak / evening commute,True,False,True,True
1356559,Injury,Moderate Injury,2024,2024,July,Saturday,22:00 - Midnight,LUXFORD,RD,0,Right on the spot,PALMYRA,AVE,LETHBRIDGE PARK,7161.0,No,Not a school zone,T-junction,-33.73541,150.799541,Blacktown,Sydney metro. area,Syd-Newc-Woll Gtr conurbation,Straight,,,,Unknown / not stated,Sealed,Dry,Fine,Darkness,On,No traffic controls,60 km/h,Regional,21,Right through,202,Opp - Right-thru,,Other angle,4 wheel drive / SUV,Car (sedan/hatch),2,0,0,1,0,7,July,Winter,Saturday,22:00 - Midnight,Evening / night,False,False,True,True
1356560,Injury,Moderate Injury,2024,2024,March,Wednesday,22:00 - Midnight,GLENDALE,DR,0,Right on the spot,LAKE,RD,GLENDALE,217.0,No,Not a school zone,T-junction,-32.926211,151.65071,Lake Macquarie,Newcastle met. area,Syd-Newc-Woll Gtr conurbation,Curved,Steep grade,Roadwks/Detour/Diverson,,On,Sealed,Dry,Fine,Darkness,On,No traffic controls,60 km/h,State,41,U turn into object,409,Manov - U-turn into fixed obje,,Vehicle - Object,Motorcycle,,1,0,0,1,0,3,March,Autumn,Wednesday,22:00 - Midnight,Evening / night,False,False,True,True
1356564,Injury,Minor/Other Injury,2024,2024,June,Tuesday,06:00 - 07:59,PITTWATER,RD,0,Right on the spot,VENUS,ST,GLADESVILLE,2052.0,No,Not a school zone,Roundabout,-33.828515,151.129463,Ryde,Sydney metro. area,Syd-Newc-Woll Gtr conurbation,Straight,,,,Nil,Sealed,Dry,Fine,Daylight,Nil,Give way sign,60 km/h,Regional,30,Rear end,301,Same - Rear end,,Rear end,Car (sedan/hatch),4 wheel drive / SUV,2,0,0,0,1,6,June,Winter,Tuesday,06:00 - 07:59,AM peak / school commute,True,False,True,True
1356565,Injury,Moderate Injury,2024,2024,July,Wednesday,20:00 - 21:59,LANDY,DR,0,Right on the spot,NUMBER 57,HN,MOUNT WARRIGAL,,No,Not a school zone,2-way undivided,-34.550611,150.848654,Shellharbour,Wollongong met. area,Syd-Newc-Woll Gtr conurbation,Straight,,,,Unknown / not stated,Sealed,Wet,Raining,Darkness,Nil,No traffic controls,50 km/h,Local,71,Off rd left => obj,703,Left off cway into object,,Other angle,Light truck utility(from 2018),4 wheel drive / SUV,2,0,0,1,0,7,July,Winter,Wednesday,20:00 - 21:59,Evening / night,False,False,True,True
1356567,Injury,Minor/Other Injury,2024,2024,April,Tuesday,18:00 - 19:59,BALACLAVA,RD,0,Right on the spot,CORUNNA,RD,EASTWOOD,2024.0,No,Not a school zone,X-intersection,-33.78397,151.094248,Ryde,Sydney metro. area,Syd-Newc-Woll Gtr conurbation,Straight,,,,On,Sealed,Dry,Fine,Dusk,On,No traffic controls,60 km/h,Regional,30,Rear end,301,Same - Rear end,,Rear end,Car (sedan/hatch),4 wheel drive / SUV,2,0,0,0,1,4,April,Autumn,Tuesday,18:00 - 19:59,PM peak / evening commute,True,False,True,True
1356579,Injury,Minor/Other Injury,2024,2024,February,Wednesday,16:00 - 17:59,GEORGE BOOTH,DR,0,Right on the spot,NORTHVILLE,DR,EDGEWORTH,527.0,No,Not a school zone,Roundabout,-32.923324,151.609888,Lake Macquarie,Newcastle met. area,Syd-Newc-Woll Gtr conurbation,Straight,,,,On,Sealed,Wet,Raining,Daylight,Nil,Give way sign,60 km/h,State,30,Rear end,301,Same - Rear end,,Rear end,Light truck utility(from 2018),Car (sedan/hatch),2,0,0,0,1,2,February,Summer,Wednesday,16:00 - 17:59,PM peak / evening commute,True,False,True,True
1356582,Injury,Moderate Injury,2024,2024,April,Wednesday,06:00 - 07:59,ST HELENA,RD,3050,West,BANGALOW,RD,MCLEODS SHOOT,,No,Not a school zone,2-way undivided,-28.656884,153.557373,Byron,Country urban,Rest of NSW - Urban,Curved,Embankment/cutting,,Potholes/corrugations/rough,Nil,Sealed,Dry,Fine,Daylight,Nil,No traffic controls,60 km/h,Local,80,Off left/right bend,801,Off cway right bend,Left,Rollover,4 wheel drive / SUV,,1,0,0,1,0,4,April,Autumn,Wednesday,06:00 - 07:59,AM peak / school commute,True,False,True,True
1356586,Injury,Serious Injury,2024,2024,June,Sunday,14:00 - 15:59,PACIFIC,HWY,25,South,LITTLE,ST,COFFS HARBOUR,10.0,No,Not a school zone,Divided road,-30.298773,153.112263,Coffs Harbour,Country urban,Rest of NSW - Urban,Curved,,,,Off,Sealed,Wet,Raining,Daylight,Nil,No traffic controls,60 km/h,State,81,Off left/rt bnd=>obj,803,Off right bend into obj,Left,Vehicle - Object,Car (sedan/hatch),,1,0,1,0,0,6,June,Winter,Sunday,14:00 - 15:59,Midday / afternoon,False,False,True,True
1356588,Injury,Moderate Injury,2024,2024,June,Saturday,22:00 - Midnight,VICTORIA,RD,0,Right on the spot,ANZAC,BDGE,SYDNEY,165.0,No,Not a school zone,Divided road,-33.869232,151.185756,Sydney,Sydney metro. area,Syd-Newc-Woll Gtr conurbation,Straight,Other bridge,,,Unknown / not stated,Sealed,Unknown,Unknown,Darkness,Nil,No traffic controls,60 km/h,State,34,Lane change right,306,Same - Lane change right,,Other angle,Car (sedan/hatch),Car (sedan/hatch),3,0,0,1,0,6,June,Winter,Saturday,22:00 - Midnight,Evening / night,False,False,True,True
1356589,Injury,Serious Injury,2024,2024,June,Wednesday,08:00 - 09:59,RACECOURSE,RD,0,Right on the spot,HOSPITAL,ENT,GOSFORD,7757.0,No,Not a school zone,2-way undivided,-33.418526,151.339801,Central Coast,Country urban,Syd-Newc-Woll Gtr conurbation,Curved,Driveway/entrance,,,Unknown / not stated,Sealed,Dry,Fine,Daylight,Nil,Give way sign,60 km/h,Regional,32,Right rear,303,Same - Rear right,,Rear end,Large rigid,Motor scooter,2,0,1,0,0,6,June,Winter,Wednesday,08:00 - 09:59,AM peak / school commute,True,False,True,True
1356591,Injury,Moderate Injury,2024,2024,February,Wednesday,10:00 - 11:59,PACIFIC,HWY,0,Right on the spot,SOUTH TACOMA,RD,TUGGERAH,10.0,No,Not a school zone,T-junction,-33.292672,151.423424,Central Coast,Country urban,Syd-Newc-Woll Gtr conurbation,Straight,,,,Off,Sealed,Dry,Fine,Daylight,Nil,Give way sign,60 km/h,State,74,On road-out of cont.,705,Out of control on cway,,Rollover,Motorcycle,,1,0,0,1,0,2,February,Summer,Wednesday,10:00 - 11:59,Midday / afternoon,False,False,True,True