crash_id,degree_of_crash,degree_of_crash_-_detailed,reporting_year,year_of_crash,month_of_crash,day_of_week_of_crash,two-hour_intervals,street_of_crash,street_type,distance,direction,identifying_feature,identifying_feature_type,town,route_no.,school_zone_location,school_zone_active,type_of_location,latitude,longitude,lga,urbanisation,conurbation_1,alignment,primary_permanent_feature,primary_temporary_feature,primary_hazardous_feature,street_lighting,road_surface,surface_condition,weather,natural_lighting,signals_operation,other_traffic_control,speed_limit,road_classification_(admin),rum_-_code,rum_-_description,dca_-_code,dca_-_description,dca_supplement,first_impact_type,key_tu_type,other_tu_type,no._of_traffic_units_involved,no._killed,no._seriously_injured,no._moderately_injured,no._minor-other_injured,month_num,month_label,season,day_label,time_label,time_band,is_peak_commute,is_fatal,is_injury,is_casualty
1356596,Injury,Moderate Injury,2024,2024,July,Saturday,18:00 - 19:59,HYATTS,RD,0,Right on the spot,NUMBER 122,HN,PLUMPTON,,No,Not a school zone,2-way undivided,-33.745552,150.834529,Blacktown,Sydney metro. area,Syd-Newc-Woll Gtr conurbation,Straight,,,,Unknown / not stated,Sealed,Dry,Fine,Darkness,Nil,Ped crossing,50 km/h,Local,30,Rear end,301,Same - Rear end,,Rear end,Car (sedan/hatch),4 wheel drive / SUV,2,0,0,1,0,7,July,Winter,Saturday,18:00 - 19:59,PM peak / evening commute,True,False,True,True
1356598,Injury,Serious Injury,2024,2024,May,Saturday,14:00 - 15:59,OXFORD,ST,10,East,MONCUR,ST,WOOLLAHRA,172.0,No,Not a school zone,T-junction,-33.89062,151.237858,Woollahra,Sydney metro. area,Syd-Newc-Woll Gtr conurbation,Straight,,,,Off,Sealed,Wet,Raining,Daylight,Nil,No traffic controls,60 km/h,State,71,Off rd left => obj,703,Left off cway into object,,Vehicle - Object,Car (sedan/hatch),,1,0,1,0,2,5,May,Autumn,Saturday,14:00 - 15:59,Midday / afternoon,False,False,True,True
1356603,Injury,Serious Injury,2024,2024,February,Monday,00:01 - 01:59,KIDMAN,WAY,15000,North,LOUTH,RD,TINDAREY,421.0,No,Not a school zone,2-way undivided,-31.365105,145.881638,Cobar,Country non-urban,Rest of NSW - Rural,Straight,,,,Nil,Sealed,Dry,Fine,Darkness,Nil,No traffic controls,110 km/h,State,20,Head on,201,Opp - Head on,,Head-on,Road train,Road train,2,0,1,0,0,2,February,Summer,Monday,00:01 - 01:59,Late night / early morning,False,False,True,True
1356608,Injury,Moderate Injury,2024,2024,June,Saturday,16:00 - 17:59,PACIFIC,HWY,0,Right on the spot,CARTERS,RD,LAKE MUNMORAH,10.0,No,Not a school zone,X-intersection,-33.190028,151.577333,Central Coast,Country urban,Syd-Newc-Woll Gtr conurbation,Straight,,,,On,Sealed,Wet,Raining,Dusk,On,No traffic controls,80 km/h,State,30,Rear end,301,Same - Rear end,,Rear end,Car (sedan/hatch),4 wheel drive / SUV,2,0,0,1,0,6,June,Winter,Saturday,16:00 - 17:59,PM peak / evening commute,True,False,True,True
1356612,Injury,Moderate Injury,2024,2024,July,Monday,06:00 - 07:59,HUNTER,EXP,50,East,NEWCASTLE EXPRESSWAY,OP,CAMERON PARK,6011.0,No,Not a school zone,Other,-32.889496,151.601389,Lake Macquarie,Newcastle met. area,Syd-Newc-Woll Gtr conurbation,Curved,Other bridge,,,Nil,Sealed,Dry,Fine,Daylight,Nil,No traffic controls,80 km/h,State,30,Rear end,301,Same - Rear end,,Rear end,4 wheel drive / SUV,Light truck utility(from 2018),2,0,0,1,0,7,July,Winter,Monday,06:00 - 07:59,AM peak / school commute,True,False,True,True
1356615,Injury,Serious Injury,2024,2024,May,Wednesday,18:00 - 19:59,POMEROY,ST,104,East,ISMAY,AVE,NORTH STRATHFIELD,7324.0,No,Not a school zone,2-way undivided,-33.858677,151.083823,Strathfield,Sydney metro. area,Syd-Newc-Woll Gtr conurbation,Straight,,,,On,Sealed,Wet,Raining,Dusk,Nil,Ped crossing,50 km/h,Regional,0,Ped nearside,1,Ped - Near side,,Vehicle - Pedestrian,Car (sedan/hatch),Pedestrian,3,0,1,0,1,5,May,Autumn,Wednesday,18:00 - 19:59,PM peak / evening commute,True,False,True,True
1356618,Injury,Moderate Injury,2024,2024,July,Saturday,16:00 - 17:59,ARNOTT,RD,0,Right on the spot,NAIRANA,DR,MARAYONG,,No,Not a school zone,T-junction,-33.740005,150.894503,Blacktown,Sydney metro. area,Syd-Newc-Woll Gtr conurbation,Straight,Steep grade,,,Nil,Sealed,Dry,Fine,Dusk,Nil,No traffic controls,50 km/h,Local,21,Right through,202,Opp - Right-thru,,Other angle,Car (sedan/hatch),Station wagon,2,0,0,1,0,7,July,Winter,Saturday,16:00 - 17:59,PM peak / evening commute,True,False,True,True
1356627,Injury,Serious Injury,2024,2024,June,Friday,14:00 - 15:59,EUCALYPTUS,DR,0,Right on the spot,WESTRINGIA,PL,MACQUARIE FIELDS,,No,Not a school zone,T-junction,-33.993157,150.893885,Campbelltown,Sydney metro. area,Syd-Newc-Woll Gtr conurbation,Curved,,,,Nil,Sealed,Dry,Fine,Daylight,Nil,No traffic controls,50 km/h,Local,16,Left near,107,Adj - Left-thru from right,,Right angle,Car (sedan/hatch),Pedal cycle,2,0,1,0,0,6,June,Winter,Friday,14:00 - 15:59,Midday / afternoon,False,False,True,True
1356629,Injury,Moderate Injury,2024,2024,July,Sunday,14:00 - 15:59,ADELAIDE,ST,0,Right on the spot,OXFORD,ST,BONDI JUNCTION,,No,Not a school zone,X-intersection,-33.89154,151.252026,Waverley,Sydney metro. area,Syd-Newc-Woll Gtr conurbation,Straight,,,,Nil,Sealed,Wet,Overcast,Daylight,On,Ped crossing,50 km/h,Local,0,Ped nearside,1,Ped - Near side,,Vehicle - Pedestrian,Light truck,Pedestrian,2,0,0,1,0,7,July,Winter,Sunday,14:00 - 15:59,Midday / afternoon,False,False,True,True
1356631,Injury,Minor/Other Injury,2024,2024,June,Sunday,14:00 - 15:59,WINE COUNTRY,DR,0,Right on the spot,RYDGES RESORT HUNTER VALLEY,ENT,POKOLBIN,220.0,No,Not a school zone,2-way undivided,-32.783394,151.345787,Cessnock,Country urban,Rest of NSW - Urban,Straight,Driveway/entrance,,,Unknown / not stated,Sealed,Wet,Raining,Daylight,Nil,Stop sign,80 km/h,State,47,Emerging from drive,406,Manov - Emerging from driveway,,Right angle,4 wheel drive / SUV,Light truck utility(from 2018),2,0,0,0,1,6,June,Winter,Sunday,14:00 - 15:59,Midday / afternoon,False,False,True,True
1356637,Injury,Minor/Other Injury,2024,2024,June,Friday,18:00 - 19:59,BUIST,ST,0,Right on the spot,ROBERTSON,RD,BASS HILL,,No,Not a school zone,X-intersection,-33.897747,151.002165,Canterbury-Bankstown,Sydney metro. area,Syd-Newc-Woll Gtr conurbation,Straight,,,,Unknown / not stated,Sealed,Wet,Raining,Darkness,Nil,Stop sign,50 km/h,Local,10,Cross traffic,101,Adj - Cross traffic,,Right angle,Car (sedan/hatch),Car (sedan/hatch),2,0,0,0,1,6,June,Winter,Friday,18:00 - 19:59,PM peak / evening commute,True,False,True,True
1356638,Injury,Serious Injury,2024,2024,May,Thursday,14:00 - 15:59,WINDSOR,RD,260,South,CHAPMAN,RD,VINEYARD,184.0,No,Not a school zone,Divided road,-33.648059,150.860678,Blacktown,Sydney metro. area,Syd-Newc-Woll Gtr conurbation,Straight,,,,Nil,Sealed,Dry,Fine,Daylight,Nil,No traffic controls,80 km/h,State,35,Lane change left,307,Same - Lane change left,,Other angle,Car (sedan/hatch),Light truck,3,0,1,1,0,5,May,Autumn,Thursday,14:00 - 15:59,Midday / afternoon,False,False,True,True
1356640,Injury,Moderate Injury,2024,2024,May,Friday,16:00 - 17:59,CHAPEL,RD,0,Right on the spot,RICKARD,RD,BANKSTOWN,7122.0,No,Not a school zone,X-intersection,-33.914483,151.034342,Canterbury-Bankstown,Sydney metro. area,Syd-Newc-Woll Gtr conurbation,Straight,,,,Off,Sealed,Dry,Fine,Daylight,On,Ped crossing,60 km/h,Regional,0,Ped nearside,1,Ped - Near side,,Vehicle - Pedestrian,Car (sedan/hatch),Pedestrian,2,0,0,2,0,5,May,Autumn,Friday,16:00 - 17:59,PM peak / evening commute,True,False,True,True
1356643,Injury,Minor/Other Injury,2024,2024,June,Sunday,18:00 - 19:59,MINJUNGBAL,DR,0,Right on the spot,MACHINERY,DR,TWEED HEADS SOUTH,7733.0,No,Not a school zone,T-junction,-28.202784,153.544295,Tweed,Country urban,Rest of NSW - Urban,Straight,Driveway/entrance,,,Unknown / not stated,Sealed,Dry,Fine,Darkness,On,No traffic controls,60 km/h,Regional,13,Right near,104,Adj - Right-thru from right,,Right angle,Car (sedan/hatch),Car (sedan/hatch),2,0,0,0,1,6,June,Winter,Sunday,18:00 - 19:59,PM peak / evening commute,True,False,True,True
1356646,Injury,Minor/Other Injury,2024,2024,June,Friday,22:00 - Midnight,HUME,HWY,10,South,COMO,RD,GREENACRE,2.0,No,Not a school zone,T-junction,-33.892421,151.055885,Canterbury-Bankstown,Sydney metro. area,Syd-Newc-Woll Gtr conurbation,Curved,,,,On,Sealed,Dry,Fine,Darkness,Nil,No traffic controls,70 km/h,State,30,Rear end,301,Same - Rear end,,Rear end,Car (sedan/hatch),Car (sedan/hatch),3,0,0,0,1,6,June,Winter,Friday,22:00 - Midnight,Evening / night,False,False,True,True
1356649,Injury,Moderate Injury,2024,2024,June,Thursday,14:00 - 15:59,CHANTRY,ST,0,Right on the spot,KENMORE,BDGE,GOULBURN,256.0,No,Not a school zone,2-way undivided,-34.733459,149.735485,Goulburn Mulwaree,Country urban,Rest of NSW - Urban,Straight,Other bridge,,,Nil,Sealed,Unknown,Unknown,Daylight,Nil,No traffic controls,60 km/h,Regional,20,Head on,201,Opp - Head on,,Head-on,Station wagon,Light truck utility(from 2018),2,0,0,1,0,6,June,Winter,Thursday,14:00 - 15:59,Midday / afternoon,False,False,True,True
1356650,Injury,Moderate Injury,2024,2024,May,Wednesday,00:01 - 01:59,WOODSTOCK,AVE,0,Right on the spot,DUKE,ST,MOUNT DRUITT,537.0,No,Not a school zone,Roundabout,-33.758288,150.830835,Blacktown,Sydney metro. area,Syd-Newc-Woll Gtr conurbation,Straight,,,,On,Sealed,Dry,Fine,Darkness,Nil,Give way sign,60 km/h,State,10,Cross traffic,101,Adj - Cross traffic,,Right angle,Car (sedan/hatch),Car (sedan/hatch),2,0,0,1,0,5,May,Autumn,Wednesday,00:01 - 01:59,Late night / early morning,False,False,True,True
1356651,Injury,Moderate Injury,2024,2024,June,Sunday,12:00 - 13:59,MAITLAND,RD,0,Right on the spot,NUMBER 257,HN,MAYFIELD,464.0,No,Not a school zone,2-way undivided,-32.894017,151.732096,Newcastle,Newcastle met. area,Syd-Newc-Woll Gtr conurbation,Straight,,,,Nil,Sealed,Dry,Fine,Daylight,Nil,No traffic controls,60 km/h,Regional,71,Off rd left => obj,703,Left off cway into object,,Vehicle - Object,4 wheel drive / SUV,,1,0,0,1,0,6,June,Winter,Sunday,12:00 - 13:59,Midday / afternoon,False,False,True,True
1356652,Injury,Moderate Injury,2024,2024,May,Friday,06:00 - 07:59,JUNCTION,RD,50,West,WELLWOOD,AVE,MOOREBANK,,No,Not a school zone,2-way undivided,-33.938594,150.943484,Liverpool,Sydney metro. area,Syd-Newc-Woll Gtr conurbation,Straight,,,,Off,Sealed,Dry,Fine,Daylight,Nil,No traffic controls,50 km/h,Local,71,Off rd left => obj,703,Left off cway into object,,Other angle,Light truck utility(from 2018),Car (sedan/hatch),2,0,0,1,0,5,May,Autumn,Friday,06:00 - 07:59,AM peak / school commute,True,False,True,True
1356655,Injury,Moderate Injury,2024,2024,April,Tuesday,14:00 - 15:59,ROSA,ST,100,South,NEVILLE,ST,OATLEY,,No,Not a school zone,2-way undivided,-33.985301,151.082223,Georges River,Sydney metro. area,Syd-Newc-Woll Gtr conurbation,Straight,,,,Off,Sealed,Dry,Fine,Daylight,Nil,No traffic controls,50 km/h,Local,63,Vehicle door,604,On path - Vehicle door,,Other angle,4 wheel drive / SUV,Car (sedan/hatch),2,0,0,1,0,4,April,Autumn,Tuesday,14:00 - 15:59,Midday / afternoon,False,False,True,True
1356656,Injury,Minor/Other Injury,2024,2024,June,Wednesday,10:00 - 11:59,OCEAN BEACH,RD,0,Right on the spot,VERON,RD,UMINA BEACH,7752.0,No,Not a school zone,T-junction,-33.507058,151.319253,Central Coast,Country urban,Syd-Newc-Woll Gtr conurbation,Straight,,,,Unknown / not stated,Sealed,Dry,Fine,Daylight,Nil,Give way sign,60 km/h,Regional,21,Right through,202,Opp - Right-thru,,Other angle,Light truck utility(from 2018),4 wheel drive / SUV,2,0,0,0,2,6,June,Winter,Wednesday,10:00 - 11:59,Midday / afternoon,False,False,True,True
1356657,Injury,Serious Injury,2024,2024,June,Monday,18:00 - 19:59,FOWLER,RD,0,Right on the spot,NUMBER 68,HN,ILLAWONG,,No,Not a school zone,2-way undivided,-33.992608,151.058308,Sutherland,Sydney metro. area,Syd-Newc-Woll Gtr conurbation,Straight,Steep grade,,,Nil,Sealed,Dry,Fine,Darkness,Nil,No traffic controls,50 km/h,Local,71,Off rd left => obj,703,Left off cway into object,,Vehicle - Object,Station wagon,,1,0,2,1,0,6,June,Winter,Monday,18:00 - 19:59,PM peak / evening commute,True,False,True,True
1356663,Injury,Serious Injury,2024,2024,July,Friday,10:00 - 11:59,PACIFIC,HWY,0,Right on the spot,DODDS,RD,CHINDERAH,10.0,No,Not a school zone,T-junction,-28.247652,153.534734,Tweed,Country non-urban,Rest of NSW - Rural,Straight,,,,Nil,Sealed,Wet,Raining,Daylight,Nil,Give way sign,110 km/h,State,13,Right near,104,Adj - Right-thru from right,,Right angle,Utility,Car (sedan/hatch),2,0,1,0,0,7,July,Winter,Friday,10:00 - 11:59,Midday / afternoon,False,False,True,True
1356664,Injury,Serious Injury,2024,2024,June,Tuesday,10:00 - 11:59,PACIFIC,HWY,0,Right on the spot,LAKE HAVEN,DR,LAKE HAVEN,10.0,No,Not a school zone,Roundabout,-33.238731,151.499434,Central Coast,Country urban,Syd-Newc-Woll Gtr conurbation,Straight,Steep grade,,,Off,Sealed,Dry,Fine,Daylight,Nil,Give way sign,60 km/h,State,10,Cross traffic,101,Adj - Cross traffic,,Right angle,Light truck utility(from 2018),Motorcycle,2,0,1,0,0,6,June,Winter,Tuesday,10:00 - 11:59,Midday / afternoon,False,False,True,True
1356672,Injury,Moderate Injury,2024,2024,June,Thursday,06:00 - 07:59,MILITARY,RD,0,Right on the spot,LANG,ST,MOSMAN,164.0,No,Not a school zone,X-intersection,-33.824824,151.234371,Mosman,Sydney metro. area,Syd-Newc-Woll Gtr conurbation,Straight,,,,On,Sealed,Dry,Fine,Dawn,Nil,No traffic controls,60 km/h,State,13,Right near,104,Adj - Right-thru from right,,Right angle,Car (sedan/hatch),Car (sedan/hatch),2,0,0,1,1,6,June,Winter,Thursday,06:00 - 07:59,AM peak / school commute,True,False,True,True
1356674,Injury,Moderate Injury,2024,2024,June,Friday,16:00 - 17:59,HUME,HWY,0,Right on the spot,YASS VALLEY,WAY,MANTON,2.0,No,Not a school zone,T-junction,-34.837288,149.013354,Yass Valley,Country non-urban,Rest of NSW - Rural,Straight,,,,Unknown / not stated,Sealed,Dry,Fine,Daylight,Nil,Stop sign,110 km/h,State,13,Right near,104,Adj - Right-thru from right,,Right angle,Car (sedan/hatch),4 wheel drive / SUV,2,0,0,1,2,6,June,Winter,Friday,16:00 - 17:59,PM peak / evening commute,True,False,True,True
1356675,Injury,Minor/Other Injury,2024,2024,July,Wednesday,14:00 - 15:59,VICTORIA,RD,10,East,PARKES,ST,ERMINGTON,165.0,No,Not a school zone,T-junction,-33.812327,151.061632,Parramatta,Sydney metro. area,Syd-Newc-Woll Gtr conurbation,Straight,,,,Nil,Sealed,Dry,Fine,Daylight,Nil,No right turn,70 km/h,State,30,Rear end,301,Same - Rear end,,Rear end,Light truck,4 wheel drive / SUV,3,0,0,0,1,7,July,Winter,Wednesday,14:00 - 15:59,Midday / afternoon,False,False,True,True
1356678,Injury,Minor/Other Injury,2024,2024,March,Sunday,16:00 - 17:59,BOTANY,RD,25,South,MCEVOY,ST,ALEXANDRIA,170.0,No,Not a school zone,Divided road,-33.901697,151.20124,Sydney,Sydney metro. area,Syd-Newc-Woll Gtr conurbation,Straight,,,,Off,Sealed,Dry,Fine,Daylight,Nil,No traffic controls,50 km/h,State,42,Leaving parking,401,Manov - Leaving parking,,Other angle,Car (sedan/hatch),Car (sedan/hatch),2,0,0,0,1,3,March,Autumn,Sunday,16:00 - 17:59,PM peak / evening commute,True,False,True,True
1356679,Injury,Serious Injury,2024,2024,May,Thursday,12:00 - 13:59,SAYWELL,RD,0,Right on the spot,DALE,LANE,MACQUARIE FIELDS,7199.0,No,Not a school zone,T-junction,-33.990835,150.883887,Campbelltown,Sydney metro. area,Syd-Newc-Woll Gtr conurbation,Straight,,,,Off,Sealed,Dry,Fine,Daylight,Nil,No traffic controls,60 km/h,Regional,34,Lane change right,306,Same - Lane change right,,Other angle,Car (sedan/hatch),Car (sedan/hatch),2,0,1,1,0,5,May,Autumn,Thursday,12:00 - 13:59,Midday / afternoon,False,False,True,True
1356681,Injury,Moderate Injury,2024,2024,June,Sunday,12:00 - 13:59,MALSBURY,RD,350,South,CLARKE,RD,NORMANHURST,7243.0,No,Not a school zone,2-way undivided,-33.716281,151.099484,Hornsby,Sydney metro. area,Syd-Newc-Woll Gtr conurbation,Straight,Painted double centre lines,,,Off,Sealed,Wet,Other,Daylight,Nil,No traffic controls,60 km/h,Regional,20,Head on,201,Opp - Head on,,Head-on,Car (sedan/hatch),Car (sedan/hatch),3,0,0,2,0,6,June,Winter,Sunday,12:00 - 13:59,Midday / afternoon,False,False,True,True
1356685,Injury,Serious Injury,2024,2024,March,Wednesday,20:00 - 21:59,OLD WINDSOR,RD,500,North,SAMANTHA RILEY,DR,STANHOPE GARDENS,635.0,No,Not a school zone,Divided road,-33.707895,150.931261,Blacktown,Sydney metro. area,Syd-Newc-Woll Gtr conurbation,Curved,,,,On,Sealed,Dry,Fine,Darkness,Nil,No traffic controls,80 km/h,State,88,Out of cont on bend,805,Out of control on bend,,Rollover,Motorcycle,,1,0,1,0,0,3,March,Autumn,Wednesday,20:00 - 21:59,Evening / night,False,False,True,True
1356690,Injury,Minor/Other Injury,2024,2024,June,Thursday,16:00 - 17:59,BEN LOMOND,RD,50,West,HOLMES,RD,MINTO,7196.0,No,Not a school zone,Divided road,-34.026145,150.835548,Campbelltown,Sydney metro. area,Syd-Newc-Woll Gtr conurbation,Straight,,,,Nil,Sealed,Wet,Raining,Daylight,Nil,No traffic controls,60 km/h,Regional,30,Rear end,301,Same - Rear end,,Rear end,Unknown motor vehicle,Car (sedan/hatch),3,0,0,0,1,6,June,Winter,Thursday,16:00 - 17:59,PM peak / evening commute,True,False,True,True
1356691,Injury,Serious Injury,2024,2024,April,Sunday,10:00 - 11:59,CHUTER,AVE,0,Right on the spot,FLORENCE,ST,RAMSGATE BEACH,7003.0,Yes,No,T-junction,-33.981925,151.144503,Bayside,Sydney metro. area,Syd-Newc-Woll Gtr conurbation,Straight,,,,Off,Sealed,Dry,Fine,Daylight,Nil,No traffic controls,60 km/h,Regional,37,Left turn sideswipe,309,Same - Left turn side swipe,,Other angle,Light truck utility(from 2018),Pedal cycle,2,0,1,0,0,4,April,Autumn,Sunday,10:00 - 11:59,Midday / afternoon,False,False,True,True
1356697,Injury,Moderate Injury,2024,2024,June,Monday,14:00 - 15:59,NUWARRA,RD,0,Right on the spot,NUMBER 139,HN,MOOREBANK,7269.0,No,Not a school zone,2-way undivided,-33.936512,150.952994,Liverpool,Sydney metro. area,Syd-Newc-Woll Gtr conurbation,Straight,,,,Off,Sealed,Dry,Fine,Daylight,Nil,No traffic controls,60 km/h,Regional,30,Rear end,301,Same - Rear end,,Rear end,4 wheel drive / SUV,Car (sedan/hatch),2,0,0,1,0,6,June,Winter,Monday,14:00 - 15:59,Midday / afternoon,False,False,True,True
1356698,Injury,Serious Injury,2024,2024,July,Saturday,14:00 - 15:59,URANA,RD,0,Right on the spot,MCDONALD,RD,LAVINGTON,125.0,No,Not a school zone,T-junction,-36.042713,146.928705,Albury,Country urban,Rest of NSW - Urban,Straight,,,,Nil,Sealed,Dry,Fine,Daylight,Nil,Give way sign,60 km/h,Regional,13,Right near,104,Adj - Right-thru from right,,Right angle,Car (sedan/hatch),Car (sedan/hatch),2,0,2,0,0,7,July,Winter,Saturday,14:00 - 15:59,Midday / afternoon,False,False,True,True
1356701,Injury,Serious Injury,2024,2024,February,Thursday,16:00 - 17:59,CESSNOCK,RD,0,Right on the spot,WAKEFIELD,RD,RYHOPE,220.0,No,Not a school zone,T-junction,-32.989702,151.521852,Lake Macquarie,Newcastle met. area,Syd-Newc-Woll Gtr conurbation,Straight,,,,Off,Sealed,Dry,Overcast,Daylight,Nil,Stop sign,80 km/h,State,13,Right near,104,Adj - Right-thru from right,,Right angle,Car (sedan/hatch),Motorcycle,2,0,1,0,0,2,February,Summer,Thursday,16:00 - 17:59,PM peak / evening commute,True,False,True,True
1356702,Injury,Moderate Injury,2024,2024,June,Thursday,16:00 - 17:59,LAMBTON,RD,30,North,ALMA,RD,NEW LAMBTON,188.0,No,Not a school zone,2-way undivided,-32.921999,151.715056,Newcastle,Newcastle met. area,Syd-Newc-Woll Gtr conurbation,Straight,,,,On,Sealed,Dry,Fine,Dusk,Nil,No traffic controls,60 km/h,Regional,74,On road-out of cont.,705,Out of control on cway,,Rollover,Motorcycle,,1,0,0,1,0,6,June,Winter,Thursday,16:00 - 17:59,PM peak / evening commute,True,False,True,True
1356711,Injury,Serious Injury,2024,2024,April,Sunday,22:00 - Midnight,FOVEAUX,ST,0,Right on the spot,CORBEN,ST,SURRY HILLS,7301.0,No,Not a school zone,T-junction,-33.884793,151.211973,Sydney,Sydney metro. area,Syd-Newc-Woll Gtr conurbation,Straight,Steep grade,,,On,Sealed,Wet,Fine,Darkness,Nil,No traffic controls,40 km/h,Regional,71,Off rd left => obj,703,Left off cway into object,,Vehicle - Object,Pedal cycle,,1,0,1,0,0,4,April,Autumn,Sunday,22:00 - Midnight,Evening / night,False,False,True,True
1356718,Injury,Moderate Injury,2024,2024,June,Friday,06:00 - 07:59,M7 WESTLINK,EXP,1500,North,COWPASTURE,RD,MIDDLETON GRANGE,6009.0,No,Not a school zone,Dual freeway,-33.906348,150.846727,Liverpool,Sydney metro. area,Syd-Newc-Woll Gtr conurbation,Straight,,,,Unknown / not stated,Sealed,Dry,Fine,Daylight,Nil,No traffic controls,100 km/h,State,30,Rear end,301,Same - Rear end,,Rear end,Large rigid,4 wheel drive / SUV,5,0,0,1,1,6,June,Winter,Friday,06:00 - 07:59,AM peak / school commute,True,False,True,True
1356719,Injury,Serious Injury,2024,2024,February,Friday,14:00 - 15:59,ILLAWARRA,HWY,2000,West,NORTH MACQUARIE,RD,TONGARRA,25.0,No,Not a school zone,2-way undivided,-34.580356,150.707524,Shellharbour,Wollongong met. area,Syd-Newc-Woll Gtr conurbation,Curved,Steep grade,,,Nil,Sealed,Dry,Overcast,Daylight,Nil,No traffic controls,90 km/h,State,30,Rear end,301,Same - Rear end,,Rear end,Motorcycle,4 wheel drive / SUV,2,0,1,0,0,2,February,Summer,Friday,14:00 - 15:59,Midday / afternoon,False,False,True,True
1356721,Injury,Moderate Injury,2024,2024,June,Saturday,22:00 - Midnight,WEST BOTANY,ST,10,North,MARSH,ST,ARNCLIFFE,168.0,No,Not a school zone,T-junction,-33.938342,151.151638,Bayside,Sydney metro. area,Syd-Newc-Woll Gtr conurbation,Straight,,,,On,Sealed,Dry,Fine,Darkness,On,No traffic controls,60 km/h,State,30,Rear end,301,Same - Rear end,,Rear end,Car (sedan/hatch),Motor scooter,2,0,0,1,0,6,June,Winter,Saturday,22:00 - Midnight,Evening / night,False,False,True,True
1356722,Injury,Moderate Injury,2024,2024,May,Tuesday,14:00 - 15:59,LISGAR,ST,0,Right on the spot,MARY,ST,GOULBURN,,No,Not a school zone,T-junction,-34.763424,149.708256,Goulburn Mulwaree,Country urban,Rest of NSW - Urban,Straight,,,,Off,Sealed,Dry,Fine,Daylight,Nil,No traffic controls,50 km/h,Local,10,Cross traffic,101,Adj - Cross traffic,,Right angle,Pedal cycle,Unknown motor vehicle,2,0,0,1,1,5,May,Autumn,Tuesday,14:00 - 15:59,Midday / afternoon,False,False,True,True
1356725,Injury,Moderate Injury,2024,2024,July,Friday,16:00 - 17:59,CREST,AVE,0,Right on the spot,ILLAROO,RD,NORTH NOWRA,,Yes,No,T-junction,-34.860266,150.59009,Shoalhaven,Country urban,Rest of NSW - Urban,Straight,,,,On,Sealed,Dry,Fine,Dusk,On,No traffic controls,60 km/h,Local,13,Right near,104,Adj - Right-thru from right,,Right angle,Car (sedan/hatch),Car (sedan/hatch),2,0,0,2,1,7,July,Winter,Friday,16:00 - 17:59,PM peak / evening commute,True,False,True,True
1356730,Injury,Serious Injury,2024,2024,April,Sunday,16:00 - 17:59,BUNDEENA,DR,800,East,MAIANBAR,RD,ROYAL NATIONAL PARK,,No,Not a school zone,2-way undivided,-34.102627,151.106633,Sutherland,Sydney metro. area,Syd-Newc-Woll Gtr conurbation,Straight,,,,Off,Sealed,Dry,Fine,Daylight,Nil,No traffic controls,80 km/h,Local,20,Head on,201,Opp - Head on,,Head-on,Car (sedan/hatch),4 wheel drive / SUV,2,0,1,1,0,4,April,Autumn,Sunday,16:00 - 17:59,PM peak / evening commute,True,False,True,True
1356731,Injury,Serious Injury,2024,2024,June,Tuesday,08:00 - 09:59,NEWCASTLE,EXP,6000,North,OLD PACIFIC HIGHWAY,OP,BAR POINT,6003.0,No,Not a school zone,Dual freeway,-33.479704,151.184164,Central Coast,Country non-urban,Syd-Newc-Woll Gtr conurbation,Curved,Steep grade,,,Nil,Sealed,Dry,Fine,Daylight,Nil,No traffic controls,100 km/h,State,30,Rear end,301,Same - Rear end,,Rear end,Light truck,Semi-trailer,2,0,1,0,0,6,June,Winter,Tuesday,08:00 - 09:59,AM peak / school commute,True,False,True,True
1356732,Injury,Serious Injury,2024,2024,May,Monday,18:00 - 19:59,ADAMS,ST,0,Right on the spot,DOUGLAS,ST,NARRANDERA,,Yes,No,X-intersection,-34.743913,146.548519,Narrandera,Country urban,Rest of NSW - Urban,Straight,,,,On,Sealed,Dry,Fine,Darkness,Nil,Stop sign,50 km/h,Local,10,Cross traffic,101,Adj - Cross traffic,,Right angle,Light truck utility(from 2018),Utility,2,0,1,1,0,5,May,Autumn,Monday,18:00 - 19:59,PM peak / evening commute,True,False,True,True
1356733,Injury,Serious Injury,2024,2024,May,Wednesday,14:00 - 15:59,CHELODINA,ST,0,Right on the spot,OTTELIA,RD,KEMPS CREEK,,No,Not a school zone,T-junction,-33.832739,150.812185,Penrith,Sydney metro. area,Syd-Newc-Woll Gtr conurbation,Curved,,,,Off,Sealed,Dry,Fine,Daylight,Nil,Give way sign,50 km/h,Local,13,Right near,104,Adj - Right-thru from right,,Right angle,Car (sedan/hatch),Car (sedan/hatch),2,0,1,1,0,5,May,Autumn,Wednesday,14:00 - 15:59,Midday / afternoon,False,False,True,True
1356734,Injury,Moderate Injury,2024,2024,March,Wednesday,10:00 - 11:59,GOLD COAST,HWY,0,Right on the spot,PACIFIC,HWY,TWEED HEADS WEST,31.0,No,Not a school zone,X-intersection,-28.178671,153.521367,Tweed,Country urban,Rest of NSW - Urban,Straight,,,,Off,Sealed,Dry,Fine,Daylight,On,No traffic controls,60 km/h,State,10,Cross traffic,101,Adj - Cross traffic,,Right angle,Car (sedan/hatch),Light truck utility(from 2018),2,0,0,1,0,3,March,Autumn,Wednesday,10:00 - 11:59,Midday / afternoon,False,False,True,True
1356735,Injury,Moderate Injury,2024,2024,June,Thursday,10:00 - 11:59,FORBES,ST,135,North,ALISON,ST,CROYDON PARK,,Yes,No,2-way undivided,-33.89599,151.113935,Canterbury-Bankstown,Sydney metro. area,Syd-Newc-Woll Gtr conurbation,Curved,,,,Off,Sealed,Dry,Fine,Daylight,Nil,No traffic controls,50 km/h,Local,20,Head on,201,Opp - Head on,,Head-on,Motor scooter,Motor scooter,2,0,0,1,0,6,June,Winter,Thursday,10:00 - 11:59,Midday / afternoon,False,False,True,True