crash_id,degree_of_crash,degree_of_crash_-_detailed,reporting_year,year_of_crash,month_of_crash,day_of_week_of_crash,two-hour_intervals,street_of_crash,street_type,distance,direction,identifying_feature,identifying_feature_type,town,route_no.,school_zone_location,school_zone_active,type_of_location,latitude,longitude,lga,urbanisation,conurbation_1,alignment,primary_permanent_feature,primary_temporary_feature,primary_hazardous_feature,street_lighting,road_surface,surface_condition,weather,natural_lighting,signals_operation,other_traffic_control,speed_limit,road_classification_(admin),rum_-_code,rum_-_description,dca_-_code,dca_-_description,dca_supplement,first_impact_type,key_tu_type,other_tu_type,no._of_traffic_units_involved,no._killed,no._seriously_injured,no._moderately_injured,no._minor-other_injured,month_num,month_label,season,day_label,time_label,time_band,is_peak_commute,is_fatal,is_injury,is_casualty
1356740,Injury,Minor/Other Injury,2024,2024,June,Saturday,12:00 - 13:59,LUXFORD,RD,0,Right on the spot,AURORA,DR,WHALAN,7161.0,No,Not a school zone,T-junction,-33.750124,150.801716,Blacktown,Sydney metro. area,Syd-Newc-Woll Gtr conurbation,Straight,,,,Unknown / not stated,Sealed,Dry,Fine,Daylight,On,No traffic controls,60 km/h,Regional,10,Cross traffic,101,Adj - Cross traffic,,Right angle,Car (sedan/hatch),4 wheel drive / SUV,2,0,0,0,1,6,June,Winter,Saturday,12:00 - 13:59,Midday / afternoon,False,False,True,True
1356742,Injury,Minor/Other Injury,2024,2024,March,Friday,14:00 - 15:59,ERSKINE,ST,0,Right on the spot,MARSH,ST,ARMIDALE,7708.0,Yes,Yes,X-intersection,-30.503009,151.673093,Armidale Regional,Country urban,Rest of NSW - Urban,Straight,Steep grade,,,Nil,Sealed,Dry,Fine,Daylight,On,Ped crossing,40 km/h,Regional,2,Ped far side,3,Ped - Far side,,Vehicle - Pedestrian,4 wheel drive / SUV,Pedestrian,2,0,0,0,1,3,March,Autumn,Friday,14:00 - 15:59,Midday / afternoon,False,False,True,True
1356746,Injury,Serious Injury,2024,2024,June,Thursday,10:00 - 11:59,BROUGHTON,ST,0,Right on the spot,ZOELLER,ST,CONCORD,,No,Not a school zone,Roundabout,-33.858336,151.108218,Canada Bay,Sydney metro. area,Syd-Newc-Woll Gtr conurbation,Straight,,,,On,Sealed,Dry,Fine,Daylight,Nil,Give way sign,50 km/h,Local,73,Off rd rght => obj,704,Right off cway into obj,,Vehicle - Object,Car (sedan/hatch),,1,0,1,0,0,6,June,Winter,Thursday,10:00 - 11:59,Midday / afternoon,False,False,True,True
1356747,Injury,Serious Injury,2024,2024,May,Saturday,02:00 - 03:59,JAMES RUSE,DR,130,South,VICTORIA,RD,PARRAMATTA,309.0,No,Not a school zone,Other,-33.809958,151.022624,Parramatta,Sydney metro. area,Syd-Newc-Woll Gtr conurbation,Curved,Freeway ramp/access,,,On,Sealed,Wet,Raining,Darkness,Nil,No traffic controls,60 km/h,State,87,Off lft/lft bnd=>obj,804,Off left bend into obj,Left,Vehicle - Object,Light truck utility(from 2018),,1,0,1,0,0,5,May,Autumn,Saturday,02:00 - 03:59,Late night / early morning,False,False,True,True
1356748,Injury,Serious Injury,2024,2024,June,Saturday,10:00 - 11:59,PORT HACKING,RD,0,Right on the spot,BOX,RD,SYLVANIA,669.0,No,Not a school zone,X-intersection,-34.022219,151.106796,Sutherland,Sydney metro. area,Syd-Newc-Woll Gtr conurbation,Straight,,,,Off,Sealed,Wet,Raining,Daylight,On,No traffic controls,70 km/h,State,10,Cross traffic,101,Adj - Cross traffic,,Right angle,Car (sedan/hatch),4 wheel drive / SUV,4,0,1,0,0,6,June,Winter,Saturday,10:00 - 11:59,Midday / afternoon,False,False,True,True
1356753,Injury,Moderate Injury,2024,2024,April,Thursday,14:00 - 15:59,KAREENA,RD,0,Right on the spot,NUMBER 95,HN,MIRANDA,,No,Not a school zone,Divided road,-34.035959,151.113264,Sutherland,Sydney metro. area,Syd-Newc-Woll Gtr conurbation,Straight,Foot/cycle path/nature strip,,,Nil,Sealed,Wet,Raining,Daylight,Nil,No traffic controls,50 km/h,Local,48,From footpath,408,Manov - From footway,,Other angle,Pedal cycle,4 wheel drive / SUV,2,0,0,1,0,4,April,Autumn,Thursday,14:00 - 15:59,Midday / afternoon,False,False,True,True
1356760,Injury,Serious Injury,2024,2024,June,Tuesday,10:00 - 11:59,TANIA,AVE,10,East,FRAGAR,RD,SOUTH PENRITH,,No,Not a school zone,T-junction,-33.774137,150.706617,Penrith,Sydney metro. area,Syd-Newc-Woll Gtr conurbation,Straight,,,,Off,Sealed,Dry,Fine,Daylight,Nil,No traffic controls,50 km/h,Local,71,Off rd left => obj,703,Left off cway into object,,Other angle,Car (sedan/hatch),Car (sedan/hatch),2,0,2,0,0,6,June,Winter,Tuesday,10:00 - 11:59,Midday / afternoon,False,False,True,True
1356764,Injury,Serious Injury,2024,2024,June,Saturday,02:00 - 03:59,BERNERA,RD,80,South,CROATIA,AVE,EDMONDSON PARK,,No,Not a school zone,Divided road,-33.966812,150.86005,Liverpool,Sydney metro. area,Syd-Newc-Woll Gtr conurbation,Curved,Other bridge,,,On,Sealed,Dry,Fine,Darkness,Nil,No traffic controls,60 km/h,Local,81,Off left/rt bnd=>obj,803,Off right bend into obj,Left,Vehicle - Object,Station wagon,,1,0,1,0,0,6,June,Winter,Saturday,02:00 - 03:59,Late night / early morning,False,False,True,True
1356766,Injury,Moderate Injury,2024,2024,July,Friday,10:00 - 11:59,HUME,HWY,35,West,ROBINSON,ST,GREENACRE,2.0,No,Not a school zone,Divided road,-33.888641,151.061219,Canterbury-Bankstown,Sydney metro. area,Syd-Newc-Woll Gtr conurbation,Straight,Bus stop,,,Unknown / not stated,Sealed,Dry,Overcast,Daylight,Nil,No traffic controls,70 km/h,State,71,Off rd left => obj,703,Left off cway into object,,Vehicle - Object,Car (sedan/hatch),,1,0,0,1,0,7,July,Winter,Friday,10:00 - 11:59,Midday / afternoon,False,False,True,True
1356767,Injury,Moderate Injury,2024,2024,June,Friday,20:00 - 21:59,JORDAN,ESP,210,South,CAMPERDOWN,ST,COFFS HARBOUR,,No,Not a school zone,2-way undivided,-30.310323,153.139951,Coffs Harbour,Country urban,Rest of NSW - Urban,Straight,Painted double centre lines,,"Loose gravel, sealed",On,Sealed,Dry,Fine,Darkness,Nil,No traffic controls,40 km/h,Local,59,Other overtaking,500,Ovtak - other,,Other angle,Car (sedan/hatch),4 wheel drive / SUV,2,0,0,1,0,6,June,Winter,Friday,20:00 - 21:59,Evening / night,False,False,True,True
1356768,Injury,Moderate Injury,2024,2024,June,Saturday,20:00 - 21:59,FOXLOW,ST,0,Right on the spot,NUMBER 34,HN,CANLEY HEIGHTS,,No,Not a school zone,2-way undivided,-33.877783,150.917552,Fairfield,Sydney metro. area,Syd-Newc-Woll Gtr conurbation,Straight,,,,On,Sealed,Dry,Fine,Darkness,Nil,No traffic controls,50 km/h,Local,71,Off rd left => obj,703,Left off cway into object,,Other angle,Car (sedan/hatch),Car (sedan/hatch),2,0,0,1,0,6,June,Winter,Saturday,20:00 - 21:59,Evening / night,False,False,True,True
1356769,Injury,Serious Injury,2024,2024,May,Friday,14:00 - 15:59,NEW ENGLAND,HWY,0,Right on the spot,NUMBER 5022,HN,MCDOUGALLS HILL,9.0,No,Not a school zone,Divided road,-32.539389,151.147137,Singleton,Country urban,Rest of NSW - Urban,Straight,B'down lane/road shldr,,,Nil,Sealed,Dry,Overcast,Daylight,Nil,No traffic controls,80 km/h,State,21,Right through,202,Opp - Right-thru,,Other angle,4 wheel drive / SUV,Motorcycle,2,0,1,0,0,5,May,Autumn,Friday,14:00 - 15:59,Midday / afternoon,False,False,True,True
1356773,Injury,Moderate Injury,2024,2024,July,Monday,12:00 - 13:59,JERVIS BAY,RD,673,South,WOOLLAMIA,RD,FALLS CREEK,312.0,No,Not a school zone,2-way undivided,-34.999255,150.604504,Shoalhaven,Country non-urban,Rest of NSW - Rural,Straight,Painted double centre lines,,,Nil,Sealed,Dry,Fine,Daylight,Nil,No traffic controls,90 km/h,Regional,20,Head on,201,Opp - Head on,,Head-on,4 wheel drive / SUV,Car (sedan/hatch),2,0,0,2,0,7,July,Winter,Monday,12:00 - 13:59,Midday / afternoon,False,False,True,True
1356777,Injury,Moderate Injury,2024,2024,June,Friday,12:00 - 13:59,TATHRA,RD,750,East,HENRY TAYLOR,RD,KALARU,272.0,No,Not a school zone,2-way undivided,-36.724289,149.906293,Bega Valley,Country urban,Rest of NSW - Urban,Curved,Painted double centre lines,,,Nil,Sealed,Wet,Raining,Daylight,Nil,No traffic controls,80 km/h,Regional,20,Head on,201,Opp - Head on,,Head-on,Car (sedan/hatch),Station wagon,2,0,0,1,0,6,June,Winter,Friday,12:00 - 13:59,Midday / afternoon,False,False,True,True
1356779,Injury,Minor/Other Injury,2024,2024,May,Wednesday,06:00 - 07:59,SCHOFIELDS,RD,20,East,HAMBLEDON,RD,TALLAWONG,687.0,No,Not a school zone,Divided road,-33.696274,150.895281,Blacktown,Sydney metro. area,Syd-Newc-Woll Gtr conurbation,Straight,,,,Unknown / not stated,Sealed,Dry,Fine,Daylight,Nil,No traffic controls,70 km/h,State,30,Rear end,301,Same - Rear end,,Rear end,Car (sedan/hatch),Car (sedan/hatch),4,0,0,0,1,5,May,Autumn,Wednesday,06:00 - 07:59,AM peak / school commute,True,False,True,True
1356780,Injury,Moderate Injury,2024,2024,February,Friday,18:00 - 19:59,GREAT WESTERN,HWY,0,Right on the spot,M7 WESTLINK,EXP,EASTERN CREEK,5.0,No,Not a school zone,T-junction,-33.789142,150.856023,Blacktown,Sydney metro. area,Syd-Newc-Woll Gtr conurbation,Straight,,,,On,Sealed,Dry,Fine,Dusk,On,No traffic controls,80 km/h,State,21,Right through,202,Opp - Right-thru,,Other angle,Large rigid,4 wheel drive / SUV,2,0,0,1,1,2,February,Summer,Friday,18:00 - 19:59,PM peak / evening commute,True,False,True,True
1356783,Injury,Serious Injury,2024,2024,April,Sunday,14:00 - 15:59,MCDONALD,RD,0,Right on the spot,PRUNE,ST,LAVINGTON,,No,Not a school zone,Roundabout,-36.042993,146.934513,Albury,Country urban,Rest of NSW - Urban,Straight,,,,Nil,Sealed,Dry,Fine,Daylight,Nil,Give way sign,50 km/h,Local,10,Cross traffic,101,Adj - Cross traffic,,Right angle,Light truck utility(from 2018),Motorcycle,2,0,1,0,0,4,April,Autumn,Sunday,14:00 - 15:59,Midday / afternoon,False,False,True,True
1356784,Injury,Serious Injury,2024,2024,June,Tuesday,16:00 - 17:59,MACKAY,ST,0,Right on the spot,POOLE,ST,COOTAMUNDRA,,No,Not a school zone,X-intersection,-34.637208,148.017856,Cootamundra-Gundagai,Country urban,Rest of NSW - Urban,Straight,,,,Off,Sealed,Dry,Fine,Daylight,Nil,Give way sign,50 km/h,Local,10,Cross traffic,101,Adj - Cross traffic,,Right angle,Passenger van,Station wagon,2,0,1,1,1,6,June,Winter,Tuesday,16:00 - 17:59,PM peak / evening commute,True,False,True,True
1356785,Injury,Minor/Other Injury,2024,2024,June,Tuesday,00:01 - 01:59,MULLIGANS FLAT,RD,2450,West,SUTTON,RD,SUTTON,,No,Not a school zone,2-way undivided,-35.1199,149.224346,Yass Valley,Country non-urban,Rest of NSW - Rural,Curved,,,,Unknown / not stated,Sealed,Dry,Fine,Darkness,Nil,No traffic controls,100 km/h,Local,67,Struck animal,609,On path - Hit animal,,Vehicle - Animal,Car (sedan/hatch),,1,0,0,0,1,6,June,Winter,Tuesday,00:01 - 01:59,Late night / early morning,False,False,True,True
1356787,Injury,Minor/Other Injury,2024,2024,June,Saturday,06:00 - 07:59,CENTENARY,DR,0,Right on the spot,ARTHUR,ST,STRATHFIELD,200.0,No,Not a school zone,X-intersection,-33.86795,151.064387,Strathfield,Sydney metro. area,Syd-Newc-Woll Gtr conurbation,Straight,,,,Off,Sealed,Dry,Fine,Dawn,On,No traffic controls,80 km/h,State,32,Right rear,303,Same - Rear right,,Rear end,Light truck utility(from 2018),4 wheel drive / SUV,2,0,0,0,1,6,June,Winter,Saturday,06:00 - 07:59,AM peak / school commute,True,False,True,True
1356788,Injury,Serious Injury,2024,2024,May,Saturday,10:00 - 11:59,OXLEY,ST,50,North,CAMDEN,RD,BRADBURY,177.0,No,Not a school zone,Divided road,-34.071947,150.810805,Campbelltown,Sydney metro. area,Syd-Newc-Woll Gtr conurbation,Straight,,,,Off,Sealed,Dry,Fine,Daylight,Nil,No traffic controls,60 km/h,State,34,Lane change right,306,Same - Lane change right,,Other angle,Motorcycle,Motorcycle,2,0,1,1,0,5,May,Autumn,Saturday,10:00 - 11:59,Midday / afternoon,False,False,True,True
1356789,Injury,Serious Injury,2024,2024,May,Wednesday,08:00 - 09:59,PRINCES,HWY,550,South,ACACIA,RD,KIRRAWEE,1.0,No,Not a school zone,Divided road,-34.036534,151.065982,Sutherland,Sydney metro. area,Syd-Newc-Woll Gtr conurbation,Straight,,,,Nil,Sealed,Wet,Raining,Daylight,Nil,No traffic controls,70 km/h,State,20,Head on,201,Opp - Head on,,Head-on,Light truck utility(from 2018),Passenger van,2,0,1,1,0,5,May,Autumn,Wednesday,08:00 - 09:59,AM peak / school commute,True,False,True,True
1356790,Injury,Serious Injury,2024,2024,May,Friday,18:00 - 19:59,WARRINGAH,RD,0,Right on the spot,CONSUL,RD,NARRAWEENA,328.0,No,Not a school zone,T-junction,-33.754819,151.270573,Northern Beaches,Sydney metro. area,Syd-Newc-Woll Gtr conurbation,Straight,,,,On,Sealed,Dry,Fine,Darkness,Nil,No traffic controls,70 km/h,State,35,Lane change left,307,Same - Lane change left,,Other angle,4 wheel drive / SUV,Motorcycle,2,0,1,0,0,5,May,Autumn,Friday,18:00 - 19:59,PM peak / evening commute,True,False,True,True
1356793,Injury,Serious Injury,2024,2024,June,Monday,20:00 - 21:59,ARMIDALE,RD,200,South,JACKS CROSSING,MS,SKILLION FLAT,75.0,No,Not a school zone,2-way undivided,-30.997197,152.71338,Kempsey,Country non-urban,Rest of NSW - Rural,Curved,,,,Nil,Sealed,Dry,Unknown,Darkness,Nil,No traffic controls,100 km/h,Regional,81,Off left/rt bnd=>obj,803,Off right bend into obj,Left,Vehicle - Object,Light truck utility(from 2018),,1,0,1,0,0,6,June,Winter,Monday,20:00 - 21:59,Evening / night,False,False,True,True
1356794,Injury,Serious Injury,2024,2024,July,Monday,12:00 - 13:59,CADDIES,BVD,0,Right on the spot,COMMERCIAL,RD,ROUSE HILL,,No,Not a school zone,T-junction,-33.686276,150.924131,The Hills,Sydney metro. area,Syd-Newc-Woll Gtr conurbation,Straight,,,,Unknown / not stated,Sealed,Dry,Fine,Daylight,Nil,Give way sign,60 km/h,Local,21,Right through,202,Opp - Right-thru,,Other angle,Car (sedan/hatch),Car (sedan/hatch),3,0,1,0,0,7,July,Winter,Monday,12:00 - 13:59,Midday / afternoon,False,False,True,True
1356796,Injury,Serious Injury,2024,2024,July,Tuesday,10:00 - 11:59,MACGREGOR,ST,0,Right on the spot,QUINN,ST,WEST TAMWORTH,,No,Not a school zone,X-intersection,-31.103307,150.893656,Tamworth Regional,Country urban,Rest of NSW - Urban,Straight,,,,Nil,Sealed,Wet,Raining,Daylight,Nil,Give way sign,50 km/h,Local,10,Cross traffic,101,Adj - Cross traffic,,Right angle,Light truck utility(from 2018),4 wheel drive / SUV,2,0,1,0,0,7,July,Winter,Tuesday,10:00 - 11:59,Midday / afternoon,False,False,True,True
1356798,Injury,Minor/Other Injury,2024,2024,June,Sunday,16:00 - 17:59,JOHN WHITEWAY,DR,200,South,DONNISON,ST,GOSFORD,,No,Not a school zone,2-way undivided,-33.429526,151.346887,Central Coast,Country urban,Syd-Newc-Woll Gtr conurbation,Straight,Steep grade,,,Unknown / not stated,Sealed,Dry,Fine,Darkness,Nil,No traffic controls,50 km/h,Local,20,Head on,201,Opp - Head on,,Head-on,Car (sedan/hatch),Car (sedan/hatch),2,0,0,0,1,6,June,Winter,Sunday,16:00 - 17:59,PM peak / evening commute,True,False,True,True
1356799,Injury,Moderate Injury,2024,2024,July,Sunday,16:00 - 17:59,BROUGHTON VALE,RD,1000,North,WOODHILL MOUNTAIN,RD,BROUGHTON VALE,,No,Not a school zone,2-way undivided,-34.749609,150.707847,Shoalhaven,Country non-urban,Rest of NSW - Rural,Straight,,,,Unknown / not stated,Sealed,Wet,Fine,Dusk,Nil,No traffic controls,100 km/h,Local,71,Off rd left => obj,703,Left off cway into object,,Vehicle - Object,Car (sedan/hatch),,1,0,0,1,0,7,July,Winter,Sunday,16:00 - 17:59,PM peak / evening commute,True,False,True,True
1356801,Injury,Minor/Other Injury,2024,2024,June,Sunday,16:00 - 17:59,NEWCASTLE,EXP,300,North,KURING-GAI CHASE ROAD,OP,MOUNT COLAH,6003.0,No,Not a school zone,Dual freeway,-33.675993,151.120042,Hornsby,Sydney metro. area,Syd-Newc-Woll Gtr conurbation,Straight,,,,Nil,Sealed,Dry,Fine,Darkness,Nil,No traffic controls,110 km/h,State,30,Rear end,301,Same - Rear end,,Rear end,4 wheel drive / SUV,Light truck utility(from 2018),4,0,0,0,3,6,June,Winter,Sunday,16:00 - 17:59,PM peak / evening commute,True,False,True,True
1356805,Injury,Moderate Injury,2024,2024,June,Tuesday,06:00 - 07:59,NEWCASTLE,EXP,5000,South,PACIFIC HIGHWAY,OP,MOUNT WHITE,6003.0,No,Not a school zone,Dual freeway,-33.461057,151.197913,Central Coast,Country non-urban,Syd-Newc-Woll Gtr conurbation,Straight,,,,Off,Sealed,Dry,Fine,Dawn,Nil,No traffic controls,110 km/h,State,30,Rear end,301,Same - Rear end,,Rear end,4 wheel drive / SUV,4 wheel drive / SUV,4,0,0,1,2,6,June,Winter,Tuesday,06:00 - 07:59,AM peak / school commute,True,False,True,True
1356806,Injury,Minor/Other Injury,2024,2024,July,Wednesday,16:00 - 17:59,ROCKY POINT,RD,0,Right on the spot,NUMBER 480,HN,SANS SOUCI,199.0,No,Not a school zone,Divided road,-33.991051,151.132883,Bayside,Sydney metro. area,Syd-Newc-Woll Gtr conurbation,Straight,,,,Unknown / not stated,Sealed,Wet,Raining,Darkness,Nil,No traffic controls,70 km/h,State,30,Rear end,301,Same - Rear end,,Rear end,Light truck utility(from 2018),4 wheel drive / SUV,2,0,0,0,2,7,July,Winter,Wednesday,16:00 - 17:59,PM peak / evening commute,True,False,True,True
1356807,Injury,Minor/Other Injury,2024,2024,July,Thursday,06:00 - 07:59,AVOCA,ST,20,North,BARKER,ST,RANDWICK,660.0,Yes,No,2-way undivided,-33.92124,151.240314,Randwick,Sydney metro. area,Syd-Newc-Woll Gtr conurbation,Straight,,,,Nil,Sealed,Dry,Fine,Dawn,Nil,No traffic controls,50 km/h,State,30,Rear end,301,Same - Rear end,,Rear end,4 wheel drive / SUV,Car (sedan/hatch),2,0,0,0,1,7,July,Winter,Thursday,06:00 - 07:59,AM peak / school commute,True,False,True,True
1356808,Injury,Minor/Other Injury,2024,2024,May,Tuesday,14:00 - 15:59,ALICE,ST,48,North,SAMUEL,ST,WILEY PARK,,Yes,No,2-way undivided,-33.923428,151.071161,Canterbury-Bankstown,Sydney metro. area,Syd-Newc-Woll Gtr conurbation,Straight,Driveway/entrance,,,Off,Sealed,Dry,Fine,Daylight,Nil,No traffic controls,50 km/h,Local,7,Driveway,7,Ped - driveway,,Vehicle - Pedestrian,4 wheel drive / SUV,Ped in toy vehicle,2,0,0,0,1,5,May,Autumn,Tuesday,14:00 - 15:59,Midday / afternoon,False,False,True,True
1356810,Injury,Minor/Other Injury,2024,2024,May,Tuesday,16:00 - 17:59,KING,ST,0,Right on the spot,SUTHERLAND,ST,MASCOT,7023.0,No,Not a school zone,X-intersection,-33.930406,151.199987,Bayside,Sydney metro. area,Syd-Newc-Woll Gtr conurbation,Straight,,,,Nil,Sealed,Dry,Fine,Daylight,On,No traffic controls,50 km/h,Regional,16,Left near,107,Adj - Left-thru from right,,Right angle,Car (sedan/hatch),Motorcycle,2,0,0,0,1,5,May,Autumn,Tuesday,16:00 - 17:59,PM peak / evening commute,True,False,True,True
1356818,Injury,Minor/Other Injury,2024,2024,July,Thursday,18:00 - 19:59,DONCASTER,AVE,0,Right on the spot,NUMBER 178,HN,KENSINGTON,,No,Not a school zone,2-way undivided,-33.913908,151.224581,Randwick,Sydney metro. area,Syd-Newc-Woll Gtr conurbation,Straight,,,,Unknown / not stated,Sealed,Dry,Fine,Darkness,Nil,No traffic controls,40 km/h,Local,20,Head on,201,Opp - Head on,,Head-on,Pedal cycle,Pedal cycle,2,0,0,0,1,7,July,Winter,Thursday,18:00 - 19:59,PM peak / evening commute,True,False,True,True
1356822,Injury,Moderate Injury,2024,2024,June,Thursday,14:00 - 15:59,NARELLAN,RD,0,Right on the spot,WATERWORTH,DR,MOUNT ANNAN,178.0,No,Not a school zone,X-intersection,-34.048065,150.761704,Camden,Sydney metro. area,Syd-Newc-Woll Gtr conurbation,Straight,,,,Off,Sealed,Dry,Fine,Daylight,On,No traffic controls,80 km/h,State,30,Rear end,301,Same - Rear end,,Rear end,B-double (road train prior 98),Car (sedan/hatch),4,0,0,1,0,6,June,Winter,Thursday,14:00 - 15:59,Midday / afternoon,False,False,True,True
1356826,Injury,Minor/Other Injury,2024,2024,June,Thursday,08:00 - 09:59,NELSON BAY,RD,50,North,VARDON,RD,FERN BAY,108.0,No,Not a school zone,Divided road,-32.871524,151.793167,Port Stephens,Country urban,Rest of NSW - Urban,Straight,,Roadwks/Detour/Diverson,,Nil,Sealed,Dry,Fine,Daylight,Nil,Road/rail worker,50 km/h,State,30,Rear end,301,Same - Rear end,,Rear end,Car (sedan/hatch),Car (sedan/hatch),2,0,0,0,1,6,June,Winter,Thursday,08:00 - 09:59,AM peak / school commute,True,False,True,True
1356828,Injury,Moderate Injury,2024,2024,June,Thursday,16:00 - 17:59,RESERVOIR,RD,0,Right on the spot,NUMBER 67,HN,BLACKTOWN,683.0,No,Not a school zone,2-way undivided,-33.782619,150.90038,Blacktown,Sydney metro. area,Syd-Newc-Woll Gtr conurbation,Straight,,,,Unknown / not stated,Sealed,Dry,Fine,Daylight,Nil,No traffic controls,60 km/h,State,30,Rear end,301,Same - Rear end,,Rear end,4 wheel drive / SUV,Light truck utility(from 2018),4,0,0,1,0,6,June,Winter,Thursday,16:00 - 17:59,PM peak / evening commute,True,False,True,True
1356829,Injury,Moderate Injury,2024,2024,June,Friday,14:00 - 15:59,BENNETT,RD,0,Right on the spot,ST CLAIR,AVE,ST CLAIR,,No,Not a school zone,Roundabout,-33.790862,150.789035,Penrith,Sydney metro. area,Syd-Newc-Woll Gtr conurbation,Curved,,,,Unknown / not stated,Sealed,Dry,Overcast,Daylight,Nil,Give way sign,50 km/h,Local,21,Right through,202,Opp - Right-thru,,Other angle,Motorcycle,Car (sedan/hatch),2,0,0,1,0,6,June,Winter,Friday,14:00 - 15:59,Midday / afternoon,False,False,True,True
1356832,Injury,Moderate Injury,2024,2024,June,Wednesday,14:00 - 15:59,EDGAR HANRAHAN,DR,140,West,ABERCROMBIE,ST,BURRAGA,,No,Not a school zone,2-way undivided,-33.945267,149.52411,Oberon,Country non-urban,Rest of NSW - Rural,Straight,Embankment/cutting,,,Nil,Sealed,Dry,Fine,Daylight,Nil,No traffic controls,100 km/h,Local,70,Off road to left,701,Off carriageway to left,,Rollover,Light truck,,1,0,0,1,1,6,June,Winter,Wednesday,14:00 - 15:59,Midday / afternoon,False,False,True,True
1356833,Injury,Serious Injury,2024,2024,May,Monday,02:00 - 03:59,MAIN ARM,RD,0,Right on the spot,NUMBER 112,HN,MULLUMBIMBY,,Yes,No,2-way undivided,-28.544083,153.485581,Byron,Country urban,Rest of NSW - Urban,Curved,Embankment/cutting,,,Nil,Sealed,Dry,Fine,Darkness,Nil,No traffic controls,60 km/h,Local,85,Off rt/lft bnd=>obj,804,Off left bend into obj,Right,Vehicle - Object,Utility,,1,0,1,0,0,5,May,Autumn,Monday,02:00 - 03:59,Late night / early morning,False,False,True,True
1356834,Injury,Moderate Injury,2024,2024,May,Friday,14:00 - 15:59,NEWCASTLE,EXP,300,South,KURING GAI CHASE ROAD,OP,ASQUITH,6003.0,No,Not a school zone,Dual freeway,-33.681592,151.120543,Hornsby,Sydney metro. area,Syd-Newc-Woll Gtr conurbation,Straight,Steep grade,,,Nil,Sealed,Dry,Fine,Daylight,Nil,No traffic controls,110 km/h,State,30,Rear end,301,Same - Rear end,,Rear end,Other bus,Car (sedan/hatch),4,0,0,1,0,5,May,Autumn,Friday,14:00 - 15:59,Midday / afternoon,False,False,True,True
1356835,Injury,Serious Injury,2024,2024,April,Monday,00:01 - 01:59,CASTLEREAGH,HWY,100,North,MELROSE,RD,BURRUNDULLA,18.0,No,Not a school zone,2-way undivided,-32.653138,149.67061,Mid-Western Regional,Country non-urban,Rest of NSW - Rural,Curved,,,Loose gravel shoulder,Nil,Sealed,Dry,Fine,Darkness,Nil,No traffic controls,100 km/h,State,81,Off left/rt bnd=>obj,803,Off right bend into obj,Left,Vehicle - Object,Utility,,1,0,2,0,0,4,April,Autumn,Monday,00:01 - 01:59,Late night / early morning,False,False,True,True
1356836,Injury,Serious Injury,2024,2024,June,Thursday,12:00 - 13:59,MINORIE,DR,0,Right on the spot,WIRRABILLA,DR,TOORMINA,,No,Not a school zone,T-junction,-30.354971,153.093239,Coffs Harbour,Country urban,Rest of NSW - Urban,Straight,Steep grade,,Potholes/corrugations/rough,Nil,Sealed,Dry,Fine,Daylight,Nil,No traffic controls,50 km/h,Local,74,On road-out of cont.,705,Out of control on cway,,Rollover,Motor scooter,,1,0,1,0,0,6,June,Winter,Thursday,12:00 - 13:59,Midday / afternoon,False,False,True,True
1356838,Injury,Serious Injury,2024,2024,May,Wednesday,14:00 - 15:59,BELMORE,RD,0,Right on the spot,SOUTH WESTERN,EXP,RIVERWOOD,2050.0,No,Not a school zone,T-junction,-33.942322,151.054122,Canterbury-Bankstown,Sydney metro. area,Syd-Newc-Woll Gtr conurbation,Straight,,,,Off,Sealed,Dry,Fine,Daylight,Unknown / not stated,No traffic controls,50 km/h,Regional,21,Right through,202,Opp - Right-thru,,Other angle,Car (sedan/hatch),Car (sedan/hatch),2,0,1,1,0,5,May,Autumn,Wednesday,14:00 - 15:59,Midday / afternoon,False,False,True,True
1356842,Injury,Serious Injury,2024,2024,April,Monday,12:00 - 13:59,RIVERINA,HWY,0,Right on the spot,TOWNSEND,ST,SOUTH ALBURY,20.0,No,Not a school zone,X-intersection,-36.084559,146.912324,Albury,Country urban,Rest of NSW - Urban,Straight,,,,Off,Sealed,Dry,Fine,Daylight,On,No traffic controls,60 km/h,State,10,Cross traffic,101,Adj - Cross traffic,,Right angle,Car (sedan/hatch),Car (sedan/hatch),2,0,1,0,1,4,April,Autumn,Monday,12:00 - 13:59,Midday / afternoon,False,False,True,True
1356843,Injury,Moderate Injury,2024,2024,May,Thursday,18:00 - 19:59,PACIFIC,DR,50,West,PARKSIDE,CT,PORT MACQUARIE,,No,Not a school zone,2-way undivided,-31.469973,152.913216,Port Macquarie-Hastings,Country urban,Rest of NSW - Urban,Straight,,,,Unknown / not stated,Sealed,Dry,Fine,Darkness,Nil,No traffic controls,50 km/h,Local,71,Off rd left => obj,703,Left off cway into object,,Vehicle - Object,Car (sedan/hatch),,1,0,0,1,0,5,May,Autumn,Thursday,18:00 - 19:59,PM peak / evening commute,True,False,True,True
1356845,Injury,Moderate Injury,2024,2024,June,Saturday,12:00 - 13:59,NEWBRIDGE,RD,0,Right on the spot,NUWARRA,RD,MOOREBANK,167.0,No,Not a school zone,X-intersection,-33.929002,150.955753,Liverpool,Sydney metro. area,Syd-Newc-Woll Gtr conurbation,Straight,Crest,,,Off,Sealed,Dry,Fine,Daylight,On,No traffic controls,70 km/h,State,30,Rear end,301,Same - Rear end,,Rear end,Large rigid,Light truck utility(from 2018),10,0,0,2,2,6,June,Winter,Saturday,12:00 - 13:59,Midday / afternoon,False,False,True,True
1356847,Injury,Moderate Injury,2024,2024,April,Saturday,16:00 - 17:59,BOOREA,ST,0,Right on the spot,RAWSON,ST,AUBURN,190.0,No,Not a school zone,X-intersection,-33.85134,151.037067,Cumberland,Sydney metro. area,Syd-Newc-Woll Gtr conurbation,Straight,,,,On,Sealed,Dry,Fine,Darkness,On,No traffic controls,70 km/h,State,36,Right turn sideswipe,308,Same - Rgt turn side swipe,,Other angle,Motorcycle,Light truck utility(from 2018),2,0,0,1,0,4,April,Autumn,Saturday,16:00 - 17:59,PM peak / evening commute,True,False,True,True