crash_id,degree_of_crash,degree_of_crash_-_detailed,reporting_year,year_of_crash,month_of_crash,day_of_week_of_crash,two-hour_intervals,street_of_crash,street_type,distance,direction,identifying_feature,identifying_feature_type,town,route_no.,school_zone_location,school_zone_active,type_of_location,latitude,longitude,lga,urbanisation,conurbation_1,alignment,primary_permanent_feature,primary_temporary_feature,primary_hazardous_feature,street_lighting,road_surface,surface_condition,weather,natural_lighting,signals_operation,other_traffic_control,speed_limit,road_classification_(admin),rum_-_code,rum_-_description,dca_-_code,dca_-_description,dca_supplement,first_impact_type,key_tu_type,other_tu_type,no._of_traffic_units_involved,no._killed,no._seriously_injured,no._moderately_injured,no._minor-other_injured,month_num,month_label,season,day_label,time_label,time_band,is_peak_commute,is_fatal,is_injury,is_casualty
1356848,Injury,Moderate Injury,2024,2024,June,Monday,10:00 - 11:59,THE STRAND,MS,0,Right on the spot,OAKS,AVE,DEE WHY,2102.0,No,Not a school zone,Roundabout,-33.754945,151.29641,Northern Beaches,Sydney metro. area,Syd-Newc-Woll Gtr conurbation,Straight,,,,Off,Sealed,Dry,Fine,Daylight,Nil,Give way sign,40 km/h,Regional,88,Out of cont on bend,707,Right turn,,Rollover,Motor scooter,,1,0,0,1,0,6,June,Winter,Monday,10:00 - 11:59,Midday / afternoon,False,False,True,True
1356849,Injury,Moderate Injury,2024,2024,July,Friday,08:00 - 09:59,BALMAIN,RD,15,South,PIPER,ST,LILYFIELD,7315.0,No,Not a school zone,2-way undivided,-33.875724,151.160952,Inner West,Sydney metro. area,Syd-Newc-Woll Gtr conurbation,Straight,,,,Unknown / not stated,Sealed,Wet,Other,Daylight,Nil,No traffic controls,50 km/h,Regional,30,Rear end,301,Same - Rear end,,Rear end,Car (sedan/hatch),4 wheel drive / SUV,2,0,0,1,0,7,July,Winter,Friday,08:00 - 09:59,AM peak / school commute,True,False,True,True
1356852,Injury,Minor/Other Injury,2024,2024,May,Friday,18:00 - 19:59,OLD WINDSOR,RD,100,East,OAKES,RD,OLD TOONGABBIE,635.0,No,Not a school zone,Divided road,-33.786227,150.972854,Parramatta,Sydney metro. area,Syd-Newc-Woll Gtr conurbation,Straight,,,,On,Sealed,Dry,Fine,Darkness,Nil,No traffic controls,80 km/h,State,30,Rear end,301,Same - Rear end,,Rear end,Car (sedan/hatch),Passenger van,2,0,0,0,1,5,May,Autumn,Friday,18:00 - 19:59,PM peak / evening commute,True,False,True,True
1356858,Injury,Moderate Injury,2024,2024,May,Wednesday,14:00 - 15:59,OCONNELL,ST,20,North,SOLANDER,ST,MONTEREY,7003.0,No,Not a school zone,2-way undivided,-33.968647,151.14735,Bayside,Sydney metro. area,Syd-Newc-Woll Gtr conurbation,Straight,,,,Off,Sealed,Dry,Overcast,Daylight,Nil,No traffic controls,60 km/h,Regional,42,Leaving parking,401,Manov - Leaving parking,,Other angle,Station wagon,4 wheel drive / SUV,2,0,0,1,0,5,May,Autumn,Wednesday,14:00 - 15:59,Midday / afternoon,False,False,True,True
1356863,Injury,Minor/Other Injury,2024,2024,June,Friday,18:00 - 19:59,RICKETTY,ST,70,East,BURROWS,RD,ST PETERS,183.0,No,Not a school zone,2-way undivided,-33.920016,151.179011,Inner West,Sydney metro. area,Syd-Newc-Woll Gtr conurbation,Straight,Other bridge,,,On,Sealed,Dry,Fine,Darkness,Nil,No traffic controls,60 km/h,State,66,Object on road,607,On path - Hit temp object,,Vehicle - Object,Motor scooter,,1,0,0,0,1,6,June,Winter,Friday,18:00 - 19:59,PM peak / evening commute,True,False,True,True
1356865,Injury,Minor/Other Injury,2024,2024,May,Friday,16:00 - 17:59,RAILWAY,PDE,40,North,BELMONT,RD,GLENFIELD,7198.0,No,Not a school zone,2-way undivided,-33.973645,150.891892,Campbelltown,Sydney metro. area,Syd-Newc-Woll Gtr conurbation,Straight,,,,On,Sealed,Dry,Fine,Dusk,Nil,Ped crossing,40 km/h,Regional,0,Ped nearside,1,Ped - Near side,,Vehicle - Pedestrian,Unknown motor vehicle,Pedestrian,2,0,0,0,1,5,May,Autumn,Friday,16:00 - 17:59,PM peak / evening commute,True,False,True,True
1356866,Injury,Serious Injury,2024,2024,May,Monday,10:00 - 11:59,CRESCENT,AVE,0,Right on the spot,BEETON,PDE,TAREE,7776.0,No,Not a school zone,T-junction,-31.907131,152.471375,Mid-Coast,Country urban,Rest of NSW - Urban,Straight,,,,Off,Sealed,Wet,Raining,Daylight,Nil,No traffic controls,60 km/h,Regional,40,U turn,304,Same - U-turn,,Other angle,4 wheel drive / SUV,Car (sedan/hatch),2,0,1,0,0,5,May,Autumn,Monday,10:00 - 11:59,Midday / afternoon,False,False,True,True
1356867,Injury,Serious Injury,2024,2024,March,Tuesday,02:00 - 03:59,PACIFIC,HWY,0,Right on the spot,BALLARDS ROAD,TO,URUNGA,10.0,No,Not a school zone,Divided road,-30.541208,153.002017,Bellingen,Country non-urban,Rest of NSW - Rural,Curved,,,,Nil,Sealed,Dry,Fine,Darkness,Nil,No traffic controls,110 km/h,State,2,Ped far side,3,Ped - Far side,,Vehicle - Pedestrian,Light truck utility(from 2018),Pedestrian,2,0,1,0,0,3,March,Autumn,Tuesday,02:00 - 03:59,Late night / early morning,False,False,True,True
1356868,Injury,Minor/Other Injury,2024,2024,June,Thursday,10:00 - 11:59,HAYNES,AVE,0,Right on the spot,RYANS,RD,UMINA BEACH,,No,Not a school zone,T-junction,-33.510109,151.313603,Central Coast,Country urban,Syd-Newc-Woll Gtr conurbation,Straight,,,,Unknown / not stated,Sealed,Dry,Fine,Daylight,Nil,Give way sign,50 km/h,Local,49,Other manoeuvring,400,Manov - other,,Other angle,Car (sedan/hatch),Car (sedan/hatch),2,0,0,0,1,6,June,Winter,Thursday,10:00 - 11:59,Midday / afternoon,False,False,True,True
1356869,Injury,Serious Injury,2024,2024,March,Sunday,10:00 - 11:59,PRINCES,HWY,75,North,CLARE,ST,SYLVANIA,1.0,No,Not a school zone,Divided road,-34.006789,151.111831,Sutherland,Sydney metro. area,Syd-Newc-Woll Gtr conurbation,Straight,,,,Nil,Sealed,Wet,Overcast,Daylight,Nil,No traffic controls,70 km/h,State,73,Off rd rght => obj,704,Right off cway into obj,,Vehicle - Object,Car (sedan/hatch),,1,0,1,0,0,3,March,Autumn,Sunday,10:00 - 11:59,Midday / afternoon,False,False,True,True
1356870,Injury,Moderate Injury,2024,2024,June,Friday,16:00 - 17:59,PRINCES,HWY,25,North,THE BOULEVARDE,MS,KAREELA,1.0,No,Not a school zone,Divided road,-34.026564,151.084902,Sutherland,Sydney metro. area,Syd-Newc-Woll Gtr conurbation,Straight,,,,On,Sealed,Wet,Raining,Daylight,Nil,No traffic controls,70 km/h,State,30,Rear end,301,Same - Rear end,,Rear end,Car (sedan/hatch),Car (sedan/hatch),3,0,0,1,0,6,June,Winter,Friday,16:00 - 17:59,PM peak / evening commute,True,False,True,True
1356871,Injury,Serious Injury,2024,2024,April,Monday,10:00 - 11:59,THE WOOL,RD,100,West,TALLYAN POINT,RD,BASIN VIEW,7631.0,No,Not a school zone,2-way undivided,-35.089196,150.56041,Shoalhaven,Country urban,Rest of NSW - Urban,Straight,,,,Nil,Sealed,Dry,Fine,Daylight,Nil,No traffic controls,60 km/h,Regional,74,On road-out of cont.,705,Out of control on cway,,Rollover,Motorcycle,,2,0,1,0,0,4,April,Autumn,Monday,10:00 - 11:59,Midday / afternoon,False,False,True,True
1356873,Injury,Moderate Injury,2024,2024,April,Monday,18:00 - 19:59,MOOREBANK,AVE,0,Right on the spot,SOUTH WESTERN,EXP,MOOREBANK,6005.0,No,Not a school zone,T-junction,-33.939724,150.925023,Liverpool,Sydney metro. area,Syd-Newc-Woll Gtr conurbation,Straight,Other bridge,,,On,Sealed,Dry,Fine,Darkness,On,No traffic controls,60 km/h,State,40,U turn,304,Same - U-turn,,Other angle,Large rigid,Car (sedan/hatch),2,0,0,1,0,4,April,Autumn,Monday,18:00 - 19:59,PM peak / evening commute,True,False,True,True
1356876,Injury,Minor/Other Injury,2024,2024,July,Saturday,18:00 - 19:59,JAMES,ST,0,Right on the spot,CITY WEST LINK,TO,LILYFIELD,652.0,No,Not a school zone,2-way undivided,-33.874479,151.155127,Inner West,Sydney metro. area,Syd-Newc-Woll Gtr conurbation,Curved,,,,Unknown / not stated,Sealed,Dry,Fine,Darkness,Nil,No traffic controls,50 km/h,State,30,Rear end,301,Same - Rear end,,Rear end,Station wagon,Car (sedan/hatch),3,0,0,0,1,7,July,Winter,Saturday,18:00 - 19:59,PM peak / evening commute,True,False,True,True
1356877,Injury,Minor/Other Injury,2024,2024,June,Thursday,16:00 - 17:59,THE NORTHERN,RD,0,Right on the spot,BRADLEY,ST,ORCHARD HILLS,154.0,No,Not a school zone,T-junction,-33.80538,150.696402,Penrith,Sydney metro. area,Syd-Newc-Woll Gtr conurbation,Straight,,,,Unknown / not stated,Sealed,Dry,Fine,Dusk,On,Ped crossing,80 km/h,State,30,Rear end,301,Same - Rear end,,Rear end,Car (sedan/hatch),Car (sedan/hatch),3,0,0,0,1,6,June,Winter,Thursday,16:00 - 17:59,PM peak / evening commute,True,False,True,True
1356878,Injury,Moderate Injury,2024,2024,June,Monday,04:00 - 05:59,CROSSING,ST,30,North,BANNA,AVE,GRIFFITH,321.0,No,Not a school zone,Divided road,-34.288532,146.055686,Griffith,Country urban,Rest of NSW - Urban,Straight,Driveway/entrance,,,Nil,Sealed,Wet,Overcast,Dawn,Nil,No traffic controls,50 km/h,Regional,7,Driveway,7,Ped - driveway,,Vehicle - Pedestrian,Light truck utility(from 2018),Pedestrian,2,0,0,1,0,6,June,Winter,Monday,04:00 - 05:59,Late night / early morning,False,False,True,True
1356884,Injury,Serious Injury,2024,2024,July,Tuesday,06:00 - 07:59,COCKBURN,LANE,0,Right on the spot,NORAH,RD,LAMBTON,,No,Not a school zone,X-intersection,-32.915619,151.720575,Newcastle,Newcastle met. area,Syd-Newc-Woll Gtr conurbation,Straight,,,,Nil,Sealed,Wet,Raining,Daylight,Nil,No traffic controls,50 km/h,Local,0,Ped nearside,1,Ped - Near side,,Vehicle - Pedestrian,Large rigid,Pedestrian,2,0,1,0,0,7,July,Winter,Tuesday,06:00 - 07:59,AM peak / school commute,True,False,True,True
1356885,Injury,Serious Injury,2024,2024,March,Thursday,06:00 - 07:59,GOOD,ST,0,Right on the spot,VICTORIA,ST,GRANVILLE,,No,Not a school zone,T-junction,-33.829804,151.012415,Parramatta,Sydney metro. area,Syd-Newc-Woll Gtr conurbation,Straight,,,,On,Sealed,Dry,Fine,Dawn,Nil,No traffic controls,50 km/h,Local,2,Ped far side,3,Ped - Far side,,Vehicle - Pedestrian,Car (sedan/hatch),Pedestrian,2,0,1,0,0,3,March,Autumn,Thursday,06:00 - 07:59,AM peak / school commute,True,False,True,True
1356887,Injury,Serious Injury,2024,2024,May,Wednesday,08:00 - 09:59,CENTRAL COAST,HWY,0,Right on the spot,RAYS,RD,BATEAU BAY,30.0,No,Not a school zone,T-junction,-33.385697,151.472515,Central Coast,Country urban,Syd-Newc-Woll Gtr conurbation,Straight,,,,Unknown / not stated,Sealed,Unknown,Unknown,Daylight,Nil,Stop sign,60 km/h,State,13,Right near,104,Adj - Right-thru from right,,Right angle,Car (sedan/hatch),Car (sedan/hatch),3,0,1,0,0,5,May,Autumn,Wednesday,08:00 - 09:59,AM peak / school commute,True,False,True,True
1356891,Injury,Moderate Injury,2024,2024,April,Friday,22:00 - Midnight,BOWEN,ST,0,Right on the spot,SYDNEY,ST,HUSKISSON,,No,Not a school zone,L-junction,-35.040533,150.668097,Shoalhaven,Country urban,Rest of NSW - Urban,Curved,,,,On,Sealed,Wet,Raining,Darkness,Nil,No traffic controls,50 km/h,Local,81,Off left/rt bnd=>obj,803,Off right bend into obj,Left,Vehicle - Object,Light truck utility(from 2018),,1,0,0,1,0,4,April,Autumn,Friday,22:00 - Midnight,Evening / night,False,False,True,True
1356893,Injury,Minor/Other Injury,2024,2024,July,Saturday,16:00 - 17:59,KING GEORGES,RD,0,Right on the spot,NUMBER 135,HN,WILEY PARK,200.0,No,Not a school zone,Divided road,-33.926867,151.070842,Canterbury-Bankstown,Sydney metro. area,Syd-Newc-Woll Gtr conurbation,Straight,,,,Unknown / not stated,Sealed,Wet,Raining,Daylight,Nil,No traffic controls,60 km/h,State,30,Rear end,301,Same - Rear end,,Rear end,4 wheel drive / SUV,Car (sedan/hatch),2,0,0,0,1,7,July,Winter,Saturday,16:00 - 17:59,PM peak / evening commute,True,False,True,True
1356894,Injury,Minor/Other Injury,2024,2024,June,Wednesday,14:00 - 15:59,BLUEGUM,CRES,0,Right on the spot,FRENCHS FOREST,RD,FRENCHS FOREST,,Yes,No,T-junction,-33.749173,151.229475,Northern Beaches,Sydney metro. area,Syd-Newc-Woll Gtr conurbation,Straight,Driveway/entrance,,,Unknown / not stated,Sealed,Dry,Fine,Daylight,On,No traffic controls,50 km/h,Local,47,Emerging from drive,406,Manov - Emerging from driveway,,Right angle,4 wheel drive / SUV,4 wheel drive / SUV,2,0,0,0,1,6,June,Winter,Wednesday,14:00 - 15:59,Midday / afternoon,False,False,True,True
1356908,Injury,Minor/Other Injury,2024,2024,July,Thursday,10:00 - 11:59,MERCURY,ST,100,North,SPERRY,ST,WOLLONGONG,,No,Not a school zone,2-way undivided,-34.422488,150.882738,Wollongong,Wollongong met. area,Syd-Newc-Woll Gtr conurbation,Straight,Driveway/entrance,,,Off,Sealed,Dry,Fine,Daylight,Nil,No traffic controls,50 km/h,Local,47,Emerging from drive,406,Manov - Emerging from driveway,,Right angle,Station wagon,Car (sedan/hatch),4,0,0,0,1,7,July,Winter,Thursday,10:00 - 11:59,Midday / afternoon,False,False,True,True
1356909,Injury,Moderate Injury,2024,2024,July,Wednesday,16:00 - 17:59,CROWN,ST,0,Right on the spot,EDMUND,ST,GRANTHAM FARM,,No,Not a school zone,X-intersection,-33.663964,150.873757,Blacktown,Sydney metro. area,Syd-Newc-Woll Gtr conurbation,Straight,,,,Nil,Sealed,Dry,Fine,Darkness,Nil,Give way sign,60 km/h,Local,10,Cross traffic,101,Adj - Cross traffic,,Right angle,4 wheel drive / SUV,4 wheel drive / SUV,2,0,0,1,0,7,July,Winter,Wednesday,16:00 - 17:59,PM peak / evening commute,True,False,True,True
1356910,Injury,Moderate Injury,2024,2024,May,Saturday,22:00 - Midnight,OCEAN,ST,0,Right on the spot,NUMBER 90,HN,WINDANG,,No,Not a school zone,2-way undivided,-34.532947,150.871408,Wollongong,Wollongong met. area,Syd-Newc-Woll Gtr conurbation,Straight,,,,On,Sealed,Wet,Raining,Darkness,Nil,No traffic controls,50 km/h,Local,73,Off rd rght => obj,704,Right off cway into obj,,Other angle,4 wheel drive / SUV,4 wheel drive / SUV,3,0,0,1,0,5,May,Autumn,Saturday,22:00 - Midnight,Evening / night,False,False,True,True
1356911,Injury,Serious Injury,2024,2024,May,Sunday,22:00 - Midnight,WALLSEND,RD,30,West,RURAL,DR,SANDGATE,23.0,No,Not a school zone,2-way undivided,-32.871915,151.706483,Newcastle,Newcastle met. area,Syd-Newc-Woll Gtr conurbation,Straight,,,,On,Sealed,Dry,Fine,Darkness,Nil,No traffic controls,60 km/h,State,74,On road-out of cont.,705,Out of control on cway,,Rollover,Motorcycle,,1,0,1,0,0,5,May,Autumn,Sunday,22:00 - Midnight,Evening / night,False,False,True,True
1356912,Injury,Minor/Other Injury,2024,2024,May,Monday,08:00 - 09:59,HUME,HWY,0,Right on the spot,CAMPBELLTOWN,RD,CASULA,2.0,No,Not a school zone,T-junction,-33.957835,150.887124,Liverpool,Sydney metro. area,Syd-Newc-Woll Gtr conurbation,Curved,,,,Unknown / not stated,Sealed,Dry,Fine,Daylight,Unknown / not stated,No traffic controls,70 km/h,State,30,Rear end,301,Same - Rear end,,Rear end,Car (sedan/hatch),4 wheel drive / SUV,2,0,0,0,1,5,May,Autumn,Monday,08:00 - 09:59,AM peak / school commute,True,False,True,True
1356913,Injury,Moderate Injury,2024,2024,March,Tuesday,04:00 - 05:59,WYNYARD,ST,90,West,CAPPER,ST,TUMUT,,Yes,No,2-way undivided,-35.30298,148.219407,Snowy Valleys,Country urban,Rest of NSW - Urban,Straight,Steep grade,,,Off,Sealed,Dry,Fine,Darkness,Nil,No traffic controls,50 km/h,Local,21,Right through,202,Opp - Right-thru,,Other angle,4 wheel drive / SUV,Pedal cycle,2,0,0,1,0,3,March,Autumn,Tuesday,04:00 - 05:59,Late night / early morning,False,False,True,True
1356920,Injury,Serious Injury,2024,2024,April,Tuesday,08:00 - 09:59,CONDAMINE,ST,20,North,KOORALA,ST,MANLY VALE,164.0,No,Not a school zone,Divided road,-33.785142,151.267109,Northern Beaches,Sydney metro. area,Syd-Newc-Woll Gtr conurbation,Straight,,,,Off,Sealed,Dry,Fine,Daylight,Nil,No traffic controls,60 km/h,State,2,Ped far side,3,Ped - Far side,,Vehicle - Pedestrian,4 wheel drive / SUV,Pedestrian,2,0,1,0,0,4,April,Autumn,Tuesday,08:00 - 09:59,AM peak / school commute,True,False,True,True
1356923,Injury,Serious Injury,2024,2024,June,Tuesday,08:00 - 09:59,JINGELLIC,RD,50,North,MANNUS FOREST,RD,TUMBARUMBA,85.0,No,Not a school zone,2-way undivided,-35.778104,147.958143,Snowy Valleys,Country urban,Rest of NSW - Urban,Curved,Steep grade,,,Nil,Sealed,Snow or ice,Other,Daylight,Nil,No traffic controls,80 km/h,State,80,Off left/right bend,801,Off cway right bend,Left,Rollover,Light truck utility(from 2018),,1,0,1,0,0,6,June,Winter,Tuesday,08:00 - 09:59,AM peak / school commute,True,False,True,True
1356924,Injury,Minor/Other Injury,2024,2024,May,Friday,12:00 - 13:59,FAIRFORD,RD,0,Right on the spot,SOUTH WESTERN,EXP,PADSTOW,190.0,No,Not a school zone,T-junction,-33.940458,151.035614,Canterbury-Bankstown,Sydney metro. area,Syd-Newc-Woll Gtr conurbation,Straight,,,,Nil,Sealed,Dry,Fine,Daylight,Nil,No traffic controls,70 km/h,State,30,Rear end,301,Same - Rear end,,Rear end,Car (sedan/hatch),4 wheel drive / SUV,3,0,0,0,1,5,May,Autumn,Friday,12:00 - 13:59,Midday / afternoon,False,False,True,True
1356925,Injury,Moderate Injury,2024,2024,February,Wednesday,16:00 - 17:59,MARETIMO,ST,0,Right on the spot,UPPER BEACH,ST,BALGOWLAH,,No,Not a school zone,T-junction,-33.797782,151.255063,Northern Beaches,Sydney metro. area,Syd-Newc-Woll Gtr conurbation,Straight,Steep grade,,,Off,Sealed,Dry,Fine,Daylight,Nil,No traffic controls,50 km/h,Local,71,Off rd left => obj,703,Left off cway into object,,Other angle,4 wheel drive / SUV,4 wheel drive / SUV,2,0,0,1,0,2,February,Summer,Wednesday,16:00 - 17:59,PM peak / evening commute,True,False,True,True
1356927,Injury,Minor/Other Injury,2024,2024,June,Tuesday,08:00 - 09:59,NEW ENGLAND,HWY,200,South,ST ANDREWS,PL,MUSWELLBROOK,9.0,No,Not a school zone,Divided road,-32.279148,150.89882,Muswellbrook,Country urban,Rest of NSW - Urban,Straight,,,,Off,Sealed,Dry,Fine,Daylight,Nil,No traffic controls,50 km/h,State,71,Off rd left => obj,703,Left off cway into object,,Other angle,4 wheel drive / SUV,Light truck,3,0,0,0,1,6,June,Winter,Tuesday,08:00 - 09:59,AM peak / school commute,True,False,True,True
1356929,Injury,Moderate Injury,2024,2024,July,Monday,12:00 - 13:59,PACIFIC,HWY,0,Right on the spot,WENTWORTH,AVE,DOYALSON,10.0,No,Not a school zone,T-junction,-33.197706,151.524507,Central Coast,Country urban,Syd-Newc-Woll Gtr conurbation,Straight,,,,Unknown / not stated,Sealed,Dry,Fine,Daylight,Nil,Give way sign,80 km/h,State,13,Right near,104,Adj - Right-thru from right,,Right angle,Car (sedan/hatch),Car (sedan/hatch),2,0,0,2,0,7,July,Winter,Monday,12:00 - 13:59,Midday / afternoon,False,False,True,True
1356933,Injury,Moderate Injury,2024,2024,May,Wednesday,12:00 - 13:59,FERGUSON,RD,100,West,MACQUARIE,RD,SPRINGWOOD,,No,Not a school zone,2-way undivided,-33.700455,150.561672,Blue Mountains,Country urban,Syd-Newc-Woll Gtr conurbation,Straight,Bus stop,,,Nil,Sealed,Dry,Fine,Daylight,Nil,No traffic controls,50 km/h,Local,71,Off rd left => obj,703,Left off cway into object,,Other angle,4 wheel drive / SUV,4 wheel drive / SUV,3,0,0,1,0,5,May,Autumn,Wednesday,12:00 - 13:59,Midday / afternoon,False,False,True,True
1356935,Injury,Serious Injury,2024,2024,May,Tuesday,10:00 - 11:59,ELLIOTT,WAY,200,West,GOAT RIDGE,RD,CABRAMURRA,,No,Not a school zone,2-way undivided,-35.905723,148.380698,Snowy Valleys,Country urban,Rest of NSW - Urban,Curved,,,,Nil,Sealed,Snow or ice,Overcast,Daylight,Nil,No traffic controls,80 km/h,Local,66,Object on road,607,On path - Hit temp object,,Vehicle - Object,Motorcycle,,1,0,1,0,0,5,May,Autumn,Tuesday,10:00 - 11:59,Midday / afternoon,False,False,True,True
1356936,Injury,Serious Injury,2024,2024,March,Saturday,10:00 - 11:59,RIVER,ST,0,Right on the spot,BOATHARBOUR,RD,WEST BALLINA,695.0,No,Not a school zone,T-junction,-28.863841,153.545669,Ballina,Country urban,Rest of NSW - Urban,Straight,,,,Off,Sealed,Dry,Fine,Daylight,Nil,Give way sign,60 km/h,Regional,48,From footpath,408,Manov - From footway,,Other angle,Pedal cycle,Car (sedan/hatch),2,0,1,0,0,3,March,Autumn,Saturday,10:00 - 11:59,Midday / afternoon,False,False,True,True
1356937,Injury,Minor/Other Injury,2024,2024,June,Friday,14:00 - 15:59,GRAND,DR,0,Right on the spot,MUSGRAVE,AVE,CENTENNIAL PARK,,No,Not a school zone,T-junction,-33.90207,151.239725,Randwick,Sydney metro. area,Syd-Newc-Woll Gtr conurbation,Straight,,,,Unknown / not stated,Sealed,Dry,Fine,Daylight,Nil,Stop sign,30 km/h,Local,49,Other manoeuvring,400,Manov - other,,Other angle,Pedal cycle,4 wheel drive / SUV,2,0,0,0,1,6,June,Winter,Friday,14:00 - 15:59,Midday / afternoon,False,False,True,True
1356940,Injury,Serious Injury,2024,2024,July,Monday,14:00 - 15:59,NEWCASTLE,EXP,1000,North,MORGANS ROAD,OP,MOUNT WHITE,6003.0,No,Not a school zone,Dual freeway,-33.458098,151.202789,Central Coast,Country non-urban,Syd-Newc-Woll Gtr conurbation,Curved,Embankment/cutting,,,Unknown / not stated,Sealed,Dry,Fine,Daylight,Nil,No traffic controls,110 km/h,State,83,Off rt/rt bnd=>obj,803,Off right bend into obj,Right,Vehicle - Object,4 wheel drive / SUV,,1,0,1,0,0,7,July,Winter,Monday,14:00 - 15:59,Midday / afternoon,False,False,True,True
1356946,Injury,Moderate Injury,2024,2024,May,Tuesday,08:00 - 09:59,PYRMONT,ST,0,Right on the spot,MURRAY STREET,TO,PYRMONT,,No,Not a school zone,1-way street,-33.873233,151.197086,Sydney,Sydney metro. area,Syd-Newc-Woll Gtr conurbation,Curved,Steep grade,Roadwks/Detour/Diverson,,Off,Sealed,Dry,Fine,Daylight,Nil,No traffic controls,40 km/h,Local,33,Lane sideswipe,305,Same - Lane side swipe,,Other angle,Car (sedan/hatch),Pedal cycle,2,0,0,1,0,5,May,Autumn,Tuesday,08:00 - 09:59,AM peak / school commute,True,False,True,True
1356947,Injury,Serious Injury,2024,2024,April,Monday,00:01 - 01:59,RINGWOOD,RD,5000,South,GOLDEN,HWY,MERRIWA,,No,Not a school zone,2-way undivided,-32.155147,150.235138,Upper Hunter,Country urban,Rest of NSW - Urban,Curved,,,,Nil,Sealed,Dry,Fine,Darkness,Nil,No traffic controls,80 km/h,Local,80,Off left/right bend,801,Off cway right bend,Left,Rollover,4 wheel drive / SUV,,1,0,1,0,0,4,April,Autumn,Monday,00:01 - 01:59,Late night / early morning,False,False,True,True
1356949,Injury,Serious Injury,2024,2024,June,Saturday,12:00 - 13:59,HILLVIEW,ST,0,Right on the spot,THE PROMENADE,MS,SANS SOUCI,,No,Not a school zone,T-junction,-33.986199,151.131925,Georges River,Sydney metro. area,Syd-Newc-Woll Gtr conurbation,Straight,Steep grade,,,Off,Sealed,Dry,Fine,Daylight,Nil,No traffic controls,50 km/h,Local,73,Off rd rght => obj,704,Right off cway into obj,,Vehicle - Object,Car (sedan/hatch),,1,0,1,1,0,6,June,Winter,Saturday,12:00 - 13:59,Midday / afternoon,False,False,True,True
1356950,Injury,Minor/Other Injury,2024,2024,April,Saturday,14:00 - 15:59,KURRABA,RD,0,Right on the spot,WYCOMBE,RD,KURRABA POINT,2019.0,No,Not a school zone,X-intersection,-33.840336,151.221164,North Sydney,Sydney metro. area,Syd-Newc-Woll Gtr conurbation,Straight,,,,Unknown / not stated,Sealed,Wet,Overcast,Daylight,On,No traffic controls,50 km/h,Regional,30,Rear end,301,Same - Rear end,,Rear end,Car (sedan/hatch),4 wheel drive / SUV,2,0,0,0,1,4,April,Autumn,Saturday,14:00 - 15:59,Midday / afternoon,False,False,True,True
1356951,Injury,Moderate Injury,2024,2024,July,Monday,20:00 - 21:59,MCKELL,AVE,750,West,SIR BERTRAM STEVENS,DR,ROYAL NATIONAL PARK,393.0,No,Not a school zone,2-way undivided,-34.151325,151.023159,Sutherland,Sydney metro. area,Syd-Newc-Woll Gtr conurbation,Curved,Steep grade,,,Unknown / not stated,Sealed,Wet,Raining,Darkness,Nil,No traffic controls,60 km/h,State,88,Out of cont on bend,805,Out of control on bend,,Rollover,Car (sedan/hatch),,1,0,0,1,0,7,July,Winter,Monday,20:00 - 21:59,Evening / night,False,False,True,True
1356953,Injury,Serious Injury,2024,2024,July,Monday,22:00 - Midnight,KOSCIUSZKO,RD,0,Right on the spot,FOREST VIEW,RD,JINDABYNE,286.0,No,Not a school zone,T-junction,-36.390181,148.596902,Snowy Monaro Regional,Country non-urban,Rest of NSW - Rural,Curved,Ditch/drain/culvert,,,Nil,Sealed,Dry,Fine,Darkness,Nil,No traffic controls,100 km/h,State,82,Off right/right bend,801,Off cway right bend,Right,Rollover,4 wheel drive / SUV,,1,0,1,0,0,7,July,Winter,Monday,22:00 - Midnight,Evening / night,False,False,True,True
1356958,Injury,Serious Injury,2024,2024,June,Friday,10:00 - 11:59,COOLAMON,RD,50,North,TOOYAL,RD,COOLAMON,240.0,No,Not a school zone,2-way undivided,-34.847912,147.225927,Coolamon,Country non-urban,Rest of NSW - Rural,Straight,Crest,,,Nil,Sealed,Dry,Fine,Daylight,Nil,No traffic controls,100 km/h,Regional,71,Off rd left => obj,703,Left off cway into object,,Vehicle - Object,Car (sedan/hatch),,1,0,1,0,0,6,June,Winter,Friday,10:00 - 11:59,Midday / afternoon,False,False,True,True
1356964,Injury,Serious Injury,2024,2024,February,Thursday,06:00 - 07:59,TUMBI,RD,0,Right on the spot,BELLEVUE,RD,WAMBERAL,7756.0,No,Not a school zone,T-junction,-33.392782,151.452405,Central Coast,Country urban,Syd-Newc-Woll Gtr conurbation,Curved,,,,On,Sealed,Dry,Fine,Darkness,Nil,Give way sign,60 km/h,Regional,13,Right near,104,Adj - Right-thru from right,,Right angle,Car (sedan/hatch),Motorcycle,2,0,1,0,0,2,February,Summer,Thursday,06:00 - 07:59,AM peak / school commute,True,False,True,True
1356967,Injury,Moderate Injury,2024,2024,June,Tuesday,08:00 - 09:59,KIORA,RD,35,South,KINGSWAY,MS,MIRANDA,,No,Not a school zone,Divided road,-34.034577,151.102255,Sutherland,Sydney metro. area,Syd-Newc-Woll Gtr conurbation,Straight,Bus stop,,,Off,Sealed,Dry,Fine,Daylight,Nil,No traffic controls,50 km/h,Local,0,Ped nearside,1,Ped - Near side,,Vehicle - Pedestrian,Other bus,Pedestrian,2,0,0,1,0,6,June,Winter,Tuesday,08:00 - 09:59,AM peak / school commute,True,False,True,True