crash_id,degree_of_crash,degree_of_crash_-_detailed,reporting_year,year_of_crash,month_of_crash,day_of_week_of_crash,two-hour_intervals,street_of_crash,street_type,distance,direction,identifying_feature,identifying_feature_type,town,route_no.,school_zone_location,school_zone_active,type_of_location,latitude,longitude,lga,urbanisation,conurbation_1,alignment,primary_permanent_feature,primary_temporary_feature,primary_hazardous_feature,street_lighting,road_surface,surface_condition,weather,natural_lighting,signals_operation,other_traffic_control,speed_limit,road_classification_(admin),rum_-_code,rum_-_description,dca_-_code,dca_-_description,dca_supplement,first_impact_type,key_tu_type,other_tu_type,no._of_traffic_units_involved,no._killed,no._seriously_injured,no._moderately_injured,no._minor-other_injured,month_num,month_label,season,day_label,time_label,time_band,is_peak_commute,is_fatal,is_injury,is_casualty
1356968,Injury,Moderate Injury,2024,2024,July,Thursday,22:00 - Midnight,FOREST,WAY,150,North,RALSTON,AVE,BELROSE,529.0,No,Not a school zone,Divided road,-33.727069,151.220371,Northern Beaches,Sydney metro. area,Syd-Newc-Woll Gtr conurbation,Straight,,,,Unknown / not stated,Sealed,Wet,Raining,Darkness,Nil,No traffic controls,80 km/h,State,73,Off rd rght => obj,704,Right off cway into obj,,Vehicle - Object,Car (sedan/hatch),,1,0,0,1,0,7,July,Winter,Thursday,22:00 - Midnight,Evening / night,False,False,True,True
1356970,Injury,Minor/Other Injury,2024,2024,June,Saturday,08:00 - 09:59,BRUXNER,HWY,4700,West,BULMER,RD,MALLANGANEE,16.0,No,Not a school zone,2-way undivided,-28.907894,152.698739,Kyogle,Country non-urban,Rest of NSW - Rural,Curved,Embankment/cutting,,,Unknown / not stated,Sealed,Dry,Fine,Daylight,Nil,No traffic controls,100 km/h,State,82,Off right/right bend,801,Off cway right bend,Right,Rollover,Light truck utility(from 2018),,1,0,0,0,2,6,June,Winter,Saturday,08:00 - 09:59,AM peak / school commute,True,False,True,True
1356975,Injury,Serious Injury,2024,2024,April,Wednesday,10:00 - 11:59,MACDONALD,RD,220,North,WILLIAMSON,RD,INGLEBURN,,No,Not a school zone,2-way undivided,-33.987649,150.85796,Campbelltown,Sydney metro. area,Syd-Newc-Woll Gtr conurbation,Curved,,,,Off,Sealed,Dry,Fine,Daylight,Nil,No traffic controls,60 km/h,Local,81,Off left/rt bnd=>obj,803,Off right bend into obj,Left,Other angle,Car (sedan/hatch),Passenger van,3,0,1,0,0,4,April,Autumn,Wednesday,10:00 - 11:59,Midday / afternoon,False,False,True,True
1356982,Injury,Moderate Injury,2024,2024,June,Friday,14:00 - 15:59,MAIZE,ST,0,Right on the spot,METFORD,RD,EAST MAITLAND,,No,Not a school zone,X-intersection,-32.744729,151.614964,Maitland,Country urban,Rest of NSW - Urban,Straight,,,,Off,Sealed,Dry,Fine,Daylight,Nil,No traffic controls,60 km/h,Local,10,Cross traffic,101,Adj - Cross traffic,,Right angle,4 wheel drive / SUV,Motorcycle,2,0,0,1,0,6,June,Winter,Friday,14:00 - 15:59,Midday / afternoon,False,False,True,True
1356984,Injury,Minor/Other Injury,2024,2024,July,Friday,16:00 - 17:59,WESTERN,DSTR,200,North,PYRMONT BRIDGE ROAD,OP,PYRMONT,165.0,No,Not a school zone,Divided road,-33.871167,151.192248,Sydney,Sydney metro. area,Syd-Newc-Woll Gtr conurbation,Curved,Other bridge,,,Unknown / not stated,Sealed,Dry,Fine,Dusk,Nil,No traffic controls,60 km/h,State,30,Rear end,301,Same - Rear end,,Rear end,Station wagon,Light truck utility(from 2018),2,0,0,0,1,7,July,Winter,Friday,16:00 - 17:59,PM peak / evening commute,True,False,True,True
1356985,Injury,Moderate Injury,2024,2024,July,Monday,14:00 - 15:59,RESERVOIR,RD,50,North,SAVERY,CRES,BLACKTOWN,683.0,No,Not a school zone,2-way undivided,-33.787148,150.899453,Blacktown,Sydney metro. area,Syd-Newc-Woll Gtr conurbation,Straight,,,,Unknown / not stated,Sealed,Dry,Fine,Daylight,Nil,No traffic controls,60 km/h,State,30,Rear end,301,Same - Rear end,,Rear end,Light truck utility(from 2018),Car (sedan/hatch),2,0,0,1,0,7,July,Winter,Monday,14:00 - 15:59,Midday / afternoon,False,False,True,True
1356987,Injury,Moderate Injury,2024,2024,May,Sunday,00:01 - 01:59,WOODVILLE,RD,0,Right on the spot,LLEWELLYN,AVE,VILLAWOOD,640.0,No,Not a school zone,X-intersection,-33.881886,150.977495,Canterbury-Bankstown,Sydney metro. area,Syd-Newc-Woll Gtr conurbation,Straight,,,,On,Sealed,Wet,Raining,Darkness,On,No traffic controls,60 km/h,State,30,Rear end,301,Same - Rear end,,Rear end,Light truck,4 wheel drive / SUV,4,0,0,2,1,5,May,Autumn,Sunday,00:01 - 01:59,Late night / early morning,False,False,True,True
1356993,Injury,Serious Injury,2024,2024,March,Thursday,08:00 - 09:59,MAXWELLS,AVE,10,East,DAY,ST,ASHCROFT,,Yes,No,T-junction,-33.917528,150.899183,Liverpool,Sydney metro. area,Syd-Newc-Woll Gtr conurbation,Straight,Foot/cycle path/nature strip,,,Off,Sealed,Dry,Fine,Daylight,Nil,Ped crossing,50 km/h,Local,48,From footpath,408,Manov - From footway,,Other angle,Pedal cycle,Car (sedan/hatch),2,0,1,0,0,3,March,Autumn,Thursday,08:00 - 09:59,AM peak / school commute,True,False,True,True
1356994,Injury,Moderate Injury,2024,2024,June,Thursday,22:00 - Midnight,BOBBIN HEAD,RD,100,South,EMPIRE MARINA BOBBIN HEAD,OT,NORTH TURRAMURRA,366.0,No,Not a school zone,2-way undivided,-33.662269,151.159681,Ku-ring-gai,Sydney metro. area,Syd-Newc-Woll Gtr conurbation,Curved,Steep grade,,,Nil,Sealed,Dry,Fine,Darkness,Nil,No traffic controls,60 km/h,State,85,Off rt/lft bnd=>obj,804,Off left bend into obj,Right,Vehicle - Object,Car (sedan/hatch),,1,0,0,1,0,6,June,Winter,Thursday,22:00 - Midnight,Evening / night,False,False,True,True
1356995,Injury,Moderate Injury,2024,2024,May,Friday,12:00 - 13:59,DOWLING,ST,0,Right on the spot,WOLLONGONG,RD,ARNCLIFFE,,Yes,No,T-junction,-33.937788,151.139601,Bayside,Sydney metro. area,Syd-Newc-Woll Gtr conurbation,Straight,,,,Off,Sealed,Dry,Overcast,Daylight,Nil,Ped crossing,50 km/h,Local,31,Left rear,302,Same - Rear left,,Rear end,Car (sedan/hatch),4 wheel drive / SUV,2,0,0,1,0,5,May,Autumn,Friday,12:00 - 13:59,Midday / afternoon,False,False,True,True
1357002,Injury,Serious Injury,2024,2024,February,Saturday,04:00 - 05:59,CAPTAIN COOK,DR,80,West,CAWARRA,RD,CARINGBAH,662.0,No,Not a school zone,Divided road,-34.032645,151.124611,Sutherland,Sydney metro. area,Syd-Newc-Woll Gtr conurbation,Straight,,Previous crash,,On,Sealed,Dry,Fine,Darkness,Nil,No traffic controls,60 km/h,State,3,Ped on carriageway,4,Ped - On carriageway,,Vehicle - Pedestrian,Light truck utility(from 2018),Pedestrian,2,0,1,1,0,2,February,Summer,Saturday,04:00 - 05:59,Late night / early morning,False,False,True,True
1357005,Injury,Minor/Other Injury,2024,2024,May,Friday,12:00 - 13:59,CAPTAIN COOK,DR,0,Right on the spot,BRIDGES,ST,KURNELL,7031.0,No,Not a school zone,T-junction,-34.011986,151.209576,Sutherland,Sydney metro. area,Syd-Newc-Woll Gtr conurbation,Straight,Foot/cycle path/nature strip,,,Unknown / not stated,Sealed,Dry,Overcast,Daylight,Nil,Give way sign,50 km/h,Regional,37,Left turn sideswipe,309,Same - Left turn side swipe,,Other angle,Car (sedan/hatch),Pedal cycle,2,0,0,0,1,5,May,Autumn,Friday,12:00 - 13:59,Midday / afternoon,False,False,True,True
1357008,Injury,Moderate Injury,2024,2024,June,Sunday,00:01 - 01:59,HUME,HWY,2000,North,ILLAWARRA HIGHWAY,OP,SUTTON FOREST,2.0,No,Not a school zone,Divided road,-34.568433,150.254295,Wingecarribee,Country non-urban,Rest of NSW - Rural,Curved,,,,Unknown / not stated,Sealed,Dry,Fine,Darkness,Nil,No traffic controls,110 km/h,State,83,Off rt/rt bnd=>obj,803,Off right bend into obj,Right,Vehicle - Object,Car (sedan/hatch),,1,0,0,1,0,6,June,Winter,Sunday,00:01 - 01:59,Late night / early morning,False,False,True,True
1357009,Injury,Serious Injury,2024,2024,July,Monday,14:00 - 15:59,KELLICAR,RD,0,Right on the spot,TINDALL,ST,CAMPBELLTOWN,179.0,No,Not a school zone,X-intersection,-34.072954,150.803689,Campbelltown,Sydney metro. area,Syd-Newc-Woll Gtr conurbation,Straight,,,,Unknown / not stated,Sealed,Dry,Fine,Daylight,On,No traffic controls,60 km/h,State,21,Right through,202,Opp - Right-thru,,Other angle,Car (sedan/hatch),Car (sedan/hatch),2,0,1,0,0,7,July,Winter,Monday,14:00 - 15:59,Midday / afternoon,False,False,True,True
1357010,Injury,Moderate Injury,2024,2024,July,Thursday,10:00 - 11:59,VICTOR,RD,10,North,MCINTOSH,RD,NARRAWEENA,7347.0,No,Not a school zone,Roundabout,-33.75012,151.279259,Northern Beaches,Sydney metro. area,Syd-Newc-Woll Gtr conurbation,Curved,,,,Off,Sealed,Dry,Fine,Daylight,Nil,Give way sign,50 km/h,Regional,85,Off rt/lft bnd=>obj,804,Off left bend into obj,Right,Other angle,Car (sedan/hatch),4 wheel drive / SUV,2,0,0,1,0,7,July,Winter,Thursday,10:00 - 11:59,Midday / afternoon,False,False,True,True
1357018,Injury,Moderate Injury,2024,2024,June,Tuesday,16:00 - 17:59,BOUNDARY,RD,10,South,UNIVERSAL,ST,MORTDALE,7006.0,No,Not a school zone,X-intersection,-33.970304,151.073709,Georges River,Sydney metro. area,Syd-Newc-Woll Gtr conurbation,Straight,,,,Unknown / not stated,Sealed,Dry,Fine,Daylight,Unknown / not stated,No traffic controls,50 km/h,Regional,35,Lane change left,307,Same - Lane change left,,Other angle,Car (sedan/hatch),Car (sedan/hatch),2,0,0,1,0,6,June,Winter,Tuesday,16:00 - 17:59,PM peak / evening commute,True,False,True,True
1357019,Injury,Minor/Other Injury,2024,2024,July,Friday,10:00 - 11:59,HILLSBOROUGH,RD,100,East,KING,ST,WARNERS BAY,674.0,No,Not a school zone,2-way undivided,-32.966431,151.653733,Lake Macquarie,Newcastle met. area,Syd-Newc-Woll Gtr conurbation,Straight,,,,Unknown / not stated,Sealed,Dry,Fine,Daylight,On,Ped crossing,60 km/h,State,30,Rear end,301,Same - Rear end,,Rear end,Light truck,Light truck utility(from 2018),2,0,0,0,1,7,July,Winter,Friday,10:00 - 11:59,Midday / afternoon,False,False,True,True
1357024,Injury,Minor/Other Injury,2024,2024,July,Sunday,10:00 - 11:59,MILLEWA,RD,300,North,PICNIC POINT,RD,MATHOURA,,No,Not a school zone,2-way undivided,-35.828333,144.954788,Murray River,Country non-urban,Rest of NSW - Rural,Straight,,,,Unknown / not stated,Unsealed,Wet,Overcast,Daylight,Nil,No traffic controls,100 km/h,Local,70,Off road to left,701,Off carriageway to left,,Rollover,Light truck utility(from 2018),,1,0,0,0,1,7,July,Winter,Sunday,10:00 - 11:59,Midday / afternoon,False,False,True,True
1357025,Injury,Minor/Other Injury,2024,2024,May,Saturday,08:00 - 09:59,BURNS BAY,RD,0,Right on the spot,CULLEN,ST,LANE COVE,166.0,No,Not a school zone,T-junction,-33.815316,151.152039,Lane Cove,Sydney metro. area,Syd-Newc-Woll Gtr conurbation,Curved,,,,Unknown / not stated,Sealed,Dry,Fine,Daylight,Nil,Give way sign,60 km/h,State,10,Cross traffic,101,Adj - Cross traffic,,Right angle,Car (sedan/hatch),Car (sedan/hatch),2,0,0,0,1,5,May,Autumn,Saturday,08:00 - 09:59,AM peak / school commute,True,False,True,True
1357026,Injury,Minor/Other Injury,2024,2024,June,Thursday,16:00 - 17:59,COOMA,ST,20,South,O'HANLON,RD,QUEANBEYAN,584.0,No,Not a school zone,2-way undivided,-35.361273,149.233498,Queanbeyan-Palerang Regional,Country urban,Rest of NSW - Urban,Straight,Steep grade,,,Unknown / not stated,Sealed,Dry,Fine,Daylight,Nil,No traffic controls,50 km/h,Regional,30,Rear end,301,Same - Rear end,,Rear end,Light truck utility(from 2018),Station wagon,2,0,0,0,1,6,June,Winter,Thursday,16:00 - 17:59,PM peak / evening commute,True,False,True,True
1357028,Injury,Moderate Injury,2024,2024,June,Thursday,18:00 - 19:59,ANDROMEDA,PKWY,0,Right on the spot,OLD PITT TOWN,RD,BOX HILL,,No,Not a school zone,T-junction,-33.650233,150.908939,The Hills,Sydney metro. area,Syd-Newc-Woll Gtr conurbation,Straight,Steep grade,,,Unknown / not stated,Sealed,Dry,Fine,Darkness,Nil,Give way sign,50 km/h,Local,13,Right near,104,Adj - Right-thru from right,,Right angle,Station wagon,Light truck utility(from 2018),2,0,0,1,0,6,June,Winter,Thursday,18:00 - 19:59,PM peak / evening commute,True,False,True,True
1357039,Injury,Minor/Other Injury,2024,2024,June,Tuesday,14:00 - 15:59,OLD KURRAJONG,RD,0,Right on the spot,RESERVE,RD,CASULA,,No,Not a school zone,T-junction,-33.947644,150.905645,Liverpool,Sydney metro. area,Syd-Newc-Woll Gtr conurbation,Straight,,,,Unknown / not stated,Sealed,Dry,Fine,Daylight,Nil,Stop sign,50 km/h,Local,13,Right near,104,Adj - Right-thru from right,,Right angle,Other bus,Car (sedan/hatch),2,0,0,0,1,6,June,Winter,Tuesday,14:00 - 15:59,Midday / afternoon,False,False,True,True
1357040,Injury,Minor/Other Injury,2024,2024,July,Saturday,16:00 - 17:59,CLARK,RD,0,Right on the spot,HIGH STREET,TO,NORTH SYDNEY,2019.0,No,Not a school zone,Divided road,-33.842528,151.214142,North Sydney,Sydney metro. area,Syd-Newc-Woll Gtr conurbation,Straight,Steep grade,,,Unknown / not stated,Sealed,Dry,Fine,Dusk,Nil,Ped crossing,50 km/h,Regional,30,Rear end,301,Same - Rear end,,Rear end,4 wheel drive / SUV,Car (sedan/hatch),2,0,0,0,1,7,July,Winter,Saturday,16:00 - 17:59,PM peak / evening commute,True,False,True,True
1357042,Injury,Minor/Other Injury,2024,2024,June,Tuesday,14:00 - 15:59,CANROBERT,ST,0,Right on the spot,SHADFORTH,ST,MOSMAN,,No,Not a school zone,X-intersection,-33.832964,151.239072,Mosman,Sydney metro. area,Syd-Newc-Woll Gtr conurbation,Straight,,,,Unknown / not stated,Sealed,Dry,Fine,Daylight,Nil,Stop sign,50 km/h,Local,30,Rear end,301,Same - Rear end,,Rear end,Passenger van,4 wheel drive / SUV,2,0,0,0,1,6,June,Winter,Tuesday,14:00 - 15:59,Midday / afternoon,False,False,True,True
1357043,Injury,Moderate Injury,2024,2024,July,Saturday,22:00 - Midnight,FARMLAND,DR,10,West,ALEX,AVE,SCHOFIELDS,,No,Not a school zone,T-junction,-33.699807,150.887598,Blacktown,Sydney metro. area,Syd-Newc-Woll Gtr conurbation,Straight,,,,On,Sealed,Dry,Fine,Darkness,Nil,Stop sign,50 km/h,Local,81,Off left/rt bnd=>obj,707,Right turn,Left,Other angle,4 wheel drive / SUV,Car (sedan/hatch),2,0,0,1,0,7,July,Winter,Saturday,22:00 - Midnight,Evening / night,False,False,True,True
1357044,Injury,Moderate Injury,2024,2024,May,Friday,14:00 - 15:59,BINYA,ST,0,Right on the spot,WHITTON,ST,GRIFFITH,,No,Not a school zone,X-intersection,-34.284054,146.047921,Griffith,Country urban,Rest of NSW - Urban,Straight,,,,Unknown / not stated,Sealed,Dry,Fine,Daylight,Nil,Give way sign,50 km/h,Local,10,Cross traffic,101,Adj - Cross traffic,,Right angle,4 wheel drive / SUV,Car (sedan/hatch),2,0,0,1,0,5,May,Autumn,Friday,14:00 - 15:59,Midday / afternoon,False,False,True,True
1357050,Injury,Minor/Other Injury,2024,2024,July,Tuesday,08:00 - 09:59,BUSBY,RD,0,Right on the spot,SOUTH LIVERPOOL,RD,BUSBY,,Yes,No,Roundabout,-33.910899,150.879888,Liverpool,Sydney metro. area,Syd-Newc-Woll Gtr conurbation,Straight,,,,Unknown / not stated,Sealed,Dry,Fine,Daylight,Nil,Give way sign,50 km/h,Local,16,Left near,107,Adj - Left-thru from right,,Right angle,Light truck utility(from 2018),Passenger van,2,0,0,0,1,7,July,Winter,Tuesday,08:00 - 09:59,AM peak / school commute,True,False,True,True
1357052,Injury,Moderate Injury,2024,2024,July,Saturday,10:00 - 11:59,GEORGE DOWNES,DR,0,Right on the spot,NUMBER 1960,HN,KULNURA,590.0,No,Not a school zone,2-way undivided,-33.157175,151.201671,Central Coast,Country non-urban,Syd-Newc-Woll Gtr conurbation,Curved,,,,Unknown / not stated,Sealed,Dry,Fine,Daylight,Nil,No traffic controls,100 km/h,Regional,81,Off left/rt bnd=>obj,803,Off right bend into obj,Left,Vehicle - Object,Motorcycle,,1,0,0,1,0,7,July,Winter,Saturday,10:00 - 11:59,Midday / afternoon,False,False,True,True
1357053,Injury,Minor/Other Injury,2024,2024,June,Thursday,22:00 - Midnight,OLD WINDSOR,RD,60,East,SEVEN HILLS ROAD,TO,BAULKHAM HILLS,635.0,No,Not a school zone,Other,-33.758406,150.955691,The Hills,Sydney metro. area,Syd-Newc-Woll Gtr conurbation,Curved,,,,Unknown / not stated,Sealed,Dry,Fine,Darkness,On,Ped crossing,80 km/h,State,30,Rear end,301,Same - Rear end,,Rear end,4 wheel drive / SUV,Car (sedan/hatch),2,0,0,0,1,6,June,Winter,Thursday,22:00 - Midnight,Evening / night,False,False,True,True
1357056,Injury,Minor/Other Injury,2024,2024,July,Wednesday,10:00 - 11:59,FALCON,ST,0,Right on the spot,MERLIN,ST,NEUTRAL BAY,164.0,No,Not a school zone,X-intersection,-33.829849,151.215219,North Sydney,Sydney metro. area,Syd-Newc-Woll Gtr conurbation,Curved,,,,Unknown / not stated,Sealed,Dry,Fine,Daylight,On,No traffic controls,60 km/h,State,37,Left turn sideswipe,309,Same - Left turn side swipe,,Other angle,4 wheel drive / SUV,Motorcycle,2,0,0,0,1,7,July,Winter,Wednesday,10:00 - 11:59,Midday / afternoon,False,False,True,True
1357057,Injury,Minor/Other Injury,2024,2024,July,Monday,16:00 - 17:59,TERRY,ST,0,Right on the spot,NUMBER 39,HN,ARNCLIFFE,,No,Not a school zone,2-way undivided,-33.943325,151.147323,Bayside,Sydney metro. area,Syd-Newc-Woll Gtr conurbation,Straight,,,,Unknown / not stated,Sealed,Wet,Raining,Daylight,Nil,No traffic controls,50 km/h,Local,39,Other same direction,300,Same - other,,Other angle,Light truck utility(from 2018),Motorcycle,2,0,0,0,1,7,July,Winter,Monday,16:00 - 17:59,PM peak / evening commute,True,False,True,True
1357061,Injury,Minor/Other Injury,2024,2024,July,Tuesday,06:00 - 07:59,GREAT WESTERN,HWY,0,Right on the spot,TOONGABBIE,RD,TOONGABBIE,5.0,No,Not a school zone,T-junction,-33.807161,150.933871,Cumberland,Sydney metro. area,Syd-Newc-Woll Gtr conurbation,Straight,,,,Unknown / not stated,Sealed,Dry,Fine,Daylight,On,No traffic controls,80 km/h,State,39,Other same direction,300,Same - other,,Other angle,Light truck utility(from 2018),Car (sedan/hatch),2,0,0,0,1,7,July,Winter,Tuesday,06:00 - 07:59,AM peak / school commute,True,False,True,True
1357062,Injury,Moderate Injury,2024,2024,July,Saturday,16:00 - 17:59,GREAT WESTERN,HWY,100,East,KALINDA,RD,BULLABURRA,5.0,No,Not a school zone,Divided road,-33.723145,150.418352,Blue Mountains,Country urban,Syd-Newc-Woll Gtr conurbation,Curved,,,,Unknown / not stated,Sealed,Dry,Fine,Daylight,Nil,No traffic controls,80 km/h,State,30,Rear end,301,Same - Rear end,,Rear end,Car (sedan/hatch),Car (sedan/hatch),4,0,0,1,0,7,July,Winter,Saturday,16:00 - 17:59,PM peak / evening commute,True,False,True,True
1357063,Injury,Moderate Injury,2024,2024,July,Tuesday,08:00 - 09:59,BATHURST,RD,0,Right on the spot,MCDONALD'S,ENT,ORANGE,705.0,Yes,No,2-way undivided,-33.292298,149.111927,Orange,Country urban,Rest of NSW - Urban,Straight,,,,Unknown / not stated,Sealed,Dry,Overcast,Daylight,Nil,No traffic controls,50 km/h,State,74,On road-out of cont.,705,Out of control on cway,,Rollover,Motorcycle,,1,0,0,1,0,7,July,Winter,Tuesday,08:00 - 09:59,AM peak / school commute,True,False,True,True
1357064,Injury,Minor/Other Injury,2024,2024,July,Wednesday,08:00 - 09:59,DARCY,RD,0,Right on the spot,RAILWAY,ST,WENTWORTHVILLE,7481.0,No,Not a school zone,Roundabout,-33.803555,150.974065,Parramatta,Sydney metro. area,Syd-Newc-Woll Gtr conurbation,Straight,,,,Unknown / not stated,Sealed,Dry,Fine,Daylight,Nil,Give way sign,50 km/h,Regional,0,Ped nearside,1,Ped - Near side,,Vehicle - Pedestrian,Car (sedan/hatch),Pedestrian,3,0,0,0,2,7,July,Winter,Wednesday,08:00 - 09:59,AM peak / school commute,True,False,True,True
1357065,Injury,Serious Injury,2024,2024,July,Friday,10:00 - 11:59,NEWCASTLE,EXP,600,North,PACIFIC HIGHWAY,OP,COWAN,6003.0,No,Not a school zone,Dual freeway,-33.601818,151.168152,Hornsby,Sydney metro. area,Syd-Newc-Woll Gtr conurbation,Straight,,,,Unknown / not stated,Sealed,Dry,Fine,Daylight,Nil,No traffic controls,110 km/h,State,73,Off rd rght => obj,704,Right off cway into obj,,Vehicle - Object,Car (sedan/hatch),,1,0,1,0,0,7,July,Winter,Friday,10:00 - 11:59,Midday / afternoon,False,False,True,True
1357067,Injury,Moderate Injury,2024,2024,June,Monday,12:00 - 13:59,PACIFIC,HWY,300,South,AWABAKAL,DR,NORDS WHARF,10.0,No,Not a school zone,Divided road,-33.145433,151.612235,Lake Macquarie,Newcastle met. area,Syd-Newc-Woll Gtr conurbation,Curved,,,,Unknown / not stated,Sealed,Dry,Fine,Daylight,Nil,No traffic controls,80 km/h,State,83,Off rt/rt bnd=>obj,803,Off right bend into obj,Right,Vehicle - Object,Car (sedan/hatch),,1,0,0,1,0,6,June,Winter,Monday,12:00 - 13:59,Midday / afternoon,False,False,True,True
1357068,Injury,Moderate Injury,2024,2024,July,Wednesday,14:00 - 15:59,PACIFIC,HWY,100,South,WILFRED,ST,BILLINUDGEL,10.0,No,Not a school zone,Divided road,-28.505092,153.530097,Byron,Country non-urban,Rest of NSW - Rural,Straight,,,,Unknown / not stated,Sealed,Dry,Fine,Daylight,Nil,No traffic controls,110 km/h,State,73,Off rd rght => obj,704,Right off cway into obj,,Vehicle - Object,4 wheel drive / SUV,,1,0,0,1,0,7,July,Winter,Wednesday,14:00 - 15:59,Midday / afternoon,False,False,True,True
1357069,Injury,Moderate Injury,2024,2024,July,Sunday,16:00 - 17:59,PACIFIC,HWY,3000,South,MORGANS,RD,BAR POINT,10.0,No,Not a school zone,2-way undivided,-33.482867,151.18531,Central Coast,Country urban,Syd-Newc-Woll Gtr conurbation,Curved,,,,Unknown / not stated,Sealed,Dry,Fine,Dusk,Nil,No traffic controls,60 km/h,State,30,Rear end,301,Same - Rear end,,Rear end,4 wheel drive / SUV,4 wheel drive / SUV,5,0,0,1,0,7,July,Winter,Sunday,16:00 - 17:59,PM peak / evening commute,True,False,True,True
1357070,Injury,Moderate Injury,2024,2024,July,Sunday,14:00 - 15:59,NEWCASTLE,EXP,3000,North,NORTHCONNEX TUNNEL,TO,ASQUITH,6003.0,No,Not a school zone,Dual freeway,-33.682929,151.12067,Hornsby,Sydney metro. area,Syd-Newc-Woll Gtr conurbation,Straight,Steep grade,,,Unknown / not stated,Sealed,Dry,Fine,Daylight,Nil,No traffic controls,110 km/h,State,30,Rear end,301,Same - Rear end,,Rear end,Station wagon,4 wheel drive / SUV,3,0,0,1,0,7,July,Winter,Sunday,14:00 - 15:59,Midday / afternoon,False,False,True,True
1357071,Injury,Minor/Other Injury,2024,2024,May,Thursday,18:00 - 19:59,ROBERTS,RD,0,Right on the spot,RAWSON,RD,GREENACRE,200.0,No,Not a school zone,T-junction,-33.903464,151.064374,Canterbury-Bankstown,Sydney metro. area,Syd-Newc-Woll Gtr conurbation,Straight,,,,Unknown / not stated,Sealed,Dry,Fine,Darkness,On,No traffic controls,70 km/h,State,30,Rear end,301,Same - Rear end,,Rear end,Light truck,Car (sedan/hatch),2,0,0,0,1,5,May,Autumn,Thursday,18:00 - 19:59,PM peak / evening commute,True,False,True,True
1357073,Injury,Moderate Injury,2024,2024,June,Saturday,06:00 - 07:59,EDGAR,ST,0,Right on the spot,NUMBER 264,HN,CONDELL PARK,7120.0,Yes,No,2-way undivided,-33.924646,151.012522,Canterbury-Bankstown,Sydney metro. area,Syd-Newc-Woll Gtr conurbation,Curved,,,,Unknown / not stated,Sealed,Dry,Fine,Dawn,Nil,No traffic controls,60 km/h,Regional,81,Off left/rt bnd=>obj,803,Off right bend into obj,Left,Other angle,Car (sedan/hatch),Car (sedan/hatch),4,0,0,1,0,6,June,Winter,Saturday,06:00 - 07:59,AM peak / school commute,True,False,True,True
1357074,Injury,Minor/Other Injury,2024,2024,July,Thursday,18:00 - 19:59,MURRINGO,RD,0,Right on the spot,LACHLAN VALLEY,WAY,BOOROWA,56.0,No,Not a school zone,T-junction,-34.426906,148.697564,Hilltops,Country non-urban,Rest of NSW - Rural,Straight,Ditch/drain/culvert,,,Unknown / not stated,Sealed,Dry,Fine,Darkness,Nil,Give way sign,100 km/h,State,85,Off rt/lft bnd=>obj,706,Left turn,Right,Vehicle - Object,Car (sedan/hatch),,1,0,0,0,1,7,July,Winter,Thursday,18:00 - 19:59,PM peak / evening commute,True,False,True,True
1357076,Injury,Minor/Other Injury,2024,2024,June,Thursday,14:00 - 15:59,CUMBERLAND,HWY,0,Right on the spot,VISCOUNT,PL,LIVERPOOL,13.0,No,Not a school zone,T-junction,-33.907865,150.918525,Liverpool,Sydney metro. area,Syd-Newc-Woll Gtr conurbation,Straight,,,,Unknown / not stated,Sealed,Dry,Fine,Daylight,On,No traffic controls,70 km/h,State,30,Rear end,301,Same - Rear end,,Rear end,Passenger van,Car (sedan/hatch),4,0,0,0,1,6,June,Winter,Thursday,14:00 - 15:59,Midday / afternoon,False,False,True,True
1357077,Injury,Moderate Injury,2024,2024,July,Wednesday,06:00 - 07:59,DERBY,ST,0,Right on the spot,NUMBER 20,HN,KINGSWOOD,,No,Not a school zone,2-way undivided,-33.76209,150.717274,Penrith,Sydney metro. area,Syd-Newc-Woll Gtr conurbation,Straight,Driveway/entrance,,,Unknown / not stated,Sealed,Dry,Fine,Daylight,Nil,No traffic controls,50 km/h,Local,47,Emerging from drive,406,Manov - Emerging from driveway,,Right angle,Car (sedan/hatch),Car (sedan/hatch),2,0,0,1,0,7,July,Winter,Wednesday,06:00 - 07:59,AM peak / school commute,True,False,True,True
1357079,Injury,Minor/Other Injury,2024,2024,July,Wednesday,06:00 - 07:59,BARKER,ST,25,East,ANZAC,PDE,KINGSFORD,,No,Not a school zone,2-way undivided,-33.919471,151.226802,Randwick,Sydney metro. area,Syd-Newc-Woll Gtr conurbation,Straight,,,,Unknown / not stated,Sealed,Dry,Fine,Daylight,Nil,No traffic controls,50 km/h,Local,33,Lane sideswipe,305,Same - Lane side swipe,,Other angle,Light truck utility(from 2018),Car (sedan/hatch),2,0,0,0,1,7,July,Winter,Wednesday,06:00 - 07:59,AM peak / school commute,True,False,True,True
1357083,Injury,Moderate Injury,2024,2024,July,Tuesday,18:00 - 19:59,KELLY,ST,0,Right on the spot,MOUNTAIN,ST,ULTIMO,,Yes,No,X-intersection,-33.881709,151.196034,Sydney,Sydney metro. area,Syd-Newc-Woll Gtr conurbation,Straight,,,,Unknown / not stated,Sealed,Dry,Fine,Darkness,Nil,Stop sign,40 km/h,Local,16,Left near,107,Adj - Left-thru from right,,Right angle,Car (sedan/hatch),Pedal cycle,2,0,0,1,0,7,July,Winter,Tuesday,18:00 - 19:59,PM peak / evening commute,True,False,True,True
1357086,Injury,Moderate Injury,2024,2024,July,Thursday,12:00 - 13:59,FIVE ISLANDS,RD,0,Right on the spot,SOUTHERN,EXP,UNANDERRA,295.0,No,Not a school zone,T-junction,-34.455548,150.858634,Wollongong,Wollongong met. area,Syd-Newc-Woll Gtr conurbation,Straight,,,,Off,Sealed,Dry,Fine,Daylight,On,No traffic controls,80 km/h,State,21,Right through,202,Opp - Right-thru,,Other angle,Station wagon,Car (sedan/hatch),2,0,0,1,0,7,July,Winter,Thursday,12:00 - 13:59,Midday / afternoon,False,False,True,True