crash_id,degree_of_crash,degree_of_crash_-_detailed,reporting_year,year_of_crash,month_of_crash,day_of_week_of_crash,two-hour_intervals,street_of_crash,street_type,distance,direction,identifying_feature,identifying_feature_type,town,route_no.,school_zone_location,school_zone_active,type_of_location,latitude,longitude,lga,urbanisation,conurbation_1,alignment,primary_permanent_feature,primary_temporary_feature,primary_hazardous_feature,street_lighting,road_surface,surface_condition,weather,natural_lighting,signals_operation,other_traffic_control,speed_limit,road_classification_(admin),rum_-_code,rum_-_description,dca_-_code,dca_-_description,dca_supplement,first_impact_type,key_tu_type,other_tu_type,no._of_traffic_units_involved,no._killed,no._seriously_injured,no._moderately_injured,no._minor-other_injured,month_num,month_label,season,day_label,time_label,time_band,is_peak_commute,is_fatal,is_injury,is_casualty
1357087,Injury,Minor/Other Injury,2024,2024,May,Monday,12:00 - 13:59,THYRA,RD,100,South,BORELLA,RD,THYRA,,No,Not a school zone,2-way undivided,-35.833403,144.716818,Murray River,Country non-urban,Rest of NSW - Rural,Curved,,,,Unknown / not stated,Sealed,Dry,Fine,Daylight,Nil,No traffic controls,100 km/h,Local,80,Off left/right bend,801,Off cway right bend,Left,Rollover,B-double (road train prior 98),,1,0,0,0,1,5,May,Autumn,Monday,12:00 - 13:59,Midday / afternoon,False,False,True,True
1357089,Injury,Moderate Injury,2024,2024,July,Tuesday,04:00 - 05:59,MENANGLE,RD,0,Right on the spot,NUMBER 53,HN,CAMDEN,,No,Not a school zone,2-way undivided,-34.061832,150.694784,Camden,Sydney metro. area,Syd-Newc-Woll Gtr conurbation,Straight,,,,On,Sealed,Wet,Raining,Darkness,Nil,No traffic controls,50 km/h,Local,71,Off rd left => obj,703,Left off cway into object,,Vehicle - Object,4 wheel drive / SUV,,1,0,0,1,0,7,July,Winter,Tuesday,04:00 - 05:59,Late night / early morning,False,False,True,True
1357091,Injury,Moderate Injury,2024,2024,June,Thursday,06:00 - 07:59,THE RIDGEWAY,MS,600,East,TAPLEY,RD,LISAROW,,No,Not a school zone,2-way undivided,-33.391981,151.392849,Central Coast,Country urban,Syd-Newc-Woll Gtr conurbation,Curved,Embankment/cutting,,,Unknown / not stated,Sealed,Wet,Overcast,Daylight,Nil,No traffic controls,60 km/h,Local,81,Off left/rt bnd=>obj,803,Off right bend into obj,Left,Vehicle - Object,4 wheel drive / SUV,,1,0,0,1,0,6,June,Winter,Thursday,06:00 - 07:59,AM peak / school commute,True,False,True,True
1357096,Injury,Moderate Injury,2024,2024,May,Saturday,14:00 - 15:59,GOLDEN,HWY,0,Right on the spot,FITZROY,ST,DUBBO,27.0,No,Not a school zone,Roundabout,-32.244317,148.614382,Dubbo Regional,Country urban,Rest of NSW - Urban,Straight,,,,Unknown / not stated,Sealed,Dry,Fine,Daylight,Nil,Give way sign,60 km/h,State,10,Cross traffic,101,Adj - Cross traffic,,Right angle,Car (sedan/hatch),4 wheel drive / SUV,2,0,0,1,0,5,May,Autumn,Saturday,14:00 - 15:59,Midday / afternoon,False,False,True,True
1357097,Injury,Minor/Other Injury,2024,2024,July,Saturday,10:00 - 11:59,WESTERN,EXP,100,West,GREAT WESTERN HIGHWAY,TO,HOLROYD,6004.0,No,Not a school zone,Dual freeway,-33.827818,150.999631,Parramatta,Sydney metro. area,Syd-Newc-Woll Gtr conurbation,Curved,,,,Unknown / not stated,Sealed,Dry,Fine,Daylight,Nil,No traffic controls,90 km/h,State,30,Rear end,301,Same - Rear end,,Rear end,Light truck utility(from 2018),4 wheel drive / SUV,2,0,0,0,1,7,July,Winter,Saturday,10:00 - 11:59,Midday / afternoon,False,False,True,True
1357099,Injury,Moderate Injury,2024,2024,April,Thursday,14:00 - 15:59,CASTLEREAGH,HWY,6000,West,CAPERTEE,TN,CAPERTEE,18.0,No,Not a school zone,2-way undivided,-33.099646,149.958077,Lithgow,Country non-urban,Rest of NSW - Rural,Curved,Embankment/cutting,,,Unknown / not stated,Sealed,Wet,Raining,Daylight,Nil,No traffic controls,100 km/h,State,82,Off right/right bend,801,Off cway right bend,Right,Rollover,Light truck utility(from 2018),,1,0,0,1,0,4,April,Autumn,Thursday,14:00 - 15:59,Midday / afternoon,False,False,True,True
1357101,Injury,Minor/Other Injury,2024,2024,June,Saturday,10:00 - 11:59,MUTTON FALLS,RD,0,Right on the spot,NUMBER 1747,HN,O'CONNELL,,No,Not a school zone,2-way undivided,-33.545331,149.742342,Oberon,Country urban,Rest of NSW - Urban,Straight,,,,Unknown / not stated,Unsealed,Dry,Fine,Daylight,Nil,No traffic controls,80 km/h,Local,74,On road-out of cont.,705,Out of control on cway,,Rollover,MC & sidecar,,1,0,0,0,1,6,June,Winter,Saturday,10:00 - 11:59,Midday / afternoon,False,False,True,True
1357104,Injury,Moderate Injury,2024,2024,July,Wednesday,14:00 - 15:59,NEWCASTLE,EXP,100,North,PACIFIC HIGHWAY,OP,COWAN,6003.0,No,Not a school zone,Dual freeway,-33.605379,151.164258,Hornsby,Sydney metro. area,Syd-Newc-Woll Gtr conurbation,Curved,,,,Off,Sealed,Dry,Fine,Daylight,Nil,No traffic controls,110 km/h,State,30,Rear end,301,Same - Rear end,,Rear end,Light truck,Car (sedan/hatch),2,0,0,1,0,7,July,Winter,Wednesday,14:00 - 15:59,Midday / afternoon,False,False,True,True
1357105,Injury,Minor/Other Injury,2024,2024,July,Monday,06:00 - 07:59,GREAT WESTERN,HWY,10,West,SAN JOSE,AVE,LAWSON,5.0,No,Not a school zone,T-junction,-33.718613,150.43139,Blue Mountains,Country urban,Syd-Newc-Woll Gtr conurbation,Curved,,,,Unknown / not stated,Sealed,Dry,Fine,Daylight,On,No traffic controls,70 km/h,State,30,Rear end,301,Same - Rear end,,Rear end,4 wheel drive / SUV,4 wheel drive / SUV,3,0,0,0,1,7,July,Winter,Monday,06:00 - 07:59,AM peak / school commute,True,False,True,True
1357107,Injury,Moderate Injury,2024,2024,March,Sunday,12:00 - 13:59,MOUNT VIEW,RD,0,Right on the spot,NUMBER 1233,HN,MOUNT VIEW,,No,Not a school zone,2-way undivided,-32.857273,151.25509,Cessnock,Country non-urban,Rest of NSW - Rural,Curved,Steep grade,,,Unknown / not stated,Unsealed,Dry,Overcast,Daylight,Nil,No traffic controls,100 km/h,Local,20,Head on,201,Opp - Head on,,Head-on,Car (sedan/hatch),Car (sedan/hatch),2,0,0,1,0,3,March,Autumn,Sunday,12:00 - 13:59,Midday / afternoon,False,False,True,True
1357111,Injury,Minor/Other Injury,2024,2024,July,Friday,14:00 - 15:59,HARDY,ST,0,Right on the spot,LIVERPOOL,ST,DOVER HEIGHTS,,No,Not a school zone,X-intersection,-33.875973,151.277981,Waverley,Sydney metro. area,Syd-Newc-Woll Gtr conurbation,Straight,Steep grade,,,Unknown / not stated,Sealed,Dry,Fine,Daylight,Nil,Stop sign,50 km/h,Local,21,Right through,202,Opp - Right-thru,,Other angle,4 wheel drive / SUV,Car (sedan/hatch),2,0,0,0,1,7,July,Winter,Friday,14:00 - 15:59,Midday / afternoon,False,False,True,True
1357114,Injury,Serious Injury,2024,2024,June,Sunday,06:00 - 07:59,PENTECOST,AVE,10,East,MOORINA,RD,PYMBLE,,No,Not a school zone,T-junction,-33.73225,151.151781,Ku-ring-gai,Sydney metro. area,Syd-Newc-Woll Gtr conurbation,Curved,Painted double centre lines,,,Unknown / not stated,Sealed,Wet,Raining,Daylight,Nil,No traffic controls,50 km/h,Local,83,Off rt/rt bnd=>obj,803,Off right bend into obj,Right,Other angle,Car (sedan/hatch),Car (sedan/hatch),2,0,1,0,0,6,June,Winter,Sunday,06:00 - 07:59,AM peak / school commute,True,False,True,True
1357118,Injury,Moderate Injury,2024,2024,July,Tuesday,06:00 - 07:59,ELIZABETH,DR,250,East,DEVONSHIRE,RD,KEMPS CREEK,535.0,No,Not a school zone,2-way undivided,-33.880834,150.795457,Liverpool,Sydney metro. area,Syd-Newc-Woll Gtr conurbation,Straight,,,,Unknown / not stated,Sealed,Dry,Fine,Daylight,Nil,No traffic controls,60 km/h,State,30,Rear end,301,Same - Rear end,,Rear end,Large rigid,Car (sedan/hatch),3,0,0,1,0,7,July,Winter,Tuesday,06:00 - 07:59,AM peak / school commute,True,False,True,True
1357120,Injury,Moderate Injury,2024,2024,June,Saturday,16:00 - 17:59,TAREN POINT,RD,0,Right on the spot,THE BOULEVARDE,MS,CARINGBAH,199.0,Yes,No,X-intersection,-34.031914,151.119298,Sutherland,Sydney metro. area,Syd-Newc-Woll Gtr conurbation,Straight,,,,Unknown / not stated,Sealed,Wet,Raining,Daylight,On,No traffic controls,70 km/h,State,21,Right through,202,Opp - Right-thru,,Other angle,Car (sedan/hatch),4 wheel drive / SUV,2,0,0,1,0,6,June,Winter,Saturday,16:00 - 17:59,PM peak / evening commute,True,False,True,True
1357121,Injury,Minor/Other Injury,2024,2024,June,Wednesday,12:00 - 13:59,HUME,HWY,0,Right on the spot,WOODVILLE ROAD,TO,VILLAWOOD,2.0,No,Not a school zone,Divided road,-33.889857,150.974008,Canterbury-Bankstown,Sydney metro. area,Syd-Newc-Woll Gtr conurbation,Straight,,,,Unknown / not stated,Sealed,Dry,Fine,Daylight,Nil,No traffic controls,70 km/h,State,30,Rear end,301,Same - Rear end,,Rear end,4 wheel drive / SUV,Car (sedan/hatch),2,0,0,0,2,6,June,Winter,Wednesday,12:00 - 13:59,Midday / afternoon,False,False,True,True
1357125,Injury,Minor/Other Injury,2024,2024,June,Sunday,20:00 - 21:59,GREAT WESTERN,HWY,0,Right on the spot,NUBMBER 49-51,HN,LIDCOMBE,5.0,No,Not a school zone,Divided road,-33.846567,151.044949,Cumberland,Sydney metro. area,Syd-Newc-Woll Gtr conurbation,Straight,,,,Unknown / not stated,Sealed,Dry,Fine,Darkness,Nil,No traffic controls,60 km/h,State,30,Rear end,301,Same - Rear end,,Rear end,Passenger van,Car (sedan/hatch),2,0,0,0,1,6,June,Winter,Sunday,20:00 - 21:59,Evening / night,False,False,True,True
1357126,Injury,Minor/Other Injury,2024,2024,June,Wednesday,16:00 - 17:59,FERRERS,RD,0,Right on the spot,NUMBER 53,HN,HORSLEY PARK,7153.0,No,Not a school zone,2-way undivided,-33.842125,150.87029,Fairfield,Sydney metro. area,Syd-Newc-Woll Gtr conurbation,Straight,,,,Unknown / not stated,Sealed,Dry,Fine,Daylight,Nil,No traffic controls,60 km/h,Regional,30,Rear end,301,Same - Rear end,,Rear end,Car (sedan/hatch),4 wheel drive / SUV,2,0,0,0,1,6,June,Winter,Wednesday,16:00 - 17:59,PM peak / evening commute,True,False,True,True
1357131,Injury,Moderate Injury,2024,2024,May,Thursday,12:00 - 13:59,HARTLEY,RD,285,North,NARELLAN,RD,SMEATON GRANGE,,No,Not a school zone,Divided road,-34.045624,150.76302,Camden,Sydney metro. area,Syd-Newc-Woll Gtr conurbation,Straight,,,,Off,Sealed,Dry,Fine,Daylight,Nil,No traffic controls,60 km/h,Local,71,Off rd left => obj,703,Left off cway into object,,Vehicle - Object,4 wheel drive / SUV,,1,0,0,1,0,5,May,Autumn,Thursday,12:00 - 13:59,Midday / afternoon,False,False,True,True
1357132,Injury,Minor/Other Injury,2024,2024,June,Tuesday,16:00 - 17:59,M2 HILLS,EXP,200,East,CUMBERLAND HIGHWAY,OP,BEECROFT,6002.0,No,Not a school zone,Dual freeway,-33.758531,151.051254,Parramatta,Sydney metro. area,Syd-Newc-Woll Gtr conurbation,Straight,,,,Unknown / not stated,Sealed,Dry,Fine,Daylight,Nil,No traffic controls,100 km/h,State,30,Rear end,301,Same - Rear end,,Rear end,4 wheel drive / SUV,4 wheel drive / SUV,2,0,0,0,1,6,June,Winter,Tuesday,16:00 - 17:59,PM peak / evening commute,True,False,True,True
1357134,Injury,Minor/Other Injury,2024,2024,July,Wednesday,14:00 - 15:59,SOUTH,TCE,0,Right on the spot,NUMBER 56,HN,PUNCHBOWL,,No,Not a school zone,2-way undivided,-33.923673,151.05103,Canterbury-Bankstown,Sydney metro. area,Syd-Newc-Woll Gtr conurbation,Straight,,,,Unknown / not stated,Sealed,Dry,Fine,Daylight,Nil,No traffic controls,60 km/h,Local,49,Other manoeuvring,400,Manov - other,,Other angle,Car (sedan/hatch),Car (sedan/hatch),2,0,0,0,1,7,July,Winter,Wednesday,14:00 - 15:59,Midday / afternoon,False,False,True,True
1357137,Injury,Minor/Other Injury,2024,2024,June,Wednesday,16:00 - 17:59,BOSWORTH,RD,0,Right on the spot,SOLITARY ISLANDS,WAY,WOOLGOOLGA,,No,Not a school zone,X-intersection,-30.124779,153.191235,Coffs Harbour,Country urban,Rest of NSW - Urban,Curved,,,,Unknown / not stated,Sealed,Dry,Fine,Daylight,Nil,Give way sign,60 km/h,Local,49,Other manoeuvring,400,Manov - other,,Other angle,4 wheel drive / SUV,Light truck,2,0,0,0,1,6,June,Winter,Wednesday,16:00 - 17:59,PM peak / evening commute,True,False,True,True
1357140,Injury,Minor/Other Injury,2024,2024,July,Wednesday,08:00 - 09:59,GREAT WESTERN,HWY,75,East,WOODVILLE,RD,GRANVILLE,5.0,No,Not a school zone,Divided road,-33.827878,151.005572,Parramatta,Sydney metro. area,Syd-Newc-Woll Gtr conurbation,Straight,,,,Unknown / not stated,Sealed,Dry,Fine,Daylight,Nil,No traffic controls,60 km/h,State,49,Other manoeuvring,400,Manov - other,,Other angle,Car (sedan/hatch),4 wheel drive / SUV,2,0,0,0,1,7,July,Winter,Wednesday,08:00 - 09:59,AM peak / school commute,True,False,True,True
1357144,Injury,Serious Injury,2024,2024,June,Friday,12:00 - 13:59,CAMPBELL,PDE,0,Right on the spot,HALL,ST,BONDI BEACH,,No,Not a school zone,T-junction,-33.891286,151.273981,Waverley,Sydney metro. area,Syd-Newc-Woll Gtr conurbation,Straight,,,,Unknown / not stated,Sealed,Dry,Fine,Daylight,Off,Ped crossing,40 km/h,Local,0,Ped nearside,1,Ped - Near side,,Vehicle - Pedestrian,4 wheel drive / SUV,Pedestrian,2,0,1,0,0,6,June,Winter,Friday,12:00 - 13:59,Midday / afternoon,False,False,True,True
1357146,Injury,Minor/Other Injury,2024,2024,July,Monday,06:00 - 07:59,GREAT WESTERN,HWY,15,West,SAN JOSE,AVE,LAWSON,5.0,No,Not a school zone,Divided road,-33.71863,150.43134,Blue Mountains,Country urban,Syd-Newc-Woll Gtr conurbation,Curved,,,,Unknown / not stated,Sealed,Dry,Fine,Daylight,Nil,No traffic controls,70 km/h,State,62,Accident,603,On path - Previous accident,,Other angle,Car (sedan/hatch),4 wheel drive / SUV,2,0,0,0,1,7,July,Winter,Monday,06:00 - 07:59,AM peak / school commute,True,False,True,True
1357147,Injury,Moderate Injury,2024,2024,July,Thursday,22:00 - Midnight,KING,ST,0,Right on the spot,CLARENCE,ST,SYDNEY,7308.0,No,Not a school zone,X-intersection,-33.86874,151.205277,Sydney,Sydney metro. area,Syd-Newc-Woll Gtr conurbation,Straight,,,,Unknown / not stated,Sealed,Dry,Fine,Darkness,Unknown / not stated,No traffic controls,40 km/h,Regional,30,Rear end,301,Same - Rear end,,Rear end,Car (sedan/hatch),Car (sedan/hatch),2,0,0,1,0,7,July,Winter,Thursday,22:00 - Midnight,Evening / night,False,False,True,True
1357153,Injury,Moderate Injury,2024,2024,July,Tuesday,08:00 - 09:59,CUMBERLAND,HWY,0,Right on the spot,ROBERT,ST,SMITHFIELD,13.0,No,Not a school zone,T-junction,-33.850884,150.943928,Fairfield,Sydney metro. area,Syd-Newc-Woll Gtr conurbation,Straight,,,,Unknown / not stated,Sealed,Dry,Fine,Daylight,Nil,No traffic controls,70 km/h,State,31,Left rear,302,Same - Rear left,,Rear end,Light truck utility(from 2018),Car (sedan/hatch),2,0,0,1,0,7,July,Winter,Tuesday,08:00 - 09:59,AM peak / school commute,True,False,True,True
1357155,Injury,Minor/Other Injury,2024,2024,July,Tuesday,12:00 - 13:59,AIRDS,RD,0,Right on the spot,HUNTSMORE,RD,MINTO,,No,Not a school zone,X-intersection,-34.035907,150.83579,Campbelltown,Sydney metro. area,Syd-Newc-Woll Gtr conurbation,Straight,,,,Unknown / not stated,Sealed,Dry,Fine,Daylight,Nil,Give way sign,60 km/h,Local,10,Cross traffic,101,Adj - Cross traffic,,Right angle,Light truck,Light truck utility(from 2018),2,0,0,0,1,7,July,Winter,Tuesday,12:00 - 13:59,Midday / afternoon,False,False,True,True
1357166,Injury,Serious Injury,2024,2024,April,Sunday,12:00 - 13:59,OXLEY,HWY,4260,West,MOUNT SEAVIEW,RD,MOUNT SEAVIEW,11.0,No,Not a school zone,2-way undivided,-31.408372,152.231589,Port Macquarie-Hastings,Country urban,Rest of NSW - Urban,Curved,Painted double centre lines,,,Nil,Sealed,Dry,Fine,Daylight,Nil,No traffic controls,80 km/h,State,20,Head on,201,Opp - Head on,,Head-on,Motorcycle,Motorcycle,3,0,2,0,1,4,April,Autumn,Sunday,12:00 - 13:59,Midday / afternoon,False,False,True,True
1357169,Injury,Serious Injury,2024,2024,July,Wednesday,16:00 - 17:59,HUME,HWY,900,South,SYLVIAS GAP,RD,TUMBLONG,2.0,No,Not a school zone,Divided road,-35.14382,147.983244,Cootamundra-Gundagai,Country non-urban,Rest of NSW - Rural,Straight,,,,Nil,Sealed,Dry,Fine,Daylight,Nil,No traffic controls,110 km/h,State,71,Off rd left => obj,703,Left off cway into object,,Vehicle - Object,Light truck,,1,0,1,0,0,7,July,Winter,Wednesday,16:00 - 17:59,PM peak / evening commute,True,False,True,True
1357170,Injury,Moderate Injury,2024,2024,May,Tuesday,16:00 - 17:59,PRINCES,HWY,0,Right on the spot,BARWON PARK,RD,ST PETERS,1.0,No,Not a school zone,T-junction,-33.909337,151.181023,Inner West,Sydney metro. area,Syd-Newc-Woll Gtr conurbation,Straight,,,,On,Sealed,Wet,Fine,Dusk,Nil,Give way sign,60 km/h,State,40,U turn,304,Same - U-turn,,Other angle,Car (sedan/hatch),Car (sedan/hatch),2,0,0,1,0,5,May,Autumn,Tuesday,16:00 - 17:59,PM peak / evening commute,True,False,True,True
1357174,Injury,Serious Injury,2024,2024,June,Wednesday,12:00 - 13:59,CUMBERLAND,HWY,0,Right on the spot,WESTERN,EXP,GREYSTANES,13.0,No,Not a school zone,T-junction,-33.816417,150.963069,Cumberland,Sydney metro. area,Syd-Newc-Woll Gtr conurbation,Straight,Other bridge,,,Off,Sealed,Dry,Fine,Daylight,On,No traffic controls,70 km/h,State,21,Right through,202,Opp - Right-thru,,Other angle,Car (sedan/hatch),4 wheel drive / SUV,2,0,1,0,1,6,June,Winter,Wednesday,12:00 - 13:59,Midday / afternoon,False,False,True,True
1357175,Injury,Moderate Injury,2024,2024,May,Friday,06:00 - 07:59,DRIVER,AVE,500,South,MOOR PARK,RD,MOORE PARK,,No,Not a school zone,2-way undivided,-33.891149,151.223466,Sydney,Sydney metro. area,Syd-Newc-Woll Gtr conurbation,Straight,,,,Nil,Sealed,Dry,Fine,Daylight,Nil,No traffic controls,40 km/h,Local,42,Leaving parking,401,Manov - Leaving parking,,Other angle,Unknown motor vehicle,Pedal cycle,2,0,0,1,0,5,May,Autumn,Friday,06:00 - 07:59,AM peak / school commute,True,False,True,True
1357178,Injury,Serious Injury,2024,2024,May,Thursday,14:00 - 15:59,WICKS,RD,0,Right on the spot,MORSHEAD,ST,NORTH RYDE,2058.0,No,Not a school zone,T-junction,-33.793415,151.127998,Ryde,Sydney metro. area,Syd-Newc-Woll Gtr conurbation,Straight,,,,Off,Sealed,Dry,Fine,Daylight,Nil,No traffic controls,60 km/h,Regional,32,Right rear,303,Same - Rear right,,Rear end,Motor scooter,4 wheel drive / SUV,2,0,1,0,0,5,May,Autumn,Thursday,14:00 - 15:59,Midday / afternoon,False,False,True,True
1357181,Injury,Serious Injury,2024,2024,March,Saturday,00:01 - 01:59,PUTTY VALLEY,RD,10500,West,PUTTY,RD,PUTTY,,No,Not a school zone,2-way undivided,-32.918326,150.635964,Singleton,Country non-urban,Rest of NSW - Rural,Curved,,,,Nil,Sealed,Dry,Fine,Darkness,Nil,No traffic controls,100 km/h,Local,88,Out of cont on bend,805,Out of control on bend,,Rollover,Unknown type,,1,0,3,1,0,3,March,Autumn,Saturday,00:01 - 01:59,Late night / early morning,False,False,True,True
1357182,Injury,Moderate Injury,2024,2024,May,Friday,18:00 - 19:59,ALBERT,AVE,30,West,ORCHARD,RD,CHATSWOOD,7489.0,No,Not a school zone,2-way undivided,-33.79846,151.181705,Willoughby,Sydney metro. area,Syd-Newc-Woll Gtr conurbation,Straight,,,,On,Sealed,Dry,Fine,Darkness,Nil,No traffic controls,40 km/h,Regional,2,Ped far side,3,Ped - Far side,,Vehicle - Pedestrian,Car (sedan/hatch),Pedestrian,2,0,0,1,0,5,May,Autumn,Friday,18:00 - 19:59,PM peak / evening commute,True,False,True,True
1357183,Injury,Serious Injury,2024,2024,May,Monday,16:00 - 17:59,BRUXNER,HWY,150,East,WAREDELL ROAD,OP,ALSTONVILLE,16.0,No,Not a school zone,2-way undivided,-28.847446,153.43983,Ballina,Country non-urban,Rest of NSW - Rural,Straight,,,,Nil,Sealed,Dry,Fine,Darkness,Nil,No traffic controls,100 km/h,State,40,U turn,304,Same - U-turn,,Other angle,Car (sedan/hatch),Car (sedan/hatch),2,0,2,0,0,5,May,Autumn,Monday,16:00 - 17:59,PM peak / evening commute,True,False,True,True
1357184,Injury,Serious Injury,2024,2024,April,Monday,14:00 - 15:59,MANSON,RD,0,Right on the spot,NUMBER 9,HN,STRATHFIELD,,No,Not a school zone,2-way undivided,-33.869102,151.09321,Canada Bay,Sydney metro. area,Syd-Newc-Woll Gtr conurbation,Straight,,,,Off,Sealed,Dry,Fine,Daylight,Nil,No traffic controls,50 km/h,Local,40,U turn,207,Opp - U-turn,,Other angle,4 wheel drive / SUV,Motor scooter,2,0,1,0,0,4,April,Autumn,Monday,14:00 - 15:59,Midday / afternoon,False,False,True,True
1357185,Injury,Minor/Other Injury,2024,2024,May,Wednesday,08:00 - 09:59,JAMISON,RD,15,West,EVAN,ST,SOUTH PENRITH,7290.0,Yes,No,2-way undivided,-33.76273,150.69951,Penrith,Sydney metro. area,Syd-Newc-Woll Gtr conurbation,Straight,,,,Off,Sealed,Dry,Fine,Daylight,On,Ped crossing,60 km/h,Regional,35,Lane change left,307,Same - Lane change left,,Other angle,Car (sedan/hatch),Unknown motor vehicle,3,0,0,0,1,5,May,Autumn,Wednesday,08:00 - 09:59,AM peak / school commute,True,False,True,True
1357188,Injury,Moderate Injury,2024,2024,July,Tuesday,12:00 - 13:59,PRINCES,HWY,0,Right on the spot,NORTHCLIFFE,DR,KEMBLA GRANGE,1.0,No,Not a school zone,T-junction,-34.468482,150.826679,Wollongong,Wollongong met. area,Syd-Newc-Woll Gtr conurbation,Straight,,,,Off,Sealed,Dry,Fine,Daylight,On,No traffic controls,70 km/h,Regional,73,Off rd rght => obj,704,Right off cway into obj,,Vehicle - Object,4 wheel drive / SUV,,1,0,0,1,0,7,July,Winter,Tuesday,12:00 - 13:59,Midday / afternoon,False,False,True,True
1357191,Injury,Serious Injury,2024,2024,April,Tuesday,10:00 - 11:59,WOODVILLE,RD,0,Right on the spot,GUILDFORD,RD,GUILDFORD,640.0,No,Not a school zone,X-intersection,-33.85575,150.995008,Cumberland,Sydney metro. area,Syd-Newc-Woll Gtr conurbation,Straight,,,,Off,Sealed,Wet,Overcast,Daylight,On,No traffic controls,70 km/h,State,30,Rear end,301,Same - Rear end,,Rear end,Car (sedan/hatch),4 wheel drive / SUV,2,0,1,1,0,4,April,Autumn,Tuesday,10:00 - 11:59,Midday / afternoon,False,False,True,True
1357192,Injury,Moderate Injury,2024,2024,July,Saturday,16:00 - 17:59,SKI TUBE,WAY,100,North,ALPINE,WAY,BULLOCKS FLAT,,No,Not a school zone,2-way undivided,-36.447819,148.441639,Snowy Monaro Regional,Country urban,Rest of NSW - Urban,Curved,Embankment/cutting,,,On,Sealed,Dry,Fine,Darkness,Nil,No traffic controls,60 km/h,Local,87,Off lft/lft bnd=>obj,804,Off left bend into obj,Left,Vehicle - Object,Station wagon,,1,0,0,1,0,7,July,Winter,Saturday,16:00 - 17:59,PM peak / evening commute,True,False,True,True
1357193,Injury,Moderate Injury,2024,2024,April,Thursday,16:00 - 17:59,NEWELL,HWY,1600,North,MURRUMBILLA,LANE,NARRABRI,17.0,No,Not a school zone,2-way undivided,-30.209802,149.812891,Narrabri,Country non-urban,Rest of NSW - Rural,Straight,Other bridge,,,Nil,Sealed,Dry,Overcast,Daylight,Nil,No traffic controls,110 km/h,State,30,Rear end,301,Same - Rear end,,Rear end,B-double (road train prior 98),B-double (road train prior 98),2,0,0,1,0,4,April,Autumn,Thursday,16:00 - 17:59,PM peak / evening commute,True,False,True,True
1357195,Injury,Serious Injury,2024,2024,May,Saturday,12:00 - 13:59,WILANGEE,RD,82000,North,SILVERTON,TN,BROUGHAMS GATE,,No,Not a school zone,2-way undivided,-31.261328,141.238038,Unincorporated,Country urban,Rest of NSW - Urban,Curved,Crest,,Potholes/corrugations/rough,Nil,Unsealed,Dry,Fine,Daylight,Nil,No traffic controls,80 km/h,Local,88,Out of cont on bend,805,Out of control on bend,,Rollover,4 wheel drive / SUV,,1,0,2,0,0,5,May,Autumn,Saturday,12:00 - 13:59,Midday / afternoon,False,False,True,True
1357196,Injury,Minor/Other Injury,2024,2024,April,Wednesday,06:00 - 07:59,OLD NORTHERN,RD,100,North,GILBERT,RD,GLENHAVEN,160.0,No,Not a school zone,Divided road,-33.713923,151.015521,Hornsby,Sydney metro. area,Syd-Newc-Woll Gtr conurbation,Straight,,,,Nil,Sealed,Dry,Fine,Daylight,Nil,No traffic controls,60 km/h,State,30,Rear end,301,Same - Rear end,,Rear end,Car (sedan/hatch),4 wheel drive / SUV,3,0,0,0,2,4,April,Autumn,Wednesday,06:00 - 07:59,AM peak / school commute,True,False,True,True
1357197,Injury,Minor/Other Injury,2024,2024,June,Friday,12:00 - 13:59,TALBRAGAR,ST,50,East,GIPPS,ST,DUBBO,,No,Not a school zone,2-way undivided,-32.246248,148.612019,Dubbo Regional,Country urban,Rest of NSW - Urban,Straight,Driveway/entrance,,,Nil,Sealed,Dry,Fine,Daylight,Nil,No traffic controls,50 km/h,Local,32,Right rear,303,Same - Rear right,,Rear end,Car (sedan/hatch),4 wheel drive / SUV,2,0,0,0,1,6,June,Winter,Friday,12:00 - 13:59,Midday / afternoon,False,False,True,True
1357198,Injury,Serious Injury,2024,2024,July,Thursday,16:00 - 17:59,PRINCES,HWY,0,Right on the spot,ROCKDALE,ST,BANKSIA,1.0,No,Not a school zone,T-junction,-33.947396,151.140402,Bayside,Sydney metro. area,Syd-Newc-Woll Gtr conurbation,Straight,,,,Off,Sealed,Dry,Fine,Dusk,Nil,No traffic controls,60 km/h,State,13,Right near,104,Adj - Right-thru from right,,Right angle,Car (sedan/hatch),Light truck utility(from 2018),2,0,1,1,0,7,July,Winter,Thursday,16:00 - 17:59,PM peak / evening commute,True,False,True,True
1357200,Injury,Serious Injury,2024,2024,July,Saturday,02:00 - 03:59,DEVONSHIRE,RD,0,Right on the spot,NUMBER 340,HN,KEMPS CREEK,7261.0,No,Not a school zone,2-way undivided,-33.907499,150.787596,Liverpool,Sydney metro. area,Syd-Newc-Woll Gtr conurbation,Straight,Steep grade,,,Nil,Sealed,Dry,Fine,Darkness,Nil,No traffic controls,70 km/h,Regional,71,Off rd left => obj,703,Left off cway into object,,Other angle,Car (sedan/hatch),4 wheel drive / SUV,2,0,1,0,0,7,July,Winter,Saturday,02:00 - 03:59,Late night / early morning,False,False,True,True
1357201,Injury,Moderate Injury,2024,2024,June,Tuesday,18:00 - 19:59,RAGLAN,ST,0,Right on the spot,NUMBER 189,HN,MOSMAN,,No,Not a school zone,2-way undivided,-33.82948,151.247502,Mosman,Sydney metro. area,Syd-Newc-Woll Gtr conurbation,Straight,Steep grade,,,On,Sealed,Dry,Fine,Darkness,Nil,No traffic controls,50 km/h,Local,71,Off rd left => obj,703,Left off cway into object,,Other angle,4 wheel drive / SUV,4 wheel drive / SUV,2,0,0,1,0,6,June,Winter,Tuesday,18:00 - 19:59,PM peak / evening commute,True,False,True,True