crash_id,degree_of_crash,degree_of_crash_-_detailed,reporting_year,year_of_crash,month_of_crash,day_of_week_of_crash,two-hour_intervals,street_of_crash,street_type,distance,direction,identifying_feature,identifying_feature_type,town,route_no.,school_zone_location,school_zone_active,type_of_location,latitude,longitude,lga,urbanisation,conurbation_1,alignment,primary_permanent_feature,primary_temporary_feature,primary_hazardous_feature,street_lighting,road_surface,surface_condition,weather,natural_lighting,signals_operation,other_traffic_control,speed_limit,road_classification_(admin),rum_-_code,rum_-_description,dca_-_code,dca_-_description,dca_supplement,first_impact_type,key_tu_type,other_tu_type,no._of_traffic_units_involved,no._killed,no._seriously_injured,no._moderately_injured,no._minor-other_injured,month_num,month_label,season,day_label,time_label,time_band,is_peak_commute,is_fatal,is_injury,is_casualty
1357206,Injury,Minor/Other Injury,2024,2024,July,Wednesday,10:00 - 11:59,COMBINE,ST,0,Right on the spot,ELIZABETH,ST,COFFS HARBOUR,,No,Not a school zone,X-intersection,-30.300661,153.110045,Coffs Harbour,Country urban,Rest of NSW - Urban,Curved,,,,Nil,Sealed,Dry,Fine,Daylight,Nil,Give way sign,50 km/h,Local,32,Right rear,303,Same - Rear right,,Rear end,Light truck utility(from 2018),4 wheel drive / SUV,2,0,0,0,1,7,July,Winter,Wednesday,10:00 - 11:59,Midday / afternoon,False,False,True,True
1357208,Injury,Serious Injury,2024,2024,June,Monday,14:00 - 15:59,MERRYLANDS,RD,0,Right on the spot,BRAESIDE,RD,GREYSTANES,7250.0,No,Not a school zone,T-junction,-33.82967,150.952989,Cumberland,Sydney metro. area,Syd-Newc-Woll Gtr conurbation,Straight,,,,Off,Sealed,Dry,Fine,Daylight,Nil,No traffic controls,60 km/h,Regional,0,Ped nearside,1,Ped - Near side,,Vehicle - Pedestrian,4 wheel drive / SUV,Pedestrian,2,0,1,0,0,6,June,Winter,Monday,14:00 - 15:59,Midday / afternoon,False,False,True,True
1357209,Injury,Serious Injury,2024,2024,March,Saturday,14:00 - 15:59,LANE COVE,RD,0,Right on the spot,BRIDGE,RD,NORTH RYDE,162.0,No,Not a school zone,X-intersection,-33.797721,151.114963,Ryde,Sydney metro. area,Syd-Newc-Woll Gtr conurbation,Curved,Steep grade,,,Off,Sealed,Dry,Fine,Daylight,On,No traffic controls,70 km/h,State,10,Cross traffic,101,Adj - Cross traffic,,Right angle,Car (sedan/hatch),Car (sedan/hatch),2,0,1,1,0,3,March,Autumn,Saturday,14:00 - 15:59,Midday / afternoon,False,False,True,True
1357210,Injury,Serious Injury,2024,2024,February,Wednesday,06:00 - 07:59,TWEED VALLEY,WAY,600,North,MINNOWS,RD,FERNVALE,679.0,No,Not a school zone,2-way undivided,-28.374905,153.416441,Tweed,Country urban,Rest of NSW - Urban,Straight,,,,Nil,Sealed,Dry,Fine,Daylight,Nil,No traffic controls,80 km/h,Regional,40,U turn,304,Same - U-turn,,Other angle,Car (sedan/hatch),Passenger van,2,0,1,1,0,2,February,Summer,Wednesday,06:00 - 07:59,AM peak / school commute,True,False,True,True
1357211,Injury,Serious Injury,2024,2024,March,Wednesday,16:00 - 17:59,WESTERN,EXP,200,East,PROSPECT HIGHWAY,OP,PROSPECT,6004.0,No,Not a school zone,Dual freeway,-33.805708,150.918048,Blacktown,Sydney metro. area,Syd-Newc-Woll Gtr conurbation,Straight,,,,Off,Sealed,Dry,Fine,Daylight,Nil,No traffic controls,100 km/h,State,30,Rear end,301,Same - Rear end,,Rear end,Car (sedan/hatch),4 wheel drive / SUV,2,0,1,2,1,3,March,Autumn,Wednesday,16:00 - 17:59,PM peak / evening commute,True,False,True,True
1357212,Injury,Moderate Injury,2024,2024,May,Monday,18:00 - 19:59,BUNDEENA,RD,10,South,BOMADERRY,CRES,GLENNING VALLEY,,No,Not a school zone,T-junction,-33.341132,151.42192,Central Coast,Country urban,Syd-Newc-Woll Gtr conurbation,Straight,,,,Off,Sealed,Dry,Fine,Darkness,Nil,No traffic controls,50 km/h,Local,71,Off rd left => obj,703,Left off cway into object,,Other angle,Car (sedan/hatch),Car (sedan/hatch),4,0,0,1,0,5,May,Autumn,Monday,18:00 - 19:59,PM peak / evening commute,True,False,True,True
1357216,Injury,Serious Injury,2024,2024,May,Sunday,14:00 - 15:59,WARRIGAL,ST,0,Right on the spot,NUMBER 16,HN,THE ENTRANCE,,No,Not a school zone,2-way undivided,-33.348742,151.497585,Central Coast,Country urban,Syd-Newc-Woll Gtr conurbation,Straight,,,,Nil,Sealed,Dry,Fine,Daylight,Nil,No traffic controls,50 km/h,Local,71,Off rd left => obj,703,Left off cway into object,,Other angle,Car (sedan/hatch),4 wheel drive / SUV,2,0,1,0,0,5,May,Autumn,Sunday,14:00 - 15:59,Midday / afternoon,False,False,True,True
1357218,Injury,Moderate Injury,2024,2024,June,Sunday,10:00 - 11:59,BENT,ST,10,North,NORRIE,ST,SOUTH GRAFTON,,No,Not a school zone,T-junction,-29.71419,152.935889,Clarence Valley,Country urban,Rest of NSW - Urban,Straight,Steep grade,,,Off,Sealed,Wet,Raining,Daylight,Nil,No traffic controls,50 km/h,Local,70,Off road to left,701,Off carriageway to left,,Rollover,Car (sedan/hatch),,1,0,0,1,0,6,June,Winter,Sunday,10:00 - 11:59,Midday / afternoon,False,False,True,True
1357219,Injury,Serious Injury,2024,2024,May,Saturday,06:00 - 07:59,GLENMORE,RD,30,West,CAMPBELL,AVE,PADDINGTON,,No,Not a school zone,2-way undivided,-33.88242,151.222863,Woollahra,Sydney metro. area,Syd-Newc-Woll Gtr conurbation,Straight,,,,Off,Sealed,Dry,Overcast,Daylight,Nil,No traffic controls,40 km/h,Local,71,Off rd left => obj,703,Left off cway into object,,Other angle,Motor scooter,4 wheel drive / SUV,2,0,1,0,0,5,May,Autumn,Saturday,06:00 - 07:59,AM peak / school commute,True,False,True,True
1357225,Injury,Serious Injury,2024,2024,July,Thursday,16:00 - 17:59,KENT,ST,0,Right on the spot,MARGARET,ST,SYDNEY,,No,Not a school zone,X-intersection,-33.865166,151.204142,Sydney,Sydney metro. area,Syd-Newc-Woll Gtr conurbation,Straight,Foot/cycle path/nature strip,,,On,Sealed,Dry,Fine,Dusk,On,No traffic controls,40 km/h,Local,21,Right through,202,Opp - Right-thru,,Other angle,Utility,Pedal cycle,2,0,1,0,0,7,July,Winter,Thursday,16:00 - 17:59,PM peak / evening commute,True,False,True,True
1357226,Injury,Serious Injury,2024,2024,July,Wednesday,08:00 - 09:59,REMEMBRANCE,DR,10,South,BURRAGORANG,RD,CAMDEN SOUTH,259.0,No,Not a school zone,T-junction,-34.076162,150.694973,Camden,Sydney metro. area,Syd-Newc-Woll Gtr conurbation,Straight,,,,Nil,Sealed,Dry,Fine,Daylight,On,No traffic controls,80 km/h,Regional,35,Lane change left,307,Same - Lane change left,,Other angle,Car (sedan/hatch),Pedal cycle,2,0,1,0,0,7,July,Winter,Wednesday,08:00 - 09:59,AM peak / school commute,True,False,True,True
1357229,Injury,Moderate Injury,2024,2024,May,Thursday,12:00 - 13:59,HOGBIN,DR,50,North,DAKOTA DRIVE,TO,COFFS HARBOUR,540.0,No,Not a school zone,2-way undivided,-30.311729,153.116778,Coffs Harbour,Country urban,Rest of NSW - Urban,Straight,Painted double centre lines,,,Off,Sealed,Dry,Fine,Daylight,Nil,No traffic controls,80 km/h,Regional,40,U turn,304,Same - U-turn,,Other angle,4 wheel drive / SUV,Car (sedan/hatch),2,0,0,1,2,5,May,Autumn,Thursday,12:00 - 13:59,Midday / afternoon,False,False,True,True
1357230,Injury,Moderate Injury,2024,2024,July,Thursday,16:00 - 17:59,PITTWATER,RD,0,Right on the spot,OLIVER,ST,NORTH MANLY,159.0,No,Not a school zone,X-intersection,-33.781608,151.278405,Northern Beaches,Sydney metro. area,Syd-Newc-Woll Gtr conurbation,Straight,,,,Off,Sealed,Dry,Fine,Daylight,Off,No traffic controls,60 km/h,State,71,Off rd left => obj,703,Left off cway into object,,Vehicle - Object,Station wagon,,1,0,0,1,0,7,July,Winter,Thursday,16:00 - 17:59,PM peak / evening commute,True,False,True,True
1357231,Injury,Serious Injury,2024,2024,May,Thursday,16:00 - 17:59,MORONEYS,LANE,0,Right on the spot,WEBSTERS,LANE,TEMORA,,No,Not a school zone,T-junction,-34.46104,147.5479,Temora,Country non-urban,Rest of NSW - Rural,Straight,,,,Nil,Unsealed,Dry,Fine,Daylight,Nil,No traffic controls,100 km/h,Local,74,On road-out of cont.,705,Out of control on cway,,Rollover,Motorcycle,,1,0,1,0,0,5,May,Autumn,Thursday,16:00 - 17:59,PM peak / evening commute,True,False,True,True
1357234,Injury,Moderate Injury,2024,2024,July,Monday,14:00 - 15:59,GLENELG,ST,40,North,STURGEON,ST,RAYMOND TERRACE,,No,Not a school zone,2-way undivided,-32.763725,151.741718,Port Stephens,Country urban,Rest of NSW - Urban,Straight,,,,Off,Sealed,Dry,Fine,Daylight,Nil,No traffic controls,40 km/h,Local,42,Leaving parking,401,Manov - Leaving parking,,Other angle,Car (sedan/hatch),Car (sedan/hatch),2,0,0,1,0,7,July,Winter,Monday,14:00 - 15:59,Midday / afternoon,False,False,True,True
1357239,Injury,Serious Injury,2024,2024,May,Saturday,16:00 - 17:59,MOWBRAY,RD,0,Right on the spot,HERCULES,ST,CHATSWOOD,2092.0,No,Not a school zone,T-junction,-33.801649,151.190384,Willoughby,Sydney metro. area,Syd-Newc-Woll Gtr conurbation,Straight,,,,Off,Sealed,Dry,Fine,Daylight,Nil,Give way sign,50 km/h,Regional,13,Right near,104,Adj - Right-thru from right,,Right angle,Light truck,Pedal cycle,2,0,1,0,0,5,May,Autumn,Saturday,16:00 - 17:59,PM peak / evening commute,True,False,True,True
1357240,Injury,Serious Injury,2024,2024,March,Wednesday,16:00 - 17:59,BRADWARDINE,RD,0,Right on the spot,CORPORATION,AVE,ROBIN HILL,,No,Not a school zone,X-intersection,-33.417504,149.543049,Bathurst Regional,Country urban,Rest of NSW - Urban,Straight,,,,Off,Sealed,Dry,Fine,Daylight,Nil,Give way sign,50 km/h,Local,10,Cross traffic,101,Adj - Cross traffic,,Right angle,4 wheel drive / SUV,Light truck utility(from 2018),2,0,4,1,0,3,March,Autumn,Wednesday,16:00 - 17:59,PM peak / evening commute,True,False,True,True
1357241,Injury,Serious Injury,2024,2024,May,Friday,18:00 - 19:59,CENTRAL COAST,HWY,0,Right on the spot,BROUGHAM,ST,EAST GOSFORD,30.0,No,Not a school zone,T-junction,-33.439592,151.356644,Central Coast,Country urban,Syd-Newc-Woll Gtr conurbation,Straight,,,,On,Sealed,Dry,Fine,Dusk,Nil,Stop sign,60 km/h,State,30,Rear end,301,Same - Rear end,,Rear end,Car (sedan/hatch),Car (sedan/hatch),3,0,1,1,1,5,May,Autumn,Friday,18:00 - 19:59,PM peak / evening commute,True,False,True,True
1357243,Injury,Minor/Other Injury,2024,2024,April,Monday,00:01 - 01:59,FREDERICK,ST,0,Right on the spot,ELIZABETH,ST,ASHFIELD,650.0,No,Not a school zone,X-intersection,-33.88415,151.12026,Inner West,Sydney metro. area,Syd-Newc-Woll Gtr conurbation,Straight,,Roadwks/Detour/Diverson,,On,Sealed,Dry,Fine,Darkness,On,No traffic controls,10 km/h,State,21,Right through,202,Opp - Right-thru,,Other angle,Car (sedan/hatch),Motor scooter,2,0,0,0,1,4,April,Autumn,Monday,00:01 - 01:59,Late night / early morning,False,False,True,True
1357247,Injury,Serious Injury,2024,2024,May,Saturday,20:00 - 21:59,LANG,ST,400,East,MITCHELL,AVE,KURRI KURRI,195.0,No,Not a school zone,2-way undivided,-32.815882,151.487057,Cessnock,Country urban,Rest of NSW - Urban,Straight,Painted double centre lines,,,On,Sealed,Dry,Fine,Darkness,Nil,No traffic controls,60 km/h,State,40,U turn,304,Same - U-turn,,Other angle,Light truck,Motorcycle,2,0,1,0,0,5,May,Autumn,Saturday,20:00 - 21:59,Evening / night,False,False,True,True
1357251,Injury,Moderate Injury,2024,2024,May,Thursday,08:00 - 09:59,TURNER,CRES,0,Right on the spot,NUMBER 40,HN,ORANGE,,No,Not a school zone,2-way undivided,-33.262114,149.076103,Orange,Country urban,Rest of NSW - Urban,Curved,Driveway/entrance,,,Off,Sealed,Dry,Fine,Daylight,Nil,No traffic controls,50 km/h,Local,21,Right through,202,Opp - Right-thru,,Other angle,Light truck utility(from 2018),Large rigid,2,0,0,1,0,5,May,Autumn,Thursday,08:00 - 09:59,AM peak / school commute,True,False,True,True
1357252,Injury,Moderate Injury,2024,2024,June,Sunday,14:00 - 15:59,MAMRE,RD,0,Right on the spot,LUDDENHAM,RD,ST CLAIR,536.0,No,Not a school zone,T-junction,-33.803541,150.769411,Penrith,Sydney metro. area,Syd-Newc-Woll Gtr conurbation,Straight,,,,Off,Sealed,Dry,Fine,Daylight,Nil,Give way sign,80 km/h,State,13,Right near,104,Adj - Right-thru from right,,Right angle,4 wheel drive / SUV,Car (sedan/hatch),2,0,0,1,0,6,June,Winter,Sunday,14:00 - 15:59,Midday / afternoon,False,False,True,True
1357253,Injury,Moderate Injury,2024,2024,April,Saturday,10:00 - 11:59,PITTWATER,RD,150,North,RAMSAY,ST,COLLAROY,164.0,No,Not a school zone,Divided road,-33.725942,151.299167,Northern Beaches,Sydney metro. area,Syd-Newc-Woll Gtr conurbation,Straight,Bus/transit lane,,,On,Sealed,Dry,Overcast,Daylight,Nil,No traffic controls,60 km/h,State,63,Vehicle door,604,On path - Vehicle door,,Other angle,Pedal cycle,Light truck utility(from 2018),3,0,0,1,0,4,April,Autumn,Saturday,10:00 - 11:59,Midday / afternoon,False,False,True,True
1357257,Injury,Moderate Injury,2024,2024,June,Saturday,18:00 - 19:59,WOODVILLE,RD,0,Right on the spot,HOWATT,ST,VILLAWOOD,640.0,No,Not a school zone,X-intersection,-33.883662,150.976416,Fairfield,Sydney metro. area,Syd-Newc-Woll Gtr conurbation,Straight,,,,On,Sealed,Dry,Fine,Darkness,On,No traffic controls,60 km/h,State,10,Cross traffic,101,Adj - Cross traffic,,Right angle,Car (sedan/hatch),Car (sedan/hatch),4,0,0,1,0,6,June,Winter,Saturday,18:00 - 19:59,PM peak / evening commute,True,False,True,True
1357258,Injury,Serious Injury,2024,2024,June,Wednesday,12:00 - 13:59,MT VIEW,RD,650,West,MT BRIGHT,RD,MOUNT VIEW,,No,Not a school zone,2-way undivided,-32.84982,151.276272,Cessnock,Country urban,Rest of NSW - Urban,Curved,Steep grade,,,Nil,Unsealed,Dry,Fine,Daylight,Nil,No traffic controls,80 km/h,Local,84,Off right/left bend,802,Off cway left bend,Right,Rollover,4 wheel drive / SUV,,1,0,1,0,0,6,June,Winter,Wednesday,12:00 - 13:59,Midday / afternoon,False,False,True,True
1357260,Injury,Moderate Injury,2024,2024,July,Monday,10:00 - 11:59,MOLESWORTH,ST,0,Right on the spot,SCOTT,ST,TENTERFIELD,,No,Not a school zone,X-intersection,-29.051189,152.017261,Tenterfield,Country urban,Rest of NSW - Urban,Straight,,,,Off,Sealed,Wet,Overcast,Daylight,Nil,Give way sign,50 km/h,Local,10,Cross traffic,101,Adj - Cross traffic,,Right angle,4 wheel drive / SUV,4 wheel drive / SUV,2,0,0,2,0,7,July,Winter,Monday,10:00 - 11:59,Midday / afternoon,False,False,True,True
1357261,Injury,Serious Injury,2024,2024,July,Sunday,10:00 - 11:59,CLARENCE,WAY,1100,South,PRINCE,ST,OLD BONALBO,361.0,No,Not a school zone,2-way undivided,-28.643278,152.597397,Kyogle,Country urban,Rest of NSW - Urban,Curved,,Roadwks/Detour/Diverson,,Nil,Unsealed,Wet,Raining,Daylight,Nil,No traffic controls,60 km/h,Regional,84,Off right/left bend,802,Off cway left bend,Right,Rollover,Motorcycle,,1,0,1,0,0,7,July,Winter,Sunday,10:00 - 11:59,Midday / afternoon,False,False,True,True
1357263,Injury,Moderate Injury,2024,2024,April,Sunday,08:00 - 09:59,THE LAKES,WAY,0,Right on the spot,BOOMERANG,DR,CHARLOTTE BAY,111.0,No,Not a school zone,T-junction,-32.340465,152.520614,Mid-Coast,Country urban,Rest of NSW - Urban,Curved,,,,Off,Sealed,Dry,Fine,Daylight,Nil,Give way sign,80 km/h,Regional,13,Right near,104,Adj - Right-thru from right,,Right angle,4 wheel drive / SUV,Light truck utility(from 2018),2,0,0,1,0,4,April,Autumn,Sunday,08:00 - 09:59,AM peak / school commute,True,False,True,True
1357264,Injury,Serious Injury,2024,2024,July,Thursday,14:00 - 15:59,MT HALL,RD,0,Right on the spot,NUMBER 140,HN,RAYMOND TERRACE,,No,Not a school zone,2-way undivided,-32.762762,151.773496,Port Stephens,Country urban,Rest of NSW - Urban,Straight,,,,Off,Sealed,Dry,Fine,Daylight,Nil,No traffic controls,50 km/h,Local,60,Parked,601,On path - Parked,,Other angle,4 wheel drive / SUV,Utility,2,0,1,0,0,7,July,Winter,Thursday,14:00 - 15:59,Midday / afternoon,False,False,True,True
1357266,Injury,Serious Injury,2024,2024,May,Friday,14:00 - 15:59,THE HORSLEY,DR,0,Right on the spot,GRANVILLE,ST,FAIRFIELD,609.0,No,Not a school zone,Roundabout,-33.857282,150.950717,Fairfield,Sydney metro. area,Syd-Newc-Woll Gtr conurbation,Curved,,,,Off,Sealed,Dry,Fine,Daylight,Nil,Give way sign,60 km/h,State,30,Rear end,301,Same - Rear end,,Rear end,Car (sedan/hatch),Station wagon,2,0,1,0,0,5,May,Autumn,Friday,14:00 - 15:59,Midday / afternoon,False,False,True,True
1357267,Injury,Serious Injury,2024,2024,July,Monday,16:00 - 17:59,PICTON,RD,0,Right on the spot,MT KEIRA,RD,CATARACT,95.0,No,Not a school zone,T-junction,-34.375087,150.831061,Wollongong,Wollongong met. area,Syd-Newc-Woll Gtr conurbation,Curved,,,,On,Sealed,Dry,Fine,Dusk,Nil,Stop sign,100 km/h,State,13,Right near,104,Adj - Right-thru from right,,Right angle,Car (sedan/hatch),Light truck utility(from 2018),2,0,1,0,0,7,July,Winter,Monday,16:00 - 17:59,PM peak / evening commute,True,False,True,True
1357268,Injury,Minor/Other Injury,2024,2024,June,Thursday,12:00 - 13:59,SUNNYHOLT,RD,0,Right on the spot,GARLING,RD,KINGS PARK,642.0,No,Not a school zone,T-junction,-33.745003,150.916661,Blacktown,Sydney metro. area,Syd-Newc-Woll Gtr conurbation,Straight,,,,Off,Sealed,Dry,Fine,Daylight,Nil,Stop sign,70 km/h,State,39,Other same direction,300,Same - other,,Other angle,4 wheel drive / SUV,Motor scooter,2,0,0,0,1,6,June,Winter,Thursday,12:00 - 13:59,Midday / afternoon,False,False,True,True
1357270,Injury,Serious Injury,2024,2024,February,Monday,12:00 - 13:59,WISEMANS FERRY,RD,0,Right on the spot,LILLICRAPPS,RD,MANGROVE MOUNTAIN,225.0,No,Not a school zone,X-intersection,-33.318272,151.17545,Central Coast,Country urban,Syd-Newc-Woll Gtr conurbation,Straight,,,,Nil,Sealed,Dry,Overcast,Daylight,Nil,Stop sign,80 km/h,Regional,10,Cross traffic,101,Adj - Cross traffic,,Right angle,4 wheel drive / SUV,Motorcycle,2,0,1,1,0,2,February,Summer,Monday,12:00 - 13:59,Midday / afternoon,False,False,True,True
1357273,Injury,Moderate Injury,2024,2024,June,Tuesday,12:00 - 13:59,MONA VALE,RD,0,Right on the spot,EMMA,ST,MONA VALE,162.0,No,Not a school zone,T-junction,-33.676618,151.292357,Northern Beaches,Sydney metro. area,Syd-Newc-Woll Gtr conurbation,Curved,Steep grade,,,Off,Sealed,Dry,Fine,Daylight,Nil,Give way sign,60 km/h,State,13,Right near,104,Adj - Right-thru from right,,Right angle,Car (sedan/hatch),Car (sedan/hatch),2,0,0,1,0,6,June,Winter,Tuesday,12:00 - 13:59,Midday / afternoon,False,False,True,True
1357274,Injury,Moderate Injury,2024,2024,March,Friday,16:00 - 17:59,PEELWOOD,RD,1000,North,GOLSPIE,RD,LAGGAN,,No,Not a school zone,2-way undivided,-34.363401,149.545429,Upper Lachlan,Country non-urban,Rest of NSW - Rural,Curved,Painted double centre lines,,,Nil,Sealed,Dry,Fine,Daylight,Nil,No traffic controls,100 km/h,Local,85,Off rt/lft bnd=>obj,804,Off left bend into obj,Right,Vehicle - Object,4 wheel drive / SUV,,1,0,0,1,0,3,March,Autumn,Friday,16:00 - 17:59,PM peak / evening commute,True,False,True,True
1357277,Injury,Serious Injury,2024,2024,July,Monday,06:00 - 07:59,GREAT WESTERN,HWY,0,Right on the spot,WESTERN,EXP,CONCORD,5.0,No,Not a school zone,T-junction,-33.866972,151.095359,Canada Bay,Sydney metro. area,Syd-Newc-Woll Gtr conurbation,Curved,,,,On,Sealed,Wet,Raining,Daylight,On,No right turn,60 km/h,State,30,Rear end,301,Same - Rear end,,Rear end,Car (sedan/hatch),Semi-trailer,2,0,1,0,0,7,July,Winter,Monday,06:00 - 07:59,AM peak / school commute,True,False,True,True
1357278,Injury,Moderate Injury,2024,2024,June,Saturday,16:00 - 17:59,NEW ENGLAND,HWY,0,Right on the spot,WINE COUNTRY,DR,BRANXTON,9.0,No,Not a school zone,T-junction,-32.663077,151.368778,Cessnock,Country urban,Rest of NSW - Urban,Curved,,,,Off,Sealed,Dry,Fine,Daylight,Nil,Give way sign,80 km/h,State,11,Right far,102,Adj - Right-thru from left,,Right angle,Car (sedan/hatch),Car (sedan/hatch),2,0,0,2,0,6,June,Winter,Saturday,16:00 - 17:59,PM peak / evening commute,True,False,True,True
1357279,Injury,Moderate Injury,2024,2024,April,Wednesday,12:00 - 13:59,CAMDEN VALLEY,WAY,0,Right on the spot,INGLEBURN,RD,LEPPINGTON,620.0,No,Not a school zone,X-intersection,-33.968871,150.814397,Camden,Sydney metro. area,Syd-Newc-Woll Gtr conurbation,Straight,,,,On,Sealed,Dry,Fine,Daylight,On,No traffic controls,80 km/h,State,10,Cross traffic,101,Adj - Cross traffic,,Right angle,Light truck,4 wheel drive / SUV,2,0,0,1,0,4,April,Autumn,Wednesday,12:00 - 13:59,Midday / afternoon,False,False,True,True
1357280,Injury,Serious Injury,2024,2024,May,Tuesday,08:00 - 09:59,FOURTH,ST,0,Right on the spot,MCBLANE,ST,WESTON,,No,Not a school zone,T-junction,-32.809183,151.453868,Cessnock,Country urban,Rest of NSW - Urban,Curved,,,,Off,Sealed,Wet,Raining,Daylight,Nil,Stop sign,50 km/h,Local,21,Right through,202,Opp - Right-thru,,Other angle,Station wagon,Motorcycle,2,0,1,0,0,5,May,Autumn,Tuesday,08:00 - 09:59,AM peak / school commute,True,False,True,True
1357284,Injury,Minor/Other Injury,2024,2024,May,Sunday,10:00 - 11:59,CUMBERLAND,HWY,0,Right on the spot,MERRYLANDS,RD,GREYSTANES,13.0,No,Not a school zone,X-intersection,-33.830331,150.960316,Cumberland,Sydney metro. area,Syd-Newc-Woll Gtr conurbation,Straight,,,,Off,Sealed,Dry,Fine,Daylight,On,No traffic controls,70 km/h,State,30,Rear end,301,Same - Rear end,,Rear end,4 wheel drive / SUV,Car (sedan/hatch),2,0,0,0,1,5,May,Autumn,Sunday,10:00 - 11:59,Midday / afternoon,False,False,True,True
1357285,Injury,Moderate Injury,2024,2024,May,Friday,18:00 - 19:59,ALFRED,ST,0,Right on the spot,FLORENCE,ST,RAMSGATE BEACH,,No,Not a school zone,X-intersection,-33.982401,151.146322,Bayside,Sydney metro. area,Syd-Newc-Woll Gtr conurbation,Straight,,,,On,Sealed,Wet,Raining,Darkness,Nil,Give way sign,50 km/h,Local,10,Cross traffic,101,Adj - Cross traffic,,Right angle,Unknown motor vehicle,Car (sedan/hatch),2,0,0,1,0,5,May,Autumn,Friday,18:00 - 19:59,PM peak / evening commute,True,False,True,True
1357287,Injury,Serious Injury,2024,2024,June,Sunday,08:00 - 09:59,CAMPFIRE,RD,0,Right on the spot,NUMBER 2338,HN,WALCHA,,No,Not a school zone,2-way undivided,-31.116856,151.388203,Walcha,Country urban,Rest of NSW - Urban,Curved,Ditch/drain/culvert,,"Loose gravel, sealed",Nil,Sealed,Dry,Fine,Daylight,Nil,No traffic controls,80 km/h,Local,87,Off lft/lft bnd=>obj,804,Off left bend into obj,Left,Vehicle - Object,Motorcycle,,1,0,1,0,0,6,June,Winter,Sunday,08:00 - 09:59,AM peak / school commute,True,False,True,True
1357289,Injury,Serious Injury,2024,2024,April,Thursday,18:00 - 19:59,DALTON,ST,10,West,COOKE,ST,PARKES,,No,Not a school zone,T-junction,-33.135987,148.168568,Parkes,Country urban,Rest of NSW - Urban,Straight,,,,Nil,Sealed,Dry,Fine,Dusk,Nil,Stop sign,50 km/h,Local,67,Struck animal,609,On path - Hit animal,,Vehicle - Animal,Motor scooter,,1,0,1,0,0,4,April,Autumn,Thursday,18:00 - 19:59,PM peak / evening commute,True,False,True,True
1357290,Injury,Minor/Other Injury,2024,2024,July,Tuesday,10:00 - 11:59,SOPHIA,ST,0,Right on the spot,WATERLOO,ST,SURRY HILLS,,No,Not a school zone,X-intersection,-33.885067,151.2112,Sydney,Sydney metro. area,Syd-Newc-Woll Gtr conurbation,Straight,,,,Off,Sealed,Dry,Fine,Daylight,Nil,No traffic controls,40 km/h,Local,1,Ped emerging,2,Ped - emerging,,Vehicle - Pedestrian,4 wheel drive / SUV,Pedestrian,2,0,0,0,1,7,July,Winter,Tuesday,10:00 - 11:59,Midday / afternoon,False,False,True,True
1357291,Injury,Moderate Injury,2024,2024,July,Monday,04:00 - 05:59,LEISURE,DR,100,West,EUCALYPTUS,DR,BANORA POINT,,Yes,No,Divided road,-28.214261,153.52502,Tweed,Country urban,Rest of NSW - Urban,Straight,,,,On,Sealed,Wet,Overcast,Dawn,Nil,No traffic controls,60 km/h,Local,33,Lane sideswipe,305,Same - Lane side swipe,,Other angle,Station wagon,Car (sedan/hatch),2,0,0,1,0,7,July,Winter,Monday,04:00 - 05:59,Late night / early morning,False,False,True,True
1357294,Injury,Moderate Injury,2024,2024,July,Tuesday,14:00 - 15:59,KURRAJONG,RD,50,West,SAN MARINO,DR,PRESTONS,7263.0,No,Not a school zone,2-way undivided,-33.942826,150.871605,Liverpool,Sydney metro. area,Syd-Newc-Woll Gtr conurbation,Straight,,,,Off,Sealed,Dry,Fine,Daylight,Nil,No traffic controls,60 km/h,Regional,42,Leaving parking,401,Manov - Leaving parking,,Other angle,Car (sedan/hatch),Car (sedan/hatch),4,0,0,2,0,7,July,Winter,Tuesday,14:00 - 15:59,Midday / afternoon,False,False,True,True
1357305,Injury,Serious Injury,2024,2024,July,Monday,06:00 - 07:59,NEWCASTLE,EXP,100,North,PALMERS,RD,FREEMANS WATERHOLE,6003.0,No,Not a school zone,Other,-32.986687,151.518913,Lake Macquarie,Newcastle met. area,Syd-Newc-Woll Gtr conurbation,Curved,,,,Off,Sealed,Dry,Fine,Daylight,Nil,No traffic controls,110 km/h,State,40,U turn,304,Same - U-turn,,Other angle,4 wheel drive / SUV,Car (sedan/hatch),2,0,1,1,0,7,July,Winter,Monday,06:00 - 07:59,AM peak / school commute,True,False,True,True
1357306,Injury,Moderate Injury,2024,2024,June,Friday,06:00 - 07:59,LEONARD,RD,0,Right on the spot,OLD WILLBRIGGIE,RD,HANWOOD,,No,Not a school zone,X-intersection,-34.32987,146.056814,Griffith,Country urban,Rest of NSW - Urban,Straight,Ditch/drain/culvert,,,Nil,Sealed,Dry,Fine,Dawn,Nil,Give way sign,80 km/h,Local,10,Cross traffic,101,Adj - Cross traffic,,Right angle,Car (sedan/hatch),Passenger van,2,0,0,2,0,6,June,Winter,Friday,06:00 - 07:59,AM peak / school commute,True,False,True,True
1357308,Injury,Serious Injury,2024,2024,March,Friday,14:00 - 15:59,LANE COVE,RD,50,South,TALAVERA,RD,MACQUARIE PARK,162.0,No,Not a school zone,Divided road,-33.782793,151.13078,Ryde,Sydney metro. area,Syd-Newc-Woll Gtr conurbation,Straight,Steep grade,,,Off,Sealed,Dry,Fine,Daylight,Nil,No traffic controls,70 km/h,State,30,Rear end,301,Same - Rear end,,Rear end,4 wheel drive / SUV,Car (sedan/hatch),2,0,1,0,0,3,March,Autumn,Friday,14:00 - 15:59,Midday / afternoon,False,False,True,True