crash_id,degree_of_crash,degree_of_crash_-_detailed,reporting_year,year_of_crash,month_of_crash,day_of_week_of_crash,two-hour_intervals,street_of_crash,street_type,distance,direction,identifying_feature,identifying_feature_type,town,route_no.,school_zone_location,school_zone_active,type_of_location,latitude,longitude,lga,urbanisation,conurbation_1,alignment,primary_permanent_feature,primary_temporary_feature,primary_hazardous_feature,street_lighting,road_surface,surface_condition,weather,natural_lighting,signals_operation,other_traffic_control,speed_limit,road_classification_(admin),rum_-_code,rum_-_description,dca_-_code,dca_-_description,dca_supplement,first_impact_type,key_tu_type,other_tu_type,no._of_traffic_units_involved,no._killed,no._seriously_injured,no._moderately_injured,no._minor-other_injured,month_num,month_label,season,day_label,time_label,time_band,is_peak_commute,is_fatal,is_injury,is_casualty
1357310,Injury,Minor/Other Injury,2024,2024,June,Sunday,16:00 - 17:59,BURNT BRIDGE CREEK DEVIATION,MS,20,North,SYDNEY,RD,BALGOWLAH,164.0,No,Not a school zone,Divided road,-33.795829,151.253002,Northern Beaches,Sydney metro. area,Syd-Newc-Woll Gtr conurbation,Straight,Steep grade,,,On,Sealed,Wet,Raining,Darkness,Nil,No traffic controls,60 km/h,State,30,Rear end,301,Same - Rear end,,Rear end,Car (sedan/hatch),Car (sedan/hatch),2,0,0,0,1,6,June,Winter,Sunday,16:00 - 17:59,PM peak / evening commute,True,False,True,True
1357313,Injury,Serious Injury,2024,2024,March,Tuesday,06:00 - 07:59,PEMBROKE,RD,0,Right on the spot,ROSE PAYTEN DRIVE,TO,LEUMEAH,680.0,No,Not a school zone,Divided road,-34.050089,150.83658,Campbelltown,Sydney metro. area,Syd-Newc-Woll Gtr conurbation,Straight,,,,On,Sealed,Dry,Fine,Dawn,Nil,No traffic controls,60 km/h,State,34,Lane change right,306,Same - Lane change right,,Other angle,Car (sedan/hatch),Pedal cycle,2,0,1,0,0,3,March,Autumn,Tuesday,06:00 - 07:59,AM peak / school commute,True,False,True,True
1357320,Injury,Serious Injury,2024,2024,June,Monday,16:00 - 17:59,CHESTER HILL,RD,50,South,MARKS,ST,BASS HILL,,No,Not a school zone,2-way undivided,-33.892032,150.997867,Canterbury-Bankstown,Sydney metro. area,Syd-Newc-Woll Gtr conurbation,Straight,,,,On,Sealed,Dry,Fine,Dusk,Nil,No traffic controls,60 km/h,Local,20,Head on,201,Opp - Head on,,Head-on,Car (sedan/hatch),Passenger van,2,0,1,0,0,6,June,Winter,Monday,16:00 - 17:59,PM peak / evening commute,True,False,True,True
1357321,Injury,Moderate Injury,2024,2024,July,Wednesday,10:00 - 11:59,SOUTH WESTERN,EXP,270,West,FAIRFORD,RD,PADSTOW,6005.0,No,Not a school zone,Other,-33.939811,151.032706,Canterbury-Bankstown,Sydney metro. area,Syd-Newc-Woll Gtr conurbation,Straight,Freeway ramp/access,,,On,Sealed,Dry,Fine,Daylight,Nil,No traffic controls,70 km/h,State,73,Off rd rght => obj,704,Right off cway into obj,,Vehicle - Object,Utility,,1,0,0,1,1,7,July,Winter,Wednesday,10:00 - 11:59,Midday / afternoon,False,False,True,True
1357322,Injury,Moderate Injury,2024,2024,April,Tuesday,00:01 - 01:59,CORDEAUX,RD,340,West,CENTRAL,RD,FIGTREE,,No,Not a school zone,2-way undivided,-34.441668,150.841647,Wollongong,Wollongong met. area,Syd-Newc-Woll Gtr conurbation,Curved,,,,On,Sealed,Wet,Raining,Darkness,Nil,No traffic controls,60 km/h,Local,81,Off left/rt bnd=>obj,803,Off right bend into obj,Left,Vehicle - Object,Car (sedan/hatch),,1,0,0,1,0,4,April,Autumn,Tuesday,00:01 - 01:59,Late night / early morning,False,False,True,True
1357327,Injury,Serious Injury,2024,2024,July,Thursday,14:00 - 15:59,BOBBIN HEAD,RD,1000,North,MEMORIAL,RD,NORTH TURRAMURRA,366.0,No,Not a school zone,2-way undivided,-33.681506,151.151205,Ku-ring-gai,Sydney metro. area,Syd-Newc-Woll Gtr conurbation,Curved,Steep grade,,,On,Sealed,Dry,Fine,Daylight,Nil,No traffic controls,60 km/h,State,88,Out of cont on bend,805,Out of control on bend,,Rollover,Motorcycle,,1,0,1,0,0,7,July,Winter,Thursday,14:00 - 15:59,Midday / afternoon,False,False,True,True
1357330,Injury,Serious Injury,2024,2024,July,Saturday,14:00 - 15:59,PACIFIC,HWY,10,South,FOX VALLEY,RD,WAHROONGA,10.0,Yes,No,T-junction,-33.727958,151.120135,Ku-ring-gai,Sydney metro. area,Syd-Newc-Woll Gtr conurbation,Curved,,,,Off,Sealed,Dry,Fine,Daylight,On,No traffic controls,60 km/h,State,30,Rear end,301,Same - Rear end,,Rear end,4 wheel drive / SUV,4 wheel drive / SUV,3,0,1,1,0,7,July,Winter,Saturday,14:00 - 15:59,Midday / afternoon,False,False,True,True
1357332,Injury,Minor/Other Injury,2024,2024,June,Wednesday,16:00 - 17:59,KINGS,RD,665,North,WHIAN,RD,EUREKA,,No,Not a school zone,2-way undivided,-28.665253,153.431868,Byron,Country urban,Rest of NSW - Urban,Curved,Embankment/cutting,,Loose gravel shoulder,Nil,Sealed,Dry,Fine,Dusk,Nil,No traffic controls,60 km/h,Local,81,Off left/rt bnd=>obj,803,Off right bend into obj,Left,Vehicle - Object,Light truck utility(from 2018),,1,0,0,0,1,6,June,Winter,Wednesday,16:00 - 17:59,PM peak / evening commute,True,False,True,True
1357335,Injury,Minor/Other Injury,2024,2024,July,Friday,10:00 - 11:59,BURELLI,ST,0,Right on the spot,KEMBLA,ST,WOLLONGONG,,No,Not a school zone,X-intersection,-34.426657,150.897177,Wollongong,Wollongong met. area,Syd-Newc-Woll Gtr conurbation,Straight,,,,Off,Sealed,Wet,Overcast,Daylight,On,No traffic controls,50 km/h,Local,30,Rear end,301,Same - Rear end,,Rear end,Car (sedan/hatch),4 wheel drive / SUV,2,0,0,0,1,7,July,Winter,Friday,10:00 - 11:59,Midday / afternoon,False,False,True,True
1357340,Injury,Serious Injury,2024,2024,April,Sunday,16:00 - 17:59,EASTERN DISTRIBUTOR,EXP,100,North,WILLIAM STREET,TO,DARLINGHURST,6007.0,No,Not a school zone,Dual freeway,-33.879064,151.217042,Sydney,Sydney metro. area,Syd-Newc-Woll Gtr conurbation,Straight,Underpass/tunnel,,,On,Sealed,Dry,Fine,Dusk,Nil,No traffic controls,80 km/h,State,74,On road-out of cont.,705,Out of control on cway,,Rollover,Motorcycle,,1,0,1,0,0,4,April,Autumn,Sunday,16:00 - 17:59,PM peak / evening commute,True,False,True,True
1357341,Injury,Minor/Other Injury,2024,2024,March,Sunday,12:00 - 13:59,PRESIDENT,AVE,0,Right on the spot,GYMEA BAY,RD,GYMEA,2075.0,Yes,No,X-intersection,-34.037677,151.084498,Sutherland,Sydney metro. area,Syd-Newc-Woll Gtr conurbation,Straight,,,,Off,Sealed,Dry,Fine,Daylight,On,No traffic controls,60 km/h,Regional,21,Right through,202,Opp - Right-thru,,Other angle,Car (sedan/hatch),Pedal cycle,2,0,0,0,1,3,March,Autumn,Sunday,12:00 - 13:59,Midday / afternoon,False,False,True,True
1357342,Injury,Moderate Injury,2024,2024,May,Friday,06:00 - 07:59,BRUNELL,ST,60,North,BRINGAN,ST,WHITTON,,No,Not a school zone,2-way undivided,-34.513609,146.177648,Leeton,Country urban,Rest of NSW - Urban,Curved,,,,On,Sealed,Wet,Raining,Darkness,Nil,No traffic controls,60 km/h,Local,81,Off left/rt bnd=>obj,803,Off right bend into obj,Left,Vehicle - Object,Semi-trailer,,1,0,0,1,0,5,May,Autumn,Friday,06:00 - 07:59,AM peak / school commute,True,False,True,True
1357344,Injury,Serious Injury,2024,2024,May,Wednesday,16:00 - 17:59,CARLISLE,AVE,10,North,FRANK,ST,MOUNT DRUITT,629.0,No,Not a school zone,T-junction,-33.776963,150.814992,Blacktown,Sydney metro. area,Syd-Newc-Woll Gtr conurbation,Straight,,,,Nil,Sealed,Dry,Fine,Daylight,Nil,No traffic controls,60 km/h,State,30,Rear end,301,Same - Rear end,,Rear end,Motorcycle,4 wheel drive / SUV,2,0,1,0,0,5,May,Autumn,Wednesday,16:00 - 17:59,PM peak / evening commute,True,False,True,True
1357346,Injury,Serious Injury,2024,2024,May,Monday,08:00 - 09:59,LONGFIELD,ST,0,Right on the spot,NUMBER 113,HN,CABRAMATTA,,No,Not a school zone,2-way undivided,-33.893201,150.943814,Fairfield,Sydney metro. area,Syd-Newc-Woll Gtr conurbation,Straight,,,,Off,Sealed,Wet,Fine,Daylight,Nil,No traffic controls,50 km/h,Local,2,Ped far side,3,Ped - Far side,,Vehicle - Pedestrian,4 wheel drive / SUV,Pedestrian,2,0,1,0,0,5,May,Autumn,Monday,08:00 - 09:59,AM peak / school commute,True,False,True,True
1357348,Injury,Moderate Injury,2024,2024,July,Monday,14:00 - 15:59,CORONATION,AVE,0,Right on the spot,NUMBER 18,HN,SAWTELL,,No,Not a school zone,2-way undivided,-30.36293,153.09986,Coffs Harbour,Country urban,Rest of NSW - Urban,Straight,Driveway/entrance,,,Nil,Sealed,Dry,Overcast,Daylight,Nil,No traffic controls,50 km/h,Local,71,Off rd left => obj,703,Left off cway into object,,Other angle,Car (sedan/hatch),Light truck utility(from 2018),3,0,0,1,0,7,July,Winter,Monday,14:00 - 15:59,Midday / afternoon,False,False,True,True
1357350,Injury,Serious Injury,2024,2024,July,Monday,14:00 - 15:59,PITTWATER,RD,50,South,MONA,ST,MONA VALE,2110.0,Yes,No,2-way undivided,-33.670872,151.302349,Northern Beaches,Sydney metro. area,Syd-Newc-Woll Gtr conurbation,Straight,Driveway/entrance,,,Off,Sealed,Dry,Fine,Daylight,Nil,No traffic controls,60 km/h,Regional,31,Left rear,302,Same - Rear left,,Rear end,Car (sedan/hatch),Car (sedan/hatch),2,0,1,1,0,7,July,Winter,Monday,14:00 - 15:59,Midday / afternoon,False,False,True,True
1357351,Injury,Serious Injury,2024,2024,March,Monday,16:00 - 17:59,CHRISTINA,RD,50,West,BIRMINGHAM,AVE,VILLAWOOD,7102.0,No,Not a school zone,Divided road,-33.881037,150.985024,Canterbury-Bankstown,Sydney metro. area,Syd-Newc-Woll Gtr conurbation,Curved,,,,Off,Sealed,Dry,Fine,Daylight,Nil,No traffic controls,60 km/h,Regional,34,Lane change right,306,Same - Lane change right,,Other angle,Motorcycle,Passenger van,2,0,1,0,0,3,March,Autumn,Monday,16:00 - 17:59,PM peak / evening commute,True,False,True,True
1357357,Injury,Moderate Injury,2024,2024,April,Monday,08:00 - 09:59,KYOGLE,RD,1000,South,BYRILL CREEK,RD,TERRAGON,142.0,No,Not a school zone,2-way undivided,-28.444622,153.283055,Tweed,Country urban,Rest of NSW - Urban,Curved,Steep grade,,,Nil,Sealed,Dry,Fine,Daylight,Nil,No traffic controls,80 km/h,Regional,50,Head on (overtake),501,Ovtak - Head on,,Head-on,4 wheel drive / SUV,4 wheel drive / SUV,2,0,0,2,0,4,April,Autumn,Monday,08:00 - 09:59,AM peak / school commute,True,False,True,True
1357372,Injury,Serious Injury,2024,2024,May,Monday,12:00 - 13:59,ANDERSON,ST,0,Right on the spot,HELP,ST,CHATSWOOD,,Yes,No,T-junction,-33.7949,151.18256,Willoughby,Sydney metro. area,Syd-Newc-Woll Gtr conurbation,Straight,,,,Nil,Sealed,Dry,Fine,Daylight,On,Ped crossing,40 km/h,Local,0,Ped nearside,1,Ped - Near side,,Vehicle - Pedestrian,Car (sedan/hatch),Pedestrian,2,0,1,0,0,5,May,Autumn,Monday,12:00 - 13:59,Midday / afternoon,False,False,True,True
1357373,Injury,Moderate Injury,2024,2024,April,Friday,12:00 - 13:59,OCEANVIEW,AVE,40,East,MILITARY,RD,DOVER HEIGHTS,,No,Not a school zone,2-way undivided,-33.865016,151.281247,Waverley,Sydney metro. area,Syd-Newc-Woll Gtr conurbation,Straight,Steep grade,,,Nil,Sealed,Dry,Fine,Daylight,Nil,No traffic controls,50 km/h,Local,74,On road-out of cont.,705,Out of control on cway,,Rollover,Motorised push scooters,,1,0,0,1,1,4,April,Autumn,Friday,12:00 - 13:59,Midday / afternoon,False,False,True,True
1357378,Injury,Serious Injury,2024,2024,May,Tuesday,22:00 - Midnight,CAWONGLA,RD,0,Right on the spot,NUMBER 1899,HN,CAWONGLA,,No,Not a school zone,2-way undivided,-28.607317,153.100283,Kyogle,Country urban,Rest of NSW - Urban,Curved,Driveway/entrance,,,Nil,Sealed,Wet,Raining,Darkness,Nil,No traffic controls,80 km/h,Local,85,Off rt/lft bnd=>obj,804,Off left bend into obj,Right,Vehicle - Object,4 wheel drive / SUV,,1,0,1,0,0,5,May,Autumn,Tuesday,22:00 - Midnight,Evening / night,False,False,True,True
1357379,Injury,Serious Injury,2024,2024,May,Monday,16:00 - 17:59,LIMEBURNERS CREEK,RD,100,East,GLEN MARTIN,RD,CLARENCE TOWN,,No,Not a school zone,2-way undivided,-32.583609,151.805084,Dungog,Country urban,Rest of NSW - Urban,Curved,Painted double centre lines,,,Nil,Sealed,Wet,Raining,Dusk,Nil,No traffic controls,80 km/h,Local,20,Head on,201,Opp - Head on,,Head-on,Light truck utility(from 2018),4 wheel drive / SUV,2,0,2,0,0,5,May,Autumn,Monday,16:00 - 17:59,PM peak / evening commute,True,False,True,True
1357380,Injury,Moderate Injury,2024,2024,June,Thursday,16:00 - 17:59,CAMDEN VALLEY,WAY,0,Right on the spot,BRINGELLY,RD,HORNINGSEA PARK,620.0,No,Not a school zone,X-intersection,-33.950034,150.838552,Liverpool,Sydney metro. area,Syd-Newc-Woll Gtr conurbation,Curved,,,,Unknown / not stated,Sealed,Unknown,Unknown,Dusk,On,No traffic controls,70 km/h,State,88,Out of cont on bend,707,Right turn,,Rollover,Motorcycle,,1,0,0,1,0,6,June,Winter,Thursday,16:00 - 17:59,PM peak / evening commute,True,False,True,True
1357381,Injury,Serious Injury,2024,2024,April,Sunday,10:00 - 11:59,OLD PRINCES,HWY,0,Right on the spot,TARRAWANNA,RD,CORRIMAL,,No,Not a school zone,X-intersection,-34.37497,150.896585,Wollongong,Wollongong met. area,Syd-Newc-Woll Gtr conurbation,Straight,,,,Off,Sealed,Dry,Fine,Daylight,On,No traffic controls,60 km/h,Local,10,Cross traffic,101,Adj - Cross traffic,,Right angle,Light truck utility(from 2018),4 wheel drive / SUV,2,0,1,0,1,4,April,Autumn,Sunday,10:00 - 11:59,Midday / afternoon,False,False,True,True
1357382,Injury,Moderate Injury,2024,2024,April,Saturday,10:00 - 11:59,RED HILL,RD,4000,North,TORRINGTON,RD,STANNUM,,No,Not a school zone,2-way undivided,-29.304174,151.820035,Tenterfield,Country non-urban,Rest of NSW - Rural,Straight,Ditch/drain/culvert,,,Nil,Unsealed,Dry,Fine,Daylight,Nil,No traffic controls,100 km/h,Local,71,Off rd left => obj,703,Left off cway into object,,Vehicle - Object,Motorcycle,,1,0,0,1,0,4,April,Autumn,Saturday,10:00 - 11:59,Midday / afternoon,False,False,True,True
1357383,Injury,Moderate Injury,2024,2024,April,Monday,18:00 - 19:59,QUARRY,RD,0,Right on the spot,NUMBER 150,HN,BOSSLEY PARK,,No,Not a school zone,2-way undivided,-33.855557,150.877498,Fairfield,Sydney metro. area,Syd-Newc-Woll Gtr conurbation,Straight,,,,On,Sealed,Dry,Fine,Darkness,Nil,No traffic controls,50 km/h,Local,0,Ped nearside,1,Ped - Near side,,Vehicle - Pedestrian,4 wheel drive / SUV,Pedestrian,2,0,0,1,0,4,April,Autumn,Monday,18:00 - 19:59,PM peak / evening commute,True,False,True,True
1357384,Injury,Serious Injury,2024,2024,May,Wednesday,16:00 - 17:59,DOBELL,DR,150,South,DONNELLY,RD,WANGI WANGI,,No,Not a school zone,2-way undivided,-33.065801,151.580084,Lake Macquarie,Newcastle met. area,Syd-Newc-Woll Gtr conurbation,Straight,Other bridge,,,Off,Sealed,Dry,Fine,Daylight,Nil,No traffic controls,50 km/h,Local,71,Off rd left => obj,703,Left off cway into object,,Vehicle - Object,Car (sedan/hatch),,1,0,1,0,0,5,May,Autumn,Wednesday,16:00 - 17:59,PM peak / evening commute,True,False,True,True
1357392,Injury,Serious Injury,2024,2024,June,Tuesday,06:00 - 07:59,PRINCES,HWY,0,Right on the spot,HOLT,RD,SYLVANIA,1.0,No,Not a school zone,T-junction,-34.013658,151.094212,Sutherland,Sydney metro. area,Syd-Newc-Woll Gtr conurbation,Straight,,,,Off,Sealed,Dry,Fine,Daylight,Nil,Give way sign,70 km/h,State,11,Right far,102,Adj - Right-thru from left,,Right angle,Car (sedan/hatch),Light truck utility(from 2018),2,0,1,0,0,6,June,Winter,Tuesday,06:00 - 07:59,AM peak / school commute,True,False,True,True
1357396,Injury,Serious Injury,2024,2024,May,Saturday,14:00 - 15:59,NORTHWOOD,RD,0,Right on the spot,NUMBER 7-9,HN,LONGUEVILLE,2070.0,No,Not a school zone,2-way undivided,-33.824438,151.172914,Lane Cove,Sydney metro. area,Syd-Newc-Woll Gtr conurbation,Curved,Driveway/entrance,,,Off,Sealed,Wet,Fine,Daylight,Nil,No traffic controls,50 km/h,Regional,47,Emerging from drive,406,Manov - Emerging from driveway,,Right angle,Car (sedan/hatch),Motorcycle,2,0,1,0,0,5,May,Autumn,Saturday,14:00 - 15:59,Midday / afternoon,False,False,True,True
1357398,Injury,Serious Injury,2024,2024,June,Friday,16:00 - 17:59,BOTANY,ST,50,South,NICHOLSON,ST,EDEN,,No,Not a school zone,2-way undivided,-37.052034,149.897122,Bega Valley,Country urban,Rest of NSW - Urban,Curved,Ditch/drain/culvert,,,Nil,Sealed,Dry,Fine,Daylight,Nil,No traffic controls,50 km/h,Local,85,Off rt/lft bnd=>obj,804,Off left bend into obj,Right,Vehicle - Object,Motorcycle,,1,0,1,0,0,6,June,Winter,Friday,16:00 - 17:59,PM peak / evening commute,True,False,True,True
1357401,Injury,Moderate Injury,2024,2024,March,Friday,10:00 - 11:59,MURRAYS RUN,RD,1000,North,WALKERS RIDGE,RD,OLNEY,,No,Not a school zone,2-way undivided,-33.121917,151.213767,Cessnock,Country urban,Rest of NSW - Urban,Straight,,,,Nil,Sealed,Dry,Fog or mist,Daylight,Nil,No traffic controls,50 km/h,Local,73,Off rd rght => obj,704,Right off cway into obj,,Vehicle - Object,4 wheel drive / SUV,,1,0,0,1,0,3,March,Autumn,Friday,10:00 - 11:59,Midday / afternoon,False,False,True,True
1357409,Injury,Minor/Other Injury,2024,2024,March,Friday,16:00 - 17:59,COBB,HWY,100,South,MILGATE,RD,MOAMA,21.0,No,Not a school zone,2-way undivided,-36.070249,144.750865,Murray River,Country non-urban,Rest of NSW - Rural,Straight,,,,Nil,Sealed,Dry,Fine,Daylight,Nil,No traffic controls,100 km/h,State,71,Off rd left => obj,703,Left off cway into object,,Vehicle - Object,Light truck utility(from 2018),,1,0,0,0,1,3,March,Autumn,Friday,16:00 - 17:59,PM peak / evening commute,True,False,True,True
1357415,Injury,Moderate Injury,2024,2024,July,Wednesday,14:00 - 15:59,STANLEY,RD,0,Right on the spot,WATER,ST,LIDCOMBE,,No,Not a school zone,T-junction,-33.862054,151.037185,Cumberland,Sydney metro. area,Syd-Newc-Woll Gtr conurbation,Straight,,,,Nil,Sealed,Dry,Fine,Daylight,Nil,No traffic controls,50 km/h,Local,10,Cross traffic,101,Adj - Cross traffic,,Right angle,4 wheel drive / SUV,4 wheel drive / SUV,2,0,0,1,0,7,July,Winter,Wednesday,14:00 - 15:59,Midday / afternoon,False,False,True,True
1357417,Injury,Serious Injury,2024,2024,July,Thursday,14:00 - 15:59,AVOCA,DR,0,Right on the spot,MELVILLE,ST,KINCUMBER,504.0,No,Not a school zone,T-junction,-33.466471,151.403991,Central Coast,Country urban,Syd-Newc-Woll Gtr conurbation,Curved,,,,Off,Sealed,Dry,Fine,Daylight,Nil,No traffic controls,60 km/h,State,32,Right rear,303,Same - Rear right,,Rear end,Car (sedan/hatch),4 wheel drive / SUV,2,0,1,0,0,7,July,Winter,Thursday,14:00 - 15:59,Midday / afternoon,False,False,True,True
1357422,Injury,Moderate Injury,2024,2024,July,Thursday,08:00 - 09:59,PACIFIC,HWY,0,Right on the spot,BETHESDA,PL,KEW,10.0,No,Not a school zone,Roundabout,-31.643945,152.721559,Port Macquarie-Hastings,Country urban,Rest of NSW - Urban,Curved,,,,Unknown / not stated,Sealed,Unknown,Unknown,Daylight,Nil,Give way sign,60 km/h,State,85,Off rt/lft bnd=>obj,804,Off left bend into obj,Right,Vehicle - Object,Motorcycle,,1,0,0,1,0,7,July,Winter,Thursday,08:00 - 09:59,AM peak / school commute,True,False,True,True
1357426,Injury,Moderate Injury,2024,2024,June,Saturday,14:00 - 15:59,MADDOX,ST,100,West,BOURKE,RD,ALEXANDRIA,,No,Not a school zone,2-way undivided,-33.908696,151.19569,Sydney,Sydney metro. area,Syd-Newc-Woll Gtr conurbation,Straight,,,,Off,Sealed,Dry,Fine,Daylight,Nil,No traffic controls,50 km/h,Local,0,Ped nearside,1,Ped - Near side,,Vehicle - Pedestrian,Station wagon,Pedestrian,2,0,0,1,0,6,June,Winter,Saturday,14:00 - 15:59,Midday / afternoon,False,False,True,True
1357427,Injury,Serious Injury,2024,2024,March,Saturday,18:00 - 19:59,ROOTY HILL,RD,0,Right on the spot,WOLSELEY,ST,ROOTY HILL,,No,Not a school zone,Roundabout,-33.763027,150.838764,Blacktown,Sydney metro. area,Syd-Newc-Woll Gtr conurbation,Straight,,,,Off,Sealed,Unknown,Unknown,Daylight,Nil,Give way sign,50 km/h,Local,53,Overtake turning,506,Ovtak - Overtaking right turn,,Other angle,Motorcycle,4 wheel drive / SUV,2,0,3,0,0,3,March,Autumn,Saturday,18:00 - 19:59,PM peak / evening commute,True,False,True,True
1357430,Injury,Moderate Injury,2024,2024,July,Wednesday,08:00 - 09:59,MID WESTERN,HWY,400,South,CARCOAR DAM,RD,CARCOAR,6.0,No,Not a school zone,2-way undivided,-33.59103,149.181324,Blayney,Country non-urban,Rest of NSW - Rural,Curved,Ditch/drain/culvert,,,Nil,Sealed,Wet,Raining,Daylight,Nil,No traffic controls,100 km/h,State,80,Off left/right bend,801,Off cway right bend,Left,Rollover,Large rigid,,1,0,0,2,0,7,July,Winter,Wednesday,08:00 - 09:59,AM peak / school commute,True,False,True,True
1357432,Injury,Serious Injury,2024,2024,April,Saturday,16:00 - 17:59,DEANS CREEK,RD,1250,South,BUCKETTS,WAY,KIWARRAK,,No,Not a school zone,2-way undivided,-31.954659,152.413952,Mid-Coast,Country non-urban,Rest of NSW - Rural,Curved,,,,Nil,Unsealed,Dry,Fine,Daylight,Nil,No traffic controls,100 km/h,Local,20,Head on,201,Opp - Head on,,Head-on,Motorcycle,Light truck utility(from 2018),2,0,1,0,0,4,April,Autumn,Saturday,16:00 - 17:59,PM peak / evening commute,True,False,True,True
1357435,Injury,Serious Injury,2024,2024,May,Monday,12:00 - 13:59,VETERANS,PDE,40,North,LANTANA,AVE,NARRABEEN,,No,Not a school zone,2-way undivided,-33.724317,151.287146,Northern Beaches,Sydney metro. area,Syd-Newc-Woll Gtr conurbation,Straight,Foot/cycle path/nature strip,,,Nil,Sealed,Dry,Fine,Daylight,Nil,No traffic controls,50 km/h,Local,6,Ped on footpath,8,Ped - On footway/median,,Vehicle - Pedestrian,Passenger van,Pedestrian,4,0,1,2,0,5,May,Autumn,Monday,12:00 - 13:59,Midday / afternoon,False,False,True,True
1357436,Injury,Serious Injury,2024,2024,April,Saturday,18:00 - 19:59,CROOKED RIVER,RD,0,Right on the spot,NUMBER 11,HN,GERROA,571.0,No,Not a school zone,2-way undivided,-34.761546,150.820869,Kiama,Country urban,Rest of NSW - Urban,Curved,Painted double centre lines,,,Nil,Sealed,Dry,Fine,Darkness,Nil,No traffic controls,80 km/h,Regional,85,Off rt/lft bnd=>obj,804,Off left bend into obj,Right,Vehicle - Object,Light truck utility(from 2018),,1,0,1,0,0,4,April,Autumn,Saturday,18:00 - 19:59,PM peak / evening commute,True,False,True,True
1357437,Injury,Moderate Injury,2024,2024,April,Sunday,16:00 - 17:59,OBLEY,RD,330,South,CAMP,RD,DUBBO,,No,Not a school zone,2-way undivided,-32.297663,148.599474,Dubbo Regional,Country non-urban,Rest of NSW - Rural,Curved,,,,Nil,Sealed,Dry,Fine,Daylight,Nil,No traffic controls,100 km/h,Local,81,Off left/rt bnd=>obj,803,Off right bend into obj,Left,Vehicle - Object,Utility,,1,0,0,1,0,4,April,Autumn,Sunday,16:00 - 17:59,PM peak / evening commute,True,False,True,True
1357438,Injury,Serious Injury,2024,2024,May,Friday,14:00 - 15:59,BURNS BAY,RD,10,North,LINLEY,LANE,LINLEY POINT,166.0,No,Not a school zone,T-junction,-33.824325,151.15017,Lane Cove,Sydney metro. area,Syd-Newc-Woll Gtr conurbation,Curved,Steep grade,,,Off,Sealed,Wet,Raining,Daylight,Nil,No traffic controls,60 km/h,State,20,Head on,201,Opp - Head on,,Head-on,Car (sedan/hatch),Passenger van,2,0,1,0,0,5,May,Autumn,Friday,14:00 - 15:59,Midday / afternoon,False,False,True,True
1357441,Injury,Serious Injury,2024,2024,February,Thursday,20:00 - 21:59,BORONIA,RD,0,Right on the spot,NOBLE,AVE,GREENACRE,636.0,No,Not a school zone,X-intersection,-33.906142,151.052538,Canterbury-Bankstown,Sydney metro. area,Syd-Newc-Woll Gtr conurbation,Straight,,,,On,Sealed,Dry,Fine,Darkness,On,No traffic controls,60 km/h,State,10,Cross traffic,101,Adj - Cross traffic,,Right angle,Motorcycle,Light truck utility(from 2018),2,0,1,0,0,2,February,Summer,Thursday,20:00 - 21:59,Evening / night,False,False,True,True
1357442,Injury,Moderate Injury,2024,2024,May,Thursday,06:00 - 07:59,WARRINGAH,RD,50,South,CURRIE,RD,FORESTVILLE,328.0,Yes,No,Divided road,-33.7596,151.218781,Northern Beaches,Sydney metro. area,Syd-Newc-Woll Gtr conurbation,Straight,,,,Off,Sealed,Dry,Fine,Daylight,Nil,No traffic controls,70 km/h,State,35,Lane change left,307,Same - Lane change left,,Other angle,Light truck utility(from 2018),Motorcycle,3,0,0,1,0,5,May,Autumn,Thursday,06:00 - 07:59,AM peak / school commute,True,False,True,True
1357447,Injury,Moderate Injury,2024,2024,June,Tuesday,18:00 - 19:59,GREAT WESTERN,HWY,20,West,ROSS,ST,FOREST LODGE,5.0,No,Not a school zone,Divided road,-33.885127,151.184278,Sydney,Sydney metro. area,Syd-Newc-Woll Gtr conurbation,Straight,,,,On,Sealed,Dry,Fine,Darkness,Nil,No traffic controls,60 km/h,State,34,Lane change right,306,Same - Lane change right,,Other angle,Car (sedan/hatch),Car (sedan/hatch),4,0,0,2,0,6,June,Winter,Tuesday,18:00 - 19:59,PM peak / evening commute,True,False,True,True
1357448,Injury,Serious Injury,2024,2024,May,Friday,20:00 - 21:59,RAILWAY,ST,0,Right on the spot,SHERBROOKE,ST,ROOTY HILL,537.0,No,Not a school zone,X-intersection,-33.770214,150.835065,Blacktown,Sydney metro. area,Syd-Newc-Woll Gtr conurbation,Straight,,,,On,Sealed,Wet,Fine,Darkness,On,No traffic controls,60 km/h,State,21,Right through,202,Opp - Right-thru,,Other angle,Car (sedan/hatch),Car (sedan/hatch),2,0,1,0,0,5,May,Autumn,Friday,20:00 - 21:59,Evening / night,False,False,True,True
1357457,Injury,Serious Injury,2024,2024,May,Monday,14:00 - 15:59,FIRTH,ST,60,South,BELMORE,ST,ARNCLIFFE,,No,Not a school zone,2-way undivided,-33.93711,151.146636,Bayside,Sydney metro. area,Syd-Newc-Woll Gtr conurbation,Straight,Painted double centre lines,,,Nil,Sealed,Dry,Fine,Daylight,Nil,No traffic controls,40 km/h,Local,40,U turn,304,Same - U-turn,,Other angle,Car (sedan/hatch),Motorcycle,2,0,1,0,0,5,May,Autumn,Monday,14:00 - 15:59,Midday / afternoon,False,False,True,True
1357459,Injury,Serious Injury,2024,2024,April,Sunday,08:00 - 09:59,MOORE,ST,0,Right on the spot,CASTLEREAGH,ST,LIVERPOOL,8002.0,No,Not a school zone,X-intersection,-33.922065,150.920122,Liverpool,Sydney metro. area,Syd-Newc-Woll Gtr conurbation,Straight,,,,Off,Sealed,Dry,Fine,Daylight,Nil,Stop sign,50 km/h,State,10,Cross traffic,101,Adj - Cross traffic,,Right angle,4 wheel drive / SUV,Car (sedan/hatch),2,0,2,1,0,4,April,Autumn,Sunday,08:00 - 09:59,AM peak / school commute,True,False,True,True