crash_id,degree_of_crash,degree_of_crash_-_detailed,reporting_year,year_of_crash,month_of_crash,day_of_week_of_crash,two-hour_intervals,street_of_crash,street_type,distance,direction,identifying_feature,identifying_feature_type,town,route_no.,school_zone_location,school_zone_active,type_of_location,latitude,longitude,lga,urbanisation,conurbation_1,alignment,primary_permanent_feature,primary_temporary_feature,primary_hazardous_feature,street_lighting,road_surface,surface_condition,weather,natural_lighting,signals_operation,other_traffic_control,speed_limit,road_classification_(admin),rum_-_code,rum_-_description,dca_-_code,dca_-_description,dca_supplement,first_impact_type,key_tu_type,other_tu_type,no._of_traffic_units_involved,no._killed,no._seriously_injured,no._moderately_injured,no._minor-other_injured,month_num,month_label,season,day_label,time_label,time_band,is_peak_commute,is_fatal,is_injury,is_casualty
1357465,Injury,Moderate Injury,2024,2024,July,Saturday,08:00 - 09:59,COLLINS,PROM,0,Right on the spot,CHESTER,RD,INGLEBURN,680.0,No,Not a school zone,Roundabout,-34.011284,150.871595,Campbelltown,Sydney metro. area,Syd-Newc-Woll Gtr conurbation,Straight,,,,Nil,Sealed,Dry,Fine,Daylight,Nil,Give way sign,60 km/h,State,10,Cross traffic,101,Adj - Cross traffic,,Right angle,Car (sedan/hatch),Pedal cycle,2,0,0,1,0,7,July,Winter,Saturday,08:00 - 09:59,AM peak / school commute,True,False,True,True
1357468,Injury,Moderate Injury,2024,2024,June,Saturday,14:00 - 15:59,BOLD,ST,0,Right on the spot,LAURIE,ST,LAURIETON,,Yes,No,X-intersection,-31.652312,152.79675,Port Macquarie-Hastings,Country urban,Rest of NSW - Urban,Straight,,,,Off,Sealed,Dry,Fine,Daylight,Nil,Give way sign,50 km/h,Local,21,Right through,202,Opp - Right-thru,,Other angle,Light truck utility(from 2018),Motorcycle,2,0,0,1,0,6,June,Winter,Saturday,14:00 - 15:59,Midday / afternoon,False,False,True,True
1357471,Injury,Serious Injury,2024,2024,February,Sunday,10:00 - 11:59,JERSEY,AVE,0,Right on the spot,MARGARET,ST,ARGENTON,,No,Not a school zone,T-junction,-32.936139,151.627262,Lake Macquarie,Newcastle met. area,Syd-Newc-Woll Gtr conurbation,Straight,,,,Off,Sealed,Dry,Fine,Daylight,Nil,Stop sign,50 km/h,Local,74,On road-out of cont.,705,Out of control on cway,,Rollover,Utility,,1,0,1,0,0,2,February,Summer,Sunday,10:00 - 11:59,Midday / afternoon,False,False,True,True
1357475,Injury,Serious Injury,2024,2024,March,Sunday,08:00 - 09:59,COOLAMON,RD,105,South,MATHEWS,RD,DOWNSIDE,240.0,No,Not a school zone,2-way undivided,-35.013942,147.354163,Wagga Wagga,Country non-urban,Rest of NSW - Rural,Curved,,,,Nil,Sealed,Dry,Fine,Daylight,Nil,No traffic controls,100 km/h,Regional,20,Head on,201,Opp - Head on,,Head-on,Station wagon,Light truck utility(from 2018),2,0,1,1,0,3,March,Autumn,Sunday,08:00 - 09:59,AM peak / school commute,True,False,True,True
1357477,Injury,Serious Injury,2024,2024,May,Wednesday,06:00 - 07:59,HUME,HWY,2000,South,BROOKS ROAD,OP,INGLEBURN,2.0,No,Not a school zone,Dual freeway,-34.002811,150.839374,Campbelltown,Sydney metro. area,Syd-Newc-Woll Gtr conurbation,Straight,,,,Nil,Sealed,Dry,Fine,Daylight,Nil,No traffic controls,110 km/h,State,30,Rear end,301,Same - Rear end,,Rear end,Light truck utility(from 2018),Light truck utility(from 2018),2,0,1,1,0,5,May,Autumn,Wednesday,06:00 - 07:59,AM peak / school commute,True,False,True,True
1357478,Injury,Moderate Injury,2024,2024,March,Thursday,16:00 - 17:59,RESTWELL,RD,110,East,MIMOSA,RD,BOSSLEY PARK,7222.0,Yes,No,2-way undivided,-33.859849,150.892211,Fairfield,Sydney metro. area,Syd-Newc-Woll Gtr conurbation,Straight,Foot/cycle path/nature strip,,,Off,Sealed,Dry,Fine,Daylight,Nil,Ped crossing,50 km/h,Regional,48,From footpath,408,Manov - From footway,,Other angle,Pedal cycle,Car (sedan/hatch),2,0,0,1,0,3,March,Autumn,Thursday,16:00 - 17:59,PM peak / evening commute,True,False,True,True
1357481,Injury,Moderate Injury,2024,2024,June,Wednesday,14:00 - 15:59,MINMI,RD,0,Right on the spot,WARKWORTH,ST,MARYLAND,,No,Not a school zone,T-junction,-32.883484,151.654168,Newcastle,Newcastle met. area,Syd-Newc-Woll Gtr conurbation,Curved,,,,Nil,Sealed,Dry,Fine,Daylight,Nil,No traffic controls,60 km/h,Local,21,Right through,202,Opp - Right-thru,,Other angle,Car (sedan/hatch),Pedal cycle,2,0,0,1,0,6,June,Winter,Wednesday,14:00 - 15:59,Midday / afternoon,False,False,True,True
1357482,Injury,Moderate Injury,2024,2024,March,Wednesday,08:00 - 09:59,BROBENAH,RD,200,North,KARRI,RD,LEETON,,No,Not a school zone,2-way undivided,-34.537785,146.407946,Leeton,Country urban,Rest of NSW - Urban,Straight,Foot/cycle path/nature strip,,,Nil,Sealed,Dry,Fine,Daylight,Nil,No traffic controls,60 km/h,Local,47,Emerging from drive,406,Manov - Emerging from driveway,,Right angle,Light truck,Pedal cycle,2,0,0,1,0,3,March,Autumn,Wednesday,08:00 - 09:59,AM peak / school commute,True,False,True,True
1357483,Injury,Moderate Injury,2024,2024,May,Saturday,10:00 - 11:59,GLENIFFER,RD,1500,West,GORDONS,RD,BONVILLE,,No,Not a school zone,2-way undivided,-30.382665,152.988721,Coffs Harbour,Country non-urban,Rest of NSW - Rural,Curved,,,Potholes/corrugations/rough,Nil,Unsealed,Dry,Fine,Daylight,Nil,No traffic controls,100 km/h,Local,88,Out of cont on bend,805,Out of control on bend,,Rollover,Motorcycle,,1,0,0,1,0,5,May,Autumn,Saturday,10:00 - 11:59,Midday / afternoon,False,False,True,True
1357484,Injury,Minor/Other Injury,2024,2024,July,Thursday,16:00 - 17:59,BUSACO,RD,150,North,TALAVERA,RD,MARSFIELD,,No,Not a school zone,2-way undivided,-33.764762,151.111806,Ryde,Sydney metro. area,Syd-Newc-Woll Gtr conurbation,Straight,,,,On,Sealed,Dry,Fine,Darkness,Nil,No traffic controls,50 km/h,Local,0,Ped nearside,1,Ped - Near side,,Vehicle - Pedestrian,Motor scooter,Pedestrian,2,0,0,0,2,7,July,Winter,Thursday,16:00 - 17:59,PM peak / evening commute,True,False,True,True
1357485,Injury,Minor/Other Injury,2024,2024,July,Saturday,00:01 - 01:59,HOMEBUSH BAY,DR,0,Right on the spot,WESTERN,EXP,HOMEBUSH WEST,200.0,No,Not a school zone,T-junction,-33.856692,151.071009,Strathfield,Sydney metro. area,Syd-Newc-Woll Gtr conurbation,Curved,Other bridge,,,On,Sealed,Dry,Fine,Darkness,On,No traffic controls,80 km/h,State,30,Rear end,301,Same - Rear end,,Rear end,Car (sedan/hatch),Car (sedan/hatch),2,0,0,0,1,7,July,Winter,Saturday,00:01 - 01:59,Late night / early morning,False,False,True,True
1357487,Injury,Serious Injury,2024,2024,July,Monday,20:00 - 21:59,AVRO,ST,380,West,AIRPORT,AVE,BANKSTOWN AERODROME,,No,Not a school zone,2-way undivided,-33.917151,150.988319,Canterbury-Bankstown,Sydney metro. area,Syd-Newc-Woll Gtr conurbation,Straight,,,,Off,Sealed,Wet,Raining,Darkness,Nil,No traffic controls,50 km/h,Local,75,Off end of road,709,Off end cway or T junct,,Vehicle - Object,Car (sedan/hatch),,1,0,1,0,0,7,July,Winter,Monday,20:00 - 21:59,Evening / night,False,False,True,True
1357492,Injury,Minor/Other Injury,2024,2024,June,Thursday,06:00 - 07:59,NEWCASTLE,EXP,2950,South,FREEMANS DRIVE,OP,COORANBONG,6003.0,No,Not a school zone,Dual freeway,-33.06857,151.478438,Lake Macquarie,Newcastle met. area,Syd-Newc-Woll Gtr conurbation,Straight,,,,Nil,Sealed,Dry,Fine,Daylight,Nil,No traffic controls,110 km/h,State,71,Off rd left => obj,703,Left off cway into object,,Vehicle - Object,Light truck utility(from 2018),,1,0,0,0,1,6,June,Winter,Thursday,06:00 - 07:59,AM peak / school commute,True,False,True,True
1357496,Injury,Serious Injury,2024,2024,May,Monday,16:00 - 17:59,CARTERS,RD,0,Right on the spot,NUMBER 29,HN,DURAL,,No,Not a school zone,2-way undivided,-33.676245,151.048886,Hornsby,Sydney metro. area,Syd-Newc-Woll Gtr conurbation,Curved,,,,Nil,Sealed,Wet,Fine,Daylight,Nil,No traffic controls,50 km/h,Local,20,Head on,201,Opp - Head on,,Head-on,Car (sedan/hatch),Other bus,2,0,1,0,0,5,May,Autumn,Monday,16:00 - 17:59,PM peak / evening commute,True,False,True,True
1357498,Injury,Moderate Injury,2024,2024,June,Monday,14:00 - 15:59,THE ROCK,RD,0,Right on the spot,WETMORES,LANE,MILBRULONG,,No,Not a school zone,T-junction,-35.270331,146.896218,Lockhart,Country non-urban,Rest of NSW - Rural,Straight,,,,Nil,Unsealed,Dry,Fine,Daylight,Nil,No traffic controls,100 km/h,Local,10,Cross traffic,101,Adj - Cross traffic,,Right angle,Light truck utility(from 2018),4 wheel drive / SUV,2,0,0,1,0,6,June,Winter,Monday,14:00 - 15:59,Midday / afternoon,False,False,True,True
1357502,Injury,Moderate Injury,2024,2024,April,Friday,20:00 - 21:59,RAYE,ST,50,East,RAMUS,ST,TOLLAND,,No,Not a school zone,2-way undivided,-35.147934,147.346711,Wagga Wagga,Country urban,Rest of NSW - Urban,Straight,,,,On,Sealed,Dry,Fine,Darkness,Nil,No traffic controls,50 km/h,Local,73,Off rd rght => obj,704,Right off cway into obj,,Vehicle - Object,Light truck utility(from 2018),,1,0,0,2,0,4,April,Autumn,Friday,20:00 - 21:59,Evening / night,False,False,True,True
1357503,Injury,Moderate Injury,2024,2024,July,Sunday,08:00 - 09:59,BINALONG,ST,0,Right on the spot,MITTAGANG,RD,COOMA,,Yes,No,X-intersection,-36.219479,149.13142,Snowy Monaro Regional,Country urban,Rest of NSW - Urban,Straight,,,,Off,Sealed,Dry,Fine,Daylight,Nil,Give way sign,60 km/h,Local,10,Cross traffic,101,Adj - Cross traffic,,Right angle,4 wheel drive / SUV,Car (sedan/hatch),2,0,0,1,0,7,July,Winter,Sunday,08:00 - 09:59,AM peak / school commute,True,False,True,True
1357507,Injury,Serious Injury,2024,2024,June,Tuesday,22:00 - Midnight,DEBRINCAT,AVE,0,Right on the spot,POPLAR,ST,NORTH ST MARYS,7168.0,No,Not a school zone,T-junction,-33.756256,150.784792,Penrith,Sydney metro. area,Syd-Newc-Woll Gtr conurbation,Straight,,,,On,Sealed,Dry,Overcast,Darkness,Nil,No traffic controls,50 km/h,Regional,13,Right near,104,Adj - Right-thru from right,,Right angle,Car (sedan/hatch),Car (sedan/hatch),2,0,1,1,0,6,June,Winter,Tuesday,22:00 - Midnight,Evening / night,False,False,True,True
1357508,Injury,Moderate Injury,2024,2024,May,Thursday,00:01 - 01:59,GREAT WESTERN,HWY,0,Right on the spot,CUMBERLAND,HWY,WENTWORTHVILLE,5.0,No,Not a school zone,X-intersection,-33.814385,150.964691,Cumberland,Sydney metro. area,Syd-Newc-Woll Gtr conurbation,Straight,,,,On,Sealed,Dry,Fine,Darkness,On,No traffic controls,80 km/h,State,21,Right through,202,Opp - Right-thru,,Other angle,Car (sedan/hatch),Car (sedan/hatch),2,0,0,1,1,5,May,Autumn,Thursday,00:01 - 01:59,Late night / early morning,False,False,True,True
1357511,Injury,Serious Injury,2024,2024,July,Monday,10:00 - 11:59,LACHLAN VALLEY,WAY,0,Right on the spot,WILLOW BEND,RD,CONDOBOLIN,377.0,No,Not a school zone,T-junction,-33.104148,147.160503,Lachlan,Country non-urban,Rest of NSW - Rural,Straight,,,,Nil,Sealed,Dry,Fine,Daylight,Nil,Give way sign,100 km/h,Regional,10,Cross traffic,101,Adj - Cross traffic,,Right angle,Light truck utility(from 2018),Large rigid,2,0,1,0,0,7,July,Winter,Monday,10:00 - 11:59,Midday / afternoon,False,False,True,True
1357515,Injury,Moderate Injury,2024,2024,July,Sunday,04:00 - 05:59,PACIFIC,HWY,2000,South,OCEAN DRIVE,OP,KEW,10.0,No,Not a school zone,Divided road,-31.650496,152.726984,Port Macquarie-Hastings,Country non-urban,Rest of NSW - Rural,Straight,,,,Nil,Sealed,Dry,Fine,Darkness,Nil,No traffic controls,110 km/h,State,72,Off road to right,702,Off carriageway to right,,Rollover,4 wheel drive / SUV,,1,0,0,1,0,7,July,Winter,Sunday,04:00 - 05:59,Late night / early morning,False,False,True,True
1357516,Injury,Moderate Injury,2024,2024,July,Monday,22:00 - Midnight,WENTWORTH,AVE,0,Right on the spot,SOUTHERN CROSS DRIVE,TO,MASCOT,344.0,No,Not a school zone,Divided road,-33.935726,151.207574,Bayside,Sydney metro. area,Syd-Newc-Woll Gtr conurbation,Straight,,,,On,Sealed,Wet,Overcast,Darkness,Nil,No traffic controls,70 km/h,State,71,Off rd left => obj,703,Left off cway into object,,Vehicle - Object,4 wheel drive / SUV,,1,0,0,1,0,7,July,Winter,Monday,22:00 - Midnight,Evening / night,False,False,True,True
1357517,Injury,Moderate Injury,2024,2024,July,Saturday,10:00 - 11:59,ROOTY HILL,RD,0,Right on the spot,BOTTLES,RD,PLUMPTON,537.0,Yes,No,T-junction,-33.749926,150.841548,Blacktown,Sydney metro. area,Syd-Newc-Woll Gtr conurbation,Straight,,,,Off,Sealed,Wet,Overcast,Daylight,Nil,Give way sign,60 km/h,State,16,Left near,107,Adj - Left-thru from right,,Right angle,Passenger van,4 wheel drive / SUV,2,0,0,1,0,7,July,Winter,Saturday,10:00 - 11:59,Midday / afternoon,False,False,True,True
1357521,Injury,Moderate Injury,2024,2024,April,Tuesday,12:00 - 13:59,BODELLS,LANE,670,North,NEWELL,HWY,BACK CREEK,,No,Not a school zone,2-way undivided,-33.8644,147.35836,Bland,Country urban,Rest of NSW - Urban,Curved,,,Loose gravel shoulder,Nil,Unsealed,Dry,Fine,Daylight,Nil,No traffic controls,80 km/h,Local,86,Off left/left bend,802,Off cway left bend,Left,Rollover,Light truck utility(from 2018),,1,0,0,1,0,4,April,Autumn,Tuesday,12:00 - 13:59,Midday / afternoon,False,False,True,True
1357522,Injury,Serious Injury,2024,2024,May,Saturday,10:00 - 11:59,PRINCES,HWY,0,Right on the spot,OAK,RD,KIRRAWEE,1.0,No,Not a school zone,X-intersection,-34.032147,151.071535,Sutherland,Sydney metro. area,Syd-Newc-Woll Gtr conurbation,Straight,,,,Off,Sealed,Wet,Raining,Daylight,On,Ped crossing,70 km/h,State,2,Ped far side,3,Ped - Far side,,Vehicle - Pedestrian,Car (sedan/hatch),Pedestrian,2,0,1,0,0,5,May,Autumn,Saturday,10:00 - 11:59,Midday / afternoon,False,False,True,True
1357526,Injury,Moderate Injury,2024,2024,June,Friday,18:00 - 19:59,HENRY,ST,0,Right on the spot,KELLY,ST,PUNCHBOWL,,Yes,No,T-junction,-33.923341,151.053983,Canterbury-Bankstown,Sydney metro. area,Syd-Newc-Woll Gtr conurbation,Straight,,,,Off,Sealed,Dry,Fine,Dusk,Nil,No traffic controls,50 km/h,Local,9,Ped other,0,Ped - other,,Vehicle - Pedestrian,Unknown motor vehicle,Pedestrian,2,0,0,1,0,6,June,Winter,Friday,18:00 - 19:59,PM peak / evening commute,True,False,True,True
1357528,Injury,Moderate Injury,2024,2024,July,Thursday,20:00 - 21:59,CUMBERLAND,HWY,0,Right on the spot,OLD WINDSOR,RD,CONSTITUTION HILL,13.0,No,Not a school zone,T-junction,-33.794385,150.983214,Parramatta,Sydney metro. area,Syd-Newc-Woll Gtr conurbation,Straight,,,,On,Sealed,Wet,Raining,Darkness,On,No traffic controls,70 km/h,State,2,Ped far side,3,Ped - Far side,,Vehicle - Pedestrian,Light truck utility(from 2018),Pedestrian,2,0,0,1,0,7,July,Winter,Thursday,20:00 - 21:59,Evening / night,False,False,True,True
1357531,Injury,Serious Injury,2024,2024,July,Friday,20:00 - 21:59,DENNIS,ST,0,Right on the spot,THE BOULEVARDE,MS,LAKEMBA,,No,Not a school zone,T-junction,-33.919197,151.079574,Canterbury-Bankstown,Sydney metro. area,Syd-Newc-Woll Gtr conurbation,Straight,,,,On,Sealed,Dry,Fine,Darkness,Nil,No traffic controls,50 km/h,Local,2,Ped far side,3,Ped - Far side,,Vehicle - Pedestrian,Car (sedan/hatch),Pedestrian,2,0,1,0,0,7,July,Winter,Friday,20:00 - 21:59,Evening / night,False,False,True,True
1357532,Injury,Serious Injury,2024,2024,July,Monday,06:00 - 07:59,SUMMERLAND,WAY,670,West,BURNETTS,LANE,DAIRY FLAT,83.0,No,Not a school zone,2-way undivided,-28.387281,152.67929,Kyogle,Country non-urban,Rest of NSW - Rural,Curved,Painted double centre lines,,,Nil,Sealed,Wet,Raining,Dawn,Nil,No traffic controls,100 km/h,State,85,Off rt/lft bnd=>obj,804,Off left bend into obj,Right,Vehicle - Object,4 wheel drive / SUV,,1,0,1,0,0,7,July,Winter,Monday,06:00 - 07:59,AM peak / school commute,True,False,True,True
1357535,Injury,Serious Injury,2024,2024,July,Monday,14:00 - 15:59,AUGUSTA,ST,0,Right on the spot,WIGGS,RD,RIVERWOOD,,No,Not a school zone,T-junction,-33.939065,151.053827,Canterbury-Bankstown,Sydney metro. area,Syd-Newc-Woll Gtr conurbation,Straight,,,,Off,Sealed,Dry,Fine,Daylight,Nil,Stop sign,50 km/h,Local,71,Off rd left => obj,703,Left off cway into object,,Vehicle - Object,Light truck utility(from 2018),,2,0,1,1,0,7,July,Winter,Monday,14:00 - 15:59,Midday / afternoon,False,False,True,True
1357537,Injury,Moderate Injury,2024,2024,February,Monday,14:00 - 15:59,CARINGBAH,RD,0,Right on the spot,NUMBER 130B,HN,CARINGBAH,,No,Not a school zone,2-way undivided,-34.046508,151.120944,Sutherland,Sydney metro. area,Syd-Newc-Woll Gtr conurbation,Straight,,,,Off,Sealed,Dry,Fine,Daylight,Nil,No traffic controls,50 km/h,Local,73,Off rd rght => obj,704,Right off cway into obj,,Other angle,4 wheel drive / SUV,Car (sedan/hatch),2,0,0,1,0,2,February,Summer,Monday,14:00 - 15:59,Midday / afternoon,False,False,True,True
1357542,Injury,Minor/Other Injury,2024,2024,June,Thursday,18:00 - 19:59,RAILWAY,TCE,0,Right on the spot,KENSINGTON PARK,RD,RIVERSTONE,7157.0,No,Not a school zone,T-junction,-33.691663,150.867325,Blacktown,Sydney metro. area,Syd-Newc-Woll Gtr conurbation,Straight,,,,On,Sealed,Dry,Fine,Darkness,Nil,No traffic controls,50 km/h,Regional,32,Right rear,303,Same - Rear right,,Rear end,4 wheel drive / SUV,Light truck utility(from 2018),2,0,0,0,1,6,June,Winter,Thursday,18:00 - 19:59,PM peak / evening commute,True,False,True,True
1357543,Injury,Moderate Injury,2024,2024,June,Saturday,10:00 - 11:59,GOORAMA,AVE,0,Right on the spot,ILUKA,AVE,SAN REMO,,No,Not a school zone,X-intersection,-33.215516,151.520552,Central Coast,Country urban,Syd-Newc-Woll Gtr conurbation,Straight,,,,Off,Sealed,Dry,Fine,Daylight,Nil,Stop sign,50 km/h,Local,10,Cross traffic,101,Adj - Cross traffic,,Right angle,Light truck utility(from 2018),Light truck utility(from 2018),3,0,0,1,0,6,June,Winter,Saturday,10:00 - 11:59,Midday / afternoon,False,False,True,True
1357545,Injury,Moderate Injury,2024,2024,June,Wednesday,16:00 - 17:59,JELLICOE,ST,175,West,WARBRICK,ST,CONCORD,7325.0,No,Not a school zone,2-way undivided,-33.85688,151.103613,Canada Bay,Sydney metro. area,Syd-Newc-Woll Gtr conurbation,Straight,,,,Nil,Sealed,Dry,Fine,Dusk,Nil,No traffic controls,50 km/h,Regional,44,Parking vehicles,403,Manov - Parking-parked vehicle,,Other angle,4 wheel drive / SUV,Car (sedan/hatch),4,0,0,1,0,6,June,Winter,Wednesday,16:00 - 17:59,PM peak / evening commute,True,False,True,True
1357546,Injury,Moderate Injury,2024,2024,May,Friday,14:00 - 15:59,WARRINGAH,RD,0,Right on the spot,DAINES,PDE,BEACON HILL,328.0,No,Not a school zone,T-junction,-33.753074,151.25687,Northern Beaches,Sydney metro. area,Syd-Newc-Woll Gtr conurbation,Straight,,,,Nil,Sealed,Dry,Fine,Daylight,Nil,No traffic controls,70 km/h,State,30,Rear end,301,Same - Rear end,,Rear end,4 wheel drive / SUV,Car (sedan/hatch),2,0,0,1,0,5,May,Autumn,Friday,14:00 - 15:59,Midday / afternoon,False,False,True,True
1357548,Injury,Minor/Other Injury,2024,2024,May,Friday,20:00 - 21:59,LOOKOUT,RD,0,Right on the spot,WALLA WALBUNDRIE,RD,WALLA WALLA,547.0,No,Not a school zone,T-junction,-35.740935,146.896734,Greater Hume,Country non-urban,Rest of NSW - Rural,Straight,,,,Nil,Sealed,Dry,Fine,Darkness,Nil,Give way sign,100 km/h,Regional,75,Off end of road,709,Off end cway or T junct,,Rollover,Light truck,,1,0,0,0,1,5,May,Autumn,Friday,20:00 - 21:59,Evening / night,False,False,True,True
1357550,Injury,Serious Injury,2024,2024,July,Tuesday,16:00 - 17:59,PARTRIDGE,AVE,0,Right on the spot,WILSON,RD,HINCHINBROOK,,No,Not a school zone,Roundabout,-33.916523,150.86404,Liverpool,Sydney metro. area,Syd-Newc-Woll Gtr conurbation,Straight,,,,Off,Sealed,Dry,Fine,Daylight,Nil,Give way sign,50 km/h,Local,10,Cross traffic,101,Adj - Cross traffic,,Right angle,4 wheel drive / SUV,Pedal cycle,2,0,1,0,0,7,July,Winter,Tuesday,16:00 - 17:59,PM peak / evening commute,True,False,True,True
1357551,Injury,Serious Injury,2024,2024,April,Monday,14:00 - 15:59,COOK ST,ST,0,Right on the spot,NUMBER 37,HN,FORESTVILLE,,Yes,No,2-way undivided,-33.762915,151.219273,Northern Beaches,Sydney metro. area,Syd-Newc-Woll Gtr conurbation,Straight,,,,Off,Sealed,Dry,Fine,Daylight,Nil,No traffic controls,50 km/h,Local,71,Off rd left => obj,703,Left off cway into object,,Other angle,Car (sedan/hatch),4 wheel drive / SUV,3,0,1,0,0,4,April,Autumn,Monday,14:00 - 15:59,Midday / afternoon,False,False,True,True
1357555,Injury,Serious Injury,2024,2024,June,Monday,06:00 - 07:59,PRINCES,HWY,0,Right on the spot,GLADSTONE,AVE,WOLLONGONG,1.0,No,Not a school zone,X-intersection,-34.425809,150.887441,Wollongong,Wollongong met. area,Syd-Newc-Woll Gtr conurbation,Curved,,,,Off,Sealed,Dry,Fine,Daylight,On,No traffic controls,50 km/h,State,20,Head on,201,Opp - Head on,,Head-on,4 wheel drive / SUV,Other bus,2,0,1,1,2,6,June,Winter,Monday,06:00 - 07:59,AM peak / school commute,True,False,True,True
1357556,Injury,Serious Injury,2024,2024,May,Wednesday,08:00 - 09:59,DRY DOCK,RD,85,South,MINJUNGBAL,DR,TWEED HEADS SOUTH,,No,Not a school zone,2-way undivided,-28.187968,153.539588,Tweed,Country urban,Rest of NSW - Urban,Straight,Painted double centre lines,,,Nil,Sealed,Wet,Other,Daylight,Nil,No traffic controls,50 km/h,Local,40,U turn,304,Same - U-turn,,Other angle,4 wheel drive / SUV,Motorcycle,2,0,1,0,0,5,May,Autumn,Wednesday,08:00 - 09:59,AM peak / school commute,True,False,True,True
1357558,Injury,Serious Injury,2024,2024,February,Saturday,22:00 - Midnight,GLENIFFER,RD,1000,West,SUNSET RIDGE,DR,BELLINGEN,,No,Not a school zone,2-way undivided,-30.438286,152.887307,Bellingen,Country urban,Rest of NSW - Urban,Straight,,,,Nil,Sealed,Wet,Raining,Darkness,Nil,No traffic controls,80 km/h,Local,71,Off rd left => obj,703,Left off cway into object,,Vehicle - Object,Light truck utility(from 2018),,1,0,1,0,0,2,February,Summer,Saturday,22:00 - Midnight,Evening / night,False,False,True,True
1357561,Injury,Moderate Injury,2024,2024,April,Wednesday,10:00 - 11:59,PACIFIC,HWY,0,Right on the spot,ISLES,DR,COFFS HARBOUR,10.0,No,Not a school zone,X-intersection,-30.316156,153.091836,Coffs Harbour,Country urban,Rest of NSW - Urban,Straight,Foot/cycle path/nature strip,,,Off,Sealed,Dry,Fine,Daylight,On,Ped crossing,60 km/h,State,48,From footpath,408,Manov - From footway,,Other angle,Motorised scooter (mob. aid),Large rigid,2,0,0,1,0,4,April,Autumn,Wednesday,10:00 - 11:59,Midday / afternoon,False,False,True,True
1357567,Injury,Serious Injury,2024,2024,April,Tuesday,10:00 - 11:59,CASTLEREAGH,HWY,5000,South,WALGETT,TN,WALGETT,18.0,No,Not a school zone,2-way undivided,-30.077746,148.105532,Walgett,Country non-urban,Rest of NSW - Rural,Straight,,,,Nil,Sealed,Dry,Fine,Daylight,Nil,No traffic controls,110 km/h,State,30,Rear end,301,Same - Rear end,,Rear end,Motorcycle,Motorcycle,2,0,1,0,0,4,April,Autumn,Tuesday,10:00 - 11:59,Midday / afternoon,False,False,True,True
1357570,Injury,Serious Injury,2024,2024,July,Friday,16:00 - 17:59,HUME,HWY,0,Right on the spot,CAMPBELLTOWN ROAD,TO,GLENFIELD,2.0,No,Not a school zone,Dual freeway,-33.971148,150.873976,Campbelltown,Sydney metro. area,Syd-Newc-Woll Gtr conurbation,Curved,,,,On,Sealed,Dry,Fine,Dusk,Nil,No traffic controls,110 km/h,State,30,Rear end,301,Same - Rear end,,Rear end,Car (sedan/hatch),4 wheel drive / SUV,4,0,1,0,0,7,July,Winter,Friday,16:00 - 17:59,PM peak / evening commute,True,False,True,True
1357571,Injury,Moderate Injury,2024,2024,March,Friday,20:00 - 21:59,CAMPBELL,ST,0,Right on the spot,PITT,ST,HAYMARKET,,No,Not a school zone,X-intersection,-33.879386,151.207064,Sydney,Sydney metro. area,Syd-Newc-Woll Gtr conurbation,Straight,,,,On,Sealed,Dry,Fine,Dusk,On,No traffic controls,40 km/h,Local,21,Right through,202,Opp - Right-thru,,Other angle,Car (sedan/hatch),Pedal cycle,2,0,0,1,0,3,March,Autumn,Friday,20:00 - 21:59,Evening / night,False,False,True,True
1357573,Injury,Moderate Injury,2024,2024,May,Monday,10:00 - 11:59,SPINKS,RD,0,Right on the spot,GOLDEN VALLEY,DR,GLOSSODIA,7207.0,No,Not a school zone,T-junction,-33.535656,150.765863,Hawkesbury,Country urban,Syd-Newc-Woll Gtr conurbation,Straight,Steep grade,,,Nil,Sealed,Dry,Fine,Daylight,Nil,No traffic controls,60 km/h,Regional,20,Head on,201,Opp - Head on,,Head-on,4 wheel drive / SUV,Large rigid,2,0,0,1,0,5,May,Autumn,Monday,10:00 - 11:59,Midday / afternoon,False,False,True,True
1357574,Injury,Moderate Injury,2024,2024,July,Friday,10:00 - 11:59,NEWELL,HWY,200,North,CAINS CROSSING,RD,BOHENA CREEK,17.0,No,Not a school zone,2-way undivided,-30.41218,149.697171,Narrabri,Country non-urban,Rest of NSW - Rural,Straight,,,,Nil,Sealed,Dry,Fine,Daylight,Nil,No traffic controls,110 km/h,State,70,Off road to left,701,Off carriageway to left,,Rollover,Semi-trailer,,1,0,0,1,0,7,July,Winter,Friday,10:00 - 11:59,Midday / afternoon,False,False,True,True
1357575,Injury,Serious Injury,2024,2024,June,Wednesday,06:00 - 07:59,PACIFIC,HWY,0,Right on the spot,CAMPBELL,ST,ARTARMON,10.0,No,Not a school zone,T-junction,-33.818889,151.183412,Willoughby,Sydney metro. area,Syd-Newc-Woll Gtr conurbation,Straight,,,,On,Sealed,Wet,Raining,Dawn,On,No traffic controls,60 km/h,State,21,Right through,202,Opp - Right-thru,,Other angle,4 wheel drive / SUV,Light truck utility(from 2018),2,0,1,1,0,6,June,Winter,Wednesday,06:00 - 07:59,AM peak / school commute,True,False,True,True
1357576,Injury,Moderate Injury,2024,2024,July,Friday,16:00 - 17:59,TULLIBIGEAL,RD,0,Right on the spot,WILGADALE,RD,TULLIBIGEAL,,No,Not a school zone,T-junction,-33.278779,146.752776,Lachlan,Country non-urban,Rest of NSW - Rural,Straight,,,,Nil,Sealed,Dry,Fine,Dusk,Nil,Give way sign,100 km/h,Local,16,Left near,107,Adj - Left-thru from right,,Right angle,Tractor,Light truck utility(from 2018),2,0,0,1,0,7,July,Winter,Friday,16:00 - 17:59,PM peak / evening commute,True,False,True,True
1357578,Injury,Moderate Injury,2024,2024,July,Tuesday,20:00 - 21:59,GIPPS,RD,0,Right on the spot,ROBSONS,RD,KEIRAVILLE,,No,Not a school zone,Roundabout,-34.414383,150.870276,Wollongong,Wollongong met. area,Syd-Newc-Woll Gtr conurbation,Straight,Steep grade,,,On,Sealed,Dry,Fine,Darkness,Nil,Give way sign,50 km/h,Local,10,Cross traffic,101,Adj - Cross traffic,,Right angle,Car (sedan/hatch),Pedal cycle,2,0,0,1,0,7,July,Winter,Tuesday,20:00 - 21:59,Evening / night,False,False,True,True