crash_id,degree_of_crash,degree_of_crash_-_detailed,reporting_year,year_of_crash,month_of_crash,day_of_week_of_crash,two-hour_intervals,street_of_crash,street_type,distance,direction,identifying_feature,identifying_feature_type,town,route_no.,school_zone_location,school_zone_active,type_of_location,latitude,longitude,lga,urbanisation,conurbation_1,alignment,primary_permanent_feature,primary_temporary_feature,primary_hazardous_feature,street_lighting,road_surface,surface_condition,weather,natural_lighting,signals_operation,other_traffic_control,speed_limit,road_classification_(admin),rum_-_code,rum_-_description,dca_-_code,dca_-_description,dca_supplement,first_impact_type,key_tu_type,other_tu_type,no._of_traffic_units_involved,no._killed,no._seriously_injured,no._moderately_injured,no._minor-other_injured,month_num,month_label,season,day_label,time_label,time_band,is_peak_commute,is_fatal,is_injury,is_casualty
1357580,Injury,Serious Injury,2024,2024,July,Friday,08:00 - 09:59,NELSON BAY,RD,0,Right on the spot,TROTTER,RD,ANNA BAY,108.0,No,Not a school zone,T-junction,-32.769065,152.044342,Port Stephens,Country urban,Rest of NSW - Urban,Straight,,,,Off,Sealed,Dry,Fine,Daylight,Nil,Give way sign,80 km/h,State,13,Right near,104,Adj - Right-thru from right,,Right angle,Station wagon,Car (sedan/hatch),2,0,1,1,0,7,July,Winter,Friday,08:00 - 09:59,AM peak / school commute,True,False,True,True
1357586,Injury,Moderate Injury,2024,2024,July,Friday,20:00 - 21:59,PACIFIC,HWY,50,North,DIAMOND HEAD DRIVE,OP,SANDY BEACH,10.0,No,Not a school zone,Divided road,-30.14631,153.192228,Coffs Harbour,Country non-urban,Rest of NSW - Rural,Straight,,,,On,Sealed,Dry,Fine,Darkness,Nil,No traffic controls,110 km/h,State,73,Off rd rght => obj,704,Right off cway into obj,,Vehicle - Object,4 wheel drive / SUV,,1,0,0,1,0,7,July,Winter,Friday,20:00 - 21:59,Evening / night,False,False,True,True
1357587,Injury,Moderate Injury,2024,2024,May,Saturday,10:00 - 11:59,MCKELL,AVE,1000,East,PRINCES,HWY,ROYAL NATIONAL PARK,393.0,No,Not a school zone,2-way undivided,-34.142753,150.997152,Sutherland,Sydney metro. area,Syd-Newc-Woll Gtr conurbation,Curved,Painted double centre lines,,,Nil,Sealed,Dry,Fine,Daylight,Nil,No traffic controls,60 km/h,State,20,Head on,201,Opp - Head on,,Head-on,Motorcycle,Motorcycle,2,0,0,2,0,5,May,Autumn,Saturday,10:00 - 11:59,Midday / afternoon,False,False,True,True
1357588,Injury,Serious Injury,2024,2024,July,Friday,18:00 - 19:59,LANE COVE,RD,10,North,BUFFALO,RD,RYDE,162.0,No,Not a school zone,T-junction,-33.808046,151.108637,Ryde,Sydney metro. area,Syd-Newc-Woll Gtr conurbation,Straight,Steep grade,,,On,Sealed,Dry,Fine,Darkness,On,No traffic controls,70 km/h,State,30,Rear end,301,Same - Rear end,,Rear end,Car (sedan/hatch),4 wheel drive / SUV,2,0,1,0,0,7,July,Winter,Friday,18:00 - 19:59,PM peak / evening commute,True,False,True,True
1357589,Injury,Serious Injury,2024,2024,March,Friday,02:00 - 03:59,CASTLEREAGH,HWY,40,East,RAILWAY,ST,CAPERTEE,18.0,Yes,No,2-way undivided,-33.146466,149.985139,Lithgow,Country urban,Rest of NSW - Urban,Straight,,,,On,Sealed,Dry,Fine,Darkness,Nil,No traffic controls,50 km/h,State,71,Off rd left => obj,703,Left off cway into object,,Vehicle - Object,Car (sedan/hatch),,1,0,1,0,0,3,March,Autumn,Friday,02:00 - 03:59,Late night / early morning,False,False,True,True
1357593,Injury,Moderate Injury,2024,2024,June,Sunday,10:00 - 11:59,ANDERSON,AVE,0,Right on the spot,HORSLEY,RD,PANANIA,,No,Not a school zone,T-junction,-33.949802,150.999027,Canterbury-Bankstown,Sydney metro. area,Syd-Newc-Woll Gtr conurbation,Straight,Foot/cycle path/nature strip,,,Nil,Sealed,Wet,Raining,Daylight,Nil,No traffic controls,50 km/h,Local,48,From footpath,408,Manov - From footway,,Other angle,Motorised push scooters,4 wheel drive / SUV,2,0,0,1,0,6,June,Winter,Sunday,10:00 - 11:59,Midday / afternoon,False,False,True,True
1357595,Injury,Moderate Injury,2024,2024,March,Saturday,16:00 - 17:59,HUME,HWY,20,West,GOWER,ST,ASHFIELD,2.0,No,Not a school zone,2-way undivided,-33.887428,151.136526,Inner West,Sydney metro. area,Syd-Newc-Woll Gtr conurbation,Straight,Driveway/entrance,,,Off,Sealed,Dry,Fine,Daylight,Nil,No traffic controls,60 km/h,State,32,Right rear,303,Same - Rear right,,Rear end,Motorcycle,4 wheel drive / SUV,2,0,0,1,0,3,March,Autumn,Saturday,16:00 - 17:59,PM peak / evening commute,True,False,True,True
1357596,Injury,Serious Injury,2024,2024,June,Wednesday,10:00 - 11:59,THUNDERBOLTS,WAY,1000,North,GIRO,RD,BAXTERS RIDGE,7719.0,No,Not a school zone,2-way undivided,-31.728574,151.869112,Mid-Coast,Country urban,Rest of NSW - Urban,Curved,Steep grade,,,Nil,Sealed,Dry,Fine,Daylight,Nil,No traffic controls,80 km/h,Regional,81,Off left/rt bnd=>obj,803,Off right bend into obj,Left,Vehicle - Object,Large rigid,,1,0,1,0,1,6,June,Winter,Wednesday,10:00 - 11:59,Midday / afternoon,False,False,True,True
1357597,Injury,Moderate Injury,2024,2024,June,Monday,00:01 - 01:59,GREAT WESTERN,HWY,200,East,TODARELLO FRUIT,ENT,FAULCONBRIDGE,5.0,No,Not a school zone,2-way undivided,-33.709736,150.52345,Blue Mountains,Country urban,Syd-Newc-Woll Gtr conurbation,Curved,,,,On,Sealed,Dry,Fine,Darkness,Nil,No traffic controls,80 km/h,State,81,Off left/rt bnd=>obj,803,Off right bend into obj,Left,Vehicle - Object,Car (sedan/hatch),,1,0,0,1,0,6,June,Winter,Monday,00:01 - 01:59,Late night / early morning,False,False,True,True
1357609,Injury,Minor/Other Injury,2024,2024,February,Monday,02:00 - 03:59,OLD CANTERBURY,RD,10,North,DIXSON,AVE,DULWICH HILL,652.0,No,Not a school zone,T-junction,-33.899322,151.133452,Inner West,Sydney metro. area,Syd-Newc-Woll Gtr conurbation,Straight,,,,On,Sealed,Dry,Fine,Darkness,Nil,Give way sign,50 km/h,State,66,Object on road,607,On path - Hit temp object,,Vehicle - Object,Motorcycle,,1,0,0,0,1,2,February,Summer,Monday,02:00 - 03:59,Late night / early morning,False,False,True,True
1357612,Injury,Minor/Other Injury,2024,2024,July,Tuesday,10:00 - 11:59,STURDEE,ST,0,Right on the spot,NUMBER 19-23,HN,TOWRADGI,,No,Not a school zone,2-way undivided,-34.383606,150.90775,Wollongong,Wollongong met. area,Syd-Newc-Woll Gtr conurbation,Straight,Driveway/entrance,,,Unknown / not stated,Sealed,Dry,Fine,Daylight,Nil,No traffic controls,50 km/h,Local,46,Reversing into obj,405,Manov - Reverse into fixed obj,,Other angle,Light truck utility(from 2018),4 wheel drive / SUV,2,0,0,0,1,7,July,Winter,Tuesday,10:00 - 11:59,Midday / afternoon,False,False,True,True
1357623,Injury,Minor/Other Injury,2024,2024,April,Thursday,14:00 - 15:59,ILLAWARRA,HWY,0,Right on the spot,NUMBER 609,HN,MOSS VALE,25.0,No,Not a school zone,2-way undivided,-34.554462,150.361068,Wingecarribee,Country urban,Rest of NSW - Urban,Straight,,,,Unknown / not stated,Sealed,Dry,Fine,Daylight,Nil,No traffic controls,50 km/h,State,30,Rear end,301,Same - Rear end,,Rear end,Car (sedan/hatch),Car (sedan/hatch),2,0,0,0,1,4,April,Autumn,Thursday,14:00 - 15:59,Midday / afternoon,False,False,True,True
1357624,Injury,Minor/Other Injury,2024,2024,July,Thursday,14:00 - 15:59,ILYA,AVE,0,Right on the spot,KARALTA,RD,ERINA,,No,Not a school zone,Roundabout,-33.438821,151.385168,Central Coast,Country urban,Syd-Newc-Woll Gtr conurbation,Curved,,,,Unknown / not stated,Sealed,Dry,Fine,Daylight,Nil,Give way sign,50 km/h,Local,13,Right near,104,Adj - Right-thru from right,,Right angle,Car (sedan/hatch),4 wheel drive / SUV,2,0,0,0,1,7,July,Winter,Thursday,14:00 - 15:59,Midday / afternoon,False,False,True,True
1357625,Injury,Minor/Other Injury,2024,2024,July,Friday,14:00 - 15:59,JERSEY,RD,0,Right on the spot,ROOTY HILL,RD,OAKHURST,7163.0,No,Not a school zone,X-intersection,-33.744374,150.842661,Blacktown,Sydney metro. area,Syd-Newc-Woll Gtr conurbation,Curved,,,,Unknown / not stated,Sealed,Dry,Fine,Daylight,On,No traffic controls,60 km/h,Regional,30,Rear end,301,Same - Rear end,,Rear end,Light truck utility(from 2018),Car (sedan/hatch),2,0,0,0,2,7,July,Winter,Friday,14:00 - 15:59,Midday / afternoon,False,False,True,True
1357629,Injury,Minor/Other Injury,2024,2024,July,Friday,12:00 - 13:59,HAMBLEDON,RD,0,Right on the spot,STANHOPE,PKWY,THE PONDS,7157.0,No,Not a school zone,Roundabout,-33.713042,150.893354,Blacktown,Sydney metro. area,Syd-Newc-Woll Gtr conurbation,Straight,,,,Unknown / not stated,Sealed,Dry,Fine,Daylight,Nil,Give way sign,60 km/h,Regional,30,Rear end,301,Same - Rear end,,Rear end,4 wheel drive / SUV,Car (sedan/hatch),2,0,0,0,2,7,July,Winter,Friday,12:00 - 13:59,Midday / afternoon,False,False,True,True
1357630,Injury,Minor/Other Injury,2024,2024,July,Friday,08:00 - 09:59,BERITH,ST,100,South,WEST,ST,UMINA BEACH,,No,Not a school zone,2-way undivided,-33.522241,151.318001,Central Coast,Country urban,Syd-Newc-Woll Gtr conurbation,Straight,Driveway/entrance,,,Unknown / not stated,Sealed,Wet,Overcast,Daylight,Nil,No traffic controls,50 km/h,Local,47,Emerging from drive,406,Manov - Emerging from driveway,,Right angle,4 wheel drive / SUV,Car (sedan/hatch),2,0,0,0,2,7,July,Winter,Friday,08:00 - 09:59,AM peak / school commute,True,False,True,True
1357631,Injury,Moderate Injury,2024,2024,July,Monday,08:00 - 09:59,SYDNEY,AVE,0,Right on the spot,HOBART,AVE,UMINA BEACH,456.0,Yes,No,T-junction,-33.523892,151.314762,Central Coast,Country urban,Syd-Newc-Woll Gtr conurbation,Straight,,,,Unknown / not stated,Sealed,Dry,Fine,Daylight,Nil,Give way sign,60 km/h,Regional,11,Right far,102,Adj - Right-thru from left,,Right angle,Car (sedan/hatch),Car (sedan/hatch),2,0,0,1,0,7,July,Winter,Monday,08:00 - 09:59,AM peak / school commute,True,False,True,True
1357634,Injury,Minor/Other Injury,2024,2024,July,Tuesday,18:00 - 19:59,NEWCASTLE LINK,RD,0,Right on the spot,MINMI,RD,CAMERON PARK,82.0,No,Not a school zone,Roundabout,-32.902984,151.622282,Lake Macquarie,Newcastle met. area,Syd-Newc-Woll Gtr conurbation,Straight,,,,Unknown / not stated,Sealed,Dry,Fine,Darkness,Nil,Give way sign,90 km/h,State,30,Rear end,301,Same - Rear end,,Rear end,Light truck utility(from 2018),Car (sedan/hatch),2,0,0,0,1,7,July,Winter,Tuesday,18:00 - 19:59,PM peak / evening commute,True,False,True,True
1357636,Injury,Moderate Injury,2024,2024,July,Tuesday,18:00 - 19:59,CADDIES,BVD,0,Right on the spot,MAIN,ST,ROUSE HILL,,No,Not a school zone,T-junction,-33.689027,150.927625,The Hills,Sydney metro. area,Syd-Newc-Woll Gtr conurbation,Straight,,,,Unknown / not stated,Sealed,Dry,Fine,Darkness,On,No traffic controls,50 km/h,Local,21,Right through,202,Opp - Right-thru,,Other angle,Car (sedan/hatch),Car (sedan/hatch),2,0,0,1,0,7,July,Winter,Tuesday,18:00 - 19:59,PM peak / evening commute,True,False,True,True
1357638,Injury,Moderate Injury,2024,2024,July,Saturday,12:00 - 13:59,WOODBINE,ST,0,Right on the spot,NUMBER 44,HN,NORTH BALGOWLAH,,No,Not a school zone,2-way undivided,-33.786692,151.25098,Northern Beaches,Sydney metro. area,Syd-Newc-Woll Gtr conurbation,Straight,,,,Unknown / not stated,Sealed,Dry,Fine,Daylight,Nil,No traffic controls,50 km/h,Local,0,Ped nearside,1,Ped - Near side,,Vehicle - Pedestrian,Light truck,Pedestrian,2,0,0,1,0,7,July,Winter,Saturday,12:00 - 13:59,Midday / afternoon,False,False,True,True
1357641,Injury,Minor/Other Injury,2024,2024,June,Sunday,20:00 - 21:59,ANNIE,ST,0,Right on the spot,BARNARDS,AVE,HURSTVILLE,,No,Not a school zone,T-junction,-33.953124,151.098322,Georges River,Sydney metro. area,Syd-Newc-Woll Gtr conurbation,Straight,,,,Unknown / not stated,Sealed,Dry,Fine,Darkness,Nil,No traffic controls,50 km/h,Local,19,Other adjacent,100,Adj - other,,Right angle,4 wheel drive / SUV,Car (sedan/hatch),2,0,0,0,1,6,June,Winter,Sunday,20:00 - 21:59,Evening / night,False,False,True,True
1357643,Injury,Minor/Other Injury,2024,2024,July,Saturday,18:00 - 19:59,HENRY LAWSON,DR,0,Right on the spot,BEATTY,PDE,GEORGES HALL,508.0,No,Not a school zone,T-junction,-33.91034,150.978311,Canterbury-Bankstown,Sydney metro. area,Syd-Newc-Woll Gtr conurbation,Straight,Driveway/entrance,,,Unknown / not stated,Sealed,Dry,Fine,Darkness,Nil,No traffic controls,60 km/h,State,42,Leaving parking,401,Manov - Leaving parking,,Other angle,Car (sedan/hatch),Car (sedan/hatch),2,0,0,0,2,7,July,Winter,Saturday,18:00 - 19:59,PM peak / evening commute,True,False,True,True
1357644,Injury,Minor/Other Injury,2024,2024,June,Friday,16:00 - 17:59,SOUTH WESTERN,EXP,100,West,FAIRFORD ROAD,OP,PADSTOW,6005.0,No,Not a school zone,Dual freeway,-33.940135,151.034423,Canterbury-Bankstown,Sydney metro. area,Syd-Newc-Woll Gtr conurbation,Straight,,,,Unknown / not stated,Sealed,Dry,Fine,Dusk,Nil,No traffic controls,100 km/h,State,39,Other same direction,300,Same - other,,Other angle,Utility,Car (sedan/hatch),3,0,0,0,1,6,June,Winter,Friday,16:00 - 17:59,PM peak / evening commute,True,False,True,True
1357645,Injury,Serious Injury,2024,2024,July,Wednesday,14:00 - 15:59,CHURNWOOD,DR,20,South,ALMOND,AVE,FLETCHER,,No,Not a school zone,2-way undivided,-32.879352,151.646071,Newcastle,Newcastle met. area,Syd-Newc-Woll Gtr conurbation,Curved,,,,Unknown / not stated,Sealed,Dry,Fine,Daylight,Nil,No traffic controls,50 km/h,Local,87,Off lft/lft bnd=>obj,804,Off left bend into obj,Left,Other angle,Car (sedan/hatch),Car (sedan/hatch),3,0,1,0,0,7,July,Winter,Wednesday,14:00 - 15:59,Midday / afternoon,False,False,True,True
1357647,Injury,Minor/Other Injury,2024,2024,July,Friday,16:00 - 17:59,SILVERWATER,RD,0,Right on the spot,CARNARVON,ST,SILVERWATER,190.0,No,Not a school zone,X-intersection,-33.839915,151.046211,Parramatta,Sydney metro. area,Syd-Newc-Woll Gtr conurbation,Curved,,,,Unknown / not stated,Sealed,Wet,Fine,Dusk,On,No traffic controls,70 km/h,State,40,U turn,207,Opp - U-turn,,Other angle,Light truck utility(from 2018),Motorcycle,3,0,0,0,1,7,July,Winter,Friday,16:00 - 17:59,PM peak / evening commute,True,False,True,True
1357649,Injury,Moderate Injury,2024,2024,July,Wednesday,08:00 - 09:59,WISDOM,RD,0,Right on the spot,NUMBER 27,HN,GREENWICH,,No,Not a school zone,2-way undivided,-33.824084,151.184249,Lane Cove,Sydney metro. area,Syd-Newc-Woll Gtr conurbation,Straight,Steep grade,,,Unknown / not stated,Sealed,Dry,Fine,Daylight,Nil,No traffic controls,40 km/h,Local,46,Reversing into obj,405,Manov - Reverse into fixed obj,,Vehicle - Object,Car (sedan/hatch),,1,0,0,1,0,7,July,Winter,Wednesday,08:00 - 09:59,AM peak / school commute,True,False,True,True
1357657,Injury,Minor/Other Injury,2024,2024,June,Tuesday,06:00 - 07:59,SAINT JOHNS,RD,0,Right on the spot,BOLD,ST,CABRAMATTA WEST,7221.0,No,Not a school zone,T-junction,-33.886839,150.91258,Fairfield,Sydney metro. area,Syd-Newc-Woll Gtr conurbation,Straight,,,,Unknown / not stated,Sealed,Dry,Fine,Daylight,Nil,No traffic controls,60 km/h,Regional,13,Right near,104,Adj - Right-thru from right,,Right angle,Car (sedan/hatch),4 wheel drive / SUV,2,0,0,0,1,6,June,Winter,Tuesday,06:00 - 07:59,AM peak / school commute,True,False,True,True
1357658,Injury,Moderate Injury,2024,2024,April,Wednesday,06:00 - 07:59,GANNONS,RD,0,Right on the spot,NUMBER 206,HN,CARINGBAH SOUTH,,No,Not a school zone,2-way undivided,-34.062304,151.129512,Sutherland,Sydney metro. area,Syd-Newc-Woll Gtr conurbation,Straight,Driveway/entrance,,,Unknown / not stated,Sealed,Dry,Fine,Daylight,Nil,No traffic controls,50 km/h,Local,47,Emerging from drive,406,Manov - Emerging from driveway,,Right angle,Car (sedan/hatch),Pedal cycle,2,0,0,1,0,4,April,Autumn,Wednesday,06:00 - 07:59,AM peak / school commute,True,False,True,True
1357660,Injury,Moderate Injury,2024,2024,July,Wednesday,12:00 - 13:59,MAIN,RD,0,Right on the spot,NUMBER 118,HN,SPEERS POINT,,Yes,No,2-way undivided,-32.959068,151.622673,Lake Macquarie,Newcastle met. area,Syd-Newc-Woll Gtr conurbation,Straight,,,,Unknown / not stated,Sealed,Dry,Fine,Daylight,Nil,Ped crossing,60 km/h,Local,30,Rear end,301,Same - Rear end,,Rear end,Light truck utility(from 2018),4 wheel drive / SUV,3,0,0,1,0,7,July,Winter,Wednesday,12:00 - 13:59,Midday / afternoon,False,False,True,True
1357661,Injury,Minor/Other Injury,2024,2024,July,Sunday,00:01 - 01:59,MASTERFIELD,ST,0,Right on the spot,ROSSMORE,AVE,ROSSMORE,,No,Not a school zone,T-junction,-33.941621,150.757992,Liverpool,Sydney metro. area,Syd-Newc-Woll Gtr conurbation,Straight,,,,Unknown / not stated,Sealed,Wet,Overcast,Darkness,Nil,Give way sign,60 km/h,Local,75,Off end of road,709,Off end cway or T junct,,Vehicle - Object,Car (sedan/hatch),,1,0,0,0,1,7,July,Winter,Sunday,00:01 - 01:59,Late night / early morning,False,False,True,True
1357662,Injury,Minor/Other Injury,2024,2024,July,Monday,06:00 - 07:59,SOUTH WESTERN,EXP,50,East,HEATHCOTE ROAD,OP,MOOREBANK,6005.0,No,Not a school zone,Dual freeway,-33.942019,150.942828,Liverpool,Sydney metro. area,Syd-Newc-Woll Gtr conurbation,Straight,,,,Unknown / not stated,Sealed,Dry,Fine,Daylight,Nil,No traffic controls,100 km/h,State,30,Rear end,301,Same - Rear end,,Rear end,Car (sedan/hatch),4 wheel drive / SUV,3,0,0,0,1,7,July,Winter,Monday,06:00 - 07:59,AM peak / school commute,True,False,True,True
1357672,Injury,Moderate Injury,2024,2024,July,Friday,00:01 - 01:59,GILMOUR,ST,0,Right on the spot,CAMIDGE,CL,KELSO,54.0,No,Not a school zone,T-junction,-33.403311,149.598892,Bathurst Regional,Country urban,Rest of NSW - Urban,Straight,B'down lane/road shldr,,,Unknown / not stated,Sealed,Dry,Fine,Darkness,Nil,No traffic controls,50 km/h,State,36,Right turn sideswipe,308,Same - Rgt turn side swipe,,Other angle,4 wheel drive / SUV,4 wheel drive / SUV,2,0,0,2,0,7,July,Winter,Friday,00:01 - 01:59,Late night / early morning,False,False,True,True
1357674,Injury,Moderate Injury,2024,2024,June,Saturday,12:00 - 13:59,APLIN,RD,0,Right on the spot,SIMPSON,RD,BONNYRIGG HEIGHTS,,No,Not a school zone,T-junction,-33.891262,150.874792,Fairfield,Sydney metro. area,Syd-Newc-Woll Gtr conurbation,Straight,,,,Unknown / not stated,Sealed,Dry,Fine,Daylight,Nil,Give way sign,60 km/h,Local,13,Right near,104,Adj - Right-thru from right,,Right angle,4 wheel drive / SUV,Light truck utility(from 2018),2,0,0,1,1,6,June,Winter,Saturday,12:00 - 13:59,Midday / afternoon,False,False,True,True
1357680,Injury,Minor/Other Injury,2024,2024,July,Sunday,10:00 - 11:59,ENID,AVE,15,South,MEMORIAL,DR,GRANVILLE,,No,Not a school zone,2-way undivided,-33.834053,151.013044,Cumberland,Sydney metro. area,Syd-Newc-Woll Gtr conurbation,Straight,Driveway/entrance,,,Unknown / not stated,Sealed,Dry,Fine,Daylight,Nil,No traffic controls,50 km/h,Local,47,Emerging from drive,406,Manov - Emerging from driveway,,Right angle,Light truck utility(from 2018),Car (sedan/hatch),2,0,0,0,1,7,July,Winter,Sunday,10:00 - 11:59,Midday / afternoon,False,False,True,True
1357681,Injury,Minor/Other Injury,2024,2024,July,Wednesday,16:00 - 17:59,HUME,HWY,764,North,WHITEFIELDS,RD,BERREMANGRA,2.0,No,Not a school zone,Divided road,-34.80546,148.573759,Hilltops,Country non-urban,Rest of NSW - Rural,Straight,,,,Unknown / not stated,Sealed,Dry,Fine,Daylight,Nil,No traffic controls,110 km/h,State,74,On road-out of cont.,705,Out of control on cway,,Rollover,4 wheel drive / SUV,,1,0,0,0,1,7,July,Winter,Wednesday,16:00 - 17:59,PM peak / evening commute,True,False,True,True
1357684,Injury,Minor/Other Injury,2024,2024,July,Wednesday,12:00 - 13:59,CHURCH,ST,0,Right on the spot,WELL STREET,TO,RYDE,200.0,No,Not a school zone,Divided road,-33.82169,151.097409,Ryde,Sydney metro. area,Syd-Newc-Woll Gtr conurbation,Straight,,,,Unknown / not stated,Sealed,Dry,Fine,Daylight,Nil,Ped crossing,70 km/h,State,34,Lane change right,306,Same - Lane change right,,Other angle,Passenger van,4 wheel drive / SUV,2,0,0,0,1,7,July,Winter,Wednesday,12:00 - 13:59,Midday / afternoon,False,False,True,True
1357685,Injury,Minor/Other Injury,2024,2024,May,Monday,16:00 - 17:59,WYEE,RD,0,Right on the spot,FOREST,RD,WYEE,454.0,No,Not a school zone,T-junction,-33.169787,151.476695,Lake Macquarie,Newcastle met. area,Syd-Newc-Woll Gtr conurbation,Straight,,,,Unknown / not stated,Sealed,Dry,Fine,Dusk,Nil,Give way sign,60 km/h,Regional,30,Rear end,301,Same - Rear end,,Rear end,Car (sedan/hatch),Light truck,2,0,0,0,1,5,May,Autumn,Monday,16:00 - 17:59,PM peak / evening commute,True,False,True,True
1357687,Injury,Moderate Injury,2024,2024,July,Thursday,10:00 - 11:59,WARNERS BAY,RD,0,Right on the spot,WILSONS,RD,MOUNT HUTTON,325.0,No,Not a school zone,T-junction,-32.982036,151.668669,Lake Macquarie,Newcastle met. area,Syd-Newc-Woll Gtr conurbation,Curved,Steep grade,,,Unknown / not stated,Sealed,Dry,Fine,Daylight,On,No traffic controls,60 km/h,Regional,21,Right through,202,Opp - Right-thru,,Other angle,4 wheel drive / SUV,Light truck utility(from 2018),2,0,0,1,0,7,July,Winter,Thursday,10:00 - 11:59,Midday / afternoon,False,False,True,True
1357689,Injury,Moderate Injury,2024,2024,July,Tuesday,12:00 - 13:59,LUXFORD,RD,0,Right on the spot,ELLENGOWAN,CRES,WHALAN,7161.0,No,Not a school zone,T-junction,-33.754841,150.804747,Blacktown,Sydney metro. area,Syd-Newc-Woll Gtr conurbation,Straight,,,,Unknown / not stated,Sealed,Dry,Fine,Daylight,Nil,Give way sign,60 km/h,Regional,71,Off rd left => obj,703,Left off cway into object,,Other angle,4 wheel drive / SUV,Car (sedan/hatch),2,0,0,1,0,7,July,Winter,Tuesday,12:00 - 13:59,Midday / afternoon,False,False,True,True
1357691,Injury,Minor/Other Injury,2024,2024,July,Wednesday,08:00 - 09:59,CANTERBURY,RD,0,Right on the spot,PUNCHBOWL,RD,PUNCHBOWL,167.0,No,Not a school zone,T-junction,-33.932471,151.044846,Canterbury-Bankstown,Sydney metro. area,Syd-Newc-Woll Gtr conurbation,Straight,,,,Unknown / not stated,Sealed,Dry,Overcast,Daylight,On,No traffic controls,60 km/h,State,30,Rear end,301,Same - Rear end,,Rear end,4 wheel drive / SUV,4 wheel drive / SUV,2,0,0,0,1,7,July,Winter,Wednesday,08:00 - 09:59,AM peak / school commute,True,False,True,True
1357692,Injury,Minor/Other Injury,2024,2024,July,Saturday,16:00 - 17:59,MT OUSLEY,RD,200,North,NEW MOUNT PLEASANT ROAD,OP,MOUNT PLEASANT,95.0,No,Not a school zone,Divided road,-34.394845,150.865016,Wollongong,Wollongong met. area,Syd-Newc-Woll Gtr conurbation,Curved,Steep grade,,,Unknown / not stated,Sealed,Dry,Fine,Darkness,Nil,No traffic controls,80 km/h,State,35,Lane change left,307,Same - Lane change left,,Other angle,Light truck utility(from 2018),Car (sedan/hatch),2,0,0,0,1,7,July,Winter,Saturday,16:00 - 17:59,PM peak / evening commute,True,False,True,True
1357697,Injury,Minor/Other Injury,2024,2024,June,Tuesday,10:00 - 11:59,FOREST,RD,50,West,GLOUCESTER,RD,HURSTVILLE,168.0,No,Not a school zone,2-way undivided,-33.965028,151.098195,Georges River,Sydney metro. area,Syd-Newc-Woll Gtr conurbation,Curved,,,,Nil,Sealed,Dry,Fine,Daylight,Nil,No traffic controls,60 km/h,State,30,Rear end,301,Same - Rear end,,Rear end,Car (sedan/hatch),Station wagon,3,0,0,0,1,6,June,Winter,Tuesday,10:00 - 11:59,Midday / afternoon,False,False,True,True
1357698,Injury,Moderate Injury,2024,2024,June,Saturday,18:00 - 19:59,ILLAWARRA,HWY,0,Right on the spot,CHURCH,ST,ALBION PARK,25.0,No,Not a school zone,T-junction,-34.572047,150.759656,Shellharbour,Wollongong met. area,Syd-Newc-Woll Gtr conurbation,Straight,,,,Unknown / not stated,Sealed,Wet,Raining,Dusk,Nil,Stop sign,50 km/h,State,30,Rear end,301,Same - Rear end,,Rear end,Light truck utility(from 2018),Light truck,3,0,0,1,0,6,June,Winter,Saturday,18:00 - 19:59,PM peak / evening commute,True,False,True,True
1357701,Injury,Minor/Other Injury,2024,2024,July,Monday,14:00 - 15:59,CHAPEL,RD,50,North,MACAULEY,AVE,BANKSTOWN,7122.0,No,Not a school zone,2-way undivided,-33.923383,151.030532,Canterbury-Bankstown,Sydney metro. area,Syd-Newc-Woll Gtr conurbation,Straight,,,,Unknown / not stated,Sealed,Wet,Fine,Daylight,Nil,No traffic controls,60 km/h,Regional,44,Parking vehicles,403,Manov - Parking-parked vehicle,,Other angle,Light truck,Car (sedan/hatch),2,0,0,0,1,7,July,Winter,Monday,14:00 - 15:59,Midday / afternoon,False,False,True,True
1357704,Injury,Moderate Injury,2024,2024,February,Friday,16:00 - 17:59,GREAT WESTERN,HWY,300,West,JENOLAN CAVES,RD,HARTLEY,5.0,No,Not a school zone,Divided road,-33.540183,150.164523,Lithgow,Country urban,Rest of NSW - Urban,Curved,Steep grade,,,Nil,Sealed,Wet,Fine,Daylight,Nil,No traffic controls,80 km/h,State,33,Lane sideswipe,305,Same - Lane side swipe,,Other angle,Utility,Semi-trailer,2,0,0,1,0,2,February,Summer,Friday,16:00 - 17:59,PM peak / evening commute,True,False,True,True
1357710,Injury,Minor/Other Injury,2024,2024,May,Wednesday,18:00 - 19:59,EDGAR,ST,0,Right on the spot,NUMBER 142,HN,CONDELL PARK,7120.0,No,Not a school zone,2-way undivided,-33.91704,151.013904,Canterbury-Bankstown,Sydney metro. area,Syd-Newc-Woll Gtr conurbation,Straight,,,,Unknown / not stated,Sealed,Dry,Fine,Darkness,Nil,No traffic controls,60 km/h,Regional,30,Rear end,301,Same - Rear end,,Rear end,Car (sedan/hatch),4 wheel drive / SUV,2,0,0,0,1,5,May,Autumn,Wednesday,18:00 - 19:59,PM peak / evening commute,True,False,True,True
1357715,Injury,Moderate Injury,2024,2024,July,Wednesday,10:00 - 11:59,GIPPS,ST,0,Right on the spot,LONG,ST,SMITHFIELD,646.0,No,Not a school zone,T-junction,-33.838807,150.926324,Cumberland,Sydney metro. area,Syd-Newc-Woll Gtr conurbation,Straight,,,,Unknown / not stated,Sealed,Dry,Fine,Daylight,Off,No traffic controls,60 km/h,State,30,Rear end,301,Same - Rear end,,Rear end,Light truck,Car (sedan/hatch),2,0,0,1,0,7,July,Winter,Wednesday,10:00 - 11:59,Midday / afternoon,False,False,True,True