crash_id,degree_of_crash,degree_of_crash_-_detailed,reporting_year,year_of_crash,month_of_crash,day_of_week_of_crash,two-hour_intervals,street_of_crash,street_type,distance,direction,identifying_feature,identifying_feature_type,town,route_no.,school_zone_location,school_zone_active,type_of_location,latitude,longitude,lga,urbanisation,conurbation_1,alignment,primary_permanent_feature,primary_temporary_feature,primary_hazardous_feature,street_lighting,road_surface,surface_condition,weather,natural_lighting,signals_operation,other_traffic_control,speed_limit,road_classification_(admin),rum_-_code,rum_-_description,dca_-_code,dca_-_description,dca_supplement,first_impact_type,key_tu_type,other_tu_type,no._of_traffic_units_involved,no._killed,no._seriously_injured,no._moderately_injured,no._minor-other_injured,month_num,month_label,season,day_label,time_label,time_band,is_peak_commute,is_fatal,is_injury,is_casualty
1357718,Injury,Moderate Injury,2024,2024,July,Tuesday,10:00 - 11:59,ARTHUR,ST,100,South,PRINCE,ST,GRAFTON,,No,Not a school zone,2-way undivided,-29.678468,152.945134,Clarence Valley,Country urban,Rest of NSW - Urban,Straight,,,,Unknown / not stated,Sealed,Dry,Fine,Daylight,Nil,No traffic controls,50 km/h,Local,40,U turn,304,Same - U-turn,,Other angle,4 wheel drive / SUV,4 wheel drive / SUV,2,0,0,1,0,7,July,Winter,Tuesday,10:00 - 11:59,Midday / afternoon,False,False,True,True
1357719,Injury,Moderate Injury,2024,2024,July,Tuesday,08:00 - 09:59,NEW ENGLAND,HWY,0,Right on the spot,HOWE,ST,SINGLETON,9.0,No,Not a school zone,X-intersection,-32.56879,151.179912,Singleton,Country urban,Rest of NSW - Urban,Straight,,,,Unknown / not stated,Sealed,Dry,Fine,Daylight,On,No traffic controls,50 km/h,State,10,Cross traffic,101,Adj - Cross traffic,,Right angle,4 wheel drive / SUV,4 wheel drive / SUV,2,0,0,1,0,7,July,Winter,Tuesday,08:00 - 09:59,AM peak / school commute,True,False,True,True
1357721,Injury,Minor/Other Injury,2024,2024,July,Sunday,12:00 - 13:59,NEW ENGLAND,HWY,0,Right on the spot,RAILWAY,ST,NEMINGHA,9.0,No,Not a school zone,T-junction,-31.123727,150.990116,Tamworth Regional,Country urban,Rest of NSW - Urban,Curved,,,,Unknown / not stated,Sealed,Dry,Fine,Daylight,Nil,Give way sign,60 km/h,State,13,Right near,104,Adj - Right-thru from right,,Right angle,Car (sedan/hatch),Car (sedan/hatch),2,0,0,0,1,7,July,Winter,Sunday,12:00 - 13:59,Midday / afternoon,False,False,True,True
1357722,Injury,Minor/Other Injury,2024,2024,July,Tuesday,12:00 - 13:59,CENTENARY,DR,800,North,HUME HIGHWAY,OP,STRATHFIELD,200.0,No,Not a school zone,Divided road,-33.878882,151.068343,Strathfield,Sydney metro. area,Syd-Newc-Woll Gtr conurbation,Straight,,,,Unknown / not stated,Sealed,Dry,Fine,Daylight,Nil,No traffic controls,80 km/h,State,30,Rear end,301,Same - Rear end,,Rear end,Car (sedan/hatch),Station wagon,2,0,0,0,1,7,July,Winter,Tuesday,12:00 - 13:59,Midday / afternoon,False,False,True,True
1357725,Injury,Minor/Other Injury,2024,2024,June,Wednesday,10:00 - 11:59,MARRICKVILLE,RD,0,Right on the spot,DESPOINTES,ST,MARRICKVILLE,7054.0,No,Not a school zone,T-junction,-33.91016,151.15558,Inner West,Sydney metro. area,Syd-Newc-Woll Gtr conurbation,Straight,,,,Unknown / not stated,Sealed,Dry,Fine,Daylight,Nil,Ped crossing,40 km/h,Regional,0,Ped nearside,1,Ped - Near side,,Vehicle - Pedestrian,Car (sedan/hatch),Pedestrian,2,0,0,0,1,6,June,Winter,Wednesday,10:00 - 11:59,Midday / afternoon,False,False,True,True
1357735,Injury,Moderate Injury,2024,2024,July,Wednesday,10:00 - 11:59,OXLEY,HWY,1000,East,MACKAY,AVE,WALCHA ROAD,11.0,No,Not a school zone,2-way undivided,-30.948131,151.411344,Walcha,Country urban,Rest of NSW - Urban,Curved,Embankment/cutting,,,Unknown / not stated,Sealed,Wet,Raining,Daylight,Nil,No traffic controls,70 km/h,State,86,Off left/left bend,802,Off cway left bend,Left,Rollover,Light truck utility(from 2018),,1,0,0,1,0,7,July,Winter,Wednesday,10:00 - 11:59,Midday / afternoon,False,False,True,True
1357736,Injury,Minor/Other Injury,2024,2024,July,Tuesday,14:00 - 15:59,WILLIAM,ST,0,Right on the spot,EDEN,ST,CANDELO,275.0,No,Not a school zone,X-intersection,-36.76599,149.695321,Bega Valley,Country urban,Rest of NSW - Urban,Straight,,,,Unknown / not stated,Sealed,Dry,Overcast,Daylight,Nil,Give way sign,50 km/h,Regional,10,Cross traffic,101,Adj - Cross traffic,,Right angle,4 wheel drive / SUV,4 wheel drive / SUV,2,0,0,0,1,7,July,Winter,Tuesday,14:00 - 15:59,Midday / afternoon,False,False,True,True
1357738,Injury,Minor/Other Injury,2024,2024,July,Sunday,14:00 - 15:59,CUMBERLAND,HWY,50,East,KLEINS,RD,NORTHMEAD,13.0,No,Not a school zone,Divided road,-33.793149,150.994917,Parramatta,Sydney metro. area,Syd-Newc-Woll Gtr conurbation,Straight,,,,Unknown / not stated,Sealed,Dry,Unknown,Daylight,Nil,No traffic controls,70 km/h,State,39,Other same direction,300,Same - other,,Other angle,Car (sedan/hatch),Car (sedan/hatch),2,0,0,0,1,7,July,Winter,Sunday,14:00 - 15:59,Midday / afternoon,False,False,True,True
1357739,Injury,Minor/Other Injury,2024,2024,June,Sunday,10:00 - 11:59,IRVINE,PL,0,Right on the spot,LEXINGTON,DR,BELLA VISTA,,No,Not a school zone,Roundabout,-33.73731,150.948535,The Hills,Sydney metro. area,Syd-Newc-Woll Gtr conurbation,Straight,,,,Unknown / not stated,Sealed,Wet,Raining,Daylight,Nil,Give way sign,50 km/h,Local,49,Other manoeuvring,400,Manov - other,,Other angle,Motorcycle,,1,0,0,0,1,6,June,Winter,Sunday,10:00 - 11:59,Midday / afternoon,False,False,True,True
1357745,Injury,Minor/Other Injury,2024,2024,June,Saturday,16:00 - 17:59,ELDRIDGE,RD,0,Right on the spot,HERBERT,ST,BANKSTOWN,,No,Not a school zone,T-junction,-33.932603,151.026598,Canterbury-Bankstown,Sydney metro. area,Syd-Newc-Woll Gtr conurbation,Straight,,,,Unknown / not stated,Sealed,Wet,Overcast,Daylight,Nil,No traffic controls,50 km/h,Local,21,Right through,202,Opp - Right-thru,,Other angle,Light truck utility(from 2018),Car (sedan/hatch),2,0,0,0,1,6,June,Winter,Saturday,16:00 - 17:59,PM peak / evening commute,True,False,True,True
1357751,Injury,Moderate Injury,2024,2024,July,Monday,10:00 - 11:59,ROBERT,ST,0,Right on the spot,NUMBER 10,HN,SANS SOUCI,,No,Not a school zone,2-way undivided,-33.989389,151.135707,Bayside,Sydney metro. area,Syd-Newc-Woll Gtr conurbation,Straight,,,,Unknown / not stated,Sealed,Dry,Fine,Daylight,Nil,No traffic controls,50 km/h,Local,71,Off rd left => obj,703,Left off cway into object,,Other angle,4 wheel drive / SUV,4 wheel drive / SUV,2,0,0,1,0,7,July,Winter,Monday,10:00 - 11:59,Midday / afternoon,False,False,True,True
1357753,Injury,Moderate Injury,2024,2024,July,Saturday,18:00 - 19:59,GREAT WESTERN,HWY,150,East,PYRMONT BRIDGE,RD,ANNANDALE,5.0,No,Not a school zone,Divided road,-33.887075,151.17515,Inner West,Sydney metro. area,Syd-Newc-Woll Gtr conurbation,Straight,,,,Unknown / not stated,Sealed,Dry,Fine,Dusk,Nil,No traffic controls,60 km/h,State,29,Other opposing,200,Opp - other,,Other angle,Car (sedan/hatch),Car (sedan/hatch),2,0,0,1,0,7,July,Winter,Saturday,18:00 - 19:59,PM peak / evening commute,True,False,True,True
1357757,Injury,Moderate Injury,2024,2024,July,Tuesday,12:00 - 13:59,MENAI,RD,40,East,ANZAC,RD,BANGOR,,Yes,No,Divided road,-34.017735,151.022581,Sutherland,Sydney metro. area,Syd-Newc-Woll Gtr conurbation,Straight,,,,Unknown / not stated,Sealed,Dry,Fine,Daylight,Nil,No traffic controls,60 km/h,Local,73,Off rd rght => obj,704,Right off cway into obj,,Vehicle - Object,Car (sedan/hatch),,1,0,0,1,0,7,July,Winter,Tuesday,12:00 - 13:59,Midday / afternoon,False,False,True,True
1357761,Injury,Minor/Other Injury,2024,2024,March,Tuesday,10:00 - 11:59,EVANS,ST,0,Right on the spot,NUMBER 45,HN,BALMAIN,,No,Not a school zone,2-way undivided,-33.860806,151.174488,Inner West,Sydney metro. area,Syd-Newc-Woll Gtr conurbation,Straight,,,,Unknown / not stated,Sealed,Dry,Overcast,Daylight,Nil,No traffic controls,40 km/h,Local,9,Ped other,0,Ped - other,,Vehicle - Pedestrian,Car (sedan/hatch),Pedestrian,2,0,0,0,1,3,March,Autumn,Tuesday,10:00 - 11:59,Midday / afternoon,False,False,True,True
1357762,Injury,Serious Injury,2024,2024,July,Thursday,18:00 - 19:59,MCFARLANES,RD,1000,North,RAYMOND TERRACE,RD,BERRY PARK,,No,Not a school zone,2-way undivided,-32.756471,151.652555,Maitland,Country urban,Rest of NSW - Urban,Straight,Crest,,,Unknown / not stated,Sealed,Dry,Fine,Dusk,Nil,No traffic controls,80 km/h,Local,67,Struck animal,609,On path - Hit animal,,Vehicle - Animal,Car (sedan/hatch),,1,0,1,0,0,7,July,Winter,Thursday,18:00 - 19:59,PM peak / evening commute,True,False,True,True
1357770,Injury,Serious Injury,2024,2024,July,Friday,08:00 - 09:59,EDWARD BENNETT,DR,0,Right on the spot,NUMBER 36,HN,CHERRYBROOK,,No,Not a school zone,2-way undivided,-33.736736,151.040468,Hornsby,Sydney metro. area,Syd-Newc-Woll Gtr conurbation,Straight,,,,Unknown / not stated,Sealed,Dry,Fine,Daylight,Nil,No traffic controls,50 km/h,Local,0,Ped nearside,1,Ped - Near side,,Vehicle - Pedestrian,Car (sedan/hatch),Pedestrian,4,0,1,1,0,7,July,Winter,Friday,08:00 - 09:59,AM peak / school commute,True,False,True,True
1357776,Injury,Moderate Injury,2024,2024,March,Wednesday,16:00 - 17:59,M7 WESTLINK,EXP,500,North,COWPASTURE ROAD,OP,MIDDLETON GRANGE,6009.0,No,Not a school zone,Dual freeway,-33.9149,150.850095,Liverpool,Sydney metro. area,Syd-Newc-Woll Gtr conurbation,Straight,,Roadwks/Detour/Diverson,,Off,Sealed,Dry,Fine,Daylight,Nil,No traffic controls,80 km/h,State,73,Off rd rght => obj,704,Right off cway into obj,,Vehicle - Object,Light truck utility(from 2018),,3,0,0,1,0,3,March,Autumn,Wednesday,16:00 - 17:59,PM peak / evening commute,True,False,True,True
1357777,Injury,Moderate Injury,2024,2024,March,Sunday,20:00 - 21:59,MITCHELL,HWY,0,Right on the spot,GRIFFIN,RD,ORANGE,7.0,No,Not a school zone,T-junction,-33.23329,149.048963,Orange,Country non-urban,Rest of NSW - Rural,Straight,,,,On,Sealed,Dry,Fine,Darkness,Nil,No traffic controls,100 km/h,State,30,Rear end,301,Same - Rear end,,Rear end,Car (sedan/hatch),Car (sedan/hatch),2,0,0,2,0,3,March,Autumn,Sunday,20:00 - 21:59,Evening / night,False,False,True,True
1357778,Injury,Moderate Injury,2024,2024,March,Wednesday,08:00 - 09:59,DENISON,ST,0,Right on the spot,LEWIS,ST,MUDGEE,,No,Not a school zone,X-intersection,-32.597548,149.58988,Mid-Western Regional,Country urban,Rest of NSW - Urban,Straight,,,,Off,Sealed,Dry,Fine,Daylight,Nil,Give way sign,50 km/h,Local,21,Right through,202,Opp - Right-thru,,Other angle,Station wagon,Light truck utility(from 2018),2,0,0,1,0,3,March,Autumn,Wednesday,08:00 - 09:59,AM peak / school commute,True,False,True,True
1357779,Injury,Moderate Injury,2024,2024,March,Tuesday,18:00 - 19:59,PARKES,ST,50,East,WALKER,ST,HELENSBURGH,,No,Not a school zone,2-way undivided,-34.190542,150.982491,Wollongong,Wollongong met. area,Syd-Newc-Woll Gtr conurbation,Straight,,,,Off,Sealed,Dry,Fine,Daylight,Nil,No traffic controls,50 km/h,Local,71,Off rd left => obj,703,Left off cway into object,,Other angle,Utility,4 wheel drive / SUV,3,0,0,1,0,3,March,Autumn,Tuesday,18:00 - 19:59,PM peak / evening commute,True,False,True,True
1357781,Injury,Moderate Injury,2024,2024,March,Friday,22:00 - Midnight,PACIFIC,HWY,75,North,KIRKWOOD,RD,TWEED HEADS SOUTH,10.0,No,Not a school zone,Divided road,-28.194345,153.527723,Tweed,Country non-urban,Rest of NSW - Rural,Straight,Spd hump/slow pt/chc,,,On,Sealed,Dry,Fine,Darkness,Nil,No traffic controls,100 km/h,State,66,Object on road,607,On path - Hit temp object,,Vehicle - Object,Car (sedan/hatch),,1,0,0,1,0,3,March,Autumn,Friday,22:00 - Midnight,Evening / night,False,False,True,True
1357782,Injury,Serious Injury,2024,2024,March,Thursday,12:00 - 13:59,TERRALONG,ST,0,Right on the spot,THOMSON,ST,KIAMA,,No,Not a school zone,Roundabout,-34.66801,150.850607,Kiama,Country urban,Rest of NSW - Urban,Straight,Steep grade,Roadwks/Detour/Diverson,,Off,Sealed,Dry,Fine,Daylight,Nil,Give way sign,40 km/h,Local,10,Cross traffic,101,Adj - Cross traffic,,Right angle,4 wheel drive / SUV,Car (sedan/hatch),2,0,1,1,0,3,March,Autumn,Thursday,12:00 - 13:59,Midday / afternoon,False,False,True,True
1357783,Injury,Serious Injury,2024,2024,March,Sunday,16:00 - 17:59,CARWAR,AVE,0,Right on the spot,GIRROMA,ST,CARSS PARK,,No,Not a school zone,T-junction,-33.982964,151.118211,Georges River,Sydney metro. area,Syd-Newc-Woll Gtr conurbation,Straight,,,,Nil,Sealed,Dry,Fine,Daylight,Nil,No traffic controls,50 km/h,Local,21,Right through,202,Opp - Right-thru,,Other angle,Car (sedan/hatch),Pedal cycle,2,0,1,0,0,3,March,Autumn,Sunday,16:00 - 17:59,PM peak / evening commute,True,False,True,True
1357784,Injury,Minor/Other Injury,2024,2024,March,Sunday,18:00 - 19:59,HUME,HWY,0,Right on the spot,CALDWELL,PDE,YAGOONA,2.0,Yes,No,T-junction,-33.9084,151.028284,Canterbury-Bankstown,Sydney metro. area,Syd-Newc-Woll Gtr conurbation,Straight,,,,Off,Sealed,Dry,Fine,Daylight,Nil,Give way sign,60 km/h,State,30,Rear end,301,Same - Rear end,,Rear end,Passenger van,Car (sedan/hatch),2,0,0,0,2,3,March,Autumn,Sunday,18:00 - 19:59,PM peak / evening commute,True,False,True,True
1357786,Injury,Moderate Injury,2024,2024,April,Monday,18:00 - 19:59,TOWRADGI,RD,0,Right on the spot,CARTERS,LANE,TOWRADGI,7642.0,No,Not a school zone,T-junction,-34.383949,150.903396,Wollongong,Wollongong met. area,Syd-Newc-Woll Gtr conurbation,Straight,,,,On,Sealed,Dry,Fine,Darkness,Nil,Stop sign,50 km/h,Regional,21,Right through,202,Opp - Right-thru,,Other angle,Other bus,Motorcycle,2,0,0,1,1,4,April,Autumn,Monday,18:00 - 19:59,PM peak / evening commute,True,False,True,True
1357789,Injury,Serious Injury,2024,2024,March,Monday,18:00 - 19:59,MOWBRAY,RD,15,East,PACIFIC,HWY,ARTARMON,2092.0,No,Not a school zone,Divided road,-33.805366,151.179536,Willoughby,Sydney metro. area,Syd-Newc-Woll Gtr conurbation,Straight,,,,On,Sealed,Dry,Fine,Dusk,Nil,No traffic controls,50 km/h,Regional,35,Lane change left,307,Same - Lane change left,,Other angle,Car (sedan/hatch),Motor scooter,2,0,1,0,0,3,March,Autumn,Monday,18:00 - 19:59,PM peak / evening commute,True,False,True,True
1357790,Injury,Moderate Injury,2024,2024,April,Saturday,04:00 - 05:59,FREDERICK,ST,20,East,RAWSON,ST,ROCKDALE,169.0,No,Not a school zone,2-way undivided,-33.952432,151.135063,Bayside,Sydney metro. area,Syd-Newc-Woll Gtr conurbation,Straight,,,,Off,Sealed,Dry,Overcast,Dawn,Nil,No traffic controls,60 km/h,State,71,Off rd left => obj,703,Left off cway into object,,Other angle,Car (sedan/hatch),Large rigid,2,0,0,1,0,4,April,Autumn,Saturday,04:00 - 05:59,Late night / early morning,False,False,True,True
1357793,Injury,Minor/Other Injury,2024,2024,March,Friday,16:00 - 17:59,PICNIC POINT,RD,30,East,TARRAGON,RD,MATHOURA,,No,Not a school zone,2-way undivided,-35.849162,144.989394,Murray River,Country urban,Rest of NSW - Urban,Straight,Crest,,,Nil,Sealed,Dry,Fine,Daylight,Nil,No traffic controls,60 km/h,Local,71,Off rd left => obj,703,Left off cway into object,,Vehicle - Object,Car (sedan/hatch),,1,0,0,0,1,3,March,Autumn,Friday,16:00 - 17:59,PM peak / evening commute,True,False,True,True
1357794,Injury,Serious Injury,2024,2024,April,Monday,20:00 - 21:59,COMPTON,ST,0,Right on the spot,WEBLANDS,ST,RUTHERFORD,,No,Not a school zone,T-junction,-32.713187,151.528841,Maitland,Country urban,Rest of NSW - Urban,Straight,,,,Nil,Sealed,Dry,Fine,Darkness,Nil,No traffic controls,50 km/h,Local,10,Cross traffic,101,Adj - Cross traffic,,Right angle,Motorcycle,4 wheel drive / SUV,2,0,1,0,0,4,April,Autumn,Monday,20:00 - 21:59,Evening / night,False,False,True,True
1357795,Injury,Serious Injury,2024,2024,April,Sunday,04:00 - 05:59,GOLDEN,HWY,1000,East,PUTTY,RD,MOUNT THORLEY,27.0,No,Not a school zone,2-way undivided,-32.629833,151.143859,Singleton,Country non-urban,Rest of NSW - Rural,Straight,,,,Nil,Sealed,Dry,Fine,Dawn,Nil,No traffic controls,100 km/h,State,20,Head on,201,Opp - Head on,,Head-on,Light truck utility(from 2018),Light truck utility(from 2018),2,0,2,0,0,4,April,Autumn,Sunday,04:00 - 05:59,Late night / early morning,False,False,True,True
1357796,Injury,Serious Injury,2024,2024,April,Monday,10:00 - 11:59,HUNTER,RD,1000,North,MOONAN BROOK,RD,MOONAN FLAT,,No,Not a school zone,2-way undivided,-31.918882,151.255737,Upper Hunter,Country non-urban,Rest of NSW - Rural,Curved,,,,Off,Unsealed,Dry,Fine,Daylight,Nil,No traffic controls,100 km/h,Local,88,Out of cont on bend,805,Out of control on bend,,Rollover,Motorcycle,,1,0,1,0,0,4,April,Autumn,Monday,10:00 - 11:59,Midday / afternoon,False,False,True,True
1357797,Injury,Serious Injury,2024,2024,April,Friday,10:00 - 11:59,NEWCASTLE,EXP,1000,North,PACIFIC HIGHWAY,OP,COWAN,6003.0,No,Not a school zone,Dual freeway,-33.599178,151.170544,Hornsby,Sydney metro. area,Syd-Newc-Woll Gtr conurbation,Straight,Steep grade,,,Nil,Sealed,Wet,Raining,Daylight,Nil,No traffic controls,110 km/h,State,71,Off rd left => obj,703,Left off cway into object,,Vehicle - Object,4 wheel drive / SUV,,2,0,1,0,0,4,April,Autumn,Friday,10:00 - 11:59,Midday / afternoon,False,False,True,True
1357799,Injury,Serious Injury,2024,2024,April,Tuesday,12:00 - 13:59,PACIFIC,HWY,0,Right on the spot,MERRIWA,ST,GORDON,10.0,No,Not a school zone,T-junction,-33.752564,151.149789,Ku-ring-gai,Sydney metro. area,Syd-Newc-Woll Gtr conurbation,Straight,,,,Off,Sealed,Dry,Fine,Daylight,Nil,Stop sign,60 km/h,State,0,Ped nearside,1,Ped - Near side,,Vehicle - Pedestrian,Car (sedan/hatch),Pedestrian,2,0,1,0,0,4,April,Autumn,Tuesday,12:00 - 13:59,Midday / afternoon,False,False,True,True
1357800,Injury,Serious Injury,2024,2024,March,Monday,06:00 - 07:59,MOOREBANK,AVE,20,North,BAPAUME,RD,MOOREBANK,,No,Not a school zone,2-way undivided,-33.942638,150.924512,Liverpool,Sydney metro. area,Syd-Newc-Woll Gtr conurbation,Straight,,,,On,Sealed,Dry,Fine,Dawn,Nil,No traffic controls,60 km/h,Local,34,Lane change right,306,Same - Lane change right,,Other angle,Light truck utility(from 2018),Light truck utility(from 2018),2,0,1,0,0,3,March,Autumn,Monday,06:00 - 07:59,AM peak / school commute,True,False,True,True
1357801,Injury,Moderate Injury,2024,2024,May,Thursday,12:00 - 13:59,CAPTAIN COOK,DR,0,Right on the spot,AMPOL SERVICE STATION,ENT,WOOLOOWARE,2075.0,Yes,No,Divided road,-34.03887,151.143673,Sutherland,Sydney metro. area,Syd-Newc-Woll Gtr conurbation,Straight,Driveway/entrance,,,Nil,Sealed,Dry,Overcast,Daylight,Nil,No traffic controls,70 km/h,Regional,37,Left turn sideswipe,309,Same - Left turn side swipe,,Other angle,Large rigid,Pedal cycle,2,0,0,2,0,5,May,Autumn,Thursday,12:00 - 13:59,Midday / afternoon,False,False,True,True
1357802,Injury,Moderate Injury,2024,2024,April,Saturday,08:00 - 09:59,MCCULLOCH,ST,0,Right on the spot,MCGOWEN,ST,BROKEN HILL,,No,Not a school zone,X-intersection,-31.940708,141.469518,Broken Hill,Country urban,Rest of NSW - Urban,Straight,,,,Off,Sealed,Dry,Fine,Daylight,Nil,Give way sign,50 km/h,Local,36,Right turn sideswipe,308,Same - Rgt turn side swipe,,Other angle,Light truck utility(from 2018),Motorcycle,2,0,0,1,0,4,April,Autumn,Saturday,08:00 - 09:59,AM peak / school commute,True,False,True,True
1357803,Injury,Moderate Injury,2024,2024,April,Friday,16:00 - 17:59,CANNONS,PDE,0,Right on the spot,STARKEY,ST,FORESTVILLE,,No,Not a school zone,Roundabout,-33.764684,151.215954,Northern Beaches,Sydney metro. area,Syd-Newc-Woll Gtr conurbation,Straight,,,,Off,Sealed,Dry,Fine,Daylight,Nil,Give way sign,50 km/h,Local,73,Off rd rght => obj,704,Right off cway into obj,,Vehicle - Object,Car (sedan/hatch),,1,0,0,1,0,4,April,Autumn,Friday,16:00 - 17:59,PM peak / evening commute,True,False,True,True
1357804,Injury,Serious Injury,2024,2024,April,Monday,10:00 - 11:59,SYD EINFELD,DR,200,West,OLD SOUTH HEAD,RD,BONDI JUNCTION,172.0,No,Not a school zone,Divided road,-33.890547,151.251425,Waverley,Sydney metro. area,Syd-Newc-Woll Gtr conurbation,Straight,Other bridge,,,Nil,Sealed,Dry,Fine,Daylight,Nil,No traffic controls,80 km/h,State,34,Lane change right,306,Same - Lane change right,,Other angle,Car (sedan/hatch),Motorcycle,2,0,1,0,0,4,April,Autumn,Monday,10:00 - 11:59,Midday / afternoon,False,False,True,True
1357805,Injury,Serious Injury,2024,2024,April,Wednesday,18:00 - 19:59,CENTRAL COAST,HWY,70,North,STELLA,ST,LONG JETTY,30.0,No,Not a school zone,2-way undivided,-33.359546,151.483796,Central Coast,Country urban,Syd-Newc-Woll Gtr conurbation,Straight,Driveway/entrance,,,On,Sealed,Dry,Fine,Darkness,Nil,No traffic controls,50 km/h,State,48,From footpath,408,Manov - From footway,,Other angle,Motorised push scooters,Car (sedan/hatch),2,0,1,0,0,4,April,Autumn,Wednesday,18:00 - 19:59,PM peak / evening commute,True,False,True,True
1357807,Injury,Moderate Injury,2024,2024,April,Monday,10:00 - 11:59,BRAIDWOOD,RD,12700,South,TURPENTINE,RD,BOOLIJAH,92.0,No,Not a school zone,2-way undivided,-35.107028,150.362532,Shoalhaven,Country non-urban,Rest of NSW - Rural,Curved,,,,Nil,Sealed,Dry,Fine,Daylight,Nil,No traffic controls,100 km/h,Regional,87,Off lft/lft bnd=>obj,804,Off left bend into obj,Left,Vehicle - Object,Light truck utility(from 2018),,1,0,0,1,0,4,April,Autumn,Monday,10:00 - 11:59,Midday / afternoon,False,False,True,True
1357809,Injury,Moderate Injury,2024,2024,April,Tuesday,16:00 - 17:59,SALWAY,CL,0,Right on the spot,NUMBER 6,HN,BEGA,,No,Not a school zone,2-way undivided,-36.687758,149.848108,Bega Valley,Country urban,Rest of NSW - Urban,Curved,Steep grade,,,Off,Sealed,Dry,Fine,Daylight,Nil,No traffic controls,50 km/h,Local,81,Off left/rt bnd=>obj,803,Off right bend into obj,Left,Other angle,Car (sedan/hatch),4 wheel drive / SUV,2,0,0,1,0,4,April,Autumn,Tuesday,16:00 - 17:59,PM peak / evening commute,True,False,True,True
1357811,Injury,Minor/Other Injury,2024,2024,March,Saturday,08:00 - 09:59,KOOKORA,ST,0,Right on the spot,KOORINGAL,AVE,GRIFFITH,,No,Not a school zone,Roundabout,-34.284939,146.038272,Griffith,Country urban,Rest of NSW - Urban,Curved,,,,Off,Sealed,Dry,Fine,Daylight,Nil,Give way sign,50 km/h,Local,10,Cross traffic,101,Adj - Cross traffic,,Right angle,Station wagon,Pedal cycle,2,0,0,0,1,3,March,Autumn,Saturday,08:00 - 09:59,AM peak / school commute,True,False,True,True
1357812,Injury,Serious Injury,2024,2024,May,Friday,22:00 - Midnight,CHARLES,ST,0,Right on the spot,NUMBER 42,HN,ABERMAIN,,No,Not a school zone,2-way undivided,-32.815599,151.431313,Cessnock,Country urban,Rest of NSW - Urban,Curved,,,,On,Sealed,Dry,Fine,Darkness,Nil,No traffic controls,50 km/h,Local,85,Off rt/lft bnd=>obj,804,Off left bend into obj,Right,Vehicle - Object,Car (sedan/hatch),,1,0,1,0,0,5,May,Autumn,Friday,22:00 - Midnight,Evening / night,False,False,True,True
1357813,Injury,Moderate Injury,2024,2024,April,Saturday,04:00 - 05:59,OXLEY,HWY,3000,West,GOOLHI,RD,NOMBI,11.0,No,Not a school zone,2-way undivided,-31.118778,149.697427,Warrumbungle,Country non-urban,Rest of NSW - Rural,Straight,Steep grade,,,Nil,Sealed,Dry,Fine,Dawn,Nil,No traffic controls,100 km/h,State,73,Off rd rght => obj,704,Right off cway into obj,,Vehicle - Object,B-double (road train prior 98),,1,0,0,1,0,4,April,Autumn,Saturday,04:00 - 05:59,Late night / early morning,False,False,True,True
1357814,Injury,Serious Injury,2024,2024,April,Saturday,12:00 - 13:59,M7 WESTLINK,EXP,350,South,WOODSTOCK AVENUE,TO,ROOTY HILL,6009.0,No,Not a school zone,Dual freeway,-33.768425,150.846498,Blacktown,Sydney metro. area,Syd-Newc-Woll Gtr conurbation,Curved,Other bridge,,,Nil,Sealed,Dry,Fine,Daylight,Nil,No traffic controls,100 km/h,State,83,Off rt/rt bnd=>obj,803,Off right bend into obj,Right,Vehicle - Object,Car (sedan/hatch),,4,0,2,0,1,4,April,Autumn,Saturday,12:00 - 13:59,Midday / afternoon,False,False,True,True
1357818,Injury,Serious Injury,2024,2024,April,Wednesday,14:00 - 15:59,LILY,ST,0,Right on the spot,DURHAM,ST,HURSTVILLE,7004.0,No,Not a school zone,X-intersection,-33.966923,151.113179,Georges River,Sydney metro. area,Syd-Newc-Woll Gtr conurbation,Straight,,,,Nil,Sealed,Dry,Fine,Daylight,On,No traffic controls,60 km/h,Regional,10,Cross traffic,101,Adj - Cross traffic,,Right angle,4 wheel drive / SUV,Light truck utility(from 2018),2,0,1,0,0,4,April,Autumn,Wednesday,14:00 - 15:59,Midday / afternoon,False,False,True,True
1357819,Injury,Minor/Other Injury,2024,2024,March,Wednesday,06:00 - 07:59,MANN,ST,0,Right on the spot,MARKHAM,ST,ARMIDALE,,No,Not a school zone,Roundabout,-30.518505,151.656659,Armidale Regional,Country urban,Rest of NSW - Urban,Straight,,,,On,Sealed,Dry,Fine,Dawn,Nil,Give way sign,50 km/h,Local,10,Cross traffic,101,Adj - Cross traffic,,Right angle,Car (sedan/hatch),4 wheel drive / SUV,2,0,0,0,1,3,March,Autumn,Wednesday,06:00 - 07:59,AM peak / school commute,True,False,True,True
1357820,Injury,Moderate Injury,2024,2024,May,Sunday,04:00 - 05:59,BARDIA,AVE,10,West,DERNA,ST,BARDIA,,No,Not a school zone,Roundabout,-33.979747,150.852607,Campbelltown,Sydney metro. area,Syd-Newc-Woll Gtr conurbation,Straight,,,,On,Sealed,Wet,Raining,Dawn,Nil,Give way sign,50 km/h,Local,71,Off rd left => obj,703,Left off cway into object,,Vehicle - Object,Car (sedan/hatch),,1,0,0,1,0,5,May,Autumn,Sunday,04:00 - 05:59,Late night / early morning,False,False,True,True