crash_id,degree_of_crash,degree_of_crash_-_detailed,reporting_year,year_of_crash,month_of_crash,day_of_week_of_crash,two-hour_intervals,street_of_crash,street_type,distance,direction,identifying_feature,identifying_feature_type,town,route_no.,school_zone_location,school_zone_active,type_of_location,latitude,longitude,lga,urbanisation,conurbation_1,alignment,primary_permanent_feature,primary_temporary_feature,primary_hazardous_feature,street_lighting,road_surface,surface_condition,weather,natural_lighting,signals_operation,other_traffic_control,speed_limit,road_classification_(admin),rum_-_code,rum_-_description,dca_-_code,dca_-_description,dca_supplement,first_impact_type,key_tu_type,other_tu_type,no._of_traffic_units_involved,no._killed,no._seriously_injured,no._moderately_injured,no._minor-other_injured,month_num,month_label,season,day_label,time_label,time_band,is_peak_commute,is_fatal,is_injury,is_casualty
1357821,Injury,Serious Injury,2024,2024,May,Thursday,14:00 - 15:59,ANZAC,PDE,0,Right on the spot,BASS,ST,KINGSFORD,661.0,No,Not a school zone,T-junction,-33.928913,151.234932,Randwick,Sydney metro. area,Syd-Newc-Woll Gtr conurbation,Curved,,,,Off,Sealed,Dry,Overcast,Daylight,Nil,Give way sign,60 km/h,State,10,Cross traffic,101,Adj - Cross traffic,,Right angle,Car (sedan/hatch),Motorcycle,2,0,1,0,0,5,May,Autumn,Thursday,14:00 - 15:59,Midday / afternoon,False,False,True,True
1357824,Injury,Serious Injury,2024,2024,April,Thursday,18:00 - 19:59,VICTORIA,RD,32,West,CRYSTAL,ST,ROZELLE,165.0,No,Not a school zone,Divided road,-33.862354,151.167777,Inner West,Sydney metro. area,Syd-Newc-Woll Gtr conurbation,Straight,Driveway/entrance,,,On,Sealed,Dry,Fine,Darkness,Nil,No traffic controls,60 km/h,State,47,Emerging from drive,406,Manov - Emerging from driveway,,Right angle,4 wheel drive / SUV,Pedal cycle,2,0,1,0,0,4,April,Autumn,Thursday,18:00 - 19:59,PM peak / evening commute,True,False,True,True
1357825,Injury,Serious Injury,2024,2024,May,Thursday,16:00 - 17:59,GORDON,AVE,0,Right on the spot,KEMP,ST,HAMILTON SOUTH,,No,Not a school zone,X-intersection,-32.929671,151.750363,Newcastle,Newcastle met. area,Syd-Newc-Woll Gtr conurbation,Straight,,,,On,Sealed,Dry,Fine,Dusk,Nil,Give way sign,50 km/h,Local,10,Cross traffic,101,Adj - Cross traffic,,Right angle,Car (sedan/hatch),Station wagon,3,0,1,0,0,5,May,Autumn,Thursday,16:00 - 17:59,PM peak / evening commute,True,False,True,True
1357828,Injury,Moderate Injury,2024,2024,May,Tuesday,20:00 - 21:59,PENRITH,AVE,50,West,WASDALE,ST,WHEELER HEIGHTS,,No,Not a school zone,2-way undivided,-33.732578,151.279583,Northern Beaches,Sydney metro. area,Syd-Newc-Woll Gtr conurbation,Straight,,,,On,Sealed,Dry,Fine,Darkness,Nil,No traffic controls,50 km/h,Local,71,Off rd left => obj,703,Left off cway into object,,Other angle,4 wheel drive / SUV,4 wheel drive / SUV,4,0,0,1,0,5,May,Autumn,Tuesday,20:00 - 21:59,Evening / night,False,False,True,True
1357829,Injury,Moderate Injury,2024,2024,May,Monday,12:00 - 13:59,MANNING RIVER,DR,0,Right on the spot,MARTIN,BDGE,TAREE,7776.0,No,Not a school zone,2-way undivided,-31.917248,152.458884,Mid-Coast,Country urban,Rest of NSW - Urban,Straight,Other bridge,,,Nil,Sealed,Dry,Fine,Daylight,Nil,No traffic controls,60 km/h,Regional,30,Rear end,301,Same - Rear end,,Rear end,Unknown motor vehicle,Station wagon,6,0,0,1,0,5,May,Autumn,Monday,12:00 - 13:59,Midday / afternoon,False,False,True,True
1357832,Injury,Moderate Injury,2024,2024,May,Saturday,00:01 - 01:59,KYOGLE,RD,100,West,NIMBIN,RD,MOUNT BURRELL,141.0,No,Not a school zone,2-way undivided,-28.509826,153.180794,Tweed,Country urban,Rest of NSW - Urban,Curved,,Police pursuit,,Nil,Sealed,Dry,Fine,Darkness,Nil,No traffic controls,80 km/h,Regional,83,Off rt/rt bnd=>obj,803,Off right bend into obj,Right,Vehicle - Object,4 wheel drive / SUV,,1,0,0,1,0,5,May,Autumn,Saturday,00:01 - 01:59,Late night / early morning,False,False,True,True
1357834,Injury,Moderate Injury,2024,2024,May,Wednesday,14:00 - 15:59,LAKE,RD,50,South,DORRIGO,ST,WALLSEND,217.0,No,Not a school zone,Divided road,-32.911755,151.662494,Newcastle,Newcastle met. area,Syd-Newc-Woll Gtr conurbation,Straight,Steep grade,,,Off,Sealed,Dry,Fine,Daylight,Nil,No traffic controls,70 km/h,State,30,Rear end,301,Same - Rear end,,Rear end,Car (sedan/hatch),Car (sedan/hatch),3,0,0,1,1,5,May,Autumn,Wednesday,14:00 - 15:59,Midday / afternoon,False,False,True,True
1357835,Injury,Minor/Other Injury,2024,2024,May,Wednesday,18:00 - 19:59,MOONEE,ST,25,South,WEST HIGH,ST,COFFS HARBOUR,,No,Not a school zone,2-way undivided,-30.296051,153.112955,Coffs Harbour,Country urban,Rest of NSW - Urban,Straight,,,,On,Sealed,Wet,Raining,Darkness,Nil,Ped crossing,40 km/h,Local,0,Ped nearside,1,Ped - Near side,,Vehicle - Pedestrian,4 wheel drive / SUV,Pedestrian,2,0,0,0,1,5,May,Autumn,Wednesday,18:00 - 19:59,PM peak / evening commute,True,False,True,True
1357837,Injury,Moderate Injury,2024,2024,May,Thursday,10:00 - 11:59,CHURCH,ST,0,Right on the spot,WILLIAM,ST,WEST TAMWORTH,,Yes,No,X-intersection,-31.090465,150.920759,Tamworth Regional,Country urban,Rest of NSW - Urban,Straight,,,,Nil,Sealed,Dry,Fine,Daylight,Nil,Give way sign,50 km/h,Local,13,Right near,104,Adj - Right-thru from right,,Right angle,Car (sedan/hatch),Station wagon,2,0,0,1,0,5,May,Autumn,Thursday,10:00 - 11:59,Midday / afternoon,False,False,True,True
1357839,Injury,Serious Injury,2024,2024,May,Sunday,18:00 - 19:59,MOUNTAIN ASH,RD,4000,East,WINDELLAMA,RD,GUNDARY,,No,Not a school zone,2-way undivided,-34.803815,149.770558,Goulburn Mulwaree,Country non-urban,Rest of NSW - Rural,Straight,,,,Nil,Sealed,Wet,Raining,Darkness,Nil,No traffic controls,100 km/h,Local,71,Off rd left => obj,703,Left off cway into object,,Vehicle - Object,Light truck utility(from 2018),,1,0,1,0,0,5,May,Autumn,Sunday,18:00 - 19:59,PM peak / evening commute,True,False,True,True
1357841,Injury,Minor/Other Injury,2024,2024,June,Saturday,16:00 - 17:59,BARKER,ST,5,West,HOUSTON,RD,KENSINGTON,,No,Not a school zone,Roundabout,-33.919596,151.224911,Randwick,Sydney metro. area,Syd-Newc-Woll Gtr conurbation,Straight,Foot/cycle path/nature strip,,,On,Sealed,Dry,Fine,Dusk,Nil,Give way sign,50 km/h,Local,48,From footpath,408,Manov - From footway,,Other angle,Pedal cycle,Car (sedan/hatch),2,0,0,0,1,6,June,Winter,Saturday,16:00 - 17:59,PM peak / evening commute,True,False,True,True
1357843,Injury,Serious Injury,2024,2024,May,Thursday,06:00 - 07:59,POUND,ST,0,Right on the spot,VILLIERS,RD,GRAFTON,83.0,No,Not a school zone,Roundabout,-29.691645,152.93828,Clarence Valley,Country urban,Rest of NSW - Urban,Straight,,,,Off,Sealed,Dry,Fine,Daylight,Nil,Give way sign,50 km/h,State,10,Cross traffic,101,Adj - Cross traffic,,Right angle,Car (sedan/hatch),Pedal cycle,2,0,1,0,0,5,May,Autumn,Thursday,06:00 - 07:59,AM peak / school commute,True,False,True,True
1357844,Injury,Serious Injury,2024,2024,May,Thursday,20:00 - 21:59,CAMPBELLTOWN,RD,0,Right on the spot,MACDONALD,RD,EDMONDSON PARK,177.0,No,Not a school zone,X-intersection,-33.974638,150.856506,Liverpool,Sydney metro. area,Syd-Newc-Woll Gtr conurbation,Straight,,,,On,Sealed,Dry,Fine,Darkness,On,No traffic controls,70 km/h,State,21,Right through,202,Opp - Right-thru,,Other angle,Car (sedan/hatch),Car (sedan/hatch),2,0,1,0,0,5,May,Autumn,Thursday,20:00 - 21:59,Evening / night,False,False,True,True
1357845,Injury,Moderate Injury,2024,2024,May,Friday,18:00 - 19:59,NEWCASTLE,EXP,3000,North,PACIFIC HIGHWAY,OP,COWAN,6003.0,No,Not a school zone,Dual freeway,-33.583874,151.186587,Hornsby,Sydney metro. area,Syd-Newc-Woll Gtr conurbation,Curved,B'down lane/road shldr,Previous crash,,Nil,Sealed,Dry,Fine,Darkness,Nil,No traffic controls,110 km/h,State,30,Rear end,301,Same - Rear end,,Rear end,Light truck utility(from 2018),Car (sedan/hatch),2,0,0,2,0,5,May,Autumn,Friday,18:00 - 19:59,PM peak / evening commute,True,False,True,True
1357848,Injury,Moderate Injury,2024,2024,May,Friday,18:00 - 19:59,NEWCASTLE,EXP,3000,South,PACIFIC HIGHWAY,OP,COWAN,6003.0,No,Not a school zone,Dual freeway,-33.583832,151.186665,Hornsby,Sydney metro. area,Syd-Newc-Woll Gtr conurbation,Curved,,,,Nil,Sealed,Dry,Fine,Darkness,Nil,No traffic controls,110 km/h,State,30,Rear end,301,Same - Rear end,,Rear end,4 wheel drive / SUV,4 wheel drive / SUV,2,0,0,1,0,5,May,Autumn,Friday,18:00 - 19:59,PM peak / evening commute,True,False,True,True
1357850,Injury,Moderate Injury,2024,2024,June,Saturday,20:00 - 21:59,PRINCES,HWY,460,North,SOUTHERN EXPRESSWAY,TO,DAPTO,1.0,No,Not a school zone,Other,-34.52273,150.786973,Wollongong,Wollongong met. area,Syd-Newc-Woll Gtr conurbation,Curved,,,,On,Sealed,Wet,Overcast,Darkness,Nil,No traffic controls,80 km/h,Regional,88,Out of cont on bend,805,Out of control on bend,,Rollover,Motorcycle,,1,0,0,1,0,6,June,Winter,Saturday,20:00 - 21:59,Evening / night,False,False,True,True
1357851,Injury,Serious Injury,2024,2024,May,Wednesday,22:00 - Midnight,LORD BADEN POWELL,DR,50,West,CAPTAIN COOK,DR,TURVEY PARK,,No,Not a school zone,2-way undivided,-35.133785,147.370466,Wagga Wagga,Country urban,Rest of NSW - Urban,Straight,Steep grade,,,Nil,Sealed,Dry,Fine,Darkness,Nil,No traffic controls,50 km/h,Local,71,Off rd left => obj,703,Left off cway into object,,Vehicle - Object,Light truck utility(from 2018),,1,0,1,0,0,5,May,Autumn,Wednesday,22:00 - Midnight,Evening / night,False,False,True,True
1357852,Injury,Minor/Other Injury,2024,2024,June,Sunday,12:00 - 13:59,AVON,RD,0,Right on the spot,HOWARD,AVE,DEE WHY,,No,Not a school zone,Roundabout,-33.753253,151.292084,Northern Beaches,Sydney metro. area,Syd-Newc-Woll Gtr conurbation,Straight,,,,Off,Sealed,Dry,Fine,Daylight,Nil,Give way sign,40 km/h,Local,30,Rear end,301,Same - Rear end,,Rear end,Light truck utility(from 2018),Car (sedan/hatch),2,0,0,0,1,6,June,Winter,Sunday,12:00 - 13:59,Midday / afternoon,False,False,True,True
1357857,Injury,Serious Injury,2024,2024,June,Wednesday,02:00 - 03:59,CLARENCE,WAY,1140,North,BRUXNER,HWY,SANDILANDS,361.0,No,Not a school zone,2-way undivided,-28.891149,152.654191,Kyogle,Country non-urban,Rest of NSW - Rural,Curved,Steep grade,,,Nil,Sealed,Dry,Fog or mist,Darkness,Nil,No traffic controls,100 km/h,Regional,85,Off rt/lft bnd=>obj,804,Off left bend into obj,Right,Vehicle - Object,Car (sedan/hatch),,1,0,1,0,1,6,June,Winter,Wednesday,02:00 - 03:59,Late night / early morning,False,False,True,True
1357858,Injury,Serious Injury,2024,2024,June,Tuesday,12:00 - 13:59,OLD KURRAJONG,RD,50,West,KURRAJONG,RD,RICHMOND,,No,Not a school zone,2-way undivided,-33.588884,150.729046,Hawkesbury,Country urban,Syd-Newc-Woll Gtr conurbation,Straight,Narrow roadway,,,Nil,Sealed,Dry,Fine,Daylight,Nil,No traffic controls,60 km/h,Local,6,Ped on footpath,8,Ped - On footway/median,,Vehicle - Pedestrian,Light truck utility(from 2018),Pedestrian,3,0,1,1,0,6,June,Winter,Tuesday,12:00 - 13:59,Midday / afternoon,False,False,True,True
1357859,Injury,Moderate Injury,2024,2024,May,Thursday,08:00 - 09:59,WATTLE,ST,150,North,FIG,ST,PYRMONT,594.0,No,Not a school zone,2-way undivided,-33.874879,151.19329,Sydney,Sydney metro. area,Syd-Newc-Woll Gtr conurbation,Straight,,,,Off,Sealed,Dry,Fine,Daylight,Nil,No traffic controls,50 km/h,State,30,Rear end,301,Same - Rear end,,Rear end,Motorcycle,Light truck,2,0,0,1,0,5,May,Autumn,Thursday,08:00 - 09:59,AM peak / school commute,True,False,True,True
1357861,Injury,Serious Injury,2024,2024,May,Thursday,18:00 - 19:59,PRINCES,HWY,0,Right on the spot,ENGADINE,AVE,ENGADINE,1.0,No,Not a school zone,T-junction,-34.069812,151.012939,Sutherland,Sydney metro. area,Syd-Newc-Woll Gtr conurbation,Curved,,,,On,Sealed,Wet,Fine,Darkness,Nil,No traffic controls,70 km/h,State,13,Right near,104,Adj - Right-thru from right,,Right angle,Car (sedan/hatch),Motorcycle,3,0,1,0,0,5,May,Autumn,Thursday,18:00 - 19:59,PM peak / evening commute,True,False,True,True
1357862,Injury,Moderate Injury,2024,2024,June,Sunday,12:00 - 13:59,MACQUARIE,ST,0,Right on the spot,NELSON,ST,WALLSEND,,No,Not a school zone,X-intersection,-32.898754,151.665484,Newcastle,Newcastle met. area,Syd-Newc-Woll Gtr conurbation,Straight,,,,Nil,Sealed,Dry,Fine,Daylight,Nil,Stop sign,50 km/h,Local,10,Cross traffic,101,Adj - Cross traffic,,Right angle,Light truck utility(from 2018),Motorcycle,2,0,0,1,0,6,June,Winter,Sunday,12:00 - 13:59,Midday / afternoon,False,False,True,True
1357865,Injury,Serious Injury,2024,2024,May,Wednesday,18:00 - 19:59,BADGALLY,RD,100,North,BLAXLAND,RD,CAMPBELLTOWN,7192.0,No,Not a school zone,Divided road,-34.058991,150.813004,Campbelltown,Sydney metro. area,Syd-Newc-Woll Gtr conurbation,Straight,Driveway/entrance,,,On,Sealed,Dry,Fine,Darkness,Nil,No traffic controls,60 km/h,Regional,47,Emerging from drive,406,Manov - Emerging from driveway,,Right angle,4 wheel drive / SUV,Car (sedan/hatch),2,0,1,1,0,5,May,Autumn,Wednesday,18:00 - 19:59,PM peak / evening commute,True,False,True,True
1357866,Injury,Serious Injury,2024,2024,June,Sunday,12:00 - 13:59,MIDDLE RIDGE,RD,400,South,RED HILL,RD,OURIMBAH,,No,Not a school zone,2-way undivided,-33.297058,151.342004,Central Coast,Country non-urban,Syd-Newc-Woll Gtr conurbation,Straight,,,,Nil,Unsealed,Dry,Fine,Daylight,Nil,No traffic controls,100 km/h,Local,20,Head on,201,Opp - Head on,,Head-on,Motorcycle,Motorcycle,2,0,2,0,0,6,June,Winter,Sunday,12:00 - 13:59,Midday / afternoon,False,False,True,True
1357867,Injury,Moderate Injury,2024,2024,April,Thursday,16:00 - 17:59,HECTOR MCWILLIAM,DR,700,East,CASUARINA,GR,TUROSS HEAD,7628.0,No,Not a school zone,2-way undivided,-36.033297,150.120262,Eurobodalla,Country urban,Rest of NSW - Urban,Curved,Steep grade,,,Nil,Sealed,Dry,Fine,Dusk,Nil,No traffic controls,80 km/h,Regional,81,Off left/rt bnd=>obj,803,Off right bend into obj,Left,Vehicle - Object,Car (sedan/hatch),,1,0,0,1,0,4,April,Autumn,Thursday,16:00 - 17:59,PM peak / evening commute,True,False,True,True
1357869,Injury,Serious Injury,2024,2024,June,Sunday,16:00 - 17:59,PITTWATER,RD,0,Right on the spot,CORONATION,ST,MONA VALE,164.0,No,Not a school zone,T-junction,-33.687604,151.304698,Northern Beaches,Sydney metro. area,Syd-Newc-Woll Gtr conurbation,Straight,Foot/cycle path/nature strip,,,On,Sealed,Wet,Fine,Darkness,On,No traffic controls,70 km/h,State,48,From footpath,408,Manov - From footway,,Other angle,Pedal cycle,Car (sedan/hatch),2,0,1,0,0,6,June,Winter,Sunday,16:00 - 17:59,PM peak / evening commute,True,False,True,True
1357872,Injury,Moderate Injury,2024,2024,May,Tuesday,08:00 - 09:59,FORGE,ST,65,North,BESSEMER,ST,BLACKTOWN,,No,Not a school zone,2-way undivided,-33.756574,150.909607,Blacktown,Sydney metro. area,Syd-Newc-Woll Gtr conurbation,Straight,Driveway/entrance,,,Nil,Sealed,Dry,Fine,Daylight,Nil,No traffic controls,50 km/h,Local,53,Overtake turning,506,Ovtak - Overtaking right turn,,Other angle,Passenger van,4 wheel drive / SUV,2,0,0,1,0,5,May,Autumn,Tuesday,08:00 - 09:59,AM peak / school commute,True,False,True,True
1357873,Injury,Serious Injury,2024,2024,April,Wednesday,12:00 - 13:59,GREAT WESTERN,HWY,30,East,LITTLE REGENT,ST,HAYMARKET,5.0,No,Not a school zone,2-way undivided,-33.883688,151.202926,Sydney,Sydney metro. area,Syd-Newc-Woll Gtr conurbation,Curved,Painted double centre lines,,,Nil,Sealed,Dry,Overcast,Daylight,Nil,No traffic controls,40 km/h,State,42,Leaving parking,401,Manov - Leaving parking,,Other angle,Car (sedan/hatch),Motor scooter,2,0,1,0,0,4,April,Autumn,Wednesday,12:00 - 13:59,Midday / afternoon,False,False,True,True
1357874,Injury,Moderate Injury,2024,2024,June,Friday,16:00 - 17:59,KEVIN,AVE,10,West,BARRENJOEY,RD,AVALON BEACH,164.0,Yes,No,T-junction,-33.633203,151.330949,Northern Beaches,Sydney metro. area,Syd-Newc-Woll Gtr conurbation,Straight,Steep grade,,,Off,Sealed,Wet,Raining,Daylight,On,No traffic controls,60 km/h,State,71,Off rd left => obj,703,Left off cway into object,,Vehicle - Object,Light truck utility(from 2018),,1,0,0,1,0,6,June,Winter,Friday,16:00 - 17:59,PM peak / evening commute,True,False,True,True
1357879,Injury,Moderate Injury,2024,2024,June,Thursday,16:00 - 17:59,HAWKESBURY VALLEY,WAY,1500,South,MACQUARIE,ST,MULGRAVE,685.0,No,Not a school zone,2-way undivided,-33.620572,150.826968,Hawkesbury,Country urban,Syd-Newc-Woll Gtr conurbation,Curved,Other bridge,,,Nil,Sealed,Dry,Fine,Daylight,Nil,No traffic controls,70 km/h,State,30,Rear end,301,Same - Rear end,,Rear end,Car (sedan/hatch),4 wheel drive / SUV,2,0,0,1,0,6,June,Winter,Thursday,16:00 - 17:59,PM peak / evening commute,True,False,True,True
1357881,Injury,Minor/Other Injury,2024,2024,July,Tuesday,10:00 - 11:59,FORRESTER,RD,10,West,ELLSWORTH,DR,ROPES CROSSING,7167.0,No,Not a school zone,X-intersection,-33.740317,150.785136,Blacktown,Sydney metro. area,Syd-Newc-Woll Gtr conurbation,Straight,Steep grade,,,On,Sealed,Wet,Raining,Daylight,On,No traffic controls,70 km/h,Regional,20,Head on,201,Opp - Head on,,Head-on,Car (sedan/hatch),Car (sedan/hatch),2,0,0,0,1,7,July,Winter,Tuesday,10:00 - 11:59,Midday / afternoon,False,False,True,True
1357882,Injury,Serious Injury,2024,2024,June,Saturday,16:00 - 17:59,MOORE,ST,0,Right on the spot,BROUGHTON,ST,CAMPBELLTOWN,177.0,No,Not a school zone,X-intersection,-34.066572,150.819508,Campbelltown,Sydney metro. area,Syd-Newc-Woll Gtr conurbation,Straight,,,,On,Sealed,Dry,Fine,Dusk,On,No traffic controls,60 km/h,State,10,Cross traffic,101,Adj - Cross traffic,,Right angle,Car (sedan/hatch),4 wheel drive / SUV,2,0,1,2,0,6,June,Winter,Saturday,16:00 - 17:59,PM peak / evening commute,True,False,True,True
1357883,Injury,Serious Injury,2024,2024,March,Sunday,18:00 - 19:59,GRENFELL,ST,0,Right on the spot,MONASH,ST,WEST WYALONG,,No,Not a school zone,X-intersection,-33.918406,147.207846,Bland,Country urban,Rest of NSW - Urban,Straight,,,,Off,Sealed,Dry,Fine,Daylight,Nil,Give way sign,50 km/h,Local,10,Cross traffic,101,Adj - Cross traffic,,Right angle,Motorcycle,Car (sedan/hatch),2,0,1,0,0,3,March,Autumn,Sunday,18:00 - 19:59,PM peak / evening commute,True,False,True,True
1357889,Injury,Moderate Injury,2024,2024,June,Wednesday,08:00 - 09:59,FERGUSON,AVE,0,Right on the spot,NUMBER 16-18,HN,WILEY PARK,,No,Not a school zone,2-way undivided,-33.926237,151.067444,Canterbury-Bankstown,Sydney metro. area,Syd-Newc-Woll Gtr conurbation,Straight,Driveway/entrance,,,Unknown / not stated,Sealed,Unknown,Unknown,Daylight,Nil,No traffic controls,50 km/h,Local,47,Emerging from drive,406,Manov - Emerging from driveway,,Right angle,Car (sedan/hatch),4 wheel drive / SUV,2,0,0,1,0,6,June,Winter,Wednesday,08:00 - 09:59,AM peak / school commute,True,False,True,True
1357892,Injury,Moderate Injury,2024,2024,June,Friday,22:00 - Midnight,COME BY CHANCE,RD,0,Right on the spot,SHOWGROUND,ENT,WALGETT,7716.0,No,Not a school zone,2-way undivided,-30.026813,148.131232,Walgett,Country urban,Rest of NSW - Urban,Straight,Driveway/entrance,,,Nil,Sealed,Dry,Fine,Darkness,Nil,No traffic controls,50 km/h,Regional,80,Off left/right bend,801,Off cway right bend,Left,Rollover,Motorcycle,,1,0,0,1,0,6,June,Winter,Friday,22:00 - Midnight,Evening / night,False,False,True,True
1357893,Injury,Serious Injury,2024,2024,June,Thursday,14:00 - 15:59,CHISWICK,RD,5,West,AUBURN,RD,AUBURN,,No,Not a school zone,Roundabout,-33.861324,151.030652,Cumberland,Sydney metro. area,Syd-Newc-Woll Gtr conurbation,Straight,Pedestrian refuge,,,Off,Sealed,Dry,Fine,Daylight,Nil,Give way sign,50 km/h,Local,2,Ped far side,3,Ped - Far side,,Vehicle - Pedestrian,Car (sedan/hatch),Pedestrian,2,0,1,0,0,6,June,Winter,Thursday,14:00 - 15:59,Midday / afternoon,False,False,True,True
1357894,Injury,Serious Injury,2024,2024,June,Sunday,02:00 - 03:59,BRICKMAKERS,DR,330,South,CONLON,AVE,MOOREBANK,,No,Not a school zone,2-way undivided,-33.937742,150.959326,Liverpool,Sydney metro. area,Syd-Newc-Woll Gtr conurbation,Curved,,,,On,Sealed,Wet,Raining,Darkness,Nil,No traffic controls,50 km/h,Local,87,Off lft/lft bnd=>obj,804,Off left bend into obj,Left,Vehicle - Object,Car (sedan/hatch),,1,0,1,0,0,6,June,Winter,Sunday,02:00 - 03:59,Late night / early morning,False,False,True,True
1357896,Injury,Moderate Injury,2024,2024,June,Sunday,06:00 - 07:59,O'CONNELL,RD,220,South,BEACONSFIELD,RD,O'CONNELL,253.0,No,Not a school zone,2-way undivided,-33.535307,149.72919,Oberon,Country urban,Rest of NSW - Urban,Straight,,,,Nil,Sealed,Dry,Fine,Darkness,Nil,No traffic controls,60 km/h,State,30,Rear end,301,Same - Rear end,,Rear end,Car (sedan/hatch),Motorcycle,2,0,0,1,0,6,June,Winter,Sunday,06:00 - 07:59,AM peak / school commute,True,False,True,True
1357897,Injury,Moderate Injury,2024,2024,June,Saturday,22:00 - Midnight,GREAT WESTERN,HWY,268,East,GREYSTANES,RD,GREYSTANES,5.0,No,Not a school zone,Divided road,-33.808638,150.940091,Cumberland,Sydney metro. area,Syd-Newc-Woll Gtr conurbation,Straight,,,,On,Sealed,Wet,Fine,Darkness,Nil,No traffic controls,80 km/h,State,71,Off rd left => obj,703,Left off cway into object,,Vehicle - Object,Car (sedan/hatch),,1,0,0,1,0,6,June,Winter,Saturday,22:00 - Midnight,Evening / night,False,False,True,True
1357900,Injury,Minor/Other Injury,2024,2024,June,Wednesday,08:00 - 09:59,OLD COOMA,RD,0,Right on the spot,NUMBER 1616,HN,ROYALLA,,No,Not a school zone,2-way undivided,-35.474891,149.176962,Queanbeyan-Palerang Regional,Country non-urban,Rest of NSW - Rural,Curved,Steep grade,,,Nil,Sealed,Dry,Fine,Daylight,Nil,No traffic controls,100 km/h,Local,85,Off rt/lft bnd=>obj,804,Off left bend into obj,Right,Vehicle - Object,4 wheel drive / SUV,,1,0,0,0,1,6,June,Winter,Wednesday,08:00 - 09:59,AM peak / school commute,True,False,True,True
1357901,Injury,Moderate Injury,2024,2024,July,Wednesday,18:00 - 19:59,RAILWAY,RD,0,Right on the spot,HENRY,ST,SYDENHAM,664.0,No,Not a school zone,X-intersection,-33.91774,151.167819,Inner West,Sydney metro. area,Syd-Newc-Woll Gtr conurbation,Straight,,,,On,Sealed,Wet,Unknown,Darkness,On,No traffic controls,50 km/h,State,37,Left turn sideswipe,309,Same - Left turn side swipe,,Other angle,Car (sedan/hatch),Motorcycle,2,0,0,1,0,7,July,Winter,Wednesday,18:00 - 19:59,PM peak / evening commute,True,False,True,True
1357902,Injury,Moderate Injury,2024,2024,July,Monday,12:00 - 13:59,FLETT,ST,0,Right on the spot,HIGH,ST,TAREE,,No,Not a school zone,Roundabout,-31.911684,152.450351,Mid-Coast,Country urban,Rest of NSW - Urban,Straight,Steep grade,,,Off,Sealed,Dry,Fine,Daylight,Nil,Give way sign,50 km/h,Local,70,Off road to left,701,Off carriageway to left,,Rollover,Car (sedan/hatch),,1,0,0,1,0,7,July,Winter,Monday,12:00 - 13:59,Midday / afternoon,False,False,True,True
1357907,Injury,Moderate Injury,2024,2024,July,Friday,18:00 - 19:59,CLEVELAND,ST,0,Right on the spot,WALKER,ST,SURRY HILLS,330.0,No,Not a school zone,X-intersection,-33.89042,151.209134,Sydney,Sydney metro. area,Syd-Newc-Woll Gtr conurbation,Straight,,,,On,Sealed,Dry,Fine,Dusk,On,No traffic controls,50 km/h,State,0,Ped nearside,1,Ped - Near side,,Vehicle - Pedestrian,Light truck,Pedestrian,2,0,0,1,0,7,July,Winter,Friday,18:00 - 19:59,PM peak / evening commute,True,False,True,True
1357908,Injury,Moderate Injury,2024,2024,June,Thursday,12:00 - 13:59,CENTRAL COAST,HWY,15,South,SURF,ST,LONG JETTY,30.0,No,Not a school zone,Divided road,-33.360959,151.482343,Central Coast,Country urban,Syd-Newc-Woll Gtr conurbation,Straight,,,,Off,Sealed,Dry,Fine,Daylight,Nil,No traffic controls,50 km/h,State,30,Rear end,301,Same - Rear end,,Rear end,Car (sedan/hatch),Car (sedan/hatch),2,0,0,1,0,6,June,Winter,Thursday,12:00 - 13:59,Midday / afternoon,False,False,True,True
1357916,Injury,Serious Injury,2024,2024,June,Friday,16:00 - 17:59,BOURKE,RD,0,Right on the spot,NUMBER 73-75,HN,ALEXANDRIA,,No,Not a school zone,2-way undivided,-33.91721,151.189266,Sydney,Sydney metro. area,Syd-Newc-Woll Gtr conurbation,Straight,Driveway/entrance,,,Nil,Sealed,Dry,Fine,Daylight,Nil,No traffic controls,50 km/h,Local,2,Ped far side,3,Ped - Far side,,Vehicle - Pedestrian,Car (sedan/hatch),Pedestrian,2,0,1,0,0,6,June,Winter,Friday,16:00 - 17:59,PM peak / evening commute,True,False,True,True
1357919,Injury,Serious Injury,2024,2024,June,Friday,20:00 - 21:59,HUME,HWY,20,South,SPRING VALLEY,RD,HOLBROOK,2.0,No,Not a school zone,Divided road,-35.776958,147.276866,Greater Hume,Country non-urban,Rest of NSW - Rural,Straight,,,,Nil,Sealed,Dry,Fine,Darkness,Nil,No traffic controls,110 km/h,State,71,Off rd left => obj,703,Left off cway into object,,Vehicle - Object,Station wagon,,1,0,2,0,0,6,June,Winter,Friday,20:00 - 21:59,Evening / night,False,False,True,True
1357920,Injury,Serious Injury,2024,2024,July,Sunday,16:00 - 17:59,PACIFIC,HWY,5050,North,FRASER,RD,COWAN,10.0,No,Not a school zone,2-way undivided,-33.560354,151.189143,Hornsby,Sydney metro. area,Syd-Newc-Woll Gtr conurbation,Curved,Steep grade,,,Nil,Sealed,Dry,Fine,Dusk,Nil,No traffic controls,80 km/h,State,88,Out of cont on bend,805,Out of control on bend,,Rollover,Motorcycle,,1,0,1,0,0,7,July,Winter,Sunday,16:00 - 17:59,PM peak / evening commute,True,False,True,True
1357921,Injury,Moderate Injury,2024,2024,July,Friday,18:00 - 19:59,PEISLEY,ST,30,North,SUMMER,ST,ORANGE,,No,Not a school zone,2-way undivided,-33.283899,149.103684,Orange,Country urban,Rest of NSW - Urban,Straight,Foot/cycle path/nature strip,,,On,Sealed,Dry,Fine,Darkness,Nil,No traffic controls,40 km/h,Local,48,From footpath,408,Manov - From footway,,Other angle,Pedal cycle,4 wheel drive / SUV,2,0,0,1,0,7,July,Winter,Friday,18:00 - 19:59,PM peak / evening commute,True,False,True,True