crash_id,degree_of_crash,degree_of_crash_-_detailed,reporting_year,year_of_crash,month_of_crash,day_of_week_of_crash,two-hour_intervals,street_of_crash,street_type,distance,direction,identifying_feature,identifying_feature_type,town,route_no.,school_zone_location,school_zone_active,type_of_location,latitude,longitude,lga,urbanisation,conurbation_1,alignment,primary_permanent_feature,primary_temporary_feature,primary_hazardous_feature,street_lighting,road_surface,surface_condition,weather,natural_lighting,signals_operation,other_traffic_control,speed_limit,road_classification_(admin),rum_-_code,rum_-_description,dca_-_code,dca_-_description,dca_supplement,first_impact_type,key_tu_type,other_tu_type,no._of_traffic_units_involved,no._killed,no._seriously_injured,no._moderately_injured,no._minor-other_injured,month_num,month_label,season,day_label,time_label,time_band,is_peak_commute,is_fatal,is_injury,is_casualty
1357922,Injury,Moderate Injury,2024,2024,July,Saturday,14:00 - 15:59,NEWELL,HWY,0,Right on the spot,PURVIS,LANE,DUBBO,17.0,No,Not a school zone,T-junction,-32.220537,148.615911,Dubbo Regional,Country urban,Rest of NSW - Urban,Straight,,,,Off,Sealed,Dry,Fine,Daylight,Nil,Give way sign,80 km/h,State,10,Cross traffic,101,Adj - Cross traffic,,Right angle,Car (sedan/hatch),Car (sedan/hatch),2,0,0,1,0,7,July,Winter,Saturday,14:00 - 15:59,Midday / afternoon,False,False,True,True
1357926,Injury,Moderate Injury,2024,2024,July,Saturday,18:00 - 19:59,HENRY PARKES,WAY,5000,West,LAKE ENDEAVOUR,RD,PARKES,61.0,No,Not a school zone,2-way undivided,-33.172692,148.383197,Parkes,Country non-urban,Rest of NSW - Rural,Straight,,,,Nil,Sealed,Dry,Fine,Darkness,Nil,No traffic controls,100 km/h,State,30,Rear end,301,Same - Rear end,,Rear end,Motorcycle,Car (sedan/hatch),2,0,0,1,0,7,July,Winter,Saturday,18:00 - 19:59,PM peak / evening commute,True,False,True,True
1357927,Injury,Serious Injury,2024,2024,July,Saturday,10:00 - 11:59,DRIFTWAY,DR,0,Right on the spot,MILES,CRES,PEMULWUY,,No,Not a school zone,X-intersection,-33.816442,150.931927,Cumberland,Sydney metro. area,Syd-Newc-Woll Gtr conurbation,Curved,,,,Off,Sealed,Dry,Fine,Daylight,Nil,Give way sign,50 km/h,Local,33,Lane sideswipe,305,Same - Lane side swipe,,Other angle,4 wheel drive / SUV,Pedal cycle,2,0,1,0,0,7,July,Winter,Saturday,10:00 - 11:59,Midday / afternoon,False,False,True,True
1357928,Injury,Moderate Injury,2024,2024,July,Wednesday,06:00 - 07:59,CUMBERLAND,HWY,20,West,KLEINS,RD,NORTHMEAD,13.0,No,Not a school zone,Divided road,-33.793458,150.994258,Parramatta,Sydney metro. area,Syd-Newc-Woll Gtr conurbation,Straight,,,,Off,Sealed,Dry,Fine,Dawn,Nil,No traffic controls,70 km/h,State,30,Rear end,301,Same - Rear end,,Rear end,Motorcycle,Car (sedan/hatch),3,0,0,1,0,7,July,Winter,Wednesday,06:00 - 07:59,AM peak / school commute,True,False,True,True
1357935,Injury,Serious Injury,2024,2024,July,Monday,10:00 - 11:59,GREENHILLS,RD,0,Right on the spot,TAYLORS ARM,RD,UPPER TAYLORS ARM,,No,Not a school zone,T-junction,-30.777971,152.694357,Nambucca Valley,Country urban,Rest of NSW - Urban,Straight,Crest,,,Nil,Sealed,Dry,Fine,Daylight,Nil,No traffic controls,80 km/h,Local,20,Head on,201,Opp - Head on,,Head-on,Motorcycle,Car (sedan/hatch),2,0,1,0,0,7,July,Winter,Monday,10:00 - 11:59,Midday / afternoon,False,False,True,True
1357939,Injury,Moderate Injury,2024,2024,July,Wednesday,18:00 - 19:59,KING GEORGES,RD,0,Right on the spot,FOREST ROAD,TO,PENSHURST,168.0,No,Not a school zone,Divided road,-33.964062,151.093104,Georges River,Sydney metro. area,Syd-Newc-Woll Gtr conurbation,Straight,Steep grade,,,On,Sealed,Dry,Fine,Darkness,Nil,No traffic controls,60 km/h,State,35,Lane change left,307,Same - Lane change left,,Other angle,Light truck utility(from 2018),Motorcycle,2,0,0,1,1,7,July,Winter,Wednesday,18:00 - 19:59,PM peak / evening commute,True,False,True,True
1357943,Injury,Serious Injury,2024,2024,June,Sunday,12:00 - 13:59,KINGSWAY,MS,0,Right on the spot,WILLARONG,RD,CARINGBAH,227.0,No,Not a school zone,X-intersection,-34.040151,151.120393,Sutherland,Sydney metro. area,Syd-Newc-Woll Gtr conurbation,Straight,,,,Nil,Sealed,Dry,Fine,Daylight,On,No traffic controls,60 km/h,State,2,Ped far side,3,Ped - Far side,,Vehicle - Pedestrian,Light truck utility(from 2018),Pedestrian,2,0,1,0,0,6,June,Winter,Sunday,12:00 - 13:59,Midday / afternoon,False,False,True,True
1357944,Injury,Minor/Other Injury,2024,2024,July,Thursday,14:00 - 15:59,CENTRAL COAST,HWY,35,East,OKANAGAN,CL,WAMBERAL,30.0,No,Not a school zone,Divided road,-33.424007,151.431954,Central Coast,Country urban,Syd-Newc-Woll Gtr conurbation,Straight,,,,Nil,Sealed,Dry,Fine,Daylight,Nil,No traffic controls,60 km/h,State,71,Off rd left => obj,703,Left off cway into object,,Vehicle - Object,Car (sedan/hatch),,1,0,0,0,1,7,July,Winter,Thursday,14:00 - 15:59,Midday / afternoon,False,False,True,True
1357946,Injury,Moderate Injury,2024,2024,July,Saturday,10:00 - 11:59,CASTLEREAGH,HWY,1000,South,AARONS PASS,RD,AARONS PASS,18.0,No,Not a school zone,2-way undivided,-32.873728,149.805873,Mid-Western Regional,Country non-urban,Rest of NSW - Rural,Curved,Embankment/cutting,,,Nil,Sealed,Wet,Raining,Daylight,Nil,No traffic controls,100 km/h,State,85,Off rt/lft bnd=>obj,804,Off left bend into obj,Right,Vehicle - Object,4 wheel drive / SUV,,1,0,0,1,0,7,July,Winter,Saturday,10:00 - 11:59,Midday / afternoon,False,False,True,True
1357950,Injury,Serious Injury,2024,2024,July,Wednesday,14:00 - 15:59,NELSON BAY,RD,0,Right on the spot,TAYLOR,RD,FERN BAY,108.0,No,Not a school zone,T-junction,-32.874237,151.794088,Port Stephens,Country urban,Rest of NSW - Urban,Straight,,,,Off,Sealed,Dry,Fine,Daylight,Nil,No traffic controls,70 km/h,State,21,Right through,202,Opp - Right-thru,,Other angle,Car (sedan/hatch),4 wheel drive / SUV,2,0,1,0,0,7,July,Winter,Wednesday,14:00 - 15:59,Midday / afternoon,False,False,True,True
1357953,Injury,Moderate Injury,2024,2024,June,Tuesday,16:00 - 17:59,QUEEN,ST,0,Right on the spot,WEBB,ST,CROYDON,,Yes,No,T-junction,-33.8761,151.113699,Burwood,Sydney metro. area,Syd-Newc-Woll Gtr conurbation,Straight,,,,On,Sealed,Dry,Fine,Darkness,Nil,Ped crossing,50 km/h,Local,2,Ped far side,3,Ped - Far side,,Vehicle - Pedestrian,Unknown motor vehicle,Pedestrian,2,0,0,1,0,6,June,Winter,Tuesday,16:00 - 17:59,PM peak / evening commute,True,False,True,True
1357960,Injury,Moderate Injury,2024,2024,July,Sunday,14:00 - 15:59,BONG BONG,RD,0,Right on the spot,STATION,ST,DAPTO,,No,Not a school zone,T-junction,-34.493709,150.792035,Wollongong,Wollongong met. area,Syd-Newc-Woll Gtr conurbation,Straight,,,,Off,Sealed,Dry,Fine,Daylight,Nil,Stop sign,50 km/h,Local,13,Right near,104,Adj - Right-thru from right,,Right angle,4 wheel drive / SUV,4 wheel drive / SUV,2,0,0,1,0,7,July,Winter,Sunday,14:00 - 15:59,Midday / afternoon,False,False,True,True
1357961,Injury,Serious Injury,2024,2024,June,Tuesday,18:00 - 19:59,MYRTLE,ST,0,Right on the spot,WEST,ST,NORTH SYDNEY,,No,Not a school zone,T-junction,-33.831178,151.205799,North Sydney,Sydney metro. area,Syd-Newc-Woll Gtr conurbation,Straight,,,,Nil,Sealed,Dry,Fine,Dusk,Nil,Stop sign,50 km/h,Local,21,Right through,202,Opp - Right-thru,,Other angle,4 wheel drive / SUV,Pedal cycle,2,0,1,0,0,6,June,Winter,Tuesday,18:00 - 19:59,PM peak / evening commute,True,False,True,True
1357962,Injury,Minor/Other Injury,2024,2024,July,Sunday,00:01 - 01:59,RAILWAY,ST,0,Right on the spot,THROSBY,ST,WICKHAM,,No,Not a school zone,T-junction,-32.920882,151.75656,Newcastle,Newcastle met. area,Syd-Newc-Woll Gtr conurbation,Straight,,,,On,Sealed,Dry,Fine,Darkness,Nil,No traffic controls,50 km/h,Local,20,Head on,201,Opp - Head on,,Head-on,Car (sedan/hatch),Car (sedan/hatch),2,0,0,0,1,7,July,Winter,Sunday,00:01 - 01:59,Late night / early morning,False,False,True,True
1357964,Injury,Serious Injury,2024,2024,July,Wednesday,06:00 - 07:59,FOURTH,AVE,125,West,PRINCE,ST,BLACKTOWN,,No,Not a school zone,2-way undivided,-33.764139,150.909978,Blacktown,Sydney metro. area,Syd-Newc-Woll Gtr conurbation,Straight,Driveway/entrance,,,Nil,Sealed,Wet,Raining,Daylight,Nil,No traffic controls,50 km/h,Local,47,Emerging from drive,406,Manov - Emerging from driveway,,Right angle,Car (sedan/hatch),Motorcycle,2,0,1,0,0,7,July,Winter,Wednesday,06:00 - 07:59,AM peak / school commute,True,False,True,True
1357966,Injury,Serious Injury,2024,2024,July,Monday,06:00 - 07:59,ELIZABETH,DR,0,Right on the spot,SMITHFIELD,RD,BONNYRIGG HEIGHTS,535.0,No,Not a school zone,T-junction,-33.888417,150.881116,Fairfield,Sydney metro. area,Syd-Newc-Woll Gtr conurbation,Straight,,,,Off,Sealed,Dry,Fine,Daylight,On,No traffic controls,70 km/h,State,32,Right rear,303,Same - Rear right,,Rear end,Motorcycle,Car (sedan/hatch),2,0,1,0,0,7,July,Winter,Monday,06:00 - 07:59,AM peak / school commute,True,False,True,True
1357967,Injury,Minor/Other Injury,2024,2024,July,Monday,14:00 - 15:59,CHARLESTOWN,RD,0,Right on the spot,CARNLEY,AVE,KOTARA,23.0,No,Not a school zone,T-junction,-32.940573,151.688275,Newcastle,Newcastle met. area,Syd-Newc-Woll Gtr conurbation,Straight,Steep grade,,,Off,Sealed,Dry,Fine,Daylight,On,No traffic controls,70 km/h,State,30,Rear end,301,Same - Rear end,,Rear end,Light truck,Car (sedan/hatch),2,0,0,0,1,7,July,Winter,Monday,14:00 - 15:59,Midday / afternoon,False,False,True,True
1357982,Injury,Minor/Other Injury,2024,2024,July,Wednesday,12:00 - 13:59,BRIAR,RD,0,Right on the spot,RIVERSIDE,DR,AIRDS,,Yes,No,T-junction,-34.087842,150.828941,Campbelltown,Sydney metro. area,Syd-Newc-Woll Gtr conurbation,Straight,,,,Off,Sealed,Dry,Fine,Daylight,Nil,Give way sign,50 km/h,Local,13,Right near,104,Adj - Right-thru from right,,Right angle,4 wheel drive / SUV,Station wagon,2,0,0,0,1,7,July,Winter,Wednesday,12:00 - 13:59,Midday / afternoon,False,False,True,True
1357983,Injury,Minor/Other Injury,2024,2024,June,Friday,18:00 - 19:59,GLENAYR,AVE,70,North,CURLEWIS,ST,BONDI BEACH,,No,Not a school zone,2-way undivided,-33.88691,151.272394,Waverley,Sydney metro. area,Syd-Newc-Woll Gtr conurbation,Straight,Painted double centre lines,,,On,Sealed,Dry,Fine,Darkness,Nil,No traffic controls,40 km/h,Local,40,U turn,304,Same - U-turn,,Other angle,Car (sedan/hatch),Motor scooter,2,0,0,0,1,6,June,Winter,Friday,18:00 - 19:59,PM peak / evening commute,True,False,True,True
1357984,Injury,Moderate Injury,2024,2024,July,Wednesday,12:00 - 13:59,SHORE,ST,0,Right on the spot,THOMAS,ST,MORUYA,,No,Not a school zone,X-intersection,-35.90685,150.071474,Eurobodalla,Country urban,Rest of NSW - Urban,Straight,Embankment/cutting,,,Off,Sealed,Dry,Fine,Daylight,Nil,Give way sign,50 km/h,Local,10,Cross traffic,101,Adj - Cross traffic,,Right angle,4 wheel drive / SUV,4 wheel drive / SUV,2,0,0,1,0,7,July,Winter,Wednesday,12:00 - 13:59,Midday / afternoon,False,False,True,True
1357987,Injury,Moderate Injury,2024,2024,July,Sunday,08:00 - 09:59,PACIFIC,HWY,0,Right on the spot,MINNESOTA,RD,WADALBA,10.0,No,Not a school zone,X-intersection,-33.262809,151.464678,Central Coast,Country urban,Syd-Newc-Woll Gtr conurbation,Straight,,,,On,Sealed,Dry,Fine,Daylight,On,No traffic controls,70 km/h,State,13,Right near,104,Adj - Right-thru from right,,Right angle,Passenger van,Car (sedan/hatch),2,0,0,2,0,7,July,Winter,Sunday,08:00 - 09:59,AM peak / school commute,True,False,True,True
1357988,Injury,Serious Injury,2024,2024,July,Wednesday,10:00 - 11:59,KAREELA,AVE,0,Right on the spot,NUMBER 21,HN,PENRITH,,No,Not a school zone,2-way undivided,-33.744801,150.713512,Penrith,Sydney metro. area,Syd-Newc-Woll Gtr conurbation,Straight,,,,Off,Sealed,Wet,Overcast,Daylight,Nil,No traffic controls,50 km/h,Local,71,Off rd left => obj,703,Left off cway into object,,Vehicle - Object,Utility,,1,0,1,0,0,7,July,Winter,Wednesday,10:00 - 11:59,Midday / afternoon,False,False,True,True
1357989,Injury,Minor/Other Injury,2024,2024,May,Wednesday,08:00 - 09:59,PACIFIC,HWY,10,South,MARCIA,ST,COFFS HARBOUR,10.0,No,Not a school zone,X-intersection,-30.290017,153.120998,Coffs Harbour,Country urban,Rest of NSW - Urban,Straight,,,,On,Sealed,Dry,Fine,Daylight,On,No traffic controls,60 km/h,State,30,Rear end,301,Same - Rear end,,Rear end,Unknown motor vehicle,Station wagon,2,0,0,0,1,5,May,Autumn,Wednesday,08:00 - 09:59,AM peak / school commute,True,False,True,True
1357991,Injury,Serious Injury,2024,2024,May,Monday,18:00 - 19:59,COWPER,ST,10,West,GOOD,ST,GRANVILLE,,No,Not a school zone,Roundabout,-33.831279,151.011654,Parramatta,Sydney metro. area,Syd-Newc-Woll Gtr conurbation,Straight,Pedestrian refuge,,,On,Sealed,Dry,Fine,Darkness,Nil,Give way sign,50 km/h,Local,2,Ped far side,3,Ped - Far side,,Vehicle - Pedestrian,Car (sedan/hatch),Pedestrian,2,0,1,0,0,5,May,Autumn,Monday,18:00 - 19:59,PM peak / evening commute,True,False,True,True
1357993,Injury,Serious Injury,2024,2024,April,Tuesday,08:00 - 09:59,WESTERN,EXP,330,West,GREAT WESTERN HIGHWAY,OP,HOLROYD,6004.0,No,Not a school zone,Dual freeway,-33.827516,151.001187,Parramatta,Sydney metro. area,Syd-Newc-Woll Gtr conurbation,Straight,,,,Off,Sealed,Dry,Fine,Daylight,Nil,No traffic controls,90 km/h,State,71,Off rd left => obj,703,Left off cway into object,,Vehicle - Object,Motorcycle,,1,0,1,0,0,4,April,Autumn,Tuesday,08:00 - 09:59,AM peak / school commute,True,False,True,True
1357996,Injury,Serious Injury,2024,2024,July,Saturday,22:00 - Midnight,RESERVOIR,RD,50,South,PENNY,PL,BLACKTOWN,683.0,No,Not a school zone,Divided road,-33.796784,150.89726,Blacktown,Sydney metro. area,Syd-Newc-Woll Gtr conurbation,Straight,,,,On,Sealed,Dry,Fine,Darkness,Nil,No traffic controls,60 km/h,State,74,On road-out of cont.,705,Out of control on cway,,Rollover,Motorcycle,,1,0,1,0,0,7,July,Winter,Saturday,22:00 - Midnight,Evening / night,False,False,True,True
1358004,Injury,Minor/Other Injury,2024,2024,July,Monday,08:00 - 09:59,HUME,HWY,0,Right on the spot,MEREDITH,ST,BANKSTOWN,2.0,Yes,No,X-intersection,-33.907195,151.033316,Canterbury-Bankstown,Sydney metro. area,Syd-Newc-Woll Gtr conurbation,Straight,,,,Off,Sealed,Dry,Fine,Daylight,On,No traffic controls,60 km/h,State,0,Ped nearside,1,Ped - Near side,,Vehicle - Pedestrian,4 wheel drive / SUV,Pedestrian,2,0,0,0,1,7,July,Winter,Monday,08:00 - 09:59,AM peak / school commute,True,False,True,True
1358007,Injury,Serious Injury,2024,2024,July,Thursday,10:00 - 11:59,GREAT WESTERN,HWY,0,Right on the spot,CUMBERLAND,HWY,WENTWORTHVILLE,5.0,No,Not a school zone,X-intersection,-33.814385,150.964691,Cumberland,Sydney metro. area,Syd-Newc-Woll Gtr conurbation,Straight,,,,Off,Sealed,Dry,Fine,Daylight,On,No traffic controls,70 km/h,State,30,Rear end,301,Same - Rear end,,Rear end,Semi-trailer,4 wheel drive / SUV,2,0,1,0,2,7,July,Winter,Thursday,10:00 - 11:59,Midday / afternoon,False,False,True,True
1358008,Injury,Serious Injury,2024,2024,June,Sunday,00:01 - 01:59,ANNANGROVE,RD,435,North,EDWARDS,RD,ROUSE HILL,7141.0,No,Not a school zone,2-way undivided,-33.658679,150.927256,The Hills,Sydney metro. area,Syd-Newc-Woll Gtr conurbation,Curved,Steep grade,Roadwks/Detour/Diverson,,Nil,Sealed,Wet,Raining,Darkness,Nil,No traffic controls,40 km/h,Regional,87,Off lft/lft bnd=>obj,804,Off left bend into obj,Left,Vehicle - Object,Car (sedan/hatch),,1,0,1,0,0,6,June,Winter,Sunday,00:01 - 01:59,Late night / early morning,False,False,True,True
1358011,Injury,Minor/Other Injury,2024,2024,May,Thursday,06:00 - 07:59,KING GEORGES,RD,0,Right on the spot,CRONIN,AVE,HURSTVILLE,200.0,No,Not a school zone,T-junction,-33.968457,151.096895,Georges River,Sydney metro. area,Syd-Newc-Woll Gtr conurbation,Straight,,Roadwks/Detour/Diverson,,Nil,Sealed,Dry,Fine,Dawn,Nil,Give way sign,60 km/h,State,2,Ped far side,3,Ped - Far side,,Vehicle - Pedestrian,Light truck,Pedestrian,2,0,0,0,1,5,May,Autumn,Thursday,06:00 - 07:59,AM peak / school commute,True,False,True,True
1358014,Injury,Minor/Other Injury,2024,2024,May,Friday,10:00 - 11:59,MINNESOTA,RD,20,South,FAIRMONT,BVD,HAMLYN TERRACE,,No,Not a school zone,2-way undivided,-33.2609,151.465079,Central Coast,Country urban,Syd-Newc-Woll Gtr conurbation,Straight,,,,Nil,Sealed,Dry,Fine,Daylight,Nil,No traffic controls,50 km/h,Local,3,Ped on carriageway,4,Ped - On carriageway,,Vehicle - Pedestrian,4 wheel drive / SUV,Pedestrian,2,0,0,0,1,5,May,Autumn,Friday,10:00 - 11:59,Midday / afternoon,False,False,True,True
1358015,Injury,Serious Injury,2024,2024,May,Saturday,16:00 - 17:59,VICTORIA,RD,10,South,OSGATHORPE,RD,GLADESVILLE,165.0,No,Not a school zone,T-junction,-33.826293,151.126157,Ryde,Sydney metro. area,Syd-Newc-Woll Gtr conurbation,Straight,Steep grade,,,Off,Sealed,Dry,Fine,Dusk,Nil,No traffic controls,60 km/h,State,2,Ped far side,3,Ped - Far side,,Vehicle - Pedestrian,Car (sedan/hatch),Pedestrian,2,0,1,0,0,5,May,Autumn,Saturday,16:00 - 17:59,PM peak / evening commute,True,False,True,True
1358017,Injury,Moderate Injury,2024,2024,July,Monday,10:00 - 11:59,GREAT WESTERN,HWY,0,Right on the spot,COUGHLAN,RD,BLAXLAND,5.0,No,Not a school zone,T-junction,-33.756178,150.611801,Blue Mountains,Country urban,Syd-Newc-Woll Gtr conurbation,Straight,,,,Off,Sealed,Dry,Fine,Daylight,On,No traffic controls,80 km/h,State,21,Right through,202,Opp - Right-thru,,Other angle,Station wagon,Car (sedan/hatch),2,0,0,1,1,7,July,Winter,Monday,10:00 - 11:59,Midday / afternoon,False,False,True,True
1358019,Injury,Moderate Injury,2024,2024,June,Wednesday,16:00 - 17:59,BRADFIELD,HWY,20,South,LAVENDER STREET,TO,MILSONS POINT,632.0,No,Not a school zone,Divided road,-33.844742,151.211573,North Sydney,Sydney metro. area,Syd-Newc-Woll Gtr conurbation,Straight,,,,Nil,Sealed,Dry,Fine,Darkness,Nil,No traffic controls,70 km/h,State,73,Off rd rght => obj,704,Right off cway into obj,,Vehicle - Object,Motor scooter,,1,0,0,1,0,6,June,Winter,Wednesday,16:00 - 17:59,PM peak / evening commute,True,False,True,True
1358022,Injury,Moderate Injury,2024,2024,July,Monday,14:00 - 15:59,ENTERPRISE,CRES,0,Right on the spot,MAGPIE,ST,MCDOUGALLS HILL,,No,Not a school zone,X-intersection,-32.546995,151.141836,Singleton,Country urban,Rest of NSW - Urban,Straight,,,,Off,Sealed,Dry,Fine,Daylight,Nil,Give way sign,60 km/h,Local,10,Cross traffic,101,Adj - Cross traffic,,Right angle,Car (sedan/hatch),Light truck,2,0,0,2,0,7,July,Winter,Monday,14:00 - 15:59,Midday / afternoon,False,False,True,True
1358026,Injury,Moderate Injury,2024,2024,June,Thursday,22:00 - Midnight,MURPHY,CCT,0,Right on the spot,TYRONE,CL,ASHTONFIELD,,No,Not a school zone,T-junction,-32.774125,151.590493,Maitland,Country urban,Rest of NSW - Urban,Curved,,,,Off,Sealed,Dry,Fine,Darkness,Nil,No traffic controls,50 km/h,Local,81,Off left/rt bnd=>obj,803,Off right bend into obj,Left,Other angle,Car (sedan/hatch),Light truck utility(from 2018),2,0,0,1,0,6,June,Winter,Thursday,22:00 - Midnight,Evening / night,False,False,True,True
1358027,Injury,Serious Injury,2024,2024,July,Sunday,14:00 - 15:59,CENTRAL COAST,HWY,75,North,TUGGERAH,PDE,LONG JETTY,30.0,No,Not a school zone,2-way undivided,-33.364542,151.477512,Central Coast,Country urban,Syd-Newc-Woll Gtr conurbation,Curved,,,,Off,Sealed,Dry,Fine,Daylight,Nil,No traffic controls,50 km/h,State,20,Head on,201,Opp - Head on,,Head-on,4 wheel drive / SUV,Car (sedan/hatch),3,0,2,0,0,7,July,Winter,Sunday,14:00 - 15:59,Midday / afternoon,False,False,True,True
1358028,Injury,Moderate Injury,2024,2024,July,Saturday,16:00 - 17:59,HENRY LAWSON,DR,10,North,THE RIVER,RD,PICNIC POINT,508.0,No,Not a school zone,T-junction,-33.974218,151.017068,Canterbury-Bankstown,Sydney metro. area,Syd-Newc-Woll Gtr conurbation,Curved,,,,Nil,Sealed,Dry,Fine,Daylight,Nil,No traffic controls,60 km/h,State,30,Rear end,301,Same - Rear end,,Rear end,B-double (road train prior 98),Motor scooter,2,0,0,2,1,7,July,Winter,Saturday,16:00 - 17:59,PM peak / evening commute,True,False,True,True
1358029,Injury,Serious Injury,2024,2024,July,Sunday,10:00 - 11:59,UPSALLS CREEK,RD,185,East,COLD KNOB,RD,BLACK CREEK,,No,Not a school zone,2-way undivided,-31.618213,152.629044,Port Macquarie-Hastings,Country urban,Rest of NSW - Urban,Curved,Steep grade,,,Nil,Unsealed,Dry,Fine,Daylight,Nil,No traffic controls,80 km/h,Local,81,Off left/rt bnd=>obj,803,Off right bend into obj,Left,Vehicle - Object,Station wagon,,1,0,2,0,0,7,July,Winter,Sunday,10:00 - 11:59,Midday / afternoon,False,False,True,True
1358030,Injury,Serious Injury,2024,2024,July,Sunday,00:01 - 01:59,GREAT WESTERN,HWY,0,Right on the spot,JOHN HINES,AVE,MINCHINBURY,5.0,No,Not a school zone,T-junction,-33.77809,150.809189,Blacktown,Sydney metro. area,Syd-Newc-Woll Gtr conurbation,Straight,Pedestrian refuge,,,On,Sealed,Dry,Fine,Darkness,On,Ped crossing,80 km/h,State,2,Ped far side,3,Ped - Far side,,Vehicle - Pedestrian,Station wagon,Pedestrian,2,0,1,0,0,7,July,Winter,Sunday,00:01 - 01:59,Late night / early morning,False,False,True,True
1358035,Injury,Serious Injury,2024,2024,July,Sunday,12:00 - 13:59,COOMBA,RD,300,South,ILLAWONG,RD,COOMBA BAY,,No,Not a school zone,2-way undivided,-32.257466,152.453085,Mid-Coast,Country urban,Rest of NSW - Urban,Curved,Crest,,,Nil,Sealed,Dry,Fine,Daylight,Nil,No traffic controls,80 km/h,Local,80,Off left/right bend,801,Off cway right bend,Left,Rollover,Motorcycle,,1,0,1,0,0,7,July,Winter,Sunday,12:00 - 13:59,Midday / afternoon,False,False,True,True
1358036,Injury,Serious Injury,2024,2024,June,Thursday,20:00 - 21:59,MAIN,RD,200,East,VIEWPOINT,DR,TOUKLEY,509.0,No,Not a school zone,2-way undivided,-33.262582,151.525603,Central Coast,Country urban,Syd-Newc-Woll Gtr conurbation,Curved,,,,On,Sealed,Dry,Fine,Darkness,Nil,No traffic controls,50 km/h,State,0,Ped nearside,1,Ped - Near side,,Vehicle - Pedestrian,Car (sedan/hatch),Pedestrian,2,0,1,0,0,6,June,Winter,Thursday,20:00 - 21:59,Evening / night,False,False,True,True
1358037,Injury,Moderate Injury,2024,2024,July,Friday,18:00 - 19:59,SYDNEY,RD,0,Right on the spot,CONDAMINE,ST,BALGOWLAH,159.0,No,Not a school zone,X-intersection,-33.794422,151.264849,Northern Beaches,Sydney metro. area,Syd-Newc-Woll Gtr conurbation,Straight,,,,On,Sealed,Dry,Fine,Dusk,On,No traffic controls,60 km/h,State,30,Rear end,301,Same - Rear end,,Rear end,Car (sedan/hatch),Motorcycle,3,0,0,1,0,7,July,Winter,Friday,18:00 - 19:59,PM peak / evening commute,True,False,True,True
1358040,Injury,Moderate Injury,2024,2024,July,Sunday,08:00 - 09:59,MAIN,ST,0,Right on the spot,REG RATTERY,DR,WEST WYALONG,,No,Not a school zone,T-junction,-33.922185,147.200675,Bland,Country urban,Rest of NSW - Urban,Curved,,,,Nil,Sealed,Dry,Fine,Daylight,Nil,Give way sign,50 km/h,Local,11,Right far,102,Adj - Right-thru from left,,Right angle,Car (sedan/hatch),Light truck utility(from 2018),2,0,0,1,0,7,July,Winter,Sunday,08:00 - 09:59,AM peak / school commute,True,False,True,True
1358044,Injury,Moderate Injury,2024,2024,July,Tuesday,14:00 - 15:59,GUILDFORD,RD,0,Right on the spot,HARRIS,ST,GUILDFORD,,No,Not a school zone,T-junction,-33.851799,150.975003,Cumberland,Sydney metro. area,Syd-Newc-Woll Gtr conurbation,Straight,,,,Off,Sealed,Dry,Fine,Daylight,Nil,No traffic controls,50 km/h,Local,13,Right near,104,Adj - Right-thru from right,,Right angle,Car (sedan/hatch),4 wheel drive / SUV,2,0,0,1,0,7,July,Winter,Tuesday,14:00 - 15:59,Midday / afternoon,False,False,True,True
1358046,Injury,Serious Injury,2024,2024,July,Tuesday,12:00 - 13:59,BOURKE,ST,0,Right on the spot,URANA,ST,TURVEY PARK,211.0,No,Not a school zone,Roundabout,-35.126466,147.354296,Wagga Wagga,Country urban,Rest of NSW - Urban,Straight,Steep grade,,,Off,Sealed,Dry,Fine,Daylight,Nil,Give way sign,60 km/h,Regional,74,On road-out of cont.,705,Out of control on cway,,Rollover,Motorcycle,,1,0,1,0,0,7,July,Winter,Tuesday,12:00 - 13:59,Midday / afternoon,False,False,True,True
1358047,Injury,Minor/Other Injury,2024,2024,July,Wednesday,18:00 - 19:59,VICTORIA,RD,35,East,THE AVENUE,MS,GLADESVILLE,165.0,No,Not a school zone,Divided road,-33.824533,151.125082,Ryde,Sydney metro. area,Syd-Newc-Woll Gtr conurbation,Straight,,,,On,Sealed,Wet,Raining,Darkness,Nil,No traffic controls,60 km/h,State,30,Rear end,301,Same - Rear end,,Rear end,Motorcycle,4 wheel drive / SUV,2,0,0,0,1,7,July,Winter,Wednesday,18:00 - 19:59,PM peak / evening commute,True,False,True,True
1358049,Injury,Moderate Injury,2024,2024,July,Monday,12:00 - 13:59,DALLEY,ST,0,Right on the spot,NUMBER 138,HN,MULLUMBIMBY,,No,Not a school zone,2-way undivided,-28.555848,153.499162,Byron,Country urban,Rest of NSW - Urban,Straight,Driveway/entrance,,,Nil,Sealed,Dry,Fine,Daylight,Nil,No traffic controls,50 km/h,Local,47,Emerging from drive,406,Manov - Emerging from driveway,,Right angle,Unknown motor vehicle,Pedal cycle,2,0,0,1,0,7,July,Winter,Monday,12:00 - 13:59,Midday / afternoon,False,False,True,True
1358052,Injury,Moderate Injury,2024,2024,June,Tuesday,04:00 - 05:59,ADELAIDE,ST,0,Right on the spot,GLENELG,ST,RAYMOND TERRACE,,No,Not a school zone,X-intersection,-32.765127,151.743043,Port Stephens,Country urban,Rest of NSW - Urban,Straight,,,,On,Sealed,Dry,Fine,Darkness,On,No traffic controls,50 km/h,Local,10,Cross traffic,101,Adj - Cross traffic,,Right angle,Station wagon,Light truck utility(from 2018),3,0,0,1,0,6,June,Winter,Tuesday,04:00 - 05:59,Late night / early morning,False,False,True,True