crash_id,degree_of_crash,degree_of_crash_-_detailed,reporting_year,year_of_crash,month_of_crash,day_of_week_of_crash,two-hour_intervals,street_of_crash,street_type,distance,direction,identifying_feature,identifying_feature_type,town,route_no.,school_zone_location,school_zone_active,type_of_location,latitude,longitude,lga,urbanisation,conurbation_1,alignment,primary_permanent_feature,primary_temporary_feature,primary_hazardous_feature,street_lighting,road_surface,surface_condition,weather,natural_lighting,signals_operation,other_traffic_control,speed_limit,road_classification_(admin),rum_-_code,rum_-_description,dca_-_code,dca_-_description,dca_supplement,first_impact_type,key_tu_type,other_tu_type,no._of_traffic_units_involved,no._killed,no._seriously_injured,no._moderately_injured,no._minor-other_injured,month_num,month_label,season,day_label,time_label,time_band,is_peak_commute,is_fatal,is_injury,is_casualty
1358054,Injury,Moderate Injury,2024,2024,July,Sunday,10:00 - 11:59,CAMS,BVD,0,Right on the spot,NUMBER 90,HN,SUMMERLAND POINT,,No,Not a school zone,Divided road,-33.136417,151.563127,Central Coast,Country urban,Syd-Newc-Woll Gtr conurbation,Straight,Driveway/entrance,,,Nil,Sealed,Dry,Fine,Daylight,Nil,No traffic controls,50 km/h,Local,47,Emerging from drive,406,Manov - Emerging from driveway,,Right angle,Light truck,Car (sedan/hatch),2,0,0,1,0,7,July,Winter,Sunday,10:00 - 11:59,Midday / afternoon,False,False,True,True
1358058,Injury,Serious Injury,2024,2024,June,Friday,08:00 - 09:59,WARRINGAH,EXP,0,Right on the spot,WEST,ST,CAMMERAY,651.0,No,Not a school zone,Roundabout,-33.822702,151.207697,North Sydney,Sydney metro. area,Syd-Newc-Woll Gtr conurbation,Straight,,,,Nil,Sealed,Dry,Fine,Daylight,Nil,Give way sign,50 km/h,State,10,Cross traffic,101,Adj - Cross traffic,,Right angle,4 wheel drive / SUV,Pedal cycle,2,0,1,0,0,6,June,Winter,Friday,08:00 - 09:59,AM peak / school commute,True,False,True,True
1358063,Injury,Minor/Other Injury,2024,2024,July,Monday,20:00 - 21:59,WHARF,ST,0,Right on the spot,BRETT,ST,TWEED HEADS,7733.0,No,Not a school zone,X-intersection,-28.177909,153.541093,Tweed,Country urban,Rest of NSW - Urban,Straight,Foot/cycle path/nature strip,,,Off,Sealed,Dry,Fine,Darkness,Nil,Give way sign,60 km/h,Regional,48,From footpath,408,Manov - From footway,,Other angle,Pedal cycle,Car (sedan/hatch),2,0,0,0,1,7,July,Winter,Monday,20:00 - 21:59,Evening / night,False,False,True,True
1358068,Injury,Moderate Injury,2024,2024,May,Monday,20:00 - 21:59,THE HORSLEY,DR,0,Right on the spot,FERRERS ROAD,TO,HORSLEY PARK,609.0,No,Not a school zone,Divided road,-33.845159,150.870729,Fairfield,Sydney metro. area,Syd-Newc-Woll Gtr conurbation,Curved,Steep grade,,,On,Sealed,Dry,Fine,Darkness,Nil,No traffic controls,60 km/h,State,81,Off left/rt bnd=>obj,803,Off right bend into obj,Left,Vehicle - Object,4 wheel drive / SUV,,1,0,0,1,0,5,May,Autumn,Monday,20:00 - 21:59,Evening / night,False,False,True,True
1358069,Injury,Serious Injury,2024,2024,July,Thursday,08:00 - 09:59,WOODVILLE,RD,0,Right on the spot,RAWSON,RD,GUILDFORD,640.0,No,Not a school zone,T-junction,-33.86109,150.992988,Cumberland,Sydney metro. area,Syd-Newc-Woll Gtr conurbation,Straight,,,,Off,Sealed,Dry,Fine,Daylight,Off,No traffic controls,70 km/h,State,37,Left turn sideswipe,309,Same - Left turn side swipe,,Other angle,Semi-trailer,Car (sedan/hatch),3,0,2,0,0,7,July,Winter,Thursday,08:00 - 09:59,AM peak / school commute,True,False,True,True
1358072,Injury,Minor/Other Injury,2024,2024,July,Wednesday,16:00 - 17:59,KISSING POINT,RD,0,Right on the spot,STURT,ST,DUNDAS,574.0,No,Not a school zone,T-junction,-33.798835,151.046463,Parramatta,Sydney metro. area,Syd-Newc-Woll Gtr conurbation,Straight,,,,On,Sealed,Dry,Fine,Dusk,On,Ped crossing,70 km/h,State,21,Right through,202,Opp - Right-thru,,Other angle,Car (sedan/hatch),4 wheel drive / SUV,2,0,0,0,1,7,July,Winter,Wednesday,16:00 - 17:59,PM peak / evening commute,True,False,True,True
1358079,Injury,Serious Injury,2024,2024,July,Sunday,10:00 - 11:59,PACIFIC,HWY,20,East,ISLES,DR,COFFS HARBOUR,10.0,No,Not a school zone,Divided road,-30.315964,153.09177,Coffs Harbour,Country urban,Rest of NSW - Urban,Straight,,,,Off,Sealed,Dry,Fine,Daylight,Nil,No traffic controls,60 km/h,State,2,Ped far side,3,Ped - Far side,,Vehicle - Pedestrian,Light truck utility(from 2018),Pedestrian,2,0,1,0,0,7,July,Winter,Sunday,10:00 - 11:59,Midday / afternoon,False,False,True,True
1358080,Injury,Moderate Injury,2024,2024,July,Friday,16:00 - 17:59,FALLS,ST,0,Right on the spot,NUMBER 11,HN,LEICHHARDT,,No,Not a school zone,2-way undivided,-33.877255,151.150702,Inner West,Sydney metro. area,Syd-Newc-Woll Gtr conurbation,Straight,,,,Off,Sealed,Dry,Fine,Daylight,Nil,No traffic controls,50 km/h,Local,42,Leaving parking,401,Manov - Leaving parking,,Other angle,4 wheel drive / SUV,Light truck,2,0,0,1,0,7,July,Winter,Friday,16:00 - 17:59,PM peak / evening commute,True,False,True,True
1358081,Injury,Moderate Injury,2024,2024,July,Tuesday,08:00 - 09:59,ASHFORD,RD,0,Right on the spot,NUMBER 2674,HN,BUKKULLA,137.0,No,Not a school zone,2-way undivided,-29.565443,151.135102,Inverell,Country non-urban,Rest of NSW - Rural,Straight,Ditch/drain/culvert,,,Nil,Sealed,Wet,Raining,Daylight,Nil,No traffic controls,100 km/h,Regional,71,Off rd left => obj,703,Left off cway into object,,Vehicle - Object,Light truck utility(from 2018),,1,0,0,2,0,7,July,Winter,Tuesday,08:00 - 09:59,AM peak / school commute,True,False,True,True
1358082,Injury,Minor/Other Injury,2024,2024,July,Saturday,22:00 - Midnight,NERRIGA,RD,3850,North,NERRIGA HOTEL,OT,NERRIGA,92.0,No,Not a school zone,2-way undivided,-35.094619,150.117211,Queanbeyan-Palerang Regional,Country non-urban,Rest of NSW - Rural,Curved,,,Loose gravel shoulder,Nil,Sealed,Wet,Raining,Darkness,Nil,No traffic controls,100 km/h,Regional,85,Off rt/lft bnd=>obj,804,Off left bend into obj,Right,Vehicle - Object,Light truck utility(from 2018),,1,0,0,0,1,7,July,Winter,Saturday,22:00 - Midnight,Evening / night,False,False,True,True
1358084,Injury,Serious Injury,2024,2024,July,Wednesday,16:00 - 17:59,WINDSOR,RD,0,Right on the spot,SANCTUARY,DR,ROUSE HILL,184.0,No,Not a school zone,T-junction,-33.696757,150.927539,The Hills,Sydney metro. area,Syd-Newc-Woll Gtr conurbation,Curved,Bus/transit lane,,,On,Sealed,Wet,Raining,Darkness,On,No traffic controls,80 km/h,State,37,Left turn sideswipe,309,Same - Left turn side swipe,,Other angle,4 wheel drive / SUV,Other bus,2,0,2,0,0,7,July,Winter,Wednesday,16:00 - 17:59,PM peak / evening commute,True,False,True,True
1358086,Injury,Serious Injury,2024,2024,May,Friday,18:00 - 19:59,WARNERS BAY,RD,30,East,PUNT,RD,WARNERS BAY,325.0,No,Not a school zone,2-way undivided,-32.982314,151.648672,Lake Macquarie,Newcastle met. area,Syd-Newc-Woll Gtr conurbation,Straight,Painted double centre lines,,,On,Sealed,Dry,Fine,Darkness,Nil,No traffic controls,60 km/h,Regional,20,Head on,201,Opp - Head on,,Head-on,Motorcycle,Car (sedan/hatch),2,0,1,0,0,5,May,Autumn,Friday,18:00 - 19:59,PM peak / evening commute,True,False,True,True
1358089,Injury,Serious Injury,2024,2024,July,Wednesday,10:00 - 11:59,ANZAC,PDE,20,South,GALE,RD,MAROUBRA,661.0,No,Not a school zone,Divided road,-33.938649,151.238863,Randwick,Sydney metro. area,Syd-Newc-Woll Gtr conurbation,Straight,,,,Off,Sealed,Dry,Fine,Daylight,Nil,No traffic controls,50 km/h,State,90,Fell in/from vehicle,901,Fell in/from vehicle,,Person - Object,4 wheel drive / SUV,,2,0,1,0,0,7,July,Winter,Wednesday,10:00 - 11:59,Midday / afternoon,False,False,True,True
1358091,Injury,Moderate Injury,2024,2024,July,Thursday,04:00 - 05:59,BRIDGMAN,RD,1450,South,GOORANGOOLA,RD,BRIDGMAN,,No,Not a school zone,2-way undivided,-32.433321,151.190728,Singleton,Country non-urban,Rest of NSW - Rural,Straight,Other bridge,,,Nil,Sealed,Dry,Fine,Darkness,Nil,No traffic controls,100 km/h,Local,73,Off rd rght => obj,704,Right off cway into obj,,Vehicle - Object,Car (sedan/hatch),,1,0,0,1,0,7,July,Winter,Thursday,04:00 - 05:59,Late night / early morning,False,False,True,True
1358099,Injury,Serious Injury,2024,2024,July,Saturday,12:00 - 13:59,WESTERN,EXP,0,Right on the spot,M7 WESTLINK,TO,MINCHINBURY,6004.0,No,Not a school zone,Dual freeway,-33.794458,150.842148,Blacktown,Sydney metro. area,Syd-Newc-Woll Gtr conurbation,Straight,,,,Nil,Sealed,Dry,Fine,Daylight,Nil,No traffic controls,100 km/h,State,34,Lane change right,306,Same - Lane change right,,Other angle,Car (sedan/hatch),4 wheel drive / SUV,3,0,1,1,0,7,July,Winter,Saturday,12:00 - 13:59,Midday / afternoon,False,False,True,True
1358101,Injury,Moderate Injury,2024,2024,June,Tuesday,14:00 - 15:59,BESTIC,ST,55,West,WEST BOTANY,ST,ROCKDALE,7037.0,No,Not a school zone,2-way undivided,-33.949656,151.14829,Bayside,Sydney metro. area,Syd-Newc-Woll Gtr conurbation,Straight,,,,On,Sealed,Dry,Fine,Daylight,Nil,No traffic controls,60 km/h,Regional,71,Off rd left => obj,703,Left off cway into object,,Vehicle - Object,Light truck utility(from 2018),,1,0,0,1,0,6,June,Winter,Tuesday,14:00 - 15:59,Midday / afternoon,False,False,True,True
1358104,Injury,Moderate Injury,2024,2024,July,Sunday,10:00 - 11:59,BAIRD,DR,0,Right on the spot,SPRINGFIELD,WAY,DUBBO,,No,Not a school zone,T-junction,-32.247836,148.579252,Dubbo Regional,Country urban,Rest of NSW - Urban,Curved,,,,Off,Sealed,Dry,Fine,Daylight,Nil,Give way sign,50 km/h,Local,48,From footpath,408,Manov - From footway,,Other angle,Pedal cycle,Car (sedan/hatch),2,0,0,1,0,7,July,Winter,Sunday,10:00 - 11:59,Midday / afternoon,False,False,True,True
1358105,Injury,Moderate Injury,2024,2024,July,Saturday,14:00 - 15:59,KOOLONOCK,RD,5000,South,GRADUAL SLOPES TRAIL,RD,BOOLAMBAYTE,,No,Not a school zone,2-way undivided,-32.335479,152.231118,Mid-Coast,Country urban,Rest of NSW - Urban,Curved,,,,Nil,Unsealed,Dry,Fine,Daylight,Nil,No traffic controls,50 km/h,Local,88,Out of cont on bend,805,Out of control on bend,,Rollover,Motorcycle,,1,0,0,1,0,7,July,Winter,Saturday,14:00 - 15:59,Midday / afternoon,False,False,True,True
1358106,Injury,Serious Injury,2024,2024,July,Wednesday,08:00 - 09:59,CROSS,ST,0,Right on the spot,WELLBANK,ST,CONCORD,,No,Not a school zone,T-junction,-33.857802,151.09491,Canada Bay,Sydney metro. area,Syd-Newc-Woll Gtr conurbation,Straight,,,,Nil,Sealed,Dry,Fine,Daylight,Nil,No traffic controls,50 km/h,Local,13,Right near,104,Adj - Right-thru from right,,Right angle,Car (sedan/hatch),4 wheel drive / SUV,2,0,1,0,0,7,July,Winter,Wednesday,08:00 - 09:59,AM peak / school commute,True,False,True,True
1358109,Injury,Minor/Other Injury,2024,2024,July,Tuesday,04:00 - 05:59,NEW ENGLAND,HWY,1450,North,RIXS CREEK,LANE,RIXS CREEK,9.0,No,Not a school zone,2-way undivided,-32.523302,151.132036,Singleton,Country non-urban,Rest of NSW - Rural,Straight,Steep grade,,,Nil,Sealed,Dry,Overcast,Dawn,Nil,No traffic controls,100 km/h,State,30,Rear end,301,Same - Rear end,,Rear end,Utility,Light truck utility(from 2018),2,0,0,0,1,7,July,Winter,Tuesday,04:00 - 05:59,Late night / early morning,False,False,True,True
1358110,Injury,Moderate Injury,2024,2024,July,Monday,12:00 - 13:59,CALLALA BAY,RD,0,Right on the spot,FOREST,RD,WOLLUMBOOLA,,No,Not a school zone,T-junction,-34.978686,150.714069,Shoalhaven,Country urban,Rest of NSW - Urban,Straight,,,,Off,Sealed,Wet,Overcast,Daylight,Nil,Give way sign,70 km/h,Local,10,Cross traffic,101,Adj - Cross traffic,,Right angle,4 wheel drive / SUV,Passenger van,2,0,0,1,0,7,July,Winter,Monday,12:00 - 13:59,Midday / afternoon,False,False,True,True
1358115,Injury,Moderate Injury,2024,2024,July,Wednesday,10:00 - 11:59,GREAT WESTERN,HWY,500,East,BRIDGE,ST,KELSO,5.0,No,Not a school zone,Divided road,-33.41841,149.595746,Bathurst Regional,Country urban,Rest of NSW - Urban,Straight,,,,Nil,Sealed,Wet,Raining,Daylight,Nil,No traffic controls,70 km/h,State,35,Lane change left,307,Same - Lane change left,,Other angle,Semi-trailer,4 wheel drive / SUV,2,0,0,1,0,7,July,Winter,Wednesday,10:00 - 11:59,Midday / afternoon,False,False,True,True
1358118,Injury,Serious Injury,2024,2024,May,Wednesday,14:00 - 15:59,RONALD,AVE,0,Right on the spot,WARATAH,PDE,NARRAWEENA,,Yes,No,X-intersection,-33.748494,151.272553,Northern Beaches,Sydney metro. area,Syd-Newc-Woll Gtr conurbation,Straight,,,,Off,Sealed,Dry,Fine,Daylight,Nil,Give way sign,50 km/h,Local,10,Cross traffic,101,Adj - Cross traffic,,Right angle,Motorcycle,Car (sedan/hatch),2,0,1,0,0,5,May,Autumn,Wednesday,14:00 - 15:59,Midday / afternoon,False,False,True,True
1358121,Injury,Serious Injury,2024,2024,May,Thursday,10:00 - 11:59,EWINGSDALE,RD,300,East,HINTERLAND,WAY,EWINGSDALE,545.0,No,Not a school zone,2-way undivided,-28.636538,153.554111,Byron,Country urban,Rest of NSW - Urban,Straight,,,,Nil,Sealed,Wet,Raining,Daylight,Nil,No traffic controls,60 km/h,Regional,30,Rear end,301,Same - Rear end,,Rear end,Car (sedan/hatch),4 wheel drive / SUV,3,0,1,0,0,5,May,Autumn,Thursday,10:00 - 11:59,Midday / afternoon,False,False,True,True
1358122,Injury,Moderate Injury,2024,2024,July,Friday,08:00 - 09:59,CASTLEREAGH,HWY,0,Right on the spot,BYLONG VALLEY,WAY,ILFORD,18.0,No,Not a school zone,T-junction,-32.942195,149.859833,Mid-Western Regional,Country non-urban,Rest of NSW - Rural,Straight,,,,Nil,Sealed,Dry,Fine,Daylight,Nil,Give way sign,100 km/h,State,21,Right through,202,Opp - Right-thru,,Other angle,Light truck utility(from 2018),Car (sedan/hatch),2,0,0,2,0,7,July,Winter,Friday,08:00 - 09:59,AM peak / school commute,True,False,True,True
1358126,Injury,Serious Injury,2024,2024,May,Monday,08:00 - 09:59,PACIFIC,HWY,1500,South,SQUIRES HILL ROAD,OP,BULAHDELAH,10.0,No,Not a school zone,Divided road,-32.387794,152.246384,Mid-Coast,Country non-urban,Rest of NSW - Rural,Straight,Steep grade,,,Nil,Sealed,Dry,Fine,Daylight,Nil,No traffic controls,110 km/h,State,30,Rear end,301,Same - Rear end,,Rear end,Car (sedan/hatch),B-double (road train prior 98),2,0,1,0,0,5,May,Autumn,Monday,08:00 - 09:59,AM peak / school commute,True,False,True,True
1358135,Injury,Serious Injury,2024,2024,April,Monday,08:00 - 09:59,NEWBRIDGE,RD,10,East,SPEED,ST,LIVERPOOL,512.0,No,Not a school zone,T-junction,-33.925715,150.925255,Liverpool,Sydney metro. area,Syd-Newc-Woll Gtr conurbation,Straight,,,,Off,Sealed,Dry,Fine,Daylight,On,No traffic controls,60 km/h,State,0,Ped nearside,1,Ped - Near side,,Vehicle - Pedestrian,Large rigid,Pedestrian,2,0,1,0,0,4,April,Autumn,Monday,08:00 - 09:59,AM peak / school commute,True,False,True,True
1358136,Injury,Moderate Injury,2024,2024,February,Friday,16:00 - 17:59,PRINCES,HWY,0,Right on the spot,REGENT,ST,KOGARAH,1.0,Yes,No,T-junction,-33.96132,151.137831,Bayside,Sydney metro. area,Syd-Newc-Woll Gtr conurbation,Straight,,,,Off,Sealed,Dry,Fine,Daylight,On,No traffic controls,60 km/h,State,34,Lane change right,306,Same - Lane change right,,Other angle,4 wheel drive / SUV,Light truck utility(from 2018),3,0,0,2,0,2,February,Summer,Friday,16:00 - 17:59,PM peak / evening commute,True,False,True,True
1358138,Injury,Serious Injury,2024,2024,June,Sunday,14:00 - 15:59,SCENIC,CCT,50,West,GREYGUMS,RD,CRANEBROOK,,No,Not a school zone,2-way undivided,-33.731801,150.711017,Penrith,Sydney metro. area,Syd-Newc-Woll Gtr conurbation,Curved,Embankment/cutting,,,Off,Sealed,Dry,Fine,Daylight,Nil,No traffic controls,50 km/h,Local,81,Off left/rt bnd=>obj,803,Off right bend into obj,Left,Vehicle - Object,Motorcycle,,1,0,1,0,0,6,June,Winter,Sunday,14:00 - 15:59,Midday / afternoon,False,False,True,True
1358140,Injury,Serious Injury,2024,2024,May,Monday,08:00 - 09:59,TOMKI TATHAM,RD,544,East,CASINO CORAKI,RD,TATHAM,,No,Not a school zone,2-way undivided,-28.924209,153.161882,Richmond Valley,Country non-urban,Rest of NSW - Rural,Curved,,,,Nil,Sealed,Wet,Fine,Daylight,Nil,No traffic controls,100 km/h,Local,88,Out of cont on bend,805,Out of control on bend,,Rollover,Motorcycle,,1,0,1,0,0,5,May,Autumn,Monday,08:00 - 09:59,AM peak / school commute,True,False,True,True
1358141,Injury,Serious Injury,2024,2024,July,Monday,10:00 - 11:59,BRENAN,ST,0,Right on the spot,GIPPS,ST,SMITHFIELD,,No,Not a school zone,Roundabout,-33.85485,150.921418,Fairfield,Sydney metro. area,Syd-Newc-Woll Gtr conurbation,Straight,,,,Nil,Sealed,Dry,Fine,Daylight,Nil,Give way sign,50 km/h,Local,10,Cross traffic,101,Adj - Cross traffic,,Right angle,4 wheel drive / SUV,Light truck utility(from 2018),2,0,1,1,0,7,July,Winter,Monday,10:00 - 11:59,Midday / afternoon,False,False,True,True
1358143,Injury,Serious Injury,2024,2024,July,Tuesday,14:00 - 15:59,ADELAIDE,ST,0,Right on the spot,BOURKE,ST,RAYMOND TERRACE,,No,Not a school zone,T-junction,-32.762415,151.746889,Port Stephens,Country urban,Rest of NSW - Urban,Straight,,,,Off,Sealed,Dry,Fine,Daylight,Nil,No U turn,60 km/h,Local,40,U turn,304,Same - U-turn,,Other angle,Car (sedan/hatch),Station wagon,2,0,1,0,0,7,July,Winter,Tuesday,14:00 - 15:59,Midday / afternoon,False,False,True,True
1358150,Injury,Minor/Other Injury,2024,2024,July,Monday,12:00 - 13:59,WALLIS,ST,30,East,BEACH,ST,FORSTER,,No,Not a school zone,Divided road,-32.180877,152.511896,Mid-Coast,Country urban,Rest of NSW - Urban,Straight,Driveway/entrance,,,Off,Sealed,Dry,Fine,Daylight,Nil,No traffic controls,40 km/h,Local,7,Driveway,7,Ped - driveway,,Vehicle - Pedestrian,Station wagon,Pedestrian,2,0,0,0,1,7,July,Winter,Monday,12:00 - 13:59,Midday / afternoon,False,False,True,True
1358153,Injury,Moderate Injury,2024,2024,May,Friday,08:00 - 09:59,THE NORTHERN,RD,0,Right on the spot,COBBITTY ROAD,TO,COBBITTY,154.0,No,Not a school zone,Divided road,-34.014207,150.724049,Camden,Sydney metro. area,Syd-Newc-Woll Gtr conurbation,Straight,,,,Off,Sealed,Dry,Fine,Daylight,Nil,No traffic controls,80 km/h,State,30,Rear end,301,Same - Rear end,,Rear end,4 wheel drive / SUV,Car (sedan/hatch),2,0,0,1,0,5,May,Autumn,Friday,08:00 - 09:59,AM peak / school commute,True,False,True,True
1358156,Injury,Moderate Injury,2024,2024,July,Thursday,18:00 - 19:59,BROKEN BAY,RD,50,North,BEACH,ST,ETTALONG BEACH,,No,Not a school zone,2-way undivided,-33.514777,151.334121,Central Coast,Country urban,Syd-Newc-Woll Gtr conurbation,Straight,Painted double centre lines,,,On,Sealed,Dry,Fine,Darkness,Nil,No traffic controls,50 km/h,Local,20,Head on,201,Opp - Head on,,Head-on,Light truck utility(from 2018),4 wheel drive / SUV,2,0,0,1,0,7,July,Winter,Thursday,18:00 - 19:59,PM peak / evening commute,True,False,True,True
1358158,Injury,Serious Injury,2024,2024,June,Saturday,20:00 - 21:59,CLARENCE TOWN,RD,240,North,ERRINGHI,ST,CLARENCE TOWN,301.0,No,Not a school zone,2-way undivided,-32.563341,151.766531,Dungog,Country non-urban,Rest of NSW - Rural,Straight,Ditch/drain/culvert,,,Nil,Sealed,Dry,Fine,Darkness,Nil,No traffic controls,90 km/h,Regional,71,Off rd left => obj,703,Left off cway into object,,Vehicle - Object,Light truck utility(from 2018),,1,0,1,0,1,6,June,Winter,Saturday,20:00 - 21:59,Evening / night,False,False,True,True
1358161,Injury,Serious Injury,2024,2024,July,Tuesday,18:00 - 19:59,SAILORS BAY,RD,150,West,WOONONA,RD,NORTHBRIDGE,,Yes,No,2-way undivided,-33.811679,151.216219,Willoughby,Sydney metro. area,Syd-Newc-Woll Gtr conurbation,Straight,,,,On,Sealed,Dry,Fine,Darkness,Nil,No traffic controls,50 km/h,Local,71,Off rd left => obj,703,Left off cway into object,,Other angle,4 wheel drive / SUV,4 wheel drive / SUV,3,0,1,0,0,7,July,Winter,Tuesday,18:00 - 19:59,PM peak / evening commute,True,False,True,True
1358163,Injury,Serious Injury,2024,2024,May,Thursday,04:00 - 05:59,BATH,RD,0,Right on the spot,MONRO,AVE,KIRRAWEE,,No,Not a school zone,T-junction,-34.031408,151.076352,Sutherland,Sydney metro. area,Syd-Newc-Woll Gtr conurbation,Straight,,,,On,Sealed,Dry,Fine,Darkness,Nil,Give way sign,50 km/h,Local,21,Right through,202,Opp - Right-thru,,Other angle,Car (sedan/hatch),Motorcycle,2,0,1,0,0,5,May,Autumn,Thursday,04:00 - 05:59,Late night / early morning,False,False,True,True
1358176,Injury,Moderate Injury,2024,2024,July,Wednesday,16:00 - 17:59,BOURKE,ST,0,Right on the spot,MUNDY,ST,GOULBURN,,No,Not a school zone,X-intersection,-34.760723,149.71016,Goulburn Mulwaree,Country urban,Rest of NSW - Urban,Straight,,,,Unknown / not stated,Sealed,Wet,Raining,Daylight,Nil,Give way sign,50 km/h,Local,10,Cross traffic,101,Adj - Cross traffic,,Right angle,Car (sedan/hatch),Car (sedan/hatch),2,0,0,1,0,7,July,Winter,Wednesday,16:00 - 17:59,PM peak / evening commute,True,False,True,True
1358177,Injury,Minor/Other Injury,2024,2024,June,Wednesday,14:00 - 15:59,WOODVILLE,RD,0,Right on the spot,NUMBER 203,HN,MERRYLANDS,640.0,No,Not a school zone,Divided road,-33.843405,150.998541,Cumberland,Sydney metro. area,Syd-Newc-Woll Gtr conurbation,Straight,,,,Unknown / not stated,Sealed,Dry,Fine,Daylight,Nil,No traffic controls,70 km/h,State,30,Rear end,301,Same - Rear end,,Rear end,4 wheel drive / SUV,Large rigid,3,0,0,0,1,6,June,Winter,Wednesday,14:00 - 15:59,Midday / afternoon,False,False,True,True
1358178,Injury,Minor/Other Injury,2024,2024,June,Wednesday,18:00 - 19:59,STONY CREEK,RD,100,South,STANLEY,ST,MELONBA,7166.0,No,Not a school zone,2-way undivided,-33.698359,150.785562,Blacktown,Sydney metro. area,Syd-Newc-Woll Gtr conurbation,Straight,Driveway/entrance,,,Unknown / not stated,Sealed,Dry,Fine,Darkness,Nil,No traffic controls,80 km/h,Regional,47,Emerging from drive,406,Manov - Emerging from driveway,,Right angle,B-double (road train prior 98),4 wheel drive / SUV,2,0,0,0,1,6,June,Winter,Wednesday,18:00 - 19:59,PM peak / evening commute,True,False,True,True
1358187,Injury,Minor/Other Injury,2024,2024,June,Friday,16:00 - 17:59,COOMBA,RD,0,Right on the spot,NUMBER 178,HN,CHARLOTTE BAY,,No,Not a school zone,2-way undivided,-32.346592,152.492882,Mid-Coast,Country urban,Rest of NSW - Urban,Straight,Driveway/entrance,,,Unknown / not stated,Sealed,Dry,Overcast,Daylight,Nil,No traffic controls,80 km/h,Local,73,Off rd rght => obj,704,Right off cway into obj,,Vehicle - Object,4 wheel drive / SUV,,1,0,0,0,1,6,June,Winter,Friday,16:00 - 17:59,PM peak / evening commute,True,False,True,True
1358190,Injury,Minor/Other Injury,2024,2024,July,Monday,16:00 - 17:59,BOURKE,RD,0,Right on the spot,TRAFALGAR,AVE,UMINA BEACH,,No,Not a school zone,Roundabout,-33.510889,151.322785,Central Coast,Country urban,Syd-Newc-Woll Gtr conurbation,Straight,,,,Unknown / not stated,Sealed,Dry,Fine,Daylight,Nil,Give way sign,60 km/h,Local,30,Rear end,301,Same - Rear end,,Rear end,Unknown motor vehicle,Pedal cycle,2,0,0,0,1,7,July,Winter,Monday,16:00 - 17:59,PM peak / evening commute,True,False,True,True
1358201,Injury,Moderate Injury,2024,2024,July,Sunday,12:00 - 13:59,OLYMPIC,BVD,0,Right on the spot,GRAND,PDE,SYDNEY OLYMPIC PARK,,No,Not a school zone,T-junction,-33.845337,151.064751,Parramatta,Sydney metro. area,Syd-Newc-Woll Gtr conurbation,Straight,,,,Unknown / not stated,Sealed,Dry,Fine,Daylight,Nil,No traffic controls,50 km/h,Local,36,Right turn sideswipe,308,Same - Rgt turn side swipe,,Other angle,Station wagon,Car (sedan/hatch),2,0,0,1,0,7,July,Winter,Sunday,12:00 - 13:59,Midday / afternoon,False,False,True,True
1358202,Injury,Moderate Injury,2024,2024,July,Monday,20:00 - 21:59,CAPTAIN COOK,DR,0,Right on the spot,WOOLOOWARE,RD,WOOLOOWARE,2075.0,Yes,No,X-intersection,-34.039118,151.143341,Sutherland,Sydney metro. area,Syd-Newc-Woll Gtr conurbation,Straight,,,,Unknown / not stated,Sealed,Dry,Fine,Darkness,On,No traffic controls,70 km/h,Regional,21,Right through,202,Opp - Right-thru,,Other angle,Car (sedan/hatch),Light truck utility(from 2018),2,0,0,1,1,7,July,Winter,Monday,20:00 - 21:59,Evening / night,False,False,True,True
1358208,Injury,Moderate Injury,2024,2024,July,Friday,06:00 - 07:59,PACIFIC,HWY,30,South,MACQUARIE,ST,BELMONT,10.0,No,Not a school zone,Divided road,-33.036304,151.660483,Lake Macquarie,Newcastle met. area,Syd-Newc-Woll Gtr conurbation,Straight,,,,Unknown / not stated,Sealed,Dry,Overcast,Daylight,Nil,No traffic controls,50 km/h,State,73,Off rd rght => obj,704,Right off cway into obj,,Vehicle - Object,Car (sedan/hatch),,2,0,0,1,0,7,July,Winter,Friday,06:00 - 07:59,AM peak / school commute,True,False,True,True
1358210,Injury,Serious Injury,2024,2024,July,Wednesday,06:00 - 07:59,SPRINGHILL,RD,1100,North,FIVE ISLANDS,RD,SPRING HILL,581.0,No,Not a school zone,Divided road,-34.455673,150.873334,Wollongong,Wollongong met. area,Syd-Newc-Woll Gtr conurbation,Straight,,,,Unknown / not stated,Sealed,Dry,Fine,Dawn,Nil,No traffic controls,80 km/h,State,74,On road-out of cont.,705,Out of control on cway,,Rollover,Motorcycle,,1,0,1,0,0,7,July,Winter,Wednesday,06:00 - 07:59,AM peak / school commute,True,False,True,True
1358219,Injury,Minor/Other Injury,2024,2024,July,Wednesday,12:00 - 13:59,BLAXLAND,RD,0,Right on the spot,BADGALLY,RD,CAMPBELLTOWN,7191.0,No,Not a school zone,X-intersection,-34.059726,150.813629,Campbelltown,Sydney metro. area,Syd-Newc-Woll Gtr conurbation,Straight,,,,Unknown / not stated,Sealed,Dry,Fine,Daylight,On,Ped crossing,60 km/h,Regional,31,Left rear,302,Same - Rear left,,Rear end,4 wheel drive / SUV,Light truck utility(from 2018),2,0,0,0,1,7,July,Winter,Wednesday,12:00 - 13:59,Midday / afternoon,False,False,True,True
1358220,Injury,Minor/Other Injury,2024,2024,July,Sunday,12:00 - 13:59,BEACON,DR,0,Right on the spot,HAMBLEDON,RD,THE PONDS,,No,Not a school zone,X-intersection,-33.708259,150.893706,Blacktown,Sydney metro. area,Syd-Newc-Woll Gtr conurbation,Straight,,,,Off,Sealed,Dry,Fine,Daylight,On,No traffic controls,60 km/h,Local,10,Cross traffic,101,Adj - Cross traffic,,Right angle,4 wheel drive / SUV,4 wheel drive / SUV,2,0,0,0,1,7,July,Winter,Sunday,12:00 - 13:59,Midday / afternoon,False,False,True,True