crash_id,degree_of_crash,degree_of_crash_-_detailed,reporting_year,year_of_crash,month_of_crash,day_of_week_of_crash,two-hour_intervals,street_of_crash,street_type,distance,direction,identifying_feature,identifying_feature_type,town,route_no.,school_zone_location,school_zone_active,type_of_location,latitude,longitude,lga,urbanisation,conurbation_1,alignment,primary_permanent_feature,primary_temporary_feature,primary_hazardous_feature,street_lighting,road_surface,surface_condition,weather,natural_lighting,signals_operation,other_traffic_control,speed_limit,road_classification_(admin),rum_-_code,rum_-_description,dca_-_code,dca_-_description,dca_supplement,first_impact_type,key_tu_type,other_tu_type,no._of_traffic_units_involved,no._killed,no._seriously_injured,no._moderately_injured,no._minor-other_injured,month_num,month_label,season,day_label,time_label,time_band,is_peak_commute,is_fatal,is_injury,is_casualty
1358221,Injury,Minor/Other Injury,2024,2024,July,Saturday,14:00 - 15:59,PRINCES,HWY,0,Right on the spot,CENTRAL,AVE,SOUTH NOWRA,1.0,No,Not a school zone,Roundabout,-34.914463,150.603302,Shoalhaven,Country urban,Rest of NSW - Urban,Curved,,,,Unknown / not stated,Sealed,Dry,Fine,Daylight,Nil,Give way sign,70 km/h,State,13,Right near,104,Adj - Right-thru from right,,Right angle,4 wheel drive / SUV,Light truck utility(from 2018),2,0,0,0,1,7,July,Winter,Saturday,14:00 - 15:59,Midday / afternoon,False,False,True,True
1358222,Injury,Moderate Injury,2024,2024,July,Thursday,10:00 - 11:59,SOUTH,ST,100,West,PACIFIC,HWY,WINDALE,,No,Not a school zone,2-way undivided,-32.999403,151.684543,Lake Macquarie,Newcastle met. area,Syd-Newc-Woll Gtr conurbation,Curved,,,,Unknown / not stated,Sealed,Dry,Fine,Daylight,Nil,No traffic controls,60 km/h,Local,42,Leaving parking,401,Manov - Leaving parking,,Other angle,Car (sedan/hatch),4 wheel drive / SUV,2,0,0,1,0,7,July,Winter,Thursday,10:00 - 11:59,Midday / afternoon,False,False,True,True
1358224,Injury,Moderate Injury,2024,2024,August,Thursday,08:00 - 09:59,ZARA,RD,210,West,ASHTON,RD,ZARA,,No,Not a school zone,2-way undivided,-28.317222,153.261115,Tweed,Country urban,Rest of NSW - Urban,Straight,Driveway/entrance,,,Unknown / not stated,Sealed,Dry,Fine,Daylight,Nil,No traffic controls,80 km/h,Local,32,Right rear,303,Same - Rear right,,Rear end,Car (sedan/hatch),Car (sedan/hatch),2,0,0,1,0,8,August,Winter,Thursday,08:00 - 09:59,AM peak / school commute,True,False,True,True
1358227,Injury,Minor/Other Injury,2024,2024,July,Sunday,16:00 - 17:59,ORCHARD,RD,60,South,ALBERT,AVE,CHATSWOOD,,No,Not a school zone,2-way undivided,-33.798873,151.182223,Willoughby,Sydney metro. area,Syd-Newc-Woll Gtr conurbation,Straight,,,,Unknown / not stated,Sealed,Dry,Fine,Daylight,Nil,No traffic controls,50 km/h,Local,63,Vehicle door,604,On path - Vehicle door,,Other angle,Pedal cycle,Car (sedan/hatch),2,0,0,0,1,7,July,Winter,Sunday,16:00 - 17:59,PM peak / evening commute,True,False,True,True
1358234,Injury,Moderate Injury,2024,2024,July,Thursday,10:00 - 11:59,BAY,RD,0,Right on the spot,NUMBER 41,HN,TAREN POINT,,No,Not a school zone,2-way undivided,-34.023461,151.124892,Sutherland,Sydney metro. area,Syd-Newc-Woll Gtr conurbation,Straight,Driveway/entrance,,,Unknown / not stated,Sealed,Dry,Fine,Daylight,Nil,No traffic controls,50 km/h,Local,47,Emerging from drive,406,Manov - Emerging from driveway,,Right angle,Light truck utility(from 2018),Car (sedan/hatch),2,0,0,1,1,7,July,Winter,Thursday,10:00 - 11:59,Midday / afternoon,False,False,True,True
1358237,Injury,Moderate Injury,2024,2024,July,Monday,18:00 - 19:59,GREAT WESTERN,HWY,0,Right on the spot,BRAEMAR,AVE,AUBURN,5.0,No,Not a school zone,T-junction,-33.841056,151.035313,Cumberland,Sydney metro. area,Syd-Newc-Woll Gtr conurbation,Straight,,,,Unknown / not stated,Sealed,Wet,Raining,Darkness,On,Left turn only,60 km/h,State,30,Rear end,301,Same - Rear end,,Rear end,Car (sedan/hatch),Car (sedan/hatch),2,0,0,1,0,7,July,Winter,Monday,18:00 - 19:59,PM peak / evening commute,True,False,True,True
1358238,Injury,Moderate Injury,2024,2024,August,Thursday,10:00 - 11:59,MUNIBUNG,RD,0,Right on the spot,RANTON,ST,CARDIFF,,No,Not a school zone,T-junction,-32.942746,151.647522,Lake Macquarie,Newcastle met. area,Syd-Newc-Woll Gtr conurbation,Straight,,,,Unknown / not stated,Sealed,Dry,Overcast,Daylight,Nil,No traffic controls,60 km/h,Local,32,Right rear,303,Same - Rear right,,Rear end,4 wheel drive / SUV,Light truck,2,0,0,1,1,8,August,Winter,Thursday,10:00 - 11:59,Midday / afternoon,False,False,True,True
1358240,Injury,Moderate Injury,2024,2024,July,Sunday,12:00 - 13:59,WESTERN,DSTR,100,West,ANZAC,BDGE,ROZELLE,165.0,No,Not a school zone,Divided road,-33.86782,151.180406,Inner West,Sydney metro. area,Syd-Newc-Woll Gtr conurbation,Curved,Other bridge,,,Unknown / not stated,Sealed,Dry,Fine,Daylight,Nil,No traffic controls,60 km/h,State,33,Lane sideswipe,305,Same - Lane side swipe,,Other angle,Car (sedan/hatch),Light truck utility(from 2018),2,0,0,1,0,7,July,Winter,Sunday,12:00 - 13:59,Midday / afternoon,False,False,True,True
1358241,Injury,Moderate Injury,2024,2024,July,Friday,08:00 - 09:59,BRIGANTINE,ST,0,Right on the spot,REGIMENT,RD,RUTHERFORD,,No,Not a school zone,T-junction,-32.725464,151.52327,Maitland,Country urban,Rest of NSW - Urban,Straight,Steep grade,,,Unknown / not stated,Sealed,Wet,Overcast,Daylight,Nil,No traffic controls,50 km/h,Local,31,Left rear,302,Same - Rear left,,Rear end,Car (sedan/hatch),Car (sedan/hatch),2,0,0,1,0,7,July,Winter,Friday,08:00 - 09:59,AM peak / school commute,True,False,True,True
1358242,Injury,Minor/Other Injury,2024,2024,May,Thursday,08:00 - 09:59,JAMISON,RD,20,West,EVAN,ST,PENRITH,7290.0,Yes,No,2-way undivided,-33.762723,150.699456,Penrith,Sydney metro. area,Syd-Newc-Woll Gtr conurbation,Straight,,,,Unknown / not stated,Sealed,Dry,Fine,Daylight,Nil,No traffic controls,60 km/h,Regional,30,Rear end,301,Same - Rear end,,Rear end,4 wheel drive / SUV,Car (sedan/hatch),2,0,0,0,1,5,May,Autumn,Thursday,08:00 - 09:59,AM peak / school commute,True,False,True,True
1358243,Injury,Minor/Other Injury,2024,2024,July,Friday,16:00 - 17:59,BRUNKER,RD,20,West,GRAF,AVE,YAGOONA,7117.0,No,Not a school zone,2-way undivided,-33.898741,151.034933,Canterbury-Bankstown,Sydney metro. area,Syd-Newc-Woll Gtr conurbation,Straight,,,,Unknown / not stated,Sealed,Dry,Fine,Daylight,Nil,No traffic controls,60 km/h,Regional,30,Rear end,301,Same - Rear end,,Rear end,Car (sedan/hatch),Car (sedan/hatch),2,0,0,0,1,7,July,Winter,Friday,16:00 - 17:59,PM peak / evening commute,True,False,True,True
1358247,Injury,Moderate Injury,2024,2024,July,Thursday,10:00 - 11:59,ALEXANDRA,AVE,0,Right on the spot,NUMBER 10,HN,RUTHERFORD,,No,Not a school zone,Divided road,-32.714485,151.527209,Maitland,Country urban,Rest of NSW - Urban,Straight,,,,Unknown / not stated,Sealed,Dry,Fine,Daylight,Nil,No traffic controls,50 km/h,Local,71,Off rd left => obj,703,Left off cway into object,,Other angle,Car (sedan/hatch),Large rigid,2,0,0,1,0,7,July,Winter,Thursday,10:00 - 11:59,Midday / afternoon,False,False,True,True
1358251,Injury,Serious Injury,2024,2024,July,Saturday,12:00 - 13:59,QUAKERS HILL,PKWY,40,East,GRADY,ST,QUAKERS HILL,7153.0,No,Not a school zone,Divided road,-33.727355,150.896945,Blacktown,Sydney metro. area,Syd-Newc-Woll Gtr conurbation,Straight,,,,Unknown / not stated,Sealed,Dry,Fine,Daylight,Nil,No traffic controls,70 km/h,Regional,34,Lane change right,306,Same - Lane change right,,Other angle,Car (sedan/hatch),Car (sedan/hatch),2,0,1,0,0,7,July,Winter,Saturday,12:00 - 13:59,Midday / afternoon,False,False,True,True
1358254,Injury,Serious Injury,2024,2024,July,Sunday,14:00 - 15:59,PRIMBEE,BYPA,0,Right on the spot,GOLF,PL,PRIMBEE,522.0,No,Not a school zone,T-junction,-34.506911,150.877153,Wollongong,Wollongong met. area,Syd-Newc-Woll Gtr conurbation,Curved,,,,Nil,Sealed,Dry,Fine,Daylight,Nil,Stop sign,80 km/h,State,10,Cross traffic,101,Adj - Cross traffic,,Right angle,4 wheel drive / SUV,Motorcycle,2,0,1,0,0,7,July,Winter,Sunday,14:00 - 15:59,Midday / afternoon,False,False,True,True
1358255,Injury,Moderate Injury,2024,2024,July,Sunday,18:00 - 19:59,SILVERWATER,RD,50,South,SOUTH,ST,ERMINGTON,190.0,No,Not a school zone,Divided road,-33.818698,151.052095,Parramatta,Sydney metro. area,Syd-Newc-Woll Gtr conurbation,Straight,Climb/merge lane,,,Unknown / not stated,Sealed,Dry,Fine,Dusk,Nil,No traffic controls,80 km/h,State,39,Other same direction,300,Same - other,,Other angle,Car (sedan/hatch),Car (sedan/hatch),2,0,0,1,0,7,July,Winter,Sunday,18:00 - 19:59,PM peak / evening commute,True,False,True,True
1358257,Injury,Moderate Injury,2024,2024,June,Saturday,08:00 - 09:59,GONN,RD,200,West,DRYSDALE,LANE,GONN,,No,Not a school zone,2-way undivided,-35.511972,144.058453,Murray River,Country non-urban,Rest of NSW - Rural,Curved,Embankment/cutting,,,Unknown / not stated,Sealed,Dry,Fine,Daylight,Nil,No traffic controls,100 km/h,Local,81,Off left/rt bnd=>obj,803,Off right bend into obj,Left,Vehicle - Object,Light truck utility(from 2018),,1,0,0,1,0,6,June,Winter,Saturday,08:00 - 09:59,AM peak / school commute,True,False,True,True
1358260,Injury,Minor/Other Injury,2024,2024,July,Thursday,08:00 - 09:59,NEW ENGLAND,HWY,1000,East,QUARTER SESSIONS ROAD,TO,TARRO,9.0,No,Not a school zone,Divided road,-32.811636,151.666789,Newcastle,Newcastle met. area,Syd-Newc-Woll Gtr conurbation,Straight,,,,Unknown / not stated,Sealed,Dry,Fine,Daylight,Nil,No traffic controls,80 km/h,State,30,Rear end,301,Same - Rear end,,Rear end,4 wheel drive / SUV,Car (sedan/hatch),2,0,0,0,1,7,July,Winter,Thursday,08:00 - 09:59,AM peak / school commute,True,False,True,True
1358261,Injury,Minor/Other Injury,2024,2024,July,Thursday,08:00 - 09:59,PACIFIC,HWY,1000,West,ELIZABETH BAY,DR,LAKE MUNMORAH,10.0,No,Not a school zone,Divided road,-33.190543,151.566858,Central Coast,Country urban,Syd-Newc-Woll Gtr conurbation,Straight,,,,Unknown / not stated,Sealed,Dry,Fine,Daylight,Nil,No traffic controls,80 km/h,State,35,Lane change left,307,Same - Lane change left,,Other angle,Large rigid,Car (sedan/hatch),2,0,0,0,1,7,July,Winter,Thursday,08:00 - 09:59,AM peak / school commute,True,False,True,True
1358265,Injury,Minor/Other Injury,2024,2024,June,Thursday,16:00 - 17:59,BONDS,RD,25,North,SKINNER,AVE,RIVERWOOD,7006.0,No,Not a school zone,2-way undivided,-33.939669,151.061197,Canterbury-Bankstown,Sydney metro. area,Syd-Newc-Woll Gtr conurbation,Straight,,,,Unknown / not stated,Sealed,Dry,Fine,Daylight,Nil,No traffic controls,50 km/h,Regional,42,Leaving parking,401,Manov - Leaving parking,,Other angle,Car (sedan/hatch),Car (sedan/hatch),2,0,0,0,1,6,June,Winter,Thursday,16:00 - 17:59,PM peak / evening commute,True,False,True,True
1358270,Injury,Minor/Other Injury,2024,2024,July,Tuesday,10:00 - 11:59,PACIFIC,HWY,0,Right on the spot,WYEE,RD,DOYALSON,10.0,No,Not a school zone,X-intersection,-33.199432,151.522604,Central Coast,Country urban,Syd-Newc-Woll Gtr conurbation,Curved,,,,Unknown / not stated,Sealed,Dry,Fine,Daylight,On,No traffic controls,80 km/h,State,30,Rear end,301,Same - Rear end,,Rear end,4 wheel drive / SUV,4 wheel drive / SUV,2,0,0,0,1,7,July,Winter,Tuesday,10:00 - 11:59,Midday / afternoon,False,False,True,True
1358271,Injury,Minor/Other Injury,2024,2024,July,Tuesday,08:00 - 09:59,INGLEBURN,RD,50,South,BYRON,RD,LEPPINGTON,,No,Not a school zone,2-way undivided,-33.965945,150.810501,Camden,Sydney metro. area,Syd-Newc-Woll Gtr conurbation,Straight,,,,Unknown / not stated,Sealed,Dry,Fine,Daylight,Nil,No traffic controls,70 km/h,Local,30,Rear end,301,Same - Rear end,,Rear end,Semi-trailer,Car (sedan/hatch),3,0,0,0,1,7,July,Winter,Tuesday,08:00 - 09:59,AM peak / school commute,True,False,True,True
1358272,Injury,Moderate Injury,2024,2024,August,Thursday,14:00 - 15:59,SOUTHERN,EXP,200,South,FOWLERS ROAD,OP,DAPTO,6006.0,No,Not a school zone,Dual freeway,-34.501276,150.794114,Wollongong,Wollongong met. area,Syd-Newc-Woll Gtr conurbation,Straight,,,,Unknown / not stated,Sealed,Dry,Fine,Daylight,Nil,No traffic controls,100 km/h,State,71,Off rd left => obj,703,Left off cway into object,,Vehicle - Object,4 wheel drive / SUV,,1,0,0,1,0,8,August,Winter,Thursday,14:00 - 15:59,Midday / afternoon,False,False,True,True
1358273,Injury,Moderate Injury,2024,2024,July,Thursday,08:00 - 09:59,WESTERN,EXP,200,East,BURNETT STREET,OP,MERRYLANDS,6004.0,No,Not a school zone,Dual freeway,-33.825057,150.989948,Parramatta,Sydney metro. area,Syd-Newc-Woll Gtr conurbation,Straight,,,,Unknown / not stated,Sealed,Dry,Fine,Daylight,Nil,No traffic controls,90 km/h,State,39,Other same direction,300,Same - other,,Other angle,Light truck utility(from 2018),Car (sedan/hatch),3,0,0,1,0,7,July,Winter,Thursday,08:00 - 09:59,AM peak / school commute,True,False,True,True
1358276,Injury,Minor/Other Injury,2024,2024,July,Tuesday,06:00 - 07:59,LINCOLN,RD,0,Right on the spot,NUMBER 100 - 108,HN,HORSLEY PARK,,No,Not a school zone,2-way undivided,-33.858201,150.830822,Fairfield,Sydney metro. area,Syd-Newc-Woll Gtr conurbation,Curved,Painted double centre lines,,,Unknown / not stated,Sealed,Dry,Fine,Dawn,Nil,No traffic controls,60 km/h,Local,20,Head on,201,Opp - Head on,,Head-on,Car (sedan/hatch),Car (sedan/hatch),2,0,0,0,1,7,July,Winter,Tuesday,06:00 - 07:59,AM peak / school commute,True,False,True,True
1358277,Injury,Minor/Other Injury,2024,2024,July,Thursday,16:00 - 17:59,WESTERN,EXP,50,East,LIGHTHORSE INTERCHANGE,OP,EASTERN CREEK,6004.0,No,Not a school zone,Dual freeway,-33.798614,150.857001,Blacktown,Sydney metro. area,Syd-Newc-Woll Gtr conurbation,Straight,,,,Unknown / not stated,Sealed,Dry,Fine,Daylight,Nil,No traffic controls,100 km/h,State,30,Rear end,301,Same - Rear end,,Rear end,Car (sedan/hatch),4 wheel drive / SUV,3,0,0,0,1,7,July,Winter,Thursday,16:00 - 17:59,PM peak / evening commute,True,False,True,True
1358278,Injury,Moderate Injury,2024,2024,July,Sunday,14:00 - 15:59,PITTWATER RD,RD,50,South,WARRINGAH,RD,BROOKVALE,164.0,No,Not a school zone,Divided road,-33.759034,151.280025,Northern Beaches,Sydney metro. area,Syd-Newc-Woll Gtr conurbation,Straight,Steep grade,,,Unknown / not stated,Sealed,Dry,Fine,Daylight,Nil,No traffic controls,60 km/h,State,30,Rear end,301,Same - Rear end,,Rear end,4 wheel drive / SUV,Car (sedan/hatch),3,0,0,1,2,7,July,Winter,Sunday,14:00 - 15:59,Midday / afternoon,False,False,True,True
1358279,Injury,Minor/Other Injury,2024,2024,July,Monday,08:00 - 09:59,GREAT NORTH,RD,0,Right on the spot,CORANTO,ST,WAREEMBA,7325.0,No,Not a school zone,T-junction,-33.857625,151.130927,Canada Bay,Sydney metro. area,Syd-Newc-Woll Gtr conurbation,Straight,,,,Unknown / not stated,Sealed,Dry,Fine,Daylight,Nil,Ped crossing,50 km/h,Regional,30,Rear end,301,Same - Rear end,,Rear end,Car (sedan/hatch),4 wheel drive / SUV,2,0,0,0,1,7,July,Winter,Monday,08:00 - 09:59,AM peak / school commute,True,False,True,True
1358280,Injury,Moderate Injury,2024,2024,June,Tuesday,10:00 - 11:59,GREEN VALLEY,RD,0,Right on the spot,RUNDLE,RD,GREEN VALLEY,,No,Not a school zone,X-intersection,-33.903761,150.876196,Liverpool,Sydney metro. area,Syd-Newc-Woll Gtr conurbation,Straight,,,,Unknown / not stated,Sealed,Dry,Fine,Daylight,Unknown / not stated,No traffic controls,50 km/h,Local,49,Other manoeuvring,400,Manov - other,,Other angle,Station wagon,Car (sedan/hatch),2,0,0,1,0,6,June,Winter,Tuesday,10:00 - 11:59,Midday / afternoon,False,False,True,True
1358282,Injury,Minor/Other Injury,2024,2024,June,Wednesday,12:00 - 13:59,SYDNEY,RD,0,Right on the spot,CONDAMINE,ST,BALGOWLAH,159.0,No,Not a school zone,X-intersection,-33.794422,151.264849,Northern Beaches,Sydney metro. area,Syd-Newc-Woll Gtr conurbation,Straight,,,,Unknown / not stated,Sealed,Dry,Fine,Daylight,On,No traffic controls,60 km/h,State,30,Rear end,301,Same - Rear end,,Rear end,4 wheel drive / SUV,Light truck,2,0,0,0,1,6,June,Winter,Wednesday,12:00 - 13:59,Midday / afternoon,False,False,True,True
1358284,Injury,Moderate Injury,2024,2024,July,Tuesday,08:00 - 09:59,ANZAC,PDE,0,Right on the spot,WISE,ST,MAROUBRA,661.0,No,Not a school zone,X-intersection,-33.943826,151.239624,Randwick,Sydney metro. area,Syd-Newc-Woll Gtr conurbation,Straight,,,,Unknown / not stated,Sealed,Dry,Fine,Daylight,On,No traffic controls,50 km/h,State,30,Rear end,301,Same - Rear end,,Rear end,Car (sedan/hatch),Car (sedan/hatch),2,0,0,1,0,7,July,Winter,Tuesday,08:00 - 09:59,AM peak / school commute,True,False,True,True
1358285,Injury,Minor/Other Injury,2024,2024,July,Thursday,16:00 - 17:59,ANZAC,PDE,0,Right on the spot,FITZGERALD,AVE,MAROUBRA,661.0,No,Not a school zone,X-intersection,-33.946199,151.240162,Randwick,Sydney metro. area,Syd-Newc-Woll Gtr conurbation,Straight,,,,Unknown / not stated,Sealed,Dry,Fine,Darkness,On,No traffic controls,50 km/h,State,30,Rear end,301,Same - Rear end,,Rear end,Motorcycle,Car (sedan/hatch),2,0,0,0,1,7,July,Winter,Thursday,16:00 - 17:59,PM peak / evening commute,True,False,True,True
1358288,Injury,Moderate Injury,2024,2024,July,Wednesday,16:00 - 17:59,HARROW,RD,0,Right on the spot,RAWSON,ST,BEXLEY,7048.0,No,Not a school zone,Y-junction,-33.955058,151.13377,Bayside,Sydney metro. area,Syd-Newc-Woll Gtr conurbation,Curved,,,,On,Sealed,Dry,Overcast,Dusk,Nil,Stop sign,50 km/h,Regional,16,Left near,107,Adj - Left-thru from right,,Right angle,4 wheel drive / SUV,Motor scooter,2,0,0,1,0,7,July,Winter,Wednesday,16:00 - 17:59,PM peak / evening commute,True,False,True,True
1358289,Injury,Moderate Injury,2024,2024,July,Wednesday,20:00 - 21:59,VERDUN,ST,0,Right on the spot,NUMBER 7,HN,BEXLEY,,No,Not a school zone,2-way undivided,-33.962056,151.126595,Bayside,Sydney metro. area,Syd-Newc-Woll Gtr conurbation,Straight,,,,Unknown / not stated,Sealed,Dry,Fine,Darkness,Nil,No traffic controls,50 km/h,Local,71,Off rd left => obj,703,Left off cway into object,,Other angle,Car (sedan/hatch),Large rigid,2,0,0,1,0,7,July,Winter,Wednesday,20:00 - 21:59,Evening / night,False,False,True,True
1358295,Injury,Moderate Injury,2024,2024,July,Sunday,10:00 - 11:59,DAVID,ST,0,Right on the spot,DOBELL,DR,WANGI WANGI,,No,Not a school zone,X-intersection,-33.067804,151.578193,Lake Macquarie,Newcastle met. area,Syd-Newc-Woll Gtr conurbation,Curved,,,,Unknown / not stated,Sealed,Dry,Fine,Daylight,Nil,Stop sign,50 km/h,Local,10,Cross traffic,101,Adj - Cross traffic,,Right angle,Car (sedan/hatch),Car (sedan/hatch),2,0,0,1,0,7,July,Winter,Sunday,10:00 - 11:59,Midday / afternoon,False,False,True,True
1358297,Injury,Moderate Injury,2024,2024,July,Wednesday,16:00 - 17:59,KNOX,RD,20,North,KARUAH,ST,DOONSIDE,7153.0,No,Not a school zone,Divided road,-33.748783,150.86669,Blacktown,Sydney metro. area,Syd-Newc-Woll Gtr conurbation,Straight,,,,Off,Sealed,Dry,Fine,Daylight,Nil,No traffic controls,60 km/h,Regional,74,On road-out of cont.,705,Out of control on cway,,Rollover,Car (sedan/hatch),,1,0,0,1,0,7,July,Winter,Wednesday,16:00 - 17:59,PM peak / evening commute,True,False,True,True
1358299,Injury,Minor/Other Injury,2024,2024,July,Thursday,14:00 - 15:59,QUEEN,ST,100,South,BEACONSFIELD,ST,REVESBY,,No,Not a school zone,2-way undivided,-33.944892,151.009892,Canterbury-Bankstown,Sydney metro. area,Syd-Newc-Woll Gtr conurbation,Straight,,,,Unknown / not stated,Sealed,Dry,Fine,Daylight,Nil,No traffic controls,60 km/h,Local,30,Rear end,301,Same - Rear end,,Rear end,Light truck,Car (sedan/hatch),2,0,0,0,1,7,July,Winter,Thursday,14:00 - 15:59,Midday / afternoon,False,False,True,True
1358302,Injury,Moderate Injury,2024,2024,July,Friday,06:00 - 07:59,ROOKWOOD,RD,0,Right on the spot,MUIR,RD,CHULLORA,190.0,No,Not a school zone,T-junction,-33.891814,151.038641,Canterbury-Bankstown,Sydney metro. area,Syd-Newc-Woll Gtr conurbation,Straight,,,,Unknown / not stated,Sealed,Wet,Raining,Dawn,On,No traffic controls,80 km/h,State,75,Off end of road,709,Off end cway or T junct,,Rollover,Car (sedan/hatch),,1,0,0,1,0,7,July,Winter,Friday,06:00 - 07:59,AM peak / school commute,True,False,True,True
1358303,Injury,Serious Injury,2024,2024,July,Tuesday,16:00 - 17:59,SOUTHERN CROSS,DR,0,Right on the spot,BOTANY ROAD,OP,MASCOT,593.0,No,Not a school zone,Divided road,-33.938285,151.1946,Bayside,Sydney metro. area,Syd-Newc-Woll Gtr conurbation,Straight,,,,Unknown / not stated,Sealed,Dry,Fine,Dusk,Nil,No traffic controls,70 km/h,State,30,Rear end,301,Same - Rear end,,Rear end,4 wheel drive / SUV,Car (sedan/hatch),2,0,1,0,0,7,July,Winter,Tuesday,16:00 - 17:59,PM peak / evening commute,True,False,True,True
1358305,Injury,Minor/Other Injury,2024,2024,July,Friday,10:00 - 11:59,ARGYLE,ST,0,Right on the spot,QUEEN,ST,MULLUMBIMBY,463.0,No,Not a school zone,X-intersection,-28.553931,153.506231,Byron,Country urban,Rest of NSW - Urban,Straight,,,,Unknown / not stated,Sealed,Dry,Fine,Daylight,Nil,No traffic controls,50 km/h,Regional,30,Rear end,301,Same - Rear end,,Rear end,Car (sedan/hatch),Light truck utility(from 2018),2,0,0,0,1,7,July,Winter,Friday,10:00 - 11:59,Midday / afternoon,False,False,True,True
1358308,Injury,Moderate Injury,2024,2024,July,Thursday,20:00 - 21:59,TUDOR,ST,0,Right on the spot,GORDON,AVE,HAMILTON,604.0,No,Not a school zone,X-intersection,-32.924775,151.751396,Newcastle,Newcastle met. area,Syd-Newc-Woll Gtr conurbation,Straight,,,,Unknown / not stated,Sealed,Dry,Fine,Darkness,On,No traffic controls,60 km/h,Regional,21,Right through,202,Opp - Right-thru,,Other angle,Car (sedan/hatch),Car (sedan/hatch),2,0,0,1,0,7,July,Winter,Thursday,20:00 - 21:59,Evening / night,False,False,True,True
1358309,Injury,Moderate Injury,2024,2024,June,Monday,10:00 - 11:59,VICTORIA,RD,0,Right on the spot,NUMBER 958,HN,WEST RYDE,165.0,No,Not a school zone,2-way undivided,-33.808422,151.091117,Ryde,Sydney metro. area,Syd-Newc-Woll Gtr conurbation,Straight,Steep grade,,,Unknown / not stated,Sealed,Dry,Fine,Daylight,Nil,No traffic controls,60 km/h,State,30,Rear end,301,Same - Rear end,,Rear end,4 wheel drive / SUV,Car (sedan/hatch),2,0,0,1,0,6,June,Winter,Monday,10:00 - 11:59,Midday / afternoon,False,False,True,True
1358310,Injury,Minor/Other Injury,2024,2024,July,Monday,08:00 - 09:59,OLD WINDSOR,RD,0,Right on the spot,VALERIE,AVE,BAULKHAM HILLS,635.0,No,Not a school zone,T-junction,-33.763474,150.957951,The Hills,Sydney metro. area,Syd-Newc-Woll Gtr conurbation,Straight,Steep grade,,,Unknown / not stated,Sealed,Dry,Fine,Daylight,Nil,Stop sign,80 km/h,State,30,Rear end,301,Same - Rear end,,Rear end,4 wheel drive / SUV,4 wheel drive / SUV,2,0,0,0,1,7,July,Winter,Monday,08:00 - 09:59,AM peak / school commute,True,False,True,True
1358311,Injury,Minor/Other Injury,2024,2024,May,Friday,08:00 - 09:59,HIGHCLERE,AVE,20,South,WATTLE,ST,PUNCHBOWL,7119.0,Yes,No,2-way undivided,-33.917225,151.056848,Canterbury-Bankstown,Sydney metro. area,Syd-Newc-Woll Gtr conurbation,Straight,,,,Unknown / not stated,Sealed,Dry,Fine,Daylight,Nil,No traffic controls,50 km/h,Regional,0,Ped nearside,1,Ped - Near side,,Vehicle - Pedestrian,Car (sedan/hatch),Pedestrian,2,0,0,0,1,5,May,Autumn,Friday,08:00 - 09:59,AM peak / school commute,True,False,True,True
1358314,Injury,Moderate Injury,2024,2024,July,Monday,18:00 - 19:59,HUME,HWY,356,North,HUME STREET,OP,GOULBURN,2.0,No,Not a school zone,Divided road,-34.775858,149.691852,Goulburn Mulwaree,Country non-urban,Rest of NSW - Rural,Straight,,,,Unknown / not stated,Sealed,Dry,Fine,Dusk,Nil,No traffic controls,110 km/h,State,72,Off road to right,702,Off carriageway to right,,Rollover,Car (sedan/hatch),,1,0,0,1,0,7,July,Winter,Monday,18:00 - 19:59,PM peak / evening commute,True,False,True,True
1358315,Injury,Moderate Injury,2024,2024,July,Monday,06:00 - 07:59,FOREST,RD,0,Right on the spot,SACKVILLE,ST,BEXLEY,168.0,No,Not a school zone,T-junction,-33.943316,151.129909,Bayside,Sydney metro. area,Syd-Newc-Woll Gtr conurbation,Curved,,,,On,Sealed,Dry,Fine,Dawn,Nil,No traffic controls,60 km/h,State,49,Other manoeuvring,400,Manov - other,,Other angle,Car (sedan/hatch),Motorcycle,2,0,0,1,0,7,July,Winter,Monday,06:00 - 07:59,AM peak / school commute,True,False,True,True
1358316,Injury,Moderate Injury,2024,2024,July,Sunday,06:00 - 07:59,PACIFIC,HWY,38,South,TUCKOMBIL ROAD,OP,WOODBURN,10.0,No,Not a school zone,Divided road,-29.10112,153.339153,Richmond Valley,Country non-urban,Rest of NSW - Rural,Straight,,,,Unknown / not stated,Sealed,Wet,Fine,Daylight,Nil,No traffic controls,110 km/h,State,71,Off rd left => obj,703,Left off cway into object,,Vehicle - Object,4 wheel drive / SUV,,1,0,0,1,0,7,July,Winter,Sunday,06:00 - 07:59,AM peak / school commute,True,False,True,True
1358317,Injury,Minor/Other Injury,2024,2024,July,Saturday,06:00 - 07:59,ADAMS,ST,0,Right on the spot,GREENDALE,AVE,FRENCHS FOREST,,No,Not a school zone,T-junction,-33.745798,151.223024,Northern Beaches,Sydney metro. area,Syd-Newc-Woll Gtr conurbation,Straight,Narrow roadway,,,Unknown / not stated,Sealed,Dry,Fine,Dawn,Nil,Give way sign,50 km/h,Local,49,Other manoeuvring,400,Manov - other,,Other angle,Car (sedan/hatch),Car (sedan/hatch),2,0,0,0,1,7,July,Winter,Saturday,06:00 - 07:59,AM peak / school commute,True,False,True,True
1358318,Injury,Moderate Injury,2024,2024,July,Saturday,08:00 - 09:59,BLAKNEY CREEK NORTH,RD,5500,North,LITTLE PLAINS,RD,BLAKNEY CREEK,,No,Not a school zone,2-way undivided,-34.630725,149.073929,Upper Lachlan,Country non-urban,Rest of NSW - Rural,Curved,,,,Unknown / not stated,Sealed,Dry,Fine,Daylight,Nil,No traffic controls,100 km/h,Local,67,Struck animal,609,On path - Hit animal,,Vehicle - Animal,4 wheel drive / SUV,,1,0,0,1,0,7,July,Winter,Saturday,08:00 - 09:59,AM peak / school commute,True,False,True,True