crash_id,degree_of_crash,degree_of_crash_-_detailed,reporting_year,year_of_crash,month_of_crash,day_of_week_of_crash,two-hour_intervals,street_of_crash,street_type,distance,direction,identifying_feature,identifying_feature_type,town,route_no.,school_zone_location,school_zone_active,type_of_location,latitude,longitude,lga,urbanisation,conurbation_1,alignment,primary_permanent_feature,primary_temporary_feature,primary_hazardous_feature,street_lighting,road_surface,surface_condition,weather,natural_lighting,signals_operation,other_traffic_control,speed_limit,road_classification_(admin),rum_-_code,rum_-_description,dca_-_code,dca_-_description,dca_supplement,first_impact_type,key_tu_type,other_tu_type,no._of_traffic_units_involved,no._killed,no._seriously_injured,no._moderately_injured,no._minor-other_injured,month_num,month_label,season,day_label,time_label,time_band,is_peak_commute,is_fatal,is_injury,is_casualty
1358319,Injury,Moderate Injury,2024,2024,July,Wednesday,14:00 - 15:59,GORDON,ST,0,Right on the spot,RIVER,ST,WOOLGOOLGA,,No,Not a school zone,T-junction,-30.114811,153.19321,Coffs Harbour,Country urban,Rest of NSW - Urban,Curved,Driveway/entrance,,,Nil,Sealed,Dry,Fine,Daylight,Nil,No traffic controls,50 km/h,Local,46,Reversing into obj,405,Manov - Reverse into fixed obj,,Vehicle - Object,Car (sedan/hatch),,1,0,0,1,0,7,July,Winter,Wednesday,14:00 - 15:59,Midday / afternoon,False,False,True,True
1358322,Injury,Minor/Other Injury,2024,2024,July,Sunday,18:00 - 19:59,HAROLD,ST,45,West,EVELYN,ST,MACQUARIE FIELDS,680.0,Yes,No,2-way undivided,-33.998322,150.886408,Campbelltown,Sydney metro. area,Syd-Newc-Woll Gtr conurbation,Curved,,,,On,Sealed,Dry,Fine,Darkness,Nil,No traffic controls,60 km/h,State,81,Off left/rt bnd=>obj,803,Off right bend into obj,Left,Vehicle - Object,Car (sedan/hatch),,1,0,0,0,1,7,July,Winter,Sunday,18:00 - 19:59,PM peak / evening commute,True,False,True,True
1358324,Injury,Moderate Injury,2024,2024,July,Thursday,14:00 - 15:59,NARELLAN,RD,0,Right on the spot,HARTLEY ROAD,TO,CURRANS HILL,178.0,No,Not a school zone,Divided road,-34.048127,150.762033,Camden,Sydney metro. area,Syd-Newc-Woll Gtr conurbation,Straight,,,,Unknown / not stated,Sealed,Dry,Fine,Daylight,Nil,No traffic controls,80 km/h,State,74,On road-out of cont.,705,Out of control on cway,,Rollover,Motorcycle,,1,0,0,1,0,7,July,Winter,Thursday,14:00 - 15:59,Midday / afternoon,False,False,True,True
1358326,Injury,Serious Injury,2024,2024,June,Tuesday,10:00 - 11:59,PORT HACKING,RD,50,South,PRINCES,HWY,SYLVANIA,669.0,No,Not a school zone,Divided road,-34.00851,151.105526,Sutherland,Sydney metro. area,Syd-Newc-Woll Gtr conurbation,Straight,,,,Unknown / not stated,Sealed,Dry,Fine,Daylight,Nil,No traffic controls,70 km/h,State,30,Rear end,301,Same - Rear end,,Rear end,Car (sedan/hatch),Light truck utility(from 2018),2,0,1,0,0,6,June,Winter,Tuesday,10:00 - 11:59,Midday / afternoon,False,False,True,True
1358327,Injury,Moderate Injury,2024,2024,July,Monday,12:00 - 13:59,GREAT WESTERN,HWY,0,Right on the spot,PAGES,RD,ST MARYS,5.0,No,Not a school zone,X-intersection,-33.769638,150.768726,Penrith,Sydney metro. area,Syd-Newc-Woll Gtr conurbation,Straight,,,,Off,Sealed,Dry,Fine,Daylight,On,No traffic controls,60 km/h,State,21,Right through,202,Opp - Right-thru,,Other angle,Car (sedan/hatch),Car (sedan/hatch),2,0,0,1,0,7,July,Winter,Monday,12:00 - 13:59,Midday / afternoon,False,False,True,True
1358328,Injury,Moderate Injury,2024,2024,July,Wednesday,14:00 - 15:59,BEECROFT,RD,0,Right on the spot,M2 HILLS,EXP,CHELTENHAM,139.0,No,Not a school zone,T-junction,-33.762911,151.079334,Hornsby,Sydney metro. area,Syd-Newc-Woll Gtr conurbation,Curved,,,,Unknown / not stated,Sealed,Wet,Raining,Daylight,Unknown / not stated,No traffic controls,60 km/h,State,30,Rear end,301,Same - Rear end,,Rear end,4 wheel drive / SUV,4 wheel drive / SUV,5,0,0,1,0,7,July,Winter,Wednesday,14:00 - 15:59,Midday / afternoon,False,False,True,True
1358332,Injury,Moderate Injury,2024,2024,August,Thursday,14:00 - 15:59,HAWKESBURY VALLEY,WAY,0,Right on the spot,RACECOURSE,RD,CLARENDON,184.0,No,Not a school zone,T-junction,-33.607885,150.788549,Hawkesbury,Country urban,Syd-Newc-Woll Gtr conurbation,Straight,,,,Unknown / not stated,Sealed,Dry,Fine,Daylight,Nil,No traffic controls,70 km/h,State,30,Rear end,301,Same - Rear end,,Rear end,4 wheel drive / SUV,Large rigid,2,0,0,1,0,8,August,Winter,Thursday,14:00 - 15:59,Midday / afternoon,False,False,True,True
1358333,Injury,Minor/Other Injury,2024,2024,July,Wednesday,18:00 - 19:59,GRIFFITHS,RD,0,Right on the spot,LAMBTON,RD,LAMBTON,82.0,No,Not a school zone,T-junction,-32.910204,151.716996,Newcastle,Newcastle met. area,Syd-Newc-Woll Gtr conurbation,Straight,,,,Unknown / not stated,Sealed,Dry,Fine,Darkness,On,No traffic controls,60 km/h,State,30,Rear end,301,Same - Rear end,,Rear end,Car (sedan/hatch),4 wheel drive / SUV,2,0,0,0,1,7,July,Winter,Wednesday,18:00 - 19:59,PM peak / evening commute,True,False,True,True
1358335,Injury,Moderate Injury,2024,2024,July,Saturday,06:00 - 07:59,WERRIS CREEK,RD,11,North,SOUTH,ST,WERRIS CREEK,130.0,No,Not a school zone,2-way undivided,-31.366104,150.644297,Liverpool Plains,Country urban,Rest of NSW - Urban,Curved,Railway level x,,,Unknown / not stated,Sealed,Wet,Raining,Daylight,Nil,Rail X flashing sigs,80 km/h,Regional,81,Off left/rt bnd=>obj,803,Off right bend into obj,Left,Vehicle - Object,Car (sedan/hatch),,1,0,0,1,0,7,July,Winter,Saturday,06:00 - 07:59,AM peak / school commute,True,False,True,True
1358339,Injury,Moderate Injury,2024,2024,June,Monday,08:00 - 09:59,RICHMOND,RD,100,North,ROOTY HILL,RD,COLEBEE,537.0,No,Not a school zone,Divided road,-33.732295,150.847999,Blacktown,Sydney metro. area,Syd-Newc-Woll Gtr conurbation,Straight,,,,Unknown / not stated,Sealed,Dry,Overcast,Daylight,Nil,No traffic controls,70 km/h,State,30,Rear end,301,Same - Rear end,,Rear end,Car (sedan/hatch),Light truck utility(from 2018),3,0,0,1,0,6,June,Winter,Monday,08:00 - 09:59,AM peak / school commute,True,False,True,True
1358345,Injury,Minor/Other Injury,2024,2024,July,Monday,08:00 - 09:59,PACIFIC,HWY,0,Right on the spot,BURDETT,ST,HORNSBY,10.0,No,Not a school zone,T-junction,-33.702357,151.099391,Hornsby,Sydney metro. area,Syd-Newc-Woll Gtr conurbation,Straight,,,,Unknown / not stated,Sealed,Dry,Fine,Daylight,On,No traffic controls,60 km/h,State,21,Right through,202,Opp - Right-thru,,Other angle,Station wagon,4 wheel drive / SUV,2,0,0,0,1,7,July,Winter,Monday,08:00 - 09:59,AM peak / school commute,True,False,True,True
1358348,Injury,Minor/Other Injury,2024,2024,July,Friday,12:00 - 13:59,PACIFIC,HWY,300,North,AWABAKAL,AVE,BLACKSMITHS,10.0,No,Not a school zone,Divided road,-33.065825,151.651476,Lake Macquarie,Newcastle met. area,Syd-Newc-Woll Gtr conurbation,Straight,,,,Unknown / not stated,Sealed,Dry,Fine,Daylight,Nil,No traffic controls,70 km/h,State,74,On road-out of cont.,705,Out of control on cway,,Rollover,Motorcycle,,1,0,0,0,1,7,July,Winter,Friday,12:00 - 13:59,Midday / afternoon,False,False,True,True
1358349,Injury,Moderate Injury,2024,2024,July,Wednesday,10:00 - 11:59,NEW ENGLAND,HWY,0,Right on the spot,NUMBER 9092,HN,STONEHENGE,9.0,No,Not a school zone,2-way undivided,-29.832407,151.737707,Glen Innes Severn,Country non-urban,Rest of NSW - Rural,Curved,Driveway/entrance,,,Unknown / not stated,Sealed,Dry,Fine,Daylight,Nil,No traffic controls,100 km/h,State,32,Right rear,303,Same - Rear right,,Rear end,4 wheel drive / SUV,Car (sedan/hatch),2,0,0,1,0,7,July,Winter,Wednesday,10:00 - 11:59,Midday / afternoon,False,False,True,True
1358351,Injury,Serious Injury,2024,2024,March,Thursday,10:00 - 11:59,BURROWS,RD,145,South,RESOLUTION,ST,GLENROY,,No,Not a school zone,2-way undivided,-36.057994,146.91593,Albury,Country urban,Rest of NSW - Urban,Straight,,,,Off,Sealed,Dry,Fine,Daylight,Nil,No traffic controls,50 km/h,Local,73,Off rd rght => obj,704,Right off cway into obj,,Other angle,Car (sedan/hatch),Light truck utility(from 2018),2,0,1,0,0,3,March,Autumn,Thursday,10:00 - 11:59,Midday / afternoon,False,False,True,True
1358352,Injury,Moderate Injury,2024,2024,March,Thursday,02:00 - 03:59,GEORGE,ST,50,South,HUME,HWY,MARULAN,,No,Not a school zone,2-way undivided,-34.716912,149.999965,Goulburn Mulwaree,Country urban,Rest of NSW - Urban,Curved,,,,Nil,Sealed,Dry,Fine,Darkness,Nil,No traffic controls,50 km/h,Local,81,Off left/rt bnd=>obj,803,Off right bend into obj,Left,Vehicle - Object,Motorised push scooters,,1,0,0,1,0,3,March,Autumn,Thursday,02:00 - 03:59,Late night / early morning,False,False,True,True
1358353,Injury,Minor/Other Injury,2024,2024,February,Wednesday,14:00 - 15:59,EAGLEVIEW,RD,20,North,GLASS HOUSE,BVD,MINTO,,No,Not a school zone,2-way undivided,-34.030959,150.859738,Campbelltown,Sydney metro. area,Syd-Newc-Woll Gtr conurbation,Straight,Steep grade,,,Off,Sealed,Dry,Fine,Daylight,Nil,No traffic controls,60 km/h,Local,30,Rear end,301,Same - Rear end,,Rear end,Light truck,4 wheel drive / SUV,2,0,0,0,1,2,February,Summer,Wednesday,14:00 - 15:59,Midday / afternoon,False,False,True,True
1358354,Injury,Serious Injury,2024,2024,March,Friday,16:00 - 17:59,GREAT WESTERN,HWY,0,Right on the spot,SUNNY CORNER,RD,KIRKCONNELL,5.0,No,Not a school zone,T-junction,-33.437816,149.847792,Bathurst Regional,Country non-urban,Rest of NSW - Rural,Straight,,,,Nil,Sealed,Dry,Fine,Daylight,Nil,No traffic controls,100 km/h,State,13,Right near,104,Adj - Right-thru from right,,Right angle,Car (sedan/hatch),4 wheel drive / SUV,2,0,2,1,0,3,March,Autumn,Friday,16:00 - 17:59,PM peak / evening commute,True,False,True,True
1358355,Injury,Moderate Injury,2024,2024,March,Thursday,16:00 - 17:59,RICHMOND,RD,0,Right on the spot,ABELL,RD,MARSDEN PARK,537.0,No,Not a school zone,X-intersection,-33.696903,150.830876,Blacktown,Sydney metro. area,Syd-Newc-Woll Gtr conurbation,Straight,,,,Off,Sealed,Dry,Fine,Daylight,On,No traffic controls,80 km/h,State,13,Right near,104,Adj - Right-thru from right,,Right angle,4 wheel drive / SUV,Car (sedan/hatch),2,0,0,3,0,3,March,Autumn,Thursday,16:00 - 17:59,PM peak / evening commute,True,False,True,True
1358356,Injury,Moderate Injury,2024,2024,March,Saturday,22:00 - Midnight,OSBORNE,RD,50,East,PATCHWAY,PL,BURRADOO,,No,Not a school zone,2-way undivided,-34.502195,150.399705,Wingecarribee,Country urban,Rest of NSW - Urban,Straight,,,,On,Sealed,Dry,Fine,Darkness,Nil,No traffic controls,50 km/h,Local,72,Off road to right,702,Off carriageway to right,,Rollover,Car (sedan/hatch),,1,0,0,1,0,3,March,Autumn,Saturday,22:00 - Midnight,Evening / night,False,False,True,True
1358357,Injury,Serious Injury,2024,2024,March,Saturday,18:00 - 19:59,FOREST,RD,0,Right on the spot,STONEY CREEK,RD,PEAKHURST,168.0,No,Not a school zone,T-junction,-33.958137,151.069223,Georges River,Sydney metro. area,Syd-Newc-Woll Gtr conurbation,Curved,,Police pursuit,,Off,Sealed,Dry,Fine,Dusk,On,No traffic controls,60 km/h,State,10,Cross traffic,101,Adj - Cross traffic,,Right angle,4 wheel drive / SUV,Car (sedan/hatch),4,0,3,3,1,3,March,Autumn,Saturday,18:00 - 19:59,PM peak / evening commute,True,False,True,True
1358359,Injury,Serious Injury,2024,2024,March,Wednesday,16:00 - 17:59,CAMDEN VALLEY,WAY,0,Right on the spot,GRAHAMS HILL,RD,NARELLAN,178.0,Yes,No,X-intersection,-34.041546,150.732256,Camden,Sydney metro. area,Syd-Newc-Woll Gtr conurbation,Straight,,,,Off,Sealed,Dry,Fine,Daylight,On,Ped crossing,60 km/h,Regional,21,Right through,202,Opp - Right-thru,,Other angle,4 wheel drive / SUV,Motorcycle,2,0,1,0,0,3,March,Autumn,Wednesday,16:00 - 17:59,PM peak / evening commute,True,False,True,True
1358360,Injury,Moderate Injury,2024,2024,March,Sunday,14:00 - 15:59,GREAT WESTERN,HWY,0,Right on the spot,COXS RIVER,RD,LITTLE HARTLEY,5.0,No,Not a school zone,T-junction,-33.569598,150.206609,Lithgow,Country urban,Rest of NSW - Urban,Straight,,,,Nil,Sealed,Dry,Fine,Daylight,Nil,Stop sign,80 km/h,State,36,Right turn sideswipe,308,Same - Rgt turn side swipe,,Other angle,Light truck,Car (sedan/hatch),2,0,0,1,0,3,March,Autumn,Sunday,14:00 - 15:59,Midday / afternoon,False,False,True,True
1358363,Injury,Serious Injury,2024,2024,March,Wednesday,16:00 - 17:59,SEVENTH,AVE,0,Right on the spot,NUMBER 40,HN,CAMPSIE,,No,Not a school zone,2-way undivided,-33.90495,151.099149,Canterbury-Bankstown,Sydney metro. area,Syd-Newc-Woll Gtr conurbation,Straight,,,,Nil,Sealed,Dry,Fine,Daylight,Nil,No traffic controls,50 km/h,Local,30,Rear end,301,Same - Rear end,,Rear end,Other bus,Other bus,5,0,2,3,18,3,March,Autumn,Wednesday,16:00 - 17:59,PM peak / evening commute,True,False,True,True
1358364,Injury,Serious Injury,2024,2024,March,Friday,22:00 - Midnight,PARK,RD,0,Right on the spot,NUMBER 13,HN,WALLACIA,155.0,No,Not a school zone,2-way undivided,-33.865993,150.641713,Penrith,Sydney metro. area,Syd-Newc-Woll Gtr conurbation,Straight,Driveway/entrance,,,On,Sealed,Wet,Fine,Darkness,Nil,No traffic controls,60 km/h,State,2,Ped far side,3,Ped - Far side,,Vehicle - Pedestrian,Station wagon,Pedestrian,2,0,1,0,0,3,March,Autumn,Friday,22:00 - Midnight,Evening / night,False,False,True,True
1358366,Injury,Serious Injury,2024,2024,March,Friday,06:00 - 07:59,WOODVILLE,RD,0,Right on the spot,TANGERINE,ST,FAIRFIELD EAST,640.0,No,Not a school zone,T-junction,-33.877248,150.98048,Fairfield,Sydney metro. area,Syd-Newc-Woll Gtr conurbation,Straight,,,,On,Sealed,Dry,Fine,Daylight,On,No traffic controls,70 km/h,State,21,Right through,202,Opp - Right-thru,,Other angle,Car (sedan/hatch),Car (sedan/hatch),3,0,1,1,0,3,March,Autumn,Friday,06:00 - 07:59,AM peak / school commute,True,False,True,True
1358367,Injury,Moderate Injury,2024,2024,April,Thursday,10:00 - 11:59,BLACK STUMP,WAY,15000,North,BINNIA HILLS,RD,TAMBAR SPRINGS,55.0,No,Not a school zone,2-way undivided,-31.557109,149.782009,Warrumbungle,Country non-urban,Rest of NSW - Rural,Straight,Steep grade,,,Nil,Sealed,Dry,Overcast,Daylight,Nil,No traffic controls,100 km/h,Regional,51,Out of control otake,502,Ovtak - Out of control,,Rollover,4 wheel drive / SUV,,1,0,0,2,0,4,April,Autumn,Thursday,10:00 - 11:59,Midday / afternoon,False,False,True,True
1358370,Injury,Serious Injury,2024,2024,April,Tuesday,10:00 - 11:59,ROUS,RD,200,East,SKYLINE,RD,GOONELLABAH,,No,Not a school zone,2-way undivided,-28.830493,153.325104,Lismore,Country urban,Rest of NSW - Urban,Curved,Painted double centre lines,,,Nil,Sealed,Dry,Fine,Daylight,Nil,No traffic controls,50 km/h,Local,20,Head on,201,Opp - Head on,,Head-on,Light truck utility(from 2018),4 wheel drive / SUV,2,0,2,0,0,4,April,Autumn,Tuesday,10:00 - 11:59,Midday / afternoon,False,False,True,True
1358372,Injury,Minor/Other Injury,2024,2024,March,Thursday,08:00 - 09:59,KINGSWAY,MS,100,East,KIORA,RD,MIRANDA,227.0,No,Not a school zone,Divided road,-34.034254,151.103422,Sutherland,Sydney metro. area,Syd-Newc-Woll Gtr conurbation,Straight,,,,Nil,Sealed,Dry,Overcast,Daylight,Nil,No traffic controls,60 km/h,State,30,Rear end,301,Same - Rear end,,Rear end,Car (sedan/hatch),4 wheel drive / SUV,2,0,0,0,1,3,March,Autumn,Thursday,08:00 - 09:59,AM peak / school commute,True,False,True,True
1358373,Injury,Serious Injury,2024,2024,March,Thursday,16:00 - 17:59,TERRY,RD,10,South,MONMOUTH,DR,BOX HILL,,No,Not a school zone,T-junction,-33.644146,150.901801,The Hills,Sydney metro. area,Syd-Newc-Woll Gtr conurbation,Straight,,,,Off,Sealed,Dry,Fine,Daylight,Nil,No traffic controls,60 km/h,Local,20,Head on,201,Opp - Head on,,Head-on,Car (sedan/hatch),4 wheel drive / SUV,2,0,1,0,0,3,March,Autumn,Thursday,16:00 - 17:59,PM peak / evening commute,True,False,True,True
1358374,Injury,Moderate Injury,2024,2024,April,Tuesday,18:00 - 19:59,SOUTHERN CROSS,DR,0,Right on the spot,BOTANY ROAD,TO,PAGEWOOD,593.0,No,Not a school zone,Other,-33.936943,151.197928,Bayside,Sydney metro. area,Syd-Newc-Woll Gtr conurbation,Straight,,,,Nil,Sealed,Wet,Raining,Darkness,Nil,No traffic controls,80 km/h,State,30,Rear end,301,Same - Rear end,,Rear end,4 wheel drive / SUV,Car (sedan/hatch),2,0,0,1,0,4,April,Autumn,Tuesday,18:00 - 19:59,PM peak / evening commute,True,False,True,True
1358376,Injury,Serious Injury,2024,2024,March,Tuesday,00:01 - 01:59,BOLIVIA,ST,0,Right on the spot,CARABEEN,ST,CABRAMATTA,,No,Not a school zone,T-junction,-33.897437,150.930931,Fairfield,Sydney metro. area,Syd-Newc-Woll Gtr conurbation,Straight,Steep grade,,,On,Sealed,Dry,Fine,Darkness,Nil,No traffic controls,50 km/h,Local,0,Ped nearside,1,Ped - Near side,,Vehicle - Pedestrian,Car (sedan/hatch),Ped in toy vehicle,2,0,1,0,0,3,March,Autumn,Tuesday,00:01 - 01:59,Late night / early morning,False,False,True,True
1358377,Injury,Serious Injury,2024,2024,March,Tuesday,10:00 - 11:59,FAIRFIELD,ST,0,Right on the spot,NUMBER 165,HN,YENNORA,7232.0,No,Not a school zone,2-way undivided,-33.868594,150.968535,Fairfield,Sydney metro. area,Syd-Newc-Woll Gtr conurbation,Straight,,,,Off,Sealed,Dry,Fine,Daylight,Nil,No traffic controls,60 km/h,Regional,71,Off rd left => obj,703,Left off cway into object,,Other angle,Motorcycle,Car (sedan/hatch),2,0,1,0,0,3,March,Autumn,Tuesday,10:00 - 11:59,Midday / afternoon,False,False,True,True
1358378,Injury,Serious Injury,2024,2024,April,Friday,14:00 - 15:59,GARDENERS,RD,0,Right on the spot,HOUSTON,RD,KINGSFORD,183.0,No,Not a school zone,X-intersection,-33.925173,151.226612,Bayside,Sydney metro. area,Syd-Newc-Woll Gtr conurbation,Straight,,,,Off,Sealed,Wet,Raining,Daylight,On,No traffic controls,60 km/h,State,0,Ped nearside,1,Ped - Near side,,Vehicle - Pedestrian,Car (sedan/hatch),Pedestrian,2,0,1,0,0,4,April,Autumn,Friday,14:00 - 15:59,Midday / afternoon,False,False,True,True
1358380,Injury,Serious Injury,2024,2024,April,Saturday,22:00 - Midnight,OLD WALLENDBEEN,RD,50,South,FREEMANS,LANE,STOCKINBINGAL,,No,Not a school zone,2-way undivided,-34.476459,147.895924,Cootamundra-Gundagai,Country non-urban,Rest of NSW - Rural,Curved,,,Loose gravel shoulder,Nil,Sealed,Dry,Fine,Darkness,Nil,No traffic controls,100 km/h,Local,84,Off right/left bend,802,Off cway left bend,Right,Rollover,Large rigid,,1,0,1,0,0,4,April,Autumn,Saturday,22:00 - Midnight,Evening / night,False,False,True,True
1358381,Injury,Minor/Other Injury,2024,2024,April,Friday,14:00 - 15:59,GRANGE,RD,0,Right on the spot,NUMBER 45,HN,GLENHAVEN,,No,Not a school zone,2-way undivided,-33.709756,151.005357,The Hills,Sydney metro. area,Syd-Newc-Woll Gtr conurbation,Straight,Steep grade,,,Off,Sealed,Dry,Fine,Daylight,Nil,No traffic controls,50 km/h,Local,3,Ped on carriageway,4,Ped - On carriageway,,Vehicle - Pedestrian,4 wheel drive / SUV,Pedestrian,2,0,0,0,1,4,April,Autumn,Friday,14:00 - 15:59,Midday / afternoon,False,False,True,True
1358383,Injury,Serious Injury,2024,2024,March,Friday,22:00 - Midnight,GENERAL HOLMES,DR,0,Right on the spot,FORESHORE,RD,MASCOT,194.0,No,Not a school zone,T-junction,-33.944569,151.188136,Bayside,Sydney metro. area,Syd-Newc-Woll Gtr conurbation,Curved,Underpass/tunnel,,,On,Sealed,Dry,Fine,Darkness,On,No traffic controls,70 km/h,State,81,Off left/rt bnd=>obj,707,Right turn,Left,Vehicle - Object,Car (sedan/hatch),,1,0,1,2,0,3,March,Autumn,Friday,22:00 - Midnight,Evening / night,False,False,True,True
1358387,Injury,Serious Injury,2024,2024,April,Saturday,16:00 - 17:59,ADA,ST,0,Right on the spot,STATION,ST,HARRIS PARK,,No,Not a school zone,T-junction,-33.820208,151.007813,Parramatta,Sydney metro. area,Syd-Newc-Woll Gtr conurbation,Curved,,,,On,Sealed,Dry,Fine,Darkness,Nil,No traffic controls,40 km/h,Local,13,Right near,104,Adj - Right-thru from right,,Right angle,4 wheel drive / SUV,Pedal cycle,2,0,1,0,0,4,April,Autumn,Saturday,16:00 - 17:59,PM peak / evening commute,True,False,True,True
1358390,Injury,Serious Injury,2024,2024,April,Sunday,06:00 - 07:59,YARRAWONGA,RD,600,North,SHEEP KILLERS,LANE,BERRIGAN,,No,Not a school zone,2-way undivided,-35.770258,145.862093,Berrigan,Country non-urban,Rest of NSW - Rural,Curved,Ditch/drain/culvert,,,Nil,Sealed,Dry,Fine,Daylight,Nil,No traffic controls,100 km/h,Local,87,Off lft/lft bnd=>obj,804,Off left bend into obj,Left,Vehicle - Object,4 wheel drive / SUV,,1,0,1,0,1,4,April,Autumn,Sunday,06:00 - 07:59,AM peak / school commute,True,False,True,True
1358392,Injury,Serious Injury,2024,2024,April,Saturday,20:00 - 21:59,WESTERN,EXP,150,West,ARCHBOLD ROAD,OP,MINCHINBURY,6004.0,No,Not a school zone,Dual freeway,-33.790868,150.820421,Blacktown,Sydney metro. area,Syd-Newc-Woll Gtr conurbation,Straight,,,,On,Sealed,Dry,Fine,Darkness,Nil,No traffic controls,110 km/h,State,33,Lane sideswipe,305,Same - Lane side swipe,,Other angle,Car (sedan/hatch),Car (sedan/hatch),3,0,1,1,0,4,April,Autumn,Saturday,20:00 - 21:59,Evening / night,False,False,True,True
1358393,Injury,Serious Injury,2024,2024,May,Wednesday,18:00 - 19:59,MACPHERSON,ST,0,Right on the spot,ERITH,ST,MOSMAN,2036.0,No,Not a school zone,T-junction,-33.824756,151.231492,Mosman,Sydney metro. area,Syd-Newc-Woll Gtr conurbation,Straight,,,,On,Sealed,Wet,Raining,Darkness,Nil,Give way sign,50 km/h,Regional,0,Ped nearside,1,Ped - Near side,,Vehicle - Pedestrian,Car (sedan/hatch),Pedestrian,2,0,1,0,0,5,May,Autumn,Wednesday,18:00 - 19:59,PM peak / evening commute,True,False,True,True
1358395,Injury,Minor/Other Injury,2024,2024,March,Saturday,10:00 - 11:59,NEWELL,HWY,15000,South,OLD BREWERY,RD,COROBIMILLA,17.0,No,Not a school zone,2-way undivided,-34.84644,146.439309,Narrandera,Country non-urban,Rest of NSW - Rural,Straight,,,Loose gravel shoulder,Nil,Sealed,Dry,Fine,Daylight,Nil,No traffic controls,110 km/h,State,74,On road-out of cont.,705,Out of control on cway,,Rollover,4 wheel drive / SUV,,1,0,0,0,1,3,March,Autumn,Saturday,10:00 - 11:59,Midday / afternoon,False,False,True,True
1358396,Injury,Serious Injury,2024,2024,April,Saturday,14:00 - 15:59,BOBBIN HEAD,RD,0,Right on the spot,NUMBER 434,HN,NORTH TURRAMURRA,366.0,Yes,No,2-way undivided,-33.690511,151.152052,Ku-ring-gai,Sydney metro. area,Syd-Newc-Woll Gtr conurbation,Straight,Driveway/entrance,,,Nil,Sealed,Dry,Fine,Daylight,Nil,No traffic controls,50 km/h,Regional,47,Emerging from drive,406,Manov - Emerging from driveway,,Right angle,Car (sedan/hatch),Motorcycle,2,0,1,0,0,4,April,Autumn,Saturday,14:00 - 15:59,Midday / afternoon,False,False,True,True
1358397,Injury,Minor/Other Injury,2024,2024,May,Tuesday,16:00 - 17:59,HUME,HWY,700,North,TABERS,LANE,COOLAC,2.0,No,Not a school zone,Divided road,-34.905725,148.184801,Cootamundra-Gundagai,Country non-urban,Rest of NSW - Rural,Curved,Steep grade,,,Nil,Sealed,Dry,Fine,Daylight,Nil,No traffic controls,110 km/h,State,30,Rear end,301,Same - Rear end,,Rear end,Motorcycle,Large rigid,2,0,0,0,1,5,May,Autumn,Tuesday,16:00 - 17:59,PM peak / evening commute,True,False,True,True
1358399,Injury,Moderate Injury,2024,2024,May,Friday,18:00 - 19:59,GREAT WESTERN,HWY,0,Right on the spot,GIRRAWEEN,RD,GIRRAWEEN,5.0,No,Not a school zone,T-junction,-33.808505,150.941614,Cumberland,Sydney metro. area,Syd-Newc-Woll Gtr conurbation,Straight,Steep grade,,,Nil,Sealed,Dry,Fine,Darkness,Nil,Give way sign,80 km/h,State,21,Right through,202,Opp - Right-thru,,Other angle,4 wheel drive / SUV,Car (sedan/hatch),2,0,0,1,1,5,May,Autumn,Friday,18:00 - 19:59,PM peak / evening commute,True,False,True,True
1358400,Injury,Moderate Injury,2024,2024,May,Wednesday,10:00 - 11:59,NEW SOUTH HEAD,RD,0,Right on the spot,OCEAN,ST,EDGECLIFF,173.0,No,Not a school zone,X-intersection,-33.879109,151.237523,Woollahra,Sydney metro. area,Syd-Newc-Woll Gtr conurbation,Straight,Steep grade,,,Off,Sealed,Dry,Fine,Daylight,On,No traffic controls,50 km/h,State,30,Rear end,301,Same - Rear end,,Rear end,Light truck,Light truck utility(from 2018),2,0,0,1,0,5,May,Autumn,Wednesday,10:00 - 11:59,Midday / afternoon,False,False,True,True
1358401,Injury,Serious Injury,2024,2024,April,Wednesday,22:00 - Midnight,MAIN,ST,0,Right on the spot,NUMBER 15,HN,CUNDLETOWN,7776.0,No,Not a school zone,2-way undivided,-31.89542,152.513909,Mid-Coast,Country urban,Rest of NSW - Urban,Straight,Foot/cycle path/nature strip,,,On,Sealed,Dry,Fine,Darkness,Nil,No traffic controls,60 km/h,Regional,71,Off rd left => obj,703,Left off cway into object,,Other angle,Car (sedan/hatch),Light truck,3,0,1,0,0,4,April,Autumn,Wednesday,22:00 - Midnight,Evening / night,False,False,True,True
1358406,Injury,Minor/Other Injury,2024,2024,March,Monday,10:00 - 11:59,THE COMENARRA,PKWY,500,West,KISSING POINT,RD,TURRAMURRA,7244.0,No,Not a school zone,2-way undivided,-33.745159,151.107484,Ku-ring-gai,Sydney metro. area,Syd-Newc-Woll Gtr conurbation,Straight,Steep grade,,,Off,Sealed,Dry,Fine,Daylight,Nil,No traffic controls,60 km/h,Regional,30,Rear end,301,Same - Rear end,,Rear end,4 wheel drive / SUV,Car (sedan/hatch),2,0,0,0,1,3,March,Autumn,Monday,10:00 - 11:59,Midday / afternoon,False,False,True,True
1358407,Injury,Serious Injury,2024,2024,May,Monday,14:00 - 15:59,NEWELL,HWY,30000,North,OXLEY,HWY,DANDRY,17.0,No,Not a school zone,2-way undivided,-30.99734,149.411568,Warrumbungle,Country non-urban,Rest of NSW - Rural,Straight,Steep grade,,Potholes/corrugations/rough,Nil,Sealed,Dry,Fine,Daylight,Nil,No traffic controls,110 km/h,State,70,Off road to left,701,Off carriageway to left,,Rollover,4 wheel drive / SUV,,1,0,1,0,0,5,May,Autumn,Monday,14:00 - 15:59,Midday / afternoon,False,False,True,True