crash_id,degree_of_crash,degree_of_crash_-_detailed,reporting_year,year_of_crash,month_of_crash,day_of_week_of_crash,two-hour_intervals,street_of_crash,street_type,distance,direction,identifying_feature,identifying_feature_type,town,route_no.,school_zone_location,school_zone_active,type_of_location,latitude,longitude,lga,urbanisation,conurbation_1,alignment,primary_permanent_feature,primary_temporary_feature,primary_hazardous_feature,street_lighting,road_surface,surface_condition,weather,natural_lighting,signals_operation,other_traffic_control,speed_limit,road_classification_(admin),rum_-_code,rum_-_description,dca_-_code,dca_-_description,dca_supplement,first_impact_type,key_tu_type,other_tu_type,no._of_traffic_units_involved,no._killed,no._seriously_injured,no._moderately_injured,no._minor-other_injured,month_num,month_label,season,day_label,time_label,time_band,is_peak_commute,is_fatal,is_injury,is_casualty
1358410,Injury,Moderate Injury,2024,2024,May,Monday,16:00 - 17:59,KINGS CROSS,RD,0,Right on the spot,VICTORIA,ST,DARLINGHURST,,No,Not a school zone,X-intersection,-33.875458,151.222084,Sydney,Sydney metro. area,Syd-Newc-Woll Gtr conurbation,Straight,,,,On,Sealed,Dry,Fine,Dusk,On,No traffic controls,50 km/h,Local,2,Ped far side,3,Ped - Far side,,Vehicle - Pedestrian,Light truck utility(from 2018),Pedestrian,2,0,0,1,0,5,May,Autumn,Monday,16:00 - 17:59,PM peak / evening commute,True,False,True,True
1358412,Injury,Moderate Injury,2024,2024,May,Saturday,16:00 - 17:59,PEEL,ST,0,Right on the spot,PIPER,ST,BATHURST,,Yes,No,X-intersection,-33.414871,149.56944,Bathurst Regional,Country urban,Rest of NSW - Urban,Straight,,,,On,Sealed,Dry,Fine,Dusk,Nil,Give way sign,50 km/h,Local,10,Cross traffic,101,Adj - Cross traffic,,Right angle,4 wheel drive / SUV,4 wheel drive / SUV,2,0,0,2,1,5,May,Autumn,Saturday,16:00 - 17:59,PM peak / evening commute,True,False,True,True
1358415,Injury,Moderate Injury,2024,2024,May,Thursday,10:00 - 11:59,HUME,HWY,500,North,CAMPBELLTOWN ROAD,TO,ST ANDREWS,2.0,No,Not a school zone,Dual freeway,-34.026097,150.824243,Campbelltown,Sydney metro. area,Syd-Newc-Woll Gtr conurbation,Straight,,,,Off,Sealed,Dry,Fine,Daylight,Nil,No traffic controls,110 km/h,State,30,Rear end,301,Same - Rear end,,Rear end,Light truck,Light truck,2,0,0,1,0,5,May,Autumn,Thursday,10:00 - 11:59,Midday / afternoon,False,False,True,True
1358417,Injury,Moderate Injury,2024,2024,May,Sunday,04:00 - 05:59,APPLEBY,LANE,2000,West,GIDLEY APPLEBY,RD,APPLEBY,,No,Not a school zone,2-way undivided,-30.972643,150.811733,Tamworth Regional,Country non-urban,Rest of NSW - Rural,Straight,,,,Nil,Sealed,Dry,Fine,Darkness,Nil,No traffic controls,100 km/h,Local,67,Struck animal,609,On path - Hit animal,,Vehicle - Animal,Car (sedan/hatch),,1,0,0,1,0,5,May,Autumn,Sunday,04:00 - 05:59,Late night / early morning,False,False,True,True
1358419,Injury,Serious Injury,2024,2024,May,Thursday,00:01 - 01:59,WONGA,RD,220,South,LODGE,RD,CREMORNE,,No,Not a school zone,1-way street,-33.820017,151.228064,North Sydney,Sydney metro. area,Syd-Newc-Woll Gtr conurbation,Curved,Embankment/cutting,,,On,Sealed,Dry,Fine,Darkness,Nil,No traffic controls,50 km/h,Local,81,Off left/rt bnd=>obj,803,Off right bend into obj,Left,Vehicle - Object,Motorcycle,,1,0,2,0,0,5,May,Autumn,Thursday,00:01 - 01:59,Late night / early morning,False,False,True,True
1358420,Injury,Minor/Other Injury,2024,2024,May,Saturday,16:00 - 17:59,CARLISLE,AVE,0,Right on the spot,WOODSTOCK,AVE,MOUNT DRUITT,629.0,No,Not a school zone,Roundabout,-33.756527,150.818827,Blacktown,Sydney metro. area,Syd-Newc-Woll Gtr conurbation,Curved,,,,Nil,Sealed,Dry,Fine,Daylight,Nil,Give way sign,60 km/h,State,10,Cross traffic,101,Adj - Cross traffic,,Right angle,Car (sedan/hatch),Car (sedan/hatch),2,0,0,0,1,5,May,Autumn,Saturday,16:00 - 17:59,PM peak / evening commute,True,False,True,True
1358422,Injury,Moderate Injury,2024,2024,June,Tuesday,08:00 - 09:59,PITT,ST,0,Right on the spot,MARTIN PLACE,OT,SYDNEY,,No,Not a school zone,1-way street,-33.867545,151.208461,Sydney,Sydney metro. area,Syd-Newc-Woll Gtr conurbation,Straight,Foot/cycle path/nature strip,,,Nil,Sealed,Dry,Fine,Daylight,On,Ped crossing,40 km/h,Local,0,Ped nearside,1,Ped - Near side,,Vehicle - Pedestrian,Pedal cycle,Pedestrian,2,0,0,1,1,6,June,Winter,Tuesday,08:00 - 09:59,AM peak / school commute,True,False,True,True
1358426,Injury,Moderate Injury,2024,2024,June,Saturday,04:00 - 05:59,BROADARROW,RD,10,West,BAUMANS,RD,RIVERWOOD,7012.0,No,Not a school zone,T-junction,-33.949835,151.061853,Canterbury-Bankstown,Sydney metro. area,Syd-Newc-Woll Gtr conurbation,Straight,Driveway/entrance,,,On,Sealed,Wet,Raining,Darkness,Nil,No traffic controls,50 km/h,Regional,85,Off rt/lft bnd=>obj,706,Left turn,Right,Other angle,Car (sedan/hatch),4 wheel drive / SUV,2,0,0,1,0,6,June,Winter,Saturday,04:00 - 05:59,Late night / early morning,False,False,True,True
1358427,Injury,Serious Injury,2024,2024,June,Thursday,08:00 - 09:59,PACIFIC,HWY,100,North,GOLD COAST HIGHWAY,OP,TWEED HEADS WEST,10.0,No,Not a school zone,Divided road,-28.179297,153.519976,Tweed,Country non-urban,Rest of NSW - Rural,Straight,,,,Nil,Sealed,Dry,Fine,Daylight,Nil,No traffic controls,100 km/h,State,33,Lane sideswipe,305,Same - Lane side swipe,,Other angle,4 wheel drive / SUV,4 wheel drive / SUV,2,0,1,0,0,6,June,Winter,Thursday,08:00 - 09:59,AM peak / school commute,True,False,True,True
1358428,Injury,Moderate Injury,2024,2024,May,Monday,14:00 - 15:59,RADLEY,PL,0,Right on the spot,NUMBER 14,HN,CHERRYBROOK,,No,Not a school zone,2-way undivided,-33.737311,151.038563,Hornsby,Sydney metro. area,Syd-Newc-Woll Gtr conurbation,Straight,Driveway/entrance,,,Nil,Sealed,Dry,Fine,Daylight,Nil,No traffic controls,50 km/h,Local,49,Other manoeuvring,400,Manov - other,,Other angle,Passenger van,Light truck,2,0,0,1,0,5,May,Autumn,Monday,14:00 - 15:59,Midday / afternoon,False,False,True,True
1358429,Injury,Moderate Injury,2024,2024,June,Friday,18:00 - 19:59,RYDE,RD,20,West,PACIFIC HIGHWAY,TO,PYMBLE,162.0,No,Not a school zone,Divided road,-33.751988,151.144379,Ku-ring-gai,Sydney metro. area,Syd-Newc-Woll Gtr conurbation,Curved,Steep grade,,,On,Sealed,Wet,Overcast,Darkness,Nil,No traffic controls,70 km/h,State,30,Rear end,301,Same - Rear end,,Rear end,Car (sedan/hatch),Car (sedan/hatch),3,0,0,1,0,6,June,Winter,Friday,18:00 - 19:59,PM peak / evening commute,True,False,True,True
1358430,Injury,Moderate Injury,2024,2024,March,Wednesday,08:00 - 09:59,HURSTVILLE,RD,0,Right on the spot,LANSDOWNE,ST,HURSTVILLE GROVE,,No,Not a school zone,Roundabout,-33.975683,151.093326,Georges River,Sydney metro. area,Syd-Newc-Woll Gtr conurbation,Straight,Spd hump/slow pt/chc,,,Off,Sealed,Dry,Fine,Daylight,Nil,Give way sign,50 km/h,Local,11,Right far,102,Adj - Right-thru from left,,Right angle,4 wheel drive / SUV,4 wheel drive / SUV,2,0,0,1,0,3,March,Autumn,Wednesday,08:00 - 09:59,AM peak / school commute,True,False,True,True
1358431,Injury,Serious Injury,2024,2024,May,Sunday,12:00 - 13:59,MONA VALE,RD,100,South,KITCHENER,ST,ST IVES,162.0,No,Not a school zone,Divided road,-33.71408,151.174114,Ku-ring-gai,Sydney metro. area,Syd-Newc-Woll Gtr conurbation,Straight,,,,Off,Sealed,Dry,Fine,Daylight,Nil,No traffic controls,60 km/h,State,30,Rear end,301,Same - Rear end,,Rear end,Motorcycle,Car (sedan/hatch),2,0,1,0,0,5,May,Autumn,Sunday,12:00 - 13:59,Midday / afternoon,False,False,True,True
1358432,Injury,Serious Injury,2024,2024,May,Wednesday,14:00 - 15:59,WAKEHURST,PKWY,130,West,ELANORA,RD,NORTH NARRABEEN,397.0,No,Not a school zone,2-way undivided,-33.7087,151.282672,Northern Beaches,Sydney metro. area,Syd-Newc-Woll Gtr conurbation,Straight,Painted double centre lines,,,Nil,Sealed,Dry,Fine,Daylight,Nil,No traffic controls,70 km/h,State,20,Head on,201,Opp - Head on,,Head-on,Passenger van,Car (sedan/hatch),2,0,1,0,1,5,May,Autumn,Wednesday,14:00 - 15:59,Midday / afternoon,False,False,True,True
1358433,Injury,Serious Injury,2024,2024,April,Monday,18:00 - 19:59,ALFORDS POINT,RD,0,Right on the spot,CLANCY,ST,PADSTOW HEIGHTS,190.0,No,Not a school zone,T-junction,-33.966281,151.033089,Canterbury-Bankstown,Sydney metro. area,Syd-Newc-Woll Gtr conurbation,Straight,,,,On,Sealed,Dry,Fine,Darkness,On,No traffic controls,50 km/h,State,13,Right near,104,Adj - Right-thru from right,,Right angle,Car (sedan/hatch),Car (sedan/hatch),3,0,2,0,0,4,April,Autumn,Monday,18:00 - 19:59,PM peak / evening commute,True,False,True,True
1358434,Injury,Moderate Injury,2024,2024,April,Saturday,14:00 - 15:59,POLDING,ST,0,Right on the spot,SMITHFIELD,RD,FAIRFIELD WEST,7220.0,No,Not a school zone,Roundabout,-33.860493,150.927487,Fairfield,Sydney metro. area,Syd-Newc-Woll Gtr conurbation,Straight,,,,Off,Sealed,Dry,Fine,Daylight,Nil,Give way sign,60 km/h,Regional,10,Cross traffic,101,Adj - Cross traffic,,Right angle,Car (sedan/hatch),Light truck utility(from 2018),2,0,0,1,1,4,April,Autumn,Saturday,14:00 - 15:59,Midday / afternoon,False,False,True,True
1358435,Injury,Moderate Injury,2024,2024,June,Saturday,10:00 - 11:59,GULARGAMBONE,RD,0,Right on the spot,HOTCHKISS,RD,BARADINE,,No,Not a school zone,T-junction,-30.958452,149.047836,Warrumbungle,Country non-urban,Rest of NSW - Rural,Straight,Driveway/entrance,,,Nil,Sealed,Dry,Fine,Daylight,Nil,No traffic controls,100 km/h,Local,47,Emerging from drive,406,Manov - Emerging from driveway,,Right angle,Light truck utility(from 2018),4 wheel drive / SUV,2,0,0,1,0,6,June,Winter,Saturday,10:00 - 11:59,Midday / afternoon,False,False,True,True
1358438,Injury,Serious Injury,2024,2024,April,Sunday,18:00 - 19:59,BUNDEENA,DR,1000,East,SIR BERTHAM STEVENS,DR,ROYAL NATIONAL PARK,,No,Not a school zone,2-way undivided,-34.122812,151.085442,Sutherland,Sydney metro. area,Syd-Newc-Woll Gtr conurbation,Curved,,,,Nil,Sealed,Dry,Fine,Darkness,Nil,No traffic controls,80 km/h,Local,81,Off left/rt bnd=>obj,803,Off right bend into obj,Left,Vehicle - Object,Motorcycle,,1,0,1,0,0,4,April,Autumn,Sunday,18:00 - 19:59,PM peak / evening commute,True,False,True,True
1358439,Injury,Serious Injury,2024,2024,May,Friday,18:00 - 19:59,WAMSLEY,ST,0,Right on the spot,DORA,ST,DORA CREEK,217.0,No,Not a school zone,T-junction,-33.083458,151.501622,Lake Macquarie,Newcastle met. area,Syd-Newc-Woll Gtr conurbation,Straight,,,,On,Sealed,Dry,Fine,Darkness,Nil,Stop sign,60 km/h,State,30,Rear end,301,Same - Rear end,,Rear end,4 wheel drive / SUV,Car (sedan/hatch),2,0,1,0,0,5,May,Autumn,Friday,18:00 - 19:59,PM peak / evening commute,True,False,True,True
1358441,Injury,Moderate Injury,2024,2024,June,Tuesday,06:00 - 07:59,PACIFIC,HWY,200,South,KENNEDY DRIVE,TO,TWEED HEADS,10.0,No,Not a school zone,Divided road,-28.190632,153.526557,Tweed,Country non-urban,Rest of NSW - Rural,Straight,,,,On,Sealed,Dry,Fine,Dawn,Nil,No traffic controls,100 km/h,State,73,Off rd rght => obj,704,Right off cway into obj,,Vehicle - Object,Passenger van,,1,0,0,1,0,6,June,Winter,Tuesday,06:00 - 07:59,AM peak / school commute,True,False,True,True
1358442,Injury,Moderate Injury,2024,2024,June,Friday,22:00 - Midnight,LAWRENCE HARGRAVE,DR,0,Right on the spot,PHILLIP,ST,THIRROUL,185.0,No,Not a school zone,T-junction,-34.317716,150.916962,Wollongong,Wollongong met. area,Syd-Newc-Woll Gtr conurbation,Curved,,,,On,Sealed,Dry,Fine,Darkness,On,No traffic controls,50 km/h,State,81,Off left/rt bnd=>obj,803,Off right bend into obj,Left,Vehicle - Object,4 wheel drive / SUV,,1,0,0,1,0,6,June,Winter,Friday,22:00 - Midnight,Evening / night,False,False,True,True
1358447,Injury,Serious Injury,2024,2024,June,Saturday,06:00 - 07:59,BINGARA,RD,0,Right on the spot,LILLIS,LANE,BARRABA,63.0,No,Not a school zone,T-junction,-30.37111,150.607582,Tamworth Regional,Country urban,Rest of NSW - Urban,Straight,,,,Nil,Sealed,Wet,Raining,Dawn,Nil,Give way sign,60 km/h,State,71,Off rd left => obj,703,Left off cway into object,,Vehicle - Object,Utility,,1,0,1,0,0,6,June,Winter,Saturday,06:00 - 07:59,AM peak / school commute,True,False,True,True
1358449,Injury,Serious Injury,2024,2024,May,Wednesday,08:00 - 09:59,TALLAWONG,RD,0,Right on the spot,THEMEDA,AVE,TALLAWONG,,No,Not a school zone,X-intersection,-33.693387,150.902089,Blacktown,Sydney metro. area,Syd-Newc-Woll Gtr conurbation,Straight,,,,Off,Sealed,Dry,Fine,Daylight,On,No traffic controls,60 km/h,Local,21,Right through,202,Opp - Right-thru,,Other angle,4 wheel drive / SUV,4 wheel drive / SUV,2,0,1,0,0,5,May,Autumn,Wednesday,08:00 - 09:59,AM peak / school commute,True,False,True,True
1358453,Injury,Serious Injury,2024,2024,May,Thursday,14:00 - 15:59,RICHMOND,RD,500,East,THE NORTHERN,RD,BERKSHIRE PARK,537.0,No,Not a school zone,2-way undivided,-33.645323,150.789246,Penrith,Sydney metro. area,Syd-Newc-Woll Gtr conurbation,Straight,,,,Nil,Sealed,Dry,Fine,Daylight,Nil,No traffic controls,80 km/h,State,30,Rear end,301,Same - Rear end,,Rear end,Light truck utility(from 2018),B-double (road train prior 98),2,0,1,0,0,5,May,Autumn,Thursday,14:00 - 15:59,Midday / afternoon,False,False,True,True
1358454,Injury,Serious Injury,2024,2024,June,Saturday,16:00 - 17:59,EDGAR,ST,0,Right on the spot,MARION,ST,BANKSTOWN,7120.0,No,Not a school zone,X-intersection,-33.916108,151.014042,Canterbury-Bankstown,Sydney metro. area,Syd-Newc-Woll Gtr conurbation,Straight,,,,On,Sealed,Wet,Raining,Dusk,On,No traffic controls,60 km/h,Regional,21,Right through,202,Opp - Right-thru,,Other angle,Passenger van,Car (sedan/hatch),2,0,1,1,0,6,June,Winter,Saturday,16:00 - 17:59,PM peak / evening commute,True,False,True,True
1358455,Injury,Serious Injury,2024,2024,June,Tuesday,10:00 - 11:59,NEWCASTLE,EXP,1780,North,PACIFIC HIGHWAY,OP,BAR POINT,6003.0,No,Not a school zone,Dual freeway,-33.515125,151.193649,Central Coast,Country non-urban,Syd-Newc-Woll Gtr conurbation,Straight,,,,Nil,Sealed,Dry,Fine,Daylight,Nil,No traffic controls,100 km/h,State,35,Lane change left,307,Same - Lane change left,,Other angle,4 wheel drive / SUV,Car (sedan/hatch),5,0,1,1,1,6,June,Winter,Tuesday,10:00 - 11:59,Midday / afternoon,False,False,True,True
1358457,Injury,Serious Injury,2024,2024,June,Thursday,18:00 - 19:59,ADDISON,RD,0,Right on the spot,ILLAWARRA,ST,MARRICKVILLE,7018.0,No,Not a school zone,X-intersection,-33.902277,151.163482,Inner West,Sydney metro. area,Syd-Newc-Woll Gtr conurbation,Straight,,,,On,Sealed,Wet,Raining,Darkness,On,Ped crossing,50 km/h,Regional,2,Ped far side,3,Ped - Far side,,Vehicle - Pedestrian,Car (sedan/hatch),Pedestrian,2,0,1,0,0,6,June,Winter,Thursday,18:00 - 19:59,PM peak / evening commute,True,False,True,True
1358458,Injury,Serious Injury,2024,2024,June,Saturday,22:00 - Midnight,STONEY CREEK,RD,50,East,CAROLINE,ST,KINGSGROVE,665.0,Yes,No,2-way undivided,-33.949047,151.106116,Bayside,Sydney metro. area,Syd-Newc-Woll Gtr conurbation,Straight,Driveway/entrance,,,On,Sealed,Wet,Raining,Darkness,Nil,No traffic controls,60 km/h,State,47,Emerging from drive,406,Manov - Emerging from driveway,,Right angle,4 wheel drive / SUV,Car (sedan/hatch),2,0,1,0,0,6,June,Winter,Saturday,22:00 - Midnight,Evening / night,False,False,True,True
1358462,Injury,Serious Injury,2024,2024,June,Wednesday,18:00 - 19:59,WYRALLAH,RD,0,Right on the spot,BROADWATER,RD,EAST CORAKI,7742.0,No,Not a school zone,T-junction,-29.000963,153.343117,Lismore,Country non-urban,Rest of NSW - Rural,Straight,Embankment/cutting,,,Nil,Sealed,Dry,Fog or mist,Darkness,Nil,Give way sign,100 km/h,Regional,75,Off end of road,709,Off end cway or T junct,,Vehicle - Object,Station wagon,,1,0,2,1,0,6,June,Winter,Wednesday,18:00 - 19:59,PM peak / evening commute,True,False,True,True
1358463,Injury,Moderate Injury,2024,2024,June,Thursday,08:00 - 09:59,PACIFIC,HWY,100,North,TYAGARAH REST AREA,ENT,TYAGARAH,10.0,No,Not a school zone,Divided road,-28.59803,153.544724,Byron,Country non-urban,Rest of NSW - Rural,Straight,,,,Off,Sealed,Dry,Fine,Daylight,Nil,No traffic controls,100 km/h,State,30,Rear end,301,Same - Rear end,,Rear end,Motorcycle,Station wagon,2,0,0,1,0,6,June,Winter,Thursday,08:00 - 09:59,AM peak / school commute,True,False,True,True
1358464,Injury,Serious Injury,2024,2024,June,Tuesday,06:00 - 07:59,JOYNTON,AVE,50,North,HANSARD,ST,ZETLAND,,No,Not a school zone,2-way undivided,-33.909527,151.206464,Sydney,Sydney metro. area,Syd-Newc-Woll Gtr conurbation,Straight,Bus stop,,,On,Sealed,Dry,Fine,Dawn,Nil,No traffic controls,40 km/h,Local,1,Ped emerging,2,Ped - emerging,,Vehicle - Pedestrian,4 wheel drive / SUV,Pedestrian,2,0,1,0,0,6,June,Winter,Tuesday,06:00 - 07:59,AM peak / school commute,True,False,True,True
1358471,Injury,Serious Injury,2024,2024,June,Wednesday,10:00 - 11:59,HUME,HWY,1000,South,HUME HIGHWAY,OP,CLAYMORE,2.0,No,Not a school zone,Dual freeway,-34.042863,150.820876,Campbelltown,Sydney metro. area,Syd-Newc-Woll Gtr conurbation,Curved,,,,Nil,Sealed,Dry,Fine,Daylight,Nil,No traffic controls,110 km/h,State,34,Lane change right,306,Same - Lane change right,,Other angle,Station wagon,4 wheel drive / SUV,2,0,1,1,0,6,June,Winter,Wednesday,10:00 - 11:59,Midday / afternoon,False,False,True,True
1358476,Injury,Moderate Injury,2024,2024,July,Tuesday,06:00 - 07:59,CANTERBURY,RD,0,Right on the spot,BURWOOD,RD,BELMORE,167.0,Yes,No,T-junction,-33.924148,151.091089,Canterbury-Bankstown,Sydney metro. area,Syd-Newc-Woll Gtr conurbation,Straight,,,,Off,Sealed,Wet,Overcast,Daylight,On,No traffic controls,60 km/h,State,35,Lane change left,307,Same - Lane change left,,Other angle,Car (sedan/hatch),Light truck utility(from 2018),2,0,0,1,1,7,July,Winter,Tuesday,06:00 - 07:59,AM peak / school commute,True,False,True,True
1358483,Injury,Moderate Injury,2024,2024,April,Monday,18:00 - 19:59,GREAT WESTERN,HWY,0,Right on the spot,DELHI,ST,LIDCOMBE,5.0,No,Not a school zone,T-junction,-33.851258,151.054551,Cumberland,Sydney metro. area,Syd-Newc-Woll Gtr conurbation,Straight,,,,Unknown / not stated,Sealed,Unknown,Unknown,Dusk,Nil,No traffic controls,60 km/h,State,13,Right near,104,Adj - Right-thru from right,,Right angle,Car (sedan/hatch),Passenger van,2,0,0,1,0,4,April,Autumn,Monday,18:00 - 19:59,PM peak / evening commute,True,False,True,True
1358486,Injury,Moderate Injury,2024,2024,June,Thursday,16:00 - 17:59,ALGONA,AVE,0,Right on the spot,NUMBER 11,HN,KINCUMBER,,No,Not a school zone,2-way undivided,-33.468522,151.378357,Central Coast,Country urban,Syd-Newc-Woll Gtr conurbation,Straight,Driveway/entrance,,,Nil,Sealed,Dry,Fine,Daylight,Nil,No traffic controls,50 km/h,Local,47,Emerging from drive,406,Manov - Emerging from driveway,,Right angle,Station wagon,Motorcycle,2,0,0,2,0,6,June,Winter,Thursday,16:00 - 17:59,PM peak / evening commute,True,False,True,True
1358489,Injury,Serious Injury,2024,2024,July,Monday,12:00 - 13:59,HERITAGE PARK,DR,0,Right on the spot,NUMBER 8,HN,CASTLE HILL,,No,Not a school zone,2-way undivided,-33.722016,151.014377,The Hills,Sydney metro. area,Syd-Newc-Woll Gtr conurbation,Curved,Steep grade,,,Nil,Sealed,Dry,Fine,Daylight,Nil,No traffic controls,50 km/h,Local,81,Off left/rt bnd=>obj,803,Off right bend into obj,Left,Vehicle - Object,Large rigid,,1,0,1,0,0,7,July,Winter,Monday,12:00 - 13:59,Midday / afternoon,False,False,True,True
1358493,Injury,Moderate Injury,2024,2024,July,Monday,08:00 - 09:59,JAMBOREE,AVE,0,Right on the spot,NUMBER 77,HN,LEPPINGTON,,No,Not a school zone,2-way undivided,-33.980133,150.809416,Camden,Sydney metro. area,Syd-Newc-Woll Gtr conurbation,Straight,,,,Nil,Sealed,Dry,Fine,Daylight,Nil,No traffic controls,50 km/h,Local,74,On road-out of cont.,705,Out of control on cway,,Rollover,Car (sedan/hatch),,1,0,0,1,0,7,July,Winter,Monday,08:00 - 09:59,AM peak / school commute,True,False,True,True
1358495,Injury,Moderate Injury,2024,2024,July,Thursday,20:00 - 21:59,STURT,HWY,0,Right on the spot,BEST,ST,WAGGA WAGGA,14.0,Yes,No,X-intersection,-35.118502,147.365836,Wagga Wagga,Country urban,Rest of NSW - Urban,Straight,,,,Unknown / not stated,Sealed,Unknown,Unknown,Daylight,On,No traffic controls,60 km/h,State,21,Right through,202,Opp - Right-thru,,Other angle,Car (sedan/hatch),Station wagon,2,0,0,1,0,7,July,Winter,Thursday,20:00 - 21:59,Evening / night,False,False,True,True
1358498,Injury,Moderate Injury,2024,2024,July,Thursday,12:00 - 13:59,TOWNSON,AVE,0,Right on the spot,MINTO GARDENS RETIREMENT VILLAGE,ENT,MINTO,,No,Not a school zone,2-way undivided,-34.042071,150.846431,Campbelltown,Sydney metro. area,Syd-Newc-Woll Gtr conurbation,Straight,Steep grade,,,Off,Sealed,Dry,Fine,Daylight,Nil,No traffic controls,50 km/h,Local,47,Emerging from drive,406,Manov - Emerging from driveway,,Right angle,Car (sedan/hatch),Car (sedan/hatch),2,0,0,1,0,7,July,Winter,Thursday,12:00 - 13:59,Midday / afternoon,False,False,True,True
1358499,Injury,Moderate Injury,2024,2024,July,Tuesday,14:00 - 15:59,PITTWATER,RD,0,Right on the spot,ALEXANDER,ST,COLLAROY,164.0,No,Not a school zone,T-junction,-33.732762,151.301455,Northern Beaches,Sydney metro. area,Syd-Newc-Woll Gtr conurbation,Straight,Bus/transit lane,,,Nil,Sealed,Dry,Fine,Daylight,Nil,Give way sign,60 km/h,State,30,Rear end,301,Same - Rear end,,Rear end,4 wheel drive / SUV,Pedal cycle,2,0,0,1,0,7,July,Winter,Tuesday,14:00 - 15:59,Midday / afternoon,False,False,True,True
1358500,Injury,Serious Injury,2024,2024,June,Wednesday,14:00 - 15:59,KINGSWAY,MS,0,Right on the spot,MANCHESTER,RD,GYMEA,227.0,No,Not a school zone,T-junction,-34.03288,151.08908,Sutherland,Sydney metro. area,Syd-Newc-Woll Gtr conurbation,Curved,,,,Off,Sealed,Wet,Overcast,Daylight,On,No traffic controls,60 km/h,State,21,Right through,202,Opp - Right-thru,,Other angle,4 wheel drive / SUV,Car (sedan/hatch),2,0,1,0,0,6,June,Winter,Wednesday,14:00 - 15:59,Midday / afternoon,False,False,True,True
1358501,Injury,Serious Injury,2024,2024,July,Sunday,08:00 - 09:59,SOUTHERN VIEW,DR,0,Right on the spot,WESTERN VIEW,DR,WEST ALBURY,,No,Not a school zone,T-junction,-36.075204,146.884931,Albury,Country urban,Rest of NSW - Urban,Curved,,,,Off,Sealed,Dry,Fine,Daylight,Nil,No traffic controls,50 km/h,Local,87,Off lft/lft bnd=>obj,804,Off left bend into obj,Left,Other angle,Car (sedan/hatch),Light truck utility(from 2018),2,0,1,0,0,7,July,Winter,Sunday,08:00 - 09:59,AM peak / school commute,True,False,True,True
1358504,Injury,Serious Injury,2024,2024,July,Tuesday,20:00 - 21:59,DAY,ST,0,Right on the spot,ROBERT,ST,WYOMING,,No,Not a school zone,T-junction,-33.402898,151.355886,Central Coast,Country urban,Syd-Newc-Woll Gtr conurbation,Straight,Steep grade,,,Nil,Sealed,Dry,Fine,Darkness,Nil,Give way sign,50 km/h,Local,0,Ped nearside,1,Ped - Near side,,Vehicle - Pedestrian,Light truck,Pedestrian,2,0,1,0,0,7,July,Winter,Tuesday,20:00 - 21:59,Evening / night,False,False,True,True
1358507,Injury,Moderate Injury,2024,2024,July,Thursday,16:00 - 17:59,PRINCES,HWY,0,Right on the spot,GANNON,ST,TEMPE,1.0,No,Not a school zone,T-junction,-33.925077,151.160463,Inner West,Sydney metro. area,Syd-Newc-Woll Gtr conurbation,Straight,,,,Off,Sealed,Dry,Fine,Daylight,On,No traffic controls,60 km/h,State,30,Rear end,301,Same - Rear end,,Rear end,4 wheel drive / SUV,Motorcycle,2,0,0,1,0,7,July,Winter,Thursday,16:00 - 17:59,PM peak / evening commute,True,False,True,True
1358512,Injury,Moderate Injury,2024,2024,July,Wednesday,18:00 - 19:59,APPLETREE,RD,0,Right on the spot,EARL,ST,HOLMESVILLE,,No,Not a school zone,T-junction,-32.914388,151.581998,Lake Macquarie,Newcastle met. area,Syd-Newc-Woll Gtr conurbation,Straight,,,,On,Sealed,Dry,Fine,Darkness,Nil,Give way sign,50 km/h,Local,75,Off end of road,709,Off end cway or T junct,,Vehicle - Object,Car (sedan/hatch),,1,0,0,1,0,7,July,Winter,Wednesday,18:00 - 19:59,PM peak / evening commute,True,False,True,True
1358515,Injury,Serious Injury,2024,2024,July,Saturday,18:00 - 19:59,CARRINGTON,RD,0,Right on the spot,BIRRELL,ST,BONDI JUNCTION,660.0,No,Not a school zone,X-intersection,-33.896509,151.254399,Waverley,Sydney metro. area,Syd-Newc-Woll Gtr conurbation,Straight,,,,On,Sealed,Dry,Fine,Darkness,On,No traffic controls,50 km/h,State,21,Right through,202,Opp - Right-thru,,Other angle,Motorcycle,Motor scooter,2,0,1,0,1,7,July,Winter,Saturday,18:00 - 19:59,PM peak / evening commute,True,False,True,True
1358517,Injury,Moderate Injury,2024,2024,June,Friday,10:00 - 11:59,M2 HILLS,EXP,400,East,BEECROFT ROAD,OP,EPPING,6002.0,No,Not a school zone,Dual freeway,-33.764209,151.083818,Parramatta,Sydney metro. area,Syd-Newc-Woll Gtr conurbation,Straight,,,,On,Sealed,Dry,Fine,Daylight,Nil,No traffic controls,100 km/h,State,30,Rear end,301,Same - Rear end,,Rear end,Light truck,Car (sedan/hatch),2,0,0,1,0,6,June,Winter,Friday,10:00 - 11:59,Midday / afternoon,False,False,True,True
1358518,Injury,Serious Injury,2024,2024,July,Tuesday,02:00 - 03:59,PACIFIC,HWY,4155,South,HASTING RIVER DRIVE,OP,SANCROX,10.0,No,Not a school zone,Divided road,-31.428232,152.822802,Port Macquarie-Hastings,Country non-urban,Rest of NSW - Rural,Straight,,,,Nil,Sealed,Dry,Fine,Darkness,Nil,No traffic controls,110 km/h,State,71,Off rd left => obj,703,Left off cway into object,,Other angle,B-double (road train prior 98),B-double (road train prior 98),2,0,1,0,0,7,July,Winter,Tuesday,02:00 - 03:59,Late night / early morning,False,False,True,True