crash_id,degree_of_crash,degree_of_crash_-_detailed,reporting_year,year_of_crash,month_of_crash,day_of_week_of_crash,two-hour_intervals,street_of_crash,street_type,distance,direction,identifying_feature,identifying_feature_type,town,route_no.,school_zone_location,school_zone_active,type_of_location,latitude,longitude,lga,urbanisation,conurbation_1,alignment,primary_permanent_feature,primary_temporary_feature,primary_hazardous_feature,street_lighting,road_surface,surface_condition,weather,natural_lighting,signals_operation,other_traffic_control,speed_limit,road_classification_(admin),rum_-_code,rum_-_description,dca_-_code,dca_-_description,dca_supplement,first_impact_type,key_tu_type,other_tu_type,no._of_traffic_units_involved,no._killed,no._seriously_injured,no._moderately_injured,no._minor-other_injured,month_num,month_label,season,day_label,time_label,time_band,is_peak_commute,is_fatal,is_injury,is_casualty
1358521,Injury,Minor/Other Injury,2024,2024,July,Wednesday,12:00 - 13:59,CHOWAN CREEK,RD,0,Right on the spot,NUMBER 333,HN,CHOWAN CREEK,,No,Not a school zone,2-way undivided,-28.448393,153.371833,Tweed,Country non-urban,Rest of NSW - Rural,Curved,Narrow roadway,,,Nil,Unsealed,Dry,Fine,Daylight,Nil,No traffic controls,100 km/h,Local,4,Ped walk with,5,Ped - Walking with traffic,,Vehicle - Pedestrian,Light truck utility(from 2018),Pedestrian,2,0,0,0,1,7,July,Winter,Wednesday,12:00 - 13:59,Midday / afternoon,False,False,True,True
1358522,Injury,Serious Injury,2024,2024,July,Sunday,18:00 - 19:59,PIRRAMA,RD,0,Right on the spot,STAR CITY CASINO,ENT,PYRMONT,,No,Not a school zone,2-way undivided,-33.868324,151.196491,Sydney,Sydney metro. area,Syd-Newc-Woll Gtr conurbation,Curved,Driveway/entrance,,,On,Sealed,Dry,Fine,Darkness,On,No traffic controls,40 km/h,Local,83,Off rt/rt bnd=>obj,803,Off right bend into obj,Right,Vehicle - Object,Motorcycle,,1,0,1,0,0,7,July,Winter,Sunday,18:00 - 19:59,PM peak / evening commute,True,False,True,True
1358524,Injury,Moderate Injury,2024,2024,May,Monday,22:00 - Midnight,BOWDEN,ST,130,South,BAY,DR,MEADOWBANK,,No,Not a school zone,1-way street,-33.820843,151.089927,Ryde,Sydney metro. area,Syd-Newc-Woll Gtr conurbation,Curved,,,,Nil,Sealed,Wet,Raining,Darkness,Nil,No traffic controls,50 km/h,Local,81,Off left/rt bnd=>obj,803,Off right bend into obj,Left,Vehicle - Object,Car (sedan/hatch),,1,0,0,1,0,5,May,Autumn,Monday,22:00 - Midnight,Evening / night,False,False,True,True
1358526,Injury,Moderate Injury,2024,2024,July,Monday,06:00 - 07:59,HUME,HWY,0,Right on the spot,REILLY,ST,LIVERPOOL,2.0,No,Not a school zone,X-intersection,-33.934569,150.915777,Liverpool,Sydney metro. area,Syd-Newc-Woll Gtr conurbation,Straight,,,,Nil,Sealed,Dry,Fine,Daylight,On,No traffic controls,60 km/h,State,2,Ped far side,3,Ped - Far side,,Vehicle - Pedestrian,Light truck,Pedestrian,2,0,0,1,0,7,July,Winter,Monday,06:00 - 07:59,AM peak / school commute,True,False,True,True
1358530,Injury,Serious Injury,2024,2024,July,Thursday,12:00 - 13:59,THE MCGRANE,WAY,200,North,STRATHALLYN,LANE,NARROMINE,354.0,No,Not a school zone,2-way undivided,-32.43599,147.999995,Narromine,Country non-urban,Rest of NSW - Rural,Curved,,,,Nil,Sealed,Dry,Fine,Daylight,Nil,No traffic controls,100 km/h,Regional,81,Off left/rt bnd=>obj,803,Off right bend into obj,Left,Vehicle - Object,Motorcycle,,1,0,1,0,0,7,July,Winter,Thursday,12:00 - 13:59,Midday / afternoon,False,False,True,True
1358531,Injury,Serious Injury,2024,2024,July,Monday,04:00 - 05:59,DUNHEVED,RD,0,Right on the spot,NUMBER 21,HN,CAMBRIDGE GARDENS,,No,Not a school zone,2-way undivided,-33.743101,150.721002,Penrith,Sydney metro. area,Syd-Newc-Woll Gtr conurbation,Straight,,,,On,Sealed,Dry,Fine,Darkness,Nil,No traffic controls,50 km/h,Local,4,Ped walk with,5,Ped - Walking with traffic,,Vehicle - Pedestrian,Station wagon,Pedestrian,2,0,1,0,0,7,July,Winter,Monday,04:00 - 05:59,Late night / early morning,False,False,True,True
1358532,Injury,Minor/Other Injury,2024,2024,July,Sunday,18:00 - 19:59,DACEY,AVE,150,East,SOUTH DOWLING,ST,MOORE PARK,528.0,No,Not a school zone,2-way undivided,-33.901038,151.216743,Sydney,Sydney metro. area,Syd-Newc-Woll Gtr conurbation,Straight,,,,On,Sealed,Dry,Fine,Darkness,Nil,No traffic controls,50 km/h,State,39,Other same direction,300,Same - other,,Other angle,Unknown motor vehicle,Pedal cycle,2,0,0,0,1,7,July,Winter,Sunday,18:00 - 19:59,PM peak / evening commute,True,False,True,True
1358533,Injury,Serious Injury,2024,2024,July,Monday,16:00 - 17:59,OBLEY,RD,325,South,BELLEVUE,RD,DUBBO,,No,Not a school zone,2-way undivided,-32.370171,148.581345,Dubbo Regional,Country non-urban,Rest of NSW - Rural,Straight,Driveway/entrance,,,Nil,Sealed,Dry,Fine,Daylight,Nil,No traffic controls,100 km/h,Local,71,Off rd left => obj,703,Left off cway into object,,Vehicle - Object,Light truck,,1,0,1,0,0,7,July,Winter,Monday,16:00 - 17:59,PM peak / evening commute,True,False,True,True
1358535,Injury,Moderate Injury,2024,2024,July,Saturday,12:00 - 13:59,WILBERFORCE,RD,1800,South,KING,RD,WILBERFORCE,182.0,No,Not a school zone,2-way undivided,-33.577352,150.835144,Hawkesbury,Country urban,Syd-Newc-Woll Gtr conurbation,Straight,,,Other hazardous feature,Nil,Sealed,Dry,Unknown,Daylight,Nil,No traffic controls,80 km/h,State,20,Head on,201,Opp - Head on,,Head-on,Car (sedan/hatch),Light truck utility(from 2018),3,0,0,1,0,7,July,Winter,Saturday,12:00 - 13:59,Midday / afternoon,False,False,True,True
1358536,Injury,Serious Injury,2024,2024,June,Sunday,14:00 - 15:59,PRINCES,HWY,100,South,OLIVER,ST,HEATHCOTE,1.0,No,Not a school zone,Divided road,-34.088388,151.006621,Sutherland,Sydney metro. area,Syd-Newc-Woll Gtr conurbation,Straight,,,,Off,Sealed,Dry,Fine,Daylight,Nil,No traffic controls,60 km/h,State,2,Ped far side,3,Ped - Far side,,Vehicle - Pedestrian,4 wheel drive / SUV,Pedestrian,2,0,1,0,0,6,June,Winter,Sunday,14:00 - 15:59,Midday / afternoon,False,False,True,True
1358538,Injury,Minor/Other Injury,2024,2024,July,Thursday,20:00 - 21:59,MARION,ST,0,Right on the spot,NORTON,ST,LEICHHARDT,2013.0,Yes,No,X-intersection,-33.883791,151.157064,Inner West,Sydney metro. area,Syd-Newc-Woll Gtr conurbation,Straight,,,,On,Sealed,Dry,Fine,Darkness,On,No traffic controls,50 km/h,Regional,74,On road-out of cont.,705,Out of control on cway,,Rollover,Motor scooter,,1,0,0,0,1,7,July,Winter,Thursday,20:00 - 21:59,Evening / night,False,False,True,True
1358539,Injury,Moderate Injury,2024,2024,July,Sunday,04:00 - 05:59,PITTWATER,RD,0,Right on the spot,NUMBER 1011,HN,COLLAROY,164.0,No,Not a school zone,Divided road,-33.737731,151.302482,Northern Beaches,Sydney metro. area,Syd-Newc-Woll Gtr conurbation,Straight,,,,On,Sealed,Dry,Fine,Darkness,Nil,No traffic controls,60 km/h,State,71,Off rd left => obj,703,Left off cway into object,,Other angle,Pedal cycle,Car (sedan/hatch),2,0,0,1,0,7,July,Winter,Sunday,04:00 - 05:59,Late night / early morning,False,False,True,True
1358540,Injury,Moderate Injury,2024,2024,July,Monday,18:00 - 19:59,THE CRESCENT,MS,0,Right on the spot,NELSON,ST,ANNANDALE,666.0,No,Not a school zone,Roundabout,-33.876497,151.176195,Sydney,Sydney metro. area,Syd-Newc-Woll Gtr conurbation,Curved,,,,Off,Sealed,Dry,Fine,Darkness,Nil,Give way sign,50 km/h,State,21,Right through,202,Opp - Right-thru,,Other angle,Pedal cycle,Car (sedan/hatch),2,0,0,1,0,7,July,Winter,Monday,18:00 - 19:59,PM peak / evening commute,True,False,True,True
1358541,Injury,Moderate Injury,2024,2024,July,Saturday,08:00 - 09:59,JUBILEE,AVE,0,Right on the spot,PONDEROSA,PDE,WARRIEWOOD,,No,Not a school zone,Roundabout,-33.678513,151.288673,Northern Beaches,Sydney metro. area,Syd-Newc-Woll Gtr conurbation,Straight,,,,Nil,Sealed,Dry,Fine,Daylight,Nil,Give way sign,50 km/h,Local,10,Cross traffic,101,Adj - Cross traffic,,Right angle,Car (sedan/hatch),Pedal cycle,2,0,0,1,0,7,July,Winter,Saturday,08:00 - 09:59,AM peak / school commute,True,False,True,True
1358543,Injury,Moderate Injury,2024,2024,March,Saturday,16:00 - 17:59,ARCHER,ST,0,Right on the spot,WILLIAM,ST,ROSEVILLE,7490.0,No,Not a school zone,X-intersection,-33.788475,151.182137,Willoughby,Sydney metro. area,Syd-Newc-Woll Gtr conurbation,Straight,Steep grade,,,Off,Sealed,Dry,Fine,Daylight,Nil,Stop sign,50 km/h,Regional,10,Cross traffic,101,Adj - Cross traffic,,Right angle,4 wheel drive / SUV,Car (sedan/hatch),2,0,0,1,0,3,March,Autumn,Saturday,16:00 - 17:59,PM peak / evening commute,True,False,True,True
1358547,Injury,Serious Injury,2024,2024,July,Monday,02:00 - 03:59,DURI,RD,1000,South,BURGMANNS,LANE,WARRAL,130.0,No,Not a school zone,2-way undivided,-31.146552,150.876193,Tamworth Regional,Country non-urban,Rest of NSW - Rural,Straight,B'down lane/road shldr,,,Nil,Sealed,Dry,Fine,Darkness,Nil,No traffic controls,100 km/h,Regional,71,Off rd left => obj,703,Left off cway into object,,Vehicle - Object,Light truck,,1,0,1,1,0,7,July,Winter,Monday,02:00 - 03:59,Late night / early morning,False,False,True,True
1358549,Injury,Moderate Injury,2024,2024,July,Monday,16:00 - 17:59,HAMILTON,ST,0,Right on the spot,HOBART,ST,RIVERSTONE,,No,Not a school zone,X-intersection,-33.665969,150.864211,Blacktown,Sydney metro. area,Syd-Newc-Woll Gtr conurbation,Straight,,,,Off,Sealed,Dry,Fine,Daylight,Nil,Give way sign,50 km/h,Local,36,Right turn sideswipe,308,Same - Rgt turn side swipe,,Other angle,Motorcycle,4 wheel drive / SUV,2,0,0,2,0,7,July,Winter,Monday,16:00 - 17:59,PM peak / evening commute,True,False,True,True
1358552,Injury,Serious Injury,2024,2024,June,Tuesday,18:00 - 19:59,MANNING RIVER,DR,150,North,BIRIPI,WAY,TAREE SOUTH,7776.0,No,Not a school zone,Divided road,-31.933439,152.466508,Mid-Coast,Country urban,Rest of NSW - Urban,Straight,,,,On,Sealed,Dry,Fine,Darkness,Nil,No traffic controls,70 km/h,Regional,20,Head on,201,Opp - Head on,,Head-on,Light truck utility(from 2018),4 wheel drive / SUV,2,0,2,1,0,6,June,Winter,Tuesday,18:00 - 19:59,PM peak / evening commute,True,False,True,True
1358555,Injury,Serious Injury,2024,2024,May,Wednesday,06:00 - 07:59,NOORINAN,ST,0,Right on the spot,SHOALHAVEN,ST,KIAMA,,No,Not a school zone,X-intersection,-34.673773,150.851689,Kiama,Country urban,Rest of NSW - Urban,Straight,Steep grade,,,Off,Sealed,Dry,Fine,Dawn,Nil,Give way sign,50 km/h,Local,0,Ped nearside,1,Ped - Near side,,Vehicle - Pedestrian,4 wheel drive / SUV,Pedestrian,2,0,1,0,0,5,May,Autumn,Wednesday,06:00 - 07:59,AM peak / school commute,True,False,True,True
1358557,Injury,Serious Injury,2024,2024,July,Sunday,16:00 - 17:59,COLO HEIGHTS,RD,1150,North,UPPER COLO,RD,UPPER COLO,,No,Not a school zone,2-way undivided,-33.410458,150.732083,Hawkesbury,Country urban,Syd-Newc-Woll Gtr conurbation,Curved,Narrow roadway,,,Nil,Unsealed,Dry,Fine,Dusk,Nil,No traffic controls,50 km/h,Local,20,Head on,201,Opp - Head on,,Head-on,Motorcycle,Motorcycle,2,0,1,1,0,7,July,Winter,Sunday,16:00 - 17:59,PM peak / evening commute,True,False,True,True
1358559,Injury,Serious Injury,2024,2024,July,Saturday,16:00 - 17:59,OCEAN,PDE,0,Right on the spot,OCEAN PARK HOLIDAY APARTMENTS,ENT,COFFS HARBOUR,,No,Not a school zone,2-way undivided,-30.287472,153.138313,Coffs Harbour,Country urban,Rest of NSW - Urban,Straight,Driveway/entrance,,,Nil,Sealed,Dry,Fine,Daylight,Nil,No traffic controls,50 km/h,Local,47,Emerging from drive,406,Manov - Emerging from driveway,,Right angle,Car (sedan/hatch),Motorcycle,2,0,1,0,0,7,July,Winter,Saturday,16:00 - 17:59,PM peak / evening commute,True,False,True,True
1358561,Injury,Moderate Injury,2024,2024,May,Wednesday,14:00 - 15:59,REGENT,ST,100,South,REDFERN,ST,REDFERN,170.0,No,Not a school zone,1-way street,-33.893079,151.200128,Sydney,Sydney metro. area,Syd-Newc-Woll Gtr conurbation,Straight,,,,On,Sealed,Wet,Raining,Daylight,Nil,No traffic controls,50 km/h,State,34,Lane change right,306,Same - Lane change right,,Other angle,Car (sedan/hatch),Motorcycle,2,0,0,1,0,5,May,Autumn,Wednesday,14:00 - 15:59,Midday / afternoon,False,False,True,True
1358562,Injury,Moderate Injury,2024,2024,June,Thursday,10:00 - 11:59,CATTAI RIDGE,RD,0,Right on the spot,NUMBER 85,HN,GLENORIE,7140.0,No,Not a school zone,2-way undivided,-33.602694,150.979598,The Hills,Sydney metro. area,Syd-Newc-Woll Gtr conurbation,Curved,,,,Off,Sealed,Dry,Fine,Daylight,Nil,No traffic controls,60 km/h,Regional,81,Off left/rt bnd=>obj,803,Off right bend into obj,Left,Vehicle - Object,Car (sedan/hatch),,1,0,0,1,0,6,June,Winter,Thursday,10:00 - 11:59,Midday / afternoon,False,False,True,True
1358563,Injury,Serious Injury,2024,2024,July,Friday,16:00 - 17:59,ANZAC,DR,0,Right on the spot,OMAGH,RD,GENEVA,,No,Not a school zone,T-junction,-28.621173,152.975755,Kyogle,Country urban,Rest of NSW - Urban,Curved,Steep grade,,,Nil,Sealed,Dry,Fine,Dusk,Nil,No traffic controls,80 km/h,Local,10,Cross traffic,101,Adj - Cross traffic,,Right angle,Car (sedan/hatch),Large rigid,2,0,1,0,0,7,July,Winter,Friday,16:00 - 17:59,PM peak / evening commute,True,False,True,True
1358566,Injury,Serious Injury,2024,2024,May,Wednesday,06:00 - 07:59,OLD WINDSOR,RD,80,North,MYEE,CRES,BAULKHAM HILLS,635.0,No,Not a school zone,Divided road,-33.760448,150.956674,The Hills,Sydney metro. area,Syd-Newc-Woll Gtr conurbation,Straight,Crest,,,Off,Sealed,Dry,Fine,Daylight,Nil,No traffic controls,80 km/h,State,34,Lane change right,306,Same - Lane change right,,Other angle,4 wheel drive / SUV,Motorcycle,2,0,1,0,0,5,May,Autumn,Wednesday,06:00 - 07:59,AM peak / school commute,True,False,True,True
1358572,Injury,Serious Injury,2024,2024,March,Monday,08:00 - 09:59,MEDCALF,ST,0,Right on the spot,LAKELANDS,RD,WARNERS BAY,674.0,No,Not a school zone,Roundabout,-32.965696,151.646679,Lake Macquarie,Newcastle met. area,Syd-Newc-Woll Gtr conurbation,Curved,,,,Nil,Sealed,Dry,Fine,Daylight,Nil,Give way sign,60 km/h,State,2,Ped far side,3,Ped - Far side,,Vehicle - Pedestrian,Car (sedan/hatch),Pedestrian,2,0,1,0,0,3,March,Autumn,Monday,08:00 - 09:59,AM peak / school commute,True,False,True,True
1358573,Injury,Serious Injury,2024,2024,July,Wednesday,06:00 - 07:59,CARSON,ST,50,South,MARONG,ST,PANANIA,,No,Not a school zone,2-way undivided,-33.9526,151.005515,Canterbury-Bankstown,Sydney metro. area,Syd-Newc-Woll Gtr conurbation,Straight,Driveway/entrance,,,Nil,Sealed,Wet,Raining,Daylight,Nil,No traffic controls,50 km/h,Local,42,Leaving parking,401,Manov - Leaving parking,,Other angle,Car (sedan/hatch),Light truck utility(from 2018),2,0,1,0,0,7,July,Winter,Wednesday,06:00 - 07:59,AM peak / school commute,True,False,True,True
1358578,Injury,Minor/Other Injury,2024,2024,July,Sunday,18:00 - 19:59,HERRING,RD,0,Right on the spot,MAHOGANY,AVE,MACQUARIE PARK,7486.0,No,Not a school zone,T-junction,-33.780204,151.115241,Ryde,Sydney metro. area,Syd-Newc-Woll Gtr conurbation,Straight,,,,On,Sealed,Dry,Fine,Darkness,On,Ped crossing,50 km/h,Regional,0,Ped nearside,1,Ped - Near side,,Vehicle - Pedestrian,4 wheel drive / SUV,Pedestrian,2,0,0,0,1,7,July,Winter,Sunday,18:00 - 19:59,PM peak / evening commute,True,False,True,True
1358583,Injury,Moderate Injury,2024,2024,July,Friday,08:00 - 09:59,PUDDLEDOCK,RD,15,East,HANLAN,RD,ARMIDALE,,No,Not a school zone,2-way undivided,-30.445215,151.703911,Armidale Regional,Country non-urban,Rest of NSW - Rural,Curved,Steep grade,,,Nil,Sealed,Wet,Raining,Daylight,Nil,No traffic controls,100 km/h,Local,83,Off rt/rt bnd=>obj,803,Off right bend into obj,Right,Vehicle - Object,Light truck utility(from 2018),,1,0,0,1,0,7,July,Winter,Friday,08:00 - 09:59,AM peak / school commute,True,False,True,True
1358584,Injury,Moderate Injury,2024,2024,July,Saturday,10:00 - 11:59,WOODVILLE,RD,40,South,LOUIS,ST,MERRYLANDS,640.0,No,Not a school zone,Divided road,-33.84017,150.999284,Cumberland,Sydney metro. area,Syd-Newc-Woll Gtr conurbation,Straight,Driveway/entrance,,,Off,Sealed,Dry,Fine,Daylight,Nil,Stop sign,70 km/h,State,47,Emerging from drive,406,Manov - Emerging from driveway,,Right angle,4 wheel drive / SUV,Pedal cycle,2,0,0,1,0,7,July,Winter,Saturday,10:00 - 11:59,Midday / afternoon,False,False,True,True
1358586,Injury,Minor/Other Injury,2024,2024,June,Wednesday,08:00 - 09:59,PENNANT,ST,0,Right on the spot,CASTLE,ST,CASTLE HILL,672.0,No,Not a school zone,X-intersection,-33.73118,151.004152,The Hills,Sydney metro. area,Syd-Newc-Woll Gtr conurbation,Straight,Steep grade,,,On,Sealed,Dry,Fine,Daylight,On,Ped crossing,60 km/h,State,2,Ped far side,3,Ped - Far side,,Vehicle - Pedestrian,Car (sedan/hatch),Pedestrian,2,0,0,0,1,6,June,Winter,Wednesday,08:00 - 09:59,AM peak / school commute,True,False,True,True
1358587,Injury,Minor/Other Injury,2024,2024,July,Tuesday,16:00 - 17:59,HERRING,RD,0,Right on the spot,WATERLOO,RD,MACQUARIE PARK,7486.0,No,Not a school zone,T-junction,-33.777384,151.118029,Ryde,Sydney metro. area,Syd-Newc-Woll Gtr conurbation,Straight,,,,Nil,Sealed,Dry,Fine,Dusk,On,Ped crossing,50 km/h,Regional,48,From footpath,408,Manov - From footway,,Other angle,Pedal cycle,4 wheel drive / SUV,2,0,0,0,1,7,July,Winter,Tuesday,16:00 - 17:59,PM peak / evening commute,True,False,True,True
1358589,Injury,Serious Injury,2024,2024,June,Monday,10:00 - 11:59,LINDEN,AVE,0,Right on the spot,SAWTELL,RD,BOAMBEE EAST,,No,Not a school zone,T-junction,-30.343898,153.085028,Coffs Harbour,Country urban,Rest of NSW - Urban,Straight,,,,Off,Sealed,Dry,Fine,Daylight,Nil,Give way sign,50 km/h,Local,14,2 right turning,105,Adj - Two right turning,,Right angle,4 wheel drive / SUV,Pedal cycle,2,0,1,0,0,6,June,Winter,Monday,10:00 - 11:59,Midday / afternoon,False,False,True,True
1358591,Injury,Moderate Injury,2024,2024,July,Tuesday,22:00 - Midnight,BEN LOMOND,RD,0,Right on the spot,AIRDS,RD,MINTO,7196.0,No,Not a school zone,Roundabout,-34.026967,150.83903,Campbelltown,Sydney metro. area,Syd-Newc-Woll Gtr conurbation,Straight,,,,On,Sealed,Dry,Fine,Darkness,Nil,Give way sign,60 km/h,Regional,10,Cross traffic,101,Adj - Cross traffic,,Right angle,4 wheel drive / SUV,Pedal cycle,2,0,0,1,0,7,July,Winter,Tuesday,22:00 - Midnight,Evening / night,False,False,True,True
1358592,Injury,Serious Injury,2024,2024,July,Wednesday,18:00 - 19:59,POWELL,ST,10,West,WATTLE,ST,KILLARA,,No,Not a school zone,T-junction,-33.761838,151.163739,Ku-ring-gai,Sydney metro. area,Syd-Newc-Woll Gtr conurbation,Straight,,,,On,Sealed,Wet,Fine,Darkness,Nil,Give way sign,50 km/h,Local,71,Off rd left => obj,703,Left off cway into object,,Vehicle - Object,Motor scooter,,1,0,1,0,0,7,July,Winter,Wednesday,18:00 - 19:59,PM peak / evening commute,True,False,True,True
1358594,Injury,Serious Injury,2024,2024,July,Thursday,10:00 - 11:59,EASTERN,RD,0,Right on the spot,NUMBER 71,HN,TURRAMURRA,7351.0,No,Not a school zone,2-way undivided,-33.724194,151.130162,Ku-ring-gai,Sydney metro. area,Syd-Newc-Woll Gtr conurbation,Straight,Steep grade,,,Off,Sealed,Dry,Overcast,Daylight,Nil,No traffic controls,60 km/h,Regional,71,Off rd left => obj,703,Left off cway into object,,Other angle,4 wheel drive / SUV,4 wheel drive / SUV,2,0,2,1,0,7,July,Winter,Thursday,10:00 - 11:59,Midday / afternoon,False,False,True,True
1358595,Injury,Moderate Injury,2024,2024,July,Tuesday,14:00 - 15:59,BUNDARRA,RD,0,Right on the spot,HALL,ST,GILGAI,73.0,Yes,No,X-intersection,-29.853956,151.117043,Inverell,Country urban,Rest of NSW - Urban,Straight,,,,Off,Sealed,Dry,Fine,Daylight,Nil,Give way sign,50 km/h,Regional,10,Cross traffic,101,Adj - Cross traffic,,Right angle,Car (sedan/hatch),4 wheel drive / SUV,2,0,0,1,0,7,July,Winter,Tuesday,14:00 - 15:59,Midday / afternoon,False,False,True,True
1358598,Injury,Minor/Other Injury,2024,2024,July,Friday,12:00 - 13:59,RYDE,RD,0,Right on the spot,LOFBERG,RD,WEST PYMBLE,162.0,No,Not a school zone,T-junction,-33.763407,151.13702,Ku-ring-gai,Sydney metro. area,Syd-Newc-Woll Gtr conurbation,Straight,,,,Nil,Sealed,Dry,Fine,Daylight,Nil,Give way sign,70 km/h,State,30,Rear end,301,Same - Rear end,,Rear end,4 wheel drive / SUV,Car (sedan/hatch),2,0,0,0,1,7,July,Winter,Friday,12:00 - 13:59,Midday / afternoon,False,False,True,True
1358602,Injury,Moderate Injury,2024,2024,June,Monday,10:00 - 11:59,BARBARA,ST,10,South,HARRIS,ST,FAIRFIELD,,No,Not a school zone,Roundabout,-33.872391,150.953188,Fairfield,Sydney metro. area,Syd-Newc-Woll Gtr conurbation,Straight,,,,Nil,Sealed,Dry,Fine,Daylight,Nil,Give way sign,40 km/h,Local,74,On road-out of cont.,705,Out of control on cway,,Rollover,Motorcycle,,1,0,0,1,0,6,June,Winter,Monday,10:00 - 11:59,Midday / afternoon,False,False,True,True
1358605,Injury,Moderate Injury,2024,2024,February,Thursday,16:00 - 17:59,TERRIGAL,DR,200,West,JESSIE HURLEY,DR,ERINA,505.0,No,Not a school zone,2-way undivided,-33.435877,151.403741,Central Coast,Country urban,Syd-Newc-Woll Gtr conurbation,Straight,Steep grade,,,Off,Sealed,Dry,Fine,Daylight,Nil,No traffic controls,70 km/h,State,30,Rear end,301,Same - Rear end,,Rear end,4 wheel drive / SUV,Car (sedan/hatch),3,0,0,1,0,2,February,Summer,Thursday,16:00 - 17:59,PM peak / evening commute,True,False,True,True
1358607,Injury,Minor/Other Injury,2024,2024,July,Thursday,08:00 - 09:59,HAMLET,CRES,0,Right on the spot,LORENZO,CRES,ROSEMEADOW,,No,Not a school zone,T-junction,-34.10341,150.797484,Campbelltown,Sydney metro. area,Syd-Newc-Woll Gtr conurbation,Straight,,,,Off,Sealed,Wet,Raining,Daylight,Nil,No traffic controls,50 km/h,Local,40,U turn,304,Same - U-turn,,Other angle,4 wheel drive / SUV,4 wheel drive / SUV,2,0,0,0,1,7,July,Winter,Thursday,08:00 - 09:59,AM peak / school commute,True,False,True,True
1358608,Injury,Minor/Other Injury,2024,2024,July,Wednesday,14:00 - 15:59,LORNA,AVE,10,East,LARKARD,ST,NORTH RYDE,,No,Not a school zone,T-junction,-33.791056,151.125941,Ryde,Sydney metro. area,Syd-Newc-Woll Gtr conurbation,Straight,Steep grade,,,Nil,Sealed,Dry,Fine,Daylight,Nil,No traffic controls,50 km/h,Local,73,Off rd rght => obj,704,Right off cway into obj,,Other angle,4 wheel drive / SUV,Car (sedan/hatch),2,0,0,0,1,7,July,Winter,Wednesday,14:00 - 15:59,Midday / afternoon,False,False,True,True
1358609,Injury,Moderate Injury,2024,2024,July,Monday,00:01 - 01:59,CLARENCE TOWN,RD,1200,North,OAKENDALE,RD,GLEN OAK,301.0,No,Not a school zone,2-way undivided,-32.606785,151.721283,Port Stephens,Country urban,Rest of NSW - Urban,Straight,Steep grade,,,Nil,Sealed,Dry,Fine,Darkness,Nil,No traffic controls,80 km/h,Regional,67,Struck animal,609,On path - Hit animal,,Vehicle - Animal,Light truck utility(from 2018),,1,0,0,1,0,7,July,Winter,Monday,00:01 - 01:59,Late night / early morning,False,False,True,True
1358610,Injury,Moderate Injury,2024,2024,July,Saturday,18:00 - 19:59,JANET,ST,0,Right on the spot,NUMBER 74,HN,MOUNT DRUITT,,No,Not a school zone,2-way undivided,-33.779714,150.818022,Blacktown,Sydney metro. area,Syd-Newc-Woll Gtr conurbation,Straight,Spd hump/slow pt/chc,,,On,Sealed,Dry,Fine,Darkness,Nil,No traffic controls,50 km/h,Local,73,Off rd rght => obj,704,Right off cway into obj,,Other angle,Motorcycle,Car (sedan/hatch),2,0,0,1,0,7,July,Winter,Saturday,18:00 - 19:59,PM peak / evening commute,True,False,True,True
1358611,Injury,Moderate Injury,2024,2024,July,Tuesday,20:00 - 21:59,BOX,RD,0,Right on the spot,SYLVANIA,RD,SYLVANIA,,No,Not a school zone,X-intersection,-34.020573,151.095121,Sutherland,Sydney metro. area,Syd-Newc-Woll Gtr conurbation,Straight,,,,On,Sealed,Dry,Fine,Darkness,Nil,Stop sign,50 km/h,Local,10,Cross traffic,101,Adj - Cross traffic,,Right angle,4 wheel drive / SUV,Station wagon,3,0,0,2,0,7,July,Winter,Tuesday,20:00 - 21:59,Evening / night,False,False,True,True
1358613,Injury,Minor/Other Injury,2024,2024,July,Thursday,16:00 - 17:59,WEST,ST,5,East,OSCAR,ST,UMINA BEACH,456.0,No,Not a school zone,T-junction,-33.521303,151.317761,Central Coast,Country urban,Syd-Newc-Woll Gtr conurbation,Straight,,,,Nil,Sealed,Dry,Fine,Daylight,Nil,Ped crossing,50 km/h,Regional,0,Ped nearside,1,Ped - Near side,,Vehicle - Pedestrian,Utility,Pedestrian,2,0,0,0,1,7,July,Winter,Thursday,16:00 - 17:59,PM peak / evening commute,True,False,True,True
1358615,Injury,Minor/Other Injury,2024,2024,June,Sunday,12:00 - 13:59,ANNANGROVE,RD,350,East,DEBORAH,RD,ANNANGROVE,7141.0,No,Not a school zone,2-way undivided,-33.672168,150.957484,The Hills,Sydney metro. area,Syd-Newc-Woll Gtr conurbation,Straight,Painted double centre lines,,,On,Sealed,Dry,Fine,Daylight,Nil,No traffic controls,70 km/h,Regional,20,Head on,201,Opp - Head on,,Head-on,Car (sedan/hatch),Car (sedan/hatch),2,0,0,0,1,6,June,Winter,Sunday,12:00 - 13:59,Midday / afternoon,False,False,True,True
1358617,Injury,Moderate Injury,2024,2024,July,Wednesday,16:00 - 17:59,WATERLOO,RD,20,North,SHELLCOTE,RD,GREENACRE,7118.0,Yes,No,2-way undivided,-33.89477,151.059311,Canterbury-Bankstown,Sydney metro. area,Syd-Newc-Woll Gtr conurbation,Straight,,,,Nil,Sealed,Dry,Fine,Daylight,Nil,No traffic controls,60 km/h,Regional,30,Rear end,301,Same - Rear end,,Rear end,Passenger van,Car (sedan/hatch),2,0,0,1,0,7,July,Winter,Wednesday,16:00 - 17:59,PM peak / evening commute,True,False,True,True
1358619,Injury,Moderate Injury,2024,2024,June,Thursday,16:00 - 17:59,FIRST,ST,0,Right on the spot,PINE,AVE,CARDIFF SOUTH,,No,Not a school zone,T-junction,-32.95104,151.662363,Lake Macquarie,Newcastle met. area,Syd-Newc-Woll Gtr conurbation,Straight,Steep grade,,,On,Sealed,Dry,Fine,Darkness,Nil,Give way sign,50 km/h,Local,13,Right near,104,Adj - Right-thru from right,,Right angle,Car (sedan/hatch),4 wheel drive / SUV,2,0,0,1,0,6,June,Winter,Thursday,16:00 - 17:59,PM peak / evening commute,True,False,True,True