crash_id,degree_of_crash,degree_of_crash_-_detailed,reporting_year,year_of_crash,month_of_crash,day_of_week_of_crash,two-hour_intervals,street_of_crash,street_type,distance,direction,identifying_feature,identifying_feature_type,town,route_no.,school_zone_location,school_zone_active,type_of_location,latitude,longitude,lga,urbanisation,conurbation_1,alignment,primary_permanent_feature,primary_temporary_feature,primary_hazardous_feature,street_lighting,road_surface,surface_condition,weather,natural_lighting,signals_operation,other_traffic_control,speed_limit,road_classification_(admin),rum_-_code,rum_-_description,dca_-_code,dca_-_description,dca_supplement,first_impact_type,key_tu_type,other_tu_type,no._of_traffic_units_involved,no._killed,no._seriously_injured,no._moderately_injured,no._minor-other_injured,month_num,month_label,season,day_label,time_label,time_band,is_peak_commute,is_fatal,is_injury,is_casualty
1358621,Injury,Moderate Injury,2024,2024,July,Saturday,02:00 - 03:59,ROBERTS,RD,0,Right on the spot,MCDONALDS,OT,GREENACRE,200.0,No,Not a school zone,Divided road,-33.901861,151.064868,Strathfield,Sydney metro. area,Syd-Newc-Woll Gtr conurbation,Straight,,,,On,Sealed,Dry,Fine,Darkness,Nil,No traffic controls,70 km/h,State,34,Lane change right,306,Same - Lane change right,,Other angle,Car (sedan/hatch),Car (sedan/hatch),2,0,0,2,0,7,July,Winter,Saturday,02:00 - 03:59,Late night / early morning,False,False,True,True
1358628,Injury,Moderate Injury,2024,2024,July,Saturday,08:00 - 09:59,PRINCES,HWY,0,Right on the spot,CENTRAL,AVE,SOUTH NOWRA,1.0,No,Not a school zone,Roundabout,-34.914361,150.603547,Shoalhaven,Country urban,Rest of NSW - Urban,Curved,,,,Off,Sealed,Dry,Overcast,Daylight,Nil,Give way sign,70 km/h,State,10,Cross traffic,101,Adj - Cross traffic,,Right angle,Car (sedan/hatch),Light truck utility(from 2018),2,0,0,1,0,7,July,Winter,Saturday,08:00 - 09:59,AM peak / school commute,True,False,True,True
1358629,Injury,Serious Injury,2024,2024,July,Thursday,10:00 - 11:59,CLARENDON,ST,0,Right on the spot,WHITING,ST,ARTARMON,,No,Not a school zone,X-intersection,-33.81522,151.183305,Willoughby,Sydney metro. area,Syd-Newc-Woll Gtr conurbation,Straight,Steep grade,,,Nil,Sealed,Dry,Fine,Daylight,Nil,Stop sign,50 km/h,Local,88,Out of cont on bend,707,Right turn,,Rollover,Motorcycle,,1,0,1,0,0,7,July,Winter,Thursday,10:00 - 11:59,Midday / afternoon,False,False,True,True
1358632,Injury,Minor/Other Injury,2024,2024,July,Tuesday,14:00 - 15:59,SHORT,ST,25,West,HAWTHORNE,CL,ARMIDALE,,No,Not a school zone,2-way undivided,-30.52889,151.648777,Armidale Regional,Country urban,Rest of NSW - Urban,Straight,,,,Nil,Sealed,Dry,Fine,Daylight,Nil,No traffic controls,50 km/h,Local,71,Off rd left => obj,703,Left off cway into object,,Vehicle - Object,Utility,,1,0,0,0,1,7,July,Winter,Tuesday,14:00 - 15:59,Midday / afternoon,False,False,True,True
1358633,Injury,Serious Injury,2024,2024,July,Wednesday,12:00 - 13:59,MITCHELL,HWY,0,Right on the spot,WESTVIEW,ST,DUBBO,7.0,No,Not a school zone,T-junction,-32.232453,148.575654,Dubbo Regional,Country non-urban,Rest of NSW - Rural,Straight,,,,Nil,Sealed,Dry,Fine,Daylight,Nil,Give way sign,90 km/h,State,32,Right rear,303,Same - Rear right,,Rear end,Station wagon,4 wheel drive / SUV,2,0,1,1,0,7,July,Winter,Wednesday,12:00 - 13:59,Midday / afternoon,False,False,True,True
1358640,Injury,Moderate Injury,2024,2024,July,Saturday,14:00 - 15:59,HELENA,ST,10,North,LILYFIELD,RD,LILYFIELD,7316.0,No,Not a school zone,T-junction,-33.8738,151.161995,Inner West,Sydney metro. area,Syd-Newc-Woll Gtr conurbation,Straight,,,,Off,Sealed,Dry,Fine,Daylight,Nil,Stop sign,50 km/h,Regional,71,Off rd left => obj,703,Left off cway into object,,Other angle,Car (sedan/hatch),4 wheel drive / SUV,2,0,0,1,0,7,July,Winter,Saturday,14:00 - 15:59,Midday / afternoon,False,False,True,True
1358641,Injury,Minor/Other Injury,2024,2024,July,Thursday,08:00 - 09:59,HAY,ST,0,Right on the spot,PITT,ST,HAYMARKET,,No,Not a school zone,T-junction,-33.88007,151.206876,Sydney,Sydney metro. area,Syd-Newc-Woll Gtr conurbation,Straight,,,,Nil,Sealed,Dry,Fine,Daylight,On,No traffic controls,40 km/h,Local,45,Reversing,404,Manov - Reverse in traffic,,Other angle,Car (sedan/hatch),Motor scooter,2,0,0,0,1,7,July,Winter,Thursday,08:00 - 09:59,AM peak / school commute,True,False,True,True
1358643,Injury,Minor/Other Injury,2024,2024,July,Wednesday,16:00 - 17:59,VICTORIA,RD,0,Right on the spot,NUMBER 1106,HN,WEST RYDE,165.0,No,Not a school zone,Divided road,-33.806264,151.079766,Ryde,Sydney metro. area,Syd-Newc-Woll Gtr conurbation,Straight,,,,On,Sealed,Dry,Overcast,Darkness,Nil,No traffic controls,70 km/h,State,34,Lane change right,306,Same - Lane change right,,Other angle,Car (sedan/hatch),Motorcycle,2,0,0,0,1,7,July,Winter,Wednesday,16:00 - 17:59,PM peak / evening commute,True,False,True,True
1358645,Injury,Moderate Injury,2024,2024,July,Monday,06:00 - 07:59,SUNNYHOLT,RD,0,Right on the spot,SACKVILLE,ST,BLACKTOWN,642.0,No,Not a school zone,X-intersection,-33.763728,150.913221,Blacktown,Sydney metro. area,Syd-Newc-Woll Gtr conurbation,Straight,,,,On,Sealed,Dry,Fine,Dawn,On,Ped crossing,70 km/h,State,2,Ped far side,3,Ped - Far side,,Vehicle - Pedestrian,4 wheel drive / SUV,Pedestrian,2,0,0,1,0,7,July,Winter,Monday,06:00 - 07:59,AM peak / school commute,True,False,True,True
1358646,Injury,Serious Injury,2024,2024,July,Saturday,10:00 - 11:59,MOODIE,ST,30,South,VICTORIA,RD,ROZELLE,,No,Not a school zone,2-way undivided,-33.862868,151.167827,Inner West,Sydney metro. area,Syd-Newc-Woll Gtr conurbation,Straight,Driveway/entrance,,,Off,Sealed,Wet,Overcast,Daylight,Nil,No traffic controls,50 km/h,Local,49,Other manoeuvring,400,Manov - other,,Other angle,Car (sedan/hatch),,1,0,1,0,0,7,July,Winter,Saturday,10:00 - 11:59,Midday / afternoon,False,False,True,True
1358649,Injury,Moderate Injury,2024,2024,May,Friday,12:00 - 13:59,STUART,ST,100,North,BAY,ST,TWEED HEADS,,Yes,No,2-way undivided,-28.169922,153.542087,Tweed,Country urban,Rest of NSW - Urban,Straight,,,,Off,Sealed,Dry,Fine,Daylight,Nil,No traffic controls,50 km/h,Local,30,Rear end,301,Same - Rear end,,Rear end,Car (sedan/hatch),4 wheel drive / SUV,3,0,0,1,0,5,May,Autumn,Friday,12:00 - 13:59,Midday / afternoon,False,False,True,True
1358665,Injury,Serious Injury,2024,2024,June,Friday,18:00 - 19:59,LACHLAN,ST,0,Right on the spot,NUMBER 5 - 7,HN,WARWICK FARM,,Yes,No,2-way undivided,-33.916386,150.931517,Liverpool,Sydney metro. area,Syd-Newc-Woll Gtr conurbation,Straight,Driveway/entrance,,,On,Sealed,Wet,Raining,Darkness,Nil,No traffic controls,30 km/h,Local,47,Emerging from drive,406,Manov - Emerging from driveway,,Right angle,Car (sedan/hatch),Motorcycle,3,0,1,0,0,6,June,Winter,Friday,18:00 - 19:59,PM peak / evening commute,True,False,True,True
1358666,Injury,Serious Injury,2024,2024,July,Monday,10:00 - 11:59,MYALL,RD,300,East,GYMEA,DR,GARDEN SUBURB,7769.0,No,Not a school zone,2-way undivided,-32.949094,151.680161,Lake Macquarie,Newcastle met. area,Syd-Newc-Woll Gtr conurbation,Straight,Steep grade,,,Off,Sealed,Dry,Fine,Daylight,Nil,No traffic controls,60 km/h,Regional,71,Off rd left => obj,703,Left off cway into object,,Vehicle - Object,4 wheel drive / SUV,,1,0,1,2,0,7,July,Winter,Monday,10:00 - 11:59,Midday / afternoon,False,False,True,True
1358672,Injury,Moderate Injury,2024,2024,July,Monday,16:00 - 17:59,CANOWINDRA,RD,0,Right on the spot,BILLIMARI,RD,COWRA,310.0,No,Not a school zone,T-junction,-33.692786,148.687941,Cowra,Country non-urban,Rest of NSW - Rural,Straight,,,,Nil,Sealed,Dry,Fine,Daylight,Nil,No traffic controls,100 km/h,State,31,Left rear,302,Same - Rear left,,Rear end,Light truck utility(from 2018),Car (sedan/hatch),2,0,0,1,0,7,July,Winter,Monday,16:00 - 17:59,PM peak / evening commute,True,False,True,True
1358674,Injury,Moderate Injury,2024,2024,July,Wednesday,20:00 - 21:59,VIRGIL,AVE,10,West,MEAKIN,CRES,CHESTER HILL,,No,Not a school zone,T-junction,-33.881417,151.005222,Canterbury-Bankstown,Sydney metro. area,Syd-Newc-Woll Gtr conurbation,Straight,,,,On,Sealed,Wet,Raining,Darkness,Nil,No traffic controls,50 km/h,Local,71,Off rd left => obj,703,Left off cway into object,,Other angle,Car (sedan/hatch),Light truck,2,0,0,1,0,7,July,Winter,Wednesday,20:00 - 21:59,Evening / night,False,False,True,True
1358675,Injury,Moderate Injury,2024,2024,July,Tuesday,14:00 - 15:59,SOLDIERS POINT,RD,0,Right on the spot,NUMBER 256,HN,SALAMANDER BAY,,No,Not a school zone,2-way undivided,-32.721784,152.076978,Port Stephens,Country urban,Rest of NSW - Urban,Straight,,,,Off,Sealed,Wet,Overcast,Daylight,Nil,No traffic controls,40 km/h,Local,0,Ped nearside,1,Ped - Near side,,Vehicle - Pedestrian,Light truck utility(from 2018),Pedestrian,2,0,0,1,0,7,July,Winter,Tuesday,14:00 - 15:59,Midday / afternoon,False,False,True,True
1358677,Injury,Minor/Other Injury,2024,2024,July,Thursday,18:00 - 19:59,COPPERFIELD,DR,0,Right on the spot,ENGLORIE PARK,DR,GLEN ALPINE,,No,Not a school zone,Roundabout,-34.087166,150.788693,Campbelltown,Sydney metro. area,Syd-Newc-Woll Gtr conurbation,Curved,,,,On,Sealed,Dry,Fine,Dusk,Nil,Give way sign,60 km/h,Local,87,Off lft/lft bnd=>obj,804,Off left bend into obj,Left,Vehicle - Object,Motorcycle,,1,0,0,0,1,7,July,Winter,Thursday,18:00 - 19:59,PM peak / evening commute,True,False,True,True
1358681,Injury,Moderate Injury,2024,2024,July,Wednesday,18:00 - 19:59,HUME,HWY,0,Right on the spot,BRAIDWOOD,ST,STRATHFIELD,2.0,Yes,No,T-junction,-33.886311,151.070789,Strathfield,Sydney metro. area,Syd-Newc-Woll Gtr conurbation,Straight,,,,On,Sealed,Dry,Fine,Darkness,Nil,Stop sign,60 km/h,State,11,Right far,102,Adj - Right-thru from left,,Right angle,Car (sedan/hatch),4 wheel drive / SUV,2,0,0,1,2,7,July,Winter,Wednesday,18:00 - 19:59,PM peak / evening commute,True,False,True,True
1358687,Injury,Serious Injury,2024,2024,July,Thursday,12:00 - 13:59,HOXTON PARK,RD,150,West,CARTWRIGHT,AVE,CARTWRIGHT,681.0,No,Not a school zone,Divided road,-33.927428,150.888932,Liverpool,Sydney metro. area,Syd-Newc-Woll Gtr conurbation,Straight,,,,Nil,Sealed,Dry,Fine,Daylight,Nil,No traffic controls,70 km/h,State,20,Head on,201,Opp - Head on,,Head-on,Light truck utility(from 2018),Car (sedan/hatch),2,0,1,1,0,7,July,Winter,Thursday,12:00 - 13:59,Midday / afternoon,False,False,True,True
1358689,Injury,Moderate Injury,2024,2024,July,Tuesday,16:00 - 17:59,MOOREBANK,AVE,170,South,CHURCH,ST,MOOREBANK,657.0,No,Not a school zone,2-way undivided,-33.93664,150.926052,Liverpool,Sydney metro. area,Syd-Newc-Woll Gtr conurbation,Straight,Driveway/entrance,,,Off,Sealed,Dry,Fine,Daylight,Nil,No traffic controls,60 km/h,State,21,Right through,202,Opp - Right-thru,,Other angle,4 wheel drive / SUV,Light truck utility(from 2018),2,0,0,1,1,7,July,Winter,Tuesday,16:00 - 17:59,PM peak / evening commute,True,False,True,True
1358692,Injury,Moderate Injury,2024,2024,May,Wednesday,16:00 - 17:59,MURWILLUMBAH,ST,25,East,QUEENSLAND,RD,MURWILLUMBAH,143.0,No,Not a school zone,2-way undivided,-28.326293,153.395312,Tweed,Country urban,Rest of NSW - Urban,Straight,,,,Off,Sealed,Wet,Overcast,Daylight,Nil,No traffic controls,50 km/h,Regional,43,Entering parking,402,Manov - Entering parking veh,,Other angle,4 wheel drive / SUV,Motorcycle,2,0,0,1,0,5,May,Autumn,Wednesday,16:00 - 17:59,PM peak / evening commute,True,False,True,True
1358694,Injury,Moderate Injury,2024,2024,July,Sunday,02:00 - 03:59,BECKWITH,ST,0,Right on the spot,CRAMPTON,ST,WAGGA WAGGA,,No,Not a school zone,T-junction,-35.104097,147.360673,Wagga Wagga,Country urban,Rest of NSW - Urban,Straight,,,,On,Sealed,Wet,Fine,Darkness,Nil,Give way sign,50 km/h,Local,12,Left far,103,Adj - Left-thru from left,,Right angle,Car (sedan/hatch),Car (sedan/hatch),2,0,0,1,1,7,July,Winter,Sunday,02:00 - 03:59,Late night / early morning,False,False,True,True
1358697,Injury,Serious Injury,2024,2024,July,Sunday,02:00 - 03:59,NEWELL,HWY,5000,North,EAST COONAMBLE,RD,GILGANDRA,17.0,No,Not a school zone,2-way undivided,-31.668558,148.716932,Gilgandra,Country non-urban,Rest of NSW - Rural,Straight,Embankment/cutting,,,Nil,Sealed,Wet,Fine,Darkness,Nil,No traffic controls,110 km/h,State,72,Off road to right,702,Off carriageway to right,,Rollover,Light truck,,1,0,1,0,0,7,July,Winter,Sunday,02:00 - 03:59,Late night / early morning,False,False,True,True
1358698,Injury,Serious Injury,2024,2024,July,Sunday,10:00 - 11:59,GLEN ALICE,RD,3300,South,GLENCOE,RD,GLEN ALICE,,No,Not a school zone,2-way undivided,-33.028287,150.158941,Lithgow,Country non-urban,Rest of NSW - Rural,Curved,,,,Nil,Sealed,Dry,Fine,Daylight,Nil,No traffic controls,100 km/h,Local,67,Struck animal,609,On path - Hit animal,,Vehicle - Animal,Motorcycle,,1,0,1,0,0,7,July,Winter,Sunday,10:00 - 11:59,Midday / afternoon,False,False,True,True
1358701,Injury,Moderate Injury,2024,2024,June,Saturday,12:00 - 13:59,HUME,HWY,200,South,WINFARTHING,RD,MARULAN,2.0,No,Not a school zone,Divided road,-34.743524,149.894334,Goulburn Mulwaree,Country non-urban,Rest of NSW - Rural,Straight,Crest,,,Nil,Sealed,Wet,Raining,Daylight,Nil,No traffic controls,110 km/h,State,70,Off road to left,701,Off carriageway to left,,Rollover,Car (sedan/hatch),,1,0,0,1,0,6,June,Winter,Saturday,12:00 - 13:59,Midday / afternoon,False,False,True,True
1358703,Injury,Moderate Injury,2024,2024,July,Friday,18:00 - 19:59,CASTLEREAGH,HWY,0,Right on the spot,NORTONGONG,RD,COONAMBLE,18.0,No,Not a school zone,T-junction,-31.169829,148.405242,Coonamble,Country non-urban,Rest of NSW - Rural,Straight,,,,Nil,Sealed,Dry,Fine,Darkness,Nil,Give way sign,110 km/h,State,54,Cutting in,504,Ovtak - Cutting in,,Other angle,Light truck utility(from 2018),Road train,2,0,0,1,0,7,July,Winter,Friday,18:00 - 19:59,PM peak / evening commute,True,False,True,True
1358705,Injury,Moderate Injury,2024,2024,July,Saturday,18:00 - 19:59,WOODVILLE,RD,0,Right on the spot,TANGERINE,ST,VILLAWOOD,640.0,No,Not a school zone,T-junction,-33.877248,150.98048,Fairfield,Sydney metro. area,Syd-Newc-Woll Gtr conurbation,Straight,,,,On,Sealed,Dry,Fine,Darkness,On,No traffic controls,70 km/h,State,21,Right through,202,Opp - Right-thru,,Other angle,Car (sedan/hatch),Motorcycle,2,0,0,1,0,7,July,Winter,Saturday,18:00 - 19:59,PM peak / evening commute,True,False,True,True
1358709,Injury,Minor/Other Injury,2024,2024,July,Saturday,20:00 - 21:59,PEMBROKE,RD,0,Right on the spot,ROSE PAYTEN,DR,LEUMEAH,680.0,No,Not a school zone,X-intersection,-34.049843,150.836718,Campbelltown,Sydney metro. area,Syd-Newc-Woll Gtr conurbation,Straight,,,,On,Sealed,Dry,Fine,Darkness,On,No traffic controls,60 km/h,State,30,Rear end,301,Same - Rear end,,Rear end,Car (sedan/hatch),Motorcycle,2,0,0,0,1,7,July,Winter,Saturday,20:00 - 21:59,Evening / night,False,False,True,True
1358713,Injury,Moderate Injury,2024,2024,June,Thursday,08:00 - 09:59,ERIDGE PARK,RD,50,South,CHARLOTTE,ST,BURRADOO,,No,Not a school zone,2-way undivided,-34.508287,150.417171,Wingecarribee,Country urban,Rest of NSW - Urban,Straight,,,,Off,Sealed,Dry,Fine,Daylight,Nil,No traffic controls,70 km/h,Local,34,Lane change right,306,Same - Lane change right,,Other angle,Pedal cycle,Car (sedan/hatch),2,0,0,1,0,6,June,Winter,Thursday,08:00 - 09:59,AM peak / school commute,True,False,True,True
1358715,Injury,Moderate Injury,2024,2024,July,Friday,12:00 - 13:59,SOUTH WESTERN,EXP,100,West,M7 WESTLINK EXPRESSWAY,TO,CASULA,6005.0,No,Not a school zone,Dual freeway,-33.948745,150.889486,Liverpool,Sydney metro. area,Syd-Newc-Woll Gtr conurbation,Straight,,,,On,Sealed,Dry,Fine,Daylight,Nil,No traffic controls,100 km/h,State,30,Rear end,301,Same - Rear end,,Rear end,Light truck utility(from 2018),Light truck utility(from 2018),2,0,0,1,0,7,July,Winter,Friday,12:00 - 13:59,Midday / afternoon,False,False,True,True
1358717,Injury,Serious Injury,2024,2024,June,Friday,18:00 - 19:59,SPRINGHILL,RD,0,Right on the spot,MASTERS,RD,SPRING HILL,581.0,No,Not a school zone,T-junction,-34.446079,150.87583,Wollongong,Wollongong met. area,Syd-Newc-Woll Gtr conurbation,Curved,,,Slippery surface,On,Sealed,Dry,Fine,Darkness,On,No traffic controls,80 km/h,State,88,Out of cont on bend,707,Right turn,,Rollover,Motorcycle,,1,0,1,0,0,6,June,Winter,Friday,18:00 - 19:59,PM peak / evening commute,True,False,True,True
1358719,Injury,Serious Injury,2024,2024,July,Sunday,16:00 - 17:59,AVONDALE COLLIERY,RD,500,South,AVONDALE,RD,AVONDALE,,No,Not a school zone,2-way undivided,-34.517031,150.729184,Wollongong,Wollongong met. area,Syd-Newc-Woll Gtr conurbation,Curved,Steep grade,,,Nil,Sealed,Dry,Fine,Dusk,Nil,No traffic controls,60 km/h,Local,85,Off rt/lft bnd=>obj,804,Off left bend into obj,Right,Vehicle - Object,Light truck utility(from 2018),,1,0,1,1,0,7,July,Winter,Sunday,16:00 - 17:59,PM peak / evening commute,True,False,True,True
1358721,Injury,Serious Injury,2024,2024,June,Sunday,12:00 - 13:59,WESTERN,EXP,50,West,PITT STREET,OP,MERRYLANDS,6004.0,No,Not a school zone,Dual freeway,-33.826789,150.993695,Parramatta,Sydney metro. area,Syd-Newc-Woll Gtr conurbation,Straight,,,,Nil,Sealed,Dry,Fine,Daylight,Nil,No traffic controls,90 km/h,State,30,Rear end,301,Same - Rear end,,Rear end,Station wagon,Light truck utility(from 2018),4,0,1,0,0,6,June,Winter,Sunday,12:00 - 13:59,Midday / afternoon,False,False,True,True
1358725,Injury,Moderate Injury,2024,2024,June,Saturday,20:00 - 21:59,MISSENDEN,RD,10,North,MARSDEN,ST,CAMPERDOWN,,No,Not a school zone,T-junction,-33.887009,151.179788,Sydney,Sydney metro. area,Syd-Newc-Woll Gtr conurbation,Straight,,,,On,Sealed,Wet,Raining,Darkness,Nil,Ped crossing,40 km/h,Local,0,Ped nearside,1,Ped - Near side,,Vehicle - Pedestrian,Car (sedan/hatch),Pedestrian,2,0,0,1,0,6,June,Winter,Saturday,20:00 - 21:59,Evening / night,False,False,True,True
1358729,Injury,Moderate Injury,2024,2024,July,Monday,08:00 - 09:59,GOLDEN,HWY,0,Right on the spot,MYALL,ST,DUBBO,27.0,No,Not a school zone,Roundabout,-32.24142,148.622226,Dubbo Regional,Country urban,Rest of NSW - Urban,Straight,Driveway/entrance,,,Off,Sealed,Dry,Fine,Daylight,Nil,Give way sign,60 km/h,State,47,Emerging from drive,406,Manov - Emerging from driveway,,Right angle,4 wheel drive / SUV,Car (sedan/hatch),2,0,0,2,0,7,July,Winter,Monday,08:00 - 09:59,AM peak / school commute,True,False,True,True
1358732,Injury,Serious Injury,2024,2024,June,Wednesday,06:00 - 07:59,CESSNOCK,RD,150,North,CARRS,RD,ABERMAIN,588.0,No,Not a school zone,2-way undivided,-32.819783,151.421508,Cessnock,Country urban,Rest of NSW - Urban,Curved,Embankment/cutting,,,Nil,Sealed,Dry,Fine,Dawn,Nil,No traffic controls,80 km/h,State,20,Head on,201,Opp - Head on,,Head-on,4 wheel drive / SUV,Light truck utility(from 2018),2,0,1,0,0,6,June,Winter,Wednesday,06:00 - 07:59,AM peak / school commute,True,False,True,True
1358734,Injury,Serious Injury,2024,2024,July,Tuesday,14:00 - 15:59,EUCALYPTUS,DR,10,West,HAKEA,PL,MACQUARIE FIELDS,,No,Not a school zone,T-junction,-33.995013,150.900938,Campbelltown,Sydney metro. area,Syd-Newc-Woll Gtr conurbation,Straight,Bus stop,,,Off,Sealed,Dry,Fine,Daylight,Nil,No traffic controls,50 km/h,Local,71,Off rd left => obj,703,Left off cway into object,,Vehicle - Object,Motorcycle,,1,0,1,0,0,7,July,Winter,Tuesday,14:00 - 15:59,Midday / afternoon,False,False,True,True
1358736,Injury,Serious Injury,2024,2024,May,Wednesday,20:00 - 21:59,BELLETTE,CL,0,Right on the spot,PROVINCE,ST,ABBOTSBURY,,No,Not a school zone,T-junction,-33.871185,150.863096,Fairfield,Sydney metro. area,Syd-Newc-Woll Gtr conurbation,Straight,Driveway/entrance,,,On,Sealed,Dry,Fine,Darkness,Nil,No traffic controls,50 km/h,Local,49,Other manoeuvring,400,Manov - other,,Other angle,Motorcycle,,1,0,1,0,0,5,May,Autumn,Wednesday,20:00 - 21:59,Evening / night,False,False,True,True
1358739,Injury,Minor/Other Injury,2024,2024,July,Tuesday,08:00 - 09:59,PITTWATER,RD,20,South,GARDEN,ST,NORTH NARRABEEN,164.0,No,Not a school zone,Divided road,-33.705239,151.297389,Northern Beaches,Sydney metro. area,Syd-Newc-Woll Gtr conurbation,Straight,,,,Off,Sealed,Dry,Fine,Daylight,Nil,No traffic controls,70 km/h,State,30,Rear end,301,Same - Rear end,,Rear end,Car (sedan/hatch),4 wheel drive / SUV,2,0,0,0,1,7,July,Winter,Tuesday,08:00 - 09:59,AM peak / school commute,True,False,True,True
1358740,Injury,Serious Injury,2024,2024,July,Friday,06:00 - 07:59,PARKLAND,DR,50,East,COOKE,AVE,ALSTONVILLE,,No,Not a school zone,2-way undivided,-28.843731,153.445883,Ballina,Country urban,Rest of NSW - Urban,Curved,,,,Nil,Sealed,Dry,Fine,Daylight,Nil,No traffic controls,50 km/h,Local,4,Ped walk with,5,Ped - Walking with traffic,,Vehicle - Pedestrian,Car (sedan/hatch),Pedestrian,2,0,1,0,0,7,July,Winter,Friday,06:00 - 07:59,AM peak / school commute,True,False,True,True
1358744,Injury,Moderate Injury,2024,2024,June,Wednesday,14:00 - 15:59,THE HORSLEY,DR,10,South,DIPROSE,ST,FAIRFIELD,609.0,No,Not a school zone,T-junction,-33.876424,150.965548,Fairfield,Sydney metro. area,Syd-Newc-Woll Gtr conurbation,Straight,,,,Nil,Sealed,Dry,Fine,Daylight,Nil,Give way sign,60 km/h,State,35,Lane change left,307,Same - Lane change left,,Other angle,Light truck utility(from 2018),Car (sedan/hatch),2,0,0,1,0,6,June,Winter,Wednesday,14:00 - 15:59,Midday / afternoon,False,False,True,True
1358749,Injury,Moderate Injury,2024,2024,July,Friday,08:00 - 09:59,PACIFIC,HWY,0,Right on the spot,THOMPSONS,RD,COFFS HARBOUR,10.0,No,Not a school zone,T-junction,-30.305608,153.101876,Coffs Harbour,Country urban,Rest of NSW - Urban,Straight,,,,Nil,Sealed,Dry,Fine,Daylight,Nil,Give way sign,60 km/h,State,21,Right through,202,Opp - Right-thru,,Other angle,Car (sedan/hatch),Light truck utility(from 2018),3,0,0,2,0,7,July,Winter,Friday,08:00 - 09:59,AM peak / school commute,True,False,True,True
1358760,Injury,Moderate Injury,2024,2024,July,Wednesday,20:00 - 21:59,MCPHERSONS CROSSING,RD,1480,South,BRAUNSTONE,RD,BRAUNSTONE,,No,Not a school zone,2-way undivided,-29.81508,152.915472,Clarence Valley,Country non-urban,Rest of NSW - Rural,Curved,Other bridge,,,Nil,Sealed,Dry,Fine,Darkness,Nil,No traffic controls,100 km/h,Local,81,Off left/rt bnd=>obj,803,Off right bend into obj,Left,Vehicle - Object,Car (sedan/hatch),,1,0,0,1,0,7,July,Winter,Wednesday,20:00 - 21:59,Evening / night,False,False,True,True
1358762,Injury,Moderate Injury,2024,2024,July,Tuesday,16:00 - 17:59,BONDI,RD,0,Right on the spot,WELLINGTON,ST,BONDI,172.0,No,Not a school zone,T-junction,-33.893976,151.264026,Waverley,Sydney metro. area,Syd-Newc-Woll Gtr conurbation,Straight,Bus stop,,,Off,Sealed,Dry,Overcast,Daylight,Nil,Stop sign,50 km/h,State,88,Out of cont on bend,706,Left turn,,Rollover,Motor scooter,,1,0,0,1,0,7,July,Winter,Tuesday,16:00 - 17:59,PM peak / evening commute,True,False,True,True
1358764,Injury,Serious Injury,2024,2024,July,Saturday,10:00 - 11:59,GREAT WESTERN,HWY,300,East,HARLEY,AVE,MOUNT VICTORIA,5.0,No,Not a school zone,2-way undivided,-33.593991,150.260706,Blue Mountains,Country urban,Syd-Newc-Woll Gtr conurbation,Straight,,,,Nil,Sealed,Wet,Overcast,Daylight,Nil,No traffic controls,60 km/h,State,74,On road-out of cont.,705,Out of control on cway,,Rollover,Light truck utility(from 2018),,1,0,1,0,0,7,July,Winter,Saturday,10:00 - 11:59,Midday / afternoon,False,False,True,True
1358767,Injury,Serious Injury,2024,2024,May,Sunday,04:00 - 05:59,MARSDEN,RD,50,East,CUMBERLAND,HWY,CARLINGFORD,158.0,No,Not a school zone,Divided road,-33.77996,151.052679,Parramatta,Sydney metro. area,Syd-Newc-Woll Gtr conurbation,Straight,,,,On,Sealed,Wet,Raining,Darkness,Nil,No traffic controls,60 km/h,State,71,Off rd left => obj,703,Left off cway into object,,Vehicle - Object,Car (sedan/hatch),,1,0,1,0,1,5,May,Autumn,Sunday,04:00 - 05:59,Late night / early morning,False,False,True,True
1358768,Injury,Serious Injury,2024,2024,July,Wednesday,12:00 - 13:59,JAMBEROO MOUNTAIN,RD,530,East,BARREN GROUNDS,RD,JAMBEROO,264.0,No,Not a school zone,2-way undivided,-34.669,150.716114,Kiama,Country urban,Rest of NSW - Urban,Curved,,,Other hazardous feature,Unknown / not stated,Sealed,Unknown,Unknown,Daylight,Nil,No traffic controls,60 km/h,Regional,81,Off left/rt bnd=>obj,803,Off right bend into obj,Left,Vehicle - Object,Motorcycle,,1,0,1,0,0,7,July,Winter,Wednesday,12:00 - 13:59,Midday / afternoon,False,False,True,True
1358771,Injury,Moderate Injury,2024,2024,July,Tuesday,16:00 - 17:59,WATER,ST,0,Right on the spot,WOODBURN,RD,LIDCOMBE,,No,Not a school zone,T-junction,-33.861957,151.036508,Cumberland,Sydney metro. area,Syd-Newc-Woll Gtr conurbation,Straight,,Police pursuit,,Off,Sealed,Dry,Fine,Daylight,Nil,No traffic controls,50 km/h,Local,54,Cutting in,504,Ovtak - Cutting in,,Other angle,Motorcycle,Car (sedan/hatch),3,0,0,1,0,7,July,Winter,Tuesday,16:00 - 17:59,PM peak / evening commute,True,False,True,True
1358773,Injury,Minor/Other Injury,2024,2024,July,Tuesday,16:00 - 17:59,BROWN,RD,0,Right on the spot,NUMBER 97,HN,BONNYRIGG,,No,Not a school zone,2-way undivided,-33.89447,150.881008,Fairfield,Sydney metro. area,Syd-Newc-Woll Gtr conurbation,Straight,,,,Nil,Sealed,Dry,Fine,Darkness,Nil,No traffic controls,60 km/h,Local,71,Off rd left => obj,703,Left off cway into object,,Vehicle - Object,Station wagon,,2,0,0,0,1,7,July,Winter,Tuesday,16:00 - 17:59,PM peak / evening commute,True,False,True,True
1358775,Injury,Moderate Injury,2024,2024,July,Friday,08:00 - 09:59,WESTERN,EXP,100,East,GREAT WESTERN HIGHWAY,TO,HOLROYD,6004.0,No,Not a school zone,Dual freeway,-33.827818,150.999628,Parramatta,Sydney metro. area,Syd-Newc-Woll Gtr conurbation,Curved,,,,Off,Sealed,Dry,Fine,Daylight,Nil,No traffic controls,90 km/h,State,33,Lane sideswipe,305,Same - Lane side swipe,,Other angle,Semi-trailer,4 wheel drive / SUV,2,0,0,1,0,7,July,Winter,Friday,08:00 - 09:59,AM peak / school commute,True,False,True,True