crash_id,degree_of_crash,degree_of_crash_-_detailed,reporting_year,year_of_crash,month_of_crash,day_of_week_of_crash,two-hour_intervals,street_of_crash,street_type,distance,direction,identifying_feature,identifying_feature_type,town,route_no.,school_zone_location,school_zone_active,type_of_location,latitude,longitude,lga,urbanisation,conurbation_1,alignment,primary_permanent_feature,primary_temporary_feature,primary_hazardous_feature,street_lighting,road_surface,surface_condition,weather,natural_lighting,signals_operation,other_traffic_control,speed_limit,road_classification_(admin),rum_-_code,rum_-_description,dca_-_code,dca_-_description,dca_supplement,first_impact_type,key_tu_type,other_tu_type,no._of_traffic_units_involved,no._killed,no._seriously_injured,no._moderately_injured,no._minor-other_injured,month_num,month_label,season,day_label,time_label,time_band,is_peak_commute,is_fatal,is_injury,is_casualty
1358776,Injury,Moderate Injury,2024,2024,June,Thursday,14:00 - 15:59,PRINCES,HWY,0,Right on the spot,BAY,ST,ROCKDALE,1.0,No,Not a school zone,X-intersection,-33.952926,151.137616,Bayside,Sydney metro. area,Syd-Newc-Woll Gtr conurbation,Curved,,,,On,Sealed,Dry,Fine,Daylight,On,Ped crossing,60 km/h,State,0,Ped nearside,1,Ped - Near side,,Vehicle - Pedestrian,Car (sedan/hatch),Pedestrian,2,0,0,1,0,6,June,Winter,Thursday,14:00 - 15:59,Midday / afternoon,False,False,True,True
1358780,Injury,Serious Injury,2024,2024,April,Thursday,12:00 - 13:59,WAVERLEY,ST,37,West,HOLLYWOOD,AVE,BONDI JUNCTION,,No,Not a school zone,2-way undivided,-33.892544,151.251449,Waverley,Sydney metro. area,Syd-Newc-Woll Gtr conurbation,Straight,Driveway/entrance,,,Off,Sealed,Dry,Fine,Daylight,Nil,No traffic controls,50 km/h,Local,47,Emerging from drive,406,Manov - Emerging from driveway,,Right angle,4 wheel drive / SUV,Car (sedan/hatch),3,0,2,0,0,4,April,Autumn,Thursday,12:00 - 13:59,Midday / afternoon,False,False,True,True
1358784,Injury,Serious Injury,2024,2024,July,Tuesday,16:00 - 17:59,MINORE,RD,1000,East,NORTH MINORE,RD,MINORE,,No,Not a school zone,2-way undivided,-32.259046,148.466546,Dubbo Regional,Country non-urban,Rest of NSW - Rural,Straight,,,,Nil,Sealed,Dry,Fine,Dusk,Nil,No traffic controls,100 km/h,Local,71,Off rd left => obj,703,Left off cway into object,,Vehicle - Object,Car (sedan/hatch),,1,0,1,0,0,7,July,Winter,Tuesday,16:00 - 17:59,PM peak / evening commute,True,False,True,True
1358786,Injury,Moderate Injury,2024,2024,July,Thursday,12:00 - 13:59,MARLBOROUGH,ST,0,Right on the spot,CARPARK,ENT,DRUMMOYNE,395.0,No,Not a school zone,1-way street,-33.851293,151.153165,Canada Bay,Sydney metro. area,Syd-Newc-Woll Gtr conurbation,Straight,Driveway/entrance,,,Off,Sealed,Dry,Fine,Daylight,Nil,No traffic controls,50 km/h,State,47,Emerging from drive,406,Manov - Emerging from driveway,,Right angle,Car (sedan/hatch),Pedal cycle,2,0,0,1,0,7,July,Winter,Thursday,12:00 - 13:59,Midday / afternoon,False,False,True,True
1358788,Injury,Moderate Injury,2024,2024,July,Saturday,14:00 - 15:59,PRINCES,HWY,0,Right on the spot,TINDALLS,LANE,BERRY,1.0,No,Not a school zone,T-junction,-34.766246,150.718253,Shoalhaven,Country non-urban,Rest of NSW - Rural,Straight,,,,Nil,Sealed,Dry,Fine,Daylight,Nil,No traffic controls,100 km/h,State,87,Off lft/lft bnd=>obj,706,Left turn,Left,Vehicle - Object,4 wheel drive / SUV,,1,0,0,1,0,7,July,Winter,Saturday,14:00 - 15:59,Midday / afternoon,False,False,True,True
1358791,Injury,Serious Injury,2024,2024,July,Saturday,22:00 - Midnight,ROBERTS,RD,0,Right on the spot,AMARINA,AVE,GREENACRE,200.0,No,Not a school zone,T-junction,-33.900597,151.065146,Strathfield,Sydney metro. area,Syd-Newc-Woll Gtr conurbation,Straight,,,,On,Sealed,Dry,Fine,Darkness,On,No traffic controls,70 km/h,State,21,Right through,202,Opp - Right-thru,,Other angle,Car (sedan/hatch),Car (sedan/hatch),2,0,1,0,0,7,July,Winter,Saturday,22:00 - Midnight,Evening / night,False,False,True,True
1358792,Injury,Serious Injury,2024,2024,May,Thursday,12:00 - 13:59,BOUNDARY,RD,0,Right on the spot,HESSION,RD,OAKVILLE,7205.0,No,Not a school zone,X-intersection,-33.616037,150.901486,The Hills,Sydney metro. area,Syd-Newc-Woll Gtr conurbation,Straight,,,,Nil,Sealed,Dry,Fine,Daylight,Nil,Give way sign,80 km/h,Regional,11,Right far,102,Adj - Right-thru from left,,Right angle,Car (sedan/hatch),Utility,2,0,1,0,1,5,May,Autumn,Thursday,12:00 - 13:59,Midday / afternoon,False,False,True,True
1358794,Injury,Moderate Injury,2024,2024,July,Tuesday,16:00 - 17:59,PRINCES,HWY,0,Right on the spot,SOUTHERN,EXP,ALBION PARK RAIL,1.0,No,Not a school zone,Roundabout,-34.573732,150.821165,Shellharbour,Wollongong met. area,Syd-Newc-Woll Gtr conurbation,Curved,Other bridge,,,Off,Sealed,Dry,Fine,Daylight,On,No traffic controls,60 km/h,State,21,Right through,202,Opp - Right-thru,,Other angle,Car (sedan/hatch),Car (sedan/hatch),2,0,0,2,0,7,July,Winter,Tuesday,16:00 - 17:59,PM peak / evening commute,True,False,True,True
1358795,Injury,Moderate Injury,2024,2024,July,Sunday,18:00 - 19:59,STUART,ST,50,North,BURRINGBAR,ST,MULLUMBIMBY,,No,Not a school zone,2-way undivided,-28.552882,153.500907,Byron,Country urban,Rest of NSW - Urban,Straight,Painted double centre lines,,,On,Sealed,Dry,Fine,Darkness,Nil,No traffic controls,30 km/h,Local,20,Head on,201,Opp - Head on,,Head-on,Station wagon,Station wagon,2,0,0,1,0,7,July,Winter,Sunday,18:00 - 19:59,PM peak / evening commute,True,False,True,True
1358796,Injury,Serious Injury,2024,2024,June,Thursday,16:00 - 17:59,SQUIRES,WAY,0,Right on the spot,PUCKEY,AVE,NORTH WOLLONGONG,7642.0,No,Not a school zone,T-junction,-34.402325,150.900289,Wollongong,Wollongong met. area,Syd-Newc-Woll Gtr conurbation,Straight,,,,Off,Sealed,Wet,Raining,Daylight,Off,Other traf. control,70 km/h,Regional,21,Right through,202,Opp - Right-thru,,Other angle,Light truck utility(from 2018),Motorcycle,2,0,1,0,0,6,June,Winter,Thursday,16:00 - 17:59,PM peak / evening commute,True,False,True,True
1358800,Injury,Serious Injury,2024,2024,July,Sunday,06:00 - 07:59,SUNSHINE,PDE,0,Right on the spot,NUMBER 74,HN,SUNSHINE,,No,Not a school zone,2-way undivided,-33.114171,151.564048,Lake Macquarie,Newcastle met. area,Syd-Newc-Woll Gtr conurbation,Straight,Foot/cycle path/nature strip,,,Nil,Sealed,Dry,Fine,Daylight,Nil,No traffic controls,50 km/h,Local,49,Other manoeuvring,400,Manov - other,,Other angle,Motorcycle,,1,0,1,0,0,7,July,Winter,Sunday,06:00 - 07:59,AM peak / school commute,True,False,True,True
1358804,Injury,Serious Injury,2024,2024,July,Sunday,18:00 - 19:59,CAMPBELL,ST,0,Right on the spot,NUMBER 67,HN,WOONONA,,No,Not a school zone,2-way undivided,-34.343525,150.913333,Wollongong,Wollongong met. area,Syd-Newc-Woll Gtr conurbation,Straight,Foot/cycle path/nature strip,,,On,Sealed,Dry,Fine,Darkness,Nil,No traffic controls,50 km/h,Local,71,Off rd left => obj,703,Left off cway into object,,Other angle,Motorcycle,Car (sedan/hatch),2,0,1,0,0,7,July,Winter,Sunday,18:00 - 19:59,PM peak / evening commute,True,False,True,True
1358805,Injury,Moderate Injury,2024,2024,July,Tuesday,14:00 - 15:59,LAWSON,ST,200,East,GILMORE,CRES,BYRON BAY,,No,Not a school zone,2-way undivided,-28.642896,153.618627,Byron,Country urban,Rest of NSW - Urban,Straight,,,,Nil,Sealed,Dry,Fine,Daylight,Nil,No traffic controls,50 km/h,Local,2,Ped far side,3,Ped - Far side,,Vehicle - Pedestrian,4 wheel drive / SUV,Pedestrian,2,0,0,1,0,7,July,Winter,Tuesday,14:00 - 15:59,Midday / afternoon,False,False,True,True
1358807,Injury,Moderate Injury,2024,2024,June,Friday,04:00 - 05:59,THE HORSLEY,DR,20,West,JUSTIN,ST,SMITHFIELD,2105.0,Yes,No,Divided road,-33.853152,150.938077,Fairfield,Sydney metro. area,Syd-Newc-Woll Gtr conurbation,Straight,,,,On,Sealed,Dry,Fine,Darkness,Nil,No traffic controls,60 km/h,Regional,20,Head on,201,Opp - Head on,,Head-on,4 wheel drive / SUV,4 wheel drive / SUV,2,0,0,1,0,6,June,Winter,Friday,04:00 - 05:59,Late night / early morning,False,False,True,True
1358813,Injury,Minor/Other Injury,2024,2024,July,Monday,16:00 - 17:59,HARROW,RD,0,Right on the spot,AUBURN BAPTIST CHURCH,ENT,AUBURN,,No,Not a school zone,2-way undivided,-33.853147,151.03115,Cumberland,Sydney metro. area,Syd-Newc-Woll Gtr conurbation,Straight,Driveway/entrance,,,Nil,Sealed,Dry,Fine,Dusk,Nil,No traffic controls,50 km/h,Local,21,Right through,202,Opp - Right-thru,,Other angle,Car (sedan/hatch),4 wheel drive / SUV,3,0,0,0,1,7,July,Winter,Monday,16:00 - 17:59,PM peak / evening commute,True,False,True,True
1358814,Injury,Serious Injury,2024,2024,June,Tuesday,04:00 - 05:59,ALLAMBIE,RD,50,North,ARNHEM,RD,ALLAMBIE HEIGHTS,7345.0,No,Not a school zone,2-way undivided,-33.756235,151.244739,Northern Beaches,Sydney metro. area,Syd-Newc-Woll Gtr conurbation,Curved,Steep grade,,,On,Sealed,Dry,Fine,Darkness,Nil,No traffic controls,60 km/h,Regional,55,Pulling out rear end,505,Ovtak - Pulling out rear end,,Rear end,Unknown motor vehicle,Pedal cycle,3,0,1,0,0,6,June,Winter,Tuesday,04:00 - 05:59,Late night / early morning,False,False,True,True
1358815,Injury,Serious Injury,2024,2024,July,Thursday,10:00 - 11:59,SAMDON,ST,0,Right on the spot,TUDOR,ST,HAMILTON,,No,Not a school zone,X-intersection,-32.923222,151.741989,Newcastle,Newcastle met. area,Syd-Newc-Woll Gtr conurbation,Straight,,,,Off,Sealed,Dry,Fine,Daylight,Nil,Stop sign,50 km/h,Local,10,Cross traffic,101,Adj - Cross traffic,,Right angle,Car (sedan/hatch),Car (sedan/hatch),2,0,2,0,0,7,July,Winter,Thursday,10:00 - 11:59,Midday / afternoon,False,False,True,True
1358816,Injury,Moderate Injury,2024,2024,July,Monday,10:00 - 11:59,TWEED VALLEY,WAY,200,North,ROSE,LANE,SOUTH MURWILLUMBAH,679.0,Yes,No,2-way undivided,-28.341438,153.399938,Tweed,Country urban,Rest of NSW - Urban,Curved,Painted double centre lines,,,Nil,Sealed,Dry,Fine,Daylight,Nil,No traffic controls,50 km/h,Regional,20,Head on,201,Opp - Head on,,Head-on,Car (sedan/hatch),Large rigid,2,0,0,1,0,7,July,Winter,Monday,10:00 - 11:59,Midday / afternoon,False,False,True,True
1358829,Injury,Minor/Other Injury,2024,2024,April,Tuesday,14:00 - 15:59,STURT,HWY,200,South,ALFRED ELMS,RD,TRENTHAM CLIFFS,14.0,No,Not a school zone,2-way undivided,-34.242727,142.249054,Wentworth,Country non-urban,Rest of NSW - Rural,Straight,Painted double centre lines,,,Nil,Sealed,Dry,Fine,Daylight,Nil,No traffic controls,100 km/h,State,20,Head on,201,Opp - Head on,,Head-on,Light truck utility(from 2018),B-double (road train prior 98),2,0,0,0,1,4,April,Autumn,Tuesday,14:00 - 15:59,Midday / afternoon,False,False,True,True
1358830,Injury,Minor/Other Injury,2024,2024,April,Friday,08:00 - 09:59,MARRICKVILLE,RD,0,Right on the spot,SEAVIEW,ST,DULWICH HILL,7054.0,No,Not a school zone,T-junction,-33.90424,151.143326,Inner West,Sydney metro. area,Syd-Newc-Woll Gtr conurbation,Straight,Foot/cycle path/nature strip,,,Off,Sealed,Wet,Raining,Daylight,Nil,Ped crossing,40 km/h,Regional,48,From footpath,408,Manov - From footway,,Other angle,Pedal cycle,Car (sedan/hatch),2,0,0,0,1,4,April,Autumn,Friday,08:00 - 09:59,AM peak / school commute,True,False,True,True
1358831,Injury,Serious Injury,2024,2024,March,Thursday,22:00 - Midnight,CABRAMATTA,RD,0,Right on the spot,WATER,ST,CABRAMATTA WEST,534.0,No,Not a school zone,T-junction,-33.897596,150.914099,Fairfield,Sydney metro. area,Syd-Newc-Woll Gtr conurbation,Straight,,,,On,Sealed,Dry,Fine,Darkness,Nil,Give way sign,60 km/h,State,40,U turn,304,Same - U-turn,,Other angle,Car (sedan/hatch),Car (sedan/hatch),2,0,1,0,0,3,March,Autumn,Thursday,22:00 - Midnight,Evening / night,False,False,True,True
1358832,Injury,Serious Injury,2024,2024,April,Thursday,18:00 - 19:59,FAY,AVE,0,Right on the spot,LAKE ALBERT,RD,KOORINGAL,,No,Not a school zone,T-junction,-35.14038,147.375207,Wagga Wagga,Country urban,Rest of NSW - Urban,Straight,,,,Off,Sealed,Dry,Fine,Daylight,On,No traffic controls,60 km/h,Local,21,Right through,202,Opp - Right-thru,,Other angle,Motorcycle,Car (sedan/hatch),2,0,1,1,0,4,April,Autumn,Thursday,18:00 - 19:59,PM peak / evening commute,True,False,True,True
1358834,Injury,Minor/Other Injury,2024,2024,April,Wednesday,16:00 - 17:59,KAITLERS,RD,0,Right on the spot,KIMBERLEY,CT,LAVINGTON,,No,Not a school zone,X-intersection,-36.033966,146.949869,Albury,Country urban,Rest of NSW - Urban,Straight,,,,Unknown / not stated,Sealed,Dry,Fine,Dusk,Nil,Give way sign,60 km/h,Local,21,Right through,202,Opp - Right-thru,,Other angle,Car (sedan/hatch),Car (sedan/hatch),2,0,0,0,1,4,April,Autumn,Wednesday,16:00 - 17:59,PM peak / evening commute,True,False,True,True
1358835,Injury,Serious Injury,2024,2024,April,Monday,06:00 - 07:59,CAMPBELL,ST,20,East,BURKE,AVE,BERALA,,No,Not a school zone,2-way undivided,-33.871998,151.032852,Cumberland,Sydney metro. area,Syd-Newc-Woll Gtr conurbation,Straight,,,,Off,Sealed,Dry,Fine,Daylight,Nil,Ped crossing,50 km/h,Local,2,Ped far side,3,Ped - Far side,,Vehicle - Pedestrian,Car (sedan/hatch),Pedestrian,2,0,1,0,0,4,April,Autumn,Monday,06:00 - 07:59,AM peak / school commute,True,False,True,True
1358836,Injury,Moderate Injury,2024,2024,April,Sunday,16:00 - 17:59,MORRIS,ST,25,West,GORDON,ST,ST MARYS,,No,Not a school zone,2-way undivided,-33.772759,150.779195,Penrith,Sydney metro. area,Syd-Newc-Woll Gtr conurbation,Straight,,,,Off,Sealed,Dry,Fine,Daylight,Nil,No traffic controls,50 km/h,Local,71,Off rd left => obj,703,Left off cway into object,,Other angle,4 wheel drive / SUV,Car (sedan/hatch),2,0,0,1,0,4,April,Autumn,Sunday,16:00 - 17:59,PM peak / evening commute,True,False,True,True
1358837,Injury,Moderate Injury,2024,2024,April,Monday,14:00 - 15:59,UNWINS BRIDGE,RD,20,North,MARY,ST,ST PETERS,2099.0,No,Not a school zone,2-way undivided,-33.912526,151.17206,Inner West,Sydney metro. area,Syd-Newc-Woll Gtr conurbation,Straight,,,,Off,Sealed,Dry,Fine,Daylight,Nil,No traffic controls,50 km/h,Regional,63,Vehicle door,604,On path - Vehicle door,,Other angle,Pedal cycle,4 wheel drive / SUV,2,0,0,1,0,4,April,Autumn,Monday,14:00 - 15:59,Midday / afternoon,False,False,True,True
1358839,Injury,Moderate Injury,2024,2024,May,Thursday,12:00 - 13:59,GARFIELD,RD,0,Right on the spot,NUMBER 30,HN,RIVERSTONE,546.0,No,Not a school zone,2-way undivided,-33.679235,150.861884,Blacktown,Sydney metro. area,Syd-Newc-Woll Gtr conurbation,Straight,,,,Unknown / not stated,Sealed,Dry,Fine,Daylight,Nil,No traffic controls,50 km/h,State,63,Vehicle door,604,On path - Vehicle door,,Other angle,Car (sedan/hatch),4 wheel drive / SUV,2,0,0,1,0,5,May,Autumn,Thursday,12:00 - 13:59,Midday / afternoon,False,False,True,True
1358840,Injury,Moderate Injury,2024,2024,April,Saturday,06:00 - 07:59,NEW ENGLAND,HWY,1000,North,OXLEY,HWY,BENDEMEER,9.0,No,Not a school zone,2-way undivided,-30.87276,151.167612,Tamworth Regional,Country non-urban,Rest of NSW - Rural,Curved,Steep grade,,,Nil,Sealed,Dry,Fine,Daylight,Nil,No traffic controls,100 km/h,State,81,Off left/rt bnd=>obj,803,Off right bend into obj,Left,Vehicle - Object,Car (sedan/hatch),,1,0,0,1,0,4,April,Autumn,Saturday,06:00 - 07:59,AM peak / school commute,True,False,True,True
1358841,Injury,Serious Injury,2024,2024,April,Sunday,10:00 - 11:59,PACIFIC,HWY,150,South,BROOKLYN,RD,COWAN,10.0,No,Not a school zone,2-way undivided,-33.546548,151.197372,Hornsby,Sydney metro. area,Syd-Newc-Woll Gtr conurbation,Curved,Steep grade,,,Nil,Sealed,Dry,Fine,Daylight,Nil,No traffic controls,80 km/h,State,85,Off rt/lft bnd=>obj,804,Off left bend into obj,Right,Vehicle - Object,Motorcycle,,1,0,1,0,0,4,April,Autumn,Sunday,10:00 - 11:59,Midday / afternoon,False,False,True,True
1358843,Injury,Serious Injury,2024,2024,April,Thursday,08:00 - 09:59,BARRIER,HWY,1000,West,KALLARA,RD,HERMIDALE,8.0,No,Not a school zone,2-way undivided,-31.556616,146.496624,Bogan,Country non-urban,Rest of NSW - Rural,Straight,Embankment/cutting,,,Nil,Sealed,Dry,Fine,Daylight,Nil,No traffic controls,110 km/h,State,70,Off road to left,701,Off carriageway to left,,Rollover,Car (sedan/hatch),,1,0,1,0,0,4,April,Autumn,Thursday,08:00 - 09:59,AM peak / school commute,True,False,True,True
1358846,Injury,Moderate Injury,2024,2024,April,Saturday,20:00 - 21:59,GENERAL HOLMES,DR,10,North,ROWLEY,ST,BRIGHTON-LE-SANDS,194.0,No,Not a school zone,X-intersection,-33.95427,151.159075,Bayside,Sydney metro. area,Syd-Newc-Woll Gtr conurbation,Straight,,,,On,Sealed,Dry,Fine,Darkness,Nil,No traffic controls,60 km/h,State,34,Lane change right,306,Same - Lane change right,,Other angle,Car (sedan/hatch),Car (sedan/hatch),2,0,0,2,0,4,April,Autumn,Saturday,20:00 - 21:59,Evening / night,False,False,True,True
1358847,Injury,Serious Injury,2024,2024,April,Wednesday,12:00 - 13:59,BRIBBAREE,RD,2900,West,MAIMURA,RD,THUDDUNGRA,,No,Not a school zone,2-way undivided,-34.201532,148.189003,Hilltops,Country non-urban,Rest of NSW - Rural,Curved,Embankment/cutting,,,Nil,Sealed,Dry,Fine,Daylight,Nil,No traffic controls,100 km/h,Local,81,Off left/rt bnd=>obj,803,Off right bend into obj,Left,Vehicle - Object,Car (sedan/hatch),,1,0,1,1,0,4,April,Autumn,Wednesday,12:00 - 13:59,Midday / afternoon,False,False,True,True
1358848,Injury,Minor/Other Injury,2024,2024,April,Monday,14:00 - 15:59,PUDMAN,ST,70,East,MARKET,ST,BOOROWA,241.0,No,Not a school zone,2-way undivided,-34.436785,148.718855,Hilltops,Country urban,Rest of NSW - Urban,Straight,Other bridge,,,Nil,Sealed,Dry,Overcast,Daylight,Nil,No traffic controls,50 km/h,Regional,71,Off rd left => obj,703,Left off cway into object,,Vehicle - Object,Car (sedan/hatch),,1,0,0,0,1,4,April,Autumn,Monday,14:00 - 15:59,Midday / afternoon,False,False,True,True
1358850,Injury,Serious Injury,2024,2024,April,Friday,10:00 - 11:59,HUME,HWY,85,East,AUBURN,RD,YAGOONA,2.0,No,Not a school zone,Divided road,-33.907197,151.021368,Canterbury-Bankstown,Sydney metro. area,Syd-Newc-Woll Gtr conurbation,Straight,Driveway/entrance,,,Off,Sealed,Dry,Fine,Daylight,Nil,No traffic controls,60 km/h,State,47,Emerging from drive,406,Manov - Emerging from driveway,,Right angle,Car (sedan/hatch),Motorised push scooters,2,0,1,0,0,4,April,Autumn,Friday,10:00 - 11:59,Midday / afternoon,False,False,True,True
1358852,Injury,Serious Injury,2024,2024,May,Friday,18:00 - 19:59,BOUNDARY,RD,200,East,WESTERN,RD,MEDOWIE,,No,Not a school zone,2-way undivided,-32.72098,151.866853,Port Stephens,Country urban,Rest of NSW - Urban,Straight,,,,On,Sealed,Wet,Raining,Darkness,Nil,No traffic controls,50 km/h,Local,74,On road-out of cont.,705,Out of control on cway,,Rollover,Motorised push scooters,,1,0,1,0,0,5,May,Autumn,Friday,18:00 - 19:59,PM peak / evening commute,True,False,True,True
1358854,Injury,Serious Injury,2024,2024,May,Wednesday,02:00 - 03:59,MITCHELL,HWY,100,South,GOBOLION,ST,WELLINGTON,7.0,No,Not a school zone,2-way undivided,-32.545799,148.941695,Dubbo Regional,Country urban,Rest of NSW - Urban,Straight,,,,On,Sealed,Wet,Fine,Darkness,Nil,No traffic controls,50 km/h,State,73,Off rd rght => obj,704,Right off cway into obj,,Vehicle - Object,4 wheel drive / SUV,,1,0,2,0,0,5,May,Autumn,Wednesday,02:00 - 03:59,Late night / early morning,False,False,True,True
1358855,Injury,Serious Injury,2024,2024,May,Tuesday,12:00 - 13:59,FERN,ST,120,North,BELINDA,ST,GERRINGONG,,No,Not a school zone,2-way undivided,-34.74611,150.827402,Kiama,Country urban,Rest of NSW - Urban,Straight,Steep grade,,,Off,Sealed,Dry,Fine,Daylight,Nil,Ped crossing,40 km/h,Local,0,Ped nearside,1,Ped - Near side,,Vehicle - Pedestrian,Car (sedan/hatch),Pedestrian,2,0,1,0,0,5,May,Autumn,Tuesday,12:00 - 13:59,Midday / afternoon,False,False,True,True
1358858,Injury,Moderate Injury,2024,2024,May,Saturday,10:00 - 11:59,PRINCES,HWY,500,North,MISONS,RD,JEREMADRA,1.0,No,Not a school zone,2-way undivided,-35.824869,150.12818,Eurobodalla,Country non-urban,Rest of NSW - Rural,Straight,Steep grade,,,Nil,Sealed,Dry,Fine,Daylight,Nil,No traffic controls,100 km/h,State,20,Head on,201,Opp - Head on,,Head-on,4 wheel drive / SUV,Car (sedan/hatch),2,0,0,2,0,5,May,Autumn,Saturday,10:00 - 11:59,Midday / afternoon,False,False,True,True
1358860,Injury,Serious Injury,2024,2024,April,Friday,14:00 - 15:59,PALMERS,RD,0,Right on the spot,WAKEFIELD,RD,RYHOPE,220.0,No,Not a school zone,T-junction,-32.989735,151.521761,Lake Macquarie,Newcastle met. area,Syd-Newc-Woll Gtr conurbation,Straight,,,,Nil,Sealed,Wet,Raining,Daylight,Nil,Stop sign,80 km/h,State,11,Right far,102,Adj - Right-thru from left,,Right angle,Light truck utility(from 2018),Car (sedan/hatch),2,0,1,0,0,4,April,Autumn,Friday,14:00 - 15:59,Midday / afternoon,False,False,True,True
1358863,Injury,Minor/Other Injury,2024,2024,April,Monday,16:00 - 17:59,OXFORD,ST,100,West,RILEY,ST,SURRY HILLS,7310.0,No,Not a school zone,2-way undivided,-33.877887,151.213427,Sydney,Sydney metro. area,Syd-Newc-Woll Gtr conurbation,Straight,,,,Nil,Sealed,Dry,Fine,Daylight,Nil,No traffic controls,40 km/h,Regional,35,Lane change left,307,Same - Lane change left,,Other angle,Car (sedan/hatch),Pedal cycle,2,0,0,0,1,4,April,Autumn,Monday,16:00 - 17:59,PM peak / evening commute,True,False,True,True
1358865,Injury,Moderate Injury,2024,2024,May,Tuesday,20:00 - 21:59,OXLEY,HWY,0,Right on the spot,EBSWORTH,ST,WEST TAMWORTH,11.0,No,Not a school zone,X-intersection,-31.092101,150.9228,Tamworth Regional,Country urban,Rest of NSW - Urban,Straight,,,,On,Sealed,Dry,Fine,Darkness,On,No traffic controls,60 km/h,State,10,Cross traffic,101,Adj - Cross traffic,,Right angle,Car (sedan/hatch),Light truck utility(from 2018),2,0,0,1,0,5,May,Autumn,Tuesday,20:00 - 21:59,Evening / night,False,False,True,True
1358867,Injury,Serious Injury,2024,2024,May,Sunday,22:00 - Midnight,FOREST,RD,0,Right on the spot,FIRTH,ST,ARNCLIFFE,168.0,Yes,No,X-intersection,-33.939186,151.14564,Bayside,Sydney metro. area,Syd-Newc-Woll Gtr conurbation,Straight,,,,On,Sealed,Dry,Fine,Darkness,On,No traffic controls,60 km/h,State,2,Ped far side,3,Ped - Far side,,Vehicle - Pedestrian,Station wagon,Pedestrian,2,0,1,1,0,5,May,Autumn,Sunday,22:00 - Midnight,Evening / night,False,False,True,True
1358872,Injury,Moderate Injury,2024,2024,May,Thursday,08:00 - 09:59,GLEBE,RD,0,Right on the spot,NUMBER 640,HN,ADAMSTOWN,188.0,No,Not a school zone,2-way undivided,-32.933847,151.723196,Newcastle,Newcastle met. area,Syd-Newc-Woll Gtr conurbation,Straight,Driveway/entrance,,,Nil,Sealed,Dry,Overcast,Daylight,Nil,No traffic controls,60 km/h,Regional,47,Emerging from drive,406,Manov - Emerging from driveway,,Right angle,4 wheel drive / SUV,Pedal cycle,2,0,0,1,0,5,May,Autumn,Thursday,08:00 - 09:59,AM peak / school commute,True,False,True,True
1358873,Injury,Minor/Other Injury,2024,2024,May,Thursday,22:00 - Midnight,BOURKE,ST,0,Right on the spot,LACHLAN,ST,WATERLOO,528.0,No,Not a school zone,T-junction,-33.900239,151.210311,Sydney,Sydney metro. area,Syd-Newc-Woll Gtr conurbation,Straight,,,,On,Sealed,Dry,Fine,Darkness,On,Ped crossing,50 km/h,State,2,Ped far side,3,Ped - Far side,,Vehicle - Pedestrian,4 wheel drive / SUV,Pedestrian,2,0,0,0,1,5,May,Autumn,Thursday,22:00 - Midnight,Evening / night,False,False,True,True
1358874,Injury,Serious Injury,2024,2024,April,Sunday,12:00 - 13:59,HEATHCOTE,RD,2000,North,NEW ILLAWARRA,RD,LUCAS HEIGHTS,512.0,No,Not a school zone,2-way undivided,-34.040416,150.959374,Sutherland,Sydney metro. area,Syd-Newc-Woll Gtr conurbation,Curved,,,,Off,Sealed,Dry,Fine,Daylight,Nil,No traffic controls,90 km/h,State,34,Lane change right,306,Same - Lane change right,,Other angle,Motorcycle,4 wheel drive / SUV,2,0,1,0,0,4,April,Autumn,Sunday,12:00 - 13:59,Midday / afternoon,False,False,True,True
1358875,Injury,Serious Injury,2024,2024,June,Sunday,16:00 - 17:59,TWELVE SIXTY,RD,6000,East,CRADLE CREEK,RD,GLENREAGH,,No,Not a school zone,2-way undivided,-30.114406,152.932411,Clarence Valley,Country non-urban,Rest of NSW - Rural,Curved,Embankment/cutting,,,Nil,Unsealed,Wet,Raining,Darkness,Nil,No traffic controls,100 km/h,Local,81,Off left/rt bnd=>obj,803,Off right bend into obj,Left,Vehicle - Object,Car (sedan/hatch),,1,0,1,0,0,6,June,Winter,Sunday,16:00 - 17:59,PM peak / evening commute,True,False,True,True
1358877,Injury,Moderate Injury,2024,2024,May,Sunday,04:00 - 05:59,GREAT WESTERN,HWY,0,Right on the spot,LITTLEBOURNE,ST,KELSO,5.0,No,Not a school zone,Roundabout,-33.419425,149.614989,Bathurst Regional,Country urban,Rest of NSW - Urban,Straight,Embankment/cutting,,,Nil,Sealed,Snow or ice,Fog or mist,Darkness,Nil,No traffic controls,60 km/h,State,73,Off rd rght => obj,704,Right off cway into obj,,Vehicle - Object,Car (sedan/hatch),,1,0,0,1,0,5,May,Autumn,Sunday,04:00 - 05:59,Late night / early morning,False,False,True,True
1358879,Injury,Minor/Other Injury,2024,2024,May,Thursday,08:00 - 09:59,MEMORIAL,AVE,0,Right on the spot,MUDIES,RD,ST IVES,,No,Not a school zone,Roundabout,-33.720627,151.16224,Ku-ring-gai,Sydney metro. area,Syd-Newc-Woll Gtr conurbation,Straight,,,,Nil,Sealed,Wet,Fine,Daylight,Nil,Give way sign,50 km/h,Local,10,Cross traffic,101,Adj - Cross traffic,,Right angle,4 wheel drive / SUV,Light truck,2,0,0,0,1,5,May,Autumn,Thursday,08:00 - 09:59,AM peak / school commute,True,False,True,True