crash_id,degree_of_crash,degree_of_crash_-_detailed,reporting_year,year_of_crash,month_of_crash,day_of_week_of_crash,two-hour_intervals,street_of_crash,street_type,distance,direction,identifying_feature,identifying_feature_type,town,route_no.,school_zone_location,school_zone_active,type_of_location,latitude,longitude,lga,urbanisation,conurbation_1,alignment,primary_permanent_feature,primary_temporary_feature,primary_hazardous_feature,street_lighting,road_surface,surface_condition,weather,natural_lighting,signals_operation,other_traffic_control,speed_limit,road_classification_(admin),rum_-_code,rum_-_description,dca_-_code,dca_-_description,dca_supplement,first_impact_type,key_tu_type,other_tu_type,no._of_traffic_units_involved,no._killed,no._seriously_injured,no._moderately_injured,no._minor-other_injured,month_num,month_label,season,day_label,time_label,time_band,is_peak_commute,is_fatal,is_injury,is_casualty
1358881,Injury,Minor/Other Injury,2024,2024,June,Saturday,16:00 - 17:59,KILDARE,RD,15,East,DOONSIDE,RD,DOONSIDE,,Yes,No,2-way undivided,-33.765087,150.869458,Blacktown,Sydney metro. area,Syd-Newc-Woll Gtr conurbation,Straight,,,,Off,Sealed,Dry,Fine,Dusk,Nil,No traffic controls,50 km/h,Local,0,Ped nearside,1,Ped - Near side,,Vehicle - Pedestrian,Unknown motor vehicle,Pedestrian,2,0,0,0,1,6,June,Winter,Saturday,16:00 - 17:59,PM peak / evening commute,True,False,True,True
1358882,Injury,Moderate Injury,2024,2024,May,Wednesday,20:00 - 21:59,BLAXLAND,RD,0,Right on the spot,BLAXLAND SERVICEWAY,MS,CAMPBELLTOWN,7191.0,No,Not a school zone,Roundabout,-34.054105,150.82159,Campbelltown,Sydney metro. area,Syd-Newc-Woll Gtr conurbation,Straight,,,,On,Sealed,Dry,Fine,Darkness,Nil,Give way sign,60 km/h,Regional,13,Right near,104,Adj - Right-thru from right,,Right angle,4 wheel drive / SUV,Car (sedan/hatch),2,0,0,2,0,5,May,Autumn,Wednesday,20:00 - 21:59,Evening / night,False,False,True,True
1358884,Injury,Moderate Injury,2024,2024,June,Monday,12:00 - 13:59,PUTTY,RD,4350,North,UPPER COLO,RD,COLO,503.0,No,Not a school zone,2-way undivided,-33.415151,150.797461,Hawkesbury,Country urban,Syd-Newc-Woll Gtr conurbation,Curved,Embankment/cutting,,,Nil,Sealed,Dry,Fine,Daylight,Nil,No traffic controls,80 km/h,State,85,Off rt/lft bnd=>obj,804,Off left bend into obj,Right,Vehicle - Object,Motorcycle,,1,0,0,1,0,6,June,Winter,Monday,12:00 - 13:59,Midday / afternoon,False,False,True,True
1358885,Injury,Minor/Other Injury,2024,2024,May,Tuesday,16:00 - 17:59,GRAND,DR,100,East,PARKES,DR,CENTENNIAL PARK,,No,Not a school zone,1-way street,-33.903533,151.236658,Randwick,Sydney metro. area,Syd-Newc-Woll Gtr conurbation,Straight,,,,Nil,Sealed,Wet,Other,Dusk,Nil,No traffic controls,30 km/h,Local,74,On road-out of cont.,705,Out of control on cway,,Rollover,Pedal cycle,,1,0,0,0,1,5,May,Autumn,Tuesday,16:00 - 17:59,PM peak / evening commute,True,False,True,True
1358886,Injury,Serious Injury,2024,2024,June,Saturday,10:00 - 11:59,FROME,ST,0,Right on the spot,LOCKE,ST,RAGLAN,,Yes,No,X-intersection,-33.42716,149.649505,Bathurst Regional,Country urban,Rest of NSW - Urban,Straight,,,,Nil,Sealed,Wet,Overcast,Daylight,Nil,Give way sign,50 km/h,Local,10,Cross traffic,101,Adj - Cross traffic,,Right angle,Utility,Car (sedan/hatch),2,0,1,0,0,6,June,Winter,Saturday,10:00 - 11:59,Midday / afternoon,False,False,True,True
1358888,Injury,Serious Injury,2024,2024,June,Wednesday,10:00 - 11:59,SOUTH WESTERN,EXP,0,Right on the spot,MOOREBANK AVENUE,TO,MOOREBANK,6005.0,No,Not a school zone,Dual freeway,-33.939192,150.92107,Liverpool,Sydney metro. area,Syd-Newc-Woll Gtr conurbation,Straight,Other bridge,,,Nil,Sealed,Dry,Fine,Daylight,Nil,No traffic controls,100 km/h,State,30,Rear end,301,Same - Rear end,,Rear end,4 wheel drive / SUV,Car (sedan/hatch),2,0,1,0,0,6,June,Winter,Wednesday,10:00 - 11:59,Midday / afternoon,False,False,True,True
1358889,Injury,Minor/Other Injury,2024,2024,June,Saturday,22:00 - Midnight,CONSETT,ST,0,Right on the spot,NUMBER 29,HN,CONCORD WEST,,No,Not a school zone,2-way undivided,-33.853499,151.088483,Canada Bay,Sydney metro. area,Syd-Newc-Woll Gtr conurbation,Straight,Driveway/entrance,,,On,Sealed,Dry,Fine,Darkness,Nil,No traffic controls,50 km/h,Local,46,Reversing into obj,405,Manov - Reverse into fixed obj,,Vehicle - Object,Car (sedan/hatch),,1,0,0,0,1,6,June,Winter,Saturday,22:00 - Midnight,Evening / night,False,False,True,True
1358891,Injury,Moderate Injury,2024,2024,June,Tuesday,06:00 - 07:59,THREE BROTHERS,RD,0,Right on the spot,NUMBER 1215,HN,HOBBYS YARDS,,No,Not a school zone,2-way undivided,-33.682885,149.33075,Blayney,Country non-urban,Rest of NSW - Rural,Straight,,,Other hazardous feature,Nil,Sealed,Wet,Fog or mist,Daylight,Nil,No traffic controls,100 km/h,Local,73,Off rd rght => obj,704,Right off cway into obj,,Vehicle - Object,Light truck utility(from 2018),,1,0,0,1,0,6,June,Winter,Tuesday,06:00 - 07:59,AM peak / school commute,True,False,True,True
1358892,Injury,Serious Injury,2024,2024,May,Tuesday,16:00 - 17:59,PEROUSE,RD,100,South,HOWARD,ST,RANDWICK,,No,Not a school zone,2-way undivided,-33.924183,151.244839,Randwick,Sydney metro. area,Syd-Newc-Woll Gtr conurbation,Straight,,,,Off,Sealed,Dry,Fine,Daylight,Nil,No traffic controls,50 km/h,Local,71,Off rd left => obj,703,Left off cway into object,,Other angle,Motorised push scooters,Car (sedan/hatch),3,0,1,0,0,5,May,Autumn,Tuesday,16:00 - 17:59,PM peak / evening commute,True,False,True,True
1358900,Injury,Moderate Injury,2024,2024,June,Tuesday,20:00 - 21:59,HUME,HWY,0,Right on the spot,ELIZABETH,DR,LIVERPOOL,2.0,No,Not a school zone,X-intersection,-33.919475,150.919506,Liverpool,Sydney metro. area,Syd-Newc-Woll Gtr conurbation,Straight,,,,On,Sealed,Dry,Fine,Darkness,On,No traffic controls,60 km/h,State,30,Rear end,301,Same - Rear end,,Rear end,B-double (road train prior 98),4 wheel drive / SUV,2,0,0,2,1,6,June,Winter,Tuesday,20:00 - 21:59,Evening / night,False,False,True,True
1358902,Injury,Serious Injury,2024,2024,May,Sunday,22:00 - Midnight,REDFERN,ST,75,East,VERRELL,ST,WETHERILL PARK,,No,Not a school zone,2-way undivided,-33.844922,150.92113,Fairfield,Sydney metro. area,Syd-Newc-Woll Gtr conurbation,Straight,Driveway/entrance,,,Nil,Sealed,Dry,Fine,Darkness,Nil,No traffic controls,50 km/h,Local,49,Other manoeuvring,400,Manov - other,,Other angle,Semi-trailer,Light truck,2,0,1,1,0,5,May,Autumn,Sunday,22:00 - Midnight,Evening / night,False,False,True,True
1358904,Injury,Moderate Injury,2024,2024,May,Sunday,12:00 - 13:59,HUNGERFORD,RD,500,West,LACHLAN,ST,NORTH BOURKE,404.0,No,Not a school zone,2-way undivided,-30.049706,145.939677,Bourke,Country non-urban,Rest of NSW - Rural,Curved,,,,Nil,Sealed,Dry,Fine,Daylight,Nil,No traffic controls,110 km/h,Regional,85,Off rt/lft bnd=>obj,804,Off left bend into obj,Right,Vehicle - Object,Car (sedan/hatch),,1,0,0,1,0,5,May,Autumn,Sunday,12:00 - 13:59,Midday / afternoon,False,False,True,True
1358905,Injury,Minor/Other Injury,2024,2024,May,Monday,02:00 - 03:59,PACIFIC,HWY,600,South,GODFREY HILL,RD,KOORAINGHAT,10.0,No,Not a school zone,Divided road,-31.989915,152.469901,Mid-Coast,Country non-urban,Rest of NSW - Rural,Curved,Steep grade,,,Nil,Sealed,Dry,Fine,Darkness,Nil,No traffic controls,110 km/h,State,86,Off left/left bend,802,Off cway left bend,Left,Rollover,Semi-trailer,,1,0,0,0,1,5,May,Autumn,Monday,02:00 - 03:59,Late night / early morning,False,False,True,True
1358906,Injury,Moderate Injury,2024,2024,June,Tuesday,10:00 - 11:59,CHARLESTOWN,RD,0,Right on the spot,HILLSBOROUGH,RD,CHARLESTOWN,674.0,No,Not a school zone,T-junction,-32.956704,151.686671,Lake Macquarie,Newcastle met. area,Syd-Newc-Woll Gtr conurbation,Curved,Steep grade,,,Off,Sealed,Dry,Fine,Daylight,On,No traffic controls,60 km/h,State,16,Left near,107,Adj - Left-thru from right,,Right angle,4 wheel drive / SUV,4 wheel drive / SUV,2,0,0,1,0,6,June,Winter,Tuesday,10:00 - 11:59,Midday / afternoon,False,False,True,True
1358908,Injury,Moderate Injury,2024,2024,June,Tuesday,16:00 - 17:59,LILYFIELD,RD,0,Right on the spot,NORTON,ST,LILYFIELD,,No,Not a school zone,T-junction,-33.87369,151.155952,Inner West,Sydney metro. area,Syd-Newc-Woll Gtr conurbation,Straight,Foot/cycle path/nature strip,,,On,Sealed,Dry,Fine,Darkness,Nil,Give way sign,50 km/h,Local,21,Right through,202,Opp - Right-thru,,Other angle,4 wheel drive / SUV,Pedal cycle,2,0,0,1,0,6,June,Winter,Tuesday,16:00 - 17:59,PM peak / evening commute,True,False,True,True
1358909,Injury,Serious Injury,2024,2024,June,Saturday,12:00 - 13:59,ROCKY POINT,RD,20,North,RUSSELL,AVE,SANS SOUCI,199.0,No,Not a school zone,Divided road,-33.992566,151.131953,Bayside,Sydney metro. area,Syd-Newc-Woll Gtr conurbation,Straight,,,,On,Sealed,Wet,Raining,Daylight,Nil,No traffic controls,70 km/h,State,30,Rear end,301,Same - Rear end,,Rear end,Light truck utility(from 2018),Car (sedan/hatch),3,0,1,0,0,6,June,Winter,Saturday,12:00 - 13:59,Midday / afternoon,False,False,True,True
1358912,Injury,Moderate Injury,2024,2024,June,Monday,20:00 - 21:59,BARRALLIER,DR,0,Right on the spot,LOUDON,PDE,MARSDEN PARK,,No,Not a school zone,X-intersection,-33.694379,150.810465,Blacktown,Sydney metro. area,Syd-Newc-Woll Gtr conurbation,Straight,,,,On,Sealed,Dry,Fine,Darkness,Nil,Give way sign,50 km/h,Local,13,Right near,104,Adj - Right-thru from right,,Right angle,Car (sedan/hatch),Car (sedan/hatch),2,0,0,3,1,6,June,Winter,Monday,20:00 - 21:59,Evening / night,False,False,True,True
1358915,Injury,Minor/Other Injury,2024,2024,June,Wednesday,10:00 - 11:59,FOUNTAIN,ST,0,Right on the spot,MCEVOY,ST,ALEXANDRIA,193.0,No,Not a school zone,T-junction,-33.902844,151.195861,Sydney,Sydney metro. area,Syd-Newc-Woll Gtr conurbation,Straight,,,,Unknown / not stated,Sealed,Dry,Fine,Daylight,On,No traffic controls,50 km/h,State,30,Rear end,301,Same - Rear end,,Rear end,Light truck utility(from 2018),4 wheel drive / SUV,2,0,0,0,1,6,June,Winter,Wednesday,10:00 - 11:59,Midday / afternoon,False,False,True,True
1358918,Injury,Moderate Injury,2024,2024,July,Friday,00:01 - 01:59,CLYDE,RD,0,Right on the spot,NUMBER 121,HN,NORTH BATEMANS BAY,,No,Not a school zone,2-way undivided,-35.68307,150.185817,Eurobodalla,Country urban,Rest of NSW - Urban,Straight,,,,Nil,Sealed,Wet,Raining,Darkness,Nil,No traffic controls,60 km/h,Local,71,Off rd left => obj,703,Left off cway into object,,Vehicle - Object,Station wagon,,1,0,0,1,0,7,July,Winter,Friday,00:01 - 01:59,Late night / early morning,False,False,True,True
1358919,Injury,Moderate Injury,2024,2024,June,Wednesday,12:00 - 13:59,BRUXNER,HWY,0,Right on the spot,RICHMOND HILL,RD,GOONELLABAH,16.0,No,Not a school zone,T-junction,-28.807964,153.359725,Lismore,Country urban,Rest of NSW - Urban,Straight,Steep grade,,,Nil,Sealed,Dry,Fine,Daylight,Nil,Give way sign,80 km/h,State,13,Right near,104,Adj - Right-thru from right,,Right angle,4 wheel drive / SUV,4 wheel drive / SUV,2,0,0,1,0,6,June,Winter,Wednesday,12:00 - 13:59,Midday / afternoon,False,False,True,True
1358920,Injury,Moderate Injury,2024,2024,June,Saturday,16:00 - 17:59,HUME,HWY,0,Right on the spot,CHELMSFORD,AVE,CROYDON,2.0,No,Not a school zone,T-junction,-33.886484,151.110305,Burwood,Sydney metro. area,Syd-Newc-Woll Gtr conurbation,Straight,,,,Nil,Sealed,Dry,Fine,Daylight,Nil,No traffic controls,60 km/h,State,13,Right near,104,Adj - Right-thru from right,,Right angle,Light truck utility(from 2018),Car (sedan/hatch),2,0,0,1,0,6,June,Winter,Saturday,16:00 - 17:59,PM peak / evening commute,True,False,True,True
1358924,Injury,Moderate Injury,2024,2024,June,Tuesday,16:00 - 17:59,WOLLOMBI,RD,0,Right on the spot,SWEETMANS CREEK,RD,SWEETMANS CREEK,181.0,No,Not a school zone,T-junction,-32.889134,151.188616,Cessnock,Country urban,Rest of NSW - Urban,Straight,,,,Nil,Sealed,Dry,Fine,Dusk,Nil,No traffic controls,80 km/h,Regional,20,Head on,201,Opp - Head on,,Head-on,4 wheel drive / SUV,Light truck utility(from 2018),2,0,0,1,1,6,June,Winter,Tuesday,16:00 - 17:59,PM peak / evening commute,True,False,True,True
1358925,Injury,Moderate Injury,2024,2024,June,Sunday,14:00 - 15:59,GUM CREEK,RD,200,South,CLARK,RD,WILLBRIGGIE,,No,Not a school zone,2-way undivided,-34.389032,145.978272,Griffith,Country non-urban,Rest of NSW - Rural,Straight,,,,Nil,Sealed,Dry,Fine,Daylight,Nil,No traffic controls,100 km/h,Local,73,Off rd rght => obj,704,Right off cway into obj,,Vehicle - Object,4 wheel drive / SUV,,1,0,0,1,0,6,June,Winter,Sunday,14:00 - 15:59,Midday / afternoon,False,False,True,True
1358931,Injury,Serious Injury,2024,2024,July,Thursday,16:00 - 17:59,CAMDEN VALLEY,WAY,130,South,TURNER,RD,SMEATON GRANGE,620.0,No,Not a school zone,Divided road,-34.027914,150.754871,Camden,Sydney metro. area,Syd-Newc-Woll Gtr conurbation,Straight,,,,On,Sealed,Wet,Raining,Darkness,Nil,No traffic controls,80 km/h,State,30,Rear end,301,Same - Rear end,,Rear end,4 wheel drive / SUV,Car (sedan/hatch),3,0,2,1,1,7,July,Winter,Thursday,16:00 - 17:59,PM peak / evening commute,True,False,True,True
1358932,Injury,Moderate Injury,2024,2024,July,Saturday,18:00 - 19:59,KENNEDYS,LANE,0,Right on the spot,MYOCUM,RD,EWINGSDALE,,No,Not a school zone,X-intersection,-28.63194,153.52245,Byron,Country urban,Rest of NSW - Urban,Curved,,,,Nil,Sealed,Dry,Fine,Darkness,Nil,Stop sign,80 km/h,Local,10,Cross traffic,101,Adj - Cross traffic,,Right angle,Car (sedan/hatch),Car (sedan/hatch),2,0,0,2,0,7,July,Winter,Saturday,18:00 - 19:59,PM peak / evening commute,True,False,True,True
1358933,Injury,Moderate Injury,2024,2024,June,Wednesday,16:00 - 17:59,WILLESEE,CRES,25,West,CARRAK,RD,KINCUMBER,,No,Not a school zone,2-way undivided,-33.468613,151.38315,Central Coast,Country urban,Syd-Newc-Woll Gtr conurbation,Straight,Foot/cycle path/nature strip,,,On,Sealed,Dry,Fine,Darkness,Nil,No traffic controls,50 km/h,Local,49,Other manoeuvring,400,Manov - other,,Other angle,Car (sedan/hatch),,2,0,0,1,0,6,June,Winter,Wednesday,16:00 - 17:59,PM peak / evening commute,True,False,True,True
1358935,Injury,Serious Injury,2024,2024,June,Tuesday,00:01 - 01:59,REPENTANCE CREEK,RD,50,North,DUNOON,RD,ROSEBANK,,No,Not a school zone,2-way undivided,-28.65402,153.388639,Lismore,Country urban,Rest of NSW - Urban,Straight,,,,Nil,Sealed,Dry,Fog or mist,Darkness,Nil,No traffic controls,80 km/h,Local,71,Off rd left => obj,703,Left off cway into object,,Vehicle - Object,Light truck utility(from 2018),,1,0,1,0,0,6,June,Winter,Tuesday,00:01 - 01:59,Late night / early morning,False,False,True,True
1358937,Injury,Serious Injury,2024,2024,June,Wednesday,16:00 - 17:59,BAY,ST,0,Right on the spot,GLEBE,ST,GLEBE,,Yes,No,Roundabout,-33.881825,151.194705,Sydney,Sydney metro. area,Syd-Newc-Woll Gtr conurbation,Straight,,,,On,Sealed,Dry,Fine,Dusk,Nil,Give way sign,40 km/h,Local,10,Cross traffic,101,Adj - Cross traffic,,Right angle,4 wheel drive / SUV,Pedal cycle,2,0,1,0,0,6,June,Winter,Wednesday,16:00 - 17:59,PM peak / evening commute,True,False,True,True
1358940,Injury,Minor/Other Injury,2024,2024,July,Tuesday,14:00 - 15:59,BOURKE,RD,0,Right on the spot,HUNTLEY,ST,ALEXANDRIA,7061.0,No,Not a school zone,T-junction,-33.910918,151.194999,Sydney,Sydney metro. area,Syd-Newc-Woll Gtr conurbation,Straight,,,,Unknown / not stated,Sealed,Dry,Fine,Daylight,Unknown / not stated,No traffic controls,50 km/h,Regional,30,Rear end,301,Same - Rear end,,Rear end,Large rigid,4 wheel drive / SUV,2,0,0,0,1,7,July,Winter,Tuesday,14:00 - 15:59,Midday / afternoon,False,False,True,True
1358941,Injury,Serious Injury,2024,2024,June,Wednesday,18:00 - 19:59,MARKET,ST,10,South,TYRELL,ST,GLOUCESTER,,No,Not a school zone,T-junction,-32.005409,151.962198,Mid-Coast,Country urban,Rest of NSW - Urban,Straight,,,,On,Sealed,Wet,Raining,Darkness,Nil,No traffic controls,50 km/h,Local,2,Ped far side,3,Ped - Far side,,Vehicle - Pedestrian,4 wheel drive / SUV,Pedestrian,2,0,1,0,0,6,June,Winter,Wednesday,18:00 - 19:59,PM peak / evening commute,True,False,True,True
1358942,Injury,Minor/Other Injury,2024,2024,July,Thursday,16:00 - 17:59,BRIDGE,RD,0,Right on the spot,NORTH,ST,NOWRA,,No,Not a school zone,X-intersection,-34.872355,150.601038,Shoalhaven,Country urban,Rest of NSW - Urban,Straight,,,,On,Sealed,Dry,Fine,Dusk,On,Ped crossing,50 km/h,Local,2,Ped far side,3,Ped - Far side,,Vehicle - Pedestrian,4 wheel drive / SUV,Pedestrian,2,0,0,0,1,7,July,Winter,Thursday,16:00 - 17:59,PM peak / evening commute,True,False,True,True
1358948,Injury,Serious Injury,2024,2024,June,Sunday,18:00 - 19:59,MACQUARIE,PL,100,East,THE STRAND,MS,MORTDALE,,No,Not a school zone,2-way undivided,-33.971208,151.078928,Georges River,Sydney metro. area,Syd-Newc-Woll Gtr conurbation,Straight,,,,On,Sealed,Dry,Fine,Dusk,Nil,No traffic controls,50 km/h,Local,74,On road-out of cont.,705,Out of control on cway,,Rollover,Motorcycle,,1,0,1,0,0,6,June,Winter,Sunday,18:00 - 19:59,PM peak / evening commute,True,False,True,True
1358954,Injury,Minor/Other Injury,2024,2024,July,Thursday,08:00 - 09:59,ELARA,BVD,0,Right on the spot,SUNDEW,PDE,MARSDEN PARK,,No,Not a school zone,X-intersection,-33.696176,150.806665,Blacktown,Sydney metro. area,Syd-Newc-Woll Gtr conurbation,Straight,,,,Off,Sealed,Wet,Fine,Daylight,Nil,Give way sign,50 km/h,Local,22,Left through,205,Opp - Left-thru,,Other angle,4 wheel drive / SUV,Pedal cycle,2,0,0,0,1,7,July,Winter,Thursday,08:00 - 09:59,AM peak / school commute,True,False,True,True
1358957,Injury,Moderate Injury,2024,2024,June,Thursday,10:00 - 11:59,WEST BOTANY,ST,0,Right on the spot,NUMBER 380,HN,ROCKDALE,2032.0,No,Not a school zone,2-way undivided,-33.957619,151.146807,Bayside,Sydney metro. area,Syd-Newc-Woll Gtr conurbation,Straight,Driveway/entrance,,,Off,Sealed,Dry,Fine,Daylight,Nil,No traffic controls,60 km/h,Regional,0,Ped nearside,1,Ped - Near side,,Vehicle - Pedestrian,Light truck utility(from 2018),Pedestrian,2,0,0,1,0,6,June,Winter,Thursday,10:00 - 11:59,Midday / afternoon,False,False,True,True
1358958,Injury,Minor/Other Injury,2024,2024,July,Friday,18:00 - 19:59,COWPASTURE,RD,0,Right on the spot,NEWTON,RD,WETHERILL PARK,,No,Not a school zone,T-junction,-33.837483,150.881453,Fairfield,Sydney metro. area,Syd-Newc-Woll Gtr conurbation,Straight,,,,Unknown / not stated,Sealed,Dry,Fine,Darkness,Nil,Stop sign,50 km/h,Local,30,Rear end,301,Same - Rear end,,Rear end,Car (sedan/hatch),Car (sedan/hatch),2,0,0,0,1,7,July,Winter,Friday,18:00 - 19:59,PM peak / evening commute,True,False,True,True
1358959,Injury,Moderate Injury,2024,2024,May,Wednesday,16:00 - 17:59,DACEY,AVE,0,Right on the spot,SOUTH DOWLING,ST,WATERLOO,528.0,No,Not a school zone,X-intersection,-33.900901,151.215126,Sydney,Sydney metro. area,Syd-Newc-Woll Gtr conurbation,Straight,,,,Unknown / not stated,Sealed,Dry,Fine,Daylight,On,No traffic controls,50 km/h,State,30,Rear end,301,Same - Rear end,,Rear end,Light truck utility(from 2018),Light truck utility(from 2018),2,0,0,1,0,5,May,Autumn,Wednesday,16:00 - 17:59,PM peak / evening commute,True,False,True,True
1358961,Injury,Moderate Injury,2024,2024,July,Wednesday,20:00 - 21:59,MALONEY,ST,50,South,WANT,ST,ROSEBERY,7023.0,No,Not a school zone,2-way undivided,-33.925419,151.206487,Bayside,Sydney metro. area,Syd-Newc-Woll Gtr conurbation,Straight,,,,Unknown / not stated,Sealed,Wet,Raining,Darkness,Nil,No traffic controls,50 km/h,Regional,42,Leaving parking,401,Manov - Leaving parking,,Other angle,Motorcycle,Car (sedan/hatch),2,0,0,1,0,7,July,Winter,Wednesday,20:00 - 21:59,Evening / night,False,False,True,True
1358962,Injury,Moderate Injury,2024,2024,July,Thursday,12:00 - 13:59,WATERLOO,RD,0,Right on the spot,SHOPPING CENTRE,ENT,MACQUARIE PARK,,No,Not a school zone,Divided road,-33.779151,151.12051,Ryde,Sydney metro. area,Syd-Newc-Woll Gtr conurbation,Straight,Foot/cycle path/nature strip,,,Nil,Sealed,Dry,Fine,Daylight,Nil,Ped crossing,50 km/h,Local,7,Driveway,7,Ped - driveway,,Vehicle - Pedestrian,4 wheel drive / SUV,Pedestrian,2,0,0,1,0,7,July,Winter,Thursday,12:00 - 13:59,Midday / afternoon,False,False,True,True
1358963,Injury,Moderate Injury,2024,2024,July,Thursday,18:00 - 19:59,STATION,ST,20,North,HIGH,ST,PENRITH,,No,Not a school zone,2-way undivided,-33.752869,150.695079,Penrith,Sydney metro. area,Syd-Newc-Woll Gtr conurbation,Straight,,,,Unknown / not stated,Sealed,Dry,Unknown,Dusk,Nil,No traffic controls,40 km/h,Local,0,Ped nearside,1,Ped - Near side,,Vehicle - Pedestrian,Other bus,Pedestrian,2,0,0,1,0,7,July,Winter,Thursday,18:00 - 19:59,PM peak / evening commute,True,False,True,True
1358965,Injury,Moderate Injury,2024,2024,June,Thursday,10:00 - 11:59,THE BOULEVARDE,MS,5,West,CROYDON,ST,LAKEMBA,,No,Not a school zone,Roundabout,-33.920501,151.075794,Canterbury-Bankstown,Sydney metro. area,Syd-Newc-Woll Gtr conurbation,Straight,,,,Off,Sealed,Dry,Fine,Daylight,Nil,Give way sign,50 km/h,Local,0,Ped nearside,1,Ped - Near side,,Vehicle - Pedestrian,Car (sedan/hatch),Pedestrian,2,0,0,1,0,6,June,Winter,Thursday,10:00 - 11:59,Midday / afternoon,False,False,True,True
1358970,Injury,Serious Injury,2024,2024,July,Friday,14:00 - 15:59,HUNTER,ST,0,Right on the spot,MEREWETHER,ST,NEWCASTLE,697.0,No,Not a school zone,T-junction,-32.926907,151.772941,Newcastle,Newcastle met. area,Syd-Newc-Woll Gtr conurbation,Straight,,,,Off,Sealed,Dry,Fine,Daylight,On,No traffic controls,40 km/h,State,73,Off rd rght => obj,704,Right off cway into obj,,Vehicle - Object,Car (sedan/hatch),,1,0,1,0,0,7,July,Winter,Friday,14:00 - 15:59,Midday / afternoon,False,False,True,True
1358971,Injury,Serious Injury,2024,2024,July,Wednesday,00:01 - 01:59,NEWCASTLE,RD,0,Right on the spot,NEWCASTLE INNER CITY,BYPA,JESMOND,82.0,No,Not a school zone,Roundabout,-32.905712,151.692269,Newcastle,Newcastle met. area,Syd-Newc-Woll Gtr conurbation,Curved,,Roadwks/Detour/Diverson,,On,Sealed,Dry,Fine,Darkness,Nil,Give way sign,40 km/h,State,83,Off rt/rt bnd=>obj,803,Off right bend into obj,Right,Vehicle - Object,4 wheel drive / SUV,,2,0,1,0,0,7,July,Winter,Wednesday,00:01 - 01:59,Late night / early morning,False,False,True,True
1358972,Injury,Moderate Injury,2024,2024,July,Thursday,08:00 - 09:59,BUCKAJO,RD,6000,West,SPRING CREEK,RD,BUCKAJO,,No,Not a school zone,2-way undivided,-36.706323,149.733275,Bega Valley,Country non-urban,Rest of NSW - Rural,Curved,Steep grade,,,Nil,Unsealed,Dry,Fine,Daylight,Nil,No traffic controls,100 km/h,Local,20,Head on,201,Opp - Head on,,Head-on,Light truck,Light truck utility(from 2018),2,0,0,1,0,7,July,Winter,Thursday,08:00 - 09:59,AM peak / school commute,True,False,True,True
1358973,Injury,Serious Injury,2024,2024,July,Wednesday,08:00 - 09:59,SOLITARY ISLANDS,WAY,0,Right on the spot,SAPPHIRE FUEL SERVICE STATION,ENT,KORORA,,No,Not a school zone,2-way undivided,-30.239124,153.146819,Coffs Harbour,Country urban,Rest of NSW - Urban,Straight,Driveway/entrance,,,On,Sealed,Dry,Fine,Daylight,Nil,Give way sign,80 km/h,Local,47,Emerging from drive,406,Manov - Emerging from driveway,,Right angle,Car (sedan/hatch),Light truck utility(from 2018),2,0,1,0,0,7,July,Winter,Wednesday,08:00 - 09:59,AM peak / school commute,True,False,True,True
1358974,Injury,Moderate Injury,2024,2024,July,Wednesday,06:00 - 07:59,PRINCES,HWY,0,Right on the spot,MYRTLE,ST,MILTON,1.0,No,Not a school zone,T-junction,-35.315087,150.434524,Shoalhaven,Country urban,Rest of NSW - Urban,Straight,,,,Off,Sealed,Dry,Fine,Daylight,Nil,Stop sign,50 km/h,State,21,Right through,202,Opp - Right-thru,,Other angle,4 wheel drive / SUV,4 wheel drive / SUV,2,0,0,1,0,7,July,Winter,Wednesday,06:00 - 07:59,AM peak / school commute,True,False,True,True
1358977,Injury,Minor/Other Injury,2024,2024,July,Thursday,08:00 - 09:59,LOWE,ST,0,Right on the spot,MORISSET,ST,QUEANBEYAN,,No,Not a school zone,Roundabout,-35.352494,149.230797,Queanbeyan-Palerang Regional,Country urban,Rest of NSW - Urban,Straight,,,,Off,Sealed,Dry,Fine,Daylight,Nil,Give way sign,50 km/h,Local,23,Right/left,203,Opp - Right-left,,Other angle,Pedal cycle,4 wheel drive / SUV,2,0,0,0,1,7,July,Winter,Thursday,08:00 - 09:59,AM peak / school commute,True,False,True,True
1358981,Injury,Moderate Injury,2024,2024,July,Saturday,16:00 - 17:59,PIGGABEEN,RD,35,East,COBAKI,RD,TWEED HEADS WEST,,No,Not a school zone,2-way undivided,-28.19169,153.482183,Tweed,Country urban,Rest of NSW - Urban,Curved,Painted double centre lines,,,Nil,Sealed,Dry,Fine,Daylight,Nil,No traffic controls,80 km/h,Local,20,Head on,201,Opp - Head on,,Head-on,Motorcycle,4 wheel drive / SUV,2,0,0,1,0,7,July,Winter,Saturday,16:00 - 17:59,PM peak / evening commute,True,False,True,True
1358984,Injury,Serious Injury,2024,2024,July,Tuesday,06:00 - 07:59,COWPASTURE,RD,40,South,GREEN VALLEY,RD,GREEN VALLEY,648.0,No,Not a school zone,Divided road,-33.900705,150.855515,Liverpool,Sydney metro. area,Syd-Newc-Woll Gtr conurbation,Straight,,,,Off,Sealed,Dry,Fine,Daylight,Nil,No traffic controls,70 km/h,State,30,Rear end,301,Same - Rear end,,Rear end,Car (sedan/hatch),Large rigid,3,0,2,1,0,7,July,Winter,Tuesday,06:00 - 07:59,AM peak / school commute,True,False,True,True
1358985,Injury,Minor/Other Injury,2024,2024,July,Wednesday,16:00 - 17:59,DUNNING,ST,0,Right on the spot,QUEEN,ST,ROSEBERY,,No,Not a school zone,Roundabout,-33.914385,151.20286,Sydney,Sydney metro. area,Syd-Newc-Woll Gtr conurbation,Straight,,,,Unknown / not stated,Sealed,Dry,Fine,Darkness,Nil,Give way sign,40 km/h,Local,0,Ped nearside,1,Ped - Near side,,Vehicle - Pedestrian,4 wheel drive / SUV,Pedestrian,2,0,0,0,1,7,July,Winter,Wednesday,16:00 - 17:59,PM peak / evening commute,True,False,True,True