crash_id,degree_of_crash,degree_of_crash_-_detailed,reporting_year,year_of_crash,month_of_crash,day_of_week_of_crash,two-hour_intervals,street_of_crash,street_type,distance,direction,identifying_feature,identifying_feature_type,town,route_no.,school_zone_location,school_zone_active,type_of_location,latitude,longitude,lga,urbanisation,conurbation_1,alignment,primary_permanent_feature,primary_temporary_feature,primary_hazardous_feature,street_lighting,road_surface,surface_condition,weather,natural_lighting,signals_operation,other_traffic_control,speed_limit,road_classification_(admin),rum_-_code,rum_-_description,dca_-_code,dca_-_description,dca_supplement,first_impact_type,key_tu_type,other_tu_type,no._of_traffic_units_involved,no._killed,no._seriously_injured,no._moderately_injured,no._minor-other_injured,month_num,month_label,season,day_label,time_label,time_band,is_peak_commute,is_fatal,is_injury,is_casualty
1358988,Injury,Serious Injury,2024,2024,July,Tuesday,10:00 - 11:59,HIGGINBOTHAM,RD,130,West,MONASH,RD,GLADESVILLE,,No,Not a school zone,2-way undivided,-33.818905,151.127021,Ryde,Sydney metro. area,Syd-Newc-Woll Gtr conurbation,Curved,,,,Off,Sealed,Dry,Fine,Daylight,Nil,No traffic controls,50 km/h,Local,20,Head on,201,Opp - Head on,,Head-on,Car (sedan/hatch),4 wheel drive / SUV,2,0,1,3,0,7,July,Winter,Tuesday,10:00 - 11:59,Midday / afternoon,False,False,True,True
1358989,Injury,Minor/Other Injury,2024,2024,July,Sunday,12:00 - 13:59,MOUNT,ST,0,Right on the spot,OBERON,ST,COOGEE,,No,Not a school zone,Roundabout,-33.925835,151.250818,Randwick,Sydney metro. area,Syd-Newc-Woll Gtr conurbation,Straight,Steep grade,,,Nil,Sealed,Dry,Fine,Daylight,Nil,Give way sign,50 km/h,Local,10,Cross traffic,101,Adj - Cross traffic,,Right angle,Light truck,Pedal cycle,2,0,0,0,1,7,July,Winter,Sunday,12:00 - 13:59,Midday / afternoon,False,False,True,True
1358990,Injury,Moderate Injury,2024,2024,June,Sunday,22:00 - Midnight,WANGI,RD,1000,West,SUMMERHILL,DR,MYUNA BAY,217.0,No,Not a school zone,2-way undivided,-33.061473,151.550484,Lake Macquarie,Newcastle met. area,Syd-Newc-Woll Gtr conurbation,Curved,,,,Nil,Sealed,Wet,Raining,Darkness,Nil,No traffic controls,90 km/h,State,88,Out of cont on bend,805,Out of control on bend,,Rollover,Motorcycle,,1,0,0,1,0,6,June,Winter,Sunday,22:00 - Midnight,Evening / night,False,False,True,True
1358991,Injury,Minor/Other Injury,2024,2024,July,Saturday,14:00 - 15:59,GARDENERS,RD,0,Right on the spot,BOURKE,RD,MASCOT,183.0,No,Not a school zone,X-intersection,-33.9203,151.187784,Bayside,Sydney metro. area,Syd-Newc-Woll Gtr conurbation,Straight,,,,Unknown / not stated,Sealed,Dry,Overcast,Daylight,On,No traffic controls,60 km/h,State,33,Lane sideswipe,305,Same - Lane side swipe,,Other angle,Motor scooter,Car (sedan/hatch),2,0,0,0,1,7,July,Winter,Saturday,14:00 - 15:59,Midday / afternoon,False,False,True,True
1358992,Injury,Moderate Injury,2024,2024,July,Wednesday,10:00 - 11:59,KENT,ST,0,Right on the spot,MARKET,ST,SYDNEY,,No,Not a school zone,X-intersection,-33.870953,151.204856,Sydney,Sydney metro. area,Syd-Newc-Woll Gtr conurbation,Straight,,,,On,Sealed,Dry,Fine,Daylight,On,No traffic controls,40 km/h,Local,0,Ped nearside,1,Ped - Near side,,Vehicle - Pedestrian,Light truck,Pedestrian,2,0,0,1,0,7,July,Winter,Wednesday,10:00 - 11:59,Midday / afternoon,False,False,True,True
1358993,Injury,Minor/Other Injury,2024,2024,July,Wednesday,14:00 - 15:59,ALGONA,AVE,0,Right on the spot,GLADYS MANLEY,AVE,KINCUMBER,,No,Not a school zone,T-junction,-33.468152,151.378445,Central Coast,Country urban,Syd-Newc-Woll Gtr conurbation,Straight,Steep grade,,,Nil,Sealed,Dry,Fine,Daylight,Nil,No traffic controls,50 km/h,Local,81,Off left/rt bnd=>obj,707,Right turn,Left,Other angle,Car (sedan/hatch),Light truck utility(from 2018),3,0,0,0,1,7,July,Winter,Wednesday,14:00 - 15:59,Midday / afternoon,False,False,True,True
1358997,Injury,Serious Injury,2024,2024,July,Wednesday,10:00 - 11:59,VICTORIA,ST,15,East,KOREE,ST,CESSNOCK,,No,Not a school zone,2-way undivided,-32.831648,151.361569,Cessnock,Country urban,Rest of NSW - Urban,Straight,Foot/cycle path/nature strip,,,Nil,Sealed,Dry,Fine,Daylight,Nil,No traffic controls,50 km/h,Local,71,Off rd left => obj,703,Left off cway into object,,Vehicle - Object,Motorcycle,,1,0,1,0,0,7,July,Winter,Wednesday,10:00 - 11:59,Midday / afternoon,False,False,True,True
1358998,Injury,Serious Injury,2024,2024,July,Thursday,16:00 - 17:59,WILLS,RD,20,South,DENMAN,AVE,WOOLOOWARE,,No,Not a school zone,2-way undivided,-34.047351,151.144738,Sutherland,Sydney metro. area,Syd-Newc-Woll Gtr conurbation,Straight,,,,Nil,Sealed,Dry,Fine,Daylight,Nil,No traffic controls,50 km/h,Local,3,Ped on carriageway,4,Ped - On carriageway,,Vehicle - Pedestrian,4 wheel drive / SUV,Pedestrian,2,0,1,0,0,7,July,Winter,Thursday,16:00 - 17:59,PM peak / evening commute,True,False,True,True
1359000,Injury,Serious Injury,2024,2024,June,Friday,20:00 - 21:59,VICTORIA,RD,30,West,SALTER,ST,GLADESVILLE,165.0,No,Not a school zone,Divided road,-33.837875,151.132875,Hunters Hill,Sydney metro. area,Syd-Newc-Woll Gtr conurbation,Curved,Bus stop,,,On,Sealed,Wet,Raining,Darkness,Nil,No traffic controls,70 km/h,State,81,Off left/rt bnd=>obj,803,Off right bend into obj,Left,Vehicle - Object,Car (sedan/hatch),,1,0,1,0,0,6,June,Winter,Friday,20:00 - 21:59,Evening / night,False,False,True,True
1359003,Injury,Minor/Other Injury,2024,2024,July,Wednesday,16:00 - 17:59,HECKENBERG,AVE,0,Right on the spot,NUMBER 96,HN,HECKENBERG,,No,Not a school zone,2-way undivided,-33.911605,150.889904,Liverpool,Sydney metro. area,Syd-Newc-Woll Gtr conurbation,Curved,Steep grade,,,Nil,Sealed,Dry,Fine,Daylight,Nil,No traffic controls,50 km/h,Local,4,Ped walk with,5,Ped - Walking with traffic,,Vehicle - Pedestrian,4 wheel drive / SUV,Pedestrian,2,0,0,0,1,7,July,Winter,Wednesday,16:00 - 17:59,PM peak / evening commute,True,False,True,True
1359008,Injury,Serious Injury,2024,2024,July,Wednesday,12:00 - 13:59,PACIFIC,HWY,430,South,BROOKLYN,RD,COWAN,10.0,No,Not a school zone,2-way undivided,-33.54876,151.196967,Hornsby,Sydney metro. area,Syd-Newc-Woll Gtr conurbation,Curved,Steep grade,,,Nil,Sealed,Dry,Fine,Daylight,Nil,No traffic controls,70 km/h,State,66,Object on road,607,On path - Hit temp object,,Vehicle - Object,Motorcycle,,1,0,1,0,0,7,July,Winter,Wednesday,12:00 - 13:59,Midday / afternoon,False,False,True,True
1359009,Injury,Serious Injury,2024,2024,July,Monday,18:00 - 19:59,THE HORSLEY,DR,0,Right on the spot,M7 WESTLINK,EXP,HORSLEY PARK,609.0,No,Not a school zone,T-junction,-33.841833,150.855223,Fairfield,Sydney metro. area,Syd-Newc-Woll Gtr conurbation,Straight,Other bridge,,,On,Sealed,Dry,Fine,Darkness,On,No traffic controls,70 km/h,State,13,Right near,104,Adj - Right-thru from right,,Right angle,Light truck,Light truck utility(from 2018),3,0,1,2,0,7,July,Winter,Monday,18:00 - 19:59,PM peak / evening commute,True,False,True,True
1359015,Injury,Moderate Injury,2024,2024,August,Wednesday,08:00 - 09:59,NEW ENGLAND,HWY,0,Right on the spot,WOODLANDS,CL,TARRO,9.0,No,Not a school zone,T-junction,-32.811052,151.669295,Newcastle,Newcastle met. area,Syd-Newc-Woll Gtr conurbation,Straight,,,,Unknown / not stated,Sealed,Dry,Fine,Daylight,Nil,Give way sign,80 km/h,State,35,Lane change left,307,Same - Lane change left,,Other angle,4 wheel drive / SUV,Car (sedan/hatch),2,0,0,1,0,8,August,Winter,Wednesday,08:00 - 09:59,AM peak / school commute,True,False,True,True
1359016,Injury,Minor/Other Injury,2024,2024,July,Tuesday,16:00 - 17:59,WESTERN,EXP,2000,East,ROPER ROAD,OP,EASTERN CREEK,6004.0,No,Not a school zone,Dual freeway,-33.791658,150.829204,Blacktown,Sydney metro. area,Syd-Newc-Woll Gtr conurbation,Curved,,,,Off,Sealed,Dry,Fine,Darkness,Nil,No traffic controls,110 km/h,State,30,Rear end,301,Same - Rear end,,Rear end,Light truck utility(from 2018),4 wheel drive / SUV,2,0,0,0,1,7,July,Winter,Tuesday,16:00 - 17:59,PM peak / evening commute,True,False,True,True
1359019,Injury,Minor/Other Injury,2024,2024,July,Tuesday,12:00 - 13:59,SOUTH WESTERN,EXP,0,Right on the spot,M7 WESTLINK EXPRESSWAY,TO,EDMONDSON PARK,6005.0,No,Not a school zone,Dual freeway,-33.960819,150.875728,Liverpool,Sydney metro. area,Syd-Newc-Woll Gtr conurbation,Straight,,,,Unknown / not stated,Sealed,Wet,Fine,Daylight,Nil,No traffic controls,100 km/h,State,34,Lane change right,306,Same - Lane change right,,Other angle,B-double (road train prior 98),Car (sedan/hatch),2,0,0,0,1,7,July,Winter,Tuesday,12:00 - 13:59,Midday / afternoon,False,False,True,True
1359024,Injury,Minor/Other Injury,2024,2024,August,Saturday,08:00 - 09:59,CANLEY VALE,RD,0,Right on the spot,NUMBER 254,HN,CANLEY HEIGHTS,7224.0,No,Not a school zone,2-way undivided,-33.883889,150.92574,Fairfield,Sydney metro. area,Syd-Newc-Woll Gtr conurbation,Straight,,,,Unknown / not stated,Sealed,Dry,Fine,Daylight,Nil,Ped crossing,40 km/h,Regional,30,Rear end,301,Same - Rear end,,Rear end,Car (sedan/hatch),Car (sedan/hatch),2,0,0,0,1,8,August,Winter,Saturday,08:00 - 09:59,AM peak / school commute,True,False,True,True
1359026,Injury,Minor/Other Injury,2024,2024,July,Tuesday,14:00 - 15:59,CUMBERLAND,HWY,0,Right on the spot,HILLMONT,AVE,THORNLEIGH,13.0,No,Not a school zone,T-junction,-33.730284,151.082401,Hornsby,Sydney metro. area,Syd-Newc-Woll Gtr conurbation,Straight,,,,Unknown / not stated,Sealed,Dry,Fine,Daylight,Nil,No traffic controls,70 km/h,State,13,Right near,104,Adj - Right-thru from right,,Right angle,Car (sedan/hatch),4 wheel drive / SUV,2,0,0,0,2,7,July,Winter,Tuesday,14:00 - 15:59,Midday / afternoon,False,False,True,True
1359027,Injury,Moderate Injury,2024,2024,August,Thursday,16:00 - 17:59,LITHGOW,ST,0,Right on the spot,MAIN,ST,LITHGOW,516.0,No,Not a school zone,T-junction,-33.482758,150.152782,Lithgow,Country urban,Rest of NSW - Urban,Straight,,,,Unknown / not stated,Sealed,Dry,Fine,Daylight,On,No traffic controls,50 km/h,State,37,Left turn sideswipe,309,Same - Left turn side swipe,,Other angle,Car (sedan/hatch),Large rigid,2,0,0,1,0,8,August,Winter,Thursday,16:00 - 17:59,PM peak / evening commute,True,False,True,True
1359029,Injury,Minor/Other Injury,2024,2024,July,Wednesday,16:00 - 17:59,WESTERN,EXP,500,West,WALLGROVE ROAD,OP,EASTERN CREEK,6004.0,No,Not a school zone,Dual freeway,-33.796425,150.848037,Blacktown,Sydney metro. area,Syd-Newc-Woll Gtr conurbation,Straight,,,,Unknown / not stated,Sealed,Dry,Fine,Daylight,Nil,No traffic controls,100 km/h,State,30,Rear end,301,Same - Rear end,,Rear end,Large rigid,Car (sedan/hatch),2,0,0,0,1,7,July,Winter,Wednesday,16:00 - 17:59,PM peak / evening commute,True,False,True,True
1359031,Injury,Minor/Other Injury,2024,2024,June,Friday,12:00 - 13:59,JAMES,ST,0,Right on the spot,ULICK,ST,MEREWETHER,,No,Not a school zone,X-intersection,-32.937442,151.737705,Newcastle,Newcastle met. area,Syd-Newc-Woll Gtr conurbation,Straight,,,,Unknown / not stated,Sealed,Wet,Raining,Daylight,Nil,Give way sign,50 km/h,Local,10,Cross traffic,101,Adj - Cross traffic,,Right angle,Car (sedan/hatch),4 wheel drive / SUV,2,0,0,0,1,6,June,Winter,Friday,12:00 - 13:59,Midday / afternoon,False,False,True,True
1359035,Injury,Minor/Other Injury,2024,2024,August,Monday,16:00 - 17:59,BRANDON,AVE,0,Right on the spot,CHAPEL,RD,BANKSTOWN,7122.0,Yes,No,T-junction,-33.92079,151.031419,Canterbury-Bankstown,Sydney metro. area,Syd-Newc-Woll Gtr conurbation,Straight,,,,Unknown / not stated,Sealed,Dry,Fine,Daylight,On,No traffic controls,60 km/h,Regional,29,Other opposing,200,Opp - other,,Other angle,Car (sedan/hatch),Car (sedan/hatch),2,0,0,0,1,8,August,Winter,Monday,16:00 - 17:59,PM peak / evening commute,True,False,True,True
1359036,Injury,Moderate Injury,2024,2024,August,Friday,14:00 - 15:59,TERMINUS,ST,0,Right on the spot,PIRIE,ST,LIVERPOOL,512.0,No,Not a school zone,X-intersection,-33.926237,150.922773,Liverpool,Sydney metro. area,Syd-Newc-Woll Gtr conurbation,Straight,,,,Unknown / not stated,Sealed,Dry,Fine,Daylight,On,No traffic controls,60 km/h,State,29,Other opposing,200,Opp - other,,Other angle,4 wheel drive / SUV,Car (sedan/hatch),2,0,0,1,0,8,August,Winter,Friday,14:00 - 15:59,Midday / afternoon,False,False,True,True
1359038,Injury,Minor/Other Injury,2024,2024,July,Friday,14:00 - 15:59,HARTLEY,RD,0,Right on the spot,NUMBER 25,HN,CURRANS HILL,,No,Not a school zone,Divided road,-34.047038,150.762306,Camden,Sydney metro. area,Syd-Newc-Woll Gtr conurbation,Curved,Steep grade,,,Unknown / not stated,Sealed,Dry,Fine,Daylight,Nil,No traffic controls,60 km/h,Local,30,Rear end,301,Same - Rear end,,Rear end,4 wheel drive / SUV,Car (sedan/hatch),2,0,0,0,1,7,July,Winter,Friday,14:00 - 15:59,Midday / afternoon,False,False,True,True
1359041,Injury,Minor/Other Injury,2024,2024,July,Monday,16:00 - 17:59,HUE HUE,RD,0,Right on the spot,SPARKS,RD,JILLIBY,,No,Not a school zone,T-junction,-33.225401,151.41702,Central Coast,Country urban,Syd-Newc-Woll Gtr conurbation,Straight,,,,Unknown / not stated,Sealed,Dry,Fine,Dusk,Nil,Give way sign,80 km/h,Local,31,Left rear,302,Same - Rear left,,Rear end,4 wheel drive / SUV,Car (sedan/hatch),2,0,0,0,1,7,July,Winter,Monday,16:00 - 17:59,PM peak / evening commute,True,False,True,True
1359042,Injury,Minor/Other Injury,2024,2024,July,Thursday,14:00 - 15:59,TERRY,ST,0,Right on the spot,WELLINGTON,ST,ROZELLE,,No,Not a school zone,Roundabout,-33.860806,151.169692,Inner West,Sydney metro. area,Syd-Newc-Woll Gtr conurbation,Straight,,,,Unknown / not stated,Sealed,Dry,Fine,Daylight,Nil,Give way sign,40 km/h,Local,30,Rear end,301,Same - Rear end,,Rear end,Light truck utility(from 2018),Car (sedan/hatch),2,0,0,0,1,7,July,Winter,Thursday,14:00 - 15:59,Midday / afternoon,False,False,True,True
1359048,Injury,Moderate Injury,2024,2024,July,Friday,06:00 - 07:59,CLYDE,ST,0,Right on the spot,MIMOSA,ST,GRANVILLE,7101.0,No,Not a school zone,T-junction,-33.8445,151.013206,Cumberland,Sydney metro. area,Syd-Newc-Woll Gtr conurbation,Straight,,,,Unknown / not stated,Sealed,Dry,Fine,Dawn,Nil,Give way sign,60 km/h,Regional,10,Cross traffic,101,Adj - Cross traffic,,Right angle,Car (sedan/hatch),Car (sedan/hatch),2,0,0,1,0,7,July,Winter,Friday,06:00 - 07:59,AM peak / school commute,True,False,True,True
1359049,Injury,Minor/Other Injury,2024,2024,August,Friday,02:00 - 03:59,MARSHALL MOUNT,RD,370,South,YALLAH,RD,MARSHALL MOUNT,,No,Not a school zone,2-way undivided,-34.538329,150.765016,Wollongong,Wollongong met. area,Syd-Newc-Woll Gtr conurbation,Curved,Painted double centre lines,,,Unknown / not stated,Sealed,Dry,Fine,Darkness,Nil,No traffic controls,80 km/h,Local,29,Other opposing,200,Opp - other,,Other angle,4 wheel drive / SUV,4 wheel drive / SUV,2,0,0,0,1,8,August,Winter,Friday,02:00 - 03:59,Late night / early morning,False,False,True,True
1359052,Injury,Moderate Injury,2024,2024,July,Monday,18:00 - 19:59,OLD WINDSOR,RD,20,East,FITZWILLIAM,RD,OLD TOONGABBIE,635.0,No,Not a school zone,Divided road,-33.786621,150.973149,Parramatta,Sydney metro. area,Syd-Newc-Woll Gtr conurbation,Straight,,,,Unknown / not stated,Sealed,Dry,Fine,Dusk,Nil,No traffic controls,80 km/h,State,30,Rear end,301,Same - Rear end,,Rear end,Car (sedan/hatch),Car (sedan/hatch),2,0,0,1,0,7,July,Winter,Monday,18:00 - 19:59,PM peak / evening commute,True,False,True,True
1359054,Injury,Serious Injury,2024,2024,February,Friday,20:00 - 21:59,IRRIGATION,WAY,0,Right on the spot,WHITTON DARLINGTON POINT,RD,WHITTON,80.0,No,Not a school zone,T-junction,-34.503024,146.18847,Leeton,Country non-urban,Rest of NSW - Rural,Curved,,,,On,Sealed,Dry,Fine,Dusk,Nil,Give way sign,100 km/h,State,67,Struck animal,609,On path - Hit animal,,Vehicle - Animal,4 wheel drive / SUV,,1,0,1,0,0,2,February,Summer,Friday,20:00 - 21:59,Evening / night,False,False,True,True
1359057,Injury,Serious Injury,2024,2024,July,Monday,10:00 - 11:59,ARTHUR,ST,20,East,PACIFIC,HWY,COFFS HARBOUR,7745.0,No,Not a school zone,Divided road,-30.280476,153.131662,Coffs Harbour,Country urban,Rest of NSW - Urban,Curved,,,,Unknown / not stated,Sealed,Dry,Fine,Daylight,Nil,No traffic controls,50 km/h,Regional,81,Off left/rt bnd=>obj,803,Off right bend into obj,Left,Vehicle - Object,Car (sedan/hatch),,1,0,1,0,0,7,July,Winter,Monday,10:00 - 11:59,Midday / afternoon,False,False,True,True
1359060,Injury,Minor/Other Injury,2024,2024,August,Friday,14:00 - 15:59,TOORONGA,TCE,20,East,KING GEORGES,RD,BEVERLY HILLS,7035.0,Yes,No,2-way undivided,-33.948778,151.080649,Georges River,Sydney metro. area,Syd-Newc-Woll Gtr conurbation,Straight,,,,Unknown / not stated,Sealed,Dry,Fine,Daylight,Nil,No traffic controls,50 km/h,Regional,44,Parking vehicles,403,Manov - Parking-parked vehicle,,Other angle,Passenger van,4 wheel drive / SUV,2,0,0,0,1,8,August,Winter,Friday,14:00 - 15:59,Midday / afternoon,False,False,True,True
1359061,Injury,Minor/Other Injury,2024,2024,July,Sunday,20:00 - 21:59,FARNELL,RD,10,East,AUBURN,RD,YAGOONA,7105.0,No,Not a school zone,T-junction,-33.902455,151.021452,Canterbury-Bankstown,Sydney metro. area,Syd-Newc-Woll Gtr conurbation,Straight,,,,Unknown / not stated,Sealed,Dry,Fine,Dusk,Nil,Stop sign,60 km/h,Regional,49,Other manoeuvring,400,Manov - other,,Other angle,Car (sedan/hatch),4 wheel drive / SUV,2,0,0,0,1,7,July,Winter,Sunday,20:00 - 21:59,Evening / night,False,False,True,True
1359062,Injury,Moderate Injury,2024,2024,June,Saturday,14:00 - 15:59,WARRINGAH,RD,0,Right on the spot,MAY,RD,NARRAWEENA,328.0,No,Not a school zone,T-junction,-33.755665,151.275662,Northern Beaches,Sydney metro. area,Syd-Newc-Woll Gtr conurbation,Straight,Steep grade,,,Unknown / not stated,Sealed,Wet,Raining,Daylight,Nil,Stop sign,60 km/h,State,21,Right through,202,Opp - Right-thru,,Other angle,Car (sedan/hatch),Car (sedan/hatch),2,0,0,1,0,6,June,Winter,Saturday,14:00 - 15:59,Midday / afternoon,False,False,True,True
1359064,Injury,Minor/Other Injury,2024,2024,August,Monday,14:00 - 15:59,DURHAM,ST,0,Right on the spot,FOREST,RD,HURSTVILLE,,Yes,No,X-intersection,-33.967079,151.110639,Georges River,Sydney metro. area,Syd-Newc-Woll Gtr conurbation,Curved,,,,Unknown / not stated,Sealed,Dry,Fine,Daylight,On,No traffic controls,60 km/h,Local,21,Right through,202,Opp - Right-thru,,Other angle,Car (sedan/hatch),Car (sedan/hatch),2,0,0,0,1,8,August,Winter,Monday,14:00 - 15:59,Midday / afternoon,False,False,True,True
1359068,Injury,Minor/Other Injury,2024,2024,July,Thursday,12:00 - 13:59,GREEN,ST,0,Right on the spot,NUMBER 9-11,HN,BANKSMEADOW,,No,Not a school zone,2-way undivided,-33.943645,151.214265,Bayside,Sydney metro. area,Syd-Newc-Woll Gtr conurbation,Straight,,,,Unknown / not stated,Sealed,Dry,Fine,Daylight,Nil,No traffic controls,40 km/h,Local,49,Other manoeuvring,400,Manov - other,,Other angle,Light truck,Motorcycle,2,0,0,0,1,7,July,Winter,Thursday,12:00 - 13:59,Midday / afternoon,False,False,True,True
1359071,Injury,Serious Injury,2024,2024,August,Friday,00:01 - 01:59,NEWELL,HWY,650,South,MINORE,RD,DUBBO,17.0,No,Not a school zone,2-way undivided,-32.261816,148.585601,Dubbo Regional,Country urban,Rest of NSW - Urban,Straight,Other bridge,,,Unknown / not stated,Sealed,Dry,Unknown,Darkness,Nil,No traffic controls,80 km/h,State,73,Off rd rght => obj,704,Right off cway into obj,,Vehicle - Object,Light truck utility(from 2018),,1,0,1,0,0,8,August,Winter,Friday,00:01 - 01:59,Late night / early morning,False,False,True,True
1359072,Injury,Moderate Injury,2024,2024,August,Monday,16:00 - 17:59,FRASER,ST,0,Right on the spot,THIRLMERE,WAY,TAHMOOR,,No,Not a school zone,X-intersection,-34.221,150.585419,Wollondilly,Country urban,Syd-Newc-Woll Gtr conurbation,Straight,,,,Unknown / not stated,Sealed,Dry,Fine,Dusk,Nil,Stop sign,50 km/h,Local,10,Cross traffic,101,Adj - Cross traffic,,Right angle,Car (sedan/hatch),4 wheel drive / SUV,2,0,0,1,0,8,August,Winter,Monday,16:00 - 17:59,PM peak / evening commute,True,False,True,True
1359074,Injury,Minor/Other Injury,2024,2024,August,Wednesday,16:00 - 17:59,HAWKESBURY,RD,0,Right on the spot,NUMBER 67,HN,SPRINGWOOD,570.0,No,Not a school zone,2-way undivided,-33.691069,150.580292,Blue Mountains,Country urban,Syd-Newc-Woll Gtr conurbation,Curved,Steep grade,,,Unknown / not stated,Sealed,Dry,Fine,Daylight,Nil,No traffic controls,60 km/h,State,20,Head on,201,Opp - Head on,,Head-on,Car (sedan/hatch),Light truck utility(from 2018),2,0,0,0,1,8,August,Winter,Wednesday,16:00 - 17:59,PM peak / evening commute,True,False,True,True
1359078,Injury,Serious Injury,2024,2024,August,Thursday,12:00 - 13:59,PRESIDENT,AVE,15,East,PRINCES,HWY,KIRRAWEE,2075.0,No,Not a school zone,Divided road,-34.035122,151.066449,Sutherland,Sydney metro. area,Syd-Newc-Woll Gtr conurbation,Straight,,,,Unknown / not stated,Sealed,Dry,Fine,Daylight,Nil,No traffic controls,60 km/h,Regional,30,Rear end,301,Same - Rear end,,Rear end,4 wheel drive / SUV,4 wheel drive / SUV,3,0,1,1,0,8,August,Winter,Thursday,12:00 - 13:59,Midday / afternoon,False,False,True,True
1359079,Injury,Serious Injury,2024,2024,July,Thursday,08:00 - 09:59,EDWIN,ST,50,South,ELIZABETH,ST,CROYDON,,No,Not a school zone,2-way undivided,-33.883101,151.116881,Inner West,Sydney metro. area,Syd-Newc-Woll Gtr conurbation,Straight,,,,Unknown / not stated,Sealed,Dry,Fine,Daylight,Nil,Ped crossing,50 km/h,Local,0,Ped nearside,1,Ped - Near side,,Vehicle - Pedestrian,Station wagon,Pedestrian,2,0,1,0,0,7,July,Winter,Thursday,08:00 - 09:59,AM peak / school commute,True,False,True,True
1359080,Injury,Minor/Other Injury,2024,2024,August,Tuesday,12:00 - 13:59,FINCHLEY,TRK,2000,West,MOORES,RD,LAGUNA,,No,Not a school zone,2-way undivided,-32.987312,151.059752,Cessnock,Country non-urban,Rest of NSW - Rural,Curved,,,,Unknown / not stated,Unsealed,Dry,Fine,Daylight,Nil,No traffic controls,100 km/h,Local,20,Head on,201,Opp - Head on,,Head-on,Motorcycle,Motorcycle,2,0,0,0,1,8,August,Winter,Tuesday,12:00 - 13:59,Midday / afternoon,False,False,True,True
1359082,Injury,Moderate Injury,2024,2024,April,Wednesday,18:00 - 19:59,YORK,RD,15,South,BATT,ST,JAMISONTOWN,,No,Not a school zone,2-way undivided,-33.768525,150.687891,Penrith,Sydney metro. area,Syd-Newc-Woll Gtr conurbation,Straight,,,,On,Sealed,Dry,Fine,Darkness,Nil,No traffic controls,50 km/h,Local,30,Rear end,301,Same - Rear end,,Rear end,4 wheel drive / SUV,Car (sedan/hatch),3,0,0,1,0,4,April,Autumn,Wednesday,18:00 - 19:59,PM peak / evening commute,True,False,True,True
1359083,Injury,Minor/Other Injury,2024,2024,June,Friday,12:00 - 13:59,ARAB,RD,0,Right on the spot,DOYLE,RD,REVESBY,,No,Not a school zone,T-junction,-33.951824,151.026224,Canterbury-Bankstown,Sydney metro. area,Syd-Newc-Woll Gtr conurbation,Straight,,,,Unknown / not stated,Sealed,Dry,Fine,Daylight,Nil,Give way sign,50 km/h,Local,16,Left near,107,Adj - Left-thru from right,,Right angle,Large rigid,Light truck,2,0,0,0,1,6,June,Winter,Friday,12:00 - 13:59,Midday / afternoon,False,False,True,True
1359084,Injury,Minor/Other Injury,2024,2024,July,Wednesday,20:00 - 21:59,LAWRENCE,ST,0,Right on the spot,NUMBER 16,HN,FRESHWATER,,No,Not a school zone,2-way undivided,-33.778904,151.284497,Northern Beaches,Sydney metro. area,Syd-Newc-Woll Gtr conurbation,Straight,,,,Unknown / not stated,Sealed,Wet,Raining,Darkness,Nil,No traffic controls,40 km/h,Local,40,U turn,304,Same - U-turn,,Other angle,4 wheel drive / SUV,Motor scooter,2,0,0,0,1,7,July,Winter,Wednesday,20:00 - 21:59,Evening / night,False,False,True,True
1359086,Injury,Minor/Other Injury,2024,2024,June,Saturday,18:00 - 19:59,PENNANT HILLS,RD,15,North,BELLEVUE,ST,NORTH PARRAMATTA,2114.0,No,Not a school zone,2-way undivided,-33.799177,151.00966,Parramatta,Sydney metro. area,Syd-Newc-Woll Gtr conurbation,Straight,Steep grade,,,Unknown / not stated,Sealed,Dry,Fine,Darkness,Nil,No traffic controls,60 km/h,Regional,30,Rear end,301,Same - Rear end,,Rear end,Car (sedan/hatch),Car (sedan/hatch),2,0,0,0,1,6,June,Winter,Saturday,18:00 - 19:59,PM peak / evening commute,True,False,True,True
1359090,Injury,Minor/Other Injury,2024,2024,August,Friday,16:00 - 17:59,HUME,HWY,0,Right on the spot,NUMBER 674,HN,CASULA,2.0,No,Not a school zone,Divided road,-33.956836,150.890835,Liverpool,Sydney metro. area,Syd-Newc-Woll Gtr conurbation,Straight,,,,Unknown / not stated,Sealed,Dry,Fine,Darkness,Nil,No traffic controls,70 km/h,State,30,Rear end,301,Same - Rear end,,Rear end,4 wheel drive / SUV,Car (sedan/hatch),2,0,0,0,1,8,August,Winter,Friday,16:00 - 17:59,PM peak / evening commute,True,False,True,True
1359098,Injury,Minor/Other Injury,2024,2024,June,Thursday,22:00 - Midnight,WILLIAM,ST,0,Right on the spot,PALMER,ST,WOOLLOOMOOLOO,173.0,No,Not a school zone,X-intersection,-33.874394,151.217212,Sydney,Sydney metro. area,Syd-Newc-Woll Gtr conurbation,Straight,,,,Unknown / not stated,Sealed,Wet,Raining,Darkness,On,No traffic controls,50 km/h,State,21,Right through,202,Opp - Right-thru,,Other angle,Car (sedan/hatch),Car (sedan/hatch),2,0,0,0,1,6,June,Winter,Thursday,22:00 - Midnight,Evening / night,False,False,True,True
1359102,Injury,Serious Injury,2024,2024,July,Tuesday,18:00 - 19:59,CROWN,ST,0,Right on the spot,EDMUND,ST,GRANTHAM FARM,,No,Not a school zone,X-intersection,-33.663964,150.873757,Blacktown,Sydney metro. area,Syd-Newc-Woll Gtr conurbation,Straight,,,,Unknown / not stated,Sealed,Dry,Fine,Darkness,Nil,Give way sign,60 km/h,Local,10,Cross traffic,101,Adj - Cross traffic,,Right angle,Light truck utility(from 2018),4 wheel drive / SUV,2,0,1,0,1,7,July,Winter,Tuesday,18:00 - 19:59,PM peak / evening commute,True,False,True,True