crash_id,degree_of_crash,degree_of_crash_-_detailed,reporting_year,year_of_crash,month_of_crash,day_of_week_of_crash,two-hour_intervals,street_of_crash,street_type,distance,direction,identifying_feature,identifying_feature_type,town,route_no.,school_zone_location,school_zone_active,type_of_location,latitude,longitude,lga,urbanisation,conurbation_1,alignment,primary_permanent_feature,primary_temporary_feature,primary_hazardous_feature,street_lighting,road_surface,surface_condition,weather,natural_lighting,signals_operation,other_traffic_control,speed_limit,road_classification_(admin),rum_-_code,rum_-_description,dca_-_code,dca_-_description,dca_supplement,first_impact_type,key_tu_type,other_tu_type,no._of_traffic_units_involved,no._killed,no._seriously_injured,no._moderately_injured,no._minor-other_injured,month_num,month_label,season,day_label,time_label,time_band,is_peak_commute,is_fatal,is_injury,is_casualty
1359104,Injury,Minor/Other Injury,2024,2024,July,Saturday,10:00 - 11:59,KING GEORGES,RD,0,Right on the spot,STONEY CREEK,RD,BEVERLY HILLS,200.0,Yes,No,X-intersection,-33.952614,151.083519,Georges River,Sydney metro. area,Syd-Newc-Woll Gtr conurbation,Straight,,,,Off,Sealed,Dry,Fine,Daylight,On,No traffic controls,60 km/h,State,30,Rear end,301,Same - Rear end,,Rear end,4 wheel drive / SUV,Car (sedan/hatch),2,0,0,0,1,7,July,Winter,Saturday,10:00 - 11:59,Midday / afternoon,False,False,True,True
1359105,Injury,Minor/Other Injury,2024,2024,July,Wednesday,08:00 - 09:59,MACAULAY,RD,0,Right on the spot,PERCIVAL,RD,STANMORE,,No,Not a school zone,X-intersection,-33.889963,151.165124,Inner West,Sydney metro. area,Syd-Newc-Woll Gtr conurbation,Straight,,,,Unknown / not stated,Sealed,Dry,Fine,Daylight,Nil,Stop sign,50 km/h,Local,10,Cross traffic,101,Adj - Cross traffic,,Right angle,4 wheel drive / SUV,Car (sedan/hatch),3,0,0,0,2,7,July,Winter,Wednesday,08:00 - 09:59,AM peak / school commute,True,False,True,True
1359108,Injury,Minor/Other Injury,2024,2024,August,Saturday,16:00 - 17:59,PACIFIC,HWY,0,Right on the spot,DOYALSON LINK,RD,DOYALSON,10.0,No,Not a school zone,T-junction,-33.205781,151.516385,Central Coast,Country urban,Syd-Newc-Woll Gtr conurbation,Straight,,,,Unknown / not stated,Sealed,Dry,Fine,Daylight,On,No traffic controls,80 km/h,State,30,Rear end,301,Same - Rear end,,Rear end,4 wheel drive / SUV,4 wheel drive / SUV,2,0,0,0,1,8,August,Winter,Saturday,16:00 - 17:59,PM peak / evening commute,True,False,True,True
1359114,Injury,Minor/Other Injury,2024,2024,May,Tuesday,06:00 - 07:59,CUMBERLAND,HWY,0,Right on the spot,HART,DR,CONSTITUTION HILL,13.0,No,Not a school zone,T-junction,-33.794385,150.983214,Parramatta,Sydney metro. area,Syd-Newc-Woll Gtr conurbation,Straight,,,,Unknown / not stated,Sealed,Wet,Raining,Darkness,On,No traffic controls,70 km/h,State,30,Rear end,301,Same - Rear end,,Rear end,Car (sedan/hatch),Light truck utility(from 2018),2,0,0,0,1,5,May,Autumn,Tuesday,06:00 - 07:59,AM peak / school commute,True,False,True,True
1359124,Injury,Minor/Other Injury,2024,2024,July,Wednesday,14:00 - 15:59,PICNIC,PDE,0,Right on the spot,NUMBER 46-48,HN,ETTALONG BEACH,,No,Not a school zone,Divided road,-33.513529,151.337169,Central Coast,Country urban,Syd-Newc-Woll Gtr conurbation,Straight,,,,Unknown / not stated,Sealed,Dry,Fine,Daylight,Nil,No traffic controls,50 km/h,Local,30,Rear end,301,Same - Rear end,,Rear end,4 wheel drive / SUV,Car (sedan/hatch),2,0,0,0,1,7,July,Winter,Wednesday,14:00 - 15:59,Midday / afternoon,False,False,True,True
1359126,Injury,Moderate Injury,2024,2024,July,Monday,00:01 - 01:59,MILPERRA,RD,0,Right on the spot,HENRY LAWSON,DR,MILPERRA,167.0,No,Not a school zone,X-intersection,-33.929664,150.980263,Canterbury-Bankstown,Sydney metro. area,Syd-Newc-Woll Gtr conurbation,Curved,,,,Unknown / not stated,Sealed,Dry,Fine,Darkness,On,No traffic controls,70 km/h,State,30,Rear end,301,Same - Rear end,,Rear end,4 wheel drive / SUV,Light truck utility(from 2018),2,0,0,1,0,7,July,Winter,Monday,00:01 - 01:59,Late night / early morning,False,False,True,True
1359129,Injury,Serious Injury,2024,2024,July,Thursday,14:00 - 15:59,KARIMBLA,RD,0,Right on the spot,WOONAH,ST,MIRANDA,,No,Not a school zone,T-junction,-34.037764,151.106826,Sutherland,Sydney metro. area,Syd-Newc-Woll Gtr conurbation,Straight,,,,Unknown / not stated,Sealed,Dry,Fine,Daylight,Nil,No traffic controls,50 km/h,Local,49,Other manoeuvring,400,Manov - other,,Other angle,Car (sedan/hatch),4 wheel drive / SUV,3,0,1,0,0,7,July,Winter,Thursday,14:00 - 15:59,Midday / afternoon,False,False,True,True
1359130,Injury,Minor/Other Injury,2024,2024,August,Saturday,10:00 - 11:59,PENROSE,ST,200,East,MURRALAH,PL,LANE COVE,2070.0,No,Not a school zone,2-way undivided,-33.817601,151.156449,Lane Cove,Sydney metro. area,Syd-Newc-Woll Gtr conurbation,Straight,,,,Unknown / not stated,Sealed,Dry,Fine,Daylight,Nil,No traffic controls,50 km/h,Regional,45,Reversing,404,Manov - Reverse in traffic,,Other angle,4 wheel drive / SUV,Station wagon,2,0,0,0,1,8,August,Winter,Saturday,10:00 - 11:59,Midday / afternoon,False,False,True,True
1359132,Injury,Minor/Other Injury,2024,2024,August,Friday,08:00 - 09:59,CESSNOCK,RD,50,West,STATION,ST,WESTON,588.0,No,Not a school zone,2-way undivided,-32.81481,151.45828,Cessnock,Country urban,Rest of NSW - Urban,Straight,,,,Unknown / not stated,Sealed,Wet,Overcast,Daylight,Nil,No traffic controls,60 km/h,State,30,Rear end,301,Same - Rear end,,Rear end,4 wheel drive / SUV,Car (sedan/hatch),3,0,0,0,1,8,August,Winter,Friday,08:00 - 09:59,AM peak / school commute,True,False,True,True
1359139,Injury,Minor/Other Injury,2024,2024,August,Friday,14:00 - 15:59,MOOREFIELDS,RD,0,Right on the spot,NUMBER 150,HN,KINGSGROVE,2021.0,No,Not a school zone,2-way undivided,-33.935343,151.086165,Canterbury-Bankstown,Sydney metro. area,Syd-Newc-Woll Gtr conurbation,Straight,,,,Unknown / not stated,Sealed,Dry,Overcast,Daylight,Nil,No traffic controls,50 km/h,Regional,30,Rear end,301,Same - Rear end,,Rear end,Light truck,Car (sedan/hatch),3,0,0,0,1,8,August,Winter,Friday,14:00 - 15:59,Midday / afternoon,False,False,True,True
1359143,Injury,Moderate Injury,2024,2024,July,Friday,18:00 - 19:59,AUBURN,ST,0,Right on the spot,CLIFFORD,ST,GOULBURN,,No,Not a school zone,X-intersection,-34.75288,149.719845,Goulburn Mulwaree,Country urban,Rest of NSW - Urban,Straight,,,,Unknown / not stated,Sealed,Dry,Fine,Dusk,On,No traffic controls,50 km/h,Local,10,Cross traffic,101,Adj - Cross traffic,,Right angle,Car (sedan/hatch),Car (sedan/hatch),2,0,0,1,0,7,July,Winter,Friday,18:00 - 19:59,PM peak / evening commute,True,False,True,True
1359144,Injury,Minor/Other Injury,2024,2024,August,Sunday,12:00 - 13:59,VICTORIA,ST,0,Right on the spot,NUMBER 98-102,HN,WERRINGTON,,No,Not a school zone,2-way undivided,-33.757672,150.755049,Penrith,Sydney metro. area,Syd-Newc-Woll Gtr conurbation,Straight,Driveway/entrance,,,Unknown / not stated,Sealed,Dry,Fine,Daylight,Nil,No traffic controls,50 km/h,Local,47,Emerging from drive,406,Manov - Emerging from driveway,,Right angle,Car (sedan/hatch),Car (sedan/hatch),2,0,0,0,1,8,August,Winter,Sunday,12:00 - 13:59,Midday / afternoon,False,False,True,True
1359145,Injury,Minor/Other Injury,2024,2024,August,Friday,16:00 - 17:59,OLD WINDSOR,RD,0,Right on the spot,SEVEN HILLS,RD,SEVEN HILLS,635.0,No,Not a school zone,X-intersection,-33.75851,150.955337,Blacktown,Sydney metro. area,Syd-Newc-Woll Gtr conurbation,Straight,,,,Unknown / not stated,Sealed,Dry,Fine,Dusk,On,No traffic controls,80 km/h,State,30,Rear end,301,Same - Rear end,,Rear end,Station wagon,4 wheel drive / SUV,2,0,0,0,1,8,August,Winter,Friday,16:00 - 17:59,PM peak / evening commute,True,False,True,True
1359150,Injury,Minor/Other Injury,2024,2024,August,Thursday,16:00 - 17:59,WEDDERBURN,RD,100,North,O'HARES,RD,WEDDERBURN,,No,Not a school zone,2-way undivided,-34.128742,150.812883,Campbelltown,Sydney metro. area,Syd-Newc-Woll Gtr conurbation,Straight,,,,Unknown / not stated,Sealed,Dry,Fine,Dusk,Nil,No traffic controls,70 km/h,Local,71,Off rd left => obj,703,Left off cway into object,,Vehicle - Object,Car (sedan/hatch),,1,0,0,0,1,8,August,Winter,Thursday,16:00 - 17:59,PM peak / evening commute,True,False,True,True
1359152,Injury,Serious Injury,2024,2024,May,Thursday,00:01 - 01:59,STONEY CREEK,RD,100,East,EDDYSTONE,RD,BEXLEY,665.0,No,Not a school zone,2-way undivided,-33.949565,151.119359,Bayside,Sydney metro. area,Syd-Newc-Woll Gtr conurbation,Straight,,,,On,Sealed,Wet,Raining,Darkness,Nil,No traffic controls,60 km/h,State,20,Head on,201,Opp - Head on,,Head-on,Station wagon,Car (sedan/hatch),2,0,1,0,0,5,May,Autumn,Thursday,00:01 - 01:59,Late night / early morning,False,False,True,True
1359154,Injury,Serious Injury,2024,2024,June,Friday,10:00 - 11:59,FAIRBROTHER,AVE,0,Right on the spot,NUMBER 27,HN,DENHAM COURT,,No,Not a school zone,2-way undivided,-33.981817,150.820437,Campbelltown,Sydney metro. area,Syd-Newc-Woll Gtr conurbation,Straight,Driveway/entrance,,,Off,Sealed,Dry,Fine,Daylight,Nil,No traffic controls,50 km/h,Local,88,Out of cont on bend,805,Out of control on bend,,Rollover,Motorcycle,,1,0,1,0,0,6,June,Winter,Friday,10:00 - 11:59,Midday / afternoon,False,False,True,True
1359155,Injury,Minor/Other Injury,2024,2024,July,Saturday,02:00 - 03:59,MAIN,ST,0,Right on the spot,NUMBER 15-17,HN,MOUNT ANNAN,,No,Not a school zone,Divided road,-34.049983,150.758864,Camden,Sydney metro. area,Syd-Newc-Woll Gtr conurbation,Curved,,,,Unknown / not stated,Sealed,Dry,Fine,Darkness,Nil,No traffic controls,50 km/h,Local,49,Other manoeuvring,400,Manov - other,,Other angle,Light truck utility(from 2018),4 wheel drive / SUV,2,0,0,0,1,7,July,Winter,Saturday,02:00 - 03:59,Late night / early morning,False,False,True,True
1359156,Injury,Moderate Injury,2024,2024,July,Tuesday,08:00 - 09:59,DALMENY,AVE,0,Right on the spot,HARCOURT,PDE,ROSEBERY,,No,Not a school zone,Roundabout,-33.920988,151.207018,Sydney,Sydney metro. area,Syd-Newc-Woll Gtr conurbation,Straight,,,,Nil,Sealed,Dry,Fine,Daylight,Nil,Give way sign,40 km/h,Local,10,Cross traffic,101,Adj - Cross traffic,,Right angle,Car (sedan/hatch),Pedal cycle,2,0,0,1,0,7,July,Winter,Tuesday,08:00 - 09:59,AM peak / school commute,True,False,True,True
1359158,Injury,Serious Injury,2024,2024,July,Wednesday,12:00 - 13:59,GREAT WESTERN,HWY,50,North,FOY,AVE,MEDLOW BATH,5.0,No,Not a school zone,2-way undivided,-33.684906,150.287471,Blue Mountains,Country urban,Syd-Newc-Woll Gtr conurbation,Curved,,Roadwks/Detour/Diverson,,Off,Sealed,Wet,Raining,Daylight,Nil,No traffic controls,60 km/h,State,81,Off left/rt bnd=>obj,803,Off right bend into obj,Left,Vehicle - Object,Car (sedan/hatch),,1,0,1,0,0,7,July,Winter,Wednesday,12:00 - 13:59,Midday / afternoon,False,False,True,True
1359159,Injury,Serious Injury,2024,2024,July,Thursday,22:00 - Midnight,RICHARDSON,RD,500,East,GRAHAMSTOWN,RD,CAMPVALE,104.0,No,Not a school zone,2-way undivided,-32.766932,151.819313,Port Stephens,Country urban,Rest of NSW - Urban,Straight,,,,Nil,Sealed,Dry,Fine,Darkness,Nil,No traffic controls,80 km/h,State,74,On road-out of cont.,705,Out of control on cway,,Rollover,4 wheel drive / SUV,,1,0,1,0,0,7,July,Winter,Thursday,22:00 - Midnight,Evening / night,False,False,True,True
1359162,Injury,Serious Injury,2024,2024,July,Thursday,08:00 - 09:59,UNIVERSITY,DR,200,West,WILLIAM DOWNES,AVE,CAMPBELLTOWN,,No,Not a school zone,2-way undivided,-34.066458,150.788629,Campbelltown,Sydney metro. area,Syd-Newc-Woll Gtr conurbation,Curved,Steep grade,,,Off,Sealed,Dry,Fine,Daylight,Nil,No traffic controls,50 km/h,Local,20,Head on,201,Opp - Head on,,Head-on,4 wheel drive / SUV,Car (sedan/hatch),2,0,1,0,0,7,July,Winter,Thursday,08:00 - 09:59,AM peak / school commute,True,False,True,True
1359165,Injury,Serious Injury,2024,2024,July,Friday,08:00 - 09:59,CHERRY,ST,0,Right on the spot,HASTINGS,RD,WARRAWEE,,No,Not a school zone,X-intersection,-33.725739,151.126588,Ku-ring-gai,Sydney metro. area,Syd-Newc-Woll Gtr conurbation,Straight,,,,Off,Sealed,Dry,Fine,Daylight,Nil,Stop sign,50 km/h,Local,10,Cross traffic,101,Adj - Cross traffic,,Right angle,4 wheel drive / SUV,Car (sedan/hatch),2,0,1,0,0,7,July,Winter,Friday,08:00 - 09:59,AM peak / school commute,True,False,True,True
1359166,Injury,Moderate Injury,2024,2024,June,Sunday,22:00 - Midnight,BLACKTOWN,RD,0,Right on the spot,LEABONS,LANE,SEVEN HILLS,644.0,No,Not a school zone,X-intersection,-33.779777,150.920462,Blacktown,Sydney metro. area,Syd-Newc-Woll Gtr conurbation,Straight,,Roadwks/Detour/Diverson,,On,Sealed,Dry,Fine,Darkness,On,No traffic controls,60 km/h,State,10,Cross traffic,101,Adj - Cross traffic,,Right angle,4 wheel drive / SUV,4 wheel drive / SUV,2,0,0,1,0,6,June,Winter,Sunday,22:00 - Midnight,Evening / night,False,False,True,True
1359167,Injury,Serious Injury,2024,2024,March,Saturday,10:00 - 11:59,HOLT,RD,0,Right on the spot,NUMBER 171,HN,TAREN POINT,,No,Not a school zone,2-way undivided,-34.018572,151.116639,Sutherland,Sydney metro. area,Syd-Newc-Woll Gtr conurbation,Curved,Painted double centre lines,,,Unknown / not stated,Sealed,Unknown,Unknown,Daylight,Nil,No traffic controls,50 km/h,Local,20,Head on,201,Opp - Head on,,Head-on,Car (sedan/hatch),4 wheel drive / SUV,2,0,1,0,0,3,March,Autumn,Saturday,10:00 - 11:59,Midday / afternoon,False,False,True,True
1359170,Injury,Minor/Other Injury,2024,2024,July,Thursday,18:00 - 19:59,MOWBRAY,RD,0,Right on the spot,BOWEN,ST,CHATSWOOD,2092.0,No,Not a school zone,T-junction,-33.805537,151.178203,Willoughby,Sydney metro. area,Syd-Newc-Woll Gtr conurbation,Straight,,,,On,Sealed,Dry,Fine,Darkness,Nil,No traffic controls,50 km/h,Regional,13,Right near,104,Adj - Right-thru from right,,Right angle,4 wheel drive / SUV,Motorcycle,2,0,0,0,1,7,July,Winter,Thursday,18:00 - 19:59,PM peak / evening commute,True,False,True,True
1359172,Injury,Serious Injury,2024,2024,August,Tuesday,16:00 - 17:59,GREAT WESTERN,HWY,0,Right on the spot,AUSTRALIA,ST,CAMPERDOWN,5.0,No,Not a school zone,X-intersection,-33.887321,151.174418,Inner West,Sydney metro. area,Syd-Newc-Woll Gtr conurbation,Straight,,,,On,Sealed,Dry,Fine,Dusk,Nil,No traffic controls,60 km/h,State,0,Ped nearside,1,Ped - Near side,,Vehicle - Pedestrian,4 wheel drive / SUV,Ped in toy vehicle,2,0,1,0,0,8,August,Winter,Tuesday,16:00 - 17:59,PM peak / evening commute,True,False,True,True
1359176,Injury,Serious Injury,2024,2024,July,Wednesday,16:00 - 17:59,PRINCES,HWY,0,Right on the spot,FARNELL,AVE,LOFTUS,1.0,No,Not a school zone,T-junction,-34.052817,151.048495,Sutherland,Sydney metro. area,Syd-Newc-Woll Gtr conurbation,Curved,,,,Nil,Sealed,Dry,Fine,Dusk,On,No traffic controls,80 km/h,State,30,Rear end,301,Same - Rear end,,Rear end,4 wheel drive / SUV,Car (sedan/hatch),2,0,1,0,1,7,July,Winter,Wednesday,16:00 - 17:59,PM peak / evening commute,True,False,True,True
1359177,Injury,Moderate Injury,2024,2024,June,Thursday,10:00 - 11:59,PAGET,ST,84,North,LENNOX,ST,RICHMOND,,No,Not a school zone,2-way undivided,-33.601221,150.753832,Hawkesbury,Country urban,Syd-Newc-Woll Gtr conurbation,Straight,Driveway/entrance,,,Off,Sealed,Dry,Fine,Daylight,Nil,No traffic controls,50 km/h,Local,31,Left rear,302,Same - Rear left,,Rear end,Light truck,Light truck utility(from 2018),2,0,0,1,0,6,June,Winter,Thursday,10:00 - 11:59,Midday / afternoon,False,False,True,True
1359182,Injury,Moderate Injury,2024,2024,June,Thursday,18:00 - 19:59,MACQUARIE,ST,0,Right on the spot,DRUMMOND,ST,SOUTH WINDSOR,154.0,No,Not a school zone,X-intersection,-33.622644,150.803471,Hawkesbury,Country urban,Syd-Newc-Woll Gtr conurbation,Straight,,,,On,Sealed,Dry,Fine,Darkness,On,No traffic controls,60 km/h,State,21,Right through,202,Opp - Right-thru,,Other angle,Car (sedan/hatch),Utility,3,0,0,1,0,6,June,Winter,Thursday,18:00 - 19:59,PM peak / evening commute,True,False,True,True
1359185,Injury,Moderate Injury,2024,2024,August,Monday,22:00 - Midnight,EBSWORTH,ST,100,North,LOCKS,LANE,WEST TAMWORTH,7707.0,No,Not a school zone,2-way undivided,-31.096802,150.924839,Tamworth Regional,Country urban,Rest of NSW - Urban,Curved,,,,On,Sealed,Wet,Raining,Darkness,Nil,No traffic controls,60 km/h,Regional,81,Off left/rt bnd=>obj,803,Off right bend into obj,Left,Vehicle - Object,Station wagon,,1,0,0,1,0,8,August,Winter,Monday,22:00 - Midnight,Evening / night,False,False,True,True
1359187,Injury,Moderate Injury,2024,2024,August,Thursday,22:00 - Midnight,GWYDIR,HWY,0,Right on the spot,NUMBER 149,HN,MOREE,12.0,No,Not a school zone,2-way undivided,-29.461061,149.811447,Moree Plains,Country urban,Rest of NSW - Urban,Curved,,,,On,Sealed,Dry,Fine,Darkness,Nil,No traffic controls,50 km/h,State,81,Off left/rt bnd=>obj,803,Off right bend into obj,Left,Vehicle - Object,4 wheel drive / SUV,,1,0,0,1,0,8,August,Winter,Thursday,22:00 - Midnight,Evening / night,False,False,True,True
1359188,Injury,Minor/Other Injury,2024,2024,August,Sunday,08:00 - 09:59,TOMEWIN,RD,0,Right on the spot,NUMBER 686,HN,TOMEWIN,143.0,No,Not a school zone,2-way undivided,-28.262564,153.369508,Tweed,Country non-urban,Rest of NSW - Rural,Curved,Steep grade,,"Loose gravel, sealed",Unknown / not stated,Sealed,Unknown,Unknown,Daylight,Nil,No traffic controls,100 km/h,Regional,81,Off left/rt bnd=>obj,803,Off right bend into obj,Left,Vehicle - Object,Motorcycle,,1,0,0,0,1,8,August,Winter,Sunday,08:00 - 09:59,AM peak / school commute,True,False,True,True
1359193,Injury,Serious Injury,2024,2024,August,Tuesday,12:00 - 13:59,BONDI,RD,0,Right on the spot,COUNCIL STREET,TO,BONDI JUNCTION,172.0,No,Not a school zone,2-way undivided,-33.892776,151.255474,Waverley,Sydney metro. area,Syd-Newc-Woll Gtr conurbation,Curved,,,,Off,Sealed,Dry,Fine,Daylight,Nil,No traffic controls,50 km/h,State,88,Out of cont on bend,805,Out of control on bend,,Rollover,Motor scooter,,1,0,1,0,0,8,August,Winter,Tuesday,12:00 - 13:59,Midday / afternoon,False,False,True,True
1359195,Injury,Serious Injury,2024,2024,July,Monday,14:00 - 15:59,BUNGARRIBEE,RD,0,Right on the spot,PATRICK,ST,BLACKTOWN,643.0,No,Not a school zone,T-junction,-33.776935,150.904012,Blacktown,Sydney metro. area,Syd-Newc-Woll Gtr conurbation,Straight,Steep grade,,,Off,Sealed,Dry,Fine,Daylight,Nil,Give way sign,60 km/h,State,48,From footpath,408,Manov - From footway,,Other angle,Pedal cycle,4 wheel drive / SUV,2,0,1,0,0,7,July,Winter,Monday,14:00 - 15:59,Midday / afternoon,False,False,True,True
1359197,Injury,Moderate Injury,2024,2024,July,Wednesday,06:00 - 07:59,BATHURST,ST,0,Right on the spot,CAMPBELL,ST,LIVERPOOL,,No,Not a school zone,X-intersection,-33.917547,150.922202,Liverpool,Sydney metro. area,Syd-Newc-Woll Gtr conurbation,Straight,,,,On,Sealed,Dry,Fine,Dawn,On,Ped crossing,50 km/h,Local,0,Ped nearside,1,Ped - Near side,,Vehicle - Pedestrian,Car (sedan/hatch),Pedestrian,2,0,0,1,0,7,July,Winter,Wednesday,06:00 - 07:59,AM peak / school commute,True,False,True,True
1359202,Injury,Serious Injury,2024,2024,July,Sunday,22:00 - Midnight,MACQUARIE,RD,0,Right on the spot,MACQUARIE,RD,LAKELANDS,527.0,No,Not a school zone,T-junction,-32.963716,151.653423,Lake Macquarie,Newcastle met. area,Syd-Newc-Woll Gtr conurbation,Straight,Crest,,,On,Sealed,Dry,Fine,Darkness,Nil,No traffic controls,70 km/h,State,21,Right through,202,Opp - Right-thru,,Other angle,Car (sedan/hatch),Motorcycle,2,0,1,0,0,7,July,Winter,Sunday,22:00 - Midnight,Evening / night,False,False,True,True
1359206,Injury,Moderate Injury,2024,2024,June,Tuesday,08:00 - 09:59,BROAD,ST,180,West,COVENTRY,RD,CABRAMATTA,,Yes,No,2-way undivided,-33.896192,150.923181,Fairfield,Sydney metro. area,Syd-Newc-Woll Gtr conurbation,Straight,,,,Nil,Sealed,Dry,Fine,Daylight,Nil,Ped crossing,50 km/h,Local,2,Ped far side,3,Ped - Far side,,Vehicle - Pedestrian,Car (sedan/hatch),Pedestrian,2,0,0,1,0,6,June,Winter,Tuesday,08:00 - 09:59,AM peak / school commute,True,False,True,True
1359207,Injury,Minor/Other Injury,2024,2024,August,Sunday,06:00 - 07:59,WOODVILLE,RD,100,South,LOUIS,ST,MERRYLANDS,640.0,No,Not a school zone,2-way undivided,-33.840676,150.999056,Cumberland,Sydney metro. area,Syd-Newc-Woll Gtr conurbation,Straight,,,,On,Sealed,Dry,Fine,Dawn,Nil,No traffic controls,70 km/h,State,70,Off road to left,701,Off carriageway to left,,Rollover,Car (sedan/hatch),,1,0,0,0,1,8,August,Winter,Sunday,06:00 - 07:59,AM peak / school commute,True,False,True,True
1359209,Injury,Moderate Injury,2024,2024,July,Monday,02:00 - 03:59,BAYVIEW,ST,10,East,PANORAMA,PDE,WARNERS BAY,,No,Not a school zone,X-intersection,-32.976856,151.659325,Lake Macquarie,Newcastle met. area,Syd-Newc-Woll Gtr conurbation,Straight,Steep grade,,,On,Sealed,Dry,Fine,Darkness,Nil,No traffic controls,50 km/h,Local,71,Off rd left => obj,703,Left off cway into object,,Vehicle - Object,Car (sedan/hatch),,2,0,0,1,0,7,July,Winter,Monday,02:00 - 03:59,Late night / early morning,False,False,True,True
1359210,Injury,Moderate Injury,2024,2024,June,Saturday,16:00 - 17:59,FREEMANS,DR,300,North,MOUNT NELLINDA,RD,COORANBONG,,No,Not a school zone,2-way undivided,-33.043384,151.46821,Lake Macquarie,Newcastle met. area,Syd-Newc-Woll Gtr conurbation,Curved,,,,Nil,Sealed,Wet,Raining,Dusk,Nil,No traffic controls,90 km/h,Local,81,Off left/rt bnd=>obj,803,Off right bend into obj,Left,Vehicle - Object,Car (sedan/hatch),,1,0,0,2,0,6,June,Winter,Saturday,16:00 - 17:59,PM peak / evening commute,True,False,True,True
1359211,Injury,Minor/Other Injury,2024,2024,August,Thursday,16:00 - 17:59,WENTWORTH,AVE,0,Right on the spot,BINALONG,RD,PENDLE HILL,7279.0,No,Not a school zone,T-junction,-33.803518,150.962347,Parramatta,Sydney metro. area,Syd-Newc-Woll Gtr conurbation,Straight,,,,Nil,Sealed,Dry,Fine,Daylight,Nil,Give way sign,60 km/h,Regional,30,Rear end,301,Same - Rear end,,Rear end,Passenger van,4 wheel drive / SUV,2,0,0,0,1,8,August,Winter,Thursday,16:00 - 17:59,PM peak / evening commute,True,False,True,True
1359225,Injury,Moderate Injury,2024,2024,April,Thursday,08:00 - 09:59,PACIFIC,HWY,0,Right on the spot,ADELAIDE,ST,HEATHERBRAE,10.0,No,Not a school zone,Roundabout,-32.78122,151.738975,Port Stephens,Country urban,Rest of NSW - Urban,Curved,,,,Nil,Sealed,Dry,Fine,Daylight,Nil,Give way sign,70 km/h,State,33,Lane sideswipe,305,Same - Lane side swipe,,Other angle,Light truck utility(from 2018),Motorcycle,2,0,0,1,0,4,April,Autumn,Thursday,08:00 - 09:59,AM peak / school commute,True,False,True,True
1359226,Injury,Serious Injury,2024,2024,July,Sunday,06:00 - 07:59,HAYES,RD,0,Right on the spot,ROTHSCHILD,AVE,ROSEBERY,,No,Not a school zone,Roundabout,-33.918162,151.203969,Sydney,Sydney metro. area,Syd-Newc-Woll Gtr conurbation,Straight,,,,Off,Sealed,Dry,Fine,Daylight,Nil,Give way sign,40 km/h,Local,10,Cross traffic,101,Adj - Cross traffic,,Right angle,Car (sedan/hatch),Motorcycle,2,0,1,0,0,7,July,Winter,Sunday,06:00 - 07:59,AM peak / school commute,True,False,True,True
1359231,Injury,Moderate Injury,2024,2024,August,Tuesday,08:00 - 09:59,LORNA,ST,10,East,ADA,ST,WARATAH,,No,Not a school zone,X-intersection,-32.89916,151.725074,Newcastle,Newcastle met. area,Syd-Newc-Woll Gtr conurbation,Straight,,,,Off,Sealed,Dry,Fine,Daylight,Nil,Give way sign,50 km/h,Local,71,Off rd left => obj,703,Left off cway into object,,Other angle,4 wheel drive / SUV,Station wagon,2,0,0,1,0,8,August,Winter,Tuesday,08:00 - 09:59,AM peak / school commute,True,False,True,True
1359232,Injury,Moderate Injury,2024,2024,August,Sunday,10:00 - 11:59,MOSS,ST,0,Right on the spot,NUMBER 49,HN,NOWRA,,No,Not a school zone,2-way undivided,-34.872147,150.606353,Shoalhaven,Country urban,Rest of NSW - Urban,Straight,Foot/cycle path/nature strip,,,Off,Sealed,Dry,Fine,Daylight,Nil,No traffic controls,50 km/h,Local,48,From footpath,408,Manov - From footway,,Other angle,Pedal cycle,Car (sedan/hatch),2,0,0,1,0,8,August,Winter,Sunday,10:00 - 11:59,Midday / afternoon,False,False,True,True
1359234,Injury,Moderate Injury,2024,2024,August,Saturday,16:00 - 17:59,PEARL,ST,0,Right on the spot,TURNOCK,ST,KINGSCLIFF,,No,Not a school zone,Roundabout,-28.255094,153.574904,Tweed,Country urban,Rest of NSW - Urban,Straight,,,,On,Sealed,Dry,Fine,Dusk,Nil,Give way sign,50 km/h,Local,40,U turn,207,Opp - U-turn,,Other angle,Pedal cycle,4 wheel drive / SUV,2,0,0,1,0,8,August,Winter,Saturday,16:00 - 17:59,PM peak / evening commute,True,False,True,True
1359235,Injury,Serious Injury,2024,2024,August,Sunday,02:00 - 03:59,QUORROBOLONG,RD,600,South,RACECOURSE,RD,CESSNOCK,,No,Not a school zone,2-way undivided,-32.85684,151.356158,Cessnock,Country urban,Rest of NSW - Urban,Curved,Ditch/drain/culvert,,,Nil,Sealed,Dry,Fine,Darkness,Nil,No traffic controls,80 km/h,Local,87,Off lft/lft bnd=>obj,804,Off left bend into obj,Left,Vehicle - Object,Light truck utility(from 2018),,1,0,1,0,0,8,August,Winter,Sunday,02:00 - 03:59,Late night / early morning,False,False,True,True
1359238,Injury,Minor/Other Injury,2024,2024,July,Saturday,18:00 - 19:59,NARELLAN,RD,20,East,HUME HIGHWAY,TO,BLAIRMOUNT,178.0,No,Not a school zone,Divided road,-34.060305,150.782226,Campbelltown,Sydney metro. area,Syd-Newc-Woll Gtr conurbation,Straight,Steep grade,,,On,Sealed,Dry,Fine,Darkness,Nil,No traffic controls,80 km/h,State,30,Rear end,301,Same - Rear end,,Rear end,Car (sedan/hatch),4 wheel drive / SUV,3,0,0,0,1,7,July,Winter,Saturday,18:00 - 19:59,PM peak / evening commute,True,False,True,True