crash_id,degree_of_crash,degree_of_crash_-_detailed,reporting_year,year_of_crash,month_of_crash,day_of_week_of_crash,two-hour_intervals,street_of_crash,street_type,distance,direction,identifying_feature,identifying_feature_type,town,route_no.,school_zone_location,school_zone_active,type_of_location,latitude,longitude,lga,urbanisation,conurbation_1,alignment,primary_permanent_feature,primary_temporary_feature,primary_hazardous_feature,street_lighting,road_surface,surface_condition,weather,natural_lighting,signals_operation,other_traffic_control,speed_limit,road_classification_(admin),rum_-_code,rum_-_description,dca_-_code,dca_-_description,dca_supplement,first_impact_type,key_tu_type,other_tu_type,no._of_traffic_units_involved,no._killed,no._seriously_injured,no._moderately_injured,no._minor-other_injured,month_num,month_label,season,day_label,time_label,time_band,is_peak_commute,is_fatal,is_injury,is_casualty
1359240,Injury,Moderate Injury,2024,2024,June,Tuesday,20:00 - 21:59,HAMILTON,RD,20,East,SACKVILLE,ST,FAIRFIELD,7223.0,No,Not a school zone,2-way undivided,-33.87293,150.945688,Fairfield,Sydney metro. area,Syd-Newc-Woll Gtr conurbation,Straight,Driveway/entrance,,,On,Sealed,Dry,Fine,Darkness,Nil,No traffic controls,60 km/h,Regional,21,Right through,202,Opp - Right-thru,,Other angle,Light truck utility(from 2018),4 wheel drive / SUV,2,0,0,1,0,6,June,Winter,Tuesday,20:00 - 21:59,Evening / night,False,False,True,True
1359245,Injury,Moderate Injury,2024,2024,May,Wednesday,18:00 - 19:59,WEST BOTANY,ST,0,Right on the spot,AVENAL,ST,ARNCLIFFE,2032.0,No,Not a school zone,T-junction,-33.941684,151.150963,Bayside,Sydney metro. area,Syd-Newc-Woll Gtr conurbation,Straight,,,,Off,Sealed,Dry,Fine,Darkness,Nil,No traffic controls,60 km/h,Regional,30,Rear end,301,Same - Rear end,,Rear end,Car (sedan/hatch),4 wheel drive / SUV,2,0,0,1,0,5,May,Autumn,Wednesday,18:00 - 19:59,PM peak / evening commute,True,False,True,True
1359248,Injury,Serious Injury,2024,2024,June,Friday,14:00 - 15:59,MAIN,RD,0,Right on the spot,NUMBER 428,HN,NORAVILLE,509.0,No,Not a school zone,2-way undivided,-33.2683,151.554843,Central Coast,Country urban,Syd-Newc-Woll Gtr conurbation,Straight,Steep grade,,,Nil,Sealed,Dry,Fine,Daylight,Nil,No traffic controls,50 km/h,State,30,Rear end,301,Same - Rear end,,Rear end,4 wheel drive / SUV,Pedal cycle,2,0,1,0,0,6,June,Winter,Friday,14:00 - 15:59,Midday / afternoon,False,False,True,True
1359250,Injury,Serious Injury,2024,2024,July,Friday,16:00 - 17:59,THE COMENARRA,PKWY,50,East,HICKS,AVE,SOUTH TURRAMURRA,7244.0,No,Not a school zone,2-way undivided,-33.745273,151.109139,Ku-ring-gai,Sydney metro. area,Syd-Newc-Woll Gtr conurbation,Curved,Steep grade,,,Off,Sealed,Dry,Fine,Daylight,Nil,No traffic controls,60 km/h,Regional,88,Out of cont on bend,805,Out of control on bend,,Rollover,Motorcycle,,1,0,1,0,0,7,July,Winter,Friday,16:00 - 17:59,PM peak / evening commute,True,False,True,True
1359254,Injury,Moderate Injury,2024,2024,July,Saturday,02:00 - 03:59,BLACKTOWN,RD,0,Right on the spot,GEORGE,ST,SOUTH WINDSOR,537.0,No,Not a school zone,Roundabout,-33.63974,150.784278,Hawkesbury,Country urban,Syd-Newc-Woll Gtr conurbation,Straight,,,,On,Sealed,Dry,Fine,Darkness,Nil,Give way sign,80 km/h,State,71,Off rd left => obj,703,Left off cway into object,,Vehicle - Object,Car (sedan/hatch),,1,0,0,1,0,7,July,Winter,Saturday,02:00 - 03:59,Late night / early morning,False,False,True,True
1359257,Injury,Minor/Other Injury,2024,2024,June,Thursday,14:00 - 15:59,STEWART,ST,0,Right on the spot,KING,ST,ERMINGTON,574.0,No,Not a school zone,X-intersection,-33.797665,151.060362,Parramatta,Sydney metro. area,Syd-Newc-Woll Gtr conurbation,Straight,,,,On,Sealed,Dry,Fine,Daylight,On,No traffic controls,70 km/h,State,30,Rear end,301,Same - Rear end,,Rear end,Large rigid,Station wagon,2,0,0,0,1,6,June,Winter,Thursday,14:00 - 15:59,Midday / afternoon,False,False,True,True
1359259,Injury,Moderate Injury,2024,2024,July,Saturday,12:00 - 13:59,OLD WINDSOR,RD,0,Right on the spot,BALMORAL,RD,BELLA VISTA,635.0,No,Not a school zone,X-intersection,-33.725226,150.940405,The Hills,Sydney metro. area,Syd-Newc-Woll Gtr conurbation,Straight,Foot/cycle path/nature strip,,,Off,Sealed,Dry,Overcast,Daylight,Off,Ped crossing,80 km/h,State,48,From footpath,408,Manov - From footway,,Other angle,Pedal cycle,Car (sedan/hatch),2,0,0,1,0,7,July,Winter,Saturday,12:00 - 13:59,Midday / afternoon,False,False,True,True
1359263,Injury,Minor/Other Injury,2024,2024,July,Tuesday,04:00 - 05:59,BRINGELLY,RD,0,Right on the spot,CAMDEN VALLEY,WAY,HORNINGSEA PARK,647.0,No,Not a school zone,X-intersection,-33.949811,150.838633,Liverpool,Sydney metro. area,Syd-Newc-Woll Gtr conurbation,Straight,,,,On,Sealed,Dry,Fine,Dawn,On,No traffic controls,80 km/h,State,30,Rear end,301,Same - Rear end,,Rear end,Car (sedan/hatch),Large rigid,2,0,0,0,1,7,July,Winter,Tuesday,04:00 - 05:59,Late night / early morning,False,False,True,True
1359273,Injury,Moderate Injury,2024,2024,August,Thursday,12:00 - 13:59,PHILLIP,ST,0,Right on the spot,NUMBER 52,HN,SYDNEY,,No,Not a school zone,2-way undivided,-33.864066,151.21176,Sydney,Sydney metro. area,Syd-Newc-Woll Gtr conurbation,Straight,Foot/cycle path/nature strip,,,Nil,Sealed,Dry,Fine,Daylight,Nil,No traffic controls,40 km/h,Local,6,Ped on footpath,8,Ped - On footway/median,,Vehicle - Pedestrian,Light truck,Pedestrian,2,0,0,1,0,8,August,Winter,Thursday,12:00 - 13:59,Midday / afternoon,False,False,True,True
1359281,Injury,Serious Injury,2024,2024,March,Saturday,20:00 - 21:59,JAMBOREE,AVE,0,Right on the spot,KONARA,ST,LEPPINGTON,,No,Not a school zone,X-intersection,-33.983134,150.805111,Camden,Sydney metro. area,Syd-Newc-Woll Gtr conurbation,Straight,,,,On,Sealed,Dry,Fine,Darkness,Nil,No traffic controls,50 km/h,Local,10,Cross traffic,101,Adj - Cross traffic,,Right angle,4 wheel drive / SUV,Car (sedan/hatch),2,0,1,0,1,3,March,Autumn,Saturday,20:00 - 21:59,Evening / night,False,False,True,True
1359285,Injury,Moderate Injury,2024,2024,July,Friday,14:00 - 15:59,SOUTHERN,EXP,0,Right on the spot,GIPPS ROAD,OP,GWYNNEVILLE,6006.0,No,Not a school zone,Dual freeway,-34.415765,150.880149,Wollongong,Wollongong met. area,Syd-Newc-Woll Gtr conurbation,Straight,Underpass/tunnel,,,Off,Sealed,Dry,Fine,Daylight,Nil,No traffic controls,80 km/h,State,73,Off rd rght => obj,704,Right off cway into obj,,Vehicle - Object,4 wheel drive / SUV,,2,0,0,1,0,7,July,Winter,Friday,14:00 - 15:59,Midday / afternoon,False,False,True,True
1359288,Injury,Serious Injury,2024,2024,May,Sunday,12:00 - 13:59,CARR,ST,0,Right on the spot,MOUNT,ST,COOGEE,,No,Not a school zone,Roundabout,-33.922093,151.251528,Randwick,Sydney metro. area,Syd-Newc-Woll Gtr conurbation,Straight,Steep grade,,,Off,Sealed,Dry,Fine,Daylight,Nil,Give way sign,50 km/h,Local,10,Cross traffic,101,Adj - Cross traffic,,Right angle,Car (sedan/hatch),Car (sedan/hatch),2,0,1,0,0,5,May,Autumn,Sunday,12:00 - 13:59,Midday / afternoon,False,False,True,True
1359289,Injury,Moderate Injury,2024,2024,June,Friday,14:00 - 15:59,HUNTER,EXP,1000,West,NEWCASTLE EXPRESSWAY,OP,SEAHAMPTON,6011.0,No,Not a school zone,Dual freeway,-32.884385,151.591768,Lake Macquarie,Newcastle met. area,Syd-Newc-Woll Gtr conurbation,Straight,Steep grade,,,Nil,Sealed,Wet,Fine,Daylight,Nil,No traffic controls,110 km/h,State,30,Rear end,301,Same - Rear end,,Rear end,Semi-trailer,Light truck utility(from 2018),3,0,0,1,1,6,June,Winter,Friday,14:00 - 15:59,Midday / afternoon,False,False,True,True
1359293,Injury,Moderate Injury,2024,2024,July,Friday,00:01 - 01:59,WELLS,ST,10,West,NOORUMBA,RD,SPRINGFIELD,7780.0,No,Not a school zone,T-junction,-33.430934,151.375035,Central Coast,Country urban,Syd-Newc-Woll Gtr conurbation,Curved,Steep grade,Roadwks/Detour/Diverson,,On,Sealed,Dry,Fine,Darkness,Nil,No traffic controls,60 km/h,Regional,65,Temp roadworks,606,On path - Hit temp roadwork,,Vehicle - Object,Car (sedan/hatch),,1,0,0,1,0,7,July,Winter,Friday,00:01 - 01:59,Late night / early morning,False,False,True,True
1359297,Injury,Moderate Injury,2024,2024,August,Saturday,18:00 - 19:59,HUME,HWY,0,Right on the spot,MURRIMBA,RD,PADDYS RIVER,2.0,No,Not a school zone,T-junction,-34.646653,150.119636,Wingecarribee,Country non-urban,Rest of NSW - Rural,Straight,,,,On,Sealed,Dry,Fine,Darkness,Nil,Give way sign,110 km/h,State,30,Rear end,301,Same - Rear end,,Rear end,Car (sedan/hatch),4 wheel drive / SUV,2,0,0,1,0,8,August,Winter,Saturday,18:00 - 19:59,PM peak / evening commute,True,False,True,True
1359301,Injury,Serious Injury,2024,2024,May,Wednesday,12:00 - 13:59,FOREST,RD,0,Right on the spot,NUMBER 622,HN,BEXLEY,168.0,No,Not a school zone,2-way undivided,-33.958134,151.117811,Bayside,Sydney metro. area,Syd-Newc-Woll Gtr conurbation,Straight,,,,Off,Sealed,Dry,Fine,Daylight,Nil,No traffic controls,60 km/h,State,71,Off rd left => obj,703,Left off cway into object,,Other angle,Car (sedan/hatch),Light truck utility(from 2018),2,0,1,0,0,5,May,Autumn,Wednesday,12:00 - 13:59,Midday / afternoon,False,False,True,True
1359302,Injury,Serious Injury,2024,2024,May,Thursday,08:00 - 09:59,PACIFIC,HWY,50,South,DOOHAT,AVE,NORTH SYDNEY,10.0,No,Not a school zone,Divided road,-33.836273,151.205562,North Sydney,Sydney metro. area,Syd-Newc-Woll Gtr conurbation,Straight,,,,Off,Sealed,Wet,Fine,Daylight,Nil,No traffic controls,60 km/h,State,30,Rear end,301,Same - Rear end,,Rear end,Light truck,Car (sedan/hatch),3,0,1,0,0,5,May,Autumn,Thursday,08:00 - 09:59,AM peak / school commute,True,False,True,True
1359305,Injury,Serious Injury,2024,2024,July,Tuesday,06:00 - 07:59,GLENLOGAN,RD,3000,North,PRIDHAM,ST,COWRA,,No,Not a school zone,2-way undivided,-33.78726,148.673382,Cowra,Country non-urban,Rest of NSW - Rural,Straight,,,,Nil,Sealed,Wet,Fog or mist,Daylight,Nil,No traffic controls,100 km/h,Local,30,Rear end,301,Same - Rear end,,Rear end,Other bus,Large rigid,2,0,1,0,0,7,July,Winter,Tuesday,06:00 - 07:59,AM peak / school commute,True,False,True,True
1359310,Injury,Serious Injury,2024,2024,April,Friday,12:00 - 13:59,ORANGE,RD,0,Right on the spot,BURTON,ST,BLAYNEY,245.0,No,Not a school zone,X-intersection,-33.529011,149.247854,Blayney,Country urban,Rest of NSW - Urban,Straight,,,,Off,Sealed,Dry,Fine,Daylight,Nil,Give way sign,50 km/h,State,71,Off rd left => obj,703,Left off cway into object,,Vehicle - Object,4 wheel drive / SUV,,1,0,1,0,0,4,April,Autumn,Friday,12:00 - 13:59,Midday / afternoon,False,False,True,True
1359316,Injury,Minor/Other Injury,2024,2024,July,Sunday,08:00 - 09:59,EPSOM,RD,0,Right on the spot,JOYNTON,AVE,ZETLAND,,No,Not a school zone,X-intersection,-33.910695,151.206207,Sydney,Sydney metro. area,Syd-Newc-Woll Gtr conurbation,Straight,,,,Off,Sealed,Dry,Fine,Daylight,On,No traffic controls,50 km/h,Local,30,Rear end,301,Same - Rear end,,Rear end,Car (sedan/hatch),4 wheel drive / SUV,3,0,0,0,1,7,July,Winter,Sunday,08:00 - 09:59,AM peak / school commute,True,False,True,True
1359320,Injury,Moderate Injury,2024,2024,July,Friday,18:00 - 19:59,HUME,HWY,0,Right on the spot,BARKERS,LANE,YARRA,2.0,No,Not a school zone,T-junction,-34.795955,149.6159,Goulburn Mulwaree,Country non-urban,Rest of NSW - Rural,Straight,Ditch/drain/culvert,,,Nil,Sealed,Dry,Fine,Darkness,Nil,Give way sign,110 km/h,State,73,Off rd rght => obj,704,Right off cway into obj,,Vehicle - Object,Car (sedan/hatch),,1,0,0,1,0,7,July,Winter,Friday,18:00 - 19:59,PM peak / evening commute,True,False,True,True
1359321,Injury,Serious Injury,2024,2024,July,Thursday,20:00 - 21:59,PRINCES,HWY,0,Right on the spot,RAWSON AVENUE,TO,SUTHERLAND,1.0,No,Not a school zone,Divided road,-34.045826,151.052334,Sutherland,Sydney metro. area,Syd-Newc-Woll Gtr conurbation,Straight,,,,On,Sealed,Dry,Fine,Darkness,Nil,No traffic controls,80 km/h,State,35,Lane change left,307,Same - Lane change left,,Other angle,Car (sedan/hatch),Car (sedan/hatch),2,0,1,1,0,7,July,Winter,Thursday,20:00 - 21:59,Evening / night,False,False,True,True
1359322,Injury,Moderate Injury,2024,2024,April,Tuesday,08:00 - 09:59,PRINCES,HWY,200,South,QUINNS,LANE,SOUTH NOWRA,1.0,No,Not a school zone,Divided road,-34.91038,150.603166,Shoalhaven,Country urban,Rest of NSW - Urban,Straight,,,,Nil,Sealed,Dry,Overcast,Daylight,Nil,No traffic controls,70 km/h,State,62,Accident,603,On path - Previous accident,,Other angle,Large rigid,Passenger van,2,0,0,3,0,4,April,Autumn,Tuesday,08:00 - 09:59,AM peak / school commute,True,False,True,True
1359328,Injury,Serious Injury,2024,2024,July,Friday,12:00 - 13:59,CENTRAL COAST,HWY,0,Right on the spot,CRESTHAVEN,AVE,BATEAU BAY,30.0,No,Not a school zone,Roundabout,-33.392296,151.473457,Central Coast,Country urban,Syd-Newc-Woll Gtr conurbation,Straight,Foot/cycle path/nature strip,,,Nil,Sealed,Dry,Fine,Daylight,Nil,Give way sign,60 km/h,State,37,Left turn sideswipe,309,Same - Left turn side swipe,,Other angle,4 wheel drive / SUV,Pedal cycle,2,0,1,0,0,7,July,Winter,Friday,12:00 - 13:59,Midday / afternoon,False,False,True,True
1359329,Injury,Moderate Injury,2024,2024,August,Thursday,08:00 - 09:59,NARELLAN,RD,0,Right on the spot,EXCHANGE,PDE,SMEATON GRANGE,178.0,No,Not a school zone,T-junction,-34.041613,150.749082,Camden,Sydney metro. area,Syd-Newc-Woll Gtr conurbation,Straight,,,,Nil,Sealed,Dry,Fine,Daylight,On,No traffic controls,80 km/h,State,21,Right through,202,Opp - Right-thru,,Other angle,Light truck utility(from 2018),4 wheel drive / SUV,2,0,0,1,1,8,August,Winter,Thursday,08:00 - 09:59,AM peak / school commute,True,False,True,True
1359330,Injury,Minor/Other Injury,2024,2024,July,Friday,12:00 - 13:59,OXLEY,HWY,50,North,HOWE,ST,CARROLL,11.0,No,Not a school zone,2-way undivided,-30.99115,150.440815,Gunnedah,Country urban,Rest of NSW - Urban,Curved,Embankment/cutting,,,Nil,Sealed,Dry,Fine,Daylight,Nil,No traffic controls,70 km/h,State,84,Off right/left bend,802,Off cway left bend,Right,Rollover,B-double (road train prior 98),,1,0,0,0,1,7,July,Winter,Friday,12:00 - 13:59,Midday / afternoon,False,False,True,True
1359332,Injury,Serious Injury,2024,2024,August,Wednesday,16:00 - 17:59,CONCORD,RD,20,South,COONONG,RD,CONCORD WEST,668.0,No,Not a school zone,2-way undivided,-33.843197,151.089149,Canada Bay,Sydney metro. area,Syd-Newc-Woll Gtr conurbation,Straight,Bus stop,,,Off,Sealed,Dry,Fine,Daylight,Nil,No traffic controls,60 km/h,State,0,Ped nearside,1,Ped - Near side,,Vehicle - Pedestrian,Car (sedan/hatch),Pedestrian,2,0,1,0,0,8,August,Winter,Wednesday,16:00 - 17:59,PM peak / evening commute,True,False,True,True
1359334,Injury,Moderate Injury,2024,2024,May,Monday,12:00 - 13:59,RICHARDSON,RD,150,West,BENJAMIN LEE,DR,RAYMOND TERRACE,104.0,No,Not a school zone,2-way undivided,-32.757655,151.77988,Port Stephens,Country urban,Rest of NSW - Urban,Straight,,,,Off,Sealed,Dry,Fine,Daylight,Nil,No traffic controls,70 km/h,State,71,Off rd left => obj,703,Left off cway into object,,Vehicle - Object,Passenger van,,1,0,0,2,0,5,May,Autumn,Monday,12:00 - 13:59,Midday / afternoon,False,False,True,True
1359335,Injury,Serious Injury,2024,2024,July,Tuesday,00:01 - 01:59,JARRETT,ST,0,Right on the spot,MAIDENS BRUSH,RD,WYOMING,,No,Not a school zone,T-junction,-33.410943,151.352893,Central Coast,Country urban,Syd-Newc-Woll Gtr conurbation,Curved,,,,On,Sealed,Dry,Fine,Darkness,Nil,Give way sign,50 km/h,Local,85,Off rt/lft bnd=>obj,804,Off left bend into obj,Right,Vehicle - Object,Car (sedan/hatch),,1,0,1,0,0,7,July,Winter,Tuesday,00:01 - 01:59,Late night / early morning,False,False,True,True
1359338,Injury,Minor/Other Injury,2024,2024,June,Thursday,16:00 - 17:59,BELGRAV,ESP,0,Right on the spot,BOX,RD,SYLVANIA WATERS,,No,Not a school zone,Roundabout,-34.022515,151.108693,Sutherland,Sydney metro. area,Syd-Newc-Woll Gtr conurbation,Straight,,,,Off,Sealed,Dry,Fine,Daylight,Nil,Give way sign,50 km/h,Local,30,Rear end,301,Same - Rear end,,Rear end,Car (sedan/hatch),Passenger van,2,0,0,0,1,6,June,Winter,Thursday,16:00 - 17:59,PM peak / evening commute,True,False,True,True
1359339,Injury,Serious Injury,2024,2024,July,Saturday,10:00 - 11:59,WATAGAN FOREST,RD,20000,West,MT FAULK,RD,MARTINSVILLE,,No,Not a school zone,2-way undivided,-33.077277,151.349205,Lake Macquarie,Newcastle met. area,Syd-Newc-Woll Gtr conurbation,Curved,,,,Nil,Unsealed,Wet,Raining,Daylight,Nil,No traffic controls,100 km/h,Local,88,Out of cont on bend,805,Out of control on bend,,Rollover,Motorcycle,,1,0,1,0,0,7,July,Winter,Saturday,10:00 - 11:59,Midday / afternoon,False,False,True,True
1359341,Injury,Serious Injury,2024,2024,July,Tuesday,16:00 - 17:59,FOREST,RD,0,Right on the spot,MIMOSA,ST,BEXLEY,168.0,No,Not a school zone,T-junction,-33.955986,151.118502,Bayside,Sydney metro. area,Syd-Newc-Woll Gtr conurbation,Straight,,,,Off,Sealed,Dry,Fine,Daylight,Nil,Give way sign,60 km/h,State,32,Right rear,303,Same - Rear right,,Rear end,Motorcycle,Light truck utility(from 2018),2,0,1,0,0,7,July,Winter,Tuesday,16:00 - 17:59,PM peak / evening commute,True,False,True,True
1359344,Injury,Moderate Injury,2024,2024,June,Monday,06:00 - 07:59,CARR,ST,0,Right on the spot,DUDLEY,ST,COOGEE,,No,Not a school zone,X-intersection,-33.921488,151.247494,Randwick,Sydney metro. area,Syd-Newc-Woll Gtr conurbation,Straight,,,,Nil,Sealed,Dry,Fine,Daylight,Nil,No traffic controls,50 km/h,Local,0,Ped nearside,1,Ped - Near side,,Vehicle - Pedestrian,Car (sedan/hatch),Pedestrian,2,0,0,1,0,6,June,Winter,Monday,06:00 - 07:59,AM peak / school commute,True,False,True,True
1359347,Injury,Serious Injury,2024,2024,August,Wednesday,18:00 - 19:59,NEWCASTLE INNER CITY,BYPA,1050,North,UNIVERSITY DRIVE,TO,SHORTLAND,23.0,No,Not a school zone,Divided road,-32.884724,151.696835,Newcastle,Newcastle met. area,Syd-Newc-Woll Gtr conurbation,Straight,,,,Nil,Sealed,Dry,Fine,Darkness,Nil,No traffic controls,90 km/h,State,71,Off rd left => obj,703,Left off cway into object,,Vehicle - Object,Car (sedan/hatch),,1,0,1,0,0,8,August,Winter,Wednesday,18:00 - 19:59,PM peak / evening commute,True,False,True,True
1359349,Injury,Serious Injury,2024,2024,June,Sunday,12:00 - 13:59,PRINCES,HWY,0,Right on the spot,CHARLOTTE,ST,WOLLONGONG,1.0,No,Not a school zone,T-junction,-34.420234,150.892668,Wollongong,Wollongong met. area,Syd-Newc-Woll Gtr conurbation,Straight,Steep grade,,,Nil,Sealed,Dry,Fine,Daylight,Nil,Give way sign,50 km/h,State,32,Right rear,303,Same - Rear right,,Rear end,Motor scooter,Light truck utility(from 2018),2,0,1,0,0,6,June,Winter,Sunday,12:00 - 13:59,Midday / afternoon,False,False,True,True
1359351,Injury,Serious Injury,2024,2024,July,Monday,18:00 - 19:59,NEW ENGLAND,HWY,950,North,HALCOMBE,RD,SCONE,9.0,No,Not a school zone,2-way undivided,-32.11962,150.873417,Upper Hunter,Country non-urban,Rest of NSW - Rural,Straight,,,,Off,Sealed,Dry,Fine,Darkness,Nil,No traffic controls,100 km/h,State,30,Rear end,301,Same - Rear end,,Rear end,4 wheel drive / SUV,4 wheel drive / SUV,2,0,1,1,0,7,July,Winter,Monday,18:00 - 19:59,PM peak / evening commute,True,False,True,True
1359352,Injury,Moderate Injury,2024,2024,July,Friday,12:00 - 13:59,CROWN,ST,80,South,DEVONSHIRE,ST,SURRY HILLS,,No,Not a school zone,2-way undivided,-33.88953,151.213195,Sydney,Sydney metro. area,Syd-Newc-Woll Gtr conurbation,Straight,Bus stop,,,Nil,Sealed,Wet,Other,Daylight,Nil,No traffic controls,40 km/h,Local,2,Ped far side,3,Ped - Far side,,Vehicle - Pedestrian,Station wagon,Pedestrian,2,0,0,1,0,7,July,Winter,Friday,12:00 - 13:59,Midday / afternoon,False,False,True,True
1359354,Injury,Serious Injury,2024,2024,July,Tuesday,14:00 - 15:59,BOUNDARY,RD,0,Right on the spot,FRANCIS GREENWAY,DR,CHERRYBROOK,656.0,No,Not a school zone,T-junction,-33.72914,151.043813,Hornsby,Sydney metro. area,Syd-Newc-Woll Gtr conurbation,Curved,,,,Off,Sealed,Dry,Fine,Daylight,On,No traffic controls,60 km/h,State,11,Right far,102,Adj - Right-thru from left,,Right angle,Car (sedan/hatch),4 wheel drive / SUV,2,0,1,0,1,7,July,Winter,Tuesday,14:00 - 15:59,Midday / afternoon,False,False,True,True
1359355,Injury,Serious Injury,2024,2024,June,Thursday,16:00 - 17:59,MACQUARIE,RD,0,Right on the spot,BROWN,ST,CARDIFF,527.0,Yes,No,X-intersection,-32.946611,151.657143,Lake Macquarie,Newcastle met. area,Syd-Newc-Woll Gtr conurbation,Straight,,,,Nil,Sealed,Dry,Fine,Dusk,Nil,Give way sign,60 km/h,State,10,Cross traffic,101,Adj - Cross traffic,,Right angle,4 wheel drive / SUV,Motorcycle,2,0,1,0,0,6,June,Winter,Thursday,16:00 - 17:59,PM peak / evening commute,True,False,True,True
1359361,Injury,Serious Injury,2024,2024,July,Friday,12:00 - 13:59,BACK YANCO,RD,0,Right on the spot,JACKSON,RD,LEETON,,No,Not a school zone,T-junction,-34.579875,146.399224,Leeton,Country urban,Rest of NSW - Urban,Straight,,,,Nil,Sealed,Wet,Overcast,Daylight,Nil,Give way sign,80 km/h,Local,13,Right near,104,Adj - Right-thru from right,,Right angle,Car (sedan/hatch),4 wheel drive / SUV,2,0,1,1,1,7,July,Winter,Friday,12:00 - 13:59,Midday / afternoon,False,False,True,True
1359362,Injury,Serious Injury,2024,2024,July,Wednesday,06:00 - 07:59,PORT HACKING,RD,0,Right on the spot,HOLT,RD,SYLVANIA,669.0,No,Not a school zone,T-junction,-34.014462,151.104695,Sutherland,Sydney metro. area,Syd-Newc-Woll Gtr conurbation,Curved,,,,On,Sealed,Dry,Fine,Dawn,Nil,No traffic controls,70 km/h,State,2,Ped far side,3,Ped - Far side,,Vehicle - Pedestrian,Light truck,Pedestrian,2,0,1,0,0,7,July,Winter,Wednesday,06:00 - 07:59,AM peak / school commute,True,False,True,True
1359364,Injury,Serious Injury,2024,2024,July,Thursday,10:00 - 11:59,HALLS CREEK,RD,4430,East,MANILLA,TN,HALLS CREEK,,No,Not a school zone,2-way undivided,-30.728336,150.768789,Tamworth Regional,Country non-urban,Rest of NSW - Rural,Straight,,,,Nil,Sealed,Dry,Fine,Daylight,Nil,No traffic controls,100 km/h,Local,71,Off rd left => obj,703,Left off cway into object,,Vehicle - Object,Light truck utility(from 2018),,1,0,2,0,0,7,July,Winter,Thursday,10:00 - 11:59,Midday / afternoon,False,False,True,True
1359366,Injury,Serious Injury,2024,2024,May,Wednesday,10:00 - 11:59,M7 WESTLINK,EXP,400,East,QUAKERS HILL,PKWY,QUAKERS HILL,6009.0,No,Not a school zone,Dual freeway,-33.733926,150.879033,Blacktown,Sydney metro. area,Syd-Newc-Woll Gtr conurbation,Straight,,,,Off,Sealed,Dry,Fine,Daylight,Nil,No traffic controls,100 km/h,State,30,Rear end,301,Same - Rear end,,Rear end,4 wheel drive / SUV,Pedal cycle,2,0,1,0,0,5,May,Autumn,Wednesday,10:00 - 11:59,Midday / afternoon,False,False,True,True
1359369,Injury,Minor/Other Injury,2024,2024,August,Sunday,06:00 - 07:59,CRYSTAL,ST,10,South,MARGARET,ST,PETERSHAM,2007.0,No,Not a school zone,T-junction,-33.889112,151.158657,Inner West,Sydney metro. area,Syd-Newc-Woll Gtr conurbation,Straight,Painted double centre lines,,,On,Sealed,Dry,Fine,Darkness,On,Give way sign,60 km/h,Regional,40,U turn,207,Opp - U-turn,,Other angle,Car (sedan/hatch),Motorcycle,2,0,0,0,1,8,August,Winter,Sunday,06:00 - 07:59,AM peak / school commute,True,False,True,True
1359370,Injury,Serious Injury,2024,2024,August,Thursday,18:00 - 19:59,OLD CANTERBURY,RD,0,Right on the spot,HANKS,ST,DULWICH HILL,652.0,No,Not a school zone,T-junction,-33.903879,151.129307,Inner West,Sydney metro. area,Syd-Newc-Woll Gtr conurbation,Straight,,,,On,Sealed,Dry,Fine,Darkness,Nil,Give way sign,50 km/h,State,21,Right through,202,Opp - Right-thru,,Other angle,Car (sedan/hatch),Motorcycle,2,0,1,0,0,8,August,Winter,Thursday,18:00 - 19:59,PM peak / evening commute,True,False,True,True
1359371,Injury,Serious Injury,2024,2024,May,Friday,06:00 - 07:59,VICTORIA,RD,0,Right on the spot,NUMBER 440,HN,RYDALMERE,165.0,Yes,No,Divided road,-33.8128,151.045296,Parramatta,Sydney metro. area,Syd-Newc-Woll Gtr conurbation,Straight,,,,Nil,Sealed,Dry,Overcast,Dawn,Unknown / not stated,Ped crossing,70 km/h,State,30,Rear end,301,Same - Rear end,,Rear end,Light truck,Car (sedan/hatch),2,0,1,0,0,5,May,Autumn,Friday,06:00 - 07:59,AM peak / school commute,True,False,True,True
1359374,Injury,Serious Injury,2024,2024,July,Sunday,12:00 - 13:59,SANDGATE,RD,50,East,MARTIN,ST,BIRMINGHAM GARDENS,,No,Not a school zone,2-way undivided,-32.890856,151.691147,Newcastle,Newcastle met. area,Syd-Newc-Woll Gtr conurbation,Curved,,,,Off,Sealed,Dry,Fine,Daylight,Nil,No traffic controls,50 km/h,Local,87,Off lft/lft bnd=>obj,804,Off left bend into obj,Left,Other angle,Car (sedan/hatch),Car (sedan/hatch),2,0,1,0,0,7,July,Winter,Sunday,12:00 - 13:59,Midday / afternoon,False,False,True,True
1359379,Injury,Moderate Injury,2024,2024,July,Sunday,12:00 - 13:59,WOLLI CREEK,RD,0,Right on the spot,NUMBER 12,HN,BANKSIA,,No,Not a school zone,2-way undivided,-33.945728,151.135639,Bayside,Sydney metro. area,Syd-Newc-Woll Gtr conurbation,Straight,,,,Nil,Sealed,Dry,Fine,Daylight,Nil,No traffic controls,50 km/h,Local,71,Off rd left => obj,703,Left off cway into object,,Other angle,Light truck utility(from 2018),Station wagon,2,0,0,1,0,7,July,Winter,Sunday,12:00 - 13:59,Midday / afternoon,False,False,True,True
1359389,Injury,Moderate Injury,2024,2024,July,Monday,12:00 - 13:59,HEADOR,ST,0,Right on the spot,NUMBER 20A,HN,TOUKLEY,,No,Not a school zone,2-way undivided,-33.2668,151.546719,Central Coast,Country urban,Syd-Newc-Woll Gtr conurbation,Straight,,,,Unknown / not stated,Sealed,Dry,Overcast,Daylight,Nil,No traffic controls,50 km/h,Local,40,U turn,304,Same - U-turn,,Other angle,Car (sedan/hatch),Car (sedan/hatch),2,0,0,1,1,7,July,Winter,Monday,12:00 - 13:59,Midday / afternoon,False,False,True,True