crash_id,degree_of_crash,degree_of_crash_-_detailed,reporting_year,year_of_crash,month_of_crash,day_of_week_of_crash,two-hour_intervals,street_of_crash,street_type,distance,direction,identifying_feature,identifying_feature_type,town,route_no.,school_zone_location,school_zone_active,type_of_location,latitude,longitude,lga,urbanisation,conurbation_1,alignment,primary_permanent_feature,primary_temporary_feature,primary_hazardous_feature,street_lighting,road_surface,surface_condition,weather,natural_lighting,signals_operation,other_traffic_control,speed_limit,road_classification_(admin),rum_-_code,rum_-_description,dca_-_code,dca_-_description,dca_supplement,first_impact_type,key_tu_type,other_tu_type,no._of_traffic_units_involved,no._killed,no._seriously_injured,no._moderately_injured,no._minor-other_injured,month_num,month_label,season,day_label,time_label,time_band,is_peak_commute,is_fatal,is_injury,is_casualty
1359391,Injury,Moderate Injury,2024,2024,June,Friday,14:00 - 15:59,GOOLMA,RD,5300,West,GOLLAN,RD,GOOLMA,633.0,No,Not a school zone,2-way undivided,-32.376626,149.215907,Mid-Western Regional,Country non-urban,Rest of NSW - Rural,Straight,Embankment/cutting,,,Off,Sealed,Dry,Fine,Daylight,Nil,No traffic controls,100 km/h,State,70,Off road to left,701,Off carriageway to left,,Rollover,Car (sedan/hatch),,1,0,0,1,0,6,June,Winter,Friday,14:00 - 15:59,Midday / afternoon,False,False,True,True
1359394,Injury,Moderate Injury,2024,2024,April,Friday,10:00 - 11:59,CHARLES,ST,0,Right on the spot,HOMELANDS,AVE,TELOPEA,,No,Not a school zone,X-intersection,-33.788051,151.042453,Parramatta,Sydney metro. area,Syd-Newc-Woll Gtr conurbation,Straight,Steep grade,,,Unknown / not stated,Sealed,Dry,Fine,Daylight,Nil,Stop sign,50 km/h,Local,10,Cross traffic,101,Adj - Cross traffic,,Right angle,Light truck utility(from 2018),Light truck,2,0,0,1,0,4,April,Autumn,Friday,10:00 - 11:59,Midday / afternoon,False,False,True,True
1359398,Injury,Moderate Injury,2024,2024,July,Monday,06:00 - 07:59,CAMDEN VALLEY,WAY,0,Right on the spot,GEORGE,RD,LEPPINGTON,620.0,No,Not a school zone,T-junction,-33.984626,150.796054,Camden,Sydney metro. area,Syd-Newc-Woll Gtr conurbation,Straight,,,,On,Sealed,Wet,Raining,Dawn,Nil,No traffic controls,80 km/h,State,85,Off rt/lft bnd=>obj,706,Left turn,Right,Vehicle - Object,Car (sedan/hatch),,1,0,0,2,0,7,July,Winter,Monday,06:00 - 07:59,AM peak / school commute,True,False,True,True
1359399,Injury,Minor/Other Injury,2024,2024,July,Sunday,18:00 - 19:59,PIPER,ST,0,Right on the spot,TRIBE,ST,NORTH TAMWORTH,,No,Not a school zone,T-junction,-31.076393,150.917069,Tamworth Regional,Country urban,Rest of NSW - Urban,Curved,,,,Unknown / not stated,Sealed,Dry,Fine,Darkness,Nil,Give way sign,40 km/h,Local,13,Right near,104,Adj - Right-thru from right,,Right angle,Car (sedan/hatch),Car (sedan/hatch),2,0,0,0,1,7,July,Winter,Sunday,18:00 - 19:59,PM peak / evening commute,True,False,True,True
1359403,Injury,Moderate Injury,2024,2024,August,Tuesday,20:00 - 21:59,NEW ENGLAND,HWY,1500,North,CHILCOTTS CREEK,RD,WILLOW TREE,9.0,No,Not a school zone,2-way undivided,-31.683056,150.76546,Liverpool Plains,Country non-urban,Rest of NSW - Rural,Curved,Other bridge,,,Unknown / not stated,Sealed,Dry,Fine,Darkness,Nil,No traffic controls,100 km/h,State,87,Off lft/lft bnd=>obj,804,Off left bend into obj,Left,Vehicle - Object,Car (sedan/hatch),,1,0,0,1,0,8,August,Winter,Tuesday,20:00 - 21:59,Evening / night,False,False,True,True
1359406,Injury,Serious Injury,2024,2024,August,Saturday,18:00 - 19:59,OLD INVERELL,RD,0,Right on the spot,NUMBER 426,HN,ARMIDALE,,No,Not a school zone,2-way undivided,-30.487655,151.595203,Armidale Regional,Country non-urban,Rest of NSW - Rural,Straight,Embankment/cutting,,,Unknown / not stated,Sealed,Dry,Fine,Darkness,Nil,No traffic controls,100 km/h,Local,73,Off rd rght => obj,704,Right off cway into obj,,Vehicle - Object,Car (sedan/hatch),,1,0,1,0,0,8,August,Winter,Saturday,18:00 - 19:59,PM peak / evening commute,True,False,True,True
1359407,Injury,Minor/Other Injury,2024,2024,July,Sunday,10:00 - 11:59,BROUGHTON,ST,0,Right on the spot,HENRY,ST,OLD GUILDFORD,,No,Not a school zone,T-junction,-33.860353,150.986241,Fairfield,Sydney metro. area,Syd-Newc-Woll Gtr conurbation,Straight,,,,Unknown / not stated,Sealed,Dry,Fine,Daylight,Nil,No traffic controls,50 km/h,Local,16,Left near,107,Adj - Left-thru from right,,Right angle,4 wheel drive / SUV,4 wheel drive / SUV,2,0,0,0,1,7,July,Winter,Sunday,10:00 - 11:59,Midday / afternoon,False,False,True,True
1359408,Injury,Serious Injury,2024,2024,July,Monday,16:00 - 17:59,ELIZABETH,DR,0,Right on the spot,CABRAMATTA,RD,BONNYRIGG,535.0,Yes,No,T-junction,-33.893149,150.889047,Fairfield,Sydney metro. area,Syd-Newc-Woll Gtr conurbation,Straight,,,,Unknown / not stated,Sealed,Wet,Raining,Daylight,On,No traffic controls,60 km/h,State,39,Other same direction,300,Same - other,,Other angle,Car (sedan/hatch),Car (sedan/hatch),3,0,1,1,1,7,July,Winter,Monday,16:00 - 17:59,PM peak / evening commute,True,False,True,True
1359409,Injury,Minor/Other Injury,2024,2024,August,Monday,12:00 - 13:59,RIDGETOP,DR,30,South,GLENMORE,PKWY,GLENMORE PARK,,No,Not a school zone,2-way undivided,-33.794183,150.677711,Penrith,Sydney metro. area,Syd-Newc-Woll Gtr conurbation,Curved,,,,Unknown / not stated,Sealed,Wet,Raining,Daylight,Nil,No traffic controls,50 km/h,Local,87,Off lft/lft bnd=>obj,804,Off left bend into obj,Left,Vehicle - Object,4 wheel drive / SUV,,1,0,0,0,1,8,August,Winter,Monday,12:00 - 13:59,Midday / afternoon,False,False,True,True
1359410,Injury,Minor/Other Injury,2024,2024,July,Tuesday,02:00 - 03:59,ROBERTS,RD,50,North,JUNO,PDE,GREENACRE,200.0,No,Not a school zone,Divided road,-33.907337,151.064219,Canterbury-Bankstown,Sydney metro. area,Syd-Newc-Woll Gtr conurbation,Curved,,,,Unknown / not stated,Sealed,Dry,Fine,Darkness,Nil,No traffic controls,70 km/h,State,30,Rear end,301,Same - Rear end,,Rear end,Light truck utility(from 2018),Passenger van,2,0,0,0,1,7,July,Winter,Tuesday,02:00 - 03:59,Late night / early morning,False,False,True,True
1359411,Injury,Serious Injury,2024,2024,July,Saturday,16:00 - 17:59,MONTPELIER,DR,250,North,HERMITAGE,RD,THE OAKS,7640.0,No,Not a school zone,2-way undivided,-34.107356,150.562052,Wollondilly,Country non-urban,Syd-Newc-Woll Gtr conurbation,Straight,,,,Unknown / not stated,Sealed,Dry,Fine,Dusk,Nil,No traffic controls,100 km/h,Regional,70,Off road to left,701,Off carriageway to left,,Rollover,Car (sedan/hatch),,1,0,1,0,0,7,July,Winter,Saturday,16:00 - 17:59,PM peak / evening commute,True,False,True,True
1359412,Injury,Serious Injury,2024,2024,July,Tuesday,16:00 - 17:59,PRINCES,HWY,300,South,COOPER,ST,ENGADINE,1.0,No,Not a school zone,Divided road,-34.074439,151.011455,Sutherland,Sydney metro. area,Syd-Newc-Woll Gtr conurbation,Curved,,,,Unknown / not stated,Sealed,Dry,Fine,Daylight,Nil,No traffic controls,70 km/h,State,39,Other same direction,300,Same - other,,Other angle,4 wheel drive / SUV,Unknown motor vehicle,2,0,1,0,0,7,July,Winter,Tuesday,16:00 - 17:59,PM peak / evening commute,True,False,True,True
1359413,Injury,Moderate Injury,2024,2024,July,Monday,04:00 - 05:59,WIMBLEDON,RD,200,West,CALOOLA,RD,NEWBRIDGE,,No,Not a school zone,2-way undivided,-33.587644,149.378099,Blayney,Country non-urban,Rest of NSW - Rural,Curved,,,,Unknown / not stated,Sealed,Wet,Fog or mist,Dawn,Nil,No traffic controls,100 km/h,Local,66,Object on road,607,On path - Hit temp object,,Vehicle - Object,Car (sedan/hatch),,1,0,0,1,0,7,July,Winter,Monday,04:00 - 05:59,Late night / early morning,False,False,True,True
1359416,Injury,Minor/Other Injury,2024,2024,August,Saturday,18:00 - 19:59,CHATHAM,RD,0,Right on the spot,NUMBER 2-6,HN,WEST RYDE,,No,Not a school zone,2-way undivided,-33.806658,151.087166,Ryde,Sydney metro. area,Syd-Newc-Woll Gtr conurbation,Straight,Driveway/entrance,,,Unknown / not stated,Sealed,Dry,Fine,Darkness,Nil,No traffic controls,40 km/h,Local,47,Emerging from drive,406,Manov - Emerging from driveway,,Right angle,Car (sedan/hatch),Station wagon,2,0,0,0,1,8,August,Winter,Saturday,18:00 - 19:59,PM peak / evening commute,True,False,True,True
1359417,Injury,Minor/Other Injury,2024,2024,August,Friday,16:00 - 17:59,WOODVILLE,RD,10,North,CHRISTINA ROAD,OP,VILLAWOOD,640.0,No,Not a school zone,Divided road,-33.880471,150.978397,Canterbury-Bankstown,Sydney metro. area,Syd-Newc-Woll Gtr conurbation,Straight,Other bridge,,,Unknown / not stated,Sealed,Dry,Fine,Dusk,Nil,No traffic controls,60 km/h,State,30,Rear end,301,Same - Rear end,,Rear end,Car (sedan/hatch),Car (sedan/hatch),2,0,0,0,1,8,August,Winter,Friday,16:00 - 17:59,PM peak / evening commute,True,False,True,True
1359419,Injury,Minor/Other Injury,2024,2024,August,Tuesday,10:00 - 11:59,VICTORIA,RD,0,Right on the spot,SILVERWATER,RD,RYDALMERE,165.0,No,Not a school zone,T-junction,-33.813861,151.052277,Parramatta,Sydney metro. area,Syd-Newc-Woll Gtr conurbation,Straight,Other bridge,,,Unknown / not stated,Sealed,Dry,Fine,Daylight,On,Ped crossing,70 km/h,State,30,Rear end,301,Same - Rear end,,Rear end,4 wheel drive / SUV,Light truck utility(from 2018),2,0,0,0,1,8,August,Winter,Tuesday,10:00 - 11:59,Midday / afternoon,False,False,True,True
1359421,Injury,Moderate Injury,2024,2024,August,Thursday,12:00 - 13:59,SOUTH WESTERN,EXP,10,West,POWERHOUSE ROAD,OP,CASULA,6005.0,No,Not a school zone,Dual freeway,-33.938904,150.918499,Liverpool,Sydney metro. area,Syd-Newc-Woll Gtr conurbation,Straight,Other bridge,,,Unknown / not stated,Sealed,Dry,Fine,Daylight,Nil,No traffic controls,100 km/h,State,30,Rear end,301,Same - Rear end,,Rear end,Car (sedan/hatch),4 wheel drive / SUV,5,0,0,1,0,8,August,Winter,Thursday,12:00 - 13:59,Midday / afternoon,False,False,True,True
1359422,Injury,Minor/Other Injury,2024,2024,August,Tuesday,12:00 - 13:59,SACKVILLE,ST,0,Right on the spot,WARE,ST,FAIRFIELD HEIGHTS,7221.0,No,Not a school zone,X-intersection,-33.865717,150.949905,Fairfield,Sydney metro. area,Syd-Newc-Woll Gtr conurbation,Straight,,,,Unknown / not stated,Sealed,Dry,Fine,Daylight,Nil,Stop sign,60 km/h,Regional,32,Right rear,303,Same - Rear right,,Rear end,4 wheel drive / SUV,Car (sedan/hatch),2,0,0,0,1,8,August,Winter,Tuesday,12:00 - 13:59,Midday / afternoon,False,False,True,True
1359423,Injury,Minor/Other Injury,2024,2024,July,Friday,16:00 - 17:59,WINDSOR,RD,0,Right on the spot,CHURCHILL,DR,NORTHMEAD,184.0,No,Not a school zone,T-junction,-33.780353,150.997535,Parramatta,Sydney metro. area,Syd-Newc-Woll Gtr conurbation,Straight,,,,Off,Sealed,Dry,Fine,Daylight,On,No traffic controls,60 km/h,State,30,Rear end,301,Same - Rear end,,Rear end,Car (sedan/hatch),Car (sedan/hatch),2,0,0,0,1,7,July,Winter,Friday,16:00 - 17:59,PM peak / evening commute,True,False,True,True
1359424,Injury,Minor/Other Injury,2024,2024,August,Saturday,12:00 - 13:59,PRINCES,HWY,0,Right on the spot,HATTERSLEY,ST,ARNCLIFFE,1.0,No,Not a school zone,X-intersection,-33.94207,151.144454,Bayside,Sydney metro. area,Syd-Newc-Woll Gtr conurbation,Straight,,,,Unknown / not stated,Sealed,Dry,Fine,Daylight,Nil,Give way sign,60 km/h,State,32,Right rear,303,Same - Rear right,,Rear end,Car (sedan/hatch),Car (sedan/hatch),2,0,0,0,1,8,August,Winter,Saturday,12:00 - 13:59,Midday / afternoon,False,False,True,True
1359425,Injury,Minor/Other Injury,2024,2024,June,Friday,16:00 - 17:59,SHAW,ST,0,Right on the spot,NUMBER 30,HN,MOAMA,,No,Not a school zone,2-way undivided,-36.112932,144.76166,Murray River,Country urban,Rest of NSW - Urban,Straight,Driveway/entrance,,,Unknown / not stated,Sealed,Dry,Fine,Daylight,Nil,No traffic controls,50 km/h,Local,47,Emerging from drive,406,Manov - Emerging from driveway,,Right angle,Car (sedan/hatch),Motorised scooter (mob. aid),2,0,0,0,1,6,June,Winter,Friday,16:00 - 17:59,PM peak / evening commute,True,False,True,True
1359427,Injury,Moderate Injury,2024,2024,July,Monday,14:00 - 15:59,NORTHCLIFFE,DR,0,Right on the spot,LAKE HEIGHTS,RD,LAKE HEIGHTS,613.0,No,Not a school zone,T-junction,-34.488445,150.865003,Wollongong,Wollongong met. area,Syd-Newc-Woll Gtr conurbation,Straight,Steep grade,,,Unknown / not stated,Sealed,Dry,Fine,Daylight,Nil,Stop sign,60 km/h,Regional,32,Right rear,303,Same - Rear right,,Rear end,Large rigid,Car (sedan/hatch),2,0,0,1,0,7,July,Winter,Monday,14:00 - 15:59,Midday / afternoon,False,False,True,True
1359429,Injury,Minor/Other Injury,2024,2024,July,Wednesday,18:00 - 19:59,MORGAN,RD,766,West,KELLYS,WAY,BELROSE,,No,Not a school zone,2-way undivided,-33.725418,151.230376,Northern Beaches,Sydney metro. area,Syd-Newc-Woll Gtr conurbation,Curved,Steep grade,,,Unknown / not stated,Sealed,Wet,Raining,Darkness,Nil,No traffic controls,50 km/h,Local,20,Head on,201,Opp - Head on,,Head-on,4 wheel drive / SUV,Car (sedan/hatch),2,0,0,0,2,7,July,Winter,Wednesday,18:00 - 19:59,PM peak / evening commute,True,False,True,True
1359430,Injury,Minor/Other Injury,2024,2024,July,Wednesday,18:00 - 19:59,BELMORE,RD,0,Right on the spot,SOUTH WESTERN,EXP,RIVERWOOD,2050.0,No,Not a school zone,T-junction,-33.943115,151.053799,Canterbury-Bankstown,Sydney metro. area,Syd-Newc-Woll Gtr conurbation,Straight,,,,Unknown / not stated,Sealed,Dry,Fine,Darkness,On,No traffic controls,50 km/h,Regional,20,Head on,201,Opp - Head on,,Head-on,Car (sedan/hatch),Car (sedan/hatch),2,0,0,0,1,7,July,Winter,Wednesday,18:00 - 19:59,PM peak / evening commute,True,False,True,True
1359433,Injury,Moderate Injury,2024,2024,July,Friday,08:00 - 09:59,ALEXANDRA,ST,0,Right on the spot,VICTORIA,ST,BERRY,,No,Not a school zone,X-intersection,-34.777426,150.696187,Shoalhaven,Country urban,Rest of NSW - Urban,Straight,,,,Unknown / not stated,Sealed,Dry,Fine,Daylight,Nil,Give way sign,50 km/h,Local,10,Cross traffic,101,Adj - Cross traffic,,Right angle,Passenger van,4 wheel drive / SUV,2,0,0,1,0,7,July,Winter,Friday,08:00 - 09:59,AM peak / school commute,True,False,True,True
1359437,Injury,Minor/Other Injury,2024,2024,July,Friday,16:00 - 17:59,LAKE ALBERT,RD,0,Right on the spot,NUMBER 269,HN,KOORINGAL,,No,Not a school zone,2-way undivided,-35.141209,147.375048,Wagga Wagga,Country urban,Rest of NSW - Urban,Straight,,,,Unknown / not stated,Sealed,Dry,Fine,Dusk,Nil,No traffic controls,60 km/h,Local,30,Rear end,301,Same - Rear end,,Rear end,Car (sedan/hatch),Car (sedan/hatch),2,0,0,0,1,7,July,Winter,Friday,16:00 - 17:59,PM peak / evening commute,True,False,True,True
1359438,Injury,Minor/Other Injury,2024,2024,July,Saturday,12:00 - 13:59,EASTERN VALLEY,WAY,0,Right on the spot,NUMBER 8,HN,NORTHBRIDGE,599.0,No,Not a school zone,2-way undivided,-33.809476,151.208141,Willoughby,Sydney metro. area,Syd-Newc-Woll Gtr conurbation,Straight,,,,Unknown / not stated,Sealed,Wet,Overcast,Daylight,Nil,No traffic controls,50 km/h,State,30,Rear end,301,Same - Rear end,,Rear end,4 wheel drive / SUV,Car (sedan/hatch),3,0,0,0,1,7,July,Winter,Saturday,12:00 - 13:59,Midday / afternoon,False,False,True,True
1359441,Injury,Moderate Injury,2024,2024,August,Monday,14:00 - 15:59,FRENCH,AVE,50,East,CHAPEL,RD,BANKSTOWN,,No,Not a school zone,2-way undivided,-33.913284,151.03538,Canterbury-Bankstown,Sydney metro. area,Syd-Newc-Woll Gtr conurbation,Straight,,,,Unknown / not stated,Sealed,Dry,Fine,Daylight,Nil,No traffic controls,50 km/h,Local,0,Ped nearside,1,Ped - Near side,,Vehicle - Pedestrian,Car (sedan/hatch),Pedestrian,2,0,0,1,0,8,August,Winter,Monday,14:00 - 15:59,Midday / afternoon,False,False,True,True
1359442,Injury,Serious Injury,2024,2024,July,Friday,12:00 - 13:59,KINCAID,ST,0,Right on the spot,TRAIL,ST,WAGGA WAGGA,,No,Not a school zone,Roundabout,-35.10449,147.366474,Wagga Wagga,Country urban,Rest of NSW - Urban,Straight,,,,Off,Sealed,Dry,Fine,Daylight,Nil,Give way sign,50 km/h,Local,0,Ped nearside,1,Ped - Near side,,Vehicle - Pedestrian,Light truck utility(from 2018),Pedestrian,2,0,1,0,0,7,July,Winter,Friday,12:00 - 13:59,Midday / afternoon,False,False,True,True
1359445,Injury,Minor/Other Injury,2024,2024,August,Monday,16:00 - 17:59,HENRY LAWSON,DR,100,North,TOWER,RD,BANKSTOWN AERODROME,508.0,No,Not a school zone,2-way undivided,-33.926274,150.978928,Canterbury-Bankstown,Sydney metro. area,Syd-Newc-Woll Gtr conurbation,Straight,,,,Unknown / not stated,Sealed,Dry,Overcast,Daylight,Nil,No traffic controls,60 km/h,State,30,Rear end,301,Same - Rear end,,Rear end,Station wagon,Car (sedan/hatch),3,0,0,0,1,8,August,Winter,Monday,16:00 - 17:59,PM peak / evening commute,True,False,True,True
1359448,Injury,Minor/Other Injury,2024,2024,July,Wednesday,12:00 - 13:59,LANE COVE,RD,0,Right on the spot,COXS,RD,NORTH RYDE,162.0,Yes,No,T-junction,-33.793161,151.119708,Ryde,Sydney metro. area,Syd-Newc-Woll Gtr conurbation,Straight,,,,Unknown / not stated,Sealed,Dry,Fine,Daylight,On,No traffic controls,70 km/h,State,30,Rear end,301,Same - Rear end,,Rear end,Car (sedan/hatch),Large rigid,2,0,0,0,1,7,July,Winter,Wednesday,12:00 - 13:59,Midday / afternoon,False,False,True,True
1359451,Injury,Minor/Other Injury,2024,2024,January,Wednesday,08:00 - 09:59,MARGUERITE,AVE,0,Right on the spot,RUSDEN,RD,MOUNT RIVERVIEW,,No,Not a school zone,T-junction,-33.736044,150.629767,Blue Mountains,Country urban,Syd-Newc-Woll Gtr conurbation,Curved,,,,Unknown / not stated,Sealed,Dry,Fine,Daylight,Nil,No traffic controls,50 km/h,Local,13,Right near,104,Adj - Right-thru from right,,Right angle,Light truck utility(from 2018),Pedal cycle,2,0,0,0,1,1,January,Summer,Wednesday,08:00 - 09:59,AM peak / school commute,True,False,True,True
1359452,Injury,Moderate Injury,2024,2024,August,Thursday,08:00 - 09:59,ROCKY POINT,RD,0,Right on the spot,AUSTRAL,ST,KOGARAH,199.0,No,Not a school zone,T-junction,-33.972486,151.136379,Bayside,Sydney metro. area,Syd-Newc-Woll Gtr conurbation,Straight,,,,Unknown / not stated,Sealed,Dry,Fine,Daylight,Nil,No traffic controls,60 km/h,State,13,Right near,104,Adj - Right-thru from right,,Right angle,Car (sedan/hatch),4 wheel drive / SUV,2,0,0,1,0,8,August,Winter,Thursday,08:00 - 09:59,AM peak / school commute,True,False,True,True
1359454,Injury,Serious Injury,2024,2024,July,Tuesday,16:00 - 17:59,GILMOUR,ST,0,Right on the spot,HEREFORD,ST,KELSO,54.0,No,Not a school zone,Roundabout,-33.405442,149.599302,Bathurst Regional,Country urban,Rest of NSW - Urban,Curved,,,,Unknown / not stated,Sealed,Wet,Overcast,Daylight,Nil,Give way sign,50 km/h,State,88,Out of cont on bend,707,Right turn,,Rollover,Motorcycle,,1,0,1,0,0,7,July,Winter,Tuesday,16:00 - 17:59,PM peak / evening commute,True,False,True,True
1359460,Injury,Moderate Injury,2024,2024,August,Wednesday,12:00 - 13:59,HUME,HWY,0,Right on the spot,HORTON,ST,YAGOONA,2.0,Yes,No,X-intersection,-33.904561,151.006693,Canterbury-Bankstown,Sydney metro. area,Syd-Newc-Woll Gtr conurbation,Straight,,,,Unknown / not stated,Sealed,Dry,Fine,Daylight,On,No traffic controls,70 km/h,State,71,Off rd left => obj,703,Left off cway into object,,Vehicle - Object,Car (sedan/hatch),,2,0,0,1,0,8,August,Winter,Wednesday,12:00 - 13:59,Midday / afternoon,False,False,True,True
1359461,Injury,Minor/Other Injury,2024,2024,August,Friday,16:00 - 17:59,NARELLAN,RD,0,Right on the spot,HUME HIGHWAY,TO,CAMPBELLTOWN,178.0,No,Not a school zone,Divided road,-34.063693,150.787463,Campbelltown,Sydney metro. area,Syd-Newc-Woll Gtr conurbation,Straight,,,,Unknown / not stated,Sealed,Dry,Fine,Dusk,Nil,No traffic controls,80 km/h,State,30,Rear end,301,Same - Rear end,,Rear end,Light truck utility(from 2018),4 wheel drive / SUV,4,0,0,0,1,8,August,Winter,Friday,16:00 - 17:59,PM peak / evening commute,True,False,True,True
1359464,Injury,Serious Injury,2024,2024,August,Friday,20:00 - 21:59,WESTERN,EXP,100,East,BENNETT ROAD,OP,COLYTON,6004.0,No,Not a school zone,Dual freeway,-33.787834,150.79087,Penrith,Sydney metro. area,Syd-Newc-Woll Gtr conurbation,Straight,,,,Unknown / not stated,Sealed,Dry,Fine,Darkness,Nil,No traffic controls,110 km/h,State,72,Off road to right,702,Off carriageway to right,,Rollover,4 wheel drive / SUV,,1,0,1,0,0,8,August,Winter,Friday,20:00 - 21:59,Evening / night,False,False,True,True
1359466,Injury,Minor/Other Injury,2024,2024,August,Monday,02:00 - 03:59,ACACIA,AVE,0,Right on the spot,GREVILLEA,CRES,PRESTONS,,No,Not a school zone,T-junction,-33.948366,150.887255,Liverpool,Sydney metro. area,Syd-Newc-Woll Gtr conurbation,Straight,,,,Unknown / not stated,Sealed,Dry,Fine,Darkness,Nil,No traffic controls,50 km/h,Local,30,Rear end,301,Same - Rear end,,Rear end,4 wheel drive / SUV,Light truck utility(from 2018),2,0,0,0,1,8,August,Winter,Monday,02:00 - 03:59,Late night / early morning,False,False,True,True
1359471,Injury,Moderate Injury,2024,2024,August,Friday,08:00 - 09:59,MARION,ST,0,Right on the spot,WINSPEAR,AVE,BANKSTOWN,7121.0,No,Not a school zone,T-junction,-33.917714,151.028438,Canterbury-Bankstown,Sydney metro. area,Syd-Newc-Woll Gtr conurbation,Straight,,,,Unknown / not stated,Sealed,Dry,Fine,Daylight,Nil,No traffic controls,60 km/h,Regional,21,Right through,202,Opp - Right-thru,,Other angle,4 wheel drive / SUV,Station wagon,2,0,0,1,0,8,August,Winter,Friday,08:00 - 09:59,AM peak / school commute,True,False,True,True
1359472,Injury,Minor/Other Injury,2024,2024,July,Monday,14:00 - 15:59,WINGHAM,RD,0,Right on the spot,NUMBER 577,HN,TAREE,192.0,No,Not a school zone,2-way undivided,-31.875248,152.41965,Mid-Coast,Country urban,Rest of NSW - Urban,Curved,,,,Unknown / not stated,Sealed,Dry,Fine,Daylight,Nil,No traffic controls,70 km/h,Regional,30,Rear end,301,Same - Rear end,,Rear end,4 wheel drive / SUV,Station wagon,2,0,0,0,1,7,July,Winter,Monday,14:00 - 15:59,Midday / afternoon,False,False,True,True
1359473,Injury,Moderate Injury,2024,2024,August,Thursday,18:00 - 19:59,GREAT WESTERN,HWY,0,Right on the spot,WERRINGTON,RD,WERRINGTON,5.0,No,Not a school zone,X-intersection,-33.76819,150.757915,Penrith,Sydney metro. area,Syd-Newc-Woll Gtr conurbation,Straight,,,,Unknown / not stated,Sealed,Dry,Fine,Dusk,On,No traffic controls,80 km/h,State,35,Lane change left,307,Same - Lane change left,,Other angle,Car (sedan/hatch),4 wheel drive / SUV,2,0,0,1,0,8,August,Winter,Thursday,18:00 - 19:59,PM peak / evening commute,True,False,True,True
1359476,Injury,Moderate Injury,2024,2024,August,Monday,18:00 - 19:59,FOREST,RD,0,Right on the spot,WOLLI CREEK,RD,ARNCLIFFE,168.0,No,Not a school zone,X-intersection,-33.942239,151.132672,Bayside,Sydney metro. area,Syd-Newc-Woll Gtr conurbation,Straight,,,,Unknown / not stated,Sealed,Dry,Overcast,Darkness,On,No traffic controls,60 km/h,State,31,Left rear,302,Same - Rear left,,Rear end,Car (sedan/hatch),Car (sedan/hatch),2,0,0,1,0,8,August,Winter,Monday,18:00 - 19:59,PM peak / evening commute,True,False,True,True
1359477,Injury,Serious Injury,2024,2024,August,Wednesday,14:00 - 15:59,PAGE,ST,0,Right on the spot,OCEAN,ST,PAGEWOOD,7044.0,No,Not a school zone,X-intersection,-33.944685,151.208892,Bayside,Sydney metro. area,Syd-Newc-Woll Gtr conurbation,Straight,Other bridge,,,Unknown / not stated,Sealed,Wet,Raining,Daylight,Nil,Stop sign,50 km/h,Regional,71,Off rd left => obj,703,Left off cway into object,,Other angle,4 wheel drive / SUV,Car (sedan/hatch),2,0,1,0,0,8,August,Winter,Wednesday,14:00 - 15:59,Midday / afternoon,False,False,True,True
1359478,Injury,Serious Injury,2024,2024,June,Friday,12:00 - 13:59,PRINCES,HWY,20,South,BUNDARRA,ST,WATERFALL,1.0,No,Not a school zone,Divided road,-34.136911,150.99443,Sutherland,Sydney metro. area,Syd-Newc-Woll Gtr conurbation,Straight,Steep grade,,,Nil,Sealed,Dry,Fine,Daylight,Nil,No traffic controls,80 km/h,State,34,Lane change right,306,Same - Lane change right,,Other angle,4 wheel drive / SUV,Car (sedan/hatch),4,0,2,2,0,6,June,Winter,Friday,12:00 - 13:59,Midday / afternoon,False,False,True,True
1359483,Injury,Minor/Other Injury,2024,2024,June,Wednesday,10:00 - 11:59,QUARRY,RD,50,East,MARCONI,RD,BOSSLEY PARK,,No,Not a school zone,2-way undivided,-33.856394,150.883377,Fairfield,Sydney metro. area,Syd-Newc-Woll Gtr conurbation,Straight,Driveway/entrance,,,Unknown / not stated,Sealed,Dry,Fine,Daylight,Nil,No traffic controls,50 km/h,Local,21,Right through,202,Opp - Right-thru,,Other angle,4 wheel drive / SUV,4 wheel drive / SUV,2,0,0,0,1,6,June,Winter,Wednesday,10:00 - 11:59,Midday / afternoon,False,False,True,True
1359484,Injury,Minor/Other Injury,2024,2024,July,Saturday,10:00 - 11:59,RYDE,RD,0,Right on the spot,WYUNA,RD,WEST PYMBLE,162.0,No,Not a school zone,T-junction,-33.767903,151.136677,Ku-ring-gai,Sydney metro. area,Syd-Newc-Woll Gtr conurbation,Straight,Steep grade,,,Unknown / not stated,Sealed,Wet,Raining,Daylight,Nil,No traffic controls,70 km/h,State,30,Rear end,301,Same - Rear end,,Rear end,Light truck utility(from 2018),4 wheel drive / SUV,2,0,0,0,1,7,July,Winter,Saturday,10:00 - 11:59,Midday / afternoon,False,False,True,True
1359486,Injury,Minor/Other Injury,2024,2024,August,Tuesday,10:00 - 11:59,CITY WEST LINK,RD,0,Right on the spot,JAMES,ST,LILYFIELD,650.0,No,Not a school zone,X-intersection,-33.874804,151.155154,Inner West,Sydney metro. area,Syd-Newc-Woll Gtr conurbation,Straight,,,,Unknown / not stated,Sealed,Dry,Fine,Daylight,On,No traffic controls,70 km/h,State,10,Cross traffic,101,Adj - Cross traffic,,Right angle,4 wheel drive / SUV,Light truck,2,0,0,0,1,8,August,Winter,Tuesday,10:00 - 11:59,Midday / afternoon,False,False,True,True