crash_id,degree_of_crash,degree_of_crash_-_detailed,reporting_year,year_of_crash,month_of_crash,day_of_week_of_crash,two-hour_intervals,street_of_crash,street_type,distance,direction,identifying_feature,identifying_feature_type,town,route_no.,school_zone_location,school_zone_active,type_of_location,latitude,longitude,lga,urbanisation,conurbation_1,alignment,primary_permanent_feature,primary_temporary_feature,primary_hazardous_feature,street_lighting,road_surface,surface_condition,weather,natural_lighting,signals_operation,other_traffic_control,speed_limit,road_classification_(admin),rum_-_code,rum_-_description,dca_-_code,dca_-_description,dca_supplement,first_impact_type,key_tu_type,other_tu_type,no._of_traffic_units_involved,no._killed,no._seriously_injured,no._moderately_injured,no._minor-other_injured,month_num,month_label,season,day_label,time_label,time_band,is_peak_commute,is_fatal,is_injury,is_casualty
1359491,Injury,Moderate Injury,2024,2024,August,Sunday,20:00 - 21:59,OLD NORTHERN,RD,0,Right on the spot,EXCELSIOR,AVE,CASTLE HILL,160.0,No,Not a school zone,X-intersection,-33.743491,150.998624,The Hills,Sydney metro. area,Syd-Newc-Woll Gtr conurbation,Straight,Steep grade,,,Unknown / not stated,Sealed,Dry,Overcast,Darkness,On,No traffic controls,60 km/h,State,21,Right through,202,Opp - Right-thru,,Other angle,Car (sedan/hatch),Motorcycle,2,0,0,1,0,8,August,Winter,Sunday,20:00 - 21:59,Evening / night,False,False,True,True
1359494,Injury,Minor/Other Injury,2024,2024,August,Thursday,12:00 - 13:59,BALMORAL,RD,0,Right on the spot,RICHMOND,ST,BLACKTOWN,683.0,No,Not a school zone,X-intersection,-33.766834,150.905173,Blacktown,Sydney metro. area,Syd-Newc-Woll Gtr conurbation,Straight,,,,Unknown / not stated,Sealed,Dry,Fine,Daylight,Off,Ped crossing,60 km/h,State,9,Ped other,0,Ped - other,,Vehicle - Pedestrian,Car (sedan/hatch),Pedestrian,2,0,0,0,1,8,August,Winter,Thursday,12:00 - 13:59,Midday / afternoon,False,False,True,True
1359504,Injury,Minor/Other Injury,2024,2024,August,Sunday,06:00 - 07:59,WIGGS,RD,80,East,MOXON,RD,PUNCHBOWL,,No,Not a school zone,2-way undivided,-33.938201,151.044619,Canterbury-Bankstown,Sydney metro. area,Syd-Newc-Woll Gtr conurbation,Straight,,,,Unknown / not stated,Sealed,Dry,Fine,Dawn,Nil,No traffic controls,50 km/h,Local,73,Off rd rght => obj,704,Right off cway into obj,,Other angle,4 wheel drive / SUV,Semi-trailer,2,0,0,0,1,8,August,Winter,Sunday,06:00 - 07:59,AM peak / school commute,True,False,True,True
1359512,Injury,Minor/Other Injury,2024,2024,August,Wednesday,16:00 - 17:59,NEW ENGLAND,HWY,0,Right on the spot,ALLANDALE,RD,ALLANDALE,9.0,No,Not a school zone,T-junction,-32.708671,151.426012,Maitland,Country non-urban,Rest of NSW - Rural,Curved,,,,Unknown / not stated,Sealed,Dry,Fine,Darkness,Nil,Give way sign,90 km/h,State,11,Right far,102,Adj - Right-thru from left,,Right angle,Car (sedan/hatch),Car (sedan/hatch),2,0,0,0,1,8,August,Winter,Wednesday,16:00 - 17:59,PM peak / evening commute,True,False,True,True
1359515,Injury,Minor/Other Injury,2024,2024,August,Thursday,10:00 - 11:59,STONECUTTERS,DR,0,Right on the spot,NUMBER 50,HN,COLEBEE,,No,Not a school zone,2-way undivided,-33.726454,150.862966,Blacktown,Sydney metro. area,Syd-Newc-Woll Gtr conurbation,Curved,Driveway/entrance,,,Unknown / not stated,Sealed,Dry,Fine,Daylight,Nil,No traffic controls,50 km/h,Local,47,Emerging from drive,406,Manov - Emerging from driveway,,Right angle,4 wheel drive / SUV,Station wagon,2,0,0,0,1,8,August,Winter,Thursday,10:00 - 11:59,Midday / afternoon,False,False,True,True
1359516,Injury,Moderate Injury,2024,2024,August,Monday,06:00 - 07:59,HUME,HWY,380,North,RABY ROAD,OP,RABY,2.0,No,Not a school zone,Divided road,-34.026245,150.823909,Campbelltown,Sydney metro. area,Syd-Newc-Woll Gtr conurbation,Straight,,,,Nil,Sealed,Dry,Fine,Darkness,Nil,No traffic controls,110 km/h,State,71,Off rd left => obj,703,Left off cway into object,,Vehicle - Object,Car (sedan/hatch),,1,0,0,1,0,8,August,Winter,Monday,06:00 - 07:59,AM peak / school commute,True,False,True,True
1359521,Injury,Minor/Other Injury,2024,2024,July,Friday,06:00 - 07:59,CUMBERLAND,HWY,0,Right on the spot,MOSELEY,ST,CARLINGFORD,13.0,No,Not a school zone,T-junction,-33.776004,151.051325,Parramatta,Sydney metro. area,Syd-Newc-Woll Gtr conurbation,Straight,,,,Nil,Sealed,Dry,Fine,Daylight,Nil,Give way sign,60 km/h,State,30,Rear end,301,Same - Rear end,,Rear end,Motorcycle,Car (sedan/hatch),2,0,0,0,1,7,July,Winter,Friday,06:00 - 07:59,AM peak / school commute,True,False,True,True
1359522,Injury,Serious Injury,2024,2024,August,Sunday,12:00 - 13:59,MILITARY,RD,50,North,CALLIOPE,ST,GUILDFORD,,No,Not a school zone,2-way undivided,-33.854473,150.984061,Cumberland,Sydney metro. area,Syd-Newc-Woll Gtr conurbation,Straight,,,,Nil,Sealed,Dry,Fine,Daylight,Nil,No traffic controls,50 km/h,Local,42,Leaving parking,401,Manov - Leaving parking,,Other angle,Car (sedan/hatch),Car (sedan/hatch),4,0,1,0,0,8,August,Winter,Sunday,12:00 - 13:59,Midday / afternoon,False,False,True,True
1359523,Injury,Moderate Injury,2024,2024,August,Monday,14:00 - 15:59,HAZELBROOK,RD,170,South,SMITHS CREEK,RD,SMITHS CREEK,,No,Not a school zone,2-way undivided,-28.420712,153.368426,Tweed,Country non-urban,Rest of NSW - Rural,Curved,Steep grade,,,Nil,Unsealed,Dry,Fine,Daylight,Nil,No traffic controls,100 km/h,Local,81,Off left/rt bnd=>obj,803,Off right bend into obj,Left,Vehicle - Object,Light truck utility(from 2018),,1,0,0,1,0,8,August,Winter,Monday,14:00 - 15:59,Midday / afternoon,False,False,True,True
1359531,Injury,Minor/Other Injury,2024,2024,July,Sunday,12:00 - 13:59,CUMBERLAND,HWY,0,Right on the spot,KEELER,ST,CARLINGFORD,13.0,No,Not a school zone,T-junction,-33.778885,151.052302,Parramatta,Sydney metro. area,Syd-Newc-Woll Gtr conurbation,Straight,,,,Unknown / not stated,Sealed,Dry,Fine,Daylight,Nil,No traffic controls,60 km/h,State,31,Left rear,302,Same - Rear left,,Rear end,Car (sedan/hatch),4 wheel drive / SUV,2,0,0,0,3,7,July,Winter,Sunday,12:00 - 13:59,Midday / afternoon,False,False,True,True
1359532,Injury,Minor/Other Injury,2024,2024,July,Wednesday,10:00 - 11:59,SOUTH WESTERN,EXP,0,Right on the spot,MOOREBANK AVENUE,TO,MOOREBANK,6005.0,No,Not a school zone,Other,-33.939943,150.924486,Liverpool,Sydney metro. area,Syd-Newc-Woll Gtr conurbation,Curved,Freeway ramp/access,,,Unknown / not stated,Sealed,Dry,Fine,Daylight,Nil,Give way sign,60 km/h,State,34,Lane change right,306,Same - Lane change right,,Other angle,Car (sedan/hatch),4 wheel drive / SUV,2,0,0,0,1,7,July,Winter,Wednesday,10:00 - 11:59,Midday / afternoon,False,False,True,True
1359534,Injury,Moderate Injury,2024,2024,June,Tuesday,10:00 - 11:59,THUNDERBOLTS,WAY,0,Right on the spot,NUMBER 7244,HN,NOWENDOC,7719.0,No,Not a school zone,2-way undivided,-31.553649,151.714715,Walcha,Country non-urban,Rest of NSW - Rural,Straight,Driveway/entrance,,,Unknown / not stated,Sealed,Dry,Fine,Daylight,Nil,No traffic controls,100 km/h,Regional,47,Emerging from drive,406,Manov - Emerging from driveway,,Right angle,4 wheel drive / SUV,4 wheel drive / SUV,2,0,0,1,0,6,June,Winter,Tuesday,10:00 - 11:59,Midday / afternoon,False,False,True,True
1359535,Injury,Minor/Other Injury,2024,2024,August,Saturday,14:00 - 15:59,CANTERBURY,RD,0,Right on the spot,ALLEN,ST,CAMPSIE,167.0,No,Not a school zone,T-junction,-33.916021,151.109766,Canterbury-Bankstown,Sydney metro. area,Syd-Newc-Woll Gtr conurbation,Straight,,,,Unknown / not stated,Sealed,Dry,Fine,Daylight,Nil,No traffic controls,60 km/h,State,30,Rear end,301,Same - Rear end,,Rear end,Car (sedan/hatch),Car (sedan/hatch),3,0,0,0,1,8,August,Winter,Saturday,14:00 - 15:59,Midday / afternoon,False,False,True,True
1359536,Injury,Serious Injury,2024,2024,July,Monday,14:00 - 15:59,PRESTON,AVE,0,Right on the spot,SARA AZZOPARDI HAIR SALON,ENT,ENGADINE,,No,Not a school zone,2-way undivided,-34.06679,151.013721,Sutherland,Sydney metro. area,Syd-Newc-Woll Gtr conurbation,Straight,Driveway/entrance,,,Off,Sealed,Dry,Fine,Daylight,Nil,No traffic controls,50 km/h,Local,71,Off rd left => obj,703,Left off cway into object,,Vehicle - Object,Car (sedan/hatch),,3,0,1,0,0,7,July,Winter,Monday,14:00 - 15:59,Midday / afternoon,False,False,True,True
1359538,Injury,Moderate Injury,2024,2024,August,Saturday,08:00 - 09:59,BEACH,ST,100,West,BULTITUDE,ST,WOOLGOOLGA,,No,Not a school zone,2-way undivided,-30.11234,153.194539,Coffs Harbour,Country urban,Rest of NSW - Urban,Straight,Pedestrian refuge,,,Unknown / not stated,Sealed,Dry,Fine,Daylight,Nil,No traffic controls,50 km/h,Local,73,Off rd rght => obj,704,Right off cway into obj,,Vehicle - Object,Car (sedan/hatch),,1,0,0,2,0,8,August,Winter,Saturday,08:00 - 09:59,AM peak / school commute,True,False,True,True
1359541,Injury,Moderate Injury,2024,2024,August,Wednesday,04:00 - 05:59,BURLEY GRIFFIN,WAY,500,East,CHAUNCY,RD,BILBUL,84.0,No,Not a school zone,2-way undivided,-34.266014,146.1526,Griffith,Country non-urban,Rest of NSW - Rural,Straight,,,,Nil,Sealed,Wet,Raining,Dawn,Nil,No traffic controls,100 km/h,State,70,Off road to left,701,Off carriageway to left,,Rollover,Car (sedan/hatch),,1,0,0,1,0,8,August,Winter,Wednesday,04:00 - 05:59,Late night / early morning,False,False,True,True
1359544,Injury,Moderate Injury,2024,2024,June,Monday,16:00 - 17:59,CORNELIA,RD,0,Right on the spot,METELLA,RD,TOONGABBIE,7256.0,No,Not a school zone,T-junction,-33.786755,150.946924,Blacktown,Sydney metro. area,Syd-Newc-Woll Gtr conurbation,Straight,,,,Unknown / not stated,Sealed,Dry,Fine,Daylight,Nil,Stop sign,50 km/h,Regional,32,Right rear,303,Same - Rear right,,Rear end,Car (sedan/hatch),4 wheel drive / SUV,3,0,0,1,1,6,June,Winter,Monday,16:00 - 17:59,PM peak / evening commute,True,False,True,True
1359551,Injury,Minor/Other Injury,2024,2024,July,Saturday,18:00 - 19:59,PRINCES,HWY,0,Right on the spot,OLD PRINCES,HWY,BULLI,1.0,No,Not a school zone,X-intersection,-34.33726,150.910815,Wollongong,Wollongong met. area,Syd-Newc-Woll Gtr conurbation,Curved,,,,Unknown / not stated,Sealed,Dry,Unknown,Darkness,On,No traffic controls,60 km/h,State,11,Right far,102,Adj - Right-thru from left,,Right angle,4 wheel drive / SUV,Light truck utility(from 2018),3,0,0,0,1,7,July,Winter,Saturday,18:00 - 19:59,PM peak / evening commute,True,False,True,True
1359553,Injury,Minor/Other Injury,2024,2024,May,Friday,16:00 - 17:59,VAUGHAN,ST,0,Right on the spot,WOODBURN,RD,LIDCOMBE,2096.0,No,Not a school zone,X-intersection,-33.864209,151.036077,Cumberland,Sydney metro. area,Syd-Newc-Woll Gtr conurbation,Straight,,,,Unknown / not stated,Sealed,Dry,Fine,Dusk,On,Ped crossing,50 km/h,Regional,14,2 right turning,105,Adj - Two right turning,,Right angle,Car (sedan/hatch),Car (sedan/hatch),2,0,0,0,1,5,May,Autumn,Friday,16:00 - 17:59,PM peak / evening commute,True,False,True,True
1359556,Injury,Minor/Other Injury,2024,2024,August,Wednesday,06:00 - 07:59,RICHMOND,RD,0,Right on the spot,SOUTH,ST,MARSDEN PARK,537.0,No,Not a school zone,X-intersection,-33.707055,150.838972,Blacktown,Sydney metro. area,Syd-Newc-Woll Gtr conurbation,Straight,,,,Unknown / not stated,Sealed,Dry,Fine,Daylight,On,No traffic controls,80 km/h,State,30,Rear end,301,Same - Rear end,,Rear end,Passenger van,Car (sedan/hatch),2,0,0,0,1,8,August,Winter,Wednesday,06:00 - 07:59,AM peak / school commute,True,False,True,True
1359557,Injury,Minor/Other Injury,2024,2024,August,Thursday,16:00 - 17:59,JAMES RUSE,DR,20,South,THOMAS,ST,PARRAMATTA,309.0,No,Not a school zone,Divided road,-33.813404,151.02268,Parramatta,Sydney metro. area,Syd-Newc-Woll Gtr conurbation,Straight,,,,Unknown / not stated,Sealed,Dry,Fine,Dusk,Nil,No traffic controls,70 km/h,State,34,Lane change right,306,Same - Lane change right,,Other angle,Car (sedan/hatch),Car (sedan/hatch),2,0,0,0,1,8,August,Winter,Thursday,16:00 - 17:59,PM peak / evening commute,True,False,True,True
1359559,Injury,Minor/Other Injury,2024,2024,August,Wednesday,16:00 - 17:59,GREAT WESTERN,HWY,0,Right on the spot,NUMBER 218,HN,KINGSWOOD,5.0,No,Not a school zone,Divided road,-33.758395,150.718628,Penrith,Sydney metro. area,Syd-Newc-Woll Gtr conurbation,Straight,,,,Unknown / not stated,Sealed,Dry,Fine,Daylight,Nil,No traffic controls,60 km/h,State,42,Leaving parking,401,Manov - Leaving parking,,Other angle,Car (sedan/hatch),Motorcycle,2,0,0,0,1,8,August,Winter,Wednesday,16:00 - 17:59,PM peak / evening commute,True,False,True,True
1359561,Injury,Serious Injury,2024,2024,April,Friday,06:00 - 07:59,UNNAMED,LANE,20,South,NEWCASTLE,RD,WALLSEND,,No,Not a school zone,2-way undivided,-32.902833,151.674577,Newcastle,Newcastle met. area,Syd-Newc-Woll Gtr conurbation,Straight,,,,Off,Sealed,Dry,Fine,Daylight,Nil,No traffic controls,50 km/h,Local,71,Off rd left => obj,703,Left off cway into object,,Vehicle - Object,Car (sedan/hatch),,1,0,1,0,0,4,April,Autumn,Friday,06:00 - 07:59,AM peak / school commute,True,False,True,True
1359563,Injury,Serious Injury,2024,2024,March,Saturday,12:00 - 13:59,MITCHELL,HWY,10,West,SHERATON,RD,DUBBO,7.0,No,Not a school zone,Roundabout,-32.259453,148.645964,Dubbo Regional,Country urban,Rest of NSW - Urban,Straight,,,,Nil,Sealed,Dry,Overcast,Daylight,Nil,Give way sign,70 km/h,State,87,Off lft/lft bnd=>obj,706,Left turn,Left,Vehicle - Object,Light truck,,1,0,1,0,0,3,March,Autumn,Saturday,12:00 - 13:59,Midday / afternoon,False,False,True,True
1359564,Injury,Minor/Other Injury,2024,2024,March,Wednesday,10:00 - 11:59,CAMPBELL,ST,0,Right on the spot,CROWN,ST,SURRY HILLS,,No,Not a school zone,T-junction,-33.880851,151.214873,Sydney,Sydney metro. area,Syd-Newc-Woll Gtr conurbation,Straight,,,,On,Sealed,Dry,Fine,Daylight,On,No traffic controls,40 km/h,Local,21,Right through,202,Opp - Right-thru,,Other angle,4 wheel drive / SUV,Pedal cycle,2,0,0,0,1,3,March,Autumn,Wednesday,10:00 - 11:59,Midday / afternoon,False,False,True,True
1359565,Injury,Serious Injury,2024,2024,March,Thursday,20:00 - 21:59,KALANDAR,ST,10,West,QUADRANT,ST,NOWRA,7632.0,No,Not a school zone,T-junction,-34.888494,150.610992,Shoalhaven,Country urban,Rest of NSW - Urban,Straight,,,,On,Sealed,Dry,Fine,Darkness,Nil,Give way sign,60 km/h,Regional,2,Ped far side,3,Ped - Far side,,Vehicle - Pedestrian,Car (sedan/hatch),Pedestrian,2,0,1,0,0,3,March,Autumn,Thursday,20:00 - 21:59,Evening / night,False,False,True,True
1359566,Injury,Serious Injury,2024,2024,April,Tuesday,10:00 - 11:59,MACQUARIE,ST,0,Right on the spot,FISHERY POINT,RD,MORISSET,217.0,No,Not a school zone,T-junction,-33.106128,151.497191,Lake Macquarie,Newcastle met. area,Syd-Newc-Woll Gtr conurbation,Straight,,,,Off,Sealed,Dry,Fine,Daylight,On,No traffic controls,60 km/h,State,21,Right through,202,Opp - Right-thru,,Other angle,4 wheel drive / SUV,4 wheel drive / SUV,2,0,1,0,0,4,April,Autumn,Tuesday,10:00 - 11:59,Midday / afternoon,False,False,True,True
1359567,Injury,Moderate Injury,2024,2024,March,Wednesday,10:00 - 11:59,PACIFIC,HWY,730,North,TUGUN,TU,TWEED HEADS WEST,10.0,No,Not a school zone,Divided road,-28.172466,153.505161,Tweed,Country non-urban,Rest of NSW - Rural,Straight,,,,Nil,Sealed,Dry,Fine,Daylight,Nil,No traffic controls,100 km/h,State,30,Rear end,301,Same - Rear end,,Rear end,Large rigid,Car (sedan/hatch),2,0,0,1,0,3,March,Autumn,Wednesday,10:00 - 11:59,Midday / afternoon,False,False,True,True
1359570,Injury,Serious Injury,2024,2024,April,Friday,04:00 - 05:59,HUME,HWY,3000,South,YASS VALLEY WAY,OP,BOWNING,2.0,No,Not a school zone,Divided road,-34.78631,148.850633,Yass Valley,Country non-urban,Rest of NSW - Rural,Curved,,,,Nil,Sealed,Dry,Fine,Darkness,Nil,No traffic controls,110 km/h,State,83,Off rt/rt bnd=>obj,803,Off right bend into obj,Right,Vehicle - Object,B-double (road train prior 98),,1,0,1,0,0,4,April,Autumn,Friday,04:00 - 05:59,Late night / early morning,False,False,True,True
1359571,Injury,Serious Injury,2024,2024,March,Monday,22:00 - Midnight,PRINCES,HWY,0,Right on the spot,RIVERSIDE DRIVE,OP,DUNMORE,1.0,No,Not a school zone,Divided road,-34.616491,150.83807,Shellharbour,Wollongong met. area,Syd-Newc-Woll Gtr conurbation,Curved,Underpass/tunnel,,,Nil,Sealed,Wet,Fine,Darkness,Nil,No traffic controls,100 km/h,State,83,Off rt/rt bnd=>obj,803,Off right bend into obj,Right,Vehicle - Object,Motorcycle,,1,0,1,0,0,3,March,Autumn,Monday,22:00 - Midnight,Evening / night,False,False,True,True
1359572,Injury,Moderate Injury,2024,2024,March,Saturday,16:00 - 17:59,LEGGETTS,DR,100,South,WATAGAN TRACK,OT,BRUNKERVILLE,220.0,No,Not a school zone,2-way undivided,-32.9661,151.479529,Cessnock,Country non-urban,Rest of NSW - Rural,Curved,Painted double centre lines,,,Nil,Sealed,Dry,Overcast,Daylight,Nil,No traffic controls,90 km/h,State,20,Head on,201,Opp - Head on,,Head-on,Car (sedan/hatch),4 wheel drive / SUV,2,0,0,3,0,3,March,Autumn,Saturday,16:00 - 17:59,PM peak / evening commute,True,False,True,True
1359573,Injury,Serious Injury,2024,2024,March,Saturday,06:00 - 07:59,WINDSOR,RD,100,South,SEVEN HILLS,RD,BAULKHAM HILLS,184.0,No,Not a school zone,Divided road,-33.76263,150.993592,The Hills,Sydney metro. area,Syd-Newc-Woll Gtr conurbation,Straight,,,,On,Sealed,Dry,Fine,Dawn,Nil,No traffic controls,60 km/h,State,30,Rear end,301,Same - Rear end,,Rear end,Car (sedan/hatch),Light truck utility(from 2018),2,0,1,0,0,3,March,Autumn,Saturday,06:00 - 07:59,AM peak / school commute,True,False,True,True
1359574,Injury,Moderate Injury,2024,2024,April,Thursday,16:00 - 17:59,SOUTHERN,EXP,500,North,NORTHCLIFFE DRIVE,OP,BERKELEY,6006.0,No,Not a school zone,Dual freeway,-34.470398,150.835959,Wollongong,Wollongong met. area,Syd-Newc-Woll Gtr conurbation,Straight,,,,Nil,Sealed,Dry,Fine,Daylight,Nil,No traffic controls,100 km/h,State,30,Rear end,301,Same - Rear end,,Rear end,Car (sedan/hatch),Car (sedan/hatch),3,0,0,1,0,4,April,Autumn,Thursday,16:00 - 17:59,PM peak / evening commute,True,False,True,True
1359575,Injury,Moderate Injury,2024,2024,April,Tuesday,10:00 - 11:59,CLARENCE,ST,0,Right on the spot,ERSKINE,ST,SYDNEY,,No,Not a school zone,X-intersection,-33.866706,151.205036,Sydney,Sydney metro. area,Syd-Newc-Woll Gtr conurbation,Straight,,,,Off,Sealed,Dry,Fine,Daylight,On,No traffic controls,40 km/h,Local,0,Ped nearside,1,Ped - Near side,,Vehicle - Pedestrian,Unknown motor vehicle,Pedestrian,2,0,0,1,0,4,April,Autumn,Tuesday,10:00 - 11:59,Midday / afternoon,False,False,True,True
1359578,Injury,Moderate Injury,2024,2024,April,Tuesday,16:00 - 17:59,AVOCA,ST,0,Right on the spot,ROYAL RANDWICK SHOPPING CENTRE,ENT,RANDWICK,660.0,Yes,No,2-way undivided,-33.914798,151.241682,Randwick,Sydney metro. area,Syd-Newc-Woll Gtr conurbation,Straight,Foot/cycle path/nature strip,,,Off,Sealed,Dry,Fine,Daylight,Nil,No traffic controls,50 km/h,State,47,Emerging from drive,406,Manov - Emerging from driveway,,Right angle,Station wagon,Motor scooter,2,0,0,1,0,4,April,Autumn,Tuesday,16:00 - 17:59,PM peak / evening commute,True,False,True,True
1359579,Injury,Serious Injury,2024,2024,March,Wednesday,20:00 - 21:59,NEWCASTLE,EXP,1600,South,PACIFIC HIGHWAY,OP,BAR POINT,6003.0,No,Not a school zone,Dual freeway,-33.489167,151.184207,Central Coast,Country non-urban,Syd-Newc-Woll Gtr conurbation,Curved,Mid-blk median openg,,,Nil,Sealed,Dry,Overcast,Darkness,Nil,No traffic controls,90 km/h,State,83,Off rt/rt bnd=>obj,803,Off right bend into obj,Right,Vehicle - Object,Car (sedan/hatch),,1,0,1,0,0,3,March,Autumn,Wednesday,20:00 - 21:59,Evening / night,False,False,True,True
1359580,Injury,Moderate Injury,2024,2024,May,Thursday,14:00 - 15:59,NORTH,RD,0,Right on the spot,OWEN,AVE,WYONG,,No,Not a school zone,X-intersection,-33.279978,151.424804,Central Coast,Country urban,Syd-Newc-Woll Gtr conurbation,Straight,,,,Nil,Sealed,Dry,Fine,Daylight,Nil,No traffic controls,50 km/h,Local,14,2 right turning,105,Adj - Two right turning,,Right angle,4 wheel drive / SUV,Motor scooter,2,0,0,1,0,5,May,Autumn,Thursday,14:00 - 15:59,Midday / afternoon,False,False,True,True
1359581,Injury,Minor/Other Injury,2024,2024,April,Wednesday,14:00 - 15:59,BOTANY,RD,0,Right on the spot,QUEEN,ST,BEACONSFIELD,170.0,No,Not a school zone,T-junction,-33.91399,151.201049,Sydney,Sydney metro. area,Syd-Newc-Woll Gtr conurbation,Straight,,,,Off,Sealed,Dry,Fine,Daylight,Nil,No traffic controls,50 km/h,State,32,Right rear,303,Same - Rear right,,Rear end,Car (sedan/hatch),Motor scooter,2,0,0,0,1,4,April,Autumn,Wednesday,14:00 - 15:59,Midday / afternoon,False,False,True,True
1359582,Injury,Moderate Injury,2024,2024,April,Tuesday,10:00 - 11:59,SUNNYHOLT,RD,0,Right on the spot,GEORGE,ST,BLACKTOWN,642.0,No,Not a school zone,X-intersection,-33.769439,150.912232,Blacktown,Sydney metro. area,Syd-Newc-Woll Gtr conurbation,Straight,Bus/transit lane,,,Off,Sealed,Dry,Fine,Daylight,Unknown / not stated,Ped crossing,60 km/h,State,0,Ped nearside,1,Ped - Near side,,Vehicle - Pedestrian,Other bus,Pedestrian,2,0,0,1,0,4,April,Autumn,Tuesday,10:00 - 11:59,Midday / afternoon,False,False,True,True
1359583,Injury,Moderate Injury,2024,2024,April,Thursday,20:00 - 21:59,PRINCES,HWY,0,Right on the spot,MISSENDEN,RD,NEWTOWN,1.0,No,Not a school zone,T-junction,-33.893482,151.183525,Sydney,Sydney metro. area,Syd-Newc-Woll Gtr conurbation,Straight,,,,Nil,Sealed,Wet,Fine,Darkness,On,No traffic controls,40 km/h,State,21,Right through,202,Opp - Right-thru,,Other angle,4 wheel drive / SUV,Motorcycle,2,0,0,2,0,4,April,Autumn,Thursday,20:00 - 21:59,Evening / night,False,False,True,True
1359585,Injury,Serious Injury,2024,2024,May,Tuesday,16:00 - 17:59,PACIFIC,HWY,0,Right on the spot,TURNBULL,ST,HAMILTON SOUTH,10.0,No,Not a school zone,X-intersection,-32.934571,151.750618,Newcastle,Newcastle met. area,Syd-Newc-Woll Gtr conurbation,Straight,,,,On,Sealed,Dry,Fine,Dusk,Nil,Stop sign,60 km/h,State,32,Right rear,303,Same - Rear right,,Rear end,Motorcycle,Passenger van,2,0,1,0,0,5,May,Autumn,Tuesday,16:00 - 17:59,PM peak / evening commute,True,False,True,True
1359587,Injury,Serious Injury,2024,2024,May,Friday,20:00 - 21:59,NUNDLE,RD,100,East,DUNCANS CREEK,RD,WOOLOMIN,105.0,No,Not a school zone,2-way undivided,-31.309084,151.148397,Tamworth Regional,Country urban,Rest of NSW - Urban,Straight,,,,Nil,Sealed,Dry,Fine,Darkness,Nil,No traffic controls,60 km/h,Regional,74,On road-out of cont.,705,Out of control on cway,,Rollover,Quad bike,,1,0,2,0,0,5,May,Autumn,Friday,20:00 - 21:59,Evening / night,False,False,True,True
1359590,Injury,Serious Injury,2024,2024,May,Saturday,06:00 - 07:59,ELIZABETH,DR,500,West,MAMRE,RD,KEMPS CREEK,535.0,No,Not a school zone,2-way undivided,-33.880796,150.802284,Penrith,Sydney metro. area,Syd-Newc-Woll Gtr conurbation,Straight,,,,Nil,Unsealed,Dry,Fine,Daylight,Nil,No traffic controls,80 km/h,State,20,Head on,201,Opp - Head on,,Head-on,Light truck,Light truck,2,0,1,1,0,5,May,Autumn,Saturday,06:00 - 07:59,AM peak / school commute,True,False,True,True
1359591,Injury,Moderate Injury,2024,2024,May,Monday,12:00 - 13:59,ALLFIELD,RD,0,Right on the spot,EDWARD,ST,WOY WOY,,Yes,No,X-intersection,-33.49425,151.324704,Central Coast,Country urban,Syd-Newc-Woll Gtr conurbation,Straight,,,,Nil,Sealed,Wet,Overcast,Daylight,Nil,Give way sign,50 km/h,Local,10,Cross traffic,101,Adj - Cross traffic,,Right angle,Car (sedan/hatch),4 wheel drive / SUV,2,0,0,1,0,5,May,Autumn,Monday,12:00 - 13:59,Midday / afternoon,False,False,True,True
1359593,Injury,Moderate Injury,2024,2024,May,Sunday,18:00 - 19:59,GORDON,ST,0,Right on the spot,MOATE,AVE,BRIGHTON-LE-SANDS,,No,Not a school zone,X-intersection,-33.958311,151.155297,Bayside,Sydney metro. area,Syd-Newc-Woll Gtr conurbation,Straight,,,,On,Sealed,Dry,Fine,Darkness,Nil,Stop sign,50 km/h,Local,2,Ped far side,3,Ped - Far side,,Vehicle - Pedestrian,Car (sedan/hatch),Pedestrian,2,0,0,2,0,5,May,Autumn,Sunday,18:00 - 19:59,PM peak / evening commute,True,False,True,True
1359594,Injury,Moderate Injury,2024,2024,May,Thursday,08:00 - 09:59,EDGAR,ST,0,Right on the spot,MAUDE,ST,BELMONT,,No,Not a school zone,T-junction,-33.033344,151.657414,Lake Macquarie,Newcastle met. area,Syd-Newc-Woll Gtr conurbation,Straight,,,,Off,Sealed,Dry,Fine,Daylight,Nil,Give way sign,50 km/h,Local,85,Off rt/lft bnd=>obj,706,Left turn,Right,Vehicle - Object,Car (sedan/hatch),,1,0,0,1,0,5,May,Autumn,Thursday,08:00 - 09:59,AM peak / school commute,True,False,True,True
1359597,Injury,Serious Injury,2024,2024,June,Thursday,22:00 - Midnight,WESTERN,EXP,200,East,CUMBERLAND HIGHWAY,TO,SOUTH WENTWORTHVILLE,6004.0,No,Not a school zone,Dual freeway,-33.817244,150.971134,Cumberland,Sydney metro. area,Syd-Newc-Woll Gtr conurbation,Straight,Steep grade,,,On,Sealed,Wet,Raining,Darkness,Nil,No traffic controls,90 km/h,State,71,Off rd left => obj,703,Left off cway into object,,Vehicle - Object,4 wheel drive / SUV,,1,0,1,0,0,6,June,Winter,Thursday,22:00 - Midnight,Evening / night,False,False,True,True
1359600,Injury,Serious Injury,2024,2024,April,Tuesday,18:00 - 19:59,KINGSWAY,MS,0,Right on the spot,NUMBER 47,HN,CRONULLA,227.0,No,Not a school zone,Divided road,-34.050871,151.151424,Sutherland,Sydney metro. area,Syd-Newc-Woll Gtr conurbation,Straight,Steep grade,,,Off,Sealed,Dry,Fine,Dusk,Nil,No traffic controls,60 km/h,State,2,Ped far side,3,Ped - Far side,,Vehicle - Pedestrian,Car (sedan/hatch),Pedestrian,2,0,1,0,0,4,April,Autumn,Tuesday,18:00 - 19:59,PM peak / evening commute,True,False,True,True