crash_id,degree_of_crash,degree_of_crash_-_detailed,reporting_year,year_of_crash,month_of_crash,day_of_week_of_crash,two-hour_intervals,street_of_crash,street_type,distance,direction,identifying_feature,identifying_feature_type,town,route_no.,school_zone_location,school_zone_active,type_of_location,latitude,longitude,lga,urbanisation,conurbation_1,alignment,primary_permanent_feature,primary_temporary_feature,primary_hazardous_feature,street_lighting,road_surface,surface_condition,weather,natural_lighting,signals_operation,other_traffic_control,speed_limit,road_classification_(admin),rum_-_code,rum_-_description,dca_-_code,dca_-_description,dca_supplement,first_impact_type,key_tu_type,other_tu_type,no._of_traffic_units_involved,no._killed,no._seriously_injured,no._moderately_injured,no._minor-other_injured,month_num,month_label,season,day_label,time_label,time_band,is_peak_commute,is_fatal,is_injury,is_casualty
1359603,Injury,Serious Injury,2024,2024,May,Thursday,08:00 - 09:59,MIDDLEBROOK,RD,3000,North,LIVERPOOL,ST,MIDDLE BROOK,,No,Not a school zone,2-way undivided,-32.023838,150.841738,Upper Hunter,Country urban,Rest of NSW - Urban,Curved,,,,Nil,Sealed,Dry,Fine,Daylight,Nil,No traffic controls,80 km/h,Local,88,Out of cont on bend,805,Out of control on bend,,Rollover,Light truck utility(from 2018),,1,0,1,0,0,5,May,Autumn,Thursday,08:00 - 09:59,AM peak / school commute,True,False,True,True
1359605,Injury,Moderate Injury,2024,2024,May,Wednesday,06:00 - 07:59,HUME,HWY,300,South,CAMPBELLTOWN ROAD,OP,BARDIA,2.0,No,Not a school zone,Dual freeway,-33.969737,150.87392,Campbelltown,Sydney metro. area,Syd-Newc-Woll Gtr conurbation,Curved,,,,Nil,Sealed,Wet,Overcast,Dawn,Nil,No traffic controls,100 km/h,State,35,Lane change left,307,Same - Lane change left,,Other angle,Station wagon,Motorcycle,3,0,0,1,0,5,May,Autumn,Wednesday,06:00 - 07:59,AM peak / school commute,True,False,True,True
1359609,Injury,Moderate Injury,2024,2024,May,Thursday,14:00 - 15:59,WILLARONG,RD,0,Right on the spot,NUMBER 191,HN,CARINGBAH,,No,Not a school zone,2-way undivided,-34.044172,151.11872,Sutherland,Sydney metro. area,Syd-Newc-Woll Gtr conurbation,Straight,,,,Nil,Sealed,Dry,Fine,Daylight,Nil,No traffic controls,50 km/h,Local,3,Ped on carriageway,4,Ped - On carriageway,,Vehicle - Pedestrian,4 wheel drive / SUV,Pedestrian,2,0,0,1,0,5,May,Autumn,Thursday,14:00 - 15:59,Midday / afternoon,False,False,True,True
1359610,Injury,Minor/Other Injury,2024,2024,May,Monday,12:00 - 13:59,WOODVILLE,RD,10,North,LOUIS,ST,MERRYLANDS,640.0,No,Not a school zone,T-junction,-33.839719,150.999344,Cumberland,Sydney metro. area,Syd-Newc-Woll Gtr conurbation,Straight,Steep grade,,,Nil,Sealed,Dry,Fine,Daylight,Off,No traffic controls,70 km/h,State,30,Rear end,301,Same - Rear end,,Rear end,Car (sedan/hatch),4 wheel drive / SUV,3,0,0,0,1,5,May,Autumn,Monday,12:00 - 13:59,Midday / afternoon,False,False,True,True
1359611,Injury,Serious Injury,2024,2024,June,Thursday,18:00 - 19:59,BUSHLAND,DR,0,Right on the spot,MUDFORD,ST,TAREE,,Yes,No,T-junction,-31.891419,152.462071,Mid-Coast,Country urban,Rest of NSW - Urban,Curved,,,,On,Sealed,Dry,Fine,Darkness,Nil,Stop sign,50 km/h,Local,21,Right through,202,Opp - Right-thru,,Other angle,4 wheel drive / SUV,Motorcycle,2,0,1,1,0,6,June,Winter,Thursday,18:00 - 19:59,PM peak / evening commute,True,False,True,True
1359612,Injury,Moderate Injury,2024,2024,June,Saturday,20:00 - 21:59,MITCHELL,HWY,25,South,MURPHY,LANE,ORANGE,7.0,No,Not a school zone,2-way undivided,-33.257569,149.073823,Orange,Country urban,Rest of NSW - Urban,Straight,Steep grade,,,On,Sealed,Dry,Fine,Darkness,Nil,No traffic controls,50 km/h,State,73,Off rd rght => obj,704,Right off cway into obj,,Vehicle - Object,4 wheel drive / SUV,,1,0,0,1,0,6,June,Winter,Saturday,20:00 - 21:59,Evening / night,False,False,True,True
1359613,Injury,Moderate Injury,2024,2024,May,Wednesday,14:00 - 15:59,BOUNDARY,RD,0,Right on the spot,BLUEGATE,ST,BOX HILL,7205.0,No,Not a school zone,T-junction,-33.63594,150.887785,The Hills,Sydney metro. area,Syd-Newc-Woll Gtr conurbation,Straight,,,,Nil,Sealed,Wet,Raining,Daylight,Nil,No right turn,80 km/h,Regional,20,Head on,201,Opp - Head on,,Head-on,Large rigid,Other bus,3,0,0,2,0,5,May,Autumn,Wednesday,14:00 - 15:59,Midday / afternoon,False,False,True,True
1359614,Injury,Serious Injury,2024,2024,June,Friday,06:00 - 07:59,CAMDEN VALLEY,WAY,0,Right on the spot,ANDERSON,RD,SMEATON GRANGE,620.0,No,Not a school zone,X-intersection,-34.029955,150.752863,Camden,Sydney metro. area,Syd-Newc-Woll Gtr conurbation,Straight,,,,On,Sealed,Wet,Raining,Daylight,On,No traffic controls,80 km/h,State,10,Cross traffic,101,Adj - Cross traffic,,Right angle,Station wagon,Light truck utility(from 2018),2,0,1,1,0,6,June,Winter,Friday,06:00 - 07:59,AM peak / school commute,True,False,True,True
1359615,Injury,Serious Injury,2024,2024,June,Sunday,00:01 - 01:59,HAWKESBURY,RD,50,West,PAULWOOD,AVE,WINMALEE,570.0,Yes,No,2-way undivided,-33.682415,150.590359,Blue Mountains,Country urban,Syd-Newc-Woll Gtr conurbation,Curved,Painted double centre lines,,,On,Sealed,Wet,Raining,Darkness,Nil,No traffic controls,60 km/h,State,83,Off rt/rt bnd=>obj,803,Off right bend into obj,Right,Vehicle - Object,Utility,,1,0,2,0,0,6,June,Winter,Sunday,00:01 - 01:59,Late night / early morning,False,False,True,True
1359616,Injury,Moderate Injury,2024,2024,June,Friday,18:00 - 19:59,BULWARA,RD,10,South,PYRMONT BRIDGE,RD,PYRMONT,523.0,No,Not a school zone,T-junction,-33.872208,151.194241,Sydney,Sydney metro. area,Syd-Newc-Woll Gtr conurbation,Straight,,,,On,Sealed,Dry,Fine,Darkness,Nil,No traffic controls,40 km/h,State,0,Ped nearside,1,Ped - Near side,,Vehicle - Pedestrian,Car (sedan/hatch),Pedestrian,2,0,0,1,0,6,June,Winter,Friday,18:00 - 19:59,PM peak / evening commute,True,False,True,True
1359619,Injury,Moderate Injury,2024,2024,June,Thursday,18:00 - 19:59,RYEDALE,RD,0,Right on the spot,WEST RYDE TRAIN STATION,ENT,WEST RYDE,,No,Not a school zone,2-way undivided,-33.807531,151.090702,Ryde,Sydney metro. area,Syd-Newc-Woll Gtr conurbation,Straight,,,,On,Sealed,Wet,Raining,Darkness,Nil,Ped crossing,50 km/h,Local,2,Ped far side,3,Ped - Far side,,Vehicle - Pedestrian,Car (sedan/hatch),Pedestrian,2,0,0,1,0,6,June,Winter,Thursday,18:00 - 19:59,PM peak / evening commute,True,False,True,True
1359621,Injury,Serious Injury,2024,2024,June,Saturday,10:00 - 11:59,BUCKLEY,AVE,0,Right on the spot,GREENBANK,DR,BLACKTOWN,,No,Not a school zone,T-junction,-33.760367,150.901501,Blacktown,Sydney metro. area,Syd-Newc-Woll Gtr conurbation,Straight,,,,Nil,Sealed,Dry,Fine,Daylight,Nil,Give way sign,50 km/h,Local,0,Ped nearside,1,Ped - Near side,,Vehicle - Pedestrian,Car (sedan/hatch),Pedestrian,2,0,1,1,0,6,June,Winter,Saturday,10:00 - 11:59,Midday / afternoon,False,False,True,True
1359622,Injury,Serious Injury,2024,2024,May,Saturday,14:00 - 15:59,PRINCES,HWY,0,Right on the spot,BANKSIA,AVE,BANKSIA,1.0,No,Not a school zone,T-junction,-33.945334,151.141597,Bayside,Sydney metro. area,Syd-Newc-Woll Gtr conurbation,Straight,,,,Nil,Sealed,Wet,Raining,Daylight,Nil,No traffic controls,60 km/h,State,20,Head on,201,Opp - Head on,,Head-on,Motorcycle,4 wheel drive / SUV,2,0,1,0,0,5,May,Autumn,Saturday,14:00 - 15:59,Midday / afternoon,False,False,True,True
1359623,Injury,Minor/Other Injury,2024,2024,June,Friday,20:00 - 21:59,KINGS,HWY,950,East,MISTY MOUNTAIN,RD,BUCKENBOWRA,51.0,No,Not a school zone,2-way undivided,-35.566067,150.021489,Eurobodalla,Country non-urban,Rest of NSW - Rural,Curved,Steep grade,,,Nil,Sealed,Dry,Fine,Darkness,Nil,No traffic controls,90 km/h,State,85,Off rt/lft bnd=>obj,804,Off left bend into obj,Right,Vehicle - Object,Station wagon,,1,0,0,0,1,6,June,Winter,Friday,20:00 - 21:59,Evening / night,False,False,True,True
1359625,Injury,Moderate Injury,2024,2024,May,Thursday,08:00 - 09:59,PEMBROKE,RD,0,Right on the spot,O'SULLIVAN,RD,LEUMEAH,680.0,No,Not a school zone,Roundabout,-34.053492,150.830085,Campbelltown,Sydney metro. area,Syd-Newc-Woll Gtr conurbation,Curved,,,,Nil,Sealed,Dry,Fine,Daylight,Nil,Give way sign,60 km/h,State,11,Right far,102,Adj - Right-thru from left,,Right angle,Motorcycle,Passenger van,2,0,0,1,0,5,May,Autumn,Thursday,08:00 - 09:59,AM peak / school commute,True,False,True,True
1359630,Injury,Moderate Injury,2024,2024,June,Saturday,22:00 - Midnight,NEWELL,HWY,10,West,SPAULS,LANE,WYALONG,17.0,No,Not a school zone,T-junction,-33.9012,147.305396,Bland,Country non-urban,Rest of NSW - Rural,Straight,Ditch/drain/culvert,,,Nil,Sealed,Dry,Fine,Darkness,Nil,No traffic controls,110 km/h,State,73,Off rd rght => obj,704,Right off cway into obj,,Vehicle - Object,Light truck utility(from 2018),,1,0,0,1,0,6,June,Winter,Saturday,22:00 - Midnight,Evening / night,False,False,True,True
1359633,Injury,Minor/Other Injury,2024,2024,June,Friday,16:00 - 17:59,MACQUARIE,ST,0,Right on the spot,MARTIN PLACE,OT,SYDNEY,7304.0,No,Not a school zone,2-way undivided,-33.867891,151.212219,Sydney,Sydney metro. area,Syd-Newc-Woll Gtr conurbation,Straight,,,,Off,Sealed,Dry,Fine,Dusk,On,Ped crossing,40 km/h,Regional,30,Rear end,301,Same - Rear end,,Rear end,Unknown motor vehicle,Unknown motor vehicle,2,0,0,0,1,6,June,Winter,Friday,16:00 - 17:59,PM peak / evening commute,True,False,True,True
1359634,Injury,Serious Injury,2024,2024,June,Saturday,20:00 - 21:59,BIRNIE,AVE,210,East,BACHELL,AVE,LIDCOMBE,7103.0,No,Not a school zone,2-way undivided,-33.859687,151.058394,Cumberland,Sydney metro. area,Syd-Newc-Woll Gtr conurbation,Curved,,,,On,Sealed,Dry,Fine,Darkness,Nil,No traffic controls,60 km/h,Regional,20,Head on,201,Opp - Head on,,Head-on,Light truck,4 wheel drive / SUV,2,0,1,1,0,6,June,Winter,Saturday,20:00 - 21:59,Evening / night,False,False,True,True
1359636,Injury,Serious Injury,2024,2024,June,Tuesday,06:00 - 07:59,RAMSGATE,RD,10,West,CLELAND,LANE,RAMSGATE,624.0,No,Not a school zone,T-junction,-33.984231,151.136689,Bayside,Sydney metro. area,Syd-Newc-Woll Gtr conurbation,Straight,,,,Nil,Sealed,Dry,Fine,Daylight,Nil,No traffic controls,60 km/h,Regional,35,Lane change left,307,Same - Lane change left,,Other angle,Motorcycle,4 wheel drive / SUV,2,0,1,0,0,6,June,Winter,Tuesday,06:00 - 07:59,AM peak / school commute,True,False,True,True
1359637,Injury,Moderate Injury,2024,2024,June,Thursday,12:00 - 13:59,WESTERN,EXP,45,West,MULGOA,RD,REGENTVILLE,6004.0,No,Not a school zone,Other,-33.773365,150.669965,Penrith,Sydney metro. area,Syd-Newc-Woll Gtr conurbation,Curved,,,,On,Sealed,Dry,Fine,Daylight,On,Ped crossing,60 km/h,State,30,Rear end,301,Same - Rear end,,Rear end,Other bus,Car (sedan/hatch),2,0,0,1,0,6,June,Winter,Thursday,12:00 - 13:59,Midday / afternoon,False,False,True,True
1359640,Injury,Moderate Injury,2024,2024,June,Thursday,14:00 - 15:59,BOTANY,RD,0,Right on the spot,MCEVOY,ST,ALEXANDRIA,170.0,No,Not a school zone,X-intersection,-33.901489,151.201136,Sydney,Sydney metro. area,Syd-Newc-Woll Gtr conurbation,Straight,Foot/cycle path/nature strip,,,Off,Sealed,Dry,Fine,Daylight,On,Ped crossing,50 km/h,State,48,From footpath,408,Manov - From footway,,Other angle,Pedal cycle,4 wheel drive / SUV,2,0,0,1,0,6,June,Winter,Thursday,14:00 - 15:59,Midday / afternoon,False,False,True,True
1359641,Injury,Moderate Injury,2024,2024,June,Saturday,16:00 - 17:59,BARTON,HWY,400,North,GOUNYAN,RD,MURRUMBATEMAN,15.0,No,Not a school zone,2-way undivided,-34.926086,148.995437,Yass Valley,Country non-urban,Rest of NSW - Rural,Straight,,,,Nil,Sealed,Dry,Fine,Darkness,Nil,No traffic controls,100 km/h,State,71,Off rd left => obj,703,Left off cway into object,,Vehicle - Object,Car (sedan/hatch),,2,0,0,1,0,6,June,Winter,Saturday,16:00 - 17:59,PM peak / evening commute,True,False,True,True
1359643,Injury,Minor/Other Injury,2024,2024,July,Wednesday,18:00 - 19:59,EAST MARKET,ST,0,Right on the spot,MARCH,ST,RICHMOND,184.0,No,Not a school zone,X-intersection,-33.59918,150.751934,Hawkesbury,Country urban,Syd-Newc-Woll Gtr conurbation,Straight,,,,On,Sealed,Wet,Overcast,Darkness,On,No traffic controls,60 km/h,State,10,Cross traffic,101,Adj - Cross traffic,,Right angle,4 wheel drive / SUV,Car (sedan/hatch),2,0,0,0,1,7,July,Winter,Wednesday,18:00 - 19:59,PM peak / evening commute,True,False,True,True
1359644,Injury,Serious Injury,2024,2024,June,Friday,12:00 - 13:59,M2 HILLS,EXP,400,East,BEECROFT ROAD,OP,EPPING,6002.0,No,Not a school zone,Dual freeway,-33.764302,151.086062,Hornsby,Sydney metro. area,Syd-Newc-Woll Gtr conurbation,Straight,Underpass/tunnel,,,On,Sealed,Dry,Overcast,Daylight,Nil,No traffic controls,100 km/h,State,30,Rear end,301,Same - Rear end,,Rear end,Car (sedan/hatch),Light truck utility(from 2018),2,0,1,0,0,6,June,Winter,Friday,12:00 - 13:59,Midday / afternoon,False,False,True,True
1359645,Injury,Moderate Injury,2024,2024,June,Friday,18:00 - 19:59,HOMER,ST,0,Right on the spot,HOCKING,AVE,EARLWOOD,2021.0,No,Not a school zone,X-intersection,-33.926183,151.13115,Canterbury-Bankstown,Sydney metro. area,Syd-Newc-Woll Gtr conurbation,Straight,,,,On,Sealed,Dry,Fine,Darkness,On,Ped crossing,50 km/h,Regional,0,Ped nearside,1,Ped - Near side,,Vehicle - Pedestrian,4 wheel drive / SUV,Pedestrian,2,0,0,1,0,6,June,Winter,Friday,18:00 - 19:59,PM peak / evening commute,True,False,True,True
1359650,Injury,Moderate Injury,2024,2024,June,Friday,18:00 - 19:59,QUAY,ST,0,Right on the spot,ULTIMO,RD,HAYMARKET,,No,Not a school zone,X-intersection,-33.880776,151.202803,Sydney,Sydney metro. area,Syd-Newc-Woll Gtr conurbation,Straight,,,,Unknown / not stated,Sealed,Unknown,Unknown,Darkness,On,No traffic controls,40 km/h,Local,21,Right through,202,Opp - Right-thru,,Other angle,Pedal cycle,4 wheel drive / SUV,2,0,0,1,0,6,June,Winter,Friday,18:00 - 19:59,PM peak / evening commute,True,False,True,True
1359652,Injury,Moderate Injury,2024,2024,June,Wednesday,16:00 - 17:59,SCENIC,HWY,0,Right on the spot,NUMBER 162,HN,TERRIGAL,,No,Not a school zone,2-way undivided,-33.448862,151.434981,Central Coast,Country urban,Syd-Newc-Woll Gtr conurbation,Straight,Driveway/entrance,,,On,Sealed,Dry,Fine,Darkness,Nil,No traffic controls,50 km/h,Local,31,Left rear,302,Same - Rear left,,Rear end,Light truck utility(from 2018),Light truck utility(from 2018),2,0,0,1,0,6,June,Winter,Wednesday,16:00 - 17:59,PM peak / evening commute,True,False,True,True
1359653,Injury,Serious Injury,2024,2024,July,Tuesday,16:00 - 17:59,BYLONG VALLEY,WAY,4000,East,WIDDEN VALLEY,RD,WIDDEN,208.0,No,Not a school zone,2-way undivided,-32.389084,150.410584,Muswellbrook,Country non-urban,Rest of NSW - Rural,Curved,Steep grade,,,Nil,Sealed,Wet,Overcast,Dusk,Nil,No traffic controls,100 km/h,Regional,85,Off rt/lft bnd=>obj,804,Off left bend into obj,Right,Vehicle - Object,Car (sedan/hatch),,1,0,1,0,0,7,July,Winter,Tuesday,16:00 - 17:59,PM peak / evening commute,True,False,True,True
1359655,Injury,Moderate Injury,2024,2024,June,Wednesday,16:00 - 17:59,PRINCES,HWY,660,South,WEIR STREET,OP,KIAMA HEIGHTS,1.0,No,Not a school zone,Divided road,-34.69981,150.839509,Kiama,Country urban,Rest of NSW - Urban,Curved,Embankment/cutting,,,Nil,Sealed,Dry,Fine,Dusk,Nil,No traffic controls,80 km/h,State,81,Off left/rt bnd=>obj,803,Off right bend into obj,Left,Vehicle - Object,Car (sedan/hatch),,1,0,0,1,0,6,June,Winter,Wednesday,16:00 - 17:59,PM peak / evening commute,True,False,True,True
1359657,Injury,Minor/Other Injury,2024,2024,July,Saturday,14:00 - 15:59,WOLLOMBI,RD,0,Right on the spot,WEST,AVE,CESSNOCK,181.0,Yes,No,T-junction,-32.836245,151.346905,Cessnock,Country urban,Rest of NSW - Urban,Straight,,,,Off,Sealed,Dry,Fine,Daylight,Nil,Stop sign,60 km/h,Regional,43,Entering parking,402,Manov - Entering parking veh,,Other angle,Car (sedan/hatch),Motorcycle,2,0,0,0,1,7,July,Winter,Saturday,14:00 - 15:59,Midday / afternoon,False,False,True,True
1359659,Injury,Moderate Injury,2024,2024,July,Thursday,16:00 - 17:59,ELDRIDGE,RD,25,West,OLIVE,ST,CONDELL PARK,,No,Not a school zone,2-way undivided,-33.93155,151.01632,Canterbury-Bankstown,Sydney metro. area,Syd-Newc-Woll Gtr conurbation,Straight,,Police pursuit,,On,Sealed,Dry,Fine,Dusk,Nil,No traffic controls,50 km/h,Local,30,Rear end,301,Same - Rear end,,Rear end,Motorcycle,Car (sedan/hatch),2,0,0,1,0,7,July,Winter,Thursday,16:00 - 17:59,PM peak / evening commute,True,False,True,True
1359660,Injury,Moderate Injury,2024,2024,June,Wednesday,16:00 - 17:59,BALMAIN,RD,0,Right on the spot,NUMBER 449,HN,LILYFIELD,652.0,No,Not a school zone,2-way undivided,-33.868278,151.164053,Inner West,Sydney metro. area,Syd-Newc-Woll Gtr conurbation,Straight,,,,Off,Sealed,Dry,Fine,Daylight,Nil,No traffic controls,50 km/h,State,20,Head on,201,Opp - Head on,,Head-on,Car (sedan/hatch),Station wagon,3,0,0,2,0,6,June,Winter,Wednesday,16:00 - 17:59,PM peak / evening commute,True,False,True,True
1359663,Injury,Serious Injury,2024,2024,July,Tuesday,14:00 - 15:59,THUNDERBOLTS,WAY,0,Right on the spot,CURRICABARK,RD,ROOKHURST,7719.0,No,Not a school zone,T-junction,-31.88593,151.872287,Mid-Coast,Country non-urban,Rest of NSW - Rural,Curved,Crest,,,Nil,Sealed,Wet,Overcast,Daylight,Nil,No traffic controls,90 km/h,Regional,87,Off lft/lft bnd=>obj,804,Off left bend into obj,Left,Vehicle - Object,Car (sedan/hatch),,1,0,1,0,1,7,July,Winter,Tuesday,14:00 - 15:59,Midday / afternoon,False,False,True,True
1359665,Injury,Moderate Injury,2024,2024,June,Monday,16:00 - 17:59,LAMB,ST,0,Right on the spot,ENTERPRISE,DR,GLENDENNING,7160.0,No,Not a school zone,T-junction,-33.745366,150.848972,Blacktown,Sydney metro. area,Syd-Newc-Woll Gtr conurbation,Straight,,,,Nil,Sealed,Dry,Fine,Darkness,Nil,Give way sign,60 km/h,Regional,32,Right rear,303,Same - Rear right,,Rear end,Light truck,Car (sedan/hatch),2,0,0,1,0,6,June,Winter,Monday,16:00 - 17:59,PM peak / evening commute,True,False,True,True
1359666,Injury,Serious Injury,2024,2024,July,Thursday,10:00 - 11:59,HOWICK,ST,0,Right on the spot,RANKIN,ST,BATHURST,,No,Not a school zone,Roundabout,-33.414221,149.578502,Bathurst Regional,Country urban,Rest of NSW - Urban,Straight,,,,Nil,Sealed,Dry,Fine,Daylight,Nil,Give way sign,50 km/h,Local,88,Out of cont on bend,707,Right turn,,Rollover,Motorcycle,,1,0,1,0,0,7,July,Winter,Thursday,10:00 - 11:59,Midday / afternoon,False,False,True,True
1359667,Injury,Minor/Other Injury,2024,2024,July,Tuesday,16:00 - 17:59,CREEK RIDGE,RD,0,Right on the spot,JORDAN,AVE,GLOSSODIA,7207.0,No,Not a school zone,T-junction,-33.541525,150.7943,Hawkesbury,Country urban,Syd-Newc-Woll Gtr conurbation,Straight,Ditch/drain/culvert,,,Nil,Sealed,Dry,Fine,Daylight,Nil,No traffic controls,80 km/h,Regional,71,Off rd left => obj,703,Left off cway into object,,Vehicle - Object,Light truck utility(from 2018),,1,0,0,0,1,7,July,Winter,Tuesday,16:00 - 17:59,PM peak / evening commute,True,False,True,True
1359668,Injury,Serious Injury,2024,2024,July,Friday,16:00 - 17:59,FERNDELL,ST,50,South,EVERLEY,RD,CHESTER HILL,7101.0,No,Not a school zone,2-way undivided,-33.870323,151.007744,Cumberland,Sydney metro. area,Syd-Newc-Woll Gtr conurbation,Straight,Painted double centre lines,,,On,Sealed,Dry,Fine,Dusk,Nil,Ped crossing,60 km/h,Regional,73,Off rd rght => obj,704,Right off cway into obj,,Vehicle - Object,Car (sedan/hatch),,2,0,1,0,0,7,July,Winter,Friday,16:00 - 17:59,PM peak / evening commute,True,False,True,True
1359669,Injury,Moderate Injury,2024,2024,July,Thursday,10:00 - 11:59,PACIFIC,HWY,0,Right on the spot,DUMARESQ,ST,GORDON,10.0,No,Not a school zone,T-junction,-33.754748,151.152259,Ku-ring-gai,Sydney metro. area,Syd-Newc-Woll Gtr conurbation,Straight,Steep grade,,,Nil,Sealed,Dry,Fine,Daylight,On,No traffic controls,60 km/h,State,21,Right through,202,Opp - Right-thru,,Other angle,4 wheel drive / SUV,4 wheel drive / SUV,2,0,0,1,0,7,July,Winter,Thursday,10:00 - 11:59,Midday / afternoon,False,False,True,True
1359672,Injury,Serious Injury,2024,2024,July,Tuesday,10:00 - 11:59,ARTHUR,ST,0,Right on the spot,NUMBER 31,HN,COFFS HARBOUR,7745.0,No,Not a school zone,2-way undivided,-30.281259,153.135057,Coffs Harbour,Country urban,Rest of NSW - Urban,Curved,,,,Off,Sealed,Dry,Fine,Daylight,Nil,No traffic controls,60 km/h,Regional,33,Lane sideswipe,305,Same - Lane side swipe,,Other angle,Unknown motor vehicle,Pedal cycle,2,0,1,0,0,7,July,Winter,Tuesday,10:00 - 11:59,Midday / afternoon,False,False,True,True
1359673,Injury,Moderate Injury,2024,2024,June,Saturday,12:00 - 13:59,KOSCIUSZKO,RD,150,West,HILLTOP,RD,AVONSIDE,286.0,No,Not a school zone,2-way undivided,-36.363022,148.711163,Snowy Monaro Regional,Country non-urban,Rest of NSW - Rural,Curved,,,,Nil,Sealed,Dry,Fine,Daylight,Nil,No traffic controls,100 km/h,State,81,Off left/rt bnd=>obj,803,Off right bend into obj,Left,Vehicle - Object,4 wheel drive / SUV,,1,0,0,4,0,6,June,Winter,Saturday,12:00 - 13:59,Midday / afternoon,False,False,True,True
1359674,Injury,Serious Injury,2024,2024,July,Monday,18:00 - 19:59,WESTERN,EXP,50,West,GREAT WESTERN HIGHWAY,TO,HOLROYD,6004.0,No,Not a school zone,Dual freeway,-33.828111,150.998025,Cumberland,Sydney metro. area,Syd-Newc-Woll Gtr conurbation,Curved,,,,Nil,Sealed,Wet,Raining,Darkness,Nil,No traffic controls,90 km/h,State,30,Rear end,301,Same - Rear end,,Rear end,Car (sedan/hatch),4 wheel drive / SUV,2,0,1,0,0,7,July,Winter,Monday,18:00 - 19:59,PM peak / evening commute,True,False,True,True
1359676,Injury,Serious Injury,2024,2024,July,Friday,04:00 - 05:59,EMPIRE BAY,DR,0,Right on the spot,NUMBER 103,HN,EMPIRE BAY,349.0,No,Not a school zone,2-way undivided,-33.495914,151.353518,Central Coast,Country urban,Syd-Newc-Woll Gtr conurbation,Curved,Steep grade,,,On,Sealed,Dry,Fine,Darkness,Nil,No traffic controls,60 km/h,State,81,Off left/rt bnd=>obj,803,Off right bend into obj,Left,Vehicle - Object,Motorcycle,,1,0,1,0,0,7,July,Winter,Friday,04:00 - 05:59,Late night / early morning,False,False,True,True
1359681,Injury,Serious Injury,2024,2024,April,Tuesday,14:00 - 15:59,CARDINAL,ST,0,Right on the spot,NUMBER 10,HN,MOSMAN,,No,Not a school zone,2-way undivided,-33.824076,151.236638,Mosman,Sydney metro. area,Syd-Newc-Woll Gtr conurbation,Straight,,,,Nil,Sealed,Dry,Fine,Daylight,Nil,No traffic controls,50 km/h,Local,49,Other manoeuvring,400,Manov - other,,Other angle,Light truck,,2,0,1,0,0,4,April,Autumn,Tuesday,14:00 - 15:59,Midday / afternoon,False,False,True,True
1359683,Injury,Moderate Injury,2024,2024,July,Tuesday,10:00 - 11:59,HUME,HWY,0,Right on the spot,MACQUARIE,ST,LIVERPOOL,2.0,No,Not a school zone,X-intersection,-33.928701,150.917871,Liverpool,Sydney metro. area,Syd-Newc-Woll Gtr conurbation,Curved,,,,Off,Sealed,Dry,Fine,Daylight,On,No traffic controls,60 km/h,State,32,Right rear,303,Same - Rear right,,Rear end,4 wheel drive / SUV,Car (sedan/hatch),2,0,0,1,0,7,July,Winter,Tuesday,10:00 - 11:59,Midday / afternoon,False,False,True,True
1359684,Injury,Serious Injury,2024,2024,July,Thursday,00:01 - 01:59,HUME,HWY,0,Right on the spot,THE BOULEVARDE,MS,STRATHFIELD,2.0,No,Not a school zone,X-intersection,-33.887569,151.091467,Strathfield,Sydney metro. area,Syd-Newc-Woll Gtr conurbation,Curved,,,,On,Sealed,Dry,Fine,Darkness,On,No traffic controls,60 km/h,State,21,Right through,202,Opp - Right-thru,,Other angle,Car (sedan/hatch),Car (sedan/hatch),2,0,1,1,0,7,July,Winter,Thursday,00:01 - 01:59,Late night / early morning,False,False,True,True
1359685,Injury,Serious Injury,2024,2024,July,Saturday,00:01 - 01:59,CASTLEREAGH,HWY,0,Right on the spot,NUMBER 67,HN,CAPERTEE,18.0,No,Not a school zone,2-way undivided,-33.145454,149.98206,Lithgow,Country urban,Rest of NSW - Urban,Curved,Painted double centre lines,,,On,Sealed,Dry,Fine,Darkness,Nil,No traffic controls,50 km/h,State,85,Off rt/lft bnd=>obj,804,Off left bend into obj,Right,Vehicle - Object,Car (sedan/hatch),,1,0,1,0,0,7,July,Winter,Saturday,00:01 - 01:59,Late night / early morning,False,False,True,True
1359688,Injury,Serious Injury,2024,2024,July,Friday,10:00 - 11:59,MARY,ST,20,South,WRIGHT,LANE,SURRY HILLS,,No,Not a school zone,2-way undivided,-33.882021,151.210098,Sydney,Sydney metro. area,Syd-Newc-Woll Gtr conurbation,Straight,,,,On,Sealed,Dry,Fine,Daylight,Nil,No traffic controls,40 km/h,Local,90,Fell in/from vehicle,901,Fell in/from vehicle,,Person - Object,4 wheel drive / SUV,,1,0,1,0,0,7,July,Winter,Friday,10:00 - 11:59,Midday / afternoon,False,False,True,True
1359689,Injury,Moderate Injury,2024,2024,July,Sunday,08:00 - 09:59,TERRIGAL,DR,0,Right on the spot,BELLBIRD,DR,TERRIGAL,505.0,No,Not a school zone,Roundabout,-33.440036,151.433653,Central Coast,Country urban,Syd-Newc-Woll Gtr conurbation,Straight,,,,Off,Sealed,Dry,Fine,Daylight,Nil,Give way sign,60 km/h,State,10,Cross traffic,101,Adj - Cross traffic,,Right angle,Car (sedan/hatch),Pedal cycle,2,0,0,1,0,7,July,Winter,Sunday,08:00 - 09:59,AM peak / school commute,True,False,True,True
1359690,Injury,Moderate Injury,2024,2024,July,Sunday,14:00 - 15:59,EAST,ST,0,Right on the spot,UPPER,ST,BEGA,272.0,No,Not a school zone,T-junction,-36.677874,149.849198,Bega Valley,Country urban,Rest of NSW - Urban,Curved,,,,Off,Sealed,Dry,Fine,Daylight,Nil,Give way sign,60 km/h,Regional,14,2 right turning,105,Adj - Two right turning,,Right angle,Motorcycle,Car (sedan/hatch),2,0,0,1,0,7,July,Winter,Sunday,14:00 - 15:59,Midday / afternoon,False,False,True,True
1359691,Injury,Serious Injury,2024,2024,July,Friday,22:00 - Midnight,MACQUARIE,RD,0,Right on the spot,NUMBER 91,HN,CARDIFF,527.0,Yes,No,2-way undivided,-32.945924,151.657273,Lake Macquarie,Newcastle met. area,Syd-Newc-Woll Gtr conurbation,Straight,Steep grade,,,On,Sealed,Dry,Fine,Darkness,Nil,No traffic controls,60 km/h,State,71,Off rd left => obj,703,Left off cway into object,,Other angle,Car (sedan/hatch),Car (sedan/hatch),3,0,1,0,0,7,July,Winter,Friday,22:00 - Midnight,Evening / night,False,False,True,True