crash_id,degree_of_crash,degree_of_crash_-_detailed,reporting_year,year_of_crash,month_of_crash,day_of_week_of_crash,two-hour_intervals,street_of_crash,street_type,distance,direction,identifying_feature,identifying_feature_type,town,route_no.,school_zone_location,school_zone_active,type_of_location,latitude,longitude,lga,urbanisation,conurbation_1,alignment,primary_permanent_feature,primary_temporary_feature,primary_hazardous_feature,street_lighting,road_surface,surface_condition,weather,natural_lighting,signals_operation,other_traffic_control,speed_limit,road_classification_(admin),rum_-_code,rum_-_description,dca_-_code,dca_-_description,dca_supplement,first_impact_type,key_tu_type,other_tu_type,no._of_traffic_units_involved,no._killed,no._seriously_injured,no._moderately_injured,no._minor-other_injured,month_num,month_label,season,day_label,time_label,time_band,is_peak_commute,is_fatal,is_injury,is_casualty
1359692,Injury,Moderate Injury,2024,2024,June,Friday,10:00 - 11:59,RIVER,RD,0,Right on the spot,SHIRLEY,RD,WOLLSTONECRAFT,2070.0,No,Not a school zone,T-junction,-33.829117,151.198977,North Sydney,Sydney metro. area,Syd-Newc-Woll Gtr conurbation,Straight,,,,Nil,Sealed,Dry,Fine,Daylight,On,No traffic controls,50 km/h,Regional,30,Rear end,301,Same - Rear end,,Rear end,Car (sedan/hatch),4 wheel drive / SUV,3,0,0,1,0,6,June,Winter,Friday,10:00 - 11:59,Midday / afternoon,False,False,True,True
1359693,Injury,Minor/Other Injury,2024,2024,June,Tuesday,14:00 - 15:59,PRINCES,HWY,0,Right on the spot,GERTRUDE,ST,WOLLI CREEK,1.0,No,Not a school zone,T-junction,-33.93272,151.153395,Bayside,Sydney metro. area,Syd-Newc-Woll Gtr conurbation,Straight,,,,Off,Sealed,Dry,Fine,Daylight,On,No traffic controls,60 km/h,State,0,Ped nearside,1,Ped - Near side,,Vehicle - Pedestrian,Unknown motor vehicle,Pedestrian,2,0,0,0,1,6,June,Winter,Tuesday,14:00 - 15:59,Midday / afternoon,False,False,True,True
1359694,Injury,Serious Injury,2024,2024,June,Thursday,10:00 - 11:59,THE GRAND,PDE,10,South,BRUCE,ST,BRIGHTON-LE-SANDS,194.0,No,Not a school zone,T-junction,-33.958315,151.15772,Bayside,Sydney metro. area,Syd-Newc-Woll Gtr conurbation,Straight,,,,Off,Sealed,Dry,Fine,Daylight,Nil,Give way sign,60 km/h,State,74,On road-out of cont.,705,Out of control on cway,,Rollover,Motorcycle,,1,0,1,0,0,6,June,Winter,Thursday,10:00 - 11:59,Midday / afternoon,False,False,True,True
1359696,Injury,Serious Injury,2024,2024,August,Thursday,08:00 - 09:59,DALLEY,ST,0,Right on the spot,DIBBS,ST,EAST LISMORE,,No,Not a school zone,Roundabout,-28.821279,153.290987,Lismore,Country urban,Rest of NSW - Urban,Straight,Foot/cycle path/nature strip,,,Off,Sealed,Dry,Fine,Daylight,Nil,Give way sign,50 km/h,Local,48,From footpath,408,Manov - From footway,,Other angle,Pedal cycle,4 wheel drive / SUV,2,0,1,1,0,8,August,Winter,Thursday,08:00 - 09:59,AM peak / school commute,True,False,True,True
1359697,Injury,Moderate Injury,2024,2024,July,Tuesday,16:00 - 17:59,MT VIEW,RD,0,Right on the spot,STONEBRIDGE,DR,CESSNOCK,,Yes,No,T-junction,-32.830433,151.33858,Cessnock,Country urban,Rest of NSW - Urban,Straight,,,,Off,Sealed,Dry,Fine,Dusk,Nil,Give way sign,60 km/h,Local,16,Left near,107,Adj - Left-thru from right,,Right angle,4 wheel drive / SUV,Motorcycle,2,0,0,1,0,7,July,Winter,Tuesday,16:00 - 17:59,PM peak / evening commute,True,False,True,True
1359700,Injury,Minor/Other Injury,2024,2024,July,Saturday,18:00 - 19:59,BOTANY,RD,0,Right on the spot,MCEVOY,ST,ALEXANDRIA,170.0,No,Not a school zone,X-intersection,-33.901489,151.201136,Sydney,Sydney metro. area,Syd-Newc-Woll Gtr conurbation,Straight,,,,On,Sealed,Dry,Fine,Darkness,On,No right turn,50 km/h,State,21,Right through,202,Opp - Right-thru,,Other angle,Pedal cycle,Light truck,2,0,0,0,1,7,July,Winter,Saturday,18:00 - 19:59,PM peak / evening commute,True,False,True,True
1359703,Injury,Serious Injury,2024,2024,July,Thursday,14:00 - 15:59,EMMETTS FARM,RD,0,Right on the spot,RAMSAY,RD,ROSSMORE,,No,Not a school zone,T-junction,-33.924737,150.763016,Liverpool,Sydney metro. area,Syd-Newc-Woll Gtr conurbation,Straight,,,,Nil,Sealed,Dry,Fine,Daylight,Nil,Give way sign,70 km/h,Local,13,Right near,104,Adj - Right-thru from right,,Right angle,4 wheel drive / SUV,Motorcycle,2,0,1,0,0,7,July,Winter,Thursday,14:00 - 15:59,Midday / afternoon,False,False,True,True
1359705,Injury,Moderate Injury,2024,2024,May,Wednesday,12:00 - 13:59,FORRESTER,RD,0,Right on the spot,HATHERTON,RD,LETHBRIDGE PARK,7167.0,No,Not a school zone,T-junction,-33.737355,150.789982,Blacktown,Sydney metro. area,Syd-Newc-Woll Gtr conurbation,Straight,,,,Off,Sealed,Wet,Raining,Daylight,Nil,Give way sign,70 km/h,Regional,20,Head on,201,Opp - Head on,,Head-on,Large rigid,Car (sedan/hatch),2,0,0,1,0,5,May,Autumn,Wednesday,12:00 - 13:59,Midday / afternoon,False,False,True,True
1359707,Injury,Moderate Injury,2024,2024,August,Friday,12:00 - 13:59,PARKER,ST,50,North,ADAM,ST,COOTAMUNDRA,,No,Not a school zone,2-way undivided,-34.635066,148.027896,Cootamundra-Gundagai,Country urban,Rest of NSW - Urban,Straight,,,,Off,Sealed,Dry,Fine,Daylight,Nil,No traffic controls,50 km/h,Local,71,Off rd left => obj,703,Left off cway into object,,Vehicle - Object,4 wheel drive / SUV,,1,0,0,1,0,8,August,Winter,Friday,12:00 - 13:59,Midday / afternoon,False,False,True,True
1359710,Injury,Moderate Injury,2024,2024,July,Saturday,20:00 - 21:59,BOTANY,RD,0,Right on the spot,COLLINS,ST,BEACONSFIELD,170.0,No,Not a school zone,T-junction,-33.912663,151.201499,Sydney,Sydney metro. area,Syd-Newc-Woll Gtr conurbation,Straight,,,,On,Sealed,Dry,Fine,Darkness,On,No traffic controls,50 km/h,State,2,Ped far side,3,Ped - Far side,,Vehicle - Pedestrian,Utility,Pedestrian,3,0,0,1,1,7,July,Winter,Saturday,20:00 - 21:59,Evening / night,False,False,True,True
1359711,Injury,Serious Injury,2024,2024,May,Friday,18:00 - 19:59,OCEAN VIEW,RD,0,Right on the spot,WHITING,RD,ETTALONG BEACH,,No,Not a school zone,T-junction,-33.514478,151.339658,Central Coast,Country urban,Syd-Newc-Woll Gtr conurbation,Straight,,,,On,Sealed,Dry,Fine,Darkness,Nil,Give way sign,50 km/h,Local,10,Cross traffic,101,Adj - Cross traffic,,Right angle,Passenger van,Motorcycle,3,0,1,0,0,5,May,Autumn,Friday,18:00 - 19:59,PM peak / evening commute,True,False,True,True
1359714,Injury,Serious Injury,2024,2024,May,Friday,14:00 - 15:59,VICTORIA,RD,100,East,COBHAM,AVE,WEST RYDE,165.0,No,Not a school zone,Divided road,-33.806678,151.07257,Ryde,Sydney metro. area,Syd-Newc-Woll Gtr conurbation,Straight,Bus/transit lane,,,Nil,Sealed,Dry,Fine,Daylight,Nil,No traffic controls,70 km/h,State,30,Rear end,301,Same - Rear end,,Rear end,4 wheel drive / SUV,Motorcycle,2,0,1,0,0,5,May,Autumn,Friday,14:00 - 15:59,Midday / afternoon,False,False,True,True
1359716,Injury,Serious Injury,2024,2024,July,Tuesday,14:00 - 15:59,MITCHELL,HWY,1000,West,BENI,ST,WONGARBON,7.0,No,Not a school zone,2-way undivided,-32.328019,148.749339,Dubbo Regional,Country non-urban,Rest of NSW - Rural,Straight,Ditch/drain/culvert,,,Nil,Sealed,Dry,Fine,Daylight,Nil,No traffic controls,110 km/h,State,20,Head on,201,Opp - Head on,,Head-on,Light truck utility(from 2018),Light truck utility(from 2018),2,0,1,1,0,7,July,Winter,Tuesday,14:00 - 15:59,Midday / afternoon,False,False,True,True
1359717,Injury,Serious Injury,2024,2024,July,Sunday,14:00 - 15:59,MENANGLE,RD,1400,South,CAMDEN,RD,DOUGLAS PARK,179.0,No,Not a school zone,2-way undivided,-34.173667,150.699656,Wollondilly,Country urban,Syd-Newc-Woll Gtr conurbation,Curved,Crest,,Potholes/corrugations/rough,Nil,Sealed,Dry,Overcast,Daylight,Nil,No traffic controls,80 km/h,Regional,81,Off left/rt bnd=>obj,803,Off right bend into obj,Left,Vehicle - Object,Motorcycle,,1,0,1,0,0,7,July,Winter,Sunday,14:00 - 15:59,Midday / afternoon,False,False,True,True
1359719,Injury,Serious Injury,2024,2024,July,Thursday,14:00 - 15:59,LEUMEAH,RD,0,Right on the spot,SMITHS CREEK,BYPA,LEUMEAH,7190.0,No,Not a school zone,T-junction,-34.052015,150.838454,Campbelltown,Sydney metro. area,Syd-Newc-Woll Gtr conurbation,Curved,,,,Nil,Sealed,Dry,Fine,Daylight,Nil,Give way sign,60 km/h,Regional,16,Left near,107,Adj - Left-thru from right,,Right angle,Utility,Car (sedan/hatch),2,0,1,0,0,7,July,Winter,Thursday,14:00 - 15:59,Midday / afternoon,False,False,True,True
1359721,Injury,Moderate Injury,2024,2024,June,Friday,18:00 - 19:59,PACIFIC,HWY,130,South,SPLIT SOLITARY,RD,SAPPHIRE BEACH,10.0,No,Not a school zone,Other,-30.229015,153.147452,Coffs Harbour,Country urban,Rest of NSW - Urban,Straight,Steep grade,,,On,Sealed,Dry,Fine,Darkness,Nil,No traffic controls,60 km/h,State,71,Off rd left => obj,703,Left off cway into object,,Vehicle - Object,Car (sedan/hatch),,1,0,0,2,0,6,June,Winter,Friday,18:00 - 19:59,PM peak / evening commute,True,False,True,True
1359722,Injury,Moderate Injury,2024,2024,June,Thursday,12:00 - 13:59,FLORA,ST,145,West,MARSH,ST,ARNCLIFFE,7038.0,No,Not a school zone,2-way undivided,-33.935338,151.154009,Bayside,Sydney metro. area,Syd-Newc-Woll Gtr conurbation,Straight,,,,Off,Sealed,Dry,Fine,Daylight,Nil,No traffic controls,50 km/h,Regional,1,Ped emerging,2,Ped - emerging,,Vehicle - Pedestrian,4 wheel drive / SUV,Pedestrian,2,0,0,1,0,6,June,Winter,Thursday,12:00 - 13:59,Midday / afternoon,False,False,True,True
1359724,Injury,Moderate Injury,2024,2024,July,Friday,04:00 - 05:59,PACIFIC,HWY,0,Right on the spot,FIGTREE,BVD,WADALBA,10.0,No,Not a school zone,X-intersection,-33.262809,151.464678,Central Coast,Country urban,Syd-Newc-Woll Gtr conurbation,Straight,,,,On,Sealed,Dry,Fine,Dawn,On,No traffic controls,70 km/h,State,10,Cross traffic,101,Adj - Cross traffic,,Right angle,Light truck utility(from 2018),Car (sedan/hatch),2,0,0,1,0,7,July,Winter,Friday,04:00 - 05:59,Late night / early morning,False,False,True,True
1359726,Injury,Serious Injury,2024,2024,July,Friday,08:00 - 09:59,GOLDFIELDS,WAY,0,Right on the spot,OLYMPIC,HWY,OLD JUNEE,57.0,No,Not a school zone,X-intersection,-34.864694,147.500686,Junee,Country non-urban,Rest of NSW - Rural,Curved,,,,Nil,Sealed,Wet,Fog or mist,Daylight,Nil,Give way sign,100 km/h,State,10,Cross traffic,101,Adj - Cross traffic,,Right angle,Light truck utility(from 2018),Station wagon,2,0,1,0,0,7,July,Winter,Friday,08:00 - 09:59,AM peak / school commute,True,False,True,True
1359727,Injury,Minor/Other Injury,2024,2024,August,Friday,06:00 - 07:59,EDWIN LAND,PKWY,70,West,COOMA,ST,KARABAR,,No,Not a school zone,Divided road,-35.379163,149.235659,Queanbeyan-Palerang Regional,Country urban,Rest of NSW - Urban,Curved,,,,Off,Sealed,Dry,Fine,Daylight,Nil,No traffic controls,70 km/h,Local,81,Off left/rt bnd=>obj,803,Off right bend into obj,Left,Vehicle - Object,Car (sedan/hatch),,1,0,0,0,1,8,August,Winter,Friday,06:00 - 07:59,AM peak / school commute,True,False,True,True
1359729,Injury,Serious Injury,2024,2024,August,Tuesday,12:00 - 13:59,EDMONDSON,AVE,0,Right on the spot,ELEVENTH,AVE,AUSTRAL,2126.0,No,Not a school zone,X-intersection,-33.930246,150.812613,Liverpool,Sydney metro. area,Syd-Newc-Woll Gtr conurbation,Straight,,,,Nil,Sealed,Dry,Fine,Daylight,Nil,Give way sign,60 km/h,Regional,10,Cross traffic,101,Adj - Cross traffic,,Right angle,4 wheel drive / SUV,Light truck,2,0,1,1,0,8,August,Winter,Tuesday,12:00 - 13:59,Midday / afternoon,False,False,True,True
1359732,Injury,Moderate Injury,2024,2024,August,Thursday,10:00 - 11:59,WENTWORTH,AVE,0,Right on the spot,PAGE,ST,PAGEWOOD,344.0,No,Not a school zone,X-intersection,-33.940678,151.215377,Bayside,Sydney metro. area,Syd-Newc-Woll Gtr conurbation,Straight,,,,Nil,Sealed,Dry,Fine,Daylight,On,No right turn,70 km/h,State,21,Right through,202,Opp - Right-thru,,Other angle,Car (sedan/hatch),4 wheel drive / SUV,3,0,0,1,0,8,August,Winter,Thursday,10:00 - 11:59,Midday / afternoon,False,False,True,True
1359733,Injury,Moderate Injury,2024,2024,July,Thursday,12:00 - 13:59,NEWELL,HWY,0,Right on the spot,BAIRSTOWS,LANE,GILGANDRA,17.0,No,Not a school zone,T-junction,-31.818477,148.639101,Gilgandra,Country urban,Rest of NSW - Urban,Straight,,Roadwks/Detour/Diverson,,Off,Sealed,Dry,Fine,Daylight,On,No traffic controls,60 km/h,State,30,Rear end,301,Same - Rear end,,Rear end,4 wheel drive / SUV,Light truck utility(from 2018),2,0,0,1,1,7,July,Winter,Thursday,12:00 - 13:59,Midday / afternoon,False,False,True,True
1359736,Injury,Serious Injury,2024,2024,August,Monday,08:00 - 09:59,RIVERINA,HWY,0,Right on the spot,BALU,CT,WEST ALBURY,20.0,No,Not a school zone,T-junction,-36.07945,146.889664,Albury,Country urban,Rest of NSW - Urban,Straight,,,,Off,Sealed,Wet,Fine,Daylight,Nil,No traffic controls,60 km/h,State,71,Off rd left => obj,703,Left off cway into object,,Vehicle - Object,4 wheel drive / SUV,,1,0,1,0,0,8,August,Winter,Monday,08:00 - 09:59,AM peak / school commute,True,False,True,True
1359737,Injury,Serious Injury,2024,2024,July,Friday,14:00 - 15:59,BALMORAL,ST,0,Right on the spot,RICHMOND,RD,BLACKTOWN,683.0,No,Not a school zone,X-intersection,-33.766834,150.905173,Blacktown,Sydney metro. area,Syd-Newc-Woll Gtr conurbation,Curved,Steep grade,,,Nil,Sealed,Dry,Fine,Daylight,On,No traffic controls,60 km/h,State,30,Rear end,301,Same - Rear end,,Rear end,Light truck utility(from 2018),Car (sedan/hatch),3,0,1,0,0,7,July,Winter,Friday,14:00 - 15:59,Midday / afternoon,False,False,True,True
1359738,Injury,Serious Injury,2024,2024,July,Saturday,14:00 - 15:59,OLD BELLS LINE OF,RD,500,North,CHIFLEY,RD,CLARENCE,,No,Not a school zone,2-way undivided,-33.473177,150.225589,Lithgow,Country non-urban,Rest of NSW - Rural,Curved,Steep grade,,,Nil,Unsealed,Wet,Fine,Daylight,Nil,No traffic controls,100 km/h,Local,85,Off rt/lft bnd=>obj,804,Off left bend into obj,Right,Vehicle - Object,Quad bike,,1,0,1,0,0,7,July,Winter,Saturday,14:00 - 15:59,Midday / afternoon,False,False,True,True
1359739,Injury,Serious Injury,2024,2024,August,Thursday,06:00 - 07:59,SHERBROOK,RD,0,Right on the spot,NUMBER 17--21,HN,HORNSBY,7245.0,No,Not a school zone,2-way undivided,-33.703848,151.106121,Hornsby,Sydney metro. area,Syd-Newc-Woll Gtr conurbation,Straight,Driveway/entrance,,,Off,Sealed,Dry,Fine,Daylight,Nil,No traffic controls,50 km/h,Regional,47,Emerging from drive,406,Manov - Emerging from driveway,,Right angle,Car (sedan/hatch),4 wheel drive / SUV,2,0,1,1,0,8,August,Winter,Thursday,06:00 - 07:59,AM peak / school commute,True,False,True,True
1359746,Injury,Serious Injury,2024,2024,August,Saturday,08:00 - 09:59,CENTRAL COAST,HWY,0,Right on the spot,NUMBER 226,HN,LONG JETTY,30.0,No,Not a school zone,2-way undivided,-33.353089,151.489506,Central Coast,Country urban,Syd-Newc-Woll Gtr conurbation,Straight,Driveway/entrance,,,Off,Sealed,Dry,Fine,Daylight,Nil,No traffic controls,50 km/h,State,32,Right rear,303,Same - Rear right,,Rear end,4 wheel drive / SUV,Car (sedan/hatch),3,0,1,0,0,8,August,Winter,Saturday,08:00 - 09:59,AM peak / school commute,True,False,True,True
1359748,Injury,Serious Injury,2024,2024,August,Sunday,06:00 - 07:59,MULGOA,RD,800,North,PARK,RD,WALLACIA,155.0,No,Not a school zone,2-way undivided,-33.858926,150.644546,Penrith,Sydney metro. area,Syd-Newc-Woll Gtr conurbation,Curved,Painted double centre lines,,,Nil,Sealed,Dry,Fine,Daylight,Nil,No traffic controls,80 km/h,State,20,Head on,201,Opp - Head on,,Head-on,Car (sedan/hatch),Car (sedan/hatch),2,0,1,0,0,8,August,Winter,Sunday,06:00 - 07:59,AM peak / school commute,True,False,True,True
1359749,Injury,Minor/Other Injury,2024,2024,July,Wednesday,16:00 - 17:59,SHAW,ST,200,West,BEXLEY,RD,BEXLEY NORTH,,No,Not a school zone,2-way undivided,-33.93835,151.112036,Bayside,Sydney metro. area,Syd-Newc-Woll Gtr conurbation,Straight,,,,Off,Sealed,Dry,Fine,Daylight,Nil,No traffic controls,50 km/h,Local,0,Ped nearside,1,Ped - Near side,,Vehicle - Pedestrian,Light truck,Pedestrian,2,0,0,0,1,7,July,Winter,Wednesday,16:00 - 17:59,PM peak / evening commute,True,False,True,True
1359751,Injury,Moderate Injury,2024,2024,July,Wednesday,16:00 - 17:59,BARNSTAPLE,RD,0,Right on the spot,DALMENY,AVE,RUSSELL LEA,,No,Not a school zone,X-intersection,-33.863623,151.140038,Canada Bay,Sydney metro. area,Syd-Newc-Woll Gtr conurbation,Straight,,,,On,Sealed,Dry,Fine,Darkness,Nil,Give way sign,50 km/h,Local,24,Right/right,204,Opp - Right-right,,Other angle,Car (sedan/hatch),Pedal cycle,2,0,0,1,0,7,July,Winter,Wednesday,16:00 - 17:59,PM peak / evening commute,True,False,True,True
1359753,Injury,Moderate Injury,2024,2024,June,Wednesday,10:00 - 11:59,BOUNDARY,RD,0,Right on the spot,MARTIN,PL,MORTDALE,7006.0,No,Not a school zone,T-junction,-33.972237,151.075398,Georges River,Sydney metro. area,Syd-Newc-Woll Gtr conurbation,Straight,,,,Off,Sealed,Dry,Fine,Daylight,Nil,No traffic controls,50 km/h,Regional,30,Rear end,301,Same - Rear end,,Rear end,Unknown motor vehicle,Motorcycle,2,0,0,1,0,6,June,Winter,Wednesday,10:00 - 11:59,Midday / afternoon,False,False,True,True
1359755,Injury,Minor/Other Injury,2024,2024,August,Sunday,20:00 - 21:59,OXFORD,ST,20,East,MONCUR,ST,WOOLLAHRA,172.0,No,Not a school zone,Divided road,-33.8906,151.237963,Woollahra,Sydney metro. area,Syd-Newc-Woll Gtr conurbation,Straight,,,,On,Sealed,Dry,Fine,Darkness,Nil,No traffic controls,60 km/h,State,33,Lane sideswipe,305,Same - Lane side swipe,,Other angle,Car (sedan/hatch),Motor scooter,2,0,0,0,1,8,August,Winter,Sunday,20:00 - 21:59,Evening / night,False,False,True,True
1359756,Injury,Minor/Other Injury,2024,2024,August,Saturday,02:00 - 03:59,GREAT WESTERN,HWY,200,West,ARTHUR,ST,WOODFORD,5.0,No,Not a school zone,Divided road,-33.733393,150.469939,Blue Mountains,Country urban,Syd-Newc-Woll Gtr conurbation,Curved,Other bridge,,,On,Sealed,Dry,Fine,Darkness,Nil,No traffic controls,80 km/h,State,81,Off left/rt bnd=>obj,803,Off right bend into obj,Left,Vehicle - Object,Light truck utility(from 2018),,1,0,0,0,1,8,August,Winter,Saturday,02:00 - 03:59,Late night / early morning,False,False,True,True
1359767,Injury,Moderate Injury,2024,2024,May,Friday,00:01 - 01:59,COBB,HWY,5000,North,WALLISTON,RD,DENILIQUIN,21.0,No,Not a school zone,2-way undivided,-35.661893,144.910286,Murray River,Country non-urban,Rest of NSW - Rural,Straight,,,Loose gravel shoulder,Nil,Sealed,Dry,Fog or mist,Darkness,Nil,No traffic controls,100 km/h,State,73,Off rd rght => obj,704,Right off cway into obj,,Vehicle - Object,Light truck utility(from 2018),,1,0,0,1,0,5,May,Autumn,Friday,00:01 - 01:59,Late night / early morning,False,False,True,True
1359768,Injury,Minor/Other Injury,2024,2024,July,Sunday,14:00 - 15:59,WHARF,ST,0,Right on the spot,TWEED MALL,ENT,TWEED HEADS,7733.0,No,Not a school zone,2-way undivided,-28.172728,153.543136,Tweed,Country urban,Rest of NSW - Urban,Straight,Foot/cycle path/nature strip,,,Nil,Sealed,Dry,Fine,Daylight,Nil,No traffic controls,50 km/h,Regional,47,Emerging from drive,406,Manov - Emerging from driveway,,Right angle,4 wheel drive / SUV,Pedal cycle,2,0,0,0,1,7,July,Winter,Sunday,14:00 - 15:59,Midday / afternoon,False,False,True,True
1359770,Injury,Serious Injury,2024,2024,August,Monday,12:00 - 13:59,SUNNYHOLT,RD,0,Right on the spot,FIFTH,AVE,BLACKTOWN,642.0,No,Not a school zone,X-intersection,-33.763693,150.913072,Blacktown,Sydney metro. area,Syd-Newc-Woll Gtr conurbation,Straight,,,,Off,Sealed,Dry,Fine,Daylight,On,No traffic controls,70 km/h,State,21,Right through,202,Opp - Right-thru,,Other angle,Car (sedan/hatch),Car (sedan/hatch),2,0,1,0,1,8,August,Winter,Monday,12:00 - 13:59,Midday / afternoon,False,False,True,True
1359772,Injury,Moderate Injury,2024,2024,July,Saturday,08:00 - 09:59,SNOWY MOUNTAINS,HWY,250,North,MIDDLINGBANK,RD,RHINE FALLS,4.0,No,Not a school zone,2-way undivided,-36.157632,148.879301,Snowy Monaro Regional,Country non-urban,Rest of NSW - Rural,Curved,Steep grade,,Other hazardous feature,Nil,Sealed,Wet,Fog or mist,Daylight,Nil,No traffic controls,100 km/h,State,20,Head on,201,Opp - Head on,,Head-on,Car (sedan/hatch),Light truck utility(from 2018),2,0,0,2,0,7,July,Winter,Saturday,08:00 - 09:59,AM peak / school commute,True,False,True,True
1359773,Injury,Serious Injury,2024,2024,August,Friday,16:00 - 17:59,MITCHELL,HWY,50,East,BOURKE,ST,DUBBO,7.0,No,Not a school zone,Divided road,-32.254257,148.608621,Dubbo Regional,Country urban,Rest of NSW - Urban,Straight,,,,Nil,Sealed,Dry,Fine,Daylight,Nil,No traffic controls,60 km/h,State,30,Rear end,301,Same - Rear end,,Rear end,Car (sedan/hatch),4 wheel drive / SUV,2,0,1,1,0,8,August,Winter,Friday,16:00 - 17:59,PM peak / evening commute,True,False,True,True
1359776,Injury,Serious Injury,2024,2024,June,Monday,06:00 - 07:59,NEW SOUTH HEAD,RD,0,Right on the spot,KNOX,ST,DOUBLE BAY,173.0,No,Not a school zone,T-junction,-33.877495,151.243498,Woollahra,Sydney metro. area,Syd-Newc-Woll Gtr conurbation,Straight,,,,On,Sealed,Dry,Fine,Dawn,On,No traffic controls,60 km/h,State,81,Off left/rt bnd=>obj,707,Right turn,Left,Vehicle - Object,Passenger van,,1,0,1,0,0,6,June,Winter,Monday,06:00 - 07:59,AM peak / school commute,True,False,True,True
1359777,Injury,Moderate Injury,2024,2024,August,Friday,18:00 - 19:59,PEEL,ST,80,North,DARLING,ST,TAMWORTH,63.0,No,Not a school zone,2-way undivided,-31.086257,150.925748,Tamworth Regional,Country urban,Rest of NSW - Urban,Straight,,,,On,Sealed,Dry,Fine,Darkness,Nil,No traffic controls,60 km/h,State,30,Rear end,301,Same - Rear end,,Rear end,Car (sedan/hatch),Car (sedan/hatch),3,0,0,2,0,8,August,Winter,Friday,18:00 - 19:59,PM peak / evening commute,True,False,True,True
1359778,Injury,Minor/Other Injury,2024,2024,July,Sunday,12:00 - 13:59,MCMAHON,DR,20,West,MAJARA,ST,BUNGENDORE,,No,Not a school zone,2-way undivided,-35.249885,149.448751,Queanbeyan-Palerang Regional,Country urban,Rest of NSW - Urban,Straight,,,,Nil,Sealed,Dry,Fine,Daylight,Nil,No traffic controls,50 km/h,Local,71,Off rd left => obj,703,Left off cway into object,,Vehicle - Object,Light truck utility(from 2018),,1,0,0,0,1,7,July,Winter,Sunday,12:00 - 13:59,Midday / afternoon,False,False,True,True
1359780,Injury,Serious Injury,2024,2024,August,Wednesday,14:00 - 15:59,AMY,ST,95,West,KITCHENER,AVE,REGENTS PARK,7105.0,Yes,No,2-way undivided,-33.883647,151.024289,Cumberland,Sydney metro. area,Syd-Newc-Woll Gtr conurbation,Curved,,,,Off,Sealed,Dry,Fine,Daylight,Nil,Ped crossing,50 km/h,Regional,2,Ped far side,3,Ped - Far side,,Vehicle - Pedestrian,Unknown motor vehicle,Ped in toy vehicle,2,0,1,0,0,8,August,Winter,Wednesday,14:00 - 15:59,Midday / afternoon,False,False,True,True
1359781,Injury,Serious Injury,2024,2024,August,Friday,16:00 - 17:59,GLEBE,RD,0,Right on the spot,WOOD,ST,ADAMSTOWN,188.0,No,Not a school zone,T-junction,-32.933594,151.721558,Newcastle,Newcastle met. area,Syd-Newc-Woll Gtr conurbation,Straight,,,,Off,Sealed,Dry,Fine,Daylight,Nil,No traffic controls,60 km/h,Regional,21,Right through,202,Opp - Right-thru,,Other angle,4 wheel drive / SUV,4 wheel drive / SUV,2,0,1,0,0,8,August,Winter,Friday,16:00 - 17:59,PM peak / evening commute,True,False,True,True
1359782,Injury,Serious Injury,2024,2024,July,Friday,06:00 - 07:59,GREAT WESTERN,HWY,0,Right on the spot,SAN JOSE,AVE,LAWSON,5.0,No,Not a school zone,T-junction,-33.718579,150.43149,Blue Mountains,Country urban,Syd-Newc-Woll Gtr conurbation,Curved,Steep grade,,,Off,Sealed,Dry,Fine,Daylight,On,No traffic controls,70 km/h,State,30,Rear end,301,Same - Rear end,,Rear end,Car (sedan/hatch),Light truck utility(from 2018),2,0,1,0,0,7,July,Winter,Friday,06:00 - 07:59,AM peak / school commute,True,False,True,True
1359784,Injury,Serious Injury,2024,2024,July,Tuesday,14:00 - 15:59,NELSON,ST,0,Right on the spot,WARE,ST,FAIRFIELD,,No,Not a school zone,T-junction,-33.869204,150.954137,Fairfield,Sydney metro. area,Syd-Newc-Woll Gtr conurbation,Curved,,,,Off,Sealed,Dry,Fine,Daylight,On,Ped crossing,40 km/h,Local,2,Ped far side,3,Ped - Far side,,Vehicle - Pedestrian,Car (sedan/hatch),Pedestrian,2,0,1,0,0,7,July,Winter,Tuesday,14:00 - 15:59,Midday / afternoon,False,False,True,True
1359785,Injury,Moderate Injury,2024,2024,June,Thursday,18:00 - 19:59,M7 WESTLINK,EXP,100,South,WOODSTOCK AVENUE,OP,ROOTY HILL,6009.0,No,Not a school zone,Dual freeway,-33.761492,150.846722,Blacktown,Sydney metro. area,Syd-Newc-Woll Gtr conurbation,Straight,,,,On,Sealed,Wet,Fine,Darkness,Nil,No traffic controls,100 km/h,State,30,Rear end,301,Same - Rear end,,Rear end,Light truck,Large rigid,2,0,0,1,0,6,June,Winter,Thursday,18:00 - 19:59,PM peak / evening commute,True,False,True,True
1359787,Injury,Serious Injury,2024,2024,July,Sunday,10:00 - 11:59,THE WOOL,RD,100,South,NAVAL COLLEGE,RD,WORROWING HEIGHTS,7631.0,No,Not a school zone,2-way undivided,-35.078907,150.656624,Shoalhaven,Country urban,Rest of NSW - Urban,Curved,,,,Nil,Sealed,Dry,Fine,Daylight,Nil,No traffic controls,60 km/h,Regional,30,Rear end,301,Same - Rear end,,Rear end,4 wheel drive / SUV,4 wheel drive / SUV,2,0,1,0,0,7,July,Winter,Sunday,10:00 - 11:59,Midday / afternoon,False,False,True,True
1359794,Injury,Moderate Injury,2024,2024,July,Saturday,12:00 - 13:59,HECTOR,ST,10,South,WELLINGTON,RD,CHESTER HILL,7101.0,No,Not a school zone,T-junction,-33.884905,151.006561,Canterbury-Bankstown,Sydney metro. area,Syd-Newc-Woll Gtr conurbation,Straight,,,,Off,Sealed,Dry,Fine,Daylight,Nil,Stop sign,60 km/h,Regional,30,Rear end,301,Same - Rear end,,Rear end,Car (sedan/hatch),Car (sedan/hatch),3,0,0,1,0,7,July,Winter,Saturday,12:00 - 13:59,Midday / afternoon,False,False,True,True