crash_id,degree_of_crash,degree_of_crash_-_detailed,reporting_year,year_of_crash,month_of_crash,day_of_week_of_crash,two-hour_intervals,street_of_crash,street_type,distance,direction,identifying_feature,identifying_feature_type,town,route_no.,school_zone_location,school_zone_active,type_of_location,latitude,longitude,lga,urbanisation,conurbation_1,alignment,primary_permanent_feature,primary_temporary_feature,primary_hazardous_feature,street_lighting,road_surface,surface_condition,weather,natural_lighting,signals_operation,other_traffic_control,speed_limit,road_classification_(admin),rum_-_code,rum_-_description,dca_-_code,dca_-_description,dca_supplement,first_impact_type,key_tu_type,other_tu_type,no._of_traffic_units_involved,no._killed,no._seriously_injured,no._moderately_injured,no._minor-other_injured,month_num,month_label,season,day_label,time_label,time_band,is_peak_commute,is_fatal,is_injury,is_casualty
1359795,Injury,Moderate Injury,2024,2024,July,Wednesday,16:00 - 17:59,CANTERBURY,RD,0,Right on the spot,TUDOR,ST,CAMPSIE,167.0,No,Not a school zone,T-junction,-33.920779,151.098222,Canterbury-Bankstown,Sydney metro. area,Syd-Newc-Woll Gtr conurbation,Straight,,,,Nil,Sealed,Dry,Fine,Daylight,Nil,Give way sign,60 km/h,State,13,Right near,104,Adj - Right-thru from right,,Right angle,4 wheel drive / SUV,4 wheel drive / SUV,2,0,0,1,0,7,July,Winter,Wednesday,16:00 - 17:59,PM peak / evening commute,True,False,True,True
1359797,Injury,Moderate Injury,2024,2024,August,Sunday,14:00 - 15:59,WAMBIANNA,RD,19600,West,TRANGIE-COLLIE,RD,GIN GIN,,No,Not a school zone,2-way undivided,-31.789437,147.961423,Warren,Country urban,Rest of NSW - Urban,Curved,Embankment/cutting,,,Nil,Unsealed,Dry,Fine,Daylight,Nil,No traffic controls,80 km/h,Local,81,Off left/rt bnd=>obj,803,Off right bend into obj,Left,Vehicle - Object,Light truck utility(from 2018),,1,0,0,1,0,8,August,Winter,Sunday,14:00 - 15:59,Midday / afternoon,False,False,True,True
1359800,Injury,Serious Injury,2024,2024,August,Monday,08:00 - 09:59,THE RIDGEWAY,MS,200,West,TAPLEY,RD,LISAROW,,No,Not a school zone,2-way undivided,-33.390121,151.384904,Central Coast,Country urban,Syd-Newc-Woll Gtr conurbation,Curved,Painted double centre lines,,,Off,Sealed,Wet,Raining,Daylight,Nil,No traffic controls,60 km/h,Local,20,Head on,201,Opp - Head on,,Head-on,4 wheel drive / SUV,4 wheel drive / SUV,2,0,1,1,0,8,August,Winter,Monday,08:00 - 09:59,AM peak / school commute,True,False,True,True
1359803,Injury,Serious Injury,2024,2024,August,Thursday,06:00 - 07:59,PEMBROKE,RD,0,Right on the spot,O'SULLIVAN,RD,LEUMEAH,680.0,No,Not a school zone,Roundabout,-34.053486,150.830082,Campbelltown,Sydney metro. area,Syd-Newc-Woll Gtr conurbation,Straight,,,,Off,Sealed,Dry,Fine,Daylight,Nil,Give way sign,60 km/h,State,30,Rear end,301,Same - Rear end,,Rear end,Light truck utility(from 2018),Pedal cycle,2,0,1,0,0,8,August,Winter,Thursday,06:00 - 07:59,AM peak / school commute,True,False,True,True
1359804,Injury,Moderate Injury,2024,2024,July,Thursday,16:00 - 17:59,DEVON,ST,0,Right on the spot,NELSON,ST,WALLSEND,,No,Not a school zone,X-intersection,-32.899277,151.666626,Newcastle,Newcastle met. area,Syd-Newc-Woll Gtr conurbation,Straight,Steep grade,,,On,Sealed,Dry,Fine,Dusk,Nil,Stop sign,50 km/h,Local,10,Cross traffic,101,Adj - Cross traffic,,Right angle,Station wagon,4 wheel drive / SUV,2,0,0,1,0,7,July,Winter,Thursday,16:00 - 17:59,PM peak / evening commute,True,False,True,True
1359805,Injury,Serious Injury,2024,2024,June,Monday,02:00 - 03:59,WENTWORTH,AVE,20,West,BAY,ST,PAGEWOOD,344.0,No,Not a school zone,Divided road,-33.939463,151.214329,Bayside,Sydney metro. area,Syd-Newc-Woll Gtr conurbation,Straight,,,,Off,Sealed,Dry,Fine,Darkness,Nil,No traffic controls,70 km/h,State,30,Rear end,301,Same - Rear end,,Rear end,Motorcycle,Car (sedan/hatch),3,0,1,0,1,6,June,Winter,Monday,02:00 - 03:59,Late night / early morning,False,False,True,True
1359806,Injury,Serious Injury,2024,2024,August,Thursday,16:00 - 17:59,COMBOYNE,RD,2500,North,JONES,RD,BYABARRA,7743.0,No,Not a school zone,2-way undivided,-31.509939,152.579838,Port Macquarie-Hastings,Country non-urban,Rest of NSW - Rural,Curved,Embankment/cutting,,,Nil,Sealed,Dry,Fine,Dusk,Nil,No traffic controls,100 km/h,Regional,85,Off rt/lft bnd=>obj,804,Off left bend into obj,Right,Vehicle - Object,Car (sedan/hatch),,1,0,1,1,0,8,August,Winter,Thursday,16:00 - 17:59,PM peak / evening commute,True,False,True,True
1359809,Injury,Moderate Injury,2024,2024,August,Sunday,14:00 - 15:59,SOUTHERN,EXP,0,Right on the spot,PRINCES HIGHWAY,TO,MANGERTON,6006.0,No,Not a school zone,Dual freeway,-34.431322,150.867869,Wollongong,Wollongong met. area,Syd-Newc-Woll Gtr conurbation,Straight,,,,Off,Sealed,Dry,Fine,Daylight,Nil,No traffic controls,100 km/h,State,30,Rear end,301,Same - Rear end,,Rear end,Light truck utility(from 2018),Light truck utility(from 2018),3,0,0,2,0,8,August,Winter,Sunday,14:00 - 15:59,Midday / afternoon,False,False,True,True
1359810,Injury,Serious Injury,2024,2024,August,Sunday,14:00 - 15:59,RENSHAW MCGIRR,WAY,1000,West,THOMAS,RD,YEOVAL,233.0,No,Not a school zone,2-way undivided,-32.798243,148.572036,Cabonne,Country non-urban,Rest of NSW - Rural,Straight,Ditch/drain/culvert,,,Nil,Sealed,Dry,Fine,Daylight,Nil,No traffic controls,100 km/h,Regional,71,Off rd left => obj,703,Left off cway into object,,Vehicle - Object,Light truck utility(from 2018),,1,0,2,0,0,8,August,Winter,Sunday,14:00 - 15:59,Midday / afternoon,False,False,True,True
1359812,Injury,Serious Injury,2024,2024,July,Saturday,14:00 - 15:59,PRINCES,HWY,0,Right on the spot,WONIORA,RD,BLAKEHURST,1.0,No,Not a school zone,T-junction,-33.983295,151.114422,Georges River,Sydney metro. area,Syd-Newc-Woll Gtr conurbation,Straight,,,,Off,Sealed,Dry,Fine,Daylight,Nil,No traffic controls,70 km/h,State,21,Right through,202,Opp - Right-thru,,Other angle,Car (sedan/hatch),Motorcycle,2,0,1,0,0,7,July,Winter,Saturday,14:00 - 15:59,Midday / afternoon,False,False,True,True
1359815,Injury,Moderate Injury,2024,2024,July,Monday,10:00 - 11:59,CUMBERLAND,HWY,50,East,ADDERTON,RD,CARLINGFORD,13.0,No,Not a school zone,2-way undivided,-33.784239,151.04411,Parramatta,Sydney metro. area,Syd-Newc-Woll Gtr conurbation,Curved,,,,Off,Sealed,Dry,Fine,Daylight,Nil,No traffic controls,60 km/h,State,30,Rear end,301,Same - Rear end,,Rear end,Unknown motor vehicle,Car (sedan/hatch),3,0,0,2,0,7,July,Winter,Monday,10:00 - 11:59,Midday / afternoon,False,False,True,True
1359816,Injury,Serious Injury,2024,2024,July,Tuesday,04:00 - 05:59,CASTLEREAGH,RD,0,Right on the spot,LUGARD,ST,PENRITH,630.0,No,Not a school zone,T-junction,-33.734681,150.693632,Penrith,Sydney metro. area,Syd-Newc-Woll Gtr conurbation,Straight,,,,Off,Sealed,Dry,Fine,Dawn,On,No traffic controls,60 km/h,State,74,On road-out of cont.,705,Out of control on cway,,Rollover,Motorcycle,,1,0,1,0,0,7,July,Winter,Tuesday,04:00 - 05:59,Late night / early morning,False,False,True,True
1359817,Injury,Minor/Other Injury,2024,2024,August,Friday,14:00 - 15:59,PAUL,ST,0,Right on the spot,WALKER,ST,MAITLAND,,No,Not a school zone,T-junction,-32.739637,151.552492,Maitland,Country urban,Rest of NSW - Urban,Straight,,,,Nil,Sealed,Dry,Fine,Daylight,Nil,No traffic controls,50 km/h,Local,10,Cross traffic,101,Adj - Cross traffic,,Right angle,Motorised push scooters,Passenger van,2,0,0,0,1,8,August,Winter,Friday,14:00 - 15:59,Midday / afternoon,False,False,True,True
1359819,Injury,Serious Injury,2024,2024,July,Tuesday,16:00 - 17:59,ORAN PARK,DR,300,West,HARRINGTON,PKWY,HARRINGTON PARK,,No,Not a school zone,Divided road,-34.015339,150.743114,Camden,Sydney metro. area,Syd-Newc-Woll Gtr conurbation,Straight,,,,Off,Sealed,Dry,Fine,Daylight,Nil,No traffic controls,60 km/h,Local,62,Accident,603,On path - Previous accident,,Other angle,4 wheel drive / SUV,Car (sedan/hatch),2,0,2,0,0,7,July,Winter,Tuesday,16:00 - 17:59,PM peak / evening commute,True,False,True,True
1359825,Injury,Minor/Other Injury,2024,2024,July,Saturday,00:01 - 01:59,AUBURN,ST,0,Right on the spot,FLORA,ST,SUTHERLAND,,No,Not a school zone,X-intersection,-34.032829,151.064946,Sutherland,Sydney metro. area,Syd-Newc-Woll Gtr conurbation,Straight,,,,Nil,Sealed,Dry,Fine,Darkness,Nil,Stop sign,50 km/h,Local,10,Cross traffic,101,Adj - Cross traffic,,Right angle,Car (sedan/hatch),4 wheel drive / SUV,4,0,0,0,2,7,July,Winter,Saturday,00:01 - 01:59,Late night / early morning,False,False,True,True
1359826,Injury,Moderate Injury,2024,2024,August,Thursday,14:00 - 15:59,MILLER,ST,0,Right on the spot,THE BOULEVARDE,MS,CAMMERAY,599.0,No,Not a school zone,T-junction,-33.818161,151.21265,North Sydney,Sydney metro. area,Syd-Newc-Woll Gtr conurbation,Curved,,,,Nil,Sealed,Wet,Raining,Daylight,Nil,No traffic controls,50 km/h,State,20,Head on,201,Opp - Head on,,Head-on,Car (sedan/hatch),Light truck utility(from 2018),2,0,0,1,0,8,August,Winter,Thursday,14:00 - 15:59,Midday / afternoon,False,False,True,True
1359829,Injury,Moderate Injury,2024,2024,August,Tuesday,08:00 - 09:59,NELSON BAY,RD,2000,North,SEASIDE,BVD,FULLERTON COVE,108.0,No,Not a school zone,2-way undivided,-32.849459,151.822578,Port Stephens,Country non-urban,Rest of NSW - Rural,Straight,,,,Nil,Sealed,Wet,Raining,Daylight,Nil,No traffic controls,100 km/h,State,30,Rear end,301,Same - Rear end,,Rear end,4 wheel drive / SUV,Car (sedan/hatch),2,0,0,3,0,8,August,Winter,Tuesday,08:00 - 09:59,AM peak / school commute,True,False,True,True
1359830,Injury,Moderate Injury,2024,2024,August,Sunday,18:00 - 19:59,MCEVOY,ST,10,East,STOKES,AVE,ALEXANDRIA,528.0,No,Not a school zone,T-junction,-33.902397,151.197565,Sydney,Sydney metro. area,Syd-Newc-Woll Gtr conurbation,Straight,,,,On,Sealed,Dry,Fine,Dusk,Nil,No traffic controls,50 km/h,State,71,Off rd left => obj,703,Left off cway into object,,Other angle,Light truck utility(from 2018),4 wheel drive / SUV,2,0,0,1,0,8,August,Winter,Sunday,18:00 - 19:59,PM peak / evening commute,True,False,True,True
1359834,Injury,Minor/Other Injury,2024,2024,July,Monday,10:00 - 11:59,OLD WINDSOR,RD,0,Right on the spot,SEVEN HILLS,RD,SEVEN HILLS,635.0,No,Not a school zone,X-intersection,-33.75851,150.955337,Blacktown,Sydney metro. area,Syd-Newc-Woll Gtr conurbation,Straight,,,,Off,Sealed,Dry,Fine,Daylight,Off,Stop sign,80 km/h,State,30,Rear end,301,Same - Rear end,,Rear end,Car (sedan/hatch),Station wagon,2,0,0,0,1,7,July,Winter,Monday,10:00 - 11:59,Midday / afternoon,False,False,True,True
1359835,Injury,Minor/Other Injury,2024,2024,August,Friday,22:00 - Midnight,ARMIDALE,RD,700,South,ELLANDGROVE,RD,ELLAND,74.0,No,Not a school zone,2-way undivided,-29.75748,152.928921,Clarence Valley,Country urban,Rest of NSW - Urban,Curved,,Police pursuit,,Nil,Sealed,Dry,Fine,Darkness,Nil,No traffic controls,80 km/h,Regional,85,Off rt/lft bnd=>obj,804,Off left bend into obj,Right,Vehicle - Object,Car (sedan/hatch),,1,0,0,0,1,8,August,Winter,Friday,22:00 - Midnight,Evening / night,False,False,True,True
1359837,Injury,Serious Injury,2024,2024,May,Sunday,16:00 - 17:59,CHARLESTOWN,RD,0,Right on the spot,HILLSBOROUGH,RD,CHARLESTOWN,674.0,No,Not a school zone,T-junction,-32.956704,151.686671,Lake Macquarie,Newcastle met. area,Syd-Newc-Woll Gtr conurbation,Curved,Steep grade,,,Nil,Sealed,Wet,Raining,Daylight,On,No traffic controls,60 km/h,State,13,Right near,104,Adj - Right-thru from right,,Right angle,Car (sedan/hatch),Light truck utility(from 2018),2,0,1,0,0,5,May,Autumn,Sunday,16:00 - 17:59,PM peak / evening commute,True,False,True,True
1359838,Injury,Moderate Injury,2024,2024,July,Friday,16:00 - 17:59,EDWARD,ST,200,North,CHURCHILL,AVE,ORANGE,,No,Not a school zone,2-way undivided,-33.29463,149.104788,Orange,Country urban,Rest of NSW - Urban,Straight,,,,On,Sealed,Dry,Fine,Darkness,Nil,No traffic controls,50 km/h,Local,71,Off rd left => obj,703,Left off cway into object,,Other angle,Car (sedan/hatch),Car (sedan/hatch),2,0,0,1,0,7,July,Winter,Friday,16:00 - 17:59,PM peak / evening commute,True,False,True,True
1359839,Injury,Moderate Injury,2024,2024,August,Thursday,10:00 - 11:59,GORDON,ST,100,West,HOLLINGWORTH,ST,PORT MACQUARIE,7746.0,No,Not a school zone,Divided road,-31.4347,152.903878,Port Macquarie-Hastings,Country urban,Rest of NSW - Urban,Straight,,,,Off,Sealed,Dry,Fine,Daylight,Nil,No traffic controls,60 km/h,Regional,30,Rear end,301,Same - Rear end,,Rear end,Car (sedan/hatch),Car (sedan/hatch),3,0,0,1,0,8,August,Winter,Thursday,10:00 - 11:59,Midday / afternoon,False,False,True,True
1359841,Injury,Minor/Other Injury,2024,2024,August,Wednesday,16:00 - 17:59,GRAHAM,ST,50,West,COMBOYNE,ST,KENDALL,2125.0,No,Not a school zone,2-way undivided,-31.632244,152.706086,Port Macquarie-Hastings,Country urban,Rest of NSW - Urban,Straight,Driveway/entrance,,,Off,Sealed,Dry,Fine,Dusk,Nil,No traffic controls,50 km/h,Regional,47,Emerging from drive,406,Manov - Emerging from driveway,,Right angle,Car (sedan/hatch),4 wheel drive / SUV,2,0,0,0,1,8,August,Winter,Wednesday,16:00 - 17:59,PM peak / evening commute,True,False,True,True
1359843,Injury,Moderate Injury,2024,2024,August,Sunday,20:00 - 21:59,KINGSWAY,MS,20,West,HOTHAM,RD,GYMEA,227.0,No,Not a school zone,Divided road,-34.0319,151.080766,Sutherland,Sydney metro. area,Syd-Newc-Woll Gtr conurbation,Straight,,,,On,Sealed,Dry,Fine,Darkness,Nil,No traffic controls,60 km/h,State,73,Off rd rght => obj,704,Right off cway into obj,,Vehicle - Object,Car (sedan/hatch),,1,0,0,1,0,8,August,Winter,Sunday,20:00 - 21:59,Evening / night,False,False,True,True
1359845,Injury,Moderate Injury,2024,2024,August,Wednesday,10:00 - 11:59,BUNNERONG,RD,0,Right on the spot,WESTFEILD,DR,EASTGARDENS,171.0,No,Not a school zone,T-junction,-33.944112,151.226838,Bayside,Sydney metro. area,Syd-Newc-Woll Gtr conurbation,Straight,,,,Nil,Sealed,Dry,Fine,Daylight,On,Ped crossing,60 km/h,State,0,Ped nearside,1,Ped - Near side,,Vehicle - Pedestrian,Unknown motor vehicle,Pedestrian,2,0,0,1,0,8,August,Winter,Wednesday,10:00 - 11:59,Midday / afternoon,False,False,True,True
1359851,Injury,Moderate Injury,2024,2024,August,Thursday,06:00 - 07:59,DENMAN,RD,0,Right on the spot,THOMAS MITCHELL,DR,MUSWELLBROOK,209.0,No,Not a school zone,T-junction,-32.291771,150.869419,Muswellbrook,Country urban,Rest of NSW - Urban,Curved,,,,Unknown / not stated,Sealed,Dry,Fine,Dawn,Nil,Give way sign,80 km/h,State,13,Right near,104,Adj - Right-thru from right,,Right angle,Light truck utility(from 2018),4 wheel drive / SUV,2,0,0,2,0,8,August,Winter,Thursday,06:00 - 07:59,AM peak / school commute,True,False,True,True
1359854,Injury,Serious Injury,2024,2024,July,Thursday,14:00 - 15:59,SOUTHERN,EXP,50,North,MASTERS ROAD,TO,FIGTREE,6006.0,No,Not a school zone,Dual freeway,-34.437945,150.86687,Wollongong,Wollongong met. area,Syd-Newc-Woll Gtr conurbation,Straight,,,,Off,Sealed,Dry,Fine,Daylight,Nil,No traffic controls,90 km/h,State,35,Lane change left,307,Same - Lane change left,,Other angle,Motorcycle,4 wheel drive / SUV,2,0,1,0,0,7,July,Winter,Thursday,14:00 - 15:59,Midday / afternoon,False,False,True,True
1359855,Injury,Moderate Injury,2024,2024,July,Sunday,14:00 - 15:59,GUNDY,RD,0,Right on the spot,SEGENHOE,RD,SEGENHOE,105.0,No,Not a school zone,T-junction,-32.063517,150.934181,Upper Hunter,Country non-urban,Rest of NSW - Rural,Curved,,,Potholes/corrugations/rough,Nil,Sealed,Wet,Fine,Daylight,Nil,Give way sign,100 km/h,Regional,88,Out of cont on bend,805,Out of control on bend,,Rollover,Motorcycle,,1,0,0,1,0,7,July,Winter,Sunday,14:00 - 15:59,Midday / afternoon,False,False,True,True
1359856,Injury,Serious Injury,2024,2024,August,Monday,12:00 - 13:59,OALLEN FORD,RD,600,North,WOLGON,RD,WINDELLAMA,,No,Not a school zone,2-way undivided,-35.089119,149.889411,Goulburn Mulwaree,Country urban,Rest of NSW - Urban,Curved,,,,Nil,Sealed,Dry,Fine,Daylight,Nil,No traffic controls,80 km/h,Local,85,Off rt/lft bnd=>obj,804,Off left bend into obj,Right,Vehicle - Object,Motorcycle,,1,0,1,0,0,8,August,Winter,Monday,12:00 - 13:59,Midday / afternoon,False,False,True,True
1359857,Injury,Serious Injury,2024,2024,August,Tuesday,14:00 - 15:59,HASTINGS FOREST,WAY,1000,West,BELLANGRY,RD,BELLANGRY,,No,Not a school zone,2-way undivided,-31.31321,152.579129,Port Macquarie-Hastings,Country urban,Rest of NSW - Urban,Curved,Steep grade,,,Nil,Unsealed,Dry,Fine,Daylight,Nil,No traffic controls,80 km/h,Local,20,Head on,201,Opp - Head on,,Head-on,Light truck utility(from 2018),Light truck utility(from 2018),2,0,1,0,0,8,August,Winter,Tuesday,14:00 - 15:59,Midday / afternoon,False,False,True,True
1359859,Injury,Serious Injury,2024,2024,August,Saturday,10:00 - 11:59,DALYELL,WAY,0,Right on the spot,EDSTEIN,PL,RAYMOND TERRACE,,No,Not a school zone,T-junction,-32.747354,151.758055,Port Stephens,Country urban,Rest of NSW - Urban,Straight,,,,Off,Sealed,Dry,Fine,Daylight,Nil,No traffic controls,50 km/h,Local,10,Cross traffic,101,Adj - Cross traffic,,Right angle,Pedal cycle,Car (sedan/hatch),2,0,1,0,0,8,August,Winter,Saturday,10:00 - 11:59,Midday / afternoon,False,False,True,True
1359860,Injury,Minor/Other Injury,2024,2024,August,Sunday,10:00 - 11:59,CANTERBURY,RD,0,Right on the spot,NUMBER 165,HN,BANKSTOWN,167.0,No,Not a school zone,2-way undivided,-33.934137,151.031101,Canterbury-Bankstown,Sydney metro. area,Syd-Newc-Woll Gtr conurbation,Straight,,,,Off,Sealed,Dry,Fine,Daylight,Nil,No traffic controls,60 km/h,State,2,Ped far side,3,Ped - Far side,,Vehicle - Pedestrian,Car (sedan/hatch),Pedestrian,2,0,0,0,1,8,August,Winter,Sunday,10:00 - 11:59,Midday / afternoon,False,False,True,True
1359861,Injury,Serious Injury,2024,2024,August,Tuesday,06:00 - 07:59,PACIFIC,HWY,0,Right on the spot,WEST KORORA,RD,COFFS HARBOUR,10.0,No,Not a school zone,T-junction,-30.271757,153.135013,Coffs Harbour,Country urban,Rest of NSW - Urban,Curved,Steep grade,,,Nil,Sealed,Wet,Overcast,Darkness,Nil,No right turn,60 km/h,State,13,Right near,104,Adj - Right-thru from right,,Right angle,Large rigid,Light truck utility(from 2018),2,0,1,0,0,8,August,Winter,Tuesday,06:00 - 07:59,AM peak / school commute,True,False,True,True
1359863,Injury,Serious Injury,2024,2024,July,Saturday,00:01 - 01:59,PACIFIC,HWY,20,South,CHARLESTOWN,RD,CHARLESTOWN,10.0,No,Not a school zone,Divided road,-32.961463,151.696507,Lake Macquarie,Newcastle met. area,Syd-Newc-Woll Gtr conurbation,Curved,,,,On,Sealed,Dry,Fine,Darkness,Nil,No traffic controls,60 km/h,State,81,Off left/rt bnd=>obj,803,Off right bend into obj,Left,Vehicle - Object,Motorcycle,,1,0,1,0,0,7,July,Winter,Saturday,00:01 - 01:59,Late night / early morning,False,False,True,True
1359866,Injury,Moderate Injury,2024,2024,August,Wednesday,10:00 - 11:59,NELSON BAY,RD,500,East,GAN GAN,RD,ANNA BAY,108.0,No,Not a school zone,2-way undivided,-32.766845,152.079401,Port Stephens,Country non-urban,Rest of NSW - Rural,Straight,Ditch/drain/culvert,,,Nil,Sealed,Wet,Raining,Daylight,Nil,No traffic controls,90 km/h,State,72,Off road to right,702,Off carriageway to right,,Rollover,Car (sedan/hatch),,1,0,0,1,0,8,August,Winter,Wednesday,10:00 - 11:59,Midday / afternoon,False,False,True,True
1359867,Injury,Serious Injury,2024,2024,August,Thursday,06:00 - 07:59,WESTERN,EXP,300,East,ROPER ROAD,TO,EASTERN CREEK,6004.0,No,Not a school zone,Dual freeway,-33.791405,150.815221,Blacktown,Sydney metro. area,Syd-Newc-Woll Gtr conurbation,Straight,,,,On,Sealed,Dry,Fine,Dawn,Nil,No traffic controls,110 km/h,State,30,Rear end,301,Same - Rear end,,Rear end,Light truck utility(from 2018),Car (sedan/hatch),3,0,1,0,0,8,August,Winter,Thursday,06:00 - 07:59,AM peak / school commute,True,False,True,True
1359869,Injury,Serious Injury,2024,2024,February,Tuesday,18:00 - 19:59,ERITH,ST,0,Right on the spot,PENROSE,RD,BUNDANOON,,No,Not a school zone,T-junction,-34.656323,150.29654,Wingecarribee,Country urban,Rest of NSW - Urban,Curved,Steep grade,,,Off,Sealed,Wet,Overcast,Daylight,Nil,Give way sign,50 km/h,Local,18,2 left turning,109,Adj - Two left turning,,Right angle,Pedal cycle,Light truck,2,0,1,0,0,2,February,Summer,Tuesday,18:00 - 19:59,PM peak / evening commute,True,False,True,True
1359871,Injury,Minor/Other Injury,2024,2024,August,Monday,08:00 - 09:59,MILL,RD,50,East,SPEED,ST,LIVERPOOL,,No,Not a school zone,2-way undivided,-33.929658,150.922716,Liverpool,Sydney metro. area,Syd-Newc-Woll Gtr conurbation,Straight,Driveway/entrance,,,Off,Sealed,Dry,Fine,Daylight,Nil,No traffic controls,50 km/h,Local,83,Off rt/rt bnd=>obj,707,Right turn,Right,Other angle,Other bus,4 wheel drive / SUV,2,0,0,0,1,8,August,Winter,Monday,08:00 - 09:59,AM peak / school commute,True,False,True,True
1359873,Injury,Moderate Injury,2024,2024,August,Tuesday,08:00 - 09:59,ERSKINE,ST,0,Right on the spot,SHELLEY,ST,SYDNEY,,No,Not a school zone,X-intersection,-33.866883,151.202567,Sydney,Sydney metro. area,Syd-Newc-Woll Gtr conurbation,Straight,,,,Off,Sealed,Wet,Overcast,Daylight,On,No traffic controls,40 km/h,Local,21,Right through,202,Opp - Right-thru,,Other angle,4 wheel drive / SUV,Car (sedan/hatch),2,0,0,1,0,8,August,Winter,Tuesday,08:00 - 09:59,AM peak / school commute,True,False,True,True
1359875,Injury,Minor/Other Injury,2024,2024,June,Friday,16:00 - 17:59,VICTORIA,RD,50,South,BURNS BAY ROAD,TO,HUNTLEYS POINT,165.0,No,Not a school zone,Divided road,-33.84086,151.146789,Hunters Hill,Sydney metro. area,Syd-Newc-Woll Gtr conurbation,Straight,Other bridge,,,On,Sealed,Dry,Fine,Dusk,Nil,No traffic controls,70 km/h,State,30,Rear end,301,Same - Rear end,,Rear end,Car (sedan/hatch),Car (sedan/hatch),2,0,0,0,1,6,June,Winter,Friday,16:00 - 17:59,PM peak / evening commute,True,False,True,True
1359878,Injury,Minor/Other Injury,2024,2024,August,Sunday,16:00 - 17:59,MANN,ST,110,South,BLENDE,ST,BROKEN HILL,,No,Not a school zone,2-way undivided,-31.944854,141.486772,Broken Hill,Country urban,Rest of NSW - Urban,Straight,Embankment/cutting,,,Nil,Sealed,Dry,Fine,Daylight,Nil,No traffic controls,50 km/h,Local,75,Off end of road,709,Off end cway or T junct,,Vehicle - Object,Car (sedan/hatch),,1,0,0,0,1,8,August,Winter,Sunday,16:00 - 17:59,PM peak / evening commute,True,False,True,True
1359879,Injury,Moderate Injury,2024,2024,August,Tuesday,06:00 - 07:59,BANNA,AVE,0,Right on the spot,KOOKORA,ST,GRIFFITH,80.0,No,Not a school zone,Roundabout,-34.287179,146.038717,Griffith,Country urban,Rest of NSW - Urban,Straight,,,,On,Sealed,Dry,Fine,Dawn,Nil,Give way sign,50 km/h,State,10,Cross traffic,101,Adj - Cross traffic,,Right angle,Car (sedan/hatch),Passenger van,2,0,0,1,0,8,August,Winter,Tuesday,06:00 - 07:59,AM peak / school commute,True,False,True,True
1359881,Injury,Moderate Injury,2024,2024,July,Friday,08:00 - 09:59,MCCLELLAND,ST,0,Right on the spot,WARRANE,RD,WILLOUGHBY EAST,,No,Not a school zone,Roundabout,-33.795608,151.205236,Willoughby,Sydney metro. area,Syd-Newc-Woll Gtr conurbation,Straight,,,,Off,Sealed,Dry,Fine,Daylight,Nil,Give way sign,50 km/h,Local,10,Cross traffic,101,Adj - Cross traffic,,Right angle,Car (sedan/hatch),Motorcycle,2,0,0,1,0,7,July,Winter,Friday,08:00 - 09:59,AM peak / school commute,True,False,True,True
1359883,Injury,Serious Injury,2024,2024,June,Friday,20:00 - 21:59,OBERTON,ST,100,East,SCHOOL,ST,KINCUMBER,,No,Not a school zone,2-way undivided,-33.468949,151.398738,Central Coast,Country urban,Syd-Newc-Woll Gtr conurbation,Straight,Steep grade,,,On,Sealed,Dry,Fine,Darkness,Nil,No traffic controls,50 km/h,Local,71,Off rd left => obj,703,Left off cway into object,,Other angle,Motorcycle,4 wheel drive / SUV,2,0,1,0,0,6,June,Winter,Friday,20:00 - 21:59,Evening / night,False,False,True,True
1359884,Injury,Moderate Injury,2024,2024,August,Saturday,16:00 - 17:59,OALLEN,RD,1800,West,NERRIGA,RD,OALLEN,,No,Not a school zone,2-way undivided,-35.148816,150.05014,Queanbeyan-Palerang Regional,Country urban,Rest of NSW - Urban,Curved,Painted double centre lines,,,Nil,Sealed,Dry,Fine,Daylight,Nil,No traffic controls,80 km/h,Local,88,Out of cont on bend,805,Out of control on bend,,Rollover,Motorcycle,,1,0,0,1,0,8,August,Winter,Saturday,16:00 - 17:59,PM peak / evening commute,True,False,True,True
1359889,Injury,Serious Injury,2024,2024,August,Monday,10:00 - 11:59,KILLINGWORTH,RD,100,North,FAIRLEY,RD,HOLMESVILLE,,No,Not a school zone,2-way undivided,-32.912643,151.573254,Lake Macquarie,Newcastle met. area,Syd-Newc-Woll Gtr conurbation,Curved,,,,Nil,Unsealed,Dry,Fine,Daylight,Nil,No traffic controls,70 km/h,Local,88,Out of cont on bend,805,Out of control on bend,,Rollover,Motorcycle,,1,0,1,0,0,8,August,Winter,Monday,10:00 - 11:59,Midday / afternoon,False,False,True,True
1359890,Injury,Serious Injury,2024,2024,May,Saturday,12:00 - 13:59,THUNDERBOLTS,WAY,2070,North,TOPDALE,RD,WALCHA,7719.0,No,Not a school zone,2-way undivided,-31.368436,151.543711,Walcha,Country non-urban,Rest of NSW - Rural,Straight,Crest,,,Nil,Sealed,Wet,Snowing,Daylight,Nil,No traffic controls,100 km/h,Regional,70,Off road to left,701,Off carriageway to left,,Rollover,Motorcycle,,1,0,1,0,0,5,May,Autumn,Saturday,12:00 - 13:59,Midday / afternoon,False,False,True,True
1359895,Injury,Serious Injury,2024,2024,July,Friday,06:00 - 07:59,BOTANY,RD,0,Right on the spot,BUMBORAH POINT,RD,MATRAVILLE,170.0,No,Not a school zone,T-junction,-33.966347,151.225057,Randwick,Sydney metro. area,Syd-Newc-Woll Gtr conurbation,Straight,,,,On,Sealed,Wet,Fine,Dawn,On,No traffic controls,70 km/h,State,21,Right through,202,Opp - Right-thru,,Other angle,Light truck utility(from 2018),Car (sedan/hatch),2,0,1,0,0,7,July,Winter,Friday,06:00 - 07:59,AM peak / school commute,True,False,True,True