crash_id,degree_of_crash,degree_of_crash_-_detailed,reporting_year,year_of_crash,month_of_crash,day_of_week_of_crash,two-hour_intervals,street_of_crash,street_type,distance,direction,identifying_feature,identifying_feature_type,town,route_no.,school_zone_location,school_zone_active,type_of_location,latitude,longitude,lga,urbanisation,conurbation_1,alignment,primary_permanent_feature,primary_temporary_feature,primary_hazardous_feature,street_lighting,road_surface,surface_condition,weather,natural_lighting,signals_operation,other_traffic_control,speed_limit,road_classification_(admin),rum_-_code,rum_-_description,dca_-_code,dca_-_description,dca_supplement,first_impact_type,key_tu_type,other_tu_type,no._of_traffic_units_involved,no._killed,no._seriously_injured,no._moderately_injured,no._minor-other_injured,month_num,month_label,season,day_label,time_label,time_band,is_peak_commute,is_fatal,is_injury,is_casualty
1359898,Injury,Serious Injury,2024,2024,May,Thursday,08:00 - 09:59,CONNELLS POINT,RD,0,Right on the spot,WONIORA,RD,SOUTH HURSTVILLE,,No,Not a school zone,Roundabout,-33.974627,151.106932,Georges River,Sydney metro. area,Syd-Newc-Woll Gtr conurbation,Straight,,,,Nil,Sealed,Dry,Fine,Daylight,Nil,Give way sign,50 km/h,Local,11,Right far,102,Adj - Right-thru from left,,Right angle,Pedal cycle,4 wheel drive / SUV,2,0,1,0,0,5,May,Autumn,Thursday,08:00 - 09:59,AM peak / school commute,True,False,True,True
1359899,Injury,Moderate Injury,2024,2024,August,Friday,04:00 - 05:59,NEW ENGLAND,HWY,300,West,HIGH,ST,MAITLAND,9.0,No,Not a school zone,2-way undivided,-32.742393,151.566421,Maitland,Country urban,Rest of NSW - Urban,Curved,,,,Nil,Sealed,Dry,Fog or mist,Darkness,Nil,No traffic controls,80 km/h,State,88,Out of cont on bend,805,Out of control on bend,,Rollover,Motorcycle,,1,0,0,1,0,8,August,Winter,Friday,04:00 - 05:59,Late night / early morning,False,False,True,True
1359900,Injury,Moderate Injury,2024,2024,August,Thursday,08:00 - 09:59,NEWCASTLE,EXP,1800,South,PACIFIC HIGHWAY,TO,OURIMBAH,6003.0,No,Not a school zone,Dual freeway,-33.356947,151.350759,Central Coast,Country non-urban,Syd-Newc-Woll Gtr conurbation,Curved,Steep grade,,,Nil,Sealed,Dry,Fine,Daylight,Nil,No traffic controls,110 km/h,State,82,Off right/right bend,801,Off cway right bend,Right,Rollover,Car (sedan/hatch),,1,0,0,1,0,8,August,Winter,Thursday,08:00 - 09:59,AM peak / school commute,True,False,True,True
1359902,Injury,Minor/Other Injury,2024,2024,August,Thursday,18:00 - 19:59,TOWNSEND,ST,100,North,RIVERINA,HWY,HOWLONG,,No,Not a school zone,2-way undivided,-35.980234,146.63809,Federation,Country urban,Rest of NSW - Urban,Straight,B'down lane/road shldr,,,On,Sealed,Dry,Fine,Darkness,Nil,No traffic controls,50 km/h,Local,4,Ped walk with,5,Ped - Walking with traffic,,Vehicle - Pedestrian,4 wheel drive / SUV,Pedestrian,2,0,0,0,1,8,August,Winter,Thursday,18:00 - 19:59,PM peak / evening commute,True,False,True,True
1359904,Injury,Minor/Other Injury,2024,2024,March,Saturday,10:00 - 11:59,CHILLINGWORKS,RD,280,North,FORBES,LANE,YOUNG,,No,Not a school zone,2-way undivided,-34.274471,148.269832,Hilltops,Country urban,Rest of NSW - Urban,Curved,,,"Loose gravel, sealed",Nil,Sealed,Dry,Fine,Daylight,Nil,No traffic controls,80 km/h,Local,86,Off left/left bend,802,Off cway left bend,Left,Rollover,Motorcycle,,1,0,0,0,1,3,March,Autumn,Saturday,10:00 - 11:59,Midday / afternoon,False,False,True,True
1359911,Injury,Minor/Other Injury,2024,2024,June,Saturday,20:00 - 21:59,BUNGARRIBEE,RD,0,Right on the spot,BALMORAL,ST,BLACKTOWN,643.0,No,Not a school zone,X-intersection,-33.776631,150.901632,Blacktown,Sydney metro. area,Syd-Newc-Woll Gtr conurbation,Straight,,,,On,Sealed,Wet,Raining,Dusk,On,No traffic controls,60 km/h,State,30,Rear end,301,Same - Rear end,,Rear end,4 wheel drive / SUV,Car (sedan/hatch),2,0,0,0,1,6,June,Winter,Saturday,20:00 - 21:59,Evening / night,False,False,True,True
1359913,Injury,Serious Injury,2024,2024,May,Thursday,10:00 - 11:59,MILITARY,RD,0,Right on the spot,BEN BOYD,RD,NEUTRAL BAY,164.0,No,Not a school zone,X-intersection,-33.830511,151.219478,North Sydney,Sydney metro. area,Syd-Newc-Woll Gtr conurbation,Straight,,,,Nil,Sealed,Dry,Fine,Daylight,On,No traffic controls,60 km/h,State,21,Right through,202,Opp - Right-thru,,Other angle,Car (sedan/hatch),4 wheel drive / SUV,2,0,1,0,0,5,May,Autumn,Thursday,10:00 - 11:59,Midday / afternoon,False,False,True,True
1359914,Injury,Minor/Other Injury,2024,2024,August,Saturday,10:00 - 11:59,RACECOURSE,RD,0,Right on the spot,WOODWARD,ST,ORANGE,,No,Not a school zone,T-junction,-33.291536,149.084605,Orange,Country urban,Rest of NSW - Urban,Straight,,,,Off,Sealed,Dry,Fine,Daylight,Nil,Give way sign,50 km/h,Local,21,Right through,202,Opp - Right-thru,,Other angle,Car (sedan/hatch),Car (sedan/hatch),2,0,0,0,1,8,August,Winter,Saturday,10:00 - 11:59,Midday / afternoon,False,False,True,True
1359921,Injury,Minor/Other Injury,2024,2024,August,Thursday,08:00 - 09:59,SANDGATE,RD,30,South,VALE,ST,SHORTLAND,,Yes,No,2-way undivided,-32.889026,151.694872,Newcastle,Newcastle met. area,Syd-Newc-Woll Gtr conurbation,Straight,,,,Off,Sealed,Dry,Fine,Daylight,Nil,No traffic controls,50 km/h,Local,2,Ped far side,3,Ped - Far side,,Vehicle - Pedestrian,4 wheel drive / SUV,Pedestrian,2,0,0,0,1,8,August,Winter,Thursday,08:00 - 09:59,AM peak / school commute,True,False,True,True
1359922,Injury,Serious Injury,2024,2024,August,Tuesday,12:00 - 13:59,BUNNERONG,RD,0,Right on the spot,BIRDWOOD,AVE,PAGEWOOD,171.0,No,Not a school zone,T-junction,-33.933464,151.230307,Randwick,Sydney metro. area,Syd-Newc-Woll Gtr conurbation,Straight,,,,Off,Sealed,Dry,Fine,Daylight,Nil,No traffic controls,60 km/h,State,21,Right through,202,Opp - Right-thru,,Other angle,Car (sedan/hatch),Car (sedan/hatch),2,0,1,0,0,8,August,Winter,Tuesday,12:00 - 13:59,Midday / afternoon,False,False,True,True
1359925,Injury,Minor/Other Injury,2024,2024,August,Thursday,12:00 - 13:59,CANTERBURY,RD,0,Right on the spot,RAWSON,ST,WILEY PARK,167.0,No,Not a school zone,T-junction,-33.930889,151.0655,Canterbury-Bankstown,Sydney metro. area,Syd-Newc-Woll Gtr conurbation,Straight,,,,Off,Sealed,Dry,Overcast,Daylight,Nil,Give way sign,60 km/h,State,21,Right through,202,Opp - Right-thru,,Other angle,Car (sedan/hatch),Motorcycle,2,0,0,0,1,8,August,Winter,Thursday,12:00 - 13:59,Midday / afternoon,False,False,True,True
1359927,Injury,Moderate Injury,2024,2024,August,Thursday,14:00 - 15:59,LAKE,RD,0,Right on the spot,MARY,ST,ARGENTON,217.0,No,Not a school zone,X-intersection,-32.936465,151.627461,Lake Macquarie,Newcastle met. area,Syd-Newc-Woll Gtr conurbation,Straight,,,,Off,Sealed,Dry,Fine,Daylight,Nil,Give way sign,60 km/h,State,12,Left far,103,Adj - Left-thru from left,,Right angle,Car (sedan/hatch),4 wheel drive / SUV,3,0,0,1,0,8,August,Winter,Thursday,14:00 - 15:59,Midday / afternoon,False,False,True,True
1359929,Injury,Moderate Injury,2024,2024,April,Thursday,10:00 - 11:59,GOLDEN,HWY,0,Right on the spot,DALSWINTON,RD,DENMAN,27.0,No,Not a school zone,T-junction,-32.403639,150.72013,Muswellbrook,Country non-urban,Rest of NSW - Rural,Curved,,,,Nil,Sealed,Dry,Fine,Daylight,Nil,Give way sign,100 km/h,State,80,Off left/right bend,801,Off cway right bend,Left,Rollover,B-double (road train prior 98),,1,0,0,1,0,4,April,Autumn,Thursday,10:00 - 11:59,Midday / afternoon,False,False,True,True
1359932,Injury,Serious Injury,2024,2024,June,Thursday,14:00 - 15:59,QUEEN VICTORIA,ST,0,Right on the spot,CALEDONIAN,ST,BEXLEY,7009.0,No,Not a school zone,Roundabout,-33.955722,151.125639,Bayside,Sydney metro. area,Syd-Newc-Woll Gtr conurbation,Straight,Steep grade,,,Off,Sealed,Dry,Fine,Daylight,Nil,Give way sign,50 km/h,Regional,10,Cross traffic,101,Adj - Cross traffic,,Right angle,Motorcycle,Car (sedan/hatch),2,0,1,0,0,6,June,Winter,Thursday,14:00 - 15:59,Midday / afternoon,False,False,True,True
1359935,Injury,Serious Injury,2024,2024,August,Tuesday,08:00 - 09:59,EPPING,RD,0,Right on the spot,CULLODEN,RD,MARSFIELD,373.0,No,Not a school zone,T-junction,-33.775225,151.104575,Ryde,Sydney metro. area,Syd-Newc-Woll Gtr conurbation,Straight,Steep grade,,,Nil,Sealed,Wet,Raining,Daylight,Nil,Stop sign,70 km/h,State,11,Right far,102,Adj - Right-thru from left,,Right angle,Station wagon,4 wheel drive / SUV,2,0,1,0,1,8,August,Winter,Tuesday,08:00 - 09:59,AM peak / school commute,True,False,True,True
1359936,Injury,Serious Injury,2024,2024,August,Tuesday,12:00 - 13:59,KARABAR,ST,0,Right on the spot,STANLEY,ST,FAIRFIELD HEIGHTS,,No,Not a school zone,X-intersection,-33.863283,150.935991,Fairfield,Sydney metro. area,Syd-Newc-Woll Gtr conurbation,Straight,,,,Nil,Sealed,Dry,Fine,Daylight,Nil,No traffic controls,50 km/h,Local,10,Cross traffic,101,Adj - Cross traffic,,Right angle,4 wheel drive / SUV,Car (sedan/hatch),2,0,1,1,0,8,August,Winter,Tuesday,12:00 - 13:59,Midday / afternoon,False,False,True,True
1359938,Injury,Moderate Injury,2024,2024,July,Friday,12:00 - 13:59,FORSYTH,ST,0,Right on the spot,MEEKS,ST,KINGSFORD,,No,Not a school zone,Roundabout,-33.922784,151.229784,Randwick,Sydney metro. area,Syd-Newc-Woll Gtr conurbation,Straight,,,,Off,Sealed,Dry,Fine,Daylight,Nil,Give way sign,50 km/h,Local,10,Cross traffic,101,Adj - Cross traffic,,Right angle,4 wheel drive / SUV,Pedal cycle,2,0,0,1,0,7,July,Winter,Friday,12:00 - 13:59,Midday / afternoon,False,False,True,True
1359945,Injury,Moderate Injury,2024,2024,August,Thursday,16:00 - 17:59,KENRICK,ST,100,East,STEWART,AVE,MEREWETHER,,Yes,No,2-way undivided,-32.933546,151.752919,Newcastle,Newcastle met. area,Syd-Newc-Woll Gtr conurbation,Straight,,,,Nil,Sealed,Dry,Fine,Daylight,Nil,No traffic controls,40 km/h,Local,71,Off rd left => obj,703,Left off cway into object,,Other angle,4 wheel drive / SUV,Car (sedan/hatch),2,0,0,1,0,8,August,Winter,Thursday,16:00 - 17:59,PM peak / evening commute,True,False,True,True
1359947,Injury,Moderate Injury,2024,2024,August,Tuesday,14:00 - 15:59,LAURINA,AVE,0,Right on the spot,PARKES,ST,HELENSBURGH,,No,Not a school zone,X-intersection,-34.19243,150.977267,Wollongong,Wollongong met. area,Syd-Newc-Woll Gtr conurbation,Straight,,,,Off,Sealed,Dry,Fine,Daylight,Nil,Give way sign,50 km/h,Local,12,Left far,103,Adj - Left-thru from left,,Right angle,Motorcycle,Light truck utility(from 2018),2,0,0,1,0,8,August,Winter,Tuesday,14:00 - 15:59,Midday / afternoon,False,False,True,True
1359949,Injury,Moderate Injury,2024,2024,August,Saturday,04:00 - 05:59,BONDI,RD,10,West,PARK,PDE,BONDI,172.0,No,Not a school zone,T-junction,-33.893319,151.259623,Waverley,Sydney metro. area,Syd-Newc-Woll Gtr conurbation,Straight,Painted double centre lines,,,On,Sealed,Dry,Fine,Dawn,Nil,Give way sign,50 km/h,State,20,Head on,201,Opp - Head on,,Head-on,Car (sedan/hatch),Car (sedan/hatch),3,0,0,1,0,8,August,Winter,Saturday,04:00 - 05:59,Late night / early morning,False,False,True,True
1359950,Injury,Moderate Injury,2024,2024,August,Monday,18:00 - 19:59,CRANEBROOK,RD,0,Right on the spot,OLIVE,LANE,CASTLEREAGH,,No,Not a school zone,T-junction,-33.717071,150.696946,Penrith,Sydney metro. area,Syd-Newc-Woll Gtr conurbation,Curved,,,,Nil,Sealed,Dry,Fine,Darkness,Nil,Give way sign,60 km/h,Local,13,Right near,104,Adj - Right-thru from right,,Right angle,Car (sedan/hatch),Light truck utility(from 2018),2,0,0,1,0,8,August,Winter,Monday,18:00 - 19:59,PM peak / evening commute,True,False,True,True
1359952,Injury,Moderate Injury,2024,2024,July,Monday,08:00 - 09:59,NORWEST,BVD,105,West,LEXINGTON,DR,BELLA VISTA,690.0,No,Not a school zone,Divided road,-33.739103,150.949351,The Hills,Sydney metro. area,Syd-Newc-Woll Gtr conurbation,Straight,Steep grade,,,Nil,Sealed,Dry,Fine,Daylight,Nil,No traffic controls,70 km/h,State,34,Lane change right,306,Same - Lane change right,,Other angle,Car (sedan/hatch),Motorcycle,2,0,0,1,0,7,July,Winter,Monday,08:00 - 09:59,AM peak / school commute,True,False,True,True
1359955,Injury,Moderate Injury,2024,2024,June,Saturday,22:00 - Midnight,STOCKYARD,PL,70,West,MANNS,RD,WEST GOSFORD,349.0,No,Not a school zone,2-way undivided,-33.423091,151.318775,Central Coast,Country urban,Syd-Newc-Woll Gtr conurbation,Straight,,,,On,Sealed,Dry,Fine,Darkness,Nil,No traffic controls,50 km/h,State,71,Off rd left => obj,703,Left off cway into object,,Other angle,Light truck utility(from 2018),Detached trailer,3,0,0,1,0,6,June,Winter,Saturday,22:00 - Midnight,Evening / night,False,False,True,True
1359956,Injury,Serious Injury,2024,2024,August,Monday,22:00 - Midnight,HUME,HWY,8000,South,PICTON ROAD,OP,PHEASANTS NEST,2.0,No,Not a school zone,Dual freeway,-34.291805,150.626527,Wollondilly,Country non-urban,Syd-Newc-Woll Gtr conurbation,Straight,,,,Nil,Sealed,Dry,Fine,Darkness,Nil,No traffic controls,110 km/h,State,71,Off rd left => obj,703,Left off cway into object,,Vehicle - Object,Car (sedan/hatch),,1,0,1,0,0,8,August,Winter,Monday,22:00 - Midnight,Evening / night,False,False,True,True
1359961,Injury,Moderate Injury,2024,2024,August,Saturday,08:00 - 09:59,HANCOCK,DR,0,Right on the spot,PURCHASE,RD,CHERRYBROOK,,No,Not a school zone,Roundabout,-33.71722,151.041611,Hornsby,Sydney metro. area,Syd-Newc-Woll Gtr conurbation,Curved,,,,Nil,Sealed,Dry,Fine,Daylight,Nil,Give way sign,50 km/h,Local,10,Cross traffic,101,Adj - Cross traffic,,Right angle,Car (sedan/hatch),Pedal cycle,2,0,0,1,0,8,August,Winter,Saturday,08:00 - 09:59,AM peak / school commute,True,False,True,True
1359962,Injury,Moderate Injury,2024,2024,June,Tuesday,20:00 - 21:59,CLIO,ST,0,Right on the spot,TORONTO,PDE,SUTHERLAND,,No,Not a school zone,T-junction,-34.028107,151.060359,Sutherland,Sydney metro. area,Syd-Newc-Woll Gtr conurbation,Straight,,,,On,Sealed,Dry,Fine,Darkness,Nil,No traffic controls,50 km/h,Local,32,Right rear,303,Same - Rear right,,Rear end,Car (sedan/hatch),Car (sedan/hatch),2,0,0,1,0,6,June,Winter,Tuesday,20:00 - 21:59,Evening / night,False,False,True,True
1359963,Injury,Serious Injury,2024,2024,May,Thursday,00:01 - 01:59,DRY DOCK,RD,0,Right on the spot,NUMBER 32-34,HN,TWEED HEADS SOUTH,,No,Not a school zone,2-way undivided,-28.189913,153.538087,Tweed,Country urban,Rest of NSW - Urban,Straight,,,,On,Sealed,Wet,Overcast,Darkness,Nil,No traffic controls,50 km/h,Local,71,Off rd left => obj,703,Left off cway into object,,Vehicle - Object,Car (sedan/hatch),,1,0,1,0,0,5,May,Autumn,Thursday,00:01 - 01:59,Late night / early morning,False,False,True,True
1359964,Injury,Moderate Injury,2024,2024,August,Saturday,18:00 - 19:59,JOHNSTON,ST,50,East,HYMAN,ST,NORTH TAMWORTH,,No,Not a school zone,2-way undivided,-31.076292,150.932958,Tamworth Regional,Country urban,Rest of NSW - Urban,Straight,Painted double centre lines,,,On,Sealed,Dry,Fine,Darkness,Nil,No traffic controls,50 km/h,Local,20,Head on,201,Opp - Head on,,Head-on,Light truck utility(from 2018),Passenger van,2,0,0,1,0,8,August,Winter,Saturday,18:00 - 19:59,PM peak / evening commute,True,False,True,True
1359966,Injury,Minor/Other Injury,2024,2024,July,Wednesday,08:00 - 09:59,CAMDEN VALLEY,WAY,0,Right on the spot,COWPASTURE,RD,HORNINGSEA PARK,620.0,No,Not a school zone,X-intersection,-33.950038,150.838787,Liverpool,Sydney metro. area,Syd-Newc-Woll Gtr conurbation,Curved,,,,Off,Sealed,Dry,Fine,Daylight,On,No traffic controls,70 km/h,State,30,Rear end,301,Same - Rear end,,Rear end,Light truck utility(from 2018),4 wheel drive / SUV,5,0,0,0,2,7,July,Winter,Wednesday,08:00 - 09:59,AM peak / school commute,True,False,True,True
1359968,Injury,Moderate Injury,2024,2024,July,Tuesday,16:00 - 17:59,NEWCASTLE,EXP,4200,North,PACIFIC HIGHWAY,OP,BAR POINT,6003.0,No,Not a school zone,Dual freeway,-33.494794,151.186927,Central Coast,Country non-urban,Syd-Newc-Woll Gtr conurbation,Straight,Embankment/cutting,,,Nil,Sealed,Wet,Raining,Daylight,Nil,No traffic controls,90 km/h,State,71,Off rd left => obj,703,Left off cway into object,,Vehicle - Object,Light truck,,1,0,0,1,1,7,July,Winter,Tuesday,16:00 - 17:59,PM peak / evening commute,True,False,True,True
1359971,Injury,Serious Injury,2024,2024,June,Sunday,18:00 - 19:59,SOUTH DOWLING,ST,100,South,DACEY,AVE,WATERLOO,593.0,No,Not a school zone,Divided road,-33.901779,151.214893,Sydney,Sydney metro. area,Syd-Newc-Woll Gtr conurbation,Straight,,,,On,Sealed,Dry,Fine,Darkness,Nil,No traffic controls,60 km/h,State,30,Rear end,301,Same - Rear end,,Rear end,Motor scooter,Motor scooter,2,0,1,0,0,6,June,Winter,Sunday,18:00 - 19:59,PM peak / evening commute,True,False,True,True
1359973,Injury,Serious Injury,2024,2024,August,Thursday,16:00 - 17:59,ST JOHNS,RD,50,East,CANTERBURY,RD,ST JOHNS PARK,7221.0,No,Not a school zone,2-way undivided,-33.886091,150.907192,Fairfield,Sydney metro. area,Syd-Newc-Woll Gtr conurbation,Straight,,,,On,Sealed,Dry,Fine,Darkness,Nil,No traffic controls,60 km/h,Regional,2,Ped far side,3,Ped - Far side,,Vehicle - Pedestrian,Car (sedan/hatch),Pedestrian,2,0,1,0,0,8,August,Winter,Thursday,16:00 - 17:59,PM peak / evening commute,True,False,True,True
1359979,Injury,Moderate Injury,2024,2024,July,Sunday,16:00 - 17:59,WEST PORTLAND,RD,200,North,LOWER COLE,RD,LOWER PORTLAND,,No,Not a school zone,2-way undivided,-33.451073,150.867711,Hawkesbury,Country urban,Syd-Newc-Woll Gtr conurbation,Curved,Embankment/cutting,,,Nil,Sealed,Dry,Fine,Darkness,Nil,No traffic controls,70 km/h,Local,81,Off left/rt bnd=>obj,803,Off right bend into obj,Left,Vehicle - Object,4 wheel drive / SUV,,1,0,0,1,0,7,July,Winter,Sunday,16:00 - 17:59,PM peak / evening commute,True,False,True,True
1359981,Injury,Serious Injury,2024,2024,July,Tuesday,12:00 - 13:59,ASTLEY,ST,0,Right on the spot,CHRISTO,RD,GEORGETOWN,,No,Not a school zone,T-junction,-32.911185,151.730243,Newcastle,Newcastle met. area,Syd-Newc-Woll Gtr conurbation,Straight,,,,Off,Sealed,Dry,Fine,Daylight,Nil,No traffic controls,50 km/h,Local,13,Right near,104,Adj - Right-thru from right,,Right angle,Light truck,Car (sedan/hatch),2,0,1,0,0,7,July,Winter,Tuesday,12:00 - 13:59,Midday / afternoon,False,False,True,True
1359982,Injury,Serious Injury,2024,2024,August,Saturday,14:00 - 15:59,BROKEN BACK,RD,2290,West,POKOLBIN MOUNTAINS,RD,POKOLBIN,,No,Not a school zone,2-way undivided,-32.817992,151.247497,Cessnock,Country urban,Rest of NSW - Urban,Curved,Steep grade,,,Nil,Unsealed,Dry,Fine,Daylight,Nil,No traffic controls,40 km/h,Local,20,Head on,201,Opp - Head on,,Head-on,Light truck utility(from 2018),Light truck utility(from 2018),2,0,1,2,1,8,August,Winter,Saturday,14:00 - 15:59,Midday / afternoon,False,False,True,True
1359988,Injury,Minor/Other Injury,2024,2024,July,Saturday,14:00 - 15:59,SPIT,RD,100,North,UPPER SPIT,RD,MOSMAN,164.0,No,Not a school zone,Divided road,-33.811391,151.244043,Mosman,Sydney metro. area,Syd-Newc-Woll Gtr conurbation,Curved,Steep grade,,,Off,Sealed,Wet,Fine,Daylight,Nil,No traffic controls,60 km/h,State,30,Rear end,301,Same - Rear end,,Rear end,Light truck utility(from 2018),Car (sedan/hatch),3,0,0,0,3,7,July,Winter,Saturday,14:00 - 15:59,Midday / afternoon,False,False,True,True
1359990,Injury,Minor/Other Injury,2024,2024,August,Friday,08:00 - 09:59,OLD NORTHERN,RD,0,Right on the spot,NEW LINE,RD,DURAL,160.0,No,Not a school zone,Roundabout,-33.696069,151.030357,Hornsby,Sydney metro. area,Syd-Newc-Woll Gtr conurbation,Curved,,,,Nil,Sealed,Dry,Fine,Daylight,Nil,Give way sign,60 km/h,State,30,Rear end,301,Same - Rear end,,Rear end,Passenger van,Car (sedan/hatch),2,0,0,0,1,8,August,Winter,Friday,08:00 - 09:59,AM peak / school commute,True,False,True,True
1359991,Injury,Moderate Injury,2024,2024,August,Sunday,18:00 - 19:59,HUME,HWY,200,South,BURLEY GRIFFIN,WAY,BOWNING,2.0,No,Not a school zone,Divided road,-34.766225,148.759859,Yass Valley,Country non-urban,Rest of NSW - Rural,Curved,,,,Nil,Sealed,Dry,Fine,Darkness,Nil,No traffic controls,110 km/h,State,81,Off left/rt bnd=>obj,803,Off right bend into obj,Left,Vehicle - Object,Light truck utility(from 2018),,1,0,0,1,0,8,August,Winter,Sunday,18:00 - 19:59,PM peak / evening commute,True,False,True,True
1359993,Injury,Serious Injury,2024,2024,August,Monday,12:00 - 13:59,RUDD,ST,0,Right on the spot,NUMBER 26,HN,TURVEY PARK,,No,Not a school zone,2-way undivided,-35.131115,147.363057,Wagga Wagga,Country urban,Rest of NSW - Urban,Straight,Driveway/entrance,,,Nil,Sealed,Dry,Fine,Daylight,Nil,No traffic controls,50 km/h,Local,7,Driveway,7,Ped - driveway,,Vehicle - Pedestrian,4 wheel drive / SUV,Pedestrian,2,0,1,0,0,8,August,Winter,Monday,12:00 - 13:59,Midday / afternoon,False,False,True,True
1359994,Injury,Serious Injury,2024,2024,July,Thursday,12:00 - 13:59,ST JOHNS,RD,0,Right on the spot,AVOCA,RD,CABRAMATTA WEST,7221.0,No,Not a school zone,T-junction,-33.887062,150.914171,Fairfield,Sydney metro. area,Syd-Newc-Woll Gtr conurbation,Straight,,,,Off,Sealed,Dry,Fine,Daylight,On,No traffic controls,60 km/h,Regional,0,Ped nearside,1,Ped - Near side,,Vehicle - Pedestrian,4 wheel drive / SUV,Pedestrian,2,0,1,0,0,7,July,Winter,Thursday,12:00 - 13:59,Midday / afternoon,False,False,True,True
1359995,Injury,Serious Injury,2024,2024,July,Friday,18:00 - 19:59,POLDING,ST,0,Right on the spot,NUMBER 313,HN,FAIRFIELD WEST,7222.0,No,Not a school zone,2-way undivided,-33.859734,150.922841,Fairfield,Sydney metro. area,Syd-Newc-Woll Gtr conurbation,Straight,,,,On,Sealed,Dry,Fine,Darkness,Nil,No traffic controls,60 km/h,Regional,3,Ped on carriageway,4,Ped - On carriageway,,Vehicle - Pedestrian,Car (sedan/hatch),Pedestrian,2,0,1,0,0,7,July,Winter,Friday,18:00 - 19:59,PM peak / evening commute,True,False,True,True
1359999,Injury,Minor/Other Injury,2024,2024,June,Wednesday,12:00 - 13:59,CANTERBURY,RD,0,Right on the spot,BROADWAY,MS,PUNCHBOWL,167.0,No,Not a school zone,T-junction,-33.931581,151.061797,Canterbury-Bankstown,Sydney metro. area,Syd-Newc-Woll Gtr conurbation,Straight,,,,Off,Sealed,Dry,Fine,Daylight,Nil,Give way sign,60 km/h,State,11,Right far,102,Adj - Right-thru from left,,Right angle,Car (sedan/hatch),4 wheel drive / SUV,2,0,0,0,1,6,June,Winter,Wednesday,12:00 - 13:59,Midday / afternoon,False,False,True,True
1360004,Injury,Moderate Injury,2024,2024,July,Sunday,12:00 - 13:59,FLOOD,ST,0,Right on the spot,TREADGOLD,ST,LEICHHARDT,,No,Not a school zone,T-junction,-33.886862,151.149663,Inner West,Sydney metro. area,Syd-Newc-Woll Gtr conurbation,Straight,,,,Off,Sealed,Dry,Fine,Daylight,Nil,No traffic controls,50 km/h,Local,53,Overtake turning,506,Ovtak - Overtaking right turn,,Other angle,Motor scooter,Car (sedan/hatch),2,0,0,1,0,7,July,Winter,Sunday,12:00 - 13:59,Midday / afternoon,False,False,True,True
1360005,Injury,Serious Injury,2024,2024,July,Thursday,12:00 - 13:59,WINDSOR,RD,0,Right on the spot,CUMBERLAND,HWY,NORTH ROCKS,184.0,No,Not a school zone,T-junction,-33.791497,150.997912,Parramatta,Sydney metro. area,Syd-Newc-Woll Gtr conurbation,Straight,Other bridge,,,Off,Sealed,Dry,Fine,Daylight,On,No traffic controls,60 km/h,State,30,Rear end,301,Same - Rear end,,Rear end,Light truck utility(from 2018),Car (sedan/hatch),2,0,1,0,0,7,July,Winter,Thursday,12:00 - 13:59,Midday / afternoon,False,False,True,True
1360007,Injury,Moderate Injury,2024,2024,March,Tuesday,04:00 - 05:59,KEITH SMITH,AVE,60,West,SEVENTH,ST,MASCOT,,No,Not a school zone,1-way street,-33.934256,151.182767,Bayside,Sydney metro. area,Syd-Newc-Woll Gtr conurbation,Straight,,,Slippery surface,Off,Sealed,Wet,Unknown,Dawn,Nil,No traffic controls,40 km/h,Local,74,On road-out of cont.,705,Out of control on cway,,Rollover,Motor scooter,,1,0,0,1,0,3,March,Autumn,Tuesday,04:00 - 05:59,Late night / early morning,False,False,True,True
1360023,Injury,Minor/Other Injury,2024,2024,June,Saturday,10:00 - 11:59,LINDESAY,ST,0,Right on the spot,NUMBER 83,HN,CAMPBELLTOWN,,No,Not a school zone,2-way undivided,-34.064107,150.827944,Campbelltown,Sydney metro. area,Syd-Newc-Woll Gtr conurbation,Straight,Driveway/entrance,,,Unknown / not stated,Sealed,Dry,Fine,Daylight,Nil,No traffic controls,60 km/h,Local,6,Ped on footpath,8,Ped - On footway/median,,Vehicle - Pedestrian,Utility,Pedestrian,2,0,0,0,1,6,June,Winter,Saturday,10:00 - 11:59,Midday / afternoon,False,False,True,True
1360024,Injury,Serious Injury,2024,2024,July,Sunday,14:00 - 15:59,BATHURST,ST,0,Right on the spot,MEMORIAL,AVE,LIVERPOOL,2107.0,No,Not a school zone,X-intersection,-33.924578,150.920859,Liverpool,Sydney metro. area,Syd-Newc-Woll Gtr conurbation,Straight,,,,Nil,Sealed,Dry,Fine,Daylight,On,No traffic controls,50 km/h,Regional,10,Cross traffic,101,Adj - Cross traffic,,Right angle,Car (sedan/hatch),Utility,5,0,2,1,0,7,July,Winter,Sunday,14:00 - 15:59,Midday / afternoon,False,False,True,True
1360026,Injury,Moderate Injury,2024,2024,May,Monday,14:00 - 15:59,EDITH,ST,0,Right on the spot,SERGEANT,ST,CESSNOCK,,No,Not a school zone,X-intersection,-32.838258,151.342651,Cessnock,Country urban,Rest of NSW - Urban,Straight,,,,Unknown / not stated,Sealed,Dry,Fine,Daylight,Nil,Give way sign,50 km/h,Local,10,Cross traffic,101,Adj - Cross traffic,,Right angle,Car (sedan/hatch),Station wagon,2,0,0,1,0,5,May,Autumn,Monday,14:00 - 15:59,Midday / afternoon,False,False,True,True