crash_id,degree_of_crash,degree_of_crash_-_detailed,reporting_year,year_of_crash,month_of_crash,day_of_week_of_crash,two-hour_intervals,street_of_crash,street_type,distance,direction,identifying_feature,identifying_feature_type,town,route_no.,school_zone_location,school_zone_active,type_of_location,latitude,longitude,lga,urbanisation,conurbation_1,alignment,primary_permanent_feature,primary_temporary_feature,primary_hazardous_feature,street_lighting,road_surface,surface_condition,weather,natural_lighting,signals_operation,other_traffic_control,speed_limit,road_classification_(admin),rum_-_code,rum_-_description,dca_-_code,dca_-_description,dca_supplement,first_impact_type,key_tu_type,other_tu_type,no._of_traffic_units_involved,no._killed,no._seriously_injured,no._moderately_injured,no._minor-other_injured,month_num,month_label,season,day_label,time_label,time_band,is_peak_commute,is_fatal,is_injury,is_casualty
1360027,Injury,Minor/Other Injury,2024,2024,July,Thursday,14:00 - 15:59,M2 HILLS,EXP,600,East,BEECROFT ROAD,OP,EPPING,6002.0,No,Not a school zone,Dual freeway,-33.764303,151.085976,Hornsby,Sydney metro. area,Syd-Newc-Woll Gtr conurbation,Straight,Underpass/tunnel,,,Unknown / not stated,Sealed,Dry,Fine,Daylight,Nil,No traffic controls,100 km/h,State,30,Rear end,301,Same - Rear end,,Rear end,4 wheel drive / SUV,Car (sedan/hatch),3,0,0,0,1,7,July,Winter,Thursday,14:00 - 15:59,Midday / afternoon,False,False,True,True
1360032,Injury,Moderate Injury,2024,2024,August,Monday,12:00 - 13:59,YAMBIL,ST,0,Right on the spot,NUMBER 93,HN,GRIFFITH,,No,Not a school zone,2-way undivided,-34.289321,146.045856,Griffith,Country urban,Rest of NSW - Urban,Straight,,,,Unknown / not stated,Sealed,Dry,Fine,Daylight,Nil,No traffic controls,50 km/h,Local,44,Parking vehicles,403,Manov - Parking-parked vehicle,,Other angle,Car (sedan/hatch),4 wheel drive / SUV,2,0,0,1,0,8,August,Winter,Monday,12:00 - 13:59,Midday / afternoon,False,False,True,True
1360035,Injury,Minor/Other Injury,2024,2024,August,Monday,16:00 - 17:59,M7 WESTLINK,EXP,10,North,RICHMOND,RD,COLEBEE,6009.0,No,Not a school zone,X-intersection,-33.732868,150.848821,Blacktown,Sydney metro. area,Syd-Newc-Woll Gtr conurbation,Straight,Freeway ramp/access,,,Unknown / not stated,Sealed,Wet,Fine,Daylight,Off,No traffic controls,60 km/h,State,30,Rear end,301,Same - Rear end,,Rear end,Semi-trailer,Light truck,2,0,0,0,1,8,August,Winter,Monday,16:00 - 17:59,PM peak / evening commute,True,False,True,True
1360038,Injury,Serious Injury,2024,2024,August,Tuesday,20:00 - 21:59,PROSPECT,HWY,0,Right on the spot,OLIVE,ST,SEVEN HILLS,644.0,No,Not a school zone,X-intersection,-33.776727,150.933164,Blacktown,Sydney metro. area,Syd-Newc-Woll Gtr conurbation,Straight,Steep grade,,,Unknown / not stated,Sealed,Dry,Fine,Darkness,On,No traffic controls,60 km/h,State,10,Cross traffic,101,Adj - Cross traffic,,Right angle,4 wheel drive / SUV,Car (sedan/hatch),2,0,1,0,0,8,August,Winter,Tuesday,20:00 - 21:59,Evening / night,False,False,True,True
1360039,Injury,Minor/Other Injury,2024,2024,July,Friday,06:00 - 07:59,SOUTH DOWLING,ST,0,Right on the spot,DACEY AVENUE,TO,WATERLOO,593.0,No,Not a school zone,Divided road,-33.901275,151.215037,Sydney,Sydney metro. area,Syd-Newc-Woll Gtr conurbation,Straight,,,,Unknown / not stated,Sealed,Dry,Fine,Dawn,Nil,No traffic controls,60 km/h,State,30,Rear end,301,Same - Rear end,,Rear end,4 wheel drive / SUV,Car (sedan/hatch),2,0,0,0,1,7,July,Winter,Friday,06:00 - 07:59,AM peak / school commute,True,False,True,True
1360041,Injury,Moderate Injury,2024,2024,August,Friday,10:00 - 11:59,RIVER,ST,100,South,NUMBER 119,HN,WEST KEMPSEY,75.0,No,Not a school zone,2-way undivided,-31.068777,152.820003,Kempsey,Country urban,Rest of NSW - Urban,Straight,,,,Unknown / not stated,Sealed,Wet,Fine,Daylight,Nil,No traffic controls,50 km/h,Regional,71,Off rd left => obj,703,Left off cway into object,,Other angle,Car (sedan/hatch),4 wheel drive / SUV,3,0,0,1,0,8,August,Winter,Friday,10:00 - 11:59,Midday / afternoon,False,False,True,True
1360044,Injury,Minor/Other Injury,2024,2024,August,Saturday,20:00 - 21:59,SAMANTHA RILEY,DR,0,Right on the spot,JAMES MILEHAM,DR,NORTH KELLYVILLE,7142.0,No,Not a school zone,X-intersection,-33.699733,150.959025,The Hills,Sydney metro. area,Syd-Newc-Woll Gtr conurbation,Straight,,,,Unknown / not stated,Sealed,Dry,Fine,Darkness,On,No traffic controls,60 km/h,Regional,21,Right through,202,Opp - Right-thru,,Other angle,Car (sedan/hatch),Car (sedan/hatch),2,0,0,0,2,8,August,Winter,Saturday,20:00 - 21:59,Evening / night,False,False,True,True
1360045,Injury,Moderate Injury,2024,2024,August,Saturday,10:00 - 11:59,CAPTAIN COOK,DR,20,West,WILLARONG,RD,CARINGBAH,662.0,No,Not a school zone,Divided road,-34.032249,151.121797,Sutherland,Sydney metro. area,Syd-Newc-Woll Gtr conurbation,Straight,,,,Unknown / not stated,Sealed,Dry,Fine,Daylight,Nil,No traffic controls,60 km/h,State,30,Rear end,301,Same - Rear end,,Rear end,4 wheel drive / SUV,4 wheel drive / SUV,2,0,0,1,0,8,August,Winter,Saturday,10:00 - 11:59,Midday / afternoon,False,False,True,True
1360048,Injury,Minor/Other Injury,2024,2024,August,Sunday,12:00 - 13:59,HUME,HWY,0,Right on the spot,BASS HILL PLAZA,ENT,BASS HILL,2.0,No,Not a school zone,Divided road,-33.898238,150.995111,Canterbury-Bankstown,Sydney metro. area,Syd-Newc-Woll Gtr conurbation,Straight,Driveway/entrance,,,Unknown / not stated,Sealed,Dry,Fine,Daylight,On,No traffic controls,70 km/h,State,32,Right rear,303,Same - Rear right,,Rear end,Car (sedan/hatch),Car (sedan/hatch),2,0,0,0,1,8,August,Winter,Sunday,12:00 - 13:59,Midday / afternoon,False,False,True,True
1360050,Injury,Minor/Other Injury,2024,2024,August,Friday,14:00 - 15:59,QUEEN,ST,10,East,KING,ST,WARILLA,,No,Not a school zone,T-junction,-34.545844,150.861924,Shellharbour,Wollongong met. area,Syd-Newc-Woll Gtr conurbation,Straight,,,,Unknown / not stated,Sealed,Dry,Fine,Daylight,Nil,No traffic controls,50 km/h,Local,39,Other same direction,300,Same - other,,Other angle,Unknown motor vehicle,4 wheel drive / SUV,3,0,0,0,1,8,August,Winter,Friday,14:00 - 15:59,Midday / afternoon,False,False,True,True
1360055,Injury,Minor/Other Injury,2024,2024,June,Friday,18:00 - 19:59,FULLERS,RD,0,Right on the spot,NUMBER 24,HN,CHATSWOOD,191.0,No,Not a school zone,2-way undivided,-33.795841,151.174745,Willoughby,Sydney metro. area,Syd-Newc-Woll Gtr conurbation,Straight,Steep grade,,,Unknown / not stated,Sealed,Dry,Fine,Darkness,Nil,No traffic controls,50 km/h,State,30,Rear end,301,Same - Rear end,,Rear end,4 wheel drive / SUV,Car (sedan/hatch),2,0,0,0,1,6,June,Winter,Friday,18:00 - 19:59,PM peak / evening commute,True,False,True,True
1360057,Injury,Moderate Injury,2024,2024,July,Wednesday,06:00 - 07:59,NEWCASTLE,EXP,1000,North,PACIFIC HIGHWAY,TO,COWAN,6003.0,No,Not a school zone,Dual freeway,-33.592774,151.172853,Hornsby,Sydney metro. area,Syd-Newc-Woll Gtr conurbation,Curved,,,,Unknown / not stated,Sealed,Wet,Fog or mist,Daylight,Nil,No traffic controls,110 km/h,State,33,Lane sideswipe,305,Same - Lane side swipe,,Other angle,4 wheel drive / SUV,4 wheel drive / SUV,3,0,0,2,0,7,July,Winter,Wednesday,06:00 - 07:59,AM peak / school commute,True,False,True,True
1360058,Injury,Minor/Other Injury,2024,2024,July,Monday,14:00 - 15:59,GENERAL HOLMES,DR,20,West,SOUTHERN CROSS DRIVE,TO,MASCOT,194.0,No,Not a school zone,Divided road,-33.943667,151.19134,Bayside,Sydney metro. area,Syd-Newc-Woll Gtr conurbation,Straight,,,,Unknown / not stated,Sealed,Dry,Fine,Daylight,Nil,No traffic controls,70 km/h,State,30,Rear end,301,Same - Rear end,,Rear end,Car (sedan/hatch),4 wheel drive / SUV,2,0,0,0,1,7,July,Winter,Monday,14:00 - 15:59,Midday / afternoon,False,False,True,True
1360062,Injury,Serious Injury,2024,2024,August,Monday,06:00 - 07:59,BEXLEY,RD,300,South,CANTERBURY,RD,CAMPSIE,169.0,No,Not a school zone,2-way undivided,-33.920533,151.106037,Canterbury-Bankstown,Sydney metro. area,Syd-Newc-Woll Gtr conurbation,Straight,Steep grade,,,On,Sealed,Wet,Raining,Daylight,Nil,No traffic controls,60 km/h,State,74,On road-out of cont.,705,Out of control on cway,,Rollover,Motor scooter,,1,0,1,0,0,8,August,Winter,Monday,06:00 - 07:59,AM peak / school commute,True,False,True,True
1360063,Injury,Minor/Other Injury,2024,2024,July,Thursday,22:00 - Midnight,PACIFIC,HWY,0,Right on the spot,PEATS FERRY,RD,ASQUITH,10.0,No,Not a school zone,X-intersection,-33.689196,151.106814,Hornsby,Sydney metro. area,Syd-Newc-Woll Gtr conurbation,Straight,,,,Unknown / not stated,Sealed,Dry,Fine,Darkness,On,No traffic controls,60 km/h,State,35,Lane change left,307,Same - Lane change left,,Other angle,Semi-trailer,4 wheel drive / SUV,2,0,0,0,1,7,July,Winter,Thursday,22:00 - Midnight,Evening / night,False,False,True,True
1360066,Injury,Minor/Other Injury,2024,2024,August,Monday,08:00 - 09:59,WESTERN,EXP,200,West,SILVERWATER ROAD,OP,AUBURN,6004.0,No,Not a school zone,Dual freeway,-33.841691,151.042103,Parramatta,Sydney metro. area,Syd-Newc-Woll Gtr conurbation,Straight,,,,Unknown / not stated,Sealed,Dry,Fine,Daylight,Nil,No traffic controls,90 km/h,State,39,Other same direction,300,Same - other,,Other angle,Semi-trailer,Car (sedan/hatch),3,0,0,0,1,8,August,Winter,Monday,08:00 - 09:59,AM peak / school commute,True,False,True,True
1360068,Injury,Minor/Other Injury,2024,2024,August,Thursday,10:00 - 11:59,OLD NORTHERN,RD,0,Right on the spot,GLENHAVEN,RD,GLENHAVEN,160.0,No,Not a school zone,T-junction,-33.705924,151.011612,Hornsby,Sydney metro. area,Syd-Newc-Woll Gtr conurbation,Curved,Steep grade,,,Unknown / not stated,Sealed,Dry,Fine,Daylight,On,No traffic controls,60 km/h,State,36,Right turn sideswipe,308,Same - Rgt turn side swipe,,Other angle,Car (sedan/hatch),Car (sedan/hatch),2,0,0,0,1,8,August,Winter,Thursday,10:00 - 11:59,Midday / afternoon,False,False,True,True
1360072,Injury,Moderate Injury,2024,2024,August,Wednesday,08:00 - 09:59,HUME,HWY,0,Right on the spot,GOVERNOR MACQUARIE,DR,WARWICK FARM,2.0,No,Not a school zone,X-intersection,-33.911409,150.93817,Liverpool,Sydney metro. area,Syd-Newc-Woll Gtr conurbation,Straight,,,,Unknown / not stated,Sealed,Wet,Raining,Daylight,On,No traffic controls,70 km/h,State,30,Rear end,301,Same - Rear end,,Rear end,Car (sedan/hatch),Car (sedan/hatch),2,0,0,1,0,8,August,Winter,Wednesday,08:00 - 09:59,AM peak / school commute,True,False,True,True
1360073,Injury,Minor/Other Injury,2024,2024,May,Thursday,04:00 - 05:59,CURTIS,RD,0,Right on the spot,HEZLETT,RD,NORTH KELLYVILLE,,No,Not a school zone,Roundabout,-33.690093,150.954672,The Hills,Sydney metro. area,Syd-Newc-Woll Gtr conurbation,Straight,,,,Unknown / not stated,Sealed,Dry,Fog or mist,Darkness,Nil,Give way sign,60 km/h,Local,16,Left near,107,Adj - Left-thru from right,,Right angle,Car (sedan/hatch),Car (sedan/hatch),2,0,0,0,1,5,May,Autumn,Thursday,04:00 - 05:59,Late night / early morning,False,False,True,True
1360075,Injury,Moderate Injury,2024,2024,August,Saturday,08:00 - 09:59,PACIFIC,HWY,70,North,MILLS,AVE,ASQUITH,10.0,No,Not a school zone,2-way undivided,-33.68283,151.110794,Hornsby,Sydney metro. area,Syd-Newc-Woll Gtr conurbation,Straight,,,,Unknown / not stated,Sealed,Dry,Fine,Daylight,Nil,No traffic controls,60 km/h,State,73,Off rd rght => obj,704,Right off cway into obj,,Vehicle - Object,4 wheel drive / SUV,,1,0,0,1,0,8,August,Winter,Saturday,08:00 - 09:59,AM peak / school commute,True,False,True,True
1360078,Injury,Moderate Injury,2024,2024,August,Wednesday,08:00 - 09:59,MILLWOOD,RD,2000,North,WITHERS,LANE,THE GAP,543.0,No,Not a school zone,2-way undivided,-34.982162,147.152232,Wagga Wagga,Country non-urban,Rest of NSW - Rural,Straight,Ditch/drain/culvert,,,Unknown / not stated,Sealed,Wet,Raining,Daylight,Nil,No traffic controls,100 km/h,Regional,70,Off road to left,701,Off carriageway to left,,Rollover,4 wheel drive / SUV,,1,0,0,1,0,8,August,Winter,Wednesday,08:00 - 09:59,AM peak / school commute,True,False,True,True
1360085,Injury,Minor/Other Injury,2024,2024,August,Monday,16:00 - 17:59,EMPIRE BAY,DR,0,Right on the spot,COCHRONE,ST,KINCUMBER,349.0,No,Not a school zone,Roundabout,-33.472442,151.394817,Central Coast,Country urban,Syd-Newc-Woll Gtr conurbation,Straight,,,,Unknown / not stated,Sealed,Wet,Raining,Dusk,Nil,Give way sign,60 km/h,State,30,Rear end,301,Same - Rear end,,Rear end,4 wheel drive / SUV,4 wheel drive / SUV,2,0,0,0,1,8,August,Winter,Monday,16:00 - 17:59,PM peak / evening commute,True,False,True,True
1360088,Injury,Minor/Other Injury,2024,2024,August,Sunday,12:00 - 13:59,BRIGANTINE,DR,0,Right on the spot,NUMBER 54,HN,SHELL COVE,,No,Not a school zone,2-way undivided,-34.585027,150.864985,Shellharbour,Wollongong met. area,Syd-Newc-Woll Gtr conurbation,Straight,,,,Unknown / not stated,Sealed,Dry,Fine,Daylight,Nil,No traffic controls,50 km/h,Local,40,U turn,207,Opp - U-turn,,Other angle,4 wheel drive / SUV,4 wheel drive / SUV,2,0,0,0,1,8,August,Winter,Sunday,12:00 - 13:59,Midday / afternoon,False,False,True,True
1360089,Injury,Moderate Injury,2024,2024,July,Monday,04:00 - 05:59,YASS RIVER,RD,500,East,BERREBANGALO,RD,YASS RIVER,,No,Not a school zone,2-way undivided,-34.919005,149.167989,Yass Valley,Country non-urban,Rest of NSW - Rural,Curved,,,,Unknown / not stated,Unsealed,Dry,Fine,Darkness,Nil,No traffic controls,100 km/h,Local,87,Off lft/lft bnd=>obj,804,Off left bend into obj,Left,Vehicle - Object,Car (sedan/hatch),,1,0,0,1,0,7,July,Winter,Monday,04:00 - 05:59,Late night / early morning,False,False,True,True
1360090,Injury,Minor/Other Injury,2024,2024,August,Monday,08:00 - 09:59,MINJUNGBAL,DR,10,South,KIRKWOOD,RD,TWEED HEADS SOUTH,7733.0,No,Not a school zone,X-intersection,-28.198572,153.543792,Tweed,Country urban,Rest of NSW - Urban,Straight,,,,Off,Sealed,Dry,Fine,Daylight,On,No traffic controls,60 km/h,Regional,30,Rear end,301,Same - Rear end,,Rear end,Passenger van,Light truck utility(from 2018),2,0,0,0,1,8,August,Winter,Monday,08:00 - 09:59,AM peak / school commute,True,False,True,True
1360095,Injury,Minor/Other Injury,2024,2024,August,Sunday,18:00 - 19:59,DARK CORNER,RD,20,North,WATTLE CREEK,RD,DARK CORNER,,No,Not a school zone,2-way undivided,-33.296358,149.876335,Lithgow,Country non-urban,Rest of NSW - Rural,Straight,,,,Unknown / not stated,Sealed,Dry,Fine,Darkness,Nil,No traffic controls,100 km/h,Local,67,Struck animal,609,On path - Hit animal,,Vehicle - Animal,4 wheel drive / SUV,,1,0,0,0,1,8,August,Winter,Sunday,18:00 - 19:59,PM peak / evening commute,True,False,True,True
1360097,Injury,Minor/Other Injury,2024,2024,August,Saturday,08:00 - 09:59,SOUTHERN,EXP,250,South,EMERSON,RD,DAPTO,6006.0,No,Not a school zone,Dual freeway,-34.506276,150.789991,Wollongong,Wollongong met. area,Syd-Newc-Woll Gtr conurbation,Curved,,,,Unknown / not stated,Sealed,Dry,Fine,Daylight,Nil,No traffic controls,100 km/h,State,30,Rear end,301,Same - Rear end,,Rear end,Car (sedan/hatch),4 wheel drive / SUV,2,0,0,0,1,8,August,Winter,Saturday,08:00 - 09:59,AM peak / school commute,True,False,True,True
1360099,Injury,Minor/Other Injury,2024,2024,August,Tuesday,10:00 - 11:59,WARRINGAH,RD,0,Right on the spot,JONES,ST,BEACON HILL,328.0,No,Not a school zone,T-junction,-33.751826,151.248307,Northern Beaches,Sydney metro. area,Syd-Newc-Woll Gtr conurbation,Straight,,,,Unknown / not stated,Sealed,Dry,Fine,Daylight,Nil,No traffic controls,50 km/h,State,35,Lane change left,307,Same - Lane change left,,Other angle,4 wheel drive / SUV,4 wheel drive / SUV,2,0,0,0,1,8,August,Winter,Tuesday,10:00 - 11:59,Midday / afternoon,False,False,True,True
1360103,Injury,Moderate Injury,2024,2024,July,Monday,16:00 - 17:59,ASHFORD,AVE,0,Right on the spot,ZONNEBEKE,CRES,MILPERRA,,No,Not a school zone,T-junction,-33.940993,150.988667,Canterbury-Bankstown,Sydney metro. area,Syd-Newc-Woll Gtr conurbation,Straight,Steep grade,,,Unknown / not stated,Sealed,Dry,Fine,Darkness,Nil,No traffic controls,50 km/h,Local,21,Right through,202,Opp - Right-thru,,Other angle,Car (sedan/hatch),Car (sedan/hatch),2,0,0,1,0,7,July,Winter,Monday,16:00 - 17:59,PM peak / evening commute,True,False,True,True
1360104,Injury,Serious Injury,2024,2024,March,Thursday,10:00 - 11:59,RAZORBACK,RD,1000,West,CASTLEREAGH,HWY,RUNNING STREAM,,No,Not a school zone,2-way undivided,-33.021928,149.867517,Mid-Western Regional,Country non-urban,Rest of NSW - Rural,Straight,,,,Unknown / not stated,Unsealed,Dry,Fine,Daylight,Nil,No traffic controls,100 km/h,Local,67,Struck animal,609,On path - Hit animal,,Vehicle - Animal,Motorcycle,,1,0,1,0,0,3,March,Autumn,Thursday,10:00 - 11:59,Midday / afternoon,False,False,True,True
1360105,Injury,Serious Injury,2024,2024,August,Saturday,08:00 - 09:59,LONDONDERRY,RD,360,North,THE DRIFTWAY,MS,RICHMOND,630.0,No,Not a school zone,2-way undivided,-33.620753,150.740433,Hawkesbury,Country urban,Syd-Newc-Woll Gtr conurbation,Straight,,,,Unknown / not stated,Sealed,Dry,Fine,Daylight,Nil,No traffic controls,80 km/h,State,71,Off rd left => obj,703,Left off cway into object,,Vehicle - Object,Car (sedan/hatch),,1,0,1,0,0,8,August,Winter,Saturday,08:00 - 09:59,AM peak / school commute,True,False,True,True
1360110,Injury,Minor/Other Injury,2024,2024,July,Monday,18:00 - 19:59,SUTHERLAND,ST,10,South,COWARD,ST,MASCOT,,Yes,No,X-intersection,-33.926356,151.200834,Bayside,Sydney metro. area,Syd-Newc-Woll Gtr conurbation,Straight,,,,Unknown / not stated,Sealed,Wet,Raining,Dusk,On,No traffic controls,50 km/h,Local,30,Rear end,301,Same - Rear end,,Rear end,Light truck utility(from 2018),Car (sedan/hatch),2,0,0,0,1,7,July,Winter,Monday,18:00 - 19:59,PM peak / evening commute,True,False,True,True
1360111,Injury,Moderate Injury,2024,2024,August,Saturday,00:01 - 01:59,PYREE,LANE,500,South,GREENWELL POINT,RD,PYREE,7632.0,No,Not a school zone,2-way undivided,-34.912281,150.684724,Shoalhaven,Country urban,Rest of NSW - Urban,Straight,,,,Unknown / not stated,Sealed,Dry,Fine,Darkness,Nil,No traffic controls,80 km/h,Regional,67,Struck animal,609,On path - Hit animal,,Vehicle - Animal,Light truck utility(from 2018),,1,0,0,1,0,8,August,Winter,Saturday,00:01 - 01:59,Late night / early morning,False,False,True,True
1360113,Injury,Minor/Other Injury,2024,2024,June,Tuesday,14:00 - 15:59,HAMPDEN,RD,0,Right on the spot,NUMBER 109,HN,LAKEMBA,,No,Not a school zone,2-way undivided,-33.912831,151.071796,Canterbury-Bankstown,Sydney metro. area,Syd-Newc-Woll Gtr conurbation,Straight,Driveway/entrance,,,Unknown / not stated,Sealed,Wet,Overcast,Daylight,Nil,No traffic controls,50 km/h,Local,47,Emerging from drive,406,Manov - Emerging from driveway,,Right angle,Car (sedan/hatch),4 wheel drive / SUV,2,0,0,0,1,6,June,Winter,Tuesday,14:00 - 15:59,Midday / afternoon,False,False,True,True
1360115,Injury,Minor/Other Injury,2024,2024,August,Sunday,10:00 - 11:59,HUME,HWY,0,Right on the spot,NUMBER 279,HN,GREENACRE,2.0,No,Not a school zone,Divided road,-33.903486,151.043112,Canterbury-Bankstown,Sydney metro. area,Syd-Newc-Woll Gtr conurbation,Straight,,,,Unknown / not stated,Sealed,Dry,Unknown,Daylight,Nil,No traffic controls,70 km/h,State,30,Rear end,301,Same - Rear end,,Rear end,Light truck utility(from 2018),Car (sedan/hatch),2,0,0,0,1,8,August,Winter,Sunday,10:00 - 11:59,Midday / afternoon,False,False,True,True
1360117,Injury,Minor/Other Injury,2024,2024,August,Friday,12:00 - 13:59,CENTRAL COAST,HWY,0,Right on the spot,VICTORIA,ST,EAST GOSFORD,30.0,No,Not a school zone,Y-junction,-33.437497,151.353271,Central Coast,Country urban,Syd-Newc-Woll Gtr conurbation,Curved,,,,Unknown / not stated,Sealed,Dry,Fine,Daylight,Nil,Give way sign,60 km/h,State,30,Rear end,301,Same - Rear end,,Rear end,4 wheel drive / SUV,Utility,2,0,0,0,1,8,August,Winter,Friday,12:00 - 13:59,Midday / afternoon,False,False,True,True
1360123,Injury,Moderate Injury,2024,2024,August,Saturday,04:00 - 05:59,BOYS,AVE,0,Right on the spot,FIRST,AVE,BLACKTOWN,,No,Not a school zone,Roundabout,-33.76748,150.909197,Blacktown,Sydney metro. area,Syd-Newc-Woll Gtr conurbation,Straight,,,,Unknown / not stated,Sealed,Dry,Fine,Darkness,Nil,Give way sign,50 km/h,Local,10,Cross traffic,101,Adj - Cross traffic,,Right angle,4 wheel drive / SUV,Car (sedan/hatch),2,0,0,1,0,8,August,Winter,Saturday,04:00 - 05:59,Late night / early morning,False,False,True,True
1360126,Injury,Serious Injury,2024,2024,August,Saturday,18:00 - 19:59,BUNGARRIBEE,RD,350,West,BALMORAL,ST,BLACKTOWN,7465.0,No,Not a school zone,Divided road,-33.776022,150.896349,Blacktown,Sydney metro. area,Syd-Newc-Woll Gtr conurbation,Straight,,,,On,Sealed,Dry,Fine,Dusk,Nil,No traffic controls,60 km/h,Regional,71,Off rd left => obj,703,Left off cway into object,,Other angle,Motorcycle,4 wheel drive / SUV,2,0,1,0,0,8,August,Winter,Saturday,18:00 - 19:59,PM peak / evening commute,True,False,True,True
1360127,Injury,Minor/Other Injury,2024,2024,July,Tuesday,16:00 - 17:59,CUMBERLAND,HWY,0,Right on the spot,THE HORSLEY,DR,SMITHFIELD,13.0,No,Not a school zone,X-intersection,-33.853544,150.940641,Fairfield,Sydney metro. area,Syd-Newc-Woll Gtr conurbation,Curved,,,,Unknown / not stated,Sealed,Dry,Fine,Daylight,On,No traffic controls,70 km/h,State,30,Rear end,301,Same - Rear end,,Rear end,Light truck utility(from 2018),4 wheel drive / SUV,2,0,0,0,1,7,July,Winter,Tuesday,16:00 - 17:59,PM peak / evening commute,True,False,True,True
1360132,Injury,Moderate Injury,2024,2024,August,Tuesday,20:00 - 21:59,SUNNYHOLT,RD,0,Right on the spot,QUAKERS HILL,PKWY,ACACIA GARDENS,642.0,No,Not a school zone,T-junction,-33.731262,150.921332,Blacktown,Sydney metro. area,Syd-Newc-Woll Gtr conurbation,Straight,,,,Unknown / not stated,Sealed,Dry,Fine,Unknown,On,No traffic controls,70 km/h,State,21,Right through,202,Opp - Right-thru,,Other angle,4 wheel drive / SUV,Car (sedan/hatch),2,0,0,1,0,8,August,Winter,Tuesday,20:00 - 21:59,Evening / night,False,False,True,True
1360135,Injury,Moderate Injury,2024,2024,August,Tuesday,08:00 - 09:59,FAIRWAY,DR,0,Right on the spot,THE PARK,DR,SANCTUARY POINT,,No,Not a school zone,T-junction,-35.095934,150.627409,Shoalhaven,Country urban,Rest of NSW - Urban,Straight,,,,Unknown / not stated,Sealed,Dry,Fine,Daylight,Nil,No traffic controls,50 km/h,Local,13,Right near,104,Adj - Right-thru from right,,Right angle,4 wheel drive / SUV,4 wheel drive / SUV,2,0,0,1,0,8,August,Winter,Tuesday,08:00 - 09:59,AM peak / school commute,True,False,True,True
1360138,Injury,Minor/Other Injury,2024,2024,August,Saturday,14:00 - 15:59,RESERVOIR,RD,0,Right on the spot,NUMBER 110,HN,BLACKTOWN,683.0,No,Not a school zone,2-way undivided,-33.786916,150.899499,Blacktown,Sydney metro. area,Syd-Newc-Woll Gtr conurbation,Straight,,,,Unknown / not stated,Sealed,Dry,Fine,Daylight,Nil,No traffic controls,60 km/h,State,30,Rear end,301,Same - Rear end,,Rear end,4 wheel drive / SUV,Car (sedan/hatch),3,0,0,0,3,8,August,Winter,Saturday,14:00 - 15:59,Midday / afternoon,False,False,True,True
1360141,Injury,Minor/Other Injury,2024,2024,August,Wednesday,16:00 - 17:59,ITALIA,RD,0,Right on the spot,WILMOT,TRL,BALICKERA,,No,Not a school zone,T-junction,-32.666184,151.799292,Port Stephens,Country non-urban,Rest of NSW - Rural,Straight,Steep grade,,,Unknown / not stated,Sealed,Dry,Fine,Daylight,Nil,No traffic controls,90 km/h,Local,30,Rear end,301,Same - Rear end,,Rear end,4 wheel drive / SUV,4 wheel drive / SUV,2,0,0,0,1,8,August,Winter,Wednesday,16:00 - 17:59,PM peak / evening commute,True,False,True,True
1360142,Injury,Moderate Injury,2024,2024,August,Saturday,18:00 - 19:59,NARELLAN,RD,0,Right on the spot,HUME HIGHWAY,TO,MOUNT ANNAN,178.0,No,Not a school zone,Divided road,-34.060681,150.78272,Campbelltown,Sydney metro. area,Syd-Newc-Woll Gtr conurbation,Straight,Steep grade,,,On,Sealed,Dry,Fine,Darkness,Nil,No traffic controls,80 km/h,State,30,Rear end,301,Same - Rear end,,Rear end,Car (sedan/hatch),4 wheel drive / SUV,2,0,0,1,0,8,August,Winter,Saturday,18:00 - 19:59,PM peak / evening commute,True,False,True,True
1360143,Injury,Minor/Other Injury,2024,2024,August,Wednesday,16:00 - 17:59,WESTERN,DSTR,300,North,BATHURST,ST,SYDNEY,165.0,No,Not a school zone,Divided road,-33.871422,151.203016,Sydney,Sydney metro. area,Syd-Newc-Woll Gtr conurbation,Straight,Underpass/tunnel,,,Unknown / not stated,Sealed,Wet,Overcast,Daylight,Nil,No traffic controls,70 km/h,State,30,Rear end,301,Same - Rear end,,Rear end,Light truck utility(from 2018),Car (sedan/hatch),2,0,0,0,1,8,August,Winter,Wednesday,16:00 - 17:59,PM peak / evening commute,True,False,True,True
1360147,Injury,Minor/Other Injury,2024,2024,August,Thursday,20:00 - 21:59,PRINCES,HWY,0,Right on the spot,MEMORIAL,DR,BULLI,1.0,No,Not a school zone,X-intersection,-34.33726,150.910815,Wollongong,Wollongong met. area,Syd-Newc-Woll Gtr conurbation,Straight,Foot/cycle path/nature strip,,,Unknown / not stated,Sealed,Dry,Fine,Darkness,On,No traffic controls,60 km/h,State,70,Off road to left,701,Off carriageway to left,,Rollover,Car (sedan/hatch),,1,0,0,0,1,8,August,Winter,Thursday,20:00 - 21:59,Evening / night,False,False,True,True
1360151,Injury,Minor/Other Injury,2024,2024,August,Thursday,12:00 - 13:59,DOUGLAS PARK,DR,0,Right on the spot,NUMBER 278,HN,DOUGLAS PARK,,No,Not a school zone,2-way undivided,-34.213064,150.721396,Wollondilly,Country urban,Syd-Newc-Woll Gtr conurbation,Straight,Driveway/entrance,,,Unknown / not stated,Sealed,Dry,Overcast,Daylight,Nil,No traffic controls,80 km/h,Local,47,Emerging from drive,406,Manov - Emerging from driveway,,Right angle,Light truck utility(from 2018),4 wheel drive / SUV,2,0,0,0,1,8,August,Winter,Thursday,12:00 - 13:59,Midday / afternoon,False,False,True,True