crash_id,degree_of_crash,degree_of_crash_-_detailed,reporting_year,year_of_crash,month_of_crash,day_of_week_of_crash,two-hour_intervals,street_of_crash,street_type,distance,direction,identifying_feature,identifying_feature_type,town,route_no.,school_zone_location,school_zone_active,type_of_location,latitude,longitude,lga,urbanisation,conurbation_1,alignment,primary_permanent_feature,primary_temporary_feature,primary_hazardous_feature,street_lighting,road_surface,surface_condition,weather,natural_lighting,signals_operation,other_traffic_control,speed_limit,road_classification_(admin),rum_-_code,rum_-_description,dca_-_code,dca_-_description,dca_supplement,first_impact_type,key_tu_type,other_tu_type,no._of_traffic_units_involved,no._killed,no._seriously_injured,no._moderately_injured,no._minor-other_injured,month_num,month_label,season,day_label,time_label,time_band,is_peak_commute,is_fatal,is_injury,is_casualty
1360153,Injury,Minor/Other Injury,2024,2024,August,Sunday,14:00 - 15:59,NEWCASTLE,EXP,2000,North,PACIFIC HIGHWAY,OP,WAHROONGA,6003.0,No,Not a school zone,Dual freeway,-33.702302,151.117967,Hornsby,Sydney metro. area,Syd-Newc-Woll Gtr conurbation,Straight,,,,Unknown / not stated,Sealed,Dry,Fine,Daylight,Nil,No traffic controls,110 km/h,State,30,Rear end,301,Same - Rear end,,Rear end,Car (sedan/hatch),Car (sedan/hatch),4,0,0,0,1,8,August,Winter,Sunday,14:00 - 15:59,Midday / afternoon,False,False,True,True
1360157,Injury,Minor/Other Injury,2024,2024,August,Thursday,16:00 - 17:59,ANZAC,PDE,0,Right on the spot,RAINBOW,ST,KINGSFORD,171.0,No,Not a school zone,X-intersection,-33.924354,151.228416,Randwick,Sydney metro. area,Syd-Newc-Woll Gtr conurbation,Curved,,,,Unknown / not stated,Sealed,Dry,Fine,Daylight,On,No traffic controls,50 km/h,State,30,Rear end,301,Same - Rear end,,Rear end,Light truck,Car (sedan/hatch),2,0,0,0,1,8,August,Winter,Thursday,16:00 - 17:59,PM peak / evening commute,True,False,True,True
1360158,Injury,Minor/Other Injury,2024,2024,August,Wednesday,12:00 - 13:59,WESTON,ST,0,Right on the spot,NUMBER 67,HN,DULWICH HILL,,No,Not a school zone,2-way undivided,-33.898116,151.140295,Inner West,Sydney metro. area,Syd-Newc-Woll Gtr conurbation,Straight,,,,Unknown / not stated,Sealed,Wet,Raining,Daylight,Nil,No traffic controls,50 km/h,Local,30,Rear end,301,Same - Rear end,,Rear end,Light truck utility(from 2018),Car (sedan/hatch),3,0,0,0,1,8,August,Winter,Wednesday,12:00 - 13:59,Midday / afternoon,False,False,True,True
1360161,Injury,Minor/Other Injury,2024,2024,July,Tuesday,10:00 - 11:59,NORTH ROCKS,RD,0,Right on the spot,NEW NORTH ROCKS,RD,NORTH ROCKS,7144.0,Yes,No,T-junction,-33.775038,151.023814,Parramatta,Sydney metro. area,Syd-Newc-Woll Gtr conurbation,Curved,,,,Unknown / not stated,Sealed,Dry,Fine,Daylight,Nil,Give way sign,60 km/h,Regional,13,Right near,104,Adj - Right-thru from right,,Right angle,Other bus,Car (sedan/hatch),2,0,0,0,1,7,July,Winter,Tuesday,10:00 - 11:59,Midday / afternoon,False,False,True,True
1360162,Injury,Moderate Injury,2024,2024,August,Wednesday,06:00 - 07:59,OXFORD,ST,0,Right on the spot,NUMBER 252,HN,PADDINGTON,172.0,No,Not a school zone,Divided road,-33.885054,151.227076,Woollahra,Sydney metro. area,Syd-Newc-Woll Gtr conurbation,Curved,Mid-blk median openg,,,Unknown / not stated,Sealed,Dry,Fine,Daylight,Nil,No traffic controls,50 km/h,State,40,U turn,304,Same - U-turn,,Other angle,Light truck utility(from 2018),Motorcycle,2,0,0,1,0,8,August,Winter,Wednesday,06:00 - 07:59,AM peak / school commute,True,False,True,True
1360165,Injury,Moderate Injury,2024,2024,August,Thursday,12:00 - 13:59,ULAN,RD,0,Right on the spot,LUE,RD,PUTTA BUCCA,208.0,No,Not a school zone,Roundabout,-32.585917,149.590405,Mid-Western Regional,Country urban,Rest of NSW - Urban,Curved,,,,Unknown / not stated,Sealed,Dry,Fine,Daylight,Nil,Give way sign,50 km/h,Regional,85,Off rt/lft bnd=>obj,706,Left turn,Right,Vehicle - Object,Car (sedan/hatch),,1,0,0,1,0,8,August,Winter,Thursday,12:00 - 13:59,Midday / afternoon,False,False,True,True
1360168,Injury,Moderate Injury,2024,2024,August,Monday,10:00 - 11:59,COOMA,ST,0,Right on the spot,LOWE,ST,QUEANBEYAN,584.0,Yes,No,Roundabout,-35.356324,149.233394,Queanbeyan-Palerang Regional,Country urban,Rest of NSW - Urban,Straight,,,,Unknown / not stated,Sealed,Dry,Fine,Daylight,Nil,Give way sign,50 km/h,Regional,16,Left near,107,Adj - Left-thru from right,,Right angle,Light truck utility(from 2018),4 wheel drive / SUV,2,0,0,1,0,8,August,Winter,Monday,10:00 - 11:59,Midday / afternoon,False,False,True,True
1360169,Injury,Minor/Other Injury,2024,2024,August,Thursday,08:00 - 09:59,FAIRFORD,RD,50,South,SOUTH WESTERN,EXP,PADSTOW,190.0,No,Not a school zone,Divided road,-33.940887,151.035363,Canterbury-Bankstown,Sydney metro. area,Syd-Newc-Woll Gtr conurbation,Straight,,,,Unknown / not stated,Sealed,Dry,Fine,Daylight,Nil,No traffic controls,70 km/h,State,30,Rear end,301,Same - Rear end,,Rear end,4 wheel drive / SUV,4 wheel drive / SUV,2,0,0,0,1,8,August,Winter,Thursday,08:00 - 09:59,AM peak / school commute,True,False,True,True
1360171,Injury,Serious Injury,2024,2024,August,Saturday,10:00 - 11:59,SIR BERTRAM STEVENS,DR,500,North,FLAT ROCK CREEK,BDGE,ROYAL NATIONAL PARK,393.0,No,Not a school zone,2-way undivided,-34.114999,151.063608,Sutherland,Sydney metro. area,Syd-Newc-Woll Gtr conurbation,Curved,Steep grade,,,Unknown / not stated,Sealed,Dry,Fine,Daylight,Nil,No traffic controls,60 km/h,State,83,Off rt/rt bnd=>obj,803,Off right bend into obj,Right,Vehicle - Object,Motorcycle,,1,0,1,0,0,8,August,Winter,Saturday,10:00 - 11:59,Midday / afternoon,False,False,True,True
1360172,Injury,Minor/Other Injury,2024,2024,August,Tuesday,16:00 - 17:59,KENT,RD,0,Right on the spot,RICKETTY,ST,MASCOT,183.0,No,Not a school zone,T-junction,-33.921491,151.18423,Bayside,Sydney metro. area,Syd-Newc-Woll Gtr conurbation,Curved,,,,Unknown / not stated,Sealed,Dry,Overcast,Darkness,Nil,Stop sign,60 km/h,State,30,Rear end,301,Same - Rear end,,Rear end,Car (sedan/hatch),Car (sedan/hatch),2,0,0,0,1,8,August,Winter,Tuesday,16:00 - 17:59,PM peak / evening commute,True,False,True,True
1360173,Injury,Serious Injury,2024,2024,August,Tuesday,16:00 - 17:59,BUNNERONG,RD,0,Right on the spot,NUMBER 1304A,HN,PHILLIP BAY,171.0,No,Not a school zone,2-way undivided,-33.981727,151.236277,Randwick,Sydney metro. area,Syd-Newc-Woll Gtr conurbation,Straight,,,,Unknown / not stated,Sealed,Dry,Fine,Daylight,Nil,No traffic controls,60 km/h,Regional,71,Off rd left => obj,703,Left off cway into object,,Other angle,Car (sedan/hatch),Car (sedan/hatch),2,0,1,0,0,8,August,Winter,Tuesday,16:00 - 17:59,PM peak / evening commute,True,False,True,True
1360179,Injury,Minor/Other Injury,2024,2024,May,Wednesday,14:00 - 15:59,BEN LOMOND,RD,0,Right on the spot,HOLMES,RD,MINTO,7196.0,No,Not a school zone,Roundabout,-34.026218,150.836082,Campbelltown,Sydney metro. area,Syd-Newc-Woll Gtr conurbation,Straight,Steep grade,,,Unknown / not stated,Sealed,Dry,Fine,Daylight,Nil,Give way sign,60 km/h,Regional,30,Rear end,301,Same - Rear end,,Rear end,Car (sedan/hatch),4 wheel drive / SUV,2,0,0,0,1,5,May,Autumn,Wednesday,14:00 - 15:59,Midday / afternoon,False,False,True,True
1360181,Injury,Minor/Other Injury,2024,2024,August,Friday,08:00 - 09:59,HEATHCOTE,RD,200,West,NEW ILLAWARRA,RD,LUCAS HEIGHTS,512.0,No,Not a school zone,2-way undivided,-34.053431,150.968816,Sutherland,Sydney metro. area,Syd-Newc-Woll Gtr conurbation,Curved,Crest,,,Unknown / not stated,Sealed,Dry,Fine,Daylight,Nil,No traffic controls,70 km/h,State,30,Rear end,301,Same - Rear end,,Rear end,Large rigid,Large rigid,2,0,0,0,1,8,August,Winter,Friday,08:00 - 09:59,AM peak / school commute,True,False,True,True
1360183,Injury,Minor/Other Injury,2024,2024,August,Wednesday,14:00 - 15:59,MARGARET,ST,0,Right on the spot,VIVIENNE,ST,KINGSGROVE,,No,Not a school zone,X-intersection,-33.945654,151.099474,Georges River,Sydney metro. area,Syd-Newc-Woll Gtr conurbation,Straight,,,,Unknown / not stated,Sealed,Dry,Fine,Daylight,Nil,Stop sign,50 km/h,Local,19,Other adjacent,100,Adj - other,,Right angle,Car (sedan/hatch),Car (sedan/hatch),2,0,0,0,3,8,August,Winter,Wednesday,14:00 - 15:59,Midday / afternoon,False,False,True,True
1360185,Injury,Minor/Other Injury,2024,2024,August,Saturday,08:00 - 09:59,STANMORE,RD,0,Right on the spot,MIDDLETON,ST,STANMORE,167.0,No,Not a school zone,T-junction,-33.896227,151.161621,Inner West,Sydney metro. area,Syd-Newc-Woll Gtr conurbation,Curved,,,,Unknown / not stated,Sealed,Dry,Fine,Daylight,Nil,No right turn,60 km/h,State,30,Rear end,301,Same - Rear end,,Rear end,4 wheel drive / SUV,Car (sedan/hatch),2,0,0,0,1,8,August,Winter,Saturday,08:00 - 09:59,AM peak / school commute,True,False,True,True
1360188,Injury,Minor/Other Injury,2024,2024,July,Sunday,12:00 - 13:59,CREMONA,RD,0,Right on the spot,NUMBER 33-41,HN,COMO,,No,Not a school zone,2-way undivided,-33.999539,151.067793,Sutherland,Sydney metro. area,Syd-Newc-Woll Gtr conurbation,Straight,,,,Unknown / not stated,Sealed,Dry,Fine,Daylight,Nil,No traffic controls,50 km/h,Local,71,Off rd left => obj,703,Left off cway into object,,Other angle,4 wheel drive / SUV,Car (sedan/hatch),2,0,0,0,1,7,July,Winter,Sunday,12:00 - 13:59,Midday / afternoon,False,False,True,True
1360189,Injury,Minor/Other Injury,2024,2024,August,Thursday,16:00 - 17:59,MONASH,RD,0,Right on the spot,RYDE,RD,GLADESVILLE,2033.0,No,Not a school zone,Roundabout,-33.822517,151.125337,Ryde,Sydney metro. area,Syd-Newc-Woll Gtr conurbation,Straight,,,,Unknown / not stated,Sealed,Dry,Fine,Daylight,Nil,Give way sign,50 km/h,Regional,30,Rear end,301,Same - Rear end,,Rear end,Car (sedan/hatch),Car (sedan/hatch),3,0,0,0,1,8,August,Winter,Thursday,16:00 - 17:59,PM peak / evening commute,True,False,True,True
1360192,Injury,Moderate Injury,2024,2024,August,Wednesday,14:00 - 15:59,ANZAC,PDE,0,Right on the spot,MURRAY,ST,MAROUBRA,661.0,No,Not a school zone,T-junction,-33.950786,151.241229,Randwick,Sydney metro. area,Syd-Newc-Woll Gtr conurbation,Straight,,,,Off,Sealed,Wet,Overcast,Daylight,Nil,Give way sign,60 km/h,State,10,Cross traffic,101,Adj - Cross traffic,,Right angle,Car (sedan/hatch),4 wheel drive / SUV,2,0,0,1,0,8,August,Winter,Wednesday,14:00 - 15:59,Midday / afternoon,False,False,True,True
1360194,Injury,Moderate Injury,2024,2024,August,Monday,06:00 - 07:59,VICTORIA,RD,0,Right on the spot,MOIRA,AVE,WEST RYDE,165.0,No,Not a school zone,T-junction,-33.806036,151.079119,Ryde,Sydney metro. area,Syd-Newc-Woll Gtr conurbation,Straight,,,,Unknown / not stated,Sealed,Dry,Fine,Darkness,Nil,No traffic controls,70 km/h,State,37,Left turn sideswipe,309,Same - Left turn side swipe,,Other angle,4 wheel drive / SUV,Motorcycle,3,0,0,1,0,8,August,Winter,Monday,06:00 - 07:59,AM peak / school commute,True,False,True,True
1360196,Injury,Minor/Other Injury,2024,2024,August,Saturday,14:00 - 15:59,GREAT WESTERN,HWY,0,Right on the spot,BEDFORD,RD,HOMEBUSH WEST,5.0,No,Not a school zone,T-junction,-33.860823,151.075021,Strathfield,Sydney metro. area,Syd-Newc-Woll Gtr conurbation,Straight,,,,Unknown / not stated,Sealed,Dry,Fine,Daylight,Nil,No traffic controls,60 km/h,State,21,Right through,202,Opp - Right-thru,,Other angle,4 wheel drive / SUV,Light truck utility(from 2018),2,0,0,0,1,8,August,Winter,Saturday,14:00 - 15:59,Midday / afternoon,False,False,True,True
1360198,Injury,Moderate Injury,2024,2024,August,Thursday,12:00 - 13:59,PRINCES,HWY,0,Right on the spot,NUMBER 237,HN,SYLVANIA,1.0,No,Not a school zone,Divided road,-34.010284,151.095532,Sutherland,Sydney metro. area,Syd-Newc-Woll Gtr conurbation,Curved,,,,Unknown / not stated,Sealed,Dry,Fine,Daylight,Nil,No traffic controls,70 km/h,State,30,Rear end,301,Same - Rear end,,Rear end,Motorcycle,Light truck utility(from 2018),2,0,0,1,0,8,August,Winter,Thursday,12:00 - 13:59,Midday / afternoon,False,False,True,True
1360201,Injury,Serious Injury,2024,2024,February,Sunday,14:00 - 15:59,GENERAL HOLMES,DR,0,Right on the spot,BESTIC,ST,KYEEMAGH,194.0,No,Not a school zone,X-intersection,-33.951629,151.161179,Bayside,Sydney metro. area,Syd-Newc-Woll Gtr conurbation,Curved,,,,Off,Sealed,Dry,Fine,Daylight,Off,No traffic controls,60 km/h,State,87,Off lft/lft bnd=>obj,706,Left turn,Left,Vehicle - Object,Motorcycle,,1,0,1,0,0,2,February,Summer,Sunday,14:00 - 15:59,Midday / afternoon,False,False,True,True
1360202,Injury,Serious Injury,2024,2024,April,Saturday,14:00 - 15:59,BARKER,RD,0,Right on the spot,CHALMERS,RD,STRATHFIELD,,No,Not a school zone,T-junction,-33.877606,151.08236,Strathfield,Sydney metro. area,Syd-Newc-Woll Gtr conurbation,Straight,,,,Nil,Sealed,Dry,Fine,Daylight,Nil,No traffic controls,50 km/h,Local,75,Off end of road,709,Off end cway or T junct,,Vehicle - Object,Car (sedan/hatch),,1,0,1,0,0,4,April,Autumn,Saturday,14:00 - 15:59,Midday / afternoon,False,False,True,True
1360203,Injury,Serious Injury,2024,2024,March,Thursday,16:00 - 17:59,DURI,RD,0,Right on the spot,HILLVUE,RD,SOUTH TAMWORTH,130.0,Yes,No,T-junction,-31.111948,150.896477,Tamworth Regional,Country urban,Rest of NSW - Urban,Straight,,,,On,Sealed,Dry,Fine,Daylight,Nil,Give way sign,60 km/h,Regional,13,Right near,104,Adj - Right-thru from right,,Right angle,4 wheel drive / SUV,4 wheel drive / SUV,2,0,1,1,0,3,March,Autumn,Thursday,16:00 - 17:59,PM peak / evening commute,True,False,True,True
1360205,Injury,Moderate Injury,2024,2024,April,Wednesday,22:00 - Midnight,POLDING,ST,0,Right on the spot,NUMBER 17,HN,FAIRFIELD,7222.0,No,Not a school zone,2-way undivided,-33.862649,150.956879,Fairfield,Sydney metro. area,Syd-Newc-Woll Gtr conurbation,Curved,,,,On,Sealed,Dry,Fine,Darkness,Nil,No traffic controls,60 km/h,Regional,81,Off left/rt bnd=>obj,803,Off right bend into obj,Left,Vehicle - Object,Light truck utility(from 2018),,1,0,0,1,0,4,April,Autumn,Wednesday,22:00 - Midnight,Evening / night,False,False,True,True
1360209,Injury,Minor/Other Injury,2024,2024,April,Saturday,14:00 - 15:59,HUME,HWY,0,Right on the spot,BRAIDWOOD,ST,STRATHFIELD SOUTH,2.0,Yes,No,T-junction,-33.886436,151.070763,Strathfield,Sydney metro. area,Syd-Newc-Woll Gtr conurbation,Straight,Steep grade,,,Off,Sealed,Dry,Fine,Daylight,Nil,Stop sign,60 km/h,State,21,Right through,202,Opp - Right-thru,,Other angle,Car (sedan/hatch),4 wheel drive / SUV,2,0,0,0,1,4,April,Autumn,Saturday,14:00 - 15:59,Midday / afternoon,False,False,True,True
1360210,Injury,Moderate Injury,2024,2024,April,Thursday,22:00 - Midnight,COWPASTURE,RD,0,Right on the spot,FREDERICK ROAD,TO,CECIL HILLS,648.0,No,Not a school zone,Divided road,-33.894236,150.857034,Liverpool,Sydney metro. area,Syd-Newc-Woll Gtr conurbation,Straight,,,,On,Sealed,Dry,Fine,Darkness,Nil,No traffic controls,70 km/h,State,34,Lane change right,306,Same - Lane change right,,Other angle,Light truck utility(from 2018),Motorcycle,2,0,0,1,0,4,April,Autumn,Thursday,22:00 - Midnight,Evening / night,False,False,True,True
1360212,Injury,Serious Injury,2024,2024,April,Sunday,08:00 - 09:59,MT FAULK,RD,180,South,MONKEY FACE,RD,COORANBONG,,No,Not a school zone,2-way undivided,-33.013565,151.444129,Lake Macquarie,Newcastle met. area,Syd-Newc-Woll Gtr conurbation,Curved,Steep grade,,,Nil,Unsealed,Dry,Fine,Daylight,Nil,No traffic controls,50 km/h,Local,2,Ped far side,3,Ped - Far side,,Vehicle - Pedestrian,Car (sedan/hatch),Pedestrian,2,0,1,0,0,4,April,Autumn,Sunday,08:00 - 09:59,AM peak / school commute,True,False,True,True
1360215,Injury,Moderate Injury,2024,2024,April,Friday,06:00 - 07:59,VICTORIA,RD,0,Right on the spot,CAMBRIDGE,ST,GLADESVILLE,165.0,No,Not a school zone,T-junction,-33.826665,151.126314,Ryde,Sydney metro. area,Syd-Newc-Woll Gtr conurbation,Straight,,,,Off,Sealed,Dry,Fine,Daylight,Nil,No traffic controls,60 km/h,State,71,Off rd left => obj,703,Left off cway into object,,Vehicle - Object,Motorcycle,,1,0,0,1,0,4,April,Autumn,Friday,06:00 - 07:59,AM peak / school commute,True,False,True,True
1360217,Injury,Moderate Injury,2024,2024,May,Monday,08:00 - 09:59,BEAMISH,ST,0,Right on the spot,CAMPSIE,ST,CAMPSIE,2014.0,No,Not a school zone,T-junction,-33.908872,151.103354,Canterbury-Bankstown,Sydney metro. area,Syd-Newc-Woll Gtr conurbation,Straight,,,,Nil,Sealed,Dry,Fine,Daylight,Nil,Ped crossing,40 km/h,Regional,0,Ped nearside,1,Ped - Near side,,Vehicle - Pedestrian,Light truck utility(from 2018),Pedestrian,2,0,0,1,0,5,May,Autumn,Monday,08:00 - 09:59,AM peak / school commute,True,False,True,True
1360220,Injury,Serious Injury,2024,2024,May,Wednesday,16:00 - 17:59,HUME,HWY,0,Right on the spot,WOODVILLE,RD,VILLAWOOD,2.0,No,Not a school zone,X-intersection,-33.88956,150.973286,Canterbury-Bankstown,Sydney metro. area,Syd-Newc-Woll Gtr conurbation,Straight,,,,Off,Sealed,Dry,Fine,Daylight,On,No traffic controls,70 km/h,State,21,Right through,202,Opp - Right-thru,,Other angle,4 wheel drive / SUV,4 wheel drive / SUV,2,0,1,0,0,5,May,Autumn,Wednesday,16:00 - 17:59,PM peak / evening commute,True,False,True,True
1360221,Injury,Serious Injury,2024,2024,April,Friday,14:00 - 15:59,SILVERWATER,RD,0,Right on the spot,WESTERN EXPRESSWAY,TO,AUBURN,190.0,No,Not a school zone,Divided road,-33.843501,151.043514,Cumberland,Sydney metro. area,Syd-Newc-Woll Gtr conurbation,Straight,,,,Nil,Sealed,Dry,Fine,Daylight,Nil,No traffic controls,70 km/h,State,30,Rear end,301,Same - Rear end,,Rear end,Light truck utility(from 2018),4 wheel drive / SUV,2,0,1,1,0,4,April,Autumn,Friday,14:00 - 15:59,Midday / afternoon,False,False,True,True
1360222,Injury,Moderate Injury,2024,2024,May,Thursday,12:00 - 13:59,FRIDAY HUT,RD,350,North,KILLEN FALLS,DR,BROOKLET,,No,Not a school zone,2-way undivided,-28.768917,153.515871,Ballina,Country urban,Rest of NSW - Urban,Curved,,,,Nil,Sealed,Dry,Fine,Daylight,Nil,No traffic controls,80 km/h,Local,20,Head on,201,Opp - Head on,,Head-on,Light truck utility(from 2018),Light truck,2,0,0,1,0,5,May,Autumn,Thursday,12:00 - 13:59,Midday / afternoon,False,False,True,True
1360223,Injury,Moderate Injury,2024,2024,May,Tuesday,22:00 - Midnight,ALLYN RIVER,RD,1000,South,CROSS KEYS,RD,ALLYNBROOK,,No,Not a school zone,2-way undivided,-32.360365,151.528017,Dungog,Country urban,Rest of NSW - Urban,Curved,Steep grade,,,Nil,Sealed,Dry,Fog or mist,Darkness,Nil,No traffic controls,80 km/h,Local,85,Off rt/lft bnd=>obj,804,Off left bend into obj,Right,Vehicle - Object,Light truck utility(from 2018),,1,0,0,1,0,5,May,Autumn,Tuesday,22:00 - Midnight,Evening / night,False,False,True,True
1360230,Injury,Serious Injury,2024,2024,May,Wednesday,08:00 - 09:59,PACIFIC,HWY,100,South,OCEAN,DR,KEW,10.0,No,Not a school zone,Divided road,-31.635254,152.726156,Port Macquarie-Hastings,Country non-urban,Rest of NSW - Rural,Curved,Embankment/cutting,,,Nil,Sealed,Dry,Fine,Daylight,Nil,No traffic controls,110 km/h,State,30,Rear end,301,Same - Rear end,,Rear end,Car (sedan/hatch),Light truck utility(from 2018),2,0,1,0,0,5,May,Autumn,Wednesday,08:00 - 09:59,AM peak / school commute,True,False,True,True
1360231,Injury,Serious Injury,2024,2024,April,Friday,16:00 - 17:59,CAMPBELL,ST,20,East,MACQUARIE,ST,LIVERPOOL,,No,Not a school zone,2-way undivided,-33.917911,150.924911,Liverpool,Sydney metro. area,Syd-Newc-Woll Gtr conurbation,Straight,,,,Off,Sealed,Dry,Fine,Daylight,Nil,Ped crossing,50 km/h,Local,2,Ped far side,3,Ped - Far side,,Vehicle - Pedestrian,Light truck utility(from 2018),Pedestrian,2,0,1,0,0,4,April,Autumn,Friday,16:00 - 17:59,PM peak / evening commute,True,False,True,True
1360232,Injury,Moderate Injury,2024,2024,May,Sunday,10:00 - 11:59,HUME,HWY,100,South,NARELLAN ROAD,OP,MOUNT ANNAN,2.0,No,Not a school zone,Dual freeway,-34.062601,150.784389,Campbelltown,Sydney metro. area,Syd-Newc-Woll Gtr conurbation,Curved,,,,Off,Sealed,Dry,Fine,Daylight,Nil,No traffic controls,110 km/h,State,33,Lane sideswipe,305,Same - Lane side swipe,,Other angle,Light truck utility(from 2018),4 wheel drive / SUV,2,0,0,1,0,5,May,Autumn,Sunday,10:00 - 11:59,Midday / afternoon,False,False,True,True
1360235,Injury,Serious Injury,2024,2024,June,Sunday,20:00 - 21:59,PENNANT HILLS,RD,0,Right on the spot,BELLEVUE,ST,NORTH PARRAMATTA,2114.0,No,Not a school zone,X-intersection,-33.799284,151.009561,Parramatta,Sydney metro. area,Syd-Newc-Woll Gtr conurbation,Straight,Steep grade,,,On,Sealed,Dry,Fine,Darkness,Nil,Stop sign,60 km/h,Regional,13,Right near,104,Adj - Right-thru from right,,Right angle,Car (sedan/hatch),Car (sedan/hatch),2,0,1,0,0,6,June,Winter,Sunday,20:00 - 21:59,Evening / night,False,False,True,True
1360239,Injury,Serious Injury,2024,2024,June,Sunday,16:00 - 17:59,SWIFT,ST,5,East,SWIFT,ST,ALBURY,,No,Not a school zone,T-junction,-36.079035,146.919296,Albury,Country urban,Rest of NSW - Urban,Straight,,,,Nil,Sealed,Dry,Fine,Daylight,Nil,No traffic controls,50 km/h,Local,71,Off rd left => obj,703,Left off cway into object,,Other angle,4 wheel drive / SUV,Car (sedan/hatch),2,0,1,0,0,6,June,Winter,Sunday,16:00 - 17:59,PM peak / evening commute,True,False,True,True
1360240,Injury,Serious Injury,2024,2024,June,Tuesday,16:00 - 17:59,ELDRIDGE,RD,30,West,ARTEGALL,ST,BANKSTOWN,,Yes,No,2-way undivided,-33.932008,151.021804,Canterbury-Bankstown,Sydney metro. area,Syd-Newc-Woll Gtr conurbation,Straight,Pedestrian refuge,,,On,Sealed,Dry,Fine,Darkness,Nil,Ped crossing,50 km/h,Local,2,Ped far side,3,Ped - Far side,,Vehicle - Pedestrian,4 wheel drive / SUV,Pedestrian,2,0,1,0,0,6,June,Winter,Tuesday,16:00 - 17:59,PM peak / evening commute,True,False,True,True
1360241,Injury,Moderate Injury,2024,2024,May,Sunday,18:00 - 19:59,PRINCES,HWY,10,South,CENTENARY,DR,NORTH NAROOMA,1.0,No,Not a school zone,T-junction,-36.208096,150.123755,Eurobodalla,Country urban,Rest of NSW - Urban,Curved,Painted double centre lines,,,Nil,Sealed,Dry,Overcast,Darkness,Nil,Give way sign,50 km/h,State,20,Head on,201,Opp - Head on,,Head-on,Station wagon,4 wheel drive / SUV,2,0,0,1,1,5,May,Autumn,Sunday,18:00 - 19:59,PM peak / evening commute,True,False,True,True
1360242,Injury,Serious Injury,2024,2024,April,Tuesday,04:00 - 05:59,CRONULLA,ST,0,Right on the spot,LAYCOCK,AVE,CRONULLA,,No,Not a school zone,Roundabout,-34.056789,151.152058,Sutherland,Sydney metro. area,Syd-Newc-Woll Gtr conurbation,Straight,,,,Nil,Sealed,Dry,Fine,Darkness,Nil,Give way sign,50 km/h,Local,0,Ped nearside,1,Ped - Near side,,Vehicle - Pedestrian,Light truck utility(from 2018),Pedestrian,2,0,1,0,0,4,April,Autumn,Tuesday,04:00 - 05:59,Late night / early morning,False,False,True,True
1360243,Injury,Moderate Injury,2024,2024,March,Saturday,18:00 - 19:59,WESTERN,EXP,50,West,GREAT WESTERN HIGHWAY,TO,HOLROYD,6004.0,No,Not a school zone,Dual freeway,-33.827718,151.000158,Parramatta,Sydney metro. area,Syd-Newc-Woll Gtr conurbation,Straight,,,,Off,Sealed,Dry,Fine,Daylight,Nil,No traffic controls,90 km/h,State,30,Rear end,301,Same - Rear end,,Rear end,4 wheel drive / SUV,4 wheel drive / SUV,4,0,0,1,0,3,March,Autumn,Saturday,18:00 - 19:59,PM peak / evening commute,True,False,True,True
1360244,Injury,Serious Injury,2024,2024,June,Tuesday,00:01 - 01:59,PACIFIC,HWY,15,South,STANLEY,ST,HAMILTON SOUTH,10.0,No,Not a school zone,2-way undivided,-32.933882,151.751255,Newcastle,Newcastle met. area,Syd-Newc-Woll Gtr conurbation,Straight,,,,On,Sealed,Dry,Fine,Darkness,Nil,No traffic controls,60 km/h,State,71,Off rd left => obj,703,Left off cway into object,,Other angle,Car (sedan/hatch),4 wheel drive / SUV,2,0,1,0,0,6,June,Winter,Tuesday,00:01 - 01:59,Late night / early morning,False,False,True,True
1360247,Injury,Serious Injury,2024,2024,June,Sunday,22:00 - Midnight,CANTERBURY,RD,20,West,BROADWAY,MS,PUNCHBOWL,167.0,No,Not a school zone,2-way undivided,-33.931595,151.061581,Canterbury-Bankstown,Sydney metro. area,Syd-Newc-Woll Gtr conurbation,Straight,,,,On,Sealed,Dry,Fine,Darkness,Nil,No traffic controls,60 km/h,State,33,Lane sideswipe,305,Same - Lane side swipe,,Other angle,Car (sedan/hatch),4 wheel drive / SUV,2,0,1,0,0,6,June,Winter,Sunday,22:00 - Midnight,Evening / night,False,False,True,True
1360251,Injury,Minor/Other Injury,2024,2024,June,Sunday,10:00 - 11:59,CARLISLE,AVE,0,Right on the spot,KIPPIST,AVE,MINCHINBURY,629.0,No,Not a school zone,Roundabout,-33.782463,150.812921,Blacktown,Sydney metro. area,Syd-Newc-Woll Gtr conurbation,Curved,,,,Off,Sealed,Dry,Fine,Daylight,Nil,Give way sign,70 km/h,State,30,Rear end,301,Same - Rear end,,Rear end,Light truck utility(from 2018),Light truck utility(from 2018),2,0,0,0,1,6,June,Winter,Sunday,10:00 - 11:59,Midday / afternoon,False,False,True,True
1360252,Injury,Moderate Injury,2024,2024,May,Tuesday,06:00 - 07:59,CAMDEN VALLEY,WAY,63,North,ORAN PARK,DR,ORAN PARK,620.0,No,Not a school zone,Divided road,-34.019649,150.761244,Camden,Sydney metro. area,Syd-Newc-Woll Gtr conurbation,Straight,,,,On,Sealed,Dry,Fine,Daylight,Nil,No traffic controls,80 km/h,State,71,Off rd left => obj,703,Left off cway into object,,Vehicle - Object,Motorcycle,,1,0,0,1,0,5,May,Autumn,Tuesday,06:00 - 07:59,AM peak / school commute,True,False,True,True
1360254,Injury,Moderate Injury,2024,2024,June,Tuesday,12:00 - 13:59,OXLEY,HWY,1000,South,ENFIELD,RD,YARROWITCH,11.0,No,Not a school zone,2-way undivided,-31.324451,151.980398,Walcha,Country non-urban,Rest of NSW - Rural,Curved,Embankment/cutting,,,Nil,Sealed,Dry,Fine,Daylight,Nil,No traffic controls,100 km/h,State,87,Off lft/lft bnd=>obj,804,Off left bend into obj,Left,Vehicle - Object,Semi-trailer,,1,0,0,1,0,6,June,Winter,Tuesday,12:00 - 13:59,Midday / afternoon,False,False,True,True