crash_id,degree_of_crash,degree_of_crash_-_detailed,reporting_year,year_of_crash,month_of_crash,day_of_week_of_crash,two-hour_intervals,street_of_crash,street_type,distance,direction,identifying_feature,identifying_feature_type,town,route_no.,school_zone_location,school_zone_active,type_of_location,latitude,longitude,lga,urbanisation,conurbation_1,alignment,primary_permanent_feature,primary_temporary_feature,primary_hazardous_feature,street_lighting,road_surface,surface_condition,weather,natural_lighting,signals_operation,other_traffic_control,speed_limit,road_classification_(admin),rum_-_code,rum_-_description,dca_-_code,dca_-_description,dca_supplement,first_impact_type,key_tu_type,other_tu_type,no._of_traffic_units_involved,no._killed,no._seriously_injured,no._moderately_injured,no._minor-other_injured,month_num,month_label,season,day_label,time_label,time_band,is_peak_commute,is_fatal,is_injury,is_casualty
1360256,Injury,Serious Injury,2024,2024,June,Tuesday,10:00 - 11:59,PELL,ST,0,Right on the spot,NUMBER 35,HN,MEREWETHER,,No,Not a school zone,2-way undivided,-32.94737,151.754022,Newcastle,Newcastle met. area,Syd-Newc-Woll Gtr conurbation,Straight,Driveway/entrance,,,Nil,Sealed,Dry,Fine,Daylight,Nil,No traffic controls,50 km/h,Local,47,Emerging from drive,406,Manov - Emerging from driveway,,Right angle,Light truck utility(from 2018),4 wheel drive / SUV,2,0,1,0,0,6,June,Winter,Tuesday,10:00 - 11:59,Midday / afternoon,False,False,True,True
1360257,Injury,Moderate Injury,2024,2024,June,Friday,18:00 - 19:59,WAKEHURST,PKWY,1000,West,ELANORA,RD,INGLESIDE,397.0,No,Not a school zone,2-way undivided,-33.711476,151.274207,Northern Beaches,Sydney metro. area,Syd-Newc-Woll Gtr conurbation,Straight,,,,Nil,Sealed,Dry,Fine,Darkness,Nil,No traffic controls,80 km/h,State,30,Rear end,301,Same - Rear end,,Rear end,4 wheel drive / SUV,Light truck utility(from 2018),2,0,0,1,0,6,June,Winter,Friday,18:00 - 19:59,PM peak / evening commute,True,False,True,True
1360258,Injury,Moderate Injury,2024,2024,June,Saturday,10:00 - 11:59,DUDLEY,ST,0,Right on the spot,MOUNT,ST,COOGEE,,No,Not a school zone,Roundabout,-33.923982,151.2512,Randwick,Sydney metro. area,Syd-Newc-Woll Gtr conurbation,Straight,,,,Off,Sealed,Dry,Fine,Daylight,Nil,Give way sign,50 km/h,Local,21,Right through,202,Opp - Right-thru,,Other angle,Motorcycle,Car (sedan/hatch),2,0,0,1,0,6,June,Winter,Saturday,10:00 - 11:59,Midday / afternoon,False,False,True,True
1360261,Injury,Serious Injury,2024,2024,June,Monday,16:00 - 17:59,GRAFTON,RD,30,East,YOOROONAH,TRL,WOLLOMOMBI,76.0,No,Not a school zone,2-way undivided,-30.49275,152.170636,Armidale Regional,Country non-urban,Rest of NSW - Rural,Straight,,,,Nil,Sealed,Dry,Fine,Dusk,Nil,No traffic controls,100 km/h,State,30,Rear end,301,Same - Rear end,,Rear end,Semi-trailer,4 wheel drive / SUV,2,0,1,1,0,6,June,Winter,Monday,16:00 - 17:59,PM peak / evening commute,True,False,True,True
1360263,Injury,Moderate Injury,2024,2024,June,Saturday,06:00 - 07:59,QUAKERS HILL,PKWY,0,Right on the spot,M7 WESTLINK,EXP,QUAKERS HILL,6009.0,No,Not a school zone,T-junction,-33.734714,150.873937,Blacktown,Sydney metro. area,Syd-Newc-Woll Gtr conurbation,Straight,,,,Off,Sealed,Wet,Raining,Daylight,On,No traffic controls,60 km/h,State,13,Right near,104,Adj - Right-thru from right,,Right angle,Car (sedan/hatch),Car (sedan/hatch),2,0,0,1,0,6,June,Winter,Saturday,06:00 - 07:59,AM peak / school commute,True,False,True,True
1360264,Injury,Moderate Injury,2024,2024,June,Monday,02:00 - 03:59,SILVERDALE,RD,150,South,BIG HILL,RD,ORANGEVILLE,7640.0,No,Not a school zone,2-way undivided,-34.0557,150.575801,Wollondilly,Country urban,Syd-Newc-Woll Gtr conurbation,Curved,Embankment/cutting,,,On,Sealed,Dry,Fine,Darkness,Nil,No traffic controls,80 km/h,Regional,83,Off rt/rt bnd=>obj,803,Off right bend into obj,Right,Vehicle - Object,Car (sedan/hatch),,1,0,0,1,0,6,June,Winter,Monday,02:00 - 03:59,Late night / early morning,False,False,True,True
1360265,Injury,Serious Injury,2024,2024,July,Friday,14:00 - 15:59,RANKINS SPRINGS,RD,100,South,RIFLE RANGE,RD,BEELBANGERA,321.0,No,Not a school zone,2-way undivided,-34.260552,146.098227,Griffith,Country urban,Rest of NSW - Urban,Straight,,,,Off,Sealed,Dry,Fine,Daylight,Nil,No traffic controls,50 km/h,Regional,20,Head on,201,Opp - Head on,,Head-on,4 wheel drive / SUV,Semi-trailer,2,0,1,0,0,7,July,Winter,Friday,14:00 - 15:59,Midday / afternoon,False,False,True,True
1360268,Injury,Serious Injury,2024,2024,May,Friday,12:00 - 13:59,CASTLEREAGH,HWY,300,North,MELROSE,RD,BURRUNDULLA,18.0,No,Not a school zone,2-way undivided,-32.651933,149.669043,Mid-Western Regional,Country non-urban,Rest of NSW - Rural,Curved,Embankment/cutting,,Loose gravel shoulder,Nil,Sealed,Dry,Fine,Daylight,Nil,No traffic controls,100 km/h,State,81,Off left/rt bnd=>obj,803,Off right bend into obj,Left,Vehicle - Object,Motorcycle,,1,0,1,0,0,5,May,Autumn,Friday,12:00 - 13:59,Midday / afternoon,False,False,True,True
1360270,Injury,Moderate Injury,2024,2024,July,Wednesday,12:00 - 13:59,ROCKVALE,RD,0,Right on the spot,NUMBER 21,HN,ARMIDALE,,Yes,No,2-way undivided,-30.500749,151.674556,Armidale Regional,Country urban,Rest of NSW - Urban,Straight,,,,Nil,Sealed,Dry,Fine,Daylight,Nil,No traffic controls,50 km/h,Local,49,Other manoeuvring,400,Manov - other,,Other angle,Car (sedan/hatch),,1,0,0,1,0,7,July,Winter,Wednesday,12:00 - 13:59,Midday / afternoon,False,False,True,True
1360271,Injury,Serious Injury,2024,2024,June,Saturday,10:00 - 11:59,CRONULLA,ST,100,North,NICHOLSON,PDE,CRONULLA,,No,Not a school zone,2-way undivided,-34.057331,151.152045,Sutherland,Sydney metro. area,Syd-Newc-Woll Gtr conurbation,Straight,,,,Off,Sealed,Wet,Raining,Daylight,Nil,No traffic controls,50 km/h,Local,0,Ped nearside,1,Ped - Near side,,Vehicle - Pedestrian,Car (sedan/hatch),Pedestrian,2,0,1,0,0,6,June,Winter,Saturday,10:00 - 11:59,Midday / afternoon,False,False,True,True
1360272,Injury,Serious Injury,2024,2024,July,Wednesday,08:00 - 09:59,MARKET,ST,0,Right on the spot,YORK,ST,SYDNEY,,No,Not a school zone,X-intersection,-33.870843,151.206306,Sydney,Sydney metro. area,Syd-Newc-Woll Gtr conurbation,Straight,,,,Off,Sealed,Dry,Fine,Daylight,On,Ped crossing,40 km/h,Local,0,Ped nearside,1,Ped - Near side,,Vehicle - Pedestrian,Unknown motor vehicle,Pedestrian,2,0,1,0,0,7,July,Winter,Wednesday,08:00 - 09:59,AM peak / school commute,True,False,True,True
1360273,Injury,Serious Injury,2024,2024,July,Friday,06:00 - 07:59,KILLARA,AVE,0,Right on the spot,LAWSON,ST,PANANIA,,No,Not a school zone,T-junction,-33.946482,150.996267,Canterbury-Bankstown,Sydney metro. area,Syd-Newc-Woll Gtr conurbation,Curved,,,,On,Sealed,Wet,Fine,Darkness,Nil,No traffic controls,50 km/h,Local,2,Ped far side,3,Ped - Far side,,Vehicle - Pedestrian,Utility,Pedestrian,2,0,1,1,0,7,July,Winter,Friday,06:00 - 07:59,AM peak / school commute,True,False,True,True
1360274,Injury,Moderate Injury,2024,2024,June,Friday,16:00 - 17:59,BRISBANE,RD,0,Right on the spot,KEDRON,PL,ST JOHNS PARK,,No,Not a school zone,T-junction,-33.877663,150.899031,Fairfield,Sydney metro. area,Syd-Newc-Woll Gtr conurbation,Straight,,,,On,Sealed,Dry,Overcast,Darkness,Nil,No traffic controls,50 km/h,Local,12,Left far,103,Adj - Left-thru from left,,Right angle,4 wheel drive / SUV,Light truck utility(from 2018),2,0,0,1,0,6,June,Winter,Friday,16:00 - 17:59,PM peak / evening commute,True,False,True,True
1360275,Injury,Moderate Injury,2024,2024,July,Friday,06:00 - 07:59,JACKSONS,RD,0,Right on the spot,RICKETTS,RD,YOUNG,,No,Not a school zone,T-junction,-34.335286,148.322442,Hilltops,Country non-urban,Rest of NSW - Rural,Straight,,,,Nil,Unsealed,Dry,Fine,Darkness,Nil,Give way sign,100 km/h,Local,75,Off end of road,709,Off end cway or T junct,,Vehicle - Object,Car (sedan/hatch),,1,0,0,1,0,7,July,Winter,Friday,06:00 - 07:59,AM peak / school commute,True,False,True,True
1360276,Injury,Moderate Injury,2024,2024,June,Saturday,08:00 - 09:59,BEAUMONT,RD,100,West,CROOK,RD,HANWOOD,,No,Not a school zone,2-way undivided,-34.330132,146.032074,Griffith,Country non-urban,Rest of NSW - Rural,Straight,,,,Nil,Sealed,Dry,Fog or mist,Daylight,Nil,No traffic controls,100 km/h,Local,42,Leaving parking,401,Manov - Leaving parking,,Other angle,Station wagon,4 wheel drive / SUV,2,0,0,1,0,6,June,Winter,Saturday,08:00 - 09:59,AM peak / school commute,True,False,True,True
1360277,Injury,Moderate Injury,2024,2024,July,Wednesday,12:00 - 13:59,CATHERINE,ST,50,North,ALBION,ST,LEICHHARDT,,No,Not a school zone,2-way undivided,-33.88673,151.161685,Inner West,Sydney metro. area,Syd-Newc-Woll Gtr conurbation,Straight,Steep grade,,,Off,Sealed,Dry,Fine,Daylight,Nil,No traffic controls,50 km/h,Local,0,Ped nearside,1,Ped - Near side,,Vehicle - Pedestrian,4 wheel drive / SUV,Pedestrian,2,0,0,1,0,7,July,Winter,Wednesday,12:00 - 13:59,Midday / afternoon,False,False,True,True
1360281,Injury,Serious Injury,2024,2024,July,Monday,18:00 - 19:59,DUKE,ST,0,Right on the spot,OLIVER,ST,GRAFTON,,No,Not a school zone,T-junction,-29.687392,152.93878,Clarence Valley,Country urban,Rest of NSW - Urban,Straight,,,,On,Sealed,Dry,Fine,Darkness,Nil,Give way sign,50 km/h,Local,75,Off end of road,709,Off end cway or T junct,,Rollover,Motorcycle,,1,0,1,0,0,7,July,Winter,Monday,18:00 - 19:59,PM peak / evening commute,True,False,True,True
1360283,Injury,Serious Injury,2024,2024,July,Wednesday,16:00 - 17:59,RICHMOND,RD,50,North,SOUTH,ST,MARSDEN PARK,537.0,No,Not a school zone,Divided road,-33.706429,150.838831,Blacktown,Sydney metro. area,Syd-Newc-Woll Gtr conurbation,Straight,,,,On,Sealed,Dry,Fine,Dusk,Nil,No traffic controls,80 km/h,State,30,Rear end,301,Same - Rear end,,Rear end,Large rigid,Passenger van,4,0,1,0,0,7,July,Winter,Wednesday,16:00 - 17:59,PM peak / evening commute,True,False,True,True
1360284,Injury,Serious Injury,2024,2024,July,Friday,08:00 - 09:59,GRAHAM,AVE,0,Right on the spot,WISHART,ST,EASTWOOD,,No,Not a school zone,T-junction,-33.789224,151.092647,Ryde,Sydney metro. area,Syd-Newc-Woll Gtr conurbation,Curved,Steep grade,,,Off,Sealed,Dry,Fine,Daylight,Nil,Give way sign,50 km/h,Local,2,Ped far side,3,Ped - Far side,,Vehicle - Pedestrian,Station wagon,Pedestrian,2,0,1,1,0,7,July,Winter,Friday,08:00 - 09:59,AM peak / school commute,True,False,True,True
1360285,Injury,Serious Injury,2024,2024,May,Monday,10:00 - 11:59,GREAT WESTERN,HWY,0,Right on the spot,M7 WESTLINK,EXP,BUNGARRIBEE,5.0,No,Not a school zone,T-junction,-33.789364,150.857187,Blacktown,Sydney metro. area,Syd-Newc-Woll Gtr conurbation,Straight,,,,Off,Sealed,Wet,Raining,Daylight,On,No traffic controls,80 km/h,State,13,Right near,104,Adj - Right-thru from right,,Right angle,Large rigid,Car (sedan/hatch),2,0,1,0,0,5,May,Autumn,Monday,10:00 - 11:59,Midday / afternoon,False,False,True,True
1360288,Injury,Moderate Injury,2024,2024,July,Monday,08:00 - 09:59,CARLISLE,AVE,0,Right on the spot,FULLER,ST,MOUNT DRUITT,629.0,No,Not a school zone,T-junction,-33.773833,150.815628,Blacktown,Sydney metro. area,Syd-Newc-Woll Gtr conurbation,Straight,,,,Off,Sealed,Dry,Fine,Daylight,On,No traffic controls,60 km/h,State,16,Left near,107,Adj - Left-thru from right,,Right angle,4 wheel drive / SUV,Car (sedan/hatch),2,0,0,1,0,7,July,Winter,Monday,08:00 - 09:59,AM peak / school commute,True,False,True,True
1360289,Injury,Serious Injury,2024,2024,July,Monday,06:00 - 07:59,ANZAC,PDE,0,Right on the spot,MOORE PARK,RD,PADDINGTON,171.0,No,Not a school zone,X-intersection,-33.886648,151.219046,Sydney,Sydney metro. area,Syd-Newc-Woll Gtr conurbation,Straight,Foot/cycle path/nature strip,,,Nil,Sealed,Dry,Fine,Daylight,On,No traffic controls,60 km/h,State,6,Ped on footpath,8,Ped - On footway/median,,Vehicle - Pedestrian,Light truck,Pedestrian,2,0,1,0,0,7,July,Winter,Monday,06:00 - 07:59,AM peak / school commute,True,False,True,True
1360290,Injury,Moderate Injury,2024,2024,July,Friday,06:00 - 07:59,SHELLHARBOUR,RD,0,Right on the spot,REDDALL,PDE,LAKE ILLAWARRA,522.0,No,Not a school zone,T-junction,-34.539855,150.864877,Shellharbour,Wollongong met. area,Syd-Newc-Woll Gtr conurbation,Straight,,,,Off,Sealed,Dry,Fine,Daylight,Nil,No traffic controls,70 km/h,State,16,Left near,107,Adj - Left-thru from right,,Right angle,Car (sedan/hatch),Car (sedan/hatch),3,0,0,1,0,7,July,Winter,Friday,06:00 - 07:59,AM peak / school commute,True,False,True,True
1360292,Injury,Serious Injury,2024,2024,June,Wednesday,16:00 - 17:59,RESTHAVEN,RD,30,North,TERRY,ST,SOUTH HURSTVILLE,,No,Not a school zone,2-way undivided,-33.983369,151.105182,Georges River,Sydney metro. area,Syd-Newc-Woll Gtr conurbation,Straight,,,,On,Sealed,Dry,Fine,Darkness,Nil,No traffic controls,50 km/h,Local,71,Off rd left => obj,703,Left off cway into object,,Vehicle - Object,Car (sedan/hatch),,1,0,1,0,0,6,June,Winter,Wednesday,16:00 - 17:59,PM peak / evening commute,True,False,True,True
1360296,Injury,Minor/Other Injury,2024,2024,July,Thursday,14:00 - 15:59,MERRYLANDS,RD,20,West,BURNETT,ST,MERRYLANDS WEST,7250.0,No,Not a school zone,Divided road,-33.833872,150.976921,Cumberland,Sydney metro. area,Syd-Newc-Woll Gtr conurbation,Straight,,,,Off,Sealed,Dry,Fine,Daylight,Nil,No traffic controls,60 km/h,Regional,30,Rear end,301,Same - Rear end,,Rear end,Unknown motor vehicle,Pedal cycle,2,0,0,0,1,7,July,Winter,Thursday,14:00 - 15:59,Midday / afternoon,False,False,True,True
1360297,Injury,Moderate Injury,2024,2024,June,Wednesday,16:00 - 17:59,MIMOSA,RD,10,South,PLEASANT,ST,BOSSLEY PARK,7229.0,Yes,No,T-junction,-33.864951,150.88992,Fairfield,Sydney metro. area,Syd-Newc-Woll Gtr conurbation,Straight,,,,On,Sealed,Dry,Fine,Dusk,Nil,No traffic controls,60 km/h,Regional,0,Ped nearside,1,Ped - Near side,,Vehicle - Pedestrian,Car (sedan/hatch),Pedestrian,2,0,0,1,0,6,June,Winter,Wednesday,16:00 - 17:59,PM peak / evening commute,True,False,True,True
1360301,Injury,Serious Injury,2024,2024,July,Friday,10:00 - 11:59,ATKINSON,ST,0,Right on the spot,CHARLES,ST,LIVERPOOL,,No,Not a school zone,X-intersection,-33.930893,150.918889,Liverpool,Sydney metro. area,Syd-Newc-Woll Gtr conurbation,Straight,,,,Off,Sealed,Dry,Fine,Daylight,Nil,Stop sign,50 km/h,Local,10,Cross traffic,101,Adj - Cross traffic,,Right angle,Car (sedan/hatch),4 wheel drive / SUV,2,0,1,1,0,7,July,Winter,Friday,10:00 - 11:59,Midday / afternoon,False,False,True,True
1360303,Injury,Moderate Injury,2024,2024,June,Monday,12:00 - 13:59,BELGRAVE,ST,0,Right on the spot,WEST,ESP,MANLY,159.0,No,Not a school zone,T-junction,-33.799224,151.284376,Northern Beaches,Sydney metro. area,Syd-Newc-Woll Gtr conurbation,Straight,,,,Off,Sealed,Dry,Fine,Daylight,On,No traffic controls,30 km/h,State,21,Right through,202,Opp - Right-thru,,Other angle,4 wheel drive / SUV,4 wheel drive / SUV,2,0,0,1,0,6,June,Winter,Monday,12:00 - 13:59,Midday / afternoon,False,False,True,True
1360306,Injury,Minor/Other Injury,2024,2024,July,Saturday,12:00 - 13:59,CEDAR,AVE,0,Right on the spot,PATERSON,ST,MOULAMEIN,296.0,No,Not a school zone,X-intersection,-35.088496,144.031625,Murray River,Country urban,Rest of NSW - Urban,Straight,,,,Off,Sealed,Dry,Fine,Daylight,Nil,Give way sign,50 km/h,Regional,10,Cross traffic,101,Adj - Cross traffic,,Right angle,4 wheel drive / SUV,4 wheel drive / SUV,2,0,0,0,1,7,July,Winter,Saturday,12:00 - 13:59,Midday / afternoon,False,False,True,True
1360313,Injury,Moderate Injury,2024,2024,July,Monday,14:00 - 15:59,ST MARYS,RD,0,Right on the spot,GOVERNMENT,RD,BERKSHIRE PARK,7166.0,No,Not a school zone,T-junction,-33.677486,150.787931,Penrith,Sydney metro. area,Syd-Newc-Woll Gtr conurbation,Curved,,,,Nil,Sealed,Dry,Fine,Daylight,Nil,Give way sign,80 km/h,Regional,32,Right rear,303,Same - Rear right,,Rear end,Car (sedan/hatch),4 wheel drive / SUV,2,0,0,1,0,7,July,Winter,Monday,14:00 - 15:59,Midday / afternoon,False,False,True,True
1360314,Injury,Serious Injury,2024,2024,July,Monday,18:00 - 19:59,NEW SOUTH HEAD,RD,0,Right on the spot,VICTORIA,RD,DOUBLE BAY,173.0,No,Not a school zone,T-junction,-33.872791,151.248238,Woollahra,Sydney metro. area,Syd-Newc-Woll Gtr conurbation,Curved,,,,On,Sealed,Wet,Fine,Darkness,On,No traffic controls,60 km/h,State,21,Right through,202,Opp - Right-thru,,Other angle,Car (sedan/hatch),Motorcycle,2,0,1,0,0,7,July,Winter,Monday,18:00 - 19:59,PM peak / evening commute,True,False,True,True
1360315,Injury,Moderate Injury,2024,2024,May,Monday,04:00 - 05:59,GREAT WESTERN,HWY,0,Right on the spot,GREAT NORTH,RD,FIVE DOCK,5.0,No,Not a school zone,T-junction,-33.873823,151.127124,Inner West,Sydney metro. area,Syd-Newc-Woll Gtr conurbation,Straight,,,,On,Sealed,Dry,Fine,Dawn,On,No traffic controls,60 km/h,State,30,Rear end,301,Same - Rear end,,Rear end,Car (sedan/hatch),Motorcycle,2,0,0,1,0,5,May,Autumn,Monday,04:00 - 05:59,Late night / early morning,False,False,True,True
1360316,Injury,Moderate Injury,2024,2024,June,Thursday,12:00 - 13:59,MOONAN BROOK,RD,340,West,BARRINGTON TOPS FOREST,RD,MOONAN BROOK,,No,Not a school zone,2-way undivided,-31.941347,151.271644,Upper Hunter,Country urban,Rest of NSW - Urban,Curved,,Roadwks/Detour/Diverson,,Nil,Unsealed,Dry,Fine,Daylight,Nil,No traffic controls,50 km/h,Local,88,Out of cont on bend,805,Out of control on bend,,Rollover,Motorcycle,,1,0,0,1,0,6,June,Winter,Thursday,12:00 - 13:59,Midday / afternoon,False,False,True,True
1360320,Injury,Serious Injury,2024,2024,July,Saturday,10:00 - 11:59,CASTLEREAGH,RD,0,Right on the spot,CROWLEYS,LANE,AGNES BANKS,570.0,No,Not a school zone,T-junction,-33.609492,150.717603,Hawkesbury,Country urban,Syd-Newc-Woll Gtr conurbation,Straight,,,,Off,Sealed,Wet,Overcast,Daylight,Nil,Stop sign,60 km/h,State,13,Right near,104,Adj - Right-thru from right,,Right angle,4 wheel drive / SUV,Large rigid,2,0,1,0,0,7,July,Winter,Saturday,10:00 - 11:59,Midday / afternoon,False,False,True,True
1360323,Injury,Serious Injury,2024,2024,July,Friday,16:00 - 17:59,PITT TOWN DURAL,RD,1000,East,CATTAI,RD,PITT TOWN,,No,Not a school zone,2-way undivided,-33.583326,150.885069,Hawkesbury,Country urban,Syd-Newc-Woll Gtr conurbation,Straight,,,,Nil,Sealed,Dry,Fine,Dusk,Nil,No traffic controls,70 km/h,Local,71,Off rd left => obj,703,Left off cway into object,,Vehicle - Object,Car (sedan/hatch),,1,0,1,0,1,7,July,Winter,Friday,16:00 - 17:59,PM peak / evening commute,True,False,True,True
1360324,Injury,Serious Injury,2024,2024,July,Sunday,04:00 - 05:59,WINDSOR`,RD,0,Right on the spot,MILE END,RD,ROUSE HILL,184.0,No,Not a school zone,X-intersection,-33.684122,150.916966,The Hills,Sydney metro. area,Syd-Newc-Woll Gtr conurbation,Straight,Steep grade,,,On,Sealed,Dry,Fine,Darkness,On,No traffic controls,80 km/h,State,10,Cross traffic,101,Adj - Cross traffic,,Right angle,4 wheel drive / SUV,Car (sedan/hatch),2,0,1,0,0,7,July,Winter,Sunday,04:00 - 05:59,Late night / early morning,False,False,True,True
1360325,Injury,Serious Injury,2024,2024,July,Monday,04:00 - 05:59,WARIALDA,RD,5000,South,NORTH STAR,RD,WARIALDA,63.0,No,Not a school zone,2-way undivided,-29.431788,150.625156,Gwydir,Country non-urban,Rest of NSW - Rural,Curved,,,,Nil,Sealed,Dry,Fine,Darkness,Nil,No traffic controls,100 km/h,Regional,20,Head on,201,Opp - Head on,,Head-on,Light truck utility(from 2018),Light truck utility(from 2018),3,0,1,0,0,7,July,Winter,Monday,04:00 - 05:59,Late night / early morning,False,False,True,True
1360327,Injury,Moderate Injury,2024,2024,May,Sunday,10:00 - 11:59,KOSCIUSZKO,RD,500,East,GLENROWAN,RD,BERRIDALE,286.0,No,Not a school zone,2-way undivided,-36.352209,148.763109,Snowy Monaro Regional,Country non-urban,Rest of NSW - Rural,Curved,Embankment/cutting,,,Off,Sealed,Wet,Raining,Daylight,Nil,No traffic controls,100 km/h,State,85,Off rt/lft bnd=>obj,804,Off left bend into obj,Right,Vehicle - Object,Car (sedan/hatch),,1,0,0,1,1,5,May,Autumn,Sunday,10:00 - 11:59,Midday / afternoon,False,False,True,True
1360328,Injury,Serious Injury,2024,2024,July,Saturday,22:00 - Midnight,HOBBYS YARDS,RD,0,Right on the spot,MITCHELL,ST,BLAYNEY,390.0,No,Not a school zone,T-junction,-33.539919,149.25682,Blayney,Country urban,Rest of NSW - Urban,Straight,,,,On,Sealed,Wet,Fine,Darkness,Nil,Give way sign,50 km/h,Regional,81,Off left/rt bnd=>obj,707,Right turn,Left,Vehicle - Object,4 wheel drive / SUV,,1,0,1,0,0,7,July,Winter,Saturday,22:00 - Midnight,Evening / night,False,False,True,True
1360329,Injury,Moderate Injury,2024,2024,July,Wednesday,16:00 - 17:59,HERBERT,ST,215,North,PACIFIC,HWY,ST LEONARDS,,No,Not a school zone,2-way undivided,-33.821574,151.193345,Willoughby,Sydney metro. area,Syd-Newc-Woll Gtr conurbation,Straight,,,,On,Sealed,Dry,Fine,Dusk,Nil,Ped crossing,40 km/h,Local,0,Ped nearside,1,Ped - Near side,,Vehicle - Pedestrian,Car (sedan/hatch),Pedestrian,2,0,0,1,0,7,July,Winter,Wednesday,16:00 - 17:59,PM peak / evening commute,True,False,True,True
1360334,Injury,Serious Injury,2024,2024,July,Wednesday,22:00 - Midnight,BAKERS CREEK,RD,5000,North,GREENHILLS,RD,BAKERS CREEK,,No,Not a school zone,2-way undivided,-30.786624,152.735524,Nambucca Valley,Country non-urban,Rest of NSW - Rural,Curved,,,,Nil,Unsealed,Dry,Fine,Darkness,Nil,No traffic controls,100 km/h,Local,85,Off rt/lft bnd=>obj,804,Off left bend into obj,Right,Vehicle - Object,Light truck utility(from 2018),,1,0,1,0,1,7,July,Winter,Wednesday,22:00 - Midnight,Evening / night,False,False,True,True
1360336,Injury,Minor/Other Injury,2024,2024,August,Friday,16:00 - 17:59,CLEVELAND,ST,0,Right on the spot,ABERCROMBIE,ST,REDFERN,330.0,No,Not a school zone,X-intersection,-33.888649,151.198898,Sydney,Sydney metro. area,Syd-Newc-Woll Gtr conurbation,Straight,,,,On,Sealed,Dry,Fine,Darkness,On,No traffic controls,50 km/h,State,30,Rear end,301,Same - Rear end,,Rear end,Car (sedan/hatch),Car (sedan/hatch),2,0,0,0,1,8,August,Winter,Friday,16:00 - 17:59,PM peak / evening commute,True,False,True,True
1360337,Injury,Serious Injury,2024,2024,July,Wednesday,16:00 - 17:59,GIPPS,RD,40,West,FOLEY,ST,GWYNNEVILLE,,No,Not a school zone,2-way undivided,-34.416384,150.88473,Wollongong,Wollongong met. area,Syd-Newc-Woll Gtr conurbation,Straight,Driveway/entrance,,,On,Sealed,Dry,Fine,Darkness,Nil,No traffic controls,50 km/h,Local,21,Right through,202,Opp - Right-thru,,Other angle,Car (sedan/hatch),Motorcycle,2,0,1,0,0,7,July,Winter,Wednesday,16:00 - 17:59,PM peak / evening commute,True,False,True,True
1360343,Injury,Moderate Injury,2024,2024,July,Saturday,12:00 - 13:59,NEW SOUTH HEAD,RD,60,North,WILLIAM,ST,DOUBLE BAY,173.0,No,Not a school zone,Divided road,-33.874832,151.246999,Woollahra,Sydney metro. area,Syd-Newc-Woll Gtr conurbation,Curved,Steep grade,,,Off,Sealed,Dry,Fine,Daylight,Nil,No traffic controls,60 km/h,State,87,Off lft/lft bnd=>obj,804,Off left bend into obj,Left,Vehicle - Object,Car (sedan/hatch),,1,0,0,1,0,7,July,Winter,Saturday,12:00 - 13:59,Midday / afternoon,False,False,True,True
1360346,Injury,Moderate Injury,2024,2024,July,Monday,04:00 - 05:59,RAYMOND,ST,10,West,JOSEPH,ST,LIDCOMBE,,No,Not a school zone,X-intersection,-33.867636,151.042975,Cumberland,Sydney metro. area,Syd-Newc-Woll Gtr conurbation,Straight,,,,Nil,Sealed,Dry,Fine,Dawn,Nil,Give way sign,50 km/h,Local,0,Ped nearside,1,Ped - Near side,,Vehicle - Pedestrian,4 wheel drive / SUV,Pedestrian,2,0,0,1,0,7,July,Winter,Monday,04:00 - 05:59,Late night / early morning,False,False,True,True
1360350,Injury,Serious Injury,2024,2024,July,Saturday,12:00 - 13:59,EDMONDSON,AVE,0,Right on the spot,ELEVENTH,AVE,AUSTRAL,2126.0,No,Not a school zone,X-intersection,-33.930246,150.812613,Liverpool,Sydney metro. area,Syd-Newc-Woll Gtr conurbation,Straight,,,,Nil,Sealed,Dry,Fine,Daylight,Nil,Give way sign,60 km/h,Regional,10,Cross traffic,101,Adj - Cross traffic,,Right angle,Car (sedan/hatch),Light truck utility(from 2018),2,0,1,0,0,7,July,Winter,Saturday,12:00 - 13:59,Midday / afternoon,False,False,True,True
1360351,Injury,Moderate Injury,2024,2024,August,Tuesday,12:00 - 13:59,MACINTOSH,ST,30,North,HEAD,ST,FORSTER,692.0,No,Not a school zone,Divided road,-32.180723,152.516949,Mid-Coast,Country urban,Rest of NSW - Urban,Straight,Pedestrian refuge,,,Off,Sealed,Dry,Fine,Daylight,Nil,Ped crossing,50 km/h,State,71,Off rd left => obj,703,Left off cway into object,,Vehicle - Object,4 wheel drive / SUV,,1,0,0,1,0,8,August,Winter,Tuesday,12:00 - 13:59,Midday / afternoon,False,False,True,True
1360356,Injury,Serious Injury,2024,2024,August,Wednesday,12:00 - 13:59,BIRCH,AVE,0,Right on the spot,WHEELERS,LANE,DUBBO,,No,Not a school zone,Roundabout,-32.251404,148.630478,Dubbo Regional,Country urban,Rest of NSW - Urban,Straight,,,,Off,Sealed,Wet,Raining,Daylight,Nil,Give way sign,60 km/h,Local,0,Ped nearside,1,Ped - Near side,,Vehicle - Pedestrian,Light truck utility(from 2018),Pedestrian,2,0,1,0,0,8,August,Winter,Wednesday,12:00 - 13:59,Midday / afternoon,False,False,True,True
1360358,Injury,Moderate Injury,2024,2024,May,Monday,16:00 - 17:59,MALABAR,RD,0,Right on the spot,MERMAID,AVE,SOUTH COOGEE,7340.0,No,Not a school zone,T-junction,-33.936571,151.257721,Randwick,Sydney metro. area,Syd-Newc-Woll Gtr conurbation,Straight,Driveway/entrance,,,Off,Sealed,Dry,Fine,Daylight,Nil,No traffic controls,50 km/h,Regional,16,Left near,107,Adj - Left-thru from right,,Right angle,Utility,Station wagon,2,0,0,2,0,5,May,Autumn,Monday,16:00 - 17:59,PM peak / evening commute,True,False,True,True