crash_id,degree_of_crash,degree_of_crash_-_detailed,reporting_year,year_of_crash,month_of_crash,day_of_week_of_crash,two-hour_intervals,street_of_crash,street_type,distance,direction,identifying_feature,identifying_feature_type,town,route_no.,school_zone_location,school_zone_active,type_of_location,latitude,longitude,lga,urbanisation,conurbation_1,alignment,primary_permanent_feature,primary_temporary_feature,primary_hazardous_feature,street_lighting,road_surface,surface_condition,weather,natural_lighting,signals_operation,other_traffic_control,speed_limit,road_classification_(admin),rum_-_code,rum_-_description,dca_-_code,dca_-_description,dca_supplement,first_impact_type,key_tu_type,other_tu_type,no._of_traffic_units_involved,no._killed,no._seriously_injured,no._moderately_injured,no._minor-other_injured,month_num,month_label,season,day_label,time_label,time_band,is_peak_commute,is_fatal,is_injury,is_casualty
1360359,Injury,Serious Injury,2024,2024,August,Friday,10:00 - 11:59,GEORGE DOWNES,DR,500,North,GRETA,RD,KULNURA,590.0,No,Not a school zone,2-way undivided,-33.221793,151.218543,Central Coast,Country urban,Syd-Newc-Woll Gtr conurbation,Curved,,,,Off,Sealed,Dry,Fine,Daylight,Nil,No traffic controls,80 km/h,Regional,30,Rear end,301,Same - Rear end,,Rear end,Large rigid,Motorcycle,2,0,1,0,0,8,August,Winter,Friday,10:00 - 11:59,Midday / afternoon,False,False,True,True
1360360,Injury,Serious Injury,2024,2024,August,Thursday,18:00 - 19:59,NORTON,ST,0,Right on the spot,NUMBER 44,HN,LEICHHARDT,7337.0,No,Not a school zone,2-way undivided,-33.886506,151.157402,Inner West,Sydney metro. area,Syd-Newc-Woll Gtr conurbation,Straight,,,,On,Sealed,Dry,Fine,Darkness,Nil,No traffic controls,40 km/h,Regional,1,Ped emerging,2,Ped - emerging,,Vehicle - Pedestrian,Motorcycle,Pedestrian,2,0,1,0,0,8,August,Winter,Thursday,18:00 - 19:59,PM peak / evening commute,True,False,True,True
1360361,Injury,Moderate Injury,2024,2024,August,Friday,14:00 - 15:59,WATERLOO,RD,0,Right on the spot,NUMBER 138,HN,GREENACRE,7118.0,No,Not a school zone,2-way undivided,-33.908277,151.057044,Canterbury-Bankstown,Sydney metro. area,Syd-Newc-Woll Gtr conurbation,Straight,,,,Off,Sealed,Dry,Fine,Daylight,Nil,Ped crossing,40 km/h,Regional,0,Ped nearside,1,Ped - Near side,,Vehicle - Pedestrian,4 wheel drive / SUV,Pedestrian,2,0,0,1,1,8,August,Winter,Friday,14:00 - 15:59,Midday / afternoon,False,False,True,True
1360365,Injury,Serious Injury,2024,2024,July,Saturday,10:00 - 11:59,BARK HUT CREEK,RD,230,West,GENTLE ANNIE,RD,BUCCA,,No,Not a school zone,2-way undivided,-30.11868,153.125899,Coffs Harbour,Country non-urban,Rest of NSW - Rural,Curved,Narrow roadway,,,Nil,Unsealed,Dry,Fine,Daylight,Nil,No traffic controls,100 km/h,Local,20,Head on,201,Opp - Head on,,Head-on,Motorcycle,Light truck utility(from 2018),3,0,2,0,0,7,July,Winter,Saturday,10:00 - 11:59,Midday / afternoon,False,False,True,True
1360372,Injury,Serious Injury,2024,2024,August,Monday,20:00 - 21:59,BULGANDRAMINE,RD,4000,North,INGALBA,ST,PEAK HILL,,No,Not a school zone,2-way undivided,-32.692056,148.15937,Parkes,Country non-urban,Rest of NSW - Rural,Straight,Ditch/drain/culvert,,,Off,Sealed,Dry,Fine,Darkness,Nil,No traffic controls,100 km/h,Local,71,Off rd left => obj,703,Left off cway into object,,Vehicle - Object,Light truck utility(from 2018),,1,0,2,0,0,8,August,Winter,Monday,20:00 - 21:59,Evening / night,False,False,True,True
1360379,Injury,Minor/Other Injury,2024,2024,August,Wednesday,08:00 - 09:59,BEX,TRL,50,East,BRUXNER PARK,RD,BUCCA,,No,Not a school zone,2-way undivided,-30.231217,153.095238,Coffs Harbour,Country urban,Rest of NSW - Urban,Curved,Steep grade,,,Nil,Unsealed,Dry,Fine,Daylight,Nil,No traffic controls,50 km/h,Local,83,Off rt/rt bnd=>obj,803,Off right bend into obj,Right,Vehicle - Object,4 wheel drive / SUV,,1,0,0,0,1,8,August,Winter,Wednesday,08:00 - 09:59,AM peak / school commute,True,False,True,True
1360383,Injury,Serious Injury,2024,2024,August,Thursday,06:00 - 07:59,WATERFALL,RD,0,Right on the spot,NUMBER 1060,HN,METZ,76.0,No,Not a school zone,2-way undivided,-30.546673,151.768561,Armidale Regional,Country non-urban,Rest of NSW - Rural,Curved,,,,Nil,Sealed,Dry,Fine,Daylight,Nil,No traffic controls,100 km/h,State,67,Struck animal,609,On path - Hit animal,,Vehicle - Animal,4 wheel drive / SUV,,1,0,1,0,0,8,August,Winter,Thursday,06:00 - 07:59,AM peak / school commute,True,False,True,True
1360385,Injury,Serious Injury,2024,2024,June,Saturday,12:00 - 13:59,GEORGE,ST,100,South,KING,ST,SYDNEY,,No,Not a school zone,1-way street,-33.869635,151.206949,Sydney,Sydney metro. area,Syd-Newc-Woll Gtr conurbation,Straight,Foot/cycle path/nature strip,,,Nil,Sealed,Dry,Fine,Daylight,Nil,No traffic controls,20 km/h,Local,6,Ped on footpath,8,Ped - On footway/median,,Vehicle - Pedestrian,Pedal cycle,Pedestrian,2,0,1,0,0,6,June,Winter,Saturday,12:00 - 13:59,Midday / afternoon,False,False,True,True
1360389,Injury,Moderate Injury,2024,2024,August,Tuesday,16:00 - 17:59,PINAROO,DR,0,Right on the spot,NUMBER 37,HN,GLENFIELD PARK,,No,Not a school zone,2-way undivided,-35.134101,147.336164,Wagga Wagga,Country urban,Rest of NSW - Urban,Curved,Driveway/entrance,,,Nil,Sealed,Dry,Fine,Daylight,Nil,No traffic controls,50 km/h,Local,32,Right rear,303,Same - Rear right,,Rear end,Car (sedan/hatch),4 wheel drive / SUV,2,0,0,1,0,8,August,Winter,Tuesday,16:00 - 17:59,PM peak / evening commute,True,False,True,True
1360390,Injury,Serious Injury,2024,2024,August,Sunday,08:00 - 09:59,PRINCES,HWY,500,South,GIPPS,ST,KIAMA,1.0,No,Not a school zone,Divided road,-34.665431,150.846271,Kiama,Country non-urban,Rest of NSW - Rural,Straight,Steep grade,,,Nil,Sealed,Dry,Fine,Daylight,Nil,No traffic controls,100 km/h,State,73,Off rd rght => obj,704,Right off cway into obj,,Vehicle - Object,Motorcycle,,1,0,1,0,0,8,August,Winter,Sunday,08:00 - 09:59,AM peak / school commute,True,False,True,True
1360391,Injury,Minor/Other Injury,2024,2024,July,Wednesday,14:00 - 15:59,PONYARA,RD,120,East,KING GEORGES,RD,BEVERLY HILLS,,Yes,No,2-way undivided,-33.946932,151.080153,Georges River,Sydney metro. area,Syd-Newc-Woll Gtr conurbation,Straight,,,,Off,Sealed,Dry,Fine,Daylight,Nil,No traffic controls,50 km/h,Local,2,Ped far side,3,Ped - Far side,,Vehicle - Pedestrian,4 wheel drive / SUV,Pedestrian,2,0,0,0,1,7,July,Winter,Wednesday,14:00 - 15:59,Midday / afternoon,False,False,True,True
1360392,Injury,Minor/Other Injury,2024,2024,July,Tuesday,20:00 - 21:59,MARION,ST,0,Right on the spot,NORTON,ST,LEICHHARDT,2013.0,Yes,No,X-intersection,-33.883791,151.157064,Inner West,Sydney metro. area,Syd-Newc-Woll Gtr conurbation,Straight,,,,On,Sealed,Dry,Fine,Darkness,On,No traffic controls,50 km/h,Regional,21,Right through,202,Opp - Right-thru,,Other angle,Car (sedan/hatch),Motor scooter,2,0,0,0,1,7,July,Winter,Tuesday,20:00 - 21:59,Evening / night,False,False,True,True
1360394,Injury,Moderate Injury,2024,2024,August,Monday,16:00 - 17:59,RETREAT,RD,300,South,PRINGLE,RD,RETREAT,,No,Not a school zone,2-way undivided,-30.627624,151.107718,Tamworth Regional,Country non-urban,Rest of NSW - Rural,Curved,,,,Nil,Sealed,Dry,Fine,Dusk,Nil,No traffic controls,100 km/h,Local,81,Off left/rt bnd=>obj,803,Off right bend into obj,Left,Vehicle - Object,4 wheel drive / SUV,,1,0,0,2,0,8,August,Winter,Monday,16:00 - 17:59,PM peak / evening commute,True,False,True,True
1360395,Injury,Serious Injury,2024,2024,July,Sunday,18:00 - 19:59,PITTWATER,RD,50,South,MAY,RD,DEE WHY,164.0,No,Not a school zone,Divided road,-33.756815,151.282265,Northern Beaches,Sydney metro. area,Syd-Newc-Woll Gtr conurbation,Straight,Bus/transit lane,,,On,Sealed,Dry,Fine,Darkness,Nil,No traffic controls,60 km/h,State,71,Off rd left => obj,703,Left off cway into object,,Other angle,4 wheel drive / SUV,Car (sedan/hatch),2,0,1,0,0,7,July,Winter,Sunday,18:00 - 19:59,PM peak / evening commute,True,False,True,True
1360396,Injury,Minor/Other Injury,2024,2024,August,Wednesday,00:01 - 01:59,MURRELL,PL,20,North,KELLY,PL,NORTH NOWRA,,No,Not a school zone,2-way undivided,-34.866665,150.567455,Shoalhaven,Country urban,Rest of NSW - Urban,Straight,,,,On,Sealed,Dry,Fine,Darkness,Nil,No traffic controls,50 km/h,Local,67,Struck animal,609,On path - Hit animal,,Vehicle - Animal,Motorcycle,,1,0,0,0,1,8,August,Winter,Wednesday,00:01 - 01:59,Late night / early morning,False,False,True,True
1360397,Injury,Serious Injury,2024,2024,August,Thursday,08:00 - 09:59,ANZAC,DR,93,East,OMAGH,RD,GENEVA,,No,Not a school zone,2-way undivided,-28.621255,152.976693,Kyogle,Country urban,Rest of NSW - Urban,Curved,Painted double centre lines,,,Nil,Sealed,Dry,Fine,Daylight,Nil,No traffic controls,80 km/h,Local,20,Head on,201,Opp - Head on,,Head-on,Semi-trailer,4 wheel drive / SUV,2,0,2,0,0,8,August,Winter,Thursday,08:00 - 09:59,AM peak / school commute,True,False,True,True
1360399,Injury,Moderate Injury,2024,2024,August,Sunday,02:00 - 03:59,BRADFIELD,HWY,50,North,LAVENDER STREET,TO,MILSONS POINT,632.0,No,Not a school zone,Divided road,-33.84414,151.21136,North Sydney,Sydney metro. area,Syd-Newc-Woll Gtr conurbation,Straight,,Roadwks/Detour/Diverson,,On,Sealed,Dry,Fine,Darkness,Nil,No traffic controls,60 km/h,State,30,Rear end,301,Same - Rear end,,Rear end,Station wagon,4 wheel drive / SUV,2,0,0,1,0,8,August,Winter,Sunday,02:00 - 03:59,Late night / early morning,False,False,True,True
1360407,Injury,Serious Injury,2024,2024,July,Wednesday,12:00 - 13:59,ACKROYD,ST,0,Right on the spot,GORE,ST,PORT MACQUARIE,,No,Not a school zone,X-intersection,-31.435971,152.902793,Port Macquarie-Hastings,Country urban,Rest of NSW - Urban,Straight,,,,Off,Sealed,Dry,Fine,Daylight,Nil,Give way sign,50 km/h,Local,10,Cross traffic,101,Adj - Cross traffic,,Right angle,4 wheel drive / SUV,Car (sedan/hatch),2,0,1,0,0,7,July,Winter,Wednesday,12:00 - 13:59,Midday / afternoon,False,False,True,True
1360408,Injury,Moderate Injury,2024,2024,June,Wednesday,14:00 - 15:59,PIPPIN,WAY,0,Right on the spot,VALENCIA,DR,ORANGE,,No,Not a school zone,T-junction,-33.265919,149.068857,Orange,Country urban,Rest of NSW - Urban,Straight,,,,Off,Sealed,Dry,Fine,Daylight,Nil,No traffic controls,50 km/h,Local,74,On road-out of cont.,705,Out of control on cway,,Rollover,Motorcycle,,1,0,0,1,0,6,June,Winter,Wednesday,14:00 - 15:59,Midday / afternoon,False,False,True,True
1360417,Injury,Moderate Injury,2024,2024,August,Wednesday,18:00 - 19:59,SCHOFIELDS,RD,50,West,ALEX,AVE,SCHOFIELDS,687.0,No,Not a school zone,Divided road,-33.697403,150.886887,Blacktown,Sydney metro. area,Syd-Newc-Woll Gtr conurbation,Straight,,,,On,Sealed,Dry,Fine,Darkness,Nil,No traffic controls,70 km/h,State,30,Rear end,301,Same - Rear end,,Rear end,4 wheel drive / SUV,4 wheel drive / SUV,3,0,0,1,0,8,August,Winter,Wednesday,18:00 - 19:59,PM peak / evening commute,True,False,True,True
1360419,Injury,Minor/Other Injury,2024,2024,May,Friday,14:00 - 15:59,BOTANY,RD,0,Right on the spot,HOLLINGSHEAD,RD,MASCOT,170.0,No,Not a school zone,T-junction,-33.932155,151.194026,Bayside,Sydney metro. area,Syd-Newc-Woll Gtr conurbation,Straight,Bus/transit lane,,,Off,Sealed,Dry,Fine,Daylight,Unknown / not stated,No traffic controls,50 km/h,State,33,Lane sideswipe,305,Same - Lane side swipe,,Other angle,Light truck,Pedal cycle,2,0,0,0,1,5,May,Autumn,Friday,14:00 - 15:59,Midday / afternoon,False,False,True,True
1360424,Injury,Moderate Injury,2024,2024,August,Wednesday,14:00 - 15:59,MONA VALE,RD,0,Right on the spot,RICHMOND,AVE,ST IVES,162.0,No,Not a school zone,T-junction,-33.70993,151.174733,Ku-ring-gai,Sydney metro. area,Syd-Newc-Woll Gtr conurbation,Straight,,,,Off,Sealed,Dry,Fine,Daylight,Nil,No traffic controls,60 km/h,State,21,Right through,202,Opp - Right-thru,,Other angle,Car (sedan/hatch),Motorcycle,2,0,0,1,0,8,August,Winter,Wednesday,14:00 - 15:59,Midday / afternoon,False,False,True,True
1360426,Injury,Serious Injury,2024,2024,August,Sunday,16:00 - 17:59,QUEEN,ST,10,South,BELAR,ST,ST MARYS,,No,Not a school zone,T-junction,-33.764251,150.774451,Penrith,Sydney metro. area,Syd-Newc-Woll Gtr conurbation,Straight,,,,Nil,Sealed,Dry,Fine,Daylight,Nil,Ped crossing,40 km/h,Local,0,Ped nearside,1,Ped - Near side,,Vehicle - Pedestrian,Car (sedan/hatch),Pedestrian,2,0,1,0,0,8,August,Winter,Sunday,16:00 - 17:59,PM peak / evening commute,True,False,True,True
1360428,Injury,Serious Injury,2024,2024,August,Tuesday,20:00 - 21:59,WINDSOR,ST,0,Right on the spot,PITT,ST,RICHMOND,184.0,No,Not a school zone,T-junction,-33.601405,150.762093,Hawkesbury,Country urban,Syd-Newc-Woll Gtr conurbation,Straight,,,,Nil,Sealed,Dry,Fine,Daylight,Nil,No traffic controls,60 km/h,State,32,Right rear,303,Same - Rear right,,Rear end,Motorcycle,4 wheel drive / SUV,2,0,1,0,0,8,August,Winter,Tuesday,20:00 - 21:59,Evening / night,False,False,True,True
1360430,Injury,Minor/Other Injury,2024,2024,August,Tuesday,06:00 - 07:59,MONARO,HWY,200,South,ROSE VALLEY,RD,BUNYAN,19.0,No,Not a school zone,2-way undivided,-36.179837,149.157731,Snowy Monaro Regional,Country non-urban,Rest of NSW - Rural,Curved,Embankment/cutting,,,Nil,Sealed,Dry,Fog or mist,Dawn,Nil,No traffic controls,100 km/h,State,83,Off rt/rt bnd=>obj,803,Off right bend into obj,Right,Vehicle - Object,Car (sedan/hatch),,1,0,0,0,1,8,August,Winter,Tuesday,06:00 - 07:59,AM peak / school commute,True,False,True,True
1360431,Injury,Serious Injury,2024,2024,April,Saturday,14:00 - 15:59,NEWCASTLE,EXP,0,Right on the spot,SERVICE CENTRE,ENT,ALISON,6003.0,No,Not a school zone,Dual freeway,-33.258918,151.403468,Central Coast,Country non-urban,Syd-Newc-Woll Gtr conurbation,Straight,,,,Off,Sealed,Wet,Raining,Daylight,Nil,No traffic controls,110 km/h,State,35,Lane change left,307,Same - Lane change left,,Other angle,Car (sedan/hatch),Large rigid,2,0,1,2,0,4,April,Autumn,Saturday,14:00 - 15:59,Midday / afternoon,False,False,True,True
1360434,Injury,Moderate Injury,2024,2024,June,Friday,22:00 - Midnight,WESTERN,DSTR,85,North,HARBOUR STREET,TO,SYDNEY,165.0,No,Not a school zone,Divided road,-33.869854,151.20327,Sydney,Sydney metro. area,Syd-Newc-Woll Gtr conurbation,Straight,Underpass/tunnel,,,On,Sealed,Wet,Raining,Darkness,Nil,No traffic controls,70 km/h,State,35,Lane change left,307,Same - Lane change left,,Other angle,Car (sedan/hatch),4 wheel drive / SUV,2,0,0,1,0,6,June,Winter,Friday,22:00 - Midnight,Evening / night,False,False,True,True
1360437,Injury,Serious Injury,2024,2024,August,Wednesday,04:00 - 05:59,CLARENCE,ST,10,East,SHORT,ST,PORT MACQUARIE,,No,Not a school zone,X-intersection,-31.42925,152.906832,Port Macquarie-Hastings,Country urban,Rest of NSW - Urban,Straight,,,,Unknown / not stated,Sealed,Wet,Raining,Darkness,Nil,Ped crossing,50 km/h,Local,2,Ped far side,3,Ped - Far side,,Vehicle - Pedestrian,Light truck utility(from 2018),Pedestrian,2,0,1,0,0,8,August,Winter,Wednesday,04:00 - 05:59,Late night / early morning,False,False,True,True
1360438,Injury,Minor/Other Injury,2024,2024,August,Thursday,08:00 - 09:59,SOLDIERS,AVE,200,West,HARBORD,RD,FRESHWATER,,No,Not a school zone,2-way undivided,-33.775927,151.277331,Northern Beaches,Sydney metro. area,Syd-Newc-Woll Gtr conurbation,Straight,Steep grade,,,Nil,Sealed,Wet,Raining,Daylight,Nil,No traffic controls,50 km/h,Local,74,On road-out of cont.,705,Out of control on cway,,Rollover,Motor scooter,,1,0,0,0,1,8,August,Winter,Thursday,08:00 - 09:59,AM peak / school commute,True,False,True,True
1360441,Injury,Moderate Injury,2024,2024,July,Wednesday,10:00 - 11:59,KERR,ST,15,South,TAMARIND,DR,BALLINA,695.0,No,Not a school zone,Other,-28.856979,153.56082,Ballina,Country urban,Rest of NSW - Urban,Straight,,,,Off,Sealed,Dry,Fine,Daylight,Nil,No traffic controls,60 km/h,Regional,30,Rear end,301,Same - Rear end,,Rear end,4 wheel drive / SUV,Car (sedan/hatch),2,0,0,1,0,7,July,Winter,Wednesday,10:00 - 11:59,Midday / afternoon,False,False,True,True
1360442,Injury,Moderate Injury,2024,2024,July,Saturday,08:00 - 09:59,NORTHCLIFFE,DR,0,Right on the spot,NUMBER 612,HN,BERKELEY,613.0,No,Not a school zone,Divided road,-34.475017,150.834966,Wollongong,Wollongong met. area,Syd-Newc-Woll Gtr conurbation,Straight,Crest,,,Nil,Sealed,Wet,Raining,Daylight,Nil,No traffic controls,70 km/h,Regional,71,Off rd left => obj,703,Left off cway into object,,Vehicle - Object,Light truck utility(from 2018),,1,0,0,1,0,7,July,Winter,Saturday,08:00 - 09:59,AM peak / school commute,True,False,True,True
1360443,Injury,Serious Injury,2024,2024,July,Tuesday,06:00 - 07:59,HUME,HWY,20,West,RICKARD,RD,STRATHFIELD SOUTH,2.0,No,Not a school zone,Divided road,-33.890377,151.079508,Strathfield,Sydney metro. area,Syd-Newc-Woll Gtr conurbation,Straight,,,,Off,Sealed,Dry,Fine,Daylight,Nil,No traffic controls,60 km/h,State,30,Rear end,301,Same - Rear end,,Rear end,Motorcycle,Light truck utility(from 2018),2,0,1,0,0,7,July,Winter,Tuesday,06:00 - 07:59,AM peak / school commute,True,False,True,True
1360444,Injury,Serious Injury,2024,2024,August,Monday,08:00 - 09:59,HEATHCOTE,RD,0,Right on the spot,BP PETROL STATION,ENT,MOOREBANK,512.0,No,Not a school zone,2-way undivided,-33.936242,150.935586,Liverpool,Sydney metro. area,Syd-Newc-Woll Gtr conurbation,Curved,Driveway/entrance,,,Nil,Sealed,Dry,Fine,Daylight,Nil,No traffic controls,60 km/h,State,32,Right rear,303,Same - Rear right,,Rear end,4 wheel drive / SUV,Motorcycle,2,0,1,0,0,8,August,Winter,Monday,08:00 - 09:59,AM peak / school commute,True,False,True,True
1360449,Injury,Moderate Injury,2024,2024,August,Sunday,08:00 - 09:59,EAST MARKET,ST,0,Right on the spot,MARCH,ST,RICHMOND,184.0,No,Not a school zone,X-intersection,-33.59918,150.751934,Hawkesbury,Country urban,Syd-Newc-Woll Gtr conurbation,Straight,,,,Off,Sealed,Dry,Fine,Daylight,On,No traffic controls,60 km/h,State,12,Left far,103,Adj - Left-thru from left,,Right angle,Motorcycle,4 wheel drive / SUV,2,0,0,1,0,8,August,Winter,Sunday,08:00 - 09:59,AM peak / school commute,True,False,True,True
1360451,Injury,Moderate Injury,2024,2024,June,Monday,18:00 - 19:59,SPIT,RD,0,Right on the spot,THE SPIT,BDGE,MIDDLE HARBOUR,164.0,No,Not a school zone,2-way undivided,-33.802395,151.246213,Unincorporated,Country urban,Rest of NSW - Urban,Straight,Other bridge,,,On,Sealed,Dry,Fine,Darkness,Nil,No traffic controls,60 km/h,State,33,Lane sideswipe,305,Same - Lane side swipe,,Other angle,Light truck utility(from 2018),Motor scooter,2,0,0,1,0,6,June,Winter,Monday,18:00 - 19:59,PM peak / evening commute,True,False,True,True
1360453,Injury,Serious Injury,2024,2024,August,Thursday,16:00 - 17:59,CARDIGAN,RD,20,West,WATERLOO,RD,GREENACRE,,No,Not a school zone,2-way undivided,-33.898863,151.058374,Canterbury-Bankstown,Sydney metro. area,Syd-Newc-Woll Gtr conurbation,Straight,Bus stop,,,Off,Sealed,Dry,Fine,Daylight,Nil,No traffic controls,50 km/h,Local,1,Ped emerging,2,Ped - emerging,,Vehicle - Pedestrian,4 wheel drive / SUV,Pedestrian,2,0,1,0,0,8,August,Winter,Thursday,16:00 - 17:59,PM peak / evening commute,True,False,True,True
1360457,Injury,Moderate Injury,2024,2024,June,Thursday,06:00 - 07:59,MT VIEW,RD,540,West,CHRISTY,RD,MOUNT VIEW,,No,Not a school zone,2-way undivided,-32.833349,151.315485,Cessnock,Country urban,Rest of NSW - Urban,Straight,Driveway/entrance,,,Nil,Sealed,Dry,Fine,Dawn,Nil,No traffic controls,80 km/h,Local,32,Right rear,303,Same - Rear right,,Rear end,Motorcycle,4 wheel drive / SUV,2,0,0,1,0,6,June,Winter,Thursday,06:00 - 07:59,AM peak / school commute,True,False,True,True
1360464,Injury,Moderate Injury,2024,2024,August,Saturday,14:00 - 15:59,WESTERN,DSTR,0,Right on the spot,ANZAC,BDGE,PYRMONT,165.0,No,Not a school zone,Divided road,-33.869639,151.18735,Sydney,Sydney metro. area,Syd-Newc-Woll Gtr conurbation,Straight,Other bridge,,,Nil,Sealed,Dry,Fine,Daylight,Nil,No traffic controls,60 km/h,State,30,Rear end,301,Same - Rear end,,Rear end,Unknown motor vehicle,Motorcycle,2,0,0,1,0,8,August,Winter,Saturday,14:00 - 15:59,Midday / afternoon,False,False,True,True
1360466,Injury,Minor/Other Injury,2024,2024,August,Thursday,08:00 - 09:59,YARRAMUNDI,DR,40,North,LYALL,AVE,DEAN PARK,,Yes,No,2-way undivided,-33.734234,150.859479,Blacktown,Sydney metro. area,Syd-Newc-Woll Gtr conurbation,Straight,Crest,,,Nil,Sealed,Dry,Fine,Daylight,Nil,No traffic controls,50 km/h,Local,94,Pkd veh runaway=>veh,906,Parked vehicle ran away,,Other angle,Large rigid,4 wheel drive / SUV,2,0,0,0,1,8,August,Winter,Thursday,08:00 - 09:59,AM peak / school commute,True,False,True,True
1360467,Injury,Serious Injury,2024,2024,August,Friday,18:00 - 19:59,M7 WESTLINK,EXP,500,South,BERNERA ROAD,TO,PRESTONS,6009.0,No,Not a school zone,Dual freeway,-33.93986,150.878821,Liverpool,Sydney metro. area,Syd-Newc-Woll Gtr conurbation,Curved,Other bridge,,,On,Sealed,Dry,Fine,Dusk,Nil,No traffic controls,100 km/h,State,30,Rear end,301,Same - Rear end,,Rear end,4 wheel drive / SUV,4 wheel drive / SUV,2,0,1,0,0,8,August,Winter,Friday,18:00 - 19:59,PM peak / evening commute,True,False,True,True
1360469,Injury,Serious Injury,2024,2024,August,Monday,12:00 - 13:59,TARRAGAL GLEN,AVE,30,South,TERRIGAL,DR,ERINA,,No,Not a school zone,2-way undivided,-33.435101,151.395775,Central Coast,Country urban,Syd-Newc-Woll Gtr conurbation,Straight,Steep grade,,,Off,Sealed,Wet,Other,Daylight,Nil,No traffic controls,40 km/h,Local,30,Rear end,301,Same - Rear end,,Rear end,Station wagon,Car (sedan/hatch),2,0,1,0,0,8,August,Winter,Monday,12:00 - 13:59,Midday / afternoon,False,False,True,True
1360473,Injury,Serious Injury,2024,2024,August,Thursday,20:00 - 21:59,CRISPSPARKLE,DR,0,Right on the spot,LIGHTWOOD,ST,AMBARVALE,,No,Not a school zone,T-junction,-34.09237,150.790714,Campbelltown,Sydney metro. area,Syd-Newc-Woll Gtr conurbation,Straight,,,,On,Sealed,Dry,Fine,Darkness,Nil,No traffic controls,50 km/h,Local,71,Off rd left => obj,703,Left off cway into object,,Other angle,Passenger van,Car (sedan/hatch),2,0,1,0,0,8,August,Winter,Thursday,20:00 - 21:59,Evening / night,False,False,True,True
1360476,Injury,Moderate Injury,2024,2024,July,Tuesday,14:00 - 15:59,MAMRE,RD,0,Right on the spot,PUTLAND,ST,ST MARYS,536.0,No,Not a school zone,T-junction,-33.771945,150.773175,Penrith,Sydney metro. area,Syd-Newc-Woll Gtr conurbation,Straight,,,,Off,Sealed,Dry,Fine,Daylight,Nil,Stop sign,60 km/h,State,10,Cross traffic,101,Adj - Cross traffic,,Right angle,Car (sedan/hatch),Car (sedan/hatch),2,0,0,1,2,7,July,Winter,Tuesday,14:00 - 15:59,Midday / afternoon,False,False,True,True
1360478,Injury,Moderate Injury,2024,2024,August,Monday,12:00 - 13:59,ALBATROSS,RD,0,Right on the spot,YALWAL,RD,WEST NOWRA,92.0,No,Not a school zone,T-junction,-34.891892,150.593799,Shoalhaven,Country urban,Rest of NSW - Urban,Straight,,,,Off,Sealed,Dry,Fine,Daylight,Nil,Give way sign,60 km/h,Regional,30,Rear end,301,Same - Rear end,,Rear end,Light truck utility(from 2018),Station wagon,2,0,0,1,0,8,August,Winter,Monday,12:00 - 13:59,Midday / afternoon,False,False,True,True
1360480,Injury,Minor/Other Injury,2024,2024,August,Tuesday,04:00 - 05:59,WILLOW,RD,55,West,SHERWOOD,DR,SPRINGFIELD,,No,Not a school zone,2-way undivided,-33.429582,151.371269,Central Coast,Country urban,Syd-Newc-Woll Gtr conurbation,Straight,Pedestrian refuge,,,Nil,Sealed,Dry,Fine,Darkness,Nil,No traffic controls,50 km/h,Local,73,Off rd rght => obj,704,Right off cway into obj,,Vehicle - Object,Station wagon,,1,0,0,0,1,8,August,Winter,Tuesday,04:00 - 05:59,Late night / early morning,False,False,True,True
1360481,Injury,Minor/Other Injury,2024,2024,July,Thursday,14:00 - 15:59,HARLEY,ST,12,East,EUSTON,LANE,ALEXANDRIA,,No,Not a school zone,2-way undivided,-33.904145,151.193276,Sydney,Sydney metro. area,Syd-Newc-Woll Gtr conurbation,Straight,Driveway/entrance,,,Nil,Sealed,Unknown,Unknown,Daylight,Nil,No traffic controls,40 km/h,Local,37,Left turn sideswipe,309,Same - Left turn side swipe,,Other angle,Car (sedan/hatch),Pedal cycle,2,0,0,0,1,7,July,Winter,Thursday,14:00 - 15:59,Midday / afternoon,False,False,True,True
1360484,Injury,Moderate Injury,2024,2024,May,Friday,12:00 - 13:59,MEADOWS,RD,10,South,OAK,PL,MOUNT PRITCHARD,7228.0,No,Not a school zone,T-junction,-33.901861,150.897421,Fairfield,Sydney metro. area,Syd-Newc-Woll Gtr conurbation,Straight,,,,Off,Sealed,Dry,Fine,Daylight,Nil,No traffic controls,50 km/h,Regional,42,Leaving parking,401,Manov - Leaving parking,,Other angle,Car (sedan/hatch),Car (sedan/hatch),2,0,0,1,0,5,May,Autumn,Friday,12:00 - 13:59,Midday / afternoon,False,False,True,True
1360485,Injury,Moderate Injury,2024,2024,July,Wednesday,16:00 - 17:59,ATKINSON,ST,0,Right on the spot,BOOTH,ST,QUEANBEYAN EAST,,No,Not a school zone,X-intersection,-35.354455,149.244096,Queanbeyan-Palerang Regional,Country urban,Rest of NSW - Urban,Straight,Steep grade,,,Off,Sealed,Dry,Fine,Dusk,Nil,Give way sign,50 km/h,Local,10,Cross traffic,101,Adj - Cross traffic,,Right angle,Car (sedan/hatch),Car (sedan/hatch),3,0,0,1,1,7,July,Winter,Wednesday,16:00 - 17:59,PM peak / evening commute,True,False,True,True
1360490,Injury,Serious Injury,2024,2024,August,Thursday,20:00 - 21:59,CHARLESTOWN,RD,30,South,KIRKDALE,DR,CHARLESTOWN,,No,Not a school zone,2-way undivided,-32.955165,151.686081,Lake Macquarie,Newcastle met. area,Syd-Newc-Woll Gtr conurbation,Curved,,,,On,Sealed,Dry,Fine,Darkness,Nil,No traffic controls,60 km/h,Local,66,Object on road,607,On path - Hit temp object,,Vehicle - Object,Motorcycle,,1,0,1,0,0,8,August,Winter,Thursday,20:00 - 21:59,Evening / night,False,False,True,True