crash_id,degree_of_crash,degree_of_crash_-_detailed,reporting_year,year_of_crash,month_of_crash,day_of_week_of_crash,two-hour_intervals,street_of_crash,street_type,distance,direction,identifying_feature,identifying_feature_type,town,route_no.,school_zone_location,school_zone_active,type_of_location,latitude,longitude,lga,urbanisation,conurbation_1,alignment,primary_permanent_feature,primary_temporary_feature,primary_hazardous_feature,street_lighting,road_surface,surface_condition,weather,natural_lighting,signals_operation,other_traffic_control,speed_limit,road_classification_(admin),rum_-_code,rum_-_description,dca_-_code,dca_-_description,dca_supplement,first_impact_type,key_tu_type,other_tu_type,no._of_traffic_units_involved,no._killed,no._seriously_injured,no._moderately_injured,no._minor-other_injured,month_num,month_label,season,day_label,time_label,time_band,is_peak_commute,is_fatal,is_injury,is_casualty
1360491,Injury,Moderate Injury,2024,2024,July,Tuesday,20:00 - 21:59,JERSEY,RD,0,Right on the spot,MONCUR,ST,WOOLLAHRA,,No,Not a school zone,T-junction,-33.886523,151.236669,Woollahra,Sydney metro. area,Syd-Newc-Woll Gtr conurbation,Curved,,,,Nil,Sealed,Wet,Raining,Darkness,Nil,Stop sign,50 km/h,Local,2,Ped far side,3,Ped - Far side,,Vehicle - Pedestrian,4 wheel drive / SUV,Pedestrian,2,0,0,1,0,7,July,Winter,Tuesday,20:00 - 21:59,Evening / night,False,False,True,True
1360494,Injury,Serious Injury,2024,2024,August,Tuesday,14:00 - 15:59,PACIFIC,HWY,30,South,SPENCER,RD,KILLARA,10.0,No,Not a school zone,Divided road,-33.76577,151.156776,Ku-ring-gai,Sydney metro. area,Syd-Newc-Woll Gtr conurbation,Straight,,,,Off,Sealed,Dry,Overcast,Daylight,Nil,No traffic controls,60 km/h,State,1,Ped emerging,2,Ped - emerging,,Vehicle - Pedestrian,Light truck utility(from 2018),Pedestrian,2,0,1,0,0,8,August,Winter,Tuesday,14:00 - 15:59,Midday / afternoon,False,False,True,True
1360497,Injury,Serious Injury,2024,2024,August,Saturday,06:00 - 07:59,PACIFIC,HWY,100,South,BERYL,AVE,MOUNT COLAH,10.0,No,Not a school zone,Divided road,-33.664516,151.122796,Hornsby,Sydney metro. area,Syd-Newc-Woll Gtr conurbation,Straight,Steep grade,,,Off,Sealed,Dry,Fine,Daylight,Nil,No traffic controls,80 km/h,State,30,Rear end,301,Same - Rear end,,Rear end,Car (sedan/hatch),Pedal cycle,2,0,1,0,0,8,August,Winter,Saturday,06:00 - 07:59,AM peak / school commute,True,False,True,True
1360498,Injury,Minor/Other Injury,2024,2024,August,Tuesday,06:00 - 07:59,KANGAROO VALLEY,RD,200,West,KENTIA,CRES,BERRY,,No,Not a school zone,2-way undivided,-34.76531,150.675993,Shoalhaven,Country urban,Rest of NSW - Urban,Curved,Painted double centre lines,,,Nil,Sealed,Dry,Fine,Daylight,Nil,No traffic controls,60 km/h,Local,85,Off rt/lft bnd=>obj,804,Off left bend into obj,Right,Vehicle - Object,Utility,,1,0,0,0,1,8,August,Winter,Tuesday,06:00 - 07:59,AM peak / school commute,True,False,True,True
1360502,Injury,Minor/Other Injury,2024,2024,August,Saturday,00:01 - 01:59,WELLS,ST,0,Right on the spot,SPRINGFIELD,RD,SPRINGFIELD,7780.0,No,Not a school zone,Roundabout,-33.43243,151.367187,Central Coast,Country urban,Syd-Newc-Woll Gtr conurbation,Straight,Steep grade,,,On,Sealed,Dry,Fine,Darkness,Nil,Give way sign,60 km/h,Regional,71,Off rd left => obj,703,Left off cway into object,,Vehicle - Object,Car (sedan/hatch),,1,0,0,0,1,8,August,Winter,Saturday,00:01 - 01:59,Late night / early morning,False,False,True,True
1360504,Injury,Moderate Injury,2024,2024,July,Thursday,16:00 - 17:59,COOPER,ST,0,Right on the spot,WALKER,ST,REDFERN,,No,Not a school zone,X-intersection,-33.891709,151.20866,Sydney,Sydney metro. area,Syd-Newc-Woll Gtr conurbation,Straight,,,,On,Sealed,Dry,Fine,Dusk,Nil,Stop sign,40 km/h,Local,10,Cross traffic,101,Adj - Cross traffic,,Right angle,Car (sedan/hatch),Motorcycle,2,0,0,2,0,7,July,Winter,Thursday,16:00 - 17:59,PM peak / evening commute,True,False,True,True
1360505,Injury,Moderate Injury,2024,2024,August,Sunday,18:00 - 19:59,LUDDENHAM,RD,500,North,TWIN CREEKS,DR,ORCHARD HILLS,7286.0,No,Not a school zone,2-way undivided,-33.828769,150.758652,Penrith,Sydney metro. area,Syd-Newc-Woll Gtr conurbation,Straight,,,,On,Sealed,Dry,Fine,Darkness,Nil,No traffic controls,60 km/h,Regional,67,Struck animal,609,On path - Hit animal,,Vehicle - Animal,Motorcycle,,1,0,0,1,0,8,August,Winter,Sunday,18:00 - 19:59,PM peak / evening commute,True,False,True,True
1360506,Injury,Moderate Injury,2024,2024,July,Tuesday,16:00 - 17:59,GREAT WESTERN,HWY,0,Right on the spot,BEACONSFIELD,RD,ROOTY HILL,5.0,No,Not a school zone,T-junction,-33.786036,150.843236,Blacktown,Sydney metro. area,Syd-Newc-Woll Gtr conurbation,Straight,,,,Off,Sealed,Dry,Fine,Daylight,Nil,Give way sign,80 km/h,State,21,Right through,202,Opp - Right-thru,,Other angle,Car (sedan/hatch),Car (sedan/hatch),2,0,0,1,0,7,July,Winter,Tuesday,16:00 - 17:59,PM peak / evening commute,True,False,True,True
1360507,Injury,Serious Injury,2024,2024,August,Tuesday,18:00 - 19:59,MINJUNGBAL,DR,0,Right on the spot,DRY DOCK,RD,TWEED HEADS SOUTH,7733.0,No,Not a school zone,T-junction,-28.187321,153.540051,Tweed,Country urban,Rest of NSW - Urban,Straight,,,,On,Sealed,Wet,Raining,Darkness,On,No traffic controls,60 km/h,Regional,21,Right through,202,Opp - Right-thru,,Other angle,Passenger van,Motorcycle,2,0,1,0,0,8,August,Winter,Tuesday,18:00 - 19:59,PM peak / evening commute,True,False,True,True
1360511,Injury,Moderate Injury,2024,2024,July,Saturday,18:00 - 19:59,NEWCASTLE,EXP,3000,North,CHURCH STREET,OP,BEROWRA,6003.0,No,Not a school zone,Dual freeway,-33.632953,151.148999,Hornsby,Sydney metro. area,Syd-Newc-Woll Gtr conurbation,Curved,B'down lane/road shldr,,,On,Sealed,Dry,Fine,Darkness,Nil,No traffic controls,110 km/h,State,42,Leaving parking,401,Manov - Leaving parking,,Other angle,Car (sedan/hatch),Car (sedan/hatch),2,0,0,1,0,7,July,Winter,Saturday,18:00 - 19:59,PM peak / evening commute,True,False,True,True
1360513,Injury,Serious Injury,2024,2024,August,Saturday,20:00 - 21:59,MARSH,RD,200,East,NUMBER 226,HN,BOBS FARM,,No,Not a school zone,2-way undivided,-32.779948,151.958275,Port Stephens,Country urban,Rest of NSW - Urban,Straight,,,Potholes/corrugations/rough,Nil,Sealed,Dry,Fine,Darkness,Nil,No traffic controls,80 km/h,Local,74,On road-out of cont.,705,Out of control on cway,,Rollover,Motorcycle,,1,0,1,0,0,8,August,Winter,Saturday,20:00 - 21:59,Evening / night,False,False,True,True
1360514,Injury,Moderate Injury,2024,2024,August,Friday,20:00 - 21:59,HARRIS,ST,0,Right on the spot,MARY ANN,ST,ULTIMO,170.0,No,Not a school zone,X-intersection,-33.88084,151.200347,Sydney,Sydney metro. area,Syd-Newc-Woll Gtr conurbation,Straight,Steep grade,,,On,Sealed,Dry,Fine,Darkness,On,No traffic controls,50 km/h,State,21,Right through,202,Opp - Right-thru,,Other angle,Car (sedan/hatch),Pedal cycle,2,0,0,1,0,8,August,Winter,Friday,20:00 - 21:59,Evening / night,False,False,True,True
1360515,Injury,Serious Injury,2024,2024,August,Saturday,06:00 - 07:59,HIGH,ST,10,North,HORSLEY,AVE,NORTH WILLOUGHBY,,Yes,No,T-junction,-33.795877,151.200544,Willoughby,Sydney metro. area,Syd-Newc-Woll Gtr conurbation,Straight,,,,Off,Sealed,Dry,Fine,Daylight,Nil,No traffic controls,50 km/h,Local,63,Vehicle door,604,On path - Vehicle door,,Other angle,Pedal cycle,Station wagon,2,0,1,0,0,8,August,Winter,Saturday,06:00 - 07:59,AM peak / school commute,True,False,True,True
1360517,Injury,Serious Injury,2024,2024,July,Friday,00:01 - 01:59,PACIFIC,HWY,200,North,WILEY ROAD,OP,BANGALOW,10.0,No,Not a school zone,Divided road,-28.698001,153.532652,Byron,Country non-urban,Rest of NSW - Rural,Straight,Steep grade,,,Nil,Sealed,Wet,Raining,Darkness,Nil,No traffic controls,110 km/h,State,35,Lane change left,307,Same - Lane change left,,Other angle,B-double (road train prior 98),Light truck utility(from 2018),2,0,1,0,0,7,July,Winter,Friday,00:01 - 01:59,Late night / early morning,False,False,True,True
1360518,Injury,Moderate Injury,2024,2024,July,Friday,10:00 - 11:59,OLD KING CREEK,RD,100,South,ARRANBEE,RD,KING CREEK,,No,Not a school zone,2-way undivided,-31.492688,152.742298,Port Macquarie-Hastings,Country urban,Rest of NSW - Urban,Straight,Ditch/drain/culvert,,,Off,Sealed,Wet,Raining,Daylight,Nil,No traffic controls,60 km/h,Local,71,Off rd left => obj,703,Left off cway into object,,Vehicle - Object,Car (sedan/hatch),,1,0,0,1,0,7,July,Winter,Friday,10:00 - 11:59,Midday / afternoon,False,False,True,True
1360520,Injury,Serious Injury,2024,2024,August,Sunday,16:00 - 17:59,RIVERINA,HWY,1000,East,KERR,RD,THURGOONA,20.0,No,Not a school zone,2-way undivided,-36.07272,147.019169,Albury,Country urban,Rest of NSW - Urban,Straight,,,,Nil,Sealed,Dry,Fine,Daylight,Nil,No traffic controls,80 km/h,State,30,Rear end,301,Same - Rear end,,Rear end,Motorcycle,4 wheel drive / SUV,2,0,1,0,0,8,August,Winter,Sunday,16:00 - 17:59,PM peak / evening commute,True,False,True,True
1360522,Injury,Moderate Injury,2024,2024,August,Wednesday,08:00 - 09:59,MINOGUE,CRES,0,Right on the spot,ROSS,ST,FOREST LODGE,666.0,Yes,No,Y-junction,-33.881524,151.18173,Sydney,Sydney metro. area,Syd-Newc-Woll Gtr conurbation,Straight,,,,Off,Sealed,Dry,Overcast,Daylight,Nil,Stop sign,50 km/h,State,21,Right through,202,Opp - Right-thru,,Other angle,Motorised push scooters,Car (sedan/hatch),2,0,0,1,0,8,August,Winter,Wednesday,08:00 - 09:59,AM peak / school commute,True,False,True,True
1360523,Injury,Minor/Other Injury,2024,2024,July,Thursday,16:00 - 17:59,SOMERSET,AVE,100,South,CAMDEN VALLEY,WAY,NARELLAN,,No,Not a school zone,2-way undivided,-34.040526,150.739017,Camden,Sydney metro. area,Syd-Newc-Woll Gtr conurbation,Straight,,,,Nil,Sealed,Dry,Fine,Daylight,Nil,No traffic controls,50 km/h,Local,30,Rear end,301,Same - Rear end,,Rear end,4 wheel drive / SUV,Car (sedan/hatch),2,0,0,0,1,7,July,Winter,Thursday,16:00 - 17:59,PM peak / evening commute,True,False,True,True
1360524,Injury,Serious Injury,2024,2024,August,Wednesday,18:00 - 19:59,PRINCES,HWY,0,Right on the spot,TONGARRA,RD,ALBION PARK RAIL,1.0,No,Not a school zone,T-junction,-34.568024,150.803086,Shellharbour,Wollongong met. area,Syd-Newc-Woll Gtr conurbation,Curved,Driveway/entrance,,,On,Sealed,Dry,Fine,Dusk,On,Left turn only,60 km/h,State,47,Emerging from drive,406,Manov - Emerging from driveway,,Right angle,4 wheel drive / SUV,4 wheel drive / SUV,2,0,1,1,0,8,August,Winter,Wednesday,18:00 - 19:59,PM peak / evening commute,True,False,True,True
1360525,Injury,Serious Injury,2024,2024,August,Thursday,12:00 - 13:59,HOGBIN,DR,0,Right on the spot,HI TECH,DR,TOORMINA,540.0,No,Not a school zone,T-junction,-30.341663,153.093294,Coffs Harbour,Country urban,Rest of NSW - Urban,Straight,,,,Nil,Sealed,Dry,Fine,Daylight,Nil,Give way sign,80 km/h,Regional,13,Right near,104,Adj - Right-thru from right,,Right angle,Car (sedan/hatch),Car (sedan/hatch),2,0,4,0,0,8,August,Winter,Thursday,12:00 - 13:59,Midday / afternoon,False,False,True,True
1360528,Injury,Moderate Injury,2024,2024,July,Tuesday,04:00 - 05:59,MARSDEN,ST,0,Right on the spot,PHILLIP,ST,PARRAMATTA,,No,Not a school zone,T-junction,-33.811938,151.002676,Parramatta,Sydney metro. area,Syd-Newc-Woll Gtr conurbation,Straight,,,,On,Sealed,Wet,Raining,Dawn,On,No traffic controls,40 km/h,Local,21,Right through,202,Opp - Right-thru,,Other angle,Light truck utility(from 2018),Motor scooter,2,0,0,1,0,7,July,Winter,Tuesday,04:00 - 05:59,Late night / early morning,False,False,True,True
1360530,Injury,Serious Injury,2024,2024,August,Thursday,18:00 - 19:59,ANZAC,PDE,0,Right on the spot,TODMAN,AVE,KENSINGTON,171.0,No,Not a school zone,X-intersection,-33.910039,151.223172,Randwick,Sydney metro. area,Syd-Newc-Woll Gtr conurbation,Straight,,,,On,Sealed,Dry,Fine,Darkness,On,No traffic controls,50 km/h,State,74,On road-out of cont.,705,Out of control on cway,,Rollover,Motorcycle,,1,0,1,0,0,8,August,Winter,Thursday,18:00 - 19:59,PM peak / evening commute,True,False,True,True
1360531,Injury,Minor/Other Injury,2024,2024,May,Wednesday,10:00 - 11:59,AEOLUS,AVE,0,Right on the spot,NUMBER 15,HN,RYDE,,No,Not a school zone,2-way undivided,-33.803051,151.106676,Ryde,Sydney metro. area,Syd-Newc-Woll Gtr conurbation,Straight,,Roadwks/Detour/Diverson,,Off,Sealed,Dry,Fine,Daylight,Nil,Road/rail worker,50 km/h,Local,3,Ped on carriageway,4,Ped - On carriageway,,Vehicle - Pedestrian,Car (sedan/hatch),Pedestrian,2,0,0,0,1,5,May,Autumn,Wednesday,10:00 - 11:59,Midday / afternoon,False,False,True,True
1360533,Injury,Moderate Injury,2024,2024,March,Thursday,04:00 - 05:59,DALMAN,PKWY,0,Right on the spot,RED HILL,RD,LLOYD,,No,Not a school zone,T-junction,-35.143516,147.326353,Wagga Wagga,Country urban,Rest of NSW - Urban,Straight,Ditch/drain/culvert,,,On,Sealed,Dry,Fine,Darkness,Nil,Give way sign,70 km/h,Local,75,Off end of road,709,Off end cway or T junct,,Rollover,Light truck utility(from 2018),,1,0,0,1,0,3,March,Autumn,Thursday,04:00 - 05:59,Late night / early morning,False,False,True,True
1360536,Injury,Moderate Injury,2024,2024,July,Sunday,12:00 - 13:59,BAXTER,AVE,0,Right on the spot,CROSS,ST,KOGARAH,,No,Not a school zone,T-junction,-33.961052,151.141569,Bayside,Sydney metro. area,Syd-Newc-Woll Gtr conurbation,Straight,,,,Nil,Sealed,Dry,Fine,Daylight,Nil,No traffic controls,50 km/h,Local,13,Right near,104,Adj - Right-thru from right,,Right angle,Car (sedan/hatch),Car (sedan/hatch),2,0,0,1,0,7,July,Winter,Sunday,12:00 - 13:59,Midday / afternoon,False,False,True,True
1360542,Injury,Serious Injury,2024,2024,July,Wednesday,16:00 - 17:59,NEW ENGLAND,HWY,900,North,PACIFIC HIGHWAY,OP,HEXHAM,9.0,No,Not a school zone,Divided road,-32.817493,151.678973,Newcastle,Newcastle met. area,Syd-Newc-Woll Gtr conurbation,Straight,,Roadwks/Detour/Diverson,,Nil,Sealed,Dry,Fine,Dusk,Nil,No traffic controls,60 km/h,State,35,Lane change left,307,Same - Lane change left,,Other angle,Car (sedan/hatch),Motorcycle,3,0,1,0,0,7,July,Winter,Wednesday,16:00 - 17:59,PM peak / evening commute,True,False,True,True
1360543,Injury,Moderate Injury,2024,2024,August,Sunday,20:00 - 21:59,TALAVERA,RD,0,Right on the spot,HERRING,RD,MACQUARIE PARK,7487.0,No,Not a school zone,X-intersection,-33.774823,151.12065,Ryde,Sydney metro. area,Syd-Newc-Woll Gtr conurbation,Straight,,,,On,Sealed,Wet,Fine,Darkness,On,No traffic controls,50 km/h,State,88,Out of cont on bend,707,Right turn,,Rollover,Motorcycle,,1,0,0,1,0,8,August,Winter,Sunday,20:00 - 21:59,Evening / night,False,False,True,True
1360544,Injury,Moderate Injury,2024,2024,July,Saturday,14:00 - 15:59,WALLSEND,RD,215,East,RURAL,DR,SANDGATE,23.0,No,Not a school zone,2-way undivided,-32.87118,151.708957,Newcastle,Newcastle met. area,Syd-Newc-Woll Gtr conurbation,Straight,,,,Off,Sealed,Dry,Fine,Daylight,Nil,No traffic controls,60 km/h,State,71,Off rd left => obj,703,Left off cway into object,,Vehicle - Object,4 wheel drive / SUV,,1,0,0,1,0,7,July,Winter,Saturday,14:00 - 15:59,Midday / afternoon,False,False,True,True
1360546,Injury,Serious Injury,2024,2024,August,Friday,10:00 - 11:59,KING,ST,0,Right on the spot,COWPER,ST,WARRAWONG,522.0,No,Not a school zone,X-intersection,-34.485377,150.887635,Wollongong,Wollongong met. area,Syd-Newc-Woll Gtr conurbation,Straight,,,,Off,Sealed,Dry,Fine,Daylight,On,Ped crossing,60 km/h,State,2,Ped far side,3,Ped - Far side,,Vehicle - Pedestrian,4 wheel drive / SUV,Pedestrian,2,0,1,0,0,8,August,Winter,Friday,10:00 - 11:59,Midday / afternoon,False,False,True,True
1360549,Injury,Minor/Other Injury,2024,2024,August,Sunday,14:00 - 15:59,HICKEY,ST,0,Right on the spot,STAPLETON,AVE,CASINO,,No,Not a school zone,X-intersection,-28.871127,153.049069,Richmond Valley,Country urban,Rest of NSW - Urban,Straight,Steep grade,,,Off,Sealed,Dry,Overcast,Daylight,Nil,Give way sign,50 km/h,Local,10,Cross traffic,101,Adj - Cross traffic,,Right angle,Car (sedan/hatch),Car (sedan/hatch),2,0,0,0,2,8,August,Winter,Sunday,14:00 - 15:59,Midday / afternoon,False,False,True,True
1360554,Injury,Serious Injury,2024,2024,August,Wednesday,04:00 - 05:59,HUME,HWY,0,Right on the spot,GOULD,ST,STRATHFIELD SOUTH,2.0,No,Not a school zone,T-junction,-33.887133,151.072677,Strathfield,Sydney metro. area,Syd-Newc-Woll Gtr conurbation,Straight,,,,On,Sealed,Wet,Raining,Darkness,Nil,No traffic controls,60 km/h,State,21,Right through,202,Opp - Right-thru,,Other angle,Semi-trailer,Car (sedan/hatch),2,0,1,1,1,8,August,Winter,Wednesday,04:00 - 05:59,Late night / early morning,False,False,True,True
1360555,Injury,Serious Injury,2024,2024,August,Saturday,12:00 - 13:59,LANCIA,DR,0,Right on the spot,NUMBER 66,HN,INGLEBURN,,No,Not a school zone,2-way undivided,-34.01625,150.86945,Campbelltown,Sydney metro. area,Syd-Newc-Woll Gtr conurbation,Straight,,,,Off,Sealed,Dry,Fine,Daylight,Nil,No traffic controls,50 km/h,Local,0,Ped nearside,1,Ped - Near side,,Vehicle - Pedestrian,Light truck utility(from 2018),Pedestrian,2,0,1,0,0,8,August,Winter,Saturday,12:00 - 13:59,Midday / afternoon,False,False,True,True
1360560,Injury,Serious Injury,2024,2024,August,Saturday,16:00 - 17:59,MERRYLANDS,RD,0,Right on the spot,BAMBIL,ST,GREYSTANES,7250.0,No,Not a school zone,T-junction,-33.828096,150.937594,Cumberland,Sydney metro. area,Syd-Newc-Woll Gtr conurbation,Straight,Steep grade,,,Off,Sealed,Dry,Fine,Daylight,Nil,Give way sign,60 km/h,Regional,11,Right far,102,Adj - Right-thru from left,,Right angle,Car (sedan/hatch),Motorcycle,2,0,1,0,0,8,August,Winter,Saturday,16:00 - 17:59,PM peak / evening commute,True,False,True,True
1360562,Injury,Moderate Injury,2024,2024,July,Sunday,18:00 - 19:59,THE RIDGEWAY,MS,1000,East,PAROO,RD,LISAROW,,No,Not a school zone,2-way undivided,-33.389697,151.408329,Central Coast,Country urban,Syd-Newc-Woll Gtr conurbation,Curved,Embankment/cutting,,,Off,Sealed,Wet,Raining,Darkness,Nil,No traffic controls,60 km/h,Local,86,Off left/left bend,802,Off cway left bend,Left,Rollover,4 wheel drive / SUV,,1,0,0,1,0,7,July,Winter,Sunday,18:00 - 19:59,PM peak / evening commute,True,False,True,True
1360568,Injury,Serious Injury,2024,2024,August,Monday,16:00 - 17:59,HINTON,RD,40,East,LAWLERS,RD,PHOENIX PARK,,No,Not a school zone,2-way undivided,-32.717645,151.63959,Maitland,Country urban,Rest of NSW - Urban,Curved,Painted double centre lines,,,Off,Sealed,Wet,Raining,Daylight,Nil,No traffic controls,80 km/h,Local,81,Off left/rt bnd=>obj,803,Off right bend into obj,Left,Vehicle - Object,4 wheel drive / SUV,,2,0,1,1,0,8,August,Winter,Monday,16:00 - 17:59,PM peak / evening commute,True,False,True,True
1360569,Injury,Moderate Injury,2024,2024,August,Saturday,02:00 - 03:59,PACIFIC,HWY,0,Right on the spot,MILLER,ST,NORTH SYDNEY,10.0,No,Not a school zone,X-intersection,-33.836832,151.207267,North Sydney,Sydney metro. area,Syd-Newc-Woll Gtr conurbation,Straight,,,,On,Sealed,Dry,Fine,Darkness,On,No traffic controls,40 km/h,State,10,Cross traffic,101,Adj - Cross traffic,,Right angle,4 wheel drive / SUV,Car (sedan/hatch),2,0,0,1,0,8,August,Winter,Saturday,02:00 - 03:59,Late night / early morning,False,False,True,True
1360575,Injury,Moderate Injury,2024,2024,August,Friday,08:00 - 09:59,BARBARA,AVE,0,Right on the spot,NUMBER 5,HN,WARRAWONG,,No,Not a school zone,2-way undivided,-34.485539,150.876866,Wollongong,Wollongong met. area,Syd-Newc-Woll Gtr conurbation,Curved,Steep grade,,,Off,Sealed,Dry,Fine,Daylight,Nil,No traffic controls,50 km/h,Local,41,U turn into object,207,Opp - U-turn,,Other angle,Car (sedan/hatch),Car (sedan/hatch),3,0,0,1,0,8,August,Winter,Friday,08:00 - 09:59,AM peak / school commute,True,False,True,True
1360576,Injury,Moderate Injury,2024,2024,July,Thursday,12:00 - 13:59,BOTANY,RD,0,Right on the spot,HARCOURT,PDE,ALEXANDRIA,170.0,Yes,No,T-junction,-33.919379,151.198564,Sydney,Sydney metro. area,Syd-Newc-Woll Gtr conurbation,Straight,,,,Nil,Sealed,Dry,Fine,Daylight,On,Ped crossing,50 km/h,State,0,Ped nearside,1,Ped - Near side,,Vehicle - Pedestrian,Car (sedan/hatch),Pedestrian,2,0,0,1,0,7,July,Winter,Thursday,12:00 - 13:59,Midday / afternoon,False,False,True,True
1360578,Injury,Serious Injury,2024,2024,August,Saturday,10:00 - 11:59,KING GEORGES,RD,0,Right on the spot,WARWICK,ST,PENSHURST,200.0,No,Not a school zone,T-junction,-33.955221,151.085683,Georges River,Sydney metro. area,Syd-Newc-Woll Gtr conurbation,Straight,,Roadwks/Detour/Diverson,,Off,Sealed,Dry,Fine,Daylight,Nil,No traffic controls,60 km/h,State,30,Rear end,301,Same - Rear end,,Rear end,Light truck utility(from 2018),4 wheel drive / SUV,2,0,3,0,0,8,August,Winter,Saturday,10:00 - 11:59,Midday / afternoon,False,False,True,True
1360581,Injury,Serious Injury,2024,2024,August,Saturday,14:00 - 15:59,EDGAR,ST,30,North,MILPERRA,RD,REVESBY,7120.0,No,Not a school zone,Other,-33.936016,151.011511,Canterbury-Bankstown,Sydney metro. area,Syd-Newc-Woll Gtr conurbation,Curved,,,,Off,Sealed,Dry,Fine,Daylight,Nil,Ped crossing,60 km/h,Regional,30,Rear end,301,Same - Rear end,,Rear end,Car (sedan/hatch),4 wheel drive / SUV,2,0,1,0,0,8,August,Winter,Saturday,14:00 - 15:59,Midday / afternoon,False,False,True,True
1360583,Injury,Moderate Injury,2024,2024,August,Tuesday,08:00 - 09:59,CUMBERLAND,HWY,0,Right on the spot,COPELAND,RD,WEST PENNANT HILLS,13.0,No,Not a school zone,X-intersection,-33.754091,151.047633,The Hills,Sydney metro. area,Syd-Newc-Woll Gtr conurbation,Curved,Steep grade,,,Off,Sealed,Dry,Fine,Daylight,On,No traffic controls,70 km/h,State,30,Rear end,301,Same - Rear end,,Rear end,Car (sedan/hatch),4 wheel drive / SUV,2,0,0,1,0,8,August,Winter,Tuesday,08:00 - 09:59,AM peak / school commute,True,False,True,True
1360591,Injury,Serious Injury,2024,2024,August,Friday,10:00 - 11:59,VANESSA,ST,0,Right on the spot,NUMBER 105A,HN,KINGSGROVE,7035.0,No,Not a school zone,2-way undivided,-33.941915,151.096657,Georges River,Sydney metro. area,Syd-Newc-Woll Gtr conurbation,Straight,,,,Off,Sealed,Dry,Fine,Daylight,Nil,No traffic controls,50 km/h,Regional,0,Ped nearside,1,Ped - Near side,,Vehicle - Pedestrian,4 wheel drive / SUV,Pedestrian,2,0,1,0,0,8,August,Winter,Friday,10:00 - 11:59,Midday / afternoon,False,False,True,True
1360594,Injury,Minor/Other Injury,2024,2024,July,Tuesday,16:00 - 17:59,BOURKE,ST,0,Right on the spot,POWELL,ST,WATERLOO,2008.0,Yes,No,T-junction,-33.902217,151.208224,Sydney,Sydney metro. area,Syd-Newc-Woll Gtr conurbation,Straight,,,,On,Sealed,Dry,Fine,Dusk,Nil,No traffic controls,50 km/h,Regional,30,Rear end,301,Same - Rear end,,Rear end,Pedal cycle,Light truck utility(from 2018),2,0,0,0,1,7,July,Winter,Tuesday,16:00 - 17:59,PM peak / evening commute,True,False,True,True
1360597,Injury,Moderate Injury,2024,2024,July,Tuesday,06:00 - 07:59,PACIFIC,HWY,0,Right on the spot,MUNDERAH,ST,WAHROONGA,10.0,Yes,No,T-junction,-33.722342,151.118174,Ku-ring-gai,Sydney metro. area,Syd-Newc-Woll Gtr conurbation,Straight,,,,Off,Sealed,Dry,Fine,Daylight,Nil,No traffic controls,60 km/h,State,0,Ped nearside,1,Ped - Near side,,Vehicle - Pedestrian,4 wheel drive / SUV,Pedestrian,2,0,0,1,0,7,July,Winter,Tuesday,06:00 - 07:59,AM peak / school commute,True,False,True,True
1360598,Injury,Serious Injury,2024,2024,August,Wednesday,14:00 - 15:59,M7 WESTLINK,EXP,950,North,COWPASTURE ROAD,OP,MIDDLETON GRANGE,6009.0,No,Not a school zone,Dual freeway,-33.911124,150.848182,Liverpool,Sydney metro. area,Syd-Newc-Woll Gtr conurbation,Straight,Embankment/cutting,,,Nil,Sealed,Dry,Fine,Daylight,Nil,No traffic controls,100 km/h,State,71,Off rd left => obj,703,Left off cway into object,,Vehicle - Object,Large rigid,,1,0,1,0,0,8,August,Winter,Wednesday,14:00 - 15:59,Midday / afternoon,False,False,True,True
1360599,Injury,Moderate Injury,2024,2024,August,Friday,14:00 - 15:59,CLOSE,ST,0,Right on the spot,MURNIN,ST,WALLSEND,,No,Not a school zone,X-intersection,-32.908283,151.674646,Newcastle,Newcastle met. area,Syd-Newc-Woll Gtr conurbation,Straight,,,,Off,Sealed,Dry,Fine,Daylight,Nil,Stop sign,50 km/h,Local,19,Other adjacent,100,Adj - other,,Right angle,Station wagon,4 wheel drive / SUV,2,0,0,1,0,8,August,Winter,Friday,14:00 - 15:59,Midday / afternoon,False,False,True,True
1360604,Injury,Minor/Other Injury,2024,2024,August,Sunday,10:00 - 11:59,OALLEN FORD,RD,700,East,TIMBERLIGHT,RD,OALLEN,,No,Not a school zone,2-way undivided,-35.121423,149.939847,Goulburn Mulwaree,Country urban,Rest of NSW - Urban,Curved,Painted double centre lines,,,Nil,Sealed,Dry,Fine,Daylight,Nil,No traffic controls,80 km/h,Local,20,Head on,201,Opp - Head on,,Head-on,Motorcycle,Car (sedan/hatch),2,0,0,0,1,8,August,Winter,Sunday,10:00 - 11:59,Midday / afternoon,False,False,True,True
1360607,Injury,Moderate Injury,2024,2024,August,Tuesday,08:00 - 09:59,MIRIAM,RD,0,Right on the spot,RESERVE,ST,WEST RYDE,,No,Not a school zone,X-intersection,-33.804328,151.089589,Ryde,Sydney metro. area,Syd-Newc-Woll Gtr conurbation,Straight,,,,Nil,Sealed,Dry,Fine,Daylight,Nil,Stop sign,50 km/h,Local,0,Ped nearside,1,Ped - Near side,,Vehicle - Pedestrian,Car (sedan/hatch),Pedestrian,2,0,0,1,0,8,August,Winter,Tuesday,08:00 - 09:59,AM peak / school commute,True,False,True,True
1360609,Injury,Serious Injury,2024,2024,August,Monday,18:00 - 19:59,BAKER,ST,0,Right on the spot,WARATAH,ST,MAYFIELD,,No,Not a school zone,X-intersection,-32.89734,151.734722,Newcastle,Newcastle met. area,Syd-Newc-Woll Gtr conurbation,Straight,,,,On,Sealed,Wet,Raining,Darkness,Nil,Stop sign,50 km/h,Local,10,Cross traffic,101,Adj - Cross traffic,,Right angle,4 wheel drive / SUV,Car (sedan/hatch),3,0,1,0,0,8,August,Winter,Monday,18:00 - 19:59,PM peak / evening commute,True,False,True,True