crash_id,degree_of_crash,degree_of_crash_-_detailed,reporting_year,year_of_crash,month_of_crash,day_of_week_of_crash,two-hour_intervals,street_of_crash,street_type,distance,direction,identifying_feature,identifying_feature_type,town,route_no.,school_zone_location,school_zone_active,type_of_location,latitude,longitude,lga,urbanisation,conurbation_1,alignment,primary_permanent_feature,primary_temporary_feature,primary_hazardous_feature,street_lighting,road_surface,surface_condition,weather,natural_lighting,signals_operation,other_traffic_control,speed_limit,road_classification_(admin),rum_-_code,rum_-_description,dca_-_code,dca_-_description,dca_supplement,first_impact_type,key_tu_type,other_tu_type,no._of_traffic_units_involved,no._killed,no._seriously_injured,no._moderately_injured,no._minor-other_injured,month_num,month_label,season,day_label,time_label,time_band,is_peak_commute,is_fatal,is_injury,is_casualty
1360611,Injury,Moderate Injury,2024,2024,August,Friday,14:00 - 15:59,GRAND,DR,0,Right on the spot,ROBINSON DRIVE,TO,CENTENNIAL PARK,,No,Not a school zone,1-way street,-33.897962,151.240624,Randwick,Sydney metro. area,Syd-Newc-Woll Gtr conurbation,Curved,Foot/cycle path/nature strip,,,Nil,Sealed,Dry,Fine,Daylight,Nil,Stop sign,30 km/h,Local,34,Lane change right,306,Same - Lane change right,,Other angle,4 wheel drive / SUV,Pedal cycle,2,0,0,1,0,8,August,Winter,Friday,14:00 - 15:59,Midday / afternoon,False,False,True,True
1360612,Injury,Moderate Injury,2024,2024,August,Tuesday,08:00 - 09:59,BROAD ARROW,RD,0,Right on the spot,MERCURY,ST,NARWEE,7012.0,Yes,No,X-intersection,-33.948461,151.070533,Georges River,Sydney metro. area,Syd-Newc-Woll Gtr conurbation,Straight,,,,Off,Sealed,Dry,Fine,Daylight,Nil,No traffic controls,50 km/h,Regional,0,Ped nearside,1,Ped - Near side,,Vehicle - Pedestrian,4 wheel drive / SUV,Pedestrian,2,0,0,1,0,8,August,Winter,Tuesday,08:00 - 09:59,AM peak / school commute,True,False,True,True
1360617,Injury,Serious Injury,2024,2024,August,Tuesday,14:00 - 15:59,MEREDITH,ST,100,North,RICKARD,RD,BANKSTOWN,,No,Not a school zone,2-way undivided,-33.913306,151.032081,Canterbury-Bankstown,Sydney metro. area,Syd-Newc-Woll Gtr conurbation,Straight,,,,Off,Sealed,Dry,Fine,Daylight,Nil,No traffic controls,60 km/h,Local,2,Ped far side,3,Ped - Far side,,Vehicle - Pedestrian,Light truck utility(from 2018),Pedestrian,2,0,1,0,0,8,August,Winter,Tuesday,14:00 - 15:59,Midday / afternoon,False,False,True,True
1360619,Injury,Serious Injury,2024,2024,August,Sunday,00:01 - 01:59,LACHLAN,ST,0,Right on the spot,LIVERPOOL,ST,COWRA,,Yes,No,X-intersection,-33.831929,148.686673,Cowra,Country urban,Rest of NSW - Urban,Straight,,,,On,Sealed,Dry,Fine,Darkness,Nil,Give way sign,50 km/h,Local,10,Cross traffic,101,Adj - Cross traffic,,Right angle,Motorcycle,Car (sedan/hatch),2,0,1,0,0,8,August,Winter,Sunday,00:01 - 01:59,Late night / early morning,False,False,True,True
1360620,Injury,Moderate Injury,2024,2024,January,Saturday,08:00 - 09:59,OLD NORTH,RD,1000,East,SWEETWATER,RD,ROTHBURY,,No,Not a school zone,2-way undivided,-32.713995,151.301554,Cessnock,Country urban,Rest of NSW - Urban,Curved,,,,Nil,Unsealed,Dry,Fine,Daylight,Nil,No traffic controls,80 km/h,Local,85,Off rt/lft bnd=>obj,804,Off left bend into obj,Right,Vehicle - Object,4 wheel drive / SUV,,1,0,0,1,0,1,January,Summer,Saturday,08:00 - 09:59,AM peak / school commute,True,False,True,True
1360621,Injury,Moderate Injury,2024,2024,August,Friday,08:00 - 09:59,BROUGHTON,ST,0,Right on the spot,HOWE,ST,CAMPBELLTOWN,7190.0,No,Not a school zone,T-junction,-34.065148,150.818285,Campbelltown,Sydney metro. area,Syd-Newc-Woll Gtr conurbation,Straight,,,,On,Sealed,Dry,Fine,Daylight,Nil,No traffic controls,60 km/h,Regional,0,Ped nearside,1,Ped - Near side,,Vehicle - Pedestrian,Light truck utility(from 2018),Pedestrian,2,0,0,1,0,8,August,Winter,Friday,08:00 - 09:59,AM peak / school commute,True,False,True,True
1360622,Injury,Minor/Other Injury,2024,2024,July,Monday,10:00 - 11:59,NARELLAN,RD,900,West,BLAXLAND,RD,CAMPBELLTOWN,178.0,No,Not a school zone,Divided road,-34.065009,150.793773,Campbelltown,Sydney metro. area,Syd-Newc-Woll Gtr conurbation,Straight,Driveway/entrance,,,Off,Sealed,Dry,Fine,Daylight,On,No traffic controls,80 km/h,State,30,Rear end,301,Same - Rear end,,Rear end,Large rigid,Light truck,2,0,0,0,1,7,July,Winter,Monday,10:00 - 11:59,Midday / afternoon,False,False,True,True
1360623,Injury,Minor/Other Injury,2024,2024,August,Wednesday,12:00 - 13:59,SUMMERLAND,WAY,40,North,KYOGLE,RD,KYOGLE,83.0,No,Not a school zone,2-way undivided,-28.618266,153.003623,Kyogle,Country urban,Rest of NSW - Urban,Straight,Driveway/entrance,,,Off,Sealed,Wet,Raining,Daylight,Nil,No traffic controls,50 km/h,State,47,Emerging from drive,406,Manov - Emerging from driveway,,Right angle,Car (sedan/hatch),Car (sedan/hatch),2,0,0,0,2,8,August,Winter,Wednesday,12:00 - 13:59,Midday / afternoon,False,False,True,True
1360630,Injury,Moderate Injury,2024,2024,July,Saturday,20:00 - 21:59,DENHAM COURT,RD,10,East,CAMDEN VALLEY,WAY,DENHAM COURT,620.0,No,Not a school zone,X-intersection,-33.969226,150.814702,Campbelltown,Sydney metro. area,Syd-Newc-Woll Gtr conurbation,Straight,,,,On,Sealed,Dry,Fine,Darkness,On,No traffic controls,80 km/h,State,10,Cross traffic,101,Adj - Cross traffic,,Right angle,Light truck utility(from 2018),Car (sedan/hatch),3,0,0,1,1,7,July,Winter,Saturday,20:00 - 21:59,Evening / night,False,False,True,True
1360633,Injury,Serious Injury,2024,2024,April,Tuesday,18:00 - 19:59,HILL,LANE,0,Right on the spot,HILL,ST,CAMPSIE,2014.0,No,Not a school zone,X-intersection,-33.914173,151.104778,Canterbury-Bankstown,Sydney metro. area,Syd-Newc-Woll Gtr conurbation,Straight,,,,Unknown / not stated,Sealed,Wet,Raining,Darkness,Nil,No traffic controls,40 km/h,Regional,0,Ped nearside,1,Ped - Near side,,Vehicle - Pedestrian,Light truck utility(from 2018),Pedestrian,2,0,1,0,0,4,April,Autumn,Tuesday,18:00 - 19:59,PM peak / evening commute,True,False,True,True
1360634,Injury,Minor/Other Injury,2024,2024,April,Tuesday,16:00 - 17:59,OLD PROSPECT,RD,0,Right on the spot,METRO SERVICE STATION,ENT,GREYSTANES,,Yes,No,2-way undivided,-33.818504,150.951193,Cumberland,Sydney metro. area,Syd-Newc-Woll Gtr conurbation,Straight,Driveway/entrance,,,Unknown / not stated,Sealed,Dry,Fine,Dusk,Nil,No traffic controls,50 km/h,Local,31,Left rear,302,Same - Rear left,,Rear end,Car (sedan/hatch),Light truck utility(from 2018),2,0,0,0,2,4,April,Autumn,Tuesday,16:00 - 17:59,PM peak / evening commute,True,False,True,True
1360635,Injury,Moderate Injury,2024,2024,June,Sunday,06:00 - 07:59,REMEMBRANCE,DR,10,East,CHANDOS,RD,YANDERRA,,No,Not a school zone,T-junction,-34.321486,150.575294,Wollondilly,Country urban,Syd-Newc-Woll Gtr conurbation,Straight,,,,Unknown / not stated,Sealed,Dry,Fine,Dawn,Nil,No traffic controls,80 km/h,Local,71,Off rd left => obj,703,Left off cway into object,,Vehicle - Object,Car (sedan/hatch),,1,0,0,1,0,6,June,Winter,Sunday,06:00 - 07:59,AM peak / school commute,True,False,True,True
1360637,Injury,Moderate Injury,2024,2024,May,Sunday,10:00 - 11:59,WALLARAH,RD,0,Right on the spot,DALNOTT,RD,GOROKAN,509.0,No,Not a school zone,T-junction,-33.254792,151.502843,Central Coast,Country urban,Syd-Newc-Woll Gtr conurbation,Straight,,,,Unknown / not stated,Sealed,Dry,Fine,Daylight,Nil,No traffic controls,50 km/h,State,33,Lane sideswipe,305,Same - Lane side swipe,,Other angle,Light truck,Light truck utility(from 2018),3,0,0,1,0,5,May,Autumn,Sunday,10:00 - 11:59,Midday / afternoon,False,False,True,True
1360639,Injury,Minor/Other Injury,2024,2024,July,Saturday,14:00 - 15:59,BROUGHTON,ST,0,Right on the spot,ST JOHNS,RD,GLEBE,,No,Not a school zone,X-intersection,-33.879549,151.190113,Sydney,Sydney metro. area,Syd-Newc-Woll Gtr conurbation,Straight,,,,Unknown / not stated,Sealed,Dry,Fine,Daylight,Nil,Give way sign,50 km/h,Local,21,Right through,202,Opp - Right-thru,,Other angle,Passenger van,4 wheel drive / SUV,2,0,0,0,1,7,July,Winter,Saturday,14:00 - 15:59,Midday / afternoon,False,False,True,True
1360641,Injury,Moderate Injury,2024,2024,August,Wednesday,06:00 - 07:59,THE RIVER,RD,0,Right on the spot,BEACONSFIELD,ST,REVESBY,2068.0,Yes,No,X-intersection,-33.94524,151.018033,Canterbury-Bankstown,Sydney metro. area,Syd-Newc-Woll Gtr conurbation,Straight,,,,Unknown / not stated,Sealed,Dry,Fine,Daylight,On,No traffic controls,60 km/h,Regional,30,Rear end,301,Same - Rear end,,Rear end,4 wheel drive / SUV,Light truck utility(from 2018),6,0,0,1,1,8,August,Winter,Wednesday,06:00 - 07:59,AM peak / school commute,True,False,True,True
1360643,Injury,Moderate Injury,2024,2024,August,Wednesday,06:00 - 07:59,BOUNDARY,ST,93,West,PENSHURST,ST,ROSEVILLE,328.0,No,Not a school zone,Divided road,-33.783969,151.190653,Willoughby,Sydney metro. area,Syd-Newc-Woll Gtr conurbation,Straight,Steep grade,,,Unknown / not stated,Sealed,Dry,Fine,Daylight,Nil,No traffic controls,60 km/h,State,39,Other same direction,300,Same - other,,Other angle,Car (sedan/hatch),Car (sedan/hatch),3,0,0,1,0,8,August,Winter,Wednesday,06:00 - 07:59,AM peak / school commute,True,False,True,True
1360644,Injury,Moderate Injury,2024,2024,July,Friday,14:00 - 15:59,EMU,ST,0,Right on the spot,NICHOLSON,ST,STRATHFIELD,,No,Not a school zone,T-junction,-33.881676,151.094819,Burwood,Sydney metro. area,Syd-Newc-Woll Gtr conurbation,Straight,,,,Unknown / not stated,Sealed,Dry,Fine,Daylight,Nil,No traffic controls,50 km/h,Local,21,Right through,202,Opp - Right-thru,,Other angle,4 wheel drive / SUV,Car (sedan/hatch),4,0,0,1,1,7,July,Winter,Friday,14:00 - 15:59,Midday / afternoon,False,False,True,True
1360645,Injury,Minor/Other Injury,2024,2024,July,Friday,12:00 - 13:59,BRONTE,RD,0,Right on the spot,LEICHHARDT,ST,BRONTE,340.0,Yes,No,Roundabout,-33.903761,151.256731,Waverley,Sydney metro. area,Syd-Newc-Woll Gtr conurbation,Straight,,,,Nil,Sealed,Dry,Fine,Daylight,Nil,Give way sign,50 km/h,Regional,16,Left near,107,Adj - Left-thru from right,,Right angle,Car (sedan/hatch),Pedal cycle,2,0,0,0,1,7,July,Winter,Friday,12:00 - 13:59,Midday / afternoon,False,False,True,True
1360647,Injury,Moderate Injury,2024,2024,August,Saturday,14:00 - 15:59,NOTTS,AVE,0,Right on the spot,NUMBER 8-10,HN,BONDI BEACH,,No,Not a school zone,2-way undivided,-33.89492,151.274163,Waverley,Sydney metro. area,Syd-Newc-Woll Gtr conurbation,Straight,,,,Unknown / not stated,Sealed,Dry,Fine,Daylight,Nil,No traffic controls,10 km/h,Local,9,Ped other,0,Ped - other,,Vehicle - Pedestrian,Car (sedan/hatch),Pedestrian,2,0,0,1,0,8,August,Winter,Saturday,14:00 - 15:59,Midday / afternoon,False,False,True,True
1360648,Injury,Serious Injury,2024,2024,August,Wednesday,10:00 - 11:59,CASTLE HILL,RD,0,Right on the spot,COONARA,AVE,CHERRYBROOK,156.0,No,Not a school zone,X-intersection,-33.739535,151.036774,Hornsby,Sydney metro. area,Syd-Newc-Woll Gtr conurbation,Straight,,,,Unknown / not stated,Sealed,Wet,Raining,Daylight,On,No traffic controls,60 km/h,State,21,Right through,202,Opp - Right-thru,,Other angle,4 wheel drive / SUV,Large rigid,3,0,1,0,0,8,August,Winter,Wednesday,10:00 - 11:59,Midday / afternoon,False,False,True,True
1360649,Injury,Moderate Injury,2024,2024,August,Saturday,14:00 - 15:59,HUME,HWY,10,West,ANGELO,ST,BURWOOD,2.0,No,Not a school zone,T-junction,-33.887281,151.099067,Burwood,Sydney metro. area,Syd-Newc-Woll Gtr conurbation,Straight,,,,Unknown / not stated,Sealed,Dry,Fine,Daylight,Nil,No traffic controls,60 km/h,State,71,Off rd left => obj,703,Left off cway into object,,Other angle,Car (sedan/hatch),4 wheel drive / SUV,2,0,0,1,0,8,August,Winter,Saturday,14:00 - 15:59,Midday / afternoon,False,False,True,True
1360651,Injury,Moderate Injury,2024,2024,August,Saturday,16:00 - 17:59,MAIN,ST,30,West,GRIFFITHS,ST,BLACKTOWN,642.0,No,Not a school zone,Divided road,-33.773596,150.914923,Blacktown,Sydney metro. area,Syd-Newc-Woll Gtr conurbation,Straight,,,,On,Sealed,Dry,Fine,Dusk,Nil,No traffic controls,60 km/h,State,71,Off rd left => obj,703,Left off cway into object,,Vehicle - Object,Car (sedan/hatch),,2,0,0,1,0,8,August,Winter,Saturday,16:00 - 17:59,PM peak / evening commute,True,False,True,True
1360654,Injury,Minor/Other Injury,2024,2024,August,Saturday,14:00 - 15:59,RICHMOND,RD,0,Right on the spot,ALDERTON,DR,COLEBEE,537.0,No,Not a school zone,X-intersection,-33.72394,150.844546,Blacktown,Sydney metro. area,Syd-Newc-Woll Gtr conurbation,Straight,,,,Unknown / not stated,Sealed,Dry,Fine,Daylight,Nil,Give way sign,80 km/h,State,30,Rear end,301,Same - Rear end,,Rear end,4 wheel drive / SUV,4 wheel drive / SUV,2,0,0,0,1,8,August,Winter,Saturday,14:00 - 15:59,Midday / afternoon,False,False,True,True
1360658,Injury,Moderate Injury,2024,2024,August,Sunday,12:00 - 13:59,MT LINDESAY,RD,4500,South,WYLIE CREEK,RD,LISTON,622.0,No,Not a school zone,2-way undivided,-28.574649,152.109678,Tenterfield,Country non-urban,Rest of NSW - Rural,Curved,Ditch/drain/culvert,,,Unknown / not stated,Sealed,Dry,Fine,Daylight,Nil,No traffic controls,100 km/h,Regional,86,Off left/left bend,802,Off cway left bend,Left,Rollover,Motorcycle,,1,0,0,1,0,8,August,Winter,Sunday,12:00 - 13:59,Midday / afternoon,False,False,True,True
1360660,Injury,Moderate Injury,2024,2024,August,Wednesday,08:00 - 09:59,WARRINGAH,RD,100,East,WAKEHURST,PKWY,FRENCHS FOREST,328.0,No,Not a school zone,Divided road,-33.752753,151.235558,Northern Beaches,Sydney metro. area,Syd-Newc-Woll Gtr conurbation,Straight,,,,Unknown / not stated,Sealed,Dry,Fine,Daylight,Nil,No traffic controls,70 km/h,State,35,Lane change left,307,Same - Lane change left,,Other angle,Large rigid,Car (sedan/hatch),2,0,0,1,0,8,August,Winter,Wednesday,08:00 - 09:59,AM peak / school commute,True,False,True,True
1360664,Injury,Moderate Injury,2024,2024,August,Thursday,20:00 - 21:59,MACQUARIE,ST,0,Right on the spot,MOIRA PARK,RD,MORISSET,217.0,No,Not a school zone,T-junction,-33.092691,151.497719,Lake Macquarie,Newcastle met. area,Syd-Newc-Woll Gtr conurbation,Straight,,,,Unknown / not stated,Sealed,Dry,Fine,Darkness,Nil,No traffic controls,80 km/h,State,32,Right rear,303,Same - Rear right,,Rear end,4 wheel drive / SUV,4 wheel drive / SUV,2,0,0,1,0,8,August,Winter,Thursday,20:00 - 21:59,Evening / night,False,False,True,True
1360665,Injury,Moderate Injury,2024,2024,June,Wednesday,18:00 - 19:59,PACIFIC,HWY,0,Right on the spot,WARRINGAH,EXP,NORTH SYDNEY,10.0,No,Not a school zone,X-intersection,-33.841648,151.209882,North Sydney,Sydney metro. area,Syd-Newc-Woll Gtr conurbation,Straight,,,,Unknown / not stated,Sealed,Dry,Fine,Darkness,On,No traffic controls,60 km/h,State,30,Rear end,301,Same - Rear end,,Rear end,Car (sedan/hatch),4 wheel drive / SUV,2,0,0,1,0,6,June,Winter,Wednesday,18:00 - 19:59,PM peak / evening commute,True,False,True,True
1360668,Injury,Minor/Other Injury,2024,2024,August,Saturday,12:00 - 13:59,MARK,ST,0,Right on the spot,RAILWAY,ST,LIDCOMBE,,No,Not a school zone,X-intersection,-33.86439,151.045609,Cumberland,Sydney metro. area,Syd-Newc-Woll Gtr conurbation,Straight,Steep grade,,,Unknown / not stated,Sealed,Dry,Fine,Daylight,Nil,Give way sign,50 km/h,Local,30,Rear end,301,Same - Rear end,,Rear end,Car (sedan/hatch),Car (sedan/hatch),2,0,0,0,1,8,August,Winter,Saturday,12:00 - 13:59,Midday / afternoon,False,False,True,True
1360670,Injury,Moderate Injury,2024,2024,August,Wednesday,14:00 - 15:59,NEW ENGLAND,HWY,0,Right on the spot,BRIDGMAN,RD,DUNOLLY,9.0,No,Not a school zone,X-intersection,-32.556607,151.167633,Singleton,Country urban,Rest of NSW - Urban,Curved,,,,Unknown / not stated,Sealed,Dry,Fine,Daylight,Unknown / not stated,No traffic controls,60 km/h,State,88,Out of cont on bend,805,Out of control on bend,,Rollover,Motorcycle,,1,0,0,1,0,8,August,Winter,Wednesday,14:00 - 15:59,Midday / afternoon,False,False,True,True
1360671,Injury,Minor/Other Injury,2024,2024,August,Tuesday,08:00 - 09:59,CONDELLO,CRES,0,Right on the spot,DUARDO,ST,EDENSOR PARK,,No,Not a school zone,T-junction,-33.872264,150.882819,Fairfield,Sydney metro. area,Syd-Newc-Woll Gtr conurbation,Straight,,,,Unknown / not stated,Sealed,Dry,Fine,Daylight,Nil,No traffic controls,50 km/h,Local,13,Right near,104,Adj - Right-thru from right,,Right angle,Car (sedan/hatch),Light truck utility(from 2018),2,0,0,0,1,8,August,Winter,Tuesday,08:00 - 09:59,AM peak / school commute,True,False,True,True
1360673,Injury,Moderate Injury,2024,2024,August,Tuesday,00:01 - 01:59,FLETT,ST,0,Right on the spot,LAMBERT,ST,WINGHAM,,No,Not a school zone,X-intersection,-31.863015,152.36475,Mid-Coast,Country urban,Rest of NSW - Urban,Straight,Steep grade,,,Unknown / not stated,Sealed,Dry,Fine,Darkness,Nil,Give way sign,50 km/h,Local,10,Cross traffic,101,Adj - Cross traffic,,Right angle,Car (sedan/hatch),Car (sedan/hatch),2,0,0,1,0,8,August,Winter,Tuesday,00:01 - 01:59,Late night / early morning,False,False,True,True
1360675,Injury,Minor/Other Injury,2024,2024,August,Sunday,12:00 - 13:59,STONEY CREEK,RD,0,Right on the spot,NUMBER 221,HN,KINGSGROVE,665.0,Yes,No,2-way undivided,-33.949273,151.104624,Bayside,Sydney metro. area,Syd-Newc-Woll Gtr conurbation,Straight,,,,Unknown / not stated,Sealed,Dry,Fine,Daylight,Nil,No traffic controls,60 km/h,State,30,Rear end,301,Same - Rear end,,Rear end,Car (sedan/hatch),Car (sedan/hatch),3,0,0,0,1,8,August,Winter,Sunday,12:00 - 13:59,Midday / afternoon,False,False,True,True
1360677,Injury,Moderate Injury,2024,2024,July,Wednesday,14:00 - 15:59,ARTHUR,ST,0,Right on the spot,NUMBER 159,HN,ROOKWOOD,2057.0,No,Not a school zone,2-way undivided,-33.866194,151.060299,Cumberland,Sydney metro. area,Syd-Newc-Woll Gtr conurbation,Straight,Driveway/entrance,,,Unknown / not stated,Sealed,Dry,Fine,Daylight,Nil,No traffic controls,60 km/h,Regional,47,Emerging from drive,406,Manov - Emerging from driveway,,Right angle,4 wheel drive / SUV,Car (sedan/hatch),2,0,0,2,0,7,July,Winter,Wednesday,14:00 - 15:59,Midday / afternoon,False,False,True,True
1360678,Injury,Moderate Injury,2024,2024,August,Sunday,16:00 - 17:59,BRUXNER PARK,RD,100,South,SWANS,RD,KORORA,,No,Not a school zone,2-way undivided,-30.240532,153.096405,Coffs Harbour,Country non-urban,Rest of NSW - Rural,Curved,Embankment/cutting,,,Unknown / not stated,Sealed,Wet,Raining,Dusk,Nil,No traffic controls,100 km/h,Local,80,Off left/right bend,801,Off cway right bend,Left,Rollover,Station wagon,,1,0,0,1,0,8,August,Winter,Sunday,16:00 - 17:59,PM peak / evening commute,True,False,True,True
1360679,Injury,Minor/Other Injury,2024,2024,August,Friday,14:00 - 15:59,KINGSWAY,MS,50,East,CHAMBERLAIN,AVE,CARINGBAH,227.0,No,Not a school zone,Divided road,-34.03701,151.117584,Sutherland,Sydney metro. area,Syd-Newc-Woll Gtr conurbation,Straight,Driveway/entrance,,,Unknown / not stated,Sealed,Dry,Fine,Daylight,Nil,No traffic controls,60 km/h,State,47,Emerging from drive,406,Manov - Emerging from driveway,,Right angle,Car (sedan/hatch),Car (sedan/hatch),2,0,0,0,1,8,August,Winter,Friday,14:00 - 15:59,Midday / afternoon,False,False,True,True
1360681,Injury,Moderate Injury,2024,2024,July,Sunday,16:00 - 17:59,WESTERN,EXP,1000,West,GREAT WESTERN HWY,TO,MERRYLANDS,6004.0,No,Not a school zone,Dual freeway,-33.82543,150.990786,Parramatta,Sydney metro. area,Syd-Newc-Woll Gtr conurbation,Straight,,,,Unknown / not stated,Sealed,Dry,Fine,Darkness,Nil,No traffic controls,40 km/h,State,30,Rear end,301,Same - Rear end,,Rear end,Car (sedan/hatch),Car (sedan/hatch),2,0,0,1,0,7,July,Winter,Sunday,16:00 - 17:59,PM peak / evening commute,True,False,True,True
1360683,Injury,Moderate Injury,2024,2024,August,Wednesday,18:00 - 19:59,SAMANTHA RILEY,DR,0,Right on the spot,HEZLETT,RD,NORTH KELLYVILLE,7142.0,No,Not a school zone,X-intersection,-33.699778,150.958893,The Hills,Sydney metro. area,Syd-Newc-Woll Gtr conurbation,Straight,,,,Unknown / not stated,Sealed,Dry,Fine,Darkness,On,No traffic controls,60 km/h,Regional,21,Right through,202,Opp - Right-thru,,Other angle,Car (sedan/hatch),Car (sedan/hatch),2,0,0,1,1,8,August,Winter,Wednesday,18:00 - 19:59,PM peak / evening commute,True,False,True,True
1360684,Injury,Minor/Other Injury,2024,2024,August,Saturday,20:00 - 21:59,BOURKE,RD,0,Right on the spot,NUMBER 160,HN,ALEXANDRIA,,No,Not a school zone,2-way undivided,-33.915734,151.1906,Sydney,Sydney metro. area,Syd-Newc-Woll Gtr conurbation,Straight,,,,Unknown / not stated,Sealed,Dry,Fine,Darkness,Nil,No traffic controls,50 km/h,Local,90,Fell in/from vehicle,901,Fell in/from vehicle,,Person - Object,Car (sedan/hatch),,1,0,0,0,1,8,August,Winter,Saturday,20:00 - 21:59,Evening / night,False,False,True,True
1360689,Injury,Minor/Other Injury,2024,2024,August,Tuesday,08:00 - 09:59,HUME,HWY,400,South,CAMDEN VALLEY WAY,TO,EDMONDSON PARK,2.0,No,Not a school zone,Dual freeway,-33.966377,150.874625,Liverpool,Sydney metro. area,Syd-Newc-Woll Gtr conurbation,Straight,,,,Unknown / not stated,Sealed,Dry,Fine,Daylight,Nil,No traffic controls,100 km/h,State,30,Rear end,301,Same - Rear end,,Rear end,Semi-trailer,Car (sedan/hatch),2,0,0,0,1,8,August,Winter,Tuesday,08:00 - 09:59,AM peak / school commute,True,False,True,True
1360693,Injury,Minor/Other Injury,2024,2024,June,Sunday,16:00 - 17:59,OCEAN,DR,95,North,BONNY VIEW,DR,BONNY HILLS,600.0,No,Not a school zone,2-way undivided,-31.574886,152.825007,Port Macquarie-Hastings,Country urban,Rest of NSW - Urban,Straight,Pedestrian refuge,,,Unknown / not stated,Sealed,Dry,Fine,Darkness,Nil,No traffic controls,70 km/h,Regional,62,Accident,603,On path - Previous accident,,Other angle,Unknown motor vehicle,Mot. wheelchair,2,0,0,0,1,6,June,Winter,Sunday,16:00 - 17:59,PM peak / evening commute,True,False,True,True
1360694,Injury,Moderate Injury,2024,2024,August,Thursday,06:00 - 07:59,PACIFIC,HWY,0,Right on the spot,OLD MAITLAND,RD,HEXHAM,10.0,No,Not a school zone,T-junction,-32.827967,151.684351,Newcastle,Newcastle met. area,Syd-Newc-Woll Gtr conurbation,Straight,,,,Unknown / not stated,Sealed,Dry,Fine,Daylight,On,No traffic controls,80 km/h,State,35,Lane change left,307,Same - Lane change left,,Other angle,Semi-trailer,Car (sedan/hatch),3,0,0,1,0,8,August,Winter,Thursday,06:00 - 07:59,AM peak / school commute,True,False,True,True
1360698,Injury,Moderate Injury,2024,2024,August,Thursday,06:00 - 07:59,LIMESTONE,WAY,0,Right on the spot,STATION,ST,GALONG,,No,Not a school zone,T-junction,-34.60395,148.55592,Hilltops,Country urban,Rest of NSW - Urban,Curved,Other bridge,,,Unknown / not stated,Sealed,Dry,Fine,Daylight,Nil,No traffic controls,50 km/h,Local,85,Off rt/lft bnd=>obj,706,Left turn,Right,Vehicle - Object,4 wheel drive / SUV,,1,0,0,1,0,8,August,Winter,Thursday,06:00 - 07:59,AM peak / school commute,True,False,True,True
1360699,Injury,Minor/Other Injury,2024,2024,August,Monday,12:00 - 13:59,CUMBERLAND,HWY,0,Right on the spot,THE HORSLEY,DR,SMITHFIELD,13.0,No,Not a school zone,X-intersection,-33.853544,150.940641,Fairfield,Sydney metro. area,Syd-Newc-Woll Gtr conurbation,Straight,,,,Unknown / not stated,Sealed,Dry,Fine,Daylight,On,No traffic controls,70 km/h,State,21,Right through,202,Opp - Right-thru,,Other angle,Car (sedan/hatch),Light truck utility(from 2018),2,0,0,0,1,8,August,Winter,Monday,12:00 - 13:59,Midday / afternoon,False,False,True,True
1360702,Injury,Moderate Injury,2024,2024,August,Monday,08:00 - 09:59,COREEN,AVE,0,Right on the spot,BEL-AIR,RD,PENRITH,7289.0,No,Not a school zone,Roundabout,-33.74721,150.704144,Penrith,Sydney metro. area,Syd-Newc-Woll Gtr conurbation,Straight,,,,Off,Sealed,Dry,Fine,Daylight,Nil,Give way sign,50 km/h,Regional,32,Right rear,303,Same - Rear right,,Rear end,Car (sedan/hatch),Motorcycle,2,0,0,1,0,8,August,Winter,Monday,08:00 - 09:59,AM peak / school commute,True,False,True,True
1360704,Injury,Moderate Injury,2024,2024,August,Friday,10:00 - 11:59,M7 WESTLINK,EXP,100,South,THE HORSLEY DRIVE,OP,HORSLEY PARK,6009.0,No,Not a school zone,Dual freeway,-33.84279,150.85527,Fairfield,Sydney metro. area,Syd-Newc-Woll Gtr conurbation,Curved,,,,Unknown / not stated,Sealed,Dry,Fine,Daylight,Nil,No traffic controls,80 km/h,State,88,Out of cont on bend,805,Out of control on bend,,Rollover,Motorcycle,,1,0,0,1,0,8,August,Winter,Friday,10:00 - 11:59,Midday / afternoon,False,False,True,True
1360706,Injury,Minor/Other Injury,2024,2024,August,Saturday,22:00 - Midnight,VAUGHAN,ST,20,East,GEORGE,ST,LIDCOMBE,2096.0,No,Not a school zone,2-way undivided,-33.864828,151.040543,Cumberland,Sydney metro. area,Syd-Newc-Woll Gtr conurbation,Straight,,,,Unknown / not stated,Sealed,Dry,Fine,Darkness,Nil,No traffic controls,50 km/h,Regional,30,Rear end,301,Same - Rear end,,Rear end,Light truck utility(from 2018),Car (sedan/hatch),3,0,0,0,1,8,August,Winter,Saturday,22:00 - Midnight,Evening / night,False,False,True,True
1360708,Injury,Serious Injury,2024,2024,August,Sunday,14:00 - 15:59,CARLISLE,AVE,0,Right on the spot,JERSEY,RD,HEBERSHAM,7162.0,No,Not a school zone,Roundabout,-33.743227,150.820233,Blacktown,Sydney metro. area,Syd-Newc-Woll Gtr conurbation,Straight,,,,Unknown / not stated,Sealed,Dry,Fine,Daylight,Nil,Give way sign,60 km/h,Regional,74,On road-out of cont.,705,Out of control on cway,,Rollover,Motorcycle,,1,0,1,0,0,8,August,Winter,Sunday,14:00 - 15:59,Midday / afternoon,False,False,True,True