crash_id,degree_of_crash,degree_of_crash_-_detailed,reporting_year,year_of_crash,month_of_crash,day_of_week_of_crash,two-hour_intervals,street_of_crash,street_type,distance,direction,identifying_feature,identifying_feature_type,town,route_no.,school_zone_location,school_zone_active,type_of_location,latitude,longitude,lga,urbanisation,conurbation_1,alignment,primary_permanent_feature,primary_temporary_feature,primary_hazardous_feature,street_lighting,road_surface,surface_condition,weather,natural_lighting,signals_operation,other_traffic_control,speed_limit,road_classification_(admin),rum_-_code,rum_-_description,dca_-_code,dca_-_description,dca_supplement,first_impact_type,key_tu_type,other_tu_type,no._of_traffic_units_involved,no._killed,no._seriously_injured,no._moderately_injured,no._minor-other_injured,month_num,month_label,season,day_label,time_label,time_band,is_peak_commute,is_fatal,is_injury,is_casualty
1360709,Injury,Moderate Injury,2024,2024,August,Friday,04:00 - 05:59,PITT,ST,0,Right on the spot,MANCHESTER,ST,HOLROYD,2098.0,No,Not a school zone,T-junction,-33.831992,150.992708,Cumberland,Sydney metro. area,Syd-Newc-Woll Gtr conurbation,Straight,,,,Unknown / not stated,Sealed,Dry,Fine,Darkness,Nil,No traffic controls,60 km/h,Regional,71,Off rd left => obj,703,Left off cway into object,,Vehicle - Object,Car (sedan/hatch),,1,0,0,1,0,8,August,Winter,Friday,04:00 - 05:59,Late night / early morning,False,False,True,True
1360712,Injury,Moderate Injury,2024,2024,August,Monday,12:00 - 13:59,ALFRED,ST,0,Right on the spot,GRAY,ST,GRANVILLE,,No,Not a school zone,Roundabout,-33.829856,151.015246,Parramatta,Sydney metro. area,Syd-Newc-Woll Gtr conurbation,Straight,,,,Unknown / not stated,Sealed,Dry,Fine,Daylight,Nil,Give way sign,50 km/h,Local,49,Other manoeuvring,400,Manov - other,,Other angle,Light truck,,1,0,0,1,0,8,August,Winter,Monday,12:00 - 13:59,Midday / afternoon,False,False,True,True
1360713,Injury,Minor/Other Injury,2024,2024,March,Saturday,00:01 - 01:59,PACIFIC,HWY,800,North,EVIRON,RD,EVIRON,10.0,No,Not a school zone,Divided road,-28.30287,153.516139,Tweed,Country non-urban,Rest of NSW - Rural,Curved,,,,Unknown / not stated,Sealed,Dry,Fine,Darkness,Nil,No traffic controls,110 km/h,State,87,Off lft/lft bnd=>obj,804,Off left bend into obj,Left,Vehicle - Object,Car (sedan/hatch),,1,0,0,0,1,3,March,Autumn,Saturday,00:01 - 01:59,Late night / early morning,False,False,True,True
1360714,Injury,Minor/Other Injury,2024,2024,April,Sunday,12:00 - 13:59,LADY CARRINGTON,DR,5150,South,SIR BERTRAM STEVENS,DR,ROYAL NATIONAL PARK,,No,Not a school zone,2-way undivided,-34.114282,151.046682,Sutherland,Sydney metro. area,Syd-Newc-Woll Gtr conurbation,Curved,Narrow roadway,,,Unknown / not stated,Unsealed,Dry,Fine,Daylight,Nil,No traffic controls,50 km/h,Local,42,Leaving parking,401,Manov - Leaving parking,,Other angle,4 wheel drive / SUV,Motorcycle,2,0,0,0,1,4,April,Autumn,Sunday,12:00 - 13:59,Midday / afternoon,False,False,True,True
1360715,Injury,Minor/Other Injury,2024,2024,August,Thursday,08:00 - 09:59,CARLINGFORD,RD,25,West,RAWSON,ST,EPPING,373.0,No,Not a school zone,2-way undivided,-33.771216,151.080006,Parramatta,Sydney metro. area,Syd-Newc-Woll Gtr conurbation,Straight,,,,Unknown / not stated,Sealed,Dry,Fine,Daylight,Nil,No traffic controls,60 km/h,State,30,Rear end,301,Same - Rear end,,Rear end,4 wheel drive / SUV,4 wheel drive / SUV,2,0,0,0,1,8,August,Winter,Thursday,08:00 - 09:59,AM peak / school commute,True,False,True,True
1360721,Injury,Minor/Other Injury,2024,2024,June,Tuesday,16:00 - 17:59,M2 HILLS,EXP,0,Right on the spot,CUMBERLAND HIGHWAY,OP,CARLINGFORD,6002.0,No,Not a school zone,Dual freeway,-33.758777,151.049141,Parramatta,Sydney metro. area,Syd-Newc-Woll Gtr conurbation,Straight,Underpass/tunnel,,,Unknown / not stated,Sealed,Dry,Fine,Dusk,Nil,Ped crossing,100 km/h,State,30,Rear end,301,Same - Rear end,,Rear end,4 wheel drive / SUV,Light truck utility(from 2018),3,0,0,0,1,6,June,Winter,Tuesday,16:00 - 17:59,PM peak / evening commute,True,False,True,True
1360722,Injury,Minor/Other Injury,2024,2024,January,Wednesday,16:00 - 17:59,BIRDWOOD,RD,100,East,OWEN,RD,GEORGES HALL,,Yes,No,2-way undivided,-33.913243,150.991735,Canterbury-Bankstown,Sydney metro. area,Syd-Newc-Woll Gtr conurbation,Straight,Driveway/entrance,,,Unknown / not stated,Sealed,Dry,Fine,Daylight,Nil,No traffic controls,50 km/h,Local,47,Emerging from drive,406,Manov - Emerging from driveway,,Right angle,Station wagon,Car (sedan/hatch),3,0,0,0,1,1,January,Summer,Wednesday,16:00 - 17:59,PM peak / evening commute,True,False,True,True
1360724,Injury,Moderate Injury,2024,2024,July,Monday,12:00 - 13:59,BRECHT,ST,0,Right on the spot,COOK,ST,MUSWELLBROOK,,No,Not a school zone,Roundabout,-32.26101,150.901691,Muswellbrook,Country urban,Rest of NSW - Urban,Curved,,,,Unknown / not stated,Sealed,Dry,Fine,Daylight,Nil,Give way sign,50 km/h,Local,10,Cross traffic,101,Adj - Cross traffic,,Right angle,4 wheel drive / SUV,Car (sedan/hatch),2,0,0,1,0,7,July,Winter,Monday,12:00 - 13:59,Midday / afternoon,False,False,True,True
1360727,Injury,Moderate Injury,2024,2024,July,Tuesday,14:00 - 15:59,M7 WESTLINK,EXP,1000,North,WESTERN EXPRESSWAY,OP,BUNGARRIBEE,6009.0,No,Not a school zone,Dual freeway,-33.789188,150.856729,Blacktown,Sydney metro. area,Syd-Newc-Woll Gtr conurbation,Straight,Other bridge,,,Unknown / not stated,Sealed,Dry,Fine,Daylight,Nil,No traffic controls,100 km/h,State,30,Rear end,301,Same - Rear end,,Rear end,Light truck,Light truck,2,0,0,1,0,7,July,Winter,Tuesday,14:00 - 15:59,Midday / afternoon,False,False,True,True
1360728,Injury,Minor/Other Injury,2024,2024,August,Sunday,08:00 - 09:59,AUBURN,RD,0,Right on the spot,FERRIER,RD,YAGOONA,7105.0,No,Not a school zone,X-intersection,-33.897221,151.021361,Canterbury-Bankstown,Sydney metro. area,Syd-Newc-Woll Gtr conurbation,Straight,,,,Unknown / not stated,Sealed,Dry,Fine,Daylight,On,No traffic controls,60 km/h,Regional,21,Right through,202,Opp - Right-thru,,Other angle,Car (sedan/hatch),Car (sedan/hatch),2,0,0,0,1,8,August,Winter,Sunday,08:00 - 09:59,AM peak / school commute,True,False,True,True
1360732,Injury,Minor/Other Injury,2024,2024,August,Wednesday,06:00 - 07:59,WAKEHURST,PKWY,0,Right on the spot,DREADNOUGHT,RD,OXFORD FALLS,397.0,No,Not a school zone,X-intersection,-33.739463,151.244526,Northern Beaches,Sydney metro. area,Syd-Newc-Woll Gtr conurbation,Straight,,,,Unknown / not stated,Sealed,Dry,Fine,Daylight,On,No traffic controls,80 km/h,State,21,Right through,202,Opp - Right-thru,,Other angle,Car (sedan/hatch),Light truck,2,0,0,0,1,8,August,Winter,Wednesday,06:00 - 07:59,AM peak / school commute,True,False,True,True
1360734,Injury,Minor/Other Injury,2024,2024,August,Sunday,10:00 - 11:59,PACIFIC,HWY,0,Right on the spot,FIDDENS WHARF,RD,KILLARA,10.0,No,Not a school zone,T-junction,-33.77056,151.160593,Ku-ring-gai,Sydney metro. area,Syd-Newc-Woll Gtr conurbation,Straight,,,,Unknown / not stated,Sealed,Dry,Fine,Daylight,Nil,Stop sign,60 km/h,State,21,Right through,202,Opp - Right-thru,,Other angle,4 wheel drive / SUV,4 wheel drive / SUV,2,0,0,0,1,8,August,Winter,Sunday,10:00 - 11:59,Midday / afternoon,False,False,True,True
1360735,Injury,Minor/Other Injury,2024,2024,August,Wednesday,12:00 - 13:59,JOHN HINES,AVE,70,South,GREAT WESTERN,HWY,MINCHINBURY,,No,Not a school zone,2-way undivided,-33.778713,150.809021,Blacktown,Sydney metro. area,Syd-Newc-Woll Gtr conurbation,Straight,Driveway/entrance,,,Unknown / not stated,Sealed,Wet,Fine,Daylight,Nil,No traffic controls,50 km/h,Local,47,Emerging from drive,406,Manov - Emerging from driveway,,Right angle,4 wheel drive / SUV,4 wheel drive / SUV,2,0,0,0,1,8,August,Winter,Wednesday,12:00 - 13:59,Midday / afternoon,False,False,True,True
1360736,Injury,Moderate Injury,2024,2024,August,Monday,06:00 - 07:59,HEATHCOTE,RD,0,Right on the spot,SOUTH WESTERN,EXP,MOOREBANK,6005.0,No,Not a school zone,T-junction,-33.94142,150.941966,Liverpool,Sydney metro. area,Syd-Newc-Woll Gtr conurbation,Straight,Other bridge,,,Unknown / not stated,Sealed,Dry,Fine,Daylight,Nil,No traffic controls,60 km/h,State,30,Rear end,301,Same - Rear end,,Rear end,Car (sedan/hatch),Light truck utility(from 2018),2,0,0,1,0,8,August,Winter,Monday,06:00 - 07:59,AM peak / school commute,True,False,True,True
1360739,Injury,Minor/Other Injury,2024,2024,August,Tuesday,08:00 - 09:59,SALISBURY,ST,0,Right on the spot,TENTERDEN,RD,BOTANY,,No,Not a school zone,X-intersection,-33.949884,151.20089,Bayside,Sydney metro. area,Syd-Newc-Woll Gtr conurbation,Straight,,,,Unknown / not stated,Sealed,Dry,Fine,Daylight,Nil,Stop sign,50 km/h,Local,10,Cross traffic,101,Adj - Cross traffic,,Right angle,4 wheel drive / SUV,4 wheel drive / SUV,2,0,0,0,1,8,August,Winter,Tuesday,08:00 - 09:59,AM peak / school commute,True,False,True,True
1360742,Injury,Moderate Injury,2024,2024,August,Saturday,06:00 - 07:59,PATERSON,ST,10,East,RUSKIN,ST,BYRON BAY,,No,Not a school zone,T-junction,-28.652127,153.619848,Byron,Country urban,Rest of NSW - Urban,Curved,,,,Unknown / not stated,Sealed,Dry,Fine,Daylight,Nil,No traffic controls,50 km/h,Local,80,Off left/right bend,801,Off cway right bend,Left,Rollover,Station wagon,,1,0,0,1,0,8,August,Winter,Saturday,06:00 - 07:59,AM peak / school commute,True,False,True,True
1360744,Injury,Minor/Other Injury,2024,2024,August,Tuesday,16:00 - 17:59,WINDSOR,RD,0,Right on the spot,CUMBERLAND,HWY,NORTH ROCKS,184.0,No,Not a school zone,T-junction,-33.791684,150.998118,Parramatta,Sydney metro. area,Syd-Newc-Woll Gtr conurbation,Straight,Steep grade,,,Unknown / not stated,Sealed,Dry,Fine,Daylight,On,No traffic controls,60 km/h,State,32,Right rear,303,Same - Rear right,,Rear end,Car (sedan/hatch),4 wheel drive / SUV,2,0,0,0,1,8,August,Winter,Tuesday,16:00 - 17:59,PM peak / evening commute,True,False,True,True
1360745,Injury,Minor/Other Injury,2024,2024,August,Saturday,16:00 - 17:59,URANUS,RD,10,West,VEGA,ST,REVESBY,7128.0,No,Not a school zone,T-junction,-33.95572,151.019066,Canterbury-Bankstown,Sydney metro. area,Syd-Newc-Woll Gtr conurbation,Straight,,,,Unknown / not stated,Sealed,Dry,Fine,Daylight,Nil,No traffic controls,60 km/h,Regional,30,Rear end,301,Same - Rear end,,Rear end,Car (sedan/hatch),4 wheel drive / SUV,3,0,0,0,1,8,August,Winter,Saturday,16:00 - 17:59,PM peak / evening commute,True,False,True,True
1360749,Injury,Minor/Other Injury,2024,2024,August,Monday,06:00 - 07:59,COOPER,ST,0,Right on the spot,MOSELY,ST,STRATHFIELD,,No,Not a school zone,T-junction,-33.870331,151.094936,Canada Bay,Sydney metro. area,Syd-Newc-Woll Gtr conurbation,Straight,,,,Unknown / not stated,Sealed,Dry,Fine,Daylight,Nil,Give way sign,50 km/h,Local,39,Other same direction,300,Same - other,,Other angle,Car (sedan/hatch),Passenger van,3,0,0,0,1,8,August,Winter,Monday,06:00 - 07:59,AM peak / school commute,True,False,True,True
1360751,Injury,Minor/Other Injury,2024,2024,July,Tuesday,18:00 - 19:59,CHRISTIE,ST,0,Right on the spot,LEE HOLM,RD,ST MARYS,7485.0,No,Not a school zone,T-junction,-33.747614,150.767914,Penrith,Sydney metro. area,Syd-Newc-Woll Gtr conurbation,Straight,,,,Unknown / not stated,Sealed,Dry,Fine,Dusk,Nil,No traffic controls,60 km/h,Regional,49,Other manoeuvring,400,Manov - other,,Other angle,4 wheel drive / SUV,Pedal cycle,2,0,0,0,1,7,July,Winter,Tuesday,18:00 - 19:59,PM peak / evening commute,True,False,True,True
1360754,Injury,Minor/Other Injury,2024,2024,August,Tuesday,06:00 - 07:59,SCHOFIELDS,RD,0,Right on the spot,HAMBLEDON,RD,THE PONDS,687.0,No,Not a school zone,T-junction,-33.696507,150.895094,Blacktown,Sydney metro. area,Syd-Newc-Woll Gtr conurbation,Straight,,,,Unknown / not stated,Sealed,Dry,Fog or mist,Daylight,On,No traffic controls,70 km/h,State,30,Rear end,301,Same - Rear end,,Rear end,4 wheel drive / SUV,4 wheel drive / SUV,2,0,0,0,1,8,August,Winter,Tuesday,06:00 - 07:59,AM peak / school commute,True,False,True,True
1360755,Injury,Moderate Injury,2024,2024,April,Tuesday,18:00 - 19:59,RIVERINA,HWY,0,Right on the spot,YARRAWONGA,RD,BERRIGAN,20.0,No,Not a school zone,T-junction,-35.6988,145.830351,Berrigan,Country non-urban,Rest of NSW - Rural,Curved,,,,Unknown / not stated,Sealed,Dry,Fine,Darkness,Nil,No traffic controls,100 km/h,State,81,Off left/rt bnd=>obj,803,Off right bend into obj,Left,Vehicle - Object,Car (sedan/hatch),,1,0,0,1,0,4,April,Autumn,Tuesday,18:00 - 19:59,PM peak / evening commute,True,False,True,True
1360756,Injury,Minor/Other Injury,2024,2024,August,Wednesday,14:00 - 15:59,HECTOR,ST,10,North,JOCELYN,ST,CHESTER HILL,7101.0,No,Not a school zone,T-junction,-33.88934,151.005686,Canterbury-Bankstown,Sydney metro. area,Syd-Newc-Woll Gtr conurbation,Straight,,,,Unknown / not stated,Sealed,Dry,Fine,Daylight,Nil,Give way sign,60 km/h,Regional,30,Rear end,301,Same - Rear end,,Rear end,4 wheel drive / SUV,Light truck utility(from 2018),2,0,0,0,1,8,August,Winter,Wednesday,14:00 - 15:59,Midday / afternoon,False,False,True,True
1360759,Injury,Minor/Other Injury,2024,2024,August,Monday,14:00 - 15:59,EDWARDS,AVE,0,Right on the spot,HANIGANS,LANE,BOLONG,,No,Not a school zone,T-junction,-34.840063,150.625269,Shoalhaven,Country urban,Rest of NSW - Urban,Straight,,,,Unknown / not stated,Sealed,Dry,Fine,Daylight,Nil,No traffic controls,60 km/h,Local,88,Out of cont on bend,706,Left turn,,Rollover,Motorcycle,,1,0,0,0,1,8,August,Winter,Monday,14:00 - 15:59,Midday / afternoon,False,False,True,True
1360762,Injury,Serious Injury,2024,2024,July,Monday,14:00 - 15:59,CARCOOLA,ST,0,Right on the spot,FIRST,AVE,CANLEY VALE,,Yes,No,T-junction,-33.887522,150.943782,Fairfield,Sydney metro. area,Syd-Newc-Woll Gtr conurbation,Curved,,,,Nil,Sealed,Dry,Fine,Daylight,Nil,Give way sign,50 km/h,Local,85,Off rt/lft bnd=>obj,804,Off left bend into obj,Right,Vehicle - Object,4 wheel drive / SUV,,1,0,1,0,0,7,July,Winter,Monday,14:00 - 15:59,Midday / afternoon,False,False,True,True
1360766,Injury,Moderate Injury,2024,2024,August,Thursday,18:00 - 19:59,LENTHALL,ST,0,Right on the spot,NUMBER 19,HN,KENSINGTON,,No,Not a school zone,2-way undivided,-33.911807,151.214803,Randwick,Sydney metro. area,Syd-Newc-Woll Gtr conurbation,Straight,,,,Unknown / not stated,Sealed,Dry,Fine,Darkness,Nil,No traffic controls,50 km/h,Local,20,Head on,201,Opp - Head on,,Head-on,Car (sedan/hatch),Car (sedan/hatch),2,0,0,1,0,8,August,Winter,Thursday,18:00 - 19:59,PM peak / evening commute,True,False,True,True
1360769,Injury,Minor/Other Injury,2024,2024,August,Wednesday,08:00 - 09:59,BONDI,RD,0,Right on the spot,GLEN,ST,BONDI,172.0,No,Not a school zone,T-junction,-33.894856,151.269834,Waverley,Sydney metro. area,Syd-Newc-Woll Gtr conurbation,Straight,Steep grade,,,Unknown / not stated,Sealed,Dry,Fine,Daylight,Nil,Give way sign,50 km/h,State,49,Other manoeuvring,400,Manov - other,,Other angle,4 wheel drive / SUV,Pedal cycle,2,0,0,0,1,8,August,Winter,Wednesday,08:00 - 09:59,AM peak / school commute,True,False,True,True
1360772,Injury,Minor/Other Injury,2024,2024,August,Monday,16:00 - 17:59,BEDWIN,RD,0,Right on the spot,UNWINS BRIDGE,RD,ST PETERS,7017.0,No,Not a school zone,T-junction,-33.909862,151.175552,Inner West,Sydney metro. area,Syd-Newc-Woll Gtr conurbation,Straight,,,,Unknown / not stated,Sealed,Dry,Fine,Daylight,Nil,No traffic controls,60 km/h,Regional,30,Rear end,301,Same - Rear end,,Rear end,Light truck,Car (sedan/hatch),2,0,0,0,1,8,August,Winter,Monday,16:00 - 17:59,PM peak / evening commute,True,False,True,True
1360773,Injury,Moderate Injury,2024,2024,August,Saturday,12:00 - 13:59,MT OUSLEY,RD,20,South,NEW MT PLEASANT ROAD,OP,MOUNT PLEASANT,95.0,No,Not a school zone,Divided road,-34.396089,150.866892,Wollongong,Wollongong met. area,Syd-Newc-Woll Gtr conurbation,Straight,Steep grade,,,Unknown / not stated,Sealed,Dry,Fine,Daylight,Nil,No traffic controls,80 km/h,State,30,Rear end,301,Same - Rear end,,Rear end,Car (sedan/hatch),Car (sedan/hatch),5,0,0,1,1,8,August,Winter,Saturday,12:00 - 13:59,Midday / afternoon,False,False,True,True
1360775,Injury,Moderate Injury,2024,2024,August,Saturday,14:00 - 15:59,RIVER,RD,0,Right on the spot,NUMBER 5-7,HN,WOLLSTONECRAFT,2070.0,No,Not a school zone,2-way undivided,-33.828418,151.197291,North Sydney,Sydney metro. area,Syd-Newc-Woll Gtr conurbation,Straight,Steep grade,,,Unknown / not stated,Sealed,Dry,Fine,Daylight,Nil,No traffic controls,50 km/h,Regional,73,Off rd rght => obj,704,Right off cway into obj,,Other angle,Car (sedan/hatch),4 wheel drive / SUV,2,0,0,1,0,8,August,Winter,Saturday,14:00 - 15:59,Midday / afternoon,False,False,True,True
1360776,Injury,Minor/Other Injury,2024,2024,August,Tuesday,12:00 - 13:59,BEN LOMOND,RD,0,Right on the spot,NUMBER 47,HN,MINTO,,No,Not a school zone,Divided road,-34.033415,150.853254,Campbelltown,Sydney metro. area,Syd-Newc-Woll Gtr conurbation,Straight,Steep grade,,,Unknown / not stated,Sealed,Dry,Fine,Daylight,Nil,No traffic controls,60 km/h,Local,30,Rear end,301,Same - Rear end,,Rear end,Car (sedan/hatch),4 wheel drive / SUV,2,0,0,0,1,8,August,Winter,Tuesday,12:00 - 13:59,Midday / afternoon,False,False,True,True
1360781,Injury,Moderate Injury,2024,2024,August,Monday,18:00 - 19:59,WESTERN,EXP,500,West,BURNETT STREET,OP,MERRYLANDS,6004.0,No,Not a school zone,Dual freeway,-33.820916,150.984256,Cumberland,Sydney metro. area,Syd-Newc-Woll Gtr conurbation,Straight,,,,Unknown / not stated,Sealed,Dry,Fine,Dusk,Nil,No traffic controls,90 km/h,State,39,Other same direction,300,Same - other,,Other angle,Car (sedan/hatch),4 wheel drive / SUV,2,0,0,1,0,8,August,Winter,Monday,18:00 - 19:59,PM peak / evening commute,True,False,True,True
1360783,Injury,Moderate Injury,2024,2024,August,Wednesday,08:00 - 09:59,DALTON,ST,0,Right on the spot,PEISLEY,ST,ORANGE,,No,Not a school zone,Roundabout,-33.276742,149.105181,Orange,Country urban,Rest of NSW - Urban,Straight,,,,Nil,Sealed,Dry,Fine,Daylight,Nil,Give way sign,50 km/h,Local,10,Cross traffic,101,Adj - Cross traffic,,Right angle,4 wheel drive / SUV,4 wheel drive / SUV,2,0,0,1,0,8,August,Winter,Wednesday,08:00 - 09:59,AM peak / school commute,True,False,True,True
1360785,Injury,Minor/Other Injury,2024,2024,August,Friday,18:00 - 19:59,CESSNOCK,RD,0,Right on the spot,WAKEFIELD,RD,RYHOPE,220.0,No,Not a school zone,T-junction,-32.989702,151.521852,Lake Macquarie,Newcastle met. area,Syd-Newc-Woll Gtr conurbation,Straight,,,,Unknown / not stated,Sealed,Dry,Fine,Darkness,Nil,Stop sign,80 km/h,State,13,Right near,104,Adj - Right-thru from right,,Right angle,4 wheel drive / SUV,Car (sedan/hatch),2,0,0,0,1,8,August,Winter,Friday,18:00 - 19:59,PM peak / evening commute,True,False,True,True
1360787,Injury,Serious Injury,2024,2024,August,Thursday,14:00 - 15:59,SAMANTHA RILEY,DR,100,East,FOXALL,RD,NORTH KELLYVILLE,7142.0,No,Not a school zone,Divided road,-33.697616,150.965394,The Hills,Sydney metro. area,Syd-Newc-Woll Gtr conurbation,Straight,,,,Unknown / not stated,Sealed,Dry,Fine,Daylight,Nil,No traffic controls,60 km/h,Regional,30,Rear end,301,Same - Rear end,,Rear end,Light truck,Car (sedan/hatch),4,0,1,0,0,8,August,Winter,Thursday,14:00 - 15:59,Midday / afternoon,False,False,True,True
1360788,Injury,Minor/Other Injury,2024,2024,August,Friday,12:00 - 13:59,HENRY PARRY,DR,0,Right on the spot,WELLS,ST,EAST GOSFORD,673.0,No,Not a school zone,X-intersection,-33.435863,151.350349,Central Coast,Country urban,Syd-Newc-Woll Gtr conurbation,Straight,,,,Unknown / not stated,Sealed,Dry,Fine,Daylight,On,No traffic controls,50 km/h,State,30,Rear end,301,Same - Rear end,,Rear end,4 wheel drive / SUV,Car (sedan/hatch),2,0,0,0,1,8,August,Winter,Friday,12:00 - 13:59,Midday / afternoon,False,False,True,True
1360789,Injury,Moderate Injury,2024,2024,August,Monday,08:00 - 09:59,PRINCES,HWY,100,North,HEATHCOTE,RD,HEATHCOTE,1.0,No,Not a school zone,Divided road,-34.080399,151.010746,Sutherland,Sydney metro. area,Syd-Newc-Woll Gtr conurbation,Straight,,,,Unknown / not stated,Sealed,Dry,Fine,Daylight,Nil,No traffic controls,70 km/h,State,30,Rear end,301,Same - Rear end,,Rear end,4 wheel drive / SUV,Unknown motor vehicle,4,0,0,1,1,8,August,Winter,Monday,08:00 - 09:59,AM peak / school commute,True,False,True,True
1360790,Injury,Moderate Injury,2024,2024,April,Saturday,14:00 - 15:59,GLENFIELD,RD,50,West,BRITANNIA,DR,GLENFIELD,680.0,No,Not a school zone,2-way undivided,-33.961539,150.897104,Campbelltown,Sydney metro. area,Syd-Newc-Woll Gtr conurbation,Straight,,,,Off,Sealed,Dry,Fine,Daylight,Nil,No traffic controls,60 km/h,State,71,Off rd left => obj,703,Left off cway into object,,Other angle,Station wagon,Large rigid,2,0,0,1,0,4,April,Autumn,Saturday,14:00 - 15:59,Midday / afternoon,False,False,True,True
1360791,Injury,Moderate Injury,2024,2024,April,Thursday,18:00 - 19:59,REG HAILSTONE,WAY,400,South,SCRUBBY RUSH,RD,WOODSTOCK,,No,Not a school zone,2-way undivided,-33.834432,148.911774,Cowra,Country non-urban,Rest of NSW - Rural,Curved,Embankment/cutting,,,Nil,Sealed,Dry,Fine,Darkness,Nil,No traffic controls,100 km/h,Local,81,Off left/rt bnd=>obj,803,Off right bend into obj,Left,Vehicle - Object,Light truck utility(from 2018),,1,0,0,1,1,4,April,Autumn,Thursday,18:00 - 19:59,PM peak / evening commute,True,False,True,True
1360792,Injury,Serious Injury,2024,2024,April,Saturday,12:00 - 13:59,NEWCASTLE,EXP,100,South,KU-RING-GAI CHASE ROAD,OP,MOUNT COLAH,6003.0,No,Not a school zone,Dual freeway,-33.679695,151.120362,Hornsby,Sydney metro. area,Syd-Newc-Woll Gtr conurbation,Straight,Steep grade,,,Off,Sealed,Dry,Fine,Daylight,Nil,No traffic controls,110 km/h,State,30,Rear end,301,Same - Rear end,,Rear end,4 wheel drive / SUV,Car (sedan/hatch),7,0,1,0,0,4,April,Autumn,Saturday,12:00 - 13:59,Midday / afternoon,False,False,True,True
1360794,Injury,Moderate Injury,2024,2024,April,Sunday,08:00 - 09:59,GRAND,DR,0,Right on the spot,MUSGRAVE,AVE,CENTENNIAL PARK,,No,Not a school zone,T-junction,-33.90207,151.239725,Randwick,Sydney metro. area,Syd-Newc-Woll Gtr conurbation,Curved,,,,Nil,Sealed,Wet,Fine,Daylight,Nil,No traffic controls,30 km/h,Local,37,Left turn sideswipe,309,Same - Left turn side swipe,,Other angle,4 wheel drive / SUV,Pedal cycle,2,0,0,1,0,4,April,Autumn,Sunday,08:00 - 09:59,AM peak / school commute,True,False,True,True
1360795,Injury,Serious Injury,2024,2024,April,Sunday,10:00 - 11:59,WINDSOR,RD,0,Right on the spot,PARK,RD,VINEYARD,184.0,No,Not a school zone,T-junction,-33.63158,150.844018,Hawkesbury,Country urban,Syd-Newc-Woll Gtr conurbation,Straight,Driveway/entrance,,,Off,Sealed,Dry,Fine,Daylight,On,No traffic controls,80 km/h,State,47,Emerging from drive,406,Manov - Emerging from driveway,,Right angle,Light truck utility(from 2018),Motorcycle,2,0,1,0,0,4,April,Autumn,Sunday,10:00 - 11:59,Midday / afternoon,False,False,True,True
1360796,Injury,Serious Injury,2024,2024,April,Tuesday,08:00 - 09:59,KINGS,HWY,600,East,NARRANGHI,RD,NORTHANGERA,51.0,No,Not a school zone,2-way undivided,-35.482436,149.883706,Queanbeyan-Palerang Regional,Country non-urban,Rest of NSW - Rural,Curved,Ditch/drain/culvert,,,Off,Sealed,Dry,Fine,Daylight,Nil,No traffic controls,100 km/h,State,40,U turn,304,Same - U-turn,,Other angle,Light truck utility(from 2018),Semi-trailer,2,0,1,1,0,4,April,Autumn,Tuesday,08:00 - 09:59,AM peak / school commute,True,False,True,True
1360797,Injury,Serious Injury,2024,2024,April,Thursday,16:00 - 17:59,NELSON BAY,RD,0,Right on the spot,NUMBER 96,HN,NELSON BAY,108.0,No,Not a school zone,2-way undivided,-32.727704,152.13751,Port Stephens,Country urban,Rest of NSW - Urban,Straight,,,,Nil,Sealed,Dry,Fine,Daylight,Nil,No traffic controls,50 km/h,State,71,Off rd left => obj,703,Left off cway into object,,Vehicle - Object,4 wheel drive / SUV,,1,0,1,0,0,4,April,Autumn,Thursday,16:00 - 17:59,PM peak / evening commute,True,False,True,True
1360798,Injury,Serious Injury,2024,2024,April,Tuesday,08:00 - 09:59,CHATHAM,RD,0,Right on the spot,MARKET,ST,WEST RYDE,,No,Not a school zone,Roundabout,-33.806349,151.087268,Ryde,Sydney metro. area,Syd-Newc-Woll Gtr conurbation,Straight,,,,Off,Sealed,Dry,Fine,Daylight,Nil,Give way sign,30 km/h,Local,71,Off rd left => obj,703,Left off cway into object,,Vehicle - Object,Car (sedan/hatch),,1,0,2,0,0,4,April,Autumn,Tuesday,08:00 - 09:59,AM peak / school commute,True,False,True,True
1360799,Injury,Serious Injury,2024,2024,April,Sunday,20:00 - 21:59,MANNING POINT,RD,850,North,BEACH,RD,MITCHELLS ISLAND,,Yes,No,2-way undivided,-31.89796,152.612042,Mid-Coast,Country urban,Rest of NSW - Urban,Curved,Steep grade,,,Nil,Sealed,Wet,Raining,Darkness,Nil,No traffic controls,80 km/h,Local,81,Off left/rt bnd=>obj,803,Off right bend into obj,Left,Vehicle - Object,Motorcycle,,1,0,1,0,0,4,April,Autumn,Sunday,20:00 - 21:59,Evening / night,False,False,True,True
1360800,Injury,Moderate Injury,2024,2024,April,Monday,12:00 - 13:59,FREDERICK,ST,0,Right on the spot,WATKIN,ST,ROCKDALE,169.0,No,Not a school zone,X-intersection,-33.951916,151.133511,Bayside,Sydney metro. area,Syd-Newc-Woll Gtr conurbation,Straight,,,,Off,Sealed,Dry,Fine,Daylight,On,No traffic controls,60 km/h,State,0,Ped nearside,1,Ped - Near side,,Vehicle - Pedestrian,Light truck utility(from 2018),Pedestrian,2,0,0,1,0,4,April,Autumn,Monday,12:00 - 13:59,Midday / afternoon,False,False,True,True
1360802,Injury,Moderate Injury,2024,2024,May,Monday,14:00 - 15:59,RANKINS SPRINGS,RD,42000,North,BEELBANGERA,RD,RANKINS SPRINGS,321.0,No,Not a school zone,2-way undivided,-33.892862,146.129674,Carrathool,Country non-urban,Rest of NSW - Rural,Straight,,,,Off,Sealed,Dry,Fine,Daylight,Nil,No traffic controls,100 km/h,Regional,70,Off road to left,701,Off carriageway to left,,Rollover,Station wagon,,1,0,0,1,1,5,May,Autumn,Monday,14:00 - 15:59,Midday / afternoon,False,False,True,True