crash_id,degree_of_crash,degree_of_crash_-_detailed,reporting_year,year_of_crash,month_of_crash,day_of_week_of_crash,two-hour_intervals,street_of_crash,street_type,distance,direction,identifying_feature,identifying_feature_type,town,route_no.,school_zone_location,school_zone_active,type_of_location,latitude,longitude,lga,urbanisation,conurbation_1,alignment,primary_permanent_feature,primary_temporary_feature,primary_hazardous_feature,street_lighting,road_surface,surface_condition,weather,natural_lighting,signals_operation,other_traffic_control,speed_limit,road_classification_(admin),rum_-_code,rum_-_description,dca_-_code,dca_-_description,dca_supplement,first_impact_type,key_tu_type,other_tu_type,no._of_traffic_units_involved,no._killed,no._seriously_injured,no._moderately_injured,no._minor-other_injured,month_num,month_label,season,day_label,time_label,time_band,is_peak_commute,is_fatal,is_injury,is_casualty
1360804,Injury,Serious Injury,2024,2024,May,Sunday,16:00 - 17:59,CLIPPER,ST,0,Right on the spot,TRADEWINDS,AVE,SUMMERLAND POINT,,No,Not a school zone,T-junction,-33.140027,151.569868,Central Coast,Country urban,Syd-Newc-Woll Gtr conurbation,Straight,Foot/cycle path/nature strip,,,Off,Sealed,Dry,Fine,Daylight,Nil,No traffic controls,50 km/h,Local,73,Off rd rght => obj,704,Right off cway into obj,,Vehicle - Object,Motorcycle,,1,0,1,0,0,5,May,Autumn,Sunday,16:00 - 17:59,PM peak / evening commute,True,False,True,True
1360806,Injury,Serious Injury,2024,2024,May,Thursday,12:00 - 13:59,GRAFTON,RD,70,North,ROUND MOUNTAIN,RD,EBOR,76.0,No,Not a school zone,2-way undivided,-30.441596,152.31695,Armidale Regional,Country non-urban,Rest of NSW - Rural,Curved,,,,Nil,Sealed,Wet,Raining,Daylight,Nil,No traffic controls,100 km/h,State,81,Off left/rt bnd=>obj,803,Off right bend into obj,Left,Vehicle - Object,Car (sedan/hatch),,1,0,1,0,0,5,May,Autumn,Thursday,12:00 - 13:59,Midday / afternoon,False,False,True,True
1360808,Injury,Moderate Injury,2024,2024,May,Thursday,18:00 - 19:59,SIBLEY,ST,50,East,CULLEN,ST,NIMBIN,,No,Not a school zone,2-way undivided,-28.595448,153.223182,Lismore,Country urban,Rest of NSW - Urban,Curved,Steep grade,,,On,Sealed,Dry,Fine,Darkness,Nil,No traffic controls,50 km/h,Local,81,Off left/rt bnd=>obj,803,Off right bend into obj,Left,Other angle,4 wheel drive / SUV,4 wheel drive / SUV,4,0,0,1,1,5,May,Autumn,Thursday,18:00 - 19:59,PM peak / evening commute,True,False,True,True
1360809,Injury,Serious Injury,2024,2024,April,Tuesday,00:01 - 01:59,NEWCASTLE,EXP,1190,South,PACIFIC HIGHWAY,TO,OURIMBAH,6003.0,No,Not a school zone,Dual freeway,-33.333295,151.380429,Central Coast,Country non-urban,Syd-Newc-Woll Gtr conurbation,Straight,,,,Nil,Sealed,Dry,Fine,Darkness,Nil,No traffic controls,110 km/h,State,73,Off rd rght => obj,704,Right off cway into obj,,Vehicle - Object,Light truck utility(from 2018),,1,0,2,0,0,4,April,Autumn,Tuesday,00:01 - 01:59,Late night / early morning,False,False,True,True
1360810,Injury,Serious Injury,2024,2024,May,Wednesday,16:00 - 17:59,ISABELLA,WAY,0,Right on the spot,STIRLING,DR,BOWRAL,,No,Not a school zone,T-junction,-34.500906,150.444979,Wingecarribee,Country urban,Rest of NSW - Urban,Curved,,,,Nil,Sealed,Dry,Fine,Daylight,Nil,No traffic controls,50 km/h,Local,2,Ped far side,3,Ped - Far side,,Vehicle - Pedestrian,4 wheel drive / SUV,Pedestrian,2,0,1,0,0,5,May,Autumn,Wednesday,16:00 - 17:59,PM peak / evening commute,True,False,True,True
1360811,Injury,Moderate Injury,2024,2024,May,Thursday,10:00 - 11:59,DUNNING,AVE,0,Right on the spot,EPSOM,RD,ROSEBERY,,No,Not a school zone,X-intersection,-33.910439,151.204291,Sydney,Sydney metro. area,Syd-Newc-Woll Gtr conurbation,Straight,,,,Nil,Sealed,Dry,Fine,Daylight,Nil,Stop sign,50 km/h,Local,0,Ped nearside,1,Ped - Near side,,Vehicle - Pedestrian,Light truck utility(from 2018),Pedestrian,2,0,0,1,0,5,May,Autumn,Thursday,10:00 - 11:59,Midday / afternoon,False,False,True,True
1360812,Injury,Serious Injury,2024,2024,May,Monday,08:00 - 09:59,PINE,ST,0,Right on the spot,SMITH,ST,MANLY,,No,Not a school zone,X-intersection,-33.790498,151.284172,Northern Beaches,Sydney metro. area,Syd-Newc-Woll Gtr conurbation,Straight,,,,Nil,Sealed,Wet,Raining,Daylight,Nil,Stop sign,50 km/h,Local,13,Right near,104,Adj - Right-thru from right,,Right angle,4 wheel drive / SUV,Pedal cycle,2,0,1,0,0,5,May,Autumn,Monday,08:00 - 09:59,AM peak / school commute,True,False,True,True
1360816,Injury,Moderate Injury,2024,2024,May,Saturday,12:00 - 13:59,LINDESAY,ST,0,Right on the spot,HIGH,ST,EAST MAITLAND,104.0,No,Not a school zone,Roundabout,-32.748782,151.59362,Maitland,Country urban,Rest of NSW - Urban,Straight,,,,Off,Sealed,Wet,Fine,Daylight,Nil,Give way sign,50 km/h,State,10,Cross traffic,101,Adj - Cross traffic,,Right angle,Car (sedan/hatch),Motorcycle,2,0,0,1,0,5,May,Autumn,Saturday,12:00 - 13:59,Midday / afternoon,False,False,True,True
1360817,Injury,Minor/Other Injury,2024,2024,May,Friday,18:00 - 19:59,WOODVILLE,RD,0,Right on the spot,ORCHARDLEIGH,ST,OLD GUILDFORD,640.0,Yes,No,T-junction,-33.86708,150.988034,Fairfield,Sydney metro. area,Syd-Newc-Woll Gtr conurbation,Straight,,,,On,Sealed,Dry,Fine,Darkness,On,No traffic controls,70 km/h,State,21,Right through,202,Opp - Right-thru,,Other angle,4 wheel drive / SUV,Car (sedan/hatch),2,0,0,0,1,5,May,Autumn,Friday,18:00 - 19:59,PM peak / evening commute,True,False,True,True
1360818,Injury,Minor/Other Injury,2024,2024,April,Thursday,14:00 - 15:59,OLD CANTERBURY,RD,0,Right on the spot,PROSPECT,RD,SUMMER HILL,652.0,No,Not a school zone,T-junction,-33.900908,151.13201,Inner West,Sydney metro. area,Syd-Newc-Woll Gtr conurbation,Straight,,,,Nil,Sealed,Dry,Fine,Daylight,Nil,Stop sign,50 km/h,State,13,Right near,104,Adj - Right-thru from right,,Right angle,Car (sedan/hatch),Motorcycle,2,0,0,0,1,4,April,Autumn,Thursday,14:00 - 15:59,Midday / afternoon,False,False,True,True
1360821,Injury,Moderate Injury,2024,2024,April,Sunday,22:00 - Midnight,ARMSTEIN,CRES,10,East,REINDEER,PL,WERRINGTON,,Yes,No,T-junction,-33.755795,150.743892,Penrith,Sydney metro. area,Syd-Newc-Woll Gtr conurbation,Straight,,,,On,Sealed,Dry,Fine,Darkness,Nil,No traffic controls,50 km/h,Local,73,Off rd rght => obj,704,Right off cway into obj,,Other angle,Utility,Car (sedan/hatch),2,0,0,1,0,4,April,Autumn,Sunday,22:00 - Midnight,Evening / night,False,False,True,True
1360827,Injury,Serious Injury,2024,2024,June,Sunday,18:00 - 19:59,EPPING,RD,80,South,MOWBRAY,RD,LANE COVE WEST,373.0,No,Not a school zone,Divided road,-33.80326,151.146001,Lane Cove,Sydney metro. area,Syd-Newc-Woll Gtr conurbation,Straight,Bus/transit lane,,,On,Sealed,Dry,Fine,Darkness,Nil,No traffic controls,70 km/h,State,34,Lane change right,306,Same - Lane change right,,Other angle,Motor scooter,Car (sedan/hatch),2,0,1,0,0,6,June,Winter,Sunday,18:00 - 19:59,PM peak / evening commute,True,False,True,True
1360828,Injury,Moderate Injury,2024,2024,June,Sunday,12:00 - 13:59,MOUNT BLACKHEATH,RD,592,East,KANIMBLA,DR,BLACKHEATH,,No,Not a school zone,2-way undivided,-33.664647,150.25963,Blue Mountains,Country urban,Syd-Newc-Woll Gtr conurbation,Curved,,,,Nil,Sealed,Dry,Unknown,Daylight,Nil,No traffic controls,50 km/h,Local,20,Head on,201,Opp - Head on,,Head-on,Car (sedan/hatch),4 wheel drive / SUV,2,0,0,1,0,6,June,Winter,Sunday,12:00 - 13:59,Midday / afternoon,False,False,True,True
1360829,Injury,Serious Injury,2024,2024,June,Saturday,18:00 - 19:59,YOUNG,ST,20,South,MCEVOY,ST,WATERLOO,,No,Not a school zone,2-way undivided,-33.900814,151.208646,Sydney,Sydney metro. area,Syd-Newc-Woll Gtr conurbation,Straight,,,,Nil,Sealed,Wet,Raining,Darkness,Nil,No traffic controls,40 km/h,Local,0,Ped nearside,1,Ped - Near side,,Vehicle - Pedestrian,Light truck utility(from 2018),Pedestrian,2,0,1,0,0,6,June,Winter,Saturday,18:00 - 19:59,PM peak / evening commute,True,False,True,True
1360830,Injury,Moderate Injury,2024,2024,June,Sunday,16:00 - 17:59,MIDGEN FLAT,RD,170,West,BROKEN HEAD,RD,BROKEN HEAD,,No,Not a school zone,2-way undivided,-28.711824,153.592257,Byron,Country urban,Rest of NSW - Urban,Curved,Steep grade,,,Nil,Sealed,Wet,Raining,Darkness,Nil,No traffic controls,80 km/h,Local,88,Out of cont on bend,805,Out of control on bend,,Rollover,4 wheel drive / SUV,,1,0,0,1,0,6,June,Winter,Sunday,16:00 - 17:59,PM peak / evening commute,True,False,True,True
1360831,Injury,Minor/Other Injury,2024,2024,May,Wednesday,18:00 - 19:59,CENTRAL COAST,HWY,0,Right on the spot,RAYS,RD,BATEAU BAY,30.0,No,Not a school zone,T-junction,-33.385697,151.472515,Central Coast,Country urban,Syd-Newc-Woll Gtr conurbation,Straight,,,,On,Sealed,Dry,Fine,Darkness,Nil,Stop sign,60 km/h,State,73,Off rd rght => obj,704,Right off cway into obj,,Vehicle - Object,4 wheel drive / SUV,,1,0,0,0,1,5,May,Autumn,Wednesday,18:00 - 19:59,PM peak / evening commute,True,False,True,True
1360832,Injury,Moderate Injury,2024,2024,June,Thursday,14:00 - 15:59,TIRRIKI,ST,0,Right on the spot,NUMBER 15,HN,CHARLESTOWN,,No,Not a school zone,2-way undivided,-32.973588,151.696447,Lake Macquarie,Newcastle met. area,Syd-Newc-Woll Gtr conurbation,Curved,Steep grade,,,Off,Sealed,Dry,Fine,Daylight,Nil,No traffic controls,50 km/h,Local,20,Head on,201,Opp - Head on,,Head-on,Pedal cycle,Light truck utility(from 2018),2,0,0,1,1,6,June,Winter,Thursday,14:00 - 15:59,Midday / afternoon,False,False,True,True
1360833,Injury,Serious Injury,2024,2024,July,Friday,08:00 - 09:59,BELLS LINE OF,RD,200,North,VALLEY RIDGES,RD,BILPIN,184.0,No,Not a school zone,2-way undivided,-33.521314,150.461724,Hawkesbury,Country urban,Syd-Newc-Woll Gtr conurbation,Straight,,,,Nil,Sealed,Wet,Raining,Daylight,Nil,No traffic controls,80 km/h,State,73,Off rd rght => obj,704,Right off cway into obj,,Vehicle - Object,Car (sedan/hatch),,1,0,1,0,0,7,July,Winter,Friday,08:00 - 09:59,AM peak / school commute,True,False,True,True
1360834,Injury,Moderate Injury,2024,2024,July,Wednesday,20:00 - 21:59,NOBBYS CREEK,RD,4000,South,NUMBER 523,HN,NOBBYS CREEK,,No,Not a school zone,2-way undivided,-28.309568,153.341331,Tweed,Country non-urban,Rest of NSW - Rural,Curved,,,,Nil,Sealed,Unknown,Unknown,Darkness,Nil,No traffic controls,100 km/h,Local,81,Off left/rt bnd=>obj,803,Off right bend into obj,Left,Vehicle - Object,Light truck,,1,0,0,1,0,7,July,Winter,Wednesday,20:00 - 21:59,Evening / night,False,False,True,True
1360836,Injury,Moderate Injury,2024,2024,June,Saturday,16:00 - 17:59,CROWN,ST,10,West,LAGGAN,RD,CROOKWELL,248.0,Yes,No,T-junction,-34.451924,149.46875,Upper Lachlan,Country urban,Rest of NSW - Urban,Straight,,,,On,Sealed,Dry,Fine,Dusk,Nil,Give way sign,50 km/h,Regional,85,Off rt/lft bnd=>obj,706,Left turn,Right,Vehicle - Object,Light truck utility(from 2018),,1,0,0,1,0,6,June,Winter,Saturday,16:00 - 17:59,PM peak / evening commute,True,False,True,True
1360841,Injury,Minor/Other Injury,2024,2024,July,Friday,18:00 - 19:59,KINGSWAY,MS,0,Right on the spot,SWAN,ST,WOOLOOWARE,227.0,No,Not a school zone,T-junction,-34.048778,151.143463,Sutherland,Sydney metro. area,Syd-Newc-Woll Gtr conurbation,Straight,,,,On,Sealed,Wet,Fine,Darkness,On,No traffic controls,70 km/h,State,13,Right near,104,Adj - Right-thru from right,,Right angle,Car (sedan/hatch),4 wheel drive / SUV,2,0,0,0,2,7,July,Winter,Friday,18:00 - 19:59,PM peak / evening commute,True,False,True,True
1360843,Injury,Serious Injury,2024,2024,June,Thursday,14:00 - 15:59,JOSEPH,ST,0,Right on the spot,GEORGES,AVE,LIDCOMBE,190.0,No,Not a school zone,X-intersection,-33.872141,151.042125,Cumberland,Sydney metro. area,Syd-Newc-Woll Gtr conurbation,Straight,,,,Off,Sealed,Dry,Fine,Daylight,On,No traffic controls,70 km/h,State,10,Cross traffic,101,Adj - Cross traffic,,Right angle,Car (sedan/hatch),Light truck utility(from 2018),4,0,1,0,0,6,June,Winter,Thursday,14:00 - 15:59,Midday / afternoon,False,False,True,True
1360845,Injury,Serious Injury,2024,2024,May,Thursday,10:00 - 11:59,GREAT WESTERN,HWY,150,East,ROSS,ST,GLENBROOK,5.0,No,Not a school zone,Divided road,-33.764967,150.623503,Blue Mountains,Country urban,Syd-Newc-Woll Gtr conurbation,Straight,,,,Off,Sealed,Dry,Fine,Daylight,Nil,No traffic controls,80 km/h,State,33,Lane sideswipe,305,Same - Lane side swipe,,Other angle,Large rigid,Car (sedan/hatch),3,0,1,1,0,5,May,Autumn,Thursday,10:00 - 11:59,Midday / afternoon,False,False,True,True
1360846,Injury,Serious Injury,2024,2024,June,Sunday,12:00 - 13:59,FOREST,RD,0,Right on the spot,ST GEORGES,RD,PENSHURST,168.0,Yes,No,T-junction,-33.963192,151.084152,Georges River,Sydney metro. area,Syd-Newc-Woll Gtr conurbation,Straight,,,,Off,Sealed,Dry,Fine,Daylight,Nil,No traffic controls,60 km/h,State,90,Fell in/from vehicle,901,Fell in/from vehicle,,Person - Object,Car (sedan/hatch),,1,0,1,0,0,6,June,Winter,Sunday,12:00 - 13:59,Midday / afternoon,False,False,True,True
1360849,Injury,Moderate Injury,2024,2024,July,Saturday,02:00 - 03:59,TERRANORA,RD,1150,North,DULGUIGAN,RD,BUNGALORA,,No,Not a school zone,2-way undivided,-28.258865,153.472464,Tweed,Country urban,Rest of NSW - Urban,Curved,Ditch/drain/culvert,,,Nil,Sealed,Wet,Raining,Darkness,Nil,No traffic controls,80 km/h,Local,84,Off right/left bend,802,Off cway left bend,Right,Rollover,Car (sedan/hatch),,1,0,0,1,0,7,July,Winter,Saturday,02:00 - 03:59,Late night / early morning,False,False,True,True
1360850,Injury,Minor/Other Injury,2024,2024,June,Friday,16:00 - 17:59,BRISBANE WATER,DR,0,Right on the spot,VICTORY,PDE,TASCOTT,349.0,No,Not a school zone,T-junction,-33.450322,151.320903,Central Coast,Country urban,Syd-Newc-Woll Gtr conurbation,Curved,Steep grade,,,Off,Sealed,Dry,Fine,Daylight,Nil,Give way sign,60 km/h,State,81,Off left/rt bnd=>obj,803,Off right bend into obj,Left,Vehicle - Object,4 wheel drive / SUV,,1,0,0,0,1,6,June,Winter,Friday,16:00 - 17:59,PM peak / evening commute,True,False,True,True
1360851,Injury,Serious Injury,2024,2024,July,Thursday,10:00 - 11:59,MACQUARIE,RD,200,West,RAYMOND,RD,SPRINGWOOD,,No,Not a school zone,2-way undivided,-33.698837,150.565468,Blue Mountains,Country urban,Syd-Newc-Woll Gtr conurbation,Straight,,,,Off,Sealed,Dry,Fine,Daylight,Nil,Ped crossing,40 km/h,Local,2,Ped far side,3,Ped - Far side,,Vehicle - Pedestrian,Car (sedan/hatch),Pedestrian,2,0,1,0,0,7,July,Winter,Thursday,10:00 - 11:59,Midday / afternoon,False,False,True,True
1360856,Injury,Serious Injury,2024,2024,July,Thursday,06:00 - 07:59,AVOCA,ST,0,Right on the spot,FRANCES,ST,RANDWICK,660.0,Yes,No,X-intersection,-33.911292,151.243377,Randwick,Sydney metro. area,Syd-Newc-Woll Gtr conurbation,Straight,,,,Off,Sealed,Dry,Fine,Daylight,Nil,Give way sign,50 km/h,State,12,Left far,103,Adj - Left-thru from left,,Right angle,Light truck utility(from 2018),Pedal cycle,2,0,1,0,0,7,July,Winter,Thursday,06:00 - 07:59,AM peak / school commute,True,False,True,True
1360858,Injury,Moderate Injury,2024,2024,July,Friday,16:00 - 17:59,GREAT WESTERN,HWY,20,West,KINGTON,ST,MINCHINBURY,5.0,No,Not a school zone,Divided road,-33.78736,150.847969,Blacktown,Sydney metro. area,Syd-Newc-Woll Gtr conurbation,Straight,,,,Off,Sealed,Dry,Overcast,Daylight,Nil,No traffic controls,80 km/h,State,71,Off rd left => obj,703,Left off cway into object,,Vehicle - Object,4 wheel drive / SUV,,1,0,0,1,0,7,July,Winter,Friday,16:00 - 17:59,PM peak / evening commute,True,False,True,True
1360863,Injury,Serious Injury,2024,2024,May,Saturday,10:00 - 11:59,COULMAN,ST,0,Right on the spot,DONOHUE,ST,KINGS PARK,,No,Not a school zone,T-junction,-33.737437,150.903415,Blacktown,Sydney metro. area,Syd-Newc-Woll Gtr conurbation,Curved,,,,Off,Sealed,Wet,Raining,Daylight,Nil,No traffic controls,50 km/h,Local,40,U turn,304,Same - U-turn,,Other angle,Car (sedan/hatch),Light truck utility(from 2018),2,0,2,0,0,5,May,Autumn,Saturday,10:00 - 11:59,Midday / afternoon,False,False,True,True
1360864,Injury,Moderate Injury,2024,2024,July,Monday,06:00 - 07:59,GREGADOO,RD,0,Right on the spot,LAKEHAVEN,DR,LAKE ALBERT,,No,Not a school zone,T-junction,-35.17946,147.370283,Wagga Wagga,Country urban,Rest of NSW - Urban,Straight,,,,On,Sealed,Dry,Overcast,Darkness,Nil,No traffic controls,60 km/h,Local,13,Right near,104,Adj - Right-thru from right,,Right angle,Light truck utility(from 2018),4 wheel drive / SUV,2,0,0,1,0,7,July,Winter,Monday,06:00 - 07:59,AM peak / school commute,True,False,True,True
1360867,Injury,Minor/Other Injury,2024,2024,June,Friday,14:00 - 15:59,BOUNDARY,ST,0,Right on the spot,KULAROO,DR,FORSTER,,No,Not a school zone,Roundabout,-32.197547,152.526326,Mid-Coast,Country urban,Rest of NSW - Urban,Straight,,,,Off,Sealed,Dry,Fine,Daylight,Nil,Give way sign,50 km/h,Local,40,U turn,207,Opp - U-turn,,Other angle,Car (sedan/hatch),Pedal cycle,2,0,0,0,2,6,June,Winter,Friday,14:00 - 15:59,Midday / afternoon,False,False,True,True
1360871,Injury,Moderate Injury,2024,2024,July,Tuesday,12:00 - 13:59,BOTTLEBRUSH,AVE,35,North,CAMPBELLFIELD,AVE,BRADBURY,,No,Not a school zone,2-way undivided,-34.082865,150.817834,Campbelltown,Sydney metro. area,Syd-Newc-Woll Gtr conurbation,Curved,,,,Nil,Sealed,Dry,Fine,Daylight,Nil,No traffic controls,50 km/h,Local,81,Off left/rt bnd=>obj,803,Off right bend into obj,Left,Vehicle - Object,Car (sedan/hatch),,1,0,0,1,0,7,July,Winter,Tuesday,12:00 - 13:59,Midday / afternoon,False,False,True,True
1360873,Injury,Moderate Injury,2024,2024,April,Saturday,08:00 - 09:59,FALCON,ST,0,Right on the spot,ALEXANDER,ST,CROWS NEST,164.0,No,Not a school zone,X-intersection,-33.827837,151.201905,North Sydney,Sydney metro. area,Syd-Newc-Woll Gtr conurbation,Straight,,,,Off,Sealed,Dry,Fine,Daylight,On,No traffic controls,60 km/h,State,30,Rear end,301,Same - Rear end,,Rear end,Light truck,Car (sedan/hatch),2,0,0,1,0,4,April,Autumn,Saturday,08:00 - 09:59,AM peak / school commute,True,False,True,True
1360876,Injury,Moderate Injury,2024,2024,June,Sunday,02:00 - 03:59,PICNIC POINT,RD,280,East,MILLEWA,RD,MATHOURA,,No,Not a school zone,2-way undivided,-35.831099,144.956098,Murray River,Country non-urban,Rest of NSW - Rural,Curved,Embankment/cutting,,,Nil,Sealed,Dry,Fine,Darkness,Nil,No traffic controls,100 km/h,Local,81,Off left/rt bnd=>obj,803,Off right bend into obj,Left,Vehicle - Object,Motorcycle,,1,0,0,1,0,6,June,Winter,Sunday,02:00 - 03:59,Late night / early morning,False,False,True,True
1360882,Injury,Serious Injury,2024,2024,July,Tuesday,14:00 - 15:59,SEGENHOE,RD,0,Right on the spot,NUMBER 241,HN,SEGENHOE,,No,Not a school zone,2-way undivided,-32.135088,150.904894,Upper Hunter,Country urban,Rest of NSW - Urban,Straight,,,Potholes/corrugations/rough,Nil,Sealed,Dry,Unknown,Daylight,Nil,No traffic controls,80 km/h,Local,20,Head on,201,Opp - Head on,,Head-on,Light truck utility(from 2018),Station wagon,2,0,1,2,0,7,July,Winter,Tuesday,14:00 - 15:59,Midday / afternoon,False,False,True,True
1360885,Injury,Moderate Injury,2024,2024,April,Saturday,20:00 - 21:59,SILVER CITY,HWY,40486,North,TIBOOBURRA,TN,TIBOOBURRA,22.0,No,Not a school zone,2-way undivided,-29.112803,141.937489,Unincorporated,Country non-urban,Rest of NSW - Rural,Curved,,,Loose gravel shoulder,Nil,Sealed,Dry,Fine,Darkness,Nil,No traffic controls,100 km/h,State,85,Off rt/lft bnd=>obj,804,Off left bend into obj,Right,Vehicle - Object,Light truck utility(from 2018),,1,0,0,1,0,4,April,Autumn,Saturday,20:00 - 21:59,Evening / night,False,False,True,True
1360888,Injury,Serious Injury,2024,2024,August,Thursday,20:00 - 21:59,CAMP,RD,500,North,HUNTER EXPRESSWAY,OP,GRETA,7766.0,No,Not a school zone,2-way undivided,-32.703492,151.385215,Cessnock,Country urban,Rest of NSW - Urban,Straight,,,,Nil,Sealed,Dry,Fine,Darkness,Nil,No traffic controls,80 km/h,Regional,73,Off rd rght => obj,704,Right off cway into obj,,Other angle,Station wagon,Car (sedan/hatch),3,0,1,0,0,8,August,Winter,Thursday,20:00 - 21:59,Evening / night,False,False,True,True
1360892,Injury,Serious Injury,2024,2024,July,Saturday,10:00 - 11:59,FAIRFORD,RD,0,Right on the spot,BRYANT,ST,PADSTOW,190.0,No,Not a school zone,X-intersection,-33.941377,151.035262,Canterbury-Bankstown,Sydney metro. area,Syd-Newc-Woll Gtr conurbation,Straight,,,,Off,Sealed,Wet,Overcast,Daylight,Nil,Stop sign,70 km/h,State,13,Right near,104,Adj - Right-thru from right,,Right angle,Car (sedan/hatch),Car (sedan/hatch),2,0,1,0,1,7,July,Winter,Saturday,10:00 - 11:59,Midday / afternoon,False,False,True,True
1360893,Injury,Serious Injury,2024,2024,August,Friday,12:00 - 13:59,BUNNAN,RD,0,Right on the spot,NUMBER 625,HN,SCONE,62.0,No,Not a school zone,2-way undivided,-32.023665,150.81308,Upper Hunter,Country non-urban,Rest of NSW - Rural,Straight,Driveway/entrance,,,Nil,Sealed,Dry,Fine,Daylight,Nil,No traffic controls,100 km/h,Regional,53,Overtake turning,506,Ovtak - Overtaking right turn,,Other angle,Motorcycle,Light truck utility(from 2018),2,0,1,0,0,8,August,Winter,Friday,12:00 - 13:59,Midday / afternoon,False,False,True,True
1360894,Injury,Serious Injury,2024,2024,August,Thursday,16:00 - 17:59,ANZAC,PDE,0,Right on the spot,BILGA,CRES,MALABAR,2074.0,No,Not a school zone,X-intersection,-33.972964,151.242878,Randwick,Sydney metro. area,Syd-Newc-Woll Gtr conurbation,Straight,,,,Nil,Sealed,Wet,Overcast,Daylight,Nil,Stop sign,60 km/h,Regional,10,Cross traffic,101,Adj - Cross traffic,,Right angle,4 wheel drive / SUV,Pedal cycle,2,0,1,0,0,8,August,Winter,Thursday,16:00 - 17:59,PM peak / evening commute,True,False,True,True
1360895,Injury,Minor/Other Injury,2024,2024,August,Monday,14:00 - 15:59,PARK,RD,55,East,HOLLOWAY,RD,NOWRA,,No,Not a school zone,2-way undivided,-34.896079,150.614034,Shoalhaven,Country urban,Rest of NSW - Urban,Curved,,,,Nil,Sealed,Dry,Fine,Daylight,Nil,No traffic controls,50 km/h,Local,81,Off left/rt bnd=>obj,803,Off right bend into obj,Left,Other angle,Motorcycle,Light truck utility(from 2018),2,0,0,0,1,8,August,Winter,Monday,14:00 - 15:59,Midday / afternoon,False,False,True,True
1360896,Injury,Moderate Injury,2024,2024,July,Saturday,22:00 - Midnight,PARK,RD,20,East,COLLEGE,PL,BOWRAL,,No,Not a school zone,2-way undivided,-34.488654,150.428967,Wingecarribee,Country urban,Rest of NSW - Urban,Curved,,,,On,Sealed,Dry,Fine,Darkness,Nil,No traffic controls,50 km/h,Local,81,Off left/rt bnd=>obj,803,Off right bend into obj,Left,Other angle,4 wheel drive / SUV,Light truck utility(from 2018),2,0,0,1,0,7,July,Winter,Saturday,22:00 - Midnight,Evening / night,False,False,True,True
1360897,Injury,Moderate Injury,2024,2024,July,Tuesday,18:00 - 19:59,ILLAWARRA,HWY,70,East,WAITE,ST,MOSS VALE,25.0,Yes,No,2-way undivided,-34.551066,150.368865,Wingecarribee,Country urban,Rest of NSW - Urban,Straight,,,,On,Sealed,Wet,Raining,Darkness,Nil,No traffic controls,50 km/h,State,1,Ped emerging,2,Ped - emerging,,Vehicle - Pedestrian,Light truck utility(from 2018),Pedestrian,2,0,0,1,0,7,July,Winter,Tuesday,18:00 - 19:59,PM peak / evening commute,True,False,True,True
1360899,Injury,Moderate Injury,2024,2024,August,Monday,16:00 - 17:59,AWABA,RD,0,Right on the spot,BRIDGE,ST,TORONTO,220.0,No,Not a school zone,T-junction,-33.005809,151.576073,Lake Macquarie,Newcastle met. area,Syd-Newc-Woll Gtr conurbation,Straight,,,,On,Sealed,Wet,Raining,Dusk,Nil,No traffic controls,60 km/h,State,32,Right rear,303,Same - Rear right,,Rear end,Light truck utility(from 2018),Station wagon,2,0,0,2,0,8,August,Winter,Monday,16:00 - 17:59,PM peak / evening commute,True,False,True,True
1360902,Injury,Moderate Injury,2024,2024,July,Tuesday,16:00 - 17:59,HIGHAM,RD,0,Right on the spot,ROYTON,ST,HILLSBOROUGH,,No,Not a school zone,X-intersection,-32.956832,151.674846,Lake Macquarie,Newcastle met. area,Syd-Newc-Woll Gtr conurbation,Straight,,,,Nil,Sealed,Dry,Fine,Daylight,Nil,Give way sign,50 km/h,Local,10,Cross traffic,101,Adj - Cross traffic,,Right angle,Passenger van,4 wheel drive / SUV,2,0,0,2,0,7,July,Winter,Tuesday,16:00 - 17:59,PM peak / evening commute,True,False,True,True
1360911,Injury,Moderate Injury,2024,2024,July,Wednesday,10:00 - 11:59,CASTLEREAGH,HWY,0,Right on the spot,HORATIO,ST,MUDGEE,18.0,Yes,No,T-junction,-32.598651,149.582191,Mid-Western Regional,Country urban,Rest of NSW - Urban,Straight,Steep grade,,,Off,Sealed,Dry,Fine,Daylight,Nil,No traffic controls,50 km/h,State,31,Left rear,302,Same - Rear left,,Rear end,4 wheel drive / SUV,Car (sedan/hatch),2,0,0,1,0,7,July,Winter,Wednesday,10:00 - 11:59,Midday / afternoon,False,False,True,True
1360913,Injury,Moderate Injury,2024,2024,July,Thursday,18:00 - 19:59,WESTERN,EXP,0,Right on the spot,BURNETT STREET,TO,MERRYLANDS,6004.0,No,Not a school zone,Dual freeway,-33.825772,150.991142,Cumberland,Sydney metro. area,Syd-Newc-Woll Gtr conurbation,Straight,,,,Off,Sealed,Dry,Fine,Darkness,Nil,No traffic controls,60 km/h,State,35,Lane change left,307,Same - Lane change left,,Other angle,Motorcycle,4 wheel drive / SUV,2,0,0,1,0,7,July,Winter,Thursday,18:00 - 19:59,PM peak / evening commute,True,False,True,True
1360914,Injury,Serious Injury,2024,2024,July,Friday,18:00 - 19:59,RAILWAY,PDE,100,West,LILY,ST,ALLAWAH,7006.0,No,Not a school zone,2-way undivided,-33.970059,151.11479,Georges River,Sydney metro. area,Syd-Newc-Woll Gtr conurbation,Straight,,,,On,Sealed,Dry,Fine,Darkness,Nil,No traffic controls,50 km/h,Regional,40,U turn,304,Same - U-turn,,Other angle,Car (sedan/hatch),Car (sedan/hatch),2,0,1,0,0,7,July,Winter,Friday,18:00 - 19:59,PM peak / evening commute,True,False,True,True