crash_id,degree_of_crash,degree_of_crash_-_detailed,reporting_year,year_of_crash,month_of_crash,day_of_week_of_crash,two-hour_intervals,street_of_crash,street_type,distance,direction,identifying_feature,identifying_feature_type,town,route_no.,school_zone_location,school_zone_active,type_of_location,latitude,longitude,lga,urbanisation,conurbation_1,alignment,primary_permanent_feature,primary_temporary_feature,primary_hazardous_feature,street_lighting,road_surface,surface_condition,weather,natural_lighting,signals_operation,other_traffic_control,speed_limit,road_classification_(admin),rum_-_code,rum_-_description,dca_-_code,dca_-_description,dca_supplement,first_impact_type,key_tu_type,other_tu_type,no._of_traffic_units_involved,no._killed,no._seriously_injured,no._moderately_injured,no._minor-other_injured,month_num,month_label,season,day_label,time_label,time_band,is_peak_commute,is_fatal,is_injury,is_casualty
1360915,Injury,Moderate Injury,2024,2024,August,Sunday,20:00 - 21:59,PACIFIC,HWY,20,South,SOLITARY ISLANDS WAY,TO,KORORA,10.0,No,Not a school zone,Divided road,-30.247029,153.140275,Coffs Harbour,Country urban,Rest of NSW - Urban,Curved,,Roadwks/Detour/Diverson,,On,Sealed,Wet,Raining,Darkness,Nil,No traffic controls,60 km/h,State,83,Off rt/rt bnd=>obj,803,Off right bend into obj,Right,Vehicle - Object,Passenger van,,1,0,0,1,0,8,August,Winter,Sunday,20:00 - 21:59,Evening / night,False,False,True,True
1360919,Injury,Serious Injury,2024,2024,August,Tuesday,12:00 - 13:59,CENTENARY,DR,20,North,HUME,HWY,STRATHFIELD,200.0,No,Not a school zone,Other,-33.885686,151.069026,Strathfield,Sydney metro. area,Syd-Newc-Woll Gtr conurbation,Curved,Underpass/tunnel,,,Off,Sealed,Dry,Fine,Daylight,Nil,No traffic controls,60 km/h,State,85,Off rt/lft bnd=>obj,804,Off left bend into obj,Right,Vehicle - Object,Motorcycle,,1,0,1,0,0,8,August,Winter,Tuesday,12:00 - 13:59,Midday / afternoon,False,False,True,True
1360922,Injury,Moderate Injury,2024,2024,August,Sunday,18:00 - 19:59,BROWNS GAP,RD,0,Right on the spot,HARTLEY VALE,RD,HARTLEY VALE,,No,Not a school zone,T-junction,-33.529672,150.20243,Lithgow,Country urban,Rest of NSW - Urban,Straight,,,"Loose gravel, sealed",Nil,Sealed,Dry,Fine,Darkness,Nil,Give way sign,80 km/h,Local,75,Off end of road,709,Off end cway or T junct,,Rollover,Car (sedan/hatch),,1,0,0,1,0,8,August,Winter,Sunday,18:00 - 19:59,PM peak / evening commute,True,False,True,True
1360928,Injury,Serious Injury,2024,2024,August,Saturday,14:00 - 15:59,MANN,ST,0,Right on the spot,ETNA,ST,GOSFORD,7757.0,No,Not a school zone,X-intersection,-33.419034,151.343482,Central Coast,Country urban,Syd-Newc-Woll Gtr conurbation,Straight,Steep grade,,,Off,Sealed,Dry,Fine,Daylight,On,No traffic controls,60 km/h,Regional,0,Ped nearside,1,Ped - Near side,,Vehicle - Pedestrian,4 wheel drive / SUV,Pedestrian,2,0,1,0,0,8,August,Winter,Saturday,14:00 - 15:59,Midday / afternoon,False,False,True,True
1360930,Injury,Minor/Other Injury,2024,2024,July,Thursday,14:00 - 15:59,PEMBROKE,RD,0,Right on the spot,WESTMORELAND,RD,MINTO,680.0,No,Not a school zone,X-intersection,-34.042053,150.842387,Campbelltown,Sydney metro. area,Syd-Newc-Woll Gtr conurbation,Straight,Crest,,,Off,Sealed,Dry,Fine,Daylight,On,No traffic controls,60 km/h,State,30,Rear end,301,Same - Rear end,,Rear end,Car (sedan/hatch),Passenger van,2,0,0,0,1,7,July,Winter,Thursday,14:00 - 15:59,Midday / afternoon,False,False,True,True
1360931,Injury,Serious Injury,2024,2024,July,Tuesday,12:00 - 13:59,FERRERS,RD,260,South,CHANDOS,RD,HORSLEY PARK,7153.0,No,Not a school zone,2-way undivided,-33.8367,150.873937,Fairfield,Sydney metro. area,Syd-Newc-Woll Gtr conurbation,Curved,Painted double centre lines,,,Nil,Sealed,Dry,Fine,Daylight,Nil,No traffic controls,60 km/h,Regional,20,Head on,201,Opp - Head on,,Head-on,Light truck,4 wheel drive / SUV,2,0,2,0,0,7,July,Winter,Tuesday,12:00 - 13:59,Midday / afternoon,False,False,True,True
1360933,Injury,Serious Injury,2024,2024,August,Sunday,04:00 - 05:59,NIGHTSHADE,CRES,72,East,BENTWING,PDE,MURRAYS BEACH,,No,Not a school zone,2-way undivided,-33.123843,151.62144,Lake Macquarie,Newcastle met. area,Syd-Newc-Woll Gtr conurbation,Curved,Steep grade,,,Nil,Sealed,Dry,Fine,Darkness,Nil,No traffic controls,50 km/h,Local,67,Struck animal,609,On path - Hit animal,,Vehicle - Animal,Motorcycle,,1,0,1,0,0,8,August,Winter,Sunday,04:00 - 05:59,Late night / early morning,False,False,True,True
1360934,Injury,Moderate Injury,2024,2024,June,Wednesday,14:00 - 15:59,AMARYLLIS,WAY,0,Right on the spot,CHESTNUT,CRES,BIDWILL,,No,Not a school zone,T-junction,-33.725729,150.820952,Blacktown,Sydney metro. area,Syd-Newc-Woll Gtr conurbation,Curved,Crest,,,Off,Sealed,Dry,Fine,Daylight,Nil,No traffic controls,50 km/h,Local,3,Ped on carriageway,4,Ped - On carriageway,,Vehicle - Pedestrian,Car (sedan/hatch),Pedestrian,2,0,0,1,0,6,June,Winter,Wednesday,14:00 - 15:59,Midday / afternoon,False,False,True,True
1360937,Injury,Minor/Other Injury,2024,2024,August,Sunday,20:00 - 21:59,ALFRED,ST,0,Right on the spot,FLORENCE,ST,RAMSGATE BEACH,,No,Not a school zone,X-intersection,-33.982401,151.146322,Bayside,Sydney metro. area,Syd-Newc-Woll Gtr conurbation,Straight,,,,On,Sealed,Dry,Fine,Darkness,Nil,Give way sign,50 km/h,Local,10,Cross traffic,101,Adj - Cross traffic,,Right angle,4 wheel drive / SUV,Car (sedan/hatch),2,0,0,0,1,8,August,Winter,Sunday,20:00 - 21:59,Evening / night,False,False,True,True
1360938,Injury,Serious Injury,2024,2024,July,Thursday,20:00 - 21:59,SUMMERLAND,WAY,500,South,ELLANGOWAN,RD,CASINO,83.0,No,Not a school zone,2-way undivided,-28.892502,153.043744,Richmond Valley,Country urban,Rest of NSW - Urban,Straight,Ditch/drain/culvert,Roadwks/Detour/Diverson,,Nil,Sealed,Dry,Fine,Darkness,Nil,Other traf. control,60 km/h,State,71,Off rd left => obj,703,Left off cway into object,,Vehicle - Object,Car (sedan/hatch),,1,0,1,0,0,7,July,Winter,Thursday,20:00 - 21:59,Evening / night,False,False,True,True
1360940,Injury,Moderate Injury,2024,2024,August,Saturday,04:00 - 05:59,PINCHIN,RD,240,West,NUMBER 377,HN,GOOLMANGAR,142.0,No,Not a school zone,2-way undivided,-28.72624,153.251593,Lismore,Country non-urban,Rest of NSW - Rural,Curved,,,,Nil,Sealed,Dry,Fine,Darkness,Nil,No traffic controls,100 km/h,Regional,81,Off left/rt bnd=>obj,803,Off right bend into obj,Left,Vehicle - Object,Car (sedan/hatch),,1,0,0,1,0,8,August,Winter,Saturday,04:00 - 05:59,Late night / early morning,False,False,True,True
1360941,Injury,Moderate Injury,2024,2024,August,Wednesday,10:00 - 11:59,THE HORSLEY,DR,0,Right on the spot,GIPPS,ST,SMITHFIELD,2105.0,No,Not a school zone,X-intersection,-33.850836,150.922233,Fairfield,Sydney metro. area,Syd-Newc-Woll Gtr conurbation,Straight,,,,Nil,Sealed,Dry,Unknown,Daylight,On,No traffic controls,60 km/h,Regional,10,Cross traffic,101,Adj - Cross traffic,,Right angle,Car (sedan/hatch),4 wheel drive / SUV,3,0,0,1,0,8,August,Winter,Wednesday,10:00 - 11:59,Midday / afternoon,False,False,True,True
1360946,Injury,Serious Injury,2024,2024,July,Saturday,20:00 - 21:59,BEDWIN,RD,0,Right on the spot,EDINBURGH,RD,MARRICKVILLE,7017.0,No,Not a school zone,T-junction,-33.908333,151.174629,Inner West,Sydney metro. area,Syd-Newc-Woll Gtr conurbation,Curved,Steep grade,,"Loose gravel, sealed",On,Sealed,Dry,Fine,Darkness,On,No traffic controls,60 km/h,Regional,88,Out of cont on bend,707,Right turn,,Rollover,Motorcycle,,1,0,1,0,0,7,July,Winter,Saturday,20:00 - 21:59,Evening / night,False,False,True,True
1360948,Injury,Serious Injury,2024,2024,August,Sunday,08:00 - 09:59,GOOLMA,RD,10000,West,GOOLMA,TN,SPICERS CREEK,633.0,No,Not a school zone,2-way undivided,-32.383958,149.168329,Dubbo Regional,Country non-urban,Rest of NSW - Rural,Curved,Painted double centre lines,,,Nil,Sealed,Dry,Fine,Daylight,Nil,No traffic controls,100 km/h,State,20,Head on,201,Opp - Head on,,Head-on,Car (sedan/hatch),4 wheel drive / SUV,3,0,3,0,0,8,August,Winter,Sunday,08:00 - 09:59,AM peak / school commute,True,False,True,True
1360949,Injury,Moderate Injury,2024,2024,August,Thursday,14:00 - 15:59,TURONDALE,RD,0,Right on the spot,NUMBER 350,HN,DURAMANA,,No,Not a school zone,2-way undivided,-33.282823,149.570481,Bathurst Regional,Country non-urban,Rest of NSW - Rural,Curved,,,,Nil,Sealed,Dry,Fine,Daylight,Nil,No traffic controls,100 km/h,Local,83,Off rt/rt bnd=>obj,803,Off right bend into obj,Right,Vehicle - Object,Light truck utility(from 2018),,1,0,0,1,0,8,August,Winter,Thursday,14:00 - 15:59,Midday / afternoon,False,False,True,True
1360952,Injury,Serious Injury,2024,2024,August,Wednesday,20:00 - 21:59,SOUTH ARM,RD,10300,East,BRUSHGROVE,TN,SOUTH ARM,,No,Not a school zone,2-way undivided,-29.539782,153.166605,Clarence Valley,Country non-urban,Rest of NSW - Rural,Straight,,,,Nil,Sealed,Wet,Raining,Darkness,Nil,No traffic controls,100 km/h,Local,71,Off rd left => obj,703,Left off cway into object,,Vehicle - Object,Light truck utility(from 2018),,1,0,1,0,0,8,August,Winter,Wednesday,20:00 - 21:59,Evening / night,False,False,True,True
1360953,Injury,Serious Injury,2024,2024,August,Wednesday,10:00 - 11:59,PUTTY,RD,100,South,HEUSTON,LANE,GLENRIDDING,128.0,No,Not a school zone,2-way undivided,-32.591069,151.148607,Singleton,Country non-urban,Rest of NSW - Rural,Curved,,,,Nil,Sealed,Dry,Unknown,Daylight,Nil,No traffic controls,100 km/h,Regional,87,Off lft/lft bnd=>obj,804,Off left bend into obj,Left,Vehicle - Object,Motorcycle,,1,0,1,0,0,8,August,Winter,Wednesday,10:00 - 11:59,Midday / afternoon,False,False,True,True
1360954,Injury,Moderate Injury,2024,2024,August,Friday,12:00 - 13:59,BRUXNER,HWY,20,East,DEEP CREEK,RD,MALLANGANEE,16.0,No,Not a school zone,2-way undivided,-28.906864,152.71366,Kyogle,Country non-urban,Rest of NSW - Rural,Straight,Embankment/cutting,,,Nil,Sealed,Dry,Fine,Daylight,Nil,No traffic controls,100 km/h,State,73,Off rd rght => obj,704,Right off cway into obj,,Vehicle - Object,Light truck utility(from 2018),,1,0,0,1,0,8,August,Winter,Friday,12:00 - 13:59,Midday / afternoon,False,False,True,True
1360955,Injury,Moderate Injury,2024,2024,August,Sunday,12:00 - 13:59,MAJOR INNES,RD,0,Right on the spot,THE RUINS,WAY,PORT MACQUARIE,,No,Not a school zone,T-junction,-31.465821,152.872646,Port Macquarie-Hastings,Country urban,Rest of NSW - Urban,Straight,,,,On,Sealed,Dry,Fine,Daylight,Nil,Give way sign,50 km/h,Local,13,Right near,104,Adj - Right-thru from right,,Right angle,Car (sedan/hatch),4 wheel drive / SUV,2,0,0,2,0,8,August,Winter,Sunday,12:00 - 13:59,Midday / afternoon,False,False,True,True
1360964,Injury,Moderate Injury,2024,2024,June,Sunday,02:00 - 03:59,BANGALOW,RD,0,Right on the spot,ARAKWAL,CT,BYRON BAY,545.0,Yes,No,T-junction,-28.666146,153.613985,Byron,Country urban,Rest of NSW - Urban,Straight,,,,On,Sealed,Dry,Fine,Darkness,Nil,Give way sign,50 km/h,Regional,74,On road-out of cont.,705,Out of control on cway,,Rollover,Pedal cycle,,1,0,0,1,0,6,June,Winter,Sunday,02:00 - 03:59,Late night / early morning,False,False,True,True
1360965,Injury,Minor/Other Injury,2024,2024,August,Monday,06:00 - 07:59,NELSON,ST,0,Right on the spot,QUEEN,ST,WOOLLAHRA,,No,Not a school zone,X-intersection,-33.887465,151.242409,Woollahra,Sydney metro. area,Syd-Newc-Woll Gtr conurbation,Straight,,,,Off,Sealed,Dry,Fine,Daylight,Nil,Ped crossing,50 km/h,Local,0,Ped nearside,1,Ped - Near side,,Vehicle - Pedestrian,Car (sedan/hatch),Pedestrian,2,0,0,0,1,8,August,Winter,Monday,06:00 - 07:59,AM peak / school commute,True,False,True,True
1360966,Injury,Minor/Other Injury,2024,2024,August,Thursday,20:00 - 21:59,ANN,ST,0,Right on the spot,RILEY,ST,SURRY HILLS,,No,Not a school zone,X-intersection,-33.882402,151.213308,Sydney,Sydney metro. area,Syd-Newc-Woll Gtr conurbation,Straight,Steep grade,,,On,Sealed,Dry,Fine,Darkness,Nil,Give way sign,40 km/h,Local,21,Right through,202,Opp - Right-thru,,Other angle,Car (sedan/hatch),Pedal cycle,2,0,0,0,1,8,August,Winter,Thursday,20:00 - 21:59,Evening / night,False,False,True,True
1360974,Injury,Serious Injury,2024,2024,May,Friday,22:00 - Midnight,PRINCES,HWY,0,Right on the spot,HARROW,RD,KOGARAH,1.0,No,Not a school zone,T-junction,-33.959558,151.138038,Bayside,Sydney metro. area,Syd-Newc-Woll Gtr conurbation,Straight,,,,On,Sealed,Dry,Fine,Darkness,On,No traffic controls,60 km/h,State,71,Off rd left => obj,703,Left off cway into object,,Vehicle - Object,Car (sedan/hatch),,1,0,1,0,0,5,May,Autumn,Friday,22:00 - Midnight,Evening / night,False,False,True,True
1360978,Injury,Minor/Other Injury,2024,2024,August,Saturday,14:00 - 15:59,BOTTLEBRUSH,ST,0,Right on the spot,IRONBARK,RD,THURGOONA,,Yes,No,T-junction,-36.0467,146.982005,Albury,Country urban,Rest of NSW - Urban,Curved,,,,Nil,Sealed,Dry,Fine,Daylight,Nil,Give way sign,50 km/h,Local,0,Ped nearside,1,Ped - Near side,,Vehicle - Pedestrian,Car (sedan/hatch),Pedestrian,2,0,0,0,1,8,August,Winter,Saturday,14:00 - 15:59,Midday / afternoon,False,False,True,True
1360979,Injury,Serious Injury,2024,2024,August,Tuesday,18:00 - 19:59,AUBURN,RD,50,North,HUME,HWY,YAGOONA,7105.0,No,Not a school zone,2-way undivided,-33.906818,151.020534,Canterbury-Bankstown,Sydney metro. area,Syd-Newc-Woll Gtr conurbation,Straight,,,,On,Sealed,Dry,Fine,Dusk,Nil,No traffic controls,60 km/h,Regional,71,Off rd left => obj,703,Left off cway into object,,Other angle,Car (sedan/hatch),Car (sedan/hatch),2,0,1,0,0,8,August,Winter,Tuesday,18:00 - 19:59,PM peak / evening commute,True,False,True,True
1360980,Injury,Moderate Injury,2024,2024,May,Monday,12:00 - 13:59,RANGERS VALLEY,RD,1000,West,YARRAFORD,RD,RANGERS VALLEY,,No,Not a school zone,2-way undivided,-29.52588,151.752374,Glen Innes Severn,Country non-urban,Rest of NSW - Rural,Straight,Ditch/drain/culvert,,,Nil,Sealed,Dry,Fine,Daylight,Nil,No traffic controls,100 km/h,Local,72,Off road to right,702,Off carriageway to right,,Rollover,Large rigid,,1,0,0,1,0,5,May,Autumn,Monday,12:00 - 13:59,Midday / afternoon,False,False,True,True
1360981,Injury,Minor/Other Injury,2024,2024,July,Tuesday,14:00 - 15:59,ACACIA,AVE,0,Right on the spot,BERKELEY,RD,GWYNNEVILLE,,Yes,No,T-junction,-34.418522,150.880562,Wollongong,Wollongong met. area,Syd-Newc-Woll Gtr conurbation,Straight,,,,Off,Sealed,Dry,Fine,Daylight,Nil,No traffic controls,50 km/h,Local,13,Right near,104,Adj - Right-thru from right,,Right angle,Car (sedan/hatch),4 wheel drive / SUV,2,0,0,0,1,7,July,Winter,Tuesday,14:00 - 15:59,Midday / afternoon,False,False,True,True
1360983,Injury,Serious Injury,2024,2024,July,Friday,12:00 - 13:59,RUSSELL,RD,0,Right on the spot,BRETT,ST,NEW LAMBTON,223.0,No,Not a school zone,T-junction,-32.92189,151.704152,Newcastle,Newcastle met. area,Syd-Newc-Woll Gtr conurbation,Straight,Steep grade,,Potholes/corrugations/rough,Off,Sealed,Wet,Overcast,Daylight,Nil,Stop sign,60 km/h,Regional,88,Out of cont on bend,706,Left turn,,Rollover,Motorcycle,,1,0,1,0,0,7,July,Winter,Friday,12:00 - 13:59,Midday / afternoon,False,False,True,True
1360984,Injury,Serious Injury,2024,2024,August,Friday,16:00 - 17:59,CESSNOCK,RD,0,Right on the spot,WAKEFIELD,RD,RYHOPE,220.0,No,Not a school zone,T-junction,-32.989702,151.521852,Lake Macquarie,Newcastle met. area,Syd-Newc-Woll Gtr conurbation,Straight,,,,Nil,Sealed,Dry,Fine,Dusk,Nil,Stop sign,80 km/h,State,16,Left near,107,Adj - Left-thru from right,,Right angle,Car (sedan/hatch),Car (sedan/hatch),2,0,2,0,0,8,August,Winter,Friday,16:00 - 17:59,PM peak / evening commute,True,False,True,True
1360987,Injury,Minor/Other Injury,2024,2024,August,Thursday,20:00 - 21:59,WESTERN,EXP,200,West,HOMEBUSH BAY DRIVE,OP,SYDNEY OLYMPIC PARK,6004.0,No,Not a school zone,Dual freeway,-33.856505,151.068364,Parramatta,Sydney metro. area,Syd-Newc-Woll Gtr conurbation,Curved,,,,On,Sealed,Dry,Fine,Darkness,Nil,No traffic controls,90 km/h,State,66,Object on road,607,On path - Hit temp object,,Vehicle - Object,4 wheel drive / SUV,,1,0,0,0,1,8,August,Winter,Thursday,20:00 - 21:59,Evening / night,False,False,True,True
1360993,Injury,Moderate Injury,2024,2024,August,Sunday,08:00 - 09:59,ROPER,RD,0,Right on the spot,NUMBER 33,HN,BLUE HAVEN,,No,Not a school zone,2-way undivided,-33.207412,151.500059,Central Coast,Country urban,Syd-Newc-Woll Gtr conurbation,Straight,Steep grade,,,Nil,Sealed,Wet,Raining,Daylight,Nil,No traffic controls,50 km/h,Local,71,Off rd left => obj,703,Left off cway into object,,Other angle,4 wheel drive / SUV,4 wheel drive / SUV,2,0,0,1,0,8,August,Winter,Sunday,08:00 - 09:59,AM peak / school commute,True,False,True,True
1360994,Injury,Minor/Other Injury,2024,2024,August,Monday,10:00 - 11:59,WILLS,ST,0,Right on the spot,NUMBER 84,HN,BROKEN HILL,,No,Not a school zone,2-way undivided,-31.972061,141.438888,Broken Hill,Country urban,Rest of NSW - Urban,Straight,Driveway/entrance,,,Nil,Sealed,Dry,Fine,Daylight,Nil,No traffic controls,50 km/h,Local,47,Emerging from drive,406,Manov - Emerging from driveway,,Right angle,Car (sedan/hatch),Car (sedan/hatch),2,0,0,0,1,8,August,Winter,Monday,10:00 - 11:59,Midday / afternoon,False,False,True,True
1360996,Injury,Minor/Other Injury,2024,2024,July,Monday,12:00 - 13:59,GREAT WESTERN,HWY,0,Right on the spot,PARKER,ST,KINGSWOOD,5.0,No,Not a school zone,X-intersection,-33.756865,150.712192,Penrith,Sydney metro. area,Syd-Newc-Woll Gtr conurbation,Straight,,,,Off,Sealed,Dry,Fine,Daylight,On,No traffic controls,70 km/h,State,30,Rear end,301,Same - Rear end,,Rear end,Unknown motor vehicle,4 wheel drive / SUV,2,0,0,0,1,7,July,Winter,Monday,12:00 - 13:59,Midday / afternoon,False,False,True,True
1361002,Injury,Moderate Injury,2024,2024,July,Thursday,14:00 - 15:59,MAIN,RD,0,Right on the spot,YOUNG,ST,HEDDON GRETA,195.0,No,Not a school zone,X-intersection,-32.804457,151.509578,Cessnock,Country urban,Rest of NSW - Urban,Straight,,,,Nil,Sealed,Dry,Fine,Daylight,Nil,Give way sign,60 km/h,State,10,Cross traffic,101,Adj - Cross traffic,,Right angle,Light truck utility(from 2018),Light truck utility(from 2018),2,0,0,1,0,7,July,Winter,Thursday,14:00 - 15:59,Midday / afternoon,False,False,True,True
1361005,Injury,Moderate Injury,2024,2024,August,Monday,16:00 - 17:59,ENMORE,RD,0,Right on the spot,EDGEWARE,RD,ENMORE,167.0,No,Not a school zone,X-intersection,-33.899492,151.170935,Inner West,Sydney metro. area,Syd-Newc-Woll Gtr conurbation,Straight,,,,Nil,Sealed,Dry,Fine,Dusk,Unknown / not stated,No traffic controls,60 km/h,State,37,Left turn sideswipe,309,Same - Left turn side swipe,,Other angle,Unknown motor vehicle,Motor scooter,2,0,0,1,0,8,August,Winter,Monday,16:00 - 17:59,PM peak / evening commute,True,False,True,True
1361006,Injury,Moderate Injury,2024,2024,June,Saturday,10:00 - 11:59,BEECROFT,RD,100,South,OLD BEECROFT,RD,CHELTENHAM,139.0,No,Not a school zone,2-way undivided,-33.761647,151.079364,Hornsby,Sydney metro. area,Syd-Newc-Woll Gtr conurbation,Straight,,,,Off,Sealed,Wet,Raining,Daylight,Nil,No traffic controls,60 km/h,State,30,Rear end,301,Same - Rear end,,Rear end,Passenger van,4 wheel drive / SUV,2,0,0,1,0,6,June,Winter,Saturday,10:00 - 11:59,Midday / afternoon,False,False,True,True
1361008,Injury,Moderate Injury,2024,2024,August,Monday,08:00 - 09:59,EUROBIN AV,AVE,0,Right on the spot,NUMBER 3,HN,MANLY,,Yes,No,2-way undivided,-33.785674,151.281352,Northern Beaches,Sydney metro. area,Syd-Newc-Woll Gtr conurbation,Straight,Driveway/entrance,,,Nil,Sealed,Dry,Fine,Daylight,Nil,No traffic controls,40 km/h,Local,47,Emerging from drive,406,Manov - Emerging from driveway,,Right angle,4 wheel drive / SUV,Motorcycle,2,0,0,1,0,8,August,Winter,Monday,08:00 - 09:59,AM peak / school commute,True,False,True,True
1361011,Injury,Serious Injury,2024,2024,August,Thursday,12:00 - 13:59,BUMBLE HILL,RD,200,East,FOREST,RD,KULNURA,,No,Not a school zone,2-way undivided,-33.241247,151.25785,Central Coast,Country urban,Syd-Newc-Woll Gtr conurbation,Curved,Painted double centre lines,,,Nil,Sealed,Dry,Fine,Daylight,Nil,No traffic controls,80 km/h,Local,20,Head on,201,Opp - Head on,,Head-on,Motorcycle,Motorcycle,2,0,1,0,0,8,August,Winter,Thursday,12:00 - 13:59,Midday / afternoon,False,False,True,True
1361012,Injury,Moderate Injury,2024,2024,June,Tuesday,18:00 - 19:59,KAMILAROI,HWY,5000,West,LODER,ST,QUIRINDI,29.0,No,Not a school zone,2-way undivided,-31.498342,150.643915,Liverpool Plains,Country non-urban,Rest of NSW - Rural,Straight,,,,Nil,Sealed,Dry,Fine,Darkness,Nil,No traffic controls,100 km/h,State,20,Head on,201,Opp - Head on,,Head-on,Car (sedan/hatch),Light truck utility(from 2018),2,0,0,1,0,6,June,Winter,Tuesday,18:00 - 19:59,PM peak / evening commute,True,False,True,True
1361014,Injury,Serious Injury,2024,2024,July,Saturday,18:00 - 19:59,CLYDEBANK,RD,0,Right on the spot,OAKWOOD,RD,BALMORAL,,No,Not a school zone,X-intersection,-33.043174,151.583845,Lake Macquarie,Newcastle met. area,Syd-Newc-Woll Gtr conurbation,Straight,Steep grade,,,On,Sealed,Wet,Raining,Darkness,Nil,Stop sign,50 km/h,Local,10,Cross traffic,101,Adj - Cross traffic,,Right angle,Light truck utility(from 2018),4 wheel drive / SUV,2,0,1,0,1,7,July,Winter,Saturday,18:00 - 19:59,PM peak / evening commute,True,False,True,True
1361016,Injury,Moderate Injury,2024,2024,August,Tuesday,08:00 - 09:59,PIPER,DR,125,North,CONVAIR,AVE,BALLINA,,No,Not a school zone,2-way undivided,-28.843053,153.554203,Ballina,Country urban,Rest of NSW - Urban,Straight,Foot/cycle path/nature strip,,,Off,Sealed,Dry,Fine,Daylight,Nil,No traffic controls,50 km/h,Local,6,Ped on footpath,8,Ped - On footway/median,,Vehicle - Pedestrian,Light truck utility(from 2018),Pedestrian,2,0,0,1,0,8,August,Winter,Tuesday,08:00 - 09:59,AM peak / school commute,True,False,True,True
1361017,Injury,Moderate Injury,2024,2024,August,Sunday,14:00 - 15:59,LANE COVE,RD,0,Right on the spot,QUARRY,RD,RYDE,162.0,No,Not a school zone,X-intersection,-33.803923,151.113423,Ryde,Sydney metro. area,Syd-Newc-Woll Gtr conurbation,Curved,,,,Off,Sealed,Dry,Fine,Daylight,On,No right turn,70 km/h,State,21,Right through,202,Opp - Right-thru,,Other angle,Car (sedan/hatch),Car (sedan/hatch),2,0,0,1,0,8,August,Winter,Sunday,14:00 - 15:59,Midday / afternoon,False,False,True,True
1361021,Injury,Moderate Injury,2024,2024,August,Tuesday,08:00 - 09:59,ANZAC,PDE,0,Right on the spot,FRANKLIN,ST,CHIFLEY,2074.0,Yes,No,T-junction,-33.963484,151.2459,Randwick,Sydney metro. area,Syd-Newc-Woll Gtr conurbation,Straight,,,,Nil,Sealed,Dry,Fine,Daylight,Nil,Stop sign,60 km/h,Regional,10,Cross traffic,101,Adj - Cross traffic,,Right angle,Car (sedan/hatch),Pedal cycle,2,0,0,1,0,8,August,Winter,Tuesday,08:00 - 09:59,AM peak / school commute,True,False,True,True
1361023,Injury,Moderate Injury,2024,2024,July,Saturday,10:00 - 11:59,MOWBRAY,RD,50,East,BEACONSFIELD,RD,LANE COVE NORTH,2092.0,No,Not a school zone,2-way undivided,-33.806682,151.174183,Lane Cove,Sydney metro. area,Syd-Newc-Woll Gtr conurbation,Straight,,,,Nil,Sealed,Dry,Fine,Daylight,Nil,No traffic controls,50 km/h,Regional,30,Rear end,301,Same - Rear end,,Rear end,Large rigid,Light truck,4,0,0,1,1,7,July,Winter,Saturday,10:00 - 11:59,Midday / afternoon,False,False,True,True
1361024,Injury,Minor/Other Injury,2024,2024,August,Monday,18:00 - 19:59,THOMPSON,ST,55,East,VICTORIA,ST,DUBBO,7525.0,No,Not a school zone,Divided road,-32.24201,148.587111,Dubbo Regional,Country urban,Rest of NSW - Urban,Straight,Foot/cycle path/nature strip,,,On,Sealed,Dry,Fine,Darkness,Nil,No traffic controls,60 km/h,Regional,48,From footpath,408,Manov - From footway,,Other angle,Pedal cycle,Car (sedan/hatch),2,0,0,0,1,8,August,Winter,Monday,18:00 - 19:59,PM peak / evening commute,True,False,True,True
1361026,Injury,Moderate Injury,2024,2024,August,Sunday,10:00 - 11:59,KILLINGWORTH,RD,0,Right on the spot,NEWCASTLE SUBSTATION,ENT,KILLINGWORTH,,No,Not a school zone,2-way undivided,-32.927851,151.559207,Lake Macquarie,Newcastle met. area,Syd-Newc-Woll Gtr conurbation,Straight,Driveway/entrance,,,Nil,Unsealed,Dry,Fine,Daylight,Nil,No traffic controls,70 km/h,Local,74,On road-out of cont.,705,Out of control on cway,,Rollover,Motorcycle,,1,0,0,1,0,8,August,Winter,Sunday,10:00 - 11:59,Midday / afternoon,False,False,True,True
1361029,Injury,Moderate Injury,2024,2024,August,Friday,10:00 - 11:59,PACIFIC,DR,0,Right on the spot,TUPPENNY,RD,PORT MACQUARIE,,No,Not a school zone,T-junction,-31.44103,152.924688,Port Macquarie-Hastings,Country urban,Rest of NSW - Urban,Curved,Steep grade,,,Off,Sealed,Dry,Fine,Daylight,Nil,No traffic controls,50 km/h,Local,21,Right through,202,Opp - Right-thru,,Other angle,4 wheel drive / SUV,Car (sedan/hatch),2,0,0,1,0,8,August,Winter,Friday,10:00 - 11:59,Midday / afternoon,False,False,True,True
1361031,Injury,Serious Injury,2024,2024,August,Tuesday,06:00 - 07:59,MAMRE,RD,0,Right on the spot,KERRS,RD,MOUNT VERNON,536.0,No,Not a school zone,T-junction,-33.868559,150.796411,Penrith,Sydney metro. area,Syd-Newc-Woll Gtr conurbation,Curved,,,,Off,Sealed,Dry,Fine,Darkness,Nil,No traffic controls,80 km/h,State,50,Head on (overtake),501,Ovtak - Head on,,Head-on,Unknown motor vehicle,Light truck,2,0,1,0,0,8,August,Winter,Tuesday,06:00 - 07:59,AM peak / school commute,True,False,True,True