crash_id,degree_of_crash,degree_of_crash_-_detailed,reporting_year,year_of_crash,month_of_crash,day_of_week_of_crash,two-hour_intervals,street_of_crash,street_type,distance,direction,identifying_feature,identifying_feature_type,town,route_no.,school_zone_location,school_zone_active,type_of_location,latitude,longitude,lga,urbanisation,conurbation_1,alignment,primary_permanent_feature,primary_temporary_feature,primary_hazardous_feature,street_lighting,road_surface,surface_condition,weather,natural_lighting,signals_operation,other_traffic_control,speed_limit,road_classification_(admin),rum_-_code,rum_-_description,dca_-_code,dca_-_description,dca_supplement,first_impact_type,key_tu_type,other_tu_type,no._of_traffic_units_involved,no._killed,no._seriously_injured,no._moderately_injured,no._minor-other_injured,month_num,month_label,season,day_label,time_label,time_band,is_peak_commute,is_fatal,is_injury,is_casualty
1361033,Injury,Moderate Injury,2024,2024,August,Thursday,16:00 - 17:59,MAIN,ST,30,West,JAMES,ST,LITHGOW,516.0,No,Not a school zone,2-way undivided,-33.482779,150.151584,Lithgow,Country urban,Rest of NSW - Urban,Straight,,,,Nil,Sealed,Dry,Fine,Daylight,Nil,Ped crossing,50 km/h,State,0,Ped nearside,1,Ped - Near side,,Vehicle - Pedestrian,Light truck utility(from 2018),Pedestrian,2,0,0,1,0,8,August,Winter,Thursday,16:00 - 17:59,PM peak / evening commute,True,False,True,True
1361034,Injury,Moderate Injury,2024,2024,August,Friday,08:00 - 09:59,CROYDON,RD,0,Right on the spot,QUEEN,ST,CROYDON,,No,Not a school zone,Roundabout,-33.877557,151.121984,Inner West,Sydney metro. area,Syd-Newc-Woll Gtr conurbation,Straight,,,,Nil,Sealed,Dry,Fine,Daylight,Nil,Give way sign,50 km/h,Local,21,Right through,202,Opp - Right-thru,,Other angle,Pedal cycle,4 wheel drive / SUV,2,0,0,1,0,8,August,Winter,Friday,08:00 - 09:59,AM peak / school commute,True,False,True,True
1361039,Injury,Minor/Other Injury,2024,2024,August,Saturday,10:00 - 11:59,LAWSON,ST,25,West,JONSON,ST,BYRON BAY,,No,Not a school zone,2-way undivided,-28.642076,153.612044,Byron,Country urban,Rest of NSW - Urban,Straight,Pedestrian refuge,,,Off,Sealed,Dry,Fine,Daylight,Nil,No traffic controls,50 km/h,Local,2,Ped far side,3,Ped - Far side,,Vehicle - Pedestrian,4 wheel drive / SUV,Pedestrian,2,0,0,0,1,8,August,Winter,Saturday,10:00 - 11:59,Midday / afternoon,False,False,True,True
1361040,Injury,Serious Injury,2024,2024,August,Friday,20:00 - 21:59,JOADJA,RD,20,South,LIVERPOOL CATHOLIC CLUB,ENT,PRESTONS,670.0,No,Not a school zone,2-way undivided,-33.930054,150.873009,Liverpool,Sydney metro. area,Syd-Newc-Woll Gtr conurbation,Straight,Driveway/entrance,,,On,Unsealed,Wet,Raining,Darkness,On,No traffic controls,50 km/h,State,21,Right through,202,Opp - Right-thru,,Other angle,Light truck utility(from 2018),Car (sedan/hatch),2,0,1,0,1,8,August,Winter,Friday,20:00 - 21:59,Evening / night,False,False,True,True
1361045,Injury,Serious Injury,2024,2024,August,Wednesday,18:00 - 19:59,GUILDFORD,RD,0,Right on the spot,TAMPLIN,RD,GUILDFORD,,No,Not a school zone,T-junction,-33.851677,150.974416,Cumberland,Sydney metro. area,Syd-Newc-Woll Gtr conurbation,Straight,,,,Nil,Sealed,Wet,Fine,Darkness,Nil,No traffic controls,50 km/h,Local,88,Out of cont on bend,707,Right turn,,Rollover,Motorcycle,,1,0,1,0,0,8,August,Winter,Wednesday,18:00 - 19:59,PM peak / evening commute,True,False,True,True
1361048,Injury,Moderate Injury,2024,2024,August,Wednesday,10:00 - 11:59,GLEBE,RD,0,Right on the spot,PARK,AVE,ADAMSTOWN,188.0,No,Not a school zone,X-intersection,-32.933495,151.720901,Newcastle,Newcastle met. area,Syd-Newc-Woll Gtr conurbation,Straight,,,,Off,Sealed,Wet,Raining,Daylight,Nil,Stop sign,60 km/h,Regional,13,Right near,104,Adj - Right-thru from right,,Right angle,4 wheel drive / SUV,Car (sedan/hatch),2,0,0,2,0,8,August,Winter,Wednesday,10:00 - 11:59,Midday / afternoon,False,False,True,True
1361050,Injury,Moderate Injury,2024,2024,July,Friday,16:00 - 17:59,OXLEY,HWY,35,South,BARBER,ST,GUNNEDAH,11.0,No,Not a school zone,2-way undivided,-30.981235,150.254739,Gunnedah,Country urban,Rest of NSW - Urban,Straight,Driveway/entrance,,,Nil,Sealed,Dry,Fine,Dusk,Nil,No traffic controls,50 km/h,State,47,Emerging from drive,406,Manov - Emerging from driveway,,Right angle,Light truck utility(from 2018),Pedal cycle,2,0,0,1,0,7,July,Winter,Friday,16:00 - 17:59,PM peak / evening commute,True,False,True,True
1361054,Injury,Moderate Injury,2024,2024,August,Thursday,08:00 - 09:59,CARBINE,ST,0,Right on the spot,ENFIELD,AVE,LITHGOW,,No,Not a school zone,X-intersection,-33.484347,150.137956,Lithgow,Country urban,Rest of NSW - Urban,Straight,,,,Off,Sealed,Dry,Fine,Daylight,Nil,Give way sign,50 km/h,Local,13,Right near,104,Adj - Right-thru from right,,Right angle,Car (sedan/hatch),Car (sedan/hatch),2,0,0,2,0,8,August,Winter,Thursday,08:00 - 09:59,AM peak / school commute,True,False,True,True
1361056,Injury,Serious Injury,2024,2024,August,Friday,12:00 - 13:59,CLARENCE TOWN,RD,0,Right on the spot,NUMBER 3931,HN,BROOKFIELD,301.0,No,Not a school zone,2-way undivided,-32.492923,151.761997,Dungog,Country non-urban,Rest of NSW - Rural,Curved,Driveway/entrance,,,Off,Sealed,Dry,Fine,Daylight,Nil,No traffic controls,100 km/h,Regional,21,Right through,202,Opp - Right-thru,,Other angle,Station wagon,Motorcycle,2,0,2,0,0,8,August,Winter,Friday,12:00 - 13:59,Midday / afternoon,False,False,True,True
1361057,Injury,Serious Injury,2024,2024,August,Monday,16:00 - 17:59,FOYLE,ST,70,West,MICHAEL,ST,BLACKALLS PARK,,No,Not a school zone,2-way undivided,-33.001051,151.576229,Lake Macquarie,Newcastle met. area,Syd-Newc-Woll Gtr conurbation,Curved,Steep grade,,,Nil,Sealed,Wet,Raining,Daylight,Nil,No traffic controls,50 km/h,Local,88,Out of cont on bend,805,Out of control on bend,,Rollover,Motorcycle,,1,0,1,0,0,8,August,Winter,Monday,16:00 - 17:59,PM peak / evening commute,True,False,True,True
1361058,Injury,Serious Injury,2024,2024,August,Wednesday,08:00 - 09:59,PIKKAT,DR,300,North,TYREE,PL,BRAEMAR,,No,Not a school zone,2-way undivided,-34.425972,150.4914,Wingecarribee,Country urban,Rest of NSW - Urban,Curved,,,,Nil,Sealed,Dry,Fine,Daylight,Nil,No traffic controls,50 km/h,Local,81,Off left/rt bnd=>obj,803,Off right bend into obj,Left,Vehicle - Object,Light truck utility(from 2018),,1,0,1,0,0,8,August,Winter,Wednesday,08:00 - 09:59,AM peak / school commute,True,False,True,True
1361059,Injury,Serious Injury,2024,2024,August,Monday,12:00 - 13:59,ARTHUR,ST,0,Right on the spot,QUEEN,ST,ASHFIELD,,No,Not a school zone,Roundabout,-33.892007,151.127907,Inner West,Sydney metro. area,Syd-Newc-Woll Gtr conurbation,Straight,Steep grade,,,Nil,Sealed,Wet,Raining,Daylight,Nil,Give way sign,50 km/h,Local,10,Cross traffic,101,Adj - Cross traffic,,Right angle,Motorised push scooters,4 wheel drive / SUV,2,0,1,0,0,8,August,Winter,Monday,12:00 - 13:59,Midday / afternoon,False,False,True,True
1361060,Injury,Serious Injury,2024,2024,August,Saturday,08:00 - 09:59,RAILWAY,TCE,18,South,GUILDFORD,RD,GUILDFORD,7106.0,No,Not a school zone,2-way undivided,-33.854009,150.985031,Cumberland,Sydney metro. area,Syd-Newc-Woll Gtr conurbation,Straight,,,,Off,Sealed,Dry,Fine,Daylight,Nil,Ped crossing,40 km/h,Regional,48,From footpath,408,Manov - From footway,,Other angle,Pedal cycle,Car (sedan/hatch),2,0,1,0,0,8,August,Winter,Saturday,08:00 - 09:59,AM peak / school commute,True,False,True,True
1361063,Injury,Serious Injury,2024,2024,August,Thursday,14:00 - 15:59,JOYCE,ST,0,Right on the spot,PENDLE,WAY,PENDLE HILL,,No,Not a school zone,L-junction,-33.801486,150.955875,Cumberland,Sydney metro. area,Syd-Newc-Woll Gtr conurbation,Curved,,,,Off,Sealed,Unknown,Unknown,Daylight,Nil,Ped crossing,50 km/h,Local,0,Ped nearside,1,Ped - Near side,,Vehicle - Pedestrian,Car (sedan/hatch),Pedestrian,2,0,1,0,0,8,August,Winter,Thursday,14:00 - 15:59,Midday / afternoon,False,False,True,True
1361066,Injury,Moderate Injury,2024,2024,August,Saturday,08:00 - 09:59,BLACKTOWN,RD,0,Right on the spot,BARONTA,ST,BLACKTOWN,642.0,No,Not a school zone,T-junction,-33.775282,150.918702,Blacktown,Sydney metro. area,Syd-Newc-Woll Gtr conurbation,Straight,,,,Off,Sealed,Dry,Fine,Daylight,Nil,No traffic controls,60 km/h,State,13,Right near,104,Adj - Right-thru from right,,Right angle,Car (sedan/hatch),Car (sedan/hatch),2,0,0,1,0,8,August,Winter,Saturday,08:00 - 09:59,AM peak / school commute,True,False,True,True
1361068,Injury,Minor/Other Injury,2024,2024,August,Saturday,14:00 - 15:59,UPPER WILSONS CREEK,RD,790,North,HUONBROOK,RD,WILSONS CREEK,,No,Not a school zone,2-way undivided,-28.55132,153.390139,Byron,Country urban,Rest of NSW - Urban,Curved,Causeway,,,Nil,Sealed,Dry,Fine,Daylight,Nil,No traffic controls,50 km/h,Local,86,Off left/left bend,802,Off cway left bend,Left,Rollover,Motorcycle,,1,0,0,0,1,8,August,Winter,Saturday,14:00 - 15:59,Midday / afternoon,False,False,True,True
1361069,Injury,Serious Injury,2024,2024,June,Sunday,14:00 - 15:59,VALLEY,DR,150,West,TERRIE,AVE,FIGTREE,,No,Not a school zone,2-way undivided,-34.41716,150.850844,Wollongong,Wollongong met. area,Syd-Newc-Woll Gtr conurbation,Curved,Crest,,,Off,Sealed,Dry,Fine,Daylight,Nil,No traffic controls,50 km/h,Local,4,Ped walk with,5,Ped - Walking with traffic,,Vehicle - Pedestrian,Car (sedan/hatch),Pedestrian,2,0,1,0,0,6,June,Winter,Sunday,14:00 - 15:59,Midday / afternoon,False,False,True,True
1361071,Injury,Moderate Injury,2024,2024,August,Sunday,16:00 - 17:59,THE CUT LINE,MS,85000,East,TIBOOBURRA,TN,TIBOOBURRA,405.0,No,Not a school zone,2-way undivided,-29.778794,142.654505,Unincorporated,Country non-urban,Rest of NSW - Rural,Curved,,,,Nil,Unsealed,Dry,Fine,Daylight,Nil,No traffic controls,100 km/h,Regional,80,Off left/right bend,801,Off cway right bend,Left,Rollover,Motorcycle,,1,0,0,1,0,8,August,Winter,Sunday,16:00 - 17:59,PM peak / evening commute,True,False,True,True
1361072,Injury,Serious Injury,2024,2024,August,Saturday,12:00 - 13:59,DEEP CREEK,RD,0,Right on the spot,DEEP CREEK,BDGE,VALLA,,No,Not a school zone,2-way undivided,-30.597477,152.981963,Nambucca Valley,Country urban,Rest of NSW - Urban,Straight,Narrow/1-lane bridge,,,Nil,Sealed,Dry,Fine,Daylight,Nil,Give way sign,50 km/h,Local,20,Head on,201,Opp - Head on,,Head-on,4 wheel drive / SUV,Motorcycle,2,0,1,0,0,8,August,Winter,Saturday,12:00 - 13:59,Midday / afternoon,False,False,True,True
1361073,Injury,Serious Injury,2024,2024,August,Wednesday,08:00 - 09:59,OXLEY,HWY,1000,West,JOHN OXLEY,DR,PORT MACQUARIE,11.0,No,Not a school zone,Divided road,-31.456389,152.866301,Port Macquarie-Hastings,Country non-urban,Rest of NSW - Rural,Straight,,,,Nil,Sealed,Dry,Fine,Daylight,Nil,No traffic controls,100 km/h,State,30,Rear end,301,Same - Rear end,,Rear end,4 wheel drive / SUV,Station wagon,3,0,2,0,0,8,August,Winter,Wednesday,08:00 - 09:59,AM peak / school commute,True,False,True,True
1361075,Injury,Moderate Injury,2024,2024,August,Friday,16:00 - 17:59,BAILLIE,ST,0,Right on the spot,HAVANNAH,ST,BATHURST,,No,Not a school zone,T-junction,-33.419513,149.590245,Bathurst Regional,Country urban,Rest of NSW - Urban,Straight,,,,Off,Sealed,Dry,Fine,Dusk,Nil,No traffic controls,60 km/h,Local,32,Right rear,303,Same - Rear right,,Rear end,Car (sedan/hatch),Car (sedan/hatch),2,0,0,1,0,8,August,Winter,Friday,16:00 - 17:59,PM peak / evening commute,True,False,True,True
1361079,Injury,Moderate Injury,2024,2024,August,Monday,10:00 - 11:59,HOLLINGWORTH,ST,60,South,GORDON,ST,PORT MACQUARIE,,No,Not a school zone,2-way undivided,-31.435269,152.905099,Port Macquarie-Hastings,Country urban,Rest of NSW - Urban,Straight,Driveway/entrance,,,Nil,Sealed,Dry,Fine,Daylight,Nil,No traffic controls,50 km/h,Local,47,Emerging from drive,406,Manov - Emerging from driveway,,Right angle,Light truck utility(from 2018),Motorised scooter (mob. aid),2,0,0,1,0,8,August,Winter,Monday,10:00 - 11:59,Midday / afternoon,False,False,True,True
1361083,Injury,Serious Injury,2024,2024,July,Friday,08:00 - 09:59,GRANT,ST,0,Right on the spot,TAMAR,ST,BALLINA,,No,Not a school zone,Roundabout,-28.868028,153.55758,Ballina,Country urban,Rest of NSW - Urban,Straight,,,,Nil,Sealed,Dry,Fine,Daylight,Nil,Give way sign,50 km/h,Local,10,Cross traffic,101,Adj - Cross traffic,,Right angle,Unknown motor vehicle,Pedal cycle,2,0,1,0,0,7,July,Winter,Friday,08:00 - 09:59,AM peak / school commute,True,False,True,True
1361084,Injury,Moderate Injury,2024,2024,July,Saturday,00:01 - 01:59,ROBERTS,RD,0,Right on the spot,JUNO,PDE,GREENACRE,200.0,No,Not a school zone,X-intersection,-33.907784,151.064269,Canterbury-Bankstown,Sydney metro. area,Syd-Newc-Woll Gtr conurbation,Curved,,,,On,Sealed,Dry,Fine,Darkness,On,No traffic controls,70 km/h,State,13,Right near,104,Adj - Right-thru from right,,Right angle,Semi-trailer,Car (sedan/hatch),2,0,0,1,0,7,July,Winter,Saturday,00:01 - 01:59,Late night / early morning,False,False,True,True
1361085,Injury,Serious Injury,2024,2024,August,Thursday,12:00 - 13:59,GIBSON,AVE,100,South,MORO,AVE,PADSTOW,7122.0,No,Not a school zone,2-way undivided,-33.946896,151.028936,Canterbury-Bankstown,Sydney metro. area,Syd-Newc-Woll Gtr conurbation,Straight,,,,Off,Sealed,Dry,Fine,Daylight,Nil,No traffic controls,60 km/h,Regional,42,Leaving parking,401,Manov - Leaving parking,,Other angle,Car (sedan/hatch),Motorcycle,2,0,1,1,0,8,August,Winter,Thursday,12:00 - 13:59,Midday / afternoon,False,False,True,True
1361086,Injury,Moderate Injury,2024,2024,August,Wednesday,08:00 - 09:59,STURT,HWY,550,West,MUNDARLO,RD,BORAMBOLA,14.0,No,Not a school zone,2-way undivided,-35.19076,147.747309,Wagga Wagga,Country non-urban,Rest of NSW - Rural,Straight,Painted double centre lines,,,Off,Sealed,Dry,Fine,Daylight,Nil,No traffic controls,100 km/h,State,20,Head on,201,Opp - Head on,,Head-on,4 wheel drive / SUV,Semi-trailer,2,0,0,1,0,8,August,Winter,Wednesday,08:00 - 09:59,AM peak / school commute,True,False,True,True
1361089,Injury,Minor/Other Injury,2024,2024,August,Wednesday,20:00 - 21:59,VICTORIA,RD,25,East,MIROOL,ST,WEST RYDE,165.0,No,Not a school zone,Divided road,-33.805882,151.078109,Ryde,Sydney metro. area,Syd-Newc-Woll Gtr conurbation,Straight,Crest,,,On,Sealed,Dry,Fine,Darkness,Nil,No traffic controls,70 km/h,State,71,Off rd left => obj,703,Left off cway into object,,Vehicle - Object,Car (sedan/hatch),,1,0,0,0,1,8,August,Winter,Wednesday,20:00 - 21:59,Evening / night,False,False,True,True
1361091,Injury,Moderate Injury,2024,2024,May,Saturday,16:00 - 17:59,FULLERS,RD,0,Right on the spot,RANGE,ST,CHATSWOOD,191.0,No,Not a school zone,Y-junction,-33.796253,151.167338,Willoughby,Sydney metro. area,Syd-Newc-Woll Gtr conurbation,Curved,,,,On,Sealed,Wet,Raining,Darkness,Nil,Stop sign,50 km/h,State,21,Right through,202,Opp - Right-thru,,Other angle,Station wagon,Car (sedan/hatch),2,0,0,1,0,5,May,Autumn,Saturday,16:00 - 17:59,PM peak / evening commute,True,False,True,True
1361092,Injury,Serious Injury,2024,2024,July,Thursday,10:00 - 11:59,WOODBURN,RD,1300,North,MYALL CREEK,RD,CORAKI,145.0,No,Not a school zone,2-way undivided,-29.016673,153.267702,Richmond Valley,Country non-urban,Rest of NSW - Rural,Straight,Ditch/drain/culvert,,,Nil,Sealed,Dry,Fine,Daylight,Nil,No traffic controls,100 km/h,Regional,73,Off rd rght => obj,704,Right off cway into obj,,Vehicle - Object,Utility,,1,0,1,0,0,7,July,Winter,Thursday,10:00 - 11:59,Midday / afternoon,False,False,True,True
1361094,Injury,Moderate Injury,2024,2024,August,Wednesday,18:00 - 19:59,DARLINGTON,DR,0,Right on the spot,NUMBER 155,HN,BANORA POINT,,No,Not a school zone,2-way undivided,-28.222299,153.54085,Tweed,Country urban,Rest of NSW - Urban,Straight,Steep grade,,,Nil,Sealed,Dry,Fine,Darkness,Nil,No traffic controls,50 km/h,Local,20,Head on,201,Opp - Head on,,Head-on,Car (sedan/hatch),Car (sedan/hatch),2,0,0,1,0,8,August,Winter,Wednesday,18:00 - 19:59,PM peak / evening commute,True,False,True,True
1361095,Injury,Serious Injury,2024,2024,August,Wednesday,18:00 - 19:59,DARLINGTON,DR,0,Right on the spot,NUMBER 155,HN,BANORA POINT,,No,Not a school zone,2-way undivided,-28.22225,153.540838,Tweed,Country urban,Rest of NSW - Urban,Straight,Steep grade,,,Nil,Sealed,Dry,Fine,Darkness,Nil,No traffic controls,50 km/h,Local,71,Off rd left => obj,703,Left off cway into object,,Other angle,Motorcycle,Light truck,2,0,1,0,1,8,August,Winter,Wednesday,18:00 - 19:59,PM peak / evening commute,True,False,True,True
1361096,Injury,Moderate Injury,2024,2024,July,Wednesday,18:00 - 19:59,EDGEWARE,RD,0,Right on the spot,WELLS,ST,NEWTOWN,7017.0,Yes,No,T-junction,-33.907143,151.174368,Inner West,Sydney metro. area,Syd-Newc-Woll Gtr conurbation,Straight,Painted double centre lines,,,On,Sealed,Dry,Fine,Darkness,Nil,No traffic controls,50 km/h,Regional,74,On road-out of cont.,705,Out of control on cway,,Rollover,Motor scooter,,1,0,0,1,0,7,July,Winter,Wednesday,18:00 - 19:59,PM peak / evening commute,True,False,True,True
1361100,Injury,Moderate Injury,2024,2024,May,Sunday,16:00 - 17:59,NEWCASTLE,EXP,1000,North,PACIFIC HIGHWAY,OP,COWAN,6003.0,No,Not a school zone,Dual freeway,-33.550192,151.193951,Hornsby,Sydney metro. area,Syd-Newc-Woll Gtr conurbation,Straight,,,,On,Sealed,Dry,Fine,Dusk,Nil,No traffic controls,110 km/h,State,33,Lane sideswipe,305,Same - Lane side swipe,,Other angle,Motorcycle,Motorcycle,2,0,0,2,0,5,May,Autumn,Sunday,16:00 - 17:59,PM peak / evening commute,True,False,True,True
1361102,Injury,Minor/Other Injury,2024,2024,August,Wednesday,22:00 - Midnight,FIVE ISLANDS,RD,0,Right on the spot,KING,ST,PORT KEMBLA,295.0,No,Not a school zone,X-intersection,-34.47829,150.886745,Wollongong,Wollongong met. area,Syd-Newc-Woll Gtr conurbation,Straight,,,,On,Sealed,Wet,Fine,Darkness,On,No traffic controls,60 km/h,State,10,Cross traffic,101,Adj - Cross traffic,,Right angle,Car (sedan/hatch),4 wheel drive / SUV,2,0,0,0,1,8,August,Winter,Wednesday,22:00 - Midnight,Evening / night,False,False,True,True
1361103,Injury,Serious Injury,2024,2024,July,Saturday,14:00 - 15:59,PRINCES,HWY,10,North,MIALL,WAY,ALBION PARK RAIL,1.0,No,Not a school zone,T-junction,-34.549756,150.785927,Shellharbour,Wollongong met. area,Syd-Newc-Woll Gtr conurbation,Straight,Climb/merge lane,,,Nil,Sealed,Dry,Fine,Daylight,Nil,Stop sign,70 km/h,State,30,Rear end,301,Same - Rear end,,Rear end,Motorcycle,Car (sedan/hatch),2,0,1,0,0,7,July,Winter,Saturday,14:00 - 15:59,Midday / afternoon,False,False,True,True
1361106,Injury,Serious Injury,2024,2024,August,Sunday,12:00 - 13:59,WYRALLAH,RD,0,Right on the spot,NUMBER 243,HN,EAST LISMORE,7742.0,Yes,No,2-way undivided,-28.830376,153.292262,Lismore,Country urban,Rest of NSW - Urban,Straight,Driveway/entrance,,,Off,Sealed,Dry,Fine,Daylight,Nil,No traffic controls,50 km/h,Regional,21,Right through,202,Opp - Right-thru,,Other angle,4 wheel drive / SUV,Motorcycle,2,0,1,0,0,8,August,Winter,Sunday,12:00 - 13:59,Midday / afternoon,False,False,True,True
1361108,Injury,Moderate Injury,2024,2024,July,Sunday,18:00 - 19:59,CHURCH,ST,0,Right on the spot,JUNCTION,ST,RYDE,200.0,No,Not a school zone,T-junction,-33.819373,151.099798,Ryde,Sydney metro. area,Syd-Newc-Woll Gtr conurbation,Straight,Painted double centre lines,,,On,Sealed,Dry,Fine,Darkness,On,No traffic controls,70 km/h,State,12,Left far,103,Adj - Left-thru from left,,Right angle,Car (sedan/hatch),Motorcycle,3,0,0,1,0,7,July,Winter,Sunday,18:00 - 19:59,PM peak / evening commute,True,False,True,True
1361109,Injury,Moderate Injury,2024,2024,August,Tuesday,16:00 - 17:59,TWEED VALLEY,WAY,0,Right on the spot,RIVERSIDE,DR,TUMBULGUM,679.0,No,Not a school zone,T-junction,-28.272702,153.467935,Tweed,Country urban,Rest of NSW - Urban,Curved,,,,On,Sealed,Wet,Raining,Dusk,On,Give way sign,80 km/h,Regional,21,Right through,202,Opp - Right-thru,,Other angle,Car (sedan/hatch),Light truck utility(from 2018),4,0,0,1,0,8,August,Winter,Tuesday,16:00 - 17:59,PM peak / evening commute,True,False,True,True
1361114,Injury,Moderate Injury,2024,2024,August,Sunday,14:00 - 15:59,RIVER,ST,10,East,MOON,ST,BALLINA,,No,Not a school zone,Roundabout,-28.870015,153.559346,Ballina,Country urban,Rest of NSW - Urban,Straight,,,,Nil,Sealed,Wet,Raining,Daylight,Nil,Give way sign,40 km/h,Local,71,Off rd left => obj,703,Left off cway into object,,Vehicle - Object,Car (sedan/hatch),,1,0,0,1,0,8,August,Winter,Sunday,14:00 - 15:59,Midday / afternoon,False,False,True,True
1361115,Injury,Serious Injury,2024,2024,August,Friday,10:00 - 11:59,GREAT WESTERN,HWY,0,Right on the spot,BRINGELLY,RD,KINGSWOOD,5.0,No,Not a school zone,T-junction,-33.758879,150.720697,Penrith,Sydney metro. area,Syd-Newc-Woll Gtr conurbation,Straight,,,,Off,Sealed,Dry,Fine,Daylight,On,No traffic controls,60 km/h,State,21,Right through,202,Opp - Right-thru,,Other angle,Car (sedan/hatch),4 wheel drive / SUV,2,0,1,1,0,8,August,Winter,Friday,10:00 - 11:59,Midday / afternoon,False,False,True,True
1361120,Injury,Minor/Other Injury,2024,2024,August,Sunday,14:00 - 15:59,GREAT WESTERN,HWY,300,East,HAMMENT,PL,GLENBROOK,5.0,No,Not a school zone,2-way undivided,-33.764859,150.625847,Blue Mountains,Country urban,Syd-Newc-Woll Gtr conurbation,Straight,,,,Off,Sealed,Dry,Fine,Daylight,Nil,No traffic controls,80 km/h,State,30,Rear end,301,Same - Rear end,,Rear end,Light truck,Car (sedan/hatch),2,0,0,0,1,8,August,Winter,Sunday,14:00 - 15:59,Midday / afternoon,False,False,True,True
1361122,Injury,Serious Injury,2024,2024,August,Saturday,16:00 - 17:59,NEW CANTERBURY,RD,0,Right on the spot,AUDLEY,ST,PETERSHAM,167.0,No,Not a school zone,X-intersection,-33.896228,151.154137,Inner West,Sydney metro. area,Syd-Newc-Woll Gtr conurbation,Straight,,,,Off,Sealed,Dry,Fine,Daylight,On,Ped crossing,60 km/h,State,0,Ped nearside,1,Ped - Near side,,Vehicle - Pedestrian,Car (sedan/hatch),Pedestrian,2,0,1,0,0,8,August,Winter,Saturday,16:00 - 17:59,PM peak / evening commute,True,False,True,True
1361125,Injury,Moderate Injury,2024,2024,August,Tuesday,20:00 - 21:59,HUME,HWY,0,Right on the spot,WILSON,DR,COLO VALE,2.0,No,Not a school zone,Roundabout,-34.404493,150.505509,Wingecarribee,Country urban,Rest of NSW - Urban,Curved,Crest,,,On,Sealed,Dry,Fine,Darkness,Nil,Give way sign,60 km/h,State,81,Off left/rt bnd=>obj,803,Off right bend into obj,Left,Vehicle - Object,Car (sedan/hatch),,1,0,0,1,0,8,August,Winter,Tuesday,20:00 - 21:59,Evening / night,False,False,True,True
1361126,Injury,Moderate Injury,2024,2024,August,Monday,22:00 - Midnight,BODALLA,ST,0,Right on the spot,MAUD,ST,FAIRFIELD WEST,,No,Not a school zone,T-junction,-33.861962,150.933514,Fairfield,Sydney metro. area,Syd-Newc-Woll Gtr conurbation,Straight,,,,On,Sealed,Dry,Fine,Darkness,Nil,No traffic controls,50 km/h,Local,10,Cross traffic,101,Adj - Cross traffic,,Right angle,Car (sedan/hatch),4 wheel drive / SUV,2,0,0,1,0,8,August,Winter,Monday,22:00 - Midnight,Evening / night,False,False,True,True
1361138,Injury,Serious Injury,2024,2024,August,Tuesday,14:00 - 15:59,JUNCTION,RD,0,Right on the spot,GROSVENOR,RD,WAHROONGA,2043.0,No,Not a school zone,Roundabout,-33.70909,151.122494,Ku-ring-gai,Sydney metro. area,Syd-Newc-Woll Gtr conurbation,Straight,Crest,,,Off,Sealed,Dry,Fine,Daylight,Nil,Give way sign,60 km/h,Regional,10,Cross traffic,101,Adj - Cross traffic,,Right angle,Light truck utility(from 2018),Pedal cycle,2,0,1,0,0,8,August,Winter,Tuesday,14:00 - 15:59,Midday / afternoon,False,False,True,True
1361141,Injury,Serious Injury,2024,2024,August,Monday,16:00 - 17:59,WATERFALL,WAY,2000,East,GRAFTON,RD,EBOR,76.0,No,Not a school zone,2-way undivided,-30.414968,152.341841,Armidale Regional,Country non-urban,Rest of NSW - Rural,Curved,,,,Nil,Sealed,Wet,Raining,Daylight,Nil,No traffic controls,100 km/h,State,87,Off lft/lft bnd=>obj,804,Off left bend into obj,Left,Vehicle - Object,Car (sedan/hatch),,1,0,1,0,0,8,August,Winter,Monday,16:00 - 17:59,PM peak / evening commute,True,False,True,True
1361149,Injury,Moderate Injury,2024,2024,August,Wednesday,16:00 - 17:59,M2 HILLS,EXP,400,East,WINSOR ROAD,TO,NORTH ROCKS,6002.0,No,Not a school zone,Dual freeway,-33.766623,151.007839,Parramatta,Sydney metro. area,Syd-Newc-Woll Gtr conurbation,Straight,,,,Nil,Sealed,Dry,Fine,Daylight,Nil,No traffic controls,100 km/h,State,30,Rear end,301,Same - Rear end,,Rear end,Large rigid,Light truck,4,0,0,1,0,8,August,Winter,Wednesday,16:00 - 17:59,PM peak / evening commute,True,False,True,True
1361150,Injury,Serious Injury,2024,2024,August,Friday,12:00 - 13:59,PACIFIC,HWY,0,Right on the spot,NUMBER 92,HN,CHARLESTOWN,10.0,No,Not a school zone,Divided road,-32.971693,151.692532,Lake Macquarie,Newcastle met. area,Syd-Newc-Woll Gtr conurbation,Curved,Steep grade,,,Off,Sealed,Wet,Raining,Daylight,Nil,No traffic controls,60 km/h,State,88,Out of cont on bend,805,Out of control on bend,,Rollover,Motorcycle,,1,0,1,0,0,8,August,Winter,Friday,12:00 - 13:59,Midday / afternoon,False,False,True,True
1361151,Injury,Serious Injury,2024,2024,August,Sunday,20:00 - 21:59,LAKE ENTRANCE,RD,150,North,WATSON,ST,OAK FLATS,,No,Not a school zone,Divided road,-34.565738,150.824282,Shellharbour,Wollongong met. area,Syd-Newc-Woll Gtr conurbation,Curved,Steep grade,,,On,Sealed,Dry,Fine,Darkness,Nil,No traffic controls,50 km/h,Local,85,Off rt/lft bnd=>obj,804,Off left bend into obj,Right,Vehicle - Object,Car (sedan/hatch),,1,0,1,1,0,8,August,Winter,Sunday,20:00 - 21:59,Evening / night,False,False,True,True
1361153,Injury,Moderate Injury,2024,2024,May,Tuesday,10:00 - 11:59,UNIVERSITY,DR,0,Right on the spot,NEWCASTLE INNER CITY,BYPA,BIRMINGHAM GARDENS,605.0,No,Not a school zone,Roundabout,-32.896524,151.695256,Newcastle,Newcastle met. area,Syd-Newc-Woll Gtr conurbation,Curved,Other bridge,,,Off,Sealed,Dry,Fine,Daylight,Nil,Give way sign,60 km/h,State,24,Right/right,204,Opp - Right-right,,Other angle,Car (sedan/hatch),Motorcycle,2,0,0,1,0,5,May,Autumn,Tuesday,10:00 - 11:59,Midday / afternoon,False,False,True,True