crash_id,degree_of_crash,degree_of_crash_-_detailed,reporting_year,year_of_crash,month_of_crash,day_of_week_of_crash,two-hour_intervals,street_of_crash,street_type,distance,direction,identifying_feature,identifying_feature_type,town,route_no.,school_zone_location,school_zone_active,type_of_location,latitude,longitude,lga,urbanisation,conurbation_1,alignment,primary_permanent_feature,primary_temporary_feature,primary_hazardous_feature,street_lighting,road_surface,surface_condition,weather,natural_lighting,signals_operation,other_traffic_control,speed_limit,road_classification_(admin),rum_-_code,rum_-_description,dca_-_code,dca_-_description,dca_supplement,first_impact_type,key_tu_type,other_tu_type,no._of_traffic_units_involved,no._killed,no._seriously_injured,no._moderately_injured,no._minor-other_injured,month_num,month_label,season,day_label,time_label,time_band,is_peak_commute,is_fatal,is_injury,is_casualty
1361157,Injury,Moderate Injury,2024,2024,August,Saturday,14:00 - 15:59,JAMBEROO,RD,1180,North,CURRAMORE,RD,CURRAMORE,266.0,No,Not a school zone,2-way undivided,-34.627079,150.777431,Kiama,Country urban,Rest of NSW - Urban,Curved,Painted double centre lines,,,Nil,Sealed,Dry,Fine,Daylight,Nil,No traffic controls,60 km/h,Regional,88,Out of cont on bend,805,Out of control on bend,,Rollover,Motorcycle,,1,0,0,1,0,8,August,Winter,Saturday,14:00 - 15:59,Midday / afternoon,False,False,True,True
1361161,Injury,Moderate Injury,2024,2024,August,Thursday,20:00 - 21:59,ROSSMORE,AVE,10,North,CAMPBELL,ST,PUNCHBOWL,,Yes,No,T-junction,-33.927802,151.055443,Canterbury-Bankstown,Sydney metro. area,Syd-Newc-Woll Gtr conurbation,Straight,,,,Nil,Sealed,Dry,Fine,Darkness,Nil,No traffic controls,50 km/h,Local,71,Off rd left => obj,703,Left off cway into object,,Other angle,Light truck utility(from 2018),Car (sedan/hatch),2,0,0,1,0,8,August,Winter,Thursday,20:00 - 21:59,Evening / night,False,False,True,True
1361162,Injury,Serious Injury,2024,2024,August,Friday,18:00 - 19:59,GORDON,ST,0,Right on the spot,HOLLINGWORTH,ST,PORT MACQUARIE,7746.0,No,Not a school zone,Roundabout,-31.434704,152.905071,Port Macquarie-Hastings,Country urban,Rest of NSW - Urban,Straight,,,,On,Sealed,Dry,Fine,Darkness,Nil,Give way sign,60 km/h,Regional,10,Cross traffic,101,Adj - Cross traffic,,Right angle,Passenger van,Motorcycle,2,0,1,0,0,8,August,Winter,Friday,18:00 - 19:59,PM peak / evening commute,True,False,True,True
1361165,Injury,Serious Injury,2024,2024,August,Sunday,08:00 - 09:59,HENLEY MARINE,DR,0,Right on the spot,INGHAM,AVE,FIVE DOCK,,No,Not a school zone,T-junction,-33.872733,151.136339,Canada Bay,Sydney metro. area,Syd-Newc-Woll Gtr conurbation,Straight,,,,Off,Sealed,Dry,Fine,Daylight,Nil,Stop sign,50 km/h,Local,13,Right near,104,Adj - Right-thru from right,,Right angle,Car (sedan/hatch),Pedal cycle,2,0,1,0,0,8,August,Winter,Sunday,08:00 - 09:59,AM peak / school commute,True,False,True,True
1361167,Injury,Serious Injury,2024,2024,August,Thursday,08:00 - 09:59,CONCORD,RD,20,South,WELLBANK,ST,NORTH STRATHFIELD,668.0,No,Not a school zone,2-way undivided,-33.858589,151.092311,Canada Bay,Sydney metro. area,Syd-Newc-Woll Gtr conurbation,Straight,,,,Off,Sealed,Wet,Raining,Daylight,Nil,No traffic controls,60 km/h,State,0,Ped nearside,1,Ped - Near side,,Vehicle - Pedestrian,Car (sedan/hatch),Pedestrian,2,0,1,0,0,8,August,Winter,Thursday,08:00 - 09:59,AM peak / school commute,True,False,True,True
1361168,Injury,Serious Injury,2024,2024,August,Friday,22:00 - Midnight,MODEL FARMS,RD,0,Right on the spot,WILLMOTT,AVE,WINSTON HILLS,,No,Not a school zone,T-junction,-33.775465,150.992014,Parramatta,Sydney metro. area,Syd-Newc-Woll Gtr conurbation,Straight,,,,On,Sealed,Dry,Fine,Darkness,Nil,Stop sign,50 km/h,Local,90,Fell in/from vehicle,901,Fell in/from vehicle,,Person - Object,Car (sedan/hatch),,1,0,1,0,0,8,August,Winter,Friday,22:00 - Midnight,Evening / night,False,False,True,True
1361169,Injury,Serious Injury,2024,2024,August,Thursday,14:00 - 15:59,WARRINGAH,RD,0,Right on the spot,LAUREL,CH,FORESTVILLE,328.0,No,Not a school zone,T-junction,-33.762,151.207225,Northern Beaches,Sydney metro. area,Syd-Newc-Woll Gtr conurbation,Straight,,,,Off,Sealed,Dry,Fine,Daylight,Nil,No traffic controls,70 km/h,State,30,Rear end,301,Same - Rear end,,Rear end,Car (sedan/hatch),4 wheel drive / SUV,3,0,1,0,0,8,August,Winter,Thursday,14:00 - 15:59,Midday / afternoon,False,False,True,True
1361170,Injury,Moderate Injury,2024,2024,August,Thursday,10:00 - 11:59,BURNT BRIDGE CREEK DEVIATION,MS,0,Right on the spot,CONDAMINE,ST,BALGOWLAH,164.0,No,Not a school zone,T-junction,-33.788413,151.265775,Northern Beaches,Sydney metro. area,Syd-Newc-Woll Gtr conurbation,Curved,,,,Off,Sealed,Dry,Fine,Daylight,On,No traffic controls,60 km/h,State,21,Right through,202,Opp - Right-thru,,Other angle,Car (sedan/hatch),Motor scooter,2,0,0,1,0,8,August,Winter,Thursday,10:00 - 11:59,Midday / afternoon,False,False,True,True
1361172,Injury,Serious Injury,2024,2024,August,Friday,18:00 - 19:59,OXFORD,ST,100,West,OCEAN,ST,CENTENNIAL PARK,172.0,No,Not a school zone,Divided road,-33.890341,151.239725,Randwick,Sydney metro. area,Syd-Newc-Woll Gtr conurbation,Straight,,,,On,Sealed,Dry,Fine,Darkness,Nil,No traffic controls,60 km/h,State,30,Rear end,301,Same - Rear end,,Rear end,Motor scooter,Car (sedan/hatch),2,0,1,1,0,8,August,Winter,Friday,18:00 - 19:59,PM peak / evening commute,True,False,True,True
1361173,Injury,Serious Injury,2024,2024,August,Friday,14:00 - 15:59,BERNERA,RD,0,Right on the spot,YARRUNGA,ST,PRESTONS,7262.0,No,Not a school zone,X-intersection,-33.938474,150.868113,Liverpool,Sydney metro. area,Syd-Newc-Woll Gtr conurbation,Straight,,,,Off,Sealed,Dry,Fine,Daylight,On,No traffic controls,60 km/h,Regional,21,Right through,202,Opp - Right-thru,,Other angle,Semi-trailer,Car (sedan/hatch),2,0,1,0,0,8,August,Winter,Friday,14:00 - 15:59,Midday / afternoon,False,False,True,True
1361174,Injury,Serious Injury,2024,2024,June,Monday,06:00 - 07:59,PRINCES,HWY,0,Right on the spot,FIVE ISLANDS,RD,UNANDERRA,1.0,No,Not a school zone,T-junction,-34.449763,150.849301,Wollongong,Wollongong met. area,Syd-Newc-Woll Gtr conurbation,Straight,,,,On,Sealed,Dry,Fine,Darkness,On,No traffic controls,60 km/h,Regional,21,Right through,202,Opp - Right-thru,,Other angle,Light truck,Light truck utility(from 2018),2,0,1,0,0,6,June,Winter,Monday,06:00 - 07:59,AM peak / school commute,True,False,True,True
1361181,Injury,Minor/Other Injury,2024,2024,April,Friday,16:00 - 17:59,CARRATHOOL,RD,1000,North,MABINS WELL,RD,STEAM PLAINS,,No,Not a school zone,2-way undivided,-35.07343,145.378684,Edward River,Country non-urban,Rest of NSW - Rural,Straight,,,,Nil,Unsealed,Dry,Fine,Daylight,Nil,No traffic controls,100 km/h,Local,73,Off rd rght => obj,704,Right off cway into obj,,Vehicle - Object,Car (sedan/hatch),,1,0,0,0,1,4,April,Autumn,Friday,16:00 - 17:59,PM peak / evening commute,True,False,True,True
1361182,Injury,Minor/Other Injury,2024,2024,May,Thursday,14:00 - 15:59,GEORGE,ST,50,South,CAMPBELL,ST,LIVERPOOL,,Yes,No,2-way undivided,-33.918472,150.925702,Liverpool,Sydney metro. area,Syd-Newc-Woll Gtr conurbation,Straight,Foot/cycle path/nature strip,,,Off,Sealed,Dry,Fine,Daylight,Nil,No traffic controls,30 km/h,Local,74,On road-out of cont.,705,Out of control on cway,,Rollover,Motorised push scooters,,1,0,0,0,1,5,May,Autumn,Thursday,14:00 - 15:59,Midday / afternoon,False,False,True,True
1361183,Injury,Minor/Other Injury,2024,2024,April,Thursday,22:00 - Midnight,KABARLI,RD,10,West,MORTON,RD,LALOR PARK,,No,Not a school zone,T-junction,-33.763093,150.927683,Blacktown,Sydney metro. area,Syd-Newc-Woll Gtr conurbation,Straight,,,,Nil,Sealed,Dry,Unknown,Darkness,Nil,No traffic controls,50 km/h,Local,71,Off rd left => obj,703,Left off cway into object,,Other angle,Car (sedan/hatch),Passenger van,2,0,0,0,1,4,April,Autumn,Thursday,22:00 - Midnight,Evening / night,False,False,True,True
1361185,Injury,Serious Injury,2024,2024,April,Friday,06:00 - 07:59,SWIFT,ST,0,Right on the spot,WALLACE,ST,HOLBROOK,,Yes,No,X-intersection,-35.719416,147.318801,Greater Hume,Country urban,Rest of NSW - Urban,Straight,,,,Off,Sealed,Dry,Fine,Daylight,Nil,Give way sign,50 km/h,Local,10,Cross traffic,101,Adj - Cross traffic,,Right angle,Light truck utility(from 2018),Pedal cycle,2,0,1,0,0,4,April,Autumn,Friday,06:00 - 07:59,AM peak / school commute,True,False,True,True
1361187,Injury,Serious Injury,2024,2024,May,Wednesday,10:00 - 11:59,THE HORSLEY,DR,0,Right on the spot,TUNCOEE,RD,CARRAMAR,609.0,No,Not a school zone,T-junction,-33.888016,150.969038,Fairfield,Sydney metro. area,Syd-Newc-Woll Gtr conurbation,Straight,,,,Off,Sealed,Dry,Overcast,Daylight,Nil,No traffic controls,60 km/h,State,10,Cross traffic,101,Adj - Cross traffic,,Right angle,4 wheel drive / SUV,Station wagon,2,0,1,0,0,5,May,Autumn,Wednesday,10:00 - 11:59,Midday / afternoon,False,False,True,True
1361188,Injury,Moderate Injury,2024,2024,April,Friday,16:00 - 17:59,CUMBERLAND,HWY,0,Right on the spot,NORTH ROCKS,RD,CARLINGFORD,13.0,Yes,No,X-intersection,-33.766481,151.04752,Parramatta,Sydney metro. area,Syd-Newc-Woll Gtr conurbation,Straight,,,,Off,Sealed,Dry,Fine,Daylight,On,No traffic controls,60 km/h,State,30,Rear end,301,Same - Rear end,,Rear end,Motorcycle,Car (sedan/hatch),2,0,0,1,0,4,April,Autumn,Friday,16:00 - 17:59,PM peak / evening commute,True,False,True,True
1361190,Injury,Minor/Other Injury,2024,2024,April,Wednesday,20:00 - 21:59,SALTWATER,RD,100,South,FOREST,LANE,OLD BAR,,No,Not a school zone,2-way undivided,-31.973401,152.564081,Mid-Coast,Country non-urban,Rest of NSW - Rural,Straight,,,,Nil,Sealed,Dry,Fine,Darkness,Nil,No traffic controls,90 km/h,Local,5,Ped walk against,6,Ped - Facing traffic,,Vehicle - Pedestrian,4 wheel drive / SUV,Pedestrian,2,0,0,0,1,4,April,Autumn,Wednesday,20:00 - 21:59,Evening / night,False,False,True,True
1361191,Injury,Minor/Other Injury,2024,2024,May,Thursday,14:00 - 15:59,KEMP,ST,0,Right on the spot,NUMBER 543,HN,LAVINGTON,,No,Not a school zone,2-way undivided,-36.037177,146.944097,Albury,Country urban,Rest of NSW - Urban,Straight,,,,Nil,Sealed,Dry,Fine,Daylight,Nil,No traffic controls,50 km/h,Local,71,Off rd left => obj,703,Left off cway into object,,Other angle,Car (sedan/hatch),Station wagon,2,0,0,0,1,5,May,Autumn,Thursday,14:00 - 15:59,Midday / afternoon,False,False,True,True
1361193,Injury,Serious Injury,2024,2024,May,Sunday,14:00 - 15:59,M7 WESTLINK,EXP,440,North,COWPASTURE ROAD,TO,MIDDLETON GRANGE,6009.0,No,Not a school zone,Dual freeway,-33.918949,150.852597,Liverpool,Sydney metro. area,Syd-Newc-Woll Gtr conurbation,Curved,Other bridge,Roadwks/Detour/Diverson,,Off,Sealed,Dry,Fine,Daylight,Nil,No traffic controls,80 km/h,State,83,Off rt/rt bnd=>obj,803,Off right bend into obj,Right,Vehicle - Object,Car (sedan/hatch),,2,0,1,0,0,5,May,Autumn,Sunday,14:00 - 15:59,Midday / afternoon,False,False,True,True
1361199,Injury,Moderate Injury,2024,2024,June,Wednesday,12:00 - 13:59,SURREY,ST,15,East,SURREY,LANE,DARLINGHURST,,No,Not a school zone,1-way street,-33.877351,151.223303,Sydney,Sydney metro. area,Syd-Newc-Woll Gtr conurbation,Straight,,,,Nil,Sealed,Dry,Fine,Daylight,Nil,No traffic controls,40 km/h,Local,45,Reversing,404,Manov - Reverse in traffic,,Other angle,Light truck utility(from 2018),Pedal cycle,2,0,0,1,0,6,June,Winter,Wednesday,12:00 - 13:59,Midday / afternoon,False,False,True,True
1361200,Injury,Moderate Injury,2024,2024,May,Monday,08:00 - 09:59,O'DEA,AVE,20,West,SAM SING,ST,WATERLOO,,No,Not a school zone,2-way undivided,-33.903414,151.21054,Sydney,Sydney metro. area,Syd-Newc-Woll Gtr conurbation,Straight,Painted double centre lines,,,Off,Sealed,Dry,Fine,Daylight,Nil,No traffic controls,40 km/h,Local,40,U turn,304,Same - U-turn,,Other angle,Car (sedan/hatch),Motor scooter,2,0,0,1,0,5,May,Autumn,Monday,08:00 - 09:59,AM peak / school commute,True,False,True,True
1361203,Injury,Serious Injury,2024,2024,May,Friday,18:00 - 19:59,COBBADAH,RD,19000,South,BINGARA,TN,DINOGA,63.0,No,Not a school zone,2-way undivided,-30.052194,150.602799,Gwydir,Country non-urban,Rest of NSW - Rural,Curved,,,,Off,Sealed,Dry,Fine,Darkness,Nil,No traffic controls,100 km/h,State,83,Off rt/rt bnd=>obj,803,Off right bend into obj,Right,Vehicle - Object,Light truck utility(from 2018),,1,0,1,1,0,5,May,Autumn,Friday,18:00 - 19:59,PM peak / evening commute,True,False,True,True
1361204,Injury,Moderate Injury,2024,2024,June,Sunday,16:00 - 17:59,PACIFIC,HWY,90,South,SOUTH STREET,TO,BENNETTS GREEN,10.0,No,Not a school zone,Divided road,-32.999398,151.685794,Lake Macquarie,Newcastle met. area,Syd-Newc-Woll Gtr conurbation,Straight,Steep grade,,,On,Sealed,Dry,Fine,Dusk,On,Ped crossing,70 km/h,State,30,Rear end,301,Same - Rear end,,Rear end,Light truck,4 wheel drive / SUV,3,0,0,2,0,6,June,Winter,Sunday,16:00 - 17:59,PM peak / evening commute,True,False,True,True
1361205,Injury,Moderate Injury,2024,2024,May,Sunday,16:00 - 17:59,STONEY CREEK,RD,0,Right on the spot,IRENE,CRES,KINGSGROVE,665.0,Yes,No,T-junction,-33.949941,151.100245,Georges River,Sydney metro. area,Syd-Newc-Woll Gtr conurbation,Straight,,,,On,Sealed,Wet,Raining,Darkness,Nil,No traffic controls,60 km/h,State,30,Rear end,301,Same - Rear end,,Rear end,Light truck utility(from 2018),Car (sedan/hatch),4,0,0,1,1,5,May,Autumn,Sunday,16:00 - 17:59,PM peak / evening commute,True,False,True,True
1361206,Injury,Moderate Injury,2024,2024,June,Thursday,08:00 - 09:59,TOMAKIN,RD,150,East,JAMES,ST,MOGO,,No,Not a school zone,2-way undivided,-35.785272,150.14605,Eurobodalla,Country non-urban,Rest of NSW - Rural,Curved,,,,Nil,Sealed,Dry,Fine,Daylight,Nil,No traffic controls,100 km/h,Local,85,Off rt/lft bnd=>obj,804,Off left bend into obj,Right,Vehicle - Object,4 wheel drive / SUV,,1,0,0,1,1,6,June,Winter,Thursday,08:00 - 09:59,AM peak / school commute,True,False,True,True
1361208,Injury,Minor/Other Injury,2024,2024,June,Friday,20:00 - 21:59,FEDERAL,HWY,945,North,BAXTERS,LANE,COLLECTOR,3.0,No,Not a school zone,Divided road,-34.900398,149.472715,Upper Lachlan,Country non-urban,Rest of NSW - Rural,Straight,Driveway/entrance,,,Nil,Sealed,Wet,Overcast,Darkness,Nil,No traffic controls,110 km/h,State,21,Right through,202,Opp - Right-thru,,Other angle,Car (sedan/hatch),Car (sedan/hatch),2,0,0,0,3,6,June,Winter,Friday,20:00 - 21:59,Evening / night,False,False,True,True
1361209,Injury,Moderate Injury,2024,2024,June,Tuesday,08:00 - 09:59,BRUNKER,RD,0,Right on the spot,SHELL SERVICE STATION,ENT,YAGOONA,7117.0,No,Not a school zone,2-way undivided,-33.899002,151.036852,Canterbury-Bankstown,Sydney metro. area,Syd-Newc-Woll Gtr conurbation,Straight,Driveway/entrance,,,Off,Sealed,Dry,Fine,Daylight,Nil,No traffic controls,60 km/h,Regional,7,Driveway,7,Ped - driveway,,Vehicle - Pedestrian,Light truck utility(from 2018),Pedestrian,2,0,0,1,0,6,June,Winter,Tuesday,08:00 - 09:59,AM peak / school commute,True,False,True,True
1361210,Injury,Moderate Injury,2024,2024,June,Tuesday,08:00 - 09:59,HEATHCOTE,RD,0,Right on the spot,JUNCTION,RD,MOOREBANK,512.0,No,Not a school zone,X-intersection,-33.938803,150.940188,Liverpool,Sydney metro. area,Syd-Newc-Woll Gtr conurbation,Curved,,,,Off,Sealed,Unknown,Unknown,Daylight,Nil,No traffic controls,60 km/h,State,13,Right near,104,Adj - Right-thru from right,,Right angle,4 wheel drive / SUV,Light truck,2,0,0,1,0,6,June,Winter,Tuesday,08:00 - 09:59,AM peak / school commute,True,False,True,True
1361211,Injury,Serious Injury,2024,2024,June,Friday,22:00 - Midnight,HUME,HWY,900,North,ILLAWARRA HIGHWAY,TO,SUTTON FOREST,2.0,No,Not a school zone,Divided road,-34.574219,150.253456,Wingecarribee,Country non-urban,Rest of NSW - Rural,Straight,,,,Nil,Sealed,Dry,Overcast,Darkness,Nil,No traffic controls,110 km/h,State,73,Off rd rght => obj,704,Right off cway into obj,,Vehicle - Object,Car (sedan/hatch),,1,0,1,0,0,6,June,Winter,Friday,22:00 - Midnight,Evening / night,False,False,True,True
1361216,Injury,Moderate Injury,2024,2024,June,Wednesday,02:00 - 03:59,PACIFIC,HWY,30,North,LINDSAYS ROAD,TO,BOAMBEE EAST,10.0,No,Not a school zone,Divided road,-30.343545,153.070331,Coffs Harbour,Country non-urban,Rest of NSW - Rural,Straight,,,,Nil,Sealed,Dry,Fine,Darkness,Nil,No traffic controls,100 km/h,State,62,Accident,603,On path - Previous accident,,Other angle,B-double (road train prior 98),Other small trailer,2,0,0,1,0,6,June,Winter,Wednesday,02:00 - 03:59,Late night / early morning,False,False,True,True
1361221,Injury,Serious Injury,2024,2024,June,Saturday,04:00 - 05:59,EUROLEY,RD,30,West,BLACKER,RD,YANCO,,No,Not a school zone,2-way undivided,-34.623368,146.383691,Leeton,Country non-urban,Rest of NSW - Rural,Curved,,,,Nil,Sealed,Dry,Fog or mist,Darkness,Nil,No traffic controls,100 km/h,Local,81,Off left/rt bnd=>obj,803,Off right bend into obj,Left,Vehicle - Object,Light truck utility(from 2018),,1,0,1,0,0,6,June,Winter,Saturday,04:00 - 05:59,Late night / early morning,False,False,True,True
1361222,Injury,Moderate Injury,2024,2024,June,Thursday,04:00 - 05:59,KENSINGTON PARK,RD,20,West,RHEEDIA,ST,TALLAWONG,,No,Not a school zone,2-way undivided,-33.685035,150.883268,Blacktown,Sydney metro. area,Syd-Newc-Woll Gtr conurbation,Straight,,,,On,Sealed,Wet,Fine,Darkness,Nil,No traffic controls,50 km/h,Local,71,Off rd left => obj,703,Left off cway into object,,Other angle,Car (sedan/hatch),Light truck utility(from 2018),2,0,0,1,0,6,June,Winter,Thursday,04:00 - 05:59,Late night / early morning,False,False,True,True
1361223,Injury,Moderate Injury,2024,2024,June,Saturday,20:00 - 21:59,ARGYLE,ST,15,West,GEORGE,ST,SOUTH WINDSOR,,No,Not a school zone,2-way undivided,-33.616638,150.808216,Hawkesbury,Country urban,Syd-Newc-Woll Gtr conurbation,Straight,,,,On,Sealed,Dry,Fine,Darkness,Nil,No traffic controls,40 km/h,Local,71,Off rd left => obj,703,Left off cway into object,,Vehicle - Object,Utility,,1,0,0,1,0,6,June,Winter,Saturday,20:00 - 21:59,Evening / night,False,False,True,True
1361224,Injury,Moderate Injury,2024,2024,May,Monday,16:00 - 17:59,BILLAPALOOLA,RD,1300,South,HONEYSUCKLE,RD,RED HILL,,No,Not a school zone,2-way undivided,-35.152219,148.386694,Snowy Valleys,Country urban,Rest of NSW - Urban,Straight,Ditch/drain/culvert,,,Nil,Unsealed,Dry,Fine,Darkness,Nil,No traffic controls,60 km/h,Local,70,Off road to left,701,Off carriageway to left,,Rollover,Car (sedan/hatch),,1,0,0,1,0,5,May,Autumn,Monday,16:00 - 17:59,PM peak / evening commute,True,False,True,True
1361227,Injury,Moderate Injury,2024,2024,June,Thursday,12:00 - 13:59,BOTANY,RD,20,South,EPSOM,RD,BEACONSFIELD,170.0,No,Not a school zone,2-way undivided,-33.909989,151.2024,Sydney,Sydney metro. area,Syd-Newc-Woll Gtr conurbation,Straight,,,,Nil,Sealed,Dry,Fine,Daylight,Nil,No traffic controls,50 km/h,State,71,Off rd left => obj,703,Left off cway into object,,Other angle,4 wheel drive / SUV,4 wheel drive / SUV,2,0,0,1,0,6,June,Winter,Thursday,12:00 - 13:59,Midday / afternoon,False,False,True,True
1361228,Injury,Serious Injury,2024,2024,June,Wednesday,06:00 - 07:59,CLYDE,ST,45,North,GUILDFORD,RD,GUILDFORD,,No,Not a school zone,2-way undivided,-33.852639,150.981332,Cumberland,Sydney metro. area,Syd-Newc-Woll Gtr conurbation,Straight,Driveway/entrance,,,Off,Sealed,Dry,Fine,Dawn,Nil,No traffic controls,50 km/h,Local,47,Emerging from drive,406,Manov - Emerging from driveway,,Right angle,Light truck utility(from 2018),Light truck utility(from 2018),2,0,1,0,0,6,June,Winter,Wednesday,06:00 - 07:59,AM peak / school commute,True,False,True,True
1361229,Injury,Moderate Injury,2024,2024,July,Monday,14:00 - 15:59,BOOROLONG,RD,500,North,GLENDON,RD,BOOROLONG,,No,Not a school zone,2-way undivided,-30.352586,151.551878,Armidale Regional,Country non-urban,Rest of NSW - Rural,Curved,,,,Nil,Sealed,Dry,Fine,Daylight,Nil,No traffic controls,100 km/h,Local,87,Off lft/lft bnd=>obj,804,Off left bend into obj,Left,Vehicle - Object,4 wheel drive / SUV,,1,0,0,1,0,7,July,Winter,Monday,14:00 - 15:59,Midday / afternoon,False,False,True,True
1361230,Injury,Moderate Injury,2024,2024,May,Saturday,18:00 - 19:59,JOYNTON,AVE,0,Right on the spot,O'DEA,AVE,ZETLAND,,No,Not a school zone,T-junction,-33.903755,151.209671,Sydney,Sydney metro. area,Syd-Newc-Woll Gtr conurbation,Straight,,,,On,Sealed,Wet,Raining,Darkness,On,No traffic controls,50 km/h,Local,33,Lane sideswipe,305,Same - Lane side swipe,,Other angle,Car (sedan/hatch),Other bus,2,0,0,1,0,5,May,Autumn,Saturday,18:00 - 19:59,PM peak / evening commute,True,False,True,True
1361232,Injury,Moderate Injury,2024,2024,July,Wednesday,18:00 - 19:59,GREAT WESTERN,HWY,200,East,ELEY HAWKINS DRIVE,OP,WARRIMOO,5.0,No,Not a school zone,Divided road,-33.721442,150.599542,Blue Mountains,Country urban,Syd-Newc-Woll Gtr conurbation,Straight,Steep grade,,,On,Sealed,Wet,Overcast,Darkness,Nil,No traffic controls,80 km/h,State,73,Off rd rght => obj,704,Right off cway into obj,,Vehicle - Object,Car (sedan/hatch),,1,0,0,1,0,7,July,Winter,Wednesday,18:00 - 19:59,PM peak / evening commute,True,False,True,True
1361241,Injury,Serious Injury,2024,2024,July,Wednesday,06:00 - 07:59,WENTWORTH,AVE,0,Right on the spot,GOULBURN,ST,SURRY HILLS,7304.0,No,Not a school zone,X-intersection,-33.878609,151.210744,Sydney,Sydney metro. area,Syd-Newc-Woll Gtr conurbation,Straight,,,,Off,Sealed,Wet,Raining,Daylight,On,No traffic controls,40 km/h,Regional,30,Rear end,301,Same - Rear end,,Rear end,Car (sedan/hatch),Motorcycle,2,0,1,0,0,7,July,Winter,Wednesday,06:00 - 07:59,AM peak / school commute,True,False,True,True
1361242,Injury,Moderate Injury,2024,2024,July,Tuesday,22:00 - Midnight,ILLAROO,PDE,10,West,ILLABUNDA,CRES,KOONAWARRA,,No,Not a school zone,T-junction,-34.507099,150.810563,Wollongong,Wollongong met. area,Syd-Newc-Woll Gtr conurbation,Curved,,,,Unknown / not stated,Sealed,Unknown,Unknown,Darkness,Nil,No traffic controls,50 km/h,Local,87,Off lft/lft bnd=>obj,804,Off left bend into obj,Left,Other angle,4 wheel drive / SUV,Car (sedan/hatch),2,0,0,1,0,7,July,Winter,Tuesday,22:00 - Midnight,Evening / night,False,False,True,True
1361246,Injury,Moderate Injury,2024,2024,July,Saturday,20:00 - 21:59,TWEED COAST,RD,0,Right on the spot,DEPOT,RD,KINGS FOREST,450.0,No,Not a school zone,T-junction,-28.286547,153.563081,Tweed,Country urban,Rest of NSW - Urban,Straight,,Roadwks/Detour/Diverson,,Nil,Sealed,Dry,Fine,Darkness,Nil,No traffic controls,40 km/h,Regional,20,Head on,201,Opp - Head on,,Head-on,Car (sedan/hatch),4 wheel drive / SUV,2,0,0,1,0,7,July,Winter,Saturday,20:00 - 21:59,Evening / night,False,False,True,True
1361248,Injury,Serious Injury,2024,2024,July,Thursday,20:00 - 21:59,CAMDEN VALLEY,WAY,200,North,PARK,RD,LEPPINGTON,620.0,No,Not a school zone,Divided road,-33.978366,150.805802,Camden,Sydney metro. area,Syd-Newc-Woll Gtr conurbation,Straight,Steep grade,,,On,Sealed,Dry,Fine,Darkness,Nil,No traffic controls,80 km/h,State,73,Off rd rght => obj,704,Right off cway into obj,,Vehicle - Object,Motorcycle,,1,0,1,0,0,7,July,Winter,Thursday,20:00 - 21:59,Evening / night,False,False,True,True
1361251,Injury,Moderate Injury,2024,2024,May,Friday,06:00 - 07:59,LANE COVE,RD,30,South,GOULDING,RD,RYDE,162.0,No,Not a school zone,Divided road,-33.803549,151.113436,Ryde,Sydney metro. area,Syd-Newc-Woll Gtr conurbation,Curved,,,,Off,Sealed,Dry,Fine,Daylight,Nil,No traffic controls,70 km/h,State,30,Rear end,301,Same - Rear end,,Rear end,Car (sedan/hatch),4 wheel drive / SUV,7,0,0,1,1,5,May,Autumn,Friday,06:00 - 07:59,AM peak / school commute,True,False,True,True
1361252,Injury,Moderate Injury,2024,2024,July,Wednesday,14:00 - 15:59,GREAT WESTERN,HWY,0,Right on the spot,COURLAND,ST,FIVE DOCK,5.0,No,Not a school zone,T-junction,-33.871728,151.124102,Canada Bay,Sydney metro. area,Syd-Newc-Woll Gtr conurbation,Curved,,,,Unknown / not stated,Sealed,Dry,Fine,Daylight,Nil,No traffic controls,60 km/h,State,20,Head on,201,Opp - Head on,,Head-on,Car (sedan/hatch),4 wheel drive / SUV,2,0,0,2,0,7,July,Winter,Wednesday,14:00 - 15:59,Midday / afternoon,False,False,True,True
1361253,Injury,Serious Injury,2024,2024,July,Wednesday,06:00 - 07:59,FARLEIGH,ST,0,Right on the spot,WATERMAN,ST,OLD BAR,,No,Not a school zone,X-intersection,-31.963635,152.586242,Mid-Coast,Country urban,Rest of NSW - Urban,Straight,,,,Off,Sealed,Dry,Fine,Daylight,Nil,Give way sign,50 km/h,Local,10,Cross traffic,101,Adj - Cross traffic,,Right angle,Light truck utility(from 2018),4 wheel drive / SUV,2,0,1,1,0,7,July,Winter,Wednesday,06:00 - 07:59,AM peak / school commute,True,False,True,True
1361255,Injury,Minor/Other Injury,2024,2024,June,Thursday,18:00 - 19:59,BAY,ST,0,Right on the spot,ROSE,ST,BOTANY,,No,Not a school zone,T-junction,-33.943353,151.197587,Bayside,Sydney metro. area,Syd-Newc-Woll Gtr conurbation,Straight,,,,Off,Sealed,Dry,Fine,Daylight,Nil,No traffic controls,50 km/h,Local,53,Overtake turning,506,Ovtak - Overtaking right turn,,Other angle,Unknown motor vehicle,Pedal cycle,2,0,0,0,1,6,June,Winter,Thursday,18:00 - 19:59,PM peak / evening commute,True,False,True,True