crash_id,degree_of_crash,degree_of_crash_-_detailed,reporting_year,year_of_crash,month_of_crash,day_of_week_of_crash,two-hour_intervals,street_of_crash,street_type,distance,direction,identifying_feature,identifying_feature_type,town,route_no.,school_zone_location,school_zone_active,type_of_location,latitude,longitude,lga,urbanisation,conurbation_1,alignment,primary_permanent_feature,primary_temporary_feature,primary_hazardous_feature,street_lighting,road_surface,surface_condition,weather,natural_lighting,signals_operation,other_traffic_control,speed_limit,road_classification_(admin),rum_-_code,rum_-_description,dca_-_code,dca_-_description,dca_supplement,first_impact_type,key_tu_type,other_tu_type,no._of_traffic_units_involved,no._killed,no._seriously_injured,no._moderately_injured,no._minor-other_injured,month_num,month_label,season,day_label,time_label,time_band,is_peak_commute,is_fatal,is_injury,is_casualty
1361256,Injury,Moderate Injury,2024,2024,July,Monday,22:00 - Midnight,AVONDALE,RD,0,Right on the spot,UNKNOWN,HN,DAPTO,,No,Not a school zone,2-way undivided,-34.506587,150.784283,Wollongong,Wollongong met. area,Syd-Newc-Woll Gtr conurbation,Straight,Steep grade,,,Nil,Sealed,Dry,Fine,Darkness,Nil,No traffic controls,50 km/h,Local,71,Off rd left => obj,703,Left off cway into object,,Other angle,Car (sedan/hatch),4 wheel drive / SUV,2,0,0,1,0,7,July,Winter,Monday,22:00 - Midnight,Evening / night,False,False,True,True
1361259,Injury,Serious Injury,2024,2024,July,Saturday,16:00 - 17:59,NEWCASTLE,EXP,2000,North,KURING-GAI CHASE ROAD,OP,MOUNT KURING-GAI,6003.0,No,Not a school zone,Dual freeway,-33.662229,151.126483,Hornsby,Sydney metro. area,Syd-Newc-Woll Gtr conurbation,Straight,Steep grade,,,Off,Sealed,Wet,Other,Dusk,Nil,No traffic controls,110 km/h,State,71,Off rd left => obj,703,Left off cway into object,,Vehicle - Object,Light truck utility(from 2018),,1,0,1,0,0,7,July,Winter,Saturday,16:00 - 17:59,PM peak / evening commute,True,False,True,True
1361261,Injury,Serious Injury,2024,2024,August,Thursday,00:01 - 01:59,GREAT WESTERN,HWY,50,East,QUEENS,RD,KATOOMBA,5.0,No,Not a school zone,Divided road,-33.708054,150.323237,Blue Mountains,Country urban,Syd-Newc-Woll Gtr conurbation,Curved,Steep grade,,,On,Sealed,Dry,Fine,Darkness,Nil,No traffic controls,70 km/h,State,66,Object on road,607,On path - Hit temp object,,Vehicle - Object,Other bus,,1,0,1,0,0,8,August,Winter,Thursday,00:01 - 01:59,Late night / early morning,False,False,True,True
1361265,Injury,Moderate Injury,2024,2024,July,Friday,14:00 - 15:59,GREAT WESTERN,HWY,0,Right on the spot,BADEN,PL,BLAXLAND,5.0,No,Not a school zone,T-junction,-33.736339,150.60514,Blue Mountains,Country urban,Syd-Newc-Woll Gtr conurbation,Curved,,,,Nil,Sealed,Wet,Overcast,Daylight,On,No traffic controls,60 km/h,State,30,Rear end,301,Same - Rear end,,Rear end,Station wagon,Car (sedan/hatch),3,0,0,1,0,7,July,Winter,Friday,14:00 - 15:59,Midday / afternoon,False,False,True,True
1361266,Injury,Moderate Injury,2024,2024,July,Tuesday,02:00 - 03:59,VICTORIA,ST,10,East,REDMOND,ST,TEMORA,84.0,No,Not a school zone,T-junction,-34.447712,147.54408,Temora,Country urban,Rest of NSW - Urban,Straight,,,,On,Sealed,Dry,Fine,Darkness,Nil,No traffic controls,50 km/h,State,88,Out of cont on bend,706,Left turn,,Rollover,Motorcycle,,1,0,0,1,1,7,July,Winter,Tuesday,02:00 - 03:59,Late night / early morning,False,False,True,True
1361268,Injury,Serious Injury,2024,2024,July,Thursday,06:00 - 07:59,LUXFORD,RD,40,East,PAYNE,ST,OAKHURST,7161.0,No,Not a school zone,Divided road,-33.734124,150.834504,Blacktown,Sydney metro. area,Syd-Newc-Woll Gtr conurbation,Straight,,,,On,Sealed,Dry,Fine,Daylight,Nil,No traffic controls,60 km/h,Regional,2,Ped far side,3,Ped - Far side,,Vehicle - Pedestrian,Semi-trailer,Pedestrian,2,0,1,0,0,7,July,Winter,Thursday,06:00 - 07:59,AM peak / school commute,True,False,True,True
1361270,Injury,Serious Injury,2024,2024,July,Thursday,12:00 - 13:59,MARCEL,CRES,0,Right on the spot,PANORAMA,PDE,BLACKTOWN,,No,Not a school zone,Roundabout,-33.775155,150.914803,Blacktown,Sydney metro. area,Syd-Newc-Woll Gtr conurbation,Curved,,,,Off,Sealed,Dry,Fine,Daylight,Nil,Give way sign,50 km/h,Local,81,Off left/rt bnd=>obj,707,Right turn,Left,Vehicle - Object,Car (sedan/hatch),,1,0,1,0,0,7,July,Winter,Thursday,12:00 - 13:59,Midday / afternoon,False,False,True,True
1361271,Injury,Serious Injury,2024,2024,July,Thursday,22:00 - Midnight,CARLISLE,AVE,0,Right on the spot,ROPER,RD,COLYTON,629.0,No,Not a school zone,Roundabout,-33.785687,150.805902,Penrith,Sydney metro. area,Syd-Newc-Woll Gtr conurbation,Curved,,Police pursuit,,On,Sealed,Dry,Fine,Darkness,Nil,Give way sign,60 km/h,State,81,Off left/rt bnd=>obj,707,Right turn,Left,Vehicle - Object,Car (sedan/hatch),,1,0,1,0,0,7,July,Winter,Thursday,22:00 - Midnight,Evening / night,False,False,True,True
1361275,Injury,Serious Injury,2024,2024,August,Sunday,10:00 - 11:59,AVOCA,ST,0,Right on the spot,ALISON,RD,RANDWICK,660.0,No,Not a school zone,X-intersection,-33.913163,151.24204,Randwick,Sydney metro. area,Syd-Newc-Woll Gtr conurbation,Straight,,,,Off,Sealed,Dry,Fine,Daylight,On,No traffic controls,50 km/h,State,21,Right through,202,Opp - Right-thru,,Other angle,Car (sedan/hatch),Motorcycle,2,0,1,0,0,8,August,Winter,Sunday,10:00 - 11:59,Midday / afternoon,False,False,True,True
1361276,Injury,Serious Injury,2024,2024,July,Thursday,16:00 - 17:59,HUME,HWY,0,Right on the spot,CLARKE,ST,BASS HILL,2.0,Yes,No,T-junction,-33.904648,151.005334,Canterbury-Bankstown,Sydney metro. area,Syd-Newc-Woll Gtr conurbation,Straight,,,,On,Sealed,Dry,Fine,Dusk,Nil,Give way sign,70 km/h,State,16,Left near,107,Adj - Left-thru from right,,Right angle,4 wheel drive / SUV,Motor scooter,2,0,1,0,0,7,July,Winter,Thursday,16:00 - 17:59,PM peak / evening commute,True,False,True,True
1361279,Injury,Moderate Injury,2024,2024,July,Wednesday,14:00 - 15:59,HUME,HWY,1000,North,AVON DAM ROAD,OP,BARGO,2.0,No,Not a school zone,Dual freeway,-34.302815,150.608403,Wollondilly,Country non-urban,Syd-Newc-Woll Gtr conurbation,Straight,,,,Nil,Sealed,Dry,Fine,Daylight,Nil,No traffic controls,110 km/h,State,71,Off rd left => obj,703,Left off cway into object,,Vehicle - Object,Station wagon,,1,0,0,1,0,7,July,Winter,Wednesday,14:00 - 15:59,Midday / afternoon,False,False,True,True
1361280,Injury,Minor/Other Injury,2024,2024,July,Saturday,18:00 - 19:59,DACEY,AVE,0,Right on the spot,SOUTH DOWLING,ST,WATERLOO,528.0,No,Not a school zone,X-intersection,-33.900901,151.215126,Sydney,Sydney metro. area,Syd-Newc-Woll Gtr conurbation,Straight,,,,On,Sealed,Dry,Fine,Darkness,On,Give way sign,50 km/h,State,31,Left rear,302,Same - Rear left,,Rear end,4 wheel drive / SUV,Car (sedan/hatch),2,0,0,0,1,7,July,Winter,Saturday,18:00 - 19:59,PM peak / evening commute,True,False,True,True
1361281,Injury,Serious Injury,2024,2024,July,Tuesday,18:00 - 19:59,APPLETREE,RD,0,Right on the spot,NUMBER 91,HN,BARNSLEY,,No,Not a school zone,2-way undivided,-32.923135,151.583332,Lake Macquarie,Newcastle met. area,Syd-Newc-Woll Gtr conurbation,Curved,,,,Nil,Sealed,Dry,Fine,Darkness,Nil,No traffic controls,60 km/h,Local,83,Off rt/rt bnd=>obj,803,Off right bend into obj,Right,Vehicle - Object,Car (sedan/hatch),,1,0,2,0,0,7,July,Winter,Tuesday,18:00 - 19:59,PM peak / evening commute,True,False,True,True
1361285,Injury,Serious Injury,2024,2024,August,Wednesday,12:00 - 13:59,WYONG,RD,10,East,MINGARA,DR,TUMBI UMBI,335.0,No,Not a school zone,X-intersection,-33.362192,151.444404,Central Coast,Country urban,Syd-Newc-Woll Gtr conurbation,Straight,,,,Off,Sealed,Dry,Fine,Daylight,On,No traffic controls,60 km/h,State,30,Rear end,301,Same - Rear end,,Rear end,4 wheel drive / SUV,Car (sedan/hatch),2,0,1,0,0,8,August,Winter,Wednesday,12:00 - 13:59,Midday / afternoon,False,False,True,True
1361286,Injury,Serious Injury,2024,2024,July,Sunday,00:01 - 01:59,DABEE,RD,10,South,GEORGE,ST,KANDOS,,No,Not a school zone,T-junction,-32.852025,149.98511,Mid-Western Regional,Country urban,Rest of NSW - Urban,Straight,Ditch/drain/culvert,,,Nil,Sealed,Dry,Fine,Darkness,Nil,No traffic controls,50 km/h,Local,72,Off road to right,702,Off carriageway to right,,Rollover,Light truck utility(from 2018),,1,0,1,0,0,7,July,Winter,Sunday,00:01 - 01:59,Late night / early morning,False,False,True,True
1361289,Injury,Minor/Other Injury,2024,2024,August,Thursday,18:00 - 19:59,LUXFORD,RD,50,West,DRYDEN,AVE,OAKHURST,7161.0,No,Not a school zone,Divided road,-33.737398,150.840459,Blacktown,Sydney metro. area,Syd-Newc-Woll Gtr conurbation,Straight,,,,On,Sealed,Dry,Fine,Darkness,Nil,No traffic controls,60 km/h,Regional,71,Off rd left => obj,703,Left off cway into object,,Vehicle - Object,Motorcycle,,1,0,0,0,1,8,August,Winter,Thursday,18:00 - 19:59,PM peak / evening commute,True,False,True,True
1361292,Injury,Moderate Injury,2024,2024,May,Thursday,18:00 - 19:59,PATRICK,ST,0,Right on the spot,PETITH,LANE,HURSTVILLE,,No,Not a school zone,T-junction,-33.954045,151.094234,Georges River,Sydney metro. area,Syd-Newc-Woll Gtr conurbation,Straight,,,,On,Sealed,Dry,Fine,Darkness,Nil,No traffic controls,50 km/h,Local,11,Right far,102,Adj - Right-thru from left,,Right angle,Car (sedan/hatch),Car (sedan/hatch),2,0,0,2,0,5,May,Autumn,Thursday,18:00 - 19:59,PM peak / evening commute,True,False,True,True
1361293,Injury,Serious Injury,2024,2024,August,Saturday,12:00 - 13:59,HENRY LAWSON,DR,50,East,MONASH,AVE,EAST HILLS,508.0,No,Not a school zone,2-way undivided,-33.962944,150.987345,Canterbury-Bankstown,Sydney metro. area,Syd-Newc-Woll Gtr conurbation,Curved,,,Loose gravel shoulder,Nil,Sealed,Dry,Fine,Daylight,Nil,No traffic controls,60 km/h,State,80,Off left/right bend,801,Off cway right bend,Left,Rollover,Motorcycle,,1,0,1,0,0,8,August,Winter,Saturday,12:00 - 13:59,Midday / afternoon,False,False,True,True
1361295,Injury,Serious Injury,2024,2024,July,Friday,20:00 - 21:59,BATES,DR,0,Right on the spot,DRYSDALE,PL,KAREELA,7002.0,No,Not a school zone,T-junction,-34.020474,151.083023,Sutherland,Sydney metro. area,Syd-Newc-Woll Gtr conurbation,Straight,Steep grade,,,On,Sealed,Dry,Fine,Dusk,Nil,Give way sign,60 km/h,Regional,0,Ped nearside,1,Ped - Near side,,Vehicle - Pedestrian,Car (sedan/hatch),Pedestrian,2,0,1,0,0,7,July,Winter,Friday,20:00 - 21:59,Evening / night,False,False,True,True
1361296,Injury,Serious Injury,2024,2024,July,Thursday,18:00 - 19:59,NEWCASTLE,EXP,880,South,WINDYBANKS INTERCHANGE,OP,MOUNT KURING-GAI,6003.0,No,Not a school zone,Dual freeway,-33.642703,151.142637,Hornsby,Sydney metro. area,Syd-Newc-Woll Gtr conurbation,Straight,,,,Nil,Sealed,Dry,Fine,Darkness,Nil,No traffic controls,110 km/h,State,73,Off rd rght => obj,704,Right off cway into obj,,Vehicle - Object,Car (sedan/hatch),,5,0,3,0,0,7,July,Winter,Thursday,18:00 - 19:59,PM peak / evening commute,True,False,True,True
1361297,Injury,Serious Injury,2024,2024,August,Monday,16:00 - 17:59,SYDNEY,RD,0,Right on the spot,NUMBER 296,HN,BALGOWLAH,159.0,No,Not a school zone,2-way undivided,-33.794612,151.266174,Northern Beaches,Sydney metro. area,Syd-Newc-Woll Gtr conurbation,Straight,,,,On,Sealed,Dry,Fine,Darkness,Nil,No traffic controls,60 km/h,State,63,Vehicle door,604,On path - Vehicle door,,Other angle,Pedal cycle,4 wheel drive / SUV,3,0,1,0,0,8,August,Winter,Monday,16:00 - 17:59,PM peak / evening commute,True,False,True,True
1361298,Injury,Serious Injury,2024,2024,August,Tuesday,08:00 - 09:59,CORAL,DR,0,Right on the spot,DIAMOND HEAD,DR,SANDY BEACH,,No,Not a school zone,Roundabout,-30.147231,153.189122,Coffs Harbour,Country urban,Rest of NSW - Urban,Straight,,,,Off,Sealed,Dry,Overcast,Daylight,Nil,Give way sign,50 km/h,Local,10,Cross traffic,101,Adj - Cross traffic,,Right angle,Light truck utility(from 2018),Pedal cycle,2,0,1,0,0,8,August,Winter,Tuesday,08:00 - 09:59,AM peak / school commute,True,False,True,True
1361299,Injury,Serious Injury,2024,2024,July,Tuesday,14:00 - 15:59,SELINA,ST,0,Right on the spot,VIOLET,ST,NARRABRI,,No,Not a school zone,Roundabout,-30.332942,149.782413,Narrabri,Country urban,Rest of NSW - Urban,Straight,,,,Off,Sealed,Dry,Fine,Daylight,Nil,Give way sign,50 km/h,Local,10,Cross traffic,101,Adj - Cross traffic,,Right angle,Motorcycle,Light truck utility(from 2018),2,0,1,0,0,7,July,Winter,Tuesday,14:00 - 15:59,Midday / afternoon,False,False,True,True
1361302,Injury,Serious Injury,2024,2024,August,Friday,18:00 - 19:59,SEAVIEW,CRES,0,Right on the spot,SOLDIERS POINT,RD,SALAMANDER BAY,,No,Not a school zone,T-junction,-32.713167,152.07245,Port Stephens,Country urban,Rest of NSW - Urban,Curved,B'down lane/road shldr,,,On,Sealed,Dry,Fine,Dusk,Nil,Give way sign,50 km/h,Local,21,Right through,202,Opp - Right-thru,,Other angle,Light truck utility(from 2018),Pedal cycle,2,0,1,0,0,8,August,Winter,Friday,18:00 - 19:59,PM peak / evening commute,True,False,True,True
1361304,Injury,Serious Injury,2024,2024,August,Monday,14:00 - 15:59,CUMBERLAND,HWY,0,Right on the spot,WENTWORTH,AVE,WENTWORTHVILLE,13.0,No,Not a school zone,T-junction,-33.80595,150.970263,Parramatta,Sydney metro. area,Syd-Newc-Woll Gtr conurbation,Straight,,,,Off,Sealed,Dry,Fine,Daylight,On,Ped crossing,70 km/h,State,2,Ped far side,3,Ped - Far side,,Vehicle - Pedestrian,Light truck utility(from 2018),Pedestrian,2,0,1,0,0,8,August,Winter,Monday,14:00 - 15:59,Midday / afternoon,False,False,True,True
1361305,Injury,Moderate Injury,2024,2024,August,Friday,16:00 - 17:59,NEW ENGLAND,HWY,250,West,QUARTER SESSIONS,RD,TARRO,9.0,No,Not a school zone,Divided road,-32.812318,151.653608,Newcastle,Newcastle met. area,Syd-Newc-Woll Gtr conurbation,Straight,,,,Nil,Sealed,Dry,Fine,Daylight,Nil,No traffic controls,90 km/h,State,30,Rear end,301,Same - Rear end,,Rear end,Car (sedan/hatch),Car (sedan/hatch),3,0,0,2,0,8,August,Winter,Friday,16:00 - 17:59,PM peak / evening commute,True,False,True,True
1361306,Injury,Minor/Other Injury,2024,2024,July,Monday,16:00 - 17:59,JUGIONG,RD,0,Right on the spot,WEIRVIEW,RD,MURRUMBURRAH,381.0,No,Not a school zone,T-junction,-34.574197,148.353548,Hilltops,Country non-urban,Rest of NSW - Rural,Curved,Embankment/cutting,,Potholes/corrugations/rough,Nil,Sealed,Dry,Fine,Daylight,Nil,Give way sign,100 km/h,Regional,85,Off rt/lft bnd=>obj,804,Off left bend into obj,Right,Vehicle - Object,Motorcycle,,1,0,0,0,1,7,July,Winter,Monday,16:00 - 17:59,PM peak / evening commute,True,False,True,True
1361307,Injury,Serious Injury,2024,2024,July,Wednesday,16:00 - 17:59,FREDERICK,ST,50,East,CHURCH,ST,ASHFIELD,650.0,No,Not a school zone,2-way undivided,-33.878737,151.126014,Inner West,Sydney metro. area,Syd-Newc-Woll Gtr conurbation,Straight,Driveway/entrance,,,On,Sealed,Dry,Fine,Darkness,Nil,No traffic controls,50 km/h,State,21,Right through,202,Opp - Right-thru,,Other angle,Car (sedan/hatch),Motorcycle,2,0,1,0,0,7,July,Winter,Wednesday,16:00 - 17:59,PM peak / evening commute,True,False,True,True
1361308,Injury,Minor/Other Injury,2024,2024,August,Friday,02:00 - 03:59,WATTLE,AVE,0,Right on the spot,NUMBER 32,HN,MACQUARIE FIELDS,,Yes,No,2-way undivided,-33.995032,150.883239,Campbelltown,Sydney metro. area,Syd-Newc-Woll Gtr conurbation,Straight,,,,On,Sealed,Dry,Fine,Darkness,Nil,No traffic controls,50 km/h,Local,73,Off rd rght => obj,704,Right off cway into obj,,Other angle,Car (sedan/hatch),Car (sedan/hatch),2,0,0,0,1,8,August,Winter,Friday,02:00 - 03:59,Late night / early morning,False,False,True,True
1361309,Injury,Serious Injury,2024,2024,August,Thursday,12:00 - 13:59,VICTORIA,RD,0,Right on the spot,CHURCH,ST,PARRAMATTA,165.0,No,Not a school zone,X-intersection,-33.808664,151.005317,Parramatta,Sydney metro. area,Syd-Newc-Woll Gtr conurbation,Straight,,,,Off,Sealed,Dry,Fine,Daylight,On,Ped crossing,60 km/h,State,48,From footpath,408,Manov - From footway,,Other angle,Motorised scooter (mob. aid),Other bus,2,0,1,0,0,8,August,Winter,Thursday,12:00 - 13:59,Midday / afternoon,False,False,True,True
1361311,Injury,Moderate Injury,2024,2024,August,Saturday,14:00 - 15:59,JOCKBET,ST,0,Right on the spot,THE DRIFTWAY,MS,RICHMOND,,No,Not a school zone,T-junction,-33.617996,150.721441,Hawkesbury,Country urban,Syd-Newc-Woll Gtr conurbation,Straight,,,,Off,Sealed,Dry,Fine,Daylight,Nil,No traffic controls,80 km/h,Local,12,Left far,103,Adj - Left-thru from left,,Right angle,Car (sedan/hatch),Motorcycle,2,0,0,1,0,8,August,Winter,Saturday,14:00 - 15:59,Midday / afternoon,False,False,True,True
1361312,Injury,Serious Injury,2024,2024,August,Monday,10:00 - 11:59,MURDOCK,ST,0,Right on the spot,SCARBA,ST,COFFS HARBOUR,,No,Not a school zone,T-junction,-30.294413,153.110934,Coffs Harbour,Country urban,Rest of NSW - Urban,Straight,,,,Off,Sealed,Wet,Raining,Daylight,Nil,Stop sign,50 km/h,Local,13,Right near,104,Adj - Right-thru from right,,Right angle,Car (sedan/hatch),4 wheel drive / SUV,2,0,1,0,0,8,August,Winter,Monday,10:00 - 11:59,Midday / afternoon,False,False,True,True
1361313,Injury,Minor/Other Injury,2024,2024,July,Wednesday,12:00 - 13:59,VICTORIA,RD,0,Right on the spot,FALCONER,ST,WEST RYDE,165.0,No,Not a school zone,T-junction,-33.810267,151.093632,Ryde,Sydney metro. area,Syd-Newc-Woll Gtr conurbation,Straight,,,,Nil,Sealed,Wet,Fine,Daylight,Nil,Ped crossing,60 km/h,State,0,Ped nearside,1,Ped - Near side,,Vehicle - Pedestrian,4 wheel drive / SUV,Pedestrian,2,0,0,0,1,7,July,Winter,Wednesday,12:00 - 13:59,Midday / afternoon,False,False,True,True
1361315,Injury,Serious Injury,2024,2024,August,Friday,14:00 - 15:59,PACIFIC,HWY,0,Right on the spot,NUMBER 101,HN,CHARMHAVEN,10.0,No,Not a school zone,2-way undivided,-33.23546,151.501463,Central Coast,Country urban,Syd-Newc-Woll Gtr conurbation,Straight,Driveway/entrance,,,Unknown / not stated,Sealed,Dry,Fine,Daylight,Nil,No traffic controls,60 km/h,State,32,Right rear,303,Same - Rear right,,Rear end,Car (sedan/hatch),Passenger van,2,0,1,0,0,8,August,Winter,Friday,14:00 - 15:59,Midday / afternoon,False,False,True,True
1361316,Injury,Moderate Injury,2024,2024,August,Thursday,18:00 - 19:59,BRENAN,ST,0,Right on the spot,MARKET,ST,SMITHFIELD,,No,Not a school zone,T-junction,-33.856178,150.931036,Fairfield,Sydney metro. area,Syd-Newc-Woll Gtr conurbation,Straight,,,,On,Sealed,Dry,Fine,Dusk,Nil,Give way sign,50 km/h,Local,21,Right through,202,Opp - Right-thru,,Other angle,Car (sedan/hatch),Car (sedan/hatch),3,0,0,1,0,8,August,Winter,Thursday,18:00 - 19:59,PM peak / evening commute,True,False,True,True
1361319,Injury,Moderate Injury,2024,2024,June,Wednesday,08:00 - 09:59,MONA VALE,RD,100,South,WOODLANDS,AVE,PYMBLE,162.0,No,Not a school zone,Divided road,-33.743736,151.150331,Ku-ring-gai,Sydney metro. area,Syd-Newc-Woll Gtr conurbation,Straight,Steep grade,,,Off,Sealed,Dry,Fine,Daylight,Nil,No traffic controls,70 km/h,State,74,On road-out of cont.,705,Out of control on cway,,Rollover,Pedal cycle,,1,0,0,1,0,6,June,Winter,Wednesday,08:00 - 09:59,AM peak / school commute,True,False,True,True
1361321,Injury,Moderate Injury,2024,2024,June,Friday,20:00 - 21:59,AVOCA,DR,0,Right on the spot,DAVISTOWN,RD,GREEN POINT,504.0,Yes,No,Roundabout,-33.463307,151.364493,Central Coast,Country urban,Syd-Newc-Woll Gtr conurbation,Curved,,,,Nil,Sealed,Dry,Fine,Daylight,Nil,Give way sign,60 km/h,State,88,Out of cont on bend,805,Out of control on bend,,Rollover,Motorcycle,,1,0,0,1,0,6,June,Winter,Friday,20:00 - 21:59,Evening / night,False,False,True,True
1361322,Injury,Serious Injury,2024,2024,August,Thursday,08:00 - 09:59,POLDING,ST,10,East,MARLBOROUGH,ST,SMITHFIELD,7222.0,No,Not a school zone,Roundabout,-33.862818,150.945305,Fairfield,Sydney metro. area,Syd-Newc-Woll Gtr conurbation,Straight,,,,Nil,Sealed,Dry,Fine,Daylight,Nil,Give way sign,60 km/h,Regional,2,Ped far side,3,Ped - Far side,,Vehicle - Pedestrian,Car (sedan/hatch),Pedestrian,2,0,1,0,0,8,August,Winter,Thursday,08:00 - 09:59,AM peak / school commute,True,False,True,True
1361327,Injury,Serious Injury,2024,2024,August,Sunday,14:00 - 15:59,OBLEY,RD,5000,East,FORBES,ST,YEOVAL,234.0,No,Not a school zone,2-way undivided,-32.743167,148.597561,Cabonne,Country non-urban,Rest of NSW - Rural,Straight,,,,Nil,Sealed,Dry,Fine,Daylight,Nil,No traffic controls,100 km/h,Regional,20,Head on,201,Opp - Head on,,Head-on,4 wheel drive / SUV,Car (sedan/hatch),2,0,1,0,2,8,August,Winter,Sunday,14:00 - 15:59,Midday / afternoon,False,False,True,True
1361332,Injury,Moderate Injury,2024,2024,August,Thursday,14:00 - 15:59,NEW LINE,RD,0,Right on the spot,NUMBER 139,HN,CHERRYBROOK,7242.0,Yes,No,2-way undivided,-33.72979,151.041803,Hornsby,Sydney metro. area,Syd-Newc-Woll Gtr conurbation,Straight,Driveway/entrance,,,Unknown / not stated,Sealed,Dry,Fine,Daylight,Nil,No traffic controls,60 km/h,Regional,40,U turn,207,Opp - U-turn,,Other angle,4 wheel drive / SUV,Car (sedan/hatch),2,0,0,1,0,8,August,Winter,Thursday,14:00 - 15:59,Midday / afternoon,False,False,True,True
1361338,Injury,Moderate Injury,2024,2024,August,Monday,18:00 - 19:59,ADELAIDE,ST,0,Right on the spot,NUMBER 35,HN,OXLEY PARK,,No,Not a school zone,2-way undivided,-33.772008,150.79675,Penrith,Sydney metro. area,Syd-Newc-Woll Gtr conurbation,Straight,,,,Unknown / not stated,Sealed,Dry,Fine,Darkness,Nil,No traffic controls,50 km/h,Local,69,Other on path,600,On path - Other,,Vehicle - Object,Motorcycle,,1,0,0,1,0,8,August,Winter,Monday,18:00 - 19:59,PM peak / evening commute,True,False,True,True
1361339,Injury,Moderate Injury,2024,2024,August,Monday,20:00 - 21:59,DONCASTER,AVE,0,Right on the spot,NUMBER 218,HN,KENSINGTON,,No,Not a school zone,2-way undivided,-33.916476,151.224081,Randwick,Sydney metro. area,Syd-Newc-Woll Gtr conurbation,Straight,Foot/cycle path/nature strip,,,Unknown / not stated,Sealed,Unknown,Unknown,Darkness,Nil,No traffic controls,50 km/h,Local,30,Rear end,301,Same - Rear end,,Rear end,Pedal cycle,Pedal cycle,2,0,0,2,0,8,August,Winter,Monday,20:00 - 21:59,Evening / night,False,False,True,True
1361340,Injury,Minor/Other Injury,2024,2024,August,Tuesday,12:00 - 13:59,LIZ KERNOHAN,DR,0,Right on the spot,RHEINBERGERS,CCT,ELDERSLIE,,No,Not a school zone,T-junction,-34.048726,150.721258,Camden,Sydney metro. area,Syd-Newc-Woll Gtr conurbation,Curved,,,,Unknown / not stated,Sealed,Dry,Fine,Daylight,Nil,No traffic controls,50 km/h,Local,31,Left rear,302,Same - Rear left,,Rear end,Passenger van,4 wheel drive / SUV,2,0,0,0,1,8,August,Winter,Tuesday,12:00 - 13:59,Midday / afternoon,False,False,True,True
1361342,Injury,Moderate Injury,2024,2024,August,Friday,12:00 - 13:59,LEMON TREE,RD,999999,Unknown/not stated,UNKNOWN,UK,LEMON TREE,,No,Not a school zone,2-way undivided,-33.134495,151.374794,Central Coast,Country non-urban,Syd-Newc-Woll Gtr conurbation,Curved,Steep grade,,,Nil,Unsealed,Dry,Fine,Daylight,Nil,No traffic controls,100 km/h,Local,88,Out of cont on bend,805,Out of control on bend,,Rollover,Motorcycle,,1,0,0,1,0,8,August,Winter,Friday,12:00 - 13:59,Midday / afternoon,False,False,True,True
1361343,Injury,Serious Injury,2024,2024,August,Sunday,06:00 - 07:59,PACIFIC,HWY,10,East,ARTHUR,ST,NORTH SYDNEY,10.0,No,Not a school zone,X-intersection,-33.841702,151.21003,North Sydney,Sydney metro. area,Syd-Newc-Woll Gtr conurbation,Curved,,,,Nil,Sealed,Dry,Fine,Daylight,Unknown / not stated,No traffic controls,60 km/h,State,30,Rear end,301,Same - Rear end,,Rear end,Car (sedan/hatch),Pedal cycle,2,0,1,0,0,8,August,Winter,Sunday,06:00 - 07:59,AM peak / school commute,True,False,True,True
1361344,Injury,Serious Injury,2024,2024,August,Thursday,06:00 - 07:59,CLOTHIERS CREEK,RD,0,Right on the spot,NUMBER 808,HN,CLOTHIERS CREEK,,No,Not a school zone,2-way undivided,-28.329799,153.493756,Tweed,Country urban,Rest of NSW - Urban,Curved,,,,Nil,Sealed,Wet,Raining,Daylight,Nil,No traffic controls,80 km/h,Local,20,Head on,201,Opp - Head on,,Head-on,Light truck utility(from 2018),4 wheel drive / SUV,2,0,1,0,0,8,August,Winter,Thursday,06:00 - 07:59,AM peak / school commute,True,False,True,True
1361345,Injury,Serious Injury,2024,2024,August,Thursday,08:00 - 09:59,CRYSTAL,ST,0,Right on the spot,CROYDON,ST,PETERSHAM,2007.0,No,Not a school zone,T-junction,-33.891215,151.158392,Inner West,Sydney metro. area,Syd-Newc-Woll Gtr conurbation,Straight,Foot/cycle path/nature strip,,,Off,Sealed,Dry,Fine,Daylight,Nil,Give way sign,60 km/h,Regional,87,Off lft/lft bnd=>obj,706,Left turn,Left,Vehicle - Object,Large rigid,,2,0,1,0,0,8,August,Winter,Thursday,08:00 - 09:59,AM peak / school commute,True,False,True,True
1361347,Injury,Moderate Injury,2024,2024,August,Tuesday,00:01 - 01:59,BEST,ST,0,Right on the spot,CLOSE,ST,PARKES,,No,Not a school zone,X-intersection,-33.142507,148.161808,Parkes,Country urban,Rest of NSW - Urban,Curved,,,,On,Sealed,Dry,Unknown,Darkness,Nil,Give way sign,50 km/h,Local,81,Off left/rt bnd=>obj,803,Off right bend into obj,Left,Vehicle - Object,Car (sedan/hatch),,1,0,0,1,0,8,August,Winter,Tuesday,00:01 - 01:59,Late night / early morning,False,False,True,True
1361350,Injury,Moderate Injury,2024,2024,May,Tuesday,16:00 - 17:59,WARAGIL,ST,0,Right on the spot,WOMBAT,ST,BLACKHEATH,,No,Not a school zone,T-junction,-33.628099,150.282412,Blue Mountains,Country urban,Syd-Newc-Woll Gtr conurbation,Straight,Steep grade,,Potholes/corrugations/rough,Off,Sealed,Dry,Fine,Daylight,Nil,No traffic controls,50 km/h,Local,74,On road-out of cont.,705,Out of control on cway,,Rollover,Motorcycle,,1,0,0,1,0,5,May,Autumn,Tuesday,16:00 - 17:59,PM peak / evening commute,True,False,True,True