crash_id,degree_of_crash,degree_of_crash_-_detailed,reporting_year,year_of_crash,month_of_crash,day_of_week_of_crash,two-hour_intervals,street_of_crash,street_type,distance,direction,identifying_feature,identifying_feature_type,town,route_no.,school_zone_location,school_zone_active,type_of_location,latitude,longitude,lga,urbanisation,conurbation_1,alignment,primary_permanent_feature,primary_temporary_feature,primary_hazardous_feature,street_lighting,road_surface,surface_condition,weather,natural_lighting,signals_operation,other_traffic_control,speed_limit,road_classification_(admin),rum_-_code,rum_-_description,dca_-_code,dca_-_description,dca_supplement,first_impact_type,key_tu_type,other_tu_type,no._of_traffic_units_involved,no._killed,no._seriously_injured,no._moderately_injured,no._minor-other_injured,month_num,month_label,season,day_label,time_label,time_band,is_peak_commute,is_fatal,is_injury,is_casualty
1361351,Injury,Moderate Injury,2024,2024,August,Friday,16:00 - 17:59,ARGYLE,ST,0,Right on the spot,WINDSOR RSL,CP,SOUTH WINDSOR,7208.0,No,Not a school zone,2-way undivided,-33.618909,150.811075,Hawkesbury,Country urban,Syd-Newc-Woll Gtr conurbation,Straight,Foot/cycle path/nature strip,,,Off,Sealed,Dry,Fine,Daylight,Nil,No traffic controls,50 km/h,Regional,1,Ped emerging,2,Ped - emerging,,Vehicle - Pedestrian,Light truck utility(from 2018),Pedestrian,2,0,0,1,0,8,August,Winter,Friday,16:00 - 17:59,PM peak / evening commute,True,False,True,True
1361357,Injury,Moderate Injury,2024,2024,June,Monday,20:00 - 21:59,THOMPSON,CRES,100,North,MILLS,ST,SOUTH TAMWORTH,,Yes,No,2-way undivided,-31.109964,150.913919,Tamworth Regional,Country urban,Rest of NSW - Urban,Curved,,,,On,Sealed,Dry,Fine,Darkness,Nil,No traffic controls,50 km/h,Local,20,Head on,201,Opp - Head on,,Head-on,4 wheel drive / SUV,4 wheel drive / SUV,2,0,0,1,0,6,June,Winter,Monday,20:00 - 21:59,Evening / night,False,False,True,True
1361358,Injury,Moderate Injury,2024,2024,July,Saturday,06:00 - 07:59,GOLDEN,HWY,3400,West,MANGOOLA,RD,DENMAN,27.0,No,Not a school zone,2-way undivided,-32.351124,150.663431,Muswellbrook,Country non-urban,Rest of NSW - Rural,Curved,Painted double centre lines,,,Nil,Sealed,Wet,Fine,Dawn,Nil,No traffic controls,100 km/h,State,20,Head on,201,Opp - Head on,,Head-on,Utility,B-double (road train prior 98),2,0,0,1,0,7,July,Winter,Saturday,06:00 - 07:59,AM peak / school commute,True,False,True,True
1361360,Injury,Moderate Injury,2024,2024,August,Tuesday,08:00 - 09:59,DARLING,ST,0,Right on the spot,VAUX,ST,COWRA,,No,Not a school zone,Roundabout,-33.837003,148.69329,Cowra,Country urban,Rest of NSW - Urban,Straight,,,,Off,Sealed,Wet,Overcast,Daylight,Nil,Give way sign,50 km/h,Local,74,On road-out of cont.,705,Out of control on cway,,Rollover,Motorcycle,,1,0,0,1,0,8,August,Winter,Tuesday,08:00 - 09:59,AM peak / school commute,True,False,True,True
1361361,Injury,Moderate Injury,2024,2024,August,Monday,14:00 - 15:59,BRISBANE,AVE,0,Right on the spot,MELBOURNE,AVE,UMINA BEACH,,No,Not a school zone,X-intersection,-33.521509,151.313988,Central Coast,Country urban,Syd-Newc-Woll Gtr conurbation,Straight,,,,Off,Sealed,Dry,Fine,Daylight,Nil,Give way sign,50 km/h,Local,0,Ped nearside,1,Ped - Near side,,Vehicle - Pedestrian,Car (sedan/hatch),Pedestrian,2,0,0,1,0,8,August,Winter,Monday,14:00 - 15:59,Midday / afternoon,False,False,True,True
1361362,Injury,Serious Injury,2024,2024,July,Monday,16:00 - 17:59,CRAIG,ST,0,Right on the spot,NUMBER 12,HN,BLACKTOWN,,No,Not a school zone,2-way undivided,-33.783162,150.8986,Blacktown,Sydney metro. area,Syd-Newc-Woll Gtr conurbation,Straight,Steep grade,,,Unknown / not stated,Sealed,Unknown,Unknown,Daylight,Nil,No traffic controls,50 km/h,Local,71,Off rd left => obj,703,Left off cway into object,,Other angle,Motorcycle,Car (sedan/hatch),4,0,1,0,0,7,July,Winter,Monday,16:00 - 17:59,PM peak / evening commute,True,False,True,True
1361363,Injury,Moderate Injury,2024,2024,August,Wednesday,12:00 - 13:59,CUMMINGS,ST,0,Right on the spot,SUTTOR,ST,WEST BATHURST,,Yes,No,T-junction,-33.41201,149.558782,Bathurst Regional,Country urban,Rest of NSW - Urban,Straight,Steep grade,,,Nil,Sealed,Dry,Fine,Daylight,Nil,Give way sign,50 km/h,Local,10,Cross traffic,101,Adj - Cross traffic,,Right angle,4 wheel drive / SUV,Car (sedan/hatch),2,0,0,1,0,8,August,Winter,Wednesday,12:00 - 13:59,Midday / afternoon,False,False,True,True
1361366,Injury,Minor/Other Injury,2024,2024,August,Friday,12:00 - 13:59,KEEN,ST,70,South,LARKIN,LANE,LISMORE,,No,Not a school zone,Divided road,-28.808725,153.278682,Lismore,Country urban,Rest of NSW - Urban,Straight,,,,Nil,Sealed,Dry,Fine,Daylight,Nil,No traffic controls,50 km/h,Local,1,Ped emerging,2,Ped - emerging,,Vehicle - Pedestrian,Car (sedan/hatch),Pedestrian,2,0,0,0,1,8,August,Winter,Friday,12:00 - 13:59,Midday / afternoon,False,False,True,True
1361372,Injury,Serious Injury,2024,2024,July,Sunday,10:00 - 11:59,KURRAJONG,RD,20,West,PLASSER,CRES,NORTH ST MARYS,,No,Not a school zone,2-way undivided,-33.760724,150.782835,Penrith,Sydney metro. area,Syd-Newc-Woll Gtr conurbation,Straight,,,,Off,Sealed,Dry,Fine,Daylight,Nil,No traffic controls,50 km/h,Local,42,Leaving parking,401,Manov - Leaving parking,,Other angle,Light truck utility(from 2018),Motorcycle,2,0,1,0,0,7,July,Winter,Sunday,10:00 - 11:59,Midday / afternoon,False,False,True,True
1361373,Injury,Minor/Other Injury,2024,2024,August,Tuesday,14:00 - 15:59,BRUXNER,HWY,10,North,FOLEYS,RD,SOUTH LISMORE,16.0,No,Not a school zone,X-intersection,-28.813597,153.26659,Lismore,Country urban,Rest of NSW - Urban,Straight,,,,Off,Sealed,Dry,Fine,Daylight,Nil,No traffic controls,60 km/h,State,30,Rear end,301,Same - Rear end,,Rear end,Motorcycle,Car (sedan/hatch),2,0,0,0,1,8,August,Winter,Tuesday,14:00 - 15:59,Midday / afternoon,False,False,True,True
1361375,Injury,Serious Injury,2024,2024,August,Tuesday,06:00 - 07:59,SCHOFIELDS,RD,30,West,WINDSOR,RD,ROUSE HILL,687.0,No,Not a school zone,Divided road,-33.690602,150.921907,Blacktown,Sydney metro. area,Syd-Newc-Woll Gtr conurbation,Curved,,,,Unknown / not stated,Sealed,Dry,Fog or mist,Daylight,Nil,No traffic controls,70 km/h,State,30,Rear end,301,Same - Rear end,,Rear end,Semi-trailer,4 wheel drive / SUV,2,0,1,1,0,8,August,Winter,Tuesday,06:00 - 07:59,AM peak / school commute,True,False,True,True
1361379,Injury,Minor/Other Injury,2024,2024,August,Monday,08:00 - 09:59,WESTERN,EXP,100,East,WESTERN DISTRIBUTOR,TO,LEICHHARDT,6004.0,No,Not a school zone,Dual freeway,-33.878743,151.158038,Inner West,Sydney metro. area,Syd-Newc-Woll Gtr conurbation,Straight,Underpass/tunnel,,,Unknown / not stated,Sealed,Dry,Fine,Daylight,Nil,No traffic controls,90 km/h,State,30,Rear end,301,Same - Rear end,,Rear end,4 wheel drive / SUV,Light truck utility(from 2018),2,0,0,0,1,8,August,Winter,Monday,08:00 - 09:59,AM peak / school commute,True,False,True,True
1361380,Injury,Serious Injury,2024,2024,August,Tuesday,08:00 - 09:59,THE LAKES,WAY,830,North,COOMBA,RD,CHARLOTTE BAY,111.0,No,Not a school zone,2-way undivided,-32.349946,152.512371,Mid-Coast,Country non-urban,Rest of NSW - Rural,Curved,Driveway/entrance,,,Unknown / not stated,Sealed,Dry,Fine,Daylight,Nil,No traffic controls,100 km/h,Regional,32,Right rear,303,Same - Rear right,,Rear end,Car (sedan/hatch),Light truck utility(from 2018),2,0,1,0,0,8,August,Winter,Tuesday,08:00 - 09:59,AM peak / school commute,True,False,True,True
1361384,Injury,Moderate Injury,2024,2024,September,Tuesday,16:00 - 17:59,ROBIN,ST,0,Right on the spot,WHITFORD,RD,HINCHINBROOK,,No,Not a school zone,T-junction,-33.914129,150.869215,Liverpool,Sydney metro. area,Syd-Newc-Woll Gtr conurbation,Curved,,,,Unknown / not stated,Sealed,Dry,Fine,Daylight,Nil,No traffic controls,50 km/h,Local,87,Off lft/lft bnd=>obj,804,Off left bend into obj,Left,Other angle,Car (sedan/hatch),Light truck utility(from 2018),3,0,0,1,0,9,September,Spring,Tuesday,16:00 - 17:59,PM peak / evening commute,True,False,True,True
1361386,Injury,Moderate Injury,2024,2024,September,Tuesday,14:00 - 15:59,BRIDGE,RD,0,Right on the spot,JENSEN,RD,GRIFFITH,,No,Not a school zone,T-junction,-34.292107,146.05388,Griffith,Country urban,Rest of NSW - Urban,Straight,,,,Unknown / not stated,Sealed,Dry,Fine,Daylight,Nil,No traffic controls,60 km/h,Local,21,Right through,202,Opp - Right-thru,,Other angle,Light truck utility(from 2018),Car (sedan/hatch),2,0,0,1,0,9,September,Spring,Tuesday,14:00 - 15:59,Midday / afternoon,False,False,True,True
1361389,Injury,Minor/Other Injury,2024,2024,August,Thursday,18:00 - 19:59,MORWICK,ST,0,Right on the spot,BELLS,LANE,STRATHFIELD,2027.0,No,Not a school zone,T-junction,-33.874801,151.094392,Burwood,Sydney metro. area,Syd-Newc-Woll Gtr conurbation,Straight,,,,Unknown / not stated,Sealed,Dry,Fine,Darkness,Nil,Give way sign,50 km/h,Regional,13,Right near,104,Adj - Right-thru from right,,Right angle,Car (sedan/hatch),Car (sedan/hatch),2,0,0,0,1,8,August,Winter,Thursday,18:00 - 19:59,PM peak / evening commute,True,False,True,True
1361390,Injury,Minor/Other Injury,2024,2024,August,Saturday,12:00 - 13:59,EDWARDS,RD,0,Right on the spot,NELSON,RD,BOX HILL,,No,Not a school zone,T-junction,-33.66064,150.914067,The Hills,Sydney metro. area,Syd-Newc-Woll Gtr conurbation,Curved,,,,Unknown / not stated,Sealed,Dry,Fine,Daylight,Nil,Give way sign,60 km/h,Local,13,Right near,104,Adj - Right-thru from right,,Right angle,Car (sedan/hatch),4 wheel drive / SUV,2,0,0,0,1,8,August,Winter,Saturday,12:00 - 13:59,Midday / afternoon,False,False,True,True
1361391,Injury,Minor/Other Injury,2024,2024,August,Thursday,16:00 - 17:59,HUNTER,ST,0,Right on the spot,NUMBER 12,HN,GRETA,,No,Not a school zone,2-way undivided,-32.682495,151.388733,Cessnock,Country urban,Rest of NSW - Urban,Curved,,,,Unknown / not stated,Sealed,Wet,Raining,Dusk,Nil,No traffic controls,50 km/h,Local,85,Off rt/lft bnd=>obj,804,Off left bend into obj,Right,Other angle,Station wagon,Other bus,2,0,0,0,1,8,August,Winter,Thursday,16:00 - 17:59,PM peak / evening commute,True,False,True,True
1361393,Injury,Moderate Injury,2024,2024,September,Wednesday,16:00 - 17:59,ILLAWARRA,HWY,0,Right on the spot,CALDERWOOD,RD,ALBION PARK,25.0,Yes,No,X-intersection,-34.571547,150.76538,Shellharbour,Wollongong met. area,Syd-Newc-Woll Gtr conurbation,Straight,,,,Unknown / not stated,Sealed,Dry,Fine,Dusk,On,No traffic controls,50 km/h,State,30,Rear end,301,Same - Rear end,,Rear end,Car (sedan/hatch),Car (sedan/hatch),2,0,0,1,0,9,September,Spring,Wednesday,16:00 - 17:59,PM peak / evening commute,True,False,True,True
1361394,Injury,Minor/Other Injury,2024,2024,August,Wednesday,14:00 - 15:59,GREAT WESTERN,HWY,0,Right on the spot,SAINT HILLIERS,RD,AUBURN,5.0,No,Not a school zone,X-intersection,-33.845062,151.042205,Cumberland,Sydney metro. area,Syd-Newc-Woll Gtr conurbation,Straight,,,,Unknown / not stated,Sealed,Dry,Fine,Daylight,On,No traffic controls,70 km/h,State,49,Other manoeuvring,400,Manov - other,,Other angle,Light truck utility(from 2018),4 wheel drive / SUV,2,0,0,0,1,8,August,Winter,Wednesday,14:00 - 15:59,Midday / afternoon,False,False,True,True
1361395,Injury,Serious Injury,2024,2024,September,Wednesday,06:00 - 07:59,GEORGE,ST,0,Right on the spot,TERRY,RD,BOX HILL,,No,Not a school zone,T-junction,-33.646305,150.900592,The Hills,Sydney metro. area,Syd-Newc-Woll Gtr conurbation,Straight,Steep grade,,,Unknown / not stated,Sealed,Dry,Fine,Daylight,Nil,Give way sign,60 km/h,Local,11,Right far,102,Adj - Right-thru from left,,Right angle,Car (sedan/hatch),Large rigid,2,0,1,0,0,9,September,Spring,Wednesday,06:00 - 07:59,AM peak / school commute,True,False,True,True
1361399,Injury,Minor/Other Injury,2024,2024,August,Tuesday,14:00 - 15:59,BOUNDARY,RD,10,West,VICTORIA,RD,PENNANT HILLS,656.0,Yes,No,T-junction,-33.737339,151.063117,Hornsby,Sydney metro. area,Syd-Newc-Woll Gtr conurbation,Straight,,,,Unknown / not stated,Sealed,Dry,Fine,Daylight,Nil,No traffic controls,60 km/h,State,35,Lane change left,307,Same - Lane change left,,Other angle,4 wheel drive / SUV,Motorcycle,2,0,0,0,1,8,August,Winter,Tuesday,14:00 - 15:59,Midday / afternoon,False,False,True,True
1361401,Injury,Moderate Injury,2024,2024,August,Wednesday,06:00 - 07:59,PACIFIC,HWY,0,Right on the spot,KISSING POINT,RD,TURRAMURRA,10.0,No,Not a school zone,T-junction,-33.733539,151.127998,Ku-ring-gai,Sydney metro. area,Syd-Newc-Woll Gtr conurbation,Curved,,,,On,Sealed,Dry,Fine,Dawn,On,No traffic controls,60 km/h,State,21,Right through,202,Opp - Right-thru,,Other angle,4 wheel drive / SUV,4 wheel drive / SUV,2,0,0,1,0,8,August,Winter,Wednesday,06:00 - 07:59,AM peak / school commute,True,False,True,True
1361405,Injury,Moderate Injury,2024,2024,August,Saturday,10:00 - 11:59,HUME,HWY,0,Right on the spot,SALTASH,ST,YAGOONA,2.0,No,Not a school zone,T-junction,-33.905036,151.010142,Canterbury-Bankstown,Sydney metro. area,Syd-Newc-Woll Gtr conurbation,Straight,,,,Unknown / not stated,Sealed,Dry,Fine,Daylight,Nil,Give way sign,70 km/h,State,13,Right near,104,Adj - Right-thru from right,,Right angle,Car (sedan/hatch),Light truck utility(from 2018),2,0,0,1,0,8,August,Winter,Saturday,10:00 - 11:59,Midday / afternoon,False,False,True,True
1361409,Injury,Minor/Other Injury,2024,2024,September,Sunday,12:00 - 13:59,NEWCASTLE,EXP,400,South,WINDYBANKS INTERCHANGE,TO,MOUNT KURING-GAI,6003.0,No,Not a school zone,Dual freeway,-33.641683,151.143847,Hornsby,Sydney metro. area,Syd-Newc-Woll Gtr conurbation,Curved,B'down lane/road shldr,,,Unknown / not stated,Sealed,Dry,Fine,Daylight,Nil,No traffic controls,110 km/h,State,81,Off left/rt bnd=>obj,803,Off right bend into obj,Left,Other angle,4 wheel drive / SUV,Station wagon,2,0,0,0,1,9,September,Spring,Sunday,12:00 - 13:59,Midday / afternoon,False,False,True,True
1361410,Injury,Moderate Injury,2024,2024,August,Friday,08:00 - 09:59,HARROW,RD,0,Right on the spot,NUMBER 10,HN,BEXLEY,169.0,No,Not a school zone,2-way undivided,-33.948639,151.128238,Bayside,Sydney metro. area,Syd-Newc-Woll Gtr conurbation,Straight,,,,Unknown / not stated,Sealed,Dry,Fine,Daylight,Nil,No traffic controls,60 km/h,State,33,Lane sideswipe,305,Same - Lane side swipe,,Other angle,Car (sedan/hatch),4 wheel drive / SUV,2,0,0,1,1,8,August,Winter,Friday,08:00 - 09:59,AM peak / school commute,True,False,True,True
1361414,Injury,Minor/Other Injury,2024,2024,August,Friday,08:00 - 09:59,THE HORSLEY,DR,0,Right on the spot,GORDON,ST,FAIRFIELD,609.0,No,Not a school zone,T-junction,-33.877352,150.965763,Fairfield,Sydney metro. area,Syd-Newc-Woll Gtr conurbation,Straight,,,,Unknown / not stated,Sealed,Dry,Fine,Daylight,On,No traffic controls,60 km/h,State,30,Rear end,301,Same - Rear end,,Rear end,Large rigid,Car (sedan/hatch),2,0,0,0,1,8,August,Winter,Friday,08:00 - 09:59,AM peak / school commute,True,False,True,True
1361418,Injury,Moderate Injury,2024,2024,August,Thursday,14:00 - 15:59,MCINTOSH,RD,0,Right on the spot,COUSINS,RD,BEACON HILL,7347.0,No,Not a school zone,X-intersection,-33.748356,151.263858,Northern Beaches,Sydney metro. area,Syd-Newc-Woll Gtr conurbation,Straight,,,,Off,Sealed,Dry,Fine,Daylight,Nil,Stop sign,50 km/h,Regional,21,Right through,202,Opp - Right-thru,,Other angle,Car (sedan/hatch),Car (sedan/hatch),2,0,0,1,0,8,August,Winter,Thursday,14:00 - 15:59,Midday / afternoon,False,False,True,True
1361422,Injury,Minor/Other Injury,2024,2024,August,Monday,04:00 - 05:59,SOUTH CREEK,RD,0,Right on the spot,TORONTO,AVE,WHEELER HEIGHTS,,No,Not a school zone,Roundabout,-33.732415,151.277317,Northern Beaches,Sydney metro. area,Syd-Newc-Woll Gtr conurbation,Curved,Steep grade,,,Unknown / not stated,Sealed,Dry,Fine,Dawn,Nil,Give way sign,50 km/h,Local,13,Right near,104,Adj - Right-thru from right,,Right angle,4 wheel drive / SUV,4 wheel drive / SUV,2,0,0,0,1,8,August,Winter,Monday,04:00 - 05:59,Late night / early morning,False,False,True,True
1361428,Injury,Minor/Other Injury,2024,2024,July,Tuesday,12:00 - 13:59,PRINCES,HWY,0,Right on the spot,LISBON,ST,SYLVANIA,1.0,No,Not a school zone,T-junction,-34.009403,151.098717,Sutherland,Sydney metro. area,Syd-Newc-Woll Gtr conurbation,Straight,,,,Unknown / not stated,Sealed,Dry,Fine,Daylight,Nil,No traffic controls,70 km/h,State,33,Lane sideswipe,305,Same - Lane side swipe,,Other angle,Utility,B-double (road train prior 98),2,0,0,0,1,7,July,Winter,Tuesday,12:00 - 13:59,Midday / afternoon,False,False,True,True
1361430,Injury,Minor/Other Injury,2024,2024,August,Friday,12:00 - 13:59,AVONDALE,RD,0,Right on the spot,HUNTLEY,RD,AVONDALE,,No,Not a school zone,T-junction,-34.514701,150.770505,Wollongong,Wollongong met. area,Syd-Newc-Woll Gtr conurbation,Curved,,,,Unknown / not stated,Sealed,Dry,Fine,Daylight,Nil,No traffic controls,80 km/h,Local,32,Right rear,303,Same - Rear right,,Rear end,4 wheel drive / SUV,4 wheel drive / SUV,2,0,0,0,1,8,August,Winter,Friday,12:00 - 13:59,Midday / afternoon,False,False,True,True
1361433,Injury,Minor/Other Injury,2024,2024,August,Wednesday,14:00 - 15:59,EDWIN,ST,10,West,VICTORIA,PL,DRUMMOYNE,165.0,No,Not a school zone,T-junction,-33.85263,151.155829,Canada Bay,Sydney metro. area,Syd-Newc-Woll Gtr conurbation,Straight,,,,Unknown / not stated,Sealed,Dry,Fine,Daylight,On,No traffic controls,60 km/h,State,43,Entering parking,402,Manov - Entering parking veh,,Other angle,Car (sedan/hatch),Car (sedan/hatch),2,0,0,0,1,8,August,Winter,Wednesday,14:00 - 15:59,Midday / afternoon,False,False,True,True
1361434,Injury,Minor/Other Injury,2024,2024,September,Sunday,10:00 - 11:59,KANANGRA,DR,0,Right on the spot,LINK,RD,CRANGAN BAY,,No,Not a school zone,T-junction,-33.172221,151.587466,Central Coast,Country urban,Syd-Newc-Woll Gtr conurbation,Straight,,,,Unknown / not stated,Unsealed,Dry,Fine,Daylight,Nil,Give way sign,80 km/h,Local,75,Off end of road,709,Off end cway or T junct,,Vehicle - Object,Car (sedan/hatch),,1,0,0,0,1,9,September,Spring,Sunday,10:00 - 11:59,Midday / afternoon,False,False,True,True
1361435,Injury,Moderate Injury,2024,2024,July,Wednesday,06:00 - 07:59,BURRENDONG,WAY,5000,North,BELGRAVIA,RD,MULLION CREEK,573.0,No,Not a school zone,2-way undivided,-33.096732,149.101472,Cabonne,Country non-urban,Rest of NSW - Rural,Curved,Embankment/cutting,,,Nil,Sealed,Dry,Fine,Dawn,Nil,No traffic controls,100 km/h,Regional,81,Off left/rt bnd=>obj,803,Off right bend into obj,Left,Vehicle - Object,Light truck utility(from 2018),,1,0,0,1,0,7,July,Winter,Wednesday,06:00 - 07:59,AM peak / school commute,True,False,True,True
1361438,Injury,Minor/Other Injury,2024,2024,September,Monday,06:00 - 07:59,WESTERN,EXP,1000,East,THE NORTHERN,RD,ORCHARD HILLS,6004.0,No,Not a school zone,Dual freeway,-33.785958,150.715249,Penrith,Sydney metro. area,Syd-Newc-Woll Gtr conurbation,Curved,,,,Unknown / not stated,Sealed,Dry,Fine,Daylight,Nil,No traffic controls,110 km/h,State,30,Rear end,301,Same - Rear end,,Rear end,Large rigid,Car (sedan/hatch),2,0,0,0,1,9,September,Spring,Monday,06:00 - 07:59,AM peak / school commute,True,False,True,True
1361440,Injury,Minor/Other Injury,2024,2024,August,Wednesday,12:00 - 13:59,BRIDGE,ST,10,West,PACIFIC,HWY,PYMBLE,10.0,No,Not a school zone,T-junction,-33.749268,151.145894,Ku-ring-gai,Sydney metro. area,Syd-Newc-Woll Gtr conurbation,Straight,Steep grade,,,Unknown / not stated,Sealed,Dry,Fine,Daylight,Off,No traffic controls,60 km/h,State,30,Rear end,301,Same - Rear end,,Rear end,Car (sedan/hatch),Car (sedan/hatch),2,0,0,0,1,8,August,Winter,Wednesday,12:00 - 13:59,Midday / afternoon,False,False,True,True
1361445,Injury,Moderate Injury,2024,2024,August,Tuesday,12:00 - 13:59,OCEAN,DR,0,Right on the spot,CRESTWOOD,DR,PORT MACQUARIE,600.0,No,Not a school zone,Roundabout,-31.468151,152.90889,Port Macquarie-Hastings,Country urban,Rest of NSW - Urban,Straight,,,,Unknown / not stated,Sealed,Dry,Fine,Daylight,Nil,Give way sign,60 km/h,Regional,21,Right through,202,Opp - Right-thru,,Other angle,Motorcycle,4 wheel drive / SUV,2,0,0,1,0,8,August,Winter,Tuesday,12:00 - 13:59,Midday / afternoon,False,False,True,True
1361446,Injury,Moderate Injury,2024,2024,September,Wednesday,12:00 - 13:59,BARRIER,HWY,13,West,WARNOCK,ST,BROKEN HILL,8.0,No,Not a school zone,2-way undivided,-31.956082,141.44682,Broken Hill,Country urban,Rest of NSW - Urban,Straight,,,,Unknown / not stated,Sealed,Dry,Fine,Daylight,Nil,No traffic controls,50 km/h,State,70,Off road to left,701,Off carriageway to left,,Rollover,Car (sedan/hatch),,1,0,0,1,0,9,September,Spring,Wednesday,12:00 - 13:59,Midday / afternoon,False,False,True,True
1361448,Injury,Minor/Other Injury,2024,2024,August,Tuesday,10:00 - 11:59,MILPERRA,RD,0,Right on the spot,EDGAR,ST,REVESBY,167.0,No,Not a school zone,X-intersection,-33.936084,151.011331,Canterbury-Bankstown,Sydney metro. area,Syd-Newc-Woll Gtr conurbation,Straight,,,,Unknown / not stated,Sealed,Dry,Fine,Daylight,On,No traffic controls,70 km/h,State,30,Rear end,301,Same - Rear end,,Rear end,Car (sedan/hatch),4 wheel drive / SUV,3,0,0,0,1,8,August,Winter,Tuesday,10:00 - 11:59,Midday / afternoon,False,False,True,True
1361450,Injury,Moderate Injury,2024,2024,September,Tuesday,18:00 - 19:59,VICTORIA,RD,0,Right on the spot,JAMES RUSE,DR,PARRAMATTA,165.0,No,Not a school zone,T-junction,-33.809156,151.022369,Parramatta,Sydney metro. area,Syd-Newc-Woll Gtr conurbation,Straight,,,,Unknown / not stated,Sealed,Dry,Fine,Darkness,On,No traffic controls,50 km/h,State,13,Right near,104,Adj - Right-thru from right,,Right angle,Car (sedan/hatch),Car (sedan/hatch),2,0,0,1,0,9,September,Spring,Tuesday,18:00 - 19:59,PM peak / evening commute,True,False,True,True
1361454,Injury,Moderate Injury,2024,2024,September,Sunday,12:00 - 13:59,KELVIN,RD,4000,North,RANGARI,RD,RANGARI,,No,Not a school zone,2-way undivided,-30.658653,150.478665,Gunnedah,Country non-urban,Rest of NSW - Rural,Curved,,,,Unknown / not stated,Unsealed,Dry,Fine,Daylight,Nil,No traffic controls,100 km/h,Local,20,Head on,201,Opp - Head on,,Head-on,Light truck utility(from 2018),Large rigid,2,0,0,1,0,9,September,Spring,Sunday,12:00 - 13:59,Midday / afternoon,False,False,True,True
1361455,Injury,Minor/Other Injury,2024,2024,August,Tuesday,22:00 - Midnight,CHURCH,ST,0,Right on the spot,MORRISON,RD,RYDE,200.0,No,Not a school zone,X-intersection,-33.817986,151.101382,Ryde,Sydney metro. area,Syd-Newc-Woll Gtr conurbation,Straight,,,,Unknown / not stated,Sealed,Dry,Fine,Darkness,On,No traffic controls,60 km/h,State,13,Right near,104,Adj - Right-thru from right,,Right angle,Car (sedan/hatch),Car (sedan/hatch),2,0,0,0,1,8,August,Winter,Tuesday,22:00 - Midnight,Evening / night,False,False,True,True
1361456,Injury,Minor/Other Injury,2024,2024,August,Sunday,16:00 - 17:59,VICTORIA,ST,0,Right on the spot,HASSALL,ST,SMITHFIELD,609.0,No,Not a school zone,X-intersection,-33.848867,150.922629,Fairfield,Sydney metro. area,Syd-Newc-Woll Gtr conurbation,Straight,,,,Unknown / not stated,Sealed,Dry,Fine,Daylight,On,No traffic controls,60 km/h,State,37,Left turn sideswipe,309,Same - Left turn side swipe,,Other angle,Car (sedan/hatch),Light truck utility(from 2018),2,0,0,0,1,8,August,Winter,Sunday,16:00 - 17:59,PM peak / evening commute,True,False,True,True
1361463,Injury,Moderate Injury,2024,2024,August,Monday,18:00 - 19:59,PACIFIC,HWY,0,Right on the spot,WOOLCOTT,AVE,WAHROONGA,10.0,No,Not a school zone,X-intersection,-33.71601,151.108738,Hornsby,Sydney metro. area,Syd-Newc-Woll Gtr conurbation,Curved,,,,Unknown / not stated,Sealed,Dry,Fine,Darkness,On,No traffic controls,60 km/h,State,21,Right through,202,Opp - Right-thru,,Other angle,Light truck,4 wheel drive / SUV,2,0,0,1,0,8,August,Winter,Monday,18:00 - 19:59,PM peak / evening commute,True,False,True,True
1361470,Injury,Minor/Other Injury,2024,2024,August,Sunday,14:00 - 15:59,OLD NORTHERN,RD,0,Right on the spot,NUMBER 879,HN,DURAL,160.0,Yes,No,2-way undivided,-33.684845,151.027553,The Hills,Sydney metro. area,Syd-Newc-Woll Gtr conurbation,Curved,Driveway/entrance,,,Unknown / not stated,Sealed,Dry,Fine,Daylight,Nil,No traffic controls,60 km/h,State,32,Right rear,303,Same - Rear right,,Rear end,Passenger van,Car (sedan/hatch),2,0,0,0,1,8,August,Winter,Sunday,14:00 - 15:59,Midday / afternoon,False,False,True,True
1361474,Injury,Minor/Other Injury,2024,2024,August,Wednesday,14:00 - 15:59,SPRINGHILL,RD,10,North,KEIRA,ST,WOLLONGONG,581.0,No,Not a school zone,T-junction,-34.440106,150.890927,Wollongong,Wollongong met. area,Syd-Newc-Woll Gtr conurbation,Straight,,,,Unknown / not stated,Sealed,Dry,Fine,Daylight,Unknown / not stated,No traffic controls,80 km/h,State,30,Rear end,301,Same - Rear end,,Rear end,Car (sedan/hatch),Light truck utility(from 2018),3,0,0,0,1,8,August,Winter,Wednesday,14:00 - 15:59,Midday / afternoon,False,False,True,True
1361479,Injury,Moderate Injury,2024,2024,September,Tuesday,18:00 - 19:59,TURF,ST,0,Right on the spot,HOOF,ST,GRAFTON,83.0,Yes,No,X-intersection,-29.674146,152.934122,Clarence Valley,Country urban,Rest of NSW - Urban,Straight,,,,Unknown / not stated,Sealed,Dry,Fine,Darkness,Nil,Give way sign,50 km/h,State,13,Right near,104,Adj - Right-thru from right,,Right angle,4 wheel drive / SUV,Car (sedan/hatch),2,0,0,1,0,9,September,Spring,Tuesday,18:00 - 19:59,PM peak / evening commute,True,False,True,True
1361480,Injury,Serious Injury,2024,2024,August,Thursday,10:00 - 11:59,QUARRY,RD,40,East,QUARRY,LANE,DURAL,,Yes,No,2-way undivided,-33.697232,151.040992,Hornsby,Sydney metro. area,Syd-Newc-Woll Gtr conurbation,Straight,,,,Nil,Sealed,Dry,Fine,Daylight,Nil,No traffic controls,60 km/h,Local,71,Off rd left => obj,703,Left off cway into object,,Other angle,4 wheel drive / SUV,4 wheel drive / SUV,4,0,1,1,0,8,August,Winter,Thursday,10:00 - 11:59,Midday / afternoon,False,False,True,True