crash_id,degree_of_crash,degree_of_crash_-_detailed,reporting_year,year_of_crash,month_of_crash,day_of_week_of_crash,two-hour_intervals,street_of_crash,street_type,distance,direction,identifying_feature,identifying_feature_type,town,route_no.,school_zone_location,school_zone_active,type_of_location,latitude,longitude,lga,urbanisation,conurbation_1,alignment,primary_permanent_feature,primary_temporary_feature,primary_hazardous_feature,street_lighting,road_surface,surface_condition,weather,natural_lighting,signals_operation,other_traffic_control,speed_limit,road_classification_(admin),rum_-_code,rum_-_description,dca_-_code,dca_-_description,dca_supplement,first_impact_type,key_tu_type,other_tu_type,no._of_traffic_units_involved,no._killed,no._seriously_injured,no._moderately_injured,no._minor-other_injured,month_num,month_label,season,day_label,time_label,time_band,is_peak_commute,is_fatal,is_injury,is_casualty
1361483,Injury,Minor/Other Injury,2024,2024,August,Wednesday,14:00 - 15:59,RICHARDSONS,CRES,170,South,CARRINGTON,RD,MARRICKVILLE,,No,Not a school zone,2-way undivided,-33.921521,151.156054,Inner West,Sydney metro. area,Syd-Newc-Woll Gtr conurbation,Straight,,,,Nil,Sealed,Dry,Fine,Daylight,Nil,Ped crossing,50 km/h,Local,30,Rear end,301,Same - Rear end,,Rear end,4 wheel drive / SUV,4 wheel drive / SUV,3,0,0,0,2,8,August,Winter,Wednesday,14:00 - 15:59,Midday / afternoon,False,False,True,True
1361485,Injury,Moderate Injury,2024,2024,August,Friday,10:00 - 11:59,GLENDENNING,RD,0,Right on the spot,NUMBER 30,HN,GLENDENNING,7160.0,No,Not a school zone,2-way undivided,-33.757968,150.85114,Blacktown,Sydney metro. area,Syd-Newc-Woll Gtr conurbation,Straight,Driveway/entrance,,,Unknown / not stated,Sealed,Dry,Fine,Daylight,Nil,No traffic controls,60 km/h,Regional,47,Emerging from drive,406,Manov - Emerging from driveway,,Right angle,Car (sedan/hatch),Car (sedan/hatch),2,0,0,1,0,8,August,Winter,Friday,10:00 - 11:59,Midday / afternoon,False,False,True,True
1361486,Injury,Moderate Injury,2024,2024,September,Monday,14:00 - 15:59,HAWKESBURY VALLEY,WAY,300,East,HOBART,ST,RICHMOND,184.0,No,Not a school zone,2-way undivided,-33.603076,150.768929,Hawkesbury,Country urban,Syd-Newc-Woll Gtr conurbation,Straight,,,,Unknown / not stated,Sealed,Dry,Fine,Daylight,Nil,No traffic controls,80 km/h,State,20,Head on,201,Opp - Head on,,Head-on,Car (sedan/hatch),Light truck utility(from 2018),2,0,0,1,0,9,September,Spring,Monday,14:00 - 15:59,Midday / afternoon,False,False,True,True
1361487,Injury,Minor/Other Injury,2024,2024,August,Thursday,14:00 - 15:59,PACIFIC,HWY,0,Right on the spot,MINNESOTA,RD,WADALBA,10.0,No,Not a school zone,X-intersection,-33.262809,151.464678,Central Coast,Country urban,Syd-Newc-Woll Gtr conurbation,Straight,,,,Unknown / not stated,Sealed,Dry,Fine,Daylight,On,No traffic controls,70 km/h,State,32,Right rear,303,Same - Rear right,,Rear end,4 wheel drive / SUV,Light truck utility(from 2018),2,0,0,0,1,8,August,Winter,Thursday,14:00 - 15:59,Midday / afternoon,False,False,True,True
1361492,Injury,Minor/Other Injury,2024,2024,September,Sunday,10:00 - 11:59,CUMBERLAND,HWY,0,Right on the spot,GOLLAN,AVE,OATLANDS,13.0,Yes,No,T-junction,-33.792773,151.01972,Parramatta,Sydney metro. area,Syd-Newc-Woll Gtr conurbation,Straight,,,,Unknown / not stated,Sealed,Dry,Fine,Daylight,Nil,Give way sign,60 km/h,State,33,Lane sideswipe,305,Same - Lane side swipe,,Other angle,4 wheel drive / SUV,Car (sedan/hatch),2,0,0,0,1,9,September,Spring,Sunday,10:00 - 11:59,Midday / afternoon,False,False,True,True
1361493,Injury,Serious Injury,2024,2024,August,Saturday,14:00 - 15:59,WESTERN,EXP,765,West,RESERVOIR ROAD,OP,EASTERN CREEK,6004.0,No,Not a school zone,Dual freeway,-33.802213,150.887747,Blacktown,Sydney metro. area,Syd-Newc-Woll Gtr conurbation,Straight,,,,Unknown / not stated,Sealed,Dry,Fine,Daylight,Nil,No traffic controls,100 km/h,State,30,Rear end,301,Same - Rear end,,Rear end,Car (sedan/hatch),Passenger van,3,0,1,0,0,8,August,Winter,Saturday,14:00 - 15:59,Midday / afternoon,False,False,True,True
1361494,Injury,Minor/Other Injury,2024,2024,August,Friday,10:00 - 11:59,MILLEWA,AVE,999999,Unknown/not stated,UNKNOWN,UK,WAHROONGA,,No,Not a school zone,2-way undivided,-33.719237,151.119048,Ku-ring-gai,Sydney metro. area,Syd-Newc-Woll Gtr conurbation,Straight,,,,Unknown / not stated,Sealed,Dry,Fine,Daylight,Nil,Unknown,50 km/h,Local,30,Rear end,301,Same - Rear end,,Rear end,Car (sedan/hatch),Car (sedan/hatch),3,0,0,0,1,8,August,Winter,Friday,10:00 - 11:59,Midday / afternoon,False,False,True,True
1361496,Injury,Minor/Other Injury,2024,2024,August,Monday,12:00 - 13:59,LANCASTER,ST,0,Right on the spot,NEWTON,RD,BLACKTOWN,7465.0,No,Not a school zone,X-intersection,-33.771977,150.891949,Blacktown,Sydney metro. area,Syd-Newc-Woll Gtr conurbation,Straight,,,,Unknown / not stated,Sealed,Dry,Fine,Daylight,On,Ped crossing,60 km/h,Regional,0,Ped nearside,1,Ped - Near side,,Vehicle - Pedestrian,Car (sedan/hatch),Pedestrian,2,0,0,0,1,8,August,Winter,Monday,12:00 - 13:59,Midday / afternoon,False,False,True,True
1361499,Injury,Serious Injury,2024,2024,August,Tuesday,10:00 - 11:59,BESTIC,ST,0,Right on the spot,RICHMOND,ST,ROCKDALE,7037.0,No,Not a school zone,X-intersection,-33.949591,151.147812,Bayside,Sydney metro. area,Syd-Newc-Woll Gtr conurbation,Straight,,,,Unknown / not stated,Sealed,Dry,Fine,Daylight,Nil,Give way sign,60 km/h,Regional,21,Right through,202,Opp - Right-thru,,Other angle,Car (sedan/hatch),Motorcycle,2,0,1,0,0,8,August,Winter,Tuesday,10:00 - 11:59,Midday / afternoon,False,False,True,True
1361500,Injury,Moderate Injury,2024,2024,August,Saturday,14:00 - 15:59,ABBOTT,RD,0,Right on the spot,SEVEN HILLS,RD,SEVEN HILLS,644.0,No,Not a school zone,T-junction,-33.768007,150.943317,Blacktown,Sydney metro. area,Syd-Newc-Woll Gtr conurbation,Straight,Steep grade,,,Nil,Sealed,Dry,Fine,Daylight,Nil,No traffic controls,60 km/h,State,34,Lane change right,306,Same - Lane change right,,Other angle,Car (sedan/hatch),Light truck utility(from 2018),2,0,0,1,0,8,August,Winter,Saturday,14:00 - 15:59,Midday / afternoon,False,False,True,True
1361502,Injury,Minor/Other Injury,2024,2024,August,Tuesday,06:00 - 07:59,MILITARY,RD,0,Right on the spot,MURDOCH,ST,CREMORNE,164.0,Yes,No,X-intersection,-33.830326,151.226499,North Sydney,Sydney metro. area,Syd-Newc-Woll Gtr conurbation,Straight,,,,Unknown / not stated,Sealed,Dry,Fine,Dawn,On,No traffic controls,60 km/h,State,20,Head on,201,Opp - Head on,,Head-on,Light truck utility(from 2018),Light truck,2,0,0,0,1,8,August,Winter,Tuesday,06:00 - 07:59,AM peak / school commute,True,False,True,True
1361510,Injury,Minor/Other Injury,2024,2024,August,Tuesday,12:00 - 13:59,COURT,RD,999999,Unknown/not stated,UNKNOWN,UK,FAIRFIELD,,No,Not a school zone,2-way undivided,-33.869427,150.957508,Fairfield,Sydney metro. area,Syd-Newc-Woll Gtr conurbation,Straight,,,,Unknown / not stated,Sealed,Dry,Fine,Daylight,Nil,No traffic controls,40 km/h,Local,30,Rear end,301,Same - Rear end,,Rear end,4 wheel drive / SUV,4 wheel drive / SUV,3,0,0,0,1,8,August,Winter,Tuesday,12:00 - 13:59,Midday / afternoon,False,False,True,True
1361513,Injury,Moderate Injury,2024,2024,August,Thursday,06:00 - 07:59,ST ALBANS,RD,1000,South,UPPER MACDONALD,RD,ST ALBANS,181.0,No,Not a school zone,2-way undivided,-33.295614,150.977881,Hawkesbury,Country urban,Syd-Newc-Woll Gtr conurbation,Curved,,,,Unknown / not stated,Sealed,Dry,Fine,Dawn,Nil,No traffic controls,80 km/h,Regional,85,Off rt/lft bnd=>obj,804,Off left bend into obj,Right,Vehicle - Object,4 wheel drive / SUV,,1,0,0,1,0,8,August,Winter,Thursday,06:00 - 07:59,AM peak / school commute,True,False,True,True
1361514,Injury,Moderate Injury,2024,2024,June,Saturday,18:00 - 19:59,CANTERBURY,RD,0,Right on the spot,THORNCRAFT,PDE,CAMPSIE,167.0,No,Not a school zone,X-intersection,-33.920184,151.09964,Canterbury-Bankstown,Sydney metro. area,Syd-Newc-Woll Gtr conurbation,Straight,,,,Unknown / not stated,Sealed,Wet,Raining,Darkness,On,No traffic controls,60 km/h,State,10,Cross traffic,101,Adj - Cross traffic,,Right angle,4 wheel drive / SUV,Light truck utility(from 2018),3,0,0,2,1,6,June,Winter,Saturday,18:00 - 19:59,PM peak / evening commute,True,False,True,True
1361515,Injury,Minor/Other Injury,2024,2024,August,Friday,14:00 - 15:59,EASTERN DISTRIBUTOR,EXP,50,South,SOUTH DOWLING STREET,TO,SURRY HILLS,6007.0,No,Not a school zone,Dual freeway,-33.887888,151.217753,Sydney,Sydney metro. area,Syd-Newc-Woll Gtr conurbation,Straight,Underpass/tunnel,,,Unknown / not stated,Sealed,Dry,Fine,Daylight,Nil,No traffic controls,80 km/h,State,39,Other same direction,300,Same - other,,Other angle,Light truck utility(from 2018),Car (sedan/hatch),3,0,0,0,1,8,August,Winter,Friday,14:00 - 15:59,Midday / afternoon,False,False,True,True
1361516,Injury,Moderate Injury,2024,2024,September,Monday,06:00 - 07:59,DAVID,ST,0,Right on the spot,DOBELL,DR,WANGI WANGI,,No,Not a school zone,X-intersection,-33.067804,151.578193,Lake Macquarie,Newcastle met. area,Syd-Newc-Woll Gtr conurbation,Curved,,,,Unknown / not stated,Sealed,Dry,Fine,Daylight,Nil,Stop sign,50 km/h,Local,10,Cross traffic,101,Adj - Cross traffic,,Right angle,Large rigid,Light truck utility(from 2018),2,0,0,1,0,9,September,Spring,Monday,06:00 - 07:59,AM peak / school commute,True,False,True,True
1361518,Injury,Minor/Other Injury,2024,2024,September,Sunday,10:00 - 11:59,BARRIER,HWY,140000,West,SUNSET,DR,NOONA,8.0,No,Not a school zone,2-way undivided,-31.554764,144.417218,Cobar,Country non-urban,Rest of NSW - Rural,Straight,,,,Unknown / not stated,Sealed,Dry,Fine,Daylight,Nil,No traffic controls,110 km/h,State,74,On road-out of cont.,705,Out of control on cway,,Rollover,Unknown motor vehicle,,1,0,0,0,1,9,September,Spring,Sunday,10:00 - 11:59,Midday / afternoon,False,False,True,True
1361525,Injury,Minor/Other Injury,2024,2024,August,Friday,18:00 - 19:59,HUME,HWY,0,Right on the spot,CAMDEN VALLEY WAY,TO,EDMONDSON PARK,2.0,No,Not a school zone,Dual freeway,-33.96291,150.875302,Liverpool,Sydney metro. area,Syd-Newc-Woll Gtr conurbation,Straight,,,,Unknown / not stated,Sealed,Dry,Fine,Darkness,Nil,No traffic controls,100 km/h,State,30,Rear end,301,Same - Rear end,,Rear end,Car (sedan/hatch),4 wheel drive / SUV,3,0,0,0,1,8,August,Winter,Friday,18:00 - 19:59,PM peak / evening commute,True,False,True,True
1361527,Injury,Serious Injury,2024,2024,August,Saturday,16:00 - 17:59,PACIFIC,HWY,0,Right on the spot,PRINCES STREET,OP,CUNDLETOWN,10.0,No,Not a school zone,Divided road,-31.899603,152.533051,Mid-Coast,Country non-urban,Rest of NSW - Rural,Straight,Underpass/tunnel,,,Unknown / not stated,Sealed,Dry,Fine,Dusk,Nil,No traffic controls,110 km/h,Regional,71,Off rd left => obj,703,Left off cway into object,,Vehicle - Object,Light truck utility(from 2018),,1,0,1,0,0,8,August,Winter,Saturday,16:00 - 17:59,PM peak / evening commute,True,False,True,True
1361528,Injury,Minor/Other Injury,2024,2024,July,Wednesday,08:00 - 09:59,PACIFIC,HWY,10,South,LORNE,AVE,KILLARA,10.0,No,Not a school zone,T-junction,-33.765217,151.156771,Ku-ring-gai,Sydney metro. area,Syd-Newc-Woll Gtr conurbation,Straight,,,,Unknown / not stated,Sealed,Dry,Fine,Daylight,On,No traffic controls,60 km/h,State,30,Rear end,301,Same - Rear end,,Rear end,Car (sedan/hatch),Car (sedan/hatch),3,0,0,0,1,7,July,Winter,Wednesday,08:00 - 09:59,AM peak / school commute,True,False,True,True
1361530,Injury,Moderate Injury,2024,2024,September,Sunday,20:00 - 21:59,CAMDEN VALLEY,WAY,0,Right on the spot,FAIRWATER,DR,HARRINGTON PARK,620.0,No,Not a school zone,T-junction,-34.037285,150.744861,Camden,Sydney metro. area,Syd-Newc-Woll Gtr conurbation,Curved,,,,Unknown / not stated,Sealed,Dry,Fine,Darkness,On,No traffic controls,80 km/h,State,21,Right through,202,Opp - Right-thru,,Other angle,Car (sedan/hatch),Car (sedan/hatch),2,0,0,1,0,9,September,Spring,Sunday,20:00 - 21:59,Evening / night,False,False,True,True
1361532,Injury,Minor/Other Injury,2024,2024,July,Tuesday,08:00 - 09:59,MONA VALE,RD,60,West,TUMBURRA,ST,INGLESIDE,162.0,No,Not a school zone,2-way undivided,-33.685465,151.251179,Northern Beaches,Sydney metro. area,Syd-Newc-Woll Gtr conurbation,Straight,Steep grade,,,Unknown / not stated,Sealed,Dry,Fine,Daylight,Nil,No traffic controls,70 km/h,State,30,Rear end,301,Same - Rear end,,Rear end,Station wagon,4 wheel drive / SUV,2,0,0,0,1,7,July,Winter,Tuesday,08:00 - 09:59,AM peak / school commute,True,False,True,True
1361541,Injury,Minor/Other Injury,2024,2024,June,Friday,10:00 - 11:59,MAIN,RD,100,South,AVERYS,LANE,HEDDON GRETA,195.0,No,Not a school zone,2-way undivided,-32.802176,151.514088,Cessnock,Country urban,Rest of NSW - Urban,Straight,,,,Unknown / not stated,Sealed,Dry,Fine,Daylight,Nil,No traffic controls,60 km/h,State,29,Other opposing,200,Opp - other,,Other angle,Station wagon,4 wheel drive / SUV,4,0,0,0,1,6,June,Winter,Friday,10:00 - 11:59,Midday / afternoon,False,False,True,True
1361543,Injury,Serious Injury,2024,2024,September,Monday,06:00 - 07:59,KING GEORGES,RD,0,Right on the spot,TERRY,ST,BLAKEHURST,200.0,No,Not a school zone,X-intersection,-33.983423,151.109296,Georges River,Sydney metro. area,Syd-Newc-Woll Gtr conurbation,Straight,,,,Unknown / not stated,Sealed,Dry,Fine,Daylight,On,No traffic controls,70 km/h,State,30,Rear end,301,Same - Rear end,,Rear end,Car (sedan/hatch),Car (sedan/hatch),2,0,1,0,0,9,September,Spring,Monday,06:00 - 07:59,AM peak / school commute,True,False,True,True
1361546,Injury,Serious Injury,2024,2024,August,Thursday,16:00 - 17:59,RIVER BANK,RD,0,Right on the spot,NUMBER 338,HN,MONALTRIE,,No,Not a school zone,2-way undivided,-28.867384,153.271303,Lismore,Country urban,Rest of NSW - Urban,Straight,,,,Nil,Sealed,Dry,Fine,Daylight,Nil,No traffic controls,80 km/h,Local,74,On road-out of cont.,705,Out of control on cway,,Rollover,Motorcycle,,1,0,1,0,0,8,August,Winter,Thursday,16:00 - 17:59,PM peak / evening commute,True,False,True,True
1361549,Injury,Minor/Other Injury,2024,2024,July,Friday,16:00 - 17:59,MELBOURNE,ST,50,North,ADA,ST,CONCORD,,No,Not a school zone,2-way undivided,-33.867132,151.100426,Canada Bay,Sydney metro. area,Syd-Newc-Woll Gtr conurbation,Straight,,,,Nil,Sealed,Dry,Fine,Daylight,Nil,No traffic controls,50 km/h,Local,73,Off rd rght => obj,704,Right off cway into obj,,Vehicle - Object,Car (sedan/hatch),,2,0,0,0,1,7,July,Winter,Friday,16:00 - 17:59,PM peak / evening commute,True,False,True,True
1361550,Injury,Moderate Injury,2024,2024,August,Thursday,06:00 - 07:59,LANG,ST,0,Right on the spot,WEST,AVE,GLEN INNES,,No,Not a school zone,T-junction,-29.742599,151.731469,Glen Innes Severn,Country urban,Rest of NSW - Urban,Straight,Other bridge,,,Off,Sealed,Dry,Fine,Daylight,Nil,Give way sign,50 km/h,Local,71,Off rd left => obj,703,Left off cway into object,,Vehicle - Object,Light truck utility(from 2018),,1,0,0,1,0,8,August,Winter,Thursday,06:00 - 07:59,AM peak / school commute,True,False,True,True
1361557,Injury,Minor/Other Injury,2024,2024,August,Thursday,14:00 - 15:59,BRENAN,ST,0,Right on the spot,GIPPS,RD,SMITHFIELD,,No,Not a school zone,Roundabout,-33.85485,150.921418,Fairfield,Sydney metro. area,Syd-Newc-Woll Gtr conurbation,Straight,Steep grade,,,Nil,Sealed,Dry,Fine,Daylight,Nil,Give way sign,50 km/h,Local,10,Cross traffic,101,Adj - Cross traffic,,Right angle,4 wheel drive / SUV,Car (sedan/hatch),2,0,0,0,2,8,August,Winter,Thursday,14:00 - 15:59,Midday / afternoon,False,False,True,True
1361559,Injury,Moderate Injury,2024,2024,September,Tuesday,22:00 - Midnight,GOWINGS HILL,RD,100,West,OAKLAND,RD,DONDINGALONG,,No,Not a school zone,2-way undivided,-31.100297,152.748623,Kempsey,Country urban,Rest of NSW - Urban,Curved,Steep grade,,,Nil,Sealed,Dry,Fine,Darkness,Nil,No traffic controls,80 km/h,Local,85,Off rt/lft bnd=>obj,804,Off left bend into obj,Right,Vehicle - Object,4 wheel drive / SUV,,1,0,0,1,0,9,September,Spring,Tuesday,22:00 - Midnight,Evening / night,False,False,True,True
1361562,Injury,Moderate Injury,2024,2024,August,Wednesday,12:00 - 13:59,VIOLET TOWN,RD,0,Right on the spot,NUMBER 12,HN,MOUNT HUTTON,,No,Not a school zone,2-way undivided,-32.98899,151.670577,Lake Macquarie,Newcastle met. area,Syd-Newc-Woll Gtr conurbation,Curved,Steep grade,,,Nil,Sealed,Wet,Raining,Daylight,Nil,No traffic controls,60 km/h,Local,87,Off lft/lft bnd=>obj,804,Off left bend into obj,Left,Other angle,Car (sedan/hatch),4 wheel drive / SUV,3,0,0,1,0,8,August,Winter,Wednesday,12:00 - 13:59,Midday / afternoon,False,False,True,True
1361563,Injury,Moderate Injury,2024,2024,August,Saturday,16:00 - 17:59,NEWELL,HWY,0,Right on the spot,EDWARDS,ST,COONABARABRAN,17.0,No,Not a school zone,X-intersection,-31.277369,149.278878,Warrumbungle,Country urban,Rest of NSW - Urban,Straight,,,,Nil,Sealed,Dry,Fine,Daylight,Nil,Give way sign,50 km/h,State,10,Cross traffic,101,Adj - Cross traffic,,Right angle,Light truck utility(from 2018),4 wheel drive / SUV,2,0,0,1,0,8,August,Winter,Saturday,16:00 - 17:59,PM peak / evening commute,True,False,True,True
1361565,Injury,Moderate Injury,2024,2024,August,Tuesday,10:00 - 11:59,NOORONG,ST,0,Right on the spot,WAKOOL,ST,BARHAM,,Yes,No,X-intersection,-35.628158,144.128522,Murray River,Country urban,Rest of NSW - Urban,Straight,,,,Off,Sealed,Wet,Overcast,Daylight,Nil,Give way sign,50 km/h,Local,10,Cross traffic,101,Adj - Cross traffic,,Right angle,Light truck utility(from 2018),Light truck utility(from 2018),2,0,0,1,0,8,August,Winter,Tuesday,10:00 - 11:59,Midday / afternoon,False,False,True,True
1361568,Injury,Minor/Other Injury,2024,2024,August,Sunday,06:00 - 07:59,BEECROFT,RD,50,South,LYNE,RD,CHELTENHAM,139.0,No,Not a school zone,2-way undivided,-33.759702,151.07904,Hornsby,Sydney metro. area,Syd-Newc-Woll Gtr conurbation,Straight,,,,Nil,Sealed,Dry,Fine,Dawn,Nil,No traffic controls,60 km/h,State,30,Rear end,301,Same - Rear end,,Rear end,Car (sedan/hatch),Pedal cycle,4,0,0,0,1,8,August,Winter,Sunday,06:00 - 07:59,AM peak / school commute,True,False,True,True
1361571,Injury,Moderate Injury,2024,2024,May,Tuesday,16:00 - 17:59,ELIZABETH,ST,20,South,ELIZABETH,ST,SURRY HILLS,7083.0,No,Not a school zone,2-way undivided,-33.883606,151.20834,Sydney,Sydney metro. area,Syd-Newc-Woll Gtr conurbation,Straight,,,,On,Sealed,Dry,Fine,Daylight,Nil,No traffic controls,40 km/h,Regional,35,Lane change left,307,Same - Lane change left,,Other angle,Unknown motor vehicle,Pedal cycle,2,0,0,1,0,5,May,Autumn,Tuesday,16:00 - 17:59,PM peak / evening commute,True,False,True,True
1361576,Injury,Serious Injury,2024,2024,August,Friday,12:00 - 13:59,COWPER,ST,0,Right on the spot,WENTWORTH,ST,GLEBE,,No,Not a school zone,X-intersection,-33.879829,151.193043,Sydney,Sydney metro. area,Syd-Newc-Woll Gtr conurbation,Straight,,,,Nil,Sealed,Dry,Fine,Daylight,Nil,Give way sign,40 km/h,Local,10,Cross traffic,101,Adj - Cross traffic,,Right angle,Pedal cycle,Car (sedan/hatch),2,0,1,0,0,8,August,Winter,Friday,12:00 - 13:59,Midday / afternoon,False,False,True,True
1361578,Injury,Moderate Injury,2024,2024,August,Wednesday,14:00 - 15:59,ABUKLEA,RD,0,Right on the spot,NUMBER 108,HN,MARSFIELD,,No,Not a school zone,2-way undivided,-33.782452,151.100788,Ryde,Sydney metro. area,Syd-Newc-Woll Gtr conurbation,Straight,,,,Off,Sealed,Dry,Fine,Daylight,Nil,No traffic controls,50 km/h,Local,71,Off rd left => obj,703,Left off cway into object,,Other angle,Car (sedan/hatch),Car (sedan/hatch),2,0,0,1,0,8,August,Winter,Wednesday,14:00 - 15:59,Midday / afternoon,False,False,True,True
1361586,Injury,Minor/Other Injury,2024,2024,August,Friday,16:00 - 17:59,PLUMER,RD,40,West,O'SULLIVAN,RD,ROSE BAY,,No,Not a school zone,2-way undivided,-33.87547,151.259869,Woollahra,Sydney metro. area,Syd-Newc-Woll Gtr conurbation,Straight,Driveway/entrance,,,Off,Sealed,Dry,Fine,Daylight,Nil,No traffic controls,50 km/h,Local,53,Overtake turning,506,Ovtak - Overtaking right turn,,Other angle,Motor scooter,4 wheel drive / SUV,2,0,0,0,1,8,August,Winter,Friday,16:00 - 17:59,PM peak / evening commute,True,False,True,True
1361593,Injury,Serious Injury,2024,2024,August,Friday,06:00 - 07:59,HUME,HWY,0,Right on the spot,THE HORSLEY,DR,LANSDOWNE,2.0,No,Not a school zone,T-junction,-33.889113,150.969748,Canterbury-Bankstown,Sydney metro. area,Syd-Newc-Woll Gtr conurbation,Curved,,,,On,Sealed,Dry,Fine,Daylight,On,No traffic controls,70 km/h,State,11,Right far,102,Adj - Right-thru from left,,Right angle,Motorcycle,Light truck utility(from 2018),2,0,1,0,0,8,August,Winter,Friday,06:00 - 07:59,AM peak / school commute,True,False,True,True
1361595,Injury,Serious Injury,2024,2024,April,Sunday,02:00 - 03:59,BOYDHART,ST,100,West,SWIFT,ST,GRANTHAM FARM,,No,Not a school zone,2-way undivided,-33.659519,150.869627,Blacktown,Sydney metro. area,Syd-Newc-Woll Gtr conurbation,Straight,,,,On,Sealed,Dry,Fine,Darkness,Nil,No traffic controls,50 km/h,Local,71,Off rd left => obj,703,Left off cway into object,,Other angle,Light truck utility(from 2018),4 wheel drive / SUV,2,0,1,0,0,4,April,Autumn,Sunday,02:00 - 03:59,Late night / early morning,False,False,True,True
1361596,Injury,Serious Injury,2024,2024,August,Sunday,12:00 - 13:59,ILLAWARRA,HWY,0,Right on the spot,CAMP,ST,ROBERTSON,25.0,No,Not a school zone,X-intersection,-34.589371,150.601534,Wingecarribee,Country urban,Rest of NSW - Urban,Curved,,,,Off,Sealed,Dry,Fine,Daylight,Nil,Stop sign,50 km/h,State,13,Right near,104,Adj - Right-thru from right,,Right angle,4 wheel drive / SUV,Motorcycle,2,0,1,0,0,8,August,Winter,Sunday,12:00 - 13:59,Midday / afternoon,False,False,True,True
1361600,Injury,Serious Injury,2024,2024,July,Saturday,08:00 - 09:59,KING GEORGES,RD,0,Right on the spot,NUMBER 134-136,HN,WILEY PARK,200.0,Yes,No,Divided road,-33.925255,151.0699,Canterbury-Bankstown,Sydney metro. area,Syd-Newc-Woll Gtr conurbation,Straight,Driveway/entrance,,,Off,Sealed,Dry,Fine,Daylight,Nil,No traffic controls,60 km/h,State,47,Emerging from drive,406,Manov - Emerging from driveway,,Right angle,4 wheel drive / SUV,Car (sedan/hatch),2,0,1,1,0,7,July,Winter,Saturday,08:00 - 09:59,AM peak / school commute,True,False,True,True
1361602,Injury,Moderate Injury,2024,2024,August,Tuesday,16:00 - 17:59,BENNETT,RD,35,South,SHEPHERD,ST,COLYTON,,No,Not a school zone,2-way undivided,-33.786234,150.790296,Penrith,Sydney metro. area,Syd-Newc-Woll Gtr conurbation,Straight,Spd hump/slow pt/chc,,,Nil,Sealed,Dry,Fine,Dusk,Nil,No traffic controls,50 km/h,Local,30,Rear end,301,Same - Rear end,,Rear end,Car (sedan/hatch),Motorcycle,2,0,0,1,0,8,August,Winter,Tuesday,16:00 - 17:59,PM peak / evening commute,True,False,True,True
1361606,Injury,Moderate Injury,2024,2024,August,Sunday,12:00 - 13:59,RAILWAY,PDE,0,Right on the spot,EMPRESS,ST,HURSTVILLE,7006.0,No,Not a school zone,T-junction,-33.968658,151.104995,Georges River,Sydney metro. area,Syd-Newc-Woll Gtr conurbation,Straight,,,,Nil,Sealed,Dry,Fine,Daylight,Nil,Give way sign,50 km/h,Regional,37,Left turn sideswipe,309,Same - Left turn side swipe,,Other angle,4 wheel drive / SUV,Motor scooter,2,0,0,1,0,8,August,Winter,Sunday,12:00 - 13:59,Midday / afternoon,False,False,True,True
1361611,Injury,Serious Injury,2024,2024,August,Friday,18:00 - 19:59,PALMYRA,AVE,0,Right on the spot,FORRESTER,RD,LETHBRIDGE PARK,7164.0,No,Not a school zone,T-junction,-33.732582,150.797335,Blacktown,Sydney metro. area,Syd-Newc-Woll Gtr conurbation,Straight,,,,On,Sealed,Dry,Fine,Darkness,On,No traffic controls,60 km/h,Regional,21,Right through,202,Opp - Right-thru,,Other angle,Car (sedan/hatch),4 wheel drive / SUV,2,0,1,0,1,8,August,Winter,Friday,18:00 - 19:59,PM peak / evening commute,True,False,True,True
1361614,Injury,Moderate Injury,2024,2024,June,Sunday,00:01 - 01:59,LAKE ENTRANCE,RD,0,Right on the spot,KING,ST,WARILLA,611.0,No,Not a school zone,T-junction,-34.554053,150.854461,Shellharbour,Wollongong met. area,Syd-Newc-Woll Gtr conurbation,Straight,,,,On,Sealed,Wet,Raining,Darkness,On,No traffic controls,70 km/h,State,71,Off rd left => obj,703,Left off cway into object,,Vehicle - Object,Car (sedan/hatch),,1,0,0,1,0,6,June,Winter,Sunday,00:01 - 01:59,Late night / early morning,False,False,True,True
1361619,Injury,Minor/Other Injury,2024,2024,September,Wednesday,10:00 - 11:59,WOODVILLE,RD,0,Right on the spot,TANGERINE,ST,VILLAWOOD,640.0,No,Not a school zone,T-junction,-33.877246,150.980586,Fairfield,Sydney metro. area,Syd-Newc-Woll Gtr conurbation,Straight,,,,Nil,Sealed,Dry,Fine,Daylight,Unknown / not stated,No traffic controls,70 km/h,State,30,Rear end,301,Same - Rear end,,Rear end,Light truck utility(from 2018),4 wheel drive / SUV,3,0,0,0,1,9,September,Spring,Wednesday,10:00 - 11:59,Midday / afternoon,False,False,True,True
1361620,Injury,Moderate Injury,2024,2024,August,Sunday,00:01 - 01:59,MULLINS,RD,0,Right on the spot,PEACHTREE,RD,PENRITH,,No,Not a school zone,T-junction,-33.744512,150.687553,Penrith,Sydney metro. area,Syd-Newc-Woll Gtr conurbation,Curved,,,,On,Sealed,Dry,Fine,Darkness,Nil,Give way sign,50 km/h,Local,81,Off left/rt bnd=>obj,803,Off right bend into obj,Left,Vehicle - Object,Light truck utility(from 2018),,1,0,0,1,0,8,August,Winter,Sunday,00:01 - 01:59,Late night / early morning,False,False,True,True