crash_id,degree_of_crash,degree_of_crash_-_detailed,reporting_year,year_of_crash,month_of_crash,day_of_week_of_crash,two-hour_intervals,street_of_crash,street_type,distance,direction,identifying_feature,identifying_feature_type,town,route_no.,school_zone_location,school_zone_active,type_of_location,latitude,longitude,lga,urbanisation,conurbation_1,alignment,primary_permanent_feature,primary_temporary_feature,primary_hazardous_feature,street_lighting,road_surface,surface_condition,weather,natural_lighting,signals_operation,other_traffic_control,speed_limit,road_classification_(admin),rum_-_code,rum_-_description,dca_-_code,dca_-_description,dca_supplement,first_impact_type,key_tu_type,other_tu_type,no._of_traffic_units_involved,no._killed,no._seriously_injured,no._moderately_injured,no._minor-other_injured,month_num,month_label,season,day_label,time_label,time_band,is_peak_commute,is_fatal,is_injury,is_casualty
1361622,Injury,Moderate Injury,2024,2024,August,Friday,14:00 - 15:59,GREAT WESTERN,HWY,10,West,ROWELL,ST,GRANVILLE,5.0,No,Not a school zone,T-junction,-33.831106,151.013112,Parramatta,Sydney metro. area,Syd-Newc-Woll Gtr conurbation,Straight,,,,Off,Sealed,Dry,Fine,Daylight,Nil,Left turn only,60 km/h,State,30,Rear end,301,Same - Rear end,,Rear end,Unknown motor vehicle,Car (sedan/hatch),2,0,0,1,0,8,August,Winter,Friday,14:00 - 15:59,Midday / afternoon,False,False,True,True
1361624,Injury,Moderate Injury,2024,2024,August,Friday,14:00 - 15:59,BANGALOW,RD,20,South,IRONBARK,AVE,BYRON BAY,545.0,No,Not a school zone,2-way undivided,-28.663694,153.614546,Byron,Country urban,Rest of NSW - Urban,Curved,Foot/cycle path/nature strip,,,Nil,Sealed,Dry,Fine,Daylight,Nil,No traffic controls,50 km/h,Regional,63,Vehicle door,604,On path - Vehicle door,,Other angle,Pedal cycle,Light truck utility(from 2018),3,0,0,1,0,8,August,Winter,Friday,14:00 - 15:59,Midday / afternoon,False,False,True,True
1361625,Injury,Serious Injury,2024,2024,August,Saturday,12:00 - 13:59,PACIFIC,HWY,5000,North,ALBERTA,AVE,COWAN,10.0,No,Not a school zone,2-way undivided,-33.560108,151.189426,Hornsby,Sydney metro. area,Syd-Newc-Woll Gtr conurbation,Curved,Painted double centre lines,,,Off,Sealed,Dry,Fine,Daylight,Nil,No traffic controls,70 km/h,State,20,Head on,201,Opp - Head on,,Head-on,Motorcycle,Station wagon,2,0,1,0,0,8,August,Winter,Saturday,12:00 - 13:59,Midday / afternoon,False,False,True,True
1361633,Injury,Serious Injury,2024,2024,August,Monday,14:00 - 15:59,BYRON,ST,0,Right on the spot,PANONIA,RD,WYONG,,No,Not a school zone,T-junction,-33.290677,151.42567,Central Coast,Country urban,Syd-Newc-Woll Gtr conurbation,Straight,,,,Nil,Sealed,Dry,Fine,Daylight,Nil,Stop sign,50 km/h,Local,13,Right near,104,Adj - Right-thru from right,,Right angle,4 wheel drive / SUV,Motorcycle,2,0,1,0,0,8,August,Winter,Monday,14:00 - 15:59,Midday / afternoon,False,False,True,True
1361635,Injury,Moderate Injury,2024,2024,July,Wednesday,18:00 - 19:59,CROWN,ST,0,Right on the spot,NUMBER 497,HN,SURRY HILLS,,No,Not a school zone,2-way undivided,-33.888397,151.213417,Sydney,Sydney metro. area,Syd-Newc-Woll Gtr conurbation,Straight,,,,On,Sealed,Dry,Fine,Darkness,Nil,No traffic controls,40 km/h,Local,63,Vehicle door,604,On path - Vehicle door,,Other angle,Pedal cycle,Car (sedan/hatch),2,0,0,1,0,7,July,Winter,Wednesday,18:00 - 19:59,PM peak / evening commute,True,False,True,True
1361636,Injury,Serious Injury,2024,2024,September,Sunday,16:00 - 17:59,UNNAMED,TRL,999999,Unknown/not stated,UNKNOWN,UK,GRIFFITH,,No,Not a school zone,2-way undivided,-34.267455,146.033312,Griffith,Country non-urban,Rest of NSW - Rural,Straight,Steep grade,,,Nil,Unsealed,Dry,Fine,Darkness,Nil,No traffic controls,100 km/h,Local,20,Head on,201,Opp - Head on,,Head-on,Motorcycle,Motorcycle,2,0,2,0,0,9,September,Spring,Sunday,16:00 - 17:59,PM peak / evening commute,True,False,True,True
1361637,Injury,Serious Injury,2024,2024,August,Monday,16:00 - 17:59,BUCKETTS,WAY,0,Right on the spot,NUMBER 6590,HN,TINONEE,,No,Not a school zone,2-way undivided,-31.942732,152.414509,Mid-Coast,Country urban,Rest of NSW - Urban,Straight,Crest,,,Nil,Sealed,Dry,Fine,Daylight,Nil,No traffic controls,80 km/h,Local,30,Rear end,301,Same - Rear end,,Rear end,Motorcycle,4 wheel drive / SUV,2,0,2,1,0,8,August,Winter,Monday,16:00 - 17:59,PM peak / evening commute,True,False,True,True
1361638,Injury,Serious Injury,2024,2024,August,Tuesday,14:00 - 15:59,KURRAJONG,AVE,0,Right on the spot,SUNBLEST,CRES,MOUNT DRUITT,,No,Not a school zone,T-junction,-33.764123,150.807568,Blacktown,Sydney metro. area,Syd-Newc-Woll Gtr conurbation,Straight,,,,Off,Sealed,Dry,Fine,Daylight,Nil,No traffic controls,50 km/h,Local,74,On road-out of cont.,705,Out of control on cway,,Rollover,Motorcycle,,2,0,1,0,0,8,August,Winter,Tuesday,14:00 - 15:59,Midday / afternoon,False,False,True,True
1361640,Injury,Minor/Other Injury,2024,2024,August,Friday,08:00 - 09:59,NORTH,PDE,0,Right on the spot,OXFORD,LANE,MOUNT DRUITT,,No,Not a school zone,T-junction,-33.76846,150.814695,Blacktown,Sydney metro. area,Syd-Newc-Woll Gtr conurbation,Straight,,,,Off,Sealed,Dry,Fine,Daylight,Nil,Give way sign,50 km/h,Local,0,Ped nearside,1,Ped - Near side,,Vehicle - Pedestrian,4 wheel drive / SUV,Pedestrian,2,0,0,0,1,8,August,Winter,Friday,08:00 - 09:59,AM peak / school commute,True,False,True,True
1361641,Injury,Serious Injury,2024,2024,September,Sunday,02:00 - 03:59,GRAHAM,ST,30,North,DOONSIDE,CRES,DOONSIDE,,No,Not a school zone,2-way undivided,-33.762902,150.873463,Blacktown,Sydney metro. area,Syd-Newc-Woll Gtr conurbation,Curved,,,,On,Sealed,Dry,Fine,Darkness,Nil,No traffic controls,50 km/h,Local,81,Off left/rt bnd=>obj,803,Off right bend into obj,Left,Vehicle - Object,Motorcycle,,1,0,1,0,1,9,September,Spring,Sunday,02:00 - 03:59,Late night / early morning,False,False,True,True
1361642,Injury,Serious Injury,2024,2024,July,Sunday,12:00 - 13:59,WATAGAN,RD,420,West,MARTINSVILLE,RD,MARTINSVILLE,,No,Not a school zone,2-way undivided,-33.062038,151.406048,Lake Macquarie,Newcastle met. area,Syd-Newc-Woll Gtr conurbation,Curved,,,,Nil,Unsealed,Dry,Fine,Daylight,Nil,No traffic controls,100 km/h,Local,66,Object on road,607,On path - Hit temp object,,Vehicle - Object,Motorcycle,,1,0,1,0,0,7,July,Winter,Sunday,12:00 - 13:59,Midday / afternoon,False,False,True,True
1361644,Injury,Serious Injury,2024,2024,August,Friday,08:00 - 09:59,JUNO,PDE,0,Right on the spot,NUMBER 102,HN,GREENACRE,636.0,No,Not a school zone,2-way undivided,-33.908227,151.066882,Canterbury-Bankstown,Sydney metro. area,Syd-Newc-Woll Gtr conurbation,Straight,,,,Nil,Sealed,Dry,Fine,Daylight,Nil,No traffic controls,60 km/h,State,42,Leaving parking,401,Manov - Leaving parking,,Other angle,4 wheel drive / SUV,4 wheel drive / SUV,3,0,1,1,0,8,August,Winter,Friday,08:00 - 09:59,AM peak / school commute,True,False,True,True
1361645,Injury,Moderate Injury,2024,2024,August,Tuesday,16:00 - 17:59,ADDERLEY,ST,0,Right on the spot,MELTON,ST,AUBURN,,Yes,No,T-junction,-33.841503,151.040163,Cumberland,Sydney metro. area,Syd-Newc-Woll Gtr conurbation,Straight,,,,Off,Sealed,Dry,Fine,Daylight,Nil,Ped crossing,50 km/h,Local,0,Ped nearside,1,Ped - Near side,,Vehicle - Pedestrian,4 wheel drive / SUV,Pedestrian,2,0,0,1,0,8,August,Winter,Tuesday,16:00 - 17:59,PM peak / evening commute,True,False,True,True
1361647,Injury,Minor/Other Injury,2024,2024,August,Friday,10:00 - 11:59,WALTERS,RD,15,North,ARCHER,ST,BLACKTOWN,,Yes,No,2-way undivided,-33.784076,150.893607,Blacktown,Sydney metro. area,Syd-Newc-Woll Gtr conurbation,Straight,Driveway/entrance,,,Off,Sealed,Dry,Fine,Daylight,Nil,No traffic controls,50 km/h,Local,30,Rear end,301,Same - Rear end,,Rear end,Large rigid,Light truck utility(from 2018),3,0,0,0,1,8,August,Winter,Friday,10:00 - 11:59,Midday / afternoon,False,False,True,True
1361648,Injury,Minor/Other Injury,2024,2024,August,Saturday,18:00 - 19:59,SMITHFIELD,RD,50,South,MISTRAL,ST,GREENFIELD PARK,7220.0,No,Not a school zone,2-way undivided,-33.875979,150.895822,Fairfield,Sydney metro. area,Syd-Newc-Woll Gtr conurbation,Straight,,,,On,Sealed,Dry,Fine,Dusk,Nil,No traffic controls,60 km/h,Regional,60,Parked,601,On path - Parked,,Other angle,Car (sedan/hatch),4 wheel drive / SUV,2,0,0,0,1,8,August,Winter,Saturday,18:00 - 19:59,PM peak / evening commute,True,False,True,True
1361653,Injury,Serious Injury,2024,2024,August,Thursday,02:00 - 03:59,HASSALL,ST,50,West,BLACKSTONE,ST,WETHERILL PARK,,No,Not a school zone,2-way undivided,-33.841061,150.921249,Fairfield,Sydney metro. area,Syd-Newc-Woll Gtr conurbation,Straight,,,,On,Sealed,Dry,Fine,Darkness,Nil,No traffic controls,60 km/h,Local,71,Off rd left => obj,703,Left off cway into object,,Other angle,Light truck,Detached trailer,2,0,1,0,0,8,August,Winter,Thursday,02:00 - 03:59,Late night / early morning,False,False,True,True
1361655,Injury,Moderate Injury,2024,2024,September,Sunday,12:00 - 13:59,NANGAR,RD,2630,West,NAMAMI,LANE,EUGOWRA,238.0,No,Not a school zone,2-way undivided,-33.493138,148.439273,Cabonne,Country non-urban,Rest of NSW - Rural,Curved,Ditch/drain/culvert,,,Nil,Sealed,Dry,Fine,Daylight,Nil,No traffic controls,100 km/h,Regional,85,Off rt/lft bnd=>obj,804,Off left bend into obj,Right,Vehicle - Object,4 wheel drive / SUV,,1,0,0,1,0,9,September,Spring,Sunday,12:00 - 13:59,Midday / afternoon,False,False,True,True
1361662,Injury,Serious Injury,2024,2024,August,Saturday,12:00 - 13:59,OXLEY,HWY,8500,West,STOCKYARD CREEK,RD,YARROWITCH,11.0,No,Not a school zone,2-way undivided,-31.398535,152.068476,Walcha,Country urban,Rest of NSW - Urban,Curved,,,Loose gravel shoulder,Nil,Sealed,Dry,Fine,Daylight,Nil,No traffic controls,80 km/h,State,81,Off left/rt bnd=>obj,803,Off right bend into obj,Left,Vehicle - Object,Motorcycle,,1,0,1,0,0,8,August,Winter,Saturday,12:00 - 13:59,Midday / afternoon,False,False,True,True
1361663,Injury,Serious Injury,2024,2024,July,Monday,14:00 - 15:59,VICTORIA,ST,0,Right on the spot,RAWSON,ST,KURRI KURRI,588.0,No,Not a school zone,X-intersection,-32.819656,151.484056,Cessnock,Country urban,Rest of NSW - Urban,Straight,Steep grade,,,Off,Sealed,Unknown,Unknown,Daylight,Nil,Give way sign,60 km/h,State,10,Cross traffic,101,Adj - Cross traffic,,Right angle,Motorcycle,4 wheel drive / SUV,2,0,1,1,0,7,July,Winter,Monday,14:00 - 15:59,Midday / afternoon,False,False,True,True
1361664,Injury,Moderate Injury,2024,2024,August,Friday,12:00 - 13:59,EDMONDSON,AVE,0,Right on the spot,FOURTEENTH,AVE,AUSTRAL,2126.0,No,Not a school zone,X-intersection,-33.921676,150.814334,Liverpool,Sydney metro. area,Syd-Newc-Woll Gtr conurbation,Straight,,,,Nil,Sealed,Dry,Fine,Daylight,Nil,Give way sign,60 km/h,Regional,10,Cross traffic,101,Adj - Cross traffic,,Right angle,4 wheel drive / SUV,Large rigid,2,0,0,1,0,8,August,Winter,Friday,12:00 - 13:59,Midday / afternoon,False,False,True,True
1361665,Injury,Serious Injury,2024,2024,July,Saturday,10:00 - 11:59,OLD PRINCES,HWY,0,Right on the spot,AUBURN,ST,SUTHERLAND,663.0,No,Not a school zone,T-junction,-34.030928,151.065325,Sutherland,Sydney metro. area,Syd-Newc-Woll Gtr conurbation,Straight,,,,Off,Sealed,Dry,Fine,Daylight,Nil,Give way sign,70 km/h,State,21,Right through,202,Opp - Right-thru,,Other angle,Car (sedan/hatch),Car (sedan/hatch),2,0,1,0,0,7,July,Winter,Saturday,10:00 - 11:59,Midday / afternoon,False,False,True,True
1361666,Injury,Serious Injury,2024,2024,August,Thursday,08:00 - 09:59,PRINCES,HWY,0,Right on the spot,MERIMBULA,DR,MILLINGANDI,1.0,No,Not a school zone,T-junction,-36.87349,149.869805,Bega Valley,Country non-urban,Rest of NSW - Rural,Straight,,,,Nil,Sealed,Dry,Fine,Daylight,Nil,Give way sign,100 km/h,State,21,Right through,202,Opp - Right-thru,,Other angle,4 wheel drive / SUV,Motorcycle,2,0,1,0,0,8,August,Winter,Thursday,08:00 - 09:59,AM peak / school commute,True,False,True,True
1361667,Injury,Serious Injury,2024,2024,August,Saturday,12:00 - 13:59,LOUGH,AVE,0,Right on the spot,NUMBER 40,HN,GUILDFORD,,No,Not a school zone,2-way undivided,-33.858524,150.995434,Cumberland,Sydney metro. area,Syd-Newc-Woll Gtr conurbation,Straight,Foot/cycle path/nature strip,,,Nil,Sealed,Dry,Fine,Daylight,Nil,No traffic controls,50 km/h,Local,48,From footpath,408,Manov - From footway,,Other angle,Motorised push scooters,4 wheel drive / SUV,2,0,1,0,1,8,August,Winter,Saturday,12:00 - 13:59,Midday / afternoon,False,False,True,True
1361668,Injury,Moderate Injury,2024,2024,August,Friday,16:00 - 17:59,HUME,HWY,40,North,BROOKS ROAD,OP,INGLEBURN,2.0,No,Not a school zone,Dual freeway,-33.988997,150.853613,Campbelltown,Sydney metro. area,Syd-Newc-Woll Gtr conurbation,Straight,Embankment/cutting,,,Off,Sealed,Dry,Fine,Daylight,Nil,No traffic controls,110 km/h,State,71,Off rd left => obj,703,Left off cway into object,,Vehicle - Object,Car (sedan/hatch),,1,0,0,1,0,8,August,Winter,Friday,16:00 - 17:59,PM peak / evening commute,True,False,True,True
1361669,Injury,Serious Injury,2024,2024,August,Monday,14:00 - 15:59,KING GEORGES,RD,15,South,MORGAN,ST,BEVERLY HILLS,200.0,Yes,No,Divided road,-33.949581,151.080856,Georges River,Sydney metro. area,Syd-Newc-Woll Gtr conurbation,Straight,,,,Off,Sealed,Dry,Fine,Daylight,Nil,No traffic controls,60 km/h,State,30,Rear end,301,Same - Rear end,,Rear end,Light truck utility(from 2018),Motorcycle,4,0,1,2,0,8,August,Winter,Monday,14:00 - 15:59,Midday / afternoon,False,False,True,True
1361670,Injury,Moderate Injury,2024,2024,August,Monday,18:00 - 19:59,HUME,HWY,50,North,CANYONLEIGH ROAD,OP,SUTTON FOREST,2.0,No,Not a school zone,Divided road,-34.585633,150.250553,Wingecarribee,Country non-urban,Rest of NSW - Rural,Curved,,,,Nil,Sealed,Dry,Fine,Darkness,Nil,No traffic controls,110 km/h,State,83,Off rt/rt bnd=>obj,803,Off right bend into obj,Right,Vehicle - Object,4 wheel drive / SUV,,1,0,0,1,0,8,August,Winter,Monday,18:00 - 19:59,PM peak / evening commute,True,False,True,True
1361672,Injury,Serious Injury,2024,2024,August,Saturday,12:00 - 13:59,HARBORD,RD,0,Right on the spot,MILES,ST,CURL CURL,7343.0,Yes,No,T-junction,-33.767019,151.279046,Northern Beaches,Sydney metro. area,Syd-Newc-Woll Gtr conurbation,Straight,Driveway/entrance,,,Off,Sealed,Dry,Fine,Daylight,On,No traffic controls,60 km/h,Regional,48,From footpath,408,Manov - From footway,,Other angle,Pedal cycle,Car (sedan/hatch),2,0,1,0,0,8,August,Winter,Saturday,12:00 - 13:59,Midday / afternoon,False,False,True,True
1361675,Injury,Serious Injury,2024,2024,August,Tuesday,18:00 - 19:59,ENTERPRISE,DR,0,Right on the spot,KINTA,DR,BERESFIELD,,No,Not a school zone,X-intersection,-32.810248,151.638147,Newcastle,Newcastle met. area,Syd-Newc-Woll Gtr conurbation,Straight,Crest,,,On,Sealed,Dry,Fine,Darkness,Nil,Stop sign,50 km/h,Local,21,Right through,202,Opp - Right-thru,,Other angle,Light truck utility(from 2018),Motorcycle,2,0,1,0,0,8,August,Winter,Tuesday,18:00 - 19:59,PM peak / evening commute,True,False,True,True
1361678,Injury,Moderate Injury,2024,2024,August,Tuesday,12:00 - 13:59,LAWRENCE,RD,350,North,SHORTS,RD,LOWER SOUTHGATE,152.0,No,Not a school zone,2-way undivided,-29.556783,153.07636,Clarence Valley,Country non-urban,Rest of NSW - Rural,Curved,Ditch/drain/culvert,,,Nil,Sealed,Dry,Fine,Daylight,Nil,No traffic controls,100 km/h,Regional,81,Off left/rt bnd=>obj,803,Off right bend into obj,Left,Vehicle - Object,Motorcycle,,1,0,0,1,0,8,August,Winter,Tuesday,12:00 - 13:59,Midday / afternoon,False,False,True,True
1361679,Injury,Moderate Injury,2024,2024,June,Sunday,18:00 - 19:59,BOGALARA,RD,400,South,FITZWILLIAM,RD,OLD TOONGABBIE,,No,Not a school zone,2-way undivided,-33.79054,150.96943,Parramatta,Sydney metro. area,Syd-Newc-Woll Gtr conurbation,Straight,,,,On,Sealed,Dry,Fine,Darkness,Nil,No traffic controls,50 km/h,Local,20,Head on,201,Opp - Head on,,Head-on,4 wheel drive / SUV,4 wheel drive / SUV,2,0,0,1,0,6,June,Winter,Sunday,18:00 - 19:59,PM peak / evening commute,True,False,True,True
1361684,Injury,Moderate Injury,2024,2024,August,Sunday,02:00 - 03:59,PACIFIC,HWY,250,North,TWEED VALLEY WAY,TO,OCEAN SHORES,10.0,No,Not a school zone,Divided road,-28.48728,153.515144,Byron,Country non-urban,Rest of NSW - Rural,Curved,,,,Nil,Sealed,Dry,Fine,Darkness,Nil,No traffic controls,110 km/h,State,87,Off lft/lft bnd=>obj,804,Off left bend into obj,Left,Vehicle - Object,4 wheel drive / SUV,,1,0,0,1,0,8,August,Winter,Sunday,02:00 - 03:59,Late night / early morning,False,False,True,True
1361685,Injury,Moderate Injury,2024,2024,August,Sunday,18:00 - 19:59,PRINCES,HWY,0,Right on the spot,ENMORE ROAD,TO,NEWTOWN,1.0,No,Not a school zone,2-way undivided,-33.897642,151.178825,Inner West,Sydney metro. area,Syd-Newc-Woll Gtr conurbation,Straight,Other bridge,,,On,Sealed,Dry,Fine,Darkness,Nil,No traffic controls,40 km/h,State,0,Ped nearside,1,Ped - Near side,,Vehicle - Pedestrian,Car (sedan/hatch),Pedestrian,2,0,0,1,0,8,August,Winter,Sunday,18:00 - 19:59,PM peak / evening commute,True,False,True,True
1361691,Injury,Moderate Injury,2024,2024,August,Friday,12:00 - 13:59,CEDAR,RD,0,Right on the spot,WATTLE,RD,CASULA,,No,Not a school zone,X-intersection,-33.955554,150.884758,Liverpool,Sydney metro. area,Syd-Newc-Woll Gtr conurbation,Straight,,,,Nil,Sealed,Dry,Fine,Daylight,Nil,Stop sign,50 km/h,Local,10,Cross traffic,101,Adj - Cross traffic,,Right angle,Car (sedan/hatch),Car (sedan/hatch),2,0,0,2,0,8,August,Winter,Friday,12:00 - 13:59,Midday / afternoon,False,False,True,True
1361694,Injury,Moderate Injury,2024,2024,August,Tuesday,14:00 - 15:59,KAMILAROI,HWY,1000,North,OLD TURRAWAN,RD,NARRABRI,29.0,No,Not a school zone,2-way undivided,-30.362269,149.766534,Narrabri,Country non-urban,Rest of NSW - Rural,Curved,Embankment/cutting,,,Nil,Sealed,Dry,Fine,Daylight,Nil,No traffic controls,100 km/h,State,82,Off right/right bend,801,Off cway right bend,Right,Rollover,4 wheel drive / SUV,,1,0,0,1,0,8,August,Winter,Tuesday,14:00 - 15:59,Midday / afternoon,False,False,True,True
1361695,Injury,Moderate Injury,2024,2024,September,Sunday,14:00 - 15:59,BUNDANOON,RD,10,South,KELTON,PL,ENGADINE,,No,Not a school zone,T-junction,-34.04201,151.017871,Sutherland,Sydney metro. area,Syd-Newc-Woll Gtr conurbation,Curved,,,,Nil,Sealed,Dry,Fine,Daylight,Nil,No traffic controls,50 km/h,Local,87,Off lft/lft bnd=>obj,804,Off left bend into obj,Left,Other angle,Car (sedan/hatch),Unknown motor vehicle,2,0,0,1,0,9,September,Spring,Sunday,14:00 - 15:59,Midday / afternoon,False,False,True,True
1361696,Injury,Moderate Injury,2024,2024,August,Friday,02:00 - 03:59,GREAT WESTERN,HWY,20,East,BUCKLAND,ST,CHIPPENDALE,5.0,No,Not a school zone,2-way undivided,-33.884376,151.197582,Sydney,Sydney metro. area,Syd-Newc-Woll Gtr conurbation,Straight,Bus stop,,,On,Sealed,Dry,Fine,Darkness,Nil,No traffic controls,50 km/h,State,6,Ped on footpath,8,Ped - On footway/median,,Vehicle - Pedestrian,Other bus,Pedestrian,2,0,0,1,0,8,August,Winter,Friday,02:00 - 03:59,Late night / early morning,False,False,True,True
1361697,Injury,Serious Injury,2024,2024,August,Sunday,18:00 - 19:59,CANTERBURY,RD,0,Right on the spot,BEXLEY,RD,CAMPSIE,167.0,No,Not a school zone,X-intersection,-33.91823,151.104401,Canterbury-Bankstown,Sydney metro. area,Syd-Newc-Woll Gtr conurbation,Curved,,,,On,Sealed,Dry,Fine,Darkness,On,No traffic controls,60 km/h,State,35,Lane change left,307,Same - Lane change left,,Other angle,Car (sedan/hatch),Car (sedan/hatch),4,0,1,0,0,8,August,Winter,Sunday,18:00 - 19:59,PM peak / evening commute,True,False,True,True
1361699,Injury,Serious Injury,2024,2024,August,Sunday,08:00 - 09:59,HUME,HWY,850,North,NARELLAN ROAD,OP,CAMPBELLTOWN,2.0,No,Not a school zone,Dual freeway,-34.057973,150.793322,Campbelltown,Sydney metro. area,Syd-Newc-Woll Gtr conurbation,Straight,,Previous crash,,Nil,Sealed,Dry,Fine,Daylight,Nil,No traffic controls,110 km/h,State,62,Accident,603,On path - Previous accident,,Other angle,Station wagon,Light truck utility(from 2018),2,0,1,1,0,8,August,Winter,Sunday,08:00 - 09:59,AM peak / school commute,True,False,True,True
1361701,Injury,Serious Injury,2024,2024,August,Tuesday,16:00 - 17:59,RUSSELL,ST,0,Right on the spot,NUMBER 40,HN,GREENACRE,,No,Not a school zone,2-way undivided,-33.898169,151.063556,Canterbury-Bankstown,Sydney metro. area,Syd-Newc-Woll Gtr conurbation,Straight,Foot/cycle path/nature strip,,,Nil,Sealed,Dry,Fine,Daylight,Nil,No traffic controls,50 km/h,Local,48,From footpath,408,Manov - From footway,,Other angle,Motorised push scooters,4 wheel drive / SUV,2,0,1,0,0,8,August,Winter,Tuesday,16:00 - 17:59,PM peak / evening commute,True,False,True,True
1361702,Injury,Minor/Other Injury,2024,2024,August,Monday,12:00 - 13:59,CALALA,LANE,0,Right on the spot,KURRAWAN,ST,SOUTH TAMWORTH,,No,Not a school zone,T-junction,-31.120851,150.925761,Tamworth Regional,Country urban,Rest of NSW - Urban,Straight,,,,Nil,Sealed,Dry,Fine,Daylight,Nil,No traffic controls,60 km/h,Local,32,Right rear,303,Same - Rear right,,Rear end,Car (sedan/hatch),4 wheel drive / SUV,2,0,0,0,1,8,August,Winter,Monday,12:00 - 13:59,Midday / afternoon,False,False,True,True
1361703,Injury,Moderate Injury,2024,2024,August,Tuesday,10:00 - 11:59,RODEO,RD,0,Right on the spot,STEER,RD,GREGORY HILLS,,No,Not a school zone,T-junction,-34.024997,150.760974,Camden,Sydney metro. area,Syd-Newc-Woll Gtr conurbation,Straight,,,,Off,Sealed,Dry,Fine,Daylight,Nil,Give way sign,50 km/h,Local,13,Right near,104,Adj - Right-thru from right,,Right angle,Car (sedan/hatch),Motorcycle,2,0,0,1,0,8,August,Winter,Tuesday,10:00 - 11:59,Midday / afternoon,False,False,True,True
1361704,Injury,Moderate Injury,2024,2024,June,Sunday,22:00 - Midnight,CLEVELAND,ST,0,Right on the spot,WILTON,ST,REDFERN,330.0,No,Not a school zone,X-intersection,-33.89042,151.209134,Sydney,Sydney metro. area,Syd-Newc-Woll Gtr conurbation,Straight,,,,Unknown / not stated,Sealed,Unknown,Unknown,Darkness,On,No traffic controls,50 km/h,State,10,Cross traffic,101,Adj - Cross traffic,,Right angle,Pedal cycle,Passenger van,2,0,0,1,0,6,June,Winter,Sunday,22:00 - Midnight,Evening / night,False,False,True,True
1361705,Injury,Minor/Other Injury,2024,2024,August,Monday,14:00 - 15:59,BRIDGE,ST,0,Right on the spot,GEORGE,ST,GUNNEDAH,,No,Not a school zone,X-intersection,-30.988376,150.25031,Gunnedah,Country urban,Rest of NSW - Urban,Straight,,,,Off,Sealed,Dry,Fine,Daylight,Nil,Stop sign,50 km/h,Local,10,Cross traffic,101,Adj - Cross traffic,,Right angle,4 wheel drive / SUV,4 wheel drive / SUV,2,0,0,0,1,8,August,Winter,Monday,14:00 - 15:59,Midday / afternoon,False,False,True,True
1361709,Injury,Serious Injury,2024,2024,August,Wednesday,04:00 - 05:59,NEWCASTLE,EXP,170,North,PACIFIC HIGHWAY,TO,BEROWRA,6003.0,No,Not a school zone,Dual freeway,-33.639751,151.144955,Hornsby,Sydney metro. area,Syd-Newc-Woll Gtr conurbation,Straight,,,,Nil,Sealed,Dry,Fine,Darkness,Nil,No traffic controls,110 km/h,State,71,Off rd left => obj,703,Left off cway into object,,Vehicle - Object,Motorcycle,,1,0,2,0,0,8,August,Winter,Wednesday,04:00 - 05:59,Late night / early morning,False,False,True,True
1361713,Injury,Moderate Injury,2024,2024,August,Friday,18:00 - 19:59,VICTOR,ST,0,Right on the spot,NUMBER 37,HN,CHATSWOOD,,No,Not a school zone,2-way undivided,-33.797399,151.182574,Willoughby,Sydney metro. area,Syd-Newc-Woll Gtr conurbation,Straight,Driveway/entrance,,,On,Sealed,Dry,Fine,Darkness,Nil,No traffic controls,40 km/h,Local,0,Ped nearside,1,Ped - Near side,,Vehicle - Pedestrian,Passenger van,Pedestrian,2,0,0,1,0,8,August,Winter,Friday,18:00 - 19:59,PM peak / evening commute,True,False,True,True
1361715,Injury,Minor/Other Injury,2024,2024,July,Wednesday,10:00 - 11:59,FREDERICK,ST,0,Right on the spot,NUMBER 25,HN,NORTH BONDI,,No,Not a school zone,2-way undivided,-33.883571,151.27991,Waverley,Sydney metro. area,Syd-Newc-Woll Gtr conurbation,Straight,Driveway/entrance,,,Off,Sealed,Dry,Fine,Daylight,Nil,No traffic controls,50 km/h,Local,3,Ped on carriageway,4,Ped - On carriageway,,Vehicle - Pedestrian,Car (sedan/hatch),Pedestrian,2,0,0,0,1,7,July,Winter,Wednesday,10:00 - 11:59,Midday / afternoon,False,False,True,True
1361718,Injury,Serious Injury,2024,2024,August,Wednesday,08:00 - 09:59,WESTERN,EXP,750,West,ROPER ROAD,OP,ST CLAIR,6004.0,No,Not a school zone,Dual freeway,-33.790089,150.799615,Penrith,Sydney metro. area,Syd-Newc-Woll Gtr conurbation,Straight,Embankment/cutting,,,Off,Sealed,Wet,Overcast,Daylight,Nil,No traffic controls,110 km/h,State,73,Off rd rght => obj,704,Right off cway into obj,,Vehicle - Object,Passenger van,,1,0,1,0,0,8,August,Winter,Wednesday,08:00 - 09:59,AM peak / school commute,True,False,True,True
1361723,Injury,Moderate Injury,2024,2024,August,Tuesday,14:00 - 15:59,PACIFIC,HWY,5100,South,YAMBA ROAD,OP,TOWNSEND,10.0,No,Not a school zone,Divided road,-29.466294,153.209165,Clarence Valley,Country non-urban,Rest of NSW - Rural,Curved,Embankment/cutting,,,Nil,Sealed,Dry,Fine,Daylight,Nil,No traffic controls,110 km/h,State,85,Off rt/lft bnd=>obj,804,Off left bend into obj,Right,Vehicle - Object,B-double (road train prior 98),,1,0,0,1,0,8,August,Winter,Tuesday,14:00 - 15:59,Midday / afternoon,False,False,True,True
1361724,Injury,Serious Injury,2024,2024,August,Saturday,16:00 - 17:59,PRINCES,HWY,0,Right on the spot,DARKES,RD,DAPTO,1.0,No,Not a school zone,Roundabout,-34.483073,150.802039,Wollongong,Wollongong met. area,Syd-Newc-Woll Gtr conurbation,Straight,,,,Off,Sealed,Dry,Fine,Daylight,Nil,Give way sign,80 km/h,State,21,Right through,202,Opp - Right-thru,,Other angle,Motorcycle,4 wheel drive / SUV,2,0,1,0,0,8,August,Winter,Saturday,16:00 - 17:59,PM peak / evening commute,True,False,True,True