crash_id,degree_of_crash,degree_of_crash_-_detailed,reporting_year,year_of_crash,month_of_crash,day_of_week_of_crash,two-hour_intervals,street_of_crash,street_type,distance,direction,identifying_feature,identifying_feature_type,town,route_no.,school_zone_location,school_zone_active,type_of_location,latitude,longitude,lga,urbanisation,conurbation_1,alignment,primary_permanent_feature,primary_temporary_feature,primary_hazardous_feature,street_lighting,road_surface,surface_condition,weather,natural_lighting,signals_operation,other_traffic_control,speed_limit,road_classification_(admin),rum_-_code,rum_-_description,dca_-_code,dca_-_description,dca_supplement,first_impact_type,key_tu_type,other_tu_type,no._of_traffic_units_involved,no._killed,no._seriously_injured,no._moderately_injured,no._minor-other_injured,month_num,month_label,season,day_label,time_label,time_band,is_peak_commute,is_fatal,is_injury,is_casualty
1361729,Injury,Serious Injury,2024,2024,August,Wednesday,08:00 - 09:59,NEW CANTERBURY,RD,0,Right on the spot,AUDLEY,ST,PETERSHAM,167.0,No,Not a school zone,X-intersection,-33.896228,151.154137,Inner West,Sydney metro. area,Syd-Newc-Woll Gtr conurbation,Straight,,,,On,Sealed,Dry,Fine,Daylight,On,Ped crossing,60 km/h,State,2,Ped far side,3,Ped - Far side,,Vehicle - Pedestrian,Car (sedan/hatch),Pedestrian,2,0,1,0,0,8,August,Winter,Wednesday,08:00 - 09:59,AM peak / school commute,True,False,True,True
1361730,Injury,Serious Injury,2024,2024,July,Wednesday,08:00 - 09:59,TOWNVIEW,RD,0,Right on the spot,NUMBER 27,HN,MOUNT PRITCHARD,,No,Not a school zone,2-way undivided,-33.898978,150.910248,Fairfield,Sydney metro. area,Syd-Newc-Woll Gtr conurbation,Straight,,,,Nil,Sealed,Wet,Fine,Daylight,Nil,No traffic controls,50 km/h,Local,0,Ped nearside,1,Ped - Near side,,Vehicle - Pedestrian,Car (sedan/hatch),Pedestrian,2,0,1,0,0,7,July,Winter,Wednesday,08:00 - 09:59,AM peak / school commute,True,False,True,True
1361731,Injury,Moderate Injury,2024,2024,August,Thursday,16:00 - 17:59,MILLTHORPE,RD,0,Right on the spot,NUMBER 840,HN,MILLTHORPE,245.0,No,Not a school zone,2-way undivided,-33.480446,149.194541,Blayney,Country non-urban,Rest of NSW - Rural,Straight,Driveway/entrance,,,Nil,Sealed,Dry,Fine,Dusk,Nil,No traffic controls,100 km/h,State,32,Right rear,303,Same - Rear right,,Rear end,4 wheel drive / SUV,Light truck utility(from 2018),3,0,0,2,0,8,August,Winter,Thursday,16:00 - 17:59,PM peak / evening commute,True,False,True,True
1361737,Injury,Moderate Injury,2024,2024,August,Friday,00:01 - 01:59,JOESEPH,ST,0,Right on the spot,OLYMPIC,DR,LIDCOMBE,190.0,No,Not a school zone,T-junction,-33.869285,151.042523,Cumberland,Sydney metro. area,Syd-Newc-Woll Gtr conurbation,Curved,Steep grade,,,On,Sealed,Dry,Fine,Darkness,On,No traffic controls,70 km/h,State,37,Left turn sideswipe,309,Same - Left turn side swipe,,Other angle,4 wheel drive / SUV,Car (sedan/hatch),2,0,0,1,1,8,August,Winter,Friday,00:01 - 01:59,Late night / early morning,False,False,True,True
1361738,Injury,Moderate Injury,2024,2024,June,Thursday,14:00 - 15:59,ELM,RD,0,Right on the spot,HARROW,RD,AUBURN,,No,Not a school zone,T-junction,-33.86026,151.029747,Cumberland,Sydney metro. area,Syd-Newc-Woll Gtr conurbation,Straight,,,,Nil,Sealed,Dry,Fine,Daylight,Nil,No traffic controls,50 km/h,Local,0,Ped nearside,1,Ped - Near side,,Vehicle - Pedestrian,Car (sedan/hatch),Pedestrian,2,0,0,1,0,6,June,Winter,Thursday,14:00 - 15:59,Midday / afternoon,False,False,True,True
1361739,Injury,Minor/Other Injury,2024,2024,August,Friday,08:00 - 09:59,ACACIA,LANE,0,Right on the spot,LEYLANDS,PDE,BELMORE,,No,Not a school zone,T-junction,-33.919426,151.090177,Canterbury-Bankstown,Sydney metro. area,Syd-Newc-Woll Gtr conurbation,Straight,,,,Off,Sealed,Dry,Fine,Daylight,Nil,Give way sign,50 km/h,Local,0,Ped nearside,1,Ped - Near side,,Vehicle - Pedestrian,Light truck utility(from 2018),Pedestrian,2,0,0,0,1,8,August,Winter,Friday,08:00 - 09:59,AM peak / school commute,True,False,True,True
1361741,Injury,Minor/Other Injury,2024,2024,April,Tuesday,14:00 - 15:59,WINDSOR,RD,30,South,CHURCHILL,DR,NORTHMEAD,184.0,No,Not a school zone,2-way undivided,-33.780605,150.997419,Parramatta,Sydney metro. area,Syd-Newc-Woll Gtr conurbation,Straight,Painted double centre lines,,,Off,Sealed,Wet,Overcast,Daylight,Nil,No traffic controls,60 km/h,State,30,Rear end,301,Same - Rear end,,Rear end,Light truck utility(from 2018),Car (sedan/hatch),4,0,0,0,1,4,April,Autumn,Tuesday,14:00 - 15:59,Midday / afternoon,False,False,True,True
1361744,Injury,Moderate Injury,2024,2024,August,Wednesday,18:00 - 19:59,NEW ENGLAND,HWY,0,Right on the spot,MITCHELL,DR,EAST MAITLAND,9.0,No,Not a school zone,X-intersection,-32.759901,151.593615,Maitland,Country urban,Rest of NSW - Urban,Straight,,,,Off,Sealed,Dry,Fine,Dusk,On,No traffic controls,60 km/h,State,71,Off rd left => obj,703,Left off cway into object,,Vehicle - Object,Car (sedan/hatch),,1,0,0,1,0,8,August,Winter,Wednesday,18:00 - 19:59,PM peak / evening commute,True,False,True,True
1361747,Injury,Minor/Other Injury,2024,2024,August,Friday,08:00 - 09:59,MAITLAND,RD,0,Right on the spot,COAL,ST,ISLINGTON,464.0,No,Not a school zone,T-junction,-32.913359,151.747148,Newcastle,Newcastle met. area,Syd-Newc-Woll Gtr conurbation,Straight,,,,Off,Sealed,Dry,Fine,Daylight,Nil,No traffic controls,60 km/h,Regional,32,Right rear,303,Same - Rear right,,Rear end,Light truck utility(from 2018),4 wheel drive / SUV,2,0,0,0,1,8,August,Winter,Friday,08:00 - 09:59,AM peak / school commute,True,False,True,True
1361750,Injury,Moderate Injury,2024,2024,September,Monday,16:00 - 17:59,HOXTON PARK,RD,0,Right on the spot,JOADJA,RD,PRESTONS,681.0,No,Not a school zone,T-junction,-33.927844,150.873859,Liverpool,Sydney metro. area,Syd-Newc-Woll Gtr conurbation,Curved,Bus/transit lane,,,On,Sealed,Dry,Fine,Daylight,On,No right turn,70 km/h,State,37,Left turn sideswipe,309,Same - Left turn side swipe,,Other angle,Light truck,Passenger van,2,0,0,1,0,9,September,Spring,Monday,16:00 - 17:59,PM peak / evening commute,True,False,True,True
1361751,Injury,Moderate Injury,2024,2024,May,Thursday,14:00 - 15:59,STONEY CREEK,RD,0,Right on the spot,STAPLES,ST,BEXLEY,665.0,No,Not a school zone,T-junction,-33.948868,151.109334,Bayside,Sydney metro. area,Syd-Newc-Woll Gtr conurbation,Straight,Painted double centre lines,,,Off,Sealed,Dry,Overcast,Daylight,Nil,Give way sign,60 km/h,State,20,Head on,201,Opp - Head on,,Head-on,Car (sedan/hatch),Large rigid,2,0,0,1,0,5,May,Autumn,Thursday,14:00 - 15:59,Midday / afternoon,False,False,True,True
1361752,Injury,Minor/Other Injury,2024,2024,June,Monday,08:00 - 09:59,PROSPECT,HWY,0,Right on the spot,FEDERAL,RD,SEVEN HILLS,644.0,No,Not a school zone,X-intersection,-33.776727,150.933164,Blacktown,Sydney metro. area,Syd-Newc-Woll Gtr conurbation,Straight,,,,Off,Sealed,Dry,Fine,Daylight,On,No traffic controls,60 km/h,State,30,Rear end,301,Same - Rear end,,Rear end,Car (sedan/hatch),Car (sedan/hatch),2,0,0,0,1,6,June,Winter,Monday,08:00 - 09:59,AM peak / school commute,True,False,True,True
1361761,Injury,Moderate Injury,2024,2024,August,Saturday,14:00 - 15:59,FIVE ISLANDS,RD,10,West,LAKE,AVE,CRINGILA,295.0,No,Not a school zone,T-junction,-34.465691,150.872454,Wollongong,Wollongong met. area,Syd-Newc-Woll Gtr conurbation,Straight,,,,Off,Sealed,Dry,Fine,Daylight,Off,No traffic controls,80 km/h,State,34,Lane change right,306,Same - Lane change right,,Other angle,Car (sedan/hatch),Motorcycle,2,0,0,1,0,8,August,Winter,Saturday,14:00 - 15:59,Midday / afternoon,False,False,True,True
1361762,Injury,Minor/Other Injury,2024,2024,September,Wednesday,18:00 - 19:59,STUART,ST,0,Right on the spot,NUMBER 56,HN,MULLUMBIMBY,,No,Not a school zone,2-way undivided,-28.552225,153.501021,Byron,Country urban,Rest of NSW - Urban,Straight,,,,On,Sealed,Dry,Fine,Dusk,Nil,No traffic controls,30 km/h,Local,93,Pkd veh runaway=>obj,906,Parked vehicle ran away,,Other angle,4 wheel drive / SUV,Car (sedan/hatch),2,0,0,0,1,9,September,Spring,Wednesday,18:00 - 19:59,PM peak / evening commute,True,False,True,True
1361765,Injury,Moderate Injury,2024,2024,June,Monday,14:00 - 15:59,HUME,HWY,2960,South,BURLEY GRIFFIN,WAY,BOWNING,2.0,No,Not a school zone,Divided road,-34.775841,148.731934,Yass Valley,Country non-urban,Rest of NSW - Rural,Curved,,,,Nil,Sealed,Dry,Fine,Daylight,Nil,No traffic controls,110 km/h,State,87,Off lft/lft bnd=>obj,804,Off left bend into obj,Left,Vehicle - Object,4 wheel drive / SUV,,1,0,0,1,0,6,June,Winter,Monday,14:00 - 15:59,Midday / afternoon,False,False,True,True
1361770,Injury,Serious Injury,2024,2024,August,Wednesday,16:00 - 17:59,FURY,ST,0,Right on the spot,SOUTH,CCT,ORAN PARK,,No,Not a school zone,T-junction,-34.006977,150.743328,Camden,Sydney metro. area,Syd-Newc-Woll Gtr conurbation,Curved,,,,Off,Sealed,Wet,Fine,Dusk,Nil,No traffic controls,50 km/h,Local,21,Right through,202,Opp - Right-thru,,Other angle,Light truck utility(from 2018),Car (sedan/hatch),2,0,1,0,0,8,August,Winter,Wednesday,16:00 - 17:59,PM peak / evening commute,True,False,True,True
1361771,Injury,Moderate Injury,2024,2024,June,Sunday,06:00 - 07:59,KOALA,RD,50,East,MACQUARIE,ST,GREENACRE,,No,Not a school zone,2-way undivided,-33.911714,151.071265,Canterbury-Bankstown,Sydney metro. area,Syd-Newc-Woll Gtr conurbation,Straight,,,,Off,Sealed,Dry,Fine,Dawn,Nil,No traffic controls,50 km/h,Local,0,Ped nearside,1,Ped - Near side,,Vehicle - Pedestrian,Car (sedan/hatch),Pedestrian,2,0,0,1,0,6,June,Winter,Sunday,06:00 - 07:59,AM peak / school commute,True,False,True,True
1361772,Injury,Serious Injury,2024,2024,August,Wednesday,16:00 - 17:59,STURT,HWY,10000,West,HUME,HWY,BORAMBOLA,14.0,No,Not a school zone,2-way undivided,-35.165585,147.712162,Wagga Wagga,Country non-urban,Rest of NSW - Rural,Straight,Ditch/drain/culvert,,,Nil,Sealed,Dry,Fine,Daylight,Nil,No traffic controls,100 km/h,State,73,Off rd rght => obj,704,Right off cway into obj,,Vehicle - Object,Station wagon,,1,0,1,0,0,8,August,Winter,Wednesday,16:00 - 17:59,PM peak / evening commute,True,False,True,True
1361783,Injury,Serious Injury,2024,2024,April,Sunday,08:00 - 09:59,GRAND,DR,0,Right on the spot,MUSGRAVE,AVE,CENTENNIAL PARK,,No,Not a school zone,T-junction,-33.90207,151.239725,Randwick,Sydney metro. area,Syd-Newc-Woll Gtr conurbation,Curved,Foot/cycle path/nature strip,,,Nil,Sealed,Wet,Fine,Daylight,Nil,No traffic controls,30 km/h,Local,81,Off left/rt bnd=>obj,803,Off right bend into obj,Left,Vehicle - Object,Pedal cycle,,1,0,1,0,0,4,April,Autumn,Sunday,08:00 - 09:59,AM peak / school commute,True,False,True,True
1361784,Injury,Moderate Injury,2024,2024,August,Tuesday,12:00 - 13:59,CLYDE,ST,0,Right on the spot,FIFTH,ST,GRANVILLE,7101.0,No,Not a school zone,X-intersection,-33.840981,151.013932,Cumberland,Sydney metro. area,Syd-Newc-Woll Gtr conurbation,Straight,,,,Unknown / not stated,Sealed,Wet,Fine,Daylight,Nil,Give way sign,60 km/h,Regional,10,Cross traffic,101,Adj - Cross traffic,,Right angle,Light truck utility(from 2018),Car (sedan/hatch),3,0,0,1,0,8,August,Winter,Tuesday,12:00 - 13:59,Midday / afternoon,False,False,True,True
1361788,Injury,Moderate Injury,2024,2024,July,Tuesday,04:00 - 05:59,SHEEPWASH,RD,1270,North,ILLAWARRA,HWY,GLENQUARRY,261.0,No,Not a school zone,2-way undivided,-34.563787,150.478807,Wingecarribee,Country urban,Rest of NSW - Urban,Straight,Railway level x,,,Unknown / not stated,Sealed,Dry,Fine,Darkness,Nil,Rail X flashing sigs,80 km/h,State,71,Off rd left => obj,703,Left off cway into object,,Vehicle - Object,Large rigid,,1,0,0,1,0,7,July,Winter,Tuesday,04:00 - 05:59,Late night / early morning,False,False,True,True
1361789,Injury,Moderate Injury,2024,2024,July,Saturday,16:00 - 17:59,DEERWOOD,ST,0,Right on the spot,WALKER,AVE,KANWAL,,No,Not a school zone,T-junction,-33.258693,151.488412,Central Coast,Country urban,Syd-Newc-Woll Gtr conurbation,Straight,,,,Unknown / not stated,Sealed,Dry,Fine,Daylight,Nil,Give way sign,50 km/h,Local,71,Off rd left => obj,703,Left off cway into object,,Other angle,Car (sedan/hatch),Car (sedan/hatch),2,0,0,1,0,7,July,Winter,Saturday,16:00 - 17:59,PM peak / evening commute,True,False,True,True
1361790,Injury,Moderate Injury,2024,2024,June,Friday,16:00 - 17:59,CENTENARY,DR,500,South,MARLBOROUGH ROAD,OP,HOMEBUSH WEST,200.0,No,Not a school zone,Divided road,-33.862633,151.06696,Strathfield,Sydney metro. area,Syd-Newc-Woll Gtr conurbation,Straight,,,,Unknown / not stated,Sealed,Dry,Fine,Darkness,Nil,No traffic controls,80 km/h,State,30,Rear end,301,Same - Rear end,,Rear end,Station wagon,4 wheel drive / SUV,2,0,0,1,0,6,June,Winter,Friday,16:00 - 17:59,PM peak / evening commute,True,False,True,True
1361795,Injury,Minor/Other Injury,2024,2024,September,Friday,20:00 - 21:59,BROMAGE,RD,50,North,HEBBURN,RD,ABERMAIN,,No,Not a school zone,2-way undivided,-32.841942,151.436718,Cessnock,Country non-urban,Rest of NSW - Rural,Curved,,,,Unknown / not stated,Unsealed,Dry,Fine,Darkness,Nil,No traffic controls,100 km/h,Local,88,Out of cont on bend,805,Out of control on bend,,Rollover,4 wheel drive / SUV,,1,0,0,0,2,9,September,Spring,Friday,20:00 - 21:59,Evening / night,False,False,True,True
1361797,Injury,Moderate Injury,2024,2024,August,Saturday,18:00 - 19:59,MILPERRA,RD,0,Right on the spot,QUEEN,ST,REVESBY,167.0,No,Not a school zone,X-intersection,-33.93625,151.011384,Canterbury-Bankstown,Sydney metro. area,Syd-Newc-Woll Gtr conurbation,Curved,,,,Unknown / not stated,Sealed,Dry,Fine,Darkness,On,No traffic controls,70 km/h,State,10,Cross traffic,101,Adj - Cross traffic,,Right angle,Car (sedan/hatch),Light truck utility(from 2018),2,0,0,1,0,8,August,Winter,Saturday,18:00 - 19:59,PM peak / evening commute,True,False,True,True
1361798,Injury,Minor/Other Injury,2024,2024,August,Monday,06:00 - 07:59,EDGEWARE,RD,0,Right on the spot,WELLS,ST,NEWTOWN,7017.0,Yes,No,T-junction,-33.907143,151.174368,Inner West,Sydney metro. area,Syd-Newc-Woll Gtr conurbation,Straight,,,,On,Sealed,Dry,Fine,Unknown,Nil,No traffic controls,60 km/h,Regional,21,Right through,202,Opp - Right-thru,,Other angle,4 wheel drive / SUV,Motorcycle,2,0,0,0,1,8,August,Winter,Monday,06:00 - 07:59,AM peak / school commute,True,False,True,True
1361799,Injury,Moderate Injury,2024,2024,August,Friday,08:00 - 09:59,FRENCHS FOREST,RD,40,East,ALLAMBIE,RD,FRENCHS FOREST,,No,Not a school zone,2-way undivided,-33.751294,151.244396,Northern Beaches,Sydney metro. area,Syd-Newc-Woll Gtr conurbation,Straight,,,,Unknown / not stated,Sealed,Dry,Fine,Daylight,Nil,No traffic controls,50 km/h,Local,71,Off rd left => obj,703,Left off cway into object,,Vehicle - Object,Light truck utility(from 2018),,1,0,0,1,0,8,August,Winter,Friday,08:00 - 09:59,AM peak / school commute,True,False,True,True
1361800,Injury,Minor/Other Injury,2024,2024,September,Wednesday,20:00 - 21:59,FLATHEAD,RD,0,Right on the spot,NUMBER 60,HN,ETTALONG BEACH,,No,Not a school zone,2-way undivided,-33.510022,151.338529,Central Coast,Country urban,Syd-Newc-Woll Gtr conurbation,Straight,,,,Unknown / not stated,Sealed,Dry,Fine,Darkness,Nil,No traffic controls,50 km/h,Local,71,Off rd left => obj,703,Left off cway into object,,Other angle,Car (sedan/hatch),Station wagon,2,0,0,0,1,9,September,Spring,Wednesday,20:00 - 21:59,Evening / night,False,False,True,True
1361803,Injury,Minor/Other Injury,2024,2024,August,Thursday,12:00 - 13:59,PARKER,ST,0,Right on the spot,RICHMOND,RD,PENRITH,154.0,No,Not a school zone,X-intersection,-33.747036,150.714261,Penrith,Sydney metro. area,Syd-Newc-Woll Gtr conurbation,Straight,,,,Unknown / not stated,Sealed,Dry,Fine,Daylight,On,No traffic controls,70 km/h,State,30,Rear end,301,Same - Rear end,,Rear end,Large rigid,Car (sedan/hatch),2,0,0,0,1,8,August,Winter,Thursday,12:00 - 13:59,Midday / afternoon,False,False,True,True
1361812,Injury,Moderate Injury,2024,2024,August,Monday,06:00 - 07:59,GREAT WESTERN,HWY,0,Right on the spot,FLOOD,ST,LEICHHARDT,5.0,No,Not a school zone,X-intersection,-33.889851,151.149072,Inner West,Sydney metro. area,Syd-Newc-Woll Gtr conurbation,Straight,,,,On,Sealed,Dry,Fine,Dawn,On,No traffic controls,60 km/h,State,30,Rear end,301,Same - Rear end,,Rear end,Car (sedan/hatch),Car (sedan/hatch),3,0,0,1,0,8,August,Winter,Monday,06:00 - 07:59,AM peak / school commute,True,False,True,True
1361816,Injury,Moderate Injury,2024,2024,August,Wednesday,14:00 - 15:59,NARELLAN,RD,0,Right on the spot,CAMDEN VALLEY WAY,TO,NARELLAN,178.0,No,Not a school zone,Divided road,-34.0395,150.740498,Camden,Sydney metro. area,Syd-Newc-Woll Gtr conurbation,Straight,,,,Unknown / not stated,Sealed,Dry,Fine,Daylight,Nil,No traffic controls,60 km/h,State,30,Rear end,301,Same - Rear end,,Rear end,Light truck utility(from 2018),Station wagon,3,0,0,1,0,8,August,Winter,Wednesday,14:00 - 15:59,Midday / afternoon,False,False,True,True
1361818,Injury,Minor/Other Injury,2024,2024,September,Thursday,06:00 - 07:59,ROOKWOOD,RD,0,Right on the spot,NUMBER 83,HN,YAGOONA,190.0,No,Not a school zone,Divided road,-33.899395,151.037291,Canterbury-Bankstown,Sydney metro. area,Syd-Newc-Woll Gtr conurbation,Straight,,,,Unknown / not stated,Sealed,Dry,Fine,Daylight,Nil,No traffic controls,70 km/h,State,30,Rear end,301,Same - Rear end,,Rear end,4 wheel drive / SUV,Station wagon,3,0,0,0,1,9,September,Spring,Thursday,06:00 - 07:59,AM peak / school commute,True,False,True,True
1361819,Injury,Minor/Other Injury,2024,2024,August,Wednesday,10:00 - 11:59,BLACKTOWN,RD,0,Right on the spot,ROWOOD,RD,PROSPECT,7150.0,No,Not a school zone,Roundabout,-33.800192,150.926994,Blacktown,Sydney metro. area,Syd-Newc-Woll Gtr conurbation,Straight,,,,Unknown / not stated,Sealed,Dry,Fine,Daylight,Nil,Give way sign,60 km/h,Regional,30,Rear end,301,Same - Rear end,,Rear end,Car (sedan/hatch),4 wheel drive / SUV,2,0,0,0,1,8,August,Winter,Wednesday,10:00 - 11:59,Midday / afternoon,False,False,True,True
1361820,Injury,Moderate Injury,2024,2024,September,Monday,16:00 - 17:59,MCINTOSH,RD,30,East,SHEPPARD,RD,NARRAWEENA,7347.0,No,Not a school zone,2-way undivided,-33.750271,151.277217,Northern Beaches,Sydney metro. area,Syd-Newc-Woll Gtr conurbation,Straight,,,,Unknown / not stated,Sealed,Dry,Fine,Daylight,Nil,No traffic controls,50 km/h,Regional,20,Head on,201,Opp - Head on,,Head-on,Other bus,4 wheel drive / SUV,2,0,0,1,0,9,September,Spring,Monday,16:00 - 17:59,PM peak / evening commute,True,False,True,True
1361822,Injury,Minor/Other Injury,2024,2024,May,Saturday,10:00 - 11:59,BEECROFT,RD,40,North,EPPING,RD,EPPING,139.0,No,Not a school zone,Divided road,-33.773601,151.082186,Parramatta,Sydney metro. area,Syd-Newc-Woll Gtr conurbation,Straight,Steep grade,,,Unknown / not stated,Sealed,Dry,Fine,Daylight,Nil,No traffic controls,60 km/h,State,39,Other same direction,300,Same - other,,Other angle,Car (sedan/hatch),4 wheel drive / SUV,2,0,0,0,1,5,May,Autumn,Saturday,10:00 - 11:59,Midday / afternoon,False,False,True,True
1361824,Injury,Serious Injury,2024,2024,July,Wednesday,12:00 - 13:59,FULLERS,RD,0,Right on the spot,NUMBER 85,HN,CHATSWOOD,191.0,No,Not a school zone,2-way undivided,-33.796722,151.169632,Willoughby,Sydney metro. area,Syd-Newc-Woll Gtr conurbation,Straight,Driveway/entrance,,,Unknown / not stated,Sealed,Dry,Fine,Daylight,Nil,No traffic controls,50 km/h,State,49,Other manoeuvring,400,Manov - other,,Other angle,Car (sedan/hatch),,1,0,1,0,0,7,July,Winter,Wednesday,12:00 - 13:59,Midday / afternoon,False,False,True,True
1361827,Injury,Minor/Other Injury,2024,2024,August,Friday,10:00 - 11:59,NARELLAN,RD,0,Right on the spot,GILCHRIST,DR,BLAIR ATHOL,178.0,No,Not a school zone,X-intersection,-34.068036,150.80261,Campbelltown,Sydney metro. area,Syd-Newc-Woll Gtr conurbation,Straight,,,,Unknown / not stated,Sealed,Dry,Fine,Daylight,On,No traffic controls,60 km/h,State,90,Fell in/from vehicle,901,Fell in/from vehicle,,Person - Object,Other bus,,1,0,0,0,1,8,August,Winter,Friday,10:00 - 11:59,Midday / afternoon,False,False,True,True
1361829,Injury,Minor/Other Injury,2024,2024,September,Saturday,16:00 - 17:59,POLDING,ST,0,Right on the spot,SMITHFIELD,RD,SMITHFIELD,7220.0,No,Not a school zone,Roundabout,-33.860493,150.927487,Fairfield,Sydney metro. area,Syd-Newc-Woll Gtr conurbation,Curved,Underpass/tunnel,,,Unknown / not stated,Sealed,Dry,Fine,Darkness,Nil,No traffic controls,60 km/h,Regional,10,Cross traffic,101,Adj - Cross traffic,,Right angle,Car (sedan/hatch),Car (sedan/hatch),2,0,0,0,1,9,September,Spring,Saturday,16:00 - 17:59,PM peak / evening commute,True,False,True,True
1361831,Injury,Moderate Injury,2024,2024,September,Wednesday,16:00 - 17:59,COX,AVE,70,West,RICHMOND,RD,KINGSWOOD,,No,Not a school zone,2-way undivided,-33.757459,150.720269,Penrith,Sydney metro. area,Syd-Newc-Woll Gtr conurbation,Straight,Driveway/entrance,,,Off,Sealed,Dry,Fine,Daylight,Nil,No traffic controls,50 km/h,Local,47,Emerging from drive,406,Manov - Emerging from driveway,,Right angle,4 wheel drive / SUV,Light truck utility(from 2018),2,0,0,2,0,9,September,Spring,Wednesday,16:00 - 17:59,PM peak / evening commute,True,False,True,True
1361832,Injury,Minor/Other Injury,2024,2024,August,Thursday,16:00 - 17:59,BARRENJOEY,RD,0,Right on the spot,THE SERPENTINE,MS,BILGOLA BEACH,164.0,No,Not a school zone,T-junction,-33.647744,151.326934,Northern Beaches,Sydney metro. area,Syd-Newc-Woll Gtr conurbation,Curved,,,,Unknown / not stated,Sealed,Dry,Fine,Daylight,Nil,No traffic controls,60 km/h,State,30,Rear end,301,Same - Rear end,,Rear end,Light truck utility(from 2018),4 wheel drive / SUV,2,0,0,0,2,8,August,Winter,Thursday,16:00 - 17:59,PM peak / evening commute,True,False,True,True
1361833,Injury,Moderate Injury,2024,2024,September,Thursday,14:00 - 15:59,GELIBOLU,PDE,0,Right on the spot,STATION,RD,AUBURN,,No,Not a school zone,T-junction,-33.850447,151.034241,Cumberland,Sydney metro. area,Syd-Newc-Woll Gtr conurbation,Straight,,,,Unknown / not stated,Sealed,Dry,Fine,Daylight,Nil,No traffic controls,40 km/h,Local,35,Lane change left,307,Same - Lane change left,,Other angle,Car (sedan/hatch),Car (sedan/hatch),3,0,0,1,0,9,September,Spring,Thursday,14:00 - 15:59,Midday / afternoon,False,False,True,True
1361835,Injury,Minor/Other Injury,2024,2024,June,Wednesday,14:00 - 15:59,THE KINGSWAY,MS,140,West,STATION,ST,WENTWORTHVILLE,,No,Not a school zone,2-way undivided,-33.806775,150.970952,Cumberland,Sydney metro. area,Syd-Newc-Woll Gtr conurbation,Straight,,,,Unknown / not stated,Sealed,Dry,Fine,Daylight,Nil,No traffic controls,50 km/h,Local,42,Leaving parking,401,Manov - Leaving parking,,Other angle,Car (sedan/hatch),4 wheel drive / SUV,2,0,0,0,1,6,June,Winter,Wednesday,14:00 - 15:59,Midday / afternoon,False,False,True,True
1361837,Injury,Minor/Other Injury,2024,2024,July,Wednesday,12:00 - 13:59,ARTHUR,ST,0,Right on the spot,RICHMOND,RD,HOMEBUSH WEST,2057.0,No,Not a school zone,T-junction,-33.867597,151.063622,Strathfield,Sydney metro. area,Syd-Newc-Woll Gtr conurbation,Straight,,,,Unknown / not stated,Sealed,Dry,Fine,Daylight,On,No traffic controls,60 km/h,Regional,30,Rear end,301,Same - Rear end,,Rear end,Light truck utility(from 2018),Car (sedan/hatch),2,0,0,0,1,7,July,Winter,Wednesday,12:00 - 13:59,Midday / afternoon,False,False,True,True
1361838,Injury,Minor/Other Injury,2024,2024,September,Friday,14:00 - 15:59,ELSIEMER,ST,0,Right on the spot,TUGGERAH,PDE,LONG JETTY,,No,Not a school zone,T-junction,-33.358848,151.481801,Central Coast,Country urban,Syd-Newc-Woll Gtr conurbation,Straight,,,,Unknown / not stated,Sealed,Dry,Fine,Daylight,Nil,No traffic controls,50 km/h,Local,13,Right near,104,Adj - Right-thru from right,,Right angle,4 wheel drive / SUV,Car (sedan/hatch),2,0,0,0,1,9,September,Spring,Friday,14:00 - 15:59,Midday / afternoon,False,False,True,True
1361844,Injury,Moderate Injury,2024,2024,August,Wednesday,08:00 - 09:59,BELGRAVE,ESP,0,Right on the spot,RAMU,CL,SYLVANIA WATERS,,No,Not a school zone,T-junction,-34.023119,151.109154,Sutherland,Sydney metro. area,Syd-Newc-Woll Gtr conurbation,Straight,Driveway/entrance,,,Unknown / not stated,Sealed,Dry,Overcast,Daylight,Nil,No traffic controls,50 km/h,Local,47,Emerging from drive,406,Manov - Emerging from driveway,,Right angle,4 wheel drive / SUV,4 wheel drive / SUV,2,0,0,1,0,8,August,Winter,Wednesday,08:00 - 09:59,AM peak / school commute,True,False,True,True
1361845,Injury,Minor/Other Injury,2024,2024,August,Tuesday,08:00 - 09:59,CARTIER,ST,0,Right on the spot,PHILBY,PL,BONNYRIGG,,No,Not a school zone,T-junction,-33.896436,150.880445,Fairfield,Sydney metro. area,Syd-Newc-Woll Gtr conurbation,Straight,,,,Unknown / not stated,Sealed,Dry,Fine,Daylight,Nil,No traffic controls,50 km/h,Local,21,Right through,202,Opp - Right-thru,,Other angle,Car (sedan/hatch),Car (sedan/hatch),2,0,0,0,1,8,August,Winter,Tuesday,08:00 - 09:59,AM peak / school commute,True,False,True,True
1361846,Injury,Serious Injury,2024,2024,August,Saturday,14:00 - 15:59,KARIMBLA,RD,50,West,SYLVANIA,RD,MIRANDA,,No,Not a school zone,2-way undivided,-34.035722,151.092468,Sutherland,Sydney metro. area,Syd-Newc-Woll Gtr conurbation,Straight,Steep grade,,,Unknown / not stated,Sealed,Dry,Fine,Daylight,Nil,No traffic controls,50 km/h,Local,20,Head on,201,Opp - Head on,,Head-on,Car (sedan/hatch),Car (sedan/hatch),2,0,1,0,0,8,August,Winter,Saturday,14:00 - 15:59,Midday / afternoon,False,False,True,True