crash_id,degree_of_crash,degree_of_crash_-_detailed,reporting_year,year_of_crash,month_of_crash,day_of_week_of_crash,two-hour_intervals,street_of_crash,street_type,distance,direction,identifying_feature,identifying_feature_type,town,route_no.,school_zone_location,school_zone_active,type_of_location,latitude,longitude,lga,urbanisation,conurbation_1,alignment,primary_permanent_feature,primary_temporary_feature,primary_hazardous_feature,street_lighting,road_surface,surface_condition,weather,natural_lighting,signals_operation,other_traffic_control,speed_limit,road_classification_(admin),rum_-_code,rum_-_description,dca_-_code,dca_-_description,dca_supplement,first_impact_type,key_tu_type,other_tu_type,no._of_traffic_units_involved,no._killed,no._seriously_injured,no._moderately_injured,no._minor-other_injured,month_num,month_label,season,day_label,time_label,time_band,is_peak_commute,is_fatal,is_injury,is_casualty
1361850,Injury,Moderate Injury,2024,2024,September,Wednesday,04:00 - 05:59,TERMINUS,ST,0,Right on the spot,NUMBER 129,HN,LIVERPOOL,512.0,No,Not a school zone,2-way undivided,-33.926748,150.921471,Liverpool,Sydney metro. area,Syd-Newc-Woll Gtr conurbation,Straight,,,,Unknown / not stated,Sealed,Dry,Fine,Dawn,Nil,No traffic controls,60 km/h,State,39,Other same direction,300,Same - other,,Other angle,Car (sedan/hatch),Car (sedan/hatch),2,0,0,1,0,9,September,Spring,Wednesday,04:00 - 05:59,Late night / early morning,False,False,True,True
1361852,Injury,Minor/Other Injury,2024,2024,September,Thursday,14:00 - 15:59,GILL,AVE,0,Right on the spot,PASSEFIELD,ST,LIVERPOOL,,No,Not a school zone,X-intersection,-33.930814,150.911757,Liverpool,Sydney metro. area,Syd-Newc-Woll Gtr conurbation,Straight,,,,Unknown / not stated,Sealed,Dry,Fine,Daylight,Nil,Give way sign,50 km/h,Local,10,Cross traffic,101,Adj - Cross traffic,,Right angle,Car (sedan/hatch),Passenger van,2,0,0,0,1,9,September,Spring,Thursday,14:00 - 15:59,Midday / afternoon,False,False,True,True
1361855,Injury,Minor/Other Injury,2024,2024,September,Tuesday,14:00 - 15:59,HUME,RD,0,Right on the spot,SUNSHINE BAY,RD,SUNSHINE BAY,,No,Not a school zone,T-junction,-35.74157,150.209079,Eurobodalla,Country urban,Rest of NSW - Urban,Straight,,,,Unknown / not stated,Sealed,Dry,Fine,Daylight,Nil,No traffic controls,50 km/h,Local,31,Left rear,302,Same - Rear left,,Rear end,4 wheel drive / SUV,4 wheel drive / SUV,2,0,0,0,1,9,September,Spring,Tuesday,14:00 - 15:59,Midday / afternoon,False,False,True,True
1361857,Injury,Moderate Injury,2024,2024,September,Friday,18:00 - 19:59,JACKSONS,RD,0,Right on the spot,WARRIEWOOD SQUARE,ENT,WARRIEWOOD,,Yes,No,Divided road,-33.697071,151.296352,Northern Beaches,Sydney metro. area,Syd-Newc-Woll Gtr conurbation,Straight,Driveway/entrance,,,Unknown / not stated,Sealed,Dry,Fine,Darkness,Nil,Give way sign,40 km/h,Local,47,Emerging from drive,406,Manov - Emerging from driveway,,Right angle,4 wheel drive / SUV,4 wheel drive / SUV,2,0,0,1,0,9,September,Spring,Friday,18:00 - 19:59,PM peak / evening commute,True,False,True,True
1361860,Injury,Serious Injury,2024,2024,September,Wednesday,08:00 - 09:59,PENNANT,ST,0,Right on the spot,CASTLE TOWERS,ENT,CASTLE HILL,672.0,No,Not a school zone,Divided road,-33.729115,151.008223,The Hills,Sydney metro. area,Syd-Newc-Woll Gtr conurbation,Straight,Driveway/entrance,,,Unknown / not stated,Sealed,Dry,Fine,Daylight,On,No traffic controls,60 km/h,State,21,Right through,202,Opp - Right-thru,,Other angle,Car (sedan/hatch),Car (sedan/hatch),2,0,1,0,0,9,September,Spring,Wednesday,08:00 - 09:59,AM peak / school commute,True,False,True,True
1361861,Injury,Moderate Injury,2024,2024,September,Friday,16:00 - 17:59,BEVERLEY,RD,0,Right on the spot,CHAMBERLAIN,ST,CAMPBELLTOWN,,No,Not a school zone,X-intersection,-34.062362,150.821973,Campbelltown,Sydney metro. area,Syd-Newc-Woll Gtr conurbation,Straight,,,,Unknown / not stated,Sealed,Dry,Fine,Unknown,Nil,Give way sign,50 km/h,Local,40,U turn,304,Same - U-turn,,Other angle,Car (sedan/hatch),Passenger van,2,0,0,1,0,9,September,Spring,Friday,16:00 - 17:59,PM peak / evening commute,True,False,True,True
1361862,Injury,Minor/Other Injury,2024,2024,September,Friday,12:00 - 13:59,VICTORIA,RD,0,Right on the spot,NUMBER 898,HN,WEST RYDE,165.0,No,Not a school zone,Divided road,-33.811826,151.094874,Ryde,Sydney metro. area,Syd-Newc-Woll Gtr conurbation,Straight,,,,Unknown / not stated,Sealed,Dry,Fine,Daylight,Nil,No traffic controls,60 km/h,State,30,Rear end,301,Same - Rear end,,Rear end,4 wheel drive / SUV,Light truck utility(from 2018),2,0,0,0,1,9,September,Spring,Friday,12:00 - 13:59,Midday / afternoon,False,False,True,True
1361865,Injury,Moderate Injury,2024,2024,September,Thursday,20:00 - 21:59,KINGSWAY,MS,0,Right on the spot,PORT HACKING,RD,MIRANDA,227.0,No,Not a school zone,Multiple intersection,-34.035197,151.113268,Sutherland,Sydney metro. area,Syd-Newc-Woll Gtr conurbation,Straight,,,,Unknown / not stated,Sealed,Dry,Fine,Darkness,On,No traffic controls,60 km/h,State,21,Right through,202,Opp - Right-thru,,Other angle,Car (sedan/hatch),Light truck utility(from 2018),2,0,0,1,0,9,September,Spring,Thursday,20:00 - 21:59,Evening / night,False,False,True,True
1361867,Injury,Minor/Other Injury,2024,2024,September,Sunday,14:00 - 15:59,PACIFIC,HWY,450,West,KAROOL,RD,MOONEY MOONEY CREEK,10.0,No,Not a school zone,2-way undivided,-33.437178,151.244881,Central Coast,Country urban,Syd-Newc-Woll Gtr conurbation,Curved,,,,Unknown / not stated,Sealed,Wet,Raining,Daylight,Nil,No traffic controls,60 km/h,State,81,Off left/rt bnd=>obj,803,Off right bend into obj,Left,Vehicle - Object,Motorcycle,,1,0,0,0,1,9,September,Spring,Sunday,14:00 - 15:59,Midday / afternoon,False,False,True,True
1361868,Injury,Minor/Other Injury,2024,2024,August,Monday,14:00 - 15:59,HOTHAM,PDE,50,East,PACIFIC,HWY,ARTARMON,,No,Not a school zone,2-way undivided,-33.816087,151.179214,Willoughby,Sydney metro. area,Syd-Newc-Woll Gtr conurbation,Straight,Steep grade,,,Unknown / not stated,Sealed,Dry,Fine,Daylight,Nil,No traffic controls,50 km/h,Local,30,Rear end,301,Same - Rear end,,Rear end,4 wheel drive / SUV,Car (sedan/hatch),2,0,0,0,1,8,August,Winter,Monday,14:00 - 15:59,Midday / afternoon,False,False,True,True
1361873,Injury,Moderate Injury,2024,2024,August,Wednesday,14:00 - 15:59,CHAPEL,RD,0,Right on the spot,MACAULEY,AVE,BANKSTOWN,7122.0,No,Not a school zone,T-junction,-33.923822,151.030415,Canterbury-Bankstown,Sydney metro. area,Syd-Newc-Woll Gtr conurbation,Straight,,,,Unknown / not stated,Sealed,Wet,Raining,Daylight,On,No traffic controls,60 km/h,Regional,39,Other same direction,300,Same - other,,Other angle,Car (sedan/hatch),Car (sedan/hatch),2,0,0,1,0,8,August,Winter,Wednesday,14:00 - 15:59,Midday / afternoon,False,False,True,True
1361875,Injury,Moderate Injury,2024,2024,August,Saturday,16:00 - 17:59,CANTERBURY,RD,0,Right on the spot,KING GEORGES,RD,WILEY PARK,167.0,No,Not a school zone,X-intersection,-33.929428,151.072388,Canterbury-Bankstown,Sydney metro. area,Syd-Newc-Woll Gtr conurbation,Straight,,,,Unknown / not stated,Sealed,Dry,Fine,Unknown,On,No traffic controls,60 km/h,State,32,Right rear,303,Same - Rear right,,Rear end,Car (sedan/hatch),Car (sedan/hatch),2,0,0,1,0,8,August,Winter,Saturday,16:00 - 17:59,PM peak / evening commute,True,False,True,True
1361877,Injury,Moderate Injury,2024,2024,August,Saturday,12:00 - 13:59,MAY,ST,100,West,BLAXLAND,RD,EASTWOOD,,No,Not a school zone,2-way undivided,-33.788739,151.084672,Ryde,Sydney metro. area,Syd-Newc-Woll Gtr conurbation,Straight,Steep grade,,,Unknown / not stated,Sealed,Dry,Fine,Daylight,Nil,No traffic controls,50 km/h,Local,90,Fell in/from vehicle,901,Fell in/from vehicle,,Person - Object,Other bus,,1,0,0,1,0,8,August,Winter,Saturday,12:00 - 13:59,Midday / afternoon,False,False,True,True
1361881,Injury,Moderate Injury,2024,2024,September,Wednesday,18:00 - 19:59,TWEED COAST,RD,0,Right on the spot,GRANDE,PDE,CASUARINA,450.0,No,Not a school zone,T-junction,-28.296761,153.569397,Tweed,Country urban,Rest of NSW - Urban,Straight,,,,Unknown / not stated,Sealed,Dry,Fine,Darkness,On,No traffic controls,60 km/h,Regional,21,Right through,202,Opp - Right-thru,,Other angle,Car (sedan/hatch),Car (sedan/hatch),2,0,0,2,0,9,September,Spring,Wednesday,18:00 - 19:59,PM peak / evening commute,True,False,True,True
1361882,Injury,Minor/Other Injury,2024,2024,August,Wednesday,08:00 - 09:59,STATION,ST,0,Right on the spot,NUMBER 14-16,HN,HOMEBUSH,,No,Not a school zone,2-way undivided,-33.866214,151.086987,Strathfield,Sydney metro. area,Syd-Newc-Woll Gtr conurbation,Curved,,,,Unknown / not stated,Sealed,Dry,Fine,Daylight,Nil,No traffic controls,50 km/h,Local,49,Other manoeuvring,400,Manov - other,,Other angle,4 wheel drive / SUV,Car (sedan/hatch),2,0,0,0,1,8,August,Winter,Wednesday,08:00 - 09:59,AM peak / school commute,True,False,True,True
1361883,Injury,Minor/Other Injury,2024,2024,July,Wednesday,12:00 - 13:59,THE RIVER,RD,0,Right on the spot,SOUTH WESTERN,EXP,REVESBY,2068.0,No,Not a school zone,T-junction,-33.94129,151.018423,Canterbury-Bankstown,Sydney metro. area,Syd-Newc-Woll Gtr conurbation,Straight,Steep grade,,,Unknown / not stated,Sealed,Dry,Fine,Daylight,On,No traffic controls,60 km/h,Regional,30,Rear end,301,Same - Rear end,,Rear end,Light truck utility(from 2018),Car (sedan/hatch),2,0,0,0,1,7,July,Winter,Wednesday,12:00 - 13:59,Midday / afternoon,False,False,True,True
1361891,Injury,Minor/Other Injury,2024,2024,September,Monday,16:00 - 17:59,BEACH,ST,0,Right on the spot,RIVER,ST,WOOLGOOLGA,,No,Not a school zone,T-junction,-30.113239,153.19335,Coffs Harbour,Country urban,Rest of NSW - Urban,Curved,,,,Unknown / not stated,Sealed,Dry,Fine,Daylight,Nil,Give way sign,50 km/h,Local,30,Rear end,301,Same - Rear end,,Rear end,Car (sedan/hatch),Light truck utility(from 2018),2,0,0,0,1,9,September,Spring,Monday,16:00 - 17:59,PM peak / evening commute,True,False,True,True
1361892,Injury,Minor/Other Injury,2024,2024,June,Friday,10:00 - 11:59,GREAT WESTERN,HWY,50,West,ROBERTS,ST,STRATHFIELD,5.0,No,Not a school zone,Divided road,-33.867325,151.096655,Burwood,Sydney metro. area,Syd-Newc-Woll Gtr conurbation,Straight,,,,Unknown / not stated,Sealed,Dry,Fine,Daylight,Nil,No traffic controls,60 km/h,State,30,Rear end,301,Same - Rear end,,Rear end,Light truck,Car (sedan/hatch),2,0,0,0,1,6,June,Winter,Friday,10:00 - 11:59,Midday / afternoon,False,False,True,True
1361894,Injury,Moderate Injury,2024,2024,August,Sunday,20:00 - 21:59,THE RIVER,RD,0,Right on the spot,BLAMEY,ST,REVESBY,2068.0,No,Not a school zone,T-junction,-33.952687,151.017139,Canterbury-Bankstown,Sydney metro. area,Syd-Newc-Woll Gtr conurbation,Straight,,,,Unknown / not stated,Sealed,Dry,Fine,Darkness,On,No traffic controls,60 km/h,Regional,32,Right rear,303,Same - Rear right,,Rear end,4 wheel drive / SUV,Car (sedan/hatch),2,0,0,1,0,8,August,Winter,Sunday,20:00 - 21:59,Evening / night,False,False,True,True
1361896,Injury,Serious Injury,2024,2024,August,Sunday,14:00 - 15:59,NEW ILLAWARRA,RD,150,South,GURRUMUL,ST,BARDEN RIDGE,190.0,No,Not a school zone,Divided road,-34.037862,151.000121,Sutherland,Sydney metro. area,Syd-Newc-Woll Gtr conurbation,Straight,,,,Unknown / not stated,Sealed,Dry,Fine,Daylight,Nil,No traffic controls,80 km/h,State,30,Rear end,301,Same - Rear end,,Rear end,Car (sedan/hatch),4 wheel drive / SUV,2,0,1,0,0,8,August,Winter,Sunday,14:00 - 15:59,Midday / afternoon,False,False,True,True
1361897,Injury,Minor/Other Injury,2024,2024,September,Friday,12:00 - 13:59,PICTON,RD,50,West,HUME,EXP,WILTON,612.0,No,Not a school zone,Divided road,-34.228795,150.666776,Wollondilly,Country urban,Syd-Newc-Woll Gtr conurbation,Curved,Other bridge,,,Unknown / not stated,Sealed,Dry,Fine,Daylight,Nil,No traffic controls,80 km/h,State,20,Head on,201,Opp - Head on,,Head-on,Large rigid,Light truck utility(from 2018),2,0,0,0,1,9,September,Spring,Friday,12:00 - 13:59,Midday / afternoon,False,False,True,True
1361899,Injury,Minor/Other Injury,2024,2024,July,Friday,14:00 - 15:59,POLDING,ST,0,Right on the spot,RESERVE,ST,FAIRFIELD WEST,7222.0,No,Not a school zone,T-junction,-33.861132,150.932662,Fairfield,Sydney metro. area,Syd-Newc-Woll Gtr conurbation,Straight,Steep grade,,,Unknown / not stated,Sealed,Dry,Fine,Daylight,Nil,Give way sign,60 km/h,Regional,30,Rear end,301,Same - Rear end,,Rear end,Car (sedan/hatch),Car (sedan/hatch),2,0,0,0,1,7,July,Winter,Friday,14:00 - 15:59,Midday / afternoon,False,False,True,True
1361901,Injury,Moderate Injury,2024,2024,August,Friday,12:00 - 13:59,PACIFIC,HWY,3500,North,COOLGARDIE ROAD,TO,PIMLICO,10.0,No,Not a school zone,Divided road,-28.884626,153.483999,Ballina,Country non-urban,Rest of NSW - Rural,Curved,,,,Unknown / not stated,Sealed,Dry,Fine,Daylight,Nil,No traffic controls,110 km/h,State,88,Out of cont on bend,805,Out of control on bend,,Rollover,B-double (road train prior 98),,1,0,0,1,0,8,August,Winter,Friday,12:00 - 13:59,Midday / afternoon,False,False,True,True
1361904,Injury,Minor/Other Injury,2024,2024,September,Thursday,10:00 - 11:59,POWERS,RD,0,Right on the spot,NUMBER 45,HN,SEVEN HILLS,7474.0,No,Not a school zone,2-way undivided,-33.774877,150.958739,Blacktown,Sydney metro. area,Syd-Newc-Woll Gtr conurbation,Straight,,,,Unknown / not stated,Sealed,Dry,Fine,Daylight,Nil,No traffic controls,60 km/h,Regional,30,Rear end,301,Same - Rear end,,Rear end,Light truck utility(from 2018),4 wheel drive / SUV,4,0,0,0,2,9,September,Spring,Thursday,10:00 - 11:59,Midday / afternoon,False,False,True,True
1361906,Injury,Minor/Other Injury,2024,2024,September,Sunday,16:00 - 17:59,HARBORD,RD,0,Right on the spot,WYNDORA,AVE,FRESHWATER,7343.0,No,Not a school zone,Roundabout,-33.77411,151.278948,Northern Beaches,Sydney metro. area,Syd-Newc-Woll Gtr conurbation,Straight,,,,Unknown / not stated,Sealed,Dry,Fine,Daylight,Nil,Give way sign,60 km/h,Regional,30,Rear end,301,Same - Rear end,,Rear end,Motorcycle,Motorcycle,2,0,0,0,1,9,September,Spring,Sunday,16:00 - 17:59,PM peak / evening commute,True,False,True,True
1361907,Injury,Minor/Other Injury,2024,2024,August,Monday,16:00 - 17:59,PRINCES,HWY,10,South,HEATHCOTE,RD,HEATHCOTE,1.0,No,Not a school zone,X-intersection,-34.07959,151.010819,Sutherland,Sydney metro. area,Syd-Newc-Woll Gtr conurbation,Straight,,,,Unknown / not stated,Sealed,Dry,Fine,Unknown,Off,No traffic controls,70 km/h,State,30,Rear end,301,Same - Rear end,,Rear end,Car (sedan/hatch),Car (sedan/hatch),2,0,0,0,1,8,August,Winter,Monday,16:00 - 17:59,PM peak / evening commute,True,False,True,True
1361912,Injury,Moderate Injury,2024,2024,August,Saturday,20:00 - 21:59,OLYMPIC,HWY,400,North,TRAHAIRS,RD,BRUCEDALE,78.0,No,Not a school zone,2-way undivided,-35.040012,147.414338,Wagga Wagga,Country non-urban,Rest of NSW - Rural,Curved,,,,Unknown / not stated,Sealed,Dry,Fine,Darkness,Nil,No traffic controls,100 km/h,State,81,Off left/rt bnd=>obj,803,Off right bend into obj,Left,Vehicle - Object,Car (sedan/hatch),,1,0,0,3,1,8,August,Winter,Saturday,20:00 - 21:59,Evening / night,False,False,True,True
1361917,Injury,Minor/Other Injury,2024,2024,August,Saturday,10:00 - 11:59,WINDSOR,RD,0,Right on the spot,OLD WINDSOR,RD,STANHOPE GARDENS,184.0,No,Not a school zone,T-junction,-33.704282,150.930279,Blacktown,Sydney metro. area,Syd-Newc-Woll Gtr conurbation,Straight,,,,Unknown / not stated,Sealed,Dry,Fine,Daylight,On,No traffic controls,80 km/h,State,30,Rear end,301,Same - Rear end,,Rear end,Car (sedan/hatch),Car (sedan/hatch),2,0,0,0,1,8,August,Winter,Saturday,10:00 - 11:59,Midday / afternoon,False,False,True,True
1361920,Injury,Minor/Other Injury,2024,2024,August,Friday,10:00 - 11:59,RAWSON,ST,0,Right on the spot,SOUTH,PDE,AUBURN,2069.0,No,Not a school zone,T-junction,-33.84714,151.030946,Cumberland,Sydney metro. area,Syd-Newc-Woll Gtr conurbation,Straight,Other bridge,,,Nil,Sealed,Dry,Fine,Daylight,On,No traffic controls,50 km/h,Regional,37,Left turn sideswipe,309,Same - Left turn side swipe,,Other angle,Station wagon,Large rigid,2,0,0,0,1,8,August,Winter,Friday,10:00 - 11:59,Midday / afternoon,False,False,True,True
1361921,Injury,Moderate Injury,2024,2024,August,Saturday,06:00 - 07:59,SUTHERLAND,RD,50,North,COBRAN,RD,CHELTENHAM,,No,Not a school zone,2-way undivided,-33.757221,151.080743,Hornsby,Sydney metro. area,Syd-Newc-Woll Gtr conurbation,Curved,Embankment/cutting,,,Unknown / not stated,Sealed,Dry,Fine,Darkness,Nil,No traffic controls,50 km/h,Local,87,Off lft/lft bnd=>obj,804,Off left bend into obj,Left,Vehicle - Object,Car (sedan/hatch),,1,0,0,1,0,8,August,Winter,Saturday,06:00 - 07:59,AM peak / school commute,True,False,True,True
1361926,Injury,Minor/Other Injury,2024,2024,September,Monday,18:00 - 19:59,BRADFIELD,HWY,10,North,ARGYLE STREET,OP,DAWES POINT,632.0,No,Not a school zone,Divided road,-33.858708,151.206613,Sydney,Sydney metro. area,Syd-Newc-Woll Gtr conurbation,Straight,Other bridge,,,Unknown / not stated,Sealed,Dry,Fine,Darkness,Nil,No traffic controls,70 km/h,State,39,Other same direction,300,Same - other,,Other angle,Car (sedan/hatch),Car (sedan/hatch),2,0,0,0,1,9,September,Spring,Monday,18:00 - 19:59,PM peak / evening commute,True,False,True,True
1361927,Injury,Minor/Other Injury,2024,2024,August,Tuesday,14:00 - 15:59,GRIFFITHS,RD,0,Right on the spot,NUMBER 31,HN,LAMBTON,82.0,No,Not a school zone,Divided road,-32.914522,151.72402,Newcastle,Newcastle met. area,Syd-Newc-Woll Gtr conurbation,Straight,Driveway/entrance,,,Unknown / not stated,Sealed,Dry,Fine,Daylight,Nil,No traffic controls,60 km/h,State,31,Left rear,302,Same - Rear left,,Rear end,4 wheel drive / SUV,4 wheel drive / SUV,2,0,0,0,1,8,August,Winter,Tuesday,14:00 - 15:59,Midday / afternoon,False,False,True,True
1361928,Injury,Minor/Other Injury,2024,2024,August,Saturday,16:00 - 17:59,OLD WINDSOR,RD,0,Right on the spot,WINDSOR ROAD,TO,KELLYVILLE,635.0,No,Not a school zone,Divided road,-33.704733,150.930526,The Hills,Sydney metro. area,Syd-Newc-Woll Gtr conurbation,Straight,,,,Unknown / not stated,Sealed,Dry,Fine,Dusk,On,Ped crossing,80 km/h,State,30,Rear end,301,Same - Rear end,,Rear end,Car (sedan/hatch),Utility,2,0,0,0,1,8,August,Winter,Saturday,16:00 - 17:59,PM peak / evening commute,True,False,True,True
1361931,Injury,Minor/Other Injury,2024,2024,July,Wednesday,10:00 - 11:59,PACIFIC,HWY,0,Right on the spot,NUMBER 869,HN,PYMBLE,10.0,No,Not a school zone,Divided road,-33.748927,151.145861,Ku-ring-gai,Sydney metro. area,Syd-Newc-Woll Gtr conurbation,Curved,Steep grade,,,Unknown / not stated,Sealed,Dry,Fine,Daylight,Nil,No traffic controls,60 km/h,State,34,Lane change right,306,Same - Lane change right,,Other angle,Light truck,4 wheel drive / SUV,2,0,0,0,1,7,July,Winter,Wednesday,10:00 - 11:59,Midday / afternoon,False,False,True,True
1361933,Injury,Moderate Injury,2024,2024,April,Friday,08:00 - 09:59,STYLES,ST,0,Right on the spot,CATHERINE,ST,LEICHHARDT,2013.0,No,Not a school zone,X-intersection,-33.883175,151.162815,Inner West,Sydney metro. area,Syd-Newc-Woll Gtr conurbation,Straight,,,,Off,Sealed,Dry,Fine,Daylight,On,No traffic controls,50 km/h,Regional,81,Off left/rt bnd=>obj,707,Right turn,Left,Vehicle - Object,4 wheel drive / SUV,,1,0,0,1,0,4,April,Autumn,Friday,08:00 - 09:59,AM peak / school commute,True,False,True,True
1361934,Injury,Moderate Injury,2024,2024,April,Tuesday,14:00 - 15:59,CLYDE,ST,0,Right on the spot,NEWCASTLE,ST,HAMILTON NORTH,,No,Not a school zone,T-junction,-32.912413,151.7378,Newcastle,Newcastle met. area,Syd-Newc-Woll Gtr conurbation,Straight,,,,Off,Sealed,Dry,Fine,Daylight,Nil,No traffic controls,50 km/h,Local,53,Overtake turning,506,Ovtak - Overtaking right turn,,Other angle,Station wagon,Other bus,2,0,0,1,0,4,April,Autumn,Tuesday,14:00 - 15:59,Midday / afternoon,False,False,True,True
1361935,Injury,Moderate Injury,2024,2024,April,Sunday,20:00 - 21:59,KERR,PDE,150,East,CIVIC,RD,AUBURN,,Yes,No,2-way undivided,-33.85204,151.034756,Cumberland,Sydney metro. area,Syd-Newc-Woll Gtr conurbation,Straight,Painted double centre lines,Police pursuit,,On,Sealed,Unknown,Unknown,Darkness,Nil,No traffic controls,50 km/h,Local,54,Cutting in,504,Ovtak - Cutting in,,Other angle,4 wheel drive / SUV,Car (sedan/hatch),5,0,0,1,0,4,April,Autumn,Sunday,20:00 - 21:59,Evening / night,False,False,True,True
1361936,Injury,Serious Injury,2024,2024,March,Friday,16:00 - 17:59,REG HAILSTONE,WAY,1200,South,BLUE MANTLE,RD,WYANGALA,,No,Not a school zone,2-way undivided,-33.921738,148.948499,Cowra,Country urban,Rest of NSW - Urban,Curved,Embankment/cutting,,,Nil,Sealed,Dry,Fine,Daylight,Nil,No traffic controls,60 km/h,Local,80,Off left/right bend,801,Off cway right bend,Left,Rollover,Motorcycle,,1,0,1,0,0,3,March,Autumn,Friday,16:00 - 17:59,PM peak / evening commute,True,False,True,True
1361937,Injury,Serious Injury,2024,2024,April,Tuesday,18:00 - 19:59,WOLLOMBI,RD,80,West,JAMES,ST,CESSNOCK,181.0,No,Not a school zone,2-way undivided,-32.839392,151.342423,Cessnock,Country urban,Rest of NSW - Urban,Straight,,,,On,Sealed,Dry,Fine,Dusk,Nil,Ped crossing,60 km/h,Regional,2,Ped far side,3,Ped - Far side,,Vehicle - Pedestrian,4 wheel drive / SUV,Pedestrian,2,0,1,0,0,4,April,Autumn,Tuesday,18:00 - 19:59,PM peak / evening commute,True,False,True,True
1361938,Injury,Minor/Other Injury,2024,2024,April,Thursday,08:00 - 09:59,BURLEY GRIFFIN,WAY,2500,East,OLYMPIC,HWY,WALLENDBEEN,84.0,No,Not a school zone,2-way undivided,-34.523079,148.189365,Cootamundra-Gundagai,Country non-urban,Rest of NSW - Rural,Curved,,,,Nil,Sealed,Dry,Fine,Daylight,Nil,No traffic controls,100 km/h,State,84,Off right/left bend,802,Off cway left bend,Right,Rollover,Car (sedan/hatch),,1,0,0,0,3,4,April,Autumn,Thursday,08:00 - 09:59,AM peak / school commute,True,False,True,True
1361940,Injury,Serious Injury,2024,2024,April,Saturday,12:00 - 13:59,PUTTY,RD,20000,South,MILBRODALE,TN,HOWES VALLEY,503.0,No,Not a school zone,2-way undivided,-32.793715,150.900209,Singleton,Country urban,Rest of NSW - Urban,Curved,Painted double centre lines,,,Off,Sealed,Wet,Raining,Daylight,Nil,No traffic controls,80 km/h,State,20,Head on,201,Opp - Head on,,Head-on,Motorcycle,4 wheel drive / SUV,2,0,1,0,0,4,April,Autumn,Saturday,12:00 - 13:59,Midday / afternoon,False,False,True,True
1361941,Injury,Moderate Injury,2024,2024,April,Monday,10:00 - 11:59,GLADSTONE,ST,0,Right on the spot,RAILWAY,PDE,KOGARAH,,Yes,No,T-junction,-33.960042,151.133738,Georges River,Sydney metro. area,Syd-Newc-Woll Gtr conurbation,Straight,,,,Off,Sealed,Dry,Fine,Daylight,Nil,Give way sign,50 km/h,Local,71,Off rd left => obj,703,Left off cway into object,,Other angle,4 wheel drive / SUV,Car (sedan/hatch),3,0,0,1,0,4,April,Autumn,Monday,10:00 - 11:59,Midday / afternoon,False,False,True,True
1361943,Injury,Moderate Injury,2024,2024,May,Saturday,00:01 - 01:59,ALISON,RD,0,Right on the spot,BROOK,ST,COOGEE,,No,Not a school zone,Roundabout,-33.915396,151.255475,Randwick,Sydney metro. area,Syd-Newc-Woll Gtr conurbation,Straight,Steep grade,,,On,Sealed,Wet,Fine,Darkness,Nil,Give way sign,50 km/h,Local,10,Cross traffic,101,Adj - Cross traffic,,Right angle,Car (sedan/hatch),4 wheel drive / SUV,4,0,0,1,0,5,May,Autumn,Saturday,00:01 - 01:59,Late night / early morning,False,False,True,True
1361944,Injury,Serious Injury,2024,2024,May,Wednesday,10:00 - 11:59,SMITHFIELD,RD,0,Right on the spot,DUNSTAN,ST,FAIRFIELD WEST,7220.0,No,Not a school zone,T-junction,-33.865178,150.911052,Fairfield,Sydney metro. area,Syd-Newc-Woll Gtr conurbation,Straight,,,,Nil,Sealed,Dry,Fine,Daylight,Nil,No traffic controls,60 km/h,Regional,31,Left rear,302,Same - Rear left,,Rear end,4 wheel drive / SUV,Car (sedan/hatch),2,0,1,1,0,5,May,Autumn,Wednesday,10:00 - 11:59,Midday / afternoon,False,False,True,True
1361947,Injury,Moderate Injury,2024,2024,April,Wednesday,04:00 - 05:59,BROADMEADOW,RD,85,South,GRIFFITHS,RD,BROADMEADOW,,No,Not a school zone,2-way undivided,-32.917362,151.732618,Newcastle,Newcastle met. area,Syd-Newc-Woll Gtr conurbation,Straight,,,,Unknown / not stated,Sealed,Unknown,Unknown,Dawn,Nil,No traffic controls,50 km/h,Local,71,Off rd left => obj,703,Left off cway into object,,Vehicle - Object,Car (sedan/hatch),,1,0,0,1,0,4,April,Autumn,Wednesday,04:00 - 05:59,Late night / early morning,False,False,True,True
1361948,Injury,Serious Injury,2024,2024,May,Saturday,06:00 - 07:59,ELSHAM,RD,0,Right on the spot,WATER,ST,AUBURN,,No,Not a school zone,T-junction,-33.861733,151.034934,Cumberland,Sydney metro. area,Syd-Newc-Woll Gtr conurbation,Straight,,,,Off,Sealed,Wet,Overcast,Daylight,Nil,Stop sign,50 km/h,Local,10,Cross traffic,101,Adj - Cross traffic,,Right angle,Car (sedan/hatch),Motorcycle,2,0,1,1,0,5,May,Autumn,Saturday,06:00 - 07:59,AM peak / school commute,True,False,True,True
1361949,Injury,Moderate Injury,2024,2024,May,Wednesday,06:00 - 07:59,HOXTON PARK,RD,0,Right on the spot,CARTWRIGHT,AVE,PRESTONS,681.0,No,Not a school zone,T-junction,-33.927559,150.89056,Liverpool,Sydney metro. area,Syd-Newc-Woll Gtr conurbation,Straight,Driveway/entrance,,,Off,Sealed,Dry,Fine,Daylight,On,No traffic controls,70 km/h,State,48,From footpath,408,Manov - From footway,,Other angle,Pedal cycle,Car (sedan/hatch),2,0,0,1,0,5,May,Autumn,Wednesday,06:00 - 07:59,AM peak / school commute,True,False,True,True