crash_id,degree_of_crash,degree_of_crash_-_detailed,reporting_year,year_of_crash,month_of_crash,day_of_week_of_crash,two-hour_intervals,street_of_crash,street_type,distance,direction,identifying_feature,identifying_feature_type,town,route_no.,school_zone_location,school_zone_active,type_of_location,latitude,longitude,lga,urbanisation,conurbation_1,alignment,primary_permanent_feature,primary_temporary_feature,primary_hazardous_feature,street_lighting,road_surface,surface_condition,weather,natural_lighting,signals_operation,other_traffic_control,speed_limit,road_classification_(admin),rum_-_code,rum_-_description,dca_-_code,dca_-_description,dca_supplement,first_impact_type,key_tu_type,other_tu_type,no._of_traffic_units_involved,no._killed,no._seriously_injured,no._moderately_injured,no._minor-other_injured,month_num,month_label,season,day_label,time_label,time_band,is_peak_commute,is_fatal,is_injury,is_casualty
1361951,Injury,Moderate Injury,2024,2024,May,Thursday,06:00 - 07:59,OCEAN BEACH,RD,10,South,DOROTHY,AVE,WOY WOY,7752.0,Yes,No,T-junction,-33.503261,151.32004,Central Coast,Country urban,Syd-Newc-Woll Gtr conurbation,Straight,,,,Off,Sealed,Wet,Overcast,Daylight,Off,Ped crossing,60 km/h,Regional,71,Off rd left => obj,703,Left off cway into object,,Vehicle - Object,4 wheel drive / SUV,,1,0,0,1,0,5,May,Autumn,Thursday,06:00 - 07:59,AM peak / school commute,True,False,True,True
1361952,Injury,Moderate Injury,2024,2024,May,Wednesday,16:00 - 17:59,CHAPEL,ST,0,Right on the spot,MOSSMAN,ST,ARMIDALE,,No,Not a school zone,X-intersection,-30.525642,151.6749,Armidale Regional,Country urban,Rest of NSW - Urban,Straight,,,,Off,Sealed,Dry,Fine,Dusk,Nil,Give way sign,50 km/h,Local,10,Cross traffic,101,Adj - Cross traffic,,Right angle,Light truck,Light truck utility(from 2018),2,0,0,1,1,5,May,Autumn,Wednesday,16:00 - 17:59,PM peak / evening commute,True,False,True,True
1361954,Injury,Minor/Other Injury,2024,2024,May,Wednesday,10:00 - 11:59,BATHURST,ST,10,East,PITT,ST,SYDNEY,7306.0,No,Not a school zone,X-intersection,-33.874501,151.208121,Sydney,Sydney metro. area,Syd-Newc-Woll Gtr conurbation,Straight,,,,Off,Sealed,Dry,Fine,Daylight,On,No traffic controls,50 km/h,Regional,0,Ped nearside,1,Ped - Near side,,Vehicle - Pedestrian,Passenger van,Pedestrian,2,0,0,0,1,5,May,Autumn,Wednesday,10:00 - 11:59,Midday / afternoon,False,False,True,True
1361955,Injury,Serious Injury,2024,2024,June,Saturday,14:00 - 15:59,BRINGELLY,RD,0,Right on the spot,DICKSON,RD,LEPPINGTON,647.0,No,Not a school zone,X-intersection,-33.949818,150.802245,Camden,Sydney metro. area,Syd-Newc-Woll Gtr conurbation,Straight,,,,Off,Sealed,Wet,Raining,Daylight,On,No traffic controls,80 km/h,State,10,Cross traffic,101,Adj - Cross traffic,,Right angle,Car (sedan/hatch),Car (sedan/hatch),2,0,1,1,1,6,June,Winter,Saturday,14:00 - 15:59,Midday / afternoon,False,False,True,True
1361957,Injury,Moderate Injury,2024,2024,May,Friday,14:00 - 15:59,NEWCASTLE,EXP,1250,North,PACIFIC HIGHWAY,OP,WAHROONGA,6003.0,No,Not a school zone,Dual freeway,-33.708918,151.117101,Ku-ring-gai,Sydney metro. area,Syd-Newc-Woll Gtr conurbation,Straight,,,,Off,Sealed,Dry,Fine,Daylight,Nil,No traffic controls,80 km/h,State,30,Rear end,301,Same - Rear end,,Rear end,4 wheel drive / SUV,Light truck utility(from 2018),2,0,0,1,0,5,May,Autumn,Friday,14:00 - 15:59,Midday / afternoon,False,False,True,True
1361958,Injury,Serious Injury,2024,2024,May,Wednesday,16:00 - 17:59,MANIFOLD,RD,0,Right on the spot,POPONDETTA,RD,BLACKETT,,No,Not a school zone,T-junction,-33.733792,150.816133,Blacktown,Sydney metro. area,Syd-Newc-Woll Gtr conurbation,Straight,,,,On,Sealed,Dry,Fine,Darkness,Nil,No traffic controls,50 km/h,Local,21,Right through,202,Opp - Right-thru,,Other angle,Car (sedan/hatch),Motorcycle,2,0,1,1,0,5,May,Autumn,Wednesday,16:00 - 17:59,PM peak / evening commute,True,False,True,True
1361959,Injury,Moderate Injury,2024,2024,May,Thursday,18:00 - 19:59,CENTRAL HILLS,DR,0,Right on the spot,GREGORY HILLS,DR,GREGORY HILLS,,No,Not a school zone,X-intersection,-34.021987,150.765274,Camden,Sydney metro. area,Syd-Newc-Woll Gtr conurbation,Straight,,,,On,Sealed,Dry,Fine,Dusk,On,No traffic controls,60 km/h,Local,83,Off rt/rt bnd=>obj,707,Right turn,Right,Vehicle - Object,Car (sedan/hatch),,1,0,0,1,0,5,May,Autumn,Thursday,18:00 - 19:59,PM peak / evening commute,True,False,True,True
1361960,Injury,Minor/Other Injury,2024,2024,June,Sunday,08:00 - 09:59,GREGORY HILLS,DR,0,Right on the spot,KAVANAGH,ST,GREGORY HILLS,,No,Not a school zone,T-junction,-34.027976,150.785646,Camden,Sydney metro. area,Syd-Newc-Woll Gtr conurbation,Straight,,,,Off,Sealed,Dry,Fine,Daylight,On,No traffic controls,60 km/h,Local,10,Cross traffic,101,Adj - Cross traffic,,Right angle,Car (sedan/hatch),4 wheel drive / SUV,2,0,0,0,2,6,June,Winter,Sunday,08:00 - 09:59,AM peak / school commute,True,False,True,True
1361961,Injury,Serious Injury,2024,2024,May,Thursday,04:00 - 05:59,GREAT WESTERN,HWY,20,South,PARKES,ST,PARRAMATTA,5.0,No,Not a school zone,Divided road,-33.820442,151.003924,Parramatta,Sydney metro. area,Syd-Newc-Woll Gtr conurbation,Straight,,,,On,Sealed,Dry,Fine,Dawn,Nil,No traffic controls,60 km/h,State,30,Rear end,301,Same - Rear end,,Rear end,4 wheel drive / SUV,4 wheel drive / SUV,3,0,1,0,0,5,May,Autumn,Thursday,04:00 - 05:59,Late night / early morning,False,False,True,True
1361962,Injury,Moderate Injury,2024,2024,May,Monday,00:01 - 01:59,ASSETS,ST,0,Right on the spot,CAMPSIE,ST,CAMPSIE,,No,Not a school zone,T-junction,-33.90984,151.100891,Canterbury-Bankstown,Sydney metro. area,Syd-Newc-Woll Gtr conurbation,Straight,,,,On,Sealed,Dry,Fine,Darkness,Nil,No traffic controls,50 km/h,Local,0,Ped nearside,1,Ped - Near side,,Vehicle - Pedestrian,Light truck,Pedestrian,2,0,0,1,0,5,May,Autumn,Monday,00:01 - 01:59,Late night / early morning,False,False,True,True
1361963,Injury,Moderate Injury,2024,2024,May,Friday,12:00 - 13:59,BRAUNSTONE,RD,0,Right on the spot,MCPHERSONS CROSSING,RD,BRAUNSTONE,,No,Not a school zone,X-intersection,-29.80254,152.915025,Clarence Valley,Country non-urban,Rest of NSW - Rural,Curved,Crest,,,Nil,Sealed,Dry,Fine,Daylight,Nil,Stop sign,100 km/h,Local,10,Cross traffic,101,Adj - Cross traffic,,Right angle,Light truck utility(from 2018),Light truck utility(from 2018),2,0,0,1,0,5,May,Autumn,Friday,12:00 - 13:59,Midday / afternoon,False,False,True,True
1361965,Injury,Moderate Injury,2024,2024,June,Sunday,00:01 - 01:59,BAGNALL BEACH,RD,0,Right on the spot,NUMBER 127,HN,CORLETTE,,No,Not a school zone,2-way undivided,-32.722741,152.121218,Port Stephens,Country urban,Rest of NSW - Urban,Straight,Steep grade,,,On,Sealed,Wet,Raining,Darkness,Nil,No traffic controls,50 km/h,Local,73,Off rd rght => obj,704,Right off cway into obj,,Vehicle - Object,4 wheel drive / SUV,,1,0,0,1,0,6,June,Winter,Sunday,00:01 - 01:59,Late night / early morning,False,False,True,True
1361967,Injury,Moderate Injury,2024,2024,June,Sunday,14:00 - 15:59,BURNETT,ST,0,Right on the spot,REES,ST,MAYS HILL,7252.0,No,Not a school zone,X-intersection,-33.821285,150.990101,Cumberland,Sydney metro. area,Syd-Newc-Woll Gtr conurbation,Straight,,,,Off,Sealed,Dry,Fine,Daylight,Nil,Give way sign,60 km/h,Regional,13,Right near,104,Adj - Right-thru from right,,Right angle,4 wheel drive / SUV,4 wheel drive / SUV,2,0,0,1,0,6,June,Winter,Sunday,14:00 - 15:59,Midday / afternoon,False,False,True,True
1361968,Injury,Minor/Other Injury,2024,2024,April,Wednesday,08:00 - 09:59,THE HORSLEY,DR,50,West,FERRERS,RD,HORSLEY PARK,609.0,No,Not a school zone,2-way undivided,-33.845397,150.869998,Fairfield,Sydney metro. area,Syd-Newc-Woll Gtr conurbation,Curved,,,,Off,Sealed,Dry,Fine,Daylight,Nil,No traffic controls,60 km/h,State,35,Lane change left,307,Same - Lane change left,,Other angle,Large rigid,Car (sedan/hatch),2,0,0,0,1,4,April,Autumn,Wednesday,08:00 - 09:59,AM peak / school commute,True,False,True,True
1361969,Injury,Moderate Injury,2024,2024,June,Thursday,12:00 - 13:59,NEWELL,HWY,0,Right on the spot,BLUEBERRY,RD,MOREE,17.0,No,Not a school zone,T-junction,-29.491797,149.851789,Moree Plains,Country urban,Rest of NSW - Urban,Straight,,,,Off,Sealed,Dry,Fine,Daylight,Nil,Give way sign,80 km/h,State,13,Right near,104,Adj - Right-thru from right,,Right angle,Car (sedan/hatch),Large rigid,2,0,0,1,0,6,June,Winter,Thursday,12:00 - 13:59,Midday / afternoon,False,False,True,True
1361970,Injury,Moderate Injury,2024,2024,June,Monday,10:00 - 11:59,ELIZABETH,ST,0,Right on the spot,MARKET,ST,SYDNEY,7083.0,No,Not a school zone,T-junction,-33.870721,151.210219,Sydney,Sydney metro. area,Syd-Newc-Woll Gtr conurbation,Straight,,,,Off,Sealed,Dry,Fine,Daylight,On,No traffic controls,40 km/h,Regional,0,Ped nearside,1,Ped - Near side,,Vehicle - Pedestrian,Car (sedan/hatch),Pedestrian,2,0,0,1,0,6,June,Winter,Monday,10:00 - 11:59,Midday / afternoon,False,False,True,True
1361971,Injury,Moderate Injury,2024,2024,May,Tuesday,14:00 - 15:59,EASTERN DISTRIBUTOR,EXP,20,North,TUNNEL,ENT,SURRY HILLS,6007.0,No,Not a school zone,Dual freeway,-33.886465,151.217993,Sydney,Sydney metro. area,Syd-Newc-Woll Gtr conurbation,Straight,Underpass/tunnel,,,On,Sealed,Dry,Fine,Daylight,Nil,No traffic controls,80 km/h,State,74,On road-out of cont.,705,Out of control on cway,,Rollover,Motorcycle,,1,0,0,1,0,5,May,Autumn,Tuesday,14:00 - 15:59,Midday / afternoon,False,False,True,True
1361972,Injury,Serious Injury,2024,2024,June,Sunday,18:00 - 19:59,DUNNING,AVE,0,Right on the spot,EPSOM,RD,ROSEBERY,,No,Not a school zone,X-intersection,-33.910439,151.204291,Sydney,Sydney metro. area,Syd-Newc-Woll Gtr conurbation,Straight,,,,On,Sealed,Dry,Fine,Darkness,Nil,Stop sign,50 km/h,Local,10,Cross traffic,101,Adj - Cross traffic,,Right angle,Pedal cycle,Light truck utility(from 2018),2,0,1,0,0,6,June,Winter,Sunday,18:00 - 19:59,PM peak / evening commute,True,False,True,True
1361973,Injury,Serious Injury,2024,2024,June,Thursday,22:00 - Midnight,HUME,HWY,200,South,HUME HIGHWAY,TO,EDMONDSON PARK,2.0,No,Not a school zone,Dual freeway,-33.964652,150.874962,Liverpool,Sydney metro. area,Syd-Newc-Woll Gtr conurbation,Straight,,,,Nil,Sealed,Dry,Fine,Darkness,Nil,No traffic controls,100 km/h,State,73,Off rd rght => obj,704,Right off cway into obj,,Vehicle - Object,Semi-trailer,,4,0,2,0,1,6,June,Winter,Thursday,22:00 - Midnight,Evening / night,False,False,True,True
1361977,Injury,Minor/Other Injury,2024,2024,June,Tuesday,08:00 - 09:59,BEAMISH,ST,0,Right on the spot,CAMPSIE,ST,CAMPSIE,2014.0,No,Not a school zone,T-junction,-33.908872,151.103354,Canterbury-Bankstown,Sydney metro. area,Syd-Newc-Woll Gtr conurbation,Straight,,,,Nil,Sealed,Dry,Fine,Daylight,Nil,Ped crossing,40 km/h,Regional,9,Ped other,0,Ped - other,,Vehicle - Pedestrian,Unknown motor vehicle,Pedestrian,2,0,0,0,1,6,June,Winter,Tuesday,08:00 - 09:59,AM peak / school commute,True,False,True,True
1361978,Injury,Moderate Injury,2024,2024,May,Friday,18:00 - 19:59,GREAT NORTH,RD,0,Right on the spot,RAMSAY,RD,FIVE DOCK,395.0,No,Not a school zone,X-intersection,-33.869306,151.129488,Canada Bay,Sydney metro. area,Syd-Newc-Woll Gtr conurbation,Straight,,,,On,Sealed,Wet,Raining,Darkness,On,Ped crossing,50 km/h,State,0,Ped nearside,1,Ped - Near side,,Vehicle - Pedestrian,Car (sedan/hatch),Pedestrian,2,0,0,1,0,5,May,Autumn,Friday,18:00 - 19:59,PM peak / evening commute,True,False,True,True
1361979,Injury,Serious Injury,2024,2024,July,Monday,20:00 - 21:59,BLAXCELL,ST,0,Right on the spot,NOBBS,ST,SOUTH GRANVILLE,,Yes,No,T-junction,-33.848814,151.008961,Cumberland,Sydney metro. area,Syd-Newc-Woll Gtr conurbation,Straight,,,,Unknown / not stated,Sealed,Wet,Raining,Darkness,Nil,No traffic controls,50 km/h,Local,21,Right through,202,Opp - Right-thru,,Other angle,Light truck utility(from 2018),Pedal cycle,2,0,1,0,0,7,July,Winter,Monday,20:00 - 21:59,Evening / night,False,False,True,True
1361981,Injury,Moderate Injury,2024,2024,June,Tuesday,16:00 - 17:59,GEORGES RIVER,RD,0,Right on the spot,CROYDON,AVE,CROYDON PARK,549.0,No,Not a school zone,X-intersection,-33.894682,151.111097,Canterbury-Bankstown,Sydney metro. area,Syd-Newc-Woll Gtr conurbation,Straight,,,,On,Sealed,Dry,Fine,Dusk,On,No traffic controls,60 km/h,State,21,Right through,202,Opp - Right-thru,,Other angle,Car (sedan/hatch),4 wheel drive / SUV,2,0,0,2,0,6,June,Winter,Tuesday,16:00 - 17:59,PM peak / evening commute,True,False,True,True
1361982,Injury,Serious Injury,2024,2024,June,Sunday,14:00 - 15:59,BRUXNER,HWY,100,East,PIORA,LANE,PIORA,16.0,No,Not a school zone,2-way undivided,-28.853319,152.906566,Richmond Valley,Country non-urban,Rest of NSW - Rural,Straight,Ditch/drain/culvert,,,Nil,Sealed,Dry,Fine,Daylight,Nil,No traffic controls,100 km/h,State,52,Pulling out,503,Ovtak- Pulling out,,Other angle,Light truck utility(from 2018),4 wheel drive / SUV,2,0,1,4,1,6,June,Winter,Sunday,14:00 - 15:59,Midday / afternoon,False,False,True,True
1361983,Injury,Minor/Other Injury,2024,2024,July,Wednesday,18:00 - 19:59,GUILDFORD,RD,15,West,ROSEBERY,RD,GUILDFORD,,No,Not a school zone,2-way undivided,-33.854658,150.989347,Cumberland,Sydney metro. area,Syd-Newc-Woll Gtr conurbation,Straight,,,,On,Sealed,Wet,Raining,Darkness,Nil,No traffic controls,50 km/h,Local,30,Rear end,301,Same - Rear end,,Rear end,Unknown motor vehicle,Car (sedan/hatch),3,0,0,0,1,7,July,Winter,Wednesday,18:00 - 19:59,PM peak / evening commute,True,False,True,True
1361984,Injury,Moderate Injury,2024,2024,June,Tuesday,14:00 - 15:59,ACACIA,RD,0,Right on the spot,DEBENHAM,RD,SOMERSBY,,No,Not a school zone,T-junction,-33.416732,151.30256,Central Coast,Country urban,Syd-Newc-Woll Gtr conurbation,Straight,,,,Off,Sealed,Dry,Fine,Daylight,Nil,Give way sign,50 km/h,Local,14,2 right turning,105,Adj - Two right turning,,Right angle,Pedal cycle,Light truck utility(from 2018),2,0,0,1,0,6,June,Winter,Tuesday,14:00 - 15:59,Midday / afternoon,False,False,True,True
1361986,Injury,Serious Injury,2024,2024,July,Wednesday,14:00 - 15:59,MOXON,RD,0,Right on the spot,NUMBER 37,HN,PUNCHBOWL,,No,Not a school zone,2-way undivided,-33.935968,151.043047,Canterbury-Bankstown,Sydney metro. area,Syd-Newc-Woll Gtr conurbation,Straight,Driveway/entrance,,,Off,Sealed,Dry,Fine,Daylight,Nil,No traffic controls,50 km/h,Local,47,Emerging from drive,406,Manov - Emerging from driveway,,Right angle,4 wheel drive / SUV,Motor scooter,2,0,1,0,0,7,July,Winter,Wednesday,14:00 - 15:59,Midday / afternoon,False,False,True,True
1361987,Injury,Serious Injury,2024,2024,July,Thursday,14:00 - 15:59,KINGS,HWY,1850,West,MISTY MOUNTAIN,RD,BUCKENBOWRA,51.0,No,Not a school zone,2-way undivided,-35.550628,150.000816,Eurobodalla,Country non-urban,Rest of NSW - Rural,Curved,Embankment/cutting,,Loose gravel shoulder,Nil,Sealed,Wet,Raining,Daylight,Nil,No traffic controls,90 km/h,State,84,Off right/left bend,802,Off cway left bend,Right,Rollover,4 wheel drive / SUV,,1,0,1,0,0,7,July,Winter,Thursday,14:00 - 15:59,Midday / afternoon,False,False,True,True
1361988,Injury,Moderate Injury,2024,2024,June,Thursday,16:00 - 17:59,PACIFIC,HWY,0,Right on the spot,COLONGRA BAY,RD,LAKE MUNMORAH,10.0,No,Not a school zone,T-junction,-33.190529,151.56545,Central Coast,Country urban,Syd-Newc-Woll Gtr conurbation,Straight,,,,On,Sealed,Dry,Fine,Dusk,Nil,Stop sign,80 km/h,State,10,Cross traffic,101,Adj - Cross traffic,,Right angle,Car (sedan/hatch),Car (sedan/hatch),2,0,0,1,0,6,June,Winter,Thursday,16:00 - 17:59,PM peak / evening commute,True,False,True,True
1361989,Injury,Serious Injury,2024,2024,July,Saturday,22:00 - Midnight,DALWOOD,RD,0,Right on the spot,NUMBER 56,HN,EAST BRANXTON,,No,Not a school zone,2-way undivided,-32.655305,151.367045,Cessnock,Country urban,Rest of NSW - Urban,Straight,,,,On,Sealed,Dry,Fine,Darkness,Nil,No traffic controls,50 km/h,Local,71,Off rd left => obj,703,Left off cway into object,,Other angle,Motorcycle,Unknown motor vehicle,2,0,1,0,0,7,July,Winter,Saturday,22:00 - Midnight,Evening / night,False,False,True,True
1361991,Injury,Serious Injury,2024,2024,June,Thursday,16:00 - 17:59,PACIFIC,HWY,0,Right on the spot,HUNTER,ST,NEWCASTLE WEST,10.0,No,Not a school zone,X-intersection,-32.925176,151.759342,Newcastle,Newcastle met. area,Syd-Newc-Woll Gtr conurbation,Straight,,,,On,Sealed,Dry,Fine,Dusk,On,Ped crossing,60 km/h,State,0,Ped nearside,1,Ped - Near side,,Vehicle - Pedestrian,Car (sedan/hatch),Pedestrian,2,0,1,0,0,6,June,Winter,Thursday,16:00 - 17:59,PM peak / evening commute,True,False,True,True
1361992,Injury,Moderate Injury,2024,2024,May,Sunday,02:00 - 03:59,HUME,HWY,0,Right on the spot,THE HORSLEY,DR,VILLAWOOD,2.0,No,Not a school zone,T-junction,-33.888713,150.969588,Fairfield,Sydney metro. area,Syd-Newc-Woll Gtr conurbation,Curved,,,,On,Sealed,Dry,Fine,Darkness,On,No traffic controls,70 km/h,State,21,Right through,202,Opp - Right-thru,,Other angle,4 wheel drive / SUV,4 wheel drive / SUV,2,0,0,2,1,5,May,Autumn,Sunday,02:00 - 03:59,Late night / early morning,False,False,True,True
1361994,Injury,Moderate Injury,2024,2024,June,Thursday,10:00 - 11:59,ELIZABETH,ST,0,Right on the spot,PHILLIP,ST,WATERLOO,2083.0,No,Not a school zone,X-intersection,-33.896138,151.206696,Sydney,Sydney metro. area,Syd-Newc-Woll Gtr conurbation,Straight,,,,Nil,Sealed,Dry,Fine,Daylight,On,No traffic controls,50 km/h,Regional,30,Rear end,301,Same - Rear end,,Rear end,4 wheel drive / SUV,4 wheel drive / SUV,2,0,0,1,0,6,June,Winter,Thursday,10:00 - 11:59,Midday / afternoon,False,False,True,True
1361995,Injury,Moderate Injury,2024,2024,May,Thursday,18:00 - 19:59,PACIFIC,HWY,1000,North,TRITTON,RD,POSSUM BRUSH,10.0,No,Not a school zone,Divided road,-32.04765,152.446934,Mid-Coast,Country non-urban,Rest of NSW - Rural,Curved,Embankment/cutting,,,Nil,Sealed,Dry,Fine,Darkness,Nil,No traffic controls,110 km/h,State,87,Off lft/lft bnd=>obj,804,Off left bend into obj,Left,Vehicle - Object,Car (sedan/hatch),,1,0,0,1,0,5,May,Autumn,Thursday,18:00 - 19:59,PM peak / evening commute,True,False,True,True
1361997,Injury,Serious Injury,2024,2024,June,Thursday,04:00 - 05:59,MARCH,ST,0,Right on the spot,BOSWORTH,ST,RICHMOND,184.0,No,Not a school zone,X-intersection,-33.596877,150.746963,Hawkesbury,Country urban,Syd-Newc-Woll Gtr conurbation,Straight,,,,On,Sealed,Dry,Fine,Darkness,On,No traffic controls,60 km/h,State,21,Right through,202,Opp - Right-thru,,Other angle,Large rigid,Car (sedan/hatch),2,0,1,0,0,6,June,Winter,Thursday,04:00 - 05:59,Late night / early morning,False,False,True,True
1361998,Injury,Serious Injury,2024,2024,June,Wednesday,06:00 - 07:59,VICTORIA,AVE,50,North,HARGRAVES,ST,TOUKLEY,,No,Not a school zone,2-way undivided,-33.265162,151.541959,Central Coast,Country urban,Syd-Newc-Woll Gtr conurbation,Straight,,,,Off,Sealed,Dry,Fine,Daylight,Nil,No traffic controls,50 km/h,Local,71,Off rd left => obj,703,Left off cway into object,,Other angle,Car (sedan/hatch),4 wheel drive / SUV,2,0,1,0,0,6,June,Winter,Wednesday,06:00 - 07:59,AM peak / school commute,True,False,True,True
1362001,Injury,Moderate Injury,2024,2024,June,Tuesday,00:01 - 01:59,CENTRAL COAST,HWY,50,South,MINTO,AVE,LONG JETTY,30.0,No,Not a school zone,2-way undivided,-33.364284,151.477897,Central Coast,Country urban,Syd-Newc-Woll Gtr conurbation,Straight,,,,On,Sealed,Dry,Fine,Darkness,Nil,No traffic controls,50 km/h,State,71,Off rd left => obj,703,Left off cway into object,,Vehicle - Object,Car (sedan/hatch),,1,0,0,1,0,6,June,Winter,Tuesday,00:01 - 01:59,Late night / early morning,False,False,True,True
1362003,Injury,Serious Injury,2024,2024,June,Friday,12:00 - 13:59,VITTORIA,RD,2000,South,MITCHELL,HWY,VITTORIA,,No,Not a school zone,2-way undivided,-33.441813,149.314879,Cabonne,Country non-urban,Rest of NSW - Rural,Straight,,,,Nil,Sealed,Dry,Fine,Daylight,Nil,No traffic controls,100 km/h,Local,33,Lane sideswipe,305,Same - Lane side swipe,,Other angle,Unknown motor vehicle,Pedal cycle,2,0,1,0,0,6,June,Winter,Friday,12:00 - 13:59,Midday / afternoon,False,False,True,True
1362004,Injury,Moderate Injury,2024,2024,July,Thursday,14:00 - 15:59,WINBOURNE,RD,0,Right on the spot,CARTER,RD,BROOKVALE,7346.0,No,Not a school zone,T-junction,-33.762867,151.278542,Northern Beaches,Sydney metro. area,Syd-Newc-Woll Gtr conurbation,Straight,Driveway/entrance,,,Off,Sealed,Dry,Fine,Daylight,Nil,Stop sign,60 km/h,Regional,10,Cross traffic,101,Adj - Cross traffic,,Right angle,4 wheel drive / SUV,Motorcycle,2,0,0,1,0,7,July,Winter,Thursday,14:00 - 15:59,Midday / afternoon,False,False,True,True
1362005,Injury,Serious Injury,2024,2024,July,Saturday,22:00 - Midnight,ABBOTT,RD,0,Right on the spot,COSTELLO,PL,SEVEN HILLS,644.0,No,Not a school zone,X-intersection,-33.766879,150.951576,Blacktown,Sydney metro. area,Syd-Newc-Woll Gtr conurbation,Straight,,,,On,Sealed,Dry,Fine,Darkness,On,No traffic controls,60 km/h,State,21,Right through,202,Opp - Right-thru,,Other angle,4 wheel drive / SUV,Car (sedan/hatch),2,0,3,0,1,7,July,Winter,Saturday,22:00 - Midnight,Evening / night,False,False,True,True
1362006,Injury,Minor/Other Injury,2024,2024,July,Sunday,20:00 - 21:59,FIFTEENTH,AVE,0,Right on the spot,GROPLER,AVE,MIDDLETON GRANGE,,No,Not a school zone,T-junction,-33.922005,150.838063,Liverpool,Sydney metro. area,Syd-Newc-Woll Gtr conurbation,Straight,,,,Nil,Sealed,Dry,Fine,Darkness,Nil,Give way sign,60 km/h,Local,11,Right far,102,Adj - Right-thru from left,,Right angle,4 wheel drive / SUV,Motorcycle,2,0,0,0,1,7,July,Winter,Sunday,20:00 - 21:59,Evening / night,False,False,True,True
1362008,Injury,Moderate Injury,2024,2024,July,Monday,10:00 - 11:59,LUXFORD,RD,0,Right on the spot,PALMYRA,AVE,LETHBRIDGE PARK,7161.0,No,Not a school zone,T-junction,-33.73541,150.799541,Blacktown,Sydney metro. area,Syd-Newc-Woll Gtr conurbation,Straight,,,,Nil,Sealed,Dry,Fine,Daylight,On,No traffic controls,60 km/h,Regional,13,Right near,104,Adj - Right-thru from right,,Right angle,4 wheel drive / SUV,Light truck utility(from 2018),2,0,0,1,0,7,July,Winter,Monday,10:00 - 11:59,Midday / afternoon,False,False,True,True
1362010,Injury,Minor/Other Injury,2024,2024,July,Thursday,14:00 - 15:59,COMMERCE,ST,0,Right on the spot,HIGH,ST,TAREE,192.0,No,Not a school zone,Roundabout,-31.911314,152.453871,Mid-Coast,Country urban,Rest of NSW - Urban,Straight,,,,Nil,Sealed,Dry,Fine,Daylight,Nil,Give way sign,60 km/h,Regional,30,Rear end,301,Same - Rear end,,Rear end,4 wheel drive / SUV,Car (sedan/hatch),2,0,0,0,1,7,July,Winter,Thursday,14:00 - 15:59,Midday / afternoon,False,False,True,True
1362011,Injury,Serious Injury,2024,2024,July,Monday,10:00 - 11:59,WOODVILLE,RD,0,Right on the spot,TANGERINE,ST,FAIRFIELD EAST,640.0,No,Not a school zone,T-junction,-33.877246,150.980586,Fairfield,Sydney metro. area,Syd-Newc-Woll Gtr conurbation,Straight,,,,Off,Sealed,Dry,Fine,Daylight,On,No traffic controls,70 km/h,State,11,Right far,102,Adj - Right-thru from left,,Right angle,Light truck utility(from 2018),Motorcycle,2,0,1,0,0,7,July,Winter,Monday,10:00 - 11:59,Midday / afternoon,False,False,True,True
1362013,Injury,Serious Injury,2024,2024,July,Friday,20:00 - 21:59,BELMORE,RD,0,Right on the spot,CHARLESCOTTE,AVE,PUNCHBOWL,2050.0,No,Not a school zone,T-junction,-33.932991,151.056,Canterbury-Bankstown,Sydney metro. area,Syd-Newc-Woll Gtr conurbation,Straight,,,,On,Sealed,Dry,Fine,Darkness,Nil,Give way sign,50 km/h,Regional,10,Cross traffic,101,Adj - Cross traffic,,Right angle,4 wheel drive / SUV,Car (sedan/hatch),2,0,3,1,0,7,July,Winter,Friday,20:00 - 21:59,Evening / night,False,False,True,True
1362015,Injury,Serious Injury,2024,2024,July,Saturday,22:00 - Midnight,NEWBRIDGE,RD,50,West,GOVERNOR MACQUARIE,DR,MOOREBANK,167.0,No,Not a school zone,Divided road,-33.928824,150.961743,Liverpool,Sydney metro. area,Syd-Newc-Woll Gtr conurbation,Straight,,,,On,Sealed,Dry,Fine,Darkness,Nil,No traffic controls,70 km/h,State,20,Head on,201,Opp - Head on,,Head-on,Car (sedan/hatch),Car (sedan/hatch),2,0,1,0,0,7,July,Winter,Saturday,22:00 - Midnight,Evening / night,False,False,True,True
1362016,Injury,Minor/Other Injury,2024,2024,July,Wednesday,08:00 - 09:59,BLANDFORD,AVE,0,Right on the spot,DICKSON,ST,BRONTE,,No,Not a school zone,T-junction,-33.898503,151.260877,Waverley,Sydney metro. area,Syd-Newc-Woll Gtr conurbation,Straight,Steep grade,,,Off,Sealed,Dry,Fine,Daylight,Nil,No traffic controls,50 km/h,Local,13,Right near,104,Adj - Right-thru from right,,Right angle,Car (sedan/hatch),4 wheel drive / SUV,2,0,0,0,1,7,July,Winter,Wednesday,08:00 - 09:59,AM peak / school commute,True,False,True,True
1362018,Injury,Moderate Injury,2024,2024,July,Saturday,12:00 - 13:59,NELSON BAY,RD,460,East,SANSOM,RD,WILLIAMTOWN,108.0,No,Not a school zone,2-way undivided,-32.802158,151.887028,Port Stephens,Country urban,Rest of NSW - Urban,Curved,Painted double centre lines,,,Nil,Sealed,Dry,Fine,Daylight,Nil,No traffic controls,80 km/h,State,20,Head on,201,Opp - Head on,,Head-on,Light truck utility(from 2018),Light truck utility(from 2018),2,0,0,2,0,7,July,Winter,Saturday,12:00 - 13:59,Midday / afternoon,False,False,True,True
1362019,Injury,Serious Injury,2024,2024,July,Monday,20:00 - 21:59,OCCUPATION,RD,250,North,BESTIC,ST,KYEEMAGH,,No,Not a school zone,2-way undivided,-33.949213,151.15836,Bayside,Sydney metro. area,Syd-Newc-Woll Gtr conurbation,Straight,Ditch/drain/culvert,,,On,Sealed,Wet,Raining,Darkness,Nil,No traffic controls,50 km/h,Local,41,U turn into object,409,Manov - U-turn into fixed obje,,Vehicle - Object,4 wheel drive / SUV,,1,0,1,0,0,7,July,Winter,Monday,20:00 - 21:59,Evening / night,False,False,True,True