crash_id,degree_of_crash,degree_of_crash_-_detailed,reporting_year,year_of_crash,month_of_crash,day_of_week_of_crash,two-hour_intervals,street_of_crash,street_type,distance,direction,identifying_feature,identifying_feature_type,town,route_no.,school_zone_location,school_zone_active,type_of_location,latitude,longitude,lga,urbanisation,conurbation_1,alignment,primary_permanent_feature,primary_temporary_feature,primary_hazardous_feature,street_lighting,road_surface,surface_condition,weather,natural_lighting,signals_operation,other_traffic_control,speed_limit,road_classification_(admin),rum_-_code,rum_-_description,dca_-_code,dca_-_description,dca_supplement,first_impact_type,key_tu_type,other_tu_type,no._of_traffic_units_involved,no._killed,no._seriously_injured,no._moderately_injured,no._minor-other_injured,month_num,month_label,season,day_label,time_label,time_band,is_peak_commute,is_fatal,is_injury,is_casualty
1362021,Injury,Moderate Injury,2024,2024,May,Saturday,00:01 - 01:59,MULGOA,RD,0,Right on the spot,RANSLEY,ST,PENRITH,155.0,No,Not a school zone,X-intersection,-33.756982,150.686097,Penrith,Sydney metro. area,Syd-Newc-Woll Gtr conurbation,Straight,,,,On,Sealed,Dry,Fine,Darkness,On,No traffic controls,60 km/h,State,21,Right through,202,Opp - Right-thru,,Other angle,Car (sedan/hatch),4 wheel drive / SUV,2,0,0,1,0,5,May,Autumn,Saturday,00:01 - 01:59,Late night / early morning,False,False,True,True
1362022,Injury,Moderate Injury,2024,2024,July,Wednesday,12:00 - 13:59,FERNGROVE,DR,100,South,BANGALOW,RD,BALLINA,,No,Not a school zone,2-way undivided,-28.852109,153.553349,Ballina,Country urban,Rest of NSW - Urban,Straight,,,,Nil,Sealed,Dry,Fine,Daylight,Nil,No traffic controls,50 km/h,Local,73,Off rd rght => obj,704,Right off cway into obj,,Vehicle - Object,4 wheel drive / SUV,,1,0,0,1,0,7,July,Winter,Wednesday,12:00 - 13:59,Midday / afternoon,False,False,True,True
1362026,Injury,Serious Injury,2024,2024,August,Friday,12:00 - 13:59,QUEEN,ST,10,East,KILMINSTER,LANE,WOOLLAHRA,,No,Not a school zone,X-intersection,-33.887822,151.240497,Woollahra,Sydney metro. area,Syd-Newc-Woll Gtr conurbation,Straight,,,,Off,Sealed,Dry,Fine,Daylight,Nil,No traffic controls,50 km/h,Local,20,Head on,201,Opp - Head on,,Head-on,Car (sedan/hatch),Car (sedan/hatch),2,0,1,0,0,8,August,Winter,Friday,12:00 - 13:59,Midday / afternoon,False,False,True,True
1362028,Injury,Serious Injury,2024,2024,July,Saturday,18:00 - 19:59,FREDERICK,ST,0,Right on the spot,WATKIN,ST,ROCKDALE,169.0,No,Not a school zone,X-intersection,-33.951916,151.133511,Bayside,Sydney metro. area,Syd-Newc-Woll Gtr conurbation,Curved,Steep grade,,,On,Sealed,Dry,Fine,Darkness,On,No traffic controls,60 km/h,State,16,Left near,107,Adj - Left-thru from right,,Right angle,Car (sedan/hatch),Motorised push scooters,2,0,1,0,0,7,July,Winter,Saturday,18:00 - 19:59,PM peak / evening commute,True,False,True,True
1362029,Injury,Serious Injury,2024,2024,August,Thursday,20:00 - 21:59,MT RUSSELL,RD,7000,West,GWYDIR,HWY,MOUNT RUSSELL,,No,Not a school zone,2-way undivided,-29.676418,150.924158,Inverell,Country non-urban,Rest of NSW - Rural,Curved,,,,Nil,Sealed,Dry,Fine,Darkness,Nil,No traffic controls,100 km/h,Local,85,Off rt/lft bnd=>obj,804,Off left bend into obj,Right,Vehicle - Object,Utility,,1,0,1,1,0,8,August,Winter,Thursday,20:00 - 21:59,Evening / night,False,False,True,True
1362031,Injury,Moderate Injury,2024,2024,July,Wednesday,14:00 - 15:59,NORTHCONNEX TUNNEL,MS,999999,Unknown/not stated,UNKNOWN,UK,BEECROFT,,No,Not a school zone,Dual freeway,-33.745186,151.053438,Hornsby,Sydney metro. area,Syd-Newc-Woll Gtr conurbation,Straight,Underpass/tunnel,,,Nil,Sealed,Wet,Fine,Daylight,Nil,No traffic controls,80 km/h,State,30,Rear end,301,Same - Rear end,,Rear end,4 wheel drive / SUV,Car (sedan/hatch),2,0,0,1,0,7,July,Winter,Wednesday,14:00 - 15:59,Midday / afternoon,False,False,True,True
1362032,Injury,Moderate Injury,2024,2024,July,Sunday,18:00 - 19:59,WOOLI,RD,0,Right on the spot,NUMBER 1328,HN,PILLAR VALLEY,7738.0,No,Not a school zone,2-way undivided,-29.765701,153.134184,Clarence Valley,Country non-urban,Rest of NSW - Rural,Curved,Embankment/cutting,,,Nil,Sealed,Dry,Fine,Darkness,Nil,No traffic controls,90 km/h,Regional,81,Off left/rt bnd=>obj,803,Off right bend into obj,Left,Vehicle - Object,4 wheel drive / SUV,,1,0,0,1,0,7,July,Winter,Sunday,18:00 - 19:59,PM peak / evening commute,True,False,True,True
1362035,Injury,Serious Injury,2024,2024,July,Wednesday,14:00 - 15:59,HAWKSVIEW,ST,0,Right on the spot,ROSEBERRY,ST,GUILDFORD,7253.0,No,Not a school zone,T-junction,-33.846757,150.984805,Cumberland,Sydney metro. area,Syd-Newc-Woll Gtr conurbation,Straight,Steep grade,,,Nil,Sealed,Dry,Fine,Daylight,Nil,Give way sign,50 km/h,Regional,32,Right rear,303,Same - Rear right,,Rear end,4 wheel drive / SUV,4 wheel drive / SUV,2,0,1,0,0,7,July,Winter,Wednesday,14:00 - 15:59,Midday / afternoon,False,False,True,True
1362040,Injury,Serious Injury,2024,2024,July,Sunday,16:00 - 17:59,CANTERBURY,RD,0,Right on the spot,CANARYS,RD,ROSELANDS,167.0,No,Not a school zone,T-junction,-33.928421,151.076767,Canterbury-Bankstown,Sydney metro. area,Syd-Newc-Woll Gtr conurbation,Straight,,,,Off,Sealed,Dry,Fine,Daylight,On,No traffic controls,60 km/h,State,13,Right near,104,Adj - Right-thru from right,,Right angle,Car (sedan/hatch),Car (sedan/hatch),2,0,2,0,1,7,July,Winter,Sunday,16:00 - 17:59,PM peak / evening commute,True,False,True,True
1362042,Injury,Minor/Other Injury,2024,2024,July,Monday,12:00 - 13:59,DAINTREE,DR,0,Right on the spot,NUMBER 23,HN,WATTLE GROVE,,No,Not a school zone,2-way undivided,-33.960047,150.945278,Liverpool,Sydney metro. area,Syd-Newc-Woll Gtr conurbation,Straight,,,,Nil,Sealed,Dry,Fine,Daylight,Nil,No traffic controls,40 km/h,Local,73,Off rd rght => obj,704,Right off cway into obj,,Other angle,Car (sedan/hatch),Car (sedan/hatch),2,0,0,0,1,7,July,Winter,Monday,12:00 - 13:59,Midday / afternoon,False,False,True,True
1362047,Injury,Serious Injury,2024,2024,August,Friday,12:00 - 13:59,STATION,ST,10,South,MONASH,ST,WENTWORTHVILLE,,Yes,No,T-junction,-33.814895,150.969765,Cumberland,Sydney metro. area,Syd-Newc-Woll Gtr conurbation,Straight,,,,On,Sealed,Dry,Fine,Daylight,Nil,No traffic controls,50 km/h,Local,0,Ped nearside,1,Ped - Near side,,Vehicle - Pedestrian,Car (sedan/hatch),Pedestrian,2,0,1,1,0,8,August,Winter,Friday,12:00 - 13:59,Midday / afternoon,False,False,True,True
1362048,Injury,Moderate Injury,2024,2024,August,Friday,22:00 - Midnight,NEW ENGLAND,HWY,3450,South,ALCESTER,ST,WINGEN,9.0,No,Not a school zone,2-way undivided,-31.928565,150.878327,Upper Hunter,Country urban,Rest of NSW - Urban,Straight,Embankment/cutting,,,Nil,Sealed,Dry,Fine,Darkness,Nil,No traffic controls,80 km/h,State,72,Off road to right,702,Off carriageway to right,,Rollover,4 wheel drive / SUV,,1,0,0,1,0,8,August,Winter,Friday,22:00 - Midnight,Evening / night,False,False,True,True
1362052,Injury,Moderate Injury,2024,2024,July,Tuesday,16:00 - 17:59,OLD COOTAMUNDRA,RD,0,Right on the spot,SUTTONS,LANE,COOTAMUNDRA,,No,Not a school zone,T-junction,-34.606284,147.987363,Cootamundra-Gundagai,Country non-urban,Rest of NSW - Rural,Curved,,,,Nil,Sealed,Wet,Raining,Dusk,Nil,No traffic controls,100 km/h,Local,87,Off lft/lft bnd=>obj,804,Off left bend into obj,Left,Vehicle - Object,Station wagon,,1,0,0,1,0,7,July,Winter,Tuesday,16:00 - 17:59,PM peak / evening commute,True,False,True,True
1362053,Injury,Minor/Other Injury,2024,2024,July,Friday,06:00 - 07:59,RESERVOIR,RD,50,North,BURKE,ST,BLACKTOWN,683.0,No,Not a school zone,2-way undivided,-33.783791,150.90014,Blacktown,Sydney metro. area,Syd-Newc-Woll Gtr conurbation,Straight,Steep grade,,,Off,Sealed,Wet,Fine,Dawn,Nil,No traffic controls,60 km/h,State,30,Rear end,301,Same - Rear end,,Rear end,Car (sedan/hatch),Car (sedan/hatch),2,0,0,0,1,7,July,Winter,Friday,06:00 - 07:59,AM peak / school commute,True,False,True,True
1362057,Injury,Moderate Injury,2024,2024,August,Saturday,22:00 - Midnight,GREAT WESTERN,HWY,1000,South,RESERVE,RD,MARRANGAROO,5.0,No,Not a school zone,Divided road,-33.448557,150.11578,Lithgow,Country non-urban,Rest of NSW - Rural,Curved,,,,Nil,Sealed,Dry,Fine,Darkness,Nil,No traffic controls,100 km/h,State,82,Off right/right bend,801,Off cway right bend,Right,Rollover,Light truck utility(from 2018),,1,0,0,1,0,8,August,Winter,Saturday,22:00 - Midnight,Evening / night,False,False,True,True
1362058,Injury,Serious Injury,2024,2024,August,Friday,16:00 - 17:59,ELTHAM,RD,200,West,HOUGHLAHANS CREEK,RD,BOOYONG,,No,Not a school zone,2-way undivided,-28.759974,153.438087,Lismore,Country urban,Rest of NSW - Urban,Curved,Embankment/cutting,,Potholes/corrugations/rough,Nil,Sealed,Dry,Fine,Daylight,Nil,No traffic controls,80 km/h,Local,85,Off rt/lft bnd=>obj,804,Off left bend into obj,Right,Vehicle - Object,Light truck utility(from 2018),,1,0,2,1,2,8,August,Winter,Friday,16:00 - 17:59,PM peak / evening commute,True,False,True,True
1362059,Injury,Serious Injury,2024,2024,August,Thursday,18:00 - 19:59,THE LAKES,WAY,3000,South,ELIM,RD,TIONA,111.0,No,Not a school zone,2-way undivided,-32.294861,152.520366,Mid-Coast,Country non-urban,Rest of NSW - Rural,Straight,,,,Nil,Sealed,Dry,Fine,Darkness,Nil,No traffic controls,100 km/h,Regional,71,Off rd left => obj,703,Left off cway into object,,Vehicle - Object,Light truck,,1,0,2,0,0,8,August,Winter,Thursday,18:00 - 19:59,PM peak / evening commute,True,False,True,True
1362061,Injury,Moderate Injury,2024,2024,August,Monday,06:00 - 07:59,MITCHELL,HWY,300,South,CYPRESS,AVE,WELLINGTON,7.0,No,Not a school zone,2-way undivided,-32.577078,148.950092,Dubbo Regional,Country urban,Rest of NSW - Urban,Curved,,,,Nil,Sealed,Dry,Fine,Daylight,Nil,No traffic controls,80 km/h,State,20,Head on,201,Opp - Head on,,Head-on,4 wheel drive / SUV,Light truck utility(from 2018),2,0,0,1,0,8,August,Winter,Monday,06:00 - 07:59,AM peak / school commute,True,False,True,True
1362064,Injury,Minor/Other Injury,2024,2024,August,Thursday,10:00 - 11:59,CUMBERLAND,HWY,25,South,COPELAND,RD,WEST PENNANT HILLS,13.0,No,Not a school zone,Divided road,-33.754315,151.047652,The Hills,Sydney metro. area,Syd-Newc-Woll Gtr conurbation,Curved,Steep grade,,,Off,Sealed,Dry,Fine,Daylight,Nil,No traffic controls,70 km/h,State,33,Lane sideswipe,305,Same - Lane side swipe,,Other angle,Car (sedan/hatch),4 wheel drive / SUV,6,0,0,0,1,8,August,Winter,Thursday,10:00 - 11:59,Midday / afternoon,False,False,True,True
1362071,Injury,Serious Injury,2024,2024,July,Friday,10:00 - 11:59,SOUTH WESTERN,EXP,20,West,BELMORE ROAD,OP,RIVERWOOD,6005.0,No,Not a school zone,Dual freeway,-33.942743,151.053632,Canterbury-Bankstown,Sydney metro. area,Syd-Newc-Woll Gtr conurbation,Straight,Underpass/tunnel,,,Nil,Sealed,Dry,Fine,Daylight,Nil,No traffic controls,100 km/h,State,71,Off rd left => obj,703,Left off cway into object,,Vehicle - Object,Car (sedan/hatch),,1,0,1,0,0,7,July,Winter,Friday,10:00 - 11:59,Midday / afternoon,False,False,True,True
1362072,Injury,Serious Injury,2024,2024,August,Tuesday,20:00 - 21:59,BARFF,RD,0,Right on the spot,NUMBER 2,HN,INGLEBURN,,No,Not a school zone,2-way undivided,-34.007934,150.8577,Campbelltown,Sydney metro. area,Syd-Newc-Woll Gtr conurbation,Straight,,,,On,Sealed,Wet,Overcast,Darkness,Nil,No traffic controls,50 km/h,Local,73,Off rd rght => obj,704,Right off cway into obj,,Vehicle - Object,Station wagon,,1,0,1,0,0,8,August,Winter,Tuesday,20:00 - 21:59,Evening / night,False,False,True,True
1362077,Injury,Serious Injury,2024,2024,August,Tuesday,16:00 - 17:59,MULGOA,RD,0,Right on the spot,ROSCREA ESTATE,ENT,MULGOA,155.0,No,Not a school zone,2-way undivided,-33.849183,150.654717,Penrith,Sydney metro. area,Syd-Newc-Woll Gtr conurbation,Curved,Driveway/entrance,,,Off,Sealed,Dry,Fine,Daylight,Nil,Give way sign,60 km/h,State,47,Emerging from drive,406,Manov - Emerging from driveway,,Right angle,4 wheel drive / SUV,Motorcycle,2,0,1,0,0,8,August,Winter,Tuesday,16:00 - 17:59,PM peak / evening commute,True,False,True,True
1362078,Injury,Moderate Injury,2024,2024,August,Wednesday,08:00 - 09:59,GIPPS,ST,0,Right on the spot,UPPER,ST,BEGA,,No,Not a school zone,X-intersection,-36.67698,149.842673,Bega Valley,Country urban,Rest of NSW - Urban,Straight,,,,Off,Sealed,Dry,Fine,Daylight,Nil,Stop sign,50 km/h,Local,10,Cross traffic,101,Adj - Cross traffic,,Right angle,Car (sedan/hatch),Light truck,2,0,0,1,0,8,August,Winter,Wednesday,08:00 - 09:59,AM peak / school commute,True,False,True,True
1362082,Injury,Moderate Injury,2024,2024,August,Thursday,14:00 - 15:59,MID WESTERN,HWY,0,Right on the spot,LACHLAN,ST,COWRA,6.0,No,Not a school zone,X-intersection,-33.834001,148.686283,Cowra,Country urban,Rest of NSW - Urban,Straight,,,,Off,Sealed,Dry,Fine,Daylight,On,No traffic controls,50 km/h,State,49,Other manoeuvring,400,Manov - other,,Other angle,Unknown motor vehicle,Pedal cycle,2,0,0,1,0,8,August,Winter,Thursday,14:00 - 15:59,Midday / afternoon,False,False,True,True
1362086,Injury,Moderate Injury,2024,2024,July,Monday,14:00 - 15:59,BONDS,RD,0,Right on the spot,NUMBER 74,HN,PEAKHURST,7006.0,Yes,No,2-way undivided,-33.955651,151.061029,Georges River,Sydney metro. area,Syd-Newc-Woll Gtr conurbation,Straight,,,,Off,Sealed,Dry,Fine,Daylight,Nil,No traffic controls,50 km/h,Regional,71,Off rd left => obj,703,Left off cway into object,,Other angle,4 wheel drive / SUV,4 wheel drive / SUV,2,0,0,1,0,7,July,Winter,Monday,14:00 - 15:59,Midday / afternoon,False,False,True,True
1362088,Injury,Moderate Injury,2024,2024,August,Wednesday,14:00 - 15:59,DURHAM,ST,0,Right on the spot,PEEL,ST,BATHURST,,No,Not a school zone,X-intersection,-33.409581,149.577191,Bathurst Regional,Country urban,Rest of NSW - Urban,Straight,,,,Off,Sealed,Dry,Fine,Daylight,Nil,Give way sign,50 km/h,Local,10,Cross traffic,101,Adj - Cross traffic,,Right angle,Car (sedan/hatch),Light truck utility(from 2018),2,0,0,1,0,8,August,Winter,Wednesday,14:00 - 15:59,Midday / afternoon,False,False,True,True
1362091,Injury,Moderate Injury,2024,2024,August,Thursday,18:00 - 19:59,WEBSDALE,DR,40,North,ARTHUR SUMMONS,ST,DUBBO,,No,Not a school zone,2-way undivided,-32.237041,148.643541,Dubbo Regional,Country urban,Rest of NSW - Urban,Curved,,,,Off,Sealed,Dry,Fine,Dusk,Nil,No traffic controls,50 km/h,Local,85,Off rt/lft bnd=>obj,804,Off left bend into obj,Right,Other angle,Motorcycle,Light truck,2,0,0,1,0,8,August,Winter,Thursday,18:00 - 19:59,PM peak / evening commute,True,False,True,True
1362092,Injury,Moderate Injury,2024,2024,August,Sunday,22:00 - Midnight,CHAPPLE,ST,0,Right on the spot,NUMBER 241,HN,BROKEN HILL,,No,Not a school zone,2-way undivided,-31.951599,141.458351,Broken Hill,Country urban,Rest of NSW - Urban,Straight,Steep grade,,,Nil,Sealed,Dry,Fine,Darkness,Nil,No traffic controls,50 km/h,Local,3,Ped on carriageway,4,Ped - On carriageway,,Vehicle - Pedestrian,Light truck utility(from 2018),Pedestrian,2,0,0,1,0,8,August,Winter,Sunday,22:00 - Midnight,Evening / night,False,False,True,True
1362094,Injury,Serious Injury,2024,2024,April,Sunday,14:00 - 15:59,INDUSTRIAL,DR,100,South,GEORGE,ST,MAYFIELD EAST,316.0,No,Not a school zone,Divided road,-32.901358,151.752988,Newcastle,Newcastle met. area,Syd-Newc-Woll Gtr conurbation,Straight,,,,Nil,Sealed,Wet,Fine,Daylight,Nil,No traffic controls,60 km/h,State,74,On road-out of cont.,705,Out of control on cway,,Rollover,Motorcycle,,1,0,1,0,0,4,April,Autumn,Sunday,14:00 - 15:59,Midday / afternoon,False,False,True,True
1362099,Injury,Serious Injury,2024,2024,August,Friday,22:00 - Midnight,BORONIA,RD,100,West,POST OFFICE,RD,GLENORIE,,No,Not a school zone,2-way undivided,-33.610127,151.004059,The Hills,Sydney metro. area,Syd-Newc-Woll Gtr conurbation,Straight,,,,Nil,Sealed,Dry,Fine,Darkness,Nil,No traffic controls,60 km/h,Local,73,Off rd rght => obj,704,Right off cway into obj,,Vehicle - Object,Car (sedan/hatch),,1,0,1,0,0,8,August,Winter,Friday,22:00 - Midnight,Evening / night,False,False,True,True
1362100,Injury,Serious Injury,2024,2024,August,Saturday,10:00 - 11:59,COLLIERY,ST,0,Right on the spot,RAWSON,ST,ABERDARE,,No,Not a school zone,X-intersection,-32.843964,151.379383,Cessnock,Country urban,Rest of NSW - Urban,Straight,,,,Off,Sealed,Dry,Fine,Daylight,Nil,Give way sign,60 km/h,Local,10,Cross traffic,101,Adj - Cross traffic,,Right angle,4 wheel drive / SUV,Car (sedan/hatch),3,0,1,0,1,8,August,Winter,Saturday,10:00 - 11:59,Midday / afternoon,False,False,True,True
1362101,Injury,Minor/Other Injury,2024,2024,August,Sunday,08:00 - 09:59,PRINCES,HWY,0,Right on the spot,OLD BUSH,RD,ENGADINE,1.0,No,Not a school zone,T-junction,-34.059181,151.028247,Sutherland,Sydney metro. area,Syd-Newc-Woll Gtr conurbation,Straight,Steep grade,,,Off,Sealed,Dry,Fine,Daylight,On,No traffic controls,70 km/h,State,10,Cross traffic,101,Adj - Cross traffic,,Right angle,Car (sedan/hatch),Car (sedan/hatch),2,0,0,0,2,8,August,Winter,Sunday,08:00 - 09:59,AM peak / school commute,True,False,True,True
1362102,Injury,Moderate Injury,2024,2024,July,Monday,14:00 - 15:59,BULLS,RD,10,North,RICHARDS,RD,WAKELEY,7223.0,No,Not a school zone,Roundabout,-33.870466,150.910895,Fairfield,Sydney metro. area,Syd-Newc-Woll Gtr conurbation,Straight,Driveway/entrance,,,Off,Sealed,Dry,Fine,Daylight,Nil,Give way sign,50 km/h,Regional,32,Right rear,303,Same - Rear right,,Rear end,Unknown motor vehicle,Car (sedan/hatch),2,0,0,1,0,7,July,Winter,Monday,14:00 - 15:59,Midday / afternoon,False,False,True,True
1362103,Injury,Moderate Injury,2024,2024,August,Friday,16:00 - 17:59,RIVER,ST,30,East,RONAN,PL,WEST BALLINA,695.0,No,Not a school zone,Divided road,-28.863431,153.538119,Ballina,Country urban,Rest of NSW - Urban,Straight,,,,On,Sealed,Dry,Fine,Dusk,Nil,No traffic controls,60 km/h,Regional,73,Off rd rght => obj,704,Right off cway into obj,,Vehicle - Object,Car (sedan/hatch),,1,0,0,1,0,8,August,Winter,Friday,16:00 - 17:59,PM peak / evening commute,True,False,True,True
1362105,Injury,Moderate Injury,2024,2024,August,Thursday,14:00 - 15:59,EDITH,ST,0,Right on the spot,PLATT,ST,WARATAH,188.0,No,Not a school zone,X-intersection,-32.900135,151.721134,Newcastle,Newcastle met. area,Syd-Newc-Woll Gtr conurbation,Straight,,,,Off,Sealed,Dry,Fine,Daylight,On,No traffic controls,60 km/h,Regional,30,Rear end,301,Same - Rear end,,Rear end,Car (sedan/hatch),4 wheel drive / SUV,4,0,0,3,1,8,August,Winter,Thursday,14:00 - 15:59,Midday / afternoon,False,False,True,True
1362106,Injury,Minor/Other Injury,2024,2024,August,Monday,06:00 - 07:59,BALMAIN,RD,20,North,MAY,ST,LILYFIELD,652.0,No,Not a school zone,2-way undivided,-33.870611,151.161488,Inner West,Sydney metro. area,Syd-Newc-Woll Gtr conurbation,Straight,,Other temporary feature,,On,Sealed,Dry,Fine,Dawn,Nil,No traffic controls,50 km/h,State,3,Ped on carriageway,4,Ped - On carriageway,,Vehicle - Pedestrian,Utility,Pedestrian,2,0,0,0,1,8,August,Winter,Monday,06:00 - 07:59,AM peak / school commute,True,False,True,True
1362107,Injury,Serious Injury,2024,2024,July,Friday,16:00 - 17:59,CARLISLE,AVE,0,Right on the spot,ROPES CREEK,RD,MOUNT DRUITT,629.0,No,Not a school zone,T-junction,-33.775701,150.815107,Blacktown,Sydney metro. area,Syd-Newc-Woll Gtr conurbation,Straight,,,,Nil,Sealed,Dry,Fine,Daylight,Nil,No traffic controls,60 km/h,State,21,Right through,202,Opp - Right-thru,,Other angle,4 wheel drive / SUV,4 wheel drive / SUV,2,0,1,0,0,7,July,Winter,Friday,16:00 - 17:59,PM peak / evening commute,True,False,True,True
1362108,Injury,Moderate Injury,2024,2024,August,Friday,14:00 - 15:59,KURRABA,RD,120,East,CLARK,RD,NEUTRAL BAY,2019.0,No,Not a school zone,2-way undivided,-33.839048,151.214935,North Sydney,Sydney metro. area,Syd-Newc-Woll Gtr conurbation,Curved,Embankment/cutting,,,Off,Sealed,Dry,Fine,Daylight,Nil,No traffic controls,50 km/h,Regional,85,Off rt/lft bnd=>obj,804,Off left bend into obj,Right,Vehicle - Object,Car (sedan/hatch),,1,0,0,1,0,8,August,Winter,Friday,14:00 - 15:59,Midday / afternoon,False,False,True,True
1362110,Injury,Moderate Injury,2024,2024,July,Saturday,20:00 - 21:59,EDGAR,ST,50,North,MILPERRA,RD,CONDELL PARK,7120.0,No,Not a school zone,2-way undivided,-33.935637,151.011281,Canterbury-Bankstown,Sydney metro. area,Syd-Newc-Woll Gtr conurbation,Straight,,,,On,Sealed,Dry,Fine,Dusk,Nil,No traffic controls,60 km/h,Regional,30,Rear end,301,Same - Rear end,,Rear end,Motorcycle,Car (sedan/hatch),2,0,0,1,0,7,July,Winter,Saturday,20:00 - 21:59,Evening / night,False,False,True,True
1362113,Injury,Minor/Other Injury,2024,2024,July,Monday,08:00 - 09:59,DUCK CREEK,RD,6000,North,CAPEEN,ST,UPPER DUCK CREEK,,No,Not a school zone,2-way undivided,-28.54933,152.699841,Kyogle,Country urban,Rest of NSW - Urban,Curved,Narrow roadway,Roadwks/Detour/Diverson,,Nil,Unsealed,Dry,Fine,Daylight,Nil,No traffic controls,50 km/h,Local,20,Head on,201,Opp - Head on,,Head-on,Large rigid,Utility,2,0,0,0,1,7,July,Winter,Monday,08:00 - 09:59,AM peak / school commute,True,False,True,True
1362115,Injury,Moderate Injury,2024,2024,August,Wednesday,06:00 - 07:59,WOODHILL,MS,0,Right on the spot,NUMBER 56,HN,JERRABOMBERRA,,No,Not a school zone,2-way undivided,-35.394992,149.202959,Queanbeyan-Palerang Regional,Country urban,Rest of NSW - Urban,Curved,Driveway/entrance,,,Nil,Sealed,Dry,Fine,Daylight,Nil,No traffic controls,50 km/h,Local,83,Off rt/rt bnd=>obj,803,Off right bend into obj,Right,Vehicle - Object,Car (sedan/hatch),,1,0,0,1,0,8,August,Winter,Wednesday,06:00 - 07:59,AM peak / school commute,True,False,True,True
1362117,Injury,Serious Injury,2024,2024,September,Sunday,18:00 - 19:59,GLEBE POINT,RD,0,Right on the spot,MITCHELL,ST,GLEBE,7313.0,No,Not a school zone,X-intersection,-33.882144,151.189705,Sydney,Sydney metro. area,Syd-Newc-Woll Gtr conurbation,Straight,Foot/cycle path/nature strip,,,On,Sealed,Dry,Fine,Darkness,Nil,Ped crossing,40 km/h,Regional,48,From footpath,408,Manov - From footway,,Other angle,Pedal cycle,Car (sedan/hatch),2,0,1,0,0,9,September,Spring,Sunday,18:00 - 19:59,PM peak / evening commute,True,False,True,True
1362118,Injury,Moderate Injury,2024,2024,August,Sunday,16:00 - 17:59,PRINCES,HWY,1000,South,SOUTH KIAMA DRIVE,OP,KIAMA HEIGHTS,1.0,No,Not a school zone,Divided road,-34.701476,150.836855,Kiama,Country urban,Rest of NSW - Urban,Curved,,,,Off,Sealed,Dry,Fine,Daylight,Nil,No traffic controls,80 km/h,State,87,Off lft/lft bnd=>obj,804,Off left bend into obj,Left,Vehicle - Object,Motorcycle,,1,0,0,1,0,8,August,Winter,Sunday,16:00 - 17:59,PM peak / evening commute,True,False,True,True
1362120,Injury,Moderate Injury,2024,2024,August,Sunday,00:01 - 01:59,FOREST,RD,0,Right on the spot,SCOTT,ST,PEAKHURST,168.0,Yes,No,T-junction,-33.961148,151.073733,Georges River,Sydney metro. area,Syd-Newc-Woll Gtr conurbation,Curved,Crest,,,On,Sealed,Dry,Fine,Darkness,Nil,No traffic controls,60 km/h,State,20,Head on,201,Opp - Head on,,Head-on,Car (sedan/hatch),4 wheel drive / SUV,3,0,0,1,1,8,August,Winter,Sunday,00:01 - 01:59,Late night / early morning,False,False,True,True
1362123,Injury,Serious Injury,2024,2024,September,Wednesday,10:00 - 11:59,BENTINCK,ST,50,North,KEPPEL,ST,BATHURST,54.0,No,Not a school zone,2-way undivided,-33.421366,149.579841,Bathurst Regional,Country urban,Rest of NSW - Urban,Straight,,,,Nil,Sealed,Dry,Fine,Daylight,Nil,No traffic controls,50 km/h,State,30,Rear end,301,Same - Rear end,,Rear end,Car (sedan/hatch),4 wheel drive / SUV,2,0,1,0,0,9,September,Spring,Wednesday,10:00 - 11:59,Midday / afternoon,False,False,True,True
1362126,Injury,Serious Injury,2024,2024,August,Wednesday,16:00 - 17:59,WATKIN,ST,20,West,WATER GUM,DR,JORDAN SPRINGS,,No,Not a school zone,2-way undivided,-33.725363,150.722677,Penrith,Sydney metro. area,Syd-Newc-Woll Gtr conurbation,Straight,,,,Off,Sealed,Dry,Fine,Daylight,Nil,No traffic controls,50 km/h,Local,71,Off rd left => obj,703,Left off cway into object,,Other angle,Car (sedan/hatch),Light truck utility(from 2018),2,0,1,0,0,8,August,Winter,Wednesday,16:00 - 17:59,PM peak / evening commute,True,False,True,True
1362128,Injury,Serious Injury,2024,2024,August,Thursday,18:00 - 19:59,NAVAL COLLEGE,RD,0,Right on the spot,PORT JERVIS,RD,WORROWING HEIGHTS,7634.0,No,Not a school zone,T-junction,-35.056288,150.631825,Shoalhaven,Country urban,Rest of NSW - Urban,Curved,,,,Nil,Sealed,Dry,Fine,Darkness,Nil,Stop sign,80 km/h,Regional,88,Out of cont on bend,805,Out of control on bend,,Rollover,Motorcycle,,1,0,1,0,0,8,August,Winter,Thursday,18:00 - 19:59,PM peak / evening commute,True,False,True,True
1362129,Injury,Serious Injury,2024,2024,August,Saturday,12:00 - 13:59,JELLICOE,ST,74,West,WARBRICK,ST,CONCORD,,No,Not a school zone,2-way undivided,-33.856646,151.10467,Canada Bay,Sydney metro. area,Syd-Newc-Woll Gtr conurbation,Straight,,,,Off,Sealed,Dry,Fine,Daylight,Nil,No traffic controls,50 km/h,Local,30,Rear end,301,Same - Rear end,,Rear end,Motorcycle,Motorcycle,3,0,1,1,0,8,August,Winter,Saturday,12:00 - 13:59,Midday / afternoon,False,False,True,True
1362130,Injury,Serious Injury,2024,2024,August,Friday,16:00 - 17:59,PACIFIC,HWY,100,North,PARKER,RD,HALFWAY CREEK,10.0,No,Not a school zone,Divided road,-29.89128,153.060377,Clarence Valley,Country non-urban,Rest of NSW - Rural,Straight,,,,Nil,Sealed,Dry,Fine,Daylight,Nil,No traffic controls,110 km/h,State,34,Lane change right,306,Same - Lane change right,,Other angle,Motorcycle,4 wheel drive / SUV,2,0,1,0,0,8,August,Winter,Friday,16:00 - 17:59,PM peak / evening commute,True,False,True,True