crash_id,degree_of_crash,degree_of_crash_-_detailed,reporting_year,year_of_crash,month_of_crash,day_of_week_of_crash,two-hour_intervals,street_of_crash,street_type,distance,direction,identifying_feature,identifying_feature_type,town,route_no.,school_zone_location,school_zone_active,type_of_location,latitude,longitude,lga,urbanisation,conurbation_1,alignment,primary_permanent_feature,primary_temporary_feature,primary_hazardous_feature,street_lighting,road_surface,surface_condition,weather,natural_lighting,signals_operation,other_traffic_control,speed_limit,road_classification_(admin),rum_-_code,rum_-_description,dca_-_code,dca_-_description,dca_supplement,first_impact_type,key_tu_type,other_tu_type,no._of_traffic_units_involved,no._killed,no._seriously_injured,no._moderately_injured,no._minor-other_injured,month_num,month_label,season,day_label,time_label,time_band,is_peak_commute,is_fatal,is_injury,is_casualty
1362131,Injury,Serious Injury,2024,2024,September,Tuesday,14:00 - 15:59,MAITLAND,RD,0,Right on the spot,BURNETT,ST,MAYFIELD WEST,464.0,No,Not a school zone,T-junction,-32.89131,151.728527,Newcastle,Newcastle met. area,Syd-Newc-Woll Gtr conurbation,Straight,,,,Off,Sealed,Dry,Fine,Daylight,Nil,Give way sign,60 km/h,Regional,32,Right rear,303,Same - Rear right,,Rear end,Motorcycle,4 wheel drive / SUV,2,0,1,0,0,9,September,Spring,Tuesday,14:00 - 15:59,Midday / afternoon,False,False,True,True
1362132,Injury,Serious Injury,2024,2024,September,Sunday,10:00 - 11:59,CENTRAL COAST,HWY,0,Right on the spot,RAYS,RD,BATEAU BAY,30.0,No,Not a school zone,T-junction,-33.385697,151.472515,Central Coast,Country urban,Syd-Newc-Woll Gtr conurbation,Straight,,,,Off,Sealed,Dry,Fine,Daylight,Nil,Stop sign,60 km/h,State,13,Right near,104,Adj - Right-thru from right,,Right angle,Light truck utility(from 2018),4 wheel drive / SUV,2,0,1,0,1,9,September,Spring,Sunday,10:00 - 11:59,Midday / afternoon,False,False,True,True
1362134,Injury,Serious Injury,2024,2024,September,Tuesday,20:00 - 21:59,CAMPBELL,ST,0,Right on the spot,CASTLEREAGH,ST,HAYMARKET,,No,Not a school zone,X-intersection,-33.879655,151.208459,Sydney,Sydney metro. area,Syd-Newc-Woll Gtr conurbation,Straight,Foot/cycle path/nature strip,,,On,Sealed,Dry,Fine,Darkness,On,No traffic controls,40 km/h,Local,74,On road-out of cont.,705,Out of control on cway,,Rollover,Pedal cycle,,1,0,1,0,0,9,September,Spring,Tuesday,20:00 - 21:59,Evening / night,False,False,True,True
1362136,Injury,Serious Injury,2024,2024,August,Saturday,14:00 - 15:59,NEWCASTLE,EXP,1000,South,PACIFIC HIGHWAY,OP,OURIMBAH,6003.0,No,Not a school zone,Dual freeway,-33.351537,151.361939,Central Coast,Country non-urban,Syd-Newc-Woll Gtr conurbation,Curved,Steep grade,,,Nil,Sealed,Dry,Fine,Daylight,Nil,No traffic controls,110 km/h,State,30,Rear end,301,Same - Rear end,,Rear end,Motorcycle,Light truck utility(from 2018),2,0,1,0,0,8,August,Winter,Saturday,14:00 - 15:59,Midday / afternoon,False,False,True,True
1362137,Injury,Minor/Other Injury,2024,2024,August,Thursday,04:00 - 05:59,CLYDE,ST,50,West,EMERALD,ST,HAMILTON NORTH,,No,Not a school zone,2-way undivided,-32.912522,151.738551,Newcastle,Newcastle met. area,Syd-Newc-Woll Gtr conurbation,Straight,,,,On,Sealed,Dry,Fine,Darkness,Nil,No traffic controls,50 km/h,Local,71,Off rd left => obj,703,Left off cway into object,,Other angle,Car (sedan/hatch),Light truck utility(from 2018),4,0,0,0,1,8,August,Winter,Thursday,04:00 - 05:59,Late night / early morning,False,False,True,True
1362140,Injury,Moderate Injury,2024,2024,July,Thursday,16:00 - 17:59,WOLLOMBI,RD,0,Right on the spot,NUMBER 24A,HN,CESSNOCK,181.0,No,Not a school zone,2-way undivided,-32.842832,151.335645,Cessnock,Country urban,Rest of NSW - Urban,Straight,Driveway/entrance,,,Nil,Sealed,Dry,Fine,Daylight,Nil,No traffic controls,60 km/h,Regional,47,Emerging from drive,406,Manov - Emerging from driveway,,Right angle,Car (sedan/hatch),Pedal cycle,2,0,0,1,0,7,July,Winter,Thursday,16:00 - 17:59,PM peak / evening commute,True,False,True,True
1362141,Injury,Moderate Injury,2024,2024,August,Friday,22:00 - Midnight,ENMORE,RD,0,Right on the spot,NEWINGTON,RD,MARRICKVILLE,2021.0,No,Not a school zone,T-junction,-33.901967,151.169555,Inner West,Sydney metro. area,Syd-Newc-Woll Gtr conurbation,Straight,,,,On,Sealed,Dry,Fine,Darkness,Nil,Stop sign,60 km/h,Regional,13,Right near,104,Adj - Right-thru from right,,Right angle,Car (sedan/hatch),Motorcycle,2,0,0,1,0,8,August,Winter,Friday,22:00 - Midnight,Evening / night,False,False,True,True
1362142,Injury,Serious Injury,2024,2024,August,Tuesday,08:00 - 09:59,WARDELL,RD,100,South,BEACH,RD,DULWICH HILL,7053.0,Yes,No,2-way undivided,-33.9086,151.143606,Inner West,Sydney metro. area,Syd-Newc-Woll Gtr conurbation,Straight,Steep grade,,,Off,Sealed,Dry,Fine,Daylight,Nil,Ped crossing,50 km/h,Regional,30,Rear end,301,Same - Rear end,,Rear end,Car (sedan/hatch),4 wheel drive / SUV,3,0,2,0,1,8,August,Winter,Tuesday,08:00 - 09:59,AM peak / school commute,True,False,True,True
1362143,Injury,Serious Injury,2024,2024,September,Monday,14:00 - 15:59,WOODVILLE,RD,20,South,HALSALL,ST,GRANVILLE,640.0,No,Not a school zone,Divided road,-33.830698,151.00378,Cumberland,Sydney metro. area,Syd-Newc-Woll Gtr conurbation,Straight,,,,Off,Sealed,Dry,Fine,Daylight,Nil,No traffic controls,60 km/h,State,71,Off rd left => obj,703,Left off cway into object,,Other angle,Car (sedan/hatch),Car (sedan/hatch),2,0,1,0,0,9,September,Spring,Monday,14:00 - 15:59,Midday / afternoon,False,False,True,True
1362145,Injury,Moderate Injury,2024,2024,August,Friday,14:00 - 15:59,CANIABA,RD,80,West,PELICAN CREEK,RD,CANIABA,,No,Not a school zone,2-way undivided,-28.842536,153.20378,Lismore,Country non-urban,Rest of NSW - Rural,Curved,Steep grade,,,Nil,Sealed,Dry,Fine,Daylight,Nil,No traffic controls,100 km/h,Local,80,Off left/right bend,801,Off cway right bend,Left,Rollover,Car (sedan/hatch),,1,0,0,1,0,8,August,Winter,Friday,14:00 - 15:59,Midday / afternoon,False,False,True,True
1362147,Injury,Minor/Other Injury,2024,2024,September,Wednesday,12:00 - 13:59,MT LINDESAY,RD,5000,West,PATERSONS,RD,CULLENDORE,622.0,No,Not a school zone,2-way undivided,-28.47738,152.186542,Tenterfield,Country non-urban,Rest of NSW - Rural,Curved,,,,Nil,Sealed,Dry,Fine,Daylight,Nil,No traffic controls,100 km/h,Regional,88,Out of cont on bend,805,Out of control on bend,,Rollover,Motorcycle,,1,0,0,0,1,9,September,Spring,Wednesday,12:00 - 13:59,Midday / afternoon,False,False,True,True
1362148,Injury,Serious Injury,2024,2024,August,Saturday,10:00 - 11:59,DENISON,ST,0,Right on the spot,RAVENSHAW,ST,GLOUCESTER,90.0,No,Not a school zone,X-intersection,-32.007765,151.963094,Mid-Coast,Country urban,Rest of NSW - Urban,Straight,,Roadwks/Detour/Diverson,,Nil,Unsealed,Dry,Fine,Daylight,Nil,Give way sign,40 km/h,Regional,74,On road-out of cont.,705,Out of control on cway,,Rollover,Motorcycle,,1,0,1,0,0,8,August,Winter,Saturday,10:00 - 11:59,Midday / afternoon,False,False,True,True
1362151,Injury,Moderate Injury,2024,2024,September,Saturday,18:00 - 19:59,KILLARNEY GAP,RD,0,Right on the spot,CARODA,RD,PALLAL,133.0,No,Not a school zone,T-junction,-30.018114,150.365951,Gwydir,Country non-urban,Rest of NSW - Rural,Curved,,,Potholes/corrugations/rough,Nil,Sealed,Dry,Fine,Darkness,Nil,No traffic controls,100 km/h,Regional,84,Off right/left bend,802,Off cway left bend,Right,Rollover,B-double (road train prior 98),,1,0,0,1,0,9,September,Spring,Saturday,18:00 - 19:59,PM peak / evening commute,True,False,True,True
1362153,Injury,Serious Injury,2024,2024,September,Wednesday,08:00 - 09:59,BRIDGE,RD,30,West,WOOLLEY,ST,GLEBE,523.0,No,Not a school zone,2-way undivided,-33.880784,151.185067,Sydney,Sydney metro. area,Syd-Newc-Woll Gtr conurbation,Straight,,,,Nil,Sealed,Dry,Fine,Daylight,Nil,Ped crossing,40 km/h,State,0,Ped nearside,1,Ped - Near side,,Vehicle - Pedestrian,Car (sedan/hatch),Pedestrian,2,0,1,0,0,9,September,Spring,Wednesday,08:00 - 09:59,AM peak / school commute,True,False,True,True
1362158,Injury,Minor/Other Injury,2024,2024,August,Sunday,08:00 - 09:59,LINDEN,ST,80,North,THE GRAND,PDE,SUTHERLAND,663.0,No,Not a school zone,Divided road,-34.027714,151.055435,Sutherland,Sydney metro. area,Syd-Newc-Woll Gtr conurbation,Straight,Steep grade,,,Off,Sealed,Dry,Fine,Daylight,Nil,No traffic controls,60 km/h,State,30,Rear end,301,Same - Rear end,,Rear end,Motorcycle,Motorcycle,2,0,0,0,2,8,August,Winter,Sunday,08:00 - 09:59,AM peak / school commute,True,False,True,True
1362159,Injury,Serious Injury,2024,2024,August,Friday,08:00 - 09:59,UPPER ROCKY RIVER,RD,10000,South,BILLIRIMBA,RD,ROCKY RIVER,,No,Not a school zone,2-way undivided,-29.259953,152.243139,Tenterfield,Country urban,Rest of NSW - Urban,Curved,,,,Nil,Unsealed,Dry,Fine,Daylight,Nil,No traffic controls,60 km/h,Local,85,Off rt/lft bnd=>obj,804,Off left bend into obj,Right,Vehicle - Object,Car (sedan/hatch),,1,0,1,1,0,8,August,Winter,Friday,08:00 - 09:59,AM peak / school commute,True,False,True,True
1362160,Injury,Serious Injury,2024,2024,September,Saturday,10:00 - 11:59,YARRAMALONG,RD,500,West,RED HILL,RD,WYONG CREEK,,No,Not a school zone,2-way undivided,-33.27173,151.372536,Central Coast,Country urban,Syd-Newc-Woll Gtr conurbation,Straight,Driveway/entrance,,,Nil,Sealed,Dry,Fine,Daylight,Nil,No traffic controls,80 km/h,Local,53,Overtake turning,506,Ovtak - Overtaking right turn,,Other angle,Motorcycle,Car (sedan/hatch),2,0,1,0,0,9,September,Spring,Saturday,10:00 - 11:59,Midday / afternoon,False,False,True,True
1362165,Injury,Moderate Injury,2024,2024,June,Friday,22:00 - Midnight,OLYMPIC,HWY,700,North,ALLANS,RD,KOORAWATHA,78.0,No,Not a school zone,2-way undivided,-33.975904,148.583557,Cowra,Country non-urban,Rest of NSW - Rural,Straight,,,,Nil,Sealed,Wet,Raining,Darkness,Nil,No traffic controls,100 km/h,State,71,Off rd left => obj,703,Left off cway into object,,Vehicle - Object,Light truck utility(from 2018),,1,0,0,1,0,6,June,Winter,Friday,22:00 - Midnight,Evening / night,False,False,True,True
1362166,Injury,Moderate Injury,2024,2024,August,Friday,14:00 - 15:59,HUE HUE,RD,400,North,KIAR RIDGE,RD,JILLIBY,,No,Not a school zone,2-way undivided,-33.210682,151.430101,Central Coast,Country non-urban,Syd-Newc-Woll Gtr conurbation,Straight,,,"Loose gravel, sealed",Off,Sealed,Dry,Fine,Daylight,Nil,No traffic controls,90 km/h,Local,74,On road-out of cont.,705,Out of control on cway,,Rollover,Motorcycle,,1,0,0,1,0,8,August,Winter,Friday,14:00 - 15:59,Midday / afternoon,False,False,True,True
1362167,Injury,Moderate Injury,2024,2024,August,Friday,20:00 - 21:59,GARDENERS,RD,0,Right on the spot,BOURKE,RD,ALEXANDRIA,183.0,No,Not a school zone,X-intersection,-33.920199,151.187944,Sydney,Sydney metro. area,Syd-Newc-Woll Gtr conurbation,Straight,,,,On,Sealed,Dry,Fine,Darkness,On,No right turn,60 km/h,State,10,Cross traffic,101,Adj - Cross traffic,,Right angle,Light truck utility(from 2018),Station wagon,2,0,0,1,0,8,August,Winter,Friday,20:00 - 21:59,Evening / night,False,False,True,True
1362171,Injury,Moderate Injury,2024,2024,September,Thursday,14:00 - 15:59,THE APPIAN,WAY,0,Right on the spot,THE MALL,TO,BANKSTOWN,,No,Not a school zone,1-way street,-33.916052,151.035378,Canterbury-Bankstown,Sydney metro. area,Syd-Newc-Woll Gtr conurbation,Curved,,,,Nil,Sealed,Dry,Fine,Daylight,Nil,No traffic controls,40 km/h,Local,84,Off right/left bend,802,Off cway left bend,Right,Rollover,Car (sedan/hatch),,1,0,0,1,0,9,September,Spring,Thursday,14:00 - 15:59,Midday / afternoon,False,False,True,True
1362175,Injury,Moderate Injury,2024,2024,August,Monday,22:00 - Midnight,MILITARY,RD,0,Right on the spot,VISTA,ST,MOSMAN,164.0,No,Not a school zone,T-junction,-33.824465,151.240538,Mosman,Sydney metro. area,Syd-Newc-Woll Gtr conurbation,Straight,,,,On,Sealed,Dry,Fine,Darkness,Nil,No traffic controls,60 km/h,State,2,Ped far side,3,Ped - Far side,,Vehicle - Pedestrian,Car (sedan/hatch),Pedestrian,2,0,0,1,0,8,August,Winter,Monday,22:00 - Midnight,Evening / night,False,False,True,True
1362177,Injury,Moderate Injury,2024,2024,August,Sunday,10:00 - 11:59,STATION,ST,0,Right on the spot,YAMBO,ST,MORISSET,,No,Not a school zone,X-intersection,-33.107698,151.487343,Lake Macquarie,Newcastle met. area,Syd-Newc-Woll Gtr conurbation,Straight,,,,Nil,Sealed,Dry,Fine,Daylight,Nil,Stop sign,60 km/h,Local,74,On road-out of cont.,705,Out of control on cway,,Rollover,Motorcycle,,1,0,0,1,0,8,August,Winter,Sunday,10:00 - 11:59,Midday / afternoon,False,False,True,True
1362184,Injury,Serious Injury,2024,2024,September,Wednesday,12:00 - 13:59,SNOWY MOUNTAINS,HWY,760,South,THE PINES CAMPGROUND,OT,BLOWERING,4.0,No,Not a school zone,2-way undivided,-35.454589,148.28344,Snowy Valleys,Country non-urban,Rest of NSW - Rural,Curved,Embankment/cutting,,,Nil,Sealed,Dry,Fine,Daylight,Nil,No traffic controls,100 km/h,State,81,Off left/rt bnd=>obj,803,Off right bend into obj,Left,Vehicle - Object,Car (sedan/hatch),,1,0,1,0,0,9,September,Spring,Wednesday,12:00 - 13:59,Midday / afternoon,False,False,True,True
1362185,Injury,Serious Injury,2024,2024,September,Saturday,08:00 - 09:59,PRINCES,HWY,0,Right on the spot,NARANG,RD,BOMADERRY,1.0,No,Not a school zone,Roundabout,-34.846443,150.59537,Shoalhaven,Country urban,Rest of NSW - Urban,Curved,,,,Off,Sealed,Wet,Overcast,Daylight,Nil,Give way sign,70 km/h,State,88,Out of cont on bend,805,Out of control on bend,,Rollover,Motorcycle,,1,0,1,0,0,9,September,Spring,Saturday,08:00 - 09:59,AM peak / school commute,True,False,True,True
1362186,Injury,Serious Injury,2024,2024,July,Saturday,20:00 - 21:59,OXFORD,ST,40,West,FLINDERS,ST,DARLINGHURST,172.0,No,Not a school zone,2-way undivided,-33.880301,151.216607,Sydney,Sydney metro. area,Syd-Newc-Woll Gtr conurbation,Straight,,,,On,Sealed,Dry,Fine,Darkness,Nil,No traffic controls,40 km/h,State,0,Ped nearside,1,Ped - Near side,,Vehicle - Pedestrian,Car (sedan/hatch),Pedestrian,2,0,1,0,0,7,July,Winter,Saturday,20:00 - 21:59,Evening / night,False,False,True,True
1362188,Injury,Minor/Other Injury,2024,2024,August,Saturday,20:00 - 21:59,GLEBE,ST,0,Right on the spot,ST JOHNS,RD,GLEBE,,No,Not a school zone,T-junction,-33.88003,151.189242,Sydney,Sydney metro. area,Syd-Newc-Woll Gtr conurbation,Straight,,,,On,Sealed,Dry,Fine,Darkness,Nil,No traffic controls,40 km/h,Local,88,Out of cont on bend,706,Left turn,,Rollover,Motorcycle,,1,0,0,0,1,8,August,Winter,Saturday,20:00 - 21:59,Evening / night,False,False,True,True
1362190,Injury,Moderate Injury,2024,2024,September,Wednesday,20:00 - 21:59,NEWELL,HWY,0,Right on the spot,BELLHAVEN,RD,EUMUNGERIE,17.0,No,Not a school zone,T-junction,-31.924257,148.619434,Dubbo Regional,Country non-urban,Rest of NSW - Rural,Straight,,,,Nil,Sealed,Dry,Fine,Darkness,Nil,Give way sign,110 km/h,State,53,Overtake turning,506,Ovtak - Overtaking right turn,,Other angle,Semi-trailer,Light truck utility(from 2018),2,0,0,1,0,9,September,Spring,Wednesday,20:00 - 21:59,Evening / night,False,False,True,True
1362192,Injury,Minor/Other Injury,2024,2024,August,Thursday,14:00 - 15:59,GREAT WESTERN,HWY,50,East,SILVERWATER,RD,AUBURN,5.0,No,Not a school zone,Divided road,-33.845321,151.042648,Cumberland,Sydney metro. area,Syd-Newc-Woll Gtr conurbation,Straight,,,,Off,Sealed,Dry,Fine,Daylight,Nil,No traffic controls,60 km/h,State,35,Lane change left,307,Same - Lane change left,,Other angle,Large rigid,Car (sedan/hatch),2,0,0,0,1,8,August,Winter,Thursday,14:00 - 15:59,Midday / afternoon,False,False,True,True
1362193,Injury,Moderate Injury,2024,2024,September,Wednesday,16:00 - 17:59,CASTLEREAGH,ST,0,Right on the spot,LETHBRIDGE,ST,PENRITH,,No,Not a school zone,Roundabout,-33.755983,150.698619,Penrith,Sydney metro. area,Syd-Newc-Woll Gtr conurbation,Straight,,,,Nil,Sealed,Dry,Fine,Dusk,Nil,Give way sign,50 km/h,Local,10,Cross traffic,101,Adj - Cross traffic,,Right angle,Light truck utility(from 2018),Pedal cycle,2,0,0,1,0,9,September,Spring,Wednesday,16:00 - 17:59,PM peak / evening commute,True,False,True,True
1362200,Injury,Serious Injury,2024,2024,September,Sunday,02:00 - 03:59,KENTHURST,RD,0,Right on the spot,SAGARS,RD,KENTHURST,7141.0,Yes,No,T-junction,-33.68701,151.011611,The Hills,Sydney metro. area,Syd-Newc-Woll Gtr conurbation,Curved,,Police pursuit,,On,Sealed,Dry,Fine,Darkness,Nil,Give way sign,60 km/h,Regional,85,Off rt/lft bnd=>obj,804,Off left bend into obj,Right,Vehicle - Object,4 wheel drive / SUV,,1,0,1,0,0,9,September,Spring,Sunday,02:00 - 03:59,Late night / early morning,False,False,True,True
1362201,Injury,Moderate Injury,2024,2024,September,Thursday,14:00 - 15:59,YAMBA,RD,0,Right on the spot,MICALO,RD,MICALO ISLAND,152.0,No,Not a school zone,T-junction,-29.430555,153.309754,Clarence Valley,Country urban,Rest of NSW - Urban,Straight,,,,Nil,Sealed,Wet,Raining,Daylight,Nil,No traffic controls,70 km/h,Regional,32,Right rear,303,Same - Rear right,,Rear end,Passenger van,4 wheel drive / SUV,2,0,0,2,0,9,September,Spring,Thursday,14:00 - 15:59,Midday / afternoon,False,False,True,True
1362203,Injury,Serious Injury,2024,2024,July,Friday,18:00 - 19:59,AUDLEY,RD,1600,South,PRINCES,HWY,ROYAL NATIONAL PARK,393.0,No,Not a school zone,2-way undivided,-34.064578,151.057028,Sutherland,Sydney metro. area,Syd-Newc-Woll Gtr conurbation,Curved,,,,Nil,Sealed,Dry,Fine,Darkness,Nil,No traffic controls,60 km/h,State,80,Off left/right bend,801,Off cway right bend,Left,Rollover,Motor scooter,,1,0,1,0,0,7,July,Winter,Friday,18:00 - 19:59,PM peak / evening commute,True,False,True,True
1362204,Injury,Moderate Injury,2024,2024,July,Saturday,16:00 - 17:59,LEONARD,ST,0,Right on the spot,MCGRANE,ST,CESSNOCK,,No,Not a school zone,X-intersection,-32.828509,151.35076,Cessnock,Country urban,Rest of NSW - Urban,Straight,Steep grade,,,On,Sealed,Dry,Overcast,Dusk,Nil,Stop sign,50 km/h,Local,10,Cross traffic,101,Adj - Cross traffic,,Right angle,Car (sedan/hatch),Passenger van,2,0,0,1,0,7,July,Winter,Saturday,16:00 - 17:59,PM peak / evening commute,True,False,True,True
1362207,Injury,Serious Injury,2024,2024,June,Sunday,12:00 - 13:59,SOFALA,RD,999999,Unknown/not stated,UNKNOWN,UK,WIAGDON,54.0,No,Not a school zone,2-way undivided,-33.179664,149.685793,Bathurst Regional,Country non-urban,Rest of NSW - Rural,Curved,Steep grade,,,Nil,Sealed,Wet,Overcast,Daylight,Nil,No traffic controls,100 km/h,State,87,Off lft/lft bnd=>obj,804,Off left bend into obj,Left,Vehicle - Object,Light truck utility(from 2018),,1,0,1,0,0,6,June,Winter,Sunday,12:00 - 13:59,Midday / afternoon,False,False,True,True
1362209,Injury,Moderate Injury,2024,2024,August,Friday,20:00 - 21:59,QUEEN,ST,20,West,WALTER,ST,RUTHERFORD,,No,Not a school zone,2-way undivided,-32.719766,151.539049,Maitland,Country urban,Rest of NSW - Urban,Straight,,,,Nil,Sealed,Dry,Fine,Darkness,Nil,No traffic controls,50 km/h,Local,73,Off rd rght => obj,704,Right off cway into obj,,Vehicle - Object,Car (sedan/hatch),,1,0,0,1,0,8,August,Winter,Friday,20:00 - 21:59,Evening / night,False,False,True,True
1362216,Injury,Serious Injury,2024,2024,September,Sunday,14:00 - 15:59,NORWEST,BVD,25,West,OLD WINDSOR,RD,GLENWOOD,635.0,No,Not a school zone,Divided road,-33.740956,150.946752,Blacktown,Sydney metro. area,Syd-Newc-Woll Gtr conurbation,Straight,Other bridge,,,Nil,Sealed,Dry,Fine,Daylight,Nil,No traffic controls,70 km/h,State,35,Lane change left,307,Same - Lane change left,,Other angle,Motorcycle,Light truck,2,0,1,0,0,9,September,Spring,Sunday,14:00 - 15:59,Midday / afternoon,False,False,True,True
1362217,Injury,Moderate Injury,2024,2024,July,Monday,12:00 - 13:59,PACIFIC,HWY,100,East,NEW ENGLAND,HWY,HEXHAM,10.0,No,Not a school zone,Divided road,-32.8244,151.684893,Newcastle,Newcastle met. area,Syd-Newc-Woll Gtr conurbation,Straight,Other bridge,,,Nil,Sealed,Dry,Fine,Daylight,Nil,No traffic controls,60 km/h,State,30,Rear end,301,Same - Rear end,,Rear end,B-double (road train prior 98),Semi-trailer,2,0,0,1,0,7,July,Winter,Monday,12:00 - 13:59,Midday / afternoon,False,False,True,True
1362218,Injury,Serious Injury,2024,2024,August,Tuesday,14:00 - 15:59,OXFORD,ST,10,West,PELICAN,ST,SURRY HILLS,7310.0,No,Not a school zone,T-junction,-33.878171,151.213774,Sydney,Sydney metro. area,Syd-Newc-Woll Gtr conurbation,Straight,,,,Off,Sealed,Dry,Fine,Daylight,Nil,No traffic controls,40 km/h,Regional,63,Vehicle door,604,On path - Vehicle door,,Other angle,Pedal cycle,4 wheel drive / SUV,2,0,1,0,0,8,August,Winter,Tuesday,14:00 - 15:59,Midday / afternoon,False,False,True,True
1362219,Injury,Minor/Other Injury,2024,2024,July,Wednesday,06:00 - 07:59,MERCURY,ST,0,Right on the spot,NUMBER 5,HN,WOLLONGONG,,No,Not a school zone,2-way undivided,-34.420623,150.88366,Wollongong,Wollongong met. area,Syd-Newc-Woll Gtr conurbation,Straight,Foot/cycle path/nature strip,,,Off,Sealed,Dry,Fine,Dawn,Nil,No traffic controls,50 km/h,Local,6,Ped on footpath,8,Ped - On footway/median,,Vehicle - Pedestrian,Pedal cycle,Pedestrian,2,0,0,0,1,7,July,Winter,Wednesday,06:00 - 07:59,AM peak / school commute,True,False,True,True
1362220,Injury,Moderate Injury,2024,2024,July,Thursday,10:00 - 11:59,VICTORIA,RD,0,Right on the spot,HUGHES,AVE,ERMINGTON,165.0,No,Not a school zone,T-junction,-33.809764,151.065251,Parramatta,Sydney metro. area,Syd-Newc-Woll Gtr conurbation,Straight,Steep grade,,,Off,Sealed,Dry,Fine,Daylight,Nil,No traffic controls,70 km/h,State,37,Left turn sideswipe,309,Same - Left turn side swipe,,Other angle,Car (sedan/hatch),4 wheel drive / SUV,2,0,0,1,0,7,July,Winter,Thursday,10:00 - 11:59,Midday / afternoon,False,False,True,True
1362221,Injury,Serious Injury,2024,2024,August,Wednesday,22:00 - Midnight,NEWCASTLE,EXP,3700,South,MANDALONG ROAD,OP,MORISSET,6003.0,No,Not a school zone,Dual freeway,-33.150033,151.473107,Lake Macquarie,Newcastle met. area,Syd-Newc-Woll Gtr conurbation,Straight,,Roadwks/Detour/Diverson,,Nil,Sealed,Dry,Fine,Darkness,Nil,No traffic controls,110 km/h,State,30,Rear end,301,Same - Rear end,,Rear end,B-double (road train prior 98),Large rigid,2,0,1,0,0,8,August,Winter,Wednesday,22:00 - Midnight,Evening / night,False,False,True,True
1362223,Injury,Moderate Injury,2024,2024,September,Tuesday,08:00 - 09:59,WINDSOR,RD,0,Right on the spot,MERRIVILLE,RD,ROUSE HILL,184.0,No,Not a school zone,T-junction,-33.700066,150.928791,The Hills,Sydney metro. area,Syd-Newc-Woll Gtr conurbation,Straight,,,,Off,Sealed,Dry,Fine,Daylight,On,No traffic controls,80 km/h,State,30,Rear end,301,Same - Rear end,,Rear end,Car (sedan/hatch),Car (sedan/hatch),3,0,0,1,0,9,September,Spring,Tuesday,08:00 - 09:59,AM peak / school commute,True,False,True,True
1362226,Injury,Serious Injury,2024,2024,August,Wednesday,08:00 - 09:59,OLYMPIC,BVD,0,Right on the spot,SARAH DURACK,AVE,SYDNEY OLYMPIC PARK,,No,Not a school zone,X-intersection,-33.851793,151.069824,Parramatta,Sydney metro. area,Syd-Newc-Woll Gtr conurbation,Straight,,,,Off,Sealed,Dry,Fine,Daylight,On,Ped crossing,60 km/h,Local,0,Ped nearside,1,Ped - Near side,,Vehicle - Pedestrian,4 wheel drive / SUV,Pedestrian,2,0,1,0,0,8,August,Winter,Wednesday,08:00 - 09:59,AM peak / school commute,True,False,True,True
1362227,Injury,Serious Injury,2024,2024,September,Thursday,14:00 - 15:59,MAITLAND,RD,20,East,INGALL,ST,MAYFIELD,464.0,No,Not a school zone,Divided road,-32.904623,151.745815,Newcastle,Newcastle met. area,Syd-Newc-Woll Gtr conurbation,Straight,,,,Off,Sealed,Dry,Fine,Daylight,Nil,No traffic controls,50 km/h,Regional,71,Off rd left => obj,703,Left off cway into object,,Vehicle - Object,4 wheel drive / SUV,,1,0,1,0,0,9,September,Spring,Thursday,14:00 - 15:59,Midday / afternoon,False,False,True,True
1362230,Injury,Minor/Other Injury,2024,2024,September,Wednesday,14:00 - 15:59,WOODLAND,RD,10,West,WARRUNG,RD,ST HELENS PARK,,No,Not a school zone,T-junction,-34.097815,150.81384,Campbelltown,Sydney metro. area,Syd-Newc-Woll Gtr conurbation,Straight,,,,Off,Sealed,Dry,Fine,Daylight,Nil,No traffic controls,60 km/h,Local,2,Ped far side,3,Ped - Far side,,Vehicle - Pedestrian,Station wagon,Pedestrian,2,0,0,0,1,9,September,Spring,Wednesday,14:00 - 15:59,Midday / afternoon,False,False,True,True
1362231,Injury,Moderate Injury,2024,2024,August,Tuesday,08:00 - 09:59,CANTERBURY,RD,0,Right on the spot,THE RIVER,RD,REVESBY,167.0,No,Not a school zone,T-junction,-33.938489,151.018701,Canterbury-Bankstown,Sydney metro. area,Syd-Newc-Woll Gtr conurbation,Curved,,,,On,Sealed,Dry,Fine,Daylight,On,No traffic controls,70 km/h,State,30,Rear end,301,Same - Rear end,,Rear end,Car (sedan/hatch),4 wheel drive / SUV,2,0,0,1,0,8,August,Winter,Tuesday,08:00 - 09:59,AM peak / school commute,True,False,True,True
1362233,Injury,Moderate Injury,2024,2024,September,Thursday,14:00 - 15:59,DUNDONALD,RD,0,Right on the spot,MONARCH,DR,HAMLYN TERRACE,,No,Not a school zone,T-junction,-33.248564,151.477236,Central Coast,Country urban,Syd-Newc-Woll Gtr conurbation,Curved,,,,Nil,Sealed,Dry,Fine,Daylight,Nil,No traffic controls,50 km/h,Local,19,Other adjacent,100,Adj - other,,Right angle,4 wheel drive / SUV,4 wheel drive / SUV,2,0,0,1,0,9,September,Spring,Thursday,14:00 - 15:59,Midday / afternoon,False,False,True,True