crash_id,degree_of_crash,degree_of_crash_-_detailed,reporting_year,year_of_crash,month_of_crash,day_of_week_of_crash,two-hour_intervals,street_of_crash,street_type,distance,direction,identifying_feature,identifying_feature_type,town,route_no.,school_zone_location,school_zone_active,type_of_location,latitude,longitude,lga,urbanisation,conurbation_1,alignment,primary_permanent_feature,primary_temporary_feature,primary_hazardous_feature,street_lighting,road_surface,surface_condition,weather,natural_lighting,signals_operation,other_traffic_control,speed_limit,road_classification_(admin),rum_-_code,rum_-_description,dca_-_code,dca_-_description,dca_supplement,first_impact_type,key_tu_type,other_tu_type,no._of_traffic_units_involved,no._killed,no._seriously_injured,no._moderately_injured,no._minor-other_injured,month_num,month_label,season,day_label,time_label,time_band,is_peak_commute,is_fatal,is_injury,is_casualty
1362235,Injury,Serious Injury,2024,2024,August,Friday,08:00 - 09:59,MYALL,ST,0,Right on the spot,WEBSDALE,DR,DUBBO,,No,Not a school zone,T-junction,-32.243884,148.641983,Dubbo Regional,Country urban,Rest of NSW - Urban,Straight,,,,Nil,Sealed,Dry,Fine,Daylight,Nil,No traffic controls,50 km/h,Local,13,Right near,104,Adj - Right-thru from right,,Right angle,Car (sedan/hatch),Light truck utility(from 2018),2,0,1,0,0,8,August,Winter,Friday,08:00 - 09:59,AM peak / school commute,True,False,True,True
1362236,Injury,Moderate Injury,2024,2024,August,Thursday,12:00 - 13:59,BEAMISH,ST,40,North,EVALINE,ST,CAMPSIE,2014.0,No,Not a school zone,2-way undivided,-33.912698,151.104027,Canterbury-Bankstown,Sydney metro. area,Syd-Newc-Woll Gtr conurbation,Straight,,,,Nil,Sealed,Dry,Fine,Daylight,Nil,No traffic controls,40 km/h,Regional,3,Ped on carriageway,4,Ped - On carriageway,,Vehicle - Pedestrian,4 wheel drive / SUV,Pedestrian,2,0,0,1,0,8,August,Winter,Thursday,12:00 - 13:59,Midday / afternoon,False,False,True,True
1362237,Injury,Serious Injury,2024,2024,August,Friday,10:00 - 11:59,NEWCASTLE,EXP,100,North,PACIFIC HIGHWAY,OP,COWAN,6003.0,No,Not a school zone,Dual freeway,-33.557893,151.192787,Hornsby,Sydney metro. area,Syd-Newc-Woll Gtr conurbation,Straight,Steep grade,,,Off,Sealed,Dry,Fine,Daylight,Nil,No traffic controls,110 km/h,State,34,Lane change right,306,Same - Lane change right,,Other angle,Car (sedan/hatch),4 wheel drive / SUV,2,0,2,0,0,8,August,Winter,Friday,10:00 - 11:59,Midday / afternoon,False,False,True,True
1362238,Injury,Minor/Other Injury,2024,2024,June,Friday,06:00 - 07:59,CIARA,ST,10,West,DENISE,CRES,GRANTHAM FARM,,No,Not a school zone,T-junction,-33.671098,150.87366,Blacktown,Sydney metro. area,Syd-Newc-Woll Gtr conurbation,Straight,Steep grade,,,Nil,Sealed,Dry,Fine,Dawn,Nil,No traffic controls,50 km/h,Local,71,Off rd left => obj,703,Left off cway into object,,Other angle,Car (sedan/hatch),Caravan,2,0,0,0,1,6,June,Winter,Friday,06:00 - 07:59,AM peak / school commute,True,False,True,True
1362240,Injury,Serious Injury,2024,2024,August,Friday,18:00 - 19:59,KEEVERS,DR,0,Right on the spot,MYLESTOM,DR,RALEIGH,,No,Not a school zone,T-junction,-30.442165,153.011778,Bellingen,Country urban,Rest of NSW - Urban,Straight,,,,Nil,Sealed,Dry,Fine,Darkness,Nil,No traffic controls,80 km/h,Local,75,Off end of road,709,Off end cway or T junct,,Vehicle - Object,Car (sedan/hatch),,1,0,1,0,0,8,August,Winter,Friday,18:00 - 19:59,PM peak / evening commute,True,False,True,True
1362242,Injury,Moderate Injury,2024,2024,July,Tuesday,18:00 - 19:59,SHELLHARBOUR,RD,40,North,PETERBOROUGH,AVE,LAKE ILLAWARRA,522.0,No,Not a school zone,Divided road,-34.542928,150.863429,Shellharbour,Wollongong met. area,Syd-Newc-Woll Gtr conurbation,Straight,Bus stop,,,On,Sealed,Dry,Fine,Darkness,Nil,No traffic controls,70 km/h,State,0,Ped nearside,1,Ped - Near side,,Vehicle - Pedestrian,Car (sedan/hatch),Pedestrian,2,0,0,1,0,7,July,Winter,Tuesday,18:00 - 19:59,PM peak / evening commute,True,False,True,True
1362244,Injury,Serious Injury,2024,2024,August,Wednesday,14:00 - 15:59,NORTHERN BOUNDARY,RD,350,East,WENTS,RD,MONDAYONG,,No,Not a school zone,2-way undivided,-35.130106,150.498753,Shoalhaven,Country urban,Rest of NSW - Urban,Curved,,,,Nil,Unsealed,Dry,Fine,Daylight,Nil,No traffic controls,50 km/h,Local,88,Out of cont on bend,805,Out of control on bend,,Rollover,Motorcycle,,1,0,1,0,0,8,August,Winter,Wednesday,14:00 - 15:59,Midday / afternoon,False,False,True,True
1362245,Injury,Minor/Other Injury,2024,2024,August,Saturday,08:00 - 09:59,BOURKE,ST,0,Right on the spot,KEMBLA,ST,NORTH WOLLONGONG,581.0,No,Not a school zone,X-intersection,-34.414921,150.899563,Wollongong,Wollongong met. area,Syd-Newc-Woll Gtr conurbation,Straight,Steep grade,,,Off,Sealed,Dry,Fine,Daylight,On,No traffic controls,60 km/h,State,16,Left near,107,Adj - Left-thru from right,,Right angle,Car (sedan/hatch),4 wheel drive / SUV,2,0,0,0,1,8,August,Winter,Saturday,08:00 - 09:59,AM peak / school commute,True,False,True,True
1362246,Injury,Serious Injury,2024,2024,August,Sunday,02:00 - 03:59,PACIFIC,HWY,100,South,ORLANDO,ST,COFFS HARBOUR,10.0,No,Not a school zone,Divided road,-30.284537,153.12617,Coffs Harbour,Country urban,Rest of NSW - Urban,Straight,,,,On,Sealed,Dry,Fine,Darkness,Nil,No traffic controls,60 km/h,State,74,On road-out of cont.,705,Out of control on cway,,Rollover,Motorcycle,,1,0,1,0,1,8,August,Winter,Sunday,02:00 - 03:59,Late night / early morning,False,False,True,True
1362247,Injury,Moderate Injury,2024,2024,August,Friday,20:00 - 21:59,WINDSOR,RD,10,North,ANDERSON,RD,NORTHMEAD,184.0,No,Not a school zone,T-junction,-33.781941,150.996849,Parramatta,Sydney metro. area,Syd-Newc-Woll Gtr conurbation,Straight,,,,Nil,Sealed,Dry,Fine,Darkness,Unknown / not stated,No traffic controls,60 km/h,State,30,Rear end,301,Same - Rear end,,Rear end,Unknown motor vehicle,Motor scooter,2,0,0,1,0,8,August,Winter,Friday,20:00 - 21:59,Evening / night,False,False,True,True
1362248,Injury,Moderate Injury,2024,2024,September,Wednesday,22:00 - Midnight,JAMES RUSE,DR,50,South,VICTORIA,RD,PARRAMATTA,309.0,No,Not a school zone,Other,-33.809928,151.022317,Parramatta,Sydney metro. area,Syd-Newc-Woll Gtr conurbation,Curved,Freeway ramp/access,,,On,Sealed,Dry,Fine,Darkness,Nil,No traffic controls,70 km/h,State,88,Out of cont on bend,805,Out of control on bend,,Rollover,Car (sedan/hatch),,1,0,0,1,0,9,September,Spring,Wednesday,22:00 - Midnight,Evening / night,False,False,True,True
1362250,Injury,Serious Injury,2024,2024,July,Wednesday,08:00 - 09:59,WARRINGAH,RD,30,West,O'CONNORS,RD,BEACON HILL,328.0,No,Not a school zone,Divided road,-33.752869,151.254729,Northern Beaches,Sydney metro. area,Syd-Newc-Woll Gtr conurbation,Straight,,,,Off,Sealed,Dry,Fine,Daylight,Nil,No traffic controls,70 km/h,State,30,Rear end,301,Same - Rear end,,Rear end,Car (sedan/hatch),Station wagon,4,0,1,0,0,7,July,Winter,Wednesday,08:00 - 09:59,AM peak / school commute,True,False,True,True
1362253,Injury,Moderate Injury,2024,2024,July,Sunday,18:00 - 19:59,HUME,HWY,0,Right on the spot,YASS VALLEY,WAY,MANTON,2.0,No,Not a school zone,T-junction,-34.837096,149.013354,Yass Valley,Country non-urban,Rest of NSW - Rural,Straight,,,,Nil,Sealed,Wet,Overcast,Darkness,Nil,Give way sign,110 km/h,State,75,Off end of road,709,Off end cway or T junct,,Vehicle - Object,Car (sedan/hatch),,1,0,0,1,0,7,July,Winter,Sunday,18:00 - 19:59,PM peak / evening commute,True,False,True,True
1362255,Injury,Moderate Injury,2024,2024,August,Saturday,16:00 - 17:59,PACIFIC,HWY,0,Right on the spot,BLUE,ST,NORTH SYDNEY,10.0,No,Not a school zone,X-intersection,-33.840725,151.20851,North Sydney,Sydney metro. area,Syd-Newc-Woll Gtr conurbation,Straight,Steep grade,,,On,Sealed,Dry,Fine,Daylight,On,No traffic controls,60 km/h,State,2,Ped far side,3,Ped - Far side,,Vehicle - Pedestrian,Car (sedan/hatch),Pedestrian,2,0,0,1,0,8,August,Winter,Saturday,16:00 - 17:59,PM peak / evening commute,True,False,True,True
1362261,Injury,Serious Injury,2024,2024,September,Monday,10:00 - 11:59,OLD NORTHERN,RD,0,Right on the spot,HILL,ST,BAULKHAM HILLS,160.0,No,Not a school zone,T-junction,-33.757151,150.992431,The Hills,Sydney metro. area,Syd-Newc-Woll Gtr conurbation,Straight,,,,Off,Sealed,Dry,Fine,Daylight,Nil,Stop sign,60 km/h,State,0,Ped nearside,1,Ped - Near side,,Vehicle - Pedestrian,Car (sedan/hatch),Pedestrian,2,0,1,0,0,9,September,Spring,Monday,10:00 - 11:59,Midday / afternoon,False,False,True,True
1362262,Injury,Moderate Injury,2024,2024,August,Sunday,12:00 - 13:59,PRINCES,HWY,1000,South,FOREST,RD,NOWRA HILL,1.0,No,Not a school zone,Divided road,-34.955147,150.599803,Shoalhaven,Country non-urban,Rest of NSW - Rural,Straight,Steep grade,,,Nil,Sealed,Dry,Fine,Daylight,Nil,No traffic controls,100 km/h,State,91,Object struck veh,610,On path - Load hit vehicle,,Vehicle - Object,Motorcycle,Light truck utility(from 2018),2,0,0,1,0,8,August,Winter,Sunday,12:00 - 13:59,Midday / afternoon,False,False,True,True
1362263,Injury,Serious Injury,2024,2024,August,Tuesday,14:00 - 15:59,REDFERN,ST,0,Right on the spot,AUSTRALIAN HOTEL,ENT,COWRA,310.0,No,Not a school zone,2-way undivided,-33.832607,148.684327,Cowra,Country urban,Rest of NSW - Urban,Curved,Driveway/entrance,,,Off,Sealed,Dry,Fine,Daylight,Nil,No traffic controls,50 km/h,State,32,Right rear,303,Same - Rear right,,Rear end,4 wheel drive / SUV,4 wheel drive / SUV,2,0,2,0,0,8,August,Winter,Tuesday,14:00 - 15:59,Midday / afternoon,False,False,True,True
1362264,Injury,Moderate Injury,2024,2024,August,Thursday,18:00 - 19:59,PACIFIC,HWY,100,South,CRAM,ST,HAMILTON SOUTH,10.0,No,Not a school zone,Divided road,-32.936024,151.74922,Newcastle,Newcastle met. area,Syd-Newc-Woll Gtr conurbation,Straight,,,,Nil,Sealed,Dry,Fine,Dusk,Nil,No traffic controls,60 km/h,State,30,Rear end,301,Same - Rear end,,Rear end,Light truck utility(from 2018),4 wheel drive / SUV,3,0,0,1,0,8,August,Winter,Thursday,18:00 - 19:59,PM peak / evening commute,True,False,True,True
1362265,Injury,Moderate Injury,2024,2024,September,Monday,14:00 - 15:59,ASTORIA,ST,0,Right on the spot,TIGERPAK,ENT,MARSDEN PARK,,No,Not a school zone,2-way undivided,-33.718751,150.827003,Blacktown,Sydney metro. area,Syd-Newc-Woll Gtr conurbation,Curved,,,,Nil,Sealed,Dry,Fine,Daylight,Nil,No traffic controls,50 km/h,Local,3,Ped on carriageway,4,Ped - On carriageway,,Vehicle - Pedestrian,Car (sedan/hatch),Pedestrian,2,0,0,1,0,9,September,Spring,Monday,14:00 - 15:59,Midday / afternoon,False,False,True,True
1362267,Injury,Moderate Injury,2024,2024,August,Tuesday,16:00 - 17:59,WILSON,RD,1000,East,BEDWELL,PL,CONGARINNI NORTH,,No,Not a school zone,2-way undivided,-30.665366,152.888217,Nambucca Valley,Country non-urban,Rest of NSW - Rural,Curved,,,,Nil,Sealed,Wet,Overcast,Daylight,Nil,No traffic controls,90 km/h,Local,80,Off left/right bend,801,Off cway right bend,Left,Rollover,4 wheel drive / SUV,,1,0,0,1,0,8,August,Winter,Tuesday,16:00 - 17:59,PM peak / evening commute,True,False,True,True
1362271,Injury,Minor/Other Injury,2024,2024,September,Wednesday,16:00 - 17:59,CABRAMATTA,RD,0,Right on the spot,ACACIA,ST,CABRAMATTA,534.0,No,Not a school zone,T-junction,-33.895922,150.935318,Fairfield,Sydney metro. area,Syd-Newc-Woll Gtr conurbation,Straight,,,,Off,Sealed,Dry,Fine,Daylight,On,No traffic controls,60 km/h,State,34,Lane change right,306,Same - Lane change right,,Other angle,Car (sedan/hatch),Car (sedan/hatch),3,0,0,0,1,9,September,Spring,Wednesday,16:00 - 17:59,PM peak / evening commute,True,False,True,True
1362275,Injury,Serious Injury,2024,2024,August,Thursday,16:00 - 17:59,WESTERN,EXP,50,East,RESERVOIR ROAD,TO,BLACKTOWN,6004.0,No,Not a school zone,Dual freeway,-33.803451,150.901337,Blacktown,Sydney metro. area,Syd-Newc-Woll Gtr conurbation,Straight,,,,Nil,Sealed,Dry,Fine,Daylight,Nil,No traffic controls,100 km/h,State,30,Rear end,301,Same - Rear end,,Rear end,Light truck,4 wheel drive / SUV,6,0,1,0,0,8,August,Winter,Thursday,16:00 - 17:59,PM peak / evening commute,True,False,True,True
1362277,Injury,Moderate Injury,2024,2024,August,Saturday,08:00 - 09:59,KANAHOOKA,RD,50,West,FOREST GROVE,DR,KANAHOOKA,,Yes,No,2-way undivided,-34.493289,150.816902,Wollongong,Wollongong met. area,Syd-Newc-Woll Gtr conurbation,Straight,,,,Off,Sealed,Dry,Fine,Daylight,Nil,No traffic controls,60 km/h,Local,71,Off rd left => obj,703,Left off cway into object,,Other angle,Light truck utility(from 2018),4 wheel drive / SUV,2,0,0,1,0,8,August,Winter,Saturday,08:00 - 09:59,AM peak / school commute,True,False,True,True
1362278,Injury,Moderate Injury,2024,2024,August,Wednesday,06:00 - 07:59,FOREST,RD,0,Right on the spot,HERBERT,ST,BEXLEY,168.0,No,Not a school zone,T-junction,-33.944674,151.128669,Bayside,Sydney metro. area,Syd-Newc-Woll Gtr conurbation,Straight,,,,On,Sealed,Dry,Fine,Dawn,Nil,Give way sign,60 km/h,State,32,Right rear,303,Same - Rear right,,Rear end,Car (sedan/hatch),4 wheel drive / SUV,2,0,0,1,1,8,August,Winter,Wednesday,06:00 - 07:59,AM peak / school commute,True,False,True,True
1362279,Injury,Serious Injury,2024,2024,August,Thursday,18:00 - 19:59,MCCAFFREY,DR,0,Right on the spot,COLDSTREAM,CRES,RANKIN PARK,7770.0,No,Not a school zone,T-junction,-32.922766,151.678654,Newcastle,Newcastle met. area,Syd-Newc-Woll Gtr conurbation,Straight,,,,On,Sealed,Dry,Fine,Darkness,Nil,Give way sign,60 km/h,Regional,13,Right near,104,Adj - Right-thru from right,,Right angle,Station wagon,Pedal cycle,2,0,1,0,0,8,August,Winter,Thursday,18:00 - 19:59,PM peak / evening commute,True,False,True,True
1362281,Injury,Serious Injury,2024,2024,August,Tuesday,22:00 - Midnight,OXLEY,HWY,2000,East,BABBINBOON,RD,BECTIVE,11.0,No,Not a school zone,2-way undivided,-30.968633,150.68487,Tamworth Regional,Country non-urban,Rest of NSW - Rural,Straight,B'down lane/road shldr,,,Nil,Sealed,Dry,Fine,Darkness,Nil,No traffic controls,100 km/h,State,67,Struck animal,609,On path - Hit animal,,Vehicle - Animal,Motorcycle,,1,0,1,0,0,8,August,Winter,Tuesday,22:00 - Midnight,Evening / night,False,False,True,True
1362284,Injury,Serious Injury,2024,2024,September,Monday,10:00 - 11:59,CARTERS,LANE,200,South,MARLO,RD,TOWRADGI,,Yes,No,2-way undivided,-34.387585,150.902625,Wollongong,Wollongong met. area,Syd-Newc-Woll Gtr conurbation,Straight,,,,Off,Sealed,Dry,Fine,Daylight,Nil,No traffic controls,50 km/h,Local,52,Pulling out,503,Ovtak- Pulling out,,Other angle,Light truck utility(from 2018),Motorcycle,3,0,1,0,0,9,September,Spring,Monday,10:00 - 11:59,Midday / afternoon,False,False,True,True
1362290,Injury,Serious Injury,2024,2024,July,Wednesday,18:00 - 19:59,PACIFIC,HWY,0,Right on the spot,BEACH,ST,BELMONT SOUTH,10.0,No,Not a school zone,T-junction,-33.049034,151.655088,Lake Macquarie,Newcastle met. area,Syd-Newc-Woll Gtr conurbation,Curved,,,,On,Sealed,Dry,Fine,Darkness,On,No traffic controls,60 km/h,State,21,Right through,202,Opp - Right-thru,,Other angle,Passenger van,Motorcycle,2,0,1,1,0,7,July,Winter,Wednesday,18:00 - 19:59,PM peak / evening commute,True,False,True,True
1362293,Injury,Minor/Other Injury,2024,2024,August,Saturday,18:00 - 19:59,KINGS,HWY,300,North,MILL POST,LANE,BUNGENDORE,51.0,No,Not a school zone,2-way undivided,-35.276411,149.42456,Queanbeyan-Palerang Regional,Country non-urban,Rest of NSW - Rural,Straight,,,,Nil,Sealed,Dry,Fine,Darkness,Nil,No traffic controls,100 km/h,State,2,Ped far side,3,Ped - Far side,,Vehicle - Pedestrian,Car (sedan/hatch),Pedestrian,2,0,0,0,1,8,August,Winter,Saturday,18:00 - 19:59,PM peak / evening commute,True,False,True,True
1362296,Injury,Moderate Injury,2024,2024,August,Thursday,16:00 - 17:59,PRINCES,HWY,0,Right on the spot,CAMDEN,ST,NEWTOWN,1.0,No,Not a school zone,T-junction,-33.901891,151.17893,Inner West,Sydney metro. area,Syd-Newc-Woll Gtr conurbation,Straight,,,,Off,Sealed,Dry,Fine,Daylight,Nil,No traffic controls,40 km/h,State,10,Cross traffic,101,Adj - Cross traffic,,Right angle,Pedal cycle,4 wheel drive / SUV,2,0,0,1,0,8,August,Winter,Thursday,16:00 - 17:59,PM peak / evening commute,True,False,True,True
1362297,Injury,Serious Injury,2024,2024,September,Thursday,06:00 - 07:59,NEW ENGLAND,HWY,0,Right on the spot,WINE COUNTRY,DR,BRANXTON,9.0,No,Not a school zone,T-junction,-32.663077,151.368778,Cessnock,Country urban,Rest of NSW - Urban,Curved,,,,Nil,Sealed,Wet,Fine,Daylight,Nil,Stop sign,80 km/h,State,10,Cross traffic,101,Adj - Cross traffic,,Right angle,4 wheel drive / SUV,Large rigid,2,0,1,0,0,9,September,Spring,Thursday,06:00 - 07:59,AM peak / school commute,True,False,True,True
1362298,Injury,Serious Injury,2024,2024,August,Saturday,12:00 - 13:59,PIPERS FLAT,RD,122,West,THOMPSON CREEK,RD,PORTLAND,531.0,No,Not a school zone,2-way undivided,-33.388291,150.023828,Lithgow,Country non-urban,Rest of NSW - Rural,Curved,Ditch/drain/culvert,,,Nil,Sealed,Dry,Fine,Daylight,Nil,No traffic controls,100 km/h,Regional,85,Off rt/lft bnd=>obj,804,Off left bend into obj,Right,Vehicle - Object,4 wheel drive / SUV,,1,0,1,0,0,8,August,Winter,Saturday,12:00 - 13:59,Midday / afternoon,False,False,True,True
1362299,Injury,Serious Injury,2024,2024,August,Monday,08:00 - 09:59,WESTERN,EXP,200,West,GREAT WESTERN HIGHWAY,TO,HOLROYD,6004.0,No,Not a school zone,Dual freeway,-33.82793,150.998567,Parramatta,Sydney metro. area,Syd-Newc-Woll Gtr conurbation,Curved,,,,Off,Sealed,Dry,Fine,Daylight,Nil,No traffic controls,90 km/h,State,30,Rear end,301,Same - Rear end,,Rear end,Car (sedan/hatch),4 wheel drive / SUV,3,0,1,0,0,8,August,Winter,Monday,08:00 - 09:59,AM peak / school commute,True,False,True,True
1362302,Injury,Moderate Injury,2024,2024,August,Monday,14:00 - 15:59,ELIZABETH,ST,10,South,VICTORIA,ST,WETHERILL PARK,609.0,No,Not a school zone,X-intersection,-33.84569,150.900085,Fairfield,Sydney metro. area,Syd-Newc-Woll Gtr conurbation,Straight,,,,On,Sealed,Dry,Fine,Daylight,On,No traffic controls,60 km/h,State,30,Rear end,301,Same - Rear end,,Rear end,Light truck,4 wheel drive / SUV,2,0,0,1,0,8,August,Winter,Monday,14:00 - 15:59,Midday / afternoon,False,False,True,True
1362305,Injury,Minor/Other Injury,2024,2024,August,Friday,08:00 - 09:59,LACHLAN,ST,0,Right on the spot,NUMBER 35,HN,WINDALE,,No,Not a school zone,2-way undivided,-32.996972,151.682656,Lake Macquarie,Newcastle met. area,Syd-Newc-Woll Gtr conurbation,Straight,,,,Off,Sealed,Dry,Fine,Daylight,Nil,No traffic controls,50 km/h,Local,73,Off rd rght => obj,704,Right off cway into obj,,Vehicle - Object,4 wheel drive / SUV,,1,0,0,0,1,8,August,Winter,Friday,08:00 - 09:59,AM peak / school commute,True,False,True,True
1362307,Injury,Serious Injury,2024,2024,August,Tuesday,08:00 - 09:59,BLAXLAND,RD,100,North,ANZAC,AVE,DENISTONE EAST,139.0,No,Not a school zone,2-way undivided,-33.801152,151.100334,Ryde,Sydney metro. area,Syd-Newc-Woll Gtr conurbation,Straight,,,,Nil,Sealed,Wet,Raining,Daylight,Nil,No traffic controls,60 km/h,State,20,Head on,201,Opp - Head on,,Head-on,Car (sedan/hatch),4 wheel drive / SUV,2,0,1,0,0,8,August,Winter,Tuesday,08:00 - 09:59,AM peak / school commute,True,False,True,True
1362308,Injury,Serious Injury,2024,2024,August,Saturday,12:00 - 13:59,BURNETT,ST,0,Right on the spot,WESTERN,EXP,MERRYLANDS,7252.0,No,Not a school zone,T-junction,-33.824311,150.987712,Cumberland,Sydney metro. area,Syd-Newc-Woll Gtr conurbation,Curved,Steep grade,,,Off,Sealed,Dry,Fine,Daylight,On,No traffic controls,60 km/h,State,13,Right near,104,Adj - Right-thru from right,,Right angle,Car (sedan/hatch),4 wheel drive / SUV,2,0,1,0,0,8,August,Winter,Saturday,12:00 - 13:59,Midday / afternoon,False,False,True,True
1362309,Injury,Moderate Injury,2024,2024,September,Monday,16:00 - 17:59,GREAT WESTERN,HWY,0,Right on the spot,LIVERPOOL PARRAMATTA,MS,WENTWORTHVILLE,5.0,No,Not a school zone,T-junction,-33.816421,150.973158,Cumberland,Sydney metro. area,Syd-Newc-Woll Gtr conurbation,Straight,,,,Off,Sealed,Dry,Fine,Daylight,On,Ped crossing,80 km/h,State,73,Off rd rght => obj,704,Right off cway into obj,,Vehicle - Object,Car (sedan/hatch),,1,0,0,1,0,9,September,Spring,Monday,16:00 - 17:59,PM peak / evening commute,True,False,True,True
1362311,Injury,Moderate Injury,2024,2024,September,Saturday,00:01 - 01:59,SUMMERLAND,WAY,450,East,EARL,ST,CARRS CREEK,83.0,No,Not a school zone,2-way undivided,-29.651328,152.931288,Clarence Valley,Country urban,Rest of NSW - Urban,Curved,,,,Nil,Sealed,Dry,Fine,Darkness,Nil,No traffic controls,80 km/h,State,85,Off rt/lft bnd=>obj,804,Off left bend into obj,Right,Vehicle - Object,4 wheel drive / SUV,,1,0,0,1,0,9,September,Spring,Saturday,00:01 - 01:59,Late night / early morning,False,False,True,True
1362312,Injury,Serious Injury,2024,2024,August,Wednesday,10:00 - 11:59,CROFTS,AVE,0,Right on the spot,NUMBER 8,HN,HURSTVILLE,,No,Not a school zone,1-way street,-33.966045,151.10301,Georges River,Sydney metro. area,Syd-Newc-Woll Gtr conurbation,Straight,Steep grade,,,Nil,Sealed,Wet,Raining,Daylight,Nil,No traffic controls,50 km/h,Local,90,Fell in/from vehicle,901,Fell in/from vehicle,,Person - Object,4 wheel drive / SUV,,1,0,1,0,0,8,August,Winter,Wednesday,10:00 - 11:59,Midday / afternoon,False,False,True,True
1362313,Injury,Moderate Injury,2024,2024,September,Thursday,10:00 - 11:59,HILL,ST,0,Right on the spot,NUMBER 213,HN,ORANGE,,No,Not a school zone,2-way undivided,-33.267202,149.097039,Orange,Country urban,Rest of NSW - Urban,Straight,Driveway/entrance,,,Off,Sealed,Dry,Fine,Daylight,Nil,No traffic controls,50 km/h,Local,32,Right rear,303,Same - Rear right,,Rear end,Car (sedan/hatch),Car (sedan/hatch),2,0,0,1,1,9,September,Spring,Thursday,10:00 - 11:59,Midday / afternoon,False,False,True,True
1362314,Injury,Moderate Injury,2024,2024,August,Friday,18:00 - 19:59,FIFTH,AVE,0,Right on the spot,SEVENTH,AVE,CAMPSIE,7067.0,No,Not a school zone,X-intersection,-33.904825,151.099697,Canterbury-Bankstown,Sydney metro. area,Syd-Newc-Woll Gtr conurbation,Straight,Steep grade,,,On,Sealed,Wet,Raining,Darkness,On,No traffic controls,50 km/h,Regional,21,Right through,202,Opp - Right-thru,,Other angle,4 wheel drive / SUV,Light truck utility(from 2018),2,0,0,1,0,8,August,Winter,Friday,18:00 - 19:59,PM peak / evening commute,True,False,True,True
1362315,Injury,Moderate Injury,2024,2024,May,Monday,12:00 - 13:59,ELOUERA,RD,0,Right on the spot,NUMBER 109-113,HN,CRONULLA,,No,Not a school zone,2-way undivided,-34.04825,151.155162,Sutherland,Sydney metro. area,Syd-Newc-Woll Gtr conurbation,Straight,Driveway/entrance,,,Nil,Sealed,Dry,Fine,Daylight,Nil,No traffic controls,50 km/h,Local,21,Right through,202,Opp - Right-thru,,Other angle,4 wheel drive / SUV,Motorcycle,2,0,0,1,0,5,May,Autumn,Monday,12:00 - 13:59,Midday / afternoon,False,False,True,True
1362317,Injury,Moderate Injury,2024,2024,May,Thursday,10:00 - 11:59,GERRALE,ST,15,South,SURF,RD,CRONULLA,,No,Not a school zone,2-way undivided,-34.054835,151.153323,Sutherland,Sydney metro. area,Syd-Newc-Woll Gtr conurbation,Straight,Driveway/entrance,,,Unknown / not stated,Sealed,Unknown,Unknown,Daylight,On,No traffic controls,50 km/h,Local,21,Right through,202,Opp - Right-thru,,Other angle,Car (sedan/hatch),Pedal cycle,2,0,0,1,0,5,May,Autumn,Thursday,10:00 - 11:59,Midday / afternoon,False,False,True,True
1362318,Injury,Serious Injury,2024,2024,August,Friday,04:00 - 05:59,HOXTON PARK,RD,300,West,HUME,HWY,LIVERPOOL,681.0,No,Not a school zone,2-way undivided,-33.928487,150.914655,Liverpool,Sydney metro. area,Syd-Newc-Woll Gtr conurbation,Straight,,,,On,Sealed,Dry,Fine,Dawn,Nil,No traffic controls,60 km/h,State,0,Ped nearside,1,Ped - Near side,,Vehicle - Pedestrian,4 wheel drive / SUV,Pedestrian,2,0,1,0,0,8,August,Winter,Friday,04:00 - 05:59,Late night / early morning,False,False,True,True
1362319,Injury,Serious Injury,2024,2024,July,Saturday,00:01 - 01:59,THE ENTRANCE,RD,0,Right on the spot,VIEW,ST,THE ENTRANCE,,Yes,No,T-junction,-33.347705,151.492942,Central Coast,Country urban,Syd-Newc-Woll Gtr conurbation,Straight,Steep grade,,,On,Sealed,Dry,Fine,Darkness,Nil,Give way sign,50 km/h,Local,73,Off rd rght => obj,704,Right off cway into obj,,Other angle,Car (sedan/hatch),4 wheel drive / SUV,3,0,1,0,0,7,July,Winter,Saturday,00:01 - 01:59,Late night / early morning,False,False,True,True
1362320,Injury,Moderate Injury,2024,2024,July,Tuesday,14:00 - 15:59,CALDWELL,AVE,0,Right on the spot,OLD PRINCES,HWY,FERNHILL,,No,Not a school zone,X-intersection,-34.382763,150.895122,Wollongong,Wollongong met. area,Syd-Newc-Woll Gtr conurbation,Curved,,,,Off,Sealed,Dry,Fine,Daylight,On,No traffic controls,60 km/h,Local,10,Cross traffic,101,Adj - Cross traffic,,Right angle,Light truck utility(from 2018),4 wheel drive / SUV,2,0,0,1,0,7,July,Winter,Tuesday,14:00 - 15:59,Midday / afternoon,False,False,True,True
1362322,Injury,Serious Injury,2024,2024,July,Saturday,10:00 - 11:59,THE BOULEVARDE,MS,0,Right on the spot,WINGELLO,RD,MIRANDA,7001.0,No,Not a school zone,T-junction,-34.029576,151.103571,Sutherland,Sydney metro. area,Syd-Newc-Woll Gtr conurbation,Straight,,,,Off,Sealed,Wet,Raining,Daylight,Nil,Give way sign,60 km/h,Regional,13,Right near,104,Adj - Right-thru from right,,Right angle,Light truck utility(from 2018),Car (sedan/hatch),2,0,1,0,1,7,July,Winter,Saturday,10:00 - 11:59,Midday / afternoon,False,False,True,True
1362326,Injury,Serious Injury,2024,2024,August,Saturday,12:00 - 13:59,BEAMES,AVE,0,Right on the spot,GEORGE,ST,MOUNT DRUITT,,No,Not a school zone,Roundabout,-33.770846,150.826339,Blacktown,Sydney metro. area,Syd-Newc-Woll Gtr conurbation,Straight,,,,Off,Sealed,Dry,Fine,Daylight,Nil,Give way sign,50 km/h,Local,75,Off end of road,709,Off end cway or T junct,,Vehicle - Object,Car (sedan/hatch),,1,0,1,0,0,8,August,Winter,Saturday,12:00 - 13:59,Midday / afternoon,False,False,True,True