crash_id,degree_of_crash,degree_of_crash_-_detailed,reporting_year,year_of_crash,month_of_crash,day_of_week_of_crash,two-hour_intervals,street_of_crash,street_type,distance,direction,identifying_feature,identifying_feature_type,town,route_no.,school_zone_location,school_zone_active,type_of_location,latitude,longitude,lga,urbanisation,conurbation_1,alignment,primary_permanent_feature,primary_temporary_feature,primary_hazardous_feature,street_lighting,road_surface,surface_condition,weather,natural_lighting,signals_operation,other_traffic_control,speed_limit,road_classification_(admin),rum_-_code,rum_-_description,dca_-_code,dca_-_description,dca_supplement,first_impact_type,key_tu_type,other_tu_type,no._of_traffic_units_involved,no._killed,no._seriously_injured,no._moderately_injured,no._minor-other_injured,month_num,month_label,season,day_label,time_label,time_band,is_peak_commute,is_fatal,is_injury,is_casualty
1362327,Injury,Moderate Injury,2024,2024,July,Wednesday,08:00 - 09:59,WYNTER,ST,0,Right on the spot,NUMBER 31,HN,TAREE,,No,Not a school zone,2-way undivided,-31.90759,152.462211,Mid-Coast,Country urban,Rest of NSW - Urban,Straight,Driveway/entrance,,,Off,Sealed,Dry,Unknown,Daylight,Nil,No traffic controls,50 km/h,Local,47,Emerging from drive,406,Manov - Emerging from driveway,,Right angle,4 wheel drive / SUV,Motorised push scooters,2,0,0,1,0,7,July,Winter,Wednesday,08:00 - 09:59,AM peak / school commute,True,False,True,True
1362328,Injury,Minor/Other Injury,2024,2024,August,Tuesday,06:00 - 07:59,PRINCES,HWY,0,Right on the spot,WATER,ST,BLAKEHURST,1.0,No,Not a school zone,T-junction,-33.990139,151.113188,Georges River,Sydney metro. area,Syd-Newc-Woll Gtr conurbation,Straight,,,,On,Sealed,Dry,Fine,Dawn,On,No traffic controls,70 km/h,State,30,Rear end,301,Same - Rear end,,Rear end,Light truck utility(from 2018),Light truck utility(from 2018),3,0,0,0,1,8,August,Winter,Tuesday,06:00 - 07:59,AM peak / school commute,True,False,True,True
1362329,Injury,Serious Injury,2024,2024,September,Tuesday,14:00 - 15:59,MARRICKVILLE,RD,0,Right on the spot,NUMBER 313,HN,MARRICKVILLE,7054.0,Yes,No,2-way undivided,-33.908919,151.152941,Inner West,Sydney metro. area,Syd-Newc-Woll Gtr conurbation,Straight,,,,Off,Sealed,Dry,Fine,Daylight,Nil,No traffic controls,50 km/h,Regional,1,Ped emerging,2,Ped - emerging,,Vehicle - Pedestrian,Car (sedan/hatch),Pedestrian,2,0,1,0,0,9,September,Spring,Tuesday,14:00 - 15:59,Midday / afternoon,False,False,True,True
1362330,Injury,Moderate Injury,2024,2024,August,Thursday,14:00 - 15:59,CAHILL,EXP,100,West,MACQUARIE STREET,OP,SYDNEY,592.0,No,Not a school zone,Divided road,-33.861518,151.212028,Sydney,Sydney metro. area,Syd-Newc-Woll Gtr conurbation,Straight,Other bridge,,,Off,Sealed,Dry,Overcast,Daylight,Nil,No traffic controls,70 km/h,State,74,On road-out of cont.,705,Out of control on cway,,Rollover,Motorcycle,,1,0,0,1,0,8,August,Winter,Thursday,14:00 - 15:59,Midday / afternoon,False,False,True,True
1362332,Injury,Moderate Injury,2024,2024,September,Saturday,12:00 - 13:59,M8 TUNNEL,MS,180,West,KENT,RD,ALEXANDRIA,6008.0,No,Not a school zone,Dual freeway,-33.919476,151.182914,Sydney,Sydney metro. area,Syd-Newc-Woll Gtr conurbation,Curved,Steep grade,,Slippery surface,Nil,Sealed,Dry,Fine,Daylight,Nil,No traffic controls,60 km/h,State,81,Off left/rt bnd=>obj,803,Off right bend into obj,Left,Vehicle - Object,Motor scooter,,1,0,0,1,0,9,September,Spring,Saturday,12:00 - 13:59,Midday / afternoon,False,False,True,True
1362339,Injury,Minor/Other Injury,2024,2024,September,Monday,18:00 - 19:59,DOG TRAP,RD,0,Right on the spot,THE RIDGE,RD,MOGO,,No,Not a school zone,T-junction,-35.75891,150.191146,Eurobodalla,Country urban,Rest of NSW - Urban,Straight,Embankment/cutting,,,Nil,Unsealed,Dry,Fine,Darkness,Nil,No traffic controls,60 km/h,Local,75,Off end of road,709,Off end cway or T junct,,Rollover,Light truck utility(from 2018),,1,0,0,0,1,9,September,Spring,Monday,18:00 - 19:59,PM peak / evening commute,True,False,True,True
1362341,Injury,Serious Injury,2024,2024,September,Thursday,20:00 - 21:59,PACIFIC,HWY,200,South,HAYDONS,RD,MIDDLE BROTHER,10.0,No,Not a school zone,Divided road,-31.699227,152.729783,Port Macquarie-Hastings,Country non-urban,Rest of NSW - Rural,Curved,,,,Nil,Sealed,Dry,Fine,Darkness,Nil,No traffic controls,110 km/h,State,87,Off lft/lft bnd=>obj,804,Off left bend into obj,Left,Vehicle - Object,Light truck utility(from 2018),,1,0,1,0,0,9,September,Spring,Thursday,20:00 - 21:59,Evening / night,False,False,True,True
1362343,Injury,Minor/Other Injury,2024,2024,June,Thursday,14:00 - 15:59,MILPERRA,RD,0,Right on the spot,THE RIVER,RD,REVESBY,167.0,No,Not a school zone,T-junction,-33.938327,151.018675,Canterbury-Bankstown,Sydney metro. area,Syd-Newc-Woll Gtr conurbation,Curved,,,,Nil,Sealed,Dry,Fine,Daylight,On,Ped crossing,70 km/h,State,2,Ped far side,3,Ped - Far side,,Vehicle - Pedestrian,Car (sedan/hatch),Pedestrian,2,0,0,0,1,6,June,Winter,Thursday,14:00 - 15:59,Midday / afternoon,False,False,True,True
1362344,Injury,Serious Injury,2024,2024,June,Tuesday,12:00 - 13:59,HENRY LAWSON,DR,0,Right on the spot,POZIERES,AVE,MILPERRA,508.0,No,Not a school zone,T-junction,-33.941745,150.983014,Canterbury-Bankstown,Sydney metro. area,Syd-Newc-Woll Gtr conurbation,Straight,,,,Off,Sealed,Dry,Fine,Daylight,On,No traffic controls,60 km/h,State,21,Right through,202,Opp - Right-thru,,Other angle,Light truck,Pedal cycle,2,0,1,0,0,6,June,Winter,Tuesday,12:00 - 13:59,Midday / afternoon,False,False,True,True
1362345,Injury,Moderate Injury,2024,2024,September,Thursday,20:00 - 21:59,ALLAMBIE,RD,200,East,KIRRA,RD,ALLAMBIE HEIGHTS,7345.0,No,Not a school zone,2-way undivided,-33.767517,151.256244,Northern Beaches,Sydney metro. area,Syd-Newc-Woll Gtr conurbation,Curved,,,,On,Sealed,Dry,Fine,Darkness,Nil,No traffic controls,60 km/h,Regional,81,Off left/rt bnd=>obj,803,Off right bend into obj,Left,Other angle,Light truck utility(from 2018),4 wheel drive / SUV,3,0,0,1,0,9,September,Spring,Thursday,20:00 - 21:59,Evening / night,False,False,True,True
1362347,Injury,Moderate Injury,2024,2024,August,Sunday,10:00 - 11:59,GEORGE BOOTH,DR,500,North,MOUNT SUGARLOAF,RD,WEST WALLSEND,527.0,No,Not a school zone,2-way undivided,-32.888633,151.567513,Lake Macquarie,Newcastle met. area,Syd-Newc-Woll Gtr conurbation,Curved,Steep grade,,,Nil,Sealed,Wet,Fine,Daylight,Nil,No traffic controls,80 km/h,State,88,Out of cont on bend,805,Out of control on bend,,Rollover,Motorcycle,,1,0,0,1,0,8,August,Winter,Sunday,10:00 - 11:59,Midday / afternoon,False,False,True,True
1362350,Injury,Minor/Other Injury,2024,2024,August,Wednesday,14:00 - 15:59,OLD PRINCES,HWY,0,Right on the spot,ROTHERY,ST,CORRIMAL,,Yes,No,X-intersection,-34.366445,150.898334,Wollongong,Wollongong met. area,Syd-Newc-Woll Gtr conurbation,Straight,Steep grade,,,Off,Sealed,Dry,Fine,Daylight,On,No traffic controls,60 km/h,Local,10,Cross traffic,101,Adj - Cross traffic,,Right angle,Car (sedan/hatch),Car (sedan/hatch),2,0,0,0,1,8,August,Winter,Wednesday,14:00 - 15:59,Midday / afternoon,False,False,True,True
1362351,Injury,Serious Injury,2024,2024,July,Monday,02:00 - 03:59,MARY GILMORE,WAY,100,East,REES,LANE,BARMEDMAN,398.0,No,Not a school zone,2-way undivided,-34.163541,147.586523,Temora,Country non-urban,Rest of NSW - Rural,Straight,,,,Nil,Sealed,Wet,Raining,Darkness,Nil,No traffic controls,100 km/h,Regional,70,Off road to left,701,Off carriageway to left,,Rollover,Semi-trailer,,1,0,1,0,0,7,July,Winter,Monday,02:00 - 03:59,Late night / early morning,False,False,True,True
1362352,Injury,Minor/Other Injury,2024,2024,September,Sunday,08:00 - 09:59,SEABREEZE,BVD,0,Right on the spot,WOOLGOOLGA,CT,POTTSVILLE,,No,Not a school zone,T-junction,-28.385113,153.556568,Tweed,Country urban,Rest of NSW - Urban,Straight,Foot/cycle path/nature strip,,,Off,Sealed,Dry,Fine,Daylight,Nil,No traffic controls,50 km/h,Local,48,From footpath,408,Manov - From footway,,Other angle,Pedal cycle,4 wheel drive / SUV,2,0,0,0,1,9,September,Spring,Sunday,08:00 - 09:59,AM peak / school commute,True,False,True,True
1362358,Injury,Moderate Injury,2024,2024,September,Wednesday,08:00 - 09:59,HILL,ST,50,South,MATTHEWS,AVE,ORANGE,,No,Not a school zone,2-way undivided,-33.269169,149.096624,Orange,Country urban,Rest of NSW - Urban,Straight,Steep grade,,,Nil,Sealed,Dry,Fine,Daylight,Nil,No traffic controls,50 km/h,Local,73,Off rd rght => obj,704,Right off cway into obj,,Other angle,Car (sedan/hatch),Car (sedan/hatch),2,0,0,1,0,9,September,Spring,Wednesday,08:00 - 09:59,AM peak / school commute,True,False,True,True
1362359,Injury,Moderate Injury,2024,2024,July,Friday,08:00 - 09:59,VICTORIA,RD,0,Right on the spot,MANNING,RD,GLADESVILLE,165.0,No,Not a school zone,T-junction,-33.837066,151.130869,Hunters Hill,Sydney metro. area,Syd-Newc-Woll Gtr conurbation,Straight,,,,Off,Sealed,Dry,Fine,Daylight,Nil,Give way sign,70 km/h,State,31,Left rear,302,Same - Rear left,,Rear end,Motorcycle,Passenger van,2,0,0,1,0,7,July,Winter,Friday,08:00 - 09:59,AM peak / school commute,True,False,True,True
1362364,Injury,Moderate Injury,2024,2024,May,Sunday,12:00 - 13:59,UNDERWOOD,RD,0,Right on the spot,HOMEBUSH BAY,DR,HOMEBUSH,7324.0,No,Not a school zone,Roundabout,-33.854281,151.077188,Strathfield,Sydney metro. area,Syd-Newc-Woll Gtr conurbation,Curved,,,,Off,Sealed,Dry,Fine,Daylight,On,Give way sign,60 km/h,Regional,21,Right through,202,Opp - Right-thru,,Other angle,4 wheel drive / SUV,4 wheel drive / SUV,3,0,0,1,0,5,May,Autumn,Sunday,12:00 - 13:59,Midday / afternoon,False,False,True,True
1362365,Injury,Minor/Other Injury,2024,2024,August,Saturday,20:00 - 21:59,CARRINGTON,RD,0,Right on the spot,DARLEY,RD,RANDWICK,660.0,No,Not a school zone,X-intersection,-33.903991,151.252856,Randwick,Sydney metro. area,Syd-Newc-Woll Gtr conurbation,Straight,,,,On,Sealed,Dry,Fine,Darkness,On,No traffic controls,50 km/h,State,21,Right through,202,Opp - Right-thru,,Other angle,Pedal cycle,4 wheel drive / SUV,2,0,0,0,1,8,August,Winter,Saturday,20:00 - 21:59,Evening / night,False,False,True,True
1362366,Injury,Serious Injury,2024,2024,September,Wednesday,04:00 - 05:59,BURLEY GRIFFIN,WAY,0,Right on the spot,DE BORTOLI,RD,BILBUL,84.0,No,Not a school zone,T-junction,-34.271596,146.141798,Griffith,Country non-urban,Rest of NSW - Rural,Straight,,,,Nil,Sealed,Dry,Overcast,Dawn,Nil,Give way sign,100 km/h,State,21,Right through,202,Opp - Right-thru,,Other angle,Car (sedan/hatch),Motorcycle,2,0,1,0,0,9,September,Spring,Wednesday,04:00 - 05:59,Late night / early morning,False,False,True,True
1362369,Injury,Minor/Other Injury,2024,2024,September,Friday,08:00 - 09:59,BENTLEY,RD,200,East,HOLMES,RD,BENTLEY,544.0,No,Not a school zone,2-way undivided,-28.755436,153.086228,Richmond Valley,Country urban,Rest of NSW - Urban,Curved,,Roadwks/Detour/Diverson,,Nil,Sealed,Dry,Fine,Daylight,Nil,No traffic controls,60 km/h,Regional,81,Off left/rt bnd=>obj,803,Off right bend into obj,Left,Vehicle - Object,4 wheel drive / SUV,,1,0,0,0,1,9,September,Spring,Friday,08:00 - 09:59,AM peak / school commute,True,False,True,True
1362374,Injury,Moderate Injury,2024,2024,August,Saturday,18:00 - 19:59,CAMERON PARK,DR,140,East,GEORGE BOOTH,DR,CAMERON PARK,7768.0,No,Not a school zone,2-way undivided,-32.899656,151.592088,Lake Macquarie,Newcastle met. area,Syd-Newc-Woll Gtr conurbation,Straight,,,,Nil,Sealed,Dry,Fine,Darkness,Nil,No traffic controls,80 km/h,Regional,71,Off rd left => obj,703,Left off cway into object,,Vehicle - Object,Light truck utility(from 2018),,1,0,0,1,0,8,August,Winter,Saturday,18:00 - 19:59,PM peak / evening commute,True,False,True,True
1362377,Injury,Moderate Injury,2024,2024,June,Saturday,00:01 - 01:59,WOODVILLE,RD,0,Right on the spot,OSGOOD,ST,GUILDFORD,640.0,Yes,No,T-junction,-33.84949,150.996981,Cumberland,Sydney metro. area,Syd-Newc-Woll Gtr conurbation,Straight,,,,On,Sealed,Dry,Fine,Darkness,Nil,No traffic controls,70 km/h,State,73,Off rd rght => obj,704,Right off cway into obj,,Vehicle - Object,Light truck utility(from 2018),,1,0,0,1,0,6,June,Winter,Saturday,00:01 - 01:59,Late night / early morning,False,False,True,True
1362378,Injury,Moderate Injury,2024,2024,August,Saturday,12:00 - 13:59,CABRAMATTA,RD,10,West,CABRAMATTA,RD,CABRAMATTA,534.0,No,Not a school zone,T-junction,-33.898403,150.949101,Fairfield,Sydney metro. area,Syd-Newc-Woll Gtr conurbation,Straight,Spd hump/slow pt/chc,,,Off,Sealed,Dry,Fine,Daylight,On,No traffic controls,60 km/h,State,30,Rear end,301,Same - Rear end,,Rear end,4 wheel drive / SUV,Light truck utility(from 2018),4,0,0,1,0,8,August,Winter,Saturday,12:00 - 13:59,Midday / afternoon,False,False,True,True
1362379,Injury,Minor/Other Injury,2024,2024,August,Saturday,10:00 - 11:59,GROVES,AVE,190,West,WINDSOR,RD,MULGRAVE,685.0,No,Not a school zone,2-way undivided,-33.626656,150.836961,Hawkesbury,Country urban,Syd-Newc-Woll Gtr conurbation,Straight,Driveway/entrance,,,Off,Sealed,Dry,Fine,Daylight,Nil,No traffic controls,60 km/h,State,21,Right through,202,Opp - Right-thru,,Other angle,4 wheel drive / SUV,Car (sedan/hatch),2,0,0,0,1,8,August,Winter,Saturday,10:00 - 11:59,Midday / afternoon,False,False,True,True
1362384,Injury,Moderate Injury,2024,2024,September,Tuesday,06:00 - 07:59,MANN,ST,0,Right on the spot,MILLER,ST,ARMIDALE,,No,Not a school zone,Roundabout,-30.516184,151.647751,Armidale Regional,Country urban,Rest of NSW - Urban,Straight,,,,Nil,Sealed,Dry,Fine,Daylight,Nil,Give way sign,50 km/h,Local,10,Cross traffic,101,Adj - Cross traffic,,Right angle,Large rigid,Light truck utility(from 2018),2,0,0,1,0,9,September,Spring,Tuesday,06:00 - 07:59,AM peak / school commute,True,False,True,True
1362385,Injury,Minor/Other Injury,2024,2024,August,Saturday,00:01 - 01:59,COBWELL,ST,0,Right on the spot,GONN,ST,BARHAM,,No,Not a school zone,X-intersection,-35.623893,144.124653,Murray River,Country urban,Rest of NSW - Urban,Straight,,,,On,Sealed,Dry,Fine,Darkness,Nil,Give way sign,50 km/h,Local,10,Cross traffic,101,Adj - Cross traffic,,Right angle,Car (sedan/hatch),4 wheel drive / SUV,2,0,0,0,1,8,August,Winter,Saturday,00:01 - 01:59,Late night / early morning,False,False,True,True
1362386,Injury,Serious Injury,2024,2024,August,Wednesday,14:00 - 15:59,HUME,HWY,0,Right on the spot,ELIZABETH,ST,ASHFIELD,2.0,No,Not a school zone,X-intersection,-33.889341,151.132333,Inner West,Sydney metro. area,Syd-Newc-Woll Gtr conurbation,Straight,Other bridge,,,Off,Sealed,Dry,Fine,Daylight,On,No traffic controls,60 km/h,State,21,Right through,202,Opp - Right-thru,,Other angle,Car (sedan/hatch),Motorcycle,2,0,1,1,0,8,August,Winter,Wednesday,14:00 - 15:59,Midday / afternoon,False,False,True,True
1362387,Injury,Moderate Injury,2024,2024,June,Saturday,18:00 - 19:59,THE NORTHERN,RD,0,Right on the spot,SEVENTH,AVE,LLANDILO,154.0,No,Not a school zone,T-junction,-33.704523,150.724146,Penrith,Sydney metro. area,Syd-Newc-Woll Gtr conurbation,Straight,,,,On,Sealed,Dry,Fine,Darkness,Nil,Give way sign,80 km/h,State,32,Right rear,303,Same - Rear right,,Rear end,Large rigid,Car (sedan/hatch),2,0,0,1,0,6,June,Winter,Saturday,18:00 - 19:59,PM peak / evening commute,True,False,True,True
1362390,Injury,Moderate Injury,2024,2024,August,Tuesday,14:00 - 15:59,PRINCES,HWY,750,South,ISLAND POINT,RD,TOMERONG,1.0,No,Not a school zone,2-way undivided,-35.074098,150.56329,Shoalhaven,Country urban,Rest of NSW - Urban,Straight,,,,Unknown / not stated,Sealed,Unknown,Unknown,Daylight,Nil,No traffic controls,80 km/h,State,34,Lane change right,306,Same - Lane change right,,Other angle,Light truck utility(from 2018),Unknown motor vehicle,2,0,0,1,0,8,August,Winter,Tuesday,14:00 - 15:59,Midday / afternoon,False,False,True,True
1362396,Injury,Moderate Injury,2024,2024,August,Friday,08:00 - 09:59,JOHN,ST,0,Right on the spot,LIME,ST,CABRAMATTA WEST,,No,Not a school zone,X-intersection,-33.891493,150.910545,Fairfield,Sydney metro. area,Syd-Newc-Woll Gtr conurbation,Straight,,,,Nil,Sealed,Dry,Fine,Daylight,Nil,Stop sign,50 km/h,Local,10,Cross traffic,101,Adj - Cross traffic,,Right angle,Car (sedan/hatch),Car (sedan/hatch),2,0,0,1,0,8,August,Winter,Friday,08:00 - 09:59,AM peak / school commute,True,False,True,True
1362398,Injury,Moderate Injury,2024,2024,August,Friday,18:00 - 19:59,DURHAM,RD,0,Right on the spot,NUMBER 121,HN,LAMBTON,,No,Not a school zone,2-way undivided,-32.916866,151.709687,Newcastle,Newcastle met. area,Syd-Newc-Woll Gtr conurbation,Straight,,,,Unknown / not stated,Sealed,Unknown,Unknown,Darkness,Nil,No traffic controls,50 km/h,Local,71,Off rd left => obj,703,Left off cway into object,,Other angle,4 wheel drive / SUV,Car (sedan/hatch),3,0,0,1,0,8,August,Winter,Friday,18:00 - 19:59,PM peak / evening commute,True,False,True,True
1362402,Injury,Minor/Other Injury,2024,2024,August,Tuesday,04:00 - 05:59,AVOCA,ST,50,South,BURBONG,ST,KINGSFORD,660.0,No,Not a school zone,Divided road,-33.930764,151.238244,Randwick,Sydney metro. area,Syd-Newc-Woll Gtr conurbation,Straight,,,,On,Sealed,Dry,Fine,Dawn,Nil,No traffic controls,60 km/h,State,34,Lane change right,306,Same - Lane change right,,Other angle,4 wheel drive / SUV,Motor scooter,2,0,0,0,1,8,August,Winter,Tuesday,04:00 - 05:59,Late night / early morning,False,False,True,True
1362404,Injury,Moderate Injury,2024,2024,July,Sunday,12:00 - 13:59,LAWRENCE HARGRAVE,DR,10,North,NIUMBER 4,HN,STANWELL TOPS,185.0,No,Not a school zone,2-way undivided,-34.222697,150.994177,Wollongong,Wollongong met. area,Syd-Newc-Woll Gtr conurbation,Straight,Painted double centre lines,,Other hazardous feature,Off,Sealed,Dry,Fine,Daylight,Nil,No traffic controls,60 km/h,State,20,Head on,201,Opp - Head on,,Head-on,Motorcycle,Car (sedan/hatch),2,0,0,1,0,7,July,Winter,Sunday,12:00 - 13:59,Midday / afternoon,False,False,True,True
1362405,Injury,Minor/Other Injury,2024,2024,August,Sunday,16:00 - 17:59,OLD WINDSOR,RD,0,Right on the spot,ABBOTT,RD,SEVEN HILLS,635.0,No,Not a school zone,X-intersection,-33.76575,150.958253,Blacktown,Sydney metro. area,Syd-Newc-Woll Gtr conurbation,Straight,,,,Off,Sealed,Dry,Fine,Dusk,On,No traffic controls,80 km/h,State,20,Head on,201,Opp - Head on,,Head-on,Car (sedan/hatch),Car (sedan/hatch),2,0,0,0,1,8,August,Winter,Sunday,16:00 - 17:59,PM peak / evening commute,True,False,True,True
1362406,Injury,Moderate Injury,2024,2024,August,Friday,10:00 - 11:59,CATHCART,ST,0,Right on the spot,MAGELLAN,ST,LISMORE,,No,Not a school zone,T-junction,-28.812014,153.281987,Lismore,Country urban,Rest of NSW - Urban,Straight,,,,Nil,Sealed,Dry,Fine,Daylight,Nil,No traffic controls,50 km/h,Local,11,Right far,102,Adj - Right-thru from left,,Right angle,4 wheel drive / SUV,Passenger van,2,0,0,1,0,8,August,Winter,Friday,10:00 - 11:59,Midday / afternoon,False,False,True,True
1362409,Injury,Moderate Injury,2024,2024,August,Tuesday,08:00 - 09:59,OLD NORTHERN,RD,0,Right on the spot,OLIVE,ST,BAULKHAM HILLS,160.0,No,Not a school zone,T-junction,-33.759602,150.992933,The Hills,Sydney metro. area,Syd-Newc-Woll Gtr conurbation,Straight,,,,Nil,Sealed,Dry,Fine,Daylight,On,No traffic controls,60 km/h,State,21,Right through,202,Opp - Right-thru,,Other angle,4 wheel drive / SUV,4 wheel drive / SUV,2,0,0,1,0,8,August,Winter,Tuesday,08:00 - 09:59,AM peak / school commute,True,False,True,True
1362413,Injury,Serious Injury,2024,2024,August,Wednesday,14:00 - 15:59,THE ESCORT,WAY,0,Right on the spot,KURRAJONG,RD,CUDAL,377.0,No,Not a school zone,T-junction,-33.28841,148.729363,Cabonne,Country urban,Rest of NSW - Urban,Curved,Steep grade,,,Nil,Sealed,Dry,Fine,Daylight,Nil,Give way sign,50 km/h,State,16,Left near,107,Adj - Left-thru from right,,Right angle,Semi-trailer,Motorcycle,2,0,1,0,0,8,August,Winter,Wednesday,14:00 - 15:59,Midday / afternoon,False,False,True,True
1362415,Injury,Serious Injury,2024,2024,September,Saturday,16:00 - 17:59,TWEED RANGE SCENIC,DR,1000,South,AIRDROP,RD,BORDER RANGES,,No,Not a school zone,2-way undivided,-28.399475,153.051943,Kyogle,Country non-urban,Rest of NSW - Rural,Curved,,,,Nil,Unsealed,Dry,Fine,Daylight,Nil,No traffic controls,100 km/h,Local,88,Out of cont on bend,805,Out of control on bend,,Rollover,Motorcycle,,1,0,1,0,0,9,September,Spring,Saturday,16:00 - 17:59,PM peak / evening commute,True,False,True,True
1362416,Injury,Serious Injury,2024,2024,August,Sunday,12:00 - 13:59,PACIFIC,HWY,0,Right on the spot,BOWMAN,ST,SWANSEA,10.0,No,Not a school zone,Roundabout,-33.093433,151.637605,Lake Macquarie,Newcastle met. area,Syd-Newc-Woll Gtr conurbation,Straight,,,,Off,Sealed,Dry,Fine,Daylight,Nil,Give way sign,60 km/h,State,21,Right through,202,Opp - Right-thru,,Other angle,Motorcycle,4 wheel drive / SUV,2,0,1,0,0,8,August,Winter,Sunday,12:00 - 13:59,Midday / afternoon,False,False,True,True
1362420,Injury,Moderate Injury,2024,2024,April,Tuesday,08:00 - 09:59,DARLINGHURST,RD,11,North,BURTON,ST,DARLINGHURST,,No,Not a school zone,1-way street,-33.879,151.21998,Sydney,Sydney metro. area,Syd-Newc-Woll Gtr conurbation,Straight,,,,Off,Sealed,Dry,Fine,Daylight,Nil,No traffic controls,40 km/h,Local,71,Off rd left => obj,703,Left off cway into object,,Other angle,Car (sedan/hatch),Car (sedan/hatch),2,0,0,1,0,4,April,Autumn,Tuesday,08:00 - 09:59,AM peak / school commute,True,False,True,True
1362428,Injury,Minor/Other Injury,2024,2024,September,Tuesday,12:00 - 13:59,VICTORIA,ST,0,Right on the spot,WETHERILL,ST,WETHERILL PARK,609.0,No,Not a school zone,Roundabout,-33.848094,150.918146,Fairfield,Sydney metro. area,Syd-Newc-Woll Gtr conurbation,Curved,Driveway/entrance,,,Unknown / not stated,Sealed,Dry,Fine,Daylight,Nil,Give way sign,60 km/h,State,33,Lane sideswipe,305,Same - Lane side swipe,,Other angle,4 wheel drive / SUV,Light truck utility(from 2018),2,0,0,0,1,9,September,Spring,Tuesday,12:00 - 13:59,Midday / afternoon,False,False,True,True
1362430,Injury,Moderate Injury,2024,2024,May,Thursday,06:00 - 07:59,WOLLONGONG,RD,10,West,BROE,AVE,ARNCLIFFE,,No,Not a school zone,X-intersection,-33.935647,151.143816,Bayside,Sydney metro. area,Syd-Newc-Woll Gtr conurbation,Straight,,,,Unknown / not stated,Sealed,Dry,Fine,Dawn,Nil,Ped crossing,50 km/h,Local,0,Ped nearside,1,Ped - Near side,,Vehicle - Pedestrian,Station wagon,Pedestrian,2,0,0,1,0,5,May,Autumn,Thursday,06:00 - 07:59,AM peak / school commute,True,False,True,True
1362431,Injury,Moderate Injury,2024,2024,May,Wednesday,14:00 - 15:59,MONA VALE,RD,150,West,SHOWGROUND,ENT,ST IVES,162.0,No,Not a school zone,Divided road,-33.707342,151.185097,Ku-ring-gai,Sydney metro. area,Syd-Newc-Woll Gtr conurbation,Curved,Embankment/cutting,,,Off,Sealed,Dry,Fine,Daylight,Nil,No traffic controls,90 km/h,State,85,Off rt/lft bnd=>obj,804,Off left bend into obj,Right,Vehicle - Object,Passenger van,,1,0,0,1,0,5,May,Autumn,Wednesday,14:00 - 15:59,Midday / afternoon,False,False,True,True
1362433,Injury,Minor/Other Injury,2024,2024,August,Friday,20:00 - 21:59,LAWRENCE HARGRAVE,DR,300,North,CLIFTON SCHOOL,PDE,CLIFTON,185.0,No,Not a school zone,2-way undivided,-34.257793,150.971757,Wollongong,Wollongong met. area,Syd-Newc-Woll Gtr conurbation,Curved,Steep grade,,,Unknown / not stated,Sealed,Dry,Fine,Darkness,Nil,No traffic controls,60 km/h,State,87,Off lft/lft bnd=>obj,804,Off left bend into obj,Left,Vehicle - Object,Motorcycle,,1,0,0,0,1,8,August,Winter,Friday,20:00 - 21:59,Evening / night,False,False,True,True
1362434,Injury,Moderate Injury,2024,2024,September,Wednesday,18:00 - 19:59,PRINCE ALFRED,ST,0,Right on the spot,NUMBER 5,HN,BERRY,,No,Not a school zone,2-way undivided,-34.774475,150.699177,Shoalhaven,Country urban,Rest of NSW - Urban,Straight,,,,Unknown / not stated,Sealed,Dry,Fine,Darkness,Nil,No traffic controls,50 km/h,Local,71,Off rd left => obj,703,Left off cway into object,,Vehicle - Object,4 wheel drive / SUV,,1,0,0,1,0,9,September,Spring,Wednesday,18:00 - 19:59,PM peak / evening commute,True,False,True,True
1362438,Injury,Moderate Injury,2024,2024,September,Thursday,06:00 - 07:59,PITTWATER,RD,10,North,GONDOLA,RD,NORTH NARRABEEN,164.0,No,Not a school zone,T-junction,-33.707762,151.296691,Northern Beaches,Sydney metro. area,Syd-Newc-Woll Gtr conurbation,Straight,Bus/transit lane,,,Unknown / not stated,Sealed,Dry,Fine,Daylight,On,No traffic controls,70 km/h,State,30,Rear end,301,Same - Rear end,,Rear end,4 wheel drive / SUV,Other bus,2,0,0,1,0,9,September,Spring,Thursday,06:00 - 07:59,AM peak / school commute,True,False,True,True
1362440,Injury,Serious Injury,2024,2024,September,Tuesday,16:00 - 17:59,PACIFIC,HWY,300,East,LUCCA,RD,WYONG,10.0,No,Not a school zone,2-way undivided,-33.269866,151.444616,Central Coast,Country urban,Syd-Newc-Woll Gtr conurbation,Straight,,,,Unknown / not stated,Sealed,Dry,Fine,Daylight,Nil,No traffic controls,70 km/h,State,30,Rear end,301,Same - Rear end,,Rear end,Motorcycle,Station wagon,2,0,1,0,0,9,September,Spring,Tuesday,16:00 - 17:59,PM peak / evening commute,True,False,True,True
1362442,Injury,Minor/Other Injury,2024,2024,September,Friday,12:00 - 13:59,WINDSOR,RD,0,Right on the spot,MILE END,RD,ROUSE HILL,184.0,No,Not a school zone,X-intersection,-33.684046,150.916899,The Hills,Sydney metro. area,Syd-Newc-Woll Gtr conurbation,Straight,,,,Unknown / not stated,Sealed,Dry,Fine,Daylight,On,Ped crossing,80 km/h,State,30,Rear end,301,Same - Rear end,,Rear end,4 wheel drive / SUV,Car (sedan/hatch),2,0,0,0,1,9,September,Spring,Friday,12:00 - 13:59,Midday / afternoon,False,False,True,True