crash_id,degree_of_crash,degree_of_crash_-_detailed,reporting_year,year_of_crash,month_of_crash,day_of_week_of_crash,two-hour_intervals,street_of_crash,street_type,distance,direction,identifying_feature,identifying_feature_type,town,route_no.,school_zone_location,school_zone_active,type_of_location,latitude,longitude,lga,urbanisation,conurbation_1,alignment,primary_permanent_feature,primary_temporary_feature,primary_hazardous_feature,street_lighting,road_surface,surface_condition,weather,natural_lighting,signals_operation,other_traffic_control,speed_limit,road_classification_(admin),rum_-_code,rum_-_description,dca_-_code,dca_-_description,dca_supplement,first_impact_type,key_tu_type,other_tu_type,no._of_traffic_units_involved,no._killed,no._seriously_injured,no._moderately_injured,no._minor-other_injured,month_num,month_label,season,day_label,time_label,time_band,is_peak_commute,is_fatal,is_injury,is_casualty
1362445,Injury,Moderate Injury,2024,2024,September,Saturday,10:00 - 11:59,COOGEE,ST,0,Right on the spot,COURLAND,ST,RANDWICK,,No,Not a school zone,X-intersection,-33.91637,151.247703,Randwick,Sydney metro. area,Syd-Newc-Woll Gtr conurbation,Straight,,,,Unknown / not stated,Sealed,Dry,Fine,Daylight,Nil,Stop sign,50 km/h,Local,10,Cross traffic,101,Adj - Cross traffic,,Right angle,4 wheel drive / SUV,Car (sedan/hatch),3,0,0,1,0,9,September,Spring,Saturday,10:00 - 11:59,Midday / afternoon,False,False,True,True
1362447,Injury,Minor/Other Injury,2024,2024,August,Monday,08:00 - 09:59,BURNS,RD,0,Right on the spot,ANCONA,RD,WAHROONGA,2043.0,No,Not a school zone,X-intersection,-33.715712,151.135053,Ku-ring-gai,Sydney metro. area,Syd-Newc-Woll Gtr conurbation,Straight,,,,Unknown / not stated,Sealed,Dry,Fine,Daylight,Nil,Stop sign,60 km/h,Regional,10,Cross traffic,101,Adj - Cross traffic,,Right angle,Car (sedan/hatch),Station wagon,2,0,0,0,1,8,August,Winter,Monday,08:00 - 09:59,AM peak / school commute,True,False,True,True
1362448,Injury,Minor/Other Injury,2024,2024,September,Wednesday,06:00 - 07:59,ROBERTS,RD,0,Right on the spot,AMARINA,AVE,GREENACRE,200.0,No,Not a school zone,T-junction,-33.900597,151.065146,Strathfield,Sydney metro. area,Syd-Newc-Woll Gtr conurbation,Straight,,,,Unknown / not stated,Sealed,Dry,Fine,Daylight,On,No traffic controls,70 km/h,State,30,Rear end,301,Same - Rear end,,Rear end,Car (sedan/hatch),4 wheel drive / SUV,2,0,0,0,1,9,September,Spring,Wednesday,06:00 - 07:59,AM peak / school commute,True,False,True,True
1362449,Injury,Minor/Other Injury,2024,2024,August,Thursday,16:00 - 17:59,SHEFFIELD,ST,0,Right on the spot,TREVES,ST,MERRYLANDS,,No,Not a school zone,T-junction,-33.831897,150.987683,Cumberland,Sydney metro. area,Syd-Newc-Woll Gtr conurbation,Straight,,,,Unknown / not stated,Sealed,Dry,Fine,Daylight,Nil,Give way sign,50 km/h,Local,14,2 right turning,105,Adj - Two right turning,,Right angle,4 wheel drive / SUV,Light truck,2,0,0,0,1,8,August,Winter,Thursday,16:00 - 17:59,PM peak / evening commute,True,False,True,True
1362453,Injury,Moderate Injury,2024,2024,September,Tuesday,08:00 - 09:59,THE HORSLEY,DR,0,Right on the spot,TANGERINE,ST,FAIRFIELD EAST,609.0,No,Not a school zone,T-junction,-33.876958,150.965672,Fairfield,Sydney metro. area,Syd-Newc-Woll Gtr conurbation,Straight,,,,Unknown / not stated,Sealed,Dry,Fine,Daylight,On,No traffic controls,60 km/h,State,32,Right rear,303,Same - Rear right,,Rear end,Car (sedan/hatch),Motorcycle,2,0,0,1,0,9,September,Spring,Tuesday,08:00 - 09:59,AM peak / school commute,True,False,True,True
1362454,Injury,Minor/Other Injury,2024,2024,September,Monday,06:00 - 07:59,SACKVILLE,ST,0,Right on the spot,OXLEY,ST,FAIRFIELD,7221.0,No,Not a school zone,T-junction,-33.873791,150.944946,Fairfield,Sydney metro. area,Syd-Newc-Woll Gtr conurbation,Straight,,,,Unknown / not stated,Sealed,Dry,Fine,Daylight,Nil,No traffic controls,60 km/h,Regional,21,Right through,202,Opp - Right-thru,,Other angle,Passenger van,Car (sedan/hatch),2,0,0,0,1,9,September,Spring,Monday,06:00 - 07:59,AM peak / school commute,True,False,True,True
1362455,Injury,Serious Injury,2024,2024,September,Tuesday,14:00 - 15:59,BURROWS,RD,0,Right on the spot,LOGAN,RD,NORTH ALBURY,,Yes,No,Roundabout,-36.055815,146.916335,Albury,Country urban,Rest of NSW - Urban,Straight,,,,Unknown / not stated,Sealed,Dry,Fine,Daylight,Nil,Give way sign,60 km/h,Local,10,Cross traffic,101,Adj - Cross traffic,,Right angle,Light truck utility(from 2018),Car (sedan/hatch),2,0,1,0,0,9,September,Spring,Tuesday,14:00 - 15:59,Midday / afternoon,False,False,True,True
1362460,Injury,Minor/Other Injury,2024,2024,August,Wednesday,14:00 - 15:59,PARK,ST,0,Right on the spot,STAPLES,ST,KINGSGROVE,,No,Not a school zone,X-intersection,-33.944576,151.10841,Bayside,Sydney metro. area,Syd-Newc-Woll Gtr conurbation,Straight,,,,Unknown / not stated,Sealed,Dry,Fine,Daylight,Nil,Give way sign,50 km/h,Local,10,Cross traffic,101,Adj - Cross traffic,,Right angle,Car (sedan/hatch),Car (sedan/hatch),2,0,0,0,1,8,August,Winter,Wednesday,14:00 - 15:59,Midday / afternoon,False,False,True,True
1362461,Injury,Moderate Injury,2024,2024,September,Monday,20:00 - 21:59,ROBERTS,RD,180,South,PELMAN,AVE,GREENACRE,200.0,No,Not a school zone,Divided road,-33.914194,151.062901,Canterbury-Bankstown,Sydney metro. area,Syd-Newc-Woll Gtr conurbation,Straight,,,,Unknown / not stated,Sealed,Dry,Fine,Darkness,Nil,No traffic controls,60 km/h,State,35,Lane change left,307,Same - Lane change left,,Other angle,Semi-trailer,Car (sedan/hatch),3,0,0,1,1,9,September,Spring,Monday,20:00 - 21:59,Evening / night,False,False,True,True
1362463,Injury,Moderate Injury,2024,2024,September,Wednesday,06:00 - 07:59,PARK,RD,0,Right on the spot,PINE,ST,RYDALMERE,,No,Not a school zone,Roundabout,-33.811235,151.041968,Parramatta,Sydney metro. area,Syd-Newc-Woll Gtr conurbation,Straight,,,,Unknown / not stated,Unsealed,Dry,Fine,Dawn,Nil,Give way sign,50 km/h,Local,71,Off rd left => obj,703,Left off cway into object,,Vehicle - Object,4 wheel drive / SUV,,1,0,0,1,0,9,September,Spring,Wednesday,06:00 - 07:59,AM peak / school commute,True,False,True,True
1362466,Injury,Minor/Other Injury,2024,2024,September,Friday,14:00 - 15:59,SOUTHERN,EXP,2000,North,BERKELEY ROAD,OP,SPRING HILL,6006.0,No,Not a school zone,Dual freeway,-34.445877,150.860923,Wollongong,Wollongong met. area,Syd-Newc-Woll Gtr conurbation,Straight,,,,Unknown / not stated,Sealed,Dry,Fine,Daylight,Nil,No traffic controls,100 km/h,State,30,Rear end,301,Same - Rear end,,Rear end,Light truck utility(from 2018),Light truck utility(from 2018),2,0,0,0,1,9,September,Spring,Friday,14:00 - 15:59,Midday / afternoon,False,False,True,True
1362472,Injury,Moderate Injury,2024,2024,September,Thursday,16:00 - 17:59,KENELDA,AVE,0,Right on the spot,NUMBER 18,HN,GUILDFORD,,No,Not a school zone,2-way undivided,-33.848959,150.999493,Cumberland,Sydney metro. area,Syd-Newc-Woll Gtr conurbation,Straight,,,,Unknown / not stated,Sealed,Dry,Fine,Daylight,Nil,No traffic controls,50 km/h,Local,40,U turn,207,Opp - U-turn,,Other angle,Light truck utility(from 2018),Light truck utility(from 2018),2,0,0,1,0,9,September,Spring,Thursday,16:00 - 17:59,PM peak / evening commute,True,False,True,True
1362474,Injury,Moderate Injury,2024,2024,June,Wednesday,16:00 - 17:59,PITT,ST,0,Right on the spot,BIRMINGHAM,ST,MERRYLANDS,2098.0,No,Not a school zone,T-junction,-33.831112,150.992967,Cumberland,Sydney metro. area,Syd-Newc-Woll Gtr conurbation,Straight,,,,Unknown / not stated,Sealed,Dry,Fine,Daylight,Nil,No traffic controls,60 km/h,Regional,30,Rear end,301,Same - Rear end,,Rear end,4 wheel drive / SUV,Car (sedan/hatch),2,0,0,2,0,6,June,Winter,Wednesday,16:00 - 17:59,PM peak / evening commute,True,False,True,True
1362477,Injury,Minor/Other Injury,2024,2024,September,Thursday,00:01 - 01:59,WESTERN,EXP,87,East,HILL ROAD,OP,LIDCOMBE,6004.0,No,Not a school zone,Dual freeway,-33.850636,151.054716,Cumberland,Sydney metro. area,Syd-Newc-Woll Gtr conurbation,Straight,,,,Unknown / not stated,Sealed,Dry,Fine,Darkness,Nil,No traffic controls,40 km/h,State,69,Other on path,600,On path - Other,,Unknown,4 wheel drive / SUV,Large rigid,2,0,0,0,1,9,September,Spring,Thursday,00:01 - 01:59,Late night / early morning,False,False,True,True
1362479,Injury,Minor/Other Injury,2024,2024,September,Tuesday,08:00 - 09:59,ELIZABETH,DR,0,Right on the spot,BONNYRIGG,AVE,BONNYRIGG,535.0,No,Not a school zone,T-junction,-33.890476,150.884956,Fairfield,Sydney metro. area,Syd-Newc-Woll Gtr conurbation,Straight,,,,Unknown / not stated,Sealed,Dry,Fine,Daylight,Off,No traffic controls,70 km/h,State,30,Rear end,301,Same - Rear end,,Rear end,Large rigid,4 wheel drive / SUV,2,0,0,0,1,9,September,Spring,Tuesday,08:00 - 09:59,AM peak / school commute,True,False,True,True
1362481,Injury,Moderate Injury,2024,2024,August,Tuesday,14:00 - 15:59,TORONTO,RD,10,South,ENTERPRISE,WAY,WOODRISING,217.0,No,Not a school zone,T-junction,-32.982277,151.603324,Lake Macquarie,Newcastle met. area,Syd-Newc-Woll Gtr conurbation,Straight,,,,Unknown / not stated,Sealed,Dry,Fine,Daylight,On,No traffic controls,80 km/h,State,30,Rear end,301,Same - Rear end,,Rear end,Car (sedan/hatch),Car (sedan/hatch),2,0,0,1,1,8,August,Winter,Tuesday,14:00 - 15:59,Midday / afternoon,False,False,True,True
1362486,Injury,Moderate Injury,2024,2024,June,Sunday,12:00 - 13:59,GANNONS,RD,0,Right on the spot,NUMBER 33-37,HN,CARINGBAH,7031.0,No,Not a school zone,2-way undivided,-34.041882,151.133661,Sutherland,Sydney metro. area,Syd-Newc-Woll Gtr conurbation,Straight,Driveway/entrance,,,Unknown / not stated,Sealed,Dry,Fine,Daylight,Nil,No traffic controls,50 km/h,Regional,47,Emerging from drive,406,Manov - Emerging from driveway,,Right angle,4 wheel drive / SUV,4 wheel drive / SUV,2,0,0,1,0,6,June,Winter,Sunday,12:00 - 13:59,Midday / afternoon,False,False,True,True
1362489,Injury,Minor/Other Injury,2024,2024,September,Wednesday,14:00 - 15:59,MARSH,ST,0,Right on the spot,SOUTH WESTERN,EXP,ARNCLIFFE,168.0,No,Not a school zone,T-junction,-33.937672,151.153055,Bayside,Sydney metro. area,Syd-Newc-Woll Gtr conurbation,Straight,Other bridge,,,Unknown / not stated,Sealed,Dry,Fine,Daylight,On,No traffic controls,60 km/h,State,30,Rear end,301,Same - Rear end,,Rear end,4 wheel drive / SUV,4 wheel drive / SUV,2,0,0,0,1,9,September,Spring,Wednesday,14:00 - 15:59,Midday / afternoon,False,False,True,True
1362492,Injury,Serious Injury,2024,2024,September,Wednesday,08:00 - 09:59,GLEN LEGH,RD,3000,North,MT MITCHELL,RD,MOUNT MITCHELL,,No,Not a school zone,2-way undivided,-29.908613,151.809291,Glen Innes Severn,Country non-urban,Rest of NSW - Rural,Curved,Embankment/cutting,,,Unknown / not stated,Unsealed,Dry,Fine,Daylight,Nil,No traffic controls,100 km/h,Local,80,Off left/right bend,801,Off cway right bend,Left,Rollover,Light truck utility(from 2018),,1,0,1,0,0,9,September,Spring,Wednesday,08:00 - 09:59,AM peak / school commute,True,False,True,True
1362493,Injury,Minor/Other Injury,2024,2024,August,Thursday,10:00 - 11:59,ALLOWRIE,ST,0,Right on the spot,MINNAMURRA,LANE,JAMBEROO,264.0,No,Not a school zone,X-intersection,-34.648987,150.779925,Kiama,Country urban,Rest of NSW - Urban,Straight,,,,Unknown / not stated,Sealed,Dry,Fine,Daylight,Nil,Stop sign,50 km/h,Regional,32,Right rear,303,Same - Rear right,,Rear end,Motorcycle,Tractor,2,0,0,0,1,8,August,Winter,Thursday,10:00 - 11:59,Midday / afternoon,False,False,True,True
1362494,Injury,Moderate Injury,2024,2024,September,Tuesday,08:00 - 09:59,LAMBTON,RD,0,Right on the spot,OXLEY,RD,WARATAH,188.0,No,Not a school zone,T-junction,-32.908434,151.718102,Newcastle,Newcastle met. area,Syd-Newc-Woll Gtr conurbation,Straight,,,,Unknown / not stated,Sealed,Dry,Fine,Daylight,Nil,No traffic controls,60 km/h,Regional,13,Right near,104,Adj - Right-thru from right,,Right angle,Car (sedan/hatch),Light truck utility(from 2018),2,0,0,1,0,9,September,Spring,Tuesday,08:00 - 09:59,AM peak / school commute,True,False,True,True
1362496,Injury,Moderate Injury,2024,2024,August,Saturday,10:00 - 11:59,GREENWELL POINT,RD,0,Right on the spot,OLD SOUTHERN,RD,NOWRA,7632.0,No,Not a school zone,T-junction,-34.889785,150.62185,Shoalhaven,Country urban,Rest of NSW - Urban,Straight,,,,Unknown / not stated,Sealed,Dry,Fine,Daylight,Nil,Stop sign,70 km/h,Regional,30,Rear end,301,Same - Rear end,,Rear end,Light truck utility(from 2018),Car (sedan/hatch),2,0,0,1,0,8,August,Winter,Saturday,10:00 - 11:59,Midday / afternoon,False,False,True,True
1362498,Injury,Serious Injury,2024,2024,July,Tuesday,06:00 - 07:59,FRAGAR,RD,0,Right on the spot,MAXWELL,ST,SOUTH PENRITH,,No,Not a school zone,Roundabout,-33.774989,150.706352,Penrith,Sydney metro. area,Syd-Newc-Woll Gtr conurbation,Straight,,,,Nil,Sealed,Dry,Fine,Dawn,Nil,Give way sign,50 km/h,Local,10,Cross traffic,101,Adj - Cross traffic,,Right angle,Car (sedan/hatch),Light truck,2,0,1,0,0,7,July,Winter,Tuesday,06:00 - 07:59,AM peak / school commute,True,False,True,True
1362499,Injury,Minor/Other Injury,2024,2024,August,Thursday,14:00 - 15:59,WINDSOR,RD,0,Right on the spot,SCHOFIELDS,RD,ROUSE HILL,184.0,No,Not a school zone,X-intersection,-33.690433,150.92216,Blacktown,Sydney metro. area,Syd-Newc-Woll Gtr conurbation,Straight,,,,Unknown / not stated,Unsealed,Wet,Fine,Daylight,Off,No traffic controls,80 km/h,State,79,Other straight,700,Other straight,,Unknown,Car (sedan/hatch),,1,0,0,0,1,8,August,Winter,Thursday,14:00 - 15:59,Midday / afternoon,False,False,True,True
1362502,Injury,Moderate Injury,2024,2024,July,Wednesday,06:00 - 07:59,TERRIGAL,DR,0,Right on the spot,CHARLES KAY,DR,TERRIGAL,505.0,No,Not a school zone,T-junction,-33.439127,151.428034,Central Coast,Country urban,Syd-Newc-Woll Gtr conurbation,Straight,,,,Unknown / not stated,Sealed,Dry,Fine,Dawn,On,No traffic controls,60 km/h,State,11,Right far,102,Adj - Right-thru from left,,Right angle,Light truck utility(from 2018),4 wheel drive / SUV,2,0,0,1,0,7,July,Winter,Wednesday,06:00 - 07:59,AM peak / school commute,True,False,True,True
1362505,Injury,Moderate Injury,2024,2024,September,Sunday,10:00 - 11:59,SHEPHERDS,RD,30,West,CREEK RIDGE,RD,FREEMANS REACH,,No,Not a school zone,2-way undivided,-33.545404,150.794599,Hawkesbury,Country urban,Syd-Newc-Woll Gtr conurbation,Straight,,,,Unknown / not stated,Sealed,Dry,Fine,Daylight,Nil,No traffic controls,80 km/h,Local,20,Head on,201,Opp - Head on,,Head-on,Car (sedan/hatch),Car (sedan/hatch),2,0,0,1,1,9,September,Spring,Sunday,10:00 - 11:59,Midday / afternoon,False,False,True,True
1362506,Injury,Moderate Injury,2024,2024,August,Wednesday,10:00 - 11:59,THE HORSLEY,DR,0,Right on the spot,HASSALL,ST,SMITHFIELD,2105.0,No,Not a school zone,X-intersection,-33.850836,150.922233,Fairfield,Sydney metro. area,Syd-Newc-Woll Gtr conurbation,Straight,,,,Unknown / not stated,Sealed,Wet,Raining,Daylight,On,No traffic controls,60 km/h,Regional,32,Right rear,303,Same - Rear right,,Rear end,Passenger van,Light truck utility(from 2018),2,0,0,1,0,8,August,Winter,Wednesday,10:00 - 11:59,Midday / afternoon,False,False,True,True
1362507,Injury,Minor/Other Injury,2024,2024,September,Monday,20:00 - 21:59,LONDONDERRY,RD,0,Right on the spot,NUMBER 492,HN,LONDONDERRY,630.0,No,Not a school zone,2-way undivided,-33.643088,150.73613,Penrith,Sydney metro. area,Syd-Newc-Woll Gtr conurbation,Straight,,,,Unknown / not stated,Sealed,Dry,Fine,Darkness,Nil,No traffic controls,60 km/h,State,71,Off rd left => obj,703,Left off cway into object,,Other angle,Light truck utility(from 2018),Car (sedan/hatch),2,0,0,0,1,9,September,Spring,Monday,20:00 - 21:59,Evening / night,False,False,True,True
1362508,Injury,Minor/Other Injury,2024,2024,September,Thursday,08:00 - 09:59,EPPING,RD,350,West,ORION,RD,LANE COVE NORTH,373.0,No,Not a school zone,Divided road,-33.805002,151.149955,Lane Cove,Sydney metro. area,Syd-Newc-Woll Gtr conurbation,Curved,,,,Unknown / not stated,Sealed,Dry,Fine,Daylight,Nil,No traffic controls,70 km/h,State,30,Rear end,301,Same - Rear end,,Rear end,Car (sedan/hatch),Car (sedan/hatch),3,0,0,0,1,9,September,Spring,Thursday,08:00 - 09:59,AM peak / school commute,True,False,True,True
1362509,Injury,Minor/Other Injury,2024,2024,August,Monday,18:00 - 19:59,PRINCES,HWY,30,South,WILSON,ST,NEWTOWN,1.0,No,Not a school zone,2-way undivided,-33.897454,151.178961,Inner West,Sydney metro. area,Syd-Newc-Woll Gtr conurbation,Straight,Bus stop,,,Unknown / not stated,Sealed,Dry,Fine,Darkness,Nil,No traffic controls,40 km/h,State,90,Fell in/from vehicle,901,Fell in/from vehicle,,Person - Object,Other bus,,1,0,0,0,1,8,August,Winter,Monday,18:00 - 19:59,PM peak / evening commute,True,False,True,True
1362513,Injury,Minor/Other Injury,2024,2024,September,Thursday,18:00 - 19:59,HUME,HWY,0,Right on the spot,REILLY,ST,LIVERPOOL,2.0,No,Not a school zone,X-intersection,-33.934569,150.915777,Liverpool,Sydney metro. area,Syd-Newc-Woll Gtr conurbation,Straight,,,,Unknown / not stated,Sealed,Dry,Fine,Darkness,On,No traffic controls,60 km/h,State,30,Rear end,301,Same - Rear end,,Rear end,4 wheel drive / SUV,Car (sedan/hatch),2,0,0,0,1,9,September,Spring,Thursday,18:00 - 19:59,PM peak / evening commute,True,False,True,True
1362514,Injury,Minor/Other Injury,2024,2024,September,Friday,12:00 - 13:59,HALL,ST,0,Right on the spot,NUMBER 19,HN,AUBURN,,No,Not a school zone,2-way undivided,-33.847772,151.036029,Cumberland,Sydney metro. area,Syd-Newc-Woll Gtr conurbation,Straight,Driveway/entrance,,,Unknown / not stated,Sealed,Dry,Fine,Daylight,Nil,No traffic controls,50 km/h,Local,32,Right rear,303,Same - Rear right,,Rear end,Car (sedan/hatch),Car (sedan/hatch),2,0,0,0,1,9,September,Spring,Friday,12:00 - 13:59,Midday / afternoon,False,False,True,True
1362515,Injury,Minor/Other Injury,2024,2024,May,Monday,16:00 - 17:59,M2 HILLS,EXP,200,West,M7 WESTLINK EXPRESSWAY,TO,BAULKHAM HILLS,6002.0,No,Not a school zone,Dual freeway,-33.766492,150.963995,The Hills,Sydney metro. area,Syd-Newc-Woll Gtr conurbation,Curved,,,,Unknown / not stated,Sealed,Dry,Fine,Daylight,Nil,No traffic controls,60 km/h,State,30,Rear end,301,Same - Rear end,,Rear end,Light truck utility(from 2018),Car (sedan/hatch),2,0,0,0,1,5,May,Autumn,Monday,16:00 - 17:59,PM peak / evening commute,True,False,True,True
1362518,Injury,Minor/Other Injury,2024,2024,August,Tuesday,16:00 - 17:59,SHACKEL,AVE,0,Right on the spot,NUMBER 7-9,HN,BROOKVALE,,No,Not a school zone,2-way undivided,-33.757884,151.276886,Northern Beaches,Sydney metro. area,Syd-Newc-Woll Gtr conurbation,Straight,,,,Unknown / not stated,Sealed,Dry,Fine,Daylight,Nil,No traffic controls,50 km/h,Local,42,Leaving parking,401,Manov - Leaving parking,,Other angle,Car (sedan/hatch),Motorcycle,2,0,0,0,1,8,August,Winter,Tuesday,16:00 - 17:59,PM peak / evening commute,True,False,True,True
1362523,Injury,Moderate Injury,2024,2024,September,Monday,04:00 - 05:59,NEWCASTLE,EXP,1000,North,MOTORWAY LINK,OP,BUSHELLS RIDGE,6003.0,No,Not a school zone,Dual freeway,-33.208466,151.454824,Central Coast,Country non-urban,Syd-Newc-Woll Gtr conurbation,Straight,,,,Unknown / not stated,Sealed,Dry,Fine,Darkness,Nil,No traffic controls,110 km/h,State,71,Off rd left => obj,703,Left off cway into object,,Vehicle - Object,Car (sedan/hatch),,1,0,0,1,0,9,September,Spring,Monday,04:00 - 05:59,Late night / early morning,False,False,True,True
1362524,Injury,Minor/Other Injury,2024,2024,February,Monday,06:00 - 07:59,SOUTH WESTERN,EXP,1000,West,HEATHCOTE ROAD,OP,MOOREBANK,6005.0,No,Not a school zone,Dual freeway,-33.94068,150.931744,Liverpool,Sydney metro. area,Syd-Newc-Woll Gtr conurbation,Straight,,,,Unknown / not stated,Sealed,Dry,Fine,Daylight,Nil,No traffic controls,100 km/h,State,30,Rear end,301,Same - Rear end,,Rear end,Large rigid,Semi-trailer,2,0,0,0,1,2,February,Summer,Monday,06:00 - 07:59,AM peak / school commute,True,False,True,True
1362527,Injury,Minor/Other Injury,2024,2024,August,Wednesday,08:00 - 09:59,PACIFIC,HWY,0,Right on the spot,MASONITE,RD,HEATHERBRAE,10.0,No,Not a school zone,Roundabout,-32.781706,151.739358,Port Stephens,Country urban,Rest of NSW - Urban,Straight,,,,Unknown / not stated,Sealed,Dry,Fine,Daylight,Nil,Give way sign,70 km/h,State,30,Rear end,301,Same - Rear end,,Rear end,Large rigid,Station wagon,2,0,0,0,1,8,August,Winter,Wednesday,08:00 - 09:59,AM peak / school commute,True,False,True,True
1362529,Injury,Moderate Injury,2024,2024,September,Wednesday,18:00 - 19:59,GIPPS,ST,0,Right on the spot,BROUGHTON,ST,CONCORD,649.0,No,Not a school zone,X-intersection,-33.864973,151.103778,Canada Bay,Sydney metro. area,Syd-Newc-Woll Gtr conurbation,Straight,,,,Unknown / not stated,Sealed,Dry,Fine,Darkness,On,No traffic controls,60 km/h,State,30,Rear end,301,Same - Rear end,,Rear end,Passenger van,Car (sedan/hatch),4,0,0,1,0,9,September,Spring,Wednesday,18:00 - 19:59,PM peak / evening commute,True,False,True,True
1362531,Injury,Serious Injury,2024,2024,September,Thursday,12:00 - 13:59,KURRAJONG,CRES,0,Right on the spot,LAKE CONJOLA ENTRANCE,RD,CONJOLA PARK,,No,Not a school zone,T-junction,-35.261548,150.433961,Shoalhaven,Country urban,Rest of NSW - Urban,Curved,,,,Unknown / not stated,Sealed,Wet,Raining,Daylight,Nil,No traffic controls,60 km/h,Local,81,Off left/rt bnd=>obj,803,Off right bend into obj,Left,Vehicle - Object,Car (sedan/hatch),,1,0,1,0,0,9,September,Spring,Thursday,12:00 - 13:59,Midday / afternoon,False,False,True,True
1362532,Injury,Minor/Other Injury,2024,2024,September,Wednesday,20:00 - 21:59,CAMDEN VALLEY,WAY,0,Right on the spot,CORFIELD,RD,EDMONDSON PARK,620.0,No,Not a school zone,X-intersection,-33.953238,150.856048,Liverpool,Sydney metro. area,Syd-Newc-Woll Gtr conurbation,Straight,,,,Unknown / not stated,Sealed,Dry,Fine,Darkness,On,No traffic controls,70 km/h,State,30,Rear end,301,Same - Rear end,,Rear end,Light truck utility(from 2018),Car (sedan/hatch),2,0,0,0,1,9,September,Spring,Wednesday,20:00 - 21:59,Evening / night,False,False,True,True
1362533,Injury,Minor/Other Injury,2024,2024,July,Saturday,18:00 - 19:59,CLEVELAND,ST,20,West,CROWN,ST,SURRY HILLS,330.0,No,Not a school zone,2-way undivided,-33.891513,151.212507,Sydney,Sydney metro. area,Syd-Newc-Woll Gtr conurbation,Straight,,,,On,Sealed,Dry,Fine,Darkness,Nil,No traffic controls,50 km/h,State,35,Lane change left,307,Same - Lane change left,,Other angle,Car (sedan/hatch),Motor scooter,2,0,0,0,1,7,July,Winter,Saturday,18:00 - 19:59,PM peak / evening commute,True,False,True,True
1362534,Injury,Moderate Injury,2024,2024,September,Thursday,10:00 - 11:59,BRUXNER,HWY,20,West,AUCKRAMS,RD,IRVINGTON,16.0,No,Not a school zone,2-way undivided,-28.868715,153.106185,Richmond Valley,Country non-urban,Rest of NSW - Rural,Straight,,,,Unknown / not stated,Sealed,Dry,Fine,Daylight,Nil,No traffic controls,100 km/h,State,59,Other overtaking,500,Ovtak - other,,Other angle,Car (sedan/hatch),,1,0,0,1,0,9,September,Spring,Thursday,10:00 - 11:59,Midday / afternoon,False,False,True,True
1362536,Injury,Minor/Other Injury,2024,2024,September,Wednesday,06:00 - 07:59,CAMPBELLTOWN,RD,300,North,BORNEO,ST,EDMONDSON PARK,177.0,No,Not a school zone,2-way undivided,-33.971308,150.86605,Liverpool,Sydney metro. area,Syd-Newc-Woll Gtr conurbation,Straight,,,,Unknown / not stated,Sealed,Dry,Fine,Daylight,Nil,No traffic controls,80 km/h,State,30,Rear end,301,Same - Rear end,,Rear end,Light truck utility(from 2018),Car (sedan/hatch),2,0,0,0,1,9,September,Spring,Wednesday,06:00 - 07:59,AM peak / school commute,True,False,True,True
1362538,Injury,Moderate Injury,2024,2024,August,Thursday,08:00 - 09:59,GREAT WESTERN,HWY,300,East,WEEMALA,AVE,FAULCONBRIDGE,5.0,No,Not a school zone,Divided road,-33.71236,150.519987,Blue Mountains,Country urban,Syd-Newc-Woll Gtr conurbation,Curved,Driveway/entrance,,,Off,Sealed,Dry,Fine,Daylight,Nil,Stop sign,80 km/h,State,47,Emerging from drive,406,Manov - Emerging from driveway,,Right angle,Car (sedan/hatch),Car (sedan/hatch),2,0,0,2,0,8,August,Winter,Thursday,08:00 - 09:59,AM peak / school commute,True,False,True,True
1362543,Injury,Moderate Injury,2024,2024,September,Wednesday,14:00 - 15:59,KAMILAROI,HWY,0,Right on the spot,BARWON,ST,BREWARRINA,29.0,No,Not a school zone,X-intersection,-29.960637,146.861443,Brewarrina,Country urban,Rest of NSW - Urban,Curved,Foot/cycle path/nature strip,,,Unknown / not stated,Sealed,Dry,Fine,Daylight,Nil,No traffic controls,50 km/h,State,85,Off rt/lft bnd=>obj,804,Off left bend into obj,Right,Vehicle - Object,Light truck utility(from 2018),,1,0,0,1,0,9,September,Spring,Wednesday,14:00 - 15:59,Midday / afternoon,False,False,True,True
1362546,Injury,Moderate Injury,2024,2024,August,Saturday,14:00 - 15:59,CARTWRIGHT,AVE,10,North,HOXTON PARK,RD,CARTWRIGHT,681.0,No,Not a school zone,T-junction,-33.927283,150.890566,Liverpool,Sydney metro. area,Syd-Newc-Woll Gtr conurbation,Straight,Steep grade,,,Unknown / not stated,Sealed,Dry,Fine,Daylight,On,No traffic controls,50 km/h,State,30,Rear end,301,Same - Rear end,,Rear end,Passenger van,Unknown motor vehicle,4,0,0,1,0,8,August,Winter,Saturday,14:00 - 15:59,Midday / afternoon,False,False,True,True