crash_id,degree_of_crash,degree_of_crash_-_detailed,reporting_year,year_of_crash,month_of_crash,day_of_week_of_crash,two-hour_intervals,street_of_crash,street_type,distance,direction,identifying_feature,identifying_feature_type,town,route_no.,school_zone_location,school_zone_active,type_of_location,latitude,longitude,lga,urbanisation,conurbation_1,alignment,primary_permanent_feature,primary_temporary_feature,primary_hazardous_feature,street_lighting,road_surface,surface_condition,weather,natural_lighting,signals_operation,other_traffic_control,speed_limit,road_classification_(admin),rum_-_code,rum_-_description,dca_-_code,dca_-_description,dca_supplement,first_impact_type,key_tu_type,other_tu_type,no._of_traffic_units_involved,no._killed,no._seriously_injured,no._moderately_injured,no._minor-other_injured,month_num,month_label,season,day_label,time_label,time_band,is_peak_commute,is_fatal,is_injury,is_casualty
1362554,Injury,Moderate Injury,2024,2024,September,Friday,06:00 - 07:59,HAY,ST,0,Right on the spot,PITT,ST,HAYMARKET,,No,Not a school zone,T-junction,-33.88007,151.206876,Sydney,Sydney metro. area,Syd-Newc-Woll Gtr conurbation,Straight,,,,Unknown / not stated,Sealed,Dry,Fine,Daylight,On,No traffic controls,40 km/h,Local,10,Cross traffic,101,Adj - Cross traffic,,Right angle,Tram,Large rigid,2,0,0,1,0,9,September,Spring,Friday,06:00 - 07:59,AM peak / school commute,True,False,True,True
1362555,Injury,Minor/Other Injury,2024,2024,September,Tuesday,18:00 - 19:59,WENTWORTH,AVE,0,Right on the spot,SUTHERLAND,ST,MASCOT,344.0,No,Not a school zone,T-junction,-33.933967,151.199251,Bayside,Sydney metro. area,Syd-Newc-Woll Gtr conurbation,Curved,,,,On,Sealed,Dry,Fine,Darkness,On,No traffic controls,60 km/h,State,21,Right through,202,Opp - Right-thru,,Other angle,Car (sedan/hatch),Car (sedan/hatch),2,0,0,0,1,9,September,Spring,Tuesday,18:00 - 19:59,PM peak / evening commute,True,False,True,True
1362557,Injury,Serious Injury,2024,2024,July,Saturday,14:00 - 15:59,RAILWAY,PDE,0,Right on the spot,BURWOOD PLAZA,OT,BURWOOD,2027.0,No,Not a school zone,Divided road,-33.877226,151.102281,Burwood,Sydney metro. area,Syd-Newc-Woll Gtr conurbation,Straight,,,,Off,Sealed,Dry,Fine,Daylight,Nil,No traffic controls,40 km/h,Regional,0,Ped nearside,1,Ped - Near side,,Vehicle - Pedestrian,4 wheel drive / SUV,Pedestrian,2,0,1,0,0,7,July,Winter,Saturday,14:00 - 15:59,Midday / afternoon,False,False,True,True
1362558,Injury,Minor/Other Injury,2024,2024,September,Monday,18:00 - 19:59,ADDERTON,RD,0,Right on the spot,MEDCO SERVICE STATION,ENT,CARLINGFORD,,No,Not a school zone,2-way undivided,-33.784909,151.043815,Parramatta,Sydney metro. area,Syd-Newc-Woll Gtr conurbation,Straight,Driveway/entrance,,,Unknown / not stated,Sealed,Dry,Fine,Darkness,On,No traffic controls,50 km/h,Local,47,Emerging from drive,406,Manov - Emerging from driveway,,Right angle,Car (sedan/hatch),4 wheel drive / SUV,2,0,0,0,1,9,September,Spring,Monday,18:00 - 19:59,PM peak / evening commute,True,False,True,True
1362560,Injury,Minor/Other Injury,2024,2024,September,Friday,14:00 - 15:59,WINDSOR,RD,0,Right on the spot,NUMNBER 255,HN,BAULKHAM HILLS,184.0,No,Not a school zone,2-way undivided,-33.769097,150.999792,Parramatta,Sydney metro. area,Syd-Newc-Woll Gtr conurbation,Straight,,,,Unknown / not stated,Sealed,Dry,Fine,Daylight,Nil,No traffic controls,60 km/h,State,30,Rear end,301,Same - Rear end,,Rear end,Car (sedan/hatch),Car (sedan/hatch),2,0,0,0,2,9,September,Spring,Friday,14:00 - 15:59,Midday / afternoon,False,False,True,True
1362561,Injury,Moderate Injury,2024,2024,September,Monday,08:00 - 09:59,EASTERN VALLEY,WAY,30,South,SMITH,ST,MIDDLE COVE,599.0,No,Not a school zone,Divided road,-33.786036,151.201187,Willoughby,Sydney metro. area,Syd-Newc-Woll Gtr conurbation,Straight,,,,Unknown / not stated,Sealed,Dry,Fine,Daylight,Nil,No traffic controls,60 km/h,State,30,Rear end,301,Same - Rear end,,Rear end,Light truck utility(from 2018),4 wheel drive / SUV,4,0,0,1,0,9,September,Spring,Monday,08:00 - 09:59,AM peak / school commute,True,False,True,True
1362564,Injury,Minor/Other Injury,2024,2024,August,Thursday,10:00 - 11:59,CONDAMINE,ST,0,Right on the spot,NUMBER 389,HN,ALLAMBIE HEIGHTS,164.0,No,Not a school zone,Divided road,-33.776173,151.266588,Northern Beaches,Sydney metro. area,Syd-Newc-Woll Gtr conurbation,Straight,,,,Unknown / not stated,Sealed,Dry,Fine,Daylight,Nil,No traffic controls,60 km/h,State,30,Rear end,301,Same - Rear end,,Rear end,4 wheel drive / SUV,Light truck,3,0,0,0,1,8,August,Winter,Thursday,10:00 - 11:59,Midday / afternoon,False,False,True,True
1362567,Injury,Minor/Other Injury,2024,2024,August,Sunday,12:00 - 13:59,MARRICKVILLE,RD,0,Right on the spot,GARNERS,AVE,MARRICKVILLE,2021.0,No,Not a school zone,T-junction,-33.911222,151.157831,Inner West,Sydney metro. area,Syd-Newc-Woll Gtr conurbation,Straight,,,,Unknown / not stated,Sealed,Dry,Overcast,Daylight,Nil,Give way sign,40 km/h,Regional,10,Cross traffic,101,Adj - Cross traffic,,Right angle,Car (sedan/hatch),4 wheel drive / SUV,2,0,0,0,1,8,August,Winter,Sunday,12:00 - 13:59,Midday / afternoon,False,False,True,True
1362570,Injury,Minor/Other Injury,2024,2024,September,Saturday,04:00 - 05:59,PACIFIC,HWY,160,North,EASTERN BOUNDARY,TRL,MIDDLE BROTHER,10.0,No,Not a school zone,Divided road,-31.687725,152.734746,Port Macquarie-Hastings,Country non-urban,Rest of NSW - Rural,Curved,,,,Unknown / not stated,Sealed,Dry,Fine,Dawn,Nil,No traffic controls,110 km/h,State,85,Off rt/lft bnd=>obj,804,Off left bend into obj,Right,Vehicle - Object,Light truck utility(from 2018),,1,0,0,0,1,9,September,Spring,Saturday,04:00 - 05:59,Late night / early morning,False,False,True,True
1362571,Injury,Moderate Injury,2024,2024,August,Wednesday,10:00 - 11:59,CHURCH,ST,0,Right on the spot,WADE,AVE,LEETON,,No,Not a school zone,T-junction,-34.554078,146.403751,Leeton,Country urban,Rest of NSW - Urban,Straight,,,,Unknown / not stated,Sealed,Dry,Fine,Daylight,Nil,Give way sign,50 km/h,Local,14,2 right turning,105,Adj - Two right turning,,Right angle,Car (sedan/hatch),Station wagon,2,0,0,1,0,8,August,Winter,Wednesday,10:00 - 11:59,Midday / afternoon,False,False,True,True
1362572,Injury,Minor/Other Injury,2024,2024,August,Thursday,16:00 - 17:59,BEXLEY,RD,0,Right on the spot,POOLE,ST,KINGSGROVE,169.0,No,Not a school zone,T-junction,-33.934305,151.110425,Canterbury-Bankstown,Sydney metro. area,Syd-Newc-Woll Gtr conurbation,Straight,,,,Unknown / not stated,Sealed,Dry,Fine,Daylight,Nil,Stop sign,60 km/h,State,13,Right near,104,Adj - Right-thru from right,,Right angle,Car (sedan/hatch),Motorcycle,2,0,0,0,1,8,August,Winter,Thursday,16:00 - 17:59,PM peak / evening commute,True,False,True,True
1362573,Injury,Moderate Injury,2024,2024,August,Friday,10:00 - 11:59,COWPASTURE,RD,0,Right on the spot,EDENSOR,RD,EDENSOR PARK,648.0,No,Not a school zone,T-junction,-33.877581,150.867901,Fairfield,Sydney metro. area,Syd-Newc-Woll Gtr conurbation,Straight,,,,Unknown / not stated,Sealed,Dry,Fine,Daylight,Off,No traffic controls,70 km/h,State,30,Rear end,301,Same - Rear end,,Rear end,Car (sedan/hatch),Car (sedan/hatch),3,0,0,1,0,8,August,Winter,Friday,10:00 - 11:59,Midday / afternoon,False,False,True,True
1362574,Injury,Serious Injury,2024,2024,May,Monday,08:00 - 09:59,PACIFIC,HWY,420,North,BERYL,RD,MOUNT KURING-GAI,10.0,No,Not a school zone,Divided road,-33.660864,151.127013,Hornsby,Sydney metro. area,Syd-Newc-Woll Gtr conurbation,Straight,,,,Unknown / not stated,Sealed,Dry,Fine,Daylight,Nil,No traffic controls,80 km/h,State,73,Off rd rght => obj,704,Right off cway into obj,,Vehicle - Object,Car (sedan/hatch),,1,0,1,0,0,5,May,Autumn,Monday,08:00 - 09:59,AM peak / school commute,True,False,True,True
1362576,Injury,Moderate Injury,2024,2024,September,Friday,08:00 - 09:59,HIGH,ST,0,Right on the spot,MANN,ST,CHATSWOOD,,No,Not a school zone,T-junction,-33.789371,151.197639,Willoughby,Sydney metro. area,Syd-Newc-Woll Gtr conurbation,Straight,,,,Unknown / not stated,Sealed,Dry,Fine,Daylight,Nil,No traffic controls,50 km/h,Local,30,Rear end,301,Same - Rear end,,Rear end,Car (sedan/hatch),4 wheel drive / SUV,3,0,0,1,1,9,September,Spring,Friday,08:00 - 09:59,AM peak / school commute,True,False,True,True
1362580,Injury,Minor/Other Injury,2024,2024,August,Monday,06:00 - 07:59,HUME,HWY,0,Right on the spot,THE BOULEVARDE,MS,STRATHFIELD SOUTH,2.0,No,Not a school zone,X-intersection,-33.887703,151.09147,Strathfield,Sydney metro. area,Syd-Newc-Woll Gtr conurbation,Straight,,,,Unknown / not stated,Sealed,Wet,Raining,Dawn,On,No traffic controls,60 km/h,State,30,Rear end,301,Same - Rear end,,Rear end,Large rigid,Car (sedan/hatch),2,0,0,0,1,8,August,Winter,Monday,06:00 - 07:59,AM peak / school commute,True,False,True,True
1362581,Injury,Moderate Injury,2024,2024,September,Tuesday,22:00 - Midnight,OLD NORTHERN,RD,0,Right on the spot,NUMBER 124,HN,BAULKHAM HILLS,160.0,No,Not a school zone,2-way undivided,-33.752262,150.994159,The Hills,Sydney metro. area,Syd-Newc-Woll Gtr conurbation,Straight,,,,Unknown / not stated,Sealed,Dry,Fine,Darkness,Nil,No traffic controls,60 km/h,State,71,Off rd left => obj,703,Left off cway into object,,Vehicle - Object,Car (sedan/hatch),,1,0,0,1,0,9,September,Spring,Tuesday,22:00 - Midnight,Evening / night,False,False,True,True
1362585,Injury,Moderate Injury,2024,2024,August,Sunday,10:00 - 11:59,PACIFIC,HWY,250,East,FINGAL ROAD,TO,CHINDERAH,10.0,No,Not a school zone,Other,-28.227258,153.559771,Tweed,Country urban,Rest of NSW - Urban,Curved,,,,Unknown / not stated,Sealed,Wet,Raining,Daylight,Nil,No traffic controls,60 km/h,State,88,Out of cont on bend,805,Out of control on bend,,Rollover,4 wheel drive / SUV,,1,0,0,1,0,8,August,Winter,Sunday,10:00 - 11:59,Midday / afternoon,False,False,True,True
1362587,Injury,Moderate Injury,2024,2024,September,Monday,18:00 - 19:59,OLYMPIC,HWY,0,Right on the spot,HURLEY,ST,COOTAMUNDRA,78.0,No,Not a school zone,X-intersection,-34.644299,148.024366,Cootamundra-Gundagai,Country urban,Rest of NSW - Urban,Straight,,,,Unknown / not stated,Sealed,Dry,Fine,Dusk,Nil,Give way sign,50 km/h,State,10,Cross traffic,101,Adj - Cross traffic,,Right angle,Semi-trailer,Station wagon,2,0,0,1,0,9,September,Spring,Monday,18:00 - 19:59,PM peak / evening commute,True,False,True,True
1362588,Injury,Minor/Other Injury,2024,2024,August,Tuesday,18:00 - 19:59,VICTORIA,RD,0,Right on the spot,NUMBER 1132,HN,WEST RYDE,165.0,No,Not a school zone,Divided road,-33.805927,151.077682,Ryde,Sydney metro. area,Syd-Newc-Woll Gtr conurbation,Straight,,,,Unknown / not stated,Sealed,Dry,Fine,Darkness,Unknown / not stated,Ped crossing,70 km/h,State,30,Rear end,301,Same - Rear end,,Rear end,Car (sedan/hatch),4 wheel drive / SUV,2,0,0,0,1,8,August,Winter,Tuesday,18:00 - 19:59,PM peak / evening commute,True,False,True,True
1362590,Injury,Minor/Other Injury,2024,2024,September,Saturday,10:00 - 11:59,NAMOI,RD,10,West,GWYDIR,AVE,MATRAVILLE,,No,Not a school zone,T-junction,-33.958741,151.234809,Randwick,Sydney metro. area,Syd-Newc-Woll Gtr conurbation,Straight,,,,Unknown / not stated,Sealed,Dry,Fine,Daylight,Nil,No traffic controls,50 km/h,Local,0,Ped nearside,1,Ped - Near side,,Vehicle - Pedestrian,Pedal cycle,Pedestrian,2,0,0,0,2,9,September,Spring,Saturday,10:00 - 11:59,Midday / afternoon,False,False,True,True
1362593,Injury,Moderate Injury,2024,2024,September,Tuesday,14:00 - 15:59,HOMESTEAD,RD,0,Right on the spot,KINGSWOOD,RD,ORCHARD HILLS,,No,Not a school zone,X-intersection,-33.790463,150.720204,Penrith,Sydney metro. area,Syd-Newc-Woll Gtr conurbation,Straight,,,,Unknown / not stated,Sealed,Dry,Fine,Daylight,Nil,Stop sign,70 km/h,Local,71,Off rd left => obj,703,Left off cway into object,,Vehicle - Object,Light truck utility(from 2018),,1,0,0,1,0,9,September,Spring,Tuesday,14:00 - 15:59,Midday / afternoon,False,False,True,True
1362595,Injury,Serious Injury,2024,2024,September,Tuesday,16:00 - 17:59,WESTERN,EXP,1000,East,ROPER ROAD,OP,EASTERN CREEK,6004.0,No,Not a school zone,Dual freeway,-33.791279,150.818441,Blacktown,Sydney metro. area,Syd-Newc-Woll Gtr conurbation,Straight,,,,Unknown / not stated,Sealed,Dry,Fine,Daylight,Nil,No traffic controls,100 km/h,State,30,Rear end,301,Same - Rear end,,Rear end,Light truck,Light truck,2,0,1,0,0,9,September,Spring,Tuesday,16:00 - 17:59,PM peak / evening commute,True,False,True,True
1362596,Injury,Minor/Other Injury,2024,2024,September,Monday,08:00 - 09:59,COLEMAN,ST,0,Right on the spot,NUMBER 82,HN,MERRYLANDS,,No,Not a school zone,2-way undivided,-33.825595,150.979737,Cumberland,Sydney metro. area,Syd-Newc-Woll Gtr conurbation,Straight,,,,Unknown / not stated,Sealed,Dry,Fine,Daylight,Nil,No traffic controls,50 km/h,Local,30,Rear end,301,Same - Rear end,,Rear end,Car (sedan/hatch),Car (sedan/hatch),2,0,0,0,1,9,September,Spring,Monday,08:00 - 09:59,AM peak / school commute,True,False,True,True
1362598,Injury,Minor/Other Injury,2024,2024,September,Thursday,18:00 - 19:59,JONSON,ST,0,Right on the spot,MARVELL,ST,BYRON BAY,,No,Not a school zone,T-junction,-28.644931,153.61262,Byron,Country urban,Rest of NSW - Urban,Straight,,,,Unknown / not stated,Sealed,Dry,Fine,Darkness,Nil,Give way sign,50 km/h,Local,11,Right far,102,Adj - Right-thru from left,,Right angle,4 wheel drive / SUV,Car (sedan/hatch),2,0,0,0,1,9,September,Spring,Thursday,18:00 - 19:59,PM peak / evening commute,True,False,True,True
1362600,Injury,Serious Injury,2024,2024,September,Friday,08:00 - 09:59,PACIFIC,HWY,0,Right on the spot,VINEY CREEK,RD,NERONG,10.0,No,Not a school zone,T-junction,-32.587355,152.127351,Mid-Coast,Country non-urban,Rest of NSW - Rural,Curved,,,,Unknown / not stated,Sealed,Dry,Fine,Daylight,Nil,Give way sign,110 km/h,State,81,Off left/rt bnd=>obj,803,Off right bend into obj,Left,Vehicle - Object,Light truck utility(from 2018),,1,0,1,0,1,9,September,Spring,Friday,08:00 - 09:59,AM peak / school commute,True,False,True,True
1362601,Injury,Moderate Injury,2024,2024,September,Tuesday,16:00 - 17:59,OCEAN,DR,500,East,MISSION,TCE,LAKEWOOD,600.0,No,Not a school zone,2-way undivided,-31.632297,152.773802,Port Macquarie-Hastings,Country urban,Rest of NSW - Urban,Curved,,,,Unknown / not stated,Sealed,Dry,Fine,Dusk,Nil,No traffic controls,70 km/h,Regional,83,Off rt/rt bnd=>obj,803,Off right bend into obj,Right,Vehicle - Object,Car (sedan/hatch),,1,0,0,1,0,9,September,Spring,Tuesday,16:00 - 17:59,PM peak / evening commute,True,False,True,True
1362603,Injury,Moderate Injury,2024,2024,August,Saturday,18:00 - 19:59,HENRY LAWSON,DR,0,Right on the spot,THE RIVER,RD,REVESBY HEIGHTS,508.0,No,Not a school zone,T-junction,-33.974305,151.01704,Canterbury-Bankstown,Sydney metro. area,Syd-Newc-Woll Gtr conurbation,Straight,,,,Unknown / not stated,Sealed,Dry,Fine,Darkness,Nil,Stop sign,60 km/h,State,32,Right rear,303,Same - Rear right,,Rear end,Unknown motor vehicle,4 wheel drive / SUV,2,0,0,1,0,8,August,Winter,Saturday,18:00 - 19:59,PM peak / evening commute,True,False,True,True
1362606,Injury,Minor/Other Injury,2024,2024,June,Monday,10:00 - 11:59,NEWCASTLE,EXP,750,South,JOLLS,BDGE,MOONEY MOONEY,6003.0,No,Not a school zone,Dual freeway,-33.517228,151.196148,Central Coast,Country non-urban,Syd-Newc-Woll Gtr conurbation,Curved,,,,Unknown / not stated,Sealed,Dry,Fine,Daylight,Nil,No traffic controls,90 km/h,State,30,Rear end,301,Same - Rear end,,Rear end,Car (sedan/hatch),4 wheel drive / SUV,2,0,0,0,1,6,June,Winter,Monday,10:00 - 11:59,Midday / afternoon,False,False,True,True
1362608,Injury,Moderate Injury,2024,2024,September,Sunday,16:00 - 17:59,NEWCASTLE,EXP,500,South,DOYALSON LINK ROAD,TO,JILLIBY,6003.0,No,Not a school zone,Dual freeway,-33.222597,151.431868,Central Coast,Country non-urban,Syd-Newc-Woll Gtr conurbation,Straight,,,,Unknown / not stated,Sealed,Dry,Overcast,Daylight,Nil,No traffic controls,110 km/h,State,71,Off rd left => obj,703,Left off cway into object,,Vehicle - Object,4 wheel drive / SUV,,1,0,0,1,0,9,September,Spring,Sunday,16:00 - 17:59,PM peak / evening commute,True,False,True,True
1362610,Injury,Serious Injury,2024,2024,May,Sunday,06:00 - 07:59,CAMDEN VALLEY,WAY,900,North,COWPASTURE,RD,LEPPINGTON,620.0,No,Not a school zone,Divided road,-33.957708,150.827146,Liverpool,Sydney metro. area,Syd-Newc-Woll Gtr conurbation,Straight,,,,On,Sealed,Wet,Fine,Darkness,Nil,No traffic controls,80 km/h,State,20,Head on,201,Opp - Head on,,Head-on,Car (sedan/hatch),4 wheel drive / SUV,2,0,1,1,0,5,May,Autumn,Sunday,06:00 - 07:59,AM peak / school commute,True,False,True,True
1362612,Injury,Serious Injury,2024,2024,April,Saturday,12:00 - 13:59,BINGLEBURRA,RD,3300,West,PARKS CREEK,RD,BINGLEBURRA,7764.0,No,Not a school zone,2-way undivided,-32.409796,151.596032,Dungog,Country urban,Rest of NSW - Urban,Curved,Painted double centre lines,,,Nil,Sealed,Dry,Fine,Daylight,Nil,No traffic controls,80 km/h,Regional,20,Head on,201,Opp - Head on,,Head-on,Motorcycle,Light truck utility(from 2018),2,0,1,0,0,4,April,Autumn,Saturday,12:00 - 13:59,Midday / afternoon,False,False,True,True
1362613,Injury,Moderate Injury,2024,2024,May,Saturday,22:00 - Midnight,KUPPA,AVE,25,East,GEORGE BASS,DR,MALUA BAY,,No,Not a school zone,2-way undivided,-35.792275,150.229436,Eurobodalla,Country urban,Rest of NSW - Urban,Straight,,,,On,Sealed,Wet,Raining,Darkness,Nil,No traffic controls,50 km/h,Local,71,Off rd left => obj,703,Left off cway into object,,Vehicle - Object,Passenger van,,1,0,0,1,0,5,May,Autumn,Saturday,22:00 - Midnight,Evening / night,False,False,True,True
1362614,Injury,Serious Injury,2024,2024,April,Monday,16:00 - 17:59,WALLGROVE,RD,0,Right on the spot,CHANDOS,RD,HORSLEY PARK,515.0,No,Not a school zone,X-intersection,-33.832048,150.855482,Fairfield,Sydney metro. area,Syd-Newc-Woll Gtr conurbation,Straight,,,,Nil,Sealed,Dry,Fine,Daylight,Nil,Stop sign,70 km/h,State,16,Left near,107,Adj - Left-thru from right,,Right angle,4 wheel drive / SUV,Motorcycle,2,0,1,0,0,4,April,Autumn,Monday,16:00 - 17:59,PM peak / evening commute,True,False,True,True
1362616,Injury,Moderate Injury,2024,2024,April,Sunday,14:00 - 15:59,RESTWELL,ST,25,North,ROSS,ST,BANKSTOWN,,Yes,No,2-way undivided,-33.922529,151.034696,Canterbury-Bankstown,Sydney metro. area,Syd-Newc-Woll Gtr conurbation,Straight,,,,Off,Sealed,Dry,Fine,Daylight,Nil,No traffic controls,50 km/h,Local,73,Off rd rght => obj,704,Right off cway into obj,,Other angle,Car (sedan/hatch),Light truck utility(from 2018),5,0,0,1,0,4,April,Autumn,Sunday,14:00 - 15:59,Midday / afternoon,False,False,True,True
1362618,Injury,Serious Injury,2024,2024,May,Friday,16:00 - 17:59,GILLARD,RD,400,North,STURT,HWY,EAST WAGGA WAGGA,,No,Not a school zone,2-way undivided,-35.119403,147.398572,Wagga Wagga,Country urban,Rest of NSW - Urban,Straight,,,,Nil,Unsealed,Dry,Fine,Daylight,Nil,No traffic controls,50 km/h,Local,49,Other manoeuvring,400,Manov - other,,Other angle,Unknown motor vehicle,,1,0,1,0,0,5,May,Autumn,Friday,16:00 - 17:59,PM peak / evening commute,True,False,True,True
1362619,Injury,Moderate Injury,2024,2024,May,Friday,12:00 - 13:59,BOTANY,RD,0,Right on the spot,QUEEN,ST,BEACONSFIELD,170.0,No,Not a school zone,T-junction,-33.91399,151.201049,Sydney,Sydney metro. area,Syd-Newc-Woll Gtr conurbation,Straight,,,,Off,Sealed,Dry,Fine,Daylight,Nil,No traffic controls,50 km/h,State,2,Ped far side,3,Ped - Far side,,Vehicle - Pedestrian,4 wheel drive / SUV,Pedestrian,2,0,0,1,0,5,May,Autumn,Friday,12:00 - 13:59,Midday / afternoon,False,False,True,True
1362620,Injury,Moderate Injury,2024,2024,May,Friday,14:00 - 15:59,WINE COUNTRY,DR,150,South,LOMAS,LANE,NULKABA,220.0,No,Not a school zone,2-way undivided,-32.794717,151.349164,Cessnock,Country urban,Rest of NSW - Urban,Straight,Painted double centre lines,,,Nil,Sealed,Dry,Fine,Daylight,Nil,No traffic controls,80 km/h,State,40,U turn,304,Same - U-turn,,Other angle,4 wheel drive / SUV,Car (sedan/hatch),2,0,0,1,0,5,May,Autumn,Friday,14:00 - 15:59,Midday / afternoon,False,False,True,True
1362621,Injury,Moderate Injury,2024,2024,May,Tuesday,18:00 - 19:59,FAIRFORD,RD,0,Right on the spot,STACEY,ST,BANKSTOWN,190.0,No,Not a school zone,X-intersection,-33.929707,151.038403,Canterbury-Bankstown,Sydney metro. area,Syd-Newc-Woll Gtr conurbation,Straight,,,,On,Sealed,Dry,Fine,Darkness,On,No traffic controls,70 km/h,State,10,Cross traffic,101,Adj - Cross traffic,,Right angle,Car (sedan/hatch),4 wheel drive / SUV,3,0,0,2,0,5,May,Autumn,Tuesday,18:00 - 19:59,PM peak / evening commute,True,False,True,True
1362622,Injury,Moderate Injury,2024,2024,June,Saturday,18:00 - 19:59,NEW ENGLAND,HWY,1000,North,TURANVILLE,RD,SCONE,9.0,No,Not a school zone,2-way undivided,-32.090717,150.868335,Upper Hunter,Country non-urban,Rest of NSW - Rural,Straight,Ditch/drain/culvert,,,Nil,Sealed,Wet,Raining,Darkness,Nil,No traffic controls,100 km/h,State,71,Off rd left => obj,703,Left off cway into object,,Vehicle - Object,Car (sedan/hatch),,1,0,0,1,0,6,June,Winter,Saturday,18:00 - 19:59,PM peak / evening commute,True,False,True,True
1362624,Injury,Minor/Other Injury,2024,2024,May,Thursday,18:00 - 19:59,KISSING POINT,RD,0,Right on the spot,QUARRY,RD,DUNDAS,574.0,No,Not a school zone,T-junction,-33.799313,151.054031,Parramatta,Sydney metro. area,Syd-Newc-Woll Gtr conurbation,Straight,,,,Nil,Sealed,Dry,Fine,Dusk,Nil,Give way sign,70 km/h,State,11,Right far,102,Adj - Right-thru from left,,Right angle,Car (sedan/hatch),Motorcycle,2,0,0,0,1,5,May,Autumn,Thursday,18:00 - 19:59,PM peak / evening commute,True,False,True,True
1362625,Injury,Moderate Injury,2024,2024,May,Sunday,14:00 - 15:59,EWINGSDALE,RD,200,East,WILLIAM FLICK,LANE,EWINGSDALE,545.0,No,Not a school zone,2-way undivided,-28.636556,153.55423,Byron,Country urban,Rest of NSW - Urban,Straight,,,,Nil,Sealed,Dry,Fine,Daylight,Nil,No traffic controls,60 km/h,Regional,55,Pulling out rear end,505,Ovtak - Pulling out rear end,,Rear end,Station wagon,4 wheel drive / SUV,3,0,0,1,0,5,May,Autumn,Sunday,14:00 - 15:59,Midday / afternoon,False,False,True,True
1362626,Injury,Serious Injury,2024,2024,June,Monday,00:01 - 01:59,HILLSBOROUGH,RD,100,East,WARATAH,AVE,CHARLESTOWN,674.0,Yes,No,Divided road,-32.957488,151.68314,Lake Macquarie,Newcastle met. area,Syd-Newc-Woll Gtr conurbation,Straight,Steep grade,,,On,Sealed,Dry,Fine,Darkness,Nil,No traffic controls,60 km/h,State,74,On road-out of cont.,705,Out of control on cway,,Rollover,4 wheel drive / SUV,,1,0,1,0,0,6,June,Winter,Monday,00:01 - 01:59,Late night / early morning,False,False,True,True
1362627,Injury,Minor/Other Injury,2024,2024,June,Saturday,08:00 - 09:59,GOLD COAST,HWY,0,Right on the spot,PACIFIC HIGHWAY,TO,TWEED HEADS WEST,31.0,No,Not a school zone,Divided road,-28.178432,153.521365,Tweed,Country urban,Rest of NSW - Urban,Straight,,,,Off,Sealed,Dry,Fine,Daylight,Nil,Give way sign,60 km/h,State,30,Rear end,301,Same - Rear end,,Rear end,4 wheel drive / SUV,Motorcycle,2,0,0,0,2,6,June,Winter,Saturday,08:00 - 09:59,AM peak / school commute,True,False,True,True
1362628,Injury,Serious Injury,2024,2024,May,Tuesday,06:00 - 07:59,MARTIN,PL,0,Right on the spot,THE STRAND,MS,MORTDALE,,No,Not a school zone,X-intersection,-33.971056,151.077455,Georges River,Sydney metro. area,Syd-Newc-Woll Gtr conurbation,Straight,,,,Nil,Sealed,Dry,Fine,Daylight,Nil,Give way sign,50 km/h,Local,74,On road-out of cont.,705,Out of control on cway,,Rollover,Motor scooter,,1,0,1,0,0,5,May,Autumn,Tuesday,06:00 - 07:59,AM peak / school commute,True,False,True,True
1362630,Injury,Moderate Injury,2024,2024,June,Friday,14:00 - 15:59,SEDGMAN,CRES,0,Right on the spot,WESTWARD,AVE,SHALVEY,,No,Not a school zone,T-junction,-33.724482,150.808979,Blacktown,Sydney metro. area,Syd-Newc-Woll Gtr conurbation,Straight,,,,Off,Sealed,Dry,Fine,Daylight,Nil,No traffic controls,50 km/h,Local,10,Cross traffic,101,Adj - Cross traffic,,Right angle,Car (sedan/hatch),Car (sedan/hatch),2,0,0,2,0,6,June,Winter,Friday,14:00 - 15:59,Midday / afternoon,False,False,True,True
1362631,Injury,Moderate Injury,2024,2024,June,Thursday,08:00 - 09:59,PACIFIC,HWY,500,North,HARRINGTON,RD,COOPERNOOK,10.0,No,Not a school zone,Divided road,-31.829331,152.61875,Mid-Coast,Country non-urban,Rest of NSW - Rural,Straight,B'down lane/road shldr,,,Nil,Sealed,Dry,Fine,Daylight,Nil,No traffic controls,100 km/h,State,62,Accident,603,On path - Previous accident,,Other angle,B-double (road train prior 98),Large rigid,3,0,0,1,0,6,June,Winter,Thursday,08:00 - 09:59,AM peak / school commute,True,False,True,True
1362633,Injury,Minor/Other Injury,2024,2024,May,Tuesday,10:00 - 11:59,BUNNERONG,RD,0,Right on the spot,BIRDWOOD,AVE,KINGSFORD,171.0,No,Not a school zone,T-junction,-33.933464,151.230307,Bayside,Sydney metro. area,Syd-Newc-Woll Gtr conurbation,Straight,,,,Nil,Sealed,Dry,Fine,Daylight,On,Stop sign,60 km/h,State,13,Right near,104,Adj - Right-thru from right,,Right angle,Car (sedan/hatch),Car (sedan/hatch),2,0,0,0,1,5,May,Autumn,Tuesday,10:00 - 11:59,Midday / afternoon,False,False,True,True
1362635,Injury,Serious Injury,2024,2024,June,Monday,16:00 - 17:59,ECRATES,PL,0,Right on the spot,MUSGROVE,AVE,KELSO,,No,Not a school zone,T-junction,-33.392399,149.602645,Bathurst Regional,Country urban,Rest of NSW - Urban,Straight,,,,Nil,Sealed,Dry,Fine,Dusk,Nil,No traffic controls,50 km/h,Local,10,Cross traffic,101,Adj - Cross traffic,,Right angle,Car (sedan/hatch),4 wheel drive / SUV,2,0,1,1,0,6,June,Winter,Monday,16:00 - 17:59,PM peak / evening commute,True,False,True,True