crash_id,degree_of_crash,degree_of_crash_-_detailed,reporting_year,year_of_crash,month_of_crash,day_of_week_of_crash,two-hour_intervals,street_of_crash,street_type,distance,direction,identifying_feature,identifying_feature_type,town,route_no.,school_zone_location,school_zone_active,type_of_location,latitude,longitude,lga,urbanisation,conurbation_1,alignment,primary_permanent_feature,primary_temporary_feature,primary_hazardous_feature,street_lighting,road_surface,surface_condition,weather,natural_lighting,signals_operation,other_traffic_control,speed_limit,road_classification_(admin),rum_-_code,rum_-_description,dca_-_code,dca_-_description,dca_supplement,first_impact_type,key_tu_type,other_tu_type,no._of_traffic_units_involved,no._killed,no._seriously_injured,no._moderately_injured,no._minor-other_injured,month_num,month_label,season,day_label,time_label,time_band,is_peak_commute,is_fatal,is_injury,is_casualty
1362636,Injury,Serious Injury,2024,2024,May,Saturday,18:00 - 19:59,PALMYRA,AVE,0,Right on the spot,AUSTRALIS,DR,ROPES CROSSING,7164.0,No,Not a school zone,T-junction,-33.724915,150.788253,Blacktown,Sydney metro. area,Syd-Newc-Woll Gtr conurbation,Straight,,,,On,Sealed,Dry,Fine,Dusk,On,No traffic controls,70 km/h,Regional,21,Right through,202,Opp - Right-thru,,Other angle,4 wheel drive / SUV,4 wheel drive / SUV,3,0,1,2,0,5,May,Autumn,Saturday,18:00 - 19:59,PM peak / evening commute,True,False,True,True
1362637,Injury,Moderate Injury,2024,2024,June,Friday,08:00 - 09:59,PACIFIC,HWY,100,South,ARGYLL,ST,COFFS HARBOUR,10.0,No,Not a school zone,Divided road,-30.28641,153.124616,Coffs Harbour,Country urban,Rest of NSW - Urban,Straight,Driveway/entrance,,,Off,Sealed,Dry,Fine,Daylight,Nil,No traffic controls,60 km/h,State,47,Emerging from drive,406,Manov - Emerging from driveway,,Right angle,Car (sedan/hatch),Pedal cycle,2,0,0,1,0,6,June,Winter,Friday,08:00 - 09:59,AM peak / school commute,True,False,True,True
1362638,Injury,Moderate Injury,2024,2024,April,Monday,18:00 - 19:59,PRINCES,HWY,500,South,PLUNKETT,ST,NOWRA,1.0,No,Not a school zone,2-way undivided,-34.883401,150.603779,Shoalhaven,Country urban,Rest of NSW - Urban,Straight,,,,On,Sealed,Dry,Overcast,Darkness,Nil,No traffic controls,70 km/h,State,71,Off rd left => obj,703,Left off cway into object,,Vehicle - Object,Light truck utility(from 2018),,1,0,0,1,0,4,April,Autumn,Monday,18:00 - 19:59,PM peak / evening commute,True,False,True,True
1362639,Injury,Minor/Other Injury,2024,2024,June,Friday,16:00 - 17:59,TERMINUS,ST,55,East,CHARLES,ST,LIVERPOOL,512.0,No,Not a school zone,2-way undivided,-33.926691,150.921613,Liverpool,Sydney metro. area,Syd-Newc-Woll Gtr conurbation,Straight,Driveway/entrance,,,On,Sealed,Wet,Raining,Darkness,Nil,No traffic controls,60 km/h,State,47,Emerging from drive,406,Manov - Emerging from driveway,,Right angle,Light truck utility(from 2018),Car (sedan/hatch),2,0,0,0,1,6,June,Winter,Friday,16:00 - 17:59,PM peak / evening commute,True,False,True,True
1362641,Injury,Serious Injury,2024,2024,June,Sunday,16:00 - 17:59,NEW ENGLAND,HWY,500,North,LIVINGSTONE,ST,WINGEN,9.0,No,Not a school zone,2-way undivided,-31.879347,150.880012,Upper Hunter,Country non-urban,Rest of NSW - Rural,Curved,Painted double centre lines,,,Nil,Sealed,Dry,Overcast,Daylight,Nil,No traffic controls,100 km/h,State,20,Head on,201,Opp - Head on,,Head-on,Other bus,4 wheel drive / SUV,2,0,1,1,0,6,June,Winter,Sunday,16:00 - 17:59,PM peak / evening commute,True,False,True,True
1362642,Injury,Moderate Injury,2024,2024,June,Friday,04:00 - 05:59,NEIL,ST,150,West,GRAF,PL,MERRYLANDS,7250.0,No,Not a school zone,2-way undivided,-33.833033,150.988173,Cumberland,Sydney metro. area,Syd-Newc-Woll Gtr conurbation,Straight,,,,On,Sealed,Dry,Fine,Dawn,Nil,No traffic controls,60 km/h,Regional,0,Ped nearside,1,Ped - Near side,,Vehicle - Pedestrian,Car (sedan/hatch),Pedestrian,2,0,0,1,0,6,June,Winter,Friday,04:00 - 05:59,Late night / early morning,False,False,True,True
1362643,Injury,Moderate Injury,2024,2024,May,Sunday,16:00 - 17:59,BONAR,ST,10,West,GUESS,AVE,WOLLI CREEK,,No,Not a school zone,T-junction,-33.929826,151.150123,Bayside,Sydney metro. area,Syd-Newc-Woll Gtr conurbation,Straight,,,,Off,Sealed,Wet,Raining,Dusk,Nil,No traffic controls,50 km/h,Local,1,Ped emerging,2,Ped - emerging,,Vehicle - Pedestrian,Car (sedan/hatch),Pedestrian,2,0,0,1,0,5,May,Autumn,Sunday,16:00 - 17:59,PM peak / evening commute,True,False,True,True
1362644,Injury,Serious Injury,2024,2024,June,Wednesday,12:00 - 13:59,HUME,HWY,0,Right on the spot,NUMBER 175,HN,LANSVALE,2.0,No,Not a school zone,Divided road,-33.895841,150.954858,Fairfield,Sydney metro. area,Syd-Newc-Woll Gtr conurbation,Straight,Driveway/entrance,,,Off,Sealed,Dry,Fine,Daylight,Nil,No traffic controls,70 km/h,State,47,Emerging from drive,406,Manov - Emerging from driveway,,Right angle,4 wheel drive / SUV,Motorcycle,3,0,1,0,0,6,June,Winter,Wednesday,12:00 - 13:59,Midday / afternoon,False,False,True,True
1362645,Injury,Moderate Injury,2024,2024,May,Friday,10:00 - 11:59,MAJORS BAY,RD,10,South,JELLICOE,ST,CONCORD,7325.0,No,Not a school zone,T-junction,-33.857015,151.103425,Canada Bay,Sydney metro. area,Syd-Newc-Woll Gtr conurbation,Straight,,,,Nil,Sealed,Dry,Fine,Daylight,Nil,Ped crossing,40 km/h,Regional,2,Ped far side,3,Ped - Far side,,Vehicle - Pedestrian,Car (sedan/hatch),Pedestrian,2,0,0,1,0,5,May,Autumn,Friday,10:00 - 11:59,Midday / afternoon,False,False,True,True
1362647,Injury,Moderate Injury,2024,2024,June,Friday,22:00 - Midnight,GOOLAGONG,CCT,0,Right on the spot,MADIGAN,BVD,MOUNT WARRIGAL,,No,Not a school zone,T-junction,-34.551631,150.838235,Shellharbour,Wollongong met. area,Syd-Newc-Woll Gtr conurbation,Straight,,,,On,Sealed,Dry,Fine,Darkness,Nil,No traffic controls,50 km/h,Local,71,Off rd left => obj,703,Left off cway into object,,Other angle,Car (sedan/hatch),Light truck utility(from 2018),3,0,0,1,0,6,June,Winter,Friday,22:00 - Midnight,Evening / night,False,False,True,True
1362648,Injury,Moderate Injury,2024,2024,July,Tuesday,18:00 - 19:59,TURNERS FLAT,RD,100,West,ARMIDALE,RD,SKILLION FLAT,,No,Not a school zone,2-way undivided,-31.009013,152.719989,Kempsey,Country non-urban,Rest of NSW - Rural,Straight,Ditch/drain/culvert,,,Nil,Sealed,Dry,Fine,Darkness,Nil,No traffic controls,100 km/h,Local,73,Off rd rght => obj,704,Right off cway into obj,,Vehicle - Object,Car (sedan/hatch),,1,0,0,1,0,7,July,Winter,Tuesday,18:00 - 19:59,PM peak / evening commute,True,False,True,True
1362651,Injury,Moderate Injury,2024,2024,June,Thursday,06:00 - 07:59,FORE,ST,100,East,HIGH,ST,CANTERBURY,7053.0,No,Not a school zone,2-way undivided,-33.915995,151.117531,Canterbury-Bankstown,Sydney metro. area,Syd-Newc-Woll Gtr conurbation,Straight,,,,On,Sealed,Wet,Overcast,Dawn,Nil,No traffic controls,50 km/h,Regional,71,Off rd left => obj,703,Left off cway into object,,Vehicle - Object,Car (sedan/hatch),,1,0,0,1,0,6,June,Winter,Thursday,06:00 - 07:59,AM peak / school commute,True,False,True,True
1362652,Injury,Moderate Injury,2024,2024,July,Tuesday,06:00 - 07:59,CUMBERLAND,HWY,100,West,BRIENS,RD,NORTHMEAD,13.0,No,Not a school zone,Divided road,-33.796525,150.985562,Parramatta,Sydney metro. area,Syd-Newc-Woll Gtr conurbation,Curved,,,,Off,Sealed,Wet,Raining,Daylight,Nil,No traffic controls,70 km/h,State,35,Lane change left,307,Same - Lane change left,,Other angle,Unknown motor vehicle,Car (sedan/hatch),3,0,0,2,0,7,July,Winter,Tuesday,06:00 - 07:59,AM peak / school commute,True,False,True,True
1362653,Injury,Moderate Injury,2024,2024,June,Saturday,20:00 - 21:59,SMITHFIELD,RD,0,Right on the spot,MIMOSA,RD,GREENFIELD PARK,7220.0,No,Not a school zone,T-junction,-33.877865,150.893476,Fairfield,Sydney metro. area,Syd-Newc-Woll Gtr conurbation,Straight,,,,On,Sealed,Dry,Fine,Darkness,On,No traffic controls,60 km/h,Regional,21,Right through,202,Opp - Right-thru,,Other angle,Station wagon,Car (sedan/hatch),2,0,0,5,1,6,June,Winter,Saturday,20:00 - 21:59,Evening / night,False,False,True,True
1362654,Injury,Serious Injury,2024,2024,July,Tuesday,06:00 - 07:59,DUDLEY,RD,0,Right on the spot,BULLS GARDEN,RD,WHITEBRIDGE,325.0,No,Not a school zone,Roundabout,-32.977919,151.7077,Lake Macquarie,Newcastle met. area,Syd-Newc-Woll Gtr conurbation,Straight,,,,Off,Sealed,Dry,Fine,Daylight,Nil,Give way sign,60 km/h,Regional,10,Cross traffic,101,Adj - Cross traffic,,Right angle,Light truck utility(from 2018),Pedal cycle,2,0,1,0,0,7,July,Winter,Tuesday,06:00 - 07:59,AM peak / school commute,True,False,True,True
1362656,Injury,Serious Injury,2024,2024,July,Thursday,18:00 - 19:59,UPPER COLO,RD,1000,West,PUTTY,RD,WHEENY CREEK,,No,Not a school zone,2-way undivided,-33.429888,150.819573,Hawkesbury,Country urban,Syd-Newc-Woll Gtr conurbation,Straight,,,,Nil,Sealed,Dry,Fine,Darkness,Nil,No traffic controls,70 km/h,Local,71,Off rd left => obj,703,Left off cway into object,,Vehicle - Object,Motorcycle,,1,0,2,0,0,7,July,Winter,Thursday,18:00 - 19:59,PM peak / evening commute,True,False,True,True
1362658,Injury,Serious Injury,2024,2024,July,Saturday,14:00 - 15:59,WISEMANS FERRY,RD,1100,West,OLD NORTHERN,RD,MAROOTA,181.0,No,Not a school zone,2-way undivided,-33.466969,150.986675,The Hills,Sydney metro. area,Syd-Newc-Woll Gtr conurbation,Curved,Steep grade,,Loose gravel shoulder,Off,Sealed,Dry,Fine,Daylight,Nil,No traffic controls,80 km/h,State,88,Out of cont on bend,805,Out of control on bend,,Rollover,Motorcycle,,1,0,1,0,0,7,July,Winter,Saturday,14:00 - 15:59,Midday / afternoon,False,False,True,True
1362659,Injury,Serious Injury,2024,2024,July,Sunday,14:00 - 15:59,SPARKS,RD,125,East,NEWCASTLE,EXP,HALLORAN,509.0,No,Not a school zone,Divided road,-33.23008,151.424646,Central Coast,Country urban,Syd-Newc-Woll Gtr conurbation,Straight,Mid-blk median openg,,,Off,Sealed,Dry,Fine,Daylight,Nil,No traffic controls,60 km/h,State,40,U turn,304,Same - U-turn,,Other angle,Motorcycle,Light truck utility(from 2018),2,0,1,0,0,7,July,Winter,Sunday,14:00 - 15:59,Midday / afternoon,False,False,True,True
1362660,Injury,Moderate Injury,2024,2024,July,Sunday,14:00 - 15:59,ELLSWORTH,DR,195,South,FORRESTER,RD,TREGEAR,,No,Not a school zone,2-way undivided,-33.741766,150.786299,Blacktown,Sydney metro. area,Syd-Newc-Woll Gtr conurbation,Straight,Crest,,,Off,Sealed,Dry,Fine,Daylight,Nil,No traffic controls,50 km/h,Local,49,Other manoeuvring,400,Manov - other,,Other angle,Motorcycle,,1,0,0,1,0,7,July,Winter,Sunday,14:00 - 15:59,Midday / afternoon,False,False,True,True
1362662,Injury,Serious Injury,2024,2024,July,Wednesday,16:00 - 17:59,CARLISLE,AVE,0,Right on the spot,ROPES CREEK,RD,MOUNT DRUITT,629.0,No,Not a school zone,T-junction,-33.775701,150.815107,Blacktown,Sydney metro. area,Syd-Newc-Woll Gtr conurbation,Straight,,,,On,Sealed,Dry,Fine,Daylight,Nil,No traffic controls,60 km/h,State,16,Left near,107,Adj - Left-thru from right,,Right angle,Car (sedan/hatch),Motorcycle,3,0,1,2,0,7,July,Winter,Wednesday,16:00 - 17:59,PM peak / evening commute,True,False,True,True
1362663,Injury,Serious Injury,2024,2024,July,Friday,14:00 - 15:59,PICTON,RD,200,East,MT KEIRA,RD,CATARACT,95.0,No,Not a school zone,2-way undivided,-34.375786,150.833008,Wollongong,Wollongong met. area,Syd-Newc-Woll Gtr conurbation,Straight,Steep grade,,,Off,Sealed,Dry,Fine,Daylight,Nil,No traffic controls,100 km/h,State,30,Rear end,301,Same - Rear end,,Rear end,Semi-trailer,Semi-trailer,2,0,2,0,0,7,July,Winter,Friday,14:00 - 15:59,Midday / afternoon,False,False,True,True
1362664,Injury,Minor/Other Injury,2024,2024,July,Wednesday,06:00 - 07:59,BROOKLYN,DR,0,Right on the spot,TABLE TOP,RD,THURGOONA,,No,Not a school zone,Roundabout,-36.034153,146.9983,Albury,Country urban,Rest of NSW - Urban,Straight,,Police pursuit,,On,Sealed,Dry,Fog or mist,Dawn,Nil,Give way sign,60 km/h,Local,10,Cross traffic,101,Adj - Cross traffic,,Right angle,Utility,4 wheel drive / SUV,2,0,0,0,3,7,July,Winter,Wednesday,06:00 - 07:59,AM peak / school commute,True,False,True,True
1362665,Injury,Moderate Injury,2024,2024,July,Thursday,16:00 - 17:59,NEWCASTLE,EXP,320,North,PACIFIC,HWY,OURIMBAH,6003.0,No,Not a school zone,Other,-33.342302,151.371223,Central Coast,Country non-urban,Syd-Newc-Woll Gtr conurbation,Straight,,,,Nil,Sealed,Dry,Fine,Daylight,Nil,No traffic controls,110 km/h,State,30,Rear end,301,Same - Rear end,,Rear end,Motorcycle,Light truck utility(from 2018),2,0,0,1,0,7,July,Winter,Thursday,16:00 - 17:59,PM peak / evening commute,True,False,True,True
1362669,Injury,Serious Injury,2024,2024,July,Monday,12:00 - 13:59,ILLAROO,RD,180,East,BINGARRA,LANE,BANGALEE,,No,Not a school zone,2-way undivided,-34.837154,150.550876,Shoalhaven,Country urban,Rest of NSW - Urban,Straight,Embankment/cutting,,Potholes/corrugations/rough,Nil,Sealed,Dry,Fine,Daylight,Nil,No traffic controls,80 km/h,Local,74,On road-out of cont.,705,Out of control on cway,,Rollover,Motorcycle,,1,0,1,0,0,7,July,Winter,Monday,12:00 - 13:59,Midday / afternoon,False,False,True,True
1362671,Injury,Moderate Injury,2024,2024,July,Tuesday,20:00 - 21:59,BOUNDARY,RD,0,Right on the spot,WHEELERS,LANE,DUBBO,,No,Not a school zone,Roundabout,-32.270191,148.626793,Dubbo Regional,Country urban,Rest of NSW - Urban,Straight,,,,On,Sealed,Wet,Raining,Darkness,Nil,Give way sign,60 km/h,Local,20,Head on,201,Opp - Head on,,Head-on,Car (sedan/hatch),4 wheel drive / SUV,2,0,0,1,0,7,July,Winter,Tuesday,20:00 - 21:59,Evening / night,False,False,True,True
1362673,Injury,Moderate Injury,2024,2024,July,Saturday,22:00 - Midnight,ALBURY,ST,115,East,REDBANK,ST,HARDEN,84.0,No,Not a school zone,2-way undivided,-34.557816,148.378872,Hilltops,Country urban,Rest of NSW - Urban,Curved,Embankment/cutting,,,Nil,Sealed,Wet,Raining,Darkness,Nil,No traffic controls,50 km/h,State,81,Off left/rt bnd=>obj,803,Off right bend into obj,Left,Vehicle - Object,Light truck utility(from 2018),,1,0,0,1,0,7,July,Winter,Saturday,22:00 - Midnight,Evening / night,False,False,True,True
1362674,Injury,Moderate Injury,2024,2024,July,Sunday,16:00 - 17:59,EDMONDSON,AVE,50,North,THORNBILL,ST,AUSTRAL,,No,Not a school zone,2-way undivided,-33.909796,150.816508,Liverpool,Sydney metro. area,Syd-Newc-Woll Gtr conurbation,Straight,,,,Off,Sealed,Dry,Fine,Daylight,Nil,No traffic controls,50 km/h,Local,1,Ped emerging,2,Ped - emerging,,Vehicle - Pedestrian,4 wheel drive / SUV,Pedestrian,2,0,0,1,0,7,July,Winter,Sunday,16:00 - 17:59,PM peak / evening commute,True,False,True,True
1362676,Injury,Serious Injury,2024,2024,August,Friday,22:00 - Midnight,WESTERN,EXP,30,East,SILVERWATER ROAD,OP,LIDCOMBE,6004.0,No,Not a school zone,Dual freeway,-33.842987,151.044315,Cumberland,Sydney metro. area,Syd-Newc-Woll Gtr conurbation,Straight,,,,Nil,Sealed,Dry,Unknown,Darkness,Nil,No traffic controls,90 km/h,State,71,Off rd left => obj,703,Left off cway into object,,Vehicle - Object,Motorcycle,,1,0,1,0,0,8,August,Winter,Friday,22:00 - Midnight,Evening / night,False,False,True,True
1362677,Injury,Moderate Injury,2024,2024,July,Saturday,04:00 - 05:59,PACIFIC,HWY,80,North,ARTHUR STREET,TO,COFFS HARBOUR,10.0,No,Not a school zone,Divided road,-30.27801,153.133422,Coffs Harbour,Country urban,Rest of NSW - Urban,Curved,Steep grade,,,On,Sealed,Dry,Fine,Dawn,Nil,No traffic controls,60 km/h,State,81,Off left/rt bnd=>obj,803,Off right bend into obj,Left,Vehicle - Object,Car (sedan/hatch),,1,0,0,1,0,7,July,Winter,Saturday,04:00 - 05:59,Late night / early morning,False,False,True,True
1362679,Injury,Serious Injury,2024,2024,July,Friday,20:00 - 21:59,CARGO,RD,0,Right on the spot,NEALS,LANE,ORANGE,237.0,No,Not a school zone,X-intersection,-33.287824,149.049612,Orange,Country urban,Rest of NSW - Urban,Straight,Ditch/drain/culvert,,,Nil,Sealed,Dry,Overcast,Darkness,Nil,No traffic controls,80 km/h,State,71,Off rd left => obj,703,Left off cway into object,,Vehicle - Object,Car (sedan/hatch),,1,0,1,0,0,7,July,Winter,Friday,20:00 - 21:59,Evening / night,False,False,True,True
1362683,Injury,Serious Injury,2024,2024,June,Sunday,00:01 - 01:59,TOWNVIEW,RD,35,South,MAGGIOTTO,PL,MOUNT PRITCHARD,,No,Not a school zone,2-way undivided,-33.901132,150.912891,Fairfield,Sydney metro. area,Syd-Newc-Woll Gtr conurbation,Curved,Steep grade,,,On,Sealed,Wet,Overcast,Darkness,Nil,No traffic controls,50 km/h,Local,81,Off left/rt bnd=>obj,803,Off right bend into obj,Left,Vehicle - Object,Light truck utility(from 2018),,1,0,1,0,0,6,June,Winter,Sunday,00:01 - 01:59,Late night / early morning,False,False,True,True
1362684,Injury,Moderate Injury,2024,2024,July,Thursday,14:00 - 15:59,PARKER,ST,0,Right on the spot,JAMISON,RD,KINGSWOOD,154.0,No,Not a school zone,X-intersection,-33.764054,150.709933,Penrith,Sydney metro. area,Syd-Newc-Woll Gtr conurbation,Curved,Steep grade,,,Off,Sealed,Dry,Fine,Daylight,On,No traffic controls,70 km/h,State,34,Lane change right,306,Same - Lane change right,,Other angle,Station wagon,4 wheel drive / SUV,2,0,0,1,0,7,July,Winter,Thursday,14:00 - 15:59,Midday / afternoon,False,False,True,True
1362685,Injury,Moderate Injury,2024,2024,August,Tuesday,10:00 - 11:59,WYEE,RD,0,Right on the spot,JABBARUP,RD,WYEE,454.0,No,Not a school zone,X-intersection,-33.184229,151.490337,Lake Macquarie,Newcastle met. area,Syd-Newc-Woll Gtr conurbation,Straight,,,,Nil,Sealed,Dry,Fine,Daylight,Nil,Stop sign,60 km/h,Regional,16,Left near,107,Adj - Left-thru from right,,Right angle,Car (sedan/hatch),Light truck utility(from 2018),2,0,0,1,1,8,August,Winter,Tuesday,10:00 - 11:59,Midday / afternoon,False,False,True,True
1362690,Injury,Serious Injury,2024,2024,August,Thursday,04:00 - 05:59,PRINCES,HWY,500,North,MONKEY MOUNTAIN,RD,TERMEIL,1.0,No,Not a school zone,2-way undivided,-35.469585,150.348636,Shoalhaven,Country non-urban,Rest of NSW - Rural,Curved,Painted double centre lines,,,Nil,Sealed,Dry,Fine,Darkness,Nil,No traffic controls,100 km/h,State,83,Off rt/rt bnd=>obj,803,Off right bend into obj,Right,Vehicle - Object,Car (sedan/hatch),,1,0,2,0,0,8,August,Winter,Thursday,04:00 - 05:59,Late night / early morning,False,False,True,True
1362698,Injury,Moderate Injury,2024,2024,August,Sunday,10:00 - 11:59,PRINCES,HWY,1460,North,MONDAYONG,RD,TWELVE MILE PEG,1.0,No,Not a school zone,2-way undivided,-35.153615,150.451332,Shoalhaven,Country non-urban,Rest of NSW - Rural,Straight,Embankment/cutting,,,Nil,Sealed,Dry,Fine,Daylight,Nil,No traffic controls,100 km/h,State,20,Head on,201,Opp - Head on,,Head-on,Car (sedan/hatch),4 wheel drive / SUV,2,0,0,1,0,8,August,Winter,Sunday,10:00 - 11:59,Midday / afternoon,False,False,True,True
1362703,Injury,Serious Injury,2024,2024,July,Monday,12:00 - 13:59,KING GEORGES,RD,0,Right on the spot,MORGAN,ST,BEVERLY HILLS,200.0,Yes,No,T-junction,-33.949471,151.080762,Georges River,Sydney metro. area,Syd-Newc-Woll Gtr conurbation,Straight,,,,Off,Sealed,Dry,Fine,Daylight,On,No traffic controls,60 km/h,State,35,Lane change left,307,Same - Lane change left,,Other angle,Motorcycle,4 wheel drive / SUV,2,0,1,0,0,7,July,Winter,Monday,12:00 - 13:59,Midday / afternoon,False,False,True,True
1362705,Injury,Moderate Injury,2024,2024,August,Sunday,20:00 - 21:59,BROWN,ST,10,West,COMADORE,CL,RAYMOND TERRACE,,No,Not a school zone,T-junction,-32.755812,151.763558,Port Stephens,Country urban,Rest of NSW - Urban,Curved,,,,Nil,Sealed,Dry,Fine,Darkness,Nil,No traffic controls,50 km/h,Local,0,Ped nearside,1,Ped - Near side,,Vehicle - Pedestrian,Light truck utility(from 2018),Pedestrian,2,0,0,1,0,8,August,Winter,Sunday,20:00 - 21:59,Evening / night,False,False,True,True
1362706,Injury,Minor/Other Injury,2024,2024,August,Tuesday,14:00 - 15:59,OLYMPIC,HWY,5000,South,KOORAWATHA,TN,CROWTHER,78.0,No,Not a school zone,2-way undivided,-34.083626,148.518606,Hilltops,Country non-urban,Rest of NSW - Rural,Curved,,,,Nil,Sealed,Dry,Fine,Daylight,Nil,No traffic controls,100 km/h,State,81,Off left/rt bnd=>obj,803,Off right bend into obj,Left,Vehicle - Object,Large rigid,,1,0,0,0,1,8,August,Winter,Tuesday,14:00 - 15:59,Midday / afternoon,False,False,True,True
1362708,Injury,Moderate Injury,2024,2024,July,Tuesday,12:00 - 13:59,OXFORD,ST,0,Right on the spot,VICTORIA,ST,DARLINGHURST,172.0,No,Not a school zone,X-intersection,-33.881533,151.219068,Sydney,Sydney metro. area,Syd-Newc-Woll Gtr conurbation,Straight,Foot/cycle path/nature strip,,,Off,Sealed,Dry,Fine,Daylight,On,Ped crossing,50 km/h,State,48,From footpath,408,Manov - From footway,,Other angle,Pedal cycle,Motor scooter,2,0,0,1,0,7,July,Winter,Tuesday,12:00 - 13:59,Midday / afternoon,False,False,True,True
1362709,Injury,Serious Injury,2024,2024,August,Sunday,06:00 - 07:59,PACIFIC,HWY,140,North,RYANS,RD,LAKE INNES,10.0,No,Not a school zone,Divided road,-31.51544,152.794807,Port Macquarie-Hastings,Country non-urban,Rest of NSW - Rural,Curved,,,,Nil,Sealed,Dry,Fine,Dawn,Nil,No traffic controls,110 km/h,State,83,Off rt/rt bnd=>obj,803,Off right bend into obj,Right,Vehicle - Object,4 wheel drive / SUV,,1,0,1,0,0,8,August,Winter,Sunday,06:00 - 07:59,AM peak / school commute,True,False,True,True
1362710,Injury,Serious Injury,2024,2024,August,Tuesday,06:00 - 07:59,KING,ST,0,Right on the spot,CLARENCE,ST,SYDNEY,7308.0,No,Not a school zone,X-intersection,-33.86874,151.205277,Sydney,Sydney metro. area,Syd-Newc-Woll Gtr conurbation,Straight,,,,Off,Sealed,Dry,Fine,Dawn,On,No traffic controls,40 km/h,Regional,10,Cross traffic,101,Adj - Cross traffic,,Right angle,Light truck,Car (sedan/hatch),2,0,1,0,1,8,August,Winter,Tuesday,06:00 - 07:59,AM peak / school commute,True,False,True,True
1362712,Injury,Moderate Injury,2024,2024,July,Wednesday,16:00 - 17:59,CANTERBURY,RD,200,East,KING GEORGES,RD,WILEY PARK,167.0,No,Not a school zone,Divided road,-33.929035,151.074502,Canterbury-Bankstown,Sydney metro. area,Syd-Newc-Woll Gtr conurbation,Straight,,,,Off,Sealed,Dry,Fine,Daylight,Nil,No traffic controls,60 km/h,State,35,Lane change left,307,Same - Lane change left,,Other angle,Car (sedan/hatch),Car (sedan/hatch),4,0,0,1,0,7,July,Winter,Wednesday,16:00 - 17:59,PM peak / evening commute,True,False,True,True
1362717,Injury,Minor/Other Injury,2024,2024,August,Sunday,02:00 - 03:59,NEW ENGLAND,HWY,100,West,ALLANDALE,RD,ALLANDALE,9.0,No,Not a school zone,Divided road,-32.708862,151.424969,Maitland,Country non-urban,Rest of NSW - Rural,Curved,,,,Nil,Sealed,Dry,Fine,Darkness,Nil,No traffic controls,90 km/h,State,67,Struck animal,609,On path - Hit animal,,Vehicle - Animal,4 wheel drive / SUV,,1,0,0,0,1,8,August,Winter,Sunday,02:00 - 03:59,Late night / early morning,False,False,True,True
1362720,Injury,Minor/Other Injury,2024,2024,August,Sunday,16:00 - 17:59,MAIN ARM,RD,3500,West,MACCAS CAMPING GROUND,OT,UPPER MAIN ARM,,No,Not a school zone,2-way undivided,-28.487165,153.383696,Byron,Country non-urban,Rest of NSW - Rural,Curved,,,,Nil,Sealed,Dry,Fine,Daylight,Nil,No traffic controls,100 km/h,Local,81,Off left/rt bnd=>obj,803,Off right bend into obj,Left,Vehicle - Object,Motorcycle,,1,0,0,0,1,8,August,Winter,Sunday,16:00 - 17:59,PM peak / evening commute,True,False,True,True
1362724,Injury,Serious Injury,2024,2024,August,Friday,14:00 - 15:59,POWER,ST,300,West,GLENDENNING,RD,GLENDENNING,7159.0,No,Not a school zone,2-way undivided,-33.752575,150.848883,Blacktown,Sydney metro. area,Syd-Newc-Woll Gtr conurbation,Straight,Painted double centre lines,,,On,Sealed,Dry,Fine,Daylight,Nil,No traffic controls,60 km/h,Regional,40,U turn,304,Same - U-turn,,Other angle,Car (sedan/hatch),Car (sedan/hatch),2,0,1,0,0,8,August,Winter,Friday,14:00 - 15:59,Midday / afternoon,False,False,True,True
1362726,Injury,Serious Injury,2024,2024,August,Thursday,14:00 - 15:59,THE HORSLEY,DR,0,Right on the spot,VINEYARD,AVE,SMITHFIELD,609.0,No,Not a school zone,T-junction,-33.855174,150.945241,Fairfield,Sydney metro. area,Syd-Newc-Woll Gtr conurbation,Straight,,,,Nil,Sealed,Dry,Fine,Daylight,Nil,Give way sign,60 km/h,State,40,U turn,207,Opp - U-turn,,Other angle,Light truck,4 wheel drive / SUV,2,0,1,0,0,8,August,Winter,Thursday,14:00 - 15:59,Midday / afternoon,False,False,True,True
1362729,Injury,Serious Injury,2024,2024,August,Saturday,18:00 - 19:59,PACIFIC,HWY,100,South,BROOKS,AVE,WYOMING,10.0,No,Not a school zone,Divided road,-33.400413,151.348033,Central Coast,Country urban,Syd-Newc-Woll Gtr conurbation,Straight,Steep grade,,,Nil,Sealed,Dry,Fine,Darkness,Nil,No traffic controls,60 km/h,State,73,Off rd rght => obj,704,Right off cway into obj,,Vehicle - Object,Light truck utility(from 2018),,1,0,1,0,0,8,August,Winter,Saturday,18:00 - 19:59,PM peak / evening commute,True,False,True,True
1362730,Injury,Serious Injury,2024,2024,July,Monday,12:00 - 13:59,NOWENDOC,RD,6500,West,GLOUCESTER,RD,KILLAWARRA,,No,Not a school zone,2-way undivided,-31.894438,152.254182,Mid-Coast,Country non-urban,Rest of NSW - Rural,Curved,Embankment/cutting,,,Nil,Sealed,Dry,Fine,Daylight,Nil,No traffic controls,100 km/h,Local,85,Off rt/lft bnd=>obj,804,Off left bend into obj,Right,Vehicle - Object,4 wheel drive / SUV,,1,0,1,0,0,7,July,Winter,Monday,12:00 - 13:59,Midday / afternoon,False,False,True,True
1362731,Injury,Serious Injury,2024,2024,August,Monday,14:00 - 15:59,NARELLAN,RD,10,West,HUME HIGHWAY,TO,BLAIRMOUNT,178.0,No,Not a school zone,Divided road,-34.060156,150.781956,Campbelltown,Sydney metro. area,Syd-Newc-Woll Gtr conurbation,Curved,,,Other hazardous feature,Off,Sealed,Dry,Fine,Daylight,Nil,No traffic controls,80 km/h,State,88,Out of cont on bend,805,Out of control on bend,,Rollover,Motorcycle,,1,0,1,0,0,8,August,Winter,Monday,14:00 - 15:59,Midday / afternoon,False,False,True,True