crash_id,degree_of_crash,degree_of_crash_-_detailed,reporting_year,year_of_crash,month_of_crash,day_of_week_of_crash,two-hour_intervals,street_of_crash,street_type,distance,direction,identifying_feature,identifying_feature_type,town,route_no.,school_zone_location,school_zone_active,type_of_location,latitude,longitude,lga,urbanisation,conurbation_1,alignment,primary_permanent_feature,primary_temporary_feature,primary_hazardous_feature,street_lighting,road_surface,surface_condition,weather,natural_lighting,signals_operation,other_traffic_control,speed_limit,road_classification_(admin),rum_-_code,rum_-_description,dca_-_code,dca_-_description,dca_supplement,first_impact_type,key_tu_type,other_tu_type,no._of_traffic_units_involved,no._killed,no._seriously_injured,no._moderately_injured,no._minor-other_injured,month_num,month_label,season,day_label,time_label,time_band,is_peak_commute,is_fatal,is_injury,is_casualty
1362732,Injury,Moderate Injury,2024,2024,September,Thursday,14:00 - 15:59,MACQUARIE,ST,40,South,CHURCH,ST,DUBBO,,No,Not a school zone,Divided road,-32.24725,148.601299,Dubbo Regional,Country urban,Rest of NSW - Urban,Straight,,,,Nil,Sealed,Dry,Fine,Daylight,Nil,No traffic controls,50 km/h,Local,44,Parking vehicles,403,Manov - Parking-parked vehicle,,Other angle,Car (sedan/hatch),4 wheel drive / SUV,2,0,0,2,0,9,September,Spring,Thursday,14:00 - 15:59,Midday / afternoon,False,False,True,True
1362734,Injury,Serious Injury,2024,2024,May,Friday,14:00 - 15:59,ENMORE,RD,0,Right on the spot,NUMBER 21-25,HN,NEWTOWN,167.0,No,Not a school zone,2-way undivided,-33.898263,151.177225,Inner West,Sydney metro. area,Syd-Newc-Woll Gtr conurbation,Straight,,,,Off,Sealed,Dry,Fine,Daylight,Nil,No traffic controls,40 km/h,State,90,Fell in/from vehicle,901,Fell in/from vehicle,,Person - Object,Car (sedan/hatch),,1,0,1,0,0,5,May,Autumn,Friday,14:00 - 15:59,Midday / afternoon,False,False,True,True
1362735,Injury,Serious Injury,2024,2024,August,Sunday,12:00 - 13:59,MT LINDESAY,RD,100,West,SUMMERLAND,WAY,LINDESAY CREEK,622.0,No,Not a school zone,2-way undivided,-28.381777,152.651265,Kyogle,Country non-urban,Rest of NSW - Rural,Curved,,,,Nil,Sealed,Dry,Fine,Daylight,Nil,No traffic controls,100 km/h,Regional,88,Out of cont on bend,805,Out of control on bend,,Rollover,Motorcycle,,1,0,1,0,0,8,August,Winter,Sunday,12:00 - 13:59,Midday / afternoon,False,False,True,True
1362736,Injury,Moderate Injury,2024,2024,August,Thursday,10:00 - 11:59,KIDMAN,WAY,1700,North,WHITTON,RD,DARLINGTON POINT,321.0,No,Not a school zone,2-way undivided,-34.552561,146.004943,Murrumbidgee,Country non-urban,Rest of NSW - Rural,Straight,,,,Nil,Sealed,Dry,Fine,Daylight,Nil,No traffic controls,100 km/h,State,20,Head on,201,Opp - Head on,,Head-on,4 wheel drive / SUV,Road train,2,0,0,1,0,8,August,Winter,Thursday,10:00 - 11:59,Midday / afternoon,False,False,True,True
1362738,Injury,Serious Injury,2024,2024,June,Friday,10:00 - 11:59,SACKVILLE,ST,0,Right on the spot,HARDY,ST,FAIRFIELD,7221.0,No,Not a school zone,T-junction,-33.867663,150.948708,Fairfield,Sydney metro. area,Syd-Newc-Woll Gtr conurbation,Straight,,,,Off,Sealed,Wet,Overcast,Daylight,Nil,No traffic controls,60 km/h,Regional,21,Right through,202,Opp - Right-thru,,Other angle,Car (sedan/hatch),4 wheel drive / SUV,2,0,2,0,0,6,June,Winter,Friday,10:00 - 11:59,Midday / afternoon,False,False,True,True
1362739,Injury,Serious Injury,2024,2024,August,Saturday,10:00 - 11:59,JAMES COOK,DR,0,Right on the spot,RAVENHILL,ST,KINGS LANGLEY,,No,Not a school zone,Roundabout,-33.742097,150.922798,Blacktown,Sydney metro. area,Syd-Newc-Woll Gtr conurbation,Straight,,,,Off,Sealed,Dry,Fine,Daylight,Nil,Give way sign,50 km/h,Local,36,Right turn sideswipe,308,Same - Rgt turn side swipe,,Other angle,4 wheel drive / SUV,Motorcycle,2,0,1,1,0,8,August,Winter,Saturday,10:00 - 11:59,Midday / afternoon,False,False,True,True
1362741,Injury,Serious Injury,2024,2024,September,Friday,14:00 - 15:59,OLD WINDSOR,RD,0,Right on the spot,VALERIE,AVE,BAULKHAM HILLS,635.0,No,Not a school zone,T-junction,-33.763474,150.957951,The Hills,Sydney metro. area,Syd-Newc-Woll Gtr conurbation,Straight,Steep grade,,,Off,Sealed,Dry,Fine,Daylight,Nil,Stop sign,80 km/h,State,21,Right through,202,Opp - Right-thru,,Other angle,Car (sedan/hatch),Car (sedan/hatch),2,0,2,0,0,9,September,Spring,Friday,14:00 - 15:59,Midday / afternoon,False,False,True,True
1362744,Injury,Moderate Injury,2024,2024,July,Thursday,12:00 - 13:59,FIVE ISLANDS,RD,400,South,THE ESPLANADE,MS,TERALBA,217.0,No,Not a school zone,Divided road,-32.959778,151.613748,Lake Macquarie,Newcastle met. area,Syd-Newc-Woll Gtr conurbation,Straight,Steep grade,,,Nil,Sealed,Dry,Fine,Daylight,Nil,No traffic controls,80 km/h,State,30,Rear end,301,Same - Rear end,,Rear end,Light truck utility(from 2018),4 wheel drive / SUV,3,0,0,1,0,7,July,Winter,Thursday,12:00 - 13:59,Midday / afternoon,False,False,True,True
1362745,Injury,Moderate Injury,2024,2024,July,Friday,22:00 - Midnight,STONEY CREEK,RD,0,Right on the spot,CENTRAL,RD,BEVERLY HILLS,665.0,No,Not a school zone,T-junction,-33.957709,151.071976,Georges River,Sydney metro. area,Syd-Newc-Woll Gtr conurbation,Straight,Foot/cycle path/nature strip,,,On,Sealed,Dry,Fine,Darkness,Nil,No traffic controls,60 km/h,State,48,From footpath,408,Manov - From footway,,Other angle,Pedal cycle,Car (sedan/hatch),2,0,0,1,0,7,July,Winter,Friday,22:00 - Midnight,Evening / night,False,False,True,True
1362746,Injury,Serious Injury,2024,2024,September,Friday,16:00 - 17:59,WEST DAPTO,RD,600,North,SHEAFFES,RD,KEMBLA GRANGE,,No,Not a school zone,2-way undivided,-34.469237,150.796121,Wollongong,Wollongong met. area,Syd-Newc-Woll Gtr conurbation,Curved,Painted double centre lines,,,Nil,Sealed,Dry,Fine,Dusk,Nil,No traffic controls,80 km/h,Local,20,Head on,201,Opp - Head on,,Head-on,Car (sedan/hatch),4 wheel drive / SUV,2,0,4,0,0,9,September,Spring,Friday,16:00 - 17:59,PM peak / evening commute,True,False,True,True
1362747,Injury,Serious Injury,2024,2024,September,Tuesday,18:00 - 19:59,VAUGHAN,ST,0,Right on the spot,WOODBURN,RD,LIDCOMBE,2096.0,No,Not a school zone,X-intersection,-33.864209,151.036077,Cumberland,Sydney metro. area,Syd-Newc-Woll Gtr conurbation,Straight,,,,On,Sealed,Dry,Fine,Darkness,On,No traffic controls,50 km/h,Regional,13,Right near,104,Adj - Right-thru from right,,Right angle,Car (sedan/hatch),Unknown motor vehicle,2,0,1,0,0,9,September,Spring,Tuesday,18:00 - 19:59,PM peak / evening commute,True,False,True,True
1362748,Injury,Serious Injury,2024,2024,August,Sunday,10:00 - 11:59,COMBOYNE,RD,250,North,O'SULLIVANS,LANE,COMBOYNE,7743.0,No,Not a school zone,2-way undivided,-31.577442,152.498195,Port Macquarie-Hastings,Country non-urban,Rest of NSW - Rural,Curved,Ditch/drain/culvert,,,Nil,Sealed,Dry,Fine,Daylight,Nil,No traffic controls,100 km/h,Regional,84,Off right/left bend,802,Off cway left bend,Right,Rollover,Motorcycle,,1,0,1,0,0,8,August,Winter,Sunday,10:00 - 11:59,Midday / afternoon,False,False,True,True
1362751,Injury,Serious Injury,2024,2024,September,Thursday,00:01 - 01:59,KURMOND,RD,40,West,MEADOWS,RD,NORTH RICHMOND,,No,Not a school zone,2-way undivided,-33.551575,150.745642,Hawkesbury,Country urban,Syd-Newc-Woll Gtr conurbation,Curved,,,,Nil,Sealed,Dry,Fine,Darkness,Nil,No traffic controls,80 km/h,Local,81,Off left/rt bnd=>obj,803,Off right bend into obj,Left,Vehicle - Object,Utility,,1,0,1,0,0,9,September,Spring,Thursday,00:01 - 01:59,Late night / early morning,False,False,True,True
1362753,Injury,Moderate Injury,2024,2024,August,Friday,12:00 - 13:59,PEISLEY,ST,50,North,KITE,ST,ORANGE,245.0,No,Not a school zone,Divided road,-33.28564,149.103324,Orange,Country urban,Rest of NSW - Urban,Straight,,,,Nil,Sealed,Dry,Fine,Daylight,Nil,No traffic controls,50 km/h,Regional,20,Head on,201,Opp - Head on,,Head-on,Car (sedan/hatch),4 wheel drive / SUV,2,0,0,1,0,8,August,Winter,Friday,12:00 - 13:59,Midday / afternoon,False,False,True,True
1362756,Injury,Serious Injury,2024,2024,August,Saturday,18:00 - 19:59,MEDOWIE,RD,100,North,NELSON BAY,RD,WILLIAMTOWN,518.0,No,Not a school zone,2-way undivided,-32.806914,151.850308,Port Stephens,Country urban,Rest of NSW - Urban,Straight,,,,Nil,Sealed,Dry,Fine,Darkness,Nil,No traffic controls,80 km/h,Regional,2,Ped far side,3,Ped - Far side,,Vehicle - Pedestrian,4 wheel drive / SUV,Pedestrian,2,0,1,0,0,8,August,Winter,Saturday,18:00 - 19:59,PM peak / evening commute,True,False,True,True
1362757,Injury,Serious Injury,2024,2024,September,Thursday,10:00 - 11:59,LACHLAN VALLEY,WAY,32600,South,COWRA,TN,GODFREYS CREEK,56.0,No,Not a school zone,2-way undivided,-34.104439,148.742263,Hilltops,Country non-urban,Rest of NSW - Rural,Curved,Painted double centre lines,,,Nil,Sealed,Wet,Overcast,Daylight,Nil,No traffic controls,100 km/h,State,85,Off rt/lft bnd=>obj,804,Off left bend into obj,Right,Vehicle - Object,4 wheel drive / SUV,,1,0,1,0,0,9,September,Spring,Thursday,10:00 - 11:59,Midday / afternoon,False,False,True,True
1362758,Injury,Moderate Injury,2024,2024,June,Wednesday,18:00 - 19:59,FAIRFIELD,ST,0,Right on the spot,COCKBURN,CRES,FAIRFIELD EAST,7232.0,No,Not a school zone,T-junction,-33.869498,150.963241,Fairfield,Sydney metro. area,Syd-Newc-Woll Gtr conurbation,Straight,,,,On,Sealed,Dry,Fine,Darkness,Nil,No entry/wrong way,60 km/h,Regional,37,Left turn sideswipe,309,Same - Left turn side swipe,,Other angle,Car (sedan/hatch),4 wheel drive / SUV,2,0,0,1,0,6,June,Winter,Wednesday,18:00 - 19:59,PM peak / evening commute,True,False,True,True
1362759,Injury,Moderate Injury,2024,2024,August,Saturday,18:00 - 19:59,BALMORAL,ST,0,Right on the spot,KILDARE,RD,BLACKTOWN,683.0,No,Not a school zone,X-intersection,-33.768897,150.904354,Blacktown,Sydney metro. area,Syd-Newc-Woll Gtr conurbation,Straight,Steep grade,,,On,Sealed,Dry,Fine,Dusk,On,No traffic controls,60 km/h,State,10,Cross traffic,101,Adj - Cross traffic,,Right angle,Car (sedan/hatch),Car (sedan/hatch),3,0,0,1,0,8,August,Winter,Saturday,18:00 - 19:59,PM peak / evening commute,True,False,True,True
1362760,Injury,Serious Injury,2024,2024,August,Friday,06:00 - 07:59,VICTORIA,RD,0,Right on the spot,GLENAYR,AVE,WEST RYDE,165.0,No,Not a school zone,T-junction,-33.805772,151.076781,Ryde,Sydney metro. area,Syd-Newc-Woll Gtr conurbation,Curved,Steep grade,,,Off,Sealed,Dry,Fine,Daylight,Nil,No traffic controls,70 km/h,State,81,Off left/rt bnd=>obj,803,Off right bend into obj,Left,Vehicle - Object,Motorcycle,,1,0,1,0,0,8,August,Winter,Friday,06:00 - 07:59,AM peak / school commute,True,False,True,True
1362761,Injury,Moderate Injury,2024,2024,August,Wednesday,14:00 - 15:59,MOORE-OXLEY,BYPA,0,Right on the spot,BROUGHTON,ST,CAMPBELLTOWN,177.0,No,Not a school zone,X-intersection,-34.066683,150.819605,Campbelltown,Sydney metro. area,Syd-Newc-Woll Gtr conurbation,Straight,,,,Off,Sealed,Dry,Fine,Daylight,On,No traffic controls,60 km/h,State,13,Right near,104,Adj - Right-thru from right,,Right angle,4 wheel drive / SUV,Light truck utility(from 2018),2,0,0,1,0,8,August,Winter,Wednesday,14:00 - 15:59,Midday / afternoon,False,False,True,True
1362762,Injury,Serious Injury,2024,2024,September,Monday,20:00 - 21:59,RICHMOND,RD,40,West,CURRAN,RD,MARAYONG,643.0,No,Not a school zone,Divided road,-33.754209,150.890215,Blacktown,Sydney metro. area,Syd-Newc-Woll Gtr conurbation,Straight,,,,On,Sealed,Dry,Fine,Darkness,Nil,No traffic controls,60 km/h,State,73,Off rd rght => obj,704,Right off cway into obj,,Vehicle - Object,Car (sedan/hatch),,2,0,1,1,1,9,September,Spring,Monday,20:00 - 21:59,Evening / night,False,False,True,True
1362766,Injury,Moderate Injury,2024,2024,August,Saturday,04:00 - 05:59,NELSON BAY,RD,2500,East,MARSH,RD,BOBS FARM,108.0,No,Not a school zone,Divided road,-32.791246,151.958295,Port Stephens,Country non-urban,Rest of NSW - Rural,Straight,,,,Nil,Sealed,Wet,Raining,Dawn,Nil,No traffic controls,100 km/h,State,71,Off rd left => obj,703,Left off cway into object,,Vehicle - Object,4 wheel drive / SUV,,1,0,0,1,0,8,August,Winter,Saturday,04:00 - 05:59,Late night / early morning,False,False,True,True
1362769,Injury,Serious Injury,2024,2024,September,Tuesday,14:00 - 15:59,ANDREW,ST,0,Right on the spot,NUMBER 16,HN,WEST RYDE,,No,Not a school zone,2-way undivided,-33.814627,151.080339,Ryde,Sydney metro. area,Syd-Newc-Woll Gtr conurbation,Straight,Driveway/entrance,,,Nil,Sealed,Dry,Fine,Daylight,Nil,No traffic controls,50 km/h,Local,47,Emerging from drive,406,Manov - Emerging from driveway,,Right angle,Station wagon,Car (sedan/hatch),2,0,1,1,1,9,September,Spring,Tuesday,14:00 - 15:59,Midday / afternoon,False,False,True,True
1362773,Injury,Moderate Injury,2024,2024,August,Friday,08:00 - 09:59,PACIFIC,HWY,50,West,TOMAGO,RD,TOMAGO,10.0,No,Not a school zone,Divided road,-32.816632,151.695886,Port Stephens,Country urban,Rest of NSW - Urban,Straight,Ditch/drain/culvert,,,Off,Sealed,Wet,Fine,Daylight,Nil,No traffic controls,80 km/h,State,33,Lane sideswipe,305,Same - Lane side swipe,,Other angle,4 wheel drive / SUV,4 wheel drive / SUV,3,0,0,1,1,8,August,Winter,Friday,08:00 - 09:59,AM peak / school commute,True,False,True,True
1362780,Injury,Minor/Other Injury,2024,2024,August,Wednesday,18:00 - 19:59,TC FRITH,AVE,10,South,MAIN,RD,BOOLAROO,217.0,No,Not a school zone,Roundabout,-32.945496,151.62324,Lake Macquarie,Newcastle met. area,Syd-Newc-Woll Gtr conurbation,Straight,Foot/cycle path/nature strip,,,Unknown / not stated,Sealed,Dry,Fine,Darkness,Nil,No traffic controls,50 km/h,State,30,Rear end,301,Same - Rear end,,Rear end,4 wheel drive / SUV,Light truck,2,0,0,0,1,8,August,Winter,Wednesday,18:00 - 19:59,PM peak / evening commute,True,False,True,True
1362781,Injury,Serious Injury,2024,2024,June,Wednesday,14:00 - 15:59,DUFFYS,RD,10,West,CRESTSIDE,CL,TERRIGAL,,No,Not a school zone,T-junction,-33.444517,151.426753,Central Coast,Country urban,Syd-Newc-Woll Gtr conurbation,Curved,,,,Off,Sealed,Dry,Fine,Daylight,Nil,No traffic controls,50 km/h,Local,13,Right near,104,Adj - Right-thru from right,,Right angle,Car (sedan/hatch),Car (sedan/hatch),2,0,1,0,0,6,June,Winter,Wednesday,14:00 - 15:59,Midday / afternoon,False,False,True,True
1362784,Injury,Minor/Other Injury,2024,2024,August,Friday,16:00 - 17:59,PARK,RD,0,Right on the spot,RAMSGATE,RD,KOGARAH BAY,624.0,No,Not a school zone,T-junction,-33.982732,151.126996,Georges River,Sydney metro. area,Syd-Newc-Woll Gtr conurbation,Curved,,,,On,Sealed,Wet,Raining,Dusk,Nil,Give way sign,60 km/h,Regional,13,Right near,104,Adj - Right-thru from right,,Right angle,Passenger van,Pedal cycle,2,0,0,0,1,8,August,Winter,Friday,16:00 - 17:59,PM peak / evening commute,True,False,True,True
1362787,Injury,Moderate Injury,2024,2024,September,Tuesday,18:00 - 19:59,ROSE,ST,0,Right on the spot,VIOLET,ST,CROYDON PARK,,No,Not a school zone,Roundabout,-33.893959,151.102172,Burwood,Sydney metro. area,Syd-Newc-Woll Gtr conurbation,Straight,Steep grade,,,Off,Sealed,Dry,Fine,Dusk,Nil,Give way sign,50 km/h,Local,10,Cross traffic,101,Adj - Cross traffic,,Right angle,4 wheel drive / SUV,Motor scooter,2,0,0,1,0,9,September,Spring,Tuesday,18:00 - 19:59,PM peak / evening commute,True,False,True,True
1362788,Injury,Moderate Injury,2024,2024,September,Friday,12:00 - 13:59,GREAT WESTERN,HWY,150,West,STOCKLAND,DR,KELSO,5.0,No,Not a school zone,Divided road,-33.418421,149.599986,Bathurst Regional,Country urban,Rest of NSW - Urban,Straight,,,,Off,Sealed,Dry,Fine,Daylight,Nil,No traffic controls,70 km/h,State,30,Rear end,301,Same - Rear end,,Rear end,Other bus,Light truck utility(from 2018),3,0,0,1,0,9,September,Spring,Friday,12:00 - 13:59,Midday / afternoon,False,False,True,True
1362791,Injury,Moderate Injury,2024,2024,September,Monday,02:00 - 03:59,PRINCES,HWY,0,Right on the spot,WEST,ST,BEGA,1.0,No,Not a school zone,Roundabout,-36.665039,149.826601,Bega Valley,Country urban,Rest of NSW - Urban,Curved,,,,On,Sealed,Dry,Fine,Darkness,Nil,Give way sign,80 km/h,State,83,Off rt/rt bnd=>obj,803,Off right bend into obj,Right,Vehicle - Object,Station wagon,,1,0,0,1,0,9,September,Spring,Monday,02:00 - 03:59,Late night / early morning,False,False,True,True
1362792,Injury,Minor/Other Injury,2024,2024,August,Monday,22:00 - Midnight,ELDRIDGE,RD,80,West,CHAPEL,RD,BANKSTOWN,,No,Not a school zone,2-way undivided,-33.93263,151.026797,Canterbury-Bankstown,Sydney metro. area,Syd-Newc-Woll Gtr conurbation,Straight,,,,On,Sealed,Dry,Fine,Darkness,Nil,No traffic controls,50 km/h,Local,30,Rear end,301,Same - Rear end,,Rear end,Unknown motor vehicle,Pedal cycle,2,0,0,0,1,8,August,Winter,Monday,22:00 - Midnight,Evening / night,False,False,True,True
1362793,Injury,Serious Injury,2024,2024,September,Tuesday,16:00 - 17:59,LAKE ALBERT,RD,0,Right on the spot,MEADOW,ST,KOORINGAL,,No,Not a school zone,T-junction,-35.139645,147.375376,Wagga Wagga,Country urban,Rest of NSW - Urban,Straight,,,,Nil,Sealed,Dry,Fine,Dusk,Nil,No traffic controls,60 km/h,Local,20,Head on,201,Opp - Head on,,Head-on,Car (sedan/hatch),Car (sedan/hatch),2,0,1,0,0,9,September,Spring,Tuesday,16:00 - 17:59,PM peak / evening commute,True,False,True,True
1362799,Injury,Serious Injury,2024,2024,August,Sunday,18:00 - 19:59,COMMERCE,ST,0,Right on the spot,WINGHAM,RD,TAREE,192.0,No,Not a school zone,T-junction,-31.902394,152.446415,Mid-Coast,Country urban,Rest of NSW - Urban,Curved,,,,On,Sealed,Wet,Fine,Darkness,Nil,Stop sign,60 km/h,Regional,20,Head on,201,Opp - Head on,,Head-on,Car (sedan/hatch),Light truck utility(from 2018),2,0,1,2,1,8,August,Winter,Sunday,18:00 - 19:59,PM peak / evening commute,True,False,True,True
1362800,Injury,Serious Injury,2024,2024,September,Monday,14:00 - 15:59,MARION,ST,75,West,CUMBERLAND,AVE,CONDELL PARK,7121.0,No,Not a school zone,2-way undivided,-33.916062,151.000244,Canterbury-Bankstown,Sydney metro. area,Syd-Newc-Woll Gtr conurbation,Straight,,,,Off,Sealed,Dry,Fine,Daylight,Nil,No traffic controls,60 km/h,Regional,1,Ped emerging,2,Ped - emerging,,Vehicle - Pedestrian,4 wheel drive / SUV,Pedestrian,2,0,1,0,0,9,September,Spring,Monday,14:00 - 15:59,Midday / afternoon,False,False,True,True
1362802,Injury,Minor/Other Injury,2024,2024,August,Wednesday,04:00 - 05:59,CUMBERLAND,HWY,0,Right on the spot,CARLINGFORD,RD,CARLINGFORD,13.0,No,Not a school zone,T-junction,-33.777714,151.051952,Parramatta,Sydney metro. area,Syd-Newc-Woll Gtr conurbation,Straight,,,,On,Sealed,Dry,Fine,Darkness,On,No traffic controls,60 km/h,State,21,Right through,202,Opp - Right-thru,,Other angle,4 wheel drive / SUV,Light truck,2,0,0,0,1,8,August,Winter,Wednesday,04:00 - 05:59,Late night / early morning,False,False,True,True
1362804,Injury,Serious Injury,2024,2024,August,Monday,22:00 - Midnight,RAILWAY,PDE,0,Right on the spot,WINCHESTER,ST,CARLTON,7006.0,No,Not a school zone,T-junction,-33.968743,151.123372,Georges River,Sydney metro. area,Syd-Newc-Woll Gtr conurbation,Straight,,,,On,Sealed,Dry,Fine,Darkness,Nil,Give way sign,50 km/h,Regional,16,Left near,107,Adj - Left-thru from right,,Right angle,Car (sedan/hatch),Car (sedan/hatch),2,0,1,0,0,8,August,Winter,Monday,22:00 - Midnight,Evening / night,False,False,True,True
1362805,Injury,Serious Injury,2024,2024,September,Tuesday,12:00 - 13:59,SNOWY MOUNTAINS,HWY,0,Right on the spot,BATLOW,RD,GILMORE,4.0,No,Not a school zone,T-junction,-35.335798,148.173694,Snowy Valleys,Country urban,Rest of NSW - Urban,Curved,,,,Nil,Sealed,Dry,Fine,Daylight,Nil,Give way sign,80 km/h,State,81,Off left/rt bnd=>obj,803,Off right bend into obj,Left,Vehicle - Object,4 wheel drive / SUV,,1,0,1,0,0,9,September,Spring,Tuesday,12:00 - 13:59,Midday / afternoon,False,False,True,True
1362809,Injury,Minor/Other Injury,2024,2024,September,Tuesday,08:00 - 09:59,REGENT,ST,0,Right on the spot,NUMBER 70,HN,CHIPPENDALE,170.0,No,Not a school zone,2-way undivided,-33.887822,151.201508,Sydney,Sydney metro. area,Syd-Newc-Woll Gtr conurbation,Straight,Driveway/entrance,,,Nil,Sealed,Dry,Fine,Daylight,Nil,No traffic controls,50 km/h,State,47,Emerging from drive,406,Manov - Emerging from driveway,,Right angle,Car (sedan/hatch),Pedal cycle,2,0,0,0,1,9,September,Spring,Tuesday,08:00 - 09:59,AM peak / school commute,True,False,True,True
1362811,Injury,Moderate Injury,2024,2024,July,Sunday,14:00 - 15:59,ALLISON,DR,10,West,LANGLEY,AVE,GLENMORE PARK,,No,Not a school zone,T-junction,-33.782086,150.670488,Penrith,Sydney metro. area,Syd-Newc-Woll Gtr conurbation,Curved,Steep grade,,,Off,Sealed,Dry,Fine,Daylight,Nil,No traffic controls,50 km/h,Local,20,Head on,201,Opp - Head on,,Head-on,Motorcycle,4 wheel drive / SUV,3,0,0,1,0,7,July,Winter,Sunday,14:00 - 15:59,Midday / afternoon,False,False,True,True
1362815,Injury,Minor/Other Injury,2024,2024,August,Tuesday,10:00 - 11:59,RAMSAY,ST,50,South,NORTHCOTE,ST,HABERFIELD,649.0,No,Not a school zone,2-way undivided,-33.87448,151.134021,Inner West,Sydney metro. area,Syd-Newc-Woll Gtr conurbation,Straight,,,,Off,Sealed,Dry,Fine,Daylight,Nil,No traffic controls,60 km/h,State,30,Rear end,301,Same - Rear end,,Rear end,Car (sedan/hatch),4 wheel drive / SUV,2,0,0,0,1,8,August,Winter,Tuesday,10:00 - 11:59,Midday / afternoon,False,False,True,True
1362816,Injury,Serious Injury,2024,2024,June,Monday,10:00 - 11:59,NEWCASTLE,EXP,100,North,PACIFIC HIGHWAY,OP,BAR POINT,6003.0,No,Not a school zone,Dual freeway,-33.476406,151.189983,Central Coast,Country non-urban,Syd-Newc-Woll Gtr conurbation,Straight,,,,Nil,Sealed,Dry,Fine,Daylight,Nil,No traffic controls,110 km/h,State,30,Rear end,301,Same - Rear end,,Rear end,Car (sedan/hatch),Semi-trailer,2,0,1,0,0,6,June,Winter,Monday,10:00 - 11:59,Midday / afternoon,False,False,True,True
1362817,Injury,Moderate Injury,2024,2024,September,Wednesday,10:00 - 11:59,GREAT WESTERN,HWY,0,Right on the spot,ROSS,ST,CAMPERDOWN,5.0,No,Not a school zone,X-intersection,-33.885161,151.184532,Sydney,Sydney metro. area,Syd-Newc-Woll Gtr conurbation,Straight,,,,On,Sealed,Dry,Fine,Daylight,On,No traffic controls,60 km/h,State,71,Off rd left => obj,703,Left off cway into object,,Vehicle - Object,Light truck utility(from 2018),,1,0,0,1,0,9,September,Spring,Wednesday,10:00 - 11:59,Midday / afternoon,False,False,True,True
1362820,Injury,Moderate Injury,2024,2024,August,Thursday,14:00 - 15:59,POLDING,ST,0,Right on the spot,GRANVILLE,ST,FAIRFIELD HEIGHTS,7222.0,No,Not a school zone,Roundabout,-33.86314,150.947485,Fairfield,Sydney metro. area,Syd-Newc-Woll Gtr conurbation,Straight,,,,Off,Sealed,Dry,Fine,Daylight,Nil,Give way sign,60 km/h,Regional,10,Cross traffic,101,Adj - Cross traffic,,Right angle,Car (sedan/hatch),Motorcycle,2,0,0,1,0,8,August,Winter,Thursday,14:00 - 15:59,Midday / afternoon,False,False,True,True
1362825,Injury,Serious Injury,2024,2024,June,Tuesday,16:00 - 17:59,SODWALLS,RD,5000,East,DIAMOND SWAMP,RD,TARANA,,No,Not a school zone,2-way undivided,-33.519134,149.949069,Lithgow,Country urban,Rest of NSW - Urban,Curved,Steep grade,,,Nil,Sealed,Dry,Fine,Daylight,Nil,No traffic controls,80 km/h,Local,81,Off left/rt bnd=>obj,803,Off right bend into obj,Left,Vehicle - Object,Motorcycle,,1,0,1,0,0,6,June,Winter,Tuesday,16:00 - 17:59,PM peak / evening commute,True,False,True,True
1362826,Injury,Moderate Injury,2024,2024,August,Tuesday,06:00 - 07:59,JOHN RENSHAW,DR,700,West,NEW ENGLAND HWY,TO,BERESFIELD,588.0,No,Not a school zone,Divided road,-32.810429,151.644968,Newcastle,Newcastle met. area,Syd-Newc-Woll Gtr conurbation,Straight,Other bridge,,,Nil,Sealed,Wet,Overcast,Daylight,Nil,No traffic controls,80 km/h,State,73,Off rd rght => obj,704,Right off cway into obj,,Vehicle - Object,Light truck,,1,0,0,1,0,8,August,Winter,Tuesday,06:00 - 07:59,AM peak / school commute,True,False,True,True
1362829,Injury,Moderate Injury,2024,2024,September,Saturday,20:00 - 21:59,COWPASTURE,RD,10,North,NORTH LIVERPOOL,RD,BONNYRIGG HEIGHTS,648.0,No,Not a school zone,X-intersection,-33.894345,150.857193,Fairfield,Sydney metro. area,Syd-Newc-Woll Gtr conurbation,Curved,,,,On,Sealed,Dry,Fine,Darkness,On,No traffic controls,70 km/h,State,30,Rear end,301,Same - Rear end,,Rear end,Motorcycle,Car (sedan/hatch),5,0,0,2,0,9,September,Spring,Saturday,20:00 - 21:59,Evening / night,False,False,True,True
1362831,Injury,Serious Injury,2024,2024,August,Saturday,22:00 - Midnight,AUGUSTINE,ST,50,South,JOHN,ST,HUNTERS HILL,,No,Not a school zone,2-way undivided,-33.831447,151.134544,Hunters Hill,Sydney metro. area,Syd-Newc-Woll Gtr conurbation,Straight,,,,On,Sealed,Dry,Fine,Darkness,Nil,No traffic controls,50 km/h,Local,71,Off rd left => obj,703,Left off cway into object,,Other angle,Light truck utility(from 2018),Car (sedan/hatch),5,0,1,0,0,8,August,Winter,Saturday,22:00 - Midnight,Evening / night,False,False,True,True
1362833,Injury,Moderate Injury,2024,2024,September,Thursday,10:00 - 11:59,WINGEWARRA,ST,20,East,GREVILLEA,CL,DUBBO,,No,Not a school zone,2-way undivided,-32.251541,148.621686,Dubbo Regional,Country urban,Rest of NSW - Urban,Straight,,,,Nil,Sealed,Dry,Fine,Daylight,Nil,No traffic controls,50 km/h,Local,40,U turn,304,Same - U-turn,,Other angle,Car (sedan/hatch),4 wheel drive / SUV,2,0,0,1,0,9,September,Spring,Thursday,10:00 - 11:59,Midday / afternoon,False,False,True,True
1362834,Injury,Moderate Injury,2024,2024,August,Thursday,08:00 - 09:59,WESTERN,EXP,400,West,SILVERWATER ROAD,TO,AUBURN,6004.0,No,Not a school zone,Dual freeway,-33.838987,151.036933,Parramatta,Sydney metro. area,Syd-Newc-Woll Gtr conurbation,Straight,,Roadwks/Detour/Diverson,,Off,Sealed,Dry,Fine,Daylight,Nil,No traffic controls,90 km/h,State,30,Rear end,301,Same - Rear end,,Rear end,Semi-trailer,Large rigid,2,0,0,1,0,8,August,Winter,Thursday,08:00 - 09:59,AM peak / school commute,True,False,True,True