crash_id,degree_of_crash,degree_of_crash_-_detailed,reporting_year,year_of_crash,month_of_crash,day_of_week_of_crash,two-hour_intervals,street_of_crash,street_type,distance,direction,identifying_feature,identifying_feature_type,town,route_no.,school_zone_location,school_zone_active,type_of_location,latitude,longitude,lga,urbanisation,conurbation_1,alignment,primary_permanent_feature,primary_temporary_feature,primary_hazardous_feature,street_lighting,road_surface,surface_condition,weather,natural_lighting,signals_operation,other_traffic_control,speed_limit,road_classification_(admin),rum_-_code,rum_-_description,dca_-_code,dca_-_description,dca_supplement,first_impact_type,key_tu_type,other_tu_type,no._of_traffic_units_involved,no._killed,no._seriously_injured,no._moderately_injured,no._minor-other_injured,month_num,month_label,season,day_label,time_label,time_band,is_peak_commute,is_fatal,is_injury,is_casualty
1362835,Injury,Moderate Injury,2024,2024,September,Saturday,16:00 - 17:59,ALBERTS,LANE,0,Right on the spot,BANKS,RD,EARLWOOD,,No,Not a school zone,T-junction,-33.927281,151.132335,Canterbury-Bankstown,Sydney metro. area,Syd-Newc-Woll Gtr conurbation,Straight,Steep grade,,,Nil,Sealed,Dry,Fine,Daylight,Nil,No traffic controls,50 km/h,Local,73,Off rd rght => obj,704,Right off cway into obj,,Vehicle - Object,Car (sedan/hatch),,1,0,0,1,0,9,September,Spring,Saturday,16:00 - 17:59,PM peak / evening commute,True,False,True,True
1362836,Injury,Moderate Injury,2024,2024,September,Tuesday,16:00 - 17:59,MCKEACHIE,DR,0,Right on the spot,REDGUM,CCT,ABERGLASSLYN,,No,Not a school zone,X-intersection,-32.700927,151.540926,Maitland,Country urban,Rest of NSW - Urban,Straight,,,,On,Sealed,Dry,Fine,Dusk,Nil,Give way sign,50 km/h,Local,21,Right through,202,Opp - Right-thru,,Other angle,4 wheel drive / SUV,Car (sedan/hatch),2,0,0,2,0,9,September,Spring,Tuesday,16:00 - 17:59,PM peak / evening commute,True,False,True,True
1362839,Injury,Moderate Injury,2024,2024,August,Saturday,20:00 - 21:59,BEAMES,AVE,0,Right on the spot,COATES,ST,MOUNT DRUITT,,No,Not a school zone,Roundabout,-33.769736,150.819466,Blacktown,Sydney metro. area,Syd-Newc-Woll Gtr conurbation,Straight,Ditch/drain/culvert,,,On,Sealed,Dry,Fine,Darkness,Nil,Give way sign,50 km/h,Local,30,Rear end,301,Same - Rear end,,Rear end,4 wheel drive / SUV,Car (sedan/hatch),2,0,0,2,0,8,August,Winter,Saturday,20:00 - 21:59,Evening / night,False,False,True,True
1362842,Injury,Serious Injury,2024,2024,September,Wednesday,00:01 - 01:59,GREAT WESTERN,HWY,0,Right on the spot,STATION,RD,AUBURN,5.0,No,Not a school zone,X-intersection,-33.843429,151.03973,Cumberland,Sydney metro. area,Syd-Newc-Woll Gtr conurbation,Straight,Bus/transit lane,,,On,Sealed,Dry,Fine,Darkness,On,No right turn,60 km/h,State,21,Right through,202,Opp - Right-thru,,Other angle,4 wheel drive / SUV,4 wheel drive / SUV,2,0,1,0,0,9,September,Spring,Wednesday,00:01 - 01:59,Late night / early morning,False,False,True,True
1362843,Injury,Moderate Injury,2024,2024,August,Friday,12:00 - 13:59,YAMBA,RD,50,West,PALMERS CHANNEL NORTH BANK,RD,PALMERS ISLAND,152.0,No,Not a school zone,2-way undivided,-29.43218,153.265923,Clarence Valley,Country non-urban,Rest of NSW - Rural,Straight,Other bridge,,,Nil,Sealed,Dry,Fine,Daylight,Nil,No traffic controls,90 km/h,Regional,30,Rear end,301,Same - Rear end,,Rear end,Light truck utility(from 2018),4 wheel drive / SUV,2,0,0,2,0,8,August,Winter,Friday,12:00 - 13:59,Midday / afternoon,False,False,True,True
1362846,Injury,Serious Injury,2024,2024,August,Friday,16:00 - 17:59,CUMBERLAND,HWY,0,Right on the spot,WENTWORTH,AVE,WENTWORTHVILLE,13.0,No,Not a school zone,T-junction,-33.805898,150.970119,Parramatta,Sydney metro. area,Syd-Newc-Woll Gtr conurbation,Straight,,,,Off,Sealed,Dry,Fine,Daylight,On,No traffic controls,70 km/h,State,10,Cross traffic,101,Adj - Cross traffic,,Right angle,Light truck utility(from 2018),Light truck utility(from 2018),3,0,1,0,0,8,August,Winter,Friday,16:00 - 17:59,PM peak / evening commute,True,False,True,True
1362849,Injury,Moderate Injury,2024,2024,March,Tuesday,14:00 - 15:59,WATERFALL,WAY,0,Right on the spot,BALD HILLS,RD,HERNANI,76.0,No,Not a school zone,T-junction,-30.350818,152.443788,Clarence Valley,Country non-urban,Rest of NSW - Rural,Straight,Steep grade,,,Nil,Sealed,Dry,Fine,Daylight,Nil,No traffic controls,100 km/h,State,21,Right through,202,Opp - Right-thru,,Other angle,Large rigid,Car (sedan/hatch),2,0,0,1,0,3,March,Autumn,Tuesday,14:00 - 15:59,Midday / afternoon,False,False,True,True
1362851,Injury,Moderate Injury,2024,2024,September,Sunday,00:01 - 01:59,PRINCES,HWY,20,North,ENMORE,RD,NEWTOWN,1.0,No,Not a school zone,2-way undivided,-33.897489,151.178933,Inner West,Sydney metro. area,Syd-Newc-Woll Gtr conurbation,Straight,Other bridge,,,On,Sealed,Dry,Fine,Darkness,Nil,No traffic controls,40 km/h,State,2,Ped far side,3,Ped - Far side,,Vehicle - Pedestrian,4 wheel drive / SUV,Pedestrian,2,0,0,1,0,9,September,Spring,Sunday,00:01 - 01:59,Late night / early morning,False,False,True,True
1362852,Injury,Serious Injury,2024,2024,September,Thursday,18:00 - 19:59,SCHOFIELDS,RD,200,West,WINDSOR,RD,KELLYVILLE RIDGE,687.0,No,Not a school zone,Divided road,-33.691221,150.920261,Blacktown,Sydney metro. area,Syd-Newc-Woll Gtr conurbation,Curved,Steep grade,,,On,Sealed,Dry,Fine,Darkness,Nil,No traffic controls,70 km/h,State,87,Off lft/lft bnd=>obj,804,Off left bend into obj,Left,Vehicle - Object,Motorcycle,,1,0,1,0,0,9,September,Spring,Thursday,18:00 - 19:59,PM peak / evening commute,True,False,True,True
1362853,Injury,Serious Injury,2024,2024,August,Monday,10:00 - 11:59,CANTERBURY,RD,0,Right on the spot,ROSE,ST,PUNCHBOWL,167.0,No,Not a school zone,X-intersection,-33.932465,151.049502,Canterbury-Bankstown,Sydney metro. area,Syd-Newc-Woll Gtr conurbation,Straight,,,,Off,Sealed,Wet,Raining,Daylight,On,No traffic controls,60 km/h,State,21,Right through,202,Opp - Right-thru,,Other angle,Car (sedan/hatch),Utility,2,0,1,0,0,8,August,Winter,Monday,10:00 - 11:59,Midday / afternoon,False,False,True,True
1362854,Injury,Serious Injury,2024,2024,September,Saturday,06:00 - 07:59,WEST KAMERUKA,RD,250,North,CANDELO BEGA,RD,KAMERUKA,,No,Not a school zone,2-way undivided,-36.738833,149.706333,Bega Valley,Country non-urban,Rest of NSW - Rural,Curved,,,Loose gravel shoulder,Nil,Sealed,Dry,Fine,Daylight,Nil,No traffic controls,100 km/h,Local,80,Off left/right bend,801,Off cway right bend,Left,Rollover,Motorcycle,,1,0,1,0,0,9,September,Spring,Saturday,06:00 - 07:59,AM peak / school commute,True,False,True,True
1362855,Injury,Serious Injury,2024,2024,September,Friday,08:00 - 09:59,GREAT WESTERN,HWY,0,Right on the spot,CENTENARY,RD,WENTWORTHVILLE,5.0,No,Not a school zone,X-intersection,-33.815483,150.969528,Cumberland,Sydney metro. area,Syd-Newc-Woll Gtr conurbation,Straight,,,,Nil,Sealed,Dry,Fine,Daylight,On,No traffic controls,80 km/h,State,19,Other adjacent,100,Adj - other,,Right angle,4 wheel drive / SUV,4 wheel drive / SUV,2,0,1,0,0,9,September,Spring,Friday,08:00 - 09:59,AM peak / school commute,True,False,True,True
1362856,Injury,Moderate Injury,2024,2024,July,Sunday,08:00 - 09:59,LITTLE RIVER,RD,0,Right on the spot,NUMBER 483,HN,BRAIDWOOD,,No,Not a school zone,2-way undivided,-35.439309,149.857494,Queanbeyan-Palerang Regional,Country non-urban,Rest of NSW - Rural,Straight,Driveway/entrance,,,Nil,Sealed,Dry,Fine,Daylight,Nil,No traffic controls,100 km/h,Local,32,Right rear,303,Same - Rear right,,Rear end,Light truck utility(from 2018),Light truck utility(from 2018),2,0,0,2,1,7,July,Winter,Sunday,08:00 - 09:59,AM peak / school commute,True,False,True,True
1362858,Injury,Serious Injury,2024,2024,July,Friday,16:00 - 17:59,BRUXNER,HWY,100,East,MUD FLAT,RD,DRAKE,16.0,No,Not a school zone,2-way undivided,-28.905382,152.43681,Tenterfield,Country non-urban,Rest of NSW - Rural,Curved,Embankment/cutting,,,Nil,Sealed,Dry,Fine,Darkness,Nil,No traffic controls,100 km/h,State,80,Off left/right bend,801,Off cway right bend,Left,Rollover,4 wheel drive / SUV,,1,0,2,0,0,7,July,Winter,Friday,16:00 - 17:59,PM peak / evening commute,True,False,True,True
1362859,Injury,Serious Injury,2024,2024,September,Saturday,22:00 - Midnight,COONEMIA,RD,690,North,FOREST,RD,WOLLUMBOOLA,,No,Not a school zone,2-way undivided,-34.972525,150.715214,Shoalhaven,Country non-urban,Rest of NSW - Rural,Curved,Other bridge,,,Nil,Sealed,Dry,Fine,Darkness,Nil,No traffic controls,100 km/h,Local,81,Off left/rt bnd=>obj,803,Off right bend into obj,Left,Vehicle - Object,Station wagon,,1,0,1,0,0,9,September,Spring,Saturday,22:00 - Midnight,Evening / night,False,False,True,True
1362860,Injury,Minor/Other Injury,2024,2024,September,Tuesday,18:00 - 19:59,PENSHURST,ST,30,South,VICTORIA,AVE,NORTH WILLOUGHBY,641.0,No,Not a school zone,2-way undivided,-33.792686,151.195614,Willoughby,Sydney metro. area,Syd-Newc-Woll Gtr conurbation,Straight,,,,On,Sealed,Dry,Fine,Dusk,Nil,No traffic controls,60 km/h,State,33,Lane sideswipe,305,Same - Lane side swipe,,Other angle,Car (sedan/hatch),Motor scooter,2,0,0,0,1,9,September,Spring,Tuesday,18:00 - 19:59,PM peak / evening commute,True,False,True,True
1362861,Injury,Serious Injury,2024,2024,September,Sunday,04:00 - 05:59,BARADINE,RD,2000,West,BARADINE,ST,BARADINE,129.0,No,Not a school zone,2-way undivided,-30.934102,149.045636,Warrumbungle,Country non-urban,Rest of NSW - Rural,Straight,,,,Nil,Sealed,Dry,Fine,Darkness,Nil,No traffic controls,100 km/h,Regional,74,On road-out of cont.,705,Out of control on cway,,Rollover,Light truck utility(from 2018),,1,0,3,0,0,9,September,Spring,Sunday,04:00 - 05:59,Late night / early morning,False,False,True,True
1362863,Injury,Minor/Other Injury,2024,2024,September,Monday,08:00 - 09:59,WYRALLAH,RD,0,Right on the spot,ESMONDE,ST,GIRARDS HILL,7742.0,No,Not a school zone,Roundabout,-28.818887,153.284338,Lismore,Country urban,Rest of NSW - Urban,Straight,,,,Off,Sealed,Dry,Fine,Daylight,Nil,Give way sign,50 km/h,Regional,10,Cross traffic,101,Adj - Cross traffic,,Right angle,Station wagon,Pedal cycle,2,0,0,0,1,9,September,Spring,Monday,08:00 - 09:59,AM peak / school commute,True,False,True,True
1362865,Injury,Serious Injury,2024,2024,September,Sunday,10:00 - 11:59,WISEMANS FERRY,RD,1900,West,SPENCER RFS,OT,SPENCER,225.0,No,Not a school zone,2-way undivided,-33.463278,151.12605,Central Coast,Country urban,Syd-Newc-Woll Gtr conurbation,Straight,Ditch/drain/culvert,,Potholes/corrugations/rough,Nil,Sealed,Wet,Overcast,Daylight,Nil,No traffic controls,80 km/h,Regional,74,On road-out of cont.,705,Out of control on cway,,Rollover,Pedal cycle,,1,0,1,0,0,9,September,Spring,Sunday,10:00 - 11:59,Midday / afternoon,False,False,True,True
1362868,Injury,Minor/Other Injury,2024,2024,September,Saturday,00:01 - 01:59,GWYDIR,HWY,500,West,MT RUSSELL,RD,LITTLE PLAIN,12.0,No,Not a school zone,2-way undivided,-29.723121,150.933619,Inverell,Country non-urban,Rest of NSW - Rural,Straight,,,,Nil,Sealed,Dry,Fine,Darkness,Nil,No traffic controls,100 km/h,State,72,Off road to right,702,Off carriageway to right,,Rollover,Light truck utility(from 2018),,1,0,0,0,1,9,September,Spring,Saturday,00:01 - 01:59,Late night / early morning,False,False,True,True
1362869,Injury,Serious Injury,2024,2024,August,Saturday,14:00 - 15:59,GILCHRIST,DR,0,Right on the spot,KELLICAR,RD,CAMPBELLTOWN,7191.0,No,Not a school zone,X-intersection,-34.073537,150.800594,Campbelltown,Sydney metro. area,Syd-Newc-Woll Gtr conurbation,Straight,,,,Off,Sealed,Dry,Fine,Daylight,On,No traffic controls,60 km/h,Regional,13,Right near,104,Adj - Right-thru from right,,Right angle,4 wheel drive / SUV,Car (sedan/hatch),2,0,1,0,0,8,August,Winter,Saturday,14:00 - 15:59,Midday / afternoon,False,False,True,True
1362870,Injury,Serious Injury,2024,2024,September,Tuesday,08:00 - 09:59,BUCKETTS,WAY,3000,North,ROYS,RD,KRAMBACH,192.0,No,Not a school zone,2-way undivided,-32.013319,152.259152,Mid-Coast,Country urban,Rest of NSW - Urban,Curved,Steep grade,,Potholes/corrugations/rough,Nil,Sealed,Dry,Fine,Daylight,Nil,No traffic controls,80 km/h,Regional,81,Off left/rt bnd=>obj,803,Off right bend into obj,Left,Vehicle - Object,Motorcycle,,1,0,1,0,0,9,September,Spring,Tuesday,08:00 - 09:59,AM peak / school commute,True,False,True,True
1362871,Injury,Serious Injury,2024,2024,September,Wednesday,06:00 - 07:59,RICHMOND,RD,500,East,HILL END,RD,QUAKERS HILL,643.0,No,Not a school zone,Divided road,-33.745911,150.877837,Blacktown,Sydney metro. area,Syd-Newc-Woll Gtr conurbation,Straight,,,,Off,Sealed,Dry,Fine,Daylight,Nil,No traffic controls,70 km/h,State,2,Ped far side,3,Ped - Far side,,Vehicle - Pedestrian,Car (sedan/hatch),Pedestrian,2,0,1,0,0,9,September,Spring,Wednesday,06:00 - 07:59,AM peak / school commute,True,False,True,True
1362872,Injury,Moderate Injury,2024,2024,September,Tuesday,16:00 - 17:59,LANG,ST,15,East,WEST,AVE,GLEN INNES,,No,Not a school zone,2-way undivided,-29.742624,151.731622,Glen Innes Severn,Country urban,Rest of NSW - Urban,Straight,Other bridge,,,Nil,Sealed,Dry,Fine,Dusk,Nil,No traffic controls,50 km/h,Local,71,Off rd left => obj,703,Left off cway into object,,Vehicle - Object,Car (sedan/hatch),,1,0,0,1,0,9,September,Spring,Tuesday,16:00 - 17:59,PM peak / evening commute,True,False,True,True
1362874,Injury,Serious Injury,2024,2024,July,Tuesday,10:00 - 11:59,CULLENS,RD,100,East,THE SCENIC,RD,KINCUMBER,7779.0,No,Not a school zone,2-way undivided,-33.47309,151.398751,Central Coast,Country urban,Syd-Newc-Woll Gtr conurbation,Straight,,,Loose gravel shoulder,Nil,Sealed,Dry,Fine,Daylight,Nil,No traffic controls,60 km/h,Regional,4,Ped walk with,5,Ped - Walking with traffic,,Vehicle - Pedestrian,Light truck,Pedestrian,2,0,1,0,0,7,July,Winter,Tuesday,10:00 - 11:59,Midday / afternoon,False,False,True,True
1362875,Injury,Serious Injury,2024,2024,July,Monday,16:00 - 17:59,COORIENGAH HEIGHTS,RD,0,Right on the spot,NUMBER 136,HN,ENGADINE,,No,Not a school zone,2-way undivided,-34.049883,151.012816,Sutherland,Sydney metro. area,Syd-Newc-Woll Gtr conurbation,Curved,,,,On,Sealed,Dry,Fine,Daylight,Nil,No traffic controls,50 km/h,Local,85,Off rt/lft bnd=>obj,804,Off left bend into obj,Right,Other angle,Station wagon,4 wheel drive / SUV,2,0,1,0,0,7,July,Winter,Monday,16:00 - 17:59,PM peak / evening commute,True,False,True,True
1362878,Injury,Moderate Injury,2024,2024,August,Friday,06:00 - 07:59,FAIRFIELD,ST,20,East,VICTORY,ST,YENNORA,7232.0,No,Not a school zone,2-way undivided,-33.8689,150.966047,Fairfield,Sydney metro. area,Syd-Newc-Woll Gtr conurbation,Straight,Painted double centre lines,,,Nil,Sealed,Dry,Fine,Daylight,Nil,No traffic controls,60 km/h,Regional,40,U turn,207,Opp - U-turn,,Other angle,4 wheel drive / SUV,Light truck,2,0,0,1,0,8,August,Winter,Friday,06:00 - 07:59,AM peak / school commute,True,False,True,True
1362880,Injury,Serious Injury,2024,2024,September,Tuesday,14:00 - 15:59,DOBELL,RD,20,West,PROCTOR,WAY,CLAYMORE,,No,Not a school zone,2-way undivided,-34.044876,150.811623,Campbelltown,Sydney metro. area,Syd-Newc-Woll Gtr conurbation,Curved,,,,Off,Sealed,Dry,Fine,Daylight,Nil,No traffic controls,60 km/h,Local,2,Ped far side,3,Ped - Far side,,Vehicle - Pedestrian,Car (sedan/hatch),Pedestrian,2,0,1,0,0,9,September,Spring,Tuesday,14:00 - 15:59,Midday / afternoon,False,False,True,True
1362886,Injury,Moderate Injury,2024,2024,August,Monday,08:00 - 09:59,VICTORIA,RD,0,Right on the spot,ELIZABETH,ST,PARRAMATTA,165.0,No,Not a school zone,X-intersection,-33.809198,151.009544,Parramatta,Sydney metro. area,Syd-Newc-Woll Gtr conurbation,Straight,,,,Off,Sealed,Dry,Fine,Daylight,Nil,Stop sign,60 km/h,State,10,Cross traffic,101,Adj - Cross traffic,,Right angle,Car (sedan/hatch),4 wheel drive / SUV,3,0,0,1,1,8,August,Winter,Monday,08:00 - 09:59,AM peak / school commute,True,False,True,True
1362889,Injury,Minor/Other Injury,2024,2024,September,Monday,22:00 - Midnight,JUNO,PDE,0,Right on the spot,ACACIA,AVE,GREENACRE,636.0,No,Not a school zone,T-junction,-33.907175,151.060292,Canterbury-Bankstown,Sydney metro. area,Syd-Newc-Woll Gtr conurbation,Straight,,,,On,Sealed,Dry,Fine,Darkness,Nil,Give way sign,60 km/h,State,31,Left rear,302,Same - Rear left,,Rear end,Light truck utility(from 2018),Motor scooter,2,0,0,0,1,9,September,Spring,Monday,22:00 - Midnight,Evening / night,False,False,True,True
1362891,Injury,Serious Injury,2024,2024,September,Friday,16:00 - 17:59,GEORGE,ST,150,South,RIFLE RANGE,RD,SOUTH WINDSOR,154.0,No,Not a school zone,2-way undivided,-33.631144,150.792115,Hawkesbury,Country urban,Syd-Newc-Woll Gtr conurbation,Straight,Driveway/entrance,,,Nil,Sealed,Dry,Fine,Daylight,Nil,No traffic controls,60 km/h,State,47,Emerging from drive,406,Manov - Emerging from driveway,,Right angle,Car (sedan/hatch),Motorcycle,2,0,1,0,0,9,September,Spring,Friday,16:00 - 17:59,PM peak / evening commute,True,False,True,True
1362892,Injury,Serious Injury,2024,2024,September,Saturday,18:00 - 19:59,GIPPS,ST,0,Right on the spot,BURWOOD,RD,CONCORD,649.0,No,Not a school zone,X-intersection,-33.865795,151.105985,Canada Bay,Sydney metro. area,Syd-Newc-Woll Gtr conurbation,Straight,,,,On,Sealed,Dry,Fine,Darkness,On,No traffic controls,60 km/h,State,10,Cross traffic,101,Adj - Cross traffic,,Right angle,Motor scooter,4 wheel drive / SUV,2,0,1,1,0,9,September,Spring,Saturday,18:00 - 19:59,PM peak / evening commute,True,False,True,True
1362895,Injury,Serious Injury,2024,2024,July,Tuesday,14:00 - 15:59,NEWCASTLE,EXP,1630,East,PEATS RIDGE ROAD,OP,SOMERSBY,6003.0,No,Not a school zone,Dual freeway,-33.367703,151.327338,Central Coast,Country non-urban,Syd-Newc-Woll Gtr conurbation,Curved,B'down lane/road shldr,,,Nil,Sealed,Wet,Raining,Daylight,Nil,No traffic controls,110 km/h,State,33,Lane sideswipe,305,Same - Lane side swipe,,Other angle,Light truck,4 wheel drive / SUV,2,0,1,0,0,7,July,Winter,Tuesday,14:00 - 15:59,Midday / afternoon,False,False,True,True
1362902,Injury,Serious Injury,2024,2024,September,Tuesday,14:00 - 15:59,DIADEM,ST,0,Right on the spot,MAGELLAN,ST,LISMORE,,No,Not a school zone,Roundabout,-28.813196,153.287233,Lismore,Country urban,Rest of NSW - Urban,Straight,,,,Off,Sealed,Dry,Fine,Daylight,Nil,Give way sign,50 km/h,Local,10,Cross traffic,101,Adj - Cross traffic,,Right angle,Large rigid,Motorcycle,2,0,1,0,0,9,September,Spring,Tuesday,14:00 - 15:59,Midday / afternoon,False,False,True,True
1362903,Injury,Serious Injury,2024,2024,August,Monday,16:00 - 17:59,GILCHRIST,DR,0,Right on the spot,THERRY,RD,ENGLORIE PARK,7191.0,No,Not a school zone,Roundabout,-34.078849,150.797731,Campbelltown,Sydney metro. area,Syd-Newc-Woll Gtr conurbation,Curved,,,,On,Sealed,Dry,Fine,Dusk,Nil,Give way sign,60 km/h,Regional,10,Cross traffic,101,Adj - Cross traffic,,Right angle,Car (sedan/hatch),Motorcycle,2,0,1,0,0,8,August,Winter,Monday,16:00 - 17:59,PM peak / evening commute,True,False,True,True
1362905,Injury,Minor/Other Injury,2024,2024,September,Thursday,18:00 - 19:59,KING,ST,0,Right on the spot,NUMBER 277,HN,MASCOT,,No,Not a school zone,2-way undivided,-33.928684,151.187743,Bayside,Sydney metro. area,Syd-Newc-Woll Gtr conurbation,Straight,Painted double centre lines,,,On,Sealed,Dry,Fine,Darkness,Nil,No traffic controls,50 km/h,Local,40,U turn,207,Opp - U-turn,,Other angle,Station wagon,Pedal cycle,2,0,0,0,1,9,September,Spring,Thursday,18:00 - 19:59,PM peak / evening commute,True,False,True,True
1362907,Injury,Moderate Injury,2024,2024,September,Tuesday,18:00 - 19:59,MARKHAM,ST,5,South,RUSDEN,ST,ARMIDALE,,No,Not a school zone,Roundabout,-30.512915,151.658635,Armidale Regional,Country urban,Rest of NSW - Urban,Straight,,,,On,Sealed,Dry,Fine,Darkness,Nil,Give way sign,50 km/h,Local,71,Off rd left => obj,703,Left off cway into object,,Vehicle - Object,Car (sedan/hatch),,1,0,0,1,0,9,September,Spring,Tuesday,18:00 - 19:59,PM peak / evening commute,True,False,True,True
1362909,Injury,Moderate Injury,2024,2024,August,Saturday,12:00 - 13:59,PITTWATER,RD,10,West,SOUTH CREEK,RD,DEE WHY,164.0,No,Not a school zone,T-junction,-33.745232,151.29423,Northern Beaches,Sydney metro. area,Syd-Newc-Woll Gtr conurbation,Straight,,,,Off,Sealed,Dry,Fine,Daylight,Off,No traffic controls,60 km/h,State,30,Rear end,301,Same - Rear end,,Rear end,Car (sedan/hatch),Station wagon,2,0,0,1,0,8,August,Winter,Saturday,12:00 - 13:59,Midday / afternoon,False,False,True,True
1362912,Injury,Serious Injury,2024,2024,July,Tuesday,12:00 - 13:59,GLANFIELD,ST,70,East,BUNNERONG,RD,MAROUBRA,,No,Not a school zone,2-way undivided,-33.939463,151.229493,Randwick,Sydney metro. area,Syd-Newc-Woll Gtr conurbation,Straight,Driveway/entrance,,,Off,Sealed,Dry,Fine,Daylight,Nil,No traffic controls,50 km/h,Local,3,Ped on carriageway,4,Ped - On carriageway,,Vehicle - Pedestrian,Light truck,Pedestrian,3,0,1,0,0,7,July,Winter,Tuesday,12:00 - 13:59,Midday / afternoon,False,False,True,True
1362914,Injury,Moderate Injury,2024,2024,September,Sunday,00:01 - 01:59,STURT,HWY,320,East,MCNICKLE,RD,ASHMONT,14.0,No,Not a school zone,2-way undivided,-35.122332,147.324773,Wagga Wagga,Country urban,Rest of NSW - Urban,Straight,,,,On,Sealed,Dry,Fine,Darkness,Nil,No traffic controls,80 km/h,State,71,Off rd left => obj,703,Left off cway into object,,Vehicle - Object,Light truck utility(from 2018),,1,0,0,1,0,9,September,Spring,Sunday,00:01 - 01:59,Late night / early morning,False,False,True,True
1362916,Injury,Moderate Injury,2024,2024,July,Sunday,16:00 - 17:59,CENTENARY,DR,10,North,HUME HIGHWAY,OP,STRATHFIELD,200.0,No,Not a school zone,Divided road,-33.885774,151.069048,Strathfield,Sydney metro. area,Syd-Newc-Woll Gtr conurbation,Curved,Steep grade,,,On,Sealed,Dry,Fine,Dusk,Nil,No traffic controls,70 km/h,State,85,Off rt/lft bnd=>obj,804,Off left bend into obj,Right,Vehicle - Object,Motorcycle,,1,0,0,1,0,7,July,Winter,Sunday,16:00 - 17:59,PM peak / evening commute,True,False,True,True
1362917,Injury,Serious Injury,2024,2024,August,Thursday,18:00 - 19:59,CHAPMAN,AVE,0,Right on the spot,ORCHARD,RD,CHATSWOOD,,No,Not a school zone,X-intersection,-33.800571,151.182526,Willoughby,Sydney metro. area,Syd-Newc-Woll Gtr conurbation,Straight,Pedestrian refuge,,,Nil,Sealed,Dry,Fine,Dusk,Nil,Give way sign,50 km/h,Local,0,Ped nearside,1,Ped - Near side,,Vehicle - Pedestrian,Motor scooter,Pedestrian,2,0,1,0,0,8,August,Winter,Thursday,18:00 - 19:59,PM peak / evening commute,True,False,True,True
1362919,Injury,Moderate Injury,2024,2024,July,Wednesday,16:00 - 17:59,GEORGES RIVER,RD,0,Right on the spot,MELROSE,ST,CROYDON PARK,549.0,No,Not a school zone,T-junction,-33.896526,151.103532,Canterbury-Bankstown,Sydney metro. area,Syd-Newc-Woll Gtr conurbation,Straight,,,,On,Sealed,Dry,Fine,Dusk,Nil,No traffic controls,60 km/h,State,13,Right near,104,Adj - Right-thru from right,,Right angle,Light truck,Car (sedan/hatch),2,0,0,1,0,7,July,Winter,Wednesday,16:00 - 17:59,PM peak / evening commute,True,False,True,True
1362921,Injury,Serious Injury,2024,2024,August,Thursday,16:00 - 17:59,BUNNAN,RD,700,East,RIDGELANDS,RD,BUNNAN,62.0,No,Not a school zone,2-way undivided,-32.041444,150.601408,Upper Hunter,Country non-urban,Rest of NSW - Rural,Straight,Embankment/cutting,,,Nil,Sealed,Dry,Fine,Daylight,Nil,No traffic controls,100 km/h,Regional,71,Off rd left => obj,703,Left off cway into object,,Vehicle - Object,4 wheel drive / SUV,,1,0,1,0,0,8,August,Winter,Thursday,16:00 - 17:59,PM peak / evening commute,True,False,True,True
1362926,Injury,Minor/Other Injury,2024,2024,May,Sunday,16:00 - 17:59,PACIFIC,HWY,0,Right on the spot,PARK,ST,BELMONT NORTH,10.0,No,Not a school zone,T-junction,-33.019453,151.668374,Lake Macquarie,Newcastle met. area,Syd-Newc-Woll Gtr conurbation,Straight,,,,Nil,Sealed,Wet,Fine,Dusk,Nil,Give way sign,60 km/h,State,30,Rear end,301,Same - Rear end,,Rear end,Car (sedan/hatch),Motorcycle,2,0,0,0,1,5,May,Autumn,Sunday,16:00 - 17:59,PM peak / evening commute,True,False,True,True
1362928,Injury,Moderate Injury,2024,2024,September,Thursday,02:00 - 03:59,HUME,HWY,0,Right on the spot,MANNING,AVE,STRATHFIELD,2.0,Yes,No,T-junction,-33.892191,151.085159,Strathfield,Sydney metro. area,Syd-Newc-Woll Gtr conurbation,Straight,,,,On,Sealed,Dry,Fine,Darkness,Nil,No traffic controls,60 km/h,State,71,Off rd left => obj,703,Left off cway into object,,Vehicle - Object,Light truck utility(from 2018),,1,0,0,1,0,9,September,Spring,Thursday,02:00 - 03:59,Late night / early morning,False,False,True,True
1362930,Injury,Moderate Injury,2024,2024,September,Tuesday,04:00 - 05:59,KOORINGAL,RD,0,Right on the spot,PLUMPTON,RD,LAKE ALBERT,,No,Not a school zone,Roundabout,-35.154481,147.3694,Wagga Wagga,Country urban,Rest of NSW - Urban,Straight,,,,On,Sealed,Dry,Fog or mist,Darkness,Nil,Give way sign,60 km/h,Local,10,Cross traffic,101,Adj - Cross traffic,,Right angle,Light truck utility(from 2018),4 wheel drive / SUV,2,0,0,1,0,9,September,Spring,Tuesday,04:00 - 05:59,Late night / early morning,False,False,True,True
1362931,Injury,Serious Injury,2024,2024,September,Friday,20:00 - 21:59,SOMMERVILLE,CCT,100,West,DAVID,RD,EMU PLAINS,,No,Not a school zone,2-way undivided,-33.745858,150.659219,Penrith,Sydney metro. area,Syd-Newc-Woll Gtr conurbation,Straight,,,,On,Sealed,Dry,Fine,Darkness,Nil,No traffic controls,50 km/h,Local,73,Off rd rght => obj,704,Right off cway into obj,,Other angle,Utility,Car (sedan/hatch),3,0,1,0,1,9,September,Spring,Friday,20:00 - 21:59,Evening / night,False,False,True,True