crash_id,degree_of_crash,degree_of_crash_-_detailed,reporting_year,year_of_crash,month_of_crash,day_of_week_of_crash,two-hour_intervals,street_of_crash,street_type,distance,direction,identifying_feature,identifying_feature_type,town,route_no.,school_zone_location,school_zone_active,type_of_location,latitude,longitude,lga,urbanisation,conurbation_1,alignment,primary_permanent_feature,primary_temporary_feature,primary_hazardous_feature,street_lighting,road_surface,surface_condition,weather,natural_lighting,signals_operation,other_traffic_control,speed_limit,road_classification_(admin),rum_-_code,rum_-_description,dca_-_code,dca_-_description,dca_supplement,first_impact_type,key_tu_type,other_tu_type,no._of_traffic_units_involved,no._killed,no._seriously_injured,no._moderately_injured,no._minor-other_injured,month_num,month_label,season,day_label,time_label,time_band,is_peak_commute,is_fatal,is_injury,is_casualty
1362932,Injury,Moderate Injury,2024,2024,September,Sunday,22:00 - Midnight,BURNS BAY,RD,65,South,WATERVIEW,DR,LANE COVE WEST,166.0,No,Not a school zone,Divided road,-33.820545,151.150029,Lane Cove,Sydney metro. area,Syd-Newc-Woll Gtr conurbation,Curved,Steep grade,,,On,Sealed,Dry,Fine,Darkness,Nil,No traffic controls,60 km/h,State,81,Off left/rt bnd=>obj,803,Off right bend into obj,Left,Vehicle - Object,Car (sedan/hatch),,1,0,0,1,0,9,September,Spring,Sunday,22:00 - Midnight,Evening / night,False,False,True,True
1362933,Injury,Moderate Injury,2024,2024,September,Tuesday,08:00 - 09:59,M2 HILLS,EXP,3100,East,CUMBERLAND HIGHWAY,OP,CHELTENHAM,6002.0,No,Not a school zone,Dual freeway,-33.763293,151.080418,Hornsby,Sydney metro. area,Syd-Newc-Woll Gtr conurbation,Curved,,,,Off,Sealed,Dry,Fine,Daylight,Nil,No traffic controls,80 km/h,State,30,Rear end,301,Same - Rear end,,Rear end,Light truck,Car (sedan/hatch),2,0,0,1,0,9,September,Spring,Tuesday,08:00 - 09:59,AM peak / school commute,True,False,True,True
1362935,Injury,Serious Injury,2024,2024,August,Saturday,10:00 - 11:59,CHINDERAH BAY,DR,0,Right on the spot,WAUGH,ST,CHINDERAH,,No,Not a school zone,T-junction,-28.232998,153.556339,Tweed,Country urban,Rest of NSW - Urban,Curved,Driveway/entrance,,,Off,Sealed,Dry,Fine,Daylight,Nil,Give way sign,50 km/h,Local,47,Emerging from drive,406,Manov - Emerging from driveway,,Right angle,Light truck utility(from 2018),Pedal cycle,2,0,1,0,0,8,August,Winter,Saturday,10:00 - 11:59,Midday / afternoon,False,False,True,True
1362936,Injury,Moderate Injury,2024,2024,August,Wednesday,14:00 - 15:59,KURRAJONG,RD,100,East,LYN,PDE,PRESTONS,7263.0,No,Not a school zone,2-way undivided,-33.944452,150.883465,Liverpool,Sydney metro. area,Syd-Newc-Woll Gtr conurbation,Straight,,,,Off,Sealed,Wet,Raining,Daylight,Nil,No traffic controls,60 km/h,Regional,30,Rear end,301,Same - Rear end,,Rear end,4 wheel drive / SUV,Car (sedan/hatch),3,0,0,1,1,8,August,Winter,Wednesday,14:00 - 15:59,Midday / afternoon,False,False,True,True
1362938,Injury,Minor/Other Injury,2024,2024,September,Friday,12:00 - 13:59,HOGBIN,DR,0,Right on the spot,HARBOUR,DR,COFFS HARBOUR,540.0,No,Not a school zone,Roundabout,-30.302975,153.123869,Coffs Harbour,Country urban,Rest of NSW - Urban,Straight,,,,Off,Sealed,Dry,Overcast,Daylight,Nil,Give way sign,50 km/h,Regional,36,Right turn sideswipe,308,Same - Rgt turn side swipe,,Other angle,4 wheel drive / SUV,4 wheel drive / SUV,2,0,0,0,2,9,September,Spring,Friday,12:00 - 13:59,Midday / afternoon,False,False,True,True
1362943,Injury,Moderate Injury,2024,2024,July,Wednesday,14:00 - 15:59,WILLARONG,RD,20,North,KINGSWAY,MS,CARINGBAH,,No,Not a school zone,2-way undivided,-34.039826,151.120473,Sutherland,Sydney metro. area,Syd-Newc-Woll Gtr conurbation,Straight,,,,Off,Sealed,Dry,Fine,Daylight,Nil,No traffic controls,50 km/h,Local,0,Ped nearside,1,Ped - Near side,,Vehicle - Pedestrian,Other bus,Pedestrian,2,0,0,1,0,7,July,Winter,Wednesday,14:00 - 15:59,Midday / afternoon,False,False,True,True
1362944,Injury,Moderate Injury,2024,2024,August,Saturday,14:00 - 15:59,DRISCOLL,RD,750,West,BARELLAN,RD,NARRANDERA,,No,Not a school zone,2-way undivided,-34.728195,146.57061,Narrandera,Country urban,Rest of NSW - Urban,Curved,Ditch/drain/culvert,,Loose gravel shoulder,Nil,Sealed,Dry,Fine,Daylight,Nil,No traffic controls,70 km/h,Local,81,Off left/rt bnd=>obj,803,Off right bend into obj,Left,Vehicle - Object,Car (sedan/hatch),,1,0,0,1,0,8,August,Winter,Saturday,14:00 - 15:59,Midday / afternoon,False,False,True,True
1362945,Injury,Serious Injury,2024,2024,September,Sunday,10:00 - 11:59,PIKE,ST,0,Right on the spot,SOUTH,ST,RYDALMERE,,No,Not a school zone,T-junction,-33.81461,151.035819,Parramatta,Sydney metro. area,Syd-Newc-Woll Gtr conurbation,Straight,,,,Off,Sealed,Dry,Fine,Daylight,Nil,Give way sign,50 km/h,Local,71,Off rd left => obj,703,Left off cway into object,,Vehicle - Object,Car (sedan/hatch),,1,0,1,0,0,9,September,Spring,Sunday,10:00 - 11:59,Midday / afternoon,False,False,True,True
1362946,Injury,Minor/Other Injury,2024,2024,September,Wednesday,14:00 - 15:59,JOYCE,DR,10,East,SIR REGINALD ANSETT,DR,MASCOT,658.0,No,Not a school zone,X-intersection,-33.932276,151.18617,Bayside,Sydney metro. area,Syd-Newc-Woll Gtr conurbation,Straight,,,,Off,Sealed,Dry,Fine,Daylight,On,No traffic controls,70 km/h,State,30,Rear end,301,Same - Rear end,,Rear end,4 wheel drive / SUV,4 wheel drive / SUV,3,0,0,0,1,9,September,Spring,Wednesday,14:00 - 15:59,Midday / afternoon,False,False,True,True
1362947,Injury,Serious Injury,2024,2024,August,Sunday,10:00 - 11:59,RODHAMS,RD,999999,Unknown/not stated,UNKNOWN,UK,KAPOOKA,,No,Not a school zone,2-way undivided,-35.16706,147.290488,Wagga Wagga,Country non-urban,Rest of NSW - Rural,Curved,,,,Nil,Unsealed,Dry,Fine,Daylight,Nil,No traffic controls,100 km/h,Local,88,Out of cont on bend,805,Out of control on bend,,Rollover,Motorcycle,,1,0,1,0,0,8,August,Winter,Sunday,10:00 - 11:59,Midday / afternoon,False,False,True,True
1362951,Injury,Moderate Injury,2024,2024,July,Sunday,18:00 - 19:59,PRINCES,HWY,50,South,DALLEY,RD,HEATHCOTE,1.0,No,Not a school zone,Divided road,-34.082049,151.011125,Sutherland,Sydney metro. area,Syd-Newc-Woll Gtr conurbation,Straight,,,,On,Sealed,Dry,Fine,Dusk,Nil,No traffic controls,70 km/h,State,30,Rear end,301,Same - Rear end,,Rear end,Motorcycle,4 wheel drive / SUV,3,0,0,1,0,7,July,Winter,Sunday,18:00 - 19:59,PM peak / evening commute,True,False,True,True
1362955,Injury,Serious Injury,2024,2024,August,Friday,18:00 - 19:59,NEWCASTLE,EXP,200,South,WYONG ROAD,TO,KANGY ANGY,6003.0,No,Not a school zone,Dual freeway,-33.310896,151.399796,Central Coast,Country non-urban,Syd-Newc-Woll Gtr conurbation,Straight,,,,On,Sealed,Dry,Fine,Darkness,Nil,No traffic controls,110 km/h,State,73,Off rd rght => obj,704,Right off cway into obj,,Vehicle - Object,Car (sedan/hatch),,1,0,1,0,0,8,August,Winter,Friday,18:00 - 19:59,PM peak / evening commute,True,False,True,True
1362956,Injury,Serious Injury,2024,2024,July,Wednesday,12:00 - 13:59,EASTERN VALLEY,WAY,0,Right on the spot,VICTORIA,AVE,MIDDLE COVE,599.0,No,Not a school zone,T-junction,-33.791451,151.206999,Willoughby,Sydney metro. area,Syd-Newc-Woll Gtr conurbation,Curved,Steep grade,,,Off,Sealed,Dry,Fine,Daylight,On,No traffic controls,60 km/h,State,30,Rear end,301,Same - Rear end,,Rear end,Motorcycle,4 wheel drive / SUV,2,0,1,0,0,7,July,Winter,Wednesday,12:00 - 13:59,Midday / afternoon,False,False,True,True
1362960,Injury,Moderate Injury,2024,2024,September,Monday,16:00 - 17:59,CONSTITUTION,RD,0,Right on the spot,SEE,ST,MEADOWBANK,,No,Not a school zone,T-junction,-33.816146,151.091297,Ryde,Sydney metro. area,Syd-Newc-Woll Gtr conurbation,Straight,Crest,,,Off,Sealed,Dry,Fine,Daylight,Nil,Ped crossing,50 km/h,Local,0,Ped nearside,1,Ped - Near side,,Vehicle - Pedestrian,Car (sedan/hatch),Pedestrian,2,0,0,1,0,9,September,Spring,Monday,16:00 - 17:59,PM peak / evening commute,True,False,True,True
1362965,Injury,Serious Injury,2024,2024,September,Saturday,10:00 - 11:59,MCLERIE,ST,0,Right on the spot,NASMYTH,ST,YOUNG,,No,Not a school zone,X-intersection,-34.312032,148.303515,Hilltops,Country urban,Rest of NSW - Urban,Straight,,,,Off,Sealed,Dry,Fine,Daylight,Nil,Give way sign,50 km/h,Local,10,Cross traffic,101,Adj - Cross traffic,,Right angle,4 wheel drive / SUV,4 wheel drive / SUV,2,0,1,0,0,9,September,Spring,Saturday,10:00 - 11:59,Midday / afternoon,False,False,True,True
1362966,Injury,Serious Injury,2024,2024,September,Monday,16:00 - 17:59,NEW ENGLAND,HWY,0,Right on the spot,MAISON DIEU,RD,MCDOUGALLS HILL,9.0,No,Not a school zone,T-junction,-32.555048,151.153775,Singleton,Country urban,Rest of NSW - Urban,Straight,,,,Nil,Sealed,Dry,Fine,Daylight,Nil,Give way sign,60 km/h,State,13,Right near,104,Adj - Right-thru from right,,Right angle,4 wheel drive / SUV,Light truck utility(from 2018),2,0,1,1,0,9,September,Spring,Monday,16:00 - 17:59,PM peak / evening commute,True,False,True,True
1362978,Injury,Minor/Other Injury,2024,2024,September,Friday,08:00 - 09:59,WARRUMBA,RD,3500,East,MAJOR WEST,RD,BUMBALDRY,,No,Not a school zone,2-way undivided,-33.815071,148.404359,Cowra,Country non-urban,Rest of NSW - Rural,Curved,Crest,,,Nil,Unsealed,Dry,Fine,Daylight,Nil,No traffic controls,100 km/h,Local,88,Out of cont on bend,805,Out of control on bend,,Rollover,Motorcycle,,1,0,0,0,1,9,September,Spring,Friday,08:00 - 09:59,AM peak / school commute,True,False,True,True
1362980,Injury,Moderate Injury,2024,2024,July,Saturday,16:00 - 17:59,OLD PRINCES,HWY,40,North,TERANIA,ST,RUSSELL VALE,,No,Not a school zone,2-way undivided,-34.357581,150.90062,Wollongong,Wollongong met. area,Syd-Newc-Woll Gtr conurbation,Curved,,,,Off,Sealed,Dry,Fine,Daylight,Nil,No traffic controls,60 km/h,Local,85,Off rt/lft bnd=>obj,804,Off left bend into obj,Right,Vehicle - Object,Car (sedan/hatch),,2,0,0,1,0,7,July,Winter,Saturday,16:00 - 17:59,PM peak / evening commute,True,False,True,True
1362981,Injury,Serious Injury,2024,2024,September,Tuesday,12:00 - 13:59,DACEY,AVE,10,West,ANZAC,PDE,MOORE PARK,171.0,No,Not a school zone,X-intersection,-33.90156,151.222478,Sydney,Sydney metro. area,Syd-Newc-Woll Gtr conurbation,Straight,,,Other hazardous feature,Nil,Sealed,Dry,Fine,Daylight,Unknown / not stated,No traffic controls,50 km/h,State,74,On road-out of cont.,705,Out of control on cway,,Rollover,Motorcycle,,1,0,1,0,0,9,September,Spring,Tuesday,12:00 - 13:59,Midday / afternoon,False,False,True,True
1362982,Injury,Serious Injury,2024,2024,September,Saturday,14:00 - 15:59,GREAT NORTH,RD,300,South,NUMBER 4932,HN,BUCKETTY,181.0,No,Not a school zone,2-way undivided,-33.082261,151.126974,Cessnock,Country urban,Rest of NSW - Urban,Curved,Steep grade,,Loose gravel shoulder,Nil,Sealed,Dry,Fine,Daylight,Nil,No traffic controls,80 km/h,Regional,80,Off left/right bend,801,Off cway right bend,Left,Rollover,MC & sidecar,,1,0,1,0,0,9,September,Spring,Saturday,14:00 - 15:59,Midday / afternoon,False,False,True,True
1362984,Injury,Moderate Injury,2024,2024,June,Saturday,20:00 - 21:59,CAMPBELL,ST,0,Right on the spot,MARSDEN,ST,PARRAMATTA,,No,Not a school zone,X-intersection,-33.818371,151.000545,Parramatta,Sydney metro. area,Syd-Newc-Woll Gtr conurbation,Straight,,,,On,Sealed,Wet,Raining,Darkness,On,Ped crossing,40 km/h,Local,2,Ped far side,3,Ped - Far side,,Vehicle - Pedestrian,Car (sedan/hatch),Pedestrian,2,0,0,1,1,6,June,Winter,Saturday,20:00 - 21:59,Evening / night,False,False,True,True
1362995,Injury,Serious Injury,2024,2024,April,Wednesday,14:00 - 15:59,WENTWORTH,AVE,0,Right on the spot,SUTHERLAND,ST,MASCOT,344.0,No,Not a school zone,T-junction,-33.934073,151.199234,Bayside,Sydney metro. area,Syd-Newc-Woll Gtr conurbation,Curved,,,,On,Sealed,Dry,Fine,Daylight,On,No traffic controls,60 km/h,State,30,Rear end,301,Same - Rear end,,Rear end,Light truck utility(from 2018),4 wheel drive / SUV,2,0,1,0,0,4,April,Autumn,Wednesday,14:00 - 15:59,Midday / afternoon,False,False,True,True
1362997,Injury,Moderate Injury,2024,2024,September,Thursday,10:00 - 11:59,MERRILEA,RD,0,Right on the spot,YARRANDALE,RD,DUBBO,,No,Not a school zone,T-junction,-32.229596,148.630565,Dubbo Regional,Country urban,Rest of NSW - Urban,Straight,,,,Nil,Sealed,Dry,Fine,Daylight,Nil,Give way sign,80 km/h,Local,11,Right far,102,Adj - Right-thru from left,,Right angle,Light truck,Car (sedan/hatch),2,0,0,2,0,9,September,Spring,Thursday,10:00 - 11:59,Midday / afternoon,False,False,True,True
1362999,Injury,Moderate Injury,2024,2024,September,Tuesday,14:00 - 15:59,NEW ENGLAND,HWY,50,North,OLD BALLENDEAN,RD,TENTERFIELD,9.0,No,Not a school zone,2-way undivided,-29.020643,151.99734,Tenterfield,Country urban,Rest of NSW - Urban,Curved,Steep grade,,,Nil,Sealed,Dry,Fine,Daylight,Nil,No traffic controls,80 km/h,State,20,Head on,201,Opp - Head on,,Head-on,Light truck utility(from 2018),Car (sedan/hatch),2,0,0,3,0,9,September,Spring,Tuesday,14:00 - 15:59,Midday / afternoon,False,False,True,True
1363002,Injury,Serious Injury,2024,2024,September,Monday,20:00 - 21:59,BRUXNER,HWY,400,East,DYRAABA,RD,PIORA,16.0,No,Not a school zone,2-way undivided,-28.838947,152.872696,Kyogle,Country non-urban,Rest of NSW - Rural,Curved,Painted double centre lines,,,Nil,Sealed,Dry,Fine,Darkness,Nil,No traffic controls,100 km/h,State,85,Off rt/lft bnd=>obj,804,Off left bend into obj,Right,Vehicle - Object,4 wheel drive / SUV,,1,0,1,0,0,9,September,Spring,Monday,20:00 - 21:59,Evening / night,False,False,True,True
1363007,Injury,Serious Injury,2024,2024,September,Friday,06:00 - 07:59,CUTLER,DR,100,East,CASEY,DR,WYONG,,Yes,No,2-way undivided,-33.272339,151.425437,Central Coast,Country urban,Syd-Newc-Woll Gtr conurbation,Straight,,,,Off,Sealed,Dry,Fine,Daylight,Nil,Ped crossing,50 km/h,Local,71,Off rd left => obj,703,Left off cway into object,,Other angle,Station wagon,4 wheel drive / SUV,2,0,1,0,0,9,September,Spring,Friday,06:00 - 07:59,AM peak / school commute,True,False,True,True
1363008,Injury,Serious Injury,2024,2024,September,Friday,06:00 - 07:59,BRITTANIA,DR,10,South,CHARMIAN,CRES,WATANOBBI,,No,Not a school zone,T-junction,-33.264013,151.428847,Central Coast,Country urban,Syd-Newc-Woll Gtr conurbation,Straight,,,,Nil,Sealed,Dry,Fine,Daylight,Nil,No traffic controls,50 km/h,Local,71,Off rd left => obj,703,Left off cway into object,,Other angle,Station wagon,Light truck,2,0,1,0,0,9,September,Spring,Friday,06:00 - 07:59,AM peak / school commute,True,False,True,True
1363010,Injury,Serious Injury,2024,2024,September,Friday,06:00 - 07:59,BRITTANIA,DR,10,South,CARMEN,CL,WATANOBBI,,No,Not a school zone,T-junction,-33.261235,151.426709,Central Coast,Country urban,Syd-Newc-Woll Gtr conurbation,Curved,,,,Nil,Sealed,Dry,Fine,Daylight,Nil,No traffic controls,50 km/h,Local,87,Off lft/lft bnd=>obj,804,Off left bend into obj,Left,Other angle,Station wagon,Light truck,2,0,1,0,0,9,September,Spring,Friday,06:00 - 07:59,AM peak / school commute,True,False,True,True
1363021,Injury,Moderate Injury,2024,2024,April,Saturday,22:00 - Midnight,HUME,ST,100,North,DUCKS,LANE,GOULBURN,676.0,No,Not a school zone,Divided road,-34.771781,149.692033,Goulburn Mulwaree,Country urban,Rest of NSW - Urban,Straight,,Police pursuit,,On,Sealed,Dry,Fine,Darkness,Nil,No traffic controls,60 km/h,State,71,Off rd left => obj,703,Left off cway into object,,Vehicle - Object,Motorcycle,,1,0,0,1,0,4,April,Autumn,Saturday,22:00 - Midnight,Evening / night,False,False,True,True
1363023,Injury,Moderate Injury,2024,2024,August,Wednesday,06:00 - 07:59,STONY CREEK,RD,0,Right on the spot,NUMBER 52,HN,SHANES PARK,7166.0,No,Not a school zone,2-way undivided,-33.71216,150.783211,Blacktown,Sydney metro. area,Syd-Newc-Woll Gtr conurbation,Straight,,,,Unknown / not stated,Sealed,Dry,Fine,Daylight,Nil,No traffic controls,80 km/h,Regional,71,Off rd left => obj,703,Left off cway into object,,Vehicle - Object,Light truck utility(from 2018),,1,0,0,1,0,8,August,Winter,Wednesday,06:00 - 07:59,AM peak / school commute,True,False,True,True
1363027,Injury,Serious Injury,2024,2024,June,Monday,10:00 - 11:59,CATTAI RIDGE,RD,0,Right on the spot,NUMBER 128,HN,GLENORIE,7140.0,No,Not a school zone,2-way undivided,-33.598717,150.975555,The Hills,Sydney metro. area,Syd-Newc-Woll Gtr conurbation,Curved,Painted double centre lines,,,Unknown / not stated,Sealed,Dry,Fine,Daylight,Nil,No traffic controls,60 km/h,Regional,83,Off rt/rt bnd=>obj,803,Off right bend into obj,Right,Vehicle - Object,Car (sedan/hatch),,1,0,1,0,0,6,June,Winter,Monday,10:00 - 11:59,Midday / afternoon,False,False,True,True
1363028,Injury,Minor/Other Injury,2024,2024,August,Thursday,12:00 - 13:59,WYNDHAM,ST,0,Right on the spot,MANDIBLE,ST,ALEXANDRIA,2011.0,No,Not a school zone,X-intersection,-33.904073,151.2011,Sydney,Sydney metro. area,Syd-Newc-Woll Gtr conurbation,Straight,,,,Unknown / not stated,Sealed,Dry,Fine,Daylight,On,No traffic controls,50 km/h,Regional,10,Cross traffic,101,Adj - Cross traffic,,Right angle,Car (sedan/hatch),Station wagon,2,0,0,0,4,8,August,Winter,Thursday,12:00 - 13:59,Midday / afternoon,False,False,True,True
1363031,Injury,Moderate Injury,2024,2024,August,Wednesday,14:00 - 15:59,CAMPBELLTOWN,RD,0,Right on the spot,MACDONALD,RD,EDMONDSON PARK,177.0,No,Not a school zone,X-intersection,-33.974638,150.856506,Liverpool,Sydney metro. area,Syd-Newc-Woll Gtr conurbation,Straight,,,,Off,Sealed,Dry,Fine,Daylight,On,No traffic controls,70 km/h,State,21,Right through,202,Opp - Right-thru,,Other angle,4 wheel drive / SUV,Car (sedan/hatch),2,0,0,1,1,8,August,Winter,Wednesday,14:00 - 15:59,Midday / afternoon,False,False,True,True
1363032,Injury,Minor/Other Injury,2024,2024,September,Saturday,14:00 - 15:59,STURT,HWY,0,Right on the spot,BAYLIS,ST,WAGGA WAGGA,14.0,No,Not a school zone,X-intersection,-35.118842,147.368836,Wagga Wagga,Country urban,Rest of NSW - Urban,Straight,,,,Unknown / not stated,Sealed,Dry,Fine,Daylight,On,No traffic controls,60 km/h,State,21,Right through,202,Opp - Right-thru,,Other angle,Light truck utility(from 2018),4 wheel drive / SUV,3,0,0,0,8,9,September,Spring,Saturday,14:00 - 15:59,Midday / afternoon,False,False,True,True
1363033,Injury,Moderate Injury,2024,2024,September,Wednesday,12:00 - 13:59,BERNERA,RD,0,Right on the spot,DALMATIA,AVE,EDMONDSON PARK,,No,Not a school zone,X-intersection,-33.960648,150.862336,Liverpool,Sydney metro. area,Syd-Newc-Woll Gtr conurbation,Straight,,,,Unknown / not stated,Sealed,Dry,Fine,Daylight,On,No traffic controls,60 km/h,Local,10,Cross traffic,101,Adj - Cross traffic,,Right angle,4 wheel drive / SUV,Car (sedan/hatch),2,0,0,1,0,9,September,Spring,Wednesday,12:00 - 13:59,Midday / afternoon,False,False,True,True
1363034,Injury,Serious Injury,2024,2024,August,Saturday,20:00 - 21:59,ENTERPRISE,DR,100,West,WYONG,RD,BERKELEY VALE,7758.0,No,Not a school zone,Divided road,-33.328713,151.427454,Central Coast,Country urban,Syd-Newc-Woll Gtr conurbation,Straight,,,,Unknown / not stated,Sealed,Dry,Fine,Darkness,Nil,No traffic controls,60 km/h,Regional,40,U turn,304,Same - U-turn,,Other angle,Light truck utility(from 2018),Station wagon,2,0,1,1,0,8,August,Winter,Saturday,20:00 - 21:59,Evening / night,False,False,True,True
1363037,Injury,Serious Injury,2024,2024,September,Thursday,10:00 - 11:59,COMMERCE,ST,0,Right on the spot,VICTORIA,ST,TAREE,7776.0,No,Not a school zone,X-intersection,-31.915552,152.457487,Mid-Coast,Country urban,Rest of NSW - Urban,Straight,,,,Unknown / not stated,Sealed,Dry,Fine,Daylight,On,No traffic controls,60 km/h,Regional,21,Right through,202,Opp - Right-thru,,Other angle,Car (sedan/hatch),4 wheel drive / SUV,2,0,1,0,0,9,September,Spring,Thursday,10:00 - 11:59,Midday / afternoon,False,False,True,True
1363038,Injury,Minor/Other Injury,2024,2024,August,Wednesday,12:00 - 13:59,SOUTH DOWLING,ST,10,North,TODMAN,AVE,WATERLOO,593.0,No,Not a school zone,X-intersection,-33.903826,151.21416,Sydney,Sydney metro. area,Syd-Newc-Woll Gtr conurbation,Straight,,,,Unknown / not stated,Sealed,Dry,Fine,Daylight,Nil,No traffic controls,60 km/h,State,66,Object on road,607,On path - Hit temp object,,Vehicle - Object,Car (sedan/hatch),,1,0,0,0,1,8,August,Winter,Wednesday,12:00 - 13:59,Midday / afternoon,False,False,True,True
1363040,Injury,Minor/Other Injury,2024,2024,August,Monday,08:00 - 09:59,MARION,ST,10,East,LITTLE,RD,BANKSTOWN,7121.0,No,Not a school zone,T-junction,-33.917514,151.023507,Canterbury-Bankstown,Sydney metro. area,Syd-Newc-Woll Gtr conurbation,Straight,,,,Nil,Sealed,Dry,Fine,Daylight,Nil,Stop sign,60 km/h,Regional,32,Right rear,303,Same - Rear right,,Rear end,Car (sedan/hatch),Car (sedan/hatch),2,0,0,0,1,8,August,Winter,Monday,08:00 - 09:59,AM peak / school commute,True,False,True,True
1363043,Injury,Minor/Other Injury,2024,2024,September,Thursday,16:00 - 17:59,EDGAR,ST,30,North,MILPERRA,RD,REVESBY,7120.0,No,Not a school zone,Other,-33.936018,151.011514,Canterbury-Bankstown,Sydney metro. area,Syd-Newc-Woll Gtr conurbation,Curved,,,,Unknown / not stated,Sealed,Dry,Fine,Daylight,On,Ped crossing,60 km/h,Regional,30,Rear end,301,Same - Rear end,,Rear end,Light truck utility(from 2018),Light truck utility(from 2018),2,0,0,0,1,9,September,Spring,Thursday,16:00 - 17:59,PM peak / evening commute,True,False,True,True
1363045,Injury,Moderate Injury,2024,2024,September,Monday,08:00 - 09:59,RESTHAVEN,RD,0,Right on the spot,NUMBER 8,HN,SOUTH HURSTVILLE,,No,Not a school zone,2-way undivided,-33.981369,151.103476,Georges River,Sydney metro. area,Syd-Newc-Woll Gtr conurbation,Straight,Steep grade,,,Unknown / not stated,Sealed,Dry,Fine,Daylight,Nil,No traffic controls,50 km/h,Local,42,Leaving parking,401,Manov - Leaving parking,,Other angle,Car (sedan/hatch),Car (sedan/hatch),2,0,0,1,0,9,September,Spring,Monday,08:00 - 09:59,AM peak / school commute,True,False,True,True
1363049,Injury,Minor/Other Injury,2024,2024,September,Tuesday,12:00 - 13:59,MURRAY,ST,0,Right on the spot,SMIDMORE,ST,MARRICKVILLE,,No,Not a school zone,Roundabout,-33.907729,151.172557,Inner West,Sydney metro. area,Syd-Newc-Woll Gtr conurbation,Straight,,,,Unknown / not stated,Sealed,Dry,Fine,Daylight,Nil,Give way sign,50 km/h,Local,13,Right near,104,Adj - Right-thru from right,,Right angle,4 wheel drive / SUV,Car (sedan/hatch),2,0,0,0,1,9,September,Spring,Tuesday,12:00 - 13:59,Midday / afternoon,False,False,True,True
1363050,Injury,Minor/Other Injury,2024,2024,September,Tuesday,14:00 - 15:59,ALLANDALE,RD,0,Right on the spot,MCGRANE,ST,CESSNOCK,220.0,No,Not a school zone,X-intersection,-32.827217,151.354281,Cessnock,Country urban,Rest of NSW - Urban,Straight,,,,Unknown / not stated,Sealed,Wet,Fine,Daylight,Nil,Stop sign,60 km/h,State,10,Cross traffic,101,Adj - Cross traffic,,Right angle,Light truck utility(from 2018),Car (sedan/hatch),2,0,0,0,1,9,September,Spring,Tuesday,14:00 - 15:59,Midday / afternoon,False,False,True,True
1363051,Injury,Serious Injury,2024,2024,September,Friday,18:00 - 19:59,BROOKS,PDE,20,South,MAUDE,ST,BELMONT,527.0,No,Not a school zone,2-way undivided,-33.034023,151.656728,Lake Macquarie,Newcastle met. area,Syd-Newc-Woll Gtr conurbation,Straight,Painted double centre lines,,,Unknown / not stated,Sealed,Dry,Fine,Darkness,Nil,No traffic controls,40 km/h,State,49,Other manoeuvring,400,Manov - other,,Other angle,Motorcycle,,1,0,1,0,0,9,September,Spring,Friday,18:00 - 19:59,PM peak / evening commute,True,False,True,True
1363054,Injury,Minor/Other Injury,2024,2024,September,Monday,10:00 - 11:59,HUME,HWY,0,Right on the spot,WORTH,ST,GREENACRE,2.0,No,Not a school zone,T-junction,-33.890426,151.05887,Canterbury-Bankstown,Sydney metro. area,Syd-Newc-Woll Gtr conurbation,Straight,,,,Unknown / not stated,Sealed,Dry,Fine,Daylight,On,No traffic controls,70 km/h,State,30,Rear end,301,Same - Rear end,,Rear end,4 wheel drive / SUV,Large rigid,2,0,0,0,1,9,September,Spring,Monday,10:00 - 11:59,Midday / afternoon,False,False,True,True
1363059,Injury,Minor/Other Injury,2024,2024,July,Thursday,22:00 - Midnight,PACIFIC,HWY,0,Right on the spot,NUMBER 112,HN,ROSEVILLE,10.0,No,Not a school zone,Divided road,-33.784224,151.176547,Ku-ring-gai,Sydney metro. area,Syd-Newc-Woll Gtr conurbation,Curved,,,,Unknown / not stated,Sealed,Wet,Raining,Darkness,Nil,No traffic controls,60 km/h,State,88,Out of cont on bend,805,Out of control on bend,,Rollover,Motorcycle,,1,0,0,0,1,7,July,Winter,Thursday,22:00 - Midnight,Evening / night,False,False,True,True
1363062,Injury,Minor/Other Injury,2024,2024,September,Monday,16:00 - 17:59,DONALD,ST,0,Right on the spot,SAMDON,ST,HAMILTON,82.0,No,Not a school zone,X-intersection,-32.919001,151.742867,Newcastle,Newcastle met. area,Syd-Newc-Woll Gtr conurbation,Straight,,,,Unknown / not stated,Sealed,Dry,Fine,Daylight,On,No traffic controls,60 km/h,State,17,Left/right far,108,Adj - Right-left from left,,Right angle,Car (sedan/hatch),Car (sedan/hatch),2,0,0,0,1,9,September,Spring,Monday,16:00 - 17:59,PM peak / evening commute,True,False,True,True
1363064,Injury,Minor/Other Injury,2024,2024,September,Wednesday,14:00 - 15:59,FROGMORE,RD,0,Right on the spot,KINGSWOOD,RD,ORCHARD HILLS,,No,Not a school zone,T-junction,-33.784305,150.721405,Penrith,Sydney metro. area,Syd-Newc-Woll Gtr conurbation,Straight,,,,Unknown / not stated,Sealed,Dry,Fine,Daylight,Nil,Stop sign,60 km/h,Local,10,Cross traffic,101,Adj - Cross traffic,,Right angle,4 wheel drive / SUV,4 wheel drive / SUV,2,0,0,0,2,9,September,Spring,Wednesday,14:00 - 15:59,Midday / afternoon,False,False,True,True