crash_id,degree_of_crash,degree_of_crash_-_detailed,reporting_year,year_of_crash,month_of_crash,day_of_week_of_crash,two-hour_intervals,street_of_crash,street_type,distance,direction,identifying_feature,identifying_feature_type,town,route_no.,school_zone_location,school_zone_active,type_of_location,latitude,longitude,lga,urbanisation,conurbation_1,alignment,primary_permanent_feature,primary_temporary_feature,primary_hazardous_feature,street_lighting,road_surface,surface_condition,weather,natural_lighting,signals_operation,other_traffic_control,speed_limit,road_classification_(admin),rum_-_code,rum_-_description,dca_-_code,dca_-_description,dca_supplement,first_impact_type,key_tu_type,other_tu_type,no._of_traffic_units_involved,no._killed,no._seriously_injured,no._moderately_injured,no._minor-other_injured,month_num,month_label,season,day_label,time_label,time_band,is_peak_commute,is_fatal,is_injury,is_casualty
1363067,Injury,Serious Injury,2024,2024,September,Tuesday,10:00 - 11:59,NEW LINE,RD,10,South,HASTINGS,RD,DURAL,656.0,No,Not a school zone,T-junction,-33.71044,151.024752,Hornsby,Sydney metro. area,Syd-Newc-Woll Gtr conurbation,Straight,Steep grade,,,Off,Sealed,Dry,Fine,Daylight,On,No traffic controls,60 km/h,State,30,Rear end,301,Same - Rear end,,Rear end,Large rigid,Car (sedan/hatch),3,0,1,0,0,9,September,Spring,Tuesday,10:00 - 11:59,Midday / afternoon,False,False,True,True
1363069,Injury,Minor/Other Injury,2024,2024,July,Tuesday,18:00 - 19:59,PUNCHBOWL,RD,0,Right on the spot,NUMBER 602,HN,LAKEMBA,549.0,No,Not a school zone,2-way undivided,-33.915581,151.067599,Canterbury-Bankstown,Sydney metro. area,Syd-Newc-Woll Gtr conurbation,Straight,Painted double centre lines,,,Unknown / not stated,Sealed,Wet,Raining,Unknown,Nil,No traffic controls,60 km/h,State,40,U turn,304,Same - U-turn,,Other angle,Car (sedan/hatch),Car (sedan/hatch),2,0,0,0,1,7,July,Winter,Tuesday,18:00 - 19:59,PM peak / evening commute,True,False,True,True
1363074,Injury,Minor/Other Injury,2024,2024,September,Sunday,08:00 - 09:59,LACHLAN VALLEY,WAY,16000,North,HUME,HWY,KANGIARA,56.0,No,Not a school zone,2-way undivided,-34.654179,148.813392,Yass Valley,Country non-urban,Rest of NSW - Rural,Straight,,,,Unknown / not stated,Sealed,Dry,Fine,Daylight,Nil,No traffic controls,100 km/h,State,71,Off rd left => obj,703,Left off cway into object,,Vehicle - Object,Light truck,,1,0,0,0,1,9,September,Spring,Sunday,08:00 - 09:59,AM peak / school commute,True,False,True,True
1363076,Injury,Moderate Injury,2024,2024,September,Monday,14:00 - 15:59,MOORAMBA,RD,0,Right on the spot,NUMBER 2-10,HN,DEE WHY,,No,Not a school zone,2-way undivided,-33.755917,151.282397,Northern Beaches,Sydney metro. area,Syd-Newc-Woll Gtr conurbation,Straight,,,,Nil,Sealed,Dry,Fine,Daylight,Nil,No traffic controls,50 km/h,Local,63,Vehicle door,604,On path - Vehicle door,,Other angle,Pedal cycle,Car (sedan/hatch),2,0,0,1,0,9,September,Spring,Monday,14:00 - 15:59,Midday / afternoon,False,False,True,True
1363079,Injury,Minor/Other Injury,2024,2024,August,Monday,16:00 - 17:59,OLD SOUTH HEAD,RD,0,Right on the spot,NUMBER 595,HN,ROSE BAY,339.0,No,Not a school zone,2-way undivided,-33.869263,151.276893,Waverley,Sydney metro. area,Syd-Newc-Woll Gtr conurbation,Straight,Steep grade,,,Unknown / not stated,Sealed,Dry,Fine,Daylight,Nil,No traffic controls,50 km/h,State,21,Right through,202,Opp - Right-thru,,Other angle,Car (sedan/hatch),4 wheel drive / SUV,2,0,0,0,1,8,August,Winter,Monday,16:00 - 17:59,PM peak / evening commute,True,False,True,True
1363081,Injury,Moderate Injury,2024,2024,September,Monday,06:00 - 07:59,PACIFIC,HWY,15,South,PARKSIDE,DR,CHARMHAVEN,10.0,No,Not a school zone,2-way undivided,-33.23005,151.502892,Central Coast,Country urban,Syd-Newc-Woll Gtr conurbation,Straight,,,,Unknown / not stated,Sealed,Dry,Fine,Daylight,Nil,No traffic controls,60 km/h,State,30,Rear end,301,Same - Rear end,,Rear end,4 wheel drive / SUV,4 wheel drive / SUV,3,0,0,1,0,9,September,Spring,Monday,06:00 - 07:59,AM peak / school commute,True,False,True,True
1363084,Injury,Minor/Other Injury,2024,2024,August,Thursday,12:00 - 13:59,GREAT WESTERN,HWY,0,Right on the spot,CARLISLE,AVE,MINCHINBURY,5.0,No,Not a school zone,X-intersection,-33.779341,150.814351,Blacktown,Sydney metro. area,Syd-Newc-Woll Gtr conurbation,Straight,,,,Unknown / not stated,Sealed,Dry,Fine,Daylight,On,No traffic controls,80 km/h,State,21,Right through,202,Opp - Right-thru,,Other angle,Car (sedan/hatch),Car (sedan/hatch),2,0,0,0,1,8,August,Winter,Thursday,12:00 - 13:59,Midday / afternoon,False,False,True,True
1363086,Injury,Minor/Other Injury,2024,2024,September,Thursday,10:00 - 11:59,GREAT WESTERN,HWY,0,Right on the spot,NUMBER 315,HN,HABERFIELD,5.0,No,Not a school zone,Divided road,-33.874588,151.127983,Inner West,Sydney metro. area,Syd-Newc-Woll Gtr conurbation,Straight,Driveway/entrance,,,On,Sealed,Dry,Unknown,Daylight,Nil,No traffic controls,60 km/h,State,31,Left rear,302,Same - Rear left,,Rear end,Large rigid,Station wagon,2,0,0,0,1,9,September,Spring,Thursday,10:00 - 11:59,Midday / afternoon,False,False,True,True
1363091,Injury,Minor/Other Injury,2024,2024,August,Friday,22:00 - Midnight,CORRINGLE,LANE,200,South,TAYLORS FLAT,RD,TAYLORS FLAT,,No,Not a school zone,2-way undivided,-34.279439,149.023561,Hilltops,Country non-urban,Rest of NSW - Rural,Straight,,,,Unknown / not stated,Unsealed,Dry,Fine,Darkness,Nil,No traffic controls,100 km/h,Local,71,Off rd left => obj,703,Left off cway into object,,Vehicle - Object,Station wagon,,1,0,0,0,1,8,August,Winter,Friday,22:00 - Midnight,Evening / night,False,False,True,True
1363092,Injury,Moderate Injury,2024,2024,September,Tuesday,06:00 - 07:59,NEWCASTLE,EXP,50,South,PACIFIC HIGHWAY,TO,MOONEY MOONEY,6003.0,No,Not a school zone,Dual freeway,-33.534002,151.20012,Central Coast,Country non-urban,Syd-Newc-Woll Gtr conurbation,Straight,,,,Unknown / not stated,Sealed,Dry,Fine,Dawn,Nil,No traffic controls,110 km/h,State,30,Rear end,301,Same - Rear end,,Rear end,Light truck,Car (sedan/hatch),3,0,0,1,0,9,September,Spring,Tuesday,06:00 - 07:59,AM peak / school commute,True,False,True,True
1363094,Injury,Minor/Other Injury,2024,2024,May,Wednesday,18:00 - 19:59,EDGAR,ST,0,Right on the spot,ELDRIDGE,RD,CONDELL PARK,7120.0,No,Not a school zone,Roundabout,-33.930773,151.011523,Canterbury-Bankstown,Sydney metro. area,Syd-Newc-Woll Gtr conurbation,Straight,,,,Unknown / not stated,Sealed,Dry,Fine,Dusk,Nil,Give way sign,60 km/h,Regional,74,On road-out of cont.,705,Out of control on cway,,Rollover,4 wheel drive / SUV,,1,0,0,0,1,5,May,Autumn,Wednesday,18:00 - 19:59,PM peak / evening commute,True,False,True,True
1363098,Injury,Minor/Other Injury,2024,2024,September,Friday,08:00 - 09:59,HASSALL,ST,0,Right on the spot,GALTON,ST,SMITHFIELD,646.0,No,Not a school zone,X-intersection,-33.847709,150.922875,Fairfield,Sydney metro. area,Syd-Newc-Woll Gtr conurbation,Straight,,,,Unknown / not stated,Sealed,Dry,Overcast,Daylight,Nil,Give way sign,60 km/h,State,32,Right rear,303,Same - Rear right,,Rear end,Light truck utility(from 2018),Car (sedan/hatch),2,0,0,0,1,9,September,Spring,Friday,08:00 - 09:59,AM peak / school commute,True,False,True,True
1363101,Injury,Minor/Other Injury,2024,2024,August,Wednesday,14:00 - 15:59,CANLEY VALE,RD,0,Right on the spot,PHELPS,ST,CANLEY VALE,7224.0,No,Not a school zone,T-junction,-33.886367,150.939822,Fairfield,Sydney metro. area,Syd-Newc-Woll Gtr conurbation,Straight,,,,Unknown / not stated,Sealed,Dry,Fine,Daylight,Nil,Give way sign,50 km/h,Regional,30,Rear end,301,Same - Rear end,,Rear end,4 wheel drive / SUV,Car (sedan/hatch),2,0,0,0,1,8,August,Winter,Wednesday,14:00 - 15:59,Midday / afternoon,False,False,True,True
1363106,Injury,Minor/Other Injury,2024,2024,September,Monday,12:00 - 13:59,WICKHAM,ST,10,West,WICKHAM,ST,ARNCLIFFE,168.0,No,Not a school zone,T-junction,-33.939542,151.151278,Bayside,Sydney metro. area,Syd-Newc-Woll Gtr conurbation,Straight,,,,Unknown / not stated,Sealed,Dry,Fine,Daylight,On,No traffic controls,60 km/h,State,34,Lane change right,306,Same - Lane change right,,Other angle,4 wheel drive / SUV,Car (sedan/hatch),2,0,0,0,1,9,September,Spring,Monday,12:00 - 13:59,Midday / afternoon,False,False,True,True
1363115,Injury,Moderate Injury,2024,2024,August,Friday,08:00 - 09:59,CASTLEREAGH,RD,0,Right on the spot,JACK WILLIAMS,DR,PENRITH,630.0,No,Not a school zone,T-junction,-33.738735,150.69284,Penrith,Sydney metro. area,Syd-Newc-Woll Gtr conurbation,Straight,,,,Off,Sealed,Wet,Fine,Daylight,On,No traffic controls,60 km/h,State,13,Right near,104,Adj - Right-thru from right,,Right angle,Car (sedan/hatch),Semi-trailer,2,0,0,1,0,8,August,Winter,Friday,08:00 - 09:59,AM peak / school commute,True,False,True,True
1363116,Injury,Serious Injury,2024,2024,September,Monday,14:00 - 15:59,BALBOA,ST,0,Right on the spot,PRINCE CHARLES,PDE,KURNELL,,No,Not a school zone,T-junction,-34.008454,151.199424,Sutherland,Sydney metro. area,Syd-Newc-Woll Gtr conurbation,Straight,,,,Unknown / not stated,Sealed,Dry,Fine,Daylight,Nil,Stop sign,50 km/h,Local,12,Left far,103,Adj - Left-thru from left,,Right angle,Car (sedan/hatch),Car (sedan/hatch),2,0,1,0,1,9,September,Spring,Monday,14:00 - 15:59,Midday / afternoon,False,False,True,True
1363117,Injury,Minor/Other Injury,2024,2024,September,Thursday,16:00 - 17:59,WESTERN,DSTR,200,West,HARBOUR,ST,SYDNEY,165.0,No,Not a school zone,Other,-33.874123,151.200487,Sydney,Sydney metro. area,Syd-Newc-Woll Gtr conurbation,Straight,Other bridge,,,Unknown / not stated,Sealed,Wet,Raining,Daylight,Nil,No traffic controls,60 km/h,State,30,Rear end,301,Same - Rear end,,Rear end,4 wheel drive / SUV,Car (sedan/hatch),2,0,0,0,1,9,September,Spring,Thursday,16:00 - 17:59,PM peak / evening commute,True,False,True,True
1363118,Injury,Moderate Injury,2024,2024,September,Saturday,14:00 - 15:59,LINTON,RD,10000,North,BONNAY LINTON,RD,WOODSREEF,,No,Not a school zone,2-way undivided,-30.367345,150.800591,Tamworth Regional,Country non-urban,Rest of NSW - Rural,Curved,,,,Unknown / not stated,Unsealed,Dry,Fine,Daylight,Nil,No traffic controls,100 km/h,Local,67,Struck animal,609,On path - Hit animal,,Vehicle - Animal,Motorcycle,,1,0,0,1,0,9,September,Spring,Saturday,14:00 - 15:59,Midday / afternoon,False,False,True,True
1363119,Injury,Minor/Other Injury,2024,2024,September,Thursday,14:00 - 15:59,BEACON HILL,RD,50,South,WARRINGAH,RD,BEACON HILL,7346.0,No,Not a school zone,2-way undivided,-33.755581,151.263196,Northern Beaches,Sydney metro. area,Syd-Newc-Woll Gtr conurbation,Straight,Steep grade,,,Unknown / not stated,Sealed,Dry,Fine,Daylight,Nil,No traffic controls,50 km/h,Regional,30,Rear end,301,Same - Rear end,,Rear end,4 wheel drive / SUV,4 wheel drive / SUV,2,0,0,0,1,9,September,Spring,Thursday,14:00 - 15:59,Midday / afternoon,False,False,True,True
1363120,Injury,Minor/Other Injury,2024,2024,September,Friday,14:00 - 15:59,GRABBEN GULLEN,RD,2900,North,CULLERIN,RD,GUNNING,52.0,No,Not a school zone,2-way undivided,-34.749313,149.294888,Upper Lachlan,Country non-urban,Rest of NSW - Rural,Curved,,,,Unknown / not stated,Sealed,Dry,Fine,Daylight,Nil,No traffic controls,100 km/h,Regional,30,Rear end,301,Same - Rear end,,Rear end,Motorcycle,Motorcycle,2,0,0,0,1,9,September,Spring,Friday,14:00 - 15:59,Midday / afternoon,False,False,True,True
1363124,Injury,Moderate Injury,2024,2024,September,Saturday,00:01 - 01:59,KANGAROO POINT,RD,0,Right on the spot,NUMBER 23,HN,KANGAROO POINT,,No,Not a school zone,2-way undivided,-34.000026,151.096425,Sutherland,Sydney metro. area,Syd-Newc-Woll Gtr conurbation,Straight,,,,Unknown / not stated,Sealed,Dry,Fine,Darkness,Nil,No traffic controls,50 km/h,Local,44,Parking vehicles,403,Manov - Parking-parked vehicle,,Other angle,4 wheel drive / SUV,Car (sedan/hatch),2,0,0,1,0,9,September,Spring,Saturday,00:01 - 01:59,Late night / early morning,False,False,True,True
1363130,Injury,Serious Injury,2024,2024,September,Friday,10:00 - 11:59,O'CONNELL,ST,0,Right on the spot,BANKS,ST,MONTEREY,7003.0,No,Not a school zone,X-intersection,-33.967374,151.1476,Bayside,Sydney metro. area,Syd-Newc-Woll Gtr conurbation,Straight,,,,Off,Sealed,Dry,Fine,Daylight,Nil,Stop sign,50 km/h,Regional,21,Right through,202,Opp - Right-thru,,Other angle,Car (sedan/hatch),Motorcycle,2,0,1,0,0,9,September,Spring,Friday,10:00 - 11:59,Midday / afternoon,False,False,True,True
1363131,Injury,Minor/Other Injury,2024,2024,September,Wednesday,10:00 - 11:59,FOREST,WAY,50,North,RABBETT,ST,FRENCHS FOREST,529.0,Yes,No,Divided road,-33.750513,151.225756,Northern Beaches,Sydney metro. area,Syd-Newc-Woll Gtr conurbation,Straight,,,,Unknown / not stated,Sealed,Dry,Fine,Daylight,On,Ped crossing,70 km/h,State,30,Rear end,301,Same - Rear end,,Rear end,Unknown motor vehicle,Light truck,2,0,0,0,1,9,September,Spring,Wednesday,10:00 - 11:59,Midday / afternoon,False,False,True,True
1363135,Injury,Minor/Other Injury,2024,2024,September,Thursday,08:00 - 09:59,WISEMANS FERRY,RD,0,Right on the spot,BLOODTREE,RD,MANGROVE MOUNTAIN,225.0,No,Not a school zone,T-junction,-33.296226,151.20043,Central Coast,Country urban,Syd-Newc-Woll Gtr conurbation,Curved,,,,Unknown / not stated,Sealed,Dry,Fine,Daylight,Nil,Give way sign,80 km/h,Regional,32,Right rear,303,Same - Rear right,,Rear end,Car (sedan/hatch),Motorcycle,2,0,0,0,1,9,September,Spring,Thursday,08:00 - 09:59,AM peak / school commute,True,False,True,True
1363137,Injury,Minor/Other Injury,2024,2024,September,Monday,18:00 - 19:59,VICTORIA,RD,20,East,WEST,PDE,WEST RYDE,165.0,No,Not a school zone,2-way undivided,-33.807738,151.088954,Ryde,Sydney metro. area,Syd-Newc-Woll Gtr conurbation,Straight,,,,Unknown / not stated,Sealed,Dry,Fine,Dusk,Nil,No traffic controls,60 km/h,State,30,Rear end,301,Same - Rear end,,Rear end,Car (sedan/hatch),Car (sedan/hatch),2,0,0,0,1,9,September,Spring,Monday,18:00 - 19:59,PM peak / evening commute,True,False,True,True
1363138,Injury,Minor/Other Injury,2024,2024,September,Tuesday,16:00 - 17:59,NORTHCOTE,RD,0,Right on the spot,NUMBER 36,HN,HORNSBY,,No,Not a school zone,2-way undivided,-33.701402,151.107691,Hornsby,Sydney metro. area,Syd-Newc-Woll Gtr conurbation,Straight,Steep grade,,,Unknown / not stated,Sealed,Dry,Fine,Daylight,Nil,No traffic controls,50 km/h,Local,47,Emerging from drive,406,Manov - Emerging from driveway,,Right angle,Car (sedan/hatch),Car (sedan/hatch),2,0,0,0,1,9,September,Spring,Tuesday,16:00 - 17:59,PM peak / evening commute,True,False,True,True
1363149,Injury,Moderate Injury,2024,2024,September,Tuesday,16:00 - 17:59,FIGTREE,BVD,0,Right on the spot,JOHNS,RD,WADALBA,,No,Not a school zone,T-junction,-33.272284,151.461087,Central Coast,Country urban,Syd-Newc-Woll Gtr conurbation,Straight,,,,Unknown / not stated,Sealed,Dry,Fine,Daylight,Nil,Give way sign,60 km/h,Local,32,Right rear,303,Same - Rear right,,Rear end,Car (sedan/hatch),Passenger van,2,0,0,1,0,9,September,Spring,Tuesday,16:00 - 17:59,PM peak / evening commute,True,False,True,True
1363152,Injury,Moderate Injury,2024,2024,September,Tuesday,12:00 - 13:59,RICHMOND,RD,150,South,ST MARYS,RD,BERKSHIRE PARK,537.0,No,Not a school zone,2-way undivided,-33.668777,150.803975,Penrith,Sydney metro. area,Syd-Newc-Woll Gtr conurbation,Straight,,,,Unknown / not stated,Sealed,Dry,Fine,Daylight,Nil,No traffic controls,80 km/h,State,30,Rear end,301,Same - Rear end,,Rear end,Large rigid,4 wheel drive / SUV,2,0,0,1,0,9,September,Spring,Tuesday,12:00 - 13:59,Midday / afternoon,False,False,True,True
1363154,Injury,Moderate Injury,2024,2024,September,Thursday,12:00 - 13:59,MT WERONG,RD,2060,South,UPPER WERONG CREEK,TRL,MOUNT WERONG,,No,Not a school zone,2-way undivided,-34.060834,149.897917,Oberon,Country non-urban,Rest of NSW - Rural,Curved,,,,Unknown / not stated,Unsealed,Dry,Fine,Daylight,Nil,No traffic controls,100 km/h,Local,87,Off lft/lft bnd=>obj,804,Off left bend into obj,Left,Vehicle - Object,Motorcycle,,1,0,0,1,0,9,September,Spring,Thursday,12:00 - 13:59,Midday / afternoon,False,False,True,True
1363156,Injury,Minor/Other Injury,2024,2024,September,Thursday,16:00 - 17:59,MACARTHUR,ST,400,North,GEORGE,ST,PARRAMATTA,7484.0,Yes,No,2-way undivided,-33.812548,151.013727,Parramatta,Sydney metro. area,Syd-Newc-Woll Gtr conurbation,Straight,,,,Unknown / not stated,Sealed,Dry,Fine,Dusk,Nil,No traffic controls,60 km/h,Regional,30,Rear end,301,Same - Rear end,,Rear end,Car (sedan/hatch),Car (sedan/hatch),2,0,0,0,1,9,September,Spring,Thursday,16:00 - 17:59,PM peak / evening commute,True,False,True,True
1363157,Injury,Minor/Other Injury,2024,2024,August,Saturday,14:00 - 15:59,DUNKIRK,AVE,0,Right on the spot,NUMBER 19,HN,KINGSGROVE,,No,Not a school zone,2-way undivided,-33.929238,151.105663,Canterbury-Bankstown,Sydney metro. area,Syd-Newc-Woll Gtr conurbation,Straight,Driveway/entrance,,,Unknown / not stated,Sealed,Dry,Fine,Daylight,Nil,No traffic controls,50 km/h,Local,7,Driveway,7,Ped - driveway,,Vehicle - Pedestrian,Light truck utility(from 2018),Pedestrian,2,0,0,0,1,8,August,Winter,Saturday,14:00 - 15:59,Midday / afternoon,False,False,True,True
1363159,Injury,Moderate Injury,2024,2024,September,Sunday,16:00 - 17:59,STACEY,ST,100,North,GRIFFITHS,AVE,BANKSTOWN,190.0,No,Not a school zone,Divided road,-33.918726,151.040334,Canterbury-Bankstown,Sydney metro. area,Syd-Newc-Woll Gtr conurbation,Straight,,,,Unknown / not stated,Sealed,Dry,Fine,Daylight,Nil,No traffic controls,60 km/h,State,30,Rear end,301,Same - Rear end,,Rear end,4 wheel drive / SUV,4 wheel drive / SUV,2,0,0,1,0,9,September,Spring,Sunday,16:00 - 17:59,PM peak / evening commute,True,False,True,True
1363161,Injury,Moderate Injury,2024,2024,September,Thursday,06:00 - 07:59,MANNING RIVER,DR,0,Right on the spot,GLENTHORNE,RD,GLENTHORNE,7776.0,No,Not a school zone,Roundabout,-31.939842,152.471579,Mid-Coast,Country urban,Rest of NSW - Urban,Straight,,,,Unknown / not stated,Sealed,Wet,Raining,Daylight,Nil,Give way sign,70 km/h,Regional,71,Off rd left => obj,703,Left off cway into object,,Vehicle - Object,Light truck utility(from 2018),,1,0,0,1,0,9,September,Spring,Thursday,06:00 - 07:59,AM peak / school commute,True,False,True,True
1363165,Injury,Moderate Injury,2024,2024,September,Wednesday,08:00 - 09:59,RUDD,RD,0,Right on the spot,NUMBER 50,HN,LEUMEAH,680.0,No,Not a school zone,2-way undivided,-34.056775,150.825982,Campbelltown,Sydney metro. area,Syd-Newc-Woll Gtr conurbation,Straight,,,,Unknown / not stated,Sealed,Dry,Fine,Daylight,Nil,No traffic controls,60 km/h,State,30,Rear end,301,Same - Rear end,,Rear end,4 wheel drive / SUV,4 wheel drive / SUV,2,0,0,1,0,9,September,Spring,Wednesday,08:00 - 09:59,AM peak / school commute,True,False,True,True
1363166,Injury,Moderate Injury,2024,2024,September,Wednesday,08:00 - 09:59,BULLECOURT,AVE,50,West,DERNANCOURT,PDE,MILPERRA,7469.0,No,Not a school zone,2-way undivided,-33.937363,150.985971,Canterbury-Bankstown,Sydney metro. area,Syd-Newc-Woll Gtr conurbation,Straight,,,,Unknown / not stated,Sealed,Dry,Fine,Daylight,Nil,No traffic controls,50 km/h,Regional,30,Rear end,301,Same - Rear end,,Rear end,Large rigid,Station wagon,2,0,0,1,0,9,September,Spring,Wednesday,08:00 - 09:59,AM peak / school commute,True,False,True,True
1363168,Injury,Moderate Injury,2024,2024,September,Tuesday,16:00 - 17:59,BURWOOD,RD,0,Right on the spot,NUMBER 100,HN,CROYDON PARK,7067.0,No,Not a school zone,2-way undivided,-33.893056,151.1005,Burwood,Sydney metro. area,Syd-Newc-Woll Gtr conurbation,Straight,Driveway/entrance,,,Unknown / not stated,Sealed,Dry,Fine,Daylight,Nil,No traffic controls,50 km/h,Regional,47,Emerging from drive,406,Manov - Emerging from driveway,,Right angle,Car (sedan/hatch),Mot. wheelchair,2,0,0,1,0,9,September,Spring,Tuesday,16:00 - 17:59,PM peak / evening commute,True,False,True,True
1363169,Injury,Minor/Other Injury,2024,2024,September,Wednesday,06:00 - 07:59,PREDDYS,RD,0,Right on the spot,NUMBER 98C,HN,BEXLEY NORTH,7030.0,No,Not a school zone,2-way undivided,-33.94729,151.113238,Bayside,Sydney metro. area,Syd-Newc-Woll Gtr conurbation,Straight,Driveway/entrance,,,Unknown / not stated,Sealed,Dry,Fine,Daylight,Nil,No traffic controls,50 km/h,Regional,47,Emerging from drive,406,Manov - Emerging from driveway,,Right angle,Car (sedan/hatch),Car (sedan/hatch),2,0,0,0,1,9,September,Spring,Wednesday,06:00 - 07:59,AM peak / school commute,True,False,True,True
1363170,Injury,Minor/Other Injury,2024,2024,August,Thursday,18:00 - 19:59,BENNELONG,PKWY,0,Right on the spot,NUMBER 11,HN,WENTWORTH POINT,,No,Not a school zone,2-way undivided,-33.832273,151.072552,Parramatta,Sydney metro. area,Syd-Newc-Woll Gtr conurbation,Curved,,,,Unknown / not stated,Sealed,Dry,Fine,Dusk,Nil,No traffic controls,50 km/h,Local,30,Rear end,301,Same - Rear end,,Rear end,Car (sedan/hatch),Car (sedan/hatch),3,0,0,0,3,8,August,Winter,Thursday,18:00 - 19:59,PM peak / evening commute,True,False,True,True
1363172,Injury,Minor/Other Injury,2024,2024,September,Thursday,16:00 - 17:59,TERRIGAL,DR,0,Right on the spot,JESSIE HURLEY,DR,ERINA,505.0,No,Not a school zone,T-junction,-33.436162,151.405869,Central Coast,Country urban,Syd-Newc-Woll Gtr conurbation,Straight,,,,Unknown / not stated,Sealed,Dry,Fine,Daylight,Nil,Stop sign,70 km/h,State,14,2 right turning,105,Adj - Two right turning,,Right angle,4 wheel drive / SUV,4 wheel drive / SUV,2,0,0,0,1,9,September,Spring,Thursday,16:00 - 17:59,PM peak / evening commute,True,False,True,True
1363173,Injury,Moderate Injury,2024,2024,August,Thursday,22:00 - Midnight,COWPASTURE,RD,0,Right on the spot,M7 WESTLINK,EXP,LEN WATERS ESTATE,6009.0,No,Not a school zone,T-junction,-33.918779,150.852685,Liverpool,Sydney metro. area,Syd-Newc-Woll Gtr conurbation,Straight,Underpass/tunnel,,,Unknown / not stated,Sealed,Dry,Fine,Darkness,On,No traffic controls,70 km/h,State,30,Rear end,301,Same - Rear end,,Rear end,4 wheel drive / SUV,Car (sedan/hatch),2,0,0,2,0,8,August,Winter,Thursday,22:00 - Midnight,Evening / night,False,False,True,True
1363174,Injury,Minor/Other Injury,2024,2024,September,Thursday,14:00 - 15:59,NEWCASTLE,EXP,0,Right on the spot,MORGANS ROAD,OP,MOUNT WHITE,6003.0,No,Not a school zone,Dual freeway,-33.46419,151.194924,Central Coast,Country non-urban,Syd-Newc-Woll Gtr conurbation,Curved,Embankment/cutting,,,Unknown / not stated,Sealed,Wet,Raining,Daylight,Nil,No traffic controls,110 km/h,State,81,Off left/rt bnd=>obj,803,Off right bend into obj,Left,Vehicle - Object,Light truck utility(from 2018),,1,0,0,0,1,9,September,Spring,Thursday,14:00 - 15:59,Midday / afternoon,False,False,True,True
1363176,Injury,Minor/Other Injury,2024,2024,August,Monday,12:00 - 13:59,RAYMOND,ST,50,East,LOPEZ,LANE,BANKSTOWN,,No,Not a school zone,1-way street,-33.919715,151.03608,Canterbury-Bankstown,Sydney metro. area,Syd-Newc-Woll Gtr conurbation,Straight,,,,Unknown / not stated,Sealed,Dry,Fine,Daylight,Nil,No traffic controls,40 km/h,Local,30,Rear end,301,Same - Rear end,,Rear end,Light truck utility(from 2018),4 wheel drive / SUV,2,0,0,0,1,8,August,Winter,Monday,12:00 - 13:59,Midday / afternoon,False,False,True,True
1363177,Injury,Moderate Injury,2024,2024,September,Wednesday,10:00 - 11:59,CAMPBELLTOWN,RD,0,Right on the spot,BLAXLAND ROAD,TO,LEUMEAH,177.0,No,Not a school zone,Divided road,-34.052228,150.824375,Campbelltown,Sydney metro. area,Syd-Newc-Woll Gtr conurbation,Curved,,,,Unknown / not stated,Sealed,Dry,Fine,Daylight,Nil,Other traf. control,60 km/h,State,30,Rear end,301,Same - Rear end,,Rear end,Light truck,Other bus,2,0,0,1,0,9,September,Spring,Wednesday,10:00 - 11:59,Midday / afternoon,False,False,True,True
1363178,Injury,Moderate Injury,2024,2024,September,Thursday,16:00 - 17:59,HANNAH,ST,0,Right on the spot,HENNESSY,ST,TOCUMWAL,,No,Not a school zone,X-intersection,-35.812285,145.581506,Berrigan,Country urban,Rest of NSW - Urban,Straight,,,,Unknown / not stated,Sealed,Dry,Fine,Daylight,Nil,Give way sign,50 km/h,Local,10,Cross traffic,101,Adj - Cross traffic,,Right angle,4 wheel drive / SUV,4 wheel drive / SUV,2,0,0,1,0,9,September,Spring,Thursday,16:00 - 17:59,PM peak / evening commute,True,False,True,True
1363179,Injury,Minor/Other Injury,2024,2024,September,Saturday,12:00 - 13:59,HIGH,ST,0,Right on the spot,MARSHALL,ST,MANLY,,No,Not a school zone,T-junction,-33.804736,151.290144,Northern Beaches,Sydney metro. area,Syd-Newc-Woll Gtr conurbation,Straight,Steep grade,,,Unknown / not stated,Sealed,Dry,Fine,Daylight,Nil,No traffic controls,50 km/h,Local,21,Right through,202,Opp - Right-thru,,Other angle,Car (sedan/hatch),Motorcycle,2,0,0,0,1,9,September,Spring,Saturday,12:00 - 13:59,Midday / afternoon,False,False,True,True
1363181,Injury,Minor/Other Injury,2024,2024,August,Wednesday,08:00 - 09:59,OXFORD,ST,0,Right on the spot,DENISON,ST,BONDI JUNCTION,,No,Not a school zone,T-junction,-33.891141,151.245118,Waverley,Sydney metro. area,Syd-Newc-Woll Gtr conurbation,Straight,,,,Unknown / not stated,Sealed,Dry,Fine,Daylight,Nil,Ped crossing,50 km/h,Local,0,Ped nearside,1,Ped - Near side,,Vehicle - Pedestrian,Car (sedan/hatch),Pedestrian,2,0,0,0,1,8,August,Winter,Wednesday,08:00 - 09:59,AM peak / school commute,True,False,True,True