crash_id,degree_of_crash,degree_of_crash_-_detailed,reporting_year,year_of_crash,month_of_crash,day_of_week_of_crash,two-hour_intervals,street_of_crash,street_type,distance,direction,identifying_feature,identifying_feature_type,town,route_no.,school_zone_location,school_zone_active,type_of_location,latitude,longitude,lga,urbanisation,conurbation_1,alignment,primary_permanent_feature,primary_temporary_feature,primary_hazardous_feature,street_lighting,road_surface,surface_condition,weather,natural_lighting,signals_operation,other_traffic_control,speed_limit,road_classification_(admin),rum_-_code,rum_-_description,dca_-_code,dca_-_description,dca_supplement,first_impact_type,key_tu_type,other_tu_type,no._of_traffic_units_involved,no._killed,no._seriously_injured,no._moderately_injured,no._minor-other_injured,month_num,month_label,season,day_label,time_label,time_band,is_peak_commute,is_fatal,is_injury,is_casualty
1363182,Injury,Minor/Other Injury,2024,2024,June,Wednesday,10:00 - 11:59,CARRINGTON,RD,0,Right on the spot,FRENCHMANS,RD,RANDWICK,660.0,No,Not a school zone,T-junction,-33.906966,151.252178,Randwick,Sydney metro. area,Syd-Newc-Woll Gtr conurbation,Straight,,,,Unknown / not stated,Sealed,Dry,Fine,Daylight,On,No traffic controls,50 km/h,State,30,Rear end,301,Same - Rear end,,Rear end,4 wheel drive / SUV,4 wheel drive / SUV,2,0,0,0,1,6,June,Winter,Wednesday,10:00 - 11:59,Midday / afternoon,False,False,True,True
1363183,Injury,Moderate Injury,2024,2024,September,Friday,06:00 - 07:59,NEW ENGLAND,HWY,0,Right on the spot,NUMBER 98,HN,BERESFIELD,9.0,No,Not a school zone,Divided road,-32.802343,151.634036,Newcastle,Newcastle met. area,Syd-Newc-Woll Gtr conurbation,Straight,,,,Unknown / not stated,Sealed,Dry,Fine,Daylight,Nil,No traffic controls,60 km/h,State,30,Rear end,301,Same - Rear end,,Rear end,Car (sedan/hatch),4 wheel drive / SUV,3,0,0,1,1,9,September,Spring,Friday,06:00 - 07:59,AM peak / school commute,True,False,True,True
1363186,Injury,Minor/Other Injury,2024,2024,August,Friday,18:00 - 19:59,HUNTLEYS POINT,RD,100,South,KEEYUGA,RD,HUNTLEYS POINT,,No,Not a school zone,2-way undivided,-33.840227,151.146499,Hunters Hill,Sydney metro. area,Syd-Newc-Woll Gtr conurbation,Straight,,,,Unknown / not stated,Sealed,Dry,Fine,Darkness,Nil,No traffic controls,50 km/h,Local,30,Rear end,301,Same - Rear end,,Rear end,Car (sedan/hatch),Car (sedan/hatch),2,0,0,0,1,8,August,Winter,Friday,18:00 - 19:59,PM peak / evening commute,True,False,True,True
1363193,Injury,Minor/Other Injury,2024,2024,September,Saturday,10:00 - 11:59,CUMBERLAND,HWY,20,North,HAMILTON,ST,FAIRFIELD WEST,13.0,Yes,No,Divided road,-33.869517,150.925302,Fairfield,Sydney metro. area,Syd-Newc-Woll Gtr conurbation,Straight,,,,Unknown / not stated,Sealed,Dry,Fine,Daylight,Nil,No traffic controls,70 km/h,State,30,Rear end,301,Same - Rear end,,Rear end,Car (sedan/hatch),Car (sedan/hatch),2,0,0,0,1,9,September,Spring,Saturday,10:00 - 11:59,Midday / afternoon,False,False,True,True
1363195,Injury,Minor/Other Injury,2024,2024,September,Thursday,06:00 - 07:59,SOUTH WESTERN,EXP,40,West,MOOREBANK,AVE,MOOREBANK,6005.0,No,Not a school zone,Other,-33.939153,150.924633,Liverpool,Sydney metro. area,Syd-Newc-Woll Gtr conurbation,Curved,,,,Unknown / not stated,Sealed,Dry,Fine,Daylight,Unknown / not stated,Ped crossing,60 km/h,State,30,Rear end,301,Same - Rear end,,Rear end,Light truck,Car (sedan/hatch),2,0,0,0,1,9,September,Spring,Thursday,06:00 - 07:59,AM peak / school commute,True,False,True,True
1363196,Injury,Moderate Injury,2024,2024,September,Monday,08:00 - 09:59,PORTLAND,DR,0,Right on the spot,NUMBER 32,HN,CAMERON PARK,,No,Not a school zone,2-way undivided,-32.9095,151.605994,Lake Macquarie,Newcastle met. area,Syd-Newc-Woll Gtr conurbation,Straight,Driveway/entrance,,,Unknown / not stated,Sealed,Dry,Fine,Daylight,Nil,No traffic controls,50 km/h,Local,47,Emerging from drive,406,Manov - Emerging from driveway,,Right angle,Car (sedan/hatch),4 wheel drive / SUV,2,0,0,1,1,9,September,Spring,Monday,08:00 - 09:59,AM peak / school commute,True,False,True,True
1363200,Injury,Minor/Other Injury,2024,2024,July,Friday,16:00 - 17:59,EPPING,RD,150,West,VIMIERA,RD,MARSFIELD,373.0,Yes,No,Divided road,-33.771659,151.099635,Ryde,Sydney metro. area,Syd-Newc-Woll Gtr conurbation,Curved,Steep grade,,,Unknown / not stated,Sealed,Dry,Fine,Daylight,Nil,No traffic controls,70 km/h,State,30,Rear end,301,Same - Rear end,,Rear end,Car (sedan/hatch),Car (sedan/hatch),2,0,0,0,2,7,July,Winter,Friday,16:00 - 17:59,PM peak / evening commute,True,False,True,True
1363201,Injury,Minor/Other Injury,2024,2024,August,Friday,10:00 - 11:59,KYOGLE,RD,90,East,HOMELEIGH,RD,LITTLE BACK CREEK,141.0,No,Not a school zone,2-way undivided,-28.601856,153.037778,Kyogle,Country non-urban,Rest of NSW - Rural,Curved,Embankment/cutting,,,Unknown / not stated,Sealed,Dry,Fine,Daylight,Nil,No traffic controls,100 km/h,Regional,81,Off left/rt bnd=>obj,803,Off right bend into obj,Left,Vehicle - Object,Light truck,,1,0,0,0,1,8,August,Winter,Friday,10:00 - 11:59,Midday / afternoon,False,False,True,True
1363204,Injury,Serious Injury,2024,2024,May,Thursday,08:00 - 09:59,HUME,HWY,0,Right on the spot,BOX,RD,CASULA,2.0,No,Not a school zone,T-junction,-33.957135,150.889106,Liverpool,Sydney metro. area,Syd-Newc-Woll Gtr conurbation,Straight,,,,Nil,Sealed,Dry,Overcast,Daylight,Nil,Give way sign,70 km/h,State,13,Right near,104,Adj - Right-thru from right,,Right angle,4 wheel drive / SUV,Car (sedan/hatch),2,0,1,0,0,5,May,Autumn,Thursday,08:00 - 09:59,AM peak / school commute,True,False,True,True
1363205,Injury,Moderate Injury,2024,2024,May,Tuesday,06:00 - 07:59,COBBITTY,RD,0,Right on the spot,WEROMBI,RD,BROWNLOW HILL,,No,Not a school zone,T-junction,-34.023592,150.656432,Wollondilly,Country urban,Syd-Newc-Woll Gtr conurbation,Straight,,,,Off,Sealed,Wet,Overcast,Daylight,Nil,No traffic controls,80 km/h,Local,32,Right rear,303,Same - Rear right,,Rear end,4 wheel drive / SUV,4 wheel drive / SUV,2,0,0,1,0,5,May,Autumn,Tuesday,06:00 - 07:59,AM peak / school commute,True,False,True,True
1363206,Injury,Minor/Other Injury,2024,2024,June,Thursday,08:00 - 09:59,SPRINGHILL,RD,20,North,FIVE ISLANDS ROAD,TO,SPRING HILL,581.0,No,Not a school zone,Divided road,-34.464677,150.871631,Wollongong,Wollongong met. area,Syd-Newc-Woll Gtr conurbation,Straight,Climb/merge lane,,,Off,Sealed,Dry,Fine,Daylight,Nil,No traffic controls,80 km/h,State,30,Rear end,301,Same - Rear end,,Rear end,Car (sedan/hatch),Car (sedan/hatch),2,0,0,0,1,6,June,Winter,Thursday,08:00 - 09:59,AM peak / school commute,True,False,True,True
1363207,Injury,Moderate Injury,2024,2024,June,Monday,00:01 - 01:59,BLACKWALL,RD,0,Right on the spot,MEMORIAL,AVE,BLACKWALL,349.0,No,Not a school zone,T-junction,-33.502565,151.331467,Central Coast,Country urban,Syd-Newc-Woll Gtr conurbation,Curved,,,,On,Sealed,Dry,Fine,Darkness,Nil,Stop sign,60 km/h,State,81,Off left/rt bnd=>obj,803,Off right bend into obj,Left,Vehicle - Object,Light truck utility(from 2018),,1,0,0,2,0,6,June,Winter,Monday,00:01 - 01:59,Late night / early morning,False,False,True,True
1363210,Injury,Serious Injury,2024,2024,May,Friday,08:00 - 09:59,OXLEY,HWY,0,Right on the spot,NEW WINTON,RD,WESTDALE,11.0,No,Not a school zone,Roundabout,-31.09376,150.867528,Tamworth Regional,Country urban,Rest of NSW - Urban,Curved,,,,Nil,Sealed,Dry,Fine,Daylight,Nil,Give way sign,60 km/h,State,13,Right near,104,Adj - Right-thru from right,,Right angle,Light truck,Light truck utility(from 2018),2,0,1,0,0,5,May,Autumn,Friday,08:00 - 09:59,AM peak / school commute,True,False,True,True
1363212,Injury,Serious Injury,2024,2024,June,Thursday,16:00 - 17:59,RUTLEDGE,ST,0,Right on the spot,TARRANTS,AVE,EASTWOOD,574.0,No,Not a school zone,X-intersection,-33.794132,151.075204,Ryde,Sydney metro. area,Syd-Newc-Woll Gtr conurbation,Straight,,,,Off,Sealed,Dry,Fine,Daylight,Nil,Stop sign,60 km/h,State,21,Right through,202,Opp - Right-thru,,Other angle,4 wheel drive / SUV,4 wheel drive / SUV,2,0,1,1,0,6,June,Winter,Thursday,16:00 - 17:59,PM peak / evening commute,True,False,True,True
1363214,Injury,Serious Injury,2024,2024,June,Monday,22:00 - Midnight,BUNGLEGUMBIE,RD,0,Right on the spot,COOREENA,RD,DUBBO,,No,Not a school zone,X-intersection,-32.194139,148.564425,Dubbo Regional,Country non-urban,Rest of NSW - Rural,Straight,Ditch/drain/culvert,,,Off,Sealed,Dry,Fine,Darkness,Nil,Give way sign,100 km/h,Local,40,U turn,207,Opp - U-turn,,Other angle,Car (sedan/hatch),Light truck utility(from 2018),2,0,3,2,0,6,June,Winter,Monday,22:00 - Midnight,Evening / night,False,False,True,True
1363216,Injury,Minor/Other Injury,2024,2024,July,Tuesday,08:00 - 09:59,HUME,HWY,0,Right on the spot,KURRAJONG,RD,CASULA,2.0,No,Not a school zone,X-intersection,-33.950416,150.904575,Liverpool,Sydney metro. area,Syd-Newc-Woll Gtr conurbation,Straight,,,,Off,Sealed,Dry,Fine,Daylight,On,No traffic controls,70 km/h,State,30,Rear end,301,Same - Rear end,,Rear end,4 wheel drive / SUV,Car (sedan/hatch),3,0,0,0,1,7,July,Winter,Tuesday,08:00 - 09:59,AM peak / school commute,True,False,True,True
1363217,Injury,Moderate Injury,2024,2024,June,Friday,14:00 - 15:59,FUNSTON,ST,100,West,MOSS VALE,RD,BOWRAL,7639.0,No,Not a school zone,2-way undivided,-34.484492,150.414762,Wingecarribee,Country urban,Rest of NSW - Urban,Straight,Driveway/entrance,,,Nil,Sealed,Dry,Fine,Daylight,Nil,No traffic controls,50 km/h,Regional,71,Off rd left => obj,703,Left off cway into object,,Other angle,Car (sedan/hatch),Car (sedan/hatch),2,0,0,1,0,6,June,Winter,Friday,14:00 - 15:59,Midday / afternoon,False,False,True,True
1363218,Injury,Minor/Other Injury,2024,2024,July,Friday,14:00 - 15:59,BIGGE,ST,0,Right on the spot,ELIZABETH,ST,LIVERPOOL,,Yes,No,X-intersection,-33.920623,150.927302,Liverpool,Sydney metro. area,Syd-Newc-Woll Gtr conurbation,Straight,,,,Off,Sealed,Wet,Raining,Daylight,On,Ped crossing,30 km/h,Local,2,Ped far side,3,Ped - Far side,,Vehicle - Pedestrian,Car (sedan/hatch),Pedestrian,2,0,0,0,1,7,July,Winter,Friday,14:00 - 15:59,Midday / afternoon,False,False,True,True
1363219,Injury,Minor/Other Injury,2024,2024,June,Wednesday,04:00 - 05:59,GENERAL HOLMES,DR,1000,West,FORESHORE,RD,MASCOT,194.0,No,Not a school zone,Divided road,-33.945937,151.177499,Bayside,Sydney metro. area,Syd-Newc-Woll Gtr conurbation,Straight,Underpass/tunnel,,,On,Sealed,Dry,Fine,Dawn,Nil,No traffic controls,70 km/h,State,30,Rear end,301,Same - Rear end,,Rear end,Large rigid,Light truck utility(from 2018),3,0,0,0,2,6,June,Winter,Wednesday,04:00 - 05:59,Late night / early morning,False,False,True,True
1363222,Injury,Serious Injury,2024,2024,July,Saturday,08:00 - 09:59,HAWKESBURY VALLEY,WAY,0,Right on the spot,RUM CORPS,LANE,WINDSOR,184.0,No,Not a school zone,T-junction,-33.610487,150.807717,Hawkesbury,Country urban,Syd-Newc-Woll Gtr conurbation,Straight,Painted double centre lines,,,Off,Sealed,Wet,Fine,Daylight,Nil,No traffic controls,60 km/h,State,30,Rear end,301,Same - Rear end,,Rear end,Car (sedan/hatch),4 wheel drive / SUV,4,0,1,0,1,7,July,Winter,Saturday,08:00 - 09:59,AM peak / school commute,True,False,True,True
1363224,Injury,Moderate Injury,2024,2024,July,Thursday,08:00 - 09:59,CENTRAL COAST,HWY,0,Right on the spot,DRIFTERS WHARF,ENT,GOSFORD,30.0,No,Not a school zone,Divided road,-33.43157,151.339827,Central Coast,Country urban,Syd-Newc-Woll Gtr conurbation,Curved,Driveway/entrance,,,Off,Sealed,Dry,Fine,Daylight,Nil,No traffic controls,60 km/h,State,47,Emerging from drive,406,Manov - Emerging from driveway,,Right angle,Station wagon,Pedal cycle,2,0,0,1,0,7,July,Winter,Thursday,08:00 - 09:59,AM peak / school commute,True,False,True,True
1363225,Injury,Serious Injury,2024,2024,July,Tuesday,12:00 - 13:59,KAMILAROI,HWY,0,Right on the spot,BUNDELLA,RD,QUIRINDI,29.0,No,Not a school zone,T-junction,-31.489156,150.633575,Liverpool Plains,Country non-urban,Rest of NSW - Rural,Straight,,,,Nil,Sealed,Dry,Overcast,Daylight,Nil,Give way sign,100 km/h,State,80,Off left/right bend,707,Right turn,Left,Rollover,Semi-trailer,,1,0,1,0,0,7,July,Winter,Tuesday,12:00 - 13:59,Midday / afternoon,False,False,True,True
1363226,Injury,Serious Injury,2024,2024,July,Wednesday,14:00 - 15:59,DENMAN,AVE,0,Right on the spot,NUMBER 73-79,HN,WOOLOOWARE,,No,Not a school zone,2-way undivided,-34.046368,151.138919,Sutherland,Sydney metro. area,Syd-Newc-Woll Gtr conurbation,Straight,Driveway/entrance,,,Nil,Sealed,Dry,Fine,Daylight,Nil,No traffic controls,50 km/h,Local,47,Emerging from drive,406,Manov - Emerging from driveway,,Right angle,Light truck utility(from 2018),Motorcycle,2,0,1,0,0,7,July,Winter,Wednesday,14:00 - 15:59,Midday / afternoon,False,False,True,True
1363228,Injury,Serious Injury,2024,2024,July,Monday,14:00 - 15:59,PACIFIC,HWY,0,Right on the spot,DIBBS,ST,NABIAC,10.0,No,Not a school zone,X-intersection,-32.092447,152.391035,Mid-Coast,Country non-urban,Rest of NSW - Rural,Straight,,,,Off,Sealed,Dry,Fine,Daylight,Nil,Stop sign,100 km/h,State,10,Cross traffic,101,Adj - Cross traffic,,Right angle,Car (sedan/hatch),4 wheel drive / SUV,2,0,1,0,1,7,July,Winter,Monday,14:00 - 15:59,Midday / afternoon,False,False,True,True
1363229,Injury,Moderate Injury,2024,2024,July,Saturday,14:00 - 15:59,OXFORD,ST,0,Right on the spot,NUMBER 21,HN,SURRY HILLS,7310.0,No,Not a school zone,2-way undivided,-33.877457,151.212901,Sydney,Sydney metro. area,Syd-Newc-Woll Gtr conurbation,Straight,,,,Off,Sealed,Dry,Fine,Daylight,Nil,No traffic controls,40 km/h,Regional,33,Lane sideswipe,305,Same - Lane side swipe,,Other angle,Car (sedan/hatch),Pedal cycle,2,0,0,1,0,7,July,Winter,Saturday,14:00 - 15:59,Midday / afternoon,False,False,True,True
1363231,Injury,Serious Injury,2024,2024,July,Thursday,20:00 - 21:59,PALLAL,RD,3830,West,KILLARNEY GAP,RD,PALLAL,,No,Not a school zone,2-way undivided,-29.908326,150.435326,Gwydir,Country non-urban,Rest of NSW - Rural,Curved,Steep grade,,,Nil,Unsealed,Dry,Fine,Darkness,Nil,No traffic controls,100 km/h,Local,88,Out of cont on bend,805,Out of control on bend,,Rollover,Light truck utility(from 2018),,1,0,1,0,0,7,July,Winter,Thursday,20:00 - 21:59,Evening / night,False,False,True,True
1363233,Injury,Moderate Injury,2024,2024,June,Saturday,10:00 - 11:59,PACIFIC,HWY,10,North,O'HART,CL,LAKE HAVEN,10.0,No,Not a school zone,T-junction,-33.242196,151.496571,Central Coast,Country urban,Syd-Newc-Woll Gtr conurbation,Straight,Steep grade,,,Off,Sealed,Dry,Fine,Daylight,Nil,No traffic controls,70 km/h,State,30,Rear end,301,Same - Rear end,,Rear end,Car (sedan/hatch),Car (sedan/hatch),4,0,0,2,0,6,June,Winter,Saturday,10:00 - 11:59,Midday / afternoon,False,False,True,True
1363234,Injury,Moderate Injury,2024,2024,July,Wednesday,10:00 - 11:59,MEURANTS,LANE,10,East,GLENWOOD PARK,DR,GLENWOOD,,No,Not a school zone,Roundabout,-33.738424,150.92746,Blacktown,Sydney metro. area,Syd-Newc-Woll Gtr conurbation,Straight,,,,Nil,Sealed,Dry,Fine,Daylight,Nil,Give way sign,50 km/h,Local,12,Left far,103,Adj - Left-thru from left,,Right angle,4 wheel drive / SUV,4 wheel drive / SUV,2,0,0,1,1,7,July,Winter,Wednesday,10:00 - 11:59,Midday / afternoon,False,False,True,True
1363235,Injury,Moderate Injury,2024,2024,June,Friday,08:00 - 09:59,MAMRE,RD,0,Right on the spot,JAMES ERSKINE,DR,ORCHARD HILLS,536.0,No,Not a school zone,T-junction,-33.820653,150.776038,Penrith,Sydney metro. area,Syd-Newc-Woll Gtr conurbation,Straight,,,,Off,Sealed,Dry,Fine,Daylight,On,No traffic controls,80 km/h,State,21,Right through,202,Opp - Right-thru,,Other angle,Semi-trailer,Light truck utility(from 2018),2,0,0,1,0,6,June,Winter,Friday,08:00 - 09:59,AM peak / school commute,True,False,True,True
1363240,Injury,Serious Injury,2024,2024,July,Sunday,10:00 - 11:59,GEORGE BOOTH,DR,500,South,JOHN RENSHAW,DR,BUCHANAN,527.0,No,Not a school zone,2-way undivided,-32.834898,151.526393,Cessnock,Country urban,Rest of NSW - Urban,Straight,,,Potholes/corrugations/rough,Nil,Sealed,Dry,Fine,Daylight,Nil,No traffic controls,80 km/h,State,51,Out of control otake,502,Ovtak - Out of control,,Rollover,Motorcycle,,1,0,1,0,0,7,July,Winter,Sunday,10:00 - 11:59,Midday / afternoon,False,False,True,True
1363241,Injury,Serious Injury,2024,2024,July,Monday,18:00 - 19:59,KENNEDY,ST,0,Right on the spot,NUMBER 13,HN,KINGSFORD,,No,Not a school zone,2-way undivided,-33.921375,151.233012,Randwick,Sydney metro. area,Syd-Newc-Woll Gtr conurbation,Straight,,,,On,Sealed,Wet,Unknown,Darkness,Nil,No traffic controls,50 km/h,Local,2,Ped far side,3,Ped - Far side,,Vehicle - Pedestrian,Car (sedan/hatch),Pedestrian,2,0,1,1,0,7,July,Winter,Monday,18:00 - 19:59,PM peak / evening commute,True,False,True,True
1363242,Injury,Moderate Injury,2024,2024,June,Thursday,18:00 - 19:59,KISSING POINT,RD,0,Right on the spot,QUARRY,RD,DUNDAS VALLEY,574.0,No,Not a school zone,T-junction,-33.799075,151.053967,Parramatta,Sydney metro. area,Syd-Newc-Woll Gtr conurbation,Straight,,,,On,Sealed,Dry,Fine,Darkness,Nil,Give way sign,70 km/h,State,21,Right through,202,Opp - Right-thru,,Other angle,Car (sedan/hatch),Motorcycle,2,0,0,1,0,6,June,Winter,Thursday,18:00 - 19:59,PM peak / evening commute,True,False,True,True
1363245,Injury,Serious Injury,2024,2024,July,Wednesday,04:00 - 05:59,LUXFORD,RD,0,Right on the spot,NUMBER 428,HN,LETHBRIDGE PARK,7161.0,No,Not a school zone,Divided road,-33.734372,150.801039,Blacktown,Sydney metro. area,Syd-Newc-Woll Gtr conurbation,Curved,,,,Off,Sealed,Dry,Fine,Dawn,Nil,No traffic controls,60 km/h,Regional,81,Off left/rt bnd=>obj,803,Off right bend into obj,Left,Vehicle - Object,Car (sedan/hatch),,1,0,1,0,0,7,July,Winter,Wednesday,04:00 - 05:59,Late night / early morning,False,False,True,True
1363247,Injury,Moderate Injury,2024,2024,July,Thursday,12:00 - 13:59,GREAT WESTERN,HWY,0,Right on the spot,BROWNING,ST,MITCHELL,5.0,No,Not a school zone,X-intersection,-33.421601,149.563217,Bathurst Regional,Country urban,Rest of NSW - Urban,Straight,,,,Off,Sealed,Dry,Fine,Daylight,Nil,Give way sign,60 km/h,State,10,Cross traffic,101,Adj - Cross traffic,,Right angle,Car (sedan/hatch),Car (sedan/hatch),2,0,0,2,0,7,July,Winter,Thursday,12:00 - 13:59,Midday / afternoon,False,False,True,True
1363249,Injury,Serious Injury,2024,2024,July,Tuesday,16:00 - 17:59,ORIORDAN,ST,0,Right on the spot,BOURKE,RD,MASCOT,658.0,No,Not a school zone,T-junction,-33.926882,151.188001,Bayside,Sydney metro. area,Syd-Newc-Woll Gtr conurbation,Straight,,,,On,Sealed,Dry,Fine,Darkness,On,Ped crossing,60 km/h,State,0,Ped nearside,1,Ped - Near side,,Vehicle - Pedestrian,Car (sedan/hatch),Pedestrian,2,0,1,0,0,7,July,Winter,Tuesday,16:00 - 17:59,PM peak / evening commute,True,False,True,True
1363251,Injury,Serious Injury,2024,2024,July,Thursday,08:00 - 09:59,MIDNIGHT,AVE,0,Right on the spot,O'CONNELL,ST,CADDENS,,No,Not a school zone,T-junction,-33.771133,150.738574,Penrith,Sydney metro. area,Syd-Newc-Woll Gtr conurbation,Straight,,,,Nil,Sealed,Dry,Fine,Daylight,Nil,Give way sign,50 km/h,Local,85,Off rt/lft bnd=>obj,706,Left turn,Right,Vehicle - Object,4 wheel drive / SUV,,1,0,1,0,0,7,July,Winter,Thursday,08:00 - 09:59,AM peak / school commute,True,False,True,True
1363252,Injury,Serious Injury,2024,2024,July,Friday,10:00 - 11:59,CUMBERLAND,HWY,50,North,MARSDEN,RD,CARLINGFORD,13.0,No,Not a school zone,Divided road,-33.779204,151.052211,Parramatta,Sydney metro. area,Syd-Newc-Woll Gtr conurbation,Curved,,,,Off,Sealed,Dry,Fine,Daylight,Nil,No traffic controls,60 km/h,State,30,Rear end,301,Same - Rear end,,Rear end,Motorcycle,4 wheel drive / SUV,2,0,1,0,1,7,July,Winter,Friday,10:00 - 11:59,Midday / afternoon,False,False,True,True
1363254,Injury,Moderate Injury,2024,2024,August,Thursday,20:00 - 21:59,SCHOFIELDS,RD,300,East,JUNCTION,RD,TALLAWONG,687.0,No,Not a school zone,Divided road,-33.697822,150.882424,Blacktown,Sydney metro. area,Syd-Newc-Woll Gtr conurbation,Straight,Bus/transit lane,,,On,Sealed,Dry,Fine,Darkness,Nil,No traffic controls,70 km/h,State,35,Lane change left,307,Same - Lane change left,,Other angle,Car (sedan/hatch),Light truck utility(from 2018),3,0,0,2,0,8,August,Winter,Thursday,20:00 - 21:59,Evening / night,False,False,True,True
1363255,Injury,Serious Injury,2024,2024,August,Wednesday,00:01 - 01:59,EASTWOOD,RD,0,Right on the spot,INGLEBURN,RD,LEPPINGTON,,No,Not a school zone,T-junction,-33.953766,150.793196,Camden,Sydney metro. area,Syd-Newc-Woll Gtr conurbation,Straight,,Police pursuit,,Nil,Sealed,Dry,Fine,Darkness,Nil,No traffic controls,70 km/h,Local,75,Off end of road,709,Off end cway or T junct,,Vehicle - Object,Car (sedan/hatch),,1,0,1,0,0,8,August,Winter,Wednesday,00:01 - 01:59,Late night / early morning,False,False,True,True
1363257,Injury,Moderate Injury,2024,2024,July,Thursday,12:00 - 13:59,LANE COVE,RD,0,Right on the spot,TALAVERA,RD,MACQUARIE PARK,162.0,No,Not a school zone,X-intersection,-33.78254,151.131248,Ryde,Sydney metro. area,Syd-Newc-Woll Gtr conurbation,Straight,,,,Nil,Sealed,Dry,Fine,Daylight,On,No traffic controls,70 km/h,State,49,Other manoeuvring,400,Manov - other,,Other angle,4 wheel drive / SUV,4 wheel drive / SUV,2,0,0,1,0,7,July,Winter,Thursday,12:00 - 13:59,Midday / afternoon,False,False,True,True
1363259,Injury,Serious Injury,2024,2024,August,Tuesday,14:00 - 15:59,WERRIS CREEK,RD,2000,South,SCOTTS,LANE,WERRIS CREEK,130.0,No,Not a school zone,2-way undivided,-31.304215,150.657286,Liverpool Plains,Country non-urban,Rest of NSW - Rural,Straight,,,Loose gravel shoulder,Nil,Sealed,Dry,Overcast,Daylight,Nil,No traffic controls,100 km/h,Regional,74,On road-out of cont.,705,Out of control on cway,,Rollover,4 wheel drive / SUV,,1,0,2,0,0,8,August,Winter,Tuesday,14:00 - 15:59,Midday / afternoon,False,False,True,True
1363263,Injury,Moderate Injury,2024,2024,August,Tuesday,16:00 - 17:59,BRICK WHARF,RD,20,East,NORTH BURGE,RD,WOY WOY,,No,Not a school zone,2-way undivided,-33.486483,151.334978,Central Coast,Country urban,Syd-Newc-Woll Gtr conurbation,Straight,,,,Off,Sealed,Dry,Unknown,Daylight,Nil,No traffic controls,50 km/h,Local,71,Off rd left => obj,703,Left off cway into object,,Other angle,Light truck,Car (sedan/hatch),3,0,0,1,0,8,August,Winter,Tuesday,16:00 - 17:59,PM peak / evening commute,True,False,True,True
1363268,Injury,Serious Injury,2024,2024,July,Sunday,12:00 - 13:59,EDMONDSON,AVE,0,Right on the spot,FOURTEENTH,AVE,AUSTRAL,2126.0,No,Not a school zone,X-intersection,-33.921676,150.814334,Liverpool,Sydney metro. area,Syd-Newc-Woll Gtr conurbation,Straight,,,,Off,Sealed,Dry,Fine,Daylight,Nil,Give way sign,60 km/h,Regional,10,Cross traffic,101,Adj - Cross traffic,,Right angle,Car (sedan/hatch),Car (sedan/hatch),2,0,1,0,1,7,July,Winter,Sunday,12:00 - 13:59,Midday / afternoon,False,False,True,True
1363269,Injury,Moderate Injury,2024,2024,August,Monday,12:00 - 13:59,TOMEWIN,RD,100,South,DULGUIGAN,RD,KYNNUMBOON,143.0,No,Not a school zone,2-way undivided,-28.292489,153.385879,Tweed,Country urban,Rest of NSW - Urban,Curved,Painted double centre lines,,,Nil,Sealed,Wet,Raining,Daylight,Nil,No traffic controls,80 km/h,Regional,84,Off right/left bend,802,Off cway left bend,Right,Rollover,Light truck utility(from 2018),,1,0,0,1,0,8,August,Winter,Monday,12:00 - 13:59,Midday / afternoon,False,False,True,True
1363271,Injury,Serious Injury,2024,2024,July,Thursday,10:00 - 11:59,NEWCASTLE,EXP,400,South,OLD PACIFIC HIGHWAY,OP,MOONEY MOONEY CREEK,6003.0,No,Not a school zone,Dual freeway,-33.434094,151.258226,Central Coast,Country non-urban,Syd-Newc-Woll Gtr conurbation,Straight,Steep grade,,,Nil,Sealed,Dry,Fine,Daylight,Nil,No traffic controls,110 km/h,State,71,Off rd left => obj,703,Left off cway into object,,Vehicle - Object,Car (sedan/hatch),,1,0,2,0,0,7,July,Winter,Thursday,10:00 - 11:59,Midday / afternoon,False,False,True,True
1363272,Injury,Serious Injury,2024,2024,August,Sunday,16:00 - 17:59,NEW ENGLAND,HWY,500,South,GORDON,ST,ABERDEEN,9.0,No,Not a school zone,2-way undivided,-32.180774,150.890128,Muswellbrook,Country non-urban,Rest of NSW - Rural,Straight,Painted double centre lines,,,Off,Sealed,Dry,Fine,Daylight,Nil,No traffic controls,100 km/h,State,20,Head on,201,Opp - Head on,,Head-on,Car (sedan/hatch),4 wheel drive / SUV,2,0,2,2,0,8,August,Winter,Sunday,16:00 - 17:59,PM peak / evening commute,True,False,True,True
1363274,Injury,Moderate Injury,2024,2024,August,Wednesday,14:00 - 15:59,GREAT WESTERN,HWY,600,East,STATION,ST,WENTWORTHVILLE,5.0,No,Not a school zone,Divided road,-33.816605,150.975862,Cumberland,Sydney metro. area,Syd-Newc-Woll Gtr conurbation,Straight,Driveway/entrance,,,Nil,Sealed,Dry,Fine,Daylight,Nil,No traffic controls,80 km/h,State,37,Left turn sideswipe,309,Same - Left turn side swipe,,Other angle,Car (sedan/hatch),Motorcycle,2,0,0,1,0,8,August,Winter,Wednesday,14:00 - 15:59,Midday / afternoon,False,False,True,True
1363275,Injury,Moderate Injury,2024,2024,August,Tuesday,08:00 - 09:59,KIDMAN,WAY,490,East,BROMLEY,RD,GRIFFITH,80.0,No,Not a school zone,2-way undivided,-34.282503,146.003192,Griffith,Country urban,Rest of NSW - Urban,Straight,,,,Nil,Sealed,Dry,Fine,Daylight,Nil,No traffic controls,80 km/h,State,30,Rear end,301,Same - Rear end,,Rear end,Light truck utility(from 2018),Light truck utility(from 2018),2,0,0,1,0,8,August,Winter,Tuesday,08:00 - 09:59,AM peak / school commute,True,False,True,True