crash_id,degree_of_crash,degree_of_crash_-_detailed,reporting_year,year_of_crash,month_of_crash,day_of_week_of_crash,two-hour_intervals,street_of_crash,street_type,distance,direction,identifying_feature,identifying_feature_type,town,route_no.,school_zone_location,school_zone_active,type_of_location,latitude,longitude,lga,urbanisation,conurbation_1,alignment,primary_permanent_feature,primary_temporary_feature,primary_hazardous_feature,street_lighting,road_surface,surface_condition,weather,natural_lighting,signals_operation,other_traffic_control,speed_limit,road_classification_(admin),rum_-_code,rum_-_description,dca_-_code,dca_-_description,dca_supplement,first_impact_type,key_tu_type,other_tu_type,no._of_traffic_units_involved,no._killed,no._seriously_injured,no._moderately_injured,no._minor-other_injured,month_num,month_label,season,day_label,time_label,time_band,is_peak_commute,is_fatal,is_injury,is_casualty
1363277,Injury,Serious Injury,2024,2024,August,Sunday,16:00 - 17:59,PACIFIC,HWY,0,Right on the spot,CORKWOOD,RD,VALLA,10.0,No,Not a school zone,Roundabout,-30.627374,152.974209,Nambucca Valley,Country urban,Rest of NSW - Urban,Curved,,,,Off,Sealed,Dry,Fine,Daylight,Nil,Give way sign,60 km/h,State,30,Rear end,301,Same - Rear end,,Rear end,4 wheel drive / SUV,Semi-trailer,2,0,1,0,0,8,August,Winter,Sunday,16:00 - 17:59,PM peak / evening commute,True,False,True,True
1363278,Injury,Serious Injury,2024,2024,July,Saturday,18:00 - 19:59,WESTERN,EXP,130,West,GREAT WESTERN,TO,HOLROYD,6004.0,No,Not a school zone,Other,-33.826822,151.00333,Parramatta,Sydney metro. area,Syd-Newc-Woll Gtr conurbation,Straight,,,,On,Sealed,Dry,Fine,Darkness,Nil,No traffic controls,60 km/h,State,30,Rear end,301,Same - Rear end,,Rear end,Car (sedan/hatch),Car (sedan/hatch),3,0,1,0,0,7,July,Winter,Saturday,18:00 - 19:59,PM peak / evening commute,True,False,True,True
1363279,Injury,Moderate Injury,2024,2024,August,Wednesday,14:00 - 15:59,CORUNNA,RD,0,Right on the spot,PERCIVAL,RD,STANMORE,,No,Not a school zone,Roundabout,-33.889159,151.16502,Inner West,Sydney metro. area,Syd-Newc-Woll Gtr conurbation,Straight,Foot/cycle path/nature strip,,,Nil,Sealed,Dry,Fine,Daylight,Nil,Give way sign,50 km/h,Local,48,From footpath,408,Manov - From footway,,Other angle,Motorised push scooters,Car (sedan/hatch),2,0,0,1,0,8,August,Winter,Wednesday,14:00 - 15:59,Midday / afternoon,False,False,True,True
1363280,Injury,Serious Injury,2024,2024,July,Monday,18:00 - 19:59,KINGSWAY,MS,0,Right on the spot,GANNONS,RD,CARINGBAH,227.0,No,Not a school zone,X-intersection,-34.045617,151.132911,Sutherland,Sydney metro. area,Syd-Newc-Woll Gtr conurbation,Straight,,,,Off,Sealed,Dry,Fine,Dusk,On,No traffic controls,70 km/h,State,21,Right through,202,Opp - Right-thru,,Other angle,4 wheel drive / SUV,4 wheel drive / SUV,2,0,1,0,0,7,July,Winter,Monday,18:00 - 19:59,PM peak / evening commute,True,False,True,True
1363282,Injury,Serious Injury,2024,2024,July,Sunday,08:00 - 09:59,KINGSWAY,MS,10,East,GOSPORT,ST,CRONULLA,227.0,No,Not a school zone,T-junction,-34.050755,151.150988,Sutherland,Sydney metro. area,Syd-Newc-Woll Gtr conurbation,Straight,Foot/cycle path/nature strip,,,Nil,Sealed,Dry,Fine,Daylight,Nil,No traffic controls,60 km/h,State,9,Ped other,0,Ped - other,,Vehicle - Pedestrian,Station wagon,Pedestrian,4,0,1,2,1,7,July,Winter,Sunday,08:00 - 09:59,AM peak / school commute,True,False,True,True
1363284,Injury,Serious Injury,2024,2024,August,Friday,10:00 - 11:59,PRINCES,HWY,20,South,RAILWAY,ST,CORRIMAL,1.0,No,Not a school zone,Divided road,-34.373752,150.900764,Wollongong,Wollongong met. area,Syd-Newc-Woll Gtr conurbation,Straight,Foot/cycle path/nature strip,,,Off,Sealed,Dry,Fine,Daylight,Nil,No traffic controls,80 km/h,State,74,On road-out of cont.,705,Out of control on cway,,Rollover,Pedal cycle,,1,0,1,0,0,8,August,Winter,Friday,10:00 - 11:59,Midday / afternoon,False,False,True,True
1363285,Injury,Serious Injury,2024,2024,July,Monday,18:00 - 19:59,RODGERS,ST,0,Right on the spot,SOMERSET,ST,KINGSWOOD,,No,Not a school zone,T-junction,-33.758936,150.716119,Penrith,Sydney metro. area,Syd-Newc-Woll Gtr conurbation,Straight,,,,On,Sealed,Wet,Raining,Darkness,Nil,No traffic controls,50 km/h,Local,10,Cross traffic,101,Adj - Cross traffic,,Right angle,Motorised push scooters,Car (sedan/hatch),2,0,1,0,0,7,July,Winter,Monday,18:00 - 19:59,PM peak / evening commute,True,False,True,True
1363286,Injury,Moderate Injury,2024,2024,August,Tuesday,14:00 - 15:59,GREAT WESTERN,HWY,0,Right on the spot,EVANS LOOKOUT,RD,BLACKHEATH,5.0,No,Not a school zone,T-junction,-33.650016,150.28498,Blue Mountains,Country urban,Syd-Newc-Woll Gtr conurbation,Curved,,,,Off,Sealed,Wet,Fog or mist,Daylight,Nil,Give way sign,60 km/h,State,81,Off left/rt bnd=>obj,803,Off right bend into obj,Left,Vehicle - Object,4 wheel drive / SUV,,1,0,0,1,0,8,August,Winter,Tuesday,14:00 - 15:59,Midday / afternoon,False,False,True,True
1363287,Injury,Moderate Injury,2024,2024,August,Friday,16:00 - 17:59,MULGOA,RD,0,Right on the spot,NUMBER 1440,HN,MULGOA,155.0,No,Not a school zone,2-way undivided,-33.854715,150.649055,Penrith,Sydney metro. area,Syd-Newc-Woll Gtr conurbation,Straight,Driveway/entrance,Previous crash,,On,Sealed,Dry,Fine,Daylight,Nil,No traffic controls,80 km/h,State,62,Accident,603,On path - Previous accident,,Other angle,Car (sedan/hatch),Car (sedan/hatch),2,0,0,2,0,8,August,Winter,Friday,16:00 - 17:59,PM peak / evening commute,True,False,True,True
1363288,Injury,Moderate Injury,2024,2024,June,Monday,14:00 - 15:59,PORTIA,RD,30,South,CORNELIA,RD,TOONGABBIE,7256.0,No,Not a school zone,2-way undivided,-33.788864,150.941169,Blacktown,Sydney metro. area,Syd-Newc-Woll Gtr conurbation,Straight,,,,Off,Sealed,Dry,Fine,Daylight,Nil,No traffic controls,60 km/h,Regional,71,Off rd left => obj,703,Left off cway into object,,Other angle,Car (sedan/hatch),Light truck,2,0,0,1,0,6,June,Winter,Monday,14:00 - 15:59,Midday / afternoon,False,False,True,True
1363289,Injury,Moderate Injury,2024,2024,July,Wednesday,10:00 - 11:59,MONARO,HWY,500,South,COLINTON REST AREA,OT,COLINTON,19.0,No,Not a school zone,2-way undivided,-35.842738,149.161315,Snowy Monaro Regional,Country non-urban,Rest of NSW - Rural,Straight,Steep grade,,,Off,Sealed,Dry,Fine,Daylight,Nil,No traffic controls,100 km/h,State,52,Pulling out,503,Ovtak- Pulling out,,Other angle,Car (sedan/hatch),Car (sedan/hatch),2,0,0,1,0,7,July,Winter,Wednesday,10:00 - 11:59,Midday / afternoon,False,False,True,True
1363290,Injury,Moderate Injury,2024,2024,August,Wednesday,04:00 - 05:59,CANTERBURY,RD,20,West,KING GEORGES,RD,WILEY PARK,167.0,No,Not a school zone,Divided road,-33.92951,151.072017,Canterbury-Bankstown,Sydney metro. area,Syd-Newc-Woll Gtr conurbation,Straight,,,,On,Sealed,Dry,Unknown,Darkness,Nil,No traffic controls,60 km/h,State,30,Rear end,301,Same - Rear end,,Rear end,4 wheel drive / SUV,Car (sedan/hatch),3,0,0,1,0,8,August,Winter,Wednesday,04:00 - 05:59,Late night / early morning,False,False,True,True
1363291,Injury,Moderate Injury,2024,2024,August,Monday,16:00 - 17:59,EDWIN LAND,PKWY,0,Right on the spot,TOMPSITT,DR,JERRABOMBERRA,,No,Not a school zone,Roundabout,-35.38227,149.198367,Queanbeyan-Palerang Regional,Country urban,Rest of NSW - Urban,Straight,,,,Nil,Sealed,Dry,Fine,Daylight,Nil,Left turn only,50 km/h,Local,37,Left turn sideswipe,309,Same - Left turn side swipe,,Other angle,Light truck utility(from 2018),Motorcycle,2,0,0,1,0,8,August,Winter,Monday,16:00 - 17:59,PM peak / evening commute,True,False,True,True
1363292,Injury,Moderate Injury,2024,2024,August,Monday,16:00 - 17:59,OSBORNE,AVE,0,Right on the spot,RABAUL,AVE,UMINA BEACH,,No,Not a school zone,X-intersection,-33.520147,151.312209,Central Coast,Country urban,Syd-Newc-Woll Gtr conurbation,Straight,,,,Off,Sealed,Dry,Fine,Daylight,Nil,Give way sign,50 km/h,Local,10,Cross traffic,101,Adj - Cross traffic,,Right angle,4 wheel drive / SUV,Car (sedan/hatch),2,0,0,1,0,8,August,Winter,Monday,16:00 - 17:59,PM peak / evening commute,True,False,True,True
1363293,Injury,Serious Injury,2024,2024,August,Friday,14:00 - 15:59,AUBURN VALE,RD,0,Right on the spot,HARLAND,ST,INVERELL,,No,Not a school zone,T-junction,-29.779148,151.098089,Inverell,Country urban,Rest of NSW - Urban,Curved,Steep grade,,,Off,Sealed,Dry,Fine,Daylight,Nil,Give way sign,50 km/h,Local,10,Cross traffic,101,Adj - Cross traffic,,Right angle,Pedal cycle,Car (sedan/hatch),2,0,1,0,0,8,August,Winter,Friday,14:00 - 15:59,Midday / afternoon,False,False,True,True
1363295,Injury,Serious Injury,2024,2024,August,Monday,14:00 - 15:59,BYRON,RD,0,Right on the spot,INGLEBURN,RD,LEPPINGTON,,No,Not a school zone,X-intersection,-33.965654,150.810087,Camden,Sydney metro. area,Syd-Newc-Woll Gtr conurbation,Straight,,,,Off,Sealed,Dry,Overcast,Daylight,Nil,Stop sign,70 km/h,Local,10,Cross traffic,101,Adj - Cross traffic,,Right angle,Light truck utility(from 2018),Large rigid,2,0,1,0,0,8,August,Winter,Monday,14:00 - 15:59,Midday / afternoon,False,False,True,True
1363296,Injury,Serious Injury,2024,2024,August,Friday,06:00 - 07:59,JAMES RUSE,DR,30,North,GREAT WESTERN,HWY,CLYDE,309.0,No,Not a school zone,Divided road,-33.833193,151.018702,Parramatta,Sydney metro. area,Syd-Newc-Woll Gtr conurbation,Straight,,,,Off,Sealed,Dry,Fine,Daylight,Nil,No traffic controls,70 km/h,State,30,Rear end,301,Same - Rear end,,Rear end,Car (sedan/hatch),Car (sedan/hatch),3,0,1,0,0,8,August,Winter,Friday,06:00 - 07:59,AM peak / school commute,True,False,True,True
1363299,Injury,Serious Injury,2024,2024,August,Friday,10:00 - 11:59,PARADISE BEACH,RD,250,East,KERRY,ST,SANCTUARY POINT,7631.0,Yes,No,2-way undivided,-35.104317,150.626604,Shoalhaven,Country urban,Rest of NSW - Urban,Straight,Driveway/entrance,,,Off,Sealed,Dry,Fine,Daylight,Nil,No traffic controls,50 km/h,Regional,32,Right rear,303,Same - Rear right,,Rear end,Car (sedan/hatch),Motorcycle,2,0,1,0,0,8,August,Winter,Friday,10:00 - 11:59,Midday / afternoon,False,False,True,True
1363300,Injury,Serious Injury,2024,2024,August,Sunday,20:00 - 21:59,MULGOA,RD,0,Right on the spot,BATT,ST,JAMISONTOWN,155.0,No,Not a school zone,T-junction,-33.766227,150.679596,Penrith,Sydney metro. area,Syd-Newc-Woll Gtr conurbation,Straight,,,,On,Sealed,Dry,Fine,Darkness,On,No traffic controls,60 km/h,State,21,Right through,202,Opp - Right-thru,,Other angle,Car (sedan/hatch),Car (sedan/hatch),2,0,2,0,1,8,August,Winter,Sunday,20:00 - 21:59,Evening / night,False,False,True,True
1363301,Injury,Moderate Injury,2024,2024,June,Wednesday,14:00 - 15:59,EDMONDSON,AVE,0,Right on the spot,FOURTEENTH,AVE,AUSTRAL,2126.0,No,Not a school zone,X-intersection,-33.921676,150.814334,Liverpool,Sydney metro. area,Syd-Newc-Woll Gtr conurbation,Straight,,,,Off,Sealed,Dry,Fine,Daylight,Nil,Give way sign,60 km/h,Regional,10,Cross traffic,101,Adj - Cross traffic,,Right angle,Car (sedan/hatch),4 wheel drive / SUV,2,0,0,1,0,6,June,Winter,Wednesday,14:00 - 15:59,Midday / afternoon,False,False,True,True
1363302,Injury,Serious Injury,2024,2024,August,Monday,16:00 - 17:59,COMMENS,ST,0,Right on the spot,LANE,ST,WALLERAWANG,,No,Not a school zone,T-junction,-33.418518,150.061704,Lithgow,Country urban,Rest of NSW - Urban,Straight,,,,On,Sealed,Dry,Fine,Dusk,Nil,No traffic controls,50 km/h,Local,49,Other manoeuvring,400,Manov - other,,Other angle,Motorcycle,,1,0,1,0,0,8,August,Winter,Monday,16:00 - 17:59,PM peak / evening commute,True,False,True,True
1363305,Injury,Serious Injury,2024,2024,August,Thursday,12:00 - 13:59,CESSNOCK,RD,0,Right on the spot,SCENIC,DR,GILLIESTON HEIGHTS,195.0,No,Not a school zone,T-junction,-32.754659,151.535604,Maitland,Country urban,Rest of NSW - Urban,Straight,,,,Nil,Sealed,Dry,Fine,Daylight,Nil,Give way sign,60 km/h,State,11,Right far,102,Adj - Right-thru from left,,Right angle,4 wheel drive / SUV,Car (sedan/hatch),2,0,1,0,0,8,August,Winter,Thursday,12:00 - 13:59,Midday / afternoon,False,False,True,True
1363306,Injury,Serious Injury,2024,2024,September,Wednesday,12:00 - 13:59,MADDEN,ST,25,South,CIVIC,WAY,ORAN PARK,,No,Not a school zone,2-way undivided,-33.999646,150.751512,Camden,Sydney metro. area,Syd-Newc-Woll Gtr conurbation,Straight,,,,Nil,Sealed,Dry,Fine,Daylight,Nil,No traffic controls,50 km/h,Local,74,On road-out of cont.,705,Out of control on cway,,Rollover,Motorcycle,,1,0,1,0,0,9,September,Spring,Wednesday,12:00 - 13:59,Midday / afternoon,False,False,True,True
1363308,Injury,Serious Injury,2024,2024,July,Wednesday,10:00 - 11:59,GRETA,RD,50,East,SPRINGS,RD,KULNURA,,No,Not a school zone,2-way undivided,-33.235938,151.240992,Central Coast,Country urban,Syd-Newc-Woll Gtr conurbation,Curved,Steep grade,,,Nil,Sealed,Dry,Fine,Daylight,Nil,No traffic controls,80 km/h,Local,33,Lane sideswipe,305,Same - Lane side swipe,,Other angle,Motorcycle,Motorcycle,2,0,1,0,0,7,July,Winter,Wednesday,10:00 - 11:59,Midday / afternoon,False,False,True,True
1363309,Injury,Serious Injury,2024,2024,August,Saturday,12:00 - 13:59,GREAT NORTH,RD,500,North,MURRAYS RUN,RD,LAGUNA,181.0,No,Not a school zone,2-way undivided,-33.037424,151.140335,Cessnock,Country urban,Rest of NSW - Urban,Curved,Steep grade,,,Nil,Sealed,Dry,Fine,Daylight,Nil,No traffic controls,80 km/h,Regional,88,Out of cont on bend,805,Out of control on bend,,Rollover,Motorcycle,,1,0,1,0,0,8,August,Winter,Saturday,12:00 - 13:59,Midday / afternoon,False,False,True,True
1363311,Injury,Serious Injury,2024,2024,August,Saturday,00:01 - 01:59,NEWELL,HWY,2000,North,CHARCOAL TANK,RD,WEST WYALONG,17.0,No,Not a school zone,2-way undivided,-33.968937,147.160131,Bland,Country non-urban,Rest of NSW - Rural,Straight,,,,Nil,Sealed,Dry,Fine,Darkness,Nil,No traffic controls,110 km/h,State,67,Struck animal,609,On path - Hit animal,,Vehicle - Animal,Car (sedan/hatch),,1,0,1,0,0,8,August,Winter,Saturday,00:01 - 01:59,Late night / early morning,False,False,True,True
1363312,Injury,Serious Injury,2024,2024,August,Saturday,12:00 - 13:59,OBLEY,RD,1000,North,PADDYS CREEK,RD,WAMBANGALANG,,No,Not a school zone,2-way undivided,-32.541456,148.546605,Dubbo Regional,Country non-urban,Rest of NSW - Rural,Straight,Embankment/cutting,,,Nil,Sealed,Dry,Fine,Daylight,Nil,No traffic controls,100 km/h,Local,72,Off road to right,702,Off carriageway to right,,Rollover,Light truck,,1,0,1,0,0,8,August,Winter,Saturday,12:00 - 13:59,Midday / afternoon,False,False,True,True
1363313,Injury,Minor/Other Injury,2024,2024,August,Wednesday,10:00 - 11:59,KANGAROO VALLEY,RD,250,East,BEN DOOLEY,RD,BERRY MOUNTAIN,,No,Not a school zone,2-way undivided,-34.764535,150.653576,Shoalhaven,Country urban,Rest of NSW - Urban,Curved,Steep grade,Roadwks/Detour/Diverson,,Nil,Sealed,Dry,Fine,Daylight,Nil,No traffic controls,60 km/h,Local,88,Out of cont on bend,805,Out of control on bend,,Rollover,Motorcycle,,1,0,0,0,1,8,August,Winter,Wednesday,10:00 - 11:59,Midday / afternoon,False,False,True,True
1363316,Injury,Moderate Injury,2024,2024,August,Sunday,06:00 - 07:59,DIXONS CROSS,RD,720,South,UPPER MONKERAI,RD,MONKERAI,,No,Not a school zone,2-way undivided,-32.277118,151.868656,Mid-Coast,Country non-urban,Rest of NSW - Rural,Curved,Other bridge,,,Nil,Unsealed,Dry,Fine,Daylight,Nil,No traffic controls,100 km/h,Local,87,Off lft/lft bnd=>obj,804,Off left bend into obj,Left,Vehicle - Object,4 wheel drive / SUV,,1,0,0,1,0,8,August,Winter,Sunday,06:00 - 07:59,AM peak / school commute,True,False,True,True
1363317,Injury,Minor/Other Injury,2024,2024,August,Thursday,12:00 - 13:59,BLAXLAND,RD,0,Right on the spot,NORTH,RD,RYDE,139.0,No,Not a school zone,T-junction,-33.805006,151.104422,Ryde,Sydney metro. area,Syd-Newc-Woll Gtr conurbation,Curved,,,,On,Sealed,Wet,Fine,Daylight,On,No traffic controls,60 km/h,State,30,Rear end,301,Same - Rear end,,Rear end,Car (sedan/hatch),Light truck utility(from 2018),2,0,0,0,1,8,August,Winter,Thursday,12:00 - 13:59,Midday / afternoon,False,False,True,True
1363318,Injury,Serious Injury,2024,2024,July,Friday,18:00 - 19:59,LEICESTER,ST,0,Right on the spot,PRIAM,ST,CHESTER HILL,,No,Not a school zone,X-intersection,-33.882041,151.002373,Canterbury-Bankstown,Sydney metro. area,Syd-Newc-Woll Gtr conurbation,Straight,,,,On,Sealed,Wet,Fine,Darkness,Nil,No traffic controls,40 km/h,Local,2,Ped far side,3,Ped - Far side,,Vehicle - Pedestrian,Car (sedan/hatch),Pedestrian,3,0,1,0,1,7,July,Winter,Friday,18:00 - 19:59,PM peak / evening commute,True,False,True,True
1363319,Injury,Serious Injury,2024,2024,August,Saturday,10:00 - 11:59,HAROLD,ST,0,Right on the spot,EVELYN,ST,MACQUARIE FIELDS,680.0,Yes,No,Roundabout,-33.998211,150.887207,Campbelltown,Sydney metro. area,Syd-Newc-Woll Gtr conurbation,Curved,,,,Off,Sealed,Dry,Fine,Daylight,Nil,Give way sign,60 km/h,State,20,Head on,201,Opp - Head on,,Head-on,Car (sedan/hatch),Car (sedan/hatch),3,0,2,0,1,8,August,Winter,Saturday,10:00 - 11:59,Midday / afternoon,False,False,True,True
1363320,Injury,Moderate Injury,2024,2024,August,Friday,08:00 - 09:59,ELIZABETH,ST,0,Right on the spot,BLACKBURN,ST,SURRY HILLS,7083.0,No,Not a school zone,T-junction,-33.880322,151.208878,Sydney,Sydney metro. area,Syd-Newc-Woll Gtr conurbation,Straight,Foot/cycle path/nature strip,,,Nil,Sealed,Dry,Fine,Daylight,On,Give way sign,40 km/h,Regional,48,From footpath,408,Manov - From footway,,Other angle,Pedal cycle,4 wheel drive / SUV,2,0,0,1,0,8,August,Winter,Friday,08:00 - 09:59,AM peak / school commute,True,False,True,True
1363321,Injury,Moderate Injury,2024,2024,August,Thursday,18:00 - 19:59,COOGEE BAY,RD,0,Right on the spot,MOUNT,ST,COOGEE,631.0,No,Not a school zone,Roundabout,-33.920204,151.252019,Randwick,Sydney metro. area,Syd-Newc-Woll Gtr conurbation,Straight,Steep grade,,,On,Sealed,Dry,Fine,Darkness,Nil,Give way sign,50 km/h,Regional,10,Cross traffic,101,Adj - Cross traffic,,Right angle,Car (sedan/hatch),Pedal cycle,2,0,0,1,0,8,August,Winter,Thursday,18:00 - 19:59,PM peak / evening commute,True,False,True,True
1363322,Injury,Moderate Injury,2024,2024,August,Monday,08:00 - 09:59,CORELLA,ST,0,Right on the spot,NUMBER 47,HN,COLEAMBALLY,,No,Not a school zone,2-way undivided,-34.801376,145.88045,Murrumbidgee,Country urban,Rest of NSW - Urban,Straight,Driveway/entrance,,,Nil,Sealed,Dry,Fine,Daylight,Nil,No traffic controls,50 km/h,Local,47,Emerging from drive,406,Manov - Emerging from driveway,,Right angle,4 wheel drive / SUV,Other bus,2,0,0,1,0,8,August,Winter,Monday,08:00 - 09:59,AM peak / school commute,True,False,True,True
1363323,Injury,Moderate Injury,2024,2024,June,Friday,16:00 - 17:59,LOSCOE,ST,15,East,THE HORSLEY,DR,FAIRFIELD,,No,Not a school zone,2-way undivided,-33.862709,150.953586,Fairfield,Sydney metro. area,Syd-Newc-Woll Gtr conurbation,Straight,,,,Nil,Sealed,Dry,Fine,Dusk,Nil,No traffic controls,50 km/h,Local,42,Leaving parking,401,Manov - Leaving parking,,Other angle,Car (sedan/hatch),4 wheel drive / SUV,2,0,0,1,0,6,June,Winter,Friday,16:00 - 17:59,PM peak / evening commute,True,False,True,True
1363324,Injury,Serious Injury,2024,2024,August,Tuesday,14:00 - 15:59,GARDINER,AVE,0,Right on the spot,WOLLI CREEK,RD,BANKSIA,,No,Not a school zone,T-junction,-33.945204,151.135212,Bayside,Sydney metro. area,Syd-Newc-Woll Gtr conurbation,Straight,Crest,,,Nil,Sealed,Dry,Fine,Daylight,Nil,No traffic controls,50 km/h,Local,10,Cross traffic,101,Adj - Cross traffic,,Right angle,4 wheel drive / SUV,Car (sedan/hatch),2,0,1,0,0,8,August,Winter,Tuesday,14:00 - 15:59,Midday / afternoon,False,False,True,True
1363325,Injury,Serious Injury,2024,2024,August,Sunday,08:00 - 09:59,SOUTHERN,EXP,0,Right on the spot,FOWLERS ROAD,TO,DAPTO,6006.0,No,Not a school zone,Dual freeway,-34.497719,150.798069,Wollongong,Wollongong met. area,Syd-Newc-Woll Gtr conurbation,Straight,,,,Off,Sealed,Dry,Fine,Daylight,Nil,No traffic controls,100 km/h,State,30,Rear end,301,Same - Rear end,,Rear end,Motorcycle,Motorcycle,2,0,1,0,0,8,August,Winter,Sunday,08:00 - 09:59,AM peak / school commute,True,False,True,True
1363331,Injury,Moderate Injury,2024,2024,September,Saturday,00:01 - 01:59,BRIDGE,LANE,20,North,RIVERSIDE,DR,SOUTH GRAFTON,,No,Not a school zone,2-way undivided,-29.7001,152.942131,Clarence Valley,Country urban,Rest of NSW - Urban,Curved,,,,On,Sealed,Dry,Fine,Darkness,Nil,No traffic controls,50 km/h,Local,66,Object on road,607,On path - Hit temp object,,Vehicle - Object,Motorcycle,,1,0,0,1,0,9,September,Spring,Saturday,00:01 - 01:59,Late night / early morning,False,False,True,True
1363333,Injury,Serious Injury,2024,2024,August,Wednesday,06:00 - 07:59,HEATHCOTE,RD,0,Right on the spot,MARKET,ST,MOOREBANK,512.0,No,Not a school zone,T-junction,-33.930794,150.932709,Liverpool,Sydney metro. area,Syd-Newc-Woll Gtr conurbation,Straight,,,,Off,Sealed,Dry,Fine,Daylight,Nil,Give way sign,60 km/h,State,0,Ped nearside,1,Ped - Near side,,Vehicle - Pedestrian,Car (sedan/hatch),Pedestrian,2,0,1,0,0,8,August,Winter,Wednesday,06:00 - 07:59,AM peak / school commute,True,False,True,True
1363335,Injury,Serious Injury,2024,2024,September,Sunday,16:00 - 17:59,SILVER CITY,HWY,25000,South,KANANDAH,RD,BROKEN HILL,22.0,No,Not a school zone,2-way undivided,-32.203701,141.400453,Unincorporated,Country non-urban,Rest of NSW - Rural,Curved,,,,Nil,Sealed,Dry,Fine,Daylight,Nil,No traffic controls,110 km/h,State,88,Out of cont on bend,805,Out of control on bend,,Rollover,Light truck utility(from 2018),,1,0,1,0,0,9,September,Spring,Sunday,16:00 - 17:59,PM peak / evening commute,True,False,True,True
1363336,Injury,Serious Injury,2024,2024,September,Sunday,14:00 - 15:59,REMEMBRANCE,DVWY,100,West,GOVERNORS,LANE,PICTON,620.0,No,Not a school zone,2-way undivided,-34.167555,150.625581,Wollondilly,Country urban,Syd-Newc-Woll Gtr conurbation,Curved,Steep grade,,Potholes/corrugations/rough,Nil,Sealed,Dry,Fine,Daylight,Nil,No traffic controls,80 km/h,Regional,88,Out of cont on bend,805,Out of control on bend,,Rollover,Large rigid,,1,0,1,0,0,9,September,Spring,Sunday,14:00 - 15:59,Midday / afternoon,False,False,True,True
1363337,Injury,Serious Injury,2024,2024,August,Saturday,12:00 - 13:59,JERVIS BAY,RD,100,West,GARDNER,RD,FALLS CREEK,312.0,No,Not a school zone,2-way undivided,-34.987179,150.592473,Shoalhaven,Country urban,Rest of NSW - Urban,Straight,,,,Nil,Sealed,Dry,Fine,Daylight,Nil,No traffic controls,80 km/h,Regional,30,Rear end,301,Same - Rear end,,Rear end,Car (sedan/hatch),4 wheel drive / SUV,3,0,1,0,0,8,August,Winter,Saturday,12:00 - 13:59,Midday / afternoon,False,False,True,True
1363338,Injury,Minor/Other Injury,2024,2024,September,Sunday,10:00 - 11:59,CAPTAINS FLAT,RD,10000,South,HOSKINSTOWN,RD,CAPTAINS FLAT,270.0,No,Not a school zone,2-way undivided,-35.58708,149.438032,Queanbeyan-Palerang Regional,Country non-urban,Rest of NSW - Rural,Curved,Embankment/cutting,,,Nil,Sealed,Dry,Fine,Daylight,Nil,No traffic controls,100 km/h,Regional,85,Off rt/lft bnd=>obj,804,Off left bend into obj,Right,Vehicle - Object,Light truck utility(from 2018),,1,0,0,0,1,9,September,Spring,Sunday,10:00 - 11:59,Midday / afternoon,False,False,True,True
1363339,Injury,Serious Injury,2024,2024,August,Friday,06:00 - 07:59,PACIFIC,HWY,500,South,COOLGARDIE ROAD,OP,COOLGARDIE,10.0,No,Not a school zone,Divided road,-28.926605,153.471807,Ballina,Country non-urban,Rest of NSW - Rural,Curved,,,,Nil,Sealed,Dry,Fine,Daylight,Nil,No traffic controls,110 km/h,State,87,Off lft/lft bnd=>obj,804,Off left bend into obj,Left,Vehicle - Object,4 wheel drive / SUV,,1,0,2,0,0,8,August,Winter,Friday,06:00 - 07:59,AM peak / school commute,True,False,True,True
1363340,Injury,Serious Injury,2024,2024,August,Friday,14:00 - 15:59,NORTH LIVERPOOL,RD,20,East,YARRANGOBILLY,RD,BONNYRIGG,7267.0,No,Not a school zone,2-way undivided,-33.902842,150.885871,Fairfield,Sydney metro. area,Syd-Newc-Woll Gtr conurbation,Straight,Foot/cycle path/nature strip,,,Off,Sealed,Dry,Fine,Daylight,Nil,No traffic controls,60 km/h,Regional,6,Ped on footpath,8,Ped - On footway/median,,Vehicle - Pedestrian,Pedal cycle,Pedestrian,2,0,1,0,0,8,August,Winter,Friday,14:00 - 15:59,Midday / afternoon,False,False,True,True
1363343,Injury,Serious Injury,2024,2024,August,Thursday,10:00 - 11:59,WANGI,RD,0,Right on the spot,NOMAD,RD,TORONTO,217.0,No,Not a school zone,T-junction,-33.024129,151.577813,Lake Macquarie,Newcastle met. area,Syd-Newc-Woll Gtr conurbation,Straight,Steep grade,,,Nil,Sealed,Wet,Raining,Daylight,Nil,No traffic controls,80 km/h,State,71,Off rd left => obj,703,Left off cway into object,,Vehicle - Object,Car (sedan/hatch),,1,0,1,0,0,8,August,Winter,Thursday,10:00 - 11:59,Midday / afternoon,False,False,True,True
1363344,Injury,Moderate Injury,2024,2024,May,Thursday,12:00 - 13:59,PENSHURST,ST,0,Right on the spot,VICTORIA,AVE,PENSHURST,7012.0,No,Not a school zone,T-junction,-33.964841,151.088086,Georges River,Sydney metro. area,Syd-Newc-Woll Gtr conurbation,Straight,,,,Off,Sealed,Dry,Fine,Daylight,Nil,Ped crossing,50 km/h,Regional,0,Ped nearside,1,Ped - Near side,,Vehicle - Pedestrian,Car (sedan/hatch),Pedestrian,2,0,0,1,0,5,May,Autumn,Thursday,12:00 - 13:59,Midday / afternoon,False,False,True,True
1363345,Injury,Serious Injury,2024,2024,August,Sunday,14:00 - 15:59,GEROGERY,RD,500,North,GLENELLEN,RD,GEROGERY,,No,Not a school zone,2-way undivided,-35.855077,146.965778,Greater Hume,Country non-urban,Rest of NSW - Rural,Curved,,,,Nil,Sealed,Dry,Fine,Daylight,Nil,No traffic controls,100 km/h,Local,80,Off left/right bend,801,Off cway right bend,Left,Rollover,Motorcycle,,1,0,1,0,0,8,August,Winter,Sunday,14:00 - 15:59,Midday / afternoon,False,False,True,True