crash_id,degree_of_crash,degree_of_crash_-_detailed,reporting_year,year_of_crash,month_of_crash,day_of_week_of_crash,two-hour_intervals,street_of_crash,street_type,distance,direction,identifying_feature,identifying_feature_type,town,route_no.,school_zone_location,school_zone_active,type_of_location,latitude,longitude,lga,urbanisation,conurbation_1,alignment,primary_permanent_feature,primary_temporary_feature,primary_hazardous_feature,street_lighting,road_surface,surface_condition,weather,natural_lighting,signals_operation,other_traffic_control,speed_limit,road_classification_(admin),rum_-_code,rum_-_description,dca_-_code,dca_-_description,dca_supplement,first_impact_type,key_tu_type,other_tu_type,no._of_traffic_units_involved,no._killed,no._seriously_injured,no._moderately_injured,no._minor-other_injured,month_num,month_label,season,day_label,time_label,time_band,is_peak_commute,is_fatal,is_injury,is_casualty
1363348,Injury,Moderate Injury,2024,2024,August,Tuesday,06:00 - 07:59,YAMBA,RD,100,West,FREEBURN,ST,YAMBA,152.0,No,Not a school zone,2-way undivided,-29.436346,153.346674,Clarence Valley,Country urban,Rest of NSW - Urban,Straight,B'down lane/road shldr,,,Off,Sealed,Wet,Fine,Dawn,Nil,No traffic controls,50 km/h,Regional,36,Right turn sideswipe,308,Same - Rgt turn side swipe,,Other angle,Light truck utility(from 2018),Large rigid,2,0,0,1,0,8,August,Winter,Tuesday,06:00 - 07:59,AM peak / school commute,True,False,True,True
1363349,Injury,Serious Injury,2024,2024,July,Thursday,22:00 - Midnight,PRINCES,HWY,20,North,MIANGA,AVE,ENGADINE,1.0,No,Not a school zone,Divided road,-34.066344,151.015676,Sutherland,Sydney metro. area,Syd-Newc-Woll Gtr conurbation,Curved,,,,On,Sealed,Dry,Fine,Darkness,Nil,No traffic controls,70 km/h,State,81,Off left/rt bnd=>obj,803,Off right bend into obj,Left,Other angle,Passenger van,Semi-trailer,2,0,1,0,0,7,July,Winter,Thursday,22:00 - Midnight,Evening / night,False,False,True,True
1363350,Injury,Serious Injury,2024,2024,August,Tuesday,18:00 - 19:59,GREAT WESTERN,HWY,0,Right on the spot,CUMBERLAND,HWY,GREYSTANES,5.0,No,Not a school zone,X-intersection,-33.814535,150.964461,Cumberland,Sydney metro. area,Syd-Newc-Woll Gtr conurbation,Straight,,,,On,Sealed,Dry,Fine,Darkness,On,No traffic controls,80 km/h,State,30,Rear end,301,Same - Rear end,,Rear end,4 wheel drive / SUV,Car (sedan/hatch),2,0,1,0,0,8,August,Winter,Tuesday,18:00 - 19:59,PM peak / evening commute,True,False,True,True
1363353,Injury,Serious Injury,2024,2024,August,Wednesday,22:00 - Midnight,NEWCASTLE,EXP,750,South,CESSNOCK ROAD,OP,FREEMANS WATERHOLE,6003.0,No,Not a school zone,Dual freeway,-32.993456,151.515468,Lake Macquarie,Newcastle met. area,Syd-Newc-Woll Gtr conurbation,Straight,,,,Nil,Sealed,Wet,Raining,Darkness,Nil,No traffic controls,110 km/h,State,71,Off rd left => obj,703,Left off cway into object,,Vehicle - Object,Car (sedan/hatch),,1,0,1,0,0,8,August,Winter,Wednesday,22:00 - Midnight,Evening / night,False,False,True,True
1363354,Injury,Moderate Injury,2024,2024,August,Wednesday,18:00 - 19:59,HAWKSVIEW,ST,0,Right on the spot,NUMBER 142,HN,GUILDFORD,7253.0,No,Not a school zone,2-way undivided,-33.845527,150.978564,Cumberland,Sydney metro. area,Syd-Newc-Woll Gtr conurbation,Straight,Driveway/entrance,,,On,Sealed,Dry,Fine,Dusk,Nil,No traffic controls,50 km/h,Regional,47,Emerging from drive,406,Manov - Emerging from driveway,,Right angle,4 wheel drive / SUV,4 wheel drive / SUV,2,0,0,1,1,8,August,Winter,Wednesday,18:00 - 19:59,PM peak / evening commute,True,False,True,True
1363356,Injury,Moderate Injury,2024,2024,September,Sunday,22:00 - Midnight,ANZAC,PDE,0,Right on the spot,GARDENERS,RD,KINGSFORD,661.0,No,Not a school zone,X-intersection,-33.924616,151.228259,Randwick,Sydney metro. area,Syd-Newc-Woll Gtr conurbation,Curved,,Police pursuit,,On,Sealed,Dry,Fine,Darkness,On,No traffic controls,50 km/h,State,21,Right through,202,Opp - Right-thru,,Other angle,4 wheel drive / SUV,Station wagon,2,0,0,2,1,9,September,Spring,Sunday,22:00 - Midnight,Evening / night,False,False,True,True
1363357,Injury,Minor/Other Injury,2024,2024,September,Tuesday,06:00 - 07:59,WARRINGAH,EXP,200,South,HIGH STREET,OP,NORTH SYDNEY,651.0,No,Not a school zone,Dual freeway,-33.843599,151.21129,North Sydney,Sydney metro. area,Syd-Newc-Woll Gtr conurbation,Straight,,Roadwks/Detour/Diverson,,On,Sealed,Dry,Fine,Dawn,Nil,No traffic controls,60 km/h,State,73,Off rd rght => obj,704,Right off cway into obj,,Vehicle - Object,Car (sedan/hatch),,2,0,0,0,1,9,September,Spring,Tuesday,06:00 - 07:59,AM peak / school commute,True,False,True,True
1363359,Injury,Moderate Injury,2024,2024,August,Saturday,14:00 - 15:59,BEACH,RD,0,Right on the spot,CAMPBELL,PDE,BONDI BEACH,,Yes,No,T-junction,-33.889091,151.276469,Waverley,Sydney metro. area,Syd-Newc-Woll Gtr conurbation,Straight,,,,Off,Sealed,Dry,Fine,Daylight,Nil,No traffic controls,40 km/h,Local,37,Left turn sideswipe,309,Same - Left turn side swipe,,Other angle,4 wheel drive / SUV,Pedal cycle,2,0,0,1,0,8,August,Winter,Saturday,14:00 - 15:59,Midday / afternoon,False,False,True,True
1363360,Injury,Serious Injury,2024,2024,September,Wednesday,06:00 - 07:59,BOLONG,RD,5,East,MEROO,ST,BOMADERRY,293.0,No,Not a school zone,Roundabout,-34.856198,150.608174,Shoalhaven,Country urban,Rest of NSW - Urban,Curved,Pedestrian refuge,,,Off,Sealed,Dry,Fine,Daylight,Nil,Give way sign,50 km/h,Regional,2,Ped far side,3,Ped - Far side,,Vehicle - Pedestrian,Car (sedan/hatch),Pedestrian,2,0,1,0,0,9,September,Spring,Wednesday,06:00 - 07:59,AM peak / school commute,True,False,True,True
1363362,Injury,Serious Injury,2024,2024,September,Wednesday,10:00 - 11:59,CUMBERLAND,HWY,40,North,BATES,AVE,SOUTH WENTWORTHVILLE,13.0,No,Not a school zone,Divided road,-33.822621,150.962425,Cumberland,Sydney metro. area,Syd-Newc-Woll Gtr conurbation,Straight,Steep grade,,,Off,Sealed,Dry,Fine,Daylight,Nil,No traffic controls,70 km/h,State,71,Off rd left => obj,703,Left off cway into object,,Vehicle - Object,4 wheel drive / SUV,,1,0,1,0,0,9,September,Spring,Wednesday,10:00 - 11:59,Midday / afternoon,False,False,True,True
1363363,Injury,Minor/Other Injury,2024,2024,September,Thursday,20:00 - 21:59,MEMORIAL,DR,0,Right on the spot,REMEMBRANCE,CL,ALBURY,,No,Not a school zone,X-intersection,-36.077914,146.901445,Albury,Country urban,Rest of NSW - Urban,Curved,Steep grade,,,On,Sealed,Dry,Fine,Darkness,Nil,Give way sign,50 km/h,Local,80,Off left/right bend,707,Right turn,Left,Rollover,Car (sedan/hatch),,1,0,0,0,1,9,September,Spring,Thursday,20:00 - 21:59,Evening / night,False,False,True,True
1363364,Injury,Serious Injury,2024,2024,August,Sunday,14:00 - 15:59,HOXTON PARK,RD,0,Right on the spot,ACCESS,RD,PRESTONS,681.0,No,Not a school zone,T-junction,-33.926595,150.896431,Liverpool,Sydney metro. area,Syd-Newc-Woll Gtr conurbation,Straight,,,,Off,Sealed,Dry,Fine,Daylight,On,No traffic controls,70 km/h,State,30,Rear end,301,Same - Rear end,,Rear end,Motorcycle,4 wheel drive / SUV,2,0,1,0,0,8,August,Winter,Sunday,14:00 - 15:59,Midday / afternoon,False,False,True,True
1363366,Injury,Moderate Injury,2024,2024,August,Saturday,22:00 - Midnight,SHOWGROUND,RD,290,South,GLENNIE,ST,GOSFORD,,No,Not a school zone,2-way undivided,-33.414928,151.342345,Central Coast,Country urban,Syd-Newc-Woll Gtr conurbation,Curved,,,,On,Sealed,Dry,Fine,Darkness,Nil,No traffic controls,60 km/h,Local,87,Off lft/lft bnd=>obj,804,Off left bend into obj,Left,Vehicle - Object,Motorcycle,,1,0,0,1,0,8,August,Winter,Saturday,22:00 - Midnight,Evening / night,False,False,True,True
1363369,Injury,Serious Injury,2024,2024,September,Saturday,20:00 - 21:59,BURKE,RD,0,Right on the spot,ELOUERA,RD,CRONULLA,,No,Not a school zone,Roundabout,-34.048653,151.155087,Sutherland,Sydney metro. area,Syd-Newc-Woll Gtr conurbation,Straight,,,,On,Sealed,Dry,Fine,Darkness,Nil,Give way sign,50 km/h,Local,10,Cross traffic,101,Adj - Cross traffic,,Right angle,Pedal cycle,Light truck utility(from 2018),2,0,1,0,0,9,September,Spring,Saturday,20:00 - 21:59,Evening / night,False,False,True,True
1363371,Injury,Serious Injury,2024,2024,August,Saturday,14:00 - 15:59,BAGO,RD,250,North,LOOKOUT,RD,HERONS CREEK,,No,Not a school zone,2-way undivided,-31.528867,152.722014,Port Macquarie-Hastings,Country urban,Rest of NSW - Urban,Curved,Embankment/cutting,,,Nil,Sealed,Dry,Fine,Daylight,Nil,No traffic controls,80 km/h,Local,81,Off left/rt bnd=>obj,803,Off right bend into obj,Left,Vehicle - Object,Motorcycle,,1,0,1,0,0,8,August,Winter,Saturday,14:00 - 15:59,Midday / afternoon,False,False,True,True
1363372,Injury,Serious Injury,2024,2024,September,Wednesday,14:00 - 15:59,WESTERN,DSTR,675,South,CAHILL EXPRESSWAY,OP,SYDNEY,165.0,No,Not a school zone,Dual freeway,-33.866317,151.203203,Sydney,Sydney metro. area,Syd-Newc-Woll Gtr conurbation,Straight,Other bridge,,,Off,Sealed,Dry,Fine,Daylight,Nil,No traffic controls,70 km/h,State,33,Lane sideswipe,305,Same - Lane side swipe,,Other angle,Car (sedan/hatch),Motorcycle,2,0,1,0,0,9,September,Spring,Wednesday,14:00 - 15:59,Midday / afternoon,False,False,True,True
1363374,Injury,Serious Injury,2024,2024,September,Monday,18:00 - 19:59,WILLIAM,ST,20,West,PALMER,ST,WOOLLOOMOOLOO,173.0,No,Not a school zone,2-way undivided,-33.874332,151.217005,Sydney,Sydney metro. area,Syd-Newc-Woll Gtr conurbation,Straight,,,,On,Sealed,Dry,Fine,Darkness,Nil,No traffic controls,50 km/h,State,2,Ped far side,3,Ped - Far side,,Vehicle - Pedestrian,Car (sedan/hatch),Pedestrian,2,0,1,0,0,9,September,Spring,Monday,18:00 - 19:59,PM peak / evening commute,True,False,True,True
1363376,Injury,Moderate Injury,2024,2024,September,Thursday,22:00 - Midnight,FAIRFIELD,ST,170,East,VICTORY,ST,FAIRFIELD EAST,7232.0,No,Not a school zone,2-way undivided,-33.868702,150.967654,Fairfield,Sydney metro. area,Syd-Newc-Woll Gtr conurbation,Straight,Painted double centre lines,,,On,Sealed,Dry,Fine,Darkness,Nil,No traffic controls,60 km/h,Regional,40,U turn,304,Same - U-turn,,Other angle,4 wheel drive / SUV,Car (sedan/hatch),2,0,0,2,0,9,September,Spring,Thursday,22:00 - Midnight,Evening / night,False,False,True,True
1363377,Injury,Moderate Injury,2024,2024,September,Tuesday,16:00 - 17:59,STURT,HWY,100,West,RIVER,RD,ALFREDTOWN,14.0,No,Not a school zone,2-way undivided,-35.161447,147.511826,Wagga Wagga,Country non-urban,Rest of NSW - Rural,Curved,Driveway/entrance,,,Nil,Sealed,Dry,Fine,Daylight,Nil,No traffic controls,100 km/h,State,31,Left rear,302,Same - Rear left,,Rear end,Semi-trailer,4 wheel drive / SUV,2,0,0,1,0,9,September,Spring,Tuesday,16:00 - 17:59,PM peak / evening commute,True,False,True,True
1363378,Injury,Serious Injury,2024,2024,September,Saturday,14:00 - 15:59,SPRINGWOOD,RD,950,West,CASTLEREAGH,RD,AGNES BANKS,570.0,No,Not a school zone,2-way undivided,-33.612431,150.701048,Hawkesbury,Country urban,Syd-Newc-Woll Gtr conurbation,Curved,Painted double centre lines,,,Nil,Sealed,Dry,Fine,Daylight,Nil,No traffic controls,60 km/h,State,20,Head on,201,Opp - Head on,,Head-on,Car (sedan/hatch),Car (sedan/hatch),2,0,1,1,0,9,September,Spring,Saturday,14:00 - 15:59,Midday / afternoon,False,False,True,True
1363382,Injury,Moderate Injury,2024,2024,August,Monday,16:00 - 17:59,SANDRINGHAM,ST,0,Right on the spot,NAPOLEON,ST,SANS SOUCI,194.0,No,Not a school zone,X-intersection,-33.991186,151.137154,Bayside,Sydney metro. area,Syd-Newc-Woll Gtr conurbation,Straight,Foot/cycle path/nature strip,,,Off,Sealed,Dry,Fine,Daylight,Off,No traffic controls,60 km/h,State,74,On road-out of cont.,705,Out of control on cway,,Rollover,Pedal cycle,,2,0,0,1,0,8,August,Winter,Monday,16:00 - 17:59,PM peak / evening commute,True,False,True,True
1363384,Injury,Serious Injury,2024,2024,September,Monday,06:00 - 07:59,BEAUMARIS,AVE,0,Right on the spot,KINGS,RD,CASTLE HILL,,No,Not a school zone,Roundabout,-33.720241,150.97874,The Hills,Sydney metro. area,Syd-Newc-Woll Gtr conurbation,Straight,Crest,,,Off,Sealed,Dry,Unknown,Daylight,Nil,Give way sign,50 km/h,Local,10,Cross traffic,101,Adj - Cross traffic,,Right angle,Motorcycle,Light truck utility(from 2018),2,0,1,0,0,9,September,Spring,Monday,06:00 - 07:59,AM peak / school commute,True,False,True,True
1363385,Injury,Moderate Injury,2024,2024,September,Thursday,10:00 - 11:59,PRINCES,HWY,10,South,QUEEN,ST,MORUYA,1.0,No,Not a school zone,X-intersection,-35.910363,150.080765,Eurobodalla,Country urban,Rest of NSW - Urban,Straight,Steep grade,,,Off,Sealed,Dry,Fine,Daylight,Nil,Give way sign,50 km/h,State,0,Ped nearside,1,Ped - Near side,,Vehicle - Pedestrian,4 wheel drive / SUV,Pedestrian,2,0,0,1,0,9,September,Spring,Thursday,10:00 - 11:59,Midday / afternoon,False,False,True,True
1363386,Injury,Serious Injury,2024,2024,August,Wednesday,18:00 - 19:59,RENWICK,ST,50,West,DAY,ST,WYOMING,,No,Not a school zone,2-way undivided,-33.403297,151.355205,Central Coast,Country urban,Syd-Newc-Woll Gtr conurbation,Straight,Steep grade,,,On,Sealed,Dry,Fine,Darkness,Nil,No traffic controls,50 km/h,Local,0,Ped nearside,1,Ped - Near side,,Vehicle - Pedestrian,Car (sedan/hatch),Pedestrian,2,0,1,0,0,8,August,Winter,Wednesday,18:00 - 19:59,PM peak / evening commute,True,False,True,True
1363395,Injury,Serious Injury,2024,2024,September,Saturday,14:00 - 15:59,SUGARLOAF,RD,10,East,BINGLEBURRA,RD,SUGARLOAF,7764.0,No,Not a school zone,T-junction,-32.387249,151.713938,Dungog,Country urban,Rest of NSW - Urban,Curved,Embankment/cutting,,"Loose gravel, sealed",Nil,Sealed,Dry,Fine,Daylight,Nil,No traffic controls,80 km/h,Regional,81,Off left/rt bnd=>obj,707,Right turn,Left,Vehicle - Object,Motorcycle,,1,0,1,0,0,9,September,Spring,Saturday,14:00 - 15:59,Midday / afternoon,False,False,True,True
1363397,Injury,Moderate Injury,2024,2024,September,Friday,20:00 - 21:59,HAMPSTEAD,RD,10,South,HAMPSTEAD,RD,HOMEBUSH WEST,,No,Not a school zone,T-junction,-33.86546,151.071913,Strathfield,Sydney metro. area,Syd-Newc-Woll Gtr conurbation,Straight,,,,Nil,Sealed,Dry,Fine,Darkness,Nil,No traffic controls,50 km/h,Local,0,Ped nearside,1,Ped - Near side,,Vehicle - Pedestrian,4 wheel drive / SUV,Pedestrian,2,0,0,1,0,9,September,Spring,Friday,20:00 - 21:59,Evening / night,False,False,True,True
1363404,Injury,Serious Injury,2024,2024,September,Friday,06:00 - 07:59,PITT,ST,100,West,EDDY,AVE,HAYMARKET,,No,Not a school zone,Divided road,-33.882305,151.20518,Sydney,Sydney metro. area,Syd-Newc-Woll Gtr conurbation,Straight,,,Slippery surface,Off,Sealed,Wet,Raining,Daylight,Nil,No traffic controls,40 km/h,Local,74,On road-out of cont.,705,Out of control on cway,,Rollover,Motor scooter,,1,0,1,0,0,9,September,Spring,Friday,06:00 - 07:59,AM peak / school commute,True,False,True,True
1363405,Injury,Serious Injury,2024,2024,September,Thursday,16:00 - 17:59,GRAND,DR,0,Right on the spot,DARLEY ROAD,TO,CENTENNIAL PARK,,No,Not a school zone,1-way street,-33.904492,151.232356,Randwick,Sydney metro. area,Syd-Newc-Woll Gtr conurbation,Curved,,,,Nil,Sealed,Dry,Fine,Daylight,Nil,Stop sign,30 km/h,Local,30,Rear end,301,Same - Rear end,,Rear end,Car (sedan/hatch),Pedal cycle,2,0,1,0,0,9,September,Spring,Thursday,16:00 - 17:59,PM peak / evening commute,True,False,True,True
1363407,Injury,Minor/Other Injury,2024,2024,August,Sunday,02:00 - 03:59,CAMPBELLTOWN,RD,10,North,QUEEN,ST,CAMPBELLTOWN,177.0,No,Not a school zone,X-intersection,-34.057061,150.823939,Campbelltown,Sydney metro. area,Syd-Newc-Woll Gtr conurbation,Straight,,,,On,Sealed,Dry,Fine,Darkness,On,No traffic controls,60 km/h,State,71,Off rd left => obj,703,Left off cway into object,,Vehicle - Object,Light truck,,1,0,0,0,1,8,August,Winter,Sunday,02:00 - 03:59,Late night / early morning,False,False,True,True
1363408,Injury,Serious Injury,2024,2024,September,Tuesday,14:00 - 15:59,WINGHAM,RD,0,Right on the spot,NUMBER 28,HN,TAREE,,No,Not a school zone,2-way undivided,-31.908956,152.445639,Mid-Coast,Country urban,Rest of NSW - Urban,Straight,,,,Off,Sealed,Dry,Fine,Daylight,Nil,No traffic controls,50 km/h,Local,1,Ped emerging,2,Ped - emerging,,Vehicle - Pedestrian,Car (sedan/hatch),Pedestrian,2,0,1,0,0,9,September,Spring,Tuesday,14:00 - 15:59,Midday / afternoon,False,False,True,True
1363409,Injury,Moderate Injury,2024,2024,September,Friday,14:00 - 15:59,IRVINE,ST,50,South,BARNEY,ST,KIAMA,,No,Not a school zone,2-way undivided,-34.672017,150.84391,Kiama,Country urban,Rest of NSW - Urban,Straight,Driveway/entrance,,,Off,Sealed,Dry,Fine,Daylight,Nil,No traffic controls,50 km/h,Local,32,Right rear,303,Same - Rear right,,Rear end,Motorcycle,Motorcycle,2,0,0,1,0,9,September,Spring,Friday,14:00 - 15:59,Midday / afternoon,False,False,True,True
1363410,Injury,Minor/Other Injury,2024,2024,August,Thursday,16:00 - 17:59,GRIFFITH,RD,70,East,URANA,RD,LAVINGTON,,No,Not a school zone,Divided road,-36.050647,146.933256,Albury,Country urban,Rest of NSW - Urban,Straight,,,,Off,Sealed,Dry,Fine,Dusk,Nil,No traffic controls,40 km/h,Local,74,On road-out of cont.,705,Out of control on cway,,Rollover,Motorcycle,,1,0,0,0,1,8,August,Winter,Thursday,16:00 - 17:59,PM peak / evening commute,True,False,True,True
1363414,Injury,Minor/Other Injury,2024,2024,July,Tuesday,16:00 - 17:59,PRINCES,HWY,10,North,KALANDAR,ST,NOWRA,1.0,No,Not a school zone,X-intersection,-34.887523,150.604571,Shoalhaven,Country urban,Rest of NSW - Urban,Straight,Crest,,,Off,Sealed,Dry,Fine,Daylight,On,No traffic controls,70 km/h,State,45,Reversing,404,Manov - Reverse in traffic,,Other angle,4 wheel drive / SUV,4 wheel drive / SUV,2,0,0,0,1,7,July,Winter,Tuesday,16:00 - 17:59,PM peak / evening commute,True,False,True,True
1363416,Injury,Moderate Injury,2024,2024,July,Monday,04:00 - 05:59,HUME,HWY,50,North,ILLAWARRA HIGHWAY,OP,SUTTON FOREST,2.0,No,Not a school zone,Divided road,-34.585702,150.250265,Wingecarribee,Country non-urban,Rest of NSW - Rural,Curved,Embankment/cutting,,,Nil,Sealed,Dry,Fine,Darkness,Nil,No traffic controls,110 km/h,State,86,Off left/left bend,802,Off cway left bend,Left,Rollover,Car (sedan/hatch),,1,0,0,1,0,7,July,Winter,Monday,04:00 - 05:59,Late night / early morning,False,False,True,True
1363417,Injury,Minor/Other Injury,2024,2024,September,Friday,06:00 - 07:59,BRALGON,ST,0,Right on the spot,UNION,RD,NORTH ALBURY,,No,Not a school zone,T-junction,-36.053057,146.937941,Albury,Country urban,Rest of NSW - Urban,Straight,,,,Nil,Sealed,Dry,Fine,Daylight,Nil,Give way sign,60 km/h,Local,10,Cross traffic,101,Adj - Cross traffic,,Right angle,Car (sedan/hatch),Motorcycle,2,0,0,0,1,9,September,Spring,Friday,06:00 - 07:59,AM peak / school commute,True,False,True,True
1363419,Injury,Moderate Injury,2024,2024,September,Friday,08:00 - 09:59,SOUTH WESTERN,EXP,500,West,HENRY LAWSON DRIVE,TO,MILPERRA,6005.0,No,Not a school zone,Dual freeway,-33.944692,150.981941,Canterbury-Bankstown,Sydney metro. area,Syd-Newc-Woll Gtr conurbation,Straight,,,,Off,Sealed,Dry,Fine,Daylight,Nil,No traffic controls,100 km/h,State,30,Rear end,301,Same - Rear end,,Rear end,Car (sedan/hatch),4 wheel drive / SUV,3,0,0,1,0,9,September,Spring,Friday,08:00 - 09:59,AM peak / school commute,True,False,True,True
1363421,Injury,Serious Injury,2024,2024,June,Friday,12:00 - 13:59,KENT,ST,0,Right on the spot,MUGGA,WAY,TWEED HEADS,,No,Not a school zone,T-junction,-28.17799,153.53144,Tweed,Country urban,Rest of NSW - Urban,Curved,Steep grade,Roadwks/Detour/Diverson,,Off,Sealed,Dry,Fine,Daylight,Nil,Stop sign,50 km/h,Local,10,Cross traffic,101,Adj - Cross traffic,,Right angle,4 wheel drive / SUV,Light truck utility(from 2018),2,0,1,0,0,6,June,Winter,Friday,12:00 - 13:59,Midday / afternoon,False,False,True,True
1363430,Injury,Serious Injury,2024,2024,September,Sunday,04:00 - 05:59,REGENT,ST,10,West,LEE,ST,CHIPPENDALE,170.0,No,Not a school zone,T-junction,-33.885263,151.202805,Sydney,Sydney metro. area,Syd-Newc-Woll Gtr conurbation,Curved,,,,On,Sealed,Dry,Fine,Dawn,Nil,No traffic controls,40 km/h,State,2,Ped far side,3,Ped - Far side,,Vehicle - Pedestrian,Large rigid,Pedestrian,2,0,1,0,0,9,September,Spring,Sunday,04:00 - 05:59,Late night / early morning,False,False,True,True
1363431,Injury,Serious Injury,2024,2024,September,Wednesday,12:00 - 13:59,COLLINS,PROM,0,Right on the spot,OXFORD,RD,INGLEBURN,680.0,No,Not a school zone,X-intersection,-34.006765,150.876634,Campbelltown,Sydney metro. area,Syd-Newc-Woll Gtr conurbation,Curved,,,,Off,Sealed,Dry,Fine,Daylight,On,No traffic controls,60 km/h,State,30,Rear end,301,Same - Rear end,,Rear end,4 wheel drive / SUV,Car (sedan/hatch),2,0,1,0,1,9,September,Spring,Wednesday,12:00 - 13:59,Midday / afternoon,False,False,True,True
1363434,Injury,Serious Injury,2024,2024,September,Thursday,10:00 - 11:59,BORONIA,RD,0,Right on the spot,NUMBER 128,HN,GREENACRE,636.0,No,Not a school zone,2-way undivided,-33.905418,151.047436,Canterbury-Bankstown,Sydney metro. area,Syd-Newc-Woll Gtr conurbation,Straight,,,,Nil,Sealed,Dry,Fine,Daylight,Nil,No traffic controls,60 km/h,State,71,Off rd left => obj,703,Left off cway into object,,Other angle,Motorcycle,Light truck,2,0,1,0,0,9,September,Spring,Thursday,10:00 - 11:59,Midday / afternoon,False,False,True,True
1363436,Injury,Serious Injury,2024,2024,April,Tuesday,10:00 - 11:59,GREAT WESTERN,HWY,0,Right on the spot,CHURCH,ST,PARRAMATTA,5.0,No,Not a school zone,X-intersection,-33.820265,151.003978,Parramatta,Sydney metro. area,Syd-Newc-Woll Gtr conurbation,Curved,,,,Off,Sealed,Wet,Raining,Daylight,On,No traffic controls,60 km/h,State,36,Right turn sideswipe,308,Same - Rgt turn side swipe,,Other angle,Large rigid,Car (sedan/hatch),6,0,3,1,0,4,April,Autumn,Tuesday,10:00 - 11:59,Midday / afternoon,False,False,True,True
1363438,Injury,Serious Injury,2024,2024,September,Thursday,12:00 - 13:59,CHANDLERS,LANE,0,Right on the spot,YARRAMALONG,RD,WYONG CREEK,,No,Not a school zone,T-junction,-33.268366,151.337116,Central Coast,Country urban,Syd-Newc-Woll Gtr conurbation,Curved,Painted double centre lines,,,Off,Sealed,Unknown,Unknown,Daylight,Nil,No traffic controls,80 km/h,Local,20,Head on,201,Opp - Head on,,Head-on,Motorcycle,4 wheel drive / SUV,2,0,1,0,0,9,September,Spring,Thursday,12:00 - 13:59,Midday / afternoon,False,False,True,True
1363439,Injury,Moderate Injury,2024,2024,September,Sunday,18:00 - 19:59,HARRINGTON,CL,130,West,BRITTANIA,DR,WATANOBBI,,No,Not a school zone,2-way undivided,-33.265889,151.427307,Central Coast,Country urban,Syd-Newc-Woll Gtr conurbation,Curved,Driveway/entrance,,,Nil,Sealed,Dry,Fine,Dusk,Nil,No traffic controls,50 km/h,Local,85,Off rt/lft bnd=>obj,707,Right turn,Right,Vehicle - Object,4 wheel drive / SUV,,1,0,0,1,0,9,September,Spring,Sunday,18:00 - 19:59,PM peak / evening commute,True,False,True,True
1363440,Injury,Serious Injury,2024,2024,September,Saturday,18:00 - 19:59,KING GEORGES,RD,0,Right on the spot,PHILLIP,ST,BLAKEHURST,200.0,Yes,No,T-junction,-33.987017,151.110904,Georges River,Sydney metro. area,Syd-Newc-Woll Gtr conurbation,Straight,,,,Off,Sealed,Dry,Fine,Darkness,On,No traffic controls,70 km/h,State,21,Right through,202,Opp - Right-thru,,Other angle,Car (sedan/hatch),Car (sedan/hatch),2,0,2,0,0,9,September,Spring,Saturday,18:00 - 19:59,PM peak / evening commute,True,False,True,True
1363441,Injury,Serious Injury,2024,2024,September,Sunday,10:00 - 11:59,CROSS,RD,3000,South,DUNCAN,RD,NUMULGI,,No,Not a school zone,2-way undivided,-28.724519,153.314061,Lismore,Country non-urban,Rest of NSW - Rural,Curved,Embankment/cutting,,,Nil,Unsealed,Dry,Fine,Daylight,Nil,No traffic controls,100 km/h,Local,85,Off rt/lft bnd=>obj,804,Off left bend into obj,Right,Vehicle - Object,4 wheel drive / SUV,,1,0,1,0,0,9,September,Spring,Sunday,10:00 - 11:59,Midday / afternoon,False,False,True,True
1363442,Injury,Serious Injury,2024,2024,September,Saturday,12:00 - 13:59,MURRAYS CREEK FOREST,RD,3000,West,KNODINGBUL,RD,BULGA FOREST,,No,Not a school zone,2-way undivided,-31.646118,152.126716,Mid-Coast,Country non-urban,Rest of NSW - Rural,Curved,Embankment/cutting,,,Nil,Unsealed,Wet,Fine,Daylight,Nil,No traffic controls,100 km/h,Local,81,Off left/rt bnd=>obj,803,Off right bend into obj,Left,Vehicle - Object,Motorcycle,,1,0,1,0,0,9,September,Spring,Saturday,12:00 - 13:59,Midday / afternoon,False,False,True,True
1363443,Injury,Minor/Other Injury,2024,2024,September,Monday,14:00 - 15:59,DARDANELLES,AVE,0,Right on the spot,NOWACK,AVE,UMINA BEACH,,No,Not a school zone,T-junction,-33.519545,151.314403,Central Coast,Country urban,Syd-Newc-Woll Gtr conurbation,Straight,Foot/cycle path/nature strip,,,Nil,Sealed,Dry,Fine,Daylight,Nil,No traffic controls,50 km/h,Local,48,From footpath,408,Manov - From footway,,Other angle,Motorised push scooters,Car (sedan/hatch),2,0,0,0,1,9,September,Spring,Monday,14:00 - 15:59,Midday / afternoon,False,False,True,True
1363447,Injury,Minor/Other Injury,2024,2024,July,Saturday,22:00 - Midnight,STATION,ST,0,Right on the spot,MILBRULONG RURAL FIRE BRIGADE,SN,MILBRULONG,,No,Not a school zone,2-way undivided,-35.254902,146.843105,Lockhart,Country urban,Rest of NSW - Urban,Straight,,,,Nil,Sealed,Wet,Overcast,Darkness,Nil,No traffic controls,50 km/h,Local,73,Off rd rght => obj,704,Right off cway into obj,,Vehicle - Object,4 wheel drive / SUV,,1,0,0,0,1,7,July,Winter,Saturday,22:00 - Midnight,Evening / night,False,False,True,True