crash_id,degree_of_crash,degree_of_crash_-_detailed,reporting_year,year_of_crash,month_of_crash,day_of_week_of_crash,two-hour_intervals,street_of_crash,street_type,distance,direction,identifying_feature,identifying_feature_type,town,route_no.,school_zone_location,school_zone_active,type_of_location,latitude,longitude,lga,urbanisation,conurbation_1,alignment,primary_permanent_feature,primary_temporary_feature,primary_hazardous_feature,street_lighting,road_surface,surface_condition,weather,natural_lighting,signals_operation,other_traffic_control,speed_limit,road_classification_(admin),rum_-_code,rum_-_description,dca_-_code,dca_-_description,dca_supplement,first_impact_type,key_tu_type,other_tu_type,no._of_traffic_units_involved,no._killed,no._seriously_injured,no._moderately_injured,no._minor-other_injured,month_num,month_label,season,day_label,time_label,time_band,is_peak_commute,is_fatal,is_injury,is_casualty
1363448,Injury,Serious Injury,2024,2024,September,Tuesday,10:00 - 11:59,KURRAJONG,RD,0,Right on the spot,OLD KURRAJONG,RD,RICHMOND,184.0,No,Not a school zone,X-intersection,-33.588616,150.729479,Hawkesbury,Country urban,Syd-Newc-Woll Gtr conurbation,Straight,,,,Nil,Sealed,Dry,Fine,Daylight,Nil,Give way sign,60 km/h,State,10,Cross traffic,101,Adj - Cross traffic,,Right angle,Car (sedan/hatch),Semi-trailer,2,0,1,1,0,9,September,Spring,Tuesday,10:00 - 11:59,Midday / afternoon,False,False,True,True
1363450,Injury,Moderate Injury,2024,2024,September,Monday,14:00 - 15:59,CENTENNIAL,AVE,0,Right on the spot,MOWBRAY,RD,LANE COVE NORTH,2092.0,No,Not a school zone,X-intersection,-33.806267,151.166495,Lane Cove,Sydney metro. area,Syd-Newc-Woll Gtr conurbation,Straight,,,,Off,Sealed,Dry,Fine,Daylight,On,No traffic controls,60 km/h,Regional,0,Ped nearside,1,Ped - Near side,,Vehicle - Pedestrian,Light truck utility(from 2018),Pedestrian,2,0,0,1,0,9,September,Spring,Monday,14:00 - 15:59,Midday / afternoon,False,False,True,True
1363451,Injury,Minor/Other Injury,2024,2024,September,Friday,08:00 - 09:59,CASTLEREAGH,HWY,29500,North,COONAMBLE,TN,COONAMBLE,18.0,No,Not a school zone,2-way undivided,-30.721851,148.291382,Coonamble,Country non-urban,Rest of NSW - Rural,Curved,Ditch/drain/culvert,,,Nil,Sealed,Dry,Fine,Daylight,Nil,No traffic controls,110 km/h,State,81,Off left/rt bnd=>obj,803,Off right bend into obj,Left,Vehicle - Object,4 wheel drive / SUV,,1,0,0,0,1,9,September,Spring,Friday,08:00 - 09:59,AM peak / school commute,True,False,True,True
1363452,Injury,Serious Injury,2024,2024,July,Thursday,16:00 - 17:59,HAMBLEDON,RD,40,North,BARNIER,DR,QUAKERS HILL,7157.0,No,Not a school zone,Divided road,-33.71624,150.892728,Blacktown,Sydney metro. area,Syd-Newc-Woll Gtr conurbation,Straight,,,,Off,Sealed,Dry,Fine,Daylight,Nil,No traffic controls,60 km/h,Regional,30,Rear end,301,Same - Rear end,,Rear end,Motorcycle,Light truck utility(from 2018),2,0,1,0,0,7,July,Winter,Thursday,16:00 - 17:59,PM peak / evening commute,True,False,True,True
1363454,Injury,Serious Injury,2024,2024,September,Tuesday,18:00 - 19:59,NEWCASTLE,RD,10,West,CROUDACE,ST,LAMBTON,82.0,No,Not a school zone,X-intersection,-32.908987,151.705024,Newcastle,Newcastle met. area,Syd-Newc-Woll Gtr conurbation,Straight,,,,On,Sealed,Dry,Fine,Dusk,On,No traffic controls,60 km/h,State,30,Rear end,301,Same - Rear end,,Rear end,Motor scooter,4 wheel drive / SUV,2,0,1,0,0,9,September,Spring,Tuesday,18:00 - 19:59,PM peak / evening commute,True,False,True,True
1363456,Injury,Moderate Injury,2024,2024,September,Friday,20:00 - 21:59,BUNDEENA,DR,19,East,LIVERPOOL,ST,BUNDEENA,,No,Not a school zone,2-way undivided,-34.084086,151.147449,Sutherland,Sydney metro. area,Syd-Newc-Woll Gtr conurbation,Curved,,,,On,Sealed,Dry,Fine,Darkness,Nil,No traffic controls,50 km/h,Local,81,Off left/rt bnd=>obj,803,Off right bend into obj,Left,Vehicle - Object,4 wheel drive / SUV,,1,0,0,1,0,9,September,Spring,Friday,20:00 - 21:59,Evening / night,False,False,True,True
1363458,Injury,Serious Injury,2024,2024,September,Saturday,22:00 - Midnight,STURT,HWY,200,West,CHURCHS PLAIN,RD,YARRAGUNDRY,14.0,No,Not a school zone,2-way undivided,-35.115248,147.256722,Wagga Wagga,Country non-urban,Rest of NSW - Rural,Curved,,,,Nil,Sealed,Dry,Fine,Darkness,Nil,No traffic controls,100 km/h,State,85,Off rt/lft bnd=>obj,804,Off left bend into obj,Right,Vehicle - Object,Light truck utility(from 2018),,1,0,1,0,0,9,September,Spring,Saturday,22:00 - Midnight,Evening / night,False,False,True,True
1363459,Injury,Moderate Injury,2024,2024,September,Thursday,12:00 - 13:59,WOODVILLE,RD,10,North,HALSALL,ST,GRANVILLE,640.0,No,Not a school zone,T-junction,-33.830414,151.00379,Cumberland,Sydney metro. area,Syd-Newc-Woll Gtr conurbation,Straight,,,,Nil,Sealed,Dry,Fine,Daylight,Nil,Stop sign,60 km/h,State,11,Right far,102,Adj - Right-thru from left,,Right angle,Station wagon,Light truck utility(from 2018),2,0,0,1,0,9,September,Spring,Thursday,12:00 - 13:59,Midday / afternoon,False,False,True,True
1363460,Injury,Serious Injury,2024,2024,September,Saturday,20:00 - 21:59,CASTLEREAGH,RD,50,South,MUSEUM,DR,PENRITH,630.0,No,Not a school zone,Divided road,-33.74734,150.689747,Penrith,Sydney metro. area,Syd-Newc-Woll Gtr conurbation,Curved,,,,On,Sealed,Dry,Fine,Darkness,Nil,No traffic controls,60 km/h,State,20,Head on,201,Opp - Head on,,Head-on,Car (sedan/hatch),Light truck utility(from 2018),2,0,3,0,0,9,September,Spring,Saturday,20:00 - 21:59,Evening / night,False,False,True,True
1363461,Injury,Serious Injury,2024,2024,September,Wednesday,08:00 - 09:59,GREAT WESTERN,HWY,0,Right on the spot,LANSDOWNE,ST,PARRAMATTA,5.0,No,Not a school zone,T-junction,-33.821907,151.004152,Parramatta,Sydney metro. area,Syd-Newc-Woll Gtr conurbation,Straight,,,,Off,Sealed,Dry,Overcast,Daylight,Nil,No right turn,60 km/h,State,21,Right through,202,Opp - Right-thru,,Other angle,Car (sedan/hatch),Car (sedan/hatch),3,0,2,0,0,9,September,Spring,Wednesday,08:00 - 09:59,AM peak / school commute,True,False,True,True
1363462,Injury,Moderate Injury,2024,2024,September,Saturday,12:00 - 13:59,BEAMISH,ST,0,Right on the spot,SOUTH,PDE,CAMPSIE,2014.0,No,Not a school zone,X-intersection,-33.910596,151.103684,Canterbury-Bankstown,Sydney metro. area,Syd-Newc-Woll Gtr conurbation,Straight,Other bridge,,,Off,Sealed,Dry,Fine,Daylight,On,Ped crossing,40 km/h,Regional,2,Ped far side,3,Ped - Far side,,Vehicle - Pedestrian,4 wheel drive / SUV,Pedestrian,2,0,0,1,0,9,September,Spring,Saturday,12:00 - 13:59,Midday / afternoon,False,False,True,True
1363464,Injury,Moderate Injury,2024,2024,September,Thursday,20:00 - 21:59,ADDLESTONE,RD,30,South,NEWMAN,ST,MERRYLANDS,,No,Not a school zone,2-way undivided,-33.838131,150.986497,Cumberland,Sydney metro. area,Syd-Newc-Woll Gtr conurbation,Straight,,Police pursuit,,On,Sealed,Dry,Fine,Darkness,Nil,No traffic controls,50 km/h,Local,1,Ped emerging,2,Ped - emerging,,Vehicle - Pedestrian,Car (sedan/hatch),Pedestrian,2,0,0,1,0,9,September,Spring,Thursday,20:00 - 21:59,Evening / night,False,False,True,True
1363471,Injury,Serious Injury,2024,2024,September,Thursday,10:00 - 11:59,CASTLEREAGH,HWY,2500,North,DIGILAH,RD,DUNEDOO,18.0,No,Not a school zone,2-way undivided,-31.896073,149.29778,Warrumbungle,Country non-urban,Rest of NSW - Rural,Straight,Painted double centre lines,,,Nil,Sealed,Dry,Fine,Daylight,Nil,No traffic controls,100 km/h,State,74,On road-out of cont.,705,Out of control on cway,,Rollover,4 wheel drive / SUV,,1,0,1,1,0,9,September,Spring,Thursday,10:00 - 11:59,Midday / afternoon,False,False,True,True
1363473,Injury,Serious Injury,2024,2024,September,Monday,00:01 - 01:59,NEW BRIDGE,RD,0,Right on the spot,DAVY ROBINSON,DR,CHIPPING NORTON,167.0,No,Not a school zone,T-junction,-33.928603,150.96885,Liverpool,Sydney metro. area,Syd-Newc-Woll Gtr conurbation,Straight,,,,On,Sealed,Dry,Fine,Darkness,Nil,No traffic controls,70 km/h,State,16,Left near,107,Adj - Left-thru from right,,Right angle,Car (sedan/hatch),Car (sedan/hatch),2,0,1,0,1,9,September,Spring,Monday,00:01 - 01:59,Late night / early morning,False,False,True,True
1363476,Injury,Minor/Other Injury,2024,2024,September,Sunday,00:01 - 01:59,HENRY LAWSON,DR,0,Right on the spot,BASS,AVE,EAST HILLS,508.0,No,Not a school zone,T-junction,-33.958421,150.983317,Canterbury-Bankstown,Sydney metro. area,Syd-Newc-Woll Gtr conurbation,Straight,,,,On,Sealed,Dry,Fine,Darkness,Nil,Stop sign,60 km/h,State,20,Head on,201,Opp - Head on,,Head-on,Car (sedan/hatch),Car (sedan/hatch),2,0,0,0,2,9,September,Spring,Sunday,00:01 - 01:59,Late night / early morning,False,False,True,True
1363477,Injury,Serious Injury,2024,2024,June,Wednesday,16:00 - 17:59,CORDEAUX,RD,50,North,WADE,ST,FIGTREE,,No,Not a school zone,2-way undivided,-34.445936,150.848274,Wollongong,Wollongong met. area,Syd-Newc-Woll Gtr conurbation,Straight,Painted double centre lines,,,Nil,Sealed,Dry,Fine,Daylight,Nil,No traffic controls,50 km/h,Local,20,Head on,201,Opp - Head on,,Head-on,4 wheel drive / SUV,Other bus,2,0,1,0,0,6,June,Winter,Wednesday,16:00 - 17:59,PM peak / evening commute,True,False,True,True
1363478,Injury,Moderate Injury,2024,2024,August,Wednesday,20:00 - 21:59,CRAWFORD,AVE,0,Right on the spot,PORTER,ST,NORTH WOLLONGONG,,Yes,No,T-junction,-34.412687,150.889997,Wollongong,Wollongong met. area,Syd-Newc-Woll Gtr conurbation,Straight,,Police pursuit,,On,Sealed,Dry,Fine,Darkness,Nil,No traffic controls,50 km/h,Local,71,Off rd left => obj,703,Left off cway into object,,Other angle,Car (sedan/hatch),4 wheel drive / SUV,3,0,0,1,0,8,August,Winter,Wednesday,20:00 - 21:59,Evening / night,False,False,True,True
1363479,Injury,Minor/Other Injury,2024,2024,August,Monday,18:00 - 19:59,GREAT WESTERN,HWY,35,East,PITT,ST,PARRAMATTA,5.0,Yes,No,Divided road,-33.818624,150.996781,Parramatta,Sydney metro. area,Syd-Newc-Woll Gtr conurbation,Straight,Driveway/entrance,,,Off,Sealed,Dry,Fine,Daylight,Nil,No traffic controls,60 km/h,State,31,Left rear,302,Same - Rear left,,Rear end,4 wheel drive / SUV,4 wheel drive / SUV,2,0,0,0,1,8,August,Winter,Monday,18:00 - 19:59,PM peak / evening commute,True,False,True,True
1363481,Injury,Serious Injury,2024,2024,September,Friday,18:00 - 19:59,GRAND,DR,0,Right on the spot,ROBINSON,DR,CENTENNIAL PARK,,No,Not a school zone,T-junction,-33.897764,151.240504,Randwick,Sydney metro. area,Syd-Newc-Woll Gtr conurbation,Curved,Foot/cycle path/nature strip,,,Nil,Sealed,Dry,Fine,Daylight,Nil,No traffic controls,30 km/h,Local,37,Left turn sideswipe,309,Same - Left turn side swipe,,Other angle,4 wheel drive / SUV,Pedal cycle,2,0,1,0,0,9,September,Spring,Friday,18:00 - 19:59,PM peak / evening commute,True,False,True,True
1363483,Injury,Moderate Injury,2024,2024,September,Saturday,18:00 - 19:59,JANE,ST,0,Right on the spot,NUMGBER 49,HN,SMITHFIELD,,No,Not a school zone,2-way undivided,-33.85363,150.920542,Fairfield,Sydney metro. area,Syd-Newc-Woll Gtr conurbation,Straight,Driveway/entrance,,,Nil,Sealed,Dry,Fine,Daylight,Nil,No traffic controls,50 km/h,Local,40,U turn,207,Opp - U-turn,,Other angle,4 wheel drive / SUV,Station wagon,2,0,0,2,0,9,September,Spring,Saturday,18:00 - 19:59,PM peak / evening commute,True,False,True,True
1363484,Injury,Moderate Injury,2024,2024,September,Friday,14:00 - 15:59,BUCKETTS,WAY,1000,West,MANNING RIVER,DR,TAREE SOUTH,,No,Not a school zone,2-way undivided,-31.937724,152.457861,Mid-Coast,Country urban,Rest of NSW - Urban,Curved,Ditch/drain/culvert,,,Nil,Sealed,Dry,Fine,Daylight,Nil,No traffic controls,70 km/h,Local,87,Off lft/lft bnd=>obj,804,Off left bend into obj,Left,Vehicle - Object,Car (sedan/hatch),,1,0,0,1,0,9,September,Spring,Friday,14:00 - 15:59,Midday / afternoon,False,False,True,True
1363486,Injury,Serious Injury,2024,2024,September,Friday,18:00 - 19:59,VICTORIA,RD,5,West,CLYDE,ST,RYDALMERE,165.0,No,Not a school zone,T-junction,-33.810804,151.033222,Parramatta,Sydney metro. area,Syd-Newc-Woll Gtr conurbation,Straight,Bus/transit lane,,,Nil,Sealed,Dry,Fine,Daylight,Unknown / not stated,No traffic controls,60 km/h,State,37,Left turn sideswipe,309,Same - Left turn side swipe,,Other angle,Light truck,Motorcycle,2,0,1,0,0,9,September,Spring,Friday,18:00 - 19:59,PM peak / evening commute,True,False,True,True
1363488,Injury,Serious Injury,2024,2024,August,Tuesday,14:00 - 15:59,ELIZABETH,DR,50,West,MARUM,ST,ASHCROFT,535.0,No,Not a school zone,Divided road,-33.910521,150.900344,Liverpool,Sydney metro. area,Syd-Newc-Woll Gtr conurbation,Curved,,,,Off,Sealed,Dry,Fine,Daylight,Nil,No traffic controls,70 km/h,State,81,Off left/rt bnd=>obj,803,Off right bend into obj,Left,Vehicle - Object,Light truck utility(from 2018),,1,0,1,0,0,8,August,Winter,Tuesday,14:00 - 15:59,Midday / afternoon,False,False,True,True
1363490,Injury,Moderate Injury,2024,2024,September,Wednesday,16:00 - 17:59,GRIFFITHS,RD,150,West,TURTON,RD,LAMBTON,82.0,No,Not a school zone,Divided road,-32.914533,151.724045,Newcastle,Newcastle met. area,Syd-Newc-Woll Gtr conurbation,Straight,Driveway/entrance,,,Off,Sealed,Dry,Fine,Daylight,Nil,No traffic controls,60 km/h,State,47,Emerging from drive,406,Manov - Emerging from driveway,,Right angle,4 wheel drive / SUV,Car (sedan/hatch),3,0,0,1,0,9,September,Spring,Wednesday,16:00 - 17:59,PM peak / evening commute,True,False,True,True
1363492,Injury,Serious Injury,2024,2024,September,Tuesday,18:00 - 19:59,MERRYLANDS,RD,0,Right on the spot,HOLROYD,RD,MERRYLANDS,7250.0,No,Not a school zone,T-junction,-33.832863,150.972043,Cumberland,Sydney metro. area,Syd-Newc-Woll Gtr conurbation,Straight,Steep grade,,,On,Sealed,Dry,Fine,Darkness,Nil,Stop sign,60 km/h,Regional,21,Right through,202,Opp - Right-thru,,Other angle,Car (sedan/hatch),Motorcycle,2,0,1,0,0,9,September,Spring,Tuesday,18:00 - 19:59,PM peak / evening commute,True,False,True,True
1363493,Injury,Minor/Other Injury,2024,2024,September,Friday,14:00 - 15:59,M2 HILLS,EXP,2000,East,WINDSOR ROAD,TO,NORTH ROCKS,6002.0,No,Not a school zone,Dual freeway,-33.763414,151.024069,Parramatta,Sydney metro. area,Syd-Newc-Woll Gtr conurbation,Curved,Bus/transit lane,,,Off,Sealed,Dry,Fine,Daylight,Nil,No traffic controls,100 km/h,State,33,Lane sideswipe,305,Same - Lane side swipe,,Other angle,Car (sedan/hatch),Other bus,2,0,0,0,1,9,September,Spring,Friday,14:00 - 15:59,Midday / afternoon,False,False,True,True
1363496,Injury,Serious Injury,2024,2024,September,Wednesday,06:00 - 07:59,RIFLE RANGE,RD,0,Right on the spot,NUMBER 405,HN,ALSTONVILLE,7734.0,No,Not a school zone,2-way undivided,-28.818733,153.449832,Ballina,Country urban,Rest of NSW - Urban,Straight,Driveway/entrance,,,Nil,Sealed,Dry,Fine,Daylight,Nil,No traffic controls,80 km/h,Regional,40,U turn,304,Same - U-turn,,Other angle,Car (sedan/hatch),Utility,2,0,1,0,0,9,September,Spring,Wednesday,06:00 - 07:59,AM peak / school commute,True,False,True,True
1363497,Injury,Serious Injury,2024,2024,September,Monday,16:00 - 17:59,CARLINGFORD,ST,0,Right on the spot,CLAPHAM,RD,REGENTS PARK,7102.0,No,Not a school zone,T-junction,-33.885048,151.021476,Canterbury-Bankstown,Sydney metro. area,Syd-Newc-Woll Gtr conurbation,Straight,Steep grade,,,Off,Sealed,Dry,Fine,Daylight,Nil,Stop sign,60 km/h,Regional,48,From footpath,408,Manov - From footway,,Other angle,Pedal cycle,4 wheel drive / SUV,2,0,1,0,0,9,September,Spring,Monday,16:00 - 17:59,PM peak / evening commute,True,False,True,True
1363498,Injury,Moderate Injury,2024,2024,September,Monday,12:00 - 13:59,BANGALOW,RD,15,South,ARAKWAL,CT,BYRON BAY,545.0,Yes,No,2-way undivided,-28.666272,153.613929,Byron,Country urban,Rest of NSW - Urban,Straight,,,,Nil,Sealed,Dry,Fine,Daylight,Nil,No traffic controls,50 km/h,Regional,71,Off rd left => obj,703,Left off cway into object,,Vehicle - Object,4 wheel drive / SUV,,1,0,0,1,0,9,September,Spring,Monday,12:00 - 13:59,Midday / afternoon,False,False,True,True
1363500,Injury,Moderate Injury,2024,2024,September,Sunday,14:00 - 15:59,APPIN,RD,0,Right on the spot,THERRY ROAD,TO,CAMPBELLTOWN,7191.0,No,Not a school zone,Divided road,-34.080689,150.808041,Campbelltown,Sydney metro. area,Syd-Newc-Woll Gtr conurbation,Straight,Climb/merge lane,,,Off,Sealed,Dry,Fine,Daylight,Nil,No traffic controls,80 km/h,Regional,62,Accident,603,On path - Previous accident,,Other angle,Car (sedan/hatch),Light truck utility(from 2018),2,0,0,1,0,9,September,Spring,Sunday,14:00 - 15:59,Midday / afternoon,False,False,True,True
1363501,Injury,Minor/Other Injury,2024,2024,September,Saturday,12:00 - 13:59,BICENTENARY,RD,0,Right on the spot,WHEELBARROW RIDGE,TRK,LEETS VALE,,No,Not a school zone,T-junction,-33.406546,150.927577,Hawkesbury,Country urban,Syd-Newc-Woll Gtr conurbation,Curved,,,,Nil,Unsealed,Dry,Fine,Daylight,Nil,No traffic controls,50 km/h,Local,88,Out of cont on bend,805,Out of control on bend,,Rollover,Motorcycle,,1,0,0,0,1,9,September,Spring,Saturday,12:00 - 13:59,Midday / afternoon,False,False,True,True
1363502,Injury,Serious Injury,2024,2024,August,Friday,16:00 - 17:59,BROKEN HEAD,RD,20,South,BROKEN HEAD RESERVE,RD,SUFFOLK PARK,545.0,No,Not a school zone,2-way undivided,-28.697746,153.600421,Byron,Country urban,Rest of NSW - Urban,Curved,,,,Nil,Sealed,Dry,Fine,Dusk,Nil,No traffic controls,80 km/h,Regional,20,Head on,201,Opp - Head on,,Head-on,Light truck utility(from 2018),4 wheel drive / SUV,2,0,2,1,0,8,August,Winter,Friday,16:00 - 17:59,PM peak / evening commute,True,False,True,True
1363504,Injury,Serious Injury,2024,2024,September,Friday,06:00 - 07:59,PICCADILLY,ST,0,Right on the spot,SYDNEY,ST,RIVERSTONE,,No,Not a school zone,X-intersection,-33.669204,150.860959,Blacktown,Sydney metro. area,Syd-Newc-Woll Gtr conurbation,Straight,,,,Nil,Sealed,Dry,Fine,Daylight,Nil,Give way sign,50 km/h,Local,10,Cross traffic,101,Adj - Cross traffic,,Right angle,Light truck utility(from 2018),4 wheel drive / SUV,2,0,1,0,0,9,September,Spring,Friday,06:00 - 07:59,AM peak / school commute,True,False,True,True
1363505,Injury,Moderate Injury,2024,2024,September,Friday,20:00 - 21:59,POLDING,ST,0,Right on the spot,LILY,ST,PRAIRIEWOOD,7222.0,No,Not a school zone,X-intersection,-33.857378,150.904304,Fairfield,Sydney metro. area,Syd-Newc-Woll Gtr conurbation,Straight,,,,On,Sealed,Dry,Fine,Daylight,On,No traffic controls,60 km/h,Regional,10,Cross traffic,101,Adj - Cross traffic,,Right angle,Car (sedan/hatch),Car (sedan/hatch),2,0,0,2,0,9,September,Spring,Friday,20:00 - 21:59,Evening / night,False,False,True,True
1363507,Injury,Moderate Injury,2024,2024,September,Friday,20:00 - 21:59,HUME,HWY,0,Right on the spot,HENRY LAWSON DRIVE,TO,LANSDOWNE,2.0,No,Not a school zone,Divided road,-33.889522,150.972703,Canterbury-Bankstown,Sydney metro. area,Syd-Newc-Woll Gtr conurbation,Curved,,,,On,Sealed,Dry,Fine,Darkness,Nil,No traffic controls,70 km/h,State,33,Lane sideswipe,305,Same - Lane side swipe,,Other angle,Car (sedan/hatch),Car (sedan/hatch),2,0,0,1,0,9,September,Spring,Friday,20:00 - 21:59,Evening / night,False,False,True,True
1363512,Injury,Minor/Other Injury,2024,2024,September,Thursday,20:00 - 21:59,BENNELONG,PKWY,0,Right on the spot,HILL,RD,SYDNEY OLYMPIC PARK,,No,Not a school zone,T-junction,-33.830815,151.071228,Parramatta,Sydney metro. area,Syd-Newc-Woll Gtr conurbation,Straight,,,,On,Sealed,Dry,Fine,Darkness,On,No traffic controls,50 km/h,Local,36,Right turn sideswipe,308,Same - Rgt turn side swipe,,Other angle,4 wheel drive / SUV,4 wheel drive / SUV,2,0,0,0,1,9,September,Spring,Thursday,20:00 - 21:59,Evening / night,False,False,True,True
1363513,Injury,Serious Injury,2024,2024,July,Wednesday,08:00 - 09:59,VICTORIA,RD,0,Right on the spot,SPURWAY,ST,ERMINGTON,165.0,No,Not a school zone,X-intersection,-33.814279,151.056237,Parramatta,Sydney metro. area,Syd-Newc-Woll Gtr conurbation,Curved,,,,On,Sealed,Dry,Fine,Daylight,On,No traffic controls,70 km/h,State,88,Out of cont on bend,805,Out of control on bend,,Rollover,Motor scooter,,1,0,1,0,0,7,July,Winter,Wednesday,08:00 - 09:59,AM peak / school commute,True,False,True,True
1363516,Injury,Serious Injury,2024,2024,August,Thursday,08:00 - 09:59,HUME,HWY,0,Right on the spot,HENRY LAWSON,DR,VILLAWOOD,2.0,No,Not a school zone,X-intersection,-33.889499,150.97312,Fairfield,Sydney metro. area,Syd-Newc-Woll Gtr conurbation,Straight,,,,Off,Sealed,Dry,Fine,Daylight,On,No traffic controls,70 km/h,State,10,Cross traffic,101,Adj - Cross traffic,,Right angle,Car (sedan/hatch),Car (sedan/hatch),3,0,1,2,0,8,August,Winter,Thursday,08:00 - 09:59,AM peak / school commute,True,False,True,True
1363518,Injury,Moderate Injury,2024,2024,September,Friday,18:00 - 19:59,HENRY LAWSON,DR,0,Right on the spot,NUMBER 642,HN,EAST HILLS,508.0,No,Not a school zone,2-way undivided,-33.96338,150.990296,Canterbury-Bankstown,Sydney metro. area,Syd-Newc-Woll Gtr conurbation,Curved,,,,Nil,Sealed,Dry,Fine,Darkness,Nil,No traffic controls,60 km/h,State,81,Off left/rt bnd=>obj,803,Off right bend into obj,Left,Vehicle - Object,4 wheel drive / SUV,,1,0,0,1,0,9,September,Spring,Friday,18:00 - 19:59,PM peak / evening commute,True,False,True,True
1363522,Injury,Moderate Injury,2024,2024,September,Sunday,02:00 - 03:59,SMITHFIELD,RD,0,Right on the spot,MIMOSA,RD,GREENFIELD PARK,7220.0,No,Not a school zone,T-junction,-33.877865,150.893476,Fairfield,Sydney metro. area,Syd-Newc-Woll Gtr conurbation,Straight,,,,On,Sealed,Dry,Fine,Darkness,On,No traffic controls,60 km/h,Regional,32,Right rear,303,Same - Rear right,,Rear end,Light truck utility(from 2018),Car (sedan/hatch),2,0,0,1,0,9,September,Spring,Sunday,02:00 - 03:59,Late night / early morning,False,False,True,True
1363523,Injury,Serious Injury,2024,2024,September,Saturday,12:00 - 13:59,OLD NORTHERN,RD,0,Right on the spot,NUMBER 167,HN,CASTLE HILL,160.0,No,Not a school zone,2-way undivided,-33.745751,150.995241,The Hills,Sydney metro. area,Syd-Newc-Woll Gtr conurbation,Straight,,,,Nil,Sealed,Dry,Fine,Daylight,Nil,No traffic controls,60 km/h,State,0,Ped nearside,1,Ped - Near side,,Vehicle - Pedestrian,Car (sedan/hatch),Pedestrian,2,0,1,0,0,9,September,Spring,Saturday,12:00 - 13:59,Midday / afternoon,False,False,True,True
1363527,Injury,Moderate Injury,2024,2024,September,Tuesday,08:00 - 09:59,UNWINS BRIDGE,RD,0,Right on the spot,CAMPBELL,ST,ST PETERS,2099.0,No,Not a school zone,X-intersection,-33.910137,151.175775,Inner West,Sydney metro. area,Syd-Newc-Woll Gtr conurbation,Curved,Crest,,,Off,Sealed,Dry,Fine,Daylight,On,No traffic controls,50 km/h,Regional,21,Right through,202,Opp - Right-thru,,Other angle,Car (sedan/hatch),Car (sedan/hatch),2,0,0,1,0,9,September,Spring,Tuesday,08:00 - 09:59,AM peak / school commute,True,False,True,True
1363529,Injury,Moderate Injury,2024,2024,September,Saturday,20:00 - 21:59,WERRINGTON,RD,0,Right on the spot,THE KINGSWAY,MS,WERRINGTON,7288.0,Yes,No,Roundabout,-33.765432,150.758161,Penrith,Sydney metro. area,Syd-Newc-Woll Gtr conurbation,Straight,,Police pursuit,,On,Sealed,Dry,Fine,Darkness,Nil,Give way sign,60 km/h,Regional,20,Head on,201,Opp - Head on,,Head-on,Car (sedan/hatch),Car (sedan/hatch),2,0,0,1,1,9,September,Spring,Saturday,20:00 - 21:59,Evening / night,False,False,True,True
1363531,Injury,Moderate Injury,2024,2024,September,Sunday,14:00 - 15:59,BELMORE RIVER RIGHT BANK,RD,0,Right on the spot,NUMBER 83,HN,BELMORE RIVER,,No,Not a school zone,2-way undivided,-31.038817,152.947882,Kempsey,Country urban,Rest of NSW - Urban,Curved,,,,Nil,Sealed,Dry,Fine,Daylight,Nil,No traffic controls,80 km/h,Local,81,Off left/rt bnd=>obj,803,Off right bend into obj,Left,Vehicle - Object,4 wheel drive / SUV,,1,0,0,1,0,9,September,Spring,Sunday,14:00 - 15:59,Midday / afternoon,False,False,True,True
1363533,Injury,Serious Injury,2024,2024,August,Thursday,18:00 - 19:59,GREAT WESTERN,HWY,0,Right on the spot,GREEN,PDE,VALLEY HEIGHTS,5.0,No,Not a school zone,X-intersection,-33.704189,150.584078,Blue Mountains,Country urban,Syd-Newc-Woll Gtr conurbation,Straight,,,,On,Sealed,Dry,Fine,Darkness,Nil,Stop sign,80 km/h,State,21,Right through,202,Opp - Right-thru,,Other angle,Car (sedan/hatch),Car (sedan/hatch),2,0,1,0,1,8,August,Winter,Thursday,18:00 - 19:59,PM peak / evening commute,True,False,True,True
1363535,Injury,Minor/Other Injury,2024,2024,September,Monday,14:00 - 15:59,KIEWA,ST,100,South,WILSON,ST,ALBURY,,No,Not a school zone,2-way undivided,-36.077449,146.91625,Albury,Country urban,Rest of NSW - Urban,Straight,,,,Nil,Sealed,Dry,Fine,Daylight,Nil,No traffic controls,50 km/h,Local,30,Rear end,301,Same - Rear end,,Rear end,Car (sedan/hatch),Car (sedan/hatch),2,0,0,0,1,9,September,Spring,Monday,14:00 - 15:59,Midday / afternoon,False,False,True,True
1363539,Injury,Serious Injury,2024,2024,September,Tuesday,06:00 - 07:59,COLLINS,PROM,300,South,OXFORD,RD,INGLEBURN,680.0,No,Not a school zone,2-way undivided,-34.008796,150.874506,Campbelltown,Sydney metro. area,Syd-Newc-Woll Gtr conurbation,Straight,,,,Off,Sealed,Dry,Fine,Daylight,Nil,No traffic controls,60 km/h,State,30,Rear end,301,Same - Rear end,,Rear end,Light truck utility(from 2018),Station wagon,3,0,2,0,0,9,September,Spring,Tuesday,06:00 - 07:59,AM peak / school commute,True,False,True,True
1363540,Injury,Moderate Injury,2024,2024,August,Friday,16:00 - 17:59,LOOKOUT,RD,0,Right on the spot,CARDIFF ROAD,TO,NEW LAMBTON HEIGHTS,23.0,Yes,No,Divided road,-32.935326,151.689117,Newcastle,Newcastle met. area,Syd-Newc-Woll Gtr conurbation,Straight,Climb/merge lane,,,Off,Sealed,Dry,Fine,Daylight,Nil,No traffic controls,70 km/h,State,34,Lane change right,306,Same - Lane change right,,Other angle,4 wheel drive / SUV,Motorcycle,2,0,0,1,0,8,August,Winter,Friday,16:00 - 17:59,PM peak / evening commute,True,False,True,True