crash_id,degree_of_crash,degree_of_crash_-_detailed,reporting_year,year_of_crash,month_of_crash,day_of_week_of_crash,two-hour_intervals,street_of_crash,street_type,distance,direction,identifying_feature,identifying_feature_type,town,route_no.,school_zone_location,school_zone_active,type_of_location,latitude,longitude,lga,urbanisation,conurbation_1,alignment,primary_permanent_feature,primary_temporary_feature,primary_hazardous_feature,street_lighting,road_surface,surface_condition,weather,natural_lighting,signals_operation,other_traffic_control,speed_limit,road_classification_(admin),rum_-_code,rum_-_description,dca_-_code,dca_-_description,dca_supplement,first_impact_type,key_tu_type,other_tu_type,no._of_traffic_units_involved,no._killed,no._seriously_injured,no._moderately_injured,no._minor-other_injured,month_num,month_label,season,day_label,time_label,time_band,is_peak_commute,is_fatal,is_injury,is_casualty
1363541,Injury,Minor/Other Injury,2024,2024,September,Tuesday,08:00 - 09:59,OLD OAKS,RD,340,West,MONTPELIER,DR,THE OAKS,,No,Not a school zone,2-way undivided,-34.102441,150.560759,Wollondilly,Country non-urban,Syd-Newc-Woll Gtr conurbation,Straight,Embankment/cutting,,,Nil,Sealed,Dry,Fine,Daylight,Nil,No traffic controls,100 km/h,Local,73,Off rd rght => obj,704,Right off cway into obj,,Vehicle - Object,4 wheel drive / SUV,,1,0,0,0,2,9,September,Spring,Tuesday,08:00 - 09:59,AM peak / school commute,True,False,True,True
1363542,Injury,Minor/Other Injury,2024,2024,September,Friday,06:00 - 07:59,TURTON,RD,0,Right on the spot,CHRISTO,RD,WARATAH,326.0,No,Not a school zone,X-intersection,-32.910665,151.726712,Newcastle,Newcastle met. area,Syd-Newc-Woll Gtr conurbation,Straight,,,,On,Sealed,Dry,Fine,Dawn,On,No traffic controls,60 km/h,State,10,Cross traffic,101,Adj - Cross traffic,,Right angle,Utility,Station wagon,2,0,0,0,1,9,September,Spring,Friday,06:00 - 07:59,AM peak / school commute,True,False,True,True
1363545,Injury,Serious Injury,2024,2024,September,Wednesday,20:00 - 21:59,WINDSOR,RD,0,Right on the spot,NUMBER 755,HN,BOX HILL,184.0,No,Not a school zone,Divided road,-33.660525,150.886918,The Hills,Sydney metro. area,Syd-Newc-Woll Gtr conurbation,Straight,,,,On,Sealed,Wet,Overcast,Darkness,Nil,No traffic controls,80 km/h,State,73,Off rd rght => obj,704,Right off cway into obj,,Vehicle - Object,Car (sedan/hatch),,1,0,1,0,0,9,September,Spring,Wednesday,20:00 - 21:59,Evening / night,False,False,True,True
1363546,Injury,Moderate Injury,2024,2024,August,Friday,18:00 - 19:59,NEW CANTERBURY,RD,0,Right on the spot,BEACH,RD,DULWICH HILL,167.0,No,Not a school zone,X-intersection,-33.903885,151.140963,Inner West,Sydney metro. area,Syd-Newc-Woll Gtr conurbation,Straight,,,,On,Sealed,Dry,Fine,Dusk,On,No traffic controls,60 km/h,State,21,Right through,202,Opp - Right-thru,,Other angle,Car (sedan/hatch),Motor scooter,2,0,0,1,0,8,August,Winter,Friday,18:00 - 19:59,PM peak / evening commute,True,False,True,True
1363547,Injury,Serious Injury,2024,2024,September,Sunday,12:00 - 13:59,BANNOCKBURN,RD,0,Right on the spot,BUTLER,ST,INVERELL,187.0,No,Not a school zone,X-intersection,-29.767639,151.102588,Inverell,Country urban,Rest of NSW - Urban,Straight,Steep grade,,,Nil,Sealed,Dry,Fine,Daylight,Nil,Give way sign,50 km/h,Regional,10,Cross traffic,101,Adj - Cross traffic,,Right angle,4 wheel drive / SUV,4 wheel drive / SUV,2,0,1,0,0,9,September,Spring,Sunday,12:00 - 13:59,Midday / afternoon,False,False,True,True
1363550,Injury,Minor/Other Injury,2024,2024,September,Sunday,14:00 - 15:59,MINJUNGBAL,DR,240,South,SHALLOW BAY,DR,TWEED HEADS SOUTH,,No,Not a school zone,Other,-28.208012,153.544909,Tweed,Country urban,Rest of NSW - Urban,Straight,Driveway/entrance,,,Off,Sealed,Dry,Fine,Daylight,Nil,No traffic controls,60 km/h,Local,47,Emerging from drive,406,Manov - Emerging from driveway,,Right angle,Light truck utility(from 2018),Pedal cycle,2,0,0,0,1,9,September,Spring,Sunday,14:00 - 15:59,Midday / afternoon,False,False,True,True
1363556,Injury,Moderate Injury,2024,2024,September,Friday,16:00 - 17:59,SUMMERLAND,WAY,20,North,STRATHEDEN,ST,KYOGLE,83.0,No,Not a school zone,2-way undivided,-28.621635,153.003924,Kyogle,Country urban,Rest of NSW - Urban,Straight,,,,Unknown / not stated,Sealed,Unknown,Unknown,Daylight,Nil,Ped crossing,50 km/h,State,3,Ped on carriageway,4,Ped - On carriageway,,Vehicle - Pedestrian,Light truck utility(from 2018),Pedestrian,2,0,0,1,0,9,September,Spring,Friday,16:00 - 17:59,PM peak / evening commute,True,False,True,True
1363557,Injury,Minor/Other Injury,2024,2024,August,Sunday,12:00 - 13:59,WAITARA,AVE,0,Right on the spot,NUMBER 3,HN,WAITARA,,No,Not a school zone,2-way undivided,-33.70953,151.105324,Hornsby,Sydney metro. area,Syd-Newc-Woll Gtr conurbation,Straight,Driveway/entrance,,,Nil,Sealed,Wet,Overcast,Daylight,Nil,No traffic controls,50 km/h,Local,0,Ped nearside,1,Ped - Near side,,Vehicle - Pedestrian,Utility,Pedestrian,2,0,0,0,1,8,August,Winter,Sunday,12:00 - 13:59,Midday / afternoon,False,False,True,True
1363562,Injury,Moderate Injury,2024,2024,September,Saturday,08:00 - 09:59,MINJUNGBAL,DR,0,Right on the spot,STORAGE KING,ENT,TWEED HEADS SOUTH,,No,Not a school zone,1-way street,-28.209351,153.545069,Tweed,Country urban,Rest of NSW - Urban,Curved,Foot/cycle path/nature strip,,,Off,Sealed,Unknown,Unknown,Daylight,Nil,No traffic controls,60 km/h,Local,48,From footpath,408,Manov - From footway,,Other angle,Pedal cycle,Light truck utility(from 2018),2,0,0,1,0,9,September,Spring,Saturday,08:00 - 09:59,AM peak / school commute,True,False,True,True
1363564,Injury,Minor/Other Injury,2024,2024,September,Sunday,02:00 - 03:59,BARRETT,ST,0,Right on the spot,MILITARY,RD,GUILDFORD,,No,Not a school zone,T-junction,-33.851067,150.986463,Cumberland,Sydney metro. area,Syd-Newc-Woll Gtr conurbation,Straight,,,,On,Sealed,Dry,Fine,Darkness,Nil,No traffic controls,50 km/h,Local,71,Off rd left => obj,703,Left off cway into object,,Other angle,Car (sedan/hatch),Car (sedan/hatch),2,0,0,0,1,9,September,Spring,Sunday,02:00 - 03:59,Late night / early morning,False,False,True,True
1363565,Injury,Moderate Injury,2024,2024,September,Tuesday,16:00 - 17:59,JENOLAN CAVES,RD,490,East,MCKANES FALLS,RD,HARTLEY,253.0,No,Not a school zone,2-way undivided,-33.567998,150.1235,Lithgow,Country urban,Rest of NSW - Urban,Curved,Embankment/cutting,,,Nil,Sealed,Dry,Fine,Daylight,Nil,No traffic controls,80 km/h,State,87,Off lft/lft bnd=>obj,804,Off left bend into obj,Left,Vehicle - Object,B-double (road train prior 98),,1,0,0,1,0,9,September,Spring,Tuesday,16:00 - 17:59,PM peak / evening commute,True,False,True,True
1363570,Injury,Serious Injury,2024,2024,September,Monday,14:00 - 15:59,CAMPBELL,ST,0,Right on the spot,KEIRA,ST,WOLLONGONG,,Yes,No,Roundabout,-34.419692,150.894296,Wollongong,Wollongong met. area,Syd-Newc-Woll Gtr conurbation,Straight,,,,Off,Sealed,Dry,Fine,Daylight,Nil,Give way sign,50 km/h,Local,21,Right through,202,Opp - Right-thru,,Other angle,Motorcycle,Car (sedan/hatch),2,0,1,0,0,9,September,Spring,Monday,14:00 - 15:59,Midday / afternoon,False,False,True,True
1363574,Injury,Minor/Other Injury,2024,2024,July,Saturday,10:00 - 11:59,STAFFORD,RD,0,Right on the spot,NUMBER 8,HN,ARTARMON,,No,Not a school zone,2-way undivided,-33.803177,151.192456,Willoughby,Sydney metro. area,Syd-Newc-Woll Gtr conurbation,Straight,Driveway/entrance,,,Nil,Sealed,Dry,Fine,Daylight,Nil,No traffic controls,50 km/h,Local,7,Driveway,7,Ped - driveway,,Vehicle - Pedestrian,Car (sedan/hatch),Pedestrian,2,0,0,0,1,7,July,Winter,Saturday,10:00 - 11:59,Midday / afternoon,False,False,True,True
1363575,Injury,Moderate Injury,2024,2024,September,Tuesday,06:00 - 07:59,CUMBERLAND,HWY,200,North,WOODPARK,RD,SMITHFIELD,13.0,No,Not a school zone,Divided road,-33.837981,150.957815,Cumberland,Sydney metro. area,Syd-Newc-Woll Gtr conurbation,Straight,Steep grade,,,On,Sealed,Dry,Fine,Daylight,Nil,No traffic controls,70 km/h,State,30,Rear end,301,Same - Rear end,,Rear end,Car (sedan/hatch),4 wheel drive / SUV,3,0,0,1,0,9,September,Spring,Tuesday,06:00 - 07:59,AM peak / school commute,True,False,True,True
1363579,Injury,Moderate Injury,2024,2024,September,Thursday,12:00 - 13:59,MAITLAND,RD,0,Right on the spot,BARTON,ST,MAYFIELD,464.0,No,Not a school zone,X-intersection,-32.896539,151.735647,Newcastle,Newcastle met. area,Syd-Newc-Woll Gtr conurbation,Straight,,,,Off,Sealed,Dry,Fine,Daylight,Nil,Give way sign,60 km/h,Regional,21,Right through,202,Opp - Right-thru,,Other angle,Car (sedan/hatch),Car (sedan/hatch),2,0,0,1,0,9,September,Spring,Thursday,12:00 - 13:59,Midday / afternoon,False,False,True,True
1363581,Injury,Moderate Injury,2024,2024,August,Monday,14:00 - 15:59,HIGH,ST,35,West,KENDALL,ST,PENRITH,,Yes,No,2-way undivided,-33.75574,150.707161,Penrith,Sydney metro. area,Syd-Newc-Woll Gtr conurbation,Straight,,,,Off,Sealed,Dry,Fine,Daylight,Nil,Ped crossing,50 km/h,Local,0,Ped nearside,1,Ped - Near side,,Vehicle - Pedestrian,Car (sedan/hatch),Pedestrian,2,0,0,1,0,8,August,Winter,Monday,14:00 - 15:59,Midday / afternoon,False,False,True,True
1363582,Injury,Serious Injury,2024,2024,September,Tuesday,20:00 - 21:59,BRUXNER,HWY,150,East,DUCK CREEK MOUNTAIN,RD,ALSTONVILLE,16.0,No,Not a school zone,2-way undivided,-28.863874,153.474489,Ballina,Country non-urban,Rest of NSW - Rural,Curved,Embankment/cutting,,,On,Sealed,Dry,Fine,Darkness,Nil,No traffic controls,100 km/h,State,80,Off left/right bend,801,Off cway right bend,Left,Rollover,Station wagon,,1,0,1,0,0,9,September,Spring,Tuesday,20:00 - 21:59,Evening / night,False,False,True,True
1363583,Injury,Serious Injury,2024,2024,September,Thursday,06:00 - 07:59,RILEY,ST,100,South,WILLIAM,ST,DARLINGHURST,,No,Not a school zone,2-way undivided,-33.875111,151.215184,Sydney,Sydney metro. area,Syd-Newc-Woll Gtr conurbation,Straight,Driveway/entrance,,,Off,Sealed,Dry,Fine,Daylight,Nil,No traffic controls,40 km/h,Local,88,Out of cont on bend,707,Right turn,,Rollover,Motorcycle,,1,0,1,0,0,9,September,Spring,Thursday,06:00 - 07:59,AM peak / school commute,True,False,True,True
1363586,Injury,Minor/Other Injury,2024,2024,August,Saturday,12:00 - 13:59,EDWIN LAND,PKWY,0,Right on the spot,JERRABOMBERRA,PKWY,JERRABOMBERRA,,No,Not a school zone,Roundabout,-35.383017,149.200488,Queanbeyan-Palerang Regional,Country urban,Rest of NSW - Urban,Curved,,,,Off,Sealed,Dry,Fine,Daylight,Nil,Give way sign,50 km/h,Local,85,Off rt/lft bnd=>obj,804,Off left bend into obj,Right,Vehicle - Object,Car (sedan/hatch),,1,0,0,0,1,8,August,Winter,Saturday,12:00 - 13:59,Midday / afternoon,False,False,True,True
1363589,Injury,Minor/Other Injury,2024,2024,August,Wednesday,06:00 - 07:59,ELIZABETH,DR,0,Right on the spot,BONNYRIGG,AVE,BONNYRIGG,535.0,No,Not a school zone,T-junction,-33.890476,150.884956,Fairfield,Sydney metro. area,Syd-Newc-Woll Gtr conurbation,Straight,,,,Nil,Sealed,Dry,Fine,Dawn,On,No traffic controls,70 km/h,State,30,Rear end,301,Same - Rear end,,Rear end,Light truck,Passenger van,2,0,0,0,1,8,August,Winter,Wednesday,06:00 - 07:59,AM peak / school commute,True,False,True,True
1363591,Injury,Moderate Injury,2024,2024,September,Thursday,08:00 - 09:59,LOUTH PARK,RD,200,South,PARK,ST,SOUTH MAITLAND,,No,Not a school zone,2-way undivided,-32.748222,151.558985,Maitland,Country urban,Rest of NSW - Urban,Straight,Driveway/entrance,,,Off,Sealed,Dry,Fine,Daylight,Nil,No traffic controls,60 km/h,Local,71,Off rd left => obj,703,Left off cway into object,,Vehicle - Object,4 wheel drive / SUV,,1,0,0,1,0,9,September,Spring,Thursday,08:00 - 09:59,AM peak / school commute,True,False,True,True
1363592,Injury,Moderate Injury,2024,2024,September,Monday,12:00 - 13:59,CANAVAN,DR,0,Right on the spot,NUMBER 48,HN,BERESFIELD,,No,Not a school zone,2-way undivided,-32.795051,151.63179,Newcastle,Newcastle met. area,Syd-Newc-Woll Gtr conurbation,Curved,,,,Off,Sealed,Dry,Fine,Daylight,Nil,No traffic controls,50 km/h,Local,81,Off left/rt bnd=>obj,803,Off right bend into obj,Left,Other angle,Car (sedan/hatch),Car (sedan/hatch),3,0,0,1,0,9,September,Spring,Monday,12:00 - 13:59,Midday / afternoon,False,False,True,True
1363594,Injury,Serious Injury,2024,2024,August,Friday,20:00 - 21:59,HONEY EATER,DR,0,Right on the spot,NUMBER 5,HN,BLACKBUTT,,No,Not a school zone,2-way undivided,-34.572424,150.833771,Shellharbour,Wollongong met. area,Syd-Newc-Woll Gtr conurbation,Curved,Steep grade,,,On,Sealed,Dry,Fine,Darkness,Nil,No traffic controls,50 km/h,Local,81,Off left/rt bnd=>obj,803,Off right bend into obj,Left,Vehicle - Object,Car (sedan/hatch),,1,0,2,0,1,8,August,Winter,Friday,20:00 - 21:59,Evening / night,False,False,True,True
1363597,Injury,Serious Injury,2024,2024,August,Friday,06:00 - 07:59,BELMORE,RD,0,Right on the spot,SOUTH WESTERN,EXP,RIVERWOOD,2050.0,No,Not a school zone,T-junction,-33.943115,151.053799,Canterbury-Bankstown,Sydney metro. area,Syd-Newc-Woll Gtr conurbation,Straight,Other bridge,,,Unknown / not stated,Sealed,Unknown,Unknown,Daylight,On,No traffic controls,50 km/h,Regional,21,Right through,202,Opp - Right-thru,,Other angle,Light truck utility(from 2018),Car (sedan/hatch),2,0,1,0,0,8,August,Winter,Friday,06:00 - 07:59,AM peak / school commute,True,False,True,True
1363601,Injury,Serious Injury,2024,2024,August,Thursday,10:00 - 11:59,NEWELL,HWY,0,Right on the spot,SMITHFIELD,LANE,NARRABRI,17.0,No,Not a school zone,T-junction,-30.144408,149.808156,Narrabri,Country urban,Rest of NSW - Urban,Straight,Painted double centre lines,Roadwks/Detour/Diverson,,Nil,Sealed,Dry,Fine,Daylight,Nil,No traffic controls,80 km/h,State,20,Head on,201,Opp - Head on,,Head-on,Light truck utility(from 2018),B-double (road train prior 98),2,0,1,1,0,8,August,Winter,Thursday,10:00 - 11:59,Midday / afternoon,False,False,True,True
1363602,Injury,Moderate Injury,2024,2024,August,Thursday,00:01 - 01:59,FOREST,RD,10,North,SHIRLEY,ST,BEXLEY,168.0,No,Not a school zone,T-junction,-33.957071,151.118093,Bayside,Sydney metro. area,Syd-Newc-Woll Gtr conurbation,Straight,,,,On,Sealed,Dry,Fine,Darkness,Nil,Give way sign,60 km/h,State,71,Off rd left => obj,703,Left off cway into object,,Other angle,4 wheel drive / SUV,Car (sedan/hatch),3,0,0,1,0,8,August,Winter,Thursday,00:01 - 01:59,Late night / early morning,False,False,True,True
1363603,Injury,Minor/Other Injury,2024,2024,September,Thursday,20:00 - 21:59,CANTERBURY,RD,0,Right on the spot,GRIFFITHS,ST,ASHFIELD,167.0,No,Not a school zone,X-intersection,-33.904703,151.128568,Inner West,Sydney metro. area,Syd-Newc-Woll Gtr conurbation,Straight,,,,Nil,Sealed,Dry,Fine,Darkness,On,No traffic controls,60 km/h,State,10,Cross traffic,101,Adj - Cross traffic,,Right angle,Car (sedan/hatch),Car (sedan/hatch),2,0,0,0,1,9,September,Spring,Thursday,20:00 - 21:59,Evening / night,False,False,True,True
1363606,Injury,Serious Injury,2024,2024,September,Thursday,16:00 - 17:59,NELSON BAY,RD,1600,South,MARSH,RD,BOBS FARM,108.0,No,Not a school zone,Divided road,-32.777504,152.003347,Port Stephens,Country urban,Rest of NSW - Urban,Straight,,,,Off,Sealed,Wet,Raining,Daylight,Nil,No traffic controls,80 km/h,State,71,Off rd left => obj,703,Left off cway into object,,Vehicle - Object,Car (sedan/hatch),,1,0,1,0,0,9,September,Spring,Thursday,16:00 - 17:59,PM peak / evening commute,True,False,True,True
1363609,Injury,Serious Injury,2024,2024,September,Saturday,18:00 - 19:59,CHIFLEY,RD,500,West,PETRA,AVE,CLARENCE,516.0,No,Not a school zone,2-way undivided,-33.479292,150.219116,Lithgow,Country urban,Rest of NSW - Urban,Curved,Painted double centre lines,,,Nil,Sealed,Dry,Fine,Darkness,Nil,No traffic controls,80 km/h,State,20,Head on,201,Opp - Head on,,Head-on,Car (sedan/hatch),Light truck utility(from 2018),2,0,2,0,3,9,September,Spring,Saturday,18:00 - 19:59,PM peak / evening commute,True,False,True,True
1363610,Injury,Moderate Injury,2024,2024,August,Tuesday,18:00 - 19:59,CLYDE,ST,15,South,SECOND,ST,GRANVILLE,7101.0,No,Not a school zone,2-way undivided,-33.838483,151.014445,Cumberland,Sydney metro. area,Syd-Newc-Woll Gtr conurbation,Straight,Driveway/entrance,,,On,Sealed,Dry,Fine,Darkness,Nil,No traffic controls,60 km/h,Regional,47,Emerging from drive,406,Manov - Emerging from driveway,,Right angle,Station wagon,Car (sedan/hatch),2,0,0,1,0,8,August,Winter,Tuesday,18:00 - 19:59,PM peak / evening commute,True,False,True,True
1363612,Injury,Serious Injury,2024,2024,September,Sunday,12:00 - 13:59,BURRAGORANG,RD,880,West,DAIRY,RD,THE OAKS,,No,Not a school zone,2-way undivided,-34.074276,150.534111,Wollondilly,Country urban,Syd-Newc-Woll Gtr conurbation,Curved,Steep grade,,Loose gravel shoulder,Off,Sealed,Dry,Fine,Daylight,Nil,No traffic controls,80 km/h,Local,80,Off left/right bend,801,Off cway right bend,Left,Rollover,Motorcycle,,1,0,1,0,0,9,September,Spring,Sunday,12:00 - 13:59,Midday / afternoon,False,False,True,True
1363613,Injury,Minor/Other Injury,2024,2024,September,Friday,08:00 - 09:59,BAYLY,ST,0,Right on the spot,LUCAN,ST,MULWALA,,No,Not a school zone,X-intersection,-35.99149,145.995708,Federation,Country urban,Rest of NSW - Urban,Straight,,,,Nil,Sealed,Dry,Fine,Daylight,Nil,Give way sign,50 km/h,Local,10,Cross traffic,101,Adj - Cross traffic,,Right angle,Light truck utility(from 2018),Light truck utility(from 2018),2,0,0,0,1,9,September,Spring,Friday,08:00 - 09:59,AM peak / school commute,True,False,True,True
1363614,Injury,Moderate Injury,2024,2024,September,Saturday,12:00 - 13:59,THE LAKES,WAY,0,Right on the spot,SANTA BARBARA PICNIC AREA,ENT,FORSTER,111.0,No,Not a school zone,2-way undivided,-32.290584,152.521418,Mid-Coast,Country non-urban,Rest of NSW - Rural,Straight,Driveway/entrance,,,Nil,Sealed,Dry,Fine,Daylight,Nil,No traffic controls,100 km/h,Regional,53,Overtake turning,506,Ovtak - Overtaking right turn,,Other angle,Motorcycle,Light truck,2,0,0,1,0,9,September,Spring,Saturday,12:00 - 13:59,Midday / afternoon,False,False,True,True
1363616,Injury,Moderate Injury,2024,2024,September,Monday,02:00 - 03:59,GREAT WESTERN,HWY,0,Right on the spot,MARLBOROUGH,RD,HOMEBUSH WEST,5.0,No,Not a school zone,T-junction,-33.85845,151.069509,Strathfield,Sydney metro. area,Syd-Newc-Woll Gtr conurbation,Straight,Underpass/tunnel,Police pursuit,,On,Sealed,Dry,Fine,Darkness,On,No traffic controls,60 km/h,State,21,Right through,202,Opp - Right-thru,,Other angle,4 wheel drive / SUV,Car (sedan/hatch),2,0,0,1,0,9,September,Spring,Monday,02:00 - 03:59,Late night / early morning,False,False,True,True
1363617,Injury,Moderate Injury,2024,2024,September,Monday,22:00 - Midnight,GREAT WESTERN,HWY,0,Right on the spot,COLEMAN,ST,SOUTH WENTWORTHVILLE,5.0,No,Not a school zone,X-intersection,-33.818035,150.981769,Cumberland,Sydney metro. area,Syd-Newc-Woll Gtr conurbation,Straight,,,,On,Sealed,Dry,Fine,Darkness,On,No traffic controls,60 km/h,State,21,Right through,202,Opp - Right-thru,,Other angle,4 wheel drive / SUV,Car (sedan/hatch),2,0,0,1,0,9,September,Spring,Monday,22:00 - Midnight,Evening / night,False,False,True,True
1363618,Injury,Serious Injury,2024,2024,September,Saturday,14:00 - 15:59,PUTTY,RD,14250,North,COMMISSION,RD,HOWES VALLEY,503.0,No,Not a school zone,2-way undivided,-32.807936,150.899306,Singleton,Country urban,Rest of NSW - Urban,Curved,Steep grade,,,Nil,Sealed,Dry,Fine,Daylight,Nil,No traffic controls,80 km/h,State,81,Off left/rt bnd=>obj,803,Off right bend into obj,Left,Vehicle - Object,Motorcycle,,1,0,1,0,0,9,September,Spring,Saturday,14:00 - 15:59,Midday / afternoon,False,False,True,True
1363620,Injury,Moderate Injury,2024,2024,September,Tuesday,08:00 - 09:59,WEST,RD,80,West,NIMBIN,RD,NIMBIN,,No,Not a school zone,2-way undivided,-28.604468,153.213239,Lismore,Country urban,Rest of NSW - Urban,Curved,Steep grade,,,Nil,Sealed,Dry,Fine,Daylight,Nil,No traffic controls,70 km/h,Local,5,Ped walk against,6,Ped - Facing traffic,,Vehicle - Pedestrian,Light truck utility(from 2018),Pedestrian,2,0,0,1,0,9,September,Spring,Tuesday,08:00 - 09:59,AM peak / school commute,True,False,True,True
1363622,Injury,Minor/Other Injury,2024,2024,August,Sunday,00:01 - 01:59,HUME,HWY,0,Right on the spot,COBDEN,ST,ENFIELD,2.0,No,Not a school zone,T-junction,-33.886343,151.096292,Burwood,Sydney metro. area,Syd-Newc-Woll Gtr conurbation,Straight,,,,On,Sealed,Dry,Fine,Darkness,Nil,No traffic controls,60 km/h,State,71,Off rd left => obj,703,Left off cway into object,,Vehicle - Object,4 wheel drive / SUV,,1,0,0,0,1,8,August,Winter,Sunday,00:01 - 01:59,Late night / early morning,False,False,True,True
1363624,Injury,Serious Injury,2024,2024,August,Saturday,10:00 - 11:59,BERNERA,RD,0,Right on the spot,YARRUNGA,ST,PRESTONS,7262.0,No,Not a school zone,X-intersection,-33.938474,150.868113,Liverpool,Sydney metro. area,Syd-Newc-Woll Gtr conurbation,Straight,,,,Off,Sealed,Dry,Fine,Daylight,On,No traffic controls,60 km/h,Regional,10,Cross traffic,101,Adj - Cross traffic,,Right angle,Car (sedan/hatch),Light truck utility(from 2018),2,0,1,0,0,8,August,Winter,Saturday,10:00 - 11:59,Midday / afternoon,False,False,True,True
1363625,Injury,Moderate Injury,2024,2024,September,Sunday,18:00 - 19:59,POWELL,ST,0,Right on the spot,VILLIERS,ST,GRAFTON,,No,Not a school zone,X-intersection,-29.683499,152.944964,Clarence Valley,Country urban,Rest of NSW - Urban,Straight,,,,On,Sealed,Dry,Fine,Darkness,Nil,Give way sign,50 km/h,Local,20,Head on,201,Opp - Head on,,Head-on,Light truck utility(from 2018),4 wheel drive / SUV,2,0,0,1,2,9,September,Spring,Sunday,18:00 - 19:59,PM peak / evening commute,True,False,True,True
1363628,Injury,Moderate Injury,2024,2024,September,Sunday,10:00 - 11:59,WISEMANS FERRY,RD,100,East,EASTERN COMMISSION,TRL,SPENCER,225.0,No,Not a school zone,2-way undivided,-33.467912,151.089713,Central Coast,Country urban,Syd-Newc-Woll Gtr conurbation,Curved,,,Loose gravel shoulder,Nil,Sealed,Dry,Fine,Daylight,Nil,No traffic controls,60 km/h,Regional,88,Out of cont on bend,805,Out of control on bend,,Rollover,Motorcycle,,1,0,0,1,0,9,September,Spring,Sunday,10:00 - 11:59,Midday / afternoon,False,False,True,True
1363630,Injury,Serious Injury,2024,2024,September,Tuesday,04:00 - 05:59,RICHMOND,RD,300,South,LLANDILO,RD,BERKSHIRE PARK,537.0,No,Not a school zone,2-way undivided,-33.661219,150.797312,Penrith,Sydney metro. area,Syd-Newc-Woll Gtr conurbation,Straight,Painted double centre lines,,,Nil,Sealed,Dry,Fine,Dawn,Nil,No traffic controls,80 km/h,State,20,Head on,201,Opp - Head on,,Head-on,Car (sedan/hatch),Car (sedan/hatch),3,0,2,1,0,9,September,Spring,Tuesday,04:00 - 05:59,Late night / early morning,False,False,True,True
1363632,Injury,Moderate Injury,2024,2024,August,Saturday,00:01 - 01:59,ST MARYS,RD,90,East,FOURTH,RD,BERKSHIRE PARK,7166.0,No,Not a school zone,2-way undivided,-33.676323,150.789266,Penrith,Sydney metro. area,Syd-Newc-Woll Gtr conurbation,Straight,Driveway/entrance,,,Off,Sealed,Dry,Fine,Darkness,Nil,No traffic controls,80 km/h,Regional,71,Off rd left => obj,703,Left off cway into object,,Vehicle - Object,Car (sedan/hatch),,1,0,0,1,0,8,August,Winter,Saturday,00:01 - 01:59,Late night / early morning,False,False,True,True
1363634,Injury,Minor/Other Injury,2024,2024,September,Saturday,16:00 - 17:59,DUMARESQ,ST,100,East,MARSH,ST,ARMIDALE,,No,Not a school zone,2-way undivided,-30.512843,151.670686,Armidale Regional,Country urban,Rest of NSW - Urban,Straight,,,,Off,Sealed,Dry,Fine,Daylight,Nil,No traffic controls,50 km/h,Local,71,Off rd left => obj,703,Left off cway into object,,Vehicle - Object,Car (sedan/hatch),,1,0,0,0,1,9,September,Spring,Saturday,16:00 - 17:59,PM peak / evening commute,True,False,True,True
1363641,Injury,Serious Injury,2024,2024,August,Thursday,16:00 - 17:59,FERRIER,RD,0,Right on the spot,WOODS,RD,YAGOONA,,No,Not a school zone,T-junction,-33.896619,151.013767,Canterbury-Bankstown,Sydney metro. area,Syd-Newc-Woll Gtr conurbation,Straight,,,,Off,Sealed,Dry,Fine,Daylight,Nil,Give way sign,50 km/h,Local,21,Right through,202,Opp - Right-thru,,Other angle,Car (sedan/hatch),Car (sedan/hatch),2,0,2,0,0,8,August,Winter,Thursday,16:00 - 17:59,PM peak / evening commute,True,False,True,True
1363642,Injury,Moderate Injury,2024,2024,September,Wednesday,10:00 - 11:59,BENELONG,CRES,0,Right on the spot,BIRRIGA,RD,BELLEVUE HILL,,No,Not a school zone,Roundabout,-33.88695,151.264231,Woollahra,Sydney metro. area,Syd-Newc-Woll Gtr conurbation,Curved,Crest,,,Nil,Sealed,Dry,Fine,Daylight,Nil,Give way sign,50 km/h,Local,11,Right far,102,Adj - Right-thru from left,,Right angle,Pedal cycle,Car (sedan/hatch),2,0,0,1,0,9,September,Spring,Wednesday,10:00 - 11:59,Midday / afternoon,False,False,True,True
1363644,Injury,Serious Injury,2024,2024,September,Friday,16:00 - 17:59,GOURLAYS,RD,1400,West,NOWENDOC,RD,NUMBER ONE,,No,Not a school zone,2-way undivided,-31.706548,152.047686,Mid-Coast,Country urban,Rest of NSW - Urban,Curved,Steep grade,,,Nil,Unsealed,Dry,Fine,Darkness,Nil,No traffic controls,50 km/h,Local,80,Off left/right bend,801,Off cway right bend,Left,Rollover,Tractor,,1,0,1,0,0,9,September,Spring,Friday,16:00 - 17:59,PM peak / evening commute,True,False,True,True
1363647,Injury,Moderate Injury,2024,2024,September,Tuesday,12:00 - 13:59,HUME,HWY,0,Right on the spot,GREENHILLS,ST,CROYDON,2.0,No,Not a school zone,T-junction,-33.886924,151.113265,Burwood,Sydney metro. area,Syd-Newc-Woll Gtr conurbation,Straight,,,,Nil,Sealed,Dry,Fine,Daylight,Nil,Give way sign,60 km/h,State,13,Right near,104,Adj - Right-thru from right,,Right angle,Car (sedan/hatch),Car (sedan/hatch),2,0,0,1,0,9,September,Spring,Tuesday,12:00 - 13:59,Midday / afternoon,False,False,True,True