crash_id,degree_of_crash,degree_of_crash_-_detailed,reporting_year,year_of_crash,month_of_crash,day_of_week_of_crash,two-hour_intervals,street_of_crash,street_type,distance,direction,identifying_feature,identifying_feature_type,town,route_no.,school_zone_location,school_zone_active,type_of_location,latitude,longitude,lga,urbanisation,conurbation_1,alignment,primary_permanent_feature,primary_temporary_feature,primary_hazardous_feature,street_lighting,road_surface,surface_condition,weather,natural_lighting,signals_operation,other_traffic_control,speed_limit,road_classification_(admin),rum_-_code,rum_-_description,dca_-_code,dca_-_description,dca_supplement,first_impact_type,key_tu_type,other_tu_type,no._of_traffic_units_involved,no._killed,no._seriously_injured,no._moderately_injured,no._minor-other_injured,month_num,month_label,season,day_label,time_label,time_band,is_peak_commute,is_fatal,is_injury,is_casualty
1363648,Injury,Moderate Injury,2024,2024,September,Friday,20:00 - 21:59,HUME,HWY,0,Right on the spot,GREENHILLS,ST,CROYDON,2.0,No,Not a school zone,T-junction,-33.886924,151.113265,Burwood,Sydney metro. area,Syd-Newc-Woll Gtr conurbation,Straight,,,,On,Sealed,Dry,Fine,Darkness,Nil,Give way sign,60 km/h,State,35,Lane change left,307,Same - Lane change left,,Other angle,Station wagon,Car (sedan/hatch),2,0,0,1,0,9,September,Spring,Friday,20:00 - 21:59,Evening / night,False,False,True,True
1363650,Injury,Moderate Injury,2024,2024,September,Friday,16:00 - 17:59,PRINCES,HWY,80,East,NELBA NELBA,RD,BEGA,1.0,No,Not a school zone,2-way undivided,-36.712366,149.827236,Bega Valley,Country non-urban,Rest of NSW - Rural,Straight,Steep grade,,,Nil,Sealed,Dry,Fine,Daylight,Nil,No traffic controls,100 km/h,State,30,Rear end,301,Same - Rear end,,Rear end,Station wagon,Car (sedan/hatch),2,0,0,1,0,9,September,Spring,Friday,16:00 - 17:59,PM peak / evening commute,True,False,True,True
1363651,Injury,Serious Injury,2024,2024,August,Thursday,18:00 - 19:59,PRINCES,HWY,0,Right on the spot,PRESIDENT,AVE,SUTHERLAND,1.0,No,Not a school zone,X-intersection,-34.035088,151.066132,Sutherland,Sydney metro. area,Syd-Newc-Woll Gtr conurbation,Straight,,,,On,Sealed,Dry,Fine,Darkness,On,No traffic controls,70 km/h,State,2,Ped far side,3,Ped - Far side,,Vehicle - Pedestrian,Car (sedan/hatch),Pedestrian,3,0,1,0,0,8,August,Winter,Thursday,18:00 - 19:59,PM peak / evening commute,True,False,True,True
1363653,Injury,Serious Injury,2024,2024,September,Friday,10:00 - 11:59,VICTORIA,RD,85,West,MONASH,RD,GLADESVILLE,165.0,No,Not a school zone,Divided road,-33.823313,151.122942,Ryde,Sydney metro. area,Syd-Newc-Woll Gtr conurbation,Straight,Driveway/entrance,,,Nil,Sealed,Wet,Overcast,Daylight,Nil,No traffic controls,60 km/h,State,37,Left turn sideswipe,309,Same - Left turn side swipe,,Other angle,4 wheel drive / SUV,Car (sedan/hatch),2,0,1,0,0,9,September,Spring,Friday,10:00 - 11:59,Midday / afternoon,False,False,True,True
1363654,Injury,Serious Injury,2024,2024,May,Friday,16:00 - 17:59,GREAT WESTERN,HWY,0,Right on the spot,LIVERPOOL PARRAMATTA TRANSITWAY,MS,SOUTH WENTWORTHVILLE,5.0,No,Not a school zone,T-junction,-33.816421,150.973158,Cumberland,Sydney metro. area,Syd-Newc-Woll Gtr conurbation,Straight,Bus/transit lane,Previous crash,,Nil,Sealed,Wet,Raining,Dusk,On,No traffic controls,80 km/h,State,30,Rear end,301,Same - Rear end,,Rear end,4 wheel drive / SUV,Car (sedan/hatch),4,0,2,0,0,5,May,Autumn,Friday,16:00 - 17:59,PM peak / evening commute,True,False,True,True
1363661,Injury,Moderate Injury,2024,2024,May,Monday,02:00 - 03:59,CRANEBROOK,RD,100,West,THE NORTHERN,RD,CRANEBROOK,630.0,No,Not a school zone,2-way undivided,-33.690187,150.726823,Penrith,Sydney metro. area,Syd-Newc-Woll Gtr conurbation,Straight,,,,Nil,Sealed,Dry,Overcast,Darkness,Nil,No traffic controls,80 km/h,State,0,Ped nearside,1,Ped - Near side,,Vehicle - Pedestrian,Car (sedan/hatch),Pedestrian,2,0,0,1,0,5,May,Autumn,Monday,02:00 - 03:59,Late night / early morning,False,False,True,True
1363664,Injury,Moderate Injury,2024,2024,May,Tuesday,06:00 - 07:59,SCENIC,DR,50,West,CHARLOTTE,ST,MEREWETHER,7777.0,No,Not a school zone,2-way undivided,-32.949055,151.745545,Newcastle,Newcastle met. area,Syd-Newc-Woll Gtr conurbation,Curved,Painted double centre lines,,,Nil,Sealed,Dry,Fine,Daylight,Nil,No traffic controls,50 km/h,Regional,20,Head on,201,Opp - Head on,,Head-on,Car (sedan/hatch),Light truck,2,0,0,1,0,5,May,Autumn,Tuesday,06:00 - 07:59,AM peak / school commute,True,False,True,True
1363665,Injury,Serious Injury,2024,2024,May,Thursday,14:00 - 15:59,OLD NORTHERN,RD,0,Right on the spot,ANGLICARE VILLAGE,ENT,CASTLE HILL,160.0,No,Not a school zone,2-way undivided,-33.729484,151.017445,Hornsby,Sydney metro. area,Syd-Newc-Woll Gtr conurbation,Straight,Driveway/entrance,,,Nil,Sealed,Dry,Fine,Daylight,Nil,No traffic controls,60 km/h,State,47,Emerging from drive,406,Manov - Emerging from driveway,,Right angle,Car (sedan/hatch),Motorcycle,3,0,1,0,0,5,May,Autumn,Thursday,14:00 - 15:59,Midday / afternoon,False,False,True,True
1363666,Injury,Moderate Injury,2024,2024,May,Thursday,16:00 - 17:59,KING,ST,0,Right on the spot,KEMBLAWARRA,RD,WARRAWONG,522.0,No,Not a school zone,T-junction,-34.492698,150.888524,Wollongong,Wollongong met. area,Syd-Newc-Woll Gtr conurbation,Straight,,,,Off,Sealed,Dry,Fine,Daylight,Nil,Give way sign,70 km/h,State,21,Right through,202,Opp - Right-thru,,Other angle,4 wheel drive / SUV,Light truck utility(from 2018),2,0,0,1,0,5,May,Autumn,Thursday,16:00 - 17:59,PM peak / evening commute,True,False,True,True
1363667,Injury,Moderate Injury,2024,2024,March,Monday,04:00 - 05:59,MULGOWRIE,RD,700,East,NUMBER 1670,HN,CROOKED CORNER,,No,Not a school zone,2-way undivided,-34.248234,149.150117,Upper Lachlan,Country non-urban,Rest of NSW - Rural,Straight,Ditch/drain/culvert,,,Nil,Unsealed,Wet,Fine,Darkness,Nil,No traffic controls,100 km/h,Local,71,Off rd left => obj,703,Left off cway into object,,Vehicle - Object,Passenger van,,1,0,0,1,0,3,March,Autumn,Monday,04:00 - 05:59,Late night / early morning,False,False,True,True
1363668,Injury,Moderate Injury,2024,2024,May,Sunday,00:01 - 01:59,BAYSWATER,RD,20,West,MCLACHLAN,AVE,RUSHCUTTERS BAY,173.0,No,Not a school zone,2-way undivided,-33.876237,151.228401,Sydney,Sydney metro. area,Syd-Newc-Woll Gtr conurbation,Straight,Bus stop,,,On,Sealed,Wet,Raining,Darkness,Nil,No traffic controls,60 km/h,State,71,Off rd left => obj,703,Left off cway into object,,Vehicle - Object,4 wheel drive / SUV,,1,0,0,1,0,5,May,Autumn,Sunday,00:01 - 01:59,Late night / early morning,False,False,True,True
1363670,Injury,Serious Injury,2024,2024,May,Thursday,22:00 - Midnight,BOUNDARY,RD,0,Right on the spot,O'DONNELLTOWN,RD,WEST WALLSEND,,No,Not a school zone,X-intersection,-32.905761,151.574639,Lake Macquarie,Newcastle met. area,Syd-Newc-Woll Gtr conurbation,Curved,,,,Nil,Sealed,Dry,Fine,Darkness,Nil,Give way sign,50 km/h,Local,81,Off left/rt bnd=>obj,707,Right turn,Left,Vehicle - Object,4 wheel drive / SUV,,1,0,2,0,0,5,May,Autumn,Thursday,22:00 - Midnight,Evening / night,False,False,True,True
1363671,Injury,Serious Injury,2024,2024,June,Wednesday,18:00 - 19:59,CAMDEN VALLEY,WAY,0,Right on the spot,HEATH,RD,LEPPINGTON,620.0,No,Not a school zone,X-intersection,-33.975822,150.809583,Camden,Sydney metro. area,Syd-Newc-Woll Gtr conurbation,Straight,,,,On,Sealed,Dry,Fine,Darkness,On,No traffic controls,80 km/h,State,21,Right through,202,Opp - Right-thru,,Other angle,Car (sedan/hatch),Car (sedan/hatch),3,0,1,0,0,6,June,Winter,Wednesday,18:00 - 19:59,PM peak / evening commute,True,False,True,True
1363674,Injury,Moderate Injury,2024,2024,June,Tuesday,20:00 - 21:59,GEORGE,ST,0,Right on the spot,GROSVENOR,ST,SYDNEY,,No,Not a school zone,X-intersection,-33.863556,151.207487,Sydney,Sydney metro. area,Syd-Newc-Woll Gtr conurbation,Straight,,,,On,Sealed,Dry,Fine,Darkness,On,No traffic controls,20 km/h,Local,10,Cross traffic,101,Adj - Cross traffic,,Right angle,4 wheel drive / SUV,Car (sedan/hatch),2,0,0,1,0,6,June,Winter,Tuesday,20:00 - 21:59,Evening / night,False,False,True,True
1363675,Injury,Minor/Other Injury,2024,2024,June,Thursday,20:00 - 21:59,WOODVILLE,RD,0,Right on the spot,WILLIAM,ST,GRANVILLE,640.0,No,Not a school zone,X-intersection,-33.834704,151.001928,Cumberland,Sydney metro. area,Syd-Newc-Woll Gtr conurbation,Straight,,,,On,Sealed,Wet,Raining,Darkness,On,No traffic controls,70 km/h,State,10,Cross traffic,101,Adj - Cross traffic,,Right angle,Car (sedan/hatch),Car (sedan/hatch),2,0,0,0,1,6,June,Winter,Thursday,20:00 - 21:59,Evening / night,False,False,True,True
1363677,Injury,Serious Injury,2024,2024,June,Saturday,22:00 - Midnight,MOSS VALE,RD,200,South,CULLEN,CRES,KANGAROO VALLEY,261.0,No,Not a school zone,2-way undivided,-34.731278,150.522784,Shoalhaven,Country urban,Rest of NSW - Urban,Curved,Painted double centre lines,,,On,Sealed,Wet,Fog or mist,Darkness,Nil,No traffic controls,60 km/h,State,20,Head on,201,Opp - Head on,,Head-on,Car (sedan/hatch),Motorcycle,2,0,1,1,0,6,June,Winter,Saturday,22:00 - Midnight,Evening / night,False,False,True,True
1363680,Injury,Serious Injury,2024,2024,June,Sunday,10:00 - 11:59,JAMES RUSE,DR,100,South,PROSPECT,ST,ROSEHILL,309.0,No,Not a school zone,Divided road,-33.824888,151.021172,Parramatta,Sydney metro. area,Syd-Newc-Woll Gtr conurbation,Straight,,,,Nil,Sealed,Wet,Overcast,Daylight,Nil,No traffic controls,70 km/h,State,20,Head on,201,Opp - Head on,,Head-on,Car (sedan/hatch),4 wheel drive / SUV,3,0,2,0,0,6,June,Winter,Sunday,10:00 - 11:59,Midday / afternoon,False,False,True,True
1363681,Injury,Serious Injury,2024,2024,July,Wednesday,10:00 - 11:59,NEWELL,HWY,0,Right on the spot,OXFORD,ST,FORBES,17.0,No,Not a school zone,T-junction,-33.392592,148.003929,Forbes,Country urban,Rest of NSW - Urban,Curved,,,,Nil,Sealed,Dry,Fine,Daylight,Nil,Give way sign,50 km/h,State,13,Right near,104,Adj - Right-thru from right,,Right angle,Car (sedan/hatch),B-double (road train prior 98),3,0,1,0,0,7,July,Winter,Wednesday,10:00 - 11:59,Midday / afternoon,False,False,True,True
1363683,Injury,Serious Injury,2024,2024,June,Saturday,08:00 - 09:59,PUTTY,RD,600,North,CULOUL RANGE,TRL,COLO HEIGHTS,503.0,No,Not a school zone,2-way undivided,-33.23807,150.647839,Hawkesbury,Country non-urban,Syd-Newc-Woll Gtr conurbation,Straight,Steep grade,,,Nil,Sealed,Wet,Overcast,Daylight,Nil,No traffic controls,100 km/h,State,71,Off rd left => obj,703,Left off cway into object,,Vehicle - Object,Passenger van,,1,0,2,1,0,6,June,Winter,Saturday,08:00 - 09:59,AM peak / school commute,True,False,True,True
1363684,Injury,Serious Injury,2024,2024,July,Wednesday,18:00 - 19:59,LAKE,RD,110,West,FERNHILL,RD,PORT MACQUARIE,,No,Not a school zone,Divided road,-31.448127,152.883193,Port Macquarie-Hastings,Country urban,Rest of NSW - Urban,Straight,Driveway/entrance,,,On,Sealed,Dry,Fine,Darkness,Nil,No traffic controls,50 km/h,Local,47,Emerging from drive,406,Manov - Emerging from driveway,,Right angle,4 wheel drive / SUV,Motorcycle,2,0,1,0,0,7,July,Winter,Wednesday,18:00 - 19:59,PM peak / evening commute,True,False,True,True
1363685,Injury,Moderate Injury,2024,2024,June,Monday,04:00 - 05:59,BEELBANGERA,RD,50,West,GRIBBLE,RD,YENDA,,No,Not a school zone,2-way undivided,-34.244831,146.167974,Griffith,Country non-urban,Rest of NSW - Rural,Straight,,,,Nil,Sealed,Dry,Fine,Darkness,Nil,No traffic controls,100 km/h,Local,70,Off road to left,701,Off carriageway to left,,Rollover,Motorcycle,,1,0,0,1,0,6,June,Winter,Monday,04:00 - 05:59,Late night / early morning,False,False,True,True
1363688,Injury,Moderate Injury,2024,2024,May,Saturday,20:00 - 21:59,BELL,CRES,0,Right on the spot,PINE,RD,FAIRFIELD,,No,Not a school zone,T-junction,-33.867784,150.96343,Cumberland,Sydney metro. area,Syd-Newc-Woll Gtr conurbation,Straight,,,,On,Sealed,Dry,Fine,Darkness,Nil,No traffic controls,50 km/h,Local,53,Overtake turning,506,Ovtak - Overtaking right turn,,Other angle,Motorcycle,4 wheel drive / SUV,2,0,0,1,0,5,May,Autumn,Saturday,20:00 - 21:59,Evening / night,False,False,True,True
1363689,Injury,Moderate Injury,2024,2024,June,Sunday,18:00 - 19:59,SOUTHERN,EXP,150,South,PRINCES HIGHWAY,OP,MADDENS PLAINS,6006.0,No,Not a school zone,Dual freeway,-34.24365,150.942323,Wollongong,Wollongong met. area,Syd-Newc-Woll Gtr conurbation,Straight,,,,Off,Sealed,Wet,Overcast,Darkness,Nil,No traffic controls,110 km/h,State,71,Off rd left => obj,703,Left off cway into object,,Vehicle - Object,Car (sedan/hatch),,2,0,0,1,0,6,June,Winter,Sunday,18:00 - 19:59,PM peak / evening commute,True,False,True,True
1363690,Injury,Serious Injury,2024,2024,July,Sunday,14:00 - 15:59,GLOWWORM TUNNEL,RD,6000,North,OLD COACH,RD,NEWNES PLATEAU,,No,Not a school zone,2-way undivided,-33.253632,150.221691,Lithgow,Country urban,Rest of NSW - Urban,Curved,Embankment/cutting,,,Off,Unsealed,Dry,Fine,Daylight,Nil,No traffic controls,50 km/h,Local,85,Off rt/lft bnd=>obj,804,Off left bend into obj,Right,Vehicle - Object,Motorcycle,,1,0,1,0,0,7,July,Winter,Sunday,14:00 - 15:59,Midday / afternoon,False,False,True,True
1363691,Injury,Moderate Injury,2024,2024,June,Friday,16:00 - 17:59,BUNNERONG,RD,0,Right on the spot,BIRDWOOD,AVE,PAGEWOOD,171.0,No,Not a school zone,T-junction,-33.933464,151.230307,Bayside,Sydney metro. area,Syd-Newc-Woll Gtr conurbation,Straight,,,,On,Sealed,Dry,Fine,Daylight,Nil,Stop sign,60 km/h,State,21,Right through,202,Opp - Right-thru,,Other angle,Utility,Car (sedan/hatch),2,0,0,1,1,6,June,Winter,Friday,16:00 - 17:59,PM peak / evening commute,True,False,True,True
1363693,Injury,Moderate Injury,2024,2024,July,Tuesday,12:00 - 13:59,PINNACLE,RD,660,South,WALLACE,LANE,CANOBOLAS,,No,Not a school zone,2-way undivided,-33.341982,149.056176,Orange,Country urban,Rest of NSW - Urban,Curved,Steep grade,,,Off,Sealed,Wet,Raining,Daylight,Nil,No traffic controls,80 km/h,Local,20,Head on,201,Opp - Head on,,Head-on,Light truck utility(from 2018),4 wheel drive / SUV,2,0,0,3,1,7,July,Winter,Tuesday,12:00 - 13:59,Midday / afternoon,False,False,True,True
1363694,Injury,Minor/Other Injury,2024,2024,May,Friday,18:00 - 19:59,SNOWY MOUNTAINS,HWY,0,Right on the spot,NUMBER 5669,HN,STEEPLE FLAT,4.0,No,Not a school zone,2-way undivided,-36.59545,149.33949,Snowy Monaro Regional,Country non-urban,Rest of NSW - Rural,Straight,,,,Unknown / not stated,Sealed,Dry,Fine,Dusk,Nil,No traffic controls,100 km/h,State,67,Struck animal,609,On path - Hit animal,,Vehicle - Animal,4 wheel drive / SUV,,1,0,0,0,1,5,May,Autumn,Friday,18:00 - 19:59,PM peak / evening commute,True,False,True,True
1363696,Injury,Moderate Injury,2024,2024,July,Saturday,22:00 - Midnight,TWEED COAST,RD,120,North,MORTON,ST,CHINDERAH,450.0,No,Not a school zone,Divided road,-28.245738,153.553949,Tweed,Country urban,Rest of NSW - Urban,Curved,,,,On,Sealed,Dry,Fine,Darkness,Nil,No traffic controls,60 km/h,Regional,30,Rear end,301,Same - Rear end,,Rear end,4 wheel drive / SUV,4 wheel drive / SUV,2,0,0,1,1,7,July,Winter,Saturday,22:00 - Midnight,Evening / night,False,False,True,True
1363697,Injury,Serious Injury,2024,2024,July,Monday,10:00 - 11:59,GADIGAL,AVE,0,Right on the spot,WOLSELEY,GR,ZETLAND,,No,Not a school zone,X-intersection,-33.905144,151.212223,Sydney,Sydney metro. area,Syd-Newc-Woll Gtr conurbation,Straight,Foot/cycle path/nature strip,,,Nil,Sealed,Dry,Fine,Daylight,On,No traffic controls,40 km/h,Local,6,Ped on footpath,8,Ped - On footway/median,,Vehicle - Pedestrian,Car (sedan/hatch),Pedestrian,4,0,2,1,0,7,July,Winter,Monday,10:00 - 11:59,Midday / afternoon,False,False,True,True
1363698,Injury,Serious Injury,2024,2024,July,Friday,14:00 - 15:59,SOUTH WESTERN,EXP,0,Right on the spot,COOKS RIVER,TU,ARNCLIFFE,6005.0,No,Not a school zone,Dual freeway,-33.943038,151.159825,Bayside,Sydney metro. area,Syd-Newc-Woll Gtr conurbation,Straight,Underpass/tunnel,,,On,Sealed,Dry,Fine,Daylight,Nil,No traffic controls,80 km/h,State,30,Rear end,301,Same - Rear end,,Rear end,4 wheel drive / SUV,Light truck,2,0,1,0,0,7,July,Winter,Friday,14:00 - 15:59,Midday / afternoon,False,False,True,True
1363699,Injury,Moderate Injury,2024,2024,July,Sunday,00:01 - 01:59,TUMBI,RD,5,North,ERIC MALOUF,CL,TUMBI UMBI,7756.0,No,Not a school zone,T-junction,-33.38159,151.446736,Central Coast,Country urban,Syd-Newc-Woll Gtr conurbation,Straight,,,,Nil,Sealed,Dry,Fine,Darkness,Nil,No traffic controls,70 km/h,Regional,71,Off rd left => obj,703,Left off cway into object,,Vehicle - Object,Light truck utility(from 2018),,1,0,0,1,0,7,July,Winter,Sunday,00:01 - 01:59,Late night / early morning,False,False,True,True
1363700,Injury,Minor/Other Injury,2024,2024,July,Friday,22:00 - Midnight,EAST,ST,110,South,BIMBADEEN,ST,EAST ALBURY,,No,Not a school zone,2-way undivided,-36.091945,146.932226,Albury,Country urban,Rest of NSW - Urban,Curved,Painted double centre lines,,,On,Sealed,Wet,Raining,Darkness,Nil,No traffic controls,60 km/h,Local,20,Head on,201,Opp - Head on,,Head-on,Car (sedan/hatch),Car (sedan/hatch),2,0,0,0,1,7,July,Winter,Friday,22:00 - Midnight,Evening / night,False,False,True,True
1363701,Injury,Serious Injury,2024,2024,July,Monday,04:00 - 05:59,BILGA,CRES,0,Right on the spot,NUMBER 119,HN,MALABAR,,No,Not a school zone,2-way undivided,-33.975315,151.252048,Randwick,Sydney metro. area,Syd-Newc-Woll Gtr conurbation,Curved,Crest,,,On,Sealed,Dry,Fine,Darkness,Nil,No traffic controls,50 km/h,Local,85,Off rt/lft bnd=>obj,804,Off left bend into obj,Right,Other angle,Car (sedan/hatch),4 wheel drive / SUV,2,0,1,0,0,7,July,Winter,Monday,04:00 - 05:59,Late night / early morning,False,False,True,True
1363702,Injury,Serious Injury,2024,2024,July,Saturday,10:00 - 11:59,BRUXNER,HWY,0,Right on the spot,MCNAUGHTONS,RD,IRVINGTON,16.0,No,Not a school zone,T-junction,-28.862591,153.085391,Richmond Valley,Country non-urban,Rest of NSW - Rural,Curved,,,,Nil,Sealed,Dry,Fine,Daylight,Nil,No traffic controls,100 km/h,State,40,U turn,304,Same - U-turn,,Other angle,4 wheel drive / SUV,Light truck utility(from 2018),2,0,1,0,1,7,July,Winter,Saturday,10:00 - 11:59,Midday / afternoon,False,False,True,True
1363703,Injury,Moderate Injury,2024,2024,July,Saturday,22:00 - Midnight,CUZCO,ST,0,Right on the spot,NUMBER 6,HN,SOUTH COOGEE,,No,Not a school zone,2-way undivided,-33.934094,151.25883,Randwick,Sydney metro. area,Syd-Newc-Woll Gtr conurbation,Straight,Steep grade,,,On,Sealed,Dry,Fine,Darkness,Nil,No traffic controls,50 km/h,Local,71,Off rd left => obj,703,Left off cway into object,,Other angle,Station wagon,4 wheel drive / SUV,2,0,0,1,0,7,July,Winter,Saturday,22:00 - Midnight,Evening / night,False,False,True,True
1363704,Injury,Minor/Other Injury,2024,2024,July,Monday,12:00 - 13:59,GREAT WESTERN,HWY,0,Right on the spot,WALTERS,RD,ARNDELL PARK,5.0,No,Not a school zone,T-junction,-33.795601,150.8894,Blacktown,Sydney metro. area,Syd-Newc-Woll Gtr conurbation,Straight,,,,Off,Sealed,Dry,Fine,Daylight,Nil,Stop sign,80 km/h,State,30,Rear end,301,Same - Rear end,,Rear end,Light truck utility(from 2018),Car (sedan/hatch),2,0,0,0,1,7,July,Winter,Monday,12:00 - 13:59,Midday / afternoon,False,False,True,True
1363705,Injury,Serious Injury,2024,2024,June,Wednesday,18:00 - 19:59,PACIFIC,HWY,200,South,WALLARAH,RD,HAMLYN TERRACE,10.0,No,Not a school zone,2-way undivided,-33.253634,151.488107,Central Coast,Country urban,Syd-Newc-Woll Gtr conurbation,Straight,,,,Nil,Sealed,Dry,Overcast,Darkness,Nil,No traffic controls,70 km/h,State,4,Ped walk with,5,Ped - Walking with traffic,,Vehicle - Pedestrian,4 wheel drive / SUV,Pedestrian,2,0,1,1,0,6,June,Winter,Wednesday,18:00 - 19:59,PM peak / evening commute,True,False,True,True
1363706,Injury,Serious Injury,2024,2024,July,Sunday,02:00 - 03:59,WEST,ST,0,Right on the spot,BRIGHTON,ST,PETERSHAM,7084.0,No,Not a school zone,T-junction,-33.89317,151.150387,Inner West,Sydney metro. area,Syd-Newc-Woll Gtr conurbation,Curved,,,,On,Sealed,Dry,Fine,Darkness,Nil,No traffic controls,60 km/h,Regional,81,Off left/rt bnd=>obj,803,Off right bend into obj,Left,Vehicle - Object,Light truck utility(from 2018),,1,0,1,0,0,7,July,Winter,Sunday,02:00 - 03:59,Late night / early morning,False,False,True,True
1363707,Injury,Moderate Injury,2024,2024,July,Wednesday,16:00 - 17:59,LOGAN,ST,0,Right on the spot,NAAS,ST,TENTERFIELD,622.0,No,Not a school zone,X-intersection,-29.04591,152.022844,Tenterfield,Country urban,Rest of NSW - Urban,Straight,,,,On,Sealed,Wet,Raining,Darkness,Nil,Give way sign,50 km/h,Regional,10,Cross traffic,101,Adj - Cross traffic,,Right angle,4 wheel drive / SUV,Car (sedan/hatch),2,0,0,1,0,7,July,Winter,Wednesday,16:00 - 17:59,PM peak / evening commute,True,False,True,True
1363710,Injury,Moderate Injury,2024,2024,July,Thursday,22:00 - Midnight,CRAIK,AVE,0,Right on the spot,SEVENTEENTH,AVE,AUSTRAL,,Yes,No,X-intersection,-33.913495,150.819077,Liverpool,Sydney metro. area,Syd-Newc-Woll Gtr conurbation,Straight,,,,On,Sealed,Dry,Fine,Darkness,Nil,Give way sign,60 km/h,Local,10,Cross traffic,101,Adj - Cross traffic,,Right angle,Car (sedan/hatch),Car (sedan/hatch),2,0,0,2,0,7,July,Winter,Thursday,22:00 - Midnight,Evening / night,False,False,True,True
1363712,Injury,Minor/Other Injury,2024,2024,July,Tuesday,14:00 - 15:59,BUNNERONG,RD,220,North,PRINCE EDWARD,CCT,KINGSFORD,171.0,Yes,No,2-way undivided,-33.929855,151.229459,Randwick,Sydney metro. area,Syd-Newc-Woll Gtr conurbation,Straight,Painted double centre lines,Police pursuit,,Nil,Sealed,Dry,Fine,Daylight,Nil,No traffic controls,60 km/h,State,20,Head on,201,Opp - Head on,,Head-on,Car (sedan/hatch),Car (sedan/hatch),3,0,0,0,1,7,July,Winter,Tuesday,14:00 - 15:59,Midday / afternoon,False,False,True,True
1363713,Injury,Moderate Injury,2024,2024,July,Friday,22:00 - Midnight,DOUGLAS,RD,0,Right on the spot,NUMBER 42,HN,FERNHILL,,No,Not a school zone,2-way undivided,-34.38396,150.889256,Wollongong,Wollongong met. area,Syd-Newc-Woll Gtr conurbation,Straight,,,,On,Sealed,Dry,Fine,Darkness,Nil,No traffic controls,50 km/h,Local,73,Off rd rght => obj,704,Right off cway into obj,,Other angle,Car (sedan/hatch),4 wheel drive / SUV,2,0,0,1,0,7,July,Winter,Friday,22:00 - Midnight,Evening / night,False,False,True,True
1363714,Injury,Serious Injury,2024,2024,July,Tuesday,10:00 - 11:59,GRAY,ST,5,West,CHAPEL,ST,KOGARAH,,No,Not a school zone,T-junction,-33.969155,151.134219,Georges River,Sydney metro. area,Syd-Newc-Woll Gtr conurbation,Straight,,,,Off,Sealed,Dry,Fine,Daylight,Nil,Give way sign,50 km/h,Local,0,Ped nearside,1,Ped - Near side,,Vehicle - Pedestrian,4 wheel drive / SUV,Pedestrian,3,0,1,1,0,7,July,Winter,Tuesday,10:00 - 11:59,Midday / afternoon,False,False,True,True
1363715,Injury,Moderate Injury,2024,2024,July,Friday,20:00 - 21:59,EDINBURGH,DR,0,Right on the spot,WINTON,AVE,TAREE,,No,Not a school zone,T-junction,-31.921838,152.437328,Mid-Coast,Country urban,Rest of NSW - Urban,Straight,,,,On,Sealed,Dry,Fine,Darkness,Nil,No traffic controls,50 km/h,Local,73,Off rd rght => obj,704,Right off cway into obj,,Other angle,Light truck utility(from 2018),Car (sedan/hatch),3,0,0,1,0,7,July,Winter,Friday,20:00 - 21:59,Evening / night,False,False,True,True
1363716,Injury,Serious Injury,2024,2024,July,Friday,16:00 - 17:59,KENT,ST,0,Right on the spot,MARGARET,ST,SYDNEY,,No,Not a school zone,X-intersection,-33.865166,151.204142,Sydney,Sydney metro. area,Syd-Newc-Woll Gtr conurbation,Straight,Foot/cycle path/nature strip,,,Off,Sealed,Dry,Fine,Daylight,On,No traffic controls,40 km/h,Local,37,Left turn sideswipe,309,Same - Left turn side swipe,,Other angle,Car (sedan/hatch),Pedal cycle,2,0,1,0,0,7,July,Winter,Friday,16:00 - 17:59,PM peak / evening commute,True,False,True,True
1363717,Injury,Serious Injury,2024,2024,July,Thursday,06:00 - 07:59,HUME,HWY,20,South,GRAHAM,AVE,CASULA,2.0,No,Not a school zone,Divided road,-33.940787,150.912219,Liverpool,Sydney metro. area,Syd-Newc-Woll Gtr conurbation,Straight,,,,Off,Sealed,Wet,Overcast,Daylight,Nil,No traffic controls,70 km/h,State,30,Rear end,301,Same - Rear end,,Rear end,Car (sedan/hatch),Car (sedan/hatch),2,0,1,0,0,7,July,Winter,Thursday,06:00 - 07:59,AM peak / school commute,True,False,True,True
1363718,Injury,Minor/Other Injury,2024,2024,June,Friday,14:00 - 15:59,RICHMOND,RD,100,South,ALDERTON,DR,COLEBEE,537.0,No,Not a school zone,Divided road,-33.724839,150.844584,Blacktown,Sydney metro. area,Syd-Newc-Woll Gtr conurbation,Straight,,,,Unknown / not stated,Sealed,Dry,Fine,Daylight,Nil,No traffic controls,80 km/h,State,39,Other same direction,300,Same - other,,Other angle,Car (sedan/hatch),Light truck utility(from 2018),2,0,0,0,1,6,June,Winter,Friday,14:00 - 15:59,Midday / afternoon,False,False,True,True
1363719,Injury,Serious Injury,2024,2024,July,Wednesday,10:00 - 11:59,MOYLANS,LANE,2000,East,RIVER,DR,EMPIRE VALE,,No,Not a school zone,2-way undivided,-28.931348,153.512649,Ballina,Country urban,Rest of NSW - Urban,Straight,Ditch/drain/culvert,,,Nil,Sealed,Dry,Fine,Daylight,Nil,No traffic controls,70 km/h,Local,73,Off rd rght => obj,704,Right off cway into obj,,Vehicle - Object,4 wheel drive / SUV,,1,0,1,0,0,7,July,Winter,Wednesday,10:00 - 11:59,Midday / afternoon,False,False,True,True