crash_id,degree_of_crash,degree_of_crash_-_detailed,reporting_year,year_of_crash,month_of_crash,day_of_week_of_crash,two-hour_intervals,street_of_crash,street_type,distance,direction,identifying_feature,identifying_feature_type,town,route_no.,school_zone_location,school_zone_active,type_of_location,latitude,longitude,lga,urbanisation,conurbation_1,alignment,primary_permanent_feature,primary_temporary_feature,primary_hazardous_feature,street_lighting,road_surface,surface_condition,weather,natural_lighting,signals_operation,other_traffic_control,speed_limit,road_classification_(admin),rum_-_code,rum_-_description,dca_-_code,dca_-_description,dca_supplement,first_impact_type,key_tu_type,other_tu_type,no._of_traffic_units_involved,no._killed,no._seriously_injured,no._moderately_injured,no._minor-other_injured,month_num,month_label,season,day_label,time_label,time_band,is_peak_commute,is_fatal,is_injury,is_casualty
1363721,Injury,Serious Injury,2024,2024,July,Thursday,08:00 - 09:59,THE LAKES,WAY,0,Right on the spot,NORTH,ST,TUNCURRY,692.0,No,Not a school zone,T-junction,-32.168891,152.497374,Mid-Coast,Country urban,Rest of NSW - Urban,Straight,,,,Off,Sealed,Dry,Fine,Daylight,Nil,Give way sign,50 km/h,State,14,2 right turning,105,Adj - Two right turning,,Right angle,Car (sedan/hatch),Station wagon,2,0,1,0,0,7,July,Winter,Thursday,08:00 - 09:59,AM peak / school commute,True,False,True,True
1363722,Injury,Moderate Injury,2024,2024,June,Thursday,08:00 - 09:59,MAMRE,RD,0,Right on the spot,MCINTYRE,AVE,ST CLAIR,536.0,No,Not a school zone,T-junction,-33.805272,150.770641,Penrith,Sydney metro. area,Syd-Newc-Woll Gtr conurbation,Straight,,,,Nil,Sealed,Dry,Overcast,Daylight,Nil,Stop sign,80 km/h,State,13,Right near,104,Adj - Right-thru from right,,Right angle,Car (sedan/hatch),4 wheel drive / SUV,3,0,0,3,0,6,June,Winter,Thursday,08:00 - 09:59,AM peak / school commute,True,False,True,True
1363725,Injury,Moderate Injury,2024,2024,August,Saturday,18:00 - 19:59,FITZROY,ST,0,Right on the spot,MARSHALL,ST,SURRY HILLS,7301.0,No,Not a school zone,T-junction,-33.885589,151.216715,Sydney,Sydney metro. area,Syd-Newc-Woll Gtr conurbation,Straight,Foot/cycle path/nature strip,,,On,Sealed,Dry,Fine,Darkness,Nil,Stop sign,40 km/h,Regional,37,Left turn sideswipe,309,Same - Left turn side swipe,,Other angle,Car (sedan/hatch),Pedal cycle,2,0,0,1,0,8,August,Winter,Saturday,18:00 - 19:59,PM peak / evening commute,True,False,True,True
1363726,Injury,Minor/Other Injury,2024,2024,July,Sunday,10:00 - 11:59,HOXTON PARK,RD,0,Right on the spot,JOADJA,RD,CARTWRIGHT,681.0,No,Not a school zone,T-junction,-33.927662,150.873977,Liverpool,Sydney metro. area,Syd-Newc-Woll Gtr conurbation,Straight,,,,Unknown / not stated,Sealed,Dry,Fine,Daylight,On,No traffic controls,70 km/h,State,32,Right rear,303,Same - Rear right,,Rear end,4 wheel drive / SUV,Motorcycle,2,0,0,0,1,7,July,Winter,Sunday,10:00 - 11:59,Midday / afternoon,False,False,True,True
1363727,Injury,Serious Injury,2024,2024,July,Wednesday,18:00 - 19:59,RIVERSTONE,PDE,0,Right on the spot,CROWN,ST,RIVERSTONE,7157.0,No,Not a school zone,T-junction,-33.672313,150.857939,Blacktown,Sydney metro. area,Syd-Newc-Woll Gtr conurbation,Straight,,,,On,Sealed,Dry,Fine,Darkness,Nil,No traffic controls,60 km/h,Regional,53,Overtake turning,506,Ovtak - Overtaking right turn,,Other angle,Motorcycle,Other bus,2,0,1,0,0,7,July,Winter,Wednesday,18:00 - 19:59,PM peak / evening commute,True,False,True,True
1363728,Injury,Minor/Other Injury,2024,2024,July,Thursday,16:00 - 17:59,OCEAN,DR,50,South,MARANATHA,PL,PORT MACQUARIE,600.0,No,Not a school zone,2-way undivided,-31.466568,152.900441,Port Macquarie-Hastings,Country urban,Rest of NSW - Urban,Straight,Steep grade,Roadwks/Detour/Diverson,,Nil,Sealed,Dry,Fine,Daylight,Nil,No traffic controls,60 km/h,Regional,30,Rear end,301,Same - Rear end,,Rear end,4 wheel drive / SUV,Car (sedan/hatch),2,0,0,0,1,7,July,Winter,Thursday,16:00 - 17:59,PM peak / evening commute,True,False,True,True
1363730,Injury,Serious Injury,2024,2024,July,Friday,12:00 - 13:59,ALBERT,AVE,100,South,PRINCES,HWY,SYLVANIA,,No,Not a school zone,2-way undivided,-34.018019,151.09208,Sutherland,Sydney metro. area,Syd-Newc-Woll Gtr conurbation,Straight,,,,Off,Sealed,Dry,Fine,Daylight,Nil,No traffic controls,50 km/h,Local,73,Off rd rght => obj,704,Right off cway into obj,,Vehicle - Object,Car (sedan/hatch),,1,0,1,0,0,7,July,Winter,Friday,12:00 - 13:59,Midday / afternoon,False,False,True,True
1363732,Injury,Moderate Injury,2024,2024,August,Saturday,00:01 - 01:59,PACIFIC,HWY,4000,East,PEATS RIDGE,RD,MOONEY MOONEY CREEK,10.0,No,Not a school zone,2-way undivided,-33.43841,151.246805,Central Coast,Country urban,Syd-Newc-Woll Gtr conurbation,Curved,Steep grade,,,Nil,Sealed,Dry,Fine,Darkness,Nil,No traffic controls,60 km/h,State,88,Out of cont on bend,805,Out of control on bend,,Rollover,4 wheel drive / SUV,,1,0,0,1,0,8,August,Winter,Saturday,00:01 - 01:59,Late night / early morning,False,False,True,True
1363733,Injury,Serious Injury,2024,2024,July,Monday,06:00 - 07:59,DONALD,ST,0,Right on the spot,BEAUMONT,ST,HAMILTON,82.0,No,Not a school zone,X-intersection,-32.919682,151.747786,Newcastle,Newcastle met. area,Syd-Newc-Woll Gtr conurbation,Straight,,,,Off,Sealed,Dry,Fine,Daylight,On,Ped crossing,60 km/h,State,0,Ped nearside,1,Ped - Near side,,Vehicle - Pedestrian,4 wheel drive / SUV,Pedestrian,2,0,1,0,0,7,July,Winter,Monday,06:00 - 07:59,AM peak / school commute,True,False,True,True
1363734,Injury,Moderate Injury,2024,2024,June,Monday,08:00 - 09:59,BAULKHAM HILLS,RD,0,Right on the spot,GOODHALL,AVE,BAULKHAM HILLS,,Yes,No,X-intersection,-33.76899,150.969561,The Hills,Sydney metro. area,Syd-Newc-Woll Gtr conurbation,Straight,,,,Off,Sealed,Dry,Fine,Daylight,Nil,Give way sign,50 km/h,Local,0,Ped nearside,1,Ped - Near side,,Vehicle - Pedestrian,Car (sedan/hatch),Pedestrian,2,0,0,1,0,6,June,Winter,Monday,08:00 - 09:59,AM peak / school commute,True,False,True,True
1363740,Injury,Moderate Injury,2024,2024,July,Friday,12:00 - 13:59,PRESCOTT,AVE,50,South,PALYA,PL,DEE WHY,,No,Not a school zone,2-way undivided,-33.746875,151.281192,Northern Beaches,Sydney metro. area,Syd-Newc-Woll Gtr conurbation,Straight,Spd hump/slow pt/chc,,,Nil,Sealed,Dry,Fine,Daylight,Nil,No traffic controls,50 km/h,Local,20,Head on,201,Opp - Head on,,Head-on,4 wheel drive / SUV,Light truck utility(from 2018),2,0,0,1,0,7,July,Winter,Friday,12:00 - 13:59,Midday / afternoon,False,False,True,True
1363741,Injury,Serious Injury,2024,2024,August,Sunday,00:01 - 01:59,M8 TUNNEL,MS,1000,South,CAMPBELL,RD,ST PETERS,6008.0,No,Not a school zone,Dual freeway,-33.916401,151.173921,Inner West,Sydney metro. area,Syd-Newc-Woll Gtr conurbation,Curved,Underpass/tunnel,,,Nil,Sealed,Dry,Fine,Darkness,Nil,No traffic controls,90 km/h,State,85,Off rt/lft bnd=>obj,804,Off left bend into obj,Right,Vehicle - Object,Motorcycle,,1,0,1,0,0,8,August,Winter,Sunday,00:01 - 01:59,Late night / early morning,False,False,True,True
1363743,Injury,Serious Injury,2024,2024,August,Monday,14:00 - 15:59,SOUTH CREEK,RD,0,Right on the spot,TORONTO,AVE,WHEELER HEIGHTS,,No,Not a school zone,Roundabout,-33.732313,151.277376,Northern Beaches,Sydney metro. area,Syd-Newc-Woll Gtr conurbation,Curved,Steep grade,,,Off,Sealed,Dry,Fine,Daylight,Nil,Give way sign,50 km/h,Local,81,Off left/rt bnd=>obj,803,Off right bend into obj,Left,Vehicle - Object,4 wheel drive / SUV,,1,0,1,0,0,8,August,Winter,Monday,14:00 - 15:59,Midday / afternoon,False,False,True,True
1363745,Injury,Serious Injury,2024,2024,July,Monday,20:00 - 21:59,CHARLESTOWN,RD,0,Right on the spot,GRIFFITHS,ST,CHARLESTOWN,674.0,No,Not a school zone,T-junction,-32.959334,151.69243,Lake Macquarie,Newcastle met. area,Syd-Newc-Woll Gtr conurbation,Straight,,,,On,Sealed,Wet,Raining,Darkness,On,No traffic controls,60 km/h,State,21,Right through,202,Opp - Right-thru,,Other angle,Car (sedan/hatch),Motor scooter,2,0,1,0,0,7,July,Winter,Monday,20:00 - 21:59,Evening / night,False,False,True,True
1363747,Injury,Moderate Injury,2024,2024,August,Saturday,22:00 - Midnight,CLARENCE,ST,10,South,LANCELOT,ST,CONDELL PARK,,No,Not a school zone,Roundabout,-33.923647,151.021707,Canterbury-Bankstown,Sydney metro. area,Syd-Newc-Woll Gtr conurbation,Straight,,,,On,Sealed,Dry,Fine,Darkness,Nil,Give way sign,50 km/h,Local,71,Off rd left => obj,703,Left off cway into object,,Other angle,4 wheel drive / SUV,Car (sedan/hatch),2,0,0,1,0,8,August,Winter,Saturday,22:00 - Midnight,Evening / night,False,False,True,True
1363748,Injury,Moderate Injury,2024,2024,August,Monday,08:00 - 09:59,ABERCROMBIE,ST,0,Right on the spot,CODRINGTON,ST,DARLINGTON,,No,Not a school zone,Roundabout,-33.892464,151.191699,Sydney,Sydney metro. area,Syd-Newc-Woll Gtr conurbation,Straight,,,,Off,Sealed,Dry,Fine,Daylight,Nil,Give way sign,40 km/h,Local,10,Cross traffic,101,Adj - Cross traffic,,Right angle,Car (sedan/hatch),Pedal cycle,2,0,0,1,0,8,August,Winter,Monday,08:00 - 09:59,AM peak / school commute,True,False,True,True
1363749,Injury,Moderate Injury,2024,2024,August,Tuesday,16:00 - 17:59,HENRY PARKES,WAY,2000,East,OLD ORANGE,RD,MANILDRA,61.0,No,Not a school zone,2-way undivided,-33.188364,148.733422,Cabonne,Country non-urban,Rest of NSW - Rural,Straight,Ditch/drain/culvert,,,Nil,Sealed,Dry,Fine,Daylight,Nil,No traffic controls,100 km/h,State,71,Off rd left => obj,703,Left off cway into object,,Vehicle - Object,Light truck utility(from 2018),,1,0,0,2,0,8,August,Winter,Tuesday,16:00 - 17:59,PM peak / evening commute,True,False,True,True
1363751,Injury,Moderate Injury,2024,2024,August,Friday,08:00 - 09:59,OLD WINDSOR,RD,50,South,MYEE CRESCENT,TO,BAULKHAM HILLS,635.0,No,Not a school zone,Divided road,-33.761509,150.957261,The Hills,Sydney metro. area,Syd-Newc-Woll Gtr conurbation,Curved,,,,Off,Sealed,Dry,Fine,Daylight,Nil,No traffic controls,80 km/h,State,30,Rear end,301,Same - Rear end,,Rear end,Car (sedan/hatch),Light truck utility(from 2018),3,0,0,1,1,8,August,Winter,Friday,08:00 - 09:59,AM peak / school commute,True,False,True,True
1363754,Injury,Moderate Injury,2024,2024,August,Tuesday,14:00 - 15:59,CORMORANT,RD,10,West,TEAL,ST,KOORAGANG,108.0,No,Not a school zone,Roundabout,-32.885997,151.770017,Newcastle,Newcastle met. area,Syd-Newc-Woll Gtr conurbation,Curved,,,,Off,Sealed,Dry,Fine,Daylight,Nil,Give way sign,80 km/h,State,85,Off rt/lft bnd=>obj,804,Off left bend into obj,Right,Vehicle - Object,Motorcycle,,1,0,0,1,0,8,August,Winter,Tuesday,14:00 - 15:59,Midday / afternoon,False,False,True,True
1363755,Injury,Serious Injury,2024,2024,August,Wednesday,10:00 - 11:59,WINBOURNE,RD,0,Right on the spot,NUMBER 30,HN,BROOKVALE,7346.0,No,Not a school zone,2-way undivided,-33.762717,151.277463,Northern Beaches,Sydney metro. area,Syd-Newc-Woll Gtr conurbation,Straight,Driveway/entrance,,,Off,Sealed,Wet,Raining,Daylight,Nil,No traffic controls,60 km/h,Regional,47,Emerging from drive,406,Manov - Emerging from driveway,,Right angle,4 wheel drive / SUV,Motor scooter,2,0,1,0,0,8,August,Winter,Wednesday,10:00 - 11:59,Midday / afternoon,False,False,True,True
1363756,Injury,Serious Injury,2024,2024,August,Tuesday,14:00 - 15:59,EUMUNGERIE,RD,0,Right on the spot,COLLIE,RD,KICKABIL,572.0,No,Not a school zone,X-intersection,-32.016609,148.440381,Gilgandra,Country non-urban,Rest of NSW - Rural,Straight,Embankment/cutting,,,Nil,Sealed,Dry,Fine,Daylight,Nil,Give way sign,100 km/h,State,10,Cross traffic,101,Adj - Cross traffic,,Right angle,4 wheel drive / SUV,Large rigid,2,0,1,1,0,8,August,Winter,Tuesday,14:00 - 15:59,Midday / afternoon,False,False,True,True
1363759,Injury,Minor/Other Injury,2024,2024,August,Thursday,00:01 - 01:59,OXLEY,ST,0,Right on the spot,BRADBURY,AVE,CAMPBELLTOWN,177.0,No,Not a school zone,X-intersection,-34.070775,150.811886,Campbelltown,Sydney metro. area,Syd-Newc-Woll Gtr conurbation,Straight,B'down lane/road shldr,,,On,Sealed,Dry,Fine,Darkness,On,No traffic controls,60 km/h,State,10,Cross traffic,101,Adj - Cross traffic,,Right angle,Motorcycle,Car (sedan/hatch),2,0,0,0,1,8,August,Winter,Thursday,00:01 - 01:59,Late night / early morning,False,False,True,True
1363760,Injury,Serious Injury,2024,2024,August,Thursday,16:00 - 17:59,GUNDABLOUI,RD,20000,North,COLLARENEBRI,TN,COLLARENEBRI,457.0,No,Not a school zone,2-way undivided,-29.40129,148.676669,Walgett,Country non-urban,Rest of NSW - Rural,Curved,,,,Nil,Sealed,Dry,Fine,Daylight,Nil,No traffic controls,100 km/h,Regional,80,Off left/right bend,801,Off cway right bend,Left,Rollover,4 wheel drive / SUV,,1,0,2,0,0,8,August,Winter,Thursday,16:00 - 17:59,PM peak / evening commute,True,False,True,True
1363762,Injury,Minor/Other Injury,2024,2024,August,Tuesday,08:00 - 09:59,THE LAKES,WAY,20,South,SANDBAR,RD,SMITHS LAKE,111.0,No,Not a school zone,2-way undivided,-32.365998,152.500597,Mid-Coast,Country urban,Rest of NSW - Urban,Straight,Painted double centre lines,,,Nil,Sealed,Dry,Overcast,Daylight,Nil,No traffic controls,80 km/h,Regional,50,Head on (overtake),501,Ovtak - Head on,,Head-on,4 wheel drive / SUV,Light truck,2,0,0,0,1,8,August,Winter,Tuesday,08:00 - 09:59,AM peak / school commute,True,False,True,True
1363763,Injury,Minor/Other Injury,2024,2024,August,Tuesday,14:00 - 15:59,BONVILLE,ST,0,Right on the spot,NUMBER 17,HN,COFFS HARBOUR,,No,Not a school zone,2-way undivided,-30.301867,153.115253,Coffs Harbour,Country urban,Rest of NSW - Urban,Straight,,,,On,Sealed,Dry,Fine,Daylight,Nil,No traffic controls,50 km/h,Local,41,U turn into object,207,Opp - U-turn,,Other angle,4 wheel drive / SUV,4 wheel drive / SUV,3,0,0,0,1,8,August,Winter,Tuesday,14:00 - 15:59,Midday / afternoon,False,False,True,True
1363765,Injury,Moderate Injury,2024,2024,August,Thursday,14:00 - 15:59,M7 WESTLINK,EXP,1000,East,QUAKERS HILL PARKWAY,TO,QUAKERS HILL,6009.0,No,Not a school zone,Dual freeway,-33.735043,150.890207,Blacktown,Sydney metro. area,Syd-Newc-Woll Gtr conurbation,Straight,,,,Nil,Sealed,Dry,Fine,Daylight,Nil,No traffic controls,100 km/h,State,30,Rear end,301,Same - Rear end,,Rear end,Passenger van,Car (sedan/hatch),2,0,0,1,0,8,August,Winter,Thursday,14:00 - 15:59,Midday / afternoon,False,False,True,True
1363767,Injury,Serious Injury,2024,2024,August,Tuesday,20:00 - 21:59,AZALEA,AVE,20,North,MCLEAN,ST,COFFS HARBOUR,,No,Not a school zone,2-way undivided,-30.297525,153.107339,Coffs Harbour,Country urban,Rest of NSW - Urban,Straight,Painted double centre lines,,,On,Sealed,Dry,Fine,Darkness,Nil,No traffic controls,50 km/h,Local,20,Head on,201,Opp - Head on,,Head-on,Motorcycle,Motorcycle,2,0,2,0,0,8,August,Winter,Tuesday,20:00 - 21:59,Evening / night,False,False,True,True
1363769,Injury,Moderate Injury,2024,2024,August,Wednesday,20:00 - 21:59,PACIFIC,HWY,700,North,COOLGARDIE ROAD,TO,PIMLICO,10.0,No,Not a school zone,Divided road,-28.911715,153.478365,Ballina,Country non-urban,Rest of NSW - Rural,Curved,,,,Nil,Sealed,Dry,Fine,Darkness,Nil,No traffic controls,110 km/h,State,35,Lane change left,307,Same - Lane change left,,Other angle,Car (sedan/hatch),Semi-trailer,2,0,0,1,0,8,August,Winter,Wednesday,20:00 - 21:59,Evening / night,False,False,True,True
1363770,Injury,Serious Injury,2024,2024,September,Sunday,10:00 - 11:59,CHERTSEY,AVE,0,Right on the spot,OXFORD,AVE,BANKSTOWN,,No,Not a school zone,Roundabout,-33.923251,151.025338,Canterbury-Bankstown,Sydney metro. area,Syd-Newc-Woll Gtr conurbation,Straight,,,,Off,Sealed,Dry,Fine,Daylight,Nil,Give way sign,50 km/h,Local,71,Off rd left => obj,703,Left off cway into object,,Vehicle - Object,Car (sedan/hatch),,1,0,1,0,0,9,September,Spring,Sunday,10:00 - 11:59,Midday / afternoon,False,False,True,True
1363771,Injury,Moderate Injury,2024,2024,July,Monday,04:00 - 05:59,WALLGROVE,RD,700,South,ROUSSELL,RD,HORSLEY PARK,515.0,No,Not a school zone,2-way undivided,-33.823089,150.852952,Fairfield,Sydney metro. area,Syd-Newc-Woll Gtr conurbation,Straight,,,,On,Sealed,Dry,Fine,Dawn,Nil,No traffic controls,70 km/h,State,34,Lane change right,306,Same - Lane change right,,Other angle,Unknown motor vehicle,4 wheel drive / SUV,2,0,0,1,0,7,July,Winter,Monday,04:00 - 05:59,Late night / early morning,False,False,True,True
1363773,Injury,Serious Injury,2024,2024,August,Friday,20:00 - 21:59,NEW ENGLAND,HWY,0,Right on the spot,BLUFF ROCK OLD ALIGNMENT,OT,TENTERFIELD,9.0,No,Not a school zone,2-way undivided,-29.167799,152.004493,Tenterfield,Country non-urban,Rest of NSW - Rural,Curved,,,,Nil,Sealed,Dry,Fine,Darkness,Nil,No traffic controls,100 km/h,State,81,Off left/rt bnd=>obj,803,Off right bend into obj,Left,Vehicle - Object,Station wagon,,1,0,1,1,0,8,August,Winter,Friday,20:00 - 21:59,Evening / night,False,False,True,True
1363774,Injury,Moderate Injury,2024,2024,August,Thursday,18:00 - 19:59,GREAT WESTERN,HWY,0,Right on the spot,THE AVENUE,MS,VALLEY HEIGHTS,5.0,No,Not a school zone,T-junction,-33.702359,150.578378,Blue Mountains,Country urban,Syd-Newc-Woll Gtr conurbation,Straight,,,,On,Sealed,Dry,Fine,Darkness,Nil,Give way sign,80 km/h,State,71,Off rd left => obj,703,Left off cway into object,,Vehicle - Object,Light truck utility(from 2018),,1,0,0,1,0,8,August,Winter,Thursday,18:00 - 19:59,PM peak / evening commute,True,False,True,True
1363776,Injury,Serious Injury,2024,2024,August,Friday,04:00 - 05:59,CAPARRA,RD,0,Right on the spot,NUMBER 678,HN,CAPARRA,,No,Not a school zone,2-way undivided,-31.726773,152.24604,Mid-Coast,Country urban,Rest of NSW - Urban,Curved,Driveway/entrance,,,Nil,Unsealed,Dry,Fine,Darkness,Nil,No traffic controls,60 km/h,Local,47,Emerging from drive,406,Manov - Emerging from driveway,,Right angle,Light truck utility(from 2018),Motorcycle,2,0,1,0,1,8,August,Winter,Friday,04:00 - 05:59,Late night / early morning,False,False,True,True
1363778,Injury,Moderate Injury,2024,2024,August,Monday,10:00 - 11:59,PITTWATER,RD,0,Right on the spot,MONA VALE,RD,MONA VALE,164.0,No,Not a school zone,T-junction,-33.679262,151.302743,Northern Beaches,Sydney metro. area,Syd-Newc-Woll Gtr conurbation,Curved,,,,Off,Sealed,Dry,Fine,Daylight,On,No traffic controls,60 km/h,State,10,Cross traffic,101,Adj - Cross traffic,,Right angle,Car (sedan/hatch),4 wheel drive / SUV,4,0,0,1,0,8,August,Winter,Monday,10:00 - 11:59,Midday / afternoon,False,False,True,True
1363779,Injury,Minor/Other Injury,2024,2024,August,Monday,08:00 - 09:59,GENERAL HOLMES,DR,0,Right on the spot,WENTWORTH,AVE,MASCOT,194.0,No,Not a school zone,T-junction,-33.935856,151.192838,Bayside,Sydney metro. area,Syd-Newc-Woll Gtr conurbation,Straight,,,,Unknown / not stated,Sealed,Dry,Fine,Daylight,On,No traffic controls,70 km/h,State,32,Right rear,303,Same - Rear right,,Rear end,4 wheel drive / SUV,4 wheel drive / SUV,2,0,0,0,1,8,August,Winter,Monday,08:00 - 09:59,AM peak / school commute,True,False,True,True
1363783,Injury,Serious Injury,2024,2024,September,Tuesday,18:00 - 19:59,GALSTON,RD,30,South,CARTERS,RD,DURAL,161.0,No,Not a school zone,2-way undivided,-33.669607,151.03742,Hornsby,Sydney metro. area,Syd-Newc-Woll Gtr conurbation,Curved,Painted double centre lines,,,Nil,Sealed,Dry,Fine,Darkness,Nil,No traffic controls,60 km/h,State,50,Head on (overtake),501,Ovtak - Head on,,Head-on,Motorcycle,Light truck utility(from 2018),2,0,1,0,0,9,September,Spring,Tuesday,18:00 - 19:59,PM peak / evening commute,True,False,True,True
1363784,Injury,Minor/Other Injury,2024,2024,August,Sunday,04:00 - 05:59,RANGE,RD,350,North,POMEROY,RD,BANNISTER,,No,Not a school zone,2-way undivided,-34.620423,149.520021,Upper Lachlan,Country non-urban,Rest of NSW - Rural,Curved,,,Potholes/corrugations/rough,Nil,Sealed,Wet,Overcast,Dawn,Nil,No traffic controls,100 km/h,Local,83,Off rt/rt bnd=>obj,803,Off right bend into obj,Right,Vehicle - Object,4 wheel drive / SUV,,1,0,0,0,1,8,August,Winter,Sunday,04:00 - 05:59,Late night / early morning,False,False,True,True
1363787,Injury,Serious Injury,2024,2024,September,Thursday,14:00 - 15:59,COWPASTURE,RD,100,North,CAMDEN VALLEY,WAY,HORNINGSEA PARK,648.0,No,Not a school zone,Divided road,-33.948937,150.838631,Liverpool,Sydney metro. area,Syd-Newc-Woll Gtr conurbation,Straight,,,,Nil,Sealed,Dry,Fine,Daylight,Nil,No traffic controls,70 km/h,State,30,Rear end,301,Same - Rear end,,Rear end,Car (sedan/hatch),Light truck utility(from 2018),2,0,1,0,1,9,September,Spring,Thursday,14:00 - 15:59,Midday / afternoon,False,False,True,True
1363788,Injury,Moderate Injury,2024,2024,August,Sunday,20:00 - 21:59,MANDIBLE,ST,20,West,WYNDHAM,ST,ALEXANDRIA,,No,Not a school zone,2-way undivided,-33.904165,151.200914,Sydney,Sydney metro. area,Syd-Newc-Woll Gtr conurbation,Straight,,,,On,Sealed,Dry,Fine,Darkness,Nil,No traffic controls,50 km/h,Local,71,Off rd left => obj,703,Left off cway into object,,Other angle,Light truck,Light truck utility(from 2018),3,0,0,1,1,8,August,Winter,Sunday,20:00 - 21:59,Evening / night,False,False,True,True
1363791,Injury,Minor/Other Injury,2024,2024,September,Saturday,14:00 - 15:59,OALLEN FORD,RD,6500,East,MOGO,RD,OALLEN,,No,Not a school zone,2-way undivided,-35.146344,149.958505,Goulburn Mulwaree,Country urban,Rest of NSW - Urban,Curved,,,,Nil,Sealed,Dry,Fine,Daylight,Nil,No traffic controls,80 km/h,Local,20,Head on,201,Opp - Head on,,Head-on,Motorcycle,4 wheel drive / SUV,2,0,0,0,1,9,September,Spring,Saturday,14:00 - 15:59,Midday / afternoon,False,False,True,True
1363792,Injury,Serious Injury,2024,2024,August,Wednesday,06:00 - 07:59,FOREST,RD,0,Right on the spot,WOLLI CREEK,RD,ARNCLIFFE,168.0,No,Not a school zone,X-intersection,-33.942239,151.132672,Bayside,Sydney metro. area,Syd-Newc-Woll Gtr conurbation,Straight,,,,Off,Sealed,Dry,Fine,Daylight,On,No traffic controls,60 km/h,State,36,Right turn sideswipe,308,Same - Rgt turn side swipe,,Other angle,Car (sedan/hatch),Light truck,2,0,1,0,0,8,August,Winter,Wednesday,06:00 - 07:59,AM peak / school commute,True,False,True,True
1363798,Injury,Serious Injury,2024,2024,August,Saturday,18:00 - 19:59,HAWKSVIEW,ST,0,Right on the spot,CECIL,ST,GUILDFORD,7253.0,No,Not a school zone,T-junction,-33.847209,150.987088,Cumberland,Sydney metro. area,Syd-Newc-Woll Gtr conurbation,Straight,Steep grade,,,On,Sealed,Dry,Fine,Darkness,Nil,No right turn,50 km/h,Regional,0,Ped nearside,1,Ped - Near side,,Vehicle - Pedestrian,Light truck utility(from 2018),Pedestrian,3,0,1,2,0,8,August,Winter,Saturday,18:00 - 19:59,PM peak / evening commute,True,False,True,True
1363799,Injury,Serious Injury,2024,2024,September,Monday,10:00 - 11:59,CEMETERY,RD,120,East,NORTHERN BRANCH CANAL,RD,YENDA,,No,Not a school zone,2-way undivided,-34.241729,146.229369,Griffith,Country non-urban,Rest of NSW - Rural,Straight,Driveway/entrance,,,Nil,Unsealed,Dry,Fine,Daylight,Nil,No traffic controls,100 km/h,Local,47,Emerging from drive,406,Manov - Emerging from driveway,,Right angle,Car (sedan/hatch),Light truck utility(from 2018),2,0,1,1,0,9,September,Spring,Monday,10:00 - 11:59,Midday / afternoon,False,False,True,True
1363801,Injury,Moderate Injury,2024,2024,September,Monday,14:00 - 15:59,WILLIAM,ST,0,Right on the spot,ROSEMEATH,AVE,KINGSGROVE,2021.0,No,Not a school zone,T-junction,-33.928557,151.103487,Canterbury-Bankstown,Sydney metro. area,Syd-Newc-Woll Gtr conurbation,Straight,,,,Nil,Sealed,Dry,Fine,Daylight,Nil,No traffic controls,50 km/h,Regional,13,Right near,104,Adj - Right-thru from right,,Right angle,4 wheel drive / SUV,Motor scooter,2,0,0,1,0,9,September,Spring,Monday,14:00 - 15:59,Midday / afternoon,False,False,True,True
1363802,Injury,Serious Injury,2024,2024,August,Wednesday,14:00 - 15:59,PRINCES,HWY,50,South,ROCKDALE PLAZA,DR,ROCKDALE,1.0,No,Not a school zone,Divided road,-33.957569,151.137789,Bayside,Sydney metro. area,Syd-Newc-Woll Gtr conurbation,Straight,,,,Off,Sealed,Dry,Fine,Daylight,Nil,No traffic controls,60 km/h,State,0,Ped nearside,1,Ped - Near side,,Vehicle - Pedestrian,Car (sedan/hatch),Pedestrian,2,0,1,0,0,8,August,Winter,Wednesday,14:00 - 15:59,Midday / afternoon,False,False,True,True
1363804,Injury,Moderate Injury,2024,2024,September,Wednesday,16:00 - 17:59,OLYMPIC,HWY,0,Right on the spot,DUNNS,RD,URANQUINTY,78.0,No,Not a school zone,T-junction,-35.172474,147.275813,Wagga Wagga,Country non-urban,Rest of NSW - Rural,Curved,,,,Unknown / not stated,Sealed,Dry,Fine,Daylight,Nil,Give way sign,100 km/h,State,40,U turn,304,Same - U-turn,,Other angle,Car (sedan/hatch),Light truck utility(from 2018),2,0,0,2,0,9,September,Spring,Wednesday,16:00 - 17:59,PM peak / evening commute,True,False,True,True
1363809,Injury,Minor/Other Injury,2024,2024,September,Monday,12:00 - 13:59,BOTANY,RD,0,Right on the spot,HARCOURT,PDE,ROSEBERY,170.0,Yes,No,T-junction,-33.919379,151.198564,Sydney,Sydney metro. area,Syd-Newc-Woll Gtr conurbation,Straight,Steep grade,,,Unknown / not stated,Sealed,Dry,Fine,Daylight,On,No traffic controls,50 km/h,State,32,Right rear,303,Same - Rear right,,Rear end,Car (sedan/hatch),4 wheel drive / SUV,2,0,0,0,1,9,September,Spring,Monday,12:00 - 13:59,Midday / afternoon,False,False,True,True
1363812,Injury,Minor/Other Injury,2024,2024,September,Thursday,06:00 - 07:59,NORTH LIVERPOOL,RD,0,Right on the spot,SOUTH LIVERPOOL,RD,HECKENBERG,7267.0,No,Not a school zone,Roundabout,-33.906032,150.893989,Liverpool,Sydney metro. area,Syd-Newc-Woll Gtr conurbation,Straight,Steep grade,,,Off,Sealed,Dry,Fine,Daylight,Nil,Give way sign,60 km/h,Regional,10,Cross traffic,101,Adj - Cross traffic,,Right angle,Light truck utility(from 2018),4 wheel drive / SUV,2,0,0,0,1,9,September,Spring,Thursday,06:00 - 07:59,AM peak / school commute,True,False,True,True