crash_id,degree_of_crash,degree_of_crash_-_detailed,reporting_year,year_of_crash,month_of_crash,day_of_week_of_crash,two-hour_intervals,street_of_crash,street_type,distance,direction,identifying_feature,identifying_feature_type,town,route_no.,school_zone_location,school_zone_active,type_of_location,latitude,longitude,lga,urbanisation,conurbation_1,alignment,primary_permanent_feature,primary_temporary_feature,primary_hazardous_feature,street_lighting,road_surface,surface_condition,weather,natural_lighting,signals_operation,other_traffic_control,speed_limit,road_classification_(admin),rum_-_code,rum_-_description,dca_-_code,dca_-_description,dca_supplement,first_impact_type,key_tu_type,other_tu_type,no._of_traffic_units_involved,no._killed,no._seriously_injured,no._moderately_injured,no._minor-other_injured,month_num,month_label,season,day_label,time_label,time_band,is_peak_commute,is_fatal,is_injury,is_casualty
1363813,Injury,Moderate Injury,2024,2024,September,Friday,16:00 - 17:59,JERRALONG,DR,300,East,SCHOFIELDS RAILWAY,TCE,SCHOFIELDS,,No,Not a school zone,2-way undivided,-33.703168,150.877025,Blacktown,Sydney metro. area,Syd-Newc-Woll Gtr conurbation,Straight,,,,Unknown / not stated,Sealed,Unknown,Unknown,Daylight,Nil,No traffic controls,50 km/h,Local,71,Off rd left => obj,703,Left off cway into object,,Other angle,Car (sedan/hatch),Car (sedan/hatch),3,0,0,1,0,9,September,Spring,Friday,16:00 - 17:59,PM peak / evening commute,True,False,True,True
1363814,Injury,Moderate Injury,2024,2024,August,Saturday,18:00 - 19:59,PRINCES,HWY,1000,South,DIGNAMS CREEK,RD,DIGNAMS CREEK,1.0,No,Not a school zone,2-way undivided,-36.363464,149.974771,Bega Valley,Country non-urban,Rest of NSW - Rural,Curved,Steep grade,,Loose gravel shoulder,Nil,Sealed,Dry,Fine,Darkness,Nil,No traffic controls,100 km/h,State,83,Off rt/rt bnd=>obj,803,Off right bend into obj,Right,Vehicle - Object,Light truck utility(from 2018),,1,0,0,1,0,8,August,Winter,Saturday,18:00 - 19:59,PM peak / evening commute,True,False,True,True
1363815,Injury,Serious Injury,2024,2024,August,Wednesday,18:00 - 19:59,WARRINGAH,EXP,20,South,WEST STREET,OP,CROWS NEST,651.0,No,Not a school zone,Dual freeway,-33.822398,151.205689,North Sydney,Sydney metro. area,Syd-Newc-Woll Gtr conurbation,Straight,,,,On,Sealed,Dry,Fine,Dusk,Nil,No traffic controls,80 km/h,State,20,Head on,201,Opp - Head on,,Head-on,4 wheel drive / SUV,4 wheel drive / SUV,3,0,2,0,0,8,August,Winter,Wednesday,18:00 - 19:59,PM peak / evening commute,True,False,True,True
1363816,Injury,Minor/Other Injury,2024,2024,August,Monday,06:00 - 07:59,O'CONNELL,ST,0,Right on the spot,BANKS,ST,MONTEREY,7003.0,No,Not a school zone,T-junction,-33.967488,151.147576,Bayside,Sydney metro. area,Syd-Newc-Woll Gtr conurbation,Straight,,,,Off,Sealed,Dry,Fine,Daylight,Nil,No traffic controls,50 km/h,Regional,21,Right through,202,Opp - Right-thru,,Other angle,Car (sedan/hatch),4 wheel drive / SUV,2,0,0,0,1,8,August,Winter,Monday,06:00 - 07:59,AM peak / school commute,True,False,True,True
1363819,Injury,Moderate Injury,2024,2024,September,Saturday,18:00 - 19:59,CESSNOCK,RD,0,Right on the spot,WAKEFIELD,RD,RYHOPE,220.0,No,Not a school zone,T-junction,-32.989702,151.521852,Lake Macquarie,Newcastle met. area,Syd-Newc-Woll Gtr conurbation,Curved,,,,Nil,Sealed,Dry,Fine,Darkness,Nil,Stop sign,80 km/h,State,13,Right near,104,Adj - Right-thru from right,,Right angle,Car (sedan/hatch),Light truck utility(from 2018),2,0,0,1,1,9,September,Spring,Saturday,18:00 - 19:59,PM peak / evening commute,True,False,True,True
1363820,Injury,Serious Injury,2024,2024,September,Thursday,06:00 - 07:59,RESEARCH,RD,50,West,AMATO,RD,YANCO,,No,Not a school zone,2-way undivided,-34.588669,146.38493,Leeton,Country non-urban,Rest of NSW - Rural,Straight,,,,Nil,Sealed,Dry,Fine,Dawn,Nil,No traffic controls,100 km/h,Local,71,Off rd left => obj,703,Left off cway into object,,Vehicle - Object,Car (sedan/hatch),,1,0,1,0,0,9,September,Spring,Thursday,06:00 - 07:59,AM peak / school commute,True,False,True,True
1363821,Injury,Serious Injury,2024,2024,September,Tuesday,22:00 - Midnight,PACIFIC,HWY,2000,South,BALLARDS ROAD,OP,VALLA,10.0,No,Not a school zone,Divided road,-30.563182,153.004786,Bellingen,Country non-urban,Rest of NSW - Rural,Straight,,,,On,Sealed,Dry,Fine,Darkness,Nil,No traffic controls,110 km/h,State,71,Off rd left => obj,703,Left off cway into object,,Vehicle - Object,Unknown motor vehicle,,1,0,1,0,0,9,September,Spring,Tuesday,22:00 - Midnight,Evening / night,False,False,True,True
1363823,Injury,Serious Injury,2024,2024,September,Saturday,00:01 - 01:59,CARILLON,AVE,0,Right on the spot,MISSENDEN,RD,NEWTOWN,7085.0,No,Not a school zone,X-intersection,-33.891474,151.182711,Sydney,Sydney metro. area,Syd-Newc-Woll Gtr conurbation,Straight,,,,On,Sealed,Dry,Fine,Darkness,On,No traffic controls,40 km/h,Regional,0,Ped nearside,1,Ped - Near side,,Vehicle - Pedestrian,Unknown motor vehicle,Pedestrian,2,0,1,0,0,9,September,Spring,Saturday,00:01 - 01:59,Late night / early morning,False,False,True,True
1363825,Injury,Serious Injury,2024,2024,September,Sunday,12:00 - 13:59,OLD STOCK ROUTE,RD,0,Right on the spot,SCHOFIELD,RD,PITT TOWN,,No,Not a school zone,X-intersection,-33.599097,150.869749,Hawkesbury,Country urban,Syd-Newc-Woll Gtr conurbation,Straight,Embankment/cutting,,,Off,Sealed,Dry,Fine,Daylight,Nil,Give way sign,70 km/h,Local,10,Cross traffic,101,Adj - Cross traffic,,Right angle,4 wheel drive / SUV,Car (sedan/hatch),2,0,1,1,0,9,September,Spring,Sunday,12:00 - 13:59,Midday / afternoon,False,False,True,True
1363826,Injury,Moderate Injury,2024,2024,September,Sunday,08:00 - 09:59,HILL,ST,0,Right on the spot,LISTER,DR,ORANGE,,No,Not a school zone,X-intersection,-33.263014,149.097887,Orange,Country urban,Rest of NSW - Urban,Straight,Steep grade,,,Off,Sealed,Dry,Fine,Daylight,Nil,Give way sign,50 km/h,Local,0,Ped nearside,1,Ped - Near side,,Vehicle - Pedestrian,Car (sedan/hatch),Pedestrian,2,0,0,1,0,9,September,Spring,Sunday,08:00 - 09:59,AM peak / school commute,True,False,True,True
1363828,Injury,Moderate Injury,2024,2024,September,Wednesday,14:00 - 15:59,BRADFIELD,HWY,30,South,SYDNEY HARBOUR,BDGE,DAWES POINT,632.0,No,Not a school zone,Single limited access,-33.854811,151.20904,Sydney,Sydney metro. area,Syd-Newc-Woll Gtr conurbation,Straight,Other bridge,,,Off,Sealed,Dry,Fine,Daylight,Nil,No traffic controls,70 km/h,State,40,U turn,304,Same - U-turn,,Other angle,Light truck,Motorcycle,2,0,0,1,0,9,September,Spring,Wednesday,14:00 - 15:59,Midday / afternoon,False,False,True,True
1363832,Injury,Moderate Injury,2024,2024,May,Thursday,18:00 - 19:59,GRIFFEN,RD,0,Right on the spot,RACECOURSE,RD,TERALBA,,No,Not a school zone,T-junction,-32.94059,151.621294,Lake Macquarie,Newcastle met. area,Syd-Newc-Woll Gtr conurbation,Curved,,,"Loose gravel, sealed",Nil,Sealed,Dry,Fine,Darkness,Nil,No traffic controls,80 km/h,Local,81,Off left/rt bnd=>obj,803,Off right bend into obj,Left,Vehicle - Object,Motorcycle,,1,0,0,1,0,5,May,Autumn,Thursday,18:00 - 19:59,PM peak / evening commute,True,False,True,True
1363834,Injury,Minor/Other Injury,2024,2024,September,Saturday,22:00 - Midnight,CUMBERLAND,HWY,0,Right on the spot,YARRARA,RD,PENNANT HILLS,13.0,No,Not a school zone,T-junction,-33.739168,151.071122,Hornsby,Sydney metro. area,Syd-Newc-Woll Gtr conurbation,Straight,,,,On,Sealed,Dry,Fine,Darkness,On,No traffic controls,70 km/h,State,73,Off rd rght => obj,704,Right off cway into obj,,Vehicle - Object,Car (sedan/hatch),,1,0,0,0,1,9,September,Spring,Saturday,22:00 - Midnight,Evening / night,False,False,True,True
1363835,Injury,Moderate Injury,2024,2024,September,Thursday,00:01 - 01:59,FREEMANS REACH,RD,0,Right on the spot,NUMBER 184,HN,FREEMANS REACH,7207.0,No,Not a school zone,2-way undivided,-33.585707,150.82596,Hawkesbury,Country urban,Syd-Newc-Woll Gtr conurbation,Straight,,,,Nil,Sealed,Dry,Fine,Darkness,Nil,No traffic controls,80 km/h,Regional,73,Off rd rght => obj,704,Right off cway into obj,,Vehicle - Object,Light truck utility(from 2018),,1,0,0,1,0,9,September,Spring,Thursday,00:01 - 01:59,Late night / early morning,False,False,True,True
1363836,Injury,Moderate Injury,2024,2024,September,Monday,08:00 - 09:59,BELMORE,RD,0,Right on the spot,HANNANS,RD,RIVERWOOD,2050.0,No,Not a school zone,T-junction,-33.945381,151.0534,Canterbury-Bankstown,Sydney metro. area,Syd-Newc-Woll Gtr conurbation,Straight,,,,Off,Sealed,Dry,Fine,Daylight,On,No traffic controls,50 km/h,Regional,35,Lane change left,307,Same - Lane change left,,Other angle,Car (sedan/hatch),Unknown motor vehicle,3,0,0,1,0,9,September,Spring,Monday,08:00 - 09:59,AM peak / school commute,True,False,True,True
1363838,Injury,Serious Injury,2024,2024,September,Friday,12:00 - 13:59,UPPER WARRELL CREEK,RD,20,West,WALLACE,ST,MACKSVILLE,,No,Not a school zone,2-way undivided,-30.728552,152.916109,Nambucca Valley,Country urban,Rest of NSW - Urban,Straight,,,,Nil,Sealed,Dry,Fine,Daylight,Nil,No traffic controls,60 km/h,Local,4,Ped walk with,5,Ped - Walking with traffic,,Vehicle - Pedestrian,Light truck,Ped in toy vehicle,2,0,1,0,0,9,September,Spring,Friday,12:00 - 13:59,Midday / afternoon,False,False,True,True
1363839,Injury,Serious Injury,2024,2024,September,Saturday,12:00 - 13:59,LANCASTER,ST,0,Right on the spot,KILDARE,RD,BLACKTOWN,7465.0,Yes,No,X-intersection,-33.769156,150.892413,Blacktown,Sydney metro. area,Syd-Newc-Woll Gtr conurbation,Straight,,,,Nil,Sealed,Dry,Fine,Daylight,On,Ped crossing,60 km/h,Regional,0,Ped nearside,1,Ped - Near side,,Vehicle - Pedestrian,4 wheel drive / SUV,Pedestrian,2,0,1,0,0,9,September,Spring,Saturday,12:00 - 13:59,Midday / afternoon,False,False,True,True
1363840,Injury,Serious Injury,2024,2024,September,Tuesday,08:00 - 09:59,CUMBERLAND,RD,0,Right on the spot,NUMBER 59A,HN,INGLEBURN,7198.0,No,Not a school zone,2-way undivided,-33.999031,150.868996,Campbelltown,Sydney metro. area,Syd-Newc-Woll Gtr conurbation,Straight,Driveway/entrance,,,Nil,Sealed,Dry,Fine,Daylight,Nil,No traffic controls,60 km/h,Regional,7,Driveway,7,Ped - driveway,,Vehicle - Pedestrian,Station wagon,Pedestrian,2,0,1,0,0,9,September,Spring,Tuesday,08:00 - 09:59,AM peak / school commute,True,False,True,True
1363842,Injury,Serious Injury,2024,2024,September,Wednesday,20:00 - 21:59,PUTTY,RD,1030,South,UPPER COLO,RD,BLAXLANDS RIDGE,503.0,No,Not a school zone,2-way undivided,-33.437879,150.825538,Hawkesbury,Country urban,Syd-Newc-Woll Gtr conurbation,Curved,Painted double centre lines,,,Nil,Sealed,Dry,Fine,Darkness,Nil,No traffic controls,80 km/h,State,85,Off rt/lft bnd=>obj,804,Off left bend into obj,Right,Vehicle - Object,Car (sedan/hatch),,1,0,1,0,0,9,September,Spring,Wednesday,20:00 - 21:59,Evening / night,False,False,True,True
1363843,Injury,Serious Injury,2024,2024,September,Saturday,16:00 - 17:59,NORTH CREEK,RD,55,North,TAMARIND,DR,BALLINA,,No,Not a school zone,2-way undivided,-28.850783,153.554526,Ballina,Country urban,Rest of NSW - Urban,Straight,Driveway/entrance,,,Nil,Sealed,Dry,Fine,Dusk,Nil,No traffic controls,50 km/h,Local,7,Driveway,7,Ped - driveway,,Vehicle - Pedestrian,Light truck utility(from 2018),Pedestrian,2,0,1,0,0,9,September,Spring,Saturday,16:00 - 17:59,PM peak / evening commute,True,False,True,True
1363844,Injury,Serious Injury,2024,2024,September,Tuesday,08:00 - 09:59,ST JAMES,RD,0,Right on the spot,MACKIE,AVE,NEW LAMBTON,188.0,Yes,No,T-junction,-32.932101,151.718999,Newcastle,Newcastle met. area,Syd-Newc-Woll Gtr conurbation,Straight,Foot/cycle path/nature strip,,,Off,Sealed,Dry,Fine,Daylight,Nil,No traffic controls,60 km/h,Regional,48,From footpath,408,Manov - From footway,,Other angle,Pedal cycle,Car (sedan/hatch),2,0,1,0,0,9,September,Spring,Tuesday,08:00 - 09:59,AM peak / school commute,True,False,True,True
1363845,Injury,Serious Injury,2024,2024,August,Wednesday,20:00 - 21:59,HEATHCOTE,RD,100,South,INFANTRY,PDE,HOLSWORTHY,512.0,No,Not a school zone,2-way undivided,-33.95639,150.956296,Liverpool,Sydney metro. area,Syd-Newc-Woll Gtr conurbation,Curved,,Roadwks/Detour/Diverson,,Nil,Sealed,Dry,Fine,Darkness,Nil,No traffic controls,60 km/h,State,81,Off left/rt bnd=>obj,803,Off right bend into obj,Left,Vehicle - Object,Motorcycle,,1,0,1,0,0,8,August,Winter,Wednesday,20:00 - 21:59,Evening / night,False,False,True,True
1363846,Injury,Moderate Injury,2024,2024,September,Saturday,16:00 - 17:59,NEWCASTLE,EXP,500,North,PACIFIC JIGHWAY,TO,COWAN,6003.0,No,Not a school zone,Dual freeway,-33.597241,151.172349,Hornsby,Sydney metro. area,Syd-Newc-Woll Gtr conurbation,Curved,,,,On,Sealed,Dry,Fine,Darkness,Nil,No traffic controls,110 km/h,State,30,Rear end,301,Same - Rear end,,Rear end,Car (sedan/hatch),4 wheel drive / SUV,3,0,0,1,1,9,September,Spring,Saturday,16:00 - 17:59,PM peak / evening commute,True,False,True,True
1363849,Injury,Moderate Injury,2024,2024,September,Thursday,08:00 - 09:59,MT OUSLEY,RD,200,North,NEW MT PLEASANT,OP,MOUNT PLEASANT,95.0,No,Not a school zone,Divided road,-34.39731,150.868146,Wollongong,Wollongong met. area,Syd-Newc-Woll Gtr conurbation,Curved,Steep grade,,,Unknown / not stated,Sealed,Wet,Raining,Daylight,Nil,No traffic controls,80 km/h,State,30,Rear end,301,Same - Rear end,,Rear end,4 wheel drive / SUV,4 wheel drive / SUV,10,0,0,2,0,9,September,Spring,Thursday,08:00 - 09:59,AM peak / school commute,True,False,True,True
1363854,Injury,Moderate Injury,2024,2024,September,Thursday,10:00 - 11:59,LEAWARRA,AVE,0,Right on the spot,ULSTER,AVE,WARILLA,,Yes,No,X-intersection,-34.557999,150.853929,Shellharbour,Wollongong met. area,Syd-Newc-Woll Gtr conurbation,Straight,,,,Unknown / not stated,Sealed,Wet,Raining,Daylight,Nil,Give way sign,50 km/h,Local,10,Cross traffic,101,Adj - Cross traffic,,Right angle,Car (sedan/hatch),Car (sedan/hatch),2,0,0,1,0,9,September,Spring,Thursday,10:00 - 11:59,Midday / afternoon,False,False,True,True
1363855,Injury,Minor/Other Injury,2024,2024,September,Friday,12:00 - 13:59,BATHURST,ST,0,Right on the spot,KENT,ST,SYDNEY,7306.0,Yes,No,X-intersection,-33.874224,151.205273,Sydney,Sydney metro. area,Syd-Newc-Woll Gtr conurbation,Straight,,,,On,Sealed,Dry,Fine,Daylight,On,No traffic controls,40 km/h,Regional,10,Cross traffic,101,Adj - Cross traffic,,Right angle,Pedal cycle,4 wheel drive / SUV,2,0,0,0,1,9,September,Spring,Friday,12:00 - 13:59,Midday / afternoon,False,False,True,True
1363856,Injury,Minor/Other Injury,2024,2024,August,Saturday,14:00 - 15:59,PRINCES,HWY,10,North,RIVERSIDE,DR,NAROOMA,1.0,No,Not a school zone,T-junction,-36.211684,150.122647,Eurobodalla,Country urban,Rest of NSW - Urban,Straight,,,,Off,Sealed,Dry,Fine,Daylight,Nil,No traffic controls,50 km/h,State,30,Rear end,301,Same - Rear end,,Rear end,Unknown motor vehicle,4 wheel drive / SUV,2,0,0,0,1,8,August,Winter,Saturday,14:00 - 15:59,Midday / afternoon,False,False,True,True
1363857,Injury,Moderate Injury,2024,2024,September,Tuesday,16:00 - 17:59,ALMETA,ST,10,South,ALMETA,ST,SCHOFIELDS,,No,Not a school zone,T-junction,-33.710475,150.885802,Blacktown,Sydney metro. area,Syd-Newc-Woll Gtr conurbation,Straight,Steep grade,,,Nil,Sealed,Dry,Fine,Daylight,Nil,No traffic controls,50 km/h,Local,85,Off rt/lft bnd=>obj,706,Left turn,Right,Vehicle - Object,4 wheel drive / SUV,,1,0,0,1,0,9,September,Spring,Tuesday,16:00 - 17:59,PM peak / evening commute,True,False,True,True
1363858,Injury,Moderate Injury,2024,2024,September,Wednesday,08:00 - 09:59,MANILLA,RD,0,Right on the spot,BORAH,RD,UPPER MANILLA,63.0,No,Not a school zone,T-junction,-30.547089,150.613385,Tamworth Regional,Country non-urban,Rest of NSW - Rural,Straight,,,,Nil,Sealed,Dry,Fine,Daylight,Nil,No traffic controls,100 km/h,State,67,Struck animal,609,On path - Hit animal,,Vehicle - Animal,4 wheel drive / SUV,,1,0,0,1,0,9,September,Spring,Wednesday,08:00 - 09:59,AM peak / school commute,True,False,True,True
1363859,Injury,Minor/Other Injury,2024,2024,September,Thursday,04:00 - 05:59,THE KINGSWAY,MS,100,East,WERRINGTON,RD,WERRINGTON,,Yes,No,2-way undivided,-33.76569,150.759272,Penrith,Sydney metro. area,Syd-Newc-Woll Gtr conurbation,Curved,,,,Nil,Sealed,Dry,Fine,Dawn,Nil,No traffic controls,60 km/h,Local,83,Off rt/rt bnd=>obj,803,Off right bend into obj,Right,Vehicle - Object,Car (sedan/hatch),,1,0,0,0,1,9,September,Spring,Thursday,04:00 - 05:59,Late night / early morning,False,False,True,True
1363860,Injury,Serious Injury,2024,2024,September,Wednesday,06:00 - 07:59,HOWLONG,RD,1000,West,CARROLLS,LANE,BALLDALE,,No,Not a school zone,2-way undivided,-35.887671,146.546416,Greater Hume,Country non-urban,Rest of NSW - Rural,Curved,,,,Nil,Sealed,Wet,Raining,Daylight,Nil,No traffic controls,100 km/h,Local,20,Head on,201,Opp - Head on,,Head-on,4 wheel drive / SUV,Light truck,2,0,1,0,0,9,September,Spring,Wednesday,06:00 - 07:59,AM peak / school commute,True,False,True,True
1363861,Injury,Moderate Injury,2024,2024,September,Saturday,22:00 - Midnight,DEROWIE,ST,0,Right on the spot,LOFTUS,ST,MANILDRA,,Yes,No,X-intersection,-33.184099,148.694377,Cabonne,Country urban,Rest of NSW - Urban,Straight,,,,Nil,Sealed,Dry,Fine,Darkness,Nil,Give way sign,50 km/h,Local,73,Off rd rght => obj,704,Right off cway into obj,,Vehicle - Object,4 wheel drive / SUV,,1,0,0,1,0,9,September,Spring,Saturday,22:00 - Midnight,Evening / night,False,False,True,True
1363862,Injury,Serious Injury,2024,2024,September,Friday,06:00 - 07:59,PRINCES,HWY,0,Right on the spot,SUTHERLAND,ST,ST PETERS,1.0,No,Not a school zone,T-junction,-33.916644,151.172645,Inner West,Sydney metro. area,Syd-Newc-Woll Gtr conurbation,Straight,,,,Off,Sealed,Dry,Fine,Daylight,Nil,No traffic controls,60 km/h,State,37,Left turn sideswipe,309,Same - Left turn side swipe,,Other angle,Large rigid,Motor scooter,2,0,1,0,0,9,September,Spring,Friday,06:00 - 07:59,AM peak / school commute,True,False,True,True
1363863,Injury,Minor/Other Injury,2024,2024,September,Wednesday,16:00 - 17:59,BILAMBIL,RD,0,Right on the spot,MCALLISTERS,RD,BILAMBIL HEIGHTS,,No,Not a school zone,Roundabout,-28.215531,153.483604,Tweed,Country urban,Rest of NSW - Urban,Curved,,,,Nil,Sealed,Dry,Fine,Daylight,Nil,Give way sign,50 km/h,Local,10,Cross traffic,101,Adj - Cross traffic,,Right angle,4 wheel drive / SUV,Motorcycle,2,0,0,0,2,9,September,Spring,Wednesday,16:00 - 17:59,PM peak / evening commute,True,False,True,True
1363866,Injury,Serious Injury,2024,2024,September,Monday,06:00 - 07:59,DEPARTURE,MS,315,North,ARRIVAL,CCT,MASCOT,,No,Not a school zone,1-way street,-33.936941,151.165463,Bayside,Sydney metro. area,Syd-Newc-Woll Gtr conurbation,Straight,,,,Off,Sealed,Dry,Fine,Dawn,Nil,Ped crossing,20 km/h,Local,2,Ped far side,3,Ped - Far side,,Vehicle - Pedestrian,Passenger van,Pedestrian,2,0,1,0,0,9,September,Spring,Monday,06:00 - 07:59,AM peak / school commute,True,False,True,True
1363868,Injury,Serious Injury,2024,2024,September,Sunday,00:01 - 01:59,HOLBROOK,RD,700,North,INDIGO,DR,SPRINGVALE,211.0,No,Not a school zone,2-way undivided,-35.165125,147.33455,Wagga Wagga,Country urban,Rest of NSW - Urban,Curved,Steep grade,,,Nil,Sealed,Dry,Fine,Darkness,Nil,No traffic controls,80 km/h,Regional,81,Off left/rt bnd=>obj,803,Off right bend into obj,Left,Vehicle - Object,Car (sedan/hatch),,1,0,1,0,0,9,September,Spring,Sunday,00:01 - 01:59,Late night / early morning,False,False,True,True
1363869,Injury,Minor/Other Injury,2024,2024,September,Sunday,18:00 - 19:59,CHAPEL,RD,20,South,HIXSON,ST,BANKSTOWN,7122.0,No,Not a school zone,2-way undivided,-33.929182,151.029862,Canterbury-Bankstown,Sydney metro. area,Syd-Newc-Woll Gtr conurbation,Straight,Steep grade,,,On,Sealed,Dry,Fine,Darkness,Nil,No traffic controls,60 km/h,Regional,33,Lane sideswipe,305,Same - Lane side swipe,,Other angle,Unknown motor vehicle,Car (sedan/hatch),2,0,0,0,1,9,September,Spring,Sunday,18:00 - 19:59,PM peak / evening commute,True,False,True,True
1363871,Injury,Serious Injury,2024,2024,September,Friday,06:00 - 07:59,POINT PLOMER,RD,500,North,BIG HILL,TRL,CRESCENT HEAD,,No,Not a school zone,2-way undivided,-31.276146,152.964395,Kempsey,Country urban,Rest of NSW - Urban,Curved,Embankment/cutting,,,Nil,Unsealed,Dry,Fine,Darkness,Nil,No traffic controls,50 km/h,Local,81,Off left/rt bnd=>obj,803,Off right bend into obj,Left,Vehicle - Object,4 wheel drive / SUV,,1,0,2,0,0,9,September,Spring,Friday,06:00 - 07:59,AM peak / school commute,True,False,True,True
1363872,Injury,Serious Injury,2024,2024,September,Saturday,18:00 - 19:59,NEW ENGLAND,HWY,0,Right on the spot,ST AUBINS,ST,SCONE,9.0,No,Not a school zone,T-junction,-32.047432,150.858853,Upper Hunter,Country urban,Rest of NSW - Urban,Straight,,,,Nil,Sealed,Dry,Fine,Dusk,Nil,Stop sign,50 km/h,State,30,Rear end,301,Same - Rear end,,Rear end,Unknown motor vehicle,Car (sedan/hatch),2,0,1,0,0,9,September,Spring,Saturday,18:00 - 19:59,PM peak / evening commute,True,False,True,True
1363873,Injury,Moderate Injury,2024,2024,September,Thursday,20:00 - 21:59,COOLAMON SCENIC,DR,280,West,MOUNTAIN VIEW,RD,OCEAN SHORES,,No,Not a school zone,2-way undivided,-28.518719,153.52225,Byron,Country non-urban,Rest of NSW - Rural,Curved,,,,Nil,Sealed,Wet,Raining,Darkness,Nil,No traffic controls,100 km/h,Local,83,Off rt/rt bnd=>obj,803,Off right bend into obj,Right,Vehicle - Object,Light truck,,1,0,0,1,0,9,September,Spring,Thursday,20:00 - 21:59,Evening / night,False,False,True,True
1363874,Injury,Moderate Injury,2024,2024,September,Friday,10:00 - 11:59,BEDGERABONG,RD,0,Right on the spot,FARNELL,ST,FORBES,,No,Not a school zone,Roundabout,-33.383964,148.001583,Forbes,Country urban,Rest of NSW - Urban,Straight,,,,Nil,Sealed,Dry,Fine,Daylight,Nil,Give way sign,50 km/h,Local,10,Cross traffic,101,Adj - Cross traffic,,Right angle,Car (sedan/hatch),4 wheel drive / SUV,2,0,0,1,0,9,September,Spring,Friday,10:00 - 11:59,Midday / afternoon,False,False,True,True
1363875,Injury,Minor/Other Injury,2024,2024,September,Monday,22:00 - Midnight,SPRING,ST,10,East,PITT,ST,SYDNEY,,No,Not a school zone,T-junction,-33.864904,151.20882,Sydney,Sydney metro. area,Syd-Newc-Woll Gtr conurbation,Straight,,,,On,Sealed,Dry,Fine,Darkness,Nil,No left turn,40 km/h,Local,40,U turn,304,Same - U-turn,,Other angle,Car (sedan/hatch),Pedal cycle,2,0,0,0,1,9,September,Spring,Monday,22:00 - Midnight,Evening / night,False,False,True,True
1363876,Injury,Moderate Injury,2024,2024,August,Friday,06:00 - 07:59,OLD PACIFIC,HWY,20,South,PARKER,RD,HALFWAY CREEK,,No,Not a school zone,2-way undivided,-29.892503,153.060026,Clarence Valley,Country non-urban,Rest of NSW - Rural,Straight,,,,Nil,Sealed,Dry,Fine,Daylight,Nil,No traffic controls,100 km/h,Local,20,Head on,201,Opp - Head on,,Head-on,Light truck utility(from 2018),Light truck utility(from 2018),2,0,0,1,0,8,August,Winter,Friday,06:00 - 07:59,AM peak / school commute,True,False,True,True
1363877,Injury,Minor/Other Injury,2024,2024,September,Tuesday,12:00 - 13:59,DRUITT,ST,0,Right on the spot,GEORGE,ST,SYDNEY,7307.0,No,Not a school zone,X-intersection,-33.873031,151.207073,Sydney,Sydney metro. area,Syd-Newc-Woll Gtr conurbation,Straight,,,,Off,Sealed,Dry,Fine,Daylight,On,Ped crossing,40 km/h,Regional,2,Ped far side,3,Ped - Far side,,Vehicle - Pedestrian,Light truck,Pedestrian,2,0,0,0,1,9,September,Spring,Tuesday,12:00 - 13:59,Midday / afternoon,False,False,True,True
1363880,Injury,Moderate Injury,2024,2024,September,Wednesday,16:00 - 17:59,GOLDEN,GR,0,Right on the spot,SIRIUS,RD,BLIGH PARK,,No,Not a school zone,T-junction,-33.633661,150.793676,Hawkesbury,Country urban,Syd-Newc-Woll Gtr conurbation,Straight,Spd hump/slow pt/chc,,,Off,Sealed,Dry,Fine,Daylight,Nil,No traffic controls,50 km/h,Local,74,On road-out of cont.,705,Out of control on cway,,Rollover,Motorcycle,,1,0,0,1,0,9,September,Spring,Wednesday,16:00 - 17:59,PM peak / evening commute,True,False,True,True
1363881,Injury,Serious Injury,2024,2024,August,Wednesday,06:00 - 07:59,PRINCES,HWY,20,South,ALLEN,ST,ARNCLIFFE,1.0,No,Not a school zone,Divided road,-33.935733,151.150545,Bayside,Sydney metro. area,Syd-Newc-Woll Gtr conurbation,Straight,,,,Off,Sealed,Wet,Raining,Dawn,Nil,No traffic controls,60 km/h,State,0,Ped nearside,1,Ped - Near side,,Vehicle - Pedestrian,Light truck,Pedestrian,3,0,1,0,0,8,August,Winter,Wednesday,06:00 - 07:59,AM peak / school commute,True,False,True,True
1363883,Injury,Serious Injury,2024,2024,September,Saturday,02:00 - 03:59,MEMORIAL,DR,60,North,SOUTHERN EXPRESSWAY,TO,GWYNNEVILLE,626.0,No,Not a school zone,Other,-34.414097,150.882344,Wollongong,Wollongong met. area,Syd-Newc-Woll Gtr conurbation,Straight,Embankment/cutting,,,On,Sealed,Dry,Fine,Darkness,Nil,No traffic controls,80 km/h,State,73,Off rd rght => obj,704,Right off cway into obj,,Vehicle - Object,Car (sedan/hatch),,1,0,3,0,0,9,September,Spring,Saturday,02:00 - 03:59,Late night / early morning,False,False,True,True
1363884,Injury,Serious Injury,2024,2024,July,Wednesday,18:00 - 19:59,RAILWAY,CRES,110,North,BULLER,ST,JANNALI,,No,Not a school zone,2-way undivided,-34.018479,151.065176,Sutherland,Sydney metro. area,Syd-Newc-Woll Gtr conurbation,Curved,,,,On,Sealed,Dry,Fine,Darkness,Nil,No traffic controls,50 km/h,Local,81,Off left/rt bnd=>obj,803,Off right bend into obj,Left,Other angle,Car (sedan/hatch),4 wheel drive / SUV,2,0,1,0,0,7,July,Winter,Wednesday,18:00 - 19:59,PM peak / evening commute,True,False,True,True