crash_id,degree_of_crash,degree_of_crash_-_detailed,reporting_year,year_of_crash,month_of_crash,day_of_week_of_crash,two-hour_intervals,street_of_crash,street_type,distance,direction,identifying_feature,identifying_feature_type,town,route_no.,school_zone_location,school_zone_active,type_of_location,latitude,longitude,lga,urbanisation,conurbation_1,alignment,primary_permanent_feature,primary_temporary_feature,primary_hazardous_feature,street_lighting,road_surface,surface_condition,weather,natural_lighting,signals_operation,other_traffic_control,speed_limit,road_classification_(admin),rum_-_code,rum_-_description,dca_-_code,dca_-_description,dca_supplement,first_impact_type,key_tu_type,other_tu_type,no._of_traffic_units_involved,no._killed,no._seriously_injured,no._moderately_injured,no._minor-other_injured,month_num,month_label,season,day_label,time_label,time_band,is_peak_commute,is_fatal,is_injury,is_casualty
1363886,Injury,Serious Injury,2024,2024,September,Tuesday,18:00 - 19:59,MITCHELL,HWY,50,East,NORTH BURRABADINE,RD,DUBBO,7.0,No,Not a school zone,2-way undivided,-32.200516,148.522892,Dubbo Regional,Country non-urban,Rest of NSW - Rural,Straight,Embankment/cutting,,,Nil,Sealed,Dry,Fine,Dusk,Nil,No traffic controls,110 km/h,State,71,Off rd left => obj,703,Left off cway into object,,Vehicle - Object,Station wagon,,1,0,2,0,0,9,September,Spring,Tuesday,18:00 - 19:59,PM peak / evening commute,True,False,True,True
1363888,Injury,Moderate Injury,2024,2024,September,Friday,16:00 - 17:59,CLARENCE,ST,0,Right on the spot,JAMISON,ST,SYDNEY,,No,Not a school zone,T-junction,-33.864394,151.204764,Sydney,Sydney metro. area,Syd-Newc-Woll Gtr conurbation,Straight,,,,On,Sealed,Dry,Fine,Darkness,On,No traffic controls,40 km/h,Local,33,Lane sideswipe,305,Same - Lane side swipe,,Other angle,4 wheel drive / SUV,Other bus,3,0,0,1,0,9,September,Spring,Friday,16:00 - 17:59,PM peak / evening commute,True,False,True,True
1363892,Injury,Serious Injury,2024,2024,August,Thursday,20:00 - 21:59,KURRAJONG,RD,0,Right on the spot,OLD KURRAJONG,RD,RICHMOND,184.0,No,Not a school zone,X-intersection,-33.588616,150.729479,Hawkesbury,Country urban,Syd-Newc-Woll Gtr conurbation,Straight,,,,On,Sealed,Dry,Fine,Darkness,Nil,Give way sign,60 km/h,State,0,Ped nearside,1,Ped - Near side,,Vehicle - Pedestrian,4 wheel drive / SUV,Pedestrian,2,0,1,0,0,8,August,Winter,Thursday,20:00 - 21:59,Evening / night,False,False,True,True
1363893,Injury,Moderate Injury,2024,2024,September,Friday,16:00 - 17:59,ANZAC,PDE,0,Right on the spot,MAROUBRA,RD,MAROUBRA,661.0,No,Not a school zone,X-intersection,-33.941589,151.239108,Randwick,Sydney metro. area,Syd-Newc-Woll Gtr conurbation,Straight,,,,Nil,Sealed,Dry,Fine,Daylight,Unknown / not stated,No traffic controls,50 km/h,State,1,Ped emerging,2,Ped - emerging,,Vehicle - Pedestrian,Car (sedan/hatch),Pedestrian,2,0,0,1,0,9,September,Spring,Friday,16:00 - 17:59,PM peak / evening commute,True,False,True,True
1363894,Injury,Moderate Injury,2024,2024,September,Sunday,12:00 - 13:59,CROSS,ST,0,Right on the spot,CHEMIST WAREHOUSE,ENT,BROOKVALE,,No,Not a school zone,Divided road,-33.765972,151.269002,Northern Beaches,Sydney metro. area,Syd-Newc-Woll Gtr conurbation,Straight,Driveway/entrance,,,Off,Sealed,Dry,Fine,Daylight,Nil,No traffic controls,50 km/h,Local,47,Emerging from drive,406,Manov - Emerging from driveway,,Right angle,Light truck utility(from 2018),Car (sedan/hatch),2,0,0,1,0,9,September,Spring,Sunday,12:00 - 13:59,Midday / afternoon,False,False,True,True
1363896,Injury,Moderate Injury,2024,2024,September,Tuesday,10:00 - 11:59,LIVERPOOL,ST,0,Right on the spot,WENTWORTH,AVE,SURRY HILLS,7304.0,No,Not a school zone,X-intersection,-33.876951,151.212087,Sydney,Sydney metro. area,Syd-Newc-Woll Gtr conurbation,Straight,,,,Off,Sealed,Dry,Fine,Daylight,On,No traffic controls,40 km/h,Regional,0,Ped nearside,1,Ped - Near side,,Vehicle - Pedestrian,Car (sedan/hatch),Pedestrian,2,0,0,1,0,9,September,Spring,Tuesday,10:00 - 11:59,Midday / afternoon,False,False,True,True
1363897,Injury,Moderate Injury,2024,2024,September,Wednesday,06:00 - 07:59,M7 WESTLINK,EXP,0,Right on the spot,THE HORSLEY DRIVE,TO,HORSLEY PARK,6009.0,No,Not a school zone,Dual freeway,-33.847202,150.853547,Fairfield,Sydney metro. area,Syd-Newc-Woll Gtr conurbation,Straight,,Roadwks/Detour/Diverson,,Nil,Sealed,Wet,Raining,Daylight,Nil,No traffic controls,80 km/h,State,30,Rear end,301,Same - Rear end,,Rear end,Semi-trailer,4 wheel drive / SUV,2,0,0,1,0,9,September,Spring,Wednesday,06:00 - 07:59,AM peak / school commute,True,False,True,True
1363898,Injury,Serious Injury,2024,2024,August,Saturday,08:00 - 09:59,MAITLAND,RD,0,Right on the spot,INGALL,ST,MAYFIELD,464.0,No,Not a school zone,T-junction,-32.904441,151.745764,Newcastle,Newcastle met. area,Syd-Newc-Woll Gtr conurbation,Straight,,,,Off,Sealed,Dry,Fine,Daylight,On,No traffic controls,60 km/h,Regional,21,Right through,202,Opp - Right-thru,,Other angle,Motorcycle,Car (sedan/hatch),2,0,1,0,0,8,August,Winter,Saturday,08:00 - 09:59,AM peak / school commute,True,False,True,True
1363899,Injury,Moderate Injury,2024,2024,June,Saturday,16:00 - 17:59,MILINA,RD,0,Right on the spot,WATTLE TREE,RD,HOLGATE,,No,Not a school zone,T-junction,-33.42052,151.399984,Central Coast,Country urban,Syd-Newc-Woll Gtr conurbation,Straight,,,,On,Sealed,Wet,Fine,Dusk,Nil,Stop sign,50 km/h,Local,14,2 right turning,105,Adj - Two right turning,,Right angle,Light truck utility(from 2018),Car (sedan/hatch),2,0,0,1,0,6,June,Winter,Saturday,16:00 - 17:59,PM peak / evening commute,True,False,True,True
1363901,Injury,Serious Injury,2024,2024,September,Saturday,14:00 - 15:59,PRINCES,HWY,0,Right on the spot,LEMON TREE CREEK,BDGE,TERMEIL,1.0,No,Not a school zone,2-way undivided,-35.445719,150.387591,Shoalhaven,Country non-urban,Rest of NSW - Rural,Straight,Other bridge,,,Nil,Sealed,Dry,Fine,Daylight,Nil,No traffic controls,100 km/h,State,66,Object on road,607,On path - Hit temp object,,Vehicle - Object,Motorcycle,,1,0,1,0,0,9,September,Spring,Saturday,14:00 - 15:59,Midday / afternoon,False,False,True,True
1363902,Injury,Minor/Other Injury,2024,2024,September,Wednesday,16:00 - 17:59,KISSING POINT,RD,0,Right on the spot,ADDERTON,RD,DUNDAS,574.0,No,Not a school zone,T-junction,-33.801158,151.040625,Parramatta,Sydney metro. area,Syd-Newc-Woll Gtr conurbation,Straight,,,,Unknown / not stated,Sealed,Dry,Fine,Daylight,Nil,No traffic controls,60 km/h,State,11,Right far,102,Adj - Right-thru from left,,Right angle,Light truck,Car (sedan/hatch),2,0,0,0,1,9,September,Spring,Wednesday,16:00 - 17:59,PM peak / evening commute,True,False,True,True
1363906,Injury,Moderate Injury,2024,2024,October,Wednesday,12:00 - 13:59,NULLAMANNA,RD,0,Right on the spot,THE POCKET,RD,PINDAROI,,No,Not a school zone,T-junction,-29.508223,151.310546,Inverell,Country non-urban,Rest of NSW - Rural,Curved,,,,Unknown / not stated,Unsealed,Dry,Fine,Daylight,Nil,Other traf. control,100 km/h,Local,81,Off left/rt bnd=>obj,707,Right turn,Left,Vehicle - Object,4 wheel drive / SUV,,1,0,0,1,2,10,October,Spring,Wednesday,12:00 - 13:59,Midday / afternoon,False,False,True,True
1363913,Injury,Minor/Other Injury,2024,2024,August,Thursday,08:00 - 09:59,KING,ST,0,Right on the spot,LEES,CT,SYDNEY,7308.0,No,Not a school zone,T-junction,-33.868936,151.208683,Sydney,Sydney metro. area,Syd-Newc-Woll Gtr conurbation,Straight,,,,Unknown / not stated,Sealed,Dry,Fine,Daylight,Nil,No traffic controls,40 km/h,Regional,37,Left turn sideswipe,309,Same - Left turn side swipe,,Other angle,4 wheel drive / SUV,Pedal cycle,2,0,0,0,1,8,August,Winter,Thursday,08:00 - 09:59,AM peak / school commute,True,False,True,True
1363914,Injury,Minor/Other Injury,2024,2024,September,Monday,14:00 - 15:59,CUMBERLAND,HWY,0,Right on the spot,JOSEPH,ST,CANLEY HEIGHTS,13.0,No,Not a school zone,X-intersection,-33.888259,150.92284,Fairfield,Sydney metro. area,Syd-Newc-Woll Gtr conurbation,Straight,,,,Unknown / not stated,Sealed,Dry,Fine,Daylight,On,No traffic controls,70 km/h,State,30,Rear end,301,Same - Rear end,,Rear end,Large rigid,Passenger van,2,0,0,0,1,9,September,Spring,Monday,14:00 - 15:59,Midday / afternoon,False,False,True,True
1363916,Injury,Moderate Injury,2024,2024,September,Saturday,12:00 - 13:59,MOWBRAY,RD,0,Right on the spot,HERCULES,ST,ARTARMON,2092.0,No,Not a school zone,T-junction,-33.801487,151.189258,Willoughby,Sydney metro. area,Syd-Newc-Woll Gtr conurbation,Curved,,,,Unknown / not stated,Sealed,Dry,Fine,Daylight,Nil,Give way sign,50 km/h,Regional,30,Rear end,301,Same - Rear end,,Rear end,Car (sedan/hatch),Car (sedan/hatch),3,0,0,1,1,9,September,Spring,Saturday,12:00 - 13:59,Midday / afternoon,False,False,True,True
1363918,Injury,Serious Injury,2024,2024,September,Friday,20:00 - 21:59,O'RIORDAN,ST,20,South,CHURCH,AVE,MASCOT,658.0,No,Not a school zone,2-way undivided,-33.923042,151.191423,Bayside,Sydney metro. area,Syd-Newc-Woll Gtr conurbation,Curved,,,,Unknown / not stated,Sealed,Wet,Raining,Darkness,Nil,No traffic controls,50 km/h,State,87,Off lft/lft bnd=>obj,804,Off left bend into obj,Left,Vehicle - Object,Car (sedan/hatch),,1,0,1,0,0,9,September,Spring,Friday,20:00 - 21:59,Evening / night,False,False,True,True
1363920,Injury,Moderate Injury,2024,2024,August,Saturday,18:00 - 19:59,MT KEIRA,RD,0,Right on the spot,NUMBER 9,HN,WEST WOLLONGONG,,Yes,No,2-way undivided,-34.425173,150.870552,Wollongong,Wollongong met. area,Syd-Newc-Woll Gtr conurbation,Straight,,,,Unknown / not stated,Sealed,Dry,Fine,Darkness,Nil,No traffic controls,50 km/h,Local,71,Off rd left => obj,703,Left off cway into object,,Other angle,Light truck,Car (sedan/hatch),3,0,0,1,0,8,August,Winter,Saturday,18:00 - 19:59,PM peak / evening commute,True,False,True,True
1363925,Injury,Moderate Injury,2024,2024,September,Wednesday,20:00 - 21:59,HUME,HWY,6000,East,YASS VALLEY,WAY,YASS,2.0,No,Not a school zone,Divided road,-34.81133,148.93667,Yass Valley,Country non-urban,Rest of NSW - Rural,Straight,Embankment/cutting,,,Unknown / not stated,Sealed,Wet,Raining,Darkness,Nil,No traffic controls,110 km/h,State,71,Off rd left => obj,703,Left off cway into object,,Vehicle - Object,4 wheel drive / SUV,,1,0,0,2,0,9,September,Spring,Wednesday,20:00 - 21:59,Evening / night,False,False,True,True
1363926,Injury,Minor/Other Injury,2024,2024,June,Friday,20:00 - 21:59,CHURCH,ST,0,Right on the spot,JOHN,ST,LIDCOMBE,2100.0,No,Not a school zone,T-junction,-33.863213,151.04448,Cumberland,Sydney metro. area,Syd-Newc-Woll Gtr conurbation,Straight,,,,On,Sealed,Dry,Fine,Darkness,On,Ped crossing,50 km/h,Regional,0,Ped nearside,1,Ped - Near side,,Vehicle - Pedestrian,Car (sedan/hatch),Pedestrian,2,0,0,0,1,6,June,Winter,Friday,20:00 - 21:59,Evening / night,False,False,True,True
1363930,Injury,Serious Injury,2024,2024,August,Thursday,20:00 - 21:59,MCCARRS CREEK,RD,2000,North,MONA VALE,RD,KU-RING-GAI CHASE,174.0,No,Not a school zone,2-way undivided,-33.668322,151.231914,Northern Beaches,Sydney metro. area,Syd-Newc-Woll Gtr conurbation,Curved,,,,Unknown / not stated,Sealed,Wet,Raining,Darkness,Nil,No traffic controls,50 km/h,State,88,Out of cont on bend,805,Out of control on bend,,Rollover,Motorcycle,,1,0,1,0,0,8,August,Winter,Thursday,20:00 - 21:59,Evening / night,False,False,True,True
1363931,Injury,Minor/Other Injury,2024,2024,August,Wednesday,16:00 - 17:59,DARLING,DR,0,Right on the spot,PIER,ST,HAYMARKET,,No,Not a school zone,Roundabout,-33.877762,151.20049,Sydney,Sydney metro. area,Syd-Newc-Woll Gtr conurbation,Straight,,,,Nil,Sealed,Dry,Fine,Daylight,Nil,Give way sign,50 km/h,Local,10,Cross traffic,101,Adj - Cross traffic,,Right angle,4 wheel drive / SUV,Car (sedan/hatch),2,0,0,0,1,8,August,Winter,Wednesday,16:00 - 17:59,PM peak / evening commute,True,False,True,True
1363935,Injury,Minor/Other Injury,2024,2024,October,Wednesday,12:00 - 13:59,BLAXLAND,RD,0,Right on the spot,FLORENCE,AVE,DENISTONE EAST,139.0,No,Not a school zone,T-junction,-33.796287,151.093119,Ryde,Sydney metro. area,Syd-Newc-Woll Gtr conurbation,Straight,,,,Unknown / not stated,Sealed,Dry,Fine,Daylight,On,No traffic controls,60 km/h,State,30,Rear end,301,Same - Rear end,,Rear end,4 wheel drive / SUV,4 wheel drive / SUV,2,0,0,0,1,10,October,Spring,Wednesday,12:00 - 13:59,Midday / afternoon,False,False,True,True
1363938,Injury,Minor/Other Injury,2024,2024,September,Wednesday,06:00 - 07:59,CHURCH,ST,0,Right on the spot,KEN TUBMAN,DR,MAITLAND,,No,Not a school zone,X-intersection,-32.73384,151.552967,Maitland,Country urban,Rest of NSW - Urban,Straight,,,,Unknown / not stated,Sealed,Dry,Fine,Dawn,On,No traffic controls,40 km/h,Local,10,Cross traffic,101,Adj - Cross traffic,,Right angle,Light truck,4 wheel drive / SUV,2,0,0,0,1,9,September,Spring,Wednesday,06:00 - 07:59,AM peak / school commute,True,False,True,True
1363939,Injury,Minor/Other Injury,2024,2024,July,Wednesday,12:00 - 13:59,MALSBURY,RD,0,Right on the spot,NUMBER 4A,HN,HORNSBY,7243.0,No,Not a school zone,2-way undivided,-33.713648,151.098874,Hornsby,Sydney metro. area,Syd-Newc-Woll Gtr conurbation,Straight,Driveway/entrance,,,Unknown / not stated,Sealed,Dry,Fine,Daylight,Nil,No traffic controls,60 km/h,Regional,31,Left rear,302,Same - Rear left,,Rear end,Car (sedan/hatch),4 wheel drive / SUV,2,0,0,0,1,7,July,Winter,Wednesday,12:00 - 13:59,Midday / afternoon,False,False,True,True
1363942,Injury,Minor/Other Injury,2024,2024,September,Friday,14:00 - 15:59,WESTERN,EXP,100,East,BURNETT STREET,OP,MERRYLANDS,6004.0,No,Not a school zone,Dual freeway,-33.824698,150.988825,Cumberland,Sydney metro. area,Syd-Newc-Woll Gtr conurbation,Curved,,,,Unknown / not stated,Sealed,Dry,Fine,Daylight,Nil,No traffic controls,90 km/h,State,30,Rear end,301,Same - Rear end,,Rear end,4 wheel drive / SUV,Light truck utility(from 2018),3,0,0,0,1,9,September,Spring,Friday,14:00 - 15:59,Midday / afternoon,False,False,True,True
1363943,Injury,Minor/Other Injury,2024,2024,September,Tuesday,10:00 - 11:59,HUME,HWY,0,Right on the spot,NOBLE,AVE,GREENACRE,2.0,No,Not a school zone,T-junction,-33.893314,151.054828,Canterbury-Bankstown,Sydney metro. area,Syd-Newc-Woll Gtr conurbation,Straight,,,,Unknown / not stated,Sealed,Dry,Fine,Daylight,Nil,No traffic controls,70 km/h,State,30,Rear end,301,Same - Rear end,,Rear end,Car (sedan/hatch),Light truck utility(from 2018),2,0,0,0,1,9,September,Spring,Tuesday,10:00 - 11:59,Midday / afternoon,False,False,True,True
1363948,Injury,Moderate Injury,2024,2024,September,Friday,08:00 - 09:59,BALLINA,RD,0,Right on the spot,GREEN,ST,ALSTONVILLE,,No,Not a school zone,X-intersection,-28.84234,153.441879,Ballina,Country urban,Rest of NSW - Urban,Straight,Steep grade,,,Unknown / not stated,Sealed,Wet,Overcast,Daylight,Nil,Stop sign,60 km/h,Local,10,Cross traffic,101,Adj - Cross traffic,,Right angle,Car (sedan/hatch),Light truck utility(from 2018),3,0,0,1,0,9,September,Spring,Friday,08:00 - 09:59,AM peak / school commute,True,False,True,True
1363952,Injury,Moderate Injury,2024,2024,September,Tuesday,08:00 - 09:59,DURHAM,ST,0,Right on the spot,HAVANNAH,ST,BATHURST,,No,Not a school zone,X-intersection,-33.420854,149.588337,Bathurst Regional,Country urban,Rest of NSW - Urban,Straight,,,,Unknown / not stated,Sealed,Dry,Fine,Daylight,Nil,Give way sign,60 km/h,Local,10,Cross traffic,101,Adj - Cross traffic,,Right angle,4 wheel drive / SUV,Station wagon,3,0,0,1,0,9,September,Spring,Tuesday,08:00 - 09:59,AM peak / school commute,True,False,True,True
1363953,Injury,Minor/Other Injury,2024,2024,September,Saturday,00:01 - 01:59,COURABYRA,RD,0,Right on the spot,NUMBER 1190,HN,COURABYRA,,No,Not a school zone,2-way undivided,-35.691406,148.03786,Snowy Valleys,Country non-urban,Rest of NSW - Rural,Curved,,,,Unknown / not stated,Sealed,Wet,Raining,Darkness,Nil,No traffic controls,100 km/h,Local,87,Off lft/lft bnd=>obj,804,Off left bend into obj,Left,Vehicle - Object,Light truck utility(from 2018),,1,0,0,0,2,9,September,Spring,Saturday,00:01 - 01:59,Late night / early morning,False,False,True,True
1363956,Injury,Minor/Other Injury,2024,2024,September,Saturday,14:00 - 15:59,PUNCHBOWL,RD,20,West,ACACIA,AVE,PUNCHBOWL,549.0,No,Not a school zone,2-way undivided,-33.923905,151.057225,Canterbury-Bankstown,Sydney metro. area,Syd-Newc-Woll Gtr conurbation,Straight,,,,Unknown / not stated,Sealed,Dry,Fine,Daylight,Nil,No traffic controls,60 km/h,State,30,Rear end,301,Same - Rear end,,Rear end,Car (sedan/hatch),Car (sedan/hatch),3,0,0,0,1,9,September,Spring,Saturday,14:00 - 15:59,Midday / afternoon,False,False,True,True
1363960,Injury,Minor/Other Injury,2024,2024,September,Thursday,12:00 - 13:59,MENANGLE,RD,0,Right on the spot,GEARY,ST,CAMPBELLTOWN,179.0,No,Not a school zone,T-junction,-34.072858,150.794978,Campbelltown,Sydney metro. area,Syd-Newc-Woll Gtr conurbation,Straight,,,,Unknown / not stated,Sealed,Wet,Raining,Daylight,Nil,Give way sign,60 km/h,State,21,Right through,202,Opp - Right-thru,,Other angle,Station wagon,Car (sedan/hatch),2,0,0,0,1,9,September,Spring,Thursday,12:00 - 13:59,Midday / afternoon,False,False,True,True
1363962,Injury,Minor/Other Injury,2024,2024,September,Thursday,14:00 - 15:59,GREAT WESTERN,HWY,100,East,WEEMALA,AVE,LINDEN,5.0,No,Not a school zone,Divided road,-33.712777,150.517901,Blue Mountains,Country urban,Syd-Newc-Woll Gtr conurbation,Curved,,,,Unknown / not stated,Sealed,Wet,Raining,Daylight,Nil,No traffic controls,80 km/h,State,20,Head on,201,Opp - Head on,,Head-on,Car (sedan/hatch),Light truck,3,0,0,0,1,9,September,Spring,Thursday,14:00 - 15:59,Midday / afternoon,False,False,True,True
1363964,Injury,Minor/Other Injury,2024,2024,September,Thursday,20:00 - 21:59,KISSING POINT,RD,0,Right on the spot,BETTINGTON,RD,OATLANDS,574.0,No,Not a school zone,T-junction,-33.804286,151.026799,Parramatta,Sydney metro. area,Syd-Newc-Woll Gtr conurbation,Straight,,,,Unknown / not stated,Sealed,Wet,Snowing,Darkness,On,No traffic controls,60 km/h,State,30,Rear end,301,Same - Rear end,,Rear end,4 wheel drive / SUV,4 wheel drive / SUV,2,0,0,0,1,9,September,Spring,Thursday,20:00 - 21:59,Evening / night,False,False,True,True
1363965,Injury,Moderate Injury,2024,2024,September,Monday,08:00 - 09:59,GREAT WESTERN,HWY,0,Right on the spot,PRINCES,HWY,GLEBE,5.0,No,Not a school zone,T-junction,-33.884378,151.194801,Sydney,Sydney metro. area,Syd-Newc-Woll Gtr conurbation,Straight,,,,Unknown / not stated,Sealed,Dry,Fine,Daylight,On,No traffic controls,50 km/h,State,30,Rear end,301,Same - Rear end,,Rear end,Motorcycle,Car (sedan/hatch),2,0,0,1,0,9,September,Spring,Monday,08:00 - 09:59,AM peak / school commute,True,False,True,True
1363966,Injury,Minor/Other Injury,2024,2024,September,Monday,12:00 - 13:59,GREAT NORTH,RD,0,Right on the spot,HARRABROOK,AVE,FIVE DOCK,395.0,No,Not a school zone,T-junction,-33.872929,151.127397,Canada Bay,Sydney metro. area,Syd-Newc-Woll Gtr conurbation,Straight,,,,Unknown / not stated,Sealed,Dry,Fine,Daylight,Nil,No traffic controls,60 km/h,State,71,Off rd left => obj,703,Left off cway into object,,Vehicle - Object,Motor scooter,,1,0,0,0,1,9,September,Spring,Monday,12:00 - 13:59,Midday / afternoon,False,False,True,True
1363970,Injury,Moderate Injury,2024,2024,September,Monday,10:00 - 11:59,SHELLCOTE,RD,0,Right on the spot,NUMBER 25,HN,GREENACRE,,No,Not a school zone,2-way undivided,-33.894599,151.056837,Canterbury-Bankstown,Sydney metro. area,Syd-Newc-Woll Gtr conurbation,Straight,,,,Unknown / not stated,Sealed,Dry,Fine,Daylight,Nil,No traffic controls,50 km/h,Local,73,Off rd rght => obj,704,Right off cway into obj,,Vehicle - Object,Car (sedan/hatch),,1,0,0,1,0,9,September,Spring,Monday,10:00 - 11:59,Midday / afternoon,False,False,True,True
1363971,Injury,Moderate Injury,2024,2024,September,Friday,10:00 - 11:59,GILCHRIST,DR,0,Right on the spot,THERRY,RD,CAMPBELLTOWN,7191.0,No,Not a school zone,Roundabout,-34.078653,150.797972,Campbelltown,Sydney metro. area,Syd-Newc-Woll Gtr conurbation,Straight,Driveway/entrance,,,Unknown / not stated,Sealed,Dry,Fine,Daylight,Nil,Give way sign,60 km/h,Regional,47,Emerging from drive,406,Manov - Emerging from driveway,,Right angle,4 wheel drive / SUV,Car (sedan/hatch),2,0,0,1,0,9,September,Spring,Friday,10:00 - 11:59,Midday / afternoon,False,False,True,True
1363973,Injury,Minor/Other Injury,2024,2024,September,Saturday,10:00 - 11:59,HUME,HWY,0,Right on the spot,MILLER,RD,BASS HILL,2.0,No,Not a school zone,T-junction,-33.896388,150.99084,Canterbury-Bankstown,Sydney metro. area,Syd-Newc-Woll Gtr conurbation,Straight,,,,Unknown / not stated,Sealed,Dry,Fine,Daylight,On,No traffic controls,70 km/h,State,30,Rear end,301,Same - Rear end,,Rear end,4 wheel drive / SUV,Car (sedan/hatch),2,0,0,0,1,9,September,Spring,Saturday,10:00 - 11:59,Midday / afternoon,False,False,True,True
1363976,Injury,Moderate Injury,2024,2024,September,Monday,10:00 - 11:59,CAMPBELL,AVE,0,Right on the spot,SOUTH CREEK,RD,DEE WHY,7365.0,No,Not a school zone,Roundabout,-33.741147,151.288646,Northern Beaches,Sydney metro. area,Syd-Newc-Woll Gtr conurbation,Straight,,,,Unknown / not stated,Sealed,Dry,Fine,Daylight,Nil,Give way sign,50 km/h,Regional,16,Left near,107,Adj - Left-thru from right,,Right angle,Car (sedan/hatch),Light truck,2,0,0,1,0,9,September,Spring,Monday,10:00 - 11:59,Midday / afternoon,False,False,True,True
1363978,Injury,Serious Injury,2024,2024,September,Friday,08:00 - 09:59,ANNANGROVE,RD,100,North,WOODLAND,RD,ANNANGROVE,7141.0,No,Not a school zone,2-way undivided,-33.664674,150.949906,The Hills,Sydney metro. area,Syd-Newc-Woll Gtr conurbation,Straight,,,,Unknown / not stated,Sealed,Wet,Raining,Daylight,Nil,No traffic controls,70 km/h,Regional,70,Off road to left,701,Off carriageway to left,,Rollover,Light truck utility(from 2018),,1,0,1,0,0,9,September,Spring,Friday,08:00 - 09:59,AM peak / school commute,True,False,True,True
1363981,Injury,Moderate Injury,2024,2024,September,Tuesday,12:00 - 13:59,HAWTHORNES TREE,RD,2200,North,WHEEO,RD,GRABBEN GULLEN,,No,Not a school zone,2-way undivided,-34.502777,149.352145,Upper Lachlan,Country non-urban,Rest of NSW - Rural,Straight,Ditch/drain/culvert,,,Unknown / not stated,Sealed,Dry,Fine,Daylight,Nil,No traffic controls,100 km/h,Local,20,Head on,201,Opp - Head on,,Head-on,Light truck utility(from 2018),Car (sedan/hatch),2,0,0,1,0,9,September,Spring,Tuesday,12:00 - 13:59,Midday / afternoon,False,False,True,True
1363982,Injury,Minor/Other Injury,2024,2024,September,Friday,16:00 - 17:59,HARBORD,RD,0,Right on the spot,NUMBER 196,HN,BROOKVALE,7343.0,Yes,No,2-way undivided,-33.763972,151.279732,Northern Beaches,Sydney metro. area,Syd-Newc-Woll Gtr conurbation,Straight,Driveway/entrance,,,Unknown / not stated,Sealed,Dry,Fine,Daylight,Nil,No traffic controls,60 km/h,Regional,32,Right rear,303,Same - Rear right,,Rear end,4 wheel drive / SUV,Car (sedan/hatch),2,0,0,0,1,9,September,Spring,Friday,16:00 - 17:59,PM peak / evening commute,True,False,True,True
1363983,Injury,Minor/Other Injury,2024,2024,October,Wednesday,06:00 - 07:59,NEWBRIDGE,RD,0,Right on the spot,LIGHT HORSE,BDGE,MOOREBANK,512.0,No,Not a school zone,2-way undivided,-33.926909,150.928149,Liverpool,Sydney metro. area,Syd-Newc-Woll Gtr conurbation,Straight,Other bridge,,,Unknown / not stated,Sealed,Wet,Raining,Daylight,Nil,No traffic controls,60 km/h,State,30,Rear end,301,Same - Rear end,,Rear end,Car (sedan/hatch),4 wheel drive / SUV,4,0,0,0,1,10,October,Spring,Wednesday,06:00 - 07:59,AM peak / school commute,True,False,True,True
1363984,Injury,Serious Injury,2024,2024,September,Wednesday,14:00 - 15:59,BESSEMER,ST,0,Right on the spot,STEEL,ST,BLACKTOWN,,Yes,No,T-junction,-33.757528,150.911509,Blacktown,Sydney metro. area,Syd-Newc-Woll Gtr conurbation,Straight,,,,Off,Sealed,Dry,Fine,Daylight,Nil,Give way sign,50 km/h,Local,13,Right near,104,Adj - Right-thru from right,,Right angle,Car (sedan/hatch),Motorcycle,2,0,1,0,0,9,September,Spring,Wednesday,14:00 - 15:59,Midday / afternoon,False,False,True,True
1363989,Injury,Minor/Other Injury,2024,2024,October,Thursday,12:00 - 13:59,GREAT WESTERN,HWY,80,West,JOHN,ST,LIDCOMBE,5.0,No,Not a school zone,Divided road,-33.848873,151.049692,Cumberland,Sydney metro. area,Syd-Newc-Woll Gtr conurbation,Straight,,,,Unknown / not stated,Sealed,Dry,Fine,Daylight,Nil,No traffic controls,60 km/h,State,30,Rear end,301,Same - Rear end,,Rear end,Light truck,4 wheel drive / SUV,2,0,0,0,1,10,October,Spring,Thursday,12:00 - 13:59,Midday / afternoon,False,False,True,True
1363990,Injury,Moderate Injury,2024,2024,September,Thursday,18:00 - 19:59,HUME,HWY,0,Right on the spot,COOPER,RD,YAGOONA,2.0,Yes,No,T-junction,-33.90764,151.025984,Canterbury-Bankstown,Sydney metro. area,Syd-Newc-Woll Gtr conurbation,Straight,,,,Unknown / not stated,Sealed,Dry,Fine,Dusk,On,No traffic controls,60 km/h,State,21,Right through,202,Opp - Right-thru,,Other angle,4 wheel drive / SUV,Car (sedan/hatch),2,0,0,1,0,9,September,Spring,Thursday,18:00 - 19:59,PM peak / evening commute,True,False,True,True
1363991,Injury,Moderate Injury,2024,2024,September,Friday,04:00 - 05:59,COWPASTURE,RD,200,South,ELIZABETH,DR,CECIL HILLS,648.0,No,Not a school zone,Divided road,-33.88501,150.863414,Liverpool,Sydney metro. area,Syd-Newc-Woll Gtr conurbation,Straight,Steep grade,,,Unknown / not stated,Sealed,Dry,Fine,Darkness,Nil,No traffic controls,70 km/h,State,30,Rear end,301,Same - Rear end,,Rear end,Car (sedan/hatch),4 wheel drive / SUV,3,0,0,1,1,9,September,Spring,Friday,04:00 - 05:59,Late night / early morning,False,False,True,True