crash_id,degree_of_crash,degree_of_crash_-_detailed,reporting_year,year_of_crash,month_of_crash,day_of_week_of_crash,two-hour_intervals,street_of_crash,street_type,distance,direction,identifying_feature,identifying_feature_type,town,route_no.,school_zone_location,school_zone_active,type_of_location,latitude,longitude,lga,urbanisation,conurbation_1,alignment,primary_permanent_feature,primary_temporary_feature,primary_hazardous_feature,street_lighting,road_surface,surface_condition,weather,natural_lighting,signals_operation,other_traffic_control,speed_limit,road_classification_(admin),rum_-_code,rum_-_description,dca_-_code,dca_-_description,dca_supplement,first_impact_type,key_tu_type,other_tu_type,no._of_traffic_units_involved,no._killed,no._seriously_injured,no._moderately_injured,no._minor-other_injured,month_num,month_label,season,day_label,time_label,time_band,is_peak_commute,is_fatal,is_injury,is_casualty
1363993,Injury,Moderate Injury,2024,2024,September,Thursday,16:00 - 17:59,DOYALSON LINK,RD,1000,East,TOOHEYS ROAD,OP,BUSHELLS RIDGE,675.0,No,Not a school zone,2-way undivided,-33.20875,151.487086,Central Coast,Country non-urban,Syd-Newc-Woll Gtr conurbation,Straight,Other bridge,,,Nil,Sealed,Wet,Raining,Daylight,Nil,No traffic controls,100 km/h,State,30,Rear end,301,Same - Rear end,,Rear end,4 wheel drive / SUV,Light truck utility(from 2018),10,0,0,2,2,9,September,Spring,Thursday,16:00 - 17:59,PM peak / evening commute,True,False,True,True
1363995,Injury,Serious Injury,2024,2024,September,Thursday,12:00 - 13:59,SHOWGROUND,RD,0,Right on the spot,PENNANT,ST,CASTLE HILL,157.0,No,Not a school zone,T-junction,-33.733048,151.002648,The Hills,Sydney metro. area,Syd-Newc-Woll Gtr conurbation,Straight,,,,Unknown / not stated,Sealed,Dry,Fine,Daylight,On,No traffic controls,60 km/h,State,70,Off road to left,701,Off carriageway to left,,Rollover,Car (sedan/hatch),,1,0,1,0,0,9,September,Spring,Thursday,12:00 - 13:59,Midday / afternoon,False,False,True,True
1363996,Injury,Minor/Other Injury,2024,2024,July,Friday,20:00 - 21:59,MARK,RD,0,Right on the spot,NELSON,RD,NELSON,,No,Not a school zone,T-junction,-33.650765,150.917264,The Hills,Sydney metro. area,Syd-Newc-Woll Gtr conurbation,Straight,,,,Unknown / not stated,Sealed,Dry,Fine,Darkness,Nil,No traffic controls,50 km/h,Local,71,Off rd left => obj,703,Left off cway into object,,Vehicle - Object,Car (sedan/hatch),,1,0,0,0,1,7,July,Winter,Friday,20:00 - 21:59,Evening / night,False,False,True,True
1363999,Injury,Minor/Other Injury,2024,2024,September,Sunday,00:01 - 01:59,FOREST,RD,0,Right on the spot,STONEY CREEK,RD,BEXLEY,168.0,No,Not a school zone,T-junction,-33.950037,151.126416,Bayside,Sydney metro. area,Syd-Newc-Woll Gtr conurbation,Straight,,,,Unknown / not stated,Sealed,Dry,Fine,Darkness,On,No traffic controls,60 km/h,State,30,Rear end,301,Same - Rear end,,Rear end,Car (sedan/hatch),Car (sedan/hatch),2,0,0,0,1,9,September,Spring,Sunday,00:01 - 01:59,Late night / early morning,False,False,True,True
1364000,Injury,Minor/Other Injury,2024,2024,September,Thursday,16:00 - 17:59,NEWCASTLE,EXP,800,North,HAWKESBURY REST AREA,OT,MOONEY MOONEY,6003.0,No,Not a school zone,Dual freeway,-33.524004,151.196226,Central Coast,Country non-urban,Syd-Newc-Woll Gtr conurbation,Straight,,,,Unknown / not stated,Sealed,Wet,Raining,Daylight,Nil,No traffic controls,110 km/h,State,30,Rear end,301,Same - Rear end,,Rear end,4 wheel drive / SUV,4 wheel drive / SUV,3,0,0,0,1,9,September,Spring,Thursday,16:00 - 17:59,PM peak / evening commute,True,False,True,True
1364002,Injury,Minor/Other Injury,2024,2024,September,Wednesday,08:00 - 09:59,FERGUSON,RD,0,Right on the spot,MACQUARIE,RD,SPRINGWOOD,,No,Not a school zone,T-junction,-33.699953,150.562999,Blue Mountains,Country urban,Syd-Newc-Woll Gtr conurbation,Curved,,,,Unknown / not stated,Sealed,Dry,Fine,Daylight,Nil,Stop sign,40 km/h,Local,10,Cross traffic,101,Adj - Cross traffic,,Right angle,4 wheel drive / SUV,Light truck utility(from 2018),2,0,0,0,1,9,September,Spring,Wednesday,08:00 - 09:59,AM peak / school commute,True,False,True,True
1364003,Injury,Minor/Other Injury,2024,2024,September,Wednesday,14:00 - 15:59,PARKES,ST,0,Right on the spot,STATION,ST,PARRAMATTA,2049.0,No,Not a school zone,X-intersection,-33.819387,151.007484,Parramatta,Sydney metro. area,Syd-Newc-Woll Gtr conurbation,Straight,,,,Unknown / not stated,Sealed,Dry,Fine,Daylight,On,No traffic controls,60 km/h,Regional,30,Rear end,301,Same - Rear end,,Rear end,Car (sedan/hatch),Car (sedan/hatch),2,0,0,0,1,9,September,Spring,Wednesday,14:00 - 15:59,Midday / afternoon,False,False,True,True
1364006,Injury,Minor/Other Injury,2024,2024,September,Tuesday,12:00 - 13:59,BOREAS,RD,0,Right on the spot,NUMBER 52,HN,HAMILTON NORTH,,No,Not a school zone,2-way undivided,-32.914221,151.733735,Newcastle,Newcastle met. area,Syd-Newc-Woll Gtr conurbation,Straight,,,,Unknown / not stated,Sealed,Dry,Fine,Daylight,Nil,No traffic controls,50 km/h,Local,42,Leaving parking,401,Manov - Leaving parking,,Other angle,Light truck utility(from 2018),4 wheel drive / SUV,2,0,0,0,1,9,September,Spring,Tuesday,12:00 - 13:59,Midday / afternoon,False,False,True,True
1364008,Injury,Moderate Injury,2024,2024,September,Thursday,20:00 - 21:59,UNWINS BRIDGE,RD,0,Right on the spot,BEDWIN,RD,ST PETERS,2099.0,No,Not a school zone,X-intersection,-33.910137,151.175775,Inner West,Sydney metro. area,Syd-Newc-Woll Gtr conurbation,Straight,Steep grade,,,Unknown / not stated,Sealed,Wet,Raining,Darkness,On,No traffic controls,50 km/h,Regional,21,Right through,202,Opp - Right-thru,,Other angle,4 wheel drive / SUV,4 wheel drive / SUV,2,0,0,1,0,9,September,Spring,Thursday,20:00 - 21:59,Evening / night,False,False,True,True
1364009,Injury,Minor/Other Injury,2024,2024,June,Tuesday,08:00 - 09:59,WARRINGAH,RD,150,West,EARL,ST,BEACON HILL,328.0,No,Not a school zone,Divided road,-33.753403,151.258497,Northern Beaches,Sydney metro. area,Syd-Newc-Woll Gtr conurbation,Curved,,,,Unknown / not stated,Sealed,Dry,Fine,Daylight,Nil,No traffic controls,70 km/h,State,30,Rear end,301,Same - Rear end,,Rear end,4 wheel drive / SUV,Car (sedan/hatch),2,0,0,0,1,6,June,Winter,Tuesday,08:00 - 09:59,AM peak / school commute,True,False,True,True
1364013,Injury,Minor/Other Injury,2024,2024,September,Monday,16:00 - 17:59,FAIRFORD,RD,0,Right on the spot,SOUTH WESTERN,EXP,PADSTOW,190.0,No,Not a school zone,T-junction,-33.939802,151.035595,Canterbury-Bankstown,Sydney metro. area,Syd-Newc-Woll Gtr conurbation,Straight,Other bridge,,,Unknown / not stated,Sealed,Dry,Fine,Daylight,On,No traffic controls,70 km/h,State,30,Rear end,301,Same - Rear end,,Rear end,Light truck utility(from 2018),Car (sedan/hatch),2,0,0,0,1,9,September,Spring,Monday,16:00 - 17:59,PM peak / evening commute,True,False,True,True
1364019,Injury,Moderate Injury,2024,2024,September,Wednesday,14:00 - 15:59,ROPER,RD,0,Right on the spot,WESTERN,EXP,ST CLAIR,629.0,No,Not a school zone,T-junction,-33.792411,150.807559,Penrith,Sydney metro. area,Syd-Newc-Woll Gtr conurbation,Straight,,,,Unknown / not stated,Sealed,Dry,Fine,Daylight,On,No traffic controls,60 km/h,State,33,Lane sideswipe,305,Same - Lane side swipe,,Other angle,4 wheel drive / SUV,Car (sedan/hatch),3,0,0,1,0,9,September,Spring,Wednesday,14:00 - 15:59,Midday / afternoon,False,False,True,True
1364021,Injury,Minor/Other Injury,2024,2024,September,Monday,08:00 - 09:59,SACKVILLE,ST,0,Right on the spot,CARDWELL,ST,CANLEY VALE,7221.0,No,Not a school zone,X-intersection,-33.881272,150.940196,Fairfield,Sydney metro. area,Syd-Newc-Woll Gtr conurbation,Straight,,,,Unknown / not stated,Sealed,Dry,Fine,Daylight,Nil,Give way sign,60 km/h,Regional,10,Cross traffic,101,Adj - Cross traffic,,Right angle,Car (sedan/hatch),Car (sedan/hatch),3,0,0,0,1,9,September,Spring,Monday,08:00 - 09:59,AM peak / school commute,True,False,True,True
1364031,Injury,Serious Injury,2024,2024,October,Wednesday,16:00 - 17:59,INDUSTRIAL,RD,0,Right on the spot,NUMBER 120,HN,OAK FLATS,,No,Not a school zone,2-way undivided,-34.567359,150.811132,Shellharbour,Wollongong met. area,Syd-Newc-Woll Gtr conurbation,Curved,,,,Unknown / not stated,Sealed,Dry,Fine,Daylight,Nil,No traffic controls,50 km/h,Local,81,Off left/rt bnd=>obj,803,Off right bend into obj,Left,Vehicle - Object,Light truck utility(from 2018),,3,0,1,0,0,10,October,Spring,Wednesday,16:00 - 17:59,PM peak / evening commute,True,False,True,True
1364034,Injury,Minor/Other Injury,2024,2024,August,Saturday,14:00 - 15:59,COBB,HWY,50,South,LEONARD,ST,HAY,21.0,Yes,No,2-way undivided,-34.507065,144.843959,Hay,Country urban,Rest of NSW - Urban,Straight,,,,Unknown / not stated,Sealed,Dry,Fine,Daylight,Nil,No traffic controls,50 km/h,State,42,Leaving parking,401,Manov - Leaving parking,,Other angle,Car (sedan/hatch),Car (sedan/hatch),2,0,0,0,1,8,August,Winter,Saturday,14:00 - 15:59,Midday / afternoon,False,False,True,True
1364036,Injury,Minor/Other Injury,2024,2024,September,Sunday,20:00 - 21:59,ST HILLIERS,RD,30,South,GREAT WESTERN,HWY,AUBURN,190.0,No,Not a school zone,Other,-33.845065,151.041863,Cumberland,Sydney metro. area,Syd-Newc-Woll Gtr conurbation,Curved,,,,Unknown / not stated,Sealed,Dry,Fine,Darkness,Nil,Ped crossing,70 km/h,State,30,Rear end,301,Same - Rear end,,Rear end,Car (sedan/hatch),4 wheel drive / SUV,2,0,0,0,1,9,September,Spring,Sunday,20:00 - 21:59,Evening / night,False,False,True,True
1364041,Injury,Minor/Other Injury,2024,2024,September,Friday,14:00 - 15:59,CUMBERLAND,HWY,0,Right on the spot,HINEMOA,AVE,NORMANHURST,13.0,No,Not a school zone,T-junction,-33.721699,151.104291,Hornsby,Sydney metro. area,Syd-Newc-Woll Gtr conurbation,Straight,,,,Unknown / not stated,Sealed,Dry,Fine,Daylight,On,No traffic controls,70 km/h,State,30,Rear end,301,Same - Rear end,,Rear end,Car (sedan/hatch),Car (sedan/hatch),3,0,0,0,1,9,September,Spring,Friday,14:00 - 15:59,Midday / afternoon,False,False,True,True
1364045,Injury,Minor/Other Injury,2024,2024,September,Wednesday,16:00 - 17:59,HECTOR,ST,0,Right on the spot,WELLINGTON,RD,CHESTER HILL,7101.0,No,Not a school zone,T-junction,-33.885336,151.006476,Canterbury-Bankstown,Sydney metro. area,Syd-Newc-Woll Gtr conurbation,Straight,,,,Unknown / not stated,Sealed,Dry,Fine,Dusk,Nil,No traffic controls,60 km/h,Regional,30,Rear end,301,Same - Rear end,,Rear end,Car (sedan/hatch),Car (sedan/hatch),2,0,0,0,1,9,September,Spring,Wednesday,16:00 - 17:59,PM peak / evening commute,True,False,True,True
1364047,Injury,Minor/Other Injury,2024,2024,September,Thursday,16:00 - 17:59,EDGAR,ST,50,North,LANCELOT,ST,CONDELL PARK,7120.0,No,Not a school zone,2-way undivided,-33.921722,151.013045,Canterbury-Bankstown,Sydney metro. area,Syd-Newc-Woll Gtr conurbation,Straight,Steep grade,,,Unknown / not stated,Sealed,Wet,Raining,Dusk,Nil,No traffic controls,60 km/h,Regional,30,Rear end,301,Same - Rear end,,Rear end,4 wheel drive / SUV,Car (sedan/hatch),2,0,0,0,1,9,September,Spring,Thursday,16:00 - 17:59,PM peak / evening commute,True,False,True,True
1364048,Injury,Moderate Injury,2024,2024,September,Friday,16:00 - 17:59,ST MARY,RD,0,Right on the spot,FOURTH,RD,BERKSHIRE PARK,7166.0,No,Not a school zone,X-intersection,-33.676815,150.788483,Penrith,Sydney metro. area,Syd-Newc-Woll Gtr conurbation,Straight,,,,Unknown / not stated,Sealed,Dry,Fine,Daylight,Nil,Stop sign,80 km/h,Regional,32,Right rear,303,Same - Rear right,,Rear end,Car (sedan/hatch),Car (sedan/hatch),3,0,0,2,0,9,September,Spring,Friday,16:00 - 17:59,PM peak / evening commute,True,False,True,True
1364050,Injury,Moderate Injury,2024,2024,September,Tuesday,16:00 - 17:59,WESTERN,EXP,0,Right on the spot,JAMES RUSE DRIVE,OP,CLYDE,6004.0,No,Not a school zone,Dual freeway,-33.83086,151.020001,Parramatta,Sydney metro. area,Syd-Newc-Woll Gtr conurbation,Straight,Other bridge,,,Unknown / not stated,Sealed,Dry,Fine,Darkness,Nil,No traffic controls,90 km/h,State,30,Rear end,301,Same - Rear end,,Rear end,Light truck utility(from 2018),Car (sedan/hatch),2,0,0,1,0,9,September,Spring,Tuesday,16:00 - 17:59,PM peak / evening commute,True,False,True,True
1364051,Injury,Moderate Injury,2024,2024,September,Saturday,10:00 - 11:59,PITTWATER,RD,20,South,NAMONA,ST,NORTH NARRABEEN,164.0,Yes,No,Divided road,-33.700259,151.299688,Northern Beaches,Sydney metro. area,Syd-Newc-Woll Gtr conurbation,Straight,,,,Unknown / not stated,Sealed,Dry,Fine,Daylight,Nil,No traffic controls,70 km/h,State,30,Rear end,301,Same - Rear end,,Rear end,Light truck utility(from 2018),Car (sedan/hatch),2,0,0,1,0,9,September,Spring,Saturday,10:00 - 11:59,Midday / afternoon,False,False,True,True
1364052,Injury,Minor/Other Injury,2024,2024,September,Thursday,16:00 - 17:59,CASTLE HILL,RD,0,Right on the spot,OLD NORTHERN,RD,CASTLE HILL,156.0,No,Not a school zone,T-junction,-33.730678,151.016828,The Hills,Sydney metro. area,Syd-Newc-Woll Gtr conurbation,Straight,,,,Unknown / not stated,Sealed,Wet,Overcast,Dusk,On,No traffic controls,60 km/h,State,32,Right rear,303,Same - Rear right,,Rear end,4 wheel drive / SUV,4 wheel drive / SUV,2,0,0,0,1,9,September,Spring,Thursday,16:00 - 17:59,PM peak / evening commute,True,False,True,True
1364059,Injury,Minor/Other Injury,2024,2024,August,Sunday,12:00 - 13:59,TANGERINE,ST,0,Right on the spot,NUMBER 42,HN,FAIRFIELD EAST,,No,Not a school zone,2-way undivided,-33.876597,150.975702,Fairfield,Sydney metro. area,Syd-Newc-Woll Gtr conurbation,Straight,,,,Nil,Sealed,Dry,Fine,Daylight,Nil,No traffic controls,50 km/h,Local,42,Leaving parking,401,Manov - Leaving parking,,Other angle,Car (sedan/hatch),Motorcycle,2,0,0,0,1,8,August,Winter,Sunday,12:00 - 13:59,Midday / afternoon,False,False,True,True
1364060,Injury,Serious Injury,2024,2024,September,Friday,22:00 - Midnight,CARLISLE,AVE,370,West,ROPER,RD,COLYTON,629.0,No,Not a school zone,2-way undivided,-33.784343,150.809897,Penrith,Sydney metro. area,Syd-Newc-Woll Gtr conurbation,Straight,Painted double centre lines,,,Nil,Sealed,Dry,Fine,Darkness,Nil,No traffic controls,70 km/h,State,20,Head on,201,Opp - Head on,,Head-on,Car (sedan/hatch),Car (sedan/hatch),2,0,3,0,0,9,September,Spring,Friday,22:00 - Midnight,Evening / night,False,False,True,True
1364061,Injury,Serious Injury,2024,2024,September,Sunday,14:00 - 15:59,SUNRISE,BVD,100,East,JULIAN ROCKS,DR,BYRON BAY,,No,Not a school zone,2-way undivided,-28.63257,153.584785,Byron,Country urban,Rest of NSW - Urban,Curved,,,,Off,Sealed,Wet,Fine,Daylight,Nil,No traffic controls,50 km/h,Local,63,Vehicle door,604,On path - Vehicle door,,Other angle,Pedal cycle,Car (sedan/hatch),2,0,1,0,0,9,September,Spring,Sunday,14:00 - 15:59,Midday / afternoon,False,False,True,True
1364062,Injury,Serious Injury,2024,2024,August,Thursday,16:00 - 17:59,OLD WINDSOR,RD,0,Right on the spot,FAULKNER,ST,OLD TOONGABBIE,635.0,No,Not a school zone,T-junction,-33.787917,150.975098,Parramatta,Sydney metro. area,Syd-Newc-Woll Gtr conurbation,Straight,,,,Off,Sealed,Dry,Fine,Dusk,Nil,No traffic controls,80 km/h,State,21,Right through,202,Opp - Right-thru,,Other angle,Car (sedan/hatch),Motor scooter,2,0,1,0,0,8,August,Winter,Thursday,16:00 - 17:59,PM peak / evening commute,True,False,True,True
1364064,Injury,Serious Injury,2024,2024,September,Sunday,10:00 - 11:59,HILL END,RD,5000,East,SALLYS FLAT,RD,SALLYS FLAT,216.0,No,Not a school zone,2-way undivided,-33.032424,149.599574,Bathurst Regional,Country non-urban,Rest of NSW - Rural,Curved,,,,Nil,Sealed,Dry,Fine,Daylight,Nil,No traffic controls,100 km/h,Regional,67,Struck animal,609,On path - Hit animal,,Vehicle - Animal,Motorcycle,,1,0,1,0,0,9,September,Spring,Sunday,10:00 - 11:59,Midday / afternoon,False,False,True,True
1364066,Injury,Moderate Injury,2024,2024,October,Tuesday,18:00 - 19:59,ROBERTS,RD,0,Right on the spot,MOONDO,ST,GREENACRE,200.0,No,Not a school zone,T-junction,-33.90514,151.064003,Canterbury-Bankstown,Sydney metro. area,Syd-Newc-Woll Gtr conurbation,Straight,,,,On,Sealed,Dry,Fine,Darkness,On,No traffic controls,70 km/h,State,30,Rear end,301,Same - Rear end,,Rear end,Car (sedan/hatch),Station wagon,2,0,0,1,0,10,October,Spring,Tuesday,18:00 - 19:59,PM peak / evening commute,True,False,True,True
1364068,Injury,Minor/Other Injury,2024,2024,September,Saturday,08:00 - 09:59,FERNBANK,ST,0,Right on the spot,VICTORIA,RD,MARRICKVILLE,,No,Not a school zone,T-junction,-33.91304,151.159522,Inner West,Sydney metro. area,Syd-Newc-Woll Gtr conurbation,Straight,,,,Nil,Sealed,Dry,Fine,Daylight,Nil,Give way sign,50 km/h,Local,21,Right through,202,Opp - Right-thru,,Other angle,Car (sedan/hatch),Motorcycle,2,0,0,0,1,9,September,Spring,Saturday,08:00 - 09:59,AM peak / school commute,True,False,True,True
1364070,Injury,Serious Injury,2024,2024,September,Wednesday,14:00 - 15:59,MONA VALE,RD,50,North,GARRICK,RD,ST IVES,162.0,No,Not a school zone,Divided road,-33.725221,151.168531,Ku-ring-gai,Sydney metro. area,Syd-Newc-Woll Gtr conurbation,Straight,,,,Off,Sealed,Dry,Fine,Daylight,Nil,No traffic controls,60 km/h,State,71,Off rd left => obj,703,Left off cway into object,,Other angle,Pedal cycle,Unknown motor vehicle,2,0,1,0,0,9,September,Spring,Wednesday,14:00 - 15:59,Midday / afternoon,False,False,True,True
1364071,Injury,Serious Injury,2024,2024,August,Wednesday,08:00 - 09:59,PACIFIC,HWY,10,West,DENISON,ST,NORTH SYDNEY,10.0,No,Not a school zone,T-junction,-33.836937,151.20806,North Sydney,Sydney metro. area,Syd-Newc-Woll Gtr conurbation,Straight,,,,Off,Sealed,Dry,Fine,Daylight,Nil,No traffic controls,40 km/h,State,0,Ped nearside,1,Ped - Near side,,Vehicle - Pedestrian,Light truck,Pedestrian,2,0,1,0,0,8,August,Winter,Wednesday,08:00 - 09:59,AM peak / school commute,True,False,True,True
1364074,Injury,Moderate Injury,2024,2024,September,Saturday,12:00 - 13:59,PITTWATER,RD,0,Right on the spot,TURIMETTA,ST,MONA VALE,164.0,No,Not a school zone,T-junction,-33.681731,151.303025,Northern Beaches,Sydney metro. area,Syd-Newc-Woll Gtr conurbation,Straight,,,,Off,Sealed,Dry,Fine,Daylight,Nil,Stop sign,70 km/h,State,21,Right through,202,Opp - Right-thru,,Other angle,4 wheel drive / SUV,4 wheel drive / SUV,2,0,0,1,0,9,September,Spring,Saturday,12:00 - 13:59,Midday / afternoon,False,False,True,True
1364075,Injury,Serious Injury,2024,2024,August,Saturday,00:01 - 01:59,PENROSE,RD,200,South,QUARRY,RD,BUNDANOON,7636.0,No,Not a school zone,2-way undivided,-34.664306,150.282548,Wingecarribee,Country urban,Rest of NSW - Urban,Straight,,,,Nil,Sealed,Dry,Fine,Darkness,Nil,No traffic controls,80 km/h,Regional,71,Off rd left => obj,703,Left off cway into object,,Vehicle - Object,Car (sedan/hatch),,1,0,2,0,0,8,August,Winter,Saturday,00:01 - 01:59,Late night / early morning,False,False,True,True
1364080,Injury,Serious Injury,2024,2024,June,Wednesday,18:00 - 19:59,WARRINGAH,EXP,50,South,FALCON ST,OP,NORTH SYDNEY,651.0,No,Not a school zone,Dual freeway,-33.830258,151.213796,North Sydney,Sydney metro. area,Syd-Newc-Woll Gtr conurbation,Curved,Bus/transit lane,Roadwks/Detour/Diverson,,Nil,Sealed,Dry,Fine,Dusk,Nil,No traffic controls,60 km/h,State,35,Lane change left,307,Same - Lane change left,,Other angle,Motor scooter,Other bus,2,0,1,0,0,6,June,Winter,Wednesday,18:00 - 19:59,PM peak / evening commute,True,False,True,True
1364081,Injury,Serious Injury,2024,2024,September,Monday,06:00 - 07:59,BLANCH,ST,35,North,RICHARDSON,AVE,BOAT HARBOUR,,No,Not a school zone,2-way undivided,-32.785704,152.108468,Port Stephens,Country urban,Rest of NSW - Urban,Straight,,,,Off,Sealed,Dry,Fine,Daylight,Nil,No traffic controls,50 km/h,Local,71,Off rd left => obj,703,Left off cway into object,,Vehicle - Object,Light truck utility(from 2018),,1,0,1,0,0,9,September,Spring,Monday,06:00 - 07:59,AM peak / school commute,True,False,True,True
1364083,Injury,Minor/Other Injury,2024,2024,August,Thursday,14:00 - 15:59,WILLIAM,ST,0,Right on the spot,NUMBER 133,HN,EARLWOOD,2021.0,No,Not a school zone,2-way undivided,-33.926537,151.116381,Canterbury-Bankstown,Sydney metro. area,Syd-Newc-Woll Gtr conurbation,Straight,Steep grade,,,Unknown / not stated,Sealed,Dry,Fine,Daylight,Nil,No traffic controls,50 km/h,Regional,30,Rear end,301,Same - Rear end,,Rear end,Car (sedan/hatch),4 wheel drive / SUV,2,0,0,0,1,8,August,Winter,Thursday,14:00 - 15:59,Midday / afternoon,False,False,True,True
1364084,Injury,Serious Injury,2024,2024,August,Thursday,06:00 - 07:59,TERMINUS,ST,0,Right on the spot,CRANE,RD,CASTLE HILL,160.0,No,Not a school zone,X-intersection,-33.732892,151.006984,The Hills,Sydney metro. area,Syd-Newc-Woll Gtr conurbation,Straight,,,,Off,Sealed,Dry,Fine,Daylight,On,No traffic controls,50 km/h,State,0,Ped nearside,1,Ped - Near side,,Vehicle - Pedestrian,4 wheel drive / SUV,Pedestrian,2,0,1,0,0,8,August,Winter,Thursday,06:00 - 07:59,AM peak / school commute,True,False,True,True
1364087,Injury,Minor/Other Injury,2024,2024,September,Wednesday,14:00 - 15:59,GRAND,DR,0,Right on the spot,DARLEY ROAD,TO,CENTENNIAL PARK,,No,Not a school zone,1-way street,-33.904631,151.232828,Randwick,Sydney metro. area,Syd-Newc-Woll Gtr conurbation,Straight,Foot/cycle path/nature strip,,,Nil,Sealed,Dry,Fine,Daylight,Nil,No traffic controls,30 km/h,Local,35,Lane change left,307,Same - Lane change left,,Other angle,4 wheel drive / SUV,Pedal cycle,2,0,0,0,1,9,September,Spring,Wednesday,14:00 - 15:59,Midday / afternoon,False,False,True,True
1364088,Injury,Serious Injury,2024,2024,September,Sunday,20:00 - 21:59,WALKER,ST,200,North,LAWRENCE HARGRAVE,DR,HELENSBURGH,,No,Not a school zone,2-way undivided,-34.211017,150.977395,Wollongong,Wollongong met. area,Syd-Newc-Woll Gtr conurbation,Straight,Crest,,,Nil,Sealed,Dry,Fine,Darkness,Nil,No traffic controls,70 km/h,Local,71,Off rd left => obj,703,Left off cway into object,,Vehicle - Object,Light truck utility(from 2018),,1,0,1,0,0,9,September,Spring,Sunday,20:00 - 21:59,Evening / night,False,False,True,True
1364089,Injury,Serious Injury,2024,2024,September,Sunday,14:00 - 15:59,BRUXNER,HWY,1000,East,DUCK CREEK MOUNTAIN,RD,URALBA,16.0,No,Not a school zone,2-way undivided,-28.864203,153.483111,Ballina,Country non-urban,Rest of NSW - Rural,Straight,Painted double centre lines,,,Nil,Sealed,Dry,Fine,Daylight,Nil,No traffic controls,100 km/h,State,20,Head on,201,Opp - Head on,,Head-on,Car (sedan/hatch),Car (sedan/hatch),2,0,2,0,1,9,September,Spring,Sunday,14:00 - 15:59,Midday / afternoon,False,False,True,True
1364090,Injury,Moderate Injury,2024,2024,October,Tuesday,18:00 - 19:59,FREEMANS,DR,0,Right on the spot,MT FAULK,RD,COORANBONG,,No,Not a school zone,T-junction,-33.042773,151.471001,Lake Macquarie,Newcastle met. area,Syd-Newc-Woll Gtr conurbation,Curved,,,,Nil,Sealed,Dry,Fine,Daylight,Nil,No traffic controls,90 km/h,Local,30,Rear end,301,Same - Rear end,,Rear end,Motorcycle,Motorcycle,2,0,0,1,1,10,October,Spring,Tuesday,18:00 - 19:59,PM peak / evening commute,True,False,True,True
1364092,Injury,Moderate Injury,2024,2024,September,Friday,16:00 - 17:59,MONA VALE,RD,0,Right on the spot,STANLEY,ST,ST IVES,162.0,No,Not a school zone,T-junction,-33.729189,151.162544,Ku-ring-gai,Sydney metro. area,Syd-Newc-Woll Gtr conurbation,Straight,,,,On,Sealed,Dry,Fine,Dusk,On,No traffic controls,60 km/h,State,21,Right through,202,Opp - Right-thru,,Other angle,Car (sedan/hatch),Motorcycle,2,0,0,2,0,9,September,Spring,Friday,16:00 - 17:59,PM peak / evening commute,True,False,True,True
1364096,Injury,Moderate Injury,2024,2024,September,Friday,20:00 - 21:59,HUME,HWY,0,Right on the spot,BASS HILL PLAZA,ENT,BASS HILL,2.0,No,Not a school zone,Divided road,-33.898238,150.995111,Canterbury-Bankstown,Sydney metro. area,Syd-Newc-Woll Gtr conurbation,Straight,Driveway/entrance,,,On,Sealed,Dry,Fine,Darkness,On,No traffic controls,70 km/h,State,30,Rear end,301,Same - Rear end,,Rear end,Light truck utility(from 2018),Car (sedan/hatch),2,0,0,2,0,9,September,Spring,Friday,20:00 - 21:59,Evening / night,False,False,True,True
1364098,Injury,Serious Injury,2024,2024,September,Tuesday,10:00 - 11:59,MOWBRAY,RD,0,Right on the spot,BOWEN,ST,CHATSWOOD,2092.0,No,Not a school zone,T-junction,-33.805537,151.178203,Willoughby,Sydney metro. area,Syd-Newc-Woll Gtr conurbation,Straight,,,,Off,Sealed,Dry,Fine,Daylight,Nil,No traffic controls,50 km/h,Regional,21,Right through,202,Opp - Right-thru,,Other angle,Light truck utility(from 2018),Motorcycle,2,0,1,0,0,9,September,Spring,Tuesday,10:00 - 11:59,Midday / afternoon,False,False,True,True
1364099,Injury,Moderate Injury,2024,2024,September,Monday,22:00 - Midnight,PACIFIC,HWY,10000,South,COOLONGOLOOK,TN,WOOTTON,10.0,No,Not a school zone,Divided road,-32.305248,152.345679,Mid-Coast,Country non-urban,Rest of NSW - Rural,Straight,,,,Nil,Sealed,Dry,Fine,Darkness,Nil,No traffic controls,110 km/h,State,30,Rear end,301,Same - Rear end,,Rear end,B-double (road train prior 98),Large rigid,2,0,0,1,0,9,September,Spring,Monday,22:00 - Midnight,Evening / night,False,False,True,True
1364101,Injury,Serious Injury,2024,2024,September,Friday,08:00 - 09:59,JOHN RENSHAW,DR,3000,East,HUNTER,EXP,BUTTAI,588.0,No,Not a school zone,2-way undivided,-32.818987,151.561628,Cessnock,Country non-urban,Rest of NSW - Rural,Straight,,,,Off,Sealed,Dry,Fine,Daylight,Nil,No traffic controls,100 km/h,State,30,Rear end,301,Same - Rear end,,Rear end,Light truck utility(from 2018),Motorcycle,2,0,1,0,0,9,September,Spring,Friday,08:00 - 09:59,AM peak / school commute,True,False,True,True