crash_id,degree_of_crash,degree_of_crash_-_detailed,reporting_year,year_of_crash,month_of_crash,day_of_week_of_crash,two-hour_intervals,street_of_crash,street_type,distance,direction,identifying_feature,identifying_feature_type,town,route_no.,school_zone_location,school_zone_active,type_of_location,latitude,longitude,lga,urbanisation,conurbation_1,alignment,primary_permanent_feature,primary_temporary_feature,primary_hazardous_feature,street_lighting,road_surface,surface_condition,weather,natural_lighting,signals_operation,other_traffic_control,speed_limit,road_classification_(admin),rum_-_code,rum_-_description,dca_-_code,dca_-_description,dca_supplement,first_impact_type,key_tu_type,other_tu_type,no._of_traffic_units_involved,no._killed,no._seriously_injured,no._moderately_injured,no._minor-other_injured,month_num,month_label,season,day_label,time_label,time_band,is_peak_commute,is_fatal,is_injury,is_casualty
1364103,Injury,Moderate Injury,2024,2024,August,Wednesday,14:00 - 15:59,NAUGHTONS GAP,RD,100,North,WHITTONS,RD,CASINO,,No,Not a school zone,2-way undivided,-28.841969,153.072456,Richmond Valley,Country non-urban,Rest of NSW - Rural,Straight,,,,Nil,Sealed,Dry,Fine,Daylight,Nil,No traffic controls,100 km/h,Local,71,Off rd left => obj,703,Left off cway into object,,Vehicle - Object,4 wheel drive / SUV,,1,0,0,1,0,8,August,Winter,Wednesday,14:00 - 15:59,Midday / afternoon,False,False,True,True
1364106,Injury,Minor/Other Injury,2024,2024,August,Friday,08:00 - 09:59,MARY,ST,0,Right on the spot,PARK,RD,AUBURN,,No,Not a school zone,Roundabout,-33.851673,151.030122,Cumberland,Sydney metro. area,Syd-Newc-Woll Gtr conurbation,Straight,,,,Off,Sealed,Dry,Fine,Daylight,Nil,Give way sign,50 km/h,Local,10,Cross traffic,101,Adj - Cross traffic,,Right angle,Light truck,Motorcycle,2,0,0,0,1,8,August,Winter,Friday,08:00 - 09:59,AM peak / school commute,True,False,True,True
1364107,Injury,Serious Injury,2024,2024,September,Wednesday,10:00 - 11:59,RIVERINA,HWY,0,Right on the spot,HAWKINS,ST,HOWLONG,20.0,No,Not a school zone,X-intersection,-35.979494,146.625271,Federation,Country urban,Rest of NSW - Urban,Straight,,,,Off,Sealed,Wet,Raining,Daylight,Nil,Give way sign,50 km/h,State,10,Cross traffic,101,Adj - Cross traffic,,Right angle,4 wheel drive / SUV,Car (sedan/hatch),2,0,1,0,0,9,September,Spring,Wednesday,10:00 - 11:59,Midday / afternoon,False,False,True,True
1364111,Injury,Serious Injury,2024,2024,September,Thursday,12:00 - 13:59,PIONEER,RD,40,South,ROTHERY,ST,BELLAMBI,,No,Not a school zone,2-way undivided,-34.368423,150.910302,Wollongong,Wollongong met. area,Syd-Newc-Woll Gtr conurbation,Straight,Driveway/entrance,,,Off,Sealed,Dry,Fine,Daylight,Nil,No traffic controls,60 km/h,Local,32,Right rear,303,Same - Rear right,,Rear end,Light truck,Car (sedan/hatch),2,0,1,0,0,9,September,Spring,Thursday,12:00 - 13:59,Midday / afternoon,False,False,True,True
1364112,Injury,Moderate Injury,2024,2024,May,Sunday,02:00 - 03:59,ILLAWARRA,HWY,150,East,KEYS,RD,TULLIMBAR,25.0,No,Not a school zone,2-way undivided,-34.578306,150.724942,Shellharbour,Wollongong met. area,Syd-Newc-Woll Gtr conurbation,Curved,Steep grade,,,Nil,Sealed,Dry,Fine,Darkness,Nil,No traffic controls,90 km/h,State,86,Off left/left bend,802,Off cway left bend,Left,Rollover,Car (sedan/hatch),,1,0,0,1,0,5,May,Autumn,Sunday,02:00 - 03:59,Late night / early morning,False,False,True,True
1364114,Injury,Moderate Injury,2024,2024,September,Thursday,16:00 - 17:59,ELIZABETH,DR,20,East,SMITHFIELD,RD,EDENSOR PARK,535.0,No,Not a school zone,Divided road,-33.888363,150.881416,Fairfield,Sydney metro. area,Syd-Newc-Woll Gtr conurbation,Curved,,,,Off,Sealed,Dry,Fine,Daylight,Nil,No traffic controls,70 km/h,State,35,Lane change left,307,Same - Lane change left,,Other angle,Car (sedan/hatch),Car (sedan/hatch),3,0,0,1,0,9,September,Spring,Thursday,16:00 - 17:59,PM peak / evening commute,True,False,True,True
1364115,Injury,Moderate Injury,2024,2024,September,Friday,06:00 - 07:59,NEWCASTLE LINK,RD,0,Right on the spot,MINMI,RD,CAMERON PARK,82.0,No,Not a school zone,Roundabout,-32.902985,151.622276,Lake Macquarie,Newcastle met. area,Syd-Newc-Woll Gtr conurbation,Straight,,,,Nil,Sealed,Wet,Fine,Daylight,Nil,Give way sign,90 km/h,State,30,Rear end,301,Same - Rear end,,Rear end,Light truck utility(from 2018),4 wheel drive / SUV,2,0,0,1,0,9,September,Spring,Friday,06:00 - 07:59,AM peak / school commute,True,False,True,True
1364117,Injury,Moderate Injury,2024,2024,September,Friday,16:00 - 17:59,AUBURN,RD,50,South,MARY,ST,AUBURN,,No,Not a school zone,2-way undivided,-33.852485,151.032632,Cumberland,Sydney metro. area,Syd-Newc-Woll Gtr conurbation,Straight,,,,Nil,Sealed,Dry,Fine,Daylight,Nil,No traffic controls,40 km/h,Local,44,Parking vehicles,403,Manov - Parking-parked vehicle,,Other angle,Light truck utility(from 2018),4 wheel drive / SUV,2,0,0,2,0,9,September,Spring,Friday,16:00 - 17:59,PM peak / evening commute,True,False,True,True
1364118,Injury,Moderate Injury,2024,2024,July,Tuesday,14:00 - 15:59,SALAMANDER,WAY,300,West,BAGNALL BEACH,RD,SALAMANDER BAY,,No,Not a school zone,2-way undivided,-32.738443,152.105626,Port Stephens,Country urban,Rest of NSW - Urban,Straight,,,,Off,Sealed,Dry,Fine,Daylight,Nil,No traffic controls,50 km/h,Local,40,U turn,304,Same - U-turn,,Other angle,Car (sedan/hatch),4 wheel drive / SUV,4,0,0,1,0,7,July,Winter,Tuesday,14:00 - 15:59,Midday / afternoon,False,False,True,True
1364119,Injury,Serious Injury,2024,2024,September,Thursday,18:00 - 19:59,GLEBE,RD,0,Right on the spot,GOSFORD,RD,ADAMSTOWN,188.0,No,Not a school zone,X-intersection,-32.934438,151.727117,Newcastle,Newcastle met. area,Syd-Newc-Woll Gtr conurbation,Straight,,,,On,Sealed,Dry,Fine,Darkness,Nil,Give way sign,60 km/h,Regional,21,Right through,202,Opp - Right-thru,,Other angle,4 wheel drive / SUV,Pedal cycle,2,0,1,0,0,9,September,Spring,Thursday,18:00 - 19:59,PM peak / evening commute,True,False,True,True
1364121,Injury,Minor/Other Injury,2024,2024,September,Tuesday,06:00 - 07:59,KISSING POINT,RD,0,Right on the spot,BETTINGTON,RD,PARRAMATTA,574.0,No,Not a school zone,T-junction,-33.804286,151.026799,Parramatta,Sydney metro. area,Syd-Newc-Woll Gtr conurbation,Straight,Steep grade,,,Nil,Sealed,Dry,Fine,Daylight,On,No traffic controls,60 km/h,State,30,Rear end,301,Same - Rear end,,Rear end,Light truck utility(from 2018),Car (sedan/hatch),2,0,0,0,1,9,September,Spring,Tuesday,06:00 - 07:59,AM peak / school commute,True,False,True,True
1364123,Injury,Serious Injury,2024,2024,September,Friday,06:00 - 07:59,FARNELL,AVE,700,East,PRINCES,HWY,ROYAL NATIONAL PARK,393.0,No,Not a school zone,2-way undivided,-34.058513,151.05108,Sutherland,Sydney metro. area,Syd-Newc-Woll Gtr conurbation,Straight,,,,Nil,Sealed,Dry,Fine,Dawn,Nil,No traffic controls,80 km/h,State,71,Off rd left => obj,703,Left off cway into object,,Other angle,4 wheel drive / SUV,Car (sedan/hatch),2,0,2,0,0,9,September,Spring,Friday,06:00 - 07:59,AM peak / school commute,True,False,True,True
1364125,Injury,Serious Injury,2024,2024,July,Wednesday,10:00 - 11:59,THE HORSLEY,DR,0,Right on the spot,LAWRENCE,ST,FAIRFIELD,609.0,No,Not a school zone,T-junction,-33.857387,150.950768,Fairfield,Sydney metro. area,Syd-Newc-Woll Gtr conurbation,Straight,,,,Nil,Sealed,Dry,Fine,Daylight,Nil,Give way sign,60 km/h,State,0,Ped nearside,1,Ped - Near side,,Vehicle - Pedestrian,Car (sedan/hatch),Pedestrian,2,0,1,0,0,7,July,Winter,Wednesday,10:00 - 11:59,Midday / afternoon,False,False,True,True
1364126,Injury,Serious Injury,2024,2024,September,Friday,22:00 - Midnight,SQUIRES,WAY,500,North,VIRGINIA,ST,NORTH WOLLONGONG,7642.0,No,Not a school zone,2-way undivided,-34.406552,150.899078,Wollongong,Wollongong met. area,Syd-Newc-Woll Gtr conurbation,Straight,,,,On,Sealed,Dry,Fine,Darkness,Nil,No traffic controls,70 km/h,Regional,20,Head on,201,Opp - Head on,,Head-on,Car (sedan/hatch),Car (sedan/hatch),2,0,1,0,1,9,September,Spring,Friday,22:00 - Midnight,Evening / night,False,False,True,True
1364127,Injury,Serious Injury,2024,2024,September,Wednesday,08:00 - 09:59,BOTANY,RD,0,Right on the spot,DAPHNE,ST,BOTANY,170.0,Yes,No,T-junction,-33.942088,151.19517,Bayside,Sydney metro. area,Syd-Newc-Woll Gtr conurbation,Straight,,,,Off,Sealed,Dry,Fine,Daylight,Nil,No traffic controls,50 km/h,State,13,Right near,104,Adj - Right-thru from right,,Right angle,4 wheel drive / SUV,Car (sedan/hatch),2,0,1,1,0,9,September,Spring,Wednesday,08:00 - 09:59,AM peak / school commute,True,False,True,True
1364128,Injury,Moderate Injury,2024,2024,September,Tuesday,16:00 - 17:59,M2 HILLS,EXP,0,Right on the spot,OAKES ROAD,OP,CARLINGFORD,6002.0,No,Not a school zone,Dual freeway,-33.759838,151.041415,Parramatta,Sydney metro. area,Syd-Newc-Woll Gtr conurbation,Straight,Other bridge,,,Nil,Sealed,Dry,Fine,Daylight,Nil,No traffic controls,100 km/h,Regional,30,Rear end,301,Same - Rear end,,Rear end,Passenger van,4 wheel drive / SUV,4,0,0,1,0,9,September,Spring,Tuesday,16:00 - 17:59,PM peak / evening commute,True,False,True,True
1364129,Injury,Serious Injury,2024,2024,September,Wednesday,20:00 - 21:59,M7 WESTLINK,EXP,1000,North,GREAT WESTERN HIGHWAY,OP,EASTERN CREEK,6009.0,No,Not a school zone,Dual freeway,-33.780332,150.857916,Blacktown,Sydney metro. area,Syd-Newc-Woll Gtr conurbation,Curved,,Roadwks/Detour/Diverson,,On,Sealed,Wet,Raining,Darkness,Nil,No traffic controls,80 km/h,State,30,Rear end,301,Same - Rear end,,Rear end,Light truck,Light truck utility(from 2018),4,0,1,0,0,9,September,Spring,Wednesday,20:00 - 21:59,Evening / night,False,False,True,True
1364131,Injury,Serious Injury,2024,2024,September,Tuesday,20:00 - 21:59,STURT,HWY,0,Right on the spot,STATION,PL,WAGGA WAGGA,14.0,No,Not a school zone,X-intersection,-35.118925,147.368818,Wagga Wagga,Country urban,Rest of NSW - Urban,Straight,,,,On,Sealed,Dry,Fine,Darkness,On,No traffic controls,60 km/h,State,21,Right through,202,Opp - Right-thru,,Other angle,4 wheel drive / SUV,Motorcycle,2,0,1,0,0,9,September,Spring,Tuesday,20:00 - 21:59,Evening / night,False,False,True,True
1364132,Injury,Serious Injury,2024,2024,September,Saturday,12:00 - 13:59,PACIFIC,HWY,50,South,BERYL,ST,COFFS HARBOUR,10.0,No,Not a school zone,Divided road,-30.293037,153.116887,Coffs Harbour,Country urban,Rest of NSW - Urban,Straight,,,,Nil,Sealed,Wet,Raining,Daylight,Nil,No traffic controls,60 km/h,State,20,Head on,201,Opp - Head on,,Head-on,Car (sedan/hatch),Light truck utility(from 2018),2,0,2,0,0,9,September,Spring,Saturday,12:00 - 13:59,Midday / afternoon,False,False,True,True
1364133,Injury,Serious Injury,2024,2024,September,Friday,18:00 - 19:59,CUMBERLAND,HWY,0,Right on the spot,CASTLE HILL ROAD,TO,WEST PENNANT HILLS,13.0,No,Not a school zone,Divided road,-33.747799,151.050098,Hornsby,Sydney metro. area,Syd-Newc-Woll Gtr conurbation,Curved,,,,On,Sealed,Dry,Fine,Darkness,On,Ped crossing,70 km/h,State,34,Lane change right,306,Same - Lane change right,,Other angle,Unknown motor vehicle,Motorcycle,2,0,1,0,0,9,September,Spring,Friday,18:00 - 19:59,PM peak / evening commute,True,False,True,True
1364134,Injury,Moderate Injury,2024,2024,September,Friday,14:00 - 15:59,BULOLO,DR,90,West,KARANGI,RD,WHALAN,,Yes,No,2-way undivided,-33.753989,150.809657,Blacktown,Sydney metro. area,Syd-Newc-Woll Gtr conurbation,Straight,Driveway/entrance,,,Off,Sealed,Dry,Fine,Daylight,Nil,No traffic controls,50 km/h,Local,47,Emerging from drive,406,Manov - Emerging from driveway,,Right angle,Light truck utility(from 2018),Motorcycle,2,0,0,1,0,9,September,Spring,Friday,14:00 - 15:59,Midday / afternoon,False,False,True,True
1364135,Injury,Serious Injury,2024,2024,September,Wednesday,20:00 - 21:59,PACIFIC,HWY,2000,North,COWAN TRAIN STATION,OT,COWAN,10.0,No,Not a school zone,2-way undivided,-33.584747,151.181637,Hornsby,Sydney metro. area,Syd-Newc-Woll Gtr conurbation,Curved,Steep grade,,,Nil,Sealed,Wet,Raining,Darkness,Nil,No traffic controls,70 km/h,State,81,Off left/rt bnd=>obj,803,Off right bend into obj,Left,Vehicle - Object,Car (sedan/hatch),,1,0,1,1,0,9,September,Spring,Wednesday,20:00 - 21:59,Evening / night,False,False,True,True
1364136,Injury,Serious Injury,2024,2024,September,Monday,14:00 - 15:59,CUMBERLAND,HWY,20,East,HUNTERFORD,CRES,OATLANDS,13.0,Yes,No,Divided road,-33.788509,151.026318,Parramatta,Sydney metro. area,Syd-Newc-Woll Gtr conurbation,Straight,,,,Off,Sealed,Dry,Fine,Daylight,Nil,No traffic controls,60 km/h,State,1,Ped emerging,2,Ped - emerging,,Vehicle - Pedestrian,4 wheel drive / SUV,Pedestrian,2,0,1,0,0,9,September,Spring,Monday,14:00 - 15:59,Midday / afternoon,False,False,True,True
1364139,Injury,Minor/Other Injury,2024,2024,August,Monday,20:00 - 21:59,PRIDHAM,AVE,30,South,HEREFORD,ST,BOX HILL,,No,Not a school zone,2-way undivided,-33.648763,150.883158,The Hills,Sydney metro. area,Syd-Newc-Woll Gtr conurbation,Curved,Driveway/entrance,,,On,Sealed,Dry,Fine,Darkness,Nil,No traffic controls,50 km/h,Local,49,Other manoeuvring,400,Manov - other,,Other angle,Car (sedan/hatch),Car (sedan/hatch),3,0,0,0,1,8,August,Winter,Monday,20:00 - 21:59,Evening / night,False,False,True,True
1364142,Injury,Serious Injury,2024,2024,September,Monday,22:00 - Midnight,GEORGE DOWNES,DR,0,Right on the spot,NUMBER 638,HN,KULNURA,590.0,No,Not a school zone,2-way undivided,-33.260704,151.214636,Central Coast,Country urban,Syd-Newc-Woll Gtr conurbation,Curved,,,,Nil,Sealed,Dry,Fine,Darkness,Nil,No traffic controls,80 km/h,Regional,80,Off left/right bend,801,Off cway right bend,Left,Rollover,Light truck utility(from 2018),,1,0,1,0,0,9,September,Spring,Monday,22:00 - Midnight,Evening / night,False,False,True,True
1364144,Injury,Moderate Injury,2024,2024,September,Wednesday,12:00 - 13:59,EAST,AVE,0,Right on the spot,MEADE,ST,GLEN INNES,,No,Not a school zone,X-intersection,-29.736794,151.734092,Glen Innes Severn,Country urban,Rest of NSW - Urban,Straight,,,,Off,Sealed,Dry,Fine,Daylight,Nil,Give way sign,50 km/h,Local,10,Cross traffic,101,Adj - Cross traffic,,Right angle,Car (sedan/hatch),Station wagon,2,0,0,2,0,9,September,Spring,Wednesday,12:00 - 13:59,Midday / afternoon,False,False,True,True
1364145,Injury,Serious Injury,2024,2024,April,Thursday,14:00 - 15:59,OLD WINDSOR,RD,300,South,SEVEN HILLS,RD,BAULKHAM HILLS,635.0,No,Not a school zone,Divided road,-33.760809,150.956891,The Hills,Sydney metro. area,Syd-Newc-Woll Gtr conurbation,Straight,,,,Off,Sealed,Dry,Fine,Daylight,Nil,No traffic controls,80 km/h,State,30,Rear end,301,Same - Rear end,,Rear end,Car (sedan/hatch),4 wheel drive / SUV,2,0,1,0,0,4,April,Autumn,Thursday,14:00 - 15:59,Midday / afternoon,False,False,True,True
1364146,Injury,Serious Injury,2024,2024,July,Tuesday,12:00 - 13:59,CECIL,ST,0,Right on the spot,NORTH,RD,DENISTONE EAST,,No,Not a school zone,Roundabout,-33.795921,151.10235,Ryde,Sydney metro. area,Syd-Newc-Woll Gtr conurbation,Curved,Steep grade,,,Nil,Sealed,Dry,Fine,Daylight,Nil,Give way sign,50 km/h,Local,16,Left near,107,Adj - Left-thru from right,,Right angle,Motorcycle,Car (sedan/hatch),2,0,1,0,0,7,July,Winter,Tuesday,12:00 - 13:59,Midday / afternoon,False,False,True,True
1364150,Injury,Serious Injury,2024,2024,September,Thursday,22:00 - Midnight,JAMES RUSE,DR,300,North,WESTERN EXPRESSWAY,OP,ROSEHILL,309.0,No,Not a school zone,Divided road,-33.828206,151.020773,Parramatta,Sydney metro. area,Syd-Newc-Woll Gtr conurbation,Straight,Other bridge,,,On,Sealed,Wet,Raining,Darkness,Nil,No traffic controls,70 km/h,State,30,Rear end,301,Same - Rear end,,Rear end,Car (sedan/hatch),Car (sedan/hatch),3,0,1,0,1,9,September,Spring,Thursday,22:00 - Midnight,Evening / night,False,False,True,True
1364151,Injury,Serious Injury,2024,2024,August,Friday,22:00 - Midnight,CLIFF,ST,40,East,COLLINS,ST,MERIMBULA,,No,Not a school zone,2-way undivided,-36.888126,149.925835,Bega Valley,Country urban,Rest of NSW - Urban,Curved,Steep grade,,,Off,Sealed,Dry,Fine,Darkness,Nil,No traffic controls,50 km/h,Local,81,Off left/rt bnd=>obj,803,Off right bend into obj,Left,Vehicle - Object,Car (sedan/hatch),,1,0,1,1,0,8,August,Winter,Friday,22:00 - Midnight,Evening / night,False,False,True,True
1364152,Injury,Moderate Injury,2024,2024,October,Tuesday,20:00 - 21:59,BRIDGES,RD,50,North,STURDEE,ST,NEW LAMBTON,326.0,No,Not a school zone,2-way undivided,-32.925063,151.71949,Newcastle,Newcastle met. area,Syd-Newc-Woll Gtr conurbation,Straight,Painted double centre lines,,,On,Sealed,Dry,Fine,Darkness,Nil,No traffic controls,60 km/h,State,20,Head on,201,Opp - Head on,,Head-on,Car (sedan/hatch),4 wheel drive / SUV,2,0,0,1,0,10,October,Spring,Tuesday,20:00 - 21:59,Evening / night,False,False,True,True
1364153,Injury,Serious Injury,2024,2024,September,Wednesday,00:01 - 01:59,GREAT WESTERN,HWY,0,Right on the spot,MULDOON,AVE,KELSO,5.0,No,Not a school zone,Roundabout,-33.420401,149.625226,Bathurst Regional,Country urban,Rest of NSW - Urban,Straight,,,,On,Sealed,Dry,Fine,Darkness,Nil,Give way sign,60 km/h,State,20,Head on,201,Opp - Head on,,Head-on,Light truck utility(from 2018),Light truck utility(from 2018),2,0,1,0,0,9,September,Spring,Wednesday,00:01 - 01:59,Late night / early morning,False,False,True,True
1364155,Injury,Minor/Other Injury,2024,2024,September,Friday,18:00 - 19:59,BALMAIN,RD,0,Right on the spot,CARRINGTON,ST,LILYFIELD,652.0,No,Not a school zone,T-junction,-33.869572,151.162624,Inner West,Sydney metro. area,Syd-Newc-Woll Gtr conurbation,Straight,,,,On,Sealed,Dry,Fine,Darkness,Nil,No traffic controls,50 km/h,State,0,Ped nearside,1,Ped - Near side,,Vehicle - Pedestrian,Car (sedan/hatch),Pedestrian,2,0,0,0,1,9,September,Spring,Friday,18:00 - 19:59,PM peak / evening commute,True,False,True,True
1364156,Injury,Moderate Injury,2024,2024,September,Wednesday,08:00 - 09:59,MCEVOY,ST,0,Right on the spot,WYNDHAM,ST,ALEXANDRIA,528.0,No,Not a school zone,X-intersection,-33.901753,151.200142,Sydney,Sydney metro. area,Syd-Newc-Woll Gtr conurbation,Straight,,,,Off,Sealed,Dry,Fine,Daylight,On,Ped crossing,50 km/h,State,0,Ped nearside,1,Ped - Near side,,Vehicle - Pedestrian,Car (sedan/hatch),Pedestrian,2,0,0,1,0,9,September,Spring,Wednesday,08:00 - 09:59,AM peak / school commute,True,False,True,True
1364157,Injury,Minor/Other Injury,2024,2024,August,Thursday,12:00 - 13:59,PEARL,ST,0,Right on the spot,TURNOCK,ST,KINGSCLIFF,,No,Not a school zone,Roundabout,-28.255092,153.574907,Tweed,Country urban,Rest of NSW - Urban,Straight,,,,Off,Sealed,Dry,Fine,Daylight,Nil,Give way sign,50 km/h,Local,10,Cross traffic,101,Adj - Cross traffic,,Right angle,Station wagon,Pedal cycle,2,0,0,0,1,8,August,Winter,Thursday,12:00 - 13:59,Midday / afternoon,False,False,True,True
1364158,Injury,Moderate Injury,2024,2024,August,Wednesday,10:00 - 11:59,WINBOURNE,RD,0,Right on the spot,CARTER,RD,BROOKVALE,7346.0,No,Not a school zone,T-junction,-33.762867,151.278542,Northern Beaches,Sydney metro. area,Syd-Newc-Woll Gtr conurbation,Straight,,,,Nil,Sealed,Dry,Fine,Daylight,Nil,Give way sign,60 km/h,Regional,10,Cross traffic,101,Adj - Cross traffic,,Right angle,4 wheel drive / SUV,Motorcycle,2,0,0,1,0,8,August,Winter,Wednesday,10:00 - 11:59,Midday / afternoon,False,False,True,True
1364160,Injury,Serious Injury,2024,2024,July,Sunday,16:00 - 17:59,EPPING,RD,100,East,PEMBROKE,ST,EPPING,373.0,No,Not a school zone,Divided road,-33.771002,151.08943,Parramatta,Sydney metro. area,Syd-Newc-Woll Gtr conurbation,Curved,Steep grade,,,Off,Sealed,Dry,Fine,Dusk,Nil,No traffic controls,60 km/h,State,20,Head on,201,Opp - Head on,,Head-on,4 wheel drive / SUV,Car (sedan/hatch),5,0,2,2,2,7,July,Winter,Sunday,16:00 - 17:59,PM peak / evening commute,True,False,True,True
1364161,Injury,Serious Injury,2024,2024,July,Saturday,12:00 - 13:59,SNOWY MOUNTAINS,HWY,140,North,WATTLE,RD,BEMBOKA,4.0,No,Not a school zone,2-way undivided,-36.607444,149.432461,Bega Valley,Country urban,Rest of NSW - Urban,Curved,Painted double centre lines,Roadwks/Detour/Diverson,Loose gravel shoulder,Nil,Sealed,Dry,Overcast,Daylight,Nil,No traffic controls,60 km/h,State,83,Off rt/rt bnd=>obj,803,Off right bend into obj,Right,Vehicle - Object,Car (sedan/hatch),,1,0,1,0,0,7,July,Winter,Saturday,12:00 - 13:59,Midday / afternoon,False,False,True,True
1364162,Injury,Moderate Injury,2024,2024,June,Monday,20:00 - 21:59,POLDING,ST,0,Right on the spot,NUMBER 355,HN,FAIRFIELD WEST,7222.0,Yes,No,2-way undivided,-33.859276,150.919334,Fairfield,Sydney metro. area,Syd-Newc-Woll Gtr conurbation,Straight,,,,On,Sealed,Dry,Fine,Darkness,Nil,No traffic controls,60 km/h,Regional,71,Off rd left => obj,703,Left off cway into object,,Other angle,4 wheel drive / SUV,Car (sedan/hatch),3,0,0,1,0,6,June,Winter,Monday,20:00 - 21:59,Evening / night,False,False,True,True
1364163,Injury,Serious Injury,2024,2024,August,Thursday,16:00 - 17:59,WOLLOMBI,RD,0,Right on the spot,PERCY,ST,CESSNOCK,181.0,Yes,No,T-junction,-32.836583,151.34646,Cessnock,Country urban,Rest of NSW - Urban,Straight,Foot/cycle path/nature strip,,,On,Sealed,Dry,Fine,Dusk,Nil,Ped crossing,60 km/h,Regional,48,From footpath,408,Manov - From footway,,Other angle,Motorised push scooters,Light truck utility(from 2018),2,0,1,0,0,8,August,Winter,Thursday,16:00 - 17:59,PM peak / evening commute,True,False,True,True
1364165,Injury,Moderate Injury,2024,2024,August,Friday,14:00 - 15:59,NEWCASTLE,EXP,10000,North,CESSNOCK ROAD,OP,HOLMESVILLE,6003.0,No,Not a school zone,Dual freeway,-32.908168,151.562483,Lake Macquarie,Newcastle met. area,Syd-Newc-Woll Gtr conurbation,Straight,,,,Nil,Sealed,Dry,Fine,Daylight,Nil,No traffic controls,110 km/h,State,33,Lane sideswipe,305,Same - Lane side swipe,,Other angle,4 wheel drive / SUV,Semi-trailer,2,0,0,1,0,8,August,Winter,Friday,14:00 - 15:59,Midday / afternoon,False,False,True,True
1364166,Injury,Serious Injury,2024,2024,September,Tuesday,02:00 - 03:59,CUMBERLAND,HWY,75,North,REIN,RD,GREYSTANES,13.0,No,Not a school zone,Divided road,-33.824411,150.962321,Cumberland,Sydney metro. area,Syd-Newc-Woll Gtr conurbation,Straight,Driveway/entrance,,,On,Sealed,Dry,Fine,Darkness,Nil,No traffic controls,70 km/h,State,31,Left rear,302,Same - Rear left,,Rear end,Car (sedan/hatch),Large rigid,2,0,1,0,0,9,September,Spring,Tuesday,02:00 - 03:59,Late night / early morning,False,False,True,True
1364167,Injury,Minor/Other Injury,2024,2024,September,Friday,22:00 - Midnight,LYTON,ST,20,South,ESSEX,ST,BLACKTOWN,7465.0,No,Not a school zone,Divided road,-33.764398,150.893194,Blacktown,Sydney metro. area,Syd-Newc-Woll Gtr conurbation,Straight,,,,On,Sealed,Dry,Fine,Darkness,Nil,No traffic controls,60 km/h,Regional,74,On road-out of cont.,705,Out of control on cway,,Rollover,Motorcycle,,1,0,0,0,1,9,September,Spring,Friday,22:00 - Midnight,Evening / night,False,False,True,True
1364168,Injury,Serious Injury,2024,2024,September,Wednesday,20:00 - 21:59,CARLINGFORD,RD,0,Right on the spot,ORCHARD,ST,EPPING,373.0,No,Not a school zone,T-junction,-33.775382,151.061595,Parramatta,Sydney metro. area,Syd-Newc-Woll Gtr conurbation,Straight,,,,On,Sealed,Dry,Fine,Darkness,Nil,No traffic controls,60 km/h,State,13,Right near,104,Adj - Right-thru from right,,Right angle,Car (sedan/hatch),Motorcycle,2,0,1,0,0,9,September,Spring,Wednesday,20:00 - 21:59,Evening / night,False,False,True,True
1364169,Injury,Serious Injury,2024,2024,September,Friday,12:00 - 13:59,BARRAND,ST,0,Right on the spot,KINCAID,ST,WAGGA WAGGA,,No,Not a school zone,T-junction,-35.104171,147.367462,Wagga Wagga,Country urban,Rest of NSW - Urban,Straight,,,,Off,Sealed,Dry,Fine,Daylight,Nil,No traffic controls,50 km/h,Local,11,Right far,102,Adj - Right-thru from left,,Right angle,4 wheel drive / SUV,Motorcycle,3,0,1,0,0,9,September,Spring,Friday,12:00 - 13:59,Midday / afternoon,False,False,True,True
1364171,Injury,Serious Injury,2024,2024,September,Monday,10:00 - 11:59,FAIRFORD,RD,0,Right on the spot,BRYANT,ST,PADSTOW,190.0,No,Not a school zone,X-intersection,-33.941377,151.035262,Canterbury-Bankstown,Sydney metro. area,Syd-Newc-Woll Gtr conurbation,Straight,,,,Nil,Sealed,Dry,Fine,Daylight,Nil,No right turn,70 km/h,State,36,Right turn sideswipe,308,Same - Rgt turn side swipe,,Other angle,Large rigid,Light truck utility(from 2018),2,0,1,0,0,9,September,Spring,Monday,10:00 - 11:59,Midday / afternoon,False,False,True,True
1364173,Injury,Moderate Injury,2024,2024,September,Thursday,12:00 - 13:59,WINDRUSH,AVE,0,Right on the spot,NUMBER 10,HN,BELROSE,,No,Not a school zone,2-way undivided,-33.729902,151.214715,Northern Beaches,Sydney metro. area,Syd-Newc-Woll Gtr conurbation,Straight,Driveway/entrance,,,Nil,Sealed,Dry,Fine,Daylight,Nil,No traffic controls,50 km/h,Local,49,Other manoeuvring,400,Manov - other,,Other angle,Passenger van,,1,0,0,1,0,9,September,Spring,Thursday,12:00 - 13:59,Midday / afternoon,False,False,True,True
1364175,Injury,Moderate Injury,2024,2024,September,Friday,16:00 - 17:59,PALMER,ST,0,Right on the spot,THORNCRAFT,PDE,CAMPSIE,,No,Not a school zone,Roundabout,-33.91671,151.097522,Canterbury-Bankstown,Sydney metro. area,Syd-Newc-Woll Gtr conurbation,Straight,Pedestrian refuge,,,On,Sealed,Dry,Fine,Daylight,Nil,Give way sign,50 km/h,Local,2,Ped far side,3,Ped - Far side,,Vehicle - Pedestrian,Car (sedan/hatch),Pedestrian,2,0,0,1,0,9,September,Spring,Friday,16:00 - 17:59,PM peak / evening commute,True,False,True,True