crash_id,degree_of_crash,degree_of_crash_-_detailed,reporting_year,year_of_crash,month_of_crash,day_of_week_of_crash,two-hour_intervals,street_of_crash,street_type,distance,direction,identifying_feature,identifying_feature_type,town,route_no.,school_zone_location,school_zone_active,type_of_location,latitude,longitude,lga,urbanisation,conurbation_1,alignment,primary_permanent_feature,primary_temporary_feature,primary_hazardous_feature,street_lighting,road_surface,surface_condition,weather,natural_lighting,signals_operation,other_traffic_control,speed_limit,road_classification_(admin),rum_-_code,rum_-_description,dca_-_code,dca_-_description,dca_supplement,first_impact_type,key_tu_type,other_tu_type,no._of_traffic_units_involved,no._killed,no._seriously_injured,no._moderately_injured,no._minor-other_injured,month_num,month_label,season,day_label,time_label,time_band,is_peak_commute,is_fatal,is_injury,is_casualty
1364180,Injury,Serious Injury,2024,2024,August,Sunday,18:00 - 19:59,LANE COVE,RD,30,South,FONTENOY,RD,MACQUARIE PARK,162.0,No,Not a school zone,Divided road,-33.78005,151.133815,Ryde,Sydney metro. area,Syd-Newc-Woll Gtr conurbation,Straight,Steep grade,,,On,Sealed,Dry,Fine,Darkness,Nil,No traffic controls,70 km/h,State,71,Off rd left => obj,703,Left off cway into object,,Vehicle - Object,Car (sedan/hatch),,1,0,1,0,0,8,August,Winter,Sunday,18:00 - 19:59,PM peak / evening commute,True,False,True,True
1364181,Injury,Moderate Injury,2024,2024,September,Thursday,14:00 - 15:59,EWINGSDALE,RD,0,Right on the spot,MCGETTIGANS,LANE,EWINGSDALE,545.0,No,Not a school zone,T-junction,-28.636607,153.560354,Byron,Country urban,Rest of NSW - Urban,Straight,,,,Nil,Sealed,Wet,Raining,Daylight,Nil,Give way sign,60 km/h,Regional,13,Right near,104,Adj - Right-thru from right,,Right angle,Light truck utility(from 2018),Car (sedan/hatch),2,0,0,1,0,9,September,Spring,Thursday,14:00 - 15:59,Midday / afternoon,False,False,True,True
1364183,Injury,Moderate Injury,2024,2024,September,Saturday,08:00 - 09:59,MILEHAM,ST,10,North,HAM,ST,SOUTH WINDSOR,,No,Not a school zone,T-junction,-33.61989,150.808357,Hawkesbury,Country urban,Syd-Newc-Woll Gtr conurbation,Straight,B'down lane/road shldr,,,Off,Sealed,Dry,Fine,Daylight,Nil,No traffic controls,50 km/h,Local,35,Lane change left,307,Same - Lane change left,,Other angle,Car (sedan/hatch),4 wheel drive / SUV,3,0,0,1,0,9,September,Spring,Saturday,08:00 - 09:59,AM peak / school commute,True,False,True,True
1364184,Injury,Serious Injury,2024,2024,September,Saturday,20:00 - 21:59,FREEMANS,DR,20,East,MT FAULK,RD,COORANBONG,,No,Not a school zone,2-way undivided,-33.042738,151.471212,Lake Macquarie,Newcastle met. area,Syd-Newc-Woll Gtr conurbation,Straight,,,,Off,Sealed,Dry,Fine,Darkness,Nil,No traffic controls,90 km/h,Local,71,Off rd left => obj,703,Left off cway into object,,Vehicle - Object,Car (sedan/hatch),,1,0,1,0,0,9,September,Spring,Saturday,20:00 - 21:59,Evening / night,False,False,True,True
1364186,Injury,Minor/Other Injury,2024,2024,August,Tuesday,04:00 - 05:59,CUMBERLAND,HWY,0,Right on the spot,M2 HILLS,EXP,CARLINGFORD,13.0,No,Not a school zone,T-junction,-33.758848,151.048931,Parramatta,Sydney metro. area,Syd-Newc-Woll Gtr conurbation,Curved,Other bridge,,Slippery surface,On,Sealed,Wet,Raining,Darkness,On,No traffic controls,70 km/h,State,87,Off lft/lft bnd=>obj,804,Off left bend into obj,Left,Vehicle - Object,4 wheel drive / SUV,,1,0,0,0,1,8,August,Winter,Tuesday,04:00 - 05:59,Late night / early morning,False,False,True,True
1364191,Injury,Serious Injury,2024,2024,September,Thursday,02:00 - 03:59,WESTERN,EXP,900,West,GREAT WESTERN HIGHWAY,OP,EMU PLAINS,6004.0,No,Not a school zone,Dual freeway,-33.757725,150.643428,Penrith,Sydney metro. area,Syd-Newc-Woll Gtr conurbation,Curved,Steep grade,,,On,Sealed,Dry,Fine,Darkness,Nil,No traffic controls,90 km/h,State,81,Off left/rt bnd=>obj,803,Off right bend into obj,Left,Vehicle - Object,Car (sedan/hatch),,1,0,1,0,0,9,September,Spring,Thursday,02:00 - 03:59,Late night / early morning,False,False,True,True
1364194,Injury,Serious Injury,2024,2024,September,Friday,14:00 - 15:59,MINNAMINANE,RD,100,South,MALLAWA,RD,MALLOWA,,No,Not a school zone,2-way undivided,-29.654686,149.377457,Moree Plains,Country non-urban,Rest of NSW - Rural,Straight,,,Potholes/corrugations/rough,Nil,Unsealed,Dry,Fine,Daylight,Nil,No traffic controls,100 km/h,Local,74,On road-out of cont.,705,Out of control on cway,,Rollover,Light truck utility(from 2018),,1,0,1,0,0,9,September,Spring,Friday,14:00 - 15:59,Midday / afternoon,False,False,True,True
1364197,Injury,Serious Injury,2024,2024,July,Thursday,04:00 - 05:59,CHURCH,ST,0,Right on the spot,JUNCTION,ST,RYDE,200.0,No,Not a school zone,T-junction,-33.819373,151.099798,Ryde,Sydney metro. area,Syd-Newc-Woll Gtr conurbation,Straight,Steep grade,,,On,Sealed,Dry,Fine,Darkness,On,No traffic controls,70 km/h,State,10,Cross traffic,101,Adj - Cross traffic,,Right angle,4 wheel drive / SUV,4 wheel drive / SUV,2,0,1,0,0,7,July,Winter,Thursday,04:00 - 05:59,Late night / early morning,False,False,True,True
1364198,Injury,Minor/Other Injury,2024,2024,September,Saturday,18:00 - 19:59,AVOCA,ST,0,Right on the spot,BELMORE,RD,RANDWICK,660.0,No,Not a school zone,Multiple intersection,-33.917065,151.24121,Randwick,Sydney metro. area,Syd-Newc-Woll Gtr conurbation,Straight,,,,On,Sealed,Dry,Fine,Daylight,On,Ped crossing,50 km/h,Regional,0,Ped nearside,1,Ped - Near side,,Vehicle - Pedestrian,Car (sedan/hatch),Pedestrian,2,0,0,0,1,9,September,Spring,Saturday,18:00 - 19:59,PM peak / evening commute,True,False,True,True
1364200,Injury,Serious Injury,2024,2024,September,Sunday,10:00 - 11:59,PUTTY,RD,2400,North,COMMISSION,RD,HOWES VALLEY,503.0,No,Not a school zone,2-way undivided,-32.873537,150.817255,Singleton,Country non-urban,Rest of NSW - Rural,Curved,,,,Nil,Sealed,Dry,Fine,Daylight,Nil,No traffic controls,100 km/h,State,88,Out of cont on bend,805,Out of control on bend,,Rollover,Motorcycle,,1,0,1,0,0,9,September,Spring,Sunday,10:00 - 11:59,Midday / afternoon,False,False,True,True
1364202,Injury,Moderate Injury,2024,2024,May,Thursday,16:00 - 17:59,WESTERN,DSTR,0,Right on the spot,PYRMONT BRIDGE ROAD,OP,PYRMONT,165.0,No,Not a school zone,Divided road,-33.872604,151.193781,Sydney,Sydney metro. area,Syd-Newc-Woll Gtr conurbation,Straight,Other bridge,,,Nil,Sealed,Dry,Fine,Daylight,Nil,No traffic controls,60 km/h,State,30,Rear end,301,Same - Rear end,,Rear end,Light truck,4 wheel drive / SUV,2,0,0,1,0,5,May,Autumn,Thursday,16:00 - 17:59,PM peak / evening commute,True,False,True,True
1364204,Injury,Serious Injury,2024,2024,September,Saturday,16:00 - 17:59,BILLIRIMBA,RD,2000,East,BILLIRIMBA CREEK,RD,ROCKY RIVER,,No,Not a school zone,2-way undivided,-29.180998,152.239063,Tenterfield,Country urban,Rest of NSW - Urban,Curved,Crest,,Other hazardous feature,Nil,Unsealed,Dry,Fine,Daylight,Nil,No traffic controls,60 km/h,Local,86,Off left/left bend,802,Off cway left bend,Left,Rollover,Motorcycle,,1,0,1,0,0,9,September,Spring,Saturday,16:00 - 17:59,PM peak / evening commute,True,False,True,True
1364205,Injury,Moderate Injury,2024,2024,September,Tuesday,16:00 - 17:59,ARTHUR,ST,0,Right on the spot,ISA,RD,WORRIGEE,,No,Not a school zone,T-junction,-34.901322,150.620304,Shoalhaven,Country urban,Rest of NSW - Urban,Curved,,,,Off,Sealed,Dry,Fine,Daylight,Nil,No traffic controls,50 km/h,Local,37,Left turn sideswipe,309,Same - Left turn side swipe,,Other angle,Unknown motor vehicle,Pedal cycle,2,0,0,1,0,9,September,Spring,Tuesday,16:00 - 17:59,PM peak / evening commute,True,False,True,True
1364206,Injury,Minor/Other Injury,2024,2024,June,Monday,00:01 - 01:59,PACIFIC,HWY,200,North,RIVERSIDE CRESCENT,OP,BRUNSWICK HEADS,10.0,No,Not a school zone,Divided road,-28.532663,153.539128,Byron,Country non-urban,Rest of NSW - Rural,Curved,Other bridge,,,Nil,Sealed,Dry,Fine,Darkness,Nil,No traffic controls,110 km/h,State,85,Off rt/lft bnd=>obj,804,Off left bend into obj,Right,Vehicle - Object,Car (sedan/hatch),,1,0,0,0,1,6,June,Winter,Monday,00:01 - 01:59,Late night / early morning,False,False,True,True
1364208,Injury,Moderate Injury,2024,2024,October,Wednesday,12:00 - 13:59,OAKWOOD,RD,0,Right on the spot,ROSELEA,RD,MOUNT RUSSELL,,No,Not a school zone,X-intersection,-29.65633,150.936088,Inverell,Country non-urban,Rest of NSW - Rural,Straight,,,,Nil,Sealed,Dry,Fine,Daylight,Nil,Give way sign,100 km/h,Local,81,Off left/rt bnd=>obj,707,Right turn,Left,Vehicle - Object,Motorcycle,,1,0,0,1,0,10,October,Spring,Wednesday,12:00 - 13:59,Midday / afternoon,False,False,True,True
1364210,Injury,Moderate Injury,2024,2024,June,Friday,14:00 - 15:59,WARRINGAH,EXP,50,South,FALCON STREET,TO,NEUTRAL BAY,651.0,No,Not a school zone,Other,-33.829895,151.214683,North Sydney,Sydney metro. area,Syd-Newc-Woll Gtr conurbation,Straight,Other bridge,Roadwks/Detour/Diverson,,Off,Sealed,Dry,Fine,Daylight,Nil,No traffic controls,60 km/h,State,33,Lane sideswipe,305,Same - Lane side swipe,,Other angle,Motor scooter,4 wheel drive / SUV,2,0,0,1,0,6,June,Winter,Friday,14:00 - 15:59,Midday / afternoon,False,False,True,True
1364214,Injury,Serious Injury,2024,2024,September,Monday,08:00 - 09:59,HUME,HWY,5,East,MACQUARIE,ST,WARWICK FARM,2.0,No,Not a school zone,T-junction,-33.914424,150.925444,Liverpool,Sydney metro. area,Syd-Newc-Woll Gtr conurbation,Straight,,,,Nil,Sealed,Dry,Fine,Daylight,On,No traffic controls,70 km/h,State,0,Ped nearside,1,Ped - Near side,,Vehicle - Pedestrian,Motorcycle,Pedestrian,2,0,2,0,0,9,September,Spring,Monday,08:00 - 09:59,AM peak / school commute,True,False,True,True
1364216,Injury,Serious Injury,2024,2024,September,Sunday,16:00 - 17:59,ZIEGLER,AVE,0,Right on the spot,NUMBER 66,HN,KOORINGAL,,No,Not a school zone,2-way undivided,-35.144573,147.379951,Wagga Wagga,Country urban,Rest of NSW - Urban,Straight,,,,Nil,Sealed,Dry,Fine,Daylight,Nil,No traffic controls,50 km/h,Local,33,Lane sideswipe,305,Same - Lane side swipe,,Other angle,Pedal cycle,4 wheel drive / SUV,2,0,1,0,0,9,September,Spring,Sunday,16:00 - 17:59,PM peak / evening commute,True,False,True,True
1364217,Injury,Moderate Injury,2024,2024,September,Thursday,12:00 - 13:59,MACQUARIE,ST,0,Right on the spot,BRABYN,ST,WINDSOR,154.0,No,Not a school zone,X-intersection,-33.614066,150.813146,Hawkesbury,Country urban,Syd-Newc-Woll Gtr conurbation,Straight,,,,Off,Sealed,Wet,Raining,Daylight,Nil,No right turn,60 km/h,State,21,Right through,202,Opp - Right-thru,,Other angle,Light truck utility(from 2018),Light truck utility(from 2018),2,0,0,1,0,9,September,Spring,Thursday,12:00 - 13:59,Midday / afternoon,False,False,True,True
1364218,Injury,Moderate Injury,2024,2024,September,Friday,12:00 - 13:59,GLEBE,RD,0,Right on the spot,NUMBER 439,HN,HAMILTON SOUTH,188.0,No,Not a school zone,2-way undivided,-32.936011,151.735773,Newcastle,Newcastle met. area,Syd-Newc-Woll Gtr conurbation,Straight,Driveway/entrance,,,Off,Sealed,Dry,Fine,Daylight,Nil,No traffic controls,60 km/h,Regional,0,Ped nearside,1,Ped - Near side,,Vehicle - Pedestrian,Car (sedan/hatch),Pedestrian,2,0,0,1,0,9,September,Spring,Friday,12:00 - 13:59,Midday / afternoon,False,False,True,True
1364219,Injury,Moderate Injury,2024,2024,September,Sunday,10:00 - 11:59,CROWN,RD,0,Right on the spot,NUMBER 80-86,HN,QUEENSCLIFF,,No,Not a school zone,2-way undivided,-33.781246,151.284171,Northern Beaches,Sydney metro. area,Syd-Newc-Woll Gtr conurbation,Straight,Driveway/entrance,,,Nil,Sealed,Dry,Fine,Daylight,Nil,No traffic controls,50 km/h,Local,47,Emerging from drive,406,Manov - Emerging from driveway,,Right angle,4 wheel drive / SUV,Pedal cycle,2,0,0,1,0,9,September,Spring,Sunday,10:00 - 11:59,Midday / afternoon,False,False,True,True
1364220,Injury,Serious Injury,2024,2024,September,Friday,12:00 - 13:59,PRINCES,HWY,0,Right on the spot,GREEN,ST,ULLADULLA,1.0,No,Not a school zone,T-junction,-35.3571,150.474339,Shoalhaven,Country urban,Rest of NSW - Urban,Straight,,,,Nil,Sealed,Dry,Fine,Daylight,Nil,Give way sign,50 km/h,State,31,Left rear,302,Same - Rear left,,Rear end,Pedal cycle,Car (sedan/hatch),2,0,1,0,0,9,September,Spring,Friday,12:00 - 13:59,Midday / afternoon,False,False,True,True
1364221,Injury,Moderate Injury,2024,2024,October,Tuesday,10:00 - 11:59,GREENWELL POINT,RD,0,Right on the spot,JINDY ANDY,LANE,PYREE,7632.0,No,Not a school zone,T-junction,-34.898792,150.672394,Shoalhaven,Country urban,Rest of NSW - Urban,Curved,,,,Nil,Sealed,Dry,Fine,Daylight,Nil,Give way sign,80 km/h,Regional,32,Right rear,303,Same - Rear right,,Rear end,4 wheel drive / SUV,4 wheel drive / SUV,2,0,0,1,0,10,October,Spring,Tuesday,10:00 - 11:59,Midday / afternoon,False,False,True,True
1364223,Injury,Moderate Injury,2024,2024,September,Wednesday,22:00 - Midnight,LADY WAKEHURST,DR,3750,North,DOMVILLE,RD,LILYVALE,393.0,No,Not a school zone,2-way undivided,-34.187079,151.01137,Wollongong,Wollongong met. area,Syd-Newc-Woll Gtr conurbation,Curved,Embankment/cutting,,,Nil,Sealed,Dry,Fine,Darkness,Nil,No traffic controls,60 km/h,State,85,Off rt/lft bnd=>obj,804,Off left bend into obj,Right,Vehicle - Object,Car (sedan/hatch),,1,0,0,1,0,9,September,Spring,Wednesday,22:00 - Midnight,Evening / night,False,False,True,True
1364227,Injury,Serious Injury,2024,2024,September,Thursday,18:00 - 19:59,WOODVILLE,RD,70,South,VILLAWOOD,RD,VILLAWOOD,640.0,No,Not a school zone,Divided road,-33.882476,150.977193,Fairfield,Sydney metro. area,Syd-Newc-Woll Gtr conurbation,Straight,,,,On,Sealed,Wet,Raining,Darkness,Nil,No traffic controls,60 km/h,State,20,Head on,201,Opp - Head on,,Head-on,Light truck utility(from 2018),4 wheel drive / SUV,2,0,1,0,1,9,September,Spring,Thursday,18:00 - 19:59,PM peak / evening commute,True,False,True,True
1364228,Injury,Serious Injury,2024,2024,August,Thursday,18:00 - 19:59,ROCKY POINT,RD,0,Right on the spot,ENDEAVOUR,ST,SANS SOUCI,199.0,Yes,No,T-junction,-33.996184,151.129598,Georges River,Sydney metro. area,Syd-Newc-Woll Gtr conurbation,Straight,,,,On,Sealed,Dry,Fine,Dusk,Nil,No traffic controls,70 km/h,State,21,Right through,202,Opp - Right-thru,,Other angle,Car (sedan/hatch),4 wheel drive / SUV,2,0,1,0,0,8,August,Winter,Thursday,18:00 - 19:59,PM peak / evening commute,True,False,True,True
1364231,Injury,Serious Injury,2024,2024,September,Saturday,06:00 - 07:59,MARSH,ST,100,South,LEVEY,ST,WOLLI CREEK,,No,Not a school zone,1-way street,-33.934316,151.158095,Bayside,Sydney metro. area,Syd-Newc-Woll Gtr conurbation,Straight,,,,Off,Sealed,Dry,Fine,Daylight,Nil,No traffic controls,50 km/h,Local,1,Ped emerging,2,Ped - emerging,,Vehicle - Pedestrian,Car (sedan/hatch),Pedestrian,2,0,1,0,0,9,September,Spring,Saturday,06:00 - 07:59,AM peak / school commute,True,False,True,True
1364233,Injury,Serious Injury,2024,2024,September,Wednesday,20:00 - 21:59,GURWOOD,ST,100,West,BECKWITH,ST,WAGGA WAGGA,,No,Not a school zone,2-way undivided,-35.108331,147.361498,Wagga Wagga,Country urban,Rest of NSW - Urban,Straight,,,,On,Sealed,Wet,Fine,Darkness,Nil,No traffic controls,50 km/h,Local,42,Leaving parking,401,Manov - Leaving parking,,Other angle,Car (sedan/hatch),Station wagon,2,0,1,0,0,9,September,Spring,Wednesday,20:00 - 21:59,Evening / night,False,False,True,True
1364237,Injury,Serious Injury,2024,2024,September,Sunday,18:00 - 19:59,KIRAI,DR,10,North,KARUBAALING,WAY,SPEERS POINT,,No,Not a school zone,T-junction,-32.95605,151.631165,Lake Macquarie,Newcastle met. area,Syd-Newc-Woll Gtr conurbation,Straight,,,,Nil,Sealed,Wet,Overcast,Darkness,Nil,No traffic controls,50 km/h,Local,90,Fell in/from vehicle,901,Fell in/from vehicle,,Person - Object,4 wheel drive / SUV,,1,0,1,0,0,9,September,Spring,Sunday,18:00 - 19:59,PM peak / evening commute,True,False,True,True
1364238,Injury,Moderate Injury,2024,2024,September,Monday,18:00 - 19:59,MANNERS,ST,10,West,ERINDEE,AVE,TENTERFIELD,,No,Not a school zone,T-junction,-29.053948,152.008552,Tenterfield,Country urban,Rest of NSW - Urban,Straight,,,,Nil,Sealed,Dry,Fine,Darkness,Nil,No traffic controls,50 km/h,Local,0,Ped nearside,1,Ped - Near side,,Vehicle - Pedestrian,Light truck utility(from 2018),Pedestrian,2,0,0,1,0,9,September,Spring,Monday,18:00 - 19:59,PM peak / evening commute,True,False,True,True
1364240,Injury,Serious Injury,2024,2024,August,Monday,04:00 - 05:59,ANDERSON,DR,0,Right on the spot,HAWTHORNE,ST,BERESFIELD,,Yes,No,T-junction,-32.803784,151.652601,Newcastle,Newcastle met. area,Syd-Newc-Woll Gtr conurbation,Straight,,,,Off,Sealed,Dry,Fine,Dawn,Nil,Ped crossing,50 km/h,Local,2,Ped far side,3,Ped - Far side,,Vehicle - Pedestrian,Car (sedan/hatch),Pedestrian,2,0,1,0,0,8,August,Winter,Monday,04:00 - 05:59,Late night / early morning,False,False,True,True
1364241,Injury,Moderate Injury,2024,2024,September,Wednesday,08:00 - 09:59,INDUSTRIAL,DR,0,Right on the spot,TOURLE,ST,MAYFIELD,316.0,No,Not a school zone,T-junction,-32.887163,151.732022,Newcastle,Newcastle met. area,Syd-Newc-Woll Gtr conurbation,Straight,,,,Off,Sealed,Dry,Fine,Daylight,On,No traffic controls,80 km/h,State,36,Right turn sideswipe,308,Same - Rgt turn side swipe,,Other angle,Car (sedan/hatch),Motorcycle,2,0,0,1,0,9,September,Spring,Wednesday,08:00 - 09:59,AM peak / school commute,True,False,True,True
1364243,Injury,Serious Injury,2024,2024,August,Thursday,20:00 - 21:59,GEORGE,ST,0,Right on the spot,NUMBER 33A,HN,HIGHFIELDS,,No,Not a school zone,2-way undivided,-32.956917,151.712228,Lake Macquarie,Newcastle met. area,Syd-Newc-Woll Gtr conurbation,Curved,,,,Unknown / not stated,Sealed,Unknown,Unknown,Darkness,Nil,No traffic controls,50 km/h,Local,93,Pkd veh runaway=>obj,906,Parked vehicle ran away,,Other angle,Light truck utility(from 2018),Car (sedan/hatch),2,0,1,0,0,8,August,Winter,Thursday,20:00 - 21:59,Evening / night,False,False,True,True
1364244,Injury,Serious Injury,2024,2024,September,Sunday,08:00 - 09:59,WATERFALL,WAY,220,South,DARKWOOD,RD,THORA,76.0,No,Not a school zone,2-way undivided,-30.426662,152.779764,Bellingen,Country urban,Rest of NSW - Urban,Curved,Other bridge,,,Nil,Sealed,Wet,Overcast,Daylight,Nil,No traffic controls,80 km/h,State,87,Off lft/lft bnd=>obj,804,Off left bend into obj,Left,Vehicle - Object,4 wheel drive / SUV,,1,0,1,0,0,9,September,Spring,Sunday,08:00 - 09:59,AM peak / school commute,True,False,True,True
1364245,Injury,Serious Injury,2024,2024,September,Monday,08:00 - 09:59,WINDSOR,RD,0,Right on the spot,CHELSEA,AVE,BAULKHAM HILLS,184.0,No,Not a school zone,T-junction,-33.755666,150.989721,The Hills,Sydney metro. area,Syd-Newc-Woll Gtr conurbation,Curved,Steep grade,,,Off,Sealed,Dry,Fine,Daylight,Nil,Give way sign,60 km/h,State,13,Right near,104,Adj - Right-thru from right,,Right angle,Light truck,Motorcycle,2,0,1,0,0,9,September,Spring,Monday,08:00 - 09:59,AM peak / school commute,True,False,True,True
1364247,Injury,Moderate Injury,2024,2024,June,Sunday,00:01 - 01:59,BARRIER,HWY,0,Right on the spot,MICA,ST,BROKEN HILL,8.0,No,Not a school zone,T-junction,-31.951067,141.465817,Broken Hill,Country urban,Rest of NSW - Urban,Straight,,,,On,Sealed,Dry,Fine,Darkness,Nil,No traffic controls,50 km/h,State,49,Other manoeuvring,400,Manov - other,,Other angle,Pedal cycle,,1,0,0,1,0,6,June,Winter,Sunday,00:01 - 01:59,Late night / early morning,False,False,True,True
1364248,Injury,Serious Injury,2024,2024,September,Thursday,12:00 - 13:59,MULGA,ST,100,South,SOUTH,ST,WINDALE,,No,Not a school zone,2-way undivided,-32.990017,151.678678,Lake Macquarie,Newcastle met. area,Syd-Newc-Woll Gtr conurbation,Straight,,,,Nil,Sealed,Dry,Fine,Daylight,Nil,No traffic controls,50 km/h,Local,20,Head on,201,Opp - Head on,,Head-on,Car (sedan/hatch),Car (sedan/hatch),2,0,1,0,0,9,September,Spring,Thursday,12:00 - 13:59,Midday / afternoon,False,False,True,True
1364250,Injury,Moderate Injury,2024,2024,September,Sunday,00:01 - 01:59,CHURCH,ST,0,Right on the spot,NUMBER 83,HN,MUDGEE,,No,Not a school zone,2-way undivided,-32.595784,149.587718,Mid-Western Regional,Country urban,Rest of NSW - Urban,Straight,,,,On,Sealed,Dry,Fine,Darkness,Nil,No traffic controls,50 km/h,Local,3,Ped on carriageway,4,Ped - On carriageway,,Vehicle - Pedestrian,Car (sedan/hatch),Pedestrian,2,0,0,1,0,9,September,Spring,Sunday,00:01 - 01:59,Late night / early morning,False,False,True,True
1364251,Injury,Moderate Injury,2024,2024,September,Saturday,14:00 - 15:59,ARCHBOLD,RD,0,Right on the spot,TRYON,RD,EAST LINDFIELD,2043.0,No,Not a school zone,X-intersection,-33.771074,151.179093,Ku-ring-gai,Sydney metro. area,Syd-Newc-Woll Gtr conurbation,Straight,Crest,,,Off,Sealed,Dry,Fine,Daylight,On,No traffic controls,60 km/h,Regional,21,Right through,202,Opp - Right-thru,,Other angle,Car (sedan/hatch),Station wagon,2,0,0,3,0,9,September,Spring,Saturday,14:00 - 15:59,Midday / afternoon,False,False,True,True
1364252,Injury,Serious Injury,2024,2024,August,Wednesday,16:00 - 17:59,UPPER BYLONG,RD,0,Right on the spot,NUMBER 355,HN,UPPER BYLONG,,No,Not a school zone,2-way undivided,-32.438224,150.137336,Mid-Western Regional,Country non-urban,Rest of NSW - Rural,Straight,,,,Nil,Sealed,Dry,Fine,Dusk,Nil,No traffic controls,100 km/h,Local,74,On road-out of cont.,705,Out of control on cway,,Rollover,Motorcycle,,1,0,1,0,0,8,August,Winter,Wednesday,16:00 - 17:59,PM peak / evening commute,True,False,True,True
1364254,Injury,Moderate Injury,2024,2024,September,Thursday,06:00 - 07:59,LARMER,AVE,260,North,SANCTUARY POINT,RD,SANCTUARY POINT,7631.0,No,Not a school zone,2-way undivided,-35.098677,150.63339,Shoalhaven,Country urban,Rest of NSW - Urban,Straight,,,,Off,Sealed,Dry,Fine,Daylight,Nil,No traffic controls,60 km/h,Regional,71,Off rd left => obj,703,Left off cway into object,,Vehicle - Object,Car (sedan/hatch),,1,0,0,1,0,9,September,Spring,Thursday,06:00 - 07:59,AM peak / school commute,True,False,True,True
1364255,Injury,Serious Injury,2024,2024,June,Sunday,16:00 - 17:59,HILL,ST,100,North,MCBURNEY,RD,CABRAMATTA,,No,Not a school zone,2-way undivided,-33.890574,150.93451,Fairfield,Sydney metro. area,Syd-Newc-Woll Gtr conurbation,Straight,,,,On,Sealed,Dry,Fine,Darkness,Nil,No traffic controls,50 km/h,Local,2,Ped far side,3,Ped - Far side,,Vehicle - Pedestrian,Unknown motor vehicle,Pedestrian,2,0,1,0,0,6,June,Winter,Sunday,16:00 - 17:59,PM peak / evening commute,True,False,True,True
1364256,Injury,Moderate Injury,2024,2024,September,Wednesday,10:00 - 11:59,GREAT WESTERN,HWY,350,West,BREWONGLE,LANE,GLANMIRE,5.0,No,Not a school zone,2-way undivided,-33.426038,149.703746,Bathurst Regional,Country non-urban,Rest of NSW - Rural,Straight,Embankment/cutting,,,Nil,Sealed,Dry,Fine,Daylight,Nil,No traffic controls,100 km/h,State,70,Off road to left,701,Off carriageway to left,,Rollover,Large rigid,,1,0,0,1,0,9,September,Spring,Wednesday,10:00 - 11:59,Midday / afternoon,False,False,True,True
1364259,Injury,Moderate Injury,2024,2024,September,Monday,10:00 - 11:59,HERMINGTON,ST,100,North,DUNLOP,ST,EPPING,,No,Not a school zone,2-way undivided,-33.778556,151.065243,Parramatta,Sydney metro. area,Syd-Newc-Woll Gtr conurbation,Straight,,,,Off,Sealed,Dry,Fine,Daylight,Nil,No traffic controls,50 km/h,Local,71,Off rd left => obj,703,Left off cway into object,,Other angle,Car (sedan/hatch),Boat trailer,2,0,0,1,0,9,September,Spring,Monday,10:00 - 11:59,Midday / afternoon,False,False,True,True
1364260,Injury,Serious Injury,2024,2024,September,Tuesday,10:00 - 11:59,DARKES FOREST,RD,1000,West,PRINCES,HWY,DARKES FOREST,,No,Not a school zone,2-way undivided,-34.242476,150.932875,Wollongong,Wollongong met. area,Syd-Newc-Woll Gtr conurbation,Straight,,,,Nil,Sealed,Dry,Fine,Daylight,Nil,No traffic controls,80 km/h,Local,73,Off rd rght => obj,704,Right off cway into obj,,Vehicle - Object,Motorcycle,,1,0,1,0,0,9,September,Spring,Tuesday,10:00 - 11:59,Midday / afternoon,False,False,True,True
1364263,Injury,Moderate Injury,2024,2024,September,Saturday,10:00 - 11:59,DAKOTA,DR,0,Right on the spot,PRAIRIE VALE,RD,BOSSLEY PARK,,No,Not a school zone,X-intersection,-33.866478,150.885651,Fairfield,Sydney metro. area,Syd-Newc-Woll Gtr conurbation,Straight,,,,On,Sealed,Dry,Fine,Daylight,Nil,Stop sign,50 km/h,Local,10,Cross traffic,101,Adj - Cross traffic,,Right angle,4 wheel drive / SUV,Light truck,2,0,0,1,0,9,September,Spring,Saturday,10:00 - 11:59,Midday / afternoon,False,False,True,True
1364264,Injury,Moderate Injury,2024,2024,September,Friday,14:00 - 15:59,FEDERAL,HWY,1000,North,THORNFORD,RD,YARRA,3.0,No,Not a school zone,Divided road,-34.818772,149.60065,Goulburn Mulwaree,Country non-urban,Rest of NSW - Rural,Straight,Embankment/cutting,,,Nil,Sealed,Dry,Fine,Daylight,Nil,No traffic controls,110 km/h,State,73,Off rd rght => obj,704,Right off cway into obj,,Vehicle - Object,Car (sedan/hatch),,1,0,0,2,0,9,September,Spring,Friday,14:00 - 15:59,Midday / afternoon,False,False,True,True
1364265,Injury,Moderate Injury,2024,2024,July,Friday,10:00 - 11:59,BOONAL,ST,0,Right on the spot,HOWE,ST,SINGLETON,,No,Not a school zone,X-intersection,-32.569309,151.183938,Singleton,Country urban,Rest of NSW - Urban,Straight,,,,Off,Sealed,Dry,Fine,Daylight,Nil,Stop sign,50 km/h,Local,10,Cross traffic,101,Adj - Cross traffic,,Right angle,Light truck utility(from 2018),4 wheel drive / SUV,2,0,0,2,0,7,July,Winter,Friday,10:00 - 11:59,Midday / afternoon,False,False,True,True
1364271,Injury,Moderate Injury,2024,2024,September,Friday,14:00 - 15:59,PACIFIC,HWY,50,North,TWEED COAST ROAD,OP,CHINDERAH,10.0,No,Not a school zone,Divided road,-28.244204,153.553605,Tweed,Country non-urban,Rest of NSW - Rural,Straight,,Previous crash,,Nil,Sealed,Dry,Fine,Daylight,Nil,No traffic controls,110 km/h,State,30,Rear end,301,Same - Rear end,,Rear end,4 wheel drive / SUV,4 wheel drive / SUV,3,0,0,1,0,9,September,Spring,Friday,14:00 - 15:59,Midday / afternoon,False,False,True,True