crash_id,degree_of_crash,degree_of_crash_-_detailed,reporting_year,year_of_crash,month_of_crash,day_of_week_of_crash,two-hour_intervals,street_of_crash,street_type,distance,direction,identifying_feature,identifying_feature_type,town,route_no.,school_zone_location,school_zone_active,type_of_location,latitude,longitude,lga,urbanisation,conurbation_1,alignment,primary_permanent_feature,primary_temporary_feature,primary_hazardous_feature,street_lighting,road_surface,surface_condition,weather,natural_lighting,signals_operation,other_traffic_control,speed_limit,road_classification_(admin),rum_-_code,rum_-_description,dca_-_code,dca_-_description,dca_supplement,first_impact_type,key_tu_type,other_tu_type,no._of_traffic_units_involved,no._killed,no._seriously_injured,no._moderately_injured,no._minor-other_injured,month_num,month_label,season,day_label,time_label,time_band,is_peak_commute,is_fatal,is_injury,is_casualty
1364272,Injury,Minor/Other Injury,2024,2024,September,Friday,12:00 - 13:59,SUSSEX,ST,0,Right on the spot,ERSKINE,ST,SYDNEY,7312.0,No,Not a school zone,X-intersection,-33.866835,151.203386,Sydney,Sydney metro. area,Syd-Newc-Woll Gtr conurbation,Straight,,,,Off,Sealed,Wet,Overcast,Daylight,On,Ped crossing,40 km/h,Regional,2,Ped far side,3,Ped - Far side,,Vehicle - Pedestrian,Car (sedan/hatch),Pedestrian,2,0,0,0,1,9,September,Spring,Friday,12:00 - 13:59,Midday / afternoon,False,False,True,True
1364274,Injury,Moderate Injury,2024,2024,September,Monday,08:00 - 09:59,GWYDIR,HWY,0,Right on the spot,TINGHA,RD,INVERELL,12.0,No,Not a school zone,Roundabout,-29.779781,151.119171,Inverell,Country urban,Rest of NSW - Urban,Straight,,,,Nil,Sealed,Dry,Fine,Daylight,Nil,Give way sign,50 km/h,State,71,Off rd left => obj,703,Left off cway into object,,Vehicle - Object,4 wheel drive / SUV,,1,0,0,1,0,9,September,Spring,Monday,08:00 - 09:59,AM peak / school commute,True,False,True,True
1364275,Injury,Serious Injury,2024,2024,September,Thursday,14:00 - 15:59,MARION,ST,0,Right on the spot,RELIANCE,AVE,CONDELL PARK,7121.0,No,Not a school zone,T-junction,-33.916306,151.006707,Canterbury-Bankstown,Sydney metro. area,Syd-Newc-Woll Gtr conurbation,Straight,Steep grade,,,On,Sealed,Dry,Fine,Daylight,Nil,No traffic controls,60 km/h,Regional,21,Right through,202,Opp - Right-thru,,Other angle,Car (sedan/hatch),Car (sedan/hatch),2,0,1,1,0,9,September,Spring,Thursday,14:00 - 15:59,Midday / afternoon,False,False,True,True
1364276,Injury,Minor/Other Injury,2024,2024,September,Sunday,12:00 - 13:59,TODMAN,AVE,0,Right on the spot,KENSINGTON,RD,KENSINGTON,7331.0,No,Not a school zone,Roundabout,-33.909813,151.220993,Randwick,Sydney metro. area,Syd-Newc-Woll Gtr conurbation,Straight,,,,Nil,Sealed,Dry,Fine,Daylight,Nil,Stop sign,50 km/h,Regional,0,Ped nearside,1,Ped - Near side,,Vehicle - Pedestrian,Unknown motor vehicle,Pedestrian,2,0,0,0,1,9,September,Spring,Sunday,12:00 - 13:59,Midday / afternoon,False,False,True,True
1364281,Injury,Serious Injury,2024,2024,October,Wednesday,12:00 - 13:59,ANNANGROVE,RD,0,Right on the spot,LIMESTONE,RD,ROUSE HILL,7141.0,No,Not a school zone,T-junction,-33.666472,150.917852,The Hills,Sydney metro. area,Syd-Newc-Woll Gtr conurbation,Straight,,,,Nil,Sealed,Dry,Fine,Daylight,Nil,No right turn,70 km/h,Regional,11,Right far,102,Adj - Right-thru from left,,Right angle,Car (sedan/hatch),Motorcycle,2,0,1,0,0,10,October,Spring,Wednesday,12:00 - 13:59,Midday / afternoon,False,False,True,True
1364282,Injury,Moderate Injury,2024,2024,September,Monday,14:00 - 15:59,QUAKERS,RD,0,Right on the spot,NARRABRI,ST,QUAKERS HILL,7475.0,Yes,No,T-junction,-33.741043,150.887737,Blacktown,Sydney metro. area,Syd-Newc-Woll Gtr conurbation,Straight,,,,Nil,Sealed,Dry,Fine,Daylight,Nil,No traffic controls,60 km/h,Regional,14,2 right turning,105,Adj - Two right turning,,Right angle,Car (sedan/hatch),4 wheel drive / SUV,2,0,0,1,0,9,September,Spring,Monday,14:00 - 15:59,Midday / afternoon,False,False,True,True
1364283,Injury,Moderate Injury,2024,2024,April,Monday,10:00 - 11:59,MILITARY,RD,10,East,COWLES,RD,MOSMAN,164.0,No,Not a school zone,X-intersection,-33.824335,151.238307,Mosman,Sydney metro. area,Syd-Newc-Woll Gtr conurbation,Straight,,,,Off,Sealed,Dry,Fine,Daylight,On,No traffic controls,60 km/h,State,34,Lane change right,306,Same - Lane change right,,Other angle,Motor scooter,4 wheel drive / SUV,2,0,0,1,0,4,April,Autumn,Monday,10:00 - 11:59,Midday / afternoon,False,False,True,True
1364284,Injury,Moderate Injury,2024,2024,October,Thursday,14:00 - 15:59,ANSON,ST,100,South,SALE,ST,ORANGE,,Yes,No,2-way undivided,-33.286397,149.098127,Orange,Country urban,Rest of NSW - Urban,Straight,,,,Nil,Sealed,Dry,Fine,Daylight,Nil,No traffic controls,50 km/h,Local,73,Off rd rght => obj,704,Right off cway into obj,,Vehicle - Object,4 wheel drive / SUV,,1,0,0,1,0,10,October,Spring,Thursday,14:00 - 15:59,Midday / afternoon,False,False,True,True
1364285,Injury,Serious Injury,2024,2024,September,Wednesday,00:01 - 01:59,SAXA,RD,1650,North,MITCHELL,HWY,MARYVALE,353.0,No,Not a school zone,2-way undivided,-32.507568,148.934781,Dubbo Regional,Country non-urban,Rest of NSW - Rural,Curved,,,,Nil,Sealed,Dry,Fine,Darkness,Nil,No traffic controls,100 km/h,Regional,88,Out of cont on bend,805,Out of control on bend,,Rollover,Car (sedan/hatch),,1,0,1,0,1,9,September,Spring,Wednesday,00:01 - 01:59,Late night / early morning,False,False,True,True
1364286,Injury,Serious Injury,2024,2024,September,Tuesday,08:00 - 09:59,MAROUBRA,RD,0,Right on the spot,NUMBER 230,HN,MAROUBRA,7044.0,Yes,No,2-way undivided,-33.942149,151.243168,Randwick,Sydney metro. area,Syd-Newc-Woll Gtr conurbation,Straight,Driveway/entrance,,,Off,Sealed,Dry,Fine,Daylight,Nil,No traffic controls,50 km/h,Regional,47,Emerging from drive,406,Manov - Emerging from driveway,,Right angle,Car (sedan/hatch),Light truck utility(from 2018),2,0,2,0,0,9,September,Spring,Tuesday,08:00 - 09:59,AM peak / school commute,True,False,True,True
1364287,Injury,Moderate Injury,2024,2024,August,Wednesday,02:00 - 03:59,HUME,HWY,10,South,BROOKS ROAD,OP,DENHAM COURT,2.0,No,Not a school zone,Dual freeway,-33.989307,150.852877,Campbelltown,Sydney metro. area,Syd-Newc-Woll Gtr conurbation,Straight,Underpass/tunnel,,,Nil,Sealed,Dry,Fine,Darkness,Nil,No traffic controls,110 km/h,State,30,Rear end,301,Same - Rear end,,Rear end,4 wheel drive / SUV,Car (sedan/hatch),3,0,0,1,0,8,August,Winter,Wednesday,02:00 - 03:59,Late night / early morning,False,False,True,True
1364289,Injury,Serious Injury,2024,2024,July,Wednesday,16:00 - 17:59,LANE COVE,RD,0,Right on the spot,ISABEL,ST,RYDE,162.0,No,Not a school zone,T-junction,-33.808951,151.107596,Ryde,Sydney metro. area,Syd-Newc-Woll Gtr conurbation,Straight,,,,Off,Sealed,Dry,Fine,Daylight,Nil,No traffic controls,70 km/h,State,0,Ped nearside,1,Ped - Near side,,Vehicle - Pedestrian,Motorcycle,Pedestrian,3,0,1,0,0,7,July,Winter,Wednesday,16:00 - 17:59,PM peak / evening commute,True,False,True,True
1364290,Injury,Serious Injury,2024,2024,September,Friday,16:00 - 17:59,SPRINGS,RD,0,Right on the spot,WICKER,ST,SPRING FARM,,No,Not a school zone,X-intersection,-34.069248,150.720224,Camden,Sydney metro. area,Syd-Newc-Woll Gtr conurbation,Straight,,,,On,Sealed,Dry,Fine,Dusk,Nil,Give way sign,50 km/h,Local,10,Cross traffic,101,Adj - Cross traffic,,Right angle,Car (sedan/hatch),Car (sedan/hatch),2,0,1,0,0,9,September,Spring,Friday,16:00 - 17:59,PM peak / evening commute,True,False,True,True
1364292,Injury,Serious Injury,2024,2024,September,Wednesday,14:00 - 15:59,FOREST,RD,0,Right on the spot,BONDS,RD,PEAKHURST,168.0,No,Not a school zone,X-intersection,-33.958886,151.063903,Georges River,Sydney metro. area,Syd-Newc-Woll Gtr conurbation,Straight,Steep grade,,,Off,Sealed,Dry,Fine,Daylight,On,No traffic controls,60 km/h,State,21,Right through,202,Opp - Right-thru,,Other angle,Car (sedan/hatch),Light truck utility(from 2018),3,0,1,1,0,9,September,Spring,Wednesday,14:00 - 15:59,Midday / afternoon,False,False,True,True
1364293,Injury,Moderate Injury,2024,2024,September,Saturday,16:00 - 17:59,SURVEYORS CREEK,RD,0,Right on the spot,NUMBER 61,HN,GLENMORE PARK,,No,Not a school zone,2-way undivided,-33.790704,150.68525,Penrith,Sydney metro. area,Syd-Newc-Woll Gtr conurbation,Straight,,,,Nil,Sealed,Dry,Fine,Daylight,Nil,No traffic controls,50 km/h,Local,71,Off rd left => obj,703,Left off cway into object,,Vehicle - Object,4 wheel drive / SUV,,1,0,0,1,0,9,September,Spring,Saturday,16:00 - 17:59,PM peak / evening commute,True,False,True,True
1364295,Injury,Moderate Injury,2024,2024,October,Thursday,22:00 - Midnight,KOORONGA,AVE,0,Right on the spot,NUMBER 6,HN,ORANGE,,No,Not a school zone,2-way undivided,-33.281013,149.070102,Orange,Country urban,Rest of NSW - Urban,Straight,,,,On,Sealed,Dry,Fine,Darkness,Nil,No traffic controls,50 km/h,Local,73,Off rd rght => obj,704,Right off cway into obj,,Vehicle - Object,Car (sedan/hatch),,1,0,0,1,0,10,October,Spring,Thursday,22:00 - Midnight,Evening / night,False,False,True,True
1364300,Injury,Minor/Other Injury,2024,2024,August,Wednesday,22:00 - Midnight,SHARA,BVD,500,East,BRUNSWICK VALLEY,WAY,OCEAN SHORES,,No,Not a school zone,2-way undivided,-28.496105,153.531584,Byron,Country urban,Rest of NSW - Urban,Straight,Painted double centre lines,,,Nil,Sealed,Dry,Fine,Darkness,Nil,No traffic controls,80 km/h,Local,20,Head on,201,Opp - Head on,,Head-on,Car (sedan/hatch),Car (sedan/hatch),2,0,0,0,2,8,August,Winter,Wednesday,22:00 - Midnight,Evening / night,False,False,True,True
1364301,Injury,Moderate Injury,2024,2024,September,Sunday,12:00 - 13:59,PACIFIC,HWY,1000,North,WOODBURN EVANS HEAD ROAD,OP,WOODBURN,10.0,No,Not a school zone,Divided road,-29.07325,153.369046,Richmond Valley,Country non-urban,Rest of NSW - Rural,Curved,,,,Off,Sealed,Dry,Fine,Daylight,Nil,No traffic controls,110 km/h,State,85,Off rt/lft bnd=>obj,804,Off left bend into obj,Right,Vehicle - Object,Car (sedan/hatch),,1,0,0,1,0,9,September,Spring,Sunday,12:00 - 13:59,Midday / afternoon,False,False,True,True
1364302,Injury,Moderate Injury,2024,2024,July,Wednesday,16:00 - 17:59,FOURTH,ST,0,Right on the spot,THIRD,ST,WARRAGAMBA,,Yes,No,T-junction,-33.889992,150.605445,Wollondilly,Country urban,Syd-Newc-Woll Gtr conurbation,Straight,,,,On,Sealed,Wet,Raining,Darkness,Nil,No traffic controls,50 km/h,Local,15,Right/left far,106,Adj - Right-left from right,,Right angle,4 wheel drive / SUV,Passenger van,2,0,0,1,0,7,July,Winter,Wednesday,16:00 - 17:59,PM peak / evening commute,True,False,True,True
1364307,Injury,Serious Injury,2024,2024,September,Tuesday,12:00 - 13:59,PUTTY,RD,1200,North,BULL RIDGE,RD,EAST KURRAJONG,503.0,No,Not a school zone,2-way undivided,-33.482736,150.816642,Hawkesbury,Country non-urban,Syd-Newc-Woll Gtr conurbation,Curved,Steep grade,,,Nil,Sealed,Dry,Overcast,Daylight,Nil,No traffic controls,100 km/h,State,30,Rear end,301,Same - Rear end,,Rear end,Car (sedan/hatch),Pedal cycle,2,0,1,1,0,9,September,Spring,Tuesday,12:00 - 13:59,Midday / afternoon,False,False,True,True
1364310,Injury,Moderate Injury,2024,2024,September,Tuesday,08:00 - 09:59,HUME,HWY,70,East,MILTON,ST,ASHFIELD,2.0,No,Not a school zone,2-way undivided,-33.888556,151.118269,Inner West,Sydney metro. area,Syd-Newc-Woll Gtr conurbation,Straight,,,,Off,Sealed,Dry,Fine,Daylight,Nil,No traffic controls,60 km/h,State,30,Rear end,301,Same - Rear end,,Rear end,Large rigid,Car (sedan/hatch),2,0,0,1,0,9,September,Spring,Tuesday,08:00 - 09:59,AM peak / school commute,True,False,True,True
1364313,Injury,Moderate Injury,2024,2024,July,Sunday,16:00 - 17:59,PARAMOOR,ST,0,Right on the spot,THE HERMITAGE,WAY,GLEDSWOOD HILLS,,Yes,No,Roundabout,-34.012996,150.776497,Camden,Sydney metro. area,Syd-Newc-Woll Gtr conurbation,Curved,,,,Nil,Sealed,Dry,Fine,Daylight,Nil,Give way sign,50 km/h,Local,21,Right through,202,Opp - Right-thru,,Other angle,Motorcycle,4 wheel drive / SUV,2,0,0,1,0,7,July,Winter,Sunday,16:00 - 17:59,PM peak / evening commute,True,False,True,True
1364314,Injury,Serious Injury,2024,2024,July,Sunday,10:00 - 11:59,THIRLMERE,WAY,0,Right on the spot,NUMBER 113,HN,TAHMOOR,,No,Not a school zone,2-way undivided,-34.220186,150.579148,Wollondilly,Country urban,Syd-Newc-Woll Gtr conurbation,Curved,,,,Off,Sealed,Dry,Fine,Daylight,Nil,No traffic controls,50 km/h,Local,43,Entering parking,402,Manov - Entering parking veh,,Other angle,Light truck utility(from 2018),Motorcycle,2,0,1,0,0,7,July,Winter,Sunday,10:00 - 11:59,Midday / afternoon,False,False,True,True
1364328,Injury,Moderate Injury,2024,2024,August,Saturday,12:00 - 13:59,SEVEN HILLS,RD,0,Right on the spot,CROPLEY,DR,BAULKHAM HILLS,2104.0,No,Not a school zone,Roundabout,-33.762323,150.978076,The Hills,Sydney metro. area,Syd-Newc-Woll Gtr conurbation,Straight,,,,Off,Sealed,Dry,Fine,Daylight,Nil,Give way sign,60 km/h,Regional,21,Right through,202,Opp - Right-thru,,Other angle,4 wheel drive / SUV,Car (sedan/hatch),2,0,0,1,0,8,August,Winter,Saturday,12:00 - 13:59,Midday / afternoon,False,False,True,True
1364329,Injury,Moderate Injury,2024,2024,September,Monday,08:00 - 09:59,THOMAS,ST,0,Right on the spot,LAKE,RD,WALLSEND,82.0,No,Not a school zone,X-intersection,-32.907452,151.665139,Newcastle,Newcastle met. area,Syd-Newc-Woll Gtr conurbation,Straight,,,,Unknown / not stated,Sealed,Dry,Fine,Daylight,Unknown / not stated,No traffic controls,60 km/h,State,30,Rear end,301,Same - Rear end,,Rear end,Large rigid,Passenger van,2,0,0,1,0,9,September,Spring,Monday,08:00 - 09:59,AM peak / school commute,True,False,True,True
1364332,Injury,Minor/Other Injury,2024,2024,September,Wednesday,20:00 - 21:59,HARRIS,ST,0,Right on the spot,THOMAS,ST,FAIRFIELD,,No,Not a school zone,Roundabout,-33.871996,150.949166,Fairfield,Sydney metro. area,Syd-Newc-Woll Gtr conurbation,Straight,,,,Unknown / not stated,Sealed,Wet,Overcast,Darkness,Nil,Give way sign,50 km/h,Local,10,Cross traffic,101,Adj - Cross traffic,,Right angle,Car (sedan/hatch),Car (sedan/hatch),2,0,0,0,1,9,September,Spring,Wednesday,20:00 - 21:59,Evening / night,False,False,True,True
1364333,Injury,Minor/Other Injury,2024,2024,October,Tuesday,18:00 - 19:59,WESTERN,EXP,10,West,CUMBERLAND HIGHWAY,TO,GREYSTANES,6004.0,No,Not a school zone,Other,-33.816932,150.962716,Cumberland,Sydney metro. area,Syd-Newc-Woll Gtr conurbation,Curved,,,,Unknown / not stated,Sealed,Dry,Fine,Darkness,Nil,No traffic controls,70 km/h,State,30,Rear end,301,Same - Rear end,,Rear end,Car (sedan/hatch),Passenger van,2,0,0,0,1,10,October,Spring,Tuesday,18:00 - 19:59,PM peak / evening commute,True,False,True,True
1364334,Injury,Minor/Other Injury,2024,2024,August,Saturday,12:00 - 13:59,MACQUARIE,ST,0,Right on the spot,DAY,ST,WINDSOR,184.0,No,Not a school zone,T-junction,-33.609995,150.817939,Hawkesbury,Country urban,Syd-Newc-Woll Gtr conurbation,Straight,,,,Unknown / not stated,Sealed,Dry,Fine,Daylight,On,No traffic controls,60 km/h,State,13,Right near,104,Adj - Right-thru from right,,Right angle,4 wheel drive / SUV,Car (sedan/hatch),2,0,0,0,2,8,August,Winter,Saturday,12:00 - 13:59,Midday / afternoon,False,False,True,True
1364335,Injury,Moderate Injury,2024,2024,September,Monday,14:00 - 15:59,BOYER,PL,0,Right on the spot,RANDALL,AVE,MINTO,,No,Not a school zone,T-junction,-34.022935,150.859166,Campbelltown,Sydney metro. area,Syd-Newc-Woll Gtr conurbation,Straight,,,,Unknown / not stated,Sealed,Dry,Fine,Daylight,Nil,No traffic controls,50 km/h,Local,75,Off end of road,709,Off end cway or T junct,,Vehicle - Object,Car (sedan/hatch),,1,0,0,1,0,9,September,Spring,Monday,14:00 - 15:59,Midday / afternoon,False,False,True,True
1364341,Injury,Minor/Other Injury,2024,2024,September,Friday,16:00 - 17:59,ABUKLEA,RD,0,Right on the spot,DESMOND,ST,EASTWOOD,,No,Not a school zone,T-junction,-33.780162,151.098263,Ryde,Sydney metro. area,Syd-Newc-Woll Gtr conurbation,Straight,Steep grade,,,Unknown / not stated,Sealed,Wet,Raining,Dusk,Nil,No traffic controls,50 km/h,Local,21,Right through,202,Opp - Right-thru,,Other angle,Car (sedan/hatch),Car (sedan/hatch),2,0,0,0,2,9,September,Spring,Friday,16:00 - 17:59,PM peak / evening commute,True,False,True,True
1364343,Injury,Minor/Other Injury,2024,2024,October,Friday,16:00 - 17:59,WESTERN,EXP,200,West,CHURCH STREET,OP,HOLROYD,6004.0,No,Not a school zone,Dual freeway,-33.827421,151.00256,Parramatta,Sydney metro. area,Syd-Newc-Woll Gtr conurbation,Straight,,,,Unknown / not stated,Sealed,Dry,Fine,Daylight,Nil,No traffic controls,90 km/h,State,30,Rear end,301,Same - Rear end,,Rear end,Car (sedan/hatch),Car (sedan/hatch),2,0,0,0,1,10,October,Spring,Friday,16:00 - 17:59,PM peak / evening commute,True,False,True,True
1364346,Injury,Minor/Other Injury,2024,2024,August,Saturday,00:01 - 01:59,BRINGELLY,RD,0,Right on the spot,SANTLEY,CRES,KINGSWOOD,,No,Not a school zone,X-intersection,-33.759966,150.720467,Penrith,Sydney metro. area,Syd-Newc-Woll Gtr conurbation,Straight,,,,Unknown / not stated,Sealed,Dry,Fine,Darkness,Nil,Give way sign,50 km/h,Local,30,Rear end,301,Same - Rear end,,Rear end,Car (sedan/hatch),Car (sedan/hatch),2,0,0,0,1,8,August,Winter,Saturday,00:01 - 01:59,Late night / early morning,False,False,True,True
1364350,Injury,Moderate Injury,2024,2024,October,Tuesday,04:00 - 05:59,MAXWELL,ST,0,Right on the spot,NUMBER 27,HN,SOUTH PENRITH,,No,Not a school zone,2-way undivided,-33.775132,150.707818,Penrith,Sydney metro. area,Syd-Newc-Woll Gtr conurbation,Straight,Steep grade,,,Unknown / not stated,Sealed,Dry,Fine,Dawn,Nil,No traffic controls,50 km/h,Local,30,Rear end,301,Same - Rear end,,Rear end,Car (sedan/hatch),Light truck utility(from 2018),2,0,0,1,0,10,October,Spring,Tuesday,04:00 - 05:59,Late night / early morning,False,False,True,True
1364351,Injury,Moderate Injury,2024,2024,October,Tuesday,18:00 - 19:59,PRINCES,HWY,2000,North,GREENDALE,RD,BROGO,1.0,No,Not a school zone,2-way undivided,-36.592816,149.834887,Bega Valley,Country non-urban,Rest of NSW - Rural,Straight,,,,Unknown / not stated,Sealed,Dry,Fine,Darkness,Nil,No traffic controls,100 km/h,State,67,Struck animal,609,On path - Hit animal,,Vehicle - Animal,Station wagon,,1,0,0,1,0,10,October,Spring,Tuesday,18:00 - 19:59,PM peak / evening commute,True,False,True,True
1364357,Injury,Moderate Injury,2024,2024,August,Saturday,04:00 - 05:59,NARELLAN,RD,0,Right on the spot,WATERWORTH,DR,MOUNT ANNAN,178.0,No,Not a school zone,X-intersection,-34.048065,150.761704,Camden,Sydney metro. area,Syd-Newc-Woll Gtr conurbation,Straight,,,,On,Sealed,Wet,Raining,Darkness,On,No traffic controls,80 km/h,State,21,Right through,202,Opp - Right-thru,,Other angle,Car (sedan/hatch),Car (sedan/hatch),2,0,0,1,0,8,August,Winter,Saturday,04:00 - 05:59,Late night / early morning,False,False,True,True
1364358,Injury,Minor/Other Injury,2024,2024,September,Thursday,18:00 - 19:59,PARKES,ST,0,Right on the spot,HARRIS,ST,PARRAMATTA,2049.0,No,Not a school zone,X-intersection,-33.818962,151.011288,Parramatta,Sydney metro. area,Syd-Newc-Woll Gtr conurbation,Straight,,,,Unknown / not stated,Sealed,Wet,Raining,Darkness,On,No traffic controls,60 km/h,Regional,10,Cross traffic,101,Adj - Cross traffic,,Right angle,4 wheel drive / SUV,Car (sedan/hatch),2,0,0,0,1,9,September,Spring,Thursday,18:00 - 19:59,PM peak / evening commute,True,False,True,True
1364362,Injury,Moderate Injury,2024,2024,October,Tuesday,18:00 - 19:59,SHELLHARBOUR,RD,0,Right on the spot,OCEAN BEACH,DR,SHELLHARBOUR,522.0,Yes,No,T-junction,-34.573664,150.863508,Shellharbour,Wollongong met. area,Syd-Newc-Woll Gtr conurbation,Straight,,,,Unknown / not stated,Sealed,Dry,Fine,Daylight,Nil,Give way sign,80 km/h,State,16,Left near,107,Adj - Left-thru from right,,Right angle,Car (sedan/hatch),Passenger van,2,0,0,2,0,10,October,Spring,Tuesday,18:00 - 19:59,PM peak / evening commute,True,False,True,True
1364363,Injury,Moderate Injury,2024,2024,September,Sunday,22:00 - Midnight,MANILLA,RD,5000,South,OAKHAMPTON,RD,RED HILL,63.0,No,Not a school zone,2-way undivided,-30.525444,150.608466,Tamworth Regional,Country non-urban,Rest of NSW - Rural,Straight,Other bridge,,,Unknown / not stated,Sealed,Dry,Fine,Darkness,Nil,No traffic controls,100 km/h,State,71,Off rd left => obj,703,Left off cway into object,,Vehicle - Object,4 wheel drive / SUV,,1,0,0,1,0,9,September,Spring,Sunday,22:00 - Midnight,Evening / night,False,False,True,True
1364364,Injury,Moderate Injury,2024,2024,September,Friday,08:00 - 09:59,PACIFIC,HWY,0,Right on the spot,NUMBER 963,HN,BEROWRA,10.0,No,Not a school zone,Divided road,-33.627285,151.148096,Hornsby,Sydney metro. area,Syd-Newc-Woll Gtr conurbation,Curved,,,,Unknown / not stated,Sealed,Wet,Raining,Daylight,Nil,No traffic controls,60 km/h,State,81,Off left/rt bnd=>obj,803,Off right bend into obj,Left,Vehicle - Object,Car (sedan/hatch),,1,0,0,1,0,9,September,Spring,Friday,08:00 - 09:59,AM peak / school commute,True,False,True,True
1364366,Injury,Moderate Injury,2024,2024,October,Wednesday,18:00 - 19:59,INDUSTRIAL,DR,50,East,TOURLE,ST,MAYFIELD,316.0,No,Not a school zone,Divided road,-32.88724,151.73255,Newcastle,Newcastle met. area,Syd-Newc-Woll Gtr conurbation,Straight,,,,Unknown / not stated,Sealed,Dry,Overcast,Daylight,Nil,No traffic controls,80 km/h,State,30,Rear end,301,Same - Rear end,,Rear end,Light truck utility(from 2018),Station wagon,2,0,0,1,0,10,October,Spring,Wednesday,18:00 - 19:59,PM peak / evening commute,True,False,True,True
1364367,Injury,Minor/Other Injury,2024,2024,October,Saturday,10:00 - 11:59,REGENT,ST,0,Right on the spot,MONTGOMERY,ST,KOGARAH,7006.0,No,Not a school zone,X-intersection,-33.962738,151.133152,Georges River,Sydney metro. area,Syd-Newc-Woll Gtr conurbation,Straight,,,,Unknown / not stated,Sealed,Dry,Fine,Daylight,On,No right turn,40 km/h,Regional,21,Right through,202,Opp - Right-thru,,Other angle,Car (sedan/hatch),Car (sedan/hatch),2,0,0,0,1,10,October,Spring,Saturday,10:00 - 11:59,Midday / afternoon,False,False,True,True
1364372,Injury,Minor/Other Injury,2024,2024,September,Monday,10:00 - 11:59,PACIFIC,HWY,0,Right on the spot,CHINDERAH BAY DRIVE,TO,CHINDERAH,10.0,No,Not a school zone,Divided road,-28.226733,153.557674,Tweed,Country non-urban,Rest of NSW - Rural,Curved,,,,Unknown / not stated,Sealed,Dry,Fine,Daylight,Nil,No traffic controls,100 km/h,State,35,Lane change left,307,Same - Lane change left,,Other angle,Light truck utility(from 2018),4 wheel drive / SUV,2,0,0,0,1,9,September,Spring,Monday,10:00 - 11:59,Midday / afternoon,False,False,True,True
1364373,Injury,Minor/Other Injury,2024,2024,October,Sunday,16:00 - 17:59,GREAT WESTERN,HWY,0,Right on the spot,STEWART,ST,BATHURST,5.0,No,Not a school zone,T-junction,-33.411232,149.578729,Bathurst Regional,Country urban,Rest of NSW - Urban,Straight,,,,Unknown / not stated,Sealed,Dry,Fine,Daylight,Off,No traffic controls,60 km/h,State,30,Rear end,301,Same - Rear end,,Rear end,Light truck utility(from 2018),Car (sedan/hatch),2,0,0,0,1,10,October,Spring,Sunday,16:00 - 17:59,PM peak / evening commute,True,False,True,True
1364378,Injury,Moderate Injury,2024,2024,June,Sunday,20:00 - 21:59,HUME,HWY,0,Right on the spot,MEMORIAL,AVE,LIVERPOOL,2.0,No,Not a school zone,X-intersection,-33.924242,150.918383,Liverpool,Sydney metro. area,Syd-Newc-Woll Gtr conurbation,Straight,,,,Unknown / not stated,Sealed,Dry,Fine,Darkness,On,No traffic controls,60 km/h,State,10,Cross traffic,101,Adj - Cross traffic,,Right angle,4 wheel drive / SUV,Car (sedan/hatch),2,0,0,2,0,6,June,Winter,Sunday,20:00 - 21:59,Evening / night,False,False,True,True
1364379,Injury,Minor/Other Injury,2024,2024,September,Thursday,14:00 - 15:59,RYDE,RD,0,Right on the spot,WYUNA,RD,WEST PYMBLE,162.0,No,Not a school zone,T-junction,-33.767929,151.136798,Ku-ring-gai,Sydney metro. area,Syd-Newc-Woll Gtr conurbation,Straight,Steep grade,,,Unknown / not stated,Sealed,Dry,Fine,Daylight,Nil,No traffic controls,70 km/h,State,21,Right through,202,Opp - Right-thru,,Other angle,Car (sedan/hatch),Car (sedan/hatch),2,0,0,0,1,9,September,Spring,Thursday,14:00 - 15:59,Midday / afternoon,False,False,True,True
1364382,Injury,Minor/Other Injury,2024,2024,September,Friday,16:00 - 17:59,MANNING,ST,0,Right on the spot,BENT,ST,TUNCURRY,692.0,No,Not a school zone,T-junction,-32.169372,152.497767,Mid-Coast,Country urban,Rest of NSW - Urban,Straight,,,,Unknown / not stated,Sealed,Dry,Fine,Dusk,Nil,Give way sign,50 km/h,State,31,Left rear,302,Same - Rear left,,Rear end,4 wheel drive / SUV,4 wheel drive / SUV,2,0,0,0,1,9,September,Spring,Friday,16:00 - 17:59,PM peak / evening commute,True,False,True,True
1364391,Injury,Moderate Injury,2024,2024,September,Sunday,22:00 - Midnight,ALLAMBIE,RD,20,North,RODBOROUGH,RD,FRENCHS FOREST,7345.0,No,Not a school zone,2-way undivided,-33.753426,151.243519,Northern Beaches,Sydney metro. area,Syd-Newc-Woll Gtr conurbation,Straight,,,,On,Sealed,Dry,Fine,Darkness,Nil,No traffic controls,50 km/h,Regional,71,Off rd left => obj,703,Left off cway into object,,Other angle,Car (sedan/hatch),Other bus,2,0,0,1,0,9,September,Spring,Sunday,22:00 - Midnight,Evening / night,False,False,True,True