crash_id,degree_of_crash,degree_of_crash_-_detailed,reporting_year,year_of_crash,month_of_crash,day_of_week_of_crash,two-hour_intervals,street_of_crash,street_type,distance,direction,identifying_feature,identifying_feature_type,town,route_no.,school_zone_location,school_zone_active,type_of_location,latitude,longitude,lga,urbanisation,conurbation_1,alignment,primary_permanent_feature,primary_temporary_feature,primary_hazardous_feature,street_lighting,road_surface,surface_condition,weather,natural_lighting,signals_operation,other_traffic_control,speed_limit,road_classification_(admin),rum_-_code,rum_-_description,dca_-_code,dca_-_description,dca_supplement,first_impact_type,key_tu_type,other_tu_type,no._of_traffic_units_involved,no._killed,no._seriously_injured,no._moderately_injured,no._minor-other_injured,month_num,month_label,season,day_label,time_label,time_band,is_peak_commute,is_fatal,is_injury,is_casualty
1364398,Injury,Minor/Other Injury,2024,2024,September,Friday,16:00 - 17:59,BARRENJOEY,RD,0,Right on the spot,THE SERPENTINE,MS,BILGOLA BEACH,164.0,No,Not a school zone,T-junction,-33.647744,151.326934,Northern Beaches,Sydney metro. area,Syd-Newc-Woll Gtr conurbation,Curved,Steep grade,,,On,Sealed,Dry,Fine,Dusk,Nil,No traffic controls,60 km/h,State,30,Rear end,301,Same - Rear end,,Rear end,Light truck utility(from 2018),4 wheel drive / SUV,2,0,0,0,1,9,September,Spring,Friday,16:00 - 17:59,PM peak / evening commute,True,False,True,True
1364400,Injury,Minor/Other Injury,2024,2024,October,Thursday,10:00 - 11:59,PRINCES,HWY,0,Right on the spot,BISHOP,DR,ULLADULLA,1.0,No,Not a school zone,T-junction,-35.334212,150.455634,Shoalhaven,Country urban,Rest of NSW - Urban,Curved,,,,Unknown / not stated,Sealed,Dry,Fine,Daylight,Nil,Stop sign,80 km/h,State,14,2 right turning,105,Adj - Two right turning,,Right angle,Light truck utility(from 2018),4 wheel drive / SUV,2,0,0,0,1,10,October,Spring,Thursday,10:00 - 11:59,Midday / afternoon,False,False,True,True
1364401,Injury,Minor/Other Injury,2024,2024,September,Thursday,16:00 - 17:59,JUBILEE,DR,0,Right on the spot,NUMBER 90,HN,JORDAN SPRINGS,,No,Not a school zone,2-way undivided,-33.730413,150.732348,Penrith,Sydney metro. area,Syd-Newc-Woll Gtr conurbation,Straight,,,,Unknown / not stated,Sealed,Wet,Raining,Dusk,Nil,No traffic controls,50 km/h,Local,45,Reversing,404,Manov - Reverse in traffic,,Other angle,Car (sedan/hatch),4 wheel drive / SUV,2,0,0,0,1,9,September,Spring,Thursday,16:00 - 17:59,PM peak / evening commute,True,False,True,True
1364402,Injury,Moderate Injury,2024,2024,October,Thursday,08:00 - 09:59,CALDWELL,AVE,20,West,MEADOW,ST,TARRAWANNA,,No,Not a school zone,2-way undivided,-34.381884,150.887598,Wollongong,Wollongong met. area,Syd-Newc-Woll Gtr conurbation,Straight,Driveway/entrance,,,Unknown / not stated,Sealed,Dry,Fine,Daylight,Nil,No traffic controls,50 km/h,Local,47,Emerging from drive,406,Manov - Emerging from driveway,,Right angle,Car (sedan/hatch),Pedal cycle,2,0,0,1,0,10,October,Spring,Thursday,08:00 - 09:59,AM peak / school commute,True,False,True,True
1364405,Injury,Minor/Other Injury,2024,2024,September,Saturday,12:00 - 13:59,WATTLE TREE,RD,0,Right on the spot,NUMBER 189,HN,HOLGATE,,Yes,No,2-way undivided,-33.405392,151.408449,Central Coast,Country urban,Syd-Newc-Woll Gtr conurbation,Straight,,,,Unknown / not stated,Sealed,Dry,Fine,Daylight,Nil,Ped crossing,60 km/h,Local,30,Rear end,301,Same - Rear end,,Rear end,4 wheel drive / SUV,4 wheel drive / SUV,2,0,0,0,1,9,September,Spring,Saturday,12:00 - 13:59,Midday / afternoon,False,False,True,True
1364406,Injury,Moderate Injury,2024,2024,October,Thursday,16:00 - 17:59,JINDABYNE,RD,0,Right on the spot,WATTLE,RD,FLINDERS,,No,Not a school zone,Roundabout,-34.579902,150.855562,Shellharbour,Wollongong met. area,Syd-Newc-Woll Gtr conurbation,Straight,,,,Unknown / not stated,Sealed,Dry,Fine,Dusk,Nil,Give way sign,60 km/h,Local,10,Cross traffic,101,Adj - Cross traffic,,Right angle,Car (sedan/hatch),Motorcycle,2,0,0,1,0,10,October,Spring,Thursday,16:00 - 17:59,PM peak / evening commute,True,False,True,True
1364407,Injury,Moderate Injury,2024,2024,September,Friday,14:00 - 15:59,HINDMARSH,RD,0,Right on the spot,MARSDEN,RD,LIVERPOOL,,No,Not a school zone,T-junction,-33.913778,150.912722,Liverpool,Sydney metro. area,Syd-Newc-Woll Gtr conurbation,Straight,,,,Nil,Sealed,Dry,Fine,Daylight,Nil,No traffic controls,50 km/h,Local,15,Right/left far,106,Adj - Right-left from right,,Right angle,Light truck utility(from 2018),4 wheel drive / SUV,2,0,0,1,0,9,September,Spring,Friday,14:00 - 15:59,Midday / afternoon,False,False,True,True
1364408,Injury,Moderate Injury,2024,2024,October,Wednesday,14:00 - 15:59,ALLAN CUNNINGHAM,RD,400,South,DELUNGRA,RD,BINGARA,63.0,No,Not a school zone,2-way undivided,-29.842619,150.566312,Gwydir,Country non-urban,Rest of NSW - Rural,Curved,Ditch/drain/culvert,,,Unknown / not stated,Sealed,Wet,Raining,Daylight,Nil,No traffic controls,100 km/h,State,81,Off left/rt bnd=>obj,803,Off right bend into obj,Left,Vehicle - Object,Car (sedan/hatch),,1,0,0,1,0,10,October,Spring,Wednesday,14:00 - 15:59,Midday / afternoon,False,False,True,True
1364409,Injury,Minor/Other Injury,2024,2024,September,Tuesday,12:00 - 13:59,RICKARD,RD,0,Right on the spot,JACOBS,ST,BANKSTOWN,7123.0,No,Not a school zone,X-intersection,-33.91474,151.036874,Canterbury-Bankstown,Sydney metro. area,Syd-Newc-Woll Gtr conurbation,Straight,,,,Unknown / not stated,Sealed,Dry,Overcast,Daylight,On,No traffic controls,60 km/h,Regional,39,Other same direction,300,Same - other,,Other angle,Light truck utility(from 2018),Car (sedan/hatch),2,0,0,0,1,9,September,Spring,Tuesday,12:00 - 13:59,Midday / afternoon,False,False,True,True
1364412,Injury,Minor/Other Injury,2024,2024,October,Wednesday,12:00 - 13:59,SAWTELL,RD,0,Right on the spot,NUMBER 70,HN,TOORMINA,,No,Not a school zone,2-way undivided,-30.351173,153.096461,Coffs Harbour,Country urban,Rest of NSW - Urban,Straight,,,,Unknown / not stated,Sealed,Wet,Overcast,Daylight,Nil,No traffic controls,50 km/h,Local,63,Vehicle door,604,On path - Vehicle door,,Other angle,Other bus,Station wagon,2,0,0,0,1,10,October,Spring,Wednesday,12:00 - 13:59,Midday / afternoon,False,False,True,True
1364413,Injury,Moderate Injury,2024,2024,October,Thursday,06:00 - 07:59,HOSKINS,ST,0,Right on the spot,KINGHORNE,ST,GOULBURN,,No,Not a school zone,X-intersection,-34.741024,149.712208,Goulburn Mulwaree,Country urban,Rest of NSW - Urban,Straight,,,,Unknown / not stated,Sealed,Dry,Fine,Daylight,Nil,Give way sign,50 km/h,Local,10,Cross traffic,101,Adj - Cross traffic,,Right angle,4 wheel drive / SUV,4 wheel drive / SUV,3,0,0,2,0,10,October,Spring,Thursday,06:00 - 07:59,AM peak / school commute,True,False,True,True
1364419,Injury,Minor/Other Injury,2024,2024,September,Wednesday,10:00 - 11:59,MITCHELL,ST,50,West,JOHN,ST,CAMDEN,,Yes,No,2-way undivided,-34.052889,150.694183,Camden,Sydney metro. area,Syd-Newc-Woll Gtr conurbation,Straight,,,,Unknown / not stated,Sealed,Dry,Fine,Daylight,Nil,No traffic controls,50 km/h,Local,42,Leaving parking,401,Manov - Leaving parking,,Other angle,Car (sedan/hatch),Car (sedan/hatch),2,0,0,0,1,9,September,Spring,Wednesday,10:00 - 11:59,Midday / afternoon,False,False,True,True
1364420,Injury,Moderate Injury,2024,2024,September,Monday,06:00 - 07:59,GENERAL HOLMES,DR,400,East,SOUTH WESTERN EXPRESSWAY,OP,MASCOT,194.0,No,Not a school zone,Divided road,-33.945968,151.173149,Bayside,Sydney metro. area,Syd-Newc-Woll Gtr conurbation,Straight,,,,Unknown / not stated,Sealed,Dry,Fine,Daylight,Nil,No traffic controls,70 km/h,State,33,Lane sideswipe,305,Same - Lane side swipe,,Other angle,Light truck utility(from 2018),4 wheel drive / SUV,3,0,0,1,1,9,September,Spring,Monday,06:00 - 07:59,AM peak / school commute,True,False,True,True
1364422,Injury,Minor/Other Injury,2024,2024,September,Saturday,10:00 - 11:59,HUME,HWY,0,Right on the spot,SOUTH WESTERN,EXP,EDMONDSON PARK,2.0,No,Not a school zone,T-junction,-33.95683,150.875723,Liverpool,Sydney metro. area,Syd-Newc-Woll Gtr conurbation,Straight,,,,Unknown / not stated,Sealed,Dry,Fine,Daylight,On,No traffic controls,70 km/h,State,32,Right rear,303,Same - Rear right,,Rear end,4 wheel drive / SUV,4 wheel drive / SUV,2,0,0,0,1,9,September,Spring,Saturday,10:00 - 11:59,Midday / afternoon,False,False,True,True
1364425,Injury,Minor/Other Injury,2024,2024,August,Wednesday,18:00 - 19:59,CAMDEN VALLEY,WAY,0,Right on the spot,ANDERSON,RD,SMEATON GRANGE,620.0,No,Not a school zone,X-intersection,-34.029955,150.752863,Camden,Sydney metro. area,Syd-Newc-Woll Gtr conurbation,Straight,,,,Unknown / not stated,Sealed,Dry,Fine,Dusk,On,No traffic controls,80 km/h,State,30,Rear end,301,Same - Rear end,,Rear end,Car (sedan/hatch),4 wheel drive / SUV,2,0,0,0,1,8,August,Winter,Wednesday,18:00 - 19:59,PM peak / evening commute,True,False,True,True
1364426,Injury,Minor/Other Injury,2024,2024,September,Thursday,22:00 - Midnight,MARSH,ST,0,Right on the spot,WEST BOTANY,ST,ARNCLIFFE,168.0,No,Not a school zone,T-junction,-33.938431,151.15162,Bayside,Sydney metro. area,Syd-Newc-Woll Gtr conurbation,Straight,,,,Unknown / not stated,Sealed,Wet,Fine,Darkness,On,No traffic controls,60 km/h,State,29,Other opposing,200,Opp - other,,Other angle,Car (sedan/hatch),Car (sedan/hatch),2,0,0,0,1,9,September,Spring,Thursday,22:00 - Midnight,Evening / night,False,False,True,True
1364429,Injury,Serious Injury,2024,2024,July,Thursday,16:00 - 17:59,REMEMBRANCE,DVWY,0,Right on the spot,TYLERS,RD,BARGO,620.0,No,Not a school zone,T-junction,-34.294705,150.581807,Wollondilly,Country urban,Syd-Newc-Woll Gtr conurbation,Straight,,,,On,Sealed,Dry,Fine,Darkness,Nil,Give way sign,60 km/h,Regional,16,Left near,107,Adj - Left-thru from right,,Right angle,4 wheel drive / SUV,Light truck utility(from 2018),2,0,1,0,0,7,July,Winter,Thursday,16:00 - 17:59,PM peak / evening commute,True,False,True,True
1364430,Injury,Moderate Injury,2024,2024,September,Sunday,06:00 - 07:59,LADBURY,AVE,0,Right on the spot,MEMORIAL,AVE,PENRITH,,No,Not a school zone,X-intersection,-33.748806,150.684006,Penrith,Sydney metro. area,Syd-Newc-Woll Gtr conurbation,Curved,,,,Nil,Sealed,Wet,Fine,Dawn,Nil,Give way sign,50 km/h,Local,10,Cross traffic,101,Adj - Cross traffic,,Right angle,Light truck utility(from 2018),Pedal cycle,2,0,0,1,0,9,September,Spring,Sunday,06:00 - 07:59,AM peak / school commute,True,False,True,True
1364432,Injury,Minor/Other Injury,2024,2024,October,Thursday,06:00 - 07:59,TILLIE,ST,0,Right on the spot,WILKINSON,AVE,WALLSEND,,No,Not a school zone,T-junction,-32.896091,151.68153,Newcastle,Newcastle met. area,Syd-Newc-Woll Gtr conurbation,Straight,,,,Unknown / not stated,Sealed,Dry,Fine,Daylight,Nil,Give way sign,50 km/h,Local,31,Left rear,302,Same - Rear left,,Rear end,Light truck utility(from 2018),4 wheel drive / SUV,2,0,0,0,1,10,October,Spring,Thursday,06:00 - 07:59,AM peak / school commute,True,False,True,True
1364438,Injury,Moderate Injury,2024,2024,October,Wednesday,08:00 - 09:59,WESTERN,EXP,100,West,WALLGROVE ROAD,TO,EASTERN CREEK,6004.0,No,Not a school zone,Dual freeway,-33.795947,150.8464,Blacktown,Sydney metro. area,Syd-Newc-Woll Gtr conurbation,Straight,,,,Unknown / not stated,Sealed,Dry,Fine,Daylight,Nil,No traffic controls,100 km/h,State,67,Struck animal,609,On path - Hit animal,,Vehicle - Animal,Car (sedan/hatch),,1,0,0,1,0,10,October,Spring,Wednesday,08:00 - 09:59,AM peak / school commute,True,False,True,True
1364442,Injury,Minor/Other Injury,2024,2024,August,Thursday,18:00 - 19:59,WARRINGAH,EXP,50,South,MILLER STREET,OP,CAMMERAY,651.0,No,Not a school zone,Dual freeway,-33.82443,151.210509,North Sydney,Sydney metro. area,Syd-Newc-Woll Gtr conurbation,Straight,,,,Unknown / not stated,Sealed,Dry,Fine,Unknown,Nil,No traffic controls,80 km/h,State,30,Rear end,301,Same - Rear end,,Rear end,Car (sedan/hatch),4 wheel drive / SUV,2,0,0,0,1,8,August,Winter,Thursday,18:00 - 19:59,PM peak / evening commute,True,False,True,True
1364443,Injury,Serious Injury,2024,2024,October,Thursday,14:00 - 15:59,EASTERN,RD,100,North,ROOTY HILL,RD,ROOTY HILL,7170.0,No,Not a school zone,Divided road,-33.776778,150.849128,Blacktown,Sydney metro. area,Syd-Newc-Woll Gtr conurbation,Straight,Steep grade,,,Unknown / not stated,Sealed,Dry,Fine,Daylight,Nil,No traffic controls,60 km/h,Regional,30,Rear end,301,Same - Rear end,,Rear end,4 wheel drive / SUV,Car (sedan/hatch),4,0,1,0,0,10,October,Spring,Thursday,14:00 - 15:59,Midday / afternoon,False,False,True,True
1364445,Injury,Moderate Injury,2024,2024,October,Wednesday,12:00 - 13:59,PACIFIC,HWY,800,North,GULGAN ROAD,OP,BRUNSWICK HEADS,10.0,No,Not a school zone,Divided road,-28.552301,153.537563,Byron,Country non-urban,Rest of NSW - Rural,Curved,,,,Unknown / not stated,Sealed,Dry,Fine,Daylight,Nil,No traffic controls,110 km/h,State,35,Lane change left,307,Same - Lane change left,,Other angle,B-double (road train prior 98),Car (sedan/hatch),2,0,0,1,0,10,October,Spring,Wednesday,12:00 - 13:59,Midday / afternoon,False,False,True,True
1364447,Injury,Minor/Other Injury,2024,2024,August,Saturday,14:00 - 15:59,PACIFIC,HWY,0,Right on the spot,RANGERS,RD,RAYMOND TERRACE,10.0,No,Not a school zone,T-junction,-32.740163,151.777355,Port Stephens,Country non-urban,Rest of NSW - Rural,Straight,,,,Off,Sealed,Dry,Fine,Daylight,Nil,No traffic controls,110 km/h,State,73,Off rd rght => obj,704,Right off cway into obj,,Vehicle - Object,4 wheel drive / SUV,,1,0,0,0,1,8,August,Winter,Saturday,14:00 - 15:59,Midday / afternoon,False,False,True,True
1364452,Injury,Minor/Other Injury,2024,2024,September,Friday,16:00 - 17:59,HASSALL,ST,0,Right on the spot,WIDEMERE,RD,WETHERILL PARK,,No,Not a school zone,T-junction,-33.839687,150.913514,Fairfield,Sydney metro. area,Syd-Newc-Woll Gtr conurbation,Curved,,,,Unknown / not stated,Sealed,Dry,Fine,Daylight,Nil,Stop sign,60 km/h,Local,30,Rear end,301,Same - Rear end,,Rear end,Car (sedan/hatch),Car (sedan/hatch),2,0,0,0,1,9,September,Spring,Friday,16:00 - 17:59,PM peak / evening commute,True,False,True,True
1364453,Injury,Moderate Injury,2024,2024,July,Tuesday,22:00 - Midnight,KING GEORGES,RD,10,South,EDGE,ST,WILEY PARK,200.0,No,Not a school zone,T-junction,-33.927141,151.071005,Canterbury-Bankstown,Sydney metro. area,Syd-Newc-Woll Gtr conurbation,Straight,,,,Unknown / not stated,Sealed,Dry,Fine,Darkness,Nil,No traffic controls,60 km/h,State,74,On road-out of cont.,705,Out of control on cway,,Rollover,Motorcycle,,1,0,0,1,0,7,July,Winter,Tuesday,22:00 - Midnight,Evening / night,False,False,True,True
1364456,Injury,Moderate Injury,2024,2024,October,Wednesday,18:00 - 19:59,RHODES,ST,0,Right on the spot,NUMBER 70,HN,HILLSDALE,,No,Not a school zone,2-way undivided,-33.950071,151.226319,Bayside,Sydney metro. area,Syd-Newc-Woll Gtr conurbation,Straight,,,,Unknown / not stated,Sealed,Dry,Fine,Daylight,Nil,No traffic controls,50 km/h,Local,71,Off rd left => obj,703,Left off cway into object,,Vehicle - Object,Car (sedan/hatch),,1,0,0,1,0,10,October,Spring,Wednesday,18:00 - 19:59,PM peak / evening commute,True,False,True,True
1364457,Injury,Minor/Other Injury,2024,2024,May,Friday,20:00 - 21:59,M7 WESTLINK,EXP,999999,South,THE HORSLEY DRIVE,OP,HORSLEY PARK,6009.0,No,Not a school zone,Dual freeway,-33.848611,150.852919,Fairfield,Sydney metro. area,Syd-Newc-Woll Gtr conurbation,Straight,,,,On,Sealed,Dry,Fine,Darkness,Nil,No traffic controls,100 km/h,State,39,Other same direction,300,Same - other,,Other angle,Semi-trailer,Car (sedan/hatch),2,0,0,0,1,5,May,Autumn,Friday,20:00 - 21:59,Evening / night,False,False,True,True
1364458,Injury,Moderate Injury,2024,2024,September,Wednesday,10:00 - 11:59,CRESSY,ST,40,North,WELLINGTON,ST,DENILIQUIN,,No,Not a school zone,2-way undivided,-35.532131,144.965449,Edward River,Country urban,Rest of NSW - Urban,Curved,,,,Unknown / not stated,Sealed,Wet,Raining,Daylight,Nil,No traffic controls,50 km/h,Local,87,Off lft/lft bnd=>obj,804,Off left bend into obj,Left,Other angle,4 wheel drive / SUV,Station wagon,2,0,0,1,0,9,September,Spring,Wednesday,10:00 - 11:59,Midday / afternoon,False,False,True,True
1364465,Injury,Minor/Other Injury,2024,2024,September,Monday,12:00 - 13:59,HENRY PARRY,DR,0,Right on the spot,WELLS,ST,EAST GOSFORD,673.0,No,Not a school zone,X-intersection,-33.435863,151.350349,Central Coast,Country urban,Syd-Newc-Woll Gtr conurbation,Straight,,,,Unknown / not stated,Sealed,Dry,Fine,Daylight,On,No traffic controls,50 km/h,State,21,Right through,202,Opp - Right-thru,,Other angle,4 wheel drive / SUV,4 wheel drive / SUV,2,0,0,0,1,9,September,Spring,Monday,12:00 - 13:59,Midday / afternoon,False,False,True,True
1364466,Injury,Minor/Other Injury,2024,2024,October,Sunday,10:00 - 11:59,THE RIVER,RD,0,Right on the spot,SOUTH WESTERN,EXP,REVESBY,634.0,No,Not a school zone,T-junction,-33.940588,151.018503,Canterbury-Bankstown,Sydney metro. area,Syd-Newc-Woll Gtr conurbation,Straight,Underpass/tunnel,,,Unknown / not stated,Sealed,Dry,Fine,Daylight,On,No traffic controls,60 km/h,State,21,Right through,202,Opp - Right-thru,,Other angle,Car (sedan/hatch),Car (sedan/hatch),2,0,0,0,3,10,October,Spring,Sunday,10:00 - 11:59,Midday / afternoon,False,False,True,True
1364468,Injury,Minor/Other Injury,2024,2024,September,Thursday,14:00 - 15:59,SOUTH WESTERN,EXP,0,Right on the spot,FAIRFORD ROAD,OP,PADSTOW,6005.0,No,Not a school zone,Dual freeway,-33.940439,151.035456,Canterbury-Bankstown,Sydney metro. area,Syd-Newc-Woll Gtr conurbation,Straight,Underpass/tunnel,,,Unknown / not stated,Sealed,Wet,Raining,Daylight,Nil,No traffic controls,100 km/h,State,30,Rear end,301,Same - Rear end,,Rear end,Semi-trailer,4 wheel drive / SUV,2,0,0,0,1,9,September,Spring,Thursday,14:00 - 15:59,Midday / afternoon,False,False,True,True
1364470,Injury,Minor/Other Injury,2024,2024,June,Saturday,02:00 - 03:59,FRASER,DR,25,North,HARRIER,ST,TWEED HEADS SOUTH,,No,Not a school zone,2-way undivided,-28.198842,153.521869,Tweed,Country urban,Rest of NSW - Urban,Straight,,,,On,Sealed,Wet,Overcast,Darkness,Nil,No traffic controls,60 km/h,Local,71,Off rd left => obj,703,Left off cway into object,,Vehicle - Object,Station wagon,,1,0,0,0,3,6,June,Winter,Saturday,02:00 - 03:59,Late night / early morning,False,False,True,True
1364472,Injury,Moderate Injury,2024,2024,May,Thursday,16:00 - 17:59,ELLIOTTS,RD,0,Right on the spot,GRAFTON,ST,FAIRY MEADOW,,No,Not a school zone,T-junction,-34.39433,150.89416,Wollongong,Wollongong met. area,Syd-Newc-Woll Gtr conurbation,Straight,,,,Off,Sealed,Dry,Fine,Daylight,Nil,Stop sign,50 km/h,Local,21,Right through,202,Opp - Right-thru,,Other angle,Car (sedan/hatch),Pedal cycle,2,0,0,1,0,5,May,Autumn,Thursday,16:00 - 17:59,PM peak / evening commute,True,False,True,True
1364473,Injury,Moderate Injury,2024,2024,May,Monday,16:00 - 17:59,GEORGE BASS,DR,0,Right on the spot,BROULEE,RD,BROULEE,7630.0,No,Not a school zone,X-intersection,-35.855808,150.163194,Eurobodalla,Country urban,Rest of NSW - Urban,Straight,,,,On,Sealed,Dry,Fine,Dusk,Nil,Give way sign,80 km/h,Regional,32,Right rear,303,Same - Rear right,,Rear end,Station wagon,4 wheel drive / SUV,4,0,0,3,0,5,May,Autumn,Monday,16:00 - 17:59,PM peak / evening commute,True,False,True,True
1364474,Injury,Serious Injury,2024,2024,February,Friday,18:00 - 19:59,PRINGLE,AVE,0,Right on the spot,NUMBER 104,HN,BANKSTOWN,,No,Not a school zone,2-way undivided,-33.925014,151.023131,Canterbury-Bankstown,Sydney metro. area,Syd-Newc-Woll Gtr conurbation,Straight,Driveway/entrance,,,Nil,Sealed,Dry,Fine,Daylight,Nil,No traffic controls,50 km/h,Local,47,Emerging from drive,406,Manov - Emerging from driveway,,Right angle,Passenger van,Motor scooter,2,0,1,0,0,2,February,Summer,Friday,18:00 - 19:59,PM peak / evening commute,True,False,True,True
1364475,Injury,Serious Injury,2024,2024,May,Tuesday,16:00 - 17:59,SQUIRES,WAY,100,South,ELLIOTTS,RD,NORTH WOLLONGONG,7642.0,No,Not a school zone,2-way undivided,-34.397022,150.900853,Wollongong,Wollongong met. area,Syd-Newc-Woll Gtr conurbation,Straight,Painted double centre lines,,,Nil,Sealed,Dry,Fog or mist,Daylight,Nil,No traffic controls,60 km/h,Regional,20,Head on,201,Opp - Head on,,Head-on,Car (sedan/hatch),Car (sedan/hatch),2,0,3,0,0,5,May,Autumn,Tuesday,16:00 - 17:59,PM peak / evening commute,True,False,True,True
1364476,Injury,Moderate Injury,2024,2024,June,Friday,12:00 - 13:59,PACIFIC,HWY,0,Right on the spot,TURNBULL,ST,HAMILTON SOUTH,10.0,No,Not a school zone,X-intersection,-32.934571,151.750618,Newcastle,Newcastle met. area,Syd-Newc-Woll Gtr conurbation,Straight,,,,Nil,Sealed,Dry,Fine,Daylight,Nil,Give way sign,60 km/h,State,21,Right through,202,Opp - Right-thru,,Other angle,4 wheel drive / SUV,Car (sedan/hatch),2,0,0,1,0,6,June,Winter,Friday,12:00 - 13:59,Midday / afternoon,False,False,True,True
1364477,Injury,Serious Injury,2024,2024,May,Sunday,02:00 - 03:59,HILLCREST,AVE,0,Right on the spot,PANORAMA,ST,PENSHURST,7006.0,No,Not a school zone,X-intersection,-33.975867,151.088946,Georges River,Sydney metro. area,Syd-Newc-Woll Gtr conurbation,Straight,,,,On,Sealed,Dry,Fine,Darkness,Nil,Give way sign,50 km/h,Regional,74,On road-out of cont.,705,Out of control on cway,,Rollover,Motorcycle,,1,0,1,0,0,5,May,Autumn,Sunday,02:00 - 03:59,Late night / early morning,False,False,True,True
1364478,Injury,Minor/Other Injury,2024,2024,June,Wednesday,14:00 - 15:59,CLARENCE,WAY,540,West,MOLEVILLE ROCKS,RD,MOLEVILLE CREEK,150.0,No,Not a school zone,2-way undivided,-29.571439,152.899803,Clarence Valley,Country non-urban,Rest of NSW - Rural,Curved,Embankment/cutting,,,Nil,Sealed,Dry,Fine,Daylight,Nil,No traffic controls,100 km/h,Regional,87,Off lft/lft bnd=>obj,804,Off left bend into obj,Left,Vehicle - Object,Car (sedan/hatch),,1,0,0,0,2,6,June,Winter,Wednesday,14:00 - 15:59,Midday / afternoon,False,False,True,True
1364479,Injury,Serious Injury,2024,2024,June,Monday,22:00 - Midnight,DOBELL,DR,0,Right on the spot,NUMBER 87,HN,WANGI WANGI,,No,Not a school zone,2-way undivided,-33.070803,151.589183,Lake Macquarie,Newcastle met. area,Syd-Newc-Woll Gtr conurbation,Curved,Steep grade,,,On,Sealed,Dry,Fine,Darkness,Nil,No traffic controls,50 km/h,Local,88,Out of cont on bend,805,Out of control on bend,,Rollover,Motorised push scooters,,1,0,1,0,0,6,June,Winter,Monday,22:00 - Midnight,Evening / night,False,False,True,True
1364481,Injury,Serious Injury,2024,2024,June,Tuesday,12:00 - 13:59,ALMOND,ST,30,North,PICTON,RD,WILTON,95.0,No,Not a school zone,2-way undivided,-34.24201,150.69592,Wollondilly,Country urban,Syd-Newc-Woll Gtr conurbation,Curved,,,,Nil,Sealed,Dry,Fine,Daylight,Nil,No traffic controls,60 km/h,State,88,Out of cont on bend,805,Out of control on bend,,Rollover,Large rigid,,1,0,1,0,0,6,June,Winter,Tuesday,12:00 - 13:59,Midday / afternoon,False,False,True,True
1364482,Injury,Moderate Injury,2024,2024,June,Monday,14:00 - 15:59,MITCHELL,HWY,0,Right on the spot,WHEELERS,LANE,DUBBO,7.0,No,Not a school zone,Roundabout,-32.257196,148.629165,Dubbo Regional,Country urban,Rest of NSW - Urban,Straight,,,,Nil,Sealed,Dry,Fine,Daylight,Nil,Give way sign,60 km/h,State,10,Cross traffic,101,Adj - Cross traffic,,Right angle,Pedal cycle,Utility,2,0,0,1,0,6,June,Winter,Monday,14:00 - 15:59,Midday / afternoon,False,False,True,True
1364483,Injury,Moderate Injury,2024,2024,May,Thursday,20:00 - 21:59,THE COMPANIONWAY,MS,250,South,CURVERS,DR,MANYANA,,No,Not a school zone,2-way undivided,-35.257147,150.513178,Shoalhaven,Country urban,Rest of NSW - Urban,Straight,,,,Nil,Sealed,Dry,Fine,Darkness,Nil,No traffic controls,50 km/h,Local,4,Ped walk with,5,Ped - Walking with traffic,,Vehicle - Pedestrian,Light truck utility(from 2018),Pedestrian,2,0,0,1,0,5,May,Autumn,Thursday,20:00 - 21:59,Evening / night,False,False,True,True
1364487,Injury,Moderate Injury,2024,2024,June,Thursday,10:00 - 11:59,GREAT WESTERN,HWY,0,Right on the spot,ETTALONG,RD,GREYSTANES,5.0,No,Not a school zone,X-intersection,-33.811775,150.95231,Cumberland,Sydney metro. area,Syd-Newc-Woll Gtr conurbation,Straight,,,,Off,Sealed,Dry,Fine,Daylight,On,No traffic controls,80 km/h,State,10,Cross traffic,101,Adj - Cross traffic,,Right angle,Car (sedan/hatch),Light truck utility(from 2018),2,0,0,2,0,6,June,Winter,Thursday,10:00 - 11:59,Midday / afternoon,False,False,True,True
1364488,Injury,Serious Injury,2024,2024,July,Wednesday,16:00 - 17:59,KENTWELL,RD,10,West,CORNWELL,RD,ALLAMBIE HEIGHTS,7345.0,No,Not a school zone,Roundabout,-33.775792,151.262941,Northern Beaches,Sydney metro. area,Syd-Newc-Woll Gtr conurbation,Straight,,,,On,Sealed,Dry,Fine,Darkness,Nil,Ped crossing,60 km/h,Regional,0,Ped nearside,1,Ped - Near side,,Vehicle - Pedestrian,Car (sedan/hatch),Pedestrian,2,0,1,0,0,7,July,Winter,Wednesday,16:00 - 17:59,PM peak / evening commute,True,False,True,True
1364489,Injury,Minor/Other Injury,2024,2024,June,Tuesday,10:00 - 11:59,PRINCES,HWY,0,Right on the spot,ERSKINEVILLE,RD,NEWTOWN,1.0,No,Not a school zone,T-junction,-33.896444,151.180011,Inner West,Sydney metro. area,Syd-Newc-Woll Gtr conurbation,Straight,,,,Nil,Sealed,Dry,Fine,Daylight,On,Ped crossing,40 km/h,State,2,Ped far side,3,Ped - Far side,,Vehicle - Pedestrian,Car (sedan/hatch),Pedestrian,2,0,0,0,1,6,June,Winter,Tuesday,10:00 - 11:59,Midday / afternoon,False,False,True,True
1364491,Injury,Serious Injury,2024,2024,June,Thursday,12:00 - 13:59,WINDSOR,RD,0,Right on the spot,BANDON,RD,VINEYARD,184.0,Yes,No,X-intersection,-33.646421,150.858681,Blacktown,Sydney metro. area,Syd-Newc-Woll Gtr conurbation,Straight,,,,Nil,Sealed,Dry,Fine,Daylight,On,No traffic controls,80 km/h,State,21,Right through,202,Opp - Right-thru,,Other angle,Large rigid,Large rigid,2,0,1,1,0,6,June,Winter,Thursday,12:00 - 13:59,Midday / afternoon,False,False,True,True