crash_id,degree_of_crash,degree_of_crash_-_detailed,reporting_year,year_of_crash,month_of_crash,day_of_week_of_crash,two-hour_intervals,street_of_crash,street_type,distance,direction,identifying_feature,identifying_feature_type,town,route_no.,school_zone_location,school_zone_active,type_of_location,latitude,longitude,lga,urbanisation,conurbation_1,alignment,primary_permanent_feature,primary_temporary_feature,primary_hazardous_feature,street_lighting,road_surface,surface_condition,weather,natural_lighting,signals_operation,other_traffic_control,speed_limit,road_classification_(admin),rum_-_code,rum_-_description,dca_-_code,dca_-_description,dca_supplement,first_impact_type,key_tu_type,other_tu_type,no._of_traffic_units_involved,no._killed,no._seriously_injured,no._moderately_injured,no._minor-other_injured,month_num,month_label,season,day_label,time_label,time_band,is_peak_commute,is_fatal,is_injury,is_casualty
1364492,Injury,Serious Injury,2024,2024,June,Monday,06:00 - 07:59,RIVERINA,HWY,300,East,GRIFFITH,DR,SPLITTERS CREEK,20.0,No,Not a school zone,2-way undivided,-36.065725,146.847927,Albury,Country urban,Rest of NSW - Urban,Curved,,,,Nil,Sealed,Dry,Fine,Daylight,Nil,No traffic controls,80 km/h,State,91,Object struck veh,610,On path - Load hit vehicle,,Vehicle - Object,Light truck utility(from 2018),Large rigid,2,0,2,0,0,6,June,Winter,Monday,06:00 - 07:59,AM peak / school commute,True,False,True,True
1364493,Injury,Serious Injury,2024,2024,June,Thursday,08:00 - 09:59,BELMORE,RD,0,Right on the spot,SOUTH WESTERN,EXP,RIVERWOOD,2050.0,No,Not a school zone,T-junction,-33.942322,151.054122,Canterbury-Bankstown,Sydney metro. area,Syd-Newc-Woll Gtr conurbation,Straight,Other bridge,,,Off,Sealed,Dry,Fine,Daylight,On,No traffic controls,50 km/h,Regional,21,Right through,202,Opp - Right-thru,,Other angle,4 wheel drive / SUV,Car (sedan/hatch),2,0,1,0,0,6,June,Winter,Thursday,08:00 - 09:59,AM peak / school commute,True,False,True,True
1364494,Injury,Moderate Injury,2024,2024,June,Wednesday,12:00 - 13:59,CHURCH,ST,0,Right on the spot,ROSS,ST,PARRAMATTA,706.0,No,Not a school zone,T-junction,-33.807695,151.005562,Parramatta,Sydney metro. area,Syd-Newc-Woll Gtr conurbation,Straight,,,,Nil,Sealed,Dry,Fine,Daylight,Nil,Stop sign,50 km/h,State,19,Other adjacent,100,Adj - other,,Right angle,Light truck utility(from 2018),4 wheel drive / SUV,2,0,0,1,0,6,June,Winter,Wednesday,12:00 - 13:59,Midday / afternoon,False,False,True,True
1364495,Injury,Serious Injury,2024,2024,July,Wednesday,12:00 - 13:59,OLYMPIC,HWY,470,North,MANGOPLAH,RD,THE ROCK,78.0,No,Not a school zone,2-way undivided,-35.270643,147.125668,Lockhart,Country non-urban,Rest of NSW - Rural,Curved,,,,Nil,Sealed,Dry,Fine,Daylight,Nil,No traffic controls,100 km/h,State,20,Head on,201,Opp - Head on,,Head-on,Large rigid,Large rigid,2,0,1,0,1,7,July,Winter,Wednesday,12:00 - 13:59,Midday / afternoon,False,False,True,True
1364496,Injury,Serious Injury,2024,2024,June,Tuesday,14:00 - 15:59,KURRAJONG,RD,400,East,OLD KURRAJONG,RD,RICHMOND,184.0,No,Not a school zone,2-way undivided,-33.59038,150.733242,Hawkesbury,Country urban,Syd-Newc-Woll Gtr conurbation,Straight,,,,Off,Sealed,Dry,Fine,Daylight,Nil,No traffic controls,80 km/h,State,20,Head on,201,Opp - Head on,,Head-on,Car (sedan/hatch),Light truck,2,0,2,1,0,6,June,Winter,Tuesday,14:00 - 15:59,Midday / afternoon,False,False,True,True
1364497,Injury,Moderate Injury,2024,2024,July,Saturday,06:00 - 07:59,LACHLAN VALLEY,WAY,300,North,UABBA,ST,LAKE CARGELLIGO,423.0,No,Not a school zone,2-way undivided,-33.289636,146.370896,Lachlan,Country non-urban,Rest of NSW - Rural,Straight,Embankment/cutting,,Loose gravel shoulder,Nil,Sealed,Dry,Fine,Daylight,Nil,No traffic controls,100 km/h,Regional,71,Off rd left => obj,703,Left off cway into object,,Vehicle - Object,Car (sedan/hatch),,1,0,0,1,0,7,July,Winter,Saturday,06:00 - 07:59,AM peak / school commute,True,False,True,True
1364499,Injury,Serious Injury,2024,2024,July,Saturday,00:01 - 01:59,DEANS CREEK,RD,3000,South,THE BUCKETTS,WAY,KIWARRAK,,No,Not a school zone,2-way undivided,-31.966406,152.406881,Mid-Coast,Country non-urban,Rest of NSW - Rural,Curved,Steep grade,,,Off,Unsealed,Dry,Fine,Darkness,Nil,No traffic controls,100 km/h,Local,81,Off left/rt bnd=>obj,803,Off right bend into obj,Left,Vehicle - Object,Light truck utility(from 2018),,1,0,1,2,0,7,July,Winter,Saturday,00:01 - 01:59,Late night / early morning,False,False,True,True
1364500,Injury,Serious Injury,2024,2024,July,Tuesday,14:00 - 15:59,ILLAROO,RD,0,Right on the spot,NUMBER 56,HN,NORTH NOWRA,,No,Not a school zone,2-way undivided,-34.861638,150.594272,Shoalhaven,Country urban,Rest of NSW - Urban,Straight,Steep grade,,,Off,Sealed,Dry,Fine,Daylight,Nil,No traffic controls,60 km/h,Local,35,Lane change left,307,Same - Lane change left,,Other angle,Light truck utility(from 2018),Pedal cycle,2,0,1,0,0,7,July,Winter,Tuesday,14:00 - 15:59,Midday / afternoon,False,False,True,True
1364501,Injury,Moderate Injury,2024,2024,July,Wednesday,14:00 - 15:59,JERSEY,RD,10,East,HYATTS,RD,PLUMPTON,7163.0,No,Not a school zone,X-intersection,-33.744077,150.834922,Blacktown,Sydney metro. area,Syd-Newc-Woll Gtr conurbation,Straight,,,,Off,Sealed,Dry,Fine,Daylight,On,No traffic controls,60 km/h,Regional,30,Rear end,301,Same - Rear end,,Rear end,Car (sedan/hatch),4 wheel drive / SUV,2,0,0,1,0,7,July,Winter,Wednesday,14:00 - 15:59,Midday / afternoon,False,False,True,True
1364502,Injury,Moderate Injury,2024,2024,July,Monday,00:01 - 01:59,HUME,HWY,182,North,ALLAMBIE ROAD,OP,WOODLANDS,2.0,No,Not a school zone,Dual freeway,-34.44419,150.399398,Wingecarribee,Country non-urban,Rest of NSW - Rural,Straight,,,,Off,Sealed,Dry,Fine,Darkness,Nil,No traffic controls,110 km/h,State,33,Lane sideswipe,305,Same - Lane side swipe,,Other angle,Light truck utility(from 2018),Passenger van,2,0,0,1,0,7,July,Winter,Monday,00:01 - 01:59,Late night / early morning,False,False,True,True
1364503,Injury,Serious Injury,2024,2024,July,Sunday,14:00 - 15:59,COMMERCIAL,RD,0,Right on the spot,MCCOMBE,AVE,ROUSE HILL,,No,Not a school zone,T-junction,-33.686034,150.924914,The Hills,Sydney metro. area,Syd-Newc-Woll Gtr conurbation,Straight,,,,Nil,Unsealed,Dry,Fine,Daylight,Nil,Give way sign,60 km/h,Local,13,Right near,104,Adj - Right-thru from right,,Right angle,4 wheel drive / SUV,4 wheel drive / SUV,2,0,1,0,0,7,July,Winter,Sunday,14:00 - 15:59,Midday / afternoon,False,False,True,True
1364504,Injury,Moderate Injury,2024,2024,July,Monday,06:00 - 07:59,GOLDEN,HWY,0,Right on the spot,FITZROY,ST,DUBBO,27.0,No,Not a school zone,Roundabout,-32.244548,148.614348,Dubbo Regional,Country urban,Rest of NSW - Urban,Straight,,,,Off,Sealed,Dry,Fine,Daylight,Nil,Give way sign,60 km/h,State,12,Left far,103,Adj - Left-thru from left,,Right angle,Large rigid,Light truck utility(from 2018),2,0,0,1,0,7,July,Winter,Monday,06:00 - 07:59,AM peak / school commute,True,False,True,True
1364505,Injury,Moderate Injury,2024,2024,July,Monday,06:00 - 07:59,BELMORE,ST,5,North,GLEBE,RD,ADAMSTOWN,188.0,No,Not a school zone,X-intersection,-32.935096,151.731805,Newcastle,Newcastle met. area,Syd-Newc-Woll Gtr conurbation,Straight,,Police pursuit,,Off,Sealed,Dry,Fine,Daylight,Nil,Give way sign,60 km/h,Regional,85,Off rt/lft bnd=>obj,706,Left turn,Right,Other angle,Car (sedan/hatch),Car (sedan/hatch),2,0,0,1,0,7,July,Winter,Monday,06:00 - 07:59,AM peak / school commute,True,False,True,True
1364506,Injury,Minor/Other Injury,2024,2024,July,Wednesday,20:00 - 21:59,CANBERRA,AVE,590,West,ROSS,RD,CRESTWOOD,51.0,No,Not a school zone,Divided road,-35.355992,149.216742,Queanbeyan-Palerang Regional,Country urban,Rest of NSW - Urban,Curved,Steep grade,,,On,Sealed,Dry,Fine,Darkness,Nil,No traffic controls,60 km/h,State,87,Off lft/lft bnd=>obj,804,Off left bend into obj,Left,Vehicle - Object,4 wheel drive / SUV,,1,0,0,0,1,7,July,Winter,Wednesday,20:00 - 21:59,Evening / night,False,False,True,True
1364507,Injury,Serious Injury,2024,2024,July,Thursday,20:00 - 21:59,WOODHOUSE,DR,0,Right on the spot,NUMBER 8,HN,AMBARVALE,,No,Not a school zone,2-way undivided,-34.08126,150.803528,Campbelltown,Sydney metro. area,Syd-Newc-Woll Gtr conurbation,Curved,Steep grade,,,On,Sealed,Wet,Raining,Darkness,Nil,No traffic controls,60 km/h,Local,81,Off left/rt bnd=>obj,803,Off right bend into obj,Left,Other angle,Station wagon,Car (sedan/hatch),2,0,1,0,0,7,July,Winter,Thursday,20:00 - 21:59,Evening / night,False,False,True,True
1364508,Injury,Serious Injury,2024,2024,August,Friday,08:00 - 09:59,FOX VALLEY,RD,50,East,ROLAND,AVE,WAHROONGA,7350.0,No,Not a school zone,2-way undivided,-33.727622,151.116588,Ku-ring-gai,Sydney metro. area,Syd-Newc-Woll Gtr conurbation,Curved,,,,Off,Sealed,Dry,Fine,Daylight,Nil,No traffic controls,50 km/h,Regional,81,Off left/rt bnd=>obj,803,Off right bend into obj,Left,Vehicle - Object,Car (sedan/hatch),,1,0,1,0,0,8,August,Winter,Friday,08:00 - 09:59,AM peak / school commute,True,False,True,True
1364511,Injury,Moderate Injury,2024,2024,July,Monday,14:00 - 15:59,MARION,ST,0,Right on the spot,BIRCH,ST,GEORGES HALL,7121.0,No,Not a school zone,T-junction,-33.915757,150.998393,Canterbury-Bankstown,Sydney metro. area,Syd-Newc-Woll Gtr conurbation,Straight,Foot/cycle path/nature strip,,,Off,Sealed,Dry,Fine,Daylight,Nil,No traffic controls,60 km/h,Regional,21,Right through,202,Opp - Right-thru,,Other angle,4 wheel drive / SUV,Pedal cycle,2,0,0,1,0,7,July,Winter,Monday,14:00 - 15:59,Midday / afternoon,False,False,True,True
1364512,Injury,Minor/Other Injury,2024,2024,July,Wednesday,10:00 - 11:59,BEXLEY,RD,20,North,HOMER,ST,EARLWOOD,169.0,No,Not a school zone,2-way undivided,-33.932845,151.110032,Canterbury-Bankstown,Sydney metro. area,Syd-Newc-Woll Gtr conurbation,Straight,Steep grade,,,On,Sealed,Dry,Unknown,Daylight,Nil,No traffic controls,60 km/h,State,30,Rear end,301,Same - Rear end,,Rear end,Light truck utility(from 2018),Car (sedan/hatch),3,0,0,0,1,7,July,Winter,Wednesday,10:00 - 11:59,Midday / afternoon,False,False,True,True
1364513,Injury,Serious Injury,2024,2024,August,Tuesday,06:00 - 07:59,MENDOORAN,RD,0,Right on the spot,OLD MENDOORAN,RD,DUBBO,7519.0,No,Not a school zone,T-junction,-32.132494,148.777127,Dubbo Regional,Country non-urban,Rest of NSW - Rural,Straight,,,,Nil,Sealed,Wet,Fog or mist,Dawn,Nil,Give way sign,100 km/h,Regional,75,Off end of road,709,Off end cway or T junct,,Vehicle - Object,Light truck utility(from 2018),,1,0,3,0,0,8,August,Winter,Tuesday,06:00 - 07:59,AM peak / school commute,True,False,True,True
1364514,Injury,Moderate Injury,2024,2024,August,Tuesday,10:00 - 11:59,PRINCES,HWY,0,Right on the spot,CRANBROOK,RD,BATEMANS BAY,1.0,No,Not a school zone,X-intersection,-35.72031,150.175506,Eurobodalla,Country urban,Rest of NSW - Urban,Straight,,,,Off,Sealed,Dry,Fine,Daylight,On,No traffic controls,60 km/h,State,13,Right near,104,Adj - Right-thru from right,,Right angle,Large rigid,Car (sedan/hatch),2,0,0,2,0,8,August,Winter,Tuesday,10:00 - 11:59,Midday / afternoon,False,False,True,True
1364516,Injury,Minor/Other Injury,2024,2024,July,Friday,06:00 - 07:59,BOUNDARY,RD,30,North,CUMBERLAND,HWY,PENNANT HILLS,656.0,No,Not a school zone,Divided road,-33.739266,151.066294,Hornsby,Sydney metro. area,Syd-Newc-Woll Gtr conurbation,Curved,,,,Off,Sealed,Wet,Fine,Daylight,Nil,No traffic controls,60 km/h,State,33,Lane sideswipe,305,Same - Lane side swipe,,Other angle,Light truck utility(from 2018),Motorcycle,2,0,0,0,1,7,July,Winter,Friday,06:00 - 07:59,AM peak / school commute,True,False,True,True
1364517,Injury,Serious Injury,2024,2024,August,Saturday,18:00 - 19:59,GREAT WESTERN,HWY,0,Right on the spot,LYONS,RD,CAMPERDOWN,5.0,No,Not a school zone,X-intersection,-33.886171,151.179145,Sydney,Sydney metro. area,Syd-Newc-Woll Gtr conurbation,Straight,,,,On,Sealed,Dry,Fine,Dusk,On,No traffic controls,60 km/h,State,10,Cross traffic,101,Adj - Cross traffic,,Right angle,Pedal cycle,Car (sedan/hatch),2,0,1,0,0,8,August,Winter,Saturday,18:00 - 19:59,PM peak / evening commute,True,False,True,True
1364518,Injury,Minor/Other Injury,2024,2024,August,Friday,08:00 - 09:59,ALBION,ST,0,Right on the spot,NICOLL,ST,ROSELANDS,,No,Not a school zone,T-junction,-33.934331,151.077401,Canterbury-Bankstown,Sydney metro. area,Syd-Newc-Woll Gtr conurbation,Straight,,,,Nil,Sealed,Unknown,Unknown,Daylight,Nil,No traffic controls,50 km/h,Local,81,Off left/rt bnd=>obj,707,Right turn,Left,Other angle,Light truck utility(from 2018),4 wheel drive / SUV,3,0,0,0,1,8,August,Winter,Friday,08:00 - 09:59,AM peak / school commute,True,False,True,True
1364520,Injury,Moderate Injury,2024,2024,July,Tuesday,22:00 - Midnight,KIORA,RD,80,South,RAGLAN,RD,MIRANDA,,No,Not a school zone,2-way undivided,-34.042623,151.100473,Sutherland,Sydney metro. area,Syd-Newc-Woll Gtr conurbation,Straight,,,,On,Sealed,Dry,Fine,Darkness,Nil,No traffic controls,50 km/h,Local,73,Off rd rght => obj,704,Right off cway into obj,,Other angle,Car (sedan/hatch),4 wheel drive / SUV,3,0,0,1,0,7,July,Winter,Tuesday,22:00 - Midnight,Evening / night,False,False,True,True
1364522,Injury,Moderate Injury,2024,2024,July,Sunday,04:00 - 05:59,BARRIER,HWY,2000,West,PULPULLA,RD,CUBBA,8.0,No,Not a school zone,2-way undivided,-31.544625,145.263301,Cobar,Country non-urban,Rest of NSW - Rural,Straight,Ditch/drain/culvert,,,Nil,Sealed,Dry,Fine,Darkness,Nil,No traffic controls,110 km/h,State,73,Off rd rght => obj,704,Right off cway into obj,,Vehicle - Object,B-double (road train prior 98),,1,0,0,1,0,7,July,Winter,Sunday,04:00 - 05:59,Late night / early morning,False,False,True,True
1364524,Injury,Serious Injury,2024,2024,August,Wednesday,22:00 - Midnight,CLEVELAND,ST,0,Right on the spot,VINE,LANE,DARLINGTON,330.0,No,Not a school zone,T-junction,-33.888574,151.198482,Sydney,Sydney metro. area,Syd-Newc-Woll Gtr conurbation,Straight,,,,On,Sealed,Wet,Other,Darkness,Nil,No traffic controls,50 km/h,State,0,Ped nearside,1,Ped - Near side,,Vehicle - Pedestrian,Car (sedan/hatch),Pedestrian,2,0,1,0,0,8,August,Winter,Wednesday,22:00 - Midnight,Evening / night,False,False,True,True
1364526,Injury,Serious Injury,2024,2024,August,Saturday,16:00 - 17:59,MACHINERY,DR,100,South,GREENWAY,DR,TWEED HEADS SOUTH,,No,Not a school zone,2-way undivided,-28.203385,153.539714,Tweed,Country urban,Rest of NSW - Urban,Curved,,,,Off,Sealed,Dry,Fine,Daylight,Nil,No traffic controls,50 km/h,Local,90,Fell in/from vehicle,901,Fell in/from vehicle,,Person - Object,Motorcycle,,1,0,1,0,0,8,August,Winter,Saturday,16:00 - 17:59,PM peak / evening commute,True,False,True,True
1364527,Injury,Serious Injury,2024,2024,August,Tuesday,02:00 - 03:59,HUME,HWY,2000,North,CHURCH AVENUE,TO,YERRINBOOL,2.0,No,Not a school zone,Dual freeway,-34.388256,150.521089,Wingecarribee,Country non-urban,Rest of NSW - Rural,Straight,Embankment/cutting,,,Nil,Sealed,Wet,Raining,Darkness,Nil,No traffic controls,110 km/h,State,71,Off rd left => obj,703,Left off cway into object,,Vehicle - Object,Large rigid,,1,0,1,0,0,8,August,Winter,Tuesday,02:00 - 03:59,Late night / early morning,False,False,True,True
1364532,Injury,Moderate Injury,2024,2024,August,Tuesday,02:00 - 03:59,SAWYERS GULLY,RD,15,West,BATHURST,ST,SAWYERS GULLY,7766.0,No,Not a school zone,2-way undivided,-32.775867,151.437384,Cessnock,Country urban,Rest of NSW - Urban,Curved,,,,Nil,Sealed,Dry,Fine,Darkness,Nil,No traffic controls,80 km/h,Regional,81,Off left/rt bnd=>obj,803,Off right bend into obj,Left,Vehicle - Object,4 wheel drive / SUV,,2,0,0,1,0,8,August,Winter,Tuesday,02:00 - 03:59,Late night / early morning,False,False,True,True
1364533,Injury,Serious Injury,2024,2024,August,Wednesday,14:00 - 15:59,BERRIMA,RD,160,North,INNES,RD,MOSS VALE,372.0,No,Not a school zone,2-way undivided,-34.546573,150.364896,Wingecarribee,Country urban,Rest of NSW - Urban,Curved,,,,Nil,Sealed,Dry,Fine,Daylight,Nil,No traffic controls,50 km/h,Regional,81,Off left/rt bnd=>obj,803,Off right bend into obj,Left,Vehicle - Object,Car (sedan/hatch),,1,0,1,0,0,8,August,Winter,Wednesday,14:00 - 15:59,Midday / afternoon,False,False,True,True
1364534,Injury,Serious Injury,2024,2024,August,Thursday,02:00 - 03:59,GEORGE,ST,0,Right on the spot,ULTIMO,RD,HAYMARKET,7300.0,No,Not a school zone,L-junction,-33.880408,151.204983,Sydney,Sydney metro. area,Syd-Newc-Woll Gtr conurbation,Curved,,,,On,Sealed,Dry,Fine,Darkness,Nil,No traffic controls,40 km/h,Regional,85,Off rt/lft bnd=>obj,804,Off left bend into obj,Right,Vehicle - Object,Pedal cycle,,1,0,1,0,0,8,August,Winter,Thursday,02:00 - 03:59,Late night / early morning,False,False,True,True
1364535,Injury,Serious Injury,2024,2024,August,Saturday,18:00 - 19:59,BELLEVUE,LANE,0,Right on the spot,BELLEVUE,PDE,HURSTVILLE,,No,Not a school zone,T-junction,-33.969194,151.108317,Georges River,Sydney metro. area,Syd-Newc-Woll Gtr conurbation,Straight,,,,On,Sealed,Dry,Fine,Darkness,Nil,No traffic controls,50 km/h,Local,49,Other manoeuvring,400,Manov - other,,Other angle,Unknown motor vehicle,Motorcycle,2,0,1,0,0,8,August,Winter,Saturday,18:00 - 19:59,PM peak / evening commute,True,False,True,True
1364537,Injury,Moderate Injury,2024,2024,August,Thursday,14:00 - 15:59,HOXTON PARK,RD,0,Right on the spot,NUMBER 38,HN,LIVERPOOL,681.0,No,Not a school zone,2-way undivided,-33.928412,150.914093,Liverpool,Sydney metro. area,Syd-Newc-Woll Gtr conurbation,Straight,,,,Nil,Sealed,Dry,Fine,Daylight,Nil,No traffic controls,60 km/h,State,71,Off rd left => obj,703,Left off cway into object,,Vehicle - Object,Car (sedan/hatch),,1,0,0,1,0,8,August,Winter,Thursday,14:00 - 15:59,Midday / afternoon,False,False,True,True
1364539,Injury,Serious Injury,2024,2024,July,Wednesday,14:00 - 15:59,STONEY CREEK,RD,0,Right on the spot,ETON,ST,BEXLEY,665.0,No,Not a school zone,T-junction,-33.949695,151.121315,Bayside,Sydney metro. area,Syd-Newc-Woll Gtr conurbation,Straight,,,,Off,Sealed,Dry,Fine,Daylight,Nil,No traffic controls,60 km/h,State,50,Head on (overtake),501,Ovtak - Head on,,Head-on,Motorcycle,Car (sedan/hatch),3,0,1,0,0,7,July,Winter,Wednesday,14:00 - 15:59,Midday / afternoon,False,False,True,True
1364540,Injury,Moderate Injury,2024,2024,August,Tuesday,18:00 - 19:59,ELLIS,RD,300,West,RED,LANE,ROUS,,No,Not a school zone,2-way undivided,-28.861251,153.414575,Ballina,Country urban,Rest of NSW - Urban,Straight,,,,Nil,Sealed,Dry,Overcast,Dusk,Nil,No traffic controls,80 km/h,Local,71,Off rd left => obj,703,Left off cway into object,,Vehicle - Object,Light truck utility(from 2018),,1,0,0,1,0,8,August,Winter,Tuesday,18:00 - 19:59,PM peak / evening commute,True,False,True,True
1364543,Injury,Serious Injury,2024,2024,August,Monday,12:00 - 13:59,KILLARNEY GAP,RD,7000,West,BINGARA,TN,BINGARA,133.0,No,Not a school zone,2-way undivided,-29.893625,150.503693,Gwydir,Country non-urban,Rest of NSW - Rural,Curved,Steep grade,,,Nil,Sealed,Dry,Fine,Daylight,Nil,No traffic controls,100 km/h,Regional,87,Off lft/lft bnd=>obj,804,Off left bend into obj,Left,Vehicle - Object,Utility,,1,0,1,0,0,8,August,Winter,Monday,12:00 - 13:59,Midday / afternoon,False,False,True,True
1364544,Injury,Serious Injury,2024,2024,August,Wednesday,18:00 - 19:59,HOXTON PARK,RD,0,Right on the spot,GLEN INNES,RD,HOXTON PARK,681.0,No,Not a school zone,X-intersection,-33.926034,150.853476,Liverpool,Sydney metro. area,Syd-Newc-Woll Gtr conurbation,Straight,,,,On,Sealed,Dry,Fine,Darkness,On,No traffic controls,70 km/h,State,21,Right through,202,Opp - Right-thru,,Other angle,4 wheel drive / SUV,Light truck utility(from 2018),2,0,1,1,0,8,August,Winter,Wednesday,18:00 - 19:59,PM peak / evening commute,True,False,True,True
1364546,Injury,Serious Injury,2024,2024,August,Thursday,08:00 - 09:59,COTTERILL,AVE,0,Right on the spot,WOODS,AVE,WOONONA,,No,Not a school zone,T-junction,-34.349954,150.913794,Wollongong,Wollongong met. area,Syd-Newc-Woll Gtr conurbation,Straight,,,,Nil,Sealed,Dry,Fine,Daylight,Nil,No traffic controls,40 km/h,Local,71,Off rd left => obj,703,Left off cway into object,,Vehicle - Object,Car (sedan/hatch),,1,0,1,0,0,8,August,Winter,Thursday,08:00 - 09:59,AM peak / school commute,True,False,True,True
1364547,Injury,Moderate Injury,2024,2024,August,Thursday,16:00 - 17:59,HUME,HWY,0,Right on the spot,MILLER,RD,VILLAWOOD,2.0,No,Not a school zone,T-junction,-33.896302,150.99092,Canterbury-Bankstown,Sydney metro. area,Syd-Newc-Woll Gtr conurbation,Straight,,Police pursuit,,Off,Sealed,Dry,Fine,Daylight,On,No traffic controls,70 km/h,State,16,Left near,107,Adj - Left-thru from right,,Right angle,4 wheel drive / SUV,4 wheel drive / SUV,2,0,0,1,1,8,August,Winter,Thursday,16:00 - 17:59,PM peak / evening commute,True,False,True,True
1364550,Injury,Moderate Injury,2024,2024,August,Thursday,22:00 - Midnight,PACIFIC,HWY,50,South,NYARA,RD,MOUNT KURING-GAI,10.0,No,Not a school zone,Divided road,-33.656823,151.13373,Hornsby,Sydney metro. area,Syd-Newc-Woll Gtr conurbation,Straight,Steep grade,,,On,Sealed,Dry,Fine,Darkness,Nil,No traffic controls,80 km/h,State,74,On road-out of cont.,705,Out of control on cway,,Rollover,Light truck utility(from 2018),,1,0,0,1,0,8,August,Winter,Thursday,22:00 - Midnight,Evening / night,False,False,True,True
1364552,Injury,Moderate Injury,2024,2024,July,Saturday,10:00 - 11:59,GREAT WESTERN,HWY,100,West,LIONS CLUB,DR,KELSO,5.0,No,Not a school zone,Divided road,-33.418388,149.595074,Bathurst Regional,Country urban,Rest of NSW - Urban,Straight,Other bridge,,,Nil,Sealed,Wet,Raining,Daylight,Nil,No traffic controls,70 km/h,State,30,Rear end,301,Same - Rear end,,Rear end,Light truck,Car (sedan/hatch),3,0,0,1,0,7,July,Winter,Saturday,10:00 - 11:59,Midday / afternoon,False,False,True,True
1364553,Injury,Moderate Injury,2024,2024,June,Tuesday,22:00 - Midnight,CLEVELAND,ST,100,East,ELIZABETH,ST,SURRY HILLS,330.0,No,Not a school zone,2-way undivided,-33.890327,151.208893,Sydney,Sydney metro. area,Syd-Newc-Woll Gtr conurbation,Straight,Painted double centre lines,,,On,Sealed,Dry,Fine,Darkness,Nil,No traffic controls,50 km/h,State,20,Head on,201,Opp - Head on,,Head-on,Car (sedan/hatch),Car (sedan/hatch),2,0,0,1,2,6,June,Winter,Tuesday,22:00 - Midnight,Evening / night,False,False,True,True
1364554,Injury,Moderate Injury,2024,2024,August,Tuesday,18:00 - 19:59,WENTWORTH,AVE,0,Right on the spot,SUTHERLAND,ST,MASCOT,344.0,No,Not a school zone,T-junction,-33.933967,151.199251,Bayside,Sydney metro. area,Syd-Newc-Woll Gtr conurbation,Curved,,,,On,Sealed,Dry,Fine,Darkness,On,No traffic controls,60 km/h,State,21,Right through,202,Opp - Right-thru,,Other angle,4 wheel drive / SUV,Car (sedan/hatch),2,0,0,1,1,8,August,Winter,Tuesday,18:00 - 19:59,PM peak / evening commute,True,False,True,True
1364558,Injury,Moderate Injury,2024,2024,August,Tuesday,16:00 - 17:59,COWPASTURE,RD,0,Right on the spot,AIRFIELD,DR,LEN WATERS ESTATE,648.0,No,Not a school zone,T-junction,-33.917305,150.854375,Liverpool,Sydney metro. area,Syd-Newc-Woll Gtr conurbation,Straight,,,,On,Sealed,Dry,Fine,Daylight,On,Ped crossing,70 km/h,State,30,Rear end,301,Same - Rear end,,Rear end,Car (sedan/hatch),Car (sedan/hatch),4,0,0,1,0,8,August,Winter,Tuesday,16:00 - 17:59,PM peak / evening commute,True,False,True,True
1364560,Injury,Moderate Injury,2024,2024,September,Monday,16:00 - 17:59,M7 WESTLINK,EXP,0,Right on the spot,OLD WALLGROVE ROAD,TO,EASTERN CREEK,6009.0,No,Not a school zone,Dual freeway,-33.817396,150.852063,Blacktown,Sydney metro. area,Syd-Newc-Woll Gtr conurbation,Straight,,Roadwks/Detour/Diverson,,Off,Sealed,Dry,Fine,Daylight,Nil,No traffic controls,80 km/h,State,35,Lane change left,307,Same - Lane change left,,Other angle,Light truck utility(from 2018),Light truck utility(from 2018),3,0,0,1,0,9,September,Spring,Monday,16:00 - 17:59,PM peak / evening commute,True,False,True,True
1364561,Injury,Serious Injury,2024,2024,September,Wednesday,06:00 - 07:59,SILVERWATER,RD,10,South,GIFFARD,ST,SILVERWATER,190.0,No,Not a school zone,T-junction,-33.832174,151.048865,Parramatta,Sydney metro. area,Syd-Newc-Woll Gtr conurbation,Straight,Embankment/cutting,,,Off,Sealed,Dry,Fine,Daylight,Nil,No left turn,70 km/h,State,33,Lane sideswipe,305,Same - Lane side swipe,,Other angle,4 wheel drive / SUV,Light truck utility(from 2018),2,0,1,0,0,9,September,Spring,Wednesday,06:00 - 07:59,AM peak / school commute,True,False,True,True
1364564,Injury,Serious Injury,2024,2024,September,Monday,10:00 - 11:59,RIVER,AVE,0,Right on the spot,NORMANBY,ST,FAIRFIELD EAST,7102.0,No,Not a school zone,T-junction,-33.881271,150.972004,Fairfield,Sydney metro. area,Syd-Newc-Woll Gtr conurbation,Straight,,,,Off,Sealed,Dry,Fine,Daylight,Nil,Give way sign,60 km/h,Regional,10,Cross traffic,101,Adj - Cross traffic,,Right angle,Car (sedan/hatch),Car (sedan/hatch),2,0,1,0,0,9,September,Spring,Monday,10:00 - 11:59,Midday / afternoon,False,False,True,True
1364565,Injury,Moderate Injury,2024,2024,September,Saturday,22:00 - Midnight,CONSERVATORIUM,RD,0,Right on the spot,GOVERNMENT HOUSE,ENT,SYDNEY,,No,Not a school zone,2-way undivided,-33.862967,151.214122,Sydney,Sydney metro. area,Syd-Newc-Woll Gtr conurbation,Curved,,,,On,Sealed,Dry,Fine,Darkness,Nil,No traffic controls,50 km/h,Local,81,Off left/rt bnd=>obj,803,Off right bend into obj,Left,Vehicle - Object,Station wagon,,1,0,0,1,0,9,September,Spring,Saturday,22:00 - Midnight,Evening / night,False,False,True,True