crash_id,degree_of_crash,degree_of_crash_-_detailed,reporting_year,year_of_crash,month_of_crash,day_of_week_of_crash,two-hour_intervals,street_of_crash,street_type,distance,direction,identifying_feature,identifying_feature_type,town,route_no.,school_zone_location,school_zone_active,type_of_location,latitude,longitude,lga,urbanisation,conurbation_1,alignment,primary_permanent_feature,primary_temporary_feature,primary_hazardous_feature,street_lighting,road_surface,surface_condition,weather,natural_lighting,signals_operation,other_traffic_control,speed_limit,road_classification_(admin),rum_-_code,rum_-_description,dca_-_code,dca_-_description,dca_supplement,first_impact_type,key_tu_type,other_tu_type,no._of_traffic_units_involved,no._killed,no._seriously_injured,no._moderately_injured,no._minor-other_injured,month_num,month_label,season,day_label,time_label,time_band,is_peak_commute,is_fatal,is_injury,is_casualty
1364566,Injury,Moderate Injury,2024,2024,September,Sunday,00:01 - 01:59,GOULBURN,ST,0,Right on the spot,PITT,ST,HAYMARKET,7305.0,No,Not a school zone,X-intersection,-33.878094,151.207429,Sydney,Sydney metro. area,Syd-Newc-Woll Gtr conurbation,Straight,,,,On,Sealed,Dry,Fine,Darkness,On,No traffic controls,40 km/h,Regional,0,Ped nearside,1,Ped - Near side,,Vehicle - Pedestrian,4 wheel drive / SUV,Pedestrian,2,0,0,1,0,9,September,Spring,Sunday,00:01 - 01:59,Late night / early morning,False,False,True,True
1364567,Injury,Moderate Injury,2024,2024,September,Thursday,18:00 - 19:59,PRINCES,HWY,300,North,CORKS,LANE,MILTON,1.0,No,Not a school zone,2-way undivided,-35.308649,150.430639,Shoalhaven,Country urban,Rest of NSW - Urban,Curved,Painted double centre lines,,,Nil,Sealed,Dry,Fine,Darkness,Nil,No traffic controls,60 km/h,State,20,Head on,201,Opp - Head on,,Head-on,Car (sedan/hatch),Car (sedan/hatch),2,0,0,1,0,9,September,Spring,Thursday,18:00 - 19:59,PM peak / evening commute,True,False,True,True
1364568,Injury,Serious Injury,2024,2024,September,Monday,14:00 - 15:59,WOLLOMBI,RD,30,North,COOLAWINE,RD,WOLLOMBI,181.0,No,Not a school zone,2-way undivided,-32.906745,151.151964,Cessnock,Country urban,Rest of NSW - Urban,Curved,,,,Off,Sealed,Dry,Fine,Daylight,Nil,No traffic controls,80 km/h,Regional,81,Off left/rt bnd=>obj,803,Off right bend into obj,Left,Vehicle - Object,4 wheel drive / SUV,,1,0,1,0,0,9,September,Spring,Monday,14:00 - 15:59,Midday / afternoon,False,False,True,True
1364572,Injury,Minor/Other Injury,2024,2024,September,Sunday,18:00 - 19:59,CUMBERLAND,HWY,10,North,HAMILTON,RD,FAIRFIELD WEST,13.0,Yes,No,X-intersection,-33.869572,150.92514,Fairfield,Sydney metro. area,Syd-Newc-Woll Gtr conurbation,Straight,,,,On,Sealed,Dry,Fine,Darkness,Off,No traffic controls,70 km/h,State,71,Off rd left => obj,703,Left off cway into object,,Vehicle - Object,Car (sedan/hatch),,1,0,0,0,1,9,September,Spring,Sunday,18:00 - 19:59,PM peak / evening commute,True,False,True,True
1364573,Injury,Moderate Injury,2024,2024,September,Sunday,08:00 - 09:59,FEDERAL,HWY,1200,West,SUTTON ROAD,OP,SUTTON,3.0,No,Not a school zone,Divided road,-35.180398,149.245167,Yass Valley,Country non-urban,Rest of NSW - Rural,Straight,,,,Nil,Sealed,Dry,Fine,Daylight,Nil,No traffic controls,110 km/h,State,74,On road-out of cont.,705,Out of control on cway,,Rollover,Motorcycle,,1,0,0,1,0,9,September,Spring,Sunday,08:00 - 09:59,AM peak / school commute,True,False,True,True
1364574,Injury,Serious Injury,2024,2024,September,Saturday,20:00 - 21:59,LEGGETTS,DR,0,Right on the spot,LEIBERTS,LANE,BRUNKERVILLE,220.0,No,Not a school zone,T-junction,-32.942052,151.481455,Cessnock,Country non-urban,Rest of NSW - Rural,Straight,Embankment/cutting,,,Nil,Sealed,Dry,Fine,Darkness,Nil,No traffic controls,90 km/h,State,13,Right near,104,Adj - Right-thru from right,,Right angle,4 wheel drive / SUV,Car (sedan/hatch),2,0,2,1,0,9,September,Spring,Saturday,20:00 - 21:59,Evening / night,False,False,True,True
1364575,Injury,Minor/Other Injury,2024,2024,September,Tuesday,12:00 - 13:59,NEWBRIDGE,RD,0,Right on the spot,GOVERNOR MACQUARIE,DR,CHIPPING NORTON,167.0,No,Not a school zone,X-intersection,-33.928675,150.962275,Liverpool,Sydney metro. area,Syd-Newc-Woll Gtr conurbation,Straight,,,,Off,Sealed,Dry,Fine,Daylight,On,No traffic controls,70 km/h,State,21,Right through,202,Opp - Right-thru,,Other angle,Car (sedan/hatch),Car (sedan/hatch),2,0,0,0,1,9,September,Spring,Tuesday,12:00 - 13:59,Midday / afternoon,False,False,True,True
1364576,Injury,Minor/Other Injury,2024,2024,September,Saturday,12:00 - 13:59,MONARO,HWY,50,North,NUMBER 4208,HN,BREDBO,19.0,No,Not a school zone,2-way undivided,-35.886246,149.161451,Snowy Monaro Regional,Country non-urban,Rest of NSW - Rural,Straight,Embankment/cutting,,Loose gravel shoulder,Off,Sealed,Dry,Fine,Daylight,Nil,No traffic controls,100 km/h,State,72,Off road to right,702,Off carriageway to right,,Rollover,Motorcycle,,1,0,0,0,1,9,September,Spring,Saturday,12:00 - 13:59,Midday / afternoon,False,False,True,True
1364577,Injury,Serious Injury,2024,2024,September,Saturday,08:00 - 09:59,BATHURST,ST,0,Right on the spot,MCDONNELL,ST,CONDOBOLIN,,No,Not a school zone,Roundabout,-33.088869,147.14972,Lachlan,Country urban,Rest of NSW - Urban,Straight,,,,Off,Sealed,Dry,Fine,Daylight,Nil,Give way sign,50 km/h,Local,10,Cross traffic,101,Adj - Cross traffic,,Right angle,Car (sedan/hatch),Motorcycle,2,0,1,0,0,9,September,Spring,Saturday,08:00 - 09:59,AM peak / school commute,True,False,True,True
1364578,Injury,Serious Injury,2024,2024,September,Wednesday,00:01 - 01:59,NEWELL,HWY,1010,North,BELLHAVEN,RD,EUMUNGERIE,17.0,No,Not a school zone,2-way undivided,-31.915163,148.619311,Dubbo Regional,Country non-urban,Rest of NSW - Rural,Curved,,,,Nil,Sealed,Dry,Fine,Darkness,Nil,No traffic controls,110 km/h,State,85,Off rt/lft bnd=>obj,804,Off left bend into obj,Right,Vehicle - Object,Car (sedan/hatch),,1,0,1,0,0,9,September,Spring,Wednesday,00:01 - 01:59,Late night / early morning,False,False,True,True
1364580,Injury,Moderate Injury,2024,2024,September,Tuesday,10:00 - 11:59,RAMSGATE,RD,0,Right on the spot,MARGATE,ST,RAMSGATE,624.0,No,Not a school zone,X-intersection,-33.984683,151.139854,Bayside,Sydney metro. area,Syd-Newc-Woll Gtr conurbation,Straight,,,,Off,Sealed,Dry,Fine,Daylight,Nil,Stop sign,60 km/h,Regional,21,Right through,202,Opp - Right-thru,,Other angle,Car (sedan/hatch),Motorcycle,2,0,0,1,0,9,September,Spring,Tuesday,10:00 - 11:59,Midday / afternoon,False,False,True,True
1364581,Injury,Moderate Injury,2024,2024,September,Friday,18:00 - 19:59,MITCHELL,HWY,0,Right on the spot,LEEDS,PDE,ORANGE,7.0,No,Not a school zone,Roundabout,-33.259538,149.1131,Orange,Country urban,Rest of NSW - Urban,Straight,,,Slippery surface,Nil,Sealed,Dry,Fine,Darkness,Nil,Give way sign,80 km/h,State,74,On road-out of cont.,705,Out of control on cway,,Rollover,Motorcycle,,1,0,0,1,0,9,September,Spring,Friday,18:00 - 19:59,PM peak / evening commute,True,False,True,True
1364582,Injury,Moderate Injury,2024,2024,September,Wednesday,14:00 - 15:59,MAMRE,RD,0,Right on the spot,NUMBER 1096,HN,MOUNT VERNON,536.0,No,Not a school zone,2-way undivided,-33.865356,150.794409,Penrith,Sydney metro. area,Syd-Newc-Woll Gtr conurbation,Straight,Driveway/entrance,,,Nil,Sealed,Dry,Fine,Daylight,Nil,No traffic controls,80 km/h,State,47,Emerging from drive,406,Manov - Emerging from driveway,,Right angle,Car (sedan/hatch),Large rigid,2,0,0,1,0,9,September,Spring,Wednesday,14:00 - 15:59,Midday / afternoon,False,False,True,True
1364583,Injury,Minor/Other Injury,2024,2024,September,Thursday,12:00 - 13:59,MARRICKVILLE,RD,0,Right on the spot,VICTORIA,RD,MARRICKVILLE,2021.0,No,Not a school zone,X-intersection,-33.91231,151.160107,Inner West,Sydney metro. area,Syd-Newc-Woll Gtr conurbation,Straight,,,,Off,Sealed,Dry,Fine,Daylight,On,No traffic controls,60 km/h,Regional,33,Lane sideswipe,305,Same - Lane side swipe,,Other angle,Light truck utility(from 2018),Pedal cycle,2,0,0,0,1,9,September,Spring,Thursday,12:00 - 13:59,Midday / afternoon,False,False,True,True
1364584,Injury,Serious Injury,2024,2024,September,Saturday,16:00 - 17:59,BINDO BOUNDARY,RD,0,Right on the spot,TEA TREE RIDGE,RD,HAMPTON,,No,Not a school zone,T-junction,-33.668434,150.022869,Lithgow,Country urban,Rest of NSW - Urban,Curved,Crest,,,Nil,Unsealed,Dry,Fine,Daylight,Nil,No traffic controls,50 km/h,Local,88,Out of cont on bend,707,Right turn,,Rollover,Motorcycle,,1,0,1,0,0,9,September,Spring,Saturday,16:00 - 17:59,PM peak / evening commute,True,False,True,True
1364587,Injury,Moderate Injury,2024,2024,August,Thursday,06:00 - 07:59,ELLENDON,ST,0,Right on the spot,KING,ST,BUNGENDORE,,No,Not a school zone,X-intersection,-35.261846,149.439356,Queanbeyan-Palerang Regional,Country urban,Rest of NSW - Urban,Straight,,,,Off,Sealed,Dry,Fine,Daylight,Nil,Give way sign,50 km/h,Local,10,Cross traffic,101,Adj - Cross traffic,,Right angle,Station wagon,4 wheel drive / SUV,2,0,0,2,0,8,August,Winter,Thursday,06:00 - 07:59,AM peak / school commute,True,False,True,True
1364589,Injury,Moderate Injury,2024,2024,September,Tuesday,08:00 - 09:59,GREAT WESTERN,HWY,0,Right on the spot,CUMBERLAND,HWY,WENTWORTHVILLE,5.0,No,Not a school zone,X-intersection,-33.814385,150.964691,Cumberland,Sydney metro. area,Syd-Newc-Woll Gtr conurbation,Straight,,,,Nil,Sealed,Dry,Fine,Daylight,On,No traffic controls,80 km/h,State,30,Rear end,301,Same - Rear end,,Rear end,Car (sedan/hatch),Car (sedan/hatch),2,0,0,1,0,9,September,Spring,Tuesday,08:00 - 09:59,AM peak / school commute,True,False,True,True
1364590,Injury,Serious Injury,2024,2024,September,Wednesday,08:00 - 09:59,IXION,ST,0,Right on the spot,JUNCTION,RD,WINSTON HILLS,,Yes,No,T-junction,-33.772604,150.979159,Parramatta,Sydney metro. area,Syd-Newc-Woll Gtr conurbation,Straight,Painted double centre lines,,,Off,Sealed,Dry,Fine,Daylight,Nil,Stop sign,50 km/h,Local,20,Head on,201,Opp - Head on,,Head-on,Car (sedan/hatch),Car (sedan/hatch),2,0,1,1,0,9,September,Spring,Wednesday,08:00 - 09:59,AM peak / school commute,True,False,True,True
1364592,Injury,Moderate Injury,2024,2024,August,Wednesday,00:01 - 01:59,WARRINGAH,RD,50,West,STARKEY,ST,FORESTVILLE,328.0,No,Not a school zone,Divided road,-33.76092,151.216157,Northern Beaches,Sydney metro. area,Syd-Newc-Woll Gtr conurbation,Curved,,,,On,Sealed,Dry,Fine,Darkness,Nil,No traffic controls,70 km/h,State,81,Off left/rt bnd=>obj,803,Off right bend into obj,Left,Vehicle - Object,Car (sedan/hatch),,1,0,0,1,0,8,August,Winter,Wednesday,00:01 - 01:59,Late night / early morning,False,False,True,True
1364596,Injury,Minor/Other Injury,2024,2024,September,Friday,16:00 - 17:59,LUXFORD,RD,0,Right on the spot,PALMYRA,AVE,LETHBRIDGE PARK,7161.0,No,Not a school zone,T-junction,-33.73541,150.799541,Blacktown,Sydney metro. area,Syd-Newc-Woll Gtr conurbation,Straight,,,,Off,Sealed,Dry,Fine,Daylight,On,No traffic controls,60 km/h,Regional,2,Ped far side,3,Ped - Far side,,Vehicle - Pedestrian,Unknown motor vehicle,Ped in toy vehicle,2,0,0,0,1,9,September,Spring,Friday,16:00 - 17:59,PM peak / evening commute,True,False,True,True
1364597,Injury,Moderate Injury,2024,2024,July,Tuesday,18:00 - 19:59,BYLONG VALLEY,WAY,25,East,WIDDEN VALLEY,RD,WIDDEN,208.0,No,Not a school zone,2-way undivided,-32.410211,150.380961,Muswellbrook,Country non-urban,Rest of NSW - Rural,Curved,Embankment/cutting,,,Nil,Sealed,Dry,Fine,Dusk,Nil,No traffic controls,100 km/h,Regional,87,Off lft/lft bnd=>obj,804,Off left bend into obj,Left,Vehicle - Object,Light truck utility(from 2018),,1,0,0,1,0,7,July,Winter,Tuesday,18:00 - 19:59,PM peak / evening commute,True,False,True,True
1364599,Injury,Serious Injury,2024,2024,September,Friday,20:00 - 21:59,MAIN,RD,500,North,OTTYS,LANE,FENNELL BAY,217.0,No,Not a school zone,2-way undivided,-32.990163,151.600513,Lake Macquarie,Newcastle met. area,Syd-Newc-Woll Gtr conurbation,Straight,,,,On,Sealed,Dry,Fine,Darkness,Nil,No traffic controls,60 km/h,State,20,Head on,201,Opp - Head on,,Head-on,Car (sedan/hatch),4 wheel drive / SUV,2,0,1,1,0,9,September,Spring,Friday,20:00 - 21:59,Evening / night,False,False,True,True
1364600,Injury,Moderate Injury,2024,2024,September,Thursday,10:00 - 11:59,SEVENTH,AVE,0,Right on the spot,NUMBER 19,HN,CAMPSIE,,No,Not a school zone,2-way undivided,-33.904394,151.101499,Canterbury-Bankstown,Sydney metro. area,Syd-Newc-Woll Gtr conurbation,Straight,Driveway/entrance,,,Off,Sealed,Dry,Fine,Daylight,Nil,No traffic controls,50 km/h,Local,7,Driveway,7,Ped - driveway,,Vehicle - Pedestrian,Car (sedan/hatch),Pedestrian,2,0,0,1,0,9,September,Spring,Thursday,10:00 - 11:59,Midday / afternoon,False,False,True,True
1364601,Injury,Serious Injury,2024,2024,September,Saturday,12:00 - 13:59,PUTTY,RD,8,West,NUMBER 7304,HN,GARLAND VALLEY,503.0,No,Not a school zone,2-way undivided,-32.92895,150.696454,Singleton,Country urban,Rest of NSW - Urban,Curved,Steep grade,,,Nil,Sealed,Dry,Fine,Daylight,Nil,No traffic controls,80 km/h,State,88,Out of cont on bend,805,Out of control on bend,,Rollover,Motorcycle,,1,0,1,0,0,9,September,Spring,Saturday,12:00 - 13:59,Midday / afternoon,False,False,True,True
1364602,Injury,Moderate Injury,2024,2024,September,Thursday,14:00 - 15:59,FAIREY,RD,0,Right on the spot,HAM,ST,SOUTH WINDSOR,,No,Not a school zone,T-junction,-33.626881,150.814725,Hawkesbury,Country urban,Syd-Newc-Woll Gtr conurbation,Straight,,,,Nil,Sealed,Dry,Fine,Daylight,Nil,Give way sign,60 km/h,Local,21,Right through,202,Opp - Right-thru,,Other angle,Light truck utility(from 2018),Car (sedan/hatch),2,0,0,1,0,9,September,Spring,Thursday,14:00 - 15:59,Midday / afternoon,False,False,True,True
1364603,Injury,Serious Injury,2024,2024,September,Thursday,10:00 - 11:59,BROOMS HEAD,RD,100,South,PINE,AVE,TOWNSEND,,No,Not a school zone,2-way undivided,-29.470097,153.222604,Clarence Valley,Country urban,Rest of NSW - Urban,Straight,,Roadwks/Detour/Diverson,,Nil,Sealed,Wet,Raining,Daylight,On,Road/rail worker,40 km/h,Local,30,Rear end,301,Same - Rear end,,Rear end,Car (sedan/hatch),Passenger van,2,0,1,1,0,9,September,Spring,Thursday,10:00 - 11:59,Midday / afternoon,False,False,True,True
1364604,Injury,Serious Injury,2024,2024,August,Thursday,00:01 - 01:59,CHANDOS,RD,200,East,WALLGROVE,RD,HORSLEY PARK,,No,Not a school zone,2-way undivided,-33.832355,150.857616,Fairfield,Sydney metro. area,Syd-Newc-Woll Gtr conurbation,Straight,,,,Off,Sealed,Dry,Fine,Darkness,Nil,No traffic controls,50 km/h,Local,71,Off rd left => obj,703,Left off cway into object,,Vehicle - Object,Car (sedan/hatch),,1,0,2,0,0,8,August,Winter,Thursday,00:01 - 01:59,Late night / early morning,False,False,True,True
1364605,Injury,Moderate Injury,2024,2024,September,Friday,18:00 - 19:59,MORDUE,PDE,210,West,BLUE GUM,RD,JESMOND,,No,Not a school zone,2-way undivided,-32.903138,151.68908,Newcastle,Newcastle met. area,Syd-Newc-Woll Gtr conurbation,Straight,,,,On,Sealed,Dry,Fine,Darkness,Nil,No traffic controls,50 km/h,Local,30,Rear end,301,Same - Rear end,,Rear end,Motorised push scooters,Light truck,2,0,0,1,0,9,September,Spring,Friday,18:00 - 19:59,PM peak / evening commute,True,False,True,True
1364608,Injury,Minor/Other Injury,2024,2024,September,Monday,14:00 - 15:59,SANDY CREEK,RD,2000,West,LEGGETTS,DR,MOUNT VINCENT,,No,Not a school zone,2-way undivided,-32.926682,151.461408,Cessnock,Country urban,Rest of NSW - Urban,Straight,,,,Off,Sealed,Dry,Fine,Daylight,Nil,No traffic controls,80 km/h,Local,70,Off road to left,701,Off carriageway to left,,Rollover,4 wheel drive / SUV,,1,0,0,0,1,9,September,Spring,Monday,14:00 - 15:59,Midday / afternoon,False,False,True,True
1364611,Injury,Moderate Injury,2024,2024,September,Friday,06:00 - 07:59,PIGGABEEN,RD,0,Right on the spot,NUMBER 868,HN,PIGGABEEN,,No,Not a school zone,2-way undivided,-28.19998,153.438249,Tweed,Country urban,Rest of NSW - Urban,Curved,Other bridge,,,Nil,Sealed,Wet,Raining,Daylight,Nil,No traffic controls,60 km/h,Local,81,Off left/rt bnd=>obj,803,Off right bend into obj,Left,Vehicle - Object,Car (sedan/hatch),,1,0,0,1,0,9,September,Spring,Friday,06:00 - 07:59,AM peak / school commute,True,False,True,True
1364613,Injury,Serious Injury,2024,2024,August,Wednesday,08:00 - 09:59,M2 HILLS,EXP,0,Right on the spot,LANE COVE ROAD,TO,MACQUARIE PARK,6002.0,No,Not a school zone,Dual freeway,-33.778276,151.128655,Ryde,Sydney metro. area,Syd-Newc-Woll Gtr conurbation,Straight,Foot/cycle path/nature strip,,,Nil,Sealed,Dry,Fine,Daylight,Nil,No traffic controls,100 km/h,State,34,Lane change right,306,Same - Lane change right,,Other angle,Pedal cycle,4 wheel drive / SUV,2,0,1,0,0,8,August,Winter,Wednesday,08:00 - 09:59,AM peak / school commute,True,False,True,True
1364614,Injury,Serious Injury,2024,2024,September,Saturday,18:00 - 19:59,SOUTH WESTERN,EXP,100,East,HUME HIGHWAY,TO,LIVERPOOL,6005.0,No,Not a school zone,Dual freeway,-33.938918,150.918627,Liverpool,Sydney metro. area,Syd-Newc-Woll Gtr conurbation,Straight,Other bridge,,Loose gravel shoulder,On,Sealed,Dry,Fine,Darkness,Nil,No traffic controls,100 km/h,State,71,Off rd left => obj,703,Left off cway into object,,Vehicle - Object,Motorcycle,,1,0,1,0,0,9,September,Spring,Saturday,18:00 - 19:59,PM peak / evening commute,True,False,True,True
1364618,Injury,Minor/Other Injury,2024,2024,September,Saturday,10:00 - 11:59,WESTERN,EXP,0,Right on the spot,GREAT WESTERN HIGHWAY,TO,MERRYLANDS,6004.0,No,Not a school zone,Dual freeway,-33.821144,150.98453,Cumberland,Sydney metro. area,Syd-Newc-Woll Gtr conurbation,Straight,Climb/merge lane,,,Off,Sealed,Dry,Fine,Daylight,Nil,No traffic controls,90 km/h,State,34,Lane change right,306,Same - Lane change right,,Other angle,Light truck utility(from 2018),4 wheel drive / SUV,2,0,0,0,2,9,September,Spring,Saturday,10:00 - 11:59,Midday / afternoon,False,False,True,True
1364619,Injury,Serious Injury,2024,2024,September,Tuesday,06:00 - 07:59,TIMOR,RD,0,Right on the spot,WARLANDS CREEK,RD,BLANDFORD,,No,Not a school zone,T-junction,-31.775347,150.897784,Upper Hunter,Country non-urban,Rest of NSW - Rural,Straight,,,,Nil,Sealed,Dry,Fine,Daylight,Nil,No traffic controls,100 km/h,Local,81,Off left/rt bnd=>obj,707,Right turn,Left,Vehicle - Object,Light truck utility(from 2018),,1,0,1,0,0,9,September,Spring,Tuesday,06:00 - 07:59,AM peak / school commute,True,False,True,True
1364620,Injury,Serious Injury,2024,2024,August,Thursday,14:00 - 15:59,PRINCE,ST,0,Right on the spot,NUMBER 195,HN,GRAFTON,,No,Not a school zone,2-way undivided,-29.685289,152.938203,Clarence Valley,Country urban,Rest of NSW - Urban,Straight,,,,Unknown / not stated,Sealed,Unknown,Unknown,Daylight,Nil,No traffic controls,50 km/h,Local,71,Off rd left => obj,703,Left off cway into object,,Other angle,Car (sedan/hatch),Other bus,2,0,3,1,1,8,August,Winter,Thursday,14:00 - 15:59,Midday / afternoon,False,False,True,True
1364621,Injury,Moderate Injury,2024,2024,September,Friday,22:00 - Midnight,MACQUARIE,PL,70,East,THE STRAND,MS,MORTDALE,,No,Not a school zone,1-way street,-33.971363,151.078662,Georges River,Sydney metro. area,Syd-Newc-Woll Gtr conurbation,Straight,,,,Off,Sealed,Dry,Fine,Darkness,Nil,No traffic controls,50 km/h,Local,73,Off rd rght => obj,704,Right off cway into obj,,Other angle,Light truck utility(from 2018),Car (sedan/hatch),3,0,0,1,0,9,September,Spring,Friday,22:00 - Midnight,Evening / night,False,False,True,True
1364622,Injury,Serious Injury,2024,2024,September,Saturday,12:00 - 13:59,HAWKESBURY,RD,2200,East,BOOKER,RD,HAWKESBURY HEIGHTS,570.0,No,Not a school zone,2-way undivided,-33.663417,150.653498,Blue Mountains,Country urban,Syd-Newc-Woll Gtr conurbation,Curved,Steep grade,,,Nil,Sealed,Dry,Fine,Daylight,Nil,No traffic controls,60 km/h,State,20,Head on,201,Opp - Head on,,Head-on,Motorcycle,Large rigid,2,0,1,0,0,9,September,Spring,Saturday,12:00 - 13:59,Midday / afternoon,False,False,True,True
1364624,Injury,Moderate Injury,2024,2024,September,Monday,06:00 - 07:59,FIRST,AVE,0,Right on the spot,NUMBER 73,HN,SAWTELL,540.0,No,Not a school zone,2-way undivided,-30.367271,153.100872,Coffs Harbour,Country urban,Rest of NSW - Urban,Straight,,,,Nil,Sealed,Dry,Fine,Daylight,Nil,No traffic controls,40 km/h,Regional,71,Off rd left => obj,703,Left off cway into object,,Vehicle - Object,Car (sedan/hatch),,1,0,0,1,0,9,September,Spring,Monday,06:00 - 07:59,AM peak / school commute,True,False,True,True
1364625,Injury,Moderate Injury,2024,2024,September,Saturday,08:00 - 09:59,MACQUARIE,RD,10,East,RAYMOND,RD,SPRINGWOOD,,No,Not a school zone,Roundabout,-33.69919,150.567818,Blue Mountains,Country urban,Syd-Newc-Woll Gtr conurbation,Straight,,,,Off,Sealed,Dry,Fine,Daylight,Nil,No traffic controls,40 km/h,Local,71,Off rd left => obj,703,Left off cway into object,,Vehicle - Object,Car (sedan/hatch),,1,0,0,1,0,9,September,Spring,Saturday,08:00 - 09:59,AM peak / school commute,True,False,True,True
1364626,Injury,Serious Injury,2024,2024,August,Friday,14:00 - 15:59,ROCKY POINT,RD,0,Right on the spot,NUMBER 421,HN,SANS SOUCI,199.0,Yes,No,Divided road,-33.99585,151.129798,Georges River,Sydney metro. area,Syd-Newc-Woll Gtr conurbation,Straight,Driveway/entrance,,,Nil,Sealed,Dry,Fine,Daylight,Nil,No traffic controls,70 km/h,State,37,Left turn sideswipe,309,Same - Left turn side swipe,,Other angle,4 wheel drive / SUV,Motorcycle,2,0,1,0,0,8,August,Winter,Friday,14:00 - 15:59,Midday / afternoon,False,False,True,True
1364627,Injury,Minor/Other Injury,2024,2024,September,Thursday,06:00 - 07:59,ANZAC,PDE,0,Right on the spot,STOREY,ST,MAROUBRA,661.0,No,Not a school zone,T-junction,-33.936755,151.237949,Randwick,Sydney metro. area,Syd-Newc-Woll Gtr conurbation,Straight,,,,Off,Sealed,Wet,Raining,Daylight,Nil,No traffic controls,50 km/h,State,30,Rear end,301,Same - Rear end,,Rear end,Light truck,Car (sedan/hatch),3,0,0,0,2,9,September,Spring,Thursday,06:00 - 07:59,AM peak / school commute,True,False,True,True
1364628,Injury,Serious Injury,2024,2024,September,Monday,14:00 - 15:59,JAMES RUSE,DR,200,East,CUMBERLAND HIGHWAY,OP,OATLANDS,309.0,No,Not a school zone,Divided road,-33.797439,151.014456,Parramatta,Sydney metro. area,Syd-Newc-Woll Gtr conurbation,Straight,,Previous crash,,Nil,Sealed,Dry,Fine,Daylight,Nil,No traffic controls,90 km/h,State,34,Lane change right,306,Same - Lane change right,,Other angle,Light truck utility(from 2018),Light truck,2,0,1,0,0,9,September,Spring,Monday,14:00 - 15:59,Midday / afternoon,False,False,True,True
1364629,Injury,Moderate Injury,2024,2024,September,Wednesday,18:00 - 19:59,LAKE,RD,107,West,KEARSLEY,RD,KEARSLEY,220.0,No,Not a school zone,2-way undivided,-32.863472,151.398615,Cessnock,Country urban,Rest of NSW - Urban,Straight,,,,Nil,Sealed,Dry,Fine,Darkness,Nil,No traffic controls,80 km/h,State,67,Struck animal,609,On path - Hit animal,,Vehicle - Animal,4 wheel drive / SUV,,1,0,0,1,0,9,September,Spring,Wednesday,18:00 - 19:59,PM peak / evening commute,True,False,True,True
1364631,Injury,Serious Injury,2024,2024,September,Tuesday,08:00 - 09:59,ALBERMARLE,ST,0,Right on the spot,LIVINGSTONE,RD,MARRICKVILLE,,No,Not a school zone,T-junction,-33.912859,151.147203,Inner West,Sydney metro. area,Syd-Newc-Woll Gtr conurbation,Straight,,,,Nil,Sealed,Dry,Fine,Daylight,Nil,Give way sign,50 km/h,Local,21,Right through,202,Opp - Right-thru,,Other angle,Car (sedan/hatch),Motorcycle,2,0,1,0,0,9,September,Spring,Tuesday,08:00 - 09:59,AM peak / school commute,True,False,True,True
1364632,Injury,Serious Injury,2024,2024,October,Wednesday,20:00 - 21:59,STATION,ST,135,West,MARLBOROUGH,ST,FAIRFIELD HEIGHTS,,No,Not a school zone,2-way undivided,-33.865804,150.942947,Fairfield,Sydney metro. area,Syd-Newc-Woll Gtr conurbation,Straight,,,,On,Sealed,Dry,Fine,Darkness,Nil,No traffic controls,50 km/h,Local,9,Ped other,0,Ped - other,,Vehicle - Pedestrian,Car (sedan/hatch),Pedestrian,2,0,1,0,0,10,October,Spring,Wednesday,20:00 - 21:59,Evening / night,False,False,True,True
1364634,Injury,Minor/Other Injury,2024,2024,September,Sunday,14:00 - 15:59,GLEBE,RD,5,East,BRYANT,ST,ADAMSTOWN,188.0,Yes,No,X-intersection,-32.934795,151.729506,Newcastle,Newcastle met. area,Syd-Newc-Woll Gtr conurbation,Straight,,,,Off,Sealed,Dry,Fine,Daylight,Nil,Give way sign,60 km/h,Regional,30,Rear end,301,Same - Rear end,,Rear end,4 wheel drive / SUV,4 wheel drive / SUV,2,0,0,0,1,9,September,Spring,Sunday,14:00 - 15:59,Midday / afternoon,False,False,True,True
1364635,Injury,Moderate Injury,2024,2024,July,Tuesday,22:00 - Midnight,WATTLE,ST,0,Right on the spot,RAMSAY,ST,HABERFIELD,650.0,No,Not a school zone,X-intersection,-33.875243,151.134633,Inner West,Sydney metro. area,Syd-Newc-Woll Gtr conurbation,Straight,,,,On,Sealed,Dry,Overcast,Darkness,On,No traffic controls,60 km/h,State,10,Cross traffic,101,Adj - Cross traffic,,Right angle,4 wheel drive / SUV,4 wheel drive / SUV,2,0,0,1,0,7,July,Winter,Tuesday,22:00 - Midnight,Evening / night,False,False,True,True
1364637,Injury,Moderate Injury,2024,2024,September,Monday,02:00 - 03:59,HUME,HWY,100,North,PADDYS RIVER,BDGE,PADDYS RIVER,2.0,No,Not a school zone,Divided road,-34.640731,150.126023,Wingecarribee,Country non-urban,Rest of NSW - Rural,Curved,Embankment/cutting,,,Unknown / not stated,Sealed,Dry,Fine,Darkness,Nil,No traffic controls,110 km/h,State,87,Off lft/lft bnd=>obj,804,Off left bend into obj,Left,Vehicle - Object,Light truck utility(from 2018),,1,0,0,1,0,9,September,Spring,Monday,02:00 - 03:59,Late night / early morning,False,False,True,True