crash_id,degree_of_crash,degree_of_crash_-_detailed,reporting_year,year_of_crash,month_of_crash,day_of_week_of_crash,two-hour_intervals,street_of_crash,street_type,distance,direction,identifying_feature,identifying_feature_type,town,route_no.,school_zone_location,school_zone_active,type_of_location,latitude,longitude,lga,urbanisation,conurbation_1,alignment,primary_permanent_feature,primary_temporary_feature,primary_hazardous_feature,street_lighting,road_surface,surface_condition,weather,natural_lighting,signals_operation,other_traffic_control,speed_limit,road_classification_(admin),rum_-_code,rum_-_description,dca_-_code,dca_-_description,dca_supplement,first_impact_type,key_tu_type,other_tu_type,no._of_traffic_units_involved,no._killed,no._seriously_injured,no._moderately_injured,no._minor-other_injured,month_num,month_label,season,day_label,time_label,time_band,is_peak_commute,is_fatal,is_injury,is_casualty
1364640,Injury,Moderate Injury,2024,2024,September,Monday,00:01 - 01:59,PACIFIC,HWY,100,South,PARK,AVE,COFFS HARBOUR,10.0,No,Not a school zone,Divided road,-30.297975,153.112545,Coffs Harbour,Country urban,Rest of NSW - Urban,Straight,,,,On,Sealed,Wet,Fine,Darkness,Nil,No traffic controls,60 km/h,State,74,On road-out of cont.,705,Out of control on cway,,Rollover,Semi-trailer,,1,0,0,2,0,9,September,Spring,Monday,00:01 - 01:59,Late night / early morning,False,False,True,True
1364642,Injury,Serious Injury,2024,2024,September,Sunday,16:00 - 17:59,MEBUL,RD,2000,South,SPRING RIDGE,RD,BERYL,,No,Not a school zone,2-way undivided,-32.362136,149.431552,Mid-Western Regional,Country non-urban,Rest of NSW - Rural,Straight,,,,Nil,Unsealed,Dry,Fine,Daylight,Nil,No traffic controls,100 km/h,Local,67,Struck animal,609,On path - Hit animal,,Vehicle - Animal,Motorcycle,,1,0,1,0,0,9,September,Spring,Sunday,16:00 - 17:59,PM peak / evening commute,True,False,True,True
1364644,Injury,Moderate Injury,2024,2024,September,Friday,14:00 - 15:59,OLD SOUTH HEAD,RD,0,Right on the spot,BON ACCORD,AVE,BELLEVUE HILL,339.0,No,Not a school zone,T-junction,-33.88936,151.256284,Woollahra,Sydney metro. area,Syd-Newc-Woll Gtr conurbation,Straight,Foot/cycle path/nature strip,,,Off,Sealed,Dry,Fine,Daylight,Nil,Give way sign,50 km/h,State,48,From footpath,408,Manov - From footway,,Other angle,Pedal cycle,Station wagon,2,0,0,1,0,9,September,Spring,Friday,14:00 - 15:59,Midday / afternoon,False,False,True,True
1364645,Injury,Moderate Injury,2024,2024,September,Monday,12:00 - 13:59,GELES,RD,0,Right on the spot,NUMNBER 31,HN,UPPER BURRINGBAR,,No,Not a school zone,2-way undivided,-28.456265,153.415711,Tweed,Country urban,Rest of NSW - Urban,Straight,Driveway/entrance,,,Nil,Sealed,Dry,Fine,Daylight,Nil,No traffic controls,50 km/h,Local,73,Off rd rght => obj,704,Right off cway into obj,,Vehicle - Object,Car (sedan/hatch),,1,0,0,1,0,9,September,Spring,Monday,12:00 - 13:59,Midday / afternoon,False,False,True,True
1364646,Injury,Serious Injury,2024,2024,September,Friday,14:00 - 15:59,TIPPING,WAY,5000,East,KIDMAN,WAY,MOUNT HOPE,411.0,No,Not a school zone,2-way undivided,-32.856938,145.924473,Cobar,Country non-urban,Rest of NSW - Rural,Straight,,,,Nil,Sealed,Dry,Fine,Daylight,Nil,No traffic controls,100 km/h,Regional,67,Struck animal,609,On path - Hit animal,,Vehicle - Animal,Motorcycle,,1,0,1,0,0,9,September,Spring,Friday,14:00 - 15:59,Midday / afternoon,False,False,True,True
1364647,Injury,Moderate Injury,2024,2024,September,Monday,18:00 - 19:59,BRIDGE,ST,0,Right on the spot,PHILLIP,ST,SYDNEY,,No,Not a school zone,X-intersection,-33.863366,151.211861,Sydney,Sydney metro. area,Syd-Newc-Woll Gtr conurbation,Straight,,,,Off,Sealed,Dry,Fine,Dusk,On,Ped crossing,40 km/h,Local,2,Ped far side,3,Ped - Far side,,Vehicle - Pedestrian,Unknown motor vehicle,Pedestrian,2,0,0,1,0,9,September,Spring,Monday,18:00 - 19:59,PM peak / evening commute,True,False,True,True
1364652,Injury,Serious Injury,2024,2024,July,Wednesday,18:00 - 19:59,TILBAROO CROSSING,RD,100,West,TOMS CREEK,RD,TOMS CREEK,,No,Not a school zone,2-way undivided,-31.524326,152.398269,Port Macquarie-Hastings,Country non-urban,Rest of NSW - Rural,Curved,,,,Nil,Unsealed,Dry,Fine,Darkness,Nil,No traffic controls,100 km/h,Local,85,Off rt/lft bnd=>obj,804,Off left bend into obj,Right,Vehicle - Object,4 wheel drive / SUV,,1,0,1,0,0,7,July,Winter,Wednesday,18:00 - 19:59,PM peak / evening commute,True,False,True,True
1364653,Injury,Moderate Injury,2024,2024,September,Friday,08:00 - 09:59,HUME,HWY,0,Right on the spot,REMEMBRANCE DRIVEWAY,TO,YERRINBOOL,2.0,No,Not a school zone,Dual freeway,-34.321939,150.576884,Wingecarribee,Country non-urban,Rest of NSW - Rural,Curved,,Police pursuit,,Off,Sealed,Dry,Fine,Daylight,Nil,No traffic controls,110 km/h,State,20,Head on,201,Opp - Head on,,Head-on,Car (sedan/hatch),Light truck utility(from 2018),3,0,0,1,0,9,September,Spring,Friday,08:00 - 09:59,AM peak / school commute,True,False,True,True
1364655,Injury,Serious Injury,2024,2024,September,Saturday,18:00 - 19:59,HALLOWAY,BVD,10,North,BLINKHORN,CCT,NORTH KELLYVILLE,,No,Not a school zone,X-intersection,-33.693867,150.951286,The Hills,Sydney metro. area,Syd-Newc-Woll Gtr conurbation,Straight,,,,On,Sealed,Dry,Fine,Darkness,Nil,Give way sign,50 km/h,Local,85,Off rt/lft bnd=>obj,706,Left turn,Right,Other angle,Car (sedan/hatch),Car (sedan/hatch),2,0,1,0,0,9,September,Spring,Saturday,18:00 - 19:59,PM peak / evening commute,True,False,True,True
1364658,Injury,Serious Injury,2024,2024,October,Thursday,22:00 - Midnight,CERES SIDING,RD,3000,East,MUNGERIBAR,LANE,NARROMINE,,No,Not a school zone,2-way undivided,-32.143358,148.124694,Narromine,Country urban,Rest of NSW - Urban,Curved,Ditch/drain/culvert,,,Nil,Unsealed,Dry,Fine,Darkness,Nil,No traffic controls,50 km/h,Local,85,Off rt/lft bnd=>obj,804,Off left bend into obj,Right,Vehicle - Object,Car (sedan/hatch),,1,0,1,0,0,10,October,Spring,Thursday,22:00 - Midnight,Evening / night,False,False,True,True
1364660,Injury,Moderate Injury,2024,2024,September,Friday,20:00 - 21:59,HASSANS WALLS,RD,700,South,RUTHERFORD,LANE,SHEEDYS GULLY,,No,Not a school zone,2-way undivided,-33.499281,150.151766,Lithgow,Country urban,Rest of NSW - Urban,Curved,Steep grade,,Potholes/corrugations/rough,Nil,Unsealed,Wet,Fog or mist,Darkness,Nil,No traffic controls,50 km/h,Local,87,Off lft/lft bnd=>obj,804,Off left bend into obj,Left,Vehicle - Object,Light truck utility(from 2018),,1,0,0,1,0,9,September,Spring,Friday,20:00 - 21:59,Evening / night,False,False,True,True
1364661,Injury,Serious Injury,2024,2024,September,Saturday,14:00 - 15:59,PEATS FERRY,RD,65,North,SUMMERS,AVE,HORNSBY,161.0,No,Not a school zone,2-way undivided,-33.695638,151.098449,Hornsby,Sydney metro. area,Syd-Newc-Woll Gtr conurbation,Curved,,,,Off,Sealed,Dry,Fine,Daylight,Nil,No traffic controls,60 km/h,State,54,Cutting in,504,Ovtak - Cutting in,,Other angle,Car (sedan/hatch),Motorcycle,2,0,1,0,0,9,September,Spring,Saturday,14:00 - 15:59,Midday / afternoon,False,False,True,True
1364662,Injury,Moderate Injury,2024,2024,September,Monday,14:00 - 15:59,WAVERLEY,ST,20,West,HOLLYWOOD,AVE,BONDI JUNCTION,,No,Not a school zone,2-way undivided,-33.892574,151.251623,Waverley,Sydney metro. area,Syd-Newc-Woll Gtr conurbation,Straight,Driveway/entrance,,,Off,Sealed,Dry,Fine,Daylight,Nil,No traffic controls,50 km/h,Local,73,Off rd rght => obj,704,Right off cway into obj,,Other angle,Car (sedan/hatch),Car (sedan/hatch),3,0,0,1,0,9,September,Spring,Monday,14:00 - 15:59,Midday / afternoon,False,False,True,True
1364663,Injury,Moderate Injury,2024,2024,September,Saturday,12:00 - 13:59,PUTTY,RD,0,Right on the spot,HOWES,TRL,HOWES VALLEY,503.0,No,Not a school zone,T-junction,-32.848887,150.831218,Singleton,Country non-urban,Rest of NSW - Rural,Straight,Steep grade,,,Nil,Unsealed,Dry,Fine,Daylight,Nil,No traffic controls,100 km/h,State,71,Off rd left => obj,703,Left off cway into object,,Vehicle - Object,Motorcycle,,1,0,0,1,0,9,September,Spring,Saturday,12:00 - 13:59,Midday / afternoon,False,False,True,True
1364664,Injury,Moderate Injury,2024,2024,October,Tuesday,16:00 - 17:59,SHELLHARBOUR,RD,65,North,VERONICA,ST,WARILLA,522.0,No,Not a school zone,Divided road,-34.547222,150.861555,Shellharbour,Wollongong met. area,Syd-Newc-Woll Gtr conurbation,Straight,Driveway/entrance,,,On,Sealed,Dry,Fine,Dusk,Nil,No traffic controls,70 km/h,State,47,Emerging from drive,406,Manov - Emerging from driveway,,Right angle,Car (sedan/hatch),Pedal cycle,2,0,0,1,0,10,October,Spring,Tuesday,16:00 - 17:59,PM peak / evening commute,True,False,True,True
1364666,Injury,Moderate Injury,2024,2024,August,Wednesday,06:00 - 07:59,LOUISIANA,RD,0,Right on the spot,SORRENTO,WAY,HAMLYN TERRACE,,No,Not a school zone,T-junction,-33.255907,151.474792,Central Coast,Country urban,Syd-Newc-Woll Gtr conurbation,Straight,,,,Off,Sealed,Dry,Fine,Dawn,Nil,No traffic controls,50 km/h,Local,71,Off rd left => obj,703,Left off cway into object,,Other angle,4 wheel drive / SUV,Car (sedan/hatch),3,0,0,1,0,8,August,Winter,Wednesday,06:00 - 07:59,AM peak / school commute,True,False,True,True
1364667,Injury,Serious Injury,2024,2024,September,Monday,08:00 - 09:59,APPIN,RD,0,Right on the spot,BRADBURY,AVE,CAMPBELLTOWN,177.0,No,Not a school zone,X-intersection,-34.070701,150.811758,Campbelltown,Sydney metro. area,Syd-Newc-Woll Gtr conurbation,Straight,,,,Off,Sealed,Dry,Fine,Daylight,On,No traffic controls,60 km/h,State,10,Cross traffic,101,Adj - Cross traffic,,Right angle,Passenger van,4 wheel drive / SUV,3,0,2,0,0,9,September,Spring,Monday,08:00 - 09:59,AM peak / school commute,True,False,True,True
1364668,Injury,Serious Injury,2024,2024,September,Monday,18:00 - 19:59,CANTERBURY,RD,0,Right on the spot,DUDLEY,ST,PUNCHBOWL,167.0,No,Not a school zone,T-junction,-33.931391,151.063073,Canterbury-Bankstown,Sydney metro. area,Syd-Newc-Woll Gtr conurbation,Straight,,,,Off,Sealed,Dry,Fine,Dusk,On,No traffic controls,60 km/h,State,21,Right through,202,Opp - Right-thru,,Other angle,Car (sedan/hatch),Car (sedan/hatch),2,0,1,1,0,9,September,Spring,Monday,18:00 - 19:59,PM peak / evening commute,True,False,True,True
1364670,Injury,Serious Injury,2024,2024,September,Thursday,16:00 - 17:59,GIBSON,CRES,0,Right on the spot,KINGSFORD SMITH,CRES,SANCTUARY POINT,,No,Not a school zone,T-junction,-35.10334,150.630287,Shoalhaven,Country urban,Rest of NSW - Urban,Curved,,,,Off,Sealed,Dry,Fine,Daylight,Nil,No traffic controls,50 km/h,Local,21,Right through,202,Opp - Right-thru,,Other angle,Light truck utility(from 2018),Motorcycle,2,0,1,0,0,9,September,Spring,Thursday,16:00 - 17:59,PM peak / evening commute,True,False,True,True
1364671,Injury,Moderate Injury,2024,2024,August,Wednesday,06:00 - 07:59,CHISHOLM,RD,0,Right on the spot,MANCHESTER,RD,AUBURN,7467.0,No,Not a school zone,Roundabout,-33.845584,151.021942,Cumberland,Sydney metro. area,Syd-Newc-Woll Gtr conurbation,Straight,Spd hump/slow pt/chc,,,Nil,Sealed,Dry,Fine,Daylight,Nil,Give way sign,50 km/h,Regional,10,Cross traffic,101,Adj - Cross traffic,,Right angle,Light truck,4 wheel drive / SUV,2,0,0,1,0,8,August,Winter,Wednesday,06:00 - 07:59,AM peak / school commute,True,False,True,True
1364674,Injury,Moderate Injury,2024,2024,September,Sunday,20:00 - 21:59,GREAT WESTERN,HWY,10,East,DALHOUSIE,ST,ASHFIELD,5.0,No,Not a school zone,T-junction,-33.88479,151.135689,Inner West,Sydney metro. area,Syd-Newc-Woll Gtr conurbation,Straight,,,,On,Sealed,Dry,Fine,Darkness,On,No traffic controls,60 km/h,State,12,Left far,103,Adj - Left-thru from left,,Right angle,4 wheel drive / SUV,Car (sedan/hatch),3,0,0,2,2,9,September,Spring,Sunday,20:00 - 21:59,Evening / night,False,False,True,True
1364676,Injury,Moderate Injury,2024,2024,August,Saturday,10:00 - 11:59,SNAPE,ST,15,West,VINCENT,ST,CESSNOCK,,No,Not a school zone,2-way undivided,-32.839781,151.355203,Cessnock,Country urban,Rest of NSW - Urban,Straight,,,,Off,Sealed,Dry,Fine,Daylight,Nil,No traffic controls,50 km/h,Local,30,Rear end,301,Same - Rear end,,Rear end,4 wheel drive / SUV,Station wagon,2,0,0,1,0,8,August,Winter,Saturday,10:00 - 11:59,Midday / afternoon,False,False,True,True
1364677,Injury,Moderate Injury,2024,2024,September,Sunday,20:00 - 21:59,MID WESTERN,HWY,0,Right on the spot,CARCOAR,ST,BLAYNEY,6.0,No,Not a school zone,T-junction,-33.538569,149.248011,Blayney,Country urban,Rest of NSW - Urban,Curved,,,,On,Sealed,Wet,Overcast,Darkness,Nil,Give way sign,50 km/h,State,75,Off end of road,709,Off end cway or T junct,,Vehicle - Object,Car (sedan/hatch),,1,0,0,1,1,9,September,Spring,Sunday,20:00 - 21:59,Evening / night,False,False,True,True
1364678,Injury,Minor/Other Injury,2024,2024,October,Wednesday,20:00 - 21:59,BROKEN HEAD,RD,300,North,BEECH,DR,SUFFOLK PARK,545.0,No,Not a school zone,2-way undivided,-28.679392,153.609272,Byron,Country urban,Rest of NSW - Urban,Straight,,,,Nil,Sealed,Wet,Raining,Darkness,Nil,No traffic controls,50 km/h,Regional,33,Lane sideswipe,305,Same - Lane side swipe,,Other angle,Light truck,Pedal cycle,2,0,0,0,1,10,October,Spring,Wednesday,20:00 - 21:59,Evening / night,False,False,True,True
1364683,Injury,Moderate Injury,2024,2024,September,Sunday,10:00 - 11:59,EDITH,RD,200,East,BASTARD POINT,RD,GINGKIN,253.0,No,Not a school zone,2-way undivided,-33.832749,149.971377,Oberon,Country non-urban,Rest of NSW - Rural,Straight,,,,Nil,Sealed,Dry,Fine,Daylight,Nil,No traffic controls,100 km/h,Regional,67,Struck animal,609,On path - Hit animal,,Vehicle - Animal,Motorcycle,,1,0,0,1,0,9,September,Spring,Sunday,10:00 - 11:59,Midday / afternoon,False,False,True,True
1364684,Injury,Moderate Injury,2024,2024,October,Tuesday,08:00 - 09:59,DOBIE,ST,0,Right on the spot,MARY,ST,GRAFTON,83.0,No,Not a school zone,X-intersection,-29.680239,152.935602,Clarence Valley,Country urban,Rest of NSW - Urban,Straight,,,,Off,Sealed,Dry,Fine,Daylight,Nil,Give way sign,50 km/h,State,21,Right through,202,Opp - Right-thru,,Other angle,Car (sedan/hatch),4 wheel drive / SUV,2,0,0,2,0,10,October,Spring,Tuesday,08:00 - 09:59,AM peak / school commute,True,False,True,True
1364685,Injury,Moderate Injury,2024,2024,October,Wednesday,08:00 - 09:59,VIEW,ST,80,South,NUMBER 21,HN,GOULBURN,,No,Not a school zone,2-way undivided,-34.747249,149.706438,Goulburn Mulwaree,Country urban,Rest of NSW - Urban,Straight,,Roadwks/Detour/Diverson,,Nil,Sealed,Dry,Overcast,Daylight,Nil,No traffic controls,50 km/h,Local,40,U turn,207,Opp - U-turn,,Other angle,Light truck utility(from 2018),Light truck utility(from 2018),2,0,0,1,0,10,October,Spring,Wednesday,08:00 - 09:59,AM peak / school commute,True,False,True,True
1364686,Injury,Moderate Injury,2024,2024,July,Tuesday,18:00 - 19:59,THE BOULEVARDE,MS,10,North,HUME,HWY,STRATHFIELD,2.0,No,Not a school zone,X-intersection,-33.887479,151.09146,Strathfield,Sydney metro. area,Syd-Newc-Woll Gtr conurbation,Straight,,,,On,Sealed,Dry,Fine,Darkness,On,No traffic controls,60 km/h,State,34,Lane change right,306,Same - Lane change right,,Other angle,Light truck utility(from 2018),Motorcycle,2,0,0,1,0,7,July,Winter,Tuesday,18:00 - 19:59,PM peak / evening commute,True,False,True,True
1364687,Injury,Moderate Injury,2024,2024,October,Sunday,14:00 - 15:59,NORTHCOTE,ST,50,West,COLLIERY,ST,ABERDARE,,No,Not a school zone,2-way undivided,-32.842656,151.379502,Cessnock,Country urban,Rest of NSW - Urban,Straight,Foot/cycle path/nature strip,,,Off,Sealed,Dry,Fine,Daylight,Nil,No traffic controls,50 km/h,Local,71,Off rd left => obj,703,Left off cway into object,,Other angle,Car (sedan/hatch),Other bus,3,0,0,1,0,10,October,Spring,Sunday,14:00 - 15:59,Midday / afternoon,False,False,True,True
1364689,Injury,Moderate Injury,2024,2024,April,Saturday,08:00 - 09:59,MCLAUGHLIN,RD,500,East,KOORINGEROO,RD,GUNDARY,,No,Not a school zone,2-way undivided,-34.875753,149.826542,Goulburn Mulwaree,Country non-urban,Rest of NSW - Rural,Curved,,,,Off,Sealed,Dry,Fine,Daylight,Nil,No traffic controls,100 km/h,Local,88,Out of cont on bend,805,Out of control on bend,,Rollover,Motorcycle,,1,0,0,1,0,4,April,Autumn,Saturday,08:00 - 09:59,AM peak / school commute,True,False,True,True
1364690,Injury,Serious Injury,2024,2024,August,Saturday,10:00 - 11:59,MULGRAVE,RD,50,South,CURTIS,RD,MULGRAVE,,No,Not a school zone,2-way undivided,-33.624095,150.830347,Hawkesbury,Country urban,Syd-Newc-Woll Gtr conurbation,Straight,,,"Loose gravel, sealed",Nil,Sealed,Dry,Fine,Daylight,Nil,No traffic controls,60 km/h,Local,74,On road-out of cont.,705,Out of control on cway,,Rollover,Motorcycle,,1,0,1,0,0,8,August,Winter,Saturday,10:00 - 11:59,Midday / afternoon,False,False,True,True
1364692,Injury,Moderate Injury,2024,2024,October,Tuesday,06:00 - 07:59,ULAN,RD,100,South,BUCKAROO,RD,BUCKAROO,208.0,No,Not a school zone,2-way undivided,-32.550009,149.637628,Mid-Western Regional,Country non-urban,Rest of NSW - Rural,Straight,,,,Nil,Sealed,Dry,Fine,Daylight,Nil,No traffic controls,100 km/h,Regional,70,Off road to left,701,Off carriageway to left,,Rollover,Car (sedan/hatch),,1,0,0,1,0,10,October,Spring,Tuesday,06:00 - 07:59,AM peak / school commute,True,False,True,True
1364693,Injury,Minor/Other Injury,2024,2024,September,Thursday,10:00 - 11:59,PACIFIC,HWY,400,South,GULGAN ROAD,TO,BRUNSWICK HEADS,10.0,No,Not a school zone,Divided road,-28.565169,153.541926,Byron,Country non-urban,Rest of NSW - Rural,Curved,,,,Nil,Sealed,Dry,Fine,Daylight,Nil,No traffic controls,110 km/h,State,81,Off left/rt bnd=>obj,803,Off right bend into obj,Left,Vehicle - Object,Car (sedan/hatch),,1,0,0,0,1,9,September,Spring,Thursday,10:00 - 11:59,Midday / afternoon,False,False,True,True
1364694,Injury,Minor/Other Injury,2024,2024,September,Thursday,12:00 - 13:59,MARGARET,ST,0,Right on the spot,NORTH,RD,WYONG,,No,Not a school zone,T-junction,-33.279761,151.424139,Central Coast,Country urban,Syd-Newc-Woll Gtr conurbation,Straight,,,,Nil,Sealed,Wet,Raining,Daylight,Nil,No traffic controls,50 km/h,Local,13,Right near,104,Adj - Right-thru from right,,Right angle,4 wheel drive / SUV,Car (sedan/hatch),2,0,0,0,2,9,September,Spring,Thursday,12:00 - 13:59,Midday / afternoon,False,False,True,True
1364699,Injury,Serious Injury,2024,2024,August,Wednesday,18:00 - 19:59,AVENUE,RD,20,East,BALLANTYNE,ST,MOSMAN,,No,Not a school zone,2-way undivided,-33.831871,151.238544,Mosman,Sydney metro. area,Syd-Newc-Woll Gtr conurbation,Straight,,,,On,Sealed,Dry,Fine,Darkness,Nil,Ped crossing,50 km/h,Local,2,Ped far side,3,Ped - Far side,,Vehicle - Pedestrian,Car (sedan/hatch),Pedestrian,2,0,1,0,1,8,August,Winter,Wednesday,18:00 - 19:59,PM peak / evening commute,True,False,True,True
1364703,Injury,Serious Injury,2024,2024,October,Tuesday,14:00 - 15:59,CANOLA,WAY,2000,East,CHAMBERLAINS,LANE,MARRAR,243.0,No,Not a school zone,2-way undivided,-34.817529,147.280745,Coolamon,Country non-urban,Rest of NSW - Rural,Curved,B'down lane/road shldr,,,Nil,Sealed,Dry,Fine,Daylight,Nil,No traffic controls,100 km/h,Regional,81,Off left/rt bnd=>obj,803,Off right bend into obj,Left,Other angle,Light truck utility(from 2018),Semi-trailer,2,0,2,0,0,10,October,Spring,Tuesday,14:00 - 15:59,Midday / afternoon,False,False,True,True
1364704,Injury,Serious Injury,2024,2024,October,Thursday,00:01 - 01:59,ADELAIDE,ST,0,Right on the spot,CHURCH,ST,BOURKE,,No,Not a school zone,X-intersection,-30.089243,145.931546,Bourke,Country urban,Rest of NSW - Urban,Straight,,,,On,Sealed,Dry,Fine,Darkness,Nil,Give way sign,50 km/h,Local,74,On road-out of cont.,705,Out of control on cway,,Rollover,Motorcycle,,1,0,1,0,0,10,October,Spring,Thursday,00:01 - 01:59,Late night / early morning,False,False,True,True
1364705,Injury,Minor/Other Injury,2024,2024,September,Friday,16:00 - 17:59,OXLEY,HWY,0,Right on the spot,BOWLERS,LANE,WESTDALE,11.0,No,Not a school zone,X-intersection,-31.061076,150.830531,Tamworth Regional,Country non-urban,Rest of NSW - Rural,Straight,,,,Nil,Sealed,Dry,Fine,Daylight,Nil,Give way sign,100 km/h,State,10,Cross traffic,101,Adj - Cross traffic,,Right angle,Light truck utility(from 2018),Car (sedan/hatch),2,0,0,0,2,9,September,Spring,Friday,16:00 - 17:59,PM peak / evening commute,True,False,True,True
1364709,Injury,Moderate Injury,2024,2024,September,Monday,06:00 - 07:59,BRILLIANT,ST,0,Right on the spot,RANKIN,ST,BATHURST,,No,Not a school zone,X-intersection,-33.422114,149.566891,Bathurst Regional,Country urban,Rest of NSW - Urban,Straight,,,,Off,Sealed,Dry,Fine,Daylight,Nil,Give way sign,50 km/h,Local,10,Cross traffic,101,Adj - Cross traffic,,Right angle,4 wheel drive / SUV,Car (sedan/hatch),2,0,0,2,0,9,September,Spring,Monday,06:00 - 07:59,AM peak / school commute,True,False,True,True
1364711,Injury,Moderate Injury,2024,2024,September,Friday,16:00 - 17:59,PYRMONT BRIDGE,RD,0,Right on the spot,WENTWORTH PARK,RD,GLEBE,523.0,No,Not a school zone,T-junction,-33.875586,151.190001,Sydney,Sydney metro. area,Syd-Newc-Woll Gtr conurbation,Straight,,Roadwks/Detour/Diverson,,Off,Sealed,Dry,Fine,Dusk,Nil,Give way sign,40 km/h,State,85,Off rt/lft bnd=>obj,706,Left turn,Right,Vehicle - Object,Car (sedan/hatch),,1,0,0,1,0,9,September,Spring,Friday,16:00 - 17:59,PM peak / evening commute,True,False,True,True
1364714,Injury,Moderate Injury,2024,2024,September,Tuesday,08:00 - 09:59,BARRINGTON TOPS FOREST,RD,50,East,OWENS,TRL,BARRINGTON TOPS,,No,Not a school zone,2-way undivided,-31.899041,151.621685,Mid-Coast,Country urban,Rest of NSW - Urban,Curved,Embankment/cutting,,,Nil,Unsealed,Dry,Fine,Daylight,Nil,No traffic controls,60 km/h,Local,80,Off left/right bend,801,Off cway right bend,Left,Rollover,Motorcycle,,1,0,0,1,0,9,September,Spring,Tuesday,08:00 - 09:59,AM peak / school commute,True,False,True,True
1364715,Injury,Serious Injury,2024,2024,August,Sunday,10:00 - 11:59,KINGSWAY,MS,0,Right on the spot,FRANKLIN,RD,CRONULLA,227.0,No,Not a school zone,T-junction,-34.049798,151.147331,Sutherland,Sydney metro. area,Syd-Newc-Woll Gtr conurbation,Straight,,,,Off,Sealed,Dry,Fine,Daylight,Nil,No traffic controls,60 km/h,State,13,Right near,104,Adj - Right-thru from right,,Right angle,Car (sedan/hatch),4 wheel drive / SUV,3,0,1,0,0,8,August,Winter,Sunday,10:00 - 11:59,Midday / afternoon,False,False,True,True
1364718,Injury,Moderate Injury,2024,2024,October,Tuesday,16:00 - 17:59,HARRY GRAHAM,DR,3500,South,MT KEIRA,RD,CORDEAUX,,No,Not a school zone,2-way undivided,-34.409125,150.816698,Wollongong,Wollongong met. area,Syd-Newc-Woll Gtr conurbation,Curved,,,,Nil,Sealed,Dry,Fine,Daylight,Nil,No traffic controls,60 km/h,Local,86,Off left/left bend,802,Off cway left bend,Left,Rollover,4 wheel drive / SUV,,1,0,0,1,0,10,October,Spring,Tuesday,16:00 - 17:59,PM peak / evening commute,True,False,True,True
1364720,Injury,Serious Injury,2024,2024,October,Thursday,16:00 - 17:59,SIR BERTRAM STEVENS,DR,100,South,WISES,TRK,ROYAL NATIONAL PARK,393.0,No,Not a school zone,2-way undivided,-34.112943,151.060135,Sutherland,Sydney metro. area,Syd-Newc-Woll Gtr conurbation,Curved,,,,Nil,Sealed,Dry,Fine,Daylight,Nil,No traffic controls,60 km/h,State,83,Off rt/rt bnd=>obj,803,Off right bend into obj,Right,Vehicle - Object,Car (sedan/hatch),,1,0,1,0,0,10,October,Spring,Thursday,16:00 - 17:59,PM peak / evening commute,True,False,True,True
1364722,Injury,Moderate Injury,2024,2024,October,Saturday,10:00 - 11:59,GUNDURIMBA,RD,1000,South,KEEN,ST,MONALTRIE,,No,Not a school zone,2-way undivided,-28.838279,153.274241,Lismore,Country non-urban,Rest of NSW - Rural,Straight,Ditch/drain/culvert,,,Nil,Sealed,Dry,Fine,Daylight,Nil,No traffic controls,100 km/h,Local,71,Off rd left => obj,703,Left off cway into object,,Vehicle - Object,Car (sedan/hatch),,1,0,0,1,0,10,October,Spring,Saturday,10:00 - 11:59,Midday / afternoon,False,False,True,True
1364723,Injury,Moderate Injury,2024,2024,October,Saturday,16:00 - 17:59,PACIFIC,HWY,0,Right on the spot,KENNEDYS,LANE,EWINGSDALE,10.0,No,Not a school zone,T-junction,-28.616261,153.546183,Byron,Country non-urban,Rest of NSW - Rural,Curved,,,,Off,Sealed,Dry,Fine,Daylight,Nil,No traffic controls,100 km/h,State,85,Off rt/lft bnd=>obj,804,Off left bend into obj,Right,Vehicle - Object,4 wheel drive / SUV,,1,0,0,2,0,10,October,Spring,Saturday,16:00 - 17:59,PM peak / evening commute,True,False,True,True
1364725,Injury,Minor/Other Injury,2024,2024,September,Wednesday,20:00 - 21:59,WALL PARK,AVE,10,West,BURNIE,ST,BLACKTOWN,644.0,No,Not a school zone,T-junction,-33.775867,150.921652,Blacktown,Sydney metro. area,Syd-Newc-Woll Gtr conurbation,Straight,Steep grade,,,On,Sealed,Dry,Fine,Darkness,Nil,No traffic controls,60 km/h,State,30,Rear end,301,Same - Rear end,,Rear end,Car (sedan/hatch),Car (sedan/hatch),3,0,0,0,1,9,September,Spring,Wednesday,20:00 - 21:59,Evening / night,False,False,True,True
1364727,Injury,Moderate Injury,2024,2024,September,Saturday,10:00 - 11:59,PACIFIC,HWY,1000,South,CUDGERA CREEK ROAD,OP,CUDGERA CREEK,10.0,No,Not a school zone,Divided road,-28.397685,153.527043,Tweed,Country non-urban,Rest of NSW - Rural,Curved,Steep grade,,,Nil,Sealed,Dry,Fine,Daylight,Nil,No traffic controls,110 km/h,State,30,Rear end,301,Same - Rear end,,Rear end,Light truck,4 wheel drive / SUV,2,0,0,1,1,9,September,Spring,Saturday,10:00 - 11:59,Midday / afternoon,False,False,True,True