crash_id,degree_of_crash,degree_of_crash_-_detailed,reporting_year,year_of_crash,month_of_crash,day_of_week_of_crash,two-hour_intervals,street_of_crash,street_type,distance,direction,identifying_feature,identifying_feature_type,town,route_no.,school_zone_location,school_zone_active,type_of_location,latitude,longitude,lga,urbanisation,conurbation_1,alignment,primary_permanent_feature,primary_temporary_feature,primary_hazardous_feature,street_lighting,road_surface,surface_condition,weather,natural_lighting,signals_operation,other_traffic_control,speed_limit,road_classification_(admin),rum_-_code,rum_-_description,dca_-_code,dca_-_description,dca_supplement,first_impact_type,key_tu_type,other_tu_type,no._of_traffic_units_involved,no._killed,no._seriously_injured,no._moderately_injured,no._minor-other_injured,month_num,month_label,season,day_label,time_label,time_band,is_peak_commute,is_fatal,is_injury,is_casualty
1364728,Injury,Moderate Injury,2024,2024,September,Saturday,10:00 - 11:59,EPPING,RD,0,Right on the spot,WICKS,RD,MACQUARIE PARK,373.0,No,Not a school zone,X-intersection,-33.79122,151.130554,Ryde,Sydney metro. area,Syd-Newc-Woll Gtr conurbation,Straight,,,,Nil,Sealed,Dry,Fine,Daylight,On,No traffic controls,70 km/h,State,30,Rear end,301,Same - Rear end,,Rear end,Car (sedan/hatch),Motorcycle,2,0,0,1,0,9,September,Spring,Saturday,10:00 - 11:59,Midday / afternoon,False,False,True,True
1364729,Injury,Serious Injury,2024,2024,October,Tuesday,20:00 - 21:59,MEMORIAL,AVE,110,South,MERRYLANDS,RD,MERRYLANDS,,No,Not a school zone,2-way undivided,-33.837344,150.988953,Cumberland,Sydney metro. area,Syd-Newc-Woll Gtr conurbation,Curved,Driveway/entrance,,Slippery surface,On,Sealed,Dry,Fine,Darkness,Nil,No traffic controls,40 km/h,Local,88,Out of cont on bend,805,Out of control on bend,,Rollover,Motorcycle,,1,0,1,0,0,10,October,Spring,Tuesday,20:00 - 21:59,Evening / night,False,False,True,True
1364730,Injury,Minor/Other Injury,2024,2024,August,Wednesday,16:00 - 17:59,TERRY,ST,10,South,TONGARRA,RD,ALBION PARK,266.0,No,Not a school zone,X-intersection,-34.570814,150.775063,Shellharbour,Wollongong met. area,Syd-Newc-Woll Gtr conurbation,Straight,,,,Off,Sealed,Dry,Fine,Daylight,On,No traffic controls,70 km/h,Regional,2,Ped far side,3,Ped - Far side,,Vehicle - Pedestrian,4 wheel drive / SUV,Pedestrian,2,0,0,0,1,8,August,Winter,Wednesday,16:00 - 17:59,PM peak / evening commute,True,False,True,True
1364731,Injury,Serious Injury,2024,2024,October,Tuesday,10:00 - 11:59,OCEAN,DR,0,Right on the spot,NUMBER 563,HN,NORTH HAVEN,600.0,No,Not a school zone,2-way undivided,-31.642188,152.81273,Port Macquarie-Hastings,Country urban,Rest of NSW - Urban,Straight,,,,Nil,Sealed,Dry,Fine,Daylight,Nil,No traffic controls,50 km/h,Regional,1,Ped emerging,2,Ped - emerging,,Vehicle - Pedestrian,4 wheel drive / SUV,Pedestrian,2,0,1,0,0,10,October,Spring,Tuesday,10:00 - 11:59,Midday / afternoon,False,False,True,True
1364732,Injury,Serious Injury,2024,2024,October,Monday,14:00 - 15:59,DOBNEY,AVE,50,North,CHASTON,ST,WAGGA WAGGA,,No,Not a school zone,2-way undivided,-35.119978,147.345661,Wagga Wagga,Country urban,Rest of NSW - Urban,Straight,,,,Nil,Sealed,Dry,Fine,Daylight,Nil,No traffic controls,50 km/h,Local,0,Ped nearside,1,Ped - Near side,,Vehicle - Pedestrian,Car (sedan/hatch),Ped in toy vehicle,2,0,1,0,0,10,October,Spring,Monday,14:00 - 15:59,Midday / afternoon,False,False,True,True
1364733,Injury,Moderate Injury,2024,2024,September,Friday,20:00 - 21:59,MACQUARIE,ST,0,Right on the spot,HAWKESBURY VALLEY,WAY,WINDSOR,154.0,No,Not a school zone,X-intersection,-33.612325,150.815103,Hawkesbury,Country urban,Syd-Newc-Woll Gtr conurbation,Straight,,,,On,Sealed,Wet,Raining,Darkness,On,No traffic controls,60 km/h,State,21,Right through,202,Opp - Right-thru,,Other angle,Car (sedan/hatch),Light truck utility(from 2018),2,0,0,2,1,9,September,Spring,Friday,20:00 - 21:59,Evening / night,False,False,True,True
1364734,Injury,Moderate Injury,2024,2024,July,Wednesday,04:00 - 05:59,BERNERA,RD,0,Right on the spot,M7 WESTLINK,EXP,PRESTONS,670.0,No,Not a school zone,Roundabout,-33.932493,150.869524,Liverpool,Sydney metro. area,Syd-Newc-Woll Gtr conurbation,Curved,,,,On,Sealed,Dry,Fine,Darkness,Nil,Give way sign,60 km/h,State,31,Left rear,302,Same - Rear left,,Rear end,Unknown motor vehicle,Light truck utility(from 2018),2,0,0,1,0,7,July,Winter,Wednesday,04:00 - 05:59,Late night / early morning,False,False,True,True
1364735,Injury,Serious Injury,2024,2024,August,Saturday,22:00 - Midnight,BEXLEY,RD,200,South,POOLE,ST,EARLWOOD,169.0,No,Not a school zone,Divided road,-33.935817,151.111569,Canterbury-Bankstown,Sydney metro. area,Syd-Newc-Woll Gtr conurbation,Straight,,,,On,Sealed,Dry,Fine,Darkness,Nil,No traffic controls,60 km/h,State,71,Off rd left => obj,703,Left off cway into object,,Other angle,Car (sedan/hatch),Car (sedan/hatch),3,0,1,0,0,8,August,Winter,Saturday,22:00 - Midnight,Evening / night,False,False,True,True
1364736,Injury,Moderate Injury,2024,2024,October,Tuesday,14:00 - 15:59,SPRING CREEK,RD,690,North,WARKS,RD,YOUNG,,No,Not a school zone,2-way undivided,-34.334116,148.263302,Hilltops,Country non-urban,Rest of NSW - Rural,Curved,,,,Nil,Unsealed,Dry,Fine,Daylight,Nil,No traffic controls,100 km/h,Local,85,Off rt/lft bnd=>obj,804,Off left bend into obj,Right,Vehicle - Object,Car (sedan/hatch),,1,0,0,1,0,10,October,Spring,Tuesday,14:00 - 15:59,Midday / afternoon,False,False,True,True
1364737,Injury,Moderate Injury,2024,2024,October,Saturday,20:00 - 21:59,TYAGONG,ST,124,South,YOUNG,ST,GRENFELL,,No,Not a school zone,2-way undivided,-33.897726,148.154172,Weddin,Country urban,Rest of NSW - Urban,Straight,,,,Nil,Sealed,Dry,Fine,Darkness,Nil,No traffic controls,50 km/h,Local,70,Off road to left,701,Off carriageway to left,,Rollover,Motorcycle,,1,0,0,1,0,10,October,Spring,Saturday,20:00 - 21:59,Evening / night,False,False,True,True
1364738,Injury,Moderate Injury,2024,2024,September,Friday,14:00 - 15:59,ALBANY,ST,0,Right on the spot,NIMBIN,PL,COFFS HARBOUR,,Yes,No,T-junction,-30.300895,153.111733,Coffs Harbour,Country urban,Rest of NSW - Urban,Curved,,,,Off,Sealed,Wet,Raining,Daylight,Nil,Give way sign,50 km/h,Local,81,Off left/rt bnd=>obj,803,Off right bend into obj,Left,Vehicle - Object,Station wagon,,1,0,0,1,0,9,September,Spring,Friday,14:00 - 15:59,Midday / afternoon,False,False,True,True
1364739,Injury,Moderate Injury,2024,2024,October,Sunday,08:00 - 09:59,GLOWWORM TUNNEL,RD,1000,South,OLD BELLS LINE OF,RD,NEWNES PLATEAU,,No,Not a school zone,2-way undivided,-33.412524,150.201197,Lithgow,Country urban,Rest of NSW - Urban,Straight,,Roadwks/Detour/Diverson,,Nil,Unsealed,Dry,Fine,Daylight,Nil,No traffic controls,50 km/h,Local,74,On road-out of cont.,705,Out of control on cway,,Rollover,Motorcycle,,1,0,0,1,0,10,October,Spring,Sunday,08:00 - 09:59,AM peak / school commute,True,False,True,True
1364740,Injury,Serious Injury,2024,2024,September,Friday,16:00 - 17:59,WESTERN,EXP,2000,East,KENT ROAD,OP,ST MARYS,6004.0,No,Not a school zone,Dual freeway,-33.784199,150.772006,Penrith,Sydney metro. area,Syd-Newc-Woll Gtr conurbation,Straight,,,,Nil,Sealed,Dry,Fine,Daylight,Nil,No traffic controls,110 km/h,State,34,Lane change right,306,Same - Lane change right,,Other angle,Light truck,Light truck utility(from 2018),3,0,3,2,0,9,September,Spring,Friday,16:00 - 17:59,PM peak / evening commute,True,False,True,True
1364743,Injury,Moderate Injury,2024,2024,October,Friday,10:00 - 11:59,HUGHES,PL,130,South,HASTINGS RIVER,DR,PORT MACQUARIE,,No,Not a school zone,2-way undivided,-31.428174,152.878856,Port Macquarie-Hastings,Country urban,Rest of NSW - Urban,Straight,Driveway/entrance,,,Nil,Sealed,Dry,Fine,Daylight,Nil,No traffic controls,50 km/h,Local,47,Emerging from drive,406,Manov - Emerging from driveway,,Right angle,4 wheel drive / SUV,4 wheel drive / SUV,2,0,0,1,0,10,October,Spring,Friday,10:00 - 11:59,Midday / afternoon,False,False,True,True
1364744,Injury,Moderate Injury,2024,2024,October,Thursday,16:00 - 17:59,BRIDGMAN,RD,300,North,PIONEER,RD,SINGLETON HEIGHTS,,No,Not a school zone,2-way undivided,-32.536369,151.169728,Singleton,Country urban,Rest of NSW - Urban,Straight,,,,Nil,Sealed,Dry,Fine,Daylight,Nil,No traffic controls,60 km/h,Local,33,Lane sideswipe,305,Same - Lane side swipe,,Other angle,Motorcycle,4 wheel drive / SUV,2,0,0,1,0,10,October,Spring,Thursday,16:00 - 17:59,PM peak / evening commute,True,False,True,True
1364746,Injury,Moderate Injury,2024,2024,August,Tuesday,16:00 - 17:59,POONCARIE,RD,34500,South,MENINDEE,TN,MENINDEE,68.0,No,Not a school zone,2-way undivided,-32.686572,142.437383,Central Darling,Country non-urban,Rest of NSW - Rural,Curved,,,,Nil,Sealed,Dry,Fine,Daylight,Nil,No traffic controls,100 km/h,Regional,86,Off left/left bend,802,Off cway left bend,Left,Rollover,Car (sedan/hatch),,1,0,0,1,0,8,August,Winter,Tuesday,16:00 - 17:59,PM peak / evening commute,True,False,True,True
1364747,Injury,Serious Injury,2024,2024,October,Friday,12:00 - 13:59,FOREST,RD,60,East,FOREST ROAD,TO,PEAKHURST,,No,Not a school zone,Other,-33.961541,151.058395,Georges River,Sydney metro. area,Syd-Newc-Woll Gtr conurbation,Curved,,Police pursuit,,Nil,Sealed,Dry,Fine,Daylight,Nil,No traffic controls,50 km/h,Local,84,Off right/left bend,802,Off cway left bend,Right,Rollover,Motorcycle,,1,0,1,0,0,10,October,Spring,Friday,12:00 - 13:59,Midday / afternoon,False,False,True,True
1364748,Injury,Moderate Injury,2024,2024,September,Sunday,00:01 - 01:59,CAMPBELL,PDE,10,North,FRANCIS,ST,BONDI BEACH,,No,Not a school zone,T-junction,-33.895066,151.273255,Waverley,Sydney metro. area,Syd-Newc-Woll Gtr conurbation,Curved,Steep grade,,,On,Sealed,Wet,Fine,Darkness,Nil,No traffic controls,50 km/h,Local,87,Off lft/lft bnd=>obj,804,Off left bend into obj,Left,Other angle,Car (sedan/hatch),Light truck utility(from 2018),3,0,0,1,0,9,September,Spring,Sunday,00:01 - 01:59,Late night / early morning,False,False,True,True
1364749,Injury,Moderate Injury,2024,2024,September,Wednesday,14:00 - 15:59,MAIN,RD,0,Right on the spot,FENNELL BAY,BDGE,LAKE MACQUARIE,217.0,No,Not a school zone,Divided road,-32.996822,151.598092,Lake Macquarie,Newcastle met. area,Syd-Newc-Woll Gtr conurbation,Straight,Other bridge,,,Nil,Sealed,Dry,Fine,Daylight,Nil,No traffic controls,60 km/h,State,30,Rear end,301,Same - Rear end,,Rear end,Light truck utility(from 2018),Light truck utility(from 2018),2,0,0,1,0,9,September,Spring,Wednesday,14:00 - 15:59,Midday / afternoon,False,False,True,True
1364750,Injury,Moderate Injury,2024,2024,September,Wednesday,16:00 - 17:59,ALEXANDRA,ST,0,Right on the spot,DEAKIN,ST,KURRI KURRI,,No,Not a school zone,X-intersection,-32.815511,151.474012,Cessnock,Country urban,Rest of NSW - Urban,Straight,,,,Nil,Sealed,Dry,Fine,Daylight,Nil,Give way sign,50 km/h,Local,10,Cross traffic,101,Adj - Cross traffic,,Right angle,Car (sedan/hatch),4 wheel drive / SUV,2,0,0,1,0,9,September,Spring,Wednesday,16:00 - 17:59,PM peak / evening commute,True,False,True,True
1364752,Injury,Moderate Injury,2024,2024,September,Friday,06:00 - 07:59,BELMORE,RD,0,Right on the spot,WEBB,ST,RIVERWOOD,2050.0,No,Not a school zone,X-intersection,-33.95312,151.051793,Georges River,Sydney metro. area,Syd-Newc-Woll Gtr conurbation,Straight,,,,Off,Sealed,Wet,Raining,Dawn,On,No traffic controls,50 km/h,Regional,74,On road-out of cont.,705,Out of control on cway,,Rollover,Motorcycle,,1,0,0,1,0,9,September,Spring,Friday,06:00 - 07:59,AM peak / school commute,True,False,True,True
1364755,Injury,Serious Injury,2024,2024,September,Saturday,14:00 - 15:59,OLD NORTHERN,RD,100,South,SINGLETON,RD,WISEMANS FERRY,181.0,No,Not a school zone,2-way undivided,-33.386852,150.984872,Hornsby,Sydney metro. area,Syd-Newc-Woll Gtr conurbation,Curved,Painted double centre lines,,,Nil,Sealed,Dry,Fine,Daylight,Nil,No traffic controls,60 km/h,State,83,Off rt/rt bnd=>obj,803,Off right bend into obj,Right,Vehicle - Object,Motorcycle,,1,0,1,0,0,9,September,Spring,Saturday,14:00 - 15:59,Midday / afternoon,False,False,True,True
1364756,Injury,Moderate Injury,2024,2024,September,Wednesday,14:00 - 15:59,KILLEATON,ST,0,Right on the spot,MEMORIAL,AVE,ST IVES,2043.0,No,Not a school zone,X-intersection,-33.726492,151.161663,Ku-ring-gai,Sydney metro. area,Syd-Newc-Woll Gtr conurbation,Straight,Steep grade,,,Off,Sealed,Dry,Fine,Daylight,On,No traffic controls,60 km/h,Regional,0,Ped nearside,1,Ped - Near side,,Vehicle - Pedestrian,4 wheel drive / SUV,Pedestrian,2,0,0,1,0,9,September,Spring,Wednesday,14:00 - 15:59,Midday / afternoon,False,False,True,True
1364757,Injury,Minor/Other Injury,2024,2024,August,Friday,14:00 - 15:59,BOTANY,RD,30,East,WARATAH,RD,BOTANY,170.0,No,Not a school zone,2-way undivided,-33.954275,151.204222,Bayside,Sydney metro. area,Syd-Newc-Woll Gtr conurbation,Curved,,,,Off,Sealed,Dry,Fine,Daylight,Nil,No traffic controls,50 km/h,State,90,Fell in/from vehicle,901,Fell in/from vehicle,,Person - Object,Car (sedan/hatch),,1,0,0,0,1,8,August,Winter,Friday,14:00 - 15:59,Midday / afternoon,False,False,True,True
1364760,Injury,Serious Injury,2024,2024,September,Sunday,18:00 - 19:59,PRINCES,HWY,0,Right on the spot,DOUGLAS,ST,NOWRA,1.0,No,Not a school zone,X-intersection,-34.880945,150.604257,Shoalhaven,Country urban,Rest of NSW - Urban,Straight,,,,On,Sealed,Dry,Fine,Darkness,Nil,Stop sign,70 km/h,State,13,Right near,104,Adj - Right-thru from right,,Right angle,Car (sedan/hatch),Motorcycle,3,0,1,1,0,9,September,Spring,Sunday,18:00 - 19:59,PM peak / evening commute,True,False,True,True
1364761,Injury,Minor/Other Injury,2024,2024,October,Monday,22:00 - Midnight,NEW ENGLAND,HWY,500,South,MCCLIFTYS,RD,BOLIVIA,9.0,No,Not a school zone,2-way undivided,-29.273127,151.97637,Tenterfield,Country non-urban,Rest of NSW - Rural,Curved,Steep grade,,,Nil,Sealed,Dry,Fine,Darkness,Nil,No traffic controls,100 km/h,State,30,Rear end,301,Same - Rear end,,Rear end,B-double (road train prior 98),Car (sedan/hatch),2,0,0,0,1,10,October,Spring,Monday,22:00 - Midnight,Evening / night,False,False,True,True
1364765,Injury,Serious Injury,2024,2024,August,Saturday,10:00 - 11:59,GIINAGAY,WAY,100,South,PACIFIC HIGHWAY,OP,CONGARINNI,,No,Not a school zone,2-way undivided,-30.785773,152.887151,Nambucca Valley,Country non-urban,Rest of NSW - Rural,Curved,,,Loose gravel shoulder,Nil,Sealed,Dry,Fine,Daylight,Nil,No traffic controls,100 km/h,Local,81,Off left/rt bnd=>obj,803,Off right bend into obj,Left,Vehicle - Object,Motorcycle,,1,0,1,0,0,8,August,Winter,Saturday,10:00 - 11:59,Midday / afternoon,False,False,True,True
1364775,Injury,Minor/Other Injury,2024,2024,September,Sunday,02:00 - 03:59,PINE CREEK,WAY,115,South,IRVINES,RD,BONVILLE,,No,Not a school zone,2-way undivided,-30.361839,153.048222,Coffs Harbour,Country urban,Rest of NSW - Urban,Straight,Steep grade,,,Nil,Sealed,Wet,Raining,Darkness,Nil,No traffic controls,80 km/h,Local,70,Off road to left,701,Off carriageway to left,,Rollover,4 wheel drive / SUV,,1,0,0,0,1,9,September,Spring,Sunday,02:00 - 03:59,Late night / early morning,False,False,True,True
1364776,Injury,Serious Injury,2024,2024,October,Thursday,12:00 - 13:59,STURT,HWY,0,Right on the spot,BLAXLAND,RD,EAST WAGGA WAGGA,14.0,No,Not a school zone,T-junction,-35.125027,147.407625,Wagga Wagga,Country urban,Rest of NSW - Urban,Curved,B'down lane/road shldr,,,Nil,Sealed,Dry,Fine,Daylight,Nil,Give way sign,60 km/h,State,32,Right rear,303,Same - Rear right,,Rear end,Car (sedan/hatch),Light truck utility(from 2018),2,0,1,0,0,10,October,Spring,Thursday,12:00 - 13:59,Midday / afternoon,False,False,True,True
1364779,Injury,Moderate Injury,2024,2024,October,Monday,20:00 - 21:59,CRESCENT HEAD,RD,100,East,MARIA RIVER,RD,CRESCENT HEAD,7737.0,No,Not a school zone,2-way undivided,-31.175491,152.942878,Kempsey,Country non-urban,Rest of NSW - Rural,Straight,Steep grade,,,Nil,Sealed,Dry,Fine,Darkness,Nil,No traffic controls,100 km/h,Regional,71,Off rd left => obj,703,Left off cway into object,,Vehicle - Object,Car (sedan/hatch),,1,0,0,1,0,10,October,Spring,Monday,20:00 - 21:59,Evening / night,False,False,True,True
1364780,Injury,Moderate Injury,2024,2024,August,Saturday,12:00 - 13:59,GOULBURN,ST,0,Right on the spot,SUSSEX,ST,SYDNEY,7305.0,No,Not a school zone,X-intersection,-33.877607,151.2047,Sydney,Sydney metro. area,Syd-Newc-Woll Gtr conurbation,Straight,,,,Off,Sealed,Dry,Fine,Daylight,On,No traffic controls,40 km/h,Regional,10,Cross traffic,101,Adj - Cross traffic,,Right angle,Light truck utility(from 2018),4 wheel drive / SUV,2,0,0,1,0,8,August,Winter,Saturday,12:00 - 13:59,Midday / afternoon,False,False,True,True
1364781,Injury,Moderate Injury,2024,2024,October,Tuesday,22:00 - Midnight,BALACLAVA,RD,0,Right on the spot,NUMBER 91,HN,EASTWOOD,2024.0,No,Not a school zone,2-way undivided,-33.782638,151.097213,Ryde,Sydney metro. area,Syd-Newc-Woll Gtr conurbation,Straight,Steep grade,,,On,Sealed,Dry,Fine,Darkness,Nil,No traffic controls,60 km/h,Regional,32,Right rear,303,Same - Rear right,,Rear end,Motor scooter,Car (sedan/hatch),2,0,0,1,0,10,October,Spring,Tuesday,22:00 - Midnight,Evening / night,False,False,True,True
1364783,Injury,Moderate Injury,2024,2024,July,Sunday,12:00 - 13:59,HOBBYS YARDS,RD,350,South,NUMBER 452,HN,TRUNKEY CREEK,390.0,No,Not a school zone,2-way undivided,-33.782095,149.32795,Bathurst Regional,Country non-urban,Rest of NSW - Rural,Curved,Ditch/drain/culvert,,,Nil,Sealed,Dry,Fine,Daylight,Nil,No traffic controls,100 km/h,Regional,85,Off rt/lft bnd=>obj,804,Off left bend into obj,Right,Vehicle - Object,4 wheel drive / SUV,,1,0,0,2,0,7,July,Winter,Sunday,12:00 - 13:59,Midday / afternoon,False,False,True,True
1364784,Injury,Serious Injury,2024,2024,June,Wednesday,08:00 - 09:59,PRINCES,HWY,0,Right on the spot,KINGSWAY,TO,KIRRAWEE,1.0,No,Not a school zone,Divided road,-34.031121,151.078287,Sutherland,Sydney metro. area,Syd-Newc-Woll Gtr conurbation,Straight,,,,Off,Sealed,Dry,Fine,Daylight,Nil,No traffic controls,70 km/h,State,30,Rear end,301,Same - Rear end,,Rear end,4 wheel drive / SUV,Car (sedan/hatch),3,0,1,0,0,6,June,Winter,Wednesday,08:00 - 09:59,AM peak / school commute,True,False,True,True
1364786,Injury,Moderate Injury,2024,2024,October,Thursday,10:00 - 11:59,EWINGSDALE,RD,150,West,MCGETTIGANS,LANE,EWINGSDALE,545.0,No,Not a school zone,2-way undivided,-28.636912,153.558847,Byron,Country urban,Rest of NSW - Urban,Straight,,,,Off,Sealed,Wet,Raining,Daylight,Nil,No traffic controls,60 km/h,Regional,30,Rear end,301,Same - Rear end,,Rear end,Passenger van,4 wheel drive / SUV,3,0,0,2,0,10,October,Spring,Thursday,10:00 - 11:59,Midday / afternoon,False,False,True,True
1364788,Injury,Moderate Injury,2024,2024,July,Tuesday,18:00 - 19:59,RANGERS,RD,40,South,MILITARY,LANE,NEUTRAL BAY,,No,Not a school zone,2-way undivided,-33.83179,151.223685,North Sydney,Sydney metro. area,Syd-Newc-Woll Gtr conurbation,Straight,Painted double centre lines,,,Off,Sealed,Dry,Fine,Daylight,Nil,No traffic controls,50 km/h,Local,40,U turn,304,Same - U-turn,,Other angle,4 wheel drive / SUV,Motorcycle,2,0,0,1,0,7,July,Winter,Tuesday,18:00 - 19:59,PM peak / evening commute,True,False,True,True
1364789,Injury,Serious Injury,2024,2024,September,Friday,04:00 - 05:59,WATSFORD,RD,0,Right on the spot,NUMBER 17,HN,CAMPBELLTOWN,,No,Not a school zone,2-way undivided,-34.059686,150.818793,Campbelltown,Sydney metro. area,Syd-Newc-Woll Gtr conurbation,Straight,Painted double centre lines,,,Nil,Sealed,Dry,Fine,Dawn,Nil,No traffic controls,60 km/h,Local,20,Head on,201,Opp - Head on,,Head-on,Light truck utility(from 2018),4 wheel drive / SUV,2,0,1,0,0,9,September,Spring,Friday,04:00 - 05:59,Late night / early morning,False,False,True,True
1364792,Injury,Moderate Injury,2024,2024,September,Saturday,22:00 - Midnight,ORAN PARK,DR,0,Right on the spot,PETER BROCK,DR,ORAN PARK,,No,Not a school zone,X-intersection,-34.001136,150.739612,Camden,Sydney metro. area,Syd-Newc-Woll Gtr conurbation,Straight,,,,On,Sealed,Wet,Fine,Darkness,On,No traffic controls,50 km/h,Local,21,Right through,202,Opp - Right-thru,,Other angle,Car (sedan/hatch),Car (sedan/hatch),2,0,0,1,0,9,September,Spring,Saturday,22:00 - Midnight,Evening / night,False,False,True,True
1364793,Injury,Moderate Injury,2024,2024,October,Tuesday,10:00 - 11:59,NEWELL,HWY,4000,North,NO 1 BREAK,RD,DANDRY,17.0,No,Not a school zone,2-way undivided,-30.902717,149.438637,Warrumbungle,Country non-urban,Rest of NSW - Rural,Straight,Ditch/drain/culvert,,,Nil,Sealed,Dry,Fine,Daylight,Nil,No traffic controls,110 km/h,State,70,Off road to left,701,Off carriageway to left,,Rollover,B-double (road train prior 98),,1,0,0,1,2,10,October,Spring,Tuesday,10:00 - 11:59,Midday / afternoon,False,False,True,True
1364794,Injury,Moderate Injury,2024,2024,July,Saturday,18:00 - 19:59,PACIFIC,HWY,600,South,HAYDONS WHARF ROAD,OP,TELEGRAPH POINT,10.0,No,Not a school zone,Divided road,-31.312,152.820823,Port Macquarie-Hastings,Country non-urban,Rest of NSW - Rural,Straight,Steep grade,,,Nil,Sealed,Wet,Raining,Darkness,Nil,No traffic controls,110 km/h,State,73,Off rd rght => obj,704,Right off cway into obj,,Vehicle - Object,Car (sedan/hatch),,1,0,0,1,0,7,July,Winter,Saturday,18:00 - 19:59,PM peak / evening commute,True,False,True,True
1364795,Injury,Serious Injury,2024,2024,September,Monday,10:00 - 11:59,LAXTON,CRES,0,Right on the spot,PARK,ST,BELMONT NORTH,,No,Not a school zone,X-intersection,-33.019362,151.667462,Lake Macquarie,Newcastle met. area,Syd-Newc-Woll Gtr conurbation,Straight,,,,Off,Sealed,Dry,Fine,Daylight,Nil,Give way sign,50 km/h,Local,71,Off rd left => obj,703,Left off cway into object,,Vehicle - Object,Car (sedan/hatch),,1,0,1,0,0,9,September,Spring,Monday,10:00 - 11:59,Midday / afternoon,False,False,True,True
1364797,Injury,Moderate Injury,2024,2024,July,Monday,22:00 - Midnight,BOUNDARY CREEK,RD,0,Right on the spot,NUMBER 284,HN,NYMBOIDA,,No,Not a school zone,2-way undivided,-29.971238,152.69737,Clarence Valley,Country urban,Rest of NSW - Urban,Straight,Ditch/drain/culvert,,,Nil,Unsealed,Dry,Unknown,Darkness,Nil,No traffic controls,80 km/h,Local,71,Off rd left => obj,703,Left off cway into object,,Vehicle - Object,Car (sedan/hatch),,1,0,0,1,0,7,July,Winter,Monday,22:00 - Midnight,Evening / night,False,False,True,True
1364798,Injury,Serious Injury,2024,2024,July,Monday,20:00 - 21:59,COONABARABRAN,RD,1000,East,TOORAWEENAH,RD,MENDOORAN,334.0,No,Not a school zone,2-way undivided,-31.814583,149.126317,Warrumbungle,Country non-urban,Rest of NSW - Rural,Straight,,,,Nil,Sealed,Dry,Fine,Darkness,Nil,No traffic controls,100 km/h,State,30,Rear end,301,Same - Rear end,,Rear end,Car (sedan/hatch),4 wheel drive / SUV,2,0,1,1,0,7,July,Winter,Monday,20:00 - 21:59,Evening / night,False,False,True,True
1364801,Injury,Moderate Injury,2024,2024,September,Sunday,16:00 - 17:59,EDEN,CCT,0,Right on the spot,MITCHELL,RD,PITT TOWN,,No,Not a school zone,T-junction,-33.579457,150.873564,Hawkesbury,Country urban,Syd-Newc-Woll Gtr conurbation,Straight,,,,Nil,Sealed,Dry,Overcast,Dusk,Nil,Give way sign,50 km/h,Local,13,Right near,104,Adj - Right-thru from right,,Right angle,Light truck utility(from 2018),Pedal cycle,2,0,0,1,0,9,September,Spring,Sunday,16:00 - 17:59,PM peak / evening commute,True,False,True,True
1364802,Injury,Moderate Injury,2024,2024,September,Wednesday,20:00 - 21:59,GREAT WESTERN,HWY,0,Right on the spot,MOUNTAIN,ST,CHIPPENDALE,5.0,No,Not a school zone,T-junction,-33.884409,151.196527,Sydney,Sydney metro. area,Syd-Newc-Woll Gtr conurbation,Straight,,,,On,Sealed,Wet,Overcast,Darkness,On,No traffic controls,50 km/h,State,2,Ped far side,3,Ped - Far side,,Vehicle - Pedestrian,Car (sedan/hatch),Pedestrian,2,0,0,1,0,9,September,Spring,Wednesday,20:00 - 21:59,Evening / night,False,False,True,True
1364803,Injury,Moderate Injury,2024,2024,September,Friday,08:00 - 09:59,AUBURN,ST,0,Right on the spot,CITIZEN,ST,GOULBURN,,No,Not a school zone,X-intersection,-34.746482,149.725246,Goulburn Mulwaree,Country urban,Rest of NSW - Urban,Straight,,,,Nil,Sealed,Dry,Fine,Daylight,Nil,Stop sign,50 km/h,Local,21,Right through,202,Opp - Right-thru,,Other angle,Light truck,Motorcycle,2,0,0,1,0,9,September,Spring,Friday,08:00 - 09:59,AM peak / school commute,True,False,True,True
1364804,Injury,Serious Injury,2024,2024,September,Friday,14:00 - 15:59,CENTRAL COAST,HWY,1000,North,WALU,AVE,BUFF POINT,30.0,No,Not a school zone,2-way undivided,-33.221953,151.53579,Central Coast,Country urban,Syd-Newc-Woll Gtr conurbation,Straight,Ditch/drain/culvert,,,Nil,Sealed,Dry,Fine,Daylight,Nil,No traffic controls,70 km/h,State,71,Off rd left => obj,703,Left off cway into object,,Vehicle - Object,Motorcycle,,1,0,1,0,0,9,September,Spring,Friday,14:00 - 15:59,Midday / afternoon,False,False,True,True
1364807,Injury,Moderate Injury,2024,2024,June,Friday,16:00 - 17:59,SWALLOW,DR,15,South,PEPPERTREE,DR,ERSKINE PARK,,No,Not a school zone,2-way undivided,-33.804034,150.805747,Penrith,Sydney metro. area,Syd-Newc-Woll Gtr conurbation,Straight,,,,On,Sealed,Dry,Fine,Dusk,Nil,No traffic controls,50 km/h,Local,42,Leaving parking,401,Manov - Leaving parking,,Other angle,Car (sedan/hatch),Car (sedan/hatch),2,0,0,1,0,6,June,Winter,Friday,16:00 - 17:59,PM peak / evening commute,True,False,True,True