crash_id,degree_of_crash,degree_of_crash_-_detailed,reporting_year,year_of_crash,month_of_crash,day_of_week_of_crash,two-hour_intervals,street_of_crash,street_type,distance,direction,identifying_feature,identifying_feature_type,town,route_no.,school_zone_location,school_zone_active,type_of_location,latitude,longitude,lga,urbanisation,conurbation_1,alignment,primary_permanent_feature,primary_temporary_feature,primary_hazardous_feature,street_lighting,road_surface,surface_condition,weather,natural_lighting,signals_operation,other_traffic_control,speed_limit,road_classification_(admin),rum_-_code,rum_-_description,dca_-_code,dca_-_description,dca_supplement,first_impact_type,key_tu_type,other_tu_type,no._of_traffic_units_involved,no._killed,no._seriously_injured,no._moderately_injured,no._minor-other_injured,month_num,month_label,season,day_label,time_label,time_band,is_peak_commute,is_fatal,is_injury,is_casualty
1364809,Injury,Minor/Other Injury,2024,2024,August,Monday,14:00 - 15:59,FOX VALLEY,RD,0,Right on the spot,WHITE,RD,WAHROONGA,7350.0,No,Not a school zone,X-intersection,-33.73334,151.100744,Ku-ring-gai,Sydney metro. area,Syd-Newc-Woll Gtr conurbation,Straight,Driveway/entrance,,,Off,Sealed,Dry,Fine,Daylight,On,No traffic controls,50 km/h,Regional,21,Right through,202,Opp - Right-thru,,Other angle,Car (sedan/hatch),Motorcycle,2,0,0,0,1,8,August,Winter,Monday,14:00 - 15:59,Midday / afternoon,False,False,True,True
1364810,Injury,Moderate Injury,2024,2024,July,Sunday,14:00 - 15:59,MAITLAND,RD,0,Right on the spot,COAL,ST,ISLINGTON,464.0,No,Not a school zone,T-junction,-32.913359,151.747148,Newcastle,Newcastle met. area,Syd-Newc-Woll Gtr conurbation,Straight,,,,Off,Sealed,Dry,Fine,Daylight,Nil,No traffic controls,60 km/h,Regional,33,Lane sideswipe,305,Same - Lane side swipe,,Other angle,Motorcycle,Motorcycle,3,0,0,1,1,7,July,Winter,Sunday,14:00 - 15:59,Midday / afternoon,False,False,True,True
1364811,Injury,Serious Injury,2024,2024,September,Sunday,08:00 - 09:59,NEW ENGLAND,HWY,50,South,ARDING,RD,ARDING,9.0,No,Not a school zone,2-way undivided,-30.5644,151.57798,Uralla,Country non-urban,Rest of NSW - Rural,Straight,,,,Nil,Sealed,Wet,Overcast,Daylight,Nil,No traffic controls,100 km/h,State,40,U turn,304,Same - U-turn,,Other angle,Car (sedan/hatch),Car (sedan/hatch),2,0,1,1,0,9,September,Spring,Sunday,08:00 - 09:59,AM peak / school commute,True,False,True,True
1364812,Injury,Moderate Injury,2024,2024,September,Wednesday,14:00 - 15:59,BUNNERONG,RD,10,North,MASON,ST,MAROUBRA,171.0,No,Not a school zone,T-junction,-33.937903,151.229403,Randwick,Sydney metro. area,Syd-Newc-Woll Gtr conurbation,Straight,Foot/cycle path/nature strip,,,Nil,Sealed,Dry,Fine,Daylight,Nil,Ped crossing,60 km/h,State,6,Ped on footpath,8,Ped - On footway/median,,Vehicle - Pedestrian,Pedal cycle,Pedestrian,2,0,0,1,0,9,September,Spring,Wednesday,14:00 - 15:59,Midday / afternoon,False,False,True,True
1364813,Injury,Serious Injury,2024,2024,September,Friday,18:00 - 19:59,WINDSOR,RD,130,North,SHOWGROUND,RD,CASTLE HILL,184.0,No,Not a school zone,2-way undivided,-33.724983,150.972286,The Hills,Sydney metro. area,Syd-Newc-Woll Gtr conurbation,Curved,Painted double centre lines,,,On,Sealed,Dry,Fine,Darkness,Nil,No traffic controls,60 km/h,State,20,Head on,201,Opp - Head on,,Head-on,Passenger van,4 wheel drive / SUV,2,0,2,1,0,9,September,Spring,Friday,18:00 - 19:59,PM peak / evening commute,True,False,True,True
1364816,Injury,Moderate Injury,2024,2024,September,Saturday,20:00 - 21:59,HUME,HWY,70,East,MANNIX,PDE,WARWICK FARM,2.0,No,Not a school zone,Divided road,-33.913503,150.93238,Liverpool,Sydney metro. area,Syd-Newc-Woll Gtr conurbation,Straight,,,,On,Sealed,Wet,Overcast,Darkness,Nil,No traffic controls,70 km/h,State,34,Lane change right,306,Same - Lane change right,,Other angle,Light truck utility(from 2018),Car (sedan/hatch),3,0,0,1,0,9,September,Spring,Saturday,20:00 - 21:59,Evening / night,False,False,True,True
1364817,Injury,Moderate Injury,2024,2024,September,Sunday,16:00 - 17:59,GLADSTONE,AVE,0,Right on the spot,GRASMERE,ST,MOUNT SAINT THOMAS,,No,Not a school zone,T-junction,-34.442888,150.873907,Wollongong,Wollongong met. area,Syd-Newc-Woll Gtr conurbation,Straight,,,,Off,Sealed,Dry,Fine,Dusk,Nil,No traffic controls,50 km/h,Local,16,Left near,107,Adj - Left-thru from right,,Right angle,Car (sedan/hatch),Car (sedan/hatch),2,0,0,1,1,9,September,Spring,Sunday,16:00 - 17:59,PM peak / evening commute,True,False,True,True
1364819,Injury,Minor/Other Injury,2024,2024,September,Saturday,12:00 - 13:59,MACLEAY,ST,10,South,ORWELL,ST,ELIZABETH BAY,,No,Not a school zone,T-junction,-33.87225,151.225033,Sydney,Sydney metro. area,Syd-Newc-Woll Gtr conurbation,Straight,,,,Off,Sealed,Dry,Fine,Daylight,Nil,Ped crossing,40 km/h,Local,0,Ped nearside,1,Ped - Near side,,Vehicle - Pedestrian,4 wheel drive / SUV,Pedestrian,2,0,0,0,1,9,September,Spring,Saturday,12:00 - 13:59,Midday / afternoon,False,False,True,True
1364820,Injury,Moderate Injury,2024,2024,October,Thursday,22:00 - Midnight,LINCOLN,ST,0,Right on the spot,VIEW,ST,GUNNEDAH,,No,Not a school zone,T-junction,-30.996149,150.239613,Gunnedah,Country urban,Rest of NSW - Urban,Straight,,,,Off,Sealed,Dry,Fine,Darkness,Nil,No traffic controls,50 km/h,Local,75,Off end of road,709,Off end cway or T junct,,Vehicle - Object,Light truck utility(from 2018),,1,0,0,1,0,10,October,Spring,Thursday,22:00 - Midnight,Evening / night,False,False,True,True
1364823,Injury,Serious Injury,2024,2024,September,Sunday,16:00 - 17:59,GREAT WESTERN,HWY,750,West,GENEVIEVE,RD,BULLABURRA,5.0,No,Not a school zone,Divided road,-33.726151,150.400381,Blue Mountains,Country urban,Syd-Newc-Woll Gtr conurbation,Curved,,,,Nil,Sealed,Dry,Fine,Daylight,Nil,No traffic controls,80 km/h,State,85,Off rt/lft bnd=>obj,804,Off left bend into obj,Right,Vehicle - Object,Motorcycle,,1,0,1,0,0,9,September,Spring,Sunday,16:00 - 17:59,PM peak / evening commute,True,False,True,True
1364824,Injury,Serious Injury,2024,2024,September,Friday,04:00 - 05:59,RICHMOND,RD,20,West,EUCUMBENE DRIVE,TO,WOODCROFT,643.0,No,Not a school zone,Divided road,-33.750616,150.884884,Blacktown,Sydney metro. area,Syd-Newc-Woll Gtr conurbation,Straight,,,,Off,Sealed,Dry,Fine,Dawn,Nil,No traffic controls,70 km/h,State,30,Rear end,301,Same - Rear end,,Rear end,Motorcycle,Light truck utility(from 2018),2,0,1,0,0,9,September,Spring,Friday,04:00 - 05:59,Late night / early morning,False,False,True,True
1364825,Injury,Moderate Injury,2024,2024,September,Saturday,16:00 - 17:59,CAMPBELLTOWN,RD,0,Right on the spot,CHAMBERLAIN,ST,CAMPBELLTOWN,177.0,No,Not a school zone,X-intersection,-34.064208,150.823512,Campbelltown,Sydney metro. area,Syd-Newc-Woll Gtr conurbation,Straight,,,,Off,Sealed,Dry,Fine,Dusk,On,No traffic controls,60 km/h,State,21,Right through,202,Opp - Right-thru,,Other angle,4 wheel drive / SUV,4 wheel drive / SUV,2,0,0,1,1,9,September,Spring,Saturday,16:00 - 17:59,PM peak / evening commute,True,False,True,True
1364827,Injury,Minor/Other Injury,2024,2024,September,Thursday,08:00 - 09:59,DENMAN,PDE,20,West,BUCKINGHAM,AVE,NORMANHURST,,No,Not a school zone,2-way undivided,-33.72166,151.096101,Hornsby,Sydney metro. area,Syd-Newc-Woll Gtr conurbation,Straight,,,,Off,Sealed,Wet,Raining,Daylight,Nil,No traffic controls,50 km/h,Local,71,Off rd left => obj,703,Left off cway into object,,Vehicle - Object,4 wheel drive / SUV,,1,0,0,0,1,9,September,Spring,Thursday,08:00 - 09:59,AM peak / school commute,True,False,True,True
1364828,Injury,Moderate Injury,2024,2024,October,Tuesday,00:01 - 01:59,HUME,HWY,0,Right on the spot,TODMAN,AVE,WARWICK FARM,2.0,No,Not a school zone,X-intersection,-33.911409,150.93817,Liverpool,Sydney metro. area,Syd-Newc-Woll Gtr conurbation,Straight,,,,On,Sealed,Dry,Fine,Darkness,On,No traffic controls,70 km/h,State,81,Off left/rt bnd=>obj,707,Right turn,Left,Vehicle - Object,Car (sedan/hatch),,1,0,0,1,0,10,October,Spring,Tuesday,00:01 - 01:59,Late night / early morning,False,False,True,True
1364830,Injury,Moderate Injury,2024,2024,September,Saturday,16:00 - 17:59,NEWELL,HWY,2000,South,MERILBA,ST,TOMINGLEY,17.0,No,Not a school zone,2-way undivided,-32.590005,148.220882,Narromine,Country non-urban,Rest of NSW - Rural,Straight,Ditch/drain/culvert,,,Nil,Sealed,Dry,Fine,Daylight,Nil,No traffic controls,110 km/h,State,73,Off rd rght => obj,704,Right off cway into obj,,Vehicle - Object,4 wheel drive / SUV,,1,0,0,1,0,9,September,Spring,Saturday,16:00 - 17:59,PM peak / evening commute,True,False,True,True
1364831,Injury,Minor/Other Injury,2024,2024,August,Friday,16:00 - 17:59,PARKER,ST,0,Right on the spot,GLEBE,PL,KINGSWOOD,154.0,No,Not a school zone,X-intersection,-33.751254,150.713492,Penrith,Sydney metro. area,Syd-Newc-Woll Gtr conurbation,Straight,Steep grade,,,Nil,Sealed,Dry,Fine,Daylight,Nil,Stop sign,70 km/h,State,21,Right through,202,Opp - Right-thru,,Other angle,4 wheel drive / SUV,4 wheel drive / SUV,2,0,0,0,2,8,August,Winter,Friday,16:00 - 17:59,PM peak / evening commute,True,False,True,True
1364833,Injury,Serious Injury,2024,2024,September,Thursday,14:00 - 15:59,QUEEN,ST,0,Right on the spot,FORD,ST,GRAFTON,152.0,No,Not a school zone,T-junction,-29.672786,152.943818,Clarence Valley,Country urban,Rest of NSW - Urban,Straight,,,,Nil,Sealed,Wet,Raining,Daylight,Nil,No traffic controls,50 km/h,Regional,48,From footpath,408,Manov - From footway,,Other angle,Motorised push scooters,Station wagon,2,0,1,0,0,9,September,Spring,Thursday,14:00 - 15:59,Midday / afternoon,False,False,True,True
1364834,Injury,Moderate Injury,2024,2024,September,Thursday,22:00 - Midnight,FOREST,RD,50,West,BUTTERFLY,RD,COMBERTON,,No,Not a school zone,2-way undivided,-34.960973,150.649936,Shoalhaven,Country non-urban,Rest of NSW - Rural,Curved,Steep grade,,,Nil,Sealed,Wet,Raining,Darkness,Nil,No traffic controls,90 km/h,Local,87,Off lft/lft bnd=>obj,804,Off left bend into obj,Left,Vehicle - Object,Car (sedan/hatch),,1,0,0,2,0,9,September,Spring,Thursday,22:00 - Midnight,Evening / night,False,False,True,True
1364835,Injury,Serious Injury,2024,2024,September,Monday,10:00 - 11:59,KIDMAN,WAY,27000,South,BOURKE,TN,BOURKE,421.0,No,Not a school zone,2-way undivided,-30.329436,145.958321,Bourke,Country non-urban,Rest of NSW - Rural,Straight,Ditch/drain/culvert,,,Nil,Sealed,Dry,Fine,Daylight,Nil,No traffic controls,110 km/h,State,73,Off rd rght => obj,704,Right off cway into obj,,Vehicle - Object,Light truck utility(from 2018),,1,0,1,0,0,9,September,Spring,Monday,10:00 - 11:59,Midday / afternoon,False,False,True,True
1364836,Injury,Moderate Injury,2024,2024,October,Monday,02:00 - 03:59,NEW ENGLAND,HWY,350,North,RIXS CREEK,LANE,RIXS CREEK,9.0,No,Not a school zone,2-way undivided,-32.531508,151.138229,Singleton,Country urban,Rest of NSW - Urban,Straight,,,,Nil,Sealed,Unknown,Unknown,Darkness,Nil,No traffic controls,80 km/h,State,73,Off rd rght => obj,704,Right off cway into obj,,Vehicle - Object,Utility,,1,0,0,1,0,10,October,Spring,Monday,02:00 - 03:59,Late night / early morning,False,False,True,True
1364839,Injury,Moderate Injury,2024,2024,September,Sunday,14:00 - 15:59,BIMBLE BOX,LANE,0,Right on the spot,HARRIS,ST,TRANGIE,,No,Not a school zone,X-intersection,-32.028366,147.973366,Narromine,Country urban,Rest of NSW - Urban,Straight,,,,Nil,Sealed,Dry,Fine,Daylight,Nil,Give way sign,50 km/h,Local,10,Cross traffic,101,Adj - Cross traffic,,Right angle,Light truck utility(from 2018),4 wheel drive / SUV,2,0,0,1,1,9,September,Spring,Sunday,14:00 - 15:59,Midday / afternoon,False,False,True,True
1364840,Injury,Serious Injury,2024,2024,October,Wednesday,06:00 - 07:59,NEWCASTLE,EXP,500,North,PACIFIC HIGHWAY,OP,MOONEY MOONEY,6003.0,No,Not a school zone,Dual freeway,-33.525818,151.19703,Central Coast,Country non-urban,Syd-Newc-Woll Gtr conurbation,Curved,Steep grade,,,Off,Sealed,Dry,Overcast,Daylight,Nil,No traffic controls,110 km/h,State,34,Lane change right,306,Same - Lane change right,,Other angle,Unknown motor vehicle,Light truck,2,0,1,0,0,10,October,Spring,Wednesday,06:00 - 07:59,AM peak / school commute,True,False,True,True
1364841,Injury,Minor/Other Injury,2024,2024,April,Monday,08:00 - 09:59,VICTORIA,RD,0,Right on the spot,COOK,RD,MARRICKVILLE,2021.0,No,Not a school zone,T-junction,-33.905781,151.166014,Inner West,Sydney metro. area,Syd-Newc-Woll Gtr conurbation,Straight,,,,Off,Sealed,Dry,Fine,Daylight,Nil,Give way sign,60 km/h,Regional,21,Right through,202,Opp - Right-thru,,Other angle,Light truck utility(from 2018),Pedal cycle,2,0,0,0,1,4,April,Autumn,Monday,08:00 - 09:59,AM peak / school commute,True,False,True,True
1364842,Injury,Moderate Injury,2024,2024,October,Friday,10:00 - 11:59,BYLONG VALLEY,WAY,999999,Unknown/not stated,UNKNOWN,UK,KERRABEE,208.0,No,Not a school zone,2-way undivided,-32.446994,150.273667,Muswellbrook,Country urban,Rest of NSW - Urban,Curved,Steep grade,,,Nil,Sealed,Dry,Fine,Daylight,Nil,No traffic controls,60 km/h,Regional,81,Off left/rt bnd=>obj,803,Off right bend into obj,Left,Vehicle - Object,Light truck utility(from 2018),,1,0,0,1,0,10,October,Spring,Friday,10:00 - 11:59,Midday / afternoon,False,False,True,True
1364843,Injury,Serious Injury,2024,2024,October,Sunday,10:00 - 11:59,MAIN,ST,0,Right on the spot,RAWSON,ST,SMITHTOWN,,No,Not a school zone,X-intersection,-31.015864,152.943858,Kempsey,Country urban,Rest of NSW - Urban,Straight,,,,Nil,Sealed,Dry,Fine,Daylight,Nil,Give way sign,50 km/h,Local,10,Cross traffic,101,Adj - Cross traffic,,Right angle,4 wheel drive / SUV,Light truck utility(from 2018),2,0,1,0,2,10,October,Spring,Sunday,10:00 - 11:59,Midday / afternoon,False,False,True,True
1364844,Injury,Moderate Injury,2024,2024,October,Wednesday,12:00 - 13:59,BOOTH,LANE,0,Right on the spot,NELSON,ST,ANNANDALE,,No,Not a school zone,X-intersection,-33.881999,151.173744,Inner West,Sydney metro. area,Syd-Newc-Woll Gtr conurbation,Straight,,,,Off,Sealed,Wet,Overcast,Daylight,Nil,Give way sign,50 km/h,Local,10,Cross traffic,101,Adj - Cross traffic,,Right angle,Car (sedan/hatch),4 wheel drive / SUV,2,0,0,1,0,10,October,Spring,Wednesday,12:00 - 13:59,Midday / afternoon,False,False,True,True
1364850,Injury,Moderate Injury,2024,2024,October,Wednesday,10:00 - 11:59,RADBURN,RD,85,South,MACKELLAR,RD,HEBERSHAM,,No,Not a school zone,2-way undivided,-33.738355,150.825214,Blacktown,Sydney metro. area,Syd-Newc-Woll Gtr conurbation,Straight,,,,Off,Sealed,Dry,Overcast,Daylight,Nil,No traffic controls,50 km/h,Local,67,Struck animal,609,On path - Hit animal,,Vehicle - Animal,Motorcycle,,1,0,0,1,0,10,October,Spring,Wednesday,10:00 - 11:59,Midday / afternoon,False,False,True,True
1364851,Injury,Serious Injury,2024,2024,September,Thursday,14:00 - 15:59,WILSON,RD,850,East,CONGARINNI,RD,CONGARINNI NORTH,,No,Not a school zone,2-way undivided,-30.664833,152.883201,Nambucca Valley,Country non-urban,Rest of NSW - Rural,Straight,,,,Nil,Sealed,Wet,Overcast,Daylight,Nil,No traffic controls,90 km/h,Local,74,On road-out of cont.,705,Out of control on cway,,Rollover,Light truck utility(from 2018),,1,0,1,0,0,9,September,Spring,Thursday,14:00 - 15:59,Midday / afternoon,False,False,True,True
1364852,Injury,Serious Injury,2024,2024,September,Wednesday,16:00 - 17:59,NEW ENGLAND,HWY,0,Right on the spot,STANDEN,DR,LOWER BELFORD,9.0,No,Not a school zone,T-junction,-32.65522,151.320891,Singleton,Country non-urban,Rest of NSW - Rural,Straight,,,,Nil,Sealed,Dry,Fine,Daylight,Nil,Give way sign,100 km/h,State,16,Left near,107,Adj - Left-thru from right,,Right angle,4 wheel drive / SUV,Car (sedan/hatch),2,0,1,0,0,9,September,Spring,Wednesday,16:00 - 17:59,PM peak / evening commute,True,False,True,True
1364853,Injury,Serious Injury,2024,2024,September,Friday,16:00 - 17:59,KINGSGROVE,RD,0,Right on the spot,HARP,ST,BELMORE,7309.0,No,Not a school zone,X-intersection,-33.925836,151.09708,Canterbury-Bankstown,Sydney metro. area,Syd-Newc-Woll Gtr conurbation,Straight,,,,Off,Sealed,Dry,Fine,Daylight,On,No traffic controls,50 km/h,Regional,21,Right through,202,Opp - Right-thru,,Other angle,Car (sedan/hatch),Motorcycle,2,0,1,1,0,9,September,Spring,Friday,16:00 - 17:59,PM peak / evening commute,True,False,True,True
1364860,Injury,Serious Injury,2024,2024,October,Wednesday,22:00 - Midnight,CAMDEN VALLEY,WAY,100,East,CORFIELD,RD,PRESTONS,620.0,No,Not a school zone,Divided road,-33.953297,150.857129,Liverpool,Sydney metro. area,Syd-Newc-Woll Gtr conurbation,Straight,Steep grade,,,Nil,Sealed,Dry,Fine,Darkness,Nil,No traffic controls,70 km/h,State,66,Object on road,607,On path - Hit temp object,,Vehicle - Object,Motorcycle,,1,0,1,0,0,10,October,Spring,Wednesday,22:00 - Midnight,Evening / night,False,False,True,True
1364861,Injury,Moderate Injury,2024,2024,May,Sunday,22:00 - Midnight,PRINCES,HWY,0,Right on the spot,CHANDLER,ST,ROCKDALE,1.0,No,Not a school zone,T-junction,-33.958955,151.1379,Bayside,Sydney metro. area,Syd-Newc-Woll Gtr conurbation,Straight,,,,On,Sealed,Dry,Fine,Darkness,Nil,No traffic controls,60 km/h,State,42,Leaving parking,401,Manov - Leaving parking,,Other angle,Car (sedan/hatch),Motorcycle,2,0,0,1,0,5,May,Autumn,Sunday,22:00 - Midnight,Evening / night,False,False,True,True
1364863,Injury,Serious Injury,2024,2024,September,Saturday,22:00 - Midnight,GREG NORMAN,DR,10,West,THE RINGERS,RD,HILLVUE,,No,Not a school zone,Roundabout,-31.130134,150.920405,Tamworth Regional,Country urban,Rest of NSW - Urban,Curved,,,,On,Sealed,Dry,Fine,Darkness,Nil,Give way sign,50 km/h,Local,88,Out of cont on bend,707,Right turn,,Rollover,Motorcycle,,1,0,1,0,0,9,September,Spring,Saturday,22:00 - Midnight,Evening / night,False,False,True,True
1364864,Injury,Moderate Injury,2024,2024,August,Wednesday,20:00 - 21:59,GREAT WESTERN,HWY,120,East,FIRST,AVE,WERRINGTON,5.0,No,Not a school zone,2-way undivided,-33.765479,150.746901,Penrith,Sydney metro. area,Syd-Newc-Woll Gtr conurbation,Straight,,,,On,Sealed,Dry,Fine,Darkness,Nil,No traffic controls,80 km/h,State,40,U turn,304,Same - U-turn,,Other angle,Car (sedan/hatch),4 wheel drive / SUV,2,0,0,4,0,8,August,Winter,Wednesday,20:00 - 21:59,Evening / night,False,False,True,True
1364865,Injury,Moderate Injury,2024,2024,May,Monday,18:00 - 19:59,JOHN,ST,0,Right on the spot,YARRAM,ST,LIDCOMBE,,No,Not a school zone,Roundabout,-33.858477,151.045526,Cumberland,Sydney metro. area,Syd-Newc-Woll Gtr conurbation,Straight,,,,On,Sealed,Wet,Raining,Darkness,Nil,Give way sign,50 km/h,Local,2,Ped far side,3,Ped - Far side,,Vehicle - Pedestrian,Car (sedan/hatch),Pedestrian,2,0,0,1,0,5,May,Autumn,Monday,18:00 - 19:59,PM peak / evening commute,True,False,True,True
1364866,Injury,Serious Injury,2024,2024,September,Thursday,06:00 - 07:59,NEWELL,HWY,5000,North,BORAMBITTY,RD,DANDRY,17.0,No,Not a school zone,2-way undivided,-31.050266,149.396609,Warrumbungle,Country non-urban,Rest of NSW - Rural,Straight,Crest,,,Nil,Sealed,Wet,Raining,Daylight,Nil,No traffic controls,110 km/h,State,72,Off road to right,702,Off carriageway to right,,Rollover,4 wheel drive / SUV,,1,0,2,0,0,9,September,Spring,Thursday,06:00 - 07:59,AM peak / school commute,True,False,True,True
1364868,Injury,Serious Injury,2024,2024,August,Monday,14:00 - 15:59,WALTON,ST,260,West,KING GEORGES,RD,BLAKEHURST,,No,Not a school zone,2-way undivided,-33.985333,151.107087,Georges River,Sydney metro. area,Syd-Newc-Woll Gtr conurbation,Straight,,Roadwks/Detour/Diverson,,Nil,Sealed,Dry,Fine,Daylight,Nil,No traffic controls,50 km/h,Local,95,Alighting/boarding,902,Boarding/alighting,,Person - Object,4 wheel drive / SUV,Large rigid,2,0,1,0,0,8,August,Winter,Monday,14:00 - 15:59,Midday / afternoon,False,False,True,True
1364869,Injury,Moderate Injury,2024,2024,September,Friday,06:00 - 07:59,SYDNEY PARK,RD,100,West,MITCHELL,RD,ERSKINEVILLE,528.0,No,Not a school zone,2-way undivided,-33.907396,151.185947,Sydney,Sydney metro. area,Syd-Newc-Woll Gtr conurbation,Straight,,,,Nil,Sealed,Dry,Fine,Daylight,Nil,No traffic controls,40 km/h,State,42,Leaving parking,401,Manov - Leaving parking,,Other angle,Light truck,Car (sedan/hatch),2,0,0,1,0,9,September,Spring,Friday,06:00 - 07:59,AM peak / school commute,True,False,True,True
1364872,Injury,Moderate Injury,2024,2024,October,Monday,10:00 - 11:59,WATTLE,ST,0,Right on the spot,RAMSAY,ST,HABERFIELD,650.0,No,Not a school zone,X-intersection,-33.874916,151.134375,Inner West,Sydney metro. area,Syd-Newc-Woll Gtr conurbation,Straight,,,,Off,Sealed,Dry,Fine,Daylight,On,No right turn,60 km/h,State,10,Cross traffic,101,Adj - Cross traffic,,Right angle,Light truck,Light truck,2,0,0,1,0,10,October,Spring,Monday,10:00 - 11:59,Midday / afternoon,False,False,True,True
1364873,Injury,Serious Injury,2024,2024,August,Tuesday,22:00 - Midnight,APPIN,RD,500,South,NARELLAN,RD,CAMPBELLTOWN,177.0,No,Not a school zone,Divided road,-34.079357,150.808493,Campbelltown,Sydney metro. area,Syd-Newc-Woll Gtr conurbation,Straight,,,,On,Sealed,Wet,Raining,Darkness,Nil,No traffic controls,80 km/h,State,20,Head on,201,Opp - Head on,,Head-on,Car (sedan/hatch),4 wheel drive / SUV,2,0,1,2,0,8,August,Winter,Tuesday,22:00 - Midnight,Evening / night,False,False,True,True
1364874,Injury,Serious Injury,2024,2024,September,Friday,12:00 - 13:59,PALOMINO,RD,90,East,HOLSTEIN,CL,EMU HEIGHTS,,No,Not a school zone,2-way undivided,-33.737069,150.653308,Penrith,Sydney metro. area,Syd-Newc-Woll Gtr conurbation,Curved,,,,Off,Sealed,Dry,Fine,Daylight,Nil,No traffic controls,50 km/h,Local,83,Off rt/rt bnd=>obj,803,Off right bend into obj,Right,Vehicle - Object,Light truck utility(from 2018),,1,0,1,0,0,9,September,Spring,Friday,12:00 - 13:59,Midday / afternoon,False,False,True,True
1364875,Injury,Serious Injury,2024,2024,October,Saturday,16:00 - 17:59,ARMIDALE,RD,50,East,GAP CREEK,RD,BELLBROOK,,No,Not a school zone,2-way undivided,-30.806902,152.489145,Kempsey,Country non-urban,Rest of NSW - Rural,Curved,Embankment/cutting,,,Nil,Sealed,Dry,Fine,Dusk,Nil,No traffic controls,100 km/h,Local,81,Off left/rt bnd=>obj,803,Off right bend into obj,Left,Vehicle - Object,Light truck utility(from 2018),,1,0,1,1,0,10,October,Spring,Saturday,16:00 - 17:59,PM peak / evening commute,True,False,True,True
1364877,Injury,Serious Injury,2024,2024,October,Tuesday,16:00 - 17:59,HASSALL,ST,0,Right on the spot,STATION,ST,PARRAMATTA,,No,Not a school zone,X-intersection,-33.818307,151.006763,Parramatta,Sydney metro. area,Syd-Newc-Woll Gtr conurbation,Straight,Bus/transit lane,,,Off,Sealed,Dry,Fine,Daylight,On,Ped crossing,40 km/h,Local,1,Ped emerging,2,Ped - emerging,,Vehicle - Pedestrian,Light truck,Pedestrian,2,0,1,1,0,10,October,Spring,Tuesday,16:00 - 17:59,PM peak / evening commute,True,False,True,True
1364879,Injury,Minor/Other Injury,2024,2024,September,Tuesday,10:00 - 11:59,BELMORE,RD,0,Right on the spot,CLARENDON,RD,PEAKHURST,2050.0,No,Not a school zone,Roundabout,-33.957972,151.051208,Georges River,Sydney metro. area,Syd-Newc-Woll Gtr conurbation,Straight,,,,Off,Sealed,Dry,Fine,Daylight,Nil,Give way sign,50 km/h,Regional,10,Cross traffic,101,Adj - Cross traffic,,Right angle,Light truck utility(from 2018),Car (sedan/hatch),2,0,0,0,1,9,September,Spring,Tuesday,10:00 - 11:59,Midday / afternoon,False,False,True,True
1364880,Injury,Serious Injury,2024,2024,September,Saturday,10:00 - 11:59,NEW CANTERBURY,RD,0,Right on the spot,DULWICH,ST,DULWICH HILL,167.0,No,Not a school zone,X-intersection,-33.903325,151.14239,Inner West,Sydney metro. area,Syd-Newc-Woll Gtr conurbation,Straight,,,,Off,Sealed,Dry,Fine,Daylight,On,No traffic controls,60 km/h,State,2,Ped far side,3,Ped - Far side,,Vehicle - Pedestrian,Car (sedan/hatch),Pedestrian,2,0,1,0,0,9,September,Spring,Saturday,10:00 - 11:59,Midday / afternoon,False,False,True,True
1364881,Injury,Moderate Injury,2024,2024,October,Thursday,06:00 - 07:59,GRIFFITHS,RD,0,Right on the spot,ACACIA,AVE,LAMBTON,82.0,No,Not a school zone,T-junction,-32.909811,151.714747,Newcastle,Newcastle met. area,Syd-Newc-Woll Gtr conurbation,Curved,,,,Off,Sealed,Dry,Fine,Daylight,Nil,Give way sign,60 km/h,State,10,Cross traffic,101,Adj - Cross traffic,,Right angle,Car (sedan/hatch),Light truck utility(from 2018),2,0,0,1,0,10,October,Spring,Thursday,06:00 - 07:59,AM peak / school commute,True,False,True,True
1364883,Injury,Moderate Injury,2024,2024,September,Monday,18:00 - 19:59,PALMYRA,AVE,0,Right on the spot,STONY CREEK,RD,SHANES PARK,7164.0,No,Not a school zone,Roundabout,-33.719721,150.781732,Blacktown,Sydney metro. area,Syd-Newc-Woll Gtr conurbation,Curved,,,,On,Sealed,Dry,Fine,Darkness,Nil,Give way sign,70 km/h,Regional,83,Off rt/rt bnd=>obj,803,Off right bend into obj,Right,Vehicle - Object,4 wheel drive / SUV,,1,0,0,1,0,9,September,Spring,Monday,18:00 - 19:59,PM peak / evening commute,True,False,True,True
1364884,Injury,Serious Injury,2024,2024,September,Tuesday,12:00 - 13:59,HOLLYWOOD,AVE,50,North,WAVERLEY,ST,BONDI JUNCTION,,No,Not a school zone,2-way undivided,-33.892228,151.252116,Waverley,Sydney metro. area,Syd-Newc-Woll Gtr conurbation,Curved,,,,Nil,Sealed,Dry,Fine,Daylight,Nil,No traffic controls,40 km/h,Local,63,Vehicle door,604,On path - Vehicle door,,Other angle,Pedal cycle,4 wheel drive / SUV,2,0,1,0,0,9,September,Spring,Tuesday,12:00 - 13:59,Midday / afternoon,False,False,True,True
1364886,Injury,Serious Injury,2024,2024,September,Saturday,20:00 - 21:59,BOUNDARY,RD,150,North,CATARACT,RD,GABLES,7205.0,No,Not a school zone,2-way undivided,-33.626138,150.894748,The Hills,Sydney metro. area,Syd-Newc-Woll Gtr conurbation,Straight,Painted double centre lines,,,Nil,Sealed,Dry,Overcast,Darkness,Nil,No traffic controls,80 km/h,Regional,20,Head on,201,Opp - Head on,,Head-on,Car (sedan/hatch),Car (sedan/hatch),2,0,2,0,0,9,September,Spring,Saturday,20:00 - 21:59,Evening / night,False,False,True,True