crash_id,degree_of_crash,degree_of_crash_-_detailed,reporting_year,year_of_crash,month_of_crash,day_of_week_of_crash,two-hour_intervals,street_of_crash,street_type,distance,direction,identifying_feature,identifying_feature_type,town,route_no.,school_zone_location,school_zone_active,type_of_location,latitude,longitude,lga,urbanisation,conurbation_1,alignment,primary_permanent_feature,primary_temporary_feature,primary_hazardous_feature,street_lighting,road_surface,surface_condition,weather,natural_lighting,signals_operation,other_traffic_control,speed_limit,road_classification_(admin),rum_-_code,rum_-_description,dca_-_code,dca_-_description,dca_supplement,first_impact_type,key_tu_type,other_tu_type,no._of_traffic_units_involved,no._killed,no._seriously_injured,no._moderately_injured,no._minor-other_injured,month_num,month_label,season,day_label,time_label,time_band,is_peak_commute,is_fatal,is_injury,is_casualty
1364888,Injury,Moderate Injury,2024,2024,September,Thursday,14:00 - 15:59,DUMARESQ,ST,50,North,MOORE-OXLEY,ST,CAMPBELLTOWN,,No,Not a school zone,2-way undivided,-34.068823,150.813737,Campbelltown,Sydney metro. area,Syd-Newc-Woll Gtr conurbation,Straight,Driveway/entrance,,,Off,Sealed,Wet,Fine,Daylight,Nil,No traffic controls,50 km/h,Local,0,Ped nearside,1,Ped - Near side,,Vehicle - Pedestrian,Car (sedan/hatch),Pedestrian,2,0,0,1,0,9,September,Spring,Thursday,14:00 - 15:59,Midday / afternoon,False,False,True,True
1364889,Injury,Serious Injury,2024,2024,October,Saturday,10:00 - 11:59,OXLEY,HWY,3000,West,MT SEAVIEW,RD,MOUNT SEAVIEW,11.0,No,Not a school zone,2-way undivided,-31.407311,152.242377,Port Macquarie-Hastings,Country urban,Rest of NSW - Urban,Curved,Steep grade,,,Nil,Sealed,Dry,Fine,Daylight,Nil,No traffic controls,80 km/h,State,20,Head on,201,Opp - Head on,,Head-on,Motorcycle,Light truck utility(from 2018),2,0,1,0,0,10,October,Spring,Saturday,10:00 - 11:59,Midday / afternoon,False,False,True,True
1364891,Injury,Minor/Other Injury,2024,2024,September,Wednesday,06:00 - 07:59,CAMDEN,RD,50,East,HURLEY,ST,CAMPBELLTOWN,,No,Not a school zone,Divided road,-34.071283,150.807405,Campbelltown,Sydney metro. area,Syd-Newc-Woll Gtr conurbation,Straight,,,,Off,Sealed,Dry,Fine,Daylight,Nil,No traffic controls,50 km/h,Local,20,Head on,201,Opp - Head on,,Head-on,Light truck utility(from 2018),4 wheel drive / SUV,2,0,0,0,2,9,September,Spring,Wednesday,06:00 - 07:59,AM peak / school commute,True,False,True,True
1364895,Injury,Minor/Other Injury,2024,2024,October,Saturday,00:01 - 01:59,BEAUMONT,ST,70,South,FERN,ST,HAMILTON,,No,Not a school zone,Divided road,-32.918264,151.748083,Newcastle,Newcastle met. area,Syd-Newc-Woll Gtr conurbation,Curved,,,,On,Sealed,Dry,Fine,Darkness,Nil,No traffic controls,40 km/h,Local,2,Ped far side,3,Ped - Far side,,Vehicle - Pedestrian,Unknown motor vehicle,Pedestrian,2,0,0,0,1,10,October,Spring,Saturday,00:01 - 01:59,Late night / early morning,False,False,True,True
1364896,Injury,Minor/Other Injury,2024,2024,October,Sunday,16:00 - 17:59,HIGH,ST,50,East,ANZAC,PDE,RANDWICK,,No,Not a school zone,2-way undivided,-33.914927,151.226076,Randwick,Sydney metro. area,Syd-Newc-Woll Gtr conurbation,Straight,,,,Off,Sealed,Dry,Fine,Daylight,Nil,No traffic controls,40 km/h,Local,1,Ped emerging,2,Ped - emerging,,Vehicle - Pedestrian,Light truck utility(from 2018),Pedestrian,2,0,0,0,1,10,October,Spring,Sunday,16:00 - 17:59,PM peak / evening commute,True,False,True,True
1364897,Injury,Minor/Other Injury,2024,2024,July,Monday,06:00 - 07:59,OXLEY,HWY,0,Right on the spot,NUMBER 174,HN,WAUCHOPE,11.0,No,Not a school zone,2-way undivided,-31.463394,152.722675,Port Macquarie-Hastings,Country urban,Rest of NSW - Urban,Straight,Steep grade,,,On,Sealed,Dry,Fine,Darkness,Nil,No traffic controls,50 km/h,State,73,Off rd rght => obj,704,Right off cway into obj,,Other angle,4 wheel drive / SUV,4 wheel drive / SUV,2,0,0,0,2,7,July,Winter,Monday,06:00 - 07:59,AM peak / school commute,True,False,True,True
1364902,Injury,Serious Injury,2024,2024,October,Wednesday,08:00 - 09:59,MID WESTERN,HWY,100,West,BROWNING,ST,MITCHELL,6.0,No,Not a school zone,2-way undivided,-33.421754,149.562156,Bathurst Regional,Country urban,Rest of NSW - Urban,Straight,,,,Off,Sealed,Dry,Fine,Daylight,Nil,No traffic controls,60 km/h,State,71,Off rd left => obj,703,Left off cway into object,,Other angle,4 wheel drive / SUV,Light truck,2,0,1,1,0,10,October,Spring,Wednesday,08:00 - 09:59,AM peak / school commute,True,False,True,True
1364904,Injury,Serious Injury,2024,2024,August,Friday,16:00 - 17:59,CALDWELL,AVE,0,Right on the spot,CHARLES,RD,TARRAWANNA,,No,Not a school zone,X-intersection,-34.382608,150.893924,Wollongong,Wollongong met. area,Syd-Newc-Woll Gtr conurbation,Straight,,,,Nil,Sealed,Dry,Fine,Darkness,Nil,Give way sign,50 km/h,Local,10,Cross traffic,101,Adj - Cross traffic,,Right angle,Car (sedan/hatch),4 wheel drive / SUV,2,0,1,0,0,8,August,Winter,Friday,16:00 - 17:59,PM peak / evening commute,True,False,True,True
1364913,Injury,Serious Injury,2024,2024,May,Saturday,10:00 - 11:59,MACPHERSON,ST,15,East,LOMANDRA,WAY,WARRIEWOOD,,No,Not a school zone,2-way undivided,-33.684969,151.290052,Northern Beaches,Sydney metro. area,Syd-Newc-Woll Gtr conurbation,Straight,,,,Nil,Sealed,Dry,Fine,Daylight,Nil,No traffic controls,50 km/h,Local,73,Off rd rght => obj,704,Right off cway into obj,,Vehicle - Object,Car (sedan/hatch),,1,0,1,1,0,5,May,Autumn,Saturday,10:00 - 11:59,Midday / afternoon,False,False,True,True
1364915,Injury,Moderate Injury,2024,2024,May,Tuesday,06:00 - 07:59,POLDING,ST,0,Right on the spot,GRANVILLE,ST,FAIRFIELD,7222.0,No,Not a school zone,Roundabout,-33.863142,150.947485,Fairfield,Sydney metro. area,Syd-Newc-Woll Gtr conurbation,Straight,,,,Nil,Sealed,Dry,Fine,Daylight,Nil,Give way sign,60 km/h,Regional,30,Rear end,301,Same - Rear end,,Rear end,Car (sedan/hatch),4 wheel drive / SUV,2,0,0,1,0,5,May,Autumn,Tuesday,06:00 - 07:59,AM peak / school commute,True,False,True,True
1364917,Injury,Moderate Injury,2024,2024,June,Tuesday,10:00 - 11:59,TARALGA,RD,0,Right on the spot,ROSS,ST,GOULBURN,256.0,No,Not a school zone,X-intersection,-34.726979,149.742204,Goulburn Mulwaree,Country urban,Rest of NSW - Urban,Straight,,,,Nil,Sealed,Dry,Fine,Daylight,Nil,Stop sign,60 km/h,Regional,10,Cross traffic,101,Adj - Cross traffic,,Right angle,4 wheel drive / SUV,4 wheel drive / SUV,3,0,0,3,0,6,June,Winter,Tuesday,10:00 - 11:59,Midday / afternoon,False,False,True,True
1364918,Injury,Serious Injury,2024,2024,June,Saturday,22:00 - Midnight,PACIFIC,HWY,200,South,LYONS ROAD,TO,BONVILLE,10.0,No,Not a school zone,Divided road,-30.359616,153.058293,Coffs Harbour,Country non-urban,Rest of NSW - Rural,Curved,,,,On,Sealed,Wet,Fine,Darkness,Nil,No traffic controls,110 km/h,State,30,Rear end,301,Same - Rear end,,Rear end,Car (sedan/hatch),Car (sedan/hatch),2,0,1,0,0,6,June,Winter,Saturday,22:00 - Midnight,Evening / night,False,False,True,True
1364919,Injury,Minor/Other Injury,2024,2024,June,Monday,16:00 - 17:59,ADDISON,RD,0,Right on the spot,PARK,RD,MARRICKVILLE,7018.0,No,Not a school zone,T-junction,-33.899953,151.157891,Inner West,Sydney metro. area,Syd-Newc-Woll Gtr conurbation,Straight,,,,On,Sealed,Dry,Fine,Darkness,Nil,Give way sign,50 km/h,Regional,21,Right through,202,Opp - Right-thru,,Other angle,Station wagon,Motor scooter,2,0,0,0,1,6,June,Winter,Monday,16:00 - 17:59,PM peak / evening commute,True,False,True,True
1364920,Injury,Serious Injury,2024,2024,June,Thursday,16:00 - 17:59,GREENWELL POINT,RD,0,Right on the spot,OLD SOUTHERN,RD,NOWRA,7632.0,No,Not a school zone,T-junction,-34.889785,150.62185,Shoalhaven,Country urban,Rest of NSW - Urban,Straight,,,,Nil,Sealed,Dry,Fine,Dusk,Nil,Stop sign,60 km/h,Regional,21,Right through,202,Opp - Right-thru,,Other angle,Car (sedan/hatch),Motorcycle,2,0,1,0,0,6,June,Winter,Thursday,16:00 - 17:59,PM peak / evening commute,True,False,True,True
1364921,Injury,Moderate Injury,2024,2024,June,Friday,04:00 - 05:59,BARRIER,HWY,600,West,TEMPLES,LANE,NYNGAN,8.0,No,Not a school zone,2-way undivided,-31.562235,147.166786,Bogan,Country non-urban,Rest of NSW - Rural,Straight,,,,Nil,Sealed,Wet,Fog or mist,Darkness,Nil,No traffic controls,110 km/h,State,30,Rear end,301,Same - Rear end,,Rear end,Light truck utility(from 2018),Light truck utility(from 2018),2,0,0,4,0,6,June,Winter,Friday,04:00 - 05:59,Late night / early morning,False,False,True,True
1364924,Injury,Moderate Injury,2024,2024,June,Monday,14:00 - 15:59,MARIUS,ST,100,South,DARLING,ST,TAMWORTH,63.0,No,Not a school zone,Divided road,-31.086317,150.929032,Tamworth Regional,Country urban,Rest of NSW - Urban,Straight,,,,Nil,Sealed,Dry,Fine,Daylight,Nil,No traffic controls,50 km/h,State,30,Rear end,301,Same - Rear end,,Rear end,Car (sedan/hatch),Car (sedan/hatch),3,0,0,1,1,6,June,Winter,Monday,14:00 - 15:59,Midday / afternoon,False,False,True,True
1364925,Injury,Moderate Injury,2024,2024,June,Sunday,08:00 - 09:59,CUMBERLAND,HWY,130,East,WINDSOR,RD,NORTH ROCKS,13.0,No,Not a school zone,Other,-33.791294,150.99817,Parramatta,Sydney metro. area,Syd-Newc-Woll Gtr conurbation,Curved,Other bridge,,,Nil,Sealed,Wet,Raining,Daylight,Nil,No traffic controls,60 km/h,State,85,Off rt/lft bnd=>obj,804,Off left bend into obj,Right,Vehicle - Object,Light truck utility(from 2018),,1,0,0,1,0,6,June,Winter,Sunday,08:00 - 09:59,AM peak / school commute,True,False,True,True
1364927,Injury,Serious Injury,2024,2024,July,Friday,20:00 - 21:59,MYRTUS,CRES,0,Right on the spot,NUMBER 3,HN,BIDWILL,,No,Not a school zone,2-way undivided,-33.726925,150.824999,Blacktown,Sydney metro. area,Syd-Newc-Woll Gtr conurbation,Curved,,,,On,Sealed,Wet,Fine,Darkness,Nil,No traffic controls,50 km/h,Local,83,Off rt/rt bnd=>obj,803,Off right bend into obj,Right,Vehicle - Object,Car (sedan/hatch),,1,0,1,0,0,7,July,Winter,Friday,20:00 - 21:59,Evening / night,False,False,True,True
1364928,Injury,Serious Injury,2024,2024,July,Thursday,08:00 - 09:59,FLEETWOOD,ST,0,Right on the spot,NOUMEA,ST,SHALVEY,,Yes,No,T-junction,-33.730714,150.808423,Blacktown,Sydney metro. area,Syd-Newc-Woll Gtr conurbation,Straight,,,,Off,Sealed,Dry,Fine,Daylight,Nil,No traffic controls,50 km/h,Local,21,Right through,202,Opp - Right-thru,,Other angle,Motorcycle,Light truck,2,0,1,0,0,7,July,Winter,Thursday,08:00 - 09:59,AM peak / school commute,True,False,True,True
1364929,Injury,Serious Injury,2024,2024,July,Thursday,20:00 - 21:59,SHELLHARBOUR,RD,20,South,LAGOON,ST,BARRACK HEIGHTS,522.0,No,Not a school zone,Divided road,-34.562211,150.860231,Shellharbour,Wollongong met. area,Syd-Newc-Woll Gtr conurbation,Straight,,,,On,Sealed,Wet,Raining,Darkness,Nil,No traffic controls,70 km/h,State,3,Ped on carriageway,4,Ped - On carriageway,,Vehicle - Pedestrian,Car (sedan/hatch),Pedestrian,2,0,1,0,0,7,July,Winter,Thursday,20:00 - 21:59,Evening / night,False,False,True,True
1364930,Injury,Serious Injury,2024,2024,July,Friday,06:00 - 07:59,FREEMANS,DR,3000,North,NEWPORT,RD,COORANBONG,392.0,No,Not a school zone,2-way undivided,-33.047922,151.468564,Lake Macquarie,Newcastle met. area,Syd-Newc-Woll Gtr conurbation,Straight,,,,Nil,Sealed,Wet,Overcast,Dawn,Nil,No traffic controls,90 km/h,State,71,Off rd left => obj,703,Left off cway into object,,Vehicle - Object,Car (sedan/hatch),,1,0,1,0,0,7,July,Winter,Friday,06:00 - 07:59,AM peak / school commute,True,False,True,True
1364931,Injury,Moderate Injury,2024,2024,June,Thursday,10:00 - 11:59,GREAT WESTERN,HWY,0,Right on the spot,NUMBER 267,HN,LEICHHARDT,5.0,No,Not a school zone,Divided road,-33.888023,151.162015,Inner West,Sydney metro. area,Syd-Newc-Woll Gtr conurbation,Straight,,,,Off,Sealed,Dry,Fine,Daylight,Nil,No traffic controls,60 km/h,State,63,Vehicle door,604,On path - Vehicle door,,Other angle,Pedal cycle,Car (sedan/hatch),2,0,0,1,0,6,June,Winter,Thursday,10:00 - 11:59,Midday / afternoon,False,False,True,True
1364934,Injury,Minor/Other Injury,2024,2024,June,Wednesday,20:00 - 21:59,PINAROO,DR,100,South,YENTOO,DR,GLENFIELD PARK,,No,Not a school zone,2-way undivided,-35.135949,147.335446,Wagga Wagga,Country urban,Rest of NSW - Urban,Straight,,,,On,Sealed,Dry,Overcast,Darkness,Nil,No traffic controls,50 km/h,Local,20,Head on,201,Opp - Head on,,Head-on,Car (sedan/hatch),Car (sedan/hatch),2,0,0,0,1,6,June,Winter,Wednesday,20:00 - 21:59,Evening / night,False,False,True,True
1364935,Injury,Moderate Injury,2024,2024,July,Friday,14:00 - 15:59,PACIFIC,HWY,0,Right on the spot,GEORGE GIBSON,DR,COOPERNOOK,10.0,No,Not a school zone,T-junction,-31.823862,152.623385,Mid-Coast,Country non-urban,Rest of NSW - Rural,Straight,,,,Nil,Sealed,Dry,Fine,Daylight,Nil,Give way sign,100 km/h,State,33,Lane sideswipe,305,Same - Lane side swipe,,Other angle,Utility,Light truck utility(from 2018),2,0,0,1,2,7,July,Winter,Friday,14:00 - 15:59,Midday / afternoon,False,False,True,True
1364936,Injury,Moderate Injury,2024,2024,July,Sunday,08:00 - 09:59,DALLI,ST,0,Right on the spot,YATING,AVE,TALLAWONG,,No,Not a school zone,X-intersection,-33.695796,150.883849,Blacktown,Sydney metro. area,Syd-Newc-Woll Gtr conurbation,Straight,,,,Nil,Sealed,Dry,Fine,Daylight,Nil,No traffic controls,50 km/h,Local,10,Cross traffic,101,Adj - Cross traffic,,Right angle,Car (sedan/hatch),Car (sedan/hatch),2,0,0,1,0,7,July,Winter,Sunday,08:00 - 09:59,AM peak / school commute,True,False,True,True
1364937,Injury,Serious Injury,2024,2024,May,Saturday,18:00 - 19:59,DELHI,RD,0,Right on the spot,JULIUS,AVE,NORTH RYDE,191.0,No,Not a school zone,X-intersection,-33.794998,151.14087,Ryde,Sydney metro. area,Syd-Newc-Woll Gtr conurbation,Straight,,,,On,Sealed,Dry,Fine,Darkness,On,No traffic controls,60 km/h,State,21,Right through,202,Opp - Right-thru,,Other angle,Station wagon,Car (sedan/hatch),2,0,1,0,0,5,May,Autumn,Saturday,18:00 - 19:59,PM peak / evening commute,True,False,True,True
1364938,Injury,Moderate Injury,2024,2024,July,Wednesday,06:00 - 07:59,CUMBERLAND,HWY,40,South,CARLINGFORD,RD,CARLINGFORD,13.0,No,Not a school zone,Divided road,-33.778089,151.051896,Parramatta,Sydney metro. area,Syd-Newc-Woll Gtr conurbation,Straight,,,,On,Sealed,Dry,Fine,Dawn,Nil,No traffic controls,60 km/h,State,35,Lane change left,307,Same - Lane change left,,Other angle,Car (sedan/hatch),Car (sedan/hatch),3,0,0,1,0,7,July,Winter,Wednesday,06:00 - 07:59,AM peak / school commute,True,False,True,True
1364939,Injury,Minor/Other Injury,2024,2024,July,Tuesday,06:00 - 07:59,FEDERAL,HWY,0,Right on the spot,SHINGLE HILL,WAY,BYWONG,3.0,No,Not a school zone,T-junction,-35.140598,149.335893,Yass Valley,Country non-urban,Rest of NSW - Rural,Straight,,,,Nil,Sealed,Dry,Fog or mist,Dawn,Nil,Stop sign,110 km/h,State,71,Off rd left => obj,703,Left off cway into object,,Vehicle - Object,Light truck utility(from 2018),,1,0,0,0,1,7,July,Winter,Tuesday,06:00 - 07:59,AM peak / school commute,True,False,True,True
1364940,Injury,Serious Injury,2024,2024,July,Thursday,18:00 - 19:59,OLD NORTHERN,RD,360,South,RIVER,RD,WISEMANS FERRY,181.0,No,Not a school zone,2-way undivided,-33.387578,150.98493,Hornsby,Sydney metro. area,Syd-Newc-Woll Gtr conurbation,Curved,Steep grade,,,On,Sealed,Dry,Fine,Darkness,Nil,No traffic controls,60 km/h,State,20,Head on,201,Opp - Head on,,Head-on,Utility,Motorcycle,2,0,1,0,0,7,July,Winter,Thursday,18:00 - 19:59,PM peak / evening commute,True,False,True,True
1364941,Injury,Serious Injury,2024,2024,July,Saturday,10:00 - 11:59,ELIZABETH,DR,0,Right on the spot,LIVERPOOL MALL,OT,LIVERPOOL,,No,Not a school zone,2-way undivided,-33.920196,150.924161,Liverpool,Sydney metro. area,Syd-Newc-Woll Gtr conurbation,Straight,,,,Nil,Sealed,Dry,Fine,Daylight,Unknown / not stated,Ped crossing,30 km/h,Local,90,Fell in/from vehicle,901,Fell in/from vehicle,,Person - Object,Car (sedan/hatch),,1,0,1,0,0,7,July,Winter,Saturday,10:00 - 11:59,Midday / afternoon,False,False,True,True
1364942,Injury,Serious Injury,2024,2024,July,Monday,08:00 - 09:59,GEORGE DOWNES,DR,700,South,THE RUGBY,TRK,KULNURA,590.0,No,Not a school zone,2-way undivided,-33.123627,151.16216,Central Coast,Country non-urban,Syd-Newc-Woll Gtr conurbation,Curved,,,,Nil,Sealed,Dry,Fine,Daylight,Nil,No traffic controls,100 km/h,Regional,81,Off left/rt bnd=>obj,803,Off right bend into obj,Left,Vehicle - Object,Car (sedan/hatch),,1,0,1,0,0,7,July,Winter,Monday,08:00 - 09:59,AM peak / school commute,True,False,True,True
1364943,Injury,Moderate Injury,2024,2024,July,Thursday,08:00 - 09:59,WATERFALL,WAY,200,North,MAJORS POINT,RD,EBOR,76.0,No,Not a school zone,2-way undivided,-30.388927,152.358859,Armidale Regional,Country non-urban,Rest of NSW - Rural,Straight,Embankment/cutting,,,On,Sealed,Dry,Fine,Daylight,Nil,No traffic controls,100 km/h,State,72,Off road to right,702,Off carriageway to right,,Rollover,Light truck utility(from 2018),,1,0,0,1,0,7,July,Winter,Thursday,08:00 - 09:59,AM peak / school commute,True,False,True,True
1364944,Injury,Serious Injury,2024,2024,July,Sunday,14:00 - 15:59,THUNDERBOLTS,WAY,1000,North,GIRO,RD,BAXTERS RIDGE,7719.0,No,Not a school zone,2-way undivided,-31.728574,151.869112,Mid-Coast,Country urban,Rest of NSW - Urban,Curved,Steep grade,,,Nil,Sealed,Dry,Fine,Daylight,Nil,No traffic controls,80 km/h,Regional,81,Off left/rt bnd=>obj,803,Off right bend into obj,Left,Vehicle - Object,Light truck,,1,0,2,0,0,7,July,Winter,Sunday,14:00 - 15:59,Midday / afternoon,False,False,True,True
1364946,Injury,Serious Injury,2024,2024,August,Friday,18:00 - 19:59,MITCHELL,HWY,7400,West,BRUMMAGEN,RD,NARROMINE,7.0,No,Not a school zone,2-way undivided,-32.248143,148.288179,Narromine,Country non-urban,Rest of NSW - Rural,Straight,,,,Nil,Sealed,Dry,Fine,Darkness,Nil,No traffic controls,110 km/h,State,20,Head on,201,Opp - Head on,,Head-on,Light truck utility(from 2018),4 wheel drive / SUV,3,0,2,0,0,8,August,Winter,Friday,18:00 - 19:59,PM peak / evening commute,True,False,True,True
1364947,Injury,Serious Injury,2024,2024,August,Friday,16:00 - 17:59,GENERAL HOLMES,DR,10,South,KYEEMAGH AVENUE,OP,MASCOT,194.0,No,Not a school zone,Divided road,-33.947398,151.167571,Bayside,Sydney metro. area,Syd-Newc-Woll Gtr conurbation,Straight,Other bridge,,,On,Sealed,Dry,Fine,Darkness,Nil,No traffic controls,70 km/h,State,30,Rear end,301,Same - Rear end,,Rear end,Car (sedan/hatch),4 wheel drive / SUV,3,0,1,0,0,8,August,Winter,Friday,16:00 - 17:59,PM peak / evening commute,True,False,True,True
1364948,Injury,Serious Injury,2024,2024,August,Monday,16:00 - 17:59,MITCHELL,HWY,0,Right on the spot,HAWTHORN,ST,DUBBO,7.0,No,Not a school zone,T-junction,-32.256476,148.624939,Dubbo Regional,Country urban,Rest of NSW - Urban,Straight,,,,Nil,Sealed,Wet,Raining,Daylight,On,No traffic controls,60 km/h,State,21,Right through,202,Opp - Right-thru,,Other angle,Light truck,Motorcycle,2,0,1,0,0,8,August,Winter,Monday,16:00 - 17:59,PM peak / evening commute,True,False,True,True
1364949,Injury,Minor/Other Injury,2024,2024,August,Saturday,02:00 - 03:59,CANTERBURY,RD,130,North,FAWCETT,ST,GLENFIELD,680.0,No,Not a school zone,2-way undivided,-33.977682,150.898733,Campbelltown,Sydney metro. area,Syd-Newc-Woll Gtr conurbation,Straight,,,,On,Sealed,Dry,Fine,Darkness,Nil,No traffic controls,60 km/h,State,71,Off rd left => obj,703,Left off cway into object,,Vehicle - Object,Light truck utility(from 2018),,1,0,0,0,1,8,August,Winter,Saturday,02:00 - 03:59,Late night / early morning,False,False,True,True
1364951,Injury,Serious Injury,2024,2024,August,Wednesday,20:00 - 21:59,BOOYONG,RD,150,East,MAIN,ST,CLUNES,,No,Not a school zone,2-way undivided,-28.728974,153.407566,Lismore,Country urban,Rest of NSW - Urban,Curved,,,,Nil,Sealed,Dry,Fine,Darkness,Nil,No traffic controls,50 km/h,Local,83,Off rt/rt bnd=>obj,803,Off right bend into obj,Right,Other angle,Car (sedan/hatch),4 wheel drive / SUV,2,0,1,0,0,8,August,Winter,Wednesday,20:00 - 21:59,Evening / night,False,False,True,True
1364953,Injury,Serious Injury,2024,2024,August,Monday,16:00 - 17:59,GREAT WESTERN,HWY,0,Right on the spot,WATTLE,ST,ULTIMO,5.0,No,Not a school zone,X-intersection,-33.884258,151.198535,Sydney,Sydney metro. area,Syd-Newc-Woll Gtr conurbation,Straight,Bus/transit lane,,,Off,Sealed,Dry,Overcast,Daylight,On,No right turn,50 km/h,State,21,Right through,202,Opp - Right-thru,,Other angle,Car (sedan/hatch),Pedal cycle,2,0,1,0,0,8,August,Winter,Monday,16:00 - 17:59,PM peak / evening commute,True,False,True,True
1364954,Injury,Moderate Injury,2024,2024,June,Wednesday,18:00 - 19:59,ELIZABETH,DR,0,Right on the spot,MEADOWS,RD,MOUNT PRITCHARD,535.0,No,Not a school zone,X-intersection,-33.902703,150.89674,Fairfield,Sydney metro. area,Syd-Newc-Woll Gtr conurbation,Straight,,,,On,Sealed,Dry,Fine,Darkness,On,No traffic controls,60 km/h,State,21,Right through,202,Opp - Right-thru,,Other angle,4 wheel drive / SUV,Car (sedan/hatch),2,0,0,2,0,6,June,Winter,Wednesday,18:00 - 19:59,PM peak / evening commute,True,False,True,True
1364955,Injury,Serious Injury,2024,2024,August,Friday,12:00 - 13:59,GREAT WESTERN,HWY,0,Right on the spot,ROSS,ST,FOREST LODGE,5.0,No,Not a school zone,T-junction,-33.885089,151.18449,Sydney,Sydney metro. area,Syd-Newc-Woll Gtr conurbation,Straight,,,,Off,Sealed,Dry,Fine,Daylight,On,No traffic controls,60 km/h,State,37,Left turn sideswipe,309,Same - Left turn side swipe,,Other angle,Station wagon,4 wheel drive / SUV,2,0,1,0,0,8,August,Winter,Friday,12:00 - 13:59,Midday / afternoon,False,False,True,True
1364956,Injury,Moderate Injury,2024,2024,August,Thursday,12:00 - 13:59,PARKES,ST,10,East,HARRIS,ST,PARRAMATTA,2049.0,No,Not a school zone,X-intersection,-33.818971,151.011396,Parramatta,Sydney metro. area,Syd-Newc-Woll Gtr conurbation,Straight,,Police pursuit,,Off,Sealed,Dry,Overcast,Daylight,Off,No traffic controls,60 km/h,Regional,30,Rear end,301,Same - Rear end,,Rear end,4 wheel drive / SUV,4 wheel drive / SUV,3,0,0,2,0,8,August,Winter,Thursday,12:00 - 13:59,Midday / afternoon,False,False,True,True
1364957,Injury,Moderate Injury,2024,2024,August,Sunday,00:01 - 01:59,GUYRA,RD,19000,South,INVERELL,TN,TINGHA,135.0,No,Not a school zone,2-way undivided,-29.926172,151.177348,Inverell,Country non-urban,Rest of NSW - Rural,Curved,,,,Nil,Sealed,Wet,Fine,Darkness,Nil,No traffic controls,100 km/h,Regional,81,Off left/rt bnd=>obj,803,Off right bend into obj,Left,Vehicle - Object,4 wheel drive / SUV,,1,0,0,1,0,8,August,Winter,Sunday,00:01 - 01:59,Late night / early morning,False,False,True,True
1364958,Injury,Moderate Injury,2024,2024,July,Thursday,16:00 - 17:59,MALIWA,RD,0,Right on the spot,SHOWGROUND,RD,NARARA,,No,Not a school zone,T-junction,-33.405026,151.346691,Central Coast,Country urban,Syd-Newc-Woll Gtr conurbation,Curved,,,,Off,Sealed,Dry,Overcast,Daylight,Nil,Stop sign,60 km/h,Local,88,Out of cont on bend,805,Out of control on bend,,Rollover,Motorcycle,,1,0,0,1,0,7,July,Winter,Thursday,16:00 - 17:59,PM peak / evening commute,True,False,True,True
1364959,Injury,Serious Injury,2024,2024,August,Sunday,02:00 - 03:59,MARY GILMORE,WAY,0,Right on the spot,GRENFELL,ST,BRIBBAREE,398.0,No,Not a school zone,T-junction,-34.039459,147.929436,Weddin,Country urban,Rest of NSW - Urban,Curved,,,,Nil,Sealed,Dry,Fine,Darkness,Nil,Stop sign,50 km/h,Regional,75,Off end of road,709,Off end cway or T junct,,Vehicle - Object,Light truck utility(from 2018),,1,0,1,0,0,8,August,Winter,Sunday,02:00 - 03:59,Late night / early morning,False,False,True,True
1364960,Injury,Moderate Injury,2024,2024,August,Thursday,02:00 - 03:59,HUME,HWY,100,South,LEACOCKS,LANE,CASULA,2.0,No,Not a school zone,Divided road,-33.951052,150.903809,Liverpool,Sydney metro. area,Syd-Newc-Woll Gtr conurbation,Curved,,,,On,Sealed,Dry,Fine,Darkness,Nil,No traffic controls,70 km/h,State,81,Off left/rt bnd=>obj,803,Off right bend into obj,Left,Vehicle - Object,Car (sedan/hatch),,1,0,0,1,0,8,August,Winter,Thursday,02:00 - 03:59,Late night / early morning,False,False,True,True
1364963,Injury,Serious Injury,2024,2024,August,Sunday,00:01 - 01:59,BRIGHTON,AVE,0,Right on the spot,ALBERT,RD,CROYDON PARK,2014.0,No,Not a school zone,Roundabout,-33.900458,151.107972,Canterbury-Bankstown,Sydney metro. area,Syd-Newc-Woll Gtr conurbation,Straight,,,,On,Sealed,Dry,Fine,Darkness,Nil,Give way sign,50 km/h,Regional,74,On road-out of cont.,705,Out of control on cway,,Rollover,4 wheel drive / SUV,,1,0,1,0,0,8,August,Winter,Sunday,00:01 - 01:59,Late night / early morning,False,False,True,True
1364964,Injury,Moderate Injury,2024,2024,July,Tuesday,00:01 - 01:59,CARINGBAH,RD,50,West,WILLARONG,RD,CARINGBAH,,No,Not a school zone,2-way undivided,-34.045993,151.117284,Sutherland,Sydney metro. area,Syd-Newc-Woll Gtr conurbation,Straight,,,,On,Sealed,Wet,Raining,Darkness,Nil,No traffic controls,50 km/h,Local,73,Off rd rght => obj,704,Right off cway into obj,,Other angle,4 wheel drive / SUV,Car (sedan/hatch),2,0,0,1,0,7,July,Winter,Tuesday,00:01 - 01:59,Late night / early morning,False,False,True,True
1364967,Injury,Serious Injury,2024,2024,August,Friday,02:00 - 03:59,PARLIAMENT,TCE,10,East,PRINCES,ST,BEXLEY,,No,Not a school zone,X-intersection,-33.941806,151.127316,Bayside,Sydney metro. area,Syd-Newc-Woll Gtr conurbation,Straight,,,,On,Sealed,Dry,Fine,Darkness,Nil,Stop sign,50 km/h,Local,71,Off rd left => obj,703,Left off cway into object,,Other angle,Light truck,Light truck utility(from 2018),3,0,1,0,0,8,August,Winter,Friday,02:00 - 03:59,Late night / early morning,False,False,True,True