crash_id,degree_of_crash,degree_of_crash_-_detailed,reporting_year,year_of_crash,month_of_crash,day_of_week_of_crash,two-hour_intervals,street_of_crash,street_type,distance,direction,identifying_feature,identifying_feature_type,town,route_no.,school_zone_location,school_zone_active,type_of_location,latitude,longitude,lga,urbanisation,conurbation_1,alignment,primary_permanent_feature,primary_temporary_feature,primary_hazardous_feature,street_lighting,road_surface,surface_condition,weather,natural_lighting,signals_operation,other_traffic_control,speed_limit,road_classification_(admin),rum_-_code,rum_-_description,dca_-_code,dca_-_description,dca_supplement,first_impact_type,key_tu_type,other_tu_type,no._of_traffic_units_involved,no._killed,no._seriously_injured,no._moderately_injured,no._minor-other_injured,month_num,month_label,season,day_label,time_label,time_band,is_peak_commute,is_fatal,is_injury,is_casualty
1364969,Injury,Serious Injury,2024,2024,August,Thursday,18:00 - 19:59,OLYMPIC,HWY,0,Right on the spot,OLD NARRANDERA,RD,GOBBAGOMBALIN,78.0,No,Not a school zone,T-junction,-35.084589,147.350212,Wagga Wagga,Country urban,Rest of NSW - Urban,Straight,,,,On,Sealed,Dry,Fine,Dusk,Nil,No traffic controls,80 km/h,State,13,Right near,104,Adj - Right-thru from right,,Right angle,4 wheel drive / SUV,Light truck utility(from 2018),2,0,1,3,0,8,August,Winter,Thursday,18:00 - 19:59,PM peak / evening commute,True,False,True,True
1364972,Injury,Minor/Other Injury,2024,2024,June,Saturday,14:00 - 15:59,PRINCES,HWY,0,Right on the spot,WORRIGEE,ST,NOWRA,1.0,No,Not a school zone,T-junction,-34.876986,150.605015,Shoalhaven,Country urban,Rest of NSW - Urban,Straight,,,,Off,Sealed,Dry,Overcast,Daylight,On,No traffic controls,70 km/h,State,37,Left turn sideswipe,309,Same - Left turn side swipe,,Other angle,Unknown motor vehicle,Car (sedan/hatch),2,0,0,0,1,6,June,Winter,Saturday,14:00 - 15:59,Midday / afternoon,False,False,True,True
1364974,Injury,Moderate Injury,2024,2024,August,Friday,16:00 - 17:59,MOUNTAIN ASH,RD,100,East,MARIAN,RD,GUNDARY,,No,Not a school zone,2-way undivided,-34.825217,149.818928,Goulburn Mulwaree,Country non-urban,Rest of NSW - Rural,Curved,Steep grade,,Loose gravel shoulder,Nil,Sealed,Dry,Fine,Dusk,Nil,No traffic controls,100 km/h,Local,87,Off lft/lft bnd=>obj,804,Off left bend into obj,Left,Vehicle - Object,Car (sedan/hatch),,1,0,0,1,0,8,August,Winter,Friday,16:00 - 17:59,PM peak / evening commute,True,False,True,True
1364975,Injury,Minor/Other Injury,2024,2024,July,Wednesday,16:00 - 17:59,MINJUNGBAL,DR,0,Right on the spot,KIRKWOOD,RD,TWEED HEADS SOUTH,7733.0,No,Not a school zone,X-intersection,-28.198483,153.543781,Tweed,Country urban,Rest of NSW - Urban,Straight,,,,On,Sealed,Wet,Fine,Dusk,On,No traffic controls,60 km/h,Regional,31,Left rear,302,Same - Rear left,,Rear end,Car (sedan/hatch),Car (sedan/hatch),3,0,0,0,2,7,July,Winter,Wednesday,16:00 - 17:59,PM peak / evening commute,True,False,True,True
1364976,Injury,Moderate Injury,2024,2024,July,Wednesday,08:00 - 09:59,GREAT WESTERN,HWY,0,Right on the spot,7-ELEVEN,ENT,BURWOOD,5.0,No,Not a school zone,Divided road,-33.86926,151.108132,Burwood,Sydney metro. area,Syd-Newc-Woll Gtr conurbation,Straight,Driveway/entrance,,,Nil,Sealed,Dry,Fine,Daylight,Nil,No traffic controls,60 km/h,State,7,Driveway,7,Ped - driveway,,Vehicle - Pedestrian,Car (sedan/hatch),Pedestrian,2,0,0,1,0,7,July,Winter,Wednesday,08:00 - 09:59,AM peak / school commute,True,False,True,True
1364977,Injury,Minor/Other Injury,2024,2024,August,Thursday,14:00 - 15:59,GOLDING,DR,170,North,ARMITAGE,DR,GLENDENNING,,No,Not a school zone,2-way undivided,-33.741901,150.854579,Blacktown,Sydney metro. area,Syd-Newc-Woll Gtr conurbation,Straight,Pedestrian refuge,Police pursuit,,Off,Sealed,Dry,Fine,Daylight,Nil,No traffic controls,50 km/h,Local,73,Off rd rght => obj,704,Right off cway into obj,,Vehicle - Object,Car (sedan/hatch),,2,0,0,0,1,8,August,Winter,Thursday,14:00 - 15:59,Midday / afternoon,False,False,True,True
1364979,Injury,Serious Injury,2024,2024,July,Friday,12:00 - 13:59,PRIAM,ST,30,North,WALDRON,RD,CHESTER HILL,,No,Not a school zone,2-way undivided,-33.882941,151.002198,Canterbury-Bankstown,Sydney metro. area,Syd-Newc-Woll Gtr conurbation,Straight,,,,Off,Sealed,Dry,Fine,Daylight,Nil,No traffic controls,40 km/h,Local,42,Leaving parking,401,Manov - Leaving parking,,Other angle,Car (sedan/hatch),Motorcycle,2,0,1,0,0,7,July,Winter,Friday,12:00 - 13:59,Midday / afternoon,False,False,True,True
1364980,Injury,Serious Injury,2024,2024,July,Wednesday,12:00 - 13:59,CHRISTINA,RD,100,West,MILLER,RD,VILLAWOOD,7102.0,No,Not a school zone,2-way undivided,-33.881613,150.992383,Canterbury-Bankstown,Sydney metro. area,Syd-Newc-Woll Gtr conurbation,Curved,,,,Off,Sealed,Dry,Fine,Daylight,Nil,No traffic controls,60 km/h,Regional,81,Off left/rt bnd=>obj,803,Off right bend into obj,Left,Vehicle - Object,4 wheel drive / SUV,,2,0,1,1,0,7,July,Winter,Wednesday,12:00 - 13:59,Midday / afternoon,False,False,True,True
1364981,Injury,Minor/Other Injury,2024,2024,August,Tuesday,04:00 - 05:59,MONARO,HWY,100,South,RYRIE HILL,RD,MICHELAGO,19.0,No,Not a school zone,2-way undivided,-35.789522,149.163533,Snowy Monaro Regional,Country non-urban,Rest of NSW - Rural,Straight,,,,Nil,Sealed,Dry,Fine,Darkness,Nil,No traffic controls,100 km/h,State,20,Head on,201,Opp - Head on,,Head-on,Car (sedan/hatch),B-double (road train prior 98),3,0,0,0,2,8,August,Winter,Tuesday,04:00 - 05:59,Late night / early morning,False,False,True,True
1364983,Injury,Serious Injury,2024,2024,July,Saturday,16:00 - 17:59,HAWKESBURY VALLEY,WAY,0,Right on the spot,DAY,ST,WINDSOR,685.0,No,Not a school zone,T-junction,-33.613862,150.817347,Hawkesbury,Country urban,Syd-Newc-Woll Gtr conurbation,Curved,Other bridge,,,On,Sealed,Dry,Fine,Darkness,Nil,No traffic controls,60 km/h,State,87,Off lft/lft bnd=>obj,804,Off left bend into obj,Left,Vehicle - Object,4 wheel drive / SUV,,1,0,1,1,0,7,July,Winter,Saturday,16:00 - 17:59,PM peak / evening commute,True,False,True,True
1364984,Injury,Serious Injury,2024,2024,June,Thursday,08:00 - 09:59,LACKEY,ST,50,South,CARLTON,CRES,SUMMER HILL,,No,Not a school zone,2-way undivided,-33.890874,151.138379,Inner West,Sydney metro. area,Syd-Newc-Woll Gtr conurbation,Straight,,,,Off,Sealed,Dry,Fine,Daylight,Nil,No traffic controls,40 km/h,Local,63,Vehicle door,604,On path - Vehicle door,,Other angle,Pedal cycle,Light truck utility(from 2018),2,0,1,0,0,6,June,Winter,Thursday,08:00 - 09:59,AM peak / school commute,True,False,True,True
1364985,Injury,Serious Injury,2024,2024,August,Sunday,00:01 - 01:59,DUNBAR,ST,150,South,HEREFORD,ST,STOCKTON,,No,Not a school zone,2-way undivided,-32.909894,151.785345,Newcastle,Newcastle met. area,Syd-Newc-Woll Gtr conurbation,Straight,Foot/cycle path/nature strip,,Potholes/corrugations/rough,On,Sealed,Dry,Fine,Darkness,Nil,No traffic controls,50 km/h,Local,70,Off road to left,701,Off carriageway to left,,Rollover,Quad bike,,1,0,1,0,0,8,August,Winter,Sunday,00:01 - 01:59,Late night / early morning,False,False,True,True
1364986,Injury,Serious Injury,2024,2024,August,Thursday,16:00 - 17:59,PARK,RD,0,Right on the spot,RENOWN,RD,BAULKHAM HILLS,7143.0,No,Not a school zone,Roundabout,-33.761227,151.003933,The Hills,Sydney metro. area,Syd-Newc-Woll Gtr conurbation,Straight,Pedestrian refuge,,,On,Sealed,Dry,Fine,Darkness,Nil,Give way sign,50 km/h,Regional,2,Ped far side,3,Ped - Far side,,Vehicle - Pedestrian,Light truck utility(from 2018),Pedestrian,2,0,1,0,0,8,August,Winter,Thursday,16:00 - 17:59,PM peak / evening commute,True,False,True,True
1364988,Injury,Moderate Injury,2024,2024,August,Monday,18:00 - 19:59,FAIRWAY,DR,50,North,ROSETTA,CRES,NORWEST,,Yes,No,2-way undivided,-33.726562,150.955154,The Hills,Sydney metro. area,Syd-Newc-Woll Gtr conurbation,Curved,,,,On,Sealed,Dry,Fine,Darkness,Nil,Ped crossing,50 km/h,Local,2,Ped far side,3,Ped - Far side,,Vehicle - Pedestrian,Car (sedan/hatch),Pedestrian,2,0,0,1,0,8,August,Winter,Monday,18:00 - 19:59,PM peak / evening commute,True,False,True,True
1364989,Injury,Serious Injury,2024,2024,August,Thursday,08:00 - 09:59,SUTHERLAND,ST,0,Right on the spot,NUMBER 131,HN,MASCOT,,No,Not a school zone,2-way undivided,-33.933377,151.199375,Bayside,Sydney metro. area,Syd-Newc-Woll Gtr conurbation,Straight,Driveway/entrance,,,Off,Sealed,Dry,Fine,Daylight,Nil,No traffic controls,50 km/h,Local,7,Driveway,7,Ped - driveway,,Vehicle - Pedestrian,4 wheel drive / SUV,Pedestrian,2,0,1,0,0,8,August,Winter,Thursday,08:00 - 09:59,AM peak / school commute,True,False,True,True
1364990,Injury,Serious Injury,2024,2024,September,Thursday,16:00 - 17:59,MT KEIRA,RD,1150,West,HARRY GRAHAM,DR,CORDEAUX,,No,Not a school zone,2-way undivided,-34.387087,150.840526,Wollongong,Wollongong met. area,Syd-Newc-Woll Gtr conurbation,Curved,Embankment/cutting,,,Nil,Sealed,Dry,Fine,Daylight,Nil,No traffic controls,80 km/h,Local,83,Off rt/rt bnd=>obj,803,Off right bend into obj,Right,Vehicle - Object,Car (sedan/hatch),,1,0,3,1,0,9,September,Spring,Thursday,16:00 - 17:59,PM peak / evening commute,True,False,True,True
1364991,Injury,Serious Injury,2024,2024,August,Sunday,12:00 - 13:59,KING GEORGES,RD,0,Right on the spot,NUMBER 691,HN,HURSTVILLE,200.0,No,Not a school zone,2-way undivided,-33.967373,151.095975,Georges River,Sydney metro. area,Syd-Newc-Woll Gtr conurbation,Straight,Driveway/entrance,,,Nil,Sealed,Dry,Fine,Daylight,Nil,No traffic controls,60 km/h,State,31,Left rear,302,Same - Rear left,,Rear end,Motorcycle,Car (sedan/hatch),2,0,1,0,0,8,August,Winter,Sunday,12:00 - 13:59,Midday / afternoon,False,False,True,True
1364992,Injury,Serious Injury,2024,2024,September,Wednesday,20:00 - 21:59,TUGGERAH,PDE,0,Right on the spot,NUMBER 154,HN,LONG JETTY,,No,Not a school zone,2-way undivided,-33.360831,151.47956,Central Coast,Country urban,Syd-Newc-Woll Gtr conurbation,Straight,,,,Unknown / not stated,Sealed,Unknown,Unknown,Darkness,Nil,No traffic controls,50 km/h,Local,71,Off rd left => obj,703,Left off cway into object,,Other angle,Car (sedan/hatch),4 wheel drive / SUV,2,0,2,1,0,9,September,Spring,Wednesday,20:00 - 21:59,Evening / night,False,False,True,True
1364993,Injury,Serious Injury,2024,2024,September,Tuesday,18:00 - 19:59,SOUTH DOWLING,ST,0,Right on the spot,FITZROY,ST,SURRY HILLS,593.0,No,Not a school zone,X-intersection,-33.886129,151.217948,Sydney,Sydney metro. area,Syd-Newc-Woll Gtr conurbation,Straight,Foot/cycle path/nature strip,,,On,Sealed,Dry,Fine,Darkness,On,No traffic controls,60 km/h,State,87,Off lft/lft bnd=>obj,706,Left turn,Left,Vehicle - Object,Motorised push scooters,,1,0,1,0,0,9,September,Spring,Tuesday,18:00 - 19:59,PM peak / evening commute,True,False,True,True
1364996,Injury,Moderate Injury,2024,2024,August,Tuesday,14:00 - 15:59,CAHILL,EXP,0,Right on the spot,SYDNEY HARBOUR TUNNEL,TO,SYDNEY,592.0,No,Not a school zone,Dual freeway,-33.862947,151.213533,Sydney,Sydney metro. area,Syd-Newc-Woll Gtr conurbation,Straight,Underpass/tunnel,,,Nil,Sealed,Dry,Fine,Daylight,Nil,No traffic controls,70 km/h,State,30,Rear end,301,Same - Rear end,,Rear end,Large rigid,Car (sedan/hatch),2,0,0,1,0,8,August,Winter,Tuesday,14:00 - 15:59,Midday / afternoon,False,False,True,True
1364997,Injury,Minor/Other Injury,2024,2024,August,Friday,12:00 - 13:59,JAY,AVE,0,Right on the spot,NUMBER 23,HN,BELFIELD,,No,Not a school zone,2-way undivided,-33.904187,151.08731,Canterbury-Bankstown,Sydney metro. area,Syd-Newc-Woll Gtr conurbation,Straight,Foot/cycle path/nature strip,,,Nil,Sealed,Dry,Fine,Daylight,Nil,No traffic controls,50 km/h,Local,7,Driveway,7,Ped - driveway,,Vehicle - Pedestrian,4 wheel drive / SUV,Pedestrian,2,0,0,0,1,8,August,Winter,Friday,12:00 - 13:59,Midday / afternoon,False,False,True,True
1364998,Injury,Serious Injury,2024,2024,September,Thursday,20:00 - 21:59,NEW ENGLAND,HWY,60,South,CALALA,LANE,HILLVUE,9.0,No,Not a school zone,2-way undivided,-31.120687,150.923702,Tamworth Regional,Country urban,Rest of NSW - Urban,Straight,Painted double centre lines,,,On,Sealed,Wet,Raining,Darkness,Nil,No traffic controls,60 km/h,State,20,Head on,201,Opp - Head on,,Head-on,4 wheel drive / SUV,Car (sedan/hatch),2,0,1,0,1,9,September,Spring,Thursday,20:00 - 21:59,Evening / night,False,False,True,True
1364999,Injury,Moderate Injury,2024,2024,August,Friday,08:00 - 09:59,NOBLE,ST,0,Right on the spot,NORMAN,ST,ALLAWAH,,No,Not a school zone,T-junction,-33.974459,151.115512,Georges River,Sydney metro. area,Syd-Newc-Woll Gtr conurbation,Straight,,,,Off,Sealed,Dry,Fine,Daylight,Nil,Give way sign,50 km/h,Local,88,Out of cont on bend,706,Left turn,,Rollover,Motorcycle,,1,0,0,1,0,8,August,Winter,Friday,08:00 - 09:59,AM peak / school commute,True,False,True,True
1365000,Injury,Serious Injury,2024,2024,September,Wednesday,18:00 - 19:59,OLD SOUTH HEAD,RD,0,Right on the spot,BEAUMONT,ST,ROSE BAY,339.0,No,Not a school zone,X-intersection,-33.874302,151.273029,Waverley,Sydney metro. area,Syd-Newc-Woll Gtr conurbation,Straight,,,,Nil,Sealed,Dry,Fine,Darkness,Nil,Give way sign,50 km/h,State,0,Ped nearside,1,Ped - Near side,,Vehicle - Pedestrian,Car (sedan/hatch),Pedestrian,2,0,1,0,0,9,September,Spring,Wednesday,18:00 - 19:59,PM peak / evening commute,True,False,True,True
1365001,Injury,Minor/Other Injury,2024,2024,September,Saturday,00:01 - 01:59,GARDENERS,RD,0,Right on the spot,NUMBER 28,HN,KINGSFORD,183.0,No,Not a school zone,Divided road,-33.925028,151.226992,Randwick,Sydney metro. area,Syd-Newc-Woll Gtr conurbation,Straight,,,,On,Sealed,Dry,Fine,Darkness,Nil,No traffic controls,60 km/h,State,73,Off rd rght => obj,704,Right off cway into obj,,Vehicle - Object,Car (sedan/hatch),,1,0,0,0,1,9,September,Spring,Saturday,00:01 - 01:59,Late night / early morning,False,False,True,True
1365002,Injury,Minor/Other Injury,2024,2024,August,Wednesday,16:00 - 17:59,PRINCES,HWY,0,Right on the spot,WONIORA,RD,BLAKEHURST,1.0,No,Not a school zone,T-junction,-33.983295,151.114422,Georges River,Sydney metro. area,Syd-Newc-Woll Gtr conurbation,Straight,,,,Off,Sealed,Dry,Fine,Daylight,Nil,Left turn only,70 km/h,State,0,Ped nearside,1,Ped - Near side,,Vehicle - Pedestrian,Car (sedan/hatch),Pedestrian,2,0,0,0,1,8,August,Winter,Wednesday,16:00 - 17:59,PM peak / evening commute,True,False,True,True
1365003,Injury,Serious Injury,2024,2024,August,Saturday,00:01 - 01:59,BAY,ST,0,Right on the spot,YARRAWONGA PARK,RD,BALCOLYN,,No,Not a school zone,L-junction,-33.094774,151.546927,Lake Macquarie,Newcastle met. area,Syd-Newc-Woll Gtr conurbation,Curved,,,,On,Sealed,Dry,Fine,Darkness,Nil,No traffic controls,50 km/h,Local,81,Off left/rt bnd=>obj,803,Off right bend into obj,Left,Vehicle - Object,Motorcycle,,1,0,1,0,0,8,August,Winter,Saturday,00:01 - 01:59,Late night / early morning,False,False,True,True
1365004,Injury,Minor/Other Injury,2024,2024,September,Thursday,14:00 - 15:59,GIBSON,ST,0,Right on the spot,GOUROCK,AVE,GOULBURN,,No,Not a school zone,T-junction,-34.730516,149.720685,Goulburn Mulwaree,Country urban,Rest of NSW - Urban,Straight,Driveway/entrance,,,Off,Sealed,Dry,Fine,Daylight,Nil,No traffic controls,50 km/h,Local,47,Emerging from drive,406,Manov - Emerging from driveway,,Right angle,Pedal cycle,Car (sedan/hatch),2,0,0,0,1,9,September,Spring,Thursday,14:00 - 15:59,Midday / afternoon,False,False,True,True
1365005,Injury,Minor/Other Injury,2024,2024,August,Sunday,16:00 - 17:59,RESERVE,RD,20,South,DE MEYRICK,AVE,CASULA,,No,Not a school zone,2-way undivided,-33.943235,150.907377,Liverpool,Sydney metro. area,Syd-Newc-Woll Gtr conurbation,Straight,,,,Off,Sealed,Dry,Fine,Dusk,Nil,No traffic controls,50 km/h,Local,54,Cutting in,504,Ovtak - Cutting in,,Other angle,Utility,4 wheel drive / SUV,3,0,0,0,2,8,August,Winter,Sunday,16:00 - 17:59,PM peak / evening commute,True,False,True,True
1365006,Injury,Serious Injury,2024,2024,August,Friday,08:00 - 09:59,ELIZABETH,DR,0,Right on the spot,NORTHUMBERLAND,ST,LIVERPOOL,,No,Not a school zone,T-junction,-33.91998,150.922885,Liverpool,Sydney metro. area,Syd-Newc-Woll Gtr conurbation,Straight,,,,Off,Sealed,Dry,Fine,Daylight,On,Ped crossing,30 km/h,Local,0,Ped nearside,1,Ped - Near side,,Vehicle - Pedestrian,Car (sedan/hatch),Pedestrian,2,0,1,1,0,8,August,Winter,Friday,08:00 - 09:59,AM peak / school commute,True,False,True,True
1365009,Injury,Serious Injury,2024,2024,July,Saturday,14:00 - 15:59,WAGGA,RD,0,Right on the spot,HUME,HWY,HOLBROOK,211.0,No,Not a school zone,T-junction,-35.705435,147.322422,Greater Hume,Country urban,Rest of NSW - Urban,Straight,,,,Nil,Sealed,Dry,Fine,Daylight,Nil,No traffic controls,80 km/h,State,21,Right through,202,Opp - Right-thru,,Other angle,4 wheel drive / SUV,Motorcycle,2,0,1,0,0,7,July,Winter,Saturday,14:00 - 15:59,Midday / afternoon,False,False,True,True
1365010,Injury,Moderate Injury,2024,2024,August,Friday,16:00 - 17:59,WINDSOR,RD,0,Right on the spot,COOK,ST,BAULKHAM HILLS,184.0,No,Not a school zone,T-junction,-33.765418,150.996381,The Hills,Sydney metro. area,Syd-Newc-Woll Gtr conurbation,Straight,,,,On,Sealed,Dry,Overcast,Dusk,On,No traffic controls,60 km/h,State,30,Rear end,301,Same - Rear end,,Rear end,4 wheel drive / SUV,Car (sedan/hatch),2,0,0,1,0,8,August,Winter,Friday,16:00 - 17:59,PM peak / evening commute,True,False,True,True
1365011,Injury,Serious Injury,2024,2024,September,Monday,18:00 - 19:59,BRADBURY,AVE,0,Right on the spot,NUMBER 14A,HN,CAMPBELLTOWN,,No,Not a school zone,2-way undivided,-34.071526,150.812976,Campbelltown,Sydney metro. area,Syd-Newc-Woll Gtr conurbation,Curved,,,,On,Sealed,Dry,Fine,Darkness,Nil,No traffic controls,50 km/h,Local,81,Off left/rt bnd=>obj,803,Off right bend into obj,Left,Other angle,Motorcycle,Car (sedan/hatch),3,0,1,0,0,9,September,Spring,Monday,18:00 - 19:59,PM peak / evening commute,True,False,True,True
1365013,Injury,Serious Injury,2024,2024,September,Monday,12:00 - 13:59,GENERAL HOLMES,DR,100,South,BESTIC,ST,BRIGHTON-LE-SANDS,194.0,No,Not a school zone,Divided road,-33.952405,151.160754,Bayside,Sydney metro. area,Syd-Newc-Woll Gtr conurbation,Straight,,,,Nil,Sealed,Dry,Fine,Daylight,Nil,No traffic controls,60 km/h,State,71,Off rd left => obj,703,Left off cway into object,,Other angle,Motorcycle,4 wheel drive / SUV,2,0,1,0,0,9,September,Spring,Monday,12:00 - 13:59,Midday / afternoon,False,False,True,True
1365014,Injury,Minor/Other Injury,2024,2024,September,Monday,16:00 - 17:59,ILLAWARRA,HWY,0,Right on the spot,HAMILTON,RD,ALBION PARK,25.0,Yes,No,T-junction,-34.571026,150.771518,Shellharbour,Wollongong met. area,Syd-Newc-Woll Gtr conurbation,Straight,,,,Unknown / not stated,Sealed,Dry,Fine,Dusk,Nil,Give way sign,50 km/h,State,34,Lane change right,306,Same - Lane change right,,Other angle,4 wheel drive / SUV,Light truck utility(from 2018),2,0,0,0,1,9,September,Spring,Monday,16:00 - 17:59,PM peak / evening commute,True,False,True,True
1365015,Injury,Serious Injury,2024,2024,September,Thursday,08:00 - 09:59,MITCHELL,HWY,220,East,BUNGLEGUMBIE,RD,DUBBO,7.0,No,Not a school zone,2-way undivided,-32.203807,148.538331,Dubbo Regional,Country non-urban,Rest of NSW - Rural,Curved,Driveway/entrance,,,Nil,Sealed,Dry,Fine,Daylight,Nil,No traffic controls,110 km/h,State,47,Emerging from drive,406,Manov - Emerging from driveway,,Right angle,4 wheel drive / SUV,Semi-trailer,2,0,1,0,0,9,September,Spring,Thursday,08:00 - 09:59,AM peak / school commute,True,False,True,True
1365016,Injury,Moderate Injury,2024,2024,August,Tuesday,14:00 - 15:59,GREAT WESTERN,HWY,0,Right on the spot,BIRNIE,AVE,LIDCOMBE,5.0,No,Not a school zone,X-intersection,-33.85484,151.061436,Cumberland,Sydney metro. area,Syd-Newc-Woll Gtr conurbation,Straight,,,,Nil,Sealed,Dry,Fine,Daylight,On,No traffic controls,60 km/h,State,21,Right through,202,Opp - Right-thru,,Other angle,Light truck utility(from 2018),Motorcycle,2,0,0,1,0,8,August,Winter,Tuesday,14:00 - 15:59,Midday / afternoon,False,False,True,True
1365017,Injury,Minor/Other Injury,2024,2024,August,Friday,22:00 - Midnight,NEWELL,HWY,2000,South,LOWES,RD,BOGGABILLA,17.0,No,Not a school zone,2-way undivided,-28.645191,150.342345,Moree Plains,Country non-urban,Rest of NSW - Rural,Curved,Painted double centre lines,,,Nil,Sealed,Dry,Fine,Darkness,Nil,No traffic controls,110 km/h,State,20,Head on,201,Opp - Head on,,Head-on,Light truck utility(from 2018),Road train,2,0,0,0,1,8,August,Winter,Friday,22:00 - Midnight,Evening / night,False,False,True,True
1365019,Injury,Serious Injury,2024,2024,August,Sunday,16:00 - 17:59,OLD NORTHERN,RD,0,Right on the spot,NUMBER 3102,HN,GLENORIE,160.0,No,Not a school zone,2-way undivided,-33.558811,151.010631,Hornsby,Sydney metro. area,Syd-Newc-Woll Gtr conurbation,Curved,Driveway/entrance,,,Nil,Sealed,Dry,Overcast,Dusk,Nil,No traffic controls,80 km/h,State,37,Left turn sideswipe,309,Same - Left turn side swipe,,Other angle,Light truck utility(from 2018),Light truck,2,0,2,0,0,8,August,Winter,Sunday,16:00 - 17:59,PM peak / evening commute,True,False,True,True
1365021,Injury,Moderate Injury,2024,2024,September,Sunday,12:00 - 13:59,LONG POINT,RD,5400,North,MILLER,ST,MULLION CREEK,,No,Not a school zone,2-way undivided,-33.104242,149.160181,Cabonne,Country non-urban,Rest of NSW - Rural,Curved,Steep grade,,,Nil,Sealed,Dry,Fine,Daylight,Nil,No traffic controls,100 km/h,Local,81,Off left/rt bnd=>obj,803,Off right bend into obj,Left,Vehicle - Object,Light truck utility(from 2018),,1,0,0,2,0,9,September,Spring,Sunday,12:00 - 13:59,Midday / afternoon,False,False,True,True
1365022,Injury,Serious Injury,2024,2024,September,Tuesday,16:00 - 17:59,CHISHOLM,RD,0,Right on the spot,CHISWICK,RD,AUBURN,7467.0,Yes,No,Roundabout,-33.859834,151.019166,Cumberland,Sydney metro. area,Syd-Newc-Woll Gtr conurbation,Straight,Foot/cycle path/nature strip,,,Nil,Sealed,Dry,Fine,Dusk,Nil,Give way sign,50 km/h,Regional,48,From footpath,408,Manov - From footway,,Other angle,Pedal cycle,Car (sedan/hatch),2,0,1,1,0,9,September,Spring,Tuesday,16:00 - 17:59,PM peak / evening commute,True,False,True,True
1365023,Injury,Moderate Injury,2024,2024,September,Wednesday,16:00 - 17:59,LUXFORD,RD,0,Right on the spot,PALMYRA,AVE,LETHBRIDGE PARK,7161.0,No,Not a school zone,T-junction,-33.73541,150.799541,Blacktown,Sydney metro. area,Syd-Newc-Woll Gtr conurbation,Straight,,,,Off,Sealed,Dry,Fine,Dusk,On,No traffic controls,60 km/h,Regional,21,Right through,202,Opp - Right-thru,,Other angle,4 wheel drive / SUV,Car (sedan/hatch),2,0,0,2,0,9,September,Spring,Wednesday,16:00 - 17:59,PM peak / evening commute,True,False,True,True
1365026,Injury,Moderate Injury,2024,2024,September,Sunday,18:00 - 19:59,BROOKE,AVE,0,Right on the spot,ROBERTSON,RD,KILLARNEY VALE,,Yes,No,T-junction,-33.375693,151.464831,Central Coast,Country urban,Syd-Newc-Woll Gtr conurbation,Curved,,,,On,Sealed,Dry,Fine,Darkness,Nil,No traffic controls,50 km/h,Local,85,Off rt/lft bnd=>obj,804,Off left bend into obj,Right,Vehicle - Object,Car (sedan/hatch),,1,0,0,2,0,9,September,Spring,Sunday,18:00 - 19:59,PM peak / evening commute,True,False,True,True
1365027,Injury,Moderate Injury,2024,2024,September,Monday,06:00 - 07:59,CRESTWOOD,DR,0,Right on the spot,NUMBER 12,HN,PORT MACQUARIE,,No,Not a school zone,2-way undivided,-31.470077,152.908404,Port Macquarie-Hastings,Country urban,Rest of NSW - Urban,Curved,Ditch/drain/culvert,,,Nil,Sealed,Dry,Fine,Daylight,Nil,No traffic controls,50 km/h,Local,87,Off lft/lft bnd=>obj,804,Off left bend into obj,Left,Vehicle - Object,Car (sedan/hatch),,1,0,0,1,0,9,September,Spring,Monday,06:00 - 07:59,AM peak / school commute,True,False,True,True
1365028,Injury,Moderate Injury,2024,2024,September,Monday,12:00 - 13:59,GREAT WESTERN,HWY,0,Right on the spot,COLYTON,RD,MINCHINBURY,5.0,No,Not a school zone,T-junction,-33.78074,150.820151,Blacktown,Sydney metro. area,Syd-Newc-Woll Gtr conurbation,Straight,,,,Nil,Sealed,Dry,Fine,Daylight,On,No traffic controls,80 km/h,State,21,Right through,202,Opp - Right-thru,,Other angle,Car (sedan/hatch),Light truck utility(from 2018),3,0,0,1,0,9,September,Spring,Monday,12:00 - 13:59,Midday / afternoon,False,False,True,True
1365029,Injury,Moderate Injury,2024,2024,September,Wednesday,10:00 - 11:59,PORT HACKING,RD,0,Right on the spot,BOX,RD,SYLVANIA,669.0,No,Not a school zone,X-intersection,-34.022235,151.106927,Sutherland,Sydney metro. area,Syd-Newc-Woll Gtr conurbation,Straight,,,,Off,Sealed,Dry,Fine,Daylight,On,No traffic controls,70 km/h,State,10,Cross traffic,101,Adj - Cross traffic,,Right angle,4 wheel drive / SUV,4 wheel drive / SUV,2,0,0,2,0,9,September,Spring,Wednesday,10:00 - 11:59,Midday / afternoon,False,False,True,True
1365030,Injury,Moderate Injury,2024,2024,September,Monday,08:00 - 09:59,BECKENHAM,ST,0,Right on the spot,RAVENSWOOD,ST,CANLEY VALE,,No,Not a school zone,T-junction,-33.890431,150.957415,Fairfield,Sydney metro. area,Syd-Newc-Woll Gtr conurbation,Straight,,,,Off,Sealed,Dry,Fine,Daylight,Nil,No traffic controls,50 km/h,Local,21,Right through,202,Opp - Right-thru,,Other angle,4 wheel drive / SUV,Motorcycle,2,0,0,1,0,9,September,Spring,Monday,08:00 - 09:59,AM peak / school commute,True,False,True,True