crash_id,degree_of_crash,degree_of_crash_-_detailed,reporting_year,year_of_crash,month_of_crash,day_of_week_of_crash,two-hour_intervals,street_of_crash,street_type,distance,direction,identifying_feature,identifying_feature_type,town,route_no.,school_zone_location,school_zone_active,type_of_location,latitude,longitude,lga,urbanisation,conurbation_1,alignment,primary_permanent_feature,primary_temporary_feature,primary_hazardous_feature,street_lighting,road_surface,surface_condition,weather,natural_lighting,signals_operation,other_traffic_control,speed_limit,road_classification_(admin),rum_-_code,rum_-_description,dca_-_code,dca_-_description,dca_supplement,first_impact_type,key_tu_type,other_tu_type,no._of_traffic_units_involved,no._killed,no._seriously_injured,no._moderately_injured,no._minor-other_injured,month_num,month_label,season,day_label,time_label,time_band,is_peak_commute,is_fatal,is_injury,is_casualty
1365032,Injury,Serious Injury,2024,2024,September,Saturday,16:00 - 17:59,BEECROFT,RD,0,Right on the spot,ALBERT,RD,BEECROFT,139.0,No,Not a school zone,X-intersection,-33.744367,151.063702,Hornsby,Sydney metro. area,Syd-Newc-Woll Gtr conurbation,Straight,Steep grade,,,Off,Sealed,Dry,Fine,Daylight,Nil,Stop sign,60 km/h,State,11,Right far,102,Adj - Right-thru from left,,Right angle,Car (sedan/hatch),Car (sedan/hatch),2,0,1,1,0,9,September,Spring,Saturday,16:00 - 17:59,PM peak / evening commute,True,False,True,True
1365033,Injury,Moderate Injury,2024,2024,September,Saturday,10:00 - 11:59,RAILWAY,PDE,170,West,LILY,ST,ALLAWAH,7006.0,No,Not a school zone,2-way undivided,-33.969919,151.11405,Georges River,Sydney metro. area,Syd-Newc-Woll Gtr conurbation,Curved,,,,Off,Sealed,Dry,Fine,Daylight,Nil,No traffic controls,50 km/h,Regional,63,Vehicle door,604,On path - Vehicle door,,Other angle,Motorcycle,Car (sedan/hatch),3,0,0,1,0,9,September,Spring,Saturday,10:00 - 11:59,Midday / afternoon,False,False,True,True
1365036,Injury,Serious Injury,2024,2024,September,Saturday,04:00 - 05:59,MITCHELL,HWY,0,Right on the spot,COOREENA,RD,DUBBO,7.0,No,Not a school zone,X-intersection,-32.221768,148.563505,Dubbo Regional,Country non-urban,Rest of NSW - Rural,Straight,,,,Off,Sealed,Dry,Fine,Dawn,Nil,Give way sign,90 km/h,State,10,Cross traffic,101,Adj - Cross traffic,,Right angle,4 wheel drive / SUV,Light truck utility(from 2018),2,0,1,1,0,9,September,Spring,Saturday,04:00 - 05:59,Late night / early morning,False,False,True,True
1365037,Injury,Minor/Other Injury,2024,2024,September,Friday,12:00 - 13:59,PACIFIC,HWY,20,North,WAUGH STREET,TO,CHINDERAH,10.0,No,Not a school zone,Divided road,-28.235972,153.561983,Tweed,Country non-urban,Rest of NSW - Rural,Straight,,,,Off,Sealed,Dry,Fine,Daylight,Nil,No traffic controls,110 km/h,State,33,Lane sideswipe,305,Same - Lane side swipe,,Other angle,4 wheel drive / SUV,Semi-trailer,2,0,0,0,1,9,September,Spring,Friday,12:00 - 13:59,Midday / afternoon,False,False,True,True
1365038,Injury,Moderate Injury,2024,2024,August,Wednesday,14:00 - 15:59,OLIVER,AVE,0,Right on the spot,WARATAH,WAY,GOONELLABAH,,No,Not a school zone,T-junction,-28.82228,153.339783,Lismore,Country urban,Rest of NSW - Urban,Straight,,,,Nil,Sealed,Dry,Fine,Daylight,Nil,No traffic controls,50 km/h,Local,2,Ped far side,3,Ped - Far side,,Vehicle - Pedestrian,Motorcycle,Pedestrian,2,0,0,2,0,8,August,Winter,Wednesday,14:00 - 15:59,Midday / afternoon,False,False,True,True
1365039,Injury,Serious Injury,2024,2024,September,Wednesday,08:00 - 09:59,LINDEN,AVE,0,Right on the spot,SAWTELL,RD,BOAMBEE EAST,,No,Not a school zone,T-junction,-30.343898,153.085028,Coffs Harbour,Country urban,Rest of NSW - Urban,Straight,,,,Off,Sealed,Dry,Fine,Daylight,Nil,Give way sign,50 km/h,Local,13,Right near,104,Adj - Right-thru from right,,Right angle,Car (sedan/hatch),Motorcycle,2,0,1,0,0,9,September,Spring,Wednesday,08:00 - 09:59,AM peak / school commute,True,False,True,True
1365040,Injury,Minor/Other Injury,2024,2024,September,Wednesday,04:00 - 05:59,APPIN,RD,1300,East,BADEN POWELL,DR,CATARACT,177.0,No,Not a school zone,2-way undivided,-34.246725,150.847522,Wollondilly,Country non-urban,Syd-Newc-Woll Gtr conurbation,Straight,,,,Nil,Sealed,Dry,Fine,Dawn,Nil,No traffic controls,90 km/h,State,20,Head on,201,Opp - Head on,,Head-on,Car (sedan/hatch),Semi-trailer,2,0,0,0,1,9,September,Spring,Wednesday,04:00 - 05:59,Late night / early morning,False,False,True,True
1365041,Injury,Serious Injury,2024,2024,August,Saturday,20:00 - 21:59,KYLE,PDE,100,South,TAWARRI,CRES,KYLE BAY,,No,Not a school zone,2-way undivided,-33.990149,151.097279,Georges River,Sydney metro. area,Syd-Newc-Woll Gtr conurbation,Curved,Embankment/cutting,,,On,Sealed,Dry,Fine,Darkness,Nil,No traffic controls,50 km/h,Local,85,Off rt/lft bnd=>obj,804,Off left bend into obj,Right,Vehicle - Object,4 wheel drive / SUV,,1,0,2,1,0,8,August,Winter,Saturday,20:00 - 21:59,Evening / night,False,False,True,True
1365042,Injury,Moderate Injury,2024,2024,August,Wednesday,14:00 - 15:59,ILLAWARRA,RD,0,Right on the spot,NUMBER 24,HN,MARRICKVILLE,,No,Not a school zone,2-way undivided,-33.903328,151.16264,Inner West,Sydney metro. area,Syd-Newc-Woll Gtr conurbation,Straight,,,,Nil,Sealed,Dry,Fine,Daylight,Nil,No traffic controls,50 km/h,Local,73,Off rd rght => obj,704,Right off cway into obj,,Other angle,Car (sedan/hatch),4 wheel drive / SUV,2,0,0,1,0,8,August,Winter,Wednesday,14:00 - 15:59,Midday / afternoon,False,False,True,True
1365043,Injury,Serious Injury,2024,2024,June,Wednesday,10:00 - 11:59,GWYDIR,HWY,0,Right on the spot,CASTLEREAGH,HWY,WALGETT,12.0,No,Not a school zone,T-junction,-29.918954,148.164763,Walgett,Country non-urban,Rest of NSW - Rural,Curved,,,,Nil,Sealed,Wet,Raining,Daylight,Nil,Give way sign,110 km/h,State,13,Right near,104,Adj - Right-thru from right,,Right angle,Car (sedan/hatch),Light truck utility(from 2018),2,0,1,2,0,6,June,Winter,Wednesday,10:00 - 11:59,Midday / afternoon,False,False,True,True
1365045,Injury,Serious Injury,2024,2024,August,Friday,10:00 - 11:59,WINDSOR,RD,0,Right on the spot,COMMERCIAL ROAD,TO,ROUSE HILL,184.0,No,Not a school zone,Divided road,-33.687828,150.920102,The Hills,Sydney metro. area,Syd-Newc-Woll Gtr conurbation,Straight,,,,Off,Sealed,Dry,Fine,Daylight,Nil,Ped crossing,80 km/h,State,33,Lane sideswipe,305,Same - Lane side swipe,,Other angle,Large rigid,Pedal cycle,2,0,1,0,0,8,August,Winter,Friday,10:00 - 11:59,Midday / afternoon,False,False,True,True
1365048,Injury,Serious Injury,2024,2024,September,Wednesday,18:00 - 19:59,PRINCES,HWY,80,North,PORTER,RD,ENGADINE,1.0,No,Not a school zone,Divided road,-34.062361,151.022178,Sutherland,Sydney metro. area,Syd-Newc-Woll Gtr conurbation,Curved,,,,On,Sealed,Dry,Fine,Darkness,Nil,No traffic controls,70 km/h,State,30,Rear end,301,Same - Rear end,,Rear end,Unknown motor vehicle,Pedal cycle,2,0,1,0,0,9,September,Spring,Wednesday,18:00 - 19:59,PM peak / evening commute,True,False,True,True
1365049,Injury,Serious Injury,2024,2024,September,Monday,20:00 - 21:59,PACIFIC,HWY,750,South,BONANZA DRIVE,OP,OCEAN SHORES,10.0,No,Not a school zone,Divided road,-28.512952,153.529268,Byron,Country non-urban,Rest of NSW - Rural,Straight,,,,On,Sealed,Wet,Raining,Darkness,Nil,No traffic controls,110 km/h,State,71,Off rd left => obj,703,Left off cway into object,,Vehicle - Object,4 wheel drive / SUV,,1,0,1,0,0,9,September,Spring,Monday,20:00 - 21:59,Evening / night,False,False,True,True
1365050,Injury,Moderate Injury,2024,2024,August,Sunday,10:00 - 11:59,COLERAINE,ST,0,Right on the spot,OXLEY,ST,FAIRFIELD,,No,Not a school zone,T-junction,-33.874441,150.946014,Fairfield,Sydney metro. area,Syd-Newc-Woll Gtr conurbation,Straight,,,,Off,Sealed,Dry,Fine,Daylight,Nil,Give way sign,50 km/h,Local,32,Right rear,303,Same - Rear right,,Rear end,Car (sedan/hatch),Car (sedan/hatch),2,0,0,1,0,8,August,Winter,Sunday,10:00 - 11:59,Midday / afternoon,False,False,True,True
1365052,Injury,Moderate Injury,2024,2024,September,Saturday,12:00 - 13:59,TWEED VALLEY,WAY,0,Right on the spot,SERVICE CENTRE,ENT,CHINDERAH,679.0,No,Not a school zone,Divided road,-28.257598,153.52491,Tweed,Country urban,Rest of NSW - Urban,Straight,Driveway/entrance,,,Off,Sealed,Dry,Fine,Daylight,Nil,Give way sign,80 km/h,Regional,47,Emerging from drive,406,Manov - Emerging from driveway,,Right angle,Car (sedan/hatch),Light truck utility(from 2018),2,0,0,1,0,9,September,Spring,Saturday,12:00 - 13:59,Midday / afternoon,False,False,True,True
1365053,Injury,Serious Injury,2024,2024,September,Monday,16:00 - 17:59,PRINCES,HWY,0,Right on the spot,NUMBER 1335,HN,HEATHCOTE,1.0,No,Not a school zone,Divided road,-34.086967,151.008381,Sutherland,Sydney metro. area,Syd-Newc-Woll Gtr conurbation,Straight,,,,Off,Sealed,Dry,Fine,Daylight,Nil,No traffic controls,60 km/h,State,71,Off rd left => obj,703,Left off cway into object,,Other angle,Car (sedan/hatch),Car (sedan/hatch),3,0,1,0,0,9,September,Spring,Monday,16:00 - 17:59,PM peak / evening commute,True,False,True,True
1365056,Injury,Moderate Injury,2024,2024,September,Wednesday,10:00 - 11:59,ROCKDALE PLAZA,DR,260,West,WEST BOTANY,ST,ROCKDALE,,No,Not a school zone,2-way undivided,-33.957894,151.143489,Bayside,Sydney metro. area,Syd-Newc-Woll Gtr conurbation,Curved,,,,Nil,Sealed,Wet,Fine,Daylight,Nil,No traffic controls,50 km/h,Local,81,Off left/rt bnd=>obj,803,Off right bend into obj,Left,Vehicle - Object,Light truck utility(from 2018),,1,0,0,1,0,9,September,Spring,Wednesday,10:00 - 11:59,Midday / afternoon,False,False,True,True
1365057,Injury,Moderate Injury,2024,2024,September,Friday,14:00 - 15:59,MACINTYRE,ST,0,Right on the spot,OLD BUNDARRA,RD,INVERELL,,No,Not a school zone,X-intersection,-29.78045,151.107993,Inverell,Country urban,Rest of NSW - Urban,Straight,,,,Nil,Sealed,Dry,Fine,Daylight,Nil,Give way sign,50 km/h,Local,10,Cross traffic,101,Adj - Cross traffic,,Right angle,Light truck,Car (sedan/hatch),2,0,0,2,0,9,September,Spring,Friday,14:00 - 15:59,Midday / afternoon,False,False,True,True
1365058,Injury,Serious Injury,2024,2024,September,Friday,18:00 - 19:59,HUME,HWY,1000,South,RABY ROAD,OP,EAGLE VALE,2.0,No,Not a school zone,Dual freeway,-34.03861,150.822819,Campbelltown,Sydney metro. area,Syd-Newc-Woll Gtr conurbation,Curved,,,,On,Sealed,Dry,Fine,Darkness,Nil,No traffic controls,110 km/h,State,34,Lane change right,306,Same - Lane change right,,Other angle,Car (sedan/hatch),4 wheel drive / SUV,3,0,1,0,0,9,September,Spring,Friday,18:00 - 19:59,PM peak / evening commute,True,False,True,True
1365060,Injury,Serious Injury,2024,2024,September,Monday,16:00 - 17:59,BUNDOCK,ST,0,Right on the spot,ELPHINSTONE,RD,SOUTH COOGEE,,No,Not a school zone,T-junction,-33.92807,151.250143,Randwick,Sydney metro. area,Syd-Newc-Woll Gtr conurbation,Straight,,,,Off,Sealed,Dry,Fine,Daylight,Nil,Stop sign,50 km/h,Local,0,Ped nearside,1,Ped - Near side,,Vehicle - Pedestrian,4 wheel drive / SUV,Pedestrian,2,0,1,0,0,9,September,Spring,Monday,16:00 - 17:59,PM peak / evening commute,True,False,True,True
1365061,Injury,Serious Injury,2024,2024,October,Tuesday,10:00 - 11:59,OLD NORTHERN,RD,0,Right on the spot,GAREMYN,RD,GLENORIE,160.0,No,Not a school zone,T-junction,-33.634694,151.022618,Hornsby,Sydney metro. area,Syd-Newc-Woll Gtr conurbation,Straight,Steep grade,,,Unknown / not stated,Sealed,Dry,Fine,Daylight,Nil,No traffic controls,80 km/h,State,32,Right rear,303,Same - Rear right,,Rear end,4 wheel drive / SUV,Car (sedan/hatch),3,0,1,2,0,10,October,Spring,Tuesday,10:00 - 11:59,Midday / afternoon,False,False,True,True
1365062,Injury,Minor/Other Injury,2024,2024,September,Wednesday,20:00 - 21:59,CENTRAL COAST,HWY,0,Right on the spot,NUMBER 41,HN,THE ENTRANCE,30.0,No,Not a school zone,2-way undivided,-33.341209,151.495193,Central Coast,Country urban,Syd-Newc-Woll Gtr conurbation,Straight,Driveway/entrance,,,Unknown / not stated,Sealed,Dry,Fine,Darkness,Nil,No traffic controls,50 km/h,State,47,Emerging from drive,406,Manov - Emerging from driveway,,Right angle,Car (sedan/hatch),Car (sedan/hatch),2,0,0,0,4,9,September,Spring,Wednesday,20:00 - 21:59,Evening / night,False,False,True,True
1365064,Injury,Moderate Injury,2024,2024,September,Sunday,16:00 - 17:59,STORNOWAY,AVE,0,Right on the spot,STRANRAER,DR,ST ANDREWS,,No,Not a school zone,T-junction,-34.023925,150.828502,Campbelltown,Sydney metro. area,Syd-Newc-Woll Gtr conurbation,Straight,Steep grade,,,Off,Sealed,Dry,Fine,Daylight,Nil,No traffic controls,50 km/h,Local,75,Off end of road,709,Off end cway or T junct,,Vehicle - Object,Light truck utility(from 2018),,1,0,0,1,0,9,September,Spring,Sunday,16:00 - 17:59,PM peak / evening commute,True,False,True,True
1365065,Injury,Minor/Other Injury,2024,2024,September,Tuesday,06:00 - 07:59,BRIENS,RD,10,North,DARCY,RD,WESTMEAD,7481.0,No,Not a school zone,Roundabout,-33.803253,150.978089,Parramatta,Sydney metro. area,Syd-Newc-Woll Gtr conurbation,Curved,,,,Off,Sealed,Wet,Fine,Daylight,Nil,No traffic controls,50 km/h,Regional,30,Rear end,301,Same - Rear end,,Rear end,Car (sedan/hatch),4 wheel drive / SUV,2,0,0,0,1,9,September,Spring,Tuesday,06:00 - 07:59,AM peak / school commute,True,False,True,True
1365067,Injury,Serious Injury,2024,2024,September,Saturday,12:00 - 13:59,OLIVE,ST,0,Right on the spot,GROVE SQUARE SHOPPING CENTRE,ENT,BAULKHAM HILLS,,No,Not a school zone,2-way undivided,-33.759648,150.991748,The Hills,Sydney metro. area,Syd-Newc-Woll Gtr conurbation,Straight,Driveway/entrance,,,Off,Sealed,Dry,Fine,Daylight,Nil,Ped crossing,50 km/h,Local,7,Driveway,7,Ped - driveway,,Vehicle - Pedestrian,4 wheel drive / SUV,Pedestrian,2,0,1,0,0,9,September,Spring,Saturday,12:00 - 13:59,Midday / afternoon,False,False,True,True
1365071,Injury,Moderate Injury,2024,2024,October,Wednesday,08:00 - 09:59,MINJUNGBAL,DR,0,Right on the spot,DRY DOCK,RD,TWEED HEADS SOUTH,7733.0,No,Not a school zone,T-junction,-28.187321,153.540051,Tweed,Country urban,Rest of NSW - Urban,Straight,,,,Nil,Sealed,Dry,Fine,Daylight,On,No traffic controls,60 km/h,Regional,21,Right through,202,Opp - Right-thru,,Other angle,4 wheel drive / SUV,Car (sedan/hatch),2,0,0,1,0,10,October,Spring,Wednesday,08:00 - 09:59,AM peak / school commute,True,False,True,True
1365072,Injury,Minor/Other Injury,2024,2024,September,Tuesday,22:00 - Midnight,ELLENGERAH,RD,250,West,RIFLE RANGE,RD,WARREN,,No,Not a school zone,2-way undivided,-31.73915,147.864412,Warren,Country non-urban,Rest of NSW - Rural,Curved,Other bridge,Police pursuit,,Nil,Unsealed,Dry,Fine,Darkness,Nil,No traffic controls,100 km/h,Local,81,Off left/rt bnd=>obj,803,Off right bend into obj,Left,Vehicle - Object,Car (sedan/hatch),,1,0,0,0,1,9,September,Spring,Tuesday,22:00 - Midnight,Evening / night,False,False,True,True
1365073,Injury,Moderate Injury,2024,2024,September,Thursday,14:00 - 15:59,BEXLEY,RD,0,Right on the spot,SOUTH WESTERN EXPRESSWAY,TO,KINGSGROVE,169.0,No,Not a school zone,Divided road,-33.935723,151.11149,Canterbury-Bankstown,Sydney metro. area,Syd-Newc-Woll Gtr conurbation,Straight,,,,Nil,Sealed,Dry,Unknown,Daylight,Nil,No traffic controls,60 km/h,State,20,Head on,201,Opp - Head on,,Head-on,Car (sedan/hatch),4 wheel drive / SUV,3,0,0,1,0,9,September,Spring,Thursday,14:00 - 15:59,Midday / afternoon,False,False,True,True
1365074,Injury,Serious Injury,2024,2024,September,Monday,14:00 - 15:59,BONVILLE STATION,RD,280,West,FIG,CL,BONVILLE,,No,Not a school zone,2-way undivided,-30.374982,153.043432,Coffs Harbour,Country urban,Rest of NSW - Urban,Curved,,,,Nil,Sealed,Wet,Fine,Daylight,Nil,No traffic controls,60 km/h,Local,87,Off lft/lft bnd=>obj,804,Off left bend into obj,Left,Vehicle - Object,Car (sedan/hatch),,1,0,1,0,0,9,September,Spring,Monday,14:00 - 15:59,Midday / afternoon,False,False,True,True
1365075,Injury,Minor/Other Injury,2024,2024,September,Monday,16:00 - 17:59,KYOGLE,RD,230,West,RIVEROAK,DR,MURWILLUMBAH,142.0,No,Not a school zone,2-way undivided,-28.343497,153.369772,Tweed,Country urban,Rest of NSW - Urban,Straight,,,,Nil,Sealed,Wet,Raining,Daylight,Nil,No traffic controls,50 km/h,Regional,71,Off rd left => obj,703,Left off cway into object,,Vehicle - Object,4 wheel drive / SUV,,1,0,0,0,1,9,September,Spring,Monday,16:00 - 17:59,PM peak / evening commute,True,False,True,True
1365076,Injury,Moderate Injury,2024,2024,September,Tuesday,14:00 - 15:59,VICTORIA,ST,20,South,COOK,ST,TURRELLA,,No,Not a school zone,2-way undivided,-33.931308,151.140727,Bayside,Sydney metro. area,Syd-Newc-Woll Gtr conurbation,Straight,,,,On,Sealed,Dry,Fine,Daylight,Nil,No traffic controls,50 km/h,Local,20,Head on,201,Opp - Head on,,Head-on,Car (sedan/hatch),Car (sedan/hatch),2,0,0,1,0,9,September,Spring,Tuesday,14:00 - 15:59,Midday / afternoon,False,False,True,True
1365078,Injury,Moderate Injury,2024,2024,September,Friday,16:00 - 17:59,GREAT WESTERN,HWY,470,West,JENOLAN CAVES,RD,HARTLEY,5.0,No,Not a school zone,Divided road,-33.539492,150.163705,Lithgow,Country urban,Rest of NSW - Urban,Curved,Steep grade,,Slippery surface,Nil,Sealed,Wet,Raining,Daylight,Nil,No traffic controls,80 km/h,State,85,Off rt/lft bnd=>obj,804,Off left bend into obj,Right,Vehicle - Object,4 wheel drive / SUV,,1,0,0,1,0,9,September,Spring,Friday,16:00 - 17:59,PM peak / evening commute,True,False,True,True
1365080,Injury,Minor/Other Injury,2024,2024,September,Thursday,08:00 - 09:59,OLYMPIC,HWY,1400,South,CULLINGA,RD,WALLENDBEEN,78.0,No,Not a school zone,2-way undivided,-34.540449,148.147381,Cootamundra-Gundagai,Country non-urban,Rest of NSW - Rural,Curved,Embankment/cutting,,,Nil,Sealed,Dry,Fine,Daylight,Nil,No traffic controls,100 km/h,State,83,Off rt/rt bnd=>obj,803,Off right bend into obj,Right,Vehicle - Object,Car (sedan/hatch),,1,0,0,0,1,9,September,Spring,Thursday,08:00 - 09:59,AM peak / school commute,True,False,True,True
1365082,Injury,Moderate Injury,2024,2024,September,Thursday,14:00 - 15:59,PARK,ST,0,Right on the spot,PITT,ST,SYDNEY,7307.0,No,Not a school zone,X-intersection,-33.873134,151.208121,Sydney,Sydney metro. area,Syd-Newc-Woll Gtr conurbation,Straight,,,,Off,Sealed,Dry,Fine,Daylight,On,No traffic controls,40 km/h,Regional,0,Ped nearside,1,Ped - Near side,,Vehicle - Pedestrian,Car (sedan/hatch),Pedestrian,2,0,0,1,0,9,September,Spring,Thursday,14:00 - 15:59,Midday / afternoon,False,False,True,True
1365083,Injury,Serious Injury,2024,2024,September,Thursday,12:00 - 13:59,MOOREBANK,AVE,0,Right on the spot,HELLES,AVE,MOOREBANK,657.0,No,Not a school zone,T-junction,-33.93707,150.925745,Liverpool,Sydney metro. area,Syd-Newc-Woll Gtr conurbation,Straight,,,,On,Sealed,Wet,Raining,Daylight,Nil,No traffic controls,60 km/h,State,16,Left near,107,Adj - Left-thru from right,,Right angle,Car (sedan/hatch),Car (sedan/hatch),2,0,1,0,0,9,September,Spring,Thursday,12:00 - 13:59,Midday / afternoon,False,False,True,True
1365084,Injury,Serious Injury,2024,2024,July,Thursday,06:00 - 07:59,HUNTINGWOOD,DR,30,West,LIBERTY,RD,HUNTINGWOOD,,No,Not a school zone,2-way undivided,-33.796235,150.872232,Blacktown,Sydney metro. area,Syd-Newc-Woll Gtr conurbation,Straight,Painted double centre lines,,,On,Sealed,Dry,Fine,Dawn,Nil,No traffic controls,60 km/h,Local,40,U turn,207,Opp - U-turn,,Other angle,4 wheel drive / SUV,Car (sedan/hatch),2,0,1,0,0,7,July,Winter,Thursday,06:00 - 07:59,AM peak / school commute,True,False,True,True
1365085,Injury,Moderate Injury,2024,2024,October,Wednesday,16:00 - 17:59,BLACKTOWN,RD,0,Right on the spot,GEORGE,ST,LONDONDERRY,537.0,No,Not a school zone,Roundabout,-33.639736,150.784057,Penrith,Sydney metro. area,Syd-Newc-Woll Gtr conurbation,Straight,,,,Nil,Sealed,Dry,Fine,Daylight,Nil,Give way sign,80 km/h,State,36,Right turn sideswipe,308,Same - Rgt turn side swipe,,Other angle,Motorcycle,Passenger van,2,0,0,1,0,10,October,Spring,Wednesday,16:00 - 17:59,PM peak / evening commute,True,False,True,True
1365086,Injury,Serious Injury,2024,2024,September,Friday,10:00 - 11:59,ULAN,RD,0,Right on the spot,NUMBER 791,HN,BUDGEE BUDGEE,208.0,No,Not a school zone,2-way undivided,-32.539934,149.648126,Mid-Western Regional,Country non-urban,Rest of NSW - Rural,Straight,,,,Nil,Sealed,Dry,Overcast,Daylight,Nil,No traffic controls,100 km/h,Regional,73,Off rd rght => obj,704,Right off cway into obj,,Vehicle - Object,Car (sedan/hatch),,1,0,1,0,0,9,September,Spring,Friday,10:00 - 11:59,Midday / afternoon,False,False,True,True
1365087,Injury,Moderate Injury,2024,2024,July,Tuesday,08:00 - 09:59,BELMORE,RD,0,Right on the spot,COLERIDGE,ST,RIVERWOOD,2050.0,No,Not a school zone,X-intersection,-33.949858,151.052476,Georges River,Sydney metro. area,Syd-Newc-Woll Gtr conurbation,Straight,,,,Off,Sealed,Dry,Fine,Daylight,Nil,Give way sign,50 km/h,Regional,10,Cross traffic,101,Adj - Cross traffic,,Right angle,Car (sedan/hatch),Light truck,2,0,0,1,0,7,July,Winter,Tuesday,08:00 - 09:59,AM peak / school commute,True,False,True,True
1365090,Injury,Serious Injury,2024,2024,September,Tuesday,06:00 - 07:59,CENTRAL COAST,HWY,40,North,MAAS,PDE,FORRESTERS BEACH,30.0,No,Not a school zone,2-way undivided,-33.406661,151.464277,Central Coast,Country urban,Syd-Newc-Woll Gtr conurbation,Straight,,,,Off,Sealed,Dry,Fine,Daylight,Nil,No traffic controls,70 km/h,State,2,Ped far side,3,Ped - Far side,,Vehicle - Pedestrian,Car (sedan/hatch),Pedestrian,2,0,1,0,0,9,September,Spring,Tuesday,06:00 - 07:59,AM peak / school commute,True,False,True,True
1365094,Injury,Minor/Other Injury,2024,2024,September,Thursday,12:00 - 13:59,BOTANY,RD,0,Right on the spot,FORESHORE,RD,BANKSMEADOW,170.0,No,Not a school zone,X-intersection,-33.961791,151.21469,Bayside,Sydney metro. area,Syd-Newc-Woll Gtr conurbation,Straight,,,,Nil,Sealed,Wet,Raining,Daylight,On,No traffic controls,70 km/h,State,30,Rear end,301,Same - Rear end,,Rear end,Semi-trailer,Car (sedan/hatch),2,0,0,0,1,9,September,Spring,Thursday,12:00 - 13:59,Midday / afternoon,False,False,True,True
1365095,Injury,Moderate Injury,2024,2024,October,Saturday,12:00 - 13:59,BEECROFT,RD,0,Right on the spot,KIRKHAM,ST,BEECROFT,139.0,No,Not a school zone,X-intersection,-33.754268,151.067474,Hornsby,Sydney metro. area,Syd-Newc-Woll Gtr conurbation,Straight,,,,Off,Sealed,Dry,Fine,Daylight,Nil,Stop sign,60 km/h,State,10,Cross traffic,101,Adj - Cross traffic,,Right angle,4 wheel drive / SUV,Passenger van,2,0,0,1,0,10,October,Spring,Saturday,12:00 - 13:59,Midday / afternoon,False,False,True,True
1365100,Injury,Serious Injury,2024,2024,October,Tuesday,14:00 - 15:59,OLYMPIC,HWY,4000,North,BETHUNGRA WATERWORKS,RD,BETHUNGRA,78.0,No,Not a school zone,2-way undivided,-34.738905,147.892081,Junee,Country non-urban,Rest of NSW - Rural,Straight,Driveway/entrance,,,Nil,Sealed,Dry,Fine,Daylight,Nil,No traffic controls,100 km/h,State,36,Right turn sideswipe,308,Same - Rgt turn side swipe,,Other angle,Light truck,Car (sedan/hatch),2,0,1,1,1,10,October,Spring,Tuesday,14:00 - 15:59,Midday / afternoon,False,False,True,True
1365101,Injury,Serious Injury,2024,2024,October,Monday,10:00 - 11:59,HORTON FALLS,RD,3350,North,MOUNT LINDESAY,RD,LINDESAY,,No,Not a school zone,2-way undivided,-30.352882,150.328311,Tamworth Regional,Country non-urban,Rest of NSW - Rural,Curved,,,,Nil,Unsealed,Dry,Fine,Daylight,Nil,No traffic controls,100 km/h,Local,88,Out of cont on bend,805,Out of control on bend,,Rollover,Motorcycle,,1,0,1,0,0,10,October,Spring,Monday,10:00 - 11:59,Midday / afternoon,False,False,True,True
1365102,Injury,Minor/Other Injury,2024,2024,October,Friday,06:00 - 07:59,CHURCH,ST,70,South,LIGHTFOOT,ST,CESSNOCK,,No,Not a school zone,2-way undivided,-32.828317,151.355994,Cessnock,Country urban,Rest of NSW - Urban,Straight,Other bridge,,,Nil,Sealed,Dry,Fine,Daylight,Nil,No traffic controls,50 km/h,Local,73,Off rd rght => obj,704,Right off cway into obj,,Vehicle - Object,Light truck utility(from 2018),,1,0,0,0,1,10,October,Spring,Friday,06:00 - 07:59,AM peak / school commute,True,False,True,True
1365104,Injury,Serious Injury,2024,2024,September,Monday,12:00 - 13:59,BURDETT,ST,0,Right on the spot,HUNTER,ST,HORNSBY,,No,Not a school zone,X-intersection,-33.702574,151.100856,Hornsby,Sydney metro. area,Syd-Newc-Woll Gtr conurbation,Straight,,,,Off,Sealed,Dry,Fine,Daylight,On,Ped crossing,50 km/h,Local,0,Ped nearside,1,Ped - Near side,,Vehicle - Pedestrian,Light truck utility(from 2018),Pedestrian,2,0,1,0,0,9,September,Spring,Monday,12:00 - 13:59,Midday / afternoon,False,False,True,True
1365105,Injury,Serious Injury,2024,2024,September,Tuesday,16:00 - 17:59,NEW ENGLAND,HWY,750,South,ARDGLEN,RD,ARDGLEN,9.0,No,Not a school zone,Divided road,-31.736564,150.787449,Liverpool Plains,Country non-urban,Rest of NSW - Rural,Curved,Ditch/drain/culvert,,,Nil,Sealed,Dry,Fine,Daylight,Nil,No traffic controls,100 km/h,State,87,Off lft/lft bnd=>obj,804,Off left bend into obj,Left,Vehicle - Object,Light truck,,1,0,1,0,0,9,September,Spring,Tuesday,16:00 - 17:59,PM peak / evening commute,True,False,True,True
1365106,Injury,Serious Injury,2024,2024,September,Thursday,22:00 - Midnight,FALCON,ST,90,East,ALEXANDER,ST,CROWS NEST,164.0,No,Not a school zone,2-way undivided,-33.827983,151.202861,North Sydney,Sydney metro. area,Syd-Newc-Woll Gtr conurbation,Straight,,,,On,Sealed,Wet,Raining,Darkness,Nil,No traffic controls,60 km/h,State,1,Ped emerging,2,Ped - emerging,,Vehicle - Pedestrian,Other bus,Pedestrian,2,0,1,1,0,9,September,Spring,Thursday,22:00 - Midnight,Evening / night,False,False,True,True