crash_id,degree_of_crash,degree_of_crash_-_detailed,reporting_year,year_of_crash,month_of_crash,day_of_week_of_crash,two-hour_intervals,street_of_crash,street_type,distance,direction,identifying_feature,identifying_feature_type,town,route_no.,school_zone_location,school_zone_active,type_of_location,latitude,longitude,lga,urbanisation,conurbation_1,alignment,primary_permanent_feature,primary_temporary_feature,primary_hazardous_feature,street_lighting,road_surface,surface_condition,weather,natural_lighting,signals_operation,other_traffic_control,speed_limit,road_classification_(admin),rum_-_code,rum_-_description,dca_-_code,dca_-_description,dca_supplement,first_impact_type,key_tu_type,other_tu_type,no._of_traffic_units_involved,no._killed,no._seriously_injured,no._moderately_injured,no._minor-other_injured,month_num,month_label,season,day_label,time_label,time_band,is_peak_commute,is_fatal,is_injury,is_casualty
1365107,Injury,Moderate Injury,2024,2024,October,Wednesday,16:00 - 17:59,MID WESTERN,HWY,1540,West,MEADOWS,LANE,LYNDHURST,6.0,No,Not a school zone,2-way undivided,-33.674967,148.949606,Blayney,Country non-urban,Rest of NSW - Rural,Straight,Embankment/cutting,,,Nil,Sealed,Dry,Fine,Daylight,Nil,No traffic controls,100 km/h,State,71,Off rd left => obj,703,Left off cway into object,,Vehicle - Object,Car (sedan/hatch),,1,0,0,1,1,10,October,Spring,Wednesday,16:00 - 17:59,PM peak / evening commute,True,False,True,True
1365108,Injury,Moderate Injury,2024,2024,August,Thursday,10:00 - 11:59,PENSHURST,ST,0,Right on the spot,VICTORIA,AVE,CHATSWOOD,641.0,No,Not a school zone,X-intersection,-33.792401,151.195602,Willoughby,Sydney metro. area,Syd-Newc-Woll Gtr conurbation,Straight,,,,Nil,Sealed,Dry,Fine,Daylight,On,Ped crossing,60 km/h,State,0,Ped nearside,1,Ped - Near side,,Vehicle - Pedestrian,Light truck utility(from 2018),Pedestrian,2,0,0,1,0,8,August,Winter,Thursday,10:00 - 11:59,Midday / afternoon,False,False,True,True
1365109,Injury,Moderate Injury,2024,2024,October,Monday,04:00 - 05:59,CHIFLEY,RD,1450,East,HARTLEY VALLEY,RD,CLARENCE,516.0,No,Not a school zone,2-way undivided,-33.469835,150.184614,Lithgow,Country urban,Rest of NSW - Urban,Curved,Steep grade,,,Nil,Sealed,Dry,Fine,Darkness,Nil,No traffic controls,60 km/h,State,86,Off left/left bend,802,Off cway left bend,Left,Rollover,Car (sedan/hatch),,1,0,0,1,0,10,October,Spring,Monday,04:00 - 05:59,Late night / early morning,False,False,True,True
1365110,Injury,Serious Injury,2024,2024,September,Friday,20:00 - 21:59,EASTERN VALLEY,WAY,0,Right on the spot,ROBERT,ST,MIDDLE COVE,599.0,No,Not a school zone,T-junction,-33.797548,151.209501,Willoughby,Sydney metro. area,Syd-Newc-Woll Gtr conurbation,Straight,Steep grade,,,On,Sealed,Dry,Fine,Darkness,On,No traffic controls,60 km/h,State,0,Ped nearside,1,Ped - Near side,,Vehicle - Pedestrian,4 wheel drive / SUV,Pedestrian,2,0,1,0,0,9,September,Spring,Friday,20:00 - 21:59,Evening / night,False,False,True,True
1365111,Injury,Minor/Other Injury,2024,2024,September,Wednesday,16:00 - 17:59,CARR,ST,40,East,BRAY,ST,CROOKWELL,,No,Not a school zone,2-way undivided,-34.452,149.470209,Upper Lachlan,Country urban,Rest of NSW - Urban,Straight,Steep grade,,,Nil,Sealed,Dry,Fine,Dusk,Nil,No traffic controls,50 km/h,Local,71,Off rd left => obj,703,Left off cway into object,,Other angle,Car (sedan/hatch),Light truck utility(from 2018),2,0,0,0,1,9,September,Spring,Wednesday,16:00 - 17:59,PM peak / evening commute,True,False,True,True
1365112,Injury,Moderate Injury,2024,2024,September,Monday,08:00 - 09:59,URALBA,ST,0,Right on the spot,NUMBER 52-54,HN,LISMORE,,No,Not a school zone,2-way undivided,-28.809941,153.289428,Lismore,Country urban,Rest of NSW - Urban,Straight,,,,Nil,Sealed,Dry,Fine,Daylight,Nil,No traffic controls,50 km/h,Local,43,Entering parking,402,Manov - Entering parking veh,,Other angle,Station wagon,Car (sedan/hatch),4,0,0,1,0,9,September,Spring,Monday,08:00 - 09:59,AM peak / school commute,True,False,True,True
1365113,Injury,Moderate Injury,2024,2024,September,Saturday,14:00 - 15:59,HAWKESBURY,RD,500,South,SPRINGWOOD,RD,HAWKESBURY HEIGHTS,570.0,No,Not a school zone,2-way undivided,-33.663759,150.654536,Blue Mountains,Country urban,Syd-Newc-Woll Gtr conurbation,Curved,Steep grade,,,Nil,Sealed,Dry,Fine,Daylight,Nil,No traffic controls,60 km/h,State,66,Object on road,607,On path - Hit temp object,,Vehicle - Object,Motorcycle,,1,0,0,1,0,9,September,Spring,Saturday,14:00 - 15:59,Midday / afternoon,False,False,True,True
1365114,Injury,Moderate Injury,2024,2024,August,Friday,08:00 - 09:59,BONDI,RD,0,Right on the spot,WATSON,ST,BONDI,172.0,No,Not a school zone,T-junction,-33.893905,151.263563,Waverley,Sydney metro. area,Syd-Newc-Woll Gtr conurbation,Straight,,,,Off,Sealed,Dry,Fine,Daylight,On,No traffic controls,50 km/h,State,21,Right through,202,Opp - Right-thru,,Other angle,Large rigid,Car (sedan/hatch),2,0,0,1,0,8,August,Winter,Friday,08:00 - 09:59,AM peak / school commute,True,False,True,True
1365115,Injury,Moderate Injury,2024,2024,September,Saturday,02:00 - 03:59,SANCTUARY,ST,0,Right on the spot,SUMMIT,ST,KEMBLA GRANGE,,No,Not a school zone,T-junction,-34.478717,150.789302,Wollongong,Wollongong met. area,Syd-Newc-Woll Gtr conurbation,Straight,,,,On,Sealed,Wet,Raining,Darkness,Nil,No traffic controls,50 km/h,Local,75,Off end of road,709,Off end cway or T junct,,Vehicle - Object,Car (sedan/hatch),,2,0,0,1,0,9,September,Spring,Saturday,02:00 - 03:59,Late night / early morning,False,False,True,True
1365116,Injury,Serious Injury,2024,2024,October,Saturday,14:00 - 15:59,BRIDGE,RD,10,South,RAILWAY,ST,GLEBE,523.0,No,Not a school zone,T-junction,-33.877575,151.188048,Sydney,Sydney metro. area,Syd-Newc-Woll Gtr conurbation,Straight,Painted double centre lines,,,Nil,Sealed,Dry,Fine,Daylight,Nil,Give way sign,40 km/h,State,20,Head on,201,Opp - Head on,,Head-on,4 wheel drive / SUV,Car (sedan/hatch),2,0,2,2,0,10,October,Spring,Saturday,14:00 - 15:59,Midday / afternoon,False,False,True,True
1365117,Injury,Moderate Injury,2024,2024,August,Friday,16:00 - 17:59,CASTLEREAGH,RD,0,Right on the spot,INALLS,LANE,RICHMOND,570.0,No,Not a school zone,X-intersection,-33.602005,150.733855,Hawkesbury,Country urban,Syd-Newc-Woll Gtr conurbation,Straight,,,,Off,Sealed,Dry,Fine,Daylight,Nil,Stop sign,60 km/h,State,10,Cross traffic,101,Adj - Cross traffic,,Right angle,Car (sedan/hatch),Car (sedan/hatch),2,0,0,2,1,8,August,Winter,Friday,16:00 - 17:59,PM peak / evening commute,True,False,True,True
1365118,Injury,Serious Injury,2024,2024,September,Friday,12:00 - 13:59,GOLDEN,HWY,2000,East,CASSILIS,RD,CASSILIS,27.0,No,Not a school zone,2-way undivided,-32.029116,149.994069,Upper Hunter,Country non-urban,Rest of NSW - Rural,Straight,Crest,,,Nil,Sealed,Dry,Fine,Daylight,Nil,No traffic controls,100 km/h,State,67,Struck animal,609,On path - Hit animal,,Vehicle - Animal,Motorcycle,,1,0,1,0,0,9,September,Spring,Friday,12:00 - 13:59,Midday / afternoon,False,False,True,True
1365120,Injury,Serious Injury,2024,2024,October,Monday,00:01 - 01:59,WARRAL,RD,400,South,GOODWIN,ST,WEST TAMWORTH,,No,Not a school zone,2-way undivided,-31.11605,150.892501,Tamworth Regional,Country urban,Rest of NSW - Urban,Straight,,,,Nil,Sealed,Dry,Fine,Darkness,Nil,No traffic controls,50 km/h,Local,71,Off rd left => obj,703,Left off cway into object,,Vehicle - Object,Light truck utility(from 2018),,1,0,1,0,0,10,October,Spring,Monday,00:01 - 01:59,Late night / early morning,False,False,True,True
1365123,Injury,Minor/Other Injury,2024,2024,October,Wednesday,08:00 - 09:59,BELMORE,ST,0,Right on the spot,SHAFTESBURY,RD,BURWOOD,,No,Not a school zone,Roundabout,-33.879369,151.106687,Burwood,Sydney metro. area,Syd-Newc-Woll Gtr conurbation,Straight,,,,Off,Sealed,Dry,Fine,Daylight,Nil,Give way sign,50 km/h,Local,30,Rear end,301,Same - Rear end,,Rear end,4 wheel drive / SUV,Car (sedan/hatch),3,0,0,0,1,10,October,Spring,Wednesday,08:00 - 09:59,AM peak / school commute,True,False,True,True
1365124,Injury,Minor/Other Injury,2024,2024,September,Wednesday,08:00 - 09:59,BRUNKER,RD,0,Right on the spot,MELVILLE,RD,BROADMEADOW,604.0,No,Not a school zone,X-intersection,-32.9287,151.731758,Newcastle,Newcastle met. area,Syd-Newc-Woll Gtr conurbation,Straight,,,,Off,Sealed,Dry,Fine,Daylight,Nil,Give way sign,60 km/h,Regional,10,Cross traffic,101,Adj - Cross traffic,,Right angle,Car (sedan/hatch),Car (sedan/hatch),2,0,0,0,1,9,September,Spring,Wednesday,08:00 - 09:59,AM peak / school commute,True,False,True,True
1365126,Injury,Serious Injury,2024,2024,September,Tuesday,04:00 - 05:59,MARTIN,PL,50,South,THE STRAND,MS,MORTDALE,,No,Not a school zone,2-way undivided,-33.971312,151.07701,Georges River,Sydney metro. area,Syd-Newc-Woll Gtr conurbation,Straight,Foot/cycle path/nature strip,,,On,Sealed,Dry,Fine,Dawn,Nil,No traffic controls,50 km/h,Local,49,Other manoeuvring,400,Manov - other,,Other angle,Car (sedan/hatch),Pedal cycle,2,0,1,0,0,9,September,Spring,Tuesday,04:00 - 05:59,Late night / early morning,False,False,True,True
1365127,Injury,Moderate Injury,2024,2024,October,Wednesday,14:00 - 15:59,MCEVOY,ST,10,East,BOTANY,RD,WATERLOO,170.0,No,Not a school zone,X-intersection,-33.901466,151.201241,Sydney,Sydney metro. area,Syd-Newc-Woll Gtr conurbation,Straight,,,,Unknown / not stated,Sealed,Dry,Fine,Daylight,On,No traffic controls,50 km/h,State,30,Rear end,301,Same - Rear end,,Rear end,Light truck utility(from 2018),Car (sedan/hatch),2,0,0,1,1,10,October,Spring,Wednesday,14:00 - 15:59,Midday / afternoon,False,False,True,True
1365130,Injury,Minor/Other Injury,2024,2024,August,Sunday,18:00 - 19:59,CUMBERLAND,ST,5,West,SHORT,ST,CARLTON,,No,Not a school zone,T-junction,-33.96584,151.122142,Bayside,Sydney metro. area,Syd-Newc-Woll Gtr conurbation,Straight,,,,Unknown / not stated,Sealed,Dry,Fine,Darkness,Nil,Give way sign,50 km/h,Local,81,Off left/rt bnd=>obj,707,Right turn,Left,Vehicle - Object,4 wheel drive / SUV,,1,0,0,0,1,8,August,Winter,Sunday,18:00 - 19:59,PM peak / evening commute,True,False,True,True
1365133,Injury,Serious Injury,2024,2024,October,Wednesday,16:00 - 17:59,STURT,HWY,0,Right on the spot,SHANTY SERVICE STATION,OT,ALFREDTOWN,14.0,No,Not a school zone,2-way undivided,-35.161444,147.511883,Wagga Wagga,Country non-urban,Rest of NSW - Rural,Straight,Driveway/entrance,,,Nil,Sealed,Dry,Fine,Daylight,Nil,No traffic controls,100 km/h,State,32,Right rear,303,Same - Rear right,,Rear end,Light truck,Light truck utility(from 2018),2,0,1,1,0,10,October,Spring,Wednesday,16:00 - 17:59,PM peak / evening commute,True,False,True,True
1365134,Injury,Moderate Injury,2024,2024,October,Sunday,14:00 - 15:59,BYLONG VALLEY,WAY,500,South,WASTE FACILITY,ENT,KANDOS,215.0,No,Not a school zone,2-way undivided,-32.838483,149.971881,Mid-Western Regional,Country non-urban,Rest of NSW - Rural,Curved,Embankment/cutting,,,Unknown / not stated,Sealed,Dry,Fine,Daylight,Nil,No traffic controls,100 km/h,Regional,85,Off rt/lft bnd=>obj,804,Off left bend into obj,Right,Vehicle - Object,Light truck utility(from 2018),,1,0,0,1,0,10,October,Spring,Sunday,14:00 - 15:59,Midday / afternoon,False,False,True,True
1365144,Injury,Moderate Injury,2024,2024,October,Wednesday,16:00 - 17:59,PACIFIC,HWY,0,Right on the spot,SCENIC,DR,DOYALSON,10.0,No,Not a school zone,X-intersection,-33.199553,151.522684,Central Coast,Country urban,Syd-Newc-Woll Gtr conurbation,Straight,,,,Unknown / not stated,Sealed,Wet,Raining,Daylight,On,No traffic controls,80 km/h,State,30,Rear end,301,Same - Rear end,,Rear end,Car (sedan/hatch),Car (sedan/hatch),2,0,0,1,0,10,October,Spring,Wednesday,16:00 - 17:59,PM peak / evening commute,True,False,True,True
1365147,Injury,Moderate Injury,2024,2024,October,Friday,10:00 - 11:59,COBBORA,RD,7800,South,CASTLEREAGH,HWY,MENDOORAN,,No,Not a school zone,2-way undivided,-31.914044,149.226494,Warrumbungle,Country non-urban,Rest of NSW - Rural,Curved,,,,Unknown / not stated,Sealed,Dry,Fine,Daylight,Nil,No traffic controls,100 km/h,Local,84,Off right/left bend,802,Off cway left bend,Right,Rollover,4 wheel drive / SUV,,1,0,0,1,0,10,October,Spring,Friday,10:00 - 11:59,Midday / afternoon,False,False,True,True
1365149,Injury,Moderate Injury,2024,2024,October,Sunday,10:00 - 11:59,FISHERY POINT,RD,400,West,HILLCREST,RD,MIRRABOOKA,,No,Not a school zone,2-way undivided,-33.107646,151.551802,Lake Macquarie,Newcastle met. area,Syd-Newc-Woll Gtr conurbation,Straight,Steep grade,,,Unknown / not stated,Sealed,Dry,Fine,Daylight,Nil,No traffic controls,50 km/h,Local,70,Off road to left,701,Off carriageway to left,,Rollover,Motorcycle,,1,0,0,1,0,10,October,Spring,Sunday,10:00 - 11:59,Midday / afternoon,False,False,True,True
1365150,Injury,Serious Injury,2024,2024,August,Thursday,12:00 - 13:59,WISEMANS FERRY,RD,0,Right on the spot,NUMBER 3966,HN,LOWER MANGROVE,225.0,No,Not a school zone,2-way undivided,-33.412011,151.148469,Central Coast,Country urban,Syd-Newc-Woll Gtr conurbation,Curved,Steep grade,,,Unknown / not stated,Sealed,Dry,Fine,Daylight,Nil,No traffic controls,70 km/h,Regional,88,Out of cont on bend,805,Out of control on bend,,Rollover,Motorcycle,,1,0,1,0,0,8,August,Winter,Thursday,12:00 - 13:59,Midday / afternoon,False,False,True,True
1365151,Injury,Moderate Injury,2024,2024,October,Friday,12:00 - 13:59,GIRRILANG,RD,0,Right on the spot,NUMBER 34-38,HN,CRONULLA,,No,Not a school zone,2-way undivided,-34.044884,151.154732,Sutherland,Sydney metro. area,Syd-Newc-Woll Gtr conurbation,Straight,Driveway/entrance,,,Unknown / not stated,Sealed,Dry,Fine,Daylight,Nil,No traffic controls,50 km/h,Local,71,Off rd left => obj,703,Left off cway into object,,Other angle,4 wheel drive / SUV,Light truck utility(from 2018),2,0,0,1,0,10,October,Spring,Friday,12:00 - 13:59,Midday / afternoon,False,False,True,True
1365153,Injury,Moderate Injury,2024,2024,October,Friday,12:00 - 13:59,HUME,HWY,75,North,ROSE,ST,LIVERPOOL,2.0,No,Not a school zone,Divided road,-33.93179,150.917255,Liverpool,Sydney metro. area,Syd-Newc-Woll Gtr conurbation,Straight,,,,Unknown / not stated,Sealed,Dry,Fine,Daylight,Nil,No traffic controls,60 km/h,State,34,Lane change right,306,Same - Lane change right,,Other angle,Car (sedan/hatch),Light truck utility(from 2018),3,0,0,1,0,10,October,Spring,Friday,12:00 - 13:59,Midday / afternoon,False,False,True,True
1365155,Injury,Minor/Other Injury,2024,2024,October,Sunday,12:00 - 13:59,NEW ILLAWARRA,RD,0,Right on the spot,OLD ILLAWARRA,RD,BARDEN RIDGE,190.0,No,Not a school zone,T-junction,-34.032848,151.005121,Sutherland,Sydney metro. area,Syd-Newc-Woll Gtr conurbation,Straight,,,,Unknown / not stated,Sealed,Dry,Fine,Daylight,On,No traffic controls,80 km/h,State,21,Right through,202,Opp - Right-thru,,Other angle,4 wheel drive / SUV,4 wheel drive / SUV,2,0,0,0,1,10,October,Spring,Sunday,12:00 - 13:59,Midday / afternoon,False,False,True,True
1365157,Injury,Moderate Injury,2024,2024,August,Sunday,12:00 - 13:59,MOSELEY,ST,50,East,JENKINS,RD,CARLINGFORD,,No,Not a school zone,2-way undivided,-33.776897,151.046129,Parramatta,Sydney metro. area,Syd-Newc-Woll Gtr conurbation,Straight,,,,Unknown / not stated,Sealed,Dry,Fine,Daylight,Nil,No traffic controls,50 km/h,Local,71,Off rd left => obj,703,Left off cway into object,,Other angle,4 wheel drive / SUV,Car (sedan/hatch),2,0,0,1,0,8,August,Winter,Sunday,12:00 - 13:59,Midday / afternoon,False,False,True,True
1365159,Injury,Minor/Other Injury,2024,2024,September,Tuesday,10:00 - 11:59,WINDSOR,RD,50,North,WHITE HART,DR,KELLYVILLE RIDGE,184.0,No,Not a school zone,Divided road,-33.693333,150.924593,Blacktown,Sydney metro. area,Syd-Newc-Woll Gtr conurbation,Straight,,,,Unknown / not stated,Sealed,Dry,Fine,Daylight,Nil,No traffic controls,80 km/h,State,30,Rear end,301,Same - Rear end,,Rear end,Unknown motor vehicle,Car (sedan/hatch),2,0,0,0,1,9,September,Spring,Tuesday,10:00 - 11:59,Midday / afternoon,False,False,True,True
1365160,Injury,Moderate Injury,2024,2024,October,Saturday,06:00 - 07:59,ELBOW,ST,0,Right on the spot,KEMP,ST,WEST KEMPSEY,75.0,No,Not a school zone,Roundabout,-31.079168,152.831813,Kempsey,Country urban,Rest of NSW - Urban,Curved,,,,Unknown / not stated,Sealed,Dry,Fine,Unknown,Nil,Give way sign,50 km/h,Regional,10,Cross traffic,101,Adj - Cross traffic,,Right angle,4 wheel drive / SUV,Car (sedan/hatch),2,0,0,1,0,10,October,Spring,Saturday,06:00 - 07:59,AM peak / school commute,True,False,True,True
1365164,Injury,Moderate Injury,2024,2024,October,Wednesday,18:00 - 19:59,OXLEY,ST,23,North,MILLIGAN,ST,TAREE,,No,Not a school zone,2-way undivided,-31.901395,152.477332,Mid-Coast,Country urban,Rest of NSW - Urban,Straight,,,,Unknown / not stated,Sealed,Wet,Raining,Unknown,Nil,No traffic controls,60 km/h,Local,40,U turn,304,Same - U-turn,,Other angle,Light truck utility(from 2018),4 wheel drive / SUV,2,0,0,1,0,10,October,Spring,Wednesday,18:00 - 19:59,PM peak / evening commute,True,False,True,True
1365166,Injury,Moderate Injury,2024,2024,October,Friday,16:00 - 17:59,EDWARD,ST,0,Right on the spot,VICTORIA,ST,MITTAGONG,,No,Not a school zone,X-intersection,-34.448579,150.448369,Wingecarribee,Country urban,Rest of NSW - Urban,Straight,Steep grade,,,Unknown / not stated,Sealed,Dry,Fine,Daylight,Nil,Give way sign,50 km/h,Local,10,Cross traffic,101,Adj - Cross traffic,,Right angle,Light truck utility(from 2018),4 wheel drive / SUV,2,0,0,1,0,10,October,Spring,Friday,16:00 - 17:59,PM peak / evening commute,True,False,True,True
1365167,Injury,Minor/Other Injury,2024,2024,October,Monday,14:00 - 15:59,HOLLYWOOD,AVE,0,Right on the spot,WAVERLEY,ST,BONDI JUNCTION,,No,Not a school zone,X-intersection,-33.892611,151.251835,Waverley,Sydney metro. area,Syd-Newc-Woll Gtr conurbation,Curved,Steep grade,,,Unknown / not stated,Sealed,Wet,Fine,Daylight,On,No traffic controls,50 km/h,Local,9,Ped other,0,Ped - other,,Vehicle - Pedestrian,4 wheel drive / SUV,Pedestrian,2,0,0,0,1,10,October,Spring,Monday,14:00 - 15:59,Midday / afternoon,False,False,True,True
1365168,Injury,Moderate Injury,2024,2024,October,Thursday,08:00 - 09:59,LANE,ST,0,Right on the spot,VERON,ST,WENTWORTHVILLE,,No,Not a school zone,Roundabout,-33.8089,150.973186,Cumberland,Sydney metro. area,Syd-Newc-Woll Gtr conurbation,Curved,,,,Unknown / not stated,Sealed,Dry,Fine,Daylight,Nil,Give way sign,50 km/h,Local,19,Other adjacent,100,Adj - other,,Right angle,Car (sedan/hatch),Light truck,2,0,0,1,0,10,October,Spring,Thursday,08:00 - 09:59,AM peak / school commute,True,False,True,True
1365170,Injury,Moderate Injury,2024,2024,August,Tuesday,08:00 - 09:59,CRANBOURNE,ST,0,Right on the spot,PERSEA,AVE,RIVERSTONE,,No,Not a school zone,T-junction,-33.683063,150.880548,Blacktown,Sydney metro. area,Syd-Newc-Woll Gtr conurbation,Straight,,,,Nil,Sealed,Dry,Fine,Daylight,Nil,No traffic controls,50 km/h,Local,10,Cross traffic,101,Adj - Cross traffic,,Right angle,Large rigid,Car (sedan/hatch),3,0,0,1,0,8,August,Winter,Tuesday,08:00 - 09:59,AM peak / school commute,True,False,True,True
1365171,Injury,Minor/Other Injury,2024,2024,October,Tuesday,16:00 - 17:59,LANG,RD,0,Right on the spot,MITCHELL,ST,CENTENNIAL PARK,,No,Not a school zone,Roundabout,-33.892233,151.232152,Sydney,Sydney metro. area,Syd-Newc-Woll Gtr conurbation,Straight,,,,Unknown / not stated,Sealed,Dry,Fine,Dusk,Nil,Give way sign,40 km/h,Local,30,Rear end,301,Same - Rear end,,Rear end,Car (sedan/hatch),Car (sedan/hatch),2,0,0,0,1,10,October,Spring,Tuesday,16:00 - 17:59,PM peak / evening commute,True,False,True,True
1365173,Injury,Minor/Other Injury,2024,2024,October,Saturday,12:00 - 13:59,WAKEHURST,PKWY,50,West,PITTWATER,RD,NORTH NARRABEEN,397.0,No,Not a school zone,Other,-33.709752,151.29563,Northern Beaches,Sydney metro. area,Syd-Newc-Woll Gtr conurbation,Curved,,,,Unknown / not stated,Sealed,Dry,Fine,Daylight,On,Ped crossing,70 km/h,State,30,Rear end,301,Same - Rear end,,Rear end,4 wheel drive / SUV,Car (sedan/hatch),2,0,0,0,1,10,October,Spring,Saturday,12:00 - 13:59,Midday / afternoon,False,False,True,True
1365174,Injury,Minor/Other Injury,2024,2024,October,Wednesday,14:00 - 15:59,M7 WESTLINK,EXP,500,South,KURRAJONG ROAD,OP,PRESTONS,6009.0,No,Not a school zone,Dual freeway,-33.94823,150.877601,Liverpool,Sydney metro. area,Syd-Newc-Woll Gtr conurbation,Curved,,,,Unknown / not stated,Sealed,Wet,Overcast,Daylight,Nil,No traffic controls,100 km/h,State,35,Lane change left,307,Same - Lane change left,,Other angle,Semi-trailer,Car (sedan/hatch),2,0,0,0,1,10,October,Spring,Wednesday,14:00 - 15:59,Midday / afternoon,False,False,True,True
1365181,Injury,Minor/Other Injury,2024,2024,October,Saturday,20:00 - 21:59,BARRENJOEY,RD,0,Right on the spot,NUMBER 1174A,HN,PALM BEACH,164.0,No,Not a school zone,2-way undivided,-33.593316,151.321356,Northern Beaches,Sydney metro. area,Syd-Newc-Woll Gtr conurbation,Curved,Steep grade,,,Unknown / not stated,Sealed,Dry,Fine,Darkness,Nil,No traffic controls,40 km/h,State,88,Out of cont on bend,805,Out of control on bend,,Rollover,Motorcycle,,1,0,0,0,1,10,October,Spring,Saturday,20:00 - 21:59,Evening / night,False,False,True,True
1365182,Injury,Minor/Other Injury,2024,2024,September,Friday,14:00 - 15:59,KING,ST,50,North,COWPER,ST,WARRAWONG,522.0,No,Not a school zone,Divided road,-34.484929,150.887583,Wollongong,Wollongong met. area,Syd-Newc-Woll Gtr conurbation,Straight,,,,Unknown / not stated,Sealed,Dry,Fine,Daylight,Nil,No traffic controls,60 km/h,State,30,Rear end,301,Same - Rear end,,Rear end,Car (sedan/hatch),Car (sedan/hatch),2,0,0,0,1,9,September,Spring,Friday,14:00 - 15:59,Midday / afternoon,False,False,True,True
1365184,Injury,Moderate Injury,2024,2024,September,Tuesday,18:00 - 19:59,RIVER,ST,10,East,FISHERY CREEK,RD,WEST BALLINA,695.0,No,Not a school zone,T-junction,-28.863656,153.545145,Ballina,Country urban,Rest of NSW - Urban,Straight,,,,Unknown / not stated,Sealed,Dry,Fine,Dusk,Nil,No traffic controls,60 km/h,Regional,30,Rear end,301,Same - Rear end,,Rear end,Light truck utility(from 2018),Car (sedan/hatch),3,0,0,1,0,9,September,Spring,Tuesday,18:00 - 19:59,PM peak / evening commute,True,False,True,True
1365187,Injury,Serious Injury,2024,2024,October,Monday,10:00 - 11:59,NEW ENGLAND,HWY,1340,South,ABERDEEN,TN,ABERDEEN,9.0,No,Not a school zone,Divided road,-32.18822,150.891915,Muswellbrook,Country non-urban,Rest of NSW - Rural,Straight,Embankment/cutting,,,Nil,Sealed,Dry,Fine,Daylight,Nil,No traffic controls,100 km/h,State,71,Off rd left => obj,703,Left off cway into object,,Vehicle - Object,4 wheel drive / SUV,,1,0,1,1,0,10,October,Spring,Monday,10:00 - 11:59,Midday / afternoon,False,False,True,True
1365189,Injury,Minor/Other Injury,2024,2024,September,Monday,14:00 - 15:59,WINDSOR,RD,0,Right on the spot,MERINDAH,RD,BAULKHAM HILLS,184.0,No,Not a school zone,T-junction,-33.745579,150.981853,The Hills,Sydney metro. area,Syd-Newc-Woll Gtr conurbation,Curved,,,,Off,Sealed,Dry,Fine,Daylight,On,No traffic controls,60 km/h,State,30,Rear end,301,Same - Rear end,,Rear end,4 wheel drive / SUV,Car (sedan/hatch),2,0,0,0,1,9,September,Spring,Monday,14:00 - 15:59,Midday / afternoon,False,False,True,True
1365190,Injury,Moderate Injury,2024,2024,October,Monday,14:00 - 15:59,OLD BAR,RD,0,Right on the spot,NUMBER 216,HN,PAMPOOLAH,7761.0,No,Not a school zone,2-way undivided,-31.946708,152.495953,Mid-Coast,Country non-urban,Rest of NSW - Rural,Straight,Painted double centre lines,,,Unknown / not stated,Sealed,Wet,Raining,Daylight,Nil,No traffic controls,90 km/h,Regional,73,Off rd rght => obj,704,Right off cway into obj,,Vehicle - Object,Light truck utility(from 2018),,1,0,0,1,0,10,October,Spring,Monday,14:00 - 15:59,Midday / afternoon,False,False,True,True
1365199,Injury,Moderate Injury,2024,2024,October,Monday,14:00 - 15:59,RIVER,RD,0,Right on the spot,NORTHWOOD,RD,NORTHWOOD,2070.0,No,Not a school zone,T-junction,-33.82541,151.174705,Lane Cove,Sydney metro. area,Syd-Newc-Woll Gtr conurbation,Straight,,,,Unknown / not stated,Sealed,Wet,Raining,Daylight,Nil,No traffic controls,50 km/h,Regional,13,Right near,104,Adj - Right-thru from right,,Right angle,4 wheel drive / SUV,Light truck utility(from 2018),2,0,0,1,1,10,October,Spring,Monday,14:00 - 15:59,Midday / afternoon,False,False,True,True
1365200,Injury,Minor/Other Injury,2024,2024,September,Wednesday,16:00 - 17:59,FOREST,RD,0,Right on the spot,409 - 413,HN,PENSHURST,168.0,Yes,No,2-way undivided,-33.96342,151.08795,Georges River,Sydney metro. area,Syd-Newc-Woll Gtr conurbation,Straight,,,,Unknown / not stated,Sealed,Dry,Fine,Daylight,Nil,No traffic controls,60 km/h,State,39,Other same direction,300,Same - other,,Other angle,Car (sedan/hatch),Light truck utility(from 2018),2,0,0,0,1,9,September,Spring,Wednesday,16:00 - 17:59,PM peak / evening commute,True,False,True,True
1365204,Injury,Moderate Injury,2024,2024,September,Thursday,16:00 - 17:59,PAGE,AVE,20,East,HENRY,ST,ASHFIELD,,No,Not a school zone,2-way undivided,-33.876567,151.126819,Inner West,Sydney metro. area,Syd-Newc-Woll Gtr conurbation,Straight,,,,Unknown / not stated,Sealed,Wet,Raining,Daylight,Nil,No traffic controls,50 km/h,Local,30,Rear end,301,Same - Rear end,,Rear end,Car (sedan/hatch),Light truck utility(from 2018),2,0,0,1,0,9,September,Spring,Thursday,16:00 - 17:59,PM peak / evening commute,True,False,True,True
1365205,Injury,Minor/Other Injury,2024,2024,October,Sunday,20:00 - 21:59,VICTORIA,RD,0,Right on the spot,SHAFTSBURY,RD,WEST RYDE,165.0,No,Not a school zone,T-junction,-33.806426,151.080905,Ryde,Sydney metro. area,Syd-Newc-Woll Gtr conurbation,Straight,Steep grade,,,Unknown / not stated,Sealed,Dry,Fine,Darkness,On,No traffic controls,60 km/h,State,21,Right through,202,Opp - Right-thru,,Other angle,Passenger van,Car (sedan/hatch),2,0,0,0,2,10,October,Spring,Sunday,20:00 - 21:59,Evening / night,False,False,True,True