crash_id,degree_of_crash,degree_of_crash_-_detailed,reporting_year,year_of_crash,month_of_crash,day_of_week_of_crash,two-hour_intervals,street_of_crash,street_type,distance,direction,identifying_feature,identifying_feature_type,town,route_no.,school_zone_location,school_zone_active,type_of_location,latitude,longitude,lga,urbanisation,conurbation_1,alignment,primary_permanent_feature,primary_temporary_feature,primary_hazardous_feature,street_lighting,road_surface,surface_condition,weather,natural_lighting,signals_operation,other_traffic_control,speed_limit,road_classification_(admin),rum_-_code,rum_-_description,dca_-_code,dca_-_description,dca_supplement,first_impact_type,key_tu_type,other_tu_type,no._of_traffic_units_involved,no._killed,no._seriously_injured,no._moderately_injured,no._minor-other_injured,month_num,month_label,season,day_label,time_label,time_band,is_peak_commute,is_fatal,is_injury,is_casualty
1365206,Injury,Minor/Other Injury,2024,2024,September,Monday,10:00 - 11:59,EPPING,RD,100,East,WICKS,RD,NORTH RYDE,373.0,No,Not a school zone,Divided road,-33.791945,151.131193,Ryde,Sydney metro. area,Syd-Newc-Woll Gtr conurbation,Straight,Steep grade,,,Unknown / not stated,Sealed,Dry,Fine,Daylight,Nil,No traffic controls,70 km/h,State,33,Lane sideswipe,305,Same - Lane side swipe,,Other angle,Passenger van,Station wagon,3,0,0,0,1,9,September,Spring,Monday,10:00 - 11:59,Midday / afternoon,False,False,True,True
1365209,Injury,Moderate Injury,2024,2024,October,Friday,18:00 - 19:59,GOULD,RD,0,Right on the spot,NUMBER 227,HN,EAGLE VALE,,No,Not a school zone,2-way undivided,-34.031188,150.816865,Campbelltown,Sydney metro. area,Syd-Newc-Woll Gtr conurbation,Straight,Driveway/entrance,,,Unknown / not stated,Sealed,Dry,Fine,Dusk,Nil,No traffic controls,60 km/h,Local,47,Emerging from drive,406,Manov - Emerging from driveway,,Right angle,Car (sedan/hatch),4 wheel drive / SUV,2,0,0,1,0,10,October,Spring,Friday,18:00 - 19:59,PM peak / evening commute,True,False,True,True
1365211,Injury,Minor/Other Injury,2024,2024,October,Monday,16:00 - 17:59,MILL PARK,ST,10,East,SHORELINE,DR,RHODES,,No,Not a school zone,L-junction,-33.823676,151.087432,Canada Bay,Sydney metro. area,Syd-Newc-Woll Gtr conurbation,Curved,,,,Unknown / not stated,Sealed,Wet,Raining,Daylight,Nil,No traffic controls,50 km/h,Local,81,Off left/rt bnd=>obj,803,Off right bend into obj,Left,Vehicle - Object,Car (sedan/hatch),,1,0,0,0,1,10,October,Spring,Monday,16:00 - 17:59,PM peak / evening commute,True,False,True,True
1365213,Injury,Moderate Injury,2024,2024,October,Friday,10:00 - 11:59,MARVELL,ST,0,Right on the spot,MIDDLETON,ST,BYRON BAY,,No,Not a school zone,X-intersection,-28.645444,153.61451,Byron,Country urban,Rest of NSW - Urban,Straight,,,,Unknown / not stated,Sealed,Dry,Fine,Daylight,Nil,Give way sign,50 km/h,Local,10,Cross traffic,101,Adj - Cross traffic,,Right angle,4 wheel drive / SUV,Light truck utility(from 2018),2,0,0,1,0,10,October,Spring,Friday,10:00 - 11:59,Midday / afternoon,False,False,True,True
1365216,Injury,Moderate Injury,2024,2024,August,Sunday,18:00 - 19:59,HUME,HWY,0,Right on the spot,JOHNSTON,RD,BASS HILL,2.0,No,Not a school zone,T-junction,-33.892419,150.980788,Canterbury-Bankstown,Sydney metro. area,Syd-Newc-Woll Gtr conurbation,Straight,Embankment/cutting,,,Unknown / not stated,Sealed,Dry,Fine,Darkness,Nil,Give way sign,70 km/h,State,16,Left near,107,Adj - Left-thru from right,,Right angle,Car (sedan/hatch),4 wheel drive / SUV,2,0,0,1,0,8,August,Winter,Sunday,18:00 - 19:59,PM peak / evening commute,True,False,True,True
1365217,Injury,Minor/Other Injury,2024,2024,September,Saturday,14:00 - 15:59,MT LINDESAY,RD,20000,West,WOODENBONG,TN,KOREELAH,622.0,No,Not a school zone,2-way undivided,-28.384695,152.44624,Tenterfield,Country non-urban,Rest of NSW - Rural,Curved,,,,Unknown / not stated,Sealed,Dry,Fine,Daylight,Nil,No traffic controls,100 km/h,Regional,88,Out of cont on bend,805,Out of control on bend,,Rollover,Motorcycle,,1,0,0,0,1,9,September,Spring,Saturday,14:00 - 15:59,Midday / afternoon,False,False,True,True
1365218,Injury,Moderate Injury,2024,2024,August,Wednesday,14:00 - 15:59,BURWOOD,RD,0,Right on the spot,YANGOORA,RD,BELMORE,7047.0,Yes,No,T-junction,-33.910312,151.084155,Canterbury-Bankstown,Sydney metro. area,Syd-Newc-Woll Gtr conurbation,Straight,,,,Unknown / not stated,Sealed,Dry,Fine,Daylight,Nil,Stop sign,50 km/h,Regional,39,Other same direction,300,Same - other,,Other angle,Light truck utility(from 2018),4 wheel drive / SUV,2,0,0,1,0,8,August,Winter,Wednesday,14:00 - 15:59,Midday / afternoon,False,False,True,True
1365220,Injury,Moderate Injury,2024,2024,September,Monday,12:00 - 13:59,NORTH ROCKS,RD,130,East,NORTH ROCKS,AVE,NORTH ROCKS,7144.0,Yes,No,Divided road,-33.768149,151.027982,Parramatta,Sydney metro. area,Syd-Newc-Woll Gtr conurbation,Curved,Driveway/entrance,,,Unknown / not stated,Sealed,Dry,Fine,Daylight,Nil,No traffic controls,60 km/h,Regional,49,Other manoeuvring,400,Manov - other,,Other angle,Car (sedan/hatch),,1,0,0,1,0,9,September,Spring,Monday,12:00 - 13:59,Midday / afternoon,False,False,True,True
1365221,Injury,Minor/Other Injury,2024,2024,October,Saturday,08:00 - 09:59,GRAND,DR,0,Right on the spot,COOK ROAD,TO,CENTENNIAL PARK,,No,Not a school zone,1-way street,-33.897771,151.22779,Randwick,Sydney metro. area,Syd-Newc-Woll Gtr conurbation,Straight,Foot/cycle path/nature strip,,,Unknown / not stated,Sealed,Dry,Fine,Daylight,Nil,No traffic controls,30 km/h,Local,35,Lane change left,307,Same - Lane change left,,Other angle,4 wheel drive / SUV,Pedal cycle,2,0,0,0,1,10,October,Spring,Saturday,08:00 - 09:59,AM peak / school commute,True,False,True,True
1365222,Injury,Serious Injury,2024,2024,September,Thursday,06:00 - 07:59,BERRIMA,RD,700,South,TAYLOR,AVE,NEW BERRIMA,372.0,No,Not a school zone,2-way undivided,-34.513441,150.346081,Wingecarribee,Country urban,Rest of NSW - Urban,Straight,,,,Nil,Sealed,Dry,Fine,Daylight,Nil,No traffic controls,80 km/h,Regional,20,Head on,201,Opp - Head on,,Head-on,Light truck utility(from 2018),Car (sedan/hatch),2,0,1,0,0,9,September,Spring,Thursday,06:00 - 07:59,AM peak / school commute,True,False,True,True
1365227,Injury,Minor/Other Injury,2024,2024,October,Friday,06:00 - 07:59,AVOCA,ST,0,Right on the spot,NUMBER 65-69,HN,RANDWICK,660.0,Yes,No,2-way undivided,-33.910019,151.243833,Randwick,Sydney metro. area,Syd-Newc-Woll Gtr conurbation,Straight,,,,Unknown / not stated,Sealed,Dry,Fine,Daylight,Nil,No traffic controls,50 km/h,State,30,Rear end,301,Same - Rear end,,Rear end,Car (sedan/hatch),Station wagon,2,0,0,0,1,10,October,Spring,Friday,06:00 - 07:59,AM peak / school commute,True,False,True,True
1365228,Injury,Moderate Injury,2024,2024,October,Sunday,22:00 - Midnight,HINTON,RD,200,East,PHOENIX PARK,RD,PHOENIX PARK,,No,Not a school zone,2-way undivided,-32.720485,151.627849,Maitland,Country urban,Rest of NSW - Urban,Straight,Ditch/drain/culvert,,,Unknown / not stated,Sealed,Dry,Fine,Darkness,Nil,No traffic controls,80 km/h,Local,73,Off rd rght => obj,704,Right off cway into obj,,Vehicle - Object,Station wagon,,1,0,0,1,0,10,October,Spring,Sunday,22:00 - Midnight,Evening / night,False,False,True,True
1365230,Injury,Moderate Injury,2024,2024,September,Saturday,10:00 - 11:59,ALFORDS POINT,RD,1000,South,ALFORDS POINT,BDGE,ALFORDS POINT,190.0,No,Not a school zone,Divided road,-33.98729,151.027219,Sutherland,Sydney metro. area,Syd-Newc-Woll Gtr conurbation,Straight,Steep grade,,,Off,Sealed,Dry,Fine,Daylight,Nil,No traffic controls,80 km/h,State,62,Accident,603,On path - Previous accident,,Other angle,Car (sedan/hatch),4 wheel drive / SUV,3,0,0,1,0,9,September,Spring,Saturday,10:00 - 11:59,Midday / afternoon,False,False,True,True
1365234,Injury,Moderate Injury,2024,2024,October,Monday,06:00 - 07:59,PACIFIC,HWY,1000,South,BUCKETTS,WAY,TWELVE MILE CREEK,10.0,No,Not a school zone,Divided road,-32.654233,151.855676,Port Stephens,Country non-urban,Rest of NSW - Rural,Curved,,,,Unknown / not stated,Sealed,Dry,Fine,Daylight,Nil,No traffic controls,100 km/h,State,62,Accident,603,On path - Previous accident,,Other angle,B-double (road train prior 98),Semi-trailer,2,0,0,1,0,10,October,Spring,Monday,06:00 - 07:59,AM peak / school commute,True,False,True,True
1365235,Injury,Minor/Other Injury,2024,2024,October,Thursday,16:00 - 17:59,OLYMPIC,HWY,250,South,TRAVERS,ST,WAGGA WAGGA,78.0,No,Not a school zone,Divided road,-35.102913,147.349158,Wagga Wagga,Country urban,Rest of NSW - Urban,Straight,,,,Unknown / not stated,Sealed,Dry,Fine,Dusk,Nil,No traffic controls,80 km/h,State,30,Rear end,301,Same - Rear end,,Rear end,Light truck,Car (sedan/hatch),2,0,0,0,1,10,October,Spring,Thursday,16:00 - 17:59,PM peak / evening commute,True,False,True,True
1365237,Injury,Minor/Other Injury,2024,2024,October,Tuesday,14:00 - 15:59,PACIFIC,HWY,400,South,PACIFIC HIGHWAY,OP,HEXHAM,10.0,No,Not a school zone,Divided road,-32.827709,151.684091,Newcastle,Newcastle met. area,Syd-Newc-Woll Gtr conurbation,Straight,,,,Unknown / not stated,Sealed,Dry,Fine,Daylight,Nil,No traffic controls,80 km/h,State,30,Rear end,301,Same - Rear end,,Rear end,Car (sedan/hatch),4 wheel drive / SUV,2,0,0,0,1,10,October,Spring,Tuesday,14:00 - 15:59,Midday / afternoon,False,False,True,True
1365239,Injury,Minor/Other Injury,2024,2024,October,Friday,22:00 - Midnight,WILLIAM,ST,0,Right on the spot,BOURKE,ST,WOOLLOOMOOLOO,173.0,No,Not a school zone,X-intersection,-33.874537,151.218076,Sydney,Sydney metro. area,Syd-Newc-Woll Gtr conurbation,Straight,,,,Unknown / not stated,Sealed,Dry,Fine,Darkness,On,No traffic controls,50 km/h,State,21,Right through,202,Opp - Right-thru,,Other angle,Car (sedan/hatch),4 wheel drive / SUV,2,0,0,0,1,10,October,Spring,Friday,22:00 - Midnight,Evening / night,False,False,True,True
1365243,Injury,Minor/Other Injury,2024,2024,September,Saturday,08:00 - 09:59,BRUCE FERGUSON,AVE,0,Right on the spot,NUMBER 79,HN,BARDIA,,No,Not a school zone,2-way undivided,-33.982486,150.859623,Campbelltown,Sydney metro. area,Syd-Newc-Woll Gtr conurbation,Curved,,,,Unknown / not stated,Sealed,Dry,Fine,Daylight,Nil,No traffic controls,50 km/h,Local,30,Rear end,301,Same - Rear end,,Rear end,4 wheel drive / SUV,4 wheel drive / SUV,2,0,0,0,1,9,September,Spring,Saturday,08:00 - 09:59,AM peak / school commute,True,False,True,True
1365245,Injury,Serious Injury,2024,2024,October,Wednesday,10:00 - 11:59,RESTON GRANGE,MS,0,Right on the spot,NUMBER 15,HN,BELLA VISTA,,No,Not a school zone,2-way undivided,-33.738923,150.962175,The Hills,Sydney metro. area,Syd-Newc-Woll Gtr conurbation,Curved,Steep grade,,,Unknown / not stated,Sealed,Dry,Overcast,Daylight,Nil,No traffic controls,50 km/h,Local,85,Off rt/lft bnd=>obj,804,Off left bend into obj,Right,Vehicle - Object,4 wheel drive / SUV,,1,0,1,0,0,10,October,Spring,Wednesday,10:00 - 11:59,Midday / afternoon,False,False,True,True
1365249,Injury,Minor/Other Injury,2024,2024,October,Thursday,14:00 - 15:59,ROBERTS,RD,0,Right on the spot,JUNO,PDE,GREENACRE,200.0,No,Not a school zone,X-intersection,-33.907808,151.064409,Strathfield,Sydney metro. area,Syd-Newc-Woll Gtr conurbation,Curved,,,,Unknown / not stated,Sealed,Dry,Fine,Daylight,On,No traffic controls,70 km/h,State,30,Rear end,301,Same - Rear end,,Rear end,Station wagon,Car (sedan/hatch),2,0,0,0,1,10,October,Spring,Thursday,14:00 - 15:59,Midday / afternoon,False,False,True,True
1365251,Injury,Serious Injury,2024,2024,October,Saturday,18:00 - 19:59,RED RANGE,RD,5550,West,GREENHOUSE,RD,LAMBS VALLEY,,No,Not a school zone,2-way undivided,-29.767934,151.817393,Glen Innes Severn,Country non-urban,Rest of NSW - Rural,Curved,Crest,,,Unknown / not stated,Sealed,Wet,Raining,Dusk,Nil,No traffic controls,100 km/h,Local,81,Off left/rt bnd=>obj,803,Off right bend into obj,Left,Vehicle - Object,Light truck utility(from 2018),,1,0,1,1,0,10,October,Spring,Saturday,18:00 - 19:59,PM peak / evening commute,True,False,True,True
1365252,Injury,Serious Injury,2024,2024,October,Monday,12:00 - 13:59,THIRLMERE,WAY,0,Right on the spot,OWEN,ST,THIRLMERE,7635.0,No,Not a school zone,X-intersection,-34.192399,150.577012,Wollondilly,Country urban,Syd-Newc-Woll Gtr conurbation,Straight,,,,Nil,Sealed,Dry,Fine,Daylight,Nil,Give way sign,80 km/h,Regional,30,Rear end,301,Same - Rear end,,Rear end,Utility,Station wagon,4,0,1,0,0,10,October,Spring,Monday,12:00 - 13:59,Midday / afternoon,False,False,True,True
1365254,Injury,Moderate Injury,2024,2024,October,Wednesday,00:01 - 01:59,CHARLESTOWN,RD,0,Right on the spot,NUMBER 105,HN,KOTARA,23.0,No,Not a school zone,Divided road,-32.944937,151.686383,Newcastle,Newcastle met. area,Syd-Newc-Woll Gtr conurbation,Straight,Steep grade,,,Unknown / not stated,Sealed,Wet,Raining,Darkness,Nil,No traffic controls,70 km/h,State,71,Off rd left => obj,703,Left off cway into object,,Other angle,Light truck utility(from 2018),Car (sedan/hatch),3,0,0,1,0,10,October,Spring,Wednesday,00:01 - 01:59,Late night / early morning,False,False,True,True
1365255,Injury,Minor/Other Injury,2024,2024,August,Thursday,18:00 - 19:59,NEW ENGLAND,HWY,50,South,MIDDLE FALBROOK,RD,RIXS CREEK,9.0,No,Not a school zone,2-way undivided,-32.518847,151.127863,Singleton,Country non-urban,Rest of NSW - Rural,Straight,,,,Unknown / not stated,Sealed,Dry,Fine,Darkness,Nil,No traffic controls,100 km/h,State,30,Rear end,301,Same - Rear end,,Rear end,4 wheel drive / SUV,Passenger van,2,0,0,0,1,8,August,Winter,Thursday,18:00 - 19:59,PM peak / evening commute,True,False,True,True
1365258,Injury,Minor/Other Injury,2024,2024,October,Wednesday,16:00 - 17:59,WESTERN,EXP,20,West,COLEMAN STREET,OP,SOUTH WENTWORTHVILLE,6004.0,No,Not a school zone,Dual freeway,-33.818864,150.981488,Cumberland,Sydney metro. area,Syd-Newc-Woll Gtr conurbation,Straight,,,,Unknown / not stated,Sealed,Dry,Fine,Daylight,Nil,No traffic controls,90 km/h,State,30,Rear end,301,Same - Rear end,,Rear end,Light truck,Light truck utility(from 2018),3,0,0,0,1,10,October,Spring,Wednesday,16:00 - 17:59,PM peak / evening commute,True,False,True,True
1365264,Injury,Minor/Other Injury,2024,2024,September,Tuesday,14:00 - 15:59,NEW ENGLAND,HWY,0,Right on the spot,CHELMSFORD,DR,EAST MAITLAND,9.0,No,Not a school zone,X-intersection,-32.762442,151.595971,Maitland,Country urban,Rest of NSW - Urban,Straight,,,,Unknown / not stated,Sealed,Dry,Fine,Daylight,On,No traffic controls,60 km/h,State,35,Lane change left,307,Same - Lane change left,,Other angle,Car (sedan/hatch),4 wheel drive / SUV,3,0,0,0,1,9,September,Spring,Tuesday,14:00 - 15:59,Midday / afternoon,False,False,True,True
1365268,Injury,Minor/Other Injury,2024,2024,September,Friday,16:00 - 17:59,CASTLEREAGH,RD,0,Right on the spot,BROOKS,LANE,AGNES BANKS,2109.0,No,Not a school zone,T-junction,-33.62449,150.702012,Penrith,Sydney metro. area,Syd-Newc-Woll Gtr conurbation,Straight,,,,Off,Sealed,Dry,Fine,Daylight,Nil,Give way sign,80 km/h,Regional,30,Rear end,301,Same - Rear end,,Rear end,Car (sedan/hatch),4 wheel drive / SUV,2,0,0,0,1,9,September,Spring,Friday,16:00 - 17:59,PM peak / evening commute,True,False,True,True
1365272,Injury,Minor/Other Injury,2024,2024,October,Tuesday,16:00 - 17:59,WENTWORTH,AVE,0,Right on the spot,BARANGAROO,RD,TOONGABBIE,7279.0,No,Not a school zone,T-junction,-33.787723,150.951895,Parramatta,Sydney metro. area,Syd-Newc-Woll Gtr conurbation,Straight,,,,Unknown / not stated,Sealed,Wet,Overcast,Dusk,Nil,Stop sign,60 km/h,Regional,85,Off rt/lft bnd=>obj,706,Left turn,Right,Vehicle - Object,Motorcycle,,1,0,0,0,1,10,October,Spring,Tuesday,16:00 - 17:59,PM peak / evening commute,True,False,True,True
1365273,Injury,Minor/Other Injury,2024,2024,September,Friday,06:00 - 07:59,BOUNDARY,ST,0,Right on the spot,NUMBER 99A,HN,ROSEVILLE,328.0,No,Not a school zone,Divided road,-33.783858,151.19101,Willoughby,Sydney metro. area,Syd-Newc-Woll Gtr conurbation,Straight,Steep grade,,,Unknown / not stated,Sealed,Dry,Unknown,Daylight,Nil,No traffic controls,60 km/h,State,30,Rear end,301,Same - Rear end,,Rear end,Light truck,Large rigid,2,0,0,0,1,9,September,Spring,Friday,06:00 - 07:59,AM peak / school commute,True,False,True,True
1365274,Injury,Moderate Injury,2024,2024,October,Saturday,08:00 - 09:59,LAKE,RD,0,Right on the spot,CROUDACE,RD,ELERMORE VALE,217.0,No,Not a school zone,T-junction,-32.913382,151.660796,Newcastle,Newcastle met. area,Syd-Newc-Woll Gtr conurbation,Straight,Steep grade,,,Unknown / not stated,Sealed,Dry,Fine,Daylight,On,No traffic controls,70 km/h,State,10,Cross traffic,101,Adj - Cross traffic,,Right angle,Station wagon,Car (sedan/hatch),2,0,0,1,0,10,October,Spring,Saturday,08:00 - 09:59,AM peak / school commute,True,False,True,True
1365275,Injury,Moderate Injury,2024,2024,August,Tuesday,16:00 - 17:59,FOX,ST,40,West,GRANT,ST,BALLINA,,No,Not a school zone,2-way undivided,-28.860808,153.56099,Ballina,Country urban,Rest of NSW - Urban,Straight,,,,Unknown / not stated,Sealed,Dry,Fine,Darkness,Nil,No traffic controls,50 km/h,Local,40,U turn,304,Same - U-turn,,Other angle,Passenger van,Station wagon,2,0,0,1,0,8,August,Winter,Tuesday,16:00 - 17:59,PM peak / evening commute,True,False,True,True
1365276,Injury,Moderate Injury,2024,2024,October,Monday,14:00 - 15:59,REMEMBRANCE,DVWY,400,South,CALOOLA,RD,BARGO,620.0,No,Not a school zone,2-way undivided,-34.266028,150.573122,Wollondilly,Country urban,Syd-Newc-Woll Gtr conurbation,Curved,,,,Unknown / not stated,Sealed,Wet,Raining,Daylight,Nil,No traffic controls,80 km/h,State,20,Head on,201,Opp - Head on,,Head-on,Car (sedan/hatch),Car (sedan/hatch),2,0,0,1,0,10,October,Spring,Monday,14:00 - 15:59,Midday / afternoon,False,False,True,True
1365278,Injury,Moderate Injury,2024,2024,October,Wednesday,12:00 - 13:59,CASTLEREAGH,HWY,30,South,WEE WAA,ST,WALGETT,18.0,No,Not a school zone,2-way undivided,-30.021908,148.116623,Walgett,Country urban,Rest of NSW - Urban,Straight,,,,Unknown / not stated,Sealed,Dry,Fine,Daylight,Nil,No traffic controls,40 km/h,State,42,Leaving parking,401,Manov - Leaving parking,,Other angle,Passenger van,Car (sedan/hatch),2,0,0,1,0,10,October,Spring,Wednesday,12:00 - 13:59,Midday / afternoon,False,False,True,True
1365279,Injury,Serious Injury,2024,2024,October,Tuesday,14:00 - 15:59,SUNNYHOLT,RD,0,Right on the spot,QUAKERS HILL,PKWY,PARKLEA,642.0,No,Not a school zone,T-junction,-33.731177,150.921375,Blacktown,Sydney metro. area,Syd-Newc-Woll Gtr conurbation,Straight,,,,Unknown / not stated,Sealed,Dry,Fine,Daylight,On,No traffic controls,70 km/h,State,23,Right/left,203,Opp - Right-left,,Other angle,Car (sedan/hatch),4 wheel drive / SUV,2,0,1,0,0,10,October,Spring,Tuesday,14:00 - 15:59,Midday / afternoon,False,False,True,True
1365282,Injury,Serious Injury,2024,2024,October,Monday,18:00 - 19:59,MACPHERSON,ST,0,Right on the spot,ERITH,ST,MOSMAN,2036.0,No,Not a school zone,T-junction,-33.824756,151.231492,Mosman,Sydney metro. area,Syd-Newc-Woll Gtr conurbation,Straight,,,,Unknown / not stated,Sealed,Dry,Fine,Dusk,Nil,Give way sign,50 km/h,Regional,21,Right through,202,Opp - Right-thru,,Other angle,Car (sedan/hatch),Station wagon,2,0,1,0,0,10,October,Spring,Monday,18:00 - 19:59,PM peak / evening commute,True,False,True,True
1365285,Injury,Moderate Injury,2024,2024,October,Sunday,18:00 - 19:59,GENERAL HOLMES,DR,70,North,ROSS SMITH,AVE,MASCOT,194.0,No,Not a school zone,Divided road,-33.934495,151.192274,Bayside,Sydney metro. area,Syd-Newc-Woll Gtr conurbation,Straight,,,,Unknown / not stated,Sealed,Dry,Fine,Dusk,Nil,No traffic controls,70 km/h,State,30,Rear end,301,Same - Rear end,,Rear end,Semi-trailer,Car (sedan/hatch),4,0,0,1,0,10,October,Spring,Sunday,18:00 - 19:59,PM peak / evening commute,True,False,True,True
1365286,Injury,Moderate Injury,2024,2024,October,Sunday,18:00 - 19:59,KINGWAY,MS,0,Right on the spot,PORT HACKING,RD,MIRANDA,227.0,No,Not a school zone,Multiple intersection,-34.035223,151.11343,Sutherland,Sydney metro. area,Syd-Newc-Woll Gtr conurbation,Straight,,,,Unknown / not stated,Sealed,Dry,Fine,Darkness,On,No traffic controls,60 km/h,State,32,Right rear,303,Same - Rear right,,Rear end,Car (sedan/hatch),4 wheel drive / SUV,2,0,0,1,0,10,October,Spring,Sunday,18:00 - 19:59,PM peak / evening commute,True,False,True,True
1365289,Injury,Minor/Other Injury,2024,2024,October,Monday,16:00 - 17:59,GREAT WESTERN,HWY,0,Right on the spot,PARK,RD,WOODFORD,5.0,No,Not a school zone,T-junction,-33.733352,150.470094,Blue Mountains,Country urban,Syd-Newc-Woll Gtr conurbation,Straight,,,,Unknown / not stated,Sealed,Dry,Fine,Daylight,Nil,Stop sign,80 km/h,State,30,Rear end,301,Same - Rear end,,Rear end,4 wheel drive / SUV,Car (sedan/hatch),2,0,0,0,1,10,October,Spring,Monday,16:00 - 17:59,PM peak / evening commute,True,False,True,True
1365296,Injury,Serious Injury,2024,2024,September,Wednesday,10:00 - 11:59,KING,ST,0,Right on the spot,SUSSEX,ST,SYDNEY,165.0,No,Not a school zone,X-intersection,-33.868795,151.203604,Sydney,Sydney metro. area,Syd-Newc-Woll Gtr conurbation,Straight,,,,Off,Sealed,Dry,Fine,Daylight,On,No traffic controls,40 km/h,State,30,Rear end,301,Same - Rear end,,Rear end,Passenger van,Light truck,2,0,1,0,0,9,September,Spring,Wednesday,10:00 - 11:59,Midday / afternoon,False,False,True,True
1365297,Injury,Serious Injury,2024,2024,September,Sunday,12:00 - 13:59,PACIFIC,HWY,400,West,NEWCASTLE EXPRESSWAY,OP,COWAN,10.0,No,Not a school zone,2-way undivided,-33.560716,151.189201,Hornsby,Sydney metro. area,Syd-Newc-Woll Gtr conurbation,Curved,Steep grade,,,Nil,Sealed,Dry,Fine,Daylight,Nil,No traffic controls,70 km/h,State,88,Out of cont on bend,805,Out of control on bend,,Rollover,Motorcycle,,1,0,1,0,0,9,September,Spring,Sunday,12:00 - 13:59,Midday / afternoon,False,False,True,True
1365298,Injury,Moderate Injury,2024,2024,September,Thursday,20:00 - 21:59,AUBREY,ST,0,Right on the spot,THE TRONGATE,MS,SOUTH GRANVILLE,,No,Not a school zone,T-junction,-33.850671,151.010411,Cumberland,Sydney metro. area,Syd-Newc-Woll Gtr conurbation,Straight,,,,On,Sealed,Dry,Fine,Darkness,Nil,Stop sign,50 km/h,Local,10,Cross traffic,101,Adj - Cross traffic,,Right angle,Car (sedan/hatch),4 wheel drive / SUV,5,0,0,1,0,9,September,Spring,Thursday,20:00 - 21:59,Evening / night,False,False,True,True
1365299,Injury,Serious Injury,2024,2024,October,Thursday,20:00 - 21:59,CAPTAIN COOK BICENTENNIAL,DR,2900,South,OCEAN,DR,NORTH BROTHER,,No,Not a school zone,2-way undivided,-31.647152,152.774491,Port Macquarie-Hastings,Country non-urban,Rest of NSW - Rural,Curved,Steep grade,,,Nil,Sealed,Dry,Fine,Darkness,Nil,No traffic controls,100 km/h,Local,81,Off left/rt bnd=>obj,803,Off right bend into obj,Left,Vehicle - Object,Car (sedan/hatch),,1,0,3,1,0,10,October,Spring,Thursday,20:00 - 21:59,Evening / night,False,False,True,True
1365300,Injury,Serious Injury,2024,2024,August,Monday,08:00 - 09:59,CENTRAL COAST,HWY,0,Right on the spot,ARUNDEL,RD,ERINA HEIGHTS,30.0,Yes,No,T-junction,-33.425963,151.398961,Central Coast,Country urban,Syd-Newc-Woll Gtr conurbation,Straight,,,,Nil,Sealed,Dry,Fine,Daylight,On,No traffic controls,60 km/h,State,30,Rear end,301,Same - Rear end,,Rear end,4 wheel drive / SUV,Car (sedan/hatch),3,0,1,1,0,8,August,Winter,Monday,08:00 - 09:59,AM peak / school commute,True,False,True,True
1365302,Injury,Serious Injury,2024,2024,October,Friday,10:00 - 11:59,CHURCH,ST,140,South,MARKET,ST,MUDGEE,,No,Not a school zone,2-way undivided,-32.592349,149.588351,Mid-Western Regional,Country urban,Rest of NSW - Urban,Straight,,,,Off,Sealed,Dry,Fine,Daylight,Nil,No traffic controls,40 km/h,Local,9,Ped other,0,Ped - other,,Vehicle - Pedestrian,4 wheel drive / SUV,Pedestrian,2,0,1,0,0,10,October,Spring,Friday,10:00 - 11:59,Midday / afternoon,False,False,True,True
1365303,Injury,Serious Injury,2024,2024,October,Thursday,08:00 - 09:59,CANLEY VALE,RD,0,Right on the spot,HUMPHRIES,RD,ST JOHNS PARK,7224.0,No,Not a school zone,Roundabout,-33.881558,150.909626,Fairfield,Sydney metro. area,Syd-Newc-Woll Gtr conurbation,Straight,,,,Nil,Sealed,Dry,Fine,Daylight,Nil,Give way sign,60 km/h,Regional,10,Cross traffic,101,Adj - Cross traffic,,Right angle,4 wheel drive / SUV,Motorcycle,2,0,1,0,0,10,October,Spring,Thursday,08:00 - 09:59,AM peak / school commute,True,False,True,True
1365304,Injury,Moderate Injury,2024,2024,October,Monday,20:00 - 21:59,BOUNDARY,RD,200,North,OLD PITT TOWN,RD,OAKVILLE,7205.0,No,Not a school zone,2-way undivided,-33.63186,150.890804,Hawkesbury,Country urban,Syd-Newc-Woll Gtr conurbation,Straight,,,,Unknown / not stated,Sealed,Wet,Raining,Darkness,Nil,No traffic controls,80 km/h,Regional,71,Off rd left => obj,703,Left off cway into object,,Vehicle - Object,Car (sedan/hatch),,1,0,0,1,0,10,October,Spring,Monday,20:00 - 21:59,Evening / night,False,False,True,True
1365308,Injury,Moderate Injury,2024,2024,September,Sunday,16:00 - 17:59,AUSTRAL,AVE,0,Right on the spot,TOOHEY,AVE,WESTMEAD,,No,Not a school zone,T-junction,-33.810887,150.980878,Cumberland,Sydney metro. area,Syd-Newc-Woll Gtr conurbation,Straight,,,,Unknown / not stated,Sealed,Unknown,Unknown,Daylight,Nil,No traffic controls,50 km/h,Local,21,Right through,202,Opp - Right-thru,,Other angle,Car (sedan/hatch),Car (sedan/hatch),2,0,0,2,0,9,September,Spring,Sunday,16:00 - 17:59,PM peak / evening commute,True,False,True,True