crash_id,degree_of_crash,degree_of_crash_-_detailed,reporting_year,year_of_crash,month_of_crash,day_of_week_of_crash,two-hour_intervals,street_of_crash,street_type,distance,direction,identifying_feature,identifying_feature_type,town,route_no.,school_zone_location,school_zone_active,type_of_location,latitude,longitude,lga,urbanisation,conurbation_1,alignment,primary_permanent_feature,primary_temporary_feature,primary_hazardous_feature,street_lighting,road_surface,surface_condition,weather,natural_lighting,signals_operation,other_traffic_control,speed_limit,road_classification_(admin),rum_-_code,rum_-_description,dca_-_code,dca_-_description,dca_supplement,first_impact_type,key_tu_type,other_tu_type,no._of_traffic_units_involved,no._killed,no._seriously_injured,no._moderately_injured,no._minor-other_injured,month_num,month_label,season,day_label,time_label,time_band,is_peak_commute,is_fatal,is_injury,is_casualty
1365309,Injury,Serious Injury,2024,2024,October,Tuesday,16:00 - 17:59,DUFFY,AVE,0,Right on the spot,QUARTER SESSIONS,RD,WESTLEIGH,,Yes,No,Roundabout,-33.721323,151.071773,Hornsby,Sydney metro. area,Syd-Newc-Woll Gtr conurbation,Straight,,,,Nil,Sealed,Dry,Fine,Daylight,Nil,Give way sign,50 km/h,Local,71,Off rd left => obj,703,Left off cway into object,,Vehicle - Object,4 wheel drive / SUV,,1,0,2,0,0,10,October,Spring,Tuesday,16:00 - 17:59,PM peak / evening commute,True,False,True,True
1365310,Injury,Serious Injury,2024,2024,September,Friday,16:00 - 17:59,OWEN,ST,50,West,CURRAMBENE,ST,HUSKISSON,,No,Not a school zone,2-way undivided,-35.038754,150.670406,Shoalhaven,Country urban,Rest of NSW - Urban,Straight,,,,Off,Sealed,Dry,Fine,Dusk,Nil,No traffic controls,50 km/h,Local,71,Off rd left => obj,703,Left off cway into object,,Vehicle - Object,Motorcycle,,1,0,1,0,0,9,September,Spring,Friday,16:00 - 17:59,PM peak / evening commute,True,False,True,True
1365311,Injury,Serious Injury,2024,2024,October,Sunday,16:00 - 17:59,BIG RIVER,WAY,0,Right on the spot,VIADUCT,RD,SOUTH GRAFTON,83.0,No,Not a school zone,T-junction,-29.708504,152.941772,Clarence Valley,Country urban,Rest of NSW - Urban,Curved,,,,Off,Sealed,Dry,Overcast,Daylight,Nil,Give way sign,60 km/h,State,16,Left near,107,Adj - Left-thru from right,,Right angle,Car (sedan/hatch),Pedal cycle,2,0,1,0,0,10,October,Spring,Sunday,16:00 - 17:59,PM peak / evening commute,True,False,True,True
1365319,Injury,Moderate Injury,2024,2024,September,Sunday,20:00 - 21:59,HECKENBERG,AVE,50,North,BOBIN,RD,HECKENBERG,,No,Not a school zone,2-way undivided,-33.912598,150.889376,Liverpool,Sydney metro. area,Syd-Newc-Woll Gtr conurbation,Curved,Steep grade,,,On,Sealed,Wet,Raining,Darkness,Nil,No traffic controls,50 km/h,Local,87,Off lft/lft bnd=>obj,804,Off left bend into obj,Left,Other angle,Car (sedan/hatch),Light truck,2,0,0,1,0,9,September,Spring,Sunday,20:00 - 21:59,Evening / night,False,False,True,True
1365320,Injury,Minor/Other Injury,2024,2024,October,Tuesday,14:00 - 15:59,MONARO,HWY,100,South,MURRELLS,RD,BUNYAN,19.0,No,Not a school zone,2-way undivided,-36.127283,149.143096,Snowy Monaro Regional,Country non-urban,Rest of NSW - Rural,Straight,,,,Nil,Sealed,Dry,Fine,Daylight,Nil,No traffic controls,100 km/h,State,20,Head on,201,Opp - Head on,,Head-on,4 wheel drive / SUV,Light truck utility(from 2018),2,0,0,0,3,10,October,Spring,Tuesday,14:00 - 15:59,Midday / afternoon,False,False,True,True
1365321,Injury,Minor/Other Injury,2024,2024,October,Thursday,12:00 - 13:59,ANGLO,RD,10,West,CARRINGTON,ST,CAMPSIE,,No,Not a school zone,T-junction,-33.912737,151.098973,Canterbury-Bankstown,Sydney metro. area,Syd-Newc-Woll Gtr conurbation,Straight,,,,Nil,Sealed,Dry,Fine,Daylight,Nil,Give way sign,50 km/h,Local,2,Ped far side,3,Ped - Far side,,Vehicle - Pedestrian,4 wheel drive / SUV,Pedestrian,2,0,0,0,1,10,October,Spring,Thursday,12:00 - 13:59,Midday / afternoon,False,False,True,True
1365324,Injury,Moderate Injury,2024,2024,October,Tuesday,14:00 - 15:59,BEECROFT,RD,20,North,KIRKHAM,ST,BEECROFT,139.0,No,Not a school zone,2-way undivided,-33.754159,151.067301,Hornsby,Sydney metro. area,Syd-Newc-Woll Gtr conurbation,Straight,,,,Nil,Sealed,Dry,Fine,Daylight,Nil,No traffic controls,60 km/h,State,71,Off rd left => obj,703,Left off cway into object,,Vehicle - Object,Car (sedan/hatch),,1,0,0,1,0,10,October,Spring,Tuesday,14:00 - 15:59,Midday / afternoon,False,False,True,True
1365327,Injury,Moderate Injury,2024,2024,August,Thursday,16:00 - 17:59,BIRDWOOD,AVE,0,Right on the spot,KOOLA,AVE,KILLARA,2043.0,No,Not a school zone,X-intersection,-33.758474,151.171024,Ku-ring-gai,Sydney metro. area,Syd-Newc-Woll Gtr conurbation,Straight,,,,On,Sealed,Dry,Fine,Darkness,On,No traffic controls,60 km/h,Regional,21,Right through,202,Opp - Right-thru,,Other angle,Car (sedan/hatch),4 wheel drive / SUV,2,0,0,2,0,8,August,Winter,Thursday,16:00 - 17:59,PM peak / evening commute,True,False,True,True
1365329,Injury,Minor/Other Injury,2024,2024,October,Sunday,20:00 - 21:59,SPROULE,ST,50,South,EDGE,ST,LAKEMBA,,No,Not a school zone,2-way undivided,-33.925441,151.07608,Canterbury-Bankstown,Sydney metro. area,Syd-Newc-Woll Gtr conurbation,Straight,,,,On,Sealed,Dry,Fine,Darkness,Nil,No traffic controls,50 km/h,Local,55,Pulling out rear end,505,Ovtak - Pulling out rear end,,Rear end,Unknown motor vehicle,Motor scooter,2,0,0,0,1,10,October,Spring,Sunday,20:00 - 21:59,Evening / night,False,False,True,True
1365330,Injury,Serious Injury,2024,2024,October,Sunday,10:00 - 11:59,SEVENTH,AVE,10,West,BEAMISH,ST,CAMPSIE,,No,Not a school zone,T-junction,-33.904041,151.103004,Canterbury-Bankstown,Sydney metro. area,Syd-Newc-Woll Gtr conurbation,Straight,Bus stop,,,Off,Sealed,Dry,Fine,Daylight,Nil,Stop sign,50 km/h,Local,85,Off rt/lft bnd=>obj,706,Left turn,Right,Vehicle - Object,Car (sedan/hatch),,1,0,1,0,0,10,October,Spring,Sunday,10:00 - 11:59,Midday / afternoon,False,False,True,True
1365331,Injury,Serious Injury,2024,2024,August,Wednesday,10:00 - 11:59,REYNOLDS,RD,0,Right on the spot,NUMBER 356,HN,LONDONDERRY,,No,Not a school zone,2-way undivided,-33.631368,150.742187,Penrith,Sydney metro. area,Syd-Newc-Woll Gtr conurbation,Straight,Driveway/entrance,,,Nil,Sealed,Dry,Fine,Daylight,Nil,No traffic controls,70 km/h,Local,21,Right through,202,Opp - Right-thru,,Other angle,Light truck utility(from 2018),Motorcycle,2,0,1,0,0,8,August,Winter,Wednesday,10:00 - 11:59,Midday / afternoon,False,False,True,True
1365334,Injury,Minor/Other Injury,2024,2024,August,Friday,12:00 - 13:59,RUTLEDGE,ST,0,Right on the spot,TRELAWNEY,ST,EASTWOOD,574.0,Yes,No,X-intersection,-33.79297,151.080015,Ryde,Sydney metro. area,Syd-Newc-Woll Gtr conurbation,Straight,,,,Off,Sealed,Dry,Fine,Daylight,On,No traffic controls,60 km/h,State,30,Rear end,301,Same - Rear end,,Rear end,Light truck,Car (sedan/hatch),3,0,0,0,1,8,August,Winter,Friday,12:00 - 13:59,Midday / afternoon,False,False,True,True
1365335,Injury,Serious Injury,2024,2024,September,Wednesday,16:00 - 17:59,MT LINDESAY,RD,2000,West,BEAURY,ST,LEGUME,622.0,No,Not a school zone,2-way undivided,-28.410705,152.281412,Tenterfield,Country non-urban,Rest of NSW - Rural,Curved,,,,Nil,Unsealed,Dry,Fine,Daylight,Nil,No traffic controls,100 km/h,Regional,81,Off left/rt bnd=>obj,803,Off right bend into obj,Left,Vehicle - Object,Motorcycle,,1,0,2,0,0,9,September,Spring,Wednesday,16:00 - 17:59,PM peak / evening commute,True,False,True,True
1365336,Injury,Moderate Injury,2024,2024,July,Tuesday,16:00 - 17:59,MARSDEN,RD,0,Right on the spot,ILLARANGI,ST,CARLINGFORD,158.0,No,Not a school zone,T-junction,-33.787683,151.061677,Parramatta,Sydney metro. area,Syd-Newc-Woll Gtr conurbation,Straight,Steep grade,,,On,Sealed,Dry,Fine,Darkness,Nil,Stop sign,60 km/h,State,13,Right near,104,Adj - Right-thru from right,,Right angle,Car (sedan/hatch),Motorcycle,2,0,0,1,0,7,July,Winter,Tuesday,16:00 - 17:59,PM peak / evening commute,True,False,True,True
1365337,Injury,Serious Injury,2024,2024,August,Monday,14:00 - 15:59,NORTH ROCKS,RD,20,West,BENGHAZI,RD,CARLINGFORD,,Yes,No,2-way undivided,-33.766088,151.050198,Parramatta,Sydney metro. area,Syd-Newc-Woll Gtr conurbation,Straight,,,,Off,Sealed,Dry,Fine,Daylight,Nil,No traffic controls,50 km/h,Local,3,Ped on carriageway,4,Ped - On carriageway,,Vehicle - Pedestrian,4 wheel drive / SUV,Pedestrian,3,0,1,0,0,8,August,Winter,Monday,14:00 - 15:59,Midday / afternoon,False,False,True,True
1365339,Injury,Serious Injury,2024,2024,September,Sunday,16:00 - 17:59,MARION,ST,0,Right on the spot,MARKET,ST,BANKSTOWN,7121.0,No,Not a school zone,T-junction,-33.917225,151.021491,Canterbury-Bankstown,Sydney metro. area,Syd-Newc-Woll Gtr conurbation,Straight,Steep grade,,,Off,Sealed,Dry,Fine,Daylight,Nil,Stop sign,60 km/h,Regional,13,Right near,104,Adj - Right-thru from right,,Right angle,Car (sedan/hatch),Motorcycle,2,0,1,0,0,9,September,Spring,Sunday,16:00 - 17:59,PM peak / evening commute,True,False,True,True
1365340,Injury,Serious Injury,2024,2024,October,Tuesday,16:00 - 17:59,SHERWOOD,RD,50,South,MERRYLANDS,RD,MERRYLANDS WEST,7251.0,No,Not a school zone,2-way undivided,-33.832771,150.96936,Cumberland,Sydney metro. area,Syd-Newc-Woll Gtr conurbation,Straight,,,,Off,Sealed,Dry,Fine,Daylight,Nil,No traffic controls,60 km/h,Regional,1,Ped emerging,2,Ped - emerging,,Vehicle - Pedestrian,Car (sedan/hatch),Pedestrian,2,0,1,0,0,10,October,Spring,Tuesday,16:00 - 17:59,PM peak / evening commute,True,False,True,True
1365341,Injury,Moderate Injury,2024,2024,September,Monday,14:00 - 15:59,ARMBRUSTER,AVE,0,Right on the spot,BRESNIHAN,AVE,NORTH KELLYVILLE,,No,Not a school zone,X-intersection,-33.687743,150.950258,The Hills,Sydney metro. area,Syd-Newc-Woll Gtr conurbation,Straight,,,,Nil,Sealed,Dry,Fine,Daylight,Nil,Give way sign,50 km/h,Local,10,Cross traffic,101,Adj - Cross traffic,,Right angle,4 wheel drive / SUV,Car (sedan/hatch),2,0,0,1,0,9,September,Spring,Monday,14:00 - 15:59,Midday / afternoon,False,False,True,True
1365342,Injury,Minor/Other Injury,2024,2024,October,Monday,20:00 - 21:59,CHURCH,ST,0,Right on the spot,NUMBER 11,HN,LIDCOMBE,2100.0,No,Not a school zone,2-way undivided,-33.862771,151.043702,Cumberland,Sydney metro. area,Syd-Newc-Woll Gtr conurbation,Straight,Driveway/entrance,,,Unknown / not stated,Sealed,Wet,Raining,Darkness,Nil,No traffic controls,50 km/h,Regional,32,Right rear,303,Same - Rear right,,Rear end,4 wheel drive / SUV,4 wheel drive / SUV,2,0,0,0,1,10,October,Spring,Monday,20:00 - 21:59,Evening / night,False,False,True,True
1365343,Injury,Serious Injury,2024,2024,October,Saturday,16:00 - 17:59,CARNARVON,RD,0,Right on the spot,GRANGE,AVE,SCHOFIELDS,,No,Not a school zone,X-intersection,-33.700472,150.857519,Blacktown,Sydney metro. area,Syd-Newc-Woll Gtr conurbation,Straight,,,,Nil,Sealed,Dry,Fine,Daylight,Nil,Stop sign,60 km/h,Local,10,Cross traffic,101,Adj - Cross traffic,,Right angle,Motor scooter,Light truck utility(from 2018),2,0,1,0,0,10,October,Spring,Saturday,16:00 - 17:59,PM peak / evening commute,True,False,True,True
1365344,Injury,Moderate Injury,2024,2024,September,Tuesday,16:00 - 17:59,WATERLOO,RD,50,North,BORONIA,RD,GREENACRE,7118.0,No,Not a school zone,2-way undivided,-33.90626,151.057358,Canterbury-Bankstown,Sydney metro. area,Syd-Newc-Woll Gtr conurbation,Straight,,,,Off,Sealed,Dry,Fine,Dusk,Nil,No traffic controls,40 km/h,Regional,0,Ped nearside,1,Ped - Near side,,Vehicle - Pedestrian,Unknown motor vehicle,Pedestrian,2,0,0,1,0,9,September,Spring,Tuesday,16:00 - 17:59,PM peak / evening commute,True,False,True,True
1365345,Injury,Moderate Injury,2024,2024,October,Thursday,00:01 - 01:59,OXLEY,HWY,2000,West,DICKS CAMP,RD,COLLIE,11.0,No,Not a school zone,2-way undivided,-31.666462,148.194055,Warren,Country non-urban,Rest of NSW - Rural,Straight,,,,Nil,Sealed,Dry,Fine,Darkness,Nil,No traffic controls,100 km/h,State,70,Off road to left,701,Off carriageway to left,,Rollover,Light truck utility(from 2018),,1,0,0,1,1,10,October,Spring,Thursday,00:01 - 01:59,Late night / early morning,False,False,True,True
1365350,Injury,Moderate Injury,2024,2024,October,Saturday,14:00 - 15:59,LOYAL,CT,0,Right on the spot,NUMBER 6,HN,TWEED HEADS SOUTH,,No,Not a school zone,2-way undivided,-28.210328,153.524538,Tweed,Country urban,Rest of NSW - Urban,Straight,Driveway/entrance,,,Nil,Sealed,Dry,Fine,Daylight,Nil,No traffic controls,50 km/h,Local,7,Driveway,7,Ped - driveway,,Vehicle - Pedestrian,4 wheel drive / SUV,Pedestrian,2,0,0,1,0,10,October,Spring,Saturday,14:00 - 15:59,Midday / afternoon,False,False,True,True
1365352,Injury,Moderate Injury,2024,2024,October,Tuesday,04:00 - 05:59,LAKE ALBERT,RD,0,Right on the spot,NUMBER 193,HN,KOORINGAL,,Yes,No,2-way undivided,-35.13448,147.37646,Wagga Wagga,Country urban,Rest of NSW - Urban,Straight,,,,On,Sealed,Dry,Fine,Darkness,Nil,No traffic controls,60 km/h,Local,73,Off rd rght => obj,704,Right off cway into obj,,Other angle,Car (sedan/hatch),Light truck utility(from 2018),3,0,0,1,0,10,October,Spring,Tuesday,04:00 - 05:59,Late night / early morning,False,False,True,True
1365353,Injury,Moderate Injury,2024,2024,October,Friday,22:00 - Midnight,BOURKE,ST,0,Right on the spot,LINDEN,LANE,SURRY HILLS,,No,Not a school zone,T-junction,-33.881811,151.216526,Sydney,Sydney metro. area,Syd-Newc-Woll Gtr conurbation,Straight,Foot/cycle path/nature strip,,,On,Sealed,Wet,Raining,Darkness,Nil,No traffic controls,40 km/h,Local,2,Ped far side,3,Ped - Far side,,Vehicle - Pedestrian,Pedal cycle,Pedestrian,2,0,0,1,0,10,October,Spring,Friday,22:00 - Midnight,Evening / night,False,False,True,True
1365354,Injury,Serious Injury,2024,2024,September,Monday,16:00 - 17:59,WOODVILLE,RD,0,Right on the spot,HUME HWY,TO,VILLAWOOD,640.0,No,Not a school zone,Divided road,-33.889005,150.973475,Fairfield,Sydney metro. area,Syd-Newc-Woll Gtr conurbation,Curved,,,,Nil,Sealed,Dry,Fine,Daylight,Nil,No traffic controls,70 km/h,State,30,Rear end,301,Same - Rear end,,Rear end,Car (sedan/hatch),Car (sedan/hatch),2,0,1,0,0,9,September,Spring,Monday,16:00 - 17:59,PM peak / evening commute,True,False,True,True
1365355,Injury,Serious Injury,2024,2024,August,Friday,16:00 - 17:59,ABELL,RD,0,Right on the spot,RICHMOND ROAD,TO,MARSDEN PARK,,No,Not a school zone,2-way undivided,-33.697212,150.830747,Blacktown,Sydney metro. area,Syd-Newc-Woll Gtr conurbation,Straight,Climb/merge lane,,,On,Sealed,Dry,Fine,Dusk,Nil,No traffic controls,50 km/h,Local,34,Lane change right,306,Same - Lane change right,,Other angle,Car (sedan/hatch),Motorcycle,2,0,1,0,0,8,August,Winter,Friday,16:00 - 17:59,PM peak / evening commute,True,False,True,True
1365356,Injury,Moderate Injury,2024,2024,October,Tuesday,20:00 - 21:59,WOODVILLE,RD,20,North,RHODES,AVE,GUILDFORD,640.0,No,Not a school zone,Divided road,-33.858365,150.994052,Cumberland,Sydney metro. area,Syd-Newc-Woll Gtr conurbation,Straight,,,,On,Sealed,Dry,Fine,Darkness,Nil,No traffic controls,70 km/h,State,71,Off rd left => obj,703,Left off cway into object,,Other angle,Car (sedan/hatch),Light truck utility(from 2018),3,0,0,2,1,10,October,Spring,Tuesday,20:00 - 21:59,Evening / night,False,False,True,True
1365359,Injury,Serious Injury,2024,2024,September,Thursday,06:00 - 07:59,GREAT WESTERN,HWY,70,East,HARRIS,RD,FIVE DOCK,5.0,Yes,No,Divided road,-33.871345,151.122727,Canada Bay,Sydney metro. area,Syd-Newc-Woll Gtr conurbation,Straight,Driveway/entrance,,,Off,Sealed,Dry,Fine,Daylight,Nil,No traffic controls,60 km/h,State,31,Left rear,302,Same - Rear left,,Rear end,Car (sedan/hatch),Motorcycle,2,0,1,0,0,9,September,Spring,Thursday,06:00 - 07:59,AM peak / school commute,True,False,True,True
1365360,Injury,Serious Injury,2024,2024,September,Sunday,12:00 - 13:59,SHARA,BVD,500,East,BRUNSWICK VALLEY,WAY,OCEAN SHORES,,No,Not a school zone,2-way undivided,-28.496312,153.529556,Byron,Country urban,Rest of NSW - Urban,Curved,,,,Nil,Sealed,Dry,Fine,Daylight,Nil,No traffic controls,80 km/h,Local,30,Rear end,301,Same - Rear end,,Rear end,Motorcycle,Light truck utility(from 2018),2,0,1,0,0,9,September,Spring,Sunday,12:00 - 13:59,Midday / afternoon,False,False,True,True
1365361,Injury,Serious Injury,2024,2024,September,Thursday,10:00 - 11:59,EAST MARKET,ST,0,Right on the spot,WINDSOR,ST,RICHMOND,184.0,No,Not a school zone,X-intersection,-33.597752,150.752892,Hawkesbury,Country urban,Syd-Newc-Woll Gtr conurbation,Straight,,,,Off,Sealed,Wet,Raining,Daylight,On,No traffic controls,60 km/h,State,2,Ped far side,3,Ped - Far side,,Vehicle - Pedestrian,4 wheel drive / SUV,Pedestrian,2,0,1,0,0,9,September,Spring,Thursday,10:00 - 11:59,Midday / afternoon,False,False,True,True
1365363,Injury,Minor/Other Injury,2024,2024,September,Monday,16:00 - 17:59,GREAT WESTERN,HWY,0,Right on the spot,BRIDGE,RD,HOMEBUSH,5.0,No,Not a school zone,T-junction,-33.862819,151.079634,Strathfield,Sydney metro. area,Syd-Newc-Woll Gtr conurbation,Straight,,,,Off,Sealed,Dry,Fine,Daylight,On,No traffic controls,60 km/h,State,21,Right through,202,Opp - Right-thru,,Other angle,Car (sedan/hatch),Station wagon,2,0,0,0,1,9,September,Spring,Monday,16:00 - 17:59,PM peak / evening commute,True,False,True,True
1365366,Injury,Serious Injury,2024,2024,September,Sunday,12:00 - 13:59,REGIMENT,RD,60,South,ALVIRA,CL,RUTHERFORD,,No,Not a school zone,2-way undivided,-32.713519,151.518691,Maitland,Country urban,Rest of NSW - Urban,Curved,,,,Off,Sealed,Dry,Fine,Daylight,Nil,No traffic controls,50 km/h,Local,20,Head on,201,Opp - Head on,,Head-on,Car (sedan/hatch),Station wagon,2,0,2,1,0,9,September,Spring,Sunday,12:00 - 13:59,Midday / afternoon,False,False,True,True
1365367,Injury,Serious Injury,2024,2024,August,Wednesday,16:00 - 17:59,LUXFORD,RD,0,Right on the spot,APIA,PL,LETHBRIDGE PARK,7161.0,No,Not a school zone,X-intersection,-33.737127,150.797753,Blacktown,Sydney metro. area,Syd-Newc-Woll Gtr conurbation,Straight,,,,Off,Sealed,Dry,Fine,Daylight,Nil,Give way sign,60 km/h,Regional,10,Cross traffic,101,Adj - Cross traffic,,Right angle,Motorcycle,4 wheel drive / SUV,2,0,1,0,0,8,August,Winter,Wednesday,16:00 - 17:59,PM peak / evening commute,True,False,True,True
1365368,Injury,Moderate Injury,2024,2024,October,Saturday,16:00 - 17:59,SOUTH BANK,RD,97,East,JONES,RD,EUNGAI RAIL,,No,Not a school zone,2-way undivided,-30.857677,152.884627,Nambucca Valley,Country non-urban,Rest of NSW - Rural,Curved,Narrow roadway,,,Nil,Unsealed,Wet,Overcast,Daylight,Nil,No traffic controls,100 km/h,Local,20,Head on,201,Opp - Head on,,Head-on,Light truck utility(from 2018),Light truck utility(from 2018),2,0,0,1,0,10,October,Spring,Saturday,16:00 - 17:59,PM peak / evening commute,True,False,True,True
1365370,Injury,Serious Injury,2024,2024,October,Friday,10:00 - 11:59,HUME,HWY,0,Right on the spot,HOLMWOOD,AVE,STRATHFIELD SOUTH,2.0,Yes,No,T-junction,-33.891997,151.08426,Strathfield,Sydney metro. area,Syd-Newc-Woll Gtr conurbation,Straight,,,,Nil,Sealed,Dry,Fine,Daylight,Nil,No traffic controls,50 km/h,State,10,Cross traffic,101,Adj - Cross traffic,,Right angle,Light truck,Light truck,2,0,1,0,0,10,October,Spring,Friday,10:00 - 11:59,Midday / afternoon,False,False,True,True
1365371,Injury,Moderate Injury,2024,2024,September,Monday,16:00 - 17:59,PRINCES,HWY,50,North,PENTARCH FORESTRY,ENT,DALMENY,1.0,No,Not a school zone,2-way undivided,-36.157327,150.096648,Eurobodalla,Country non-urban,Rest of NSW - Rural,Curved,,,"Loose gravel, sealed",Nil,Sealed,Dry,Fine,Dusk,Nil,No traffic controls,100 km/h,State,80,Off left/right bend,801,Off cway right bend,Left,Rollover,4 wheel drive / SUV,,1,0,0,1,0,9,September,Spring,Monday,16:00 - 17:59,PM peak / evening commute,True,False,True,True
1365372,Injury,Serious Injury,2024,2024,September,Tuesday,20:00 - 21:59,SOUTHERN,EXP,500,South,NORTHCLIFFE,DR,BERKELEY,6006.0,No,Not a school zone,Dual freeway,-34.477014,150.828236,Wollongong,Wollongong met. area,Syd-Newc-Woll Gtr conurbation,Straight,,Roadwks/Detour/Diverson,,Nil,Sealed,Dry,Fine,Darkness,Nil,No traffic controls,100 km/h,State,30,Rear end,301,Same - Rear end,,Rear end,Passenger van,Car (sedan/hatch),3,0,2,1,0,9,September,Spring,Tuesday,20:00 - 21:59,Evening / night,False,False,True,True
1365374,Injury,Serious Injury,2024,2024,October,Sunday,14:00 - 15:59,CHARLES,ST,0,Right on the spot,CROWN,ST,ILUKA,,No,Not a school zone,X-intersection,-29.411919,153.355936,Clarence Valley,Country urban,Rest of NSW - Urban,Straight,,,,Nil,Sealed,Dry,Fine,Daylight,Nil,Give way sign,50 km/h,Local,10,Cross traffic,101,Adj - Cross traffic,,Right angle,4 wheel drive / SUV,Pedal cycle,2,0,1,0,0,10,October,Spring,Sunday,14:00 - 15:59,Midday / afternoon,False,False,True,True
1365375,Injury,Moderate Injury,2024,2024,September,Friday,20:00 - 21:59,FREEMANS REACH,RD,0,Right on the spot,NUMBER 56,HN,FREEMANS REACH,7207.0,No,Not a school zone,2-way undivided,-33.595695,150.8195,Hawkesbury,Country urban,Syd-Newc-Woll Gtr conurbation,Curved,,,,Nil,Sealed,Wet,Raining,Darkness,Nil,No traffic controls,80 km/h,Regional,81,Off left/rt bnd=>obj,803,Off right bend into obj,Left,Vehicle - Object,Light truck,,1,0,0,1,0,9,September,Spring,Friday,20:00 - 21:59,Evening / night,False,False,True,True
1365377,Injury,Serious Injury,2024,2024,October,Saturday,14:00 - 15:59,SCENIC,DR,270,North,SIMPSON,DR,BILAMBIL HEIGHTS,,No,Not a school zone,2-way undivided,-28.211065,153.48553,Tweed,Country urban,Rest of NSW - Urban,Curved,Painted double centre lines,,,Off,Sealed,Dry,Fine,Daylight,Nil,No traffic controls,60 km/h,Local,83,Off rt/rt bnd=>obj,803,Off right bend into obj,Right,Vehicle - Object,Car (sedan/hatch),,1,0,1,0,0,10,October,Spring,Saturday,14:00 - 15:59,Midday / afternoon,False,False,True,True
1365378,Injury,Serious Injury,2024,2024,September,Friday,18:00 - 19:59,NELSON BAY,RD,0,Right on the spot,PALMER,WAY,NELSON BAY,108.0,No,Not a school zone,T-junction,-32.738499,152.121521,Port Stephens,Country urban,Rest of NSW - Urban,Straight,,,,Off,Sealed,Wet,Overcast,Darkness,Nil,Give way sign,80 km/h,State,13,Right near,104,Adj - Right-thru from right,,Right angle,4 wheel drive / SUV,Motorcycle,2,0,1,0,0,9,September,Spring,Friday,18:00 - 19:59,PM peak / evening commute,True,False,True,True
1365380,Injury,Minor/Other Injury,2024,2024,September,Saturday,00:01 - 01:59,DICKS CREEK,RD,4000,West,BOUTCHERS,DR,NANIMA,,No,Not a school zone,2-way undivided,-35.001778,149.148413,Yass Valley,Country non-urban,Rest of NSW - Rural,Straight,,,,Nil,Unsealed,Dry,Fine,Darkness,Nil,No traffic controls,100 km/h,Local,72,Off road to right,702,Off carriageway to right,,Rollover,Light truck utility(from 2018),,1,0,0,0,1,9,September,Spring,Saturday,00:01 - 01:59,Late night / early morning,False,False,True,True
1365381,Injury,Serious Injury,2024,2024,September,Monday,14:00 - 15:59,BRADFIELD,HWY,10,South,LAVENDER STREET,TO,MILSONS POINT,632.0,No,Not a school zone,Divided road,-33.844662,151.211543,North Sydney,Sydney metro. area,Syd-Newc-Woll Gtr conurbation,Straight,,,,Off,Sealed,Dry,Fine,Daylight,Nil,No traffic controls,70 km/h,State,73,Off rd rght => obj,704,Right off cway into obj,,Vehicle - Object,Motorcycle,,1,0,1,0,0,9,September,Spring,Monday,14:00 - 15:59,Midday / afternoon,False,False,True,True
1365382,Injury,Moderate Injury,2024,2024,October,Saturday,16:00 - 17:59,BARDIA,ST,25,East,TOBRUK,ST,ASHMONT,,No,Not a school zone,2-way undivided,-35.124903,147.329911,Wagga Wagga,Country urban,Rest of NSW - Urban,Straight,Driveway/entrance,,,Off,Sealed,Dry,Fine,Daylight,Nil,No traffic controls,50 km/h,Local,32,Right rear,303,Same - Rear right,,Rear end,4 wheel drive / SUV,Light truck,2,0,0,1,0,10,October,Spring,Saturday,16:00 - 17:59,PM peak / evening commute,True,False,True,True
1365383,Injury,Serious Injury,2024,2024,October,Tuesday,16:00 - 17:59,KING GEORGES,RD,0,Right on the spot,SOUTH WESTERN,EXP,BEVERLY HILLS,200.0,No,Not a school zone,T-junction,-33.94325,151.076976,Canterbury-Bankstown,Sydney metro. area,Syd-Newc-Woll Gtr conurbation,Straight,Steep grade,,,On,Sealed,Dry,Fine,Dusk,On,No traffic controls,60 km/h,State,35,Lane change left,307,Same - Lane change left,,Other angle,Car (sedan/hatch),Car (sedan/hatch),2,0,1,0,0,10,October,Spring,Tuesday,16:00 - 17:59,PM peak / evening commute,True,False,True,True
1365384,Injury,Moderate Injury,2024,2024,October,Friday,00:01 - 01:59,CUMBERLAND,HWY,0,Right on the spot,KLEINS,RD,NORTHMEAD,13.0,No,Not a school zone,X-intersection,-33.793269,150.994368,Parramatta,Sydney metro. area,Syd-Newc-Woll Gtr conurbation,Straight,,Police pursuit,,On,Sealed,Dry,Fine,Darkness,On,No traffic controls,70 km/h,State,88,Out of cont on bend,707,Right turn,,Rollover,Car (sedan/hatch),,1,0,0,1,0,10,October,Spring,Friday,00:01 - 01:59,Late night / early morning,False,False,True,True
1365385,Injury,Moderate Injury,2024,2024,October,Thursday,16:00 - 17:59,OLD PITT TOWN,RD,0,Right on the spot,OLD STOCK ROUTE,RD,PITT TOWN,,No,Not a school zone,X-intersection,-33.591826,150.87454,Hawkesbury,Country urban,Syd-Newc-Woll Gtr conurbation,Straight,,,,Nil,Sealed,Dry,Fine,Daylight,Nil,Give way sign,70 km/h,Local,10,Cross traffic,101,Adj - Cross traffic,,Right angle,Light truck utility(from 2018),Car (sedan/hatch),2,0,0,1,0,10,October,Spring,Thursday,16:00 - 17:59,PM peak / evening commute,True,False,True,True