crash_id,degree_of_crash,degree_of_crash_-_detailed,reporting_year,year_of_crash,month_of_crash,day_of_week_of_crash,two-hour_intervals,street_of_crash,street_type,distance,direction,identifying_feature,identifying_feature_type,town,route_no.,school_zone_location,school_zone_active,type_of_location,latitude,longitude,lga,urbanisation,conurbation_1,alignment,primary_permanent_feature,primary_temporary_feature,primary_hazardous_feature,street_lighting,road_surface,surface_condition,weather,natural_lighting,signals_operation,other_traffic_control,speed_limit,road_classification_(admin),rum_-_code,rum_-_description,dca_-_code,dca_-_description,dca_supplement,first_impact_type,key_tu_type,other_tu_type,no._of_traffic_units_involved,no._killed,no._seriously_injured,no._moderately_injured,no._minor-other_injured,month_num,month_label,season,day_label,time_label,time_band,is_peak_commute,is_fatal,is_injury,is_casualty
1365386,Injury,Serious Injury,2024,2024,October,Wednesday,12:00 - 13:59,JAMES COOK,PKWY,0,Right on the spot,NUMBER 12,HN,SHELL COVE,,No,Not a school zone,2-way undivided,-34.589368,150.852928,Shellharbour,Wollongong met. area,Syd-Newc-Woll Gtr conurbation,Straight,Driveway/entrance,,,Off,Sealed,Dry,Fine,Daylight,Nil,No traffic controls,50 km/h,Local,71,Off rd left => obj,703,Left off cway into object,,Vehicle - Object,Car (sedan/hatch),,1,0,1,1,0,10,October,Spring,Wednesday,12:00 - 13:59,Midday / afternoon,False,False,True,True
1365387,Injury,Serious Injury,2024,2024,September,Saturday,20:00 - 21:59,QUEENS,RD,15,East,FOREST,RD,HURSTVILLE,168.0,No,Not a school zone,2-way undivided,-33.964993,151.100245,Georges River,Sydney metro. area,Syd-Newc-Woll Gtr conurbation,Curved,,,,On,Sealed,Dry,Fine,Darkness,Nil,No traffic controls,60 km/h,State,85,Off rt/lft bnd=>obj,804,Off left bend into obj,Right,Vehicle - Object,Car (sedan/hatch),,1,0,1,0,0,9,September,Spring,Saturday,20:00 - 21:59,Evening / night,False,False,True,True
1365388,Injury,Moderate Injury,2024,2024,October,Monday,16:00 - 17:59,CASTLEREAGH,HWY,0,Right on the spot,OAKLANDS,GTE,COONAMBLE,18.0,No,Not a school zone,2-way undivided,-31.139098,148.401914,Coonamble,Country non-urban,Rest of NSW - Rural,Straight,Driveway/entrance,,,Nil,Sealed,Dry,Fine,Daylight,Nil,No traffic controls,110 km/h,State,53,Overtake turning,506,Ovtak - Overtaking right turn,,Other angle,4 wheel drive / SUV,B-double (road train prior 98),2,0,0,1,0,10,October,Spring,Monday,16:00 - 17:59,PM peak / evening commute,True,False,True,True
1365389,Injury,Moderate Injury,2024,2024,October,Tuesday,12:00 - 13:59,UNNAMED,MS,20,West,SUNSET,DR,COBAR,,No,Not a school zone,2-way undivided,-31.499387,145.822618,Cobar,Country urban,Rest of NSW - Urban,Straight,,,,Nil,Unsealed,Dry,Fine,Daylight,Nil,No traffic controls,50 km/h,Local,74,On road-out of cont.,705,Out of control on cway,,Rollover,Motorcycle,,1,0,0,1,0,10,October,Spring,Tuesday,12:00 - 13:59,Midday / afternoon,False,False,True,True
1365390,Injury,Serious Injury,2024,2024,October,Wednesday,06:00 - 07:59,HUME,HWY,200,South,ALBURY STREET,OP,HOLBROOK,2.0,No,Not a school zone,Divided road,-35.734532,147.305428,Greater Hume,Country non-urban,Rest of NSW - Rural,Curved,,,,Nil,Sealed,Dry,Fine,Dawn,Nil,No traffic controls,110 km/h,State,84,Off right/left bend,802,Off cway left bend,Right,Rollover,Light truck utility(from 2018),,1,0,1,0,0,10,October,Spring,Wednesday,06:00 - 07:59,AM peak / school commute,True,False,True,True
1365391,Injury,Moderate Injury,2024,2024,August,Friday,22:00 - Midnight,HILL,ST,230,South,MITCHELL,HWY,ORANGE,,No,Not a school zone,2-way undivided,-33.25573,149.094774,Orange,Country urban,Rest of NSW - Urban,Curved,,,,On,Sealed,Dry,Fine,Darkness,Nil,No traffic controls,50 km/h,Local,80,Off left/right bend,801,Off cway right bend,Left,Rollover,4 wheel drive / SUV,,1,0,0,1,0,8,August,Winter,Friday,22:00 - Midnight,Evening / night,False,False,True,True
1365394,Injury,Serious Injury,2024,2024,September,Monday,20:00 - 21:59,KAREELA,RD,500,East,JEFFREY,LANE,WINGELLO,,No,Not a school zone,2-way undivided,-34.68262,150.181571,Wingecarribee,Country urban,Rest of NSW - Urban,Curved,Embankment/cutting,,,Nil,Unsealed,Dry,Fine,Darkness,Nil,No traffic controls,50 km/h,Local,20,Head on,201,Opp - Head on,,Head-on,Station wagon,Light truck utility(from 2018),2,0,1,0,0,9,September,Spring,Monday,20:00 - 21:59,Evening / night,False,False,True,True
1365396,Injury,Serious Injury,2024,2024,September,Monday,14:00 - 15:59,HUME,HWY,0,Right on the spot,ROBERTS,RD,GREENACRE,2.0,No,Not a school zone,T-junction,-33.885876,151.068073,Strathfield,Sydney metro. area,Syd-Newc-Woll Gtr conurbation,Straight,Other bridge,,,Off,Sealed,Dry,Fine,Daylight,On,No traffic controls,60 km/h,State,30,Rear end,301,Same - Rear end,,Rear end,Car (sedan/hatch),Car (sedan/hatch),2,0,1,0,1,9,September,Spring,Monday,14:00 - 15:59,Midday / afternoon,False,False,True,True
1365398,Injury,Minor/Other Injury,2024,2024,October,Wednesday,10:00 - 11:59,CAMPBELL,RD,0,Right on the spot,EUSTON,RD,ST PETERS,701.0,No,Not a school zone,X-intersection,-33.915257,151.18432,Sydney,Sydney metro. area,Syd-Newc-Woll Gtr conurbation,Straight,,,,On,Sealed,Dry,Fine,Daylight,On,No traffic controls,60 km/h,State,34,Lane change right,306,Same - Lane change right,,Other angle,4 wheel drive / SUV,Car (sedan/hatch),2,0,0,0,1,10,October,Spring,Wednesday,10:00 - 11:59,Midday / afternoon,False,False,True,True
1365401,Injury,Serious Injury,2024,2024,October,Thursday,12:00 - 13:59,JAMBEROO,RD,200,West,FOUNTAINDALE,RD,JAMBEROO,264.0,No,Not a school zone,2-way undivided,-34.651922,150.795857,Kiama,Country urban,Rest of NSW - Urban,Straight,,,,Off,Sealed,Dry,Fine,Daylight,Nil,No traffic controls,80 km/h,Regional,73,Off rd rght => obj,704,Right off cway into obj,,Vehicle - Object,Car (sedan/hatch),,1,0,1,0,0,10,October,Spring,Thursday,12:00 - 13:59,Midday / afternoon,False,False,True,True
1365402,Injury,Moderate Injury,2024,2024,October,Saturday,20:00 - 21:59,FREDERICK,ST,100,North,FANNY,ST,BENDEMEER,,Yes,No,2-way undivided,-30.887042,151.151733,Tamworth Regional,Country urban,Rest of NSW - Urban,Straight,,,,Nil,Unsealed,Dry,Fine,Darkness,Nil,No traffic controls,50 km/h,Local,73,Off rd rght => obj,704,Right off cway into obj,,Vehicle - Object,Car (sedan/hatch),,1,0,0,1,0,10,October,Spring,Saturday,20:00 - 21:59,Evening / night,False,False,True,True
1365404,Injury,Moderate Injury,2024,2024,May,Thursday,18:00 - 19:59,AMAROO,AVE,0,Right on the spot,HIGH,ST,STRATHFIELD,,No,Not a school zone,X-intersection,-33.889,151.080998,Strathfield,Sydney metro. area,Syd-Newc-Woll Gtr conurbation,Straight,,,,On,Sealed,Dry,Fine,Darkness,Nil,Give way sign,50 km/h,Local,10,Cross traffic,101,Adj - Cross traffic,,Right angle,4 wheel drive / SUV,Car (sedan/hatch),2,0,0,1,0,5,May,Autumn,Thursday,18:00 - 19:59,PM peak / evening commute,True,False,True,True
1365405,Injury,Serious Injury,2024,2024,September,Thursday,18:00 - 19:59,TELEGRAPH,RD,70,West,GANMAIN,RD,PYMBLE,,No,Not a school zone,2-way undivided,-33.73812,151.148827,Ku-ring-gai,Sydney metro. area,Syd-Newc-Woll Gtr conurbation,Curved,Steep grade,,,On,Sealed,Wet,Raining,Darkness,Nil,No traffic controls,50 km/h,Local,81,Off left/rt bnd=>obj,803,Off right bend into obj,Left,Vehicle - Object,4 wheel drive / SUV,,1,0,1,0,0,9,September,Spring,Thursday,18:00 - 19:59,PM peak / evening commute,True,False,True,True
1365407,Injury,Serious Injury,2024,2024,October,Saturday,12:00 - 13:59,GEORGE RUSSELL,DR,380,West,GALLAGHER,RD,CANOWINDRA,,No,Not a school zone,2-way undivided,-33.585213,148.675824,Cowra,Country non-urban,Rest of NSW - Rural,Curved,Embankment/cutting,,Loose gravel shoulder,Nil,Sealed,Dry,Fine,Daylight,Nil,No traffic controls,100 km/h,Local,80,Off left/right bend,801,Off cway right bend,Left,Rollover,Motorcycle,,1,0,1,0,0,10,October,Spring,Saturday,12:00 - 13:59,Midday / afternoon,False,False,True,True
1365408,Injury,Minor/Other Injury,2024,2024,September,Saturday,10:00 - 11:59,DARLEY,RD,0,Right on the spot,DANGAR,ST,RANDWICK,7332.0,No,Not a school zone,Roundabout,-33.903045,151.240143,Randwick,Sydney metro. area,Syd-Newc-Woll Gtr conurbation,Straight,,,,On,Sealed,Dry,Fine,Daylight,Nil,Give way sign,50 km/h,Regional,10,Cross traffic,101,Adj - Cross traffic,,Right angle,Light truck utility(from 2018),Motorcycle,2,0,0,0,1,9,September,Spring,Saturday,10:00 - 11:59,Midday / afternoon,False,False,True,True
1365409,Injury,Serious Injury,2024,2024,October,Tuesday,16:00 - 17:59,WARRUMBUNGLES,WAY,890,South,KILAREE,RD,COOLAH,396.0,No,Not a school zone,2-way undivided,-31.682067,149.659467,Warrumbungle,Country non-urban,Rest of NSW - Rural,Curved,,,,Nil,Sealed,Dry,Fine,Daylight,Nil,No traffic controls,100 km/h,Regional,81,Off left/rt bnd=>obj,803,Off right bend into obj,Left,Vehicle - Object,Car (sedan/hatch),,1,0,1,0,0,10,October,Spring,Tuesday,16:00 - 17:59,PM peak / evening commute,True,False,True,True
1365410,Injury,Serious Injury,2024,2024,October,Thursday,08:00 - 09:59,PACIFIC,HWY,0,Right on the spot,ARGYLL,ST,COFFS HARBOUR,10.0,No,Not a school zone,T-junction,-30.285652,153.125194,Coffs Harbour,Country urban,Rest of NSW - Urban,Straight,B'down lane/road shldr,,,Nil,Sealed,Dry,Fine,Daylight,Nil,No traffic controls,60 km/h,State,21,Right through,202,Opp - Right-thru,,Other angle,Car (sedan/hatch),Motorcycle,2,0,1,0,0,10,October,Spring,Thursday,08:00 - 09:59,AM peak / school commute,True,False,True,True
1365411,Injury,Serious Injury,2024,2024,September,Friday,22:00 - Midnight,CENTRAL COAST,HWY,100,East,RACECOURSE,RD,WEST GOSFORD,30.0,No,Not a school zone,Divided road,-33.427013,151.32829,Central Coast,Country urban,Syd-Newc-Woll Gtr conurbation,Straight,,,,On,Sealed,Dry,Fine,Darkness,Nil,No traffic controls,70 km/h,State,30,Rear end,301,Same - Rear end,,Rear end,4 wheel drive / SUV,Car (sedan/hatch),4,0,2,0,1,9,September,Spring,Friday,22:00 - Midnight,Evening / night,False,False,True,True
1365412,Injury,Serious Injury,2024,2024,October,Thursday,18:00 - 19:59,GWYDIR,HWY,0,Right on the spot,NUMBER 3113,HN,COWPER,12.0,No,Not a school zone,2-way undivided,-29.579247,153.061086,Clarence Valley,Country non-urban,Rest of NSW - Rural,Straight,,,,Nil,Sealed,Dry,Fine,Darkness,Nil,No traffic controls,100 km/h,State,67,Struck animal,609,On path - Hit animal,,Vehicle - Animal,Passenger van,,1,0,1,0,0,10,October,Spring,Thursday,18:00 - 19:59,PM peak / evening commute,True,False,True,True
1365414,Injury,Moderate Injury,2024,2024,July,Thursday,14:00 - 15:59,RAILWAY,PDE,20,East,NOBLE,ST,ALLAWAH,7006.0,No,Not a school zone,2-way undivided,-33.968914,151.110987,Georges River,Sydney metro. area,Syd-Newc-Woll Gtr conurbation,Straight,,,,Off,Sealed,Dry,Fine,Daylight,Nil,No traffic controls,50 km/h,Regional,71,Off rd left => obj,703,Left off cway into object,,Other angle,Car (sedan/hatch),Caravan,2,0,0,1,0,7,July,Winter,Thursday,14:00 - 15:59,Midday / afternoon,False,False,True,True
1365415,Injury,Serious Injury,2024,2024,September,Monday,22:00 - Midnight,DAWSON,ST,0,Right on the spot,LAMAN,ST,COOKS HILL,,No,Not a school zone,T-junction,-32.929246,151.771765,Newcastle,Newcastle met. area,Syd-Newc-Woll Gtr conurbation,Curved,,,,On,Sealed,Dry,Fine,Darkness,Nil,Give way sign,40 km/h,Local,88,Out of cont on bend,707,Right turn,,Rollover,Motorised push scooters,,1,0,1,0,0,9,September,Spring,Monday,22:00 - Midnight,Evening / night,False,False,True,True
1365417,Injury,Serious Injury,2024,2024,October,Wednesday,14:00 - 15:59,KINGSGROVE,RD,70,North,THE AVENUE,MS,KINGSGROVE,7309.0,No,Not a school zone,2-way undivided,-33.942251,151.101421,Bayside,Sydney metro. area,Syd-Newc-Woll Gtr conurbation,Straight,,,,Off,Sealed,Dry,Fine,Daylight,Nil,No traffic controls,50 km/h,Regional,71,Off rd left => obj,703,Left off cway into object,,Other angle,Car (sedan/hatch),Car (sedan/hatch),4,0,1,0,0,10,October,Spring,Wednesday,14:00 - 15:59,Midday / afternoon,False,False,True,True
1365418,Injury,Serious Injury,2024,2024,June,Thursday,20:00 - 21:59,PACIFIC,HWY,570,South,JERICHO ROAD,OP,MOORLAND,10.0,No,Not a school zone,Divided road,-31.811079,152.635405,Mid-Coast,Country non-urban,Rest of NSW - Rural,Straight,Steep grade,Previous crash,,Nil,Sealed,Dry,Fine,Darkness,Nil,No traffic controls,110 km/h,State,62,Accident,603,On path - Previous accident,,Other angle,Large rigid,4 wheel drive / SUV,2,0,1,1,0,6,June,Winter,Thursday,20:00 - 21:59,Evening / night,False,False,True,True
1365419,Injury,Serious Injury,2024,2024,October,Tuesday,22:00 - Midnight,BUNGAWALBIN WHIPORIE,RD,2000,West,MOONEM NEW ITALY,RD,BUNGAWALBIN,,No,Not a school zone,2-way undivided,-29.097723,153.207808,Richmond Valley,Country non-urban,Rest of NSW - Rural,Straight,,,,Nil,Unsealed,Wet,Fine,Darkness,Nil,No traffic controls,100 km/h,Local,73,Off rd rght => obj,704,Right off cway into obj,,Vehicle - Object,Car (sedan/hatch),,1,0,1,0,0,10,October,Spring,Tuesday,22:00 - Midnight,Evening / night,False,False,True,True
1365420,Injury,Moderate Injury,2024,2024,October,Monday,16:00 - 17:59,CAMPBELL,ST,0,Right on the spot,MORTON,ST,QUEANBEYAN,,No,Not a school zone,T-junction,-35.349247,149.229905,Queanbeyan-Palerang Regional,Country urban,Rest of NSW - Urban,Straight,Driveway/entrance,,,Off,Sealed,Dry,Fine,Daylight,Nil,Give way sign,50 km/h,Local,32,Right rear,303,Same - Rear right,,Rear end,Car (sedan/hatch),4 wheel drive / SUV,2,0,0,1,1,10,October,Spring,Monday,16:00 - 17:59,PM peak / evening commute,True,False,True,True
1365422,Injury,Moderate Injury,2024,2024,September,Thursday,18:00 - 19:59,CARRINGTON,RD,0,Right on the spot,MIDDLETON,AVE,CASTLE HILL,7471.0,No,Not a school zone,X-intersection,-33.727836,150.988158,The Hills,Sydney metro. area,Syd-Newc-Woll Gtr conurbation,Straight,Steep grade,,,On,Sealed,Dry,Fine,Darkness,On,No traffic controls,50 km/h,Regional,2,Ped far side,3,Ped - Far side,,Vehicle - Pedestrian,Light truck utility(from 2018),Pedestrian,2,0,0,1,0,9,September,Spring,Thursday,18:00 - 19:59,PM peak / evening commute,True,False,True,True
1365424,Injury,Moderate Injury,2024,2024,September,Tuesday,18:00 - 19:59,MCKENZIE,ST,50,West,LYON,PDE,WALLERAWANG,,No,Not a school zone,2-way undivided,-33.412606,150.066027,Lithgow,Country urban,Rest of NSW - Urban,Straight,Driveway/entrance,,,On,Sealed,Dry,Fine,Darkness,Nil,No traffic controls,50 km/h,Local,47,Emerging from drive,406,Manov - Emerging from driveway,,Right angle,Light truck utility(from 2018),Car (sedan/hatch),2,0,0,1,0,9,September,Spring,Tuesday,18:00 - 19:59,PM peak / evening commute,True,False,True,True
1365432,Injury,Moderate Injury,2024,2024,October,Thursday,20:00 - 21:59,GREAT WESTERN,HWY,0,Right on the spot,RUPERTSWOOD,RD,ROOTY HILL,5.0,No,Not a school zone,T-junction,-33.782316,150.827632,Blacktown,Sydney metro. area,Syd-Newc-Woll Gtr conurbation,Straight,,,,On,Sealed,Dry,Fine,Darkness,On,No traffic controls,80 km/h,State,21,Right through,202,Opp - Right-thru,,Other angle,4 wheel drive / SUV,4 wheel drive / SUV,2,0,0,2,1,10,October,Spring,Thursday,20:00 - 21:59,Evening / night,False,False,True,True
1365434,Injury,Minor/Other Injury,2024,2024,September,Sunday,12:00 - 13:59,JOHN RENSHAW,DR,10,West,NEWCASTLE,EXP,BERESFIELD,588.0,No,Not a school zone,X-intersection,-32.813657,151.635547,Newcastle,Newcastle met. area,Syd-Newc-Woll Gtr conurbation,Straight,,,,Off,Sealed,Dry,Fine,Daylight,On,No traffic controls,60 km/h,State,33,Lane sideswipe,305,Same - Lane side swipe,,Other angle,4 wheel drive / SUV,Motorcycle,2,0,0,0,1,9,September,Spring,Sunday,12:00 - 13:59,Midday / afternoon,False,False,True,True
1365435,Injury,Minor/Other Injury,2024,2024,October,Friday,04:00 - 05:59,PITTWATER,RD,0,Right on the spot,NUMBER 625,HN,DEE WHY,164.0,No,Not a school zone,Divided road,-33.755919,151.282874,Northern Beaches,Sydney metro. area,Syd-Newc-Woll Gtr conurbation,Straight,Driveway/entrance,,,On,Sealed,Dry,Fine,Darkness,Nil,No traffic controls,60 km/h,State,47,Emerging from drive,406,Manov - Emerging from driveway,,Right angle,Light truck utility(from 2018),Pedal cycle,2,0,0,0,1,10,October,Spring,Friday,04:00 - 05:59,Late night / early morning,False,False,True,True
1365436,Injury,Serious Injury,2024,2024,October,Wednesday,06:00 - 07:59,OLD CANTERBURY,RD,35,South,ELIZABETH,AVE,ASHFIELD,652.0,Yes,No,2-way undivided,-33.902695,151.130384,Inner West,Sydney metro. area,Syd-Newc-Woll Gtr conurbation,Straight,,,,Off,Sealed,Dry,Fine,Daylight,Nil,Ped crossing,50 km/h,State,30,Rear end,301,Same - Rear end,,Rear end,Motorcycle,Light truck utility(from 2018),2,0,1,0,0,10,October,Spring,Wednesday,06:00 - 07:59,AM peak / school commute,True,False,True,True
1365437,Injury,Serious Injury,2024,2024,October,Tuesday,06:00 - 07:59,OLYMPIC,HWY,200,North,SHAFTSBURY,LANE,COOTAMUNDRA,78.0,No,Not a school zone,2-way undivided,-34.625496,148.05842,Cootamundra-Gundagai,Country non-urban,Rest of NSW - Rural,Straight,Embankment/cutting,,,Nil,Sealed,Dry,Fine,Daylight,Nil,No traffic controls,100 km/h,State,72,Off road to right,702,Off carriageway to right,,Rollover,Light truck utility(from 2018),,1,0,1,0,0,10,October,Spring,Tuesday,06:00 - 07:59,AM peak / school commute,True,False,True,True
1365438,Injury,Minor/Other Injury,2024,2024,October,Friday,10:00 - 11:59,VILLAGE,DR,100,North,NORTH,ST,ULLADULLA,,No,Not a school zone,2-way undivided,-35.349264,150.462719,Shoalhaven,Country urban,Rest of NSW - Urban,Straight,,,,Off,Sealed,Dry,Fine,Daylight,Nil,No traffic controls,50 km/h,Local,71,Off rd left => obj,703,Left off cway into object,,Other angle,4 wheel drive / SUV,Station wagon,4,0,0,0,1,10,October,Spring,Friday,10:00 - 11:59,Midday / afternoon,False,False,True,True
1365442,Injury,Serious Injury,2024,2024,September,Thursday,10:00 - 11:59,BEAUMONT,ST,0,Right on the spot,HUDSON,ST,HAMILTON,,No,Not a school zone,X-intersection,-32.918686,151.747993,Newcastle,Newcastle met. area,Syd-Newc-Woll Gtr conurbation,Straight,,,,Off,Sealed,Wet,Raining,Daylight,Nil,Ped crossing,50 km/h,Local,0,Ped nearside,1,Ped - Near side,,Vehicle - Pedestrian,Light truck,Pedestrian,2,0,1,1,0,9,September,Spring,Thursday,10:00 - 11:59,Midday / afternoon,False,False,True,True
1365443,Injury,Moderate Injury,2024,2024,September,Sunday,16:00 - 17:59,MONA VALE,RD,0,Right on the spot,NUMBER 2817,HN,BELROSE,162.0,No,Not a school zone,Divided road,-33.708851,151.198891,Northern Beaches,Sydney metro. area,Syd-Newc-Woll Gtr conurbation,Straight,,,Potholes/corrugations/rough,On,Sealed,Wet,Overcast,Darkness,Nil,No traffic controls,90 km/h,State,74,On road-out of cont.,705,Out of control on cway,,Rollover,Motorcycle,,1,0,0,1,0,9,September,Spring,Sunday,16:00 - 17:59,PM peak / evening commute,True,False,True,True
1365444,Injury,Moderate Injury,2024,2024,September,Friday,12:00 - 13:59,COXS,RD,0,Right on the spot,MACQUARIE HOSPITAL,ENT,NORTH RYDE,,No,Not a school zone,2-way undivided,-33.798591,151.126848,Ryde,Sydney metro. area,Syd-Newc-Woll Gtr conurbation,Straight,Driveway/entrance,,,Nil,Sealed,Dry,Fine,Daylight,Nil,No traffic controls,50 km/h,Local,21,Right through,202,Opp - Right-thru,,Other angle,Car (sedan/hatch),Motor scooter,2,0,0,1,0,9,September,Spring,Friday,12:00 - 13:59,Midday / afternoon,False,False,True,True
1365445,Injury,Serious Injury,2024,2024,October,Sunday,20:00 - 21:59,SMITHFIELD,RD,0,Right on the spot,EDENSOR,RD,GREENFIELD PARK,7220.0,No,Not a school zone,X-intersection,-33.881647,150.889027,Fairfield,Sydney metro. area,Syd-Newc-Woll Gtr conurbation,Straight,,,,On,Sealed,Dry,Fine,Darkness,On,No traffic controls,60 km/h,Regional,2,Ped far side,3,Ped - Far side,,Vehicle - Pedestrian,Car (sedan/hatch),Pedestrian,2,0,1,0,0,10,October,Spring,Sunday,20:00 - 21:59,Evening / night,False,False,True,True
1365446,Injury,Serious Injury,2024,2024,October,Thursday,12:00 - 13:59,CASTLEREAGH,HWY,250,South,JENKINGS,LANE,BERYL,18.0,No,Not a school zone,2-way undivided,-32.310339,149.459766,Mid-Western Regional,Country non-urban,Rest of NSW - Rural,Straight,Crest,,,Nil,Sealed,Dry,Fine,Daylight,Nil,No traffic controls,100 km/h,State,73,Off rd rght => obj,704,Right off cway into obj,,Vehicle - Object,4 wheel drive / SUV,,1,0,1,0,0,10,October,Spring,Thursday,12:00 - 13:59,Midday / afternoon,False,False,True,True
1365449,Injury,Moderate Injury,2024,2024,October,Saturday,08:00 - 09:59,RAILWAY,PDE,0,Right on the spot,RAILWAY,ST,CARLTON,7009.0,No,Not a school zone,Roundabout,-33.967258,151.128369,Bayside,Sydney metro. area,Syd-Newc-Woll Gtr conurbation,Straight,Steep grade,,,Nil,Sealed,Dry,Fine,Daylight,Nil,Give way sign,50 km/h,Regional,31,Left rear,302,Same - Rear left,,Rear end,Light truck utility(from 2018),Car (sedan/hatch),2,0,0,1,0,10,October,Spring,Saturday,08:00 - 09:59,AM peak / school commute,True,False,True,True
1365450,Injury,Serious Injury,2024,2024,September,Monday,12:00 - 13:59,PRINCES,HWY,50,North,KOORABAN STREET,OP,WATERFALL,1.0,No,Not a school zone,Divided road,-34.134804,150.994016,Sutherland,Sydney metro. area,Syd-Newc-Woll Gtr conurbation,Straight,Embankment/cutting,,,Off,Sealed,Dry,Fine,Daylight,Nil,No traffic controls,80 km/h,State,71,Off rd left => obj,703,Left off cway into object,,Vehicle - Object,Light truck,,1,0,1,0,0,9,September,Spring,Monday,12:00 - 13:59,Midday / afternoon,False,False,True,True
1365452,Injury,Serious Injury,2024,2024,October,Tuesday,20:00 - 21:59,APPIN,RD,0,Right on the spot,THERRY,RD,AMBARVALE,177.0,No,Not a school zone,T-junction,-34.081283,150.807836,Campbelltown,Sydney metro. area,Syd-Newc-Woll Gtr conurbation,Straight,,,,On,Sealed,Dry,Fine,Darkness,On,No traffic controls,80 km/h,State,21,Right through,202,Opp - Right-thru,,Other angle,4 wheel drive / SUV,4 wheel drive / SUV,2,0,1,1,0,10,October,Spring,Tuesday,20:00 - 21:59,Evening / night,False,False,True,True
1365453,Injury,Minor/Other Injury,2024,2024,September,Monday,14:00 - 15:59,WOLLOMBI,RD,10000,West,MILLFIELD,TN,SWEETMANS CREEK,181.0,No,Not a school zone,2-way undivided,-32.894647,151.16531,Cessnock,Country urban,Rest of NSW - Urban,Curved,,,,Nil,Sealed,Dry,Unknown,Daylight,Nil,No traffic controls,80 km/h,Regional,88,Out of cont on bend,805,Out of control on bend,,Rollover,Motorcycle,,1,0,0,0,1,9,September,Spring,Monday,14:00 - 15:59,Midday / afternoon,False,False,True,True
1365454,Injury,Serious Injury,2024,2024,September,Saturday,20:00 - 21:59,LAWES,ST,0,Right on the spot,NUMBER 133,HN,EAST MAITLAND,,No,Not a school zone,2-way undivided,-32.751824,151.590577,Maitland,Country urban,Rest of NSW - Urban,Straight,Foot/cycle path/nature strip,,,On,Sealed,Dry,Fine,Darkness,Nil,No traffic controls,50 km/h,Local,73,Off rd rght => obj,704,Right off cway into obj,,Vehicle - Object,Utility,,2,0,1,0,0,9,September,Spring,Saturday,20:00 - 21:59,Evening / night,False,False,True,True
1365455,Injury,Moderate Injury,2024,2024,October,Monday,16:00 - 17:59,PACIFIC,HWY,200,South,SAWTELL ROAD,OP,BOAMBEE EAST,10.0,No,Not a school zone,Divided road,-30.337004,153.078027,Coffs Harbour,Country non-urban,Rest of NSW - Rural,Straight,Other bridge,,,Off,Sealed,Dry,Fine,Daylight,Nil,No traffic controls,100 km/h,State,71,Off rd left => obj,703,Left off cway into object,,Vehicle - Object,Car (sedan/hatch),,1,0,0,2,0,10,October,Spring,Monday,16:00 - 17:59,PM peak / evening commute,True,False,True,True
1365456,Injury,Serious Injury,2024,2024,September,Saturday,12:00 - 13:59,BEARDY,ST,0,Right on the spot,MARTIN,ST,ARMIDALE,,No,Not a school zone,L-junction,-30.507242,151.644108,Armidale Regional,Country urban,Rest of NSW - Urban,Curved,,,,Nil,Sealed,Dry,Fine,Daylight,Nil,No traffic controls,50 km/h,Local,33,Lane sideswipe,305,Same - Lane side swipe,,Other angle,4 wheel drive / SUV,Pedal cycle,2,0,1,0,0,9,September,Spring,Saturday,12:00 - 13:59,Midday / afternoon,False,False,True,True
1365458,Injury,Moderate Injury,2024,2024,October,Wednesday,18:00 - 19:59,RUSDEN,CL,10,North,CHISHOLM,RD,EAST MAITLAND,,No,Not a school zone,T-junction,-32.763875,151.582592,Maitland,Country urban,Rest of NSW - Urban,Straight,,,,Off,Sealed,Dry,Fine,Dusk,Nil,No traffic controls,50 km/h,Local,81,Off left/rt bnd=>obj,707,Right turn,Left,Other angle,Station wagon,Station wagon,2,0,0,1,0,10,October,Spring,Wednesday,18:00 - 19:59,PM peak / evening commute,True,False,True,True
1365459,Injury,Moderate Injury,2024,2024,September,Wednesday,18:00 - 19:59,CANTERBURY,RD,0,Right on the spot,PUNCHBOWL,RD,PUNCHBOWL,167.0,No,Not a school zone,T-junction,-33.932471,151.044852,Canterbury-Bankstown,Sydney metro. area,Syd-Newc-Woll Gtr conurbation,Straight,,,,On,Sealed,Dry,Fine,Darkness,On,No traffic controls,60 km/h,State,13,Right near,104,Adj - Right-thru from right,,Right angle,Car (sedan/hatch),Car (sedan/hatch),2,0,0,2,0,9,September,Spring,Wednesday,18:00 - 19:59,PM peak / evening commute,True,False,True,True
1365461,Injury,Serious Injury,2024,2024,October,Monday,14:00 - 15:59,BARTON,ST,0,Right on the spot,WILGA,ST,COONAMBLE,,No,Not a school zone,X-intersection,-30.960968,148.382364,Coonamble,Country urban,Rest of NSW - Urban,Straight,,,,Off,Sealed,Dry,Fine,Daylight,Nil,Give way sign,50 km/h,Local,10,Cross traffic,101,Adj - Cross traffic,,Right angle,4 wheel drive / SUV,Light truck utility(from 2018),2,0,2,0,0,10,October,Spring,Monday,14:00 - 15:59,Midday / afternoon,False,False,True,True
1365462,Injury,Serious Injury,2024,2024,June,Sunday,10:00 - 11:59,WISEMANS FERRY,RD,0,Right on the spot,NUMBER 5457,HN,SPENCER,225.0,No,Not a school zone,2-way undivided,-33.4677,151.089225,Central Coast,Country urban,Syd-Newc-Woll Gtr conurbation,Curved,Driveway/entrance,,"Loose gravel, sealed",Nil,Sealed,Dry,Fine,Daylight,Nil,No traffic controls,60 km/h,Regional,84,Off right/left bend,802,Off cway left bend,Right,Rollover,Motorcycle,,1,0,1,0,0,6,June,Winter,Sunday,10:00 - 11:59,Midday / afternoon,False,False,True,True