crash_id,degree_of_crash,degree_of_crash_-_detailed,reporting_year,year_of_crash,month_of_crash,day_of_week_of_crash,two-hour_intervals,street_of_crash,street_type,distance,direction,identifying_feature,identifying_feature_type,town,route_no.,school_zone_location,school_zone_active,type_of_location,latitude,longitude,lga,urbanisation,conurbation_1,alignment,primary_permanent_feature,primary_temporary_feature,primary_hazardous_feature,street_lighting,road_surface,surface_condition,weather,natural_lighting,signals_operation,other_traffic_control,speed_limit,road_classification_(admin),rum_-_code,rum_-_description,dca_-_code,dca_-_description,dca_supplement,first_impact_type,key_tu_type,other_tu_type,no._of_traffic_units_involved,no._killed,no._seriously_injured,no._moderately_injured,no._minor-other_injured,month_num,month_label,season,day_label,time_label,time_band,is_peak_commute,is_fatal,is_injury,is_casualty
1365463,Injury,Serious Injury,2024,2024,October,Thursday,20:00 - 21:59,WANDOBAH,RD,1000,North,NOWLEY,RD,TAMBAR SPRINGS,,No,Not a school zone,2-way undivided,-31.331384,150.079199,Gunnedah,Country urban,Rest of NSW - Urban,Straight,,,,Nil,Unsealed,Dry,Fine,Darkness,Nil,No traffic controls,80 km/h,Local,72,Off road to right,702,Off carriageway to right,,Rollover,Light truck utility(from 2018),,1,0,1,0,0,10,October,Spring,Thursday,20:00 - 21:59,Evening / night,False,False,True,True
1365465,Injury,Serious Injury,2024,2024,September,Sunday,10:00 - 11:59,NEWCASTLE,EXP,650,North,JUNCTION ROAD,OP,WAHROONGA,6003.0,No,Not a school zone,Dual freeway,-33.702554,151.118156,Ku-ring-gai,Sydney metro. area,Syd-Newc-Woll Gtr conurbation,Straight,,,,Off,Sealed,Dry,Fine,Daylight,Nil,No traffic controls,110 km/h,State,30,Rear end,301,Same - Rear end,,Rear end,Car (sedan/hatch),Car (sedan/hatch),2,0,1,0,1,9,September,Spring,Sunday,10:00 - 11:59,Midday / afternoon,False,False,True,True
1365466,Injury,Moderate Injury,2024,2024,September,Monday,14:00 - 15:59,JOHN RENSHAW,DR,100,West,NEWCASTLE,EXP,BERESFIELD,588.0,No,Not a school zone,Divided road,-32.813973,151.634661,Newcastle,Newcastle met. area,Syd-Newc-Woll Gtr conurbation,Straight,,,,Nil,Sealed,Dry,Fine,Daylight,Nil,No traffic controls,60 km/h,State,20,Head on,201,Opp - Head on,,Head-on,Light truck,Car (sedan/hatch),2,0,0,1,0,9,September,Spring,Monday,14:00 - 15:59,Midday / afternoon,False,False,True,True
1365467,Injury,Moderate Injury,2024,2024,October,Friday,00:01 - 01:59,OLD SOUTH,RD,800,South,RANGE,RD,MITTAGONG,,No,Not a school zone,2-way undivided,-34.47322,150.458944,Wingecarribee,Country urban,Rest of NSW - Urban,Curved,Ditch/drain/culvert,,,On,Sealed,Dry,Fine,Darkness,Nil,No traffic controls,80 km/h,Local,83,Off rt/rt bnd=>obj,803,Off right bend into obj,Right,Vehicle - Object,Car (sedan/hatch),,1,0,0,1,0,10,October,Spring,Friday,00:01 - 01:59,Late night / early morning,False,False,True,True
1365468,Injury,Moderate Injury,2024,2024,October,Sunday,02:00 - 03:59,LEGGETTS,DR,0,Right on the spot,GILLS,LANE,BRUNKERVILLE,220.0,No,Not a school zone,T-junction,-32.948847,151.478982,Cessnock,Country non-urban,Rest of NSW - Rural,Curved,Other bridge,,,Nil,Sealed,Dry,Fine,Darkness,Nil,Give way sign,90 km/h,State,85,Off rt/lft bnd=>obj,804,Off left bend into obj,Right,Vehicle - Object,4 wheel drive / SUV,,1,0,0,1,0,10,October,Spring,Sunday,02:00 - 03:59,Late night / early morning,False,False,True,True
1365472,Injury,Moderate Injury,2024,2024,September,Sunday,00:01 - 01:59,COWPASTURE,RD,50,North,CAMDEN VALLEY,WAY,HORNINGSEA PARK,648.0,No,Not a school zone,Divided road,-33.94935,150.838778,Liverpool,Sydney metro. area,Syd-Newc-Woll Gtr conurbation,Straight,,,,On,Sealed,Dry,Fine,Darkness,Nil,No traffic controls,70 km/h,State,20,Head on,201,Opp - Head on,,Head-on,Car (sedan/hatch),4 wheel drive / SUV,2,0,0,1,0,9,September,Spring,Sunday,00:01 - 01:59,Late night / early morning,False,False,True,True
1365475,Injury,Serious Injury,2024,2024,August,Sunday,12:00 - 13:59,PACIFIC,HWY,2200,South,BROOKLYN,RD,COWAN,10.0,No,Not a school zone,2-way undivided,-33.560144,151.189314,Hornsby,Sydney metro. area,Syd-Newc-Woll Gtr conurbation,Curved,Painted double centre lines,,,Nil,Sealed,Wet,Fog or mist,Daylight,Nil,No traffic controls,70 km/h,State,20,Head on,201,Opp - Head on,,Head-on,Motorcycle,Motorcycle,2,0,1,1,0,8,August,Winter,Sunday,12:00 - 13:59,Midday / afternoon,False,False,True,True
1365476,Injury,Serious Injury,2024,2024,August,Saturday,22:00 - Midnight,WILSON,DR,100,North,CHURCH,AVE,COLO VALE,7635.0,No,Not a school zone,2-way undivided,-34.400792,150.488251,Wingecarribee,Country urban,Rest of NSW - Urban,Straight,,,,Nil,Sealed,Dry,Fine,Darkness,Nil,No traffic controls,80 km/h,Regional,67,Struck animal,609,On path - Hit animal,,Vehicle - Animal,Car (sedan/hatch),,1,0,1,0,0,8,August,Winter,Saturday,22:00 - Midnight,Evening / night,False,False,True,True
1365478,Injury,Serious Injury,2024,2024,October,Saturday,16:00 - 17:59,BLAXLAND,RD,0,Right on the spot,ROSE,ST,CAMPBELLTOWN,7191.0,No,Not a school zone,Roundabout,-34.055988,150.818677,Campbelltown,Sydney metro. area,Syd-Newc-Woll Gtr conurbation,Straight,,,,Off,Sealed,Dry,Overcast,Daylight,Nil,Give way sign,60 km/h,Regional,10,Cross traffic,101,Adj - Cross traffic,,Right angle,Motorised push scooters,Car (sedan/hatch),2,0,1,0,0,10,October,Spring,Saturday,16:00 - 17:59,PM peak / evening commute,True,False,True,True
1365480,Injury,Moderate Injury,2024,2024,June,Thursday,16:00 - 17:59,ERNEST,ST,0,Right on the spot,PARK,AVE,NEUTRAL BAY,2036.0,No,Not a school zone,T-junction,-33.828028,151.217254,North Sydney,Sydney metro. area,Syd-Newc-Woll Gtr conurbation,Straight,,,,Off,Sealed,Dry,Fine,Dusk,Nil,Stop sign,50 km/h,Regional,13,Right near,104,Adj - Right-thru from right,,Right angle,4 wheel drive / SUV,Motorcycle,2,0,0,1,0,6,June,Winter,Thursday,16:00 - 17:59,PM peak / evening commute,True,False,True,True
1365481,Injury,Serious Injury,2024,2024,October,Tuesday,06:00 - 07:59,ULAN,RD,300,North,CHURCH,LANE,BUDGEE BUDGEE,214.0,No,Not a school zone,2-way undivided,-32.523404,149.658176,Mid-Western Regional,Country non-urban,Rest of NSW - Rural,Curved,,,,Nil,Sealed,Wet,Raining,Dawn,Nil,No traffic controls,100 km/h,Regional,85,Off rt/lft bnd=>obj,804,Off left bend into obj,Right,Vehicle - Object,Car (sedan/hatch),,1,0,1,0,0,10,October,Spring,Tuesday,06:00 - 07:59,AM peak / school commute,True,False,True,True
1365482,Injury,Serious Injury,2024,2024,January,Sunday,10:00 - 11:59,DINGO TOPS,RD,2030,East,HUNGRY HILL,RD,DINGO FOREST,,No,Not a school zone,2-way undivided,-31.735785,152.189365,Mid-Coast,Country non-urban,Rest of NSW - Rural,Curved,Embankment/cutting,,,Nil,Unsealed,Dry,Fine,Daylight,Nil,No traffic controls,100 km/h,Local,67,Struck animal,609,On path - Hit animal,,Vehicle - Animal,Motorcycle,,1,0,1,0,0,1,January,Summer,Sunday,10:00 - 11:59,Midday / afternoon,False,False,True,True
1365483,Injury,Serious Injury,2024,2024,October,Sunday,12:00 - 13:59,JAMBEROO MOUNTAIN,RD,500,South,DALTONS,RD,JAMBEROO,264.0,No,Not a school zone,2-way undivided,-34.659251,150.731811,Kiama,Country urban,Rest of NSW - Urban,Curved,Steep grade,,Other hazardous feature,Nil,Sealed,Dry,Fine,Daylight,Nil,No traffic controls,60 km/h,Regional,84,Off right/left bend,802,Off cway left bend,Right,Rollover,Motorcycle,,1,0,1,0,0,10,October,Spring,Sunday,12:00 - 13:59,Midday / afternoon,False,False,True,True
1365485,Injury,Moderate Injury,2024,2024,April,Tuesday,14:00 - 15:59,ETELA,ST,0,Right on the spot,HALL,ST,BELMORE,,No,Not a school zone,X-intersection,-33.91378,151.09307,Canterbury-Bankstown,Sydney metro. area,Syd-Newc-Woll Gtr conurbation,Straight,,,,Nil,Sealed,Dry,Fine,Daylight,Nil,Give way sign,50 km/h,Local,10,Cross traffic,101,Adj - Cross traffic,,Right angle,Light truck utility(from 2018),Light truck utility(from 2018),2,0,0,1,0,4,April,Autumn,Tuesday,14:00 - 15:59,Midday / afternoon,False,False,True,True
1365486,Injury,Serious Injury,2024,2024,September,Friday,10:00 - 11:59,WARRINGAH,RD,400,North,ROSEVILLE,BDGE,KILLARNEY HEIGHTS,328.0,No,Not a school zone,Divided road,-33.768585,151.205482,Northern Beaches,Sydney metro. area,Syd-Newc-Woll Gtr conurbation,Curved,Steep grade,,,Nil,Sealed,Dry,Fine,Daylight,Nil,No traffic controls,80 km/h,State,30,Rear end,301,Same - Rear end,,Rear end,Motorcycle,4 wheel drive / SUV,2,0,1,0,0,9,September,Spring,Friday,10:00 - 11:59,Midday / afternoon,False,False,True,True
1365490,Injury,Serious Injury,2024,2024,October,Sunday,22:00 - Midnight,BENDALONG,RD,500,East,PRINCES,HWY,MONDAYONG,,No,Not a school zone,2-way undivided,-35.196302,150.444621,Shoalhaven,Country urban,Rest of NSW - Urban,Curved,Embankment/cutting,,,Nil,Sealed,Dry,Fine,Darkness,Nil,No traffic controls,80 km/h,Local,81,Off left/rt bnd=>obj,803,Off right bend into obj,Left,Vehicle - Object,Light truck utility(from 2018),,1,0,1,0,0,10,October,Spring,Sunday,22:00 - Midnight,Evening / night,False,False,True,True
1365491,Injury,Minor/Other Injury,2024,2024,October,Monday,14:00 - 15:59,BATHURST,ST,0,Right on the spot,PITT,ST,SYDNEY,7306.0,No,Not a school zone,X-intersection,-33.87449,151.208013,Sydney,Sydney metro. area,Syd-Newc-Woll Gtr conurbation,Straight,,,,Off,Sealed,Wet,Raining,Daylight,On,Ped crossing,40 km/h,Regional,0,Ped nearside,1,Ped - Near side,,Vehicle - Pedestrian,4 wheel drive / SUV,Pedestrian,2,0,0,0,1,10,October,Spring,Monday,14:00 - 15:59,Midday / afternoon,False,False,True,True
1365492,Injury,Serious Injury,2024,2024,July,Tuesday,16:00 - 17:59,WESTERN,DSTR,100,East,ANZAC BRIDGE,BDGE,PYRMONT,165.0,No,Not a school zone,Divided road,-33.869904,151.188326,Sydney,Sydney metro. area,Syd-Newc-Woll Gtr conurbation,Straight,,,,Nil,Sealed,Dry,Fine,Daylight,Nil,No traffic controls,60 km/h,State,34,Lane change right,306,Same - Lane change right,,Other angle,Car (sedan/hatch),Motor scooter,2,0,1,0,0,7,July,Winter,Tuesday,16:00 - 17:59,PM peak / evening commute,True,False,True,True
1365493,Injury,Serious Injury,2024,2024,October,Sunday,20:00 - 21:59,COMEL,AVE,0,Right on the spot,ODETTE,ST,CAMERON PARK,,No,Not a school zone,L-junction,-32.912903,151.606379,Lake Macquarie,Newcastle met. area,Syd-Newc-Woll Gtr conurbation,Curved,Steep grade,Police pursuit,,On,Sealed,Dry,Fine,Darkness,Nil,No traffic controls,50 km/h,Local,30,Rear end,301,Same - Rear end,,Rear end,Light truck utility(from 2018),Motorcycle,2,0,1,0,0,10,October,Spring,Sunday,20:00 - 21:59,Evening / night,False,False,True,True
1365495,Injury,Serious Injury,2024,2024,October,Wednesday,12:00 - 13:59,FALLON,ST,0,Right on the spot,JELBART,RD,NORTH ALBURY,,No,Not a school zone,X-intersection,-36.06458,146.944215,Albury,Country urban,Rest of NSW - Urban,Straight,,,,Nil,Sealed,Dry,Fine,Daylight,Nil,Give way sign,60 km/h,Local,10,Cross traffic,101,Adj - Cross traffic,,Right angle,Light truck utility(from 2018),Car (sedan/hatch),2,0,1,0,0,10,October,Spring,Wednesday,12:00 - 13:59,Midday / afternoon,False,False,True,True
1365496,Injury,Moderate Injury,2024,2024,October,Friday,14:00 - 15:59,NANCY BIRD WALTON,DR,150,South,HERONS CREEK,RD,KEW,,No,Not a school zone,2-way undivided,-31.630788,152.725208,Port Macquarie-Hastings,Country urban,Rest of NSW - Urban,Straight,Painted double centre lines,,,Off,Sealed,Dry,Fine,Daylight,Nil,No traffic controls,80 km/h,Local,40,U turn,304,Same - U-turn,,Other angle,4 wheel drive / SUV,4 wheel drive / SUV,2,0,0,2,0,10,October,Spring,Friday,14:00 - 15:59,Midday / afternoon,False,False,True,True
1365498,Injury,Moderate Injury,2024,2024,September,Wednesday,16:00 - 17:59,BORONIA,ST,0,Right on the spot,NUMBER 20,HN,KENSINGTON,,No,Not a school zone,2-way undivided,-33.905039,151.223146,Randwick,Sydney metro. area,Syd-Newc-Woll Gtr conurbation,Straight,Driveway/entrance,,,Off,Sealed,Dry,Fine,Dusk,Nil,No traffic controls,50 km/h,Local,53,Overtake turning,506,Ovtak - Overtaking right turn,,Other angle,Motor scooter,4 wheel drive / SUV,2,0,0,1,0,9,September,Spring,Wednesday,16:00 - 17:59,PM peak / evening commute,True,False,True,True
1365499,Injury,Serious Injury,2024,2024,July,Tuesday,12:00 - 13:59,BLAXLAND,RD,0,Right on the spot,BEATTIE,AVE,DENISTONE,139.0,No,Not a school zone,T-junction,-33.800959,151.100305,Ryde,Sydney metro. area,Syd-Newc-Woll Gtr conurbation,Straight,,,,Nil,Sealed,Dry,Fine,Daylight,Nil,No traffic controls,60 km/h,State,32,Right rear,303,Same - Rear right,,Rear end,Motor scooter,Unknown motor vehicle,2,0,1,0,0,7,July,Winter,Tuesday,12:00 - 13:59,Midday / afternoon,False,False,True,True
1365503,Injury,Serious Injury,2024,2024,October,Saturday,02:00 - 03:59,ELIZABETH,ST,0,Right on the spot,DEVONSHIRE,ST,SURRY HILLS,7083.0,No,Not a school zone,X-intersection,-33.886427,151.208229,Sydney,Sydney metro. area,Syd-Newc-Woll Gtr conurbation,Straight,,,,On,Sealed,Dry,Fine,Darkness,On,No traffic controls,40 km/h,Regional,10,Cross traffic,101,Adj - Cross traffic,,Right angle,Pedal cycle,4 wheel drive / SUV,2,0,1,0,0,10,October,Spring,Saturday,02:00 - 03:59,Late night / early morning,False,False,True,True
1365507,Injury,Minor/Other Injury,2024,2024,September,Wednesday,22:00 - Midnight,BORONIA,RD,100,West,NOBLE,AVE,GREENACRE,636.0,Yes,No,2-way undivided,-33.905992,151.05147,Canterbury-Bankstown,Sydney metro. area,Syd-Newc-Woll Gtr conurbation,Straight,,,,On,Sealed,Dry,Fine,Darkness,Nil,No traffic controls,60 km/h,State,40,U turn,304,Same - U-turn,,Other angle,Passenger van,Motorcycle,2,0,0,0,1,9,September,Spring,Wednesday,22:00 - Midnight,Evening / night,False,False,True,True
1365508,Injury,Serious Injury,2024,2024,August,Friday,18:00 - 19:59,GUYRA,RD,1400,West,OLD ARMIDALE,RD,TINGHA,135.0,No,Not a school zone,2-way undivided,-29.920967,151.31818,Inverell,Country non-urban,Rest of NSW - Rural,Straight,,,,Nil,Sealed,Dry,Fine,Darkness,Nil,No traffic controls,100 km/h,Regional,67,Struck animal,609,On path - Hit animal,,Vehicle - Animal,Light truck utility(from 2018),,1,0,1,0,0,8,August,Winter,Friday,18:00 - 19:59,PM peak / evening commute,True,False,True,True
1365514,Injury,Serious Injury,2024,2024,October,Saturday,00:01 - 01:59,PACIFIC,HWY,0,Right on the spot,KATHLEEN MORREAU,RD,NIAGARA PARK,10.0,No,Not a school zone,T-junction,-33.384311,151.355591,Central Coast,Country urban,Syd-Newc-Woll Gtr conurbation,Curved,Steep grade,,,On,Sealed,Dry,Fine,Darkness,Nil,No traffic controls,60 km/h,State,88,Out of cont on bend,805,Out of control on bend,,Rollover,Car (sedan/hatch),,1,0,1,0,1,10,October,Spring,Saturday,00:01 - 01:59,Late night / early morning,False,False,True,True
1365516,Injury,Serious Injury,2024,2024,October,Tuesday,10:00 - 11:59,CAMPBELLTOWN,RD,0,Right on the spot,ZOUCH,RD,DENHAM COURT,177.0,No,Not a school zone,X-intersection,-33.978169,150.850133,Liverpool,Sydney metro. area,Syd-Newc-Woll Gtr conurbation,Straight,,,,Nil,Sealed,Dry,Fine,Daylight,Nil,Give way sign,70 km/h,State,32,Right rear,303,Same - Rear right,,Rear end,Car (sedan/hatch),Light truck utility(from 2018),3,0,1,0,0,10,October,Spring,Tuesday,10:00 - 11:59,Midday / afternoon,False,False,True,True
1365517,Injury,Minor/Other Injury,2024,2024,October,Saturday,18:00 - 19:59,HUME,HWY,200,South,BURLEY GRIFFIN,WAY,BOWNING,2.0,No,Not a school zone,Divided road,-34.766225,148.759859,Yass Valley,Country non-urban,Rest of NSW - Rural,Curved,,,,Nil,Sealed,Dry,Fine,Dusk,Nil,No traffic controls,110 km/h,State,82,Off right/right bend,801,Off cway right bend,Right,Rollover,Light truck,,1,0,0,0,2,10,October,Spring,Saturday,18:00 - 19:59,PM peak / evening commute,True,False,True,True
1365520,Injury,Moderate Injury,2024,2024,September,Wednesday,16:00 - 17:59,ROCKY POINT,RD,0,Right on the spot,MARGATE,ST,RAMSGATE,199.0,No,Not a school zone,T-junction,-33.980326,151.136704,Bayside,Sydney metro. area,Syd-Newc-Woll Gtr conurbation,Straight,,,,Nil,Sealed,Dry,Fine,Daylight,Nil,No traffic controls,60 km/h,State,21,Right through,202,Opp - Right-thru,,Other angle,4 wheel drive / SUV,Car (sedan/hatch),2,0,0,1,0,9,September,Spring,Wednesday,16:00 - 17:59,PM peak / evening commute,True,False,True,True
1365521,Injury,Serious Injury,2024,2024,October,Thursday,18:00 - 19:59,SMOLLETT,ST,50,West,KIEWA,ST,ALBURY,,No,Not a school zone,Divided road,-36.082699,146.914709,Albury,Country urban,Rest of NSW - Urban,Straight,Foot/cycle path/nature strip,,,Off,Sealed,Dry,Fine,Dusk,Nil,No traffic controls,50 km/h,Local,20,Head on,201,Opp - Head on,,Head-on,Pedal cycle,Car (sedan/hatch),2,0,1,0,0,10,October,Spring,Thursday,18:00 - 19:59,PM peak / evening commute,True,False,True,True
1365524,Injury,Serious Injury,2024,2024,August,Monday,06:00 - 07:59,GREAT WESTERN,HWY,560,East,HAWKESBURY ROAD,OP,SPRINGWOOD,5.0,No,Not a school zone,Divided road,-33.701941,150.575322,Blue Mountains,Country urban,Syd-Newc-Woll Gtr conurbation,Curved,Steep grade,,,Unknown / not stated,Sealed,Dry,Fine,Dawn,Nil,No traffic controls,80 km/h,State,85,Off rt/lft bnd=>obj,804,Off left bend into obj,Right,Vehicle - Object,Motorcycle,,1,0,1,0,0,8,August,Winter,Monday,06:00 - 07:59,AM peak / school commute,True,False,True,True
1365528,Injury,Moderate Injury,2024,2024,July,Friday,12:00 - 13:59,BINDA,RD,5000,North,CROOKWELL,TN,CROOKWELL,54.0,No,Not a school zone,2-way undivided,-34.436153,149.411445,Upper Lachlan,Country non-urban,Rest of NSW - Rural,Curved,,,,Nil,Sealed,Wet,Raining,Daylight,Nil,No traffic controls,100 km/h,State,81,Off left/rt bnd=>obj,803,Off right bend into obj,Left,Vehicle - Object,Large rigid,,1,0,0,1,0,7,July,Winter,Friday,12:00 - 13:59,Midday / afternoon,False,False,True,True
1365529,Injury,Moderate Injury,2024,2024,June,Friday,08:00 - 09:59,WOODVILLE,RD,50,South,TANGERINE,ST,VILLAWOOD,640.0,No,Not a school zone,Divided road,-33.877642,150.980218,Fairfield,Sydney metro. area,Syd-Newc-Woll Gtr conurbation,Straight,,,,Off,Sealed,Dry,Fine,Daylight,Nil,No traffic controls,70 km/h,State,2,Ped far side,3,Ped - Far side,,Vehicle - Pedestrian,Car (sedan/hatch),Pedestrian,2,0,0,1,0,6,June,Winter,Friday,08:00 - 09:59,AM peak / school commute,True,False,True,True
1365530,Injury,Moderate Injury,2024,2024,September,Tuesday,14:00 - 15:59,TENCH,AVE,450,South,WILSON,LANE,JAMISONTOWN,,No,Not a school zone,2-way undivided,-33.759375,150.668468,Penrith,Sydney metro. area,Syd-Newc-Woll Gtr conurbation,Straight,Driveway/entrance,,,Off,Sealed,Dry,Fine,Daylight,Nil,No traffic controls,50 km/h,Local,21,Right through,202,Opp - Right-thru,,Other angle,Car (sedan/hatch),4 wheel drive / SUV,2,0,0,1,0,9,September,Spring,Tuesday,14:00 - 15:59,Midday / afternoon,False,False,True,True
1365531,Injury,Moderate Injury,2024,2024,September,Tuesday,16:00 - 17:59,CUMBERLAND,HWY,160,North,VISCOUNT,PL,WARWICK FARM,13.0,No,Not a school zone,Divided road,-33.906451,150.918288,Liverpool,Sydney metro. area,Syd-Newc-Woll Gtr conurbation,Straight,Mid-blk median openg,,,Off,Sealed,Dry,Fine,Daylight,Nil,No traffic controls,70 km/h,State,40,U turn,207,Opp - U-turn,,Other angle,Car (sedan/hatch),Car (sedan/hatch),2,0,0,2,0,9,September,Spring,Tuesday,16:00 - 17:59,PM peak / evening commute,True,False,True,True
1365534,Injury,Moderate Injury,2024,2024,October,Friday,18:00 - 19:59,GREENWELL POINT,RD,120,West,MAYFIELD,RD,GREENWELL POINT,7632.0,No,Not a school zone,2-way undivided,-34.90204,150.669466,Shoalhaven,Country urban,Rest of NSW - Urban,Curved,Painted double centre lines,,,Nil,Sealed,Dry,Fine,Daylight,Nil,No traffic controls,80 km/h,Regional,20,Head on,201,Opp - Head on,,Head-on,Car (sedan/hatch),Car (sedan/hatch),2,0,0,1,0,10,October,Spring,Friday,18:00 - 19:59,PM peak / evening commute,True,False,True,True
1365538,Injury,Moderate Injury,2024,2024,October,Tuesday,06:00 - 07:59,BALGOWLAH,RD,0,Right on the spot,KENNETH,RD,MANLY,7344.0,No,Not a school zone,T-junction,-33.788904,151.280387,Northern Beaches,Sydney metro. area,Syd-Newc-Woll Gtr conurbation,Straight,Pedestrian refuge,,,Off,Sealed,Wet,Raining,Daylight,Nil,Ped crossing,50 km/h,Regional,48,From footpath,408,Manov - From footway,,Other angle,Pedal cycle,Car (sedan/hatch),2,0,0,1,0,10,October,Spring,Tuesday,06:00 - 07:59,AM peak / school commute,True,False,True,True
1365540,Injury,Serious Injury,2024,2024,September,Friday,18:00 - 19:59,CHURCH,RD,160,North,BREASLEY,PL,YAGOONA,,No,Not a school zone,2-way undivided,-33.905206,151.022951,Canterbury-Bankstown,Sydney metro. area,Syd-Newc-Woll Gtr conurbation,Curved,,,,Off,Sealed,Dry,Fine,Dusk,Nil,No traffic controls,50 km/h,Local,0,Ped nearside,1,Ped - Near side,,Vehicle - Pedestrian,Car (sedan/hatch),Pedestrian,2,0,1,0,0,9,September,Spring,Friday,18:00 - 19:59,PM peak / evening commute,True,False,True,True
1365543,Injury,Minor/Other Injury,2024,2024,May,Monday,14:00 - 15:59,WESTERN,EXP,100,West,PROSPECT HIGHWAY,TO,PROSPECT,6004.0,No,Not a school zone,Dual freeway,-33.804626,150.909252,Blacktown,Sydney metro. area,Syd-Newc-Woll Gtr conurbation,Straight,,,,Off,Sealed,Dry,Fine,Daylight,Nil,No traffic controls,100 km/h,State,34,Lane change right,306,Same - Lane change right,,Other angle,Large rigid,Car (sedan/hatch),3,0,0,0,1,5,May,Autumn,Monday,14:00 - 15:59,Midday / afternoon,False,False,True,True
1365553,Injury,Moderate Injury,2024,2024,August,Tuesday,14:00 - 15:59,DUNMORE,ST,0,Right on the spot,EMERT,ST,WENTWORTHVILLE,7257.0,No,Not a school zone,Roundabout,-33.806759,150.967166,Cumberland,Sydney metro. area,Syd-Newc-Woll Gtr conurbation,Straight,,,,Unknown / not stated,Sealed,Dry,Fine,Daylight,Nil,Give way sign,50 km/h,Regional,83,Off rt/rt bnd=>obj,707,Right turn,Right,Vehicle - Object,Car (sedan/hatch),,2,0,0,2,0,8,August,Winter,Tuesday,14:00 - 15:59,Midday / afternoon,False,False,True,True
1365554,Injury,Moderate Injury,2024,2024,August,Sunday,16:00 - 17:59,BLACKMANS POINT,RD,1700,East,MCMILLAN,DR,BLACKMANS POINT,,No,Not a school zone,2-way undivided,-31.400552,152.851296,Port Macquarie-Hastings,Country urban,Rest of NSW - Urban,Straight,,,,Unknown / not stated,Sealed,Wet,Overcast,Darkness,Nil,No traffic controls,80 km/h,Local,30,Rear end,301,Same - Rear end,,Rear end,4 wheel drive / SUV,Car (sedan/hatch),2,0,0,1,0,8,August,Winter,Sunday,16:00 - 17:59,PM peak / evening commute,True,False,True,True
1365555,Injury,Moderate Injury,2024,2024,October,Thursday,18:00 - 19:59,ARTHURSLEIGH,ST,0,Right on the spot,SHAFTESBURY,RD,BURWOOD,,No,Not a school zone,T-junction,-33.871787,151.108129,Burwood,Sydney metro. area,Syd-Newc-Woll Gtr conurbation,Straight,Pedestrian refuge,,,Unknown / not stated,Sealed,Dry,Fine,Dusk,Nil,Give way sign,50 km/h,Local,71,Off rd left => obj,703,Left off cway into object,,Vehicle - Object,Car (sedan/hatch),,1,0,0,1,0,10,October,Spring,Thursday,18:00 - 19:59,PM peak / evening commute,True,False,True,True
1365556,Injury,Moderate Injury,2024,2024,September,Saturday,02:00 - 03:59,DARLINGHURST,RD,0,Right on the spot,VICTORIA,ST,POTTS POINT,,No,Not a school zone,T-junction,-33.874934,151.222338,Sydney,Sydney metro. area,Syd-Newc-Woll Gtr conurbation,Curved,,,,Unknown / not stated,Sealed,Dry,Fine,Darkness,Nil,No traffic controls,40 km/h,Local,34,Lane change right,306,Same - Lane change right,,Other angle,Passenger van,4 wheel drive / SUV,3,0,0,1,0,9,September,Spring,Saturday,02:00 - 03:59,Late night / early morning,False,False,True,True
1365557,Injury,Minor/Other Injury,2024,2024,September,Friday,10:00 - 11:59,STONEY CREEK,RD,20,West,RYE,AVE,BEXLEY,665.0,No,Not a school zone,2-way undivided,-33.949398,151.116899,Bayside,Sydney metro. area,Syd-Newc-Woll Gtr conurbation,Straight,,,,On,Sealed,Dry,Fine,Daylight,Nil,No traffic controls,60 km/h,State,30,Rear end,301,Same - Rear end,,Rear end,Car (sedan/hatch),Passenger van,2,0,0,0,1,9,September,Spring,Friday,10:00 - 11:59,Midday / afternoon,False,False,True,True
1365558,Injury,Moderate Injury,2024,2024,October,Wednesday,06:00 - 07:59,PRINCES,HWY,0,Right on the spot,GEEVES,AVE,ROCKDALE,1.0,No,Not a school zone,T-junction,-33.951529,151.138311,Bayside,Sydney metro. area,Syd-Newc-Woll Gtr conurbation,Straight,,,,Unknown / not stated,Sealed,Dry,Overcast,Daylight,On,No traffic controls,60 km/h,State,30,Rear end,301,Same - Rear end,,Rear end,Car (sedan/hatch),4 wheel drive / SUV,2,0,0,1,0,10,October,Spring,Wednesday,06:00 - 07:59,AM peak / school commute,True,False,True,True
1365559,Injury,Serious Injury,2024,2024,October,Wednesday,16:00 - 17:59,PACIFIC,HWY,500,North,OCEAN DRIVE,TO,KEW,10.0,No,Not a school zone,Divided road,-31.626234,152.725737,Port Macquarie-Hastings,Country non-urban,Rest of NSW - Rural,Straight,,,,Unknown / not stated,Sealed,Wet,Raining,Daylight,Nil,No traffic controls,110 km/h,State,30,Rear end,301,Same - Rear end,,Rear end,Car (sedan/hatch),4 wheel drive / SUV,3,0,1,0,1,10,October,Spring,Wednesday,16:00 - 17:59,PM peak / evening commute,True,False,True,True
1365560,Injury,Moderate Injury,2024,2024,October,Friday,16:00 - 17:59,WYONG,RD,0,Right on the spot,BUNDEENA,RD,GLENNING VALLEY,335.0,No,Not a school zone,Roundabout,-33.336158,151.430811,Central Coast,Country urban,Syd-Newc-Woll Gtr conurbation,Straight,,,,Unknown / not stated,Sealed,Dry,Fine,Daylight,Nil,Give way sign,70 km/h,State,21,Right through,202,Opp - Right-thru,,Other angle,Car (sedan/hatch),Light truck utility(from 2018),2,0,0,1,0,10,October,Spring,Friday,16:00 - 17:59,PM peak / evening commute,True,False,True,True