crash_id,degree_of_crash,degree_of_crash_-_detailed,reporting_year,year_of_crash,month_of_crash,day_of_week_of_crash,two-hour_intervals,street_of_crash,street_type,distance,direction,identifying_feature,identifying_feature_type,town,route_no.,school_zone_location,school_zone_active,type_of_location,latitude,longitude,lga,urbanisation,conurbation_1,alignment,primary_permanent_feature,primary_temporary_feature,primary_hazardous_feature,street_lighting,road_surface,surface_condition,weather,natural_lighting,signals_operation,other_traffic_control,speed_limit,road_classification_(admin),rum_-_code,rum_-_description,dca_-_code,dca_-_description,dca_supplement,first_impact_type,key_tu_type,other_tu_type,no._of_traffic_units_involved,no._killed,no._seriously_injured,no._moderately_injured,no._minor-other_injured,month_num,month_label,season,day_label,time_label,time_band,is_peak_commute,is_fatal,is_injury,is_casualty
1365561,Injury,Minor/Other Injury,2024,2024,September,Sunday,12:00 - 13:59,PRINCES,HWY,0,Right on the spot,MOSS,ST,NOWRA,1.0,No,Not a school zone,X-intersection,-34.872224,150.605745,Shoalhaven,Country urban,Rest of NSW - Urban,Straight,,,,Off,Sealed,Dry,Fine,Daylight,On,Ped crossing,70 km/h,State,32,Right rear,303,Same - Rear right,,Rear end,4 wheel drive / SUV,Car (sedan/hatch),2,0,0,0,1,9,September,Spring,Sunday,12:00 - 13:59,Midday / afternoon,False,False,True,True
1365562,Injury,Serious Injury,2024,2024,June,Tuesday,10:00 - 11:59,HUME,HWY,2000,South,CAMDEN VALLEY WAY,TO,BARDIA,2.0,No,Not a school zone,Dual freeway,-33.979261,150.867497,Campbelltown,Sydney metro. area,Syd-Newc-Woll Gtr conurbation,Curved,,,,Off,Sealed,Dry,Fine,Daylight,Nil,No traffic controls,110 km/h,State,35,Lane change left,307,Same - Lane change left,,Other angle,B-double (road train prior 98),Car (sedan/hatch),2,0,1,0,0,6,June,Winter,Tuesday,10:00 - 11:59,Midday / afternoon,False,False,True,True
1365563,Injury,Moderate Injury,2024,2024,October,Wednesday,06:00 - 07:59,GYMEA BAY,RD,20,South,CASUARINA,RD,GYMEA BAY,,No,Not a school zone,2-way undivided,-34.051901,151.088248,Sutherland,Sydney metro. area,Syd-Newc-Woll Gtr conurbation,Straight,,,,Unknown / not stated,Sealed,Dry,Fine,Daylight,Nil,No traffic controls,50 km/h,Local,20,Head on,201,Opp - Head on,,Head-on,Car (sedan/hatch),Car (sedan/hatch),3,0,0,1,0,10,October,Spring,Wednesday,06:00 - 07:59,AM peak / school commute,True,False,True,True
1365564,Injury,Minor/Other Injury,2024,2024,October,Saturday,08:00 - 09:59,NEWCASTLE,EXP,500,North,PACIFIC HIGHWAY,TO,MOONEY MOONEY,6003.0,No,Not a school zone,Dual freeway,-33.526549,151.19751,Central Coast,Country non-urban,Syd-Newc-Woll Gtr conurbation,Curved,,,,Unknown / not stated,Sealed,Dry,Fine,Daylight,Nil,No traffic controls,110 km/h,State,30,Rear end,301,Same - Rear end,,Rear end,Car (sedan/hatch),Light truck utility(from 2018),2,0,0,0,1,10,October,Spring,Saturday,08:00 - 09:59,AM peak / school commute,True,False,True,True
1365565,Injury,Moderate Injury,2024,2024,September,Sunday,22:00 - Midnight,TAREN POINT,RD,0,Right on the spot,THE BOULEVARDE,MS,CARINGBAH,199.0,Yes,No,X-intersection,-34.031801,151.11932,Sutherland,Sydney metro. area,Syd-Newc-Woll Gtr conurbation,Straight,,,,Unknown / not stated,Sealed,Dry,Fine,Darkness,On,No traffic controls,70 km/h,State,10,Cross traffic,101,Adj - Cross traffic,,Right angle,Light truck utility(from 2018),4 wheel drive / SUV,2,0,0,1,0,9,September,Spring,Sunday,22:00 - Midnight,Evening / night,False,False,True,True
1365566,Injury,Moderate Injury,2024,2024,October,Sunday,14:00 - 15:59,ALFRED,ST,0,Right on the spot,NUMBER 103-105,HN,SANS SOUCI,,No,Not a school zone,Divided road,-33.986714,151.14521,Bayside,Sydney metro. area,Syd-Newc-Woll Gtr conurbation,Straight,,,,Unknown / not stated,Sealed,Dry,Fine,Daylight,Nil,No traffic controls,50 km/h,Local,33,Lane sideswipe,305,Same - Lane side swipe,,Other angle,Motor scooter,Light truck utility(from 2018),2,0,0,1,0,10,October,Spring,Sunday,14:00 - 15:59,Midday / afternoon,False,False,True,True
1365571,Injury,Minor/Other Injury,2024,2024,September,Monday,12:00 - 13:59,DARLINGTON,DR,0,Right on the spot,SEXTON HILL DRIVE,TO,BANORA POINT,,No,Not a school zone,Divided road,-28.21183,153.54375,Tweed,Country urban,Rest of NSW - Urban,Straight,,,,Unknown / not stated,Sealed,Dry,Fine,Daylight,Nil,No traffic controls,60 km/h,Local,45,Reversing,404,Manov - Reverse in traffic,,Other angle,Light truck utility(from 2018),Car (sedan/hatch),2,0,0,0,1,9,September,Spring,Monday,12:00 - 13:59,Midday / afternoon,False,False,True,True
1365573,Injury,Moderate Injury,2024,2024,October,Friday,14:00 - 15:59,PACIFIC,HWY,0,Right on the spot,JOHNS,RD,WYONG,10.0,No,Not a school zone,Roundabout,-33.271019,151.453086,Central Coast,Country urban,Syd-Newc-Woll Gtr conurbation,Curved,,,,Unknown / not stated,Sealed,Dry,Fine,Daylight,Nil,Give way sign,70 km/h,State,81,Off left/rt bnd=>obj,803,Off right bend into obj,Left,Vehicle - Object,Car (sedan/hatch),,1,0,0,1,0,10,October,Spring,Friday,14:00 - 15:59,Midday / afternoon,False,False,True,True
1365574,Injury,Moderate Injury,2024,2024,October,Wednesday,12:00 - 13:59,CENTRAL COAST,HWY,100,West,CURRINGA,RD,KARIONG,30.0,No,Not a school zone,Divided road,-33.433272,151.29585,Central Coast,Country urban,Syd-Newc-Woll Gtr conurbation,Straight,,,,Unknown / not stated,Sealed,Dry,Fine,Daylight,Nil,No traffic controls,60 km/h,State,30,Rear end,301,Same - Rear end,,Rear end,Car (sedan/hatch),Large rigid,3,0,0,2,0,10,October,Spring,Wednesday,12:00 - 13:59,Midday / afternoon,False,False,True,True
1365576,Injury,Minor/Other Injury,2024,2024,October,Sunday,08:00 - 09:59,INDUSTRIAL,DR,0,Right on the spot,VINE,ST,MAYFIELD,316.0,No,Not a school zone,T-junction,-32.890816,151.740706,Newcastle,Newcastle met. area,Syd-Newc-Woll Gtr conurbation,Curved,,,,Unknown / not stated,Sealed,Wet,Overcast,Daylight,On,No traffic controls,80 km/h,State,30,Rear end,301,Same - Rear end,,Rear end,4 wheel drive / SUV,Car (sedan/hatch),3,0,0,0,1,10,October,Spring,Sunday,08:00 - 09:59,AM peak / school commute,True,False,True,True
1365578,Injury,Moderate Injury,2024,2024,September,Wednesday,20:00 - 21:59,PRINCES,HWY,0,Right on the spot,TERRY,ST,ARNCLIFFE,1.0,No,Not a school zone,X-intersection,-33.942142,151.144496,Bayside,Sydney metro. area,Syd-Newc-Woll Gtr conurbation,Straight,,,,On,Sealed,Dry,Fine,Darkness,Nil,Give way sign,60 km/h,State,21,Right through,202,Opp - Right-thru,,Other angle,Car (sedan/hatch),Car (sedan/hatch),3,0,0,1,0,9,September,Spring,Wednesday,20:00 - 21:59,Evening / night,False,False,True,True
1365579,Injury,Minor/Other Injury,2024,2024,October,Wednesday,12:00 - 13:59,JERRANG,AVE,0,Right on the spot,ORANA,AVE,COOMA,,No,Not a school zone,T-junction,-36.212358,149.129772,Snowy Monaro Regional,Country urban,Rest of NSW - Urban,Straight,,,,Unknown / not stated,Sealed,Dry,Fine,Daylight,Nil,Give way sign,50 km/h,Local,13,Right near,104,Adj - Right-thru from right,,Right angle,4 wheel drive / SUV,Light truck utility(from 2018),2,0,0,0,1,10,October,Spring,Wednesday,12:00 - 13:59,Midday / afternoon,False,False,True,True
1365581,Injury,Moderate Injury,2024,2024,September,Friday,10:00 - 11:59,CABRAMATTA,RD,100,West,CUMBERLAND,HWY,CABRAMATTA WEST,534.0,No,Not a school zone,2-way undivided,-33.899272,150.918047,Fairfield,Sydney metro. area,Syd-Newc-Woll Gtr conurbation,Curved,,,,Unknown / not stated,Sealed,Dry,Fine,Daylight,Nil,No traffic controls,60 km/h,State,30,Rear end,301,Same - Rear end,,Rear end,Car (sedan/hatch),Light truck utility(from 2018),2,0,0,1,0,9,September,Spring,Friday,10:00 - 11:59,Midday / afternoon,False,False,True,True
1365582,Injury,Moderate Injury,2024,2024,October,Friday,16:00 - 17:59,KALINGA,ST,0,Right on the spot,RIVERVIEW,AVE,WEST BALLINA,,No,Not a school zone,X-intersection,-28.864654,153.535289,Ballina,Country urban,Rest of NSW - Urban,Straight,,,,Unknown / not stated,Sealed,Dry,Fine,Dusk,Nil,Give way sign,50 km/h,Local,32,Right rear,303,Same - Rear right,,Rear end,Car (sedan/hatch),Car (sedan/hatch),2,0,0,1,0,10,October,Spring,Friday,16:00 - 17:59,PM peak / evening commute,True,False,True,True
1365585,Injury,Minor/Other Injury,2024,2024,June,Sunday,10:00 - 11:59,POLDING,ST,0,Right on the spot,KING,RD,PRAIRIEWOOD,7222.0,No,Not a school zone,X-intersection,-33.858883,150.916357,Fairfield,Sydney metro. area,Syd-Newc-Woll Gtr conurbation,Curved,Steep grade,,,Unknown / not stated,Sealed,Dry,Fine,Daylight,On,No traffic controls,60 km/h,Regional,10,Cross traffic,101,Adj - Cross traffic,,Right angle,Car (sedan/hatch),4 wheel drive / SUV,2,0,0,0,1,6,June,Winter,Sunday,10:00 - 11:59,Midday / afternoon,False,False,True,True
1365590,Injury,Minor/Other Injury,2024,2024,October,Friday,10:00 - 11:59,PRINCES,HWY,150,North,TOWRADGI,RD,TOWRADGI,1.0,No,Not a school zone,Divided road,-34.382174,150.900359,Wollongong,Wollongong met. area,Syd-Newc-Woll Gtr conurbation,Straight,,,,Unknown / not stated,Sealed,Dry,Fine,Daylight,Nil,No traffic controls,80 km/h,State,30,Rear end,301,Same - Rear end,,Rear end,Car (sedan/hatch),4 wheel drive / SUV,3,0,0,0,1,10,October,Spring,Friday,10:00 - 11:59,Midday / afternoon,False,False,True,True
1365594,Injury,Minor/Other Injury,2024,2024,October,Thursday,14:00 - 15:59,BURNS BAY,RD,0,Right on the spot,PENROSE,ST,LANE COVE WEST,166.0,No,Not a school zone,X-intersection,-33.816848,151.151525,Lane Cove,Sydney metro. area,Syd-Newc-Woll Gtr conurbation,Straight,,,,Unknown / not stated,Sealed,Dry,Fine,Daylight,On,No traffic controls,60 km/h,State,30,Rear end,301,Same - Rear end,,Rear end,Light truck,4 wheel drive / SUV,2,0,0,0,1,10,October,Spring,Thursday,14:00 - 15:59,Midday / afternoon,False,False,True,True
1365596,Injury,Serious Injury,2024,2024,October,Friday,12:00 - 13:59,SOUTH DOWLING,ST,11,South,DANKS,ST,WATERLOO,593.0,No,Not a school zone,Divided road,-33.898476,151.215425,Sydney,Sydney metro. area,Syd-Newc-Woll Gtr conurbation,Straight,,,,Unknown / not stated,Sealed,Dry,Overcast,Daylight,Nil,No traffic controls,60 km/h,State,30,Rear end,301,Same - Rear end,,Rear end,Car (sedan/hatch),4 wheel drive / SUV,3,0,1,0,0,10,October,Spring,Friday,12:00 - 13:59,Midday / afternoon,False,False,True,True
1365597,Injury,Minor/Other Injury,2024,2024,October,Wednesday,08:00 - 09:59,CARAMAR,ST,0,Right on the spot,WOODSTOCK,AVE,WHALAN,,No,Not a school zone,T-junction,-33.751395,150.812964,Blacktown,Sydney metro. area,Syd-Newc-Woll Gtr conurbation,Straight,,,,Unknown / not stated,Sealed,Dry,Fine,Daylight,Nil,No traffic controls,60 km/h,Local,32,Right rear,303,Same - Rear right,,Rear end,4 wheel drive / SUV,Car (sedan/hatch),2,0,0,0,1,10,October,Spring,Wednesday,08:00 - 09:59,AM peak / school commute,True,False,True,True
1365601,Injury,Serious Injury,2024,2024,October,Friday,10:00 - 11:59,CAMP CREEK,RD,0,Right on the spot,LOWANNA,RD,LOWANNA,,No,Not a school zone,T-junction,-30.201551,152.894576,Coffs Harbour,Country non-urban,Rest of NSW - Rural,Curved,Ditch/drain/culvert,,,Unknown / not stated,Sealed,Dry,Fine,Daylight,Nil,No traffic controls,100 km/h,Local,81,Off left/rt bnd=>obj,707,Right turn,Left,Vehicle - Object,4 wheel drive / SUV,,1,0,1,0,0,10,October,Spring,Friday,10:00 - 11:59,Midday / afternoon,False,False,True,True
1365607,Injury,Minor/Other Injury,2024,2024,October,Tuesday,18:00 - 19:59,BORONIA,RD,0,Right on the spot,NOBLE,AVE,GREENACRE,636.0,No,Not a school zone,X-intersection,-33.906142,151.052538,Canterbury-Bankstown,Sydney metro. area,Syd-Newc-Woll Gtr conurbation,Straight,,,,Unknown / not stated,Sealed,Dry,Fine,Dusk,On,No traffic controls,60 km/h,State,21,Right through,202,Opp - Right-thru,,Other angle,Car (sedan/hatch),Car (sedan/hatch),2,0,0,0,1,10,October,Spring,Tuesday,18:00 - 19:59,PM peak / evening commute,True,False,True,True
1365608,Injury,Moderate Injury,2024,2024,August,Thursday,14:00 - 15:59,WOODBURN,RD,200,East,CRAWFORD,ST,BERALA,,No,Not a school zone,2-way undivided,-33.871086,151.032774,Cumberland,Sydney metro. area,Syd-Newc-Woll Gtr conurbation,Straight,Driveway/entrance,,,Unknown / not stated,Sealed,Dry,Fine,Daylight,Nil,No traffic controls,50 km/h,Local,47,Emerging from drive,406,Manov - Emerging from driveway,,Right angle,Car (sedan/hatch),Car (sedan/hatch),2,0,0,1,0,8,August,Winter,Thursday,14:00 - 15:59,Midday / afternoon,False,False,True,True
1365613,Injury,Minor/Other Injury,2024,2024,October,Wednesday,06:00 - 07:59,WOLLOMBI,RD,0,Right on the spot,TANNANT,AVE,RUTHERFORD,,No,Not a school zone,X-intersection,-32.723361,151.526159,Maitland,Country urban,Rest of NSW - Urban,Straight,,,,Unknown / not stated,Sealed,Dry,Fine,Daylight,Nil,Give way sign,60 km/h,Local,21,Right through,202,Opp - Right-thru,,Other angle,Station wagon,Utility,2,0,0,0,1,10,October,Spring,Wednesday,06:00 - 07:59,AM peak / school commute,True,False,True,True
1365615,Injury,Minor/Other Injury,2024,2024,October,Tuesday,08:00 - 09:59,MACQUARIE,DR,0,Right on the spot,TINGIRA,DR,CROUDACE BAY,527.0,No,Not a school zone,T-junction,-33.002852,151.643268,Lake Macquarie,Newcastle met. area,Syd-Newc-Woll Gtr conurbation,Straight,,,,Unknown / not stated,Sealed,Dry,Fine,Daylight,Nil,Give way sign,70 km/h,State,31,Left rear,302,Same - Rear left,,Rear end,4 wheel drive / SUV,Car (sedan/hatch),2,0,0,0,1,10,October,Spring,Tuesday,08:00 - 09:59,AM peak / school commute,True,False,True,True
1365617,Injury,Minor/Other Injury,2024,2024,October,Saturday,12:00 - 13:59,RIVER,AVE,0,Right on the spot,MANDARIN,ST,FAIRFIELD EAST,7102.0,No,Not a school zone,T-junction,-33.880574,150.975386,Fairfield,Sydney metro. area,Syd-Newc-Woll Gtr conurbation,Straight,,,,Unknown / not stated,Sealed,Dry,Fine,Daylight,Nil,No traffic controls,60 km/h,Regional,14,2 right turning,105,Adj - Two right turning,,Right angle,Car (sedan/hatch),Car (sedan/hatch),2,0,0,0,1,10,October,Spring,Saturday,12:00 - 13:59,Midday / afternoon,False,False,True,True
1365619,Injury,Minor/Other Injury,2024,2024,October,Tuesday,18:00 - 19:59,PACIFIC,HWY,0,Right on the spot,HINTERLAND,WAY,KNOCKROW,10.0,No,Not a school zone,T-junction,-28.774142,153.530923,Ballina,Country urban,Rest of NSW - Urban,Curved,Steep grade,,,Unknown / not stated,Sealed,Dry,Fine,Daylight,Nil,Stop sign,60 km/h,State,13,Right near,104,Adj - Right-thru from right,,Right angle,4 wheel drive / SUV,4 wheel drive / SUV,2,0,0,0,1,10,October,Spring,Tuesday,18:00 - 19:59,PM peak / evening commute,True,False,True,True
1365624,Injury,Moderate Injury,2024,2024,October,Saturday,14:00 - 15:59,ALBANY,ST,0,Right on the spot,WILLOUGHBY,RD,CROWS NEST,,No,Not a school zone,X-intersection,-33.823843,151.200917,North Sydney,Sydney metro. area,Syd-Newc-Woll Gtr conurbation,Straight,,,,Unknown / not stated,Sealed,Dry,Fine,Daylight,On,No traffic controls,50 km/h,Local,81,Off left/rt bnd=>obj,707,Right turn,Left,Vehicle - Object,4 wheel drive / SUV,,1,0,0,1,0,10,October,Spring,Saturday,14:00 - 15:59,Midday / afternoon,False,False,True,True
1365625,Injury,Minor/Other Injury,2024,2024,October,Monday,06:00 - 07:59,HUME,HWY,0,Right on the spot,HOLLYWOOD,DR,CABRAMATTA,2.0,No,Not a school zone,X-intersection,-33.894451,150.957665,Fairfield,Sydney metro. area,Syd-Newc-Woll Gtr conurbation,Straight,,,,Unknown / not stated,Sealed,Dry,Fine,Daylight,On,No traffic controls,70 km/h,State,30,Rear end,301,Same - Rear end,,Rear end,Light truck,4 wheel drive / SUV,2,0,0,0,1,10,October,Spring,Monday,06:00 - 07:59,AM peak / school commute,True,False,True,True
1365626,Injury,Minor/Other Injury,2024,2024,June,Friday,10:00 - 11:59,MILLER,RD,130,North,MCCANNS,RD,WAKEFIELD,,No,Not a school zone,2-way undivided,-32.967002,151.559843,Lake Macquarie,Newcastle met. area,Syd-Newc-Woll Gtr conurbation,Curved,Steep grade,,,Unknown / not stated,Sealed,Wet,Raining,Daylight,Nil,No traffic controls,80 km/h,Local,88,Out of cont on bend,805,Out of control on bend,,Rollover,Light truck utility(from 2018),,1,0,0,0,1,6,June,Winter,Friday,10:00 - 11:59,Midday / afternoon,False,False,True,True
1365627,Injury,Moderate Injury,2024,2024,October,Tuesday,14:00 - 15:59,HENDERSON,RD,0,Right on the spot,MITCHELL,RD,EVELEIGH,2005.0,No,Not a school zone,X-intersection,-33.897629,151.195544,Sydney,Sydney metro. area,Syd-Newc-Woll Gtr conurbation,Curved,,,,Unknown / not stated,Sealed,Dry,Fine,Daylight,On,No traffic controls,50 km/h,Regional,10,Cross traffic,101,Adj - Cross traffic,,Right angle,Car (sedan/hatch),Car (sedan/hatch),2,0,0,1,0,10,October,Spring,Tuesday,14:00 - 15:59,Midday / afternoon,False,False,True,True
1365630,Injury,Moderate Injury,2024,2024,October,Saturday,02:00 - 03:59,BACK BERRIGAN,RD,0,Right on the spot,NUMBER 248,HN,OAKLANDS,323.0,No,Not a school zone,2-way undivided,-35.52799,146.066609,Federation,Country non-urban,Rest of NSW - Rural,Straight,Ditch/drain/culvert,,,Unknown / not stated,Sealed,Dry,Fine,Darkness,Nil,No traffic controls,100 km/h,Regional,73,Off rd rght => obj,704,Right off cway into obj,,Vehicle - Object,Car (sedan/hatch),,1,0,0,1,0,10,October,Spring,Saturday,02:00 - 03:59,Late night / early morning,False,False,True,True
1365631,Injury,Minor/Other Injury,2024,2024,June,Friday,12:00 - 13:59,PARK,ST,10,North,WARLTERS,ST,PORT MACQUARIE,,No,Not a school zone,T-junction,-31.430128,152.899928,Port Macquarie-Hastings,Country urban,Rest of NSW - Urban,Curved,,,,Unknown / not stated,Sealed,Dry,Fine,Daylight,On,No traffic controls,50 km/h,Local,30,Rear end,301,Same - Rear end,,Rear end,Car (sedan/hatch),Car (sedan/hatch),3,0,0,0,1,6,June,Winter,Friday,12:00 - 13:59,Midday / afternoon,False,False,True,True
1365632,Injury,Minor/Other Injury,2024,2024,October,Tuesday,08:00 - 09:59,JERSEY,RD,0,Right on the spot,BUNTING,ST,EMERTON,7163.0,No,Not a school zone,T-junction,-33.742916,150.808267,Blacktown,Sydney metro. area,Syd-Newc-Woll Gtr conurbation,Straight,,,,Unknown / not stated,Sealed,Dry,Fine,Daylight,Nil,Give way sign,60 km/h,Regional,21,Right through,202,Opp - Right-thru,,Other angle,Light truck utility(from 2018),4 wheel drive / SUV,2,0,0,0,1,10,October,Spring,Tuesday,08:00 - 09:59,AM peak / school commute,True,False,True,True
1365637,Injury,Serious Injury,2024,2024,October,Thursday,16:00 - 17:59,JERSEY,RD,0,Right on the spot,POPONDETTA,RD,DHARRUK,7163.0,No,Not a school zone,Roundabout,-33.743079,150.810839,Blacktown,Sydney metro. area,Syd-Newc-Woll Gtr conurbation,Straight,,,,Unknown / not stated,Sealed,Dry,Overcast,Unknown,Nil,Give way sign,60 km/h,Regional,30,Rear end,301,Same - Rear end,,Rear end,Light truck utility(from 2018),Car (sedan/hatch),2,0,1,0,0,10,October,Spring,Thursday,16:00 - 17:59,PM peak / evening commute,True,False,True,True
1365639,Injury,Moderate Injury,2024,2024,October,Tuesday,18:00 - 19:59,MARCO,AVE,0,Right on the spot,NUMBER 80,HN,REVESBY,,No,Not a school zone,2-way undivided,-33.952073,151.011059,Canterbury-Bankstown,Sydney metro. area,Syd-Newc-Woll Gtr conurbation,Straight,,,,Unknown / not stated,Sealed,Dry,Fine,Dusk,Nil,No traffic controls,50 km/h,Local,40,U turn,304,Same - U-turn,,Other angle,Car (sedan/hatch),Passenger van,2,0,0,1,0,10,October,Spring,Tuesday,18:00 - 19:59,PM peak / evening commute,True,False,True,True
1365640,Injury,Minor/Other Injury,2024,2024,October,Tuesday,08:00 - 09:59,YARRARA,RD,0,Right on the spot,PRITCHARD,ST,PENNANT HILLS,7243.0,No,Not a school zone,T-junction,-33.73318,151.076579,Hornsby,Sydney metro. area,Syd-Newc-Woll Gtr conurbation,Straight,,,,Unknown / not stated,Sealed,Dry,Fine,Daylight,Nil,No traffic controls,50 km/h,Regional,10,Cross traffic,101,Adj - Cross traffic,,Right angle,Car (sedan/hatch),Passenger van,2,0,0,0,1,10,October,Spring,Tuesday,08:00 - 09:59,AM peak / school commute,True,False,True,True
1365644,Injury,Moderate Injury,2024,2024,October,Wednesday,20:00 - 21:59,BOUNDARY,ST,70,East,PACIFIC,HWY,ROSEVILLE,328.0,No,Not a school zone,Divided road,-33.787262,151.179791,Ku-ring-gai,Sydney metro. area,Syd-Newc-Woll Gtr conurbation,Straight,Driveway/entrance,,,Unknown / not stated,Sealed,Dry,Fine,Darkness,Nil,No traffic controls,60 km/h,State,47,Emerging from drive,406,Manov - Emerging from driveway,,Right angle,Car (sedan/hatch),Pedal cycle,2,0,0,1,0,10,October,Spring,Wednesday,20:00 - 21:59,Evening / night,False,False,True,True
1365647,Injury,Serious Injury,2024,2024,October,Thursday,16:00 - 17:59,AURORA,DR,80,North,ADARE,PL,TREGEAR,,No,Not a school zone,2-way undivided,-33.746836,150.796139,Blacktown,Sydney metro. area,Syd-Newc-Woll Gtr conurbation,Straight,,,,Unknown / not stated,Sealed,Dry,Overcast,Daylight,Nil,No traffic controls,50 km/h,Local,71,Off rd left => obj,703,Left off cway into object,,Other angle,Car (sedan/hatch),4 wheel drive / SUV,2,0,1,0,0,10,October,Spring,Thursday,16:00 - 17:59,PM peak / evening commute,True,False,True,True
1365654,Injury,Minor/Other Injury,2024,2024,October,Wednesday,08:00 - 09:59,LILY,ST,0,Right on the spot,NUMBER 117,HN,WETHERILL PARK,,Yes,No,2-way undivided,-33.852734,150.905262,Fairfield,Sydney metro. area,Syd-Newc-Woll Gtr conurbation,Straight,,,,Unknown / not stated,Sealed,Dry,Fine,Daylight,Nil,No traffic controls,50 km/h,Local,42,Leaving parking,401,Manov - Leaving parking,,Other angle,Car (sedan/hatch),4 wheel drive / SUV,2,0,0,0,1,10,October,Spring,Wednesday,08:00 - 09:59,AM peak / school commute,True,False,True,True
1365656,Injury,Minor/Other Injury,2024,2024,October,Friday,10:00 - 11:59,CENTENARY,DR,1626,South,ARTHUR,ST,STRATHFIELD,200.0,No,Not a school zone,Divided road,-33.881821,151.069144,Strathfield,Sydney metro. area,Syd-Newc-Woll Gtr conurbation,Straight,,,,Unknown / not stated,Sealed,Dry,Fine,Daylight,Nil,No traffic controls,70 km/h,State,39,Other same direction,300,Same - other,,Other angle,Semi-trailer,Light truck,2,0,0,0,1,10,October,Spring,Friday,10:00 - 11:59,Midday / afternoon,False,False,True,True
1365658,Injury,Moderate Injury,2024,2024,September,Friday,06:00 - 07:59,HUME,HWY,9000,North,PICTON ROAD,OP,DOUGLAS PARK,2.0,No,Not a school zone,Dual freeway,-34.170326,150.733739,Wollondilly,Country non-urban,Syd-Newc-Woll Gtr conurbation,Curved,,,,Unknown / not stated,Sealed,Dry,Fine,Daylight,Nil,No traffic controls,110 km/h,State,87,Off lft/lft bnd=>obj,804,Off left bend into obj,Left,Vehicle - Object,4 wheel drive / SUV,,1,0,0,1,0,9,September,Spring,Friday,06:00 - 07:59,AM peak / school commute,True,False,True,True
1365662,Injury,Moderate Injury,2024,2024,October,Monday,18:00 - 19:59,FAIRVIEW,AVE,73,East,BEETHOVEN,ST,ENGADINE,,No,Not a school zone,2-way undivided,-34.070364,151.001103,Sutherland,Sydney metro. area,Syd-Newc-Woll Gtr conurbation,Curved,,,,Unknown / not stated,Sealed,Dry,Fine,Dusk,Nil,No traffic controls,50 km/h,Local,81,Off left/rt bnd=>obj,803,Off right bend into obj,Left,Other angle,Car (sedan/hatch),Other small trailer,2,0,0,1,0,10,October,Spring,Monday,18:00 - 19:59,PM peak / evening commute,True,False,True,True
1365663,Injury,Moderate Injury,2024,2024,October,Saturday,18:00 - 19:59,MILITARY,RD,0,Right on the spot,NEWMAN,ST,MERRYLANDS,,No,Not a school zone,Roundabout,-33.838644,150.990491,Cumberland,Sydney metro. area,Syd-Newc-Woll Gtr conurbation,Curved,,,,Unknown / not stated,Sealed,Dry,Fine,Dusk,Nil,Give way sign,40 km/h,Local,10,Cross traffic,101,Adj - Cross traffic,,Right angle,Unknown motor vehicle,Pedal cycle,2,0,0,1,0,10,October,Spring,Saturday,18:00 - 19:59,PM peak / evening commute,True,False,True,True
1365665,Injury,Serious Injury,2024,2024,October,Thursday,16:00 - 17:59,FERRERS,RD,1389,South,PETER BROCK,DR,EASTERN CREEK,7153.0,No,Not a school zone,2-way undivided,-33.809905,150.866181,Blacktown,Sydney metro. area,Syd-Newc-Woll Gtr conurbation,Curved,,,,Unknown / not stated,Sealed,Dry,Fine,Daylight,Nil,No traffic controls,60 km/h,Regional,20,Head on,201,Opp - Head on,,Head-on,Car (sedan/hatch),Car (sedan/hatch),3,0,1,0,0,10,October,Spring,Thursday,16:00 - 17:59,PM peak / evening commute,True,False,True,True
1365671,Injury,Minor/Other Injury,2024,2024,September,Thursday,16:00 - 17:59,HUME,HWY,0,Right on the spot,ASHCROFT,AVE,CASULA,2.0,No,Not a school zone,T-junction,-33.942228,150.91178,Liverpool,Sydney metro. area,Syd-Newc-Woll Gtr conurbation,Straight,,,,Unknown / not stated,Sealed,Dry,Fine,Daylight,Nil,Give way sign,70 km/h,State,49,Other manoeuvring,400,Manov - other,,Other angle,Car (sedan/hatch),Unknown motor vehicle,2,0,0,0,1,9,September,Spring,Thursday,16:00 - 17:59,PM peak / evening commute,True,False,True,True
1365673,Injury,Minor/Other Injury,2024,2024,October,Wednesday,22:00 - Midnight,OLD WINDSOR,RD,0,Right on the spot,BALMORAL,RD,BELLA VISTA,635.0,No,Not a school zone,X-intersection,-33.725286,150.940078,The Hills,Sydney metro. area,Syd-Newc-Woll Gtr conurbation,Straight,Crest,,,Unknown / not stated,Sealed,Wet,Overcast,Darkness,On,No traffic controls,80 km/h,State,32,Right rear,303,Same - Rear right,,Rear end,4 wheel drive / SUV,Car (sedan/hatch),2,0,0,0,1,10,October,Spring,Wednesday,22:00 - Midnight,Evening / night,False,False,True,True
1365679,Injury,Minor/Other Injury,2024,2024,October,Tuesday,06:00 - 07:59,MONA VALE,RD,0,Right on the spot,BROMLEY,AVE,PYMBLE,162.0,No,Not a school zone,T-junction,-33.744603,151.150159,Ku-ring-gai,Sydney metro. area,Syd-Newc-Woll Gtr conurbation,Straight,,,,Unknown / not stated,Sealed,Dry,Fine,Daylight,Nil,No traffic controls,70 km/h,State,30,Rear end,301,Same - Rear end,,Rear end,Car (sedan/hatch),Car (sedan/hatch),2,0,0,0,1,10,October,Spring,Tuesday,06:00 - 07:59,AM peak / school commute,True,False,True,True