crash_id,degree_of_crash,degree_of_crash_-_detailed,reporting_year,year_of_crash,month_of_crash,day_of_week_of_crash,two-hour_intervals,street_of_crash,street_type,distance,direction,identifying_feature,identifying_feature_type,town,route_no.,school_zone_location,school_zone_active,type_of_location,latitude,longitude,lga,urbanisation,conurbation_1,alignment,primary_permanent_feature,primary_temporary_feature,primary_hazardous_feature,street_lighting,road_surface,surface_condition,weather,natural_lighting,signals_operation,other_traffic_control,speed_limit,road_classification_(admin),rum_-_code,rum_-_description,dca_-_code,dca_-_description,dca_supplement,first_impact_type,key_tu_type,other_tu_type,no._of_traffic_units_involved,no._killed,no._seriously_injured,no._moderately_injured,no._minor-other_injured,month_num,month_label,season,day_label,time_label,time_band,is_peak_commute,is_fatal,is_injury,is_casualty
1365680,Injury,Minor/Other Injury,2024,2024,October,Friday,18:00 - 19:59,WINDSOR,RD,0,Right on the spot,THE VILLAGE SHOPPING CENTRE,ENT,NORTHMEAD,184.0,Yes,No,Divided road,-33.79272,150.999003,Parramatta,Sydney metro. area,Syd-Newc-Woll Gtr conurbation,Straight,Driveway/entrance,,,Unknown / not stated,Sealed,Wet,Raining,Dusk,On,No traffic controls,60 km/h,State,21,Right through,202,Opp - Right-thru,,Other angle,4 wheel drive / SUV,Car (sedan/hatch),2,0,0,0,1,10,October,Spring,Friday,18:00 - 19:59,PM peak / evening commute,True,False,True,True
1365681,Injury,Minor/Other Injury,2024,2024,August,Thursday,18:00 - 19:59,CROYDON,RD,0,Right on the spot,QUEENS,RD,HURSTVILLE,168.0,No,Not a school zone,T-junction,-33.959078,151.110126,Georges River,Sydney metro. area,Syd-Newc-Woll Gtr conurbation,Straight,,,,Unknown / not stated,Sealed,Dry,Fine,Daylight,On,No traffic controls,60 km/h,State,21,Right through,202,Opp - Right-thru,,Other angle,Car (sedan/hatch),Light truck utility(from 2018),2,0,0,0,1,8,August,Winter,Thursday,18:00 - 19:59,PM peak / evening commute,True,False,True,True
1365686,Injury,Minor/Other Injury,2024,2024,October,Wednesday,06:00 - 07:59,WOODVILLE,RD,0,Right on the spot,HUME HIGHWAY,TO,VILLAWOOD,640.0,No,Not a school zone,Divided road,-33.889005,150.973475,Fairfield,Sydney metro. area,Syd-Newc-Woll Gtr conurbation,Straight,,,,Unknown / not stated,Sealed,Dry,Fine,Daylight,Nil,No traffic controls,60 km/h,State,30,Rear end,301,Same - Rear end,,Rear end,Light truck utility(from 2018),4 wheel drive / SUV,2,0,0,0,1,10,October,Spring,Wednesday,06:00 - 07:59,AM peak / school commute,True,False,True,True
1365687,Injury,Moderate Injury,2024,2024,October,Tuesday,12:00 - 13:59,NEWELL,HWY,0,Right on the spot,MYALL,ST,DUBBO,17.0,No,Not a school zone,X-intersection,-32.239668,148.610243,Dubbo Regional,Country urban,Rest of NSW - Urban,Straight,,,,Unknown / not stated,Sealed,Dry,Fine,Daylight,Nil,Give way sign,50 km/h,State,10,Cross traffic,101,Adj - Cross traffic,,Right angle,Station wagon,Car (sedan/hatch),2,0,0,1,0,10,October,Spring,Tuesday,12:00 - 13:59,Midday / afternoon,False,False,True,True
1365688,Injury,Moderate Injury,2024,2024,October,Thursday,08:00 - 09:59,LUXFORD,RD,0,Right on the spot,AURORA,DR,EMERTON,7161.0,No,Not a school zone,T-junction,-33.750092,150.801818,Blacktown,Sydney metro. area,Syd-Newc-Woll Gtr conurbation,Straight,,,,Unknown / not stated,Sealed,Dry,Fine,Daylight,On,No traffic controls,60 km/h,Regional,14,2 right turning,105,Adj - Two right turning,,Right angle,4 wheel drive / SUV,Car (sedan/hatch),2,0,0,1,0,10,October,Spring,Thursday,08:00 - 09:59,AM peak / school commute,True,False,True,True
1365690,Injury,Minor/Other Injury,2024,2024,September,Wednesday,20:00 - 21:59,BAY,ST,0,Right on the spot,GEORGE,ST,ROCKDALE,169.0,No,Not a school zone,T-junction,-33.953687,151.13948,Bayside,Sydney metro. area,Syd-Newc-Woll Gtr conurbation,Straight,,,,On,Sealed,Dry,Fine,Darkness,On,No traffic controls,60 km/h,State,21,Right through,202,Opp - Right-thru,,Other angle,Car (sedan/hatch),Motorcycle,2,0,0,0,1,9,September,Spring,Wednesday,20:00 - 21:59,Evening / night,False,False,True,True
1365692,Injury,Moderate Injury,2024,2024,October,Thursday,10:00 - 11:59,HENRY PARRY,DR,10,South,TERAMA,PL,GOSFORD,673.0,No,Not a school zone,T-junction,-33.424341,151.344825,Central Coast,Country urban,Syd-Newc-Woll Gtr conurbation,Straight,Steep grade,,,Unknown / not stated,Sealed,Dry,Fine,Daylight,Nil,No traffic controls,60 km/h,State,30,Rear end,301,Same - Rear end,,Rear end,Light truck utility(from 2018),Car (sedan/hatch),2,0,0,1,0,10,October,Spring,Thursday,10:00 - 11:59,Midday / afternoon,False,False,True,True
1365696,Injury,Moderate Injury,2024,2024,October,Thursday,10:00 - 11:59,GENERAL HOLMES,DR,20,South,SOUTH WESTERN EXPRESSWAY,OP,MASCOT,194.0,No,Not a school zone,Divided road,-33.94703,151.167875,Bayside,Sydney metro. area,Syd-Newc-Woll Gtr conurbation,Straight,,,,Unknown / not stated,Sealed,Dry,Fine,Daylight,Nil,No traffic controls,70 km/h,State,30,Rear end,301,Same - Rear end,,Rear end,Car (sedan/hatch),Car (sedan/hatch),2,0,0,1,0,10,October,Spring,Thursday,10:00 - 11:59,Midday / afternoon,False,False,True,True
1365697,Injury,Minor/Other Injury,2024,2024,October,Thursday,16:00 - 17:59,LOWER PUNCH,ST,20,North,MORUBEN,RD,MOSMAN,,No,Not a school zone,2-way undivided,-33.824127,151.244898,Mosman,Sydney metro. area,Syd-Newc-Woll Gtr conurbation,Straight,,,,Unknown / not stated,Sealed,Dry,Fine,Daylight,Nil,No traffic controls,50 km/h,Local,30,Rear end,301,Same - Rear end,,Rear end,Car (sedan/hatch),Car (sedan/hatch),2,0,0,0,1,10,October,Spring,Thursday,16:00 - 17:59,PM peak / evening commute,True,False,True,True
1365698,Injury,Minor/Other Injury,2024,2024,October,Monday,12:00 - 13:59,OXFORD,ST,0,Right on the spot,MOORE PARK,RD,CENTENNIAL PARK,172.0,No,Not a school zone,T-junction,-33.889617,151.233371,Randwick,Sydney metro. area,Syd-Newc-Woll Gtr conurbation,Straight,,,,Unknown / not stated,Sealed,Dry,Fine,Daylight,On,No traffic controls,60 km/h,State,39,Other same direction,300,Same - other,,Other angle,Car (sedan/hatch),Large rigid,2,0,0,0,1,10,October,Spring,Monday,12:00 - 13:59,Midday / afternoon,False,False,True,True
1365699,Injury,Serious Injury,2024,2024,October,Sunday,12:00 - 13:59,QUAKERS,RD,0,Right on the spot,BREAKFAST,RD,MARAYONG,7475.0,No,Not a school zone,T-junction,-33.745203,150.89416,Blacktown,Sydney metro. area,Syd-Newc-Woll Gtr conurbation,Straight,,,,Unknown / not stated,Sealed,Dry,Fine,Daylight,On,No traffic controls,60 km/h,Regional,16,Left near,107,Adj - Left-thru from right,,Right angle,Car (sedan/hatch),4 wheel drive / SUV,2,0,1,0,1,10,October,Spring,Sunday,12:00 - 13:59,Midday / afternoon,False,False,True,True
1365701,Injury,Minor/Other Injury,2024,2024,October,Thursday,16:00 - 17:59,OLD HUME,HWY,0,Right on the spot,ULMARRA,AVE,CAMDEN SOUTH,620.0,No,Not a school zone,T-junction,-34.078742,150.694779,Camden,Sydney metro. area,Syd-Newc-Woll Gtr conurbation,Curved,,,,Unknown / not stated,Sealed,Dry,Overcast,Daylight,Nil,Give way sign,80 km/h,State,30,Rear end,301,Same - Rear end,,Rear end,Car (sedan/hatch),Light truck,2,0,0,0,1,10,October,Spring,Thursday,16:00 - 17:59,PM peak / evening commute,True,False,True,True
1365706,Injury,Minor/Other Injury,2024,2024,October,Thursday,20:00 - 21:59,HUME,HWY,0,Right on the spot,HIGHLAND,AVE,YAGOONA,2.0,No,Not a school zone,T-junction,-33.907399,151.023948,Canterbury-Bankstown,Sydney metro. area,Syd-Newc-Woll Gtr conurbation,Straight,,,,Unknown / not stated,Sealed,Dry,Fine,Darkness,On,No traffic controls,60 km/h,State,30,Rear end,301,Same - Rear end,,Rear end,Car (sedan/hatch),4 wheel drive / SUV,2,0,0,0,1,10,October,Spring,Thursday,20:00 - 21:59,Evening / night,False,False,True,True
1365708,Injury,Minor/Other Injury,2024,2024,September,Friday,10:00 - 11:59,CIVIC,WAY,0,Right on the spot,WHITE HART,DR,ROUSE HILL,,No,Not a school zone,X-intersection,-33.69218,150.926819,The Hills,Sydney metro. area,Syd-Newc-Woll Gtr conurbation,Straight,,,,Unknown / not stated,Sealed,Dry,Fine,Daylight,On,No traffic controls,50 km/h,Local,21,Right through,202,Opp - Right-thru,,Other angle,Car (sedan/hatch),Light truck utility(from 2018),2,0,0,0,1,9,September,Spring,Friday,10:00 - 11:59,Midday / afternoon,False,False,True,True
1365709,Injury,Minor/Other Injury,2024,2024,September,Monday,06:00 - 07:59,RICHMOND,RD,150,North,GARFIELD,RD,MARSDEN PARK,537.0,No,Not a school zone,Divided road,-33.69582,150.829923,Blacktown,Sydney metro. area,Syd-Newc-Woll Gtr conurbation,Straight,,,,Unknown / not stated,Sealed,Dry,Fine,Daylight,Nil,No traffic controls,80 km/h,State,33,Lane sideswipe,305,Same - Lane side swipe,,Other angle,Light truck,Light truck utility(from 2018),3,0,0,0,1,9,September,Spring,Monday,06:00 - 07:59,AM peak / school commute,True,False,True,True
1365710,Injury,Minor/Other Injury,2024,2024,October,Wednesday,12:00 - 13:59,OXLEY,HWY,0,Right on the spot,CARROLL,ST,GUNNEDAH,11.0,No,Not a school zone,X-intersection,-30.98474,150.263948,Gunnedah,Country urban,Rest of NSW - Urban,Straight,,,,Unknown / not stated,Sealed,Dry,Fine,Daylight,Nil,Give way sign,50 km/h,State,10,Cross traffic,101,Adj - Cross traffic,,Right angle,4 wheel drive / SUV,Car (sedan/hatch),2,0,0,0,1,10,October,Spring,Wednesday,12:00 - 13:59,Midday / afternoon,False,False,True,True
1365711,Injury,Minor/Other Injury,2024,2024,October,Sunday,16:00 - 17:59,CARTERS,LANE,0,Right on the spot,ELLIOTTS,RD,FAIRY MEADOW,7642.0,No,Not a school zone,X-intersection,-34.396123,150.900868,Wollongong,Wollongong met. area,Syd-Newc-Woll Gtr conurbation,Straight,,,,Unknown / not stated,Sealed,Dry,Fine,Daylight,On,No traffic controls,60 km/h,Regional,10,Cross traffic,101,Adj - Cross traffic,,Right angle,4 wheel drive / SUV,Car (sedan/hatch),2,0,0,0,1,10,October,Spring,Sunday,16:00 - 17:59,PM peak / evening commute,True,False,True,True
1365713,Injury,Minor/Other Injury,2024,2024,October,Saturday,20:00 - 21:59,CHURCH,ST,0,Right on the spot,MEARES,ST,MUDGEE,,No,Not a school zone,Roundabout,-32.603753,149.586201,Mid-Western Regional,Country urban,Rest of NSW - Urban,Straight,,,,Unknown / not stated,Sealed,Dry,Fine,Darkness,Nil,Give way sign,50 km/h,Local,11,Right far,102,Adj - Right-thru from left,,Right angle,Car (sedan/hatch),Light truck utility(from 2018),2,0,0,0,1,10,October,Spring,Saturday,20:00 - 21:59,Evening / night,False,False,True,True
1365716,Injury,Minor/Other Injury,2024,2024,October,Friday,10:00 - 11:59,PACIFIC,HWY,0,Right on the spot,OLD MAITLAND,RD,HEXHAM,10.0,No,Not a school zone,T-junction,-32.827965,151.684232,Newcastle,Newcastle met. area,Syd-Newc-Woll Gtr conurbation,Straight,,,,Unknown / not stated,Sealed,Dry,Fine,Daylight,On,No traffic controls,80 km/h,State,33,Lane sideswipe,305,Same - Lane side swipe,,Other angle,Car (sedan/hatch),Light truck utility(from 2018),2,0,0,0,1,10,October,Spring,Friday,10:00 - 11:59,Midday / afternoon,False,False,True,True
1365717,Injury,Minor/Other Injury,2024,2024,October,Tuesday,14:00 - 15:59,WESTERN,EXP,100,East,CUMBERLAND HIGHWAY,OP,SOUTH WENTWORTHVILLE,6004.0,No,Not a school zone,Dual freeway,-33.816429,150.964562,Cumberland,Sydney metro. area,Syd-Newc-Woll Gtr conurbation,Straight,,,,Unknown / not stated,Sealed,Dry,Fine,Daylight,Nil,No traffic controls,90 km/h,State,30,Rear end,301,Same - Rear end,,Rear end,Car (sedan/hatch),Car (sedan/hatch),2,0,0,0,1,10,October,Spring,Tuesday,14:00 - 15:59,Midday / afternoon,False,False,True,True
1365718,Injury,Moderate Injury,2024,2024,October,Wednesday,08:00 - 09:59,NORTON,ST,0,Right on the spot,JOSEPH,ST,ASHFIELD,2065.0,No,Not a school zone,T-junction,-33.890794,151.126325,Inner West,Sydney metro. area,Syd-Newc-Woll Gtr conurbation,Straight,,,,Unknown / not stated,Sealed,Dry,Fine,Daylight,Nil,No traffic controls,50 km/h,Regional,71,Off rd left => obj,703,Left off cway into object,,Vehicle - Object,Car (sedan/hatch),,1,0,0,1,0,10,October,Spring,Wednesday,08:00 - 09:59,AM peak / school commute,True,False,True,True
1365720,Injury,Minor/Other Injury,2024,2024,October,Friday,16:00 - 17:59,FLORRIE,ST,0,Right on the spot,WILLIAM,ST,GRANVILLE,,Yes,No,T-junction,-33.834913,151.003662,Cumberland,Sydney metro. area,Syd-Newc-Woll Gtr conurbation,Straight,,,,Unknown / not stated,Sealed,Dry,Fine,Daylight,Nil,Give way sign,50 km/h,Local,10,Cross traffic,101,Adj - Cross traffic,,Right angle,4 wheel drive / SUV,Car (sedan/hatch),2,0,0,0,1,10,October,Spring,Friday,16:00 - 17:59,PM peak / evening commute,True,False,True,True
1365721,Injury,Moderate Injury,2024,2024,October,Friday,10:00 - 11:59,MID WESTERN,HWY,0,Right on the spot,NUMBER 2383,HN,BATHAMPTON,6.0,No,Not a school zone,2-way undivided,-33.496843,149.386975,Bathurst Regional,Country urban,Rest of NSW - Urban,Curved,Steep grade,,,Unknown / not stated,Sealed,Dry,Fine,Daylight,Nil,No traffic controls,80 km/h,State,30,Rear end,301,Same - Rear end,,Rear end,4 wheel drive / SUV,Large rigid,2,0,0,1,0,10,October,Spring,Friday,10:00 - 11:59,Midday / afternoon,False,False,True,True
1365722,Injury,Moderate Injury,2024,2024,October,Wednesday,06:00 - 07:59,FOREST REEFS,RD,50,North,DOG TRAP,LANE,FOREST REEFS,,No,Not a school zone,2-way undivided,-33.426482,149.079579,Blayney,Country urban,Rest of NSW - Urban,Curved,,,,Unknown / not stated,Sealed,Dry,Fine,Daylight,Nil,No traffic controls,80 km/h,Local,81,Off left/rt bnd=>obj,803,Off right bend into obj,Left,Vehicle - Object,Car (sedan/hatch),,1,0,0,1,0,10,October,Spring,Wednesday,06:00 - 07:59,AM peak / school commute,True,False,True,True
1365725,Injury,Moderate Injury,2024,2024,October,Sunday,14:00 - 15:59,PITT,ST,0,Right on the spot,MARTIN PLACE,OT,SYDNEY,,No,Not a school zone,1-way street,-33.867555,151.20846,Sydney,Sydney metro. area,Syd-Newc-Woll Gtr conurbation,Straight,,,,Unknown / not stated,Sealed,Dry,Fine,Daylight,On,Ped crossing,40 km/h,Local,0,Ped nearside,1,Ped - Near side,,Vehicle - Pedestrian,Pedal cycle,Pedestrian,2,0,0,1,0,10,October,Spring,Sunday,14:00 - 15:59,Midday / afternoon,False,False,True,True
1365727,Injury,Moderate Injury,2024,2024,October,Friday,00:01 - 01:59,PACIFIC,HWY,30,North,LITTLE,ST,COFFS HARBOUR,10.0,No,Not a school zone,Divided road,-30.29835,153.112551,Coffs Harbour,Country urban,Rest of NSW - Urban,Curved,,,,Unknown / not stated,Sealed,Wet,Raining,Darkness,Nil,No traffic controls,60 km/h,State,81,Off left/rt bnd=>obj,803,Off right bend into obj,Left,Vehicle - Object,B-double (road train prior 98),,1,0,0,1,0,10,October,Spring,Friday,00:01 - 01:59,Late night / early morning,False,False,True,True
1365730,Injury,Moderate Injury,2024,2024,October,Wednesday,10:00 - 11:59,THE SPRINGS,RD,0,Right on the spot,NUMBER 187,ENT,SUSSEX INLET,,No,Not a school zone,2-way undivided,-35.175561,150.577898,Shoalhaven,Country urban,Rest of NSW - Urban,Curved,Driveway/entrance,,,Unknown / not stated,Sealed,Dry,Fine,Daylight,Nil,No traffic controls,80 km/h,Local,81,Off left/rt bnd=>obj,803,Off right bend into obj,Left,Vehicle - Object,Car (sedan/hatch),,1,0,0,1,0,10,October,Spring,Wednesday,10:00 - 11:59,Midday / afternoon,False,False,True,True
1365731,Injury,Minor/Other Injury,2024,2024,October,Wednesday,18:00 - 19:59,DAVIES,RD,0,Right on the spot,WATSON,RD,PADSTOW,190.0,No,Not a school zone,X-intersection,-33.944997,151.034842,Canterbury-Bankstown,Sydney metro. area,Syd-Newc-Woll Gtr conurbation,Curved,,,,Unknown / not stated,Sealed,Dry,Fine,Dusk,On,No traffic controls,70 km/h,State,30,Rear end,301,Same - Rear end,,Rear end,Car (sedan/hatch),Light truck,2,0,0,0,1,10,October,Spring,Wednesday,18:00 - 19:59,PM peak / evening commute,True,False,True,True
1365735,Injury,Serious Injury,2024,2024,June,Saturday,22:00 - Midnight,EUSTON,RD,400,North,CAMPBELL,RD,ALEXANDRIA,528.0,No,Not a school zone,Divided road,-33.912303,151.186765,Sydney,Sydney metro. area,Syd-Newc-Woll Gtr conurbation,Straight,,,,On,Sealed,Wet,Raining,Darkness,Nil,No traffic controls,60 km/h,State,71,Off rd left => obj,703,Left off cway into object,,Other angle,Car (sedan/hatch),Large trailer,2,0,1,0,0,6,June,Winter,Saturday,22:00 - Midnight,Evening / night,False,False,True,True
1365736,Injury,Serious Injury,2024,2024,June,Saturday,18:00 - 19:59,COME BY CHANCE,RD,300,East,ALBERT,ST,WALGETT,7716.0,No,Not a school zone,2-way undivided,-30.025597,148.128056,Walgett,Country urban,Rest of NSW - Urban,Straight,Foot/cycle path/nature strip,,,Off,Sealed,Dry,Fine,Darkness,Nil,No traffic controls,50 km/h,Regional,6,Ped on footpath,8,Ped - On footway/median,,Vehicle - Pedestrian,Other bus,Pedestrian,2,0,1,0,0,6,June,Winter,Saturday,18:00 - 19:59,PM peak / evening commute,True,False,True,True
1365737,Injury,Serious Injury,2024,2024,June,Friday,14:00 - 15:59,MENDOORAN,RD,400,North,BARRYS,TRL,DUBBO,7519.0,No,Not a school zone,2-way undivided,-32.091772,148.824557,Dubbo Regional,Country urban,Rest of NSW - Urban,Straight,Ditch/drain/culvert,Roadwks/Detour/Diverson,,Nil,Sealed,Dry,Unknown,Daylight,Nil,No traffic controls,60 km/h,Regional,35,Lane change left,307,Same - Lane change left,,Other angle,4 wheel drive / SUV,Motorcycle,2,0,1,0,0,6,June,Winter,Friday,14:00 - 15:59,Midday / afternoon,False,False,True,True
1365738,Injury,Serious Injury,2024,2024,June,Wednesday,20:00 - 21:59,COMMERCIAL,RD,10,West,MCCOMBE,AVE,ROUSE HILL,,No,Not a school zone,T-junction,-33.686034,150.924914,The Hills,Sydney metro. area,Syd-Newc-Woll Gtr conurbation,Straight,,,,On,Sealed,Wet,Raining,Darkness,Nil,Give way sign,60 km/h,Local,13,Right near,104,Adj - Right-thru from right,,Right angle,Car (sedan/hatch),Car (sedan/hatch),2,0,1,0,0,6,June,Winter,Wednesday,20:00 - 21:59,Evening / night,False,False,True,True
1365739,Injury,Serious Injury,2024,2024,June,Friday,04:00 - 05:59,FUSE,ST,0,Right on the spot,ROSE VALLEY,WAY,ZETLAND,,No,Not a school zone,L-junction,-33.910411,151.208162,Sydney,Sydney metro. area,Syd-Newc-Woll Gtr conurbation,Straight,,,,On,Sealed,Wet,Overcast,Darkness,Nil,No traffic controls,50 km/h,Local,90,Fell in/from vehicle,901,Fell in/from vehicle,,Person - Object,Car (sedan/hatch),,1,0,1,0,0,6,June,Winter,Friday,04:00 - 05:59,Late night / early morning,False,False,True,True
1365741,Injury,Serious Injury,2024,2024,May,Friday,12:00 - 13:59,PITTWATER,RD,0,Right on the spot,MACTIER,ST,NARRABEEN,164.0,No,Not a school zone,X-intersection,-33.722272,151.298378,Northern Beaches,Sydney metro. area,Syd-Newc-Woll Gtr conurbation,Straight,,,,Off,Sealed,Dry,Overcast,Daylight,On,No traffic controls,60 km/h,State,21,Right through,202,Opp - Right-thru,,Other angle,4 wheel drive / SUV,Motorcycle,2,0,1,0,0,5,May,Autumn,Friday,12:00 - 13:59,Midday / afternoon,False,False,True,True
1365742,Injury,Serious Injury,2024,2024,June,Monday,08:00 - 09:59,KISSING POINT,RD,0,Right on the spot,QUARRY,RD,DUNDAS VALLEY,574.0,No,Not a school zone,T-junction,-33.799075,151.053967,Parramatta,Sydney metro. area,Syd-Newc-Woll Gtr conurbation,Straight,,,,Nil,Sealed,Dry,Fine,Daylight,Nil,Give way sign,70 km/h,State,10,Cross traffic,101,Adj - Cross traffic,,Right angle,Car (sedan/hatch),Motorcycle,2,0,1,0,0,6,June,Winter,Monday,08:00 - 09:59,AM peak / school commute,True,False,True,True
1365744,Injury,Moderate Injury,2024,2024,June,Thursday,20:00 - 21:59,PRINCES,HWY,50,South,BELINDA STREET,OP,GERRINGONG,1.0,No,Not a school zone,Divided road,-34.745255,150.814766,Kiama,Country non-urban,Rest of NSW - Rural,Curved,,,,Nil,Sealed,Wet,Raining,Darkness,Nil,No traffic controls,100 km/h,State,85,Off rt/lft bnd=>obj,804,Off left bend into obj,Right,Vehicle - Object,Utility,,1,0,0,1,0,6,June,Winter,Thursday,20:00 - 21:59,Evening / night,False,False,True,True
1365745,Injury,Moderate Injury,2024,2024,July,Thursday,12:00 - 13:59,ORIORDAN,ST,230,South,COLLINS,ST,ALEXANDRIA,658.0,No,Not a school zone,2-way undivided,-33.91339,151.196398,Sydney,Sydney metro. area,Syd-Newc-Woll Gtr conurbation,Straight,Driveway/entrance,,,Off,Sealed,Dry,Fine,Daylight,Nil,No traffic controls,50 km/h,State,74,On road-out of cont.,705,Out of control on cway,,Rollover,Motor scooter,,1,0,0,1,0,7,July,Winter,Thursday,12:00 - 13:59,Midday / afternoon,False,False,True,True
1365746,Injury,Moderate Injury,2024,2024,July,Thursday,14:00 - 15:59,CAWARRA,RD,10,North,CAPTAIN COOK,DR,CARINGBAH,662.0,No,Not a school zone,X-intersection,-34.032555,151.125489,Sutherland,Sydney metro. area,Syd-Newc-Woll Gtr conurbation,Straight,Driveway/entrance,,,Off,Sealed,Dry,Fine,Daylight,On,No traffic controls,60 km/h,State,30,Rear end,301,Same - Rear end,,Rear end,Light truck,Light truck utility(from 2018),2,0,0,1,0,7,July,Winter,Thursday,14:00 - 15:59,Midday / afternoon,False,False,True,True
1365747,Injury,Moderate Injury,2024,2024,June,Tuesday,08:00 - 09:59,FERNLEIGH,RD,0,Right on the spot,GLENFIELD,RD,MOUNT AUSTIN,,No,Not a school zone,Roundabout,-35.130793,147.342821,Wagga Wagga,Country urban,Rest of NSW - Urban,Straight,,,,Nil,Sealed,Dry,Fine,Daylight,Nil,Give way sign,60 km/h,Local,10,Cross traffic,101,Adj - Cross traffic,,Right angle,Utility,Car (sedan/hatch),2,0,0,1,0,6,June,Winter,Tuesday,08:00 - 09:59,AM peak / school commute,True,False,True,True
1365749,Injury,Serious Injury,2024,2024,July,Saturday,20:00 - 21:59,HUME,HWY,50,North,NARELLAN ROAD,TO,CAMPBELLTOWN,2.0,No,Not a school zone,Dual freeway,-34.058024,150.792315,Campbelltown,Sydney metro. area,Syd-Newc-Woll Gtr conurbation,Curved,Embankment/cutting,,,On,Sealed,Dry,Fine,Darkness,Nil,No traffic controls,110 km/h,State,82,Off right/right bend,801,Off cway right bend,Right,Rollover,Car (sedan/hatch),,1,0,1,1,0,7,July,Winter,Saturday,20:00 - 21:59,Evening / night,False,False,True,True
1365750,Injury,Serious Injury,2024,2024,July,Tuesday,14:00 - 15:59,THE NORTHERN,RD,0,Right on the spot,FIFTH,AVE,LLANDILO,154.0,No,Not a school zone,T-junction,-33.697298,150.727405,Penrith,Sydney metro. area,Syd-Newc-Woll Gtr conurbation,Straight,,,,Off,Sealed,Wet,Raining,Daylight,Nil,Give way sign,80 km/h,State,21,Right through,202,Opp - Right-thru,,Other angle,Light truck,Motorcycle,2,0,1,0,0,7,July,Winter,Tuesday,14:00 - 15:59,Midday / afternoon,False,False,True,True
1365751,Injury,Serious Injury,2024,2024,July,Friday,20:00 - 21:59,OLYMPIC,HWY,150,South,TIERNEY,ST,YOUNG,78.0,No,Not a school zone,2-way undivided,-34.34135,148.282851,Hilltops,Country urban,Rest of NSW - Urban,Curved,Painted double centre lines,,,Nil,Sealed,Dry,Fine,Darkness,Nil,No traffic controls,80 km/h,State,20,Head on,201,Opp - Head on,,Head-on,4 wheel drive / SUV,4 wheel drive / SUV,2,0,2,3,0,7,July,Winter,Friday,20:00 - 21:59,Evening / night,False,False,True,True
1365752,Injury,Serious Injury,2024,2024,July,Thursday,16:00 - 17:59,OCTAVIA,ST,0,Right on the spot,NUMBER 8-10,HN,TOONGABBIE,,No,Not a school zone,2-way undivided,-33.790381,150.94717,Cumberland,Sydney metro. area,Syd-Newc-Woll Gtr conurbation,Straight,,,,Off,Sealed,Dry,Fine,Daylight,Nil,No traffic controls,50 km/h,Local,0,Ped nearside,1,Ped - Near side,,Vehicle - Pedestrian,Light truck utility(from 2018),Pedestrian,2,0,1,1,0,7,July,Winter,Thursday,16:00 - 17:59,PM peak / evening commute,True,False,True,True
1365753,Injury,Moderate Injury,2024,2024,July,Friday,12:00 - 13:59,AVOCA,ST,0,Right on the spot,BUNDOCK,ST,RANDWICK,660.0,No,Not a school zone,T-junction,-33.926948,151.239097,Randwick,Sydney metro. area,Syd-Newc-Woll Gtr conurbation,Straight,,,,Off,Sealed,Dry,Fine,Daylight,Nil,No traffic controls,60 km/h,State,31,Left rear,302,Same - Rear left,,Rear end,4 wheel drive / SUV,Motor scooter,2,0,0,1,0,7,July,Winter,Friday,12:00 - 13:59,Midday / afternoon,False,False,True,True
1365756,Injury,Minor/Other Injury,2024,2024,July,Tuesday,14:00 - 15:59,WOODVILLE,RD,130,South,RHODES,AVE,GUILDFORD,640.0,No,Not a school zone,Divided road,-33.860191,150.993577,Cumberland,Sydney metro. area,Syd-Newc-Woll Gtr conurbation,Curved,Steep grade,,,Off,Sealed,Dry,Fine,Daylight,Nil,No traffic controls,70 km/h,State,30,Rear end,301,Same - Rear end,,Rear end,Large rigid,Car (sedan/hatch),3,0,0,0,1,7,July,Winter,Tuesday,14:00 - 15:59,Midday / afternoon,False,False,True,True
1365757,Injury,Moderate Injury,2024,2024,July,Sunday,14:00 - 15:59,NEWLAND,ST,30,South,CUTHBERT,ST,QUEENS PARK,,No,Not a school zone,2-way undivided,-33.897574,151.246226,Waverley,Sydney metro. area,Syd-Newc-Woll Gtr conurbation,Straight,,,,Nil,Sealed,Dry,Fine,Daylight,Nil,No traffic controls,40 km/h,Local,20,Head on,201,Opp - Head on,,Head-on,4 wheel drive / SUV,4 wheel drive / SUV,2,0,0,2,0,7,July,Winter,Sunday,14:00 - 15:59,Midday / afternoon,False,False,True,True
1365758,Injury,Serious Injury,2024,2024,July,Saturday,08:00 - 09:59,BRINGELLY,RD,0,Right on the spot,EDMONDSON,AVE,AUSTRAL,647.0,No,Not a school zone,X-intersection,-33.950519,150.808824,Liverpool,Sydney metro. area,Syd-Newc-Woll Gtr conurbation,Straight,,,,Off,Sealed,Wet,Overcast,Daylight,On,No traffic controls,80 km/h,State,13,Right near,104,Adj - Right-thru from right,,Right angle,Light truck utility(from 2018),Other bus,2,0,1,1,0,7,July,Winter,Saturday,08:00 - 09:59,AM peak / school commute,True,False,True,True