crash_id,degree_of_crash,degree_of_crash_-_detailed,reporting_year,year_of_crash,month_of_crash,day_of_week_of_crash,two-hour_intervals,street_of_crash,street_type,distance,direction,identifying_feature,identifying_feature_type,town,route_no.,school_zone_location,school_zone_active,type_of_location,latitude,longitude,lga,urbanisation,conurbation_1,alignment,primary_permanent_feature,primary_temporary_feature,primary_hazardous_feature,street_lighting,road_surface,surface_condition,weather,natural_lighting,signals_operation,other_traffic_control,speed_limit,road_classification_(admin),rum_-_code,rum_-_description,dca_-_code,dca_-_description,dca_supplement,first_impact_type,key_tu_type,other_tu_type,no._of_traffic_units_involved,no._killed,no._seriously_injured,no._moderately_injured,no._minor-other_injured,month_num,month_label,season,day_label,time_label,time_band,is_peak_commute,is_fatal,is_injury,is_casualty
1365759,Injury,Serious Injury,2024,2024,June,Wednesday,18:00 - 19:59,HOXTON PARK,RD,25,West,CALABRO,AVE,LURNEA,681.0,No,Not a school zone,Divided road,-33.927385,150.906139,Liverpool,Sydney metro. area,Syd-Newc-Woll Gtr conurbation,Straight,Driveway/entrance,,,On,Sealed,Dry,Fine,Darkness,Nil,No traffic controls,70 km/h,State,47,Emerging from drive,406,Manov - Emerging from driveway,,Right angle,4 wheel drive / SUV,Motorcycle,2,0,1,0,0,6,June,Winter,Wednesday,18:00 - 19:59,PM peak / evening commute,True,False,True,True
1365760,Injury,Minor/Other Injury,2024,2024,June,Thursday,14:00 - 15:59,UNWINS BRIDGE,RD,0,Right on the spot,FREDERICK,ST,ST PETERS,2099.0,No,Not a school zone,T-junction,-33.91446,151.16932,Inner West,Sydney metro. area,Syd-Newc-Woll Gtr conurbation,Straight,,,,Off,Sealed,Dry,Fine,Daylight,Nil,No traffic controls,50 km/h,Regional,14,2 right turning,105,Adj - Two right turning,,Right angle,Light truck utility(from 2018),Car (sedan/hatch),2,0,0,0,1,6,June,Winter,Thursday,14:00 - 15:59,Midday / afternoon,False,False,True,True
1365761,Injury,Moderate Injury,2024,2024,July,Friday,16:00 - 17:59,DOONSIDE,RD,0,Right on the spot,BUNGARRIBEE,RD,BUNGARRIBEE,7153.0,No,Not a school zone,X-intersection,-33.772849,150.874083,Blacktown,Sydney metro. area,Syd-Newc-Woll Gtr conurbation,Curved,,,,On,Sealed,Dry,Fine,Dusk,On,No traffic controls,60 km/h,Regional,30,Rear end,301,Same - Rear end,,Rear end,4 wheel drive / SUV,Car (sedan/hatch),3,0,0,1,0,7,July,Winter,Friday,16:00 - 17:59,PM peak / evening commute,True,False,True,True
1365762,Injury,Moderate Injury,2024,2024,July,Tuesday,00:01 - 01:59,DIAMOND,DR,0,Right on the spot,SEAVIEW,ST,DIAMOND BEACH,,No,Not a school zone,T-junction,-32.043433,152.535312,Mid-Coast,Country urban,Rest of NSW - Urban,Straight,Steep grade,,,On,Sealed,Dry,Fine,Darkness,Nil,No traffic controls,50 km/h,Local,49,Other manoeuvring,400,Manov - other,,Other angle,Car (sedan/hatch),Light truck,2,0,0,1,0,7,July,Winter,Tuesday,00:01 - 01:59,Late night / early morning,False,False,True,True
1365764,Injury,Serious Injury,2024,2024,July,Sunday,10:00 - 11:59,SIR BERTRAM STEVENS,DR,400,South,WARUMBUL,RD,ROYAL NATIONAL PARK,393.0,No,Not a school zone,2-way undivided,-34.087609,151.067681,Sutherland,Sydney metro. area,Syd-Newc-Woll Gtr conurbation,Straight,,,,Nil,Sealed,Dry,Fine,Daylight,Nil,No traffic controls,60 km/h,State,52,Pulling out,503,Ovtak- Pulling out,,Other angle,Light truck utility(from 2018),Motorcycle,2,0,1,0,0,7,July,Winter,Sunday,10:00 - 11:59,Midday / afternoon,False,False,True,True
1365765,Injury,Minor/Other Injury,2024,2024,July,Thursday,14:00 - 15:59,CANTERBURY,RD,0,Right on the spot,CROYDON,ST,LAKEMBA,167.0,No,Not a school zone,T-junction,-33.927424,151.080101,Canterbury-Bankstown,Sydney metro. area,Syd-Newc-Woll Gtr conurbation,Straight,,,,Off,Sealed,Dry,Fine,Daylight,Nil,Give way sign,60 km/h,State,13,Right near,104,Adj - Right-thru from right,,Right angle,4 wheel drive / SUV,Car (sedan/hatch),2,0,0,0,1,7,July,Winter,Thursday,14:00 - 15:59,Midday / afternoon,False,False,True,True
1365766,Injury,Moderate Injury,2024,2024,July,Sunday,18:00 - 19:59,PRINCES,HWY,0,Right on the spot,CARILLON,AVE,DARLINGTON,1.0,No,Not a school zone,T-junction,-33.891327,151.188486,Sydney,Sydney metro. area,Syd-Newc-Woll Gtr conurbation,Straight,,,,On,Sealed,Dry,Fine,Darkness,On,Ped crossing,50 km/h,State,11,Right far,102,Adj - Right-thru from left,,Right angle,Pedal cycle,Car (sedan/hatch),2,0,0,1,0,7,July,Winter,Sunday,18:00 - 19:59,PM peak / evening commute,True,False,True,True
1365767,Injury,Serious Injury,2024,2024,August,Saturday,12:00 - 13:59,ELIZABETH,DR,0,Right on the spot,COWPASTURE,RD,BONNYRIGG HEIGHTS,535.0,No,Not a school zone,X-intersection,-33.883517,150.864722,Fairfield,Sydney metro. area,Syd-Newc-Woll Gtr conurbation,Curved,,,,Off,Sealed,Dry,Fine,Daylight,On,No traffic controls,70 km/h,State,21,Right through,202,Opp - Right-thru,,Other angle,Light truck utility(from 2018),Car (sedan/hatch),2,0,1,1,0,8,August,Winter,Saturday,12:00 - 13:59,Midday / afternoon,False,False,True,True
1365768,Injury,Moderate Injury,2024,2024,August,Thursday,06:00 - 07:59,MOORE PARK,RD,0,Right on the spot,NUMBER 356,HN,PADDINGTON,7301.0,No,Not a school zone,Divided road,-33.889491,151.229038,Sydney,Sydney metro. area,Syd-Newc-Woll Gtr conurbation,Curved,,,,Off,Sealed,Wet,Raining,Daylight,Nil,No traffic controls,40 km/h,Regional,42,Leaving parking,401,Manov - Leaving parking,,Other angle,Car (sedan/hatch),Pedal cycle,2,0,0,1,0,8,August,Winter,Thursday,06:00 - 07:59,AM peak / school commute,True,False,True,True
1365769,Injury,Moderate Injury,2024,2024,August,Wednesday,14:00 - 15:59,BEAUMONT,RD,0,Right on the spot,MURRUMBIDGEE,AVE,HANWOOD,,No,Not a school zone,X-intersection,-34.329292,146.025495,Griffith,Country non-urban,Rest of NSW - Rural,Straight,,,,Nil,Sealed,Dry,Fine,Daylight,Nil,Stop sign,100 km/h,Local,11,Right far,102,Adj - Right-thru from left,,Right angle,Semi-trailer,Semi-trailer,2,0,0,1,0,8,August,Winter,Wednesday,14:00 - 15:59,Midday / afternoon,False,False,True,True
1365770,Injury,Minor/Other Injury,2024,2024,July,Thursday,16:00 - 17:59,M7 WESTLINK,EXP,0,Right on the spot,ELIZABETH DRIVE,TO,CECIL HILLS,6009.0,No,Not a school zone,Dual freeway,-33.880601,150.840818,Liverpool,Sydney metro. area,Syd-Newc-Woll Gtr conurbation,Straight,Climb/merge lane,,,On,Sealed,Dry,Fine,Dusk,Nil,No traffic controls,100 km/h,State,34,Lane change right,306,Same - Lane change right,,Other angle,Car (sedan/hatch),Semi-trailer,2,0,0,0,1,7,July,Winter,Thursday,16:00 - 17:59,PM peak / evening commute,True,False,True,True
1365772,Injury,Serious Injury,2024,2024,August,Tuesday,18:00 - 19:59,GREAT WESTERN,HWY,0,Right on the spot,EVERTON,RD,FAULCONBRIDGE,5.0,No,Not a school zone,T-junction,-33.691984,150.542431,Blue Mountains,Country urban,Syd-Newc-Woll Gtr conurbation,Curved,,,,On,Sealed,Wet,Overcast,Darkness,Nil,Give way sign,60 km/h,State,0,Ped nearside,1,Ped - Near side,,Vehicle - Pedestrian,Motorcycle,Pedestrian,2,0,1,0,0,8,August,Winter,Tuesday,18:00 - 19:59,PM peak / evening commute,True,False,True,True
1365774,Injury,Serious Injury,2024,2024,August,Monday,18:00 - 19:59,GREAT WESTERN,HWY,1100,North,RAILWAY,PDE,BLACKHEATH,5.0,No,Not a school zone,2-way undivided,-33.662967,150.277827,Blue Mountains,Country urban,Syd-Newc-Woll Gtr conurbation,Curved,Painted double centre lines,,,Nil,Sealed,Wet,Raining,Darkness,Nil,No traffic controls,80 km/h,State,20,Head on,201,Opp - Head on,,Head-on,Car (sedan/hatch),Semi-trailer,3,0,3,1,0,8,August,Winter,Monday,18:00 - 19:59,PM peak / evening commute,True,False,True,True
1365775,Injury,Serious Injury,2024,2024,July,Thursday,16:00 - 17:59,RICHMOND,RD,0,Right on the spot,COOPER,ST,PENRITH,154.0,No,Not a school zone,T-junction,-33.737856,150.716916,Penrith,Sydney metro. area,Syd-Newc-Woll Gtr conurbation,Straight,,,,On,Sealed,Dry,Fine,Dusk,Nil,Stop sign,70 km/h,State,10,Cross traffic,101,Adj - Cross traffic,,Right angle,Car (sedan/hatch),Motorcycle,2,0,1,0,0,7,July,Winter,Thursday,16:00 - 17:59,PM peak / evening commute,True,False,True,True
1365776,Injury,Serious Injury,2024,2024,August,Monday,10:00 - 11:59,ANDERSON,RD,40,West,NUMBER 115,HN,GLENNING VALLEY,,No,Not a school zone,2-way undivided,-33.359525,151.418007,Central Coast,Country urban,Syd-Newc-Woll Gtr conurbation,Curved,,,,Off,Sealed,Dry,Fine,Daylight,Nil,No traffic controls,60 km/h,Local,83,Off rt/rt bnd=>obj,803,Off right bend into obj,Right,Vehicle - Object,Car (sedan/hatch),,1,0,1,0,0,8,August,Winter,Monday,10:00 - 11:59,Midday / afternoon,False,False,True,True
1365777,Injury,Moderate Injury,2024,2024,August,Tuesday,02:00 - 03:59,GREAT WESTERN,HWY,0,Right on the spot,BOLD,ST,GRANVILLE,5.0,No,Not a school zone,T-junction,-33.830068,151.01068,Parramatta,Sydney metro. area,Syd-Newc-Woll Gtr conurbation,Straight,,,,On,Sealed,Wet,Raining,Darkness,On,No traffic controls,60 km/h,State,16,Left near,107,Adj - Left-thru from right,,Right angle,4 wheel drive / SUV,B-double (road train prior 98),2,0,0,1,0,8,August,Winter,Tuesday,02:00 - 03:59,Late night / early morning,False,False,True,True
1365778,Injury,Serious Injury,2024,2024,August,Thursday,14:00 - 15:59,PRO HART,WAY,400,South,KNOX,ST,BROKEN HILL,,No,Not a school zone,2-way undivided,-31.991047,141.46898,Broken Hill,Country urban,Rest of NSW - Urban,Straight,,,,Nil,Sealed,Dry,Fine,Daylight,Nil,No traffic controls,60 km/h,Local,70,Off road to left,701,Off carriageway to left,,Rollover,Motorcycle,,1,0,1,0,0,8,August,Winter,Thursday,14:00 - 15:59,Midday / afternoon,False,False,True,True
1365780,Injury,Serious Injury,2024,2024,August,Tuesday,08:00 - 09:59,BURLEY GRIFFIN,WAY,2000,West,CENTENARY,RD,BARELLAN,84.0,No,Not a school zone,2-way undivided,-34.276222,146.541581,Narrandera,Country non-urban,Rest of NSW - Rural,Straight,,,,Nil,Sealed,Dry,Fog or mist,Daylight,Nil,No traffic controls,100 km/h,State,20,Head on,201,Opp - Head on,,Head-on,4 wheel drive / SUV,Light truck utility(from 2018),2,0,3,0,2,8,August,Winter,Tuesday,08:00 - 09:59,AM peak / school commute,True,False,True,True
1365781,Injury,Moderate Injury,2024,2024,August,Sunday,10:00 - 11:59,OLD HUME,HWY,0,Right on the spot,NUMBER 33,HN,BALACLAVA,260.0,No,Not a school zone,2-way undivided,-34.440637,150.469664,Wingecarribee,Country urban,Rest of NSW - Urban,Straight,,,,Off,Sealed,Dry,Fine,Daylight,Nil,No traffic controls,80 km/h,State,71,Off rd left => obj,703,Left off cway into object,,Vehicle - Object,4 wheel drive / SUV,,3,0,0,2,0,8,August,Winter,Sunday,10:00 - 11:59,Midday / afternoon,False,False,True,True
1365784,Injury,Moderate Injury,2024,2024,August,Friday,22:00 - Midnight,ROSE,ST,0,Right on the spot,VIOLA,ST,PUNCHBOWL,,No,Not a school zone,X-intersection,-33.930139,151.049382,Canterbury-Bankstown,Sydney metro. area,Syd-Newc-Woll Gtr conurbation,Straight,,,,On,Sealed,Dry,Fine,Darkness,Nil,Stop sign,50 km/h,Local,10,Cross traffic,101,Adj - Cross traffic,,Right angle,Unknown motor vehicle,Car (sedan/hatch),2,0,0,1,0,8,August,Winter,Friday,22:00 - Midnight,Evening / night,False,False,True,True
1365785,Injury,Serious Injury,2024,2024,August,Tuesday,20:00 - 21:59,SUNNYHOLT,RD,0,Right on the spot,QUAKERS HILL,PKWY,ACACIA GARDENS,642.0,No,Not a school zone,T-junction,-33.731262,150.921332,Blacktown,Sydney metro. area,Syd-Newc-Woll Gtr conurbation,Straight,,,,On,Sealed,Dry,Fine,Darkness,On,No traffic controls,70 km/h,State,21,Right through,202,Opp - Right-thru,,Other angle,Car (sedan/hatch),4 wheel drive / SUV,2,0,1,1,0,8,August,Winter,Tuesday,20:00 - 21:59,Evening / night,False,False,True,True
1365786,Injury,Moderate Injury,2024,2024,August,Friday,00:01 - 01:59,WYEE,RD,50,North,OLD WYEE,RD,MORISSET,454.0,No,Not a school zone,Divided road,-33.121552,151.476781,Lake Macquarie,Newcastle met. area,Syd-Newc-Woll Gtr conurbation,Straight,Embankment/cutting,,,Nil,Sealed,Wet,Fine,Darkness,Nil,No traffic controls,60 km/h,Regional,73,Off rd rght => obj,704,Right off cway into obj,,Vehicle - Object,4 wheel drive / SUV,,1,0,0,1,0,8,August,Winter,Friday,00:01 - 01:59,Late night / early morning,False,False,True,True
1365787,Injury,Serious Injury,2024,2024,August,Monday,04:00 - 05:59,CUDGEGONG,RD,50,South,HASLUCK,ST,ROUSE HILL,,No,Not a school zone,2-way undivided,-33.689743,150.906079,Blacktown,Sydney metro. area,Syd-Newc-Woll Gtr conurbation,Straight,,,,On,Sealed,Dry,Fine,Dawn,Nil,No traffic controls,60 km/h,Local,66,Object on road,607,On path - Hit temp object,,Vehicle - Object,Motorcycle,,2,0,1,0,0,8,August,Winter,Monday,04:00 - 05:59,Late night / early morning,False,False,True,True
1365788,Injury,Serious Injury,2024,2024,August,Monday,16:00 - 17:59,NEW ENGLAND,HWY,200,South,TURANVILLE,RD,SCONE,9.0,No,Not a school zone,2-way undivided,-32.101434,150.869894,Upper Hunter,Country non-urban,Rest of NSW - Rural,Straight,,,,Nil,Sealed,Dry,Fine,Daylight,Nil,No traffic controls,100 km/h,State,74,On road-out of cont.,705,Out of control on cway,,Rollover,4 wheel drive / SUV,,1,0,1,0,0,8,August,Winter,Monday,16:00 - 17:59,PM peak / evening commute,True,False,True,True
1365789,Injury,Serious Injury,2024,2024,August,Saturday,14:00 - 15:59,FINNEY,ST,0,Right on the spot,WEST,ST,HURSTVILLE,,No,Not a school zone,Roundabout,-33.970513,151.104886,Georges River,Sydney metro. area,Syd-Newc-Woll Gtr conurbation,Straight,Steep grade,,,Nil,Sealed,Dry,Fine,Daylight,Nil,Give way sign,50 km/h,Local,13,Right near,104,Adj - Right-thru from right,,Right angle,4 wheel drive / SUV,Pedal cycle,2,0,1,0,0,8,August,Winter,Saturday,14:00 - 15:59,Midday / afternoon,False,False,True,True
1365790,Injury,Moderate Injury,2024,2024,August,Friday,16:00 - 17:59,HOPETOUN,AVE,0,Right on the spot,NUMBER 99,HN,VAUCLUSE,,No,Not a school zone,2-way undivided,-33.85304,151.280703,Woollahra,Sydney metro. area,Syd-Newc-Woll Gtr conurbation,Curved,Steep grade,,Slippery surface,On,Sealed,Wet,Fine,Darkness,Nil,No traffic controls,50 km/h,Local,88,Out of cont on bend,805,Out of control on bend,,Rollover,Motorcycle,,1,0,0,1,0,8,August,Winter,Friday,16:00 - 17:59,PM peak / evening commute,True,False,True,True
1365791,Injury,Moderate Injury,2024,2024,August,Monday,18:00 - 19:59,SCOT,ST,0,Right on the spot,NUMBER 10,HN,BARGO,,No,Not a school zone,2-way undivided,-34.283009,150.57352,Wollondilly,Country urban,Syd-Newc-Woll Gtr conurbation,Curved,,,,On,Sealed,Dry,Fine,Darkness,Nil,No traffic controls,50 km/h,Local,85,Off rt/lft bnd=>obj,804,Off left bend into obj,Right,Other angle,Light truck utility(from 2018),Car (sedan/hatch),2,0,0,1,0,8,August,Winter,Monday,18:00 - 19:59,PM peak / evening commute,True,False,True,True
1365792,Injury,Serious Injury,2024,2024,August,Sunday,22:00 - Midnight,DAVIES,RD,0,Right on the spot,BRIDGE,ST,PADSTOW,190.0,No,Not a school zone,T-junction,-33.95124,151.038469,Canterbury-Bankstown,Sydney metro. area,Syd-Newc-Woll Gtr conurbation,Straight,,,,Unknown / not stated,Sealed,Unknown,Unknown,Darkness,Nil,Give way sign,70 km/h,State,13,Right near,104,Adj - Right-thru from right,,Right angle,Car (sedan/hatch),4 wheel drive / SUV,2,0,1,0,0,8,August,Winter,Sunday,22:00 - Midnight,Evening / night,False,False,True,True
1365793,Injury,Moderate Injury,2024,2024,June,Wednesday,10:00 - 11:59,CLARKE,LANE,0,Right on the spot,NUMBER 361,HN,EARLWOOD,,No,Not a school zone,1-way street,-33.926709,151.124444,Canterbury-Bankstown,Sydney metro. area,Syd-Newc-Woll Gtr conurbation,Straight,Driveway/entrance,,,Nil,Sealed,Dry,Fine,Daylight,Nil,No traffic controls,50 km/h,Local,46,Reversing into obj,405,Manov - Reverse into fixed obj,,Other angle,Car (sedan/hatch),Light truck,2,0,0,1,0,6,June,Winter,Wednesday,10:00 - 11:59,Midday / afternoon,False,False,True,True
1365794,Injury,Moderate Injury,2024,2024,August,Saturday,18:00 - 19:59,CECIL,ST,0,Right on the spot,HOSKIN,ST,BERRIDALE,,No,Not a school zone,T-junction,-36.361923,148.826623,Snowy Monaro Regional,Country urban,Rest of NSW - Urban,Straight,,,,On,Sealed,Dry,Fine,Darkness,Nil,No traffic controls,50 km/h,Local,73,Off rd rght => obj,704,Right off cway into obj,,Vehicle - Object,Car (sedan/hatch),,1,0,0,1,0,8,August,Winter,Saturday,18:00 - 19:59,PM peak / evening commute,True,False,True,True
1365796,Injury,Moderate Injury,2024,2024,September,Sunday,22:00 - Midnight,RAIN FOREST,RD,999999,East,PAPERBARK,CL,WYOMING,,No,Not a school zone,2-way undivided,-33.406615,151.370284,Central Coast,Country urban,Syd-Newc-Woll Gtr conurbation,Curved,,Police pursuit,,On,Sealed,Dry,Fine,Darkness,Nil,No traffic controls,50 km/h,Local,87,Off lft/lft bnd=>obj,804,Off left bend into obj,Left,Other angle,Car (sedan/hatch),Car (sedan/hatch),2,0,0,1,0,9,September,Spring,Sunday,22:00 - Midnight,Evening / night,False,False,True,True
1365798,Injury,Serious Injury,2024,2024,June,Monday,22:00 - Midnight,JONES,AVE,0,Right on the spot,BOSTON,ST,MOREE,7784.0,No,Not a school zone,X-intersection,-29.479408,149.838834,Moree Plains,Country urban,Rest of NSW - Urban,Straight,,,,On,Sealed,Dry,Fine,Darkness,Nil,Give way sign,50 km/h,Regional,74,On road-out of cont.,705,Out of control on cway,,Rollover,Motorcycle,,2,0,1,1,0,6,June,Winter,Monday,22:00 - Midnight,Evening / night,False,False,True,True
1365799,Injury,Serious Injury,2024,2024,August,Friday,08:00 - 09:59,OXLEY,HWY,10000,West,TRANGIE-COLLIE,RD,COLLIE,11.0,No,Not a school zone,2-way undivided,-31.665496,148.188441,Warren,Country non-urban,Rest of NSW - Rural,Straight,,,,Nil,Sealed,Dry,Fine,Daylight,Nil,No traffic controls,110 km/h,State,73,Off rd rght => obj,704,Right off cway into obj,,Vehicle - Object,4 wheel drive / SUV,,1,0,1,0,0,8,August,Winter,Friday,08:00 - 09:59,AM peak / school commute,True,False,True,True
1365800,Injury,Serious Injury,2024,2024,August,Friday,16:00 - 17:59,M2 HILLS,EXP,500,West,CUMBERLAND HIGHWAY,TO,CARLINGFORD,6002.0,No,Not a school zone,Dual freeway,-33.762769,151.033987,Parramatta,Sydney metro. area,Syd-Newc-Woll Gtr conurbation,Straight,Bus/transit lane,,,Nil,Sealed,Dry,Fine,Dusk,Nil,No traffic controls,100 km/h,State,34,Lane change right,306,Same - Lane change right,,Other angle,Light truck,Motorcycle,3,0,1,0,0,8,August,Winter,Friday,16:00 - 17:59,PM peak / evening commute,True,False,True,True
1365801,Injury,Moderate Injury,2024,2024,August,Friday,08:00 - 09:59,TODMAN,AVE,0,Right on the spot,KENSINGTON,RD,KENSINGTON,7331.0,No,Not a school zone,Roundabout,-33.909825,151.220993,Randwick,Sydney metro. area,Syd-Newc-Woll Gtr conurbation,Straight,,,,Off,Sealed,Dry,Fine,Daylight,Nil,Give way sign,50 km/h,Regional,21,Right through,202,Opp - Right-thru,,Other angle,Pedal cycle,Car (sedan/hatch),2,0,0,1,0,8,August,Winter,Friday,08:00 - 09:59,AM peak / school commute,True,False,True,True
1365802,Injury,Serious Injury,2024,2024,September,Thursday,10:00 - 11:59,CHAPEL,RD,0,Right on the spot,NUMBER 301,HN,BANKSTOWN,,Yes,No,2-way undivided,-33.919708,151.031592,Canterbury-Bankstown,Sydney metro. area,Syd-Newc-Woll Gtr conurbation,Straight,,,,Off,Sealed,Dry,Fine,Daylight,Nil,No traffic controls,40 km/h,Local,63,Vehicle door,604,On path - Vehicle door,,Other angle,Motor scooter,4 wheel drive / SUV,2,0,1,0,0,9,September,Spring,Thursday,10:00 - 11:59,Midday / afternoon,False,False,True,True
1365803,Injury,Moderate Injury,2024,2024,September,Tuesday,10:00 - 11:59,SAILORS BAY,RD,50,West,STRATHALLEN,AVE,NORTHBRIDGE,599.0,No,Not a school zone,Divided road,-33.810783,151.210301,Willoughby,Sydney metro. area,Syd-Newc-Woll Gtr conurbation,Straight,Driveway/entrance,,,Off,Sealed,Dry,Fine,Daylight,Nil,No traffic controls,50 km/h,State,7,Driveway,7,Ped - driveway,,Vehicle - Pedestrian,4 wheel drive / SUV,Pedestrian,2,0,0,1,0,9,September,Spring,Tuesday,10:00 - 11:59,Midday / afternoon,False,False,True,True
1365804,Injury,Moderate Injury,2024,2024,August,Saturday,18:00 - 19:59,KING GEORGES,RD,10,North,GEORGE,ST,PENSHURST,200.0,No,Not a school zone,T-junction,-33.95659,151.086829,Georges River,Sydney metro. area,Syd-Newc-Woll Gtr conurbation,Straight,Steep grade,,,On,Sealed,Dry,Fine,Darkness,Nil,No traffic controls,60 km/h,State,16,Left near,107,Adj - Left-thru from right,,Right angle,Car (sedan/hatch),Car (sedan/hatch),2,0,0,1,1,8,August,Winter,Saturday,18:00 - 19:59,PM peak / evening commute,True,False,True,True
1365806,Injury,Serious Injury,2024,2024,September,Friday,18:00 - 19:59,BRINGELLY,RD,0,Right on the spot,EDMONDSON,AVE,AUSTRAL,647.0,No,Not a school zone,X-intersection,-33.950519,150.808824,Liverpool,Sydney metro. area,Syd-Newc-Woll Gtr conurbation,Straight,,,,On,Sealed,Dry,Fine,Darkness,On,No traffic controls,80 km/h,State,10,Cross traffic,101,Adj - Cross traffic,,Right angle,4 wheel drive / SUV,4 wheel drive / SUV,2,0,1,3,1,9,September,Spring,Friday,18:00 - 19:59,PM peak / evening commute,True,False,True,True
1365807,Injury,Serious Injury,2024,2024,September,Wednesday,12:00 - 13:59,BEXLEY,RD,0,Right on the spot,GODWIN,ST,BEXLEY,169.0,No,Not a school zone,T-junction,-33.947191,151.126623,Bayside,Sydney metro. area,Syd-Newc-Woll Gtr conurbation,Straight,,,,Off,Sealed,Dry,Fine,Daylight,Nil,Give way sign,60 km/h,State,0,Ped nearside,1,Ped - Near side,,Vehicle - Pedestrian,Light truck utility(from 2018),Pedestrian,2,0,1,0,0,9,September,Spring,Wednesday,12:00 - 13:59,Midday / afternoon,False,False,True,True
1365808,Injury,Serious Injury,2024,2024,September,Thursday,14:00 - 15:59,BOUNDARY,RD,0,Right on the spot,STANLEY,ST,PEAKHURST,7006.0,No,Not a school zone,T-junction,-33.961221,151.06591,Georges River,Sydney metro. area,Syd-Newc-Woll Gtr conurbation,Straight,Crest,,,Off,Sealed,Dry,Fine,Daylight,On,No traffic controls,50 km/h,Regional,21,Right through,202,Opp - Right-thru,,Other angle,4 wheel drive / SUV,Car (sedan/hatch),2,0,1,0,1,9,September,Spring,Thursday,14:00 - 15:59,Midday / afternoon,False,False,True,True
1365809,Injury,Moderate Injury,2024,2024,August,Thursday,16:00 - 17:59,BLACKWALL,RD,0,Right on the spot,NUMBER 166,HN,WOY WOY,349.0,No,Not a school zone,2-way undivided,-33.49328,151.327641,Central Coast,Country urban,Syd-Newc-Woll Gtr conurbation,Straight,,,,Nil,Sealed,Dry,Fine,Daylight,Nil,No traffic controls,60 km/h,State,30,Rear end,301,Same - Rear end,,Rear end,Car (sedan/hatch),Car (sedan/hatch),2,0,0,1,0,8,August,Winter,Thursday,16:00 - 17:59,PM peak / evening commute,True,False,True,True
1365813,Injury,Serious Injury,2024,2024,August,Sunday,18:00 - 19:59,WISEMANS FERRY,RD,0,Right on the spot,NUMBER 302,HN,CATTAI,181.0,No,Not a school zone,2-way undivided,-33.538291,150.921794,The Hills,Sydney metro. area,Syd-Newc-Woll Gtr conurbation,Straight,,,,Nil,Sealed,Dry,Fine,Darkness,Nil,No traffic controls,80 km/h,State,70,Off road to left,701,Off carriageway to left,,Rollover,Motorcycle,,1,0,1,0,0,8,August,Winter,Sunday,18:00 - 19:59,PM peak / evening commute,True,False,True,True
1365814,Injury,Minor/Other Injury,2024,2024,August,Friday,12:00 - 13:59,KINGS,HWY,1690,East,PINE,PL,CARWOOLA,51.0,No,Not a school zone,2-way undivided,-35.33905,149.302872,Queanbeyan-Palerang Regional,Country non-urban,Rest of NSW - Rural,Curved,Steep grade,,,Nil,Sealed,Dry,Fine,Daylight,Nil,No traffic controls,100 km/h,State,20,Head on,201,Opp - Head on,,Head-on,4 wheel drive / SUV,4 wheel drive / SUV,2,0,0,0,1,8,August,Winter,Friday,12:00 - 13:59,Midday / afternoon,False,False,True,True
1365817,Injury,Minor/Other Injury,2024,2024,August,Saturday,16:00 - 17:59,CORONATION,PDE,0,Right on the spot,MITCHELL,ST,ENFIELD,668.0,No,Not a school zone,T-junction,-33.893161,151.090575,Burwood,Sydney metro. area,Syd-Newc-Woll Gtr conurbation,Straight,,,,Off,Sealed,Dry,Fine,Daylight,Nil,No traffic controls,60 km/h,State,11,Right far,102,Adj - Right-thru from left,,Right angle,Car (sedan/hatch),Car (sedan/hatch),3,0,0,0,1,8,August,Winter,Saturday,16:00 - 17:59,PM peak / evening commute,True,False,True,True
1365818,Injury,Minor/Other Injury,2024,2024,August,Friday,10:00 - 11:59,BUNNERONG,RD,0,Right on the spot,BIRDWOOD,AVE,PAGEWOOD,171.0,No,Not a school zone,T-junction,-33.933464,151.230307,Bayside,Sydney metro. area,Syd-Newc-Woll Gtr conurbation,Straight,,,,On,Sealed,Dry,Fine,Daylight,Nil,Stop sign,60 km/h,State,21,Right through,202,Opp - Right-thru,,Other angle,4 wheel drive / SUV,Car (sedan/hatch),2,0,0,0,1,8,August,Winter,Friday,10:00 - 11:59,Midday / afternoon,False,False,True,True
1365819,Injury,Serious Injury,2024,2024,August,Friday,12:00 - 13:59,MONA VALE,RD,30,North,LINK,RD,ST IVES,162.0,No,Not a school zone,Divided road,-33.727765,151.164961,Ku-ring-gai,Sydney metro. area,Syd-Newc-Woll Gtr conurbation,Straight,,,,Off,Sealed,Dry,Fine,Daylight,Nil,No traffic controls,60 km/h,State,2,Ped far side,3,Ped - Far side,,Vehicle - Pedestrian,4 wheel drive / SUV,Pedestrian,2,0,1,0,0,8,August,Winter,Friday,12:00 - 13:59,Midday / afternoon,False,False,True,True
1365820,Injury,Moderate Injury,2024,2024,August,Friday,08:00 - 09:59,PRINCES,HWY,0,Right on the spot,COOPERS GULLY,RD,COOPERS GULLY,1.0,No,Not a school zone,X-intersection,-36.659841,149.821949,Bega Valley,Country non-urban,Rest of NSW - Rural,Straight,,,,Nil,Sealed,Dry,Fine,Daylight,Nil,Give way sign,100 km/h,State,13,Right near,104,Adj - Right-thru from right,,Right angle,Car (sedan/hatch),4 wheel drive / SUV,2,0,0,2,0,8,August,Winter,Friday,08:00 - 09:59,AM peak / school commute,True,False,True,True