crash_id,degree_of_crash,degree_of_crash_-_detailed,reporting_year,year_of_crash,month_of_crash,day_of_week_of_crash,two-hour_intervals,street_of_crash,street_type,distance,direction,identifying_feature,identifying_feature_type,town,route_no.,school_zone_location,school_zone_active,type_of_location,latitude,longitude,lga,urbanisation,conurbation_1,alignment,primary_permanent_feature,primary_temporary_feature,primary_hazardous_feature,street_lighting,road_surface,surface_condition,weather,natural_lighting,signals_operation,other_traffic_control,speed_limit,road_classification_(admin),rum_-_code,rum_-_description,dca_-_code,dca_-_description,dca_supplement,first_impact_type,key_tu_type,other_tu_type,no._of_traffic_units_involved,no._killed,no._seriously_injured,no._moderately_injured,no._minor-other_injured,month_num,month_label,season,day_label,time_label,time_band,is_peak_commute,is_fatal,is_injury,is_casualty
1365821,Injury,Minor/Other Injury,2024,2024,September,Thursday,12:00 - 13:59,THE BOULEVARDE,MS,50,North,STANBROOK,ST,FAIRFIELD HEIGHTS,,No,Not a school zone,2-way undivided,-33.863093,150.938744,Fairfield,Sydney metro. area,Syd-Newc-Woll Gtr conurbation,Straight,Painted double centre lines,,,Nil,Sealed,Dry,Fine,Daylight,Nil,No traffic controls,40 km/h,Local,54,Cutting in,504,Ovtak - Cutting in,,Other angle,Light truck utility(from 2018),Car (sedan/hatch),2,0,0,0,1,9,September,Spring,Thursday,12:00 - 13:59,Midday / afternoon,False,False,True,True
1365822,Injury,Moderate Injury,2024,2024,September,Monday,16:00 - 17:59,NEW ENGLAND,HWY,0,Right on the spot,BRIDGMAN,RD,DUNOLLY,9.0,No,Not a school zone,X-intersection,-32.556607,151.167633,Singleton,Country urban,Rest of NSW - Urban,Straight,,,,Nil,Sealed,Dry,Fine,Daylight,On,No traffic controls,60 km/h,State,10,Cross traffic,101,Adj - Cross traffic,,Right angle,Car (sedan/hatch),4 wheel drive / SUV,4,0,0,3,0,9,September,Spring,Monday,16:00 - 17:59,PM peak / evening commute,True,False,True,True
1365824,Injury,Minor/Other Injury,2024,2024,September,Thursday,16:00 - 17:59,WINDSOR,RD,0,Right on the spot,MERRIVILLE,RD,KELLYVILLE RIDGE,184.0,No,Not a school zone,T-junction,-33.700128,150.92862,Blacktown,Sydney metro. area,Syd-Newc-Woll Gtr conurbation,Straight,,,,Off,Sealed,Dry,Fine,Darkness,On,Ped crossing,80 km/h,State,0,Ped nearside,1,Ped - Near side,,Vehicle - Pedestrian,4 wheel drive / SUV,Pedestrian,2,0,0,0,1,9,September,Spring,Thursday,16:00 - 17:59,PM peak / evening commute,True,False,True,True
1365825,Injury,Moderate Injury,2024,2024,September,Sunday,18:00 - 19:59,CANTERBURY,RD,0,Right on the spot,LEGGE,ST,ROSELANDS,167.0,No,Not a school zone,T-junction,-33.926181,151.084262,Canterbury-Bankstown,Sydney metro. area,Syd-Newc-Woll Gtr conurbation,Straight,,,,Off,Sealed,Dry,Fine,Daylight,Nil,Give way sign,60 km/h,State,2,Ped far side,3,Ped - Far side,,Vehicle - Pedestrian,4 wheel drive / SUV,Pedestrian,2,0,0,1,0,9,September,Spring,Sunday,18:00 - 19:59,PM peak / evening commute,True,False,True,True
1365826,Injury,Serious Injury,2024,2024,September,Sunday,16:00 - 17:59,STONEY CREEK,RD,0,Right on the spot,HIGHWORTH,AVE,BEXLEY,665.0,No,Not a school zone,T-junction,-33.949604,151.119937,Bayside,Sydney metro. area,Syd-Newc-Woll Gtr conurbation,Straight,,,,On,Sealed,Dry,Fine,Dusk,Nil,No traffic controls,60 km/h,State,11,Right far,102,Adj - Right-thru from left,,Right angle,Light truck utility(from 2018),Motorcycle,2,0,1,0,0,9,September,Spring,Sunday,16:00 - 17:59,PM peak / evening commute,True,False,True,True
1365828,Injury,Moderate Injury,2024,2024,August,Saturday,10:00 - 11:59,ALLEN,ST,20,West,HARRIS,ST,PYRMONT,170.0,No,Not a school zone,2-way undivided,-33.87352,151.195889,Sydney,Sydney metro. area,Syd-Newc-Woll Gtr conurbation,Straight,,,,Off,Sealed,Dry,Fine,Daylight,Nil,No traffic controls,50 km/h,State,30,Rear end,301,Same - Rear end,,Rear end,Motorcycle,4 wheel drive / SUV,2,0,0,1,0,8,August,Winter,Saturday,10:00 - 11:59,Midday / afternoon,False,False,True,True
1365829,Injury,Moderate Injury,2024,2024,September,Saturday,12:00 - 13:59,FRASER,DR,0,Right on the spot,VINTAGE LAKES,DR,TWEED HEADS SOUTH,,No,Not a school zone,Roundabout,-28.210078,153.523768,Tweed,Country urban,Rest of NSW - Urban,Curved,,,,Nil,Sealed,Dry,Fine,Daylight,Nil,Give way sign,60 km/h,Local,81,Off left/rt bnd=>obj,803,Off right bend into obj,Left,Vehicle - Object,Car (sedan/hatch),,1,0,0,1,0,9,September,Spring,Saturday,12:00 - 13:59,Midday / afternoon,False,False,True,True
1365830,Injury,Moderate Injury,2024,2024,September,Thursday,00:01 - 01:59,CONCORD,RD,0,Right on the spot,HOMEBUSH BAY,DR,RHODES,200.0,No,Not a school zone,T-junction,-33.83523,151.088108,Canada Bay,Sydney metro. area,Syd-Newc-Woll Gtr conurbation,Curved,Steep grade,,,On,Sealed,Dry,Fine,Darkness,On,No traffic controls,70 km/h,State,36,Right turn sideswipe,308,Same - Rgt turn side swipe,,Other angle,Car (sedan/hatch),Light truck utility(from 2018),2,0,0,1,0,9,September,Spring,Thursday,00:01 - 01:59,Late night / early morning,False,False,True,True
1365831,Injury,Moderate Injury,2024,2024,September,Friday,08:00 - 09:59,CORONATION,DR,0,Right on the spot,ORANGE HIGH SCHOOL,ENT,ORANGE,237.0,Yes,No,2-way undivided,-33.28139,149.08473,Orange,Country urban,Rest of NSW - Urban,Straight,Driveway/entrance,,,Nil,Sealed,Dry,Fine,Daylight,Nil,No traffic controls,50 km/h,Regional,47,Emerging from drive,406,Manov - Emerging from driveway,,Right angle,4 wheel drive / SUV,Motorised push scooters,2,0,0,1,0,9,September,Spring,Friday,08:00 - 09:59,AM peak / school commute,True,False,True,True
1365832,Injury,Serious Injury,2024,2024,August,Saturday,10:00 - 11:59,TURONDALE,RD,400,South,HILL END,RD,CRUDINE,,No,Not a school zone,2-way undivided,-33.047797,149.626157,Bathurst Regional,Country non-urban,Rest of NSW - Rural,Straight,Steep grade,,,Nil,Sealed,Dry,Fine,Daylight,Nil,No traffic controls,100 km/h,Local,67,Struck animal,609,On path - Hit animal,,Vehicle - Animal,Motorcycle,,1,0,1,0,0,8,August,Winter,Saturday,10:00 - 11:59,Midday / afternoon,False,False,True,True
1365833,Injury,Serious Injury,2024,2024,September,Thursday,14:00 - 15:59,WYONG,RD,0,Right on the spot,PACIFIC,HWY,TUGGERAH,335.0,No,Not a school zone,X-intersection,-33.308989,151.418518,Central Coast,Country urban,Syd-Newc-Woll Gtr conurbation,Straight,,,,Off,Sealed,Dry,Fine,Daylight,On,No traffic controls,70 km/h,State,10,Cross traffic,101,Adj - Cross traffic,,Right angle,Station wagon,4 wheel drive / SUV,2,0,1,0,0,9,September,Spring,Thursday,14:00 - 15:59,Midday / afternoon,False,False,True,True
1365834,Injury,Serious Injury,2024,2024,September,Saturday,10:00 - 11:59,LAKEMBA,ST,10,West,MACDONALD,ST,LAKEMBA,7051.0,No,Not a school zone,T-junction,-33.918984,151.073399,Canterbury-Bankstown,Sydney metro. area,Syd-Newc-Woll Gtr conurbation,Straight,,,,Nil,Sealed,Dry,Fine,Daylight,Nil,Ped crossing,50 km/h,Regional,0,Ped nearside,1,Ped - Near side,,Vehicle - Pedestrian,Car (sedan/hatch),Pedestrian,2,0,1,0,0,9,September,Spring,Saturday,10:00 - 11:59,Midday / afternoon,False,False,True,True
1365835,Injury,Serious Injury,2024,2024,September,Wednesday,08:00 - 09:59,FOVEAUX,ST,15,East,WATERLOO,ST,SURRY HILLS,7301.0,No,Not a school zone,1-way street,-33.884727,151.211571,Sydney,Sydney metro. area,Syd-Newc-Woll Gtr conurbation,Straight,Steep grade,,,Nil,Sealed,Dry,Fine,Daylight,Nil,No traffic controls,40 km/h,Regional,42,Leaving parking,401,Manov - Leaving parking,,Other angle,Car (sedan/hatch),Pedal cycle,2,0,1,0,0,9,September,Spring,Wednesday,08:00 - 09:59,AM peak / school commute,True,False,True,True
1365837,Injury,Serious Injury,2024,2024,September,Thursday,12:00 - 13:59,RAILWAY,ST,50,North,OCEAN BEACH,RD,WOY WOY,7752.0,No,Not a school zone,2-way undivided,-33.488659,151.32029,Central Coast,Country urban,Syd-Newc-Woll Gtr conurbation,Straight,Foot/cycle path/nature strip,,,Nil,Sealed,Dry,Fine,Daylight,Nil,No traffic controls,60 km/h,Regional,34,Lane change right,306,Same - Lane change right,,Other angle,Pedal cycle,Light truck utility(from 2018),2,0,1,0,0,9,September,Spring,Thursday,12:00 - 13:59,Midday / afternoon,False,False,True,True
1365838,Injury,Serious Injury,2024,2024,September,Monday,02:00 - 03:59,FORESHORE,RD,0,Right on the spot,HALE,ST,BOTANY,617.0,No,Not a school zone,T-junction,-33.946478,151.189039,Bayside,Sydney metro. area,Syd-Newc-Woll Gtr conurbation,Straight,,,,On,Sealed,Dry,Fine,Darkness,On,No traffic controls,80 km/h,State,30,Rear end,301,Same - Rear end,,Rear end,Motorcycle,Motorcycle,2,0,2,0,0,9,September,Spring,Monday,02:00 - 03:59,Late night / early morning,False,False,True,True
1365839,Injury,Serious Injury,2024,2024,August,Wednesday,16:00 - 17:59,FORE,ST,70,North,WOOLCOTT,ST,CANTERBURY,7053.0,No,Not a school zone,2-way undivided,-33.917053,151.118825,Canterbury-Bankstown,Sydney metro. area,Syd-Newc-Woll Gtr conurbation,Straight,Foot/cycle path/nature strip,,,Off,Sealed,Dry,Fine,Daylight,Nil,Ped crossing,50 km/h,Regional,48,From footpath,408,Manov - From footway,,Other angle,Pedal cycle,Car (sedan/hatch),2,0,1,0,0,8,August,Winter,Wednesday,16:00 - 17:59,PM peak / evening commute,True,False,True,True
1365840,Injury,Serious Injury,2024,2024,September,Tuesday,14:00 - 15:59,SPINKS,RD,0,Right on the spot,ROSE,CRES,GLOSSODIA,7207.0,No,Not a school zone,X-intersection,-33.534998,150.758858,Hawkesbury,Country urban,Syd-Newc-Woll Gtr conurbation,Curved,,,,Nil,Sealed,Dry,Fine,Daylight,Nil,Give way sign,60 km/h,Regional,10,Cross traffic,101,Adj - Cross traffic,,Right angle,4 wheel drive / SUV,Station wagon,2,0,1,0,0,9,September,Spring,Tuesday,14:00 - 15:59,Midday / afternoon,False,False,True,True
1365841,Injury,Serious Injury,2024,2024,September,Monday,06:00 - 07:59,GOLDEN GROVE,RD,250,North,BASHAMS,LANE,YOUNG,,No,Not a school zone,2-way undivided,-34.281431,148.343184,Hilltops,Country non-urban,Rest of NSW - Rural,Curved,,,,Nil,Unsealed,Dry,Fine,Daylight,Nil,No traffic controls,100 km/h,Local,88,Out of cont on bend,805,Out of control on bend,,Rollover,Motorcycle,,2,0,1,0,0,9,September,Spring,Monday,06:00 - 07:59,AM peak / school commute,True,False,True,True
1365842,Injury,Moderate Injury,2024,2024,August,Thursday,04:00 - 05:59,MITCHELL,HWY,10,West,HILL,ST,MOLONG,7.0,No,Not a school zone,T-junction,-33.089031,148.862828,Cabonne,Country urban,Rest of NSW - Urban,Curved,Steep grade,,,On,Sealed,Dry,Fine,Dawn,Nil,No traffic controls,60 km/h,State,85,Off rt/lft bnd=>obj,804,Off left bend into obj,Right,Vehicle - Object,Car (sedan/hatch),,1,0,0,1,0,8,August,Winter,Thursday,04:00 - 05:59,Late night / early morning,False,False,True,True
1365844,Injury,Serious Injury,2024,2024,September,Friday,12:00 - 13:59,GREAT WESTERN,HWY,100,East,TABLELAND,RD,WENTWORTH FALLS,5.0,No,Not a school zone,Divided road,-33.725395,150.385269,Blue Mountains,Country urban,Syd-Newc-Woll Gtr conurbation,Curved,,,,Off,Sealed,Dry,Fine,Daylight,Nil,No traffic controls,80 km/h,State,30,Rear end,301,Same - Rear end,,Rear end,Car (sedan/hatch),Car (sedan/hatch),3,0,1,0,0,9,September,Spring,Friday,12:00 - 13:59,Midday / afternoon,False,False,True,True
1365845,Injury,Serious Injury,2024,2024,September,Thursday,18:00 - 19:59,FOREST RIDGE,DR,200,North,GREAT WESTERN,HWY,WALLERAWANG,,No,Not a school zone,2-way undivided,-33.436876,150.061305,Lithgow,Country urban,Rest of NSW - Urban,Curved,Steep grade,,,Nil,Sealed,Wet,Raining,Darkness,Nil,No traffic controls,70 km/h,Local,85,Off rt/lft bnd=>obj,804,Off left bend into obj,Right,Vehicle - Object,4 wheel drive / SUV,,1,0,1,0,0,9,September,Spring,Thursday,18:00 - 19:59,PM peak / evening commute,True,False,True,True
1365846,Injury,Serious Injury,2024,2024,September,Friday,16:00 - 17:59,ELIZABETH,ST,0,Right on the spot,REDFERN,ST,REDFERN,2083.0,No,Not a school zone,X-intersection,-33.893242,151.207298,Sydney,Sydney metro. area,Syd-Newc-Woll Gtr conurbation,Straight,,,,Off,Sealed,Dry,Fine,Dusk,On,No traffic controls,50 km/h,Regional,35,Lane change left,307,Same - Lane change left,,Other angle,Car (sedan/hatch),Car (sedan/hatch),2,0,1,0,0,9,September,Spring,Friday,16:00 - 17:59,PM peak / evening commute,True,False,True,True
1365847,Injury,Serious Injury,2024,2024,August,Tuesday,18:00 - 19:59,WETHERILL,ST,0,Right on the spot,SHAKESPEARE,ST,SMITHFIELD,7230.0,No,Not a school zone,T-junction,-33.855286,150.917224,Fairfield,Sydney metro. area,Syd-Newc-Woll Gtr conurbation,Straight,,,,On,Sealed,Dry,Fine,Darkness,On,No traffic controls,60 km/h,Regional,21,Right through,202,Opp - Right-thru,,Other angle,4 wheel drive / SUV,Car (sedan/hatch),2,0,1,1,0,8,August,Winter,Tuesday,18:00 - 19:59,PM peak / evening commute,True,False,True,True
1365848,Injury,Minor/Other Injury,2024,2024,September,Friday,18:00 - 19:59,GREAT WESTERN,HWY,0,Right on the spot,FLUSHCOMBE,RD,BLACKTOWN,5.0,No,Not a school zone,T-junction,-33.800536,150.903675,Blacktown,Sydney metro. area,Syd-Newc-Woll Gtr conurbation,Straight,,,,On,Sealed,Dry,Fine,Darkness,On,No traffic controls,80 km/h,State,32,Right rear,303,Same - Rear right,,Rear end,4 wheel drive / SUV,Car (sedan/hatch),2,0,0,0,1,9,September,Spring,Friday,18:00 - 19:59,PM peak / evening commute,True,False,True,True
1365849,Injury,Serious Injury,2024,2024,September,Monday,06:00 - 07:59,EAST MARKET,ST,0,Right on the spot,LENNOX,ST,RICHMOND,537.0,No,Not a school zone,X-intersection,-33.600674,150.750954,Hawkesbury,Country urban,Syd-Newc-Woll Gtr conurbation,Straight,,,,Off,Sealed,Dry,Fine,Daylight,On,Ped crossing,60 km/h,State,2,Ped far side,3,Ped - Far side,,Vehicle - Pedestrian,4 wheel drive / SUV,Pedestrian,2,0,1,0,0,9,September,Spring,Monday,06:00 - 07:59,AM peak / school commute,True,False,True,True
1365850,Injury,Moderate Injury,2024,2024,September,Tuesday,18:00 - 19:59,SOUTH CREEK,RD,0,Right on the spot,BILLARONG,AVE,DEE WHY,7365.0,No,Not a school zone,T-junction,-33.744122,151.293752,Northern Beaches,Sydney metro. area,Syd-Newc-Woll Gtr conurbation,Straight,,,,On,Sealed,Dry,Fine,Dusk,Nil,Stop sign,50 km/h,Regional,73,Off rd rght => obj,704,Right off cway into obj,,Vehicle - Object,Car (sedan/hatch),,1,0,0,1,0,9,September,Spring,Tuesday,18:00 - 19:59,PM peak / evening commute,True,False,True,True
1365851,Injury,Moderate Injury,2024,2024,September,Wednesday,18:00 - 19:59,DARLING,ST,25,North,VICTORIA,RD,ROZELLE,7318.0,No,Not a school zone,2-way undivided,-33.863611,151.170267,Inner West,Sydney metro. area,Syd-Newc-Woll Gtr conurbation,Straight,Painted double centre lines,,,On,Sealed,Wet,Raining,Dusk,Nil,No traffic controls,40 km/h,Regional,40,U turn,207,Opp - U-turn,,Other angle,Car (sedan/hatch),Motor scooter,2,0,0,1,0,9,September,Spring,Wednesday,18:00 - 19:59,PM peak / evening commute,True,False,True,True
1365852,Injury,Serious Injury,2024,2024,August,Sunday,08:00 - 09:59,DARLING,ST,0,Right on the spot,HART,ST,BALMAIN,,No,Not a school zone,T-junction,-33.858111,151.188705,Inner West,Sydney metro. area,Syd-Newc-Woll Gtr conurbation,Straight,,,,Off,Sealed,Dry,Fine,Daylight,Nil,No traffic controls,40 km/h,Local,21,Right through,202,Opp - Right-thru,,Other angle,Car (sedan/hatch),Pedal cycle,2,0,1,0,0,8,August,Winter,Sunday,08:00 - 09:59,AM peak / school commute,True,False,True,True
1365854,Injury,Serious Injury,2024,2024,September,Wednesday,12:00 - 13:59,COWARD,ST,0,Right on the spot,KENT,RD,MASCOT,659.0,No,Not a school zone,X-intersection,-33.923861,151.183899,Bayside,Sydney metro. area,Syd-Newc-Woll Gtr conurbation,Straight,,,,Off,Sealed,Dry,Fine,Daylight,On,No traffic controls,50 km/h,State,31,Left rear,302,Same - Rear left,,Rear end,Light truck,4 wheel drive / SUV,2,0,1,0,0,9,September,Spring,Wednesday,12:00 - 13:59,Midday / afternoon,False,False,True,True
1365855,Injury,Minor/Other Injury,2024,2024,September,Wednesday,14:00 - 15:59,MONARO,HWY,1800,South,BUKALONG SIDING,RD,BIBBENLUKE,19.0,No,Not a school zone,2-way undivided,-36.826956,149.284679,Snowy Monaro Regional,Country non-urban,Rest of NSW - Rural,Curved,Embankment/cutting,,,Nil,Sealed,Wet,Raining,Daylight,Nil,No traffic controls,100 km/h,State,83,Off rt/rt bnd=>obj,803,Off right bend into obj,Right,Vehicle - Object,Passenger van,,1,0,0,0,1,9,September,Spring,Wednesday,14:00 - 15:59,Midday / afternoon,False,False,True,True
1365856,Injury,Minor/Other Injury,2024,2024,August,Sunday,18:00 - 19:59,CULLENDORE,RD,2000,North,MARYLAND CULLENDORE,RD,CULLENDORE,,No,Not a school zone,2-way undivided,-28.453453,152.147454,Tenterfield,Country urban,Rest of NSW - Urban,Curved,Crest,,,Nil,Sealed,Dry,Fine,Darkness,Nil,No traffic controls,80 km/h,Local,84,Off right/left bend,802,Off cway left bend,Right,Rollover,Car (sedan/hatch),,1,0,0,0,3,8,August,Winter,Sunday,18:00 - 19:59,PM peak / evening commute,True,False,True,True
1365857,Injury,Moderate Injury,2024,2024,September,Tuesday,16:00 - 17:59,CASTLEREAGH,RD,0,Right on the spot,WEST WILCHARD,RD,CASTLEREAGH,2109.0,No,Not a school zone,X-intersection,-33.67333,150.676052,Penrith,Sydney metro. area,Syd-Newc-Woll Gtr conurbation,Straight,,,,Off,Sealed,Dry,Fine,Daylight,Nil,Stop sign,80 km/h,Regional,30,Rear end,301,Same - Rear end,,Rear end,Motorcycle,4 wheel drive / SUV,2,0,0,1,0,9,September,Spring,Tuesday,16:00 - 17:59,PM peak / evening commute,True,False,True,True
1365858,Injury,Serious Injury,2024,2024,September,Wednesday,10:00 - 11:59,TERRIGAL,DR,0,Right on the spot,MOBBS,RD,TERRIGAL,505.0,No,Not a school zone,Roundabout,-33.437523,151.411482,Central Coast,Country urban,Syd-Newc-Woll Gtr conurbation,Straight,,,,Nil,Sealed,Dry,Overcast,Daylight,Nil,Give way sign,70 km/h,State,30,Rear end,301,Same - Rear end,,Rear end,Car (sedan/hatch),4 wheel drive / SUV,2,0,1,1,0,9,September,Spring,Wednesday,10:00 - 11:59,Midday / afternoon,False,False,True,True
1365860,Injury,Moderate Injury,2024,2024,October,Tuesday,14:00 - 15:59,DARLING,ST,0,Right on the spot,WINGEWARRA,ST,DUBBO,,Yes,No,X-intersection,-32.249648,148.605864,Dubbo Regional,Country urban,Rest of NSW - Urban,Straight,,,,Off,Sealed,Dry,Fine,Daylight,Off,No traffic controls,50 km/h,Local,10,Cross traffic,101,Adj - Cross traffic,,Right angle,4 wheel drive / SUV,4 wheel drive / SUV,2,0,0,2,0,10,October,Spring,Tuesday,14:00 - 15:59,Midday / afternoon,False,False,True,True
1365861,Injury,Moderate Injury,2024,2024,September,Tuesday,18:00 - 19:59,GOLDEN HILL,AVE,200,South,SHOALHAVEN HEADS,RD,SHOALHAVEN HEADS,,No,Not a school zone,2-way undivided,-34.850481,150.738742,Shoalhaven,Country urban,Rest of NSW - Urban,Straight,Foot/cycle path/nature strip,,,Nil,Sealed,Dry,Fine,Darkness,Nil,No traffic controls,50 km/h,Local,6,Ped on footpath,8,Ped - On footway/median,,Vehicle - Pedestrian,Pedal cycle,Pedestrian,3,0,0,1,1,9,September,Spring,Tuesday,18:00 - 19:59,PM peak / evening commute,True,False,True,True
1365862,Injury,Minor/Other Injury,2024,2024,September,Sunday,12:00 - 13:59,REMEMBRANCE,DVWY,0,Right on the spot,NUMBER 1265,HN,RAZORBACK,620.0,No,Not a school zone,2-way undivided,-34.154376,150.66536,Wollondilly,Country urban,Syd-Newc-Woll Gtr conurbation,Curved,Painted double centre lines,,Loose gravel shoulder,Nil,Sealed,Dry,Fine,Daylight,Nil,No traffic controls,80 km/h,Regional,20,Head on,201,Opp - Head on,,Head-on,Car (sedan/hatch),Car (sedan/hatch),2,0,0,0,2,9,September,Spring,Sunday,12:00 - 13:59,Midday / afternoon,False,False,True,True
1365863,Injury,Moderate Injury,2024,2024,September,Sunday,12:00 - 13:59,CASTLEREAGH,HWY,400,East,RAZORBACK,RD,RUNNING STREAM,18.0,No,Not a school zone,2-way undivided,-33.023562,149.881779,Mid-Western Regional,Country non-urban,Rest of NSW - Rural,Curved,Ditch/drain/culvert,,,Nil,Sealed,Dry,Fine,Daylight,Nil,No traffic controls,100 km/h,State,81,Off left/rt bnd=>obj,803,Off right bend into obj,Left,Vehicle - Object,Car (sedan/hatch),,1,0,0,1,0,9,September,Spring,Sunday,12:00 - 13:59,Midday / afternoon,False,False,True,True
1365864,Injury,Moderate Injury,2024,2024,September,Friday,18:00 - 19:59,WESTERN,DSTR,0,Right on the spot,ANZAC,BDGE,PYRMONT,165.0,No,Not a school zone,Divided road,-33.869745,151.188155,Sydney,Sydney metro. area,Syd-Newc-Woll Gtr conurbation,Straight,Other bridge,,,On,Sealed,Wet,Overcast,Darkness,Nil,No traffic controls,60 km/h,State,34,Lane change right,306,Same - Lane change right,,Other angle,Motorcycle,Light truck utility(from 2018),2,0,0,1,0,9,September,Spring,Friday,18:00 - 19:59,PM peak / evening commute,True,False,True,True
1365865,Injury,Moderate Injury,2024,2024,August,Wednesday,20:00 - 21:59,MCEVOY,ST,0,Right on the spot,ELIZABETH,ST,WATERLOO,528.0,No,Not a school zone,X-intersection,-33.900262,151.206164,Sydney,Sydney metro. area,Syd-Newc-Woll Gtr conurbation,Curved,Crest,,,On,Sealed,Dry,Fine,Darkness,On,No traffic controls,50 km/h,State,21,Right through,202,Opp - Right-thru,,Other angle,4 wheel drive / SUV,4 wheel drive / SUV,2,0,0,1,0,8,August,Winter,Wednesday,20:00 - 21:59,Evening / night,False,False,True,True
1365866,Injury,Minor/Other Injury,2024,2024,October,Wednesday,12:00 - 13:59,WEST,ESP,10,East,EUSTACE,ST,MANLY,2025.0,No,Not a school zone,T-junction,-33.798712,151.28344,Northern Beaches,Sydney metro. area,Syd-Newc-Woll Gtr conurbation,Straight,Painted double centre lines,,,Nil,Sealed,Dry,Fine,Daylight,Nil,No traffic controls,30 km/h,Regional,42,Leaving parking,401,Manov - Leaving parking,,Other angle,Car (sedan/hatch),Motor scooter,2,0,0,0,1,10,October,Spring,Wednesday,12:00 - 13:59,Midday / afternoon,False,False,True,True
1365867,Injury,Moderate Injury,2024,2024,September,Monday,20:00 - 21:59,KINGS,HWY,7300,North,MISTY MOUNTAIN,RD,BUCKENBOWRA,51.0,No,Not a school zone,2-way undivided,-35.546522,149.956084,Eurobodalla,Country urban,Rest of NSW - Urban,Curved,Steep grade,,,Nil,Sealed,Dry,Fine,Darkness,Nil,No traffic controls,70 km/h,State,87,Off lft/lft bnd=>obj,804,Off left bend into obj,Left,Vehicle - Object,4 wheel drive / SUV,,1,0,0,1,0,9,September,Spring,Monday,20:00 - 21:59,Evening / night,False,False,True,True
1365868,Injury,Serious Injury,2024,2024,October,Tuesday,02:00 - 03:59,DENHAM COURT,RD,250,West,CHURCH,RD,DENHAM COURT,7195.0,No,Not a school zone,2-way undivided,-33.982948,150.840647,Campbelltown,Sydney metro. area,Syd-Newc-Woll Gtr conurbation,Curved,,,,On,Sealed,Dry,Fine,Darkness,Nil,No traffic controls,70 km/h,Regional,85,Off rt/lft bnd=>obj,804,Off left bend into obj,Right,Vehicle - Object,Car (sedan/hatch),,1,0,1,1,0,10,October,Spring,Tuesday,02:00 - 03:59,Late night / early morning,False,False,True,True
1365870,Injury,Moderate Injury,2024,2024,September,Wednesday,04:00 - 05:59,HAIGH,AVE,0,Right on the spot,PRINGLE,AVE,BELROSE,,No,Not a school zone,Roundabout,-33.734858,151.213547,Northern Beaches,Sydney metro. area,Syd-Newc-Woll Gtr conurbation,Curved,,Police pursuit,,On,Sealed,Dry,Fine,Darkness,Nil,Give way sign,50 km/h,Local,10,Cross traffic,101,Adj - Cross traffic,,Right angle,Car (sedan/hatch),Car (sedan/hatch),2,0,0,2,0,9,September,Spring,Wednesday,04:00 - 05:59,Late night / early morning,False,False,True,True
1365872,Injury,Serious Injury,2024,2024,September,Thursday,18:00 - 19:59,MCEVOY,ST,0,Right on the spot,ELIZABETH,ST,WATERLOO,528.0,No,Not a school zone,X-intersection,-33.900262,151.206164,Sydney,Sydney metro. area,Syd-Newc-Woll Gtr conurbation,Straight,,,,On,Sealed,Wet,Raining,Dusk,On,No traffic controls,50 km/h,State,2,Ped far side,3,Ped - Far side,,Vehicle - Pedestrian,Light truck utility(from 2018),Pedestrian,2,0,1,0,0,9,September,Spring,Thursday,18:00 - 19:59,PM peak / evening commute,True,False,True,True
1365874,Injury,Serious Injury,2024,2024,September,Wednesday,12:00 - 13:59,LADY WAKEHURST,DR,4050,South,MCKELL,AVE,LILYVALE,393.0,No,Not a school zone,2-way undivided,-34.175,151.026364,Wollongong,Wollongong met. area,Syd-Newc-Woll Gtr conurbation,Curved,Painted double centre lines,,,Nil,Sealed,Dry,Fine,Daylight,Nil,No traffic controls,60 km/h,State,85,Off rt/lft bnd=>obj,804,Off left bend into obj,Right,Vehicle - Object,Car (sedan/hatch),,1,0,1,0,0,9,September,Spring,Wednesday,12:00 - 13:59,Midday / afternoon,False,False,True,True
1365875,Injury,Minor/Other Injury,2024,2024,September,Thursday,10:00 - 11:59,GRAND,DR,0,Right on the spot,ROBERTSON ROAD,TO,CENTENNIAL PARK,,No,Not a school zone,1-way street,-33.897759,151.227787,Randwick,Sydney metro. area,Syd-Newc-Woll Gtr conurbation,Curved,Foot/cycle path/nature strip,,,Nil,Sealed,Dry,Fine,Daylight,Nil,No traffic controls,30 km/h,Local,35,Lane change left,307,Same - Lane change left,,Other angle,Car (sedan/hatch),Pedal cycle,2,0,0,0,1,9,September,Spring,Thursday,10:00 - 11:59,Midday / afternoon,False,False,True,True
1365876,Injury,Moderate Injury,2024,2024,September,Thursday,22:00 - Midnight,LAKE ENTRANCE,RD,0,Right on the spot,WATTLE,RD,BARRACK HEIGHTS,611.0,No,Not a school zone,T-junction,-34.560129,150.842792,Shellharbour,Wollongong met. area,Syd-Newc-Woll Gtr conurbation,Straight,,,,On,Sealed,Wet,Raining,Darkness,On,No traffic controls,70 km/h,State,21,Right through,202,Opp - Right-thru,,Other angle,4 wheel drive / SUV,Car (sedan/hatch),3,0,0,1,0,9,September,Spring,Thursday,22:00 - Midnight,Evening / night,False,False,True,True
1365878,Injury,Serious Injury,2024,2024,October,Thursday,16:00 - 17:59,BOLWARRA,RD,0,Right on the spot,JINDALEE,RD,PORT MACQUARIE,,No,Not a school zone,X-intersection,-31.449794,152.885003,Port Macquarie-Hastings,Country urban,Rest of NSW - Urban,Straight,,,,Nil,Sealed,Dry,Fine,Daylight,Nil,Give way sign,50 km/h,Local,10,Cross traffic,101,Adj - Cross traffic,,Right angle,4 wheel drive / SUV,Light truck utility(from 2018),2,0,1,1,0,10,October,Spring,Thursday,16:00 - 17:59,PM peak / evening commute,True,False,True,True