crash_id,degree_of_crash,degree_of_crash_-_detailed,reporting_year,year_of_crash,month_of_crash,day_of_week_of_crash,two-hour_intervals,street_of_crash,street_type,distance,direction,identifying_feature,identifying_feature_type,town,route_no.,school_zone_location,school_zone_active,type_of_location,latitude,longitude,lga,urbanisation,conurbation_1,alignment,primary_permanent_feature,primary_temporary_feature,primary_hazardous_feature,street_lighting,road_surface,surface_condition,weather,natural_lighting,signals_operation,other_traffic_control,speed_limit,road_classification_(admin),rum_-_code,rum_-_description,dca_-_code,dca_-_description,dca_supplement,first_impact_type,key_tu_type,other_tu_type,no._of_traffic_units_involved,no._killed,no._seriously_injured,no._moderately_injured,no._minor-other_injured,month_num,month_label,season,day_label,time_label,time_band,is_peak_commute,is_fatal,is_injury,is_casualty
1365879,Injury,Moderate Injury,2024,2024,October,Saturday,10:00 - 11:59,CLOTHIERS CREEK,RD,0,Right on the spot,NUMBER 445,HN,CLOTHIERS CREEK,,No,Not a school zone,2-way undivided,-28.328427,153.471002,Tweed,Country urban,Rest of NSW - Urban,Curved,Steep grade,,,Off,Sealed,Dry,Fine,Daylight,Nil,No traffic controls,80 km/h,Local,81,Off left/rt bnd=>obj,803,Off right bend into obj,Left,Vehicle - Object,Motorcycle,,1,0,0,1,0,10,October,Spring,Saturday,10:00 - 11:59,Midday / afternoon,False,False,True,True
1365880,Injury,Serious Injury,2024,2024,October,Tuesday,10:00 - 11:59,CROWN,ST,0,Right on the spot,DEVONSHIRE,ST,SURRY HILLS,,No,Not a school zone,X-intersection,-33.88882,151.213335,Sydney,Sydney metro. area,Syd-Newc-Woll Gtr conurbation,Straight,,,,Off,Sealed,Dry,Fine,Daylight,On,No traffic controls,40 km/h,Local,30,Rear end,301,Same - Rear end,,Rear end,Light truck,Motor scooter,2,0,1,0,0,10,October,Spring,Tuesday,10:00 - 11:59,Midday / afternoon,False,False,True,True
1365881,Injury,Serious Injury,2024,2024,September,Thursday,20:00 - 21:59,PACIFIC,HWY,50,South,WOMERAH,ST,TURRAMURRA,10.0,No,Not a school zone,Divided road,-33.736504,151.133164,Ku-ring-gai,Sydney metro. area,Syd-Newc-Woll Gtr conurbation,Straight,,,,On,Sealed,Wet,Raining,Darkness,Nil,No traffic controls,60 km/h,State,66,Object on road,607,On path - Hit temp object,,Vehicle - Object,Car (sedan/hatch),,1,0,1,0,0,9,September,Spring,Thursday,20:00 - 21:59,Evening / night,False,False,True,True
1365882,Injury,Moderate Injury,2024,2024,October,Wednesday,08:00 - 09:59,WOODLAND,RD,0,Right on the spot,NUMBER 6,HN,ST HELENS PARK,,No,Not a school zone,2-way undivided,-34.098405,150.818045,Campbelltown,Sydney metro. area,Syd-Newc-Woll Gtr conurbation,Straight,,,,Off,Sealed,Dry,Overcast,Daylight,Nil,No traffic controls,60 km/h,Local,71,Off rd left => obj,703,Left off cway into object,,Other angle,Car (sedan/hatch),Car (sedan/hatch),2,0,0,1,0,10,October,Spring,Wednesday,08:00 - 09:59,AM peak / school commute,True,False,True,True
1365883,Injury,Minor/Other Injury,2024,2024,August,Friday,14:00 - 15:59,PENKIVIL,ST,15,North,BONDI,RD,BONDI,7335.0,No,Not a school zone,2-way undivided,-33.893377,151.261052,Waverley,Sydney metro. area,Syd-Newc-Woll Gtr conurbation,Straight,,,,Off,Sealed,Dry,Fine,Daylight,Nil,No traffic controls,50 km/h,Regional,63,Vehicle door,604,On path - Vehicle door,,Other angle,Motor scooter,Light truck utility(from 2018),2,0,0,0,1,8,August,Winter,Friday,14:00 - 15:59,Midday / afternoon,False,False,True,True
1365884,Injury,Serious Injury,2024,2024,September,Saturday,14:00 - 15:59,LAWSON,ST,0,Right on the spot,BARBARA,ST,FAIRFIELD,7223.0,No,Not a school zone,T-junction,-33.874896,150.95404,Fairfield,Sydney metro. area,Syd-Newc-Woll Gtr conurbation,Straight,Steep grade,,,Off,Sealed,Dry,Fine,Daylight,Off,No traffic controls,60 km/h,Regional,10,Cross traffic,101,Adj - Cross traffic,,Right angle,Motorcycle,Passenger van,2,0,1,0,0,9,September,Spring,Saturday,14:00 - 15:59,Midday / afternoon,False,False,True,True
1365885,Injury,Moderate Injury,2024,2024,October,Wednesday,12:00 - 13:59,PRINCES,HWY,670,South,BULLARA,ST,PAMBULA,1.0,No,Not a school zone,2-way undivided,-36.934986,149.870475,Bega Valley,Country urban,Rest of NSW - Urban,Straight,Other bridge,,,Nil,Sealed,Dry,Fine,Daylight,Nil,No traffic controls,80 km/h,State,71,Off rd left => obj,703,Left off cway into object,,Vehicle - Object,Car (sedan/hatch),,1,0,0,1,0,10,October,Spring,Wednesday,12:00 - 13:59,Midday / afternoon,False,False,True,True
1365886,Injury,Moderate Injury,2024,2024,September,Tuesday,06:00 - 07:59,BAYVIEW,AVE,0,Right on the spot,RICHARDSONS,CRES,MARRICKVILLE,2099.0,No,Not a school zone,Roundabout,-33.92201,151.156482,Inner West,Sydney metro. area,Syd-Newc-Woll Gtr conurbation,Curved,Crest,,,Nil,Sealed,Dry,Fine,Daylight,Nil,Give way sign,50 km/h,Regional,10,Cross traffic,101,Adj - Cross traffic,,Right angle,Car (sedan/hatch),Car (sedan/hatch),2,0,0,1,0,9,September,Spring,Tuesday,06:00 - 07:59,AM peak / school commute,True,False,True,True
1365887,Injury,Serious Injury,2024,2024,October,Saturday,10:00 - 11:59,MINMI,RD,100,East,AWABAKAL,DR,FLETCHER,,Yes,No,2-way undivided,-32.873722,151.644912,Newcastle,Newcastle met. area,Syd-Newc-Woll Gtr conurbation,Curved,Steep grade,,,Off,Sealed,Dry,Fine,Daylight,Nil,No traffic controls,60 km/h,Local,81,Off left/rt bnd=>obj,803,Off right bend into obj,Left,Vehicle - Object,Utility,,1,0,1,0,0,10,October,Spring,Saturday,10:00 - 11:59,Midday / afternoon,False,False,True,True
1365888,Injury,Serious Injury,2024,2024,September,Monday,22:00 - Midnight,NORTH ROCKS,RD,20,North,LAWNDALE,AVE,NORTH ROCKS,7144.0,Yes,No,2-way undivided,-33.769452,151.026672,Parramatta,Sydney metro. area,Syd-Newc-Woll Gtr conurbation,Curved,,,,On,Sealed,Dry,Fine,Darkness,Nil,No traffic controls,60 km/h,Regional,87,Off lft/lft bnd=>obj,804,Off left bend into obj,Left,Vehicle - Object,Motorcycle,,1,0,1,0,0,9,September,Spring,Monday,22:00 - Midnight,Evening / night,False,False,True,True
1365889,Injury,Serious Injury,2024,2024,September,Friday,18:00 - 19:59,ANANA RD,RD,20,East,KUNDIBAH,RD,ELANORA HEIGHTS,,Yes,No,2-way undivided,-33.702465,151.285094,Northern Beaches,Sydney metro. area,Syd-Newc-Woll Gtr conurbation,Curved,Steep grade,,,Nil,Sealed,Dry,Overcast,Darkness,Nil,No traffic controls,50 km/h,Local,83,Off rt/rt bnd=>obj,803,Off right bend into obj,Right,Vehicle - Object,Motorcycle,,1,0,1,0,0,9,September,Spring,Friday,18:00 - 19:59,PM peak / evening commute,True,False,True,True
1365891,Injury,Moderate Injury,2024,2024,October,Wednesday,10:00 - 11:59,DOONMORE,ST,0,Right on the spot,HIGH,ST,PENRITH,,Yes,No,Roundabout,-33.755304,150.705259,Penrith,Sydney metro. area,Syd-Newc-Woll Gtr conurbation,Straight,,,,Off,Sealed,Dry,Overcast,Daylight,Nil,Give way sign,50 km/h,Local,71,Off rd left => obj,703,Left off cway into object,,Vehicle - Object,Car (sedan/hatch),,1,0,0,1,0,10,October,Spring,Wednesday,10:00 - 11:59,Midday / afternoon,False,False,True,True
1365893,Injury,Serious Injury,2024,2024,October,Saturday,20:00 - 21:59,MYRTLE,ST,0,Right on the spot,WILEY,ST,CHIPPENDALE,,No,Not a school zone,T-junction,-33.887355,151.197477,Sydney,Sydney metro. area,Syd-Newc-Woll Gtr conurbation,Straight,,,,On,Sealed,Dry,Fine,Darkness,Nil,No traffic controls,40 km/h,Local,15,Right/left far,106,Adj - Right-left from right,,Right angle,Pedal cycle,Pedal cycle,2,0,1,0,0,10,October,Spring,Saturday,20:00 - 21:59,Evening / night,False,False,True,True
1365894,Injury,Minor/Other Injury,2024,2024,October,Thursday,14:00 - 15:59,ALLANDALE,RD,50,North,JURD,ST,CESSNOCK,220.0,No,Not a school zone,2-way undivided,-32.824231,151.352488,Cessnock,Country urban,Rest of NSW - Urban,Straight,Driveway/entrance,,,Nil,Sealed,Dry,Fine,Daylight,Nil,Give way sign,60 km/h,State,47,Emerging from drive,406,Manov - Emerging from driveway,,Right angle,Station wagon,Motorcycle,2,0,0,0,1,10,October,Spring,Thursday,14:00 - 15:59,Midday / afternoon,False,False,True,True
1365896,Injury,Serious Injury,2024,2024,October,Friday,08:00 - 09:59,HUME,HWY,170,South,SALLYS CORNER ROAD,TO,SUTTON FOREST,2.0,No,Not a school zone,Divided road,-34.606696,150.228387,Wingecarribee,Country non-urban,Rest of NSW - Rural,Straight,,,,Off,Sealed,Dry,Fine,Daylight,Nil,No traffic controls,110 km/h,State,71,Off rd left => obj,703,Left off cway into object,,Vehicle - Object,B-double (road train prior 98),,1,0,1,0,0,10,October,Spring,Friday,08:00 - 09:59,AM peak / school commute,True,False,True,True
1365897,Injury,Moderate Injury,2024,2024,October,Sunday,14:00 - 15:59,HARRINGTON,RD,50,East,LONGWORTHS,RD,HARRINGTON,,No,Not a school zone,2-way undivided,-31.869159,152.632098,Mid-Coast,Country non-urban,Rest of NSW - Rural,Straight,,,,Nil,Sealed,Dry,Fine,Daylight,Nil,No traffic controls,90 km/h,Local,74,On road-out of cont.,705,Out of control on cway,,Rollover,Motorcycle,,1,0,0,1,0,10,October,Spring,Sunday,14:00 - 15:59,Midday / afternoon,False,False,True,True
1365899,Injury,Serious Injury,2024,2024,October,Monday,06:00 - 07:59,GINGERS,LANE,300,East,GREY GUM,DR,WESTON,2123.0,No,Not a school zone,2-way undivided,-32.800272,151.458675,Cessnock,Country urban,Rest of NSW - Urban,Straight,Painted double centre lines,,,Off,Sealed,Dry,Fine,Daylight,Nil,No traffic controls,80 km/h,Regional,73,Off rd rght => obj,704,Right off cway into obj,,Vehicle - Object,Light truck utility(from 2018),,1,0,1,0,0,10,October,Spring,Monday,06:00 - 07:59,AM peak / school commute,True,False,True,True
1365900,Injury,Moderate Injury,2024,2024,October,Sunday,12:00 - 13:59,THORNE,RD,200,West,LITTLE,RD,GRIFFITH,,No,Not a school zone,2-way undivided,-34.308395,146.019632,Griffith,Country non-urban,Rest of NSW - Rural,Straight,Narrow roadway,,,Nil,Sealed,Dry,Fine,Daylight,Nil,No traffic controls,100 km/h,Local,20,Head on,201,Opp - Head on,,Head-on,Light truck utility(from 2018),Large rigid,2,0,0,1,0,10,October,Spring,Sunday,12:00 - 13:59,Midday / afternoon,False,False,True,True
1365901,Injury,Serious Injury,2024,2024,October,Sunday,02:00 - 03:59,MINNAMURRA,RD,0,Right on the spot,NUMBER 64,HN,GOROKAN,,No,Not a school zone,2-way undivided,-33.257353,151.495766,Central Coast,Country urban,Syd-Newc-Woll Gtr conurbation,Straight,Painted double centre lines,,,On,Sealed,Wet,Raining,Darkness,Nil,No traffic controls,50 km/h,Local,73,Off rd rght => obj,704,Right off cway into obj,,Vehicle - Object,Car (sedan/hatch),,1,0,1,0,0,10,October,Spring,Sunday,02:00 - 03:59,Late night / early morning,False,False,True,True
1365902,Injury,Moderate Injury,2024,2024,October,Monday,16:00 - 17:59,NEWELL,HWY,14300,North,OXLEY,HWY,COONABARABRAN,17.0,No,Not a school zone,2-way undivided,-31.133907,149.378589,Warrumbungle,Country non-urban,Rest of NSW - Rural,Curved,,,,Nil,Sealed,Dry,Fine,Daylight,Nil,No traffic controls,110 km/h,State,80,Off left/right bend,801,Off cway right bend,Left,Rollover,Light truck,,1,0,0,1,0,10,October,Spring,Monday,16:00 - 17:59,PM peak / evening commute,True,False,True,True
1365903,Injury,Moderate Injury,2024,2024,October,Saturday,22:00 - Midnight,LEGGETTS,DR,160,South,SANDY CREEK,RD,MOUNT VINCENT,220.0,No,Not a school zone,2-way undivided,-32.918345,151.478792,Cessnock,Country non-urban,Rest of NSW - Rural,Straight,Driveway/entrance,,,Off,Sealed,Wet,Raining,Darkness,Nil,No traffic controls,90 km/h,State,47,Emerging from drive,406,Manov - Emerging from driveway,,Right angle,4 wheel drive / SUV,Motorcycle,2,0,0,1,0,10,October,Spring,Saturday,22:00 - Midnight,Evening / night,False,False,True,True
1365904,Injury,Serious Injury,2024,2024,October,Monday,10:00 - 11:59,TOORAWEENAH,RD,5100,South,NEWELL,HWY,TOORAWEENAH,,No,Not a school zone,2-way undivided,-31.513771,148.93059,Gilgandra,Country non-urban,Rest of NSW - Rural,Curved,Ditch/drain/culvert,,,Nil,Unsealed,Dry,Fine,Daylight,Nil,No traffic controls,100 km/h,Local,82,Off right/right bend,801,Off cway right bend,Right,Rollover,4 wheel drive / SUV,,1,0,1,0,2,10,October,Spring,Monday,10:00 - 11:59,Midday / afternoon,False,False,True,True
1365906,Injury,Moderate Injury,2024,2024,September,Sunday,14:00 - 15:59,PACIFIC,HWY,10,South,WARRANGI,ST,PYMBLE,10.0,No,Not a school zone,T-junction,-33.737999,151.13481,Ku-ring-gai,Sydney metro. area,Syd-Newc-Woll Gtr conurbation,Straight,Steep grade,,,Off,Sealed,Dry,Fine,Daylight,Nil,No traffic controls,60 km/h,State,3,Ped on carriageway,4,Ped - On carriageway,,Vehicle - Pedestrian,Car (sedan/hatch),Pedestrian,3,0,0,1,0,9,September,Spring,Sunday,14:00 - 15:59,Midday / afternoon,False,False,True,True
1365907,Injury,Serious Injury,2024,2024,October,Thursday,16:00 - 17:59,CHANDOS,ST,0,Right on the spot,OXLEY,ST,ST LEONARDS,2091.0,No,Not a school zone,Roundabout,-33.82206,151.19899,Willoughby,Sydney metro. area,Syd-Newc-Woll Gtr conurbation,Straight,,,,Nil,Sealed,Dry,Fine,Dusk,Nil,Give way sign,50 km/h,Regional,10,Cross traffic,101,Adj - Cross traffic,,Right angle,Unknown motor vehicle,Pedal cycle,2,0,1,0,0,10,October,Spring,Thursday,16:00 - 17:59,PM peak / evening commute,True,False,True,True
1365908,Injury,Minor/Other Injury,2024,2024,October,Monday,22:00 - Midnight,BRAYNE,RD,0,Right on the spot,MERRIGAL,ST,GRIFFITH,,No,Not a school zone,T-junction,-34.280945,146.030894,Griffith,Country urban,Rest of NSW - Urban,Straight,,,,On,Sealed,Dry,Fine,Darkness,Nil,Give way sign,50 km/h,Local,85,Off rt/lft bnd=>obj,706,Left turn,Right,Vehicle - Object,Car (sedan/hatch),,1,0,0,0,1,10,October,Spring,Monday,22:00 - Midnight,Evening / night,False,False,True,True
1365909,Injury,Moderate Injury,2024,2024,September,Thursday,16:00 - 17:59,HOLDSWORTH,DR,150,West,MAIN,ST,MOUNT ANNAN,,No,Not a school zone,2-way undivided,-34.047829,150.755504,Camden,Sydney metro. area,Syd-Newc-Woll Gtr conurbation,Straight,Driveway/entrance,,,Off,Sealed,Dry,Fine,Daylight,Nil,No traffic controls,50 km/h,Local,48,From footpath,408,Manov - From footway,,Other angle,Pedal cycle,4 wheel drive / SUV,2,0,0,1,0,9,September,Spring,Thursday,16:00 - 17:59,PM peak / evening commute,True,False,True,True
1365910,Injury,Moderate Injury,2024,2024,October,Saturday,00:01 - 01:59,HUME,HWY,4000,North,AVON DAM ROAD,OP,PHEASANTS NEST,2.0,No,Not a school zone,Dual freeway,-34.286591,150.634071,Wollondilly,Country non-urban,Syd-Newc-Woll Gtr conurbation,Curved,,,,Nil,Sealed,Dry,Fine,Darkness,Nil,No traffic controls,110 km/h,State,87,Off lft/lft bnd=>obj,804,Off left bend into obj,Left,Vehicle - Object,Passenger van,,1,0,0,1,0,10,October,Spring,Saturday,00:01 - 01:59,Late night / early morning,False,False,True,True
1365911,Injury,Serious Injury,2024,2024,October,Friday,10:00 - 11:59,BROWNE,ST,0,Right on the spot,QUEEN,ST,CAMPBELLTOWN,,No,Not a school zone,T-junction,-34.064553,150.816191,Campbelltown,Sydney metro. area,Syd-Newc-Woll Gtr conurbation,Straight,,,,Off,Sealed,Dry,Fine,Daylight,Nil,Stop sign,50 km/h,Local,0,Ped nearside,1,Ped - Near side,,Vehicle - Pedestrian,Passenger van,Pedestrian,2,0,1,0,0,10,October,Spring,Friday,10:00 - 11:59,Midday / afternoon,False,False,True,True
1365912,Injury,Minor/Other Injury,2024,2024,October,Saturday,22:00 - Midnight,ROCKY POINT,RD,10,North,BARTON,ST,KOGARAH,199.0,No,Not a school zone,T-junction,-33.971561,151.136338,Bayside,Sydney metro. area,Syd-Newc-Woll Gtr conurbation,Straight,,,,On,Sealed,Dry,Fine,Darkness,On,No traffic controls,60 km/h,State,20,Head on,201,Opp - Head on,,Head-on,4 wheel drive / SUV,Car (sedan/hatch),5,0,0,0,1,10,October,Spring,Saturday,22:00 - Midnight,Evening / night,False,False,True,True
1365913,Injury,Moderate Injury,2024,2024,October,Friday,16:00 - 17:59,BELMORE,RD,0,Right on the spot,WIGGS,RD,RIVERWOOD,2050.0,No,Not a school zone,T-junction,-33.93917,151.054695,Canterbury-Bankstown,Sydney metro. area,Syd-Newc-Woll Gtr conurbation,Straight,Ditch/drain/culvert,,,Off,Sealed,Dry,Fine,Daylight,On,No traffic controls,50 km/h,Regional,75,Off end of road,709,Off end cway or T junct,,Vehicle - Object,Light truck utility(from 2018),,1,0,0,1,0,10,October,Spring,Friday,16:00 - 17:59,PM peak / evening commute,True,False,True,True
1365914,Injury,Moderate Injury,2024,2024,October,Friday,12:00 - 13:59,YAMBIL,ST,50,West,DAINES,ST,GRIFFITH,,No,Not a school zone,2-way undivided,-34.288531,146.039597,Griffith,Country urban,Rest of NSW - Urban,Straight,,,,Nil,Sealed,Dry,Fine,Daylight,Nil,No traffic controls,50 km/h,Local,3,Ped on carriageway,4,Ped - On carriageway,,Vehicle - Pedestrian,Light truck,Ped in toy vehicle,2,0,0,1,0,10,October,Spring,Friday,12:00 - 13:59,Midday / afternoon,False,False,True,True
1365915,Injury,Serious Injury,2024,2024,October,Monday,10:00 - 11:59,BANKS,ST,0,Right on the spot,INMAN,ST,MAROUBRA,,No,Not a school zone,T-junction,-33.939952,151.260775,Randwick,Sydney metro. area,Syd-Newc-Woll Gtr conurbation,Straight,Steep grade,,,Nil,Sealed,Dry,Fine,Daylight,Nil,No traffic controls,50 km/h,Local,74,On road-out of cont.,705,Out of control on cway,,Rollover,Motorcycle,,1,0,1,0,0,10,October,Spring,Monday,10:00 - 11:59,Midday / afternoon,False,False,True,True
1365917,Injury,Moderate Injury,2024,2024,October,Monday,14:00 - 15:59,TARRO,ST,0,Right on the spot,RAILWAY,ST,PELAW MAIN,588.0,No,Not a school zone,Roundabout,-32.824368,151.486429,Cessnock,Country urban,Rest of NSW - Urban,Straight,,,,Off,Sealed,Dry,Fine,Daylight,Nil,Give way sign,60 km/h,State,30,Rear end,301,Same - Rear end,,Rear end,Car (sedan/hatch),Light truck utility(from 2018),2,0,0,1,0,10,October,Spring,Monday,14:00 - 15:59,Midday / afternoon,False,False,True,True
1365919,Injury,Serious Injury,2024,2024,October,Saturday,04:00 - 05:59,MANILLA,RD,1500,North,APPLEBY,LANE,ATTUNGA,63.0,No,Not a school zone,2-way undivided,-30.954364,150.866091,Tamworth Regional,Country non-urban,Rest of NSW - Rural,Curved,Embankment/cutting,,,Nil,Sealed,Wet,Raining,Darkness,Nil,No traffic controls,100 km/h,State,83,Off rt/rt bnd=>obj,803,Off right bend into obj,Right,Vehicle - Object,Car (sedan/hatch),,1,0,1,0,1,10,October,Spring,Saturday,04:00 - 05:59,Late night / early morning,False,False,True,True
1365920,Injury,Moderate Injury,2024,2024,October,Thursday,08:00 - 09:59,BENNETT,RD,50,North,SHANE,ST,COLYTON,,No,Not a school zone,2-way undivided,-33.775959,150.79367,Penrith,Sydney metro. area,Syd-Newc-Woll Gtr conurbation,Straight,Bus stop,,,Nil,Sealed,Dry,Fine,Daylight,Nil,No traffic controls,50 km/h,Local,0,Ped nearside,1,Ped - Near side,,Vehicle - Pedestrian,4 wheel drive / SUV,Pedestrian,2,0,0,1,0,10,October,Spring,Thursday,08:00 - 09:59,AM peak / school commute,True,False,True,True
1365922,Injury,Moderate Injury,2024,2024,October,Monday,14:00 - 15:59,MONARO,HWY,1200,South,BLACK LAKE,RD,BIBBENLUKE,19.0,No,Not a school zone,2-way undivided,-36.826864,149.284679,Snowy Monaro Regional,Country non-urban,Rest of NSW - Rural,Curved,Ditch/drain/culvert,,,Nil,Sealed,Dry,Fine,Daylight,Nil,No traffic controls,100 km/h,State,87,Off lft/lft bnd=>obj,804,Off left bend into obj,Left,Vehicle - Object,Motorcycle,,1,0,0,1,0,10,October,Spring,Monday,14:00 - 15:59,Midday / afternoon,False,False,True,True
1365923,Injury,Serious Injury,2024,2024,August,Friday,16:00 - 17:59,BALMORAL,ST,0,Right on the spot,RUSSELL,ST,BALGOWNIE,,No,Not a school zone,T-junction,-34.390149,150.881623,Wollongong,Wollongong met. area,Syd-Newc-Woll Gtr conurbation,Straight,,,,Nil,Sealed,Dry,Fine,Daylight,Nil,Give way sign,50 km/h,Local,21,Right through,202,Opp - Right-thru,,Other angle,4 wheel drive / SUV,Car (sedan/hatch),2,0,1,0,0,8,August,Winter,Friday,16:00 - 17:59,PM peak / evening commute,True,False,True,True
1365925,Injury,Moderate Injury,2024,2024,October,Thursday,22:00 - Midnight,STURT,HWY,0,Right on the spot,NORTON,ST,EAST WAGGA WAGGA,14.0,No,Not a school zone,Roundabout,-35.120709,147.381676,Wagga Wagga,Country urban,Rest of NSW - Urban,Straight,,,,On,Sealed,Dry,Fine,Darkness,Nil,Give way sign,60 km/h,State,83,Off rt/rt bnd=>obj,707,Right turn,Right,Vehicle - Object,Car (sedan/hatch),,1,0,0,1,0,10,October,Spring,Thursday,22:00 - Midnight,Evening / night,False,False,True,True
1365926,Injury,Serious Injury,2024,2024,October,Tuesday,18:00 - 19:59,MYOCUM DOWNS,DR,0,Right on the spot,MYOCUM,RD,MYOCUM,,No,Not a school zone,T-junction,-28.584961,153.497778,Byron,Country urban,Rest of NSW - Urban,Straight,Crest,,,Nil,Sealed,Dry,Fine,Dusk,Nil,Give way sign,80 km/h,Local,21,Right through,202,Opp - Right-thru,,Other angle,4 wheel drive / SUV,Car (sedan/hatch),2,0,1,1,1,10,October,Spring,Tuesday,18:00 - 19:59,PM peak / evening commute,True,False,True,True
1365927,Injury,Serious Injury,2024,2024,August,Sunday,20:00 - 21:59,RICHMOND,RD,0,Right on the spot,SYMONDS,RD,DEAN PARK,643.0,No,Not a school zone,T-junction,-33.74017,150.862502,Blacktown,Sydney metro. area,Syd-Newc-Woll Gtr conurbation,Straight,,,,On,Sealed,Dry,Fine,Darkness,On,No traffic controls,70 km/h,State,21,Right through,202,Opp - Right-thru,,Other angle,Car (sedan/hatch),Car (sedan/hatch),2,0,1,0,3,8,August,Winter,Sunday,20:00 - 21:59,Evening / night,False,False,True,True
1365930,Injury,Serious Injury,2024,2024,October,Friday,04:00 - 05:59,CENTRAL COAST,HWY,0,Right on the spot,LAKE FRONT MOTEL,OT,THE ENTRANCE NORTH,30.0,No,Not a school zone,2-way undivided,-33.327047,151.504563,Central Coast,Country urban,Syd-Newc-Woll Gtr conurbation,Curved,Painted double centre lines,,,On,Sealed,Wet,Raining,Darkness,Nil,No traffic controls,70 km/h,State,85,Off rt/lft bnd=>obj,804,Off left bend into obj,Right,Vehicle - Object,Station wagon,,1,0,1,1,0,10,October,Spring,Friday,04:00 - 05:59,Late night / early morning,False,False,True,True
1365931,Injury,Serious Injury,2024,2024,September,Saturday,22:00 - Midnight,INDUSTRIAL,DR,0,Right on the spot,TOURLE,ST,MAYFIELD WEST,316.0,No,Not a school zone,T-junction,-32.887033,151.731986,Newcastle,Newcastle met. area,Syd-Newc-Woll Gtr conurbation,Straight,,,,On,Sealed,Dry,Fine,Darkness,On,No traffic controls,80 km/h,State,21,Right through,202,Opp - Right-thru,,Other angle,Station wagon,Passenger van,2,0,1,0,0,9,September,Spring,Saturday,22:00 - Midnight,Evening / night,False,False,True,True
1365932,Injury,Moderate Injury,2024,2024,September,Saturday,22:00 - Midnight,BINGIE,RD,60,North,SPRING,PL,BINGIE,,No,Not a school zone,2-way undivided,-35.993292,150.131534,Eurobodalla,Country urban,Rest of NSW - Urban,Curved,,,,Nil,Sealed,Dry,Fine,Darkness,Nil,No traffic controls,80 km/h,Local,81,Off left/rt bnd=>obj,803,Off right bend into obj,Left,Vehicle - Object,Motorcycle,,1,0,0,1,0,9,September,Spring,Saturday,22:00 - Midnight,Evening / night,False,False,True,True
1365933,Injury,Serious Injury,2024,2024,October,Wednesday,14:00 - 15:59,MULGOA,RD,0,Right on the spot,RANSLEY,ST,PENRITH,155.0,No,Not a school zone,X-intersection,-33.756982,150.686097,Penrith,Sydney metro. area,Syd-Newc-Woll Gtr conurbation,Straight,,,,Off,Sealed,Dry,Fine,Daylight,On,No traffic controls,60 km/h,State,10,Cross traffic,101,Adj - Cross traffic,,Right angle,4 wheel drive / SUV,Car (sedan/hatch),2,0,1,1,0,10,October,Spring,Wednesday,14:00 - 15:59,Midday / afternoon,False,False,True,True
1365934,Injury,Serious Injury,2024,2024,September,Friday,06:00 - 07:59,WILSON,DR,1050,North,CHURCH,AVE,COLO VALE,7635.0,No,Not a school zone,2-way undivided,-34.392455,150.486855,Wingecarribee,Country urban,Rest of NSW - Urban,Straight,Embankment/cutting,,,Nil,Sealed,Dry,Fine,Daylight,Nil,No traffic controls,80 km/h,Regional,71,Off rd left => obj,703,Left off cway into object,,Vehicle - Object,4 wheel drive / SUV,,1,0,1,0,0,9,September,Spring,Friday,06:00 - 07:59,AM peak / school commute,True,False,True,True
1365937,Injury,Minor/Other Injury,2024,2024,August,Wednesday,10:00 - 11:59,WELLS,ST,0,Right on the spot,VICTORIA,ST,EAST GOSFORD,7780.0,No,Not a school zone,T-junction,-33.43527,151.351475,Central Coast,Country urban,Syd-Newc-Woll Gtr conurbation,Straight,Steep grade,,,Off,Sealed,Dry,Fine,Daylight,Nil,Stop sign,60 km/h,Regional,30,Rear end,301,Same - Rear end,,Rear end,4 wheel drive / SUV,4 wheel drive / SUV,2,0,0,0,1,8,August,Winter,Wednesday,10:00 - 11:59,Midday / afternoon,False,False,True,True
1365939,Injury,Serious Injury,2024,2024,September,Thursday,06:00 - 07:59,ELWELL,CL,500,West,BOWDEN,WAY,BERESFIELD,,No,Not a school zone,2-way undivided,-32.803923,151.627774,Newcastle,Newcastle met. area,Syd-Newc-Woll Gtr conurbation,Straight,,,,Off,Sealed,Dry,Overcast,Daylight,Nil,No traffic controls,50 km/h,Local,1,Ped emerging,2,Ped - emerging,,Vehicle - Pedestrian,Large rigid,Pedestrian,2,0,1,0,0,9,September,Spring,Thursday,06:00 - 07:59,AM peak / school commute,True,False,True,True
1365940,Injury,Moderate Injury,2024,2024,October,Tuesday,10:00 - 11:59,PRINCES,HWY,0,Right on the spot,WELLS,ST,ERSKINEVILLE,1.0,No,Not a school zone,T-junction,-33.905174,151.180701,Sydney,Sydney metro. area,Syd-Newc-Woll Gtr conurbation,Straight,,,,Nil,Sealed,Dry,Fine,Daylight,Nil,No traffic controls,40 km/h,State,30,Rear end,301,Same - Rear end,,Rear end,4 wheel drive / SUV,Car (sedan/hatch),2,0,0,1,0,10,October,Spring,Tuesday,10:00 - 11:59,Midday / afternoon,False,False,True,True
1365941,Injury,Moderate Injury,2024,2024,October,Friday,10:00 - 11:59,GREAT WESTERN,HWY,0,Right on the spot,MAIN,ST,BOWENFELS,5.0,No,Not a school zone,X-intersection,-33.481152,150.136809,Lithgow,Country urban,Rest of NSW - Urban,Straight,,,,Off,Sealed,Dry,Fine,Daylight,On,No traffic controls,50 km/h,State,36,Right turn sideswipe,308,Same - Rgt turn side swipe,,Other angle,Car (sedan/hatch),Large rigid,2,0,0,1,0,10,October,Spring,Friday,10:00 - 11:59,Midday / afternoon,False,False,True,True