crash_id,degree_of_crash,degree_of_crash_-_detailed,reporting_year,year_of_crash,month_of_crash,day_of_week_of_crash,two-hour_intervals,street_of_crash,street_type,distance,direction,identifying_feature,identifying_feature_type,town,route_no.,school_zone_location,school_zone_active,type_of_location,latitude,longitude,lga,urbanisation,conurbation_1,alignment,primary_permanent_feature,primary_temporary_feature,primary_hazardous_feature,street_lighting,road_surface,surface_condition,weather,natural_lighting,signals_operation,other_traffic_control,speed_limit,road_classification_(admin),rum_-_code,rum_-_description,dca_-_code,dca_-_description,dca_supplement,first_impact_type,key_tu_type,other_tu_type,no._of_traffic_units_involved,no._killed,no._seriously_injured,no._moderately_injured,no._minor-other_injured,month_num,month_label,season,day_label,time_label,time_band,is_peak_commute,is_fatal,is_injury,is_casualty
1365942,Injury,Serious Injury,2024,2024,October,Monday,14:00 - 15:59,GENERAL HOLMES,DR,200,East,SOUTH WESTERN EXPRESSWAY,TO,MASCOT,194.0,No,Not a school zone,Divided road,-33.945956,151.174834,Bayside,Sydney metro. area,Syd-Newc-Woll Gtr conurbation,Straight,Underpass/tunnel,,,On,Sealed,Dry,Fine,Daylight,Nil,No traffic controls,70 km/h,State,90,Fell in/from vehicle,901,Fell in/from vehicle,,Person - Object,Motorcycle,,1,0,1,0,0,10,October,Spring,Monday,14:00 - 15:59,Midday / afternoon,False,False,True,True
1365944,Injury,Minor/Other Injury,2024,2024,September,Thursday,16:00 - 17:59,LUXFORD,RD,0,Right on the spot,POPONDETTA,RD,BIDWILL,7161.0,No,Not a school zone,T-junction,-33.729018,150.8199,Blacktown,Sydney metro. area,Syd-Newc-Woll Gtr conurbation,Straight,,,,Off,Sealed,Dry,Fine,Daylight,Nil,Give way sign,60 km/h,Regional,32,Right rear,303,Same - Rear right,,Rear end,4 wheel drive / SUV,4 wheel drive / SUV,2,0,0,0,1,9,September,Spring,Thursday,16:00 - 17:59,PM peak / evening commute,True,False,True,True
1365945,Injury,Minor/Other Injury,2024,2024,October,Friday,00:01 - 01:59,MONARO,HWY,5000,North,WILLOWS,RD,MICHELAGO,19.0,No,Not a school zone,2-way undivided,-35.645993,149.163589,Snowy Monaro Regional,Country non-urban,Rest of NSW - Rural,Straight,Embankment/cutting,,,Nil,Sealed,Dry,Fine,Darkness,Nil,No traffic controls,100 km/h,State,67,Struck animal,609,On path - Hit animal,,Vehicle - Animal,Car (sedan/hatch),,1,0,0,0,2,10,October,Spring,Friday,00:01 - 01:59,Late night / early morning,False,False,True,True
1365946,Injury,Moderate Injury,2024,2024,September,Monday,18:00 - 19:59,HUME,HWY,1000,South,BURLEY GRIFFIN,WAY,BOWNING,2.0,No,Not a school zone,Divided road,-34.768145,148.751483,Yass Valley,Country non-urban,Rest of NSW - Rural,Straight,Embankment/cutting,,,Nil,Sealed,Dry,Fine,Darkness,Nil,No traffic controls,110 km/h,State,71,Off rd left => obj,703,Left off cway into object,,Vehicle - Object,Car (sedan/hatch),,1,0,0,1,0,9,September,Spring,Monday,18:00 - 19:59,PM peak / evening commute,True,False,True,True
1365947,Injury,Serious Injury,2024,2024,September,Saturday,08:00 - 09:59,MOWBRAY,RD,0,Right on the spot,ST STEPHEN'S ANGLICAN CHURCH,ENT,ARTARMON,2092.0,No,Not a school zone,2-way undivided,-33.802657,151.193102,Willoughby,Sydney metro. area,Syd-Newc-Woll Gtr conurbation,Curved,Driveway/entrance,,,Off,Sealed,Dry,Fine,Daylight,Nil,No traffic controls,50 km/h,Regional,81,Off left/rt bnd=>obj,803,Off right bend into obj,Left,Vehicle - Object,Car (sedan/hatch),,1,0,1,0,0,9,September,Spring,Saturday,08:00 - 09:59,AM peak / school commute,True,False,True,True
1365949,Injury,Serious Injury,2024,2024,September,Friday,20:00 - 21:59,LUDDENHAM,RD,1220,South,TWIN CREEKS,DR,LUDDENHAM,7286.0,No,Not a school zone,Divided road,-33.839129,150.746286,Penrith,Sydney metro. area,Syd-Newc-Woll Gtr conurbation,Straight,Driveway/entrance,,,Off,Sealed,Dry,Fine,Darkness,Nil,Give way sign,60 km/h,Regional,20,Head on,201,Opp - Head on,,Head-on,Car (sedan/hatch),Light truck utility(from 2018),2,0,1,0,0,9,September,Spring,Friday,20:00 - 21:59,Evening / night,False,False,True,True
1365950,Injury,Minor/Other Injury,2024,2024,August,Saturday,08:00 - 09:59,MONARO,HWY,0,Right on the spot,BARON,ST,COOMA,19.0,No,Not a school zone,Roundabout,-36.232781,149.130642,Snowy Monaro Regional,Country urban,Rest of NSW - Urban,Straight,,,,Off,Sealed,Dry,Fine,Daylight,Nil,Give way sign,50 km/h,State,10,Cross traffic,101,Adj - Cross traffic,,Right angle,4 wheel drive / SUV,Motorcycle,2,0,0,0,1,8,August,Winter,Saturday,08:00 - 09:59,AM peak / school commute,True,False,True,True
1365951,Injury,Serious Injury,2024,2024,September,Thursday,16:00 - 17:59,M2 HILLS,EXP,800,East,BEECROFT ROAD,TO,NORTH EPPING,6002.0,No,Not a school zone,Dual freeway,-33.764173,151.092712,Hornsby,Sydney metro. area,Syd-Newc-Woll Gtr conurbation,Curved,,,,Nil,Sealed,Dry,Fine,Daylight,Nil,No traffic controls,100 km/h,State,33,Lane sideswipe,305,Same - Lane side swipe,,Other angle,Motorcycle,4 wheel drive / SUV,2,0,1,0,0,9,September,Spring,Thursday,16:00 - 17:59,PM peak / evening commute,True,False,True,True
1365952,Injury,Moderate Injury,2024,2024,September,Friday,02:00 - 03:59,BATES,DR,60,North,BOX,RD,KAREELA,,No,Not a school zone,Divided road,-34.017788,151.07992,Sutherland,Sydney metro. area,Syd-Newc-Woll Gtr conurbation,Curved,Crest,,,On,Sealed,Wet,Raining,Darkness,Nil,No traffic controls,50 km/h,Local,87,Off lft/lft bnd=>obj,804,Off left bend into obj,Left,Vehicle - Object,4 wheel drive / SUV,,1,0,0,1,0,9,September,Spring,Friday,02:00 - 03:59,Late night / early morning,False,False,True,True
1365953,Injury,Moderate Injury,2024,2024,October,Friday,20:00 - 21:59,M7 WESTLINK,EXP,0,Right on the spot,ROOTY HILL ROAD,TO,OAKHURST,6009.0,No,Not a school zone,Dual freeway,-33.738675,150.847839,Blacktown,Sydney metro. area,Syd-Newc-Woll Gtr conurbation,Straight,,,,On,Sealed,Wet,Raining,Darkness,Nil,No traffic controls,100 km/h,State,71,Off rd left => obj,703,Left off cway into object,,Vehicle - Object,Station wagon,,1,0,0,1,0,10,October,Spring,Friday,20:00 - 21:59,Evening / night,False,False,True,True
1365954,Injury,Serious Injury,2024,2024,October,Friday,00:01 - 01:59,HENRY LAWSON,DR,50,South,TOWER,RD,BANKSTOWN AERODROME,508.0,No,Not a school zone,Divided road,-33.927416,150.979793,Canterbury-Bankstown,Sydney metro. area,Syd-Newc-Woll Gtr conurbation,Straight,,,,On,Sealed,Dry,Fine,Darkness,Nil,No traffic controls,60 km/h,State,30,Rear end,301,Same - Rear end,,Rear end,Car (sedan/hatch),4 wheel drive / SUV,3,0,1,1,0,10,October,Spring,Friday,00:01 - 01:59,Late night / early morning,False,False,True,True
1365957,Injury,Moderate Injury,2024,2024,September,Sunday,16:00 - 17:59,WESTERN,EXP,100,West,CUMBERLAND HIGHWAY,OP,GREYSTANES,6004.0,No,Not a school zone,Dual freeway,-33.815871,150.962247,Cumberland,Sydney metro. area,Syd-Newc-Woll Gtr conurbation,Straight,,,,On,Sealed,Wet,Fine,Dusk,Nil,No traffic controls,90 km/h,State,73,Off rd rght => obj,704,Right off cway into obj,,Vehicle - Object,Car (sedan/hatch),,1,0,0,1,0,9,September,Spring,Sunday,16:00 - 17:59,PM peak / evening commute,True,False,True,True
1365958,Injury,Serious Injury,2024,2024,October,Friday,14:00 - 15:59,UNIVERSITY,DR,15,West,SUNSET,BVD,CALLAGHAN,605.0,No,Not a school zone,Divided road,-32.897245,151.698345,Newcastle,Newcastle met. area,Syd-Newc-Woll Gtr conurbation,Curved,,,,Off,Sealed,Dry,Fine,Daylight,Nil,No traffic controls,60 km/h,State,88,Out of cont on bend,805,Out of control on bend,,Rollover,Motorcycle,,1,0,1,0,0,10,October,Spring,Friday,14:00 - 15:59,Midday / afternoon,False,False,True,True
1365959,Injury,Serious Injury,2024,2024,October,Friday,18:00 - 19:59,CENTRAL COAST,HWY,0,Right on the spot,ALBANY,ST,POINT FREDERICK,30.0,No,Not a school zone,X-intersection,-33.435842,151.344697,Central Coast,Country urban,Syd-Newc-Woll Gtr conurbation,Straight,,,,On,Sealed,Dry,Fine,Dusk,Nil,Give way sign,60 km/h,State,2,Ped far side,3,Ped - Far side,,Vehicle - Pedestrian,Car (sedan/hatch),Pedestrian,2,0,1,1,0,10,October,Spring,Friday,18:00 - 19:59,PM peak / evening commute,True,False,True,True
1365960,Injury,Moderate Injury,2024,2024,October,Monday,12:00 - 13:59,PARK,AVE,150,West,HOWELL,ST,KOTARA,,Yes,No,2-way undivided,-32.942394,151.699763,Newcastle,Newcastle met. area,Syd-Newc-Woll Gtr conurbation,Straight,Steep grade,Roadwks/Detour/Diverson,,Off,Sealed,Dry,Fine,Daylight,Nil,Road/rail worker,60 km/h,Local,20,Head on,201,Opp - Head on,,Head-on,4 wheel drive / SUV,Light truck utility(from 2018),2,0,0,1,0,10,October,Spring,Monday,12:00 - 13:59,Midday / afternoon,False,False,True,True
1365961,Injury,Moderate Injury,2024,2024,September,Saturday,06:00 - 07:59,HAWKESBURY VALLEY,WAY,0,Right on the spot,DAY,ST,WINDSOR,685.0,No,Not a school zone,T-junction,-33.613862,150.817347,Hawkesbury,Country urban,Syd-Newc-Woll Gtr conurbation,Curved,Steep grade,,,Nil,Sealed,Dry,Fog or mist,Dawn,Nil,No traffic controls,60 km/h,State,21,Right through,202,Opp - Right-thru,,Other angle,Car (sedan/hatch),4 wheel drive / SUV,2,0,0,1,2,9,September,Spring,Saturday,06:00 - 07:59,AM peak / school commute,True,False,True,True
1365965,Injury,Moderate Injury,2024,2024,September,Friday,14:00 - 15:59,GILLIAN,CRES,30,West,STOCKHOLM,AVE,HASSALL GROVE,,No,Not a school zone,2-way undivided,-33.728776,150.831293,Blacktown,Sydney metro. area,Syd-Newc-Woll Gtr conurbation,Curved,,,,Off,Sealed,Dry,Fine,Daylight,Nil,No traffic controls,50 km/h,Local,20,Head on,201,Opp - Head on,,Head-on,Station wagon,Car (sedan/hatch),2,0,0,1,0,9,September,Spring,Friday,14:00 - 15:59,Midday / afternoon,False,False,True,True
1365966,Injury,Serious Injury,2024,2024,October,Monday,00:01 - 01:59,HUME,HWY,1300,South,DRAPERS ROAD,OP,COLO VALE,2.0,No,Not a school zone,Dual freeway,-34.429491,150.46413,Wingecarribee,Country non-urban,Rest of NSW - Rural,Curved,Steep grade,,,Nil,Sealed,Dry,Fine,Darkness,Nil,No traffic controls,110 km/h,State,87,Off lft/lft bnd=>obj,804,Off left bend into obj,Left,Vehicle - Object,4 wheel drive / SUV,,1,0,1,0,0,10,October,Spring,Monday,00:01 - 01:59,Late night / early morning,False,False,True,True
1365967,Injury,Moderate Injury,2024,2024,October,Wednesday,12:00 - 13:59,NEWELL,HWY,0,Right on the spot,MINORE,RD,DUBBO,17.0,No,Not a school zone,T-junction,-32.256129,148.587171,Dubbo Regional,Country urban,Rest of NSW - Urban,Curved,,,,Off,Sealed,Wet,Raining,Daylight,Nil,Give way sign,60 km/h,State,13,Right near,104,Adj - Right-thru from right,,Right angle,Car (sedan/hatch),Light truck,2,0,0,1,0,10,October,Spring,Wednesday,12:00 - 13:59,Midday / afternoon,False,False,True,True
1365968,Injury,Moderate Injury,2024,2024,April,Wednesday,12:00 - 13:59,WHARF,ST,0,Right on the spot,FLORENCE,ST,TWEED HEADS,7733.0,No,Not a school zone,X-intersection,-28.175763,153.541665,Tweed,Country urban,Rest of NSW - Urban,Straight,,,,Off,Sealed,Dry,Fine,Daylight,On,No traffic controls,60 km/h,Regional,45,Reversing,404,Manov - Reverse in traffic,,Other angle,Car (sedan/hatch),Car (sedan/hatch),2,0,0,1,0,4,April,Autumn,Wednesday,12:00 - 13:59,Midday / afternoon,False,False,True,True
1365969,Injury,Moderate Injury,2024,2024,October,Thursday,02:00 - 03:59,MOWBRAY,RD,0,Right on the spot,PENSHURST,ST,WILLOUGHBY,641.0,No,Not a school zone,X-intersection,-33.803359,151.198228,Willoughby,Sydney metro. area,Syd-Newc-Woll Gtr conurbation,Straight,,,,Nil,Sealed,Dry,Fine,Darkness,On,No traffic controls,50 km/h,State,16,Left near,107,Adj - Left-thru from right,,Right angle,4 wheel drive / SUV,4 wheel drive / SUV,2,0,0,1,0,10,October,Spring,Thursday,02:00 - 03:59,Late night / early morning,False,False,True,True
1365970,Injury,Minor/Other Injury,2024,2024,October,Wednesday,20:00 - 21:59,RUTLEDGE,ST,0,Right on the spot,SHAFTSBURY,RD,EASTWOOD,574.0,Yes,No,X-intersection,-33.793497,151.077677,Ryde,Sydney metro. area,Syd-Newc-Woll Gtr conurbation,Straight,,,,On,Sealed,Dry,Fine,Darkness,On,No traffic controls,60 km/h,State,30,Rear end,301,Same - Rear end,,Rear end,Car (sedan/hatch),Passenger van,2,0,0,0,1,10,October,Spring,Wednesday,20:00 - 21:59,Evening / night,False,False,True,True
1365971,Injury,Moderate Injury,2024,2024,October,Friday,16:00 - 17:59,PACIFIC,HWY,0,Right on the spot,ARTHUR STREET,TO,COFFS HARBOUR,10.0,No,Not a school zone,Divided road,-30.278546,153.132687,Coffs Harbour,Country urban,Rest of NSW - Urban,Straight,Climb/merge lane,,,Off,Sealed,Dry,Fine,Daylight,Nil,No traffic controls,60 km/h,State,30,Rear end,301,Same - Rear end,,Rear end,Car (sedan/hatch),Light truck utility(from 2018),2,0,0,1,0,10,October,Spring,Friday,16:00 - 17:59,PM peak / evening commute,True,False,True,True
1365973,Injury,Moderate Injury,2024,2024,September,Tuesday,16:00 - 17:59,WITHERS,ST,20,North,BROWN,ST,WEST WALLSEND,,Yes,No,2-way undivided,-32.903761,151.581313,Lake Macquarie,Newcastle met. area,Syd-Newc-Woll Gtr conurbation,Straight,,,,Nil,Sealed,Dry,Fine,Daylight,Nil,No traffic controls,50 km/h,Local,71,Off rd left => obj,703,Left off cway into object,,Other angle,Car (sedan/hatch),Car (sedan/hatch),2,0,0,1,0,9,September,Spring,Tuesday,16:00 - 17:59,PM peak / evening commute,True,False,True,True
1365974,Injury,Serious Injury,2024,2024,October,Thursday,20:00 - 21:59,OLD SOUTH HEAD,RD,0,Right on the spot,MILITARY,RD,VAUCLUSE,339.0,No,Not a school zone,T-junction,-33.862824,151.27838,Waverley,Sydney metro. area,Syd-Newc-Woll Gtr conurbation,Straight,Steep grade,,,On,Sealed,Dry,Fine,Darkness,Nil,Give way sign,50 km/h,State,13,Right near,104,Adj - Right-thru from right,,Right angle,Car (sedan/hatch),Motor scooter,2,0,1,0,0,10,October,Spring,Thursday,20:00 - 21:59,Evening / night,False,False,True,True
1365976,Injury,Serious Injury,2024,2024,October,Tuesday,06:00 - 07:59,BADGALLY,RD,0,Right on the spot,JOHNSON,RD,WOODBINE,7192.0,No,Not a school zone,X-intersection,-34.055642,150.810304,Campbelltown,Sydney metro. area,Syd-Newc-Woll Gtr conurbation,Straight,,,,Off,Sealed,Dry,Fine,Daylight,On,No traffic controls,60 km/h,Regional,10,Cross traffic,101,Adj - Cross traffic,,Right angle,4 wheel drive / SUV,4 wheel drive / SUV,2,0,1,0,1,10,October,Spring,Tuesday,06:00 - 07:59,AM peak / school commute,True,False,True,True
1365977,Injury,Serious Injury,2024,2024,October,Tuesday,20:00 - 21:59,ELSMORE,RD,0,Right on the spot,UNKNOWN,HN,LONG PLAIN,,No,Not a school zone,2-way undivided,-29.801626,151.247671,Inverell,Country non-urban,Rest of NSW - Rural,Straight,Embankment/cutting,,,Nil,Sealed,Dry,Fine,Dusk,Nil,No traffic controls,100 km/h,Local,73,Off rd rght => obj,704,Right off cway into obj,,Vehicle - Object,Light truck utility(from 2018),,1,0,1,0,0,10,October,Spring,Tuesday,20:00 - 21:59,Evening / night,False,False,True,True
1365978,Injury,Moderate Injury,2024,2024,October,Wednesday,12:00 - 13:59,FOURTH,AVE,0,Right on the spot,TENTH,AVE,AUSTRAL,,No,Not a school zone,X-intersection,-33.932247,150.805824,Liverpool,Sydney metro. area,Syd-Newc-Woll Gtr conurbation,Straight,,,,Nil,Sealed,Dry,Fine,Daylight,Nil,Stop sign,60 km/h,Local,10,Cross traffic,101,Adj - Cross traffic,,Right angle,Car (sedan/hatch),Light truck utility(from 2018),2,0,0,2,0,10,October,Spring,Wednesday,12:00 - 13:59,Midday / afternoon,False,False,True,True
1365979,Injury,Minor/Other Injury,2024,2024,October,Thursday,14:00 - 15:59,ARGYLE,ST,20,West,LOWER FORT,ST,MILLERS POINT,,No,Not a school zone,Divided road,-33.858556,151.205041,Sydney,Sydney metro. area,Syd-Newc-Woll Gtr conurbation,Straight,,,,Off,Sealed,Dry,Fine,Daylight,Nil,No traffic controls,40 km/h,Local,90,Fell in/from vehicle,901,Fell in/from vehicle,,Person - Object,Car (sedan/hatch),,5,0,0,0,1,10,October,Spring,Thursday,14:00 - 15:59,Midday / afternoon,False,False,True,True
1365980,Injury,Serious Injury,2024,2024,October,Tuesday,04:00 - 05:59,LORNE,RD,800,East,BLACK CREEK,RD,UPSALLS CREEK,2125.0,No,Not a school zone,2-way undivided,-31.629638,152.673228,Port Macquarie-Hastings,Country urban,Rest of NSW - Urban,Curved,,,,Nil,Sealed,Dry,Fine,Darkness,Nil,No traffic controls,80 km/h,Regional,85,Off rt/lft bnd=>obj,804,Off left bend into obj,Right,Vehicle - Object,Car (sedan/hatch),,1,0,1,0,0,10,October,Spring,Tuesday,04:00 - 05:59,Late night / early morning,False,False,True,True
1365981,Injury,Serious Injury,2024,2024,August,Sunday,18:00 - 19:59,EXCELSIOR,ST,0,Right on the spot,NUMBER 134,HN,MERRYLANDS,,No,Not a school zone,2-way undivided,-33.848764,151.001574,Cumberland,Sydney metro. area,Syd-Newc-Woll Gtr conurbation,Straight,,,,Nil,Sealed,Dry,Fine,Darkness,Nil,No traffic controls,50 km/h,Local,2,Ped far side,3,Ped - Far side,,Vehicle - Pedestrian,Car (sedan/hatch),Pedestrian,2,0,1,0,0,8,August,Winter,Sunday,18:00 - 19:59,PM peak / evening commute,True,False,True,True
1365982,Injury,Moderate Injury,2024,2024,October,Thursday,08:00 - 09:59,SUMMERLAND,WAY,50,South,EARL,ST,CARRS CREEK,83.0,No,Not a school zone,2-way undivided,-29.65027,152.927473,Clarence Valley,Country urban,Rest of NSW - Urban,Curved,,,,Off,Sealed,Dry,Fine,Daylight,Nil,No traffic controls,80 km/h,State,40,U turn,304,Same - U-turn,,Other angle,Car (sedan/hatch),Car (sedan/hatch),2,0,0,1,0,10,October,Spring,Thursday,08:00 - 09:59,AM peak / school commute,True,False,True,True
1365983,Injury,Serious Injury,2024,2024,October,Tuesday,22:00 - Midnight,MOSS VALE,RD,950,North,CAMBEWARRA LOOKOUT,RD,BEAUMONT,261.0,No,Not a school zone,2-way undivided,-34.785382,150.557755,Shoalhaven,Country urban,Rest of NSW - Urban,Curved,Embankment/cutting,,,Nil,Sealed,Dry,Fine,Darkness,Nil,No traffic controls,60 km/h,State,87,Off lft/lft bnd=>obj,804,Off left bend into obj,Left,Vehicle - Object,Car (sedan/hatch),,1,0,1,0,0,10,October,Spring,Tuesday,22:00 - Midnight,Evening / night,False,False,True,True
1365984,Injury,Serious Injury,2024,2024,October,Friday,22:00 - Midnight,BONNOR,ST,0,Right on the spot,BOYD,ST,KELSO,,No,Not a school zone,T-junction,-33.413862,149.611868,Bathurst Regional,Country urban,Rest of NSW - Urban,Straight,Crest,Police pursuit,,On,Sealed,Dry,Overcast,Darkness,Nil,No traffic controls,50 km/h,Local,90,Fell in/from vehicle,901,Fell in/from vehicle,,Person - Object,4 wheel drive / SUV,,1,0,1,0,0,10,October,Spring,Friday,22:00 - Midnight,Evening / night,False,False,True,True
1365985,Injury,Serious Injury,2024,2024,October,Friday,20:00 - 21:59,THE NORTHERN,RD,0,Right on the spot,GLENMORE,PKWY,GLENMORE PARK,154.0,No,Not a school zone,X-intersection,-33.793893,150.698996,Penrith,Sydney metro. area,Syd-Newc-Woll Gtr conurbation,Straight,,,,On,Sealed,Dry,Fine,Darkness,On,No traffic controls,70 km/h,State,30,Rear end,301,Same - Rear end,,Rear end,Light truck utility(from 2018),4 wheel drive / SUV,3,0,1,2,0,10,October,Spring,Friday,20:00 - 21:59,Evening / night,False,False,True,True
1365986,Injury,Minor/Other Injury,2024,2024,October,Thursday,08:00 - 09:59,BRIDGE,RD,0,Right on the spot,GLEBE POINT,RD,GLEBE,523.0,No,Not a school zone,X-intersection,-33.8798,151.18698,Sydney,Sydney metro. area,Syd-Newc-Woll Gtr conurbation,Straight,,,,Off,Sealed,Dry,Fine,Daylight,On,No traffic controls,40 km/h,State,30,Rear end,301,Same - Rear end,,Rear end,4 wheel drive / SUV,Car (sedan/hatch),2,0,0,0,1,10,October,Spring,Thursday,08:00 - 09:59,AM peak / school commute,True,False,True,True
1365987,Injury,Serious Injury,2024,2024,October,Saturday,08:00 - 09:59,TERMINUS,ST,20,West,CRYSTAL,ST,PETERSHAM,,No,Not a school zone,2-way undivided,-33.893437,151.157417,Inner West,Sydney metro. area,Syd-Newc-Woll Gtr conurbation,Straight,Steep grade,,,Off,Sealed,Dry,Fine,Daylight,Nil,No traffic controls,50 km/h,Local,90,Fell in/from vehicle,901,Fell in/from vehicle,,Person - Object,Utility,,5,0,1,0,0,10,October,Spring,Saturday,08:00 - 09:59,AM peak / school commute,True,False,True,True
1365988,Injury,Moderate Injury,2024,2024,October,Monday,16:00 - 17:59,M2 HILLS,EXP,120,West,CUMBERLAND HIGHWAY,TO,BEECROFT,6002.0,No,Not a school zone,Dual freeway,-33.758293,151.053237,Parramatta,Sydney metro. area,Syd-Newc-Woll Gtr conurbation,Straight,,,,Off,Sealed,Dry,Fine,Dusk,Nil,No traffic controls,100 km/h,State,73,Off rd rght => obj,704,Right off cway into obj,,Vehicle - Object,Motorcycle,,1,0,0,1,0,10,October,Spring,Monday,16:00 - 17:59,PM peak / evening commute,True,False,True,True
1365989,Injury,Moderate Injury,2024,2024,October,Thursday,10:00 - 11:59,GREAT WESTERN,HWY,125,West,ORIENT,ST,LAWSON,5.0,No,Not a school zone,Divided road,-33.718526,150.432939,Blue Mountains,Country urban,Syd-Newc-Woll Gtr conurbation,Straight,,,,Nil,Sealed,Dry,Fine,Daylight,Nil,No traffic controls,70 km/h,State,30,Rear end,301,Same - Rear end,,Rear end,4 wheel drive / SUV,Motorcycle,2,0,0,1,0,10,October,Spring,Thursday,10:00 - 11:59,Midday / afternoon,False,False,True,True
1365990,Injury,Serious Injury,2024,2024,September,Wednesday,16:00 - 17:59,BURNHAM,AVE,0,Right on the spot,HEVRELL,CT,GLENWOOD,,No,Not a school zone,T-junction,-33.730787,150.926458,Blacktown,Sydney metro. area,Syd-Newc-Woll Gtr conurbation,Curved,,,,Off,Sealed,Dry,Fine,Daylight,Nil,No traffic controls,50 km/h,Local,3,Ped on carriageway,4,Ped - On carriageway,,Vehicle - Pedestrian,Car (sedan/hatch),Ped in toy vehicle,2,0,1,0,0,9,September,Spring,Wednesday,16:00 - 17:59,PM peak / evening commute,True,False,True,True
1365991,Injury,Minor/Other Injury,2024,2024,October,Saturday,16:00 - 17:59,BONDI,RD,0,Right on the spot,PAUL,ST,BONDI JUNCTION,172.0,No,Not a school zone,X-intersection,-33.892879,151.256313,Waverley,Sydney metro. area,Syd-Newc-Woll Gtr conurbation,Straight,,,,Off,Sealed,Dry,Fine,Daylight,Nil,Give way sign,50 km/h,State,10,Cross traffic,101,Adj - Cross traffic,,Right angle,Station wagon,Car (sedan/hatch),2,0,0,0,1,10,October,Spring,Saturday,16:00 - 17:59,PM peak / evening commute,True,False,True,True
1365992,Injury,Moderate Injury,2024,2024,October,Thursday,14:00 - 15:59,NORTH STEYNE,MS,30,South,COLLINGWOOD,ST,MANLY,7343.0,No,Not a school zone,2-way undivided,-33.786241,151.287566,Northern Beaches,Sydney metro. area,Syd-Newc-Woll Gtr conurbation,Straight,,,,Off,Sealed,Dry,Fine,Daylight,Nil,No traffic controls,30 km/h,Regional,43,Entering parking,402,Manov - Entering parking veh,,Other angle,Car (sedan/hatch),Pedal cycle,2,0,0,1,0,10,October,Spring,Thursday,14:00 - 15:59,Midday / afternoon,False,False,True,True
1365993,Injury,Minor/Other Injury,2024,2024,October,Friday,04:00 - 05:59,CASTLEREAGH,HWY,50000,North,COONAMBLE,TN,WINGADEE,18.0,No,Not a school zone,2-way undivided,-30.555464,148.22636,Coonamble,Country urban,Rest of NSW - Urban,Straight,,Roadwks/Detour/Diverson,,Nil,Sealed,Wet,Raining,Darkness,Nil,Road/rail worker,40 km/h,State,71,Off rd left => obj,703,Left off cway into object,,Vehicle - Object,Semi-trailer,,1,0,0,0,1,10,October,Spring,Friday,04:00 - 05:59,Late night / early morning,False,False,True,True
1365994,Injury,Moderate Injury,2024,2024,October,Monday,14:00 - 15:59,OCEAN,DR,4200,South,ELKHORN,GR,LAKE INNES,600.0,No,Not a school zone,2-way undivided,-31.519262,152.881772,Port Macquarie-Hastings,Country non-urban,Rest of NSW - Rural,Curved,,,,Nil,Sealed,Dry,Fine,Daylight,Nil,No traffic controls,100 km/h,Regional,83,Off rt/rt bnd=>obj,803,Off right bend into obj,Right,Vehicle - Object,Light truck,,1,0,0,1,0,10,October,Spring,Monday,14:00 - 15:59,Midday / afternoon,False,False,True,True
1365995,Injury,Serious Injury,2024,2024,October,Thursday,12:00 - 13:59,DUMARESQ,ST,0,Right on the spot,O'DELL,ST,ARMIDALE,,No,Not a school zone,X-intersection,-30.508604,151.655371,Armidale Regional,Country urban,Rest of NSW - Urban,Straight,,,,Off,Sealed,Dry,Fine,Daylight,Nil,Give way sign,50 km/h,Local,16,Left near,107,Adj - Left-thru from right,,Right angle,Car (sedan/hatch),Light truck,2,0,1,1,0,10,October,Spring,Thursday,12:00 - 13:59,Midday / afternoon,False,False,True,True
1365996,Injury,Serious Injury,2024,2024,October,Tuesday,14:00 - 15:59,CENTRAL COAST,HWY,0,Right on the spot,WEREPI,ST,NORAVILLE,30.0,No,Not a school zone,T-junction,-33.259135,151.560965,Central Coast,Country urban,Syd-Newc-Woll Gtr conurbation,Straight,,,,Nil,Sealed,Dry,Fine,Daylight,Nil,No traffic controls,60 km/h,State,32,Right rear,303,Same - Rear right,,Rear end,Passenger van,4 wheel drive / SUV,3,0,2,1,1,10,October,Spring,Tuesday,14:00 - 15:59,Midday / afternoon,False,False,True,True
1365997,Injury,Serious Injury,2024,2024,October,Saturday,10:00 - 11:59,ELIZABETH,DR,10,West,RESERVOIR,RD,ASHCROFT,535.0,No,Not a school zone,T-junction,-33.913621,150.906627,Liverpool,Sydney metro. area,Syd-Newc-Woll Gtr conurbation,Straight,,,,Off,Sealed,Dry,Fine,Daylight,Nil,Give way sign,70 km/h,State,11,Right far,102,Adj - Right-thru from left,,Right angle,4 wheel drive / SUV,Car (sedan/hatch),3,0,2,0,0,10,October,Spring,Saturday,10:00 - 11:59,Midday / afternoon,False,False,True,True
1365998,Injury,Minor/Other Injury,2024,2024,September,Tuesday,02:00 - 03:59,PACIFIC,HWY,1000,North,CHEERO POINT,RD,CHEERO POINT,10.0,No,Not a school zone,2-way undivided,-33.508519,151.191155,Central Coast,Country urban,Syd-Newc-Woll Gtr conurbation,Curved,Embankment/cutting,,,Nil,Sealed,Dry,Fine,Darkness,Nil,No traffic controls,60 km/h,State,83,Off rt/rt bnd=>obj,803,Off right bend into obj,Right,Vehicle - Object,4 wheel drive / SUV,,1,0,0,0,1,9,September,Spring,Tuesday,02:00 - 03:59,Late night / early morning,False,False,True,True