crash_id,degree_of_crash,degree_of_crash_-_detailed,reporting_year,year_of_crash,month_of_crash,day_of_week_of_crash,two-hour_intervals,street_of_crash,street_type,distance,direction,identifying_feature,identifying_feature_type,town,route_no.,school_zone_location,school_zone_active,type_of_location,latitude,longitude,lga,urbanisation,conurbation_1,alignment,primary_permanent_feature,primary_temporary_feature,primary_hazardous_feature,street_lighting,road_surface,surface_condition,weather,natural_lighting,signals_operation,other_traffic_control,speed_limit,road_classification_(admin),rum_-_code,rum_-_description,dca_-_code,dca_-_description,dca_supplement,first_impact_type,key_tu_type,other_tu_type,no._of_traffic_units_involved,no._killed,no._seriously_injured,no._moderately_injured,no._minor-other_injured,month_num,month_label,season,day_label,time_label,time_band,is_peak_commute,is_fatal,is_injury,is_casualty
1365999,Injury,Minor/Other Injury,2024,2024,June,Tuesday,06:00 - 07:59,OLD NORTHERN,RD,0,Right on the spot,CROSS,ST,BAULKHAM HILLS,160.0,No,Not a school zone,T-junction,-33.752618,150.994155,The Hills,Sydney metro. area,Syd-Newc-Woll Gtr conurbation,Straight,,,,Nil,Sealed,Dry,Unknown,Daylight,Nil,No traffic controls,60 km/h,State,30,Rear end,301,Same - Rear end,,Rear end,Light truck,4 wheel drive / SUV,2,0,0,0,1,6,June,Winter,Tuesday,06:00 - 07:59,AM peak / school commute,True,False,True,True
1366000,Injury,Moderate Injury,2024,2024,September,Thursday,10:00 - 11:59,CARLISLE,AVE,0,Right on the spot,FULLER,ST,MOUNT DRUITT,629.0,No,Not a school zone,T-junction,-33.773833,150.815628,Blacktown,Sydney metro. area,Syd-Newc-Woll Gtr conurbation,Straight,,,,Nil,Sealed,Dry,Fine,Daylight,Off,No traffic controls,60 km/h,State,16,Left near,107,Adj - Left-thru from right,,Right angle,4 wheel drive / SUV,Light truck utility(from 2018),2,0,0,2,0,9,September,Spring,Thursday,10:00 - 11:59,Midday / afternoon,False,False,True,True
1366001,Injury,Serious Injury,2024,2024,September,Sunday,10:00 - 11:59,HUME,HWY,800,North,ILLAWARRA HIGHWAY,OP,SUTTON FOREST,2.0,No,Not a school zone,Divided road,-34.579223,150.252727,Wingecarribee,Country non-urban,Rest of NSW - Rural,Straight,Embankment/cutting,,,Nil,Sealed,Dry,Fine,Daylight,Nil,No traffic controls,110 km/h,State,71,Off rd left => obj,703,Left off cway into object,,Vehicle - Object,4 wheel drive / SUV,,1,0,1,0,0,9,September,Spring,Sunday,10:00 - 11:59,Midday / afternoon,False,False,True,True
1366002,Injury,Moderate Injury,2024,2024,September,Thursday,22:00 - Midnight,HUMPHRIES,RD,20,North,ESSENDON,ST,ST JOHNS PARK,7221.0,No,Not a school zone,2-way undivided,-33.887533,150.903708,Fairfield,Sydney metro. area,Syd-Newc-Woll Gtr conurbation,Straight,,,,Nil,Sealed,Dry,Fine,Darkness,Nil,No traffic controls,60 km/h,Regional,71,Off rd left => obj,703,Left off cway into object,,Other angle,Car (sedan/hatch),Car (sedan/hatch),2,0,0,1,0,9,September,Spring,Thursday,22:00 - Midnight,Evening / night,False,False,True,True
1366003,Injury,Moderate Injury,2024,2024,October,Friday,10:00 - 11:59,THE NORTHERN,RD,0,Right on the spot,FAIRWATER,DR,HARRINGTON PARK,154.0,No,Not a school zone,X-intersection,-34.032171,150.729737,Camden,Sydney metro. area,Syd-Newc-Woll Gtr conurbation,Straight,,,,Off,Sealed,Wet,Overcast,Daylight,On,No traffic controls,60 km/h,State,83,Off rt/rt bnd=>obj,707,Right turn,Right,Vehicle - Object,Car (sedan/hatch),,3,0,0,1,0,10,October,Spring,Friday,10:00 - 11:59,Midday / afternoon,False,False,True,True
1366004,Injury,Serious Injury,2024,2024,October,Friday,18:00 - 19:59,GREAT WESTERN,HWY,0,Right on the spot,BIRNIE,AVE,LIDCOMBE,5.0,No,Not a school zone,X-intersection,-33.85484,151.061436,Cumberland,Sydney metro. area,Syd-Newc-Woll Gtr conurbation,Straight,,,,On,Sealed,Wet,Raining,Dusk,On,No traffic controls,60 km/h,State,21,Right through,202,Opp - Right-thru,,Other angle,Car (sedan/hatch),4 wheel drive / SUV,2,0,1,0,0,10,October,Spring,Friday,18:00 - 19:59,PM peak / evening commute,True,False,True,True
1366005,Injury,Moderate Injury,2024,2024,October,Monday,18:00 - 19:59,LANGFORD,DR,0,Right on the spot,AMPOL SERVICE STATION,OT,KARIONG,,No,Not a school zone,2-way undivided,-33.43962,151.293509,Central Coast,Country urban,Syd-Newc-Woll Gtr conurbation,Straight,Painted double centre lines,,,On,Sealed,Dry,Fine,Darkness,Nil,No traffic controls,50 km/h,Local,20,Head on,201,Opp - Head on,,Head-on,Light truck utility(from 2018),Car (sedan/hatch),2,0,0,1,0,10,October,Spring,Monday,18:00 - 19:59,PM peak / evening commute,True,False,True,True
1366008,Injury,Moderate Injury,2024,2024,October,Thursday,12:00 - 13:59,NEWCASTLE,EXP,520,North,PACIFIC HIGHWAY,TO,OURIMBAH,6003.0,No,Not a school zone,Dual freeway,-33.344181,151.369521,Central Coast,Country non-urban,Syd-Newc-Woll Gtr conurbation,Straight,B'down lane/road shldr,,,Nil,Sealed,Dry,Fine,Daylight,Nil,No traffic controls,110 km/h,State,73,Off rd rght => obj,704,Right off cway into obj,,Vehicle - Object,Station wagon,,2,0,0,1,0,10,October,Spring,Thursday,12:00 - 13:59,Midday / afternoon,False,False,True,True
1366009,Injury,Serious Injury,2024,2024,October,Thursday,06:00 - 07:59,FULLERS,RD,0,Right on the spot,SYLVIA,ST,CHATSWOOD,191.0,No,Not a school zone,T-junction,-33.796588,151.169992,Willoughby,Sydney metro. area,Syd-Newc-Woll Gtr conurbation,Straight,,,,Nil,Sealed,Dry,Fine,Dawn,Nil,No traffic controls,50 km/h,State,69,Other on path,600,On path - Other,,Vehicle - Object,Pedal cycle,,1,0,1,0,0,10,October,Spring,Thursday,06:00 - 07:59,AM peak / school commute,True,False,True,True
1366011,Injury,Moderate Injury,2024,2024,October,Saturday,02:00 - 03:59,GREAT WESTERN,HWY,1500,East,GLANMIRE,LANE,GLANMIRE,5.0,No,Not a school zone,Divided road,-33.4293,149.723157,Bathurst Regional,Country non-urban,Rest of NSW - Rural,Straight,,,,Nil,Sealed,Unknown,Unknown,Darkness,Nil,No traffic controls,100 km/h,State,30,Rear end,301,Same - Rear end,,Rear end,Light truck utility(from 2018),4 wheel drive / SUV,2,0,0,1,0,10,October,Spring,Saturday,02:00 - 03:59,Late night / early morning,False,False,True,True
1366012,Injury,Moderate Injury,2024,2024,September,Thursday,16:00 - 17:59,BARRY,ST,0,Right on the spot,OXFORD,ST,CAMBRIDGE PARK,,No,Not a school zone,X-intersection,-33.747573,150.720695,Penrith,Sydney metro. area,Syd-Newc-Woll Gtr conurbation,Straight,,,,Nil,Sealed,Dry,Fine,Daylight,Nil,Stop sign,50 km/h,Local,40,U turn,304,Same - U-turn,,Other angle,Car (sedan/hatch),Light truck utility(from 2018),2,0,0,1,0,9,September,Spring,Thursday,16:00 - 17:59,PM peak / evening commute,True,False,True,True
1366013,Injury,Minor/Other Injury,2024,2024,October,Saturday,04:00 - 05:59,WALLACE,ST,239,North,UPPER WARRELL CREEK,RD,MACKSVILLE,,No,Not a school zone,2-way undivided,-30.726598,152.915388,Nambucca Valley,Country urban,Rest of NSW - Urban,Curved,Steep grade,,,Nil,Sealed,Dry,Fine,Darkness,Nil,No traffic controls,50 km/h,Local,80,Off left/right bend,801,Off cway right bend,Left,Rollover,4 wheel drive / SUV,,1,0,0,0,1,10,October,Spring,Saturday,04:00 - 05:59,Late night / early morning,False,False,True,True
1366014,Injury,Serious Injury,2024,2024,October,Friday,16:00 - 17:59,PEMBERTON,ST,10,West,AFFLECK,ST,ALBURY,,No,Not a school zone,T-junction,-36.073685,146.90431,Albury,Country urban,Rest of NSW - Urban,Straight,Crest,,,Nil,Sealed,Wet,Raining,Daylight,Nil,Stop sign,60 km/h,Local,20,Head on,201,Opp - Head on,,Head-on,Light truck utility(from 2018),Light truck utility(from 2018),2,0,1,0,0,10,October,Spring,Friday,16:00 - 17:59,PM peak / evening commute,True,False,True,True
1366016,Injury,Serious Injury,2024,2024,June,Wednesday,08:00 - 09:59,KANANGRA,DR,50,West,PACIFIC,HWY,CRANGAN BAY,,No,Not a school zone,2-way undivided,-33.181073,151.594319,Central Coast,Country urban,Syd-Newc-Woll Gtr conurbation,Straight,Painted double centre lines,,,Nil,Sealed,Dry,Fine,Daylight,Nil,No traffic controls,80 km/h,Local,20,Head on,201,Opp - Head on,,Head-on,Light truck utility(from 2018),Light truck utility(from 2018),2,0,1,1,0,6,June,Winter,Wednesday,08:00 - 09:59,AM peak / school commute,True,False,True,True
1366018,Injury,Serious Injury,2024,2024,October,Sunday,20:00 - 21:59,NORTH,ST,0,Right on the spot,SHEET OF BARK,RD,WOODSTOCK,,No,Not a school zone,X-intersection,-33.740071,148.843559,Cowra,Country urban,Rest of NSW - Urban,Curved,,,,Nil,Sealed,Dry,Fine,Darkness,Nil,No traffic controls,50 km/h,Local,81,Off left/rt bnd=>obj,803,Off right bend into obj,Left,Vehicle - Object,Light truck utility(from 2018),,1,0,2,0,0,10,October,Spring,Sunday,20:00 - 21:59,Evening / night,False,False,True,True
1366019,Injury,Serious Injury,2024,2024,September,Friday,08:00 - 09:59,POLDING,ST,0,Right on the spot,STOCKLAND WETHERILL PARK,ENT,PRAIRIEWOOD,,No,Not a school zone,Divided road,-33.856795,150.900074,Fairfield,Sydney metro. area,Syd-Newc-Woll Gtr conurbation,Straight,Driveway/entrance,,,On,Sealed,Dry,Fine,Daylight,On,No traffic controls,60 km/h,Local,30,Rear end,301,Same - Rear end,,Rear end,4 wheel drive / SUV,4 wheel drive / SUV,2,0,2,0,0,9,September,Spring,Friday,08:00 - 09:59,AM peak / school commute,True,False,True,True
1366020,Injury,Moderate Injury,2024,2024,October,Monday,08:00 - 09:59,GREAT WESTERN,HWY,30,West,POTTS,ST,HOMEBUSH,5.0,No,Not a school zone,Divided road,-33.86115,151.075821,Strathfield,Sydney metro. area,Syd-Newc-Woll Gtr conurbation,Straight,,,,Off,Sealed,Dry,Fine,Daylight,Nil,No traffic controls,60 km/h,State,30,Rear end,301,Same - Rear end,,Rear end,Motorcycle,Station wagon,2,0,0,1,0,10,October,Spring,Monday,08:00 - 09:59,AM peak / school commute,True,False,True,True
1366021,Injury,Serious Injury,2024,2024,October,Tuesday,16:00 - 17:59,WASSELL,ST,10,North,BRISBANE,ST,CHIFLEY,,No,Not a school zone,X-intersection,-33.965549,151.237509,Randwick,Sydney metro. area,Syd-Newc-Woll Gtr conurbation,Curved,,,,On,Sealed,Dry,Fine,Daylight,Nil,No traffic controls,50 km/h,Local,43,Entering parking,402,Manov - Entering parking veh,,Other angle,Car (sedan/hatch),Car (sedan/hatch),2,0,1,0,0,10,October,Spring,Tuesday,16:00 - 17:59,PM peak / evening commute,True,False,True,True
1366022,Injury,Moderate Injury,2024,2024,August,Sunday,12:00 - 13:59,LAMBTON,RD,0,Right on the spot,ALMA,RD,NEW LAMBTON,223.0,No,Not a school zone,T-junction,-32.922232,151.715208,Newcastle,Newcastle met. area,Syd-Newc-Woll Gtr conurbation,Straight,,,,Off,Sealed,Dry,Fine,Daylight,On,No traffic controls,60 km/h,Regional,21,Right through,202,Opp - Right-thru,,Other angle,Car (sedan/hatch),4 wheel drive / SUV,2,0,0,1,0,8,August,Winter,Sunday,12:00 - 13:59,Midday / afternoon,False,False,True,True
1366023,Injury,Serious Injury,2024,2024,October,Saturday,16:00 - 17:59,SOUTHERN CROSS,DR,0,Right on the spot,EPSOM ROAD,OP,ROSEBERY,593.0,No,Not a school zone,Dual freeway,-33.912233,151.212781,Sydney,Sydney metro. area,Syd-Newc-Woll Gtr conurbation,Straight,Other bridge,,,Off,Sealed,Dry,Fine,Daylight,Nil,No traffic controls,80 km/h,State,30,Rear end,301,Same - Rear end,,Rear end,Car (sedan/hatch),Car (sedan/hatch),3,0,1,1,0,10,October,Spring,Saturday,16:00 - 17:59,PM peak / evening commute,True,False,True,True
1366024,Injury,Minor/Other Injury,2024,2024,October,Sunday,18:00 - 19:59,HARTLEY VALE,RD,300,North,DARLING,CSWY,BELL,,No,Not a school zone,2-way undivided,-33.537552,150.258571,Blue Mountains,Country urban,Syd-Newc-Woll Gtr conurbation,Curved,,,Potholes/corrugations/rough,Off,Sealed,Dry,Fine,Daylight,Nil,No traffic controls,60 km/h,Local,88,Out of cont on bend,805,Out of control on bend,,Rollover,Motorcycle,,1,0,0,0,1,10,October,Spring,Sunday,18:00 - 19:59,PM peak / evening commute,True,False,True,True
1366025,Injury,Moderate Injury,2024,2024,October,Wednesday,18:00 - 19:59,BUNDARRA,RD,0,Right on the spot,GUYRA,RD,GILGAI,73.0,No,Not a school zone,T-junction,-29.860103,151.115894,Inverell,Country non-urban,Rest of NSW - Rural,Straight,,,,Nil,Sealed,Dry,Fine,Daylight,Nil,Give way sign,100 km/h,Regional,86,Off left/left bend,706,Left turn,Left,Rollover,Car (sedan/hatch),,1,0,0,1,0,10,October,Spring,Wednesday,18:00 - 19:59,PM peak / evening commute,True,False,True,True
1366026,Injury,Moderate Injury,2024,2024,October,Wednesday,08:00 - 09:59,CHAIN O PONDS,RD,2000,East,SPOONERS,AVE,COLLOMBATTI,,No,Not a school zone,2-way undivided,-31.020287,152.789161,Kempsey,Country non-urban,Rest of NSW - Rural,Straight,,,,Off,Sealed,Wet,Raining,Daylight,Nil,No traffic controls,100 km/h,Local,71,Off rd left => obj,703,Left off cway into object,,Vehicle - Object,4 wheel drive / SUV,,1,0,0,1,1,10,October,Spring,Wednesday,08:00 - 09:59,AM peak / school commute,True,False,True,True
1366027,Injury,Serious Injury,2024,2024,July,Friday,06:00 - 07:59,CLARKE,RD,0,Right on the spot,MALSBURY,RD,HORNSBY,7243.0,No,Not a school zone,T-junction,-33.713231,151.098673,Hornsby,Sydney metro. area,Syd-Newc-Woll Gtr conurbation,Straight,Crest,,,Nil,Sealed,Dry,Fine,Daylight,Nil,Stop sign,60 km/h,Regional,21,Right through,202,Opp - Right-thru,,Other angle,Pedal cycle,4 wheel drive / SUV,2,0,1,0,0,7,July,Winter,Friday,06:00 - 07:59,AM peak / school commute,True,False,True,True
1366028,Injury,Serious Injury,2024,2024,October,Wednesday,20:00 - 21:59,HAUSSMAN,DR,0,Right on the spot,NUMBER 1,HN,THORNTON,,Yes,No,2-way undivided,-32.781493,151.639607,Maitland,Country urban,Rest of NSW - Urban,Curved,Painted double centre lines,,,On,Sealed,Dry,Fine,Darkness,Nil,No traffic controls,50 km/h,Local,49,Other manoeuvring,400,Manov - other,,Other angle,Motorcycle,Light truck utility(from 2018),2,0,1,1,0,10,October,Spring,Wednesday,20:00 - 21:59,Evening / night,False,False,True,True
1366029,Injury,Minor/Other Injury,2024,2024,September,Saturday,22:00 - Midnight,GRANUAILLE,RD,0,Right on the spot,NUMBER 30,HN,BANGALOW,65.0,No,Not a school zone,2-way undivided,-28.683891,153.52247,Byron,Country urban,Rest of NSW - Urban,Straight,Steep grade,,,Nil,Sealed,Dry,Fine,Darkness,Nil,No traffic controls,50 km/h,State,71,Off rd left => obj,703,Left off cway into object,,Other angle,4 wheel drive / SUV,Car (sedan/hatch),2,0,0,0,1,9,September,Spring,Saturday,22:00 - Midnight,Evening / night,False,False,True,True
1366031,Injury,Serious Injury,2024,2024,September,Wednesday,04:00 - 05:59,BRUXNER,HWY,50,East,CONVERYS,LANE,WOLLONGBAR,16.0,No,Not a school zone,2-way undivided,-28.815241,153.403652,Ballina,Country urban,Rest of NSW - Urban,Curved,,,,Nil,Sealed,Dry,Fine,Darkness,Nil,No traffic controls,80 km/h,State,67,Struck animal,609,On path - Hit animal,,Vehicle - Animal,Light truck,,1,0,1,0,0,9,September,Spring,Wednesday,04:00 - 05:59,Late night / early morning,False,False,True,True
1366032,Injury,Moderate Injury,2024,2024,October,Monday,00:01 - 01:59,MT ANNAN,DR,0,Right on the spot,NUMBER 130,HN,MOUNT ANNAN,,No,Not a school zone,2-way undivided,-34.065847,150.764803,Camden,Sydney metro. area,Syd-Newc-Woll Gtr conurbation,Curved,Steep grade,,,On,Sealed,Dry,Fine,Darkness,Nil,No traffic controls,50 km/h,Local,87,Off lft/lft bnd=>obj,804,Off left bend into obj,Left,Other angle,4 wheel drive / SUV,Station wagon,2,0,0,1,0,10,October,Spring,Monday,00:01 - 01:59,Late night / early morning,False,False,True,True
1366033,Injury,Moderate Injury,2024,2024,October,Tuesday,20:00 - 21:59,SOUTHERN CROSS,DR,800,South,GARDENERS ROAD,OP,EASTLAKES,593.0,No,Not a school zone,Divided road,-33.931077,151.212819,Bayside,Sydney metro. area,Syd-Newc-Woll Gtr conurbation,Straight,,,,On,Sealed,Dry,Fine,Darkness,Nil,No traffic controls,80 km/h,State,73,Off rd rght => obj,704,Right off cway into obj,,Vehicle - Object,Car (sedan/hatch),,1,0,0,1,0,10,October,Spring,Tuesday,20:00 - 21:59,Evening / night,False,False,True,True
1366035,Injury,Serious Injury,2024,2024,October,Wednesday,00:01 - 01:59,CENTRAL COAST,HWY,200,East,RACECOURSE,RD,WEST GOSFORD,30.0,No,Not a school zone,Divided road,-33.427164,151.329355,Central Coast,Country urban,Syd-Newc-Woll Gtr conurbation,Straight,Steep grade,,,On,Sealed,Dry,Fine,Darkness,Nil,No traffic controls,70 km/h,State,71,Off rd left => obj,703,Left off cway into object,,Vehicle - Object,Motorcycle,,1,0,1,0,0,10,October,Spring,Wednesday,00:01 - 01:59,Late night / early morning,False,False,True,True
1366036,Injury,Serious Injury,2024,2024,October,Saturday,04:00 - 05:59,NEW ENGLAND,HWY,75,South,THOMAS MITCHELL,DR,MUSWELLBROOK,9.0,No,Not a school zone,Divided road,-32.326456,150.945082,Muswellbrook,Country non-urban,Rest of NSW - Rural,Straight,Embankment/cutting,,Potholes/corrugations/rough,Nil,Sealed,Dry,Fine,Dawn,Nil,No traffic controls,100 km/h,State,73,Off rd rght => obj,704,Right off cway into obj,,Vehicle - Object,Motorcycle,,1,0,1,0,0,10,October,Spring,Saturday,04:00 - 05:59,Late night / early morning,False,False,True,True
1366037,Injury,Serious Injury,2024,2024,October,Wednesday,08:00 - 09:59,STONEY CREEK,RD,750,North,ENNIS,RD,REDBANK,,No,Not a school zone,2-way undivided,-31.444351,152.74695,Port Macquarie-Hastings,Country non-urban,Rest of NSW - Rural,Curved,Steep grade,,,Nil,Sealed,Wet,Raining,Daylight,Nil,No traffic controls,100 km/h,Local,85,Off rt/lft bnd=>obj,804,Off left bend into obj,Right,Vehicle - Object,4 wheel drive / SUV,,1,0,1,0,0,10,October,Spring,Wednesday,08:00 - 09:59,AM peak / school commute,True,False,True,True
1366040,Injury,Minor/Other Injury,2024,2024,July,Monday,14:00 - 15:59,STURT,HWY,17100,West,NEWELL,HWY,EUROLEY,14.0,No,Not a school zone,2-way undivided,-34.695055,146.374448,Narrandera,Country non-urban,Rest of NSW - Rural,Curved,,,,Nil,Sealed,Dry,Fine,Daylight,Nil,No traffic controls,100 km/h,State,87,Off lft/lft bnd=>obj,804,Off left bend into obj,Left,Vehicle - Object,Car (sedan/hatch),,1,0,0,0,2,7,July,Winter,Monday,14:00 - 15:59,Midday / afternoon,False,False,True,True
1366041,Injury,Moderate Injury,2024,2024,October,Saturday,06:00 - 07:59,PACIFIC,HWY,2000,North,EIGHT MILE LANE,TO,GLENUGIE,10.0,No,Not a school zone,Divided road,-29.764779,153.039623,Clarence Valley,Country non-urban,Rest of NSW - Rural,Straight,Embankment/cutting,,,Nil,Sealed,Dry,Fine,Daylight,Nil,No traffic controls,110 km/h,State,71,Off rd left => obj,703,Left off cway into object,,Vehicle - Object,Light truck utility(from 2018),,1,0,0,1,0,10,October,Spring,Saturday,06:00 - 07:59,AM peak / school commute,True,False,True,True
1366042,Injury,Minor/Other Injury,2024,2024,August,Wednesday,16:00 - 17:59,TRUNGLEY HALL,RD,3000,South,MARY GILMORE,WAY,BARMEDMAN,,No,Not a school zone,2-way undivided,-34.190165,147.55837,Temora,Country non-urban,Rest of NSW - Rural,Straight,,,,Off,Sealed,Dry,Fine,Daylight,Nil,No traffic controls,100 km/h,Local,73,Off rd rght => obj,704,Right off cway into obj,,Vehicle - Object,Light truck utility(from 2018),,1,0,0,0,1,8,August,Winter,Wednesday,16:00 - 17:59,PM peak / evening commute,True,False,True,True
1366043,Injury,Serious Injury,2024,2024,September,Wednesday,00:01 - 01:59,LUCINDA,AVE,0,Right on the spot,NUMBER 57B,HN,WAHROONGA,,No,Not a school zone,2-way undivided,-33.724678,151.10985,Ku-ring-gai,Sydney metro. area,Syd-Newc-Woll Gtr conurbation,Straight,Steep grade,,,On,Sealed,Dry,Fine,Darkness,Nil,No traffic controls,50 km/h,Local,71,Off rd left => obj,703,Left off cway into object,,Other angle,Pedal cycle,Box trailer,2,0,1,0,0,9,September,Spring,Wednesday,00:01 - 01:59,Late night / early morning,False,False,True,True
1366044,Injury,Minor/Other Injury,2024,2024,July,Saturday,22:00 - Midnight,BALMORAL,ST,0,Right on the spot,RICHMOND,RD,BLACKTOWN,683.0,No,Not a school zone,X-intersection,-33.766842,150.905348,Blacktown,Sydney metro. area,Syd-Newc-Woll Gtr conurbation,Straight,,,,On,Sealed,Dry,Fine,Darkness,On,No traffic controls,60 km/h,State,15,Right/left far,106,Adj - Right-left from right,,Right angle,Car (sedan/hatch),Car (sedan/hatch),2,0,0,0,1,7,July,Winter,Saturday,22:00 - Midnight,Evening / night,False,False,True,True
1366046,Injury,Moderate Injury,2024,2024,October,Tuesday,06:00 - 07:59,PRINCES,HWY,0,Right on the spot,MEROO,RD,MEROO MEADOW,1.0,No,Not a school zone,T-junction,-34.82366,150.604577,Shoalhaven,Country non-urban,Rest of NSW - Rural,Curved,,,,Off,Sealed,Wet,Raining,Daylight,Nil,No traffic controls,100 km/h,State,81,Off left/rt bnd=>obj,803,Off right bend into obj,Left,Vehicle - Object,Light truck,,1,0,0,1,0,10,October,Spring,Tuesday,06:00 - 07:59,AM peak / school commute,True,False,True,True
1366047,Injury,Minor/Other Injury,2024,2024,September,Friday,08:00 - 09:59,VICTORIA,AVE,0,Right on the spot,SALISBURY,RD,CASTLE HILL,7470.0,No,Not a school zone,Roundabout,-33.728487,150.978504,The Hills,Sydney metro. area,Syd-Newc-Woll Gtr conurbation,Straight,,,,Off,Sealed,Dry,Fine,Daylight,Nil,Give way sign,50 km/h,Regional,33,Lane sideswipe,305,Same - Lane side swipe,,Other angle,Light truck utility(from 2018),Motor scooter,2,0,0,0,1,9,September,Spring,Friday,08:00 - 09:59,AM peak / school commute,True,False,True,True
1366048,Injury,Moderate Injury,2024,2024,September,Tuesday,10:00 - 11:59,PRINCES,HWY,1000,South,LEMON TREE CREEK,RD,TERMEIL,1.0,No,Not a school zone,2-way undivided,-35.455196,150.373872,Shoalhaven,Country non-urban,Rest of NSW - Rural,Straight,,,,Nil,Sealed,Dry,Fine,Daylight,Nil,No traffic controls,100 km/h,State,20,Head on,201,Opp - Head on,,Head-on,Car (sedan/hatch),Light truck,2,0,0,1,0,9,September,Spring,Tuesday,10:00 - 11:59,Midday / afternoon,False,False,True,True
1366050,Injury,Serious Injury,2024,2024,October,Wednesday,18:00 - 19:59,THE ESPLANADE,MS,0,Right on the spot,PARK,RD,SPEERS POINT,674.0,No,Not a school zone,X-intersection,-32.961334,151.620219,Lake Macquarie,Newcastle met. area,Syd-Newc-Woll Gtr conurbation,Straight,,,,Off,Sealed,Dry,Overcast,Dusk,Nil,Give way sign,60 km/h,State,32,Right rear,303,Same - Rear right,,Rear end,Light truck,Light truck utility(from 2018),2,0,1,1,0,10,October,Spring,Wednesday,18:00 - 19:59,PM peak / evening commute,True,False,True,True
1366051,Injury,Serious Injury,2024,2024,October,Tuesday,08:00 - 09:59,HERMITAGE,RD,0,Right on the spot,OLD NORTH,RD,POKOLBIN,,No,Not a school zone,X-intersection,-32.679125,151.260964,Singleton,Country urban,Rest of NSW - Urban,Straight,,,,Nil,Sealed,Dry,Fine,Daylight,Nil,Give way sign,80 km/h,Local,10,Cross traffic,101,Adj - Cross traffic,,Right angle,Light truck utility(from 2018),Motorcycle,2,0,1,0,0,10,October,Spring,Tuesday,08:00 - 09:59,AM peak / school commute,True,False,True,True
1366052,Injury,Serious Injury,2024,2024,October,Monday,20:00 - 21:59,THE NORTHERN,RD,0,Right on the spot,SEVENTH,AVE,LLANDILO,154.0,No,Not a school zone,T-junction,-33.704523,150.724146,Penrith,Sydney metro. area,Syd-Newc-Woll Gtr conurbation,Straight,,,,Nil,Sealed,Dry,Fine,Darkness,Nil,Give way sign,80 km/h,State,73,Off rd rght => obj,704,Right off cway into obj,,Vehicle - Object,Car (sedan/hatch),,1,0,1,0,0,10,October,Spring,Monday,20:00 - 21:59,Evening / night,False,False,True,True
1366053,Injury,Moderate Injury,2024,2024,September,Thursday,10:00 - 11:59,WHEEO,RD,0,Right on the spot,NUMBER 122,HN,GRABBEN GULLEN,,No,Not a school zone,2-way undivided,-34.535816,149.381804,Upper Lachlan,Country non-urban,Rest of NSW - Rural,Curved,,,,Nil,Sealed,Wet,Raining,Daylight,Nil,No traffic controls,100 km/h,Local,66,Object on road,607,On path - Hit temp object,,Vehicle - Object,Car (sedan/hatch),,1,0,0,1,0,9,September,Spring,Thursday,10:00 - 11:59,Midday / afternoon,False,False,True,True
1366055,Injury,Serious Injury,2024,2024,October,Sunday,12:00 - 13:59,BRAY,ST,95,East,JOYCE,ST,COFFS HARBOUR,,Yes,No,2-way undivided,-30.281634,153.112967,Coffs Harbour,Country urban,Rest of NSW - Urban,Straight,,,,Off,Sealed,Dry,Fine,Daylight,Nil,Ped crossing,50 km/h,Local,30,Rear end,301,Same - Rear end,,Rear end,Car (sedan/hatch),Car (sedan/hatch),3,0,1,0,1,10,October,Spring,Sunday,12:00 - 13:59,Midday / afternoon,False,False,True,True
1366056,Injury,Serious Injury,2024,2024,May,Friday,22:00 - Midnight,OCEAN VIEW,DR,50,South,DOVER,RD,WAMBERAL,7755.0,No,Not a school zone,2-way undivided,-33.430821,151.445241,Central Coast,Country urban,Syd-Newc-Woll Gtr conurbation,Straight,,,,On,Sealed,Dry,Fine,Darkness,Nil,No traffic controls,50 km/h,Regional,71,Off rd left => obj,703,Left off cway into object,,Other angle,Car (sedan/hatch),Car (sedan/hatch),4,0,1,0,0,5,May,Autumn,Friday,22:00 - Midnight,Evening / night,False,False,True,True
1366057,Injury,Moderate Injury,2024,2024,October,Sunday,10:00 - 11:59,BOURKE,ST,0,Right on the spot,COMBERMERE,ST,GOULBURN,,No,Not a school zone,X-intersection,-34.762434,149.708704,Goulburn Mulwaree,Country urban,Rest of NSW - Urban,Straight,,,,Nil,Sealed,Dry,Fine,Daylight,Nil,Give way sign,50 km/h,Local,10,Cross traffic,101,Adj - Cross traffic,,Right angle,Car (sedan/hatch),4 wheel drive / SUV,2,0,0,1,1,10,October,Spring,Sunday,10:00 - 11:59,Midday / afternoon,False,False,True,True
1366059,Injury,Moderate Injury,2024,2024,October,Saturday,06:00 - 07:59,SNOWY MOUNTAINS,HWY,0,Right on the spot,LYNCH,ST,ADELONG,4.0,No,Not a school zone,T-junction,-35.308458,148.057628,Snowy Valleys,Country urban,Rest of NSW - Urban,Curved,Crest,,,Nil,Sealed,Wet,Raining,Daylight,Nil,Give way sign,50 km/h,State,85,Off rt/lft bnd=>obj,706,Left turn,Right,Vehicle - Object,4 wheel drive / SUV,,1,0,0,1,0,10,October,Spring,Saturday,06:00 - 07:59,AM peak / school commute,True,False,True,True