crash_id,degree_of_crash,degree_of_crash_-_detailed,reporting_year,year_of_crash,month_of_crash,day_of_week_of_crash,two-hour_intervals,street_of_crash,street_type,distance,direction,identifying_feature,identifying_feature_type,town,route_no.,school_zone_location,school_zone_active,type_of_location,latitude,longitude,lga,urbanisation,conurbation_1,alignment,primary_permanent_feature,primary_temporary_feature,primary_hazardous_feature,street_lighting,road_surface,surface_condition,weather,natural_lighting,signals_operation,other_traffic_control,speed_limit,road_classification_(admin),rum_-_code,rum_-_description,dca_-_code,dca_-_description,dca_supplement,first_impact_type,key_tu_type,other_tu_type,no._of_traffic_units_involved,no._killed,no._seriously_injured,no._moderately_injured,no._minor-other_injured,month_num,month_label,season,day_label,time_label,time_band,is_peak_commute,is_fatal,is_injury,is_casualty
1366060,Injury,Serious Injury,2024,2024,October,Wednesday,08:00 - 09:59,NEWCASTLE,EXP,1000,South,KU-RING-GAI CHASE ROAD,OP,ASQUITH,6003.0,No,Not a school zone,Dual freeway,-33.687732,151.121147,Hornsby,Sydney metro. area,Syd-Newc-Woll Gtr conurbation,Straight,Steep grade,,,Off,Sealed,Dry,Overcast,Daylight,Nil,No traffic controls,110 km/h,State,33,Lane sideswipe,305,Same - Lane side swipe,,Other angle,Station wagon,4 wheel drive / SUV,2,0,1,0,0,10,October,Spring,Wednesday,08:00 - 09:59,AM peak / school commute,True,False,True,True
1366061,Injury,Moderate Injury,2024,2024,October,Sunday,16:00 - 17:59,WESTERN,EXP,0,Right on the spot,WATTLE STREET,TO,HABERFIELD,6004.0,No,Not a school zone,Dual freeway,-33.875947,151.143266,Inner West,Sydney metro. area,Syd-Newc-Woll Gtr conurbation,Curved,Underpass/tunnel,,,On,Sealed,Dry,Fine,Daylight,Nil,No traffic controls,90 km/h,State,87,Off lft/lft bnd=>obj,804,Off left bend into obj,Left,Vehicle - Object,Car (sedan/hatch),,1,0,0,1,0,10,October,Spring,Sunday,16:00 - 17:59,PM peak / evening commute,True,False,True,True
1366063,Injury,Serious Injury,2024,2024,October,Tuesday,22:00 - Midnight,BACK GULAR,RD,5200,South,EFFIE DURHAM,DR,COONAMBLE,,No,Not a school zone,2-way undivided,-31.016779,148.357681,Coonamble,Country non-urban,Rest of NSW - Rural,Curved,,,,Nil,Sealed,Dry,Fine,Darkness,Nil,No traffic controls,100 km/h,Local,87,Off lft/lft bnd=>obj,804,Off left bend into obj,Left,Vehicle - Object,Light truck utility(from 2018),,1,0,1,0,0,10,October,Spring,Tuesday,22:00 - Midnight,Evening / night,False,False,True,True
1366064,Injury,Serious Injury,2024,2024,October,Sunday,14:00 - 15:59,WATTLE RIDGE,RD,2700,North,LYREBIRD,CL,WATTLE RIDGE,,No,Not a school zone,2-way undivided,-34.318339,150.462266,Wingecarribee,Country non-urban,Rest of NSW - Rural,Curved,,,,Nil,Unsealed,Dry,Fine,Daylight,Nil,No traffic controls,100 km/h,Local,88,Out of cont on bend,805,Out of control on bend,,Rollover,Motorcycle,,1,0,1,0,0,10,October,Spring,Sunday,14:00 - 15:59,Midday / afternoon,False,False,True,True
1366067,Injury,Serious Injury,2024,2024,September,Friday,12:00 - 13:59,JUNCTION POINT,RD,5000,South,PEELWOOD,RD,TUENA,54.0,No,Not a school zone,2-way undivided,-34.073383,149.342296,Upper Lachlan,Country urban,Rest of NSW - Urban,Curved,,,,Nil,Sealed,Dry,Fine,Daylight,Nil,No traffic controls,80 km/h,State,83,Off rt/rt bnd=>obj,803,Off right bend into obj,Right,Vehicle - Object,4 wheel drive / SUV,,1,0,1,0,0,9,September,Spring,Friday,12:00 - 13:59,Midday / afternoon,False,False,True,True
1366069,Injury,Moderate Injury,2024,2024,October,Friday,06:00 - 07:59,CLARENCE,ST,20,South,ERSKINE,ST,SYDNEY,,No,Not a school zone,1-way street,-33.866885,151.205057,Sydney,Sydney metro. area,Syd-Newc-Woll Gtr conurbation,Straight,,,,Nil,Sealed,Dry,Fine,Dawn,Nil,No traffic controls,40 km/h,Local,35,Lane change left,307,Same - Lane change left,,Other angle,Light truck,Motorcycle,2,0,0,1,0,10,October,Spring,Friday,06:00 - 07:59,AM peak / school commute,True,False,True,True
1366070,Injury,Moderate Injury,2024,2024,October,Friday,12:00 - 13:59,FLORA,ST,50,North,COULSON,ST,ERSKINEVILLE,,No,Not a school zone,1-way street,-33.904712,151.183425,Sydney,Sydney metro. area,Syd-Newc-Woll Gtr conurbation,Straight,,,,Nil,Sealed,Dry,Fine,Daylight,Nil,No traffic controls,50 km/h,Local,20,Head on,201,Opp - Head on,,Head-on,Pedal cycle,Pedal cycle,2,0,0,1,0,10,October,Spring,Friday,12:00 - 13:59,Midday / afternoon,False,False,True,True
1366071,Injury,Serious Injury,2024,2024,September,Friday,20:00 - 21:59,CENTRAL COAST,HWY,50,South,TUMBI,RD,WAMBERAL,30.0,No,Not a school zone,Divided road,-33.41529,151.450102,Central Coast,Country urban,Syd-Newc-Woll Gtr conurbation,Straight,Steep grade,,Slippery surface,On,Sealed,Wet,Raining,Darkness,Nil,No traffic controls,60 km/h,State,20,Head on,201,Opp - Head on,,Head-on,4 wheel drive / SUV,Station wagon,2,0,1,0,0,9,September,Spring,Friday,20:00 - 21:59,Evening / night,False,False,True,True
1366072,Injury,Serious Injury,2024,2024,October,Sunday,10:00 - 11:59,BEXLEY,RD,20,South,PARKER,AVE,KINGSGROVE,169.0,Yes,No,2-way undivided,-33.928899,151.109176,Canterbury-Bankstown,Sydney metro. area,Syd-Newc-Woll Gtr conurbation,Straight,,,,Off,Sealed,Dry,Fine,Daylight,Nil,No traffic controls,60 km/h,State,60,Parked,601,On path - Parked,,Other angle,4 wheel drive / SUV,Car (sedan/hatch),5,0,1,0,1,10,October,Spring,Sunday,10:00 - 11:59,Midday / afternoon,False,False,True,True
1366074,Injury,Minor/Other Injury,2024,2024,October,Sunday,04:00 - 05:59,HUME,HWY,50,East,HINKLER,AVE,WARWICK FARM,2.0,No,Not a school zone,Divided road,-33.914267,150.926413,Liverpool,Sydney metro. area,Syd-Newc-Woll Gtr conurbation,Straight,,,,Off,Sealed,Dry,Fine,Dawn,Nil,No traffic controls,70 km/h,State,71,Off rd left => obj,703,Left off cway into object,,Vehicle - Object,Car (sedan/hatch),,1,0,0,0,1,10,October,Spring,Sunday,04:00 - 05:59,Late night / early morning,False,False,True,True
1366076,Injury,Moderate Injury,2024,2024,October,Thursday,20:00 - 21:59,OLD WINDSOR,RD,0,Right on the spot,SEVEN HILLS,RD,BELLA VISTA,635.0,No,Not a school zone,T-junction,-33.758268,150.955369,The Hills,Sydney metro. area,Syd-Newc-Woll Gtr conurbation,Straight,,,,On,Sealed,Dry,Fine,Darkness,On,No traffic controls,80 km/h,State,30,Rear end,301,Same - Rear end,,Rear end,Light truck utility(from 2018),4 wheel drive / SUV,3,0,0,1,0,10,October,Spring,Thursday,20:00 - 21:59,Evening / night,False,False,True,True
1366077,Injury,Serious Injury,2024,2024,August,Saturday,06:00 - 07:59,TOWRADGI,RD,20,West,MARINE,PDE,TOWRADGI,,No,Not a school zone,2-way undivided,-34.385385,150.913231,Wollongong,Wollongong met. area,Syd-Newc-Woll Gtr conurbation,Straight,,,,On,Sealed,Dry,Fine,Darkness,Nil,No traffic controls,50 km/h,Local,0,Ped nearside,1,Ped - Near side,,Vehicle - Pedestrian,Light truck utility(from 2018),Pedestrian,2,0,1,0,0,8,August,Winter,Saturday,06:00 - 07:59,AM peak / school commute,True,False,True,True
1366078,Injury,Serious Injury,2024,2024,October,Friday,20:00 - 21:59,THE GRAND,PDE,70,South,THE BOULEVARDE,MS,BRIGHTON-LE-SANDS,194.0,No,Not a school zone,Divided road,-33.962312,151.155724,Bayside,Sydney metro. area,Syd-Newc-Woll Gtr conurbation,Straight,,,,On,Sealed,Dry,Fine,Darkness,Nil,Ped crossing,60 km/h,State,34,Lane change right,306,Same - Lane change right,,Other angle,Motorcycle,Car (sedan/hatch),2,0,1,0,0,10,October,Spring,Friday,20:00 - 21:59,Evening / night,False,False,True,True
1366081,Injury,Moderate Injury,2024,2024,October,Wednesday,22:00 - Midnight,WALLAMORE,RD,120,West,EVANS,ST,WESTDALE,,No,Not a school zone,2-way undivided,-31.08411,150.87873,Tamworth Regional,Country urban,Rest of NSW - Urban,Straight,,,,Nil,Sealed,Wet,Overcast,Darkness,Nil,No traffic controls,80 km/h,Local,67,Struck animal,609,On path - Hit animal,,Vehicle - Animal,Station wagon,,1,0,0,1,0,10,October,Spring,Wednesday,22:00 - Midnight,Evening / night,False,False,True,True
1366082,Injury,Serious Injury,2024,2024,October,Saturday,16:00 - 17:59,PACIFIC,HWY,900,South,COOKS LANE,OP,CLYBUCCA,10.0,No,Not a school zone,Divided road,-30.911392,152.914141,Kempsey,Country non-urban,Rest of NSW - Rural,Curved,,,,Nil,Sealed,Dry,Fine,Daylight,Nil,No traffic controls,110 km/h,State,81,Off left/rt bnd=>obj,803,Off right bend into obj,Left,Vehicle - Object,4 wheel drive / SUV,,1,0,1,0,0,10,October,Spring,Saturday,16:00 - 17:59,PM peak / evening commute,True,False,True,True
1366083,Injury,Minor/Other Injury,2024,2024,September,Monday,18:00 - 19:59,GOULDING,RD,0,Right on the spot,TWIN,RD,NORTH RYDE,2058.0,No,Not a school zone,T-junction,-33.800037,151.118324,Ryde,Sydney metro. area,Syd-Newc-Woll Gtr conurbation,Straight,Steep grade,,,Off,Sealed,Dry,Fine,Daylight,Nil,Stop sign,60 km/h,Regional,30,Rear end,301,Same - Rear end,,Rear end,Car (sedan/hatch),Car (sedan/hatch),2,0,0,0,1,9,September,Spring,Monday,18:00 - 19:59,PM peak / evening commute,True,False,True,True
1366084,Injury,Moderate Injury,2024,2024,October,Monday,08:00 - 09:59,ALAMEIN,AVE,0,Right on the spot,ROBIN,ST,CARLINGFORD,,No,Not a school zone,T-junction,-33.76824,151.05748,Parramatta,Sydney metro. area,Syd-Newc-Woll Gtr conurbation,Straight,Steep grade,,,Off,Sealed,Dry,Fine,Daylight,Nil,No traffic controls,50 km/h,Local,0,Ped nearside,1,Ped - Near side,,Vehicle - Pedestrian,4 wheel drive / SUV,Pedestrian,2,0,0,1,0,10,October,Spring,Monday,08:00 - 09:59,AM peak / school commute,True,False,True,True
1366085,Injury,Serious Injury,2024,2024,October,Saturday,14:00 - 15:59,BEAUCHAMP,RD,0,Right on the spot,DENISON,ST,HILLSDALE,616.0,No,Not a school zone,T-junction,-33.957819,151.223697,Bayside,Sydney metro. area,Syd-Newc-Woll Gtr conurbation,Straight,,,,Nil,Sealed,Dry,Fine,Daylight,On,No traffic controls,60 km/h,State,13,Right near,104,Adj - Right-thru from right,,Right angle,4 wheel drive / SUV,4 wheel drive / SUV,2,0,1,2,1,10,October,Spring,Saturday,14:00 - 15:59,Midday / afternoon,False,False,True,True
1366086,Injury,Moderate Injury,2024,2024,October,Friday,06:00 - 07:59,ELYARD,DR,0,Right on the spot,MACLEAN,ST,NOWRA,,No,Not a school zone,X-intersection,-34.891189,150.596498,Shoalhaven,Country urban,Rest of NSW - Urban,Curved,,,,Off,Sealed,Wet,Raining,Daylight,Nil,Give way sign,50 km/h,Local,10,Cross traffic,101,Adj - Cross traffic,,Right angle,4 wheel drive / SUV,Semi-trailer,2,0,0,1,0,10,October,Spring,Friday,06:00 - 07:59,AM peak / school commute,True,False,True,True
1366087,Injury,Minor/Other Injury,2024,2024,October,Thursday,02:00 - 03:59,POUND,ST,40,North,KING,ST,GRAFTON,,No,Not a school zone,2-way undivided,-29.68857,152.933197,Clarence Valley,Country urban,Rest of NSW - Urban,Straight,,,,Nil,Sealed,Dry,Fine,Darkness,Nil,Ped crossing,40 km/h,Local,71,Off rd left => obj,703,Left off cway into object,,Vehicle - Object,4 wheel drive / SUV,,1,0,0,0,1,10,October,Spring,Thursday,02:00 - 03:59,Late night / early morning,False,False,True,True
1366088,Injury,Moderate Injury,2024,2024,October,Monday,10:00 - 11:59,DWYER,LANE,0,Right on the spot,JOHN,ST,WOOLLAHRA,,No,Not a school zone,X-intersection,-33.889505,151.236958,Woollahra,Sydney metro. area,Syd-Newc-Woll Gtr conurbation,Straight,,,,Nil,Sealed,Dry,Fine,Daylight,Nil,Give way sign,50 km/h,Local,13,Right near,104,Adj - Right-thru from right,,Right angle,4 wheel drive / SUV,Motor scooter,2,0,0,1,0,10,October,Spring,Monday,10:00 - 11:59,Midday / afternoon,False,False,True,True
1366092,Injury,Minor/Other Injury,2024,2024,October,Friday,16:00 - 17:59,SYDNEY,RD,110,East,JAMES,ST,MANLY,159.0,No,Not a school zone,2-way undivided,-33.796384,151.28204,Northern Beaches,Sydney metro. area,Syd-Newc-Woll Gtr conurbation,Straight,Steep grade,,,On,Sealed,Dry,Fine,Dusk,Nil,No traffic controls,60 km/h,State,42,Leaving parking,401,Manov - Leaving parking,,Other angle,4 wheel drive / SUV,Motor scooter,2,0,0,0,1,10,October,Spring,Friday,16:00 - 17:59,PM peak / evening commute,True,False,True,True
1366093,Injury,Moderate Injury,2024,2024,September,Wednesday,20:00 - 21:59,PATTERSON,ST,0,Right on the spot,CONCORD,RD,NORTH STRATHFIELD,649.0,No,Not a school zone,T-junction,-33.862938,151.093651,Canada Bay,Sydney metro. area,Syd-Newc-Woll Gtr conurbation,Straight,,Roadwks/Detour/Diverson,,On,Sealed,Wet,Raining,Darkness,On,No traffic controls,60 km/h,State,30,Rear end,301,Same - Rear end,,Rear end,Car (sedan/hatch),Car (sedan/hatch),2,0,0,1,1,9,September,Spring,Wednesday,20:00 - 21:59,Evening / night,False,False,True,True
1366094,Injury,Serious Injury,2024,2024,September,Wednesday,08:00 - 09:59,WESTERN,EXP,2300,West,MAMRE ROAD,OP,CLAREMONT MEADOWS,6004.0,No,Not a school zone,Dual freeway,-33.782882,150.746131,Penrith,Sydney metro. area,Syd-Newc-Woll Gtr conurbation,Straight,Mid-blk median openg,,,Nil,Sealed,Dry,Fine,Daylight,Nil,No traffic controls,110 km/h,State,74,On road-out of cont.,705,Out of control on cway,,Rollover,Light truck utility(from 2018),,2,0,1,0,0,9,September,Spring,Wednesday,08:00 - 09:59,AM peak / school commute,True,False,True,True
1366097,Injury,Serious Injury,2024,2024,September,Tuesday,14:00 - 15:59,MELBA,RD,0,Right on the spot,STUART MOULD,CRES,LALOR PARK,,No,Not a school zone,T-junction,-33.757071,150.925113,Blacktown,Sydney metro. area,Syd-Newc-Woll Gtr conurbation,Straight,Foot/cycle path/nature strip,,,Off,Sealed,Dry,Fine,Daylight,Nil,No traffic controls,50 km/h,Local,48,From footpath,408,Manov - From footway,,Other angle,Motorised push scooters,Station wagon,2,0,1,1,0,9,September,Spring,Tuesday,14:00 - 15:59,Midday / afternoon,False,False,True,True
1366098,Injury,Minor/Other Injury,2024,2024,October,Monday,14:00 - 15:59,DERBY,ST,0,Right on the spot,WOODRIFF,ST,PENRITH,,No,Not a school zone,Roundabout,-33.756331,150.695049,Penrith,Sydney metro. area,Syd-Newc-Woll Gtr conurbation,Straight,,,,Off,Sealed,Dry,Fine,Daylight,Nil,Give way sign,50 km/h,Local,10,Cross traffic,101,Adj - Cross traffic,,Right angle,4 wheel drive / SUV,Car (sedan/hatch),2,0,0,0,1,10,October,Spring,Monday,14:00 - 15:59,Midday / afternoon,False,False,True,True
1366100,Injury,Serious Injury,2024,2024,October,Wednesday,14:00 - 15:59,WESTERN,DSTR,0,Right on the spot,FIG STREET,OP,PYRMONT,170.0,No,Not a school zone,Divided road,-33.874868,151.196878,Sydney,Sydney metro. area,Syd-Newc-Woll Gtr conurbation,Curved,Other bridge,,,Off,Sealed,Dry,Fine,Daylight,Nil,No traffic controls,60 km/h,State,88,Out of cont on bend,805,Out of control on bend,,Rollover,Motorcycle,,1,0,1,0,0,10,October,Spring,Wednesday,14:00 - 15:59,Midday / afternoon,False,False,True,True
1366103,Injury,Moderate Injury,2024,2024,June,Thursday,10:00 - 11:59,PACIFIC,HWY,0,Right on the spot,HITCHCOCK,AVE,BELMONT,10.0,No,Not a school zone,T-junction,-33.031013,151.660913,Lake Macquarie,Newcastle met. area,Syd-Newc-Woll Gtr conurbation,Straight,,,,Nil,Sealed,Dry,Fine,Daylight,Nil,No traffic controls,60 km/h,State,30,Rear end,301,Same - Rear end,,Rear end,Car (sedan/hatch),4 wheel drive / SUV,2,0,0,1,0,6,June,Winter,Thursday,10:00 - 11:59,Midday / afternoon,False,False,True,True
1366104,Injury,Serious Injury,2024,2024,September,Friday,10:00 - 11:59,OXFORD,ST,0,Right on the spot,FLINDERS,ST,DARLINGHURST,172.0,No,Not a school zone,T-junction,-33.88054,151.216923,Sydney,Sydney metro. area,Syd-Newc-Woll Gtr conurbation,Straight,Foot/cycle path/nature strip,,,Off,Sealed,Wet,Fog or mist,Daylight,On,Ped crossing,40 km/h,State,48,From footpath,408,Manov - From footway,,Other angle,Pedal cycle,Car (sedan/hatch),2,0,1,0,0,9,September,Spring,Friday,10:00 - 11:59,Midday / afternoon,False,False,True,True
1366106,Injury,Minor/Other Injury,2024,2024,October,Monday,14:00 - 15:59,GROSE VALE,RD,50,West,GROSE RIVER,RD,NORTH RICHMOND,7212.0,No,Not a school zone,2-way undivided,-33.589142,150.696308,Hawkesbury,Country urban,Syd-Newc-Woll Gtr conurbation,Straight,Painted double centre lines,,,Nil,Sealed,Dry,Fine,Daylight,Nil,No traffic controls,70 km/h,Regional,54,Cutting in,504,Ovtak - Cutting in,,Other angle,Light truck utility(from 2018),Motor scooter,2,0,0,0,1,10,October,Spring,Monday,14:00 - 15:59,Midday / afternoon,False,False,True,True
1366107,Injury,Minor/Other Injury,2024,2024,October,Monday,18:00 - 19:59,WOOD,ST,10,North,HENDERSON,ST,INVERELL,,Yes,No,X-intersection,-29.774193,151.122398,Inverell,Country urban,Rest of NSW - Urban,Straight,Steep grade,,,Nil,Sealed,Dry,Fine,Daylight,Nil,Give way sign,50 km/h,Local,33,Lane sideswipe,305,Same - Lane side swipe,,Other angle,Light truck utility(from 2018),Pedal cycle,2,0,0,0,1,10,October,Spring,Monday,18:00 - 19:59,PM peak / evening commute,True,False,True,True
1366108,Injury,Serious Injury,2024,2024,October,Friday,16:00 - 17:59,MURRIMBA,RD,2500,North,SYDNEY,ST,WINGELLO,,No,Not a school zone,2-way undivided,-34.674387,150.143489,Wingecarribee,Country urban,Rest of NSW - Urban,Curved,,,,Off,Sealed,Wet,Raining,Dusk,Nil,No traffic controls,80 km/h,Local,87,Off lft/lft bnd=>obj,804,Off left bend into obj,Left,Vehicle - Object,Light truck utility(from 2018),,1,0,1,0,0,10,October,Spring,Friday,16:00 - 17:59,PM peak / evening commute,True,False,True,True
1366110,Injury,Moderate Injury,2024,2024,October,Thursday,14:00 - 15:59,BARTON,ST,10,East,MERTHYR,ST,KURRI KURRI,,Yes,No,X-intersection,-32.817666,151.485915,Cessnock,Country urban,Rest of NSW - Urban,Straight,,,,On,Sealed,Dry,Fine,Daylight,Nil,No traffic controls,50 km/h,Local,49,Other manoeuvring,400,Manov - other,,Other angle,Car (sedan/hatch),Light truck utility(from 2018),2,0,0,1,0,10,October,Spring,Thursday,14:00 - 15:59,Midday / afternoon,False,False,True,True
1366113,Injury,Moderate Injury,2024,2024,October,Sunday,08:00 - 09:59,PRINCES,HWY,0,Right on the spot,MOSS VALE,RD,BOMADERRY,1.0,No,Not a school zone,Roundabout,-34.842664,150.594147,Shoalhaven,Country urban,Rest of NSW - Urban,Straight,,,,Off,Sealed,Dry,Fine,Daylight,Nil,Give way sign,70 km/h,State,13,Right near,104,Adj - Right-thru from right,,Right angle,Light truck utility(from 2018),Car (sedan/hatch),2,0,0,1,0,10,October,Spring,Sunday,08:00 - 09:59,AM peak / school commute,True,False,True,True
1366115,Injury,Minor/Other Injury,2024,2024,September,Monday,14:00 - 15:59,VICTORIA,RD,0,Right on the spot,NUMBER 254,HN,DRUMMOYNE,165.0,No,Not a school zone,Divided road,-33.849197,151.153206,Canada Bay,Sydney metro. area,Syd-Newc-Woll Gtr conurbation,Straight,Bus/transit lane,,,Nil,Sealed,Dry,Fine,Daylight,Nil,No traffic controls,60 km/h,State,30,Rear end,301,Same - Rear end,,Rear end,Car (sedan/hatch),Motorcycle,2,0,0,0,2,9,September,Spring,Monday,14:00 - 15:59,Midday / afternoon,False,False,True,True
1366118,Injury,Moderate Injury,2024,2024,October,Friday,14:00 - 15:59,FLINDERS,ST,20,West,GOSSE,CT,WESTDALE,,No,Not a school zone,2-way undivided,-31.089569,150.882136,Tamworth Regional,Country urban,Rest of NSW - Urban,Straight,,,,Off,Sealed,Dry,Overcast,Daylight,Nil,No traffic controls,50 km/h,Local,71,Off rd left => obj,703,Left off cway into object,,Vehicle - Object,Car (sedan/hatch),,1,0,0,1,0,10,October,Spring,Friday,14:00 - 15:59,Midday / afternoon,False,False,True,True
1366119,Injury,Serious Injury,2024,2024,September,Sunday,16:00 - 17:59,CAPTAIN COOK,DR,0,Right on the spot,WILLARONG,RD,CARINGBAH,662.0,No,Not a school zone,X-intersection,-34.032163,151.122035,Sutherland,Sydney metro. area,Syd-Newc-Woll Gtr conurbation,Straight,,,,Nil,Sealed,Dry,Fine,Daylight,Nil,Left turn only,60 km/h,State,37,Left turn sideswipe,309,Same - Left turn side swipe,,Other angle,Car (sedan/hatch),Car (sedan/hatch),2,0,2,2,0,9,September,Spring,Sunday,16:00 - 17:59,PM peak / evening commute,True,False,True,True
1366120,Injury,Serious Injury,2024,2024,October,Sunday,12:00 - 13:59,NEWCASTLE,EXP,2040,South,PACIFIC HIGHWAY,OP,OURIMBAH,6003.0,No,Not a school zone,Dual freeway,-33.356221,151.352585,Central Coast,Country non-urban,Syd-Newc-Woll Gtr conurbation,Curved,B'down lane/road shldr,,,Nil,Sealed,Dry,Fine,Daylight,Nil,No traffic controls,110 km/h,State,81,Off left/rt bnd=>obj,803,Off right bend into obj,Left,Vehicle - Object,4 wheel drive / SUV,,1,0,2,0,0,10,October,Spring,Sunday,12:00 - 13:59,Midday / afternoon,False,False,True,True
1366121,Injury,Minor/Other Injury,2024,2024,October,Wednesday,18:00 - 19:59,OCEAN,PDE,100,North,PARK BEACH,RD,COFFS HARBOUR,,No,Not a school zone,2-way undivided,-30.285659,153.1388,Coffs Harbour,Country urban,Rest of NSW - Urban,Straight,,,,On,Sealed,Dry,Fine,Darkness,Nil,No traffic controls,50 km/h,Local,71,Off rd left => obj,703,Left off cway into object,,Other angle,Car (sedan/hatch),4 wheel drive / SUV,3,0,0,0,1,10,October,Spring,Wednesday,18:00 - 19:59,PM peak / evening commute,True,False,True,True
1366123,Injury,Moderate Injury,2024,2024,October,Thursday,10:00 - 11:59,GREAT WESTERN,HWY,0,Right on the spot,RUDDERS,ST,BUNGARRIBEE,5.0,No,Not a school zone,X-intersection,-33.791475,150.866954,Blacktown,Sydney metro. area,Syd-Newc-Woll Gtr conurbation,Straight,,,,Off,Sealed,Dry,Fine,Daylight,On,No traffic controls,80 km/h,State,34,Lane change right,306,Same - Lane change right,,Other angle,Car (sedan/hatch),Semi-trailer,2,0,0,1,0,10,October,Spring,Thursday,10:00 - 11:59,Midday / afternoon,False,False,True,True
1366124,Injury,Moderate Injury,2024,2024,October,Thursday,16:00 - 17:59,IRVINE,ST,0,Right on the spot,KERRIGAN,CRES,ELDERSLIE,,No,Not a school zone,X-intersection,-34.058327,150.72094,Camden,Sydney metro. area,Syd-Newc-Woll Gtr conurbation,Straight,,,,Off,Sealed,Dry,Fine,Daylight,Nil,Give way sign,50 km/h,Local,10,Cross traffic,101,Adj - Cross traffic,,Right angle,Light truck utility(from 2018),Car (sedan/hatch),2,0,0,1,1,10,October,Spring,Thursday,16:00 - 17:59,PM peak / evening commute,True,False,True,True
1366125,Injury,Serious Injury,2024,2024,October,Monday,18:00 - 19:59,WALTERS,RD,0,Right on the spot,NUMBER 3,HN,BLACKTOWN,,No,Not a school zone,2-way undivided,-33.770399,150.896321,Blacktown,Sydney metro. area,Syd-Newc-Woll Gtr conurbation,Straight,Driveway/entrance,,,Off,Sealed,Dry,Fine,Daylight,Nil,No traffic controls,50 km/h,Local,47,Emerging from drive,406,Manov - Emerging from driveway,,Right angle,Car (sedan/hatch),Car (sedan/hatch),2,0,1,0,1,10,October,Spring,Monday,18:00 - 19:59,PM peak / evening commute,True,False,True,True
1366126,Injury,Serious Injury,2024,2024,October,Friday,20:00 - 21:59,O'BRIENS,RD,200,West,GEORGE FULLER,DR,FIGTREE,,No,Not a school zone,2-way undivided,-34.434527,150.848305,Wollongong,Wollongong met. area,Syd-Newc-Woll Gtr conurbation,Straight,,,,On,Sealed,Wet,Raining,Darkness,Nil,No traffic controls,50 km/h,Local,71,Off rd left => obj,703,Left off cway into object,,Vehicle - Object,Car (sedan/hatch),,1,0,2,0,0,10,October,Spring,Friday,20:00 - 21:59,Evening / night,False,False,True,True
1366127,Injury,Moderate Injury,2024,2024,October,Tuesday,08:00 - 09:59,RICHMOND,RD,50,North,GRANGE,AVE,MARSDEN PARK,537.0,No,Not a school zone,Divided road,-33.703387,150.836443,Blacktown,Sydney metro. area,Syd-Newc-Woll Gtr conurbation,Straight,,,,Off,Sealed,Dry,Overcast,Daylight,Nil,No traffic controls,80 km/h,State,30,Rear end,301,Same - Rear end,,Rear end,Car (sedan/hatch),4 wheel drive / SUV,3,0,0,1,0,10,October,Spring,Tuesday,08:00 - 09:59,AM peak / school commute,True,False,True,True
1366130,Injury,Moderate Injury,2024,2024,September,Tuesday,06:00 - 07:59,IRAGA,AVE,0,Right on the spot,YELLAGONG,ST,WEST WOLLONGONG,,No,Not a school zone,T-junction,-34.421211,150.861474,Wollongong,Wollongong met. area,Syd-Newc-Woll Gtr conurbation,Straight,Steep grade,,,Off,Sealed,Dry,Fine,Daylight,Nil,No traffic controls,50 km/h,Local,16,Left near,107,Adj - Left-thru from right,,Right angle,Light truck utility(from 2018),Pedal cycle,2,0,0,1,0,9,September,Spring,Tuesday,06:00 - 07:59,AM peak / school commute,True,False,True,True
1366131,Injury,Serious Injury,2024,2024,September,Thursday,10:00 - 11:59,BEECHWORTH,RD,0,Right on the spot,NUMBER 89,HN,PYMBLE,,No,Not a school zone,2-way undivided,-33.745805,151.126457,Ku-ring-gai,Sydney metro. area,Syd-Newc-Woll Gtr conurbation,Straight,,,,Nil,Sealed,Wet,Raining,Daylight,Nil,No traffic controls,50 km/h,Local,71,Off rd left => obj,703,Left off cway into object,,Vehicle - Object,Car (sedan/hatch),,1,0,1,0,0,9,September,Spring,Thursday,10:00 - 11:59,Midday / afternoon,False,False,True,True
1366132,Injury,Serious Injury,2024,2024,October,Monday,16:00 - 17:59,BLUE HAVEN,WAY,0,Right on the spot,ROPER,RD,BLUE HAVEN,,No,Not a school zone,T-junction,-33.20726,151.499046,Central Coast,Country urban,Syd-Newc-Woll Gtr conurbation,Straight,,,,Nil,Sealed,Dry,Fine,Daylight,Nil,Give way sign,50 km/h,Local,21,Right through,202,Opp - Right-thru,,Other angle,Car (sedan/hatch),Motorcycle,2,0,1,1,0,10,October,Spring,Monday,16:00 - 17:59,PM peak / evening commute,True,False,True,True
1366134,Injury,Moderate Injury,2024,2024,June,Thursday,22:00 - Midnight,PHILLIP,ST,10,North,HAMLEY,RD,GOONELLABAH,,No,Not a school zone,T-junction,-28.827769,153.324419,Lismore,Country urban,Rest of NSW - Urban,Curved,Steep grade,,,Unknown / not stated,Sealed,Unknown,Unknown,Darkness,Nil,No traffic controls,50 km/h,Local,85,Off rt/lft bnd=>obj,706,Left turn,Right,Vehicle - Object,Motorcycle,,1,0,0,1,0,6,June,Winter,Thursday,22:00 - Midnight,Evening / night,False,False,True,True