crash_id,degree_of_crash,degree_of_crash_-_detailed,reporting_year,year_of_crash,month_of_crash,day_of_week_of_crash,two-hour_intervals,street_of_crash,street_type,distance,direction,identifying_feature,identifying_feature_type,town,route_no.,school_zone_location,school_zone_active,type_of_location,latitude,longitude,lga,urbanisation,conurbation_1,alignment,primary_permanent_feature,primary_temporary_feature,primary_hazardous_feature,street_lighting,road_surface,surface_condition,weather,natural_lighting,signals_operation,other_traffic_control,speed_limit,road_classification_(admin),rum_-_code,rum_-_description,dca_-_code,dca_-_description,dca_supplement,first_impact_type,key_tu_type,other_tu_type,no._of_traffic_units_involved,no._killed,no._seriously_injured,no._moderately_injured,no._minor-other_injured,month_num,month_label,season,day_label,time_label,time_band,is_peak_commute,is_fatal,is_injury,is_casualty
1366135,Injury,Serious Injury,2024,2024,October,Wednesday,16:00 - 17:59,CARP,ST,0,Right on the spot,CHURCH,ST,BEGA,272.0,No,Not a school zone,T-junction,-36.674112,149.842041,Bega Valley,Country urban,Rest of NSW - Urban,Straight,,,,Off,Sealed,Dry,Fine,Daylight,On,Ped crossing,50 km/h,Regional,0,Ped nearside,1,Ped - Near side,,Vehicle - Pedestrian,4 wheel drive / SUV,Pedestrian,2,0,1,0,0,10,October,Spring,Wednesday,16:00 - 17:59,PM peak / evening commute,True,False,True,True
1366136,Injury,Serious Injury,2024,2024,July,Saturday,16:00 - 17:59,JAMBEROO MOUNTAIN,RD,450,West,MISTY,LANE,JAMBEROO,264.0,No,Not a school zone,2-way undivided,-34.669031,150.721037,Kiama,Country urban,Rest of NSW - Urban,Curved,Steep grade,,,Nil,Sealed,Dry,Fine,Dusk,Nil,No traffic controls,60 km/h,Regional,81,Off left/rt bnd=>obj,803,Off right bend into obj,Left,Vehicle - Object,Motorcycle,,1,0,1,1,0,7,July,Winter,Saturday,16:00 - 17:59,PM peak / evening commute,True,False,True,True
1366137,Injury,Minor/Other Injury,2024,2024,October,Wednesday,16:00 - 17:59,THE HORSLEY,DR,0,Right on the spot,OXFORD,ST,SMITHFIELD,609.0,No,Not a school zone,X-intersection,-33.854056,150.941905,Fairfield,Sydney metro. area,Syd-Newc-Woll Gtr conurbation,Straight,,,,Off,Sealed,Dry,Fine,Daylight,Nil,Give way sign,60 km/h,State,13,Right near,104,Adj - Right-thru from right,,Right angle,4 wheel drive / SUV,Motor scooter,2,0,0,0,1,10,October,Spring,Wednesday,16:00 - 17:59,PM peak / evening commute,True,False,True,True
1366138,Injury,Serious Injury,2024,2024,October,Thursday,16:00 - 17:59,STOKERS,RD,1450,South,MISTRAL,RD,DUNBIBLE,,No,Not a school zone,2-way undivided,-28.360631,153.385533,Tweed,Country non-urban,Rest of NSW - Rural,Curved,Ditch/drain/culvert,,,Nil,Sealed,Dry,Fine,Daylight,Nil,No traffic controls,100 km/h,Local,80,Off left/right bend,801,Off cway right bend,Left,Rollover,Motorcycle,,1,0,1,0,0,10,October,Spring,Thursday,16:00 - 17:59,PM peak / evening commute,True,False,True,True
1366139,Injury,Minor/Other Injury,2024,2024,October,Saturday,14:00 - 15:59,CROWN RD,RD,0,Right on the spot,NUMBER 80-86,HN,QUEENSCLIFF,,No,Not a school zone,2-way undivided,-33.781246,151.28417,Northern Beaches,Sydney metro. area,Syd-Newc-Woll Gtr conurbation,Straight,Driveway/entrance,,,Off,Sealed,Dry,Fine,Daylight,Nil,No traffic controls,50 km/h,Local,47,Emerging from drive,406,Manov - Emerging from driveway,,Right angle,Light truck utility(from 2018),Car (sedan/hatch),2,0,0,0,1,10,October,Spring,Saturday,14:00 - 15:59,Midday / afternoon,False,False,True,True
1366140,Injury,Serious Injury,2024,2024,October,Monday,14:00 - 15:59,FRANCIS,ST,0,Right on the spot,O'BRIEN,ST,CESSNOCK,,No,Not a school zone,T-junction,-32.844185,151.341227,Cessnock,Country urban,Rest of NSW - Urban,Straight,Foot/cycle path/nature strip,,,Nil,Sealed,Dry,Fine,Daylight,Nil,No traffic controls,50 km/h,Local,73,Off rd rght => obj,704,Right off cway into obj,,Vehicle - Object,Motorcycle,,1,0,1,0,0,10,October,Spring,Monday,14:00 - 15:59,Midday / afternoon,False,False,True,True
1366141,Injury,Moderate Injury,2024,2024,September,Sunday,06:00 - 07:59,KYOGLE,RD,2000,West,HOMELEIGH,RD,FAWCETTS PLAIN,141.0,No,Not a school zone,2-way undivided,-28.60789,153.019365,Kyogle,Country urban,Rest of NSW - Urban,Curved,,,,Nil,Sealed,Dry,Fine,Daylight,Nil,No traffic controls,80 km/h,Regional,33,Lane sideswipe,305,Same - Lane side swipe,,Other angle,4 wheel drive / SUV,Pedal cycle,2,0,0,1,0,9,September,Spring,Sunday,06:00 - 07:59,AM peak / school commute,True,False,True,True
1366143,Injury,Minor/Other Injury,2024,2024,February,Monday,16:00 - 17:59,WHEEO,RD,500,West,HAWTHORNES TREE,RD,WHEEO,,No,Not a school zone,2-way undivided,-34.509619,149.3252,Upper Lachlan,Country non-urban,Rest of NSW - Rural,Straight,Ditch/drain/culvert,,,Nil,Sealed,Dry,Fine,Daylight,Nil,No traffic controls,100 km/h,Local,71,Off rd left => obj,703,Left off cway into object,,Vehicle - Object,Light truck utility(from 2018),,1,0,0,0,1,2,February,Summer,Monday,16:00 - 17:59,PM peak / evening commute,True,False,True,True
1366187,Injury,Moderate Injury,2024,2024,April,Tuesday,12:00 - 13:59,UPPER LANSDOWNE,RD,1300,South,CENTRAL LANSDOWNE,RD,UPPER LANSDOWNE,,No,Not a school zone,2-way undivided,-31.743511,152.464427,Mid-Coast,Country non-urban,Rest of NSW - Rural,Straight,,,,Nil,Sealed,Dry,Fine,Daylight,Nil,No traffic controls,100 km/h,Local,73,Off rd rght => obj,704,Right off cway into obj,,Vehicle - Object,4 wheel drive / SUV,,1,0,0,1,0,4,April,Autumn,Tuesday,12:00 - 13:59,Midday / afternoon,False,False,True,True
1366191,Injury,Serious Injury,2024,2024,March,Friday,08:00 - 09:59,LEAMINGTON,RD,0,Right on the spot,THE BOULEVARDE,MS,OAK FLATS,,No,Not a school zone,Roundabout,-34.558685,150.824265,Shellharbour,Wollongong met. area,Syd-Newc-Woll Gtr conurbation,Straight,,,,Off,Sealed,Dry,Fine,Daylight,Nil,Give way sign,50 km/h,Local,11,Right far,102,Adj - Right-thru from left,,Right angle,Car (sedan/hatch),Car (sedan/hatch),2,0,1,0,0,3,March,Autumn,Friday,08:00 - 09:59,AM peak / school commute,True,False,True,True
1366202,Injury,Moderate Injury,2024,2024,July,Thursday,10:00 - 11:59,GRANT,ST,50,South,CALOOLA,ST,HILLVUE,,No,Not a school zone,2-way undivided,-31.119688,150.910703,Tamworth Regional,Country urban,Rest of NSW - Urban,Straight,Driveway/entrance,,,Off,Sealed,Dry,Fine,Daylight,Nil,No traffic controls,50 km/h,Local,71,Off rd left => obj,703,Left off cway into object,,Other angle,Light truck utility(from 2018),Light truck utility(from 2018),2,0,0,1,0,7,July,Winter,Thursday,10:00 - 11:59,Midday / afternoon,False,False,True,True
1366203,Injury,Minor/Other Injury,2024,2024,June,Thursday,16:00 - 17:59,VICTORIA,RD,10,North,DAY,ST,DRUMMOYNE,165.0,No,Not a school zone,X-intersection,-33.855003,151.158211,Canada Bay,Sydney metro. area,Syd-Newc-Woll Gtr conurbation,Straight,,,,On,Sealed,Dry,Fine,Darkness,On,No traffic controls,60 km/h,State,30,Rear end,301,Same - Rear end,,Rear end,Car (sedan/hatch),Light truck,2,0,0,0,1,6,June,Winter,Thursday,16:00 - 17:59,PM peak / evening commute,True,False,True,True
1366208,Injury,Serious Injury,2024,2024,December,Tuesday,22:00 - Midnight,NEW ENGLAND,HWY,3000,South,HEBDEN,RD,MUSWELLBROOK,9.0,No,Not a school zone,2-way undivided,-32.365924,150.96392,Muswellbrook,Country non-urban,Rest of NSW - Rural,Straight,Painted double centre lines,,,Nil,Sealed,Dry,Fine,Darkness,Nil,No traffic controls,100 km/h,State,20,Head on,201,Opp - Head on,,Head-on,Car (sedan/hatch),4 wheel drive / SUV,2,0,1,0,0,12,December,Summer,Tuesday,22:00 - Midnight,Evening / night,False,False,True,True
1366213,Injury,Serious Injury,2024,2024,July,Wednesday,08:00 - 09:59,WINGHAM,RD,700,East,YOUNGS,RD,WINGHAM,192.0,No,Not a school zone,2-way undivided,-31.860891,152.393117,Mid-Coast,Country non-urban,Rest of NSW - Rural,Curved,Steep grade,,,Nil,Sealed,Dry,Overcast,Daylight,Nil,No traffic controls,90 km/h,Regional,20,Head on,201,Opp - Head on,,Head-on,Car (sedan/hatch),Large rigid,2,0,1,1,0,7,July,Winter,Wednesday,08:00 - 09:59,AM peak / school commute,True,False,True,True
1366264,Injury,Serious Injury,2024,2024,September,Wednesday,12:00 - 13:59,PACIFIC,HWY,50,North,OLD MAITLAND,RD,HEXHAM,10.0,No,Not a school zone,Divided road,-32.827557,151.684007,Newcastle,Newcastle met. area,Syd-Newc-Woll Gtr conurbation,Straight,,Roadwks/Detour/Diverson,,Nil,Sealed,Dry,Fine,Daylight,Nil,No traffic controls,60 km/h,State,33,Lane sideswipe,305,Same - Lane side swipe,,Other angle,Motorcycle,4 wheel drive / SUV,3,0,1,0,0,9,September,Spring,Wednesday,12:00 - 13:59,Midday / afternoon,False,False,True,True
1366270,Injury,Serious Injury,2024,2024,September,Saturday,16:00 - 17:59,BILLIRIMBA,RD,2000,East,BILLIRIMBA CREEK,RD,ROCKY RIVER,,No,Not a school zone,2-way undivided,-29.180998,152.239065,Tenterfield,Country non-urban,Rest of NSW - Rural,Curved,Crest,,Other hazardous feature,Nil,Unsealed,Dry,Fine,Daylight,Nil,No traffic controls,100 km/h,Local,86,Off left/left bend,802,Off cway left bend,Left,Rollover,Motorcycle,,1,0,1,0,0,9,September,Spring,Saturday,16:00 - 17:59,PM peak / evening commute,True,False,True,True
1366275,Injury,Minor/Other Injury,2024,2024,September,Friday,18:00 - 19:59,M2 HILLS,EXP,100,East,MURRAY FARM ROAD,OP,CHELTENHAM,6002.0,No,Not a school zone,Dual freeway,-33.759291,151.06678,Hornsby,Sydney metro. area,Syd-Newc-Woll Gtr conurbation,Curved,,,,On,Sealed,Dry,Fine,Darkness,Nil,No traffic controls,100 km/h,State,66,Object on road,607,On path - Hit temp object,,Vehicle - Object,4 wheel drive / SUV,,1,0,0,0,1,9,September,Spring,Friday,18:00 - 19:59,PM peak / evening commute,True,False,True,True
1366305,Injury,Moderate Injury,2024,2024,March,Sunday,22:00 - Midnight,NEW ENGLAND,HWY,500,East,BELL,RD,BELFORD,9.0,No,Not a school zone,Divided road,-32.653429,151.274243,Singleton,Country non-urban,Rest of NSW - Rural,Straight,,,,Nil,Sealed,Dry,Fine,Darkness,Nil,No traffic controls,100 km/h,State,2,Ped far side,3,Ped - Far side,,Vehicle - Pedestrian,Light truck utility(from 2018),Pedestrian,2,0,0,1,1,3,March,Autumn,Sunday,22:00 - Midnight,Evening / night,False,False,True,True
1366423,Injury,Moderate Injury,2024,2024,October,Thursday,08:00 - 09:59,MACHINERY,DR,0,Right on the spot,NUMBER 37,HN,TWEED HEADS SOUTH,,No,Not a school zone,2-way undivided,-28.203502,153.542999,Tweed,Country urban,Rest of NSW - Urban,Straight,Driveway/entrance,,,Off,Sealed,Dry,Fine,Daylight,Nil,No traffic controls,50 km/h,Local,47,Emerging from drive,406,Manov - Emerging from driveway,,Right angle,Light truck,Light truck,2,0,0,1,0,10,October,Spring,Thursday,08:00 - 09:59,AM peak / school commute,True,False,True,True
1366424,Injury,Serious Injury,2024,2024,November,Friday,02:00 - 03:59,KAMILAROI,HWY,3000,South,BINALONG,RD,BOGGABRI,29.0,No,Not a school zone,2-way undivided,-30.744429,150.075309,Narrabri,Country non-urban,Rest of NSW - Rural,Straight,,,,Nil,Sealed,Dry,Fine,Darkness,Nil,No traffic controls,100 km/h,State,70,Off road to left,701,Off carriageway to left,,Rollover,Light truck utility(from 2018),,1,0,1,0,0,11,November,Spring,Friday,02:00 - 03:59,Late night / early morning,False,False,True,True
1366425,Injury,Serious Injury,2024,2024,November,Friday,10:00 - 11:59,INYADDA,DR,500,North,CURVES,DR,MANYANA,,No,Not a school zone,2-way undivided,-35.250627,150.515715,Shoalhaven,Country urban,Rest of NSW - Urban,Straight,,,,Nil,Sealed,Dry,Fine,Daylight,Nil,No traffic controls,80 km/h,Local,71,Off rd left => obj,703,Left off cway into object,,Vehicle - Object,4 wheel drive / SUV,,1,0,1,0,0,11,November,Spring,Friday,10:00 - 11:59,Midday / afternoon,False,False,True,True
1366429,Injury,Moderate Injury,2024,2024,October,Tuesday,08:00 - 09:59,SOUTHERN CROSS,DR,1900,North,BOTANY ROAD,OP,EASTLAKES,593.0,No,Not a school zone,Dual freeway,-33.9317,151.212238,Bayside,Sydney metro. area,Syd-Newc-Woll Gtr conurbation,Straight,,,,Nil,Sealed,Wet,Overcast,Daylight,Nil,No traffic controls,80 km/h,State,34,Lane change right,306,Same - Lane change right,,Other angle,Other bus,Light truck utility(from 2018),2,0,0,1,0,10,October,Spring,Tuesday,08:00 - 09:59,AM peak / school commute,True,False,True,True
1366431,Injury,Serious Injury,2024,2024,December,Wednesday,04:00 - 05:59,JOHNSON,ST,0,Right on the spot,LAWLER STREET,TO,FORBES,350.0,No,Not a school zone,2-way undivided,-33.38154,148.009882,Forbes,Country urban,Rest of NSW - Urban,Straight,,,,On,Sealed,Dry,Fine,Darkness,Nil,No traffic controls,50 km/h,Regional,30,Rear end,301,Same - Rear end,,Rear end,Utility,Motorcycle,2,0,1,0,0,12,December,Summer,Wednesday,04:00 - 05:59,Late night / early morning,False,False,True,True
1366432,Injury,Serious Injury,2024,2024,December,Friday,18:00 - 19:59,HUME,HWY,62,West,MALVERN,AVE,CROYDON,2.0,No,Not a school zone,2-way undivided,-33.886465,151.110802,Burwood,Sydney metro. area,Syd-Newc-Woll Gtr conurbation,Straight,,,,Off,Sealed,Dry,Fine,Dusk,Nil,No traffic controls,60 km/h,State,35,Lane change left,307,Same - Lane change left,,Other angle,Car (sedan/hatch),Motorcycle,2,0,1,0,0,12,December,Summer,Friday,18:00 - 19:59,PM peak / evening commute,True,False,True,True
1366434,Injury,Serious Injury,2024,2024,October,Friday,08:00 - 09:59,HUE HUE,RD,700,South,BUSHELLS RIDGE,RD,JILLIBY,,No,Not a school zone,2-way undivided,-33.206968,151.431768,Central Coast,Country non-urban,Syd-Newc-Woll Gtr conurbation,Curved,,,,Nil,Sealed,Wet,Raining,Daylight,Nil,No traffic controls,90 km/h,Local,87,Off lft/lft bnd=>obj,804,Off left bend into obj,Left,Vehicle - Object,Car (sedan/hatch),,1,0,1,0,0,10,October,Spring,Friday,08:00 - 09:59,AM peak / school commute,True,False,True,True
1366436,Injury,Serious Injury,2024,2024,December,Tuesday,16:00 - 17:59,OLD NORTHERN,RD,200,South,EDWARDS,RD,MIDDLE DURAL,160.0,No,Not a school zone,2-way undivided,-33.639677,151.022298,Hornsby,Sydney metro. area,Syd-Newc-Woll Gtr conurbation,Straight,,,,Nil,Sealed,Dry,Fine,Daylight,Nil,No traffic controls,80 km/h,State,1,Ped emerging,2,Ped - emerging,,Vehicle - Pedestrian,4 wheel drive / SUV,Pedestrian,2,0,1,0,0,12,December,Summer,Tuesday,16:00 - 17:59,PM peak / evening commute,True,False,True,True
1366437,Injury,Serious Injury,2024,2024,November,Sunday,22:00 - Midnight,MUTTON FALLS,RD,2000,East,BOLTON,LANE,O'CONNELL,,No,Not a school zone,2-way undivided,-33.548218,149.794294,Oberon,Country non-urban,Rest of NSW - Rural,Curved,,,,Nil,Sealed,Dry,Fine,Darkness,Nil,No traffic controls,100 km/h,Local,81,Off left/rt bnd=>obj,803,Off right bend into obj,Left,Vehicle - Object,Light truck utility(from 2018),,1,0,1,0,0,11,November,Spring,Sunday,22:00 - Midnight,Evening / night,False,False,True,True
1366440,Injury,Moderate Injury,2024,2024,October,Friday,14:00 - 15:59,CRYSTAL,ST,0,Right on the spot,TRAFALGAR,ST,PETERSHAM,2007.0,No,Not a school zone,X-intersection,-33.894046,151.157422,Inner West,Sydney metro. area,Syd-Newc-Woll Gtr conurbation,Straight,,,,Off,Sealed,Dry,Fine,Daylight,On,No traffic controls,60 km/h,Regional,10,Cross traffic,101,Adj - Cross traffic,,Right angle,4 wheel drive / SUV,Car (sedan/hatch),2,0,0,1,0,10,October,Spring,Friday,14:00 - 15:59,Midday / afternoon,False,False,True,True
1366441,Injury,Serious Injury,2024,2024,December,Monday,10:00 - 11:59,RAYMOND TERRACE,RD,100,West,SEAHAM,RD,NELSONS PLAINS,104.0,No,Not a school zone,2-way undivided,-32.748748,151.73612,Port Stephens,Country urban,Rest of NSW - Urban,Straight,,,,Nil,Sealed,Dry,Fine,Daylight,Nil,No traffic controls,80 km/h,State,30,Rear end,301,Same - Rear end,,Rear end,Light truck,Car (sedan/hatch),3,0,1,1,0,12,December,Summer,Monday,10:00 - 11:59,Midday / afternoon,False,False,True,True
1366443,Injury,Moderate Injury,2024,2024,November,Friday,20:00 - 21:59,PHIL HAWTHORNE,DR,300,North,STADIUM,DR,COFFS HARBOUR,,No,Not a school zone,2-way undivided,-30.322255,153.096739,Coffs Harbour,Country urban,Rest of NSW - Urban,Straight,,,,On,Sealed,Dry,Fine,Darkness,Nil,No traffic controls,60 km/h,Local,73,Off rd rght => obj,704,Right off cway into obj,,Vehicle - Object,Car (sedan/hatch),,1,0,0,1,0,11,November,Spring,Friday,20:00 - 21:59,Evening / night,False,False,True,True
1366444,Injury,Serious Injury,2024,2024,December,Saturday,08:00 - 09:59,HOWICK,ST,75,North,BENTINCK,ST,BATHURST,,No,Not a school zone,2-way undivided,-33.418479,149.582682,Bathurst Regional,Country urban,Rest of NSW - Urban,Straight,Driveway/entrance,,,Off,Sealed,Dry,Fine,Daylight,Nil,No traffic controls,50 km/h,Local,21,Right through,202,Opp - Right-thru,,Other angle,4 wheel drive / SUV,Pedal cycle,2,0,1,1,0,12,December,Summer,Saturday,08:00 - 09:59,AM peak / school commute,True,False,True,True
1366445,Injury,Minor/Other Injury,2024,2024,October,Friday,20:00 - 21:59,ROOKWOOD,RD,120,North,BRUNKER,RD,YAGOONA,190.0,No,Not a school zone,Divided road,-33.897982,151.037392,Canterbury-Bankstown,Sydney metro. area,Syd-Newc-Woll Gtr conurbation,Straight,,,,On,Sealed,Dry,Fine,Darkness,Nil,No traffic controls,70 km/h,State,74,On road-out of cont.,705,Out of control on cway,,Rollover,Motorcycle,,2,0,0,0,1,10,October,Spring,Friday,20:00 - 21:59,Evening / night,False,False,True,True
1366447,Injury,Moderate Injury,2024,2024,November,Wednesday,12:00 - 13:59,GREAT WESTERN,HWY,0,Right on the spot,WESTERN,EXP,STRATHFIELD,5.0,No,Not a school zone,T-junction,-33.867014,151.095223,Canada Bay,Sydney metro. area,Syd-Newc-Woll Gtr conurbation,Straight,,,,On,Sealed,Wet,Fine,Daylight,On,Ped crossing,60 km/h,State,35,Lane change left,307,Same - Lane change left,,Other angle,Car (sedan/hatch),Car (sedan/hatch),2,0,0,2,0,11,November,Spring,Wednesday,12:00 - 13:59,Midday / afternoon,False,False,True,True
1366449,Injury,Serious Injury,2024,2024,November,Monday,06:00 - 07:59,WEEROONA,RD,145,East,JOSEPH,ST,LIDCOMBE,2057.0,No,Not a school zone,2-way undivided,-33.884846,151.041674,Cumberland,Sydney metro. area,Syd-Newc-Woll Gtr conurbation,Curved,,,,Off,Sealed,Dry,Fine,Daylight,Nil,No traffic controls,60 km/h,Regional,81,Off left/rt bnd=>obj,803,Off right bend into obj,Left,Vehicle - Object,4 wheel drive / SUV,,1,0,1,0,0,11,November,Spring,Monday,06:00 - 07:59,AM peak / school commute,True,False,True,True
1366450,Injury,Serious Injury,2024,2024,December,Sunday,18:00 - 19:59,THE GRAND,PDE,50,South,BARTON,ST,MONTEREY,194.0,No,Not a school zone,Divided road,-33.974582,151.150677,Bayside,Sydney metro. area,Syd-Newc-Woll Gtr conurbation,Straight,,,,Nil,Sealed,Dry,Fine,Dusk,Nil,No traffic controls,60 km/h,State,71,Off rd left => obj,703,Left off cway into object,,Vehicle - Object,Light truck utility(from 2018),,1,0,1,0,0,12,December,Summer,Sunday,18:00 - 19:59,PM peak / evening commute,True,False,True,True
1366451,Injury,Serious Injury,2024,2024,November,Saturday,10:00 - 11:59,REDDALL,PDE,100,South,MADIGAN,BVD,MOUNT WARRIGAL,,No,Not a school zone,2-way undivided,-34.552206,150.836507,Shellharbour,Wollongong met. area,Syd-Newc-Woll Gtr conurbation,Curved,,,,Nil,Sealed,Dry,Fine,Daylight,Nil,No traffic controls,50 km/h,Local,88,Out of cont on bend,805,Out of control on bend,,Rollover,Motorcycle,,1,0,1,0,0,11,November,Spring,Saturday,10:00 - 11:59,Midday / afternoon,False,False,True,True
1366452,Injury,Moderate Injury,2024,2024,December,Tuesday,14:00 - 15:59,HUME,HWY,0,Right on the spot,NARELLAN ROAD,OP,MOUNT ANNAN,2.0,No,Not a school zone,Dual freeway,-34.061915,150.785229,Campbelltown,Sydney metro. area,Syd-Newc-Woll Gtr conurbation,Straight,Underpass/tunnel,,,Off,Sealed,Dry,Fine,Daylight,Nil,No traffic controls,110 km/h,State,35,Lane change left,307,Same - Lane change left,,Other angle,Large rigid,Car (sedan/hatch),2,0,0,1,0,12,December,Summer,Tuesday,14:00 - 15:59,Midday / afternoon,False,False,True,True
1366453,Injury,Serious Injury,2024,2024,October,Tuesday,16:00 - 17:59,IBIS,AVE,0,Right on the spot,KINGFISHER,AVE,HAWKS NEST,,No,Not a school zone,X-intersection,-32.667007,152.174911,Mid-Coast,Country urban,Rest of NSW - Urban,Straight,,,,Off,Sealed,Dry,Fine,Daylight,Nil,Give way sign,50 km/h,Local,10,Cross traffic,101,Adj - Cross traffic,,Right angle,Car (sedan/hatch),Light truck utility(from 2018),2,0,1,0,0,10,October,Spring,Tuesday,16:00 - 17:59,PM peak / evening commute,True,False,True,True
1366456,Injury,Moderate Injury,2024,2024,November,Monday,20:00 - 21:59,BROOKFIELD,RD,0,Right on the spot,BROOKFIELD,LANE,MINTO,,No,Not a school zone,T-junction,-34.029667,150.848895,Campbelltown,Sydney metro. area,Syd-Newc-Woll Gtr conurbation,Curved,,,,On,Sealed,Dry,Fine,Darkness,Nil,Give way sign,50 km/h,Local,13,Right near,104,Adj - Right-thru from right,,Right angle,Station wagon,4 wheel drive / SUV,2,0,0,1,0,11,November,Spring,Monday,20:00 - 21:59,Evening / night,False,False,True,True
1366458,Injury,Moderate Injury,2024,2024,November,Wednesday,16:00 - 17:59,TAVISTOCK,RD,0,Right on the spot,THE ESPLANADE,MS,SOUTH HURSTVILLE,,No,Not a school zone,X-intersection,-33.981036,151.104792,Georges River,Sydney metro. area,Syd-Newc-Woll Gtr conurbation,Straight,Steep grade,,,Off,Sealed,Dry,Fine,Daylight,Nil,Give way sign,50 km/h,Local,10,Cross traffic,101,Adj - Cross traffic,,Right angle,Car (sedan/hatch),4 wheel drive / SUV,2,0,0,1,0,11,November,Spring,Wednesday,16:00 - 17:59,PM peak / evening commute,True,False,True,True
1366459,Injury,Moderate Injury,2024,2024,June,Saturday,10:00 - 11:59,OBERON,ST,0,Right on the spot,NORTH,ST,OBERON,253.0,No,Not a school zone,X-intersection,-33.703699,149.854231,Oberon,Country urban,Rest of NSW - Urban,Straight,,,,Off,Sealed,Dry,Fine,Daylight,Nil,Give way sign,50 km/h,State,11,Right far,102,Adj - Right-thru from left,,Right angle,Car (sedan/hatch),Light truck utility(from 2018),2,0,0,1,0,6,June,Winter,Saturday,10:00 - 11:59,Midday / afternoon,False,False,True,True
1366460,Injury,Moderate Injury,2024,2024,December,Sunday,22:00 - Midnight,HUME,HWY,0,Right on the spot,HIGHLAND,AVE,YAGOONA,2.0,No,Not a school zone,T-junction,-33.907275,151.023962,Canterbury-Bankstown,Sydney metro. area,Syd-Newc-Woll Gtr conurbation,Straight,,,,On,Sealed,Wet,Fine,Darkness,On,No traffic controls,60 km/h,State,30,Rear end,301,Same - Rear end,,Rear end,Car (sedan/hatch),Station wagon,2,0,0,1,0,12,December,Summer,Sunday,22:00 - Midnight,Evening / night,False,False,True,True
1366461,Injury,Moderate Injury,2024,2024,October,Thursday,14:00 - 15:59,GOODSIR,WAY,0,Right on the spot,VICTORY,PDE,TORONTO,,No,Not a school zone,Roundabout,-33.01072,151.594857,Lake Macquarie,Newcastle met. area,Syd-Newc-Woll Gtr conurbation,Straight,,,,Nil,Sealed,Dry,Fine,Daylight,Nil,Give way sign,50 km/h,Local,74,On road-out of cont.,705,Out of control on cway,,Rollover,Pedal cycle,,1,0,0,1,0,10,October,Spring,Thursday,14:00 - 15:59,Midday / afternoon,False,False,True,True
1366462,Injury,Moderate Injury,2024,2024,November,Tuesday,16:00 - 17:59,NORTHCOTT,DR,100,South,CARNLEY,AVE,NEW LAMBTON,326.0,No,Not a school zone,Divided road,-32.935389,151.712238,Newcastle,Newcastle met. area,Syd-Newc-Woll Gtr conurbation,Straight,,,,On,Sealed,Dry,Fine,Daylight,Nil,No traffic controls,50 km/h,State,30,Rear end,301,Same - Rear end,,Rear end,4 wheel drive / SUV,4 wheel drive / SUV,2,0,0,1,0,11,November,Spring,Tuesday,16:00 - 17:59,PM peak / evening commute,True,False,True,True
1366464,Injury,Minor/Other Injury,2024,2024,December,Monday,20:00 - 21:59,MENDOORAN,RD,0,Right on the spot,OLD MENDOORAN,RD,DUBBO,7519.0,No,Not a school zone,T-junction,-32.132494,148.777127,Dubbo Regional,Country non-urban,Rest of NSW - Rural,Straight,,,,Nil,Sealed,Dry,Fine,Darkness,Nil,No traffic controls,100 km/h,Regional,75,Off end of road,709,Off end cway or T junct,,Rollover,4 wheel drive / SUV,,1,0,0,0,1,12,December,Summer,Monday,20:00 - 21:59,Evening / night,False,False,True,True
1366467,Injury,Serious Injury,2024,2024,September,Sunday,10:00 - 11:59,PACIFIC,HWY,0,Right on the spot,NURRA,RD,NARARA,10.0,No,Not a school zone,X-intersection,-33.3936,151.350031,Central Coast,Country urban,Syd-Newc-Woll Gtr conurbation,Curved,,,,Off,Sealed,Wet,Overcast,Daylight,Nil,No traffic controls,60 km/h,State,32,Right rear,303,Same - Rear right,,Rear end,Car (sedan/hatch),Car (sedan/hatch),2,0,2,0,0,9,September,Spring,Sunday,10:00 - 11:59,Midday / afternoon,False,False,True,True
1366468,Injury,Moderate Injury,2024,2024,December,Thursday,18:00 - 19:59,HUGO,ST,20,North,CAROLINE,ST,REDFERN,,No,Not a school zone,2-way undivided,-33.890708,151.197801,Sydney,Sydney metro. area,Syd-Newc-Woll Gtr conurbation,Straight,Spd hump/slow pt/chc,,,Off,Sealed,Dry,Fine,Daylight,Nil,No traffic controls,40 km/h,Local,1,Ped emerging,2,Ped - emerging,,Vehicle - Pedestrian,Pedal cycle,Pedestrian,2,0,0,1,0,12,December,Summer,Thursday,18:00 - 19:59,PM peak / evening commute,True,False,True,True
1366469,Injury,Serious Injury,2024,2024,November,Tuesday,14:00 - 15:59,OLD CANTERBURY,RD,0,Right on the spot,CONSTITUTION,RD,SUMMER HILL,652.0,No,Not a school zone,T-junction,-33.898167,151.134963,Inner West,Sydney metro. area,Syd-Newc-Woll Gtr conurbation,Straight,,,,Nil,Sealed,Dry,Fine,Daylight,Nil,Stop sign,50 km/h,State,32,Right rear,303,Same - Rear right,,Rear end,Motorcycle,4 wheel drive / SUV,2,0,1,0,0,11,November,Spring,Tuesday,14:00 - 15:59,Midday / afternoon,False,False,True,True
1366470,Injury,Moderate Injury,2024,2024,November,Monday,14:00 - 15:59,PACIFIC,HWY,0,Right on the spot,JAMES SMALL,DR,KORORA,10.0,No,Not a school zone,X-intersection,-30.264971,153.130066,Coffs Harbour,Country urban,Rest of NSW - Urban,Straight,,Roadwks/Detour/Diverson,,On,Sealed,Wet,Raining,Daylight,Nil,Left turn only,60 km/h,State,31,Left rear,302,Same - Rear left,,Rear end,Light truck utility(from 2018),Car (sedan/hatch),2,0,0,1,0,11,November,Spring,Monday,14:00 - 15:59,Midday / afternoon,False,False,True,True