crash_id,degree_of_crash,degree_of_crash_-_detailed,reporting_year,year_of_crash,month_of_crash,day_of_week_of_crash,two-hour_intervals,street_of_crash,street_type,distance,direction,identifying_feature,identifying_feature_type,town,route_no.,school_zone_location,school_zone_active,type_of_location,latitude,longitude,lga,urbanisation,conurbation_1,alignment,primary_permanent_feature,primary_temporary_feature,primary_hazardous_feature,street_lighting,road_surface,surface_condition,weather,natural_lighting,signals_operation,other_traffic_control,speed_limit,road_classification_(admin),rum_-_code,rum_-_description,dca_-_code,dca_-_description,dca_supplement,first_impact_type,key_tu_type,other_tu_type,no._of_traffic_units_involved,no._killed,no._seriously_injured,no._moderately_injured,no._minor-other_injured,month_num,month_label,season,day_label,time_label,time_band,is_peak_commute,is_fatal,is_injury,is_casualty
1366472,Injury,Serious Injury,2024,2024,October,Monday,14:00 - 15:59,NEWELL,HWY,6200,North,MID WESTERN,HWY,WIRRINYA,17.0,No,Not a school zone,2-way undivided,-33.703065,147.518564,Weddin,Country non-urban,Rest of NSW - Rural,Straight,Ditch/drain/culvert,,,Nil,Sealed,Dry,Fine,Daylight,Nil,No traffic controls,110 km/h,State,71,Off rd left => obj,703,Left off cway into object,,Vehicle - Object,Semi-trailer,,1,0,1,0,0,10,October,Spring,Monday,14:00 - 15:59,Midday / afternoon,False,False,True,True
1366475,Injury,Serious Injury,2024,2024,August,Monday,12:00 - 13:59,PACIFIC,HWY,0,Right on the spot,BOTANIC GARDENS,ENT,TOMAGO,10.0,No,Not a school zone,Divided road,-32.801491,151.715271,Port Stephens,Country urban,Rest of NSW - Urban,Straight,Mid-blk median openg,Roadwks/Detour/Diverson,,Off,Sealed,Wet,Overcast,Daylight,Nil,No traffic controls,80 km/h,State,21,Right through,202,Opp - Right-thru,,Other angle,4 wheel drive / SUV,Car (sedan/hatch),2,0,1,0,2,8,August,Winter,Monday,12:00 - 13:59,Midday / afternoon,False,False,True,True
1366479,Injury,Moderate Injury,2024,2024,August,Saturday,20:00 - 21:59,BLAKESLEY,RD,0,Right on the spot,NUMBER 128,HN,SOUTH HURSTVILLE,,No,Not a school zone,2-way undivided,-33.980405,151.107999,Georges River,Sydney metro. area,Syd-Newc-Woll Gtr conurbation,Straight,Driveway/entrance,,,On,Sealed,Wet,Fine,Darkness,Nil,No traffic controls,50 km/h,Local,47,Emerging from drive,406,Manov - Emerging from driveway,,Right angle,Car (sedan/hatch),Station wagon,2,0,0,1,0,8,August,Winter,Saturday,20:00 - 21:59,Evening / night,False,False,True,True
1366480,Injury,Serious Injury,2024,2024,August,Thursday,16:00 - 17:59,BEXLEY,RD,0,Right on the spot,SOUTH WESTERN,EXP,KINGSGROVE,169.0,No,Not a school zone,T-junction,-33.936082,151.111781,Canterbury-Bankstown,Sydney metro. area,Syd-Newc-Woll Gtr conurbation,Curved,Underpass/tunnel,,,On,Sealed,Dry,Fine,Daylight,On,No traffic controls,60 km/h,State,81,Off left/rt bnd=>obj,803,Off right bend into obj,Left,Vehicle - Object,Light truck utility(from 2018),,1,0,1,0,0,8,August,Winter,Thursday,16:00 - 17:59,PM peak / evening commute,True,False,True,True
1366481,Injury,Serious Injury,2024,2024,October,Friday,14:00 - 15:59,GAN GAN,RD,0,Right on the spot,MIDDLE ROCK HOLIDAY RESORT,ENT,ONE MILE,4045.0,No,Not a school zone,2-way undivided,-32.766025,152.113826,Port Stephens,Country urban,Rest of NSW - Urban,Straight,Driveway/entrance,,,Nil,Sealed,Dry,Fine,Daylight,Nil,No traffic controls,70 km/h,Local,53,Overtake turning,506,Ovtak - Overtaking right turn,,Other angle,Motorcycle,4 wheel drive / SUV,2,0,1,0,0,10,October,Spring,Friday,14:00 - 15:59,Midday / afternoon,False,False,True,True
1366482,Injury,Minor/Other Injury,2024,2024,November,Wednesday,06:00 - 07:59,LLANDILO,RD,0,Right on the spot,FIRST,RD,BERKSHIRE PARK,7287.0,No,Not a school zone,T-junction,-33.661356,150.791694,Penrith,Sydney metro. area,Syd-Newc-Woll Gtr conurbation,Straight,,,,Off,Sealed,Dry,Fine,Daylight,Nil,No traffic controls,80 km/h,Regional,30,Rear end,301,Same - Rear end,,Rear end,Unknown motor vehicle,Car (sedan/hatch),2,0,0,0,1,11,November,Spring,Wednesday,06:00 - 07:59,AM peak / school commute,True,False,True,True
1366483,Injury,Serious Injury,2024,2024,December,Wednesday,12:00 - 13:59,POLDING,ST,0,Right on the spot,CUMBERLAND,HWY,SMITHFIELD,7222.0,No,Not a school zone,Roundabout,-33.860452,150.9279,Fairfield,Sydney metro. area,Syd-Newc-Woll Gtr conurbation,Straight,Other bridge,,,Nil,Sealed,Dry,Fine,Daylight,Nil,Give way sign,60 km/h,Regional,10,Cross traffic,101,Adj - Cross traffic,,Right angle,Light truck utility(from 2018),Car (sedan/hatch),3,0,1,0,1,12,December,Summer,Wednesday,12:00 - 13:59,Midday / afternoon,False,False,True,True
1366484,Injury,Serious Injury,2024,2024,December,Saturday,06:00 - 07:59,RAWSON,ST,0,Right on the spot,ST HILLIERS,RD,AUBURN,190.0,No,Not a school zone,X-intersection,-33.85134,151.037067,Cumberland,Sydney metro. area,Syd-Newc-Woll Gtr conurbation,Straight,,,,Off,Sealed,Dry,Fine,Daylight,On,No traffic controls,70 km/h,State,21,Right through,202,Opp - Right-thru,,Other angle,Car (sedan/hatch),Unknown motor vehicle,2,0,1,0,0,12,December,Summer,Saturday,06:00 - 07:59,AM peak / school commute,True,False,True,True
1366485,Injury,Serious Injury,2024,2024,December,Thursday,10:00 - 11:59,CANTERBURY,RD,10,West,MOUNT,AVE,ROSELANDS,167.0,No,Not a school zone,T-junction,-33.931021,151.064862,Canterbury-Bankstown,Sydney metro. area,Syd-Newc-Woll Gtr conurbation,Straight,,,,Off,Sealed,Dry,Fine,Daylight,Nil,No traffic controls,60 km/h,State,2,Ped far side,3,Ped - Far side,,Vehicle - Pedestrian,4 wheel drive / SUV,Pedestrian,2,0,1,1,0,12,December,Summer,Thursday,10:00 - 11:59,Midday / afternoon,False,False,True,True
1366486,Injury,Moderate Injury,2024,2024,October,Monday,12:00 - 13:59,KAMILAROI,HWY,0,Right on the spot,BUNDELLA,RD,QUIRINDI,29.0,No,Not a school zone,T-junction,-31.489156,150.633575,Liverpool Plains,Country non-urban,Rest of NSW - Rural,Straight,,,,Nil,Sealed,Dry,Fine,Daylight,Nil,Give way sign,100 km/h,State,32,Right rear,303,Same - Rear right,,Rear end,Light truck,Light truck,2,0,0,1,0,10,October,Spring,Monday,12:00 - 13:59,Midday / afternoon,False,False,True,True
1366487,Injury,Moderate Injury,2024,2024,November,Tuesday,18:00 - 19:59,CHRISTO,RD,0,Right on the spot,WAROONGA,RD,WARATAH,,No,Not a school zone,T-junction,-32.910536,151.725322,Newcastle,Newcastle met. area,Syd-Newc-Woll Gtr conurbation,Straight,,Police pursuit,,Off,Sealed,Dry,Fine,Dusk,Nil,No traffic controls,50 km/h,Local,81,Off left/rt bnd=>obj,707,Right turn,Left,Vehicle - Object,4 wheel drive / SUV,,1,0,0,1,0,11,November,Spring,Tuesday,18:00 - 19:59,PM peak / evening commute,True,False,True,True
1366488,Injury,Moderate Injury,2024,2024,October,Wednesday,20:00 - 21:59,BROWN,ST,0,Right on the spot,MIDDLETON,RD,CHESTER HILL,,No,Not a school zone,X-intersection,-33.870702,150.98977,Canterbury-Bankstown,Sydney metro. area,Syd-Newc-Woll Gtr conurbation,Straight,,,,On,Sealed,Dry,Fine,Darkness,Nil,Give way sign,50 km/h,Local,10,Cross traffic,101,Adj - Cross traffic,,Right angle,4 wheel drive / SUV,4 wheel drive / SUV,2,0,0,1,1,10,October,Spring,Wednesday,20:00 - 21:59,Evening / night,False,False,True,True
1366489,Injury,Serious Injury,2024,2024,November,Friday,08:00 - 09:59,KEMBLA,ST,0,Right on the spot,TANGARRA,ST,CROYDON PARK,,No,Not a school zone,X-intersection,-33.895249,151.091323,Burwood,Sydney metro. area,Syd-Newc-Woll Gtr conurbation,Straight,,,,Nil,Sealed,Dry,Fine,Daylight,Nil,Stop sign,50 km/h,Local,10,Cross traffic,101,Adj - Cross traffic,,Right angle,Car (sedan/hatch),Pedal cycle,2,0,1,0,0,11,November,Spring,Friday,08:00 - 09:59,AM peak / school commute,True,False,True,True
1366490,Injury,Serious Injury,2024,2024,December,Thursday,12:00 - 13:59,COWLISHAW,ST,0,Right on the spot,EBSWORTH,ST,REDHEAD,,No,Not a school zone,T-junction,-33.011051,151.720277,Lake Macquarie,Newcastle met. area,Syd-Newc-Woll Gtr conurbation,Straight,,,,Off,Sealed,Dry,Fine,Daylight,Nil,No traffic controls,50 km/h,Local,12,Left far,103,Adj - Left-thru from left,,Right angle,Pedal cycle,Car (sedan/hatch),2,0,1,0,0,12,December,Summer,Thursday,12:00 - 13:59,Midday / afternoon,False,False,True,True
1366491,Injury,Minor/Other Injury,2024,2024,October,Saturday,12:00 - 13:59,FEDERAL,HWY,1000,South,HUME HIGHWAY,OP,YARRA,3.0,No,Not a school zone,Divided road,-34.811804,149.606166,Goulburn Mulwaree,Country non-urban,Rest of NSW - Rural,Straight,Embankment/cutting,,,Nil,Sealed,Dry,Overcast,Daylight,Nil,No traffic controls,110 km/h,State,30,Rear end,301,Same - Rear end,,Rear end,Large rigid,Passenger van,2,0,0,0,1,10,October,Spring,Saturday,12:00 - 13:59,Midday / afternoon,False,False,True,True
1366492,Injury,Moderate Injury,2024,2024,September,Monday,16:00 - 17:59,ARTHUR,ST,0,Right on the spot,THE BOULEVARDE,MS,PUNCHBOWL,,No,Not a school zone,T-junction,-33.925791,151.055627,Canterbury-Bankstown,Sydney metro. area,Syd-Newc-Woll Gtr conurbation,Curved,,,,Off,Sealed,Dry,Fine,Daylight,On,Ped crossing,50 km/h,Local,0,Ped nearside,1,Ped - Near side,,Vehicle - Pedestrian,Car (sedan/hatch),Pedestrian,2,0,0,1,0,9,September,Spring,Monday,16:00 - 17:59,PM peak / evening commute,True,False,True,True
1366493,Injury,Serious Injury,2024,2024,October,Thursday,10:00 - 11:59,CESSNOCK,RD,50,West,GOULBURN,ST,ABERMAIN,588.0,No,Not a school zone,2-way undivided,-32.811614,151.426024,Cessnock,Country urban,Rest of NSW - Urban,Curved,Driveway/entrance,,,Off,Sealed,Dry,Fine,Daylight,Nil,No traffic controls,60 km/h,State,32,Right rear,303,Same - Rear right,,Rear end,Car (sedan/hatch),Light truck utility(from 2018),2,0,1,0,0,10,October,Spring,Thursday,10:00 - 11:59,Midday / afternoon,False,False,True,True
1366494,Injury,Serious Injury,2024,2024,November,Saturday,08:00 - 09:59,BERNARD,RD,50,South,CHURCHILL,RD,PADSTOW HEIGHTS,,No,Not a school zone,2-way undivided,-33.971958,151.035781,Canterbury-Bankstown,Sydney metro. area,Syd-Newc-Woll Gtr conurbation,Straight,,,,On,Sealed,Dry,Fine,Daylight,Nil,No traffic controls,50 km/h,Local,71,Off rd left => obj,703,Left off cway into object,,Other angle,Car (sedan/hatch),4 wheel drive / SUV,4,0,1,0,0,11,November,Spring,Saturday,08:00 - 09:59,AM peak / school commute,True,False,True,True
1366495,Injury,Serious Injury,2024,2024,December,Sunday,10:00 - 11:59,MCEVOY,ST,0,Right on the spot,WYNDHAM,ST,ALEXANDRIA,528.0,No,Not a school zone,X-intersection,-33.901753,151.200142,Sydney,Sydney metro. area,Syd-Newc-Woll Gtr conurbation,Straight,,,,Off,Sealed,Dry,Fine,Daylight,On,No right turn,50 km/h,State,21,Right through,202,Opp - Right-thru,,Other angle,Motor scooter,Car (sedan/hatch),2,0,1,0,0,12,December,Summer,Sunday,10:00 - 11:59,Midday / afternoon,False,False,True,True
1366496,Injury,Serious Injury,2024,2024,October,Wednesday,16:00 - 17:59,PRIESTMAN,AVE,0,Right on the spot,RABAUL,AVE,UMINA BEACH,,No,Not a school zone,X-intersection,-33.517464,151.312695,Central Coast,Country urban,Syd-Newc-Woll Gtr conurbation,Straight,,,,Off,Sealed,Dry,Fine,Daylight,Nil,Give way sign,50 km/h,Local,10,Cross traffic,101,Adj - Cross traffic,,Right angle,Station wagon,Motorcycle,2,0,1,0,0,10,October,Spring,Wednesday,16:00 - 17:59,PM peak / evening commute,True,False,True,True
1366497,Injury,Serious Injury,2024,2024,November,Friday,14:00 - 15:59,GREAT WESTERN,HWY,0,Right on the spot,FLEMINGTON,RD,HOMEBUSH WEST,5.0,No,Not a school zone,X-intersection,-33.859913,151.072892,Strathfield,Sydney metro. area,Syd-Newc-Woll Gtr conurbation,Straight,,,,Nil,Sealed,Wet,Fine,Daylight,On,No traffic controls,60 km/h,State,0,Ped nearside,1,Ped - Near side,,Vehicle - Pedestrian,4 wheel drive / SUV,Pedestrian,2,0,1,0,0,11,November,Spring,Friday,14:00 - 15:59,Midday / afternoon,False,False,True,True
1366501,Injury,Serious Injury,2024,2024,October,Friday,20:00 - 21:59,PARK,ST,20,North,WATTLE,ST,EVANS HEAD,,No,Not a school zone,2-way undivided,-29.114342,153.431007,Richmond Valley,Country urban,Rest of NSW - Urban,Straight,,,,On,Sealed,Dry,Fine,Darkness,Nil,No traffic controls,50 km/h,Local,2,Ped far side,3,Ped - Far side,,Vehicle - Pedestrian,Station wagon,Pedestrian,2,0,1,0,0,10,October,Spring,Friday,20:00 - 21:59,Evening / night,False,False,True,True
1366502,Injury,Serious Injury,2024,2024,December,Sunday,08:00 - 09:59,KURRAJONG,RD,200,West,BERNERA,RD,PRESTONS,,No,Not a school zone,2-way undivided,-33.941956,150.865258,Liverpool,Sydney metro. area,Syd-Newc-Woll Gtr conurbation,Straight,,,,Off,Sealed,Dry,Fine,Daylight,Nil,No traffic controls,60 km/h,Local,30,Rear end,301,Same - Rear end,,Rear end,Motorcycle,4 wheel drive / SUV,2,0,1,0,0,12,December,Summer,Sunday,08:00 - 09:59,AM peak / school commute,True,False,True,True
1366503,Injury,Moderate Injury,2024,2024,November,Friday,16:00 - 17:59,HOGBIN,DR,0,Right on the spot,HI TECH,DR,TOORMINA,540.0,No,Not a school zone,T-junction,-30.341663,153.093294,Coffs Harbour,Country urban,Rest of NSW - Urban,Straight,,,,Nil,Sealed,Dry,Fine,Daylight,Nil,Give way sign,80 km/h,Regional,13,Right near,104,Adj - Right-thru from right,,Right angle,Car (sedan/hatch),4 wheel drive / SUV,2,0,0,1,1,11,November,Spring,Friday,16:00 - 17:59,PM peak / evening commute,True,False,True,True
1366504,Injury,Serious Injury,2024,2024,November,Saturday,10:00 - 11:59,FORESHORE,RD,0,Right on the spot,HALE,ST,BOTANY,617.0,No,Not a school zone,T-junction,-33.946507,151.188919,Bayside,Sydney metro. area,Syd-Newc-Woll Gtr conurbation,Straight,,,,Off,Sealed,Dry,Fine,Daylight,On,No traffic controls,80 km/h,State,30,Rear end,301,Same - Rear end,,Rear end,Large rigid,4 wheel drive / SUV,4,0,1,0,0,11,November,Spring,Saturday,10:00 - 11:59,Midday / afternoon,False,False,True,True
1366506,Injury,Moderate Injury,2024,2024,October,Saturday,16:00 - 17:59,PACIFIC,HWY,100,North,APANIE,AVE,NARARA,10.0,No,Not a school zone,2-way undivided,-33.392206,151.352636,Central Coast,Country urban,Syd-Newc-Woll Gtr conurbation,Curved,Painted double centre lines,,,Off,Sealed,Dry,Fine,Daylight,Nil,No traffic controls,60 km/h,State,20,Head on,201,Opp - Head on,,Head-on,Car (sedan/hatch),Light truck utility(from 2018),2,0,0,1,0,10,October,Spring,Saturday,16:00 - 17:59,PM peak / evening commute,True,False,True,True
1366507,Injury,Moderate Injury,2024,2024,November,Sunday,12:00 - 13:59,COOMA,RD,100,North,NORTH JINDEN FIRE,TRL,JINDEN,7625.0,No,Not a school zone,2-way undivided,-35.886843,149.592188,Queanbeyan-Palerang Regional,Country non-urban,Rest of NSW - Rural,Straight,Steep grade,,,Nil,Unsealed,Dry,Fine,Daylight,Nil,No traffic controls,100 km/h,Regional,67,Struck animal,609,On path - Hit animal,,Vehicle - Animal,Motorcycle,,1,0,0,1,0,11,November,Spring,Sunday,12:00 - 13:59,Midday / afternoon,False,False,True,True
1366511,Injury,Moderate Injury,2024,2024,October,Wednesday,18:00 - 19:59,BEAMISH,ST,0,Right on the spot,EIGHTH,AVE,CAMPSIE,,No,Not a school zone,T-junction,-33.906091,151.103145,Canterbury-Bankstown,Sydney metro. area,Syd-Newc-Woll Gtr conurbation,Straight,,,,On,Sealed,Dry,Fine,Darkness,On,Stop sign,50 km/h,Local,13,Right near,104,Adj - Right-thru from right,,Right angle,Car (sedan/hatch),Pedal cycle,2,0,0,1,0,10,October,Spring,Wednesday,18:00 - 19:59,PM peak / evening commute,True,False,True,True
1366512,Injury,Minor/Other Injury,2024,2024,November,Tuesday,08:00 - 09:59,WESTERN,EXP,10,East,RESERVOIR ROAD,TO,EASTERN CREEK,6004.0,No,Not a school zone,Dual freeway,-33.80204,150.885331,Blacktown,Sydney metro. area,Syd-Newc-Woll Gtr conurbation,Straight,,,,On,Sealed,Dry,Fine,Daylight,Nil,No traffic controls,100 km/h,State,30,Rear end,301,Same - Rear end,,Rear end,Car (sedan/hatch),4 wheel drive / SUV,3,0,0,0,1,11,November,Spring,Tuesday,08:00 - 09:59,AM peak / school commute,True,False,True,True
1366515,Injury,Serious Injury,2024,2024,October,Tuesday,18:00 - 19:59,HUME,HWY,100,East,BOX,RD,CASULA,2.0,No,Not a school zone,Divided road,-33.956862,150.890139,Liverpool,Sydney metro. area,Syd-Newc-Woll Gtr conurbation,Straight,,,,Nil,Sealed,Dry,Fine,Daylight,Nil,No traffic controls,70 km/h,State,33,Lane sideswipe,305,Same - Lane side swipe,,Other angle,4 wheel drive / SUV,Car (sedan/hatch),3,0,1,1,0,10,October,Spring,Tuesday,18:00 - 19:59,PM peak / evening commute,True,False,True,True
1366516,Injury,Minor/Other Injury,2024,2024,November,Friday,16:00 - 17:59,ARDEN,ST,40,North,COOGEE BAY,RD,COOGEE,7340.0,No,Not a school zone,Divided road,-33.920515,151.256931,Randwick,Sydney metro. area,Syd-Newc-Woll Gtr conurbation,Straight,Foot/cycle path/nature strip,,,Nil,Sealed,Dry,Fine,Daylight,Nil,No traffic controls,40 km/h,Regional,6,Ped on footpath,8,Ped - On footway/median,,Vehicle - Pedestrian,Other bus,Pedestrian,2,0,0,0,1,11,November,Spring,Friday,16:00 - 17:59,PM peak / evening commute,True,False,True,True
1366517,Injury,Serious Injury,2024,2024,September,Monday,18:00 - 19:59,CENTENARY,PDE,10,North,FRED BRAIN,AVE,NAMBUCCA HEADS,,Yes,No,T-junction,-30.639919,152.984432,Nambucca Valley,Country urban,Rest of NSW - Urban,Straight,,,,On,Sealed,Dry,Fine,Darkness,Nil,No traffic controls,50 km/h,Local,75,Off end of road,709,Off end cway or T junct,,Vehicle - Object,Car (sedan/hatch),,1,0,1,0,0,9,September,Spring,Monday,18:00 - 19:59,PM peak / evening commute,True,False,True,True
1366518,Injury,Serious Injury,2024,2024,October,Thursday,16:00 - 17:59,BEARDY,ST,100,East,JESSIE,ST,ARMIDALE,,No,Not a school zone,1-way street,-30.512969,151.664664,Armidale Regional,Country urban,Rest of NSW - Urban,Straight,,,,Nil,Sealed,Dry,Fine,Daylight,Nil,No traffic controls,50 km/h,Local,3,Ped on carriageway,4,Ped - On carriageway,,Vehicle - Pedestrian,Car (sedan/hatch),Pedestrian,2,0,1,0,0,10,October,Spring,Thursday,16:00 - 17:59,PM peak / evening commute,True,False,True,True
1366519,Injury,Serious Injury,2024,2024,November,Monday,08:00 - 09:59,WATTS,RD,0,Right on the spot,WESTERN,RD,KEMPS CREEK,,No,Not a school zone,X-intersection,-33.906694,150.775979,Liverpool,Sydney metro. area,Syd-Newc-Woll Gtr conurbation,Straight,,,,Nil,Sealed,Dry,Fine,Daylight,Nil,Give way sign,80 km/h,Local,10,Cross traffic,101,Adj - Cross traffic,,Right angle,4 wheel drive / SUV,Station wagon,2,0,2,0,0,11,November,Spring,Monday,08:00 - 09:59,AM peak / school commute,True,False,True,True
1366521,Injury,Moderate Injury,2024,2024,November,Sunday,22:00 - Midnight,GREAT WESTERN,HWY,2000,North,COOERWULL,RD,MARRANGAROO,5.0,No,Not a school zone,Divided road,-33.45219,150.116867,Lithgow,Country non-urban,Rest of NSW - Rural,Straight,,,,Nil,Sealed,Dry,Fine,Darkness,Nil,No traffic controls,100 km/h,State,20,Head on,201,Opp - Head on,,Head-on,4 wheel drive / SUV,4 wheel drive / SUV,2,0,0,1,0,11,November,Spring,Sunday,22:00 - Midnight,Evening / night,False,False,True,True
1366522,Injury,Serious Injury,2024,2024,November,Wednesday,06:00 - 07:59,GREAT WESTERN,HWY,0,Right on the spot,OAKLANDS,RD,HAZELBROOK,5.0,No,Not a school zone,X-intersection,-33.720885,150.451566,Blue Mountains,Country urban,Syd-Newc-Woll Gtr conurbation,Straight,,,,Off,Sealed,Dry,Fine,Daylight,On,No traffic controls,70 km/h,State,30,Rear end,301,Same - Rear end,,Rear end,Motorcycle,Semi-trailer,2,0,1,0,0,11,November,Spring,Wednesday,06:00 - 07:59,AM peak / school commute,True,False,True,True
1366523,Injury,Moderate Injury,2024,2024,November,Saturday,10:00 - 11:59,ANZAC,PDE,0,Right on the spot,FRANKLIN,ST,CHIFLEY,2074.0,Yes,No,T-junction,-33.963484,151.2459,Randwick,Sydney metro. area,Syd-Newc-Woll Gtr conurbation,Straight,,,,Off,Sealed,Dry,Fine,Daylight,Nil,Stop sign,60 km/h,Regional,13,Right near,104,Adj - Right-thru from right,,Right angle,Car (sedan/hatch),Light truck utility(from 2018),2,0,0,1,0,11,November,Spring,Saturday,10:00 - 11:59,Midday / afternoon,False,False,True,True
1366525,Injury,Serious Injury,2024,2024,August,Friday,02:00 - 03:59,CHAPEL,ST,10,North,CANTERBURY,RD,LAKEMBA,167.0,No,Not a school zone,X-intersection,-33.925315,151.086852,Canterbury-Bankstown,Sydney metro. area,Syd-Newc-Woll Gtr conurbation,Straight,Foot/cycle path/nature strip,,,On,Sealed,Wet,Overcast,Darkness,On,No traffic controls,60 km/h,State,48,From footpath,408,Manov - From footway,,Other angle,Pedal cycle,Car (sedan/hatch),2,0,1,0,0,8,August,Winter,Friday,02:00 - 03:59,Late night / early morning,False,False,True,True
1366527,Injury,Moderate Injury,2024,2024,December,Saturday,16:00 - 17:59,MURRINGO,RD,4000,West,LACHLAN VALLEY,WAY,BOOROWA,241.0,No,Not a school zone,2-way undivided,-34.408902,148.660319,Hilltops,Country non-urban,Rest of NSW - Rural,Straight,Ditch/drain/culvert,,,Nil,Sealed,Dry,Fine,Daylight,Nil,No traffic controls,100 km/h,Regional,73,Off rd rght => obj,704,Right off cway into obj,,Vehicle - Object,4 wheel drive / SUV,,1,0,0,1,0,12,December,Summer,Saturday,16:00 - 17:59,PM peak / evening commute,True,False,True,True
1366528,Injury,Serious Injury,2024,2024,November,Tuesday,08:00 - 09:59,CLYDE,ST,0,Right on the spot,NUMBER 24-26,HN,RYDALMERE,,No,Not a school zone,2-way undivided,-33.813538,151.032732,Parramatta,Sydney metro. area,Syd-Newc-Woll Gtr conurbation,Straight,Driveway/entrance,,,Off,Sealed,Dry,Fine,Daylight,Nil,No traffic controls,50 km/h,Local,48,From footpath,408,Manov - From footway,,Other angle,Pedal cycle,4 wheel drive / SUV,2,0,1,0,0,11,November,Spring,Tuesday,08:00 - 09:59,AM peak / school commute,True,False,True,True
1366530,Injury,Serious Injury,2024,2024,October,Tuesday,18:00 - 19:59,MAITLAND VALE,RD,0,Right on the spot,NUMBER 234,HN,MAITLAND VALE,,No,Not a school zone,2-way undivided,-32.677657,151.562305,Maitland,Country urban,Rest of NSW - Urban,Curved,Driveway/entrance,,,Nil,Sealed,Dry,Fine,Darkness,Nil,No traffic controls,80 km/h,Local,85,Off rt/lft bnd=>obj,804,Off left bend into obj,Right,Vehicle - Object,Motorcycle,,1,0,1,0,0,10,October,Spring,Tuesday,18:00 - 19:59,PM peak / evening commute,True,False,True,True
1366531,Injury,Serious Injury,2024,2024,December,Friday,14:00 - 15:59,THE SPRINGS,RD,125,South,SUSSEX INLET,RD,SUSSEX INLET,,No,Not a school zone,2-way undivided,-35.159856,150.578946,Shoalhaven,Country urban,Rest of NSW - Urban,Straight,Driveway/entrance,,,Nil,Sealed,Dry,Fine,Daylight,Nil,No traffic controls,80 km/h,Local,21,Right through,202,Opp - Right-thru,,Other angle,4 wheel drive / SUV,4 wheel drive / SUV,2,0,1,0,0,12,December,Summer,Friday,14:00 - 15:59,Midday / afternoon,False,False,True,True
1366532,Injury,Serious Injury,2024,2024,November,Wednesday,04:00 - 05:59,CABRAMATTA,RD,10,East,LORD,ST,MOUNT PRITCHARD,534.0,No,Not a school zone,T-junction,-33.896491,150.912028,Fairfield,Sydney metro. area,Syd-Newc-Woll Gtr conurbation,Straight,Steep grade,,,On,Sealed,Dry,Fine,Dawn,Nil,Give way sign,60 km/h,State,20,Head on,201,Opp - Head on,,Head-on,4 wheel drive / SUV,Car (sedan/hatch),2,0,2,0,0,11,November,Spring,Wednesday,04:00 - 05:59,Late night / early morning,False,False,True,True
1366533,Injury,Minor/Other Injury,2024,2024,November,Thursday,12:00 - 13:59,BURLEY GRIFFIN,WAY,0,Right on the spot,LIMESTONE,WAY,GALONG,84.0,No,Not a school zone,X-intersection,-34.619835,148.533372,Hilltops,Country non-urban,Rest of NSW - Rural,Straight,,,,Nil,Sealed,Dry,Fine,Daylight,Nil,Give way sign,100 km/h,State,10,Cross traffic,101,Adj - Cross traffic,,Right angle,Car (sedan/hatch),Large rigid,2,0,0,0,1,11,November,Spring,Thursday,12:00 - 13:59,Midday / afternoon,False,False,True,True
1366534,Injury,Serious Injury,2024,2024,November,Tuesday,06:00 - 07:59,PACIFIC,HWY,50,South,MCLEAN,ST,COFFS HARBOUR,10.0,No,Not a school zone,Divided road,-30.29884,153.112205,Coffs Harbour,Country urban,Rest of NSW - Urban,Curved,Steep grade,,,On,Sealed,Wet,Raining,Daylight,Nil,No traffic controls,60 km/h,State,81,Off left/rt bnd=>obj,803,Off right bend into obj,Left,Vehicle - Object,4 wheel drive / SUV,,1,0,1,0,0,11,November,Spring,Tuesday,06:00 - 07:59,AM peak / school commute,True,False,True,True
1366535,Injury,Serious Injury,2024,2024,December,Friday,06:00 - 07:59,HOLBECHE,RD,50,East,LIDCO,ST,ARNDELL PARK,,No,Not a school zone,2-way undivided,-33.788263,150.878962,Blacktown,Sydney metro. area,Syd-Newc-Woll Gtr conurbation,Straight,,,,Off,Sealed,Dry,Fine,Daylight,Nil,No traffic controls,50 km/h,Local,71,Off rd left => obj,703,Left off cway into object,,Other angle,Light truck,Large rigid,2,0,1,0,0,12,December,Summer,Friday,06:00 - 07:59,AM peak / school commute,True,False,True,True
1366536,Injury,Moderate Injury,2024,2024,October,Thursday,20:00 - 21:59,HUME,HWY,160,West,GOVERNOR MACQUARIE,DR,WARWICK FARM,2.0,No,Not a school zone,Divided road,-33.912015,150.936597,Liverpool,Sydney metro. area,Syd-Newc-Woll Gtr conurbation,Straight,,,,On,Sealed,Wet,Raining,Darkness,Nil,No traffic controls,70 km/h,State,71,Off rd left => obj,703,Left off cway into object,,Vehicle - Object,Car (sedan/hatch),,1,0,0,1,0,10,October,Spring,Thursday,20:00 - 21:59,Evening / night,False,False,True,True
1366538,Injury,Moderate Injury,2024,2024,December,Wednesday,16:00 - 17:59,GREAT WESTERN,HWY,50,West,WHITTON,ST,KATOOMBA,5.0,No,Not a school zone,Divided road,-33.708887,150.309585,Blue Mountains,Country urban,Syd-Newc-Woll Gtr conurbation,Curved,,,,Off,Sealed,Dry,Fine,Daylight,Nil,No traffic controls,70 km/h,State,33,Lane sideswipe,305,Same - Lane side swipe,,Other angle,Light truck,4 wheel drive / SUV,2,0,0,1,0,12,December,Summer,Wednesday,16:00 - 17:59,PM peak / evening commute,True,False,True,True