crash_id,degree_of_crash,degree_of_crash_-_detailed,reporting_year,year_of_crash,month_of_crash,day_of_week_of_crash,two-hour_intervals,street_of_crash,street_type,distance,direction,identifying_feature,identifying_feature_type,town,route_no.,school_zone_location,school_zone_active,type_of_location,latitude,longitude,lga,urbanisation,conurbation_1,alignment,primary_permanent_feature,primary_temporary_feature,primary_hazardous_feature,street_lighting,road_surface,surface_condition,weather,natural_lighting,signals_operation,other_traffic_control,speed_limit,road_classification_(admin),rum_-_code,rum_-_description,dca_-_code,dca_-_description,dca_supplement,first_impact_type,key_tu_type,other_tu_type,no._of_traffic_units_involved,no._killed,no._seriously_injured,no._moderately_injured,no._minor-other_injured,month_num,month_label,season,day_label,time_label,time_band,is_peak_commute,is_fatal,is_injury,is_casualty
1366539,Injury,Moderate Injury,2024,2024,October,Saturday,08:00 - 09:59,GREAT WESTERN,HWY,30,West,KALINDA,RD,BULLABURRA,5.0,No,Not a school zone,Divided road,-33.723094,150.416964,Blue Mountains,Country urban,Syd-Newc-Woll Gtr conurbation,Curved,,,,Off,Sealed,Dry,Fine,Daylight,Nil,No traffic controls,80 km/h,State,85,Off rt/lft bnd=>obj,804,Off left bend into obj,Right,Vehicle - Object,Light truck utility(from 2018),,1,0,0,1,0,10,October,Spring,Saturday,08:00 - 09:59,AM peak / school commute,True,False,True,True
1366540,Injury,Minor/Other Injury,2024,2024,November,Friday,04:00 - 05:59,STATION,ST,0,Right on the spot,NUMBER 30,HN,NEWTOWN,,No,Not a school zone,2-way undivided,-33.898939,151.176605,Inner West,Sydney metro. area,Syd-Newc-Woll Gtr conurbation,Straight,,,,On,Sealed,Dry,Fine,Darkness,Nil,No traffic controls,50 km/h,Local,71,Off rd left => obj,703,Left off cway into object,,Other angle,Pedal cycle,Car (sedan/hatch),2,0,0,0,1,11,November,Spring,Friday,04:00 - 05:59,Late night / early morning,False,False,True,True
1366545,Injury,Moderate Injury,2024,2024,August,Wednesday,06:00 - 07:59,WALLGROVE,RD,160,South,CHANDOS,RD,HORSLEY PARK,515.0,No,Not a school zone,2-way undivided,-33.833437,150.855032,Fairfield,Sydney metro. area,Syd-Newc-Woll Gtr conurbation,Straight,Driveway/entrance,,,On,Sealed,Dry,Fine,Dawn,Nil,No traffic controls,70 km/h,State,32,Right rear,303,Same - Rear right,,Rear end,Car (sedan/hatch),4 wheel drive / SUV,2,0,0,1,0,8,August,Winter,Wednesday,06:00 - 07:59,AM peak / school commute,True,False,True,True
1366546,Injury,Moderate Injury,2024,2024,November,Thursday,14:00 - 15:59,CORONATION,DR,30,West,ROWAN,ST,ORANGE,237.0,No,Not a school zone,2-way undivided,-33.280802,149.07753,Orange,Country urban,Rest of NSW - Urban,Straight,,,,Off,Sealed,Dry,Fine,Daylight,Nil,No traffic controls,50 km/h,Regional,71,Off rd left => obj,703,Left off cway into object,,Vehicle - Object,Utility,,1,0,0,1,0,11,November,Spring,Thursday,14:00 - 15:59,Midday / afternoon,False,False,True,True
1366548,Injury,Moderate Injury,2024,2024,November,Tuesday,08:00 - 09:59,SOUTH CREEK,RD,30,South,FISHER,RD,CROMER,,No,Not a school zone,Divided road,-33.735829,151.280359,Northern Beaches,Sydney metro. area,Syd-Newc-Woll Gtr conurbation,Straight,,,,Off,Sealed,Dry,Fine,Daylight,Nil,No traffic controls,50 km/h,Local,48,From footpath,408,Manov - From footway,,Other angle,Pedal cycle,4 wheel drive / SUV,2,0,0,1,0,11,November,Spring,Tuesday,08:00 - 09:59,AM peak / school commute,True,False,True,True
1366549,Injury,Moderate Injury,2024,2024,October,Wednesday,14:00 - 15:59,NEW ENGLAND,HWY,0,Right on the spot,CHISHOLM,RD,EAST MAITLAND,9.0,No,Not a school zone,T-junction,-32.763982,151.59768,Maitland,Country urban,Rest of NSW - Urban,Straight,,,,Off,Sealed,Dry,Fine,Daylight,Unknown / not stated,Ped crossing,60 km/h,State,30,Rear end,301,Same - Rear end,,Rear end,4 wheel drive / SUV,Car (sedan/hatch),2,0,0,1,0,10,October,Spring,Wednesday,14:00 - 15:59,Midday / afternoon,False,False,True,True
1366550,Injury,Moderate Injury,2024,2024,October,Friday,10:00 - 11:59,STURT,HWY,0,Right on the spot,OLYMPIC,HWY,WAGGA WAGGA,14.0,No,Not a school zone,Roundabout,-35.115447,147.34561,Wagga Wagga,Country urban,Rest of NSW - Urban,Straight,,,,Nil,Sealed,Dry,Fine,Daylight,Nil,Give way sign,60 km/h,State,10,Cross traffic,101,Adj - Cross traffic,,Right angle,Car (sedan/hatch),Motorcycle,2,0,0,1,0,10,October,Spring,Friday,10:00 - 11:59,Midday / afternoon,False,False,True,True
1366551,Injury,Minor/Other Injury,2024,2024,December,Saturday,12:00 - 13:59,MACLEAY,AVE,100,North,NAMBUCCA,DR,WOY WOY,,No,Not a school zone,2-way undivided,-33.499237,151.304572,Central Coast,Country urban,Syd-Newc-Woll Gtr conurbation,Curved,Steep grade,,,Nil,Sealed,Dry,Fine,Daylight,Nil,No traffic controls,50 km/h,Local,20,Head on,201,Opp - Head on,,Head-on,Pedal cycle,4 wheel drive / SUV,2,0,0,0,1,12,December,Summer,Saturday,12:00 - 13:59,Midday / afternoon,False,False,True,True
1366552,Injury,Moderate Injury,2024,2024,November,Saturday,16:00 - 17:59,GREAT WESTERN,HWY,0,Right on the spot,NUMBER 219,HN,WARRIMOO,5.0,No,Not a school zone,Divided road,-33.730843,150.604346,Blue Mountains,Country urban,Syd-Newc-Woll Gtr conurbation,Straight,,,,Off,Sealed,Dry,Fine,Daylight,Nil,No traffic controls,80 km/h,State,71,Off rd left => obj,703,Left off cway into object,,Other angle,Other bus,Car (sedan/hatch),2,0,0,1,0,11,November,Spring,Saturday,16:00 - 17:59,PM peak / evening commute,True,False,True,True
1366554,Injury,Serious Injury,2024,2024,July,Wednesday,12:00 - 13:59,MAYFIELD,RD,2000,South,O'CONNELL,RD,MAYFIELD,,No,Not a school zone,2-way undivided,-33.637127,149.781047,Oberon,Country urban,Rest of NSW - Urban,Curved,Steep grade,,Loose gravel shoulder,Nil,Sealed,Dry,Fine,Daylight,Nil,No traffic controls,80 km/h,Local,81,Off left/rt bnd=>obj,803,Off right bend into obj,Left,Vehicle - Object,Motorcycle,,1,0,1,0,0,7,July,Winter,Wednesday,12:00 - 13:59,Midday / afternoon,False,False,True,True
1366555,Injury,Serious Injury,2024,2024,December,Tuesday,10:00 - 11:59,THE NORTHERN,RD,0,Right on the spot,KIRKHAM,ST,NARELLAN,154.0,No,Not a school zone,T-junction,-34.038234,150.734202,Camden,Sydney metro. area,Syd-Newc-Woll Gtr conurbation,Straight,Driveway/entrance,,,On,Sealed,Dry,Fine,Daylight,On,No traffic controls,60 km/h,State,47,Emerging from drive,406,Manov - Emerging from driveway,,Right angle,Light truck utility(from 2018),Car (sedan/hatch),2,0,1,1,0,12,December,Summer,Tuesday,10:00 - 11:59,Midday / afternoon,False,False,True,True
1366556,Injury,Serious Injury,2024,2024,November,Sunday,22:00 - Midnight,HENRY LAWSON,DR,200,North,RICHMOND,AVE,PADSTOW HEIGHTS,508.0,No,Not a school zone,Divided road,-33.9645,151.039783,Canterbury-Bankstown,Sydney metro. area,Syd-Newc-Woll Gtr conurbation,Straight,Steep grade,,Potholes/corrugations/rough,On,Sealed,Dry,Fine,Darkness,Nil,No traffic controls,70 km/h,State,74,On road-out of cont.,705,Out of control on cway,,Rollover,Motorcycle,,1,0,1,0,0,11,November,Spring,Sunday,22:00 - Midnight,Evening / night,False,False,True,True
1366557,Injury,Minor/Other Injury,2024,2024,November,Saturday,16:00 - 17:59,HILL,ST,105,North,BYNG,ST,ORANGE,,Yes,No,Divided road,-33.279576,149.094461,Orange,Country urban,Rest of NSW - Urban,Straight,,,,Off,Sealed,Dry,Fine,Daylight,Nil,Ped crossing,50 km/h,Local,30,Rear end,301,Same - Rear end,,Rear end,Car (sedan/hatch),Car (sedan/hatch),2,0,0,0,1,11,November,Spring,Saturday,16:00 - 17:59,PM peak / evening commute,True,False,True,True
1366561,Injury,Moderate Injury,2024,2024,October,Saturday,02:00 - 03:59,DICKSONS,LANE,0,Right on the spot,PEPPERMINT,LANE,TALLWOOD,,No,Not a school zone,T-junction,-33.501699,149.110937,Blayney,Country non-urban,Rest of NSW - Rural,Straight,,,,Nil,Unsealed,Dry,Fine,Darkness,Nil,No traffic controls,100 km/h,Local,99,Unknown,907,Vehicle movements unknown,,Unknown,Light truck utility(from 2018),,1,0,0,1,0,10,October,Spring,Saturday,02:00 - 03:59,Late night / early morning,False,False,True,True
1366562,Injury,Moderate Injury,2024,2024,October,Monday,02:00 - 03:59,ATCHISON,RD,0,Right on the spot,VICTORIA,RD,MACQUARIE FIELDS,7198.0,No,Not a school zone,Roundabout,-33.983489,150.883841,Campbelltown,Sydney metro. area,Syd-Newc-Woll Gtr conurbation,Straight,,,,On,Sealed,Dry,Fine,Darkness,Nil,Give way sign,60 km/h,Regional,71,Off rd left => obj,703,Left off cway into object,,Vehicle - Object,Car (sedan/hatch),,1,0,0,1,0,10,October,Spring,Monday,02:00 - 03:59,Late night / early morning,False,False,True,True
1366564,Injury,Moderate Injury,2024,2024,October,Friday,12:00 - 13:59,WELLINGTON,RD,0,Right on the spot,CHISHOLM,RD,AUBURN,2096.0,No,Not a school zone,X-intersection,-33.863758,151.018542,Cumberland,Sydney metro. area,Syd-Newc-Woll Gtr conurbation,Straight,,,,Nil,Sealed,Wet,Fine,Daylight,On,No traffic controls,50 km/h,Regional,21,Right through,202,Opp - Right-thru,,Other angle,Car (sedan/hatch),Car (sedan/hatch),2,0,0,2,0,10,October,Spring,Friday,12:00 - 13:59,Midday / afternoon,False,False,True,True
1366565,Injury,Moderate Injury,2024,2024,December,Sunday,10:00 - 11:59,PRINCES,HWY,0,Right on the spot,HAYCOCK,RD,EDEN,1.0,No,Not a school zone,T-junction,-36.994534,149.909733,Bega Valley,Country urban,Rest of NSW - Urban,Straight,,,,Nil,Sealed,Dry,Fine,Daylight,Nil,No traffic controls,80 km/h,State,30,Rear end,301,Same - Rear end,,Rear end,Light truck utility(from 2018),Light truck,2,0,0,2,0,12,December,Summer,Sunday,10:00 - 11:59,Midday / afternoon,False,False,True,True
1366566,Injury,Minor/Other Injury,2024,2024,October,Friday,22:00 - Midnight,RAILWAY,ST,70,South,TARA,CL,YENNORA,,No,Not a school zone,2-way undivided,-33.867815,150.965724,Fairfield,Sydney metro. area,Syd-Newc-Woll Gtr conurbation,Straight,,,,On,Sealed,Wet,Raining,Darkness,Nil,No traffic controls,50 km/h,Local,71,Off rd left => obj,703,Left off cway into object,,Vehicle - Object,Light truck,,4,0,0,0,1,10,October,Spring,Friday,22:00 - Midnight,Evening / night,False,False,True,True
1366567,Injury,Moderate Injury,2024,2024,November,Friday,18:00 - 19:59,AITCHANDAR,RD,0,Right on the spot,BUFFALO,RD,RYDE,,No,Not a school zone,X-intersection,-33.8131,151.115326,Ryde,Sydney metro. area,Syd-Newc-Woll Gtr conurbation,Straight,,,,On,Sealed,Dry,Fine,Dusk,Nil,Give way sign,50 km/h,Local,14,2 right turning,105,Adj - Two right turning,,Right angle,4 wheel drive / SUV,Car (sedan/hatch),2,0,0,1,1,11,November,Spring,Friday,18:00 - 19:59,PM peak / evening commute,True,False,True,True
1366568,Injury,Serious Injury,2024,2024,August,Friday,16:00 - 17:59,BOUNDARY,ST,10,East,CLIVE,ST,ROSEVILLE CHASE,599.0,No,Not a school zone,X-intersection,-33.782035,151.196686,Ku-ring-gai,Sydney metro. area,Syd-Newc-Woll Gtr conurbation,Straight,,,,Off,Sealed,Dry,Fine,Daylight,On,No traffic controls,60 km/h,State,71,Off rd left => obj,703,Left off cway into object,,Vehicle - Object,Other bus,,1,0,1,0,0,8,August,Winter,Friday,16:00 - 17:59,PM peak / evening commute,True,False,True,True
1366569,Injury,Serious Injury,2024,2024,September,Wednesday,16:00 - 17:59,MILITARY,RD,0,Right on the spot,SPOFFORTH,ST,CREMORNE,164.0,No,Not a school zone,T-junction,-33.828109,151.230232,North Sydney,Sydney metro. area,Syd-Newc-Woll Gtr conurbation,Straight,,,,On,Sealed,Dry,Fine,Daylight,On,No traffic controls,60 km/h,State,36,Right turn sideswipe,308,Same - Rgt turn side swipe,,Other angle,Motor scooter,Light truck utility(from 2018),3,0,1,0,0,9,September,Spring,Wednesday,16:00 - 17:59,PM peak / evening commute,True,False,True,True
1366571,Injury,Serious Injury,2024,2024,November,Friday,06:00 - 07:59,EPPING,RD,0,Right on the spot,WICKS,RD,MACQUARIE PARK,373.0,No,Not a school zone,X-intersection,-33.79122,151.130554,Ryde,Sydney metro. area,Syd-Newc-Woll Gtr conurbation,Straight,Steep grade,,,Nil,Sealed,Dry,Fine,Daylight,On,No traffic controls,70 km/h,State,30,Rear end,301,Same - Rear end,,Rear end,Large rigid,Motorcycle,2,0,1,0,0,11,November,Spring,Friday,06:00 - 07:59,AM peak / school commute,True,False,True,True
1366572,Injury,Serious Injury,2024,2024,December,Saturday,20:00 - 21:59,HILL,ST,10,East,SINCLAIR,CRES,WENTWORTH FALLS,,No,Not a school zone,T-junction,-33.710356,150.357578,Blue Mountains,Country urban,Syd-Newc-Woll Gtr conurbation,Straight,Foot/cycle path/nature strip,,,On,Sealed,Dry,Fine,Dusk,Nil,No traffic controls,50 km/h,Local,40,U turn,304,Same - U-turn,,Other angle,Light truck utility(from 2018),Motorcycle,2,0,1,0,0,12,December,Summer,Saturday,20:00 - 21:59,Evening / night,False,False,True,True
1366573,Injury,Serious Injury,2024,2024,November,Tuesday,12:00 - 13:59,BARRIER,HWY,40200,West,WILCANNIA,TN,WILCANNIA,8.0,No,Not a school zone,2-way undivided,-31.58924,142.977927,Central Darling,Country non-urban,Rest of NSW - Rural,Straight,,,,Nil,Sealed,Dry,Fine,Daylight,Nil,No traffic controls,110 km/h,State,72,Off road to right,702,Off carriageway to right,,Rollover,Light truck utility(from 2018),,1,0,2,0,2,11,November,Spring,Tuesday,12:00 - 13:59,Midday / afternoon,False,False,True,True
1366575,Injury,Minor/Other Injury,2024,2024,September,Wednesday,12:00 - 13:59,SUTTON,RD,50,North,MULLIGANS FLAT,RD,SUTTON,52.0,No,Not a school zone,2-way undivided,-35.110511,149.246802,Yass Valley,Country non-urban,Rest of NSW - Rural,Straight,,,,Nil,Sealed,Dry,Fine,Daylight,Nil,No traffic controls,100 km/h,Regional,20,Head on,201,Opp - Head on,,Head-on,4 wheel drive / SUV,4 wheel drive / SUV,2,0,0,0,3,9,September,Spring,Wednesday,12:00 - 13:59,Midday / afternoon,False,False,True,True
1366576,Injury,Serious Injury,2024,2024,November,Friday,10:00 - 11:59,BEAMISH,ST,0,Right on the spot,EVALINE,ST,CAMPSIE,2014.0,No,Not a school zone,X-intersection,-33.913061,151.104065,Canterbury-Bankstown,Sydney metro. area,Syd-Newc-Woll Gtr conurbation,Straight,,,,Off,Sealed,Dry,Fine,Daylight,On,Ped crossing,40 km/h,Regional,0,Ped nearside,1,Ped - Near side,,Vehicle - Pedestrian,Other bus,Pedestrian,2,0,1,1,0,11,November,Spring,Friday,10:00 - 11:59,Midday / afternoon,False,False,True,True
1366577,Injury,Serious Injury,2024,2024,November,Friday,06:00 - 07:59,THE PARKWAY,MS,0,Right on the spot,NUMBER 11,HN,BALGOWNIE,,No,Not a school zone,2-way undivided,-34.38985,150.8747,Wollongong,Wollongong met. area,Syd-Newc-Woll Gtr conurbation,Straight,Steep grade,,,Nil,Sealed,Wet,Fine,Daylight,Nil,No traffic controls,50 km/h,Local,4,Ped walk with,5,Ped - Walking with traffic,,Vehicle - Pedestrian,Car (sedan/hatch),Pedestrian,2,0,1,1,0,11,November,Spring,Friday,06:00 - 07:59,AM peak / school commute,True,False,True,True
1366578,Injury,Serious Injury,2024,2024,October,Thursday,14:00 - 15:59,SOFALA,RD,2900,North,PYMONTS,LANE,PEEL,54.0,No,Not a school zone,2-way undivided,-33.28552,149.655672,Bathurst Regional,Country non-urban,Rest of NSW - Rural,Curved,Steep grade,,,Nil,Sealed,Dry,Fine,Daylight,Nil,No traffic controls,100 km/h,State,83,Off rt/rt bnd=>obj,803,Off right bend into obj,Right,Vehicle - Object,4 wheel drive / SUV,,1,0,1,0,0,10,October,Spring,Thursday,14:00 - 15:59,Midday / afternoon,False,False,True,True
1366580,Injury,Minor/Other Injury,2024,2024,December,Monday,10:00 - 11:59,LACHLAN VALLEY,WAY,4210,North,GEEGULLAONG,LANE,GODFREYS CREEK,56.0,No,Not a school zone,2-way undivided,-34.317725,148.674028,Hilltops,Country non-urban,Rest of NSW - Rural,Curved,,,,Nil,Sealed,Dry,Fine,Daylight,Nil,No traffic controls,100 km/h,State,83,Off rt/rt bnd=>obj,803,Off right bend into obj,Right,Vehicle - Object,B-double (road train prior 98),,1,0,0,0,1,12,December,Summer,Monday,10:00 - 11:59,Midday / afternoon,False,False,True,True
1366581,Injury,Moderate Injury,2024,2024,November,Thursday,20:00 - 21:59,GRAYS,LANE,10,East,PRESTONS,LANE,TYAGARAH,,No,Not a school zone,T-junction,-28.604608,153.556367,Byron,Country urban,Rest of NSW - Urban,Curved,,,,Nil,Sealed,Wet,Raining,Darkness,Nil,No traffic controls,80 km/h,Local,85,Off rt/lft bnd=>obj,804,Off left bend into obj,Right,Vehicle - Object,Passenger van,,1,0,0,1,0,11,November,Spring,Thursday,20:00 - 21:59,Evening / night,False,False,True,True
1366583,Injury,Serious Injury,2024,2024,October,Saturday,16:00 - 17:59,WOODSTOCK,AVE,0,Right on the spot,NAPIER,ST,ROOTY HILL,654.0,No,Not a school zone,T-junction,-33.760028,150.843028,Blacktown,Sydney metro. area,Syd-Newc-Woll Gtr conurbation,Straight,,,,Off,Sealed,Dry,Overcast,Daylight,Nil,Give way sign,60 km/h,State,13,Right near,104,Adj - Right-thru from right,,Right angle,Car (sedan/hatch),Car (sedan/hatch),2,0,1,0,0,10,October,Spring,Saturday,16:00 - 17:59,PM peak / evening commute,True,False,True,True
1366584,Injury,Moderate Injury,2024,2024,October,Wednesday,08:00 - 09:59,ARCHBOLD,RD,0,Right on the spot,TRYON,RD,EAST LINDFIELD,2043.0,No,Not a school zone,X-intersection,-33.771074,151.179093,Ku-ring-gai,Sydney metro. area,Syd-Newc-Woll Gtr conurbation,Straight,,,,Off,Sealed,Dry,Fine,Daylight,On,No traffic controls,60 km/h,Regional,21,Right through,202,Opp - Right-thru,,Other angle,Light truck utility(from 2018),Motorcycle,2,0,0,1,0,10,October,Spring,Wednesday,08:00 - 09:59,AM peak / school commute,True,False,True,True
1366585,Injury,Serious Injury,2024,2024,December,Sunday,10:00 - 11:59,LEGGETTS,DR,3000,North,LEIBERTS,LANE,MOUNT VINCENT,220.0,No,Not a school zone,2-way undivided,-32.916088,151.47863,Cessnock,Country non-urban,Rest of NSW - Rural,Curved,,,,Off,Sealed,Dry,Fine,Daylight,Nil,No traffic controls,90 km/h,State,88,Out of cont on bend,805,Out of control on bend,,Rollover,Motorcycle,,1,0,1,0,0,12,December,Summer,Sunday,10:00 - 11:59,Midday / afternoon,False,False,True,True
1366586,Injury,Serious Injury,2024,2024,November,Saturday,14:00 - 15:59,WILLIAM,ST,0,Right on the spot,NUMBER 162,HN,GRANVILLE,,No,Not a school zone,2-way undivided,-33.834646,151.00162,Cumberland,Sydney metro. area,Syd-Newc-Woll Gtr conurbation,Straight,Foot/cycle path/nature strip,,,Off,Sealed,Dry,Overcast,Daylight,Nil,No traffic controls,50 km/h,Local,47,Emerging from drive,406,Manov - Emerging from driveway,,Right angle,Car (sedan/hatch),Pedal cycle,2,0,1,0,0,11,November,Spring,Saturday,14:00 - 15:59,Midday / afternoon,False,False,True,True
1366587,Injury,Moderate Injury,2024,2024,December,Monday,08:00 - 09:59,NEW ENGLAND,HWY,0,Right on the spot,HERON,ST,GLEN INNES,9.0,No,Not a school zone,X-intersection,-29.75078,151.73581,Glen Innes Severn,Country urban,Rest of NSW - Urban,Straight,,,,Nil,Sealed,Dry,Fine,Daylight,Nil,Give way sign,60 km/h,State,10,Cross traffic,101,Adj - Cross traffic,,Right angle,Car (sedan/hatch),4 wheel drive / SUV,2,0,0,1,0,12,December,Summer,Monday,08:00 - 09:59,AM peak / school commute,True,False,True,True
1366589,Injury,Serious Injury,2024,2024,October,Tuesday,16:00 - 17:59,CONCORD,RD,0,Right on the spot,STATION,ST,NORTH STRATHFIELD,668.0,No,Not a school zone,T-junction,-33.859266,151.092518,Canada Bay,Sydney metro. area,Syd-Newc-Woll Gtr conurbation,Straight,,,,Off,Sealed,Dry,Fine,Daylight,Nil,No traffic controls,60 km/h,State,32,Right rear,303,Same - Rear right,,Rear end,Car (sedan/hatch),Car (sedan/hatch),2,0,1,1,0,10,October,Spring,Tuesday,16:00 - 17:59,PM peak / evening commute,True,False,True,True
1366592,Injury,Moderate Injury,2024,2024,December,Saturday,22:00 - Midnight,NARROW NECK,RD,30,South,WELLINGTON,RD,KATOOMBA,7299.0,No,Not a school zone,2-way undivided,-33.715801,150.297162,Blue Mountains,Country urban,Syd-Newc-Woll Gtr conurbation,Curved,Steep grade,,,On,Sealed,Wet,Raining,Darkness,Nil,No traffic controls,50 km/h,Regional,83,Off rt/rt bnd=>obj,803,Off right bend into obj,Right,Vehicle - Object,Light truck,,1,0,0,1,0,12,December,Summer,Saturday,22:00 - Midnight,Evening / night,False,False,True,True
1366596,Injury,Serious Injury,2024,2024,December,Monday,14:00 - 15:59,CENTRAL COAST,HWY,100,South,WYUNA,AVE,THE ENTRANCE NORTH,30.0,No,Not a school zone,2-way undivided,-33.32689,151.510526,Central Coast,Country urban,Syd-Newc-Woll Gtr conurbation,Curved,Pedestrian refuge,,,Off,Sealed,Dry,Fine,Daylight,Nil,No traffic controls,70 km/h,State,88,Out of cont on bend,805,Out of control on bend,,Rollover,4 wheel drive / SUV,,1,0,1,0,0,12,December,Summer,Monday,14:00 - 15:59,Midday / afternoon,False,False,True,True
1366598,Injury,Serious Injury,2024,2024,November,Friday,14:00 - 15:59,LAKE ENTRANCE,RD,50,East,BENAUD,CRES,WARILLA,611.0,No,Not a school zone,Divided road,-34.55288,150.857882,Shellharbour,Wollongong met. area,Syd-Newc-Woll Gtr conurbation,Straight,,,,Off,Sealed,Dry,Fine,Daylight,Nil,No traffic controls,70 km/h,State,30,Rear end,301,Same - Rear end,,Rear end,Motorcycle,4 wheel drive / SUV,2,0,1,0,0,11,November,Spring,Friday,14:00 - 15:59,Midday / afternoon,False,False,True,True
1366599,Injury,Moderate Injury,2024,2024,November,Saturday,12:00 - 13:59,CAMERON,RD,0,Right on the spot,SOUTHBAR,RD,KARABAR,,No,Not a school zone,T-junction,-35.369569,149.225015,Queanbeyan-Palerang Regional,Country urban,Rest of NSW - Urban,Curved,Steep grade,,,Off,Sealed,Dry,Fine,Daylight,Nil,Give way sign,60 km/h,Local,21,Right through,202,Opp - Right-thru,,Other angle,Car (sedan/hatch),Pedal cycle,2,0,0,1,0,11,November,Spring,Saturday,12:00 - 13:59,Midday / afternoon,False,False,True,True
1366602,Injury,Moderate Injury,2024,2024,November,Wednesday,16:00 - 17:59,PRINCES,HWY,1000,South,GLENELLA,RD,BATEMANS BAY,1.0,No,Not a school zone,Divided road,-35.73712,150.163999,Eurobodalla,Country non-urban,Rest of NSW - Rural,Curved,Steep grade,,,Nil,Sealed,Wet,Raining,Daylight,Nil,No traffic controls,90 km/h,State,81,Off left/rt bnd=>obj,803,Off right bend into obj,Left,Vehicle - Object,Car (sedan/hatch),,1,0,0,1,0,11,November,Spring,Wednesday,16:00 - 17:59,PM peak / evening commute,True,False,True,True
1366603,Injury,Serious Injury,2024,2024,November,Friday,14:00 - 15:59,KING GEORGES,RD,100,South,JOFFRE,OT,SOUTH HURSTVILLE,,No,Not a school zone,1-way street,-33.976918,151.104537,Georges River,Sydney metro. area,Syd-Newc-Woll Gtr conurbation,Straight,,,,Nil,Sealed,Dry,Fine,Daylight,Nil,No traffic controls,50 km/h,Local,1,Ped emerging,2,Ped - emerging,,Vehicle - Pedestrian,Light truck utility(from 2018),Pedestrian,2,0,1,0,0,11,November,Spring,Friday,14:00 - 15:59,Midday / afternoon,False,False,True,True
1366604,Injury,Moderate Injury,2024,2024,December,Monday,06:00 - 07:59,WOLLAR,RD,5000,East,ULAN,TN,ULAN,,No,Not a school zone,2-way undivided,-32.284207,149.810768,Mid-Western Regional,Country non-urban,Rest of NSW - Rural,Straight,,,,Nil,Sealed,Dry,Fine,Daylight,Nil,No traffic controls,100 km/h,Local,67,Struck animal,609,On path - Hit animal,,Vehicle - Animal,Car (sedan/hatch),,1,0,0,1,0,12,December,Summer,Monday,06:00 - 07:59,AM peak / school commute,True,False,True,True
1366608,Injury,Serious Injury,2024,2024,November,Friday,12:00 - 13:59,NEWCASTLE,EXP,150,North,MANDALONG ROAD,TO,MORISSET,6003.0,No,Not a school zone,Dual freeway,-33.113552,151.462531,Lake Macquarie,Newcastle met. area,Syd-Newc-Woll Gtr conurbation,Curved,,,,Off,Sealed,Dry,Fine,Daylight,Nil,No traffic controls,110 km/h,State,30,Rear end,301,Same - Rear end,,Rear end,Large rigid,B-double (road train prior 98),2,0,1,1,0,11,November,Spring,Friday,12:00 - 13:59,Midday / afternoon,False,False,True,True
1366609,Injury,Minor/Other Injury,2024,2024,November,Wednesday,08:00 - 09:59,NEW SOUTH HEAD,RD,0,Right on the spot,NUMBER 633,HN,ROSE BAY,173.0,No,Not a school zone,2-way undivided,-33.872395,151.258975,Woollahra,Sydney metro. area,Syd-Newc-Woll Gtr conurbation,Straight,,,,Off,Sealed,Dry,Fine,Daylight,Nil,No traffic controls,60 km/h,State,3,Ped on carriageway,4,Ped - On carriageway,,Vehicle - Pedestrian,4 wheel drive / SUV,Pedestrian,2,0,0,0,1,11,November,Spring,Wednesday,08:00 - 09:59,AM peak / school commute,True,False,True,True
1366610,Injury,Serious Injury,2024,2024,August,Wednesday,16:00 - 17:59,BARRALONG,RD,0,Right on the spot,ASTON,RD,ERINA,7780.0,No,Not a school zone,T-junction,-33.433084,151.384603,Central Coast,Country urban,Syd-Newc-Woll Gtr conurbation,Straight,,,,Nil,Sealed,Dry,Fine,Daylight,Nil,Give way sign,60 km/h,Regional,13,Right near,104,Adj - Right-thru from right,,Right angle,Car (sedan/hatch),Light truck utility(from 2018),2,0,1,1,0,8,August,Winter,Wednesday,16:00 - 17:59,PM peak / evening commute,True,False,True,True
1366612,Injury,Serious Injury,2024,2024,December,Sunday,14:00 - 15:59,PARK,RD,0,Right on the spot,RAILWAY,PDE,WOONONA,,No,Not a school zone,T-junction,-34.349326,150.91559,Wollongong,Wollongong met. area,Syd-Newc-Woll Gtr conurbation,Curved,,,,On,Sealed,Dry,Fine,Daylight,Nil,Stop sign,40 km/h,Local,88,Out of cont on bend,707,Right turn,,Rollover,Motorcycle,,1,0,1,0,0,12,December,Summer,Sunday,14:00 - 15:59,Midday / afternoon,False,False,True,True
1366614,Injury,Serious Injury,2024,2024,November,Tuesday,14:00 - 15:59,WOODVILLE,RD,0,Right on the spot,CHRISTINA ROAD,OP,VILLAWOOD,640.0,No,Not a school zone,Divided road,-33.880548,150.978345,Canterbury-Bankstown,Sydney metro. area,Syd-Newc-Woll Gtr conurbation,Straight,Other bridge,,,Off,Sealed,Dry,Fine,Daylight,Nil,No traffic controls,60 km/h,State,30,Rear end,301,Same - Rear end,,Rear end,Light truck utility(from 2018),Motor scooter,3,0,1,0,0,11,November,Spring,Tuesday,14:00 - 15:59,Midday / afternoon,False,False,True,True