crash_id,degree_of_crash,degree_of_crash_-_detailed,reporting_year,year_of_crash,month_of_crash,day_of_week_of_crash,two-hour_intervals,street_of_crash,street_type,distance,direction,identifying_feature,identifying_feature_type,town,route_no.,school_zone_location,school_zone_active,type_of_location,latitude,longitude,lga,urbanisation,conurbation_1,alignment,primary_permanent_feature,primary_temporary_feature,primary_hazardous_feature,street_lighting,road_surface,surface_condition,weather,natural_lighting,signals_operation,other_traffic_control,speed_limit,road_classification_(admin),rum_-_code,rum_-_description,dca_-_code,dca_-_description,dca_supplement,first_impact_type,key_tu_type,other_tu_type,no._of_traffic_units_involved,no._killed,no._seriously_injured,no._moderately_injured,no._minor-other_injured,month_num,month_label,season,day_label,time_label,time_band,is_peak_commute,is_fatal,is_injury,is_casualty
1366616,Injury,Moderate Injury,2024,2024,September,Thursday,08:00 - 09:59,SUSSEX,ST,40,South,DRUITT,ST,SYDNEY,,No,Not a school zone,1-way street,-33.873366,151.204152,Sydney,Sydney metro. area,Syd-Newc-Woll Gtr conurbation,Straight,,,,On,Sealed,Wet,Raining,Daylight,On,Ped crossing,40 km/h,Local,0,Ped nearside,1,Ped - Near side,,Vehicle - Pedestrian,Car (sedan/hatch),Pedestrian,2,0,0,1,0,9,September,Spring,Thursday,08:00 - 09:59,AM peak / school commute,True,False,True,True
1366617,Injury,Moderate Injury,2024,2024,October,Thursday,08:00 - 09:59,GREAT WESTERN,HWY,0,Right on the spot,BARTON,AVE,WALLERAWANG,5.0,No,Not a school zone,T-junction,-33.429013,150.077251,Lithgow,Country non-urban,Rest of NSW - Rural,Curved,Other bridge,Roadwks/Detour/Diverson,,Nil,Sealed,Dry,Fine,Daylight,Nil,Give way sign,110 km/h,State,81,Off left/rt bnd=>obj,803,Off right bend into obj,Left,Vehicle - Object,Large rigid,,2,0,0,2,0,10,October,Spring,Thursday,08:00 - 09:59,AM peak / school commute,True,False,True,True
1366619,Injury,Moderate Injury,2024,2024,November,Sunday,20:00 - 21:59,WOMBAT,ST,30,South,MARINA,ST,YOUNG,,No,Not a school zone,2-way undivided,-34.315945,148.29697,Hilltops,Country urban,Rest of NSW - Urban,Straight,Other bridge,,,Off,Sealed,Dry,Fine,Daylight,Nil,No traffic controls,50 km/h,Local,51,Out of control otake,502,Ovtak - Out of control,,Rollover,Motorcycle,,1,0,0,1,0,11,November,Spring,Sunday,20:00 - 21:59,Evening / night,False,False,True,True
1366620,Injury,Serious Injury,2024,2024,September,Saturday,06:00 - 07:59,PACIFIC,HWY,1000,West,TAREAN ROAD,OP,KARUAH,10.0,No,Not a school zone,Divided road,-32.649149,151.911571,Port Stephens,Country non-urban,Rest of NSW - Rural,Straight,Embankment/cutting,,,Nil,Sealed,Wet,Raining,Daylight,Nil,No traffic controls,110 km/h,State,71,Off rd left => obj,703,Left off cway into object,,Vehicle - Object,Light truck utility(from 2018),,1,0,1,0,0,9,September,Spring,Saturday,06:00 - 07:59,AM peak / school commute,True,False,True,True
1366621,Injury,Moderate Injury,2024,2024,October,Tuesday,18:00 - 19:59,GOULBURN,RD,200,East,ROSLYN,RD,CROOKWELL,54.0,No,Not a school zone,2-way undivided,-34.479177,149.519114,Upper Lachlan,Country non-urban,Rest of NSW - Rural,Straight,Ditch/drain/culvert,,,Nil,Sealed,Dry,Fine,Dusk,Nil,No traffic controls,100 km/h,State,73,Off rd rght => obj,704,Right off cway into obj,,Vehicle - Object,4 wheel drive / SUV,,1,0,0,1,0,10,October,Spring,Tuesday,18:00 - 19:59,PM peak / evening commute,True,False,True,True
1366623,Injury,Moderate Injury,2024,2024,December,Thursday,18:00 - 19:59,THE OVERFLOW,MS,160,North,CONNOLLYS,CL,CLIFTON GROVE,,No,Not a school zone,2-way undivided,-33.262768,149.156129,Orange,Country urban,Rest of NSW - Urban,Straight,,,,Nil,Sealed,Dry,Fine,Dusk,Nil,No traffic controls,50 km/h,Local,73,Off rd rght => obj,704,Right off cway into obj,,Vehicle - Object,4 wheel drive / SUV,,1,0,0,1,0,12,December,Summer,Thursday,18:00 - 19:59,PM peak / evening commute,True,False,True,True
1366625,Injury,Moderate Injury,2024,2024,November,Saturday,12:00 - 13:59,CARRINGTON,RD,0,Right on the spot,NUMBER 13,HN,CASTLE HILL,7471.0,No,Not a school zone,2-way undivided,-33.729577,150.982487,The Hills,Sydney metro. area,Syd-Newc-Woll Gtr conurbation,Straight,Driveway/entrance,,,Nil,Sealed,Dry,Fine,Daylight,Nil,No traffic controls,50 km/h,Regional,47,Emerging from drive,406,Manov - Emerging from driveway,,Right angle,4 wheel drive / SUV,Pedal cycle,2,0,0,1,0,11,November,Spring,Saturday,12:00 - 13:59,Midday / afternoon,False,False,True,True
1366626,Injury,Moderate Injury,2024,2024,November,Sunday,06:00 - 07:59,PUTTY,RD,0,Right on the spot,NUMBER 1899,HN,COLO,503.0,No,Not a school zone,2-way undivided,-33.42269,150.825234,Hawkesbury,Country urban,Syd-Newc-Woll Gtr conurbation,Curved,Embankment/cutting,,,Nil,Sealed,Unknown,Unknown,Daylight,Nil,No traffic controls,80 km/h,State,87,Off lft/lft bnd=>obj,804,Off left bend into obj,Left,Vehicle - Object,Car (sedan/hatch),,1,0,0,1,0,11,November,Spring,Sunday,06:00 - 07:59,AM peak / school commute,True,False,True,True
1366628,Injury,Serious Injury,2024,2024,December,Saturday,00:01 - 01:59,JINGELLIC,RD,3000,West,ANNANDAYLE,RD,HOLBROOK,331.0,No,Not a school zone,2-way undivided,-35.753079,147.348241,Greater Hume,Country non-urban,Rest of NSW - Rural,Curved,Steep grade,,,Nil,Sealed,Dry,Fine,Darkness,Nil,No traffic controls,100 km/h,Regional,30,Rear end,301,Same - Rear end,,Rear end,Light truck utility(from 2018),Unknown type,2,0,1,1,0,12,December,Summer,Saturday,00:01 - 01:59,Late night / early morning,False,False,True,True
1366629,Injury,Moderate Injury,2024,2024,June,Saturday,14:00 - 15:59,OLD POONCARIE,RD,50000,South,MENINDEE,RD,MENINDEE,,No,Not a school zone,2-way undivided,-32.692025,142.132019,Unincorporated,Country non-urban,Rest of NSW - Rural,Straight,,,,Nil,Unsealed,Dry,Fine,Daylight,Nil,No traffic controls,100 km/h,Local,67,Struck animal,609,On path - Hit animal,,Vehicle - Animal,Motorcycle,,1,0,0,1,0,6,June,Winter,Saturday,14:00 - 15:59,Midday / afternoon,False,False,True,True
1366630,Injury,Serious Injury,2024,2024,October,Friday,02:00 - 03:59,NEWCASTLE,EXP,1175,South,PACIFIC HIGHWAY,OP,BAR POINT,6003.0,No,Not a school zone,Dual freeway,-33.485261,151.185182,Central Coast,Country non-urban,Syd-Newc-Woll Gtr conurbation,Curved,,Previous crash,,Off,Sealed,Dry,Fine,Darkness,Nil,No traffic controls,90 km/h,State,62,Accident,603,On path - Previous accident,,Other angle,Large rigid,Car (sedan/hatch),4,0,2,1,0,10,October,Spring,Friday,02:00 - 03:59,Late night / early morning,False,False,True,True
1366632,Injury,Minor/Other Injury,2024,2024,September,Tuesday,20:00 - 21:59,PUNCHBOWL,RD,0,Right on the spot,WANGEE,RD,LAKEMBA,549.0,No,Not a school zone,X-intersection,-33.911509,151.072883,Canterbury-Bankstown,Sydney metro. area,Syd-Newc-Woll Gtr conurbation,Straight,,,,On,Sealed,Dry,Fine,Darkness,On,No traffic controls,60 km/h,State,31,Left rear,302,Same - Rear left,,Rear end,4 wheel drive / SUV,Car (sedan/hatch),2,0,0,0,2,9,September,Spring,Tuesday,20:00 - 21:59,Evening / night,False,False,True,True
1366633,Injury,Moderate Injury,2024,2024,September,Friday,08:00 - 09:59,PAROO,RD,200,West,THE RIDGEWAY,MS,HOLGATE,,No,Not a school zone,2-way undivided,-33.397806,151.403847,Central Coast,Country urban,Syd-Newc-Woll Gtr conurbation,Curved,Ditch/drain/culvert,,,Nil,Sealed,Wet,Overcast,Daylight,Nil,No traffic controls,60 km/h,Local,81,Off left/rt bnd=>obj,803,Off right bend into obj,Left,Vehicle - Object,4 wheel drive / SUV,,1,0,0,1,0,9,September,Spring,Friday,08:00 - 09:59,AM peak / school commute,True,False,True,True
1366634,Injury,Serious Injury,2024,2024,October,Saturday,22:00 - Midnight,HUME,HWY,0,Right on the spot,WORTH,ST,GREENACRE,2.0,No,Not a school zone,T-junction,-33.890426,151.05887,Strathfield,Sydney metro. area,Syd-Newc-Woll Gtr conurbation,Straight,,,,On,Sealed,Dry,Fine,Darkness,On,No traffic controls,70 km/h,State,21,Right through,202,Opp - Right-thru,,Other angle,Large rigid,Car (sedan/hatch),2,0,1,1,0,10,October,Spring,Saturday,22:00 - Midnight,Evening / night,False,False,True,True
1366636,Injury,Serious Injury,2024,2024,August,Monday,14:00 - 15:59,MIMOSA,ST,100,South,JOHN,ST,BEXLEY,,No,Not a school zone,2-way undivided,-33.952456,151.115456,Bayside,Sydney metro. area,Syd-Newc-Woll Gtr conurbation,Straight,,,,Nil,Sealed,Dry,Fine,Daylight,Nil,No traffic controls,50 km/h,Local,71,Off rd left => obj,703,Left off cway into object,,Other angle,Light truck utility(from 2018),Light truck,3,0,1,0,0,8,August,Winter,Monday,14:00 - 15:59,Midday / afternoon,False,False,True,True
1366639,Injury,Serious Injury,2024,2024,December,Friday,18:00 - 19:59,PRINCES,HWY,150,South,BALDWINS,RD,BROGO,1.0,No,Not a school zone,2-way undivided,-36.515147,149.828784,Bega Valley,Country non-urban,Rest of NSW - Rural,Curved,,,,Nil,Sealed,Wet,Overcast,Daylight,Nil,No traffic controls,100 km/h,State,85,Off rt/lft bnd=>obj,804,Off left bend into obj,Right,Vehicle - Object,4 wheel drive / SUV,,1,0,1,0,1,12,December,Summer,Friday,18:00 - 19:59,PM peak / evening commute,True,False,True,True
1366640,Injury,Moderate Injury,2024,2024,November,Monday,14:00 - 15:59,ERSKINE,ST,0,Right on the spot,MARSH,ST,ARMIDALE,7708.0,Yes,No,X-intersection,-30.503009,151.673093,Armidale Regional,Country urban,Rest of NSW - Urban,Straight,,,,Nil,Sealed,Dry,Fine,Daylight,On,No traffic controls,50 km/h,Regional,0,Ped nearside,1,Ped - Near side,,Vehicle - Pedestrian,Station wagon,Pedestrian,2,0,0,1,0,11,November,Spring,Monday,14:00 - 15:59,Midday / afternoon,False,False,True,True
1366641,Injury,Moderate Injury,2024,2024,November,Friday,14:00 - 15:59,PACIFIC,HWY,4000,South,TUCKOMBIL ROAD,OP,NEW ITALY,10.0,No,Not a school zone,Divided road,-29.131448,153.321996,Richmond Valley,Country non-urban,Rest of NSW - Rural,Straight,,,,Nil,Sealed,Dry,Fine,Daylight,Nil,No traffic controls,110 km/h,State,73,Off rd rght => obj,704,Right off cway into obj,,Vehicle - Object,Light truck utility(from 2018),,1,0,0,1,0,11,November,Spring,Friday,14:00 - 15:59,Midday / afternoon,False,False,True,True
1366643,Injury,Minor/Other Injury,2024,2024,December,Monday,06:00 - 07:59,NEWELL,HWY,450,South,WARDS,RD,TOMINGLEY,17.0,No,Not a school zone,2-way undivided,-32.53017,148.26958,Narromine,Country non-urban,Rest of NSW - Rural,Straight,,,,Nil,Sealed,Dry,Fine,Dawn,Nil,No traffic controls,110 km/h,State,71,Off rd left => obj,703,Left off cway into object,,Vehicle - Object,Light truck utility(from 2018),,1,0,0,0,1,12,December,Summer,Monday,06:00 - 07:59,AM peak / school commute,True,False,True,True
1366644,Injury,Serious Injury,2024,2024,November,Friday,14:00 - 15:59,WATERFALL,WAY,0,Right on the spot,FERNBROOK LOOP,RD,FERNBROOK,76.0,No,Not a school zone,T-junction,-30.379957,152.571918,Bellingen,Country non-urban,Rest of NSW - Rural,Curved,,,,Nil,Sealed,Wet,Fog or mist,Daylight,Nil,No traffic controls,100 km/h,State,30,Rear end,301,Same - Rear end,,Rear end,Car (sedan/hatch),4 wheel drive / SUV,4,0,1,1,0,11,November,Spring,Friday,14:00 - 15:59,Midday / afternoon,False,False,True,True
1366645,Injury,Moderate Injury,2024,2024,September,Tuesday,08:00 - 09:59,GEORGE,ST,0,Right on the spot,TEBBUTT,ST,WINDSOR,,Yes,No,Y-junction,-33.610133,150.815763,Hawkesbury,Country urban,Syd-Newc-Woll Gtr conurbation,Straight,,,,Off,Sealed,Dry,Fine,Daylight,Nil,No traffic controls,40 km/h,Local,32,Right rear,303,Same - Rear right,,Rear end,4 wheel drive / SUV,Car (sedan/hatch),2,0,0,1,0,9,September,Spring,Tuesday,08:00 - 09:59,AM peak / school commute,True,False,True,True
1366647,Injury,Serious Injury,2024,2024,December,Friday,10:00 - 11:59,WHITE ROCKS,RD,400,East,DRY CREEK,RD,LEWIS PONDS,,No,Not a school zone,2-way undivided,-33.303159,149.278091,Cabonne,Country non-urban,Rest of NSW - Rural,Curved,,,,Nil,Sealed,Dry,Fine,Daylight,Nil,No traffic controls,100 km/h,Local,85,Off rt/lft bnd=>obj,804,Off left bend into obj,Right,Vehicle - Object,Motorcycle,,1,0,1,0,0,12,December,Summer,Friday,10:00 - 11:59,Midday / afternoon,False,False,True,True
1366648,Injury,Minor/Other Injury,2024,2024,December,Wednesday,08:00 - 09:59,WESTERN,EXP,500,East,GREAT WESTERN HIGHWAY,OP,HARRIS PARK,6004.0,No,Not a school zone,Dual freeway,-33.826928,151.010206,Parramatta,Sydney metro. area,Syd-Newc-Woll Gtr conurbation,Straight,Other bridge,,,Off,Sealed,Dry,Fine,Daylight,Nil,No traffic controls,90 km/h,State,30,Rear end,301,Same - Rear end,,Rear end,Unknown motor vehicle,Passenger van,2,0,0,0,1,12,December,Summer,Wednesday,08:00 - 09:59,AM peak / school commute,True,False,True,True
1366649,Injury,Serious Injury,2024,2024,October,Wednesday,20:00 - 21:59,GREENDALE,RD,0,Right on the spot,NUMBER 639,HN,GREENDALE,,No,Not a school zone,2-way undivided,-33.896355,150.649306,Liverpool,Sydney metro. area,Syd-Newc-Woll Gtr conurbation,Curved,,,,On,Sealed,Wet,Raining,Darkness,Nil,No traffic controls,80 km/h,Local,86,Off left/left bend,802,Off cway left bend,Left,Rollover,Car (sedan/hatch),,1,0,1,1,0,10,October,Spring,Wednesday,20:00 - 21:59,Evening / night,False,False,True,True
1366651,Injury,Moderate Injury,2024,2024,December,Monday,20:00 - 21:59,HUME,HWY,1300,South,BROOKS ROAD,TO,INGLEBURN,2.0,No,Not a school zone,Dual freeway,-33.996269,150.84785,Campbelltown,Sydney metro. area,Syd-Newc-Woll Gtr conurbation,Curved,,,,Nil,Sealed,Dry,Fine,Darkness,Nil,No traffic controls,110 km/h,State,83,Off rt/rt bnd=>obj,803,Off right bend into obj,Right,Vehicle - Object,Car (sedan/hatch),,1,0,0,1,0,12,December,Summer,Monday,20:00 - 21:59,Evening / night,False,False,True,True
1366653,Injury,Moderate Injury,2024,2024,December,Thursday,06:00 - 07:59,MINJUNGBAL,DR,0,Right on the spot,BLUNDELL,BVD,TWEED HEADS SOUTH,7733.0,No,Not a school zone,T-junction,-28.200065,153.543967,Tweed,Country urban,Rest of NSW - Urban,Straight,,,,Off,Sealed,Dry,Fine,Daylight,On,No traffic controls,60 km/h,Regional,10,Cross traffic,101,Adj - Cross traffic,,Right angle,Car (sedan/hatch),4 wheel drive / SUV,2,0,0,1,1,12,December,Summer,Thursday,06:00 - 07:59,AM peak / school commute,True,False,True,True
1366654,Injury,Serious Injury,2024,2024,November,Thursday,06:00 - 07:59,COMBOYNE,RD,300,East,JONES,RD,BYABARRA,7743.0,No,Not a school zone,2-way undivided,-31.513948,152.562516,Port Macquarie-Hastings,Country non-urban,Rest of NSW - Rural,Curved,Steep grade,,Loose gravel shoulder,Nil,Sealed,Dry,Fine,Daylight,Nil,No traffic controls,100 km/h,Regional,80,Off left/right bend,801,Off cway right bend,Left,Rollover,Station wagon,,1,0,1,0,0,11,November,Spring,Thursday,06:00 - 07:59,AM peak / school commute,True,False,True,True
1366656,Injury,Moderate Injury,2024,2024,November,Thursday,20:00 - 21:59,WYONG,RD,0,Right on the spot,WATSON,AVE,TUMBI UMBI,335.0,No,Not a school zone,T-junction,-33.362712,151.447795,Central Coast,Country urban,Syd-Newc-Woll Gtr conurbation,Straight,,,,On,Sealed,Dry,Fine,Darkness,On,No traffic controls,60 km/h,State,31,Left rear,302,Same - Rear left,,Rear end,Car (sedan/hatch),4 wheel drive / SUV,2,0,0,1,0,11,November,Spring,Thursday,20:00 - 21:59,Evening / night,False,False,True,True
1366657,Injury,Serious Injury,2024,2024,October,Wednesday,14:00 - 15:59,MILITARY,RD,0,Right on the spot,NUMBER 96,HN,DOVER HEIGHTS,,No,Not a school zone,2-way undivided,-33.879529,151.280855,Waverley,Sydney metro. area,Syd-Newc-Woll Gtr conurbation,Straight,,,,Nil,Sealed,Dry,Fine,Daylight,Nil,No traffic controls,50 km/h,Local,0,Ped nearside,1,Ped - Near side,,Vehicle - Pedestrian,Station wagon,Pedestrian,2,0,1,0,0,10,October,Spring,Wednesday,14:00 - 15:59,Midday / afternoon,False,False,True,True
1366658,Injury,Minor/Other Injury,2024,2024,November,Wednesday,08:00 - 09:59,PEEL,ST,0,Right on the spot,PIPER,ST,BATHURST,,Yes,No,X-intersection,-33.414871,149.56944,Bathurst Regional,Country urban,Rest of NSW - Urban,Straight,,,,Nil,Sealed,Dry,Fine,Daylight,Nil,Give way sign,50 km/h,Local,10,Cross traffic,101,Adj - Cross traffic,,Right angle,Car (sedan/hatch),Light truck utility(from 2018),2,0,0,0,1,11,November,Spring,Wednesday,08:00 - 09:59,AM peak / school commute,True,False,True,True
1366659,Injury,Serious Injury,2024,2024,November,Friday,12:00 - 13:59,OXLEY,HWY,600,East,HENRY,ST,LONG FLAT,11.0,No,Not a school zone,2-way undivided,-31.436782,152.494743,Port Macquarie-Hastings,Country urban,Rest of NSW - Urban,Straight,,Roadwks/Detour/Diverson,,Nil,Sealed,Dry,Overcast,Daylight,On,No traffic controls,50 km/h,State,71,Off rd left => obj,703,Left off cway into object,,Vehicle - Object,Car (sedan/hatch),,1,0,1,0,0,11,November,Spring,Friday,12:00 - 13:59,Midday / afternoon,False,False,True,True
1366661,Injury,Moderate Injury,2024,2024,September,Tuesday,14:00 - 15:59,BRIAN,AVE,0,Right on the spot,TERRY,AVE,WARILLA,,No,Not a school zone,T-junction,-34.554699,150.860878,Shellharbour,Wollongong met. area,Syd-Newc-Woll Gtr conurbation,Straight,,,,Nil,Sealed,Dry,Fine,Daylight,Nil,Stop sign,50 km/h,Local,10,Cross traffic,101,Adj - Cross traffic,,Right angle,Car (sedan/hatch),4 wheel drive / SUV,2,0,0,1,0,9,September,Spring,Tuesday,14:00 - 15:59,Midday / afternoon,False,False,True,True
1366662,Injury,Moderate Injury,2024,2024,December,Monday,20:00 - 21:59,GOONENGERRY,RD,500,South,BEATTIES CREEK,RD,GOONENGERRY,,No,Not a school zone,2-way undivided,-28.59609,153.438418,Byron,Country urban,Rest of NSW - Urban,Straight,,,,Nil,Sealed,Dry,Overcast,Darkness,Nil,No traffic controls,60 km/h,Local,73,Off rd rght => obj,704,Right off cway into obj,,Vehicle - Object,4 wheel drive / SUV,,1,0,0,1,0,12,December,Summer,Monday,20:00 - 21:59,Evening / night,False,False,True,True
1366663,Injury,Serious Injury,2024,2024,October,Monday,08:00 - 09:59,ALBYN,RD,0,Right on the spot,NUMBER 45,HN,STRATHFIELD,,No,Not a school zone,2-way undivided,-33.879257,151.087777,Strathfield,Sydney metro. area,Syd-Newc-Woll Gtr conurbation,Straight,,,,Off,Sealed,Dry,Fine,Daylight,Nil,No traffic controls,50 km/h,Local,73,Off rd rght => obj,704,Right off cway into obj,,Other angle,Light truck utility(from 2018),Light truck utility(from 2018),3,0,1,0,0,10,October,Spring,Monday,08:00 - 09:59,AM peak / school commute,True,False,True,True
1366664,Injury,Serious Injury,2024,2024,December,Sunday,14:00 - 15:59,GREAT WESTERN,HWY,0,Right on the spot,LANSDOWNE,ST,PARRAMATTA,5.0,No,Not a school zone,T-junction,-33.821907,151.004152,Parramatta,Sydney metro. area,Syd-Newc-Woll Gtr conurbation,Straight,,,,Nil,Sealed,Dry,Fine,Daylight,Nil,Give way sign,60 km/h,State,13,Right near,104,Adj - Right-thru from right,,Right angle,Car (sedan/hatch),Car (sedan/hatch),2,0,1,0,0,12,December,Summer,Sunday,14:00 - 15:59,Midday / afternoon,False,False,True,True
1366666,Injury,Serious Injury,2024,2024,November,Friday,08:00 - 09:59,ALICE,ST,10,East,ROCKY POINT,RD,SANS SOUCI,199.0,No,Not a school zone,X-intersection,-33.987528,151.135018,Bayside,Sydney metro. area,Syd-Newc-Woll Gtr conurbation,Straight,,,,Off,Sealed,Dry,Fine,Daylight,On,No traffic controls,60 km/h,State,40,U turn,207,Opp - U-turn,,Other angle,4 wheel drive / SUV,Car (sedan/hatch),3,0,2,2,1,11,November,Spring,Friday,08:00 - 09:59,AM peak / school commute,True,False,True,True
1366668,Injury,Minor/Other Injury,2024,2024,November,Thursday,16:00 - 17:59,PACIFIC,HWY,0,Right on the spot,TRYON,PL,LINDFIELD,10.0,No,Not a school zone,T-junction,-33.775891,151.168861,Ku-ring-gai,Sydney metro. area,Syd-Newc-Woll Gtr conurbation,Straight,Foot/cycle path/nature strip,,,Off,Sealed,Dry,Fine,Daylight,Unknown / not stated,No traffic controls,60 km/h,State,6,Ped on footpath,8,Ped - On footway/median,,Vehicle - Pedestrian,Car (sedan/hatch),Pedestrian,2,0,0,0,1,11,November,Spring,Thursday,16:00 - 17:59,PM peak / evening commute,True,False,True,True
1366669,Injury,Serious Injury,2024,2024,October,Wednesday,10:00 - 11:59,RANGE,RD,2450,South,PIPERS FLAT,RD,PORTLAND,,No,Not a school zone,2-way undivided,-33.3906,149.985699,Lithgow,Country non-urban,Rest of NSW - Rural,Curved,Embankment/cutting,,,Nil,Sealed,Dry,Fine,Daylight,Nil,No traffic controls,100 km/h,Local,85,Off rt/lft bnd=>obj,804,Off left bend into obj,Right,Vehicle - Object,4 wheel drive / SUV,,1,0,1,0,0,10,October,Spring,Wednesday,10:00 - 11:59,Midday / afternoon,False,False,True,True
1366670,Injury,Serious Injury,2024,2024,December,Friday,06:00 - 07:59,MONA VALE,RD,800,West,FOREST,WAY,BELROSE,162.0,No,Not a school zone,Divided road,-33.704742,151.20539,Northern Beaches,Sydney metro. area,Syd-Newc-Woll Gtr conurbation,Straight,,,Potholes/corrugations/rough,Nil,Sealed,Dry,Fine,Daylight,Nil,No traffic controls,90 km/h,State,74,On road-out of cont.,705,Out of control on cway,,Rollover,Motorcycle,,1,0,1,0,0,12,December,Summer,Friday,06:00 - 07:59,AM peak / school commute,True,False,True,True
1366671,Injury,Serious Injury,2024,2024,November,Sunday,06:00 - 07:59,PODIUM,WAY,15,East,SOUTH,CCT,ORAN PARK,,Yes,No,2-way undivided,-33.99903,150.734907,Camden,Sydney metro. area,Syd-Newc-Woll Gtr conurbation,Straight,,,,Nil,Sealed,Dry,Unknown,Daylight,Nil,No traffic controls,50 km/h,Local,71,Off rd left => obj,703,Left off cway into object,,Vehicle - Object,Car (sedan/hatch),,1,0,1,0,0,11,November,Spring,Sunday,06:00 - 07:59,AM peak / school commute,True,False,True,True
1366672,Injury,Moderate Injury,2024,2024,December,Sunday,04:00 - 05:59,INDUSTRIAL,RD,150,East,CASUARINA,ST,OAK FLATS,,No,Not a school zone,2-way undivided,-34.56541,150.806153,Shellharbour,Wollongong met. area,Syd-Newc-Woll Gtr conurbation,Straight,,,,Off,Sealed,Dry,Fine,Dawn,Nil,No traffic controls,50 km/h,Local,71,Off rd left => obj,703,Left off cway into object,,Other angle,Car (sedan/hatch),Car (sedan/hatch),2,0,0,1,0,12,December,Summer,Sunday,04:00 - 05:59,Late night / early morning,False,False,True,True
1366673,Injury,Minor/Other Injury,2024,2024,November,Sunday,10:00 - 11:59,HUME,HWY,0,Right on the spot,BRUNKER,RD,GREENACRE,2.0,No,Not a school zone,X-intersection,-33.901086,151.045483,Canterbury-Bankstown,Sydney metro. area,Syd-Newc-Woll Gtr conurbation,Straight,,,,Off,Sealed,Dry,Fine,Daylight,On,No traffic controls,60 km/h,State,10,Cross traffic,101,Adj - Cross traffic,,Right angle,Light truck utility(from 2018),4 wheel drive / SUV,4,0,0,0,1,11,November,Spring,Sunday,10:00 - 11:59,Midday / afternoon,False,False,True,True
1366675,Injury,Moderate Injury,2024,2024,October,Thursday,18:00 - 19:59,ELIZABETH,DR,50,West,DUFF,RD,CECIL HILLS,535.0,No,Not a school zone,2-way undivided,-33.877947,150.825183,Liverpool,Sydney metro. area,Syd-Newc-Woll Gtr conurbation,Straight,Embankment/cutting,,,On,Sealed,Dry,Fine,Darkness,Nil,No traffic controls,60 km/h,State,20,Head on,201,Opp - Head on,,Head-on,Car (sedan/hatch),Car (sedan/hatch),2,0,0,1,0,10,October,Spring,Thursday,18:00 - 19:59,PM peak / evening commute,True,False,True,True
1366750,Injury,Moderate Injury,2024,2024,December,Monday,10:00 - 11:59,ANSON,ST,0,Right on the spot,CAMMARAY,DR,SANCTUARY POINT,,No,Not a school zone,Roundabout,-35.097443,150.614732,Shoalhaven,Country urban,Rest of NSW - Urban,Curved,Steep grade,,,Off,Sealed,Dry,Fine,Daylight,Nil,Give way sign,50 km/h,Local,75,Off end of road,709,Off end cway or T junct,,Vehicle - Object,Motorcycle,,1,0,0,1,0,12,December,Summer,Monday,10:00 - 11:59,Midday / afternoon,False,False,True,True
1366752,Injury,Moderate Injury,2024,2024,October,Thursday,16:00 - 17:59,SEA,ST,15,North,KEMP,ST,WEST KEMPSEY,,No,Not a school zone,2-way undivided,-31.078492,152.831695,Kempsey,Country urban,Rest of NSW - Urban,Straight,Foot/cycle path/nature strip,,,Off,Sealed,Dry,Fine,Daylight,Nil,Ped crossing,50 km/h,Local,48,From footpath,408,Manov - From footway,,Other angle,Pedal cycle,Car (sedan/hatch),2,0,0,1,0,10,October,Spring,Thursday,16:00 - 17:59,PM peak / evening commute,True,False,True,True
1366753,Injury,Serious Injury,2024,2024,August,Wednesday,06:00 - 07:59,KISSING POINT,RD,20,East,BETTINGTON,RD,OATLANDS,574.0,No,Not a school zone,Divided road,-33.804311,151.027013,Parramatta,Sydney metro. area,Syd-Newc-Woll Gtr conurbation,Curved,,,,Nil,Sealed,Dry,Fine,Dawn,Nil,No traffic controls,60 km/h,State,87,Off lft/lft bnd=>obj,804,Off left bend into obj,Left,Vehicle - Object,Car (sedan/hatch),,1,0,1,0,0,8,August,Winter,Wednesday,06:00 - 07:59,AM peak / school commute,True,False,True,True
1366755,Injury,Serious Injury,2024,2024,October,Thursday,08:00 - 09:59,BOTANY,RD,0,Right on the spot,BOURKE,RD,ZETLAND,170.0,No,Not a school zone,Multiple intersection,-33.905528,151.202829,Sydney,Sydney metro. area,Syd-Newc-Woll Gtr conurbation,Straight,,,,Off,Sealed,Dry,Fine,Daylight,On,No traffic controls,50 km/h,State,21,Right through,202,Opp - Right-thru,,Other angle,Light truck,Motor scooter,2,0,1,0,0,10,October,Spring,Thursday,08:00 - 09:59,AM peak / school commute,True,False,True,True
1366756,Injury,Moderate Injury,2024,2024,December,Friday,20:00 - 21:59,GYMEA BAY,RD,40,North,FOREST,RD,GYMEA,,No,Not a school zone,2-way undivided,-34.041141,151.083761,Sutherland,Sydney metro. area,Syd-Newc-Woll Gtr conurbation,Straight,Driveway/entrance,,,On,Sealed,Dry,Fine,Darkness,On,No traffic controls,50 km/h,Local,40,U turn,304,Same - U-turn,,Other angle,Light truck utility(from 2018),Light truck utility(from 2018),2,0,0,1,0,12,December,Summer,Friday,20:00 - 21:59,Evening / night,False,False,True,True