crash_id,degree_of_crash,degree_of_crash_-_detailed,reporting_year,year_of_crash,month_of_crash,day_of_week_of_crash,two-hour_intervals,street_of_crash,street_type,distance,direction,identifying_feature,identifying_feature_type,town,route_no.,school_zone_location,school_zone_active,type_of_location,latitude,longitude,lga,urbanisation,conurbation_1,alignment,primary_permanent_feature,primary_temporary_feature,primary_hazardous_feature,street_lighting,road_surface,surface_condition,weather,natural_lighting,signals_operation,other_traffic_control,speed_limit,road_classification_(admin),rum_-_code,rum_-_description,dca_-_code,dca_-_description,dca_supplement,first_impact_type,key_tu_type,other_tu_type,no._of_traffic_units_involved,no._killed,no._seriously_injured,no._moderately_injured,no._minor-other_injured,month_num,month_label,season,day_label,time_label,time_band,is_peak_commute,is_fatal,is_injury,is_casualty
1366757,Injury,Serious Injury,2024,2024,December,Saturday,18:00 - 19:59,RAZORBACK,RD,1060,West,CASTLEREAGH,HWY,RUNNING STREAM,,No,Not a school zone,2-way undivided,-33.022032,149.866865,Mid-Western Regional,Country non-urban,Rest of NSW - Rural,Curved,,,,Nil,Unsealed,Dry,Fine,Daylight,Nil,No traffic controls,100 km/h,Local,81,Off left/rt bnd=>obj,803,Off right bend into obj,Left,Vehicle - Object,Car (sedan/hatch),,1,0,2,0,0,12,December,Summer,Saturday,18:00 - 19:59,PM peak / evening commute,True,False,True,True
1366758,Injury,Moderate Injury,2024,2024,December,Sunday,12:00 - 13:59,BLAXLAND,RD,0,Right on the spot,NUMBER 230,HN,RYDE,139.0,No,Not a school zone,2-way undivided,-33.80807,151.105495,Ryde,Sydney metro. area,Syd-Newc-Woll Gtr conurbation,Curved,,,,Nil,Sealed,Dry,Fine,Daylight,Nil,No traffic controls,60 km/h,State,42,Leaving parking,401,Manov - Leaving parking,,Other angle,Car (sedan/hatch),4 wheel drive / SUV,3,0,0,1,0,12,December,Summer,Sunday,12:00 - 13:59,Midday / afternoon,False,False,True,True
1366759,Injury,Serious Injury,2024,2024,November,Thursday,20:00 - 21:59,OXLEY,HWY,0,Right on the spot,EBSWORTH,ST,WEST TAMWORTH,11.0,No,Not a school zone,X-intersection,-31.091998,150.922756,Tamworth Regional,Country urban,Rest of NSW - Urban,Straight,Other bridge,,,On,Sealed,Dry,Fine,Darkness,On,No traffic controls,50 km/h,State,21,Right through,202,Opp - Right-thru,,Other angle,4 wheel drive / SUV,Station wagon,2,0,1,0,0,11,November,Spring,Thursday,20:00 - 21:59,Evening / night,False,False,True,True
1366760,Injury,Moderate Injury,2024,2024,October,Saturday,18:00 - 19:59,SHIRLEY,ST,0,Right on the spot,NUMBER 45,HN,BYRON BAY,545.0,No,Not a school zone,2-way undivided,-28.640536,153.606666,Byron,Country urban,Rest of NSW - Urban,Straight,,,,Nil,Sealed,Wet,Raining,Darkness,Nil,No traffic controls,50 km/h,Regional,42,Leaving parking,401,Manov - Leaving parking,,Other angle,4 wheel drive / SUV,Motorcycle,2,0,0,1,0,10,October,Spring,Saturday,18:00 - 19:59,PM peak / evening commute,True,False,True,True
1366761,Injury,Serious Injury,2024,2024,October,Monday,22:00 - Midnight,THE NORTHERN,RD,300,South,WILLMINGTON,RD,LUDDENHAM,154.0,No,Not a school zone,Divided road,-33.868504,150.698606,Liverpool,Sydney metro. area,Syd-Newc-Woll Gtr conurbation,Curved,Embankment/cutting,,,On,Sealed,Wet,Fine,Darkness,Nil,No traffic controls,80 km/h,State,86,Off left/left bend,802,Off cway left bend,Left,Rollover,4 wheel drive / SUV,,1,0,1,0,0,10,October,Spring,Monday,22:00 - Midnight,Evening / night,False,False,True,True
1366763,Injury,Serious Injury,2024,2024,October,Tuesday,12:00 - 13:59,CABRAMATTA,RD,0,Right on the spot,HARRINGTON,ST,MOUNT PRITCHARD,534.0,No,Not a school zone,T-junction,-33.895601,150.908618,Fairfield,Sydney metro. area,Syd-Newc-Woll Gtr conurbation,Straight,,,,Nil,Sealed,Dry,Fine,Daylight,Nil,Stop sign,60 km/h,State,20,Head on,201,Opp - Head on,,Head-on,Station wagon,4 wheel drive / SUV,2,0,2,0,0,10,October,Spring,Tuesday,12:00 - 13:59,Midday / afternoon,False,False,True,True
1366764,Injury,Moderate Injury,2024,2024,October,Wednesday,14:00 - 15:59,HILL END,RD,3600,West,ILFORD SOFALA,RD,SOFALA,216.0,No,Not a school zone,2-way undivided,-33.077103,149.655806,Bathurst Regional,Country non-urban,Rest of NSW - Rural,Curved,Embankment/cutting,,,Nil,Sealed,Dry,Fine,Daylight,Nil,No traffic controls,100 km/h,Regional,81,Off left/rt bnd=>obj,803,Off right bend into obj,Left,Vehicle - Object,Large rigid,,1,0,0,1,0,10,October,Spring,Wednesday,14:00 - 15:59,Midday / afternoon,False,False,True,True
1366767,Injury,Serious Injury,2024,2024,November,Wednesday,20:00 - 21:59,PRINCES,HWY,0,Right on the spot,NUMBER 515,HN,NOWRA HILL,1.0,No,Not a school zone,Divided road,-34.953255,150.600356,Shoalhaven,Country non-urban,Rest of NSW - Rural,Straight,,,,Nil,Sealed,Dry,Fine,Darkness,Nil,No traffic controls,100 km/h,State,73,Off rd rght => obj,704,Right off cway into obj,,Vehicle - Object,Car (sedan/hatch),,1,0,1,0,0,11,November,Spring,Wednesday,20:00 - 21:59,Evening / night,False,False,True,True
1366768,Injury,Serious Injury,2024,2024,October,Friday,12:00 - 13:59,HUME,HWY,10,South,ATKINSON,ST,LIVERPOOL,2.0,No,Not a school zone,T-junction,-33.930769,150.917476,Liverpool,Sydney metro. area,Syd-Newc-Woll Gtr conurbation,Straight,,,,Nil,Sealed,Dry,Fine,Daylight,Nil,No traffic controls,60 km/h,State,41,U turn into object,409,Manov - U-turn into fixed obje,,Vehicle - Object,Car (sedan/hatch),,1,0,1,0,0,10,October,Spring,Friday,12:00 - 13:59,Midday / afternoon,False,False,True,True
1366770,Injury,Serious Injury,2024,2024,October,Thursday,14:00 - 15:59,PACIFIC,HWY,100,North,JOHNSON,RD,TUGGERAH,10.0,No,Not a school zone,Divided road,-33.293878,151.422888,Central Coast,Country urban,Syd-Newc-Woll Gtr conurbation,Straight,,,,Nil,Sealed,Dry,Fine,Daylight,Nil,No traffic controls,60 km/h,State,30,Rear end,301,Same - Rear end,,Rear end,Car (sedan/hatch),4 wheel drive / SUV,2,0,1,0,0,10,October,Spring,Thursday,14:00 - 15:59,Midday / afternoon,False,False,True,True
1366771,Injury,Serious Injury,2024,2024,September,Saturday,10:00 - 11:59,KYOGLE,RD,3000,West,CAWONGLA,RD,CAWONGLA,141.0,No,Not a school zone,2-way undivided,-28.59463,153.082387,Kyogle,Country non-urban,Rest of NSW - Rural,Curved,Steep grade,,"Loose gravel, sealed",Nil,Sealed,Dry,Fine,Daylight,Nil,No traffic controls,100 km/h,Regional,88,Out of cont on bend,805,Out of control on bend,,Rollover,Motorcycle,,1,0,1,0,0,9,September,Spring,Saturday,10:00 - 11:59,Midday / afternoon,False,False,True,True
1366772,Injury,Moderate Injury,2024,2024,November,Wednesday,06:00 - 07:59,CORNELIA,RD,0,Right on the spot,JUNIA,AVE,TOONGABBIE,7256.0,No,Not a school zone,Roundabout,-33.787077,150.948828,Cumberland,Sydney metro. area,Syd-Newc-Woll Gtr conurbation,Straight,,,,Off,Sealed,Dry,Fine,Daylight,Nil,Give way sign,60 km/h,Regional,10,Cross traffic,101,Adj - Cross traffic,,Right angle,Pedal cycle,Car (sedan/hatch),2,0,0,1,0,11,November,Spring,Wednesday,06:00 - 07:59,AM peak / school commute,True,False,True,True
1366773,Injury,Moderate Injury,2024,2024,November,Tuesday,16:00 - 17:59,BAYLIS,ST,150,South,MORGAN,ST,WAGGA WAGGA,,No,Not a school zone,2-way undivided,-35.117381,147.36911,Wagga Wagga,Country urban,Rest of NSW - Urban,Straight,,,,Off,Sealed,Dry,Fine,Daylight,Nil,Ped crossing,50 km/h,Local,2,Ped far side,3,Ped - Far side,,Vehicle - Pedestrian,4 wheel drive / SUV,Pedestrian,2,0,0,1,0,11,November,Spring,Tuesday,16:00 - 17:59,PM peak / evening commute,True,False,True,True
1366776,Injury,Moderate Injury,2024,2024,December,Sunday,16:00 - 17:59,NEWCASTLE,EXP,26,South,PACIFIC HIGHWAY,OP,COWAN,6003.0,No,Not a school zone,Dual freeway,-33.559095,151.192765,Hornsby,Sydney metro. area,Syd-Newc-Woll Gtr conurbation,Straight,B'down lane/road shldr,,,Nil,Sealed,Dry,Fine,Daylight,Nil,No traffic controls,110 km/h,State,62,Accident,603,On path - Previous accident,,Other angle,Car (sedan/hatch),Car (sedan/hatch),2,0,0,1,0,12,December,Summer,Sunday,16:00 - 17:59,PM peak / evening commute,True,False,True,True
1366777,Injury,Serious Injury,2024,2024,October,Friday,14:00 - 15:59,GREAT WESTERN,HWY,0,Right on the spot,COORANGA,ST,BULLABURRA,5.0,No,Not a school zone,T-junction,-33.723609,150.415233,Blue Mountains,Country urban,Syd-Newc-Woll Gtr conurbation,Straight,,,,Off,Sealed,Dry,Fine,Daylight,On,No traffic controls,80 km/h,State,81,Off left/rt bnd=>obj,707,Right turn,Left,Vehicle - Object,Car (sedan/hatch),,1,0,1,0,0,10,October,Spring,Friday,14:00 - 15:59,Midday / afternoon,False,False,True,True
1366778,Injury,Moderate Injury,2024,2024,October,Thursday,16:00 - 17:59,MAIN,ST,0,Right on the spot,QUEEN,ST,MITTAGONG,258.0,No,Not a school zone,T-junction,-34.45094,150.446363,Wingecarribee,Country urban,Rest of NSW - Urban,Curved,,,,Nil,Sealed,Dry,Fine,Daylight,Nil,Give way sign,50 km/h,Regional,2,Ped far side,3,Ped - Far side,,Vehicle - Pedestrian,Large rigid,Pedestrian,2,0,0,1,0,10,October,Spring,Thursday,16:00 - 17:59,PM peak / evening commute,True,False,True,True
1366779,Injury,Moderate Injury,2024,2024,September,Monday,08:00 - 09:59,CURLEWIS,ST,0,Right on the spot,GOULD,ST,BONDI BEACH,7336.0,No,Not a school zone,X-intersection,-33.889329,151.274861,Waverley,Sydney metro. area,Syd-Newc-Woll Gtr conurbation,Straight,,,,Nil,Sealed,Wet,Raining,Daylight,Nil,Give way sign,40 km/h,Regional,2,Ped far side,3,Ped - Far side,,Vehicle - Pedestrian,Car (sedan/hatch),Pedestrian,2,0,0,1,0,9,September,Spring,Monday,08:00 - 09:59,AM peak / school commute,True,False,True,True
1366781,Injury,Serious Injury,2024,2024,November,Friday,12:00 - 13:59,MACQUARIE,ST,0,Right on the spot,BRABYN,ST,WINDSOR,154.0,No,Not a school zone,X-intersection,-33.614066,150.813146,Hawkesbury,Country urban,Syd-Newc-Woll Gtr conurbation,Straight,,,,Off,Sealed,Wet,Raining,Daylight,Nil,Stop sign,60 km/h,State,10,Cross traffic,101,Adj - Cross traffic,,Right angle,Car (sedan/hatch),Light truck utility(from 2018),3,0,2,0,0,11,November,Spring,Friday,12:00 - 13:59,Midday / afternoon,False,False,True,True
1366782,Injury,Moderate Injury,2024,2024,November,Wednesday,18:00 - 19:59,MIMOSA,RD,10,South,GREENFIELD,RD,GREENFIELD PARK,7229.0,Yes,No,T-junction,-33.872272,150.889447,Fairfield,Sydney metro. area,Syd-Newc-Woll Gtr conurbation,Straight,,,,Nil,Sealed,Wet,Other,Daylight,On,No traffic controls,60 km/h,Regional,85,Off rt/lft bnd=>obj,706,Left turn,Right,Vehicle - Object,Car (sedan/hatch),,1,0,0,1,0,11,November,Spring,Wednesday,18:00 - 19:59,PM peak / evening commute,True,False,True,True
1366783,Injury,Moderate Injury,2024,2024,October,Wednesday,08:00 - 09:59,MANNING,ST,0,Right on the spot,NUMBER 8,HN,KIAMA,,No,Not a school zone,2-way undivided,-34.671947,150.856494,Kiama,Country urban,Rest of NSW - Urban,Straight,,,,Nil,Sealed,Dry,Fine,Daylight,Nil,No traffic controls,40 km/h,Local,42,Leaving parking,401,Manov - Leaving parking,,Other angle,Light truck utility(from 2018),Car (sedan/hatch),2,0,0,1,1,10,October,Spring,Wednesday,08:00 - 09:59,AM peak / school commute,True,False,True,True
1366784,Injury,Minor/Other Injury,2024,2024,November,Thursday,04:00 - 05:59,NEWELL,HWY,0,Right on the spot,MULWALA NO. 11 CHANNEL,OT,FINLEY,17.0,No,Not a school zone,2-way undivided,-35.702102,145.542452,Berrigan,Country non-urban,Rest of NSW - Rural,Straight,Other bridge,,,Nil,Sealed,Dry,Fine,Dawn,Nil,No traffic controls,100 km/h,State,71,Off rd left => obj,703,Left off cway into object,,Vehicle - Object,B-double (road train prior 98),,1,0,0,0,1,11,November,Spring,Thursday,04:00 - 05:59,Late night / early morning,False,False,True,True
1366786,Injury,Minor/Other Injury,2024,2024,October,Sunday,10:00 - 11:59,ROUND HILL,RD,0,Right on the spot,TOOMA,RD,JAGUMBA,,No,Not a school zone,T-junction,-36.050746,148.303731,Snowy Valleys,Country urban,Rest of NSW - Urban,Curved,,,,Nil,Sealed,Dry,Fine,Daylight,Nil,No traffic controls,50 km/h,Local,80,Off left/right bend,801,Off cway right bend,Left,Rollover,Motorcycle,,1,0,0,0,1,10,October,Spring,Sunday,10:00 - 11:59,Midday / afternoon,False,False,True,True
1366788,Injury,Moderate Injury,2024,2024,November,Tuesday,14:00 - 15:59,SHELLHARBOUR,RD,0,Right on the spot,ROBERTS,AVE,BARRACK HEIGHTS,522.0,No,Not a school zone,T-junction,-34.561909,150.860084,Shellharbour,Wollongong met. area,Syd-Newc-Woll Gtr conurbation,Straight,,,,Off,Sealed,Dry,Fine,Daylight,Nil,Stop sign,70 km/h,State,13,Right near,104,Adj - Right-thru from right,,Right angle,Car (sedan/hatch),Utility,2,0,0,2,0,11,November,Spring,Tuesday,14:00 - 15:59,Midday / afternoon,False,False,True,True
1366789,Injury,Moderate Injury,2024,2024,December,Saturday,18:00 - 19:59,GREAT WESTERN,HWY,400,East,VICTORIA,ST,MOUNT VICTORIA,5.0,No,Not a school zone,Divided road,-33.585341,150.247157,Blue Mountains,Country urban,Syd-Newc-Woll Gtr conurbation,Curved,Steep grade,,,Nil,Sealed,Wet,Raining,Daylight,Nil,No traffic controls,60 km/h,State,88,Out of cont on bend,805,Out of control on bend,,Rollover,Motorcycle,,1,0,0,1,0,12,December,Summer,Saturday,18:00 - 19:59,PM peak / evening commute,True,False,True,True
1366791,Injury,Moderate Injury,2024,2024,November,Friday,22:00 - Midnight,JAMISON,ST,0,Right on the spot,YORK,ST,SYDNEY,,No,Not a school zone,X-intersection,-33.864289,151.205516,Sydney,Sydney metro. area,Syd-Newc-Woll Gtr conurbation,Straight,,,,On,Sealed,Wet,Raining,Darkness,On,No traffic controls,40 km/h,Local,2,Ped far side,3,Ped - Far side,,Vehicle - Pedestrian,Large rigid,Pedestrian,3,0,0,2,0,11,November,Spring,Friday,22:00 - Midnight,Evening / night,False,False,True,True
1366792,Injury,Serious Injury,2024,2024,October,Wednesday,10:00 - 11:59,GIRRA,RD,0,Right on the spot,MONASH,RD,BLACKTOWN,,No,Not a school zone,Roundabout,-33.771262,150.884346,Blacktown,Sydney metro. area,Syd-Newc-Woll Gtr conurbation,Straight,,,,Off,Sealed,Wet,Raining,Daylight,Nil,Give way sign,50 km/h,Local,10,Cross traffic,101,Adj - Cross traffic,,Right angle,Car (sedan/hatch),Motorcycle,2,0,1,0,0,10,October,Spring,Wednesday,10:00 - 11:59,Midday / afternoon,False,False,True,True
1366793,Injury,Moderate Injury,2024,2024,November,Saturday,16:00 - 17:59,FISHBURN,CRES,0,Right on the spot,KITTY,PL,WATANOBBI,,No,Not a school zone,T-junction,-33.262834,151.430007,Central Coast,Country urban,Syd-Newc-Woll Gtr conurbation,Curved,,,,Nil,Sealed,Wet,Raining,Daylight,Nil,No traffic controls,50 km/h,Local,13,Right near,104,Adj - Right-thru from right,,Right angle,Car (sedan/hatch),Light truck utility(from 2018),2,0,0,1,0,11,November,Spring,Saturday,16:00 - 17:59,PM peak / evening commute,True,False,True,True
1366794,Injury,Minor/Other Injury,2024,2024,October,Thursday,08:00 - 09:59,COLLEGE,ST,0,Right on the spot,PARK,ST,SYDNEY,7304.0,No,Not a school zone,X-intersection,-33.873753,151.212595,Sydney,Sydney metro. area,Syd-Newc-Woll Gtr conurbation,Straight,Foot/cycle path/nature strip,,,Nil,Sealed,Dry,Fine,Daylight,On,No traffic controls,40 km/h,Regional,33,Lane sideswipe,305,Same - Lane side swipe,,Other angle,Pedal cycle,Pedal cycle,2,0,0,0,2,10,October,Spring,Thursday,08:00 - 09:59,AM peak / school commute,True,False,True,True
1366795,Injury,Serious Injury,2024,2024,November,Thursday,20:00 - 21:59,MESSENGER,AVE,0,Right on the spot,NUMBER 28,HN,BOOROOMA,,No,Not a school zone,2-way undivided,-35.075229,147.361246,Wagga Wagga,Country urban,Rest of NSW - Urban,Curved,Steep grade,,,On,Sealed,Dry,Fine,Darkness,Nil,No traffic controls,50 km/h,Local,81,Off left/rt bnd=>obj,803,Off right bend into obj,Left,Vehicle - Object,Station wagon,,1,0,1,0,1,11,November,Spring,Thursday,20:00 - 21:59,Evening / night,False,False,True,True
1366799,Injury,Serious Injury,2024,2024,December,Monday,14:00 - 15:59,JOHN OXLEY,DR,0,Right on the spot,NUMBER 64,HN,PORT MACQUARIE,,No,Not a school zone,2-way undivided,-31.458002,152.872504,Port Macquarie-Hastings,Country urban,Rest of NSW - Urban,Straight,Driveway/entrance,,,Nil,Sealed,Dry,Fine,Daylight,Nil,No traffic controls,50 km/h,Local,32,Right rear,303,Same - Rear right,,Rear end,Motorcycle,Car (sedan/hatch),2,0,1,0,0,12,December,Summer,Monday,14:00 - 15:59,Midday / afternoon,False,False,True,True
1366801,Injury,Serious Injury,2024,2024,November,Tuesday,16:00 - 17:59,GLENFIELD,RD,0,Right on the spot,OLD GLENFIELD,RD,GLENFIELD,680.0,No,Not a school zone,X-intersection,-33.961044,150.890044,Campbelltown,Sydney metro. area,Syd-Newc-Woll Gtr conurbation,Straight,,,,Off,Sealed,Dry,Fine,Daylight,On,No traffic controls,60 km/h,State,71,Off rd left => obj,703,Left off cway into object,,Vehicle - Object,Car (sedan/hatch),,3,0,3,0,0,11,November,Spring,Tuesday,16:00 - 17:59,PM peak / evening commute,True,False,True,True
1366802,Injury,Serious Injury,2024,2024,October,Wednesday,10:00 - 11:59,ELIZABETH,ST,0,Right on the spot,SUTHERLAND,ST,PADDINGTON,,No,Not a school zone,X-intersection,-33.883569,151.234402,Woollahra,Sydney metro. area,Syd-Newc-Woll Gtr conurbation,Straight,,,,Off,Sealed,Dry,Fine,Daylight,Nil,Stop sign,40 km/h,Local,73,Off rd rght => obj,704,Right off cway into obj,,Other angle,Motor scooter,Car (sedan/hatch),3,0,1,0,0,10,October,Spring,Wednesday,10:00 - 11:59,Midday / afternoon,False,False,True,True
1366803,Injury,Serious Injury,2024,2024,December,Monday,16:00 - 17:59,CASINO,RD,0,Right on the spot,SMITHS,RD,TATHAM,145.0,No,Not a school zone,T-junction,-28.932156,153.177412,Richmond Valley,Country non-urban,Rest of NSW - Rural,Straight,Steep grade,,,Nil,Sealed,Dry,Fine,Daylight,Nil,No traffic controls,100 km/h,Regional,21,Right through,202,Opp - Right-thru,,Other angle,Car (sedan/hatch),Car (sedan/hatch),2,0,4,0,1,12,December,Summer,Monday,16:00 - 17:59,PM peak / evening commute,True,False,True,True
1366843,Injury,Minor/Other Injury,2024,2024,April,Wednesday,14:00 - 15:59,OLIVER,RD,0,Right on the spot,TRAFALGAR,AVE,ROSEVILLE,,No,Not a school zone,X-intersection,-33.781644,151.178413,Ku-ring-gai,Sydney metro. area,Syd-Newc-Woll Gtr conurbation,Straight,,,,Unknown / not stated,Sealed,Dry,Fine,Daylight,Nil,Stop sign,50 km/h,Local,21,Right through,202,Opp - Right-thru,,Other angle,Car (sedan/hatch),Car (sedan/hatch),2,0,0,0,1,4,April,Autumn,Wednesday,14:00 - 15:59,Midday / afternoon,False,False,True,True
1366864,Injury,Minor/Other Injury,2024,2024,October,Thursday,12:00 - 13:59,TWEED VALLEY,WAY,0,Right on the spot,CLOTHIERS CREEK,RD,CONDONG,679.0,No,Not a school zone,X-intersection,-28.311777,153.436372,Tweed,Country urban,Rest of NSW - Urban,Straight,,,,Unknown / not stated,Sealed,Unknown,Unknown,Daylight,Nil,Stop sign,80 km/h,Regional,32,Right rear,303,Same - Rear right,,Rear end,Station wagon,Station wagon,2,0,0,0,2,10,October,Spring,Thursday,12:00 - 13:59,Midday / afternoon,False,False,True,True
1366868,Injury,Serious Injury,2024,2024,October,Thursday,14:00 - 15:59,DONE,ST,0,Right on the spot,WOLLONGONG,RD,ARNCLIFFE,,No,Not a school zone,T-junction,-33.934346,151.146423,Bayside,Sydney metro. area,Syd-Newc-Woll Gtr conurbation,Straight,,,,Off,Sealed,Dry,Fine,Daylight,Nil,No traffic controls,50 km/h,Local,74,On road-out of cont.,705,Out of control on cway,,Rollover,Motor scooter,,1,0,1,0,0,10,October,Spring,Thursday,14:00 - 15:59,Midday / afternoon,False,False,True,True
1366870,Injury,Serious Injury,2024,2024,December,Tuesday,20:00 - 21:59,RENWICK,ST,65,East,PACIFIC,HWY,WYOMING,,No,Not a school zone,2-way undivided,-33.403613,151.351117,Central Coast,Country urban,Syd-Newc-Woll Gtr conurbation,Straight,Driveway/entrance,,,On,Sealed,Dry,Fine,Darkness,Nil,No traffic controls,50 km/h,Local,21,Right through,202,Opp - Right-thru,,Other angle,Car (sedan/hatch),Motorcycle,2,0,1,0,0,12,December,Summer,Tuesday,20:00 - 21:59,Evening / night,False,False,True,True
1366873,Injury,Moderate Injury,2024,2024,October,Thursday,16:00 - 17:59,SPINKS,RD,0,Right on the spot,NUMBER 110,HN,GLOSSODIA,7207.0,No,Not a school zone,2-way undivided,-33.536075,150.779745,Hawkesbury,Country urban,Syd-Newc-Woll Gtr conurbation,Straight,,,,Nil,Sealed,Wet,Overcast,Daylight,Nil,No traffic controls,60 km/h,Regional,73,Off rd rght => obj,704,Right off cway into obj,,Vehicle - Object,Car (sedan/hatch),,1,0,0,1,0,10,October,Spring,Thursday,16:00 - 17:59,PM peak / evening commute,True,False,True,True
1366874,Injury,Serious Injury,2024,2024,August,Friday,16:00 - 17:59,HUME,HWY,200,North,SKYE WINTER,BDGE,EAGLE VALE,2.0,No,Not a school zone,Dual freeway,-34.044727,150.819606,Campbelltown,Sydney metro. area,Syd-Newc-Woll Gtr conurbation,Curved,,,,Nil,Sealed,Dry,Fine,Daylight,Nil,No traffic controls,110 km/h,State,84,Off right/left bend,802,Off cway left bend,Right,Rollover,Passenger van,,1,0,1,0,1,8,August,Winter,Friday,16:00 - 17:59,PM peak / evening commute,True,False,True,True
1366876,Injury,Moderate Injury,2024,2024,December,Wednesday,06:00 - 07:59,BORONIA,ST,50,West,BOURKE,ST,REDFERN,,No,Not a school zone,1-way street,-33.893609,151.213426,Sydney,Sydney metro. area,Syd-Newc-Woll Gtr conurbation,Straight,,,,Nil,Sealed,Dry,Fine,Daylight,Nil,No traffic controls,40 km/h,Local,63,Vehicle door,604,On path - Vehicle door,,Other angle,Pedal cycle,Car (sedan/hatch),2,0,0,1,0,12,December,Summer,Wednesday,06:00 - 07:59,AM peak / school commute,True,False,True,True
1366877,Injury,Serious Injury,2024,2024,November,Saturday,10:00 - 11:59,KENDALL,RD,0,Right on the spot,NUMBER 127,HN,KENDALL,538.0,No,Not a school zone,2-way undivided,-31.629915,152.717889,Port Macquarie-Hastings,Country urban,Rest of NSW - Urban,Curved,Painted double centre lines,,,Nil,Sealed,Dry,Fine,Daylight,Nil,No traffic controls,60 km/h,Regional,20,Head on,201,Opp - Head on,,Head-on,Car (sedan/hatch),Passenger van,2,0,1,1,0,11,November,Spring,Saturday,10:00 - 11:59,Midday / afternoon,False,False,True,True
1366881,Injury,Moderate Injury,2024,2024,December,Sunday,02:00 - 03:59,BRADLEY,ST,0,Right on the spot,NUMBER 36,HN,GLENMORE PARK,,No,Not a school zone,2-way undivided,-33.805225,150.692323,Penrith,Sydney metro. area,Syd-Newc-Woll Gtr conurbation,Curved,,,,On,Sealed,Dry,Fine,Darkness,Nil,No traffic controls,50 km/h,Local,81,Off left/rt bnd=>obj,803,Off right bend into obj,Left,Vehicle - Object,4 wheel drive / SUV,,1,0,0,1,0,12,December,Summer,Sunday,02:00 - 03:59,Late night / early morning,False,False,True,True
1366882,Injury,Moderate Injury,2024,2024,December,Sunday,12:00 - 13:59,TWEED VALLEY,WAY,0,Right on the spot,NUMBER 178,HN,SOUTH MURWILLUMBAH,679.0,No,Not a school zone,2-way undivided,-28.325724,153.410891,Tweed,Country urban,Rest of NSW - Urban,Straight,,,,Nil,Sealed,Unknown,Unknown,Daylight,Nil,No traffic controls,60 km/h,Regional,0,Ped nearside,1,Ped - Near side,,Vehicle - Pedestrian,Car (sedan/hatch),Pedestrian,2,0,0,1,0,12,December,Summer,Sunday,12:00 - 13:59,Midday / afternoon,False,False,True,True
1366887,Injury,Minor/Other Injury,2024,2024,September,Thursday,20:00 - 21:59,CHRISTINA,RD,300,West,MILLER,RD,VILLAWOOD,7102.0,No,Not a school zone,2-way undivided,-33.881675,150.990488,Canterbury-Bankstown,Sydney metro. area,Syd-Newc-Woll Gtr conurbation,Straight,,,,Nil,Sealed,Dry,Fine,Darkness,Nil,No traffic controls,60 km/h,Regional,40,U turn,304,Same - U-turn,,Other angle,Car (sedan/hatch),Car (sedan/hatch),2,0,0,0,1,9,September,Spring,Thursday,20:00 - 21:59,Evening / night,False,False,True,True
1366888,Injury,Moderate Injury,2024,2024,November,Monday,14:00 - 15:59,PURLEWAUGH,RD,2500,East,OXLEY,HWY,COONABARABRAN,129.0,No,Not a school zone,2-way undivided,-31.282832,149.302025,Warrumbungle,Country non-urban,Rest of NSW - Rural,Curved,,,,Nil,Sealed,Dry,Fine,Daylight,Nil,No traffic controls,100 km/h,Regional,81,Off left/rt bnd=>obj,803,Off right bend into obj,Left,Vehicle - Object,Semi-trailer,,1,0,0,1,0,11,November,Spring,Monday,14:00 - 15:59,Midday / afternoon,False,False,True,True
1366889,Injury,Moderate Injury,2024,2024,November,Wednesday,10:00 - 11:59,THE LAKES,WAY,855,East,MT CHAPMAN,TRL,MAYERS FLAT,111.0,No,Not a school zone,2-way undivided,-32.396872,152.311004,Mid-Coast,Country urban,Rest of NSW - Urban,Curved,,,,Nil,Sealed,Dry,Fine,Daylight,Nil,No traffic controls,80 km/h,Regional,85,Off rt/lft bnd=>obj,804,Off left bend into obj,Right,Vehicle - Object,Motorcycle,,1,0,0,1,0,11,November,Spring,Wednesday,10:00 - 11:59,Midday / afternoon,False,False,True,True
1366890,Injury,Moderate Injury,2024,2024,August,Saturday,08:00 - 09:59,LIVERPOOL,ST,0,Right on the spot,MAIN,ST,SCONE,,No,Not a school zone,Roundabout,-32.050996,150.868686,Upper Hunter,Country urban,Rest of NSW - Urban,Curved,,,,Nil,Sealed,Dry,Fine,Daylight,Nil,Give way sign,50 km/h,Local,10,Cross traffic,101,Adj - Cross traffic,,Right angle,Car (sedan/hatch),Pedal cycle,2,0,0,1,0,8,August,Winter,Saturday,08:00 - 09:59,AM peak / school commute,True,False,True,True
1366891,Injury,Minor/Other Injury,2024,2024,October,Saturday,22:00 - Midnight,OLYMPIC,BVD,50,North,GRAND,PDE,SYDNEY OLYMPIC PARK,,No,Not a school zone,2-way undivided,-33.844956,151.064464,Parramatta,Sydney metro. area,Syd-Newc-Woll Gtr conurbation,Straight,,,,On,Sealed,Dry,Fine,Darkness,Nil,No traffic controls,40 km/h,Local,3,Ped on carriageway,4,Ped - On carriageway,,Vehicle - Pedestrian,Car (sedan/hatch),Pedestrian,2,0,0,0,1,10,October,Spring,Saturday,22:00 - Midnight,Evening / night,False,False,True,True
1366892,Injury,Moderate Injury,2024,2024,December,Saturday,10:00 - 11:59,PACIFIC,HWY,50,South,OLD PACIFIC,HWY,HALFWAY CREEK,10.0,No,Not a school zone,Divided road,-29.886819,153.059738,Clarence Valley,Country non-urban,Rest of NSW - Rural,Straight,,,,Nil,Sealed,Dry,Fine,Daylight,Nil,No traffic controls,110 km/h,State,73,Off rd rght => obj,704,Right off cway into obj,,Vehicle - Object,4 wheel drive / SUV,,1,0,0,1,0,12,December,Summer,Saturday,10:00 - 11:59,Midday / afternoon,False,False,True,True