crash_id,degree_of_crash,degree_of_crash_-_detailed,reporting_year,year_of_crash,month_of_crash,day_of_week_of_crash,two-hour_intervals,street_of_crash,street_type,distance,direction,identifying_feature,identifying_feature_type,town,route_no.,school_zone_location,school_zone_active,type_of_location,latitude,longitude,lga,urbanisation,conurbation_1,alignment,primary_permanent_feature,primary_temporary_feature,primary_hazardous_feature,street_lighting,road_surface,surface_condition,weather,natural_lighting,signals_operation,other_traffic_control,speed_limit,road_classification_(admin),rum_-_code,rum_-_description,dca_-_code,dca_-_description,dca_supplement,first_impact_type,key_tu_type,other_tu_type,no._of_traffic_units_involved,no._killed,no._seriously_injured,no._moderately_injured,no._minor-other_injured,month_num,month_label,season,day_label,time_label,time_band,is_peak_commute,is_fatal,is_injury,is_casualty
1366893,Injury,Moderate Injury,2024,2024,November,Friday,14:00 - 15:59,NEWELL,HWY,0,Right on the spot,MYALL,ST,DUBBO,17.0,No,Not a school zone,X-intersection,-32.239668,148.610243,Dubbo Regional,Country urban,Rest of NSW - Urban,Straight,,,,Off,Sealed,Dry,Fine,Daylight,Nil,Give way sign,60 km/h,State,10,Cross traffic,101,Adj - Cross traffic,,Right angle,Unknown motor vehicle,Pedal cycle,2,0,0,1,0,11,November,Spring,Friday,14:00 - 15:59,Midday / afternoon,False,False,True,True
1366897,Injury,Moderate Injury,2024,2024,November,Tuesday,12:00 - 13:59,GREAT WESTERN,HWY,100,West,MISSENDEN,RD,CAMPERDOWN,5.0,No,Not a school zone,Divided road,-33.886482,151.178124,Sydney,Sydney metro. area,Syd-Newc-Woll Gtr conurbation,Straight,,,,Nil,Sealed,Dry,Fine,Daylight,Nil,No traffic controls,60 km/h,State,42,Leaving parking,401,Manov - Leaving parking,,Other angle,Car (sedan/hatch),4 wheel drive / SUV,3,0,0,2,0,11,November,Spring,Tuesday,12:00 - 13:59,Midday / afternoon,False,False,True,True
1366898,Injury,Moderate Injury,2024,2024,October,Wednesday,10:00 - 11:59,CLARENCE,ST,0,Right on the spot,HAY,ST,PORT MACQUARIE,,No,Not a school zone,T-junction,-31.429098,152.909473,Port Macquarie-Hastings,Country urban,Rest of NSW - Urban,Straight,,,,Off,Sealed,Dry,Fine,Daylight,Nil,Ped crossing,50 km/h,Local,30,Rear end,301,Same - Rear end,,Rear end,Car (sedan/hatch),4 wheel drive / SUV,2,0,0,1,0,10,October,Spring,Wednesday,10:00 - 11:59,Midday / afternoon,False,False,True,True
1366901,Injury,Minor/Other Injury,2024,2024,December,Saturday,00:01 - 01:59,GREAT WESTERN,HWY,0,Right on the spot,BOLD,ST,GRANVILLE,5.0,No,Not a school zone,T-junction,-33.830068,151.01068,Parramatta,Sydney metro. area,Syd-Newc-Woll Gtr conurbation,Straight,,,,On,Sealed,Dry,Fine,Darkness,On,No traffic controls,60 km/h,State,30,Rear end,301,Same - Rear end,,Rear end,4 wheel drive / SUV,4 wheel drive / SUV,2,0,0,0,1,12,December,Summer,Saturday,00:01 - 01:59,Late night / early morning,False,False,True,True
1366902,Injury,Serious Injury,2024,2024,October,Sunday,18:00 - 19:59,GADIGAL,AVE,0,Right on the spot,WOLSELEY,GR,ZETLAND,,No,Not a school zone,X-intersection,-33.905144,151.212223,Sydney,Sydney metro. area,Syd-Newc-Woll Gtr conurbation,Straight,,,,Nil,Sealed,Dry,Fine,Daylight,On,No traffic controls,40 km/h,Local,0,Ped nearside,1,Ped - Near side,,Vehicle - Pedestrian,Pedal cycle,Pedestrian,2,0,1,0,0,10,October,Spring,Sunday,18:00 - 19:59,PM peak / evening commute,True,False,True,True
1366903,Injury,Moderate Injury,2024,2024,October,Tuesday,06:00 - 07:59,PACIFIC,PDE,10,West,THE CRESCENT,MS,DEE WHY,,No,Not a school zone,T-junction,-33.755171,151.289948,Northern Beaches,Sydney metro. area,Syd-Newc-Woll Gtr conurbation,Straight,Steep grade,,,On,Sealed,Dry,Fine,Dawn,On,No traffic controls,50 km/h,Local,32,Right rear,303,Same - Rear right,,Rear end,4 wheel drive / SUV,4 wheel drive / SUV,2,0,0,1,1,10,October,Spring,Tuesday,06:00 - 07:59,AM peak / school commute,True,False,True,True
1366904,Injury,Moderate Injury,2024,2024,November,Friday,22:00 - Midnight,SPARKS,RD,50,West,MOUNTAIN,RD,WARNERVALE,509.0,No,Not a school zone,2-way undivided,-33.238933,151.439021,Central Coast,Country urban,Syd-Newc-Woll Gtr conurbation,Curved,B'down lane/road shldr,,,Nil,Sealed,Wet,Raining,Darkness,Nil,No traffic controls,80 km/h,State,87,Off lft/lft bnd=>obj,804,Off left bend into obj,Left,Vehicle - Object,Light truck utility(from 2018),,1,0,0,1,0,11,November,Spring,Friday,22:00 - Midnight,Evening / night,False,False,True,True
1366906,Injury,Moderate Injury,2024,2024,September,Thursday,14:00 - 15:59,BORONIA,RD,0,Right on the spot,O'DONNELL,AVE,GREENACRE,636.0,No,Not a school zone,T-junction,-33.904905,151.043772,Canterbury-Bankstown,Sydney metro. area,Syd-Newc-Woll Gtr conurbation,Straight,,,,Off,Sealed,Dry,Fine,Daylight,Nil,Give way sign,60 km/h,State,13,Right near,104,Adj - Right-thru from right,,Right angle,4 wheel drive / SUV,Car (sedan/hatch),2,0,0,2,0,9,September,Spring,Thursday,14:00 - 15:59,Midday / afternoon,False,False,True,True
1367046,Injury,Serious Injury,2024,2024,December,Tuesday,12:00 - 13:59,PRINCES,HWY,0,Right on the spot,CARILLON,AVE,CAMPERDOWN,1.0,No,Not a school zone,T-junction,-33.891327,151.188486,Sydney,Sydney metro. area,Syd-Newc-Woll Gtr conurbation,Straight,,,,Off,Sealed,Dry,Fine,Daylight,On,No traffic controls,50 km/h,State,11,Right far,102,Adj - Right-thru from left,,Right angle,Motorcycle,Car (sedan/hatch),2,0,1,0,0,12,December,Summer,Tuesday,12:00 - 13:59,Midday / afternoon,False,False,True,True
1367049,Injury,Minor/Other Injury,2024,2024,January,Tuesday,16:00 - 17:59,RAILWAY,TCE,0,Right on the spot,SWIFT,ST,GUILDFORD,7106.0,No,Not a school zone,T-junction,-33.855908,150.983665,Cumberland,Sydney metro. area,Syd-Newc-Woll Gtr conurbation,Straight,,,,Off,Sealed,Dry,Fine,Dusk,Nil,No traffic controls,50 km/h,Regional,31,Left rear,302,Same - Rear left,,Rear end,Light truck,Light truck utility(from 2018),2,0,0,0,1,1,January,Summer,Tuesday,16:00 - 17:59,PM peak / evening commute,True,False,True,True
1367051,Injury,Serious Injury,2024,2024,December,Monday,12:00 - 13:59,LIVERPOOL,ST,0,Right on the spot,KELLY,ST,SCONE,62.0,No,Not a school zone,X-intersection,-32.050697,150.86747,Upper Hunter,Country urban,Rest of NSW - Urban,Straight,,,,Nil,Sealed,Dry,Fine,Daylight,On,Ped crossing,50 km/h,Regional,21,Right through,202,Opp - Right-thru,,Other angle,Light truck utility(from 2018),Light truck utility(from 2018),2,0,1,0,0,12,December,Summer,Monday,12:00 - 13:59,Midday / afternoon,False,False,True,True
1367054,Injury,Minor/Other Injury,2024,2024,October,Wednesday,08:00 - 09:59,HUME,HWY,0,Right on the spot,BOX,RD,CASULA,2.0,No,Not a school zone,T-junction,-33.957135,150.889106,Liverpool,Sydney metro. area,Syd-Newc-Woll Gtr conurbation,Straight,,,,Off,Sealed,Dry,Fine,Daylight,Nil,No traffic controls,70 km/h,State,13,Right near,104,Adj - Right-thru from right,,Right angle,Car (sedan/hatch),4 wheel drive / SUV,2,0,0,0,1,10,October,Spring,Wednesday,08:00 - 09:59,AM peak / school commute,True,False,True,True
1367057,Injury,Serious Injury,2024,2024,September,Sunday,14:00 - 15:59,NEW ENGLAND,HWY,0,Right on the spot,WYNDHAM,ST,GRETA,9.0,No,Not a school zone,X-intersection,-32.679089,151.390175,Cessnock,Country urban,Rest of NSW - Urban,Straight,,,,Nil,Sealed,Dry,Fine,Daylight,Nil,Stop sign,60 km/h,State,32,Right rear,303,Same - Rear right,,Rear end,Motorcycle,Car (sedan/hatch),2,0,1,1,0,9,September,Spring,Sunday,14:00 - 15:59,Midday / afternoon,False,False,True,True
1367061,Injury,Minor/Other Injury,2024,2024,November,Friday,10:00 - 11:59,RIVERINA,HWY,530,East,BUNGOWANNAH PIGGERY,GTE,BUNGOWANNAH,20.0,No,Not a school zone,2-way undivided,-36.036691,146.799656,Greater Hume,Country non-urban,Rest of NSW - Rural,Straight,,,,Nil,Sealed,Dry,Fine,Daylight,Nil,No traffic controls,100 km/h,State,90,Fell in/from vehicle,901,Fell in/from vehicle,,Person - Object,Tractor,,1,0,0,0,1,11,November,Spring,Friday,10:00 - 11:59,Midday / afternoon,False,False,True,True
1367063,Injury,Moderate Injury,2024,2024,December,Tuesday,16:00 - 17:59,GOLDEN,HWY,0,Right on the spot,VINEGAROY,RD,CASSILIS,27.0,No,Not a school zone,T-junction,-32.043086,149.875325,Upper Hunter,Country non-urban,Rest of NSW - Rural,Curved,,,,Nil,Sealed,Wet,Raining,Daylight,Nil,No traffic controls,100 km/h,State,86,Off left/left bend,802,Off cway left bend,Left,Rollover,Motorcycle,,1,0,0,1,0,12,December,Summer,Tuesday,16:00 - 17:59,PM peak / evening commute,True,False,True,True
1367067,Injury,Minor/Other Injury,2024,2024,November,Sunday,10:00 - 11:59,NARRAWA,RD,430,South,AUBYN VALE,RD,BEVENDALE,248.0,No,Not a school zone,2-way undivided,-34.420296,149.080177,Upper Lachlan,Country non-urban,Rest of NSW - Rural,Curved,Embankment/cutting,,Loose gravel shoulder,Nil,Sealed,Dry,Fine,Daylight,Nil,No traffic controls,100 km/h,Regional,80,Off left/right bend,801,Off cway right bend,Left,Rollover,Motorcycle,,1,0,0,0,1,11,November,Spring,Sunday,10:00 - 11:59,Midday / afternoon,False,False,True,True
1367068,Injury,Minor/Other Injury,2024,2024,November,Wednesday,18:00 - 19:59,THE NORTHERN,RD,0,Right on the spot,BELMORE,RD,BRINGELLY,154.0,No,Not a school zone,X-intersection,-33.948849,150.738401,Camden,Sydney metro. area,Syd-Newc-Woll Gtr conurbation,Curved,,,,On,Sealed,Dry,Fine,Dusk,On,No traffic controls,80 km/h,State,30,Rear end,301,Same - Rear end,,Rear end,Car (sedan/hatch),Car (sedan/hatch),2,0,0,0,1,11,November,Spring,Wednesday,18:00 - 19:59,PM peak / evening commute,True,False,True,True
1367069,Injury,Serious Injury,2024,2024,November,Monday,16:00 - 17:59,MITCHELL,HWY,500,West,BUNGLEGUMBIE,RD,DUBBO,7.0,No,Not a school zone,2-way undivided,-32.201578,148.531191,Dubbo Regional,Country non-urban,Rest of NSW - Rural,Straight,Steep grade,,,Nil,Sealed,Dry,Fine,Daylight,Nil,No traffic controls,110 km/h,State,71,Off rd left => obj,703,Left off cway into object,,Vehicle - Object,4 wheel drive / SUV,,1,0,1,0,0,11,November,Spring,Monday,16:00 - 17:59,PM peak / evening commute,True,False,True,True
1367070,Injury,Serious Injury,2024,2024,November,Monday,06:00 - 07:59,HOUSTON,RD,65,South,BARKER,ST,KINGSFORD,,No,Not a school zone,2-way undivided,-33.920231,151.225127,Randwick,Sydney metro. area,Syd-Newc-Woll Gtr conurbation,Straight,,,,Off,Sealed,Dry,Fine,Daylight,Nil,No traffic controls,50 km/h,Local,42,Leaving parking,401,Manov - Leaving parking,,Other angle,Car (sedan/hatch),Motorcycle,2,0,1,0,0,11,November,Spring,Monday,06:00 - 07:59,AM peak / school commute,True,False,True,True
1367078,Injury,Serious Injury,2024,2024,November,Friday,18:00 - 19:59,LEE,ST,0,Right on the spot,NUMBER 6,HN,WARRAWONG,,No,Not a school zone,2-way undivided,-34.48628,150.883493,Wollongong,Wollongong met. area,Syd-Newc-Woll Gtr conurbation,Straight,,Police pursuit,,Off,Sealed,Dry,Fine,Daylight,Nil,No traffic controls,50 km/h,Local,73,Off rd rght => obj,704,Right off cway into obj,,Other angle,Car (sedan/hatch),Car (sedan/hatch),2,0,1,0,0,11,November,Spring,Friday,18:00 - 19:59,PM peak / evening commute,True,False,True,True
1367079,Injury,Moderate Injury,2024,2024,November,Monday,00:01 - 01:59,CLEVELAND,ST,0,Right on the spot,SOUTH DOWLING,ST,REDFERN,330.0,No,Not a school zone,X-intersection,-33.892094,151.216723,Sydney,Sydney metro. area,Syd-Newc-Woll Gtr conurbation,Straight,,,,On,Sealed,Wet,Fine,Darkness,On,Ped crossing,60 km/h,State,21,Right through,202,Opp - Right-thru,,Other angle,4 wheel drive / SUV,Station wagon,2,0,0,3,0,11,November,Spring,Monday,00:01 - 01:59,Late night / early morning,False,False,True,True
1367082,Injury,Serious Injury,2024,2024,October,Saturday,12:00 - 13:59,WOY WOY,RD,2300,South,MILYERRA,RD,KARIONG,7751.0,No,Not a school zone,2-way undivided,-33.458796,151.283865,Central Coast,Country urban,Syd-Newc-Woll Gtr conurbation,Curved,,,,Nil,Sealed,Dry,Fine,Daylight,Nil,No traffic controls,80 km/h,Regional,20,Head on,201,Opp - Head on,,Head-on,Light truck utility(from 2018),Passenger van,2,0,1,0,0,10,October,Spring,Saturday,12:00 - 13:59,Midday / afternoon,False,False,True,True
1367083,Injury,Serious Injury,2024,2024,November,Sunday,10:00 - 11:59,DOYLE,RD,10,South,SCHOOL,PDE,PADSTOW,,Yes,No,T-junction,-33.955512,151.029888,Canterbury-Bankstown,Sydney metro. area,Syd-Newc-Woll Gtr conurbation,Straight,,,,Off,Sealed,Dry,Fine,Daylight,Nil,No traffic controls,50 km/h,Local,71,Off rd left => obj,703,Left off cway into object,,Other angle,Car (sedan/hatch),Car (sedan/hatch),2,0,1,0,0,11,November,Spring,Sunday,10:00 - 11:59,Midday / afternoon,False,False,True,True
1367084,Injury,Moderate Injury,2024,2024,November,Saturday,08:00 - 09:59,MITCHELL,HWY,20,East,DEAN,ST,WEST BATHURST,7.0,No,Not a school zone,2-way undivided,-33.414468,149.552843,Bathurst Regional,Country urban,Rest of NSW - Urban,Straight,,,,Off,Sealed,Dry,Fine,Daylight,Nil,No traffic controls,60 km/h,State,30,Rear end,301,Same - Rear end,,Rear end,Motorcycle,4 wheel drive / SUV,2,0,0,1,0,11,November,Spring,Saturday,08:00 - 09:59,AM peak / school commute,True,False,True,True
1367085,Injury,Serious Injury,2024,2024,November,Monday,14:00 - 15:59,CASTLEREAGH,HWY,915,North,BILL O'BRIEN,WAY,LIGHTNING RIDGE,18.0,No,Not a school zone,2-way undivided,-29.45419,147.928987,Walgett,Country non-urban,Rest of NSW - Rural,Straight,Stock grid/gate/crossing,,,Nil,Sealed,Dry,Fine,Daylight,Nil,No traffic controls,110 km/h,State,71,Off rd left => obj,703,Left off cway into object,,Vehicle - Object,Light truck utility(from 2018),,1,0,2,0,0,11,November,Spring,Monday,14:00 - 15:59,Midday / afternoon,False,False,True,True
1367086,Injury,Serious Injury,2024,2024,October,Sunday,22:00 - Midnight,COWPER,ST,0,Right on the spot,GOOD,ST,GRANVILLE,,No,Not a school zone,Roundabout,-33.831386,151.011909,Parramatta,Sydney metro. area,Syd-Newc-Woll Gtr conurbation,Straight,Foot/cycle path/nature strip,,,On,Sealed,Dry,Fine,Darkness,Nil,Give way sign,50 km/h,Local,48,From footpath,408,Manov - From footway,,Other angle,Pedal cycle,Car (sedan/hatch),2,0,1,0,0,10,October,Spring,Sunday,22:00 - Midnight,Evening / night,False,False,True,True
1367087,Injury,Moderate Injury,2024,2024,December,Tuesday,06:00 - 07:59,PRINCES,HWY,0,Right on the spot,NEW LAKE ENTRANCE,RD,ALBION PARK RAIL,1.0,No,Not a school zone,Roundabout,-34.573229,150.821731,Shellharbour,Wollongong met. area,Syd-Newc-Woll Gtr conurbation,Curved,Other bridge,,,Off,Sealed,Dry,Fine,Daylight,On,No traffic controls,60 km/h,State,10,Cross traffic,101,Adj - Cross traffic,,Right angle,Light truck utility(from 2018),Station wagon,2,0,0,1,2,12,December,Summer,Tuesday,06:00 - 07:59,AM peak / school commute,True,False,True,True
1367088,Injury,Moderate Injury,2024,2024,October,Tuesday,14:00 - 15:59,WILSONS CREEK,RD,500,East,PARMENTERS,RD,WILSONS CREEK,,No,Not a school zone,2-way undivided,-28.574405,153.445704,Byron,Country urban,Rest of NSW - Urban,Curved,Steep grade,,,Nil,Sealed,Dry,Fine,Daylight,Nil,No traffic controls,60 km/h,Local,20,Head on,201,Opp - Head on,,Head-on,Light truck utility(from 2018),4 wheel drive / SUV,2,0,0,1,0,10,October,Spring,Tuesday,14:00 - 15:59,Midday / afternoon,False,False,True,True
1367089,Injury,Minor/Other Injury,2024,2024,November,Saturday,22:00 - Midnight,HUME,HWY,3650,South,TUMBARUMBA ROAD,OP,KYEAMBA,2.0,No,Not a school zone,Divided road,-35.47743,147.581336,Wagga Wagga,Country non-urban,Rest of NSW - Rural,Straight,,,,Nil,Sealed,Wet,Raining,Darkness,Nil,No traffic controls,110 km/h,State,73,Off rd rght => obj,704,Right off cway into obj,,Vehicle - Object,Car (sedan/hatch),,1,0,0,0,2,11,November,Spring,Saturday,22:00 - Midnight,Evening / night,False,False,True,True
1367090,Injury,Serious Injury,2024,2024,October,Sunday,14:00 - 15:59,LAWRENCE HARGRAVE,DR,215,South,MCCANN,CCT,COLEDALE,185.0,No,Not a school zone,2-way undivided,-34.28442,150.950737,Wollongong,Wollongong met. area,Syd-Newc-Woll Gtr conurbation,Curved,Driveway/entrance,,,Off,Sealed,Dry,Fine,Daylight,Nil,No traffic controls,50 km/h,State,47,Emerging from drive,406,Manov - Emerging from driveway,,Right angle,Car (sedan/hatch),Motorcycle,2,0,1,0,0,10,October,Spring,Sunday,14:00 - 15:59,Midday / afternoon,False,False,True,True
1367091,Injury,Serious Injury,2024,2024,November,Saturday,10:00 - 11:59,THE GAP,RD,1450,East,NEW ENGLAND,HWY,URALLA,,No,Not a school zone,2-way undivided,-30.673221,151.514708,Uralla,Country non-urban,Rest of NSW - Rural,Straight,Crest,,Potholes/corrugations/rough,Nil,Unsealed,Dry,Fine,Daylight,Nil,No traffic controls,100 km/h,Local,72,Off road to right,702,Off carriageway to right,,Rollover,Motorcycle,,1,0,1,0,0,11,November,Spring,Saturday,10:00 - 11:59,Midday / afternoon,False,False,True,True
1367092,Injury,Serious Injury,2024,2024,December,Wednesday,06:00 - 07:59,RED HILL,RD,4800,North,LIMEKILNS,RD,PALING YARDS,,No,Not a school zone,2-way undivided,-33.186492,149.747046,Bathurst Regional,Country non-urban,Rest of NSW - Rural,Curved,Embankment/cutting,,,Nil,Unsealed,Dry,Fine,Daylight,Nil,No traffic controls,100 km/h,Local,81,Off left/rt bnd=>obj,803,Off right bend into obj,Left,Vehicle - Object,Light truck utility(from 2018),,1,0,2,0,0,12,December,Summer,Wednesday,06:00 - 07:59,AM peak / school commute,True,False,True,True
1367093,Injury,Moderate Injury,2024,2024,December,Monday,18:00 - 19:59,THE WOOL,RD,700,West,JOHN,ST,BASIN VIEW,7631.0,No,Not a school zone,2-way undivided,-35.087928,150.54971,Shoalhaven,Country urban,Rest of NSW - Urban,Curved,,,,Nil,Sealed,Dry,Overcast,Daylight,Nil,No traffic controls,80 km/h,Regional,83,Off rt/rt bnd=>obj,803,Off right bend into obj,Right,Vehicle - Object,Car (sedan/hatch),,1,0,0,1,0,12,December,Summer,Monday,18:00 - 19:59,PM peak / evening commute,True,False,True,True
1367094,Injury,Serious Injury,2024,2024,November,Thursday,08:00 - 09:59,BONDI,RD,5,West,BENNETT,ST,BONDI,172.0,No,Not a school zone,T-junction,-33.893476,151.260755,Waverley,Sydney metro. area,Syd-Newc-Woll Gtr conurbation,Straight,,,,Off,Sealed,Dry,Fine,Daylight,On,No traffic controls,50 km/h,State,2,Ped far side,3,Ped - Far side,,Vehicle - Pedestrian,Motorcycle,Pedestrian,2,0,2,0,0,11,November,Spring,Thursday,08:00 - 09:59,AM peak / school commute,True,False,True,True
1367095,Injury,Moderate Injury,2024,2024,November,Thursday,18:00 - 19:59,MITCHELL,HWY,200,West,MISKELL,RD,GUYONG,7.0,No,Not a school zone,Divided road,-33.420356,149.277968,Cabonne,Country non-urban,Rest of NSW - Rural,Straight,,,,Nil,Sealed,Dry,Fine,Daylight,Nil,No traffic controls,100 km/h,State,73,Off rd rght => obj,704,Right off cway into obj,,Vehicle - Object,4 wheel drive / SUV,,1,0,0,1,0,11,November,Spring,Thursday,18:00 - 19:59,PM peak / evening commute,True,False,True,True
1367098,Injury,Serious Injury,2024,2024,November,Wednesday,22:00 - Midnight,OXFORD,ST,0,Right on the spot,NUMBER 140,HN,WOOLLAHRA,172.0,No,Not a school zone,Divided road,-33.890607,151.237928,Woollahra,Sydney metro. area,Syd-Newc-Woll Gtr conurbation,Straight,,,,On,Sealed,Wet,Raining,Darkness,Nil,No traffic controls,60 km/h,State,71,Off rd left => obj,703,Left off cway into object,,Vehicle - Object,Car (sedan/hatch),,1,0,1,0,0,11,November,Spring,Wednesday,22:00 - Midnight,Evening / night,False,False,True,True
1367101,Injury,Serious Injury,2024,2024,November,Monday,20:00 - 21:59,KURRAJONG,RD,40,West,BOX,RD,PRESTONS,7263.0,Yes,No,2-way undivided,-33.945475,150.890929,Liverpool,Sydney metro. area,Syd-Newc-Woll Gtr conurbation,Straight,,,,On,Sealed,Dry,Fine,Darkness,Nil,Ped crossing,60 km/h,Regional,0,Ped nearside,1,Ped - Near side,,Vehicle - Pedestrian,Car (sedan/hatch),Pedestrian,2,0,1,0,0,11,November,Spring,Monday,20:00 - 21:59,Evening / night,False,False,True,True
1367102,Injury,Serious Injury,2024,2024,November,Saturday,16:00 - 17:59,HUME,HWY,0,Right on the spot,CHESTER HILL,RD,BASS HILL,2.0,No,Not a school zone,T-junction,-33.899001,150.996506,Canterbury-Bankstown,Sydney metro. area,Syd-Newc-Woll Gtr conurbation,Straight,,,,Off,Sealed,Wet,Raining,Daylight,On,No traffic controls,70 km/h,State,30,Rear end,301,Same - Rear end,,Rear end,Motorcycle,4 wheel drive / SUV,2,0,1,0,0,11,November,Spring,Saturday,16:00 - 17:59,PM peak / evening commute,True,False,True,True
1367104,Injury,Moderate Injury,2024,2024,November,Friday,18:00 - 19:59,CASTLEREAGH,HWY,20,North,LOVEJOY,ST,MUDGEE,18.0,No,Not a school zone,Divided road,-32.591119,149.583509,Mid-Western Regional,Country urban,Rest of NSW - Urban,Straight,Driveway/entrance,,,Nil,Sealed,Dry,Fine,Dusk,Nil,No traffic controls,50 km/h,State,37,Left turn sideswipe,309,Same - Left turn side swipe,,Other angle,Motorcycle,Light truck utility(from 2018),2,0,0,1,0,11,November,Spring,Friday,18:00 - 19:59,PM peak / evening commute,True,False,True,True
1367117,Injury,Serious Injury,2024,2024,December,Tuesday,12:00 - 13:59,BEACH,ST,15,North,NEPTUNE,ST,COOGEE,,No,Not a school zone,2-way undivided,-33.925832,151.257052,Randwick,Sydney metro. area,Syd-Newc-Woll Gtr conurbation,Straight,Steep grade,,,Nil,Sealed,Dry,Fine,Daylight,Nil,No traffic controls,50 km/h,Local,9,Ped other,0,Ped - other,,Vehicle - Pedestrian,Car (sedan/hatch),Pedestrian,2,0,1,0,0,12,December,Summer,Tuesday,12:00 - 13:59,Midday / afternoon,False,False,True,True
1367166,Injury,Minor/Other Injury,2024,2024,December,Friday,08:00 - 09:59,DEAN,ST,0,Right on the spot,THURGOONA,ST,ALBURY,,No,Not a school zone,T-junction,-36.079776,146.908568,Albury,Country urban,Rest of NSW - Urban,Straight,,,,Off,Sealed,Dry,Fine,Daylight,Nil,Give way sign,50 km/h,Local,30,Rear end,301,Same - Rear end,,Rear end,Car (sedan/hatch),Car (sedan/hatch),2,0,0,0,1,12,December,Summer,Friday,08:00 - 09:59,AM peak / school commute,True,False,True,True
1367181,Injury,Minor/Other Injury,2024,2024,November,Sunday,00:01 - 01:59,GREENWOOD,AVE,0,Right on the spot,MARION,ST,BANKSTOWN,7122.0,No,Not a school zone,X-intersection,-33.917649,151.02952,Canterbury-Bankstown,Sydney metro. area,Syd-Newc-Woll Gtr conurbation,Straight,,,,Unknown / not stated,Sealed,Dry,Fine,Darkness,On,No traffic controls,60 km/h,Regional,21,Right through,202,Opp - Right-thru,,Other angle,Car (sedan/hatch),4 wheel drive / SUV,2,0,0,0,1,11,November,Spring,Sunday,00:01 - 01:59,Late night / early morning,False,False,True,True
1367184,Injury,Minor/Other Injury,2024,2024,November,Saturday,16:00 - 17:59,PRINCES,HWY,0,Right on the spot,ROCKY POINT,RD,KOGARAH,1.0,Yes,No,T-junction,-33.968969,151.136161,Bayside,Sydney metro. area,Syd-Newc-Woll Gtr conurbation,Curved,,,,Unknown / not stated,Sealed,Dry,Overcast,Dusk,On,No traffic controls,60 km/h,State,20,Head on,201,Opp - Head on,,Head-on,Car (sedan/hatch),Car (sedan/hatch),2,0,0,0,1,11,November,Spring,Saturday,16:00 - 17:59,PM peak / evening commute,True,False,True,True
1367194,Injury,Moderate Injury,2024,2024,December,Friday,12:00 - 13:59,HENRY LAWSON,DR,800,North,SILLS,LANE,EURUNDEREE,,No,Not a school zone,2-way undivided,-32.490345,149.621541,Mid-Western Regional,Country non-urban,Rest of NSW - Rural,Curved,Embankment/cutting,,,Nil,Sealed,Dry,Fine,Daylight,Nil,No traffic controls,100 km/h,Local,80,Off left/right bend,801,Off cway right bend,Left,Rollover,Car (sedan/hatch),,1,0,0,1,0,12,December,Summer,Friday,12:00 - 13:59,Midday / afternoon,False,False,True,True
1367203,Injury,Moderate Injury,2024,2024,November,Sunday,16:00 - 17:59,ELDRIDGE,ST,0,Right on the spot,PURCHASE,RD,CHERRYBROOK,,No,Not a school zone,Roundabout,-33.71127,151.050022,Hornsby,Sydney metro. area,Syd-Newc-Woll Gtr conurbation,Curved,,,,Unknown / not stated,Sealed,Dry,Fine,Daylight,Nil,Give way sign,50 km/h,Local,83,Off rt/rt bnd=>obj,803,Off right bend into obj,Right,Vehicle - Object,Car (sedan/hatch),,1,0,0,1,0,11,November,Spring,Sunday,16:00 - 17:59,PM peak / evening commute,True,False,True,True
1367211,Injury,Moderate Injury,2024,2024,November,Wednesday,06:00 - 07:59,EXCELSIOR,AVE,0,Right on the spot,SAN GIORGIO,CCT,CASTLE HILL,,No,Not a school zone,T-junction,-33.742861,150.997813,The Hills,Sydney metro. area,Syd-Newc-Woll Gtr conurbation,Curved,,,,Unknown / not stated,Sealed,Dry,Fine,Dawn,Nil,No traffic controls,50 km/h,Local,21,Right through,202,Opp - Right-thru,,Other angle,4 wheel drive / SUV,Car (sedan/hatch),2,0,0,1,1,11,November,Spring,Wednesday,06:00 - 07:59,AM peak / school commute,True,False,True,True
1367216,Injury,Minor/Other Injury,2024,2024,October,Sunday,12:00 - 13:59,NORTH ROCKS,RD,0,Right on the spot,JENKINS,RD,CARLINGFORD,7144.0,No,Not a school zone,X-intersection,-33.767975,151.043402,Parramatta,Sydney metro. area,Syd-Newc-Woll Gtr conurbation,Straight,,,,Unknown / not stated,Sealed,Dry,Fine,Daylight,On,No traffic controls,60 km/h,Regional,21,Right through,202,Opp - Right-thru,,Other angle,Car (sedan/hatch),Car (sedan/hatch),2,0,0,0,1,10,October,Spring,Sunday,12:00 - 13:59,Midday / afternoon,False,False,True,True
1367250,Injury,Minor/Other Injury,2024,2024,November,Tuesday,04:00 - 05:59,SUNNYHOLT,RD,0,Right on the spot,VARDYS,RD,KINGS PARK,642.0,No,Not a school zone,X-intersection,-33.747673,150.916272,Blacktown,Sydney metro. area,Syd-Newc-Woll Gtr conurbation,Straight,,,,Unknown / not stated,Sealed,Dry,Fine,Dawn,On,No traffic controls,70 km/h,State,30,Rear end,301,Same - Rear end,,Rear end,Car (sedan/hatch),Car (sedan/hatch),2,0,0,0,1,11,November,Spring,Tuesday,04:00 - 05:59,Late night / early morning,False,False,True,True