crash_id,degree_of_crash,degree_of_crash_-_detailed,reporting_year,year_of_crash,month_of_crash,day_of_week_of_crash,two-hour_intervals,street_of_crash,street_type,distance,direction,identifying_feature,identifying_feature_type,town,route_no.,school_zone_location,school_zone_active,type_of_location,latitude,longitude,lga,urbanisation,conurbation_1,alignment,primary_permanent_feature,primary_temporary_feature,primary_hazardous_feature,street_lighting,road_surface,surface_condition,weather,natural_lighting,signals_operation,other_traffic_control,speed_limit,road_classification_(admin),rum_-_code,rum_-_description,dca_-_code,dca_-_description,dca_supplement,first_impact_type,key_tu_type,other_tu_type,no._of_traffic_units_involved,no._killed,no._seriously_injured,no._moderately_injured,no._minor-other_injured,month_num,month_label,season,day_label,time_label,time_band,is_peak_commute,is_fatal,is_injury,is_casualty
1367269,Injury,Minor/Other Injury,2024,2024,December,Sunday,04:00 - 05:59,NEWELL,HWY,0,Right on the spot,ELWIN,ST,NARRANDERA,17.0,No,Not a school zone,X-intersection,-34.741787,146.551484,Narrandera,Country urban,Rest of NSW - Urban,Straight,,,,Unknown / not stated,Sealed,Dry,Fine,Darkness,Nil,Give way sign,50 km/h,State,10,Cross traffic,101,Adj - Cross traffic,,Right angle,Car (sedan/hatch),Light truck utility(from 2018),2,0,0,0,1,12,December,Summer,Sunday,04:00 - 05:59,Late night / early morning,False,False,True,True
1367270,Injury,Minor/Other Injury,2024,2024,May,Friday,16:00 - 17:59,TERRANORA,RD,140,East,BALFOURS,RD,BUNGALORA,,No,Not a school zone,2-way undivided,-28.249188,153.480506,Tweed,Country urban,Rest of NSW - Urban,Curved,,,,Unknown / not stated,Sealed,Wet,Raining,Daylight,Nil,No traffic controls,80 km/h,Local,85,Off rt/lft bnd=>obj,804,Off left bend into obj,Right,Vehicle - Object,Motorcycle,,1,0,0,0,1,5,May,Autumn,Friday,16:00 - 17:59,PM peak / evening commute,True,False,True,True
1367277,Injury,Moderate Injury,2024,2024,November,Tuesday,10:00 - 11:59,WILLOUGHBY,RD,0,Right on the spot,GORMAN,ST,WILLOUGHBY,641.0,No,Not a school zone,T-junction,-33.808899,151.199496,Willoughby,Sydney metro. area,Syd-Newc-Woll Gtr conurbation,Straight,,,,Off,Sealed,Wet,Overcast,Daylight,Nil,No traffic controls,60 km/h,State,74,On road-out of cont.,705,Out of control on cway,,Rollover,Motorcycle,,1,0,0,1,0,11,November,Spring,Tuesday,10:00 - 11:59,Midday / afternoon,False,False,True,True
1367281,Injury,Moderate Injury,2024,2024,October,Sunday,10:00 - 11:59,PACIFIC,HWY,250,East,RUTTLEYS,RD,DOYALSON NORTH,10.0,No,Not a school zone,Divided road,-33.185712,151.540025,Central Coast,Country urban,Syd-Newc-Woll Gtr conurbation,Straight,Steep grade,,,Unknown / not stated,Sealed,Dry,Fine,Daylight,Nil,No traffic controls,80 km/h,State,30,Rear end,301,Same - Rear end,,Rear end,4 wheel drive / SUV,4 wheel drive / SUV,2,0,0,1,0,10,October,Spring,Sunday,10:00 - 11:59,Midday / afternoon,False,False,True,True
1367282,Injury,Moderate Injury,2024,2024,December,Saturday,18:00 - 19:59,BEAUCHAMP,RD,0,Right on the spot,RODMAN,AVE,MAROUBRA,,No,Not a school zone,T-junction,-33.953776,151.247034,Randwick,Sydney metro. area,Syd-Newc-Woll Gtr conurbation,Curved,,,,Nil,Sealed,Dry,Fine,Dusk,Nil,No traffic controls,50 km/h,Local,13,Right near,104,Adj - Right-thru from right,,Right angle,4 wheel drive / SUV,Motorcycle,2,0,0,1,1,12,December,Summer,Saturday,18:00 - 19:59,PM peak / evening commute,True,False,True,True
1367293,Injury,Moderate Injury,2024,2024,October,Monday,16:00 - 17:59,QUEENS,RD,0,Right on the spot,PARK,RD,HURSTVILLE,168.0,No,Not a school zone,X-intersection,-33.963361,151.103048,Georges River,Sydney metro. area,Syd-Newc-Woll Gtr conurbation,Straight,,,,Off,Sealed,Dry,Fine,Daylight,On,No traffic controls,60 km/h,State,21,Right through,202,Opp - Right-thru,,Other angle,4 wheel drive / SUV,Car (sedan/hatch),3,0,0,1,0,10,October,Spring,Monday,16:00 - 17:59,PM peak / evening commute,True,False,True,True
1367298,Injury,Minor/Other Injury,2024,2024,December,Wednesday,16:00 - 17:59,THE ESPLANADE,MS,0,Right on the spot,HOWARD,ST,WARNERS BAY,527.0,No,Not a school zone,T-junction,-32.976555,151.644832,Lake Macquarie,Newcastle met. area,Syd-Newc-Woll Gtr conurbation,Straight,,,,Unknown / not stated,Sealed,Dry,Fine,Daylight,Nil,Give way sign,60 km/h,State,30,Rear end,301,Same - Rear end,,Rear end,Light truck utility(from 2018),Car (sedan/hatch),2,0,0,0,1,12,December,Summer,Wednesday,16:00 - 17:59,PM peak / evening commute,True,False,True,True
1367307,Injury,Moderate Injury,2024,2024,October,Thursday,18:00 - 19:59,EARLWOOD,AVE,0,Right on the spot,KITCHENER,AVE,EARLWOOD,,No,Not a school zone,X-intersection,-33.923088,151.125827,Canterbury-Bankstown,Sydney metro. area,Syd-Newc-Woll Gtr conurbation,Straight,,,,Unknown / not stated,Sealed,Dry,Fine,Darkness,Nil,Stop sign,50 km/h,Local,10,Cross traffic,101,Adj - Cross traffic,,Right angle,Car (sedan/hatch),4 wheel drive / SUV,3,0,0,1,0,10,October,Spring,Thursday,18:00 - 19:59,PM peak / evening commute,True,False,True,True
1367310,Injury,Moderate Injury,2024,2024,December,Tuesday,08:00 - 09:59,WESTERN,EXP,100,West,BERESFORD ROAD,OP,GREYSTANES,6004.0,No,Not a school zone,Dual freeway,-33.811119,150.941032,Cumberland,Sydney metro. area,Syd-Newc-Woll Gtr conurbation,Straight,,,,Unknown / not stated,Sealed,Dry,Overcast,Daylight,Nil,No traffic controls,100 km/h,State,30,Rear end,301,Same - Rear end,,Rear end,4 wheel drive / SUV,4 wheel drive / SUV,4,0,0,1,0,12,December,Summer,Tuesday,08:00 - 09:59,AM peak / school commute,True,False,True,True
1367312,Injury,Minor/Other Injury,2024,2024,November,Monday,06:00 - 07:59,WATTLE,ST,10,West,NUMBER 66,HN,HABERFIELD,650.0,No,Not a school zone,Divided road,-33.87446,151.135206,Inner West,Sydney metro. area,Syd-Newc-Woll Gtr conurbation,Straight,,,,Unknown / not stated,Sealed,Wet,Raining,Dawn,Nil,No traffic controls,60 km/h,State,30,Rear end,301,Same - Rear end,,Rear end,Light truck,Light truck,2,0,0,0,1,11,November,Spring,Monday,06:00 - 07:59,AM peak / school commute,True,False,True,True
1367318,Injury,Minor/Other Injury,2024,2024,October,Saturday,12:00 - 13:59,FIVE ISLANDS,RD,63,East,PRINCES,HWY,UNANDERRA,295.0,No,Not a school zone,Divided road,-34.450169,150.849789,Wollongong,Wollongong met. area,Syd-Newc-Woll Gtr conurbation,Straight,,,,Unknown / not stated,Sealed,Dry,Fine,Daylight,Nil,No traffic controls,60 km/h,State,30,Rear end,301,Same - Rear end,,Rear end,4 wheel drive / SUV,4 wheel drive / SUV,2,0,0,0,1,10,October,Spring,Saturday,12:00 - 13:59,Midday / afternoon,False,False,True,True
1367324,Injury,Moderate Injury,2024,2024,November,Friday,10:00 - 11:59,TWEED VALLEY,WAY,0,Right on the spot,NUMBER 8750,HN,TUMBULGUM,679.0,No,Not a school zone,2-way undivided,-28.272656,153.469448,Tweed,Country urban,Rest of NSW - Urban,Curved,Driveway/entrance,,,Unknown / not stated,Sealed,Dry,Fine,Daylight,Nil,No traffic controls,80 km/h,Regional,21,Right through,202,Opp - Right-thru,,Other angle,Car (sedan/hatch),4 wheel drive / SUV,2,0,0,1,0,11,November,Spring,Friday,10:00 - 11:59,Midday / afternoon,False,False,True,True
1367336,Injury,Moderate Injury,2024,2024,December,Wednesday,10:00 - 11:59,HUME,HWY,100,South,NARELLAN ROAD,OP,CAMPBELLTOWN,2.0,No,Not a school zone,Dual freeway,-34.062707,150.784565,Campbelltown,Sydney metro. area,Syd-Newc-Woll Gtr conurbation,Straight,,,,Unknown / not stated,Sealed,Dry,Fine,Daylight,Nil,No traffic controls,110 km/h,State,71,Off rd left => obj,703,Left off cway into object,,Vehicle - Object,Light truck utility(from 2018),,1,0,0,1,0,12,December,Summer,Wednesday,10:00 - 11:59,Midday / afternoon,False,False,True,True
1367373,Injury,Minor/Other Injury,2024,2024,October,Friday,18:00 - 19:59,OLD NORTHERN,RD,0,Right on the spot,NUMBER 316,HO,CASTLE HILL,160.0,Yes,No,2-way undivided,-33.731838,151.013844,The Hills,Sydney metro. area,Syd-Newc-Woll Gtr conurbation,Curved,,,,Unknown / not stated,Sealed,Dry,Fine,Dusk,Nil,No traffic controls,60 km/h,State,30,Rear end,301,Same - Rear end,,Rear end,4 wheel drive / SUV,Car (sedan/hatch),2,0,0,0,1,10,October,Spring,Friday,18:00 - 19:59,PM peak / evening commute,True,False,True,True
1367380,Injury,Moderate Injury,2024,2024,December,Monday,16:00 - 17:59,NEW ENGLAND,HWY,0,Right on the spot,HILL,ST,MUSWELLBROOK,9.0,No,Not a school zone,X-intersection,-32.261259,150.889251,Muswellbrook,Country urban,Rest of NSW - Urban,Straight,,,,Nil,Sealed,Dry,Fine,Daylight,Nil,Give way sign,50 km/h,State,13,Right near,104,Adj - Right-thru from right,,Right angle,Car (sedan/hatch),Car (sedan/hatch),2,0,0,1,0,12,December,Summer,Monday,16:00 - 17:59,PM peak / evening commute,True,False,True,True
1367394,Injury,Moderate Injury,2024,2024,December,Thursday,08:00 - 09:59,TWEED COAST,RD,300,South,CUDGEN,RD,CUDGEN,450.0,No,Not a school zone,2-way undivided,-28.268343,153.561228,Tweed,Country urban,Rest of NSW - Urban,Straight,,,,Unknown / not stated,Sealed,Dry,Fine,Daylight,Nil,No traffic controls,80 km/h,Regional,40,U turn,304,Same - U-turn,,Other angle,4 wheel drive / SUV,Car (sedan/hatch),2,0,0,1,0,12,December,Summer,Thursday,08:00 - 09:59,AM peak / school commute,True,False,True,True
1367399,Injury,Minor/Other Injury,2024,2024,September,Thursday,08:00 - 09:59,WESTERN,EXP,100,West,GREAT WESTERN HIGHWAY,TO,HOLROYD,6004.0,No,Not a school zone,Dual freeway,-33.827819,150.999625,Parramatta,Sydney metro. area,Syd-Newc-Woll Gtr conurbation,Straight,,,,Unknown / not stated,Sealed,Dry,Fine,Daylight,Nil,No traffic controls,90 km/h,State,34,Lane change right,306,Same - Lane change right,,Other angle,Car (sedan/hatch),Car (sedan/hatch),2,0,0,0,1,9,September,Spring,Thursday,08:00 - 09:59,AM peak / school commute,True,False,True,True
1367401,Injury,Minor/Other Injury,2024,2024,September,Thursday,14:00 - 15:59,HENRY LAWSON,DR,0,Right on the spot,POZIERES,AVE,MILPERRA,508.0,No,Not a school zone,T-junction,-33.941745,150.983014,Canterbury-Bankstown,Sydney metro. area,Syd-Newc-Woll Gtr conurbation,Straight,,,,Unknown / not stated,Sealed,Dry,Fine,Daylight,On,No traffic controls,60 km/h,State,30,Rear end,301,Same - Rear end,,Rear end,Car (sedan/hatch),Light truck,2,0,0,0,1,9,September,Spring,Thursday,14:00 - 15:59,Midday / afternoon,False,False,True,True
1367404,Injury,Minor/Other Injury,2024,2024,November,Thursday,12:00 - 13:59,PRINCES,HWY,0,Right on the spot,MOSS,ST,NOWRA,1.0,No,Not a school zone,X-intersection,-34.872224,150.605745,Shoalhaven,Country urban,Rest of NSW - Urban,Straight,,,,Unknown / not stated,Sealed,Dry,Fine,Daylight,On,No traffic controls,70 km/h,State,39,Other same direction,300,Same - other,,Other angle,Light truck utility(from 2018),Station wagon,2,0,0,0,1,11,November,Spring,Thursday,12:00 - 13:59,Midday / afternoon,False,False,True,True
1367410,Injury,Minor/Other Injury,2024,2024,December,Friday,14:00 - 15:59,MILLER,RD,15,South,GURNEY,RD,CHESTER HILL,,No,Not a school zone,2-way undivided,-33.872081,150.99311,Canterbury-Bankstown,Sydney metro. area,Syd-Newc-Woll Gtr conurbation,Straight,,,,Unknown / not stated,Sealed,Dry,Fine,Daylight,Nil,No traffic controls,50 km/h,Local,44,Parking vehicles,403,Manov - Parking-parked vehicle,,Other angle,4 wheel drive / SUV,Car (sedan/hatch),2,0,0,0,1,12,December,Summer,Friday,14:00 - 15:59,Midday / afternoon,False,False,True,True
1367433,Injury,Minor/Other Injury,2024,2024,November,Wednesday,12:00 - 13:59,DUNMORE,ST,50,East,STATION,ST,WENTWORTHVILLE,,No,Not a school zone,2-way undivided,-33.808032,150.972631,Cumberland,Sydney metro. area,Syd-Newc-Woll Gtr conurbation,Straight,,,,Unknown / not stated,Sealed,Dry,Fine,Daylight,Nil,No traffic controls,40 km/h,Local,30,Rear end,301,Same - Rear end,,Rear end,Light truck,4 wheel drive / SUV,2,0,0,0,1,11,November,Spring,Wednesday,12:00 - 13:59,Midday / afternoon,False,False,True,True
1367438,Injury,Minor/Other Injury,2024,2024,December,Wednesday,16:00 - 17:59,SYDNEY,RD,0,Right on the spot,WANGANELLA,ST,BALGOWLAH,159.0,Yes,No,X-intersection,-33.794571,151.257957,Northern Beaches,Sydney metro. area,Syd-Newc-Woll Gtr conurbation,Straight,,,,Unknown / not stated,Sealed,Dry,Fine,Daylight,On,No traffic controls,60 km/h,State,30,Rear end,301,Same - Rear end,,Rear end,Light truck utility(from 2018),Car (sedan/hatch),2,0,0,0,1,12,December,Summer,Wednesday,16:00 - 17:59,PM peak / evening commute,True,False,True,True
1367441,Injury,Minor/Other Injury,2024,2024,November,Thursday,12:00 - 13:59,PRINCES,HWY,0,Right on the spot,BOURKE,ST,WOLLONGONG,1.0,No,Not a school zone,T-junction,-34.414002,150.892825,Wollongong,Wollongong met. area,Syd-Newc-Woll Gtr conurbation,Straight,,,,Unknown / not stated,Sealed,Wet,Raining,Daylight,On,Ped crossing,60 km/h,State,30,Rear end,301,Same - Rear end,,Rear end,Light truck utility(from 2018),Car (sedan/hatch),2,0,0,0,1,11,November,Spring,Thursday,12:00 - 13:59,Midday / afternoon,False,False,True,True
1367450,Injury,Serious Injury,2024,2024,November,Friday,18:00 - 19:59,CAMDEN VALLEY,WAY,250,West,SOMERSET,AVE,NARELLAN,178.0,No,Not a school zone,Divided road,-34.040491,150.73594,Camden,Sydney metro. area,Syd-Newc-Woll Gtr conurbation,Straight,,,,Unknown / not stated,Sealed,Dry,Fine,Dusk,Nil,No traffic controls,60 km/h,State,73,Off rd rght => obj,704,Right off cway into obj,,Vehicle - Object,4 wheel drive / SUV,,1,0,1,0,0,11,November,Spring,Friday,18:00 - 19:59,PM peak / evening commute,True,False,True,True
1367452,Injury,Minor/Other Injury,2024,2024,November,Saturday,10:00 - 11:59,THE NORTHERN,RD,0,Right on the spot,BRADLEY,ST,ORCHARD HILLS,154.0,No,Not a school zone,T-junction,-33.8053,150.696183,Penrith,Sydney metro. area,Syd-Newc-Woll Gtr conurbation,Straight,,,,Unknown / not stated,Sealed,Wet,Raining,Daylight,On,No traffic controls,80 km/h,State,31,Left rear,302,Same - Rear left,,Rear end,Light truck utility(from 2018),Car (sedan/hatch),2,0,0,0,1,11,November,Spring,Saturday,10:00 - 11:59,Midday / afternoon,False,False,True,True
1367461,Injury,Minor/Other Injury,2024,2024,November,Tuesday,18:00 - 19:59,GREAT WESTERN,HWY,0,Right on the spot,NUMBER 12,HN,SUMMER HILL,5.0,No,Not a school zone,Divided road,-33.888601,151.143086,Inner West,Sydney metro. area,Syd-Newc-Woll Gtr conurbation,Straight,,,,Unknown / not stated,Sealed,Dry,Fine,Dusk,Nil,No traffic controls,60 km/h,State,35,Lane change left,307,Same - Lane change left,,Other angle,Light truck,Car (sedan/hatch),2,0,0,0,1,11,November,Spring,Tuesday,18:00 - 19:59,PM peak / evening commute,True,False,True,True
1367465,Injury,Moderate Injury,2024,2024,December,Wednesday,08:00 - 09:59,LACHLAN VALLEY,WAY,0,Right on the spot,WALLS JUNCTION,RD,BOWNING,56.0,No,Not a school zone,T-junction,-34.747787,148.849082,Yass Valley,Country non-urban,Rest of NSW - Rural,Straight,,,,Unknown / not stated,Sealed,Dry,Fine,Daylight,Nil,Give way sign,100 km/h,State,11,Right far,102,Adj - Right-thru from left,,Right angle,Station wagon,Light truck utility(from 2018),2,0,0,1,0,12,December,Summer,Wednesday,08:00 - 09:59,AM peak / school commute,True,False,True,True
1367467,Injury,Serious Injury,2024,2024,October,Monday,08:00 - 09:59,COCKETGEDONG,RD,2000,East,COLOMBO,RD,URANA,59.0,No,Not a school zone,2-way undivided,-35.278887,145.978414,Federation,Country non-urban,Rest of NSW - Rural,Straight,Ditch/drain/culvert,,,Unknown / not stated,Sealed,Dry,Fine,Daylight,Nil,No traffic controls,100 km/h,Regional,72,Off road to right,702,Off carriageway to right,,Rollover,Large rigid,,1,0,1,0,0,10,October,Spring,Monday,08:00 - 09:59,AM peak / school commute,True,False,True,True
1367477,Injury,Moderate Injury,2024,2024,November,Friday,10:00 - 11:59,PRINCES,HWY,1000,North,MYSTERY BAY,RD,CORUNNA,1.0,No,Not a school zone,2-way undivided,-36.284902,150.123703,Eurobodalla,Country non-urban,Rest of NSW - Rural,Straight,,,,Unknown / not stated,Sealed,Dry,Fine,Daylight,Nil,No traffic controls,100 km/h,State,67,Struck animal,609,On path - Hit animal,,Vehicle - Animal,Car (sedan/hatch),,1,0,0,1,0,11,November,Spring,Friday,10:00 - 11:59,Midday / afternoon,False,False,True,True
1367478,Injury,Minor/Other Injury,2024,2024,November,Thursday,10:00 - 11:59,MOUNT,ST,0,Right on the spot,TUMUT,ST,SOUTH GUNDAGAI,,No,Not a school zone,T-junction,-35.074664,148.104269,Cootamundra-Gundagai,Country urban,Rest of NSW - Urban,Straight,,,,Unknown / not stated,Sealed,Dry,Fine,Daylight,Nil,No traffic controls,50 km/h,Local,73,Off rd rght => obj,704,Right off cway into obj,,Vehicle - Object,Motorcycle,,1,0,0,0,1,11,November,Spring,Thursday,10:00 - 11:59,Midday / afternoon,False,False,True,True
1367479,Injury,Minor/Other Injury,2024,2024,October,Friday,12:00 - 13:59,TONGARRA,RD,0,Right on the spot,SOUTHERN,EXP,ALBION PARK,262.0,No,Not a school zone,T-junction,-34.570177,150.781638,Shellharbour,Wollongong met. area,Syd-Newc-Woll Gtr conurbation,Straight,,,,Unknown / not stated,Sealed,Dry,Fine,Daylight,On,No traffic controls,60 km/h,State,33,Lane sideswipe,305,Same - Lane side swipe,,Other angle,Car (sedan/hatch),4 wheel drive / SUV,2,0,0,0,1,10,October,Spring,Friday,12:00 - 13:59,Midday / afternoon,False,False,True,True
1367480,Injury,Minor/Other Injury,2024,2024,October,Monday,10:00 - 11:59,M2 HILLS,EXP,2000,West,CUMBERLAND HIGHWAY,OP,NORTH ROCKS,6002.0,No,Not a school zone,Dual freeway,-33.764565,151.028837,The Hills,Sydney metro. area,Syd-Newc-Woll Gtr conurbation,Curved,,,,Unknown / not stated,Sealed,Dry,Fine,Daylight,Nil,No traffic controls,100 km/h,State,35,Lane change left,307,Same - Lane change left,,Other angle,Semi-trailer,Unknown motor vehicle,2,0,0,0,1,10,October,Spring,Monday,10:00 - 11:59,Midday / afternoon,False,False,True,True
1367485,Injury,Minor/Other Injury,2024,2024,December,Monday,08:00 - 09:59,PRINCES,HWY,0,Right on the spot,TOWNSON,ST,BLAKEHURST,1.0,No,Not a school zone,T-junction,-33.996565,151.11652,Georges River,Sydney metro. area,Syd-Newc-Woll Gtr conurbation,Straight,,,,Unknown / not stated,Sealed,Dry,Fine,Daylight,Nil,Give way sign,70 km/h,State,16,Left near,107,Adj - Left-thru from right,,Right angle,Car (sedan/hatch),4 wheel drive / SUV,2,0,0,0,1,12,December,Summer,Monday,08:00 - 09:59,AM peak / school commute,True,False,True,True
1367486,Injury,Minor/Other Injury,2024,2024,December,Friday,18:00 - 19:59,FIRST,AVE,0,Right on the spot,NOBLE,ST,ALLAWAH,,No,Not a school zone,X-intersection,-33.969984,151.111744,Georges River,Sydney metro. area,Syd-Newc-Woll Gtr conurbation,Straight,,,,Unknown / not stated,Sealed,Dry,Fine,Dusk,Nil,Stop sign,50 km/h,Local,10,Cross traffic,101,Adj - Cross traffic,,Right angle,Car (sedan/hatch),4 wheel drive / SUV,2,0,0,0,1,12,December,Summer,Friday,18:00 - 19:59,PM peak / evening commute,True,False,True,True
1367488,Injury,Minor/Other Injury,2024,2024,October,Wednesday,14:00 - 15:59,KILDARE,RD,0,Right on the spot,NUMBER 143,HN,BLACKTOWN,,No,Not a school zone,2-way undivided,-33.76869,150.891593,Blacktown,Sydney metro. area,Syd-Newc-Woll Gtr conurbation,Straight,Driveway/entrance,,,Unknown / not stated,Sealed,Dry,Fine,Daylight,Nil,No traffic controls,50 km/h,Local,21,Right through,202,Opp - Right-thru,,Other angle,Car (sedan/hatch),Car (sedan/hatch),2,0,0,0,1,10,October,Spring,Wednesday,14:00 - 15:59,Midday / afternoon,False,False,True,True
1367505,Injury,Minor/Other Injury,2024,2024,October,Sunday,12:00 - 13:59,BRENAN,ST,10,East,GRANVILLE,ST,SMITHFIELD,,No,Not a school zone,Roundabout,-33.859943,150.94794,Fairfield,Sydney metro. area,Syd-Newc-Woll Gtr conurbation,Straight,,,,Unknown / not stated,Sealed,Dry,Fine,Daylight,Nil,Give way sign,50 km/h,Local,30,Rear end,301,Same - Rear end,,Rear end,Light truck utility(from 2018),Car (sedan/hatch),3,0,0,0,1,10,October,Spring,Sunday,12:00 - 13:59,Midday / afternoon,False,False,True,True
1367515,Injury,Serious Injury,2024,2024,October,Saturday,04:00 - 05:59,HUME,HWY,1000,South,CAMDEN VALLEY WAY,OP,EDMONDSON PARK,2.0,No,Not a school zone,Dual freeway,-33.965815,150.874736,Liverpool,Sydney metro. area,Syd-Newc-Woll Gtr conurbation,Straight,,,,Unknown / not stated,Sealed,Dry,Fine,Dawn,Nil,No traffic controls,100 km/h,State,30,Rear end,301,Same - Rear end,,Rear end,4 wheel drive / SUV,Station wagon,2,0,1,0,0,10,October,Spring,Saturday,04:00 - 05:59,Late night / early morning,False,False,True,True
1367520,Injury,Minor/Other Injury,2024,2024,October,Wednesday,08:00 - 09:59,CHRISTIE,ST,0,Right on the spot,NUMBER 55,HN,ST MARYS,7485.0,No,Not a school zone,2-way undivided,-33.747411,150.768402,Penrith,Sydney metro. area,Syd-Newc-Woll Gtr conurbation,Straight,,,,Unknown / not stated,Sealed,Dry,Fine,Daylight,Nil,No traffic controls,60 km/h,Regional,30,Rear end,301,Same - Rear end,,Rear end,Station wagon,4 wheel drive / SUV,2,0,0,0,1,10,October,Spring,Wednesday,08:00 - 09:59,AM peak / school commute,True,False,True,True
1367521,Injury,Minor/Other Injury,2024,2024,June,Wednesday,02:00 - 03:59,WESTERN,EXP,999999,Unknown/not stated,UNKNOWN,UK,HARRIS PARK,6004.0,No,Not a school zone,Dual freeway,-33.826946,151.010013,Parramatta,Sydney metro. area,Syd-Newc-Woll Gtr conurbation,Straight,Other bridge,,,Unknown / not stated,Sealed,Dry,Fine,Darkness,Nil,No traffic controls,90 km/h,State,35,Lane change left,307,Same - Lane change left,,Other angle,Car (sedan/hatch),B-double (road train prior 98),2,0,0,0,1,6,June,Winter,Wednesday,02:00 - 03:59,Late night / early morning,False,False,True,True
1367525,Injury,Serious Injury,2024,2024,November,Monday,16:00 - 17:59,DELASALA,DR,10,North,KENLEY,CRES,MACQUARIE HILLS,,No,Not a school zone,T-junction,-32.946837,151.648005,Lake Macquarie,Newcastle met. area,Syd-Newc-Woll Gtr conurbation,Straight,,,,Unknown / not stated,Sealed,Dry,Fine,Dusk,Nil,No traffic controls,50 km/h,Local,74,On road-out of cont.,705,Out of control on cway,,Rollover,Motorcycle,,1,0,1,0,0,11,November,Spring,Monday,16:00 - 17:59,PM peak / evening commute,True,False,True,True
1367531,Injury,Minor/Other Injury,2024,2024,July,Wednesday,06:00 - 07:59,WESTERN,EXP,1000,West,PROSPECT HIGHWAY,OP,PROSPECT,6004.0,No,Not a school zone,Dual freeway,-33.804045,150.905105,Blacktown,Sydney metro. area,Syd-Newc-Woll Gtr conurbation,Straight,,,,Unknown / not stated,Sealed,Dry,Fine,Dawn,Nil,No traffic controls,100 km/h,State,30,Rear end,301,Same - Rear end,,Rear end,Light truck utility(from 2018),Light truck,2,0,0,0,1,7,July,Winter,Wednesday,06:00 - 07:59,AM peak / school commute,True,False,True,True
1367533,Injury,Moderate Injury,2024,2024,November,Saturday,12:00 - 13:59,PATERSON,RD,0,Right on the spot,NUMBER 257,HN,BOLWARRA HEIGHTS,,No,Not a school zone,2-way undivided,-32.698983,151.590868,Maitland,Country urban,Rest of NSW - Urban,Straight,,,,Unknown / not stated,Sealed,Dry,Fine,Daylight,Nil,No traffic controls,60 km/h,Local,74,On road-out of cont.,705,Out of control on cway,,Rollover,Motorcycle,,1,0,0,1,0,11,November,Spring,Saturday,12:00 - 13:59,Midday / afternoon,False,False,True,True
1367541,Injury,Minor/Other Injury,2024,2024,December,Tuesday,16:00 - 17:59,REDLEAF,AVE,0,Right on the spot,WOODVILLE,AVE,WAHROONGA,,No,Not a school zone,T-junction,-33.719168,151.11731,Ku-ring-gai,Sydney metro. area,Syd-Newc-Woll Gtr conurbation,Straight,,,,Unknown / not stated,Sealed,Dry,Fine,Daylight,Nil,No traffic controls,50 km/h,Local,20,Head on,201,Opp - Head on,,Head-on,Car (sedan/hatch),4 wheel drive / SUV,2,0,0,0,1,12,December,Summer,Tuesday,16:00 - 17:59,PM peak / evening commute,True,False,True,True
1367543,Injury,Minor/Other Injury,2024,2024,November,Friday,16:00 - 17:59,HOPE,ST,0,Right on the spot,NUMBER 16,HN,ROSEHILL,,No,Not a school zone,2-way undivided,-33.821171,151.020513,Parramatta,Sydney metro. area,Syd-Newc-Woll Gtr conurbation,Straight,,,,Unknown / not stated,Sealed,Dry,Fine,Daylight,Nil,No traffic controls,50 km/h,Local,71,Off rd left => obj,703,Left off cway into object,,Other angle,Car (sedan/hatch),Car (sedan/hatch),3,0,0,0,1,11,November,Spring,Friday,16:00 - 17:59,PM peak / evening commute,True,False,True,True
1367549,Injury,Minor/Other Injury,2024,2024,November,Thursday,12:00 - 13:59,GREAT WESTERN,HWY,0,Right on the spot,M7 WESTLINK EXPRESSWAY,TO,EASTERN CREEK,5.0,No,Not a school zone,Divided road,-33.788994,150.855356,Blacktown,Sydney metro. area,Syd-Newc-Woll Gtr conurbation,Straight,,,,Unknown / not stated,Sealed,Dry,Overcast,Daylight,Nil,No traffic controls,80 km/h,State,30,Rear end,301,Same - Rear end,,Rear end,Car (sedan/hatch),Car (sedan/hatch),2,0,0,0,1,11,November,Spring,Thursday,12:00 - 13:59,Midday / afternoon,False,False,True,True
1367556,Injury,Minor/Other Injury,2024,2024,November,Tuesday,12:00 - 13:59,CAMDEN VALLEY,WAY,10,East,COGHILL,ST,NARELLAN,178.0,Yes,No,T-junction,-34.041112,150.733585,Camden,Sydney metro. area,Syd-Newc-Woll Gtr conurbation,Straight,,,,Unknown / not stated,Sealed,Dry,Fine,Daylight,Nil,No traffic controls,60 km/h,Regional,30,Rear end,301,Same - Rear end,,Rear end,Car (sedan/hatch),Light truck utility(from 2018),2,0,0,0,1,11,November,Spring,Tuesday,12:00 - 13:59,Midday / afternoon,False,False,True,True
1367559,Injury,Minor/Other Injury,2024,2024,November,Friday,16:00 - 17:59,ROCKY POINT,RD,0,Right on the spot,SHAW,ST,KOGARAH,199.0,No,Not a school zone,T-junction,-33.971967,151.136356,Georges River,Sydney metro. area,Syd-Newc-Woll Gtr conurbation,Straight,,,,Unknown / not stated,Sealed,Dry,Fine,Daylight,Nil,Give way sign,60 km/h,State,21,Right through,202,Opp - Right-thru,,Other angle,Light truck,Car (sedan/hatch),2,0,0,0,1,11,November,Spring,Friday,16:00 - 17:59,PM peak / evening commute,True,False,True,True