crash_id,degree_of_crash,degree_of_crash_-_detailed,reporting_year,year_of_crash,month_of_crash,day_of_week_of_crash,two-hour_intervals,street_of_crash,street_type,distance,direction,identifying_feature,identifying_feature_type,town,route_no.,school_zone_location,school_zone_active,type_of_location,latitude,longitude,lga,urbanisation,conurbation_1,alignment,primary_permanent_feature,primary_temporary_feature,primary_hazardous_feature,street_lighting,road_surface,surface_condition,weather,natural_lighting,signals_operation,other_traffic_control,speed_limit,road_classification_(admin),rum_-_code,rum_-_description,dca_-_code,dca_-_description,dca_supplement,first_impact_type,key_tu_type,other_tu_type,no._of_traffic_units_involved,no._killed,no._seriously_injured,no._moderately_injured,no._minor-other_injured,month_num,month_label,season,day_label,time_label,time_band,is_peak_commute,is_fatal,is_injury,is_casualty
1367565,Injury,Moderate Injury,2024,2024,November,Tuesday,14:00 - 15:59,PRINCES,HWY,0,Right on the spot,ENGADINE,AVE,ENGADINE,1.0,No,Not a school zone,T-junction,-34.069812,151.012939,Sutherland,Sydney metro. area,Syd-Newc-Woll Gtr conurbation,Straight,,,,Unknown / not stated,Sealed,Dry,Fine,Daylight,Nil,No traffic controls,70 km/h,State,16,Left near,107,Adj - Left-thru from right,,Right angle,Other bus,Car (sedan/hatch),4,0,0,2,0,11,November,Spring,Tuesday,14:00 - 15:59,Midday / afternoon,False,False,True,True
1367567,Injury,Moderate Injury,2024,2024,October,Sunday,16:00 - 17:59,NEW ENGLAND,HWY,0,Right on the spot,HOWARDS,RD,WILLOW TREE,9.0,No,Not a school zone,T-junction,-31.619322,150.767318,Liverpool Plains,Country non-urban,Rest of NSW - Rural,Curved,,,,Unknown / not stated,Sealed,Dry,Fine,Daylight,Nil,No traffic controls,100 km/h,State,85,Off rt/lft bnd=>obj,804,Off left bend into obj,Right,Vehicle - Object,Car (sedan/hatch),,1,0,0,1,0,10,October,Spring,Sunday,16:00 - 17:59,PM peak / evening commute,True,False,True,True
1367569,Injury,Moderate Injury,2024,2024,November,Sunday,08:00 - 09:59,NEW LINE,RD,0,Right on the spot,NUMBER 174,HN,CHERRYBROOK,656.0,No,Not a school zone,Divided road,-33.722505,151.035715,Hornsby,Sydney metro. area,Syd-Newc-Woll Gtr conurbation,Straight,,,,Unknown / not stated,Sealed,Dry,Fine,Daylight,Nil,No traffic controls,60 km/h,State,20,Head on,201,Opp - Head on,,Head-on,Car (sedan/hatch),4 wheel drive / SUV,2,0,0,1,0,11,November,Spring,Sunday,08:00 - 09:59,AM peak / school commute,True,False,True,True
1367573,Injury,Moderate Injury,2024,2024,November,Friday,16:00 - 17:59,HENRY PARRY,DR,0,Right on the spot,DWYER,ST,NORTH GOSFORD,673.0,No,Not a school zone,Roundabout,-33.415796,151.349064,Central Coast,Country urban,Syd-Newc-Woll Gtr conurbation,Curved,,,,Unknown / not stated,Sealed,Wet,Raining,Daylight,Nil,Give way sign,60 km/h,State,10,Cross traffic,101,Adj - Cross traffic,,Right angle,Car (sedan/hatch),4 wheel drive / SUV,2,0,0,1,0,11,November,Spring,Friday,16:00 - 17:59,PM peak / evening commute,True,False,True,True
1367577,Injury,Moderate Injury,2024,2024,September,Wednesday,06:00 - 07:59,CHRISTIE,ST,0,Right on the spot,NAPOLEON,ST,RAGLAN,,No,Not a school zone,T-junction,-33.424318,149.644109,Bathurst Regional,Country urban,Rest of NSW - Urban,Straight,,,,Unknown / not stated,Sealed,Dry,Fine,Dawn,Nil,No traffic controls,50 km/h,Local,11,Right far,102,Adj - Right-thru from left,,Right angle,Light truck utility(from 2018),Car (sedan/hatch),2,0,0,1,0,9,September,Spring,Wednesday,06:00 - 07:59,AM peak / school commute,True,False,True,True
1367579,Injury,Serious Injury,2024,2024,December,Saturday,10:00 - 11:59,MACQUARIE,ST,0,Right on the spot,CAMPBELL,ST,SOUTH WINDSOR,154.0,No,Not a school zone,X-intersection,-33.619207,150.807343,Hawkesbury,Country urban,Syd-Newc-Woll Gtr conurbation,Straight,,,,Unknown / not stated,Sealed,Dry,Fine,Daylight,Nil,Give way sign,60 km/h,State,10,Cross traffic,101,Adj - Cross traffic,,Right angle,Light truck utility(from 2018),Car (sedan/hatch),2,0,1,1,0,12,December,Summer,Saturday,10:00 - 11:59,Midday / afternoon,False,False,True,True
1367583,Injury,Minor/Other Injury,2024,2024,November,Friday,22:00 - Midnight,BURWOOD,RD,0,Right on the spot,LEYLANDS,PDE,BELMORE,7047.0,No,Not a school zone,X-intersection,-33.919678,151.089616,Canterbury-Bankstown,Sydney metro. area,Syd-Newc-Woll Gtr conurbation,Straight,,,,Unknown / not stated,Sealed,Wet,Raining,Darkness,On,No traffic controls,40 km/h,Regional,30,Rear end,301,Same - Rear end,,Rear end,Car (sedan/hatch),4 wheel drive / SUV,2,0,0,0,1,11,November,Spring,Friday,22:00 - Midnight,Evening / night,False,False,True,True
1367594,Injury,Minor/Other Injury,2024,2024,December,Monday,14:00 - 15:59,NEWCASTLE,RD,0,Right on the spot,VICTORY,PDE,WALLSEND,82.0,No,Not a school zone,X-intersection,-32.904417,151.68687,Newcastle,Newcastle met. area,Syd-Newc-Woll Gtr conurbation,Straight,,,,Unknown / not stated,Sealed,Dry,Fine,Daylight,On,No traffic controls,60 km/h,State,30,Rear end,301,Same - Rear end,,Rear end,4 wheel drive / SUV,Unknown motor vehicle,3,0,0,0,1,12,December,Summer,Monday,14:00 - 15:59,Midday / afternoon,False,False,True,True
1367600,Injury,Minor/Other Injury,2024,2024,November,Thursday,16:00 - 17:59,GORE HILL,EXP,100,North,WILLOUGHBY ROAD,OP,NAREMBURN,651.0,No,Not a school zone,Dual freeway,-33.816376,151.201034,Willoughby,Sydney metro. area,Syd-Newc-Woll Gtr conurbation,Straight,,,,Unknown / not stated,Sealed,Dry,Fine,Dusk,Nil,No traffic controls,80 km/h,State,30,Rear end,301,Same - Rear end,,Rear end,4 wheel drive / SUV,4 wheel drive / SUV,3,0,0,0,1,11,November,Spring,Thursday,16:00 - 17:59,PM peak / evening commute,True,False,True,True
1367606,Injury,Minor/Other Injury,2024,2024,December,Sunday,20:00 - 21:59,MONA VALE,RD,0,Right on the spot,WOODLANDS,AVE,PYMBLE,162.0,No,Not a school zone,T-junction,-33.742886,151.150683,Ku-ring-gai,Sydney metro. area,Syd-Newc-Woll Gtr conurbation,Straight,,,,Unknown / not stated,Sealed,Dry,Fine,Darkness,Nil,No traffic controls,70 km/h,State,21,Right through,202,Opp - Right-thru,,Other angle,Car (sedan/hatch),Light truck utility(from 2018),2,0,0,0,1,12,December,Summer,Sunday,20:00 - 21:59,Evening / night,False,False,True,True
1367607,Injury,Minor/Other Injury,2024,2024,December,Thursday,14:00 - 15:59,RESERVOIR,RD,0,Right on the spot,NUMBER 19,HN,BLACKTOWN,683.0,No,Not a school zone,2-way undivided,-33.778708,150.901175,Blacktown,Sydney metro. area,Syd-Newc-Woll Gtr conurbation,Straight,,,,Unknown / not stated,Sealed,Dry,Fine,Daylight,Nil,No traffic controls,60 km/h,State,30,Rear end,301,Same - Rear end,,Rear end,4 wheel drive / SUV,Car (sedan/hatch),3,0,0,0,1,12,December,Summer,Thursday,14:00 - 15:59,Midday / afternoon,False,False,True,True
1367616,Injury,Minor/Other Injury,2024,2024,November,Monday,12:00 - 13:59,STONEY CREEK,RD,0,Right on the spot,PENSHURST,ST,BEVERLY HILLS,665.0,No,Not a school zone,X-intersection,-33.954952,151.079211,Georges River,Sydney metro. area,Syd-Newc-Woll Gtr conurbation,Straight,,,,Unknown / not stated,Sealed,Dry,Fine,Daylight,On,No traffic controls,60 km/h,State,33,Lane sideswipe,305,Same - Lane side swipe,,Other angle,Light truck utility(from 2018),4 wheel drive / SUV,2,0,0,0,1,11,November,Spring,Monday,12:00 - 13:59,Midday / afternoon,False,False,True,True
1367620,Injury,Moderate Injury,2024,2024,November,Saturday,22:00 - Midnight,WARRINGAH,RD,0,Right on the spot,WARATAH,PDE,NARRAWEENA,328.0,No,Not a school zone,T-junction,-33.754772,151.271277,Northern Beaches,Sydney metro. area,Syd-Newc-Woll Gtr conurbation,Straight,,,,Unknown / not stated,Sealed,Wet,Raining,Darkness,Nil,No traffic controls,70 km/h,State,16,Left near,107,Adj - Left-thru from right,,Right angle,4 wheel drive / SUV,Car (sedan/hatch),2,0,0,1,0,11,November,Spring,Saturday,22:00 - Midnight,Evening / night,False,False,True,True
1367632,Injury,Minor/Other Injury,2024,2024,October,Tuesday,00:01 - 01:59,SPRING,DR,50,West,DRAIN,LANE,MULWALA,314.0,No,Not a school zone,2-way undivided,-35.997991,146.139436,Federation,Country non-urban,Rest of NSW - Rural,Straight,,,,Unknown / not stated,Sealed,Dry,Fine,Darkness,Nil,No traffic controls,100 km/h,State,71,Off rd left => obj,703,Left off cway into object,,Vehicle - Object,Passenger van,,1,0,0,0,1,10,October,Spring,Tuesday,00:01 - 01:59,Late night / early morning,False,False,True,True
1367634,Injury,Serious Injury,2024,2024,December,Wednesday,14:00 - 15:59,RICHMOND,RD,0,Right on the spot,GARFIELD,RD,MARSDEN PARK,537.0,No,Not a school zone,X-intersection,-33.69705,150.831004,Blacktown,Sydney metro. area,Syd-Newc-Woll Gtr conurbation,Straight,,,,Unknown / not stated,Sealed,Dry,Fine,Daylight,On,No traffic controls,80 km/h,State,30,Rear end,301,Same - Rear end,,Rear end,Car (sedan/hatch),Light truck utility(from 2018),2,0,1,0,0,12,December,Summer,Wednesday,14:00 - 15:59,Midday / afternoon,False,False,True,True
1367642,Injury,Moderate Injury,2024,2024,December,Thursday,08:00 - 09:59,PARKES,ST,0,Right on the spot,HARRIS,ST,HARRIS PARK,2049.0,No,Not a school zone,X-intersection,-33.818962,151.011288,Parramatta,Sydney metro. area,Syd-Newc-Woll Gtr conurbation,Straight,,,,Unknown / not stated,Sealed,Dry,Fine,Daylight,On,No traffic controls,60 km/h,Regional,10,Cross traffic,101,Adj - Cross traffic,,Right angle,Car (sedan/hatch),4 wheel drive / SUV,2,0,0,1,0,12,December,Summer,Thursday,08:00 - 09:59,AM peak / school commute,True,False,True,True
1367644,Injury,Minor/Other Injury,2024,2024,November,Wednesday,14:00 - 15:59,NEW ENGLAND,HWY,0,Right on the spot,BROOK,ST,MUSWELLBROOK,9.0,No,Not a school zone,X-intersection,-32.263321,150.888867,Muswellbrook,Country urban,Rest of NSW - Urban,Straight,,,,Unknown / not stated,Sealed,Dry,Fine,Daylight,On,No traffic controls,50 km/h,State,30,Rear end,301,Same - Rear end,,Rear end,Car (sedan/hatch),4 wheel drive / SUV,2,0,0,0,1,11,November,Spring,Wednesday,14:00 - 15:59,Midday / afternoon,False,False,True,True
1367649,Injury,Minor/Other Injury,2024,2024,October,Friday,08:00 - 09:59,ERNEST,ST,0,Right on the spot,NUMBER 91,HN,CROWS NEST,,No,Not a school zone,2-way undivided,-33.826287,151.204973,North Sydney,Sydney metro. area,Syd-Newc-Woll Gtr conurbation,Straight,,,,Unknown / not stated,Sealed,Dry,Fine,Daylight,Nil,No traffic controls,50 km/h,Local,30,Rear end,301,Same - Rear end,,Rear end,4 wheel drive / SUV,Car (sedan/hatch),2,0,0,0,1,10,October,Spring,Friday,08:00 - 09:59,AM peak / school commute,True,False,True,True
1367651,Injury,Minor/Other Injury,2024,2024,November,Friday,08:00 - 09:59,WESTERN,EXP,200,West,RESERVOIR ROAD,OP,HUNTINGWOOD,6004.0,No,Not a school zone,Dual freeway,-33.802697,150.89386,Blacktown,Sydney metro. area,Syd-Newc-Woll Gtr conurbation,Straight,,,,Unknown / not stated,Sealed,Wet,Fine,Daylight,Nil,No traffic controls,100 km/h,State,30,Rear end,301,Same - Rear end,,Rear end,Car (sedan/hatch),4 wheel drive / SUV,4,0,0,0,1,11,November,Spring,Friday,08:00 - 09:59,AM peak / school commute,True,False,True,True
1367659,Injury,Moderate Injury,2024,2024,November,Wednesday,10:00 - 11:59,DARLING,DR,0,Right on the spot,STEAM MILL,LANE,HAYMARKET,,No,Not a school zone,T-junction,-33.878644,151.200912,Sydney,Sydney metro. area,Syd-Newc-Woll Gtr conurbation,Straight,,,,Unknown / not stated,Sealed,Dry,Fine,Daylight,On,No traffic controls,50 km/h,Local,40,U turn,304,Same - U-turn,,Other angle,Car (sedan/hatch),Motor scooter,2,0,0,1,0,11,November,Spring,Wednesday,10:00 - 11:59,Midday / afternoon,False,False,True,True
1367665,Injury,Moderate Injury,2024,2024,November,Sunday,20:00 - 21:59,ELIZABETH,DR,100,West,HACKETT,RD,ABBOTSBURY,535.0,No,Not a school zone,Divided road,-33.883375,150.860994,Fairfield,Sydney metro. area,Syd-Newc-Woll Gtr conurbation,Straight,,,,Unknown / not stated,Sealed,Dry,Fine,Darkness,Nil,No traffic controls,70 km/h,State,67,Struck animal,609,On path - Hit animal,,Vehicle - Animal,Car (sedan/hatch),,1,0,0,1,0,11,November,Spring,Sunday,20:00 - 21:59,Evening / night,False,False,True,True
1367666,Injury,Minor/Other Injury,2024,2024,October,Saturday,12:00 - 13:59,ALBERT,ST,0,Right on the spot,VICTORIA,ST,GRANVILLE,,No,Not a school zone,X-intersection,-33.828936,151.010368,Parramatta,Sydney metro. area,Syd-Newc-Woll Gtr conurbation,Straight,,,,Unknown / not stated,Sealed,Dry,Fine,Daylight,Nil,Give way sign,50 km/h,Local,10,Cross traffic,101,Adj - Cross traffic,,Right angle,Car (sedan/hatch),Car (sedan/hatch),2,0,0,0,1,10,October,Spring,Saturday,12:00 - 13:59,Midday / afternoon,False,False,True,True
1367671,Injury,Minor/Other Injury,2024,2024,November,Saturday,16:00 - 17:59,HERBERT,ST,0,Right on the spot,NUMBER 4,HN,ROCKDALE,,No,Not a school zone,2-way undivided,-33.950867,151.134006,Bayside,Sydney metro. area,Syd-Newc-Woll Gtr conurbation,Straight,,,,Unknown / not stated,Sealed,Dry,Fine,Daylight,Nil,No traffic controls,50 km/h,Local,42,Leaving parking,401,Manov - Leaving parking,,Other angle,Car (sedan/hatch),Car (sedan/hatch),2,0,0,0,1,11,November,Spring,Saturday,16:00 - 17:59,PM peak / evening commute,True,False,True,True
1367674,Injury,Minor/Other Injury,2024,2024,October,Tuesday,08:00 - 09:59,ORARA,WAY,500,North,LURCOCKS,RD,GLENREAGH,151.0,No,Not a school zone,2-way undivided,-30.065896,152.98314,Clarence Valley,Country non-urban,Rest of NSW - Rural,Curved,Embankment/cutting,,,Unknown / not stated,Sealed,Dry,Fine,Daylight,Nil,No traffic controls,100 km/h,Regional,87,Off lft/lft bnd=>obj,804,Off left bend into obj,Left,Vehicle - Object,Semi-trailer,,1,0,0,0,1,10,October,Spring,Tuesday,08:00 - 09:59,AM peak / school commute,True,False,True,True
1367680,Injury,Serious Injury,2024,2024,November,Thursday,16:00 - 17:59,FINNS,RD,640,North,MENANGLE,RD,MENANGLE,,No,Not a school zone,2-way undivided,-34.143789,150.717643,Wollondilly,Country urban,Syd-Newc-Woll Gtr conurbation,Straight,Painted double centre lines,,,Nil,Sealed,Dry,Fine,Daylight,Nil,No traffic controls,80 km/h,Local,20,Head on,201,Opp - Head on,,Head-on,Car (sedan/hatch),4 wheel drive / SUV,2,0,1,0,0,11,November,Spring,Thursday,16:00 - 17:59,PM peak / evening commute,True,False,True,True
1367682,Injury,Minor/Other Injury,2024,2024,November,Saturday,16:00 - 17:59,WESTERN,EXP,500,East,ROPER ROAD,OP,EASTERN CREEK,6004.0,No,Not a school zone,Dual freeway,-33.791474,150.812987,Blacktown,Sydney metro. area,Syd-Newc-Woll Gtr conurbation,Straight,,,,Unknown / not stated,Sealed,Dry,Fine,Daylight,Nil,No traffic controls,110 km/h,State,20,Head on,201,Opp - Head on,,Head-on,Passenger van,Car (sedan/hatch),2,0,0,0,1,11,November,Spring,Saturday,16:00 - 17:59,PM peak / evening commute,True,False,True,True
1367684,Injury,Minor/Other Injury,2024,2024,October,Saturday,10:00 - 11:59,GREAT WESTERN,HWY,50,West,NEALE,ST,ST MARYS,5.0,No,Not a school zone,Divided road,-33.769764,150.766789,Penrith,Sydney metro. area,Syd-Newc-Woll Gtr conurbation,Straight,,,,Unknown / not stated,Sealed,Dry,Overcast,Daylight,Nil,No traffic controls,60 km/h,State,30,Rear end,301,Same - Rear end,,Rear end,4 wheel drive / SUV,Car (sedan/hatch),2,0,0,0,1,10,October,Spring,Saturday,10:00 - 11:59,Midday / afternoon,False,False,True,True
1367695,Injury,Moderate Injury,2024,2024,October,Tuesday,14:00 - 15:59,BLAXLAND,RD,0,Right on the spot,RESERVOIR,LANE,RYDE,139.0,No,Not a school zone,T-junction,-33.802669,151.101225,Ryde,Sydney metro. area,Syd-Newc-Woll Gtr conurbation,Straight,,,,Unknown / not stated,Sealed,Dry,Fine,Daylight,Nil,No traffic controls,60 km/h,State,21,Right through,202,Opp - Right-thru,,Other angle,Car (sedan/hatch),Car (sedan/hatch),2,0,0,1,0,10,October,Spring,Tuesday,14:00 - 15:59,Midday / afternoon,False,False,True,True
1367696,Injury,Moderate Injury,2024,2024,November,Thursday,14:00 - 15:59,BOUNDARY,RD,0,Right on the spot,CRANEBROOK,RD,CRANEBROOK,,No,Not a school zone,T-junction,-33.712944,150.698562,Penrith,Sydney metro. area,Syd-Newc-Woll Gtr conurbation,Curved,,,,Unknown / not stated,Sealed,Dry,Fine,Daylight,Nil,Give way sign,60 km/h,Local,21,Right through,202,Opp - Right-thru,,Other angle,Car (sedan/hatch),4 wheel drive / SUV,2,0,0,2,0,11,November,Spring,Thursday,14:00 - 15:59,Midday / afternoon,False,False,True,True
1367701,Injury,Minor/Other Injury,2024,2024,December,Thursday,12:00 - 13:59,O'CONNELL,ST,0,Right on the spot,GEORGE,ST,PARRAMATTA,184.0,No,Not a school zone,T-junction,-33.812833,151.000353,Parramatta,Sydney metro. area,Syd-Newc-Woll Gtr conurbation,Straight,,,,Unknown / not stated,Sealed,Dry,Fine,Daylight,On,No traffic controls,60 km/h,State,35,Lane change left,307,Same - Lane change left,,Other angle,4 wheel drive / SUV,Car (sedan/hatch),2,0,0,0,1,12,December,Summer,Thursday,12:00 - 13:59,Midday / afternoon,False,False,True,True
1367705,Injury,Moderate Injury,2024,2024,December,Monday,06:00 - 07:59,BARR,PROM,100,North,WIRRAWAY,DR,THORNTON,,No,Not a school zone,2-way undivided,-32.768401,151.655537,Maitland,Country non-urban,Rest of NSW - Rural,Curved,,,,Unknown / not stated,Sealed,Dry,Fine,Dawn,Nil,No traffic controls,100 km/h,Local,85,Off rt/lft bnd=>obj,804,Off left bend into obj,Right,Vehicle - Object,4 wheel drive / SUV,,1,0,0,1,0,12,December,Summer,Monday,06:00 - 07:59,AM peak / school commute,True,False,True,True
1367707,Injury,Minor/Other Injury,2024,2024,October,Sunday,16:00 - 17:59,WINDSOR,RD,0,Right on the spot,CHURCHILL,DR,WINSTON HILLS,184.0,No,Not a school zone,T-junction,-33.780353,150.997535,Parramatta,Sydney metro. area,Syd-Newc-Woll Gtr conurbation,Straight,,,,Unknown / not stated,Sealed,Dry,Fine,Daylight,On,No traffic controls,60 km/h,State,30,Rear end,301,Same - Rear end,,Rear end,Car (sedan/hatch),Unknown motor vehicle,2,0,0,0,1,10,October,Spring,Sunday,16:00 - 17:59,PM peak / evening commute,True,False,True,True
1367709,Injury,Moderate Injury,2024,2024,December,Tuesday,16:00 - 17:59,MELVIN,ST,50,North,NUMBER 8,HN,BEVERLY HILLS,,No,Not a school zone,2-way undivided,-33.952956,151.080632,Georges River,Sydney metro. area,Syd-Newc-Woll Gtr conurbation,Straight,,,,Unknown / not stated,Sealed,Dry,Fine,Daylight,Nil,No traffic controls,50 km/h,Local,71,Off rd left => obj,703,Left off cway into object,,Other angle,Car (sedan/hatch),Car (sedan/hatch),3,0,0,1,0,12,December,Summer,Tuesday,16:00 - 17:59,PM peak / evening commute,True,False,True,True
1367711,Injury,Serious Injury,2024,2024,December,Wednesday,16:00 - 17:59,OLYMPIC,HWY,400,North,HINES,LANE,WALLENDBEEN,78.0,No,Not a school zone,2-way undivided,-34.505494,148.160559,Cootamundra-Gundagai,Country non-urban,Rest of NSW - Rural,Straight,,,,Unknown / not stated,Sealed,Dry,Fine,Daylight,Nil,No traffic controls,100 km/h,State,70,Off road to left,701,Off carriageway to left,,Rollover,Car (sedan/hatch),,1,0,1,0,0,12,December,Summer,Wednesday,16:00 - 17:59,PM peak / evening commute,True,False,True,True
1367724,Injury,Moderate Injury,2024,2024,December,Wednesday,16:00 - 17:59,OXLEY,HWY,500,East,STOCKYARD CREEK,RD,DOYLES RIVER,11.0,No,Not a school zone,2-way undivided,-31.398412,152.121974,Port Macquarie-Hastings,Country urban,Rest of NSW - Urban,Curved,,,,Unknown / not stated,Sealed,Wet,Raining,Dusk,Nil,No traffic controls,80 km/h,State,85,Off rt/lft bnd=>obj,804,Off left bend into obj,Right,Vehicle - Object,4 wheel drive / SUV,,1,0,0,1,0,12,December,Summer,Wednesday,16:00 - 17:59,PM peak / evening commute,True,False,True,True
1367725,Injury,Moderate Injury,2024,2024,December,Friday,08:00 - 09:59,LINK,RD,150,East,GOAT BRIDGE,RD,CABRAMURRA,7604.0,No,Not a school zone,2-way undivided,-35.905016,148.384417,Snowy Valleys,Country urban,Rest of NSW - Urban,Straight,Embankment/cutting,,,Unknown / not stated,Sealed,Dry,Fine,Daylight,Nil,No traffic controls,60 km/h,Local,71,Off rd left => obj,703,Left off cway into object,,Vehicle - Object,Light truck utility(from 2018),,1,0,0,1,0,12,December,Summer,Friday,08:00 - 09:59,AM peak / school commute,True,False,True,True
1367729,Injury,Minor/Other Injury,2024,2024,November,Friday,14:00 - 15:59,GREAT WESTERN,HWY,0,Right on the spot,DIXON,ST,MOUNT DRUITT,5.0,No,Not a school zone,T-junction,-33.78075,150.820782,Blacktown,Sydney metro. area,Syd-Newc-Woll Gtr conurbation,Straight,,,,Unknown / not stated,Sealed,Dry,Fine,Daylight,Nil,Give way sign,80 km/h,State,16,Left near,107,Adj - Left-thru from right,,Right angle,Car (sedan/hatch),4 wheel drive / SUV,2,0,0,0,1,11,November,Spring,Friday,14:00 - 15:59,Midday / afternoon,False,False,True,True
1367730,Injury,Moderate Injury,2024,2024,December,Sunday,18:00 - 19:59,BARRATT,ST,0,Right on the spot,MACMAHON,ST,HURSTVILLE,,No,Not a school zone,X-intersection,-33.965428,151.101736,Georges River,Sydney metro. area,Syd-Newc-Woll Gtr conurbation,Straight,,,,Unknown / not stated,Sealed,Dry,Fine,Dusk,Nil,Ped crossing,50 km/h,Local,88,Out of cont on bend,706,Left turn,,Rollover,Motor scooter,,1,0,0,1,0,12,December,Summer,Sunday,18:00 - 19:59,PM peak / evening commute,True,False,True,True
1367731,Injury,Moderate Injury,2024,2024,December,Sunday,16:00 - 17:59,CAMPBELLTOWN,RD,400,South,ROSE PAYTEN,DR,LEUMEAH,177.0,No,Not a school zone,Divided road,-34.048726,150.827762,Campbelltown,Sydney metro. area,Syd-Newc-Woll Gtr conurbation,Straight,,,,Off,Sealed,Dry,Fine,Dusk,Nil,No traffic controls,60 km/h,State,71,Off rd left => obj,703,Left off cway into object,,Vehicle - Object,4 wheel drive / SUV,,1,0,0,1,0,12,December,Summer,Sunday,16:00 - 17:59,PM peak / evening commute,True,False,True,True
1367737,Injury,Minor/Other Injury,2024,2024,December,Saturday,22:00 - Midnight,BONG BONG,RD,0,Right on the spot,STATION,ST,DAPTO,,No,Not a school zone,T-junction,-34.493709,150.792035,Wollongong,Wollongong met. area,Syd-Newc-Woll Gtr conurbation,Straight,,,,Unknown / not stated,Sealed,Dry,Fine,Darkness,Nil,Stop sign,50 km/h,Local,16,Left near,107,Adj - Left-thru from right,,Right angle,4 wheel drive / SUV,Station wagon,2,0,0,0,1,12,December,Summer,Saturday,22:00 - Midnight,Evening / night,False,False,True,True
1367740,Injury,Serious Injury,2024,2024,December,Wednesday,10:00 - 11:59,SAILORS BAY,RD,0,Right on the spot,HARDEN,AVE,NORTHBRIDGE,599.0,No,Not a school zone,T-junction,-33.810715,151.209851,Willoughby,Sydney metro. area,Syd-Newc-Woll Gtr conurbation,Straight,,,,Unknown / not stated,Sealed,Dry,Fine,Daylight,On,No traffic controls,50 km/h,State,21,Right through,202,Opp - Right-thru,,Other angle,Car (sedan/hatch),4 wheel drive / SUV,2,0,1,0,0,12,December,Summer,Wednesday,10:00 - 11:59,Midday / afternoon,False,False,True,True
1367758,Injury,Minor/Other Injury,2024,2024,December,Friday,16:00 - 17:59,WATTLE,ST,0,Right on the spot,NUMBER 187,HN,BANKSTOWN,7119.0,No,Not a school zone,2-way undivided,-33.917939,151.046563,Canterbury-Bankstown,Sydney metro. area,Syd-Newc-Woll Gtr conurbation,Straight,,,,Unknown / not stated,Sealed,Dry,Fine,Daylight,Nil,No traffic controls,60 km/h,Regional,39,Other same direction,300,Same - other,,Other angle,Passenger van,Car (sedan/hatch),3,0,0,0,1,12,December,Summer,Friday,16:00 - 17:59,PM peak / evening commute,True,False,True,True
1367768,Injury,Moderate Injury,2024,2024,December,Wednesday,16:00 - 17:59,WINDSOR,ST,0,Right on the spot,BOURKE,ST,RICHMOND,184.0,No,Not a school zone,X-intersection,-33.600735,150.75931,Hawkesbury,Country urban,Syd-Newc-Woll Gtr conurbation,Straight,,,,Unknown / not stated,Sealed,Dry,Fine,Daylight,On,No traffic controls,60 km/h,State,21,Right through,202,Opp - Right-thru,,Other angle,4 wheel drive / SUV,Car (sedan/hatch),2,0,0,1,0,12,December,Summer,Wednesday,16:00 - 17:59,PM peak / evening commute,True,False,True,True
1367771,Injury,Serious Injury,2024,2024,November,Friday,12:00 - 13:59,SLADDEN,RD,0,Right on the spot,NUMBER 108,HN,YARRAWARRAH,,No,Not a school zone,2-way undivided,-34.059101,151.022936,Sutherland,Sydney metro. area,Syd-Newc-Woll Gtr conurbation,Straight,,,,Unknown / not stated,Sealed,Dry,Fine,Daylight,Nil,No traffic controls,50 km/h,Local,71,Off rd left => obj,703,Left off cway into object,,Other angle,Car (sedan/hatch),Car (sedan/hatch),2,0,1,0,0,11,November,Spring,Friday,12:00 - 13:59,Midday / afternoon,False,False,True,True
1367782,Injury,Moderate Injury,2024,2024,November,Friday,12:00 - 13:59,DAVIES,RD,70,South,ARAB,RD,PADSTOW,190.0,No,Not a school zone,Divided road,-33.946087,151.035608,Canterbury-Bankstown,Sydney metro. area,Syd-Newc-Woll Gtr conurbation,Straight,,,,Unknown / not stated,Sealed,Dry,Fine,Daylight,Nil,No traffic controls,70 km/h,State,30,Rear end,301,Same - Rear end,,Rear end,Car (sedan/hatch),Car (sedan/hatch),2,0,0,1,0,11,November,Spring,Friday,12:00 - 13:59,Midday / afternoon,False,False,True,True
1367785,Injury,Minor/Other Injury,2024,2024,December,Monday,06:00 - 07:59,CALLE CALLE,ST,0,Right on the spot,NUMBER 53,HN,EDEN,,No,Not a school zone,2-way undivided,-37.061321,149.906939,Bega Valley,Country urban,Rest of NSW - Urban,Straight,Driveway/entrance,,,Unknown / not stated,Sealed,Dry,Fine,Daylight,Nil,No traffic controls,50 km/h,Local,7,Driveway,7,Ped - driveway,,Vehicle - Pedestrian,Car (sedan/hatch),Pedestrian,2,0,0,0,1,12,December,Summer,Monday,06:00 - 07:59,AM peak / school commute,True,False,True,True