crash_id,degree_of_crash,degree_of_crash_-_detailed,reporting_year,year_of_crash,month_of_crash,day_of_week_of_crash,two-hour_intervals,street_of_crash,street_type,distance,direction,identifying_feature,identifying_feature_type,town,route_no.,school_zone_location,school_zone_active,type_of_location,latitude,longitude,lga,urbanisation,conurbation_1,alignment,primary_permanent_feature,primary_temporary_feature,primary_hazardous_feature,street_lighting,road_surface,surface_condition,weather,natural_lighting,signals_operation,other_traffic_control,speed_limit,road_classification_(admin),rum_-_code,rum_-_description,dca_-_code,dca_-_description,dca_supplement,first_impact_type,key_tu_type,other_tu_type,no._of_traffic_units_involved,no._killed,no._seriously_injured,no._moderately_injured,no._minor-other_injured,month_num,month_label,season,day_label,time_label,time_band,is_peak_commute,is_fatal,is_injury,is_casualty
1367786,Injury,Minor/Other Injury,2024,2024,December,Wednesday,16:00 - 17:59,BEXLEY,RD,0,Right on the spot,WILLIAM,ST,EARLWOOD,169.0,No,Not a school zone,X-intersection,-33.92773,151.108917,Canterbury-Bankstown,Sydney metro. area,Syd-Newc-Woll Gtr conurbation,Straight,,,,Unknown / not stated,Sealed,Dry,Fine,Dusk,On,No traffic controls,60 km/h,State,42,Leaving parking,401,Manov - Leaving parking,,Other angle,Station wagon,4 wheel drive / SUV,2,0,0,0,1,12,December,Summer,Wednesday,16:00 - 17:59,PM peak / evening commute,True,False,True,True
1367787,Injury,Minor/Other Injury,2024,2024,November,Monday,14:00 - 15:59,KENT,RD,100,South,CADDENS,RD,CLAREMONT MEADOWS,699.0,No,Not a school zone,Divided road,-33.779895,150.750735,Penrith,Sydney metro. area,Syd-Newc-Woll Gtr conurbation,Straight,,,,Unknown / not stated,Sealed,Dry,Fine,Daylight,Nil,No traffic controls,80 km/h,State,30,Rear end,301,Same - Rear end,,Rear end,Car (sedan/hatch),4 wheel drive / SUV,2,0,0,0,1,11,November,Spring,Monday,14:00 - 15:59,Midday / afternoon,False,False,True,True
1367788,Injury,Moderate Injury,2024,2024,November,Saturday,02:00 - 03:59,HUME,HWY,20,East,WOODBINE,ST,BANKSTOWN,2.0,No,Not a school zone,Divided road,-33.907872,151.030873,Canterbury-Bankstown,Sydney metro. area,Syd-Newc-Woll Gtr conurbation,Straight,,,,On,Sealed,Wet,Raining,Darkness,Nil,No traffic controls,60 km/h,State,73,Off rd rght => obj,704,Right off cway into obj,,Vehicle - Object,4 wheel drive / SUV,,1,0,0,1,0,11,November,Spring,Saturday,02:00 - 03:59,Late night / early morning,False,False,True,True
1367789,Injury,Minor/Other Injury,2024,2024,October,Thursday,08:00 - 09:59,LITTLE RUDDER,ST,0,Right on the spot,LORD,ST,EAST KEMPSEY,,No,Not a school zone,T-junction,-31.083284,152.845499,Kempsey,Country urban,Rest of NSW - Urban,Straight,,,,Unknown / not stated,Sealed,Dry,Fine,Daylight,Nil,No traffic controls,50 km/h,Local,30,Rear end,301,Same - Rear end,,Rear end,4 wheel drive / SUV,4 wheel drive / SUV,2,0,0,0,1,10,October,Spring,Thursday,08:00 - 09:59,AM peak / school commute,True,False,True,True
1367792,Injury,Minor/Other Injury,2024,2024,November,Tuesday,12:00 - 13:59,WINE COUNTRY,DR,0,Right on the spot,BRIDGE,ST,BRANXTON,220.0,No,Not a school zone,Roundabout,-32.666698,151.351411,Cessnock,Country urban,Rest of NSW - Urban,Curved,,,,Unknown / not stated,Sealed,Dry,Fine,Daylight,Nil,Give way sign,50 km/h,State,10,Cross traffic,101,Adj - Cross traffic,,Right angle,Other bus,Light truck utility(from 2018),2,0,0,0,1,11,November,Spring,Tuesday,12:00 - 13:59,Midday / afternoon,False,False,True,True
1367799,Injury,Moderate Injury,2024,2024,December,Sunday,06:00 - 07:59,FREEMANS,DR,0,Right on the spot,NUMBER 752,HN,COORANBONG,,No,Not a school zone,2-way undivided,-33.064793,151.469565,Lake Macquarie,Newcastle met. area,Syd-Newc-Woll Gtr conurbation,Straight,,,,Unknown / not stated,Sealed,Dry,Fine,Dawn,Nil,No traffic controls,60 km/h,Local,20,Head on,201,Opp - Head on,,Head-on,4 wheel drive / SUV,4 wheel drive / SUV,3,0,0,1,0,12,December,Summer,Sunday,06:00 - 07:59,AM peak / school commute,True,False,True,True
1367800,Injury,Moderate Injury,2024,2024,October,Sunday,14:00 - 15:59,SALISBURY,RD,0,Right on the spot,VICTORIA,RD,CASTLE HILL,7470.0,No,Not a school zone,Roundabout,-33.728486,150.978504,The Hills,Sydney metro. area,Syd-Newc-Woll Gtr conurbation,Straight,,,,Unknown / not stated,Sealed,Dry,Fine,Daylight,Nil,Give way sign,50 km/h,Regional,21,Right through,202,Opp - Right-thru,,Other angle,Car (sedan/hatch),Car (sedan/hatch),2,0,0,1,0,10,October,Spring,Sunday,14:00 - 15:59,Midday / afternoon,False,False,True,True
1367802,Injury,Moderate Injury,2024,2024,November,Thursday,16:00 - 17:59,FISHERY POINT,RD,150,East,STATION,ST,BONNELLS BAY,,No,Not a school zone,2-way undivided,-33.110306,151.505249,Lake Macquarie,Newcastle met. area,Syd-Newc-Woll Gtr conurbation,Straight,,,,Unknown / not stated,Sealed,Wet,Raining,Daylight,Nil,No traffic controls,70 km/h,Local,71,Off rd left => obj,703,Left off cway into object,,Vehicle - Object,Light truck utility(from 2018),,1,0,0,1,0,11,November,Spring,Thursday,16:00 - 17:59,PM peak / evening commute,True,False,True,True
1367803,Injury,Moderate Injury,2024,2024,November,Wednesday,08:00 - 09:59,MT OUSLEY,RD,10,South,NEW MT PLEASANT ROAD,OP,MOUNT PLEASANT,95.0,No,Not a school zone,Divided road,-34.396017,150.866809,Wollongong,Wollongong met. area,Syd-Newc-Woll Gtr conurbation,Curved,Underpass/tunnel,,,On,Sealed,Dry,Fine,Daylight,Nil,No traffic controls,80 km/h,State,30,Rear end,301,Same - Rear end,,Rear end,Light truck,Car (sedan/hatch),2,0,0,1,0,11,November,Spring,Wednesday,08:00 - 09:59,AM peak / school commute,True,False,True,True
1367811,Injury,Moderate Injury,2024,2024,December,Thursday,12:00 - 13:59,BEACON HILL,RD,0,Right on the spot,KALIANNA,CRES,BEACON HILL,7346.0,No,Not a school zone,T-junction,-33.755751,151.263401,Northern Beaches,Sydney metro. area,Syd-Newc-Woll Gtr conurbation,Straight,,,,Unknown / not stated,Sealed,Dry,Fine,Daylight,Nil,Stop sign,50 km/h,Regional,13,Right near,104,Adj - Right-thru from right,,Right angle,Car (sedan/hatch),4 wheel drive / SUV,2,0,0,1,0,12,December,Summer,Thursday,12:00 - 13:59,Midday / afternoon,False,False,True,True
1367814,Injury,Minor/Other Injury,2024,2024,November,Friday,14:00 - 15:59,POLDING,ST,0,Right on the spot,DUBLIN,ST,SMITHFIELD,7222.0,No,Not a school zone,T-junction,-33.859861,150.923808,Fairfield,Sydney metro. area,Syd-Newc-Woll Gtr conurbation,Straight,,,,Unknown / not stated,Sealed,Dry,Fine,Daylight,Nil,Give way sign,60 km/h,Regional,30,Rear end,301,Same - Rear end,,Rear end,4 wheel drive / SUV,Passenger van,2,0,0,0,1,11,November,Spring,Friday,14:00 - 15:59,Midday / afternoon,False,False,True,True
1367826,Injury,Moderate Injury,2024,2024,October,Wednesday,16:00 - 17:59,BRUXNER,HWY,0,Right on the spot,NUMBER 11460,HN,TENTERFIELD,16.0,No,Not a school zone,2-way undivided,-29.01649,152.128698,Tenterfield,Country non-urban,Rest of NSW - Rural,Curved,,,,Unknown / not stated,Sealed,Wet,Raining,Dusk,Nil,No traffic controls,100 km/h,State,80,Off left/right bend,801,Off cway right bend,Left,Rollover,Light truck,,1,0,0,1,0,10,October,Spring,Wednesday,16:00 - 17:59,PM peak / evening commute,True,False,True,True
1367845,Injury,Minor/Other Injury,2024,2024,December,Tuesday,16:00 - 17:59,ALICE,ST,0,Right on the spot,CAMPBELL,ST,SANS SOUCI,,No,Not a school zone,X-intersection,-33.987783,151.136782,Bayside,Sydney metro. area,Syd-Newc-Woll Gtr conurbation,Straight,,,,Unknown / not stated,Sealed,Dry,Fine,Daylight,Nil,Give way sign,50 km/h,Local,10,Cross traffic,101,Adj - Cross traffic,,Right angle,Car (sedan/hatch),Car (sedan/hatch),2,0,0,0,1,12,December,Summer,Tuesday,16:00 - 17:59,PM peak / evening commute,True,False,True,True
1367850,Injury,Minor/Other Injury,2024,2024,October,Thursday,08:00 - 09:59,MT ANNAN,DR,0,Right on the spot,ROSE,DR,MOUNT ANNAN,,No,Not a school zone,T-junction,-34.060462,150.768978,Camden,Sydney metro. area,Syd-Newc-Woll Gtr conurbation,Straight,,,,Unknown / not stated,Sealed,Dry,Fine,Daylight,Nil,No traffic controls,50 km/h,Local,30,Rear end,301,Same - Rear end,,Rear end,4 wheel drive / SUV,4 wheel drive / SUV,2,0,0,0,1,10,October,Spring,Thursday,08:00 - 09:59,AM peak / school commute,True,False,True,True
1367853,Injury,Minor/Other Injury,2024,2024,December,Friday,06:00 - 07:59,WESTERN,EXP,0,Right on the spot,PROSPECT HIGHWAY,OP,PROSPECT,6004.0,No,Not a school zone,Dual freeway,-33.805407,150.915895,Blacktown,Sydney metro. area,Syd-Newc-Woll Gtr conurbation,Straight,Underpass/tunnel,,,Unknown / not stated,Sealed,Dry,Fine,Daylight,Nil,No traffic controls,100 km/h,State,34,Lane change right,306,Same - Lane change right,,Other angle,Light truck,Passenger van,2,0,0,0,1,12,December,Summer,Friday,06:00 - 07:59,AM peak / school commute,True,False,True,True
1367856,Injury,Serious Injury,2024,2024,November,Friday,20:00 - 21:59,WENTWORTH,AVE,0,Right on the spot,PAGE,ST,PAGEWOOD,344.0,No,Not a school zone,X-intersection,-33.940619,151.215482,Bayside,Sydney metro. area,Syd-Newc-Woll Gtr conurbation,Curved,,,,Unknown / not stated,Sealed,Dry,Fine,Darkness,On,No traffic controls,70 km/h,State,10,Cross traffic,101,Adj - Cross traffic,,Right angle,Car (sedan/hatch),Car (sedan/hatch),3,0,1,1,0,11,November,Spring,Friday,20:00 - 21:59,Evening / night,False,False,True,True
1367858,Injury,Minor/Other Injury,2024,2024,December,Saturday,12:00 - 13:59,HUME,HWY,0,Right on the spot,TELOPEA,AVE,STRATHFIELD,2.0,Yes,No,T-junction,-33.892121,151.085213,Strathfield,Sydney metro. area,Syd-Newc-Woll Gtr conurbation,Straight,,,,Unknown / not stated,Sealed,Dry,Fine,Daylight,Nil,No traffic controls,60 km/h,State,30,Rear end,301,Same - Rear end,,Rear end,Light truck utility(from 2018),4 wheel drive / SUV,3,0,0,0,1,12,December,Summer,Saturday,12:00 - 13:59,Midday / afternoon,False,False,True,True
1367860,Injury,Minor/Other Injury,2024,2024,November,Sunday,04:00 - 05:59,OLD WINDSOR,RD,0,Right on the spot,ABBOTT,RD,SEVEN HILLS,635.0,No,Not a school zone,X-intersection,-33.76575,150.958253,Blacktown,Sydney metro. area,Syd-Newc-Woll Gtr conurbation,Straight,,,,Unknown / not stated,Sealed,Dry,Fine,Dawn,On,No traffic controls,80 km/h,State,30,Rear end,301,Same - Rear end,,Rear end,Light truck,Car (sedan/hatch),3,0,0,0,1,11,November,Spring,Sunday,04:00 - 05:59,Late night / early morning,False,False,True,True
1367863,Injury,Minor/Other Injury,2024,2024,November,Thursday,16:00 - 17:59,STACEY,ST,0,Right on the spot,NUMBER 314,HN,BANKSTOWN,190.0,No,Not a school zone,2-way undivided,-33.909865,151.041616,Canterbury-Bankstown,Sydney metro. area,Syd-Newc-Woll Gtr conurbation,Straight,,,,Unknown / not stated,Sealed,Dry,Fine,Daylight,Nil,No traffic controls,60 km/h,State,30,Rear end,301,Same - Rear end,,Rear end,4 wheel drive / SUV,Light truck utility(from 2018),2,0,0,0,1,11,November,Spring,Thursday,16:00 - 17:59,PM peak / evening commute,True,False,True,True
1367867,Injury,Minor/Other Injury,2024,2024,October,Tuesday,06:00 - 07:59,PRINCES,HWY,0,Right on the spot,OLD PRINCES,HWY,SUTHERLAND,1.0,No,Not a school zone,T-junction,-34.03164,151.066889,Sutherland,Sydney metro. area,Syd-Newc-Woll Gtr conurbation,Straight,,,,Unknown / not stated,Sealed,Dry,Fine,Daylight,On,No traffic controls,70 km/h,State,30,Rear end,301,Same - Rear end,,Rear end,Large rigid,4 wheel drive / SUV,2,0,0,0,1,10,October,Spring,Tuesday,06:00 - 07:59,AM peak / school commute,True,False,True,True
1367873,Injury,Serious Injury,2024,2024,December,Friday,14:00 - 15:59,TOWRADGI,RD,0,Right on the spot,OCEAN,ST,TOWRADGI,7642.0,No,Not a school zone,T-junction,-34.38358,150.900757,Wollongong,Wollongong met. area,Syd-Newc-Woll Gtr conurbation,Straight,,,,Unknown / not stated,Sealed,Wet,Raining,Daylight,Nil,No traffic controls,50 km/h,Regional,21,Right through,202,Opp - Right-thru,,Other angle,Car (sedan/hatch),Car (sedan/hatch),2,0,1,0,0,12,December,Summer,Friday,14:00 - 15:59,Midday / afternoon,False,False,True,True
1367877,Injury,Minor/Other Injury,2024,2024,August,Sunday,18:00 - 19:59,VICTORIA,ST,20,South,CRAIGEND,ST,DARLINGHURST,,No,Not a school zone,1-way street,-33.876038,151.221947,Sydney,Sydney metro. area,Syd-Newc-Woll Gtr conurbation,Straight,,,,Unknown / not stated,Sealed,Dry,Fine,Dusk,Nil,No traffic controls,40 km/h,Local,42,Leaving parking,401,Manov - Leaving parking,,Other angle,4 wheel drive / SUV,Pedal cycle,2,0,0,0,1,8,August,Winter,Sunday,18:00 - 19:59,PM peak / evening commute,True,False,True,True
1367878,Injury,Minor/Other Injury,2024,2024,November,Friday,14:00 - 15:59,GLEN INNES,RD,0,Right on the spot,PACIFIC PALMS,CCT,HOXTON PARK,,No,Not a school zone,Roundabout,-33.927102,150.853173,Liverpool,Sydney metro. area,Syd-Newc-Woll Gtr conurbation,Curved,,,,Unknown / not stated,Sealed,Dry,Fine,Daylight,Nil,Give way sign,50 km/h,Local,30,Rear end,301,Same - Rear end,,Rear end,Light truck utility(from 2018),4 wheel drive / SUV,2,0,0,0,1,11,November,Spring,Friday,14:00 - 15:59,Midday / afternoon,False,False,True,True
1367883,Injury,Minor/Other Injury,2024,2024,October,Monday,12:00 - 13:59,HUME,HWY,0,Right on the spot,CAMPBELL,ST,LIVERPOOL,2.0,No,Not a school zone,T-junction,-33.917234,150.919936,Liverpool,Sydney metro. area,Syd-Newc-Woll Gtr conurbation,Straight,,,,Off,Sealed,Wet,Overcast,Daylight,On,No traffic controls,60 km/h,State,30,Rear end,301,Same - Rear end,,Rear end,Light truck,4 wheel drive / SUV,2,0,0,0,1,10,October,Spring,Monday,12:00 - 13:59,Midday / afternoon,False,False,True,True
1367884,Injury,Minor/Other Injury,2024,2024,March,Monday,14:00 - 15:59,KURRAJONG,RD,100,East,BOX,RD,LURNEA,7263.0,No,Not a school zone,2-way undivided,-33.945692,150.892424,Liverpool,Sydney metro. area,Syd-Newc-Woll Gtr conurbation,Straight,Steep grade,,,Unknown / not stated,Sealed,Dry,Fine,Daylight,Nil,No traffic controls,60 km/h,Regional,30,Rear end,301,Same - Rear end,,Rear end,Other bus,Car (sedan/hatch),2,0,0,0,2,3,March,Autumn,Monday,14:00 - 15:59,Midday / afternoon,False,False,True,True
1367893,Injury,Serious Injury,2024,2024,December,Friday,10:00 - 11:59,LANE COVE,RD,0,Right on the spot,QUARRY,RD,RYDE,162.0,No,Not a school zone,X-intersection,-33.80383,151.113255,Ryde,Sydney metro. area,Syd-Newc-Woll Gtr conurbation,Straight,,,,Unknown / not stated,Sealed,Dry,Fine,Daylight,On,No traffic controls,70 km/h,State,20,Head on,201,Opp - Head on,,Head-on,Car (sedan/hatch),Car (sedan/hatch),2,0,1,0,0,12,December,Summer,Friday,10:00 - 11:59,Midday / afternoon,False,False,True,True
1367894,Injury,Minor/Other Injury,2024,2024,October,Saturday,16:00 - 17:59,BEAMES,AVE,0,Right on the spot,GEORGE,ST,MOUNT DRUITT,,No,Not a school zone,Roundabout,-33.770962,150.82635,Blacktown,Sydney metro. area,Syd-Newc-Woll Gtr conurbation,Straight,Crest,,,Unknown / not stated,Sealed,Dry,Fine,Daylight,Nil,Give way sign,50 km/h,Local,75,Off end of road,709,Off end cway or T junct,,Vehicle - Object,Car (sedan/hatch),,1,0,0,0,2,10,October,Spring,Saturday,16:00 - 17:59,PM peak / evening commute,True,False,True,True
1367897,Injury,Serious Injury,2024,2024,December,Thursday,16:00 - 17:59,CHARLES,ST,0,Right on the spot,CAREY,ST,LIVERPOOL,,No,Not a school zone,T-junction,-33.928368,150.919983,Liverpool,Sydney metro. area,Syd-Newc-Woll Gtr conurbation,Straight,,,,Unknown / not stated,Sealed,Dry,Fine,Daylight,Nil,No traffic controls,50 km/h,Local,20,Head on,201,Opp - Head on,,Head-on,Car (sedan/hatch),4 wheel drive / SUV,4,0,1,0,0,12,December,Summer,Thursday,16:00 - 17:59,PM peak / evening commute,True,False,True,True
1367912,Injury,Minor/Other Injury,2024,2024,November,Thursday,16:00 - 17:59,SOUTH WESTERN,EXP,100,East,COOLOONGATTA ROAD,OP,BEVERLY HILLS,6005.0,No,Not a school zone,Dual freeway,-33.941848,151.081169,Canterbury-Bankstown,Sydney metro. area,Syd-Newc-Woll Gtr conurbation,Straight,,,,Unknown / not stated,Sealed,Dry,Fine,Daylight,Nil,No traffic controls,90 km/h,State,30,Rear end,301,Same - Rear end,,Rear end,4 wheel drive / SUV,Light truck,2,0,0,0,1,11,November,Spring,Thursday,16:00 - 17:59,PM peak / evening commute,True,False,True,True
1367917,Injury,Minor/Other Injury,2024,2024,December,Monday,08:00 - 09:59,HUME,HWY,50,North,ROSE,ST,LIVERPOOL,2.0,No,Not a school zone,Divided road,-33.931978,150.917023,Liverpool,Sydney metro. area,Syd-Newc-Woll Gtr conurbation,Straight,,,,Unknown / not stated,Sealed,Dry,Fine,Daylight,Nil,No entry/wrong way,60 km/h,State,30,Rear end,301,Same - Rear end,,Rear end,4 wheel drive / SUV,Car (sedan/hatch),2,0,0,0,1,12,December,Summer,Monday,08:00 - 09:59,AM peak / school commute,True,False,True,True
1367920,Injury,Minor/Other Injury,2024,2024,December,Tuesday,18:00 - 19:59,LAKEWOOD,DR,0,Right on the spot,NUMBER 55,HN,WOODCROFT,,No,Not a school zone,2-way undivided,-33.754957,150.881463,Blacktown,Sydney metro. area,Syd-Newc-Woll Gtr conurbation,Straight,Driveway/entrance,,,Unknown / not stated,Sealed,Dry,Fine,Dusk,Nil,No traffic controls,50 km/h,Local,7,Driveway,7,Ped - driveway,,Vehicle - Pedestrian,Car (sedan/hatch),Pedestrian,2,0,0,0,1,12,December,Summer,Tuesday,18:00 - 19:59,PM peak / evening commute,True,False,True,True
1367925,Injury,Moderate Injury,2024,2024,December,Friday,12:00 - 13:59,PACIFIC,HWY,0,Right on the spot,ENGLANDS,RD,COFFS HARBOUR,10.0,No,Not a school zone,Roundabout,-30.320684,153.085652,Coffs Harbour,Country urban,Rest of NSW - Urban,Straight,,,,Unknown / not stated,Sealed,Dry,Fine,Daylight,Nil,Give way sign,60 km/h,State,49,Other manoeuvring,400,Manov - other,,Other angle,4 wheel drive / SUV,4 wheel drive / SUV,2,0,0,1,1,12,December,Summer,Friday,12:00 - 13:59,Midday / afternoon,False,False,True,True
1367929,Injury,Serious Injury,2024,2024,December,Monday,14:00 - 15:59,BRYANT,ST,100,South,BROADARROW,RD,NARWEE,7012.0,No,Not a school zone,2-way undivided,-33.948731,151.072468,Georges River,Sydney metro. area,Syd-Newc-Woll Gtr conurbation,Straight,,,,Unknown / not stated,Sealed,Dry,Fine,Daylight,Nil,No traffic controls,50 km/h,Regional,71,Off rd left => obj,703,Left off cway into object,,Other angle,4 wheel drive / SUV,Car (sedan/hatch),2,0,1,0,1,12,December,Summer,Monday,14:00 - 15:59,Midday / afternoon,False,False,True,True
1367935,Injury,Minor/Other Injury,2024,2024,December,Tuesday,06:00 - 07:59,M7 WESTLINK,EXP,2000,North,COWPASTURE ROAD,OP,CECIL PARK,6009.0,No,Not a school zone,Dual freeway,-33.902258,150.844702,Liverpool,Sydney metro. area,Syd-Newc-Woll Gtr conurbation,Straight,,,,Unknown / not stated,Sealed,Dry,Fine,Dawn,Nil,No traffic controls,100 km/h,State,30,Rear end,301,Same - Rear end,,Rear end,4 wheel drive / SUV,Light truck,3,0,0,0,1,12,December,Summer,Tuesday,06:00 - 07:59,AM peak / school commute,True,False,True,True
1367937,Injury,Serious Injury,2024,2024,November,Monday,20:00 - 21:59,DIADEM,ST,0,Right on the spot,URALBA,ST,LISMORE,,No,Not a school zone,Roundabout,-28.809662,153.287894,Lismore,Country urban,Rest of NSW - Urban,Curved,,,,Unknown / not stated,Sealed,Wet,Raining,Darkness,Nil,Give way sign,50 km/h,Local,10,Cross traffic,101,Adj - Cross traffic,,Right angle,Light truck utility(from 2018),Car (sedan/hatch),2,0,1,0,0,11,November,Spring,Monday,20:00 - 21:59,Evening / night,False,False,True,True
1367943,Injury,Minor/Other Injury,2024,2024,December,Tuesday,18:00 - 19:59,WALTERS,RD,30,North,HOLBECHE,RD,BLACKTOWN,,No,Not a school zone,2-way undivided,-33.789589,150.890621,Blacktown,Sydney metro. area,Syd-Newc-Woll Gtr conurbation,Straight,,,,Unknown / not stated,Sealed,Dry,Fine,Dusk,Nil,No traffic controls,50 km/h,Local,40,U turn,207,Opp - U-turn,,Other angle,Car (sedan/hatch),Motorcycle,2,0,0,0,1,12,December,Summer,Tuesday,18:00 - 19:59,PM peak / evening commute,True,False,True,True
1367945,Injury,Minor/Other Injury,2024,2024,October,Friday,14:00 - 15:59,ERNEST,ST,0,Right on the spot,MOODIE,ST,CAMMERAY,7338.0,Yes,No,T-junction,-33.827348,151.212083,North Sydney,Sydney metro. area,Syd-Newc-Woll Gtr conurbation,Straight,,,,Unknown / not stated,Sealed,Dry,Fine,Daylight,Nil,No traffic controls,50 km/h,Regional,39,Other same direction,300,Same - other,,Other angle,4 wheel drive / SUV,Car (sedan/hatch),2,0,0,0,1,10,October,Spring,Friday,14:00 - 15:59,Midday / afternoon,False,False,True,True
1367951,Injury,Moderate Injury,2024,2024,November,Tuesday,16:00 - 17:59,ROME,ST,0,Right on the spot,NUMBER 9,HN,CANTERBURY,,No,Not a school zone,2-way undivided,-33.917138,151.117186,Canterbury-Bankstown,Sydney metro. area,Syd-Newc-Woll Gtr conurbation,Straight,Driveway/entrance,,,Unknown / not stated,Sealed,Dry,Fine,Daylight,Nil,No traffic controls,50 km/h,Local,41,U turn into object,409,Manov - U-turn into fixed obje,,Vehicle - Object,Car (sedan/hatch),,1,0,0,1,0,11,November,Spring,Tuesday,16:00 - 17:59,PM peak / evening commute,True,False,True,True
1367956,Injury,Serious Injury,2024,2024,December,Friday,14:00 - 15:59,EVANS,RD,20,North,BEULAH,RD,CANTON BEACH,,No,Not a school zone,2-way undivided,-33.273254,151.549612,Central Coast,Country urban,Syd-Newc-Woll Gtr conurbation,Straight,,,,Unknown / not stated,Sealed,Dry,Fine,Daylight,Nil,No traffic controls,50 km/h,Local,71,Off rd left => obj,703,Left off cway into object,,Other angle,Car (sedan/hatch),Caravan,2,0,1,0,0,12,December,Summer,Friday,14:00 - 15:59,Midday / afternoon,False,False,True,True
1367959,Injury,Minor/Other Injury,2024,2024,December,Friday,18:00 - 19:59,HOXTON PARK,RD,100,West,WHITFORD,RD,HOXTON PARK,681.0,No,Not a school zone,Divided road,-33.926218,150.865329,Liverpool,Sydney metro. area,Syd-Newc-Woll Gtr conurbation,Straight,,,,Unknown / not stated,Sealed,Dry,Fine,Dusk,Nil,No traffic controls,70 km/h,State,71,Off rd left => obj,703,Left off cway into object,,Vehicle - Object,Car (sedan/hatch),,1,0,0,0,1,12,December,Summer,Friday,18:00 - 19:59,PM peak / evening commute,True,False,True,True
1367964,Injury,Moderate Injury,2024,2024,August,Sunday,08:00 - 09:59,WISEMANS FERRY,RD,300,North,PEATS FERRY ROAD,TO,CENTRAL MANGROVE,225.0,No,Not a school zone,2-way undivided,-33.307563,151.254069,Central Coast,Country urban,Syd-Newc-Woll Gtr conurbation,Curved,,,,Unknown / not stated,Sealed,Wet,Raining,Daylight,Nil,No traffic controls,80 km/h,Regional,81,Off left/rt bnd=>obj,803,Off right bend into obj,Left,Vehicle - Object,Car (sedan/hatch),,1,0,0,1,0,8,August,Winter,Sunday,08:00 - 09:59,AM peak / school commute,True,False,True,True
1367969,Injury,Minor/Other Injury,2024,2024,December,Monday,12:00 - 13:59,HILL,ST,0,Right on the spot,KABLE,AVE,TAMWORTH,,No,Not a school zone,T-junction,-31.095793,150.93278,Tamworth Regional,Country urban,Rest of NSW - Urban,Straight,,,,Unknown / not stated,Sealed,Dry,Fine,Daylight,Nil,No traffic controls,40 km/h,Local,11,Right far,102,Adj - Right-thru from left,,Right angle,Car (sedan/hatch),Car (sedan/hatch),2,0,0,0,1,12,December,Summer,Monday,12:00 - 13:59,Midday / afternoon,False,False,True,True
1367979,Injury,Minor/Other Injury,2024,2024,November,Friday,12:00 - 13:59,TUDOR,ST,0,Right on the spot,TURNER,ST,HAMILTON,604.0,No,Not a school zone,T-junction,-32.924564,151.749932,Newcastle,Newcastle met. area,Syd-Newc-Woll Gtr conurbation,Straight,,,,Unknown / not stated,Sealed,Dry,Fine,Daylight,Nil,No traffic controls,60 km/h,Regional,31,Left rear,302,Same - Rear left,,Rear end,Light truck utility(from 2018),Station wagon,2,0,0,0,1,11,November,Spring,Friday,12:00 - 13:59,Midday / afternoon,False,False,True,True
1367981,Injury,Minor/Other Injury,2024,2024,December,Friday,14:00 - 15:59,WOODVILLE,RD,0,Right on the spot,VILLAWOOD,RD,VILLAWOOD,640.0,No,Not a school zone,X-intersection,-33.881872,150.977366,Fairfield,Sydney metro. area,Syd-Newc-Woll Gtr conurbation,Straight,,,,Unknown / not stated,Sealed,Wet,Fine,Daylight,On,No traffic controls,60 km/h,State,30,Rear end,301,Same - Rear end,,Rear end,Car (sedan/hatch),Car (sedan/hatch),2,0,0,0,1,12,December,Summer,Friday,14:00 - 15:59,Midday / afternoon,False,False,True,True
1367982,Injury,Minor/Other Injury,2024,2024,October,Saturday,16:00 - 17:59,FREDERICK,ST,0,Right on the spot,RAILWAY,ST,ROCKDALE,169.0,No,Not a school zone,T-junction,-33.95279,151.135716,Bayside,Sydney metro. area,Syd-Newc-Woll Gtr conurbation,Curved,,,,Unknown / not stated,Sealed,Dry,Fine,Dusk,On,No traffic controls,60 km/h,State,29,Other opposing,200,Opp - other,,Other angle,4 wheel drive / SUV,4 wheel drive / SUV,2,0,0,0,1,10,October,Spring,Saturday,16:00 - 17:59,PM peak / evening commute,True,False,True,True
1367985,Injury,Moderate Injury,2024,2024,November,Saturday,14:00 - 15:59,KENNEDY,DR,0,Right on the spot,SUGARWOOD,DR,TWEED HEADS WEST,,No,Not a school zone,Roundabout,-28.186169,153.524233,Tweed,Country urban,Rest of NSW - Urban,Straight,,,,Unknown / not stated,Sealed,Dry,Fine,Daylight,Nil,Give way sign,50 km/h,Local,30,Rear end,301,Same - Rear end,,Rear end,Utility,Car (sedan/hatch),3,0,0,1,0,11,November,Spring,Saturday,14:00 - 15:59,Midday / afternoon,False,False,True,True
1367988,Injury,Serious Injury,2024,2024,December,Monday,04:00 - 05:59,OLD WINDSOR,RD,0,Right on the spot,SAMANTHA RILEY,DR,STANHOPE GARDENS,635.0,No,Not a school zone,X-intersection,-33.712067,150.933519,Blacktown,Sydney metro. area,Syd-Newc-Woll Gtr conurbation,Straight,,,,Unknown / not stated,Sealed,Dry,Fine,Dawn,On,No traffic controls,80 km/h,State,10,Cross traffic,101,Adj - Cross traffic,,Right angle,Car (sedan/hatch),Light truck utility(from 2018),2,0,1,0,0,12,December,Summer,Monday,04:00 - 05:59,Late night / early morning,False,False,True,True