crash_id,degree_of_crash,degree_of_crash_-_detailed,reporting_year,year_of_crash,month_of_crash,day_of_week_of_crash,two-hour_intervals,street_of_crash,street_type,distance,direction,identifying_feature,identifying_feature_type,town,route_no.,school_zone_location,school_zone_active,type_of_location,latitude,longitude,lga,urbanisation,conurbation_1,alignment,primary_permanent_feature,primary_temporary_feature,primary_hazardous_feature,street_lighting,road_surface,surface_condition,weather,natural_lighting,signals_operation,other_traffic_control,speed_limit,road_classification_(admin),rum_-_code,rum_-_description,dca_-_code,dca_-_description,dca_supplement,first_impact_type,key_tu_type,other_tu_type,no._of_traffic_units_involved,no._killed,no._seriously_injured,no._moderately_injured,no._minor-other_injured,month_num,month_label,season,day_label,time_label,time_band,is_peak_commute,is_fatal,is_injury,is_casualty
1367995,Injury,Minor/Other Injury,2024,2024,October,Sunday,14:00 - 15:59,ELIZABETH,ST,10,North,MARTIN PLACE,OT,SYDNEY,,No,Not a school zone,2-way undivided,-33.86767,151.210588,Sydney,Sydney metro. area,Syd-Newc-Woll Gtr conurbation,Straight,,,,Unknown / not stated,Sealed,Dry,Fine,Daylight,Off,Ped crossing,40 km/h,Local,30,Rear end,301,Same - Rear end,,Rear end,Car (sedan/hatch),4 wheel drive / SUV,2,0,0,0,2,10,October,Spring,Sunday,14:00 - 15:59,Midday / afternoon,False,False,True,True
1368001,Injury,Minor/Other Injury,2024,2024,November,Saturday,06:00 - 07:59,OXFORD,ST,0,Right on the spot,ROBERTSON,ST,SUTHERLAND,,No,Not a school zone,X-intersection,-34.029655,151.056745,Sutherland,Sydney metro. area,Syd-Newc-Woll Gtr conurbation,Straight,,,,Unknown / not stated,Sealed,Dry,Fine,Dawn,Nil,Give way sign,50 km/h,Local,0,Ped nearside,1,Ped - Near side,,Vehicle - Pedestrian,4 wheel drive / SUV,Pedestrian,2,0,0,0,1,11,November,Spring,Saturday,06:00 - 07:59,AM peak / school commute,True,False,True,True
1368004,Injury,Minor/Other Injury,2024,2024,December,Sunday,14:00 - 15:59,PACIFIC,HWY,100,North,BENT,ST,LINDFIELD,10.0,No,Not a school zone,Divided road,-33.773901,151.167641,Ku-ring-gai,Sydney metro. area,Syd-Newc-Woll Gtr conurbation,Straight,,,,Unknown / not stated,Sealed,Dry,Fine,Daylight,Nil,No traffic controls,60 km/h,State,42,Leaving parking,401,Manov - Leaving parking,,Other angle,4 wheel drive / SUV,4 wheel drive / SUV,3,0,0,0,1,12,December,Summer,Sunday,14:00 - 15:59,Midday / afternoon,False,False,True,True
1368010,Injury,Minor/Other Injury,2024,2024,December,Sunday,12:00 - 13:59,CABRAMATTA,RD,0,Right on the spot,HARRINGTON,ST,MOUNT PRITCHARD,534.0,No,Not a school zone,T-junction,-33.895601,150.908618,Fairfield,Sydney metro. area,Syd-Newc-Woll Gtr conurbation,Straight,,,,Unknown / not stated,Sealed,Dry,Fine,Daylight,Nil,Stop sign,60 km/h,State,30,Rear end,301,Same - Rear end,,Rear end,4 wheel drive / SUV,4 wheel drive / SUV,2,0,0,0,1,12,December,Summer,Sunday,12:00 - 13:59,Midday / afternoon,False,False,True,True
1368012,Injury,Minor/Other Injury,2024,2024,November,Saturday,14:00 - 15:59,HIGH,ST,0,Right on the spot,JOHN,ST,CABRAMATTA WEST,,No,Not a school zone,Roundabout,-33.892397,150.916219,Fairfield,Sydney metro. area,Syd-Newc-Woll Gtr conurbation,Straight,,,,Unknown / not stated,Sealed,Dry,Fine,Daylight,Nil,No traffic controls,50 km/h,Local,10,Cross traffic,101,Adj - Cross traffic,,Right angle,4 wheel drive / SUV,Car (sedan/hatch),3,0,0,0,1,11,November,Spring,Saturday,14:00 - 15:59,Midday / afternoon,False,False,True,True
1368017,Injury,Moderate Injury,2024,2024,November,Saturday,08:00 - 09:59,GOULD,ST,0,Right on the spot,HALL,ST,BONDI BEACH,,No,Not a school zone,T-junction,-33.8909,151.273383,Waverley,Sydney metro. area,Syd-Newc-Woll Gtr conurbation,Straight,,,,Unknown / not stated,Sealed,Dry,Fine,Daylight,Nil,Stop sign,40 km/h,Local,21,Right through,202,Opp - Right-thru,,Other angle,Light truck utility(from 2018),Light truck,2,0,0,1,0,11,November,Spring,Saturday,08:00 - 09:59,AM peak / school commute,True,False,True,True
1368020,Injury,Minor/Other Injury,2024,2024,August,Wednesday,08:00 - 09:59,DARTBROOK,RD,0,Right on the spot,NUMBER 2,HN,AUBURN,,No,Not a school zone,2-way undivided,-33.85116,151.035783,Cumberland,Sydney metro. area,Syd-Newc-Woll Gtr conurbation,Straight,Driveway/entrance,,,Unknown / not stated,Sealed,Dry,Fine,Daylight,Nil,No traffic controls,50 km/h,Local,47,Emerging from drive,406,Manov - Emerging from driveway,,Right angle,Car (sedan/hatch),Car (sedan/hatch),2,0,0,0,1,8,August,Winter,Wednesday,08:00 - 09:59,AM peak / school commute,True,False,True,True
1368038,Injury,Minor/Other Injury,2024,2024,November,Wednesday,14:00 - 15:59,MOWBRAY,RD,20,West,PACIFIC,HWY,CHATSWOOD,2092.0,No,Not a school zone,2-way undivided,-33.805474,151.179049,Willoughby,Sydney metro. area,Syd-Newc-Woll Gtr conurbation,Straight,,,,Unknown / not stated,Sealed,Dry,Fine,Daylight,Nil,No traffic controls,50 km/h,Regional,34,Lane change right,306,Same - Lane change right,,Other angle,Car (sedan/hatch),Car (sedan/hatch),2,0,0,0,1,11,November,Spring,Wednesday,14:00 - 15:59,Midday / afternoon,False,False,True,True
1368041,Injury,Minor/Other Injury,2024,2024,November,Monday,10:00 - 11:59,PACIFIC,HWY,0,Right on the spot,HIGHFIELD,RD,LINDFIELD,10.0,Yes,No,T-junction,-33.773457,151.165844,Ku-ring-gai,Sydney metro. area,Syd-Newc-Woll Gtr conurbation,Straight,,,,Unknown / not stated,Sealed,Dry,Fine,Daylight,On,No traffic controls,60 km/h,State,30,Rear end,301,Same - Rear end,,Rear end,Light truck,Car (sedan/hatch),2,0,0,0,1,11,November,Spring,Monday,10:00 - 11:59,Midday / afternoon,False,False,True,True
1368042,Injury,Moderate Injury,2024,2024,December,Wednesday,20:00 - 21:59,ELARA,BVD,0,Right on the spot,NORTHBOURNE,DR,MARSDEN PARK,,No,Not a school zone,X-intersection,-33.695124,150.819053,Blacktown,Sydney metro. area,Syd-Newc-Woll Gtr conurbation,Straight,,,,Unknown / not stated,Sealed,Dry,Fine,Unknown,Nil,Stop sign,50 km/h,Local,21,Right through,202,Opp - Right-thru,,Other angle,Car (sedan/hatch),4 wheel drive / SUV,2,0,0,1,0,12,December,Summer,Wednesday,20:00 - 21:59,Evening / night,False,False,True,True
1368045,Injury,Serious Injury,2024,2024,December,Thursday,16:00 - 17:59,MENANGLE,RD,500,East,PICTON,RD,RAZORBACK,179.0,No,Not a school zone,2-way undivided,-34.19112,150.648928,Wollondilly,Country non-urban,Syd-Newc-Woll Gtr conurbation,Straight,,,,Unknown / not stated,Sealed,Dry,Fine,Daylight,Nil,No traffic controls,100 km/h,Regional,71,Off rd left => obj,703,Left off cway into object,,Vehicle - Object,Light truck utility(from 2018),,1,0,1,0,0,12,December,Summer,Thursday,16:00 - 17:59,PM peak / evening commute,True,False,True,True
1368046,Injury,Minor/Other Injury,2024,2024,January,Wednesday,14:00 - 15:59,FINCH,DR,40,South,OSCAR,PL,EASTGARDENS,,No,Not a school zone,2-way undivided,-33.943129,151.224336,Bayside,Sydney metro. area,Syd-Newc-Woll Gtr conurbation,Straight,Driveway/entrance,,,Unknown / not stated,Sealed,Dry,Fine,Daylight,Nil,No traffic controls,50 km/h,Local,47,Emerging from drive,406,Manov - Emerging from driveway,,Right angle,Car (sedan/hatch),Pedal cycle,2,0,0,0,1,1,January,Summer,Wednesday,14:00 - 15:59,Midday / afternoon,False,False,True,True
1368053,Injury,Moderate Injury,2024,2024,December,Thursday,00:01 - 01:59,BAKERS,LANE,500,South,STURT,HWY,GUMLY GUMLY,,No,Not a school zone,2-way undivided,-35.131461,147.430387,Wagga Wagga,Country urban,Rest of NSW - Urban,Straight,,,,Unknown / not stated,Sealed,Dry,Fine,Darkness,Nil,No traffic controls,60 km/h,Local,71,Off rd left => obj,703,Left off cway into object,,Vehicle - Object,Car (sedan/hatch),,1,0,0,1,0,12,December,Summer,Thursday,00:01 - 01:59,Late night / early morning,False,False,True,True
1368058,Injury,Minor/Other Injury,2024,2024,November,Friday,16:00 - 17:59,SOUTH WESTERN,EXP,900,East,BEECH ROAD,OP,PRESTONS,6005.0,No,Not a school zone,Dual freeway,-33.948022,150.891662,Liverpool,Sydney metro. area,Syd-Newc-Woll Gtr conurbation,Straight,,,,Unknown / not stated,Sealed,Dry,Fine,Daylight,Nil,No traffic controls,100 km/h,State,30,Rear end,301,Same - Rear end,,Rear end,Light truck utility(from 2018),Car (sedan/hatch),4,0,0,0,1,11,November,Spring,Friday,16:00 - 17:59,PM peak / evening commute,True,False,True,True
1368065,Injury,Moderate Injury,2024,2024,October,Monday,12:00 - 13:59,COMMERCIAL,RD,0,Right on the spot,MCCOMBE,AVE,ROUSE HILL,,No,Not a school zone,T-junction,-33.686034,150.924914,The Hills,Sydney metro. area,Syd-Newc-Woll Gtr conurbation,Straight,,,,Unknown / not stated,Sealed,Dry,Fine,Daylight,Nil,Give way sign,60 km/h,Local,13,Right near,104,Adj - Right-thru from right,,Right angle,Car (sedan/hatch),Car (sedan/hatch),2,0,0,1,0,10,October,Spring,Monday,12:00 - 13:59,Midday / afternoon,False,False,True,True
1368067,Injury,Minor/Other Injury,2024,2024,November,Wednesday,10:00 - 11:59,LITTLE,ST,0,Right on the spot,NUMBER 128,HN,FORSTER,,No,Not a school zone,2-way undivided,-32.191161,152.511817,Mid-Coast,Country urban,Rest of NSW - Urban,Straight,,,,Unknown / not stated,Sealed,Dry,Fine,Daylight,Nil,No traffic controls,50 km/h,Local,63,Vehicle door,604,On path - Vehicle door,,Other angle,Pedal cycle,Station wagon,2,0,0,0,1,11,November,Spring,Wednesday,10:00 - 11:59,Midday / afternoon,False,False,True,True
1368071,Injury,Minor/Other Injury,2024,2024,November,Wednesday,16:00 - 17:59,PITTWATER,RD,0,Right on the spot,TURIMETTA,ST,MONA VALE,164.0,No,Not a school zone,T-junction,-33.681731,151.303025,Northern Beaches,Sydney metro. area,Syd-Newc-Woll Gtr conurbation,Straight,,,,Unknown / not stated,Sealed,Dry,Fine,Unknown,Nil,Stop sign,70 km/h,State,21,Right through,202,Opp - Right-thru,,Other angle,Car (sedan/hatch),4 wheel drive / SUV,2,0,0,0,1,11,November,Spring,Wednesday,16:00 - 17:59,PM peak / evening commute,True,False,True,True
1368074,Injury,Minor/Other Injury,2024,2024,December,Wednesday,10:00 - 11:59,TERRIGAL,DR,70,West,DUFFYS,RD,TERRIGAL,505.0,No,Not a school zone,Divided road,-33.439855,151.423202,Central Coast,Country urban,Syd-Newc-Woll Gtr conurbation,Curved,,,,Unknown / not stated,Sealed,Dry,Fine,Daylight,Nil,No traffic controls,60 km/h,State,34,Lane change right,306,Same - Lane change right,,Other angle,Light truck utility(from 2018),Car (sedan/hatch),2,0,0,0,1,12,December,Summer,Wednesday,10:00 - 11:59,Midday / afternoon,False,False,True,True
1368076,Injury,Moderate Injury,2024,2024,October,Wednesday,06:00 - 07:59,ANZAC,PDE,20,North,LANG,RD,MOORE PARK,171.0,No,Not a school zone,Divided road,-33.895042,151.221462,Sydney,Sydney metro. area,Syd-Newc-Woll Gtr conurbation,Straight,,,,Unknown / not stated,Sealed,Dry,Fine,Daylight,Nil,No traffic controls,60 km/h,State,30,Rear end,301,Same - Rear end,,Rear end,Light truck,Light truck utility(from 2018),4,0,0,1,0,10,October,Spring,Wednesday,06:00 - 07:59,AM peak / school commute,True,False,True,True
1368077,Injury,Moderate Injury,2024,2024,December,Tuesday,08:00 - 09:59,FULLERS,RD,0,Right on the spot,NUMBER 49,HN,CHATSWOOD,191.0,No,Not a school zone,2-way undivided,-33.796237,151.172891,Willoughby,Sydney metro. area,Syd-Newc-Woll Gtr conurbation,Curved,,,,Unknown / not stated,Sealed,Dry,Fine,Daylight,Nil,No traffic controls,50 km/h,State,30,Rear end,301,Same - Rear end,,Rear end,Car (sedan/hatch),4 wheel drive / SUV,2,0,0,1,0,12,December,Summer,Tuesday,08:00 - 09:59,AM peak / school commute,True,False,True,True
1368079,Injury,Moderate Injury,2024,2024,November,Wednesday,14:00 - 15:59,FOREST,RD,50,North,GINNS,RD,SPRINGSIDE,245.0,No,Not a school zone,2-way undivided,-33.371439,149.081051,Orange,Country non-urban,Rest of NSW - Rural,Curved,Ditch/drain/culvert,,,Unknown / not stated,Sealed,Wet,Raining,Daylight,Nil,No traffic controls,100 km/h,Regional,81,Off left/rt bnd=>obj,803,Off right bend into obj,Left,Vehicle - Object,Car (sedan/hatch),,1,0,0,1,0,11,November,Spring,Wednesday,14:00 - 15:59,Midday / afternoon,False,False,True,True
1368091,Injury,Serious Injury,2024,2024,October,Sunday,12:00 - 13:59,KING GEORGES,RD,0,Right on the spot,TERRY,ST,BLAKEHURST,200.0,No,Not a school zone,X-intersection,-33.983402,151.10913,Georges River,Sydney metro. area,Syd-Newc-Woll Gtr conurbation,Straight,,,,Unknown / not stated,Sealed,Dry,Fine,Daylight,On,No traffic controls,70 km/h,State,10,Cross traffic,101,Adj - Cross traffic,,Right angle,Car (sedan/hatch),Car (sedan/hatch),2,0,1,0,0,10,October,Spring,Sunday,12:00 - 13:59,Midday / afternoon,False,False,True,True
1368092,Injury,Moderate Injury,2024,2024,November,Sunday,10:00 - 11:59,HUME,HWY,0,Right on the spot,BORONIA,RD,GREENACRE,2.0,No,Not a school zone,T-junction,-33.904596,151.042007,Canterbury-Bankstown,Sydney metro. area,Syd-Newc-Woll Gtr conurbation,Straight,,,,Unknown / not stated,Sealed,Dry,Fine,Daylight,On,No traffic controls,60 km/h,State,13,Right near,104,Adj - Right-thru from right,,Right angle,Car (sedan/hatch),4 wheel drive / SUV,2,0,0,2,0,11,November,Spring,Sunday,10:00 - 11:59,Midday / afternoon,False,False,True,True
1368093,Injury,Minor/Other Injury,2024,2024,November,Sunday,22:00 - Midnight,THE HORSLEY,DR,10,North,ALAN,ST,FAIRFIELD,609.0,No,Not a school zone,T-junction,-33.869345,150.959861,Fairfield,Sydney metro. area,Syd-Newc-Woll Gtr conurbation,Curved,,,,Unknown / not stated,Sealed,Wet,Other,Darkness,Nil,No traffic controls,60 km/h,State,87,Off lft/lft bnd=>obj,804,Off left bend into obj,Left,Vehicle - Object,Car (sedan/hatch),,1,0,0,0,1,11,November,Spring,Sunday,22:00 - Midnight,Evening / night,False,False,True,True
1368097,Injury,Minor/Other Injury,2024,2024,December,Sunday,12:00 - 13:59,CLARENCE,ST,0,Right on the spot,SHAFTESBURY,RD,BURWOOD,,No,Not a school zone,T-junction,-33.880638,151.10643,Burwood,Sydney metro. area,Syd-Newc-Woll Gtr conurbation,Straight,,,,Unknown / not stated,Sealed,Dry,Fine,Daylight,Nil,No traffic controls,50 km/h,Local,30,Rear end,301,Same - Rear end,,Rear end,Other bus,4 wheel drive / SUV,3,0,0,0,1,12,December,Summer,Sunday,12:00 - 13:59,Midday / afternoon,False,False,True,True
1368110,Injury,Minor/Other Injury,2024,2024,December,Wednesday,08:00 - 09:59,SILVERWATER,RD,100,North,CLYDE,ST,SYDNEY OLYMPIC PARK,190.0,No,Not a school zone,Divided road,-33.825956,151.051128,Parramatta,Sydney metro. area,Syd-Newc-Woll Gtr conurbation,Straight,,,,Unknown / not stated,Sealed,Wet,Raining,Daylight,Nil,No traffic controls,80 km/h,State,30,Rear end,301,Same - Rear end,,Rear end,4 wheel drive / SUV,Car (sedan/hatch),2,0,0,0,1,12,December,Summer,Wednesday,08:00 - 09:59,AM peak / school commute,True,False,True,True
1368114,Injury,Moderate Injury,2024,2024,December,Wednesday,10:00 - 11:59,NEWCASTLE,EXP,2000,South,PACIFIC HIGHWAY,OP,BEROWRA,6003.0,No,Not a school zone,Dual freeway,-33.622355,151.155552,Hornsby,Sydney metro. area,Syd-Newc-Woll Gtr conurbation,Straight,,,,Unknown / not stated,Sealed,Dry,Fine,Daylight,Nil,No traffic controls,110 km/h,State,30,Rear end,301,Same - Rear end,,Rear end,Light truck utility(from 2018),4 wheel drive / SUV,2,0,0,1,1,12,December,Summer,Wednesday,10:00 - 11:59,Midday / afternoon,False,False,True,True
1368115,Injury,Moderate Injury,2024,2024,November,Thursday,14:00 - 15:59,DERBY,ST,0,Right on the spot,NUMBER 204,HN,PENRITH,,No,Not a school zone,2-way undivided,-33.757652,150.697847,Penrith,Sydney metro. area,Syd-Newc-Woll Gtr conurbation,Straight,Driveway/entrance,,,Unknown / not stated,Sealed,Dry,Fine,Daylight,Nil,No traffic controls,50 km/h,Local,47,Emerging from drive,406,Manov - Emerging from driveway,,Right angle,Car (sedan/hatch),Car (sedan/hatch),3,0,0,1,0,11,November,Spring,Thursday,14:00 - 15:59,Midday / afternoon,False,False,True,True
1368117,Injury,Minor/Other Injury,2024,2024,December,Tuesday,14:00 - 15:59,RAILWAY,TCE,50,West,HUNTER,ST,LEWISHAM,664.0,No,Not a school zone,2-way undivided,-33.893567,151.147761,Inner West,Sydney metro. area,Syd-Newc-Woll Gtr conurbation,Straight,,,,Unknown / not stated,Sealed,Dry,Fine,Daylight,Nil,No traffic controls,50 km/h,State,30,Rear end,301,Same - Rear end,,Rear end,4 wheel drive / SUV,4 wheel drive / SUV,2,0,0,0,1,12,December,Summer,Tuesday,14:00 - 15:59,Midday / afternoon,False,False,True,True
1368120,Injury,Minor/Other Injury,2024,2024,December,Saturday,10:00 - 11:59,WALDRON,RD,0,Right on the spot,NUMBER 134,HN,CHESTER HILL,7102.0,No,Not a school zone,Divided road,-33.883198,151.001491,Canterbury-Bankstown,Sydney metro. area,Syd-Newc-Woll Gtr conurbation,Straight,,,,Unknown / not stated,Sealed,Dry,Fine,Daylight,Nil,No traffic controls,40 km/h,Regional,30,Rear end,301,Same - Rear end,,Rear end,Car (sedan/hatch),Car (sedan/hatch),3,0,0,0,1,12,December,Summer,Saturday,10:00 - 11:59,Midday / afternoon,False,False,True,True
1368121,Injury,Minor/Other Injury,2024,2024,October,Monday,16:00 - 17:59,HILLCREST,ST,0,Right on the spot,RENOWN,AVE,WILEY PARK,,No,Not a school zone,Roundabout,-33.925745,151.065382,Canterbury-Bankstown,Sydney metro. area,Syd-Newc-Woll Gtr conurbation,Straight,,,,Unknown / not stated,Sealed,Dry,Fine,Dusk,Nil,Give way sign,50 km/h,Local,49,Other manoeuvring,400,Manov - other,,Other angle,Pedal cycle,Car (sedan/hatch),2,0,0,0,1,10,October,Spring,Monday,16:00 - 17:59,PM peak / evening commute,True,False,True,True
1368122,Injury,Minor/Other Injury,2024,2024,November,Sunday,10:00 - 11:59,GREAT WESTERN,HWY,100,West,HARLEY,AVE,MOUNT VICTORIA,5.0,No,Not a school zone,2-way undivided,-33.592067,150.257315,Blue Mountains,Country urban,Syd-Newc-Woll Gtr conurbation,Curved,,,,Unknown / not stated,Sealed,Dry,Fine,Daylight,Nil,No traffic controls,60 km/h,State,30,Rear end,301,Same - Rear end,,Rear end,Car (sedan/hatch),Light truck utility(from 2018),2,0,0,0,1,11,November,Spring,Sunday,10:00 - 11:59,Midday / afternoon,False,False,True,True
1368123,Injury,Moderate Injury,2024,2024,October,Tuesday,10:00 - 11:59,PRINCES,HWY,0,Right on the spot,NUMBER 1055,HN,FALLS CREEK,1.0,No,Not a school zone,2-way undivided,-34.997019,150.584173,Shoalhaven,Country urban,Rest of NSW - Urban,Straight,,,,Unknown / not stated,Sealed,Dry,Fine,Daylight,Nil,No traffic controls,80 km/h,State,30,Rear end,301,Same - Rear end,,Rear end,Light truck utility(from 2018),4 wheel drive / SUV,2,0,0,1,1,10,October,Spring,Tuesday,10:00 - 11:59,Midday / afternoon,False,False,True,True
1368124,Injury,Minor/Other Injury,2024,2024,November,Wednesday,20:00 - 21:59,BOTANY,ST,0,Right on the spot,MIDDLE,ST,RANDWICK,,No,Not a school zone,X-intersection,-33.921966,151.23512,Randwick,Sydney metro. area,Syd-Newc-Woll Gtr conurbation,Straight,,,,Unknown / not stated,Sealed,Dry,Fine,Darkness,Nil,Stop sign,50 km/h,Local,30,Rear end,301,Same - Rear end,,Rear end,4 wheel drive / SUV,4 wheel drive / SUV,2,0,0,0,1,11,November,Spring,Wednesday,20:00 - 21:59,Evening / night,False,False,True,True
1368129,Injury,Moderate Injury,2024,2024,October,Sunday,18:00 - 19:59,PORT HACKING,RD,0,Right on the spot,NUMBER 500,HN,CARINGBAH SOUTH,,No,Not a school zone,2-way undivided,-34.056796,151.121121,Sutherland,Sydney metro. area,Syd-Newc-Woll Gtr conurbation,Straight,,,,Unknown / not stated,Sealed,Dry,Fine,Daylight,Nil,No traffic controls,50 km/h,Local,71,Off rd left => obj,703,Left off cway into object,,Other angle,4 wheel drive / SUV,Car (sedan/hatch),2,0,0,1,0,10,October,Spring,Sunday,18:00 - 19:59,PM peak / evening commute,True,False,True,True
1368132,Injury,Minor/Other Injury,2024,2024,October,Wednesday,06:00 - 07:59,EULALIA,ST,0,Right on the spot,NUMBER 13,HN,WEST RYDE,,No,Not a school zone,2-way undivided,-33.805813,151.071862,Ryde,Sydney metro. area,Syd-Newc-Woll Gtr conurbation,Straight,,,,Unknown / not stated,Sealed,Dry,Fine,Daylight,Nil,No traffic controls,50 km/h,Local,33,Lane sideswipe,305,Same - Lane side swipe,,Other angle,4 wheel drive / SUV,Motor scooter,2,0,0,0,1,10,October,Spring,Wednesday,06:00 - 07:59,AM peak / school commute,True,False,True,True
1368134,Injury,Minor/Other Injury,2024,2024,October,Tuesday,06:00 - 07:59,BELLS LINE OF,RD,500,North,OLD KURRAJONG,RD,RICHMOND,184.0,No,Not a school zone,2-way undivided,-33.586063,150.725116,Hawkesbury,Country urban,Syd-Newc-Woll Gtr conurbation,Straight,,,,Unknown / not stated,Sealed,Dry,Fine,Daylight,Nil,No traffic controls,60 km/h,State,30,Rear end,301,Same - Rear end,,Rear end,Car (sedan/hatch),4 wheel drive / SUV,2,0,0,0,1,10,October,Spring,Tuesday,06:00 - 07:59,AM peak / school commute,True,False,True,True
1368135,Injury,Serious Injury,2024,2024,November,Tuesday,06:00 - 07:59,HOLBROOK,RD,0,Right on the spot,MELIA,PL,SPRINGVALE,211.0,No,Not a school zone,T-junction,-35.163432,147.33563,Wagga Wagga,Country urban,Rest of NSW - Urban,Curved,,,,Unknown / not stated,Sealed,Dry,Fine,Dawn,Nil,No traffic controls,80 km/h,Regional,82,Off right/right bend,801,Off cway right bend,Right,Rollover,Car (sedan/hatch),,1,0,1,0,0,11,November,Spring,Tuesday,06:00 - 07:59,AM peak / school commute,True,False,True,True
1368137,Injury,Moderate Injury,2024,2024,October,Tuesday,12:00 - 13:59,CARLISLE,AVE,0,Right on the spot,O'BRIEN,ST,MOUNT DRUITT,629.0,No,Not a school zone,T-junction,-33.758036,150.818576,Blacktown,Sydney metro. area,Syd-Newc-Woll Gtr conurbation,Straight,,,,Unknown / not stated,Sealed,Dry,Fine,Daylight,Nil,No traffic controls,60 km/h,State,19,Other adjacent,100,Adj - other,,Right angle,Light truck utility(from 2018),4 wheel drive / SUV,3,0,0,1,0,10,October,Spring,Tuesday,12:00 - 13:59,Midday / afternoon,False,False,True,True
1368140,Injury,Minor/Other Injury,2024,2024,October,Wednesday,14:00 - 15:59,M7 WESTLINK,EXP,56,West,BEECH ROAD,OP,PRESTONS,6009.0,No,Not a school zone,Other,-33.950228,150.882889,Liverpool,Sydney metro. area,Syd-Newc-Woll Gtr conurbation,Curved,,,,Unknown / not stated,Sealed,Dry,Fine,Daylight,Nil,No traffic controls,100 km/h,State,33,Lane sideswipe,305,Same - Lane side swipe,,Other angle,Car (sedan/hatch),Car (sedan/hatch),2,0,0,0,1,10,October,Spring,Wednesday,14:00 - 15:59,Midday / afternoon,False,False,True,True
1368141,Injury,Minor/Other Injury,2024,2024,October,Monday,20:00 - 21:59,FAIRFORD,RD,0,Right on the spot,STACEY,ST,BANKSTOWN,190.0,No,Not a school zone,X-intersection,-33.929546,151.038304,Canterbury-Bankstown,Sydney metro. area,Syd-Newc-Woll Gtr conurbation,Straight,,,,Unknown / not stated,Sealed,Dry,Fine,Darkness,On,No traffic controls,70 km/h,State,10,Cross traffic,101,Adj - Cross traffic,,Right angle,Car (sedan/hatch),Car (sedan/hatch),2,0,0,0,1,10,October,Spring,Monday,20:00 - 21:59,Evening / night,False,False,True,True
1368146,Injury,Moderate Injury,2024,2024,October,Monday,08:00 - 09:59,MANNS,RD,0,Right on the spot,GRIEVE,RD,WEST GOSFORD,349.0,No,Not a school zone,X-intersection,-33.424833,151.319166,Central Coast,Country urban,Syd-Newc-Woll Gtr conurbation,Straight,,,,Unknown / not stated,Sealed,Dry,Fine,Daylight,On,No traffic controls,60 km/h,State,21,Right through,202,Opp - Right-thru,,Other angle,4 wheel drive / SUV,Light truck utility(from 2018),2,0,0,1,0,10,October,Spring,Monday,08:00 - 09:59,AM peak / school commute,True,False,True,True
1368148,Injury,Minor/Other Injury,2024,2024,October,Thursday,14:00 - 15:59,SOUTH,ST,0,Right on the spot,NUMBER 35,HN,RYDALMERE,,No,Not a school zone,2-way undivided,-33.815257,151.040467,Parramatta,Sydney metro. area,Syd-Newc-Woll Gtr conurbation,Straight,Driveway/entrance,,,Unknown / not stated,Sealed,Dry,Fine,Daylight,Nil,No traffic controls,50 km/h,Local,47,Emerging from drive,406,Manov - Emerging from driveway,,Right angle,Car (sedan/hatch),Car (sedan/hatch),2,0,0,0,1,10,October,Spring,Thursday,14:00 - 15:59,Midday / afternoon,False,False,True,True
1368151,Injury,Minor/Other Injury,2024,2024,December,Wednesday,14:00 - 15:59,NEW LAKE ENTRANCE,RD,0,Right on the spot,PIONEER,DR,OAK FLATS,611.0,No,Not a school zone,Roundabout,-34.571045,150.823202,Shellharbour,Wollongong met. area,Syd-Newc-Woll Gtr conurbation,Straight,,,,Nil,Sealed,Dry,Fine,Daylight,Nil,Give way sign,60 km/h,State,30,Rear end,301,Same - Rear end,,Rear end,Light truck utility(from 2018),4 wheel drive / SUV,2,0,0,0,1,12,December,Summer,Wednesday,14:00 - 15:59,Midday / afternoon,False,False,True,True
1368154,Injury,Moderate Injury,2024,2024,November,Saturday,10:00 - 11:59,PLATEAU,RD,50,South,SUFFOLK,AVE,COLLAROY,,No,Not a school zone,2-way undivided,-33.737547,151.291686,Northern Beaches,Sydney metro. area,Syd-Newc-Woll Gtr conurbation,Straight,Steep grade,,,Unknown / not stated,Sealed,Dry,Overcast,Daylight,Nil,No traffic controls,50 km/h,Local,71,Off rd left => obj,703,Left off cway into object,,Other angle,Car (sedan/hatch),Car (sedan/hatch),3,0,0,1,0,11,November,Spring,Saturday,10:00 - 11:59,Midday / afternoon,False,False,True,True
1368158,Injury,Minor/Other Injury,2024,2024,November,Friday,08:00 - 09:59,PACIFIC,HWY,100,North,BRUXNER PARK,RD,KORORA,10.0,No,Not a school zone,Divided road,-30.264179,153.129572,Coffs Harbour,Country urban,Rest of NSW - Urban,Straight,,,,Unknown / not stated,Sealed,Dry,Fine,Daylight,Nil,No traffic controls,60 km/h,State,39,Other same direction,300,Same - other,,Other angle,Station wagon,Light truck utility(from 2018),4,0,0,0,1,11,November,Spring,Friday,08:00 - 09:59,AM peak / school commute,True,False,True,True
1368161,Injury,Moderate Injury,2024,2024,October,Thursday,08:00 - 09:59,CARRINGTON,ST,0,Right on the spot,HYNDES,ST,WEST WALLSEND,,No,Not a school zone,X-intersection,-32.902455,151.582888,Lake Macquarie,Newcastle met. area,Syd-Newc-Woll Gtr conurbation,Straight,Steep grade,,,Unknown / not stated,Sealed,Dry,Fine,Daylight,Nil,Give way sign,50 km/h,Local,71,Off rd left => obj,703,Left off cway into object,,Vehicle - Object,Car (sedan/hatch),,1,0,0,1,0,10,October,Spring,Thursday,08:00 - 09:59,AM peak / school commute,True,False,True,True