crash_id,degree_of_crash,degree_of_crash_-_detailed,reporting_year,year_of_crash,month_of_crash,day_of_week_of_crash,two-hour_intervals,street_of_crash,street_type,distance,direction,identifying_feature,identifying_feature_type,town,route_no.,school_zone_location,school_zone_active,type_of_location,latitude,longitude,lga,urbanisation,conurbation_1,alignment,primary_permanent_feature,primary_temporary_feature,primary_hazardous_feature,street_lighting,road_surface,surface_condition,weather,natural_lighting,signals_operation,other_traffic_control,speed_limit,road_classification_(admin),rum_-_code,rum_-_description,dca_-_code,dca_-_description,dca_supplement,first_impact_type,key_tu_type,other_tu_type,no._of_traffic_units_involved,no._killed,no._seriously_injured,no._moderately_injured,no._minor-other_injured,month_num,month_label,season,day_label,time_label,time_band,is_peak_commute,is_fatal,is_injury,is_casualty
1368162,Injury,Moderate Injury,2024,2024,September,Thursday,14:00 - 15:59,JACKSONS,RD,0,Right on the spot,WARRIEWOOD SQUARE,ENT,WARRIEWOOD,,Yes,No,Divided road,-33.697071,151.296353,Northern Beaches,Sydney metro. area,Syd-Newc-Woll Gtr conurbation,Straight,Driveway/entrance,,,Unknown / not stated,Sealed,Wet,Raining,Daylight,Nil,Give way sign,40 km/h,Local,21,Right through,202,Opp - Right-thru,,Other angle,Motorcycle,Car (sedan/hatch),2,0,0,1,0,9,September,Spring,Thursday,14:00 - 15:59,Midday / afternoon,False,False,True,True
1368163,Injury,Minor/Other Injury,2024,2024,November,Wednesday,16:00 - 17:59,MILLER,ST,0,Right on the spot,ROSALIND,ST,CAMMERAY,599.0,Yes,No,X-intersection,-33.824966,151.209829,North Sydney,Sydney metro. area,Syd-Newc-Woll Gtr conurbation,Straight,,,,Unknown / not stated,Sealed,Dry,Fine,Daylight,Nil,Stop sign,50 km/h,State,21,Right through,202,Opp - Right-thru,,Other angle,Car (sedan/hatch),Light truck utility(from 2018),3,0,0,0,1,11,November,Spring,Wednesday,16:00 - 17:59,PM peak / evening commute,True,False,True,True
1368164,Injury,Serious Injury,2024,2024,December,Tuesday,12:00 - 13:59,ELIZABETH,ST,0,Right on the spot,EDDY,AVE,SURRY HILLS,7083.0,No,Not a school zone,T-junction,-33.882887,151.208419,Sydney,Sydney metro. area,Syd-Newc-Woll Gtr conurbation,Straight,,,,On,Sealed,Dry,Fine,Daylight,On,No traffic controls,40 km/h,Regional,16,Left near,107,Adj - Left-thru from right,,Right angle,Car (sedan/hatch),4 wheel drive / SUV,2,0,1,0,0,12,December,Summer,Tuesday,12:00 - 13:59,Midday / afternoon,False,False,True,True
1368170,Injury,Moderate Injury,2024,2024,November,Saturday,22:00 - Midnight,HAWKESBURY VALLEY,WAY,0,Right on the spot,MACQUARIE,ST,WINDSOR,184.0,No,Not a school zone,X-intersection,-33.612325,150.815103,Hawkesbury,Country urban,Syd-Newc-Woll Gtr conurbation,Straight,,,,Unknown / not stated,Sealed,Dry,Fine,Darkness,On,No traffic controls,60 km/h,State,21,Right through,202,Opp - Right-thru,,Other angle,Car (sedan/hatch),Car (sedan/hatch),2,0,0,1,0,11,November,Spring,Saturday,22:00 - Midnight,Evening / night,False,False,True,True
1368176,Injury,Serious Injury,2024,2024,December,Monday,18:00 - 19:59,DOUGLAS,ST,0,Right on the spot,ALBANY,RD,STANMORE,7085.0,No,Not a school zone,T-junction,-33.89298,151.158929,Inner West,Sydney metro. area,Syd-Newc-Woll Gtr conurbation,Straight,,,,Unknown / not stated,Sealed,Dry,Fine,Dusk,Nil,Give way sign,50 km/h,Regional,71,Off rd left => obj,703,Left off cway into object,,Vehicle - Object,Car (sedan/hatch),,1,0,1,0,0,12,December,Summer,Monday,18:00 - 19:59,PM peak / evening commute,True,False,True,True
1368177,Injury,Minor/Other Injury,2024,2024,August,Monday,12:00 - 13:59,MONARO,HWY,0,Right on the spot,RYRIE,ST,MICHELAGO,19.0,No,Not a school zone,T-junction,-35.703243,149.158265,Snowy Monaro Regional,Country non-urban,Rest of NSW - Rural,Straight,,,,Unknown / not stated,Sealed,Dry,Fine,Daylight,Nil,No traffic controls,100 km/h,State,30,Rear end,301,Same - Rear end,,Rear end,4 wheel drive / SUV,Station wagon,2,0,0,0,1,8,August,Winter,Monday,12:00 - 13:59,Midday / afternoon,False,False,True,True
1368179,Injury,Minor/Other Injury,2024,2024,November,Thursday,10:00 - 11:59,WEST HIGH,ST,0,Right on the spot,NUMBER 61,HN,COFFS HARBOUR,151.0,No,Not a school zone,2-way undivided,-30.294513,153.106442,Coffs Harbour,Country urban,Rest of NSW - Urban,Straight,Driveway/entrance,,,Unknown / not stated,Sealed,Dry,Fine,Daylight,Nil,No traffic controls,50 km/h,Regional,21,Right through,202,Opp - Right-thru,,Other angle,4 wheel drive / SUV,Car (sedan/hatch),2,0,0,0,1,11,November,Spring,Thursday,10:00 - 11:59,Midday / afternoon,False,False,True,True
1368180,Injury,Minor/Other Injury,2024,2024,December,Thursday,18:00 - 19:59,PITTWATER,RD,0,Right on the spot,JACKSONS,RD,WARRIEWOOD,164.0,No,Not a school zone,T-junction,-33.697712,151.300789,Northern Beaches,Sydney metro. area,Syd-Newc-Woll Gtr conurbation,Straight,,,,Unknown / not stated,Sealed,Dry,Fine,Dusk,On,No traffic controls,70 km/h,State,11,Right far,102,Adj - Right-thru from left,,Right angle,Car (sedan/hatch),Car (sedan/hatch),2,0,0,0,1,12,December,Summer,Thursday,18:00 - 19:59,PM peak / evening commute,True,False,True,True
1368188,Injury,Minor/Other Injury,2024,2024,October,Sunday,18:00 - 19:59,YAMBA,RD,300,East,PALMERS CHANNEL NORTH BANK,RD,PALMERS ISLAND,152.0,No,Not a school zone,2-way undivided,-29.430801,153.268799,Clarence Valley,Country non-urban,Rest of NSW - Rural,Curved,,,,Unknown / not stated,Sealed,Dry,Fine,Darkness,Nil,No traffic controls,90 km/h,Regional,85,Off rt/lft bnd=>obj,804,Off left bend into obj,Right,Vehicle - Object,Car (sedan/hatch),,1,0,0,0,1,10,October,Spring,Sunday,18:00 - 19:59,PM peak / evening commute,True,False,True,True
1368194,Injury,Minor/Other Injury,2024,2024,November,Wednesday,10:00 - 11:59,EDMONDSON,AVE,0,Right on the spot,ELEVENTH,AVE,AUSTRAL,2126.0,No,Not a school zone,X-intersection,-33.930246,150.812613,Liverpool,Sydney metro. area,Syd-Newc-Woll Gtr conurbation,Straight,,,,Unknown / not stated,Sealed,Dry,Fine,Daylight,Nil,Give way sign,60 km/h,Regional,10,Cross traffic,101,Adj - Cross traffic,,Right angle,Car (sedan/hatch),4 wheel drive / SUV,2,0,0,0,1,11,November,Spring,Wednesday,10:00 - 11:59,Midday / afternoon,False,False,True,True
1368195,Injury,Minor/Other Injury,2024,2024,December,Tuesday,06:00 - 07:59,SOUTHERN,EXP,2000,North,KANAHOOKA ROAD,OP,KEMBLA GRANGE,6006.0,No,Not a school zone,Dual freeway,-34.478199,150.826571,Wollongong,Wollongong met. area,Syd-Newc-Woll Gtr conurbation,Straight,,,,Unknown / not stated,Sealed,Dry,Fine,Dawn,Nil,No traffic controls,100 km/h,State,30,Rear end,301,Same - Rear end,,Rear end,Car (sedan/hatch),Car (sedan/hatch),2,0,0,0,1,12,December,Summer,Tuesday,06:00 - 07:59,AM peak / school commute,True,False,True,True
1368196,Injury,Minor/Other Injury,2024,2024,November,Friday,14:00 - 15:59,RICHMOND,RD,500,North,LLANDILO,RD,BERKSHIRE PARK,537.0,No,Not a school zone,2-way undivided,-33.65463,150.793938,Penrith,Sydney metro. area,Syd-Newc-Woll Gtr conurbation,Straight,Painted double centre lines,,,Unknown / not stated,Sealed,Wet,Raining,Daylight,Nil,No traffic controls,80 km/h,State,20,Head on,201,Opp - Head on,,Head-on,Large rigid,4 wheel drive / SUV,2,0,0,0,1,11,November,Spring,Friday,14:00 - 15:59,Midday / afternoon,False,False,True,True
1368199,Injury,Minor/Other Injury,2024,2024,November,Monday,16:00 - 17:59,NEWELL,HWY,0,Right on the spot,WOODWARD,ST,PARKES,17.0,No,Not a school zone,T-junction,-33.144336,148.170832,Parkes,Country urban,Rest of NSW - Urban,Curved,,,,Unknown / not stated,Sealed,Dry,Overcast,Daylight,Nil,Give way sign,50 km/h,State,32,Right rear,303,Same - Rear right,,Rear end,Light truck utility(from 2018),Car (sedan/hatch),2,0,0,0,1,11,November,Spring,Monday,16:00 - 17:59,PM peak / evening commute,True,False,True,True
1368204,Injury,Moderate Injury,2024,2024,December,Sunday,14:00 - 15:59,HONEYSUCKLE,DR,30,West,WORTH,PL,NEWCASTLE,,No,Not a school zone,Divided road,-32.926009,151.767405,Newcastle,Newcastle met. area,Syd-Newc-Woll Gtr conurbation,Straight,,,,Unknown / not stated,Sealed,Dry,Fine,Daylight,Nil,No traffic controls,30 km/h,Local,71,Off rd left => obj,703,Left off cway into object,,Other angle,Light truck utility(from 2018),Car (sedan/hatch),2,0,0,1,0,12,December,Summer,Sunday,14:00 - 15:59,Midday / afternoon,False,False,True,True
1368207,Injury,Minor/Other Injury,2024,2024,November,Friday,16:00 - 17:59,BEECROFT,RD,0,Right on the spot,NUMBER 102,HN,BEECROFT,139.0,Yes,No,2-way undivided,-33.753009,151.065704,Hornsby,Sydney metro. area,Syd-Newc-Woll Gtr conurbation,Straight,,,,Unknown / not stated,Sealed,Wet,Raining,Daylight,Nil,No traffic controls,60 km/h,State,30,Rear end,301,Same - Rear end,,Rear end,Car (sedan/hatch),Car (sedan/hatch),2,0,0,0,1,11,November,Spring,Friday,16:00 - 17:59,PM peak / evening commute,True,False,True,True
1368209,Injury,Serious Injury,2024,2024,December,Thursday,22:00 - Midnight,MACQUARIE,ST,100,South,CAHILL,EXP,SYDNEY,7304.0,No,Not a school zone,2-way undivided,-33.864165,151.212761,Sydney,Sydney metro. area,Syd-Newc-Woll Gtr conurbation,Straight,,,,Unknown / not stated,Sealed,Dry,Fine,Darkness,Nil,No traffic controls,40 km/h,Regional,0,Ped nearside,1,Ped - Near side,,Vehicle - Pedestrian,4 wheel drive / SUV,Pedestrian,3,0,1,1,0,12,December,Summer,Thursday,22:00 - Midnight,Evening / night,False,False,True,True
1368210,Injury,Moderate Injury,2024,2024,November,Saturday,12:00 - 13:59,CENTRAL COAST,HWY,0,Right on the spot,OCEAN VIEW,DR,WAMBERAL,30.0,No,Not a school zone,Roundabout,-33.422575,151.438949,Central Coast,Country urban,Syd-Newc-Woll Gtr conurbation,Straight,,,,Unknown / not stated,Sealed,Dry,Fine,Daylight,Nil,Give way sign,60 km/h,State,30,Rear end,301,Same - Rear end,,Rear end,Car (sedan/hatch),Motorcycle,2,0,0,1,0,11,November,Spring,Saturday,12:00 - 13:59,Midday / afternoon,False,False,True,True
1368212,Injury,Minor/Other Injury,2024,2024,November,Sunday,10:00 - 11:59,THE AVENUE,AVE,200,South,CROSS,ST,HURSTVILLE,,No,Not a school zone,1-way street,-33.966393,151.107157,Georges River,Sydney metro. area,Syd-Newc-Woll Gtr conurbation,Straight,,,,Unknown / not stated,Sealed,Dry,Fine,Daylight,Nil,No traffic controls,50 km/h,Local,33,Lane sideswipe,305,Same - Lane side swipe,,Other angle,Car (sedan/hatch),Car (sedan/hatch),2,0,0,0,1,11,November,Spring,Sunday,10:00 - 11:59,Midday / afternoon,False,False,True,True
1368215,Injury,Minor/Other Injury,2024,2024,December,Friday,14:00 - 15:59,DARLING,ST,0,Right on the spot,MACQUARIE,ST,DUBBO,,No,Not a school zone,T-junction,-32.265933,148.603247,Dubbo Regional,Country urban,Rest of NSW - Urban,Straight,,,,Unknown / not stated,Sealed,Dry,Fine,Daylight,Nil,Give way sign,60 km/h,Local,16,Left near,107,Adj - Left-thru from right,,Right angle,Motorcycle,Car (sedan/hatch),2,0,0,0,1,12,December,Summer,Friday,14:00 - 15:59,Midday / afternoon,False,False,True,True
1368216,Injury,Minor/Other Injury,2024,2024,November,Monday,06:00 - 07:59,HILLVIEW,ST,0,Right on the spot,RAILWAY,ST,WOY WOY,,No,Not a school zone,T-junction,-33.496894,151.308182,Central Coast,Country urban,Syd-Newc-Woll Gtr conurbation,Straight,,,,Unknown / not stated,Sealed,Wet,Raining,Dawn,Nil,Give way sign,50 km/h,Local,30,Rear end,301,Same - Rear end,,Rear end,4 wheel drive / SUV,Car (sedan/hatch),2,0,0,0,1,11,November,Spring,Monday,06:00 - 07:59,AM peak / school commute,True,False,True,True
1368217,Injury,Minor/Other Injury,2024,2024,October,Tuesday,16:00 - 17:59,EPPING,RD,100,East,FOREST,GR,EPPING,373.0,No,Not a school zone,Divided road,-33.773845,151.086903,Parramatta,Sydney metro. area,Syd-Newc-Woll Gtr conurbation,Curved,Steep grade,,,Unknown / not stated,Sealed,Dry,Fine,Daylight,Nil,No traffic controls,60 km/h,State,30,Rear end,301,Same - Rear end,,Rear end,4 wheel drive / SUV,Station wagon,3,0,0,0,1,10,October,Spring,Tuesday,16:00 - 17:59,PM peak / evening commute,True,False,True,True
1368222,Injury,Moderate Injury,2024,2024,November,Friday,16:00 - 17:59,ALLAMBIE,RD,20,West,FLERS,ST,ALLAMBIE HEIGHTS,7345.0,Yes,No,2-way undivided,-33.765112,151.248992,Northern Beaches,Sydney metro. area,Syd-Newc-Woll Gtr conurbation,Curved,Painted double centre lines,,,On,Sealed,Dry,Fine,Dusk,Nil,No traffic controls,60 km/h,Regional,20,Head on,201,Opp - Head on,,Head-on,4 wheel drive / SUV,4 wheel drive / SUV,2,0,0,1,0,11,November,Spring,Friday,16:00 - 17:59,PM peak / evening commute,True,False,True,True
1368224,Injury,Minor/Other Injury,2024,2024,February,Sunday,16:00 - 17:59,CORRIMAL,ST,0,Right on the spot,NUMBER 121 - 125,HN,WOLLONGONG,581.0,No,Not a school zone,2-way undivided,-34.425368,150.899899,Wollongong,Wollongong met. area,Syd-Newc-Woll Gtr conurbation,Straight,,,,Unknown / not stated,Sealed,Dry,Fine,Daylight,Nil,No traffic controls,60 km/h,State,71,Off rd left => obj,703,Left off cway into object,,Other angle,Car (sedan/hatch),4 wheel drive / SUV,2,0,0,0,1,2,February,Summer,Sunday,16:00 - 17:59,PM peak / evening commute,True,False,True,True
1368225,Injury,Moderate Injury,2024,2024,August,Saturday,14:00 - 15:59,HECTOR,ST,0,Right on the spot,WALDRON,RD,SEFTON,7101.0,No,Not a school zone,X-intersection,-33.883708,151.006723,Canterbury-Bankstown,Sydney metro. area,Syd-Newc-Woll Gtr conurbation,Straight,,,,Unknown / not stated,Sealed,Dry,Fine,Daylight,On,No traffic controls,60 km/h,Regional,10,Cross traffic,101,Adj - Cross traffic,,Right angle,Motorised push scooters,Car (sedan/hatch),2,0,0,1,0,8,August,Winter,Saturday,14:00 - 15:59,Midday / afternoon,False,False,True,True
1368229,Injury,Moderate Injury,2024,2024,October,Tuesday,20:00 - 21:59,BOTANY,RD,0,Right on the spot,BUMBORAH POINT,RD,MATRAVILLE,170.0,No,Not a school zone,T-junction,-33.966347,151.225057,Randwick,Sydney metro. area,Syd-Newc-Woll Gtr conurbation,Straight,,,,Unknown / not stated,Sealed,Dry,Fine,Darkness,On,No traffic controls,70 km/h,State,21,Right through,202,Opp - Right-thru,,Other angle,Semi-trailer,Light truck utility(from 2018),2,0,0,1,0,10,October,Spring,Tuesday,20:00 - 21:59,Evening / night,False,False,True,True
1368230,Injury,Minor/Other Injury,2024,2024,October,Wednesday,20:00 - 21:59,EL ALAMEIN,AVE,0,Right on the spot,MOORE,ST,LIVERPOOL,,No,Not a school zone,T-junction,-33.921219,150.912246,Liverpool,Sydney metro. area,Syd-Newc-Woll Gtr conurbation,Straight,,,,Unknown / not stated,Sealed,Dry,Fine,Darkness,Nil,No traffic controls,50 km/h,Local,85,Off rt/lft bnd=>obj,706,Left turn,Right,Vehicle - Object,4 wheel drive / SUV,,1,0,0,0,1,10,October,Spring,Wednesday,20:00 - 21:59,Evening / night,False,False,True,True
1368232,Injury,Minor/Other Injury,2024,2024,October,Tuesday,14:00 - 15:59,PACIFIC,HWY,670,South,CUDGEN ROAD,TU,STOTTS CREEK,10.0,No,Not a school zone,Divided road,-28.284435,153.516169,Tweed,Country non-urban,Rest of NSW - Rural,Straight,,,,Unknown / not stated,Sealed,Dry,Fine,Daylight,Nil,No traffic controls,110 km/h,State,73,Off rd rght => obj,704,Right off cway into obj,,Vehicle - Object,Car (sedan/hatch),,1,0,0,0,1,10,October,Spring,Tuesday,14:00 - 15:59,Midday / afternoon,False,False,True,True
1368237,Injury,Minor/Other Injury,2024,2024,November,Friday,06:00 - 07:59,SUNNYHOLT,RD,0,Right on the spot,M7 WESTLINK,EXP,KINGS PARK,642.0,No,Not a school zone,T-junction,-33.738672,150.917745,Blacktown,Sydney metro. area,Syd-Newc-Woll Gtr conurbation,Straight,Other bridge,,,Unknown / not stated,Sealed,Dry,Fine,Unknown,On,No traffic controls,70 km/h,State,49,Other manoeuvring,400,Manov - other,,Other angle,4 wheel drive / SUV,Car (sedan/hatch),4,0,0,0,2,11,November,Spring,Friday,06:00 - 07:59,AM peak / school commute,True,False,True,True
1368238,Injury,Moderate Injury,2024,2024,October,Thursday,16:00 - 17:59,GREENOAKS,AVE,65,East,DARLING POINT,RD,DARLING POINT,,No,Not a school zone,2-way undivided,-33.874609,151.236851,Woollahra,Sydney metro. area,Syd-Newc-Woll Gtr conurbation,Straight,,,,Nil,Sealed,Dry,Fine,Daylight,Nil,No traffic controls,50 km/h,Local,71,Off rd left => obj,703,Left off cway into object,,Other angle,Car (sedan/hatch),4 wheel drive / SUV,2,0,0,1,0,10,October,Spring,Thursday,16:00 - 17:59,PM peak / evening commute,True,False,True,True
1368239,Injury,Moderate Injury,2024,2024,October,Thursday,14:00 - 15:59,WAKEHURST,PKWY,200,North,JUDITH,ST,KILLARNEY HEIGHTS,397.0,No,Not a school zone,2-way undivided,-33.7752,151.237479,Northern Beaches,Sydney metro. area,Syd-Newc-Woll Gtr conurbation,Straight,Painted double centre lines,,,Unknown / not stated,Sealed,Dry,Fine,Daylight,Nil,No traffic controls,80 km/h,State,40,U turn,304,Same - U-turn,,Other angle,4 wheel drive / SUV,Station wagon,2,0,0,2,0,10,October,Spring,Thursday,14:00 - 15:59,Midday / afternoon,False,False,True,True
1368242,Injury,Moderate Injury,2024,2024,November,Sunday,12:00 - 13:59,GREAT NORTH,RD,0,Right on the spot,QUEENS,RD,FIVE DOCK,395.0,No,Not a school zone,X-intersection,-33.870551,151.129169,Canada Bay,Sydney metro. area,Syd-Newc-Woll Gtr conurbation,Straight,,,,Unknown / not stated,Sealed,Dry,Fine,Daylight,On,No traffic controls,60 km/h,State,10,Cross traffic,101,Adj - Cross traffic,,Right angle,Car (sedan/hatch),Car (sedan/hatch),2,0,0,1,0,11,November,Spring,Sunday,12:00 - 13:59,Midday / afternoon,False,False,True,True
1368244,Injury,Minor/Other Injury,2024,2024,November,Friday,16:00 - 17:59,PARK,RD,0,Right on the spot,NUMBER 11-15,HN,AUBURN,,Yes,No,2-way undivided,-33.850234,151.030516,Cumberland,Sydney metro. area,Syd-Newc-Woll Gtr conurbation,Straight,,,,Unknown / not stated,Sealed,Dry,Fine,Daylight,Nil,No traffic controls,50 km/h,Local,30,Rear end,301,Same - Rear end,,Rear end,Car (sedan/hatch),4 wheel drive / SUV,2,0,0,0,1,11,November,Spring,Friday,16:00 - 17:59,PM peak / evening commute,True,False,True,True
1368251,Injury,Moderate Injury,2024,2024,November,Thursday,10:00 - 11:59,CUTLER,DR,0,Right on the spot,OWEN,AVE,WYONG,,No,Not a school zone,T-junction,-33.275973,151.426898,Central Coast,Country urban,Syd-Newc-Woll Gtr conurbation,Curved,,,,Nil,Sealed,Dry,Fine,Daylight,Nil,No traffic controls,50 km/h,Local,16,Left near,107,Adj - Left-thru from right,,Right angle,Unknown motor vehicle,Car (sedan/hatch),2,0,0,1,0,11,November,Spring,Thursday,10:00 - 11:59,Midday / afternoon,False,False,True,True
1368252,Injury,Minor/Other Injury,2024,2024,November,Monday,10:00 - 11:59,BIRRELL,ST,0,Right on the spot,DONALD,PL,BONDI JUNCTION,7335.0,No,Not a school zone,T-junction,-33.896058,151.250471,Waverley,Sydney metro. area,Syd-Newc-Woll Gtr conurbation,Straight,,,,Unknown / not stated,Sealed,Dry,Fine,Daylight,Nil,Give way sign,50 km/h,Regional,30,Rear end,301,Same - Rear end,,Rear end,4 wheel drive / SUV,4 wheel drive / SUV,2,0,0,0,1,11,November,Spring,Monday,10:00 - 11:59,Midday / afternoon,False,False,True,True
1368254,Injury,Minor/Other Injury,2024,2024,November,Friday,10:00 - 11:59,LADY CUTLER,AVE,110,North,NORTH,TCE,BANKSTOWN,,No,Not a school zone,2-way undivided,-33.91617,151.0401,Canterbury-Bankstown,Sydney metro. area,Syd-Newc-Woll Gtr conurbation,Straight,Driveway/entrance,,,Unknown / not stated,Sealed,Dry,Fine,Daylight,Nil,No traffic controls,40 km/h,Local,47,Emerging from drive,406,Manov - Emerging from driveway,,Right angle,4 wheel drive / SUV,Car (sedan/hatch),2,0,0,0,1,11,November,Spring,Friday,10:00 - 11:59,Midday / afternoon,False,False,True,True
1368256,Injury,Minor/Other Injury,2024,2024,November,Thursday,16:00 - 17:59,VICTORIA,RD,0,Right on the spot,BOWDEN,ST,WEST RYDE,165.0,No,Not a school zone,X-intersection,-33.813536,151.096368,Ryde,Sydney metro. area,Syd-Newc-Woll Gtr conurbation,Straight,,,,Unknown / not stated,Sealed,Dry,Fine,Daylight,On,No traffic controls,60 km/h,State,53,Overtake turning,506,Ovtak - Overtaking right turn,,Other angle,Car (sedan/hatch),Motor scooter,2,0,0,0,1,11,November,Spring,Thursday,16:00 - 17:59,PM peak / evening commute,True,False,True,True
1368257,Injury,Minor/Other Injury,2024,2024,September,Friday,12:00 - 13:59,PRINCES,HWY,0,Right on the spot,BELLEVUE,RD,FIGTREE,1.0,No,Not a school zone,T-junction,-34.435096,150.86192,Wollongong,Wollongong met. area,Syd-Newc-Woll Gtr conurbation,Straight,,,,Unknown / not stated,Sealed,Dry,Fine,Daylight,On,No traffic controls,60 km/h,State,30,Rear end,301,Same - Rear end,,Rear end,Car (sedan/hatch),Light truck utility(from 2018),2,0,0,0,1,9,September,Spring,Friday,12:00 - 13:59,Midday / afternoon,False,False,True,True
1368260,Injury,Moderate Injury,2024,2024,October,Monday,12:00 - 13:59,WOODLANDS,RD,50,North,ARTHUR,ST,FORESTVILLE,,No,Not a school zone,2-way undivided,-33.759713,151.209501,Northern Beaches,Sydney metro. area,Syd-Newc-Woll Gtr conurbation,Straight,Painted double centre lines,,,Off,Sealed,Dry,Fine,Daylight,Nil,No traffic controls,50 km/h,Local,20,Head on,201,Opp - Head on,,Head-on,Light truck utility(from 2018),4 wheel drive / SUV,2,0,0,1,0,10,October,Spring,Monday,12:00 - 13:59,Midday / afternoon,False,False,True,True
1368261,Injury,Moderate Injury,2024,2024,December,Tuesday,06:00 - 07:59,MACQUARIE,DR,200,South,GLAD GUNSON,DR,ELEEBANA,527.0,No,Not a school zone,2-way undivided,-32.989977,151.636031,Lake Macquarie,Newcastle met. area,Syd-Newc-Woll Gtr conurbation,Straight,,,,Unknown / not stated,Sealed,Dry,Overcast,Dawn,Nil,No traffic controls,60 km/h,State,20,Head on,201,Opp - Head on,,Head-on,4 wheel drive / SUV,Car (sedan/hatch),2,0,0,1,0,12,December,Summer,Tuesday,06:00 - 07:59,AM peak / school commute,True,False,True,True
1368262,Injury,Serious Injury,2024,2024,December,Thursday,18:00 - 19:59,DURHAM,ST,0,Right on the spot,NELSON,ST,MOUNT DRUITT,,No,Not a school zone,T-junction,-33.771615,150.813864,Blacktown,Sydney metro. area,Syd-Newc-Woll Gtr conurbation,Straight,Driveway/entrance,,,Nil,Sealed,Dry,Fine,Unknown,Nil,No traffic controls,50 km/h,Local,47,Emerging from drive,406,Manov - Emerging from driveway,,Right angle,Light truck utility(from 2018),Car (sedan/hatch),2,0,1,0,0,12,December,Summer,Thursday,18:00 - 19:59,PM peak / evening commute,True,False,True,True
1368264,Injury,Moderate Injury,2024,2024,October,Saturday,08:00 - 09:59,LACHLAN VALLEY,WAY,999999,Unknown/not stated,UNKNOWN,UK,PAYTENS BRIDGE,56.0,No,Not a school zone,2-way undivided,-33.515308,148.333899,Forbes,Country non-urban,Rest of NSW - Rural,Straight,,,,Unknown / not stated,Sealed,Dry,Fine,Daylight,Nil,No traffic controls,100 km/h,State,67,Struck animal,609,On path - Hit animal,,Vehicle - Animal,Motorcycle,,1,0,0,1,0,10,October,Spring,Saturday,08:00 - 09:59,AM peak / school commute,True,False,True,True
1368265,Injury,Moderate Injury,2024,2024,October,Thursday,14:00 - 15:59,MEREDITH,ST,0,Right on the spot,NUMBER 72,HN,BANKSTOWN,,No,Not a school zone,2-way undivided,-33.912663,151.032214,Canterbury-Bankstown,Sydney metro. area,Syd-Newc-Woll Gtr conurbation,Straight,,,,Unknown / not stated,Sealed,Dry,Fine,Daylight,Nil,No traffic controls,60 km/h,Local,39,Other same direction,300,Same - other,,Other angle,Car (sedan/hatch),Car (sedan/hatch),2,0,0,1,0,10,October,Spring,Thursday,14:00 - 15:59,Midday / afternoon,False,False,True,True
1368266,Injury,Minor/Other Injury,2024,2024,October,Thursday,18:00 - 19:59,ELIZABETH,DR,0,Right on the spot,FLOWERDALE,RD,LIVERPOOL,535.0,No,Not a school zone,X-intersection,-33.915278,150.909701,Liverpool,Sydney metro. area,Syd-Newc-Woll Gtr conurbation,Straight,Driveway/entrance,,,Unknown / not stated,Sealed,Dry,Fine,Unknown,On,No traffic controls,70 km/h,State,30,Rear end,301,Same - Rear end,,Rear end,Light truck,Car (sedan/hatch),2,0,0,0,1,10,October,Spring,Thursday,18:00 - 19:59,PM peak / evening commute,True,False,True,True
1368269,Injury,Minor/Other Injury,2024,2024,July,Thursday,14:00 - 15:59,WINDSOR,RD,50,North,MEMORIAL,AVE,KELLYVILLE,184.0,No,Not a school zone,Divided road,-33.715594,150.96047,The Hills,Sydney metro. area,Syd-Newc-Woll Gtr conurbation,Straight,,,,Unknown / not stated,Sealed,Dry,Fine,Daylight,Nil,No traffic controls,60 km/h,State,70,Off road to left,701,Off carriageway to left,,Rollover,4 wheel drive / SUV,,1,0,0,0,1,7,July,Winter,Thursday,14:00 - 15:59,Midday / afternoon,False,False,True,True
1368272,Injury,Moderate Injury,2024,2024,November,Saturday,12:00 - 13:59,DAVIES,RD,0,Right on the spot,TALLAWARRA,AVE,PADSTOW,190.0,No,Not a school zone,T-junction,-33.956427,151.037974,Canterbury-Bankstown,Sydney metro. area,Syd-Newc-Woll Gtr conurbation,Straight,,,,Unknown / not stated,Sealed,Dry,Fine,Daylight,Nil,Give way sign,70 km/h,State,31,Left rear,302,Same - Rear left,,Rear end,Car (sedan/hatch),Light truck utility(from 2018),2,0,0,1,0,11,November,Spring,Saturday,12:00 - 13:59,Midday / afternoon,False,False,True,True
1368276,Injury,Moderate Injury,2024,2024,December,Saturday,10:00 - 11:59,HEATHCOTE,RD,0,Right on the spot,BARDIA,PDE,HAMMONDVILLE,512.0,No,Not a school zone,X-intersection,-33.949292,150.950069,Liverpool,Sydney metro. area,Syd-Newc-Woll Gtr conurbation,Straight,,,,Off,Sealed,Wet,Raining,Daylight,On,No traffic controls,60 km/h,State,16,Left near,107,Adj - Left-thru from right,,Right angle,4 wheel drive / SUV,Car (sedan/hatch),2,0,0,1,0,12,December,Summer,Saturday,10:00 - 11:59,Midday / afternoon,False,False,True,True