crash_id,degree_of_crash,degree_of_crash_-_detailed,reporting_year,year_of_crash,month_of_crash,day_of_week_of_crash,two-hour_intervals,street_of_crash,street_type,distance,direction,identifying_feature,identifying_feature_type,town,route_no.,school_zone_location,school_zone_active,type_of_location,latitude,longitude,lga,urbanisation,conurbation_1,alignment,primary_permanent_feature,primary_temporary_feature,primary_hazardous_feature,street_lighting,road_surface,surface_condition,weather,natural_lighting,signals_operation,other_traffic_control,speed_limit,road_classification_(admin),rum_-_code,rum_-_description,dca_-_code,dca_-_description,dca_supplement,first_impact_type,key_tu_type,other_tu_type,no._of_traffic_units_involved,no._killed,no._seriously_injured,no._moderately_injured,no._minor-other_injured,month_num,month_label,season,day_label,time_label,time_band,is_peak_commute,is_fatal,is_injury,is_casualty
1368277,Injury,Minor/Other Injury,2024,2024,November,Monday,18:00 - 19:59,CANTERBURY,RD,33,South,CRINAN,ST,HURLSTONE PARK,167.0,No,Not a school zone,2-way undivided,-33.906459,151.126972,Inner West,Sydney metro. area,Syd-Newc-Woll Gtr conurbation,Straight,Steep grade,,,Unknown / not stated,Sealed,Dry,Fine,Daylight,Nil,No traffic controls,60 km/h,State,33,Lane sideswipe,305,Same - Lane side swipe,,Other angle,Car (sedan/hatch),Car (sedan/hatch),2,0,0,0,1,11,November,Spring,Monday,18:00 - 19:59,PM peak / evening commute,True,False,True,True
1368279,Injury,Minor/Other Injury,2024,2024,November,Wednesday,12:00 - 13:59,FERMOY,AVE,0,Right on the spot,LITTLE URALBA,ST,LISMORE,,No,Not a school zone,T-junction,-28.807921,153.292321,Lismore,Country urban,Rest of NSW - Urban,Straight,,,,Unknown / not stated,Sealed,Dry,Fine,Daylight,Nil,Give way sign,50 km/h,Local,13,Right near,104,Adj - Right-thru from right,,Right angle,4 wheel drive / SUV,Car (sedan/hatch),2,0,0,0,1,11,November,Spring,Wednesday,12:00 - 13:59,Midday / afternoon,False,False,True,True
1368284,Injury,Serious Injury,2024,2024,October,Wednesday,16:00 - 17:59,PEMBROKE,RD,100,South,SARK,GR,MINTO,680.0,No,Not a school zone,2-way undivided,-34.040349,150.843427,Campbelltown,Sydney metro. area,Syd-Newc-Woll Gtr conurbation,Straight,Driveway/entrance,,,Unknown / not stated,Sealed,Dry,Fine,Dusk,Nil,No traffic controls,60 km/h,State,32,Right rear,303,Same - Rear right,,Rear end,4 wheel drive / SUV,Car (sedan/hatch),2,0,1,0,1,10,October,Spring,Wednesday,16:00 - 17:59,PM peak / evening commute,True,False,True,True
1368286,Injury,Serious Injury,2024,2024,November,Monday,08:00 - 09:59,BURRAGORANG,RD,0,Right on the spot,NUMBER 650,HN,THE OAKS,259.0,No,Not a school zone,2-way undivided,-34.066333,150.586373,Wollondilly,Country non-urban,Syd-Newc-Woll Gtr conurbation,Curved,Steep grade,,,Unknown / not stated,Sealed,Dry,Fine,Daylight,Nil,No traffic controls,100 km/h,Regional,85,Off rt/lft bnd=>obj,804,Off left bend into obj,Right,Vehicle - Object,4 wheel drive / SUV,,1,0,1,0,0,11,November,Spring,Monday,08:00 - 09:59,AM peak / school commute,True,False,True,True
1368287,Injury,Moderate Injury,2024,2024,November,Thursday,16:00 - 17:59,DELFIN,DR,0,Right on the spot,TWEED,CT,WATTLE GROVE,,No,Not a school zone,T-junction,-33.944877,150.938989,Liverpool,Sydney metro. area,Syd-Newc-Woll Gtr conurbation,Curved,,,,Unknown / not stated,Sealed,Dry,Fine,Daylight,Nil,No traffic controls,40 km/h,Local,74,On road-out of cont.,705,Out of control on cway,,Rollover,Car (sedan/hatch),,1,0,0,1,0,11,November,Spring,Thursday,16:00 - 17:59,PM peak / evening commute,True,False,True,True
1368292,Injury,Moderate Injury,2024,2024,October,Wednesday,12:00 - 13:59,BOTANY,RD,75,North,BOURKE,ST,ALEXANDRIA,170.0,Yes,No,2-way undivided,-33.904866,151.202673,Sydney,Sydney metro. area,Syd-Newc-Woll Gtr conurbation,Straight,,,,Unknown / not stated,Sealed,Dry,Fine,Daylight,Nil,No traffic controls,50 km/h,State,71,Off rd left => obj,703,Left off cway into object,,Vehicle - Object,Light truck,,1,0,0,1,0,10,October,Spring,Wednesday,12:00 - 13:59,Midday / afternoon,False,False,True,True
1368295,Injury,Minor/Other Injury,2024,2024,November,Tuesday,08:00 - 09:59,CARLISLE,AVE,0,Right on the spot,WOODSTOCK,AVE,HEBERSHAM,629.0,No,Not a school zone,Roundabout,-33.756221,150.818863,Blacktown,Sydney metro. area,Syd-Newc-Woll Gtr conurbation,Curved,,,,Unknown / not stated,Sealed,Dry,Fine,Daylight,Nil,Give way sign,60 km/h,State,30,Rear end,301,Same - Rear end,,Rear end,Car (sedan/hatch),Car (sedan/hatch),2,0,0,0,1,11,November,Spring,Tuesday,08:00 - 09:59,AM peak / school commute,True,False,True,True
1368297,Injury,Moderate Injury,2024,2024,November,Tuesday,12:00 - 13:59,NEWCASTLE,EXP,0,Right on the spot,PACIFIC HIGHWAY,OP,BAR POINT,6003.0,No,Not a school zone,Dual freeway,-33.476573,151.189083,Central Coast,Country non-urban,Syd-Newc-Woll Gtr conurbation,Curved,,,,Unknown / not stated,Sealed,Dry,Fine,Daylight,Nil,No traffic controls,110 km/h,State,30,Rear end,301,Same - Rear end,,Rear end,Light truck utility(from 2018),Car (sedan/hatch),3,0,0,1,0,11,November,Spring,Tuesday,12:00 - 13:59,Midday / afternoon,False,False,True,True
1368298,Injury,Moderate Injury,2024,2024,October,Wednesday,16:00 - 17:59,GENERAL HOLMES,DR,400,West,BUTLER,RD,MASCOT,194.0,No,Not a school zone,Divided road,-33.945902,151.181403,Bayside,Sydney metro. area,Syd-Newc-Woll Gtr conurbation,Straight,,,,Unknown / not stated,Sealed,Dry,Fine,Daylight,Nil,No traffic controls,70 km/h,State,30,Rear end,301,Same - Rear end,,Rear end,Semi-trailer,Light truck utility(from 2018),3,0,0,1,0,10,October,Spring,Wednesday,16:00 - 17:59,PM peak / evening commute,True,False,True,True
1368303,Injury,Serious Injury,2024,2024,October,Saturday,10:00 - 11:59,PITTWATER,RD,0,Right on the spot,ALEXANDER,ST,MANLY,159.0,No,Not a school zone,X-intersection,-33.789271,151.284832,Northern Beaches,Sydney metro. area,Syd-Newc-Woll Gtr conurbation,Straight,,,,Unknown / not stated,Sealed,Dry,Overcast,Daylight,Nil,No traffic controls,40 km/h,State,74,On road-out of cont.,705,Out of control on cway,,Rollover,Motorcycle,,1,0,1,0,0,10,October,Spring,Saturday,10:00 - 11:59,Midday / afternoon,False,False,True,True
1368306,Injury,Moderate Injury,2024,2024,August,Tuesday,08:00 - 09:59,BONDI,RD,0,Right on the spot,PAUL,ST,BONDI JUNCTION,172.0,No,Not a school zone,X-intersection,-33.892879,151.256313,Waverley,Sydney metro. area,Syd-Newc-Woll Gtr conurbation,Straight,,,,Off,Sealed,Dry,Fine,Daylight,Nil,Give way sign,50 km/h,State,10,Cross traffic,101,Adj - Cross traffic,,Right angle,Car (sedan/hatch),Motor scooter,2,0,0,1,0,8,August,Winter,Tuesday,08:00 - 09:59,AM peak / school commute,True,False,True,True
1368307,Injury,Minor/Other Injury,2024,2024,October,Friday,16:00 - 17:59,SEVEN HILLS,RD,10,South,SOLAR,AVE,BAULKHAM HILLS,2104.0,No,Not a school zone,T-junction,-33.755688,150.95754,The Hills,Sydney metro. area,Syd-Newc-Woll Gtr conurbation,Straight,,,,Unknown / not stated,Sealed,Dry,Fine,Dusk,Nil,No traffic controls,60 km/h,Regional,30,Rear end,301,Same - Rear end,,Rear end,Car (sedan/hatch),4 wheel drive / SUV,2,0,0,0,1,10,October,Spring,Friday,16:00 - 17:59,PM peak / evening commute,True,False,True,True
1368311,Injury,Serious Injury,2024,2024,November,Wednesday,14:00 - 15:59,HYAM,ST,0,Right on the spot,MANDALAY,AVE,NOWRA,,No,Not a school zone,X-intersection,-34.868476,150.598135,Shoalhaven,Country urban,Rest of NSW - Urban,Straight,Steep grade,,,Off,Sealed,Dry,Fine,Daylight,Nil,Give way sign,50 km/h,Local,74,On road-out of cont.,705,Out of control on cway,,Rollover,Motorcycle,,1,0,1,0,0,11,November,Spring,Wednesday,14:00 - 15:59,Midday / afternoon,False,False,True,True
1368313,Injury,Minor/Other Injury,2024,2024,November,Wednesday,16:00 - 17:59,PUNCHBOWL,RD,0,Right on the spot,BENAROON,RD,BELMORE,549.0,No,Not a school zone,T-junction,-33.907823,151.076504,Canterbury-Bankstown,Sydney metro. area,Syd-Newc-Woll Gtr conurbation,Curved,,,,Unknown / not stated,Sealed,Dry,Fine,Daylight,Nil,No traffic controls,60 km/h,State,21,Right through,202,Opp - Right-thru,,Other angle,Car (sedan/hatch),Car (sedan/hatch),2,0,0,0,1,11,November,Spring,Wednesday,16:00 - 17:59,PM peak / evening commute,True,False,True,True
1368314,Injury,Moderate Injury,2024,2024,December,Monday,14:00 - 15:59,LACHLAN VALLEY,WAY,3000,North,HUME,HWY,BOWNING,56.0,No,Not a school zone,2-way undivided,-34.761923,148.855704,Yass Valley,Country non-urban,Rest of NSW - Rural,Straight,,,,Unknown / not stated,Sealed,Dry,Fine,Daylight,Nil,No traffic controls,100 km/h,State,72,Off road to right,702,Off carriageway to right,,Rollover,Light truck utility(from 2018),,1,0,0,1,0,12,December,Summer,Monday,14:00 - 15:59,Midday / afternoon,False,False,True,True
1368315,Injury,Moderate Injury,2024,2024,September,Monday,16:00 - 17:59,PACIFIC,HWY,0,Right on the spot,CAMPBELL,ST,ARTARMON,10.0,No,Not a school zone,T-junction,-33.818889,151.183412,Willoughby,Sydney metro. area,Syd-Newc-Woll Gtr conurbation,Straight,,,,Unknown / not stated,Sealed,Dry,Fine,Daylight,On,No traffic controls,60 km/h,State,21,Right through,202,Opp - Right-thru,,Other angle,Station wagon,Car (sedan/hatch),2,0,0,1,0,9,September,Spring,Monday,16:00 - 17:59,PM peak / evening commute,True,False,True,True
1368318,Injury,Minor/Other Injury,2024,2024,October,Sunday,06:00 - 07:59,CUMBERLAND,HWY,0,Right on the spot,CASTLE HILL,RD,WEST PENNANT HILLS,13.0,No,Not a school zone,T-junction,-33.748074,151.04983,The Hills,Sydney metro. area,Syd-Newc-Woll Gtr conurbation,Curved,,,,Unknown / not stated,Sealed,Dry,Fine,Daylight,On,No traffic controls,70 km/h,State,21,Right through,202,Opp - Right-thru,,Other angle,4 wheel drive / SUV,Car (sedan/hatch),2,0,0,0,1,10,October,Spring,Sunday,06:00 - 07:59,AM peak / school commute,True,False,True,True
1368319,Injury,Minor/Other Injury,2024,2024,December,Monday,18:00 - 19:59,MARGARET,ST,50,West,WENDEN,ST,FAIRFIELD,,No,Not a school zone,2-way undivided,-33.875992,150.938902,Fairfield,Sydney metro. area,Syd-Newc-Woll Gtr conurbation,Straight,,,,Unknown / not stated,Sealed,Dry,Fine,Dusk,Nil,No traffic controls,50 km/h,Local,39,Other same direction,300,Same - other,,Other angle,4 wheel drive / SUV,Car (sedan/hatch),2,0,0,0,1,12,December,Summer,Monday,18:00 - 19:59,PM peak / evening commute,True,False,True,True
1368332,Injury,Minor/Other Injury,2024,2024,September,Saturday,16:00 - 17:59,HUME,HWY,0,Right on the spot,BEECH,RD,CASULA,2.0,No,Not a school zone,X-intersection,-33.957487,150.882391,Liverpool,Sydney metro. area,Syd-Newc-Woll Gtr conurbation,Straight,,,,Unknown / not stated,Sealed,Dry,Fine,Dusk,On,No traffic controls,70 km/h,State,32,Right rear,303,Same - Rear right,,Rear end,Unknown motor vehicle,Car (sedan/hatch),2,0,0,0,1,9,September,Spring,Saturday,16:00 - 17:59,PM peak / evening commute,True,False,True,True
1368333,Injury,Minor/Other Injury,2024,2024,July,Tuesday,12:00 - 13:59,MILPERRA,RD,0,Right on the spot,NANCY ELLIS LEEBOLD,DR,MILPERRA,167.0,No,Not a school zone,T-junction,-33.930746,150.995525,Canterbury-Bankstown,Sydney metro. area,Syd-Newc-Woll Gtr conurbation,Straight,,,,Unknown / not stated,Sealed,Dry,Fine,Daylight,On,No traffic controls,70 km/h,State,29,Other opposing,200,Opp - other,,Other angle,Light truck,Light truck utility(from 2018),2,0,0,0,1,7,July,Winter,Tuesday,12:00 - 13:59,Midday / afternoon,False,False,True,True
1368336,Injury,Serious Injury,2024,2024,October,Thursday,08:00 - 09:59,FORESHORE,RD,0,Right on the spot,SIRIUS,RD,BOTANY,617.0,No,Not a school zone,T-junction,-33.959571,151.204948,Bayside,Sydney metro. area,Syd-Newc-Woll Gtr conurbation,Straight,,,,Unknown / not stated,Sealed,Dry,Fine,Daylight,On,No traffic controls,80 km/h,State,30,Rear end,301,Same - Rear end,,Rear end,Car (sedan/hatch),4 wheel drive / SUV,2,0,1,0,0,10,October,Spring,Thursday,08:00 - 09:59,AM peak / school commute,True,False,True,True
1368339,Injury,Minor/Other Injury,2024,2024,November,Tuesday,08:00 - 09:59,WINDSOR,RD,0,Right on the spot,MILLCROFT,WAY,BEAUMONT HILLS,184.0,No,Not a school zone,T-junction,-33.705493,150.934459,The Hills,Sydney metro. area,Syd-Newc-Woll Gtr conurbation,Straight,,,,Unknown / not stated,Sealed,Dry,Fine,Daylight,On,No traffic controls,80 km/h,State,13,Right near,104,Adj - Right-thru from right,,Right angle,Car (sedan/hatch),Car (sedan/hatch),2,0,0,0,1,11,November,Spring,Tuesday,08:00 - 09:59,AM peak / school commute,True,False,True,True
1368341,Injury,Minor/Other Injury,2024,2024,October,Wednesday,20:00 - 21:59,GREENFIELD,RD,0,Right on the spot,MYRTLE,RD,PRAIRIEWOOD,,No,Not a school zone,T-junction,-33.869824,150.898506,Fairfield,Sydney metro. area,Syd-Newc-Woll Gtr conurbation,Straight,,,,Unknown / not stated,Sealed,Dry,Fine,Darkness,On,No traffic controls,50 km/h,Local,21,Right through,202,Opp - Right-thru,,Other angle,Car (sedan/hatch),Light truck utility(from 2018),2,0,0,0,1,10,October,Spring,Wednesday,20:00 - 21:59,Evening / night,False,False,True,True
1368343,Injury,Moderate Injury,2024,2024,October,Sunday,14:00 - 15:59,TERRY,RD,30,North,ANDROMEDA,PKWY,BOX HILL,,No,Not a school zone,2-way undivided,-33.649128,150.898893,The Hills,Sydney metro. area,Syd-Newc-Woll Gtr conurbation,Straight,,,,Unknown / not stated,Sealed,Dry,Fine,Daylight,Nil,No traffic controls,60 km/h,Local,30,Rear end,301,Same - Rear end,,Rear end,Car (sedan/hatch),Car (sedan/hatch),2,0,0,1,0,10,October,Spring,Sunday,14:00 - 15:59,Midday / afternoon,False,False,True,True
1368350,Injury,Moderate Injury,2024,2024,November,Friday,16:00 - 17:59,WESTERN,EXP,600,West,RESERVOIR,RD,HUNTINGWOOD,6004.0,No,Not a school zone,Dual freeway,-33.802341,150.889537,Blacktown,Sydney metro. area,Syd-Newc-Woll Gtr conurbation,Straight,,,,Unknown / not stated,Sealed,Dry,Fine,Daylight,Nil,No traffic controls,100 km/h,State,30,Rear end,301,Same - Rear end,,Rear end,Car (sedan/hatch),4 wheel drive / SUV,2,0,0,1,1,11,November,Spring,Friday,16:00 - 17:59,PM peak / evening commute,True,False,True,True
1368355,Injury,Serious Injury,2024,2024,December,Saturday,16:00 - 17:59,HUME,HWY,50,West,GOVERNOR MACQUARIE,DR,WARWICK FARM,2.0,No,Not a school zone,Divided road,-33.911601,150.93768,Liverpool,Sydney metro. area,Syd-Newc-Woll Gtr conurbation,Straight,,,,Unknown / not stated,Sealed,Dry,Fine,Daylight,Nil,No traffic controls,70 km/h,State,30,Rear end,301,Same - Rear end,,Rear end,Car (sedan/hatch),Car (sedan/hatch),3,0,1,0,0,12,December,Summer,Saturday,16:00 - 17:59,PM peak / evening commute,True,False,True,True
1368360,Injury,Minor/Other Injury,2024,2024,July,Monday,18:00 - 19:59,WOMMARA,AVE,50,East,MASTER,ST,BELMONT NORTH,325.0,No,Not a school zone,2-way undivided,-33.021495,151.675866,Lake Macquarie,Newcastle met. area,Syd-Newc-Woll Gtr conurbation,Straight,,,,Unknown / not stated,Sealed,Dry,Fine,Darkness,Nil,No traffic controls,60 km/h,Regional,49,Other manoeuvring,400,Manov - other,,Other angle,4 wheel drive / SUV,4 wheel drive / SUV,2,0,0,0,1,7,July,Winter,Monday,18:00 - 19:59,PM peak / evening commute,True,False,True,True
1368361,Injury,Serious Injury,2024,2024,October,Thursday,08:00 - 09:59,EDITH,ST,0,Right on the spot,NUMBER 57,HN,WARATAH,188.0,No,Not a school zone,2-way undivided,-32.903198,151.720468,Newcastle,Newcastle met. area,Syd-Newc-Woll Gtr conurbation,Straight,Steep grade,,,Unknown / not stated,Sealed,Dry,Fine,Daylight,Nil,No traffic controls,60 km/h,Regional,79,Other straight,700,Other straight,,Unknown,Car (sedan/hatch),,1,0,1,0,0,10,October,Spring,Thursday,08:00 - 09:59,AM peak / school commute,True,False,True,True
1368363,Injury,Serious Injury,2024,2024,October,Monday,08:00 - 09:59,ABELL,RD,10,West,MAZUS,ST,MELONBA,,No,Not a school zone,T-junction,-33.701919,150.789376,Blacktown,Sydney metro. area,Syd-Newc-Woll Gtr conurbation,Straight,,,,Unknown / not stated,Sealed,Dry,Fine,Daylight,Nil,No traffic controls,50 km/h,Local,0,Ped nearside,1,Ped - Near side,,Vehicle - Pedestrian,Station wagon,Pedestrian,2,0,1,0,0,10,October,Spring,Monday,08:00 - 09:59,AM peak / school commute,True,False,True,True
1368365,Injury,Moderate Injury,2024,2024,November,Wednesday,08:00 - 09:59,CENTRAL COAST,HWY,0,Right on the spot,CURRINGA,RD,KARIONG,30.0,No,Not a school zone,X-intersection,-33.433999,151.296485,Central Coast,Country urban,Syd-Newc-Woll Gtr conurbation,Straight,,,,Unknown / not stated,Sealed,Dry,Fine,Daylight,On,No traffic controls,60 km/h,State,30,Rear end,301,Same - Rear end,,Rear end,4 wheel drive / SUV,Car (sedan/hatch),2,0,0,1,0,11,November,Spring,Wednesday,08:00 - 09:59,AM peak / school commute,True,False,True,True
1368381,Injury,Minor/Other Injury,2024,2024,December,Sunday,16:00 - 17:59,GREAT WESTERN,HWY,0,Right on the spot,CONCORD,RD,NORTH STRATHFIELD,5.0,No,Not a school zone,X-intersection,-33.866485,151.093699,Canada Bay,Sydney metro. area,Syd-Newc-Woll Gtr conurbation,Straight,,,,Unknown / not stated,Sealed,Dry,Fine,Daylight,On,No traffic controls,60 km/h,State,30,Rear end,301,Same - Rear end,,Rear end,Light truck utility(from 2018),4 wheel drive / SUV,2,0,0,0,1,12,December,Summer,Sunday,16:00 - 17:59,PM peak / evening commute,True,False,True,True
1368382,Injury,Minor/Other Injury,2024,2024,December,Thursday,10:00 - 11:59,CENTENARY,DR,0,Right on the spot,ARTHUR,ST,STRATHFIELD,200.0,No,Not a school zone,X-intersection,-33.86795,151.064387,Strathfield,Sydney metro. area,Syd-Newc-Woll Gtr conurbation,Straight,,,,Unknown / not stated,Sealed,Dry,Fine,Daylight,On,No traffic controls,80 km/h,State,30,Rear end,301,Same - Rear end,,Rear end,Car (sedan/hatch),4 wheel drive / SUV,2,0,0,0,1,12,December,Summer,Thursday,10:00 - 11:59,Midday / afternoon,False,False,True,True
1368385,Injury,Minor/Other Injury,2024,2024,December,Saturday,08:00 - 09:59,NARELLAN,RD,200,North,BLAXLAND,RD,CAMPBELLTOWN,178.0,No,Not a school zone,Divided road,-34.066661,150.800973,Campbelltown,Sydney metro. area,Syd-Newc-Woll Gtr conurbation,Straight,,,,Unknown / not stated,Sealed,Dry,Fine,Daylight,Nil,No traffic controls,80 km/h,State,30,Rear end,301,Same - Rear end,,Rear end,Car (sedan/hatch),Car (sedan/hatch),2,0,0,0,1,12,December,Summer,Saturday,08:00 - 09:59,AM peak / school commute,True,False,True,True
1368390,Injury,Minor/Other Injury,2024,2024,December,Tuesday,10:00 - 11:59,KULLAIBA,RD,0,Right on the spot,PARK,AVE,KOTARA,,No,Not a school zone,T-junction,-32.940764,151.707524,Newcastle,Newcastle met. area,Syd-Newc-Woll Gtr conurbation,Straight,,,,Unknown / not stated,Sealed,Dry,Fine,Daylight,On,No traffic controls,60 km/h,Local,30,Rear end,301,Same - Rear end,,Rear end,Car (sedan/hatch),Car (sedan/hatch),2,0,0,0,1,12,December,Summer,Tuesday,10:00 - 11:59,Midday / afternoon,False,False,True,True
1368392,Injury,Moderate Injury,2024,2024,November,Tuesday,22:00 - Midnight,AFTERLEE,RD,0,Right on the spot,NUMBER 1485,HN,SMITHS CREEK,,No,Not a school zone,2-way undivided,-28.591629,152.867981,Kyogle,Country non-urban,Rest of NSW - Rural,Curved,Embankment/cutting,,,Unknown / not stated,Sealed,Dry,Fine,Darkness,Nil,No traffic controls,100 km/h,Local,83,Off rt/rt bnd=>obj,803,Off right bend into obj,Right,Vehicle - Object,Light truck utility(from 2018),,1,0,0,1,0,11,November,Spring,Tuesday,22:00 - Midnight,Evening / night,False,False,True,True
1368393,Injury,Minor/Other Injury,2024,2024,November,Friday,10:00 - 11:59,MARSDEN,ST,0,Right on the spot,ROSEHILL,ST,PARRAMATTA,,No,Not a school zone,X-intersection,-33.824413,150.999721,Parramatta,Sydney metro. area,Syd-Newc-Woll Gtr conurbation,Straight,,,,Unknown / not stated,Sealed,Dry,Fine,Daylight,Nil,Stop sign,50 km/h,Local,49,Other manoeuvring,400,Manov - other,,Other angle,Station wagon,Car (sedan/hatch),2,0,0,0,1,11,November,Spring,Friday,10:00 - 11:59,Midday / afternoon,False,False,True,True
1368395,Injury,Minor/Other Injury,2024,2024,November,Sunday,08:00 - 09:59,KISSING POINT,RD,0,Right on the spot,STURT,ST,DUNDAS,574.0,No,Not a school zone,T-junction,-33.798951,151.0465,Parramatta,Sydney metro. area,Syd-Newc-Woll Gtr conurbation,Straight,,,,Unknown / not stated,Sealed,Dry,Fine,Daylight,On,No traffic controls,70 km/h,State,49,Other manoeuvring,400,Manov - other,,Other angle,Car (sedan/hatch),Car (sedan/hatch),3,0,0,0,1,11,November,Spring,Sunday,08:00 - 09:59,AM peak / school commute,True,False,True,True
1368403,Injury,Minor/Other Injury,2024,2024,November,Wednesday,18:00 - 19:59,KINGS,HWY,5600,East,MISTY MOUNTAIN,RD,CURROWAN,51.0,No,Not a school zone,2-way undivided,-35.579115,150.056055,Eurobodalla,Country urban,Rest of NSW - Urban,Curved,Steep grade,,,Unknown / not stated,Sealed,Wet,Fog or mist,Daylight,Nil,No traffic controls,70 km/h,State,85,Off rt/lft bnd=>obj,804,Off left bend into obj,Right,Vehicle - Object,4 wheel drive / SUV,,1,0,0,0,1,11,November,Spring,Wednesday,18:00 - 19:59,PM peak / evening commute,True,False,True,True
1368404,Injury,Minor/Other Injury,2024,2024,June,Saturday,14:00 - 15:59,DANGAR,ST,10,North,BEARDY,ST,ARMIDALE,,No,Not a school zone,T-junction,-30.513085,151.665414,Armidale Regional,Country urban,Rest of NSW - Urban,Straight,Foot/cycle path/nature strip,,,Unknown / not stated,Sealed,Dry,Fine,Daylight,Nil,Ped crossing,50 km/h,Local,49,Other manoeuvring,400,Manov - other,,Other angle,Pedal cycle,Unknown motor vehicle,2,0,0,0,1,6,June,Winter,Saturday,14:00 - 15:59,Midday / afternoon,False,False,True,True
1368409,Injury,Minor/Other Injury,2024,2024,August,Saturday,06:00 - 07:59,BRINGELLY,RD,0,Right on the spot,OLD COWPASTURE,RD,AUSTRAL,647.0,No,Not a school zone,T-junction,-33.951706,150.822019,Liverpool,Sydney metro. area,Syd-Newc-Woll Gtr conurbation,Straight,,,,Unknown / not stated,Sealed,Dry,Fine,Daylight,On,No traffic controls,80 km/h,State,39,Other same direction,300,Same - other,,Other angle,4 wheel drive / SUV,4 wheel drive / SUV,2,0,0,0,1,8,August,Winter,Saturday,06:00 - 07:59,AM peak / school commute,True,False,True,True
1368410,Injury,Serious Injury,2024,2024,November,Monday,06:00 - 07:59,WYRALLAH,RD,15,North,MONALTRIE,RD,MONALTRIE,7742.0,No,Not a school zone,2-way undivided,-28.852133,153.287983,Lismore,Country non-urban,Rest of NSW - Rural,Straight,,,,Unknown / not stated,Sealed,Dry,Fine,Daylight,Nil,No traffic controls,100 km/h,Regional,71,Off rd left => obj,703,Left off cway into object,,Vehicle - Object,4 wheel drive / SUV,,1,0,1,0,0,11,November,Spring,Monday,06:00 - 07:59,AM peak / school commute,True,False,True,True
1368415,Injury,Moderate Injury,2024,2024,December,Saturday,14:00 - 15:59,OXLEY,HWY,30000,West,REDBANK,RD,SOMERTON,11.0,No,Not a school zone,2-way undivided,-30.96303,150.660665,Tamworth Regional,Country non-urban,Rest of NSW - Rural,Straight,,,,Unknown / not stated,Sealed,Dry,Fine,Daylight,Nil,No traffic controls,100 km/h,State,74,On road-out of cont.,705,Out of control on cway,,Rollover,Motorcycle,,1,0,0,1,0,12,December,Summer,Saturday,14:00 - 15:59,Midday / afternoon,False,False,True,True
1368416,Injury,Moderate Injury,2024,2024,December,Friday,22:00 - Midnight,KINGSGROVE,RD,0,Right on the spot,KINGSGROVE,AVE,KINGSGROVE,7309.0,No,Not a school zone,X-intersection,-33.939954,151.100928,Bayside,Sydney metro. area,Syd-Newc-Woll Gtr conurbation,Straight,,,,On,Sealed,Dry,Fine,Darkness,On,No traffic controls,50 km/h,Regional,21,Right through,202,Opp - Right-thru,,Other angle,Motor scooter,Car (sedan/hatch),2,0,0,1,0,12,December,Summer,Friday,22:00 - Midnight,Evening / night,False,False,True,True
1368418,Injury,Minor/Other Injury,2024,2024,November,Wednesday,16:00 - 17:59,CAPE THREE POINTS,RD,0,Right on the spot,CULLENS,RD,COPACABANA,7779.0,No,Not a school zone,T-junction,-33.483009,151.432232,Central Coast,Country urban,Syd-Newc-Woll Gtr conurbation,Straight,Crest,,,Unknown / not stated,Sealed,Dry,Fine,Daylight,Nil,Stop sign,50 km/h,Regional,32,Right rear,303,Same - Rear right,,Rear end,4 wheel drive / SUV,Car (sedan/hatch),2,0,0,0,1,11,November,Spring,Wednesday,16:00 - 17:59,PM peak / evening commute,True,False,True,True
1368419,Injury,Moderate Injury,2024,2024,October,Wednesday,12:00 - 13:59,COLONEL BRAUND,CRES,0,Right on the spot,NUMBER 37,HN,DACEYVILLE,,No,Not a school zone,2-way undivided,-33.928006,151.22804,Bayside,Sydney metro. area,Syd-Newc-Woll Gtr conurbation,Straight,Driveway/entrance,,,Unknown / not stated,Sealed,Dry,Fine,Daylight,Nil,No traffic controls,50 km/h,Local,49,Other manoeuvring,400,Manov - other,,Other angle,Car (sedan/hatch),,1,0,0,1,0,10,October,Spring,Wednesday,12:00 - 13:59,Midday / afternoon,False,False,True,True
1368427,Injury,Moderate Injury,2024,2024,October,Thursday,16:00 - 17:59,ROSAMOND,ST,0,Right on the spot,NUMBER 41-43,HN,HORNSBY,,No,Not a school zone,2-way undivided,-33.69186,151.094364,Hornsby,Sydney metro. area,Syd-Newc-Woll Gtr conurbation,Straight,Driveway/entrance,,,Unknown / not stated,Sealed,Dry,Overcast,Daylight,Nil,No traffic controls,50 km/h,Local,73,Off rd rght => obj,704,Right off cway into obj,,Vehicle - Object,Car (sedan/hatch),,1,0,0,1,0,10,October,Spring,Thursday,16:00 - 17:59,PM peak / evening commute,True,False,True,True
1368428,Injury,Moderate Injury,2024,2024,October,Saturday,08:00 - 09:59,BARBER,ST,0,Right on the spot,TEMPEST,ST,GUNNEDAH,,No,Not a school zone,X-intersection,-30.977503,150.247865,Gunnedah,Country urban,Rest of NSW - Urban,Straight,,,,Unknown / not stated,Sealed,Dry,Fine,Daylight,Nil,Give way sign,50 km/h,Local,11,Right far,102,Adj - Right-thru from left,,Right angle,Light truck utility(from 2018),Car (sedan/hatch),2,0,0,1,0,10,October,Spring,Saturday,08:00 - 09:59,AM peak / school commute,True,False,True,True