crash_id,degree_of_crash,degree_of_crash_-_detailed,reporting_year,year_of_crash,month_of_crash,day_of_week_of_crash,two-hour_intervals,street_of_crash,street_type,distance,direction,identifying_feature,identifying_feature_type,town,route_no.,school_zone_location,school_zone_active,type_of_location,latitude,longitude,lga,urbanisation,conurbation_1,alignment,primary_permanent_feature,primary_temporary_feature,primary_hazardous_feature,street_lighting,road_surface,surface_condition,weather,natural_lighting,signals_operation,other_traffic_control,speed_limit,road_classification_(admin),rum_-_code,rum_-_description,dca_-_code,dca_-_description,dca_supplement,first_impact_type,key_tu_type,other_tu_type,no._of_traffic_units_involved,no._killed,no._seriously_injured,no._moderately_injured,no._minor-other_injured,month_num,month_label,season,day_label,time_label,time_band,is_peak_commute,is_fatal,is_injury,is_casualty
1368430,Injury,Serious Injury,2024,2024,December,Sunday,14:00 - 15:59,FINNEY,ST,0,Right on the spot,WEST,ST,HURSTVILLE,,No,Not a school zone,Roundabout,-33.970515,151.104888,Georges River,Sydney metro. area,Syd-Newc-Woll Gtr conurbation,Curved,,,,Off,Sealed,Dry,Fine,Daylight,Nil,Give way sign,50 km/h,Local,10,Cross traffic,101,Adj - Cross traffic,,Right angle,Car (sedan/hatch),Motor scooter,2,0,1,0,0,12,December,Summer,Sunday,14:00 - 15:59,Midday / afternoon,False,False,True,True
1368432,Injury,Minor/Other Injury,2024,2024,September,Monday,04:00 - 05:59,MILITARY,RD,0,Right on the spot,SPOFFORTH,ST,CREMORNE,164.0,No,Not a school zone,T-junction,-33.82817,151.230275,North Sydney,Sydney metro. area,Syd-Newc-Woll Gtr conurbation,Straight,,,,Unknown / not stated,Sealed,Dry,Fine,Dawn,On,No traffic controls,60 km/h,State,33,Lane sideswipe,305,Same - Lane side swipe,,Other angle,Car (sedan/hatch),4 wheel drive / SUV,2,0,0,0,1,9,September,Spring,Monday,04:00 - 05:59,Late night / early morning,False,False,True,True
1368434,Injury,Moderate Injury,2024,2024,October,Friday,20:00 - 21:59,THE RIVER,RD,10,South,SOUTH WESTERN,EXP,REVESBY,634.0,No,Not a school zone,T-junction,-33.941379,151.018414,Canterbury-Bankstown,Sydney metro. area,Syd-Newc-Woll Gtr conurbation,Straight,,,,Unknown / not stated,Sealed,Dry,Fine,Darkness,On,No traffic controls,60 km/h,State,30,Rear end,301,Same - Rear end,,Rear end,Car (sedan/hatch),Car (sedan/hatch),2,0,0,1,0,10,October,Spring,Friday,20:00 - 21:59,Evening / night,False,False,True,True
1368439,Injury,Serious Injury,2024,2024,November,Thursday,22:00 - Midnight,PRINCES,HWY,10,South,JERVIS,ST,NOWRA,1.0,No,Not a school zone,T-junction,-34.88303,150.60385,Shoalhaven,Country urban,Rest of NSW - Urban,Straight,,,,Unknown / not stated,Sealed,Dry,Fine,Darkness,Nil,Give way sign,70 km/h,State,33,Lane sideswipe,305,Same - Lane side swipe,,Other angle,Car (sedan/hatch),Car (sedan/hatch),2,0,1,0,0,11,November,Spring,Thursday,22:00 - Midnight,Evening / night,False,False,True,True
1368447,Injury,Moderate Injury,2024,2024,October,Friday,14:00 - 15:59,CARGO,RD,600,East,EDINBORO,LANE,CARGO,237.0,No,Not a school zone,2-way undivided,-33.403505,148.850246,Cabonne,Country non-urban,Rest of NSW - Rural,Curved,Steep grade,,,Unknown / not stated,Sealed,Dry,Overcast,Daylight,Nil,No traffic controls,90 km/h,Regional,87,Off lft/lft bnd=>obj,804,Off left bend into obj,Left,Vehicle - Object,Light truck utility(from 2018),,1,0,0,1,0,10,October,Spring,Friday,14:00 - 15:59,Midday / afternoon,False,False,True,True
1368448,Injury,Minor/Other Injury,2024,2024,November,Friday,10:00 - 11:59,NEWCASTLE,RD,90,West,CROUDACE,ST,LAMBTON,82.0,No,Not a school zone,Other,-32.909404,151.704492,Newcastle,Newcastle met. area,Syd-Newc-Woll Gtr conurbation,Curved,,,,Unknown / not stated,Sealed,Dry,Fine,Daylight,Nil,Give way sign,60 km/h,State,30,Rear end,301,Same - Rear end,,Rear end,Car (sedan/hatch),4 wheel drive / SUV,2,0,0,0,1,11,November,Spring,Friday,10:00 - 11:59,Midday / afternoon,False,False,True,True
1368449,Injury,Minor/Other Injury,2024,2024,December,Friday,16:00 - 17:59,OLD SOUTH HEAD,RD,0,Right on the spot,NUMBER 226,HN,BELLEVUE HILL,339.0,No,Not a school zone,2-way undivided,-33.887993,151.264282,Woollahra,Sydney metro. area,Syd-Newc-Woll Gtr conurbation,Curved,,,,Unknown / not stated,Sealed,Wet,Fine,Daylight,Nil,No traffic controls,50 km/h,State,30,Rear end,301,Same - Rear end,,Rear end,Car (sedan/hatch),4 wheel drive / SUV,5,0,0,0,1,12,December,Summer,Friday,16:00 - 17:59,PM peak / evening commute,True,False,True,True
1368450,Injury,Moderate Injury,2024,2024,October,Thursday,14:00 - 15:59,NUWARRA,RD,0,Right on the spot,KALIMNA,ST,MOOREBANK,7269.0,No,Not a school zone,T-junction,-33.931547,150.95443,Liverpool,Sydney metro. area,Syd-Newc-Woll Gtr conurbation,Straight,,,,Unknown / not stated,Sealed,Dry,Overcast,Daylight,Nil,No traffic controls,60 km/h,Regional,19,Other adjacent,100,Adj - other,,Right angle,Light truck utility(from 2018),4 wheel drive / SUV,2,0,0,1,0,10,October,Spring,Thursday,14:00 - 15:59,Midday / afternoon,False,False,True,True
1368451,Injury,Moderate Injury,2024,2024,November,Friday,18:00 - 19:59,BARCLAY,RD,10,West,HEPBURN,RD,NORTH ROCKS,7143.0,No,Not a school zone,T-junction,-33.765625,151.019569,Parramatta,Sydney metro. area,Syd-Newc-Woll Gtr conurbation,Straight,,,,Unknown / not stated,Sealed,Dry,Fine,Dusk,Nil,No traffic controls,60 km/h,Regional,30,Rear end,301,Same - Rear end,,Rear end,4 wheel drive / SUV,4 wheel drive / SUV,2,0,0,1,0,11,November,Spring,Friday,18:00 - 19:59,PM peak / evening commute,True,False,True,True
1368452,Injury,Minor/Other Injury,2024,2024,October,Monday,16:00 - 17:59,MCCULLOCH,ST,0,Right on the spot,RIVERSTONE,RD,RIVERSTONE,,No,Not a school zone,X-intersection,-33.680976,150.875218,Blacktown,Sydney metro. area,Syd-Newc-Woll Gtr conurbation,Straight,Steep grade,,,Unknown / not stated,Sealed,Dry,Fine,Daylight,Nil,Stop sign,50 km/h,Local,79,Other straight,700,Other straight,,Unknown,4 wheel drive / SUV,,1,0,0,0,1,10,October,Spring,Monday,16:00 - 17:59,PM peak / evening commute,True,False,True,True
1368454,Injury,Moderate Injury,2024,2024,October,Friday,06:00 - 07:59,CUMBERLAND,HWY,0,Right on the spot,HARRIS,RD,CONSTITUTION HILL,13.0,No,Not a school zone,X-intersection,-33.796336,150.978199,Parramatta,Sydney metro. area,Syd-Newc-Woll Gtr conurbation,Straight,,,,Unknown / not stated,Sealed,Dry,Fine,Daylight,On,No traffic controls,70 km/h,State,30,Rear end,301,Same - Rear end,,Rear end,Car (sedan/hatch),4 wheel drive / SUV,2,0,0,1,0,10,October,Spring,Friday,06:00 - 07:59,AM peak / school commute,True,False,True,True
1368460,Injury,Minor/Other Injury,2024,2024,December,Saturday,12:00 - 13:59,PRINCES,HWY,0,Right on the spot,BELLAMBI,LANE,BELLAMBI,1.0,No,Not a school zone,X-intersection,-34.362052,150.907133,Wollongong,Wollongong met. area,Syd-Newc-Woll Gtr conurbation,Straight,,,,Unknown / not stated,Sealed,Dry,Fine,Daylight,On,No traffic controls,80 km/h,State,30,Rear end,301,Same - Rear end,,Rear end,Light truck utility(from 2018),Station wagon,2,0,0,0,1,12,December,Summer,Saturday,12:00 - 13:59,Midday / afternoon,False,False,True,True
1368463,Injury,Moderate Injury,2024,2024,December,Tuesday,10:00 - 11:59,COOK,ST,0,Right on the spot,SEMILLON,ST,MUSWELLBROOK,,No,Not a school zone,Roundabout,-32.261056,150.901964,Muswellbrook,Country urban,Rest of NSW - Urban,Straight,,,,Unknown / not stated,Sealed,Dry,Fine,Daylight,Nil,Give way sign,50 km/h,Local,10,Cross traffic,101,Adj - Cross traffic,,Right angle,Light truck utility(from 2018),Motorcycle,2,0,0,1,0,12,December,Summer,Tuesday,10:00 - 11:59,Midday / afternoon,False,False,True,True
1368464,Injury,Minor/Other Injury,2024,2024,December,Tuesday,12:00 - 13:59,BIRDWOOD,AVE,0,Right on the spot,SPRINGDALE,RD,EAST KILLARA,2043.0,No,Not a school zone,X-intersection,-33.760296,151.173176,Ku-ring-gai,Sydney metro. area,Syd-Newc-Woll Gtr conurbation,Curved,,,,Unknown / not stated,Sealed,Dry,Fine,Daylight,Nil,Give way sign,60 km/h,Regional,10,Cross traffic,101,Adj - Cross traffic,,Right angle,Car (sedan/hatch),Car (sedan/hatch),2,0,0,0,1,12,December,Summer,Tuesday,12:00 - 13:59,Midday / afternoon,False,False,True,True
1368466,Injury,Moderate Injury,2024,2024,November,Friday,18:00 - 19:59,CAMDEN VALLEY,WAY,0,Right on the spot,DENHAM COURT,RD,DENHAM COURT,620.0,No,Not a school zone,X-intersection,-33.968871,150.814397,Campbelltown,Sydney metro. area,Syd-Newc-Woll Gtr conurbation,Straight,,,,Unknown / not stated,Sealed,Wet,Raining,Darkness,On,No traffic controls,80 km/h,State,30,Rear end,301,Same - Rear end,,Rear end,4 wheel drive / SUV,Light truck utility(from 2018),3,0,0,1,1,11,November,Spring,Friday,18:00 - 19:59,PM peak / evening commute,True,False,True,True
1368470,Injury,Minor/Other Injury,2024,2024,December,Tuesday,20:00 - 21:59,NELSON BAY,RD,0,Right on the spot,FULLERTON COVE,RD,FERN BAY,108.0,No,Not a school zone,Roundabout,-32.857322,151.803324,Port Stephens,Country urban,Rest of NSW - Urban,Straight,,,,Unknown / not stated,Sealed,Dry,Fine,Darkness,Nil,Give way sign,70 km/h,State,30,Rear end,301,Same - Rear end,,Rear end,4 wheel drive / SUV,4 wheel drive / SUV,2,0,0,0,1,12,December,Summer,Tuesday,20:00 - 21:59,Evening / night,False,False,True,True
1368472,Injury,Moderate Injury,2024,2024,November,Sunday,22:00 - Midnight,FREDERICK,ST,0,Right on the spot,RAWSON,ST,ROCKDALE,169.0,No,Not a school zone,T-junction,-33.952358,151.134866,Bayside,Sydney metro. area,Syd-Newc-Woll Gtr conurbation,Straight,Driveway/entrance,,,On,Sealed,Dry,Fine,Darkness,Nil,Give way sign,60 km/h,State,36,Right turn sideswipe,308,Same - Rgt turn side swipe,,Other angle,Car (sedan/hatch),Car (sedan/hatch),2,0,0,1,0,11,November,Spring,Sunday,22:00 - Midnight,Evening / night,False,False,True,True
1368473,Injury,Moderate Injury,2024,2024,December,Monday,18:00 - 19:59,GREAT WESTERN,HWY,0,Right on the spot,MAMRE,RD,ST MARYS,5.0,No,Not a school zone,X-intersection,-33.76996,150.773492,Penrith,Sydney metro. area,Syd-Newc-Woll Gtr conurbation,Straight,,,,Unknown / not stated,Sealed,Dry,Fine,Dusk,On,No traffic controls,60 km/h,State,10,Cross traffic,101,Adj - Cross traffic,,Right angle,Car (sedan/hatch),4 wheel drive / SUV,3,0,0,1,0,12,December,Summer,Monday,18:00 - 19:59,PM peak / evening commute,True,False,True,True
1368474,Injury,Minor/Other Injury,2024,2024,November,Thursday,16:00 - 17:59,DONALD,ST,0,Right on the spot,GORDON,AVE,HAMILTON,82.0,No,Not a school zone,X-intersection,-32.922421,151.752168,Newcastle,Newcastle met. area,Syd-Newc-Woll Gtr conurbation,Straight,,,,Unknown / not stated,Sealed,Dry,Fine,Daylight,On,Ped crossing,60 km/h,State,31,Left rear,302,Same - Rear left,,Rear end,Car (sedan/hatch),Car (sedan/hatch),2,0,0,0,1,11,November,Spring,Thursday,16:00 - 17:59,PM peak / evening commute,True,False,True,True
1368475,Injury,Moderate Injury,2024,2024,September,Wednesday,14:00 - 15:59,BATT,ST,0,Right on the spot,NUMBER 72-78,HN,JAMISONTOWN,,No,Not a school zone,2-way undivided,-33.767929,150.685174,Penrith,Sydney metro. area,Syd-Newc-Woll Gtr conurbation,Straight,Driveway/entrance,,,Unknown / not stated,Sealed,Dry,Fine,Daylight,Nil,No traffic controls,50 km/h,Local,49,Other manoeuvring,400,Manov - other,,Other angle,Car (sedan/hatch),Car (sedan/hatch),2,0,0,1,0,9,September,Spring,Wednesday,14:00 - 15:59,Midday / afternoon,False,False,True,True
1368476,Injury,Minor/Other Injury,2024,2024,September,Wednesday,06:00 - 07:59,OLD WINDSOR,RD,50,North,ABBOTT,RD,SEVEN HILLS,635.0,No,Not a school zone,Divided road,-33.765161,150.958115,Blacktown,Sydney metro. area,Syd-Newc-Woll Gtr conurbation,Straight,,,,Unknown / not stated,Sealed,Dry,Fine,Daylight,Nil,No traffic controls,80 km/h,State,30,Rear end,301,Same - Rear end,,Rear end,Light truck,4 wheel drive / SUV,2,0,0,0,1,9,September,Spring,Wednesday,06:00 - 07:59,AM peak / school commute,True,False,True,True
1368477,Injury,Minor/Other Injury,2024,2024,December,Saturday,08:00 - 09:59,MAIN,RD,0,Right on the spot,HUNTER,EXP,HEDDON GRETA,195.0,No,Not a school zone,Roundabout,-32.809257,151.500485,Cessnock,Country urban,Rest of NSW - Urban,Straight,,,,Unknown / not stated,Sealed,Dry,Fine,Daylight,Nil,Give way sign,70 km/h,State,30,Rear end,301,Same - Rear end,,Rear end,Light truck utility(from 2018),4 wheel drive / SUV,2,0,0,0,1,12,December,Summer,Saturday,08:00 - 09:59,AM peak / school commute,True,False,True,True
1368478,Injury,Minor/Other Injury,2024,2024,December,Saturday,08:00 - 09:59,BALACLAVA,RD,0,Right on the spot,ABUKLEA,RD,MARSFIELD,2024.0,No,Not a school zone,Roundabout,-33.781252,151.100287,Ryde,Sydney metro. area,Syd-Newc-Woll Gtr conurbation,Straight,,,,Unknown / not stated,Sealed,Wet,Raining,Daylight,Nil,Give way sign,60 km/h,Regional,30,Rear end,301,Same - Rear end,,Rear end,Car (sedan/hatch),Car (sedan/hatch),2,0,0,0,1,12,December,Summer,Saturday,08:00 - 09:59,AM peak / school commute,True,False,True,True
1368481,Injury,Moderate Injury,2024,2024,October,Sunday,16:00 - 17:59,LACHLAN VALLEY,WAY,1540,North,HUME,HWY,BOWNING,56.0,No,Not a school zone,2-way undivided,-34.774801,148.855407,Yass Valley,Country non-urban,Rest of NSW - Rural,Curved,,,,Unknown / not stated,Sealed,Dry,Fine,Daylight,Nil,No traffic controls,100 km/h,State,81,Off left/rt bnd=>obj,803,Off right bend into obj,Left,Vehicle - Object,4 wheel drive / SUV,,1,0,0,1,0,10,October,Spring,Sunday,16:00 - 17:59,PM peak / evening commute,True,False,True,True
1368482,Injury,Minor/Other Injury,2024,2024,October,Wednesday,06:00 - 07:59,COWLONG,RD,0,Right on the spot,NUMBER156,HN,MCLEANS RIDGES,,No,Not a school zone,2-way undivided,-28.799885,153.374973,Lismore,Country urban,Rest of NSW - Urban,Straight,,,,Unknown / not stated,Sealed,Dry,Fine,Daylight,Nil,No traffic controls,80 km/h,Local,71,Off rd left => obj,703,Left off cway into object,,Vehicle - Object,4 wheel drive / SUV,,1,0,0,0,1,10,October,Spring,Wednesday,06:00 - 07:59,AM peak / school commute,True,False,True,True
1368484,Injury,Minor/Other Injury,2024,2024,October,Thursday,14:00 - 15:59,PALMERSTON,RD,0,Right on the spot,UMBER 41,HN,HORNSBY,,No,Not a school zone,1-way street,-33.703272,151.11121,Hornsby,Sydney metro. area,Syd-Newc-Woll Gtr conurbation,Straight,,,,Unknown / not stated,Sealed,Dry,Fine,Daylight,Nil,No traffic controls,50 km/h,Local,44,Parking vehicles,403,Manov - Parking-parked vehicle,,Other angle,Light truck utility(from 2018),4 wheel drive / SUV,2,0,0,0,1,10,October,Spring,Thursday,14:00 - 15:59,Midday / afternoon,False,False,True,True
1368491,Injury,Minor/Other Injury,2024,2024,December,Sunday,08:00 - 09:59,LUTE,ST,0,Right on the spot,ROSAMEL,ST,GUNDAROO,,No,Not a school zone,X-intersection,-35.021242,149.271937,Yass Valley,Country urban,Rest of NSW - Urban,Straight,,,,Unknown / not stated,Sealed,Dry,Fine,Daylight,Nil,Give way sign,50 km/h,Local,49,Other manoeuvring,400,Manov - other,,Other angle,4 wheel drive / SUV,Pedal cycle,2,0,0,0,1,12,December,Summer,Sunday,08:00 - 09:59,AM peak / school commute,True,False,True,True
1368492,Injury,Moderate Injury,2024,2024,December,Monday,08:00 - 09:59,CAMPBELL,PDE,0,Right on the spot,QUIRK,RD,MANLY VALE,,Yes,No,T-junction,-33.781293,151.271347,Northern Beaches,Sydney metro. area,Syd-Newc-Woll Gtr conurbation,Straight,,,,Off,Sealed,Dry,Fine,Daylight,Nil,No traffic controls,50 km/h,Local,21,Right through,202,Opp - Right-thru,,Other angle,Light truck utility(from 2018),Pedal cycle,2,0,0,1,0,12,December,Summer,Monday,08:00 - 09:59,AM peak / school commute,True,False,True,True
1368493,Injury,Moderate Injury,2024,2024,November,Thursday,12:00 - 13:59,CENTRAL COAST,HWY,0,Right on the spot,OCEAN VIEW,DR,WAMBERAL,30.0,No,Not a school zone,Roundabout,-33.422575,151.438949,Central Coast,Country urban,Syd-Newc-Woll Gtr conurbation,Curved,,,,Unknown / not stated,Sealed,Dry,Overcast,Daylight,Nil,Give way sign,60 km/h,State,21,Right through,202,Opp - Right-thru,,Other angle,Car (sedan/hatch),Light truck utility(from 2018),2,0,0,1,0,11,November,Spring,Thursday,12:00 - 13:59,Midday / afternoon,False,False,True,True
1368494,Injury,Minor/Other Injury,2024,2024,November,Wednesday,14:00 - 15:59,GREAT WESTERN,HWY,0,Right on the spot,O'CONNELL,ST,PARRAMATTA,5.0,No,Not a school zone,T-junction,-33.818993,150.998439,Parramatta,Sydney metro. area,Syd-Newc-Woll Gtr conurbation,Straight,,,,Unknown / not stated,Sealed,Dry,Fine,Daylight,On,Ped crossing,60 km/h,State,30,Rear end,301,Same - Rear end,,Rear end,Passenger van,4 wheel drive / SUV,2,0,0,0,1,11,November,Spring,Wednesday,14:00 - 15:59,Midday / afternoon,False,False,True,True
1368497,Injury,Minor/Other Injury,2024,2024,December,Friday,08:00 - 09:59,SOUTH WESTERN,EXP,50,East,HEATHCOTE ROAD,OP,MOOREBANK,6005.0,No,Not a school zone,Dual freeway,-33.942016,150.942806,Liverpool,Sydney metro. area,Syd-Newc-Woll Gtr conurbation,Straight,,,,Unknown / not stated,Sealed,Dry,Fine,Daylight,Nil,No traffic controls,100 km/h,State,30,Rear end,301,Same - Rear end,,Rear end,Semi-trailer,Light truck,3,0,0,0,1,12,December,Summer,Friday,08:00 - 09:59,AM peak / school commute,True,False,True,True
1368500,Injury,Minor/Other Injury,2024,2024,November,Tuesday,18:00 - 19:59,VICTORIA,RD,0,Right on the spot,SILVERWATER,RD,ERMINGTON,165.0,No,Not a school zone,X-intersection,-33.813996,151.053661,Parramatta,Sydney metro. area,Syd-Newc-Woll Gtr conurbation,Straight,,,,Unknown / not stated,Sealed,Dry,Fine,Dusk,On,No traffic controls,70 km/h,State,32,Right rear,303,Same - Rear right,,Rear end,Light truck,Passenger van,2,0,0,0,1,11,November,Spring,Tuesday,18:00 - 19:59,PM peak / evening commute,True,False,True,True
1368502,Injury,Minor/Other Injury,2024,2024,November,Sunday,02:00 - 03:59,ALFORDS POINT,RD,400,North,ALFORDS POINT,BDGE,PADSTOW HEIGHTS,190.0,No,Not a school zone,Divided road,-33.976079,151.030884,Canterbury-Bankstown,Sydney metro. area,Syd-Newc-Woll Gtr conurbation,Straight,Other bridge,,,Unknown / not stated,Sealed,Dry,Fine,Darkness,Nil,No traffic controls,80 km/h,State,30,Rear end,301,Same - Rear end,,Rear end,Car (sedan/hatch),Car (sedan/hatch),2,0,0,0,1,11,November,Spring,Sunday,02:00 - 03:59,Late night / early morning,False,False,True,True
1368503,Injury,Minor/Other Injury,2024,2024,November,Wednesday,06:00 - 07:59,BLAXLAND,RD,0,Right on the spot,NUMBER 25,HN,CAMPBELLTOWN,7191.0,No,Not a school zone,2-way undivided,-34.058017,150.816028,Campbelltown,Sydney metro. area,Syd-Newc-Woll Gtr conurbation,Straight,Driveway/entrance,,,Unknown / not stated,Sealed,Dry,Fine,Daylight,Nil,No traffic controls,60 km/h,Regional,32,Right rear,303,Same - Rear right,,Rear end,Car (sedan/hatch),Car (sedan/hatch),2,0,0,0,1,11,November,Spring,Wednesday,06:00 - 07:59,AM peak / school commute,True,False,True,True
1368504,Injury,Moderate Injury,2024,2024,November,Wednesday,20:00 - 21:59,BATES,DR,30,West,PRINCES,HWY,KAREELA,7002.0,No,Not a school zone,Divided road,-34.023534,151.088383,Sutherland,Sydney metro. area,Syd-Newc-Woll Gtr conurbation,Straight,Crest,,,Unknown / not stated,Sealed,Dry,Fine,Darkness,Nil,No traffic controls,60 km/h,Regional,30,Rear end,301,Same - Rear end,,Rear end,Light truck utility(from 2018),4 wheel drive / SUV,2,0,0,2,0,11,November,Spring,Wednesday,20:00 - 21:59,Evening / night,False,False,True,True
1368508,Injury,Minor/Other Injury,2024,2024,October,Thursday,18:00 - 19:59,LAKE,RD,1000,North,WEST WYALONG CONDOBOLIN,RD,GIRRAL,231.0,No,Not a school zone,2-way undivided,-33.69609,147.06755,Bland,Country non-urban,Rest of NSW - Rural,Curved,,,,Unknown / not stated,Sealed,Dry,Fine,Darkness,Nil,No traffic controls,100 km/h,Regional,81,Off left/rt bnd=>obj,803,Off right bend into obj,Left,Vehicle - Object,Station wagon,,1,0,0,0,1,10,October,Spring,Thursday,18:00 - 19:59,PM peak / evening commute,True,False,True,True
1368515,Injury,Minor/Other Injury,2024,2024,November,Thursday,06:00 - 07:59,SCHOFIELDS,RD,0,Right on the spot,TALLAWONG,RD,TALLAWONG,687.0,No,Not a school zone,X-intersection,-33.694957,150.903156,Blacktown,Sydney metro. area,Syd-Newc-Woll Gtr conurbation,Straight,,,,Unknown / not stated,Sealed,Dry,Fine,Unknown,On,No traffic controls,70 km/h,State,30,Rear end,301,Same - Rear end,,Rear end,Car (sedan/hatch),Light truck utility(from 2018),2,0,0,0,1,11,November,Spring,Thursday,06:00 - 07:59,AM peak / school commute,True,False,True,True
1368516,Injury,Moderate Injury,2024,2024,November,Tuesday,22:00 - Midnight,BARTLEY,ST,0,Right on the spot,NUMBER 13,HN,CANLEY VALE,7225.0,Yes,No,2-way undivided,-33.89002,150.936899,Fairfield,Sydney metro. area,Syd-Newc-Woll Gtr conurbation,Straight,Pedestrian refuge,,,Unknown / not stated,Sealed,Dry,Fine,Darkness,Nil,Ped crossing,50 km/h,Regional,71,Off rd left => obj,703,Left off cway into object,,Vehicle - Object,Car (sedan/hatch),,1,0,0,1,1,11,November,Spring,Tuesday,22:00 - Midnight,Evening / night,False,False,True,True
1368517,Injury,Minor/Other Injury,2024,2024,December,Saturday,10:00 - 11:59,NEWBRIDGE,RD,70,East,RICKARD,RD,CHIPPING NORTON,167.0,No,Not a school zone,Divided road,-33.928974,150.978408,Liverpool,Sydney metro. area,Syd-Newc-Woll Gtr conurbation,Straight,Other bridge,,,Unknown / not stated,Sealed,Dry,Fine,Daylight,Nil,No traffic controls,60 km/h,State,30,Rear end,301,Same - Rear end,,Rear end,Car (sedan/hatch),Car (sedan/hatch),2,0,0,0,1,12,December,Summer,Saturday,10:00 - 11:59,Midday / afternoon,False,False,True,True
1368519,Injury,Serious Injury,2024,2024,November,Wednesday,04:00 - 05:59,THE RIVER,RD,0,Right on the spot,TURVEY,ST,REVESBY,634.0,No,Not a school zone,T-junction,-33.938785,151.018645,Canterbury-Bankstown,Sydney metro. area,Syd-Newc-Woll Gtr conurbation,Straight,,,,Unknown / not stated,Sealed,Dry,Fine,Darkness,Nil,Stop sign,60 km/h,State,21,Right through,202,Opp - Right-thru,,Other angle,Car (sedan/hatch),Car (sedan/hatch),2,0,1,0,0,11,November,Spring,Wednesday,04:00 - 05:59,Late night / early morning,False,False,True,True
1368529,Injury,Minor/Other Injury,2024,2024,December,Thursday,20:00 - 21:59,EDMUND,ST,100,North,GARFIELD,RD,GRANTHAM FARM,,No,Not a school zone,2-way undivided,-33.669617,150.87804,Blacktown,Sydney metro. area,Syd-Newc-Woll Gtr conurbation,Straight,,,,Unknown / not stated,Sealed,Dry,Fine,Darkness,Nil,No traffic controls,50 km/h,Local,71,Off rd left => obj,703,Left off cway into object,,Vehicle - Object,Car (sedan/hatch),,1,0,0,0,1,12,December,Summer,Thursday,20:00 - 21:59,Evening / night,False,False,True,True
1368530,Injury,Serious Injury,2024,2024,December,Friday,10:00 - 11:59,COORAMIN,ST,0,Right on the spot,HAMPDEN,AVE,CARTWRIGHTS HILL,,No,Not a school zone,X-intersection,-35.077016,147.386563,Wagga Wagga,Country urban,Rest of NSW - Urban,Straight,,,,Unknown / not stated,Sealed,Dry,Fine,Daylight,Nil,Give way sign,60 km/h,Local,10,Cross traffic,101,Adj - Cross traffic,,Right angle,4 wheel drive / SUV,Light truck utility(from 2018),2,0,1,1,0,12,December,Summer,Friday,10:00 - 11:59,Midday / afternoon,False,False,True,True
1368536,Injury,Moderate Injury,2024,2024,October,Wednesday,20:00 - 21:59,KENDALL,RD,70,North,DUNWOODIE,ST,KENDALL,538.0,No,Not a school zone,2-way undivided,-31.62772,152.713537,Port Macquarie-Hastings,Country urban,Rest of NSW - Urban,Curved,,,,Unknown / not stated,Sealed,Dry,Fine,Darkness,Nil,No traffic controls,60 km/h,Regional,80,Off left/right bend,801,Off cway right bend,Left,Rollover,Motorcycle,,1,0,0,1,0,10,October,Spring,Wednesday,20:00 - 21:59,Evening / night,False,False,True,True
1368538,Injury,Moderate Injury,2024,2024,November,Friday,16:00 - 17:59,CANTERBURY,RD,0,Right on the spot,CHARLOTTE,ST,CAMPSIE,167.0,No,Not a school zone,X-intersection,-33.920184,151.09964,Canterbury-Bankstown,Sydney metro. area,Syd-Newc-Woll Gtr conurbation,Curved,,,,Unknown / not stated,Sealed,Wet,Raining,Daylight,On,No traffic controls,60 km/h,State,21,Right through,202,Opp - Right-thru,,Other angle,4 wheel drive / SUV,Car (sedan/hatch),2,0,0,1,0,11,November,Spring,Friday,16:00 - 17:59,PM peak / evening commute,True,False,True,True
1368541,Injury,Moderate Injury,2024,2024,November,Friday,08:00 - 09:59,BARRENJOEY,RD,100,South,PARK,ST,MONA VALE,164.0,No,Not a school zone,Divided road,-33.677299,151.304884,Northern Beaches,Sydney metro. area,Syd-Newc-Woll Gtr conurbation,Straight,,,,Unknown / not stated,Sealed,Dry,Fine,Daylight,Nil,No traffic controls,60 km/h,State,30,Rear end,301,Same - Rear end,,Rear end,Light truck utility(from 2018),4 wheel drive / SUV,2,0,0,1,0,11,November,Spring,Friday,08:00 - 09:59,AM peak / school commute,True,False,True,True
1368544,Injury,Minor/Other Injury,2024,2024,November,Friday,14:00 - 15:59,O'CONNELL,ST,65,South,THE HORSLEY,DR,SMITHFIELD,,Yes,No,2-way undivided,-33.853294,150.934966,Fairfield,Sydney metro. area,Syd-Newc-Woll Gtr conurbation,Straight,,,,Unknown / not stated,Sealed,Dry,Fine,Daylight,Nil,No traffic controls,50 km/h,Local,71,Off rd left => obj,703,Left off cway into object,,Other angle,Other bus,4 wheel drive / SUV,2,0,0,0,1,11,November,Spring,Friday,14:00 - 15:59,Midday / afternoon,False,False,True,True