crash_id,degree_of_crash,degree_of_crash_-_detailed,reporting_year,year_of_crash,month_of_crash,day_of_week_of_crash,two-hour_intervals,street_of_crash,street_type,distance,direction,identifying_feature,identifying_feature_type,town,route_no.,school_zone_location,school_zone_active,type_of_location,latitude,longitude,lga,urbanisation,conurbation_1,alignment,primary_permanent_feature,primary_temporary_feature,primary_hazardous_feature,street_lighting,road_surface,surface_condition,weather,natural_lighting,signals_operation,other_traffic_control,speed_limit,road_classification_(admin),rum_-_code,rum_-_description,dca_-_code,dca_-_description,dca_supplement,first_impact_type,key_tu_type,other_tu_type,no._of_traffic_units_involved,no._killed,no._seriously_injured,no._moderately_injured,no._minor-other_injured,month_num,month_label,season,day_label,time_label,time_band,is_peak_commute,is_fatal,is_injury,is_casualty
1368549,Injury,Minor/Other Injury,2024,2024,November,Friday,12:00 - 13:59,NARELLAN,RD,0,Right on the spot,HARTLEY,RD,CURRANS HILL,178.0,No,Not a school zone,X-intersection,-34.047867,150.761709,Camden,Sydney metro. area,Syd-Newc-Woll Gtr conurbation,Straight,,,,Unknown / not stated,Sealed,Dry,Fine,Daylight,On,Give way sign,80 km/h,State,30,Rear end,301,Same - Rear end,,Rear end,Car (sedan/hatch),Car (sedan/hatch),2,0,0,0,1,11,November,Spring,Friday,12:00 - 13:59,Midday / afternoon,False,False,True,True
1368561,Injury,Moderate Injury,2024,2024,December,Wednesday,14:00 - 15:59,M2 HILLS,EXP,2000,East,ABBOTT,RD,BAULKHAM HILLS,6002.0,No,Not a school zone,Dual freeway,-33.772532,150.975769,The Hills,Sydney metro. area,Syd-Newc-Woll Gtr conurbation,Straight,,,,Unknown / not stated,Sealed,Dry,Fine,Daylight,Nil,No traffic controls,100 km/h,State,71,Off rd left => obj,703,Left off cway into object,,Vehicle - Object,Light truck utility(from 2018),,1,0,0,1,0,12,December,Summer,Wednesday,14:00 - 15:59,Midday / afternoon,False,False,True,True
1368565,Injury,Minor/Other Injury,2024,2024,December,Monday,12:00 - 13:59,HUME,HWY,200,North,BOGOLARA,RD,BERREMANGRA,2.0,No,Not a school zone,Divided road,-34.799759,148.536739,Hilltops,Country non-urban,Rest of NSW - Rural,Straight,,,,Unknown / not stated,Sealed,Dry,Fine,Daylight,Nil,No traffic controls,110 km/h,State,30,Rear end,301,Same - Rear end,,Rear end,Motorcycle,Car (sedan/hatch),2,0,0,0,1,12,December,Summer,Monday,12:00 - 13:59,Midday / afternoon,False,False,True,True
1368567,Injury,Moderate Injury,2024,2024,October,Sunday,04:00 - 05:59,FIVE ISLANDS,RD,0,Right on the spot,CRINGILA CAR PARK,ENT,SPRING HILL,295.0,No,Not a school zone,Divided road,-34.466214,150.876213,Wollongong,Wollongong met. area,Syd-Newc-Woll Gtr conurbation,Curved,Driveway/entrance,,,Unknown / not stated,Sealed,Dry,Fine,Dawn,Nil,Stop sign,80 km/h,State,47,Emerging from drive,406,Manov - Emerging from driveway,,Right angle,Light truck utility(from 2018),Pedal cycle,3,0,0,1,1,10,October,Spring,Sunday,04:00 - 05:59,Late night / early morning,False,False,True,True
1368569,Injury,Minor/Other Injury,2024,2024,November,Monday,06:00 - 07:59,WALTERS,RD,28,South,CRAIG,ST,BLACKTOWN,,No,Not a school zone,2-way undivided,-33.782897,150.893859,Blacktown,Sydney metro. area,Syd-Newc-Woll Gtr conurbation,Straight,,,,Unknown / not stated,Sealed,Dry,Fine,Daylight,Nil,No traffic controls,50 km/h,Local,43,Entering parking,402,Manov - Entering parking veh,,Other angle,4 wheel drive / SUV,Car (sedan/hatch),2,0,0,0,1,11,November,Spring,Monday,06:00 - 07:59,AM peak / school commute,True,False,True,True
1368572,Injury,Minor/Other Injury,2024,2024,October,Friday,10:00 - 11:59,OLD NORTHERN,RD,0,Right on the spot,NUMBER 1075,HN,DURAL,160.0,No,Not a school zone,2-way undivided,-33.662422,151.025359,The Hills,Sydney metro. area,Syd-Newc-Woll Gtr conurbation,Straight,Driveway/entrance,,,Unknown / not stated,Sealed,Dry,Fine,Daylight,Nil,No traffic controls,70 km/h,State,32,Right rear,303,Same - Rear right,,Rear end,Light truck utility(from 2018),Car (sedan/hatch),2,0,0,0,1,10,October,Spring,Friday,10:00 - 11:59,Midday / afternoon,False,False,True,True
1368576,Injury,Moderate Injury,2024,2024,December,Saturday,18:00 - 19:59,HOPETOUN,ST,0,Right on the spot,SHORT,ST,DUBBO,,No,Not a school zone,X-intersection,-32.251972,148.614381,Dubbo Regional,Country urban,Rest of NSW - Urban,Straight,,,,Unknown / not stated,Sealed,Dry,Fine,Dusk,Nil,Give way sign,50 km/h,Local,10,Cross traffic,101,Adj - Cross traffic,,Right angle,Car (sedan/hatch),Light truck utility(from 2018),2,0,0,1,0,12,December,Summer,Saturday,18:00 - 19:59,PM peak / evening commute,True,False,True,True
1368577,Injury,Minor/Other Injury,2024,2024,October,Thursday,08:00 - 09:59,NEWCASTLE,EXP,381,South,WYONG ROAD,TO,MARDI,6003.0,No,Not a school zone,Other,-33.302421,151.403656,Central Coast,Country urban,Syd-Newc-Woll Gtr conurbation,Curved,,,,Unknown / not stated,Sealed,Dry,Fine,Daylight,Nil,No traffic controls,70 km/h,State,30,Rear end,301,Same - Rear end,,Rear end,4 wheel drive / SUV,Car (sedan/hatch),3,0,0,0,1,10,October,Spring,Thursday,08:00 - 09:59,AM peak / school commute,True,False,True,True
1368580,Injury,Minor/Other Injury,2024,2024,August,Thursday,12:00 - 13:59,FORSYTH,ST,145,East,BAYLIS,ST,WAGGA WAGGA,,No,Not a school zone,2-way undivided,-35.114182,147.371318,Wagga Wagga,Country urban,Rest of NSW - Urban,Straight,,,,Unknown / not stated,Sealed,Dry,Fine,Daylight,On,Ped crossing,50 km/h,Local,30,Rear end,301,Same - Rear end,,Rear end,Car (sedan/hatch),Car (sedan/hatch),2,0,0,0,1,8,August,Winter,Thursday,12:00 - 13:59,Midday / afternoon,False,False,True,True
1368583,Injury,Moderate Injury,2024,2024,December,Monday,10:00 - 11:59,CANTERBURY,DR,0,Right on the spot,ISLA,ST,RAWORTH,,No,Not a school zone,T-junction,-32.736665,151.612833,Maitland,Country urban,Rest of NSW - Urban,Straight,,,,Nil,Sealed,Dry,Fine,Daylight,Nil,No traffic controls,50 km/h,Local,13,Right near,104,Adj - Right-thru from right,,Right angle,Car (sedan/hatch),Car (sedan/hatch),2,0,0,1,0,12,December,Summer,Monday,10:00 - 11:59,Midday / afternoon,False,False,True,True
1368586,Injury,Moderate Injury,2024,2024,October,Monday,12:00 - 13:59,HUME,HWY,0,Right on the spot,HOXTON PARK,RD,LIVERPOOL,2.0,No,Not a school zone,X-intersection,-33.928701,150.917871,Liverpool,Sydney metro. area,Syd-Newc-Woll Gtr conurbation,Straight,,,,Unknown / not stated,Sealed,Dry,Fine,Daylight,On,No traffic controls,60 km/h,State,39,Other same direction,300,Same - other,,Other angle,Car (sedan/hatch),Light truck utility(from 2018),3,0,0,1,0,10,October,Spring,Monday,12:00 - 13:59,Midday / afternoon,False,False,True,True
1368595,Injury,Minor/Other Injury,2024,2024,November,Friday,12:00 - 13:59,PACIFIC,HWY,0,Right on the spot,RYDE ROAD,TO,PYMBLE,10.0,No,Not a school zone,Divided road,-33.7505,151.146905,Ku-ring-gai,Sydney metro. area,Syd-Newc-Woll Gtr conurbation,Curved,,,,Unknown / not stated,Sealed,Wet,Raining,Daylight,Nil,No traffic controls,60 km/h,State,30,Rear end,301,Same - Rear end,,Rear end,Car (sedan/hatch),Light truck utility(from 2018),2,0,0,0,1,11,November,Spring,Friday,12:00 - 13:59,Midday / afternoon,False,False,True,True
1368596,Injury,Minor/Other Injury,2024,2024,November,Saturday,22:00 - Midnight,STATION,ST,0,Right on the spot,WINGECARRIBEE,ST,BOWRAL,7639.0,No,Not a school zone,X-intersection,-34.478617,150.416838,Wingecarribee,Country urban,Rest of NSW - Urban,Straight,,,,Unknown / not stated,Sealed,Wet,Raining,Darkness,On,No traffic controls,50 km/h,Regional,21,Right through,202,Opp - Right-thru,,Other angle,Light truck utility(from 2018),4 wheel drive / SUV,2,0,0,0,1,11,November,Spring,Saturday,22:00 - Midnight,Evening / night,False,False,True,True
1368599,Injury,Moderate Injury,2024,2024,December,Monday,08:00 - 09:59,ASHFORD,RD,150,South,NUMBER 4864,HN,ASHFORD,137.0,No,Not a school zone,2-way undivided,-29.393749,151.07889,Inverell,Country non-urban,Rest of NSW - Rural,Straight,Ditch/drain/culvert,,,Unknown / not stated,Sealed,Dry,Fine,Daylight,Nil,No traffic controls,100 km/h,Regional,70,Off road to left,701,Off carriageway to left,,Rollover,Light truck utility(from 2018),,1,0,0,1,0,12,December,Summer,Monday,08:00 - 09:59,AM peak / school commute,True,False,True,True
1368604,Injury,Minor/Other Injury,2024,2024,December,Tuesday,14:00 - 15:59,FERRIER,RD,0,Right on the spot,WOODS,RD,YAGOONA,,No,Not a school zone,T-junction,-33.89666,151.014047,Canterbury-Bankstown,Sydney metro. area,Syd-Newc-Woll Gtr conurbation,Straight,,,,Unknown / not stated,Sealed,Dry,Fine,Daylight,Nil,Give way sign,50 km/h,Local,53,Overtake turning,506,Ovtak - Overtaking right turn,,Other angle,Car (sedan/hatch),Light truck,2,0,0,0,1,12,December,Summer,Tuesday,14:00 - 15:59,Midday / afternoon,False,False,True,True
1368616,Injury,Moderate Injury,2024,2024,November,Friday,12:00 - 13:59,ABERDARE,RD,50,East,POKOLBIN,ST,ABERDARE,220.0,No,Not a school zone,2-way undivided,-32.842617,151.372529,Cessnock,Country urban,Rest of NSW - Urban,Straight,Driveway/entrance,,,Unknown / not stated,Sealed,Dry,Overcast,Daylight,Nil,No traffic controls,60 km/h,State,32,Right rear,303,Same - Rear right,,Rear end,Light truck utility(from 2018),4 wheel drive / SUV,3,0,0,2,0,11,November,Spring,Friday,12:00 - 13:59,Midday / afternoon,False,False,True,True
1368623,Injury,Moderate Injury,2024,2024,December,Sunday,14:00 - 15:59,NEWCASTLE,EXP,1000,South,PACIFIC HIGHWAY,OP,MOUNT WHITE,6003.0,No,Not a school zone,Dual freeway,-33.451665,151.21234,Central Coast,Country non-urban,Syd-Newc-Woll Gtr conurbation,Straight,,,,Unknown / not stated,Sealed,Dry,Fine,Daylight,Nil,No traffic controls,110 km/h,State,71,Off rd left => obj,703,Left off cway into object,,Vehicle - Object,4 wheel drive / SUV,,1,0,0,1,0,12,December,Summer,Sunday,14:00 - 15:59,Midday / afternoon,False,False,True,True
1368624,Injury,Minor/Other Injury,2024,2024,December,Thursday,14:00 - 15:59,PACIFIC,HWY,0,Right on the spot,MONTEFIORE,PKWY,CRANGAN BAY,10.0,No,Not a school zone,T-junction,-33.159791,151.611397,Lake Macquarie,Newcastle met. area,Syd-Newc-Woll Gtr conurbation,Straight,,,,Unknown / not stated,Sealed,Wet,Fine,Daylight,On,No traffic controls,80 km/h,State,30,Rear end,301,Same - Rear end,,Rear end,Light truck,Car (sedan/hatch),3,0,0,0,1,12,December,Summer,Thursday,14:00 - 15:59,Midday / afternoon,False,False,True,True
1368627,Injury,Minor/Other Injury,2024,2024,October,Monday,08:00 - 09:59,MEMORIAL,AVE,50,East,FLOWERDALE,RD,LIVERPOOL,,No,Not a school zone,2-way undivided,-33.92297,150.908854,Liverpool,Sydney metro. area,Syd-Newc-Woll Gtr conurbation,Straight,,,,Unknown / not stated,Sealed,Dry,Fine,Daylight,Nil,No traffic controls,50 km/h,Local,42,Leaving parking,401,Manov - Leaving parking,,Other angle,4 wheel drive / SUV,Car (sedan/hatch),2,0,0,0,1,10,October,Spring,Monday,08:00 - 09:59,AM peak / school commute,True,False,True,True
1368631,Injury,Minor/Other Injury,2024,2024,September,Sunday,16:00 - 17:59,CLYDE,ST,0,Right on the spot,REDFERN,ST,GRANVILLE,7101.0,No,Not a school zone,Roundabout,-33.846489,151.012825,Cumberland,Sydney metro. area,Syd-Newc-Woll Gtr conurbation,Straight,,,,Unknown / not stated,Sealed,Dry,Fine,Daylight,Nil,Give way sign,60 km/h,Regional,11,Right far,102,Adj - Right-thru from left,,Right angle,Car (sedan/hatch),Station wagon,2,0,0,0,1,9,September,Spring,Sunday,16:00 - 17:59,PM peak / evening commute,True,False,True,True
1368633,Injury,Minor/Other Injury,2024,2024,November,Thursday,14:00 - 15:59,BRUXNER,HWY,0,Right on the spot,BRUXNER,CRES,GOONELLABAH,16.0,No,Not a school zone,T-junction,-28.814729,153.315023,Lismore,Country urban,Rest of NSW - Urban,Straight,,,,Unknown / not stated,Sealed,Dry,Fine,Daylight,Nil,No traffic controls,60 km/h,State,32,Right rear,303,Same - Rear right,,Rear end,Light truck utility(from 2018),Car (sedan/hatch),2,0,0,0,3,11,November,Spring,Thursday,14:00 - 15:59,Midday / afternoon,False,False,True,True
1368634,Injury,Moderate Injury,2024,2024,November,Friday,04:00 - 05:59,RESERVOIR,RD,10,South,GREAT WESTERN,HWY,HUNTINGWOOD,5.0,No,Not a school zone,X-intersection,-33.798203,150.896871,Blacktown,Sydney metro. area,Syd-Newc-Woll Gtr conurbation,Straight,,,,Unknown / not stated,Sealed,Dry,Fine,Darkness,On,No traffic controls,80 km/h,State,30,Rear end,301,Same - Rear end,,Rear end,Light truck,Car (sedan/hatch),3,0,0,1,0,11,November,Spring,Friday,04:00 - 05:59,Late night / early morning,False,False,True,True
1368638,Injury,Moderate Injury,2024,2024,October,Tuesday,12:00 - 13:59,GEORGES RIVER,RD,0,Right on the spot,LEES,AVE,CROYDON PARK,549.0,No,Not a school zone,X-intersection,-33.899041,151.093237,Burwood,Sydney metro. area,Syd-Newc-Woll Gtr conurbation,Straight,,,,Unknown / not stated,Sealed,Dry,Fine,Daylight,On,No traffic controls,60 km/h,State,19,Other adjacent,100,Adj - other,,Right angle,4 wheel drive / SUV,Motor scooter,2,0,0,1,0,10,October,Spring,Tuesday,12:00 - 13:59,Midday / afternoon,False,False,True,True
1368643,Injury,Minor/Other Injury,2024,2024,December,Tuesday,22:00 - Midnight,EIGHTH,AVE,0,Right on the spot,FOURTH,AVE,AUSTRAL,,No,Not a school zone,X-intersection,-33.937974,150.80467,Liverpool,Sydney metro. area,Syd-Newc-Woll Gtr conurbation,Straight,,,,Unknown / not stated,Sealed,Dry,Fine,Darkness,Nil,Give way sign,50 km/h,Local,13,Right near,104,Adj - Right-thru from right,,Right angle,Car (sedan/hatch),Car (sedan/hatch),2,0,0,0,1,12,December,Summer,Tuesday,22:00 - Midnight,Evening / night,False,False,True,True
1368647,Injury,Minor/Other Injury,2024,2024,November,Monday,16:00 - 17:59,MARRICKVILLE,RD,0,Right on the spot,DARLEY,ST,MARRICKVILLE,7054.0,No,Not a school zone,T-junction,-33.906857,151.146459,Inner West,Sydney metro. area,Syd-Newc-Woll Gtr conurbation,Straight,,,,Unknown / not stated,Sealed,Dry,Fine,Daylight,Nil,Give way sign,60 km/h,Regional,21,Right through,202,Opp - Right-thru,,Other angle,Station wagon,Car (sedan/hatch),2,0,0,0,1,11,November,Spring,Monday,16:00 - 17:59,PM peak / evening commute,True,False,True,True
1368649,Injury,Minor/Other Injury,2024,2024,December,Wednesday,14:00 - 15:59,BUNGARRIBEE,RD,0,Right on the spot,LOCK,ST,BLACKTOWN,643.0,No,Not a school zone,X-intersection,-33.778869,150.914218,Blacktown,Sydney metro. area,Syd-Newc-Woll Gtr conurbation,Straight,,,,Unknown / not stated,Sealed,Dry,Fine,Daylight,On,No traffic controls,60 km/h,State,10,Cross traffic,101,Adj - Cross traffic,,Right angle,Car (sedan/hatch),4 wheel drive / SUV,2,0,0,0,2,12,December,Summer,Wednesday,14:00 - 15:59,Midday / afternoon,False,False,True,True
1368660,Injury,Moderate Injury,2024,2024,December,Friday,16:00 - 17:59,GILCHRIST,DR,0,Right on the spot,KELLICAR,RD,CAMPBELLTOWN,7191.0,No,Not a school zone,X-intersection,-34.073563,150.800458,Campbelltown,Sydney metro. area,Syd-Newc-Woll Gtr conurbation,Straight,,,,Unknown / not stated,Sealed,Dry,Fine,Daylight,On,No traffic controls,60 km/h,Regional,30,Rear end,301,Same - Rear end,,Rear end,Car (sedan/hatch),Car (sedan/hatch),2,0,0,1,0,12,December,Summer,Friday,16:00 - 17:59,PM peak / evening commute,True,False,True,True
1368661,Injury,Moderate Injury,2024,2024,November,Friday,20:00 - 21:59,CORRIMAL,ST,0,Right on the spot,BURELLI,ST,WOLLONGONG,581.0,No,Not a school zone,X-intersection,-34.426962,150.899561,Wollongong,Wollongong met. area,Syd-Newc-Woll Gtr conurbation,Straight,,,,On,Sealed,Dry,Fine,Darkness,On,No traffic controls,60 km/h,State,21,Right through,202,Opp - Right-thru,,Other angle,Car (sedan/hatch),Motorcycle,2,0,0,1,0,11,November,Spring,Friday,20:00 - 21:59,Evening / night,False,False,True,True
1368663,Injury,Minor/Other Injury,2024,2024,December,Friday,16:00 - 17:59,ANZAC,PDE,0,Right on the spot,RAINBOW,ST,KINGSFORD,171.0,No,Not a school zone,X-intersection,-33.924359,151.228403,Randwick,Sydney metro. area,Syd-Newc-Woll Gtr conurbation,Straight,,,,Unknown / not stated,Sealed,Dry,Fine,Daylight,On,No traffic controls,50 km/h,State,30,Rear end,301,Same - Rear end,,Rear end,Car (sedan/hatch),4 wheel drive / SUV,2,0,0,0,1,12,December,Summer,Friday,16:00 - 17:59,PM peak / evening commute,True,False,True,True
1368668,Injury,Moderate Injury,2024,2024,December,Wednesday,20:00 - 21:59,HUME,HWY,20,North,MINGAY,RD,COOLAC,2.0,No,Not a school zone,Divided road,-34.971432,148.148613,Cootamundra-Gundagai,Country non-urban,Rest of NSW - Rural,Straight,,,,Unknown / not stated,Sealed,Dry,Fine,Darkness,Nil,No traffic controls,110 km/h,State,71,Off rd left => obj,703,Left off cway into object,,Vehicle - Object,Car (sedan/hatch),,1,0,0,1,0,12,December,Summer,Wednesday,20:00 - 21:59,Evening / night,False,False,True,True
1368670,Injury,Minor/Other Injury,2024,2024,November,Friday,16:00 - 17:59,SAMANTHA RILEY,DR,320,West,REDDEN,DR,BEAUMONT HILLS,7142.0,No,Not a school zone,Divided road,-33.702321,150.950651,The Hills,Sydney metro. area,Syd-Newc-Woll Gtr conurbation,Straight,Steep grade,,,Unknown / not stated,Sealed,Dry,Fine,Daylight,Nil,No traffic controls,60 km/h,Regional,34,Lane change right,306,Same - Lane change right,,Other angle,4 wheel drive / SUV,4 wheel drive / SUV,2,0,0,0,1,11,November,Spring,Friday,16:00 - 17:59,PM peak / evening commute,True,False,True,True
1368673,Injury,Minor/Other Injury,2024,2024,September,Saturday,10:00 - 11:59,JAMES RUSE,DR,350,North,GRAND,AVE,CAMELLIA,309.0,No,Not a school zone,Divided road,-33.816171,151.022351,Parramatta,Sydney metro. area,Syd-Newc-Woll Gtr conurbation,Straight,,,,Unknown / not stated,Sealed,Dry,Fine,Daylight,Nil,No traffic controls,70 km/h,State,33,Lane sideswipe,305,Same - Lane side swipe,,Other angle,Car (sedan/hatch),Light truck,2,0,0,0,1,9,September,Spring,Saturday,10:00 - 11:59,Midday / afternoon,False,False,True,True
1368674,Injury,Minor/Other Injury,2024,2024,December,Tuesday,16:00 - 17:59,OLD WINDSOR,RD,0,Right on the spot,BALMORAL,RD,BELLA VISTA,635.0,No,Not a school zone,X-intersection,-33.725286,150.940078,The Hills,Sydney metro. area,Syd-Newc-Woll Gtr conurbation,Straight,,,,Nil,Sealed,Dry,Fine,Daylight,On,No traffic controls,80 km/h,State,10,Cross traffic,101,Adj - Cross traffic,,Right angle,Car (sedan/hatch),Car (sedan/hatch),2,0,0,0,1,12,December,Summer,Tuesday,16:00 - 17:59,PM peak / evening commute,True,False,True,True
1368677,Injury,Minor/Other Injury,2024,2024,November,Friday,16:00 - 17:59,KERR,PDE,0,Right on the spot,NUMBER 46,HN,AUBURN,,Yes,No,2-way undivided,-33.851408,151.034287,Cumberland,Sydney metro. area,Syd-Newc-Woll Gtr conurbation,Straight,,,,Unknown / not stated,Sealed,Dry,Fine,Daylight,Nil,No traffic controls,50 km/h,Local,30,Rear end,301,Same - Rear end,,Rear end,Car (sedan/hatch),Station wagon,3,0,0,0,1,11,November,Spring,Friday,16:00 - 17:59,PM peak / evening commute,True,False,True,True
1368678,Injury,Minor/Other Injury,2024,2024,November,Friday,14:00 - 15:59,WARRINGAH,RD,0,Right on the spot,RODBOROUGH,RD,FRENCHS FOREST,328.0,No,Not a school zone,T-junction,-33.75319,151.241687,Northern Beaches,Sydney metro. area,Syd-Newc-Woll Gtr conurbation,Straight,,,,Unknown / not stated,Sealed,Dry,Fine,Daylight,Nil,Give way sign,70 km/h,State,30,Rear end,301,Same - Rear end,,Rear end,Station wagon,4 wheel drive / SUV,2,0,0,0,1,11,November,Spring,Friday,14:00 - 15:59,Midday / afternoon,False,False,True,True
1368679,Injury,Minor/Other Injury,2024,2024,December,Tuesday,12:00 - 13:59,PRINCES,HWY,0,Right on the spot,DARKES,RD,DAPTO,1.0,No,Not a school zone,Roundabout,-34.48329,150.802124,Wollongong,Wollongong met. area,Syd-Newc-Woll Gtr conurbation,Straight,,,,Off,Sealed,Dry,Fine,Daylight,Nil,Give way sign,80 km/h,Regional,10,Cross traffic,101,Adj - Cross traffic,,Right angle,Station wagon,Car (sedan/hatch),2,0,0,0,1,12,December,Summer,Tuesday,12:00 - 13:59,Midday / afternoon,False,False,True,True
1368691,Injury,Moderate Injury,2024,2024,December,Saturday,20:00 - 21:59,DARLING,ST,0,Right on the spot,LYNDHURST,ST,GLEBE,,No,Not a school zone,X-intersection,-33.878372,151.18973,Sydney,Sydney metro. area,Syd-Newc-Woll Gtr conurbation,Straight,,,,Unknown / not stated,Sealed,Dry,Fine,Darkness,Nil,Stop sign,50 km/h,Local,42,Leaving parking,401,Manov - Leaving parking,,Other angle,4 wheel drive / SUV,4 wheel drive / SUV,2,0,0,1,0,12,December,Summer,Saturday,20:00 - 21:59,Evening / night,False,False,True,True
1368693,Injury,Minor/Other Injury,2024,2024,October,Wednesday,12:00 - 13:59,BROKEN HEAD RESERVE,RD,50,East,BROKEN HEAD,RD,SUFFOLK PARK,,No,Not a school zone,2-way undivided,-28.697897,153.600957,Byron,Country urban,Rest of NSW - Urban,Straight,,,,Unknown / not stated,Sealed,Dry,Fine,Daylight,Nil,No traffic controls,50 km/h,Local,30,Rear end,301,Same - Rear end,,Rear end,4 wheel drive / SUV,Car (sedan/hatch),2,0,0,0,1,10,October,Spring,Wednesday,12:00 - 13:59,Midday / afternoon,False,False,True,True
1368705,Injury,Moderate Injury,2024,2024,December,Saturday,16:00 - 17:59,NEW ILLAWARRA,RD,10,North,BANGOR,BYPA,MENAI,190.0,No,Not a school zone,T-junction,-34.023352,151.007898,Sutherland,Sydney metro. area,Syd-Newc-Woll Gtr conurbation,Straight,,,,Off,Sealed,Wet,Fine,Daylight,On,No traffic controls,80 km/h,State,30,Rear end,301,Same - Rear end,,Rear end,4 wheel drive / SUV,4 wheel drive / SUV,2,0,0,1,0,12,December,Summer,Saturday,16:00 - 17:59,PM peak / evening commute,True,False,True,True
1368709,Injury,Moderate Injury,2024,2024,November,Monday,06:00 - 07:59,BRUXNER,HWY,0,Right on the spot,DIADEM,ST,LISMORE,16.0,No,Not a school zone,X-intersection,-28.815301,153.286825,Lismore,Country urban,Rest of NSW - Urban,Straight,,,,Unknown / not stated,Sealed,Dry,Fine,Daylight,On,No traffic controls,60 km/h,State,30,Rear end,301,Same - Rear end,,Rear end,4 wheel drive / SUV,Large rigid,2,0,0,1,0,11,November,Spring,Monday,06:00 - 07:59,AM peak / school commute,True,False,True,True
1368710,Injury,Serious Injury,2024,2024,September,Wednesday,08:00 - 09:59,SEVEN HILLS,RD,0,Right on the spot,BINGARA,CRES,BAULKHAM HILLS,2104.0,No,Not a school zone,T-junction,-33.75396,150.958973,The Hills,Sydney metro. area,Syd-Newc-Woll Gtr conurbation,Curved,,,,Unknown / not stated,Sealed,Dry,Fine,Daylight,Off,No traffic controls,60 km/h,Regional,30,Rear end,301,Same - Rear end,,Rear end,4 wheel drive / SUV,Light truck,2,0,1,0,0,9,September,Spring,Wednesday,08:00 - 09:59,AM peak / school commute,True,False,True,True
1368711,Injury,Moderate Injury,2024,2024,November,Wednesday,08:00 - 09:59,ARCADIAN,CCT,0,Right on the spot,FELTON,RD,CARLINGFORD,,No,Not a school zone,X-intersection,-33.783923,151.028847,Parramatta,Sydney metro. area,Syd-Newc-Woll Gtr conurbation,Straight,,,,Unknown / not stated,Sealed,Dry,Fine,Daylight,Nil,Give way sign,50 km/h,Local,10,Cross traffic,101,Adj - Cross traffic,,Right angle,Car (sedan/hatch),Car (sedan/hatch),2,0,0,1,0,11,November,Spring,Wednesday,08:00 - 09:59,AM peak / school commute,True,False,True,True
1368714,Injury,Moderate Injury,2024,2024,October,Wednesday,22:00 - Midnight,CARLISLE,AVE,0,Right on the spot,KURRAJONG,AVE,MOUNT DRUITT,629.0,No,Not a school zone,T-junction,-33.766213,150.816956,Blacktown,Sydney metro. area,Syd-Newc-Woll Gtr conurbation,Straight,,,,On,Sealed,Dry,Fine,Darkness,On,No traffic controls,60 km/h,State,16,Left near,107,Adj - Left-thru from right,,Right angle,Car (sedan/hatch),Light truck,2,0,0,1,0,10,October,Spring,Wednesday,22:00 - Midnight,Evening / night,False,False,True,True
1368734,Injury,Moderate Injury,2024,2024,November,Saturday,20:00 - 21:59,SMITHFIELD,RD,0,Right on the spot,NUMBER 673,HN,EDENSOR PARK,7220.0,No,Not a school zone,2-way undivided,-33.882708,150.88777,Fairfield,Sydney metro. area,Syd-Newc-Woll Gtr conurbation,Straight,,,,Unknown / not stated,Sealed,Wet,Fine,Darkness,Nil,No traffic controls,60 km/h,Regional,30,Rear end,301,Same - Rear end,,Rear end,Car (sedan/hatch),Car (sedan/hatch),2,0,0,1,0,11,November,Spring,Saturday,20:00 - 21:59,Evening / night,False,False,True,True
1368735,Injury,Serious Injury,2024,2024,December,Tuesday,10:00 - 11:59,CHANDOS,ST,0,Right on the spot,NUMBER 89,HN,ST LEONARDS,2091.0,No,Not a school zone,2-way undivided,-33.822059,151.198892,North Sydney,Sydney metro. area,Syd-Newc-Woll Gtr conurbation,Straight,,,,Unknown / not stated,Sealed,Dry,Fine,Daylight,Nil,No traffic controls,50 km/h,Regional,49,Other manoeuvring,400,Manov - other,,Other angle,4 wheel drive / SUV,Car (sedan/hatch),2,0,1,0,0,12,December,Summer,Tuesday,10:00 - 11:59,Midday / afternoon,False,False,True,True
1368736,Injury,Minor/Other Injury,2024,2024,October,Saturday,20:00 - 21:59,DRUITT,ST,25,East,KENT,ST,SYDNEY,7307.0,No,Not a school zone,2-way undivided,-33.872785,151.205359,Sydney,Sydney metro. area,Syd-Newc-Woll Gtr conurbation,Straight,Steep grade,,,Unknown / not stated,Sealed,Dry,Fine,Darkness,Nil,No traffic controls,30 km/h,Regional,30,Rear end,301,Same - Rear end,,Rear end,Car (sedan/hatch),Car (sedan/hatch),2,0,0,0,1,10,October,Spring,Saturday,20:00 - 21:59,Evening / night,False,False,True,True
1368742,Injury,Serious Injury,2024,2024,December,Saturday,16:00 - 17:59,HECTOR,ST,0,Right on the spot,NUMBER 125,HN,SEFTON,7101.0,No,Not a school zone,2-way undivided,-33.886429,151.006262,Canterbury-Bankstown,Sydney metro. area,Syd-Newc-Woll Gtr conurbation,Straight,,,,Nil,Sealed,Dry,Fine,Daylight,Nil,No traffic controls,60 km/h,Regional,71,Off rd left => obj,703,Left off cway into object,,Other angle,Car (sedan/hatch),Car (sedan/hatch),3,0,1,0,0,12,December,Summer,Saturday,16:00 - 17:59,PM peak / evening commute,True,False,True,True