crash_id,degree_of_crash,degree_of_crash_-_detailed,reporting_year,year_of_crash,month_of_crash,day_of_week_of_crash,two-hour_intervals,street_of_crash,street_type,distance,direction,identifying_feature,identifying_feature_type,town,route_no.,school_zone_location,school_zone_active,type_of_location,latitude,longitude,lga,urbanisation,conurbation_1,alignment,primary_permanent_feature,primary_temporary_feature,primary_hazardous_feature,street_lighting,road_surface,surface_condition,weather,natural_lighting,signals_operation,other_traffic_control,speed_limit,road_classification_(admin),rum_-_code,rum_-_description,dca_-_code,dca_-_description,dca_supplement,first_impact_type,key_tu_type,other_tu_type,no._of_traffic_units_involved,no._killed,no._seriously_injured,no._moderately_injured,no._minor-other_injured,month_num,month_label,season,day_label,time_label,time_band,is_peak_commute,is_fatal,is_injury,is_casualty
1368745,Injury,Minor/Other Injury,2024,2024,November,Sunday,14:00 - 15:59,RICHMOND,RD,0,Right on the spot,COREEN AVENUE,TO,PENRITH,154.0,No,Not a school zone,Divided road,-33.746824,150.71431,Penrith,Sydney metro. area,Syd-Newc-Woll Gtr conurbation,Straight,,,,Unknown / not stated,Sealed,Dry,Fine,Daylight,Nil,No traffic controls,70 km/h,State,30,Rear end,301,Same - Rear end,,Rear end,Light truck utility(from 2018),4 wheel drive / SUV,2,0,0,0,1,11,November,Spring,Sunday,14:00 - 15:59,Midday / afternoon,False,False,True,True
1368748,Injury,Minor/Other Injury,2024,2024,September,Friday,16:00 - 17:59,GREAT WESTERN,HWY,0,Right on the spot,PHILLIP,ST,PETERSHAM,5.0,No,Not a school zone,X-intersection,-33.887981,151.16135,Inner West,Sydney metro. area,Syd-Newc-Woll Gtr conurbation,Straight,,,,On,Sealed,Dry,Fine,Daylight,On,No traffic controls,60 km/h,State,30,Rear end,301,Same - Rear end,,Rear end,Car (sedan/hatch),Car (sedan/hatch),2,0,0,0,1,9,September,Spring,Friday,16:00 - 17:59,PM peak / evening commute,True,False,True,True
1368762,Injury,Minor/Other Injury,2024,2024,December,Monday,16:00 - 17:59,CHARLESTOWN,RD,100,North,NUMBER 222,HN,CHARLESTOWN,,No,Not a school zone,2-way undivided,-32.955416,151.686216,Lake Macquarie,Newcastle met. area,Syd-Newc-Woll Gtr conurbation,Straight,,,,Unknown / not stated,Sealed,Dry,Fine,Daylight,Nil,No traffic controls,60 km/h,Local,30,Rear end,301,Same - Rear end,,Rear end,Car (sedan/hatch),Light truck utility(from 2018),2,0,0,0,1,12,December,Summer,Monday,16:00 - 17:59,PM peak / evening commute,True,False,True,True
1368764,Injury,Moderate Injury,2024,2024,December,Saturday,04:00 - 05:59,M2 HILLS,EXP,1500,East,WINDSOR ROAD,OP,NORTH ROCKS,6002.0,No,Not a school zone,Dual freeway,-33.764738,151.014323,Parramatta,Sydney metro. area,Syd-Newc-Woll Gtr conurbation,Curved,,,,Unknown / not stated,Sealed,Wet,Raining,Darkness,Nil,No traffic controls,100 km/h,State,83,Off rt/rt bnd=>obj,803,Off right bend into obj,Right,Vehicle - Object,Large rigid,,1,0,0,1,0,12,December,Summer,Saturday,04:00 - 05:59,Late night / early morning,False,False,True,True
1368767,Injury,Minor/Other Injury,2024,2024,November,Friday,16:00 - 17:59,FALCONER,ST,0,Right on the spot,NUMBER 50-52,HN,WEST RYDE,,No,Not a school zone,2-way undivided,-33.808039,151.095819,Ryde,Sydney metro. area,Syd-Newc-Woll Gtr conurbation,Straight,Driveway/entrance,,,Unknown / not stated,Sealed,Wet,Raining,Daylight,Nil,No traffic controls,50 km/h,Local,21,Right through,202,Opp - Right-thru,,Other angle,4 wheel drive / SUV,Car (sedan/hatch),2,0,0,0,1,11,November,Spring,Friday,16:00 - 17:59,PM peak / evening commute,True,False,True,True
1368768,Injury,Moderate Injury,2024,2024,November,Friday,16:00 - 17:59,WOODVILLE,RD,0,Right on the spot,KIRRANG,AVE,VILLAWOOD,640.0,No,Not a school zone,T-junction,-33.886081,150.975192,Canterbury-Bankstown,Sydney metro. area,Syd-Newc-Woll Gtr conurbation,Straight,,,,Unknown / not stated,Sealed,Dry,Fine,Unknown,On,No traffic controls,60 km/h,State,11,Right far,102,Adj - Right-thru from left,,Right angle,4 wheel drive / SUV,4 wheel drive / SUV,2,0,0,1,0,11,November,Spring,Friday,16:00 - 17:59,PM peak / evening commute,True,False,True,True
1368781,Injury,Minor/Other Injury,2024,2024,August,Thursday,08:00 - 09:59,KENNEDY,DR,10,West,BARRETT,ST,TWEED HEADS WEST,,No,Not a school zone,T-junction,-28.186788,153.523037,Tweed,Country urban,Rest of NSW - Urban,Straight,,,,Unknown / not stated,Sealed,Dry,Overcast,Daylight,Nil,Stop sign,50 km/h,Local,30,Rear end,301,Same - Rear end,,Rear end,4 wheel drive / SUV,Passenger van,2,0,0,0,1,8,August,Winter,Thursday,08:00 - 09:59,AM peak / school commute,True,False,True,True
1368782,Injury,Moderate Injury,2024,2024,December,Tuesday,14:00 - 15:59,ROUCHEL,RD,5000,West,GLENBAWN,RD,ROUCHEL,,No,Not a school zone,2-way undivided,-32.147168,150.911099,Upper Hunter,Country urban,Rest of NSW - Urban,Straight,,,,Unknown / not stated,Sealed,Wet,Fine,Daylight,Nil,No traffic controls,80 km/h,Local,72,Off road to right,702,Off carriageway to right,,Rollover,Motorcycle,,1,0,0,1,0,12,December,Summer,Tuesday,14:00 - 15:59,Midday / afternoon,False,False,True,True
1368792,Injury,Moderate Injury,2024,2024,December,Monday,14:00 - 15:59,HYATTS,RD,310,South,JERSEY,RD,PLUMPTON,,Yes,No,2-way undivided,-33.746834,150.834275,Blacktown,Sydney metro. area,Syd-Newc-Woll Gtr conurbation,Straight,Spd hump/slow pt/chc,,,Unknown / not stated,Sealed,Dry,Fine,Daylight,Nil,Ped crossing,50 km/h,Local,30,Rear end,301,Same - Rear end,,Rear end,4 wheel drive / SUV,4 wheel drive / SUV,2,0,0,1,0,12,December,Summer,Monday,14:00 - 15:59,Midday / afternoon,False,False,True,True
1368797,Injury,Moderate Injury,2024,2024,December,Friday,00:01 - 01:59,WESTON,ST,10,East,CARSON,ST,PANANIA,,No,Not a school zone,Roundabout,-33.953971,151.005799,Canterbury-Bankstown,Sydney metro. area,Syd-Newc-Woll Gtr conurbation,Straight,,,,Unknown / not stated,Sealed,Dry,Fine,Darkness,Nil,Give way sign,50 km/h,Local,71,Off rd left => obj,703,Left off cway into object,,Other angle,Car (sedan/hatch),4 wheel drive / SUV,2,0,0,1,0,12,December,Summer,Friday,00:01 - 01:59,Late night / early morning,False,False,True,True
1368807,Injury,Moderate Injury,2024,2024,December,Friday,10:00 - 11:59,VICTORIA,RD,80,North,LYONS,RD,DRUMMOYNE,165.0,No,Not a school zone,Divided road,-33.850464,151.154056,Canada Bay,Sydney metro. area,Syd-Newc-Woll Gtr conurbation,Straight,Bus/transit lane,,,Unknown / not stated,Sealed,Dry,Fine,Daylight,Nil,No traffic controls,60 km/h,State,71,Off rd left => obj,703,Left off cway into object,,Other angle,Other bus,4 wheel drive / SUV,3,0,0,1,0,12,December,Summer,Friday,10:00 - 11:59,Midday / afternoon,False,False,True,True
1368812,Injury,Moderate Injury,2024,2024,November,Friday,16:00 - 17:59,CENTRAL COAST,HWY,0,Right on the spot,ADELAIDE,ST,EAST GOSFORD,30.0,No,Not a school zone,X-intersection,-33.438549,151.354147,Central Coast,Country urban,Syd-Newc-Woll Gtr conurbation,Straight,,,,Unknown / not stated,Sealed,Dry,Fine,Daylight,On,No traffic controls,60 km/h,State,20,Head on,201,Opp - Head on,,Head-on,Station wagon,Car (sedan/hatch),2,0,0,1,0,11,November,Spring,Friday,16:00 - 17:59,PM peak / evening commute,True,False,True,True
1368815,Injury,Minor/Other Injury,2024,2024,November,Monday,16:00 - 17:59,OLD WINDSOR,RD,350,West,OAKES,RD,OLD TOONGABBIE,635.0,No,Not a school zone,2-way undivided,-33.783506,150.969271,Parramatta,Sydney metro. area,Syd-Newc-Woll Gtr conurbation,Straight,,,,Unknown / not stated,Sealed,Dry,Fine,Daylight,Nil,No traffic controls,80 km/h,State,30,Rear end,301,Same - Rear end,,Rear end,Car (sedan/hatch),Car (sedan/hatch),2,0,0,0,1,11,November,Spring,Monday,16:00 - 17:59,PM peak / evening commute,True,False,True,True
1368816,Injury,Moderate Injury,2024,2024,November,Monday,08:00 - 09:59,RAYMOND TERRACE,RD,0,Right on the spot,FOREST,DR,THORNTON,104.0,No,Not a school zone,T-junction,-32.766863,151.632633,Maitland,Country urban,Rest of NSW - Urban,Curved,,,,Unknown / not stated,Sealed,Wet,Raining,Daylight,Nil,Give way sign,80 km/h,State,16,Left near,107,Adj - Left-thru from right,,Right angle,4 wheel drive / SUV,4 wheel drive / SUV,2,0,0,1,0,11,November,Spring,Monday,08:00 - 09:59,AM peak / school commute,True,False,True,True
1368824,Injury,Minor/Other Injury,2024,2024,December,Saturday,16:00 - 17:59,MERINDAH,RD,0,Right on the spot,NUMBER 81,HN,BAULKHAM HILLS,,Yes,No,2-way undivided,-33.750768,150.973071,The Hills,Sydney metro. area,Syd-Newc-Woll Gtr conurbation,Straight,Driveway/entrance,,,Unknown / not stated,Sealed,Wet,Raining,Daylight,Nil,No traffic controls,50 km/h,Local,47,Emerging from drive,406,Manov - Emerging from driveway,,Right angle,Car (sedan/hatch),4 wheel drive / SUV,2,0,0,0,1,12,December,Summer,Saturday,16:00 - 17:59,PM peak / evening commute,True,False,True,True
1368825,Injury,Serious Injury,2024,2024,November,Thursday,16:00 - 17:59,HOGBIN,DR,0,Right on the spot,AIRPORT,DR,COFFS HARBOUR,540.0,No,Not a school zone,Roundabout,-30.317411,153.111146,Coffs Harbour,Country urban,Rest of NSW - Urban,Straight,,,,Unknown / not stated,Sealed,Dry,Fine,Daylight,Nil,Give way sign,60 km/h,Regional,73,Off rd rght => obj,704,Right off cway into obj,,Vehicle - Object,Motorcycle,,1,0,1,0,0,11,November,Spring,Thursday,16:00 - 17:59,PM peak / evening commute,True,False,True,True
1368848,Injury,Moderate Injury,2024,2024,December,Wednesday,06:00 - 07:59,TRAVERS,ST,0,Right on the spot,NUMBER 129-131,HN,WAGGA WAGGA,,No,Not a school zone,2-way undivided,-35.100138,147.352636,Wagga Wagga,Country urban,Rest of NSW - Urban,Straight,,,,Unknown / not stated,Sealed,Dry,Fine,Dawn,Nil,No traffic controls,60 km/h,Local,30,Rear end,301,Same - Rear end,,Rear end,Light truck utility(from 2018),Car (sedan/hatch),2,0,0,1,0,12,December,Summer,Wednesday,06:00 - 07:59,AM peak / school commute,True,False,True,True
1368853,Injury,Minor/Other Injury,2024,2024,November,Saturday,06:00 - 07:59,MCCARRS CREEK,RD,0,Right on the spot,GEN SAN MARTIN,DR,KU-RING-GAI CHASE,174.0,No,Not a school zone,T-junction,-33.667208,151.231262,Northern Beaches,Sydney metro. area,Syd-Newc-Woll Gtr conurbation,Curved,,,,Unknown / not stated,Sealed,Wet,Raining,Daylight,Nil,Give way sign,60 km/h,State,81,Off left/rt bnd=>obj,803,Off right bend into obj,Left,Vehicle - Object,4 wheel drive / SUV,,1,0,0,0,1,11,November,Spring,Saturday,06:00 - 07:59,AM peak / school commute,True,False,True,True
1368870,Injury,Minor/Other Injury,2024,2024,December,Monday,16:00 - 17:59,HOMER,ST,0,Right on the spot,WILLIAM,ST,EARLWOOD,2021.0,No,Not a school zone,Multiple intersection,-33.927406,151.124435,Canterbury-Bankstown,Sydney metro. area,Syd-Newc-Woll Gtr conurbation,Straight,,,,Unknown / not stated,Sealed,Dry,Fine,Daylight,On,No traffic controls,50 km/h,Regional,30,Rear end,301,Same - Rear end,,Rear end,Car (sedan/hatch),Car (sedan/hatch),2,0,0,0,1,12,December,Summer,Monday,16:00 - 17:59,PM peak / evening commute,True,False,True,True
1368874,Injury,Minor/Other Injury,2024,2024,October,Saturday,12:00 - 13:59,EUROBIN,AVE,0,Right on the spot,NUMBER 46,HN,MANLY,,Yes,No,2-way undivided,-33.785668,151.284559,Northern Beaches,Sydney metro. area,Syd-Newc-Woll Gtr conurbation,Straight,Driveway/entrance,,,Unknown / not stated,Sealed,Dry,Fine,Daylight,Nil,No traffic controls,40 km/h,Local,47,Emerging from drive,406,Manov - Emerging from driveway,,Right angle,Unknown motor vehicle,Car (sedan/hatch),2,0,0,0,1,10,October,Spring,Saturday,12:00 - 13:59,Midday / afternoon,False,False,True,True
1368890,Injury,Moderate Injury,2024,2024,November,Saturday,14:00 - 15:59,MILPERRA,RD,10,East,DAISY,ST,REVESBY,167.0,No,Not a school zone,T-junction,-33.935505,151.009188,Canterbury-Bankstown,Sydney metro. area,Syd-Newc-Woll Gtr conurbation,Straight,,,,Unknown / not stated,Sealed,Dry,Fine,Daylight,Nil,Left turn only,70 km/h,State,39,Other same direction,300,Same - other,,Other angle,Car (sedan/hatch),4 wheel drive / SUV,3,0,0,1,0,11,November,Spring,Saturday,14:00 - 15:59,Midday / afternoon,False,False,True,True
1368900,Injury,Moderate Injury,2024,2024,November,Monday,08:00 - 09:59,MIMOSA,RD,0,Right on the spot,PRAIRIE VALE,RD,BOSSLEY PARK,7229.0,Yes,No,X-intersection,-33.867016,150.889497,Fairfield,Sydney metro. area,Syd-Newc-Woll Gtr conurbation,Straight,,,,Unknown / not stated,Sealed,Dry,Fine,Daylight,On,No traffic controls,60 km/h,Regional,30,Rear end,301,Same - Rear end,,Rear end,Large rigid,Car (sedan/hatch),3,0,0,1,0,11,November,Spring,Monday,08:00 - 09:59,AM peak / school commute,True,False,True,True
1368905,Injury,Moderate Injury,2024,2024,November,Thursday,14:00 - 15:59,PITTWATER,RD,0,Right on the spot,ELTHAM,ST,GLADESVILLE,2052.0,No,Not a school zone,T-junction,-33.825876,151.131623,Ryde,Sydney metro. area,Syd-Newc-Woll Gtr conurbation,Straight,Steep grade,,,Unknown / not stated,Sealed,Unknown,Unknown,Daylight,Nil,No traffic controls,60 km/h,Regional,16,Left near,107,Adj - Left-thru from right,,Right angle,Car (sedan/hatch),Car (sedan/hatch),3,0,0,1,1,11,November,Spring,Thursday,14:00 - 15:59,Midday / afternoon,False,False,True,True
1368907,Injury,Minor/Other Injury,2024,2024,December,Thursday,16:00 - 17:59,PACIFIC,HWY,0,Right on the spot,YIRRA,RD,MOUNT COLAH,10.0,No,Not a school zone,T-junction,-33.676437,151.1123,Hornsby,Sydney metro. area,Syd-Newc-Woll Gtr conurbation,Straight,,,,Unknown / not stated,Sealed,Dry,Fine,Dusk,On,No traffic controls,60 km/h,State,30,Rear end,301,Same - Rear end,,Rear end,Light truck utility(from 2018),Car (sedan/hatch),2,0,0,0,1,12,December,Summer,Thursday,16:00 - 17:59,PM peak / evening commute,True,False,True,True
1368916,Injury,Serious Injury,2024,2024,December,Monday,00:01 - 01:59,NUMULGI,RD,100,South,CROSS,RD,NUMULGI,,No,Not a school zone,2-way undivided,-28.745092,153.324629,Lismore,Country urban,Rest of NSW - Urban,Straight,,,,Unknown / not stated,Sealed,Dry,Fine,Darkness,Nil,No traffic controls,80 km/h,Local,66,Object on road,607,On path - Hit temp object,,Vehicle - Object,Light truck utility(from 2018),,1,0,1,0,0,12,December,Summer,Monday,00:01 - 01:59,Late night / early morning,False,False,True,True
1368940,Injury,Minor/Other Injury,2024,2024,December,Thursday,10:00 - 11:59,EDGEWORTH,AVE,0,Right on the spot,WILLIAM BEACH,RD,KANAHOOKA,,No,Not a school zone,T-junction,-34.497462,150.813628,Wollongong,Wollongong met. area,Syd-Newc-Woll Gtr conurbation,Straight,Steep grade,,,Unknown / not stated,Sealed,Dry,Fine,Daylight,Nil,Stop sign,50 km/h,Local,13,Right near,104,Adj - Right-thru from right,,Right angle,Motor scooter,Car (sedan/hatch),2,0,0,0,1,12,December,Summer,Thursday,10:00 - 11:59,Midday / afternoon,False,False,True,True
1368952,Injury,Minor/Other Injury,2024,2024,December,Saturday,10:00 - 11:59,CASUARINA,WAY,10,North,PHEENY,LANE,CASUARINA,,No,Not a school zone,T-junction,-28.306455,153.570126,Tweed,Country urban,Rest of NSW - Urban,Straight,,,,Unknown / not stated,Sealed,Wet,Raining,Daylight,Nil,No traffic controls,50 km/h,Local,30,Rear end,301,Same - Rear end,,Rear end,4 wheel drive / SUV,4 wheel drive / SUV,2,0,0,0,1,12,December,Summer,Saturday,10:00 - 11:59,Midday / afternoon,False,False,True,True
1368969,Injury,Minor/Other Injury,2024,2024,December,Friday,20:00 - 21:59,PUNCHBOWL,RD,0,Right on the spot,MYALL,ST,PUNCHBOWL,549.0,No,Not a school zone,T-junction,-33.926933,151.051648,Canterbury-Bankstown,Sydney metro. area,Syd-Newc-Woll Gtr conurbation,Straight,,,,Unknown / not stated,Sealed,Dry,Fine,Darkness,Nil,Give way sign,60 km/h,State,9,Ped other,0,Ped - other,,Vehicle - Pedestrian,Car (sedan/hatch),Pedestrian,2,0,0,0,1,12,December,Summer,Friday,20:00 - 21:59,Evening / night,False,False,True,True
1368980,Injury,Moderate Injury,2024,2024,December,Tuesday,08:00 - 09:59,CARLISLE,AVE,0,Right on the spot,FULLER,ST,MOUNT DRUITT,629.0,No,Not a school zone,T-junction,-33.773813,150.815485,Blacktown,Sydney metro. area,Syd-Newc-Woll Gtr conurbation,Straight,,,,Off,Sealed,Dry,Fine,Daylight,On,No traffic controls,60 km/h,State,12,Left far,103,Adj - Left-thru from left,,Right angle,Car (sedan/hatch),Pedal cycle,2,0,0,1,0,12,December,Summer,Tuesday,08:00 - 09:59,AM peak / school commute,True,False,True,True
1369022,Injury,Moderate Injury,2024,2024,December,Monday,02:00 - 03:59,BUCKETTS,WAY,100,West,BEAULY,RD,TINONEE,,No,Not a school zone,2-way undivided,-31.947768,152.423917,Mid-Coast,Country urban,Rest of NSW - Urban,Curved,,,,Unknown / not stated,Sealed,Dry,Fine,Darkness,Nil,No traffic controls,80 km/h,Local,81,Off left/rt bnd=>obj,803,Off right bend into obj,Left,Vehicle - Object,Car (sedan/hatch),,1,0,0,1,0,12,December,Summer,Monday,02:00 - 03:59,Late night / early morning,False,False,True,True
1369032,Injury,Serious Injury,2024,2024,December,Friday,10:00 - 11:59,NEWCASTLE,EXP,6000,South,HAWKSBERY RIVER AREA,OT,COWAN,6003.0,No,Not a school zone,Dual freeway,-33.584516,151.184816,Hornsby,Sydney metro. area,Syd-Newc-Woll Gtr conurbation,Straight,,,,Unknown / not stated,Sealed,Dry,Fine,Daylight,Nil,No traffic controls,110 km/h,State,30,Rear end,301,Same - Rear end,,Rear end,4 wheel drive / SUV,Unknown motor vehicle,3,0,1,0,0,12,December,Summer,Friday,10:00 - 11:59,Midday / afternoon,False,False,True,True
1369040,Injury,Minor/Other Injury,2024,2024,December,Thursday,10:00 - 11:59,PAUL,ST,0,Right on the spot,NUMBER 18,HN,AUBURN,,No,Not a school zone,2-way undivided,-33.85278,151.026944,Cumberland,Sydney metro. area,Syd-Newc-Woll Gtr conurbation,Straight,,,,Unknown / not stated,Sealed,Dry,Fine,Daylight,Nil,No traffic controls,50 km/h,Local,43,Entering parking,402,Manov - Entering parking veh,,Other angle,Car (sedan/hatch),Car (sedan/hatch),2,0,0,0,1,12,December,Summer,Thursday,10:00 - 11:59,Midday / afternoon,False,False,True,True
1369043,Injury,Minor/Other Injury,2024,2024,December,Friday,14:00 - 15:59,DAVIES,RD,0,Right on the spot,RYAN,RD,PADSTOW,190.0,No,Not a school zone,X-intersection,-33.953902,151.038107,Canterbury-Bankstown,Sydney metro. area,Syd-Newc-Woll Gtr conurbation,Straight,,,,Unknown / not stated,Sealed,Dry,Fine,Daylight,On,No traffic controls,70 km/h,State,30,Rear end,301,Same - Rear end,,Rear end,Car (sedan/hatch),Passenger van,2,0,0,0,1,12,December,Summer,Friday,14:00 - 15:59,Midday / afternoon,False,False,True,True
1369048,Injury,Minor/Other Injury,2024,2024,December,Saturday,12:00 - 13:59,THE NORTHERN,RD,0,Right on the spot,THE OLD NORTHERN,RD,HARRINGTON PARK,154.0,No,Not a school zone,T-junction,-34.036846,150.733753,Camden,Sydney metro. area,Syd-Newc-Woll Gtr conurbation,Straight,,,,Unknown / not stated,Sealed,Dry,Fine,Daylight,On,No traffic controls,60 km/h,State,30,Rear end,301,Same - Rear end,,Rear end,Car (sedan/hatch),Car (sedan/hatch),2,0,0,0,1,12,December,Summer,Saturday,12:00 - 13:59,Midday / afternoon,False,False,True,True
1369054,Injury,Moderate Injury,2024,2024,September,Monday,12:00 - 13:59,RILEYS HILL,RD,100,East,HILLS,RD,RILEYS HILL,,No,Not a school zone,2-way undivided,-29.011974,153.398029,Richmond Valley,Country urban,Rest of NSW - Urban,Straight,Embankment/cutting,,,Unknown / not stated,Sealed,Dry,Fine,Daylight,Nil,No traffic controls,50 km/h,Local,73,Off rd rght => obj,704,Right off cway into obj,,Vehicle - Object,Light truck,,1,0,0,1,0,9,September,Spring,Monday,12:00 - 13:59,Midday / afternoon,False,False,True,True
1369067,Injury,Minor/Other Injury,2024,2024,December,Sunday,10:00 - 11:59,GREAT WESTERN,HWY,0,Right on the spot,WESTERN,EXP,GRANVILLE,5.0,No,Not a school zone,T-junction,-33.82652,151.004665,Parramatta,Sydney metro. area,Syd-Newc-Woll Gtr conurbation,Straight,,,,Unknown / not stated,Sealed,Dry,Fine,Daylight,On,No left turn,60 km/h,State,39,Other same direction,300,Same - other,,Other angle,Car (sedan/hatch),4 wheel drive / SUV,2,0,0,0,1,12,December,Summer,Sunday,10:00 - 11:59,Midday / afternoon,False,False,True,True
1369070,Injury,Minor/Other Injury,2024,2024,November,Tuesday,14:00 - 15:59,HUDSON,PDE,0,Right on the spot,NUMBER 121,HN,CLAREVILLE,,No,Not a school zone,2-way undivided,-33.635702,151.31202,Northern Beaches,Sydney metro. area,Syd-Newc-Woll Gtr conurbation,Curved,,,,Unknown / not stated,Sealed,Dry,Fine,Daylight,Nil,No traffic controls,50 km/h,Local,67,Struck animal,609,On path - Hit animal,,Vehicle - Animal,Light truck,,1,0,0,0,1,11,November,Spring,Tuesday,14:00 - 15:59,Midday / afternoon,False,False,True,True
1369075,Injury,Minor/Other Injury,2024,2024,March,Sunday,12:00 - 13:59,MONA VALE,RD,500,North,WOODBURY,RD,ST IVES,162.0,No,Not a school zone,Divided road,-33.717643,151.173001,Ku-ring-gai,Sydney metro. area,Syd-Newc-Woll Gtr conurbation,Straight,,,,Unknown / not stated,Sealed,Dry,Fine,Daylight,Nil,No traffic controls,60 km/h,State,34,Lane change right,306,Same - Lane change right,,Other angle,4 wheel drive / SUV,Car (sedan/hatch),2,0,0,0,1,3,March,Autumn,Sunday,12:00 - 13:59,Midday / afternoon,False,False,True,True
1369076,Injury,Minor/Other Injury,2024,2024,December,Saturday,06:00 - 07:59,CENTRAL COAST,HWY,0,Right on the spot,KARALTA,RD,ERINA,30.0,No,Not a school zone,Roundabout,-33.43787,151.38366,Central Coast,Country urban,Syd-Newc-Woll Gtr conurbation,Curved,,,,Unknown / not stated,Sealed,Wet,Fine,Dawn,Nil,Give way sign,60 km/h,State,49,Other manoeuvring,400,Manov - other,,Other angle,Car (sedan/hatch),4 wheel drive / SUV,2,0,0,0,1,12,December,Summer,Saturday,06:00 - 07:59,AM peak / school commute,True,False,True,True
1369092,Injury,Serious Injury,2024,2024,October,Tuesday,06:00 - 07:59,WESTERN,EXP,100,East,PROSPECT HIGH,OP,PROSPECT,6004.0,No,Not a school zone,Dual freeway,-33.805679,150.916984,Blacktown,Sydney metro. area,Syd-Newc-Woll Gtr conurbation,Straight,,,,Unknown / not stated,Sealed,Dry,Fine,Daylight,Nil,No traffic controls,100 km/h,State,30,Rear end,301,Same - Rear end,,Rear end,Light truck utility(from 2018),Light truck,6,0,1,0,0,10,October,Spring,Tuesday,06:00 - 07:59,AM peak / school commute,True,False,True,True
1369099,Injury,Minor/Other Injury,2024,2024,November,Wednesday,10:00 - 11:59,NEVILLE,CL,0,Right on the spot,ROTHERHAM,ST,BATEAU BAY,,No,Not a school zone,T-junction,-33.381899,151.456751,Central Coast,Country urban,Syd-Newc-Woll Gtr conurbation,Straight,,,,Unknown / not stated,Sealed,Dry,Fine,Daylight,Nil,No traffic controls,50 km/h,Local,19,Other adjacent,100,Adj - other,,Right angle,Car (sedan/hatch),4 wheel drive / SUV,2,0,0,0,1,11,November,Spring,Wednesday,10:00 - 11:59,Midday / afternoon,False,False,True,True
1369104,Injury,Minor/Other Injury,2024,2024,November,Saturday,20:00 - 21:59,HUME,HWY,0,Right on the spot,NUMBER 453,HN,CASULA,2.0,No,Not a school zone,Divided road,-33.939855,150.912613,Liverpool,Sydney metro. area,Syd-Newc-Woll Gtr conurbation,Straight,,,,Unknown / not stated,Sealed,Dry,Fine,Darkness,Nil,No traffic controls,60 km/h,State,30,Rear end,301,Same - Rear end,,Rear end,4 wheel drive / SUV,Car (sedan/hatch),2,0,0,0,1,11,November,Spring,Saturday,20:00 - 21:59,Evening / night,False,False,True,True
1369121,Injury,Minor/Other Injury,2024,2024,September,Monday,16:00 - 17:59,BOBBIN HEAD,RD,0,Right on the spot,VALLEY PARK,CRES,NORTH TURRAMURRA,366.0,Yes,No,T-junction,-33.713764,151.147029,Ku-ring-gai,Sydney metro. area,Syd-Newc-Woll Gtr conurbation,Straight,,,,Unknown / not stated,Sealed,Dry,Fine,Daylight,Nil,No traffic controls,50 km/h,Regional,40,U turn,304,Same - U-turn,,Other angle,4 wheel drive / SUV,Light truck,2,0,0,0,1,9,September,Spring,Monday,16:00 - 17:59,PM peak / evening commute,True,False,True,True
1369132,Injury,Moderate Injury,2024,2024,October,Friday,18:00 - 19:59,CAPTAIN COOK,DR,0,Right on the spot,WOODFIELD,BVD,CARINGBAH,662.0,No,Not a school zone,T-junction,-34.032483,151.124297,Sutherland,Sydney metro. area,Syd-Newc-Woll Gtr conurbation,Straight,,,,Unknown / not stated,Sealed,Dry,Fine,Daylight,Nil,No traffic controls,60 km/h,State,21,Right through,202,Opp - Right-thru,,Other angle,Car (sedan/hatch),Car (sedan/hatch),2,0,0,1,0,10,October,Spring,Friday,18:00 - 19:59,PM peak / evening commute,True,False,True,True
1369144,Injury,Minor/Other Injury,2024,2024,December,Tuesday,08:00 - 09:59,GREAT WESTERN,HWY,0,Right on the spot,BEDFORD,RD,HOMEBUSH WEST,5.0,No,Not a school zone,T-junction,-33.860823,151.075021,Strathfield,Sydney metro. area,Syd-Newc-Woll Gtr conurbation,Straight,,,,Unknown / not stated,Sealed,Wet,Raining,Daylight,Nil,No traffic controls,60 km/h,State,30,Rear end,301,Same - Rear end,,Rear end,Car (sedan/hatch),4 wheel drive / SUV,3,0,0,0,1,12,December,Summer,Tuesday,08:00 - 09:59,AM peak / school commute,True,False,True,True
1369170,Injury,Moderate Injury,2024,2024,December,Monday,16:00 - 17:59,NEW ENGLAND,HWY,2000,North,CHAPMANS,RD,MOONBI,9.0,No,Not a school zone,Divided road,-30.965595,151.106232,Tamworth Regional,Country non-urban,Rest of NSW - Rural,Straight,,,,Unknown / not stated,Sealed,Dry,Fine,Daylight,Nil,No traffic controls,100 km/h,State,70,Off road to left,701,Off carriageway to left,,Rollover,Light truck utility(from 2018),,1,0,0,1,0,12,December,Summer,Monday,16:00 - 17:59,PM peak / evening commute,True,False,True,True
1369175,Injury,Moderate Injury,2024,2024,July,Wednesday,16:00 - 17:59,WESTERN,EXP,0,Right on the spot,BURNETT STREET,OP,MERRYLANDS,6004.0,No,Not a school zone,Dual freeway,-33.824089,150.988057,Cumberland,Sydney metro. area,Syd-Newc-Woll Gtr conurbation,Straight,Other bridge,,,Unknown / not stated,Sealed,Dry,Fine,Dusk,Nil,No traffic controls,90 km/h,State,30,Rear end,301,Same - Rear end,,Rear end,Light truck utility(from 2018),Car (sedan/hatch),3,0,0,1,0,7,July,Winter,Wednesday,16:00 - 17:59,PM peak / evening commute,True,False,True,True