crash_id,degree_of_crash,degree_of_crash_-_detailed,reporting_year,year_of_crash,month_of_crash,day_of_week_of_crash,two-hour_intervals,street_of_crash,street_type,distance,direction,identifying_feature,identifying_feature_type,town,route_no.,school_zone_location,school_zone_active,type_of_location,latitude,longitude,lga,urbanisation,conurbation_1,alignment,primary_permanent_feature,primary_temporary_feature,primary_hazardous_feature,street_lighting,road_surface,surface_condition,weather,natural_lighting,signals_operation,other_traffic_control,speed_limit,road_classification_(admin),rum_-_code,rum_-_description,dca_-_code,dca_-_description,dca_supplement,first_impact_type,key_tu_type,other_tu_type,no._of_traffic_units_involved,no._killed,no._seriously_injured,no._moderately_injured,no._minor-other_injured,month_num,month_label,season,day_label,time_label,time_band,is_peak_commute,is_fatal,is_injury,is_casualty
1369180,Injury,Serious Injury,2024,2024,November,Wednesday,16:00 - 17:59,NEW ENGLAND,HWY,0,Right on the spot,HIGH,ST,SOUTH MAITLAND,9.0,No,Not a school zone,T-junction,-32.74382,151.569174,Maitland,Country urban,Rest of NSW - Urban,Straight,,,,Unknown / not stated,Sealed,Wet,Raining,Unknown,On,No traffic controls,80 km/h,State,13,Right near,104,Adj - Right-thru from right,,Right angle,4 wheel drive / SUV,Car (sedan/hatch),2,0,1,0,0,11,November,Spring,Wednesday,16:00 - 17:59,PM peak / evening commute,True,False,True,True
1369194,Injury,Minor/Other Injury,2024,2024,December,Saturday,20:00 - 21:59,HUME,HWY,0,Right on the spot,SYDNEY ROAD,OP,BOXERS CREEK,2.0,No,Not a school zone,Divided road,-34.74248,149.771636,Goulburn Mulwaree,Country non-urban,Rest of NSW - Rural,Straight,,,,Unknown / not stated,Sealed,Dry,Fine,Darkness,Nil,No traffic controls,110 km/h,State,67,Struck animal,609,On path - Hit animal,,Vehicle - Animal,4 wheel drive / SUV,,1,0,0,0,1,12,December,Summer,Saturday,20:00 - 21:59,Evening / night,False,False,True,True
1369243,Injury,Minor/Other Injury,2024,2024,December,Tuesday,16:00 - 17:59,CUNNINGHAME,ST,10,North,STATION,ST,FAIRFIELD,,No,Not a school zone,Roundabout,-33.867331,150.950777,Fairfield,Sydney metro. area,Syd-Newc-Woll Gtr conurbation,Straight,Driveway/entrance,,,Nil,Sealed,Dry,Fine,Daylight,Nil,Give way sign,50 km/h,Local,47,Emerging from drive,406,Manov - Emerging from driveway,,Right angle,Car (sedan/hatch),Car (sedan/hatch),2,0,0,0,1,12,December,Summer,Tuesday,16:00 - 17:59,PM peak / evening commute,True,False,True,True
1369247,Injury,Minor/Other Injury,2024,2024,November,Friday,10:00 - 11:59,BARRENJOEY,RD,0,Right on the spot,PITTWATER,RD,MONA VALE,164.0,No,Not a school zone,T-junction,-33.677755,151.303987,Northern Beaches,Sydney metro. area,Syd-Newc-Woll Gtr conurbation,Straight,,,,Unknown / not stated,Sealed,Dry,Overcast,Daylight,On,No traffic controls,60 km/h,State,30,Rear end,301,Same - Rear end,,Rear end,Large rigid,4 wheel drive / SUV,2,0,0,0,1,11,November,Spring,Friday,10:00 - 11:59,Midday / afternoon,False,False,True,True
1369251,Injury,Moderate Injury,2024,2024,July,Saturday,06:00 - 07:59,THE RIVER,RD,0,Right on the spot,TURVEY,ST,REVESBY,634.0,No,Not a school zone,T-junction,-33.938785,151.018645,Canterbury-Bankstown,Sydney metro. area,Syd-Newc-Woll Gtr conurbation,Straight,,,,Unknown / not stated,Sealed,Dry,Fine,Dawn,Nil,No traffic controls,70 km/h,State,49,Other manoeuvring,400,Manov - other,,Other angle,Pedal cycle,Car (sedan/hatch),2,0,0,1,0,7,July,Winter,Saturday,06:00 - 07:59,AM peak / school commute,True,False,True,True
1369277,Injury,Minor/Other Injury,2024,2024,November,Monday,10:00 - 11:59,BARRY,WAY,2000,South,SANDY CREEK,TRL,INGEEGOODBEE,4056.0,No,Not a school zone,2-way undivided,-36.864814,148.414087,Snowy Monaro Regional,Country non-urban,Rest of NSW - Rural,Curved,,,,Unknown / not stated,Unsealed,Dry,Fine,Daylight,Nil,No traffic controls,100 km/h,Regional,85,Off rt/lft bnd=>obj,804,Off left bend into obj,Right,Vehicle - Object,Motorcycle,,1,0,0,0,1,11,November,Spring,Monday,10:00 - 11:59,Midday / afternoon,False,False,True,True
1369283,Injury,Minor/Other Injury,2024,2024,October,Friday,20:00 - 21:59,CAMPBELLTOWN,RD,0,Right on the spot,QUEEN,ST,CAMPBELLTOWN,177.0,No,Not a school zone,X-intersection,-34.057146,150.82409,Campbelltown,Sydney metro. area,Syd-Newc-Woll Gtr conurbation,Straight,,,,Unknown / not stated,Sealed,Dry,Fine,Darkness,On,No traffic controls,60 km/h,State,32,Right rear,303,Same - Rear right,,Rear end,Car (sedan/hatch),Car (sedan/hatch),2,0,0,0,1,10,October,Spring,Friday,20:00 - 21:59,Evening / night,False,False,True,True
1369287,Injury,Minor/Other Injury,2024,2024,October,Monday,12:00 - 13:59,PRINCES,HWY,0,Right on the spot,CENTRAL,AVE,SOUTH NOWRA,1.0,No,Not a school zone,Roundabout,-34.914382,150.603596,Shoalhaven,Country urban,Rest of NSW - Urban,Straight,,,,Unknown / not stated,Sealed,Dry,Fine,Daylight,Nil,Give way sign,70 km/h,State,35,Lane change left,307,Same - Lane change left,,Other angle,Light truck,4 wheel drive / SUV,2,0,0,0,1,10,October,Spring,Monday,12:00 - 13:59,Midday / afternoon,False,False,True,True
1369288,Injury,Minor/Other Injury,2024,2024,November,Friday,14:00 - 15:59,GARDEN,ST,0,Right on the spot,POWDERWORKS,RD,NORTH NARRABEEN,7352.0,No,Not a school zone,T-junction,-33.70276,151.295891,Northern Beaches,Sydney metro. area,Syd-Newc-Woll Gtr conurbation,Straight,,,,Unknown / not stated,Sealed,Wet,Raining,Daylight,On,No traffic controls,50 km/h,Regional,30,Rear end,301,Same - Rear end,,Rear end,Light truck,Car (sedan/hatch),2,0,0,0,2,11,November,Spring,Friday,14:00 - 15:59,Midday / afternoon,False,False,True,True
1369289,Injury,Minor/Other Injury,2024,2024,December,Wednesday,16:00 - 17:59,GREAT WESTERN,HWY,0,Right on the spot,NUMBER 350,HN,HOMEBUSH WEST,5.0,No,Not a school zone,Divided road,-33.856904,151.065707,Strathfield,Sydney metro. area,Syd-Newc-Woll Gtr conurbation,Straight,,,,Unknown / not stated,Sealed,Dry,Fine,Daylight,Nil,No traffic controls,60 km/h,State,30,Rear end,301,Same - Rear end,,Rear end,4 wheel drive / SUV,4 wheel drive / SUV,2,0,0,0,2,12,December,Summer,Wednesday,16:00 - 17:59,PM peak / evening commute,True,False,True,True
1369292,Injury,Moderate Injury,2024,2024,November,Saturday,10:00 - 11:59,PARK,AVE,0,Right on the spot,WADE,LANE,GORDON,,No,Not a school zone,T-junction,-33.754217,151.152529,Ku-ring-gai,Sydney metro. area,Syd-Newc-Woll Gtr conurbation,Straight,,,,Unknown / not stated,Sealed,Wet,Overcast,Daylight,Nil,Stop sign,50 km/h,Local,10,Cross traffic,101,Adj - Cross traffic,,Right angle,4 wheel drive / SUV,Car (sedan/hatch),2,0,0,1,0,11,November,Spring,Saturday,10:00 - 11:59,Midday / afternoon,False,False,True,True
1369293,Injury,Serious Injury,2024,2024,December,Saturday,18:00 - 19:59,CAWDOR,RD,85,North,SHEATHERS,LANE,CAMDEN,7180.0,No,Not a school zone,2-way undivided,-34.06174,150.687687,Camden,Sydney metro. area,Syd-Newc-Woll Gtr conurbation,Straight,Painted double centre lines,,,Unknown / not stated,Sealed,Wet,Overcast,Daylight,Nil,No traffic controls,60 km/h,Regional,71,Off rd left => obj,703,Left off cway into object,,Vehicle - Object,4 wheel drive / SUV,,3,0,2,0,0,12,December,Summer,Saturday,18:00 - 19:59,PM peak / evening commute,True,False,True,True
1369317,Injury,Moderate Injury,2024,2024,October,Friday,04:00 - 05:59,PROCTOR,PDE,50,West,HECTOR,ST,CHESTER HILL,,No,Not a school zone,2-way undivided,-33.887062,151.005588,Canterbury-Bankstown,Sydney metro. area,Syd-Newc-Woll Gtr conurbation,Straight,Driveway/entrance,,,Unknown / not stated,Sealed,Dry,Fine,Dawn,Nil,No traffic controls,50 km/h,Local,21,Right through,202,Opp - Right-thru,,Other angle,Light truck utility(from 2018),Light truck utility(from 2018),2,0,0,1,0,10,October,Spring,Friday,04:00 - 05:59,Late night / early morning,False,False,True,True
1369341,Injury,Moderate Injury,2024,2024,November,Sunday,14:00 - 15:59,WESTERN,EXP,1027,East,WALLGROVE ROAD,TO,EASTERN CREEK,6004.0,No,Not a school zone,Dual freeway,-33.801126,150.872181,Blacktown,Sydney metro. area,Syd-Newc-Woll Gtr conurbation,Straight,B'down lane/road shldr,,,Unknown / not stated,Sealed,Dry,Fine,Daylight,Nil,No traffic controls,100 km/h,State,42,Leaving parking,401,Manov - Leaving parking,,Other angle,Car (sedan/hatch),Car (sedan/hatch),3,0,0,1,0,11,November,Spring,Sunday,14:00 - 15:59,Midday / afternoon,False,False,True,True
1369352,Injury,Moderate Injury,2024,2024,October,Wednesday,12:00 - 13:59,ETHEL,LANE,50,West,BLAXLAND,RD,EASTWOOD,,No,Not a school zone,2-way undivided,-33.789124,151.085344,Ryde,Sydney metro. area,Syd-Newc-Woll Gtr conurbation,Straight,,,,Unknown / not stated,Sealed,Dry,Fine,Daylight,Nil,No traffic controls,50 km/h,Local,71,Off rd left => obj,703,Left off cway into object,,Other angle,Car (sedan/hatch),4 wheel drive / SUV,2,0,0,1,0,10,October,Spring,Wednesday,12:00 - 13:59,Midday / afternoon,False,False,True,True
1369368,Injury,Minor/Other Injury,2024,2024,November,Wednesday,10:00 - 11:59,HASSALL,ST,0,Right on the spot,CHIFLEY,ST,SMITHFIELD,646.0,No,Not a school zone,X-intersection,-33.846822,150.923059,Fairfield,Sydney metro. area,Syd-Newc-Woll Gtr conurbation,Straight,,,,Unknown / not stated,Sealed,Dry,Fine,Daylight,Nil,Give way sign,60 km/h,State,32,Right rear,303,Same - Rear right,,Rear end,Car (sedan/hatch),Station wagon,2,0,0,0,1,11,November,Spring,Wednesday,10:00 - 11:59,Midday / afternoon,False,False,True,True
1369369,Injury,Moderate Injury,2024,2024,November,Monday,10:00 - 11:59,HUME,HWY,200,North,BOWNING,RD,BOWNING,2.0,No,Not a school zone,Divided road,-34.77305,148.812431,Yass Valley,Country non-urban,Rest of NSW - Rural,Straight,,,,Unknown / not stated,Sealed,Dry,Fine,Daylight,Nil,No traffic controls,110 km/h,State,71,Off rd left => obj,703,Left off cway into object,,Other angle,4 wheel drive / SUV,Light truck utility(from 2018),2,0,0,1,1,11,November,Spring,Monday,10:00 - 11:59,Midday / afternoon,False,False,True,True
1369384,Injury,Minor/Other Injury,2024,2024,November,Monday,16:00 - 17:59,VICTORIA,RD,50,West,SPURWAY,ST,ERMINGTON,165.0,No,Not a school zone,Divided road,-33.814343,151.055705,Parramatta,Sydney metro. area,Syd-Newc-Woll Gtr conurbation,Straight,,,,Unknown / not stated,Sealed,Dry,Fine,Daylight,Nil,No traffic controls,70 km/h,State,30,Rear end,301,Same - Rear end,,Rear end,Car (sedan/hatch),4 wheel drive / SUV,3,0,0,0,1,11,November,Spring,Monday,16:00 - 17:59,PM peak / evening commute,True,False,True,True
1369385,Injury,Minor/Other Injury,2024,2024,November,Friday,14:00 - 15:59,DAVIDSON,AVE,0,Right on the spot,FLAVELLE,ST,CONCORD,,No,Not a school zone,X-intersection,-33.855105,151.098224,Canada Bay,Sydney metro. area,Syd-Newc-Woll Gtr conurbation,Straight,,,,Unknown / not stated,Sealed,Wet,Fine,Daylight,Nil,Stop sign,50 km/h,Local,10,Cross traffic,101,Adj - Cross traffic,,Right angle,Station wagon,Car (sedan/hatch),2,0,0,0,1,11,November,Spring,Friday,14:00 - 15:59,Midday / afternoon,False,False,True,True
1369392,Injury,Moderate Injury,2024,2024,December,Tuesday,10:00 - 11:59,POLDING,ST,0,Right on the spot,KING,ST,WETHERILL PARK,7222.0,No,Not a school zone,X-intersection,-33.858883,150.916357,Fairfield,Sydney metro. area,Syd-Newc-Woll Gtr conurbation,Straight,,,,Unknown / not stated,Sealed,Dry,Fine,Daylight,On,No traffic controls,60 km/h,Regional,30,Rear end,301,Same - Rear end,,Rear end,4 wheel drive / SUV,Light truck utility(from 2018),2,0,0,1,0,12,December,Summer,Tuesday,10:00 - 11:59,Midday / afternoon,False,False,True,True
1369394,Injury,Minor/Other Injury,2024,2024,November,Thursday,06:00 - 07:59,SUNNYHOLT,RD,0,Right on the spot,JAMES COOK,DR,KINGS LANGLEY,642.0,No,Not a school zone,T-junction,-33.74135,150.917543,Blacktown,Sydney metro. area,Syd-Newc-Woll Gtr conurbation,Straight,,,,Unknown / not stated,Sealed,Dry,Fine,Daylight,On,No traffic controls,70 km/h,State,34,Lane change right,306,Same - Lane change right,,Other angle,Car (sedan/hatch),Car (sedan/hatch),3,0,0,0,1,11,November,Spring,Thursday,06:00 - 07:59,AM peak / school commute,True,False,True,True
1369400,Injury,Moderate Injury,2024,2024,November,Friday,06:00 - 07:59,HEATHCOTE,RD,140,North,WALDER,RD,HAMMONDVILLE,512.0,No,Not a school zone,Divided road,-33.94825,150.949193,Liverpool,Sydney metro. area,Syd-Newc-Woll Gtr conurbation,Straight,,,,Unknown / not stated,Sealed,Dry,Fine,Daylight,Nil,No traffic controls,60 km/h,State,39,Other same direction,300,Same - other,,Other angle,Car (sedan/hatch),Light truck utility(from 2018),2,0,0,1,0,11,November,Spring,Friday,06:00 - 07:59,AM peak / school commute,True,False,True,True
1369404,Injury,Minor/Other Injury,2024,2024,November,Tuesday,08:00 - 09:59,PACIFIC,HWY,0,Right on the spot,NEWCASTLE,EXP,OURIMBAH,10.0,No,Not a school zone,Roundabout,-33.34566,151.369913,Central Coast,Country urban,Syd-Newc-Woll Gtr conurbation,Curved,,,,Unknown / not stated,Sealed,Dry,Fine,Daylight,Nil,Give way sign,60 km/h,State,49,Other manoeuvring,400,Manov - other,,Other angle,Car (sedan/hatch),Station wagon,2,0,0,0,1,11,November,Spring,Tuesday,08:00 - 09:59,AM peak / school commute,True,False,True,True
1369408,Injury,Moderate Injury,2024,2024,October,Wednesday,18:00 - 19:59,WESTERN,EXP,1000,West,CONCORD ROAD,OP,HOMEBUSH,6004.0,No,Not a school zone,Dual freeway,-33.862812,151.083664,Strathfield,Sydney metro. area,Syd-Newc-Woll Gtr conurbation,Straight,Other bridge,,,Unknown / not stated,Sealed,Dry,Fine,Daylight,Nil,No traffic controls,90 km/h,State,30,Rear end,301,Same - Rear end,,Rear end,Light truck,Light truck utility(from 2018),2,0,0,1,0,10,October,Spring,Wednesday,18:00 - 19:59,PM peak / evening commute,True,False,True,True
1369413,Injury,Minor/Other Injury,2024,2024,October,Sunday,16:00 - 17:59,O'SULLIVAN,RD,0,Right on the spot,BIRRIGA,RD,ROSE BAY,7336.0,No,Not a school zone,Multiple intersection,-33.885102,151.267755,Woollahra,Sydney metro. area,Syd-Newc-Woll Gtr conurbation,Straight,,,,Unknown / not stated,Sealed,Dry,Fine,Dusk,On,No traffic controls,50 km/h,Regional,49,Other manoeuvring,400,Manov - other,,Other angle,Pedal cycle,Car (sedan/hatch),2,0,0,0,1,10,October,Spring,Sunday,16:00 - 17:59,PM peak / evening commute,True,False,True,True
1369415,Injury,Minor/Other Injury,2024,2024,November,Friday,08:00 - 09:59,PERCY,ST,0,Right on the spot,NUMBER 7-9,HN,AUBURN,,No,Not a school zone,2-way undivided,-33.850945,151.039041,Cumberland,Sydney metro. area,Syd-Newc-Woll Gtr conurbation,Straight,,,,Unknown / not stated,Sealed,Dry,Fine,Daylight,Nil,No traffic controls,50 km/h,Local,9,Ped other,0,Ped - other,,Vehicle - Pedestrian,4 wheel drive / SUV,Pedestrian,2,0,0,0,1,11,November,Spring,Friday,08:00 - 09:59,AM peak / school commute,True,False,True,True
1369417,Injury,Minor/Other Injury,2024,2024,November,Wednesday,10:00 - 11:59,MONARO,HWY,2000,South,MOUNT LIVINGSTONE,RD,MICHELAGO,19.0,No,Not a school zone,2-way undivided,-35.759485,149.161219,Snowy Monaro Regional,Country non-urban,Rest of NSW - Rural,Straight,Embankment/cutting,,,Unknown / not stated,Sealed,Dry,Fine,Daylight,Nil,No traffic controls,100 km/h,State,71,Off rd left => obj,703,Left off cway into object,,Vehicle - Object,Light truck utility(from 2018),,1,0,0,0,1,11,November,Spring,Wednesday,10:00 - 11:59,Midday / afternoon,False,False,True,True
1369433,Injury,Minor/Other Injury,2024,2024,October,Thursday,08:00 - 09:59,NEW SOUTH HEAD,RD,0,Right on the spot,HOPETOUN,AVE,VAUCLUSE,173.0,No,Not a school zone,T-junction,-33.859303,151.273922,Woollahra,Sydney metro. area,Syd-Newc-Woll Gtr conurbation,Curved,,,,Unknown / not stated,Sealed,Dry,Fine,Daylight,Nil,Give way sign,50 km/h,State,21,Right through,202,Opp - Right-thru,,Other angle,Car (sedan/hatch),Car (sedan/hatch),2,0,0,0,1,10,October,Spring,Thursday,08:00 - 09:59,AM peak / school commute,True,False,True,True
1369439,Injury,Moderate Injury,2024,2024,July,Thursday,12:00 - 13:59,SALAMAUA,RD,0,Right on the spot,NUMBER 48,HN,WHALAN,,No,Not a school zone,2-way undivided,-33.760217,150.811354,Blacktown,Sydney metro. area,Syd-Newc-Woll Gtr conurbation,Straight,,,,Unknown / not stated,Sealed,Dry,Fine,Daylight,Nil,No traffic controls,50 km/h,Local,45,Reversing,404,Manov - Reverse in traffic,,Other angle,Car (sedan/hatch),Car (sedan/hatch),2,0,0,1,0,7,July,Winter,Thursday,12:00 - 13:59,Midday / afternoon,False,False,True,True
1369440,Injury,Moderate Injury,2024,2024,November,Wednesday,16:00 - 17:59,NEW ENGLAND,HWY,80,North,SWAMP CREEK,BDGE,GOONOO GOONOO,9.0,No,Not a school zone,2-way undivided,-31.313069,150.890012,Tamworth Regional,Country non-urban,Rest of NSW - Rural,Straight,Other bridge,,,Unknown / not stated,Sealed,Dry,Fine,Daylight,Nil,No traffic controls,100 km/h,State,71,Off rd left => obj,703,Left off cway into object,,Vehicle - Object,Light truck utility(from 2018),,1,0,0,1,0,11,November,Spring,Wednesday,16:00 - 17:59,PM peak / evening commute,True,False,True,True
1369450,Injury,Moderate Injury,2024,2024,November,Monday,18:00 - 19:59,BELLS GLADE,MS,0,Right on the spot,HOLLINSWORTH,RD,MARSDEN PARK,,No,Not a school zone,Roundabout,-33.718202,150.841152,Blacktown,Sydney metro. area,Syd-Newc-Woll Gtr conurbation,Straight,,,,Unknown / not stated,Sealed,Dry,Fine,Daylight,Nil,Give way sign,60 km/h,Local,71,Off rd left => obj,703,Left off cway into object,,Vehicle - Object,Motorcycle,,1,0,0,1,0,11,November,Spring,Monday,18:00 - 19:59,PM peak / evening commute,True,False,True,True
1369451,Injury,Minor/Other Injury,2024,2024,November,Saturday,16:00 - 17:59,NEW SOUTH HEAD,RD,0,Right on the spot,NUMBER 615,HN,ROSE BAY,173.0,No,Not a school zone,2-way undivided,-33.871901,151.256782,Woollahra,Sydney metro. area,Syd-Newc-Woll Gtr conurbation,Curved,,,,Unknown / not stated,Sealed,Dry,Fine,Daylight,Nil,No traffic controls,60 km/h,State,35,Lane change left,307,Same - Lane change left,,Other angle,Light truck utility(from 2018),4 wheel drive / SUV,3,0,0,0,1,11,November,Spring,Saturday,16:00 - 17:59,PM peak / evening commute,True,False,True,True
1369460,Injury,Minor/Other Injury,2024,2024,December,Monday,08:00 - 09:59,CANROBERT,ST,0,Right on the spot,RAGLAN,ST,MOSMAN,,No,Not a school zone,Roundabout,-33.833707,151.239696,Mosman,Sydney metro. area,Syd-Newc-Woll Gtr conurbation,Curved,,,,Unknown / not stated,Sealed,Dry,Fine,Daylight,Nil,Give way sign,50 km/h,Local,87,Off lft/lft bnd=>obj,804,Off left bend into obj,Left,Vehicle - Object,4 wheel drive / SUV,,1,0,0,0,1,12,December,Summer,Monday,08:00 - 09:59,AM peak / school commute,True,False,True,True
1369464,Injury,Serious Injury,2024,2024,November,Tuesday,10:00 - 11:59,CUMBERLAND,HWY,0,Right on the spot,VISCOUNT,PL,LIVERPOOL,13.0,No,Not a school zone,T-junction,-33.908086,150.918578,Liverpool,Sydney metro. area,Syd-Newc-Woll Gtr conurbation,Straight,,,,Unknown / not stated,Sealed,Dry,Fine,Daylight,On,No traffic controls,70 km/h,State,34,Lane change right,306,Same - Lane change right,,Other angle,Car (sedan/hatch),B-double (road train prior 98),7,0,1,1,0,11,November,Spring,Tuesday,10:00 - 11:59,Midday / afternoon,False,False,True,True
1369473,Injury,Moderate Injury,2024,2024,December,Tuesday,10:00 - 11:59,NEWCASTLE,EXP,300,North,SPARKS ROAD,OP,JILLIBY,6003.0,No,Not a school zone,Dual freeway,-33.226589,151.424513,Central Coast,Country non-urban,Syd-Newc-Woll Gtr conurbation,Curved,,,,Unknown / not stated,Sealed,Dry,Fine,Daylight,Nil,No traffic controls,110 km/h,State,83,Off rt/rt bnd=>obj,803,Off right bend into obj,Right,Vehicle - Object,Light truck,,1,0,0,1,0,12,December,Summer,Tuesday,10:00 - 11:59,Midday / afternoon,False,False,True,True
1369476,Injury,Minor/Other Injury,2024,2024,November,Monday,22:00 - Midnight,HUME,HWY,1000,North,BROOKS ROAD,OP,BARDIA,2.0,No,Not a school zone,Dual freeway,-33.9832,150.86089,Campbelltown,Sydney metro. area,Syd-Newc-Woll Gtr conurbation,Straight,,,,Unknown / not stated,Sealed,Dry,Fine,Darkness,Nil,No traffic controls,110 km/h,State,30,Rear end,301,Same - Rear end,,Rear end,4 wheel drive / SUV,Car (sedan/hatch),2,0,0,0,1,11,November,Spring,Monday,22:00 - Midnight,Evening / night,False,False,True,True
1369480,Injury,Moderate Injury,2024,2024,November,Saturday,16:00 - 17:59,PRINCES,HWY,300,North,MYSTERY BAY,RD,CORUNNA,1.0,No,Not a school zone,2-way undivided,-36.29,150.12,Eurobodalla,Country non-urban,Rest of NSW - Rural,Curved,,,,Unknown / not stated,Sealed,Wet,Raining,Daylight,Nil,No traffic controls,100 km/h,State,80,Off left/right bend,801,Off cway right bend,Left,Rollover,4 wheel drive / SUV,,1,0,0,1,0,11,November,Spring,Saturday,16:00 - 17:59,PM peak / evening commute,True,False,True,True
1369482,Injury,Minor/Other Injury,2024,2024,November,Sunday,14:00 - 15:59,PUTTY,RD,15000,North,WILBERFORCE,TN,COLO,503.0,No,Not a school zone,2-way undivided,-33.428703,150.830072,Hawkesbury,Country urban,Syd-Newc-Woll Gtr conurbation,Curved,Embankment/cutting,,,Unknown / not stated,Sealed,Dry,Fine,Daylight,Nil,No traffic controls,80 km/h,State,88,Out of cont on bend,805,Out of control on bend,,Rollover,Motorcycle,,1,0,0,0,1,11,November,Spring,Sunday,14:00 - 15:59,Midday / afternoon,False,False,True,True
1369485,Injury,Minor/Other Injury,2024,2024,November,Wednesday,14:00 - 15:59,WIGRAM,ST,0,Right on the spot,NUMBER 78,HN,HARRIS PARK,,No,Not a school zone,2-way undivided,-33.821378,151.009127,Parramatta,Sydney metro. area,Syd-Newc-Woll Gtr conurbation,Straight,,,,Unknown / not stated,Sealed,Dry,Fine,Daylight,Nil,No traffic controls,40 km/h,Local,42,Leaving parking,401,Manov - Leaving parking,,Other angle,Car (sedan/hatch),Car (sedan/hatch),2,0,0,0,1,11,November,Spring,Wednesday,14:00 - 15:59,Midday / afternoon,False,False,True,True
1369487,Injury,Serious Injury,2024,2024,December,Monday,10:00 - 11:59,MT OUSLEY,RD,50,South,NEW MT PLEASANT ROAD,OP,MOUNT PLEASANT,95.0,No,Not a school zone,Divided road,-34.39628,150.867095,Wollongong,Wollongong met. area,Syd-Newc-Woll Gtr conurbation,Straight,,,,Unknown / not stated,Sealed,Dry,Fine,Daylight,Nil,No traffic controls,80 km/h,State,74,On road-out of cont.,705,Out of control on cway,,Rollover,Motorcycle,,1,0,1,0,0,12,December,Summer,Monday,10:00 - 11:59,Midday / afternoon,False,False,True,True
1369500,Injury,Moderate Injury,2024,2024,October,Tuesday,10:00 - 11:59,FEDERATION,AVE,0,Right on the spot,MARY,ST,COROWA,314.0,Yes,No,X-intersection,-35.996308,146.389202,Federation,Country urban,Rest of NSW - Urban,Straight,,,,Unknown / not stated,Sealed,Dry,Fine,Daylight,Nil,Give way sign,60 km/h,State,10,Cross traffic,101,Adj - Cross traffic,,Right angle,Car (sedan/hatch),Car (sedan/hatch),2,0,0,2,0,10,October,Spring,Tuesday,10:00 - 11:59,Midday / afternoon,False,False,True,True
1369520,Injury,Minor/Other Injury,2024,2024,December,Tuesday,10:00 - 11:59,BRUNKER,RD,0,Right on the spot,PREMIER HOTEL,PU,BROADMEADOW,604.0,No,Not a school zone,2-way undivided,-32.925208,151.736723,Newcastle,Newcastle met. area,Syd-Newc-Woll Gtr conurbation,Straight,Driveway/entrance,,,Off,Sealed,Dry,Fine,Daylight,Nil,No traffic controls,50 km/h,Regional,30,Rear end,301,Same - Rear end,,Rear end,Car (sedan/hatch),4 wheel drive / SUV,2,0,0,0,1,12,December,Summer,Tuesday,10:00 - 11:59,Midday / afternoon,False,False,True,True
1369522,Injury,Serious Injury,2024,2024,November,Saturday,00:01 - 01:59,HUME,HWY,220,North,FEDERAL HIGHWAY,TO,YARRA,2.0,No,Not a school zone,Divided road,-34.799244,149.6138,Goulburn Mulwaree,Country non-urban,Rest of NSW - Rural,Straight,,,,Unknown / not stated,Sealed,Wet,Raining,Darkness,Nil,No traffic controls,110 km/h,State,73,Off rd rght => obj,704,Right off cway into obj,,Vehicle - Object,Car (sedan/hatch),,1,0,1,0,0,11,November,Spring,Saturday,00:01 - 01:59,Late night / early morning,False,False,True,True
1369534,Injury,Moderate Injury,2024,2024,November,Sunday,08:00 - 09:59,BURNS,ST,0,Right on the spot,WOODS,ST,REDHEAD,,Yes,No,X-intersection,-33.010687,151.710179,Lake Macquarie,Newcastle met. area,Syd-Newc-Woll Gtr conurbation,Straight,,,,Unknown / not stated,Sealed,Dry,Fine,Daylight,Nil,Stop sign,50 km/h,Local,10,Cross traffic,101,Adj - Cross traffic,,Right angle,Car (sedan/hatch),4 wheel drive / SUV,2,0,0,1,0,11,November,Spring,Sunday,08:00 - 09:59,AM peak / school commute,True,False,True,True
1369544,Injury,Moderate Injury,2024,2024,December,Tuesday,18:00 - 19:59,BLAIKIE,RD,200,West,PATTYS,PL,JAMISONTOWN,,No,Not a school zone,2-way undivided,-33.767035,150.671908,Penrith,Sydney metro. area,Syd-Newc-Woll Gtr conurbation,Curved,,,,Unknown / not stated,Sealed,Dry,Fine,Dusk,Nil,No traffic controls,50 km/h,Local,85,Off rt/lft bnd=>obj,804,Off left bend into obj,Right,Vehicle - Object,4 wheel drive / SUV,,1,0,0,1,0,12,December,Summer,Tuesday,18:00 - 19:59,PM peak / evening commute,True,False,True,True
1369557,Injury,Moderate Injury,2024,2024,November,Sunday,16:00 - 17:59,PYRMONT BRIDGE,RD,0,Right on the spot,GOTTENHAM,ST,GLEBE,523.0,No,Not a school zone,X-intersection,-33.879072,151.188272,Sydney,Sydney metro. area,Syd-Newc-Woll Gtr conurbation,Straight,Steep grade,,,Unknown / not stated,Sealed,Dry,Fine,Daylight,Nil,No traffic controls,40 km/h,State,30,Rear end,301,Same - Rear end,,Rear end,Car (sedan/hatch),Car (sedan/hatch),2,0,0,1,0,11,November,Spring,Sunday,16:00 - 17:59,PM peak / evening commute,True,False,True,True