crash_id,degree_of_crash,degree_of_crash_-_detailed,reporting_year,year_of_crash,month_of_crash,day_of_week_of_crash,two-hour_intervals,street_of_crash,street_type,distance,direction,identifying_feature,identifying_feature_type,town,route_no.,school_zone_location,school_zone_active,type_of_location,latitude,longitude,lga,urbanisation,conurbation_1,alignment,primary_permanent_feature,primary_temporary_feature,primary_hazardous_feature,street_lighting,road_surface,surface_condition,weather,natural_lighting,signals_operation,other_traffic_control,speed_limit,road_classification_(admin),rum_-_code,rum_-_description,dca_-_code,dca_-_description,dca_supplement,first_impact_type,key_tu_type,other_tu_type,no._of_traffic_units_involved,no._killed,no._seriously_injured,no._moderately_injured,no._minor-other_injured,month_num,month_label,season,day_label,time_label,time_band,is_peak_commute,is_fatal,is_injury,is_casualty
1369561,Injury,Moderate Injury,2024,2024,October,Wednesday,06:00 - 07:59,CRESCENT,RD,0,Right on the spot,E K,AVE,CHARLESTOWN,,No,Not a school zone,T-junction,-32.970642,151.684986,Lake Macquarie,Newcastle met. area,Syd-Newc-Woll Gtr conurbation,Straight,Driveway/entrance,,,Unknown / not stated,Sealed,Dry,Fine,Daylight,Nil,No traffic controls,50 km/h,Local,47,Emerging from drive,406,Manov - Emerging from driveway,,Right angle,Unknown motor vehicle,Motorcycle,2,0,0,1,0,10,October,Spring,Wednesday,06:00 - 07:59,AM peak / school commute,True,False,True,True
1369567,Injury,Moderate Injury,2024,2024,December,Sunday,12:00 - 13:59,BROOKFIELD,AVE,0,Right on the spot,MORGAN,ST,BROKEN HILL,81.0,No,Not a school zone,X-intersection,-31.956156,141.438069,Broken Hill,Country urban,Rest of NSW - Urban,Straight,,,,Unknown / not stated,Sealed,Dry,Fine,Daylight,Nil,Give way sign,50 km/h,Regional,10,Cross traffic,101,Adj - Cross traffic,,Right angle,4 wheel drive / SUV,Light truck utility(from 2018),2,0,0,1,0,12,December,Summer,Sunday,12:00 - 13:59,Midday / afternoon,False,False,True,True
1369570,Injury,Minor/Other Injury,2024,2024,November,Sunday,08:00 - 09:59,NEW ENGLAND,HWY,999999,Unknown/not stated,UNKNOWN,UK,MUSWELLBROOK,9.0,No,Not a school zone,Divided road,-32.280267,150.899863,Muswellbrook,Country urban,Rest of NSW - Urban,Straight,,,,Unknown / not stated,Sealed,Dry,Fine,Daylight,Nil,No traffic controls,50 km/h,State,30,Rear end,301,Same - Rear end,,Rear end,Light truck utility(from 2018),4 wheel drive / SUV,2,0,0,0,1,11,November,Spring,Sunday,08:00 - 09:59,AM peak / school commute,True,False,True,True
1369574,Injury,Minor/Other Injury,2024,2024,October,Friday,12:00 - 13:59,HANBURY,ST,0,Right on the spot,MAITLAND,RD,MAYFIELD,326.0,No,Not a school zone,X-intersection,-32.897362,151.736511,Newcastle,Newcastle met. area,Syd-Newc-Woll Gtr conurbation,Straight,,,,Unknown / not stated,Sealed,Dry,Fine,Daylight,On,No traffic controls,50 km/h,State,34,Lane change right,306,Same - Lane change right,,Other angle,Light truck,4 wheel drive / SUV,2,0,0,0,1,10,October,Spring,Friday,12:00 - 13:59,Midday / afternoon,False,False,True,True
1369575,Injury,Serious Injury,2024,2024,November,Saturday,08:00 - 09:59,ARCHBOLD,RD,0,Right on the spot,CARNARVON,RD,ROSEVILLE,2043.0,No,Not a school zone,T-junction,-33.776306,151.183188,Ku-ring-gai,Sydney metro. area,Syd-Newc-Woll Gtr conurbation,Straight,,,,Unknown / not stated,Sealed,Dry,Fine,Daylight,Nil,Give way sign,60 km/h,Regional,10,Cross traffic,101,Adj - Cross traffic,,Right angle,Car (sedan/hatch),Light truck utility(from 2018),2,0,2,0,0,11,November,Spring,Saturday,08:00 - 09:59,AM peak / school commute,True,False,True,True
1369579,Injury,Moderate Injury,2024,2024,December,Sunday,22:00 - Midnight,OLD COOMA,RD,200,South,WELLSVALE,DR,GOOGONG,584.0,No,Not a school zone,2-way undivided,-35.422708,149.220463,Queanbeyan-Palerang Regional,Country urban,Rest of NSW - Urban,Straight,Foot/cycle path/nature strip,,,Unknown / not stated,Sealed,Dry,Fine,Darkness,Nil,No traffic controls,80 km/h,Regional,71,Off rd left => obj,703,Left off cway into object,,Vehicle - Object,Light truck utility(from 2018),,1,0,0,1,0,12,December,Summer,Sunday,22:00 - Midnight,Evening / night,False,False,True,True
1369582,Injury,Minor/Other Injury,2024,2024,November,Saturday,10:00 - 11:59,FALCON,ST,0,Right on the spot,TRAMWAY,LANE,NEUTRAL BAY,164.0,No,Not a school zone,T-junction,-33.830091,151.21715,North Sydney,Sydney metro. area,Syd-Newc-Woll Gtr conurbation,Straight,,,,Unknown / not stated,Sealed,Dry,Fine,Daylight,Nil,Give way sign,60 km/h,State,30,Rear end,301,Same - Rear end,,Rear end,Large rigid,Car (sedan/hatch),2,0,0,0,1,11,November,Spring,Saturday,10:00 - 11:59,Midday / afternoon,False,False,True,True
1369588,Injury,Minor/Other Injury,2024,2024,December,Sunday,16:00 - 17:59,CAMPBELL,RD,0,Right on the spot,M8 TUNNEL,MS,ST PETERS,701.0,No,Not a school zone,X-intersection,-33.91534,151.184183,Sydney,Sydney metro. area,Syd-Newc-Woll Gtr conurbation,Straight,,,,Unknown / not stated,Sealed,Dry,Fine,Daylight,On,No traffic controls,60 km/h,State,37,Left turn sideswipe,309,Same - Left turn side swipe,,Other angle,4 wheel drive / SUV,4 wheel drive / SUV,2,0,0,0,1,12,December,Summer,Sunday,16:00 - 17:59,PM peak / evening commute,True,False,True,True
1369589,Injury,Minor/Other Injury,2024,2024,November,Monday,08:00 - 09:59,THE HORSLEY,DR,10,East,ELIZABETH,ST,WETHERILL PARK,609.0,No,Not a school zone,T-junction,-33.851101,150.899299,Fairfield,Sydney metro. area,Syd-Newc-Woll Gtr conurbation,Curved,,,,Unknown / not stated,Sealed,Dry,Fine,Daylight,On,No traffic controls,70 km/h,State,30,Rear end,301,Same - Rear end,,Rear end,4 wheel drive / SUV,4 wheel drive / SUV,3,0,0,0,1,11,November,Spring,Monday,08:00 - 09:59,AM peak / school commute,True,False,True,True
1369606,Injury,Moderate Injury,2024,2024,December,Monday,10:00 - 11:59,ANGELS BEACH,DR,1000,West,LINKS,AVE,EAST BALLINA,545.0,No,Not a school zone,2-way undivided,-28.845878,153.572714,Ballina,Country urban,Rest of NSW - Urban,Curved,,,,Unknown / not stated,Sealed,Dry,Fine,Daylight,Nil,No traffic controls,80 km/h,Regional,85,Off rt/lft bnd=>obj,804,Off left bend into obj,Right,Vehicle - Object,Car (sedan/hatch),,1,0,0,1,0,12,December,Summer,Monday,10:00 - 11:59,Midday / afternoon,False,False,True,True
1369608,Injury,Moderate Injury,2024,2024,October,Sunday,10:00 - 11:59,NEWCASTLE,EXP,1000,North,PACIFIC HIGHWAY,OP,CALGA,6003.0,No,Not a school zone,Dual freeway,-33.436517,151.220522,Central Coast,Country non-urban,Syd-Newc-Woll Gtr conurbation,Straight,,,,Unknown / not stated,Sealed,Dry,Fine,Daylight,Nil,No traffic controls,110 km/h,State,30,Rear end,301,Same - Rear end,,Rear end,Light truck utility(from 2018),Car (sedan/hatch),2,0,0,1,0,10,October,Spring,Sunday,10:00 - 11:59,Midday / afternoon,False,False,True,True
1369609,Injury,Moderate Injury,2024,2024,December,Thursday,10:00 - 11:59,PEEBLES,RD,0,Right on the spot,NUMBER 30,HN,FIDDLETOWN,,No,Not a school zone,2-way undivided,-33.588254,151.049634,Hornsby,Sydney metro. area,Syd-Newc-Woll Gtr conurbation,Curved,Embankment/cutting,,,Unknown / not stated,Sealed,Dry,Fine,Daylight,Nil,No traffic controls,50 km/h,Local,85,Off rt/lft bnd=>obj,804,Off left bend into obj,Right,Vehicle - Object,Car (sedan/hatch),,1,0,0,1,0,12,December,Summer,Thursday,10:00 - 11:59,Midday / afternoon,False,False,True,True
1369611,Injury,Moderate Injury,2024,2024,November,Friday,22:00 - Midnight,PICTON,RD,0,Right on the spot,NO 81 FIRE,TRL,CORDEAUX,95.0,No,Not a school zone,T-junction,-34.345182,150.796926,Wollongong,Wollongong met. area,Syd-Newc-Woll Gtr conurbation,Straight,,,,Unknown / not stated,Sealed,Wet,Unknown,Darkness,Nil,No traffic controls,100 km/h,State,67,Struck animal,609,On path - Hit animal,,Vehicle - Animal,4 wheel drive / SUV,,1,0,0,1,0,11,November,Spring,Friday,22:00 - Midnight,Evening / night,False,False,True,True
1369612,Injury,Moderate Injury,2024,2024,December,Sunday,18:00 - 19:59,CROSS,ST,10,West,HILL END,RD,DOONSIDE,,No,Not a school zone,T-junction,-33.763525,150.869286,Blacktown,Sydney metro. area,Syd-Newc-Woll Gtr conurbation,Curved,Painted double centre lines,,,Unknown / not stated,Sealed,Dry,Fine,Dusk,Nil,Ped crossing,50 km/h,Local,85,Off rt/lft bnd=>obj,804,Off left bend into obj,Right,Vehicle - Object,4 wheel drive / SUV,,1,0,0,1,0,12,December,Summer,Sunday,18:00 - 19:59,PM peak / evening commute,True,False,True,True
1369618,Injury,Minor/Other Injury,2024,2024,December,Monday,14:00 - 15:59,NEW ILLAWARRA,RD,0,Right on the spot,NUMBER 287,HN,BARDEN RIDGE,190.0,No,Not a school zone,2-way undivided,-34.041436,150.995984,Sutherland,Sydney metro. area,Syd-Newc-Woll Gtr conurbation,Straight,,,,Unknown / not stated,Sealed,Dry,Fine,Daylight,Nil,No traffic controls,80 km/h,State,30,Rear end,301,Same - Rear end,,Rear end,Car (sedan/hatch),4 wheel drive / SUV,3,0,0,0,1,12,December,Summer,Monday,14:00 - 15:59,Midday / afternoon,False,False,True,True
1369619,Injury,Minor/Other Injury,2024,2024,October,Saturday,18:00 - 19:59,GEORGES RIVER,RD,0,Right on the spot,DUNMORE,ST,CROYDON PARK,549.0,Yes,No,X-intersection,-33.895616,151.107284,Burwood,Sydney metro. area,Syd-Newc-Woll Gtr conurbation,Straight,,,,Unknown / not stated,Sealed,Dry,Fine,Darkness,Nil,Give way sign,60 km/h,State,21,Right through,202,Opp - Right-thru,,Other angle,4 wheel drive / SUV,Car (sedan/hatch),2,0,0,0,1,10,October,Spring,Saturday,18:00 - 19:59,PM peak / evening commute,True,False,True,True
1369622,Injury,Moderate Injury,2024,2024,December,Friday,14:00 - 15:59,VICTORIA,RD,0,Right on the spot,WELLINGTON,ST,ROZELLE,165.0,No,Not a school zone,T-junction,-33.86289,151.168664,Inner West,Sydney metro. area,Syd-Newc-Woll Gtr conurbation,Straight,,,,Unknown / not stated,Sealed,Dry,Fine,Daylight,On,No traffic controls,60 km/h,State,39,Other same direction,300,Same - other,,Other angle,Unknown motor vehicle,Car (sedan/hatch),2,0,0,1,0,12,December,Summer,Friday,14:00 - 15:59,Midday / afternoon,False,False,True,True
1369652,Injury,Minor/Other Injury,2024,2024,December,Tuesday,20:00 - 21:59,ELIZABETH,DR,0,Right on the spot,NORTH LIVERPOOL,RD,MOUNT PRITCHARD,535.0,No,Not a school zone,X-intersection,-33.907693,150.898662,Fairfield,Sydney metro. area,Syd-Newc-Woll Gtr conurbation,Straight,,,,Unknown / not stated,Sealed,Wet,Raining,Darkness,On,No traffic controls,60 km/h,State,71,Off rd left => obj,703,Left off cway into object,,Vehicle - Object,Light truck,,1,0,0,0,1,12,December,Summer,Tuesday,20:00 - 21:59,Evening / night,False,False,True,True
1369658,Injury,Minor/Other Injury,2024,2024,November,Monday,18:00 - 19:59,VICTORIA,RD,0,Right on the spot,CHURCH,ST,PARRAMATTA,165.0,No,Not a school zone,X-intersection,-33.808664,151.005317,Parramatta,Sydney metro. area,Syd-Newc-Woll Gtr conurbation,Straight,,,,Unknown / not stated,Sealed,Dry,Fine,Dusk,On,No traffic controls,60 km/h,State,39,Other same direction,300,Same - other,,Other angle,4 wheel drive / SUV,Light truck utility(from 2018),2,0,0,0,3,11,November,Spring,Monday,18:00 - 19:59,PM peak / evening commute,True,False,True,True
1369660,Injury,Minor/Other Injury,2024,2024,December,Monday,14:00 - 15:59,MARSH,ST,0,Right on the spot,INNESDALE,RD,WOLLI CREEK,168.0,No,Not a school zone,T-junction,-33.935467,151.156257,Bayside,Sydney metro. area,Syd-Newc-Woll Gtr conurbation,Straight,,,,Unknown / not stated,Sealed,Dry,Fine,Daylight,On,No traffic controls,60 km/h,State,30,Rear end,301,Same - Rear end,,Rear end,Car (sedan/hatch),Passenger van,2,0,0,0,1,12,December,Summer,Monday,14:00 - 15:59,Midday / afternoon,False,False,True,True
1369670,Injury,Minor/Other Injury,2024,2024,December,Monday,10:00 - 11:59,NEW ENGLAND,HWY,100,East,WOODLANDS,CL,TARRO,9.0,No,Not a school zone,Divided road,-32.81089,151.670448,Newcastle,Newcastle met. area,Syd-Newc-Woll Gtr conurbation,Straight,,,,Unknown / not stated,Sealed,Dry,Fine,Daylight,Nil,No traffic controls,80 km/h,State,30,Rear end,301,Same - Rear end,,Rear end,4 wheel drive / SUV,Car (sedan/hatch),3,0,0,0,2,12,December,Summer,Monday,10:00 - 11:59,Midday / afternoon,False,False,True,True
1369673,Injury,Minor/Other Injury,2024,2024,November,Friday,14:00 - 15:59,PICTON,RD,0,Right on the spot,WILTON PARK,RD,WILTON,612.0,No,Not a school zone,T-junction,-34.226232,150.664147,Wollondilly,Country urban,Syd-Newc-Woll Gtr conurbation,Straight,,,,Unknown / not stated,Sealed,Dry,Fine,Daylight,Nil,Give way sign,80 km/h,State,30,Rear end,301,Same - Rear end,,Rear end,Light truck,Light truck utility(from 2018),2,0,0,0,1,11,November,Spring,Friday,14:00 - 15:59,Midday / afternoon,False,False,True,True
1369675,Injury,Minor/Other Injury,2024,2024,December,Saturday,16:00 - 17:59,NEW ENGLAND,HWY,0,Right on the spot,NUMBER 3923,HN,WINGEN,9.0,No,Not a school zone,2-way undivided,-31.932211,150.877154,Upper Hunter,Country non-urban,Rest of NSW - Rural,Straight,,,,Unknown / not stated,Sealed,Dry,Fine,Daylight,Nil,No traffic controls,100 km/h,State,30,Rear end,301,Same - Rear end,,Rear end,4 wheel drive / SUV,4 wheel drive / SUV,2,0,0,0,1,12,December,Summer,Saturday,16:00 - 17:59,PM peak / evening commute,True,False,True,True
1369679,Injury,Serious Injury,2024,2024,December,Thursday,16:00 - 17:59,ANZAC,PDE,0,Right on the spot,STOREY,ST,MAROUBRA,661.0,Yes,No,T-junction,-33.936958,151.238474,Randwick,Sydney metro. area,Syd-Newc-Woll Gtr conurbation,Straight,,,,Unknown / not stated,Sealed,Dry,Fine,Daylight,Nil,Stop sign,50 km/h,State,30,Rear end,301,Same - Rear end,,Rear end,Car (sedan/hatch),Passenger van,2,0,1,1,0,12,December,Summer,Thursday,16:00 - 17:59,PM peak / evening commute,True,False,True,True
1369680,Injury,Moderate Injury,2024,2024,November,Tuesday,20:00 - 21:59,SOUTH WESTERN,EXP,500,West,SYDNEY AIRPORT TUNNEL,ENT,MASCOT,6005.0,No,Not a school zone,Dual freeway,-33.94661,151.168247,Bayside,Sydney metro. area,Syd-Newc-Woll Gtr conurbation,Curved,Crest,,,Unknown / not stated,Sealed,Dry,Fine,Darkness,Nil,No traffic controls,80 km/h,State,30,Rear end,301,Same - Rear end,,Rear end,4 wheel drive / SUV,Car (sedan/hatch),6,0,0,3,0,11,November,Spring,Tuesday,20:00 - 21:59,Evening / night,False,False,True,True
1369709,Injury,Serious Injury,2024,2024,December,Friday,16:00 - 17:59,RAWSON,RD,10,West,BLAXCELL,ST,GUILDFORD,2096.0,No,Not a school zone,X-intersection,-33.863006,151.006123,Cumberland,Sydney metro. area,Syd-Newc-Woll Gtr conurbation,Straight,,,,Unknown / not stated,Sealed,Dry,Fine,Daylight,On,No traffic controls,60 km/h,Regional,30,Rear end,301,Same - Rear end,,Rear end,Car (sedan/hatch),4 wheel drive / SUV,2,0,1,0,0,12,December,Summer,Friday,16:00 - 17:59,PM peak / evening commute,True,False,True,True
1369713,Injury,Minor/Other Injury,2024,2024,October,Monday,10:00 - 11:59,GREAT WESTERN,HWY,0,Right on the spot,CARY,ST,EMU PLAINS,5.0,No,Not a school zone,X-intersection,-33.753414,150.660127,Penrith,Sydney metro. area,Syd-Newc-Woll Gtr conurbation,Straight,,,,Unknown / not stated,Sealed,Dry,Fine,Daylight,Nil,Stop sign,60 km/h,State,10,Cross traffic,101,Adj - Cross traffic,,Right angle,4 wheel drive / SUV,Car (sedan/hatch),2,0,0,0,1,10,October,Spring,Monday,10:00 - 11:59,Midday / afternoon,False,False,True,True
1369729,Injury,Minor/Other Injury,2024,2024,December,Wednesday,16:00 - 17:59,SOUTH WESTERN,EXP,500,East,BEECH ROAD,OP,CASULA,6005.0,No,Not a school zone,Dual freeway,-33.949246,150.887568,Liverpool,Sydney metro. area,Syd-Newc-Woll Gtr conurbation,Straight,,,,Unknown / not stated,Sealed,Dry,Fine,Daylight,Nil,No traffic controls,100 km/h,State,30,Rear end,301,Same - Rear end,,Rear end,4 wheel drive / SUV,4 wheel drive / SUV,2,0,0,0,1,12,December,Summer,Wednesday,16:00 - 17:59,PM peak / evening commute,True,False,True,True
1369733,Injury,Moderate Injury,2024,2024,July,Wednesday,12:00 - 13:59,TARALGA,RD,3000,North,DALLAS TIDYMAN,DR,TARLO,256.0,No,Not a school zone,2-way undivided,-34.679646,149.776104,Goulburn Mulwaree,Country non-urban,Rest of NSW - Rural,Curved,Steep grade,,,Nil,Sealed,Dry,Fine,Daylight,Nil,No traffic controls,100 km/h,Regional,81,Off left/rt bnd=>obj,803,Off right bend into obj,Left,Vehicle - Object,4 wheel drive / SUV,,1,0,0,1,0,7,July,Winter,Wednesday,12:00 - 13:59,Midday / afternoon,False,False,True,True
1369735,Injury,Moderate Injury,2024,2024,September,Friday,20:00 - 21:59,BRUXNER,HWY,0,Right on the spot,ATFIELD,ST,SOUTH GUNDURIMBA,16.0,No,Not a school zone,T-junction,-28.853078,153.26081,Lismore,Country non-urban,Rest of NSW - Rural,Curved,,,,Nil,Sealed,Dry,Fine,Darkness,Nil,No traffic controls,100 km/h,State,84,Off right/left bend,802,Off cway left bend,Right,Rollover,4 wheel drive / SUV,,1,0,0,1,0,9,September,Spring,Friday,20:00 - 21:59,Evening / night,False,False,True,True
1369738,Injury,Moderate Injury,2024,2024,November,Saturday,18:00 - 19:59,OLD SOUTH HEAD,RD,0,Right on the spot,PAUL,ST,BONDI JUNCTION,339.0,No,Not a school zone,T-junction,-33.889886,151.255315,Waverley,Sydney metro. area,Syd-Newc-Woll Gtr conurbation,Straight,Foot/cycle path/nature strip,,,Off,Sealed,Dry,Fine,Daylight,Nil,Give way sign,50 km/h,State,48,From footpath,408,Manov - From footway,,Other angle,Pedal cycle,Other bus,2,0,0,1,0,11,November,Spring,Saturday,18:00 - 19:59,PM peak / evening commute,True,False,True,True
1369739,Injury,Serious Injury,2024,2024,September,Saturday,14:00 - 15:59,CAPTAIN COOK,DR,10,East,ENDEAVOUR ROAD,TO,CARINGBAH,662.0,No,Not a school zone,Divided road,-34.033875,151.13043,Sutherland,Sydney metro. area,Syd-Newc-Woll Gtr conurbation,Curved,,,,Nil,Sealed,Dry,Overcast,Daylight,Nil,No traffic controls,60 km/h,State,85,Off rt/lft bnd=>obj,804,Off left bend into obj,Right,Vehicle - Object,Motor scooter,,1,0,1,0,0,9,September,Spring,Saturday,14:00 - 15:59,Midday / afternoon,False,False,True,True
1369741,Injury,Minor/Other Injury,2024,2024,October,Wednesday,10:00 - 11:59,MACQUARIE,ST,0,Right on the spot,ARGYLE,ST,SOUTH WINDSOR,154.0,No,Not a school zone,X-intersection,-33.617487,150.809277,Hawkesbury,Country urban,Syd-Newc-Woll Gtr conurbation,Straight,,,,Off,Sealed,Dry,Fine,Daylight,On,No traffic controls,60 km/h,State,10,Cross traffic,101,Adj - Cross traffic,,Right angle,Light truck utility(from 2018),Light truck utility(from 2018),2,0,0,0,2,10,October,Spring,Wednesday,10:00 - 11:59,Midday / afternoon,False,False,True,True
1369742,Injury,Moderate Injury,2024,2024,November,Friday,14:00 - 15:59,PUNCHBOWL,RD,0,Right on the spot,FAIRMOUNT,ST,LAKEMBA,549.0,No,Not a school zone,T-junction,-33.915112,151.068215,Canterbury-Bankstown,Sydney metro. area,Syd-Newc-Woll Gtr conurbation,Straight,,,,Off,Sealed,Dry,Fine,Daylight,Nil,No traffic controls,60 km/h,State,21,Right through,202,Opp - Right-thru,,Other angle,4 wheel drive / SUV,Car (sedan/hatch),2,0,0,1,0,11,November,Spring,Friday,14:00 - 15:59,Midday / afternoon,False,False,True,True
1369748,Injury,Moderate Injury,2024,2024,November,Monday,14:00 - 15:59,NORTHCLIFFE,DR,0,Right on the spot,NOLAN,ST,BERKELEY,613.0,No,Not a school zone,Roundabout,-34.476889,150.838943,Wollongong,Wollongong met. area,Syd-Newc-Woll Gtr conurbation,Straight,,,,Off,Sealed,Dry,Fine,Daylight,Nil,Give way sign,70 km/h,Regional,10,Cross traffic,101,Adj - Cross traffic,,Right angle,4 wheel drive / SUV,Car (sedan/hatch),3,0,0,2,1,11,November,Spring,Monday,14:00 - 15:59,Midday / afternoon,False,False,True,True
1369753,Injury,Serious Injury,2024,2024,October,Thursday,10:00 - 11:59,THE GRAND,PDE,10,South,BAY,ST,BRIGHTON-LE-SANDS,194.0,No,Not a school zone,T-junction,-33.961037,151.156306,Bayside,Sydney metro. area,Syd-Newc-Woll Gtr conurbation,Straight,,,,Off,Sealed,Dry,Fine,Daylight,On,No traffic controls,60 km/h,State,42,Leaving parking,401,Manov - Leaving parking,,Other angle,Light truck,Car (sedan/hatch),2,0,1,0,0,10,October,Spring,Thursday,10:00 - 11:59,Midday / afternoon,False,False,True,True
1369755,Injury,Moderate Injury,2024,2024,November,Saturday,20:00 - 21:59,OLD CANOBOLAS,RD,2000,South,CARGO,RD,NASHDALE,,No,Not a school zone,2-way undivided,-33.312562,148.982793,Cabonne,Country non-urban,Rest of NSW - Rural,Curved,Embankment/cutting,,,Nil,Sealed,Dry,Fine,Darkness,Nil,No traffic controls,100 km/h,Local,81,Off left/rt bnd=>obj,803,Off right bend into obj,Left,Vehicle - Object,4 wheel drive / SUV,,1,0,0,2,0,11,November,Spring,Saturday,20:00 - 21:59,Evening / night,False,False,True,True
1369757,Injury,Serious Injury,2024,2024,December,Saturday,06:00 - 07:59,HOMEBUSH BAY,DR,0,Right on the spot,WESTERN,EXP,HOMEBUSH WEST,200.0,No,Not a school zone,T-junction,-33.85745,151.069965,Cumberland,Sydney metro. area,Syd-Newc-Woll Gtr conurbation,Curved,,,,On,Sealed,Dry,Fine,Daylight,On,No right turn,80 km/h,State,33,Lane sideswipe,305,Same - Lane side swipe,,Other angle,Car (sedan/hatch),Car (sedan/hatch),2,0,1,0,0,12,December,Summer,Saturday,06:00 - 07:59,AM peak / school commute,True,False,True,True
1369758,Injury,Moderate Injury,2024,2024,September,Wednesday,12:00 - 13:59,NEWELL,HWY,0,Right on the spot,PENNEYS,RD,GURLEY,17.0,No,Not a school zone,T-junction,-29.828238,149.787619,Moree Plains,Country non-urban,Rest of NSW - Rural,Straight,,,,Nil,Sealed,Dry,Fine,Daylight,Nil,No traffic controls,110 km/h,State,88,Out of cont on bend,707,Right turn,,Rollover,Semi-trailer,,1,0,0,1,0,9,September,Spring,Wednesday,12:00 - 13:59,Midday / afternoon,False,False,True,True
1369763,Injury,Serious Injury,2024,2024,August,Sunday,22:00 - Midnight,OLD WINDSOR,RD,0,Right on the spot,SEVEN HILLS,RD,SEVEN HILLS,635.0,No,Not a school zone,X-intersection,-33.75851,150.955337,Blacktown,Sydney metro. area,Syd-Newc-Woll Gtr conurbation,Straight,,,,On,Sealed,Dry,Fine,Darkness,On,No traffic controls,80 km/h,State,21,Right through,202,Opp - Right-thru,,Other angle,4 wheel drive / SUV,Light truck utility(from 2018),2,0,1,1,0,8,August,Winter,Sunday,22:00 - Midnight,Evening / night,False,False,True,True
1369765,Injury,Moderate Injury,2024,2024,November,Saturday,12:00 - 13:59,OLD SOUTH HEAD,RD,0,Right on the spot,O'BRIEN,ST,BONDI BEACH,339.0,No,Not a school zone,T-junction,-33.887611,151.264956,Waverley,Sydney metro. area,Syd-Newc-Woll Gtr conurbation,Straight,Steep grade,,,Off,Sealed,Dry,Fine,Daylight,On,No traffic controls,50 km/h,State,35,Lane change left,307,Same - Lane change left,,Other angle,Car (sedan/hatch),Motor scooter,2,0,0,1,0,11,November,Spring,Saturday,12:00 - 13:59,Midday / afternoon,False,False,True,True
1369766,Injury,Minor/Other Injury,2024,2024,October,Thursday,14:00 - 15:59,BOURKE,ST,0,Right on the spot,BESSELL,AVE,NORTH WOLLONGONG,581.0,No,Not a school zone,T-junction,-34.414623,150.897432,Wollongong,Wollongong met. area,Syd-Newc-Woll Gtr conurbation,Straight,,,,Off,Sealed,Dry,Fine,Daylight,Nil,Stop sign,50 km/h,State,32,Right rear,303,Same - Rear right,,Rear end,Light truck,Car (sedan/hatch),3,0,0,0,1,10,October,Spring,Thursday,14:00 - 15:59,Midday / afternoon,False,False,True,True
1369772,Injury,Minor/Other Injury,2024,2024,September,Monday,08:00 - 09:59,MARSDEN,RD,0,Right on the spot,NUMBER 36,HN,ERMINGTON,158.0,No,Not a school zone,2-way undivided,-33.804216,151.067615,Parramatta,Sydney metro. area,Syd-Newc-Woll Gtr conurbation,Straight,,,,Off,Sealed,Dry,Fine,Daylight,Nil,No traffic controls,60 km/h,State,1,Ped emerging,2,Ped - emerging,,Vehicle - Pedestrian,4 wheel drive / SUV,Pedestrian,2,0,0,0,1,9,September,Spring,Monday,08:00 - 09:59,AM peak / school commute,True,False,True,True
1369774,Injury,Serious Injury,2024,2024,October,Tuesday,14:00 - 15:59,OLD BATHURST,RD,0,Right on the spot,DAVID,RD,EMU PLAINS,7291.0,No,Not a school zone,T-junction,-33.742531,150.663753,Penrith,Sydney metro. area,Syd-Newc-Woll Gtr conurbation,Straight,,,,Off,Sealed,Dry,Fine,Daylight,Nil,Give way sign,70 km/h,Regional,10,Cross traffic,101,Adj - Cross traffic,,Right angle,Car (sedan/hatch),4 wheel drive / SUV,2,0,1,0,0,10,October,Spring,Tuesday,14:00 - 15:59,Midday / afternoon,False,False,True,True
1369775,Injury,Moderate Injury,2024,2024,December,Monday,14:00 - 15:59,WELLS,ST,0,Right on the spot,NUMBER 65,HN,EAST GOSFORD,7780.0,No,Not a school zone,2-way undivided,-33.432293,151.356501,Central Coast,Country urban,Syd-Newc-Woll Gtr conurbation,Straight,Driveway/entrance,,,Nil,Sealed,Dry,Fine,Daylight,Nil,No traffic controls,60 km/h,Regional,47,Emerging from drive,406,Manov - Emerging from driveway,,Right angle,4 wheel drive / SUV,4 wheel drive / SUV,2,0,0,1,0,12,December,Summer,Monday,14:00 - 15:59,Midday / afternoon,False,False,True,True
1369776,Injury,Serious Injury,2024,2024,November,Tuesday,14:00 - 15:59,PITT,ST,100,North,PARK,ST,SYDNEY,,No,Not a school zone,1-way street,-33.872235,151.208161,Sydney,Sydney metro. area,Syd-Newc-Woll Gtr conurbation,Straight,,,,Off,Sealed,Dry,Fine,Daylight,Nil,No traffic controls,40 km/h,Local,6,Ped on footpath,8,Ped - On footway/median,,Vehicle - Pedestrian,Light truck,Pedestrian,3,0,1,0,0,11,November,Spring,Tuesday,14:00 - 15:59,Midday / afternoon,False,False,True,True
1369778,Injury,Serious Injury,2024,2024,September,Friday,18:00 - 19:59,QUEENS,RD,0,Right on the spot,HARRIS,RD,FIVE DOCK,649.0,Yes,No,X-intersection,-33.869646,151.122307,Canada Bay,Sydney metro. area,Syd-Newc-Woll Gtr conurbation,Straight,,,Slippery surface,On,Sealed,Dry,Fine,Darkness,On,No traffic controls,60 km/h,State,74,On road-out of cont.,705,Out of control on cway,,Rollover,Motorcycle,,1,0,1,0,0,9,September,Spring,Friday,18:00 - 19:59,PM peak / evening commute,True,False,True,True