crash_id,degree_of_crash,degree_of_crash_-_detailed,reporting_year,year_of_crash,month_of_crash,day_of_week_of_crash,two-hour_intervals,street_of_crash,street_type,distance,direction,identifying_feature,identifying_feature_type,town,route_no.,school_zone_location,school_zone_active,type_of_location,latitude,longitude,lga,urbanisation,conurbation_1,alignment,primary_permanent_feature,primary_temporary_feature,primary_hazardous_feature,street_lighting,road_surface,surface_condition,weather,natural_lighting,signals_operation,other_traffic_control,speed_limit,road_classification_(admin),rum_-_code,rum_-_description,dca_-_code,dca_-_description,dca_supplement,first_impact_type,key_tu_type,other_tu_type,no._of_traffic_units_involved,no._killed,no._seriously_injured,no._moderately_injured,no._minor-other_injured,month_num,month_label,season,day_label,time_label,time_band,is_peak_commute,is_fatal,is_injury,is_casualty
1369779,Injury,Serious Injury,2024,2024,October,Saturday,22:00 - Midnight,PACIFIC,HWY,500,North,CROKI,RD,JONES ISLAND,10.0,No,Not a school zone,2-way undivided,-31.866507,152.593228,Mid-Coast,Country non-urban,Rest of NSW - Rural,Straight,,,,Nil,Sealed,Dry,Fine,Darkness,Nil,No traffic controls,100 km/h,State,71,Off rd left => obj,703,Left off cway into object,,Vehicle - Object,Semi-trailer,,1,0,1,0,0,10,October,Spring,Saturday,22:00 - Midnight,Evening / night,False,False,True,True
1369783,Injury,Serious Injury,2024,2024,December,Friday,10:00 - 11:59,GAREMA,CCT,0,Right on the spot,NUMBER 47,HN,KINGSGROVE,,No,Not a school zone,2-way undivided,-33.93741,151.09268,Canterbury-Bankstown,Sydney metro. area,Syd-Newc-Woll Gtr conurbation,Straight,Driveway/entrance,,,Off,Sealed,Dry,Fine,Daylight,Nil,No traffic controls,50 km/h,Local,21,Right through,202,Opp - Right-thru,,Other angle,4 wheel drive / SUV,Motorcycle,4,0,1,0,0,12,December,Summer,Friday,10:00 - 11:59,Midday / afternoon,False,False,True,True
1369784,Injury,Serious Injury,2024,2024,November,Saturday,10:00 - 11:59,TAMARIND,DR,0,Right on the spot,BALLINA HEIGHTS,DR,CUMBALUM,695.0,No,Not a school zone,Roundabout,-28.825209,153.528409,Ballina,Country urban,Rest of NSW - Urban,Curved,,,,Off,Sealed,Wet,Raining,Daylight,Nil,Give way sign,60 km/h,Regional,88,Out of cont on bend,706,Left turn,,Rollover,Motorcycle,,1,0,1,0,0,11,November,Spring,Saturday,10:00 - 11:59,Midday / afternoon,False,False,True,True
1369785,Injury,Serious Injury,2024,2024,November,Saturday,18:00 - 19:59,WATERMARK,RD,2000,South,CURLEWIS COMMON,RD,CURLEWIS,,No,Not a school zone,2-way undivided,-31.132052,150.278324,Gunnedah,Country non-urban,Rest of NSW - Rural,Curved,,,,Nil,Unsealed,Dry,Fine,Darkness,Nil,No traffic controls,100 km/h,Local,81,Off left/rt bnd=>obj,803,Off right bend into obj,Left,Vehicle - Object,Car (sedan/hatch),,1,0,2,0,0,11,November,Spring,Saturday,18:00 - 19:59,PM peak / evening commute,True,False,True,True
1369786,Injury,Moderate Injury,2024,2024,October,Friday,14:00 - 15:59,WILSON,RD,100,North,SOUTH LIVERPOOL,RD,GREEN VALLEY,,No,Not a school zone,2-way undivided,-33.909554,150.865223,Liverpool,Sydney metro. area,Syd-Newc-Woll Gtr conurbation,Straight,,,,Nil,Sealed,Dry,Fine,Daylight,Nil,No traffic controls,50 km/h,Local,71,Off rd left => obj,703,Left off cway into object,,Other angle,Car (sedan/hatch),Car (sedan/hatch),2,0,0,1,0,10,October,Spring,Friday,14:00 - 15:59,Midday / afternoon,False,False,True,True
1369789,Injury,Serious Injury,2024,2024,November,Tuesday,20:00 - 21:59,IVANHOE,RD,90000,East,MENINDEE,TN,MENINDEE,433.0,No,Not a school zone,2-way undivided,-32.694648,143.203529,Central Darling,Country non-urban,Rest of NSW - Rural,Straight,Embankment/cutting,,Other hazardous feature,Nil,Unsealed,Wet,Raining,Darkness,Nil,No traffic controls,100 km/h,Regional,71,Off rd left => obj,703,Left off cway into object,,Vehicle - Object,4 wheel drive / SUV,,1,0,1,1,1,11,November,Spring,Tuesday,20:00 - 21:59,Evening / night,False,False,True,True
1369791,Injury,Moderate Injury,2024,2024,October,Wednesday,20:00 - 21:59,COX,AVE,0,Right on the spot,PHILLIP,ST,KINGSWOOD,,No,Not a school zone,T-junction,-33.756549,150.716338,Penrith,Sydney metro. area,Syd-Newc-Woll Gtr conurbation,Straight,,,,On,Sealed,Dry,Fine,Darkness,Nil,No traffic controls,50 km/h,Local,85,Off rt/lft bnd=>obj,706,Left turn,Right,Vehicle - Object,Car (sedan/hatch),,1,0,0,1,0,10,October,Spring,Wednesday,20:00 - 21:59,Evening / night,False,False,True,True
1369801,Injury,Moderate Injury,2024,2024,November,Sunday,10:00 - 11:59,GOODWINS,RD,30,West,STOCKTON,ST,MORISSET,,No,Not a school zone,2-way undivided,-33.102816,151.478295,Lake Macquarie,Newcastle met. area,Syd-Newc-Woll Gtr conurbation,Straight,,,,Off,Sealed,Dry,Fine,Daylight,Nil,No traffic controls,50 km/h,Local,73,Off rd rght => obj,704,Right off cway into obj,,Vehicle - Object,Car (sedan/hatch),,1,0,0,1,0,11,November,Spring,Sunday,10:00 - 11:59,Midday / afternoon,False,False,True,True
1369803,Injury,Moderate Injury,2024,2024,October,Friday,16:00 - 17:59,HEELEY,ST,0,Right on the spot,OLIVE,ST,PADDINGTON,,No,Not a school zone,T-junction,-33.883011,151.227772,Woollahra,Sydney metro. area,Syd-Newc-Woll Gtr conurbation,Straight,,,,Nil,Sealed,Dry,Fine,Daylight,Nil,No traffic controls,40 km/h,Local,74,On road-out of cont.,705,Out of control on cway,,Rollover,Pedal cycle,,1,0,0,1,0,10,October,Spring,Friday,16:00 - 17:59,PM peak / evening commute,True,False,True,True
1369805,Injury,Minor/Other Injury,2024,2024,November,Saturday,14:00 - 15:59,MELBOURNE,ST,0,Right on the spot,GULAI,RD,MULWALA,314.0,No,Not a school zone,T-junction,-36.000742,146.001281,Federation,Country urban,Rest of NSW - Urban,Straight,,,,Off,Sealed,Dry,Fine,Daylight,Nil,Give way sign,50 km/h,State,48,From footpath,408,Manov - From footway,,Other angle,Pedal cycle,4 wheel drive / SUV,2,0,0,0,1,11,November,Spring,Saturday,14:00 - 15:59,Midday / afternoon,False,False,True,True
1369807,Injury,Serious Injury,2024,2024,November,Sunday,12:00 - 13:59,GREAT WESTERN,HWY,0,Right on the spot,BRIDGE,RD,WESTMEAD,5.0,No,Not a school zone,T-junction,-33.817183,150.981024,Cumberland,Sydney metro. area,Syd-Newc-Woll Gtr conurbation,Curved,,,,Off,Sealed,Dry,Fine,Daylight,On,No traffic controls,60 km/h,State,21,Right through,202,Opp - Right-thru,,Other angle,Car (sedan/hatch),Car (sedan/hatch),2,0,2,1,0,11,November,Spring,Sunday,12:00 - 13:59,Midday / afternoon,False,False,True,True
1369818,Injury,Serious Injury,2024,2024,December,Friday,18:00 - 19:59,MARSHALL MOUNT,RD,210,North,NORTH MARSHALL MOUNT,RD,MARSHALL MOUNT,,No,Not a school zone,2-way undivided,-34.543644,150.751056,Wollongong,Wollongong met. area,Syd-Newc-Woll Gtr conurbation,Curved,Ditch/drain/culvert,,,Nil,Sealed,Dry,Fine,Daylight,Nil,No traffic controls,80 km/h,Local,81,Off left/rt bnd=>obj,803,Off right bend into obj,Left,Vehicle - Object,Motorcycle,,1,0,1,0,0,12,December,Summer,Friday,18:00 - 19:59,PM peak / evening commute,True,False,True,True
1369819,Injury,Serious Injury,2024,2024,October,Thursday,12:00 - 13:59,CHURCH,ST,150,West,TERRY,ST,ALBION PARK,,Yes,No,2-way undivided,-34.575612,150.774802,Shellharbour,Wollongong met. area,Syd-Newc-Woll Gtr conurbation,Straight,,,,Off,Sealed,Dry,Fine,Daylight,Nil,No traffic controls,50 km/h,Local,71,Off rd left => obj,703,Left off cway into object,,Other angle,Car (sedan/hatch),4 wheel drive / SUV,3,0,1,0,0,10,October,Spring,Thursday,12:00 - 13:59,Midday / afternoon,False,False,True,True
1369821,Injury,Serious Injury,2024,2024,October,Thursday,12:00 - 13:59,PACIFIC,HWY,50,North,TUCKOMBILL ROAD,OP,WOODBURN,10.0,No,Not a school zone,Divided road,-29.100311,153.339236,Richmond Valley,Country non-urban,Rest of NSW - Rural,Straight,,,,Nil,Sealed,Dry,Fine,Daylight,Nil,No traffic controls,110 km/h,State,74,On road-out of cont.,705,Out of control on cway,,Rollover,4 wheel drive / SUV,,1,0,1,0,0,10,October,Spring,Thursday,12:00 - 13:59,Midday / afternoon,False,False,True,True
1369823,Injury,Moderate Injury,2024,2024,December,Sunday,18:00 - 19:59,SACKVILLE,ST,0,Right on the spot,NUMBER 39,HN,INGLEBURN,,No,Not a school zone,2-way undivided,-34.009282,150.859891,Campbelltown,Sydney metro. area,Syd-Newc-Woll Gtr conurbation,Straight,Bus stop,,,Off,Sealed,Dry,Fine,Daylight,Nil,No traffic controls,60 km/h,Local,1,Ped emerging,2,Ped - emerging,,Vehicle - Pedestrian,4 wheel drive / SUV,Pedestrian,2,0,0,1,0,12,December,Summer,Sunday,18:00 - 19:59,PM peak / evening commute,True,False,True,True
1369825,Injury,Serious Injury,2024,2024,October,Tuesday,16:00 - 17:59,WINDSOR,RD,0,Right on the spot,BRENNAN DAM,RD,VINEYARD,184.0,No,Not a school zone,T-junction,-33.633096,150.844857,Hawkesbury,Country urban,Syd-Newc-Woll Gtr conurbation,Straight,,,,Off,Sealed,Dry,Fine,Daylight,Nil,Stop sign,80 km/h,State,13,Right near,104,Adj - Right-thru from right,,Right angle,Car (sedan/hatch),Car (sedan/hatch),2,0,1,0,0,10,October,Spring,Tuesday,16:00 - 17:59,PM peak / evening commute,True,False,True,True
1369827,Injury,Moderate Injury,2024,2024,November,Friday,22:00 - Midnight,SUMMERLAND,WAY,999999,Unknown/not stated,UNKNOWN,UK,KYOGLE,83.0,No,Not a school zone,2-way undivided,-28.641822,152.999688,Kyogle,Country non-urban,Rest of NSW - Rural,Straight,,,,Nil,Sealed,Wet,Fine,Darkness,Nil,No traffic controls,100 km/h,State,99,Unknown,907,Vehicle movements unknown,,Unknown,Light truck utility(from 2018),,1,0,0,1,0,11,November,Spring,Friday,22:00 - Midnight,Evening / night,False,False,True,True
1369833,Injury,Serious Injury,2024,2024,December,Saturday,18:00 - 19:59,RANKINS SPRINGS,RD,3000,North,MID WESTERN,HWY,RANKINS SPRINGS,371.0,No,Not a school zone,2-way undivided,-33.825774,146.289008,Carrathool,Country non-urban,Rest of NSW - Rural,Straight,,,,Nil,Sealed,Dry,Fine,Daylight,Nil,No traffic controls,100 km/h,Regional,70,Off road to left,701,Off carriageway to left,,Rollover,4 wheel drive / SUV,,1,0,2,0,0,12,December,Summer,Saturday,18:00 - 19:59,PM peak / evening commute,True,False,True,True
1369834,Injury,Serious Injury,2024,2024,October,Thursday,22:00 - Midnight,BRISBANE,ST,35,North,PORTER,AVE,EAST MAITLAND,,No,Not a school zone,2-way undivided,-32.758065,151.584182,Maitland,Country urban,Rest of NSW - Urban,Straight,Steep grade,,,On,Sealed,Dry,Fine,Darkness,Nil,No traffic controls,50 km/h,Local,71,Off rd left => obj,703,Left off cway into object,,Other angle,Car (sedan/hatch),4 wheel drive / SUV,2,0,1,0,0,10,October,Spring,Thursday,22:00 - Midnight,Evening / night,False,False,True,True
1369839,Injury,Minor/Other Injury,2024,2024,October,Saturday,16:00 - 17:59,NEW ENGLAND,HWY,125,South,THE RINGERS,RD,HILLVUE,9.0,No,Not a school zone,Divided road,-31.128002,150.92401,Tamworth Regional,Country urban,Rest of NSW - Urban,Straight,Driveway/entrance,,,On,Sealed,Dry,Fine,Dusk,Nil,No traffic controls,60 km/h,State,7,Driveway,7,Ped - driveway,,Vehicle - Pedestrian,Light truck,Pedestrian,2,0,0,0,1,10,October,Spring,Saturday,16:00 - 17:59,PM peak / evening commute,True,False,True,True
1369840,Injury,Serious Injury,2024,2024,October,Wednesday,06:00 - 07:59,ELIZABETH,DR,0,Right on the spot,M7 WESTLINK,EXP,CECIL HILLS,535.0,No,Not a school zone,T-junction,-33.876194,150.842235,Liverpool,Sydney metro. area,Syd-Newc-Woll Gtr conurbation,Straight,,Roadwks/Detour/Diverson,,Off,Sealed,Dry,Fine,Daylight,On,No traffic controls,50 km/h,State,85,Off rt/lft bnd=>obj,706,Left turn,Right,Vehicle - Object,Motorcycle,,1,0,1,0,0,10,October,Spring,Wednesday,06:00 - 07:59,AM peak / school commute,True,False,True,True
1369841,Injury,Serious Injury,2024,2024,October,Wednesday,20:00 - 21:59,BRIDGE,ST,0,Right on the spot,MACQUARIE,ST,WINDSOR,184.0,No,Not a school zone,T-junction,-33.605366,150.824239,Hawkesbury,Country urban,Syd-Newc-Woll Gtr conurbation,Straight,Steep grade,,,On,Sealed,Dry,Fine,Dusk,On,No traffic controls,60 km/h,State,74,On road-out of cont.,705,Out of control on cway,,Rollover,Motorcycle,,1,0,1,0,0,10,October,Spring,Wednesday,20:00 - 21:59,Evening / night,False,False,True,True
1369842,Injury,Moderate Injury,2024,2024,November,Saturday,06:00 - 07:59,MARTHA,ST,0,Right on the spot,WENTWORTH,ST,CLYDE,,No,Not a school zone,X-intersection,-33.83269,151.021919,Parramatta,Sydney metro. area,Syd-Newc-Woll Gtr conurbation,Straight,,,,Nil,Sealed,Dry,Fine,Daylight,Nil,Stop sign,50 km/h,Local,10,Cross traffic,101,Adj - Cross traffic,,Right angle,Car (sedan/hatch),Light truck utility(from 2018),3,0,0,2,0,11,November,Spring,Saturday,06:00 - 07:59,AM peak / school commute,True,False,True,True
1369844,Injury,Minor/Other Injury,2024,2024,December,Saturday,20:00 - 21:59,CLARENCE TOWN,RD,300,South,LANGLANDS,RD,GLEN OAK,301.0,No,Not a school zone,2-way undivided,-32.616055,151.707371,Port Stephens,Country urban,Rest of NSW - Urban,Curved,,,,Nil,Sealed,Dry,Fine,Darkness,Nil,No traffic controls,80 km/h,Regional,30,Rear end,301,Same - Rear end,,Rear end,Light truck utility(from 2018),Car (sedan/hatch),2,0,0,0,1,12,December,Summer,Saturday,20:00 - 21:59,Evening / night,False,False,True,True
1369846,Injury,Serious Injury,2024,2024,November,Tuesday,16:00 - 17:59,PACIFIC,HWY,600,North,CHEERO POINT,RD,MOONEY MOONEY,10.0,No,Not a school zone,2-way undivided,-33.519979,151.198465,Central Coast,Country urban,Syd-Newc-Woll Gtr conurbation,Curved,Embankment/cutting,,,Nil,Sealed,Dry,Fine,Daylight,Nil,No traffic controls,60 km/h,State,81,Off left/rt bnd=>obj,803,Off right bend into obj,Left,Vehicle - Object,Motorcycle,,1,0,1,0,0,11,November,Spring,Tuesday,16:00 - 17:59,PM peak / evening commute,True,False,True,True
1369851,Injury,Serious Injury,2024,2024,September,Friday,22:00 - Midnight,FREEMANS,DR,0,Right on the spot,NUMBER 200,HN,MORISSET,,No,Not a school zone,2-way undivided,-33.09521,151.471644,Lake Macquarie,Newcastle met. area,Syd-Newc-Woll Gtr conurbation,Curved,,,,On,Sealed,Dry,Fine,Darkness,Nil,No traffic controls,60 km/h,Local,81,Off left/rt bnd=>obj,803,Off right bend into obj,Left,Vehicle - Object,Utility,,1,0,1,0,0,9,September,Spring,Friday,22:00 - Midnight,Evening / night,False,False,True,True
1369855,Injury,Moderate Injury,2024,2024,December,Sunday,10:00 - 11:59,BANFIELD,DR,50,South,STONEHAM,CCT,ORAN PARK,,No,Not a school zone,Divided road,-34.016169,150.746175,Camden,Sydney metro. area,Syd-Newc-Woll Gtr conurbation,Curved,,,,Off,Sealed,Dry,Fine,Daylight,Nil,No traffic controls,50 km/h,Local,30,Rear end,301,Same - Rear end,,Rear end,4 wheel drive / SUV,Car (sedan/hatch),3,0,0,1,0,12,December,Summer,Sunday,10:00 - 11:59,Midday / afternoon,False,False,True,True
1369856,Injury,Moderate Injury,2024,2024,November,Saturday,22:00 - Midnight,COWPER,ST,0,Right on the spot,DALE,ST,TAREE,,No,Not a school zone,T-junction,-31.899372,152.468736,Mid-Coast,Country urban,Rest of NSW - Urban,Straight,,,,On,Sealed,Dry,Fine,Darkness,Nil,No traffic controls,60 km/h,Local,21,Right through,202,Opp - Right-thru,,Other angle,Car (sedan/hatch),Motorcycle,2,0,0,1,1,11,November,Spring,Saturday,22:00 - Midnight,Evening / night,False,False,True,True
1369859,Injury,Minor/Other Injury,2024,2024,October,Sunday,12:00 - 13:59,GREAT WESTERN,HWY,0,Right on the spot,DELHI,ST,LIDCOMBE,5.0,No,Not a school zone,T-junction,-33.851258,151.054551,Cumberland,Sydney metro. area,Syd-Newc-Woll Gtr conurbation,Straight,Steep grade,,,Off,Sealed,Dry,Fine,Daylight,Nil,Give way sign,60 km/h,State,10,Cross traffic,101,Adj - Cross traffic,,Right angle,Car (sedan/hatch),Car (sedan/hatch),2,0,0,0,1,10,October,Spring,Sunday,12:00 - 13:59,Midday / afternoon,False,False,True,True
1369861,Injury,Moderate Injury,2024,2024,November,Friday,12:00 - 13:59,INDUSTRIAL,DR,0,Right on the spot,WERRIBI,ST,MAYFIELD WEST,316.0,No,Not a school zone,T-junction,-32.886288,151.728071,Newcastle,Newcastle met. area,Syd-Newc-Woll Gtr conurbation,Straight,,,,Off,Sealed,Dry,Fine,Daylight,On,No traffic controls,80 km/h,State,32,Right rear,303,Same - Rear right,,Rear end,4 wheel drive / SUV,4 wheel drive / SUV,3,0,0,1,0,11,November,Spring,Friday,12:00 - 13:59,Midday / afternoon,False,False,True,True
1369862,Injury,Serious Injury,2024,2024,November,Tuesday,06:00 - 07:59,PARKES,RD,1800,South,ERNIE HODGES,RD,COOKAMIDGERA,238.0,No,Not a school zone,2-way undivided,-33.272003,148.263955,Forbes,Country non-urban,Rest of NSW - Rural,Curved,Embankment/cutting,,,Nil,Sealed,Dry,Fine,Daylight,Nil,No traffic controls,100 km/h,Regional,85,Off rt/lft bnd=>obj,804,Off left bend into obj,Right,Vehicle - Object,Utility,,1,0,1,0,0,11,November,Spring,Tuesday,06:00 - 07:59,AM peak / school commute,True,False,True,True
1369863,Injury,Moderate Injury,2024,2024,November,Sunday,18:00 - 19:59,SHORT,ST,35,East,ELIZABETH,ST,WATERLOO,,No,Not a school zone,2-way undivided,-33.902699,151.205937,Sydney,Sydney metro. area,Syd-Newc-Woll Gtr conurbation,Straight,Driveway/entrance,,,On,Sealed,Dry,Fine,Dusk,Nil,No traffic controls,40 km/h,Local,21,Right through,202,Opp - Right-thru,,Other angle,Car (sedan/hatch),Motorcycle,2,0,0,1,0,11,November,Spring,Sunday,18:00 - 19:59,PM peak / evening commute,True,False,True,True
1369866,Injury,Minor/Other Injury,2024,2024,September,Sunday,10:00 - 11:59,ELIZABETH,DR,0,Right on the spot,RESERVOIR,RD,MOUNT PRITCHARD,535.0,No,Not a school zone,X-intersection,-33.907693,150.898662,Liverpool,Sydney metro. area,Syd-Newc-Woll Gtr conurbation,Straight,,,,Off,Sealed,Dry,Fine,Daylight,On,No traffic controls,60 km/h,State,30,Rear end,301,Same - Rear end,,Rear end,Motorcycle,Car (sedan/hatch),2,0,0,0,1,9,September,Spring,Sunday,10:00 - 11:59,Midday / afternoon,False,False,True,True
1369869,Injury,Moderate Injury,2024,2024,November,Monday,10:00 - 11:59,BOURKE,ST,0,Right on the spot,GOUGH,ST,DEEPWATER,,No,Not a school zone,T-junction,-29.438608,151.85119,Glen Innes Severn,Country urban,Rest of NSW - Urban,Straight,,,,Nil,Sealed,Dry,Overcast,Daylight,Nil,No traffic controls,50 km/h,Local,74,On road-out of cont.,705,Out of control on cway,,Rollover,Motorcycle,,1,0,0,1,0,11,November,Spring,Monday,10:00 - 11:59,Midday / afternoon,False,False,True,True
1369871,Injury,Serious Injury,2024,2024,November,Saturday,16:00 - 17:59,HIGHLAND,WAY,25,South,BARBERS CREEK RAIL,BDGE,TALLONG,7636.0,No,Not a school zone,2-way undivided,-34.717256,150.05907,Goulburn Mulwaree,Country non-urban,Rest of NSW - Rural,Curved,Steep grade,,Potholes/corrugations/rough,Nil,Sealed,Dry,Fine,Daylight,Nil,No traffic controls,100 km/h,Regional,81,Off left/rt bnd=>obj,803,Off right bend into obj,Left,Vehicle - Object,Motorcycle,,1,0,1,1,0,11,November,Spring,Saturday,16:00 - 17:59,PM peak / evening commute,True,False,True,True
1369874,Injury,Serious Injury,2024,2024,December,Thursday,08:00 - 09:59,BELUBULA,WAY,3000,East,WELLS,LANE,MANDURAMA,7511.0,No,Not a school zone,2-way undivided,-33.647943,148.989361,Blayney,Country non-urban,Rest of NSW - Rural,Curved,Steep grade,,,Nil,Sealed,Dry,Fine,Daylight,Nil,No traffic controls,100 km/h,Regional,81,Off left/rt bnd=>obj,803,Off right bend into obj,Left,Vehicle - Object,Car (sedan/hatch),,1,0,1,0,0,12,December,Summer,Thursday,08:00 - 09:59,AM peak / school commute,True,False,True,True
1369883,Injury,Minor/Other Injury,2024,2024,December,Friday,10:00 - 11:59,PACIFIC,HWY,10,East,TWEED COAST ROAD,OP,CHINDERAH,10.0,No,Not a school zone,Divided road,-28.244412,153.553255,Tweed,Country non-urban,Rest of NSW - Rural,Straight,Other bridge,,,Off,Sealed,Dry,Fine,Daylight,Nil,No traffic controls,110 km/h,Regional,74,On road-out of cont.,705,Out of control on cway,,Rollover,Motorcycle,,1,0,0,0,1,12,December,Summer,Friday,10:00 - 11:59,Midday / afternoon,False,False,True,True
1369888,Injury,Moderate Injury,2024,2024,December,Tuesday,10:00 - 11:59,GREAT WESTERN,HWY,0,Right on the spot,STOCKLAND,DR,KELSO,5.0,No,Not a school zone,T-junction,-33.418489,149.6016,Bathurst Regional,Country urban,Rest of NSW - Urban,Straight,,,,Nil,Sealed,Dry,Fine,Daylight,Off,No traffic controls,70 km/h,State,73,Off rd rght => obj,704,Right off cway into obj,,Vehicle - Object,Motorcycle,,1,0,0,1,0,12,December,Summer,Tuesday,10:00 - 11:59,Midday / afternoon,False,False,True,True
1369889,Injury,Moderate Injury,2024,2024,December,Tuesday,12:00 - 13:59,MAMRE,RD,10,South,SAINSBURY,ST,ST MARYS,536.0,No,Not a school zone,T-junction,-33.770801,150.773347,Penrith,Sydney metro. area,Syd-Newc-Woll Gtr conurbation,Straight,,,,Off,Sealed,Dry,Fine,Daylight,Nil,Give way sign,60 km/h,State,0,Ped nearside,1,Ped - Near side,,Vehicle - Pedestrian,Car (sedan/hatch),Pedestrian,2,0,0,1,0,12,December,Summer,Tuesday,12:00 - 13:59,Midday / afternoon,False,False,True,True
1369894,Injury,Minor/Other Injury,2024,2024,October,Monday,10:00 - 11:59,ROWOOD,RD,0,Right on the spot,NUMBER 19,HN,PROSPECT,,No,Not a school zone,Divided road,-33.801977,150.922902,Blacktown,Sydney metro. area,Syd-Newc-Woll Gtr conurbation,Straight,Driveway/entrance,,,Off,Sealed,Dry,Fine,Daylight,Nil,No traffic controls,50 km/h,Local,47,Emerging from drive,406,Manov - Emerging from driveway,,Right angle,Light truck,4 wheel drive / SUV,2,0,0,0,1,10,October,Spring,Monday,10:00 - 11:59,Midday / afternoon,False,False,True,True
1369900,Injury,Minor/Other Injury,2024,2024,December,Wednesday,16:00 - 17:59,TOWNS,RD,0,Right on the spot,NUMBER 19,HN,VAUCLUSE,,No,Not a school zone,2-way undivided,-33.864894,151.276855,Woollahra,Sydney metro. area,Syd-Newc-Woll Gtr conurbation,Straight,Steep grade,,,Off,Sealed,Dry,Fine,Daylight,Nil,No traffic controls,50 km/h,Local,0,Ped nearside,1,Ped - Near side,,Vehicle - Pedestrian,Car (sedan/hatch),Ped in toy vehicle,2,0,0,0,1,12,December,Summer,Wednesday,16:00 - 17:59,PM peak / evening commute,True,False,True,True
1369903,Injury,Moderate Injury,2024,2024,November,Saturday,10:00 - 11:59,HUME,HWY,0,Right on the spot,HENRY LAWSON,DR,LANSDOWNE,2.0,No,Not a school zone,X-intersection,-33.889645,150.973104,Canterbury-Bankstown,Sydney metro. area,Syd-Newc-Woll Gtr conurbation,Straight,,,,Unknown / not stated,Sealed,Dry,Fine,Daylight,Off,Police,70 km/h,State,30,Rear end,301,Same - Rear end,,Rear end,4 wheel drive / SUV,Unknown motor vehicle,3,0,0,1,0,11,November,Spring,Saturday,10:00 - 11:59,Midday / afternoon,False,False,True,True
1369907,Injury,Serious Injury,2024,2024,December,Friday,14:00 - 15:59,GEORGE BOOTH,DR,3120,East,RICHMOND VALE,RD,STOCKRINGTON,,No,Not a school zone,2-way undivided,-32.866833,151.551693,Cessnock,Country urban,Rest of NSW - Urban,Curved,Painted double centre lines,,,Nil,Sealed,Dry,Fine,Daylight,Nil,No traffic controls,80 km/h,Local,20,Head on,201,Opp - Head on,,Head-on,4 wheel drive / SUV,Light truck utility(from 2018),3,0,2,0,0,12,December,Summer,Friday,14:00 - 15:59,Midday / afternoon,False,False,True,True
1369910,Injury,Moderate Injury,2024,2024,September,Saturday,16:00 - 17:59,CHARLES,ST,0,Right on the spot,WILLIAM,ST,NORTH RICHMOND,,No,Not a school zone,X-intersection,-33.579086,150.716636,Hawkesbury,Country urban,Syd-Newc-Woll Gtr conurbation,Straight,,,,Off,Sealed,Dry,Fine,Daylight,Nil,Give way sign,50 km/h,Local,10,Cross traffic,101,Adj - Cross traffic,,Right angle,Car (sedan/hatch),4 wheel drive / SUV,2,0,0,1,0,9,September,Spring,Saturday,16:00 - 17:59,PM peak / evening commute,True,False,True,True
1369913,Injury,Serious Injury,2024,2024,November,Tuesday,16:00 - 17:59,DOONSIDE,RD,10,South,HOLBECHE,RD,ARNDELL PARK,7153.0,No,Not a school zone,X-intersection,-33.787372,150.87205,Blacktown,Sydney metro. area,Syd-Newc-Woll Gtr conurbation,Straight,,,,Off,Sealed,Dry,Fine,Daylight,On,No traffic controls,70 km/h,Regional,30,Rear end,301,Same - Rear end,,Rear end,Car (sedan/hatch),Car (sedan/hatch),2,0,1,0,0,11,November,Spring,Tuesday,16:00 - 17:59,PM peak / evening commute,True,False,True,True
1369917,Injury,Moderate Injury,2024,2024,November,Wednesday,14:00 - 15:59,SILVERWATER,RD,0,Right on the spot,KINGSFORD,ST,ERMINGTON,190.0,No,Not a school zone,X-intersection,-33.804675,151.053589,Parramatta,Sydney metro. area,Syd-Newc-Woll Gtr conurbation,Straight,,,,On,Sealed,Dry,Fine,Daylight,On,No traffic controls,80 km/h,State,10,Cross traffic,101,Adj - Cross traffic,,Right angle,Car (sedan/hatch),4 wheel drive / SUV,2,0,0,1,0,11,November,Spring,Wednesday,14:00 - 15:59,Midday / afternoon,False,False,True,True
1369919,Injury,Moderate Injury,2024,2024,November,Tuesday,20:00 - 21:59,M2 HILLS,EXP,100,West,LANE COVE TUNNEL,ENT,LANE COVE NORTH,6002.0,No,Not a school zone,Dual freeway,-33.801106,151.14445,Willoughby,Sydney metro. area,Syd-Newc-Woll Gtr conurbation,Straight,Other bridge,,,On,Sealed,Dry,Fine,Darkness,Nil,No traffic controls,80 km/h,State,73,Off rd rght => obj,704,Right off cway into obj,,Vehicle - Object,Large rigid,,1,0,0,1,0,11,November,Spring,Tuesday,20:00 - 21:59,Evening / night,False,False,True,True
1369923,Injury,Serious Injury,2024,2024,November,Saturday,16:00 - 17:59,MOUNTAIN STRAIGHT,MS,1150,South,PIT STRAIGHT,MS,MOUNT PANORAMA,,No,Not a school zone,2-way undivided,-33.449012,149.553345,Bathurst Regional,Country urban,Rest of NSW - Urban,Curved,Steep grade,,,Off,Sealed,Dry,Fine,Daylight,Nil,No traffic controls,60 km/h,Local,81,Off left/rt bnd=>obj,803,Off right bend into obj,Left,Vehicle - Object,4 wheel drive / SUV,,1,0,1,0,0,11,November,Spring,Saturday,16:00 - 17:59,PM peak / evening commute,True,False,True,True