crash_id,degree_of_crash,degree_of_crash_-_detailed,reporting_year,year_of_crash,month_of_crash,day_of_week_of_crash,two-hour_intervals,street_of_crash,street_type,distance,direction,identifying_feature,identifying_feature_type,town,route_no.,school_zone_location,school_zone_active,type_of_location,latitude,longitude,lga,urbanisation,conurbation_1,alignment,primary_permanent_feature,primary_temporary_feature,primary_hazardous_feature,street_lighting,road_surface,surface_condition,weather,natural_lighting,signals_operation,other_traffic_control,speed_limit,road_classification_(admin),rum_-_code,rum_-_description,dca_-_code,dca_-_description,dca_supplement,first_impact_type,key_tu_type,other_tu_type,no._of_traffic_units_involved,no._killed,no._seriously_injured,no._moderately_injured,no._minor-other_injured,month_num,month_label,season,day_label,time_label,time_band,is_peak_commute,is_fatal,is_injury,is_casualty
1369929,Injury,Serious Injury,2024,2024,December,Sunday,18:00 - 19:59,BORONIA,ST,0,Right on the spot,WIRRALEE,ST,SOUTH WENTWORTHVILLE,,No,Not a school zone,X-intersection,-33.82392,150.96801,Cumberland,Sydney metro. area,Syd-Newc-Woll Gtr conurbation,Straight,,,,On,Sealed,Dry,Fine,Daylight,Nil,Stop sign,50 km/h,Local,10,Cross traffic,101,Adj - Cross traffic,,Right angle,4 wheel drive / SUV,Car (sedan/hatch),2,0,1,0,0,12,December,Summer,Sunday,18:00 - 19:59,PM peak / evening commute,True,False,True,True
1369933,Injury,Moderate Injury,2024,2024,November,Saturday,16:00 - 17:59,COWPER,ST,50,West,KING,ST,WARRAWONG,,No,Not a school zone,Divided road,-34.48543,150.88699,Wollongong,Wollongong met. area,Syd-Newc-Woll Gtr conurbation,Straight,Foot/cycle path/nature strip,,,Off,Sealed,Wet,Raining,Daylight,Nil,No traffic controls,40 km/h,Local,49,Other manoeuvring,400,Manov - other,,Other angle,Pedal cycle,Light truck utility(from 2018),2,0,0,1,0,11,November,Spring,Saturday,16:00 - 17:59,PM peak / evening commute,True,False,True,True
1369935,Injury,Moderate Injury,2024,2024,November,Saturday,04:00 - 05:59,THE MCGRANE,WAY,100,South,WILSONS,LANE,NARROMINE,354.0,No,Not a school zone,2-way undivided,-32.259779,148.211256,Narromine,Country non-urban,Rest of NSW - Rural,Straight,Other bridge,,,Nil,Sealed,Dry,Fine,Darkness,Nil,No traffic controls,100 km/h,Regional,73,Off rd rght => obj,704,Right off cway into obj,,Vehicle - Object,Light truck utility(from 2018),,1,0,0,1,0,11,November,Spring,Saturday,04:00 - 05:59,Late night / early morning,False,False,True,True
1369938,Injury,Moderate Injury,2024,2024,December,Tuesday,22:00 - Midnight,JARDINE,RD,1000,North,GWYDIR,HWY,INVERELL,,No,Not a school zone,2-way undivided,-29.7655,151.089907,Inverell,Country urban,Rest of NSW - Urban,Curved,,,,Nil,Sealed,Dry,Fine,Darkness,Nil,No traffic controls,80 km/h,Local,80,Off left/right bend,801,Off cway right bend,Left,Rollover,Motorcycle,,1,0,0,1,0,12,December,Summer,Tuesday,22:00 - Midnight,Evening / night,False,False,True,True
1369939,Injury,Serious Injury,2024,2024,December,Tuesday,16:00 - 17:59,OLD MAITLAND,RD,500,East,JAMES,LANE,BISHOPS BRIDGE,,No,Not a school zone,2-way undivided,-32.750688,151.452081,Cessnock,Country urban,Rest of NSW - Urban,Curved,Painted double centre lines,,,Nil,Sealed,Dry,Fine,Daylight,Nil,No traffic controls,80 km/h,Local,83,Off rt/rt bnd=>obj,803,Off right bend into obj,Right,Vehicle - Object,Light truck utility(from 2018),,1,0,1,0,0,12,December,Summer,Tuesday,16:00 - 17:59,PM peak / evening commute,True,False,True,True
1369941,Injury,Minor/Other Injury,2024,2024,September,Saturday,08:00 - 09:59,OLD SOUTH HEAD,RD,0,Right on the spot,PAUL,ST,BONDI JUNCTION,339.0,No,Not a school zone,T-junction,-33.889886,151.255315,Waverley,Sydney metro. area,Syd-Newc-Woll Gtr conurbation,Straight,Foot/cycle path/nature strip,,,Off,Sealed,Dry,Fine,Daylight,Nil,Give way sign,50 km/h,State,48,From footpath,408,Manov - From footway,,Other angle,Pedal cycle,Car (sedan/hatch),2,0,0,0,1,9,September,Spring,Saturday,08:00 - 09:59,AM peak / school commute,True,False,True,True
1369942,Injury,Moderate Injury,2024,2024,November,Thursday,16:00 - 17:59,NEW SOUTH HEAD,RD,0,Right on the spot,KIAORA,RD,DOUBLE BAY,173.0,No,Not a school zone,T-junction,-33.877234,151.244607,Woollahra,Sydney metro. area,Syd-Newc-Woll Gtr conurbation,Straight,,,,Off,Sealed,Dry,Fine,Daylight,On,No traffic controls,60 km/h,State,23,Right/left,203,Opp - Right-left,,Other angle,Car (sedan/hatch),Motorcycle,2,0,0,1,0,11,November,Spring,Thursday,16:00 - 17:59,PM peak / evening commute,True,False,True,True
1369943,Injury,Serious Injury,2024,2024,October,Tuesday,14:00 - 15:59,CUMBERLAND,HWY,0,Right on the spot,COPELAND,RD,BEECROFT,13.0,No,Not a school zone,X-intersection,-33.754067,151.047779,Hornsby,Sydney metro. area,Syd-Newc-Woll Gtr conurbation,Curved,Steep grade,,,Off,Sealed,Dry,Fine,Daylight,On,No traffic controls,70 km/h,State,30,Rear end,301,Same - Rear end,,Rear end,Light truck utility(from 2018),Light truck utility(from 2018),2,0,1,1,0,10,October,Spring,Tuesday,14:00 - 15:59,Midday / afternoon,False,False,True,True
1369947,Injury,Minor/Other Injury,2024,2024,November,Thursday,06:00 - 07:59,EASTERN,AVE,0,Right on the spot,WESTON,ST,REVESBY,,No,Not a school zone,T-junction,-33.954801,151.012171,Canterbury-Bankstown,Sydney metro. area,Syd-Newc-Woll Gtr conurbation,Straight,,,,Unknown / not stated,Sealed,Dry,Fine,Daylight,Nil,No traffic controls,50 km/h,Local,21,Right through,202,Opp - Right-thru,,Other angle,Car (sedan/hatch),Pedal cycle,2,0,0,0,1,11,November,Spring,Thursday,06:00 - 07:59,AM peak / school commute,True,False,True,True
1369949,Injury,Moderate Injury,2024,2024,November,Saturday,10:00 - 11:59,GORDON,ST,0,Right on the spot,WOMBAT,ST,YOUNG,,No,Not a school zone,X-intersection,-34.317477,148.296239,Hilltops,Country urban,Rest of NSW - Urban,Straight,,,,Nil,Sealed,Dry,Fine,Daylight,Nil,Give way sign,50 km/h,Local,10,Cross traffic,101,Adj - Cross traffic,,Right angle,4 wheel drive / SUV,4 wheel drive / SUV,2,0,0,2,0,11,November,Spring,Saturday,10:00 - 11:59,Midday / afternoon,False,False,True,True
1369951,Injury,Serious Injury,2024,2024,September,Monday,14:00 - 15:59,HUE HUE,RD,0,Right on the spot,SPARKS,RD,JILLIBY,,No,Not a school zone,T-junction,-33.225401,151.41702,Central Coast,Country urban,Syd-Newc-Woll Gtr conurbation,Straight,,,,Nil,Sealed,Dry,Fine,Daylight,Nil,Give way sign,80 km/h,Local,13,Right near,104,Adj - Right-thru from right,,Right angle,4 wheel drive / SUV,Car (sedan/hatch),2,0,2,0,0,9,September,Spring,Monday,14:00 - 15:59,Midday / afternoon,False,False,True,True
1369956,Injury,Moderate Injury,2024,2024,November,Wednesday,14:00 - 15:59,LORD HOWE,DR,0,Right on the spot,HUMBER 12,HN,GREEN VALLEY,,No,Not a school zone,2-way undivided,-33.902143,150.860596,Liverpool,Sydney metro. area,Syd-Newc-Woll Gtr conurbation,Straight,Driveway/entrance,,,Nil,Sealed,Dry,Fine,Daylight,Nil,No traffic controls,50 km/h,Local,90,Fell in/from vehicle,901,Fell in/from vehicle,,Person - Object,4 wheel drive / SUV,,1,0,0,1,0,11,November,Spring,Wednesday,14:00 - 15:59,Midday / afternoon,False,False,True,True
1369957,Injury,Moderate Injury,2024,2024,October,Saturday,12:00 - 13:59,OXFORD,ST,0,Right on the spot,RUTHVEN,ST,BONDI JUNCTION,,No,Not a school zone,T-junction,-33.890666,151.243553,Waverley,Sydney metro. area,Syd-Newc-Woll Gtr conurbation,Straight,Foot/cycle path/nature strip,,,Off,Sealed,Dry,Fine,Daylight,Nil,Give way sign,50 km/h,Local,74,On road-out of cont.,705,Out of control on cway,,Rollover,Pedal cycle,,1,0,0,1,0,10,October,Spring,Saturday,12:00 - 13:59,Midday / afternoon,False,False,True,True
1369958,Injury,Serious Injury,2024,2024,November,Saturday,20:00 - 21:59,BRINGELLY,RD,0,Right on the spot,NORTH,AVE,ROSSMORE,647.0,No,Not a school zone,X-intersection,-33.945985,150.772768,Liverpool,Sydney metro. area,Syd-Newc-Woll Gtr conurbation,Straight,,,,Off,Sealed,Dry,Fine,Darkness,On,No traffic controls,80 km/h,State,21,Right through,202,Opp - Right-thru,,Other angle,4 wheel drive / SUV,Motorcycle,2,0,1,1,0,11,November,Spring,Saturday,20:00 - 21:59,Evening / night,False,False,True,True
1369959,Injury,Serious Injury,2024,2024,November,Wednesday,16:00 - 17:59,BUNNERONG,RD,0,Right on the spot,WESTFEILD,DR,EASTGARDENS,171.0,No,Not a school zone,T-junction,-33.944112,151.226838,Bayside,Sydney metro. area,Syd-Newc-Woll Gtr conurbation,Straight,,,,On,Sealed,Dry,Fine,Daylight,On,No traffic controls,60 km/h,State,21,Right through,202,Opp - Right-thru,,Other angle,Pedal cycle,4 wheel drive / SUV,2,0,1,0,0,11,November,Spring,Wednesday,16:00 - 17:59,PM peak / evening commute,True,False,True,True
1369960,Injury,Minor/Other Injury,2024,2024,October,Tuesday,04:00 - 05:59,RIVERINA,HWY,50,West,SMOLLETT,ST,ALBURY,20.0,No,Not a school zone,2-way undivided,-36.082135,146.906891,Albury,Country urban,Rest of NSW - Urban,Curved,,,,Nil,Sealed,Dry,Fine,Dawn,Nil,No traffic controls,60 km/h,State,67,Struck animal,609,On path - Hit animal,,Vehicle - Animal,Motorcycle,,1,0,0,0,1,10,October,Spring,Tuesday,04:00 - 05:59,Late night / early morning,False,False,True,True
1369962,Injury,Serious Injury,2024,2024,December,Wednesday,14:00 - 15:59,ANDERSON,DR,0,Right on the spot,LAWSON,AVE,BERESFIELD,,Yes,No,T-junction,-32.804398,151.653475,Newcastle,Newcastle met. area,Syd-Newc-Woll Gtr conurbation,Straight,,,,Off,Sealed,Dry,Fine,Daylight,On,No traffic controls,50 km/h,Local,21,Right through,202,Opp - Right-thru,,Other angle,4 wheel drive / SUV,Car (sedan/hatch),2,0,1,1,0,12,December,Summer,Wednesday,14:00 - 15:59,Midday / afternoon,False,False,True,True
1369963,Injury,Moderate Injury,2024,2024,November,Monday,20:00 - 21:59,WYONG,RD,0,Right on the spot,KINGSFORD SMITH,DR,GLENNING VALLEY,335.0,No,Not a school zone,Roundabout,-33.336163,151.430812,Central Coast,Country urban,Syd-Newc-Woll Gtr conurbation,Curved,,,,Nil,Sealed,Dry,Fine,Darkness,Nil,Give way sign,70 km/h,State,10,Cross traffic,101,Adj - Cross traffic,,Right angle,Light truck utility(from 2018),Other bus,2,0,0,1,3,11,November,Spring,Monday,20:00 - 21:59,Evening / night,False,False,True,True
1369964,Injury,Serious Injury,2024,2024,December,Sunday,20:00 - 21:59,BRUXNER,HWY,0,Right on the spot,CONWAY,ST,EAST LISMORE,16.0,No,Not a school zone,Roundabout,-28.814633,153.281761,Lismore,Country urban,Rest of NSW - Urban,Curved,Embankment/cutting,,,On,Sealed,Dry,Fine,Darkness,Nil,No traffic controls,60 km/h,State,10,Cross traffic,101,Adj - Cross traffic,,Right angle,4 wheel drive / SUV,Car (sedan/hatch),2,0,1,0,0,12,December,Summer,Sunday,20:00 - 21:59,Evening / night,False,False,True,True
1369969,Injury,Moderate Injury,2024,2024,November,Friday,06:00 - 07:59,ILLAROO,RD,0,Right on the spot,PAGE,AVE,NORTH NOWRA,,No,Not a school zone,Roundabout,-34.856968,150.582958,Shoalhaven,Country urban,Rest of NSW - Urban,Straight,,,,Nil,Sealed,Dry,Fine,Daylight,Nil,Give way sign,60 km/h,Local,10,Cross traffic,101,Adj - Cross traffic,,Right angle,Light truck utility(from 2018),Motorcycle,2,0,0,1,0,11,November,Spring,Friday,06:00 - 07:59,AM peak / school commute,True,False,True,True
1369973,Injury,Serious Injury,2024,2024,October,Thursday,22:00 - Midnight,RESERVOIR,RD,0,Right on the spot,THERESA,ST,BLACKTOWN,683.0,No,Not a school zone,T-junction,-33.780667,150.900777,Blacktown,Sydney metro. area,Syd-Newc-Woll Gtr conurbation,Straight,,,,On,Sealed,Dry,Fine,Darkness,Nil,No traffic controls,60 km/h,State,10,Cross traffic,101,Adj - Cross traffic,,Right angle,4 wheel drive / SUV,Large rigid,2,0,2,1,0,10,October,Spring,Thursday,22:00 - Midnight,Evening / night,False,False,True,True
1369977,Injury,Moderate Injury,2024,2024,December,Monday,16:00 - 17:59,CASTLEREAGH,ST,20,North,LIVERPOOL,ST,SYDNEY,,No,Not a school zone,1-way street,-33.876607,151.208786,Sydney,Sydney metro. area,Syd-Newc-Woll Gtr conurbation,Straight,Foot/cycle path/nature strip,,,Off,Sealed,Dry,Fine,Daylight,Nil,No traffic controls,40 km/h,Local,34,Lane change right,306,Same - Lane change right,,Other angle,Car (sedan/hatch),Pedal cycle,2,0,0,1,0,12,December,Summer,Monday,16:00 - 17:59,PM peak / evening commute,True,False,True,True
1369982,Injury,Serious Injury,2024,2024,October,Wednesday,14:00 - 15:59,SALISBURY,RD,0,Right on the spot,LINCOLN,LANE,STANMORE,7085.0,No,Not a school zone,T-junction,-33.89135,151.170213,Inner West,Sydney metro. area,Syd-Newc-Woll Gtr conurbation,Straight,,,,Nil,Sealed,Dry,Fine,Daylight,Nil,No traffic controls,50 km/h,Regional,21,Right through,202,Opp - Right-thru,,Other angle,4 wheel drive / SUV,Pedal cycle,2,0,1,0,0,10,October,Spring,Wednesday,14:00 - 15:59,Midday / afternoon,False,False,True,True
1369983,Injury,Moderate Injury,2024,2024,June,Saturday,12:00 - 13:59,CENTENARY,DR,50,North,HUME,HWY,STRATHFIELD,200.0,No,Not a school zone,Other,-33.885487,151.069586,Strathfield,Sydney metro. area,Syd-Newc-Woll Gtr conurbation,Straight,,,,Nil,Sealed,Dry,Fine,Daylight,Nil,No traffic controls,70 km/h,State,30,Rear end,301,Same - Rear end,,Rear end,4 wheel drive / SUV,4 wheel drive / SUV,5,0,0,1,2,6,June,Winter,Saturday,12:00 - 13:59,Midday / afternoon,False,False,True,True
1369984,Injury,Serious Injury,2024,2024,November,Thursday,16:00 - 17:59,GAS,ST,0,Right on the spot,JOHN,ST,SINGLETON,,No,Not a school zone,T-junction,-32.567973,151.164738,Singleton,Country urban,Rest of NSW - Urban,Straight,Foot/cycle path/nature strip,,,Off,Sealed,Dry,Fine,Daylight,Nil,No entry/wrong way,50 km/h,Local,48,From footpath,408,Manov - From footway,,Other angle,Pedal cycle,4 wheel drive / SUV,2,0,1,0,0,11,November,Spring,Thursday,16:00 - 17:59,PM peak / evening commute,True,False,True,True
1369985,Injury,Serious Injury,2024,2024,November,Tuesday,08:00 - 09:59,NEW ENGLAND,HWY,50,West,HARPERS HILL,LANE,HARPERS HILL,9.0,No,Not a school zone,2-way undivided,-32.698796,151.410226,Maitland,Country non-urban,Rest of NSW - Rural,Straight,,,,Nil,Sealed,Dry,Fine,Daylight,Nil,No traffic controls,90 km/h,State,30,Rear end,301,Same - Rear end,,Rear end,Light truck utility(from 2018),4 wheel drive / SUV,3,0,1,0,1,11,November,Spring,Tuesday,08:00 - 09:59,AM peak / school commute,True,False,True,True
1369987,Injury,Moderate Injury,2024,2024,September,Friday,10:00 - 11:59,JOHN OXLEY,DR,0,Right on the spot,MAJOR INNES,RD,PORT MACQUARIE,,No,Not a school zone,Roundabout,-31.457356,152.873384,Port Macquarie-Hastings,Country urban,Rest of NSW - Urban,Curved,,,Slippery surface,Nil,Sealed,Wet,Raining,Daylight,Nil,Give way sign,50 km/h,Local,88,Out of cont on bend,805,Out of control on bend,,Rollover,Motorcycle,,1,0,0,1,0,9,September,Spring,Friday,10:00 - 11:59,Midday / afternoon,False,False,True,True
1369989,Injury,Moderate Injury,2024,2024,October,Saturday,12:00 - 13:59,NEW SOUTH HEAD,RD,50,East,MANNING,RD,DOUBLE BAY,173.0,No,Not a school zone,2-way undivided,-33.878089,151.242515,Woollahra,Sydney metro. area,Syd-Newc-Woll Gtr conurbation,Curved,,,,Off,Sealed,Dry,Fine,Daylight,Nil,No traffic controls,60 km/h,State,42,Leaving parking,401,Manov - Leaving parking,,Other angle,Car (sedan/hatch),Pedal cycle,2,0,0,1,0,10,October,Spring,Saturday,12:00 - 13:59,Midday / afternoon,False,False,True,True
1369991,Injury,Moderate Injury,2024,2024,September,Thursday,08:00 - 09:59,HENRY LAWSON,DR,1000,North,ST FILLANS,RD,ST FILLANS,,No,Not a school zone,2-way undivided,-32.458391,149.625277,Mid-Western Regional,Country non-urban,Rest of NSW - Rural,Straight,,,,Off,Sealed,Dry,Fine,Daylight,Nil,No traffic controls,100 km/h,Local,67,Struck animal,609,On path - Hit animal,,Vehicle - Animal,Car (sedan/hatch),,1,0,0,1,0,9,September,Spring,Thursday,08:00 - 09:59,AM peak / school commute,True,False,True,True
1369995,Injury,Serious Injury,2024,2024,November,Sunday,20:00 - 21:59,GREAT WESTERN,HWY,0,Right on the spot,RESERVOIR,RD,BLACKTOWN,5.0,No,Not a school zone,X-intersection,-33.79815,150.896996,Blacktown,Sydney metro. area,Syd-Newc-Woll Gtr conurbation,Straight,,,,On,Sealed,Dry,Fine,Darkness,On,No traffic controls,80 km/h,State,21,Right through,202,Opp - Right-thru,,Other angle,Car (sedan/hatch),Car (sedan/hatch),2,0,1,2,0,11,November,Spring,Sunday,20:00 - 21:59,Evening / night,False,False,True,True
1369999,Injury,Serious Injury,2024,2024,November,Tuesday,08:00 - 09:59,MOSS VALE,RD,0,Right on the spot,CECIL HOSKIN NATURE RESERVE,ENT,BURRADOO,260.0,No,Not a school zone,2-way undivided,-34.5306,150.393048,Wingecarribee,Country non-urban,Rest of NSW - Rural,Curved,Driveway/entrance,,,Nil,Sealed,Wet,Raining,Daylight,Nil,Give way sign,90 km/h,State,21,Right through,202,Opp - Right-thru,,Other angle,Light truck,4 wheel drive / SUV,2,0,1,0,0,11,November,Spring,Tuesday,08:00 - 09:59,AM peak / school commute,True,False,True,True
1370001,Injury,Moderate Injury,2024,2024,December,Thursday,08:00 - 09:59,RED HILL,RD,0,Right on the spot,NUMBER 85,HN,TATTON,,No,Not a school zone,2-way undivided,-35.15239,147.362637,Wagga Wagga,Country urban,Rest of NSW - Urban,Straight,Driveway/entrance,,,Off,Sealed,Dry,Fine,Daylight,Nil,No traffic controls,70 km/h,Local,71,Off rd left => obj,703,Left off cway into object,,Other angle,Car (sedan/hatch),4 wheel drive / SUV,2,0,0,1,0,12,December,Summer,Thursday,08:00 - 09:59,AM peak / school commute,True,False,True,True
1370004,Injury,Moderate Injury,2024,2024,December,Friday,22:00 - Midnight,KENDEE,ST,0,Right on the spot,NUMBER 28,HN,SADLEIR,,No,Not a school zone,2-way undivided,-33.913574,150.893949,Liverpool,Sydney metro. area,Syd-Newc-Woll Gtr conurbation,Curved,Foot/cycle path/nature strip,,,Nil,Sealed,Dry,Fine,Darkness,Nil,No traffic controls,50 km/h,Local,81,Off left/rt bnd=>obj,803,Off right bend into obj,Left,Vehicle - Object,Motorcycle,,1,0,0,1,0,12,December,Summer,Friday,22:00 - Midnight,Evening / night,False,False,True,True
1370005,Injury,Serious Injury,2024,2024,December,Tuesday,06:00 - 07:59,JEREMIAH,RD,1750,North,WEE JASPER,RD,COURAGAGO,,No,Not a school zone,2-way undivided,-35.105772,148.481515,Snowy Valleys,Country non-urban,Rest of NSW - Rural,Curved,Ditch/drain/culvert,,,Nil,Unsealed,Dry,Fine,Daylight,Nil,No traffic controls,100 km/h,Local,87,Off lft/lft bnd=>obj,804,Off left bend into obj,Left,Vehicle - Object,Light truck utility(from 2018),,1,0,2,0,0,12,December,Summer,Tuesday,06:00 - 07:59,AM peak / school commute,True,False,True,True
1370008,Injury,Serious Injury,2024,2024,October,Friday,04:00 - 05:59,GREENLEAF,RD,50,East,TEAL,ST,KOORAGANG,,No,Not a school zone,Other,-32.885237,151.782852,Newcastle,Newcastle met. area,Syd-Newc-Woll Gtr conurbation,Curved,Spd hump/slow pt/chc,,,Off,Sealed,Dry,Fine,Dawn,Nil,No traffic controls,100 km/h,Local,84,Off right/left bend,802,Off cway left bend,Right,Rollover,B-double (road train prior 98),,1,0,1,0,0,10,October,Spring,Friday,04:00 - 05:59,Late night / early morning,False,False,True,True
1370012,Injury,Moderate Injury,2024,2024,November,Thursday,12:00 - 13:59,REEDY CREEK,LANE,0,Right on the spot,THE GLEN,RD,MANAR,,No,Not a school zone,T-junction,-35.274365,149.706611,Queanbeyan-Palerang Regional,Country urban,Rest of NSW - Urban,Straight,,,,Nil,Unsealed,Dry,Fine,Daylight,Nil,No traffic controls,60 km/h,Local,13,Right near,104,Adj - Right-thru from right,,Right angle,Light truck utility(from 2018),Light truck utility(from 2018),2,0,0,1,0,11,November,Spring,Thursday,12:00 - 13:59,Midday / afternoon,False,False,True,True
1370013,Injury,Moderate Injury,2024,2024,November,Monday,06:00 - 07:59,SNOWY MOUNTAINS,HWY,700,East,WENTS,RD,NUMBUGGA,4.0,No,Not a school zone,2-way undivided,-36.649752,149.698909,Bega Valley,Country non-urban,Rest of NSW - Rural,Curved,Embankment/cutting,,,Nil,Sealed,Dry,Fine,Daylight,Nil,No traffic controls,100 km/h,State,67,Struck animal,609,On path - Hit animal,,Vehicle - Animal,Car (sedan/hatch),,1,0,0,1,0,11,November,Spring,Monday,06:00 - 07:59,AM peak / school commute,True,False,True,True
1370014,Injury,Moderate Injury,2024,2024,October,Saturday,16:00 - 17:59,WEST,ST,0,Right on the spot,SHERIDAN,ST,GUNDAGAI,243.0,No,Not a school zone,X-intersection,-35.062733,148.100671,Cootamundra-Gundagai,Country urban,Rest of NSW - Urban,Straight,,,,Off,Sealed,Dry,Fine,Dusk,Nil,Give way sign,40 km/h,Regional,16,Left near,107,Adj - Left-thru from right,,Right angle,Car (sedan/hatch),4 wheel drive / SUV,2,0,0,1,0,10,October,Spring,Saturday,16:00 - 17:59,PM peak / evening commute,True,False,True,True
1370019,Injury,Serious Injury,2024,2024,September,Tuesday,20:00 - 21:59,CENTRAL COAST,HWY,150,North,CURRINGA,RD,KARIONG,30.0,No,Not a school zone,Divided road,-33.432906,151.295529,Central Coast,Country urban,Syd-Newc-Woll Gtr conurbation,Straight,,,,On,Sealed,Dry,Fine,Darkness,Nil,No traffic controls,60 km/h,State,71,Off rd left => obj,703,Left off cway into object,,Vehicle - Object,4 wheel drive / SUV,,1,0,1,0,0,9,September,Spring,Tuesday,20:00 - 21:59,Evening / night,False,False,True,True
1370021,Injury,Serious Injury,2024,2024,September,Friday,14:00 - 15:59,WOODVILLE,RD,30,South,TANGERINE,ST,VILLAWOOD,640.0,No,Not a school zone,Divided road,-33.877484,150.980323,Fairfield,Sydney metro. area,Syd-Newc-Woll Gtr conurbation,Straight,,,,Nil,Sealed,Dry,Fine,Daylight,Nil,No traffic controls,70 km/h,State,2,Ped far side,3,Ped - Far side,,Vehicle - Pedestrian,4 wheel drive / SUV,Pedestrian,2,0,1,0,0,9,September,Spring,Friday,14:00 - 15:59,Midday / afternoon,False,False,True,True
1370025,Injury,Serious Injury,2024,2024,December,Monday,08:00 - 09:59,PACIFIC,HWY,500,West,KAROOL,RD,MOONEY MOONEY CREEK,10.0,No,Not a school zone,2-way undivided,-33.437081,151.244373,Central Coast,Country urban,Syd-Newc-Woll Gtr conurbation,Curved,Embankment/cutting,Police pursuit,,Nil,Sealed,Dry,Fine,Daylight,Nil,No traffic controls,60 km/h,State,85,Off rt/lft bnd=>obj,804,Off left bend into obj,Right,Vehicle - Object,Light truck utility(from 2018),,1,0,1,0,0,12,December,Summer,Monday,08:00 - 09:59,AM peak / school commute,True,False,True,True
1370028,Injury,Serious Injury,2024,2024,December,Tuesday,18:00 - 19:59,PACIFIC,HWY,1400,South,BROOKLYN,RD,COWAN,10.0,No,Not a school zone,2-way undivided,-33.555909,151.193034,Hornsby,Sydney metro. area,Syd-Newc-Woll Gtr conurbation,Curved,,Roadwks/Detour/Diverson,,Nil,Sealed,Dry,Fine,Dusk,Nil,No traffic controls,70 km/h,State,81,Off left/rt bnd=>obj,803,Off right bend into obj,Left,Vehicle - Object,Motorcycle,,1,0,1,0,0,12,December,Summer,Tuesday,18:00 - 19:59,PM peak / evening commute,True,False,True,True
1370031,Injury,Moderate Injury,2024,2024,December,Saturday,08:00 - 09:59,OSBORN,CL,0,Right on the spot,TAYLOR,AVE,THORNTON,,No,Not a school zone,T-junction,-32.773382,151.634708,Maitland,Country urban,Rest of NSW - Urban,Straight,,,,Off,Sealed,Wet,Overcast,Daylight,Nil,No traffic controls,50 km/h,Local,13,Right near,104,Adj - Right-thru from right,,Right angle,Car (sedan/hatch),Light truck utility(from 2018),2,0,0,2,0,12,December,Summer,Saturday,08:00 - 09:59,AM peak / school commute,True,False,True,True
1370035,Injury,Serious Injury,2024,2024,December,Thursday,10:00 - 11:59,TOMS CREEK,RD,999999,Unknown/not stated,UNKNOWN,UK,TOMS CREEK,,No,Not a school zone,2-way undivided,-31.522779,152.408906,Port Macquarie-Hastings,Country urban,Rest of NSW - Urban,Curved,,Roadwks/Detour/Diverson,,Nil,Sealed,Dry,Fine,Daylight,Nil,No traffic controls,60 km/h,Local,86,Off left/left bend,802,Off cway left bend,Left,Rollover,Motorcycle,,1,0,1,0,0,12,December,Summer,Thursday,10:00 - 11:59,Midday / afternoon,False,False,True,True
1370041,Injury,Serious Injury,2024,2024,December,Saturday,12:00 - 13:59,WARRINGAH,EXP,400,South,MILLER STREET,OP,CAMMERAY,651.0,No,Not a school zone,Divided road,-33.826499,151.213258,North Sydney,Sydney metro. area,Syd-Newc-Woll Gtr conurbation,Curved,,Roadwks/Detour/Diverson,,Off,Sealed,Dry,Fine,Daylight,Nil,No traffic controls,80 km/h,State,88,Out of cont on bend,805,Out of control on bend,,Rollover,Motorcycle,,1,0,1,0,0,12,December,Summer,Saturday,12:00 - 13:59,Midday / afternoon,False,False,True,True
1370043,Injury,Moderate Injury,2024,2024,October,Monday,18:00 - 19:59,PRINCES,HWY,700,North,C-RIDGE,RD,BODALLA,1.0,No,Not a school zone,2-way undivided,-36.123116,150.069554,Eurobodalla,Country non-urban,Rest of NSW - Rural,Straight,Steep grade,,,Nil,Sealed,Dry,Fine,Dusk,Nil,No traffic controls,100 km/h,State,73,Off rd rght => obj,704,Right off cway into obj,,Vehicle - Object,Car (sedan/hatch),,1,0,0,1,0,10,October,Spring,Monday,18:00 - 19:59,PM peak / evening commute,True,False,True,True
1370046,Injury,Serious Injury,2024,2024,June,Sunday,22:00 - Midnight,CENTRAL COAST,HWY,600,North,GIRRAWEEN,ST,COLONGRA,30.0,No,Not a school zone,2-way undivided,-33.21942,151.535579,Central Coast,Country urban,Syd-Newc-Woll Gtr conurbation,Curved,,,,Nil,Sealed,Dry,Fine,Darkness,Nil,No traffic controls,70 km/h,State,20,Head on,201,Opp - Head on,,Head-on,Car (sedan/hatch),Semi-trailer,2,0,1,0,0,6,June,Winter,Sunday,22:00 - Midnight,Evening / night,False,False,True,True
1370047,Injury,Moderate Injury,2024,2024,November,Tuesday,06:00 - 07:59,OLD SOUTH HEAD,RD,0,Right on the spot,O'BRIEN,ST,BELLEVUE HILL,339.0,No,Not a school zone,T-junction,-33.887611,151.264956,Woollahra,Sydney metro. area,Syd-Newc-Woll Gtr conurbation,Straight,,,,Off,Sealed,Wet,Fine,Daylight,On,No traffic controls,50 km/h,State,30,Rear end,301,Same - Rear end,,Rear end,Light truck utility(from 2018),Motorcycle,2,0,0,1,0,11,November,Spring,Tuesday,06:00 - 07:59,AM peak / school commute,True,False,True,True