crash_id,degree_of_crash,degree_of_crash_-_detailed,reporting_year,year_of_crash,month_of_crash,day_of_week_of_crash,two-hour_intervals,street_of_crash,street_type,distance,direction,identifying_feature,identifying_feature_type,town,route_no.,school_zone_location,school_zone_active,type_of_location,latitude,longitude,lga,urbanisation,conurbation_1,alignment,primary_permanent_feature,primary_temporary_feature,primary_hazardous_feature,street_lighting,road_surface,surface_condition,weather,natural_lighting,signals_operation,other_traffic_control,speed_limit,road_classification_(admin),rum_-_code,rum_-_description,dca_-_code,dca_-_description,dca_supplement,first_impact_type,key_tu_type,other_tu_type,no._of_traffic_units_involved,no._killed,no._seriously_injured,no._moderately_injured,no._minor-other_injured,month_num,month_label,season,day_label,time_label,time_band,is_peak_commute,is_fatal,is_injury,is_casualty
1370049,Injury,Moderate Injury,2024,2024,September,Sunday,12:00 - 13:59,CENTRAL COAST,HWY,10,West,FIELDERS,LANE,WEST GOSFORD,30.0,No,Not a school zone,T-junction,-33.427457,151.331325,Central Coast,Country urban,Syd-Newc-Woll Gtr conurbation,Straight,,,,Off,Sealed,Dry,Fine,Daylight,Nil,Give way sign,70 km/h,State,71,Off rd left => obj,703,Left off cway into object,,Other angle,Car (sedan/hatch),Car (sedan/hatch),2,0,0,1,0,9,September,Spring,Sunday,12:00 - 13:59,Midday / afternoon,False,False,True,True
1370050,Injury,Moderate Injury,2024,2024,December,Wednesday,08:00 - 09:59,GOONAL,RD,3300,South,WATERCOURSE,RD,MOREE,,No,Not a school zone,2-way undivided,-29.462194,149.541706,Moree Plains,Country non-urban,Rest of NSW - Rural,Curved,,,,Nil,Unsealed,Dry,Fine,Daylight,Nil,No traffic controls,100 km/h,Local,88,Out of cont on bend,805,Out of control on bend,,Rollover,Light truck utility(from 2018),,1,0,0,1,1,12,December,Summer,Wednesday,08:00 - 09:59,AM peak / school commute,True,False,True,True
1370056,Injury,Moderate Injury,2024,2024,December,Wednesday,08:00 - 09:59,THE RIDGEWAY,MS,430,West,PAROO,RD,LISAROW,,No,Not a school zone,2-way undivided,-33.397457,151.398536,Central Coast,Country urban,Syd-Newc-Woll Gtr conurbation,Curved,Embankment/cutting,,,Nil,Sealed,Wet,Raining,Daylight,Nil,No traffic controls,60 km/h,Local,88,Out of cont on bend,805,Out of control on bend,,Rollover,4 wheel drive / SUV,,1,0,0,1,0,12,December,Summer,Wednesday,08:00 - 09:59,AM peak / school commute,True,False,True,True
1370062,Injury,Moderate Injury,2024,2024,December,Saturday,14:00 - 15:59,MALSBURY,RD,0,Right on the spot,NUMBER 36,HN,NORMANHURST,7243.0,No,Not a school zone,2-way undivided,-33.716042,151.099445,Hornsby,Sydney metro. area,Syd-Newc-Woll Gtr conurbation,Curved,Steep grade,,,On,Sealed,Dry,Fine,Daylight,Nil,No traffic controls,50 km/h,Regional,20,Head on,201,Opp - Head on,,Head-on,4 wheel drive / SUV,4 wheel drive / SUV,2,0,0,1,0,12,December,Summer,Saturday,14:00 - 15:59,Midday / afternoon,False,False,True,True
1370063,Injury,Minor/Other Injury,2024,2024,October,Wednesday,04:00 - 05:59,PACIFIC,HWY,0,Right on the spot,MILLER,ST,NORTH SYDNEY,10.0,Yes,No,X-intersection,-33.836832,151.207267,North Sydney,Sydney metro. area,Syd-Newc-Woll Gtr conurbation,Straight,Steep grade,,,On,Sealed,Dry,Fine,Dawn,On,No traffic controls,40 km/h,State,10,Cross traffic,101,Adj - Cross traffic,,Right angle,4 wheel drive / SUV,Car (sedan/hatch),2,0,0,0,1,10,October,Spring,Wednesday,04:00 - 05:59,Late night / early morning,False,False,True,True
1370066,Injury,Minor/Other Injury,2024,2024,October,Wednesday,16:00 - 17:59,CAMDEN VALLEY,WAY,0,Right on the spot,THE OLD NORTHERN,RD,NARELLAN,154.0,No,Not a school zone,T-junction,-34.040494,150.735563,Camden,Sydney metro. area,Syd-Newc-Woll Gtr conurbation,Straight,,,,Off,Sealed,Dry,Fine,Daylight,On,No traffic controls,60 km/h,State,30,Rear end,301,Same - Rear end,,Rear end,Car (sedan/hatch),4 wheel drive / SUV,2,0,0,0,1,10,October,Spring,Wednesday,16:00 - 17:59,PM peak / evening commute,True,False,True,True
1370067,Injury,Serious Injury,2024,2024,December,Friday,22:00 - Midnight,PACIFIC,HWY,1000,North,CORKWOOD ROAD,OP,VALLA,10.0,No,Not a school zone,Divided road,-30.618703,152.974299,Nambucca Valley,Country non-urban,Rest of NSW - Rural,Straight,,,,Nil,Sealed,Wet,Raining,Darkness,Nil,No traffic controls,110 km/h,State,71,Off rd left => obj,703,Left off cway into object,,Vehicle - Object,Light truck utility(from 2018),,1,0,1,0,0,12,December,Summer,Friday,22:00 - Midnight,Evening / night,False,False,True,True
1370068,Injury,Moderate Injury,2024,2024,December,Thursday,14:00 - 15:59,BOGAN,ST,0,Right on the spot,BOORI,ST,PEAK HILL,,No,Not a school zone,X-intersection,-32.728397,148.18967,Parkes,Country urban,Rest of NSW - Urban,Straight,,,,Off,Sealed,Dry,Fine,Daylight,Nil,Give way sign,50 km/h,Local,10,Cross traffic,101,Adj - Cross traffic,,Right angle,Light truck utility(from 2018),Car (sedan/hatch),2,0,0,2,0,12,December,Summer,Thursday,14:00 - 15:59,Midday / afternoon,False,False,True,True
1370070,Injury,Serious Injury,2024,2024,December,Sunday,00:01 - 01:59,HAT HEAD,RD,4000,East,SOUTH WEST ROCKS,RD,KINCHELA,,No,Not a school zone,2-way undivided,-30.997046,153.024203,Kempsey,Country urban,Rest of NSW - Urban,Straight,,,,Nil,Sealed,Dry,Overcast,Darkness,Nil,No traffic controls,80 km/h,Local,71,Off rd left => obj,703,Left off cway into object,,Vehicle - Object,4 wheel drive / SUV,,1,0,1,0,0,12,December,Summer,Sunday,00:01 - 01:59,Late night / early morning,False,False,True,True
1370073,Injury,Serious Injury,2024,2024,December,Friday,16:00 - 17:59,GRADYS CREEK,RD,1400,North,SUMMERLAND,WAY,THE RISK,,No,Not a school zone,2-way undivided,-28.474959,152.934276,Kyogle,Country non-urban,Rest of NSW - Rural,Curved,,,,Off,Sealed,Dry,Fine,Daylight,Nil,No traffic controls,100 km/h,Local,20,Head on,201,Opp - Head on,,Head-on,4 wheel drive / SUV,Station wagon,2,0,1,2,1,12,December,Summer,Friday,16:00 - 17:59,PM peak / evening commute,True,False,True,True
1370076,Injury,Moderate Injury,2024,2024,October,Friday,18:00 - 19:59,GANG GANG,ST,20,East,KATOOMBA,ST,KATOOMBA,2039.0,No,Not a school zone,2-way undivided,-33.712418,150.312155,Blue Mountains,Country urban,Syd-Newc-Woll Gtr conurbation,Straight,,,,Off,Sealed,Dry,Fine,Daylight,Nil,Ped crossing,40 km/h,Regional,2,Ped far side,3,Ped - Far side,,Vehicle - Pedestrian,Light truck,Pedestrian,2,0,0,1,0,10,October,Spring,Friday,18:00 - 19:59,PM peak / evening commute,True,False,True,True
1370079,Injury,Serious Injury,2024,2024,October,Tuesday,12:00 - 13:59,PUTTERS,CCT,130,South,WEDGE,MS,BLACKTOWN,,No,Not a school zone,2-way undivided,-33.759969,150.899289,Blacktown,Sydney metro. area,Syd-Newc-Woll Gtr conurbation,Straight,,,,Off,Sealed,Dry,Fine,Daylight,Nil,No traffic controls,50 km/h,Local,71,Off rd left => obj,703,Left off cway into object,,Other angle,Motorcycle,Car (sedan/hatch),2,0,1,0,0,10,October,Spring,Tuesday,12:00 - 13:59,Midday / afternoon,False,False,True,True
1370082,Injury,Serious Injury,2024,2024,November,Thursday,14:00 - 15:59,CAWLEY,ST,0,Right on the spot,LISMORE,ST,BELLAMBI,,Yes,No,T-junction,-34.366772,150.916774,Wollongong,Wollongong met. area,Syd-Newc-Woll Gtr conurbation,Straight,,,,Off,Sealed,Wet,Raining,Daylight,Nil,No traffic controls,50 km/h,Local,85,Off rt/lft bnd=>obj,706,Left turn,Right,Vehicle - Object,Car (sedan/hatch),,1,0,1,0,0,11,November,Spring,Thursday,14:00 - 15:59,Midday / afternoon,False,False,True,True
1370086,Injury,Moderate Injury,2024,2024,October,Saturday,00:01 - 01:59,PACIFIC,HWY,10000,North,PINE CREEK WAY,OP,BOAMBEE,10.0,No,Not a school zone,Divided road,-30.333833,153.080944,Coffs Harbour,Country non-urban,Rest of NSW - Rural,Straight,,,,Nil,Sealed,Wet,Raining,Darkness,Nil,No traffic controls,100 km/h,State,66,Object on road,607,On path - Hit temp object,,Vehicle - Object,Light truck utility(from 2018),,1,0,0,2,0,10,October,Spring,Saturday,00:01 - 01:59,Late night / early morning,False,False,True,True
1370087,Injury,Minor/Other Injury,2024,2024,March,Thursday,12:00 - 13:59,OLD WINDSOR,RD,0,Right on the spot,SUNNYHOLT ROAD,TO,STANHOPE GARDENS,635.0,No,Not a school zone,Divided road,-33.720247,150.937653,Blacktown,Sydney metro. area,Syd-Newc-Woll Gtr conurbation,Straight,,,,On,Sealed,Dry,Fine,Daylight,On,Ped crossing,80 km/h,State,30,Rear end,301,Same - Rear end,,Rear end,Car (sedan/hatch),4 wheel drive / SUV,2,0,0,0,1,3,March,Autumn,Thursday,12:00 - 13:59,Midday / afternoon,False,False,True,True
1370089,Injury,Moderate Injury,2024,2024,November,Sunday,18:00 - 19:59,MOZART,ST,50,East,MONARO,ST,SEVEN HILLS,,No,Not a school zone,2-way undivided,-33.764671,150.951849,Blacktown,Sydney metro. area,Syd-Newc-Woll Gtr conurbation,Straight,,,,Off,Sealed,Dry,Fine,Daylight,Nil,No traffic controls,50 km/h,Local,1,Ped emerging,2,Ped - emerging,,Vehicle - Pedestrian,Car (sedan/hatch),Ped in toy vehicle,2,0,0,1,0,11,November,Spring,Sunday,18:00 - 19:59,PM peak / evening commute,True,False,True,True
1370096,Injury,Serious Injury,2024,2024,November,Sunday,04:00 - 05:59,MITCHELL,HWY,700,East,NORTH MINORE,RD,DUBBO,7.0,No,Not a school zone,2-way undivided,-32.19282,148.457279,Dubbo Regional,Country non-urban,Rest of NSW - Rural,Curved,Embankment/cutting,,,Nil,Sealed,Dry,Fine,Dawn,Nil,No traffic controls,110 km/h,State,84,Off right/left bend,802,Off cway left bend,Right,Rollover,Light truck utility(from 2018),,1,0,1,0,0,11,November,Spring,Sunday,04:00 - 05:59,Late night / early morning,False,False,True,True
1370097,Injury,Serious Injury,2024,2024,November,Monday,04:00 - 05:59,CASTLEREAGH,HWY,630,South,BARNEYS REEF,RD,DUNEDOO,18.0,No,Not a school zone,2-way undivided,-32.102591,149.481615,Warrumbungle,Country non-urban,Rest of NSW - Rural,Straight,,,,Nil,Sealed,Dry,Fine,Darkness,Nil,No traffic controls,100 km/h,State,73,Off rd rght => obj,704,Right off cway into obj,,Vehicle - Object,Car (sedan/hatch),,1,0,1,0,0,11,November,Spring,Monday,04:00 - 05:59,Late night / early morning,False,False,True,True
1370102,Injury,Moderate Injury,2024,2024,November,Saturday,16:00 - 17:59,PACIFIC,HWY,0,Right on the spot,MILLER,ST,NORTH SYDNEY,10.0,Yes,No,X-intersection,-33.836832,151.207267,North Sydney,Sydney metro. area,Syd-Newc-Woll Gtr conurbation,Straight,,,,Off,Sealed,Dry,Fine,Daylight,On,No traffic controls,40 km/h,State,30,Rear end,301,Same - Rear end,,Rear end,4 wheel drive / SUV,Car (sedan/hatch),2,0,0,1,0,11,November,Spring,Saturday,16:00 - 17:59,PM peak / evening commute,True,False,True,True
1370103,Injury,Moderate Injury,2024,2024,November,Friday,18:00 - 19:59,CUNNINGHAM,ST,0,Right on the spot,BOMBELLI,ST,BINGARA,133.0,No,Not a school zone,X-intersection,-29.870656,150.564816,Gwydir,Country urban,Rest of NSW - Urban,Straight,,,,Nil,Sealed,Dry,Fine,Daylight,Nil,No traffic controls,50 km/h,Regional,73,Off rd rght => obj,704,Right off cway into obj,,Vehicle - Object,Light truck utility(from 2018),,1,0,0,3,0,11,November,Spring,Friday,18:00 - 19:59,PM peak / evening commute,True,False,True,True
1370104,Injury,Moderate Injury,2024,2024,November,Friday,14:00 - 15:59,COMMISSIONERS,DR,20,South,FOXTAIL,DR,DENHAM COURT,,No,Not a school zone,2-way undivided,-33.978251,150.819668,Campbelltown,Sydney metro. area,Syd-Newc-Woll Gtr conurbation,Straight,,,,Off,Sealed,Dry,Fine,Daylight,Nil,No traffic controls,50 km/h,Local,0,Ped nearside,1,Ped - Near side,,Vehicle - Pedestrian,4 wheel drive / SUV,Pedestrian,2,0,0,1,0,11,November,Spring,Friday,14:00 - 15:59,Midday / afternoon,False,False,True,True
1370105,Injury,Serious Injury,2024,2024,November,Saturday,20:00 - 21:59,BONDI,RD,40,North,COUNCIL,ST,BONDI JUNCTION,172.0,No,Not a school zone,2-way undivided,-33.892503,151.254928,Waverley,Sydney metro. area,Syd-Newc-Woll Gtr conurbation,Straight,,,,On,Sealed,Dry,Fine,Darkness,Nil,No traffic controls,50 km/h,State,30,Rear end,301,Same - Rear end,,Rear end,Car (sedan/hatch),Car (sedan/hatch),3,0,1,1,1,11,November,Spring,Saturday,20:00 - 21:59,Evening / night,False,False,True,True
1370108,Injury,Serious Injury,2024,2024,October,Tuesday,14:00 - 15:59,NUMINBAH,RD,4500,South,QUEENSLAND BORDER,OT,NUMINBAH,399.0,No,Not a school zone,2-way undivided,-28.274505,153.253017,Tweed,Country urban,Rest of NSW - Urban,Curved,Steep grade,,,Nil,Sealed,Dry,Fine,Daylight,Nil,No traffic controls,80 km/h,Regional,81,Off left/rt bnd=>obj,803,Off right bend into obj,Left,Vehicle - Object,Large rigid,,1,0,1,0,0,10,October,Spring,Tuesday,14:00 - 15:59,Midday / afternoon,False,False,True,True
1370109,Injury,Moderate Injury,2024,2024,December,Saturday,12:00 - 13:59,CAMDEN,ST,0,Right on the spot,NORTH,ST,ULLADULLA,,No,Not a school zone,X-intersection,-35.351311,150.47036,Shoalhaven,Country urban,Rest of NSW - Urban,Straight,Crest,,,Off,Sealed,Dry,Fine,Daylight,Nil,Stop sign,50 km/h,Local,10,Cross traffic,101,Adj - Cross traffic,,Right angle,Other bus,4 wheel drive / SUV,2,0,0,2,0,12,December,Summer,Saturday,12:00 - 13:59,Midday / afternoon,False,False,True,True
1370112,Injury,Serious Injury,2024,2024,October,Friday,12:00 - 13:59,PRESIDENT,AVE,0,Right on the spot,NUMBER 504,HN,SUTHERLAND,,No,Not a school zone,Divided road,-34.034983,151.065436,Sutherland,Sydney metro. area,Syd-Newc-Woll Gtr conurbation,Straight,Steep grade,,,Off,Sealed,Dry,Fine,Daylight,Nil,No traffic controls,50 km/h,Local,71,Off rd left => obj,703,Left off cway into object,,Vehicle - Object,Light truck,,1,0,1,0,0,10,October,Spring,Friday,12:00 - 13:59,Midday / afternoon,False,False,True,True
1370115,Injury,Moderate Injury,2024,2024,December,Wednesday,08:00 - 09:59,MAMRE,RD,50,South,SOLANDER,DR,ST CLAIR,536.0,No,Not a school zone,2-way undivided,-33.798603,150.768592,Penrith,Sydney metro. area,Syd-Newc-Woll Gtr conurbation,Straight,,Roadwks/Detour/Diverson,,Nil,Sealed,Dry,Fine,Daylight,Nil,No traffic controls,60 km/h,State,20,Head on,201,Opp - Head on,,Head-on,4 wheel drive / SUV,4 wheel drive / SUV,2,0,0,1,0,12,December,Summer,Wednesday,08:00 - 09:59,AM peak / school commute,True,False,True,True
1370118,Injury,Serious Injury,2024,2024,December,Friday,14:00 - 15:59,GIBBONS,ST,0,Right on the spot,LAWSON,ST,REDFERN,170.0,No,Not a school zone,X-intersection,-33.89169,151.199794,Sydney,Sydney metro. area,Syd-Newc-Woll Gtr conurbation,Straight,Foot/cycle path/nature strip,,,Nil,Sealed,Dry,Fine,Daylight,Unknown / not stated,No traffic controls,50 km/h,State,6,Ped on footpath,8,Ped - On footway/median,,Vehicle - Pedestrian,Pedal cycle,Pedestrian,2,0,1,0,0,12,December,Summer,Friday,14:00 - 15:59,Midday / afternoon,False,False,True,True
1370122,Injury,Serious Injury,2024,2024,October,Sunday,12:00 - 13:59,GARDENERS,RD,0,Right on the spot,PRIMROSE,AVE,ROSEBERY,183.0,No,Not a school zone,T-junction,-33.922505,151.203994,Sydney,Sydney metro. area,Syd-Newc-Woll Gtr conurbation,Straight,,,,Nil,Sealed,Dry,Fine,Daylight,Nil,Left turn only,60 km/h,State,21,Right through,202,Opp - Right-thru,,Other angle,Car (sedan/hatch),Car (sedan/hatch),4,0,1,0,0,10,October,Spring,Sunday,12:00 - 13:59,Midday / afternoon,False,False,True,True
1370124,Injury,Serious Injury,2024,2024,November,Wednesday,22:00 - Midnight,FORBES,CRES,0,Right on the spot,RADFORD,ST,HEDDON GRETA,,No,Not a school zone,T-junction,-32.797059,151.512885,Cessnock,Country urban,Rest of NSW - Urban,Straight,,,,On,Sealed,Dry,Fine,Darkness,Nil,No traffic controls,50 km/h,Local,71,Off rd left => obj,703,Left off cway into object,,Other angle,Light truck utility(from 2018),Large rigid,2,0,1,0,0,11,November,Spring,Wednesday,22:00 - Midnight,Evening / night,False,False,True,True
1370126,Injury,Minor/Other Injury,2024,2024,October,Wednesday,20:00 - 21:59,COLLINS,ST,30,West,PRINCES,HWY,CORRIMAL,,No,Not a school zone,2-way undivided,-34.370104,150.897117,Wollongong,Wollongong met. area,Syd-Newc-Woll Gtr conurbation,Straight,Steep grade,,,On,Sealed,Dry,Fine,Darkness,Nil,No traffic controls,50 km/h,Local,71,Off rd left => obj,703,Left off cway into object,,Other angle,4 wheel drive / SUV,Car (sedan/hatch),3,0,0,0,1,10,October,Spring,Wednesday,20:00 - 21:59,Evening / night,False,False,True,True
1370128,Injury,Serious Injury,2024,2024,October,Friday,22:00 - Midnight,NORTHCOTE,AVE,0,Right on the spot,NUMBER 107,HN,SWANSEA,,No,Not a school zone,2-way undivided,-33.098138,151.649852,Lake Macquarie,Newcastle met. area,Syd-Newc-Woll Gtr conurbation,Straight,,,,On,Sealed,Dry,Fine,Darkness,Nil,No traffic controls,50 km/h,Local,71,Off rd left => obj,703,Left off cway into object,,Vehicle - Object,Car (sedan/hatch),,1,0,1,0,0,10,October,Spring,Friday,22:00 - Midnight,Evening / night,False,False,True,True
1370131,Injury,Serious Injury,2024,2024,December,Tuesday,06:00 - 07:59,O'CONNELL,ST,0,Right on the spot,FENNELL,ST,PARRAMATTA,184.0,No,Not a school zone,X-intersection,-33.805185,151.002597,Parramatta,Sydney metro. area,Syd-Newc-Woll Gtr conurbation,Straight,,,,Off,Sealed,Dry,Fine,Daylight,Nil,Stop sign,60 km/h,State,0,Ped nearside,1,Ped - Near side,,Vehicle - Pedestrian,Car (sedan/hatch),Pedestrian,2,0,1,0,0,12,December,Summer,Tuesday,06:00 - 07:59,AM peak / school commute,True,False,True,True
1370133,Injury,Moderate Injury,2024,2024,December,Thursday,08:00 - 09:59,BEACH,ST,0,Right on the spot,SHORT,ST,WOOLGOOLGA,,No,Not a school zone,T-junction,-30.112473,153.194363,Coffs Harbour,Country urban,Rest of NSW - Urban,Straight,Pedestrian refuge,,,Off,Sealed,Dry,Fine,Daylight,Nil,No right turn,50 km/h,Local,70,Off road to left,701,Off carriageway to left,,Rollover,Car (sedan/hatch),,1,0,0,1,0,12,December,Summer,Thursday,08:00 - 09:59,AM peak / school commute,True,False,True,True
1370137,Injury,Serious Injury,2024,2024,September,Wednesday,12:00 - 13:59,PACIFIC,HWY,1000,South,TWELVE MILE CREEK,RD,TWELVE MILE CREEK,10.0,No,Not a school zone,Divided road,-32.658058,151.84833,Port Stephens,Country non-urban,Rest of NSW - Rural,Straight,Steep grade,,,Off,Sealed,Dry,Fine,Daylight,Nil,No traffic controls,100 km/h,State,34,Lane change right,306,Same - Lane change right,,Other angle,Large rigid,Station wagon,2,0,1,0,0,9,September,Spring,Wednesday,12:00 - 13:59,Midday / afternoon,False,False,True,True
1370142,Injury,Serious Injury,2024,2024,October,Wednesday,06:00 - 07:59,FONTANA,DR,0,Right on the spot,OLD PITT TOWN,RD,BOX HILL,,No,Not a school zone,X-intersection,-33.63899,150.9044,The Hills,Sydney metro. area,Syd-Newc-Woll Gtr conurbation,Straight,,Roadwks/Detour/Diverson,,Off,Sealed,Dry,Fine,Daylight,Nil,Stop sign,40 km/h,Local,10,Cross traffic,101,Adj - Cross traffic,,Right angle,Car (sedan/hatch),Car (sedan/hatch),2,0,1,0,0,10,October,Spring,Wednesday,06:00 - 07:59,AM peak / school commute,True,False,True,True
1370145,Injury,Moderate Injury,2024,2024,November,Sunday,08:00 - 09:59,MACQUARIE,ST,50,North,DRUMMOND,ST,SOUTH WINDSOR,154.0,No,Not a school zone,2-way undivided,-33.622247,150.803909,Hawkesbury,Country urban,Syd-Newc-Woll Gtr conurbation,Straight,Driveway/entrance,,,Nil,Sealed,Dry,Fine,Daylight,Nil,No traffic controls,60 km/h,State,21,Right through,202,Opp - Right-thru,,Other angle,4 wheel drive / SUV,4 wheel drive / SUV,2,0,0,1,0,11,November,Spring,Sunday,08:00 - 09:59,AM peak / school commute,True,False,True,True
1370148,Injury,Moderate Injury,2024,2024,October,Saturday,10:00 - 11:59,GREAT WESTERN,HWY,145,East,MAMRE,RD,ST MARYS,5.0,No,Not a school zone,Divided road,-33.770395,150.775056,Penrith,Sydney metro. area,Syd-Newc-Woll Gtr conurbation,Straight,Steep grade,,,Off,Sealed,Dry,Fine,Daylight,Nil,No traffic controls,60 km/h,State,30,Rear end,301,Same - Rear end,,Rear end,4 wheel drive / SUV,Car (sedan/hatch),4,0,0,1,0,10,October,Spring,Saturday,10:00 - 11:59,Midday / afternoon,False,False,True,True
1370149,Injury,Moderate Injury,2024,2024,November,Saturday,18:00 - 19:59,CAMPBELL,ST,0,Right on the spot,SMITH,ST,SURRY HILLS,,No,Not a school zone,T-junction,-33.880324,151.211742,Sydney,Sydney metro. area,Syd-Newc-Woll Gtr conurbation,Curved,,,,Nil,Sealed,Dry,Fine,Dusk,Nil,Give way sign,40 km/h,Local,16,Left near,107,Adj - Left-thru from right,,Right angle,Car (sedan/hatch),Pedal cycle,2,0,0,1,0,11,November,Spring,Saturday,18:00 - 19:59,PM peak / evening commute,True,False,True,True
1370150,Injury,Moderate Injury,2024,2024,November,Tuesday,08:00 - 09:59,BYRON,ST,0,Right on the spot,NUMBER 77,HN,INVERELL,137.0,No,Not a school zone,2-way undivided,-29.772666,151.112794,Inverell,Country urban,Rest of NSW - Urban,Straight,,,,Nil,Sealed,Dry,Fine,Daylight,Nil,No traffic controls,40 km/h,Regional,0,Ped nearside,1,Ped - Near side,,Vehicle - Pedestrian,4 wheel drive / SUV,Pedestrian,2,0,0,1,0,11,November,Spring,Tuesday,08:00 - 09:59,AM peak / school commute,True,False,True,True
1370157,Injury,Moderate Injury,2024,2024,October,Wednesday,04:00 - 05:59,THORNE,ST,30,West,CARY,ST,TORONTO,,No,Not a school zone,2-way undivided,-33.012114,151.59298,Lake Macquarie,Newcastle met. area,Syd-Newc-Woll Gtr conurbation,Straight,Steep grade,,,On,Sealed,Wet,Fine,Darkness,Nil,No traffic controls,50 km/h,Local,71,Off rd left => obj,703,Left off cway into object,,Vehicle - Object,Car (sedan/hatch),,1,0,0,1,0,10,October,Spring,Wednesday,04:00 - 05:59,Late night / early morning,False,False,True,True
1370158,Injury,Moderate Injury,2024,2024,August,Thursday,16:00 - 17:59,LUXFORD,RD,0,Right on the spot,ELLSWORTH,DR,LETHBRIDGE PARK,7161.0,No,Not a school zone,T-junction,-33.743098,150.798352,Blacktown,Sydney metro. area,Syd-Newc-Woll Gtr conurbation,Straight,,,,On,Sealed,Dry,Fine,Dusk,On,No traffic controls,60 km/h,Regional,11,Right far,102,Adj - Right-thru from left,,Right angle,4 wheel drive / SUV,Motorcycle,2,0,0,1,0,8,August,Winter,Thursday,16:00 - 17:59,PM peak / evening commute,True,False,True,True
1370163,Injury,Minor/Other Injury,2024,2024,November,Thursday,08:00 - 09:59,NEW CANTERBURY,RD,0,Right on the spot,AUDLEY,ST,PETERSHAM,167.0,No,Not a school zone,T-junction,-33.896228,151.154137,Inner West,Sydney metro. area,Syd-Newc-Woll Gtr conurbation,Straight,,,,On,Sealed,Wet,Other,Daylight,On,No traffic controls,60 km/h,State,31,Left rear,302,Same - Rear left,,Rear end,Car (sedan/hatch),Car (sedan/hatch),2,0,0,0,1,11,November,Spring,Thursday,08:00 - 09:59,AM peak / school commute,True,False,True,True
1370169,Injury,Serious Injury,2024,2024,November,Saturday,16:00 - 17:59,LUXFORD,RD,10,West,DANIELS,RD,BIDWILL,7161.0,Yes,No,Roundabout,-33.730845,150.830021,Blacktown,Sydney metro. area,Syd-Newc-Woll Gtr conurbation,Curved,Foot/cycle path/nature strip,,,Nil,Sealed,Dry,Fine,Daylight,Nil,Give way sign,60 km/h,Regional,83,Off rt/rt bnd=>obj,803,Off right bend into obj,Right,Vehicle - Object,Motorcycle,,1,0,1,0,0,11,November,Spring,Saturday,16:00 - 17:59,PM peak / evening commute,True,False,True,True
1370170,Injury,Moderate Injury,2024,2024,December,Saturday,12:00 - 13:59,VICTORIA,RD,0,Right on the spot,BLAXLAND,RD,RYDE,165.0,No,Not a school zone,T-junction,-33.816517,151.109438,Ryde,Sydney metro. area,Syd-Newc-Woll Gtr conurbation,Straight,,,,Off,Sealed,Dry,Fine,Daylight,On,No traffic controls,60 km/h,State,31,Left rear,302,Same - Rear left,,Rear end,Motorcycle,4 wheel drive / SUV,2,0,0,1,0,12,December,Summer,Saturday,12:00 - 13:59,Midday / afternoon,False,False,True,True
1370171,Injury,Moderate Injury,2024,2024,November,Wednesday,08:00 - 09:59,BUNNERONG,RD,0,Right on the spot,BEAUCHAMP,RD,MATRAVILLE,171.0,Yes,No,X-intersection,-33.955613,151.230321,Randwick,Sydney metro. area,Syd-Newc-Woll Gtr conurbation,Straight,,,,Off,Sealed,Dry,Fine,Daylight,On,No traffic controls,60 km/h,State,35,Lane change left,307,Same - Lane change left,,Other angle,Light truck utility(from 2018),Motor scooter,2,0,0,1,0,11,November,Spring,Wednesday,08:00 - 09:59,AM peak / school commute,True,False,True,True
1370178,Injury,Moderate Injury,2024,2024,November,Monday,12:00 - 13:59,BURWOOD,RD,0,Right on the spot,LEYLANDS,PDE,BELMORE,7047.0,No,Not a school zone,X-intersection,-33.919678,151.089616,Canterbury-Bankstown,Sydney metro. area,Syd-Newc-Woll Gtr conurbation,Straight,,,,Off,Sealed,Dry,Fine,Daylight,On,Ped crossing,40 km/h,Regional,0,Ped nearside,1,Ped - Near side,,Vehicle - Pedestrian,Light truck utility(from 2018),Pedestrian,2,0,0,1,0,11,November,Spring,Monday,12:00 - 13:59,Midday / afternoon,False,False,True,True
1370179,Injury,Serious Injury,2024,2024,November,Sunday,16:00 - 17:59,DUFFYS,RD,40,North,KINGS,AVE,TERRIGAL,,No,Not a school zone,2-way undivided,-33.441824,151.423629,Central Coast,Country urban,Syd-Newc-Woll Gtr conurbation,Straight,Foot/cycle path/nature strip,,,Off,Sealed,Dry,Fine,Daylight,Nil,No traffic controls,50 km/h,Local,6,Ped on footpath,8,Ped - On footway/median,,Vehicle - Pedestrian,Pedal cycle,Pedestrian,2,0,1,0,0,11,November,Spring,Sunday,16:00 - 17:59,PM peak / evening commute,True,False,True,True
1370180,Injury,Moderate Injury,2024,2024,November,Thursday,12:00 - 13:59,MITCHELL,HWY,50,North,SUMMER HILL,LANE,LUCKNOW,7.0,No,Not a school zone,2-way undivided,-33.333912,149.154252,Orange,Country non-urban,Rest of NSW - Rural,Straight,,,,Nil,Sealed,Wet,Raining,Daylight,Nil,No traffic controls,100 km/h,State,54,Cutting in,504,Ovtak - Cutting in,,Other angle,Car (sedan/hatch),Light truck utility(from 2018),3,0,0,1,0,11,November,Spring,Thursday,12:00 - 13:59,Midday / afternoon,False,False,True,True
1370188,Injury,Moderate Injury,2024,2024,December,Friday,12:00 - 13:59,KINGS,HWY,200,North,DELORAINE,LANE,BRAIDWOOD,51.0,No,Not a school zone,2-way undivided,-35.418714,149.790239,Queanbeyan-Palerang Regional,Country non-urban,Rest of NSW - Rural,Straight,,,,Nil,Sealed,Dry,Fine,Daylight,Nil,No traffic controls,100 km/h,State,30,Rear end,301,Same - Rear end,,Rear end,4 wheel drive / SUV,Car (sedan/hatch),2,0,0,1,0,12,December,Summer,Friday,12:00 - 13:59,Midday / afternoon,False,False,True,True