crash_id,degree_of_crash,degree_of_crash_-_detailed,reporting_year,year_of_crash,month_of_crash,day_of_week_of_crash,two-hour_intervals,street_of_crash,street_type,distance,direction,identifying_feature,identifying_feature_type,town,route_no.,school_zone_location,school_zone_active,type_of_location,latitude,longitude,lga,urbanisation,conurbation_1,alignment,primary_permanent_feature,primary_temporary_feature,primary_hazardous_feature,street_lighting,road_surface,surface_condition,weather,natural_lighting,signals_operation,other_traffic_control,speed_limit,road_classification_(admin),rum_-_code,rum_-_description,dca_-_code,dca_-_description,dca_supplement,first_impact_type,key_tu_type,other_tu_type,no._of_traffic_units_involved,no._killed,no._seriously_injured,no._moderately_injured,no._minor-other_injured,month_num,month_label,season,day_label,time_label,time_band,is_peak_commute,is_fatal,is_injury,is_casualty
1370191,Injury,Serious Injury,2024,2024,December,Sunday,14:00 - 15:59,GYMEA BAY,RD,20,South,SOUTH,ST,GYMEA,,No,Not a school zone,2-way undivided,-34.035764,151.084882,Sutherland,Sydney metro. area,Syd-Newc-Woll Gtr conurbation,Straight,,,,Off,Sealed,Dry,Fine,Daylight,Nil,No traffic controls,40 km/h,Local,2,Ped far side,3,Ped - Far side,,Vehicle - Pedestrian,Car (sedan/hatch),Pedestrian,2,0,1,0,0,12,December,Summer,Sunday,14:00 - 15:59,Midday / afternoon,False,False,True,True
1370195,Injury,Serious Injury,2024,2024,December,Saturday,14:00 - 15:59,WEST,PDE,0,Right on the spot,NUMBER 86,HN,RIVERSTONE,546.0,No,Not a school zone,2-way undivided,-33.687882,150.864792,Blacktown,Sydney metro. area,Syd-Newc-Woll Gtr conurbation,Straight,Driveway/entrance,,,Off,Sealed,Dry,Fine,Daylight,Nil,No traffic controls,50 km/h,State,47,Emerging from drive,406,Manov - Emerging from driveway,,Right angle,Motorcycle,Light truck utility(from 2018),2,0,1,0,0,12,December,Summer,Saturday,14:00 - 15:59,Midday / afternoon,False,False,True,True
1370197,Injury,Moderate Injury,2024,2024,November,Wednesday,14:00 - 15:59,NEWCASTLE,ST,0,Right on the spot,NILE,ST,MAYFIELD,,No,Not a school zone,T-junction,-32.901084,151.740347,Newcastle,Newcastle met. area,Syd-Newc-Woll Gtr conurbation,Curved,Spd hump/slow pt/chc,,,Off,Sealed,Dry,Overcast,Daylight,Nil,Give way sign,50 km/h,Local,88,Out of cont on bend,805,Out of control on bend,,Rollover,Motorcycle,,1,0,0,1,0,11,November,Spring,Wednesday,14:00 - 15:59,Midday / afternoon,False,False,True,True
1370206,Injury,Serious Injury,2024,2024,December,Monday,16:00 - 17:59,RIFLE RANGE,RD,0,Right on the spot,HOWARDS,RD,TUCKOMBIL,7734.0,No,Not a school zone,X-intersection,-28.819283,153.450484,Ballina,Country urban,Rest of NSW - Urban,Curved,,,,Nil,Sealed,Dry,Fine,Daylight,Nil,No traffic controls,80 km/h,Regional,84,Off right/left bend,802,Off cway left bend,Right,Rollover,Motorcycle,,1,0,1,0,0,12,December,Summer,Monday,16:00 - 17:59,PM peak / evening commute,True,False,True,True
1370207,Injury,Moderate Injury,2024,2024,November,Friday,10:00 - 11:59,OLYMPIC,HWY,150,South,RHODES,RD,YOUNG,78.0,No,Not a school zone,2-way undivided,-34.379313,148.259972,Hilltops,Country non-urban,Rest of NSW - Rural,Curved,,,,Nil,Sealed,Wet,Raining,Daylight,Nil,No traffic controls,100 km/h,State,87,Off lft/lft bnd=>obj,804,Off left bend into obj,Left,Vehicle - Object,4 wheel drive / SUV,,1,0,0,1,0,11,November,Spring,Friday,10:00 - 11:59,Midday / afternoon,False,False,True,True
1370210,Injury,Moderate Injury,2024,2024,December,Monday,18:00 - 19:59,SOUTH,TCE,300,North,PUNCHBOWL,RD,PUNCHBOWL,,No,Not a school zone,2-way undivided,-33.924164,151.051639,Canterbury-Bankstown,Sydney metro. area,Syd-Newc-Woll Gtr conurbation,Straight,,,,On,Sealed,Dry,Fine,Dusk,Nil,No traffic controls,60 km/h,Local,33,Lane sideswipe,305,Same - Lane side swipe,,Other angle,Other bus,Pedal cycle,2,0,0,1,0,12,December,Summer,Monday,18:00 - 19:59,PM peak / evening commute,True,False,True,True
1370213,Injury,Moderate Injury,2024,2024,November,Saturday,10:00 - 11:59,GREAT NORTH,RD,0,Right on the spot,TILLEY LANE,OT,LAGUNA,181.0,No,Not a school zone,2-way undivided,-33.016948,151.12934,Cessnock,Country urban,Rest of NSW - Urban,Straight,Driveway/entrance,,,Nil,Sealed,Dry,Fine,Daylight,Nil,No traffic controls,80 km/h,Regional,47,Emerging from drive,406,Manov - Emerging from driveway,,Right angle,Utility,Motorcycle,2,0,0,1,0,11,November,Spring,Saturday,10:00 - 11:59,Midday / afternoon,False,False,True,True
1370214,Injury,Moderate Injury,2024,2024,May,Tuesday,08:00 - 09:59,MULGOA,RD,0,Right on the spot,RANSLEY,ST,PENRITH,155.0,No,Not a school zone,X-intersection,-33.757055,150.686247,Penrith,Sydney metro. area,Syd-Newc-Woll Gtr conurbation,Straight,Foot/cycle path/nature strip,,,On,Sealed,Dry,Fine,Daylight,Unknown / not stated,Ped crossing,60 km/h,State,48,From footpath,408,Manov - From footway,,Other angle,Pedal cycle,Car (sedan/hatch),2,0,0,1,0,5,May,Autumn,Tuesday,08:00 - 09:59,AM peak / school commute,True,False,True,True
1370222,Injury,Moderate Injury,2024,2024,October,Thursday,20:00 - 21:59,CANTERBURY,RD,0,Right on the spot,BONDS,RD,PUNCHBOWL,167.0,No,Not a school zone,T-junction,-33.931694,151.060095,Canterbury-Bankstown,Sydney metro. area,Syd-Newc-Woll Gtr conurbation,Straight,,,,On,Sealed,Dry,Fine,Darkness,On,No traffic controls,60 km/h,State,21,Right through,202,Opp - Right-thru,,Other angle,Car (sedan/hatch),Car (sedan/hatch),2,0,0,1,0,10,October,Spring,Thursday,20:00 - 21:59,Evening / night,False,False,True,True
1370223,Injury,Serious Injury,2024,2024,October,Sunday,14:00 - 15:59,LISMORE,RD,400,North,FRIDAY HUT,RD,BINNA BURRA,65.0,No,Not a school zone,2-way undivided,-28.703313,153.499884,Byron,Country urban,Rest of NSW - Urban,Curved,,,,Nil,Sealed,Dry,Fine,Daylight,Nil,No traffic controls,80 km/h,State,20,Head on,201,Opp - Head on,,Head-on,Car (sedan/hatch),Light truck utility(from 2018),2,0,1,0,1,10,October,Spring,Sunday,14:00 - 15:59,Midday / afternoon,False,False,True,True
1370224,Injury,Moderate Injury,2024,2024,December,Tuesday,14:00 - 15:59,BOWDEN,ST,0,Right on the spot,CONSTITUTION,RD,MEADOWBANK,,No,Not a school zone,Roundabout,-33.816728,151.092958,Ryde,Sydney metro. area,Syd-Newc-Woll Gtr conurbation,Curved,Steep grade,,,Off,Sealed,Dry,Fine,Daylight,Nil,Give way sign,50 km/h,Local,88,Out of cont on bend,707,Right turn,,Rollover,Motorcycle,,1,0,0,1,0,12,December,Summer,Tuesday,14:00 - 15:59,Midday / afternoon,False,False,True,True
1370227,Injury,Minor/Other Injury,2024,2024,December,Friday,00:01 - 01:59,BRALGON,ST,0,Right on the spot,WANTIGONG,ST,NORTH ALBURY,,No,Not a school zone,Roundabout,-36.057131,146.937144,Albury,Country urban,Rest of NSW - Urban,Straight,,,,On,Sealed,Dry,Fine,Darkness,Nil,Give way sign,50 km/h,Local,71,Off rd left => obj,703,Left off cway into object,,Vehicle - Object,Station wagon,,1,0,0,0,1,12,December,Summer,Friday,00:01 - 01:59,Late night / early morning,False,False,True,True
1370229,Injury,Moderate Injury,2024,2024,December,Sunday,08:00 - 09:59,OLD NORTHERN,RD,0,Right on the spot,GILBERT,RD,CASTLE HILL,160.0,No,Not a school zone,T-junction,-33.714659,151.016143,The Hills,Sydney metro. area,Syd-Newc-Woll Gtr conurbation,Curved,,,,Off,Sealed,Dry,Fine,Daylight,On,No traffic controls,60 km/h,State,21,Right through,202,Opp - Right-thru,,Other angle,Car (sedan/hatch),Car (sedan/hatch),2,0,0,2,0,12,December,Summer,Sunday,08:00 - 09:59,AM peak / school commute,True,False,True,True
1370230,Injury,Moderate Injury,2024,2024,September,Saturday,16:00 - 17:59,AKUNA,AVE,50,East,KOORABAR,RD,BANGOR,,No,Not a school zone,2-way undivided,-34.022801,151.040501,Sutherland,Sydney metro. area,Syd-Newc-Woll Gtr conurbation,Straight,,,,On,Sealed,Dry,Fine,Darkness,Nil,No traffic controls,50 km/h,Local,71,Off rd left => obj,703,Left off cway into object,,Other angle,4 wheel drive / SUV,Caravan,2,0,0,1,0,9,September,Spring,Saturday,16:00 - 17:59,PM peak / evening commute,True,False,True,True
1370232,Injury,Serious Injury,2024,2024,December,Wednesday,16:00 - 17:59,RICKARD,RD,0,Right on the spot,KITCHENER,PDE,BANKSTOWN,7122.0,No,Not a school zone,T-junction,-33.914354,151.033145,Canterbury-Bankstown,Sydney metro. area,Syd-Newc-Woll Gtr conurbation,Straight,,,,Off,Sealed,Dry,Fine,Daylight,On,No traffic controls,60 km/h,Regional,21,Right through,202,Opp - Right-thru,,Other angle,Car (sedan/hatch),Car (sedan/hatch),2,0,2,0,1,12,December,Summer,Wednesday,16:00 - 17:59,PM peak / evening commute,True,False,True,True
1370233,Injury,Minor/Other Injury,2024,2024,December,Wednesday,10:00 - 11:59,ORARA,CT,10,West,CEMETERY,RD,BYRON BAY,,No,Not a school zone,T-junction,-28.663048,153.609303,Byron,Country urban,Rest of NSW - Urban,Curved,Steep grade,,,Off,Sealed,Dry,Fine,Daylight,Nil,No traffic controls,50 km/h,Local,81,Off left/rt bnd=>obj,706,Left turn,Left,Vehicle - Object,Pedal cycle,,1,0,0,0,1,12,December,Summer,Wednesday,10:00 - 11:59,Midday / afternoon,False,False,True,True
1370234,Injury,Minor/Other Injury,2024,2024,September,Monday,10:00 - 11:59,BRIDGE,ST,0,Right on the spot,NUMBER 26,HN,EPPING,,No,Not a school zone,2-way undivided,-33.774423,151.08039,Parramatta,Sydney metro. area,Syd-Newc-Woll Gtr conurbation,Straight,,,,Off,Sealed,Dry,Fine,Daylight,Nil,No traffic controls,50 km/h,Local,0,Ped nearside,1,Ped - Near side,,Vehicle - Pedestrian,Car (sedan/hatch),Pedestrian,2,0,0,0,1,9,September,Spring,Monday,10:00 - 11:59,Midday / afternoon,False,False,True,True
1370237,Injury,Moderate Injury,2024,2024,December,Saturday,14:00 - 15:59,LANTANA,RD,0,Right on the spot,NUMBER 68,HN,ENGADINE,,No,Not a school zone,2-way undivided,-34.054232,151.015423,Sutherland,Sydney metro. area,Syd-Newc-Woll Gtr conurbation,Straight,,,,Nil,Sealed,Wet,Fine,Daylight,Nil,No traffic controls,50 km/h,Local,71,Off rd left => obj,703,Left off cway into object,,Other angle,4 wheel drive / SUV,Passenger van,2,0,0,1,0,12,December,Summer,Saturday,14:00 - 15:59,Midday / afternoon,False,False,True,True
1370238,Injury,Serious Injury,2024,2024,October,Friday,16:00 - 17:59,MAITLAND VALE,RD,300,East,LUSKINTYRE,RD,LAMBS VALLEY,,No,Not a school zone,2-way undivided,-32.616164,151.441906,Maitland,Country urban,Rest of NSW - Urban,Curved,Steep grade,,,Nil,Sealed,Dry,Fine,Daylight,Nil,No traffic controls,80 km/h,Local,85,Off rt/lft bnd=>obj,804,Off left bend into obj,Right,Vehicle - Object,Motorcycle,,1,0,1,0,0,10,October,Spring,Friday,16:00 - 17:59,PM peak / evening commute,True,False,True,True
1370242,Injury,Moderate Injury,2024,2024,October,Tuesday,14:00 - 15:59,NYMAGEE,RD,40000,South,BARRIER,HWY,BABINDA,228.0,No,Not a school zone,2-way undivided,-31.862968,146.521561,Bogan,Country non-urban,Rest of NSW - Rural,Straight,Crest,,,Nil,Sealed,Dry,Fine,Daylight,Nil,No traffic controls,100 km/h,Regional,72,Off road to right,702,Off carriageway to right,,Rollover,Light truck utility(from 2018),,1,0,0,1,0,10,October,Spring,Tuesday,14:00 - 15:59,Midday / afternoon,False,False,True,True
1370245,Injury,Serious Injury,2024,2024,August,Friday,20:00 - 21:59,CENTRAL COAST,HWY,0,Right on the spot,BONNAL,RD,ERINA,30.0,No,Not a school zone,T-junction,-33.436041,151.384973,Central Coast,Country urban,Syd-Newc-Woll Gtr conurbation,Straight,,,,On,Sealed,Dry,Fine,Darkness,On,No traffic controls,60 km/h,State,21,Right through,202,Opp - Right-thru,,Other angle,Station wagon,Motorcycle,3,0,1,0,0,8,August,Winter,Friday,20:00 - 21:59,Evening / night,False,False,True,True
1370249,Injury,Moderate Injury,2024,2024,November,Monday,22:00 - Midnight,GREAT WESTERN,HWY,10,West,GLOSSOP,ST,ST MARYS,5.0,No,Not a school zone,T-junction,-33.771373,150.779248,Penrith,Sydney metro. area,Syd-Newc-Woll Gtr conurbation,Straight,,,,On,Sealed,Dry,Fine,Darkness,On,No traffic controls,60 km/h,State,30,Rear end,301,Same - Rear end,,Rear end,Car (sedan/hatch),4 wheel drive / SUV,3,0,0,1,0,11,November,Spring,Monday,22:00 - Midnight,Evening / night,False,False,True,True
1370251,Injury,Serious Injury,2024,2024,October,Sunday,06:00 - 07:59,NEW ENGLAND,HWY,20,East,MITCHELL DRIVE,TO,EAST MAITLAND,9.0,No,Not a school zone,Divided road,-32.76004,151.593761,Maitland,Country urban,Rest of NSW - Urban,Straight,,,"Loose gravel, sealed",Off,Sealed,Dry,Fine,Daylight,Nil,No traffic controls,60 km/h,State,74,On road-out of cont.,705,Out of control on cway,,Rollover,Motorcycle,,1,0,1,0,0,10,October,Spring,Sunday,06:00 - 07:59,AM peak / school commute,True,False,True,True
1370253,Injury,Serious Injury,2024,2024,September,Friday,18:00 - 19:59,HENRY LAWSON,DR,100,South,MACLAURIN,AVE,EAST HILLS,508.0,No,Not a school zone,2-way undivided,-33.962413,150.981677,Canterbury-Bankstown,Sydney metro. area,Syd-Newc-Woll Gtr conurbation,Curved,Painted double centre lines,,,On,Sealed,Dry,Fine,Darkness,Nil,No traffic controls,60 km/h,State,20,Head on,201,Opp - Head on,,Head-on,4 wheel drive / SUV,4 wheel drive / SUV,2,0,1,0,0,9,September,Spring,Friday,18:00 - 19:59,PM peak / evening commute,True,False,True,True
1370254,Injury,Moderate Injury,2024,2024,December,Wednesday,16:00 - 17:59,SOUTHERN,EXP,500,South,FIVE ISLANDS ROAD,OP,UNANDERRA,6006.0,No,Not a school zone,Dual freeway,-34.458649,150.855023,Wollongong,Wollongong met. area,Syd-Newc-Woll Gtr conurbation,Straight,,,,Off,Sealed,Dry,Fine,Daylight,Nil,No traffic controls,100 km/h,State,30,Rear end,301,Same - Rear end,,Rear end,Light truck,Light truck utility(from 2018),4,0,0,1,0,12,December,Summer,Wednesday,16:00 - 17:59,PM peak / evening commute,True,False,True,True
1370255,Injury,Serious Injury,2024,2024,December,Wednesday,06:00 - 07:59,BEECH,RD,50,North,BARCELONA,DR,PRESTONS,7264.0,No,Not a school zone,2-way undivided,-33.947661,150.881684,Liverpool,Sydney metro. area,Syd-Newc-Woll Gtr conurbation,Straight,Painted double centre lines,,,Off,Sealed,Wet,Raining,Daylight,Nil,No traffic controls,60 km/h,Regional,30,Rear end,301,Same - Rear end,,Rear end,Car (sedan/hatch),4 wheel drive / SUV,4,0,1,0,0,12,December,Summer,Wednesday,06:00 - 07:59,AM peak / school commute,True,False,True,True
1370262,Injury,Moderate Injury,2024,2024,August,Monday,10:00 - 11:59,BRAYTON,RD,3000,South,BULLS PIT,RD,BRAYTON,,No,Not a school zone,2-way undivided,-34.668589,149.980381,Goulburn Mulwaree,Country urban,Rest of NSW - Urban,Curved,Painted double centre lines,,,Off,Sealed,Dry,Fine,Daylight,Nil,No traffic controls,80 km/h,Local,83,Off rt/rt bnd=>obj,803,Off right bend into obj,Right,Vehicle - Object,Utility,,1,0,0,1,0,8,August,Winter,Monday,10:00 - 11:59,Midday / afternoon,False,False,True,True
1370263,Injury,Serious Injury,2024,2024,November,Saturday,16:00 - 17:59,PACIFIC,HWY,230,North,YAMBA ROAD,TO,MACLEAN,10.0,No,Not a school zone,Divided road,-29.43876,153.240266,Clarence Valley,Country non-urban,Rest of NSW - Rural,Curved,Other bridge,,,Off,Sealed,Wet,Raining,Daylight,Nil,No traffic controls,110 km/h,State,88,Out of cont on bend,805,Out of control on bend,,Rollover,4 wheel drive / SUV,,1,0,1,0,0,11,November,Spring,Saturday,16:00 - 17:59,PM peak / evening commute,True,False,True,True
1370264,Injury,Moderate Injury,2024,2024,November,Monday,12:00 - 13:59,PACIFIC,HWY,0,Right on the spot,HENRY PARRY,DR,WYOMING,10.0,No,Not a school zone,Roundabout,-33.409025,151.350341,Central Coast,Country urban,Syd-Newc-Woll Gtr conurbation,Curved,,,,Nil,Sealed,Dry,Fine,Daylight,Nil,Give way sign,60 km/h,State,32,Right rear,303,Same - Rear right,,Rear end,4 wheel drive / SUV,Car (sedan/hatch),2,0,0,1,0,11,November,Spring,Monday,12:00 - 13:59,Midday / afternoon,False,False,True,True
1370267,Injury,Moderate Injury,2024,2024,December,Saturday,10:00 - 11:59,BLOW CLEAR,RD,0,Right on the spot,GIRRAL,RD,GIRRAL,,No,Not a school zone,X-intersection,-33.71208,147.24246,Bland,Country non-urban,Rest of NSW - Rural,Straight,,,,Nil,Sealed,Dry,Fine,Daylight,Nil,Give way sign,100 km/h,Local,13,Right near,104,Adj - Right-thru from right,,Right angle,4 wheel drive / SUV,Large rigid,2,0,0,2,0,12,December,Summer,Saturday,10:00 - 11:59,Midday / afternoon,False,False,True,True
1370272,Injury,Moderate Injury,2024,2024,December,Tuesday,12:00 - 13:59,BUCHANAN,ST,0,Right on the spot,NUMBER 12,HN,BALLINA,,No,Not a school zone,2-way undivided,-28.86123,153.554977,Ballina,Country urban,Rest of NSW - Urban,Straight,,,,Off,Sealed,Dry,Fine,Daylight,Nil,No traffic controls,50 km/h,Local,71,Off rd left => obj,703,Left off cway into object,,Other angle,Car (sedan/hatch),Car (sedan/hatch),2,0,0,1,0,12,December,Summer,Tuesday,12:00 - 13:59,Midday / afternoon,False,False,True,True
1370274,Injury,Minor/Other Injury,2024,2024,November,Friday,20:00 - 21:59,RAWSON,ST,0,Right on the spot,ST HILLIERS,RD,AUBURN,190.0,No,Not a school zone,X-intersection,-33.85134,151.037067,Cumberland,Sydney metro. area,Syd-Newc-Woll Gtr conurbation,Straight,,,,On,Sealed,Dry,Fine,Darkness,On,No traffic controls,70 km/h,State,36,Right turn sideswipe,308,Same - Rgt turn side swipe,,Other angle,Car (sedan/hatch),Car (sedan/hatch),2,0,0,0,2,11,November,Spring,Friday,20:00 - 21:59,Evening / night,False,False,True,True
1370275,Injury,Serious Injury,2024,2024,October,Friday,04:00 - 05:59,LUCRETIA,RD,100,West,MACKENZIE,BVD,SEVEN HILLS,,No,Not a school zone,2-way undivided,-33.788198,150.930458,Blacktown,Sydney metro. area,Syd-Newc-Woll Gtr conurbation,Curved,,,,On,Sealed,Wet,Raining,Darkness,Nil,No traffic controls,50 km/h,Local,88,Out of cont on bend,805,Out of control on bend,,Rollover,Motorcycle,,1,0,1,0,0,10,October,Spring,Friday,04:00 - 05:59,Late night / early morning,False,False,True,True
1370276,Injury,Serious Injury,2024,2024,October,Friday,08:00 - 09:59,PACIFIC,HWY,650,North,LIMEBURNERS CREEK ROAD,OP,KARUAH,10.0,No,Not a school zone,Divided road,-32.635949,151.935192,Port Stephens,Country non-urban,Rest of NSW - Rural,Straight,,,,Nil,Sealed,Dry,Fine,Daylight,Nil,No traffic controls,110 km/h,State,71,Off rd left => obj,703,Left off cway into object,,Vehicle - Object,Light truck,,1,0,1,0,0,10,October,Spring,Friday,08:00 - 09:59,AM peak / school commute,True,False,True,True
1370283,Injury,Serious Injury,2024,2024,October,Monday,12:00 - 13:59,CHIFLEY,ST,50,East,SHAMROCK,ST,SMITHFIELD,,No,Not a school zone,2-way undivided,-33.847833,150.930026,Fairfield,Sydney metro. area,Syd-Newc-Woll Gtr conurbation,Straight,,,,Nil,Sealed,Dry,Fine,Daylight,Nil,No traffic controls,60 km/h,Local,51,Out of control otake,502,Ovtak - Out of control,,Rollover,Car (sedan/hatch),,1,0,1,0,0,10,October,Spring,Monday,12:00 - 13:59,Midday / afternoon,False,False,True,True
1370285,Injury,Moderate Injury,2024,2024,November,Tuesday,12:00 - 13:59,AVOCA,RD,10,South,HUMPHRIES,RD,WAKELEY,7231.0,No,Not a school zone,Roundabout,-33.875096,150.916533,Fairfield,Sydney metro. area,Syd-Newc-Woll Gtr conurbation,Straight,,,,Nil,Sealed,Dry,Fine,Daylight,Nil,Give way sign,50 km/h,Regional,42,Leaving parking,401,Manov - Leaving parking,,Other angle,Light truck,Car (sedan/hatch),3,0,0,1,0,11,November,Spring,Tuesday,12:00 - 13:59,Midday / afternoon,False,False,True,True
1370289,Injury,Moderate Injury,2024,2024,November,Wednesday,02:00 - 03:59,HANBURY,ST,0,Right on the spot,MAITLAND,RD,MAYFIELD,326.0,No,Not a school zone,X-intersection,-32.897362,151.736511,Newcastle,Newcastle met. area,Syd-Newc-Woll Gtr conurbation,Straight,,,,On,Sealed,Wet,Raining,Darkness,On,No traffic controls,50 km/h,State,81,Off left/rt bnd=>obj,707,Right turn,Left,Vehicle - Object,Car (sedan/hatch),,1,0,0,1,1,11,November,Spring,Wednesday,02:00 - 03:59,Late night / early morning,False,False,True,True
1370292,Injury,Serious Injury,2024,2024,December,Wednesday,06:00 - 07:59,SPARKS,RD,0,Right on the spot,HIAWATHA,RD,HAMLYN TERRACE,509.0,No,Not a school zone,T-junction,-33.24422,151.472148,Central Coast,Country urban,Syd-Newc-Woll Gtr conurbation,Straight,,,,Off,Sealed,Wet,Raining,Daylight,Nil,Give way sign,70 km/h,State,13,Right near,104,Adj - Right-thru from right,,Right angle,Light truck utility(from 2018),Car (sedan/hatch),2,0,1,0,0,12,December,Summer,Wednesday,06:00 - 07:59,AM peak / school commute,True,False,True,True
1370302,Injury,Serious Injury,2024,2024,September,Thursday,16:00 - 17:59,THUNDERBOLTS,WAY,300,West,CACHS CREEK,BDGE,YARROWYCK,73.0,No,Not a school zone,2-way undivided,-30.403612,151.313036,Uralla,Country non-urban,Rest of NSW - Rural,Straight,,,,Nil,Sealed,Dry,Fine,Daylight,Nil,No traffic controls,100 km/h,Regional,70,Off road to left,701,Off carriageway to left,,Rollover,Motorcycle,,1,0,1,0,0,9,September,Spring,Thursday,16:00 - 17:59,PM peak / evening commute,True,False,True,True
1370303,Injury,Moderate Injury,2024,2024,November,Saturday,16:00 - 17:59,POPONDETTA,RD,0,Right on the spot,NUMBER 87,HN,EMERTON,,No,Not a school zone,2-way undivided,-33.74755,150.809912,Blacktown,Sydney metro. area,Syd-Newc-Woll Gtr conurbation,Curved,,,,Off,Sealed,Dry,Fine,Daylight,Nil,No traffic controls,50 km/h,Local,87,Off lft/lft bnd=>obj,804,Off left bend into obj,Left,Other angle,4 wheel drive / SUV,4 wheel drive / SUV,3,0,0,2,0,11,November,Spring,Saturday,16:00 - 17:59,PM peak / evening commute,True,False,True,True
1370306,Injury,Moderate Injury,2024,2024,December,Wednesday,20:00 - 21:59,EDENSOR,ST,0,Right on the spot,RAY,RD,EPPING,,No,Not a school zone,T-junction,-33.768815,151.079554,Parramatta,Sydney metro. area,Syd-Newc-Woll Gtr conurbation,Straight,,,,On,Sealed,Dry,Fine,Darkness,Nil,No traffic controls,50 km/h,Local,71,Off rd left => obj,703,Left off cway into object,,Vehicle - Object,Car (sedan/hatch),,1,0,0,1,0,12,December,Summer,Wednesday,20:00 - 21:59,Evening / night,False,False,True,True
1370311,Injury,Serious Injury,2024,2024,September,Sunday,06:00 - 07:59,OLD PRINCES,HWY,800,North,LAWRENCE HARGRAVE,DR,HELENSBURGH,678.0,No,Not a school zone,2-way undivided,-34.196445,150.970621,Wollongong,Wollongong met. area,Syd-Newc-Woll Gtr conurbation,Straight,Steep grade,,"Loose gravel, sealed",Off,Sealed,Dry,Fine,Dawn,Nil,No traffic controls,70 km/h,Regional,74,On road-out of cont.,705,Out of control on cway,,Rollover,Motorcycle,,2,0,1,1,0,9,September,Spring,Sunday,06:00 - 07:59,AM peak / school commute,True,False,True,True
1370313,Injury,Serious Injury,2024,2024,November,Saturday,10:00 - 11:59,LOCKHART THE ROCK,RD,0,Right on the spot,OLD FRENCH PARK BULLENBUNG,RD,FRENCH PARK,,No,Not a school zone,T-junction,-35.26713,146.926307,Lockhart,Country non-urban,Rest of NSW - Rural,Straight,,,,Nil,Sealed,Dry,Fine,Daylight,Nil,No traffic controls,100 km/h,Local,67,Struck animal,609,On path - Hit animal,,Vehicle - Animal,Motorcycle,,1,0,1,0,0,11,November,Spring,Saturday,10:00 - 11:59,Midday / afternoon,False,False,True,True
1370315,Injury,Serious Injury,2024,2024,October,Sunday,16:00 - 17:59,ROCKY RIVER,RD,400,South,LONG GULLY,RD,ROCKY RIVER,,No,Not a school zone,2-way undivided,-29.046691,152.361689,Tenterfield,Country non-urban,Rest of NSW - Rural,Curved,,,Potholes/corrugations/rough,Nil,Unsealed,Dry,Fine,Daylight,Nil,No traffic controls,100 km/h,Local,88,Out of cont on bend,805,Out of control on bend,,Rollover,Motorcycle,,1,0,1,0,0,10,October,Spring,Sunday,16:00 - 17:59,PM peak / evening commute,True,False,True,True
1370317,Injury,Moderate Injury,2024,2024,November,Saturday,16:00 - 17:59,MONA VALE,RD,40,North,KITCHENER,ST,ST IVES,162.0,No,Not a school zone,Divided road,-33.712883,151.174717,Ku-ring-gai,Sydney metro. area,Syd-Newc-Woll Gtr conurbation,Straight,,,,Off,Sealed,Wet,Raining,Daylight,Nil,No traffic controls,60 km/h,State,30,Rear end,301,Same - Rear end,,Rear end,Light truck utility(from 2018),Car (sedan/hatch),2,0,0,1,0,11,November,Spring,Saturday,16:00 - 17:59,PM peak / evening commute,True,False,True,True
1370326,Injury,Moderate Injury,2024,2024,August,Tuesday,16:00 - 17:59,REDLANDS,RD,60,West,WHITEHEAD,ST,COROWA,,No,Not a school zone,2-way undivided,-35.992142,146.386568,Federation,Country urban,Rest of NSW - Urban,Straight,Driveway/entrance,,,Off,Sealed,Dry,Fine,Dusk,Nil,No traffic controls,60 km/h,Local,21,Right through,202,Opp - Right-thru,,Other angle,4 wheel drive / SUV,Motorcycle,2,0,0,1,1,8,August,Winter,Tuesday,16:00 - 17:59,PM peak / evening commute,True,False,True,True
1370328,Injury,Moderate Injury,2024,2024,August,Sunday,16:00 - 17:59,BAYONET,ST,0,Right on the spot,RIFLE,PDE,LITHGOW,,No,Not a school zone,T-junction,-33.489848,150.138353,Lithgow,Country urban,Rest of NSW - Urban,Straight,,,,Nil,Sealed,Dry,Fine,Daylight,Nil,No traffic controls,50 km/h,Local,37,Left turn sideswipe,309,Same - Left turn side swipe,,Other angle,Unknown motor vehicle,Pedal cycle,2,0,0,1,0,8,August,Winter,Sunday,16:00 - 17:59,PM peak / evening commute,True,False,True,True
1370331,Injury,Moderate Injury,2024,2024,November,Friday,08:00 - 09:59,THUNDERBOLTS,WAY,1000,West,JENKYN,LANE,ROCKY RIVER,73.0,No,Not a school zone,2-way undivided,-30.597305,151.469242,Uralla,Country non-urban,Rest of NSW - Rural,Straight,Steep grade,,,Nil,Sealed,Dry,Fine,Daylight,Nil,No traffic controls,100 km/h,Regional,20,Head on,201,Opp - Head on,,Head-on,Car (sedan/hatch),4 wheel drive / SUV,2,0,0,1,0,11,November,Spring,Friday,08:00 - 09:59,AM peak / school commute,True,False,True,True