crash_id,degree_of_crash,degree_of_crash_-_detailed,reporting_year,year_of_crash,month_of_crash,day_of_week_of_crash,two-hour_intervals,street_of_crash,street_type,distance,direction,identifying_feature,identifying_feature_type,town,route_no.,school_zone_location,school_zone_active,type_of_location,latitude,longitude,lga,urbanisation,conurbation_1,alignment,primary_permanent_feature,primary_temporary_feature,primary_hazardous_feature,street_lighting,road_surface,surface_condition,weather,natural_lighting,signals_operation,other_traffic_control,speed_limit,road_classification_(admin),rum_-_code,rum_-_description,dca_-_code,dca_-_description,dca_supplement,first_impact_type,key_tu_type,other_tu_type,no._of_traffic_units_involved,no._killed,no._seriously_injured,no._moderately_injured,no._minor-other_injured,month_num,month_label,season,day_label,time_label,time_band,is_peak_commute,is_fatal,is_injury,is_casualty
1370332,Injury,Moderate Injury,2024,2024,December,Tuesday,22:00 - Midnight,BACK LIMBRI,RD,100,East,TANGLEWOOD,RD,KOOTINGAL,,No,Not a school zone,2-way undivided,-31.037818,151.085676,Tamworth Regional,Country non-urban,Rest of NSW - Rural,Straight,,,,Nil,Sealed,Dry,Fine,Darkness,Nil,No traffic controls,100 km/h,Local,73,Off rd rght => obj,704,Right off cway into obj,,Vehicle - Object,Car (sedan/hatch),,1,0,0,2,0,12,December,Summer,Tuesday,22:00 - Midnight,Evening / night,False,False,True,True
1370335,Injury,Moderate Injury,2024,2024,November,Tuesday,04:00 - 05:59,LOFTUS,ST,0,Right on the spot,NUMBER 10,HN,TURRELLA,,Yes,No,2-way undivided,-33.932985,151.144639,Bayside,Sydney metro. area,Syd-Newc-Woll Gtr conurbation,Straight,,,,Nil,Sealed,Dry,Fine,Dawn,Nil,No traffic controls,50 km/h,Local,40,U turn,304,Same - U-turn,,Other angle,Car (sedan/hatch),Pedal cycle,2,0,0,1,0,11,November,Spring,Tuesday,04:00 - 05:59,Late night / early morning,False,False,True,True
1370336,Injury,Serious Injury,2024,2024,October,Thursday,06:00 - 07:59,BUCKETTS,WAY,400,South,ALDERLEY,LANE,BOORAL,90.0,No,Not a school zone,2-way undivided,-32.447574,151.969267,Mid-Coast,Country non-urban,Rest of NSW - Rural,Curved,Steep grade,,,Nil,Sealed,Wet,Overcast,Dawn,Nil,No traffic controls,90 km/h,Regional,81,Off left/rt bnd=>obj,803,Off right bend into obj,Left,Vehicle - Object,Light truck utility(from 2018),,1,0,1,0,0,10,October,Spring,Thursday,06:00 - 07:59,AM peak / school commute,True,False,True,True
1370341,Injury,Minor/Other Injury,2024,2024,October,Tuesday,08:00 - 09:59,BERNERA,RD,0,Right on the spot,YARRUNGA,ST,PRESTONS,7262.0,No,Not a school zone,X-intersection,-33.938474,150.868113,Liverpool,Sydney metro. area,Syd-Newc-Woll Gtr conurbation,Straight,,,,Nil,Sealed,Dry,Fine,Daylight,On,No traffic controls,60 km/h,Regional,29,Other opposing,200,Opp - other,,Other angle,Semi-trailer,4 wheel drive / SUV,2,0,0,0,1,10,October,Spring,Tuesday,08:00 - 09:59,AM peak / school commute,True,False,True,True
1370342,Injury,Minor/Other Injury,2024,2024,November,Friday,10:00 - 11:59,WALLA WALLA,RD,1100,West,OLYMPIC,HWY,GEROGERY,,No,Not a school zone,2-way undivided,-35.832531,146.982613,Greater Hume,Country urban,Rest of NSW - Urban,Straight,Ditch/drain/culvert,,,Nil,Sealed,Dry,Fine,Daylight,Nil,No traffic controls,80 km/h,Local,71,Off rd left => obj,703,Left off cway into object,,Vehicle - Object,Car (sedan/hatch),,1,0,0,0,1,11,November,Spring,Friday,10:00 - 11:59,Midday / afternoon,False,False,True,True
1370346,Injury,Serious Injury,2024,2024,November,Thursday,18:00 - 19:59,ILLAROO,RD,0,Right on the spot,MOONDARA,DR,BANGALEE,,No,Not a school zone,T-junction,-34.843727,150.569041,Shoalhaven,Country urban,Rest of NSW - Urban,Straight,,,,Off,Sealed,Dry,Overcast,Daylight,Nil,Stop sign,60 km/h,Local,13,Right near,104,Adj - Right-thru from right,,Right angle,Light truck utility(from 2018),Motorcycle,2,0,1,0,0,11,November,Spring,Thursday,18:00 - 19:59,PM peak / evening commute,True,False,True,True
1370349,Injury,Moderate Injury,2024,2024,November,Sunday,20:00 - 21:59,OVERHEAD BRIDGE,RD,480,West,SCRUBBY RIDGE,RD,BUNDAGEN,,No,Not a school zone,2-way undivided,-30.424945,153.03744,Coffs Harbour,Country urban,Rest of NSW - Urban,Curved,Embankment/cutting,,,Nil,Unsealed,Dry,Fine,Darkness,Nil,No traffic controls,80 km/h,Local,81,Off left/rt bnd=>obj,803,Off right bend into obj,Left,Vehicle - Object,Car (sedan/hatch),,1,0,0,2,0,11,November,Spring,Sunday,20:00 - 21:59,Evening / night,False,False,True,True
1370351,Injury,Serious Injury,2024,2024,September,Thursday,10:00 - 11:59,RAYMOND,ST,55,East,RESTWELL,ST,BANKSTOWN,,No,Not a school zone,1-way street,-33.919627,151.035502,Canterbury-Bankstown,Sydney metro. area,Syd-Newc-Woll Gtr conurbation,Straight,,,,Nil,Sealed,Dry,Fine,Daylight,Nil,No traffic controls,40 km/h,Local,73,Off rd rght => obj,704,Right off cway into obj,,Vehicle - Object,Car (sedan/hatch),,2,0,2,0,0,9,September,Spring,Thursday,10:00 - 11:59,Midday / afternoon,False,False,True,True
1370356,Injury,Serious Injury,2024,2024,December,Sunday,20:00 - 21:59,BARRIER,HWY,39000,West,PHILLIPS,ST,BROKEN HILL,8.0,No,Not a school zone,2-way undivided,-32.05012,141.119705,Unincorporated,Country non-urban,Rest of NSW - Rural,Curved,Steep grade,,,Nil,Sealed,Dry,Fine,Dusk,Nil,No traffic controls,110 km/h,State,80,Off left/right bend,801,Off cway right bend,Left,Rollover,Motorcycle,,1,0,1,0,0,12,December,Summer,Sunday,20:00 - 21:59,Evening / night,False,False,True,True
1370358,Injury,Moderate Injury,2024,2024,November,Sunday,16:00 - 17:59,PACIFIC,HWY,475,North,EUNGAI CREEK,RD,EUNGAI CREEK,10.0,No,Not a school zone,Divided road,-30.814931,152.873912,Nambucca Valley,Country non-urban,Rest of NSW - Rural,Straight,Other bridge,,,Nil,Sealed,Dry,Fine,Daylight,Nil,No traffic controls,100 km/h,State,73,Off rd rght => obj,704,Right off cway into obj,,Vehicle - Object,Passenger van,,1,0,0,1,0,11,November,Spring,Sunday,16:00 - 17:59,PM peak / evening commute,True,False,True,True
1370359,Injury,Moderate Injury,2024,2024,November,Tuesday,18:00 - 19:59,ARGYLE,ST,0,Right on the spot,HILL,ST,PICTON,620.0,No,Not a school zone,X-intersection,-34.187745,150.60559,Wollondilly,Country urban,Syd-Newc-Woll Gtr conurbation,Straight,,,,Nil,Sealed,Dry,Fine,Dusk,Nil,No traffic controls,60 km/h,Regional,33,Lane sideswipe,305,Same - Lane side swipe,,Other angle,Car (sedan/hatch),Motor scooter,2,0,0,1,0,11,November,Spring,Tuesday,18:00 - 19:59,PM peak / evening commute,True,False,True,True
1370361,Injury,Minor/Other Injury,2024,2024,October,Friday,10:00 - 11:59,DARLING,ST,20,East,RED LION,ST,ROZELLE,652.0,No,Not a school zone,2-way undivided,-33.864716,151.168738,Inner West,Sydney metro. area,Syd-Newc-Woll Gtr conurbation,Straight,,,,Nil,Sealed,Dry,Fine,Daylight,Nil,No traffic controls,50 km/h,State,63,Vehicle door,604,On path - Vehicle door,,Other angle,Pedal cycle,Light truck,2,0,0,0,1,10,October,Spring,Friday,10:00 - 11:59,Midday / afternoon,False,False,True,True
1370363,Injury,Moderate Injury,2024,2024,November,Friday,12:00 - 13:59,HASTINGS RIVER,DR,0,Right on the spot,WINERY,DR,FERNBANK CREEK,600.0,No,Not a school zone,T-junction,-31.413035,152.8244,Port Macquarie-Hastings,Country urban,Rest of NSW - Urban,Straight,,,,Nil,Sealed,Dry,Fine,Daylight,Nil,Stop sign,80 km/h,Regional,13,Right near,104,Adj - Right-thru from right,,Right angle,Car (sedan/hatch),Car (sedan/hatch),2,0,0,3,0,11,November,Spring,Friday,12:00 - 13:59,Midday / afternoon,False,False,True,True
1370364,Injury,Serious Injury,2024,2024,November,Tuesday,22:00 - Midnight,SHIRLEY,ST,45,West,BUTTLER,ST,BYRON BAY,545.0,No,Not a school zone,Divided road,-28.641815,153.610461,Byron,Country urban,Rest of NSW - Urban,Straight,,,,On,Sealed,Dry,Fine,Darkness,Nil,No traffic controls,50 km/h,Regional,73,Off rd rght => obj,704,Right off cway into obj,,Vehicle - Object,Car (sedan/hatch),,1,0,1,0,0,11,November,Spring,Tuesday,22:00 - Midnight,Evening / night,False,False,True,True
1370365,Injury,Serious Injury,2024,2024,September,Saturday,14:00 - 15:59,GRAHAM,ST,0,Right on the spot,MT AUBURN,RD,AUBURN,,No,Not a school zone,Roundabout,-33.867173,151.030519,Cumberland,Sydney metro. area,Syd-Newc-Woll Gtr conurbation,Straight,,,,Off,Sealed,Dry,Overcast,Daylight,Nil,Give way sign,50 km/h,Local,3,Ped on carriageway,4,Ped - On carriageway,,Vehicle - Pedestrian,Motorcycle,Pedestrian,2,0,1,1,0,9,September,Spring,Saturday,14:00 - 15:59,Midday / afternoon,False,False,True,True
1370366,Injury,Moderate Injury,2024,2024,November,Tuesday,00:01 - 01:59,PRINCES,HWY,100,North,MCKAY,ST,NOWRA,1.0,No,Not a school zone,2-way undivided,-34.891309,150.603856,Shoalhaven,Country urban,Rest of NSW - Urban,Straight,,,,Nil,Sealed,Dry,Fine,Darkness,Nil,No traffic controls,70 km/h,State,66,Object on road,607,On path - Hit temp object,,Vehicle - Object,Motorcycle,,1,0,0,1,0,11,November,Spring,Tuesday,00:01 - 01:59,Late night / early morning,False,False,True,True
1370367,Injury,Serious Injury,2024,2024,December,Friday,14:00 - 15:59,STONY CHUTE,RD,100,South,ZOUCH,RD,STONY CHUTE,,No,Not a school zone,2-way undivided,-28.587861,153.160268,Lismore,Country urban,Rest of NSW - Urban,Curved,Steep grade,Roadwks/Detour/Diverson,,Nil,Sealed,Dry,Unknown,Daylight,Nil,No traffic controls,40 km/h,Local,81,Off left/rt bnd=>obj,803,Off right bend into obj,Left,Vehicle - Object,Motorcycle,,1,0,1,0,0,12,December,Summer,Friday,14:00 - 15:59,Midday / afternoon,False,False,True,True
1370369,Injury,Moderate Injury,2024,2024,December,Tuesday,18:00 - 19:59,PRINCES,HWY,100,South,MILLS FISHING,RD,BATEMANS BAY,1.0,No,Not a school zone,Divided road,-35.734326,150.166661,Eurobodalla,Country non-urban,Rest of NSW - Rural,Curved,Embankment/cutting,,,Nil,Sealed,Wet,Raining,Dusk,Nil,No traffic controls,90 km/h,State,80,Off left/right bend,801,Off cway right bend,Left,Rollover,Car (sedan/hatch),,1,0,0,1,0,12,December,Summer,Tuesday,18:00 - 19:59,PM peak / evening commute,True,False,True,True
1370370,Injury,Minor/Other Injury,2024,2024,September,Monday,12:00 - 13:59,HOSPITAL,RD,75,West,PRINCES,HWY,BULLI,,No,Not a school zone,2-way undivided,-34.33695,150.910091,Wollongong,Wollongong met. area,Syd-Newc-Woll Gtr conurbation,Straight,Driveway/entrance,,,Nil,Sealed,Dry,Fine,Daylight,Nil,No traffic controls,50 km/h,Local,47,Emerging from drive,406,Manov - Emerging from driveway,,Right angle,Car (sedan/hatch),Car (sedan/hatch),3,0,0,0,1,9,September,Spring,Monday,12:00 - 13:59,Midday / afternoon,False,False,True,True
1370371,Injury,Minor/Other Injury,2024,2024,August,Tuesday,18:00 - 19:59,NEW SOUTH HEAD,RD,0,Right on the spot,VICTORIA,RD,DOUBLE BAY,173.0,No,Not a school zone,T-junction,-33.872791,151.248238,Woollahra,Sydney metro. area,Syd-Newc-Woll Gtr conurbation,Curved,,,,On,Sealed,Dry,Fine,Darkness,On,No traffic controls,60 km/h,State,21,Right through,202,Opp - Right-thru,,Other angle,Car (sedan/hatch),Motor scooter,2,0,0,0,1,8,August,Winter,Tuesday,18:00 - 19:59,PM peak / evening commute,True,False,True,True
1370373,Injury,Minor/Other Injury,2024,2024,November,Friday,14:00 - 15:59,EVANS,ST,0,Right on the spot,THE BOULEVARDE,MS,FAIRFIELD HEIGHTS,,No,Not a school zone,Roundabout,-33.86846,150.937735,Fairfield,Sydney metro. area,Syd-Newc-Woll Gtr conurbation,Curved,Steep grade,,,Nil,Sealed,Wet,Raining,Daylight,Nil,Give way sign,50 km/h,Local,10,Cross traffic,101,Adj - Cross traffic,,Right angle,4 wheel drive / SUV,Car (sedan/hatch),2,0,0,0,1,11,November,Spring,Friday,14:00 - 15:59,Midday / afternoon,False,False,True,True
1370374,Injury,Moderate Injury,2024,2024,September,Monday,00:01 - 01:59,OCEAN BEACH,RD,0,Right on the spot,NUMBER 276,HN,UMINA BEACH,7752.0,No,Not a school zone,2-way undivided,-33.509758,151.318721,Central Coast,Country urban,Syd-Newc-Woll Gtr conurbation,Straight,,,,On,Sealed,Dry,Fine,Darkness,Nil,No traffic controls,60 km/h,Regional,71,Off rd left => obj,703,Left off cway into object,,Other angle,Car (sedan/hatch),Car (sedan/hatch),2,0,0,1,0,9,September,Spring,Monday,00:01 - 01:59,Late night / early morning,False,False,True,True
1370375,Injury,Moderate Injury,2024,2024,November,Saturday,22:00 - Midnight,ALIDENES,RD,340,East,BULLGARRA,RD,WILSONS CREEK,,No,Not a school zone,2-way undivided,-28.568654,153.449868,Byron,Country non-urban,Rest of NSW - Rural,Straight,Causeway,,Flooded/submerged,Nil,Sealed,Wet,Raining,Darkness,Nil,No traffic controls,100 km/h,Local,74,On road-out of cont.,705,Out of control on cway,,Rollover,Motorcycle,,1,0,0,1,0,11,November,Spring,Saturday,22:00 - Midnight,Evening / night,False,False,True,True
1370376,Injury,Moderate Injury,2024,2024,October,Tuesday,08:00 - 09:59,RENSHAW MCGIRR,WAY,0,Right on the spot,COOBANG,ST,PARKES,233.0,No,Not a school zone,T-junction,-33.042029,148.273668,Parkes,Country non-urban,Rest of NSW - Rural,Straight,,,,Nil,Sealed,Dry,Fine,Daylight,Nil,Give way sign,100 km/h,Regional,30,Rear end,301,Same - Rear end,,Rear end,Car (sedan/hatch),Light truck utility(from 2018),2,0,0,1,1,10,October,Spring,Tuesday,08:00 - 09:59,AM peak / school commute,True,False,True,True
1370378,Injury,Serious Injury,2024,2024,November,Saturday,22:00 - Midnight,CARLISLE,AVE,0,Right on the spot,O'BRIEN,ST,MOUNT DRUITT,629.0,No,Not a school zone,T-junction,-33.758036,150.818576,Blacktown,Sydney metro. area,Syd-Newc-Woll Gtr conurbation,Straight,,,,On,Sealed,Dry,Fine,Darkness,Nil,Give way sign,60 km/h,State,10,Cross traffic,101,Adj - Cross traffic,,Right angle,Car (sedan/hatch),Station wagon,2,0,1,1,0,11,November,Spring,Saturday,22:00 - Midnight,Evening / night,False,False,True,True
1370381,Injury,Moderate Injury,2024,2024,October,Thursday,16:00 - 17:59,PACIFIC,HWY,0,Right on the spot,ARGYLE,AVE,NARARA,10.0,No,Not a school zone,X-intersection,-33.3936,151.350031,Central Coast,Country urban,Syd-Newc-Woll Gtr conurbation,Straight,,,,Off,Sealed,Dry,Fine,Daylight,Nil,No traffic controls,60 km/h,State,30,Rear end,301,Same - Rear end,,Rear end,4 wheel drive / SUV,4 wheel drive / SUV,2,0,0,1,0,10,October,Spring,Thursday,16:00 - 17:59,PM peak / evening commute,True,False,True,True
1370382,Injury,Moderate Injury,2024,2024,October,Saturday,10:00 - 11:59,ELIZABETH,DR,0,Right on the spot,BADGERYS CREEK,RD,BADGERYS CREEK,535.0,No,Not a school zone,X-intersection,-33.873376,150.750197,Liverpool,Sydney metro. area,Syd-Newc-Woll Gtr conurbation,Straight,,,,Off,Sealed,Dry,Fine,Daylight,On,No traffic controls,80 km/h,State,10,Cross traffic,101,Adj - Cross traffic,,Right angle,Car (sedan/hatch),Car (sedan/hatch),2,0,0,1,0,10,October,Spring,Saturday,10:00 - 11:59,Midday / afternoon,False,False,True,True
1370384,Injury,Moderate Injury,2024,2024,November,Wednesday,22:00 - Midnight,RICHMOND,RD,500,North,ELARA,BVD,ANGUS,537.0,No,Not a school zone,2-way undivided,-33.687583,150.823013,Blacktown,Sydney metro. area,Syd-Newc-Woll Gtr conurbation,Straight,Painted double centre lines,,,Nil,Sealed,Dry,Fine,Darkness,Nil,No traffic controls,80 km/h,State,20,Head on,201,Opp - Head on,,Head-on,Car (sedan/hatch),Car (sedan/hatch),3,0,0,1,0,11,November,Spring,Wednesday,22:00 - Midnight,Evening / night,False,False,True,True
1370385,Injury,Minor/Other Injury,2024,2024,October,Wednesday,14:00 - 15:59,MAUD,ST,0,Right on the spot,CAPPER,ST,MAYFIELD WEST,605.0,No,Not a school zone,T-junction,-32.891842,151.724251,Newcastle,Newcastle met. area,Syd-Newc-Woll Gtr conurbation,Straight,,,,Nil,Sealed,Dry,Fine,Daylight,Nil,Give way sign,60 km/h,State,13,Right near,104,Adj - Right-thru from right,,Right angle,Car (sedan/hatch),4 wheel drive / SUV,2,0,0,0,1,10,October,Spring,Wednesday,14:00 - 15:59,Midday / afternoon,False,False,True,True
1370386,Injury,Serious Injury,2024,2024,November,Sunday,12:00 - 13:59,ILLAWARRA,HWY,50,East,CLOVER HILL,RD,MACQUARIE PASS,25.0,No,Not a school zone,2-way undivided,-34.565333,150.662311,Shellharbour,Wollongong met. area,Syd-Newc-Woll Gtr conurbation,Curved,Painted double centre lines,,,Nil,Sealed,Dry,Fine,Daylight,Nil,No traffic controls,80 km/h,State,50,Head on (overtake),501,Ovtak - Head on,,Head-on,Motorcycle,Car (sedan/hatch),2,0,1,0,1,11,November,Spring,Sunday,12:00 - 13:59,Midday / afternoon,False,False,True,True
1370390,Injury,Moderate Injury,2024,2024,November,Tuesday,06:00 - 07:59,NEWCASTLE LINK,RD,575,West,MINMI,RD,CAMERON PARK,82.0,No,Not a school zone,Divided road,-32.901201,151.616035,Lake Macquarie,Newcastle met. area,Syd-Newc-Woll Gtr conurbation,Curved,,,,Off,Sealed,Dry,Fine,Daylight,Nil,No traffic controls,90 km/h,State,30,Rear end,301,Same - Rear end,,Rear end,Unknown motor vehicle,4 wheel drive / SUV,4,0,0,1,0,11,November,Spring,Tuesday,06:00 - 07:59,AM peak / school commute,True,False,True,True
1370391,Injury,Serious Injury,2024,2024,November,Tuesday,16:00 - 17:59,MANLY,RD,0,Right on the spot,FISHER BAY WALK,OT,SEAFORTH,164.0,No,Not a school zone,Divided road,-33.801214,151.246433,Northern Beaches,Sydney metro. area,Syd-Newc-Woll Gtr conurbation,Curved,,,,Nil,Sealed,Dry,Fine,Daylight,Nil,No traffic controls,60 km/h,State,30,Rear end,301,Same - Rear end,,Rear end,Motorcycle,Other bus,2,0,1,0,0,11,November,Spring,Tuesday,16:00 - 17:59,PM peak / evening commute,True,False,True,True
1370392,Injury,Moderate Injury,2024,2024,September,Wednesday,14:00 - 15:59,LINDNER,LANE,80,West,DAVID,ST,ALBURY,,No,Not a school zone,2-way undivided,-36.080646,146.919967,Albury,Country urban,Rest of NSW - Urban,Straight,Driveway/entrance,,,Nil,Sealed,Dry,Fine,Daylight,Nil,No traffic controls,10 km/h,Local,3,Ped on carriageway,4,Ped - On carriageway,,Vehicle - Pedestrian,Unknown motor vehicle,Pedestrian,2,0,0,1,0,9,September,Spring,Wednesday,14:00 - 15:59,Midday / afternoon,False,False,True,True
1370394,Injury,Moderate Injury,2024,2024,December,Friday,10:00 - 11:59,PITTWATER,RD,10,North,KENTWELL,RD,NORTH MANLY,159.0,No,Not a school zone,T-junction,-33.775357,151.270629,Northern Beaches,Sydney metro. area,Syd-Newc-Woll Gtr conurbation,Curved,,,,Off,Sealed,Dry,Fine,Daylight,On,No traffic controls,60 km/h,State,30,Rear end,301,Same - Rear end,,Rear end,Light truck utility(from 2018),4 wheel drive / SUV,3,0,0,1,0,12,December,Summer,Friday,10:00 - 11:59,Midday / afternoon,False,False,True,True
1370404,Injury,Serious Injury,2024,2024,October,Monday,16:00 - 17:59,NEWCASTLE INNER CITY,BYPA,50,North,LAKE,ST,BENNETTS GREEN,23.0,No,Not a school zone,Divided road,-32.99167,151.688604,Lake Macquarie,Newcastle met. area,Syd-Newc-Woll Gtr conurbation,Straight,,,,Nil,Sealed,Dry,Fine,Daylight,Nil,No traffic controls,90 km/h,State,34,Lane change right,306,Same - Lane change right,,Other angle,Motorcycle,4 wheel drive / SUV,2,0,1,0,0,10,October,Spring,Monday,16:00 - 17:59,PM peak / evening commute,True,False,True,True
1370406,Injury,Moderate Injury,2024,2024,November,Thursday,18:00 - 19:59,WATERLOO,RD,0,Right on the spot,WANGEE,RD,GREENACRE,7118.0,No,Not a school zone,T-junction,-33.90849,151.057011,Canterbury-Bankstown,Sydney metro. area,Syd-Newc-Woll Gtr conurbation,Straight,,,,Nil,Sealed,Wet,Raining,Daylight,Nil,Ped crossing,40 km/h,Regional,9,Ped other,0,Ped - other,,Vehicle - Pedestrian,Car (sedan/hatch),Pedestrian,2,0,0,1,0,11,November,Spring,Thursday,18:00 - 19:59,PM peak / evening commute,True,False,True,True
1370410,Injury,Serious Injury,2024,2024,December,Tuesday,22:00 - Midnight,NORTHUMBERLAND,WAY,0,Right on the spot,NUMBER 21,HN,TUMBI UMBI,,No,Not a school zone,2-way undivided,-33.373563,151.456558,Central Coast,Country urban,Syd-Newc-Woll Gtr conurbation,Curved,,,,On,Sealed,Dry,Fine,Darkness,Nil,No traffic controls,50 km/h,Local,81,Off left/rt bnd=>obj,803,Off right bend into obj,Left,Other angle,Car (sedan/hatch),Car (sedan/hatch),3,0,1,0,0,12,December,Summer,Tuesday,22:00 - Midnight,Evening / night,False,False,True,True
1370411,Injury,Serious Injury,2024,2024,November,Monday,06:00 - 07:59,CLEVELAND,ST,0,Right on the spot,YOUNG,ST,REDFERN,330.0,No,Not a school zone,X-intersection,-33.891016,151.210691,Sydney,Sydney metro. area,Syd-Newc-Woll Gtr conurbation,Straight,,,,Off,Sealed,Dry,Fine,Daylight,On,No traffic controls,50 km/h,State,32,Right rear,303,Same - Rear right,,Rear end,Car (sedan/hatch),Light truck,2,0,1,0,0,11,November,Spring,Monday,06:00 - 07:59,AM peak / school commute,True,False,True,True
1370412,Injury,Serious Injury,2024,2024,November,Saturday,20:00 - 21:59,MITCHELL,ST,0,Right on the spot,PARKES SHOWGROUND,ENT,PARKES,,No,Not a school zone,2-way undivided,-33.129292,148.164634,Parkes,Country urban,Rest of NSW - Urban,Straight,Driveway/entrance,,,On,Sealed,Dry,Fine,Darkness,Nil,No traffic controls,50 km/h,Local,71,Off rd left => obj,703,Left off cway into object,,Vehicle - Object,Light truck utility(from 2018),,1,0,2,0,0,11,November,Spring,Saturday,20:00 - 21:59,Evening / night,False,False,True,True
1370413,Injury,Moderate Injury,2024,2024,November,Wednesday,12:00 - 13:59,HUME,HWY,500,South,PADDYS RIVER,BDGE,PADDYS RIVER,2.0,No,Not a school zone,Divided road,-34.645165,150.121017,Wingecarribee,Country non-urban,Rest of NSW - Rural,Straight,,,,Nil,Sealed,Wet,Raining,Daylight,Nil,No traffic controls,110 km/h,State,30,Rear end,301,Same - Rear end,,Rear end,B-double (road train prior 98),4 wheel drive / SUV,3,0,0,1,1,11,November,Spring,Wednesday,12:00 - 13:59,Midday / afternoon,False,False,True,True
1370414,Injury,Moderate Injury,2024,2024,November,Thursday,10:00 - 11:59,DAVIS,RD,0,Right on the spot,LIVERPOOL PARRAMATTA TRANSITWAY,MS,WETHERILL PARK,,No,Not a school zone,X-intersection,-33.836784,150.911467,Fairfield,Sydney metro. area,Syd-Newc-Woll Gtr conurbation,Straight,Bus/transit lane,,,On,Sealed,Dry,Fine,Daylight,On,No traffic controls,60 km/h,Local,10,Cross traffic,101,Adj - Cross traffic,,Right angle,Semi-trailer,Other bus,2,0,0,3,0,11,November,Spring,Thursday,10:00 - 11:59,Midday / afternoon,False,False,True,True
1370415,Injury,Serious Injury,2024,2024,October,Monday,00:01 - 01:59,CANTERBURY,RD,0,Right on the spot,ORISSA,ST,CAMPSIE,167.0,No,Not a school zone,T-junction,-33.919163,151.102132,Canterbury-Bankstown,Sydney metro. area,Syd-Newc-Woll Gtr conurbation,Straight,,,,On,Sealed,Dry,Fine,Darkness,Nil,No right turn,60 km/h,State,71,Off rd left => obj,703,Left off cway into object,,Vehicle - Object,Car (sedan/hatch),,1,0,1,0,0,10,October,Spring,Monday,00:01 - 01:59,Late night / early morning,False,False,True,True
1370420,Injury,Serious Injury,2024,2024,December,Wednesday,00:01 - 01:59,MEDOWIE,RD,250,North,NELSON BAY,RD,WILLIAMTOWN,518.0,No,Not a school zone,2-way undivided,-32.805573,151.850583,Port Stephens,Country urban,Rest of NSW - Urban,Straight,,Roadwks/Detour/Diverson,"Loose gravel, sealed",Unknown / not stated,Sealed,Dry,Fine,Darkness,Nil,No traffic controls,40 km/h,Regional,74,On road-out of cont.,705,Out of control on cway,,Rollover,Motorcycle,,1,0,1,0,0,12,December,Summer,Wednesday,00:01 - 01:59,Late night / early morning,False,False,True,True
1370429,Injury,Moderate Injury,2024,2024,November,Saturday,18:00 - 19:59,BYLONG VALLEY,WAY,2900,South,NEVELLS,RD,ILFORD,215.0,No,Not a school zone,2-way undivided,-32.930116,149.91343,Mid-Western Regional,Country non-urban,Rest of NSW - Rural,Curved,Steep grade,,,Nil,Sealed,Dry,Fine,Dusk,Nil,No traffic controls,90 km/h,Regional,88,Out of cont on bend,805,Out of control on bend,,Rollover,4 wheel drive / SUV,,1,0,0,1,0,11,November,Spring,Saturday,18:00 - 19:59,PM peak / evening commute,True,False,True,True
1370431,Injury,Moderate Injury,2024,2024,December,Friday,00:01 - 01:59,GEORGE,ST,0,Right on the spot,SHAFTESBURY,RD,BURWOOD,,No,Not a school zone,T-junction,-33.876606,151.107245,Burwood,Sydney metro. area,Syd-Newc-Woll Gtr conurbation,Curved,Driveway/entrance,,,On,Sealed,Dry,Fine,Darkness,Nil,Give way sign,50 km/h,Local,85,Off rt/lft bnd=>obj,804,Off left bend into obj,Right,Vehicle - Object,Car (sedan/hatch),,2,0,0,1,0,12,December,Summer,Friday,00:01 - 01:59,Late night / early morning,False,False,True,True
1370432,Injury,Moderate Injury,2024,2024,December,Monday,18:00 - 19:59,CANAL,RD,0,Right on the spot,AIRPORT DRIVE,OP,ST PETERS,183.0,No,Not a school zone,2-way undivided,-33.918206,151.177049,Sydney,Sydney metro. area,Syd-Newc-Woll Gtr conurbation,Straight,Underpass/tunnel,,,Nil,Sealed,Dry,Fine,Daylight,Nil,No traffic controls,60 km/h,State,74,On road-out of cont.,705,Out of control on cway,,Rollover,Motorcycle,,1,0,0,1,0,12,December,Summer,Monday,18:00 - 19:59,PM peak / evening commute,True,False,True,True
1370435,Injury,Serious Injury,2024,2024,October,Thursday,12:00 - 13:59,COLANE,RD,300,South,BENAH,RD,MURRAWOMBIE,,No,Not a school zone,2-way undivided,-31.278343,147.269843,Bogan,Country non-urban,Rest of NSW - Rural,Curved,,,,Nil,Sealed,Dry,Fine,Daylight,Nil,No traffic controls,100 km/h,Local,82,Off right/right bend,801,Off cway right bend,Right,Rollover,Large rigid,,1,0,2,0,0,10,October,Spring,Thursday,12:00 - 13:59,Midday / afternoon,False,False,True,True
1370436,Injury,Serious Injury,2024,2024,November,Wednesday,20:00 - 21:59,YANKEES GAP,RD,500,North,GERAGHTY,ST,BEMBOKA,,No,Not a school zone,2-way undivided,-36.619397,149.57189,Bega Valley,Country non-urban,Rest of NSW - Rural,Curved,Painted double centre lines,,,Nil,Sealed,Dry,Fine,Darkness,Nil,No traffic controls,100 km/h,Local,85,Off rt/lft bnd=>obj,804,Off left bend into obj,Right,Vehicle - Object,Light truck utility(from 2018),,1,0,1,1,0,11,November,Spring,Wednesday,20:00 - 21:59,Evening / night,False,False,True,True