crash_id,degree_of_crash,degree_of_crash_-_detailed,reporting_year,year_of_crash,month_of_crash,day_of_week_of_crash,two-hour_intervals,street_of_crash,street_type,distance,direction,identifying_feature,identifying_feature_type,town,route_no.,school_zone_location,school_zone_active,type_of_location,latitude,longitude,lga,urbanisation,conurbation_1,alignment,primary_permanent_feature,primary_temporary_feature,primary_hazardous_feature,street_lighting,road_surface,surface_condition,weather,natural_lighting,signals_operation,other_traffic_control,speed_limit,road_classification_(admin),rum_-_code,rum_-_description,dca_-_code,dca_-_description,dca_supplement,first_impact_type,key_tu_type,other_tu_type,no._of_traffic_units_involved,no._killed,no._seriously_injured,no._moderately_injured,no._minor-other_injured,month_num,month_label,season,day_label,time_label,time_band,is_peak_commute,is_fatal,is_injury,is_casualty
1370437,Injury,Moderate Injury,2024,2024,December,Thursday,16:00 - 17:59,COMBLES,PDE,0,Right on the spot,NUMBER 40,HN,MATRAVILLE,,No,Not a school zone,2-way undivided,-33.955118,151.238873,Randwick,Sydney metro. area,Syd-Newc-Woll Gtr conurbation,Straight,Driveway/entrance,,,Nil,Sealed,Dry,Fine,Daylight,Nil,No traffic controls,50 km/h,Local,73,Off rd rght => obj,704,Right off cway into obj,,Other angle,Car (sedan/hatch),Car (sedan/hatch),2,0,0,1,0,12,December,Summer,Thursday,16:00 - 17:59,PM peak / evening commute,True,False,True,True
1370441,Injury,Serious Injury,2024,2024,December,Saturday,20:00 - 21:59,CHISHOLM,RD,100,North,WELLINGTON,RD,AUBURN,7467.0,Yes,No,2-way undivided,-33.86287,151.018714,Cumberland,Sydney metro. area,Syd-Newc-Woll Gtr conurbation,Straight,,,,On,Sealed,Dry,Fine,Darkness,Nil,No traffic controls,50 km/h,Regional,0,Ped nearside,1,Ped - Near side,,Vehicle - Pedestrian,Car (sedan/hatch),Pedestrian,3,0,1,0,1,12,December,Summer,Saturday,20:00 - 21:59,Evening / night,False,False,True,True
1370442,Injury,Moderate Injury,2024,2024,November,Monday,10:00 - 11:59,HICKSON,RD,0,Right on the spot,WATERMANS,QY,BARANGAROO,7312.0,No,Not a school zone,T-junction,-33.863335,151.202971,Sydney,Sydney metro. area,Syd-Newc-Woll Gtr conurbation,Straight,,,,Off,Sealed,Dry,Overcast,Daylight,Nil,Stop sign,40 km/h,Regional,74,On road-out of cont.,705,Out of control on cway,,Rollover,Motorcycle,,1,0,0,1,0,11,November,Spring,Monday,10:00 - 11:59,Midday / afternoon,False,False,True,True
1370448,Injury,Serious Injury,2024,2024,December,Tuesday,14:00 - 15:59,COMBERMERE,ST,50,West,EDWARD,ST,GOULBURN,,Yes,No,2-way undivided,-34.758578,149.700368,Goulburn Mulwaree,Country urban,Rest of NSW - Urban,Straight,,,,Off,Sealed,Dry,Fine,Daylight,Nil,No traffic controls,50 km/h,Local,1,Ped emerging,2,Ped - emerging,,Vehicle - Pedestrian,Car (sedan/hatch),Pedestrian,2,0,1,0,0,12,December,Summer,Tuesday,14:00 - 15:59,Midday / afternoon,False,False,True,True
1370451,Injury,Minor/Other Injury,2024,2024,December,Sunday,14:00 - 15:59,CANBERRA,AVE,0,Right on the spot,DONALD,RD,QUEANBEYAN,51.0,No,Not a school zone,X-intersection,-35.356805,149.225352,Queanbeyan-Palerang Regional,Country urban,Rest of NSW - Urban,Straight,,,,Off,Sealed,Dry,Fine,Daylight,On,No traffic controls,60 km/h,State,13,Right near,104,Adj - Right-thru from right,,Right angle,4 wheel drive / SUV,Car (sedan/hatch),2,0,0,0,1,12,December,Summer,Sunday,14:00 - 15:59,Midday / afternoon,False,False,True,True
1370453,Injury,Minor/Other Injury,2024,2024,September,Wednesday,12:00 - 13:59,PRINCES,HWY,0,Right on the spot,AIRPORT,RD,ALBION PARK RAIL,1.0,No,Not a school zone,T-junction,-34.556469,150.791785,Shellharbour,Wollongong met. area,Syd-Newc-Woll Gtr conurbation,Straight,,,,Off,Sealed,Dry,Fine,Daylight,On,No traffic controls,70 km/h,State,30,Rear end,301,Same - Rear end,,Rear end,Car (sedan/hatch),Car (sedan/hatch),2,0,0,0,1,9,September,Spring,Wednesday,12:00 - 13:59,Midday / afternoon,False,False,True,True
1370454,Injury,Minor/Other Injury,2024,2024,October,Tuesday,06:00 - 07:59,JENKINS,ST,10,East,WRIGHTS,AVE,BERALA,,No,Not a school zone,T-junction,-33.876704,151.025965,Cumberland,Sydney metro. area,Syd-Newc-Woll Gtr conurbation,Straight,,,,On,Sealed,Dry,Fine,Dawn,Nil,Give way sign,60 km/h,Local,30,Rear end,301,Same - Rear end,,Rear end,Unknown motor vehicle,Light truck,2,0,0,0,1,10,October,Spring,Tuesday,06:00 - 07:59,AM peak / school commute,True,False,True,True
1370455,Injury,Moderate Injury,2024,2024,October,Wednesday,00:01 - 01:59,SHELLHARBOUR,RD,325,North,TURPIN,AVE,PORT KEMBLA,,No,Not a school zone,2-way undivided,-34.479255,150.887158,Wollongong,Wollongong met. area,Syd-Newc-Woll Gtr conurbation,Straight,Steep grade,,,On,Sealed,Dry,Fine,Darkness,Nil,No traffic controls,50 km/h,Local,75,Off end of road,709,Off end cway or T junct,,Vehicle - Object,Station wagon,,1,0,0,1,0,10,October,Spring,Wednesday,00:01 - 01:59,Late night / early morning,False,False,True,True
1370458,Injury,Moderate Injury,2024,2024,December,Saturday,16:00 - 17:59,CUMBERLAND,RD,0,Right on the spot,KOALA,AVE,INGLEBURN,7198.0,No,Not a school zone,T-junction,-33.997702,150.870499,Campbelltown,Sydney metro. area,Syd-Newc-Woll Gtr conurbation,Straight,,,,Off,Sealed,Dry,Fine,Daylight,Nil,Give way sign,60 km/h,Regional,13,Right near,104,Adj - Right-thru from right,,Right angle,Car (sedan/hatch),Car (sedan/hatch),2,0,0,2,0,12,December,Summer,Saturday,16:00 - 17:59,PM peak / evening commute,True,False,True,True
1370459,Injury,Moderate Injury,2024,2024,November,Wednesday,10:00 - 11:59,BRUXNER,HWY,0,Right on the spot,HOLLAND,ST,GOONELLABAH,16.0,No,Not a school zone,Roundabout,-28.812023,153.347205,Lismore,Country urban,Rest of NSW - Urban,Straight,,,,Nil,Sealed,Wet,Raining,Daylight,Nil,Give way sign,60 km/h,State,30,Rear end,301,Same - Rear end,,Rear end,Station wagon,4 wheel drive / SUV,2,0,0,2,0,11,November,Spring,Wednesday,10:00 - 11:59,Midday / afternoon,False,False,True,True
1370461,Injury,Serious Injury,2024,2024,November,Thursday,16:00 - 17:59,BALFOUR,RD,0,Right on the spot,NUMBER 77,HN,BELLEVUE HILL,,No,Not a school zone,2-way undivided,-33.878313,151.259388,Woollahra,Sydney metro. area,Syd-Newc-Woll Gtr conurbation,Curved,Narrow roadway,,,Nil,Sealed,Dry,Fine,Daylight,Nil,No traffic controls,50 km/h,Local,81,Off left/rt bnd=>obj,803,Off right bend into obj,Left,Other angle,Motor scooter,4 wheel drive / SUV,2,0,1,0,0,11,November,Spring,Thursday,16:00 - 17:59,PM peak / evening commute,True,False,True,True
1370464,Injury,Minor/Other Injury,2024,2024,November,Sunday,20:00 - 21:59,WATTLE,RD,0,Right on the spot,NUMBER 55,HN,FLINDERS,,No,Not a school zone,Divided road,-34.577345,150.850663,Shellharbour,Wollongong met. area,Syd-Newc-Woll Gtr conurbation,Curved,,,,Off,Sealed,Dry,Fine,Darkness,Nil,No traffic controls,60 km/h,Local,87,Off lft/lft bnd=>obj,804,Off left bend into obj,Left,Other angle,4 wheel drive / SUV,Light truck utility(from 2018),2,0,0,0,1,11,November,Spring,Sunday,20:00 - 21:59,Evening / night,False,False,True,True
1370466,Injury,Moderate Injury,2024,2024,September,Saturday,20:00 - 21:59,WOODVILLE,RD,20,South,TANGERINE,ST,VILLAWOOD,640.0,No,Not a school zone,Divided road,-33.877405,150.980375,Fairfield,Sydney metro. area,Syd-Newc-Woll Gtr conurbation,Straight,,,,On,Sealed,Dry,Fine,Darkness,Nil,No traffic controls,70 km/h,State,30,Rear end,301,Same - Rear end,,Rear end,4 wheel drive / SUV,Car (sedan/hatch),2,0,0,1,2,9,September,Spring,Saturday,20:00 - 21:59,Evening / night,False,False,True,True
1370467,Injury,Minor/Other Injury,2024,2024,December,Friday,22:00 - Midnight,KIDMAN,WAY,55,East,CUNNINGHAM,RD,WARBURN,80.0,No,Not a school zone,2-way undivided,-34.174805,145.920146,Griffith,Country non-urban,Rest of NSW - Rural,Curved,,,,Nil,Sealed,Dry,Fine,Darkness,Nil,No traffic controls,100 km/h,State,85,Off rt/lft bnd=>obj,804,Off left bend into obj,Right,Vehicle - Object,Car (sedan/hatch),,1,0,0,0,1,12,December,Summer,Friday,22:00 - Midnight,Evening / night,False,False,True,True
1370472,Injury,Minor/Other Injury,2024,2024,December,Friday,10:00 - 11:59,QUEEN,ST,0,Right on the spot,NUMBER 8,HN,AUBURN,,No,Not a school zone,2-way undivided,-33.856726,151.036617,Cumberland,Sydney metro. area,Syd-Newc-Woll Gtr conurbation,Straight,,,,Nil,Sealed,Dry,Fine,Daylight,Nil,No traffic controls,50 km/h,Local,42,Leaving parking,401,Manov - Leaving parking,,Other angle,Car (sedan/hatch),Car (sedan/hatch),3,0,0,0,2,12,December,Summer,Friday,10:00 - 11:59,Midday / afternoon,False,False,True,True
1370473,Injury,Serious Injury,2024,2024,December,Monday,18:00 - 19:59,LINDEN,AVE,20,North,WEDGETAIL,CRES,BOAMBEE EAST,,No,Not a school zone,2-way undivided,-30.350438,153.071052,Coffs Harbour,Country urban,Rest of NSW - Urban,Curved,Crest,,,On,Sealed,Wet,Raining,Dusk,Nil,No traffic controls,50 km/h,Local,87,Off lft/lft bnd=>obj,804,Off left bend into obj,Left,Vehicle - Object,Car (sedan/hatch),,1,0,1,0,0,12,December,Summer,Monday,18:00 - 19:59,PM peak / evening commute,True,False,True,True
1370474,Injury,Serious Injury,2024,2024,December,Thursday,14:00 - 15:59,WYONG,RD,0,Right on the spot,WOODBURY PARK,DR,TUGGERAH,335.0,No,Not a school zone,Roundabout,-33.306065,151.409322,Central Coast,Country urban,Syd-Newc-Woll Gtr conurbation,Straight,Pedestrian refuge,,,Nil,Sealed,Dry,Fine,Daylight,Nil,Give way sign,70 km/h,State,1,Ped emerging,2,Ped - emerging,,Vehicle - Pedestrian,Large rigid,Pedestrian,2,0,1,0,0,12,December,Summer,Thursday,14:00 - 15:59,Midday / afternoon,False,False,True,True
1370475,Injury,Serious Injury,2024,2024,December,Saturday,12:00 - 13:59,KENNEDY,ST,30,South,PAUL,ST,PICNIC POINT,,Yes,No,2-way undivided,-33.964262,151.009065,Canterbury-Bankstown,Sydney metro. area,Syd-Newc-Woll Gtr conurbation,Straight,,,,Nil,Sealed,Dry,Fine,Daylight,Nil,No traffic controls,50 km/h,Local,71,Off rd left => obj,703,Left off cway into object,,Vehicle - Object,Car (sedan/hatch),,1,0,1,0,0,12,December,Summer,Saturday,12:00 - 13:59,Midday / afternoon,False,False,True,True
1370478,Injury,Serious Injury,2024,2024,December,Monday,10:00 - 11:59,NEW ENGLAND,HWY,4000,South,NUMBER 3335,HN,GUYRA,9.0,No,Not a school zone,2-way undivided,-30.291999,151.689739,Armidale Regional,Country non-urban,Rest of NSW - Rural,Straight,,,,Nil,Sealed,Dry,Fine,Daylight,Nil,No traffic controls,100 km/h,State,73,Off rd rght => obj,704,Right off cway into obj,,Vehicle - Object,4 wheel drive / SUV,,1,0,1,1,0,12,December,Summer,Monday,10:00 - 11:59,Midday / afternoon,False,False,True,True
1370480,Injury,Serious Injury,2024,2024,December,Monday,16:00 - 17:59,PEATS RIDGE,RD,205,North,BANDAROO,RD,CALGA,455.0,No,Not a school zone,2-way undivided,-33.408916,151.216828,Central Coast,Country non-urban,Syd-Newc-Woll Gtr conurbation,Straight,Embankment/cutting,,,Nil,Sealed,Dry,Fine,Daylight,Nil,No traffic controls,100 km/h,Regional,73,Off rd rght => obj,704,Right off cway into obj,,Vehicle - Object,Car (sedan/hatch),,1,0,1,0,0,12,December,Summer,Monday,16:00 - 17:59,PM peak / evening commute,True,False,True,True
1370481,Injury,Serious Injury,2024,2024,November,Monday,14:00 - 15:59,SHELLHARBOUR,RD,40,South,WOODFORD,AVE,WARILLA,522.0,No,Not a school zone,Divided road,-34.5506,150.860556,Shellharbour,Wollongong met. area,Syd-Newc-Woll Gtr conurbation,Straight,,,,Off,Sealed,Dry,Fine,Daylight,Nil,No traffic controls,70 km/h,State,35,Lane change left,307,Same - Lane change left,,Other angle,Light truck utility(from 2018),Car (sedan/hatch),2,0,1,0,0,11,November,Spring,Monday,14:00 - 15:59,Midday / afternoon,False,False,True,True
1370484,Injury,Serious Injury,2024,2024,November,Thursday,10:00 - 11:59,VETERANS,PDE,50,North,FULLER,ST,NARRABEEN,,No,Not a school zone,2-way undivided,-33.720533,151.287691,Northern Beaches,Sydney metro. area,Syd-Newc-Woll Gtr conurbation,Curved,Painted double centre lines,,,Off,Sealed,Wet,Overcast,Daylight,Nil,No traffic controls,50 km/h,Local,20,Head on,201,Opp - Head on,,Head-on,Motorcycle,4 wheel drive / SUV,2,0,1,0,0,11,November,Spring,Thursday,10:00 - 11:59,Midday / afternoon,False,False,True,True
1370487,Injury,Serious Injury,2024,2024,November,Tuesday,06:00 - 07:59,WOY WOY,RD,100,West,PIER,ST,WOY WOY,7751.0,No,Not a school zone,2-way undivided,-33.496096,151.307998,Central Coast,Country urban,Syd-Newc-Woll Gtr conurbation,Straight,Painted double centre lines,,,Off,Sealed,Dry,Fine,Daylight,Nil,No traffic controls,60 km/h,Regional,73,Off rd rght => obj,704,Right off cway into obj,,Vehicle - Object,4 wheel drive / SUV,,1,0,1,0,0,11,November,Spring,Tuesday,06:00 - 07:59,AM peak / school commute,True,False,True,True
1370490,Injury,Serious Injury,2024,2024,December,Saturday,10:00 - 11:59,MONA VALE,RD,10,North,TELEGRAPH,RD,PYMBLE,162.0,No,Not a school zone,T-junction,-33.738512,151.152332,Ku-ring-gai,Sydney metro. area,Syd-Newc-Woll Gtr conurbation,Curved,,,,Off,Sealed,Wet,Raining,Daylight,Unknown / not stated,No traffic controls,60 km/h,State,20,Head on,201,Opp - Head on,,Head-on,Car (sedan/hatch),Light truck utility(from 2018),2,0,2,0,0,12,December,Summer,Saturday,10:00 - 11:59,Midday / afternoon,False,False,True,True
1370492,Injury,Serious Injury,2024,2024,December,Friday,14:00 - 15:59,CROWN,ST,10,North,CLIFTON RESERVE,ENT,SURRY HILLS,,Yes,No,2-way undivided,-33.882624,151.214526,Sydney,Sydney metro. area,Syd-Newc-Woll Gtr conurbation,Straight,,,,Off,Sealed,Dry,Fine,Daylight,Nil,No traffic controls,40 km/h,Local,43,Entering parking,402,Manov - Entering parking veh,,Other angle,4 wheel drive / SUV,Pedal cycle,2,0,1,0,0,12,December,Summer,Friday,14:00 - 15:59,Midday / afternoon,False,False,True,True
1370495,Injury,Moderate Injury,2024,2024,October,Thursday,20:00 - 21:59,KINGSWAY,MS,0,Right on the spot,MANCHESTER,RD,GYMEA,227.0,No,Not a school zone,X-intersection,-34.033005,151.089059,Sutherland,Sydney metro. area,Syd-Newc-Woll Gtr conurbation,Straight,,,,On,Sealed,Wet,Raining,Darkness,On,No traffic controls,60 km/h,State,21,Right through,202,Opp - Right-thru,,Other angle,Other bus,Semi-trailer,2,0,0,1,0,10,October,Spring,Thursday,20:00 - 21:59,Evening / night,False,False,True,True
1370499,Injury,Moderate Injury,2024,2024,November,Wednesday,14:00 - 15:59,HUME,HWY,10,West,FITZGERALD,CRES,STRATHFIELD SOUTH,2.0,No,Not a school zone,T-junction,-33.888058,151.074893,Strathfield,Sydney metro. area,Syd-Newc-Woll Gtr conurbation,Straight,,,,Nil,Sealed,Dry,Fine,Daylight,Nil,Give way sign,60 km/h,State,20,Head on,201,Opp - Head on,,Head-on,Car (sedan/hatch),Car (sedan/hatch),4,0,0,2,1,11,November,Spring,Wednesday,14:00 - 15:59,Midday / afternoon,False,False,True,True
1370500,Injury,Serious Injury,2024,2024,November,Saturday,12:00 - 13:59,LAGOON,RD,0,Right on the spot,OCEAN VIEW,DR,LORD HOWE ISLAND,,No,Not a school zone,T-junction,-31.55261,159.081742,Lord Howe Island,Country non-urban,Rest of NSW - Rural,Straight,Driveway/entrance,,,Nil,Sealed,Dry,Fine,Daylight,Nil,No traffic controls,100 km/h,Local,7,Driveway,7,Ped - driveway,,Vehicle - Pedestrian,Self prop plant,Pedestrian,2,0,1,0,0,11,November,Spring,Saturday,12:00 - 13:59,Midday / afternoon,False,False,True,True
1370501,Injury,Moderate Injury,2024,2024,October,Wednesday,16:00 - 17:59,PACIFIC,HWY,0,Right on the spot,TOMAGO,RD,TOMAGO,10.0,No,Not a school zone,T-junction,-32.816527,151.696417,Port Stephens,Country urban,Rest of NSW - Urban,Straight,,,,Off,Sealed,Dry,Fine,Daylight,On,No traffic controls,80 km/h,State,30,Rear end,301,Same - Rear end,,Rear end,Semi-trailer,4 wheel drive / SUV,2,0,0,1,0,10,October,Spring,Wednesday,16:00 - 17:59,PM peak / evening commute,True,False,True,True
1370506,Injury,Serious Injury,2024,2024,November,Sunday,16:00 - 17:59,LAKE ENTRANCE,RD,0,Right on the spot,LANG,ST,OAK FLATS,,No,Not a school zone,T-junction,-34.568687,150.822566,Shellharbour,Wollongong met. area,Syd-Newc-Woll Gtr conurbation,Straight,,,,Nil,Sealed,Dry,Fine,Daylight,Nil,No traffic controls,50 km/h,Local,12,Left far,103,Adj - Left-thru from left,,Right angle,4 wheel drive / SUV,Pedal cycle,2,0,1,0,0,11,November,Spring,Sunday,16:00 - 17:59,PM peak / evening commute,True,False,True,True
1370508,Injury,Minor/Other Injury,2024,2024,September,Thursday,14:00 - 15:59,DEANE,ST,50,East,MARY,ST,BURWOOD,,No,Not a school zone,1-way street,-33.876952,151.105082,Burwood,Sydney metro. area,Syd-Newc-Woll Gtr conurbation,Straight,,,,Off,Sealed,Dry,Fine,Daylight,Nil,No traffic controls,40 km/h,Local,0,Ped nearside,1,Ped - Near side,,Vehicle - Pedestrian,Car (sedan/hatch),Pedestrian,2,0,0,0,1,9,September,Spring,Thursday,14:00 - 15:59,Midday / afternoon,False,False,True,True
1370510,Injury,Serious Injury,2024,2024,December,Thursday,20:00 - 21:59,SHORT,ST,0,Right on the spot,YORK,ST,TERALBA,,No,Not a school zone,T-junction,-32.960679,151.6081,Lake Macquarie,Newcastle met. area,Syd-Newc-Woll Gtr conurbation,Straight,,,,On,Sealed,Dry,Fine,Darkness,Nil,Give way sign,50 km/h,Local,13,Right near,104,Adj - Right-thru from right,,Right angle,Car (sedan/hatch),Motorcycle,2,0,1,0,0,12,December,Summer,Thursday,20:00 - 21:59,Evening / night,False,False,True,True
1370512,Injury,Moderate Injury,2024,2024,November,Thursday,14:00 - 15:59,NEWCASTLE,EXP,5000,North,PACIFIC HIGHWAY,OP,COWAN,6003.0,No,Not a school zone,Dual freeway,-33.57227,151.192919,Hornsby,Sydney metro. area,Syd-Newc-Woll Gtr conurbation,Curved,,,,Off,Sealed,Dry,Fine,Daylight,Nil,No traffic controls,110 km/h,State,87,Off lft/lft bnd=>obj,804,Off left bend into obj,Left,Vehicle - Object,Large rigid,,1,0,0,1,0,11,November,Spring,Thursday,14:00 - 15:59,Midday / afternoon,False,False,True,True
1370514,Injury,Serious Injury,2024,2024,December,Sunday,18:00 - 19:59,QUEEN,ST,0,Right on the spot,NUMBER 2,HN,SOUTH KEMPSEY,,No,Not a school zone,2-way undivided,-31.088626,152.829907,Kempsey,Country urban,Rest of NSW - Urban,Curved,,,,Off,Sealed,Dry,Fine,Daylight,Nil,No traffic controls,50 km/h,Local,88,Out of cont on bend,805,Out of control on bend,,Rollover,Motorcycle,,1,0,1,0,0,12,December,Summer,Sunday,18:00 - 19:59,PM peak / evening commute,True,False,True,True
1370519,Injury,Serious Injury,2024,2024,November,Thursday,12:00 - 13:59,LITTLE HAY,ST,0,Right on the spot,SUSSEX,ST,HAYMARKET,,No,Not a school zone,T-junction,-33.878718,151.204834,Sydney,Sydney metro. area,Syd-Newc-Woll Gtr conurbation,Curved,,,,Off,Sealed,Dry,Fine,Daylight,Nil,No traffic controls,40 km/h,Local,0,Ped nearside,1,Ped - Near side,,Vehicle - Pedestrian,Car (sedan/hatch),Pedestrian,2,0,1,0,0,11,November,Spring,Thursday,12:00 - 13:59,Midday / afternoon,False,False,True,True
1370521,Injury,Serious Injury,2024,2024,November,Saturday,06:00 - 07:59,WATERFALL,WAY,150,West,DOME,RD,DORRIGO,76.0,No,Not a school zone,2-way undivided,-30.35462,152.716902,Bellingen,Country non-urban,Rest of NSW - Rural,Curved,Painted double centre lines,,,Nil,Sealed,Wet,Raining,Dawn,Nil,No traffic controls,100 km/h,State,20,Head on,201,Opp - Head on,,Head-on,4 wheel drive / SUV,Light truck,2,0,2,0,1,11,November,Spring,Saturday,06:00 - 07:59,AM peak / school commute,True,False,True,True
1370522,Injury,Moderate Injury,2024,2024,October,Saturday,12:00 - 13:59,WARRINGAH,RD,0,Right on the spot,VICTOR,RD,DEE WHY,328.0,No,Not a school zone,T-junction,-33.757624,151.277792,Northern Beaches,Sydney metro. area,Syd-Newc-Woll Gtr conurbation,Straight,Steep grade,,,Off,Sealed,Dry,Fine,Daylight,Nil,Stop sign,60 km/h,State,31,Left rear,302,Same - Rear left,,Rear end,4 wheel drive / SUV,Motor scooter,2,0,0,1,0,10,October,Spring,Saturday,12:00 - 13:59,Midday / afternoon,False,False,True,True
1370524,Injury,Minor/Other Injury,2024,2024,November,Saturday,04:00 - 05:59,GREAT WESTERN,HWY,50,West,CENTENARY,RD,SOUTH WENTWORTHVILLE,5.0,No,Not a school zone,Divided road,-33.815553,150.968941,Cumberland,Sydney metro. area,Syd-Newc-Woll Gtr conurbation,Straight,Steep grade,,,Off,Sealed,Dry,Fine,Dawn,Nil,No traffic controls,80 km/h,State,33,Lane sideswipe,305,Same - Lane side swipe,,Other angle,Light truck utility(from 2018),Pedal cycle,2,0,0,0,1,11,November,Spring,Saturday,04:00 - 05:59,Late night / early morning,False,False,True,True
1370525,Injury,Serious Injury,2024,2024,October,Monday,06:00 - 07:59,EDGEWARE,RD,100,North,CROSS,LANE,ENMORE,7017.0,No,Not a school zone,2-way undivided,-33.900164,151.17132,Inner West,Sydney metro. area,Syd-Newc-Woll Gtr conurbation,Straight,,,,Off,Sealed,Wet,Fine,Daylight,Nil,No traffic controls,60 km/h,Regional,43,Entering parking,402,Manov - Entering parking veh,,Other angle,Light truck,Motorcycle,2,0,1,0,0,10,October,Spring,Monday,06:00 - 07:59,AM peak / school commute,True,False,True,True
1370528,Injury,Moderate Injury,2024,2024,November,Saturday,02:00 - 03:59,PENKIVIL,ST,0,Right on the spot,MARTINS,AVE,BONDI,7335.0,No,Not a school zone,T-junction,-33.889801,151.261808,Waverley,Sydney metro. area,Syd-Newc-Woll Gtr conurbation,Straight,,,,On,Sealed,Dry,Fine,Darkness,Nil,Stop sign,50 km/h,Regional,10,Cross traffic,101,Adj - Cross traffic,,Right angle,Pedal cycle,Unknown motor vehicle,2,0,0,1,0,11,November,Spring,Saturday,02:00 - 03:59,Late night / early morning,False,False,True,True
1370529,Injury,Serious Injury,2024,2024,October,Wednesday,06:00 - 07:59,MAIN,ST,100,East,SUNNYHOLT,RD,BLACKTOWN,642.0,No,Not a school zone,2-way undivided,-33.772342,150.912435,Blacktown,Sydney metro. area,Syd-Newc-Woll Gtr conurbation,Straight,,,,On,Sealed,Dry,Fine,Dawn,Nil,No traffic controls,60 km/h,State,74,On road-out of cont.,705,Out of control on cway,,Rollover,Car (sedan/hatch),,1,0,1,0,0,10,October,Spring,Wednesday,06:00 - 07:59,AM peak / school commute,True,False,True,True
1370530,Injury,Moderate Injury,2024,2024,November,Sunday,10:00 - 11:59,KRAWARREE,RD,3000,South,JINDEN RIDGE,RD,SNOWBALL,7625.0,No,Not a school zone,2-way undivided,-35.962348,149.579566,Queanbeyan-Palerang Regional,Country non-urban,Rest of NSW - Rural,Curved,Steep grade,,,Nil,Unsealed,Dry,Fine,Daylight,Nil,No traffic controls,100 km/h,Regional,88,Out of cont on bend,805,Out of control on bend,,Rollover,Motorcycle,,1,0,0,1,0,11,November,Spring,Sunday,10:00 - 11:59,Midday / afternoon,False,False,True,True
1370534,Injury,Moderate Injury,2024,2024,November,Friday,10:00 - 11:59,RAWSON,ST,0,Right on the spot,NORTHUMBERLAND,RD,AUBURN,2069.0,No,Not a school zone,T-junction,-33.849243,151.033359,Cumberland,Sydney metro. area,Syd-Newc-Woll Gtr conurbation,Straight,,,,Off,Sealed,Dry,Fine,Daylight,On,No traffic controls,50 km/h,Regional,21,Right through,202,Opp - Right-thru,,Other angle,Car (sedan/hatch),Car (sedan/hatch),2,0,0,1,0,11,November,Spring,Friday,10:00 - 11:59,Midday / afternoon,False,False,True,True
1370536,Injury,Serious Injury,2024,2024,October,Tuesday,16:00 - 17:59,FOURTH,RD,40,South,LLANDILO,RD,BERKSHIRE PARK,,No,Not a school zone,2-way undivided,-33.668525,150.78099,Penrith,Sydney metro. area,Syd-Newc-Woll Gtr conurbation,Straight,Ditch/drain/culvert,,,Nil,Sealed,Dry,Fine,Daylight,Nil,No traffic controls,70 km/h,Local,71,Off rd left => obj,703,Left off cway into object,,Vehicle - Object,Station wagon,,1,0,1,0,0,10,October,Spring,Tuesday,16:00 - 17:59,PM peak / evening commute,True,False,True,True
1370538,Injury,Moderate Injury,2024,2024,September,Thursday,06:00 - 07:59,TEVEN,RD,0,Right on the spot,ELTHAM,RD,TEVEN,7734.0,No,Not a school zone,T-junction,-28.810342,153.487238,Ballina,Country urban,Rest of NSW - Urban,Straight,,,,Nil,Sealed,Dry,Fine,Daylight,Nil,Give way sign,80 km/h,Regional,31,Left rear,302,Same - Rear left,,Rear end,4 wheel drive / SUV,Car (sedan/hatch),2,0,0,1,0,9,September,Spring,Thursday,06:00 - 07:59,AM peak / school commute,True,False,True,True
1370540,Injury,Serious Injury,2024,2024,November,Friday,20:00 - 21:59,SUMMER,ST,100,East,SALE,ST,ORANGE,705.0,No,Not a school zone,Divided road,-33.282895,149.095207,Orange,Country urban,Rest of NSW - Urban,Straight,,,,On,Sealed,Dry,Fine,Darkness,Nil,No traffic controls,40 km/h,State,0,Ped nearside,1,Ped - Near side,,Vehicle - Pedestrian,Motorcycle,Pedestrian,2,0,2,0,0,11,November,Spring,Friday,20:00 - 21:59,Evening / night,False,False,True,True
1370541,Injury,Moderate Injury,2024,2024,September,Monday,12:00 - 13:59,FOREST,WAY,10,North,WEARDEN,RD,BELROSE,529.0,No,Not a school zone,T-junction,-33.737911,151.220263,Northern Beaches,Sydney metro. area,Syd-Newc-Woll Gtr conurbation,Straight,,,,Off,Sealed,Dry,Fine,Daylight,On,No traffic controls,70 km/h,State,30,Rear end,301,Same - Rear end,,Rear end,Passenger van,Car (sedan/hatch),3,0,0,1,0,9,September,Spring,Monday,12:00 - 13:59,Midday / afternoon,False,False,True,True
1370548,Injury,Serious Injury,2024,2024,November,Saturday,10:00 - 11:59,MARKS,RD,0,Right on the spot,NUMBER 108,HN,GOROKAN,,No,Not a school zone,2-way undivided,-33.262114,151.496359,Central Coast,Country urban,Syd-Newc-Woll Gtr conurbation,Straight,,,,Off,Sealed,Dry,Fine,Daylight,Nil,No traffic controls,50 km/h,Local,4,Ped walk with,5,Ped - Walking with traffic,,Vehicle - Pedestrian,Car (sedan/hatch),Pedestrian,2,0,1,0,0,11,November,Spring,Saturday,10:00 - 11:59,Midday / afternoon,False,False,True,True
1370551,Injury,Serious Injury,2024,2024,December,Thursday,16:00 - 17:59,PROSPECT,HWY,85,South,BEST,RD,SEVEN HILLS,644.0,No,Not a school zone,Divided road,-33.775807,150.933917,Blacktown,Sydney metro. area,Syd-Newc-Woll Gtr conurbation,Straight,,,,Off,Sealed,Dry,Fine,Daylight,On,Ped crossing,60 km/h,State,2,Ped far side,3,Ped - Far side,,Vehicle - Pedestrian,Car (sedan/hatch),Pedestrian,2,0,1,0,0,12,December,Summer,Thursday,16:00 - 17:59,PM peak / evening commute,True,False,True,True