crash_id,degree_of_crash,degree_of_crash_-_detailed,reporting_year,year_of_crash,month_of_crash,day_of_week_of_crash,two-hour_intervals,street_of_crash,street_type,distance,direction,identifying_feature,identifying_feature_type,town,route_no.,school_zone_location,school_zone_active,type_of_location,latitude,longitude,lga,urbanisation,conurbation_1,alignment,primary_permanent_feature,primary_temporary_feature,primary_hazardous_feature,street_lighting,road_surface,surface_condition,weather,natural_lighting,signals_operation,other_traffic_control,speed_limit,road_classification_(admin),rum_-_code,rum_-_description,dca_-_code,dca_-_description,dca_supplement,first_impact_type,key_tu_type,other_tu_type,no._of_traffic_units_involved,no._killed,no._seriously_injured,no._moderately_injured,no._minor-other_injured,month_num,month_label,season,day_label,time_label,time_band,is_peak_commute,is_fatal,is_injury,is_casualty
1370554,Injury,Serious Injury,2024,2024,November,Sunday,22:00 - Midnight,NEWCASTLE,EXP,100,South,DOG TRAP ROAD,OP,OURIMBAH,6003.0,No,Not a school zone,Dual freeway,-33.359995,151.337699,Central Coast,Country non-urban,Syd-Newc-Woll Gtr conurbation,Curved,Crest,,,On,Sealed,Dry,Overcast,Darkness,Nil,No traffic controls,110 km/h,State,87,Off lft/lft bnd=>obj,804,Off left bend into obj,Left,Vehicle - Object,Light truck,,2,0,1,1,0,11,November,Spring,Sunday,22:00 - Midnight,Evening / night,False,False,True,True
1370555,Injury,Moderate Injury,2024,2024,December,Saturday,18:00 - 19:59,MITCHELL,HWY,100,North,DEEP CREEK,RD,GEURIE,7.0,No,Not a school zone,2-way undivided,-32.365184,148.800958,Dubbo Regional,Country non-urban,Rest of NSW - Rural,Curved,Painted double centre lines,,,Nil,Sealed,Dry,Fine,Daylight,Nil,No traffic controls,110 km/h,State,85,Off rt/lft bnd=>obj,804,Off left bend into obj,Right,Vehicle - Object,Light truck utility(from 2018),,1,0,0,1,0,12,December,Summer,Saturday,18:00 - 19:59,PM peak / evening commute,True,False,True,True
1370556,Injury,Moderate Injury,2024,2024,November,Saturday,10:00 - 11:59,KILDARE,RD,30,West,BALMORAL,ST,BLACKTOWN,,No,Not a school zone,2-way undivided,-33.76886,150.903922,Blacktown,Sydney metro. area,Syd-Newc-Woll Gtr conurbation,Straight,Steep grade,,,Off,Sealed,Dry,Fine,Daylight,Nil,No traffic controls,50 km/h,Local,49,Other manoeuvring,400,Manov - other,,Other angle,4 wheel drive / SUV,Car (sedan/hatch),2,0,0,1,0,11,November,Spring,Saturday,10:00 - 11:59,Midday / afternoon,False,False,True,True
1370557,Injury,Moderate Injury,2024,2024,September,Friday,14:00 - 15:59,HAZELGROVE,RD,3000,South,SODWALLS,RD,TARANA,,No,Not a school zone,2-way undivided,-33.546605,149.911677,Lithgow,Country non-urban,Rest of NSW - Rural,Curved,,,Potholes/corrugations/rough,Nil,Sealed,Dry,Fine,Daylight,Nil,No traffic controls,100 km/h,Local,80,Off left/right bend,801,Off cway right bend,Left,Rollover,Motorcycle,,1,0,0,1,0,9,September,Spring,Friday,14:00 - 15:59,Midday / afternoon,False,False,True,True
1370558,Injury,Minor/Other Injury,2024,2024,December,Wednesday,18:00 - 19:59,MILITARY,RD,20,West,BYRON,RD,YENNORA,,No,Not a school zone,2-way undivided,-33.861388,150.975178,Cumberland,Sydney metro. area,Syd-Newc-Woll Gtr conurbation,Straight,,,,Off,Sealed,Dry,Fine,Daylight,Nil,No traffic controls,50 km/h,Local,71,Off rd left => obj,703,Left off cway into object,,Other angle,Car (sedan/hatch),Car (sedan/hatch),5,0,0,0,1,12,December,Summer,Wednesday,18:00 - 19:59,PM peak / evening commute,True,False,True,True
1370559,Injury,Serious Injury,2024,2024,November,Saturday,14:00 - 15:59,LANE COVE,RD,0,Right on the spot,BRIDGE,RD,RYDE,162.0,No,Not a school zone,X-intersection,-33.797721,151.114963,Ryde,Sydney metro. area,Syd-Newc-Woll Gtr conurbation,Curved,,,,Off,Sealed,Wet,Raining,Daylight,On,No traffic controls,70 km/h,State,21,Right through,202,Opp - Right-thru,,Other angle,Light truck,Car (sedan/hatch),2,0,1,1,0,11,November,Spring,Saturday,14:00 - 15:59,Midday / afternoon,False,False,True,True
1370562,Injury,Moderate Injury,2024,2024,July,Thursday,18:00 - 19:59,PEMBROKE,ST,50,North,OXFORD,ST,CAMBRIDGE PARK,,No,Not a school zone,2-way undivided,-33.746711,150.71776,Penrith,Sydney metro. area,Syd-Newc-Woll Gtr conurbation,Straight,,,,Nil,Sealed,Dry,Fine,Darkness,Nil,No traffic controls,50 km/h,Local,71,Off rd left => obj,703,Left off cway into object,,Other angle,Station wagon,4 wheel drive / SUV,2,0,0,1,0,7,July,Winter,Thursday,18:00 - 19:59,PM peak / evening commute,True,False,True,True
1370563,Injury,Moderate Injury,2024,2024,October,Saturday,10:00 - 11:59,GWYDIR,HWY,20,East,ROSSLYN,ST,INVERELL,12.0,No,Not a school zone,Divided road,-29.775422,151.105286,Inverell,Country urban,Rest of NSW - Urban,Curved,Steep grade,,,Off,Sealed,Dry,Fine,Daylight,Nil,No traffic controls,50 km/h,State,30,Rear end,301,Same - Rear end,,Rear end,Motorcycle,Car (sedan/hatch),2,0,0,1,0,10,October,Spring,Saturday,10:00 - 11:59,Midday / afternoon,False,False,True,True
1370568,Injury,Minor/Other Injury,2024,2024,November,Monday,12:00 - 13:59,CLARENCE,WAY,1000,South,CULMARAN CREEK,RD,CULMARAN CREEK,361.0,No,Not a school zone,2-way undivided,-28.862299,152.649332,Kyogle,Country urban,Rest of NSW - Urban,Straight,,Roadwks/Detour/Diverson,,Nil,Unsealed,Dry,Fine,Daylight,Nil,No traffic controls,40 km/h,Regional,40,U turn,207,Opp - U-turn,,Other angle,Light truck utility(from 2018),Motorcycle,2,0,0,0,1,11,November,Spring,Monday,12:00 - 13:59,Midday / afternoon,False,False,True,True
1370571,Injury,Serious Injury,2024,2024,September,Saturday,08:00 - 09:59,GREAT WESTERN,HWY,0,Right on the spot,CHARLES HACKETT,DR,ST MARYS,5.0,No,Not a school zone,X-intersection,-33.769532,150.768721,Penrith,Sydney metro. area,Syd-Newc-Woll Gtr conurbation,Straight,,,,Off,Sealed,Dry,Fine,Daylight,On,No traffic controls,50 km/h,State,21,Right through,202,Opp - Right-thru,,Other angle,Car (sedan/hatch),Car (sedan/hatch),2,0,2,1,0,9,September,Spring,Saturday,08:00 - 09:59,AM peak / school commute,True,False,True,True
1370581,Injury,Moderate Injury,2024,2024,October,Friday,12:00 - 13:59,FOREST,RD,0,Right on the spot,FREDERICK,ST,BEXLEY,168.0,No,Not a school zone,T-junction,-33.945714,151.128092,Bayside,Sydney metro. area,Syd-Newc-Woll Gtr conurbation,Curved,,,,Off,Sealed,Dry,Fine,Daylight,Nil,No traffic controls,60 km/h,State,11,Right far,102,Adj - Right-thru from left,,Right angle,4 wheel drive / SUV,Car (sedan/hatch),3,0,0,1,0,10,October,Spring,Friday,12:00 - 13:59,Midday / afternoon,False,False,True,True
1370583,Injury,Moderate Injury,2024,2024,December,Saturday,06:00 - 07:59,POLDING,ST,10,West,SMITHFIELD,RD,SMITHFIELD,7222.0,No,Not a school zone,Roundabout,-33.860332,150.927408,Fairfield,Sydney metro. area,Syd-Newc-Woll Gtr conurbation,Straight,Painted double centre lines,,,Nil,Sealed,Wet,Raining,Dawn,Nil,Give way sign,60 km/h,Regional,20,Head on,201,Opp - Head on,,Head-on,Car (sedan/hatch),4 wheel drive / SUV,2,0,0,1,1,12,December,Summer,Saturday,06:00 - 07:59,AM peak / school commute,True,False,True,True
1370586,Injury,Moderate Injury,2024,2024,December,Monday,12:00 - 13:59,ASHBY,ST,0,Right on the spot,EXCELSIOR,ST,GUILDFORD,,No,Not a school zone,T-junction,-33.859589,150.999631,Cumberland,Sydney metro. area,Syd-Newc-Woll Gtr conurbation,Straight,Driveway/entrance,,,Off,Sealed,Dry,Fine,Daylight,Nil,No traffic controls,50 km/h,Local,47,Emerging from drive,406,Manov - Emerging from driveway,,Right angle,Car (sedan/hatch),Station wagon,2,0,0,1,0,12,December,Summer,Monday,12:00 - 13:59,Midday / afternoon,False,False,True,True
1370589,Injury,Moderate Injury,2024,2024,August,Thursday,14:00 - 15:59,SYDNEY HARBOUR BRIDGE PEDESTRIAN,ACCS,0,Right on the spot,SYDNEY HARBOUR,BDGE,MILSONS POINT,,No,Not a school zone,Other,-33.850555,151.212019,North Sydney,Sydney metro. area,Syd-Newc-Woll Gtr conurbation,Straight,Foot/cycle path/nature strip,,,Nil,Sealed,Dry,Fine,Daylight,Nil,No traffic controls,Unknown,Local,20,Head on,201,Opp - Head on,,Head-on,Pedal cycle,Pedal cycle,2,0,0,1,0,8,August,Winter,Thursday,14:00 - 15:59,Midday / afternoon,False,False,True,True
1370592,Injury,Serious Injury,2024,2024,December,Saturday,10:00 - 11:59,MITCHELL,HWY,100,West,CASHENS,LANE,GUYONG,7.0,No,Not a school zone,2-way undivided,-33.421504,149.299085,Cabonne,Country non-urban,Rest of NSW - Rural,Straight,Embankment/cutting,,,Nil,Sealed,Dry,Fine,Daylight,Nil,No traffic controls,100 km/h,State,71,Off rd left => obj,703,Left off cway into object,,Vehicle - Object,4 wheel drive / SUV,,1,0,1,0,0,12,December,Summer,Saturday,10:00 - 11:59,Midday / afternoon,False,False,True,True
1370593,Injury,Moderate Injury,2024,2024,December,Saturday,18:00 - 19:59,WENTWORTH,AVE,0,Right on the spot,DENISON,ST,EASTGARDENS,344.0,No,Not a school zone,T-junction,-33.945985,151.223333,Bayside,Sydney metro. area,Syd-Newc-Woll Gtr conurbation,Straight,,,,On,Sealed,Dry,Fine,Dusk,On,No traffic controls,70 km/h,State,21,Right through,202,Opp - Right-thru,,Other angle,Car (sedan/hatch),Car (sedan/hatch),2,0,0,1,0,12,December,Summer,Saturday,18:00 - 19:59,PM peak / evening commute,True,False,True,True
1370596,Injury,Moderate Injury,2024,2024,November,Sunday,16:00 - 17:59,GORDON,ST,20,North,NEW CANTERBURY,RD,PETERSHAM,664.0,No,Not a school zone,2-way undivided,-33.896447,151.152376,Inner West,Sydney metro. area,Syd-Newc-Woll Gtr conurbation,Straight,,,,Off,Sealed,Dry,Fine,Daylight,Nil,No traffic controls,50 km/h,State,35,Lane change left,307,Same - Lane change left,,Other angle,4 wheel drive / SUV,Motor scooter,2,0,0,1,0,11,November,Spring,Sunday,16:00 - 17:59,PM peak / evening commute,True,False,True,True
1370597,Injury,Serious Injury,2024,2024,October,Thursday,14:00 - 15:59,THE NORTHERN,RD,0,Right on the spot,WENTWORTH,RD,ORCHARD HILLS,154.0,No,Not a school zone,X-intersection,-33.793798,150.699225,Penrith,Sydney metro. area,Syd-Newc-Woll Gtr conurbation,Straight,,,,Off,Sealed,Dry,Fine,Daylight,Off,No traffic controls,70 km/h,State,71,Off rd left => obj,703,Left off cway into object,,Vehicle - Object,4 wheel drive / SUV,,1,0,1,1,0,10,October,Spring,Thursday,14:00 - 15:59,Midday / afternoon,False,False,True,True
1370603,Injury,Moderate Injury,2024,2024,December,Saturday,10:00 - 11:59,CHINAMANS,RD,200,South,RED HILL,RD,OURIMBAH,,No,Not a school zone,2-way undivided,-33.294253,151.336235,Central Coast,Country urban,Syd-Newc-Woll Gtr conurbation,Curved,,,,Nil,Unsealed,Dry,Fine,Daylight,Nil,No traffic controls,50 km/h,Local,88,Out of cont on bend,805,Out of control on bend,,Rollover,Motorcycle,,1,0,0,1,0,12,December,Summer,Saturday,10:00 - 11:59,Midday / afternoon,False,False,True,True
1370610,Injury,Serious Injury,2024,2024,August,Sunday,10:00 - 11:59,PACIFIC,HWY,2200,South,BROOKLYN,RD,COWAN,10.0,No,Not a school zone,2-way undivided,-33.560161,151.189295,Hornsby,Sydney metro. area,Syd-Newc-Woll Gtr conurbation,Curved,Embankment/cutting,,,Nil,Sealed,Dry,Fine,Daylight,Nil,No traffic controls,70 km/h,State,81,Off left/rt bnd=>obj,803,Off right bend into obj,Left,Vehicle - Object,Motorcycle,,1,0,1,0,0,8,August,Winter,Sunday,10:00 - 11:59,Midday / afternoon,False,False,True,True
1370611,Injury,Minor/Other Injury,2024,2024,December,Thursday,14:00 - 15:59,MATE,ST,0,Right on the spot,NUMBER 1092,HN,NORTH ALBURY,688.0,No,Not a school zone,Divided road,-36.05359,146.933433,Albury,Country urban,Rest of NSW - Urban,Straight,,,,Nil,Sealed,Dry,Fine,Daylight,Nil,No traffic controls,60 km/h,Regional,2,Ped far side,3,Ped - Far side,,Vehicle - Pedestrian,4 wheel drive / SUV,Pedestrian,3,0,0,0,2,12,December,Summer,Thursday,14:00 - 15:59,Midday / afternoon,False,False,True,True
1370612,Injury,Serious Injury,2024,2024,November,Saturday,10:00 - 11:59,KENNETH,RD,0,Right on the spot,NUMBER 36,HN,MANLY VALE,7344.0,No,Not a school zone,2-way undivided,-33.787214,151.271604,Northern Beaches,Sydney metro. area,Syd-Newc-Woll Gtr conurbation,Straight,,,,Off,Sealed,Dry,Fine,Daylight,Nil,No traffic controls,50 km/h,Regional,74,On road-out of cont.,705,Out of control on cway,,Rollover,Pedal cycle,,1,0,1,0,0,11,November,Spring,Saturday,10:00 - 11:59,Midday / afternoon,False,False,True,True
1370614,Injury,Minor/Other Injury,2024,2024,November,Friday,16:00 - 17:59,HOOKE,ST,0,Right on the spot,LORD,ST,DUNGOG,7764.0,No,Not a school zone,T-junction,-32.399414,151.755594,Dungog,Country urban,Rest of NSW - Urban,Straight,Steep grade,Roadwks/Detour/Diverson,,Off,Sealed,Dry,Fine,Dusk,Nil,Give way sign,50 km/h,Regional,3,Ped on carriageway,4,Ped - On carriageway,,Vehicle - Pedestrian,Light truck utility(from 2018),Pedestrian,2,0,0,0,1,11,November,Spring,Friday,16:00 - 17:59,PM peak / evening commute,True,False,True,True
1370618,Injury,Moderate Injury,2024,2024,October,Saturday,08:00 - 09:59,STATION,ST,50,South,NATTAI,ST,COURIDJAH,,No,Not a school zone,2-way undivided,-34.226337,150.554634,Wollondilly,Country urban,Syd-Newc-Woll Gtr conurbation,Straight,Embankment/cutting,,,Nil,Sealed,Dry,Overcast,Daylight,Nil,No traffic controls,80 km/h,Local,20,Head on,201,Opp - Head on,,Head-on,Car (sedan/hatch),4 wheel drive / SUV,2,0,0,1,1,10,October,Spring,Saturday,08:00 - 09:59,AM peak / school commute,True,False,True,True
1370619,Injury,Serious Injury,2024,2024,October,Saturday,12:00 - 13:59,THE WOOL,LANE,0,Right on the spot,THE WOOL,RD,ST GEORGES BASIN,,No,Not a school zone,T-junction,-35.088425,150.612142,Shoalhaven,Country urban,Rest of NSW - Urban,Straight,,,,On,Sealed,Wet,Raining,Daylight,Nil,Give way sign,80 km/h,Local,13,Right near,104,Adj - Right-thru from right,,Right angle,Car (sedan/hatch),Station wagon,3,0,1,0,2,10,October,Spring,Saturday,12:00 - 13:59,Midday / afternoon,False,False,True,True
1370620,Injury,Serious Injury,2024,2024,December,Thursday,06:00 - 07:59,PARKER,ST,50,North,STAFFORD,ST,PENRITH,154.0,No,Not a school zone,Divided road,-33.761842,150.710426,Penrith,Sydney metro. area,Syd-Newc-Woll Gtr conurbation,Straight,,,,Off,Sealed,Dry,Fine,Daylight,Nil,No traffic controls,70 km/h,State,30,Rear end,301,Same - Rear end,,Rear end,Car (sedan/hatch),Car (sedan/hatch),3,0,1,0,0,12,December,Summer,Thursday,06:00 - 07:59,AM peak / school commute,True,False,True,True
1370622,Injury,Moderate Injury,2024,2024,December,Friday,14:00 - 15:59,THE ESCORT,WAY,0,Right on the spot,NUMBER 2135,HN,BOREE,61.0,No,Not a school zone,2-way undivided,-33.222255,148.901855,Cabonne,Country non-urban,Rest of NSW - Rural,Curved,,,,Nil,Sealed,Wet,Raining,Daylight,Nil,No traffic controls,100 km/h,State,80,Off left/right bend,801,Off cway right bend,Left,Rollover,B-double (road train prior 98),,1,0,0,1,0,12,December,Summer,Friday,14:00 - 15:59,Midday / afternoon,False,False,True,True
1370627,Injury,Serious Injury,2024,2024,November,Monday,10:00 - 11:59,FLAGSTAFF,RD,0,Right on the spot,LAKE HEIGHTS,RD,LAKE HEIGHTS,,No,Not a school zone,T-junction,-34.478977,150.868532,Wollongong,Wollongong met. area,Syd-Newc-Woll Gtr conurbation,Straight,Steep grade,,,Off,Sealed,Dry,Fine,Daylight,Nil,No traffic controls,50 km/h,Local,53,Overtake turning,506,Ovtak - Overtaking right turn,,Other angle,Motorcycle,Car (sedan/hatch),2,0,1,0,0,11,November,Spring,Monday,10:00 - 11:59,Midday / afternoon,False,False,True,True
1370632,Injury,Serious Injury,2024,2024,June,Sunday,14:00 - 15:59,NEWCASTLE,EXP,900,South,PEATS RIDGE ROAD,TO,CALGA,6003.0,No,Not a school zone,Dual freeway,-33.439896,151.218731,Central Coast,Country non-urban,Syd-Newc-Woll Gtr conurbation,Curved,Steep grade,,,Nil,Sealed,Wet,Overcast,Daylight,Nil,No traffic controls,110 km/h,State,86,Off left/left bend,802,Off cway left bend,Left,Rollover,Light truck,,1,0,1,0,0,6,June,Winter,Sunday,14:00 - 15:59,Midday / afternoon,False,False,True,True
1370635,Injury,Minor/Other Injury,2024,2024,October,Thursday,06:00 - 07:59,CHAPEL,RD,0,Right on the spot,ELDRIDGE,RD,BANKSTOWN,7122.0,No,Not a school zone,T-junction,-33.932748,151.027652,Canterbury-Bankstown,Sydney metro. area,Syd-Newc-Woll Gtr conurbation,Straight,Driveway/entrance,,,On,Sealed,Dry,Fine,Dawn,On,Ped crossing,60 km/h,Regional,0,Ped nearside,1,Ped - Near side,,Vehicle - Pedestrian,Light truck utility(from 2018),Pedestrian,2,0,0,0,1,10,October,Spring,Thursday,06:00 - 07:59,AM peak / school commute,True,False,True,True
1370639,Injury,Minor/Other Injury,2024,2024,November,Friday,06:00 - 07:59,MACQUARIE,RD,0,Right on the spot,MYALL,RD,CARDIFF,527.0,No,Not a school zone,X-intersection,-32.942439,151.658033,Lake Macquarie,Newcastle met. area,Syd-Newc-Woll Gtr conurbation,Straight,,,,Off,Sealed,Dry,Fine,Daylight,On,No traffic controls,60 km/h,State,31,Left rear,302,Same - Rear left,,Rear end,Light truck utility(from 2018),Motorcycle,2,0,0,0,1,11,November,Spring,Friday,06:00 - 07:59,AM peak / school commute,True,False,True,True
1370642,Injury,Minor/Other Injury,2024,2024,December,Thursday,12:00 - 13:59,BARTON,ST,0,Right on the spot,NUMBER 79,HN,MONTEREY,,No,Not a school zone,2-way undivided,-33.973378,151.145498,Bayside,Sydney metro. area,Syd-Newc-Woll Gtr conurbation,Straight,Driveway/entrance,,,Off,Sealed,Dry,Fine,Daylight,Nil,No traffic controls,50 km/h,Local,47,Emerging from drive,406,Manov - Emerging from driveway,,Right angle,4 wheel drive / SUV,Car (sedan/hatch),2,0,0,0,2,12,December,Summer,Thursday,12:00 - 13:59,Midday / afternoon,False,False,True,True
1370646,Injury,Moderate Injury,2024,2024,June,Wednesday,16:00 - 17:59,WESTERN,DSTR,0,Right on the spot,ANZAC,BDGE,PYRMONT,165.0,No,Not a school zone,Divided road,-33.869301,151.186483,Sydney,Sydney metro. area,Syd-Newc-Woll Gtr conurbation,Straight,Other bridge,,,Off,Sealed,Dry,Fine,Daylight,Nil,No traffic controls,60 km/h,State,30,Rear end,301,Same - Rear end,,Rear end,Other bus,Unknown motor vehicle,4,0,0,1,0,6,June,Winter,Wednesday,16:00 - 17:59,PM peak / evening commute,True,False,True,True
1370649,Injury,Moderate Injury,2024,2024,October,Saturday,18:00 - 19:59,BENDICK MURRELL,RD,100,South,EWENS,ST,BENDICK MURRELL,,No,Not a school zone,2-way undivided,-34.160142,148.446027,Hilltops,Country urban,Rest of NSW - Urban,Straight,Steep grade,,,Nil,Sealed,Dry,Fine,Daylight,Nil,No traffic controls,50 km/h,Local,74,On road-out of cont.,705,Out of control on cway,,Rollover,Motorcycle,,1,0,0,1,0,10,October,Spring,Saturday,18:00 - 19:59,PM peak / evening commute,True,False,True,True
1370651,Injury,Serious Injury,2024,2024,October,Thursday,08:00 - 09:59,FRIENDSHIP,ST,150,East,SUPPLY,ST,DUNDAS VALLEY,,No,Not a school zone,2-way undivided,-33.787808,151.057222,Parramatta,Sydney metro. area,Syd-Newc-Woll Gtr conurbation,Curved,Steep grade,,,Nil,Sealed,Dry,Fine,Daylight,Nil,No traffic controls,50 km/h,Local,81,Off left/rt bnd=>obj,803,Off right bend into obj,Left,Other angle,4 wheel drive / SUV,Car (sedan/hatch),2,0,1,0,0,10,October,Spring,Thursday,08:00 - 09:59,AM peak / school commute,True,False,True,True
1370653,Injury,Moderate Injury,2024,2024,November,Wednesday,16:00 - 17:59,WARDELL,RD,0,Right on the spot,LANG,RD,EARLWOOD,7053.0,No,Not a school zone,T-junction,-33.915099,151.134866,Canterbury-Bankstown,Sydney metro. area,Syd-Newc-Woll Gtr conurbation,Straight,,,,Off,Sealed,Dry,Fine,Daylight,Nil,Give way sign,50 km/h,Regional,10,Cross traffic,101,Adj - Cross traffic,,Right angle,4 wheel drive / SUV,Pedal cycle,2,0,0,1,0,11,November,Spring,Wednesday,16:00 - 17:59,PM peak / evening commute,True,False,True,True
1370656,Injury,Moderate Injury,2024,2024,November,Monday,16:00 - 17:59,ABERGLASSLYN,RD,0,Right on the spot,ALEXANDER,AVE,RUTHERFORD,,No,Not a school zone,Roundabout,-32.715316,151.537298,Maitland,Country urban,Rest of NSW - Urban,Straight,,,,Off,Sealed,Wet,Raining,Daylight,Nil,Give way sign,60 km/h,Local,10,Cross traffic,101,Adj - Cross traffic,,Right angle,4 wheel drive / SUV,4 wheel drive / SUV,2,0,0,1,0,11,November,Spring,Monday,16:00 - 17:59,PM peak / evening commute,True,False,True,True
1370660,Injury,Moderate Injury,2024,2024,October,Tuesday,18:00 - 19:59,BROCK,ST,0,Right on the spot,NUMBER 80,HN,YOUNG,,No,Not a school zone,2-way undivided,-34.308153,148.301689,Hilltops,Country urban,Rest of NSW - Urban,Straight,Steep grade,,,Off,Sealed,Dry,Fine,Daylight,Nil,No traffic controls,50 km/h,Local,71,Off rd left => obj,703,Left off cway into object,,Other angle,Car (sedan/hatch),Other small trailer,2,0,0,1,0,10,October,Spring,Tuesday,18:00 - 19:59,PM peak / evening commute,True,False,True,True
1370662,Injury,Minor/Other Injury,2024,2024,December,Wednesday,22:00 - Midnight,HUME,HWY,750,South,INVERARY,RD,WINGELLO,2.0,No,Not a school zone,Divided road,-34.651325,150.111265,Wingecarribee,Country non-urban,Rest of NSW - Rural,Curved,Embankment/cutting,,,Nil,Sealed,Dry,Fine,Darkness,Nil,No traffic controls,110 km/h,State,81,Off left/rt bnd=>obj,803,Off right bend into obj,Left,Vehicle - Object,Station wagon,,1,0,0,0,1,12,December,Summer,Wednesday,22:00 - Midnight,Evening / night,False,False,True,True
1370663,Injury,Moderate Injury,2024,2024,December,Tuesday,22:00 - Midnight,BURNET,ST,50,West,CHERRY,ST,BALLINA,,No,Not a school zone,2-way undivided,-28.866122,153.563299,Ballina,Country urban,Rest of NSW - Urban,Straight,,,,On,Sealed,Dry,Fine,Darkness,Nil,No traffic controls,50 km/h,Local,6,Ped on footpath,8,Ped - On footway/median,,Vehicle - Pedestrian,Car (sedan/hatch),Pedestrian,2,0,0,1,0,12,December,Summer,Tuesday,22:00 - Midnight,Evening / night,False,False,True,True
1370664,Injury,Moderate Injury,2024,2024,November,Wednesday,16:00 - 17:59,CAPPER,ST,0,Right on the spot,CHELMSFORD,AVE,LINDFIELD,,No,Not a school zone,T-junction,-33.776024,151.177857,Ku-ring-gai,Sydney metro. area,Syd-Newc-Woll Gtr conurbation,Straight,,,,Off,Sealed,Dry,Fine,Daylight,Nil,No traffic controls,50 km/h,Local,13,Right near,104,Adj - Right-thru from right,,Right angle,Other bus,4 wheel drive / SUV,2,0,0,1,0,11,November,Spring,Wednesday,16:00 - 17:59,PM peak / evening commute,True,False,True,True
1370667,Injury,Moderate Injury,2024,2024,December,Tuesday,20:00 - 21:59,ROOTY HILL,RD,0,Right on the spot,POWER,ST,PLUMPTON,537.0,No,Not a school zone,T-junction,-33.751413,150.841282,Blacktown,Sydney metro. area,Syd-Newc-Woll Gtr conurbation,Straight,,,,On,Sealed,Dry,Fine,Darkness,On,No traffic controls,60 km/h,State,21,Right through,202,Opp - Right-thru,,Other angle,4 wheel drive / SUV,4 wheel drive / SUV,2,0,0,1,0,12,December,Summer,Tuesday,20:00 - 21:59,Evening / night,False,False,True,True
1370668,Injury,Moderate Injury,2024,2024,November,Tuesday,10:00 - 11:59,EDGAR,ST,0,Right on the spot,MARION,ST,BANKSTOWN,7120.0,No,Not a school zone,X-intersection,-33.916108,151.014042,Canterbury-Bankstown,Sydney metro. area,Syd-Newc-Woll Gtr conurbation,Straight,,,,Off,Sealed,Dry,Fine,Daylight,On,No traffic controls,60 km/h,Regional,10,Cross traffic,101,Adj - Cross traffic,,Right angle,Car (sedan/hatch),4 wheel drive / SUV,3,0,0,2,0,11,November,Spring,Tuesday,10:00 - 11:59,Midday / afternoon,False,False,True,True
1370671,Injury,Serious Injury,2024,2024,November,Thursday,14:00 - 15:59,BINDA,RD,2000,North,RYLSTONE,RD,BINDA,54.0,No,Not a school zone,2-way undivided,-34.361097,149.375394,Upper Lachlan,Country non-urban,Rest of NSW - Rural,Curved,Ditch/drain/culvert,,Loose gravel shoulder,Nil,Sealed,Dry,Fine,Daylight,Nil,No traffic controls,100 km/h,State,87,Off lft/lft bnd=>obj,804,Off left bend into obj,Left,Vehicle - Object,Station wagon,,1,0,1,0,0,11,November,Spring,Thursday,14:00 - 15:59,Midday / afternoon,False,False,True,True
1370673,Injury,Serious Injury,2024,2024,November,Monday,10:00 - 11:59,BROOK,ST,0,Right on the spot,WARRINGAH,EXP,CROWS NEST,2093.0,No,Not a school zone,T-junction,-33.821343,151.204246,North Sydney,Sydney metro. area,Syd-Newc-Woll Gtr conurbation,Straight,,,,Nil,Sealed,Dry,Fine,Daylight,On,No traffic controls,60 km/h,Regional,11,Right far,102,Adj - Right-thru from left,,Right angle,Light truck utility(from 2018),Car (sedan/hatch),2,0,2,0,0,11,November,Spring,Monday,10:00 - 11:59,Midday / afternoon,False,False,True,True
1370674,Injury,Moderate Injury,2024,2024,December,Sunday,14:00 - 15:59,POLDING,ST,0,Right on the spot,SMITHFIELD,RD,FAIRFIELD WEST,7222.0,No,Not a school zone,Roundabout,-33.860492,150.927487,Fairfield,Sydney metro. area,Syd-Newc-Woll Gtr conurbation,Straight,Underpass/tunnel,,,Nil,Sealed,Dry,Fine,Daylight,Nil,Give way sign,60 km/h,Regional,10,Cross traffic,101,Adj - Cross traffic,,Right angle,Car (sedan/hatch),Light truck,2,0,0,1,0,12,December,Summer,Sunday,14:00 - 15:59,Midday / afternoon,False,False,True,True
1370677,Injury,Serious Injury,2024,2024,October,Monday,02:00 - 03:59,LISGAR,ST,65,West,DAGMAR,LANE,JUNEE,,No,Not a school zone,2-way undivided,-34.870844,147.588589,Junee,Country urban,Rest of NSW - Urban,Straight,Other bridge,,,Off,Sealed,Dry,Fine,Darkness,Nil,No traffic controls,50 km/h,Local,73,Off rd rght => obj,704,Right off cway into obj,,Vehicle - Object,Car (sedan/hatch),,1,0,1,0,0,10,October,Spring,Monday,02:00 - 03:59,Late night / early morning,False,False,True,True
1370687,Injury,Moderate Injury,2024,2024,September,Thursday,00:01 - 01:59,MARTHA JANE,AVE,0,Right on the spot,THE SCENIC,RD,KILLCARE,,No,Not a school zone,T-junction,-33.525444,151.364289,Central Coast,Country urban,Syd-Newc-Woll Gtr conurbation,Curved,Steep grade,,,Nil,Sealed,Dry,Fine,Darkness,Nil,No traffic controls,50 km/h,Local,81,Off left/rt bnd=>obj,803,Off right bend into obj,Left,Vehicle - Object,Car (sedan/hatch),,1,0,0,2,0,9,September,Spring,Thursday,00:01 - 01:59,Late night / early morning,False,False,True,True