crash_id,degree_of_crash,degree_of_crash_-_detailed,reporting_year,year_of_crash,month_of_crash,day_of_week_of_crash,two-hour_intervals,street_of_crash,street_type,distance,direction,identifying_feature,identifying_feature_type,town,route_no.,school_zone_location,school_zone_active,type_of_location,latitude,longitude,lga,urbanisation,conurbation_1,alignment,primary_permanent_feature,primary_temporary_feature,primary_hazardous_feature,street_lighting,road_surface,surface_condition,weather,natural_lighting,signals_operation,other_traffic_control,speed_limit,road_classification_(admin),rum_-_code,rum_-_description,dca_-_code,dca_-_description,dca_supplement,first_impact_type,key_tu_type,other_tu_type,no._of_traffic_units_involved,no._killed,no._seriously_injured,no._moderately_injured,no._minor-other_injured,month_num,month_label,season,day_label,time_label,time_band,is_peak_commute,is_fatal,is_injury,is_casualty
1370693,Injury,Moderate Injury,2024,2024,November,Wednesday,06:00 - 07:59,KURMOND,RD,0,Right on the spot,NUMBER 561,HN,FREEMANS REACH,,No,Not a school zone,2-way undivided,-33.557292,150.784148,Hawkesbury,Country urban,Syd-Newc-Woll Gtr conurbation,Straight,Driveway/entrance,,,Nil,Sealed,Dry,Fine,Daylight,Nil,No traffic controls,80 km/h,Local,32,Right rear,303,Same - Rear right,,Rear end,Car (sedan/hatch),Light truck utility(from 2018),3,0,0,3,0,11,November,Spring,Wednesday,06:00 - 07:59,AM peak / school commute,True,False,True,True
1370697,Injury,Serious Injury,2024,2024,September,Thursday,08:00 - 09:59,ALBERT,ST,0,Right on the spot,KADWELL,ST,GOULBURN,,No,Not a school zone,X-intersection,-34.742692,149.714141,Goulburn Mulwaree,Country urban,Rest of NSW - Urban,Straight,Steep grade,,,Nil,Sealed,Dry,Fine,Daylight,Nil,Give way sign,50 km/h,Local,2,Ped far side,3,Ped - Far side,,Vehicle - Pedestrian,Car (sedan/hatch),Ped in toy vehicle,2,0,1,0,0,9,September,Spring,Thursday,08:00 - 09:59,AM peak / school commute,True,False,True,True
1370700,Injury,Moderate Injury,2024,2024,December,Friday,14:00 - 15:59,CARGO,RD,300,West,NASHDALE,LANE,NASHDALE,237.0,No,Not a school zone,2-way undivided,-33.294731,149.009388,Cabonne,Country urban,Rest of NSW - Urban,Straight,Painted double centre lines,,,Nil,Sealed,Dry,Fine,Daylight,Nil,No traffic controls,80 km/h,Regional,20,Head on,201,Opp - Head on,,Head-on,Light truck,4 wheel drive / SUV,2,0,0,2,0,12,December,Summer,Friday,14:00 - 15:59,Midday / afternoon,False,False,True,True
1370703,Injury,Moderate Injury,2024,2024,October,Sunday,18:00 - 19:59,HEATHCOTE,RD,0,Right on the spot,SOUTH WESTERN,EXP,MOOREBANK,512.0,No,Not a school zone,T-junction,-33.941682,150.942118,Liverpool,Sydney metro. area,Syd-Newc-Woll Gtr conurbation,Straight,,,,Off,Sealed,Dry,Fine,Daylight,On,No right turn,60 km/h,State,13,Right near,104,Adj - Right-thru from right,,Right angle,Car (sedan/hatch),Car (sedan/hatch),2,0,0,2,0,10,October,Spring,Sunday,18:00 - 19:59,PM peak / evening commute,True,False,True,True
1370706,Injury,Moderate Injury,2024,2024,November,Friday,14:00 - 15:59,WINGHAM,RD,50,South,MCLENNAN,ST,TAREE,192.0,No,Not a school zone,2-way undivided,-31.900119,152.446231,Mid-Coast,Country urban,Rest of NSW - Urban,Straight,,,,Off,Sealed,Wet,Raining,Daylight,Nil,No traffic controls,60 km/h,Regional,20,Head on,201,Opp - Head on,,Head-on,Car (sedan/hatch),Car (sedan/hatch),3,0,0,1,0,11,November,Spring,Friday,14:00 - 15:59,Midday / afternoon,False,False,True,True
1370707,Injury,Moderate Injury,2024,2024,October,Saturday,10:00 - 11:59,CROOKED,LANE,220,East,BELLS LINE OF,RD,NORTH RICHMOND,,No,Not a school zone,2-way undivided,-33.573435,150.716029,Hawkesbury,Country urban,Syd-Newc-Woll Gtr conurbation,Straight,Narrow/1-lane bridge,,,Off,Sealed,Dry,Fine,Daylight,Nil,No traffic controls,70 km/h,Local,30,Rear end,301,Same - Rear end,,Rear end,4 wheel drive / SUV,Light truck utility(from 2018),2,0,0,1,0,10,October,Spring,Saturday,10:00 - 11:59,Midday / afternoon,False,False,True,True
1370708,Injury,Serious Injury,2024,2024,November,Monday,16:00 - 17:59,LINDEN,ST,10,North,EAST,PDE,SUTHERLAND,,No,Not a school zone,Roundabout,-34.034988,151.054033,Sutherland,Sydney metro. area,Syd-Newc-Woll Gtr conurbation,Straight,,,,Off,Sealed,Dry,Fine,Daylight,Nil,Give way sign,50 km/h,Local,30,Rear end,301,Same - Rear end,,Rear end,Light truck,4 wheel drive / SUV,3,0,1,0,0,11,November,Spring,Monday,16:00 - 17:59,PM peak / evening commute,True,False,True,True
1370709,Injury,Serious Injury,2024,2024,August,Thursday,22:00 - Midnight,PIAMBRA,RD,15000,South,BINNAWAY,TN,NEILREX,,No,Not a school zone,2-way undivided,-31.688277,149.34005,Warrumbungle,Country non-urban,Rest of NSW - Rural,Straight,,,,Nil,Sealed,Dry,Fine,Darkness,Nil,No traffic controls,100 km/h,Local,79,Other straight,700,Other straight,,Unknown,Utility,,1,0,1,0,0,8,August,Winter,Thursday,22:00 - Midnight,Evening / night,False,False,True,True
1370710,Injury,Serious Injury,2024,2024,November,Sunday,12:00 - 13:59,KENT,ST,20,East,KATHLEEN,ST,SOUTH TAMWORTH,,No,Not a school zone,2-way undivided,-31.103325,150.918557,Tamworth Regional,Country urban,Rest of NSW - Urban,Straight,,,,Off,Sealed,Dry,Fine,Daylight,Nil,No traffic controls,40 km/h,Local,71,Off rd left => obj,703,Left off cway into object,,Other angle,Motorcycle,4 wheel drive / SUV,2,0,1,0,0,11,November,Spring,Sunday,12:00 - 13:59,Midday / afternoon,False,False,True,True
1370713,Injury,Moderate Injury,2024,2024,December,Friday,14:00 - 15:59,RIVERVIEW,ST,0,Right on the spot,CONDONG,ST,MURWILLUMBAH,142.0,Yes,No,X-intersection,-28.330532,153.391577,Tweed,Country urban,Rest of NSW - Urban,Straight,Steep grade,,,Off,Sealed,Dry,Fine,Daylight,Nil,Give way sign,50 km/h,Regional,10,Cross traffic,101,Adj - Cross traffic,,Right angle,Car (sedan/hatch),Light truck utility(from 2018),3,0,0,1,0,12,December,Summer,Friday,14:00 - 15:59,Midday / afternoon,False,False,True,True
1370717,Injury,Moderate Injury,2024,2024,November,Tuesday,12:00 - 13:59,RIFLE RANGE,RD,0,Right on the spot,SIMPSON,AVE,WOLLONGBAR,7734.0,No,Not a school zone,T-junction,-28.824077,153.416282,Ballina,Country urban,Rest of NSW - Urban,Straight,,,,Nil,Sealed,Dry,Overcast,Daylight,Nil,No traffic controls,60 km/h,Regional,21,Right through,202,Opp - Right-thru,,Other angle,4 wheel drive / SUV,Car (sedan/hatch),2,0,0,2,0,11,November,Spring,Tuesday,12:00 - 13:59,Midday / afternoon,False,False,True,True
1370718,Injury,Serious Injury,2024,2024,November,Friday,16:00 - 17:59,WEST HEAD,RD,7050,North,GENERAL SAN MARTIN,DR,KU-RING-GAI CHASE,4005.0,No,Not a school zone,2-way undivided,-33.600012,151.272754,Northern Beaches,Sydney metro. area,Syd-Newc-Woll Gtr conurbation,Curved,Painted double centre lines,,,Nil,Sealed,Dry,Fine,Daylight,Nil,No traffic controls,80 km/h,State,20,Head on,201,Opp - Head on,,Head-on,Motorcycle,Car (sedan/hatch),2,0,1,0,0,11,November,Spring,Friday,16:00 - 17:59,PM peak / evening commute,True,False,True,True
1370722,Injury,Serious Injury,2024,2024,September,Thursday,16:00 - 17:59,BLIGH,ST,0,Right on the spot,VERE,ST,SOUTH GRAFTON,,Yes,No,X-intersection,-29.708943,152.93636,Clarence Valley,Country urban,Rest of NSW - Urban,Straight,Steep grade,,,Nil,Sealed,Dry,Fine,Daylight,Nil,Give way sign,50 km/h,Local,10,Cross traffic,101,Adj - Cross traffic,,Right angle,Light truck utility(from 2018),Motorcycle,2,0,1,0,0,9,September,Spring,Thursday,16:00 - 17:59,PM peak / evening commute,True,False,True,True
1370725,Injury,Serious Injury,2024,2024,December,Sunday,06:00 - 07:59,GOOD,ST,0,Right on the spot,GRAY,ST,GRANVILLE,,No,Not a school zone,T-junction,-33.829493,151.012466,Parramatta,Sydney metro. area,Syd-Newc-Woll Gtr conurbation,Straight,,,,Nil,Sealed,Dry,Fine,Daylight,Nil,Give way sign,50 km/h,Local,32,Right rear,303,Same - Rear right,,Rear end,Car (sedan/hatch),Car (sedan/hatch),2,0,1,0,0,12,December,Summer,Sunday,06:00 - 07:59,AM peak / school commute,True,False,True,True
1370726,Injury,Moderate Injury,2024,2024,November,Monday,16:00 - 17:59,OLD COOMA,RD,0,Right on the spot,EDWIN LAND,PKWY,KARABAR,584.0,No,Not a school zone,X-intersection,-35.37892,149.236366,Queanbeyan-Palerang Regional,Country urban,Rest of NSW - Urban,Straight,,,,Off,Sealed,Dry,Fine,Daylight,On,No traffic controls,60 km/h,Regional,20,Head on,201,Opp - Head on,,Head-on,4 wheel drive / SUV,Light truck utility(from 2018),2,0,0,1,1,11,November,Spring,Monday,16:00 - 17:59,PM peak / evening commute,True,False,True,True
1370727,Injury,Moderate Injury,2024,2024,October,Friday,08:00 - 09:59,HUME,HWY,0,Right on the spot,DIFFEY,ST,YAGOONA,2.0,Yes,No,T-junction,-33.905805,151.015024,Canterbury-Bankstown,Sydney metro. area,Syd-Newc-Woll Gtr conurbation,Straight,,,,Off,Sealed,Dry,Fine,Daylight,Nil,Give way sign,70 km/h,State,37,Left turn sideswipe,309,Same - Left turn side swipe,,Other angle,Light truck,Car (sedan/hatch),2,0,0,1,0,10,October,Spring,Friday,08:00 - 09:59,AM peak / school commute,True,False,True,True
1370730,Injury,Minor/Other Injury,2024,2024,November,Friday,22:00 - Midnight,BARTON,HWY,30,North,CHURCH,LANE,WALLAROO,15.0,No,Not a school zone,Divided road,-35.149601,149.05602,Yass Valley,Country non-urban,Rest of NSW - Rural,Straight,,,,Nil,Sealed,Dry,Fine,Darkness,Nil,No traffic controls,100 km/h,State,72,Off road to right,702,Off carriageway to right,,Rollover,4 wheel drive / SUV,,1,0,0,0,1,11,November,Spring,Friday,22:00 - Midnight,Evening / night,False,False,True,True
1370733,Injury,Moderate Injury,2024,2024,December,Sunday,12:00 - 13:59,BRIDGES,RD,0,Right on the spot,STURDEE,ST,NEW LAMBTON,326.0,No,Not a school zone,T-junction,-32.92536,151.719088,Newcastle,Newcastle met. area,Syd-Newc-Woll Gtr conurbation,Straight,,,,Nil,Sealed,Dry,Fine,Daylight,Nil,No traffic controls,60 km/h,State,30,Rear end,301,Same - Rear end,,Rear end,Car (sedan/hatch),Car (sedan/hatch),2,0,0,2,0,12,December,Summer,Sunday,12:00 - 13:59,Midday / afternoon,False,False,True,True
1370737,Injury,Moderate Injury,2024,2024,August,Sunday,16:00 - 17:59,MCKANES FALLS,RD,3400,South,STOCKYARD,LANE,SOUTH BOWENFELS,,No,Not a school zone,2-way undivided,-33.547049,150.119873,Lithgow,Country urban,Rest of NSW - Urban,Curved,,,,Nil,Sealed,Wet,Raining,Daylight,Nil,No traffic controls,80 km/h,Local,50,Head on (overtake),501,Ovtak - Head on,,Head-on,Light truck utility(from 2018),Light truck utility(from 2018),2,0,0,1,0,8,August,Winter,Sunday,16:00 - 17:59,PM peak / evening commute,True,False,True,True
1370738,Injury,Moderate Injury,2024,2024,November,Wednesday,06:00 - 07:59,HILLCREST,AVE,0,Right on the spot,LAYCOCK,RD,HURSTVILLE GROVE,7006.0,No,Not a school zone,Roundabout,-33.972465,151.094608,Georges River,Sydney metro. area,Syd-Newc-Woll Gtr conurbation,Straight,,,,Nil,Sealed,Dry,Fine,Daylight,Nil,Give way sign,50 km/h,Regional,10,Cross traffic,101,Adj - Cross traffic,,Right angle,4 wheel drive / SUV,4 wheel drive / SUV,2,0,0,1,0,11,November,Spring,Wednesday,06:00 - 07:59,AM peak / school commute,True,False,True,True
1370742,Injury,Minor/Other Injury,2024,2024,October,Wednesday,14:00 - 15:59,SYDNEY,RD,100,East,BRISBANE,ST,FAIRLIGHT,159.0,No,Not a school zone,2-way undivided,-33.795575,151.274942,Northern Beaches,Sydney metro. area,Syd-Newc-Woll Gtr conurbation,Straight,Steep grade,,,Nil,Sealed,Dry,Fine,Daylight,Nil,No traffic controls,60 km/h,State,63,Vehicle door,604,On path - Vehicle door,,Other angle,Pedal cycle,4 wheel drive / SUV,2,0,0,0,1,10,October,Spring,Wednesday,14:00 - 15:59,Midday / afternoon,False,False,True,True
1370744,Injury,Moderate Injury,2024,2024,November,Tuesday,14:00 - 15:59,WAKOOL,RD,13000,West,DENILIQUIN,TN,DENILIQUIN,94.0,No,Not a school zone,2-way undivided,-35.502782,144.7894,Murray River,Country non-urban,Rest of NSW - Rural,Curved,,,,Nil,Sealed,Dry,Fine,Daylight,Nil,No traffic controls,100 km/h,Regional,88,Out of cont on bend,805,Out of control on bend,,Rollover,Motorcycle,,1,0,0,1,0,11,November,Spring,Tuesday,14:00 - 15:59,Midday / afternoon,False,False,True,True
1370751,Injury,Serious Injury,2024,2024,October,Sunday,12:00 - 13:59,NO 5,TRL,2000,West,SUNNYSIDE RIDGE,RD,NEWNES PLATEAU,,No,Not a school zone,2-way undivided,-33.317991,150.158239,Lithgow,Country urban,Rest of NSW - Urban,Curved,Crest,,,Nil,Unsealed,Dry,Fine,Daylight,Nil,No traffic controls,50 km/h,Local,85,Off rt/lft bnd=>obj,804,Off left bend into obj,Right,Vehicle - Object,Motorcycle,,1,0,1,0,0,10,October,Spring,Sunday,12:00 - 13:59,Midday / afternoon,False,False,True,True
1370759,Injury,Serious Injury,2024,2024,August,Friday,14:00 - 15:59,PRINCES,HWY,0,Right on the spot,KOORABAN STREET,TO,WATERFALL,1.0,No,Not a school zone,Divided road,-34.138186,150.994327,Sutherland,Sydney metro. area,Syd-Newc-Woll Gtr conurbation,Straight,Climb/merge lane,,,Off,Sealed,Wet,Fine,Daylight,Nil,No traffic controls,80 km/h,State,30,Rear end,301,Same - Rear end,,Rear end,4 wheel drive / SUV,Car (sedan/hatch),2,0,2,1,2,8,August,Winter,Friday,14:00 - 15:59,Midday / afternoon,False,False,True,True
1370764,Injury,Moderate Injury,2024,2024,November,Wednesday,14:00 - 15:59,MAIN,RD,0,Right on the spot,EARP,ST,HEDDON GRETA,195.0,No,Not a school zone,X-intersection,-32.805464,151.50757,Cessnock,Country urban,Rest of NSW - Urban,Straight,,,,Nil,Sealed,Dry,Fine,Daylight,Nil,Give way sign,60 km/h,State,32,Right rear,303,Same - Rear right,,Rear end,Passenger van,Car (sedan/hatch),2,0,0,1,0,11,November,Spring,Wednesday,14:00 - 15:59,Midday / afternoon,False,False,True,True
1370771,Injury,Serious Injury,2024,2024,November,Wednesday,14:00 - 15:59,PHILLIP,ST,0,Right on the spot,QUEEN,ST,ST MARYS,,No,Not a school zone,T-junction,-33.763638,150.774557,Penrith,Sydney metro. area,Syd-Newc-Woll Gtr conurbation,Straight,,,,Nil,Sealed,Dry,Unknown,Daylight,Nil,Ped crossing,40 km/h,Local,48,From footpath,408,Manov - From footway,,Other angle,Motorised scooter (mob. aid),Station wagon,2,0,1,0,0,11,November,Spring,Wednesday,14:00 - 15:59,Midday / afternoon,False,False,True,True
1370772,Injury,Serious Injury,2024,2024,November,Thursday,22:00 - Midnight,HOMEBUSH BAY,DR,250,South,OULTON,AVE,LIBERTY GROVE,200.0,No,Not a school zone,Divided road,-33.839554,151.08309,Canada Bay,Sydney metro. area,Syd-Newc-Woll Gtr conurbation,Straight,,,,On,Sealed,Wet,Raining,Darkness,Nil,No traffic controls,80 km/h,State,20,Head on,201,Opp - Head on,,Head-on,Car (sedan/hatch),4 wheel drive / SUV,4,0,1,1,0,11,November,Spring,Thursday,22:00 - Midnight,Evening / night,False,False,True,True
1370773,Injury,Serious Injury,2024,2024,October,Wednesday,10:00 - 11:59,NEWCASTLE LINK,RD,200,South,WOODFORD,ST,CAMERON PARK,82.0,No,Not a school zone,Divided road,-32.895991,151.60852,Lake Macquarie,Newcastle met. area,Syd-Newc-Woll Gtr conurbation,Straight,,,,Nil,Sealed,Dry,Fine,Daylight,Nil,No traffic controls,80 km/h,State,74,On road-out of cont.,705,Out of control on cway,,Rollover,Motorcycle,,1,0,1,0,0,10,October,Spring,Wednesday,10:00 - 11:59,Midday / afternoon,False,False,True,True
1370774,Injury,Serious Injury,2024,2024,October,Wednesday,12:00 - 13:59,BANDAIN,AVE,0,Right on the spot,NUMBER 38,HN,KAREELA,,No,Not a school zone,2-way undivided,-34.021058,151.079131,Sutherland,Sydney metro. area,Syd-Newc-Woll Gtr conurbation,Straight,Crest,,,Nil,Sealed,Dry,Fine,Daylight,Nil,No traffic controls,50 km/h,Local,71,Off rd left => obj,703,Left off cway into object,,Other angle,Car (sedan/hatch),4 wheel drive / SUV,2,0,1,1,0,10,October,Spring,Wednesday,12:00 - 13:59,Midday / afternoon,False,False,True,True
1370777,Injury,Serious Injury,2024,2024,October,Wednesday,14:00 - 15:59,RESTHAVEN,RD,50,South,CONNELLS POINT,RD,SOUTH HURSTVILLE,,No,Not a school zone,2-way undivided,-33.981234,151.103361,Georges River,Sydney metro. area,Syd-Newc-Woll Gtr conurbation,Straight,Steep grade,,,Nil,Sealed,Dry,Fine,Daylight,Nil,No traffic controls,50 km/h,Local,71,Off rd left => obj,703,Left off cway into object,,Other angle,Car (sedan/hatch),Car (sedan/hatch),2,0,1,0,0,10,October,Spring,Wednesday,14:00 - 15:59,Midday / afternoon,False,False,True,True
1370778,Injury,Serious Injury,2024,2024,December,Friday,00:01 - 01:59,MCCARRS CREEK,RD,480,North,TERREY HILLS,TRL,KU-RING-GAI CHASE,174.0,No,Not a school zone,2-way undivided,-33.670098,151.234112,Northern Beaches,Sydney metro. area,Syd-Newc-Woll Gtr conurbation,Curved,Embankment/cutting,,,Nil,Sealed,Dry,Fine,Darkness,Nil,No traffic controls,60 km/h,State,85,Off rt/lft bnd=>obj,804,Off left bend into obj,Right,Vehicle - Object,Motorcycle,,1,0,1,0,0,12,December,Summer,Friday,00:01 - 01:59,Late night / early morning,False,False,True,True
1370791,Injury,Serious Injury,2024,2024,November,Tuesday,08:00 - 09:59,OLD BAR,RD,75,West,WATERMAN,ST,OLD BAR,,No,Not a school zone,2-way undivided,-31.96938,152.587426,Mid-Coast,Country urban,Rest of NSW - Urban,Straight,Spd hump/slow pt/chc,,,Nil,Sealed,Dry,Fine,Daylight,Nil,No traffic controls,50 km/h,Local,33,Lane sideswipe,305,Same - Lane side swipe,,Other angle,Light truck,Pedal cycle,2,0,1,1,0,11,November,Spring,Tuesday,08:00 - 09:59,AM peak / school commute,True,False,True,True
1370793,Injury,Serious Injury,2024,2024,December,Sunday,08:00 - 09:59,DUNGOWAN,RD,1620,East,MONTERAY,RD,LOOMBERAH,,No,Not a school zone,2-way undivided,-31.231238,151.036698,Tamworth Regional,Country non-urban,Rest of NSW - Rural,Straight,Causeway,,Flooded/submerged,Nil,Sealed,Wet,Fine,Daylight,Nil,No traffic controls,100 km/h,Local,74,On road-out of cont.,705,Out of control on cway,,Rollover,Motorcycle,,1,0,1,0,0,12,December,Summer,Sunday,08:00 - 09:59,AM peak / school commute,True,False,True,True
1370798,Injury,Moderate Injury,2024,2024,December,Friday,16:00 - 17:59,NORTHBOURNE,DR,10,North,PETTENGELL,ST,MARSDEN PARK,,No,Not a school zone,T-junction,-33.693663,150.818916,Blacktown,Sydney metro. area,Syd-Newc-Woll Gtr conurbation,Straight,,,,Off,Sealed,Dry,Unknown,Daylight,Nil,No traffic controls,50 km/h,Local,73,Off rd rght => obj,704,Right off cway into obj,,Other angle,Light truck utility(from 2018),Car (sedan/hatch),4,0,0,1,0,12,December,Summer,Friday,16:00 - 17:59,PM peak / evening commute,True,False,True,True
1370799,Injury,Moderate Injury,2024,2024,October,Monday,16:00 - 17:59,BEMAGO,ST,100,East,REED,ST,NAMBUCCA HEADS,,No,Not a school zone,2-way undivided,-30.633831,153.012527,Nambucca Valley,Country urban,Rest of NSW - Urban,Straight,Steep grade,,,Off,Sealed,Dry,Fine,Daylight,Nil,No traffic controls,50 km/h,Local,72,Off road to right,702,Off carriageway to right,,Rollover,Light truck,,1,0,0,1,0,10,October,Spring,Monday,16:00 - 17:59,PM peak / evening commute,True,False,True,True
1370802,Injury,Serious Injury,2024,2024,October,Thursday,16:00 - 17:59,MOORE PARK,RD,0,Right on the spot,LANG,RD,CENTENNIAL PARK,7301.0,No,Not a school zone,X-intersection,-33.889833,151.232864,Sydney,Sydney metro. area,Syd-Newc-Woll Gtr conurbation,Straight,,,,On,Sealed,Dry,Fine,Daylight,On,No traffic controls,50 km/h,Regional,36,Right turn sideswipe,308,Same - Rgt turn side swipe,,Other angle,4 wheel drive / SUV,Motorcycle,2,0,1,0,0,10,October,Spring,Thursday,16:00 - 17:59,PM peak / evening commute,True,False,True,True
1370805,Injury,Serious Injury,2024,2024,October,Friday,16:00 - 17:59,PRINCES,HWY,0,Right on the spot,CREAMERY,RD,ALBION PARK RAIL,1.0,No,Not a school zone,T-junction,-34.560818,150.795796,Shellharbour,Wollongong met. area,Syd-Newc-Woll Gtr conurbation,Straight,,,,Off,Sealed,Dry,Fine,Daylight,On,No traffic controls,60 km/h,State,21,Right through,202,Opp - Right-thru,,Other angle,Light truck,Car (sedan/hatch),2,0,1,1,0,10,October,Spring,Friday,16:00 - 17:59,PM peak / evening commute,True,False,True,True
1370810,Injury,Serious Injury,2024,2024,November,Saturday,00:01 - 01:59,GOLDEN,HWY,6700,East,CASTLEREAGH,HWY,LEADVILLE,27.0,No,Not a school zone,2-way undivided,-32.070731,149.527851,Warrumbungle,Country non-urban,Rest of NSW - Rural,Curved,,,,Nil,Sealed,Dry,Fine,Darkness,Nil,No traffic controls,100 km/h,State,81,Off left/rt bnd=>obj,803,Off right bend into obj,Left,Vehicle - Object,4 wheel drive / SUV,,1,0,1,0,0,11,November,Spring,Saturday,00:01 - 01:59,Late night / early morning,False,False,True,True
1370815,Injury,Moderate Injury,2024,2024,December,Sunday,08:00 - 09:59,BROOKE,AVE,0,Right on the spot,EASTERN,RD,BATEAU BAY,,No,Not a school zone,T-junction,-33.377631,151.464519,Central Coast,Country urban,Syd-Newc-Woll Gtr conurbation,Straight,Steep grade,,,Off,Sealed,Dry,Fine,Daylight,On,No traffic controls,50 km/h,Local,21,Right through,202,Opp - Right-thru,,Other angle,Station wagon,4 wheel drive / SUV,3,0,0,1,0,12,December,Summer,Sunday,08:00 - 09:59,AM peak / school commute,True,False,True,True
1370816,Injury,Serious Injury,2024,2024,December,Tuesday,12:00 - 13:59,OLYMPIC,DR,30,North,KERRS,RD,LIDCOMBE,190.0,No,Not a school zone,Divided road,-33.866138,151.041384,Cumberland,Sydney metro. area,Syd-Newc-Woll Gtr conurbation,Straight,,,,Nil,Sealed,Dry,Fine,Daylight,Nil,No traffic controls,70 km/h,State,71,Off rd left => obj,703,Left off cway into object,,Vehicle - Object,Car (sedan/hatch),,1,0,1,0,0,12,December,Summer,Tuesday,12:00 - 13:59,Midday / afternoon,False,False,True,True
1370822,Injury,Moderate Injury,2024,2024,October,Thursday,16:00 - 17:59,THE SNOWY RIVER,WAY,3200,East,CHONGS,RD,JINDABYNE,7626.0,No,Not a school zone,2-way undivided,-36.516096,148.687996,Snowy Monaro Regional,Country non-urban,Rest of NSW - Rural,Curved,,,,Nil,Sealed,Dry,Overcast,Daylight,Nil,No traffic controls,100 km/h,Regional,67,Struck animal,609,On path - Hit animal,,Vehicle - Animal,Motorcycle,,1,0,0,1,0,10,October,Spring,Thursday,16:00 - 17:59,PM peak / evening commute,True,False,True,True
1370824,Injury,Moderate Injury,2024,2024,October,Tuesday,06:00 - 07:59,CLEVELAND,ST,0,Right on the spot,PITT,ST,REDFERN,330.0,Yes,No,T-junction,-33.889469,151.20454,Sydney,Sydney metro. area,Syd-Newc-Woll Gtr conurbation,Straight,,,,Off,Sealed,Dry,Fine,Daylight,On,No right turn,50 km/h,State,21,Right through,202,Opp - Right-thru,,Other angle,Station wagon,Car (sedan/hatch),2,0,0,1,0,10,October,Spring,Tuesday,06:00 - 07:59,AM peak / school commute,True,False,True,True
1370826,Injury,Serious Injury,2024,2024,November,Wednesday,16:00 - 17:59,SNOWY MOUNTAINS,HWY,150,North,CAMP,ST,ADELONG,4.0,No,Not a school zone,2-way undivided,-35.306346,148.068938,Snowy Valleys,Country urban,Rest of NSW - Urban,Curved,Steep grade,,,Nil,Sealed,Wet,Overcast,Daylight,Nil,No traffic controls,50 km/h,State,87,Off lft/lft bnd=>obj,804,Off left bend into obj,Left,Vehicle - Object,Car (sedan/hatch),,1,0,1,0,0,11,November,Spring,Wednesday,16:00 - 17:59,PM peak / evening commute,True,False,True,True
1370832,Injury,Serious Injury,2024,2024,December,Tuesday,08:00 - 09:59,MCKELL,AVE,1000,East,PRINCES,HWY,ROYAL NATIONAL PARK,393.0,No,Not a school zone,2-way undivided,-34.142744,150.997132,Sutherland,Sydney metro. area,Syd-Newc-Woll Gtr conurbation,Curved,,,,Nil,Sealed,Dry,Fine,Daylight,Nil,No traffic controls,60 km/h,State,88,Out of cont on bend,805,Out of control on bend,,Rollover,Motorcycle,,1,0,1,0,0,12,December,Summer,Tuesday,08:00 - 09:59,AM peak / school commute,True,False,True,True
1370833,Injury,Serious Injury,2024,2024,December,Tuesday,12:00 - 13:59,HARGRAVE,ST,0,Right on the spot,NUMBER 22,HN,LEUMEAH,,No,Not a school zone,2-way undivided,-34.060159,150.838875,Campbelltown,Sydney metro. area,Syd-Newc-Woll Gtr conurbation,Curved,,,,Off,Sealed,Dry,Fine,Daylight,Nil,No traffic controls,50 km/h,Local,90,Fell in/from vehicle,901,Fell in/from vehicle,,Person - Object,Car (sedan/hatch),,1,0,1,0,0,12,December,Summer,Tuesday,12:00 - 13:59,Midday / afternoon,False,False,True,True
1370834,Injury,Minor/Other Injury,2024,2024,December,Wednesday,06:00 - 07:59,GREAT WESTERN,HWY,10,East,PENDLE,WAY,PENDLE HILL,5.0,No,Not a school zone,X-intersection,-33.811598,150.952491,Cumberland,Sydney metro. area,Syd-Newc-Woll Gtr conurbation,Straight,,,,Nil,Sealed,Wet,Raining,Daylight,Unknown / not stated,No traffic controls,80 km/h,State,30,Rear end,301,Same - Rear end,,Rear end,Car (sedan/hatch),Car (sedan/hatch),3,0,0,0,1,12,December,Summer,Wednesday,06:00 - 07:59,AM peak / school commute,True,False,True,True
1370835,Injury,Minor/Other Injury,2024,2024,December,Thursday,08:00 - 09:59,CUMBERLAND,RD,0,Right on the spot,OLD PROSPECT,RD,GREYSTANES,,No,Not a school zone,Roundabout,-33.819082,150.948716,Cumberland,Sydney metro. area,Syd-Newc-Woll Gtr conurbation,Straight,,,,Off,Sealed,Dry,Fine,Daylight,Nil,Give way sign,50 km/h,Local,0,Ped nearside,1,Ped - Near side,,Vehicle - Pedestrian,Station wagon,Pedestrian,2,0,0,0,1,12,December,Summer,Thursday,08:00 - 09:59,AM peak / school commute,True,False,True,True
1370837,Injury,Serious Injury,2024,2024,December,Tuesday,14:00 - 15:59,WOLLAR,RD,1700,South,STONEY CREEK,RD,CROSS ROADS,208.0,No,Not a school zone,2-way undivided,-32.487794,149.711601,Mid-Western Regional,Country non-urban,Rest of NSW - Rural,Straight,,,,Nil,Sealed,Dry,Fine,Daylight,Nil,No traffic controls,100 km/h,Regional,71,Off rd left => obj,703,Left off cway into object,,Vehicle - Object,Light truck utility(from 2018),,1,0,1,0,0,12,December,Summer,Tuesday,14:00 - 15:59,Midday / afternoon,False,False,True,True