crash_id,degree_of_crash,degree_of_crash_-_detailed,reporting_year,year_of_crash,month_of_crash,day_of_week_of_crash,two-hour_intervals,street_of_crash,street_type,distance,direction,identifying_feature,identifying_feature_type,town,route_no.,school_zone_location,school_zone_active,type_of_location,latitude,longitude,lga,urbanisation,conurbation_1,alignment,primary_permanent_feature,primary_temporary_feature,primary_hazardous_feature,street_lighting,road_surface,surface_condition,weather,natural_lighting,signals_operation,other_traffic_control,speed_limit,road_classification_(admin),rum_-_code,rum_-_description,dca_-_code,dca_-_description,dca_supplement,first_impact_type,key_tu_type,other_tu_type,no._of_traffic_units_involved,no._killed,no._seriously_injured,no._moderately_injured,no._minor-other_injured,month_num,month_label,season,day_label,time_label,time_band,is_peak_commute,is_fatal,is_injury,is_casualty
1370838,Injury,Moderate Injury,2024,2024,October,Friday,16:00 - 17:59,NEW LINE,RD,0,Right on the spot,THE HUB,ENT,DURAL,656.0,No,Not a school zone,Divided road,-33.701273,151.02748,Hornsby,Sydney metro. area,Syd-Newc-Woll Gtr conurbation,Straight,Driveway/entrance,,,Off,Sealed,Dry,Fine,Daylight,Nil,Give way sign,60 km/h,State,30,Rear end,301,Same - Rear end,,Rear end,4 wheel drive / SUV,4 wheel drive / SUV,3,0,0,2,0,10,October,Spring,Friday,16:00 - 17:59,PM peak / evening commute,True,False,True,True
1370839,Injury,Moderate Injury,2024,2024,November,Wednesday,12:00 - 13:59,RENSHAW,RD,0,Right on the spot,ROYAL,ST,PARKES,,No,Not a school zone,T-junction,-33.151669,148.163349,Parkes,Country urban,Rest of NSW - Urban,Straight,,,,Nil,Sealed,Dry,Fine,Daylight,Nil,No traffic controls,50 km/h,Local,13,Right near,104,Adj - Right-thru from right,,Right angle,Light truck utility(from 2018),Car (sedan/hatch),2,0,0,1,0,11,November,Spring,Wednesday,12:00 - 13:59,Midday / afternoon,False,False,True,True
1370841,Injury,Serious Injury,2024,2024,December,Tuesday,14:00 - 15:59,ROGERSON,RD,0,Right on the spot,TATHAM,RD,SOUTH GUNDURIMBA,,No,Not a school zone,X-intersection,-28.908921,153.224906,Lismore,Country non-urban,Rest of NSW - Rural,Straight,Ditch/drain/culvert,,,Nil,Sealed,Dry,Fine,Daylight,Nil,Give way sign,100 km/h,Local,13,Right near,104,Adj - Right-thru from right,,Right angle,4 wheel drive / SUV,Car (sedan/hatch),2,0,2,0,0,12,December,Summer,Tuesday,14:00 - 15:59,Midday / afternoon,False,False,True,True
1370844,Injury,Serious Injury,2024,2024,December,Thursday,08:00 - 09:59,PACIFIC,HWY,100,South,JAMES SMALL,DR,COFFS HARBOUR,10.0,No,Not a school zone,Divided road,-30.266166,153.130782,Coffs Harbour,Country urban,Rest of NSW - Urban,Curved,Mid-blk median openg,Roadwks/Detour/Diverson,,Off,Sealed,Dry,Fine,Daylight,Nil,No traffic controls,60 km/h,State,41,U turn into object,409,Manov - U-turn into fixed obje,,Vehicle - Object,4 wheel drive / SUV,,1,0,1,0,0,12,December,Summer,Thursday,08:00 - 09:59,AM peak / school commute,True,False,True,True
1370846,Injury,Moderate Injury,2024,2024,August,Tuesday,06:00 - 07:59,NEW SOUTH HEAD,RD,0,Right on the spot,LYNE PARK,ENT,ROSE BAY,173.0,No,Not a school zone,2-way undivided,-33.872163,151.264519,Woollahra,Sydney metro. area,Syd-Newc-Woll Gtr conurbation,Straight,Driveway/entrance,,,Nil,Sealed,Dry,Fine,Daylight,Nil,Give way sign,60 km/h,State,47,Emerging from drive,406,Manov - Emerging from driveway,,Right angle,Car (sedan/hatch),Station wagon,2,0,0,1,0,8,August,Winter,Tuesday,06:00 - 07:59,AM peak / school commute,True,False,True,True
1370847,Injury,Serious Injury,2024,2024,November,Tuesday,06:00 - 07:59,BRADLEYS HEAD,RD,0,Right on the spot,THOMPSON,ST,MOSMAN,2108.0,No,Not a school zone,Roundabout,-33.839044,151.244761,Mosman,Sydney metro. area,Syd-Newc-Woll Gtr conurbation,Straight,Steep grade,,,Nil,Sealed,Dry,Fine,Dawn,Nil,Give way sign,50 km/h,Regional,10,Cross traffic,101,Adj - Cross traffic,,Right angle,4 wheel drive / SUV,Pedal cycle,2,0,1,0,0,11,November,Spring,Tuesday,06:00 - 07:59,AM peak / school commute,True,False,True,True
1370848,Injury,Moderate Injury,2024,2024,December,Sunday,06:00 - 07:59,OLYMPIC,HWY,200,North,BOUNDARY,RD,YOUNG,78.0,No,Not a school zone,2-way undivided,-34.385779,148.259193,Hilltops,Country non-urban,Rest of NSW - Rural,Straight,Ditch/drain/culvert,,,Nil,Sealed,Wet,Overcast,Daylight,Nil,No traffic controls,100 km/h,State,71,Off rd left => obj,703,Left off cway into object,,Vehicle - Object,4 wheel drive / SUV,,1,0,0,1,0,12,December,Summer,Sunday,06:00 - 07:59,AM peak / school commute,True,False,True,True
1370855,Injury,Serious Injury,2024,2024,November,Monday,20:00 - 21:59,AUSTRALIA,AVE,0,Right on the spot,SARAH DURACK,AVE,SYDNEY OLYMPIC PARK,,No,Not a school zone,X-intersection,-33.849939,151.073857,Parramatta,Sydney metro. area,Syd-Newc-Woll Gtr conurbation,Straight,,,,On,Sealed,Dry,Fine,Darkness,On,No traffic controls,60 km/h,Local,21,Right through,202,Opp - Right-thru,,Other angle,Car (sedan/hatch),Car (sedan/hatch),2,0,2,0,0,11,November,Spring,Monday,20:00 - 21:59,Evening / night,False,False,True,True
1370859,Injury,Serious Injury,2024,2024,November,Saturday,16:00 - 17:59,PRINCES,HWY,0,Right on the spot,TONGARRA,RD,ALBION PARK RAIL,1.0,No,Not a school zone,T-junction,-34.567898,150.803077,Shellharbour,Wollongong met. area,Syd-Newc-Woll Gtr conurbation,Straight,Foot/cycle path/nature strip,,,Off,Sealed,Dry,Fine,Daylight,On,Ped crossing,60 km/h,State,48,From footpath,408,Manov - From footway,,Other angle,Pedal cycle,4 wheel drive / SUV,2,0,1,0,0,11,November,Spring,Saturday,16:00 - 17:59,PM peak / evening commute,True,False,True,True
1370860,Injury,Serious Injury,2024,2024,December,Thursday,18:00 - 19:59,OWEN,ST,0,Right on the spot,SPENSER,ST,ILUKA,7731.0,No,Not a school zone,X-intersection,-29.406581,153.351885,Clarence Valley,Country urban,Rest of NSW - Urban,Straight,,,,Nil,Sealed,Dry,Fine,Daylight,Nil,Give way sign,50 km/h,Regional,10,Cross traffic,101,Adj - Cross traffic,,Right angle,Car (sedan/hatch),Car (sedan/hatch),2,0,2,0,0,12,December,Summer,Thursday,18:00 - 19:59,PM peak / evening commute,True,False,True,True
1370862,Injury,Moderate Injury,2024,2024,November,Tuesday,08:00 - 09:59,HIGH,ST,50,West,ELGIN,ST,MAITLAND,,No,Not a school zone,1-way street,-32.731695,151.554213,Maitland,Country urban,Rest of NSW - Urban,Straight,Foot/cycle path/nature strip,,,Nil,Sealed,Wet,Raining,Daylight,Nil,No traffic controls,40 km/h,Local,48,From footpath,408,Manov - From footway,,Other angle,Pedal cycle,4 wheel drive / SUV,2,0,0,1,0,11,November,Spring,Tuesday,08:00 - 09:59,AM peak / school commute,True,False,True,True
1370865,Injury,Moderate Injury,2024,2024,November,Friday,18:00 - 19:59,BANGALOW,RD,0,Right on the spot,SEAVIEW,ST,BYRON BAY,545.0,No,Not a school zone,T-junction,-28.651323,153.614821,Byron,Country urban,Rest of NSW - Urban,Straight,Foot/cycle path/nature strip,,,Off,Sealed,Dry,Fine,Daylight,Nil,Give way sign,50 km/h,Regional,37,Left turn sideswipe,309,Same - Left turn side swipe,,Other angle,4 wheel drive / SUV,Pedal cycle,2,0,0,2,0,11,November,Spring,Friday,18:00 - 19:59,PM peak / evening commute,True,False,True,True
1370868,Injury,Moderate Injury,2024,2024,November,Saturday,20:00 - 21:59,NUNDLE,RD,1400,West,MARTINS,LANE,PIALLAMORE,105.0,No,Not a school zone,2-way undivided,-31.151289,151.036964,Tamworth Regional,Country non-urban,Rest of NSW - Rural,Curved,Ditch/drain/culvert,,,Nil,Sealed,Dry,Fine,Darkness,Nil,No traffic controls,100 km/h,Regional,81,Off left/rt bnd=>obj,803,Off right bend into obj,Left,Vehicle - Object,Car (sedan/hatch),,1,0,0,1,0,11,November,Spring,Saturday,20:00 - 21:59,Evening / night,False,False,True,True
1370872,Injury,Serious Injury,2024,2024,August,Tuesday,14:00 - 15:59,NEW ENGLAND,HWY,15000,North,OXLEY,HWY,BENDEMEER,9.0,No,Not a school zone,2-way undivided,-30.805402,151.256479,Tamworth Regional,Country non-urban,Rest of NSW - Rural,Straight,,,,Nil,Sealed,Dry,Fine,Daylight,Nil,No traffic controls,100 km/h,State,74,On road-out of cont.,705,Out of control on cway,,Rollover,Motorcycle,,1,0,1,0,0,8,August,Winter,Tuesday,14:00 - 15:59,Midday / afternoon,False,False,True,True
1370873,Injury,Minor/Other Injury,2024,2024,December,Monday,00:01 - 01:59,WILLI WILLI,RD,2000,West,SHERWOOD,RD,TURNERS FLAT,,No,Not a school zone,2-way undivided,-31.056423,152.687013,Kempsey,Country urban,Rest of NSW - Urban,Straight,,,,Nil,Unsealed,Dry,Fine,Darkness,Nil,No traffic controls,50 km/h,Local,70,Off road to left,701,Off carriageway to left,,Rollover,4 wheel drive / SUV,,1,0,0,0,1,12,December,Summer,Monday,00:01 - 01:59,Late night / early morning,False,False,True,True
1370874,Injury,Moderate Injury,2024,2024,December,Friday,18:00 - 19:59,BEACONSFIELD,RD,290,South,FOLEYS CREEK,RD,ESSINGTON,,No,Not a school zone,2-way undivided,-33.744771,149.731919,Oberon,Country urban,Rest of NSW - Urban,Curved,Embankment/cutting,,Loose gravel shoulder,Nil,Unsealed,Dry,Fine,Daylight,Nil,No traffic controls,80 km/h,Local,83,Off rt/rt bnd=>obj,803,Off right bend into obj,Right,Vehicle - Object,Light truck utility(from 2018),,1,0,0,2,0,12,December,Summer,Friday,18:00 - 19:59,PM peak / evening commute,True,False,True,True
1370876,Injury,Moderate Injury,2024,2024,September,Friday,10:00 - 11:59,WATERFALL,WAY,0,Right on the spot,COMMISSIONERS WATERS,BDGE,ARMIDALE,76.0,No,Not a school zone,2-way undivided,-30.5388,151.728779,Armidale Regional,Country non-urban,Rest of NSW - Rural,Curved,Other bridge,,,Nil,Sealed,Dry,Fine,Daylight,Nil,No traffic controls,100 km/h,State,83,Off rt/rt bnd=>obj,803,Off right bend into obj,Right,Vehicle - Object,Utility,,1,0,0,1,0,9,September,Spring,Friday,10:00 - 11:59,Midday / afternoon,False,False,True,True
1370877,Injury,Serious Injury,2024,2024,November,Wednesday,06:00 - 07:59,O'SULLIVAN,RD,20,North,RUDD,RD,LEUMEAH,,No,Not a school zone,2-way undivided,-34.053195,150.83005,Campbelltown,Sydney metro. area,Syd-Newc-Woll Gtr conurbation,Straight,,,,Nil,Sealed,Dry,Fine,Daylight,Nil,No traffic controls,50 km/h,Local,42,Leaving parking,401,Manov - Leaving parking,,Other angle,Light truck utility(from 2018),Car (sedan/hatch),4,0,1,0,0,11,November,Spring,Wednesday,06:00 - 07:59,AM peak / school commute,True,False,True,True
1370881,Injury,Moderate Injury,2024,2024,October,Monday,14:00 - 15:59,CAIRO,ST,0,Right on the spot,GARNET,ST,SOUTH COOGEE,,No,Not a school zone,L-junction,-33.929313,151.257865,Randwick,Sydney metro. area,Syd-Newc-Woll Gtr conurbation,Curved,Steep grade,,,Nil,Sealed,Dry,Fine,Daylight,Nil,No traffic controls,50 km/h,Local,6,Ped on footpath,8,Ped - On footway/median,,Vehicle - Pedestrian,4 wheel drive / SUV,Pedestrian,2,0,0,1,0,10,October,Spring,Monday,14:00 - 15:59,Midday / afternoon,False,False,True,True
1370882,Injury,Serious Injury,2024,2024,November,Tuesday,06:00 - 07:59,THE BUCKETTS,WAY,200,South,WITT,RD,LIMEBURNERS CREEK,90.0,No,Not a school zone,2-way undivided,-32.557933,151.933139,Mid-Coast,Country non-urban,Rest of NSW - Rural,Straight,,,,Nil,Sealed,Wet,Raining,Daylight,Nil,No traffic controls,90 km/h,Regional,51,Out of control otake,502,Ovtak - Out of control,,Rollover,Car (sedan/hatch),,1,0,1,0,0,11,November,Spring,Tuesday,06:00 - 07:59,AM peak / school commute,True,False,True,True
1370891,Injury,Serious Injury,2024,2024,December,Tuesday,04:00 - 05:59,ILLAWARRA,HWY,1080,East,MOUNT MURRAY,RD,MACQUARIE PASS,25.0,No,Not a school zone,2-way undivided,-34.560356,150.6407,Shellharbour,Wollongong met. area,Syd-Newc-Woll Gtr conurbation,Curved,Ditch/drain/culvert,,,Off,Sealed,Dry,Fine,Dawn,Nil,No traffic controls,60 km/h,State,81,Off left/rt bnd=>obj,803,Off right bend into obj,Left,Vehicle - Object,Motorcycle,,1,0,1,0,0,12,December,Summer,Tuesday,04:00 - 05:59,Late night / early morning,False,False,True,True
1370894,Injury,Moderate Injury,2024,2024,September,Saturday,14:00 - 15:59,BILGA,CRES,100,East,EUCLA,CRES,MALABAR,,No,Not a school zone,2-way undivided,-33.97524,151.251507,Randwick,Sydney metro. area,Syd-Newc-Woll Gtr conurbation,Curved,Steep grade,,,Off,Sealed,Dry,Fine,Daylight,Nil,No traffic controls,50 km/h,Local,42,Leaving parking,401,Manov - Leaving parking,,Other angle,Car (sedan/hatch),Pedal cycle,2,0,0,1,0,9,September,Spring,Saturday,14:00 - 15:59,Midday / afternoon,False,False,True,True
1370896,Injury,Moderate Injury,2024,2024,August,Saturday,22:00 - Midnight,PERCIVAL,RD,15,North,CLARENDON,RD,STANMORE,,No,Not a school zone,2-way undivided,-33.891411,151.164954,Inner West,Sydney metro. area,Syd-Newc-Woll Gtr conurbation,Straight,,,,On,Sealed,Dry,Fine,Darkness,Nil,No traffic controls,50 km/h,Local,71,Off rd left => obj,703,Left off cway into object,,Other angle,4 wheel drive / SUV,4 wheel drive / SUV,2,0,0,1,0,8,August,Winter,Saturday,22:00 - Midnight,Evening / night,False,False,True,True
1370897,Injury,Serious Injury,2024,2024,December,Tuesday,04:00 - 05:59,HUME,HWY,1800,South,GUNDAROO ROAD,OP,GUNNING,2.0,No,Not a school zone,Divided road,-34.788381,149.237469,Upper Lachlan,Country non-urban,Rest of NSW - Rural,Curved,Crest,,,Nil,Sealed,Dry,Fine,Dawn,Nil,No traffic controls,110 km/h,State,30,Rear end,301,Same - Rear end,,Rear end,4 wheel drive / SUV,4 wheel drive / SUV,2,0,1,1,1,12,December,Summer,Tuesday,04:00 - 05:59,Late night / early morning,False,False,True,True
1370899,Injury,Minor/Other Injury,2024,2024,October,Sunday,14:00 - 15:59,KARLOO,ST,0,Right on the spot,KENTIA,DR,FORSTER,,No,Not a school zone,Roundabout,-32.200371,152.536917,Mid-Coast,Country urban,Rest of NSW - Urban,Straight,,,,Off,Sealed,Dry,Fine,Daylight,Nil,Give way sign,50 km/h,Local,30,Rear end,301,Same - Rear end,,Rear end,Car (sedan/hatch),4 wheel drive / SUV,2,0,0,0,1,10,October,Spring,Sunday,14:00 - 15:59,Midday / afternoon,False,False,True,True
1370902,Injury,Serious Injury,2024,2024,November,Thursday,16:00 - 17:59,BERNERA,RD,0,Right on the spot,BOMADERRY,DR,PRESTONS,7262.0,No,Not a school zone,X-intersection,-33.950035,150.865753,Liverpool,Sydney metro. area,Syd-Newc-Woll Gtr conurbation,Straight,,,,Off,Sealed,Dry,Fine,Daylight,On,No traffic controls,60 km/h,Regional,21,Right through,202,Opp - Right-thru,,Other angle,Car (sedan/hatch),Car (sedan/hatch),2,0,1,1,0,11,November,Spring,Thursday,16:00 - 17:59,PM peak / evening commute,True,False,True,True
1370903,Injury,Serious Injury,2024,2024,December,Thursday,14:00 - 15:59,BRUNKER,RD,0,Right on the spot,MELVILLE,RD,BROADMEADOW,604.0,No,Not a school zone,X-intersection,-32.9287,151.731758,Newcastle,Newcastle met. area,Syd-Newc-Woll Gtr conurbation,Straight,,,,Off,Sealed,Dry,Fine,Daylight,Nil,Stop sign,60 km/h,Regional,21,Right through,202,Opp - Right-thru,,Other angle,Light truck utility(from 2018),Pedal cycle,2,0,1,0,0,12,December,Summer,Thursday,14:00 - 15:59,Midday / afternoon,False,False,True,True
1370905,Injury,Serious Injury,2024,2024,September,Sunday,16:00 - 17:59,OLYMPIC,HWY,150,South,STRATHMORE,LANE,YATHELLA,78.0,No,Not a school zone,2-way undivided,-34.902622,147.488641,Junee,Country non-urban,Rest of NSW - Rural,Straight,Embankment/cutting,,,Nil,Sealed,Dry,Fine,Daylight,Nil,No traffic controls,100 km/h,State,73,Off rd rght => obj,704,Right off cway into obj,,Vehicle - Object,Car (sedan/hatch),,1,0,3,0,0,9,September,Spring,Sunday,16:00 - 17:59,PM peak / evening commute,True,False,True,True
1370913,Injury,Moderate Injury,2024,2024,November,Wednesday,16:00 - 17:59,CAHILL,EXP,300,South,SYDNEY HARBOUR TUNNEL,TO,SYDNEY,592.0,No,Not a school zone,Dual freeway,-33.8655,151.213317,Sydney,Sydney metro. area,Syd-Newc-Woll Gtr conurbation,Curved,Underpass/tunnel,,,Off,Sealed,Dry,Fine,Daylight,Nil,No traffic controls,80 km/h,State,30,Rear end,301,Same - Rear end,,Rear end,Car (sedan/hatch),Car (sedan/hatch),4,0,0,1,0,11,November,Spring,Wednesday,16:00 - 17:59,PM peak / evening commute,True,False,True,True
1370915,Injury,Serious Injury,2024,2024,November,Tuesday,14:00 - 15:59,HOLBECHE,RD,0,Right on the spot,WALTERS,RD,ARNDELL PARK,,No,Not a school zone,Roundabout,-33.789904,150.89049,Blacktown,Sydney metro. area,Syd-Newc-Woll Gtr conurbation,Straight,,,,Off,Sealed,Dry,Fine,Daylight,Nil,Give way sign,60 km/h,Local,21,Right through,202,Opp - Right-thru,,Other angle,Motorcycle,Car (sedan/hatch),2,0,1,0,0,11,November,Spring,Tuesday,14:00 - 15:59,Midday / afternoon,False,False,True,True
1370917,Injury,Serious Injury,2024,2024,September,Wednesday,18:00 - 19:59,PRINCES,HWY,0,Right on the spot,ROCKDALE PLAZA,DR,ROCKDALE,1.0,No,Not a school zone,X-intersection,-33.95712,151.137755,Bayside,Sydney metro. area,Syd-Newc-Woll Gtr conurbation,Straight,Foot/cycle path/nature strip,,,On,Sealed,Dry,Fine,Dusk,On,No traffic controls,60 km/h,State,21,Right through,202,Opp - Right-thru,,Other angle,Car (sedan/hatch),Semi-trailer,3,0,1,1,0,9,September,Spring,Wednesday,18:00 - 19:59,PM peak / evening commute,True,False,True,True
1370920,Injury,Minor/Other Injury,2024,2024,December,Sunday,10:00 - 11:59,HUME,HWY,720,North,PAYNES,RD,BOOKHAM,2.0,No,Not a school zone,Divided road,-34.797094,148.694878,Yass Valley,Country non-urban,Rest of NSW - Rural,Straight,Embankment/cutting,,,Nil,Sealed,Wet,Raining,Daylight,Nil,No traffic controls,110 km/h,State,71,Off rd left => obj,703,Left off cway into object,,Vehicle - Object,Car (sedan/hatch),,1,0,0,0,1,12,December,Summer,Sunday,10:00 - 11:59,Midday / afternoon,False,False,True,True
1370922,Injury,Moderate Injury,2024,2024,November,Wednesday,18:00 - 19:59,PACIFIC,HWY,0,Right on the spot,MEDOWIE,RD,FERODALE,10.0,No,Not a school zone,T-junction,-32.669237,151.83426,Port Stephens,Country non-urban,Rest of NSW - Rural,Straight,,,,Nil,Sealed,Dry,Fine,Daylight,Nil,Stop sign,100 km/h,State,13,Right near,104,Adj - Right-thru from right,,Right angle,4 wheel drive / SUV,Large rigid,2,0,0,1,0,11,November,Spring,Wednesday,18:00 - 19:59,PM peak / evening commute,True,False,True,True
1370929,Injury,Serious Injury,2024,2024,November,Sunday,02:00 - 03:59,NEWCASTLE,EXP,500,North,PALMERS ROAD,TO,KILLINGWORTH,6003.0,No,Not a school zone,Dual freeway,-32.943771,151.545445,Lake Macquarie,Newcastle met. area,Syd-Newc-Woll Gtr conurbation,Curved,Steep grade,,,Nil,Sealed,Dry,Fine,Darkness,Nil,No traffic controls,110 km/h,State,20,Head on,201,Opp - Head on,,Head-on,Car (sedan/hatch),Car (sedan/hatch),2,0,1,0,1,11,November,Spring,Sunday,02:00 - 03:59,Late night / early morning,False,False,True,True
1370942,Injury,Serious Injury,2024,2024,November,Thursday,14:00 - 15:59,THE HORSLEY,DR,0,Right on the spot,WETHERILL,ST,WETHERILL PARK,2105.0,No,Not a school zone,X-intersection,-33.850813,150.918092,Fairfield,Sydney metro. area,Syd-Newc-Woll Gtr conurbation,Straight,,,,Off,Sealed,Dry,Fine,Daylight,On,No traffic controls,60 km/h,Regional,21,Right through,202,Opp - Right-thru,,Other angle,Station wagon,Car (sedan/hatch),2,0,1,0,0,11,November,Spring,Thursday,14:00 - 15:59,Midday / afternoon,False,False,True,True
1370946,Injury,Minor/Other Injury,2024,2024,November,Saturday,12:00 - 13:59,BONANG,RD,43,South,DELEGATE,BDGE,DELEGATE,93.0,No,Not a school zone,2-way undivided,-37.046213,148.813063,Snowy Monaro Regional,Country non-urban,Rest of NSW - Rural,Straight,Steep grade,,,Off,Sealed,Wet,Raining,Daylight,Nil,No traffic controls,100 km/h,Regional,74,On road-out of cont.,705,Out of control on cway,,Rollover,Motorcycle,,1,0,0,0,1,11,November,Spring,Saturday,12:00 - 13:59,Midday / afternoon,False,False,True,True
1370948,Injury,Moderate Injury,2024,2024,October,Wednesday,06:00 - 07:59,BROADMEADOW,RD,999999,Unknown/not stated,UNKNOWN,UK,BROADMEADOW,,No,Not a school zone,2-way undivided,-32.918475,151.733297,Newcastle,Newcastle met. area,Syd-Newc-Woll Gtr conurbation,Straight,Other bridge,,,Off,Sealed,Dry,Fine,Daylight,Nil,No traffic controls,50 km/h,Local,30,Rear end,301,Same - Rear end,,Rear end,Car (sedan/hatch),Car (sedan/hatch),2,0,0,1,0,10,October,Spring,Wednesday,06:00 - 07:59,AM peak / school commute,True,False,True,True
1370951,Injury,Moderate Injury,2024,2024,November,Thursday,18:00 - 19:59,STACEY,ST,0,Right on the spot,WATTLE,ST,BANKSTOWN,190.0,No,Not a school zone,T-junction,-33.916513,151.041116,Canterbury-Bankstown,Sydney metro. area,Syd-Newc-Woll Gtr conurbation,Straight,,,,On,Sealed,Wet,Raining,Darkness,On,No traffic controls,60 km/h,State,30,Rear end,301,Same - Rear end,,Rear end,Car (sedan/hatch),Car (sedan/hatch),3,0,0,1,0,11,November,Spring,Thursday,18:00 - 19:59,PM peak / evening commute,True,False,True,True
1370952,Injury,Serious Injury,2024,2024,November,Monday,18:00 - 19:59,CARAVAN HEAD,RD,0,Right on the spot,NUMBER 49,HN,OYSTER BAY,,No,Not a school zone,2-way undivided,-34.002746,151.081392,Sutherland,Sydney metro. area,Syd-Newc-Woll Gtr conurbation,Curved,Crest,,,On,Sealed,Dry,Fine,Dusk,Nil,No traffic controls,50 km/h,Local,81,Off left/rt bnd=>obj,803,Off right bend into obj,Left,Vehicle - Object,Motorcycle,,1,0,1,0,0,11,November,Spring,Monday,18:00 - 19:59,PM peak / evening commute,True,False,True,True
1370954,Injury,Moderate Injury,2024,2024,September,Tuesday,20:00 - 21:59,KISSING POINT,RD,160,West,ELDER,ST,DUNDAS,574.0,Yes,No,Divided road,-33.803342,151.036932,Parramatta,Sydney metro. area,Syd-Newc-Woll Gtr conurbation,Straight,Steep grade,,,On,Sealed,Dry,Fine,Darkness,On,Ped crossing,60 km/h,State,73,Off rd rght => obj,704,Right off cway into obj,,Vehicle - Object,Car (sedan/hatch),,1,0,0,1,0,9,September,Spring,Tuesday,20:00 - 21:59,Evening / night,False,False,True,True
1370955,Injury,Moderate Injury,2024,2024,October,Friday,14:00 - 15:59,NEW ENGLAND,HWY,720,North,YARRAFORD RAIL,RD,YARROWFORD,9.0,No,Not a school zone,2-way undivided,-29.661595,151.778843,Glen Innes Severn,Country non-urban,Rest of NSW - Rural,Straight,Other bridge,,,Nil,Sealed,Dry,Fine,Daylight,Nil,No traffic controls,100 km/h,State,71,Off rd left => obj,703,Left off cway into object,,Vehicle - Object,Light truck utility(from 2018),,1,0,0,1,0,10,October,Spring,Friday,14:00 - 15:59,Midday / afternoon,False,False,True,True
1370961,Injury,Serious Injury,2024,2024,September,Thursday,04:00 - 05:59,PITTWATER,RD,0,Right on the spot,COX,RD,NORTH RYDE,2052.0,No,Not a school zone,Roundabout,-33.806699,151.138139,Ryde,Sydney metro. area,Syd-Newc-Woll Gtr conurbation,Straight,Steep grade,,,Nil,Sealed,Dry,Fine,Dawn,Nil,Give way sign,60 km/h,Regional,49,Other manoeuvring,400,Manov - other,,Other angle,Motor scooter,,1,0,1,0,0,9,September,Spring,Thursday,04:00 - 05:59,Late night / early morning,False,False,True,True
1370962,Injury,Moderate Injury,2024,2024,December,Sunday,20:00 - 21:59,RIVER,ST,10,West,PACIFIC,PDE,YAMBA,,No,Not a school zone,T-junction,-29.445449,153.364005,Clarence Valley,Country urban,Rest of NSW - Urban,Straight,,,,On,Sealed,Wet,Fine,Darkness,Nil,Give way sign,50 km/h,Local,74,On road-out of cont.,705,Out of control on cway,,Rollover,Motorcycle,,1,0,0,1,0,12,December,Summer,Sunday,20:00 - 21:59,Evening / night,False,False,True,True
1370964,Injury,Moderate Injury,2024,2024,November,Saturday,00:01 - 01:59,FOREST,RD,10,West,GLOUCESTER,RD,HURSTVILLE,168.0,No,Not a school zone,T-junction,-33.965072,151.09862,Georges River,Sydney metro. area,Syd-Newc-Woll Gtr conurbation,Straight,,,,On,Sealed,Dry,Fine,Darkness,On,No traffic controls,60 km/h,State,73,Off rd rght => obj,704,Right off cway into obj,,Vehicle - Object,Car (sedan/hatch),,1,0,0,1,0,11,November,Spring,Saturday,00:01 - 01:59,Late night / early morning,False,False,True,True
1370970,Injury,Moderate Injury,2024,2024,November,Thursday,16:00 - 17:59,THE LAKES,WAY,1200,North,BOOMERANG,DR,CHARLOTTE BAY,111.0,No,Not a school zone,2-way undivided,-32.332851,152.52321,Mid-Coast,Country urban,Rest of NSW - Urban,Straight,,,,Nil,Sealed,Wet,Raining,Daylight,Nil,No traffic controls,80 km/h,Regional,30,Rear end,301,Same - Rear end,,Rear end,Other bus,Passenger van,2,0,0,1,0,11,November,Spring,Thursday,16:00 - 17:59,PM peak / evening commute,True,False,True,True
1370972,Injury,Moderate Injury,2024,2024,November,Tuesday,20:00 - 21:59,FISHERY POINT,RD,50,East,BALDWIN,BVD,BONNELLS BAY,,No,Not a school zone,2-way undivided,-33.112108,151.528926,Lake Macquarie,Newcastle met. area,Syd-Newc-Woll Gtr conurbation,Curved,Painted double centre lines,,,On,Sealed,Dry,Fine,Darkness,Nil,No traffic controls,60 km/h,Local,20,Head on,201,Opp - Head on,,Head-on,Light truck utility(from 2018),4 wheel drive / SUV,2,0,0,1,2,11,November,Spring,Tuesday,20:00 - 21:59,Evening / night,False,False,True,True
1370973,Injury,Minor/Other Injury,2024,2024,November,Friday,22:00 - Midnight,FRANKLIN,CRES,0,Right on the spot,POPONDETTA,RD,BLACKETT,,No,Not a school zone,T-junction,-33.739433,150.811063,Blacktown,Sydney metro. area,Syd-Newc-Woll Gtr conurbation,Straight,,,,On,Sealed,Dry,Overcast,Darkness,Nil,No traffic controls,50 km/h,Local,30,Rear end,301,Same - Rear end,,Rear end,4 wheel drive / SUV,Car (sedan/hatch),4,0,0,0,1,11,November,Spring,Friday,22:00 - Midnight,Evening / night,False,False,True,True
1370975,Injury,Serious Injury,2024,2024,October,Saturday,14:00 - 15:59,PACIFIC,HWY,0,Right on the spot,MARKS POINT,RD,MARKS POINT,10.0,No,Not a school zone,T-junction,-33.056902,151.653558,Lake Macquarie,Newcastle met. area,Syd-Newc-Woll Gtr conurbation,Straight,,,,Off,Sealed,Dry,Fine,Daylight,On,No traffic controls,60 km/h,State,20,Head on,201,Opp - Head on,,Head-on,Car (sedan/hatch),Light truck,2,0,1,1,1,10,October,Spring,Saturday,14:00 - 15:59,Midday / afternoon,False,False,True,True