crash_id,degree_of_crash,degree_of_crash_-_detailed,reporting_year,year_of_crash,month_of_crash,day_of_week_of_crash,two-hour_intervals,street_of_crash,street_type,distance,direction,identifying_feature,identifying_feature_type,town,route_no.,school_zone_location,school_zone_active,type_of_location,latitude,longitude,lga,urbanisation,conurbation_1,alignment,primary_permanent_feature,primary_temporary_feature,primary_hazardous_feature,street_lighting,road_surface,surface_condition,weather,natural_lighting,signals_operation,other_traffic_control,speed_limit,road_classification_(admin),rum_-_code,rum_-_description,dca_-_code,dca_-_description,dca_supplement,first_impact_type,key_tu_type,other_tu_type,no._of_traffic_units_involved,no._killed,no._seriously_injured,no._moderately_injured,no._minor-other_injured,month_num,month_label,season,day_label,time_label,time_band,is_peak_commute,is_fatal,is_injury,is_casualty
1370979,Injury,Serious Injury,2024,2024,November,Monday,14:00 - 15:59,GULF,RD,5000,West,CARPET SNAKE TRAIL,RD,EMMAVILLE,,No,Not a school zone,2-way undivided,-29.282084,151.484108,Glen Innes Severn,Country non-urban,Rest of NSW - Rural,Curved,,,,Nil,Unsealed,Dry,Fine,Daylight,Nil,No traffic controls,100 km/h,Local,86,Off left/left bend,802,Off cway left bend,Left,Rollover,Motorcycle,,1,0,1,0,0,11,November,Spring,Monday,14:00 - 15:59,Midday / afternoon,False,False,True,True
1370982,Injury,Serious Injury,2024,2024,September,Saturday,14:00 - 15:59,EPPING,RD,0,Right on the spot,FRASER,ST,LANE COVE NORTH,373.0,No,Not a school zone,T-junction,-33.809573,151.157054,Lane Cove,Sydney metro. area,Syd-Newc-Woll Gtr conurbation,Curved,Steep grade,,,Nil,Sealed,Dry,Overcast,Daylight,Nil,Give way sign,60 km/h,State,37,Left turn sideswipe,309,Same - Left turn side swipe,,Other angle,Light truck utility(from 2018),Motor scooter,2,0,1,0,0,9,September,Spring,Saturday,14:00 - 15:59,Midday / afternoon,False,False,True,True
1370983,Injury,Moderate Injury,2024,2024,December,Sunday,18:00 - 19:59,NEW CANTERBURY,RD,0,Right on the spot,STANMORE,RD,PETERSHAM,167.0,No,Not a school zone,X-intersection,-33.895677,151.156844,Inner West,Sydney metro. area,Syd-Newc-Woll Gtr conurbation,Straight,,,,Off,Sealed,Dry,Fine,Daylight,On,No traffic controls,60 km/h,State,0,Ped nearside,1,Ped - Near side,,Vehicle - Pedestrian,4 wheel drive / SUV,Pedestrian,2,0,0,1,0,12,December,Summer,Sunday,18:00 - 19:59,PM peak / evening commute,True,False,True,True
1370986,Injury,Serious Injury,2024,2024,October,Wednesday,16:00 - 17:59,WESTERN,EXP,1100,West,THE NORTHERN ROAD,OP,GLENMORE PARK,6004.0,No,Not a school zone,Dual freeway,-33.783454,150.69192,Penrith,Sydney metro. area,Syd-Newc-Woll Gtr conurbation,Curved,,,,Nil,Sealed,Dry,Fine,Daylight,Nil,No traffic controls,110 km/h,State,34,Lane change right,306,Same - Lane change right,,Other angle,Car (sedan/hatch),Car (sedan/hatch),2,0,1,0,0,10,October,Spring,Wednesday,16:00 - 17:59,PM peak / evening commute,True,False,True,True
1370988,Injury,Serious Injury,2024,2024,November,Friday,08:00 - 09:59,CANBERRA,ST,0,Right on the spot,OBERON,ST,RANDWICK,,No,Not a school zone,X-intersection,-33.924527,151.243771,Randwick,Sydney metro. area,Syd-Newc-Woll Gtr conurbation,Straight,,,,Nil,Sealed,Wet,Raining,Daylight,Nil,Stop sign,50 km/h,Local,11,Right far,102,Adj - Right-thru from left,,Right angle,Car (sedan/hatch),4 wheel drive / SUV,2,0,1,0,0,11,November,Spring,Friday,08:00 - 09:59,AM peak / school commute,True,False,True,True
1370989,Injury,Serious Injury,2024,2024,October,Tuesday,12:00 - 13:59,EDGEWORTH DAVID,AVE,0,Right on the spot,MYRA,ST,WAHROONGA,2043.0,Yes,No,T-junction,-33.707385,151.110666,Hornsby,Sydney metro. area,Syd-Newc-Woll Gtr conurbation,Straight,,,,Off,Sealed,Dry,Fine,Daylight,On,No traffic controls,60 km/h,Regional,13,Right near,104,Adj - Right-thru from right,,Right angle,Passenger van,Car (sedan/hatch),2,0,1,1,0,10,October,Spring,Tuesday,12:00 - 13:59,Midday / afternoon,False,False,True,True
1370990,Injury,Moderate Injury,2024,2024,September,Monday,06:00 - 07:59,NEWCASTLE,EXP,50,North,FREEMANS DRIVE,OP,COORANBONG,6003.0,No,Not a school zone,Dual freeway,-33.042032,151.473311,Lake Macquarie,Newcastle met. area,Syd-Newc-Woll Gtr conurbation,Straight,,,,Nil,Sealed,Wet,Raining,Daylight,Nil,No traffic controls,110 km/h,State,30,Rear end,301,Same - Rear end,,Rear end,Car (sedan/hatch),Car (sedan/hatch),2,0,0,1,0,9,September,Spring,Monday,06:00 - 07:59,AM peak / school commute,True,False,True,True
1370992,Injury,Moderate Injury,2024,2024,October,Wednesday,12:00 - 13:59,CROYDON,RD,30,South,STONEY CREEK,RD,HURSTVILLE,7309.0,Yes,No,Divided road,-33.949915,151.102175,Georges River,Sydney metro. area,Syd-Newc-Woll Gtr conurbation,Curved,,,,Off,Sealed,Dry,Fine,Daylight,Nil,No traffic controls,60 km/h,Regional,20,Head on,201,Opp - Head on,,Head-on,Car (sedan/hatch),Car (sedan/hatch),2,0,0,3,1,10,October,Spring,Wednesday,12:00 - 13:59,Midday / afternoon,False,False,True,True
1370993,Injury,Moderate Injury,2024,2024,June,Thursday,18:00 - 19:59,SACKVILLE FERRY,RD,140,North,MITCHELLS,RD,SACKVILLE NORTH,182.0,No,Not a school zone,2-way undivided,-33.483801,150.888453,The Hills,Sydney metro. area,Syd-Newc-Woll Gtr conurbation,Curved,,,,Nil,Sealed,Dry,Fine,Darkness,Nil,No traffic controls,80 km/h,Regional,81,Off left/rt bnd=>obj,803,Off right bend into obj,Left,Vehicle - Object,4 wheel drive / SUV,,1,0,0,1,0,6,June,Winter,Thursday,18:00 - 19:59,PM peak / evening commute,True,False,True,True
1370994,Injury,Moderate Injury,2024,2024,September,Thursday,14:00 - 15:59,CENTRAL COAST,HWY,0,Right on the spot,NUMBER 25,HN,EAST GOSFORD,30.0,No,Not a school zone,Divided road,-33.439261,151.354833,Central Coast,Country urban,Syd-Newc-Woll Gtr conurbation,Straight,,,,Off,Sealed,Wet,Raining,Daylight,Nil,No traffic controls,60 km/h,State,71,Off rd left => obj,703,Left off cway into object,,Other angle,Car (sedan/hatch),Unknown motor vehicle,2,0,0,1,1,9,September,Spring,Thursday,14:00 - 15:59,Midday / afternoon,False,False,True,True
1370995,Injury,Moderate Injury,2024,2024,November,Sunday,04:00 - 05:59,SHELLHARBOUR,RD,100,South,WOODLANDS,DR,SHELLHARBOUR,522.0,No,Not a school zone,Divided road,-34.570069,150.861711,Shellharbour,Wollongong met. area,Syd-Newc-Woll Gtr conurbation,Straight,,,,On,Sealed,Dry,Fine,Dawn,Nil,No traffic controls,80 km/h,State,74,On road-out of cont.,705,Out of control on cway,,Rollover,Motorcycle,,1,0,0,1,0,11,November,Spring,Sunday,04:00 - 05:59,Late night / early morning,False,False,True,True
1370997,Injury,Moderate Injury,2024,2024,December,Wednesday,10:00 - 11:59,APPIN,RD,1510,South,KELLERMAN,DR,GILEAD,177.0,No,Not a school zone,2-way undivided,-34.12685,150.792067,Campbelltown,Sydney metro. area,Syd-Newc-Woll Gtr conurbation,Straight,,Roadwks/Detour/Diverson,,Nil,Sealed,Dry,Fine,Daylight,Nil,No traffic controls,60 km/h,State,40,U turn,304,Same - U-turn,,Other angle,Car (sedan/hatch),Car (sedan/hatch),2,0,0,1,1,12,December,Summer,Wednesday,10:00 - 11:59,Midday / afternoon,False,False,True,True
1370999,Injury,Moderate Injury,2024,2024,November,Sunday,14:00 - 15:59,GREAT WESTERN,HWY,0,Right on the spot,BOLD,ST,GRANVILLE,5.0,No,Not a school zone,T-junction,-33.830068,151.01068,Parramatta,Sydney metro. area,Syd-Newc-Woll Gtr conurbation,Straight,,,,Off,Sealed,Dry,Fine,Daylight,On,No traffic controls,60 km/h,State,21,Right through,202,Opp - Right-thru,,Other angle,4 wheel drive / SUV,Light truck utility(from 2018),2,0,0,1,0,11,November,Spring,Sunday,14:00 - 15:59,Midday / afternoon,False,False,True,True
1371001,Injury,Serious Injury,2024,2024,October,Tuesday,04:00 - 05:59,CHURCH,ST,0,Right on the spot,NUMBER 48,HN,ASHFIELD,,No,Not a school zone,2-way undivided,-33.878335,151.125099,Inner West,Sydney metro. area,Syd-Newc-Woll Gtr conurbation,Straight,,,,Nil,Sealed,Dry,Fine,Dawn,Nil,No traffic controls,50 km/h,Local,45,Reversing,404,Manov - Reverse in traffic,,Other angle,Light truck,Pedal cycle,2,0,1,0,0,10,October,Spring,Tuesday,04:00 - 05:59,Late night / early morning,False,False,True,True
1371004,Injury,Minor/Other Injury,2024,2024,December,Tuesday,06:00 - 07:59,THE BOULEVARDE,MS,135,West,BRISBANE WATER,DR,WOY WOY,,No,Not a school zone,2-way undivided,-33.483749,151.325654,Central Coast,Country urban,Syd-Newc-Woll Gtr conurbation,Curved,,,,Nil,Sealed,Dry,Fine,Daylight,Nil,No traffic controls,40 km/h,Local,81,Off left/rt bnd=>obj,803,Off right bend into obj,Left,Vehicle - Object,Station wagon,,1,0,0,0,1,12,December,Summer,Tuesday,06:00 - 07:59,AM peak / school commute,True,False,True,True
1371012,Injury,Serious Injury,2024,2024,December,Thursday,16:00 - 17:59,CANTERBURY,RD,0,Right on the spot,NUMBER 291,HN,REVESBY,167.0,No,Not a school zone,Divided road,-33.936961,151.021375,Canterbury-Bankstown,Sydney metro. area,Syd-Newc-Woll Gtr conurbation,Straight,,,,Off,Sealed,Dry,Fine,Daylight,Nil,No traffic controls,70 km/h,State,30,Rear end,301,Same - Rear end,,Rear end,Large rigid,Passenger van,2,0,1,0,0,12,December,Summer,Thursday,16:00 - 17:59,PM peak / evening commute,True,False,True,True
1371014,Injury,Moderate Injury,2024,2024,October,Thursday,18:00 - 19:59,TYNESIDE,AVE,0,Right on the spot,NUMBER 79,HN,NORTH WILLOUGHBY,,No,Not a school zone,2-way undivided,-33.790281,151.204651,Willoughby,Sydney metro. area,Syd-Newc-Woll Gtr conurbation,Straight,Steep grade,,,Off,Sealed,Wet,Overcast,Dusk,Nil,No traffic controls,50 km/h,Local,66,Object on road,607,On path - Hit temp object,,Vehicle - Object,Motor scooter,,1,0,0,1,0,10,October,Spring,Thursday,18:00 - 19:59,PM peak / evening commute,True,False,True,True
1371016,Injury,Moderate Injury,2024,2024,October,Friday,22:00 - Midnight,DELUNGRA,RD,0,Right on the spot,WHITLOW CREEK,BDGE,BINGARA,134.0,No,Not a school zone,2-way undivided,-29.821853,150.562083,Gwydir,Country non-urban,Rest of NSW - Rural,Straight,Other bridge,,,Nil,Sealed,Dry,Fine,Darkness,Nil,No traffic controls,100 km/h,Regional,71,Off rd left => obj,703,Left off cway into object,,Vehicle - Object,Light truck utility(from 2018),,1,0,0,1,0,10,October,Spring,Friday,22:00 - Midnight,Evening / night,False,False,True,True
1371018,Injury,Serious Injury,2024,2024,May,Thursday,14:00 - 15:59,WOODVILLE,RD,20,North,RAWSON,RD,GUILDFORD,640.0,No,Not a school zone,Divided road,-33.860933,150.993093,Cumberland,Sydney metro. area,Syd-Newc-Woll Gtr conurbation,Straight,,,,Off,Sealed,Dry,Fine,Daylight,Nil,No traffic controls,70 km/h,State,33,Lane sideswipe,305,Same - Lane side swipe,,Other angle,Large rigid,Large rigid,4,0,1,1,0,5,May,Autumn,Thursday,14:00 - 15:59,Midday / afternoon,False,False,True,True
1371020,Injury,Minor/Other Injury,2024,2024,October,Wednesday,10:00 - 11:59,FERN,ST,0,Right on the spot,STUART,ST,MULLUMBIMBY,,No,Not a school zone,X-intersection,-28.556461,153.500267,Byron,Country urban,Rest of NSW - Urban,Straight,,,,Off,Sealed,Dry,Fine,Daylight,Nil,Give way sign,50 km/h,Local,4,Ped walk with,5,Ped - Walking with traffic,,Vehicle - Pedestrian,Car (sedan/hatch),Pedestrian,2,0,0,0,1,10,October,Spring,Wednesday,10:00 - 11:59,Midday / afternoon,False,False,True,True
1371022,Injury,Serious Injury,2024,2024,November,Wednesday,06:00 - 07:59,BRUXNER PARK,RD,450,West,PACIFIC,HWY,KORORA,,No,Not a school zone,2-way undivided,-30.265492,153.125642,Coffs Harbour,Country non-urban,Rest of NSW - Rural,Curved,Steep grade,,,Nil,Sealed,Dry,Fine,Dawn,Nil,No traffic controls,100 km/h,Local,67,Struck animal,609,On path - Hit animal,,Vehicle - Animal,Motorcycle,,1,0,1,0,0,11,November,Spring,Wednesday,06:00 - 07:59,AM peak / school commute,True,False,True,True
1371025,Injury,Minor/Other Injury,2024,2024,December,Saturday,10:00 - 11:59,SUMMERLAND,WAY,7360,North,MOUNT LINDESAY,RD,DAIRY FLAT,83.0,No,Not a school zone,2-way undivided,-28.334878,152.684047,Kyogle,Country non-urban,Rest of NSW - Rural,Curved,Painted double centre lines,,,Nil,Sealed,Dry,Fine,Daylight,Nil,No traffic controls,100 km/h,State,83,Off rt/rt bnd=>obj,803,Off right bend into obj,Right,Vehicle - Object,Motorcycle,,1,0,0,0,1,12,December,Summer,Saturday,10:00 - 11:59,Midday / afternoon,False,False,True,True
1371030,Injury,Moderate Injury,2024,2024,November,Thursday,18:00 - 19:59,PACIFIC,HWY,0,Right on the spot,NUMBER 330,HN,LANE COVE,10.0,No,Not a school zone,Divided road,-33.81517,151.178074,Lane Cove,Sydney metro. area,Syd-Newc-Woll Gtr conurbation,Straight,,,,On,Sealed,Wet,Overcast,Dusk,Nil,No traffic controls,60 km/h,State,35,Lane change left,307,Same - Lane change left,,Other angle,4 wheel drive / SUV,Car (sedan/hatch),2,0,0,1,0,11,November,Spring,Thursday,18:00 - 19:59,PM peak / evening commute,True,False,True,True
1371031,Injury,Serious Injury,2024,2024,November,Saturday,10:00 - 11:59,PACIFIC,HWY,0,Right on the spot,HINTERLAND WAY,TO,KNOCKROW,10.0,No,Not a school zone,Divided road,-28.770948,153.532087,Ballina,Country non-urban,Rest of NSW - Rural,Straight,,,,Nil,Sealed,Dry,Fine,Daylight,Nil,No traffic controls,110 km/h,State,71,Off rd left => obj,703,Left off cway into object,,Vehicle - Object,Light truck utility(from 2018),,1,0,2,0,0,11,November,Spring,Saturday,10:00 - 11:59,Midday / afternoon,False,False,True,True
1371032,Injury,Moderate Injury,2024,2024,August,Saturday,06:00 - 07:59,OLD CANTERBURY,RD,0,Right on the spot,WINDSOR,RD,DULWICH HILL,652.0,No,Not a school zone,X-intersection,-33.895518,151.140692,Inner West,Sydney metro. area,Syd-Newc-Woll Gtr conurbation,Straight,,,,Off,Sealed,Dry,Fine,Daylight,Nil,Give way sign,50 km/h,State,13,Right near,104,Adj - Right-thru from right,,Right angle,Utility,4 wheel drive / SUV,2,0,0,1,0,8,August,Winter,Saturday,06:00 - 07:59,AM peak / school commute,True,False,True,True
1371034,Injury,Moderate Injury,2024,2024,September,Saturday,14:00 - 15:59,LOUTH PARK,RD,730,North,REFLECTION,DR,LOUTH PARK,,No,Not a school zone,2-way undivided,-32.765961,151.552659,Maitland,Country urban,Rest of NSW - Urban,Curved,,,,Off,Sealed,Dry,Fine,Daylight,Nil,No traffic controls,60 km/h,Local,85,Off rt/lft bnd=>obj,804,Off left bend into obj,Right,Vehicle - Object,Car (sedan/hatch),,1,0,0,1,0,9,September,Spring,Saturday,14:00 - 15:59,Midday / afternoon,False,False,True,True
1371037,Injury,Serious Injury,2024,2024,December,Monday,12:00 - 13:59,DEANS GAP,RD,0,Right on the spot,NUMBER 1,HN,YERRIYONG,,No,Not a school zone,2-way undivided,-34.987942,150.439462,Shoalhaven,Country non-urban,Rest of NSW - Rural,Straight,,,,Nil,Unsealed,Dry,Fine,Daylight,Nil,No traffic controls,100 km/h,Local,74,On road-out of cont.,705,Out of control on cway,,Rollover,Motorcycle,,1,0,1,0,0,12,December,Summer,Monday,12:00 - 13:59,Midday / afternoon,False,False,True,True
1371046,Injury,Moderate Injury,2024,2024,August,Tuesday,08:00 - 09:59,WELLINGTON,ST,50,West,NARREN,ST,BARADINE,,No,Not a school zone,Divided road,-30.949726,149.068597,Warrumbungle,Country urban,Rest of NSW - Urban,Straight,,,,Off,Sealed,Dry,Fine,Daylight,Nil,No traffic controls,50 km/h,Local,71,Off rd left => obj,703,Left off cway into object,,Other angle,Car (sedan/hatch),4 wheel drive / SUV,2,0,0,1,0,8,August,Winter,Tuesday,08:00 - 09:59,AM peak / school commute,True,False,True,True
1371055,Injury,Minor/Other Injury,2024,2024,December,Sunday,14:00 - 15:59,HOWICK,ST,0,Right on the spot,PEEL,ST,BATHURST,,No,Not a school zone,X-intersection,-33.410899,149.57527,Bathurst Regional,Country urban,Rest of NSW - Urban,Straight,,,,Off,Sealed,Dry,Fine,Daylight,Nil,Give way sign,50 km/h,Local,10,Cross traffic,101,Adj - Cross traffic,,Right angle,4 wheel drive / SUV,4 wheel drive / SUV,2,0,0,0,2,12,December,Summer,Sunday,14:00 - 15:59,Midday / afternoon,False,False,True,True
1371057,Injury,Serious Injury,2024,2024,October,Friday,06:00 - 07:59,MACQUARIE,ST,0,Right on the spot,MINMI,RD,WALLSEND,,Yes,No,X-intersection,-32.891268,151.668051,Newcastle,Newcastle met. area,Syd-Newc-Woll Gtr conurbation,Straight,Steep grade,,,Off,Sealed,Dry,Fine,Daylight,On,No traffic controls,60 km/h,Local,13,Right near,104,Adj - Right-thru from right,,Right angle,Car (sedan/hatch),Station wagon,2,0,1,0,0,10,October,Spring,Friday,06:00 - 07:59,AM peak / school commute,True,False,True,True
1371059,Injury,Serious Injury,2024,2024,December,Saturday,16:00 - 17:59,OLD COOTAMUNDRA,RD,2200,East,EMERYS,LANE,COOTAMUNDRA,,No,Not a school zone,2-way undivided,-34.579153,147.830305,Cootamundra-Gundagai,Country non-urban,Rest of NSW - Rural,Curved,,,,Nil,Sealed,Dry,Fine,Daylight,Nil,No traffic controls,100 km/h,Local,80,Off left/right bend,801,Off cway right bend,Left,Rollover,B-double (road train prior 98),,1,0,1,0,0,12,December,Summer,Saturday,16:00 - 17:59,PM peak / evening commute,True,False,True,True
1371063,Injury,Serious Injury,2024,2024,December,Friday,14:00 - 15:59,DELGARNO,RD,0,Right on the spot,NUMBER 29,HN,BONNYRIGG HEIGHTS,,No,Not a school zone,2-way undivided,-33.895105,150.874874,Fairfield,Sydney metro. area,Syd-Newc-Woll Gtr conurbation,Curved,,,,Nil,Sealed,Dry,Fine,Daylight,Nil,No traffic controls,50 km/h,Local,81,Off left/rt bnd=>obj,803,Off right bend into obj,Left,Other angle,Car (sedan/hatch),Car (sedan/hatch),2,0,1,0,0,12,December,Summer,Friday,14:00 - 15:59,Midday / afternoon,False,False,True,True
1371064,Injury,Moderate Injury,2024,2024,November,Friday,16:00 - 17:59,BIRDSALL,AVE,125,East,EDGAR,ST,CONDELL PARK,,Yes,No,2-way undivided,-33.926156,151.013797,Canterbury-Bankstown,Sydney metro. area,Syd-Newc-Woll Gtr conurbation,Straight,,,,On,Sealed,Dry,Fine,Daylight,Nil,No traffic controls,50 km/h,Local,71,Off rd left => obj,703,Left off cway into object,,Other angle,Light truck utility(from 2018),4 wheel drive / SUV,3,0,0,1,0,11,November,Spring,Friday,16:00 - 17:59,PM peak / evening commute,True,False,True,True
1371065,Injury,Moderate Injury,2024,2024,November,Saturday,16:00 - 17:59,ARMIDALE,RD,20,West,ALLISON,LANE,YARRAVEL,75.0,No,Not a school zone,2-way undivided,-31.048619,152.773586,Kempsey,Country non-urban,Rest of NSW - Rural,Curved,Steep grade,,,Nil,Sealed,Wet,Raining,Daylight,Nil,No traffic controls,100 km/h,Regional,82,Off right/right bend,801,Off cway right bend,Right,Rollover,Car (sedan/hatch),,1,0,0,1,0,11,November,Spring,Saturday,16:00 - 17:59,PM peak / evening commute,True,False,True,True
1371073,Injury,Moderate Injury,2024,2024,November,Monday,18:00 - 19:59,ELIZABETH,ST,0,Right on the spot,OLD WAGGA,RD,NARRANDERA,,No,Not a school zone,X-intersection,-34.745736,146.564841,Narrandera,Country urban,Rest of NSW - Urban,Straight,,,,Off,Sealed,Dry,Fine,Daylight,Nil,Give way sign,50 km/h,Local,10,Cross traffic,101,Adj - Cross traffic,,Right angle,Light truck utility(from 2018),Light truck utility(from 2018),2,0,0,1,0,11,November,Spring,Monday,18:00 - 19:59,PM peak / evening commute,True,False,True,True
1371074,Injury,Moderate Injury,2024,2024,November,Sunday,00:01 - 01:59,BYRON,ST,20,North,TULLOONA,ST,MOUNT DRUITT,,No,Not a school zone,2-way undivided,-33.759596,150.816367,Blacktown,Sydney metro. area,Syd-Newc-Woll Gtr conurbation,Straight,,,,On,Sealed,Dry,Fine,Darkness,Nil,No traffic controls,50 km/h,Local,71,Off rd left => obj,703,Left off cway into object,,Other angle,4 wheel drive / SUV,Car (sedan/hatch),3,0,0,1,0,11,November,Spring,Sunday,00:01 - 01:59,Late night / early morning,False,False,True,True
1371080,Injury,Moderate Injury,2024,2024,November,Friday,20:00 - 21:59,CLYDE,ST,0,Right on the spot,FERNDELL,ST,SOUTH GRANVILLE,2096.0,No,Not a school zone,T-junction,-33.863453,151.009277,Cumberland,Sydney metro. area,Syd-Newc-Woll Gtr conurbation,Straight,,,,On,Sealed,Dry,Fine,Darkness,On,No traffic controls,60 km/h,Regional,2,Ped far side,3,Ped - Far side,,Vehicle - Pedestrian,Unknown motor vehicle,Pedestrian,2,0,0,1,0,11,November,Spring,Friday,20:00 - 21:59,Evening / night,False,False,True,True
1371081,Injury,Serious Injury,2024,2024,November,Tuesday,08:00 - 09:59,DARLING,ST,0,Right on the spot,NAPIER,ST,NORTH TAMWORTH,,No,Not a school zone,X-intersection,-31.081589,150.933887,Tamworth Regional,Country urban,Rest of NSW - Urban,Straight,Steep grade,,,Off,Sealed,Dry,Fine,Daylight,Nil,Stop sign,50 km/h,Local,10,Cross traffic,101,Adj - Cross traffic,,Right angle,Light truck utility(from 2018),Car (sedan/hatch),2,0,1,0,0,11,November,Spring,Tuesday,08:00 - 09:59,AM peak / school commute,True,False,True,True
1371083,Injury,Moderate Injury,2024,2024,March,Thursday,16:00 - 17:59,NEW ENGLAND,HWY,500,North,PACIFIC HIGHWAY,OP,HEXHAM,9.0,No,Not a school zone,Divided road,-32.820164,151.681803,Newcastle,Newcastle met. area,Syd-Newc-Woll Gtr conurbation,Curved,,,,Off,Sealed,Dry,Fine,Daylight,Nil,No traffic controls,80 km/h,State,30,Rear end,301,Same - Rear end,,Rear end,B-double (road train prior 98),Car (sedan/hatch),2,0,0,1,0,3,March,Autumn,Thursday,16:00 - 17:59,PM peak / evening commute,True,False,True,True
1371084,Injury,Moderate Injury,2024,2024,November,Saturday,10:00 - 11:59,OCEAN,ST,50,South,WELLINGTON,ST,WOOLLAHRA,7330.0,No,Not a school zone,2-way undivided,-33.886167,151.239463,Woollahra,Sydney metro. area,Syd-Newc-Woll Gtr conurbation,Straight,,,,Nil,Sealed,Dry,Overcast,Daylight,Nil,No traffic controls,50 km/h,Regional,30,Rear end,301,Same - Rear end,,Rear end,Light truck,Car (sedan/hatch),4,0,0,1,0,11,November,Spring,Saturday,10:00 - 11:59,Midday / afternoon,False,False,True,True
1371086,Injury,Serious Injury,2024,2024,December,Sunday,14:00 - 15:59,ACACIA,AVE,135,South,GREYSTONE,ST,NORTH LAMBTON,,No,Not a school zone,2-way undivided,-32.906816,151.711465,Newcastle,Newcastle met. area,Syd-Newc-Woll Gtr conurbation,Curved,,,,Nil,Sealed,Dry,Fine,Daylight,Nil,No traffic controls,50 km/h,Local,87,Off lft/lft bnd=>obj,804,Off left bend into obj,Left,Vehicle - Object,Car (sedan/hatch),,2,0,1,0,0,12,December,Summer,Sunday,14:00 - 15:59,Midday / afternoon,False,False,True,True
1371089,Injury,Moderate Injury,2024,2024,October,Monday,10:00 - 11:59,CHAPEL,ST,0,Right on the spot,KENTUCKY,ST,ARMIDALE,,No,Not a school zone,X-intersection,-30.527559,151.674197,Armidale Regional,Country urban,Rest of NSW - Urban,Straight,,,,Off,Sealed,Dry,Fine,Daylight,Nil,Give way sign,50 km/h,Local,10,Cross traffic,101,Adj - Cross traffic,,Right angle,Utility,4 wheel drive / SUV,2,0,0,1,0,10,October,Spring,Monday,10:00 - 11:59,Midday / afternoon,False,False,True,True
1371099,Injury,Serious Injury,2024,2024,January,Wednesday,08:00 - 09:59,PACIFIC,HWY,0,Right on the spot,NORTON,LANE,LANE COVE NORTH,10.0,No,Not a school zone,T-junction,-33.809752,151.177877,Lane Cove,Sydney metro. area,Syd-Newc-Woll Gtr conurbation,Straight,,,,Off,Sealed,Dry,Fine,Daylight,On,No traffic controls,60 km/h,State,21,Right through,202,Opp - Right-thru,,Other angle,4 wheel drive / SUV,Motor scooter,2,0,1,0,0,1,January,Summer,Wednesday,08:00 - 09:59,AM peak / school commute,True,False,True,True
1371106,Injury,Moderate Injury,2024,2024,November,Thursday,16:00 - 17:59,VICTORIA,RD,0,Right on the spot,TENNYSON,RD,GLADESVILLE,165.0,No,Not a school zone,T-junction,-33.822568,151.121785,Ryde,Sydney metro. area,Syd-Newc-Woll Gtr conurbation,Straight,Bus/transit lane,,,On,Sealed,Wet,Raining,Daylight,On,No traffic controls,60 km/h,State,74,On road-out of cont.,705,Out of control on cway,,Rollover,Motorcycle,,1,0,0,1,0,11,November,Spring,Thursday,16:00 - 17:59,PM peak / evening commute,True,False,True,True
1371111,Injury,Serious Injury,2024,2024,December,Friday,08:00 - 09:59,NEW ENGLAND,HWY,0,Right on the spot,NUMBER 10075,HN,WALLABADAH,9.0,No,Not a school zone,2-way undivided,-31.559349,150.826498,Liverpool Plains,Country non-urban,Rest of NSW - Rural,Curved,Painted double centre lines,,,Nil,Sealed,Dry,Fine,Daylight,Nil,No traffic controls,100 km/h,State,85,Off rt/lft bnd=>obj,804,Off left bend into obj,Right,Vehicle - Object,Car (sedan/hatch),,1,0,1,0,0,12,December,Summer,Friday,08:00 - 09:59,AM peak / school commute,True,False,True,True
1371113,Injury,Moderate Injury,2024,2024,November,Sunday,20:00 - 21:59,ERSKINE,ST,0,Right on the spot,GLEN INNES,RD,ARMIDALE,7708.0,No,Not a school zone,T-junction,-30.502429,151.670998,Armidale Regional,Country urban,Rest of NSW - Urban,Curved,,,,On,Sealed,Dry,Fine,Darkness,Nil,Give way sign,50 km/h,Regional,10,Cross traffic,101,Adj - Cross traffic,,Right angle,Car (sedan/hatch),Car (sedan/hatch),2,0,0,1,0,11,November,Spring,Sunday,20:00 - 21:59,Evening / night,False,False,True,True
1371114,Injury,Moderate Injury,2024,2024,November,Friday,10:00 - 11:59,BANYETTE,ST,20,West,WATTLE,LANE,BOWRAL,,No,Not a school zone,2-way undivided,-34.481521,150.416438,Wingecarribee,Country urban,Rest of NSW - Urban,Straight,,,,Nil,Sealed,Dry,Fine,Daylight,Nil,No traffic controls,50 km/h,Local,44,Parking vehicles,403,Manov - Parking-parked vehicle,,Other angle,4 wheel drive / SUV,Car (sedan/hatch),2,0,0,1,0,11,November,Spring,Friday,10:00 - 11:59,Midday / afternoon,False,False,True,True
1371115,Injury,Moderate Injury,2024,2024,November,Friday,16:00 - 17:59,NEWCASTLE,EXP,1080,North,OLD PACIFIC HIGHWAY,OP,MOONEY MOONEY,6003.0,No,Not a school zone,Dual freeway,-33.520568,151.196744,Central Coast,Country non-urban,Syd-Newc-Woll Gtr conurbation,Curved,Steep grade,,,Off,Sealed,Wet,Raining,Dusk,Nil,No traffic controls,90 km/h,State,81,Off left/rt bnd=>obj,803,Off right bend into obj,Left,Vehicle - Object,Light truck,,1,0,0,1,0,11,November,Spring,Friday,16:00 - 17:59,PM peak / evening commute,True,False,True,True