crash_id,degree_of_crash,degree_of_crash_-_detailed,reporting_year,year_of_crash,month_of_crash,day_of_week_of_crash,two-hour_intervals,street_of_crash,street_type,distance,direction,identifying_feature,identifying_feature_type,town,route_no.,school_zone_location,school_zone_active,type_of_location,latitude,longitude,lga,urbanisation,conurbation_1,alignment,primary_permanent_feature,primary_temporary_feature,primary_hazardous_feature,street_lighting,road_surface,surface_condition,weather,natural_lighting,signals_operation,other_traffic_control,speed_limit,road_classification_(admin),rum_-_code,rum_-_description,dca_-_code,dca_-_description,dca_supplement,first_impact_type,key_tu_type,other_tu_type,no._of_traffic_units_involved,no._killed,no._seriously_injured,no._moderately_injured,no._minor-other_injured,month_num,month_label,season,day_label,time_label,time_band,is_peak_commute,is_fatal,is_injury,is_casualty
1371117,Injury,Serious Injury,2024,2024,October,Sunday,12:00 - 13:59,HAMBLEDON,RD,0,Right on the spot,BALI,DR,QUAKERS HILL,7157.0,No,Not a school zone,T-junction,-33.718219,150.892407,Blacktown,Sydney metro. area,Syd-Newc-Woll Gtr conurbation,Straight,,,,Off,Sealed,Dry,Fine,Daylight,On,No traffic controls,60 km/h,Regional,21,Right through,202,Opp - Right-thru,,Other angle,Car (sedan/hatch),Car (sedan/hatch),2,0,1,0,0,10,October,Spring,Sunday,12:00 - 13:59,Midday / afternoon,False,False,True,True
1371118,Injury,Moderate Injury,2024,2024,September,Saturday,06:00 - 07:59,BRITANNIA,AVE,0,Right on the spot,NUMBER 26,HN,BURWOOD,,Yes,No,2-way undivided,-33.870351,151.103007,Burwood,Sydney metro. area,Syd-Newc-Woll Gtr conurbation,Straight,,,,Off,Sealed,Dry,Fine,Daylight,Nil,No traffic controls,50 km/h,Local,71,Off rd left => obj,703,Left off cway into object,,Vehicle - Object,Light truck,,1,0,0,1,0,9,September,Spring,Saturday,06:00 - 07:59,AM peak / school commute,True,False,True,True
1371120,Injury,Moderate Injury,2024,2024,November,Friday,08:00 - 09:59,MACKAY,ST,0,Right on the spot,POOLE,ST,COOTAMUNDRA,,No,Not a school zone,X-intersection,-34.637208,148.017856,Cootamundra-Gundagai,Country urban,Rest of NSW - Urban,Straight,,,,Off,Sealed,Dry,Fine,Daylight,Nil,Give way sign,50 km/h,Local,10,Cross traffic,101,Adj - Cross traffic,,Right angle,Light truck utility(from 2018),Unknown motor vehicle,2,0,0,2,0,11,November,Spring,Friday,08:00 - 09:59,AM peak / school commute,True,False,True,True
1371121,Injury,Serious Injury,2024,2024,October,Sunday,08:00 - 09:59,WEST HEAD,RD,3650,North,GENERAL SAN MARTIN,DR,KU-RING-GAI CHASE,4005.0,No,Not a school zone,2-way undivided,-33.625932,151.258859,Northern Beaches,Sydney metro. area,Syd-Newc-Woll Gtr conurbation,Curved,,,Other hazardous feature,Nil,Sealed,Dry,Fine,Daylight,Nil,No traffic controls,80 km/h,State,81,Off left/rt bnd=>obj,803,Off right bend into obj,Left,Vehicle - Object,Pedal cycle,,1,0,1,0,0,10,October,Spring,Sunday,08:00 - 09:59,AM peak / school commute,True,False,True,True
1371123,Injury,Serious Injury,2024,2024,December,Sunday,00:01 - 01:59,PARK,ST,10,West,CASTLEREAGH,ST,SYDNEY,7307.0,No,Not a school zone,X-intersection,-33.873232,151.209071,Sydney,Sydney metro. area,Syd-Newc-Woll Gtr conurbation,Straight,,,,On,Sealed,Dry,Fine,Darkness,On,No traffic controls,40 km/h,Regional,2,Ped far side,3,Ped - Far side,,Vehicle - Pedestrian,4 wheel drive / SUV,Pedestrian,2,0,1,0,0,12,December,Summer,Sunday,00:01 - 01:59,Late night / early morning,False,False,True,True
1371127,Injury,Minor/Other Injury,2024,2024,November,Wednesday,20:00 - 21:59,PRINCES,HWY,30,North,EGAN,ST,NEWTOWN,1.0,No,Not a school zone,2-way undivided,-33.894542,151.182342,Sydney,Sydney metro. area,Syd-Newc-Woll Gtr conurbation,Straight,,,,On,Sealed,Dry,Fine,Darkness,Nil,No traffic controls,40 km/h,State,63,Vehicle door,604,On path - Vehicle door,,Other angle,Pedal cycle,Car (sedan/hatch),2,0,0,0,1,11,November,Spring,Wednesday,20:00 - 21:59,Evening / night,False,False,True,True
1371135,Injury,Moderate Injury,2024,2024,December,Thursday,18:00 - 19:59,DUKE,ST,120,South,WOODSTOCK,AVE,ROOTY HILL,537.0,Yes,No,2-way undivided,-33.759351,150.830577,Blacktown,Sydney metro. area,Syd-Newc-Woll Gtr conurbation,Straight,Foot/cycle path/nature strip,,,Nil,Sealed,Dry,Fine,Daylight,Nil,Ped crossing,60 km/h,State,48,From footpath,408,Manov - From footway,,Other angle,Motorised push scooters,4 wheel drive / SUV,2,0,0,2,0,12,December,Summer,Thursday,18:00 - 19:59,PM peak / evening commute,True,False,True,True
1371136,Injury,Moderate Injury,2024,2024,December,Friday,00:01 - 01:59,QUEEN,ST,10,North,MOUNT,ST,HURLSTONE PARK,,No,Not a school zone,T-junction,-33.905773,151.127026,Inner West,Sydney metro. area,Syd-Newc-Woll Gtr conurbation,Straight,Steep grade,,,On,Sealed,Dry,Fine,Darkness,Nil,No traffic controls,50 km/h,Local,44,Parking vehicles,403,Manov - Parking-parked vehicle,,Other angle,4 wheel drive / SUV,Car (sedan/hatch),2,0,0,1,0,12,December,Summer,Friday,00:01 - 01:59,Late night / early morning,False,False,True,True
1371137,Injury,Serious Injury,2024,2024,October,Friday,14:00 - 15:59,PRINCES,HWY,10,North,JUBILEE,AVE,CARLTON,1.0,No,Not a school zone,X-intersection,-33.973494,151.129675,Georges River,Sydney metro. area,Syd-Newc-Woll Gtr conurbation,Straight,Steep grade,,,Nil,Sealed,Dry,Fine,Daylight,On,No traffic controls,70 km/h,State,73,Off rd rght => obj,704,Right off cway into obj,,Vehicle - Object,Car (sedan/hatch),,1,0,1,0,0,10,October,Spring,Friday,14:00 - 15:59,Midday / afternoon,False,False,True,True
1371140,Injury,Moderate Injury,2024,2024,November,Monday,14:00 - 15:59,MAIN,RD,0,Right on the spot,FREDERICK,ST,GLENDALE,527.0,No,Not a school zone,X-intersection,-32.927098,151.636879,Lake Macquarie,Newcastle met. area,Syd-Newc-Woll Gtr conurbation,Straight,,,,Off,Sealed,Dry,Fine,Daylight,On,No traffic controls,60 km/h,State,30,Rear end,301,Same - Rear end,,Rear end,Large rigid,Light truck,2,0,0,1,0,11,November,Spring,Monday,14:00 - 15:59,Midday / afternoon,False,False,True,True
1371143,Injury,Minor/Other Injury,2024,2024,July,Friday,22:00 - Midnight,BUNGENDORE,RD,1300,West,LAKE,RD,BUNGENDORE,7607.0,No,Not a school zone,2-way undivided,-35.228315,149.39895,Queanbeyan-Palerang Regional,Country urban,Rest of NSW - Urban,Curved,Steep grade,,,Nil,Sealed,Dry,Fine,Darkness,Nil,No traffic controls,80 km/h,Regional,85,Off rt/lft bnd=>obj,804,Off left bend into obj,Right,Vehicle - Object,4 wheel drive / SUV,,1,0,0,0,1,7,July,Winter,Friday,22:00 - Midnight,Evening / night,False,False,True,True
1371144,Injury,Serious Injury,2024,2024,November,Friday,12:00 - 13:59,PACIFIC,HWY,100,East,NORTHCOTT,DR,ADAMSTOWN HEIGHTS,10.0,No,Not a school zone,Divided road,-32.951668,151.715135,Newcastle,Newcastle met. area,Syd-Newc-Woll Gtr conurbation,Curved,,,,Nil,Sealed,Dry,Fine,Daylight,Nil,No traffic controls,60 km/h,State,34,Lane change right,306,Same - Lane change right,,Other angle,Motorcycle,4 wheel drive / SUV,2,0,1,0,0,11,November,Spring,Friday,12:00 - 13:59,Midday / afternoon,False,False,True,True
1371145,Injury,Moderate Injury,2024,2024,December,Monday,16:00 - 17:59,SACKVILLE,ST,0,Right on the spot,AVENEL,ST,CANLEY VALE,7221.0,No,Not a school zone,T-junction,-33.882042,150.939704,Fairfield,Sydney metro. area,Syd-Newc-Woll Gtr conurbation,Straight,,,,Nil,Sealed,Dry,Fine,Daylight,Nil,No traffic controls,60 km/h,Regional,13,Right near,104,Adj - Right-thru from right,,Right angle,Car (sedan/hatch),Car (sedan/hatch),2,0,0,1,0,12,December,Summer,Monday,16:00 - 17:59,PM peak / evening commute,True,False,True,True
1371146,Injury,Serious Injury,2024,2024,November,Sunday,12:00 - 13:59,ELBOW,ST,45,East,TOZER,ST,WEST KEMPSEY,75.0,No,Not a school zone,2-way undivided,-31.080119,152.829602,Kempsey,Country urban,Rest of NSW - Urban,Straight,Driveway/entrance,,,Off,Sealed,Dry,Fine,Daylight,Nil,No traffic controls,40 km/h,Regional,36,Right turn sideswipe,308,Same - Rgt turn side swipe,,Other angle,Light truck utility(from 2018),Motorcycle,3,0,1,0,0,11,November,Spring,Sunday,12:00 - 13:59,Midday / afternoon,False,False,True,True
1371148,Injury,Moderate Injury,2024,2024,November,Thursday,16:00 - 17:59,PINE GULLY,RD,0,Right on the spot,VALDER WAY,OT,CHARLES STURT UNIVERSITY,,No,Not a school zone,2-way undivided,-35.056515,147.347475,Wagga Wagga,Country urban,Rest of NSW - Urban,Straight,Driveway/entrance,,,Nil,Sealed,Dry,Fine,Daylight,Nil,Give way sign,50 km/h,Local,47,Emerging from drive,406,Manov - Emerging from driveway,,Right angle,4 wheel drive / SUV,Pedal cycle,2,0,0,1,0,11,November,Spring,Thursday,16:00 - 17:59,PM peak / evening commute,True,False,True,True
1371150,Injury,Moderate Injury,2024,2024,November,Saturday,14:00 - 15:59,JENOLAN CAVES,RD,2000,West,GREAT WESTERN,HWY,HARTLEY,253.0,No,Not a school zone,2-way undivided,-33.548436,150.149073,Lithgow,Country urban,Rest of NSW - Urban,Curved,Steep grade,,"Loose gravel, sealed",Nil,Sealed,Dry,Fine,Daylight,Nil,No traffic controls,80 km/h,State,81,Off left/rt bnd=>obj,803,Off right bend into obj,Left,Vehicle - Object,Motorcycle,,1,0,0,1,0,11,November,Spring,Saturday,14:00 - 15:59,Midday / afternoon,False,False,True,True
1371156,Injury,Minor/Other Injury,2024,2024,November,Friday,00:01 - 01:59,PACIFIC,HWY,700,South,TWEED VALLEY WAY,OP,CHINDERAH,10.0,No,Not a school zone,Divided road,-28.261771,153.527794,Tweed,Country non-urban,Rest of NSW - Rural,Curved,,Roadwks/Detour/Diverson,,Nil,Sealed,Dry,Fine,Darkness,Nil,No traffic controls,110 km/h,State,33,Lane sideswipe,305,Same - Lane side swipe,,Other angle,4 wheel drive / SUV,Large rigid,2,0,0,0,1,11,November,Spring,Friday,00:01 - 01:59,Late night / early morning,False,False,True,True
1371160,Injury,Serious Injury,2024,2024,December,Thursday,16:00 - 17:59,AURORA,DR,0,Right on the spot,NUMBER 59,HN,TREGEAR,,No,Not a school zone,2-way undivided,-33.750607,150.795255,Blacktown,Sydney metro. area,Syd-Newc-Woll Gtr conurbation,Curved,,,,Nil,Sealed,Dry,Fine,Daylight,Nil,No traffic controls,50 km/h,Local,81,Off left/rt bnd=>obj,803,Off right bend into obj,Left,Vehicle - Object,Car (sedan/hatch),,1,0,1,0,0,12,December,Summer,Thursday,16:00 - 17:59,PM peak / evening commute,True,False,True,True
1371161,Injury,Moderate Injury,2024,2024,October,Friday,14:00 - 15:59,KIDMAN,WAY,10,North,LOVEGROVE,RD,COLEAMBALLY,321.0,No,Not a school zone,T-junction,-34.815862,145.863802,Murrumbidgee,Country non-urban,Rest of NSW - Rural,Straight,,,Loose gravel shoulder,Nil,Sealed,Dry,Fine,Daylight,Nil,Give way sign,100 km/h,State,74,On road-out of cont.,705,Out of control on cway,,Rollover,4 wheel drive / SUV,,1,0,0,1,0,10,October,Spring,Friday,14:00 - 15:59,Midday / afternoon,False,False,True,True
1371165,Injury,Serious Injury,2024,2024,December,Thursday,16:00 - 17:59,PRINCES,HWY,25,North,BAAN BAAN,ST,DAPTO,1.0,No,Not a school zone,2-way undivided,-34.492564,150.795385,Wollongong,Wollongong met. area,Syd-Newc-Woll Gtr conurbation,Straight,,,,Off,Sealed,Dry,Fine,Daylight,Nil,No traffic controls,50 km/h,Regional,20,Head on,201,Opp - Head on,,Head-on,Other bus,4 wheel drive / SUV,5,0,1,1,0,12,December,Summer,Thursday,16:00 - 17:59,PM peak / evening commute,True,False,True,True
1371169,Injury,Moderate Injury,2024,2024,October,Friday,14:00 - 15:59,BLUE GUM,RD,10,North,JANET,ST,JESMOND,,No,Not a school zone,T-junction,-32.90107,151.691284,Newcastle,Newcastle met. area,Syd-Newc-Woll Gtr conurbation,Straight,,,,Nil,Sealed,Dry,Fine,Daylight,Nil,Give way sign,40 km/h,Local,30,Rear end,301,Same - Rear end,,Rear end,Car (sedan/hatch),Car (sedan/hatch),3,0,0,1,0,10,October,Spring,Friday,14:00 - 15:59,Midday / afternoon,False,False,True,True
1371171,Injury,Serious Injury,2024,2024,November,Friday,12:00 - 13:59,CAMPBELL,AVE,65,South,TURNER,ST,CROMER,7365.0,No,Not a school zone,2-way undivided,-33.742914,151.288203,Northern Beaches,Sydney metro. area,Syd-Newc-Woll Gtr conurbation,Straight,,,,Off,Sealed,Wet,Raining,Daylight,Nil,Ped crossing,50 km/h,Regional,2,Ped far side,3,Ped - Far side,,Vehicle - Pedestrian,Car (sedan/hatch),Pedestrian,2,0,1,0,0,11,November,Spring,Friday,12:00 - 13:59,Midday / afternoon,False,False,True,True
1371179,Injury,Moderate Injury,2024,2024,November,Monday,18:00 - 19:59,RAILWAY,ST,0,Right on the spot,NUMBER 106,HN,TERALBA,,No,Not a school zone,2-way undivided,-32.960339,151.6057,Lake Macquarie,Newcastle met. area,Syd-Newc-Woll Gtr conurbation,Straight,Steep grade,,,Nil,Sealed,Wet,Raining,Dusk,Nil,No traffic controls,50 km/h,Local,71,Off rd left => obj,703,Left off cway into object,,Other angle,Car (sedan/hatch),Light truck utility(from 2018),2,0,0,1,0,11,November,Spring,Monday,18:00 - 19:59,PM peak / evening commute,True,False,True,True
1371181,Injury,Moderate Injury,2024,2024,November,Wednesday,06:00 - 07:59,CAMPBELLTOWN,RD,10,North,ROSE PAYTEN,DR,MINTO,177.0,No,Not a school zone,T-junction,-34.045285,150.829488,Campbelltown,Sydney metro. area,Syd-Newc-Woll Gtr conurbation,Straight,,,,Off,Sealed,Dry,Fine,Daylight,On,No traffic controls,60 km/h,State,30,Rear end,301,Same - Rear end,,Rear end,Passenger van,Motorcycle,2,0,0,1,0,11,November,Spring,Wednesday,06:00 - 07:59,AM peak / school commute,True,False,True,True
1371185,Injury,Moderate Injury,2024,2024,October,Friday,22:00 - Midnight,THE BOGAN,WAY,0,Right on the spot,YARRABANDAI,RD,FORBES,350.0,No,Not a school zone,T-junction,-33.331637,147.967972,Forbes,Country non-urban,Rest of NSW - Rural,Curved,,,,Nil,Sealed,Dry,Fine,Darkness,Nil,Give way sign,100 km/h,Regional,75,Off end of road,709,Off end cway or T junct,,Vehicle - Object,Light truck utility(from 2018),,1,0,0,2,0,10,October,Spring,Friday,22:00 - Midnight,Evening / night,False,False,True,True
1371186,Injury,Serious Injury,2024,2024,December,Friday,18:00 - 19:59,JOHNSTON,RD,25,West,LESLIE,ST,BASS HILL,,No,Not a school zone,2-way undivided,-33.904012,150.99884,Canterbury-Bankstown,Sydney metro. area,Syd-Newc-Woll Gtr conurbation,Straight,Steep grade,,,Off,Sealed,Dry,Fine,Daylight,Nil,Ped crossing,50 km/h,Local,37,Left turn sideswipe,309,Same - Left turn side swipe,,Other angle,Light truck utility(from 2018),Motorcycle,2,0,1,0,0,12,December,Summer,Friday,18:00 - 19:59,PM peak / evening commute,True,False,True,True
1371188,Injury,Moderate Injury,2024,2024,November,Sunday,06:00 - 07:59,SEVENTH,ST,20,North,SHIERS,AVE,MASCOT,,No,Not a school zone,1-way street,-33.932782,151.1837,Bayside,Sydney metro. area,Syd-Newc-Woll Gtr conurbation,Straight,,,,Nil,Sealed,Dry,Fine,Daylight,Nil,No traffic controls,40 km/h,Local,35,Lane change left,307,Same - Lane change left,,Other angle,Car (sedan/hatch),Station wagon,3,0,0,1,0,11,November,Spring,Sunday,06:00 - 07:59,AM peak / school commute,True,False,True,True
1371189,Injury,Moderate Injury,2024,2024,November,Sunday,04:00 - 05:59,GERARD,ST,0,Right on the spot,NUMBER 58-62,HN,CREMORNE,2036.0,No,Not a school zone,2-way undivided,-33.827335,151.228605,North Sydney,Sydney metro. area,Syd-Newc-Woll Gtr conurbation,Straight,,,,On,Sealed,Dry,Fine,Darkness,Nil,No entry/wrong way,50 km/h,Regional,71,Off rd left => obj,703,Left off cway into object,,Other angle,4 wheel drive / SUV,4 wheel drive / SUV,3,0,0,1,0,11,November,Spring,Sunday,04:00 - 05:59,Late night / early morning,False,False,True,True
1371191,Injury,Minor/Other Injury,2024,2024,November,Thursday,08:00 - 09:59,WESTERN,EXP,100,West,WALLGROVE ROAD,TO,MINCHINBURY,6004.0,No,Not a school zone,Dual freeway,-33.795484,150.845713,Blacktown,Sydney metro. area,Syd-Newc-Woll Gtr conurbation,Straight,,,,On,Sealed,Dry,Fine,Daylight,Nil,No traffic controls,100 km/h,State,30,Rear end,301,Same - Rear end,,Rear end,Car (sedan/hatch),4 wheel drive / SUV,2,0,0,0,1,11,November,Spring,Thursday,08:00 - 09:59,AM peak / school commute,True,False,True,True
1371194,Injury,Moderate Injury,2024,2024,October,Wednesday,14:00 - 15:59,WOODVILLE,RD,0,Right on the spot,RANDLE,ST,GRANVILLE,640.0,No,Not a school zone,T-junction,-33.832908,151.002702,Cumberland,Sydney metro. area,Syd-Newc-Woll Gtr conurbation,Straight,Steep grade,,,Off,Sealed,Dry,Fine,Daylight,On,Left turn on red,50 km/h,State,0,Ped nearside,1,Ped - Near side,,Vehicle - Pedestrian,Car (sedan/hatch),Pedestrian,2,0,0,1,0,10,October,Spring,Wednesday,14:00 - 15:59,Midday / afternoon,False,False,True,True
1371196,Injury,Serious Injury,2024,2024,October,Sunday,10:00 - 11:59,FEDERATION,AVE,0,Right on the spot,BOW,ST,COROWA,314.0,No,Not a school zone,Roundabout,-35.994611,146.390809,Federation,Country urban,Rest of NSW - Urban,Straight,,,,Off,Sealed,Dry,Overcast,Daylight,Nil,Give way sign,60 km/h,State,21,Right through,202,Opp - Right-thru,,Other angle,Pedal cycle,4 wheel drive / SUV,2,0,1,1,0,10,October,Spring,Sunday,10:00 - 11:59,Midday / afternoon,False,False,True,True
1371206,Injury,Serious Injury,2024,2024,November,Tuesday,20:00 - 21:59,WORRIGEE,RD,50,North,RAYLEIGH,DR,WORRIGEE,,No,Not a school zone,2-way undivided,-34.892147,150.634762,Shoalhaven,Country urban,Rest of NSW - Urban,Straight,Ditch/drain/culvert,,,On,Sealed,Wet,Fine,Darkness,Nil,No traffic controls,60 km/h,Local,71,Off rd left => obj,703,Left off cway into object,,Vehicle - Object,Motorcycle,,1,0,1,0,0,11,November,Spring,Tuesday,20:00 - 21:59,Evening / night,False,False,True,True
1371210,Injury,Moderate Injury,2024,2024,November,Monday,12:00 - 13:59,GOLDEN,HWY,1900,West,DENMAN,RD,DENMAN,27.0,No,Not a school zone,2-way undivided,-32.382262,150.700893,Muswellbrook,Country urban,Rest of NSW - Urban,Straight,,,,Nil,Sealed,Dry,Fine,Daylight,Nil,No traffic controls,80 km/h,State,71,Off rd left => obj,703,Left off cway into object,,Vehicle - Object,Light truck utility(from 2018),,1,0,0,1,0,11,November,Spring,Monday,12:00 - 13:59,Midday / afternoon,False,False,True,True
1371211,Injury,Minor/Other Injury,2024,2024,September,Monday,04:00 - 05:59,BAYSWATER,RD,50,East,WARD,AVE,RUSHCUTTERS BAY,,No,Not a school zone,2-way undivided,-33.875462,151.224936,Sydney,Sydney metro. area,Syd-Newc-Woll Gtr conurbation,Straight,,,,On,Sealed,Dry,Fine,Darkness,Nil,No traffic controls,40 km/h,Local,42,Leaving parking,401,Manov - Leaving parking,,Other angle,Unknown motor vehicle,Pedal cycle,2,0,0,0,1,9,September,Spring,Monday,04:00 - 05:59,Late night / early morning,False,False,True,True
1371212,Injury,Serious Injury,2024,2024,December,Tuesday,04:00 - 05:59,KAMILAROI,HWY,0,Right on the spot,NUMBER 17726,HN,TURRAWAN,29.0,No,Not a school zone,2-way undivided,-30.430251,149.861192,Narrabri,Country non-urban,Rest of NSW - Rural,Straight,Embankment/cutting,,,Nil,Sealed,Dry,Fine,Darkness,Nil,No traffic controls,100 km/h,State,71,Off rd left => obj,703,Left off cway into object,,Vehicle - Object,Light truck utility(from 2018),,1,0,1,0,0,12,December,Summer,Tuesday,04:00 - 05:59,Late night / early morning,False,False,True,True
1371214,Injury,Minor/Other Injury,2024,2024,October,Wednesday,16:00 - 17:59,MUIR,RD,0,Right on the spot,NUMBER 24,HN,CHULLORA,,No,Not a school zone,Divided road,-33.892484,151.043963,Canterbury-Bankstown,Sydney metro. area,Syd-Newc-Woll Gtr conurbation,Straight,Driveway/entrance,,,Off,Sealed,Dry,Fine,Daylight,Nil,No traffic controls,60 km/h,Local,47,Emerging from drive,406,Manov - Emerging from driveway,,Right angle,Car (sedan/hatch),Pedal cycle,2,0,0,0,1,10,October,Spring,Wednesday,16:00 - 17:59,PM peak / evening commute,True,False,True,True
1371217,Injury,Minor/Other Injury,2024,2024,September,Saturday,18:00 - 19:59,HUME,HWY,0,Right on the spot,THOMAS,ST,ASHFIELD,2.0,No,Not a school zone,T-junction,-33.887589,151.121396,Inner West,Sydney metro. area,Syd-Newc-Woll Gtr conurbation,Straight,,,,On,Sealed,Dry,Fine,Dusk,Unknown / not stated,No traffic controls,60 km/h,State,30,Rear end,301,Same - Rear end,,Rear end,Light truck,Car (sedan/hatch),2,0,0,0,1,9,September,Spring,Saturday,18:00 - 19:59,PM peak / evening commute,True,False,True,True
1371221,Injury,Serious Injury,2024,2024,November,Tuesday,10:00 - 11:59,BENDALONG,RD,200,West,BENDALONG MOUNTAIN,RD,BENDALONG,,No,Not a school zone,2-way undivided,-35.216159,150.46081,Shoalhaven,Country urban,Rest of NSW - Urban,Curved,,,Potholes/corrugations/rough,Nil,Sealed,Wet,Overcast,Daylight,Nil,No traffic controls,80 km/h,Local,83,Off rt/rt bnd=>obj,803,Off right bend into obj,Right,Vehicle - Object,Car (sedan/hatch),,1,0,2,0,0,11,November,Spring,Tuesday,10:00 - 11:59,Midday / afternoon,False,False,True,True
1371223,Injury,Moderate Injury,2024,2024,December,Friday,22:00 - Midnight,ILFORD,RD,80,South,HENBURY,AVE,KANDOS,215.0,No,Not a school zone,2-way undivided,-32.855426,149.969898,Mid-Western Regional,Country urban,Rest of NSW - Urban,Straight,Embankment/cutting,,,On,Sealed,Wet,Raining,Darkness,Nil,No traffic controls,50 km/h,Regional,73,Off rd rght => obj,704,Right off cway into obj,,Vehicle - Object,Light truck utility(from 2018),,1,0,0,1,0,12,December,Summer,Friday,22:00 - Midnight,Evening / night,False,False,True,True
1371225,Injury,Serious Injury,2024,2024,November,Wednesday,16:00 - 17:59,MCFARLANE,ST,0,Right on the spot,STOCKLAND SHOPPING CENTRE,ENT,MERRYLANDS,,No,Not a school zone,Divided road,-33.835088,150.988044,Cumberland,Sydney metro. area,Syd-Newc-Woll Gtr conurbation,Straight,Driveway/entrance,,,Off,Sealed,Dry,Fine,Daylight,On,No traffic controls,40 km/h,Local,21,Right through,202,Opp - Right-thru,,Other angle,Car (sedan/hatch),Motorcycle,2,0,1,0,0,11,November,Spring,Wednesday,16:00 - 17:59,PM peak / evening commute,True,False,True,True
1371226,Injury,Serious Injury,2024,2024,December,Wednesday,20:00 - 21:59,ELLIOTTS,RD,0,Right on the spot,OLD PRINCES,HWY,FAIRY MEADOW,,No,Not a school zone,T-junction,-34.394006,150.892903,Wollongong,Wollongong met. area,Syd-Newc-Woll Gtr conurbation,Straight,Foot/cycle path/nature strip,,,On,Sealed,Dry,Fine,Darkness,On,Ped crossing,50 km/h,Local,48,From footpath,408,Manov - From footway,,Other angle,Pedal cycle,Car (sedan/hatch),2,0,1,0,0,12,December,Summer,Wednesday,20:00 - 21:59,Evening / night,False,False,True,True
1371227,Injury,Moderate Injury,2024,2024,October,Monday,18:00 - 19:59,GEORGE,RD,0,Right on the spot,NUMBER 194,HN,LEPPINGTON,,No,Not a school zone,2-way undivided,-33.976234,150.78459,Camden,Sydney metro. area,Syd-Newc-Woll Gtr conurbation,Straight,Driveway/entrance,,,Nil,Sealed,Dry,Fine,Daylight,Nil,No traffic controls,70 km/h,Local,21,Right through,202,Opp - Right-thru,,Other angle,Light truck,4 wheel drive / SUV,2,0,0,1,0,10,October,Spring,Monday,18:00 - 19:59,PM peak / evening commute,True,False,True,True
1371228,Injury,Serious Injury,2024,2024,October,Wednesday,10:00 - 11:59,GROSVENOR,ST,0,Right on the spot,HARRINGTON,ST,SYDNEY,,No,Not a school zone,T-junction,-33.863377,151.206294,Sydney,Sydney metro. area,Syd-Newc-Woll Gtr conurbation,Straight,Steep grade,,,Off,Sealed,Dry,Overcast,Daylight,On,Ped crossing,40 km/h,Local,0,Ped nearside,1,Ped - Near side,,Vehicle - Pedestrian,Car (sedan/hatch),Pedestrian,2,0,1,1,0,10,October,Spring,Wednesday,10:00 - 11:59,Midday / afternoon,False,False,True,True
1371229,Injury,Serious Injury,2024,2024,December,Thursday,16:00 - 17:59,GIINAGAY,WAY,0,Right on the spot,VALLA BEACH,RD,VALLA,,No,Not a school zone,T-junction,-30.589388,152.998253,Nambucca Valley,Country non-urban,Rest of NSW - Rural,Straight,,,,Off,Sealed,Dry,Fine,Daylight,Nil,Give way sign,90 km/h,Local,21,Right through,202,Opp - Right-thru,,Other angle,Car (sedan/hatch),Light truck utility(from 2018),2,0,1,0,0,12,December,Summer,Thursday,16:00 - 17:59,PM peak / evening commute,True,False,True,True
1371234,Injury,Serious Injury,2024,2024,December,Sunday,14:00 - 15:59,PACIFIC,HWY,2800,South,NEWCASTLE EXPRESSWAY,OP,BAR POINT,10.0,No,Not a school zone,2-way undivided,-33.495212,151.189307,Central Coast,Country urban,Syd-Newc-Woll Gtr conurbation,Curved,Steep grade,,,Nil,Sealed,Dry,Fine,Daylight,Nil,No traffic controls,60 km/h,State,88,Out of cont on bend,805,Out of control on bend,,Rollover,Motorcycle,,1,0,1,0,0,12,December,Summer,Sunday,14:00 - 15:59,Midday / afternoon,False,False,True,True
1371238,Injury,Minor/Other Injury,2024,2024,November,Thursday,22:00 - Midnight,HUME,HWY,2000,North,ILLAWARRA HIGHWAY,OP,SUTTON FOREST,2.0,No,Not a school zone,Divided road,-34.568518,150.254032,Wingecarribee,Country urban,Rest of NSW - Urban,Straight,,Roadwks/Detour/Diverson,,Nil,Sealed,Dry,Unknown,Darkness,Nil,No traffic controls,40 km/h,State,30,Rear end,301,Same - Rear end,,Rear end,Car (sedan/hatch),Car (sedan/hatch),2,0,0,0,2,11,November,Spring,Thursday,22:00 - Midnight,Evening / night,False,False,True,True
1371242,Injury,Moderate Injury,2024,2024,November,Thursday,18:00 - 19:59,BURLEY GRIFFIN,WAY,100,West,ACACIA,ST,TEMORA,84.0,No,Not a school zone,2-way undivided,-34.449264,147.565274,Temora,Country non-urban,Rest of NSW - Rural,Straight,,,,Nil,Sealed,Dry,Unknown,Dusk,Nil,No traffic controls,100 km/h,State,30,Rear end,301,Same - Rear end,,Rear end,Passenger van,Semi-trailer,2,0,0,1,0,11,November,Spring,Thursday,18:00 - 19:59,PM peak / evening commute,True,False,True,True
1371245,Injury,Serious Injury,2024,2024,December,Friday,20:00 - 21:59,JOUNAMA CREEK,TRL,2000,East,SNOWY MOUNTAINS,HWY,TALBINGO,,No,Not a school zone,2-way undivided,-35.57289,148.343017,Snowy Valleys,Country urban,Rest of NSW - Urban,Straight,Embankment/cutting,,Other hazardous feature,Nil,Unsealed,Dry,Fine,Dusk,Nil,No traffic controls,50 km/h,Local,70,Off road to left,701,Off carriageway to left,,Rollover,Light truck utility(from 2018),,1,0,1,0,0,12,December,Summer,Friday,20:00 - 21:59,Evening / night,False,False,True,True