crash_id,degree_of_crash,degree_of_crash_-_detailed,reporting_year,year_of_crash,month_of_crash,day_of_week_of_crash,two-hour_intervals,street_of_crash,street_type,distance,direction,identifying_feature,identifying_feature_type,town,route_no.,school_zone_location,school_zone_active,type_of_location,latitude,longitude,lga,urbanisation,conurbation_1,alignment,primary_permanent_feature,primary_temporary_feature,primary_hazardous_feature,street_lighting,road_surface,surface_condition,weather,natural_lighting,signals_operation,other_traffic_control,speed_limit,road_classification_(admin),rum_-_code,rum_-_description,dca_-_code,dca_-_description,dca_supplement,first_impact_type,key_tu_type,other_tu_type,no._of_traffic_units_involved,no._killed,no._seriously_injured,no._moderately_injured,no._minor-other_injured,month_num,month_label,season,day_label,time_label,time_band,is_peak_commute,is_fatal,is_injury,is_casualty
1371247,Injury,Serious Injury,2024,2024,November,Wednesday,06:00 - 07:59,DUNNING,AVE,0,Right on the spot,HAYES,RD,ROSEBERY,,No,Not a school zone,Roundabout,-33.917675,151.20192,Sydney,Sydney metro. area,Syd-Newc-Woll Gtr conurbation,Straight,,,,Off,Sealed,Dry,Fine,Daylight,Nil,Give way sign,40 km/h,Local,10,Cross traffic,101,Adj - Cross traffic,,Right angle,Large rigid,Light truck,2,0,1,0,0,11,November,Spring,Wednesday,06:00 - 07:59,AM peak / school commute,True,False,True,True
1371249,Injury,Serious Injury,2024,2024,October,Sunday,10:00 - 11:59,KINGSCLIFF,ST,50,North,SURF,ST,KINGSCLIFF,,No,Not a school zone,2-way undivided,-28.242852,153.567042,Tweed,Country urban,Rest of NSW - Urban,Straight,,,,Nil,Sealed,Dry,Fine,Daylight,Nil,No traffic controls,50 km/h,Local,71,Off rd left => obj,703,Left off cway into object,,Other angle,Car (sedan/hatch),Large rigid,2,0,1,0,0,10,October,Spring,Sunday,10:00 - 11:59,Midday / afternoon,False,False,True,True
1371250,Injury,Moderate Injury,2024,2024,October,Thursday,12:00 - 13:59,SOUTH,TCE,10,West,PUNCHBOWL,RD,PUNCHBOWL,549.0,No,Not a school zone,T-junction,-33.925967,151.053908,Canterbury-Bankstown,Sydney metro. area,Syd-Newc-Woll Gtr conurbation,Straight,,,,Off,Sealed,Dry,Fine,Daylight,Nil,No traffic controls,60 km/h,State,0,Ped nearside,1,Ped - Near side,,Vehicle - Pedestrian,Light truck utility(from 2018),Pedestrian,2,0,0,1,0,10,October,Spring,Thursday,12:00 - 13:59,Midday / afternoon,False,False,True,True
1371252,Injury,Moderate Injury,2024,2024,November,Monday,02:00 - 03:59,ROUSE HILL,DR,60,West,CIVIC,WAY,ROUSE HILL,,No,Not a school zone,Divided road,-33.689119,150.924157,The Hills,Sydney metro. area,Syd-Newc-Woll Gtr conurbation,Straight,,,,On,Sealed,Dry,Fine,Darkness,Nil,No traffic controls,50 km/h,Local,72,Off road to right,702,Off carriageway to right,,Rollover,Car (sedan/hatch),,1,0,0,1,0,11,November,Spring,Monday,02:00 - 03:59,Late night / early morning,False,False,True,True
1371254,Injury,Minor/Other Injury,2024,2024,November,Friday,08:00 - 09:59,PACIFIC,HWY,0,Right on the spot,LONGUEVILLE,RD,ARTARMON,10.0,No,Not a school zone,T-junction,-33.81235,151.175569,Willoughby,Sydney metro. area,Syd-Newc-Woll Gtr conurbation,Curved,Other bridge,,,Off,Sealed,Wet,Overcast,Daylight,On,No traffic controls,60 km/h,State,30,Rear end,301,Same - Rear end,,Rear end,Car (sedan/hatch),Car (sedan/hatch),2,0,0,0,1,11,November,Spring,Friday,08:00 - 09:59,AM peak / school commute,True,False,True,True
1371255,Injury,Minor/Other Injury,2024,2024,November,Wednesday,14:00 - 15:59,HUME,HWY,10,West,PEMBROKE,ST,ASHFIELD,2.0,No,Not a school zone,T-junction,-33.888481,151.134312,Inner West,Sydney metro. area,Syd-Newc-Woll Gtr conurbation,Straight,,,,Nil,Sealed,Dry,Fine,Daylight,On,No traffic controls,60 km/h,State,30,Rear end,301,Same - Rear end,,Rear end,Car (sedan/hatch),Car (sedan/hatch),3,0,0,0,1,11,November,Spring,Wednesday,14:00 - 15:59,Midday / afternoon,False,False,True,True
1371256,Injury,Serious Injury,2024,2024,December,Monday,12:00 - 13:59,BRUXNER,HWY,0,Right on the spot,JAMES,RD,GOONELLABAH,16.0,No,Not a school zone,T-junction,-28.811532,153.343623,Lismore,Country urban,Rest of NSW - Urban,Straight,Ditch/drain/culvert,,,Off,Sealed,Dry,Fine,Daylight,Nil,Give way sign,60 km/h,State,13,Right near,104,Adj - Right-thru from right,,Right angle,4 wheel drive / SUV,4 wheel drive / SUV,2,0,2,1,0,12,December,Summer,Monday,12:00 - 13:59,Midday / afternoon,False,False,True,True
1371259,Injury,Serious Injury,2024,2024,November,Thursday,14:00 - 15:59,MYRA VALE,RD,0,Right on the spot,NUMBER 360,HN,WILDES MEADOW,,No,Not a school zone,2-way undivided,-34.640825,150.51413,Wingecarribee,Country non-urban,Rest of NSW - Rural,Curved,,,,Nil,Sealed,Wet,Raining,Daylight,Nil,No traffic controls,90 km/h,Local,82,Off right/right bend,801,Off cway right bend,Right,Rollover,Motorcycle,,1,0,1,0,0,11,November,Spring,Thursday,14:00 - 15:59,Midday / afternoon,False,False,True,True
1371260,Injury,Serious Injury,2024,2024,August,Tuesday,18:00 - 19:59,CUMBERLAND,HWY,0,Right on the spot,CANLEY VALE,RD,CANLEY HEIGHTS,13.0,Yes,No,X-intersection,-33.883652,150.923887,Fairfield,Sydney metro. area,Syd-Newc-Woll Gtr conurbation,Straight,,,,On,Sealed,Dry,Fine,Darkness,Unknown / not stated,No traffic controls,70 km/h,State,35,Lane change left,307,Same - Lane change left,,Other angle,Semi-trailer,Car (sedan/hatch),2,0,1,0,1,8,August,Winter,Tuesday,18:00 - 19:59,PM peak / evening commute,True,False,True,True
1371265,Injury,Moderate Injury,2024,2024,November,Thursday,16:00 - 17:59,WINDSOR,RD,0,Right on the spot,SCHOFIELDS,RD,ROUSE HILL,184.0,No,Not a school zone,X-intersection,-33.690517,150.922224,Blacktown,Sydney metro. area,Syd-Newc-Woll Gtr conurbation,Straight,,,,Off,Sealed,Dry,Fine,Daylight,On,No traffic controls,80 km/h,State,30,Rear end,301,Same - Rear end,,Rear end,Light truck,4 wheel drive / SUV,3,0,0,1,1,11,November,Spring,Thursday,16:00 - 17:59,PM peak / evening commute,True,False,True,True
1371266,Injury,Moderate Injury,2024,2024,December,Tuesday,16:00 - 17:59,ANNANGROVE,RD,0,Right on the spot,NUMBER 231,HN,ANNANGROVE,7141.0,No,Not a school zone,2-way undivided,-33.656613,150.940133,The Hills,Sydney metro. area,Syd-Newc-Woll Gtr conurbation,Straight,Driveway/entrance,,,Off,Sealed,Dry,Fine,Daylight,Nil,No traffic controls,70 km/h,Regional,32,Right rear,303,Same - Rear right,,Rear end,Light truck utility(from 2018),Car (sedan/hatch),2,0,0,1,0,12,December,Summer,Tuesday,16:00 - 17:59,PM peak / evening commute,True,False,True,True
1371269,Injury,Serious Injury,2024,2024,September,Sunday,02:00 - 03:59,PARK,RD,0,Right on the spot,NUMBER 30,HN,AUBURN,,No,Not a school zone,2-way undivided,-33.852363,151.030006,Cumberland,Sydney metro. area,Syd-Newc-Woll Gtr conurbation,Straight,,,,On,Sealed,Dry,Fine,Darkness,Nil,No traffic controls,50 km/h,Local,71,Off rd left => obj,703,Left off cway into object,,Other angle,Car (sedan/hatch),Car (sedan/hatch),5,0,1,0,0,9,September,Spring,Sunday,02:00 - 03:59,Late night / early morning,False,False,True,True
1371273,Injury,Serious Injury,2024,2024,December,Monday,06:00 - 07:59,MARION,ST,0,Right on the spot,MANAHAN,ST,CONDELL PARK,7121.0,No,Not a school zone,Roundabout,-33.916443,151.005568,Canterbury-Bankstown,Sydney metro. area,Syd-Newc-Woll Gtr conurbation,Straight,,,,On,Sealed,Dry,Fine,Daylight,Nil,Give way sign,60 km/h,Regional,13,Right near,104,Adj - Right-thru from right,,Right angle,4 wheel drive / SUV,Light truck utility(from 2018),2,0,2,0,1,12,December,Summer,Monday,06:00 - 07:59,AM peak / school commute,True,False,True,True
1371277,Injury,Moderate Injury,2024,2024,November,Tuesday,12:00 - 13:59,TATHRA,RD,50,West,WALLAGOOT,LANE,JELLAT JELLAT,272.0,No,Not a school zone,2-way undivided,-36.717526,149.89281,Bega Valley,Country urban,Rest of NSW - Urban,Straight,,,,Nil,Sealed,Dry,Fine,Daylight,Nil,No traffic controls,80 km/h,Regional,20,Head on,201,Opp - Head on,,Head-on,Car (sedan/hatch),4 wheel drive / SUV,2,0,0,2,0,11,November,Spring,Tuesday,12:00 - 13:59,Midday / afternoon,False,False,True,True
1371279,Injury,Moderate Injury,2024,2024,October,Sunday,10:00 - 11:59,CENTRAL,AVE,0,Right on the spot,FISHER,ST,OAK FLATS,,No,Not a school zone,Roundabout,-34.563951,150.819094,Shellharbour,Wollongong met. area,Syd-Newc-Woll Gtr conurbation,Straight,Steep grade,,,Nil,Sealed,Dry,Fine,Daylight,Nil,Give way sign,40 km/h,Local,74,On road-out of cont.,705,Out of control on cway,,Rollover,Motorcycle,,1,0,0,1,0,10,October,Spring,Sunday,10:00 - 11:59,Midday / afternoon,False,False,True,True
1371281,Injury,Serious Injury,2024,2024,October,Friday,12:00 - 13:59,PRINCES,HWY,800,South,PEBBLY BEACH,RD,EAST LYNNE,1.0,No,Not a school zone,2-way undivided,-35.567108,150.270448,Shoalhaven,Country urban,Rest of NSW - Urban,Straight,Steep grade,Roadwks/Detour/Diverson,,Nil,Sealed,Dry,Fine,Daylight,Nil,No traffic controls,40 km/h,State,54,Cutting in,504,Ovtak - Cutting in,,Other angle,Motorcycle,Light truck utility(from 2018),2,0,1,0,0,10,October,Spring,Friday,12:00 - 13:59,Midday / afternoon,False,False,True,True
1371285,Injury,Moderate Injury,2024,2024,October,Monday,12:00 - 13:59,WINDSOR,RD,0,Right on the spot,MERRIVILLE,RD,ROUSE HILL,184.0,No,Not a school zone,T-junction,-33.700066,150.928791,The Hills,Sydney metro. area,Syd-Newc-Woll Gtr conurbation,Straight,,,,Off,Sealed,Wet,Fine,Daylight,Off,No traffic controls,80 km/h,State,10,Cross traffic,101,Adj - Cross traffic,,Right angle,Car (sedan/hatch),Car (sedan/hatch),3,0,0,1,0,10,October,Spring,Monday,12:00 - 13:59,Midday / afternoon,False,False,True,True
1371287,Injury,Moderate Injury,2024,2024,September,Sunday,12:00 - 13:59,PUTTY,RD,1800,South,PUTTY VALLEY,RD,PUTTY,503.0,No,Not a school zone,2-way undivided,-32.996328,150.68439,Singleton,Country non-urban,Rest of NSW - Rural,Curved,,,Loose gravel shoulder,Nil,Sealed,Dry,Fine,Daylight,Nil,No traffic controls,100 km/h,State,80,Off left/right bend,801,Off cway right bend,Left,Rollover,Motorcycle,,1,0,0,1,0,9,September,Spring,Sunday,12:00 - 13:59,Midday / afternoon,False,False,True,True
1371289,Injury,Serious Injury,2024,2024,August,Saturday,12:00 - 13:59,HEATHCOTE,RD,1600,West,PRINCES,HWY,ENGADINE,512.0,No,Not a school zone,2-way undivided,-34.071596,150.998618,Sutherland,Sydney metro. area,Syd-Newc-Woll Gtr conurbation,Curved,Driveway/entrance,,,Off,Sealed,Dry,Fine,Daylight,Nil,No traffic controls,70 km/h,State,47,Emerging from drive,406,Manov - Emerging from driveway,,Right angle,Pedal cycle,Motorcycle,2,0,1,1,0,8,August,Winter,Saturday,12:00 - 13:59,Midday / afternoon,False,False,True,True
1371290,Injury,Moderate Injury,2024,2024,November,Friday,14:00 - 15:59,ALMA,RD,0,Right on the spot,ANTHONY,RD,LEPPINGTON,,No,Not a school zone,T-junction,-33.965648,150.770495,Camden,Sydney metro. area,Syd-Newc-Woll Gtr conurbation,Curved,Steep grade,,,Off,Sealed,Dry,Fine,Daylight,Nil,No traffic controls,80 km/h,Local,11,Right far,102,Adj - Right-thru from left,,Right angle,Car (sedan/hatch),Large rigid,2,0,0,1,0,11,November,Spring,Friday,14:00 - 15:59,Midday / afternoon,False,False,True,True
1371291,Injury,Minor/Other Injury,2024,2024,October,Saturday,10:00 - 11:59,HUME,HWY,15,North,HUME HIGHWAY,TO,MOUNT ANNAN,2.0,No,Not a school zone,Other,-34.063798,150.782572,Campbelltown,Sydney metro. area,Syd-Newc-Woll Gtr conurbation,Curved,Freeway ramp/access,,,Off,Sealed,Dry,Fine,Daylight,Nil,No traffic controls,60 km/h,State,30,Rear end,301,Same - Rear end,,Rear end,Station wagon,Car (sedan/hatch),2,0,0,0,1,10,October,Spring,Saturday,10:00 - 11:59,Midday / afternoon,False,False,True,True
1371293,Injury,Moderate Injury,2024,2024,October,Thursday,04:00 - 05:59,DONALDSON,ST,0,Right on the spot,NUMBER 11,HN,WYONG,,No,Not a school zone,2-way undivided,-33.266901,151.445191,Central Coast,Country urban,Syd-Newc-Woll Gtr conurbation,Straight,,,,On,Sealed,Dry,Fine,Darkness,Nil,No traffic controls,50 km/h,Local,73,Off rd rght => obj,704,Right off cway into obj,,Other angle,4 wheel drive / SUV,Box trailer,3,0,0,1,0,10,October,Spring,Thursday,04:00 - 05:59,Late night / early morning,False,False,True,True
1371295,Injury,Minor/Other Injury,2024,2024,December,Friday,18:00 - 19:59,KEPPEL,ST,0,Right on the spot,RANKIN,ST,BATHURST,,No,Not a school zone,Roundabout,-33.416703,149.574458,Bathurst Regional,Country urban,Rest of NSW - Urban,Straight,,,,On,Sealed,Dry,Fine,Daylight,Nil,Give way sign,50 km/h,Local,10,Cross traffic,101,Adj - Cross traffic,,Right angle,Station wagon,Pedal cycle,2,0,0,0,1,12,December,Summer,Friday,18:00 - 19:59,PM peak / evening commute,True,False,True,True
1371296,Injury,Serious Injury,2024,2024,November,Tuesday,18:00 - 19:59,HOLLINGSHED,ST,450,North,LECONFIELD,RD,GRETA,,No,Not a school zone,2-way undivided,-32.669686,151.391398,Cessnock,Country urban,Rest of NSW - Urban,Straight,,,,Nil,Sealed,Dry,Fine,Dusk,Nil,No traffic controls,60 km/h,Local,71,Off rd left => obj,703,Left off cway into object,,Vehicle - Object,Car (sedan/hatch),,1,0,1,0,0,11,November,Spring,Tuesday,18:00 - 19:59,PM peak / evening commute,True,False,True,True
1371298,Injury,Moderate Injury,2024,2024,November,Sunday,18:00 - 19:59,MCVEIGH,ST,0,Right on the spot,TEMPLEMORE,ST,YOUNG,,No,Not a school zone,X-intersection,-34.314824,148.284107,Hilltops,Country urban,Rest of NSW - Urban,Straight,Steep grade,,,Nil,Sealed,Wet,Raining,Dusk,Nil,Give way sign,50 km/h,Local,10,Cross traffic,101,Adj - Cross traffic,,Right angle,Light truck utility(from 2018),Station wagon,2,0,0,2,0,11,November,Spring,Sunday,18:00 - 19:59,PM peak / evening commute,True,False,True,True
1371299,Injury,Minor/Other Injury,2024,2024,December,Wednesday,16:00 - 17:59,TUMBULGUM,RD,0,Right on the spot,NUMBER 157,HN,TYGALGAH,,No,Not a school zone,2-way undivided,-28.322807,153.413121,Tweed,Country urban,Rest of NSW - Urban,Curved,,,,Nil,Sealed,Wet,Overcast,Daylight,Nil,No traffic controls,80 km/h,Local,81,Off left/rt bnd=>obj,803,Off right bend into obj,Left,Vehicle - Object,Light truck utility(from 2018),,1,0,0,0,1,12,December,Summer,Wednesday,16:00 - 17:59,PM peak / evening commute,True,False,True,True
1371302,Injury,Minor/Other Injury,2024,2024,November,Friday,20:00 - 21:59,PENNANT,ST,0,Right on the spot,CASTLE,ST,CASTLE HILL,672.0,No,Not a school zone,X-intersection,-33.731228,151.004238,The Hills,Sydney metro. area,Syd-Newc-Woll Gtr conurbation,Straight,,,,On,Sealed,Wet,Overcast,Darkness,On,No traffic controls,60 km/h,State,21,Right through,202,Opp - Right-thru,,Other angle,Car (sedan/hatch),Car (sedan/hatch),2,0,0,0,1,11,November,Spring,Friday,20:00 - 21:59,Evening / night,False,False,True,True
1371305,Injury,Minor/Other Injury,2024,2024,October,Wednesday,06:00 - 07:59,GREAT WESTERN,HWY,120,West,HAWTHORNE,PDE,HABERFIELD,5.0,No,Not a school zone,Divided road,-33.888671,151.14333,Inner West,Sydney metro. area,Syd-Newc-Woll Gtr conurbation,Straight,Steep grade,,,On,Sealed,Dry,Fine,Daylight,Nil,No traffic controls,60 km/h,State,35,Lane change left,307,Same - Lane change left,,Other angle,Large rigid,Motor scooter,2,0,0,0,1,10,October,Spring,Wednesday,06:00 - 07:59,AM peak / school commute,True,False,True,True
1371307,Injury,Moderate Injury,2024,2024,December,Friday,20:00 - 21:59,FRENCHS FOREST,RD,0,Right on the spot,NUMBER 50,HN,SEAFORTH,397.0,Yes,No,2-way undivided,-33.793531,151.249379,Northern Beaches,Sydney metro. area,Syd-Newc-Woll Gtr conurbation,Straight,,,,On,Sealed,Dry,Fine,Darkness,Nil,No traffic controls,50 km/h,State,71,Off rd left => obj,703,Left off cway into object,,Other angle,Car (sedan/hatch),4 wheel drive / SUV,2,0,0,1,0,12,December,Summer,Friday,20:00 - 21:59,Evening / night,False,False,True,True
1371308,Injury,Minor/Other Injury,2024,2024,November,Saturday,10:00 - 11:59,WATAGAN FOREST,RD,1000,East,PALMERS,RD,RAVENSDALE,,No,Not a school zone,2-way undivided,-33.074902,151.34464,Central Coast,Country non-urban,Syd-Newc-Woll Gtr conurbation,Straight,,,Potholes/corrugations/rough,Nil,Sealed,Wet,Raining,Daylight,Nil,No traffic controls,100 km/h,Local,74,On road-out of cont.,705,Out of control on cway,,Rollover,Motorcycle,,1,0,0,0,1,11,November,Spring,Saturday,10:00 - 11:59,Midday / afternoon,False,False,True,True
1371314,Injury,Serious Injury,2024,2024,December,Monday,08:00 - 09:59,STROUD HILL,RD,0,Right on the spot,REIDSDALE,RD,WASHPOOL,101.0,No,Not a school zone,T-junction,-32.360979,151.920875,Mid-Coast,Country non-urban,Rest of NSW - Rural,Straight,,,,Nil,Sealed,Dry,Fine,Daylight,Nil,No traffic controls,100 km/h,Regional,13,Right near,104,Adj - Right-thru from right,,Right angle,Large rigid,Car (sedan/hatch),2,0,1,0,0,12,December,Summer,Monday,08:00 - 09:59,AM peak / school commute,True,False,True,True
1371315,Injury,Moderate Injury,2024,2024,December,Sunday,14:00 - 15:59,CLARENCE,WAY,4000,North,PLAINS STATION,RD,LOUISA CREEK,150.0,No,Not a school zone,2-way undivided,-29.016184,152.607361,Clarence Valley,Country urban,Rest of NSW - Urban,Curved,Steep grade,,,Nil,Sealed,Dry,Fine,Daylight,Nil,No traffic controls,80 km/h,Regional,80,Off left/right bend,801,Off cway right bend,Left,Rollover,Motorcycle,,1,0,0,1,0,12,December,Summer,Sunday,14:00 - 15:59,Midday / afternoon,False,False,True,True
1371320,Injury,Moderate Injury,2024,2024,October,Wednesday,16:00 - 17:59,ALLISON,CRES,20,South,PORTMADOC,DR,MENAI,,No,Not a school zone,2-way undivided,-34.011447,151.017763,Sutherland,Sydney metro. area,Syd-Newc-Woll Gtr conurbation,Curved,Steep grade,,,On,Sealed,Dry,Fine,Dusk,Nil,No traffic controls,50 km/h,Local,87,Off lft/lft bnd=>obj,804,Off left bend into obj,Left,Other angle,4 wheel drive / SUV,4 wheel drive / SUV,2,0,0,1,0,10,October,Spring,Wednesday,16:00 - 17:59,PM peak / evening commute,True,False,True,True
1371327,Injury,Minor/Other Injury,2024,2024,December,Saturday,08:00 - 09:59,FROGMORE,RD,200,South,LITTLE PLAINS,RD,FROGMORE,,No,Not a school zone,2-way undivided,-34.274991,148.84066,Hilltops,Country urban,Rest of NSW - Urban,Straight,Steep grade,,,Nil,Sealed,Dry,Fine,Daylight,Nil,No traffic controls,60 km/h,Local,67,Struck animal,609,On path - Hit animal,,Vehicle - Animal,Motorcycle,,1,0,0,0,1,12,December,Summer,Saturday,08:00 - 09:59,AM peak / school commute,True,False,True,True
1371328,Injury,Moderate Injury,2024,2024,December,Saturday,04:00 - 05:59,M7 WESTLINK,EXP,150,North,RICHMOND ROAD,TO,DEAN PARK,6009.0,No,Not a school zone,Dual freeway,-33.730538,150.858228,Blacktown,Sydney metro. area,Syd-Newc-Woll Gtr conurbation,Straight,Ditch/drain/culvert,,,Off,Sealed,Wet,Raining,Dawn,Nil,No traffic controls,100 km/h,State,71,Off rd left => obj,703,Left off cway into object,,Vehicle - Object,Large rigid,,1,0,0,1,1,12,December,Summer,Saturday,04:00 - 05:59,Late night / early morning,False,False,True,True
1371329,Injury,Serious Injury,2024,2024,June,Monday,14:00 - 15:59,NEWTON,ST,0,Right on the spot,TAYLOR,ST,ARMIDALE,,No,Not a school zone,X-intersection,-30.505635,151.674991,Armidale Regional,Country urban,Rest of NSW - Urban,Straight,,,,Off,Sealed,Dry,Fine,Daylight,Nil,Give way sign,50 km/h,Local,10,Cross traffic,101,Adj - Cross traffic,,Right angle,4 wheel drive / SUV,Car (sedan/hatch),2,0,1,1,0,6,June,Winter,Monday,14:00 - 15:59,Midday / afternoon,False,False,True,True
1371331,Injury,Serious Injury,2024,2024,November,Sunday,12:00 - 13:59,WOY WOY,RD,0,Right on the spot,MILYERRA,RD,KARIONG,,No,Not a school zone,T-junction,-33.442054,151.295256,Central Coast,Country urban,Syd-Newc-Woll Gtr conurbation,Curved,Steep grade,,,Off,Sealed,Dry,Fine,Daylight,Nil,Give way sign,60 km/h,Local,13,Right near,104,Adj - Right-thru from right,,Right angle,Car (sedan/hatch),4 wheel drive / SUV,2,0,1,1,0,11,November,Spring,Sunday,12:00 - 13:59,Midday / afternoon,False,False,True,True
1371333,Injury,Serious Injury,2024,2024,December,Sunday,10:00 - 11:59,PRINCES,HWY,150,South,KURLAN,ST,WATERFALL,1.0,No,Not a school zone,Divided road,-34.107569,150.993418,Sutherland,Sydney metro. area,Syd-Newc-Woll Gtr conurbation,Straight,,,Potholes/corrugations/rough,Nil,Sealed,Dry,Fine,Daylight,Nil,No traffic controls,100 km/h,State,71,Off rd left => obj,703,Left off cway into object,,Vehicle - Object,Pedal cycle,,1,0,1,0,0,12,December,Summer,Sunday,10:00 - 11:59,Midday / afternoon,False,False,True,True
1371336,Injury,Moderate Injury,2024,2024,November,Sunday,20:00 - 21:59,FARNHAM,RD,0,Right on the spot,NUMBER 173A,HN,QUAKERS HILL,,No,Not a school zone,2-way undivided,-33.72415,150.905621,Blacktown,Sydney metro. area,Syd-Newc-Woll Gtr conurbation,Straight,Steep grade,,,On,Sealed,Dry,Fine,Darkness,Nil,No traffic controls,50 km/h,Local,71,Off rd left => obj,703,Left off cway into object,,Other angle,Light truck utility(from 2018),Car (sedan/hatch),4,0,0,1,0,11,November,Spring,Sunday,20:00 - 21:59,Evening / night,False,False,True,True
1371340,Injury,Minor/Other Injury,2024,2024,November,Sunday,08:00 - 09:59,GIBBONS,ST,0,Right on the spot,LAWSON,ST,REDFERN,170.0,No,Not a school zone,X-intersection,-33.89169,151.199794,Sydney,Sydney metro. area,Syd-Newc-Woll Gtr conurbation,Straight,Foot/cycle path/nature strip,,,Off,Sealed,Dry,Fine,Daylight,On,Ped crossing,50 km/h,State,48,From footpath,408,Manov - From footway,,Other angle,Pedal cycle,Car (sedan/hatch),2,0,0,0,1,11,November,Spring,Sunday,08:00 - 09:59,AM peak / school commute,True,False,True,True
1371346,Injury,Serious Injury,2024,2024,October,Saturday,10:00 - 11:59,TEN MILE,RD,2000,West,COXS,RD,DEEPWATER,,No,Not a school zone,2-way undivided,-29.441551,151.974369,Glen Innes Severn,Country non-urban,Rest of NSW - Rural,Curved,,,,Nil,Unsealed,Dry,Fine,Daylight,Nil,No traffic controls,100 km/h,Local,67,Struck animal,609,On path - Hit animal,,Vehicle - Animal,Motorcycle,,1,0,1,0,0,10,October,Spring,Saturday,10:00 - 11:59,Midday / afternoon,False,False,True,True
1371351,Injury,Moderate Injury,2024,2024,November,Monday,14:00 - 15:59,ALBANY,ST,0,Right on the spot,CURACOA,ST,COFFS HARBOUR,,No,Not a school zone,X-intersection,-30.302453,153.118339,Coffs Harbour,Country urban,Rest of NSW - Urban,Straight,,,,Off,Sealed,Wet,Raining,Daylight,Nil,Stop sign,50 km/h,Local,3,Ped on carriageway,4,Ped - On carriageway,,Vehicle - Pedestrian,Car (sedan/hatch),Pedestrian,2,0,0,1,0,11,November,Spring,Monday,14:00 - 15:59,Midday / afternoon,False,False,True,True
1371355,Injury,Serious Injury,2024,2024,November,Saturday,22:00 - Midnight,DOBROYD,PDE,0,Right on the spot,WARATAH,ST,HABERFIELD,650.0,No,Not a school zone,T-junction,-33.873376,151.137069,Inner West,Sydney metro. area,Syd-Newc-Woll Gtr conurbation,Straight,Foot/cycle path/nature strip,,,On,Sealed,Dry,Fine,Darkness,On,Ped crossing,60 km/h,State,48,From footpath,408,Manov - From footway,,Other angle,Pedal cycle,Light truck utility(from 2018),2,0,1,0,0,11,November,Spring,Saturday,22:00 - Midnight,Evening / night,False,False,True,True
1371358,Injury,Serious Injury,2024,2024,October,Friday,14:00 - 15:59,CHURCH,ST,0,Right on the spot,MEDICAL CENTRE,ENT,MUDGEE,,No,Not a school zone,2-way undivided,-32.602623,149.586455,Mid-Western Regional,Country urban,Rest of NSW - Urban,Straight,Driveway/entrance,,,Nil,Sealed,Dry,Fine,Daylight,Nil,No traffic controls,50 km/h,Local,47,Emerging from drive,406,Manov - Emerging from driveway,,Right angle,4 wheel drive / SUV,Pedal cycle,2,0,1,0,0,10,October,Spring,Friday,14:00 - 15:59,Midday / afternoon,False,False,True,True
1371359,Injury,Serious Injury,2024,2024,December,Thursday,14:00 - 15:59,SOLDIERS POINT,RD,100,North,DIEMARS,RD,SALAMANDER BAY,,No,Not a school zone,2-way undivided,-32.720212,152.075888,Port Stephens,Country urban,Rest of NSW - Urban,Straight,,,,Nil,Sealed,Dry,Fine,Daylight,Nil,No traffic controls,50 km/h,Local,1,Ped emerging,2,Ped - emerging,,Vehicle - Pedestrian,Car (sedan/hatch),Pedestrian,2,0,1,0,0,12,December,Summer,Thursday,14:00 - 15:59,Midday / afternoon,False,False,True,True
1371364,Injury,Moderate Injury,2024,2024,November,Monday,20:00 - 21:59,PIT STRAIGHT,MS,999999,Unknown/not stated,UNKNOWN,UK,MOUNT PANORAMA,,No,Not a school zone,2-way undivided,-33.4393,149.55849,Bathurst Regional,Country urban,Rest of NSW - Urban,Straight,,,,Nil,Sealed,Dry,Fine,Darkness,Nil,No traffic controls,60 km/h,Local,73,Off rd rght => obj,704,Right off cway into obj,,Vehicle - Object,Motorcycle,,1,0,0,1,0,11,November,Spring,Monday,20:00 - 21:59,Evening / night,False,False,True,True
1371366,Injury,Serious Injury,2024,2024,September,Monday,10:00 - 11:59,PACIFIC,HWY,0,Right on the spot,HAZELBANK,RD,WOLLSTONECRAFT,10.0,Yes,No,T-junction,-33.832331,151.204094,North Sydney,Sydney metro. area,Syd-Newc-Woll Gtr conurbation,Straight,,,,Off,Sealed,Dry,Fine,Daylight,On,No traffic controls,60 km/h,State,21,Right through,202,Opp - Right-thru,,Other angle,4 wheel drive / SUV,Motor scooter,2,0,1,0,0,9,September,Spring,Monday,10:00 - 11:59,Midday / afternoon,False,False,True,True
1371367,Injury,Serious Injury,2024,2024,December,Monday,10:00 - 11:59,MORETON,ST,0,Right on the spot,THE BOULEVARDE,MS,LAKEMBA,,No,Not a school zone,Roundabout,-33.918401,151.082004,Canterbury-Bankstown,Sydney metro. area,Syd-Newc-Woll Gtr conurbation,Straight,,,,Off,Sealed,Dry,Fine,Daylight,Nil,Give way sign,50 km/h,Local,10,Cross traffic,101,Adj - Cross traffic,,Right angle,Car (sedan/hatch),Utility,4,0,1,0,0,12,December,Summer,Monday,10:00 - 11:59,Midday / afternoon,False,False,True,True