crash_id,degree_of_crash,degree_of_crash_-_detailed,reporting_year,year_of_crash,month_of_crash,day_of_week_of_crash,two-hour_intervals,street_of_crash,street_type,distance,direction,identifying_feature,identifying_feature_type,town,route_no.,school_zone_location,school_zone_active,type_of_location,latitude,longitude,lga,urbanisation,conurbation_1,alignment,primary_permanent_feature,primary_temporary_feature,primary_hazardous_feature,street_lighting,road_surface,surface_condition,weather,natural_lighting,signals_operation,other_traffic_control,speed_limit,road_classification_(admin),rum_-_code,rum_-_description,dca_-_code,dca_-_description,dca_supplement,first_impact_type,key_tu_type,other_tu_type,no._of_traffic_units_involved,no._killed,no._seriously_injured,no._moderately_injured,no._minor-other_injured,month_num,month_label,season,day_label,time_label,time_band,is_peak_commute,is_fatal,is_injury,is_casualty
1371370,Injury,Serious Injury,2024,2024,December,Friday,20:00 - 21:59,RABY,RD,0,Right on the spot,MACARTHUR GRANGE CLUBHOUSE,ENT,VARROVILLE,7194.0,No,Not a school zone,2-way undivided,-34.011079,150.801375,Campbelltown,Sydney metro. area,Syd-Newc-Woll Gtr conurbation,Curved,Driveway/entrance,,,Nil,Sealed,Dry,Fine,Darkness,Nil,Stop sign,80 km/h,Regional,47,Emerging from drive,406,Manov - Emerging from driveway,,Right angle,Car (sedan/hatch),Car (sedan/hatch),2,0,1,1,0,12,December,Summer,Friday,20:00 - 21:59,Evening / night,False,False,True,True
1371372,Injury,Serious Injury,2024,2024,October,Thursday,20:00 - 21:59,OXLEY,HWY,460,West,DEEP CREEK,RD,BAGNOO,11.0,No,Not a school zone,2-way undivided,-31.460265,152.544635,Port Macquarie-Hastings,Country non-urban,Rest of NSW - Rural,Curved,,,,Nil,Sealed,Wet,Fine,Darkness,Nil,No traffic controls,100 km/h,State,20,Head on,201,Opp - Head on,,Head-on,4 wheel drive / SUV,Light truck utility(from 2018),2,0,1,0,2,10,October,Spring,Thursday,20:00 - 21:59,Evening / night,False,False,True,True
1371377,Injury,Serious Injury,2024,2024,December,Monday,18:00 - 19:59,GREAT WESTERN,HWY,0,Right on the spot,BRINGELLY,RD,KINGSWOOD,5.0,No,Not a school zone,T-junction,-33.758787,150.720711,Penrith,Sydney metro. area,Syd-Newc-Woll Gtr conurbation,Straight,,,,Off,Sealed,Dry,Fine,Daylight,Off,No traffic controls,60 km/h,State,33,Lane sideswipe,305,Same - Lane side swipe,,Other angle,Motorcycle,4 wheel drive / SUV,2,0,1,0,0,12,December,Summer,Monday,18:00 - 19:59,PM peak / evening commute,True,False,True,True
1371382,Injury,Serious Injury,2024,2024,August,Wednesday,08:00 - 09:59,HUME,HWY,85,West,LINDSAY,ST,BURWOOD,2.0,No,Not a school zone,Divided road,-33.886293,151.096408,Burwood,Sydney metro. area,Syd-Newc-Woll Gtr conurbation,Straight,,,,Nil,Sealed,Dry,Fine,Daylight,Nil,No traffic controls,60 km/h,State,0,Ped nearside,1,Ped - Near side,,Vehicle - Pedestrian,Light truck utility(from 2018),Pedestrian,2,0,1,0,0,8,August,Winter,Wednesday,08:00 - 09:59,AM peak / school commute,True,False,True,True
1371384,Injury,Serious Injury,2024,2024,November,Wednesday,18:00 - 19:59,CLYDE,ST,0,Right on the spot,MILLER,ST,SOUTH GRANVILLE,7101.0,No,Not a school zone,X-intersection,-33.85951,151.010386,Cumberland,Sydney metro. area,Syd-Newc-Woll Gtr conurbation,Straight,,,,On,Sealed,Dry,Fine,Dusk,Nil,Give way sign,60 km/h,Regional,13,Right near,104,Adj - Right-thru from right,,Right angle,4 wheel drive / SUV,Motorcycle,2,0,1,1,0,11,November,Spring,Wednesday,18:00 - 19:59,PM peak / evening commute,True,False,True,True
1371387,Injury,Minor/Other Injury,2024,2024,December,Sunday,00:01 - 01:59,SPEEWA,RD,4600,East,KORALEIGH,RD,KORALEIGH,,No,Not a school zone,2-way undivided,-35.178236,143.453373,Murray River,Country non-urban,Rest of NSW - Rural,Curved,,,,Nil,Sealed,Dry,Fine,Darkness,Nil,No traffic controls,100 km/h,Local,87,Off lft/lft bnd=>obj,804,Off left bend into obj,Left,Vehicle - Object,Car (sedan/hatch),,1,0,0,0,1,12,December,Summer,Sunday,00:01 - 01:59,Late night / early morning,False,False,True,True
1371389,Injury,Moderate Injury,2024,2024,October,Monday,16:00 - 17:59,COFF,ST,0,Right on the spot,ELBOW,ST,COFFS HARBOUR,,No,Not a school zone,L-junction,-30.293713,153.115285,Coffs Harbour,Country urban,Rest of NSW - Urban,Curved,Driveway/entrance,,,Off,Sealed,Dry,Fine,Daylight,Nil,No traffic controls,40 km/h,Local,85,Off rt/lft bnd=>obj,804,Off left bend into obj,Right,Vehicle - Object,4 wheel drive / SUV,,1,0,0,1,0,10,October,Spring,Monday,16:00 - 17:59,PM peak / evening commute,True,False,True,True
1371390,Injury,Minor/Other Injury,2024,2024,November,Monday,12:00 - 13:59,APPIN,RD,0,Right on the spot,NARELLAN,RD,BRADBURY,177.0,No,Not a school zone,X-intersection,-34.074952,150.808378,Campbelltown,Sydney metro. area,Syd-Newc-Woll Gtr conurbation,Straight,,,,Off,Sealed,Wet,Fine,Daylight,On,No traffic controls,60 km/h,State,74,On road-out of cont.,705,Out of control on cway,,Rollover,Motorcycle,,1,0,0,0,1,11,November,Spring,Monday,12:00 - 13:59,Midday / afternoon,False,False,True,True
1371392,Injury,Moderate Injury,2024,2024,November,Friday,18:00 - 19:59,BATEAU BAY,RD,0,Right on the spot,VENTURA,AVE,BATEAU BAY,,No,Not a school zone,T-junction,-33.387987,151.475782,Central Coast,Country urban,Syd-Newc-Woll Gtr conurbation,Straight,,,,Nil,Sealed,Wet,Raining,Daylight,Nil,Give way sign,50 km/h,Local,13,Right near,104,Adj - Right-thru from right,,Right angle,Car (sedan/hatch),Car (sedan/hatch),2,0,0,1,0,11,November,Spring,Friday,18:00 - 19:59,PM peak / evening commute,True,False,True,True
1371394,Injury,Minor/Other Injury,2024,2024,December,Tuesday,06:00 - 07:59,NEWBRIDGE,RD,100,East,EPSOM,RD,MOOREBANK,167.0,No,Not a school zone,Divided road,-33.929353,150.944056,Liverpool,Sydney metro. area,Syd-Newc-Woll Gtr conurbation,Straight,,,,On,Sealed,Dry,Fine,Dawn,Nil,No traffic controls,70 km/h,State,30,Rear end,301,Same - Rear end,,Rear end,4 wheel drive / SUV,4 wheel drive / SUV,2,0,0,0,1,12,December,Summer,Tuesday,06:00 - 07:59,AM peak / school commute,True,False,True,True
1371401,Injury,Serious Injury,2024,2024,October,Monday,16:00 - 17:59,FREEMANS REACH,RD,0,Right on the spot,NUMBER 5,HN,FREEMANS REACH,7207.0,No,Not a school zone,2-way undivided,-33.600417,150.821179,Hawkesbury,Country urban,Syd-Newc-Woll Gtr conurbation,Straight,Driveway/entrance,,,Nil,Unsealed,Wet,Unknown,Daylight,Nil,No traffic controls,80 km/h,Regional,47,Emerging from drive,406,Manov - Emerging from driveway,,Right angle,Car (sedan/hatch),Motorcycle,2,0,1,0,0,10,October,Spring,Monday,16:00 - 17:59,PM peak / evening commute,True,False,True,True
1371403,Injury,Moderate Injury,2024,2024,October,Thursday,04:00 - 05:59,EROWAL BAY,RD,500,West,NAVAL COLLEGE,RD,EROWAL BAY,,No,Not a school zone,2-way undivided,-35.093773,150.66466,Shoalhaven,Country urban,Rest of NSW - Urban,Straight,Steep grade,,,Nil,Sealed,Dry,Fine,Dawn,Nil,No traffic controls,80 km/h,Local,73,Off rd rght => obj,704,Right off cway into obj,,Vehicle - Object,4 wheel drive / SUV,,1,0,0,1,0,10,October,Spring,Thursday,04:00 - 05:59,Late night / early morning,False,False,True,True
1371411,Injury,Serious Injury,2024,2024,November,Wednesday,08:00 - 09:59,MT OUSLEY,RD,500,South,NEW MT PLEASANT ROAD,OP,MOUNT PLEASANT,95.0,No,Not a school zone,Divided road,-34.399924,150.868693,Wollongong,Wollongong met. area,Syd-Newc-Woll Gtr conurbation,Curved,,,,Off,Sealed,Dry,Fine,Daylight,Nil,No traffic controls,80 km/h,State,30,Rear end,301,Same - Rear end,,Rear end,Large rigid,4 wheel drive / SUV,7,0,1,0,0,11,November,Spring,Wednesday,08:00 - 09:59,AM peak / school commute,True,False,True,True
1371415,Injury,Serious Injury,2024,2024,November,Wednesday,12:00 - 13:59,GORE HILL,EXP,0,Right on the spot,RESERVE,RD,ARTARMON,651.0,No,Not a school zone,T-junction,-33.813431,151.185043,Willoughby,Sydney metro. area,Syd-Newc-Woll Gtr conurbation,Straight,Other bridge,,,Off,Sealed,Dry,Fine,Daylight,On,No traffic controls,50 km/h,State,74,On road-out of cont.,705,Out of control on cway,,Rollover,Motorcycle,,1,0,1,0,0,11,November,Spring,Wednesday,12:00 - 13:59,Midday / afternoon,False,False,True,True
1371417,Injury,Minor/Other Injury,2024,2024,November,Thursday,14:00 - 15:59,GROSE VALE,RD,200,East,GROSE WOLD,RD,GROSE VALE,7212.0,No,Not a school zone,2-way undivided,-33.582197,150.66274,Hawkesbury,Country urban,Syd-Newc-Woll Gtr conurbation,Straight,,,,Nil,Sealed,Dry,Fine,Daylight,Nil,No traffic controls,60 km/h,Regional,71,Off rd left => obj,703,Left off cway into object,,Vehicle - Object,Car (sedan/hatch),,1,0,0,0,1,11,November,Spring,Thursday,14:00 - 15:59,Midday / afternoon,False,False,True,True
1371428,Injury,Minor/Other Injury,2024,2024,December,Saturday,20:00 - 21:59,GREAT WESTERN,HWY,110,North,GOVETTS LEAP,RD,BLACKHEATH,5.0,No,Not a school zone,2-way undivided,-33.634548,150.284779,Blue Mountains,Country urban,Syd-Newc-Woll Gtr conurbation,Straight,,,,On,Sealed,Wet,Raining,Darkness,Nil,No traffic controls,60 km/h,State,42,Leaving parking,401,Manov - Leaving parking,,Other angle,Light truck utility(from 2018),Car (sedan/hatch),2,0,0,0,1,12,December,Summer,Saturday,20:00 - 21:59,Evening / night,False,False,True,True
1371430,Injury,Moderate Injury,2024,2024,December,Monday,20:00 - 21:59,ILLAWARRA,HWY,0,Right on the spot,OLD ARGYLE,RD,SUTTON FOREST,25.0,No,Not a school zone,T-junction,-34.585854,150.283706,Wingecarribee,Country non-urban,Rest of NSW - Rural,Straight,,,,Nil,Sealed,Dry,Fine,Dusk,Nil,Give way sign,100 km/h,State,32,Right rear,303,Same - Rear right,,Rear end,Car (sedan/hatch),4 wheel drive / SUV,2,0,0,1,1,12,December,Summer,Monday,20:00 - 21:59,Evening / night,False,False,True,True
1371431,Injury,Serious Injury,2024,2024,December,Saturday,16:00 - 17:59,HOBART,RD,0,Right on the spot,WALLARAH,RD,NEW LAMBTON,,No,Not a school zone,X-intersection,-32.920865,151.718154,Newcastle,Newcastle met. area,Syd-Newc-Woll Gtr conurbation,Curved,,,,Off,Sealed,Dry,Fine,Daylight,Nil,Stop sign,50 km/h,Local,10,Cross traffic,101,Adj - Cross traffic,,Right angle,4 wheel drive / SUV,4 wheel drive / SUV,2,0,2,1,2,12,December,Summer,Saturday,16:00 - 17:59,PM peak / evening commute,True,False,True,True
1371436,Injury,Serious Injury,2024,2024,October,Saturday,22:00 - Midnight,GLENIFFER,RD,200,East,ROSES,RD,BELLINGEN,,No,Not a school zone,2-way undivided,-30.437031,152.882514,Bellingen,Country non-urban,Rest of NSW - Rural,Straight,,,,Nil,Sealed,Wet,Raining,Darkness,Nil,No traffic controls,100 km/h,Local,4,Ped walk with,5,Ped - Walking with traffic,,Vehicle - Pedestrian,Car (sedan/hatch),Pedestrian,2,0,1,1,0,10,October,Spring,Saturday,22:00 - Midnight,Evening / night,False,False,True,True
1371438,Injury,Serious Injury,2024,2024,December,Thursday,18:00 - 19:59,NEW ENGLAND,HWY,0,Right on the spot,CHURCH,ST,MAITLAND,9.0,No,Not a school zone,Roundabout,-32.739315,151.551988,Maitland,Country urban,Rest of NSW - Urban,Curved,,,,Off,Sealed,Dry,Fine,Daylight,Off,Give way sign,60 km/h,State,10,Cross traffic,101,Adj - Cross traffic,,Right angle,Motorcycle,4 wheel drive / SUV,2,0,1,0,0,12,December,Summer,Thursday,18:00 - 19:59,PM peak / evening commute,True,False,True,True
1371439,Injury,Moderate Injury,2024,2024,December,Monday,16:00 - 17:59,FOVEAUX,ST,0,Right on the spot,WATERLOO,ST,SURRY HILLS,7301.0,No,Not a school zone,X-intersection,-33.884684,151.211418,Sydney,Sydney metro. area,Syd-Newc-Woll Gtr conurbation,Straight,,,,Off,Sealed,Dry,Fine,Daylight,Nil,No traffic controls,40 km/h,Regional,74,On road-out of cont.,705,Out of control on cway,,Rollover,Pedal cycle,,1,0,0,1,0,12,December,Summer,Monday,16:00 - 17:59,PM peak / evening commute,True,False,True,True
1371440,Injury,Minor/Other Injury,2024,2024,November,Friday,14:00 - 15:59,CENTRAL COAST,HWY,0,Right on the spot,RACECOURSE,RD,WEST GOSFORD,30.0,No,Not a school zone,X-intersection,-33.427079,151.327224,Central Coast,Country urban,Syd-Newc-Woll Gtr conurbation,Straight,,,,Off,Sealed,Dry,Fine,Daylight,On,No traffic controls,70 km/h,State,30,Rear end,301,Same - Rear end,,Rear end,4 wheel drive / SUV,Car (sedan/hatch),2,0,0,0,1,11,November,Spring,Friday,14:00 - 15:59,Midday / afternoon,False,False,True,True
1371442,Injury,Serious Injury,2024,2024,November,Friday,16:00 - 17:59,MAIN,RD,0,Right on the spot,NEWCASTLE,ST,CARDIFF,223.0,Yes,No,T-junction,-32.942346,151.665261,Lake Macquarie,Newcastle met. area,Syd-Newc-Woll Gtr conurbation,Straight,,,,Off,Sealed,Dry,Fine,Daylight,On,No traffic controls,60 km/h,Regional,13,Right near,104,Adj - Right-thru from right,,Right angle,4 wheel drive / SUV,Station wagon,2,0,2,1,0,11,November,Spring,Friday,16:00 - 17:59,PM peak / evening commute,True,False,True,True
1371444,Injury,Minor/Other Injury,2024,2024,November,Saturday,20:00 - 21:59,DROME,ST,33,North,ALEXANDRA,ST,EAST ALBURY,,No,Not a school zone,2-way undivided,-36.074319,146.947755,Albury,Country urban,Rest of NSW - Urban,Straight,,,,On,Sealed,Dry,Fine,Darkness,Nil,No traffic controls,50 km/h,Local,74,On road-out of cont.,705,Out of control on cway,,Rollover,Motorcycle,,1,0,0,0,1,11,November,Spring,Saturday,20:00 - 21:59,Evening / night,False,False,True,True
1371446,Injury,Moderate Injury,2024,2024,November,Friday,08:00 - 09:59,MOLESWORTH,ST,0,Right on the spot,ORION,ST,LISMORE,,No,Not a school zone,Roundabout,-28.803275,153.279757,Lismore,Country urban,Rest of NSW - Urban,Straight,,,,Nil,Sealed,Dry,Fine,Daylight,Nil,Give way sign,50 km/h,Local,71,Off rd left => obj,703,Left off cway into object,,Vehicle - Object,4 wheel drive / SUV,,1,0,0,1,0,11,November,Spring,Friday,08:00 - 09:59,AM peak / school commute,True,False,True,True
1371448,Injury,Serious Injury,2024,2024,December,Saturday,16:00 - 17:59,MOSS VALE,RD,200,North,JENANTER,DR,KANGAROO VALLEY,261.0,No,Not a school zone,2-way undivided,-34.727792,150.521053,Shoalhaven,Country urban,Rest of NSW - Urban,Straight,Narrow/1-lane bridge,,,Nil,Sealed,Dry,Fine,Daylight,Nil,Give way sign,60 km/h,State,71,Off rd left => obj,703,Left off cway into object,,Vehicle - Object,Car (sedan/hatch),,1,0,1,0,0,12,December,Summer,Saturday,16:00 - 17:59,PM peak / evening commute,True,False,True,True
1371451,Injury,Minor/Other Injury,2024,2024,October,Tuesday,14:00 - 15:59,O'SULLIVAN,RD,0,Right on the spot,BUNYULA,RD,BELLEVUE HILL,7336.0,No,Not a school zone,T-junction,-33.881491,151.263789,Woollahra,Sydney metro. area,Syd-Newc-Woll Gtr conurbation,Straight,,,,Nil,Sealed,Dry,Fine,Daylight,Nil,Give way sign,50 km/h,Regional,39,Other same direction,300,Same - other,,Other angle,Car (sedan/hatch),Pedal cycle,2,0,0,0,1,10,October,Spring,Tuesday,14:00 - 15:59,Midday / afternoon,False,False,True,True
1371453,Injury,Moderate Injury,2024,2024,September,Wednesday,08:00 - 09:59,OLD SOUTH HEAD,RD,50,South,MURRIVERIE,RD,NORTH BONDI,339.0,No,Not a school zone,2-way undivided,-33.881786,151.26996,Waverley,Sydney metro. area,Syd-Newc-Woll Gtr conurbation,Straight,,,,On,Sealed,Dry,Fine,Daylight,Nil,No traffic controls,50 km/h,State,30,Rear end,301,Same - Rear end,,Rear end,Car (sedan/hatch),4 wheel drive / SUV,2,0,0,1,0,9,September,Spring,Wednesday,08:00 - 09:59,AM peak / school commute,True,False,True,True
1371456,Injury,Moderate Injury,2024,2024,October,Sunday,14:00 - 15:59,PRINCE,ST,10,North,SECOND,AVE,BLACKTOWN,,No,Not a school zone,Roundabout,-33.766573,150.910848,Blacktown,Sydney metro. area,Syd-Newc-Woll Gtr conurbation,Straight,Pedestrian refuge,,,Nil,Sealed,Dry,Fine,Daylight,Nil,Give way sign,50 km/h,Local,0,Ped nearside,1,Ped - Near side,,Vehicle - Pedestrian,Car (sedan/hatch),Pedestrian,2,0,0,1,0,10,October,Spring,Sunday,14:00 - 15:59,Midday / afternoon,False,False,True,True
1371457,Injury,Minor/Other Injury,2024,2024,December,Monday,20:00 - 21:59,BUNGENDORE,RD,1000,East,THE FOREST,RD,BUNGENDORE,7607.0,No,Not a school zone,2-way undivided,-35.228927,149.399256,Queanbeyan-Palerang Regional,Country urban,Rest of NSW - Urban,Curved,Steep grade,,,Nil,Sealed,Dry,Fine,Darkness,Nil,No traffic controls,80 km/h,Regional,85,Off rt/lft bnd=>obj,804,Off left bend into obj,Right,Vehicle - Object,Light truck utility(from 2018),,1,0,0,0,1,12,December,Summer,Monday,20:00 - 21:59,Evening / night,False,False,True,True
1371458,Injury,Serious Injury,2024,2024,November,Wednesday,14:00 - 15:59,BRUXNER,HWY,0,Right on the spot,NUMBER 697,HN,GOONELLABAH,16.0,No,Not a school zone,Divided road,-28.818747,153.332545,Lismore,Country urban,Rest of NSW - Urban,Curved,Steep grade,,,Nil,Sealed,Dry,Fine,Daylight,Nil,No traffic controls,60 km/h,State,87,Off lft/lft bnd=>obj,804,Off left bend into obj,Left,Vehicle - Object,4 wheel drive / SUV,,1,0,1,0,0,11,November,Spring,Wednesday,14:00 - 15:59,Midday / afternoon,False,False,True,True
1371464,Injury,Minor/Other Injury,2024,2024,September,Saturday,18:00 - 19:59,WOODVILLE,RD,0,Right on the spot,HOWATT,ST,VILLAWOOD,640.0,No,Not a school zone,X-intersection,-33.883662,150.976416,Fairfield,Sydney metro. area,Syd-Newc-Woll Gtr conurbation,Straight,,,,On,Sealed,Dry,Fine,Dusk,On,No traffic controls,60 km/h,State,30,Rear end,301,Same - Rear end,,Rear end,Car (sedan/hatch),Car (sedan/hatch),2,0,0,0,1,9,September,Spring,Saturday,18:00 - 19:59,PM peak / evening commute,True,False,True,True
1371467,Injury,Minor/Other Injury,2024,2024,November,Tuesday,02:00 - 03:59,HUME,HWY,0,Right on the spot,THE HORSLEY,DR,LANSDOWNE,2.0,No,Not a school zone,T-junction,-33.889113,150.969748,Canterbury-Bankstown,Sydney metro. area,Syd-Newc-Woll Gtr conurbation,Straight,,,,On,Sealed,Dry,Fine,Darkness,On,No left turn,70 km/h,State,71,Off rd left => obj,703,Left off cway into object,,Vehicle - Object,Car (sedan/hatch),,1,0,0,0,1,11,November,Spring,Tuesday,02:00 - 03:59,Late night / early morning,False,False,True,True
1371472,Injury,Moderate Injury,2024,2024,December,Sunday,02:00 - 03:59,WINDSOR,RD,0,Right on the spot,GROVES,AVE,VINEYARD,184.0,No,Not a school zone,T-junction,-33.625789,150.838729,Hawkesbury,Country urban,Syd-Newc-Woll Gtr conurbation,Straight,,,,On,Sealed,Dry,Fine,Darkness,On,No traffic controls,80 km/h,State,30,Rear end,301,Same - Rear end,,Rear end,Car (sedan/hatch),Car (sedan/hatch),3,0,0,1,0,12,December,Summer,Sunday,02:00 - 03:59,Late night / early morning,False,False,True,True
1371473,Injury,Minor/Other Injury,2024,2024,July,Thursday,16:00 - 17:59,CENTRAL COAST,HWY,0,Right on the spot,MANNS,RD,WEST GOSFORD,30.0,No,Not a school zone,X-intersection,-33.427299,151.317672,Central Coast,Country urban,Syd-Newc-Woll Gtr conurbation,Straight,,,,Off,Sealed,Dry,Fine,Daylight,On,Ped crossing,70 km/h,State,30,Rear end,301,Same - Rear end,,Rear end,Car (sedan/hatch),Car (sedan/hatch),2,0,0,0,1,7,July,Winter,Thursday,16:00 - 17:59,PM peak / evening commute,True,False,True,True
1371474,Injury,Moderate Injury,2024,2024,November,Tuesday,10:00 - 11:59,MUTTAMA,RD,1100,West,OLD GUNDAGAI,RD,COOTAMUNDRA,87.0,No,Not a school zone,2-way undivided,-34.732529,148.07113,Cootamundra-Gundagai,Country non-urban,Rest of NSW - Rural,Curved,Painted double centre lines,,,Nil,Sealed,Dry,Fine,Daylight,Nil,No traffic controls,100 km/h,Regional,84,Off right/left bend,802,Off cway left bend,Right,Rollover,B-double (road train prior 98),,1,0,0,1,0,11,November,Spring,Tuesday,10:00 - 11:59,Midday / afternoon,False,False,True,True
1371476,Injury,Moderate Injury,2024,2024,December,Thursday,08:00 - 09:59,REDMYRE,RD,0,Right on the spot,NUMBER 2-4,HN,STRATHFIELD,668.0,Yes,No,Divided road,-33.87377,151.093424,Strathfield,Sydney metro. area,Syd-Newc-Woll Gtr conurbation,Straight,,,,Off,Sealed,Dry,Fine,Daylight,Nil,No traffic controls,50 km/h,State,30,Rear end,301,Same - Rear end,,Rear end,Light truck utility(from 2018),Car (sedan/hatch),2,0,0,1,1,12,December,Summer,Thursday,08:00 - 09:59,AM peak / school commute,True,False,True,True
1371478,Injury,Serious Injury,2024,2024,November,Saturday,14:00 - 15:59,OLD PACIFIC,HWY,200,East,SCENIC,DR,PINNY BEACH,,No,Not a school zone,2-way undivided,-33.115777,151.634826,Lake Macquarie,Newcastle met. area,Syd-Newc-Woll Gtr conurbation,Curved,,,,Off,Sealed,Dry,Fine,Daylight,Nil,No traffic controls,50 km/h,Local,30,Rear end,301,Same - Rear end,,Rear end,Motorcycle,Motorcycle,2,0,2,0,0,11,November,Spring,Saturday,14:00 - 15:59,Midday / afternoon,False,False,True,True
1371482,Injury,Moderate Injury,2024,2024,October,Wednesday,12:00 - 13:59,KING GEORGES,RD,0,Right on the spot,STONEY CREEK,RD,BEVERLY HILLS,200.0,Yes,No,X-intersection,-33.952614,151.083519,Georges River,Sydney metro. area,Syd-Newc-Woll Gtr conurbation,Straight,,,,On,Sealed,Dry,Fine,Daylight,On,No traffic controls,60 km/h,State,21,Right through,202,Opp - Right-thru,,Other angle,Light truck utility(from 2018),Car (sedan/hatch),2,0,0,1,0,10,October,Spring,Wednesday,12:00 - 13:59,Midday / afternoon,False,False,True,True
1371488,Injury,Serious Injury,2024,2024,December,Monday,16:00 - 17:59,JERVIS BAY,RD,0,Right on the spot,NUMBER 40,HN,FALLS CREEK,312.0,No,Not a school zone,2-way undivided,-34.985718,150.590947,Shoalhaven,Country urban,Rest of NSW - Urban,Straight,,Roadwks/Detour/Diverson,,Off,Sealed,Dry,Fine,Daylight,Nil,No traffic controls,40 km/h,Regional,30,Rear end,301,Same - Rear end,,Rear end,Motorcycle,Light truck utility(from 2018),2,0,1,0,0,12,December,Summer,Monday,16:00 - 17:59,PM peak / evening commute,True,False,True,True
1371489,Injury,Serious Injury,2024,2024,November,Saturday,06:00 - 07:59,ALBERT,ST,0,Right on the spot,NUMBER 14,HN,WICKHAM,,No,Not a school zone,2-way undivided,-32.918303,151.756446,Newcastle,Newcastle met. area,Syd-Newc-Woll Gtr conurbation,Straight,Driveway/entrance,,,Off,Sealed,Dry,Fine,Daylight,Nil,No traffic controls,50 km/h,Local,21,Right through,202,Opp - Right-thru,,Other angle,Light truck utility(from 2018),Pedal cycle,2,0,1,0,0,11,November,Spring,Saturday,06:00 - 07:59,AM peak / school commute,True,False,True,True
1371490,Injury,Serious Injury,2024,2024,November,Sunday,10:00 - 11:59,HOXTON PARK,RD,10,East,CALABRO,AVE,LIVERPOOL,681.0,No,Not a school zone,T-junction,-33.927436,150.906514,Liverpool,Sydney metro. area,Syd-Newc-Woll Gtr conurbation,Straight,,,,Off,Sealed,Dry,Fine,Daylight,Nil,Give way sign,70 km/h,State,35,Lane change left,307,Same - Lane change left,,Other angle,Light truck,Motorcycle,2,0,1,0,0,11,November,Spring,Sunday,10:00 - 11:59,Midday / afternoon,False,False,True,True
1371492,Injury,Minor/Other Injury,2024,2024,May,Tuesday,16:00 - 17:59,ROCKY POINT,RD,0,Right on the spot,JUBILEE,AVE,KOGARAH,199.0,No,Not a school zone,T-junction,-33.976785,151.136572,Bayside,Sydney metro. area,Syd-Newc-Woll Gtr conurbation,Straight,,,,On,Sealed,Dry,Fine,Daylight,On,No traffic controls,60 km/h,State,32,Right rear,303,Same - Rear right,,Rear end,4 wheel drive / SUV,Car (sedan/hatch),2,0,0,0,1,5,May,Autumn,Tuesday,16:00 - 17:59,PM peak / evening commute,True,False,True,True
1371493,Injury,Moderate Injury,2024,2024,October,Wednesday,14:00 - 15:59,OLD NORTHERN,RD,0,Right on the spot,PARSONAGE,RD,CASTLE HILL,160.0,No,Not a school zone,T-junction,-33.738067,151.000999,The Hills,Sydney metro. area,Syd-Newc-Woll Gtr conurbation,Straight,,,,Off,Sealed,Dry,Fine,Daylight,Nil,Stop sign,60 km/h,State,13,Right near,104,Adj - Right-thru from right,,Right angle,Motor scooter,Car (sedan/hatch),2,0,0,1,0,10,October,Spring,Wednesday,14:00 - 15:59,Midday / afternoon,False,False,True,True
1371495,Injury,Serious Injury,2024,2024,December,Monday,14:00 - 15:59,SHELLHARBOUR,RD,0,Right on the spot,ADDISON,AVE,LAKE ILLAWARRA,522.0,No,Not a school zone,T-junction,-34.541709,150.864003,Shellharbour,Wollongong met. area,Syd-Newc-Woll Gtr conurbation,Straight,,,,Nil,Sealed,Dry,Fine,Daylight,Nil,Give way sign,70 km/h,State,16,Left near,107,Adj - Left-thru from right,,Right angle,4 wheel drive / SUV,4 wheel drive / SUV,2,0,1,0,0,12,December,Summer,Monday,14:00 - 15:59,Midday / afternoon,False,False,True,True
1371503,Injury,Serious Injury,2024,2024,November,Sunday,18:00 - 19:59,BTU,RD,0,Right on the spot,NUMBER 183,HN,NOWRA HILL,,No,Not a school zone,2-way undivided,-34.939112,150.582539,Shoalhaven,Country urban,Rest of NSW - Urban,Curved,,,"Loose gravel, sealed",Off,Sealed,Dry,Fine,Daylight,Nil,No traffic controls,80 km/h,Local,81,Off left/rt bnd=>obj,803,Off right bend into obj,Left,Vehicle - Object,Motorcycle,,1,0,1,0,0,11,November,Spring,Sunday,18:00 - 19:59,PM peak / evening commute,True,False,True,True
1371506,Injury,Serious Injury,2024,2024,November,Monday,18:00 - 19:59,ROXBOROUGH PARK,RD,10,West,MILEHAM,AVE,CASTLE HILL,,No,Not a school zone,T-junction,-33.74316,150.993081,The Hills,Sydney metro. area,Syd-Newc-Woll Gtr conurbation,Curved,,,,Off,Sealed,Dry,Fine,Dusk,Nil,No traffic controls,50 km/h,Local,0,Ped nearside,1,Ped - Near side,,Vehicle - Pedestrian,Car (sedan/hatch),Pedestrian,2,0,1,0,0,11,November,Spring,Monday,18:00 - 19:59,PM peak / evening commute,True,False,True,True
1371507,Injury,Serious Injury,2024,2024,October,Thursday,22:00 - Midnight,SILVERWATER,RD,0,Right on the spot,WESTERN,EXP,AUBURN,190.0,No,Not a school zone,T-junction,-33.842384,151.044364,Parramatta,Sydney metro. area,Syd-Newc-Woll Gtr conurbation,Straight,Embankment/cutting,Police pursuit,,On,Sealed,Dry,Fine,Darkness,On,No traffic controls,70 km/h,State,10,Cross traffic,101,Adj - Cross traffic,,Right angle,Car (sedan/hatch),Car (sedan/hatch),2,0,1,1,1,10,October,Spring,Thursday,22:00 - Midnight,Evening / night,False,False,True,True