crash_id,degree_of_crash,degree_of_crash_-_detailed,reporting_year,year_of_crash,month_of_crash,day_of_week_of_crash,two-hour_intervals,street_of_crash,street_type,distance,direction,identifying_feature,identifying_feature_type,town,route_no.,school_zone_location,school_zone_active,type_of_location,latitude,longitude,lga,urbanisation,conurbation_1,alignment,primary_permanent_feature,primary_temporary_feature,primary_hazardous_feature,street_lighting,road_surface,surface_condition,weather,natural_lighting,signals_operation,other_traffic_control,speed_limit,road_classification_(admin),rum_-_code,rum_-_description,dca_-_code,dca_-_description,dca_supplement,first_impact_type,key_tu_type,other_tu_type,no._of_traffic_units_involved,no._killed,no._seriously_injured,no._moderately_injured,no._minor-other_injured,month_num,month_label,season,day_label,time_label,time_band,is_peak_commute,is_fatal,is_injury,is_casualty
1371508,Injury,Moderate Injury,2024,2024,October,Saturday,12:00 - 13:59,BRUNGLE,RD,0,Right on the spot,STUCKEYS,RD,SOUTH GUNDAGAI,,No,Not a school zone,T-junction,-35.125685,148.191946,Cootamundra-Gundagai,Country non-urban,Rest of NSW - Rural,Curved,Embankment/cutting,,,Nil,Sealed,Dry,Fine,Daylight,Nil,No traffic controls,100 km/h,Local,85,Off rt/lft bnd=>obj,804,Off left bend into obj,Right,Vehicle - Object,4 wheel drive / SUV,,1,0,0,1,0,10,October,Spring,Saturday,12:00 - 13:59,Midday / afternoon,False,False,True,True
1371510,Injury,Moderate Injury,2024,2024,December,Tuesday,16:00 - 17:59,LAWLER,DR,0,Right on the spot,NUMBER 43,HN,ORAN PARK,,No,Not a school zone,2-way undivided,-34.001286,150.72773,Camden,Sydney metro. area,Syd-Newc-Woll Gtr conurbation,Straight,,,,Nil,Sealed,Dry,Fine,Daylight,Nil,No traffic controls,50 km/h,Local,71,Off rd left => obj,703,Left off cway into object,,Other angle,Car (sedan/hatch),4 wheel drive / SUV,3,0,0,1,0,12,December,Summer,Tuesday,16:00 - 17:59,PM peak / evening commute,True,False,True,True
1371519,Injury,Moderate Injury,2024,2024,November,Wednesday,06:00 - 07:59,OLD SOUTH,RD,580,East,RANGE,RD,MITTAGONG,,No,Not a school zone,2-way undivided,-34.467661,150.471463,Wingecarribee,Country urban,Rest of NSW - Urban,Straight,Steep grade,,,Nil,Sealed,Dry,Fine,Daylight,Nil,No traffic controls,80 km/h,Local,71,Off rd left => obj,703,Left off cway into object,,Vehicle - Object,Car (sedan/hatch),,1,0,0,1,0,11,November,Spring,Wednesday,06:00 - 07:59,AM peak / school commute,True,False,True,True
1371522,Injury,Minor/Other Injury,2024,2024,October,Tuesday,14:00 - 15:59,PACIFIC,HWY,0,Right on the spot,GEORGE,ST,BELMONT,10.0,No,Not a school zone,T-junction,-33.037253,151.659875,Lake Macquarie,Newcastle met. area,Syd-Newc-Woll Gtr conurbation,Straight,Steep grade,,,Off,Sealed,Dry,Fine,Daylight,On,Ped crossing,50 km/h,State,0,Ped nearside,1,Ped - Near side,,Vehicle - Pedestrian,Motorcycle,Pedestrian,2,0,0,0,1,10,October,Spring,Tuesday,14:00 - 15:59,Midday / afternoon,False,False,True,True
1371523,Injury,Serious Injury,2024,2024,November,Tuesday,14:00 - 15:59,SUNNYHOLT,RD,0,Right on the spot,TURNER,ST,BLACKTOWN,642.0,No,Not a school zone,T-junction,-33.752703,150.915401,Blacktown,Sydney metro. area,Syd-Newc-Woll Gtr conurbation,Straight,Bus/transit lane,,,Off,Sealed,Dry,Fine,Daylight,On,No traffic controls,70 km/h,State,71,Off rd left => obj,703,Left off cway into object,,Vehicle - Object,Motorcycle,,1,0,1,0,0,11,November,Spring,Tuesday,14:00 - 15:59,Midday / afternoon,False,False,True,True
1371525,Injury,Moderate Injury,2024,2024,December,Monday,08:00 - 09:59,BRIDGE,ST,0,Right on the spot,MACQUARIE,ST,WINDSOR,184.0,No,Not a school zone,T-junction,-33.605366,150.824239,Hawkesbury,Country urban,Syd-Newc-Woll Gtr conurbation,Straight,Steep grade,,,Off,Sealed,Dry,Fine,Daylight,On,No traffic controls,50 km/h,State,21,Right through,202,Opp - Right-thru,,Other angle,Car (sedan/hatch),4 wheel drive / SUV,2,0,0,1,0,12,December,Summer,Monday,08:00 - 09:59,AM peak / school commute,True,False,True,True
1371527,Injury,Serious Injury,2024,2024,October,Monday,12:00 - 13:59,MIMOSA,RD,0,Right on the spot,NUMBER 185,HN,BOSSLEY PARK,7229.0,No,Not a school zone,2-way undivided,-33.867874,150.889322,Fairfield,Sydney metro. area,Syd-Newc-Woll Gtr conurbation,Straight,,,,Nil,Sealed,Dry,Fine,Daylight,Nil,No traffic controls,60 km/h,Regional,71,Off rd left => obj,703,Left off cway into object,,Vehicle - Object,Car (sedan/hatch),,1,0,1,0,0,10,October,Spring,Monday,12:00 - 13:59,Midday / afternoon,False,False,True,True
1371528,Injury,Moderate Injury,2024,2024,November,Friday,08:00 - 09:59,UNNAMED,LANE,50,South,ALICE,ST,MOREE,,No,Not a school zone,2-way undivided,-29.471719,149.843734,Moree Plains,Country urban,Rest of NSW - Urban,Straight,Driveway/entrance,,,Nil,Sealed,Dry,Fine,Daylight,Nil,No traffic controls,50 km/h,Local,49,Other manoeuvring,400,Manov - other,,Other angle,Motorcycle,Unknown type,2,0,0,1,0,11,November,Spring,Friday,08:00 - 09:59,AM peak / school commute,True,False,True,True
1371531,Injury,Serious Injury,2024,2024,October,Thursday,14:00 - 15:59,WARRINGAH,RD,15,North,LAUREL,CH,FORESTVILLE,328.0,No,Not a school zone,Divided road,-33.761885,151.207309,Northern Beaches,Sydney metro. area,Syd-Newc-Woll Gtr conurbation,Straight,,,,Nil,Sealed,Dry,Fine,Daylight,Nil,No traffic controls,70 km/h,State,30,Rear end,301,Same - Rear end,,Rear end,Station wagon,Car (sedan/hatch),3,0,1,1,0,10,October,Spring,Thursday,14:00 - 15:59,Midday / afternoon,False,False,True,True
1371535,Injury,Minor/Other Injury,2024,2024,November,Monday,16:00 - 17:59,UNION,RD,500,South,RACECOURSE,RD,LAVINGTON,,No,Not a school zone,2-way undivided,-36.054448,146.95362,Albury,Country urban,Rest of NSW - Urban,Curved,,,,Off,Sealed,Dry,Fine,Daylight,Nil,No traffic controls,60 km/h,Local,20,Head on,201,Opp - Head on,,Head-on,Car (sedan/hatch),4 wheel drive / SUV,2,0,0,0,2,11,November,Spring,Monday,16:00 - 17:59,PM peak / evening commute,True,False,True,True
1371536,Injury,Moderate Injury,2024,2024,September,Monday,18:00 - 19:59,BRIDGE,ST,20,North,COURT,ST,WINDSOR,184.0,No,Not a school zone,2-way undivided,-33.605777,150.824586,Hawkesbury,Country urban,Syd-Newc-Woll Gtr conurbation,Straight,Painted double centre lines,,,Nil,Sealed,Dry,Fine,Darkness,Nil,No traffic controls,50 km/h,State,73,Off rd rght => obj,704,Right off cway into obj,,Vehicle - Object,Light truck utility(from 2018),,1,0,0,1,0,9,September,Spring,Monday,18:00 - 19:59,PM peak / evening commute,True,False,True,True
1371538,Injury,Moderate Injury,2024,2024,November,Thursday,18:00 - 19:59,THE ESCORT,WAY,500,West,BORENORE ACCESS,RD,BORENORE,61.0,No,Not a school zone,2-way undivided,-33.245738,148.968703,Cabonne,Country non-urban,Rest of NSW - Rural,Curved,,,,Nil,Sealed,Wet,Raining,Darkness,Nil,No traffic controls,100 km/h,State,88,Out of cont on bend,805,Out of control on bend,,Rollover,B-double (road train prior 98),,1,0,0,1,0,11,November,Spring,Thursday,18:00 - 19:59,PM peak / evening commute,True,False,True,True
1371540,Injury,Moderate Injury,2024,2024,October,Wednesday,18:00 - 19:59,GRENVILLE,AVE,200,West,EVANS,RD,TUROSS HEAD,,No,Not a school zone,2-way undivided,-36.058434,150.136819,Eurobodalla,Country urban,Rest of NSW - Urban,Curved,Steep grade,,,Off,Sealed,Dry,Overcast,Daylight,Nil,No traffic controls,50 km/h,Local,20,Head on,201,Opp - Head on,,Head-on,Car (sedan/hatch),Car (sedan/hatch),2,0,0,1,1,10,October,Spring,Wednesday,18:00 - 19:59,PM peak / evening commute,True,False,True,True
1371541,Injury,Serious Injury,2024,2024,December,Thursday,12:00 - 13:59,CUMBERLAND,HWY,0,Right on the spot,STURT,ST,SMITHFIELD,13.0,No,Not a school zone,T-junction,-33.84434,150.955569,Cumberland,Sydney metro. area,Syd-Newc-Woll Gtr conurbation,Curved,,,,Off,Sealed,Dry,Fine,Daylight,On,No traffic controls,70 km/h,State,30,Rear end,301,Same - Rear end,,Rear end,Motorcycle,Light truck utility(from 2018),2,0,1,0,0,12,December,Summer,Thursday,12:00 - 13:59,Midday / afternoon,False,False,True,True
1371543,Injury,Moderate Injury,2024,2024,October,Wednesday,08:00 - 09:59,MEMORIAL,DR,30,West,MARY,ST,GRANVILLE,7101.0,No,Not a school zone,2-way undivided,-33.833351,151.012147,Cumberland,Sydney metro. area,Syd-Newc-Woll Gtr conurbation,Straight,,,,Off,Sealed,Dry,Fine,Daylight,Nil,No traffic controls,50 km/h,Regional,63,Vehicle door,604,On path - Vehicle door,,Other angle,Motorcycle,Car (sedan/hatch),2,0,0,1,0,10,October,Spring,Wednesday,08:00 - 09:59,AM peak / school commute,True,False,True,True
1371544,Injury,Minor/Other Injury,2024,2024,December,Tuesday,14:00 - 15:59,CASTLEREAGH,HWY,0,Right on the spot,MARKET,ST,MUDGEE,18.0,No,Not a school zone,Roundabout,-32.590398,149.583694,Mid-Western Regional,Country urban,Rest of NSW - Urban,Straight,,,,Nil,Sealed,Dry,Fine,Daylight,Nil,Give way sign,50 km/h,State,9,Ped other,0,Ped - other,,Vehicle - Pedestrian,Light truck utility(from 2018),Pedestrian,2,0,0,0,1,12,December,Summer,Tuesday,14:00 - 15:59,Midday / afternoon,False,False,True,True
1371546,Injury,Serious Injury,2024,2024,December,Saturday,16:00 - 17:59,BAYSHORE,DR,0,Right on the spot,IGA,ENT,BYRON BAY,,No,Not a school zone,2-way undivided,-28.632787,153.582604,Byron,Country urban,Rest of NSW - Urban,Straight,Driveway/entrance,,,Nil,Sealed,Dry,Fine,Daylight,Nil,No traffic controls,50 km/h,Local,21,Right through,202,Opp - Right-thru,,Other angle,Station wagon,Motorcycle,2,0,1,0,0,12,December,Summer,Saturday,16:00 - 17:59,PM peak / evening commute,True,False,True,True
1371550,Injury,Minor/Other Injury,2024,2024,October,Friday,16:00 - 17:59,BONDI,RD,0,Right on the spot,NUMBER 98,HN,BONDI JUNCTION,172.0,No,Not a school zone,2-way undivided,-33.893051,151.257623,Waverley,Sydney metro. area,Syd-Newc-Woll Gtr conurbation,Straight,,,,Nil,Sealed,Dry,Fine,Dusk,Nil,No traffic controls,50 km/h,State,74,On road-out of cont.,705,Out of control on cway,,Rollover,Pedal cycle,,1,0,0,0,1,10,October,Spring,Friday,16:00 - 17:59,PM peak / evening commute,True,False,True,True
1371562,Injury,Serious Injury,2024,2024,December,Sunday,00:01 - 01:59,HENRY PARRY,DR,50,North,DWYER,ST,NORTH GOSFORD,673.0,No,Not a school zone,2-way undivided,-33.415353,151.349156,Central Coast,Country urban,Syd-Newc-Woll Gtr conurbation,Straight,,Police pursuit,,On,Sealed,Dry,Fine,Darkness,Nil,No traffic controls,60 km/h,State,73,Off rd rght => obj,704,Right off cway into obj,,Other angle,Car (sedan/hatch),4 wheel drive / SUV,3,0,1,2,0,12,December,Summer,Sunday,00:01 - 01:59,Late night / early morning,False,False,True,True
1371564,Injury,Moderate Injury,2024,2024,September,Sunday,12:00 - 13:59,HUME,HWY,0,Right on the spot,HIGHLAND,WAY,MARULAN,2.0,No,Not a school zone,T-junction,-34.696844,150.023009,Goulburn Mulwaree,Country non-urban,Rest of NSW - Rural,Straight,,,,Nil,Sealed,Dry,Fine,Daylight,Nil,Give way sign,110 km/h,State,21,Right through,202,Opp - Right-thru,,Other angle,Station wagon,Car (sedan/hatch),2,0,0,1,0,9,September,Spring,Sunday,12:00 - 13:59,Midday / afternoon,False,False,True,True
1371566,Injury,Moderate Injury,2024,2024,November,Friday,14:00 - 15:59,HAROLD,ST,80,South,EVELYN,ST,MACQUARIE FIELDS,680.0,Yes,No,2-way undivided,-33.998324,150.886078,Campbelltown,Sydney metro. area,Syd-Newc-Woll Gtr conurbation,Curved,Painted double centre lines,,,Nil,Sealed,Dry,Fine,Daylight,Nil,No traffic controls,60 km/h,State,20,Head on,201,Opp - Head on,,Head-on,Car (sedan/hatch),Utility,2,0,0,2,0,11,November,Spring,Friday,14:00 - 15:59,Midday / afternoon,False,False,True,True
1371568,Injury,Moderate Injury,2024,2024,October,Sunday,00:01 - 01:59,OLD SOUTH HEAD,RD,0,Right on the spot,HAMILTON,ST,ROSE BAY,339.0,No,Not a school zone,X-intersection,-33.872511,151.274196,Waverley,Sydney metro. area,Syd-Newc-Woll Gtr conurbation,Straight,,,,On,Sealed,Dry,Fine,Darkness,Nil,No traffic controls,50 km/h,State,71,Off rd left => obj,703,Left off cway into object,,Other angle,4 wheel drive / SUV,Car (sedan/hatch),3,0,0,1,0,10,October,Spring,Sunday,00:01 - 01:59,Late night / early morning,False,False,True,True
1371575,Injury,Moderate Injury,2024,2024,November,Monday,20:00 - 21:59,STURT,HWY,0,Right on the spot,AMBASSADOR MOTOR INN,MO,WAGGA WAGGA,14.0,No,Not a school zone,2-way undivided,-35.116732,147.353825,Wagga Wagga,Country urban,Rest of NSW - Urban,Straight,Driveway/entrance,,,Nil,Sealed,Dry,Fine,Darkness,Nil,No traffic controls,60 km/h,State,21,Right through,202,Opp - Right-thru,,Other angle,Car (sedan/hatch),Car (sedan/hatch),2,0,0,2,0,11,November,Spring,Monday,20:00 - 21:59,Evening / night,False,False,True,True
1371577,Injury,Serious Injury,2024,2024,October,Wednesday,14:00 - 15:59,MIMOSA,RD,0,Right on the spot,ALAMEIN,RD,BOSSLEY PARK,7229.0,No,Not a school zone,T-junction,-33.85466,150.892073,Fairfield,Sydney metro. area,Syd-Newc-Woll Gtr conurbation,Straight,,,,Nil,Sealed,Dry,Fine,Daylight,Nil,No traffic controls,60 km/h,Regional,21,Right through,202,Opp - Right-thru,,Other angle,Car (sedan/hatch),Passenger van,3,0,1,1,1,10,October,Spring,Wednesday,14:00 - 15:59,Midday / afternoon,False,False,True,True
1371580,Injury,Moderate Injury,2024,2024,November,Wednesday,14:00 - 15:59,CUMBERLAND,HWY,0,Right on the spot,THE HORSLEY,DR,SMITHFIELD,13.0,No,Not a school zone,X-intersection,-33.853544,150.940641,Fairfield,Sydney metro. area,Syd-Newc-Woll Gtr conurbation,Straight,,,,Off,Sealed,Dry,Overcast,Daylight,On,No traffic controls,70 km/h,State,10,Cross traffic,101,Adj - Cross traffic,,Right angle,4 wheel drive / SUV,Light truck utility(from 2018),5,0,0,3,0,11,November,Spring,Wednesday,14:00 - 15:59,Midday / afternoon,False,False,True,True
1371582,Injury,Serious Injury,2024,2024,December,Wednesday,12:00 - 13:59,PALM VALLEY,DR,0,Right on the spot,NUMBER 18,HN,BYRON BAY,,No,Not a school zone,2-way undivided,-28.638537,153.63306,Byron,Country urban,Rest of NSW - Urban,Straight,Driveway/entrance,,,Nil,Sealed,Wet,Fine,Daylight,Nil,No traffic controls,30 km/h,Local,53,Overtake turning,506,Ovtak - Overtaking right turn,,Other angle,Pedal cycle,Car (sedan/hatch),2,0,1,0,0,12,December,Summer,Wednesday,12:00 - 13:59,Midday / afternoon,False,False,True,True
1371586,Injury,Serious Injury,2024,2024,October,Monday,16:00 - 17:59,FOREST,RD,0,Right on the spot,SHIRLEY,ST,BEXLEY,168.0,No,Not a school zone,T-junction,-33.957157,151.11806,Bayside,Sydney metro. area,Syd-Newc-Woll Gtr conurbation,Straight,,,,Nil,Sealed,Dry,Fine,Daylight,Nil,Give way sign,60 km/h,State,20,Head on,201,Opp - Head on,,Head-on,Car (sedan/hatch),Car (sedan/hatch),3,0,2,0,0,10,October,Spring,Monday,16:00 - 17:59,PM peak / evening commute,True,False,True,True
1371587,Injury,Moderate Injury,2024,2024,October,Friday,18:00 - 19:59,MEMORIAL,AVE,30,East,ARNOLD,AVE,KELLYVILLE,642.0,No,Not a school zone,Divided road,-33.719056,150.94269,The Hills,Sydney metro. area,Syd-Newc-Woll Gtr conurbation,Straight,,Roadwks/Detour/Diverson,,Nil,Sealed,Dry,Fine,Darkness,Nil,No traffic controls,60 km/h,State,30,Rear end,301,Same - Rear end,,Rear end,Car (sedan/hatch),Car (sedan/hatch),3,0,0,1,0,10,October,Spring,Friday,18:00 - 19:59,PM peak / evening commute,True,False,True,True
1371588,Injury,Serious Injury,2024,2024,December,Sunday,22:00 - Midnight,PRINCES,HWY,225,South,RAWSON AVENUE,TO,SUTHERLAND,1.0,No,Not a school zone,Divided road,-34.047822,151.051985,Sutherland,Sydney metro. area,Syd-Newc-Woll Gtr conurbation,Curved,,,,Nil,Sealed,Dry,Fine,Darkness,Nil,No traffic controls,80 km/h,State,85,Off rt/lft bnd=>obj,804,Off left bend into obj,Right,Vehicle - Object,Car (sedan/hatch),,2,0,1,1,0,12,December,Summer,Sunday,22:00 - Midnight,Evening / night,False,False,True,True
1371590,Injury,Moderate Injury,2024,2024,November,Sunday,14:00 - 15:59,ALPINE,WAY,465,South,LEATHERBARREL CREEK CAMPGROUND,OT,KOSCIUSZKO,677.0,No,Not a school zone,2-way undivided,-36.52924,148.190757,Snowy Valleys,Country urban,Rest of NSW - Urban,Curved,Steep grade,,,Nil,Sealed,Dry,Fine,Daylight,Nil,No traffic controls,60 km/h,State,88,Out of cont on bend,805,Out of control on bend,,Rollover,Motorcycle,,1,0,0,1,0,11,November,Spring,Sunday,14:00 - 15:59,Midday / afternoon,False,False,True,True
1371593,Injury,Minor/Other Injury,2024,2024,October,Saturday,10:00 - 11:59,FOURTH,AVE,0,Right on the spot,TWELFTH,AVE,AUSTRAL,,No,Not a school zone,X-intersection,-33.926523,150.806965,Liverpool,Sydney metro. area,Syd-Newc-Woll Gtr conurbation,Straight,,,,Nil,Sealed,Dry,Fine,Daylight,Nil,Give way sign,60 km/h,Local,10,Cross traffic,101,Adj - Cross traffic,,Right angle,4 wheel drive / SUV,Light truck utility(from 2018),2,0,0,0,1,10,October,Spring,Saturday,10:00 - 11:59,Midday / afternoon,False,False,True,True
1371596,Injury,Moderate Injury,2024,2024,November,Saturday,00:01 - 01:59,MANCHESTER,RD,60,West,CUMBERLAND,RD,AUBURN,7467.0,No,Not a school zone,2-way undivided,-33.846037,151.025637,Cumberland,Sydney metro. area,Syd-Newc-Woll Gtr conurbation,Straight,,,,Nil,Sealed,Dry,Fine,Darkness,Nil,No traffic controls,50 km/h,Regional,73,Off rd rght => obj,704,Right off cway into obj,,Other angle,Car (sedan/hatch),Car (sedan/hatch),3,0,0,1,1,11,November,Spring,Saturday,00:01 - 01:59,Late night / early morning,False,False,True,True
1371600,Injury,Serious Injury,2024,2024,November,Tuesday,16:00 - 17:59,M2 HILLS,EXP,200,East,CUMBERLAND HIGHWAY,OP,BEECROFT,6002.0,No,Not a school zone,Dual freeway,-33.758531,151.051255,Parramatta,Sydney metro. area,Syd-Newc-Woll Gtr conurbation,Straight,Steep grade,,,Off,Sealed,Dry,Fine,Daylight,Nil,No traffic controls,100 km/h,State,30,Rear end,301,Same - Rear end,,Rear end,Large rigid,4 wheel drive / SUV,4,0,1,0,0,11,November,Spring,Tuesday,16:00 - 17:59,PM peak / evening commute,True,False,True,True
1371601,Injury,Serious Injury,2024,2024,November,Sunday,14:00 - 15:59,MORRISONS HILL,RD,500,West,BLONDVAL,RD,WALLENDBEEN,,No,Not a school zone,2-way undivided,-34.534009,148.111549,Cootamundra-Gundagai,Country non-urban,Rest of NSW - Rural,Curved,,,,Nil,Unsealed,Dry,Fine,Daylight,Nil,No traffic controls,100 km/h,Local,87,Off lft/lft bnd=>obj,804,Off left bend into obj,Left,Vehicle - Object,Car (sedan/hatch),,1,0,2,0,0,11,November,Spring,Sunday,14:00 - 15:59,Midday / afternoon,False,False,True,True
1371603,Injury,Minor/Other Injury,2024,2024,October,Wednesday,14:00 - 15:59,M7 WESTLINK,EXP,200,East,SUNNYHOLT ROAD,TO,KINGS LANGLEY,6009.0,No,Not a school zone,Dual freeway,-33.740872,150.926343,Blacktown,Sydney metro. area,Syd-Newc-Woll Gtr conurbation,Straight,,Roadwks/Detour/Diverson,,Off,Sealed,Dry,Fine,Daylight,Nil,No traffic controls,80 km/h,State,30,Rear end,301,Same - Rear end,,Rear end,Car (sedan/hatch),Car (sedan/hatch),2,0,0,0,1,10,October,Spring,Wednesday,14:00 - 15:59,Midday / afternoon,False,False,True,True
1371605,Injury,Minor/Other Injury,2024,2024,November,Monday,00:01 - 01:59,HUME,HWY,1700,South,WOOMARGAMA,WAY,HOLBROOK,2.0,No,Not a school zone,Divided road,-35.792104,147.257744,Greater Hume,Country non-urban,Rest of NSW - Rural,Straight,Steep grade,,,Nil,Sealed,Dry,Fine,Darkness,Nil,No traffic controls,110 km/h,State,30,Rear end,301,Same - Rear end,,Rear end,Car (sedan/hatch),B-double (road train prior 98),2,0,0,0,1,11,November,Spring,Monday,00:01 - 01:59,Late night / early morning,False,False,True,True
1371606,Injury,Serious Injury,2024,2024,December,Wednesday,18:00 - 19:59,FIFTEENTH,AVE,0,Right on the spot,TWENTY EIGHTH,AVE,AUSTRAL,,No,Not a school zone,X-intersection,-33.920725,150.828781,Liverpool,Sydney metro. area,Syd-Newc-Woll Gtr conurbation,Straight,,,,Off,Sealed,Dry,Fine,Daylight,Nil,Give way sign,60 km/h,Local,21,Right through,202,Opp - Right-thru,,Other angle,4 wheel drive / SUV,Car (sedan/hatch),2,0,1,0,0,12,December,Summer,Wednesday,18:00 - 19:59,PM peak / evening commute,True,False,True,True
1371608,Injury,Moderate Injury,2024,2024,November,Friday,22:00 - Midnight,CASTLEREAGH,HWY,3700,North,BYLONG VALLEY,WAY,ILFORD,18.0,No,Not a school zone,2-way undivided,-32.913187,149.841901,Mid-Western Regional,Country non-urban,Rest of NSW - Rural,Straight,,,,Nil,Sealed,Dry,Fine,Darkness,Nil,No traffic controls,100 km/h,State,71,Off rd left => obj,703,Left off cway into object,,Vehicle - Object,Semi-trailer,,1,0,0,1,0,11,November,Spring,Friday,22:00 - Midnight,Evening / night,False,False,True,True
1371616,Injury,Serious Injury,2024,2024,October,Tuesday,14:00 - 15:59,BEACONSFIELD,ST,0,Right on the spot,NUMBER 68,HN,REVESBY,7125.0,No,Not a school zone,2-way undivided,-33.943484,151.006669,Canterbury-Bankstown,Sydney metro. area,Syd-Newc-Woll Gtr conurbation,Straight,,,,Off,Sealed,Dry,Fine,Daylight,Nil,No traffic controls,60 km/h,Regional,71,Off rd left => obj,703,Left off cway into object,,Other angle,Car (sedan/hatch),4 wheel drive / SUV,2,0,1,0,0,10,October,Spring,Tuesday,14:00 - 15:59,Midday / afternoon,False,False,True,True
1371620,Injury,Minor/Other Injury,2024,2024,October,Thursday,22:00 - Midnight,WOODVILLE,RD,0,Right on the spot,AMPOL SERVICE STATION,ENT,OLD GUILDFORD,640.0,Yes,No,Divided road,-33.866894,150.988171,Fairfield,Sydney metro. area,Syd-Newc-Woll Gtr conurbation,Straight,Driveway/entrance,,,On,Sealed,Dry,Fine,Darkness,Nil,No traffic controls,70 km/h,State,37,Left turn sideswipe,309,Same - Left turn side swipe,,Other angle,4 wheel drive / SUV,Car (sedan/hatch),2,0,0,0,1,10,October,Spring,Thursday,22:00 - Midnight,Evening / night,False,False,True,True
1371623,Injury,Moderate Injury,2024,2024,December,Tuesday,06:00 - 07:59,RAILWAY,ST,0,Right on the spot,NUMBER 60-62,HN,GRANVILLE,,No,Not a school zone,2-way undivided,-33.824442,150.995341,Parramatta,Sydney metro. area,Syd-Newc-Woll Gtr conurbation,Straight,Steep grade,,,Off,Sealed,Dry,Fine,Daylight,Nil,No traffic controls,50 km/h,Local,71,Off rd left => obj,703,Left off cway into object,,Other angle,4 wheel drive / SUV,Car (sedan/hatch),3,0,0,1,0,12,December,Summer,Tuesday,06:00 - 07:59,AM peak / school commute,True,False,True,True
1371624,Injury,Serious Injury,2024,2024,November,Tuesday,16:00 - 17:59,COWPER,ST,50,West,AVOCA,ST,RANDWICK,7329.0,Yes,No,2-way undivided,-33.909394,151.243455,Randwick,Sydney metro. area,Syd-Newc-Woll Gtr conurbation,Straight,,,,Nil,Sealed,Dry,Fine,Daylight,Nil,No traffic controls,50 km/h,Regional,63,Vehicle door,604,On path - Vehicle door,,Other angle,Motor scooter,4 wheel drive / SUV,3,0,1,0,0,11,November,Spring,Tuesday,16:00 - 17:59,PM peak / evening commute,True,False,True,True
1371628,Injury,Moderate Injury,2024,2024,December,Friday,06:00 - 07:59,ELIZABETH,ST,0,Right on the spot,LIVERPOOL,ST,SYDNEY,7083.0,No,Not a school zone,X-intersection,-33.876852,151.209453,Sydney,Sydney metro. area,Syd-Newc-Woll Gtr conurbation,Straight,,,,Off,Sealed,Dry,Fine,Daylight,On,No traffic controls,40 km/h,Regional,10,Cross traffic,101,Adj - Cross traffic,,Right angle,Light truck utility(from 2018),Car (sedan/hatch),2,0,0,2,0,12,December,Summer,Friday,06:00 - 07:59,AM peak / school commute,True,False,True,True
1371633,Injury,Moderate Injury,2024,2024,November,Saturday,18:00 - 19:59,ELIZABETH,DR,0,Right on the spot,MCLEAN,ST,LIVERPOOL,535.0,No,Not a school zone,T-junction,-33.917855,150.912788,Liverpool,Sydney metro. area,Syd-Newc-Woll Gtr conurbation,Curved,Pedestrian refuge,,,On,Sealed,Wet,Raining,Dusk,Nil,Ped crossing,70 km/h,State,81,Off left/rt bnd=>obj,803,Off right bend into obj,Left,Vehicle - Object,Car (sedan/hatch),,1,0,0,1,0,11,November,Spring,Saturday,18:00 - 19:59,PM peak / evening commute,True,False,True,True
1371637,Injury,Serious Injury,2024,2024,December,Monday,16:00 - 17:59,HUME,HWY,50,South,SHERMAN,ST,GREENACRE,2.0,No,Not a school zone,Divided road,-33.8944,151.05347,Canterbury-Bankstown,Sydney metro. area,Syd-Newc-Woll Gtr conurbation,Straight,,,,Off,Sealed,Dry,Fine,Daylight,Nil,No traffic controls,70 km/h,State,30,Rear end,301,Same - Rear end,,Rear end,Light truck utility(from 2018),Car (sedan/hatch),3,0,2,0,0,12,December,Summer,Monday,16:00 - 17:59,PM peak / evening commute,True,False,True,True
1371638,Injury,Serious Injury,2024,2024,October,Thursday,16:00 - 17:59,LONDONDERRY,RD,150,South,WILSHIRE,RD,LONDONDERRY,630.0,No,Not a school zone,2-way undivided,-33.6329,150.73816,Penrith,Sydney metro. area,Syd-Newc-Woll Gtr conurbation,Straight,,,,Nil,Sealed,Wet,Raining,Daylight,Nil,No traffic controls,80 km/h,State,71,Off rd left => obj,703,Left off cway into object,,Vehicle - Object,Utility,,1,0,1,0,0,10,October,Spring,Thursday,16:00 - 17:59,PM peak / evening commute,True,False,True,True
1371640,Injury,Moderate Injury,2024,2024,August,Monday,08:00 - 09:59,GAN GAN,RD,60,East,KOALA,PL,BOAT HARBOUR,4045.0,No,Not a school zone,2-way undivided,-32.77863,152.110303,Port Stephens,Country urban,Rest of NSW - Urban,Straight,Embankment/cutting,,,Off,Sealed,Wet,Raining,Daylight,Nil,No traffic controls,70 km/h,Local,71,Off rd left => obj,703,Left off cway into object,,Vehicle - Object,Car (sedan/hatch),,1,0,0,1,0,8,August,Winter,Monday,08:00 - 09:59,AM peak / school commute,True,False,True,True
1371641,Injury,Serious Injury,2024,2024,November,Tuesday,08:00 - 09:59,MITCHELL,HWY,90,North,SALEYARDS,RD,TRANGIE,7.0,No,Not a school zone,Divided road,-32.032836,147.986689,Narromine,Country urban,Rest of NSW - Urban,Straight,B'down lane/road shldr,,,Off,Sealed,Dry,Fine,Daylight,Nil,No traffic controls,50 km/h,State,71,Off rd left => obj,703,Left off cway into object,,Vehicle - Object,Car (sedan/hatch),,2,0,1,0,0,11,November,Spring,Tuesday,08:00 - 09:59,AM peak / school commute,True,False,True,True