crash_id,degree_of_crash,degree_of_crash_-_detailed,reporting_year,year_of_crash,month_of_crash,day_of_week_of_crash,two-hour_intervals,street_of_crash,street_type,distance,direction,identifying_feature,identifying_feature_type,town,route_no.,school_zone_location,school_zone_active,type_of_location,latitude,longitude,lga,urbanisation,conurbation_1,alignment,primary_permanent_feature,primary_temporary_feature,primary_hazardous_feature,street_lighting,road_surface,surface_condition,weather,natural_lighting,signals_operation,other_traffic_control,speed_limit,road_classification_(admin),rum_-_code,rum_-_description,dca_-_code,dca_-_description,dca_supplement,first_impact_type,key_tu_type,other_tu_type,no._of_traffic_units_involved,no._killed,no._seriously_injured,no._moderately_injured,no._minor-other_injured,month_num,month_label,season,day_label,time_label,time_band,is_peak_commute,is_fatal,is_injury,is_casualty
1371642,Injury,Serious Injury,2024,2024,December,Friday,14:00 - 15:59,GREAT WESTERN,HWY,0,Right on the spot,PRINCES,HWY,CHIPPENDALE,5.0,No,Not a school zone,T-junction,-33.884491,151.194739,Sydney,Sydney metro. area,Syd-Newc-Woll Gtr conurbation,Straight,,,,Off,Sealed,Dry,Fine,Daylight,On,Ped crossing,50 km/h,State,30,Rear end,301,Same - Rear end,,Rear end,4 wheel drive / SUV,Light truck utility(from 2018),3,0,1,0,0,12,December,Summer,Friday,14:00 - 15:59,Midday / afternoon,False,False,True,True
1371645,Injury,Minor/Other Injury,2024,2024,November,Friday,04:00 - 05:59,CUMBERLAND,HWY,10,East,FERNDALE,CL,CONSTITUTION HILL,13.0,No,Not a school zone,X-intersection,-33.796177,150.978234,Parramatta,Sydney metro. area,Syd-Newc-Woll Gtr conurbation,Straight,,,,Off,Sealed,Dry,Fine,Dawn,On,No traffic controls,70 km/h,State,35,Lane change left,307,Same - Lane change left,,Other angle,Light truck utility(from 2018),Car (sedan/hatch),2,0,0,0,1,11,November,Spring,Friday,04:00 - 05:59,Late night / early morning,False,False,True,True
1371650,Injury,Minor/Other Injury,2024,2024,November,Friday,08:00 - 09:59,MILITARY,RD,0,Right on the spot,NUMBER 119,HN,GUILDFORD,,No,Not a school zone,2-way undivided,-33.85347,150.984796,Cumberland,Sydney metro. area,Syd-Newc-Woll Gtr conurbation,Straight,Driveway/entrance,,,Nil,Sealed,Dry,Fine,Daylight,Nil,No traffic controls,50 km/h,Local,47,Emerging from drive,406,Manov - Emerging from driveway,,Right angle,Car (sedan/hatch),Pedal cycle,2,0,0,0,1,11,November,Spring,Friday,08:00 - 09:59,AM peak / school commute,True,False,True,True
1371651,Injury,Moderate Injury,2024,2024,November,Friday,12:00 - 13:59,STATION,ST,0,Right on the spot,TURTON,RD,WARATAH,326.0,No,Not a school zone,X-intersection,-32.902931,151.728715,Newcastle,Newcastle met. area,Syd-Newc-Woll Gtr conurbation,Curved,,,,Off,Sealed,Dry,Fine,Daylight,On,No traffic controls,60 km/h,State,10,Cross traffic,101,Adj - Cross traffic,,Right angle,Station wagon,Car (sedan/hatch),2,0,0,1,0,11,November,Spring,Friday,12:00 - 13:59,Midday / afternoon,False,False,True,True
1371652,Injury,Serious Injury,2024,2024,October,Saturday,18:00 - 19:59,THE HORSLEY,DR,0,Right on the spot,CARRAMAR INTERNATIONAL SHOOPPING VILLAGE,ENT,CARRAMAR,609.0,Yes,No,2-way undivided,-33.885356,150.967632,Fairfield,Sydney metro. area,Syd-Newc-Woll Gtr conurbation,Straight,,,,Nil,Sealed,Dry,Fine,Dusk,Nil,No traffic controls,60 km/h,State,0,Ped nearside,1,Ped - Near side,,Vehicle - Pedestrian,4 wheel drive / SUV,Pedestrian,2,0,1,0,0,10,October,Spring,Saturday,18:00 - 19:59,PM peak / evening commute,True,False,True,True
1371655,Injury,Serious Injury,2024,2024,November,Saturday,22:00 - Midnight,BENTINCK,ST,0,Right on the spot,NUMBER 43,HN,BALLINA,,No,Not a school zone,2-way undivided,-28.86539,153.566077,Ballina,Country urban,Rest of NSW - Urban,Straight,,,,On,Sealed,Dry,Fine,Darkness,Nil,No traffic controls,50 km/h,Local,71,Off rd left => obj,703,Left off cway into object,,Other angle,Motor scooter,Car (sedan/hatch),2,0,1,0,0,11,November,Spring,Saturday,22:00 - Midnight,Evening / night,False,False,True,True
1371660,Injury,Moderate Injury,2024,2024,December,Tuesday,08:00 - 09:59,MURRINGO,RD,5000,West,CAMPBELLFIELDS,RD,MURRINGO,241.0,No,Not a school zone,2-way undivided,-34.368948,148.586181,Hilltops,Country non-urban,Rest of NSW - Rural,Straight,,,,Nil,Sealed,Dry,Fine,Daylight,Nil,No traffic controls,100 km/h,Regional,70,Off road to left,701,Off carriageway to left,,Rollover,Unknown type,,1,0,0,1,0,12,December,Summer,Tuesday,08:00 - 09:59,AM peak / school commute,True,False,True,True
1371671,Injury,Serious Injury,2024,2024,November,Friday,06:00 - 07:59,OLYMPIC,DR,20,North,CHURCH,ST,LIDCOMBE,190.0,No,Not a school zone,Divided road,-33.861383,151.04222,Cumberland,Sydney metro. area,Syd-Newc-Woll Gtr conurbation,Straight,Steep grade,,,Off,Sealed,Dry,Fine,Dawn,Nil,No traffic controls,70 km/h,State,30,Rear end,301,Same - Rear end,,Rear end,Car (sedan/hatch),4 wheel drive / SUV,2,0,1,0,1,11,November,Spring,Friday,06:00 - 07:59,AM peak / school commute,True,False,True,True
1371674,Injury,Serious Injury,2024,2024,November,Friday,16:00 - 17:59,M7 WESTLINK,EXP,100,North,WALLGROVE ROAD,TO,EASTERN CREEK,6009.0,No,Not a school zone,Dual freeway,-33.80438,150.852842,Blacktown,Sydney metro. area,Syd-Newc-Woll Gtr conurbation,Straight,,Roadwks/Detour/Diverson,,Nil,Sealed,Dry,Fine,Daylight,Nil,No traffic controls,80 km/h,State,30,Rear end,301,Same - Rear end,,Rear end,Light truck utility(from 2018),Car (sedan/hatch),2,0,1,0,0,11,November,Spring,Friday,16:00 - 17:59,PM peak / evening commute,True,False,True,True
1371675,Injury,Serious Injury,2024,2024,November,Saturday,08:00 - 09:59,CASTLEREAGH,HWY,35000,North,WALGETT,TN,WALGETT,18.0,No,Not a school zone,2-way undivided,-29.728972,148.112518,Walgett,Country non-urban,Rest of NSW - Rural,Straight,,,,Nil,Sealed,Wet,Raining,Daylight,Nil,No traffic controls,110 km/h,State,70,Off road to left,701,Off carriageway to left,,Rollover,Large rigid,,1,0,1,1,0,11,November,Spring,Saturday,08:00 - 09:59,AM peak / school commute,True,False,True,True
1371676,Injury,Serious Injury,2024,2024,August,Friday,16:00 - 17:59,WOY WOY,RD,210,North,WATTLE,CRES,WOY WOY,7751.0,No,Not a school zone,2-way undivided,-33.484594,151.304895,Central Coast,Country urban,Syd-Newc-Woll Gtr conurbation,Curved,Steep grade,,Loose gravel shoulder,Off,Sealed,Dry,Fine,Daylight,Nil,No traffic controls,60 km/h,Regional,80,Off left/right bend,801,Off cway right bend,Left,Rollover,Motorcycle,,1,0,1,0,0,8,August,Winter,Friday,16:00 - 17:59,PM peak / evening commute,True,False,True,True
1371679,Injury,Moderate Injury,2024,2024,December,Friday,16:00 - 17:59,MARSH,ST,0,Right on the spot,FLORA,ST,ARNCLIFFE,168.0,No,Not a school zone,T-junction,-33.936055,151.155321,Bayside,Sydney metro. area,Syd-Newc-Woll Gtr conurbation,Straight,,Roadwks/Detour/Diverson,,Off,Sealed,Dry,Fine,Daylight,On,Left turn only,60 km/h,State,10,Cross traffic,101,Adj - Cross traffic,,Right angle,Light truck utility(from 2018),Light truck utility(from 2018),2,0,0,1,0,12,December,Summer,Friday,16:00 - 17:59,PM peak / evening commute,True,False,True,True
1371680,Injury,Minor/Other Injury,2024,2024,December,Wednesday,12:00 - 13:59,NEW MCLEAN,ST,60,South,NEW SOUTH HEAD,RD,EDGECLIFF,,No,Not a school zone,2-way undivided,-33.879182,151.23498,Woollahra,Sydney metro. area,Syd-Newc-Woll Gtr conurbation,Straight,,,,Off,Sealed,Dry,Fine,Daylight,Nil,No traffic controls,50 km/h,Local,30,Rear end,301,Same - Rear end,,Rear end,Car (sedan/hatch),4 wheel drive / SUV,2,0,0,0,1,12,December,Summer,Wednesday,12:00 - 13:59,Midday / afternoon,False,False,True,True
1371683,Injury,Moderate Injury,2024,2024,October,Saturday,10:00 - 11:59,WOODVILLE,RD,100,North,KIRRANG,AVE,VILLAWOOD,640.0,No,Not a school zone,Divided road,-33.885217,150.975559,Fairfield,Sydney metro. area,Syd-Newc-Woll Gtr conurbation,Straight,,,,Off,Sealed,Dry,Fine,Daylight,Nil,No traffic controls,60 km/h,State,30,Rear end,301,Same - Rear end,,Rear end,Motorcycle,4 wheel drive / SUV,2,0,0,1,0,10,October,Spring,Saturday,10:00 - 11:59,Midday / afternoon,False,False,True,True
1371688,Injury,Serious Injury,2024,2024,October,Saturday,18:00 - 19:59,HENRY,ST,0,Right on the spot,NUMBER 44,HN,GUILDFORD,,No,Not a school zone,2-way undivided,-33.860714,150.988226,Cumberland,Sydney metro. area,Syd-Newc-Woll Gtr conurbation,Straight,,,,Nil,Sealed,Dry,Fine,Daylight,Nil,No traffic controls,50 km/h,Local,0,Ped nearside,1,Ped - Near side,,Vehicle - Pedestrian,Light truck utility(from 2018),Pedestrian,2,0,1,0,0,10,October,Spring,Saturday,18:00 - 19:59,PM peak / evening commute,True,False,True,True
1371689,Injury,Moderate Injury,2024,2024,November,Saturday,14:00 - 15:59,RANGE,RD,100,South,TAMBAN,RD,COLLOMBATTI,,No,Not a school zone,2-way undivided,-30.904578,152.852795,Kempsey,Country non-urban,Rest of NSW - Rural,Curved,,,,Nil,Sealed,Dry,Fine,Daylight,Nil,No traffic controls,100 km/h,Local,20,Head on,201,Opp - Head on,,Head-on,Light truck utility(from 2018),Motorcycle,2,0,0,1,0,11,November,Spring,Saturday,14:00 - 15:59,Midday / afternoon,False,False,True,True
1371691,Injury,Minor/Other Injury,2024,2024,December,Wednesday,08:00 - 09:59,THE HORSLEY,DR,0,Right on the spot,ROSSETTI,ST,WETHERILL PARK,2105.0,No,Not a school zone,T-junction,-33.850232,150.909148,Fairfield,Sydney metro. area,Syd-Newc-Woll Gtr conurbation,Straight,,,,Off,Sealed,Dry,Fine,Daylight,On,No traffic controls,60 km/h,Regional,30,Rear end,301,Same - Rear end,,Rear end,Light truck utility(from 2018),Light truck utility(from 2018),2,0,0,0,1,12,December,Summer,Wednesday,08:00 - 09:59,AM peak / school commute,True,False,True,True
1371692,Injury,Minor/Other Injury,2024,2024,December,Tuesday,10:00 - 11:59,ZARA,RD,1730,West,ASTRON,RD,ZARA,,No,Not a school zone,2-way undivided,-28.318255,153.246968,Tweed,Country urban,Rest of NSW - Urban,Curved,,,,Nil,Sealed,Dry,Fine,Daylight,Nil,No traffic controls,80 km/h,Local,81,Off left/rt bnd=>obj,803,Off right bend into obj,Left,Vehicle - Object,4 wheel drive / SUV,,1,0,0,0,1,12,December,Summer,Tuesday,10:00 - 11:59,Midday / afternoon,False,False,True,True
1371697,Injury,Minor/Other Injury,2024,2024,December,Saturday,22:00 - Midnight,DARBYS FALLS,RD,0,Right on the spot,TARRANTS GAP,RD,WYANGALA,576.0,No,Not a school zone,T-junction,-33.9916,148.925563,Hilltops,Country non-urban,Rest of NSW - Rural,Curved,,,,Nil,Sealed,Dry,Fine,Darkness,Nil,No traffic controls,100 km/h,Regional,88,Out of cont on bend,805,Out of control on bend,,Rollover,Light truck utility(from 2018),,1,0,0,0,1,12,December,Summer,Saturday,22:00 - Midnight,Evening / night,False,False,True,True
1371698,Injury,Moderate Injury,2024,2024,December,Friday,10:00 - 11:59,O'RIORDAN,ST,10,South,COLLINS,ST,ALEXANDRIA,658.0,No,Not a school zone,X-intersection,-33.911627,151.197508,Sydney,Sydney metro. area,Syd-Newc-Woll Gtr conurbation,Straight,,,,Nil,Sealed,Dry,Fine,Daylight,On,Ped crossing,50 km/h,State,0,Ped nearside,1,Ped - Near side,,Vehicle - Pedestrian,Car (sedan/hatch),Pedestrian,2,0,0,1,0,12,December,Summer,Friday,10:00 - 11:59,Midday / afternoon,False,False,True,True
1371712,Injury,Serious Injury,2024,2024,November,Friday,22:00 - Midnight,MIDDLE,RD,150,North,SANCTUARY,RD,PAXTON,,No,Not a school zone,2-way undivided,-32.906018,151.286046,Cessnock,Country urban,Rest of NSW - Urban,Curved,,,,Off,Sealed,Dry,Fine,Darkness,Nil,No traffic controls,50 km/h,Local,81,Off left/rt bnd=>obj,803,Off right bend into obj,Left,Vehicle - Object,Motorcycle,,1,0,1,0,0,11,November,Spring,Friday,22:00 - Midnight,Evening / night,False,False,True,True
1371713,Injury,Serious Injury,2024,2024,November,Monday,14:00 - 15:59,CANTERBURY,RD,0,Right on the spot,CULLENS,RD,PUNCHBOWL,167.0,No,Not a school zone,X-intersection,-33.932472,151.049446,Canterbury-Bankstown,Sydney metro. area,Syd-Newc-Woll Gtr conurbation,Straight,,,,Off,Sealed,Dry,Fine,Daylight,On,No traffic controls,60 km/h,State,10,Cross traffic,101,Adj - Cross traffic,,Right angle,Car (sedan/hatch),Car (sedan/hatch),2,0,2,0,0,11,November,Spring,Monday,14:00 - 15:59,Midday / afternoon,False,False,True,True
1371718,Injury,Moderate Injury,2024,2024,December,Monday,12:00 - 13:59,ALFRED,ST,0,Right on the spot,KAROOLA ST,ST,NARRAWEENA,,No,Not a school zone,T-junction,-33.74541,151.276695,Northern Beaches,Sydney metro. area,Syd-Newc-Woll Gtr conurbation,Straight,,,,Nil,Sealed,Dry,Fine,Daylight,Nil,Give way sign,50 km/h,Local,71,Off rd left => obj,703,Left off cway into object,,Vehicle - Object,Car (sedan/hatch),,1,0,0,1,0,12,December,Summer,Monday,12:00 - 13:59,Midday / afternoon,False,False,True,True
1371720,Injury,Moderate Injury,2024,2024,November,Sunday,12:00 - 13:59,BARNEY,ST,0,Right on the spot,MARSH,ST,ARMIDALE,76.0,No,Not a school zone,X-intersection,-30.517399,151.667802,Armidale Regional,Country urban,Rest of NSW - Urban,Straight,,,,Off,Sealed,Dry,Fine,Daylight,On,No traffic controls,50 km/h,State,21,Right through,202,Opp - Right-thru,,Other angle,Car (sedan/hatch),Car (sedan/hatch),2,0,0,1,0,11,November,Spring,Sunday,12:00 - 13:59,Midday / afternoon,False,False,True,True
1371723,Injury,Moderate Injury,2024,2024,November,Friday,20:00 - 21:59,ASH,ST,0,Right on the spot,PINE TREE,LANE,TERRIGAL,,No,Not a school zone,Roundabout,-33.449193,151.446164,Central Coast,Country urban,Syd-Newc-Woll Gtr conurbation,Straight,,,,On,Sealed,Wet,Raining,Darkness,Nil,Give way sign,40 km/h,Local,74,On road-out of cont.,705,Out of control on cway,,Rollover,Motorcycle,,1,0,0,1,0,11,November,Spring,Friday,20:00 - 21:59,Evening / night,False,False,True,True
1371728,Injury,Moderate Injury,2024,2024,November,Friday,12:00 - 13:59,THE ESCORT,WAY,1000,East,PARKES EUGOWRA,RD,EUGOWRA,377.0,No,Not a school zone,2-way undivided,-33.417205,148.325994,Forbes,Country non-urban,Rest of NSW - Rural,Straight,,,,Nil,Sealed,Dry,Fine,Daylight,Nil,No traffic controls,100 km/h,State,71,Off rd left => obj,703,Left off cway into object,,Vehicle - Object,Car (sedan/hatch),,1,0,0,1,0,11,November,Spring,Friday,12:00 - 13:59,Midday / afternoon,False,False,True,True
1371729,Injury,Serious Injury,2024,2024,November,Friday,12:00 - 13:59,MARCH,ST,0,Right on the spot,WEST MARKET,ST,RICHMOND,184.0,No,Not a school zone,X-intersection,-33.598046,150.749448,Hawkesbury,Country urban,Syd-Newc-Woll Gtr conurbation,Straight,,,,Nil,Sealed,Dry,Fine,Daylight,Nil,Stop sign,60 km/h,State,10,Cross traffic,101,Adj - Cross traffic,,Right angle,Large rigid,4 wheel drive / SUV,3,0,1,0,0,11,November,Spring,Friday,12:00 - 13:59,Midday / afternoon,False,False,True,True
1371733,Injury,Moderate Injury,2024,2024,December,Thursday,00:01 - 01:59,GWYDIR,HWY,2000,West,ILPARRAN,RD,MATHESON,12.0,No,Not a school zone,2-way undivided,-29.753859,151.553729,Glen Innes Severn,Country non-urban,Rest of NSW - Rural,Straight,Ditch/drain/culvert,,,Nil,Sealed,Dry,Fine,Darkness,Nil,No traffic controls,100 km/h,State,70,Off road to left,701,Off carriageway to left,,Rollover,Light truck utility(from 2018),,1,0,0,1,0,12,December,Summer,Thursday,00:01 - 01:59,Late night / early morning,False,False,True,True
1371736,Injury,Moderate Injury,2024,2024,October,Sunday,12:00 - 13:59,NEWCASTLE,EXP,400,North,ALISON ROAD,OP,WYONG,6003.0,No,Not a school zone,Dual freeway,-33.272191,151.405576,Central Coast,Country non-urban,Syd-Newc-Woll Gtr conurbation,Straight,,Previous crash,,Nil,Sealed,Dry,Fine,Daylight,Nil,No traffic controls,110 km/h,State,30,Rear end,301,Same - Rear end,,Rear end,Large rigid,Station wagon,2,0,0,1,0,10,October,Spring,Sunday,12:00 - 13:59,Midday / afternoon,False,False,True,True
1371741,Injury,Serious Injury,2024,2024,November,Monday,16:00 - 17:59,MAITLAND,RD,0,Right on the spot,HUBBARD,ST,ISLINGTON,464.0,No,Not a school zone,T-junction,-32.910976,151.745899,Newcastle,Newcastle met. area,Syd-Newc-Woll Gtr conurbation,Straight,,,,Off,Sealed,Dry,Fine,Daylight,On,No traffic controls,60 km/h,Regional,21,Right through,202,Opp - Right-thru,,Other angle,Car (sedan/hatch),Station wagon,2,0,1,0,0,11,November,Spring,Monday,16:00 - 17:59,PM peak / evening commute,True,False,True,True
1371742,Injury,Serious Injury,2024,2024,October,Sunday,14:00 - 15:59,RABY,RD,0,Right on the spot,HUME,HWY,EAGLE VALE,7194.0,No,Not a school zone,Roundabout,-34.029795,150.822718,Campbelltown,Sydney metro. area,Syd-Newc-Woll Gtr conurbation,Curved,,,,Nil,Sealed,Dry,Fine,Daylight,Nil,Give way sign,60 km/h,Regional,30,Rear end,301,Same - Rear end,,Rear end,Light truck utility(from 2018),Car (sedan/hatch),2,0,1,0,0,10,October,Spring,Sunday,14:00 - 15:59,Midday / afternoon,False,False,True,True
1371744,Injury,Serious Injury,2024,2024,November,Wednesday,16:00 - 17:59,BIRRILEY,ST,0,Right on the spot,BRINAWARR,ST,BOMADERRY,,No,Not a school zone,X-intersection,-34.849622,150.605011,Shoalhaven,Country urban,Rest of NSW - Urban,Straight,Steep grade,,,Off,Sealed,Dry,Fine,Daylight,Nil,Stop sign,50 km/h,Local,10,Cross traffic,101,Adj - Cross traffic,,Right angle,4 wheel drive / SUV,Car (sedan/hatch),2,0,1,0,0,11,November,Spring,Wednesday,16:00 - 17:59,PM peak / evening commute,True,False,True,True
1371746,Injury,Minor/Other Injury,2024,2024,October,Monday,16:00 - 17:59,DESBOROUGH,RD,20,East,BARR,ST,COLYTON,,No,Not a school zone,2-way undivided,-33.783356,150.796624,Penrith,Sydney metro. area,Syd-Newc-Woll Gtr conurbation,Straight,,,,Off,Sealed,Dry,Fine,Daylight,Nil,No traffic controls,50 km/h,Local,73,Off rd rght => obj,704,Right off cway into obj,,Other angle,Light truck utility(from 2018),Light truck utility(from 2018),3,0,0,0,1,10,October,Spring,Monday,16:00 - 17:59,PM peak / evening commute,True,False,True,True
1371748,Injury,Moderate Injury,2024,2024,November,Wednesday,06:00 - 07:59,VICTORIA,RD,0,Right on the spot,NUMBER 168,HN,MARRICKVILLE,2021.0,No,Not a school zone,2-way undivided,-33.908258,151.163383,Inner West,Sydney metro. area,Syd-Newc-Woll Gtr conurbation,Straight,Driveway/entrance,,,Unknown / not stated,Sealed,Unknown,Unknown,Daylight,Nil,No traffic controls,60 km/h,Regional,47,Emerging from drive,406,Manov - Emerging from driveway,,Right angle,4 wheel drive / SUV,Pedal cycle,2,0,0,1,0,11,November,Spring,Wednesday,06:00 - 07:59,AM peak / school commute,True,False,True,True
1371752,Injury,Serious Injury,2024,2024,December,Wednesday,18:00 - 19:59,SENNAR,RD,0,Right on the spot,SWALLOW,DR,ERSKINE PARK,,No,Not a school zone,T-junction,-33.805806,150.808003,Penrith,Sydney metro. area,Syd-Newc-Woll Gtr conurbation,Curved,,,,On,Sealed,Dry,Fine,Dusk,Nil,No traffic controls,50 km/h,Local,13,Right near,104,Adj - Right-thru from right,,Right angle,Car (sedan/hatch),Car (sedan/hatch),2,0,1,0,0,12,December,Summer,Wednesday,18:00 - 19:59,PM peak / evening commute,True,False,True,True
1371754,Injury,Minor/Other Injury,2024,2024,October,Tuesday,10:00 - 11:59,PITTWATER,RD,0,Right on the spot,NUMBER 1545,HN,NORTH NARRABEEN,164.0,Yes,No,Divided road,-33.699741,151.299986,Northern Beaches,Sydney metro. area,Syd-Newc-Woll Gtr conurbation,Straight,,,,Off,Sealed,Dry,Fine,Daylight,Nil,No traffic controls,70 km/h,State,2,Ped far side,3,Ped - Far side,,Vehicle - Pedestrian,Unknown motor vehicle,Pedestrian,2,0,0,0,1,10,October,Spring,Tuesday,10:00 - 11:59,Midday / afternoon,False,False,True,True
1371760,Injury,Moderate Injury,2024,2024,December,Saturday,16:00 - 17:59,FREEMANS,DR,400,East,CRAWFORD,RD,COORANBONG,,No,Not a school zone,2-way undivided,-33.093646,151.465554,Lake Macquarie,Newcastle met. area,Syd-Newc-Woll Gtr conurbation,Straight,Steep grade,,,Off,Sealed,Dry,Fine,Daylight,Nil,No traffic controls,60 km/h,Local,71,Off rd left => obj,703,Left off cway into object,,Other angle,4 wheel drive / SUV,Caravan,3,0,0,1,0,12,December,Summer,Saturday,16:00 - 17:59,PM peak / evening commute,True,False,True,True
1371763,Injury,Serious Injury,2024,2024,December,Friday,00:01 - 01:59,SAMARAI,RD,100,East,LUXFORD,RD,WHALAN,,No,Not a school zone,2-way undivided,-33.759558,150.810413,Blacktown,Sydney metro. area,Syd-Newc-Woll Gtr conurbation,Straight,,,,On,Sealed,Dry,Fine,Darkness,Nil,No traffic controls,50 km/h,Local,60,Parked,601,On path - Parked,,Other angle,4 wheel drive / SUV,Car (sedan/hatch),3,0,1,0,0,12,December,Summer,Friday,00:01 - 01:59,Late night / early morning,False,False,True,True
1371768,Injury,Serious Injury,2024,2024,October,Wednesday,08:00 - 09:59,MT DARRAGH,RD,10000,West,NEW BUILDINGS,RD,MOUNT DARRAGH,,No,Not a school zone,2-way undivided,-36.86873,149.600729,Bega Valley,Country urban,Rest of NSW - Urban,Curved,Painted double centre lines,,Slippery surface,Nil,Sealed,Dry,Overcast,Daylight,Nil,No traffic controls,60 km/h,Local,20,Head on,201,Opp - Head on,,Head-on,Motorcycle,Car (sedan/hatch),2,0,1,0,0,10,October,Spring,Wednesday,08:00 - 09:59,AM peak / school commute,True,False,True,True
1371772,Injury,Moderate Injury,2024,2024,October,Friday,06:00 - 07:59,MONARO,HWY,2500,North,HIGH LAKE,RD,BOMBALA,19.0,No,Not a school zone,2-way undivided,-36.849023,149.276763,Snowy Monaro Regional,Country non-urban,Rest of NSW - Rural,Curved,Embankment/cutting,,,Nil,Sealed,Wet,Raining,Dawn,Nil,No traffic controls,100 km/h,State,83,Off rt/rt bnd=>obj,803,Off right bend into obj,Right,Vehicle - Object,Car (sedan/hatch),,1,0,0,2,0,10,October,Spring,Friday,06:00 - 07:59,AM peak / school commute,True,False,True,True
1371780,Injury,Moderate Injury,2024,2024,November,Monday,00:01 - 01:59,WILLIAM,ST,24,North,FREDERICK,ST,NORTH WAGGA WAGGA,,No,Not a school zone,2-way undivided,-35.094018,147.376271,Wagga Wagga,Country urban,Rest of NSW - Urban,Straight,,,,On,Sealed,Dry,Fine,Darkness,Nil,No traffic controls,50 km/h,Local,71,Off rd left => obj,703,Left off cway into object,,Other angle,4 wheel drive / SUV,4 wheel drive / SUV,3,0,0,1,0,11,November,Spring,Monday,00:01 - 01:59,Late night / early morning,False,False,True,True
1371785,Injury,Minor/Other Injury,2024,2024,December,Tuesday,12:00 - 13:59,URANA,RD,410,North,DAYSDALE,RD,WALBUNDRIE,125.0,No,Not a school zone,2-way undivided,-35.698448,146.725737,Greater Hume,Country urban,Rest of NSW - Urban,Straight,,,,Off,Sealed,Dry,Fine,Daylight,Nil,No traffic controls,50 km/h,Regional,30,Rear end,301,Same - Rear end,,Rear end,Motorcycle,Motorcycle,2,0,0,0,1,12,December,Summer,Tuesday,12:00 - 13:59,Midday / afternoon,False,False,True,True
1371787,Injury,Moderate Injury,2024,2024,December,Saturday,20:00 - 21:59,MACPHERSON,ST,0,Right on the spot,EVANS,ST,BRONTE,7332.0,No,Not a school zone,T-junction,-33.905812,151.260858,Waverley,Sydney metro. area,Syd-Newc-Woll Gtr conurbation,Curved,,,,On,Sealed,Dry,Fine,Darkness,Nil,No traffic controls,50 km/h,Regional,87,Off lft/lft bnd=>obj,804,Off left bend into obj,Left,Vehicle - Object,4 wheel drive / SUV,,1,0,0,1,0,12,December,Summer,Saturday,20:00 - 21:59,Evening / night,False,False,True,True
1371789,Injury,Moderate Injury,2024,2024,September,Friday,10:00 - 11:59,BYRON,ST,10,East,JONSON,ST,BYRON BAY,,No,Not a school zone,T-junction,-28.643456,153.6123,Byron,Country urban,Rest of NSW - Urban,Straight,,,,Off,Sealed,Dry,Fine,Daylight,Nil,No traffic controls,50 km/h,Local,0,Ped nearside,1,Ped - Near side,,Vehicle - Pedestrian,Unknown motor vehicle,Pedestrian,2,0,0,1,0,9,September,Spring,Friday,10:00 - 11:59,Midday / afternoon,False,False,True,True
1371793,Injury,Serious Injury,2024,2024,October,Wednesday,08:00 - 09:59,FAIRFORD,RD,0,Right on the spot,SOUTH WESTERN,EXP,PADSTOW,190.0,No,Not a school zone,T-junction,-33.940328,151.035559,Canterbury-Bankstown,Sydney metro. area,Syd-Newc-Woll Gtr conurbation,Straight,Other bridge,,,Off,Sealed,Dry,Fine,Daylight,On,No traffic controls,70 km/h,State,36,Right turn sideswipe,308,Same - Rgt turn side swipe,,Other angle,Motorcycle,Motorcycle,2,0,1,1,0,10,October,Spring,Wednesday,08:00 - 09:59,AM peak / school commute,True,False,True,True
1371796,Injury,Serious Injury,2024,2024,November,Saturday,10:00 - 11:59,BELLEVUE,RD,0,Right on the spot,VICTORIA,RD,BELLEVUE HILL,,Yes,No,T-junction,-33.887033,151.258935,Woollahra,Sydney metro. area,Syd-Newc-Woll Gtr conurbation,Curved,,,,Nil,Sealed,Wet,Raining,Daylight,On,Ped crossing,50 km/h,Local,30,Rear end,301,Same - Rear end,,Rear end,4 wheel drive / SUV,Car (sedan/hatch),3,0,1,0,0,11,November,Spring,Saturday,10:00 - 11:59,Midday / afternoon,False,False,True,True
1371797,Injury,Serious Injury,2024,2024,December,Thursday,22:00 - Midnight,CRESCENT HEAD,RD,0,Right on the spot,BERANGHI,RD,CRESCENT HEAD,7737.0,No,Not a school zone,T-junction,-31.149662,152.910192,Kempsey,Country non-urban,Rest of NSW - Rural,Curved,,,,Nil,Sealed,Dry,Fine,Darkness,Nil,No traffic controls,100 km/h,Regional,81,Off left/rt bnd=>obj,803,Off right bend into obj,Left,Vehicle - Object,4 wheel drive / SUV,,1,0,1,0,0,12,December,Summer,Thursday,22:00 - Midnight,Evening / night,False,False,True,True
1371801,Injury,Minor/Other Injury,2024,2024,November,Friday,14:00 - 15:59,SILVER CITY,HWY,0,Right on the spot,ABBORTSFORD,BDGE,CURLWAA,22.0,No,Not a school zone,2-way undivided,-34.113557,141.988987,Wentworth,Country urban,Rest of NSW - Urban,Curved,Narrow/1-lane bridge,Police pursuit,,Nil,Sealed,Dry,Fine,Daylight,On,Stop sign,60 km/h,State,20,Head on,201,Opp - Head on,,Head-on,4 wheel drive / SUV,Car (sedan/hatch),2,0,0,0,1,11,November,Spring,Friday,14:00 - 15:59,Midday / afternoon,False,False,True,True