crash_id,degree_of_crash,degree_of_crash_-_detailed,reporting_year,year_of_crash,month_of_crash,day_of_week_of_crash,two-hour_intervals,street_of_crash,street_type,distance,direction,identifying_feature,identifying_feature_type,town,route_no.,school_zone_location,school_zone_active,type_of_location,latitude,longitude,lga,urbanisation,conurbation_1,alignment,primary_permanent_feature,primary_temporary_feature,primary_hazardous_feature,street_lighting,road_surface,surface_condition,weather,natural_lighting,signals_operation,other_traffic_control,speed_limit,road_classification_(admin),rum_-_code,rum_-_description,dca_-_code,dca_-_description,dca_supplement,first_impact_type,key_tu_type,other_tu_type,no._of_traffic_units_involved,no._killed,no._seriously_injured,no._moderately_injured,no._minor-other_injured,month_num,month_label,season,day_label,time_label,time_band,is_peak_commute,is_fatal,is_injury,is_casualty
1371816,Injury,Moderate Injury,2024,2024,October,Thursday,06:00 - 07:59,MITCHELL,HWY,0,Right on the spot,CASHENS,LANE,VITTORIA,7.0,No,Not a school zone,T-junction,-33.421852,149.300079,Bathurst Regional,Country non-urban,Rest of NSW - Rural,Curved,Steep grade,,,Nil,Sealed,Dry,Fog or mist,Daylight,Nil,Give way sign,100 km/h,State,13,Right near,104,Adj - Right-thru from right,,Right angle,Car (sedan/hatch),Light truck utility(from 2018),2,0,0,2,0,10,October,Spring,Thursday,06:00 - 07:59,AM peak / school commute,True,False,True,True
1371820,Injury,Moderate Injury,2024,2024,November,Friday,08:00 - 09:59,RICHMOND,RD,0,Right on the spot,NOEL,ST,MARAYONG,643.0,No,Not a school zone,T-junction,-33.760482,150.898016,Blacktown,Sydney metro. area,Syd-Newc-Woll Gtr conurbation,Straight,Foot/cycle path/nature strip,,,Off,Sealed,Dry,Fine,Daylight,Nil,No traffic controls,60 km/h,State,0,Ped nearside,1,Ped - Near side,,Vehicle - Pedestrian,Car (sedan/hatch),Pedestrian,2,0,0,1,0,11,November,Spring,Friday,08:00 - 09:59,AM peak / school commute,True,False,True,True
1371821,Injury,Serious Injury,2024,2024,December,Tuesday,14:00 - 15:59,ENTERPRISE,DR,500,South,OLD CHITTAWAY,RD,FOUNTAINDALE,7758.0,No,Not a school zone,2-way undivided,-33.345961,151.383396,Central Coast,Country urban,Syd-Newc-Woll Gtr conurbation,Curved,Painted double centre lines,,,Nil,Sealed,Dry,Fine,Daylight,Nil,No traffic controls,60 km/h,Regional,85,Off rt/lft bnd=>obj,804,Off left bend into obj,Right,Vehicle - Object,4 wheel drive / SUV,,1,0,1,1,0,12,December,Summer,Tuesday,14:00 - 15:59,Midday / afternoon,False,False,True,True
1371824,Injury,Serious Injury,2024,2024,September,Sunday,16:00 - 17:59,BRONTE,RD,30,North,ALLENS,PDE,BONDI JUNCTION,340.0,No,Not a school zone,2-way undivided,-33.894084,151.249783,Waverley,Sydney metro. area,Syd-Newc-Woll Gtr conurbation,Straight,,,,Nil,Sealed,Dry,Fine,Daylight,Nil,No traffic controls,50 km/h,Regional,63,Vehicle door,604,On path - Vehicle door,,Other angle,Pedal cycle,Unknown motor vehicle,2,0,1,0,0,9,September,Spring,Sunday,16:00 - 17:59,PM peak / evening commute,True,False,True,True
1371829,Injury,Serious Injury,2024,2024,October,Tuesday,16:00 - 17:59,ELIZABETH BAY,DR,50,East,PACIFIC,HWY,LAKE MUNMORAH,7759.0,No,Not a school zone,Divided road,-33.190537,151.577715,Central Coast,Country urban,Syd-Newc-Woll Gtr conurbation,Straight,Steep grade,,,Nil,Sealed,Dry,Fine,Daylight,Nil,No traffic controls,50 km/h,Regional,20,Head on,201,Opp - Head on,,Head-on,Passenger van,Light truck utility(from 2018),3,0,1,0,0,10,October,Spring,Tuesday,16:00 - 17:59,PM peak / evening commute,True,False,True,True
1371831,Injury,Serious Injury,2024,2024,November,Monday,06:00 - 07:59,BRAIDWOOD,RD,200,East,GRETAS,RD,SASSAFRAS,92.0,No,Not a school zone,2-way undivided,-35.08047,150.223699,Shoalhaven,Country urban,Rest of NSW - Urban,Curved,,,,Nil,Sealed,Dry,Fine,Daylight,Nil,No traffic controls,80 km/h,Regional,67,Struck animal,609,On path - Hit animal,,Vehicle - Animal,Motorcycle,,1,0,1,0,0,11,November,Spring,Monday,06:00 - 07:59,AM peak / school commute,True,False,True,True
1371839,Injury,Serious Injury,2024,2024,September,Wednesday,08:00 - 09:59,BALACLAVA,RD,100,North,KOORONG,ST,MARSFIELD,2024.0,No,Not a school zone,2-way undivided,-33.778424,151.10658,Ryde,Sydney metro. area,Syd-Newc-Woll Gtr conurbation,Straight,,,,Off,Unsealed,Dry,Fine,Daylight,Nil,No traffic controls,60 km/h,Regional,2,Ped far side,3,Ped - Far side,,Vehicle - Pedestrian,Car (sedan/hatch),Pedestrian,2,0,1,0,0,9,September,Spring,Wednesday,08:00 - 09:59,AM peak / school commute,True,False,True,True
1371841,Injury,Serious Injury,2024,2024,December,Tuesday,06:00 - 07:59,CUMBERLAND,HWY,0,Right on the spot,CARLINGFORD,RD,CARLINGFORD,13.0,No,Not a school zone,T-junction,-33.777714,151.051952,Parramatta,Sydney metro. area,Syd-Newc-Woll Gtr conurbation,Straight,Steep grade,,,Nil,Sealed,Dry,Fine,Daylight,On,No traffic controls,60 km/h,State,21,Right through,202,Opp - Right-thru,,Other angle,Motorcycle,Car (sedan/hatch),3,0,1,0,0,12,December,Summer,Tuesday,06:00 - 07:59,AM peak / school commute,True,False,True,True
1371843,Injury,Moderate Injury,2024,2024,December,Saturday,12:00 - 13:59,HEAD,ST,10,West,RESERVE,RD,FORSTER,692.0,No,Not a school zone,Roundabout,-32.179702,152.509433,Mid-Coast,Country urban,Rest of NSW - Urban,Curved,,,,Nil,Sealed,Dry,Fine,Daylight,Nil,Give way sign,50 km/h,State,87,Off lft/lft bnd=>obj,804,Off left bend into obj,Left,Vehicle - Object,Car (sedan/hatch),,1,0,0,1,0,12,December,Summer,Saturday,12:00 - 13:59,Midday / afternoon,False,False,True,True
1371845,Injury,Minor/Other Injury,2024,2024,September,Monday,16:00 - 17:59,HUME,HWY,2000,South,EAST STREET,OP,SOUTH ALBURY,2.0,No,Not a school zone,Divided road,-36.096636,146.918841,Albury,Country non-urban,Rest of NSW - Rural,Curved,,,,Nil,Sealed,Dry,Fine,Daylight,Nil,No traffic controls,110 km/h,State,81,Off left/rt bnd=>obj,803,Off right bend into obj,Left,Vehicle - Object,4 wheel drive / SUV,,1,0,0,0,1,9,September,Spring,Monday,16:00 - 17:59,PM peak / evening commute,True,False,True,True
1371851,Injury,Minor/Other Injury,2024,2024,November,Sunday,00:01 - 01:59,YANDA,ST,0,Right on the spot,WARREGO,ST,BOURKE,,No,Not a school zone,T-junction,-30.09032,145.928617,Bourke,Country urban,Rest of NSW - Urban,Straight,,,,On,Sealed,Dry,Fine,Darkness,Nil,Give way sign,50 km/h,Local,5,Ped walk against,6,Ped - Facing traffic,,Vehicle - Pedestrian,Motorcycle,Pedestrian,2,0,0,0,1,11,November,Spring,Sunday,00:01 - 01:59,Late night / early morning,False,False,True,True
1371852,Injury,Serious Injury,2024,2024,November,Monday,08:00 - 09:59,VICTORIA,RD,0,Right on the spot,CHAPEL,ST,MARRICKVILLE,2021.0,No,Not a school zone,X-intersection,-33.90685,151.164522,Inner West,Sydney metro. area,Syd-Newc-Woll Gtr conurbation,Straight,,,,Off,Sealed,Dry,Fine,Daylight,On,No traffic controls,60 km/h,Regional,21,Right through,202,Opp - Right-thru,,Other angle,Light truck utility(from 2018),Car (sedan/hatch),2,0,1,0,0,11,November,Spring,Monday,08:00 - 09:59,AM peak / school commute,True,False,True,True
1371856,Injury,Moderate Injury,2024,2024,November,Tuesday,14:00 - 15:59,NEWELL,HWY,100,North,GOSPERS,CK,ALECTOWN,17.0,No,Not a school zone,2-way undivided,-32.948485,148.233991,Parkes,Country non-urban,Rest of NSW - Rural,Straight,,,,Nil,Sealed,Dry,Fine,Daylight,Nil,No traffic controls,110 km/h,State,54,Cutting in,504,Ovtak - Cutting in,,Other angle,Light truck utility(from 2018),Light truck utility(from 2018),2,0,0,1,1,11,November,Spring,Tuesday,14:00 - 15:59,Midday / afternoon,False,False,True,True
1371857,Injury,Serious Injury,2024,2024,December,Wednesday,10:00 - 11:59,MOSS VALE,RD,2000,West,TIMELONG,RD,BARRENGARRY,261.0,No,Not a school zone,2-way undivided,-34.681749,150.508715,Shoalhaven,Country urban,Rest of NSW - Urban,Curved,Steep grade,,Other hazardous feature,Nil,Sealed,Dry,Fine,Daylight,Nil,No traffic controls,60 km/h,State,88,Out of cont on bend,805,Out of control on bend,,Rollover,Motorcycle,,1,0,1,0,0,12,December,Summer,Wednesday,10:00 - 11:59,Midday / afternoon,False,False,True,True
1371859,Injury,Moderate Injury,2024,2024,December,Sunday,12:00 - 13:59,GLENELG,ST,0,Right on the spot,STURGEON,ST,RAYMOND TERRACE,,No,Not a school zone,Roundabout,-32.764205,151.742045,Port Stephens,Country urban,Rest of NSW - Urban,Straight,,,,Off,Sealed,Dry,Fine,Daylight,Nil,Give way sign,40 km/h,Local,73,Off rd rght => obj,704,Right off cway into obj,,Vehicle - Object,Car (sedan/hatch),,1,0,0,1,0,12,December,Summer,Sunday,12:00 - 13:59,Midday / afternoon,False,False,True,True
1371861,Injury,Serious Injury,2024,2024,October,Thursday,18:00 - 19:59,LANE COVE,RD,290,South,TWIN,RD,RYDE,162.0,No,Not a school zone,Divided road,-33.800353,151.114398,Ryde,Sydney metro. area,Syd-Newc-Woll Gtr conurbation,Straight,Bus stop,,,Off,Sealed,Dry,Fine,Dusk,Nil,No traffic controls,70 km/h,State,0,Ped nearside,1,Ped - Near side,,Vehicle - Pedestrian,Motorcycle,Pedestrian,2,0,1,0,0,10,October,Spring,Thursday,18:00 - 19:59,PM peak / evening commute,True,False,True,True
1371862,Injury,Minor/Other Injury,2024,2024,October,Wednesday,18:00 - 19:59,OLD SOUTH HEAD,RD,0,Right on the spot,FARADAY,AVE,ROSE BAY,339.0,No,Not a school zone,T-junction,-33.876127,151.271886,Woollahra,Sydney metro. area,Syd-Newc-Woll Gtr conurbation,Straight,,,,Nil,Sealed,Dry,Fine,Daylight,Nil,Give way sign,50 km/h,State,0,Ped nearside,1,Ped - Near side,,Vehicle - Pedestrian,Car (sedan/hatch),Pedestrian,2,0,0,0,1,10,October,Spring,Wednesday,18:00 - 19:59,PM peak / evening commute,True,False,True,True
1371866,Injury,Serious Injury,2024,2024,September,Saturday,06:00 - 07:59,CENTRAL,AVE,60,North,FISHER,ST,OAK FLATS,,No,Not a school zone,Divided road,-34.563414,150.819088,Shellharbour,Wollongong met. area,Syd-Newc-Woll Gtr conurbation,Straight,,,,Off,Sealed,Dry,Fine,Daylight,Nil,No traffic controls,40 km/h,Local,42,Leaving parking,401,Manov - Leaving parking,,Other angle,4 wheel drive / SUV,Pedal cycle,2,0,1,0,0,9,September,Spring,Saturday,06:00 - 07:59,AM peak / school commute,True,False,True,True
1371868,Injury,Moderate Injury,2024,2024,November,Wednesday,20:00 - 21:59,NEWCASTLE,EXP,3000,North,OLD PACIFIC HIGHWAY,OP,BAR POINT,6003.0,No,Not a school zone,Dual freeway,-33.505064,151.189068,Central Coast,Country non-urban,Syd-Newc-Woll Gtr conurbation,Curved,Steep grade,,,Nil,Sealed,Dry,Fine,Darkness,Nil,No traffic controls,90 km/h,State,87,Off lft/lft bnd=>obj,804,Off left bend into obj,Left,Vehicle - Object,Light truck utility(from 2018),,1,0,0,1,0,11,November,Spring,Wednesday,20:00 - 21:59,Evening / night,False,False,True,True
1371871,Injury,Serious Injury,2024,2024,September,Thursday,06:00 - 07:59,PRINCES,HWY,300,South,WARRIGAL RANGE,RD,BROGO,1.0,No,Not a school zone,2-way undivided,-36.559089,149.822792,Bega Valley,Country urban,Rest of NSW - Urban,Curved,,,,Nil,Sealed,Wet,Overcast,Daylight,Nil,No traffic controls,80 km/h,State,85,Off rt/lft bnd=>obj,804,Off left bend into obj,Right,Vehicle - Object,Light truck utility(from 2018),,1,0,1,0,0,9,September,Spring,Thursday,06:00 - 07:59,AM peak / school commute,True,False,True,True
1371872,Injury,Serious Injury,2024,2024,October,Sunday,12:00 - 13:59,PITTWATER,RD,40,South,ARNOTT,CRES,WARRIEWOOD,164.0,No,Not a school zone,Divided road,-33.693857,151.30359,Northern Beaches,Sydney metro. area,Syd-Newc-Woll Gtr conurbation,Straight,Bus/transit lane,,,Off,Sealed,Dry,Fine,Daylight,Nil,No traffic controls,70 km/h,State,30,Rear end,301,Same - Rear end,,Rear end,Motorcycle,Motorcycle,2,0,1,1,0,10,October,Spring,Sunday,12:00 - 13:59,Midday / afternoon,False,False,True,True
1371873,Injury,Serious Injury,2024,2024,October,Tuesday,16:00 - 17:59,COWPER,ST,10,East,SURFSIDE,DR,PORT KEMBLA,,No,Not a school zone,T-junction,-34.490845,150.906861,Wollongong,Wollongong met. area,Syd-Newc-Woll Gtr conurbation,Curved,Steep grade,,,Nil,Sealed,Dry,Fine,Daylight,Nil,No traffic controls,50 km/h,Local,88,Out of cont on bend,805,Out of control on bend,,Rollover,Motorised push scooters,,1,0,1,0,0,10,October,Spring,Tuesday,16:00 - 17:59,PM peak / evening commute,True,False,True,True
1371875,Injury,Serious Injury,2024,2024,May,Sunday,04:00 - 05:59,PRINCES,HWY,0,Right on the spot,STATION,ST,BULLI,1.0,No,Not a school zone,T-junction,-34.334967,150.913171,Wollongong,Wollongong met. area,Syd-Newc-Woll Gtr conurbation,Curved,,,,Unknown / not stated,Sealed,Unknown,Unknown,Darkness,Nil,Stop sign,60 km/h,State,81,Off left/rt bnd=>obj,803,Off right bend into obj,Left,Vehicle - Object,Light truck utility(from 2018),,1,0,1,0,0,5,May,Autumn,Sunday,04:00 - 05:59,Late night / early morning,False,False,True,True
1371879,Injury,Minor/Other Injury,2024,2024,December,Tuesday,12:00 - 13:59,CANTERBURY,RD,0,Right on the spot,DENNIS,ST,LAKEMBA,167.0,No,Not a school zone,T-junction,-33.926265,151.083975,Canterbury-Bankstown,Sydney metro. area,Syd-Newc-Woll Gtr conurbation,Straight,,,,Off,Sealed,Dry,Fine,Daylight,Nil,No traffic controls,60 km/h,State,13,Right near,104,Adj - Right-thru from right,,Right angle,Car (sedan/hatch),Motor scooter,2,0,0,0,1,12,December,Summer,Tuesday,12:00 - 13:59,Midday / afternoon,False,False,True,True
1371881,Injury,Moderate Injury,2024,2024,November,Friday,14:00 - 15:59,ADDISON,RD,0,Right on the spot,OSBORNE,RD,MANLY,,No,Not a school zone,Roundabout,-33.803468,151.287948,Northern Beaches,Sydney metro. area,Syd-Newc-Woll Gtr conurbation,Straight,,,,Off,Sealed,Dry,Fine,Daylight,Nil,Give way sign,50 km/h,Local,10,Cross traffic,101,Adj - Cross traffic,,Right angle,Car (sedan/hatch),Pedal cycle,2,0,0,1,0,11,November,Spring,Friday,14:00 - 15:59,Midday / afternoon,False,False,True,True
1371886,Injury,Minor/Other Injury,2024,2024,December,Sunday,12:00 - 13:59,CADIA,RD,450,North,WOODVILLE,RD,CADIA,,No,Not a school zone,2-way undivided,-33.456633,149.020913,Cabonne,Country non-urban,Rest of NSW - Rural,Curved,,,Potholes/corrugations/rough,Nil,Sealed,Wet,Fine,Daylight,Nil,No traffic controls,100 km/h,Local,88,Out of cont on bend,805,Out of control on bend,,Rollover,4 wheel drive / SUV,,1,0,0,0,1,12,December,Summer,Sunday,12:00 - 13:59,Midday / afternoon,False,False,True,True
1371888,Injury,Moderate Injury,2024,2024,October,Thursday,06:00 - 07:59,ALEXANDRA,ST,0,Right on the spot,LANG,ST,KURRI KURRI,,Yes,No,X-intersection,-32.820873,151.476658,Cessnock,Country urban,Rest of NSW - Urban,Straight,,,,Nil,Sealed,Dry,Fine,Daylight,Nil,Give way sign,50 km/h,Local,10,Cross traffic,101,Adj - Cross traffic,,Right angle,4 wheel drive / SUV,Large rigid,2,0,0,1,0,10,October,Spring,Thursday,06:00 - 07:59,AM peak / school commute,True,False,True,True
1371890,Injury,Serious Injury,2024,2024,December,Thursday,10:00 - 11:59,SCHOFIELDS,RD,0,Right on the spot,RAILWAY,TCE,SCHOFIELDS,687.0,No,Not a school zone,X-intersection,-33.70164,150.872956,Blacktown,Sydney metro. area,Syd-Newc-Woll Gtr conurbation,Straight,,,,Nil,Sealed,Dry,Fine,Daylight,On,No traffic controls,70 km/h,State,23,Right/left,203,Opp - Right-left,,Other angle,Car (sedan/hatch),Passenger van,3,0,2,0,0,12,December,Summer,Thursday,10:00 - 11:59,Midday / afternoon,False,False,True,True
1371892,Injury,Moderate Injury,2024,2024,November,Tuesday,12:00 - 13:59,WICKS,RD,0,Right on the spot,BETTY HENDRY,PDE,NORTH RYDE,2058.0,No,Not a school zone,T-junction,-33.79452,151.126767,Ryde,Sydney metro. area,Syd-Newc-Woll Gtr conurbation,Straight,Steep grade,,,Off,Sealed,Dry,Overcast,Daylight,Nil,No traffic controls,60 km/h,Regional,13,Right near,104,Adj - Right-thru from right,,Right angle,Car (sedan/hatch),Car (sedan/hatch),2,0,0,1,0,11,November,Spring,Tuesday,12:00 - 13:59,Midday / afternoon,False,False,True,True
1371893,Injury,Serious Injury,2024,2024,September,Saturday,10:00 - 11:59,QUEEN,ST,0,Right on the spot,MARSHALL,ST,CLARENCE TOWN,301.0,Yes,No,X-intersection,-32.588702,151.775926,Dungog,Country urban,Rest of NSW - Urban,Straight,Steep grade,,,Off,Sealed,Dry,Fine,Daylight,Nil,Stop sign,50 km/h,Regional,10,Cross traffic,101,Adj - Cross traffic,,Right angle,Car (sedan/hatch),4 wheel drive / SUV,3,0,1,0,0,9,September,Spring,Saturday,10:00 - 11:59,Midday / afternoon,False,False,True,True
1371894,Injury,Moderate Injury,2024,2024,October,Tuesday,14:00 - 15:59,MARION,ST,0,Right on the spot,WINSPEAR,AVE,BANKSTOWN,7121.0,No,Not a school zone,T-junction,-33.917714,151.028438,Canterbury-Bankstown,Sydney metro. area,Syd-Newc-Woll Gtr conurbation,Straight,,,,Off,Sealed,Dry,Fine,Daylight,Nil,No traffic controls,60 km/h,Regional,21,Right through,202,Opp - Right-thru,,Other angle,4 wheel drive / SUV,4 wheel drive / SUV,3,0,0,3,0,10,October,Spring,Tuesday,14:00 - 15:59,Midday / afternoon,False,False,True,True
1371899,Injury,Minor/Other Injury,2024,2024,December,Saturday,20:00 - 21:59,PEAKE,AVE,0,Right on the spot,SHORELINE,DR,RHODES,,No,Not a school zone,T-junction,-33.827353,151.08503,Canada Bay,Sydney metro. area,Syd-Newc-Woll Gtr conurbation,Curved,Foot/cycle path/nature strip,,,On,Sealed,Dry,Fine,Darkness,Nil,No traffic controls,50 km/h,Local,81,Off left/rt bnd=>obj,803,Off right bend into obj,Left,Other angle,Car (sedan/hatch),Car (sedan/hatch),3,0,0,0,1,12,December,Summer,Saturday,20:00 - 21:59,Evening / night,False,False,True,True
1371901,Injury,Serious Injury,2024,2024,November,Thursday,08:00 - 09:59,BRUXNER,HWY,10,South,PINDARI,CRES,GOONELLABAH,16.0,No,Not a school zone,T-junction,-28.814533,153.338017,Lismore,Country urban,Rest of NSW - Urban,Straight,,,,Off,Sealed,Dry,Fine,Daylight,Nil,No traffic controls,60 km/h,State,30,Rear end,301,Same - Rear end,,Rear end,Light truck utility(from 2018),4 wheel drive / SUV,2,0,1,0,0,11,November,Spring,Thursday,08:00 - 09:59,AM peak / school commute,True,False,True,True
1371904,Injury,Moderate Injury,2024,2024,October,Tuesday,08:00 - 09:59,NEW ENGLAND,HWY,15000,North,BENDEMEER,TN,BENDEMEER,9.0,No,Not a school zone,2-way undivided,-30.805402,151.256479,Tamworth Regional,Country non-urban,Rest of NSW - Rural,Curved,Steep grade,,,Nil,Sealed,Dry,Fine,Daylight,Nil,No traffic controls,100 km/h,State,66,Object on road,607,On path - Hit temp object,,Vehicle - Object,Motorcycle,,1,0,0,1,0,10,October,Spring,Tuesday,08:00 - 09:59,AM peak / school commute,True,False,True,True
1371905,Injury,Serious Injury,2024,2024,October,Saturday,02:00 - 03:59,EUROLEY,RD,0,Right on the spot,YANCO WEIR,RD,EUROLEY,,No,Not a school zone,T-junction,-34.641275,146.367831,Leeton,Country non-urban,Rest of NSW - Rural,Curved,Steep grade,,,Nil,Sealed,Wet,Fine,Darkness,Nil,Give way sign,100 km/h,Local,81,Off left/rt bnd=>obj,803,Off right bend into obj,Left,Vehicle - Object,Car (sedan/hatch),,1,0,1,0,1,10,October,Spring,Saturday,02:00 - 03:59,Late night / early morning,False,False,True,True
1371906,Injury,Serious Injury,2024,2024,December,Monday,08:00 - 09:59,OLD SOUTH HEAD,RD,0,Right on the spot,O'BRIEN,ST,BELLEVUE HILL,339.0,No,Not a school zone,T-junction,-33.887611,151.264956,Waverley,Sydney metro. area,Syd-Newc-Woll Gtr conurbation,Straight,,,,Off,Sealed,Dry,Fine,Daylight,On,No traffic controls,50 km/h,State,21,Right through,202,Opp - Right-thru,,Other angle,Motor scooter,4 wheel drive / SUV,2,0,1,0,0,12,December,Summer,Monday,08:00 - 09:59,AM peak / school commute,True,False,True,True
1371908,Injury,Serious Injury,2024,2024,October,Thursday,10:00 - 11:59,DARBY,ST,200,North,COUNCIL,ST,COOKS HILL,188.0,No,Not a school zone,2-way undivided,-32.930025,151.773015,Newcastle,Newcastle met. area,Syd-Newc-Woll Gtr conurbation,Straight,,,,Off,Sealed,Dry,Fine,Daylight,Nil,No traffic controls,30 km/h,Regional,42,Leaving parking,401,Manov - Leaving parking,,Other angle,Light truck,Motorcycle,2,0,1,0,0,10,October,Spring,Thursday,10:00 - 11:59,Midday / afternoon,False,False,True,True
1371910,Injury,Moderate Injury,2024,2024,December,Monday,22:00 - Midnight,PACIFIC,HWY,1500,West,AVENUE ROAD,OP,GLENUGIE,10.0,No,Not a school zone,Divided road,-29.755266,153.047795,Clarence Valley,Country non-urban,Rest of NSW - Rural,Curved,Embankment/cutting,,,Nil,Sealed,Wet,Raining,Darkness,Nil,No traffic controls,110 km/h,State,83,Off rt/rt bnd=>obj,803,Off right bend into obj,Right,Vehicle - Object,B-double (road train prior 98),,1,0,0,1,0,12,December,Summer,Monday,22:00 - Midnight,Evening / night,False,False,True,True
1371911,Injury,Moderate Injury,2024,2024,October,Sunday,18:00 - 19:59,BOONAH,ST,0,Right on the spot,NOORILLA,ST,GRIFFITH,,No,Not a school zone,X-intersection,-34.277438,146.049431,Griffith,Country urban,Rest of NSW - Urban,Straight,Steep grade,,,Off,Sealed,Dry,Fine,Daylight,Nil,Give way sign,50 km/h,Local,10,Cross traffic,101,Adj - Cross traffic,,Right angle,Car (sedan/hatch),4 wheel drive / SUV,2,0,0,1,0,10,October,Spring,Sunday,18:00 - 19:59,PM peak / evening commute,True,False,True,True
1371914,Injury,Moderate Injury,2024,2024,October,Friday,14:00 - 15:59,DORA,ST,0,Right on the spot,NUMBER 57,HN,BLACKTOWN,,No,Not a school zone,2-way undivided,-33.783643,150.901609,Blacktown,Sydney metro. area,Syd-Newc-Woll Gtr conurbation,Straight,,,,Off,Sealed,Dry,Fine,Daylight,Nil,No traffic controls,50 km/h,Local,1,Ped emerging,2,Ped - emerging,,Vehicle - Pedestrian,Car (sedan/hatch),Pedestrian,2,0,0,1,0,10,October,Spring,Friday,14:00 - 15:59,Midday / afternoon,False,False,True,True
1371915,Injury,Serious Injury,2024,2024,December,Tuesday,20:00 - 21:59,ARNOTT,ST,0,Right on the spot,MUMFORD,ST,ASHMONT,,No,Not a school zone,T-junction,-35.127217,147.32485,Wagga Wagga,Country urban,Rest of NSW - Urban,Straight,Foot/cycle path/nature strip,,,Nil,Sealed,Dry,Fine,Dusk,Nil,No traffic controls,50 km/h,Local,81,Off left/rt bnd=>obj,707,Right turn,Left,Vehicle - Object,Motorcycle,,1,0,1,1,0,12,December,Summer,Tuesday,20:00 - 21:59,Evening / night,False,False,True,True
1371916,Injury,Moderate Injury,2024,2024,September,Saturday,16:00 - 17:59,FIFTH,AVE,0,Right on the spot,LEONARD,AVE,TOUKLEY,,No,Not a school zone,T-junction,-33.256823,151.545228,Central Coast,Country urban,Syd-Newc-Woll Gtr conurbation,Straight,,,,Nil,Sealed,Dry,Fine,Daylight,Nil,No traffic controls,50 km/h,Local,88,Out of cont on bend,707,Right turn,,Rollover,Motorised push scooters,,1,0,0,1,0,9,September,Spring,Saturday,16:00 - 17:59,PM peak / evening commute,True,False,True,True
1371928,Injury,Minor/Other Injury,2024,2024,October,Friday,18:00 - 19:59,GREAT WESTERN,HWY,50,East,ALFRED,ST,GRANVILLE,5.0,No,Not a school zone,2-way undivided,-33.832018,151.015435,Parramatta,Sydney metro. area,Syd-Newc-Woll Gtr conurbation,Straight,,,,Off,Sealed,Dry,Fine,Daylight,Nil,No traffic controls,60 km/h,State,30,Rear end,301,Same - Rear end,,Rear end,Car (sedan/hatch),4 wheel drive / SUV,2,0,0,0,1,10,October,Spring,Friday,18:00 - 19:59,PM peak / evening commute,True,False,True,True
1371929,Injury,Serious Injury,2024,2024,October,Sunday,10:00 - 11:59,WATERFALL,WAY,865,West,SHORT CUT,RD,RALEIGH,76.0,No,Not a school zone,2-way undivided,-30.466136,152.980003,Bellingen,Country urban,Rest of NSW - Urban,Straight,Steep grade,,,Off,Sealed,Dry,Fine,Daylight,Nil,No traffic controls,80 km/h,State,74,On road-out of cont.,705,Out of control on cway,,Rollover,Motorcycle,,1,0,1,0,0,10,October,Spring,Sunday,10:00 - 11:59,Midday / afternoon,False,False,True,True
1371932,Injury,Minor/Other Injury,2024,2024,November,Saturday,10:00 - 11:59,BURRAGORANG,RD,0,Right on the spot,MONKS,LANE,MOUNT HUNTER,259.0,No,Not a school zone,T-junction,-34.068895,150.628951,Wollondilly,Country non-urban,Syd-Newc-Woll Gtr conurbation,Straight,,,,Nil,Sealed,Dry,Fine,Daylight,Nil,No traffic controls,100 km/h,Regional,32,Right rear,303,Same - Rear right,,Rear end,Light truck,Car (sedan/hatch),2,0,0,0,1,11,November,Spring,Saturday,10:00 - 11:59,Midday / afternoon,False,False,True,True
1371939,Injury,Moderate Injury,2024,2024,October,Thursday,08:00 - 09:59,NEWCASTLE INNER CITY,BYPA,50,South,MYALL ROAD,TO,GARDEN SUBURB,23.0,No,Not a school zone,Divided road,-32.952175,151.682789,Lake Macquarie,Newcastle met. area,Syd-Newc-Woll Gtr conurbation,Straight,Steep grade,,,Nil,Sealed,Dry,Fine,Daylight,Nil,No traffic controls,90 km/h,State,30,Rear end,301,Same - Rear end,,Rear end,Car (sedan/hatch),4 wheel drive / SUV,2,0,0,1,0,10,October,Spring,Thursday,08:00 - 09:59,AM peak / school commute,True,False,True,True
1371945,Injury,Moderate Injury,2024,2024,November,Sunday,12:00 - 13:59,LITTLE RUDDER,ST,0,Right on the spot,LORD,ST,EAST KEMPSEY,,No,Not a school zone,T-junction,-31.083284,152.845499,Kempsey,Country urban,Rest of NSW - Urban,Straight,Steep grade,,,Off,Sealed,Dry,Fine,Daylight,Nil,No traffic controls,50 km/h,Local,71,Off rd left => obj,703,Left off cway into object,,Vehicle - Object,4 wheel drive / SUV,,1,0,0,1,0,11,November,Spring,Sunday,12:00 - 13:59,Midday / afternoon,False,False,True,True
1371946,Injury,Moderate Injury,2024,2024,October,Tuesday,18:00 - 19:59,CANTERBURY,RD,0,Right on the spot,NUMBER 1516,HN,PUNCHBOWL,167.0,No,Not a school zone,2-way undivided,-33.932488,151.047353,Canterbury-Bankstown,Sydney metro. area,Syd-Newc-Woll Gtr conurbation,Straight,,,,Off,Sealed,Dry,Fine,Daylight,Nil,No traffic controls,60 km/h,State,71,Off rd left => obj,703,Left off cway into object,,Vehicle - Object,Car (sedan/hatch),,1,0,0,1,0,10,October,Spring,Tuesday,18:00 - 19:59,PM peak / evening commute,True,False,True,True