crash_id,degree_of_crash,degree_of_crash_-_detailed,reporting_year,year_of_crash,month_of_crash,day_of_week_of_crash,two-hour_intervals,street_of_crash,street_type,distance,direction,identifying_feature,identifying_feature_type,town,route_no.,school_zone_location,school_zone_active,type_of_location,latitude,longitude,lga,urbanisation,conurbation_1,alignment,primary_permanent_feature,primary_temporary_feature,primary_hazardous_feature,street_lighting,road_surface,surface_condition,weather,natural_lighting,signals_operation,other_traffic_control,speed_limit,road_classification_(admin),rum_-_code,rum_-_description,dca_-_code,dca_-_description,dca_supplement,first_impact_type,key_tu_type,other_tu_type,no._of_traffic_units_involved,no._killed,no._seriously_injured,no._moderately_injured,no._minor-other_injured,month_num,month_label,season,day_label,time_label,time_band,is_peak_commute,is_fatal,is_injury,is_casualty
1371947,Injury,Serious Injury,2024,2024,October,Sunday,04:00 - 05:59,LUXFORD,RD,80,West,BUCKWELL,DR,HASSALL GROVE,7161.0,No,Not a school zone,Divided road,-33.732194,150.832542,Blacktown,Sydney metro. area,Syd-Newc-Woll Gtr conurbation,Straight,,,,On,Sealed,Dry,Fine,Darkness,Nil,No traffic controls,60 km/h,Regional,71,Off rd left => obj,703,Left off cway into object,,Vehicle - Object,Light truck utility(from 2018),,1,0,2,1,0,10,October,Spring,Sunday,04:00 - 05:59,Late night / early morning,False,False,True,True
1371952,Injury,Minor/Other Injury,2024,2024,December,Sunday,14:00 - 15:59,TARAGO,RD,0,Right on the spot,BIRCHFIELD,DR,BUNGENDORE,268.0,No,Not a school zone,Roundabout,-35.239504,149.443742,Queanbeyan-Palerang Regional,Country urban,Rest of NSW - Urban,Straight,,,,Off,Sealed,Dry,Fine,Daylight,Nil,Give way sign,80 km/h,Regional,71,Off rd left => obj,703,Left off cway into object,,Vehicle - Object,Motorcycle,,1,0,0,0,1,12,December,Summer,Sunday,14:00 - 15:59,Midday / afternoon,False,False,True,True
1371956,Injury,Moderate Injury,2024,2024,October,Thursday,14:00 - 15:59,PENPRASE,LANE,40,West,KIORA,RD,MIRANDA,,No,Not a school zone,1-way street,-34.033425,151.102361,Sutherland,Sydney metro. area,Syd-Newc-Woll Gtr conurbation,Straight,Driveway/entrance,,,Nil,Sealed,Dry,Fine,Daylight,Nil,No traffic controls,50 km/h,Local,49,Other manoeuvring,400,Manov - other,,Other angle,4 wheel drive / SUV,,1,0,0,2,0,10,October,Spring,Thursday,14:00 - 15:59,Midday / afternoon,False,False,True,True
1371957,Injury,Minor/Other Injury,2024,2024,December,Tuesday,20:00 - 21:59,POLDING,ST,10,West,ISIS,ST,SMITHFIELD,7222.0,No,Not a school zone,T-junction,-33.859732,150.922826,Fairfield,Sydney metro. area,Syd-Newc-Woll Gtr conurbation,Straight,,,,On,Sealed,Dry,Fine,Darkness,Nil,No traffic controls,60 km/h,Regional,3,Ped on carriageway,4,Ped - On carriageway,,Vehicle - Pedestrian,Car (sedan/hatch),Pedestrian,2,0,0,0,1,12,December,Summer,Tuesday,20:00 - 21:59,Evening / night,False,False,True,True
1371958,Injury,Minor/Other Injury,2024,2024,September,Thursday,10:00 - 11:59,TARALGA,RD,500,South,COWPERS,LANE,MYRTLEVILLE,256.0,No,Not a school zone,2-way undivided,-34.493527,149.813652,Upper Lachlan,Country non-urban,Rest of NSW - Rural,Curved,Ditch/drain/culvert,,,Nil,Sealed,Dry,Fine,Daylight,Nil,No traffic controls,100 km/h,Regional,81,Off left/rt bnd=>obj,803,Off right bend into obj,Left,Vehicle - Object,Motorcycle,,1,0,0,0,1,9,September,Spring,Thursday,10:00 - 11:59,Midday / afternoon,False,False,True,True
1371963,Injury,Serious Injury,2024,2024,September,Saturday,22:00 - Midnight,JANDAROI,RD,30,North,CRUSADER,ST,AUSTRAL,,No,Not a school zone,2-way undivided,-33.915435,150.827621,Liverpool,Sydney metro. area,Syd-Newc-Woll Gtr conurbation,Straight,,,,Nil,Sealed,Dry,Fine,Darkness,Nil,No traffic controls,50 km/h,Local,74,On road-out of cont.,705,Out of control on cway,,Rollover,Motorised push scooters,,1,0,1,0,0,9,September,Spring,Saturday,22:00 - Midnight,Evening / night,False,False,True,True
1371964,Injury,Moderate Injury,2024,2024,October,Tuesday,08:00 - 09:59,CROSS,ST,50,East,OCEAN,AVE,DOUBLE BAY,,Yes,No,2-way undivided,-33.875168,151.240552,Woollahra,Sydney metro. area,Syd-Newc-Woll Gtr conurbation,Straight,,,,Nil,Sealed,Dry,Fine,Daylight,Nil,No traffic controls,40 km/h,Local,33,Lane sideswipe,305,Same - Lane side swipe,,Other angle,Motor scooter,4 wheel drive / SUV,2,0,0,1,0,10,October,Spring,Tuesday,08:00 - 09:59,AM peak / school commute,True,False,True,True
1371965,Injury,Moderate Injury,2024,2024,October,Friday,16:00 - 17:59,BERNERA,RD,65,North,YARRUNGA,ST,PRESTONS,7262.0,No,Not a school zone,2-way undivided,-33.937941,150.868214,Liverpool,Sydney metro. area,Syd-Newc-Woll Gtr conurbation,Straight,,,,Nil,Sealed,Dry,Fine,Daylight,Nil,No traffic controls,60 km/h,Regional,30,Rear end,301,Same - Rear end,,Rear end,Car (sedan/hatch),4 wheel drive / SUV,2,0,0,2,1,10,October,Spring,Friday,16:00 - 17:59,PM peak / evening commute,True,False,True,True
1371967,Injury,Serious Injury,2024,2024,October,Thursday,10:00 - 11:59,EAST BANK,RD,0,Right on the spot,COUNTRY CUBS PRESCHOOL,ENT,CORAMBA,,No,Not a school zone,2-way undivided,-30.222669,153.019392,Coffs Harbour,Country urban,Rest of NSW - Urban,Curved,Steep grade,,,Nil,Sealed,Dry,Fine,Daylight,Nil,No traffic controls,50 km/h,Local,21,Right through,202,Opp - Right-thru,,Other angle,Light truck,Car (sedan/hatch),2,0,1,1,0,10,October,Spring,Thursday,10:00 - 11:59,Midday / afternoon,False,False,True,True
1371968,Injury,Moderate Injury,2024,2024,December,Tuesday,06:00 - 07:59,ANZAC,PDE,0,Right on the spot,DONCASTER,AVE,KENSINGTON,171.0,No,Not a school zone,X-intersection,-33.913102,151.224741,Randwick,Sydney metro. area,Syd-Newc-Woll Gtr conurbation,Straight,,,,Nil,Sealed,Dry,Fine,Daylight,On,No traffic controls,50 km/h,State,11,Right far,102,Adj - Right-thru from left,,Right angle,Car (sedan/hatch),Pedal cycle,2,0,0,1,0,12,December,Summer,Tuesday,06:00 - 07:59,AM peak / school commute,True,False,True,True
1371972,Injury,Moderate Injury,2024,2024,November,Tuesday,14:00 - 15:59,HOMEBUSH BAY,DR,195,South,CONCORD,RD,RHODES,200.0,No,Not a school zone,Divided road,-33.836242,151.0864,Canada Bay,Sydney metro. area,Syd-Newc-Woll Gtr conurbation,Straight,Driveway/entrance,,,Off,Sealed,Dry,Fine,Daylight,On,No traffic controls,70 km/h,State,47,Emerging from drive,406,Manov - Emerging from driveway,,Right angle,Car (sedan/hatch),Light truck utility(from 2018),3,0,0,2,0,11,November,Spring,Tuesday,14:00 - 15:59,Midday / afternoon,False,False,True,True
1371976,Injury,Minor/Other Injury,2024,2024,October,Thursday,16:00 - 17:59,DUNHEVED,RD,0,Right on the spot,TRINITY,DR,CAMBRIDGE PARK,7288.0,No,Not a school zone,T-junction,-33.743044,150.719905,Penrith,Sydney metro. area,Syd-Newc-Woll Gtr conurbation,Straight,,,,Nil,Sealed,Dry,Fine,Daylight,Nil,Stop sign,70 km/h,Regional,13,Right near,104,Adj - Right-thru from right,,Right angle,4 wheel drive / SUV,4 wheel drive / SUV,2,0,0,0,1,10,October,Spring,Thursday,16:00 - 17:59,PM peak / evening commute,True,False,True,True
1371982,Injury,Moderate Injury,2024,2024,September,Monday,12:00 - 13:59,GLADSTONE,AVE,0,Right on the spot,RAILWAY STATION,SQ,WOLLONGONG,7641.0,No,Not a school zone,Roundabout,-34.427371,150.887052,Wollongong,Wollongong met. area,Syd-Newc-Woll Gtr conurbation,Straight,Steep grade,,,Off,Sealed,Dry,Fine,Daylight,Nil,Give way sign,50 km/h,Regional,11,Right far,102,Adj - Right-thru from left,,Right angle,4 wheel drive / SUV,Car (sedan/hatch),2,0,0,1,0,9,September,Spring,Monday,12:00 - 13:59,Midday / afternoon,False,False,True,True
1371983,Injury,Serious Injury,2024,2024,October,Friday,04:00 - 05:59,PRINCES,HWY,1120,North,MYSTERY BAY,RD,CORUNNA,1.0,No,Not a school zone,2-way undivided,-36.284006,150.12445,Eurobodalla,Country non-urban,Rest of NSW - Rural,Curved,,,,Nil,Sealed,Wet,Other,Darkness,Nil,No traffic controls,100 km/h,State,87,Off lft/lft bnd=>obj,804,Off left bend into obj,Left,Vehicle - Object,Utility,,1,0,1,0,0,10,October,Spring,Friday,04:00 - 05:59,Late night / early morning,False,False,True,True
1371984,Injury,Moderate Injury,2024,2024,November,Wednesday,00:01 - 01:59,BRUDENELL,DR,0,Right on the spot,NUMBER 67,HN,JERRABOMBERRA,,No,Not a school zone,2-way undivided,-35.385653,149.20837,Queanbeyan-Palerang Regional,Country urban,Rest of NSW - Urban,Curved,,,,On,Sealed,Dry,Fine,Darkness,Nil,No traffic controls,50 km/h,Local,81,Off left/rt bnd=>obj,803,Off right bend into obj,Left,Other angle,4 wheel drive / SUV,Car (sedan/hatch),2,0,0,1,0,11,November,Spring,Wednesday,00:01 - 01:59,Late night / early morning,False,False,True,True
1371985,Injury,Minor/Other Injury,2024,2024,September,Wednesday,08:00 - 09:59,BONDS,RD,0,Right on the spot,NUMBER 139-141,ENT,RIVERWOOD,7006.0,No,Not a school zone,2-way undivided,-33.94031,151.061074,Canterbury-Bankstown,Sydney metro. area,Syd-Newc-Woll Gtr conurbation,Straight,,,,Off,Sealed,Dry,Fine,Daylight,Nil,No traffic controls,50 km/h,Regional,30,Rear end,301,Same - Rear end,,Rear end,Car (sedan/hatch),4 wheel drive / SUV,2,0,0,0,1,9,September,Spring,Wednesday,08:00 - 09:59,AM peak / school commute,True,False,True,True
1371988,Injury,Moderate Injury,2024,2024,November,Wednesday,16:00 - 17:59,CARRINGTON,RD,0,Right on the spot,ALISON,RD,RANDWICK,7328.0,No,Not a school zone,X-intersection,-33.914522,151.249333,Randwick,Sydney metro. area,Syd-Newc-Woll Gtr conurbation,Straight,,,,Nil,Sealed,Dry,Fine,Daylight,On,No traffic controls,50 km/h,Regional,30,Rear end,301,Same - Rear end,,Rear end,4 wheel drive / SUV,4 wheel drive / SUV,2,0,0,1,0,11,November,Spring,Wednesday,16:00 - 17:59,PM peak / evening commute,True,False,True,True
1371992,Injury,Serious Injury,2024,2024,October,Tuesday,12:00 - 13:59,HORSLEY,RD,0,Right on the spot,POLO,ST,REVESBY,,No,Not a school zone,T-junction,-33.949049,151.012706,Canterbury-Bankstown,Sydney metro. area,Syd-Newc-Woll Gtr conurbation,Straight,Foot/cycle path/nature strip,,,Nil,Sealed,Dry,Fine,Daylight,Nil,No traffic controls,50 km/h,Local,48,From footpath,408,Manov - From footway,,Other angle,Motorised scooter (mob. aid),4 wheel drive / SUV,2,0,1,1,0,10,October,Spring,Tuesday,12:00 - 13:59,Midday / afternoon,False,False,True,True
1371993,Injury,Moderate Injury,2024,2024,September,Sunday,18:00 - 19:59,PARK,RD,0,Right on the spot,RAILWAY,ST,EAST CORRIMAL,,No,Not a school zone,T-junction,-34.374494,150.907277,Wollongong,Wollongong met. area,Syd-Newc-Woll Gtr conurbation,Straight,,,,On,Sealed,Dry,Fine,Darkness,Nil,No traffic controls,50 km/h,Local,14,2 right turning,105,Adj - Two right turning,,Right angle,4 wheel drive / SUV,Motor scooter,2,0,0,1,0,9,September,Spring,Sunday,18:00 - 19:59,PM peak / evening commute,True,False,True,True
1371996,Injury,Serious Injury,2024,2024,November,Saturday,16:00 - 17:59,MARCO,AVE,10,East,SIMMONS,ST,REVESBY,,No,Not a school zone,T-junction,-33.951809,151.015699,Canterbury-Bankstown,Sydney metro. area,Syd-Newc-Woll Gtr conurbation,Straight,,,,Off,Sealed,Dry,Fine,Daylight,Nil,Ped crossing,50 km/h,Local,0,Ped nearside,1,Ped - Near side,,Vehicle - Pedestrian,Unknown motor vehicle,Pedestrian,2,0,1,0,0,11,November,Spring,Saturday,16:00 - 17:59,PM peak / evening commute,True,False,True,True
1371999,Injury,Minor/Other Injury,2024,2024,November,Saturday,08:00 - 09:59,BOYCE,RD,15,West,ANZAC,PDE,MAROUBRA,,No,Not a school zone,2-way undivided,-33.940008,151.238581,Randwick,Sydney metro. area,Syd-Newc-Woll Gtr conurbation,Straight,,,,Nil,Sealed,Wet,Fine,Daylight,Nil,No traffic controls,50 km/h,Local,33,Lane sideswipe,305,Same - Lane side swipe,,Other angle,Unknown motor vehicle,Motor scooter,2,0,0,0,1,11,November,Spring,Saturday,08:00 - 09:59,AM peak / school commute,True,False,True,True
1372002,Injury,Minor/Other Injury,2024,2024,December,Thursday,20:00 - 21:59,VOCA,RD,40,West,CARARA,RD,CURLEWIS,,No,Not a school zone,2-way undivided,-31.169384,150.183925,Gunnedah,Country non-urban,Rest of NSW - Rural,Straight,,,,Nil,Unsealed,Dry,Fine,Darkness,Nil,No traffic controls,100 km/h,Local,71,Off rd left => obj,703,Left off cway into object,,Vehicle - Object,Light truck utility(from 2018),,1,0,0,0,1,12,December,Summer,Thursday,20:00 - 21:59,Evening / night,False,False,True,True
1372003,Injury,Moderate Injury,2024,2024,October,Saturday,12:00 - 13:59,JOHN,ST,0,Right on the spot,MONCUR,ST,WOOLLAHRA,,No,Not a school zone,Roundabout,-33.889483,151.237445,Woollahra,Sydney metro. area,Syd-Newc-Woll Gtr conurbation,Straight,,,,Off,Sealed,Dry,Fine,Daylight,Nil,Give way sign,50 km/h,Local,21,Right through,202,Opp - Right-thru,,Other angle,Car (sedan/hatch),Car (sedan/hatch),2,0,0,1,0,10,October,Spring,Saturday,12:00 - 13:59,Midday / afternoon,False,False,True,True
1372004,Injury,Serious Injury,2024,2024,December,Tuesday,04:00 - 05:59,BULLS GARDEN,RD,0,Right on the spot,OAKDALE,RD,GATESHEAD,,No,Not a school zone,T-junction,-32.989285,151.695611,Lake Macquarie,Newcastle met. area,Syd-Newc-Woll Gtr conurbation,Straight,,,,Nil,Sealed,Dry,Fine,Dawn,Nil,Give way sign,60 km/h,Local,13,Right near,104,Adj - Right-thru from right,,Right angle,Car (sedan/hatch),Car (sedan/hatch),2,0,1,0,0,12,December,Summer,Tuesday,04:00 - 05:59,Late night / early morning,False,False,True,True
1372005,Injury,Serious Injury,2024,2024,September,Saturday,18:00 - 19:59,MORGAN,RD,100,West,OXFORD FALLS,RD,OXFORD FALLS,,No,Not a school zone,2-way undivided,-33.727159,151.235077,Northern Beaches,Sydney metro. area,Syd-Newc-Woll Gtr conurbation,Curved,,,,Nil,Sealed,Wet,Raining,Darkness,Nil,No traffic controls,50 km/h,Local,87,Off lft/lft bnd=>obj,804,Off left bend into obj,Left,Vehicle - Object,Car (sedan/hatch),,1,0,1,0,0,9,September,Spring,Saturday,18:00 - 19:59,PM peak / evening commute,True,False,True,True
1372006,Injury,Moderate Injury,2024,2024,November,Thursday,14:00 - 15:59,WILGABAR,WAY,0,Right on the spot,NUMBER 16,HN,KARABAR,,No,Not a school zone,2-way undivided,-35.364578,149.231431,Queanbeyan-Palerang Regional,Country urban,Rest of NSW - Urban,Curved,,,,Off,Sealed,Dry,Fine,Daylight,Nil,No traffic controls,50 km/h,Local,85,Off rt/lft bnd=>obj,804,Off left bend into obj,Right,Vehicle - Object,Car (sedan/hatch),,1,0,0,1,0,11,November,Spring,Thursday,14:00 - 15:59,Midday / afternoon,False,False,True,True
1372009,Injury,Moderate Injury,2024,2024,December,Wednesday,22:00 - Midnight,PRINCES,HWY,100,South,OLD PRINCES,HWY,ENGADINE,1.0,No,Not a school zone,Divided road,-34.064254,151.018707,Sutherland,Sydney metro. area,Syd-Newc-Woll Gtr conurbation,Straight,,,,On,Sealed,Dry,Fine,Darkness,Nil,No traffic controls,70 km/h,State,20,Head on,201,Opp - Head on,,Head-on,Car (sedan/hatch),Light truck utility(from 2018),2,0,0,2,0,12,December,Summer,Wednesday,22:00 - Midnight,Evening / night,False,False,True,True
1372018,Injury,Serious Injury,2024,2024,December,Monday,10:00 - 11:59,MANNING RIVER,DR,0,Right on the spot,GLENTHORNE,RD,GLENTHORNE,7776.0,No,Not a school zone,Roundabout,-31.939944,152.471825,Mid-Coast,Country urban,Rest of NSW - Urban,Straight,Driveway/entrance,,,Off,Sealed,Dry,Fine,Daylight,Nil,Give way sign,70 km/h,Regional,47,Emerging from drive,406,Manov - Emerging from driveway,,Right angle,Light truck utility(from 2018),Motorised scooter (mob. aid),2,0,1,0,0,12,December,Summer,Monday,10:00 - 11:59,Midday / afternoon,False,False,True,True
1372019,Injury,Moderate Injury,2024,2024,November,Thursday,10:00 - 11:59,MENINDEE,RD,3000,East,WILCANNIA,TN,MENINDEE,,No,Not a school zone,2-way undivided,-32.381881,142.47447,Central Darling,Country non-urban,Rest of NSW - Rural,Curved,,,,Nil,Sealed,Dry,Fine,Daylight,Nil,No traffic controls,100 km/h,Local,88,Out of cont on bend,805,Out of control on bend,,Rollover,Light truck utility(from 2018),,1,0,0,2,0,11,November,Spring,Thursday,10:00 - 11:59,Midday / afternoon,False,False,True,True
1372022,Injury,Moderate Injury,2024,2024,November,Friday,18:00 - 19:59,ALBATROSS,RD,0,Right on the spot,KINGHORNE,ST,NOWRA,92.0,No,Not a school zone,Roundabout,-34.886982,150.600546,Shoalhaven,Country urban,Rest of NSW - Urban,Straight,Crest,,,On,Sealed,Wet,Raining,Darkness,Nil,Give way sign,60 km/h,Regional,20,Head on,201,Opp - Head on,,Head-on,Light truck utility(from 2018),Car (sedan/hatch),2,0,0,2,0,11,November,Spring,Friday,18:00 - 19:59,PM peak / evening commute,True,False,True,True
1372023,Injury,Serious Injury,2024,2024,November,Monday,20:00 - 21:59,CAMPBELL,ST,20,East,SAMUEL,ST,SURRY HILLS,,No,Not a school zone,2-way undivided,-33.88039,151.212419,Sydney,Sydney metro. area,Syd-Newc-Woll Gtr conurbation,Straight,,,,On,Sealed,Dry,Fine,Darkness,Nil,Ped crossing,40 km/h,Local,71,Off rd left => obj,703,Left off cway into object,,Other angle,Pedal cycle,Car (sedan/hatch),2,0,1,0,0,11,November,Spring,Monday,20:00 - 21:59,Evening / night,False,False,True,True
1372024,Injury,Serious Injury,2024,2024,December,Sunday,06:00 - 07:59,NEWELL,HWY,280,North,SIRIUS,LANE,COONABARABRAN,17.0,No,Not a school zone,2-way undivided,-31.218123,149.326349,Warrumbungle,Country non-urban,Rest of NSW - Rural,Straight,Ditch/drain/culvert,,,Nil,Sealed,Dry,Fine,Dawn,Nil,No traffic controls,110 km/h,State,74,On road-out of cont.,705,Out of control on cway,,Rollover,Light truck utility(from 2018),,1,0,1,0,0,12,December,Summer,Sunday,06:00 - 07:59,AM peak / school commute,True,False,True,True
1372025,Injury,Serious Injury,2024,2024,November,Monday,22:00 - Midnight,PACIFIC,HWY,100,South,BARK HUT ROAD,OP,WOOLGOOLGA,10.0,No,Not a school zone,Divided road,-30.094811,153.170092,Coffs Harbour,Country non-urban,Rest of NSW - Rural,Straight,,,,On,Sealed,Wet,Raining,Darkness,Nil,No traffic controls,110 km/h,State,33,Lane sideswipe,305,Same - Lane side swipe,,Other angle,Light truck,B-double (road train prior 98),2,0,2,0,0,11,November,Spring,Monday,22:00 - Midnight,Evening / night,False,False,True,True
1372032,Injury,Serious Injury,2024,2024,November,Tuesday,16:00 - 17:59,KAPUTAR,RD,2000,North,EULAH CREEK,RD,NARRABRI,,No,Not a school zone,2-way undivided,-30.330631,149.910744,Narrabri,Country non-urban,Rest of NSW - Rural,Straight,Ditch/drain/culvert,,,Nil,Sealed,Wet,Raining,Daylight,Nil,No traffic controls,100 km/h,Local,73,Off rd rght => obj,704,Right off cway into obj,,Vehicle - Object,Light truck utility(from 2018),,1,0,1,0,0,11,November,Spring,Tuesday,16:00 - 17:59,PM peak / evening commute,True,False,True,True
1372038,Injury,Minor/Other Injury,2024,2024,November,Monday,16:00 - 17:59,BADGERYS CREEK,RD,71,West,THE NORTHERN ROAD,TO,BRINGELLY,7260.0,No,Not a school zone,Other,-33.930338,150.727727,Liverpool,Sydney metro. area,Syd-Newc-Woll Gtr conurbation,Curved,,,,On,Sealed,Dry,Fine,Dusk,Nil,No traffic controls,80 km/h,Regional,20,Head on,201,Opp - Head on,,Head-on,Car (sedan/hatch),Car (sedan/hatch),2,0,0,0,1,11,November,Spring,Monday,16:00 - 17:59,PM peak / evening commute,True,False,True,True
1372039,Injury,Serious Injury,2024,2024,December,Wednesday,14:00 - 15:59,VINE,ST,0,Right on the spot,WESTON,ST,FAIRFIELD,7232.0,Yes,No,T-junction,-33.873228,150.959055,Fairfield,Sydney metro. area,Syd-Newc-Woll Gtr conurbation,Straight,,,,Off,Sealed,Dry,Fine,Daylight,On,Ped crossing,60 km/h,Regional,0,Ped nearside,1,Ped - Near side,,Vehicle - Pedestrian,Station wagon,Pedestrian,2,0,1,0,0,12,December,Summer,Wednesday,14:00 - 15:59,Midday / afternoon,False,False,True,True
1372042,Injury,Serious Injury,2024,2024,October,Saturday,12:00 - 13:59,BULLION,ST,0,Right on the spot,WELLINGTON,ST,UMINA BEACH,,No,Not a school zone,T-junction,-33.519992,151.320119,Central Coast,Country urban,Syd-Newc-Woll Gtr conurbation,Straight,,,,Off,Sealed,Dry,Fine,Daylight,Nil,No traffic controls,50 km/h,Local,21,Right through,202,Opp - Right-thru,,Other angle,4 wheel drive / SUV,Motorcycle,2,0,1,0,0,10,October,Spring,Saturday,12:00 - 13:59,Midday / afternoon,False,False,True,True
1372043,Injury,Serious Injury,2024,2024,October,Sunday,06:00 - 07:59,PACIFIC,HWY,2800,South,MORGANS,RD,BAR POINT,10.0,No,Not a school zone,2-way undivided,-33.4813,151.185614,Central Coast,Country urban,Syd-Newc-Woll Gtr conurbation,Curved,Painted double centre lines,,,Nil,Sealed,Dry,Fine,Daylight,Nil,No traffic controls,60 km/h,State,20,Head on,201,Opp - Head on,,Head-on,Car (sedan/hatch),Light truck utility(from 2018),2,0,2,0,1,10,October,Spring,Sunday,06:00 - 07:59,AM peak / school commute,True,False,True,True
1372044,Injury,Serious Injury,2024,2024,October,Friday,10:00 - 11:59,SHEEPWASH,RD,0,Right on the spot,WILDES MEADOW,RD,AVOCA,261.0,No,Not a school zone,T-junction,-34.598453,150.480807,Wingecarribee,Country urban,Rest of NSW - Urban,Straight,Painted double centre lines,,,Off,Sealed,Dry,Fine,Daylight,Nil,Give way sign,80 km/h,State,53,Overtake turning,506,Ovtak - Overtaking right turn,,Other angle,Light truck,Pedal cycle,2,0,1,0,0,10,October,Spring,Friday,10:00 - 11:59,Midday / afternoon,False,False,True,True
1372045,Injury,Serious Injury,2024,2024,November,Saturday,14:00 - 15:59,THE HORSLEY,DR,100,South,GORDON,ST,CARRAMAR,609.0,No,Not a school zone,2-way undivided,-33.878239,150.965971,Fairfield,Sydney metro. area,Syd-Newc-Woll Gtr conurbation,Straight,,,,Nil,Sealed,Dry,Fine,Daylight,Nil,No traffic controls,60 km/h,State,1,Ped emerging,2,Ped - emerging,,Vehicle - Pedestrian,Car (sedan/hatch),Pedestrian,2,0,1,0,0,11,November,Spring,Saturday,14:00 - 15:59,Midday / afternoon,False,False,True,True
1372046,Injury,Moderate Injury,2024,2024,December,Friday,18:00 - 19:59,CANTERBURY,RD,0,Right on the spot,HARROW,RD,GLENFIELD,680.0,No,Not a school zone,T-junction,-33.980816,150.898152,Campbelltown,Sydney metro. area,Syd-Newc-Woll Gtr conurbation,Straight,,,,Off,Sealed,Dry,Fine,Daylight,On,No traffic controls,60 km/h,State,23,Right/left,203,Opp - Right-left,,Other angle,4 wheel drive / SUV,Pedal cycle,2,0,0,1,0,12,December,Summer,Friday,18:00 - 19:59,PM peak / evening commute,True,False,True,True
1372049,Injury,Minor/Other Injury,2024,2024,November,Monday,12:00 - 13:59,FEDERAL,HWY,0,Right on the spot,FEDERAL HIGHWAY SERVICE,RD,SUTTON,3.0,No,Not a school zone,T-junction,-35.189965,149.226304,Queanbeyan-Palerang Regional,Country non-urban,Rest of NSW - Rural,Straight,,,,Nil,Sealed,Wet,Fine,Daylight,Nil,Stop sign,100 km/h,State,10,Cross traffic,101,Adj - Cross traffic,,Right angle,Car (sedan/hatch),Light truck utility(from 2018),2,0,0,0,2,11,November,Spring,Monday,12:00 - 13:59,Midday / afternoon,False,False,True,True
1372051,Injury,Serious Injury,2024,2024,December,Tuesday,16:00 - 17:59,MENINDEE,RD,0,Right on the spot,CRYSTAL,ST,BROKEN HILL,66.0,No,Not a school zone,T-junction,-31.953923,141.47513,Broken Hill,Country urban,Rest of NSW - Urban,Straight,,,,Off,Sealed,Dry,Fine,Daylight,Nil,Give way sign,50 km/h,Regional,13,Right near,104,Adj - Right-thru from right,,Right angle,Road train,Utility,2,0,1,0,0,12,December,Summer,Tuesday,16:00 - 17:59,PM peak / evening commute,True,False,True,True
1372053,Injury,Serious Injury,2024,2024,December,Wednesday,06:00 - 07:59,LONDONDERRY,RD,0,Right on the spot,REYNOLDS,RD,LONDONDERRY,630.0,No,Not a school zone,T-junction,-33.630253,150.738693,Penrith,Sydney metro. area,Syd-Newc-Woll Gtr conurbation,Straight,Embankment/cutting,,,On,Sealed,Dry,Fine,Daylight,Nil,No traffic controls,80 km/h,State,75,Off end of road,709,Off end cway or T junct,,Vehicle - Object,Light truck utility(from 2018),,1,0,1,0,0,12,December,Summer,Wednesday,06:00 - 07:59,AM peak / school commute,True,False,True,True
1372059,Injury,Moderate Injury,2024,2024,November,Tuesday,12:00 - 13:59,MT DARRAGH,RD,6000,West,NEW BUILDINGS,RD,WYNDHAM,91.0,No,Not a school zone,2-way undivided,-36.892396,149.601936,Bega Valley,Country urban,Rest of NSW - Urban,Straight,Embankment/cutting,,,Nil,Sealed,Dry,Overcast,Daylight,Nil,No traffic controls,60 km/h,Regional,71,Off rd left => obj,703,Left off cway into object,,Vehicle - Object,Light truck,,1,0,0,1,0,11,November,Spring,Tuesday,12:00 - 13:59,Midday / afternoon,False,False,True,True
1372064,Injury,Moderate Injury,2024,2024,December,Tuesday,06:00 - 07:59,CARY,ST,0,Right on the spot,NUMBER 92,HN,TORONTO,217.0,No,Not a school zone,2-way undivided,-33.006342,151.59453,Lake Macquarie,Newcastle met. area,Syd-Newc-Woll Gtr conurbation,Straight,,,,Off,Sealed,Dry,Fine,Daylight,Nil,No traffic controls,60 km/h,State,71,Off rd left => obj,703,Left off cway into object,,Other angle,Car (sedan/hatch),4 wheel drive / SUV,2,0,0,1,0,12,December,Summer,Tuesday,06:00 - 07:59,AM peak / school commute,True,False,True,True
1372066,Injury,Serious Injury,2024,2024,October,Tuesday,14:00 - 15:59,BOWNA WATERS,RD,500,South,OLD SYDNEY,RD,TABLE TOP,,No,Not a school zone,2-way undivided,-36.00486,147.053184,Albury,Country urban,Rest of NSW - Urban,Curved,,,,Nil,Sealed,Dry,Fine,Daylight,Nil,No traffic controls,50 km/h,Local,81,Off left/rt bnd=>obj,803,Off right bend into obj,Left,Vehicle - Object,Car (sedan/hatch),,1,0,2,0,0,10,October,Spring,Tuesday,14:00 - 15:59,Midday / afternoon,False,False,True,True
1372067,Injury,Minor/Other Injury,2024,2024,October,Wednesday,12:00 - 13:59,FERODALE,RD,0,Right on the spot,WOOLWORTHS CAR PARK,ENT,MEDOWIE,,No,Not a school zone,2-way undivided,-32.74128,151.866298,Port Stephens,Country urban,Rest of NSW - Urban,Straight,Driveway/entrance,,,Nil,Sealed,Dry,Fine,Daylight,Nil,No traffic controls,50 km/h,Local,47,Emerging from drive,406,Manov - Emerging from driveway,,Right angle,Car (sedan/hatch),Pedal cycle,2,0,0,0,1,10,October,Spring,Wednesday,12:00 - 13:59,Midday / afternoon,False,False,True,True