crash_id,degree_of_crash,degree_of_crash_-_detailed,reporting_year,year_of_crash,month_of_crash,day_of_week_of_crash,two-hour_intervals,street_of_crash,street_type,distance,direction,identifying_feature,identifying_feature_type,town,route_no.,school_zone_location,school_zone_active,type_of_location,latitude,longitude,lga,urbanisation,conurbation_1,alignment,primary_permanent_feature,primary_temporary_feature,primary_hazardous_feature,street_lighting,road_surface,surface_condition,weather,natural_lighting,signals_operation,other_traffic_control,speed_limit,road_classification_(admin),rum_-_code,rum_-_description,dca_-_code,dca_-_description,dca_supplement,first_impact_type,key_tu_type,other_tu_type,no._of_traffic_units_involved,no._killed,no._seriously_injured,no._moderately_injured,no._minor-other_injured,month_num,month_label,season,day_label,time_label,time_band,is_peak_commute,is_fatal,is_injury,is_casualty
1372070,Injury,Serious Injury,2024,2024,September,Thursday,10:00 - 11:59,OLD NORTHERN,RD,0,Right on the spot,CHELSEA,AVE,BAULKHAM HILLS,160.0,No,Not a school zone,T-junction,-33.750581,150.99417,The Hills,Sydney metro. area,Syd-Newc-Woll Gtr conurbation,Curved,,,,Off,Sealed,Wet,Raining,Daylight,Nil,No traffic controls,60 km/h,State,2,Ped far side,3,Ped - Far side,,Vehicle - Pedestrian,Car (sedan/hatch),Pedestrian,2,0,1,0,0,9,September,Spring,Thursday,10:00 - 11:59,Midday / afternoon,False,False,True,True
1372071,Injury,Serious Injury,2024,2024,May,Friday,10:00 - 11:59,LAKEWOOD,DR,0,Right on the spot,NUMBER 20,HN,WOODCROFT,,No,Not a school zone,2-way undivided,-33.756365,150.877309,Blacktown,Sydney metro. area,Syd-Newc-Woll Gtr conurbation,Straight,,,,Nil,Sealed,Dry,Fine,Daylight,Nil,No traffic controls,50 km/h,Local,71,Off rd left => obj,703,Left off cway into object,,Vehicle - Object,Light truck,,1,0,1,0,0,5,May,Autumn,Friday,10:00 - 11:59,Midday / afternoon,False,False,True,True
1372073,Injury,Serious Injury,2024,2024,October,Thursday,10:00 - 11:59,WESTERN,EXP,0,Right on the spot,GREAT WESTERN HIGHWAY,TO,HOLROYD,6004.0,No,Not a school zone,Dual freeway,-33.827614,151.000685,Parramatta,Sydney metro. area,Syd-Newc-Woll Gtr conurbation,Straight,,,,Off,Sealed,Dry,Fine,Daylight,Nil,No traffic controls,90 km/h,State,71,Off rd left => obj,703,Left off cway into object,,Vehicle - Object,Motorcycle,,2,0,1,0,0,10,October,Spring,Thursday,10:00 - 11:59,Midday / afternoon,False,False,True,True
1372074,Injury,Serious Injury,2024,2024,October,Wednesday,08:00 - 09:59,DAVIES,RD,0,Right on the spot,WATSON,RD,PADSTOW,190.0,No,Not a school zone,X-intersection,-33.944997,151.034842,Canterbury-Bankstown,Sydney metro. area,Syd-Newc-Woll Gtr conurbation,Curved,Steep grade,,,On,Sealed,Dry,Fine,Daylight,On,No traffic controls,70 km/h,State,30,Rear end,301,Same - Rear end,,Rear end,Car (sedan/hatch),Light truck utility(from 2018),2,0,1,0,0,10,October,Spring,Wednesday,08:00 - 09:59,AM peak / school commute,True,False,True,True
1372078,Injury,Moderate Injury,2024,2024,November,Sunday,18:00 - 19:59,HUME,HWY,0,Right on the spot,ELIZABETH,DR,LIVERPOOL,2.0,No,Not a school zone,X-intersection,-33.919514,150.919343,Liverpool,Sydney metro. area,Syd-Newc-Woll Gtr conurbation,Straight,,,,Off,Sealed,Wet,Overcast,Dusk,On,No traffic controls,60 km/h,State,30,Rear end,301,Same - Rear end,,Rear end,Car (sedan/hatch),4 wheel drive / SUV,2,0,0,1,0,11,November,Spring,Sunday,18:00 - 19:59,PM peak / evening commute,True,False,True,True
1372079,Injury,Serious Injury,2024,2024,December,Tuesday,06:00 - 07:59,RIVERSIDE,DR,0,Right on the spot,DAVE'S SEAFOOD,ENT,NAMBUCCA HEADS,623.0,No,Not a school zone,2-way undivided,-30.648548,152.997929,Nambucca Valley,Country urban,Rest of NSW - Urban,Straight,Driveway/entrance,,,Nil,Sealed,Dry,Fine,Daylight,Nil,No traffic controls,50 km/h,Regional,30,Rear end,301,Same - Rear end,,Rear end,Car (sedan/hatch),Car (sedan/hatch),3,0,1,0,0,12,December,Summer,Tuesday,06:00 - 07:59,AM peak / school commute,True,False,True,True
1372082,Injury,Moderate Injury,2024,2024,October,Thursday,08:00 - 09:59,MAJORS,LANE,0,Right on the spot,NUMBER 409,HN,KEINBAH,,No,Not a school zone,2-way undivided,-32.762917,151.421182,Cessnock,Country urban,Rest of NSW - Urban,Curved,,,"Loose gravel, sealed",Nil,Sealed,Dry,Fine,Daylight,Nil,No traffic controls,80 km/h,Local,83,Off rt/rt bnd=>obj,803,Off right bend into obj,Right,Vehicle - Object,4 wheel drive / SUV,,1,0,0,1,0,10,October,Spring,Thursday,08:00 - 09:59,AM peak / school commute,True,False,True,True
1372085,Injury,Serious Injury,2024,2024,December,Saturday,22:00 - Midnight,MACAULEY,AVE,0,Right on the spot,RESTWELL,ST,BANKSTOWN,7124.0,No,Not a school zone,T-junction,-33.924399,151.034288,Canterbury-Bankstown,Sydney metro. area,Syd-Newc-Woll Gtr conurbation,Straight,,,,On,Sealed,Dry,Fine,Darkness,On,No traffic controls,60 km/h,Regional,13,Right near,104,Adj - Right-thru from right,,Right angle,Other bus,Motorcycle,2,0,1,0,0,12,December,Summer,Saturday,22:00 - Midnight,Evening / night,False,False,True,True
1372090,Injury,Serious Injury,2024,2024,December,Saturday,08:00 - 09:59,RED HILL,RD,100,West,PINEAPPLE POINT,RD,OURIMBAH,,No,Not a school zone,2-way undivided,-33.290522,151.353943,Central Coast,Country urban,Syd-Newc-Woll Gtr conurbation,Straight,,,,Nil,Unsealed,Dry,Fine,Daylight,Nil,No traffic controls,50 km/h,Local,74,On road-out of cont.,705,Out of control on cway,,Rollover,Motorcycle,,1,0,1,0,0,12,December,Summer,Saturday,08:00 - 09:59,AM peak / school commute,True,False,True,True
1372093,Injury,Moderate Injury,2024,2024,December,Monday,22:00 - Midnight,WESTERN,EXP,2000,East,CLUNIES ROSS,OP,GREYSTANES,6004.0,No,Not a school zone,Dual freeway,-33.812315,150.947905,Cumberland,Sydney metro. area,Syd-Newc-Woll Gtr conurbation,Straight,,,,On,Sealed,Dry,Fine,Darkness,Nil,No traffic controls,100 km/h,State,30,Rear end,301,Same - Rear end,,Rear end,Car (sedan/hatch),Station wagon,2,0,0,2,1,12,December,Summer,Monday,22:00 - Midnight,Evening / night,False,False,True,True
1372094,Injury,Minor/Other Injury,2024,2024,December,Wednesday,12:00 - 13:59,AUBURN,RD,0,Right on the spot,RODD,ST,BIRRONG,7105.0,No,Not a school zone,Roundabout,-33.892493,151.021972,Canterbury-Bankstown,Sydney metro. area,Syd-Newc-Woll Gtr conurbation,Straight,,,,Off,Sealed,Dry,Fine,Daylight,Nil,Give way sign,60 km/h,Regional,30,Rear end,301,Same - Rear end,,Rear end,Light truck,Car (sedan/hatch),3,0,0,0,1,12,December,Summer,Wednesday,12:00 - 13:59,Midday / afternoon,False,False,True,True
1372095,Injury,Serious Injury,2024,2024,May,Monday,10:00 - 11:59,SUMMERLAND,WAY,7300,North,MOUNT LINDESAY,RD,DAIRY FLAT,83.0,No,Not a school zone,2-way undivided,-28.334916,152.68386,Kyogle,Country non-urban,Rest of NSW - Rural,Curved,,,,Nil,Sealed,Dry,Fine,Daylight,Nil,No traffic controls,100 km/h,State,87,Off lft/lft bnd=>obj,804,Off left bend into obj,Left,Vehicle - Object,Motorcycle,,1,0,1,0,0,5,May,Autumn,Monday,10:00 - 11:59,Midday / afternoon,False,False,True,True
1372097,Injury,Minor/Other Injury,2024,2024,October,Sunday,18:00 - 19:59,LONDON,DR,50,South,THERRY,ST,WEST WOLLONGONG,,No,Not a school zone,2-way undivided,-34.428103,150.862746,Wollongong,Wollongong met. area,Syd-Newc-Woll Gtr conurbation,Straight,,,,Nil,Sealed,Dry,Overcast,Dusk,Nil,No traffic controls,50 km/h,Local,71,Off rd left => obj,703,Left off cway into object,,Other angle,4 wheel drive / SUV,Car (sedan/hatch),3,0,0,0,1,10,October,Spring,Sunday,18:00 - 19:59,PM peak / evening commute,True,False,True,True
1372098,Injury,Serious Injury,2024,2024,October,Wednesday,12:00 - 13:59,ELIZABETH,ST,0,Right on the spot,LIVERPOOL,ST,SYDNEY,7083.0,No,Not a school zone,X-intersection,-33.876852,151.209453,Sydney,Sydney metro. area,Syd-Newc-Woll Gtr conurbation,Straight,,,,Unknown / not stated,Sealed,Unknown,Unknown,Daylight,On,No traffic controls,40 km/h,Regional,2,Ped far side,3,Ped - Far side,,Vehicle - Pedestrian,Car (sedan/hatch),Pedestrian,2,0,1,0,0,10,October,Spring,Wednesday,12:00 - 13:59,Midday / afternoon,False,False,True,True
1372099,Injury,Moderate Injury,2024,2024,November,Saturday,22:00 - Midnight,DYRRING,RD,1100,North,RETREAT,RD,DYRRING,,No,Not a school zone,2-way undivided,-32.523501,151.218662,Singleton,Country non-urban,Rest of NSW - Rural,Straight,Crest,,,Nil,Sealed,Wet,Raining,Darkness,Nil,No traffic controls,100 km/h,Local,73,Off rd rght => obj,704,Right off cway into obj,,Vehicle - Object,Light truck utility(from 2018),,1,0,0,1,0,11,November,Spring,Saturday,22:00 - Midnight,Evening / night,False,False,True,True
1372111,Injury,Minor/Other Injury,2024,2024,December,Thursday,18:00 - 19:59,BAY,ST,0,Right on the spot,GIBBES,ST,ROCKDALE,169.0,No,Not a school zone,T-junction,-33.955384,151.143402,Bayside,Sydney metro. area,Syd-Newc-Woll Gtr conurbation,Straight,,,,Unknown / not stated,Sealed,Dry,Fine,Daylight,Nil,No traffic controls,60 km/h,State,10,Cross traffic,101,Adj - Cross traffic,,Right angle,Car (sedan/hatch),Pedal cycle,2,0,0,0,1,12,December,Summer,Thursday,18:00 - 19:59,PM peak / evening commute,True,False,True,True
1372112,Injury,Minor/Other Injury,2024,2024,September,Thursday,16:00 - 17:59,HAWKSVIEW,ST,100,East,FOWLER,RD,GUILDFORD,7253.0,No,Not a school zone,2-way undivided,-33.844871,150.97521,Cumberland,Sydney metro. area,Syd-Newc-Woll Gtr conurbation,Straight,,,,Unknown / not stated,Sealed,Dry,Fine,Dusk,Nil,No traffic controls,50 km/h,Regional,30,Rear end,301,Same - Rear end,,Rear end,Car (sedan/hatch),Car (sedan/hatch),2,0,0,0,1,9,September,Spring,Thursday,16:00 - 17:59,PM peak / evening commute,True,False,True,True
1372122,Injury,Minor/Other Injury,2024,2024,September,Wednesday,18:00 - 19:59,WARRINGAH,RD,0,Right on the spot,RYRIE,AVE,FORESTVILLE,328.0,No,Not a school zone,X-intersection,-33.76273,151.206692,Northern Beaches,Sydney metro. area,Syd-Newc-Woll Gtr conurbation,Straight,,,,Unknown / not stated,Sealed,Dry,Fine,Darkness,Nil,Give way sign,70 km/h,State,39,Other same direction,300,Same - other,,Other angle,Car (sedan/hatch),Car (sedan/hatch),3,0,0,0,1,9,September,Spring,Wednesday,18:00 - 19:59,PM peak / evening commute,True,False,True,True
1372127,Injury,Minor/Other Injury,2024,2024,November,Friday,06:00 - 07:59,HUME,HWY,0,Right on the spot,BEECH,RD,CASULA,2.0,No,Not a school zone,X-intersection,-33.957487,150.882391,Liverpool,Sydney metro. area,Syd-Newc-Woll Gtr conurbation,Straight,,,,Unknown / not stated,Sealed,Dry,Fine,Daylight,On,No traffic controls,70 km/h,State,30,Rear end,301,Same - Rear end,,Rear end,Light truck utility(from 2018),Station wagon,2,0,0,0,2,11,November,Spring,Friday,06:00 - 07:59,AM peak / school commute,True,False,True,True
1372129,Injury,Minor/Other Injury,2024,2024,December,Monday,20:00 - 21:59,KINGSWAY,MS,0,Right on the spot,GANNONS,RD,CARINGBAH SOUTH,227.0,No,Not a school zone,X-intersection,-34.045745,151.132902,Sutherland,Sydney metro. area,Syd-Newc-Woll Gtr conurbation,Straight,,,,Unknown / not stated,Sealed,Dry,Fine,Darkness,On,No traffic controls,70 km/h,State,21,Right through,202,Opp - Right-thru,,Other angle,Car (sedan/hatch),Car (sedan/hatch),2,0,0,0,1,12,December,Summer,Monday,20:00 - 21:59,Evening / night,False,False,True,True
1372138,Injury,Moderate Injury,2024,2024,November,Saturday,16:00 - 17:59,CARRATHOOL,RD,2300,North,YANCO,RD,CONARGO,,No,Not a school zone,2-way undivided,-35.25468,145.244255,Edward River,Country non-urban,Rest of NSW - Rural,Curved,,,,Unknown / not stated,Sealed,Dry,Overcast,Daylight,Nil,No traffic controls,100 km/h,Local,84,Off right/left bend,802,Off cway left bend,Right,Rollover,Light truck utility(from 2018),,1,0,0,1,0,11,November,Spring,Saturday,16:00 - 17:59,PM peak / evening commute,True,False,True,True
1372139,Injury,Moderate Injury,2024,2024,November,Friday,20:00 - 21:59,KING,ST,10,West,CASTLEREAGH,ST,SYDNEY,7308.0,No,Not a school zone,X-intersection,-33.869058,151.20956,Sydney,Sydney metro. area,Syd-Newc-Woll Gtr conurbation,Straight,,,,On,Sealed,Dry,Fine,Darkness,On,No right turn,40 km/h,Regional,30,Rear end,301,Same - Rear end,,Rear end,Car (sedan/hatch),Motorcycle,2,0,0,1,0,11,November,Spring,Friday,20:00 - 21:59,Evening / night,False,False,True,True
1372141,Injury,Minor/Other Injury,2024,2024,November,Tuesday,14:00 - 15:59,M2 HILLS,EXP,800,West,CUMBERLAND HIGHWAY,OP,CARLINGFORD,6002.0,No,Not a school zone,Dual freeway,-33.760078,151.040439,Parramatta,Sydney metro. area,Syd-Newc-Woll Gtr conurbation,Straight,Steep grade,,,Unknown / not stated,Sealed,Dry,Fine,Daylight,Nil,No traffic controls,100 km/h,State,30,Rear end,301,Same - Rear end,,Rear end,Light truck utility(from 2018),Light truck utility(from 2018),2,0,0,0,1,11,November,Spring,Tuesday,14:00 - 15:59,Midday / afternoon,False,False,True,True
1372162,Injury,Minor/Other Injury,2024,2024,October,Friday,14:00 - 15:59,NOVARA,CRES,0,Right on the spot,NUMBER 13,HN,COMO,,Yes,No,2-way undivided,-34.003006,151.068256,Sutherland,Sydney metro. area,Syd-Newc-Woll Gtr conurbation,Curved,Steep grade,,,Unknown / not stated,Sealed,Dry,Fine,Daylight,Nil,No traffic controls,50 km/h,Local,63,Vehicle door,604,On path - Vehicle door,,Other angle,Car (sedan/hatch),4 wheel drive / SUV,2,0,0,0,1,10,October,Spring,Friday,14:00 - 15:59,Midday / afternoon,False,False,True,True
1372163,Injury,Moderate Injury,2024,2024,October,Tuesday,08:00 - 09:59,SOUTH WESTERN,EXP,50,East,HEATHCOTE ROAD,OP,MOOREBANK,6005.0,No,Not a school zone,Dual freeway,-33.942023,150.94286,Liverpool,Sydney metro. area,Syd-Newc-Woll Gtr conurbation,Straight,,,,Unknown / not stated,Sealed,Dry,Fine,Daylight,Nil,No traffic controls,100 km/h,State,30,Rear end,301,Same - Rear end,,Rear end,Unknown motor vehicle,Car (sedan/hatch),2,0,0,1,0,10,October,Spring,Tuesday,08:00 - 09:59,AM peak / school commute,True,False,True,True
1372166,Injury,Moderate Injury,2024,2024,December,Tuesday,14:00 - 15:59,LAMBETH,ST,0,Right on the spot,NUMBER 100,HN,PANANIA,,No,Not a school zone,2-way undivided,-33.962823,150.997795,Canterbury-Bankstown,Sydney metro. area,Syd-Newc-Woll Gtr conurbation,Straight,,,,Unknown / not stated,Sealed,Dry,Fine,Daylight,Nil,No traffic controls,50 km/h,Local,71,Off rd left => obj,703,Left off cway into object,,Other angle,Car (sedan/hatch),Car (sedan/hatch),3,0,0,1,0,12,December,Summer,Tuesday,14:00 - 15:59,Midday / afternoon,False,False,True,True
1372171,Injury,Minor/Other Injury,2024,2024,November,Wednesday,08:00 - 09:59,ORIORDAN,ST,0,Right on the spot,NUMBER 9-13,HN,ALEXANDRIA,658.0,No,Not a school zone,2-way undivided,-33.907346,151.20113,Sydney,Sydney metro. area,Syd-Newc-Woll Gtr conurbation,Straight,Driveway/entrance,,,Unknown / not stated,Sealed,Dry,Fine,Daylight,Nil,No traffic controls,50 km/h,State,47,Emerging from drive,406,Manov - Emerging from driveway,,Right angle,Car (sedan/hatch),Car (sedan/hatch),2,0,0,0,1,11,November,Spring,Wednesday,08:00 - 09:59,AM peak / school commute,True,False,True,True
1372173,Injury,Minor/Other Injury,2024,2024,December,Friday,16:00 - 17:59,PACIFIC,ST,999999,Unknown/not stated,UNKNOWN,UK,NEWCASTLE,,No,Not a school zone,2-way undivided,-32.928289,151.785435,Newcastle,Newcastle met. area,Syd-Newc-Woll Gtr conurbation,Straight,,,,Unknown / not stated,Sealed,Dry,Fine,Daylight,Nil,No traffic controls,40 km/h,Local,30,Rear end,301,Same - Rear end,,Rear end,Light truck utility(from 2018),Car (sedan/hatch),2,0,0,0,1,12,December,Summer,Friday,16:00 - 17:59,PM peak / evening commute,True,False,True,True
1372174,Injury,Minor/Other Injury,2024,2024,December,Monday,08:00 - 09:59,THIRD,AVE,0,Right on the spot,SUNNYHOLT ROAD,TO,BLACKTOWN,683.0,No,Not a school zone,Divided road,-33.766047,150.912345,Blacktown,Sydney metro. area,Syd-Newc-Woll Gtr conurbation,Straight,,,,Unknown / not stated,Sealed,Dry,Fine,Daylight,Nil,No traffic controls,60 km/h,State,30,Rear end,301,Same - Rear end,,Rear end,Car (sedan/hatch),Car (sedan/hatch),2,0,0,0,1,12,December,Summer,Monday,08:00 - 09:59,AM peak / school commute,True,False,True,True
1372187,Injury,Minor/Other Injury,2024,2024,November,Wednesday,16:00 - 17:59,CAMPBELLTOWN,RD,0,Right on the spot,BOUDDI,ST,BOW BOWING,177.0,No,Not a school zone,Roundabout,-34.020139,150.835782,Campbelltown,Sydney metro. area,Syd-Newc-Woll Gtr conurbation,Straight,,,,Unknown / not stated,Sealed,Dry,Fine,Daylight,Nil,Give way sign,70 km/h,State,39,Other same direction,300,Same - other,,Other angle,4 wheel drive / SUV,Car (sedan/hatch),2,0,0,0,1,11,November,Spring,Wednesday,16:00 - 17:59,PM peak / evening commute,True,False,True,True
1372197,Injury,Minor/Other Injury,2024,2024,November,Friday,16:00 - 17:59,GLEBE,RD,0,Right on the spot,NUMBER 533,HN,ADAMSTOWN,188.0,Yes,No,2-way undivided,-32.934831,151.729746,Newcastle,Newcastle met. area,Syd-Newc-Woll Gtr conurbation,Straight,Driveway/entrance,,,Unknown / not stated,Sealed,Dry,Fine,Daylight,Nil,No traffic controls,60 km/h,Regional,21,Right through,202,Opp - Right-thru,,Other angle,Car (sedan/hatch),Car (sedan/hatch),2,0,0,0,1,11,November,Spring,Friday,16:00 - 17:59,PM peak / evening commute,True,False,True,True
1372202,Injury,Moderate Injury,2024,2024,October,Friday,18:00 - 19:59,THE RIVER,RD,0,Right on the spot,SPHINX,AVE,REVESBY,2068.0,No,Not a school zone,T-junction,-33.95176,151.017244,Canterbury-Bankstown,Sydney metro. area,Syd-Newc-Woll Gtr conurbation,Straight,,,,Unknown / not stated,Sealed,Wet,Raining,Darkness,On,No traffic controls,60 km/h,Regional,30,Rear end,301,Same - Rear end,,Rear end,Car (sedan/hatch),Car (sedan/hatch),2,0,0,1,1,10,October,Spring,Friday,18:00 - 19:59,PM peak / evening commute,True,False,True,True
1372205,Injury,Moderate Injury,2024,2024,November,Saturday,12:00 - 13:59,CROWN,ST,0,Right on the spot,EDMUND,ST,GRANTHAM FARM,,No,Not a school zone,X-intersection,-33.663964,150.873757,Blacktown,Sydney metro. area,Syd-Newc-Woll Gtr conurbation,Straight,,,,Unknown / not stated,Sealed,Dry,Fine,Daylight,Nil,Give way sign,60 km/h,Local,10,Cross traffic,101,Adj - Cross traffic,,Right angle,Car (sedan/hatch),Motorcycle,2,0,0,1,0,11,November,Spring,Saturday,12:00 - 13:59,Midday / afternoon,False,False,True,True
1372210,Injury,Minor/Other Injury,2024,2024,October,Saturday,22:00 - Midnight,HUME,HWY,50,East,THE HORSLEY,DR,LANSDOWNE,2.0,No,Not a school zone,Divided road,-33.889062,150.97029,Canterbury-Bankstown,Sydney metro. area,Syd-Newc-Woll Gtr conurbation,Curved,,,,Unknown / not stated,Sealed,Dry,Fine,Darkness,Nil,No traffic controls,70 km/h,State,30,Rear end,301,Same - Rear end,,Rear end,Car (sedan/hatch),4 wheel drive / SUV,2,0,0,0,1,10,October,Spring,Saturday,22:00 - Midnight,Evening / night,False,False,True,True
1372212,Injury,Minor/Other Injury,2024,2024,December,Monday,14:00 - 15:59,INGLEBURN,RD,0,Right on the spot,RICKARD,RD,LEPPINGTON,,No,Not a school zone,Roundabout,-33.962762,150.806004,Camden,Sydney metro. area,Syd-Newc-Woll Gtr conurbation,Straight,,,,Unknown / not stated,Sealed,Dry,Fine,Daylight,Nil,Give way sign,70 km/h,Local,30,Rear end,301,Same - Rear end,,Rear end,4 wheel drive / SUV,Light truck utility(from 2018),2,0,0,0,1,12,December,Summer,Monday,14:00 - 15:59,Midday / afternoon,False,False,True,True
1372213,Injury,Minor/Other Injury,2024,2024,October,Wednesday,18:00 - 19:59,FALCONER,ST,0,Right on the spot,PARKES,ST,WEST RYDE,,No,Not a school zone,X-intersection,-33.807034,151.096792,Ryde,Sydney metro. area,Syd-Newc-Woll Gtr conurbation,Straight,,,,Unknown / not stated,Sealed,Dry,Fine,Unknown,Nil,Stop sign,50 km/h,Local,10,Cross traffic,101,Adj - Cross traffic,,Right angle,Car (sedan/hatch),4 wheel drive / SUV,2,0,0,0,2,10,October,Spring,Wednesday,18:00 - 19:59,PM peak / evening commute,True,False,True,True
1372229,Injury,Minor/Other Injury,2024,2024,November,Wednesday,12:00 - 13:59,HUME,HWY,30,West,GOVERNOR MACQUARIE,DR,WARWICK FARM,2.0,No,Not a school zone,Divided road,-33.911441,150.937789,Liverpool,Sydney metro. area,Syd-Newc-Woll Gtr conurbation,Straight,,,,Unknown / not stated,Sealed,Dry,Fine,Daylight,Nil,No traffic controls,70 km/h,State,34,Lane change right,306,Same - Lane change right,,Other angle,Car (sedan/hatch),Light truck,2,0,0,0,1,11,November,Spring,Wednesday,12:00 - 13:59,Midday / afternoon,False,False,True,True
1372230,Injury,Moderate Injury,2024,2024,October,Thursday,18:00 - 19:59,ANZAC,PDE,0,Right on the spot,TODMAN,AVE,KENSINGTON,171.0,No,Not a school zone,X-intersection,-33.910064,151.223401,Randwick,Sydney metro. area,Syd-Newc-Woll Gtr conurbation,Straight,,,,Unknown / not stated,Sealed,Wet,Raining,Darkness,On,No traffic controls,50 km/h,State,30,Rear end,301,Same - Rear end,,Rear end,4 wheel drive / SUV,4 wheel drive / SUV,2,0,0,1,0,10,October,Spring,Thursday,18:00 - 19:59,PM peak / evening commute,True,False,True,True
1372242,Injury,Minor/Other Injury,2024,2024,November,Wednesday,22:00 - Midnight,SECOND,AVE,100,South,FOURTH,AVE,LLANDILO,7287.0,No,Not a school zone,2-way undivided,-33.698518,150.758722,Penrith,Sydney metro. area,Syd-Newc-Woll Gtr conurbation,Straight,,,,Unknown / not stated,Sealed,Wet,Raining,Darkness,Nil,No traffic controls,70 km/h,Regional,20,Head on,201,Opp - Head on,,Head-on,Car (sedan/hatch),4 wheel drive / SUV,2,0,0,0,2,11,November,Spring,Wednesday,22:00 - Midnight,Evening / night,False,False,True,True
1372243,Injury,Minor/Other Injury,2024,2024,January,Monday,16:00 - 17:59,PITTWATER,RD,0,Right on the spot,COLLINGWOOD,ST,MANLY,159.0,No,Not a school zone,Multiple intersection,-33.787839,151.284494,Northern Beaches,Sydney metro. area,Syd-Newc-Woll Gtr conurbation,Curved,,,,Unknown / not stated,Sealed,Dry,Fine,Daylight,On,No traffic controls,50 km/h,State,34,Lane change right,306,Same - Lane change right,,Other angle,Motorcycle,4 wheel drive / SUV,2,0,0,0,1,1,January,Summer,Monday,16:00 - 17:59,PM peak / evening commute,True,False,True,True
1372258,Injury,Minor/Other Injury,2024,2024,November,Wednesday,14:00 - 15:59,M7 WESTLINK,EXP,815,South,ELIZABETH DRIVE,OP,CECIL HILLS,6009.0,No,Not a school zone,Dual freeway,-33.883264,150.838581,Liverpool,Sydney metro. area,Syd-Newc-Woll Gtr conurbation,Straight,,,,Unknown / not stated,Sealed,Dry,Fine,Daylight,Nil,No traffic controls,80 km/h,State,30,Rear end,301,Same - Rear end,,Rear end,4 wheel drive / SUV,Car (sedan/hatch),2,0,0,0,1,11,November,Spring,Wednesday,14:00 - 15:59,Midday / afternoon,False,False,True,True
1372263,Injury,Serious Injury,2024,2024,November,Wednesday,18:00 - 19:59,OLD PACIFIC,HWY,0,Right on the spot,NUMBER 138,HN,OURIMBAH,,No,Not a school zone,2-way undivided,-33.342786,151.372221,Central Coast,Country urban,Syd-Newc-Woll Gtr conurbation,Curved,,,,Unknown / not stated,Sealed,Dry,Fine,Daylight,Nil,No traffic controls,60 km/h,Local,83,Off rt/rt bnd=>obj,803,Off right bend into obj,Right,Vehicle - Object,Car (sedan/hatch),,1,0,1,0,0,11,November,Spring,Wednesday,18:00 - 19:59,PM peak / evening commute,True,False,True,True
1372266,Injury,Minor/Other Injury,2024,2024,December,Tuesday,16:00 - 17:59,PRINCES,HWY,50,East,COREA,ST,SYLVANIA,1.0,No,Not a school zone,Divided road,-34.00861,151.101629,Sutherland,Sydney metro. area,Syd-Newc-Woll Gtr conurbation,Straight,,,,Unknown / not stated,Sealed,Dry,Fine,Daylight,Nil,No traffic controls,70 km/h,State,30,Rear end,301,Same - Rear end,,Rear end,4 wheel drive / SUV,4 wheel drive / SUV,2,0,0,0,1,12,December,Summer,Tuesday,16:00 - 17:59,PM peak / evening commute,True,False,True,True
1372267,Injury,Moderate Injury,2024,2024,December,Saturday,18:00 - 19:59,DARCY,RD,50,East,FULTON,AVE,WENTWORTHVILLE,7481.0,No,Not a school zone,2-way undivided,-33.803524,150.977675,Parramatta,Sydney metro. area,Syd-Newc-Woll Gtr conurbation,Curved,,,,Unknown / not stated,Sealed,Dry,Fine,Daylight,Nil,No traffic controls,50 km/h,Regional,81,Off left/rt bnd=>obj,803,Off right bend into obj,Left,Vehicle - Object,Light truck,,1,0,0,1,0,12,December,Summer,Saturday,18:00 - 19:59,PM peak / evening commute,True,False,True,True
1372273,Injury,Minor/Other Injury,2024,2024,November,Friday,06:00 - 07:59,MAIN,RD,0,Right on the spot,STANFORD,ST,HEDDON GRETA,195.0,No,Not a school zone,T-junction,-32.803418,151.511629,Cessnock,Country urban,Rest of NSW - Urban,Straight,,,,Unknown / not stated,Sealed,Dry,Fine,Daylight,Nil,Give way sign,60 km/h,State,30,Rear end,301,Same - Rear end,,Rear end,Light truck utility(from 2018),Car (sedan/hatch),3,0,0,0,1,11,November,Spring,Friday,06:00 - 07:59,AM peak / school commute,True,False,True,True
1372277,Injury,Moderate Injury,2024,2024,December,Tuesday,10:00 - 11:59,BICENTENARY,RD,200,South,CHASELING,RD,WEBBS CREEK,,No,Not a school zone,2-way undivided,-33.391487,150.972009,Hawkesbury,Country urban,Syd-Newc-Woll Gtr conurbation,Curved,,,,Unknown / not stated,Unsealed,Dry,Fine,Daylight,Nil,No traffic controls,50 km/h,Local,88,Out of cont on bend,805,Out of control on bend,,Rollover,Motorcycle,,1,0,0,1,0,12,December,Summer,Tuesday,10:00 - 11:59,Midday / afternoon,False,False,True,True
1372283,Injury,Minor/Other Injury,2024,2024,December,Tuesday,16:00 - 17:59,HILL,RD,0,Right on the spot,HOLKER,ST,SYDNEY OLYMPIC PARK,7466.0,No,Not a school zone,T-junction,-33.835308,151.065464,Parramatta,Sydney metro. area,Syd-Newc-Woll Gtr conurbation,Straight,,,,Unknown / not stated,Sealed,Dry,Fine,Daylight,On,No traffic controls,60 km/h,Regional,30,Rear end,301,Same - Rear end,,Rear end,Car (sedan/hatch),Car (sedan/hatch),2,0,0,0,1,12,December,Summer,Tuesday,16:00 - 17:59,PM peak / evening commute,True,False,True,True