crash_id,degree_of_crash,degree_of_crash_-_detailed,reporting_year,year_of_crash,month_of_crash,day_of_week_of_crash,two-hour_intervals,street_of_crash,street_type,distance,direction,identifying_feature,identifying_feature_type,town,route_no.,school_zone_location,school_zone_active,type_of_location,latitude,longitude,lga,urbanisation,conurbation_1,alignment,primary_permanent_feature,primary_temporary_feature,primary_hazardous_feature,street_lighting,road_surface,surface_condition,weather,natural_lighting,signals_operation,other_traffic_control,speed_limit,road_classification_(admin),rum_-_code,rum_-_description,dca_-_code,dca_-_description,dca_supplement,first_impact_type,key_tu_type,other_tu_type,no._of_traffic_units_involved,no._killed,no._seriously_injured,no._moderately_injured,no._minor-other_injured,month_num,month_label,season,day_label,time_label,time_band,is_peak_commute,is_fatal,is_injury,is_casualty
1372284,Injury,Minor/Other Injury,2024,2024,November,Saturday,10:00 - 11:59,ROBERTS,AVE,250,East,DEPOT,RD,MORTDALE,,No,Not a school zone,2-way undivided,-33.969658,151.066036,Georges River,Sydney metro. area,Syd-Newc-Woll Gtr conurbation,Straight,,,,Unknown / not stated,Sealed,Dry,Overcast,Daylight,Nil,No traffic controls,50 km/h,Local,30,Rear end,301,Same - Rear end,,Rear end,Car (sedan/hatch),4 wheel drive / SUV,2,0,0,0,1,11,November,Spring,Saturday,10:00 - 11:59,Midday / afternoon,False,False,True,True
1372285,Injury,Moderate Injury,2024,2024,December,Sunday,14:00 - 15:59,WESTERN,EXP,4000,West,CUMBERLAND,HWY,PROSPECT,6004.0,No,Not a school zone,Dual freeway,-33.806179,150.922158,Blacktown,Sydney metro. area,Syd-Newc-Woll Gtr conurbation,Straight,,,,Unknown / not stated,Sealed,Dry,Fine,Daylight,Nil,No traffic controls,100 km/h,State,72,Off road to right,702,Off carriageway to right,,Rollover,4 wheel drive / SUV,,1,0,0,1,0,12,December,Summer,Sunday,14:00 - 15:59,Midday / afternoon,False,False,True,True
1372286,Injury,Serious Injury,2024,2024,October,Tuesday,16:00 - 17:59,HELEN,ST,0,Right on the spot,PROCTOR,PDE,SEFTON,,No,Not a school zone,Roundabout,-33.887791,151.011008,Canterbury-Bankstown,Sydney metro. area,Syd-Newc-Woll Gtr conurbation,Straight,,,,Unknown / not stated,Sealed,Dry,Fine,Daylight,Nil,Give way sign,50 km/h,Local,10,Cross traffic,101,Adj - Cross traffic,,Right angle,Light truck utility(from 2018),Pedal cycle,2,0,1,0,0,10,October,Spring,Tuesday,16:00 - 17:59,PM peak / evening commute,True,False,True,True
1372287,Injury,Minor/Other Injury,2024,2024,November,Tuesday,12:00 - 13:59,HUME,HWY,0,Right on the spot,HERCULES,ST,ASHFIELD,2.0,No,Not a school zone,T-junction,-33.88883,151.124898,Inner West,Sydney metro. area,Syd-Newc-Woll Gtr conurbation,Straight,Steep grade,,,Unknown / not stated,Sealed,Dry,Fine,Daylight,On,Give way sign,60 km/h,State,30,Rear end,301,Same - Rear end,,Rear end,Light truck utility(from 2018),4 wheel drive / SUV,2,0,0,0,1,11,November,Spring,Tuesday,12:00 - 13:59,Midday / afternoon,False,False,True,True
1372288,Injury,Minor/Other Injury,2024,2024,December,Tuesday,14:00 - 15:59,SPEED,ST,0,Right on the spot,NUMBER 28,HN,LIVERPOOL,,No,Not a school zone,2-way undivided,-33.92739,150.923915,Liverpool,Sydney metro. area,Syd-Newc-Woll Gtr conurbation,Straight,,,,Unknown / not stated,Sealed,Wet,Raining,Daylight,Nil,No traffic controls,50 km/h,Local,30,Rear end,301,Same - Rear end,,Rear end,Light truck,Car (sedan/hatch),2,0,0,0,1,12,December,Summer,Tuesday,14:00 - 15:59,Midday / afternoon,False,False,True,True
1372291,Injury,Moderate Injury,2024,2024,November,Thursday,16:00 - 17:59,COOGEE BAY,RD,10,West,MOUNT,ST,COOGEE,631.0,No,Not a school zone,Roundabout,-33.920095,151.25184,Randwick,Sydney metro. area,Syd-Newc-Woll Gtr conurbation,Straight,Steep grade,,,Off,Sealed,Dry,Fine,Daylight,Nil,Give way sign,50 km/h,Regional,71,Off rd left => obj,703,Left off cway into object,,Other angle,Car (sedan/hatch),4 wheel drive / SUV,3,0,0,1,0,11,November,Spring,Thursday,16:00 - 17:59,PM peak / evening commute,True,False,True,True
1372292,Injury,Minor/Other Injury,2024,2024,October,Tuesday,12:00 - 13:59,SOUTH,ST,0,Right on the spot,NUMBER 56,HN,RYDALMERE,,No,Not a school zone,2-way undivided,-33.815467,151.041957,Parramatta,Sydney metro. area,Syd-Newc-Woll Gtr conurbation,Straight,Driveway/entrance,,,Unknown / not stated,Sealed,Dry,Fine,Daylight,Nil,No traffic controls,50 km/h,Local,49,Other manoeuvring,400,Manov - other,,Other angle,Light truck,Car (sedan/hatch),2,0,0,0,1,10,October,Spring,Tuesday,12:00 - 13:59,Midday / afternoon,False,False,True,True
1372302,Injury,Minor/Other Injury,2024,2024,December,Friday,14:00 - 15:59,PACIFIC,HWY,300,South,EVIRON ROAD,OP,DURANBAH,10.0,No,Not a school zone,Divided road,-28.312484,153.514729,Tweed,Country non-urban,Rest of NSW - Rural,Straight,,,,Unknown / not stated,Sealed,Dry,Fine,Daylight,Nil,No traffic controls,110 km/h,State,71,Off rd left => obj,703,Left off cway into object,,Vehicle - Object,4 wheel drive / SUV,,1,0,0,0,1,12,December,Summer,Friday,14:00 - 15:59,Midday / afternoon,False,False,True,True
1372306,Injury,Moderate Injury,2024,2024,October,Friday,18:00 - 19:59,HUME,HWY,0,Right on the spot,SOUTH WESTERN,EXP,LIVERPOOL,2.0,No,Not a school zone,T-junction,-33.937948,150.913723,Liverpool,Sydney metro. area,Syd-Newc-Woll Gtr conurbation,Straight,Other bridge,,,Unknown / not stated,Sealed,Dry,Fine,Daylight,On,No traffic controls,60 km/h,State,21,Right through,202,Opp - Right-thru,,Other angle,Car (sedan/hatch),Motorcycle,2,0,0,1,0,10,October,Spring,Friday,18:00 - 19:59,PM peak / evening commute,True,False,True,True
1372310,Injury,Moderate Injury,2024,2024,June,Thursday,04:00 - 05:59,HEATHCOTE,RD,350,East,NEW ILLAWARRA,RD,LUCAS HEIGHTS,512.0,No,Not a school zone,2-way undivided,-34.054328,150.974846,Sutherland,Sydney metro. area,Syd-Newc-Woll Gtr conurbation,Straight,,,,Unknown / not stated,Sealed,Dry,Fine,Dawn,Nil,No traffic controls,70 km/h,State,71,Off rd left => obj,703,Left off cway into object,,Vehicle - Object,Light truck utility(from 2018),,1,0,0,1,0,6,June,Winter,Thursday,04:00 - 05:59,Late night / early morning,False,False,True,True
1372313,Injury,Minor/Other Injury,2024,2024,October,Wednesday,18:00 - 19:59,RICHMOND,RD,0,Right on the spot,BALMORAL,ST,BLACKTOWN,643.0,No,Not a school zone,X-intersection,-33.766834,150.905173,Blacktown,Sydney metro. area,Syd-Newc-Woll Gtr conurbation,Straight,,,,Unknown / not stated,Sealed,Dry,Fine,Dusk,On,Ped crossing,60 km/h,State,30,Rear end,301,Same - Rear end,,Rear end,Light truck utility(from 2018),4 wheel drive / SUV,2,0,0,0,1,10,October,Spring,Wednesday,18:00 - 19:59,PM peak / evening commute,True,False,True,True
1372328,Injury,Minor/Other Injury,2024,2024,October,Wednesday,06:00 - 07:59,WESTERN,EXP,50,West,GREAT WESTERN HIGHWAY,OP,HOLROYD,6004.0,No,Not a school zone,Dual freeway,-33.826958,151.004153,Parramatta,Sydney metro. area,Syd-Newc-Woll Gtr conurbation,Straight,Steep grade,,,Unknown / not stated,Sealed,Dry,Fine,Daylight,Nil,No traffic controls,90 km/h,State,30,Rear end,301,Same - Rear end,,Rear end,Light truck,Car (sedan/hatch),5,0,0,0,1,10,October,Spring,Wednesday,06:00 - 07:59,AM peak / school commute,True,False,True,True
1372332,Injury,Minor/Other Injury,2024,2024,December,Wednesday,14:00 - 15:59,NEWCASTLE,RD,0,Right on the spot,DENT,ST,LAMBTON,82.0,No,Not a school zone,X-intersection,-32.908997,151.70513,Newcastle,Newcastle met. area,Syd-Newc-Woll Gtr conurbation,Straight,,,,Off,Sealed,Dry,Fine,Daylight,On,No traffic controls,60 km/h,State,30,Rear end,301,Same - Rear end,,Rear end,Light truck utility(from 2018),Light truck utility(from 2018),2,0,0,0,1,12,December,Summer,Wednesday,14:00 - 15:59,Midday / afternoon,False,False,True,True
1372336,Injury,Moderate Injury,2024,2024,December,Friday,22:00 - Midnight,HUME,HWY,0,Right on the spot,DERRIBONG,ST,LANSDOWNE,2.0,No,Not a school zone,X-intersection,-33.891474,150.977271,Canterbury-Bankstown,Sydney metro. area,Syd-Newc-Woll Gtr conurbation,Straight,,,,Unknown / not stated,Sealed,Dry,Overcast,Darkness,Nil,Give way sign,70 km/h,State,11,Right far,102,Adj - Right-thru from left,,Right angle,Car (sedan/hatch),Car (sedan/hatch),2,0,0,1,0,12,December,Summer,Friday,22:00 - Midnight,Evening / night,False,False,True,True
1372339,Injury,Moderate Injury,2024,2024,October,Friday,08:00 - 09:59,BOUSFIELD,ST,0,Right on the spot,NUMBER 48,HN,WALLSEND,,No,Not a school zone,2-way undivided,-32.905498,151.663238,Newcastle,Newcastle met. area,Syd-Newc-Woll Gtr conurbation,Straight,Driveway/entrance,,,Nil,Sealed,Dry,Fine,Daylight,Nil,No traffic controls,50 km/h,Local,47,Emerging from drive,406,Manov - Emerging from driveway,,Right angle,Car (sedan/hatch),Car (sedan/hatch),2,0,0,1,0,10,October,Spring,Friday,08:00 - 09:59,AM peak / school commute,True,False,True,True
1372343,Injury,Minor/Other Injury,2024,2024,December,Friday,08:00 - 09:59,HEATHCOTE,RD,0,Right on the spot,SOUTH WESTERN,EXP,WATTLE GROVE,512.0,No,Not a school zone,T-junction,-33.942422,150.942699,Liverpool,Sydney metro. area,Syd-Newc-Woll Gtr conurbation,Straight,Other bridge,,,Unknown / not stated,Sealed,Dry,Fine,Daylight,On,No traffic controls,60 km/h,State,10,Cross traffic,101,Adj - Cross traffic,,Right angle,4 wheel drive / SUV,Car (sedan/hatch),2,0,0,0,1,12,December,Summer,Friday,08:00 - 09:59,AM peak / school commute,True,False,True,True
1372345,Injury,Minor/Other Injury,2024,2024,December,Tuesday,12:00 - 13:59,CANTERBURY,RD,0,Right on the spot,NUMBER 1110,HN,ROSELANDS,167.0,No,Not a school zone,2-way undivided,-33.929976,151.069889,Canterbury-Bankstown,Sydney metro. area,Syd-Newc-Woll Gtr conurbation,Straight,,,,Unknown / not stated,Sealed,Dry,Fine,Daylight,Nil,No traffic controls,60 km/h,State,34,Lane change right,306,Same - Lane change right,,Other angle,Large rigid,4 wheel drive / SUV,2,0,0,0,1,12,December,Summer,Tuesday,12:00 - 13:59,Midday / afternoon,False,False,True,True
1372350,Injury,Moderate Injury,2024,2024,October,Thursday,10:00 - 11:59,PUTTY,RD,20000,North,BARINA,DR,COLO HEIGHTS,503.0,No,Not a school zone,2-way undivided,-33.235836,150.648633,Hawkesbury,Country non-urban,Syd-Newc-Woll Gtr conurbation,Straight,,,,Unknown / not stated,Sealed,Dry,Fine,Daylight,Nil,No traffic controls,100 km/h,State,74,On road-out of cont.,705,Out of control on cway,,Rollover,Light truck utility(from 2018),,1,0,0,1,0,10,October,Spring,Thursday,10:00 - 11:59,Midday / afternoon,False,False,True,True
1372352,Injury,Minor/Other Injury,2024,2024,November,Wednesday,16:00 - 17:59,CALDARRA,AVE,25,South,ANZAC,AVE,ENGADINE,,No,Not a school zone,2-way undivided,-34.062593,151.015549,Sutherland,Sydney metro. area,Syd-Newc-Woll Gtr conurbation,Straight,Driveway/entrance,,,Unknown / not stated,Sealed,Dry,Fine,Daylight,Nil,No traffic controls,50 km/h,Local,47,Emerging from drive,406,Manov - Emerging from driveway,,Right angle,4 wheel drive / SUV,Car (sedan/hatch),2,0,0,0,1,11,November,Spring,Wednesday,16:00 - 17:59,PM peak / evening commute,True,False,True,True
1372353,Injury,Minor/Other Injury,2024,2024,November,Monday,20:00 - 21:59,ELIZABETH,DR,0,Right on the spot,COWPASTURE,RD,BONNYRIGG HEIGHTS,535.0,No,Not a school zone,X-intersection,-33.883517,150.864722,Fairfield,Sydney metro. area,Syd-Newc-Woll Gtr conurbation,Straight,,,,Unknown / not stated,Sealed,Dry,Fine,Darkness,On,No traffic controls,70 km/h,State,10,Cross traffic,101,Adj - Cross traffic,,Right angle,4 wheel drive / SUV,4 wheel drive / SUV,2,0,0,0,1,11,November,Spring,Monday,20:00 - 21:59,Evening / night,False,False,True,True
1372361,Injury,Minor/Other Injury,2024,2024,November,Monday,12:00 - 13:59,WALLGROVE,RD,0,Right on the spot,CHANDOS,RD,HORSLEY PARK,515.0,No,Not a school zone,X-intersection,-33.832048,150.855482,Fairfield,Sydney metro. area,Syd-Newc-Woll Gtr conurbation,Straight,,,,Unknown / not stated,Sealed,Dry,Fine,Daylight,Nil,Stop sign,70 km/h,State,13,Right near,104,Adj - Right-thru from right,,Right angle,Light truck utility(from 2018),Light truck,2,0,0,0,1,11,November,Spring,Monday,12:00 - 13:59,Midday / afternoon,False,False,True,True
1372372,Injury,Moderate Injury,2024,2024,September,Friday,14:00 - 15:59,PRINCES,HWY,42,South,KEATS,AVE,ROCKDALE,1.0,No,Not a school zone,Divided road,-33.953689,151.137583,Bayside,Sydney metro. area,Syd-Newc-Woll Gtr conurbation,Straight,,,,Unknown / not stated,Sealed,Dry,Fine,Daylight,Nil,No traffic controls,60 km/h,State,39,Other same direction,300,Same - other,,Other angle,Car (sedan/hatch),Unknown motor vehicle,2,0,0,1,0,9,September,Spring,Friday,14:00 - 15:59,Midday / afternoon,False,False,True,True
1372377,Injury,Minor/Other Injury,2024,2024,October,Friday,08:00 - 09:59,ADELAIDE,PL,0,Right on the spot,ADELAIDE,ST,SURRY HILLS,,No,Not a school zone,X-intersection,-33.88694,151.211252,Sydney,Sydney metro. area,Syd-Newc-Woll Gtr conurbation,Straight,,,,Unknown / not stated,Sealed,Dry,Fine,Daylight,Nil,No traffic controls,40 km/h,Local,16,Left near,107,Adj - Left-thru from right,,Right angle,Light truck utility(from 2018),Motor scooter,2,0,0,0,1,10,October,Spring,Friday,08:00 - 09:59,AM peak / school commute,True,False,True,True
1372381,Injury,Minor/Other Injury,2024,2024,November,Monday,12:00 - 13:59,DENISON,ST,0,Right on the spot,KILNER,LANE,CAMPERDOWN,,No,Not a school zone,T-junction,-33.887749,151.17371,Inner West,Sydney metro. area,Syd-Newc-Woll Gtr conurbation,Straight,Driveway/entrance,,,Unknown / not stated,Sealed,Dry,Fine,Daylight,Nil,Other traf. control,50 km/h,Local,47,Emerging from drive,406,Manov - Emerging from driveway,,Right angle,Light truck,Light truck utility(from 2018),2,0,0,0,1,11,November,Spring,Monday,12:00 - 13:59,Midday / afternoon,False,False,True,True
1372382,Injury,Moderate Injury,2024,2024,December,Saturday,14:00 - 15:59,WARRADERRY,WAY,0,Right on the spot,NUMBER 5744,HN,NYRANG CREEK,237.0,No,Not a school zone,2-way undivided,-33.56002,148.545583,Cabonne,Country non-urban,Rest of NSW - Rural,Curved,,,,Unknown / not stated,Sealed,Dry,Fine,Daylight,Nil,No traffic controls,100 km/h,Regional,81,Off left/rt bnd=>obj,803,Off right bend into obj,Left,Vehicle - Object,Car (sedan/hatch),,1,0,0,1,0,12,December,Summer,Saturday,14:00 - 15:59,Midday / afternoon,False,False,True,True
1372383,Injury,Moderate Injury,2024,2024,December,Sunday,06:00 - 07:59,BURLEY GRIFFIN,WAY,0,Right on the spot,MAIN SOUTHERN RAILWAY,OT,WALLENDBEEN,84.0,No,Not a school zone,2-way undivided,-34.527983,148.152319,Cootamundra-Gundagai,Country urban,Rest of NSW - Urban,Straight,Narrow/1-lane bridge,,,Unknown / not stated,Sealed,Dry,Fine,Daylight,On,No traffic controls,20 km/h,State,71,Off rd left => obj,703,Left off cway into object,,Vehicle - Object,B-double (road train prior 98),,1,0,0,1,0,12,December,Summer,Sunday,06:00 - 07:59,AM peak / school commute,True,False,True,True
1372388,Injury,Moderate Injury,2024,2024,October,Thursday,16:00 - 17:59,RUTLEDGE,ST,0,Right on the spot,DARVALL,RD,EASTWOOD,574.0,No,Not a school zone,X-intersection,-33.794978,151.071879,Ryde,Sydney metro. area,Syd-Newc-Woll Gtr conurbation,Straight,,,,Unknown / not stated,Sealed,Dry,Fine,Daylight,Nil,Stop sign,60 km/h,State,10,Cross traffic,101,Adj - Cross traffic,,Right angle,Car (sedan/hatch),4 wheel drive / SUV,2,0,0,1,1,10,October,Spring,Thursday,16:00 - 17:59,PM peak / evening commute,True,False,True,True
1372394,Injury,Serious Injury,2024,2024,November,Monday,16:00 - 17:59,SOUTH WESTERN,EXP,100,East,MOOREBANK AVENUE,OP,MOOREBANK,6005.0,No,Not a school zone,Dual freeway,-33.939922,150.926096,Liverpool,Sydney metro. area,Syd-Newc-Woll Gtr conurbation,Straight,,,,Unknown / not stated,Sealed,Dry,Fine,Daylight,Nil,No traffic controls,100 km/h,State,30,Rear end,301,Same - Rear end,,Rear end,Car (sedan/hatch),Car (sedan/hatch),4,0,1,0,1,11,November,Spring,Monday,16:00 - 17:59,PM peak / evening commute,True,False,True,True
1372409,Injury,Minor/Other Injury,2024,2024,November,Friday,12:00 - 13:59,CANTERBURY,RD,0,Right on the spot,STEPHENSON,ST,ROSELANDS,167.0,No,Not a school zone,T-junction,-33.93001,151.069726,Canterbury-Bankstown,Sydney metro. area,Syd-Newc-Woll Gtr conurbation,Straight,,,,Unknown / not stated,Sealed,Dry,Fine,Daylight,Nil,Give way sign,60 km/h,State,11,Right far,102,Adj - Right-thru from left,,Right angle,Car (sedan/hatch),Car (sedan/hatch),2,0,0,0,1,11,November,Spring,Friday,12:00 - 13:59,Midday / afternoon,False,False,True,True
1372412,Injury,Moderate Injury,2024,2024,November,Monday,08:00 - 09:59,NEWCASTLE INNER CITY,BYPA,300,North,WARNERS BAY RD,OP,HILLSBOROUGH,23.0,No,Not a school zone,Divided road,-32.972452,151.677186,Lake Macquarie,Newcastle met. area,Syd-Newc-Woll Gtr conurbation,Straight,,,,Unknown / not stated,Sealed,Dry,Fine,Daylight,Nil,No traffic controls,90 km/h,State,73,Off rd rght => obj,704,Right off cway into obj,,Vehicle - Object,Light truck,,1,0,0,1,0,11,November,Spring,Monday,08:00 - 09:59,AM peak / school commute,True,False,True,True
1372413,Injury,Minor/Other Injury,2024,2024,September,Sunday,12:00 - 13:59,SPRINGVALE,RD,5000,West,FROGMORE,RD,FROGMORE,,No,Not a school zone,2-way undivided,-34.175485,148.82782,Hilltops,Country non-urban,Rest of NSW - Rural,Curved,,,,Unknown / not stated,Unsealed,Dry,Fine,Daylight,Nil,No traffic controls,100 km/h,Local,88,Out of cont on bend,805,Out of control on bend,,Rollover,Motorcycle,,1,0,0,0,1,9,September,Spring,Sunday,12:00 - 13:59,Midday / afternoon,False,False,True,True
1372418,Injury,Minor/Other Injury,2024,2024,December,Friday,08:00 - 09:59,IDA,ST,0,Right on the spot,NAPOLEON,ST,SANS SOUCI,,No,Not a school zone,Roundabout,-33.998159,151.135653,Bayside,Sydney metro. area,Syd-Newc-Woll Gtr conurbation,Straight,,,,Unknown / not stated,Sealed,Wet,Raining,Daylight,Nil,Give way sign,50 km/h,Local,49,Other manoeuvring,400,Manov - other,,Other angle,4 wheel drive / SUV,Pedal cycle,2,0,0,0,1,12,December,Summer,Friday,08:00 - 09:59,AM peak / school commute,True,False,True,True
1372421,Injury,Minor/Other Injury,2024,2024,November,Wednesday,00:01 - 01:59,KING,ST,0,Right on the spot,GEORGE,ST,SYDNEY,7308.0,No,Not a school zone,X-intersection,-33.868736,151.206953,Sydney,Sydney metro. area,Syd-Newc-Woll Gtr conurbation,Straight,,,,Unknown / not stated,Sealed,Dry,Fine,Darkness,On,No traffic controls,40 km/h,Regional,10,Cross traffic,101,Adj - Cross traffic,,Right angle,4 wheel drive / SUV,Tram,2,0,0,0,1,11,November,Spring,Wednesday,00:01 - 01:59,Late night / early morning,False,False,True,True
1372423,Injury,Minor/Other Injury,2024,2024,November,Thursday,22:00 - Midnight,OCEAN,DR,50,South,KOALA,ST,PORT MACQUARIE,600.0,No,Not a school zone,Divided road,-31.451328,152.89892,Port Macquarie-Hastings,Country urban,Rest of NSW - Urban,Straight,Foot/cycle path/nature strip,,,Unknown / not stated,Sealed,Wet,Raining,Darkness,Nil,No traffic controls,70 km/h,Regional,72,Off road to right,702,Off carriageway to right,,Rollover,Car (sedan/hatch),,1,0,0,0,1,11,November,Spring,Thursday,22:00 - Midnight,Evening / night,False,False,True,True
1372424,Injury,Moderate Injury,2024,2024,November,Thursday,00:01 - 01:59,PRINCES,HWY,450,South,EIGHTEEN MILE PEG,RD,TERMEIL,1.0,No,Not a school zone,Divided road,-35.509751,150.326159,Shoalhaven,Country non-urban,Rest of NSW - Rural,Curved,Steep grade,,,Unknown / not stated,Sealed,Wet,Raining,Darkness,Nil,No traffic controls,100 km/h,State,86,Off left/left bend,802,Off cway left bend,Left,Rollover,Passenger van,,1,0,0,1,0,11,November,Spring,Thursday,00:01 - 01:59,Late night / early morning,False,False,True,True
1372433,Injury,Minor/Other Injury,2024,2024,December,Thursday,12:00 - 13:59,BURFORD,ST,0,Right on the spot,NEWMAN,ST,MERRYLANDS,,No,Not a school zone,Roundabout,-33.837584,150.985422,Cumberland,Sydney metro. area,Syd-Newc-Woll Gtr conurbation,Straight,,,,Unknown / not stated,Sealed,Dry,Fine,Daylight,Nil,Give way sign,50 km/h,Local,33,Lane sideswipe,305,Same - Lane side swipe,,Other angle,4 wheel drive / SUV,Light truck utility(from 2018),2,0,0,0,1,12,December,Summer,Thursday,12:00 - 13:59,Midday / afternoon,False,False,True,True
1372442,Injury,Moderate Injury,2024,2024,December,Wednesday,08:00 - 09:59,NEWCASTLE,EXP,400,South,KU-RING-GAI CHASE ROAD,OP,ASQUITH,6003.0,No,Not a school zone,Dual freeway,-33.682372,151.120617,Hornsby,Sydney metro. area,Syd-Newc-Woll Gtr conurbation,Straight,B'down lane/road shldr,,,Unknown / not stated,Sealed,Dry,Fine,Daylight,Nil,No traffic controls,110 km/h,State,74,On road-out of cont.,705,Out of control on cway,,Rollover,Light truck utility(from 2018),,1,0,0,1,0,12,December,Summer,Wednesday,08:00 - 09:59,AM peak / school commute,True,False,True,True
1372444,Injury,Minor/Other Injury,2024,2024,December,Friday,18:00 - 19:59,AVENUE,RD,0,Right on the spot,COWLES,RD,MOSMAN,,No,Not a school zone,T-junction,-33.832416,151.23727,Mosman,Sydney metro. area,Syd-Newc-Woll Gtr conurbation,Straight,Steep grade,,,Unknown / not stated,Sealed,Dry,Fine,Daylight,Nil,Give way sign,50 km/h,Local,11,Right far,102,Adj - Right-thru from left,,Right angle,Car (sedan/hatch),Car (sedan/hatch),2,0,0,0,1,12,December,Summer,Friday,18:00 - 19:59,PM peak / evening commute,True,False,True,True
1372449,Injury,Minor/Other Injury,2024,2024,November,Wednesday,18:00 - 19:59,KELLICAR,RD,0,Right on the spot,TINDALL,ST,CAMPBELLTOWN,179.0,No,Not a school zone,X-intersection,-34.072954,150.803689,Campbelltown,Sydney metro. area,Syd-Newc-Woll Gtr conurbation,Straight,,,,Unknown / not stated,Sealed,Dry,Fine,Daylight,On,No traffic controls,60 km/h,State,30,Rear end,301,Same - Rear end,,Rear end,Light truck utility(from 2018),4 wheel drive / SUV,2,0,0,0,1,11,November,Spring,Wednesday,18:00 - 19:59,PM peak / evening commute,True,False,True,True
1372453,Injury,Moderate Injury,2024,2024,November,Monday,14:00 - 15:59,NORTH,ST,0,Right on the spot,WEST,ST,CASINO,,Yes,No,X-intersection,-28.860085,153.044158,Richmond Valley,Country urban,Rest of NSW - Urban,Straight,,,,Off,Sealed,Dry,Fine,Daylight,Nil,Give way sign,50 km/h,Local,10,Cross traffic,101,Adj - Cross traffic,,Right angle,Light truck utility(from 2018),Light truck,2,0,0,2,0,11,November,Spring,Monday,14:00 - 15:59,Midday / afternoon,False,False,True,True
1372454,Injury,Serious Injury,2024,2024,November,Saturday,16:00 - 17:59,PRINCES,HWY,0,Right on the spot,CLEVELAND,ST,CAMPERDOWN,1.0,No,Not a school zone,T-junction,-33.887664,151.19307,Sydney,Sydney metro. area,Syd-Newc-Woll Gtr conurbation,Straight,,,,Unknown / not stated,Sealed,Wet,Raining,Daylight,On,No traffic controls,50 km/h,State,30,Rear end,301,Same - Rear end,,Rear end,Car (sedan/hatch),Car (sedan/hatch),4,0,1,1,0,11,November,Spring,Saturday,16:00 - 17:59,PM peak / evening commute,True,False,True,True
1372457,Injury,Minor/Other Injury,2024,2024,October,Thursday,16:00 - 17:59,VICTORIA,RD,50,West,MACARTHUR,ST,PARRAMATTA,165.0,No,Not a school zone,Divided road,-33.808831,151.014234,Parramatta,Sydney metro. area,Syd-Newc-Woll Gtr conurbation,Straight,,,,Unknown / not stated,Sealed,Dry,Fine,Daylight,Nil,No traffic controls,60 km/h,State,30,Rear end,301,Same - Rear end,,Rear end,Car (sedan/hatch),Light truck utility(from 2018),2,0,0,0,1,10,October,Spring,Thursday,16:00 - 17:59,PM peak / evening commute,True,False,True,True
1372463,Injury,Moderate Injury,2024,2024,October,Monday,08:00 - 09:59,DALMENY,AVE,0,Right on the spot,HAYES,RD,ROSEBERY,,No,Not a school zone,Roundabout,-33.918854,151.207401,Sydney,Sydney metro. area,Syd-Newc-Woll Gtr conurbation,Straight,,,,Unknown / not stated,Sealed,Dry,Fine,Daylight,Nil,Give way sign,40 km/h,Local,10,Cross traffic,101,Adj - Cross traffic,,Right angle,Light truck utility(from 2018),Motorcycle,2,0,0,1,0,10,October,Spring,Monday,08:00 - 09:59,AM peak / school commute,True,False,True,True
1372465,Injury,Minor/Other Injury,2024,2024,December,Monday,10:00 - 11:59,MERTON,ST,0,Right on the spot,PRESIDENT,AVE,SUTHERLAND,,Yes,No,X-intersection,-34.034098,151.059387,Sutherland,Sydney metro. area,Syd-Newc-Woll Gtr conurbation,Straight,,,,Unknown / not stated,Sealed,Dry,Fine,Daylight,Nil,Give way sign,50 km/h,Local,10,Cross traffic,101,Adj - Cross traffic,,Right angle,4 wheel drive / SUV,4 wheel drive / SUV,2,0,0,0,1,12,December,Summer,Monday,10:00 - 11:59,Midday / afternoon,False,False,True,True
1372475,Injury,Minor/Other Injury,2024,2024,November,Tuesday,10:00 - 11:59,WESTERN,EXP,50,East,HILL ROAD,OP,LIDCOMBE,6004.0,No,Not a school zone,Dual freeway,-33.850195,151.054507,Parramatta,Sydney metro. area,Syd-Newc-Woll Gtr conurbation,Straight,,,,Unknown / not stated,Sealed,Dry,Fine,Daylight,Nil,No traffic controls,90 km/h,State,30,Rear end,301,Same - Rear end,,Rear end,Light truck,Station wagon,2,0,0,0,1,11,November,Spring,Tuesday,10:00 - 11:59,Midday / afternoon,False,False,True,True
1372485,Injury,Minor/Other Injury,2024,2024,November,Friday,08:00 - 09:59,CLEVELAND,ST,30,East,RIDGE,PL,NEWTOWN,330.0,No,Not a school zone,2-way undivided,-33.891886,151.215226,Sydney,Sydney metro. area,Syd-Newc-Woll Gtr conurbation,Straight,,,,Unknown / not stated,Sealed,Dry,Fine,Daylight,Nil,No traffic controls,50 km/h,State,30,Rear end,301,Same - Rear end,,Rear end,Car (sedan/hatch),4 wheel drive / SUV,3,0,0,0,1,11,November,Spring,Friday,08:00 - 09:59,AM peak / school commute,True,False,True,True