crash_id,degree_of_crash,degree_of_crash_-_detailed,reporting_year,year_of_crash,month_of_crash,day_of_week_of_crash,two-hour_intervals,street_of_crash,street_type,distance,direction,identifying_feature,identifying_feature_type,town,route_no.,school_zone_location,school_zone_active,type_of_location,latitude,longitude,lga,urbanisation,conurbation_1,alignment,primary_permanent_feature,primary_temporary_feature,primary_hazardous_feature,street_lighting,road_surface,surface_condition,weather,natural_lighting,signals_operation,other_traffic_control,speed_limit,road_classification_(admin),rum_-_code,rum_-_description,dca_-_code,dca_-_description,dca_supplement,first_impact_type,key_tu_type,other_tu_type,no._of_traffic_units_involved,no._killed,no._seriously_injured,no._moderately_injured,no._minor-other_injured,month_num,month_label,season,day_label,time_label,time_band,is_peak_commute,is_fatal,is_injury,is_casualty
1372490,Injury,Minor/Other Injury,2024,2024,October,Monday,06:00 - 07:59,LUTTRELL,ST,0,Right on the spot,MINCHIN,AVE,HOBARTVILLE,,No,Not a school zone,T-junction,-33.608869,150.743879,Hawkesbury,Country urban,Syd-Newc-Woll Gtr conurbation,Curved,,,,Unknown / not stated,Sealed,Dry,Fine,Daylight,Nil,No traffic controls,50 km/h,Local,88,Out of cont on bend,707,Right turn,,Rollover,Motorcycle,,1,0,0,0,1,10,October,Spring,Monday,06:00 - 07:59,AM peak / school commute,True,False,True,True
1372492,Injury,Serious Injury,2024,2024,October,Wednesday,06:00 - 07:59,BUNGARRIBEE,RD,0,Right on the spot,FLUSHCOMBE,RD,BLACKTOWN,643.0,No,Not a school zone,Roundabout,-33.777341,150.907503,Blacktown,Sydney metro. area,Syd-Newc-Woll Gtr conurbation,Curved,,,,Unknown / not stated,Sealed,Dry,Fine,Dawn,Nil,Give way sign,60 km/h,State,10,Cross traffic,101,Adj - Cross traffic,,Right angle,4 wheel drive / SUV,4 wheel drive / SUV,2,0,1,0,0,10,October,Spring,Wednesday,06:00 - 07:59,AM peak / school commute,True,False,True,True
1372496,Injury,Serious Injury,2024,2024,December,Monday,16:00 - 17:59,CUDGEGONG,RD,0,Right on the spot,MACQUARIE,RD,ROUSE HILL,,No,Not a school zone,X-intersection,-33.684823,150.902531,Blacktown,Sydney metro. area,Syd-Newc-Woll Gtr conurbation,Straight,Steep grade,,,Unknown / not stated,Sealed,Dry,Fine,Daylight,Nil,Stop sign,60 km/h,Local,20,Head on,201,Opp - Head on,,Head-on,Car (sedan/hatch),Light truck utility(from 2018),2,0,1,0,0,12,December,Summer,Monday,16:00 - 17:59,PM peak / evening commute,True,False,True,True
1372505,Injury,Minor/Other Injury,2024,2024,December,Monday,12:00 - 13:59,HUME,HWY,0,Right on the spot,CUMBERLAND,HWY,LIVERPOOL,2.0,No,Not a school zone,T-junction,-33.915327,150.920773,Liverpool,Sydney metro. area,Syd-Newc-Woll Gtr conurbation,Curved,,,,Unknown / not stated,Sealed,Dry,Overcast,Daylight,On,No traffic controls,60 km/h,State,11,Right far,102,Adj - Right-thru from left,,Right angle,Car (sedan/hatch),4 wheel drive / SUV,2,0,0,0,1,12,December,Summer,Monday,12:00 - 13:59,Midday / afternoon,False,False,True,True
1372510,Injury,Minor/Other Injury,2024,2024,October,Sunday,00:01 - 01:59,PACIFIC,HWY,0,Right on the spot,NEWCASTLE INNER CITY,BYPA,BENNETTS GREEN,10.0,No,Not a school zone,X-intersection,-32.992108,151.688852,Lake Macquarie,Newcastle met. area,Syd-Newc-Woll Gtr conurbation,Curved,,,,Unknown / not stated,Sealed,Dry,Fine,Darkness,On,No traffic controls,70 km/h,State,21,Right through,202,Opp - Right-thru,,Other angle,4 wheel drive / SUV,Car (sedan/hatch),2,0,0,0,1,10,October,Spring,Sunday,00:01 - 01:59,Late night / early morning,False,False,True,True
1372515,Injury,Minor/Other Injury,2024,2024,December,Wednesday,06:00 - 07:59,POLDING,ST,0,Right on the spot,SMITHFIELD,RD,FAIRFIELD WEST,7222.0,No,Not a school zone,Roundabout,-33.860494,150.927487,Fairfield,Sydney metro. area,Syd-Newc-Woll Gtr conurbation,Straight,Other bridge,,,Unknown / not stated,Sealed,Wet,Raining,Daylight,Nil,Give way sign,60 km/h,Regional,29,Other opposing,200,Opp - other,,Other angle,4 wheel drive / SUV,4 wheel drive / SUV,2,0,0,0,1,12,December,Summer,Wednesday,06:00 - 07:59,AM peak / school commute,True,False,True,True
1372519,Injury,Moderate Injury,2024,2024,November,Tuesday,16:00 - 17:59,ABERCROMBIE,ST,0,Right on the spot,IRVING,ST,CHIPPENDALE,594.0,No,Not a school zone,T-junction,-33.885596,151.198674,Sydney,Sydney metro. area,Syd-Newc-Woll Gtr conurbation,Straight,,,,Unknown / not stated,Sealed,Dry,Fine,Daylight,Nil,No traffic controls,50 km/h,State,10,Cross traffic,101,Adj - Cross traffic,,Right angle,Car (sedan/hatch),4 wheel drive / SUV,2,0,0,1,0,11,November,Spring,Tuesday,16:00 - 17:59,PM peak / evening commute,True,False,True,True
1372520,Injury,Moderate Injury,2024,2024,November,Tuesday,06:00 - 07:59,WERRIS CREEK,RD,40,East,STANGERS,RD,CURRABUBULA,130.0,No,Not a school zone,2-way undivided,-31.276063,150.772995,Liverpool Plains,Country non-urban,Rest of NSW - Rural,Straight,Other bridge,,,Unknown / not stated,Sealed,Dry,Fine,Daylight,Nil,No traffic controls,100 km/h,Regional,71,Off rd left => obj,703,Left off cway into object,,Vehicle - Object,Light truck utility(from 2018),,1,0,0,1,0,11,November,Spring,Tuesday,06:00 - 07:59,AM peak / school commute,True,False,True,True
1372526,Injury,Minor/Other Injury,2024,2024,December,Thursday,22:00 - Midnight,RICHMOND,RD,0,Right on the spot,COREEN AVENUE,TO,PENRITH,154.0,No,Not a school zone,Divided road,-33.746824,150.71431,Penrith,Sydney metro. area,Syd-Newc-Woll Gtr conurbation,Straight,,,,Unknown / not stated,Sealed,Dry,Fine,Darkness,On,Ped crossing,70 km/h,State,30,Rear end,301,Same - Rear end,,Rear end,4 wheel drive / SUV,4 wheel drive / SUV,2,0,0,0,2,12,December,Summer,Thursday,22:00 - Midnight,Evening / night,False,False,True,True
1372538,Injury,Minor/Other Injury,2024,2024,October,Tuesday,08:00 - 09:59,SLADE,RD,0,Right on the spot,NUMBER 120,HN,BARDWELL PARK,7030.0,No,Not a school zone,2-way undivided,-33.933682,151.122337,Bayside,Sydney metro. area,Syd-Newc-Woll Gtr conurbation,Straight,Driveway/entrance,,,Unknown / not stated,Sealed,Dry,Fine,Daylight,Nil,No traffic controls,50 km/h,Regional,47,Emerging from drive,406,Manov - Emerging from driveway,,Right angle,Car (sedan/hatch),Car (sedan/hatch),2,0,0,0,1,10,October,Spring,Tuesday,08:00 - 09:59,AM peak / school commute,True,False,True,True
1372543,Injury,Minor/Other Injury,2024,2024,November,Tuesday,16:00 - 17:59,OLYMPIC,DR,0,Right on the spot,CHURCH,ST,LIDCOMBE,190.0,No,Not a school zone,X-intersection,-33.861729,151.042278,Cumberland,Sydney metro. area,Syd-Newc-Woll Gtr conurbation,Straight,,,,Unknown / not stated,Sealed,Dry,Fine,Daylight,On,No traffic controls,50 km/h,State,30,Rear end,301,Same - Rear end,,Rear end,Light truck utility(from 2018),Car (sedan/hatch),2,0,0,0,1,11,November,Spring,Tuesday,16:00 - 17:59,PM peak / evening commute,True,False,True,True
1372544,Injury,Minor/Other Injury,2024,2024,December,Wednesday,20:00 - 21:59,RAYMOND,ST,0,Right on the spot,RESTWELL,ST,BANKSTOWN,,No,Not a school zone,T-junction,-33.919538,151.034916,Canterbury-Bankstown,Sydney metro. area,Syd-Newc-Woll Gtr conurbation,Straight,,,,Unknown / not stated,Sealed,Dry,Overcast,Darkness,On,No right turn,40 km/h,Local,36,Right turn sideswipe,308,Same - Rgt turn side swipe,,Other angle,Other bus,Car (sedan/hatch),2,0,0,0,1,12,December,Summer,Wednesday,20:00 - 21:59,Evening / night,False,False,True,True
1372546,Injury,Moderate Injury,2024,2024,November,Saturday,18:00 - 19:59,OAK,RD,0,Right on the spot,NUMBER 207,HN,KIRRAWEE,,No,Not a school zone,2-way undivided,-34.038488,151.070208,Sutherland,Sydney metro. area,Syd-Newc-Woll Gtr conurbation,Straight,Foot/cycle path/nature strip,,,Unknown / not stated,Sealed,Dry,Fine,Daylight,Nil,No traffic controls,50 km/h,Local,73,Off rd rght => obj,704,Right off cway into obj,,Vehicle - Object,Car (sedan/hatch),,1,0,0,1,0,11,November,Spring,Saturday,18:00 - 19:59,PM peak / evening commute,True,False,True,True
1372547,Injury,Moderate Injury,2024,2024,November,Monday,08:00 - 09:59,TASMAN,DR,0,Right on the spot,NUMBER 12,HN,SHELL COVE,,No,Not a school zone,2-way undivided,-34.591329,150.855856,Shellharbour,Wollongong met. area,Syd-Newc-Woll Gtr conurbation,Straight,Driveway/entrance,,,Unknown / not stated,Sealed,Dry,Fine,Daylight,Nil,No traffic controls,50 km/h,Local,21,Right through,202,Opp - Right-thru,,Other angle,Large rigid,Car (sedan/hatch),2,0,0,1,0,11,November,Spring,Monday,08:00 - 09:59,AM peak / school commute,True,False,True,True
1372548,Injury,Serious Injury,2024,2024,October,Friday,20:00 - 21:59,BAYSWATER,RD,40,East,DARLINGHURST,RD,POTTS POINT,,No,Not a school zone,2-way undivided,-33.874915,151.222928,Sydney,Sydney metro. area,Syd-Newc-Woll Gtr conurbation,Straight,,,,Unknown / not stated,Sealed,Dry,Fine,Unknown,Nil,No traffic controls,40 km/h,Local,0,Ped nearside,1,Ped - Near side,,Vehicle - Pedestrian,Motorised push scooters,Pedestrian,2,0,1,0,0,10,October,Spring,Friday,20:00 - 21:59,Evening / night,False,False,True,True
1372552,Injury,Moderate Injury,2024,2024,October,Wednesday,12:00 - 13:59,COBB,HWY,2000,South,WARWILLAH,RD,WANGANELLA,21.0,No,Not a school zone,2-way undivided,-35.094829,144.81191,Edward River,Country non-urban,Rest of NSW - Rural,Straight,,,,Unknown / not stated,Sealed,Dry,Fine,Daylight,Nil,No traffic controls,100 km/h,State,73,Off rd rght => obj,704,Right off cway into obj,,Vehicle - Object,Car (sedan/hatch),,1,0,0,1,0,10,October,Spring,Wednesday,12:00 - 13:59,Midday / afternoon,False,False,True,True
1372557,Injury,Moderate Injury,2024,2024,November,Friday,18:00 - 19:59,FOREST,WAY,0,Right on the spot,GLEN,ST,BELROSE,529.0,No,Not a school zone,T-junction,-33.738806,151.220138,Northern Beaches,Sydney metro. area,Syd-Newc-Woll Gtr conurbation,Straight,,,,Unknown / not stated,Sealed,Dry,Fine,Daylight,On,No traffic controls,70 km/h,State,30,Rear end,301,Same - Rear end,,Rear end,4 wheel drive / SUV,Station wagon,2,0,0,1,0,11,November,Spring,Friday,18:00 - 19:59,PM peak / evening commute,True,False,True,True
1372558,Injury,Minor/Other Injury,2024,2024,December,Saturday,12:00 - 13:59,MOOREBANK,AVE,15,North,SOUTH WESTERN EXPRESSWAY,TO,MOOREBANK,657.0,No,Not a school zone,Divided road,-33.938491,150.924957,Liverpool,Sydney metro. area,Syd-Newc-Woll Gtr conurbation,Straight,,,,Unknown / not stated,Sealed,Wet,Fine,Daylight,Nil,No traffic controls,60 km/h,State,20,Head on,201,Opp - Head on,,Head-on,Car (sedan/hatch),4 wheel drive / SUV,2,0,0,0,1,12,December,Summer,Saturday,12:00 - 13:59,Midday / afternoon,False,False,True,True
1372561,Injury,Minor/Other Injury,2024,2024,April,Thursday,12:00 - 13:59,EIGHTEENTH,AVE,0,Right on the spot,NUMBER 2,HN,AUSTRAL,,No,Not a school zone,2-way undivided,-33.912106,150.830156,Liverpool,Sydney metro. area,Syd-Newc-Woll Gtr conurbation,Curved,,,,Unknown / not stated,Sealed,Dry,Overcast,Daylight,Nil,No traffic controls,50 km/h,Local,44,Parking vehicles,403,Manov - Parking-parked vehicle,,Other angle,Light truck,4 wheel drive / SUV,2,0,0,0,1,4,April,Autumn,Thursday,12:00 - 13:59,Midday / afternoon,False,False,True,True
1372568,Injury,Moderate Injury,2024,2024,December,Tuesday,18:00 - 19:59,RICHMOND,RD,200,South,PIUS,LANE,MARSDEN PARK,537.0,No,Not a school zone,Divided road,-33.702221,150.835529,Blacktown,Sydney metro. area,Syd-Newc-Woll Gtr conurbation,Straight,,,,Unknown / not stated,Sealed,Dry,Overcast,Daylight,Nil,No traffic controls,80 km/h,State,35,Lane change left,307,Same - Lane change left,,Other angle,Car (sedan/hatch),Car (sedan/hatch),4,0,0,1,0,12,December,Summer,Tuesday,18:00 - 19:59,PM peak / evening commute,True,False,True,True
1372569,Injury,Minor/Other Injury,2024,2024,August,Monday,08:00 - 09:59,NORTHCOTE,RD,0,Right on the spot,SHARON,CL,HORNSBY,,No,Not a school zone,T-junction,-33.701567,151.108863,Hornsby,Sydney metro. area,Syd-Newc-Woll Gtr conurbation,Straight,Driveway/entrance,,,Unknown / not stated,Sealed,Dry,Fine,Daylight,Nil,No traffic controls,50 km/h,Local,47,Emerging from drive,406,Manov - Emerging from driveway,,Right angle,4 wheel drive / SUV,Car (sedan/hatch),2,0,0,0,1,8,August,Winter,Monday,08:00 - 09:59,AM peak / school commute,True,False,True,True
1372570,Injury,Minor/Other Injury,2024,2024,December,Sunday,10:00 - 11:59,NEW ILLAWARRA,RD,500,North,HEATHCOTE,RD,LUCAS HEIGHTS,190.0,No,Not a school zone,2-way undivided,-34.05068,150.974932,Sutherland,Sydney metro. area,Syd-Newc-Woll Gtr conurbation,Straight,,,,Unknown / not stated,Sealed,Dry,Fine,Daylight,Nil,No traffic controls,80 km/h,State,30,Rear end,301,Same - Rear end,,Rear end,Light truck,4 wheel drive / SUV,2,0,0,0,2,12,December,Summer,Sunday,10:00 - 11:59,Midday / afternoon,False,False,True,True
1372574,Injury,Moderate Injury,2024,2024,November,Monday,10:00 - 11:59,KABLE,AVE,45,South,OXLEY,HWY,TAMWORTH,,No,Not a school zone,2-way undivided,-31.091205,150.928549,Tamworth Regional,Country urban,Rest of NSW - Urban,Straight,Driveway/entrance,,,Unknown / not stated,Sealed,Wet,Overcast,Daylight,Nil,No traffic controls,40 km/h,Local,47,Emerging from drive,406,Manov - Emerging from driveway,,Right angle,4 wheel drive / SUV,Car (sedan/hatch),2,0,0,1,0,11,November,Spring,Monday,10:00 - 11:59,Midday / afternoon,False,False,True,True
1372586,Injury,Moderate Injury,2024,2024,September,Tuesday,12:00 - 13:59,VICTORIA,RD,10,West,WILDE,AVE,NORTH PARRAMATTA,165.0,No,Not a school zone,T-junction,-33.80892,151.008053,Parramatta,Sydney metro. area,Syd-Newc-Woll Gtr conurbation,Straight,,,,Unknown / not stated,Sealed,Dry,Fine,Daylight,On,No traffic controls,60 km/h,State,30,Rear end,301,Same - Rear end,,Rear end,Car (sedan/hatch),Other bus,2,0,0,1,0,9,September,Spring,Tuesday,12:00 - 13:59,Midday / afternoon,False,False,True,True
1372590,Injury,Minor/Other Injury,2024,2024,December,Tuesday,16:00 - 17:59,NARELLAN,RD,10,West,HARTLEY,RD,CURRANS HILL,178.0,No,Not a school zone,X-intersection,-34.04781,150.761625,Camden,Sydney metro. area,Syd-Newc-Woll Gtr conurbation,Straight,,,,Unknown / not stated,Sealed,Dry,Fine,Daylight,On,No traffic controls,80 km/h,State,30,Rear end,301,Same - Rear end,,Rear end,4 wheel drive / SUV,4 wheel drive / SUV,2,0,0,0,1,12,December,Summer,Tuesday,16:00 - 17:59,PM peak / evening commute,True,False,True,True
1372594,Injury,Minor/Other Injury,2024,2024,October,Wednesday,12:00 - 13:59,NEW ENGLAND,HWY,300,West,QUARTER SESSIONS,RD,TARRO,9.0,No,Not a school zone,Divided road,-32.8121,151.653193,Newcastle,Newcastle met. area,Syd-Newc-Woll Gtr conurbation,Straight,,,,Unknown / not stated,Sealed,Dry,Fine,Daylight,Nil,No traffic controls,90 km/h,State,34,Lane change right,306,Same - Lane change right,,Other angle,Large rigid,Light truck utility(from 2018),3,0,0,0,1,10,October,Spring,Wednesday,12:00 - 13:59,Midday / afternoon,False,False,True,True
1372605,Injury,Moderate Injury,2024,2024,November,Wednesday,12:00 - 13:59,HUME,HWY,0,Right on the spot,CAMPBELL,ST,LIVERPOOL,2.0,No,Not a school zone,T-junction,-33.917217,150.919791,Liverpool,Sydney metro. area,Syd-Newc-Woll Gtr conurbation,Straight,,,,Unknown / not stated,Sealed,Dry,Fine,Daylight,On,No right turn,60 km/h,State,33,Lane sideswipe,305,Same - Lane side swipe,,Other angle,Car (sedan/hatch),4 wheel drive / SUV,2,0,0,1,0,11,November,Spring,Wednesday,12:00 - 13:59,Midday / afternoon,False,False,True,True
1372609,Injury,Minor/Other Injury,2024,2024,December,Thursday,16:00 - 17:59,GADIGAL,AVE,0,Right on the spot,WOLSELEY,GR,ZETLAND,,No,Not a school zone,X-intersection,-33.905144,151.212223,Sydney,Sydney metro. area,Syd-Newc-Woll Gtr conurbation,Straight,,,,Unknown / not stated,Sealed,Dry,Fine,Daylight,On,No traffic controls,40 km/h,Local,21,Right through,202,Opp - Right-thru,,Other angle,Car (sedan/hatch),Motorcycle,2,0,0,0,1,12,December,Summer,Thursday,16:00 - 17:59,PM peak / evening commute,True,False,True,True
1372610,Injury,Serious Injury,2024,2024,October,Sunday,10:00 - 11:59,BLACKTOWN,RD,0,Right on the spot,LEABONS,LANE,SEVEN HILLS,644.0,No,Not a school zone,X-intersection,-33.779777,150.920462,Blacktown,Sydney metro. area,Syd-Newc-Woll Gtr conurbation,Straight,,,,Unknown / not stated,Sealed,Dry,Fine,Daylight,On,No traffic controls,60 km/h,State,31,Left rear,302,Same - Rear left,,Rear end,Car (sedan/hatch),4 wheel drive / SUV,2,0,1,0,0,10,October,Spring,Sunday,10:00 - 11:59,Midday / afternoon,False,False,True,True
1372611,Injury,Minor/Other Injury,2024,2024,November,Wednesday,16:00 - 17:59,FETHERSTONE,ST,0,Right on the spot,NUMBER 3-7,HN,BANKSTOWN,,No,Not a school zone,1-way street,-33.916721,151.034307,Canterbury-Bankstown,Sydney metro. area,Syd-Newc-Woll Gtr conurbation,Straight,,,,Unknown / not stated,Sealed,Dry,Fine,Daylight,Nil,No traffic controls,40 km/h,Local,0,Ped nearside,1,Ped - Near side,,Vehicle - Pedestrian,4 wheel drive / SUV,Pedestrian,2,0,0,0,1,11,November,Spring,Wednesday,16:00 - 17:59,PM peak / evening commute,True,False,True,True
1372617,Injury,Minor/Other Injury,2024,2024,November,Sunday,10:00 - 11:59,NEWCASTLE,EXP,530,North,PACIFIC HIGHWAY,OP,COWAN,6003.0,No,Not a school zone,Dual freeway,-33.55408,151.192619,Hornsby,Sydney metro. area,Syd-Newc-Woll Gtr conurbation,Straight,,,,Nil,Sealed,Dry,Fine,Daylight,Nil,No traffic controls,110 km/h,State,30,Rear end,301,Same - Rear end,,Rear end,Light truck utility(from 2018),Car (sedan/hatch),3,0,0,0,1,11,November,Spring,Sunday,10:00 - 11:59,Midday / afternoon,False,False,True,True
1372625,Injury,Moderate Injury,2024,2024,October,Friday,06:00 - 07:59,CASTLEREAGH,HWY,0,Right on the spot,CHURCH,ST,MUDGEE,18.0,No,Not a school zone,Roundabout,-32.599213,149.587109,Mid-Western Regional,Country urban,Rest of NSW - Urban,Straight,,,,Unknown / not stated,Sealed,Dry,Fine,Dawn,Nil,Give way sign,50 km/h,State,10,Cross traffic,101,Adj - Cross traffic,,Right angle,Light truck utility(from 2018),Light truck utility(from 2018),2,0,0,1,0,10,October,Spring,Friday,06:00 - 07:59,AM peak / school commute,True,False,True,True
1372630,Injury,Minor/Other Injury,2024,2024,November,Tuesday,08:00 - 09:59,KIEWA,ST,0,Right on the spot,WYSE,ST,ALBURY,,No,Not a school zone,Roundabout,-36.075933,146.916534,Albury,Country urban,Rest of NSW - Urban,Straight,,,,Unknown / not stated,Sealed,Dry,Fine,Daylight,Nil,Give way sign,50 km/h,Local,30,Rear end,301,Same - Rear end,,Rear end,Light truck utility(from 2018),4 wheel drive / SUV,2,0,0,0,1,11,November,Spring,Tuesday,08:00 - 09:59,AM peak / school commute,True,False,True,True
1372631,Injury,Minor/Other Injury,2024,2024,September,Thursday,16:00 - 17:59,MONA VALE,RD,0,Right on the spot,STURT,PL,ST IVES,162.0,No,Not a school zone,T-junction,-33.728363,151.163749,Ku-ring-gai,Sydney metro. area,Syd-Newc-Woll Gtr conurbation,Straight,,,,Unknown / not stated,Sealed,Wet,Overcast,Daylight,Nil,No traffic controls,60 km/h,State,30,Rear end,301,Same - Rear end,,Rear end,Car (sedan/hatch),Light truck utility(from 2018),3,0,0,0,1,9,September,Spring,Thursday,16:00 - 17:59,PM peak / evening commute,True,False,True,True
1372634,Injury,Minor/Other Injury,2024,2024,December,Friday,16:00 - 17:59,PENSHURST,ST,0,Right on the spot,NUMBER 308,HN,NORTH WILLOUGHBY,641.0,No,Not a school zone,2-way undivided,-33.794036,151.196218,Willoughby,Sydney metro. area,Syd-Newc-Woll Gtr conurbation,Straight,,,,Unknown / not stated,Sealed,Dry,Fine,Dusk,Nil,No traffic controls,60 km/h,State,30,Rear end,301,Same - Rear end,,Rear end,Car (sedan/hatch),Car (sedan/hatch),2,0,0,0,1,12,December,Summer,Friday,16:00 - 17:59,PM peak / evening commute,True,False,True,True
1372635,Injury,Minor/Other Injury,2024,2024,October,Saturday,08:00 - 09:59,CRESCENT HEAD,RD,4000,West,MARIA RIVER,RD,CRESCENT HEAD,7737.0,No,Not a school zone,2-way undivided,-31.15263,152.913751,Kempsey,Country non-urban,Rest of NSW - Rural,Curved,,,,Unknown / not stated,Sealed,Dry,Fine,Daylight,Nil,No traffic controls,100 km/h,Regional,30,Rear end,301,Same - Rear end,,Rear end,Light truck utility(from 2018),Light truck utility(from 2018),2,0,0,0,1,10,October,Spring,Saturday,08:00 - 09:59,AM peak / school commute,True,False,True,True
1372651,Injury,Moderate Injury,2024,2024,December,Wednesday,16:00 - 17:59,M2 HILLS,EXP,1000,West,WINDSOR ROAD,TO,BAULKHAM HILLS,6002.0,No,Not a school zone,Dual freeway,-33.771858,150.982475,The Hills,Sydney metro. area,Syd-Newc-Woll Gtr conurbation,Straight,Bus/transit lane,,,Unknown / not stated,Sealed,Dry,Fine,Daylight,Nil,No traffic controls,100 km/h,State,34,Lane change right,306,Same - Lane change right,,Other angle,Motorcycle,Car (sedan/hatch),2,0,0,1,0,12,December,Summer,Wednesday,16:00 - 17:59,PM peak / evening commute,True,False,True,True
1372652,Injury,Minor/Other Injury,2024,2024,October,Wednesday,12:00 - 13:59,THE NORTHERN,RD,0,Right on the spot,SHERRINGHAM,RD,CRANEBROOK,154.0,No,Not a school zone,T-junction,-33.730045,150.719308,Penrith,Sydney metro. area,Syd-Newc-Woll Gtr conurbation,Straight,,,,Unknown / not stated,Sealed,Dry,Fine,Daylight,On,No traffic controls,70 km/h,State,30,Rear end,301,Same - Rear end,,Rear end,Car (sedan/hatch),Light truck utility(from 2018),2,0,0,0,2,10,October,Spring,Wednesday,12:00 - 13:59,Midday / afternoon,False,False,True,True
1372658,Injury,Minor/Other Injury,2024,2024,November,Friday,08:00 - 09:59,VANESSA,ST,50,East,THE CRESCENT,MS,KINGSGROVE,7035.0,No,Not a school zone,2-way undivided,-33.943887,151.093586,Georges River,Sydney metro. area,Syd-Newc-Woll Gtr conurbation,Straight,,,,Unknown / not stated,Sealed,Dry,Fine,Daylight,Nil,No traffic controls,50 km/h,Regional,20,Head on,201,Opp - Head on,,Head-on,4 wheel drive / SUV,Light truck utility(from 2018),3,0,0,0,1,11,November,Spring,Friday,08:00 - 09:59,AM peak / school commute,True,False,True,True
1372661,Injury,Moderate Injury,2024,2024,December,Tuesday,14:00 - 15:59,MITCHELMORE,ST,0,Right on the spot,NUMBER 69,HN,TURVEY PARK,,No,Not a school zone,2-way undivided,-35.130953,147.361641,Wagga Wagga,Country urban,Rest of NSW - Urban,Straight,,,,Unknown / not stated,Sealed,Dry,Fine,Daylight,Nil,No traffic controls,50 km/h,Local,30,Rear end,301,Same - Rear end,,Rear end,4 wheel drive / SUV,Car (sedan/hatch),3,0,0,1,0,12,December,Summer,Tuesday,14:00 - 15:59,Midday / afternoon,False,False,True,True
1372663,Injury,Minor/Other Injury,2024,2024,December,Tuesday,10:00 - 11:59,SOUTH WESTERN,EXP,1000,West,HENRY LAWSON DRIVE,OP,MILPERRA,6005.0,No,Not a school zone,Dual freeway,-33.946525,150.971796,Canterbury-Bankstown,Sydney metro. area,Syd-Newc-Woll Gtr conurbation,Straight,Other bridge,,,Unknown / not stated,Sealed,Dry,Fine,Daylight,Nil,No traffic controls,100 km/h,State,30,Rear end,301,Same - Rear end,,Rear end,Car (sedan/hatch),Car (sedan/hatch),2,0,0,0,1,12,December,Summer,Tuesday,10:00 - 11:59,Midday / afternoon,False,False,True,True
1372666,Injury,Minor/Other Injury,2024,2024,December,Saturday,12:00 - 13:59,LOWER RIVER,RD,9500,East,AVENDRINA,RD,ARATULA,,No,Not a school zone,2-way undivided,-35.794664,145.315574,Murray River,Country non-urban,Rest of NSW - Rural,Straight,,,,Unknown / not stated,Unsealed,Dry,Fine,Daylight,Nil,No traffic controls,100 km/h,Local,74,On road-out of cont.,705,Out of control on cway,,Rollover,Motorcycle,,1,0,0,0,1,12,December,Summer,Saturday,12:00 - 13:59,Midday / afternoon,False,False,True,True
1372667,Injury,Moderate Injury,2024,2024,December,Saturday,12:00 - 13:59,PACIFIC,HWY,247,North,ILUKA ROAD,OP,WOOMBAH,10.0,No,Not a school zone,Divided road,-29.352627,153.247395,Clarence Valley,Country non-urban,Rest of NSW - Rural,Straight,Ditch/drain/culvert,,,Unknown / not stated,Sealed,Dry,Fine,Daylight,Nil,No traffic controls,110 km/h,State,71,Off rd left => obj,703,Left off cway into object,,Vehicle - Object,4 wheel drive / SUV,,1,0,0,3,0,12,December,Summer,Saturday,12:00 - 13:59,Midday / afternoon,False,False,True,True
1372668,Injury,Minor/Other Injury,2024,2024,November,Wednesday,16:00 - 17:59,ELTHAM,RD,0,Right on the spot,VIRTUE,RD,BEXHILL,,No,Not a school zone,T-junction,-28.757442,153.375202,Lismore,Country urban,Rest of NSW - Urban,Curved,Embankment/cutting,,,Unknown / not stated,Sealed,Wet,Raining,Daylight,Nil,Give way sign,80 km/h,Local,80,Off left/right bend,801,Off cway right bend,Left,Rollover,Car (sedan/hatch),,1,0,0,0,1,11,November,Spring,Wednesday,16:00 - 17:59,PM peak / evening commute,True,False,True,True
1372675,Injury,Moderate Injury,2024,2024,November,Thursday,18:00 - 19:59,RAILWAY,PDE,0,Right on the spot,GRAY,ST,KOGARAH,7006.0,No,Not a school zone,T-junction,-33.965921,151.131238,Georges River,Sydney metro. area,Syd-Newc-Woll Gtr conurbation,Curved,,,,Unknown / not stated,Sealed,Dry,Fine,Unknown,On,No traffic controls,40 km/h,Regional,21,Right through,202,Opp - Right-thru,,Other angle,Light truck,Car (sedan/hatch),2,0,0,1,0,11,November,Spring,Thursday,18:00 - 19:59,PM peak / evening commute,True,False,True,True
1372676,Injury,Minor/Other Injury,2024,2024,September,Sunday,10:00 - 11:59,SOUTHERN,EXP,1000,South,NORTHCLIFFE DRIVE,OP,BERKELEY,6006.0,No,Not a school zone,Dual freeway,-34.480208,150.824519,Wollongong,Wollongong met. area,Syd-Newc-Woll Gtr conurbation,Straight,Other bridge,,,Unknown / not stated,Sealed,Dry,Fine,Daylight,Nil,No traffic controls,100 km/h,State,30,Rear end,301,Same - Rear end,,Rear end,Car (sedan/hatch),Car (sedan/hatch),2,0,0,0,2,9,September,Spring,Sunday,10:00 - 11:59,Midday / afternoon,False,False,True,True