crash_id,degree_of_crash,degree_of_crash_-_detailed,reporting_year,year_of_crash,month_of_crash,day_of_week_of_crash,two-hour_intervals,street_of_crash,street_type,distance,direction,identifying_feature,identifying_feature_type,town,route_no.,school_zone_location,school_zone_active,type_of_location,latitude,longitude,lga,urbanisation,conurbation_1,alignment,primary_permanent_feature,primary_temporary_feature,primary_hazardous_feature,street_lighting,road_surface,surface_condition,weather,natural_lighting,signals_operation,other_traffic_control,speed_limit,road_classification_(admin),rum_-_code,rum_-_description,dca_-_code,dca_-_description,dca_supplement,first_impact_type,key_tu_type,other_tu_type,no._of_traffic_units_involved,no._killed,no._seriously_injured,no._moderately_injured,no._minor-other_injured,month_num,month_label,season,day_label,time_label,time_band,is_peak_commute,is_fatal,is_injury,is_casualty
1372677,Injury,Minor/Other Injury,2024,2024,November,Friday,14:00 - 15:59,RIVERINA,HWY,0,Right on the spot,MUNGABAREENA,RD,EAST ALBURY,20.0,No,Not a school zone,T-junction,-36.074819,146.951135,Albury,Country urban,Rest of NSW - Urban,Straight,,,,Unknown / not stated,Sealed,Dry,Fine,Daylight,Nil,No traffic controls,80 km/h,State,32,Right rear,303,Same - Rear right,,Rear end,4 wheel drive / SUV,4 wheel drive / SUV,2,0,0,0,1,11,November,Spring,Friday,14:00 - 15:59,Midday / afternoon,False,False,True,True
1372681,Injury,Minor/Other Injury,2024,2024,September,Monday,16:00 - 17:59,NORTHAM,AVE,0,Right on the spot,SHENTON,AVE,BANKSTOWN,,No,Not a school zone,Roundabout,-33.926924,151.026692,Canterbury-Bankstown,Sydney metro. area,Syd-Newc-Woll Gtr conurbation,Straight,,,,Unknown / not stated,Sealed,Dry,Fine,Daylight,Nil,Give way sign,50 km/h,Local,10,Cross traffic,101,Adj - Cross traffic,,Right angle,Panel van,Car (sedan/hatch),2,0,0,0,1,9,September,Spring,Monday,16:00 - 17:59,PM peak / evening commute,True,False,True,True
1372684,Injury,Moderate Injury,2024,2024,October,Monday,08:00 - 09:59,HILL,ST,0,Right on the spot,PACIFIC,DR,PORT MACQUARIE,,No,Not a school zone,T-junction,-31.438699,152.924481,Port Macquarie-Hastings,Country urban,Rest of NSW - Urban,Straight,Steep grade,,,Nil,Sealed,Dry,Fine,Daylight,Nil,No traffic controls,50 km/h,Local,32,Right rear,303,Same - Rear right,,Rear end,4 wheel drive / SUV,4 wheel drive / SUV,2,0,0,1,0,10,October,Spring,Monday,08:00 - 09:59,AM peak / school commute,True,False,True,True
1372687,Injury,Minor/Other Injury,2024,2024,December,Monday,08:00 - 09:59,LAKE ENTRANCE,RD,0,Right on the spot,MADIGAN,BVD,BARRACK HEIGHTS,611.0,No,Not a school zone,T-junction,-34.558672,150.844184,Shellharbour,Wollongong met. area,Syd-Newc-Woll Gtr conurbation,Straight,,,,Unknown / not stated,Sealed,Dry,Fine,Daylight,On,No traffic controls,70 km/h,State,30,Rear end,301,Same - Rear end,,Rear end,4 wheel drive / SUV,4 wheel drive / SUV,2,0,0,0,1,12,December,Summer,Monday,08:00 - 09:59,AM peak / school commute,True,False,True,True
1372688,Injury,Moderate Injury,2024,2024,November,Friday,18:00 - 19:59,WILLIAM,ST,0,Right on the spot,CROWN,ST,WOOLLOOMOOLOO,173.0,No,Not a school zone,X-intersection,-33.874246,151.216326,Sydney,Sydney metro. area,Syd-Newc-Woll Gtr conurbation,Straight,,,,Unknown / not stated,Sealed,Dry,Fine,Darkness,On,No traffic controls,50 km/h,State,30,Rear end,301,Same - Rear end,,Rear end,Car (sedan/hatch),Car (sedan/hatch),2,0,0,1,0,11,November,Spring,Friday,18:00 - 19:59,PM peak / evening commute,True,False,True,True
1372691,Injury,Moderate Injury,2024,2024,December,Wednesday,06:00 - 07:59,CUMBERLAND,HWY,0,Right on the spot,TINTERN,AVE,CARLINGFORD,13.0,Yes,No,T-junction,-33.786043,151.038445,Parramatta,Sydney metro. area,Syd-Newc-Woll Gtr conurbation,Straight,,,,Unknown / not stated,Sealed,Wet,Raining,Daylight,Nil,Give way sign,60 km/h,State,21,Right through,202,Opp - Right-thru,,Other angle,Car (sedan/hatch),Car (sedan/hatch),2,0,0,1,0,12,December,Summer,Wednesday,06:00 - 07:59,AM peak / school commute,True,False,True,True
1372692,Injury,Moderate Injury,2024,2024,October,Tuesday,06:00 - 07:59,PRINCES,HWY,0,Right on the spot,BRIDGE,RD,NOWRA,1.0,No,Not a school zone,X-intersection,-34.866802,150.602038,Shoalhaven,Country urban,Rest of NSW - Urban,Curved,,,,Unknown / not stated,Sealed,Dry,Fine,Dawn,On,No traffic controls,70 km/h,State,21,Right through,202,Opp - Right-thru,,Other angle,Car (sedan/hatch),Light truck utility(from 2018),3,0,0,1,1,10,October,Spring,Tuesday,06:00 - 07:59,AM peak / school commute,True,False,True,True
1372697,Injury,Minor/Other Injury,2024,2024,December,Sunday,22:00 - Midnight,HUME,HWY,0,Right on the spot,WOODVILLE,RD,VILLAWOOD,2.0,No,Not a school zone,X-intersection,-33.88956,150.973286,Canterbury-Bankstown,Sydney metro. area,Syd-Newc-Woll Gtr conurbation,Curved,,,,Unknown / not stated,Sealed,Dry,Fine,Darkness,On,No traffic controls,70 km/h,State,30,Rear end,301,Same - Rear end,,Rear end,Light truck utility(from 2018),Car (sedan/hatch),2,0,0,0,1,12,December,Summer,Sunday,22:00 - Midnight,Evening / night,False,False,True,True
1372705,Injury,Minor/Other Injury,2024,2024,October,Wednesday,22:00 - Midnight,BEAMISH,ST,15,South,CAMPSIE,ST,CAMPSIE,2014.0,No,Not a school zone,2-way undivided,-33.909005,151.10338,Canterbury-Bankstown,Sydney metro. area,Syd-Newc-Woll Gtr conurbation,Straight,,,,Unknown / not stated,Sealed,Dry,Unknown,Darkness,Nil,No traffic controls,40 km/h,Regional,66,Object on road,607,On path - Hit temp object,,Vehicle - Object,Other bus,,1,0,0,0,1,10,October,Spring,Wednesday,22:00 - Midnight,Evening / night,False,False,True,True
1372706,Injury,Moderate Injury,2024,2024,December,Saturday,08:00 - 09:59,NEWELL,HWY,65,South,TUPPAL,ST,FINLEY,17.0,No,Not a school zone,Divided road,-35.638518,145.579736,Berrigan,Country urban,Rest of NSW - Urban,Straight,Foot/cycle path/nature strip,,,Unknown / not stated,Sealed,Dry,Fine,Daylight,Nil,No traffic controls,50 km/h,State,71,Off rd left => obj,703,Left off cway into object,,Vehicle - Object,Light truck utility(from 2018),,1,0,0,1,0,12,December,Summer,Saturday,08:00 - 09:59,AM peak / school commute,True,False,True,True
1372707,Injury,Minor/Other Injury,2024,2024,November,Monday,14:00 - 15:59,SUSAN,ST,20,North,BEATRICE,ST,AUBURN,,Yes,No,2-way undivided,-33.854315,151.03353,Cumberland,Sydney metro. area,Syd-Newc-Woll Gtr conurbation,Straight,,,,Unknown / not stated,Sealed,Dry,Fine,Daylight,Nil,No traffic controls,50 km/h,Local,42,Leaving parking,401,Manov - Leaving parking,,Other angle,Car (sedan/hatch),Car (sedan/hatch),2,0,0,0,1,11,November,Spring,Monday,14:00 - 15:59,Midday / afternoon,False,False,True,True
1372712,Injury,Moderate Injury,2024,2024,November,Wednesday,06:00 - 07:59,PACIFIC,HWY,0,Right on the spot,KATHLEEN MORREAU,RD,NIAGARA PARK,10.0,No,Not a school zone,T-junction,-33.384311,151.355591,Central Coast,Country urban,Syd-Newc-Woll Gtr conurbation,Curved,Painted double centre lines,,,Unknown / not stated,Sealed,Dry,Fine,Daylight,Nil,No traffic controls,60 km/h,State,53,Overtake turning,506,Ovtak - Overtaking right turn,,Other angle,Light truck utility(from 2018),Car (sedan/hatch),2,0,0,1,0,11,November,Spring,Wednesday,06:00 - 07:59,AM peak / school commute,True,False,True,True
1372729,Injury,Moderate Injury,2024,2024,November,Friday,10:00 - 11:59,PRINCES,HWY,0,Right on the spot,TURPENTINE,RD,TOMERONG,1.0,No,Not a school zone,T-junction,-35.051909,150.576227,Shoalhaven,Country non-urban,Rest of NSW - Rural,Straight,,,,Unknown / not stated,Sealed,Dry,Fine,Daylight,Nil,Stop sign,100 km/h,State,13,Right near,104,Adj - Right-thru from right,,Right angle,Car (sedan/hatch),Car (sedan/hatch),2,0,0,1,0,11,November,Spring,Friday,10:00 - 11:59,Midday / afternoon,False,False,True,True
1372740,Injury,Minor/Other Injury,2024,2024,November,Thursday,08:00 - 09:59,PRESIDENT,AVE,0,Right on the spot,FAUNA,PL,KIRRAWEE,2075.0,No,Not a school zone,T-junction,-34.035439,151.068612,Sutherland,Sydney metro. area,Syd-Newc-Woll Gtr conurbation,Straight,,,,Unknown / not stated,Sealed,Dry,Fine,Daylight,Nil,Give way sign,60 km/h,Regional,11,Right far,102,Adj - Right-thru from left,,Right angle,Car (sedan/hatch),4 wheel drive / SUV,3,0,0,0,1,11,November,Spring,Thursday,08:00 - 09:59,AM peak / school commute,True,False,True,True
1372746,Injury,Minor/Other Injury,2024,2024,December,Tuesday,18:00 - 19:59,HUME,HWY,90,North,WATERLOO,RD,GREENACRE,2.0,No,Not a school zone,2-way undivided,-33.888979,151.060822,Canterbury-Bankstown,Sydney metro. area,Syd-Newc-Woll Gtr conurbation,Straight,,,,Unknown / not stated,Sealed,Dry,Fine,Daylight,Nil,No traffic controls,70 km/h,State,30,Rear end,301,Same - Rear end,,Rear end,Light truck,Car (sedan/hatch),2,0,0,0,2,12,December,Summer,Tuesday,18:00 - 19:59,PM peak / evening commute,True,False,True,True
1372750,Injury,Serious Injury,2024,2024,November,Monday,20:00 - 21:59,TEVEN,RD,0,Right on the spot,NUMBER 423,HN,TEVEN,,No,Not a school zone,2-way undivided,-28.835336,153.501661,Ballina,Country urban,Rest of NSW - Urban,Straight,,,,Unknown / not stated,Sealed,Wet,Raining,Darkness,Nil,No traffic controls,80 km/h,Local,71,Off rd left => obj,703,Left off cway into object,,Vehicle - Object,4 wheel drive / SUV,,1,0,1,0,0,11,November,Spring,Monday,20:00 - 21:59,Evening / night,False,False,True,True
1372753,Injury,Moderate Injury,2024,2024,December,Monday,14:00 - 15:59,RAILWAY,ST,0,Right on the spot,KIMBERLEY,ST,MOUNT DRUITT,537.0,No,Not a school zone,T-junction,-33.767092,150.832801,Blacktown,Sydney metro. area,Syd-Newc-Woll Gtr conurbation,Straight,,,,Unknown / not stated,Sealed,Dry,Fine,Daylight,Nil,No traffic controls,60 km/h,State,32,Right rear,303,Same - Rear right,,Rear end,Car (sedan/hatch),4 wheel drive / SUV,2,0,0,1,0,12,December,Summer,Monday,14:00 - 15:59,Midday / afternoon,False,False,True,True
1372757,Injury,Minor/Other Injury,2024,2024,November,Friday,14:00 - 15:59,PRINCES,HWY,0,Right on the spot,ALICE,ST,NEWTOWN,1.0,No,Not a school zone,X-intersection,-33.902893,151.179445,Inner West,Sydney metro. area,Syd-Newc-Woll Gtr conurbation,Straight,,,,Unknown / not stated,Sealed,Dry,Fine,Daylight,On,No traffic controls,40 km/h,State,31,Left rear,302,Same - Rear left,,Rear end,Light truck utility(from 2018),Light truck utility(from 2018),2,0,0,0,1,11,November,Spring,Friday,14:00 - 15:59,Midday / afternoon,False,False,True,True
1372758,Injury,Moderate Injury,2024,2024,November,Tuesday,18:00 - 19:59,ATCHISON,RD,100,North,FRASER,ST,MACQUARIE FIELDS,7198.0,No,Not a school zone,2-way undivided,-33.980773,150.884755,Campbelltown,Sydney metro. area,Syd-Newc-Woll Gtr conurbation,Curved,,,,Unknown / not stated,Sealed,Dry,Fine,Dusk,Nil,No traffic controls,60 km/h,Regional,20,Head on,201,Opp - Head on,,Head-on,Car (sedan/hatch),Car (sedan/hatch),2,0,0,1,1,11,November,Spring,Tuesday,18:00 - 19:59,PM peak / evening commute,True,False,True,True
1372759,Injury,Moderate Injury,2024,2024,October,Sunday,08:00 - 09:59,CUMBERLAND,HWY,0,Right on the spot,THE COMENARRA,PKWY,THORNLEIGH,13.0,No,Not a school zone,X-intersection,-33.730782,151.081153,Hornsby,Sydney metro. area,Syd-Newc-Woll Gtr conurbation,Straight,Steep grade,,,Unknown / not stated,Sealed,Dry,Fine,Daylight,On,No traffic controls,70 km/h,State,30,Rear end,301,Same - Rear end,,Rear end,Light truck,Car (sedan/hatch),2,0,0,1,0,10,October,Spring,Sunday,08:00 - 09:59,AM peak / school commute,True,False,True,True
1372770,Injury,Minor/Other Injury,2024,2024,November,Wednesday,10:00 - 11:59,SYDENHAM,RD,0,Right on the spot,NUMBER 81,HN,MARRICKVILLE,664.0,No,Not a school zone,2-way undivided,-33.911417,151.164551,Inner West,Sydney metro. area,Syd-Newc-Woll Gtr conurbation,Straight,,,,Unknown / not stated,Sealed,Dry,Fine,Daylight,Nil,No traffic controls,50 km/h,State,33,Lane sideswipe,305,Same - Lane side swipe,,Other angle,Light truck utility(from 2018),4 wheel drive / SUV,2,0,0,0,1,11,November,Spring,Wednesday,10:00 - 11:59,Midday / afternoon,False,False,True,True
1372771,Injury,Moderate Injury,2024,2024,October,Friday,16:00 - 17:59,BRINGELLY,RD,0,Right on the spot,DERBY,ST,KINGSWOOD,,No,Not a school zone,Roundabout,-33.762767,150.719876,Penrith,Sydney metro. area,Syd-Newc-Woll Gtr conurbation,Straight,,,,Nil,Sealed,Dry,Fine,Daylight,Nil,Give way sign,50 km/h,Local,21,Right through,202,Opp - Right-thru,,Other angle,4 wheel drive / SUV,Car (sedan/hatch),2,0,0,1,0,10,October,Spring,Friday,16:00 - 17:59,PM peak / evening commute,True,False,True,True
1372772,Injury,Moderate Injury,2024,2024,October,Sunday,10:00 - 11:59,M2 HILLS,EXP,70,North,LANE COVE TUNNEL,ENT,LANE COVE NORTH,6002.0,No,Not a school zone,Dual freeway,-33.801264,151.144681,Willoughby,Sydney metro. area,Syd-Newc-Woll Gtr conurbation,Straight,Steep grade,,,Unknown / not stated,Sealed,Dry,Fine,Daylight,Nil,No traffic controls,80 km/h,State,35,Lane change left,307,Same - Lane change left,,Other angle,Passenger van,Station wagon,2,0,0,1,0,10,October,Spring,Sunday,10:00 - 11:59,Midday / afternoon,False,False,True,True
1372774,Injury,Minor/Other Injury,2024,2024,October,Wednesday,08:00 - 09:59,PRINCES,HWY,50,North,PITMAN,AVE,ULLADULLA,1.0,No,Not a school zone,2-way undivided,-35.371424,150.467526,Shoalhaven,Country urban,Rest of NSW - Urban,Straight,,,,Unknown / not stated,Sealed,Dry,Fine,Daylight,Nil,No traffic controls,60 km/h,State,30,Rear end,301,Same - Rear end,,Rear end,Car (sedan/hatch),4 wheel drive / SUV,2,0,0,0,1,10,October,Spring,Wednesday,08:00 - 09:59,AM peak / school commute,True,False,True,True
1372783,Injury,Serious Injury,2024,2024,December,Friday,12:00 - 13:59,GROSE VALE,RD,500,East,BELLS,RD,GROSE VALE,7212.0,No,Not a school zone,2-way undivided,-33.580654,150.684998,Hawkesbury,Country urban,Syd-Newc-Woll Gtr conurbation,Curved,Steep grade,,,Unknown / not stated,Sealed,Dry,Fine,Daylight,Nil,No traffic controls,60 km/h,Regional,80,Off left/right bend,801,Off cway right bend,Left,Rollover,Station wagon,,1,0,1,0,0,12,December,Summer,Friday,12:00 - 13:59,Midday / afternoon,False,False,True,True
1372788,Injury,Minor/Other Injury,2024,2024,October,Tuesday,20:00 - 21:59,HOXTON PARK,RD,0,Right on the spot,WHITFORD,RD,HOXTON PARK,681.0,No,Not a school zone,X-intersection,-33.926015,150.866399,Liverpool,Sydney metro. area,Syd-Newc-Woll Gtr conurbation,Straight,,,,Unknown / not stated,Sealed,Dry,Fine,Darkness,On,No traffic controls,70 km/h,State,30,Rear end,301,Same - Rear end,,Rear end,4 wheel drive / SUV,Car (sedan/hatch),2,0,0,0,1,10,October,Spring,Tuesday,20:00 - 21:59,Evening / night,False,False,True,True
1372796,Injury,Minor/Other Injury,2024,2024,October,Saturday,16:00 - 17:59,PACIFIC,HWY,100,North,FIRTH HEINZ ROAD,OP,TUCABIA,10.0,No,Not a school zone,Divided road,-29.696527,153.12384,Clarence Valley,Country non-urban,Rest of NSW - Rural,Straight,,,,Unknown / not stated,Sealed,Dry,Fine,Daylight,Nil,No traffic controls,110 km/h,State,73,Off rd rght => obj,704,Right off cway into obj,,Vehicle - Object,Car (sedan/hatch),,1,0,0,0,1,10,October,Spring,Saturday,16:00 - 17:59,PM peak / evening commute,True,False,True,True
1372799,Injury,Moderate Injury,2024,2024,December,Monday,08:00 - 09:59,HUNTER,ST,0,Right on the spot,76-80,HN,HORNSBY,,No,Not a school zone,2-way undivided,-33.699051,151.101556,Hornsby,Sydney metro. area,Syd-Newc-Woll Gtr conurbation,Straight,Driveway/entrance,,,Unknown / not stated,Sealed,Dry,Fine,Daylight,Nil,No traffic controls,50 km/h,Local,47,Emerging from drive,406,Manov - Emerging from driveway,,Right angle,Car (sedan/hatch),Car (sedan/hatch),2,0,0,1,0,12,December,Summer,Monday,08:00 - 09:59,AM peak / school commute,True,False,True,True
1372800,Injury,Minor/Other Injury,2024,2024,December,Tuesday,06:00 - 07:59,WALLGROVE,RD,300,North,SAXONY,RD,HORSLEY PARK,515.0,No,Not a school zone,2-way undivided,-33.852076,150.850799,Fairfield,Sydney metro. area,Syd-Newc-Woll Gtr conurbation,Curved,Driveway/entrance,,,Unknown / not stated,Sealed,Dry,Fine,Daylight,Nil,No traffic controls,80 km/h,State,53,Overtake turning,506,Ovtak - Overtaking right turn,,Other angle,Car (sedan/hatch),Car (sedan/hatch),2,0,0,0,1,12,December,Summer,Tuesday,06:00 - 07:59,AM peak / school commute,True,False,True,True
1372812,Injury,Minor/Other Injury,2024,2024,December,Sunday,16:00 - 17:59,GLADSTONE,ST,0,Right on the spot,JOHN,ST,CABRAMATTA,7227.0,No,Not a school zone,Roundabout,-33.894014,150.928401,Fairfield,Sydney metro. area,Syd-Newc-Woll Gtr conurbation,Straight,,,,Unknown / not stated,Sealed,Dry,Fine,Daylight,Nil,Give way sign,50 km/h,Regional,10,Cross traffic,101,Adj - Cross traffic,,Right angle,4 wheel drive / SUV,4 wheel drive / SUV,2,0,0,0,1,12,December,Summer,Sunday,16:00 - 17:59,PM peak / evening commute,True,False,True,True
1372822,Injury,Minor/Other Injury,2024,2024,December,Wednesday,10:00 - 11:59,CAMDEN VALLEY,WAY,0,Right on the spot,NUMBER 1247,HN,LEPPINGTON,620.0,No,Not a school zone,Divided road,-33.980003,150.802736,Camden,Sydney metro. area,Syd-Newc-Woll Gtr conurbation,Straight,,,,Unknown / not stated,Sealed,Dry,Fine,Daylight,Nil,No traffic controls,80 km/h,State,30,Rear end,301,Same - Rear end,,Rear end,Car (sedan/hatch),4 wheel drive / SUV,3,0,0,0,1,12,December,Summer,Wednesday,10:00 - 11:59,Midday / afternoon,False,False,True,True
1372828,Injury,Minor/Other Injury,2024,2024,November,Thursday,14:00 - 15:59,PRINCES,HWY,20,West,MURRALIN,LANE,SYLVANIA,1.0,No,Not a school zone,Divided road,-34.008257,151.104358,Sutherland,Sydney metro. area,Syd-Newc-Woll Gtr conurbation,Straight,,,,Unknown / not stated,Sealed,Dry,Fine,Daylight,Nil,No traffic controls,70 km/h,State,39,Other same direction,300,Same - other,,Other angle,4 wheel drive / SUV,Light truck utility(from 2018),2,0,0,0,1,11,November,Spring,Thursday,14:00 - 15:59,Midday / afternoon,False,False,True,True
1372835,Injury,Minor/Other Injury,2024,2024,December,Monday,14:00 - 15:59,BELAR,AVE,0,Right on the spot,NUMBER 95,HN,VILLAWOOD,,No,Not a school zone,2-way undivided,-33.891616,150.980905,Canterbury-Bankstown,Sydney metro. area,Syd-Newc-Woll Gtr conurbation,Straight,,,,Unknown / not stated,Sealed,Dry,Fine,Daylight,Nil,No traffic controls,50 km/h,Local,39,Other same direction,300,Same - other,,Other angle,4 wheel drive / SUV,Car (sedan/hatch),2,0,0,0,1,12,December,Summer,Monday,14:00 - 15:59,Midday / afternoon,False,False,True,True
1372836,Injury,Minor/Other Injury,2024,2024,October,Friday,18:00 - 19:59,CRANE,ST,0,Right on the spot,PATTERSON,ST,CONCORD,7325.0,No,Not a school zone,Roundabout,-33.860578,151.103994,Canada Bay,Sydney metro. area,Syd-Newc-Woll Gtr conurbation,Straight,,,,Unknown / not stated,Sealed,Dry,Fine,Daylight,Nil,Give way sign,50 km/h,Regional,30,Rear end,301,Same - Rear end,,Rear end,Light truck,Station wagon,2,0,0,0,1,10,October,Spring,Friday,18:00 - 19:59,PM peak / evening commute,True,False,True,True
1372837,Injury,Moderate Injury,2024,2024,October,Monday,08:00 - 09:59,THE HORSLEY,DR,0,Right on the spot,NUMBER 168,HN,FAIRFIELD EAST,609.0,No,Not a school zone,Divided road,-33.880054,150.966396,Fairfield,Sydney metro. area,Syd-Newc-Woll Gtr conurbation,Straight,,,,Unknown / not stated,Sealed,Dry,Fine,Daylight,Nil,No traffic controls,60 km/h,State,34,Lane change right,306,Same - Lane change right,,Other angle,Large rigid,Station wagon,2,0,0,1,0,10,October,Spring,Monday,08:00 - 09:59,AM peak / school commute,True,False,True,True
1372845,Injury,Minor/Other Injury,2024,2024,December,Tuesday,04:00 - 05:59,HUME,HWY,100,South,LOWER TARCUTTA,RD,TARCUTTA,2.0,No,Not a school zone,Divided road,-35.247167,147.761996,Wagga Wagga,Country non-urban,Rest of NSW - Rural,Straight,,,,Unknown / not stated,Sealed,Dry,Fine,Dawn,Nil,No traffic controls,110 km/h,State,67,Struck animal,609,On path - Hit animal,,Vehicle - Animal,Car (sedan/hatch),,1,0,0,0,2,12,December,Summer,Tuesday,04:00 - 05:59,Late night / early morning,False,False,True,True
1372846,Injury,Moderate Injury,2024,2024,November,Wednesday,22:00 - Midnight,PRINCES,HWY,0,Right on the spot,TERRY,ST,BLAKEHURST,1.0,No,Not a school zone,T-junction,-33.984026,151.1139,Georges River,Sydney metro. area,Syd-Newc-Woll Gtr conurbation,Straight,Steep grade,,,Unknown / not stated,Sealed,Dry,Fine,Darkness,On,No traffic controls,70 km/h,State,21,Right through,202,Opp - Right-thru,,Other angle,Car (sedan/hatch),4 wheel drive / SUV,2,0,0,1,0,11,November,Spring,Wednesday,22:00 - Midnight,Evening / night,False,False,True,True
1372847,Injury,Minor/Other Injury,2024,2024,October,Wednesday,16:00 - 17:59,FREDERICK,ST,0,Right on the spot,ALBERT,PDE,ASHFIELD,650.0,No,Not a school zone,T-junction,-33.882189,151.121576,Inner West,Sydney metro. area,Syd-Newc-Woll Gtr conurbation,Straight,,,,Unknown / not stated,Sealed,Dry,Fine,Daylight,Nil,No traffic controls,50 km/h,State,21,Right through,202,Opp - Right-thru,,Other angle,Light truck utility(from 2018),Motorcycle,2,0,0,0,1,10,October,Spring,Wednesday,16:00 - 17:59,PM peak / evening commute,True,False,True,True
1372855,Injury,Moderate Injury,2024,2024,November,Saturday,10:00 - 11:59,GIBSON,AVE,25,South,CANTERBURY,RD,BANKSTOWN,7122.0,No,Not a school zone,2-way undivided,-33.933999,151.026963,Canterbury-Bankstown,Sydney metro. area,Syd-Newc-Woll Gtr conurbation,Curved,,,,Unknown / not stated,Sealed,Wet,Raining,Daylight,Nil,No traffic controls,60 km/h,Regional,33,Lane sideswipe,305,Same - Lane side swipe,,Other angle,4 wheel drive / SUV,4 wheel drive / SUV,2,0,0,1,0,11,November,Spring,Saturday,10:00 - 11:59,Midday / afternoon,False,False,True,True
1372856,Injury,Moderate Injury,2024,2024,October,Tuesday,10:00 - 11:59,NEW SOUTH HEAD,RD,45,West,DARLING POINT,RD,EDGECLIFF,173.0,No,Not a school zone,Divided road,-33.87827,151.23483,Woollahra,Sydney metro. area,Syd-Newc-Woll Gtr conurbation,Curved,Steep grade,,,Unknown / not stated,Sealed,Wet,Raining,Daylight,Nil,No traffic controls,60 km/h,State,87,Off lft/lft bnd=>obj,804,Off left bend into obj,Left,Vehicle - Object,Light truck,,1,0,0,1,0,10,October,Spring,Tuesday,10:00 - 11:59,Midday / afternoon,False,False,True,True
1372857,Injury,Moderate Injury,2024,2024,October,Monday,18:00 - 19:59,STONY CREEK,RD,100,North,SHANE PARK,RD,MELONBA,7166.0,No,Not a school zone,Divided road,-33.701902,150.784963,Blacktown,Sydney metro. area,Syd-Newc-Woll Gtr conurbation,Straight,,,,Nil,Sealed,Dry,Fine,Darkness,Nil,No traffic controls,80 km/h,Regional,73,Off rd rght => obj,704,Right off cway into obj,,Vehicle - Object,Car (sedan/hatch),,1,0,0,1,0,10,October,Spring,Monday,18:00 - 19:59,PM peak / evening commute,True,False,True,True
1372868,Injury,Minor/Other Injury,2024,2024,December,Tuesday,16:00 - 17:59,PRINCES,HWY,30,South,SECOND,AVE,UNANDERRA,1.0,No,Not a school zone,Divided road,-34.450547,150.848578,Wollongong,Wollongong met. area,Syd-Newc-Woll Gtr conurbation,Straight,Driveway/entrance,,,Unknown / not stated,Sealed,Dry,Fine,Daylight,Nil,No traffic controls,60 km/h,Regional,49,Other manoeuvring,400,Manov - other,,Other angle,4 wheel drive / SUV,Pedal cycle,2,0,0,0,1,12,December,Summer,Tuesday,16:00 - 17:59,PM peak / evening commute,True,False,True,True
1372872,Injury,Minor/Other Injury,2024,2024,November,Monday,20:00 - 21:59,ANZAC,PDE,10,South,MAROUBRA,RD,MAROUBRA,661.0,No,Not a school zone,X-intersection,-33.941759,151.239581,Randwick,Sydney metro. area,Syd-Newc-Woll Gtr conurbation,Straight,,,,On,Sealed,Dry,Fine,Darkness,On,No traffic controls,50 km/h,State,42,Leaving parking,401,Manov - Leaving parking,,Other angle,Light truck utility(from 2018),Car (sedan/hatch),2,0,0,0,1,11,November,Spring,Monday,20:00 - 21:59,Evening / night,False,False,True,True
1372873,Injury,Moderate Injury,2024,2024,December,Wednesday,20:00 - 21:59,MIRROOL SOUTH,RD,200,South,HAYES,LANE,BECKOM,,No,Not a school zone,2-way undivided,-34.373023,147.056098,Coolamon,Country non-urban,Rest of NSW - Rural,Curved,,,,Unknown / not stated,Sealed,Dry,Fine,Darkness,Nil,No traffic controls,100 km/h,Local,88,Out of cont on bend,805,Out of control on bend,,Rollover,Light truck utility(from 2018),,1,0,0,1,0,12,December,Summer,Wednesday,20:00 - 21:59,Evening / night,False,False,True,True
1372880,Injury,Moderate Injury,2024,2024,December,Saturday,12:00 - 13:59,REDHEAD,RD,50,South,OAKDALE,RD,REDHEAD,325.0,No,Not a school zone,2-way undivided,-32.991053,151.713303,Lake Macquarie,Newcastle met. area,Syd-Newc-Woll Gtr conurbation,Curved,,,,Unknown / not stated,Sealed,Dry,Fine,Daylight,Nil,No traffic controls,60 km/h,Regional,20,Head on,201,Opp - Head on,,Head-on,4 wheel drive / SUV,4 wheel drive / SUV,2,0,0,1,0,12,December,Summer,Saturday,12:00 - 13:59,Midday / afternoon,False,False,True,True
1372900,Injury,Moderate Injury,2024,2024,December,Tuesday,16:00 - 17:59,AVOCA,ST,0,Right on the spot,HOWARD,ST,RANDWICK,660.0,Yes,No,T-junction,-33.922827,151.239976,Randwick,Sydney metro. area,Syd-Newc-Woll Gtr conurbation,Straight,,,,Unknown / not stated,Sealed,Dry,Fine,Daylight,Nil,No traffic controls,50 km/h,State,49,Other manoeuvring,400,Manov - other,,Other angle,4 wheel drive / SUV,Pedal cycle,2,0,0,1,0,12,December,Summer,Tuesday,16:00 - 17:59,PM peak / evening commute,True,False,True,True