crash_id,degree_of_crash,degree_of_crash_-_detailed,reporting_year,year_of_crash,month_of_crash,day_of_week_of_crash,two-hour_intervals,street_of_crash,street_type,distance,direction,identifying_feature,identifying_feature_type,town,route_no.,school_zone_location,school_zone_active,type_of_location,latitude,longitude,lga,urbanisation,conurbation_1,alignment,primary_permanent_feature,primary_temporary_feature,primary_hazardous_feature,street_lighting,road_surface,surface_condition,weather,natural_lighting,signals_operation,other_traffic_control,speed_limit,road_classification_(admin),rum_-_code,rum_-_description,dca_-_code,dca_-_description,dca_supplement,first_impact_type,key_tu_type,other_tu_type,no._of_traffic_units_involved,no._killed,no._seriously_injured,no._moderately_injured,no._minor-other_injured,month_num,month_label,season,day_label,time_label,time_band,is_peak_commute,is_fatal,is_injury,is_casualty
1372903,Injury,Moderate Injury,2024,2024,December,Wednesday,14:00 - 15:59,PACIFIC,HWY,0,Right on the spot,LAKE HAVEN,DR,LAKE HAVEN,10.0,No,Not a school zone,Roundabout,-33.238731,151.499436,Central Coast,Country urban,Syd-Newc-Woll Gtr conurbation,Straight,Steep grade,,,Unknown / not stated,Sealed,Dry,Fine,Daylight,Nil,Give way sign,60 km/h,State,10,Cross traffic,101,Adj - Cross traffic,,Right angle,Car (sedan/hatch),Car (sedan/hatch),2,0,0,1,0,12,December,Summer,Wednesday,14:00 - 15:59,Midday / afternoon,False,False,True,True
1372909,Injury,Serious Injury,2024,2024,December,Thursday,22:00 - Midnight,MACAULEY,AVE,0,Right on the spot,RESTWELL,ST,BANKSTOWN,7124.0,No,Not a school zone,T-junction,-33.924399,151.034288,Canterbury-Bankstown,Sydney metro. area,Syd-Newc-Woll Gtr conurbation,Straight,,,,On,Sealed,Dry,Fine,Darkness,On,No traffic controls,60 km/h,Regional,21,Right through,202,Opp - Right-thru,,Other angle,Light truck utility(from 2018),Car (sedan/hatch),2,0,1,0,1,12,December,Summer,Thursday,22:00 - Midnight,Evening / night,False,False,True,True
1372915,Injury,Minor/Other Injury,2024,2024,November,Saturday,16:00 - 17:59,KING GEORGES,RD,0,Right on the spot,MORGAN,ST,BEVERLY HILLS,200.0,Yes,No,T-junction,-33.94941,151.080924,Georges River,Sydney metro. area,Syd-Newc-Woll Gtr conurbation,Straight,,,,Unknown / not stated,Sealed,Dry,Fine,Daylight,On,No traffic controls,60 km/h,State,30,Rear end,301,Same - Rear end,,Rear end,Unknown motor vehicle,Car (sedan/hatch),3,0,0,0,1,11,November,Spring,Saturday,16:00 - 17:59,PM peak / evening commute,True,False,True,True
1372917,Injury,Minor/Other Injury,2024,2024,November,Wednesday,10:00 - 11:59,MAXIM,ST,110,South,GAZA,RD,WEST RYDE,,Yes,No,2-way undivided,-33.812369,151.088355,Ryde,Sydney metro. area,Syd-Newc-Woll Gtr conurbation,Straight,Driveway/entrance,,,Unknown / not stated,Sealed,Dry,Fine,Daylight,Nil,No traffic controls,50 km/h,Local,47,Emerging from drive,406,Manov - Emerging from driveway,,Right angle,4 wheel drive / SUV,Car (sedan/hatch),2,0,0,0,1,11,November,Spring,Wednesday,10:00 - 11:59,Midday / afternoon,False,False,True,True
1372922,Injury,Minor/Other Injury,2024,2024,November,Sunday,14:00 - 15:59,JACKSONS,RD,0,Right on the spot,OAK,ST,WARRIEWOOD,,No,Not a school zone,T-junction,-33.697507,151.299452,Northern Beaches,Sydney metro. area,Syd-Newc-Woll Gtr conurbation,Straight,,,,Unknown / not stated,Sealed,Dry,Fine,Daylight,Nil,Give way sign,50 km/h,Local,30,Rear end,301,Same - Rear end,,Rear end,Car (sedan/hatch),Car (sedan/hatch),2,0,0,0,1,11,November,Spring,Sunday,14:00 - 15:59,Midday / afternoon,False,False,True,True
1372934,Injury,Moderate Injury,2024,2024,December,Monday,16:00 - 17:59,FLORAVILLE,RD,0,Right on the spot,NYANDA,AVE,FLORAVILLE,,No,Not a school zone,T-junction,-33.011134,151.665004,Lake Macquarie,Newcastle met. area,Syd-Newc-Woll Gtr conurbation,Straight,,,,Unknown / not stated,Sealed,Dry,Fine,Daylight,Nil,Stop sign,60 km/h,Local,16,Left near,107,Adj - Left-thru from right,,Right angle,4 wheel drive / SUV,Car (sedan/hatch),2,0,0,1,0,12,December,Summer,Monday,16:00 - 17:59,PM peak / evening commute,True,False,True,True
1372935,Injury,Moderate Injury,2024,2024,October,Saturday,00:01 - 01:59,ISEDALE,RD,0,Right on the spot,NUMBER 15,HN,BRAEMAR,,No,Not a school zone,2-way undivided,-34.434909,150.478589,Wingecarribee,Country urban,Rest of NSW - Urban,Straight,,,,Unknown / not stated,Sealed,Dry,Fine,Darkness,Nil,No traffic controls,50 km/h,Local,71,Off rd left => obj,703,Left off cway into object,,Vehicle - Object,Car (sedan/hatch),,1,0,0,1,0,10,October,Spring,Saturday,00:01 - 01:59,Late night / early morning,False,False,True,True
1372940,Injury,Minor/Other Injury,2024,2024,October,Wednesday,14:00 - 15:59,DORA,ST,50,East,FREEMANS,DR,MORISSET,217.0,No,Not a school zone,2-way undivided,-33.112698,151.478879,Lake Macquarie,Newcastle met. area,Syd-Newc-Woll Gtr conurbation,Straight,,,,Off,Sealed,Dry,Fine,Daylight,Nil,No traffic controls,60 km/h,State,30,Rear end,301,Same - Rear end,,Rear end,Light truck,Car (sedan/hatch),2,0,0,0,1,10,October,Spring,Wednesday,14:00 - 15:59,Midday / afternoon,False,False,True,True
1372951,Injury,Serious Injury,2024,2024,October,Saturday,12:00 - 13:59,PACIFIC,HWY,800,South,FRASER,RD,COWAN,10.0,No,Not a school zone,2-way undivided,-33.597897,151.169227,Hornsby,Sydney metro. area,Syd-Newc-Woll Gtr conurbation,Curved,Embankment/cutting,,,Nil,Sealed,Dry,Fine,Daylight,Nil,No traffic controls,60 km/h,State,85,Off rt/lft bnd=>obj,804,Off left bend into obj,Right,Vehicle - Object,Car (sedan/hatch),,1,0,1,0,0,10,October,Spring,Saturday,12:00 - 13:59,Midday / afternoon,False,False,True,True
1372959,Injury,Moderate Injury,2024,2024,November,Monday,10:00 - 11:59,OCEAN ST,ST,15,North,DEVITT,ST,NARRABEEN,,No,Not a school zone,2-way undivided,-33.719718,151.298501,Northern Beaches,Sydney metro. area,Syd-Newc-Woll Gtr conurbation,Straight,Driveway/entrance,,,Unknown / not stated,Sealed,Dry,Fine,Daylight,Nil,No traffic controls,50 km/h,Local,32,Right rear,303,Same - Rear right,,Rear end,Light truck utility(from 2018),Station wagon,3,0,0,1,0,11,November,Spring,Monday,10:00 - 11:59,Midday / afternoon,False,False,True,True
1372960,Injury,Serious Injury,2024,2024,November,Thursday,12:00 - 13:59,FOREST,RD,50,West,GIBBONS,LANE,ARNCLIFFE,168.0,No,Not a school zone,2-way undivided,-33.941585,151.134589,Bayside,Sydney metro. area,Syd-Newc-Woll Gtr conurbation,Straight,,,,Nil,Sealed,Dry,Fine,Daylight,Nil,No traffic controls,60 km/h,State,20,Head on,201,Opp - Head on,,Head-on,4 wheel drive / SUV,Semi-trailer,3,0,1,0,0,11,November,Spring,Thursday,12:00 - 13:59,Midday / afternoon,False,False,True,True
1372964,Injury,Moderate Injury,2024,2024,December,Saturday,10:00 - 11:59,ALISON,RD,10,East,AVOCA,ST,RANDWICK,660.0,No,Not a school zone,X-intersection,-33.91318,151.242146,Randwick,Sydney metro. area,Syd-Newc-Woll Gtr conurbation,Straight,,,,Unknown / not stated,Sealed,Dry,Fine,Daylight,Off,No traffic controls,50 km/h,State,30,Rear end,301,Same - Rear end,,Rear end,Car (sedan/hatch),Car (sedan/hatch),2,0,0,1,0,12,December,Summer,Saturday,10:00 - 11:59,Midday / afternoon,False,False,True,True
1372965,Injury,Minor/Other Injury,2024,2024,November,Saturday,10:00 - 11:59,HUME,HWY,100,East,CENTENARY,DR,STRATHFIELD SOUTH,2.0,Yes,No,Divided road,-33.886273,151.070197,Strathfield,Sydney metro. area,Syd-Newc-Woll Gtr conurbation,Straight,,,,Unknown / not stated,Sealed,Dry,Overcast,Daylight,Nil,No traffic controls,60 km/h,State,33,Lane sideswipe,305,Same - Lane side swipe,,Other angle,Car (sedan/hatch),Car (sedan/hatch),2,0,0,0,1,11,November,Spring,Saturday,10:00 - 11:59,Midday / afternoon,False,False,True,True
1372968,Injury,Moderate Injury,2024,2024,November,Wednesday,14:00 - 15:59,PETER,ST,15,South,TOMPSON,ST,WAGGA WAGGA,,No,Not a school zone,2-way undivided,-35.111955,147.368602,Wagga Wagga,Country urban,Rest of NSW - Urban,Straight,,,,Unknown / not stated,Sealed,Dry,Fine,Daylight,Nil,No traffic controls,50 km/h,Local,30,Rear end,301,Same - Rear end,,Rear end,Car (sedan/hatch),Car (sedan/hatch),2,0,0,1,0,11,November,Spring,Wednesday,14:00 - 15:59,Midday / afternoon,False,False,True,True
1372969,Injury,Moderate Injury,2024,2024,December,Monday,20:00 - 21:59,MACQUARIE,ST,86,East,HODDLE,AVE,GOULBURN,,No,Not a school zone,2-way undivided,-34.744549,149.704,Goulburn Mulwaree,Country urban,Rest of NSW - Urban,Straight,,,,Unknown / not stated,Sealed,Dry,Fine,Darkness,Nil,No traffic controls,50 km/h,Local,71,Off rd left => obj,703,Left off cway into object,,Other angle,Utility,Car (sedan/hatch),3,0,0,1,0,12,December,Summer,Monday,20:00 - 21:59,Evening / night,False,False,True,True
1372972,Injury,Serious Injury,2024,2024,December,Friday,10:00 - 11:59,KINGSGROVE,RD,0,Right on the spot,MORRIS,AVE,KINGSGROVE,7309.0,No,Not a school zone,T-junction,-33.94611,151.102251,Georges River,Sydney metro. area,Syd-Newc-Woll Gtr conurbation,Straight,,,,Unknown / not stated,Sealed,Dry,Fine,Daylight,Nil,No traffic controls,50 km/h,Regional,75,Off end of road,709,Off end cway or T junct,,Vehicle - Object,Car (sedan/hatch),,1,0,1,0,0,12,December,Summer,Friday,10:00 - 11:59,Midday / afternoon,False,False,True,True
1372978,Injury,Minor/Other Injury,2024,2024,October,Monday,08:00 - 09:59,MERRYLANDS,RD,100,East,SERPENTINE,ST,MERRYLANDS,7250.0,No,Not a school zone,2-way undivided,-33.831478,150.96613,Cumberland,Sydney metro. area,Syd-Newc-Woll Gtr conurbation,Straight,,,,Unknown / not stated,Sealed,Dry,Fine,Daylight,Nil,No traffic controls,60 km/h,Regional,30,Rear end,301,Same - Rear end,,Rear end,4 wheel drive / SUV,Car (sedan/hatch),2,0,0,0,1,10,October,Spring,Monday,08:00 - 09:59,AM peak / school commute,True,False,True,True
1372994,Injury,Minor/Other Injury,2024,2024,October,Sunday,14:00 - 15:59,PACIFIC,HWY,0,Right on the spot,SPARKS,RD,WOONGARRAH,10.0,No,Not a school zone,Roundabout,-33.251991,151.489358,Central Coast,Country urban,Syd-Newc-Woll Gtr conurbation,Curved,,,,Unknown / not stated,Sealed,Dry,Fine,Daylight,Nil,Give way sign,70 km/h,State,30,Rear end,301,Same - Rear end,,Rear end,4 wheel drive / SUV,Car (sedan/hatch),2,0,0,0,1,10,October,Spring,Sunday,14:00 - 15:59,Midday / afternoon,False,False,True,True
1372997,Injury,Minor/Other Injury,2024,2024,November,Monday,14:00 - 15:59,GREAT WESTERN,HWY,0,Right on the spot,NUMBER 755,HN,EASTERN CREEK,5.0,No,Not a school zone,Divided road,-33.789206,150.855511,Blacktown,Sydney metro. area,Syd-Newc-Woll Gtr conurbation,Straight,,,,Unknown / not stated,Sealed,Dry,Fine,Daylight,Nil,Unknown,80 km/h,State,39,Other same direction,300,Same - other,,Other angle,Station wagon,Utility,2,0,0,0,1,11,November,Spring,Monday,14:00 - 15:59,Midday / afternoon,False,False,True,True
1373000,Injury,Minor/Other Injury,2024,2024,November,Wednesday,16:00 - 17:59,ALEXANDRA,ST,0,Right on the spot,EAST,ST,EAST ALBURY,,No,Not a school zone,X-intersection,-36.073702,146.940733,Albury,Country urban,Rest of NSW - Urban,Straight,,,,Unknown / not stated,Sealed,Dry,Fine,Dusk,Nil,Give way sign,50 km/h,Local,10,Cross traffic,101,Adj - Cross traffic,,Right angle,Light truck utility(from 2018),Car (sedan/hatch),2,0,0,0,1,11,November,Spring,Wednesday,16:00 - 17:59,PM peak / evening commute,True,False,True,True
1373004,Injury,Minor/Other Injury,2024,2024,December,Monday,06:00 - 07:59,CUMBERLAND,HWY,0,Right on the spot,AIKEN,RD,WEST PENNANT HILLS,13.0,No,Not a school zone,T-junction,-33.752927,151.047823,The Hills,Sydney metro. area,Syd-Newc-Woll Gtr conurbation,Curved,Crest,,,Unknown / not stated,Sealed,Dry,Fine,Daylight,On,No traffic controls,70 km/h,State,37,Left turn sideswipe,309,Same - Left turn side swipe,,Other angle,4 wheel drive / SUV,4 wheel drive / SUV,2,0,0,0,1,12,December,Summer,Monday,06:00 - 07:59,AM peak / school commute,True,False,True,True
1373005,Injury,Moderate Injury,2024,2024,October,Saturday,20:00 - 21:59,DONALD,ST,0,Right on the spot,CHATHAM,RD,HAMILTON NORTH,82.0,No,Not a school zone,X-intersection,-32.918074,151.738496,Newcastle,Newcastle met. area,Syd-Newc-Woll Gtr conurbation,Straight,,,,Unknown / not stated,Sealed,Dry,Fine,Darkness,Nil,Stop sign,60 km/h,State,30,Rear end,301,Same - Rear end,,Rear end,Car (sedan/hatch),Car (sedan/hatch),2,0,0,1,0,10,October,Spring,Saturday,20:00 - 21:59,Evening / night,False,False,True,True
1373008,Injury,Moderate Injury,2024,2024,November,Wednesday,18:00 - 19:59,STEWART,ST,0,Right on the spot,NUMBER 9,HN,SOUTH WINDSOR,,No,Not a school zone,2-way undivided,-33.626679,150.805417,Hawkesbury,Country urban,Syd-Newc-Woll Gtr conurbation,Straight,,,,Unknown / not stated,Sealed,Dry,Fine,Daylight,Nil,No traffic controls,50 km/h,Local,70,Off road to left,701,Off carriageway to left,,Rollover,Unknown motor vehicle,,1,0,0,1,0,11,November,Spring,Wednesday,18:00 - 19:59,PM peak / evening commute,True,False,True,True
1373019,Injury,Moderate Injury,2024,2024,December,Friday,10:00 - 11:59,WESTERN,EXP,0,Right on the spot,GREAT WESTERN HIGHWAY,TO,HOLROYD,6004.0,No,Not a school zone,Dual freeway,-33.827614,151.000685,Parramatta,Sydney metro. area,Syd-Newc-Woll Gtr conurbation,Straight,,,,Unknown / not stated,Sealed,Dry,Fine,Daylight,Nil,No traffic controls,90 km/h,State,33,Lane sideswipe,305,Same - Lane side swipe,,Other angle,Light truck,Car (sedan/hatch),2,0,0,1,0,12,December,Summer,Friday,10:00 - 11:59,Midday / afternoon,False,False,True,True
1373020,Injury,Minor/Other Injury,2024,2024,February,Thursday,18:00 - 19:59,JAMES RUSE,DR,0,Right on the spot,GRAND,AVE,ROSEHILL,309.0,No,Not a school zone,X-intersection,-33.819304,151.021981,Parramatta,Sydney metro. area,Syd-Newc-Woll Gtr conurbation,Straight,,,,Unknown / not stated,Sealed,Dry,Fine,Daylight,On,No traffic controls,70 km/h,State,31,Left rear,302,Same - Rear left,,Rear end,Large rigid,Light truck utility(from 2018),2,0,0,0,1,2,February,Summer,Thursday,18:00 - 19:59,PM peak / evening commute,True,False,True,True
1373028,Injury,Minor/Other Injury,2024,2024,November,Wednesday,16:00 - 17:59,LIGHTHOUSE,RD,10,South,PALM VALLEY,DR,BYRON BAY,,No,Not a school zone,T-junction,-28.639266,153.631537,Byron,Country urban,Rest of NSW - Urban,Curved,Embankment/cutting,,,Unknown / not stated,Sealed,Dry,Fine,Unknown,Nil,No traffic controls,50 km/h,Local,81,Off left/rt bnd=>obj,803,Off right bend into obj,Left,Vehicle - Object,Utility,,1,0,0,0,1,11,November,Spring,Wednesday,16:00 - 17:59,PM peak / evening commute,True,False,True,True
1373034,Injury,Serious Injury,2024,2024,November,Saturday,16:00 - 17:59,GANNONS,RD,0,Right on the spot,NUMBER 45,HN,CARINGBAH,7031.0,No,Not a school zone,2-way undivided,-34.042677,151.133501,Sutherland,Sydney metro. area,Syd-Newc-Woll Gtr conurbation,Straight,Driveway/entrance,,,Unknown / not stated,Sealed,Dry,Fine,Daylight,Nil,No traffic controls,60 km/h,Regional,47,Emerging from drive,406,Manov - Emerging from driveway,,Right angle,4 wheel drive / SUV,4 wheel drive / SUV,2,0,1,0,0,11,November,Spring,Saturday,16:00 - 17:59,PM peak / evening commute,True,False,True,True
1373047,Injury,Minor/Other Injury,2024,2024,November,Friday,06:00 - 07:59,JAMES RUSE,DR,100,North,KISSING POINT ROAD,OP,OATLANDS,309.0,No,Not a school zone,Divided road,-33.803076,151.024465,Parramatta,Sydney metro. area,Syd-Newc-Woll Gtr conurbation,Curved,,,,Unknown / not stated,Sealed,Dry,Fine,Daylight,Nil,No traffic controls,90 km/h,State,30,Rear end,301,Same - Rear end,,Rear end,4 wheel drive / SUV,Car (sedan/hatch),2,0,0,0,1,11,November,Spring,Friday,06:00 - 07:59,AM peak / school commute,True,False,True,True
1373048,Injury,Moderate Injury,2024,2024,December,Friday,04:00 - 05:59,RAWSON,ST,0,Right on the spot,ST HILLIERS,RD,AUBURN,190.0,No,Not a school zone,X-intersection,-33.85134,151.037067,Cumberland,Sydney metro. area,Syd-Newc-Woll Gtr conurbation,Straight,,,,Unknown / not stated,Sealed,Dry,Fine,Darkness,On,No traffic controls,70 km/h,State,21,Right through,202,Opp - Right-thru,,Other angle,4 wheel drive / SUV,Car (sedan/hatch),2,0,0,1,0,12,December,Summer,Friday,04:00 - 05:59,Late night / early morning,False,False,True,True
1373052,Injury,Moderate Injury,2024,2024,December,Wednesday,06:00 - 07:59,HUNTER,ST,50,East,EIGHTH DIVISION MEMORIAL,AVE,GUNNEDAH,,No,Not a school zone,2-way undivided,-30.986193,150.256825,Gunnedah,Country urban,Rest of NSW - Urban,Straight,,,,Unknown / not stated,Sealed,Dry,Fine,Daylight,Nil,No traffic controls,50 km/h,Local,71,Off rd left => obj,703,Left off cway into object,,Other angle,Light truck utility(from 2018),4 wheel drive / SUV,2,0,0,1,0,12,December,Summer,Wednesday,06:00 - 07:59,AM peak / school commute,True,False,True,True
1373059,Injury,Minor/Other Injury,2024,2024,October,Friday,10:00 - 11:59,FIVE CHAIN,LANE,400,North,MIDDLE TRUNDLE,RD,COOKS MYALLS,,No,Not a school zone,2-way undivided,-33.030731,147.903475,Parkes,Country non-urban,Rest of NSW - Rural,Straight,,,,Unknown / not stated,Sealed,Wet,Raining,Daylight,Nil,No traffic controls,100 km/h,Local,74,On road-out of cont.,705,Out of control on cway,,Rollover,Motor scooter,,1,0,0,0,1,10,October,Spring,Friday,10:00 - 11:59,Midday / afternoon,False,False,True,True
1373085,Injury,Minor/Other Injury,2024,2024,December,Tuesday,14:00 - 15:59,CHRISTINE,ST,0,Right on the spot,EDWARD,ST,NORTHMEAD,,No,Not a school zone,T-junction,-33.795651,150.987282,Parramatta,Sydney metro. area,Syd-Newc-Woll Gtr conurbation,Straight,,,,Unknown / not stated,Sealed,Dry,Fine,Daylight,Nil,No traffic controls,50 km/h,Local,30,Rear end,301,Same - Rear end,,Rear end,Light truck utility(from 2018),4 wheel drive / SUV,3,0,0,0,1,12,December,Summer,Tuesday,14:00 - 15:59,Midday / afternoon,False,False,True,True
1373086,Injury,Minor/Other Injury,2024,2024,November,Tuesday,08:00 - 09:59,WARRINGAH,RD,0,Right on the spot,NUMBER 102,HN,NARRAWEENA,328.0,No,Not a school zone,Divided road,-33.754793,151.271452,Northern Beaches,Sydney metro. area,Syd-Newc-Woll Gtr conurbation,Straight,Steep grade,,,Unknown / not stated,Sealed,Wet,Fine,Daylight,Nil,No traffic controls,70 km/h,State,49,Other manoeuvring,400,Manov - other,,Other angle,Unknown motor vehicle,Car (sedan/hatch),2,0,0,0,1,11,November,Spring,Tuesday,08:00 - 09:59,AM peak / school commute,True,False,True,True
1373094,Injury,Minor/Other Injury,2024,2024,November,Wednesday,08:00 - 09:59,WESTERN,EXP,100,East,M7 WESTLINK EXPRESSWAY,OP,EASTERN CREEK,6004.0,No,Not a school zone,Dual freeway,-33.798243,150.855467,Blacktown,Sydney metro. area,Syd-Newc-Woll Gtr conurbation,Straight,,,,Unknown / not stated,Sealed,Dry,Fine,Daylight,Nil,No traffic controls,100 km/h,State,30,Rear end,301,Same - Rear end,,Rear end,Passenger van,Large rigid,2,0,0,0,1,11,November,Spring,Wednesday,08:00 - 09:59,AM peak / school commute,True,False,True,True
1373101,Injury,Minor/Other Injury,2024,2024,July,Sunday,12:00 - 13:59,CONARGO,RD,0,Right on the spot,SOUTH COREE,RD,JERILDERIE,552.0,No,Not a school zone,T-junction,-35.353924,145.711124,Murrumbidgee,Country non-urban,Rest of NSW - Rural,Straight,,,,Unknown / not stated,Sealed,Dry,Fine,Daylight,Nil,Give way sign,100 km/h,Regional,11,Right far,102,Adj - Right-thru from left,,Right angle,4 wheel drive / SUV,B-double (road train prior 98),2,0,0,0,1,7,July,Winter,Sunday,12:00 - 13:59,Midday / afternoon,False,False,True,True
1373102,Injury,Minor/Other Injury,2024,2024,December,Saturday,12:00 - 13:59,POLDING,ST,0,Right on the spot,CUMBERLAND,HWY,SMITHFIELD,7222.0,No,Not a school zone,Roundabout,-33.860285,150.927606,Fairfield,Sydney metro. area,Syd-Newc-Woll Gtr conurbation,Straight,,,,Unknown / not stated,Sealed,Dry,Fine,Daylight,Nil,Give way sign,60 km/h,Regional,37,Left turn sideswipe,309,Same - Left turn side swipe,,Other angle,4 wheel drive / SUV,4 wheel drive / SUV,2,0,0,0,1,12,December,Summer,Saturday,12:00 - 13:59,Midday / afternoon,False,False,True,True
1373105,Injury,Serious Injury,2024,2024,November,Saturday,06:00 - 07:59,EDGAR,ST,0,Right on the spot,NUMBER 280B,HN,CONDELL PARK,7120.0,No,Not a school zone,2-way undivided,-33.926654,151.012324,Canterbury-Bankstown,Sydney metro. area,Syd-Newc-Woll Gtr conurbation,Straight,,,,Unknown / not stated,Sealed,Wet,Raining,Daylight,Nil,No traffic controls,60 km/h,Regional,73,Off rd rght => obj,704,Right off cway into obj,,Other angle,Car (sedan/hatch),4 wheel drive / SUV,3,0,1,0,0,11,November,Spring,Saturday,06:00 - 07:59,AM peak / school commute,True,False,True,True
1373114,Injury,Serious Injury,2024,2024,October,Thursday,08:00 - 09:59,M7 WESTLINK,EXP,100,North,WOODSTOCK,TO,ROOTY HILL,6009.0,No,Not a school zone,Dual freeway,-33.764428,150.846064,Blacktown,Sydney metro. area,Syd-Newc-Woll Gtr conurbation,Straight,,,,Unknown / not stated,Sealed,Dry,Fine,Daylight,Nil,No traffic controls,100 km/h,State,71,Off rd left => obj,703,Left off cway into object,,Vehicle - Object,Station wagon,,1,0,1,0,0,10,October,Spring,Thursday,08:00 - 09:59,AM peak / school commute,True,False,True,True
1373120,Injury,Moderate Injury,2024,2024,September,Tuesday,12:00 - 13:59,BROOK,ST,0,Right on the spot,SLADE,ST,NAREMBURN,2093.0,No,Not a school zone,T-junction,-33.817244,151.205306,Willoughby,Sydney metro. area,Syd-Newc-Woll Gtr conurbation,Straight,,,,Unknown / not stated,Sealed,Dry,Fine,Daylight,Nil,No traffic controls,50 km/h,Regional,13,Right near,104,Adj - Right-thru from right,,Right angle,Car (sedan/hatch),Car (sedan/hatch),2,0,0,1,0,9,September,Spring,Tuesday,12:00 - 13:59,Midday / afternoon,False,False,True,True
1373132,Injury,Minor/Other Injury,2024,2024,November,Saturday,16:00 - 17:59,MIDSON,RD,0,Right on the spot,TERRY,RD,EASTWOOD,,Yes,No,X-intersection,-33.788496,151.075565,Ryde,Sydney metro. area,Syd-Newc-Woll Gtr conurbation,Straight,,,,On,Sealed,Dry,Fine,Daylight,On,No traffic controls,50 km/h,Local,30,Rear end,301,Same - Rear end,,Rear end,4 wheel drive / SUV,4 wheel drive / SUV,2,0,0,0,1,11,November,Spring,Saturday,16:00 - 17:59,PM peak / evening commute,True,False,True,True
1373138,Injury,Minor/Other Injury,2024,2024,September,Sunday,10:00 - 11:59,EAST,ST,0,Right on the spot,EGLINGTON,ST,LIDCOMBE,2057.0,No,Not a school zone,T-junction,-33.872008,151.046599,Cumberland,Sydney metro. area,Syd-Newc-Woll Gtr conurbation,Straight,,,,Unknown / not stated,Sealed,Dry,Fine,Daylight,Nil,No traffic controls,60 km/h,Regional,39,Other same direction,300,Same - other,,Other angle,Car (sedan/hatch),4 wheel drive / SUV,2,0,0,0,1,9,September,Spring,Sunday,10:00 - 11:59,Midday / afternoon,False,False,True,True
1373143,Injury,Minor/Other Injury,2024,2024,December,Friday,22:00 - Midnight,HICKSON,RD,100,North,NAPOLEON,ST,BARANGAROO,7312.0,No,Not a school zone,2-way undivided,-33.863249,151.202962,Sydney,Sydney metro. area,Syd-Newc-Woll Gtr conurbation,Straight,,,,Unknown / not stated,Sealed,Dry,Fine,Darkness,Nil,No traffic controls,40 km/h,Regional,30,Rear end,301,Same - Rear end,,Rear end,4 wheel drive / SUV,Car (sedan/hatch),2,0,0,0,1,12,December,Summer,Friday,22:00 - Midnight,Evening / night,False,False,True,True
1373148,Injury,Minor/Other Injury,2024,2024,September,Thursday,20:00 - 21:59,EMERALD HILLS,BVD,0,Right on the spot,JADEITE,ST,LEPPINGTON,,No,Not a school zone,Roundabout,-33.996659,150.793124,Camden,Sydney metro. area,Syd-Newc-Woll Gtr conurbation,Straight,Driveway/entrance,,,Unknown / not stated,Sealed,Dry,Fine,Darkness,Nil,Give way sign,50 km/h,Local,47,Emerging from drive,406,Manov - Emerging from driveway,,Right angle,4 wheel drive / SUV,4 wheel drive / SUV,2,0,0,0,2,9,September,Spring,Thursday,20:00 - 21:59,Evening / night,False,False,True,True
1373149,Injury,Minor/Other Injury,2024,2024,December,Tuesday,16:00 - 17:59,LAWRENCE HARGRAVE,DR,0,Right on the spot,KING,ST,THIRROUL,185.0,No,Not a school zone,T-junction,-34.315072,150.92296,Wollongong,Wollongong met. area,Syd-Newc-Woll Gtr conurbation,Straight,,,,Unknown / not stated,Sealed,Dry,Fine,Daylight,Nil,Stop sign,50 km/h,State,13,Right near,104,Adj - Right-thru from right,,Right angle,Station wagon,Car (sedan/hatch),2,0,0,0,1,12,December,Summer,Tuesday,16:00 - 17:59,PM peak / evening commute,True,False,True,True
1373155,Injury,Moderate Injury,2024,2024,October,Thursday,14:00 - 15:59,SILVERWATER,RD,0,Right on the spot,HOLKER,ST,SILVERWATER,190.0,No,Not a school zone,X-intersection,-33.830151,151.049728,Parramatta,Sydney metro. area,Syd-Newc-Woll Gtr conurbation,Straight,,,,Unknown / not stated,Sealed,Dry,Fine,Daylight,On,No traffic controls,70 km/h,State,30,Rear end,301,Same - Rear end,,Rear end,Station wagon,4 wheel drive / SUV,2,0,0,1,0,10,October,Spring,Thursday,14:00 - 15:59,Midday / afternoon,False,False,True,True
1373159,Injury,Moderate Injury,2024,2024,November,Tuesday,12:00 - 13:59,RABY,RD,0,Right on the spot,EAGLE VALE,DR,EAGLE VALE,7194.0,No,Not a school zone,T-junction,-34.029037,150.818155,Campbelltown,Sydney metro. area,Syd-Newc-Woll Gtr conurbation,Straight,,,,Unknown / not stated,Sealed,Dry,Fine,Daylight,On,No traffic controls,60 km/h,Regional,21,Right through,202,Opp - Right-thru,,Other angle,4 wheel drive / SUV,4 wheel drive / SUV,2,0,0,1,0,11,November,Spring,Tuesday,12:00 - 13:59,Midday / afternoon,False,False,True,True
1373160,Injury,Minor/Other Injury,2024,2024,September,Sunday,06:00 - 07:59,HUME,HWY,0,Right on the spot,NARELLAN ROAD,OP,MOUNT ANNAN,2.0,No,Not a school zone,Dual freeway,-34.061939,150.785199,Campbelltown,Sydney metro. area,Syd-Newc-Woll Gtr conurbation,Curved,Underpass/tunnel,,,Unknown / not stated,Sealed,Wet,Fine,Daylight,Nil,No traffic controls,110 km/h,State,80,Off left/right bend,801,Off cway right bend,Left,Rollover,Car (sedan/hatch),,1,0,0,0,1,9,September,Spring,Sunday,06:00 - 07:59,AM peak / school commute,True,False,True,True