crash_id,degree_of_crash,degree_of_crash_-_detailed,reporting_year,year_of_crash,month_of_crash,day_of_week_of_crash,two-hour_intervals,street_of_crash,street_type,distance,direction,identifying_feature,identifying_feature_type,town,route_no.,school_zone_location,school_zone_active,type_of_location,latitude,longitude,lga,urbanisation,conurbation_1,alignment,primary_permanent_feature,primary_temporary_feature,primary_hazardous_feature,street_lighting,road_surface,surface_condition,weather,natural_lighting,signals_operation,other_traffic_control,speed_limit,road_classification_(admin),rum_-_code,rum_-_description,dca_-_code,dca_-_description,dca_supplement,first_impact_type,key_tu_type,other_tu_type,no._of_traffic_units_involved,no._killed,no._seriously_injured,no._moderately_injured,no._minor-other_injured,month_num,month_label,season,day_label,time_label,time_band,is_peak_commute,is_fatal,is_injury,is_casualty
1373162,Injury,Minor/Other Injury,2024,2024,November,Friday,12:00 - 13:59,PACIFIC,HWY,0,Right on the spot,RYDE ROAD,TO,PYMBLE,10.0,No,Not a school zone,Divided road,-33.750498,151.146904,Ku-ring-gai,Sydney metro. area,Syd-Newc-Woll Gtr conurbation,Curved,,,,Unknown / not stated,Sealed,Dry,Fine,Daylight,Nil,No traffic controls,60 km/h,State,30,Rear end,301,Same - Rear end,,Rear end,Light truck utility(from 2018),Car (sedan/hatch),2,0,0,0,1,11,November,Spring,Friday,12:00 - 13:59,Midday / afternoon,False,False,True,True
1373164,Injury,Moderate Injury,2024,2024,November,Monday,22:00 - Midnight,HOXTON PARK,RD,0,Right on the spot,JOADJA ROAD,TO,HOXTON PARK,681.0,No,Not a school zone,Divided road,-33.927784,150.873478,Liverpool,Sydney metro. area,Syd-Newc-Woll Gtr conurbation,Straight,Climb/merge lane,,,Unknown / not stated,Sealed,Dry,Fine,Darkness,Nil,No traffic controls,70 km/h,State,34,Lane change right,306,Same - Lane change right,,Other angle,4 wheel drive / SUV,Car (sedan/hatch),2,0,0,1,1,11,November,Spring,Monday,22:00 - Midnight,Evening / night,False,False,True,True
1373168,Injury,Moderate Injury,2024,2024,December,Thursday,12:00 - 13:59,CAMPBELL,PDE,50,South,BEACH,RD,BONDI BEACH,,Yes,No,Divided road,-33.889397,151.276075,Waverley,Sydney metro. area,Syd-Newc-Woll Gtr conurbation,Straight,,,,Off,Sealed,Dry,Fine,Daylight,Nil,No traffic controls,40 km/h,Local,63,Vehicle door,604,On path - Vehicle door,,Other angle,Motorcycle,Unknown motor vehicle,2,0,0,1,0,12,December,Summer,Thursday,12:00 - 13:59,Midday / afternoon,False,False,True,True
1373182,Injury,Moderate Injury,2024,2024,October,Wednesday,10:00 - 11:59,REMEMBRANCE,DVWY,0,Right on the spot,WELLERS,RD,BARGO,620.0,No,Not a school zone,X-intersection,-34.276617,150.576502,Wollondilly,Country urban,Syd-Newc-Woll Gtr conurbation,Straight,,,,Unknown / not stated,Sealed,Dry,Fine,Daylight,Nil,Stop sign,80 km/h,Regional,10,Cross traffic,101,Adj - Cross traffic,,Right angle,Station wagon,Car (sedan/hatch),2,0,0,1,0,10,October,Spring,Wednesday,10:00 - 11:59,Midday / afternoon,False,False,True,True
1373183,Injury,Moderate Injury,2024,2024,November,Sunday,20:00 - 21:59,PACIFIC,HWY,230,North,SCENIC,DR,MEREWETHER HEIGHTS,10.0,No,Not a school zone,2-way undivided,-32.946164,151.727697,Newcastle,Newcastle met. area,Syd-Newc-Woll Gtr conurbation,Curved,Embankment/cutting,,,Unknown / not stated,Sealed,Dry,Fine,Unknown,Nil,No traffic controls,70 km/h,State,81,Off left/rt bnd=>obj,803,Off right bend into obj,Left,Vehicle - Object,Light truck,,1,0,0,1,0,11,November,Spring,Sunday,20:00 - 21:59,Evening / night,False,False,True,True
1373191,Injury,Serious Injury,2024,2024,November,Monday,04:00 - 05:59,NAYING,DR,10,North,WARI,ST,PEMULWUY,,No,Not a school zone,T-junction,-33.818585,150.930347,Cumberland,Sydney metro. area,Syd-Newc-Woll Gtr conurbation,Curved,,,,Unknown / not stated,Sealed,Dry,Fine,Darkness,Nil,No traffic controls,50 km/h,Local,20,Head on,201,Opp - Head on,,Head-on,Car (sedan/hatch),4 wheel drive / SUV,2,0,1,0,0,11,November,Spring,Monday,04:00 - 05:59,Late night / early morning,False,False,True,True
1373200,Injury,Minor/Other Injury,2024,2024,November,Sunday,22:00 - Midnight,ARGYLE,ST,0,Right on the spot,ELIZABETH,ST,CAMDEN,178.0,No,Not a school zone,Roundabout,-34.053628,150.697889,Camden,Sydney metro. area,Syd-Newc-Woll Gtr conurbation,Curved,,,,Unknown / not stated,Sealed,Dry,Fine,Darkness,Nil,Give way sign,50 km/h,Regional,88,Out of cont on bend,706,Left turn,,Rollover,Motorcycle,,1,0,0,0,1,11,November,Spring,Sunday,22:00 - Midnight,Evening / night,False,False,True,True
1373201,Injury,Moderate Injury,2024,2024,December,Wednesday,12:00 - 13:59,NEWCASTLE,EXP,999999,Unknown/not stated,UNKNOWN,UK,TUGGERAH,6003.0,No,Not a school zone,Dual freeway,-33.307981,151.401145,Central Coast,Country non-urban,Syd-Newc-Woll Gtr conurbation,Straight,,,,Unknown / not stated,Unsealed,Wet,Raining,Daylight,Nil,No traffic controls,110 km/h,State,30,Rear end,301,Same - Rear end,,Rear end,Large rigid,Light truck,2,0,0,1,0,12,December,Summer,Wednesday,12:00 - 13:59,Midday / afternoon,False,False,True,True
1373205,Injury,Minor/Other Injury,2024,2024,October,Friday,12:00 - 13:59,FORTH,ST,0,Right on the spot,SMITH,ST,KEMPSEY,,No,Not a school zone,X-intersection,-31.078711,152.842265,Kempsey,Country urban,Rest of NSW - Urban,Straight,,,,Unknown / not stated,Sealed,Dry,Overcast,Daylight,On,No traffic controls,50 km/h,Local,30,Rear end,301,Same - Rear end,,Rear end,Car (sedan/hatch),Car (sedan/hatch),2,0,0,0,1,10,October,Spring,Friday,12:00 - 13:59,Midday / afternoon,False,False,True,True
1373207,Injury,Moderate Injury,2024,2024,November,Monday,16:00 - 17:59,GREAT WESTERN,HWY,0,Right on the spot,SYDNEY,ST,ST MARYS,5.0,No,Not a school zone,X-intersection,-33.773136,150.786628,Penrith,Sydney metro. area,Syd-Newc-Woll Gtr conurbation,Straight,,,,Unknown / not stated,Sealed,Dry,Fine,Darkness,On,No traffic controls,60 km/h,State,30,Rear end,301,Same - Rear end,,Rear end,Car (sedan/hatch),Car (sedan/hatch),2,0,0,1,0,11,November,Spring,Monday,16:00 - 17:59,PM peak / evening commute,True,False,True,True
1373213,Injury,Minor/Other Injury,2024,2024,December,Wednesday,06:00 - 07:59,CANTERBURY,RD,10,West,CALIDORE,ST,BANKSTOWN,167.0,No,Not a school zone,T-junction,-33.93425,151.025917,Canterbury-Bankstown,Sydney metro. area,Syd-Newc-Woll Gtr conurbation,Straight,,,,Unknown / not stated,Sealed,Wet,Raining,Dawn,Nil,No traffic controls,60 km/h,State,30,Rear end,301,Same - Rear end,,Rear end,Car (sedan/hatch),Car (sedan/hatch),3,0,0,0,1,12,December,Summer,Wednesday,06:00 - 07:59,AM peak / school commute,True,False,True,True
1373216,Injury,Minor/Other Injury,2024,2024,November,Thursday,16:00 - 17:59,SOUTH WESTERN,EXP,600,East,KING GEORGES ROAD,OP,BEVERLY HILLS,6005.0,No,Not a school zone,Dual freeway,-33.940945,151.083049,Canterbury-Bankstown,Sydney metro. area,Syd-Newc-Woll Gtr conurbation,Straight,,,,Unknown / not stated,Sealed,Dry,Fine,Daylight,Nil,No traffic controls,80 km/h,State,30,Rear end,301,Same - Rear end,,Rear end,4 wheel drive / SUV,Light truck utility(from 2018),2,0,0,0,1,11,November,Spring,Thursday,16:00 - 17:59,PM peak / evening commute,True,False,True,True
1373217,Injury,Minor/Other Injury,2024,2024,July,Sunday,10:00 - 11:59,LEGGETTS,DR,0,Right on the spot,NUMBER 1395,HN,MOUNT VINCENT,220.0,No,Not a school zone,2-way undivided,-32.940037,151.482214,Cessnock,Country non-urban,Rest of NSW - Rural,Straight,,,,Unknown / not stated,Sealed,Dry,Fine,Daylight,Nil,No traffic controls,90 km/h,State,30,Rear end,301,Same - Rear end,,Rear end,Light truck,4 wheel drive / SUV,2,0,0,0,1,7,July,Winter,Sunday,10:00 - 11:59,Midday / afternoon,False,False,True,True
1373220,Injury,Moderate Injury,2024,2024,November,Sunday,12:00 - 13:59,WATERFALL,WAY,500,West,PACIFIC HIGHWAY,OP,RALEIGH,76.0,No,Not a school zone,2-way undivided,-30.464037,152.997873,Bellingen,Country urban,Rest of NSW - Urban,Curved,Steep grade,,,Unknown / not stated,Sealed,Dry,Fine,Daylight,Nil,No traffic controls,60 km/h,State,81,Off left/rt bnd=>obj,803,Off right bend into obj,Left,Vehicle - Object,Car (sedan/hatch),,1,0,0,1,0,11,November,Spring,Sunday,12:00 - 13:59,Midday / afternoon,False,False,True,True
1373223,Injury,Minor/Other Injury,2024,2024,November,Sunday,16:00 - 17:59,CUMBERLAND,HWY,0,Right on the spot,DARTFORD,RD,NORMANHURST,13.0,No,Not a school zone,T-junction,-33.723448,151.091276,Hornsby,Sydney metro. area,Syd-Newc-Woll Gtr conurbation,Curved,,,,Unknown / not stated,Sealed,Dry,Fine,Daylight,On,No traffic controls,70 km/h,State,30,Rear end,301,Same - Rear end,,Rear end,Light truck utility(from 2018),Car (sedan/hatch),2,0,0,0,2,11,November,Spring,Sunday,16:00 - 17:59,PM peak / evening commute,True,False,True,True
1373230,Injury,Moderate Injury,2024,2024,November,Friday,12:00 - 13:59,ARMIDALE,RD,0,Right on the spot,HYDE,ST,SOUTH GRAFTON,74.0,No,Not a school zone,T-junction,-29.725833,152.93939,Clarence Valley,Country urban,Rest of NSW - Urban,Straight,,,,Unknown / not stated,Sealed,Dry,Fine,Daylight,Nil,Give way sign,50 km/h,Regional,13,Right near,104,Adj - Right-thru from right,,Right angle,Light truck utility(from 2018),Car (sedan/hatch),2,0,0,1,0,11,November,Spring,Friday,12:00 - 13:59,Midday / afternoon,False,False,True,True
1373237,Injury,Minor/Other Injury,2024,2024,December,Tuesday,08:00 - 09:59,PACIFIC,HWY,0,Right on the spot,NUMBER 26A,HN,ROSEVILLE,10.0,No,Not a school zone,Divided road,-33.786484,151.178468,Ku-ring-gai,Sydney metro. area,Syd-Newc-Woll Gtr conurbation,Straight,Driveway/entrance,,,Unknown / not stated,Sealed,Dry,Fine,Daylight,Nil,No traffic controls,60 km/h,State,7,Driveway,7,Ped - driveway,,Vehicle - Pedestrian,Car (sedan/hatch),Pedestrian,2,0,0,0,1,12,December,Summer,Tuesday,08:00 - 09:59,AM peak / school commute,True,False,True,True
1373263,Injury,Moderate Injury,2024,2024,September,Thursday,22:00 - Midnight,RAILWAY,CRES,0,Right on the spot,NUMBER 171,HN,JANNALI,,No,Not a school zone,2-way undivided,-34.012172,151.065121,Sutherland,Sydney metro. area,Syd-Newc-Woll Gtr conurbation,Curved,,,,Unknown / not stated,Sealed,Dry,Fine,Darkness,Nil,No traffic controls,50 km/h,Local,81,Off left/rt bnd=>obj,803,Off right bend into obj,Left,Other angle,4 wheel drive / SUV,4 wheel drive / SUV,3,0,0,1,0,9,September,Spring,Thursday,22:00 - Midnight,Evening / night,False,False,True,True
1373267,Injury,Moderate Injury,2024,2024,October,Friday,16:00 - 17:59,NEWELL,HWY,0,Right on the spot,GWYDIR,HWY,MOREE,17.0,No,Not a school zone,T-junction,-29.451944,149.852818,Moree Plains,Country urban,Rest of NSW - Urban,Curved,,,,Unknown / not stated,Sealed,Dry,Fine,Daylight,Nil,Give way sign,80 km/h,State,13,Right near,104,Adj - Right-thru from right,,Right angle,Semi-trailer,Light truck utility(from 2018),2,0,0,1,0,10,October,Spring,Friday,16:00 - 17:59,PM peak / evening commute,True,False,True,True
1373276,Injury,Moderate Injury,2024,2024,November,Tuesday,18:00 - 19:59,GLENFIELD,RD,0,Right on the spot,NUMBER 170,HN,CASULA,680.0,No,Not a school zone,2-way undivided,-33.962022,150.899432,Liverpool,Sydney metro. area,Syd-Newc-Woll Gtr conurbation,Curved,Driveway/entrance,,,Unknown / not stated,Sealed,Dry,Fine,Dusk,Nil,No traffic controls,60 km/h,State,32,Right rear,303,Same - Rear right,,Rear end,Car (sedan/hatch),Car (sedan/hatch),3,0,0,1,0,11,November,Spring,Tuesday,18:00 - 19:59,PM peak / evening commute,True,False,True,True
1373280,Injury,Minor/Other Injury,2024,2024,November,Saturday,08:00 - 09:59,FOREST,RD,0,Right on the spot,NUMBER 542,HN,PENSHURST,168.0,Yes,No,2-way undivided,-33.963156,151.083483,Georges River,Sydney metro. area,Syd-Newc-Woll Gtr conurbation,Straight,,,,Unknown / not stated,Sealed,Dry,Fine,Daylight,Nil,No traffic controls,60 km/h,State,39,Other same direction,300,Same - other,,Other angle,4 wheel drive / SUV,Car (sedan/hatch),3,0,0,0,1,11,November,Spring,Saturday,08:00 - 09:59,AM peak / school commute,True,False,True,True
1373283,Injury,Serious Injury,2024,2024,November,Wednesday,04:00 - 05:59,LYN,PDE,130,North,ENTERPRISE,CCT,PRESTONS,,No,Not a school zone,2-way undivided,-33.937515,150.884831,Liverpool,Sydney metro. area,Syd-Newc-Woll Gtr conurbation,Straight,,,,Unknown / not stated,Sealed,Dry,Fine,Darkness,Nil,No traffic controls,50 km/h,Local,71,Off rd left => obj,703,Left off cway into object,,Other angle,Car (sedan/hatch),Large rigid,2,0,1,0,0,11,November,Spring,Wednesday,04:00 - 05:59,Late night / early morning,False,False,True,True
1373292,Injury,Moderate Injury,2024,2024,October,Saturday,14:00 - 15:59,BLACKHEAD,RD,250,East,THE BOULEVARD,MS,HALLIDAYS POINT,,No,Not a school zone,2-way undivided,-32.062728,152.510376,Mid-Coast,Country urban,Rest of NSW - Urban,Curved,Ditch/drain/culvert,,,Unknown / not stated,Sealed,Dry,Fine,Daylight,Nil,No traffic controls,70 km/h,Local,80,Off left/right bend,801,Off cway right bend,Left,Rollover,4 wheel drive / SUV,,1,0,0,1,0,10,October,Spring,Saturday,14:00 - 15:59,Midday / afternoon,False,False,True,True
1373296,Injury,Serious Injury,2024,2024,August,Friday,12:00 - 13:59,HUME,HWY,0,Right on the spot,COMO,RD,GREENACRE,2.0,No,Not a school zone,T-junction,-33.892453,151.056076,Canterbury-Bankstown,Sydney metro. area,Syd-Newc-Woll Gtr conurbation,Straight,,,,Unknown / not stated,Sealed,Dry,Fine,Daylight,Nil,Give way sign,70 km/h,State,16,Left near,107,Adj - Left-thru from right,,Right angle,4 wheel drive / SUV,Large rigid,2,0,1,0,0,8,August,Winter,Friday,12:00 - 13:59,Midday / afternoon,False,False,True,True
1373300,Injury,Minor/Other Injury,2024,2024,May,Monday,06:00 - 07:59,WESTERN,EXP,370,West,WESTERN DISTRIBUTOR,TO,LEICHHARDT,6004.0,No,Not a school zone,Dual freeway,-33.876408,151.153797,Inner West,Sydney metro. area,Syd-Newc-Woll Gtr conurbation,Curved,Underpass/tunnel,,,Unknown / not stated,Sealed,Dry,Fine,Daylight,Nil,No traffic controls,90 km/h,State,34,Lane change right,306,Same - Lane change right,,Other angle,Large rigid,4 wheel drive / SUV,2,0,0,0,1,5,May,Autumn,Monday,06:00 - 07:59,AM peak / school commute,True,False,True,True
1373303,Injury,Moderate Injury,2024,2024,November,Tuesday,08:00 - 09:59,RICHARDSON,RD,0,Right on the spot,GRAHAMSTOWN,RD,CAMPVALE,104.0,No,Not a school zone,T-junction,-32.76665,151.813979,Port Stephens,Country urban,Rest of NSW - Urban,Straight,,,,Unknown / not stated,Sealed,Dry,Fine,Daylight,Nil,Stop sign,80 km/h,State,13,Right near,104,Adj - Right-thru from right,,Right angle,Light truck utility(from 2018),4 wheel drive / SUV,2,0,0,1,0,11,November,Spring,Tuesday,08:00 - 09:59,AM peak / school commute,True,False,True,True
1373311,Injury,Minor/Other Injury,2024,2024,November,Friday,08:00 - 09:59,BOUNDARY,RD,200,North,POWERLINE,RD,BRINDABELLA,,No,Not a school zone,2-way undivided,-35.344033,148.671284,Snowy Valleys,Country non-urban,Rest of NSW - Rural,Straight,,,,Unknown / not stated,Sealed,Dry,Fine,Daylight,Nil,No traffic controls,100 km/h,Local,67,Struck animal,609,On path - Hit animal,,Vehicle - Animal,Motorcycle,,1,0,0,0,1,11,November,Spring,Friday,08:00 - 09:59,AM peak / school commute,True,False,True,True
1373335,Injury,Moderate Injury,2024,2024,December,Wednesday,18:00 - 19:59,COBB,HWY,0,Right on the spot,POICTIERS,ST,DENILIQUIN,21.0,No,Not a school zone,X-intersection,-35.528519,144.959014,Edward River,Country urban,Rest of NSW - Urban,Straight,,,,Unknown / not stated,Sealed,Dry,Fine,Darkness,Nil,Give way sign,50 km/h,State,10,Cross traffic,101,Adj - Cross traffic,,Right angle,Car (sedan/hatch),Car (sedan/hatch),2,0,0,1,0,12,December,Summer,Wednesday,18:00 - 19:59,PM peak / evening commute,True,False,True,True
1373336,Injury,Moderate Injury,2024,2024,November,Wednesday,18:00 - 19:59,GENERAL HOLMES,DR,100,East,SOUTH WESTERN EXPRESSWAY,TO,MASCOT,194.0,No,Not a school zone,Divided road,-33.946094,151.17351,Bayside,Sydney metro. area,Syd-Newc-Woll Gtr conurbation,Straight,Underpass/tunnel,,,Nil,Sealed,Wet,Overcast,Unknown,Nil,No traffic controls,60 km/h,State,30,Rear end,301,Same - Rear end,,Rear end,4 wheel drive / SUV,4 wheel drive / SUV,2,0,0,1,0,11,November,Spring,Wednesday,18:00 - 19:59,PM peak / evening commute,True,False,True,True
1373343,Injury,Moderate Injury,2024,2024,December,Sunday,22:00 - Midnight,GARDENERS,RD,60,East,ANZAC,PDE,KINGSFORD,183.0,No,Not a school zone,Other,-33.924914,151.227724,Randwick,Sydney metro. area,Syd-Newc-Woll Gtr conurbation,Curved,,,,Unknown / not stated,Sealed,Dry,Fine,Darkness,On,Ped crossing,60 km/h,State,87,Off lft/lft bnd=>obj,804,Off left bend into obj,Left,Vehicle - Object,Car (sedan/hatch),,1,0,0,1,0,12,December,Summer,Sunday,22:00 - Midnight,Evening / night,False,False,True,True
1373345,Injury,Moderate Injury,2024,2024,November,Saturday,08:00 - 09:59,GRAYS,LANE,0,Right on the spot,VINCENT,RD,CRANEBROOK,,Yes,No,Roundabout,-33.704153,150.711124,Penrith,Sydney metro. area,Syd-Newc-Woll Gtr conurbation,Curved,,,,Unknown / not stated,Sealed,Dry,Overcast,Daylight,Nil,Give way sign,50 km/h,Local,49,Other manoeuvring,400,Manov - other,,Other angle,Light truck utility(from 2018),Pedal cycle,2,0,0,1,0,11,November,Spring,Saturday,08:00 - 09:59,AM peak / school commute,True,False,True,True
1373347,Injury,Moderate Injury,2024,2024,December,Wednesday,12:00 - 13:59,STATION,ST,0,Right on the spot,MULLUMBIMBY LIBRARY,OT,MULLUMBIMBY,,No,Not a school zone,2-way undivided,-28.55439,153.502149,Byron,Country urban,Rest of NSW - Urban,Straight,,,,Unknown / not stated,Sealed,Dry,Fine,Daylight,Nil,No traffic controls,50 km/h,Local,73,Off rd rght => obj,704,Right off cway into obj,,Other angle,Car (sedan/hatch),Car (sedan/hatch),4,0,0,1,0,12,December,Summer,Wednesday,12:00 - 13:59,Midday / afternoon,False,False,True,True
1373350,Injury,Moderate Injury,2024,2024,November,Thursday,12:00 - 13:59,MARSDEN,RD,0,Right on the spot,STEWART,ST,EASTWOOD,158.0,No,Not a school zone,X-intersection,-33.796564,151.065263,Ryde,Sydney metro. area,Syd-Newc-Woll Gtr conurbation,Curved,Crest,,,Off,Sealed,Dry,Fine,Daylight,On,No traffic controls,60 km/h,State,35,Lane change left,307,Same - Lane change left,,Other angle,Motor scooter,Car (sedan/hatch),2,0,0,1,0,11,November,Spring,Thursday,12:00 - 13:59,Midday / afternoon,False,False,True,True
1373351,Injury,Serious Injury,2024,2024,October,Sunday,14:00 - 15:59,KURMOND,RD,300,North,BELLS LINE OF,RD,KURMOND,,No,Not a school zone,2-way undivided,-33.549862,150.695847,Hawkesbury,Country urban,Syd-Newc-Woll Gtr conurbation,Straight,Ditch/drain/culvert,,,Off,Sealed,Dry,Fine,Daylight,Nil,No traffic controls,60 km/h,Local,71,Off rd left => obj,703,Left off cway into object,,Vehicle - Object,Station wagon,,1,0,1,0,0,10,October,Spring,Sunday,14:00 - 15:59,Midday / afternoon,False,False,True,True
1373352,Injury,Serious Injury,2024,2024,December,Friday,16:00 - 17:59,EMERSON,RD,10,West,SAVILLE,RD,DAPTO,,No,Not a school zone,T-junction,-34.505735,150.793198,Wollongong,Wollongong met. area,Syd-Newc-Woll Gtr conurbation,Curved,B'down lane/road shldr,,,Off,Sealed,Dry,Fine,Daylight,Nil,No traffic controls,50 km/h,Local,81,Off left/rt bnd=>obj,803,Off right bend into obj,Left,Other angle,Pedal cycle,Car (sedan/hatch),2,0,1,0,0,12,December,Summer,Friday,16:00 - 17:59,PM peak / evening commute,True,False,True,True
1373354,Injury,Moderate Injury,2024,2024,November,Thursday,12:00 - 13:59,ASHMONT,AVE,0,Right on the spot,NUMBER 105,HN,ASHMONT,,No,Not a school zone,2-way undivided,-35.123055,147.329111,Wagga Wagga,Country urban,Rest of NSW - Urban,Straight,Steep grade,,,Nil,Sealed,Dry,Fine,Daylight,Nil,No traffic controls,50 km/h,Local,40,U turn,304,Same - U-turn,,Other angle,4 wheel drive / SUV,Light truck utility(from 2018),2,0,0,2,0,11,November,Spring,Thursday,12:00 - 13:59,Midday / afternoon,False,False,True,True
1373360,Injury,Moderate Injury,2024,2024,November,Saturday,16:00 - 17:59,SUMMER,ST,0,Right on the spot,SALE,ST,ORANGE,705.0,No,Not a school zone,X-intersection,-33.283113,149.096251,Orange,Country urban,Rest of NSW - Urban,Straight,,,,Off,Sealed,Wet,Raining,Daylight,On,No traffic controls,40 km/h,State,10,Cross traffic,101,Adj - Cross traffic,,Right angle,Car (sedan/hatch),Light truck utility(from 2018),2,0,0,2,0,11,November,Spring,Saturday,16:00 - 17:59,PM peak / evening commute,True,False,True,True
1373364,Injury,Moderate Injury,2024,2024,December,Wednesday,18:00 - 19:59,CLOSE,ST,50,East,IRVING,ST,WALLSEND,,No,Not a school zone,2-way undivided,-32.907612,151.676061,Newcastle,Newcastle met. area,Syd-Newc-Woll Gtr conurbation,Straight,,,,Off,Sealed,Dry,Fine,Daylight,Nil,No traffic controls,50 km/h,Local,71,Off rd left => obj,703,Left off cway into object,,Other angle,Car (sedan/hatch),Car (sedan/hatch),2,0,0,1,0,12,December,Summer,Wednesday,18:00 - 19:59,PM peak / evening commute,True,False,True,True
1373365,Injury,Serious Injury,2024,2024,October,Wednesday,22:00 - Midnight,RICKETTY,ST,0,Right on the spot,ALEXANDRA CANAL,BDGE,MASCOT,183.0,No,Not a school zone,2-way undivided,-33.920305,151.179629,Bayside,Sydney metro. area,Syd-Newc-Woll Gtr conurbation,Straight,Other bridge,,,Nil,Sealed,Dry,Fine,Darkness,Nil,No traffic controls,60 km/h,State,71,Off rd left => obj,703,Left off cway into object,,Vehicle - Object,Car (sedan/hatch),,1,0,1,0,0,10,October,Spring,Wednesday,22:00 - Midnight,Evening / night,False,False,True,True
1373366,Injury,Serious Injury,2024,2024,October,Friday,08:00 - 09:59,SOUTH WESTERN,EXP,200,West,BEECH ROAD,OP,CASULA,6005.0,No,Not a school zone,Dual freeway,-33.951427,150.880481,Liverpool,Sydney metro. area,Syd-Newc-Woll Gtr conurbation,Curved,B'down lane/road shldr,,,Off,Sealed,Wet,Raining,Daylight,Nil,No traffic controls,100 km/h,State,62,Accident,603,On path - Previous accident,,Other angle,Large rigid,Car (sedan/hatch),2,0,1,0,0,10,October,Spring,Friday,08:00 - 09:59,AM peak / school commute,True,False,True,True
1373368,Injury,Serious Injury,2024,2024,November,Tuesday,14:00 - 15:59,BURWOOD,RD,0,Right on the spot,NUMBER 143-145,HN,BURWOOD,,No,Not a school zone,2-way undivided,-33.878265,151.103517,Burwood,Sydney metro. area,Syd-Newc-Woll Gtr conurbation,Straight,,,,Off,Sealed,Dry,Fine,Daylight,Nil,No traffic controls,40 km/h,Local,42,Leaving parking,401,Manov - Leaving parking,,Other angle,4 wheel drive / SUV,Motor scooter,2,0,1,0,0,11,November,Spring,Tuesday,14:00 - 15:59,Midday / afternoon,False,False,True,True
1373371,Injury,Minor/Other Injury,2024,2024,October,Saturday,20:00 - 21:59,MACQUARIE,RD,0,Right on the spot,HENDERSON,RD,MACQUARIE FIELDS,7198.0,No,Not a school zone,Roundabout,-33.994918,150.875928,Campbelltown,Sydney metro. area,Syd-Newc-Woll Gtr conurbation,Straight,,,,On,Sealed,Dry,Fine,Darkness,Nil,Give way sign,60 km/h,Regional,10,Cross traffic,101,Adj - Cross traffic,,Right angle,Pedal cycle,Car (sedan/hatch),2,0,0,0,1,10,October,Spring,Saturday,20:00 - 21:59,Evening / night,False,False,True,True
1373373,Injury,Minor/Other Injury,2024,2024,December,Monday,16:00 - 17:59,FARROW,RD,999999,Unknown/not stated,UNKNOWN,UK,CAMPBELLTOWN,,No,Not a school zone,2-way undivided,-34.063148,150.814068,Campbelltown,Sydney metro. area,Syd-Newc-Woll Gtr conurbation,Straight,,,,Nil,Sealed,Dry,Fine,Daylight,Nil,No traffic controls,60 km/h,Local,33,Lane sideswipe,305,Same - Lane side swipe,,Other angle,Unknown type,Pedal cycle,2,0,0,0,1,12,December,Summer,Monday,16:00 - 17:59,PM peak / evening commute,True,False,True,True
1373374,Injury,Serious Injury,2024,2024,September,Tuesday,16:00 - 17:59,VINE,ST,0,Right on the spot,WESTON,ST,FAIRFIELD,7232.0,Yes,No,T-junction,-33.873228,150.959055,Fairfield,Sydney metro. area,Syd-Newc-Woll Gtr conurbation,Straight,,,,Off,Sealed,Wet,Fine,Daylight,On,No traffic controls,60 km/h,Regional,21,Right through,202,Opp - Right-thru,,Other angle,4 wheel drive / SUV,Car (sedan/hatch),2,0,1,0,0,9,September,Spring,Tuesday,16:00 - 17:59,PM peak / evening commute,True,False,True,True
1373377,Injury,Minor/Other Injury,2024,2024,October,Friday,12:00 - 13:59,LANGSTON,ST,0,Right on the spot,PEMBROKE,ST,EPPING,,Yes,No,X-intersection,-33.772524,151.082426,Parramatta,Sydney metro. area,Syd-Newc-Woll Gtr conurbation,Curved,,,,Off,Sealed,Dry,Fine,Daylight,On,No traffic controls,50 km/h,Local,12,Left far,103,Adj - Left-thru from left,,Right angle,4 wheel drive / SUV,Station wagon,3,0,0,0,1,10,October,Spring,Friday,12:00 - 13:59,Midday / afternoon,False,False,True,True
1373379,Injury,Moderate Injury,2024,2024,December,Sunday,20:00 - 21:59,PACIFIC,HWY,0,Right on the spot,LAKE HAVEN,DR,LAKE HAVEN,10.0,No,Not a school zone,Roundabout,-33.238745,151.499246,Central Coast,Country urban,Syd-Newc-Woll Gtr conurbation,Straight,,,,On,Sealed,Dry,Fine,Darkness,Nil,Give way sign,60 km/h,State,10,Cross traffic,101,Adj - Cross traffic,,Right angle,Car (sedan/hatch),Car (sedan/hatch),2,0,0,1,1,12,December,Summer,Sunday,20:00 - 21:59,Evening / night,False,False,True,True
1373381,Injury,Serious Injury,2024,2024,September,Saturday,12:00 - 13:59,WERRIS CREEK,RD,0,Right on the spot,NUMBER 774,HN,QUIPOLLY,130.0,No,Not a school zone,2-way undivided,-31.448353,150.646284,Liverpool Plains,Country non-urban,Rest of NSW - Rural,Straight,,,,Nil,Sealed,Dry,Fine,Daylight,Nil,No traffic controls,100 km/h,Regional,71,Off rd left => obj,703,Left off cway into object,,Vehicle - Object,Car (sedan/hatch),,1,0,1,0,0,9,September,Spring,Saturday,12:00 - 13:59,Midday / afternoon,False,False,True,True