crash_id,degree_of_crash,degree_of_crash_-_detailed,reporting_year,year_of_crash,month_of_crash,day_of_week_of_crash,two-hour_intervals,street_of_crash,street_type,distance,direction,identifying_feature,identifying_feature_type,town,route_no.,school_zone_location,school_zone_active,type_of_location,latitude,longitude,lga,urbanisation,conurbation_1,alignment,primary_permanent_feature,primary_temporary_feature,primary_hazardous_feature,street_lighting,road_surface,surface_condition,weather,natural_lighting,signals_operation,other_traffic_control,speed_limit,road_classification_(admin),rum_-_code,rum_-_description,dca_-_code,dca_-_description,dca_supplement,first_impact_type,key_tu_type,other_tu_type,no._of_traffic_units_involved,no._killed,no._seriously_injured,no._moderately_injured,no._minor-other_injured,month_num,month_label,season,day_label,time_label,time_band,is_peak_commute,is_fatal,is_injury,is_casualty
1373382,Injury,Moderate Injury,2024,2024,December,Thursday,16:00 - 17:59,CHISHOLM,RD,0,Right on the spot,MITCHELL,DR,EAST MAITLAND,,No,Not a school zone,T-junction,-32.764646,151.583609,Maitland,Country urban,Rest of NSW - Urban,Straight,,,,Nil,Sealed,Dry,Fine,Daylight,Nil,Stop sign,50 km/h,Local,21,Right through,202,Opp - Right-thru,,Other angle,4 wheel drive / SUV,4 wheel drive / SUV,3,0,0,1,1,12,December,Summer,Thursday,16:00 - 17:59,PM peak / evening commute,True,False,True,True
1373383,Injury,Minor/Other Injury,2024,2024,December,Sunday,08:00 - 09:59,PRINCES,HWY,400,South,HAWKEN,RD,TOMERONG,1.0,No,Not a school zone,2-way undivided,-35.028722,150.579135,Shoalhaven,Country non-urban,Rest of NSW - Rural,Curved,Steep grade,,,Off,Sealed,Dry,Fine,Daylight,Nil,No traffic controls,100 km/h,State,86,Off left/left bend,802,Off cway left bend,Left,Rollover,Light truck utility(from 2018),,1,0,0,0,1,12,December,Summer,Sunday,08:00 - 09:59,AM peak / school commute,True,False,True,True
1373384,Injury,Serious Injury,2024,2024,December,Monday,00:01 - 01:59,BRIDGE,ST,0,Right on the spot,HIGH,ST,WARATAH,,Yes,No,Roundabout,-32.90394,151.721623,Newcastle,Newcastle met. area,Syd-Newc-Woll Gtr conurbation,Straight,Steep grade,,,On,Sealed,Wet,Overcast,Darkness,Nil,Give way sign,50 km/h,Local,71,Off rd left => obj,703,Left off cway into object,,Other angle,Motor scooter,Car (sedan/hatch),2,0,1,0,0,12,December,Summer,Monday,00:01 - 01:59,Late night / early morning,False,False,True,True
1373385,Injury,Minor/Other Injury,2024,2024,December,Saturday,10:00 - 11:59,KRAWARREE,RD,3300,North,BADJA,TRL,SNOWBALL,7625.0,No,Not a school zone,2-way undivided,-35.959348,149.566635,Queanbeyan-Palerang Regional,Country urban,Rest of NSW - Urban,Curved,Steep grade,,,Nil,Unsealed,Dry,Fine,Daylight,Nil,No traffic controls,60 km/h,Regional,20,Head on,201,Opp - Head on,,Head-on,Motorcycle,Light truck,2,0,0,0,1,12,December,Summer,Saturday,10:00 - 11:59,Midday / afternoon,False,False,True,True
1373386,Injury,Moderate Injury,2024,2024,December,Sunday,02:00 - 03:59,BOWLERS,LANE,0,Right on the spot,WEBLANDS,ST,RUTHERFORD,,No,Not a school zone,T-junction,-32.718221,151.53025,Maitland,Country urban,Rest of NSW - Urban,Straight,,,,Off,Sealed,Dry,Fine,Darkness,Nil,No traffic controls,50 km/h,Local,73,Off rd rght => obj,704,Right off cway into obj,,Vehicle - Object,Car (sedan/hatch),,1,0,0,1,0,12,December,Summer,Sunday,02:00 - 03:59,Late night / early morning,False,False,True,True
1373387,Injury,Moderate Injury,2024,2024,November,Wednesday,16:00 - 17:59,TOWRIDGEE,LANE,1500,East,MYRTLE MOUNTAIN,RD,CANDELO,,No,Not a school zone,2-way undivided,-36.803134,149.707044,Bega Valley,Country non-urban,Rest of NSW - Rural,Curved,,,,Nil,Unsealed,Dry,Overcast,Daylight,Nil,No traffic controls,100 km/h,Local,85,Off rt/lft bnd=>obj,804,Off left bend into obj,Right,Vehicle - Object,Car (sedan/hatch),,1,0,0,1,0,11,November,Spring,Wednesday,16:00 - 17:59,PM peak / evening commute,True,False,True,True
1373388,Injury,Moderate Injury,2024,2024,November,Wednesday,16:00 - 17:59,BULLION,ST,0,Right on the spot,WELLINGTON,ST,UMINA BEACH,,No,Not a school zone,T-junction,-33.519992,151.320119,Central Coast,Country urban,Syd-Newc-Woll Gtr conurbation,Straight,,,,Nil,Sealed,Dry,Fine,Daylight,Nil,No traffic controls,50 km/h,Local,10,Cross traffic,101,Adj - Cross traffic,,Right angle,4 wheel drive / SUV,Pedal cycle,2,0,0,1,0,11,November,Spring,Wednesday,16:00 - 17:59,PM peak / evening commute,True,False,True,True
1373391,Injury,Moderate Injury,2024,2024,November,Thursday,10:00 - 11:59,PACIFIC,HWY,310,North,SOUTH,ST,BENNETTS GREEN,10.0,No,Not a school zone,Divided road,-32.996872,151.686407,Lake Macquarie,Newcastle met. area,Syd-Newc-Woll Gtr conurbation,Straight,Driveway/entrance,,,Off,Sealed,Dry,Overcast,Daylight,On,Ped crossing,70 km/h,State,30,Rear end,301,Same - Rear end,,Rear end,Light truck utility(from 2018),Car (sedan/hatch),3,0,0,2,0,11,November,Spring,Thursday,10:00 - 11:59,Midday / afternoon,False,False,True,True
1373392,Injury,Serious Injury,2024,2024,October,Sunday,00:01 - 01:59,KINGSWAY,MS,0,Right on the spot,KAREENA PRIVATE,HO,CARINGBAH,227.0,No,Not a school zone,Divided road,-34.035316,151.113708,Sutherland,Sydney metro. area,Syd-Newc-Woll Gtr conurbation,Curved,,,,On,Sealed,Dry,Fine,Darkness,Nil,No traffic controls,60 km/h,State,81,Off left/rt bnd=>obj,803,Off right bend into obj,Left,Vehicle - Object,Car (sedan/hatch),,2,0,1,0,0,10,October,Spring,Sunday,00:01 - 01:59,Late night / early morning,False,False,True,True
1373393,Injury,Moderate Injury,2024,2024,December,Tuesday,14:00 - 15:59,WARNERVALE,RD,80,West,VIRGINIA,RD,WARNERVALE,,No,Not a school zone,2-way undivided,-33.248647,151.457588,Central Coast,Country urban,Syd-Newc-Woll Gtr conurbation,Straight,Painted double centre lines,,,Nil,Sealed,Dry,Fine,Daylight,Nil,No traffic controls,50 km/h,Local,20,Head on,201,Opp - Head on,,Head-on,Motorised push scooters,4 wheel drive / SUV,2,0,0,1,0,12,December,Summer,Tuesday,14:00 - 15:59,Midday / afternoon,False,False,True,True
1373395,Injury,Minor/Other Injury,2024,2024,December,Friday,16:00 - 17:59,DONN PATTERSON,DR,130,East,SHEPHARDS,LANE,COFFS HARBOUR,,No,Not a school zone,2-way undivided,-30.284646,153.097255,Coffs Harbour,Country urban,Rest of NSW - Urban,Curved,Painted double centre lines,,,Nil,Sealed,Dry,Fine,Dusk,Nil,No traffic controls,50 km/h,Local,20,Head on,201,Opp - Head on,,Head-on,Light truck utility(from 2018),4 wheel drive / SUV,2,0,0,0,1,12,December,Summer,Friday,16:00 - 17:59,PM peak / evening commute,True,False,True,True
1373396,Injury,Serious Injury,2024,2024,November,Sunday,14:00 - 15:59,PACIFIC,HWY,0,Right on the spot,JERICHO ROAD,TO,MOORLAND,10.0,No,Not a school zone,Divided road,-31.807198,152.638671,Mid-Coast,Country non-urban,Rest of NSW - Rural,Straight,Steep grade,,,Nil,Sealed,Dry,Fine,Daylight,Nil,No traffic controls,110 km/h,State,73,Off rd rght => obj,704,Right off cway into obj,,Vehicle - Object,Light truck,,1,0,1,0,0,11,November,Spring,Sunday,14:00 - 15:59,Midday / afternoon,False,False,True,True
1373397,Injury,Minor/Other Injury,2024,2024,December,Sunday,20:00 - 21:59,BUCKLEYS,RD,115,East,DUNMORE,RD,DUNMORE,,No,Not a school zone,2-way undivided,-34.603772,150.844305,Shellharbour,Wollongong met. area,Syd-Newc-Woll Gtr conurbation,Straight,,,,On,Sealed,Dry,Fine,Darkness,Nil,No traffic controls,60 km/h,Local,71,Off rd left => obj,703,Left off cway into object,,Vehicle - Object,Light truck utility(from 2018),,1,0,0,0,1,12,December,Summer,Sunday,20:00 - 21:59,Evening / night,False,False,True,True
1373398,Injury,Moderate Injury,2024,2024,September,Sunday,10:00 - 11:59,MULGOA,RD,0,Right on the spot,RANSLEY,ST,PENRITH,155.0,No,Not a school zone,X-intersection,-33.757055,150.686247,Penrith,Sydney metro. area,Syd-Newc-Woll Gtr conurbation,Straight,,,,Off,Sealed,Dry,Fine,Daylight,On,No traffic controls,60 km/h,State,30,Rear end,301,Same - Rear end,,Rear end,Motorcycle,4 wheel drive / SUV,2,0,0,1,0,9,September,Spring,Sunday,10:00 - 11:59,Midday / afternoon,False,False,True,True
1373401,Injury,Minor/Other Injury,2024,2024,December,Sunday,08:00 - 09:59,KYOGLE,RD,250,North,CALDERA,LANE,LILLIAN ROCK,141.0,No,Not a school zone,2-way undivided,-28.527238,153.154147,Kyogle,Country urban,Rest of NSW - Urban,Curved,Ditch/drain/culvert,,Other hazardous feature,Nil,Sealed,Dry,Fine,Daylight,Nil,No traffic controls,80 km/h,Regional,85,Off rt/lft bnd=>obj,804,Off left bend into obj,Right,Vehicle - Object,Motorcycle,,1,0,0,0,1,12,December,Summer,Sunday,08:00 - 09:59,AM peak / school commute,True,False,True,True
1373404,Injury,Serious Injury,2024,2024,August,Sunday,14:00 - 15:59,MID WESTERN,HWY,700,West,SHEPPY,LANE,WOODSTOCK,6.0,No,Not a school zone,2-way undivided,-33.728155,148.820143,Cowra,Country non-urban,Rest of NSW - Rural,Curved,,,,Nil,Sealed,Wet,Raining,Daylight,Nil,No traffic controls,100 km/h,State,88,Out of cont on bend,805,Out of control on bend,,Rollover,Motorcycle,,1,0,1,0,0,8,August,Winter,Sunday,14:00 - 15:59,Midday / afternoon,False,False,True,True
1373408,Injury,Moderate Injury,2024,2024,November,Monday,12:00 - 13:59,MAITLAND,RD,100,South,COAL,ST,ISLINGTON,464.0,No,Not a school zone,2-way undivided,-32.914154,151.747653,Newcastle,Newcastle met. area,Syd-Newc-Woll Gtr conurbation,Straight,,,,Off,Sealed,Dry,Fine,Daylight,Nil,No traffic controls,60 km/h,Regional,40,U turn,304,Same - U-turn,,Other angle,Car (sedan/hatch),Car (sedan/hatch),2,0,0,1,0,11,November,Spring,Monday,12:00 - 13:59,Midday / afternoon,False,False,True,True
1373409,Injury,Minor/Other Injury,2024,2024,December,Thursday,18:00 - 19:59,CHURCH,ST,0,Right on the spot,CLARINDA,ST,PARKES,,No,Not a school zone,Roundabout,-33.135464,148.17437,Parkes,Country urban,Rest of NSW - Urban,Straight,,,,Off,Sealed,Dry,Fine,Daylight,Nil,Give way sign,40 km/h,Local,73,Off rd rght => obj,704,Right off cway into obj,,Vehicle - Object,Light truck utility(from 2018),,1,0,0,0,1,12,December,Summer,Thursday,18:00 - 19:59,PM peak / evening commute,True,False,True,True
1373413,Injury,Moderate Injury,2024,2024,October,Thursday,10:00 - 11:59,GRAND,DR,0,Right on the spot,LOCH,AVE,CENTENNIAL PARK,,No,Not a school zone,X-intersection,-33.896096,151.239073,Randwick,Sydney metro. area,Syd-Newc-Woll Gtr conurbation,Straight,Foot/cycle path/nature strip,,,Nil,Sealed,Dry,Fine,Daylight,Nil,Stop sign,30 km/h,Local,10,Cross traffic,101,Adj - Cross traffic,,Right angle,4 wheel drive / SUV,Pedal cycle,2,0,0,1,0,10,October,Spring,Thursday,10:00 - 11:59,Midday / afternoon,False,False,True,True
1373415,Injury,Moderate Injury,2024,2024,November,Sunday,20:00 - 21:59,CHURCH,ST,0,Right on the spot,CURTIS,RD,BALMAIN,,No,Not a school zone,X-intersection,-33.855387,151.180597,Inner West,Sydney metro. area,Syd-Newc-Woll Gtr conurbation,Straight,,,,On,Sealed,Dry,Fine,Darkness,Nil,Ped crossing,40 km/h,Local,0,Ped nearside,1,Ped - Near side,,Vehicle - Pedestrian,Car (sedan/hatch),Pedestrian,2,0,0,1,0,11,November,Spring,Sunday,20:00 - 21:59,Evening / night,False,False,True,True
1373417,Injury,Moderate Injury,2024,2024,December,Friday,16:00 - 17:59,MAYFIELD,RD,650,North,SEWELLS CREEK,RD,ESSINGTON,,No,Not a school zone,2-way undivided,-33.706948,149.793289,Oberon,Country urban,Rest of NSW - Urban,Curved,Painted double centre lines,,,Nil,Sealed,Wet,Raining,Daylight,Nil,No traffic controls,80 km/h,Local,85,Off rt/lft bnd=>obj,804,Off left bend into obj,Right,Vehicle - Object,4 wheel drive / SUV,,1,0,0,1,0,12,December,Summer,Friday,16:00 - 17:59,PM peak / evening commute,True,False,True,True
1373420,Injury,Serious Injury,2024,2024,November,Wednesday,06:00 - 07:59,LANE COVE,RD,0,Right on the spot,EPPING,RD,NORTH RYDE,162.0,No,Not a school zone,T-junction,-33.787668,151.125604,Ryde,Sydney metro. area,Syd-Newc-Woll Gtr conurbation,Straight,Underpass/tunnel,,,Off,Sealed,Dry,Fine,Daylight,On,No traffic controls,70 km/h,State,36,Right turn sideswipe,308,Same - Rgt turn side swipe,,Other angle,Semi-trailer,Motorcycle,2,0,1,0,0,11,November,Spring,Wednesday,06:00 - 07:59,AM peak / school commute,True,False,True,True
1373423,Injury,Serious Injury,2024,2024,November,Monday,08:00 - 09:59,GWYDIR,HWY,0,Right on the spot,BIG RIVER,WAY,TYNDALE,12.0,No,Not a school zone,T-junction,-29.549831,153.156195,Clarence Valley,Country urban,Rest of NSW - Urban,Curved,,,,Nil,Sealed,Dry,Fine,Daylight,Nil,Give way sign,80 km/h,State,10,Cross traffic,101,Adj - Cross traffic,,Right angle,Car (sedan/hatch),Large rigid,2,0,1,1,0,11,November,Spring,Monday,08:00 - 09:59,AM peak / school commute,True,False,True,True
1373425,Injury,Serious Injury,2024,2024,October,Friday,10:00 - 11:59,MULDOON,ST,0,Right on the spot,WHITBREAD,ST,TAREE,,No,Not a school zone,T-junction,-31.898591,152.455968,Mid-Coast,Country urban,Rest of NSW - Urban,Straight,,,,Nil,Sealed,Dry,Fine,Daylight,Nil,Give way sign,60 km/h,Local,32,Right rear,303,Same - Rear right,,Rear end,Car (sedan/hatch),4 wheel drive / SUV,2,0,1,1,0,10,October,Spring,Friday,10:00 - 11:59,Midday / afternoon,False,False,True,True
1373427,Injury,Moderate Injury,2024,2024,November,Friday,18:00 - 19:59,LOVELL,RD,20,West,RICHMOND,ST,EASTWOOD,,No,Not a school zone,2-way undivided,-33.794993,151.10169,Ryde,Sydney metro. area,Syd-Newc-Woll Gtr conurbation,Straight,Steep grade,,,Off,Sealed,Wet,Raining,Daylight,Nil,No traffic controls,50 km/h,Local,30,Rear end,301,Same - Rear end,,Rear end,Car (sedan/hatch),Car (sedan/hatch),2,0,0,1,0,11,November,Spring,Friday,18:00 - 19:59,PM peak / evening commute,True,False,True,True
1373428,Injury,Serious Injury,2024,2024,December,Saturday,06:00 - 07:59,TOMALLA,RD,200,West,PHEASANT CREEK,RD,TOMALLA,,No,Not a school zone,2-way undivided,-31.863075,151.454776,Upper Hunter,Country non-urban,Rest of NSW - Rural,Straight,Steep grade,,Potholes/corrugations/rough,Nil,Unsealed,Dry,Fine,Dawn,Nil,No traffic controls,100 km/h,Local,71,Off rd left => obj,703,Left off cway into object,,Vehicle - Object,4 wheel drive / SUV,,1,0,1,0,0,12,December,Summer,Saturday,06:00 - 07:59,AM peak / school commute,True,False,True,True
1373429,Injury,Serious Injury,2024,2024,November,Friday,10:00 - 11:59,BYLONG VALLEY,WAY,1600,West,WIDDEN,TRL,WIDDEN,208.0,No,Not a school zone,2-way undivided,-32.402628,150.366422,Muswellbrook,Country non-urban,Rest of NSW - Rural,Curved,Painted double centre lines,,,Nil,Sealed,Wet,Raining,Daylight,Nil,No traffic controls,100 km/h,Regional,20,Head on,201,Opp - Head on,,Head-on,Motorcycle,Light truck utility(from 2018),2,0,1,0,0,11,November,Spring,Friday,10:00 - 11:59,Midday / afternoon,False,False,True,True
1373431,Injury,Moderate Injury,2024,2024,October,Sunday,18:00 - 19:59,MONCUR,ST,0,Right on the spot,SMITH,ST,WOOLLAHRA,,No,Not a school zone,X-intersection,-33.88804,151.237064,Woollahra,Sydney metro. area,Syd-Newc-Woll Gtr conurbation,Straight,,,,On,Sealed,Dry,Fine,Dusk,Nil,Give way sign,50 km/h,Local,10,Cross traffic,101,Adj - Cross traffic,,Right angle,Car (sedan/hatch),Car (sedan/hatch),2,0,0,1,0,10,October,Spring,Sunday,18:00 - 19:59,PM peak / evening commute,True,False,True,True
1373435,Injury,Minor/Other Injury,2024,2024,October,Tuesday,16:00 - 17:59,COBB,HWY,0,Right on the spot,NICHOLAS,DR,MOAMA,21.0,No,Not a school zone,X-intersection,-36.099971,144.752948,Murray River,Country urban,Rest of NSW - Urban,Straight,,,,Off,Sealed,Dry,Overcast,Daylight,Nil,Give way sign,50 km/h,State,10,Cross traffic,101,Adj - Cross traffic,,Right angle,Light truck utility(from 2018),4 wheel drive / SUV,3,0,0,0,2,10,October,Spring,Tuesday,16:00 - 17:59,PM peak / evening commute,True,False,True,True
1373437,Injury,Serious Injury,2024,2024,September,Monday,22:00 - Midnight,WOODVILLE,RD,60,North,HEWLETT,ST,GRANVILLE,640.0,No,Not a school zone,Divided road,-33.831865,151.003282,Cumberland,Sydney metro. area,Syd-Newc-Woll Gtr conurbation,Straight,,,,On,Sealed,Dry,Fine,Darkness,Nil,No traffic controls,70 km/h,State,34,Lane change right,306,Same - Lane change right,,Other angle,Car (sedan/hatch),Car (sedan/hatch),2,0,1,0,0,9,September,Spring,Monday,22:00 - Midnight,Evening / night,False,False,True,True
1373438,Injury,Minor/Other Injury,2024,2024,November,Monday,12:00 - 13:59,GREAT WESTERN,HWY,300,West,ST HILLIERS,RD,AUBURN,5.0,No,Not a school zone,Divided road,-33.843327,151.039557,Cumberland,Sydney metro. area,Syd-Newc-Woll Gtr conurbation,Straight,,,,Off,Sealed,Dry,Fine,Daylight,Nil,No traffic controls,60 km/h,State,35,Lane change left,307,Same - Lane change left,,Other angle,Car (sedan/hatch),4 wheel drive / SUV,2,0,0,0,1,11,November,Spring,Monday,12:00 - 13:59,Midday / afternoon,False,False,True,True
1373440,Injury,Moderate Injury,2024,2024,October,Sunday,22:00 - Midnight,GIBBON,CL,0,Right on the spot,TAYLOR,AVE,THORNTON,,No,Not a school zone,T-junction,-32.773951,151.635372,Maitland,Country urban,Rest of NSW - Urban,Straight,,,,Off,Sealed,Dry,Fine,Darkness,Nil,No traffic controls,50 km/h,Local,71,Off rd left => obj,703,Left off cway into object,,Other angle,4 wheel drive / SUV,Light truck utility(from 2018),3,0,0,1,0,10,October,Spring,Sunday,22:00 - Midnight,Evening / night,False,False,True,True
1373445,Injury,Serious Injury,2024,2024,November,Wednesday,16:00 - 17:59,NEW ENGLAND,HWY,1000,South,MCINERNEY,RD,CAMBERWELL,9.0,No,Not a school zone,2-way undivided,-32.487408,151.098321,Singleton,Country non-urban,Rest of NSW - Rural,Straight,Painted double centre lines,,,Nil,Sealed,Wet,Raining,Daylight,Nil,No traffic controls,100 km/h,State,20,Head on,201,Opp - Head on,,Head-on,Light truck,4 wheel drive / SUV,2,0,1,0,0,11,November,Spring,Wednesday,16:00 - 17:59,PM peak / evening commute,True,False,True,True
1373451,Injury,Moderate Injury,2024,2024,November,Tuesday,20:00 - 21:59,HUME,HWY,0,Right on the spot,CROYDON,AVE,CROYDON,2.0,No,Not a school zone,X-intersection,-33.886493,151.111472,Burwood,Sydney metro. area,Syd-Newc-Woll Gtr conurbation,Straight,,,,On,Sealed,Dry,Fine,Darkness,On,Ped crossing,60 km/h,State,21,Right through,202,Opp - Right-thru,,Other angle,4 wheel drive / SUV,Car (sedan/hatch),4,0,0,1,0,11,November,Spring,Tuesday,20:00 - 21:59,Evening / night,False,False,True,True
1373452,Injury,Serious Injury,2024,2024,September,Sunday,16:00 - 17:59,GAN GAN,RD,400,South,NELSON BAY,RD,ANNA BAY,4045.0,No,Not a school zone,2-way undivided,-32.772124,152.076452,Port Stephens,Country urban,Rest of NSW - Urban,Straight,,,,Off,Sealed,Dry,Fine,Dusk,Nil,No traffic controls,80 km/h,Local,71,Off rd left => obj,703,Left off cway into object,,Other angle,4 wheel drive / SUV,Other small trailer,2,0,1,0,0,9,September,Spring,Sunday,16:00 - 17:59,PM peak / evening commute,True,False,True,True
1373453,Injury,Moderate Injury,2024,2024,November,Friday,22:00 - Midnight,BRISBANE,ST,0,Right on the spot,NUMBER 86,HN,EAST MAITLAND,,No,Not a school zone,2-way undivided,-32.757974,151.584104,Maitland,Country urban,Rest of NSW - Urban,Straight,,,,On,Sealed,Wet,Fine,Darkness,Nil,No traffic controls,50 km/h,Local,66,Object on road,607,On path - Hit temp object,,Vehicle - Object,Car (sedan/hatch),,1,0,0,1,0,11,November,Spring,Friday,22:00 - Midnight,Evening / night,False,False,True,True
1373454,Injury,Serious Injury,2024,2024,November,Saturday,12:00 - 13:59,WYONG,RD,0,Right on the spot,KILKENNY,PDE,BERKELEY VALE,335.0,No,Not a school zone,T-junction,-33.348503,151.431357,Central Coast,Country urban,Syd-Newc-Woll Gtr conurbation,Straight,Steep grade,,,Nil,Sealed,Dry,Fine,Daylight,Nil,Left turn only,70 km/h,State,48,From footpath,408,Manov - From footway,,Other angle,Motorised push scooters,Light truck utility(from 2018),2,0,1,0,0,11,November,Spring,Saturday,12:00 - 13:59,Midday / afternoon,False,False,True,True
1373455,Injury,Serious Injury,2024,2024,December,Saturday,18:00 - 19:59,FIDDAMAN,RD,200,East,LIGHTS,ST,EMERALD BEACH,,No,Not a school zone,2-way undivided,-30.167942,153.183841,Coffs Harbour,Country urban,Rest of NSW - Urban,Straight,Steep grade,,,Nil,Sealed,Dry,Fine,Daylight,Nil,No traffic controls,50 km/h,Local,71,Off rd left => obj,703,Left off cway into object,,Other angle,Car (sedan/hatch),Utility,2,0,1,0,0,12,December,Summer,Saturday,18:00 - 19:59,PM peak / evening commute,True,False,True,True
1373458,Injury,Serious Injury,2024,2024,October,Thursday,04:00 - 05:59,PRINCES,HWY,0,Right on the spot,THE BOULEVARDE,MS,GYMEA,1.0,No,Not a school zone,T-junction,-34.026812,151.084787,Sutherland,Sydney metro. area,Syd-Newc-Woll Gtr conurbation,Straight,,,,On,Sealed,Dry,Fine,Darkness,On,No traffic controls,70 km/h,State,21,Right through,202,Opp - Right-thru,,Other angle,Light truck,Car (sedan/hatch),2,0,1,0,0,10,October,Spring,Thursday,04:00 - 05:59,Late night / early morning,False,False,True,True
1373459,Injury,Minor/Other Injury,2024,2024,October,Wednesday,18:00 - 19:59,BAKEHOUSE,AVE,0,Right on the spot,NUMBER 17,HN,MARSDEN PARK,,No,Not a school zone,2-way undivided,-33.686615,150.8169,Blacktown,Sydney metro. area,Syd-Newc-Woll Gtr conurbation,Straight,,,,Off,Sealed,Dry,Fine,Dusk,Nil,No traffic controls,50 km/h,Local,1,Ped emerging,2,Ped - emerging,,Vehicle - Pedestrian,Car (sedan/hatch),Pedestrian,2,0,0,0,1,10,October,Spring,Wednesday,18:00 - 19:59,PM peak / evening commute,True,False,True,True
1373460,Injury,Minor/Other Injury,2024,2024,November,Friday,12:00 - 13:59,OLD SOUTH HEAD,RD,10,East,VICTORIA,RD,BELLEVUE HILL,339.0,No,Not a school zone,T-junction,-33.888879,151.257544,Woollahra,Sydney metro. area,Syd-Newc-Woll Gtr conurbation,Curved,,,,Off,Sealed,Dry,Fine,Daylight,On,No traffic controls,50 km/h,State,30,Rear end,301,Same - Rear end,,Rear end,4 wheel drive / SUV,Car (sedan/hatch),2,0,0,0,1,11,November,Spring,Friday,12:00 - 13:59,Midday / afternoon,False,False,True,True
1373461,Injury,Moderate Injury,2024,2024,October,Friday,08:00 - 09:59,JAMES RUSE,DR,300,North,COLLETT PARADE,TO,PARRAMATTA,309.0,No,Not a school zone,Divided road,-33.804554,151.024423,Parramatta,Sydney metro. area,Syd-Newc-Woll Gtr conurbation,Curved,,,,Off,Sealed,Dry,Fine,Daylight,Nil,No traffic controls,70 km/h,State,34,Lane change right,306,Same - Lane change right,,Other angle,Car (sedan/hatch),Semi-trailer,2,0,0,1,0,10,October,Spring,Friday,08:00 - 09:59,AM peak / school commute,True,False,True,True
1373463,Injury,Moderate Injury,2024,2024,November,Tuesday,00:01 - 01:59,ELIZABETH,DR,0,Right on the spot,LIVERPOOL PARRAMATTA TRANSITWAY,MS,BONNYRIGG,535.0,No,Not a school zone,X-intersection,-33.889323,150.882905,Fairfield,Sydney metro. area,Syd-Newc-Woll Gtr conurbation,Straight,,,,On,Sealed,Dry,Fine,Darkness,On,No traffic controls,70 km/h,State,10,Cross traffic,101,Adj - Cross traffic,,Right angle,Light truck,Other bus,2,0,0,1,0,11,November,Spring,Tuesday,00:01 - 01:59,Late night / early morning,False,False,True,True
1373464,Injury,Minor/Other Injury,2024,2024,November,Monday,18:00 - 19:59,ALFRED,ST,50,North,RITCHIE,ST,ROSEHILL,,No,Not a school zone,2-way undivided,-33.82613,151.015803,Parramatta,Sydney metro. area,Syd-Newc-Woll Gtr conurbation,Straight,,,,Nil,Sealed,Dry,Unknown,Daylight,Nil,No traffic controls,50 km/h,Local,0,Ped nearside,1,Ped - Near side,,Vehicle - Pedestrian,4 wheel drive / SUV,Pedestrian,2,0,0,0,1,11,November,Spring,Monday,18:00 - 19:59,PM peak / evening commute,True,False,True,True
1373465,Injury,Minor/Other Injury,2024,2024,October,Sunday,06:00 - 07:59,CHELMSFORD,ST,60,East,CHAFFEY,ST,KOOTINGAL,,No,Not a school zone,2-way undivided,-31.056378,151.051623,Tamworth Regional,Country urban,Rest of NSW - Urban,Curved,,,,Nil,Sealed,Dry,Fine,Daylight,Nil,No traffic controls,50 km/h,Local,81,Off left/rt bnd=>obj,803,Off right bend into obj,Left,Vehicle - Object,Car (sedan/hatch),,1,0,0,0,1,10,October,Spring,Sunday,06:00 - 07:59,AM peak / school commute,True,False,True,True
1373466,Injury,Serious Injury,2024,2024,November,Tuesday,12:00 - 13:59,GREAT WESTERN,HWY,0,Right on the spot,WOODVILLE,RD,GRANVILLE,5.0,No,Not a school zone,X-intersection,-33.827598,151.004833,Parramatta,Sydney metro. area,Syd-Newc-Woll Gtr conurbation,Curved,,,,Off,Sealed,Dry,Fine,Daylight,On,No traffic controls,60 km/h,State,30,Rear end,301,Same - Rear end,,Rear end,Car (sedan/hatch),Motorcycle,2,0,1,0,0,11,November,Spring,Tuesday,12:00 - 13:59,Midday / afternoon,False,False,True,True
1373471,Injury,Moderate Injury,2024,2024,November,Saturday,18:00 - 19:59,THE RIVER,RD,0,Right on the spot,MCDONALD,ENT,REVESBY,634.0,Yes,No,2-way undivided,-33.939133,151.018617,Canterbury-Bankstown,Sydney metro. area,Syd-Newc-Woll Gtr conurbation,Straight,Driveway/entrance,,,Nil,Sealed,Dry,Fine,Daylight,Nil,No traffic controls,60 km/h,State,21,Right through,202,Opp - Right-thru,,Other angle,4 wheel drive / SUV,Car (sedan/hatch),2,0,0,1,0,11,November,Spring,Saturday,18:00 - 19:59,PM peak / evening commute,True,False,True,True
1373473,Injury,Minor/Other Injury,2024,2024,October,Tuesday,14:00 - 15:59,KILDARE,RD,100,West,LANCASTER,ST,BLACKTOWN,,No,Not a school zone,2-way undivided,-33.768649,150.89152,Blacktown,Sydney metro. area,Syd-Newc-Woll Gtr conurbation,Straight,Driveway/entrance,,,Off,Sealed,Dry,Fine,Daylight,Nil,No traffic controls,50 km/h,Local,47,Emerging from drive,406,Manov - Emerging from driveway,,Right angle,Car (sedan/hatch),Passenger van,2,0,0,0,6,10,October,Spring,Tuesday,14:00 - 15:59,Midday / afternoon,False,False,True,True