crash_id,degree_of_crash,degree_of_crash_-_detailed,reporting_year,year_of_crash,month_of_crash,day_of_week_of_crash,two-hour_intervals,street_of_crash,street_type,distance,direction,identifying_feature,identifying_feature_type,town,route_no.,school_zone_location,school_zone_active,type_of_location,latitude,longitude,lga,urbanisation,conurbation_1,alignment,primary_permanent_feature,primary_temporary_feature,primary_hazardous_feature,street_lighting,road_surface,surface_condition,weather,natural_lighting,signals_operation,other_traffic_control,speed_limit,road_classification_(admin),rum_-_code,rum_-_description,dca_-_code,dca_-_description,dca_supplement,first_impact_type,key_tu_type,other_tu_type,no._of_traffic_units_involved,no._killed,no._seriously_injured,no._moderately_injured,no._minor-other_injured,month_num,month_label,season,day_label,time_label,time_band,is_peak_commute,is_fatal,is_injury,is_casualty
1373475,Injury,Moderate Injury,2024,2024,October,Wednesday,16:00 - 17:59,FENNELL,ST,50,East,BULLER,ST,NORTH PARRAMATTA,,No,Not a school zone,2-way undivided,-33.806639,151.01314,Parramatta,Sydney metro. area,Syd-Newc-Woll Gtr conurbation,Straight,,,,Nil,Sealed,Dry,Overcast,Daylight,Nil,No traffic controls,50 km/h,Local,42,Leaving parking,401,Manov - Leaving parking,,Other angle,Car (sedan/hatch),Light truck,2,0,0,1,0,10,October,Spring,Wednesday,16:00 - 17:59,PM peak / evening commute,True,False,True,True
1373477,Injury,Moderate Injury,2024,2024,November,Thursday,18:00 - 19:59,RHONDDA,RD,0,Right on the spot,WAKEFIELD,RD,WAKEFIELD,,No,Not a school zone,T-junction,-32.950905,151.577272,Lake Macquarie,Newcastle met. area,Syd-Newc-Woll Gtr conurbation,Straight,,,,Off,Sealed,Dry,Fine,Daylight,Nil,Give way sign,80 km/h,Local,21,Right through,202,Opp - Right-thru,,Other angle,Car (sedan/hatch),Car (sedan/hatch),2,0,0,1,1,11,November,Spring,Thursday,18:00 - 19:59,PM peak / evening commute,True,False,True,True
1373478,Injury,Serious Injury,2024,2024,December,Friday,16:00 - 17:59,JILLIBY,RD,165,East,LITTLE JILLIBY,RD,JILLIBY,,Yes,No,2-way undivided,-33.239948,151.380644,Central Coast,Country urban,Syd-Newc-Woll Gtr conurbation,Curved,,,,Nil,Sealed,Dry,Fine,Daylight,Nil,No traffic controls,60 km/h,Local,85,Off rt/lft bnd=>obj,804,Off left bend into obj,Right,Vehicle - Object,Car (sedan/hatch),,1,0,1,0,0,12,December,Summer,Friday,16:00 - 17:59,PM peak / evening commute,True,False,True,True
1373481,Injury,Minor/Other Injury,2024,2024,December,Wednesday,12:00 - 13:59,SMITHFIELD,RD,0,Right on the spot,NUMBER 267,HN,FAIRFIELD WEST,7220.0,No,Not a school zone,2-way undivided,-33.861619,150.923618,Fairfield,Sydney metro. area,Syd-Newc-Woll Gtr conurbation,Straight,Driveway/entrance,,,Off,Sealed,Dry,Fine,Daylight,Nil,No traffic controls,60 km/h,Regional,47,Emerging from drive,406,Manov - Emerging from driveway,,Right angle,Car (sedan/hatch),Car (sedan/hatch),2,0,0,0,1,12,December,Summer,Wednesday,12:00 - 13:59,Midday / afternoon,False,False,True,True
1373483,Injury,Moderate Injury,2024,2024,November,Thursday,06:00 - 07:59,THE CRESCENT,MS,50,East,MEREDITH,ST,HOMEBUSH,,No,Not a school zone,2-way undivided,-33.865834,151.082709,Strathfield,Sydney metro. area,Syd-Newc-Woll Gtr conurbation,Straight,,,,Nil,Sealed,Dry,Fine,Daylight,Nil,No traffic controls,50 km/h,Local,71,Off rd left => obj,703,Left off cway into object,,Other angle,4 wheel drive / SUV,Passenger van,2,0,0,1,0,11,November,Spring,Thursday,06:00 - 07:59,AM peak / school commute,True,False,True,True
1373484,Injury,Serious Injury,2024,2024,December,Tuesday,16:00 - 17:59,LAKE,ST,0,Right on the spot,NUMBER 28,HN,FORSTER,,Yes,No,2-way undivided,-32.182994,152.518247,Mid-Coast,Country urban,Rest of NSW - Urban,Straight,,,,Off,Sealed,Dry,Fine,Daylight,Nil,No traffic controls,50 km/h,Local,73,Off rd rght => obj,704,Right off cway into obj,,Vehicle - Object,4 wheel drive / SUV,,2,0,1,0,1,12,December,Summer,Tuesday,16:00 - 17:59,PM peak / evening commute,True,False,True,True
1373486,Injury,Serious Injury,2024,2024,December,Friday,08:00 - 09:59,CHISWICK,RD,0,Right on the spot,CUMBERLAND,RD,AUBURN,,No,Not a school zone,Roundabout,-33.86043,151.023667,Cumberland,Sydney metro. area,Syd-Newc-Woll Gtr conurbation,Straight,,,,Off,Sealed,Dry,Fine,Daylight,Nil,Give way sign,50 km/h,Local,10,Cross traffic,101,Adj - Cross traffic,,Right angle,4 wheel drive / SUV,4 wheel drive / SUV,2,0,1,0,0,12,December,Summer,Friday,08:00 - 09:59,AM peak / school commute,True,False,True,True
1373487,Injury,Moderate Injury,2024,2024,November,Monday,16:00 - 17:59,HASTINGS RIVER,DR,0,Right on the spot,WINERY,DR,FERNBANK CREEK,600.0,No,Not a school zone,T-junction,-31.413035,152.8244,Port Macquarie-Hastings,Country urban,Rest of NSW - Urban,Straight,,,,Nil,Sealed,Dry,Fine,Daylight,Nil,Stop sign,80 km/h,Regional,21,Right through,202,Opp - Right-thru,,Other angle,4 wheel drive / SUV,4 wheel drive / SUV,3,0,0,1,0,11,November,Spring,Monday,16:00 - 17:59,PM peak / evening commute,True,False,True,True
1373490,Injury,Moderate Injury,2024,2024,December,Saturday,20:00 - 21:59,ELLIOTTS,RD,625,East,AERODROME,RD,NABIAC,,No,Not a school zone,2-way undivided,-32.12805,152.421928,Mid-Coast,Country urban,Rest of NSW - Urban,Curved,Steep grade,,,Nil,Unsealed,Dry,Fine,Darkness,Nil,No traffic controls,80 km/h,Local,84,Off right/left bend,802,Off cway left bend,Right,Rollover,Light truck utility(from 2018),,1,0,0,1,0,12,December,Summer,Saturday,20:00 - 21:59,Evening / night,False,False,True,True
1373496,Injury,Serious Injury,2024,2024,December,Sunday,10:00 - 11:59,GRAND,DR,0,Right on the spot,PARKES,DR,CENTENNIAL PARK,,No,Not a school zone,X-intersection,-33.904124,151.235844,Randwick,Sydney metro. area,Syd-Newc-Woll Gtr conurbation,Curved,,,,Off,Sealed,Dry,Fine,Daylight,Nil,Stop sign,30 km/h,Local,37,Left turn sideswipe,309,Same - Left turn side swipe,,Other angle,Car (sedan/hatch),Pedal cycle,2,0,1,0,0,12,December,Summer,Sunday,10:00 - 11:59,Midday / afternoon,False,False,True,True
1373497,Injury,Minor/Other Injury,2024,2024,November,Sunday,18:00 - 19:59,CONCORD,RD,50,South,MARY,ST,RHODES,200.0,No,Not a school zone,Divided road,-33.831904,151.088248,Canada Bay,Sydney metro. area,Syd-Newc-Woll Gtr conurbation,Curved,Steep grade,,,On,Sealed,Dry,Fine,Darkness,Nil,No traffic controls,70 km/h,State,3,Ped on carriageway,4,Ped - On carriageway,,Vehicle - Pedestrian,Light truck utility(from 2018),Pedestrian,2,0,0,0,1,11,November,Spring,Sunday,18:00 - 19:59,PM peak / evening commute,True,False,True,True
1373501,Injury,Serious Injury,2024,2024,November,Monday,06:00 - 07:59,ALDINGA,RD,0,Right on the spot,NUMBER 44,HN,GWANDALAN,,No,Not a school zone,2-way undivided,-33.143748,151.586034,Central Coast,Country urban,Syd-Newc-Woll Gtr conurbation,Straight,Steep grade,,,Off,Sealed,Dry,Fine,Dawn,Nil,No traffic controls,50 km/h,Local,67,Struck animal,609,On path - Hit animal,,Vehicle - Animal,Motorcycle,,1,0,1,0,0,11,November,Spring,Monday,06:00 - 07:59,AM peak / school commute,True,False,True,True
1373502,Injury,Moderate Injury,2024,2024,December,Wednesday,06:00 - 07:59,NEIL,ST,50,West,PITT,ST,MERRYLANDS,7250.0,No,Not a school zone,2-way undivided,-33.833742,150.991649,Cumberland,Sydney metro. area,Syd-Newc-Woll Gtr conurbation,Straight,,,,Nil,Sealed,Dry,Fine,Daylight,Nil,No traffic controls,60 km/h,Regional,0,Ped nearside,1,Ped - Near side,,Vehicle - Pedestrian,Car (sedan/hatch),Pedestrian,2,0,0,1,0,12,December,Summer,Wednesday,06:00 - 07:59,AM peak / school commute,True,False,True,True
1373503,Injury,Moderate Injury,2024,2024,December,Sunday,02:00 - 03:59,RICHMOND,RD,1000,North,ELARA,BVD,MARSDEN PARK,537.0,No,Not a school zone,2-way undivided,-33.684072,150.819631,Blacktown,Sydney metro. area,Syd-Newc-Woll Gtr conurbation,Straight,,,,Nil,Sealed,Wet,Fine,Darkness,Nil,No traffic controls,80 km/h,State,20,Head on,201,Opp - Head on,,Head-on,Car (sedan/hatch),Car (sedan/hatch),2,0,0,5,0,12,December,Summer,Sunday,02:00 - 03:59,Late night / early morning,False,False,True,True
1373505,Injury,Serious Injury,2024,2024,November,Monday,06:00 - 07:59,BOUNDARY,RD,0,Right on the spot,GORDON,RD,TALLAWONG,,No,Not a school zone,Roundabout,-33.692797,150.885368,Blacktown,Sydney metro. area,Syd-Newc-Woll Gtr conurbation,Straight,,,,Nil,Sealed,Dry,Fine,Daylight,Nil,Give way sign,60 km/h,Local,74,On road-out of cont.,705,Out of control on cway,,Rollover,Motorcycle,,1,0,1,0,0,11,November,Spring,Monday,06:00 - 07:59,AM peak / school commute,True,False,True,True
1373507,Injury,Moderate Injury,2024,2024,December,Sunday,18:00 - 19:59,STONEY CREEK,RD,35,West,OLIVER,ST,BEXLEY,665.0,No,Not a school zone,2-way undivided,-33.949018,151.111309,Bayside,Sydney metro. area,Syd-Newc-Woll Gtr conurbation,Straight,,,,Nil,Sealed,Dry,Fine,Daylight,Nil,No traffic controls,60 km/h,State,33,Lane sideswipe,305,Same - Lane side swipe,,Other angle,Car (sedan/hatch),Passenger van,2,0,0,2,0,12,December,Summer,Sunday,18:00 - 19:59,PM peak / evening commute,True,False,True,True
1373509,Injury,Serious Injury,2024,2024,November,Friday,20:00 - 21:59,EARL,ST,20,South,RENSHAW,LANE,COFFS HARBOUR,,No,Not a school zone,2-way undivided,-30.301718,153.115842,Coffs Harbour,Country urban,Rest of NSW - Urban,Straight,,,,On,Sealed,Dry,Fine,Darkness,Nil,No traffic controls,50 km/h,Local,74,On road-out of cont.,705,Out of control on cway,,Rollover,Motor scooter,,1,0,1,0,0,11,November,Spring,Friday,20:00 - 21:59,Evening / night,False,False,True,True
1373510,Injury,Moderate Injury,2024,2024,October,Tuesday,12:00 - 13:59,MULGOA,RD,0,Right on the spot,SILVERDALE,RD,WALLACIA,155.0,No,Not a school zone,Roundabout,-33.865082,150.640368,Penrith,Sydney metro. area,Syd-Newc-Woll Gtr conurbation,Straight,,,,Off,Sealed,Dry,Fine,Daylight,Nil,Give way sign,60 km/h,State,30,Rear end,301,Same - Rear end,,Rear end,Car (sedan/hatch),Motorcycle,2,0,0,1,0,10,October,Spring,Tuesday,12:00 - 13:59,Midday / afternoon,False,False,True,True
1373511,Injury,Serious Injury,2024,2024,December,Thursday,16:00 - 17:59,MAIN,RD,0,Right on the spot,MOIRA PARK,RD,MORISSET,217.0,No,Not a school zone,T-junction,-33.092691,151.497719,Lake Macquarie,Newcastle met. area,Syd-Newc-Woll Gtr conurbation,Straight,,Roadwks/Detour/Diverson,,Off,Sealed,Dry,Fine,Daylight,Nil,Stop sign,60 km/h,State,32,Right rear,303,Same - Rear right,,Rear end,Light truck utility(from 2018),4 wheel drive / SUV,3,0,2,2,0,12,December,Summer,Thursday,16:00 - 17:59,PM peak / evening commute,True,False,True,True
1373513,Injury,Serious Injury,2024,2024,November,Tuesday,06:00 - 07:59,HIGH,ST,0,Right on the spot,REGENT,ST,MAITLAND,101.0,No,Not a school zone,T-junction,-32.727837,151.546068,Maitland,Country urban,Rest of NSW - Urban,Curved,Embankment/cutting,,,Off,Sealed,Wet,Overcast,Daylight,Nil,Give way sign,50 km/h,Regional,20,Head on,201,Opp - Head on,,Head-on,Light truck utility(from 2018),Motor scooter,2,0,2,0,0,11,November,Spring,Tuesday,06:00 - 07:59,AM peak / school commute,True,False,True,True
1373514,Injury,Serious Injury,2024,2024,October,Wednesday,18:00 - 19:59,ALISON,RD,0,Right on the spot,JOHN,ST,RANDWICK,327.0,No,Not a school zone,T-junction,-33.907209,151.23279,Randwick,Sydney metro. area,Syd-Newc-Woll Gtr conurbation,Straight,,,,Off,Sealed,Dry,Fine,Daylight,On,No traffic controls,60 km/h,State,15,Right/left far,106,Adj - Right-left from right,,Right angle,Light truck utility(from 2018),Light truck,2,0,1,0,0,10,October,Spring,Wednesday,18:00 - 19:59,PM peak / evening commute,True,False,True,True
1373518,Injury,Moderate Injury,2024,2024,December,Friday,16:00 - 17:59,GWYDIR,HWY,3000,East,GURRS,RD,GLEN ELGIN,12.0,No,Not a school zone,2-way undivided,-29.576932,152.195614,Glen Innes Severn,Country non-urban,Rest of NSW - Rural,Curved,Embankment/cutting,,,Off,Sealed,Dry,Fine,Daylight,Nil,No traffic controls,100 km/h,State,83,Off rt/rt bnd=>obj,803,Off right bend into obj,Right,Vehicle - Object,Car (sedan/hatch),,1,0,0,1,1,12,December,Summer,Friday,16:00 - 17:59,PM peak / evening commute,True,False,True,True
1373521,Injury,Moderate Injury,2024,2024,December,Friday,06:00 - 07:59,WAIROA,ST,15,South,EAST,PDE,CAMPSIE,,No,Not a school zone,2-way undivided,-33.908944,151.113037,Canterbury-Bankstown,Sydney metro. area,Syd-Newc-Woll Gtr conurbation,Straight,Low clr o'head brdge,,,Nil,Sealed,Dry,Fine,Daylight,Nil,No traffic controls,50 km/h,Local,69,Other on path,600,On path - Other,,Vehicle - Object,Large rigid,,1,0,0,1,0,12,December,Summer,Friday,06:00 - 07:59,AM peak / school commute,True,False,True,True
1373522,Injury,Moderate Injury,2024,2024,November,Saturday,20:00 - 21:59,PACIFIC,HWY,100,South,WILEY ROAD,OP,BANGALOW,10.0,No,Not a school zone,Divided road,-28.698924,153.532752,Byron,Country non-urban,Rest of NSW - Rural,Straight,Steep grade,,,Nil,Sealed,Wet,Raining,Darkness,Nil,No traffic controls,110 km/h,State,71,Off rd left => obj,703,Left off cway into object,,Vehicle - Object,4 wheel drive / SUV,,1,0,0,1,0,11,November,Spring,Saturday,20:00 - 21:59,Evening / night,False,False,True,True
1373523,Injury,Serious Injury,2024,2024,December,Thursday,06:00 - 07:59,HEBDEN,RD,8000,East,NEW ENGLAND,HWY,HEBDEN,,No,Not a school zone,2-way undivided,-32.355082,151.032293,Singleton,Country urban,Rest of NSW - Urban,Straight,Steep grade,,,Nil,Sealed,Dry,Fine,Daylight,Nil,No traffic controls,80 km/h,Local,67,Struck animal,609,On path - Hit animal,,Vehicle - Animal,Motorcycle,,1,0,1,0,0,12,December,Summer,Thursday,06:00 - 07:59,AM peak / school commute,True,False,True,True
1373524,Injury,Minor/Other Injury,2024,2024,October,Thursday,14:00 - 15:59,LEISURE,DR,75,West,WOODLANDS,DR,BANORA POINT,,Yes,No,2-way undivided,-28.214546,153.527496,Tweed,Country urban,Rest of NSW - Urban,Straight,,,,Off,Sealed,Dry,Fine,Daylight,Nil,No traffic controls,60 km/h,Local,71,Off rd left => obj,703,Left off cway into object,,Vehicle - Object,Car (sedan/hatch),,1,0,0,0,1,10,October,Spring,Thursday,14:00 - 15:59,Midday / afternoon,False,False,True,True
1373526,Injury,Serious Injury,2024,2024,November,Wednesday,06:00 - 07:59,MEDOWIE,RD,150,North,BLUEBERRY,RD,MEDOWIE,518.0,No,Not a school zone,2-way undivided,-32.758643,151.866393,Port Stephens,Country urban,Rest of NSW - Urban,Straight,Steep grade,,,Off,Sealed,Dry,Fine,Daylight,Nil,No traffic controls,80 km/h,Regional,71,Off rd left => obj,703,Left off cway into object,,Vehicle - Object,4 wheel drive / SUV,,1,0,1,0,0,11,November,Spring,Wednesday,06:00 - 07:59,AM peak / school commute,True,False,True,True
1373529,Injury,Moderate Injury,2024,2024,November,Saturday,06:00 - 07:59,MACQUARIE,RD,0,Right on the spot,BROWN,ST,CARDIFF,527.0,Yes,No,X-intersection,-32.946611,151.657143,Lake Macquarie,Newcastle met. area,Syd-Newc-Woll Gtr conurbation,Straight,,,,Nil,Sealed,Dry,Fine,Daylight,Nil,Give way sign,60 km/h,State,32,Right rear,303,Same - Rear right,,Rear end,4 wheel drive / SUV,4 wheel drive / SUV,3,0,0,1,0,11,November,Spring,Saturday,06:00 - 07:59,AM peak / school commute,True,False,True,True
1373533,Injury,Serious Injury,2024,2024,November,Thursday,08:00 - 09:59,TOWRADGI,RD,50,East,PIONEER,RD,TOWRADGI,7642.0,No,Not a school zone,2-way undivided,-34.38451,150.907302,Wollongong,Wollongong met. area,Syd-Newc-Woll Gtr conurbation,Straight,B'down lane/road shldr,,,Off,Sealed,Dry,Fine,Daylight,Nil,No traffic controls,50 km/h,Regional,63,Vehicle door,604,On path - Vehicle door,,Other angle,Pedal cycle,Light truck,2,0,1,0,0,11,November,Spring,Thursday,08:00 - 09:59,AM peak / school commute,True,False,True,True
1373536,Injury,Serious Injury,2024,2024,November,Sunday,14:00 - 15:59,PACIFIC,HWY,700,North,FRANKLINS,RD,GLENUGIE,10.0,No,Not a school zone,Divided road,-29.849017,153.047606,Clarence Valley,Country non-urban,Rest of NSW - Rural,Curved,Embankment/cutting,,,Nil,Sealed,Dry,Fine,Daylight,Nil,No traffic controls,110 km/h,State,81,Off left/rt bnd=>obj,803,Off right bend into obj,Left,Vehicle - Object,4 wheel drive / SUV,,1,0,2,0,0,11,November,Spring,Sunday,14:00 - 15:59,Midday / afternoon,False,False,True,True
1373546,Injury,Serious Injury,2024,2024,December,Monday,08:00 - 09:59,MIDDLE,RD,10,South,WOLLOMBI,RD,PELTON,181.0,No,Not a school zone,T-junction,-32.877737,151.308023,Cessnock,Country urban,Rest of NSW - Urban,Straight,,,,Nil,Sealed,Dry,Fine,Daylight,Nil,Stop sign,60 km/h,Regional,12,Left far,103,Adj - Left-thru from left,,Right angle,Semi-trailer,4 wheel drive / SUV,2,0,1,0,0,12,December,Summer,Monday,08:00 - 09:59,AM peak / school commute,True,False,True,True
1373547,Injury,Serious Injury,2024,2024,December,Friday,10:00 - 11:59,RABY,RD,0,Right on the spot,GLEDSWOOD HILLS,DR,VARROVILLE,7194.0,No,Not a school zone,T-junction,-34.007749,150.794389,Campbelltown,Sydney metro. area,Syd-Newc-Woll Gtr conurbation,Curved,,,,Nil,Sealed,Dry,Fine,Daylight,Nil,Stop sign,80 km/h,Regional,13,Right near,104,Adj - Right-thru from right,,Right angle,4 wheel drive / SUV,Car (sedan/hatch),2,0,1,0,0,12,December,Summer,Friday,10:00 - 11:59,Midday / afternoon,False,False,True,True
1373549,Injury,Serious Injury,2024,2024,November,Thursday,06:00 - 07:59,WESTERN,EXP,100,East,ARCHIBOLD ROAD,OP,MINCHINBURY,6004.0,No,Not a school zone,Dual freeway,-33.791598,150.830736,Blacktown,Sydney metro. area,Syd-Newc-Woll Gtr conurbation,Curved,,,,Off,Sealed,Dry,Fine,Daylight,Nil,No traffic controls,110 km/h,State,33,Lane sideswipe,305,Same - Lane side swipe,,Other angle,Light truck,Light truck utility(from 2018),4,0,1,0,1,11,November,Spring,Thursday,06:00 - 07:59,AM peak / school commute,True,False,True,True
1373550,Injury,Moderate Injury,2024,2024,December,Thursday,22:00 - Midnight,DORA,ST,200,East,MIAMI,WAY,DORA CREEK,,No,Not a school zone,2-way undivided,-33.083674,151.526392,Lake Macquarie,Newcastle met. area,Syd-Newc-Woll Gtr conurbation,Curved,,,,Nil,Sealed,Dry,Fine,Darkness,Nil,No traffic controls,50 km/h,Local,87,Off lft/lft bnd=>obj,804,Off left bend into obj,Left,Vehicle - Object,Car (sedan/hatch),,1,0,0,1,0,12,December,Summer,Thursday,22:00 - Midnight,Evening / night,False,False,True,True
1373551,Injury,Moderate Injury,2024,2024,November,Tuesday,22:00 - Midnight,WINTEN,DR,0,Right on the spot,GOLDING,DR,GLENDENNING,,No,Not a school zone,L-junction,-33.744278,150.854103,Blacktown,Sydney metro. area,Syd-Newc-Woll Gtr conurbation,Curved,,,,On,Sealed,Dry,Fine,Darkness,Nil,No traffic controls,50 km/h,Local,88,Out of cont on bend,805,Out of control on bend,,Rollover,Motorcycle,,1,0,0,1,0,11,November,Spring,Tuesday,22:00 - Midnight,Evening / night,False,False,True,True
1373555,Injury,Minor/Other Injury,2024,2024,November,Saturday,20:00 - 21:59,HUME,HWY,2330,North,YASS VALLEY WAY,OP,YASS,2.0,No,Not a school zone,Divided road,-34.809255,148.899902,Yass Valley,Country non-urban,Rest of NSW - Rural,Curved,,,,Nil,Sealed,Dry,Fine,Darkness,Nil,No traffic controls,110 km/h,State,86,Off left/left bend,802,Off cway left bend,Left,Rollover,Car (sedan/hatch),,1,0,0,0,1,11,November,Spring,Saturday,20:00 - 21:59,Evening / night,False,False,True,True
1373558,Injury,Serious Injury,2024,2024,December,Thursday,06:00 - 07:59,WEST HEAD,RD,2370,North,MCCARRS CREEK,RD,KU-RING-GAI CHASE,4005.0,No,Not a school zone,2-way undivided,-33.64687,151.263154,Northern Beaches,Sydney metro. area,Syd-Newc-Woll Gtr conurbation,Curved,,,,Off,Sealed,Dry,Fine,Daylight,Nil,No traffic controls,80 km/h,State,67,Struck animal,609,On path - Hit animal,,Vehicle - Animal,Motorcycle,,1,0,1,0,0,12,December,Summer,Thursday,06:00 - 07:59,AM peak / school commute,True,False,True,True
1373564,Injury,Serious Injury,2024,2024,December,Wednesday,06:00 - 07:59,BECKWITH,ST,0,Right on the spot,KINCAID,ST,WAGGA WAGGA,,No,Not a school zone,X-intersection,-35.10605,147.36159,Wagga Wagga,Country urban,Rest of NSW - Urban,Straight,,,,Nil,Sealed,Dry,Fine,Daylight,Nil,Stop sign,50 km/h,Local,10,Cross traffic,101,Adj - Cross traffic,,Right angle,Car (sedan/hatch),Car (sedan/hatch),2,0,1,2,0,12,December,Summer,Wednesday,06:00 - 07:59,AM peak / school commute,True,False,True,True
1373577,Injury,Serious Injury,2024,2024,December,Monday,08:00 - 09:59,PICTON,RD,0,Right on the spot,MT KEIRA,RD,CATARACT,95.0,No,Not a school zone,T-junction,-34.375087,150.831061,Wollongong,Wollongong met. area,Syd-Newc-Woll Gtr conurbation,Curved,,,,Off,Sealed,Dry,Fine,Daylight,Nil,Stop sign,100 km/h,State,13,Right near,104,Adj - Right-thru from right,,Right angle,4 wheel drive / SUV,Car (sedan/hatch),2,0,1,0,0,12,December,Summer,Monday,08:00 - 09:59,AM peak / school commute,True,False,True,True
1373580,Injury,Moderate Injury,2024,2024,December,Tuesday,14:00 - 15:59,BELGRAVE,ST,96,East,MEMORIAL,AVE,KEMPSEY,75.0,No,Not a school zone,Divided road,-31.079728,152.835192,Kempsey,Country urban,Rest of NSW - Urban,Straight,,,,Nil,Sealed,Dry,Fine,Daylight,Nil,No traffic controls,50 km/h,Regional,71,Off rd left => obj,703,Left off cway into object,,Other angle,Car (sedan/hatch),Car (sedan/hatch),2,0,0,1,0,12,December,Summer,Tuesday,14:00 - 15:59,Midday / afternoon,False,False,True,True
1373586,Injury,Moderate Injury,2024,2024,December,Wednesday,08:00 - 09:59,NARELLAN,RD,0,Right on the spot,MT ANNAN,DR,MOUNT ANNAN,178.0,No,Not a school zone,X-intersection,-34.053689,150.772709,Camden,Sydney metro. area,Syd-Newc-Woll Gtr conurbation,Straight,,,,Off,Sealed,Dry,Fine,Daylight,On,No traffic controls,80 km/h,State,10,Cross traffic,101,Adj - Cross traffic,,Right angle,4 wheel drive / SUV,4 wheel drive / SUV,2,0,0,1,0,12,December,Summer,Wednesday,08:00 - 09:59,AM peak / school commute,True,False,True,True
1373600,Injury,Serious Injury,2024,2024,December,Monday,06:00 - 07:59,LAMBTON,RD,200,West,MARKET,ST,BROADMEADOW,223.0,No,Not a school zone,2-way undivided,-32.923651,151.73316,Newcastle,Newcastle met. area,Syd-Newc-Woll Gtr conurbation,Curved,Steep grade,,,Off,Sealed,Dry,Fine,Daylight,Nil,No traffic controls,60 km/h,Regional,81,Off left/rt bnd=>obj,803,Off right bend into obj,Left,Vehicle - Object,Motorcycle,,1,0,1,0,0,12,December,Summer,Monday,06:00 - 07:59,AM peak / school commute,True,False,True,True
1373603,Injury,Moderate Injury,2024,2024,December,Sunday,16:00 - 17:59,KINGS,HWY,250,East,WHARF,ST,NELLIGEN,51.0,No,Not a school zone,2-way undivided,-35.647499,150.144121,Eurobodalla,Country urban,Rest of NSW - Urban,Curved,Other bridge,,,Off,Sealed,Dry,Fine,Daylight,Nil,No traffic controls,80 km/h,State,20,Head on,201,Opp - Head on,,Head-on,Station wagon,4 wheel drive / SUV,3,0,0,3,0,12,December,Summer,Sunday,16:00 - 17:59,PM peak / evening commute,True,False,True,True
1373605,Injury,Serious Injury,2024,2024,December,Wednesday,10:00 - 11:59,SPIT,RD,210,North,PARRIWI,RD,MOSMAN,164.0,No,Not a school zone,Divided road,-33.804982,151.246305,Mosman,Sydney metro. area,Syd-Newc-Woll Gtr conurbation,Straight,,,,Off,Sealed,Dry,Fine,Daylight,Nil,No traffic controls,60 km/h,State,34,Lane change right,306,Same - Lane change right,,Other angle,Motorcycle,Car (sedan/hatch),2,0,1,0,0,12,December,Summer,Wednesday,10:00 - 11:59,Midday / afternoon,False,False,True,True
1373614,Injury,Serious Injury,2024,2024,December,Saturday,02:00 - 03:59,BARRENJOEY,RD,10,North,WHALE BEACH,RD,AVALON BEACH,164.0,No,Not a school zone,T-junction,-33.624898,151.333997,Northern Beaches,Sydney metro. area,Syd-Newc-Woll Gtr conurbation,Straight,,,,On,Sealed,Dry,Fine,Darkness,Nil,No traffic controls,60 km/h,State,73,Off rd rght => obj,704,Right off cway into obj,,Vehicle - Object,Station wagon,,1,0,1,0,1,12,December,Summer,Saturday,02:00 - 03:59,Late night / early morning,False,False,True,True
1373618,Injury,Moderate Injury,2024,2024,December,Monday,16:00 - 17:59,WEST PORTLAND,RD,50,West,GREYGUM,CL,SACKVILLE,,No,Not a school zone,2-way undivided,-33.503599,150.863423,Hawkesbury,Country urban,Syd-Newc-Woll Gtr conurbation,Curved,,,,Nil,Sealed,Dry,Fine,Daylight,Nil,No traffic controls,70 km/h,Local,81,Off left/rt bnd=>obj,803,Off right bend into obj,Left,Vehicle - Object,Car (sedan/hatch),,1,0,0,1,0,12,December,Summer,Monday,16:00 - 17:59,PM peak / evening commute,True,False,True,True
1373619,Injury,Moderate Injury,2024,2024,December,Thursday,16:00 - 17:59,HUME,HWY,2000,South,MUNRO,RD,MARULAN,2.0,No,Not a school zone,Divided road,-34.743716,149.93195,Goulburn Mulwaree,Country non-urban,Rest of NSW - Rural,Straight,Steep grade,,,Nil,Sealed,Dry,Fine,Daylight,Nil,No traffic controls,110 km/h,State,34,Lane change right,306,Same - Lane change right,,Other angle,Car (sedan/hatch),Light truck utility(from 2018),2,0,0,1,1,12,December,Summer,Thursday,16:00 - 17:59,PM peak / evening commute,True,False,True,True
1373623,Injury,Minor/Other Injury,2024,2024,December,Monday,18:00 - 19:59,POOL,AVE,50,North,INGLIS,ST,MULWALA,,No,Not a school zone,2-way undivided,-35.989553,146.0063,Federation,Country urban,Rest of NSW - Urban,Straight,,,,Off,Sealed,Dry,Fine,Daylight,Nil,No traffic controls,50 km/h,Local,0,Ped nearside,1,Ped - Near side,,Vehicle - Pedestrian,Light truck utility(from 2018),Pedestrian,2,0,0,0,1,12,December,Summer,Monday,18:00 - 19:59,PM peak / evening commute,True,False,True,True
1373632,Injury,Minor/Other Injury,2024,2024,November,Friday,16:00 - 17:59,GEORGES RIVER,RD,35,East,BEAUFORT,ST,CROYDON PARK,549.0,Yes,No,2-way undivided,-33.895788,151.106571,Burwood,Sydney metro. area,Syd-Newc-Woll Gtr conurbation,Straight,,,,Off,Sealed,Wet,Raining,Daylight,On,Ped crossing,60 km/h,State,0,Ped nearside,1,Ped - Near side,,Vehicle - Pedestrian,Pedal cycle,Pedestrian,2,0,0,0,1,11,November,Spring,Friday,16:00 - 17:59,PM peak / evening commute,True,False,True,True