crash_id,degree_of_crash,degree_of_crash_-_detailed,reporting_year,year_of_crash,month_of_crash,day_of_week_of_crash,two-hour_intervals,street_of_crash,street_type,distance,direction,identifying_feature,identifying_feature_type,town,route_no.,school_zone_location,school_zone_active,type_of_location,latitude,longitude,lga,urbanisation,conurbation_1,alignment,primary_permanent_feature,primary_temporary_feature,primary_hazardous_feature,street_lighting,road_surface,surface_condition,weather,natural_lighting,signals_operation,other_traffic_control,speed_limit,road_classification_(admin),rum_-_code,rum_-_description,dca_-_code,dca_-_description,dca_supplement,first_impact_type,key_tu_type,other_tu_type,no._of_traffic_units_involved,no._killed,no._seriously_injured,no._moderately_injured,no._minor-other_injured,month_num,month_label,season,day_label,time_label,time_band,is_peak_commute,is_fatal,is_injury,is_casualty
1373654,Injury,Serious Injury,2024,2024,July,Monday,06:00 - 07:59,LOWRY,ST,300,West,RESERVOIR,RD,CARDIFF,,No,Not a school zone,2-way undivided,-32.930581,151.659701,Lake Macquarie,Newcastle met. area,Syd-Newc-Woll Gtr conurbation,Curved,Painted double centre lines,,,Off,Sealed,Dry,Fine,Daylight,Nil,No traffic controls,50 km/h,Local,83,Off rt/rt bnd=>obj,803,Off right bend into obj,Right,Other angle,Car (sedan/hatch),4 wheel drive / SUV,3,0,1,0,0,7,July,Winter,Monday,06:00 - 07:59,AM peak / school commute,True,False,True,True
1373656,Injury,Serious Injury,2024,2024,September,Sunday,18:00 - 19:59,WILLAN,DR,0,Right on the spot,NUMBER 8,HN,CARTWRIGHT,,Yes,No,2-way undivided,-33.926377,150.891524,Liverpool,Sydney metro. area,Syd-Newc-Woll Gtr conurbation,Straight,Driveway/entrance,,,On,Sealed,Dry,Fine,Darkness,Nil,No traffic controls,50 km/h,Local,21,Right through,202,Opp - Right-thru,,Other angle,Car (sedan/hatch),Pedal cycle,3,0,1,0,0,9,September,Spring,Sunday,18:00 - 19:59,PM peak / evening commute,True,False,True,True
1373663,Injury,Minor/Other Injury,2024,2024,September,Tuesday,10:00 - 11:59,DRY DOCK,RD,0,Right on the spot,NUMBER 48A,HN,TWEED HEADS SOUTH,,No,Not a school zone,2-way undivided,-28.190929,153.536754,Tweed,Country urban,Rest of NSW - Urban,Straight,Driveway/entrance,,,Off,Sealed,Dry,Fine,Daylight,Nil,No traffic controls,50 km/h,Local,47,Emerging from drive,406,Manov - Emerging from driveway,,Right angle,4 wheel drive / SUV,Pedal cycle,2,0,0,0,1,9,September,Spring,Tuesday,10:00 - 11:59,Midday / afternoon,False,False,True,True
1373680,Injury,Moderate Injury,2024,2024,November,Saturday,14:00 - 15:59,COAST,RD,0,Right on the spot,BEECH,DR,SUFFOLK PARK,545.0,No,Not a school zone,Roundabout,-28.687963,153.607729,Byron,Country urban,Rest of NSW - Urban,Straight,,,,Off,Sealed,Wet,Overcast,Daylight,Nil,Give way sign,50 km/h,Regional,74,On road-out of cont.,705,Out of control on cway,,Rollover,Pedal cycle,,1,0,0,1,0,11,November,Spring,Saturday,14:00 - 15:59,Midday / afternoon,False,False,True,True
1373681,Injury,Minor/Other Injury,2024,2024,October,Tuesday,12:00 - 13:59,HUME,HWY,50,South,SYDNEY,RD,BOXERS CREEK,2.0,No,Not a school zone,Other,-34.742483,149.770228,Goulburn Mulwaree,Country urban,Rest of NSW - Urban,Curved,Embankment/cutting,,,Nil,Sealed,Dry,Fine,Daylight,Nil,No traffic controls,80 km/h,State,85,Off rt/lft bnd=>obj,804,Off left bend into obj,Right,Vehicle - Object,Car (sedan/hatch),,1,0,0,0,1,10,October,Spring,Tuesday,12:00 - 13:59,Midday / afternoon,False,False,True,True
1373688,Injury,Minor/Other Injury,2024,2024,October,Wednesday,10:00 - 11:59,GRACE,AVE,25,North,SORLIE,RD,FRENCHS FOREST,,No,Not a school zone,2-way undivided,-33.747822,151.22251,Northern Beaches,Sydney metro. area,Syd-Newc-Woll Gtr conurbation,Straight,,,,Off,Sealed,Dry,Fine,Daylight,Nil,No traffic controls,40 km/h,Local,3,Ped on carriageway,4,Ped - On carriageway,,Vehicle - Pedestrian,Car (sedan/hatch),Pedestrian,2,0,0,0,1,10,October,Spring,Wednesday,10:00 - 11:59,Midday / afternoon,False,False,True,True
1373692,Injury,Moderate Injury,2024,2024,November,Tuesday,18:00 - 19:59,OLD NORTHERN,RD,200,South,HILL,ST,BAULKHAM HILLS,160.0,No,Not a school zone,Divided road,-33.758901,150.992901,The Hills,Sydney metro. area,Syd-Newc-Woll Gtr conurbation,Curved,Steep grade,,,Off,Sealed,Dry,Fine,Dusk,Nil,No traffic controls,60 km/h,State,20,Head on,201,Opp - Head on,,Head-on,Car (sedan/hatch),4 wheel drive / SUV,2,0,0,1,0,11,November,Spring,Tuesday,18:00 - 19:59,PM peak / evening commute,True,False,True,True
1373694,Injury,Serious Injury,2024,2024,October,Thursday,10:00 - 11:59,KOOLOORA,AVE,10,West,MURRAY,RD,FRESHWATER,,No,Not a school zone,T-junction,-33.778359,151.287492,Northern Beaches,Sydney metro. area,Syd-Newc-Woll Gtr conurbation,Straight,Steep grade,,,Off,Sealed,Dry,Fine,Daylight,Nil,No traffic controls,50 km/h,Local,42,Leaving parking,401,Manov - Leaving parking,,Other angle,Car (sedan/hatch),4 wheel drive / SUV,2,0,1,0,0,10,October,Spring,Thursday,10:00 - 11:59,Midday / afternoon,False,False,True,True
1373696,Injury,Minor/Other Injury,2024,2024,December,Monday,14:00 - 15:59,NEW ILLAWARRA,RD,0,Right on the spot,MENAI SAND & SOIL,ENT,BARDEN RIDGE,190.0,No,Not a school zone,2-way undivided,-34.041435,150.995985,Sutherland,Sydney metro. area,Syd-Newc-Woll Gtr conurbation,Straight,Steep grade,,,Off,Sealed,Dry,Fine,Daylight,Nil,No traffic controls,80 km/h,State,30,Rear end,301,Same - Rear end,,Rear end,Car (sedan/hatch),Light truck utility(from 2018),5,0,0,0,1,12,December,Summer,Monday,14:00 - 15:59,Midday / afternoon,False,False,True,True
1373698,Injury,Moderate Injury,2024,2024,December,Saturday,04:00 - 05:59,OLD HUME,HWY,0,Right on the spot,NUMBER 1030,HN,ALPINE,,No,Not a school zone,2-way undivided,-34.408718,150.525358,Wingecarribee,Country urban,Rest of NSW - Urban,Straight,Steep grade,,,Nil,Sealed,Dry,Fine,Dawn,Nil,No traffic controls,80 km/h,Local,73,Off rd rght => obj,704,Right off cway into obj,,Vehicle - Object,Utility,,1,0,0,1,0,12,December,Summer,Saturday,04:00 - 05:59,Late night / early morning,False,False,True,True
1373702,Injury,Minor/Other Injury,2024,2024,November,Sunday,20:00 - 21:59,AMY,ST,0,Right on the spot,NOTHINGHILL,RD,REGENTS PARK,7105.0,No,Not a school zone,Roundabout,-33.885217,151.035629,Cumberland,Sydney metro. area,Syd-Newc-Woll Gtr conurbation,Straight,,,,On,Sealed,Dry,Fine,Darkness,Nil,Give way sign,50 km/h,Regional,30,Rear end,301,Same - Rear end,,Rear end,Car (sedan/hatch),4 wheel drive / SUV,2,0,0,0,3,11,November,Spring,Sunday,20:00 - 21:59,Evening / night,False,False,True,True
1373705,Injury,Moderate Injury,2024,2024,December,Tuesday,08:00 - 09:59,BRANSBY,ST,0,Right on the spot,BUNYAN,ST,BREDBO,,No,Not a school zone,X-intersection,-35.954749,149.144154,Snowy Monaro Regional,Country urban,Rest of NSW - Urban,Straight,,,,Off,Sealed,Dry,Fine,Daylight,Nil,Give way sign,50 km/h,Local,10,Cross traffic,101,Adj - Cross traffic,,Right angle,Other bus,4 wheel drive / SUV,2,0,0,2,0,12,December,Summer,Tuesday,08:00 - 09:59,AM peak / school commute,True,False,True,True
1373713,Injury,Serious Injury,2024,2024,October,Thursday,04:00 - 05:59,KISSING POINT,RD,50,East,SPURWAY,ST,DUNDAS,574.0,No,Not a school zone,Divided road,-33.79911,151.052339,Parramatta,Sydney metro. area,Syd-Newc-Woll Gtr conurbation,Curved,,,,On,Sealed,Dry,Fine,Darkness,Nil,No traffic controls,70 km/h,State,81,Off left/rt bnd=>obj,803,Off right bend into obj,Left,Vehicle - Object,Light truck utility(from 2018),,1,0,1,0,0,10,October,Spring,Thursday,04:00 - 05:59,Late night / early morning,False,False,True,True
1373733,Injury,Moderate Injury,2024,2024,November,Thursday,16:00 - 17:59,GLEBE,RD,0,Right on the spot,DATE,ST,ADAMSTOWN,188.0,No,Not a school zone,X-intersection,-32.934078,151.724721,Newcastle,Newcastle met. area,Syd-Newc-Woll Gtr conurbation,Straight,,,,Off,Sealed,Wet,Raining,Daylight,Nil,Give way sign,60 km/h,Regional,10,Cross traffic,101,Adj - Cross traffic,,Right angle,Passenger van,Car (sedan/hatch),2,0,0,1,0,11,November,Spring,Thursday,16:00 - 17:59,PM peak / evening commute,True,False,True,True
1373734,Injury,Serious Injury,2024,2024,September,Wednesday,12:00 - 13:59,SUMMERLAND,WAY,1500,South,BENTLEY,RD,CEDAR POINT,83.0,No,Not a school zone,2-way undivided,-28.694242,152.990262,Kyogle,Country non-urban,Rest of NSW - Rural,Curved,Ditch/drain/culvert,,Potholes/corrugations/rough,Nil,Sealed,Dry,Fine,Daylight,Nil,No traffic controls,100 km/h,State,87,Off lft/lft bnd=>obj,804,Off left bend into obj,Left,Vehicle - Object,Motorcycle,,1,0,1,0,0,9,September,Spring,Wednesday,12:00 - 13:59,Midday / afternoon,False,False,True,True
1373736,Injury,Moderate Injury,2024,2024,November,Thursday,16:00 - 17:59,QUEEN,ST,0,Right on the spot,NUMBER 134,HN,WOOLLAHRA,,No,Not a school zone,2-way undivided,-33.888273,151.238092,Woollahra,Sydney metro. area,Syd-Newc-Woll Gtr conurbation,Straight,,,,On,Sealed,Dry,Fine,Daylight,Nil,No traffic controls,50 km/h,Local,63,Vehicle door,604,On path - Vehicle door,,Other angle,Pedal cycle,Car (sedan/hatch),2,0,0,1,0,11,November,Spring,Thursday,16:00 - 17:59,PM peak / evening commute,True,False,True,True
1373739,Injury,Minor/Other Injury,2024,2024,November,Monday,14:00 - 15:59,WESTERN,EXP,50,East,CUMBERLAND HIGHWAY,OP,SOUTH WENTWORTHVILLE,6004.0,No,Not a school zone,Dual freeway,-33.816201,150.964151,Cumberland,Sydney metro. area,Syd-Newc-Woll Gtr conurbation,Straight,,,,Nil,Sealed,Dry,Fine,Daylight,Nil,No traffic controls,90 km/h,State,30,Rear end,301,Same - Rear end,,Rear end,Car (sedan/hatch),4 wheel drive / SUV,4,0,0,0,1,11,November,Spring,Monday,14:00 - 15:59,Midday / afternoon,False,False,True,True
1373742,Injury,Moderate Injury,2024,2024,December,Monday,16:00 - 17:59,OLYMPIC,HWY,0,Right on the spot,SILO,RD,WALLENDBEEN,78.0,No,Not a school zone,T-junction,-34.517076,148.164322,Cootamundra-Gundagai,Country urban,Rest of NSW - Urban,Curved,,,,Nil,Sealed,Dry,Fine,Daylight,Nil,Give way sign,60 km/h,State,13,Right near,104,Adj - Right-thru from right,,Right angle,Light truck utility(from 2018),4 wheel drive / SUV,2,0,0,1,0,12,December,Summer,Monday,16:00 - 17:59,PM peak / evening commute,True,False,True,True
1373743,Injury,Moderate Injury,2024,2024,November,Sunday,12:00 - 13:59,MITCHELL,HWY,0,Right on the spot,OLD KIDGERY,RD,NYNGAN,7.0,No,Not a school zone,T-junction,-31.426497,147.057379,Bogan,Country non-urban,Rest of NSW - Rural,Straight,,,,Nil,Sealed,Dry,Fine,Daylight,Nil,No traffic controls,110 km/h,State,53,Overtake turning,506,Ovtak - Overtaking right turn,,Other angle,Light truck utility(from 2018),B-double (road train prior 98),2,0,0,1,0,11,November,Spring,Sunday,12:00 - 13:59,Midday / afternoon,False,False,True,True
1373746,Injury,Serious Injury,2024,2024,October,Friday,20:00 - 21:59,CAMPBELLTOWN,RD,0,Right on the spot,HUME,HWY,DENHAM COURT,177.0,No,Not a school zone,T-junction,-33.998293,150.8419,Campbelltown,Sydney metro. area,Syd-Newc-Woll Gtr conurbation,Straight,,,Other hazardous feature,On,Sealed,Dry,Overcast,Darkness,On,No traffic controls,70 km/h,State,71,Off rd left => obj,703,Left off cway into object,,Vehicle - Object,Motor scooter,,1,0,1,0,0,10,October,Spring,Friday,20:00 - 21:59,Evening / night,False,False,True,True
1373750,Injury,Moderate Injury,2024,2024,December,Tuesday,18:00 - 19:59,JUNCTION,ST,0,Right on the spot,LOVONI,ST,CABRAMATTA,,No,Not a school zone,X-intersection,-33.900669,150.9438,Fairfield,Sydney metro. area,Syd-Newc-Woll Gtr conurbation,Straight,Steep grade,,,Nil,Sealed,Dry,Fine,Daylight,Nil,Stop sign,50 km/h,Local,10,Cross traffic,101,Adj - Cross traffic,,Right angle,4 wheel drive / SUV,4 wheel drive / SUV,2,0,0,1,0,12,December,Summer,Tuesday,18:00 - 19:59,PM peak / evening commute,True,False,True,True
1373754,Injury,Minor/Other Injury,2024,2024,November,Sunday,12:00 - 13:59,WESTBOURNE,RD,4500,North,HUME,HWY,BERREMANGRA,,No,Not a school zone,2-way undivided,-34.772723,148.450769,Hilltops,Country urban,Rest of NSW - Urban,Curved,,,,Nil,Unsealed,Dry,Overcast,Daylight,Nil,No traffic controls,80 km/h,Local,88,Out of cont on bend,805,Out of control on bend,,Rollover,Motorcycle,,1,0,0,0,1,11,November,Spring,Sunday,12:00 - 13:59,Midday / afternoon,False,False,True,True
1373755,Injury,Serious Injury,2024,2024,November,Wednesday,14:00 - 15:59,TODMAN,AVE,0,Right on the spot,NUMBER 11,HN,KENSINGTON,7331.0,No,Not a school zone,2-way undivided,-33.904612,151.215489,Randwick,Sydney metro. area,Syd-Newc-Woll Gtr conurbation,Straight,,,,Off,Sealed,Dry,Fine,Daylight,Nil,No traffic controls,50 km/h,Regional,42,Leaving parking,401,Manov - Leaving parking,,Other angle,4 wheel drive / SUV,Motor scooter,2,0,1,0,0,11,November,Spring,Wednesday,14:00 - 15:59,Midday / afternoon,False,False,True,True
1373756,Injury,Serious Injury,2024,2024,December,Thursday,14:00 - 15:59,WANGI,RD,600,South,DORRINGTON,RD,RATHMINES,217.0,No,Not a school zone,2-way undivided,-33.040973,151.564353,Lake Macquarie,Newcastle met. area,Syd-Newc-Woll Gtr conurbation,Straight,Painted double centre lines,,,Off,Sealed,Dry,Fine,Daylight,Nil,No traffic controls,90 km/h,State,40,U turn,304,Same - U-turn,,Other angle,Station wagon,Light truck utility(from 2018),2,0,1,1,0,12,December,Summer,Thursday,14:00 - 15:59,Midday / afternoon,False,False,True,True
1373757,Injury,Moderate Injury,2024,2024,November,Wednesday,08:00 - 09:59,CENTRAL COAST,HWY,50,South,BUNGARY,RD,NORAH HEAD,30.0,No,Not a school zone,2-way undivided,-33.271403,151.560087,Central Coast,Country urban,Syd-Newc-Woll Gtr conurbation,Straight,,,,Off,Sealed,Dry,Fine,Daylight,Nil,No traffic controls,60 km/h,State,71,Off rd left => obj,703,Left off cway into object,,Vehicle - Object,Car (sedan/hatch),,1,0,0,1,0,11,November,Spring,Wednesday,08:00 - 09:59,AM peak / school commute,True,False,True,True
1373758,Injury,Moderate Injury,2024,2024,November,Friday,14:00 - 15:59,BRUXNER,HWY,0,Right on the spot,BRUXNER,CRES,GOONELLABAH,16.0,No,Not a school zone,T-junction,-28.814729,153.315023,Lismore,Country urban,Rest of NSW - Urban,Straight,Steep grade,,,Nil,Sealed,Dry,Fine,Daylight,Nil,No traffic controls,60 km/h,State,32,Right rear,303,Same - Rear right,,Rear end,Car (sedan/hatch),Car (sedan/hatch),2,0,0,1,0,11,November,Spring,Friday,14:00 - 15:59,Midday / afternoon,False,False,True,True
1373759,Injury,Serious Injury,2024,2024,December,Friday,06:00 - 07:59,YARALLA,ST,0,Right on the spot,NUMBER 61,HN,CONCORD WEST,,No,Not a school zone,2-way undivided,-33.850403,151.092356,Canada Bay,Sydney metro. area,Syd-Newc-Woll Gtr conurbation,Straight,,,,Off,Sealed,Dry,Fine,Dawn,Nil,No traffic controls,50 km/h,Local,63,Vehicle door,604,On path - Vehicle door,,Other angle,Pedal cycle,Light truck utility(from 2018),2,0,1,0,0,12,December,Summer,Friday,06:00 - 07:59,AM peak / school commute,True,False,True,True
1373760,Injury,Moderate Injury,2024,2024,December,Monday,08:00 - 09:59,WARRINGAH,EXP,100,West,MILLER STREET,OP,CAMMERAY,651.0,No,Not a school zone,Divided road,-33.823997,151.208957,North Sydney,Sydney metro. area,Syd-Newc-Woll Gtr conurbation,Straight,,Roadwks/Detour/Diverson,,Off,Sealed,Dry,Fine,Daylight,Nil,No traffic controls,80 km/h,State,73,Off rd rght => obj,704,Right off cway into obj,,Vehicle - Object,Motorcycle,,1,0,0,1,0,12,December,Summer,Monday,08:00 - 09:59,AM peak / school commute,True,False,True,True
1373762,Injury,Minor/Other Injury,2024,2024,November,Friday,14:00 - 15:59,CHURCH,ST,999999,Unknown/not stated,UNKNOWN,UK,RYDE,,No,Not a school zone,2-way undivided,-33.814665,151.104829,Ryde,Sydney metro. area,Syd-Newc-Woll Gtr conurbation,Straight,,,,Nil,Sealed,Dry,Overcast,Daylight,Nil,No traffic controls,50 km/h,Local,0,Ped nearside,1,Ped - Near side,,Vehicle - Pedestrian,Light truck utility(from 2018),Pedestrian,2,0,0,0,1,11,November,Spring,Friday,14:00 - 15:59,Midday / afternoon,False,False,True,True
1373763,Injury,Moderate Injury,2024,2024,December,Monday,08:00 - 09:59,EPPING,RD,0,Right on the spot,HERRING,RD,MARSFIELD,373.0,No,Not a school zone,X-intersection,-33.781673,151.113469,Ryde,Sydney metro. area,Syd-Newc-Woll Gtr conurbation,Straight,,,,Off,Sealed,Dry,Fine,Daylight,On,No traffic controls,70 km/h,State,33,Lane sideswipe,305,Same - Lane side swipe,,Other angle,Large rigid,Car (sedan/hatch),2,0,0,2,1,12,December,Summer,Monday,08:00 - 09:59,AM peak / school commute,True,False,True,True
1373765,Injury,Moderate Injury,2024,2024,November,Saturday,14:00 - 15:59,EDGEWORTH DAVID,AVE,50,East,WOONONA,AVE,WAHROONGA,2043.0,No,Not a school zone,2-way undivided,-33.708159,151.116091,Hornsby,Sydney metro. area,Syd-Newc-Woll Gtr conurbation,Straight,Painted double centre lines,,,Off,Sealed,Dry,Fine,Daylight,Nil,No traffic controls,60 km/h,Regional,20,Head on,201,Opp - Head on,,Head-on,Car (sedan/hatch),4 wheel drive / SUV,3,0,0,2,1,11,November,Spring,Saturday,14:00 - 15:59,Midday / afternoon,False,False,True,True
1373766,Injury,Serious Injury,2024,2024,October,Monday,10:00 - 11:59,SOUTH CREEK,RD,100,North,WHITES,RD,SHANES PARK,,No,Not a school zone,2-way undivided,-33.705495,150.771839,Blacktown,Sydney metro. area,Syd-Newc-Woll Gtr conurbation,Straight,,,,Nil,Sealed,Dry,Fine,Daylight,Nil,No traffic controls,70 km/h,Local,71,Off rd left => obj,703,Left off cway into object,,Vehicle - Object,Motorcycle,,1,0,1,0,0,10,October,Spring,Monday,10:00 - 11:59,Midday / afternoon,False,False,True,True
1373767,Injury,Moderate Injury,2024,2024,December,Wednesday,10:00 - 11:59,OCEAN BEACH,RD,0,Right on the spot,AUSTRALIA,AVE,UMINA BEACH,7752.0,No,Not a school zone,X-intersection,-33.517161,151.317412,Central Coast,Country urban,Syd-Newc-Woll Gtr conurbation,Straight,,,,Off,Sealed,Dry,Fine,Daylight,Nil,Give way sign,60 km/h,Regional,13,Right near,104,Adj - Right-thru from right,,Right angle,4 wheel drive / SUV,Motorcycle,2,0,0,1,0,12,December,Summer,Wednesday,10:00 - 11:59,Midday / afternoon,False,False,True,True
1373769,Injury,Serious Injury,2024,2024,December,Thursday,02:00 - 03:59,NEW CANTERBURY,RD,21,West,GARNET,ST,HURLSTONE PARK,167.0,No,Not a school zone,Divided road,-33.905662,151.1342,Canterbury-Bankstown,Sydney metro. area,Syd-Newc-Woll Gtr conurbation,Straight,,,,On,Sealed,Dry,Fine,Darkness,Nil,No traffic controls,60 km/h,State,71,Off rd left => obj,703,Left off cway into object,,Vehicle - Object,Motorcycle,,1,0,1,0,0,12,December,Summer,Thursday,02:00 - 03:59,Late night / early morning,False,False,True,True
1373771,Injury,Serious Injury,2024,2024,December,Wednesday,08:00 - 09:59,WAKEHURST,PKWY,250,North,OXFORD FALLS,RD,OXFORD FALLS,397.0,No,Not a school zone,2-way undivided,-33.732906,151.246955,Northern Beaches,Sydney metro. area,Syd-Newc-Woll Gtr conurbation,Straight,Painted double centre lines,,,Nil,Sealed,Dry,Fine,Daylight,Nil,No traffic controls,80 km/h,State,20,Head on,201,Opp - Head on,,Head-on,Car (sedan/hatch),Car (sedan/hatch),3,0,2,1,0,12,December,Summer,Wednesday,08:00 - 09:59,AM peak / school commute,True,False,True,True
1373772,Injury,Serious Injury,2024,2024,November,Sunday,12:00 - 13:59,LEWIS,ST,0,Right on the spot,NUMBER 15,HN,SOUTH WENTWORTHVILLE,,No,Not a school zone,2-way undivided,-33.824173,150.973723,Cumberland,Sydney metro. area,Syd-Newc-Woll Gtr conurbation,Straight,,,,Nil,Sealed,Dry,Fine,Daylight,Nil,No traffic controls,50 km/h,Local,71,Off rd left => obj,703,Left off cway into object,,Other angle,Car (sedan/hatch),4 wheel drive / SUV,2,0,1,0,0,11,November,Spring,Sunday,12:00 - 13:59,Midday / afternoon,False,False,True,True
1373774,Injury,Serious Injury,2024,2024,November,Thursday,20:00 - 21:59,MANNING POINT,RD,950,North,BEACH,RD,MITCHELLS ISLAND,,Yes,No,2-way undivided,-31.89729,152.612702,Mid-Coast,Country urban,Rest of NSW - Urban,Curved,Painted double centre lines,,,Nil,Sealed,Dry,Fine,Darkness,Nil,No traffic controls,70 km/h,Local,20,Head on,201,Opp - Head on,,Head-on,Car (sedan/hatch),4 wheel drive / SUV,2,0,3,0,0,11,November,Spring,Thursday,20:00 - 21:59,Evening / night,False,False,True,True
1373775,Injury,Moderate Injury,2024,2024,November,Saturday,14:00 - 15:59,JOHNSTON,RD,0,Right on the spot,REX,RD,GEORGES HALL,,No,Not a school zone,Roundabout,-33.903514,150.994774,Canterbury-Bankstown,Sydney metro. area,Syd-Newc-Woll Gtr conurbation,Straight,,,,Nil,Sealed,Dry,Fine,Daylight,Nil,Give way sign,50 km/h,Local,10,Cross traffic,101,Adj - Cross traffic,,Right angle,Unknown motor vehicle,Motor scooter,2,0,0,1,0,11,November,Spring,Saturday,14:00 - 15:59,Midday / afternoon,False,False,True,True
1373776,Injury,Moderate Injury,2024,2024,November,Wednesday,20:00 - 21:59,CENTRAL COAST,HWY,0,Right on the spot,RAYS,RD,BATEAU BAY,30.0,No,Not a school zone,T-junction,-33.385697,151.472515,Central Coast,Country urban,Syd-Newc-Woll Gtr conurbation,Straight,Steep grade,,,On,Sealed,Wet,Fine,Darkness,Nil,Stop sign,60 km/h,State,13,Right near,104,Adj - Right-thru from right,,Right angle,Car (sedan/hatch),Motor scooter,2,0,0,1,0,11,November,Spring,Wednesday,20:00 - 21:59,Evening / night,False,False,True,True
1373778,Injury,Serious Injury,2024,2024,November,Sunday,22:00 - Midnight,CUMBERLAND,HWY,0,Right on the spot,POLDING STREET,OP,FAIRFIELD WEST,13.0,No,Not a school zone,Divided road,-33.86047,150.927724,Fairfield,Sydney metro. area,Syd-Newc-Woll Gtr conurbation,Curved,Other bridge,,,Nil,Sealed,Dry,Fine,Darkness,Nil,No traffic controls,70 km/h,State,66,Object on road,607,On path - Hit temp object,,Vehicle - Object,Motorcycle,,1,0,1,0,0,11,November,Spring,Sunday,22:00 - Midnight,Evening / night,False,False,True,True
1373781,Injury,Serious Injury,2024,2024,November,Saturday,14:00 - 15:59,KOSCIUSZKO,RD,870,West,ROCKY PLAIN,RD,COOTRALANTRA,286.0,No,Not a school zone,2-way undivided,-36.320602,148.891596,Snowy Monaro Regional,Country non-urban,Rest of NSW - Rural,Curved,,,,Nil,Sealed,Dry,Fine,Daylight,Nil,No traffic controls,100 km/h,State,87,Off lft/lft bnd=>obj,804,Off left bend into obj,Left,Vehicle - Object,4 wheel drive / SUV,,1,0,1,0,0,11,November,Spring,Saturday,14:00 - 15:59,Midday / afternoon,False,False,True,True
1373783,Injury,Moderate Injury,2024,2024,December,Wednesday,10:00 - 11:59,OXFORD,ST,0,Right on the spot,NUMBER 18,HN,KINGSCLIFF,,No,Not a school zone,2-way undivided,-28.264364,153.572829,Tweed,Country urban,Rest of NSW - Urban,Curved,Driveway/entrance,,,Nil,Sealed,Dry,Fine,Daylight,Nil,No traffic controls,50 km/h,Local,21,Right through,202,Opp - Right-thru,,Other angle,Car (sedan/hatch),4 wheel drive / SUV,2,0,0,1,0,12,December,Summer,Wednesday,10:00 - 11:59,Midday / afternoon,False,False,True,True
1373784,Injury,Minor/Other Injury,2024,2024,November,Wednesday,14:00 - 15:59,HILL,ST,0,Right on the spot,PRINCE,ST,ORANGE,,No,Not a school zone,Roundabout,-33.276402,149.095156,Orange,Country urban,Rest of NSW - Urban,Straight,,,,Nil,Sealed,Dry,Overcast,Daylight,Nil,Give way sign,50 km/h,Local,71,Off rd left => obj,703,Left off cway into object,,Other angle,Light truck,4 wheel drive / SUV,2,0,0,0,1,11,November,Spring,Wednesday,14:00 - 15:59,Midday / afternoon,False,False,True,True
1373785,Injury,Moderate Injury,2024,2024,December,Thursday,14:00 - 15:59,LAKE,RD,10,South,HENLEY,ST,WALLSEND,217.0,No,Not a school zone,T-junction,-32.912764,151.661301,Newcastle,Newcastle met. area,Syd-Newc-Woll Gtr conurbation,Straight,,,,Off,Sealed,Dry,Fine,Daylight,Nil,Give way sign,70 km/h,State,30,Rear end,301,Same - Rear end,,Rear end,4 wheel drive / SUV,Car (sedan/hatch),2,0,0,1,0,12,December,Summer,Thursday,14:00 - 15:59,Midday / afternoon,False,False,True,True
1373786,Injury,Moderate Injury,2024,2024,December,Sunday,14:00 - 15:59,FOREST,RD,0,Right on the spot,GLOUCESTER,RD,HURSTVILLE,168.0,No,Not a school zone,T-junction,-33.965082,151.098733,Georges River,Sydney metro. area,Syd-Newc-Woll Gtr conurbation,Straight,,,,Off,Sealed,Dry,Fine,Daylight,On,Ped crossing,60 km/h,State,0,Ped nearside,1,Ped - Near side,,Vehicle - Pedestrian,4 wheel drive / SUV,Pedestrian,2,0,0,1,0,12,December,Summer,Sunday,14:00 - 15:59,Midday / afternoon,False,False,True,True
1373787,Injury,Serious Injury,2024,2024,November,Thursday,20:00 - 21:59,RAILWAY,PDE,0,Right on the spot,CANLEY VALE,RD,CANLEY VALE,7233.0,No,Not a school zone,T-junction,-33.887311,150.943315,Fairfield,Sydney metro. area,Syd-Newc-Woll Gtr conurbation,Straight,,,,On,Sealed,Dry,Fine,Darkness,On,No traffic controls,60 km/h,Regional,21,Right through,202,Opp - Right-thru,,Other angle,4 wheel drive / SUV,Station wagon,2,0,2,0,0,11,November,Spring,Thursday,20:00 - 21:59,Evening / night,False,False,True,True
1373788,Injury,Moderate Injury,2024,2024,December,Sunday,04:00 - 05:59,CARRINGTON,ST,10,East,HANLAN,ST,NARARA,,No,Not a school zone,T-junction,-33.400714,151.338979,Central Coast,Country urban,Syd-Newc-Woll Gtr conurbation,Straight,,,,On,Sealed,Dry,Fine,Darkness,Nil,Give way sign,50 km/h,Local,71,Off rd left => obj,703,Left off cway into object,,Vehicle - Object,4 wheel drive / SUV,,1,0,0,1,0,12,December,Summer,Sunday,04:00 - 05:59,Late night / early morning,False,False,True,True
1373789,Injury,Moderate Injury,2024,2024,December,Sunday,14:00 - 15:59,BYRON,RD,0,Right on the spot,INGLEBURN,RD,LEPPINGTON,,No,Not a school zone,X-intersection,-33.965654,150.810087,Camden,Sydney metro. area,Syd-Newc-Woll Gtr conurbation,Straight,,,,Off,Sealed,Dry,Fine,Daylight,Nil,Stop sign,70 km/h,Local,10,Cross traffic,101,Adj - Cross traffic,,Right angle,Light truck utility(from 2018),4 wheel drive / SUV,2,0,0,1,0,12,December,Summer,Sunday,14:00 - 15:59,Midday / afternoon,False,False,True,True