crash_id,degree_of_crash,degree_of_crash_-_detailed,reporting_year,year_of_crash,month_of_crash,day_of_week_of_crash,two-hour_intervals,street_of_crash,street_type,distance,direction,identifying_feature,identifying_feature_type,town,route_no.,school_zone_location,school_zone_active,type_of_location,latitude,longitude,lga,urbanisation,conurbation_1,alignment,primary_permanent_feature,primary_temporary_feature,primary_hazardous_feature,street_lighting,road_surface,surface_condition,weather,natural_lighting,signals_operation,other_traffic_control,speed_limit,road_classification_(admin),rum_-_code,rum_-_description,dca_-_code,dca_-_description,dca_supplement,first_impact_type,key_tu_type,other_tu_type,no._of_traffic_units_involved,no._killed,no._seriously_injured,no._moderately_injured,no._minor-other_injured,month_num,month_label,season,day_label,time_label,time_band,is_peak_commute,is_fatal,is_injury,is_casualty
1373793,Injury,Moderate Injury,2024,2024,November,Wednesday,18:00 - 19:59,SOUTH,ST,10,West,RICHMOND,RD,MARSDEN PARK,537.0,No,Not a school zone,X-intersection,-33.707069,150.838865,Blacktown,Sydney metro. area,Syd-Newc-Woll Gtr conurbation,Straight,,,,Nil,Sealed,Wet,Overcast,Dusk,Unknown / not stated,No traffic controls,80 km/h,State,74,On road-out of cont.,705,Out of control on cway,,Rollover,Motorcycle,,1,0,0,1,0,11,November,Spring,Wednesday,18:00 - 19:59,PM peak / evening commute,True,False,True,True
1373794,Injury,Minor/Other Injury,2024,2024,September,Sunday,12:00 - 13:59,WATTLE,ST,0,Right on the spot,MACARTHUR,ST,ULTIMO,594.0,No,Not a school zone,X-intersection,-33.880524,151.196561,Sydney,Sydney metro. area,Syd-Newc-Woll Gtr conurbation,Straight,,,,Off,Sealed,Dry,Fine,Daylight,Nil,Stop sign,40 km/h,State,0,Ped nearside,1,Ped - Near side,,Vehicle - Pedestrian,Car (sedan/hatch),Pedestrian,2,0,0,0,1,9,September,Spring,Sunday,12:00 - 13:59,Midday / afternoon,False,False,True,True
1373796,Injury,Serious Injury,2024,2024,December,Wednesday,14:00 - 15:59,CULLENDULLA,DR,0,Right on the spot,KETTLE,RD,LONG BEACH,7629.0,No,Not a school zone,T-junction,-35.681763,150.216141,Eurobodalla,Country urban,Rest of NSW - Urban,Straight,,,,Off,Sealed,Dry,Fine,Daylight,Nil,Give way sign,80 km/h,Regional,37,Left turn sideswipe,309,Same - Left turn side swipe,,Other angle,Large rigid,Car (sedan/hatch),2,0,1,0,0,12,December,Summer,Wednesday,14:00 - 15:59,Midday / afternoon,False,False,True,True
1373798,Injury,Serious Injury,2024,2024,November,Sunday,10:00 - 11:59,WATERFALL,WAY,0,Right on the spot,THORA GENERAL STORE,ENT,THORA,76.0,No,Not a school zone,2-way undivided,-30.424791,152.778393,Bellingen,Country urban,Rest of NSW - Urban,Straight,Driveway/entrance,Roadwks/Detour/Diverson,,Nil,Sealed,Dry,Fine,Daylight,Nil,No traffic controls,50 km/h,State,47,Emerging from drive,406,Manov - Emerging from driveway,,Right angle,Station wagon,Motorcycle,3,0,2,0,0,11,November,Spring,Sunday,10:00 - 11:59,Midday / afternoon,False,False,True,True
1373800,Injury,Serious Injury,2024,2024,October,Sunday,08:00 - 09:59,ROCKY POINT,RD,0,Right on the spot,RUSSELL,AVE,SANS SOUCI,199.0,No,Not a school zone,T-junction,-33.992691,151.131727,Georges River,Sydney metro. area,Syd-Newc-Woll Gtr conurbation,Straight,,,,Off,Sealed,Dry,Fine,Daylight,On,No traffic controls,70 km/h,State,74,On road-out of cont.,705,Out of control on cway,,Rollover,Motorcycle,,1,0,1,0,0,10,October,Spring,Sunday,08:00 - 09:59,AM peak / school commute,True,False,True,True
1373803,Injury,Serious Injury,2024,2024,December,Tuesday,16:00 - 17:59,LACHLAN VALLEY,WAY,35000,East,BOOLIGAL,TN,GUNBAR,501.0,No,Not a school zone,2-way undivided,-33.728798,145.220722,Carrathool,Country non-urban,Rest of NSW - Rural,Straight,Embankment/cutting,,,Nil,Unsealed,Dry,Fine,Daylight,Nil,No traffic controls,100 km/h,Regional,70,Off road to left,701,Off carriageway to left,,Rollover,Light truck utility(from 2018),,1,0,1,0,1,12,December,Summer,Tuesday,16:00 - 17:59,PM peak / evening commute,True,False,True,True
1373805,Injury,Serious Injury,2024,2024,October,Friday,14:00 - 15:59,ROBERTS,RD,0,Right on the spot,RAWSON,RD,GREENACRE,200.0,No,Not a school zone,X-intersection,-33.903464,151.064374,Canterbury-Bankstown,Sydney metro. area,Syd-Newc-Woll Gtr conurbation,Straight,,,,On,Sealed,Dry,Fine,Daylight,On,No traffic controls,70 km/h,State,10,Cross traffic,101,Adj - Cross traffic,,Right angle,4 wheel drive / SUV,Light truck utility(from 2018),4,0,2,1,0,10,October,Spring,Friday,14:00 - 15:59,Midday / afternoon,False,False,True,True
1373807,Injury,Minor/Other Injury,2024,2024,December,Saturday,16:00 - 17:59,EDINBURGH,RD,37,East,SYDNEY STEEL,RD,MARRICKVILLE,,No,Not a school zone,2-way undivided,-33.908593,151.171849,Inner West,Sydney metro. area,Syd-Newc-Woll Gtr conurbation,Curved,Driveway/entrance,,,Nil,Sealed,Dry,Fine,Daylight,Nil,Ped crossing,50 km/h,Local,47,Emerging from drive,406,Manov - Emerging from driveway,,Right angle,Car (sedan/hatch),Pedal cycle,2,0,0,0,1,12,December,Summer,Saturday,16:00 - 17:59,PM peak / evening commute,True,False,True,True
1373811,Injury,Minor/Other Injury,2024,2024,November,Saturday,10:00 - 11:59,MERRICUMBENE,TRL,2000,North,BENDETHERA,TRL,DEUA,,No,Not a school zone,2-way undivided,-35.933332,149.796042,Eurobodalla,Country non-urban,Rest of NSW - Rural,Straight,Steep grade,,,Nil,Unsealed,Dry,Fine,Daylight,Nil,No traffic controls,100 km/h,Local,71,Off rd left => obj,703,Left off cway into object,,Vehicle - Object,Motorcycle,,1,0,0,0,1,11,November,Spring,Saturday,10:00 - 11:59,Midday / afternoon,False,False,True,True
1373816,Injury,Serious Injury,2024,2024,November,Sunday,10:00 - 11:59,PETER MEADOWS,RD,1000,East,GEORGES RIVER,RD,KENTLYN,,No,Not a school zone,2-way undivided,-34.055589,150.854935,Campbelltown,Sydney metro. area,Syd-Newc-Woll Gtr conurbation,Curved,Painted double centre lines,,,Nil,Sealed,Dry,Unknown,Daylight,Nil,No traffic controls,60 km/h,Local,20,Head on,201,Opp - Head on,,Head-on,Light truck utility(from 2018),4 wheel drive / SUV,2,0,1,1,0,11,November,Spring,Sunday,10:00 - 11:59,Midday / afternoon,False,False,True,True
1373819,Injury,Serious Injury,2024,2024,November,Monday,10:00 - 11:59,ILLABO,RD,40,North,REGENT,ST,JUNEE,,No,Not a school zone,2-way undivided,-34.859381,147.585271,Junee,Country urban,Rest of NSW - Urban,Straight,,,,Nil,Sealed,Dry,Fine,Daylight,Nil,No traffic controls,50 km/h,Local,71,Off rd left => obj,703,Left off cway into object,,Vehicle - Object,Car (sedan/hatch),,1,0,1,0,0,11,November,Spring,Monday,10:00 - 11:59,Midday / afternoon,False,False,True,True
1373820,Injury,Moderate Injury,2024,2024,November,Thursday,00:01 - 01:59,PACIFIC,HWY,200,North,DARHI MILGIRR,RD,HARWOOD,10.0,No,Not a school zone,Other,-29.422697,153.242062,Clarence Valley,Country urban,Rest of NSW - Urban,Curved,Ditch/drain/culvert,,,On,Sealed,Dry,Fine,Darkness,Nil,No traffic controls,60 km/h,State,87,Off lft/lft bnd=>obj,804,Off left bend into obj,Left,Vehicle - Object,Car (sedan/hatch),,1,0,0,1,0,11,November,Spring,Thursday,00:01 - 01:59,Late night / early morning,False,False,True,True
1373822,Injury,Serious Injury,2024,2024,November,Wednesday,08:00 - 09:59,VICTORIA,RD,0,Right on the spot,WESTBOURNE,ST,DRUMMOYNE,165.0,No,Not a school zone,T-junction,-33.847322,151.151901,Canada Bay,Sydney metro. area,Syd-Newc-Woll Gtr conurbation,Straight,,,,On,Sealed,Wet,Fine,Daylight,On,Ped crossing,60 km/h,State,39,Other same direction,300,Same - other,,Other angle,Motorcycle,Car (sedan/hatch),2,0,1,0,0,11,November,Spring,Wednesday,08:00 - 09:59,AM peak / school commute,True,False,True,True
1373827,Injury,Moderate Injury,2024,2024,November,Friday,10:00 - 11:59,GOLLAN,DR,0,Right on the spot,LAKES,DR,TWEED HEADS WEST,,No,Not a school zone,Roundabout,-28.193531,153.507481,Tweed,Country urban,Rest of NSW - Urban,Straight,,,,Nil,Sealed,Wet,Raining,Daylight,Nil,Give way sign,50 km/h,Local,10,Cross traffic,101,Adj - Cross traffic,,Right angle,Light truck,Car (sedan/hatch),2,0,0,1,0,11,November,Spring,Friday,10:00 - 11:59,Midday / afternoon,False,False,True,True
1373828,Injury,Serious Injury,2024,2024,November,Saturday,14:00 - 15:59,EIGHTH,AVE,0,Right on the spot,FOURTH,AVE,AUSTRAL,,No,Not a school zone,X-intersection,-33.937974,150.80467,Liverpool,Sydney metro. area,Syd-Newc-Woll Gtr conurbation,Straight,,Roadwks/Detour/Diverson,,Off,Sealed,Dry,Overcast,Daylight,Nil,Give way sign,40 km/h,Local,10,Cross traffic,101,Adj - Cross traffic,,Right angle,4 wheel drive / SUV,4 wheel drive / SUV,3,0,3,2,0,11,November,Spring,Saturday,14:00 - 15:59,Midday / afternoon,False,False,True,True
1373829,Injury,Moderate Injury,2024,2024,November,Monday,22:00 - Midnight,OALLEN FORD,RD,4400,North,JACQUA,RD,BUNGONIA,,No,Not a school zone,2-way undivided,-34.93296,149.936289,Goulburn Mulwaree,Country urban,Rest of NSW - Urban,Curved,Painted double centre lines,,,Nil,Sealed,Dry,Fine,Darkness,Nil,No traffic controls,80 km/h,Local,85,Off rt/lft bnd=>obj,804,Off left bend into obj,Right,Vehicle - Object,Light truck utility(from 2018),,1,0,0,1,0,11,November,Spring,Monday,22:00 - Midnight,Evening / night,False,False,True,True
1373830,Injury,Moderate Injury,2024,2024,December,Sunday,10:00 - 11:59,MITCHELL,HWY,5000,East,BENI,ST,GEURIE,7.0,No,Not a school zone,2-way undivided,-32.363341,148.797336,Dubbo Regional,Country non-urban,Rest of NSW - Rural,Straight,Steep grade,,,Nil,Sealed,Dry,Fine,Daylight,Nil,No traffic controls,110 km/h,State,71,Off rd left => obj,703,Left off cway into object,,Vehicle - Object,Car (sedan/hatch),,1,0,0,1,0,12,December,Summer,Sunday,10:00 - 11:59,Midday / afternoon,False,False,True,True
1373835,Injury,Serious Injury,2024,2024,November,Tuesday,08:00 - 09:59,PICTON,RD,650,West,MT OUSLEY ROAD,OP,CATARACT,95.0,No,Not a school zone,Divided road,-34.363576,150.852616,Wollongong,Wollongong met. area,Syd-Newc-Woll Gtr conurbation,Straight,Steep grade,,,Off,Sealed,Wet,Raining,Daylight,Nil,No traffic controls,80 km/h,State,30,Rear end,301,Same - Rear end,,Rear end,Motorcycle,Light truck utility(from 2018),2,0,1,0,0,11,November,Spring,Tuesday,08:00 - 09:59,AM peak / school commute,True,False,True,True
1373840,Injury,Moderate Injury,2024,2024,November,Monday,10:00 - 11:59,MANDALONG,RD,150,East,DEAVES,RD,MANDALONG,,No,Not a school zone,2-way undivided,-33.118522,151.448277,Lake Macquarie,Newcastle met. area,Syd-Newc-Woll Gtr conurbation,Curved,,,,Nil,Sealed,Wet,Raining,Daylight,Nil,No traffic controls,80 km/h,Local,81,Off left/rt bnd=>obj,803,Off right bend into obj,Left,Vehicle - Object,4 wheel drive / SUV,,1,0,0,1,0,11,November,Spring,Monday,10:00 - 11:59,Midday / afternoon,False,False,True,True
1373843,Injury,Moderate Injury,2024,2024,November,Friday,14:00 - 15:59,SPIT,RD,0,Right on the spot,CENTRAL,AVE,MOSMAN,164.0,No,Not a school zone,T-junction,-33.814132,151.243817,Mosman,Sydney metro. area,Syd-Newc-Woll Gtr conurbation,Straight,,,,Off,Sealed,Dry,Fine,Daylight,Nil,No entry/wrong way,60 km/h,State,16,Left near,107,Adj - Left-thru from right,,Right angle,Light truck,4 wheel drive / SUV,3,0,0,1,0,11,November,Spring,Friday,14:00 - 15:59,Midday / afternoon,False,False,True,True
1373844,Injury,Serious Injury,2024,2024,November,Saturday,20:00 - 21:59,BOREE CREEK,RD,15000,East,FEDERATION,WAY,URANA,,No,Not a school zone,2-way undivided,-35.226284,146.39737,Federation,Country non-urban,Rest of NSW - Rural,Straight,,,,Nil,Sealed,Dry,Fine,Darkness,Nil,No traffic controls,100 km/h,Local,70,Off road to left,701,Off carriageway to left,,Rollover,Light truck utility(from 2018),,1,0,1,0,0,11,November,Spring,Saturday,20:00 - 21:59,Evening / night,False,False,True,True
1373846,Injury,Moderate Injury,2024,2024,November,Thursday,22:00 - Midnight,SUSSEX,ST,10,South,ERSKINE,ST,SYDNEY,,No,Not a school zone,X-intersection,-33.866925,151.203396,Sydney,Sydney metro. area,Syd-Newc-Woll Gtr conurbation,Straight,,,,On,Sealed,Dry,Fine,Darkness,On,No traffic controls,40 km/h,Local,30,Rear end,301,Same - Rear end,,Rear end,Light truck utility(from 2018),Car (sedan/hatch),3,0,0,2,0,11,November,Spring,Thursday,22:00 - Midnight,Evening / night,False,False,True,True
1373850,Injury,Moderate Injury,2024,2024,November,Tuesday,10:00 - 11:59,HUME,HWY,220,North,ANNIE PYERS,DR,GUNDAGAI,2.0,No,Not a school zone,Divided road,-35.001924,148.112361,Cootamundra-Gundagai,Country non-urban,Rest of NSW - Rural,Straight,,,,Nil,Sealed,Dry,Overcast,Daylight,Nil,No traffic controls,110 km/h,State,30,Rear end,301,Same - Rear end,,Rear end,4 wheel drive / SUV,Light truck utility(from 2018),2,0,0,1,1,11,November,Spring,Tuesday,10:00 - 11:59,Midday / afternoon,False,False,True,True
1373851,Injury,Moderate Injury,2024,2024,October,Sunday,12:00 - 13:59,HUME,HWY,95,South,LIVERPOOL,ST,CABRAMATTA,2.0,No,Not a school zone,Divided road,-33.903274,150.943374,Fairfield,Sydney metro. area,Syd-Newc-Woll Gtr conurbation,Curved,Driveway/entrance,,,Nil,Sealed,Dry,Fine,Daylight,Nil,No traffic controls,70 km/h,State,47,Emerging from drive,406,Manov - Emerging from driveway,,Right angle,Car (sedan/hatch),Car (sedan/hatch),2,0,0,1,0,10,October,Spring,Sunday,12:00 - 13:59,Midday / afternoon,False,False,True,True
1373853,Injury,Serious Injury,2024,2024,November,Friday,22:00 - Midnight,OCEAN,ST,100,West,DAVIES,ST,MOLLYMOOK,,No,Not a school zone,2-way undivided,-35.338741,150.469862,Shoalhaven,Country urban,Rest of NSW - Urban,Straight,Steep grade,,,On,Sealed,Wet,Raining,Darkness,Nil,No traffic controls,50 km/h,Local,42,Leaving parking,401,Manov - Leaving parking,,Other angle,Car (sedan/hatch),Pedal cycle,2,0,1,0,0,11,November,Spring,Friday,22:00 - Midnight,Evening / night,False,False,True,True
1373857,Injury,Moderate Injury,2024,2024,November,Tuesday,10:00 - 11:59,KISSING POINT,RD,0,Right on the spot,STURT,ST,DUNDAS,574.0,No,Not a school zone,T-junction,-33.798835,151.046463,Parramatta,Sydney metro. area,Syd-Newc-Woll Gtr conurbation,Straight,,,,Off,Sealed,Dry,Fine,Daylight,On,No traffic controls,60 km/h,State,13,Right near,104,Adj - Right-thru from right,,Right angle,Car (sedan/hatch),Car (sedan/hatch),2,0,0,1,1,11,November,Spring,Tuesday,10:00 - 11:59,Midday / afternoon,False,False,True,True
1373859,Injury,Moderate Injury,2024,2024,December,Monday,12:00 - 13:59,BRUCE,ST,0,Right on the spot,QUARRY,ST,EAST MAITLAND,,No,Not a school zone,X-intersection,-32.755858,151.596957,Maitland,Country urban,Rest of NSW - Urban,Straight,,,,Nil,Sealed,Dry,Fine,Daylight,Nil,Give way sign,50 km/h,Local,10,Cross traffic,101,Adj - Cross traffic,,Right angle,Motorised push scooters,4 wheel drive / SUV,2,0,0,1,0,12,December,Summer,Monday,12:00 - 13:59,Midday / afternoon,False,False,True,True
1373868,Injury,Moderate Injury,2024,2024,November,Friday,04:00 - 05:59,CAMPBELL,PDE,0,Right on the spot,HALL,ST,BONDI BEACH,,No,Not a school zone,T-junction,-33.891363,151.274085,Waverley,Sydney metro. area,Syd-Newc-Woll Gtr conurbation,Straight,,,,On,Sealed,Dry,Fine,Darkness,On,No traffic controls,40 km/h,Local,30,Rear end,301,Same - Rear end,,Rear end,Motorcycle,Motorcycle,2,0,0,1,1,11,November,Spring,Friday,04:00 - 05:59,Late night / early morning,False,False,True,True
1373869,Injury,Moderate Injury,2024,2024,November,Monday,04:00 - 05:59,STATION,RD,0,Right on the spot,TOLLIS,PL,SEVEN HILLS,7152.0,No,Not a school zone,Roundabout,-33.779016,150.946544,Blacktown,Sydney metro. area,Syd-Newc-Woll Gtr conurbation,Curved,,,,On,Sealed,Dry,Fine,Darkness,Nil,Give way sign,60 km/h,Regional,49,Other manoeuvring,400,Manov - other,,Other angle,Car (sedan/hatch),Pedal cycle,2,0,0,1,0,11,November,Spring,Monday,04:00 - 05:59,Late night / early morning,False,False,True,True
1373870,Injury,Moderate Injury,2024,2024,October,Saturday,16:00 - 17:59,BROUGHTON,ST,10,North,FITZROY,ST,KIRRIBILLI,,No,Not a school zone,X-intersection,-33.847301,151.212938,North Sydney,Sydney metro. area,Syd-Newc-Woll Gtr conurbation,Straight,,,,Off,Sealed,Dry,Fine,Dusk,On,No traffic controls,50 km/h,Local,45,Reversing,404,Manov - Reverse in traffic,,Other angle,4 wheel drive / SUV,Pedal cycle,2,0,0,1,0,10,October,Spring,Saturday,16:00 - 17:59,PM peak / evening commute,True,False,True,True
1373871,Injury,Serious Injury,2024,2024,November,Sunday,08:00 - 09:59,PRINCES,HWY,200,North,OLD PRINCES,HWY,ENGADINE,1.0,No,Not a school zone,Divided road,-34.073083,151.011736,Sutherland,Sydney metro. area,Syd-Newc-Woll Gtr conurbation,Straight,,,,Nil,Sealed,Dry,Fine,Daylight,Nil,No traffic controls,70 km/h,State,60,Parked,601,On path - Parked,,Other angle,Pedal cycle,Station wagon,2,0,1,0,0,11,November,Spring,Sunday,08:00 - 09:59,AM peak / school commute,True,False,True,True
1373873,Injury,Minor/Other Injury,2024,2024,October,Thursday,06:00 - 07:59,GANNONS,RD,0,Right on the spot,NUMBER 206,HN,CARINGBAH SOUTH,,No,Not a school zone,2-way undivided,-34.046121,151.132823,Sutherland,Sydney metro. area,Syd-Newc-Woll Gtr conurbation,Straight,Driveway/entrance,,,Off,Sealed,Dry,Fine,Daylight,Nil,No traffic controls,50 km/h,Local,47,Emerging from drive,406,Manov - Emerging from driveway,,Right angle,Light truck utility(from 2018),Pedal cycle,2,0,0,0,1,10,October,Spring,Thursday,06:00 - 07:59,AM peak / school commute,True,False,True,True
1373879,Injury,Moderate Injury,2024,2024,October,Monday,12:00 - 13:59,MARY GILMORE,WAY,0,Right on the spot,NUMBER 2159,HN,BARMEDMAN,398.0,No,Not a school zone,2-way undivided,-34.161231,147.610963,Temora,Country non-urban,Rest of NSW - Rural,Straight,Ditch/drain/culvert,,,Nil,Sealed,Dry,Fine,Daylight,Nil,No traffic controls,100 km/h,Regional,73,Off rd rght => obj,704,Right off cway into obj,,Vehicle - Object,Car (sedan/hatch),,1,0,0,1,0,10,October,Spring,Monday,12:00 - 13:59,Midday / afternoon,False,False,True,True
1373881,Injury,Moderate Injury,2024,2024,November,Friday,16:00 - 17:59,WILLIAM,ST,10,West,TASKER,AVE,KINGSGROVE,2021.0,No,Not a school zone,T-junction,-33.92824,151.105562,Canterbury-Bankstown,Sydney metro. area,Syd-Newc-Woll Gtr conurbation,Straight,,,,Nil,Sealed,Dry,Fine,Daylight,Nil,No traffic controls,50 km/h,Regional,30,Rear end,301,Same - Rear end,,Rear end,Car (sedan/hatch),Car (sedan/hatch),2,0,0,1,0,11,November,Spring,Friday,16:00 - 17:59,PM peak / evening commute,True,False,True,True
1373884,Injury,Moderate Injury,2024,2024,December,Friday,20:00 - 21:59,GLEN WILLIAM,RD,0,Right on the spot,PINE BRUSH,RD,GLEN WILLIAM,,No,Not a school zone,T-junction,-32.521577,151.797806,Dungog,Country urban,Rest of NSW - Urban,Curved,,,,Nil,Sealed,Dry,Fine,Darkness,Nil,No traffic controls,80 km/h,Local,85,Off rt/lft bnd=>obj,804,Off left bend into obj,Right,Vehicle - Object,4 wheel drive / SUV,,1,0,0,1,0,12,December,Summer,Friday,20:00 - 21:59,Evening / night,False,False,True,True
1373886,Injury,Moderate Injury,2024,2024,December,Tuesday,14:00 - 15:59,SPRINGWOOD,ST,0,Right on the spot,WALLABY,ST,BLACKWALL,,No,Not a school zone,X-intersection,-33.504021,151.328279,Central Coast,Country urban,Syd-Newc-Woll Gtr conurbation,Straight,,,,Off,Sealed,Dry,Fine,Daylight,Nil,Give way sign,50 km/h,Local,10,Cross traffic,101,Adj - Cross traffic,,Right angle,Station wagon,Motor scooter,2,0,0,1,0,12,December,Summer,Tuesday,14:00 - 15:59,Midday / afternoon,False,False,True,True
1373890,Injury,Serious Injury,2024,2024,December,Wednesday,10:00 - 11:59,PITTWATER,RD,0,Right on the spot,CROSS,ST,BROOKVALE,164.0,No,Not a school zone,T-junction,-33.766054,151.269539,Northern Beaches,Sydney metro. area,Syd-Newc-Woll Gtr conurbation,Straight,,,,Nil,Sealed,Dry,Fine,Daylight,On,No traffic controls,60 km/h,State,30,Rear end,301,Same - Rear end,,Rear end,Car (sedan/hatch),Pedal cycle,2,0,1,0,0,12,December,Summer,Wednesday,10:00 - 11:59,Midday / afternoon,False,False,True,True
1373900,Injury,Moderate Injury,2024,2024,October,Wednesday,20:00 - 21:59,NEW ENGLAND,HWY,200,South,BOLIVIA SIDING,RD,BOLIVIA,9.0,No,Not a school zone,2-way undivided,-29.300659,151.948324,Tenterfield,Country non-urban,Rest of NSW - Rural,Straight,,,,Nil,Sealed,Dry,Fine,Darkness,Nil,No traffic controls,100 km/h,State,67,Struck animal,609,On path - Hit animal,,Vehicle - Animal,Light truck utility(from 2018),,1,0,0,1,0,10,October,Spring,Wednesday,20:00 - 21:59,Evening / night,False,False,True,True
1373901,Injury,Moderate Injury,2024,2024,December,Thursday,12:00 - 13:59,THE TERRACE,MS,0,Right on the spot,NUMBER 44,HN,WINDSOR,,No,Not a school zone,2-way undivided,-33.605175,150.818859,Hawkesbury,Country urban,Syd-Newc-Woll Gtr conurbation,Straight,,,,Unknown / not stated,Sealed,Dry,Fine,Daylight,Nil,No traffic controls,50 km/h,Local,30,Rear end,301,Same - Rear end,,Rear end,4 wheel drive / SUV,Car (sedan/hatch),4,0,0,1,0,12,December,Summer,Thursday,12:00 - 13:59,Midday / afternoon,False,False,True,True
1373904,Injury,Serious Injury,2024,2024,November,Saturday,20:00 - 21:59,FORESHOREZ,RD,50,West,BOTANY,RD,BANKSMEADOW,617.0,No,Not a school zone,Divided road,-33.961752,151.214054,Bayside,Sydney metro. area,Syd-Newc-Woll Gtr conurbation,Straight,,,,Nil,Sealed,Wet,Overcast,Darkness,Nil,No traffic controls,70 km/h,State,30,Rear end,301,Same - Rear end,,Rear end,Car (sedan/hatch),Motorcycle,2,0,1,0,0,11,November,Spring,Saturday,20:00 - 21:59,Evening / night,False,False,True,True
1373907,Injury,Serious Injury,2024,2024,July,Tuesday,22:00 - Midnight,WILLOUGHBY,RD,20,North,PENKIVIL,ST,WILLOUGHBY,641.0,No,Not a school zone,2-way undivided,-33.805515,151.199181,Willoughby,Sydney metro. area,Syd-Newc-Woll Gtr conurbation,Straight,,,,On,Sealed,Dry,Fine,Darkness,Nil,No traffic controls,60 km/h,State,60,Parked,601,On path - Parked,,Other angle,Motorcycle,Light truck,2,0,1,0,0,7,July,Winter,Tuesday,22:00 - Midnight,Evening / night,False,False,True,True
1373912,Injury,Moderate Injury,2024,2024,September,Thursday,04:00 - 05:59,PACIFIC,HWY,175,North,SCENIC,DR,MEREWETHER HEIGHTS,10.0,No,Not a school zone,2-way undivided,-32.946617,151.727463,Newcastle,Newcastle met. area,Syd-Newc-Woll Gtr conurbation,Curved,Embankment/cutting,,,Off,Sealed,Wet,Raining,Darkness,Nil,No traffic controls,70 km/h,State,87,Off lft/lft bnd=>obj,804,Off left bend into obj,Left,Vehicle - Object,4 wheel drive / SUV,,1,0,0,1,0,9,September,Spring,Thursday,04:00 - 05:59,Late night / early morning,False,False,True,True
1373914,Injury,Moderate Injury,2024,2024,October,Friday,12:00 - 13:59,MILEHAM,ST,35,North,BATTEN,CCT,SOUTH WINDSOR,,No,Not a school zone,2-way undivided,-33.626342,150.801059,Hawkesbury,Country urban,Syd-Newc-Woll Gtr conurbation,Straight,Foot/cycle path/nature strip,,,Nil,Sealed,Dry,Fine,Daylight,Nil,No traffic controls,50 km/h,Local,48,From footpath,408,Manov - From footway,,Other angle,Pedal cycle,Car (sedan/hatch),2,0,0,1,0,10,October,Spring,Friday,12:00 - 13:59,Midday / afternoon,False,False,True,True
1373915,Injury,Minor/Other Injury,2024,2024,September,Friday,08:00 - 09:59,CRIMEA,RD,400,South,WATERLOO,RD,MARSFIELD,,Yes,No,2-way undivided,-33.76842,151.098958,Ryde,Sydney metro. area,Syd-Newc-Woll Gtr conurbation,Straight,,,,Nil,Sealed,Dry,Fine,Daylight,Nil,No traffic controls,50 km/h,Local,0,Ped nearside,1,Ped - Near side,,Vehicle - Pedestrian,Car (sedan/hatch),Pedestrian,2,0,0,0,1,9,September,Spring,Friday,08:00 - 09:59,AM peak / school commute,True,False,True,True
1373921,Injury,Serious Injury,2024,2024,December,Saturday,14:00 - 15:59,DUCKENFIELD,RD,900,East,MCFARLANES,RD,BERRY PARK,,No,Not a school zone,2-way undivided,-32.731809,151.64938,Maitland,Country urban,Rest of NSW - Urban,Curved,,,Potholes/corrugations/rough,Nil,Sealed,Dry,Fine,Daylight,Nil,No traffic controls,80 km/h,Local,81,Off left/rt bnd=>obj,803,Off right bend into obj,Left,Vehicle - Object,Motorcycle,,1,0,1,0,0,12,December,Summer,Saturday,14:00 - 15:59,Midday / afternoon,False,False,True,True
1373925,Injury,Moderate Injury,2024,2024,December,Friday,16:00 - 17:59,PARRAWEENA,RD,50,East,SHIRLEY,RD,MIRANDA,,No,Not a school zone,2-way undivided,-34.026817,151.117648,Sutherland,Sydney metro. area,Syd-Newc-Woll Gtr conurbation,Straight,Driveway/entrance,,,Nil,Sealed,Dry,Fine,Daylight,Nil,No traffic controls,50 km/h,Local,21,Right through,202,Opp - Right-thru,,Other angle,4 wheel drive / SUV,Motorcycle,2,0,0,1,0,12,December,Summer,Friday,16:00 - 17:59,PM peak / evening commute,True,False,True,True
1373926,Injury,Moderate Injury,2024,2024,October,Tuesday,14:00 - 15:59,STONEY CREEK,RD,0,Right on the spot,PENSHURST,ST,BEVERLY HILLS,665.0,No,Not a school zone,X-intersection,-33.954952,151.079211,Georges River,Sydney metro. area,Syd-Newc-Woll Gtr conurbation,Straight,,,,Nil,Sealed,Wet,Fine,Daylight,On,No traffic controls,60 km/h,State,21,Right through,202,Opp - Right-thru,,Other angle,Car (sedan/hatch),Other bus,2,0,0,1,0,10,October,Spring,Tuesday,14:00 - 15:59,Midday / afternoon,False,False,True,True
1373928,Injury,Moderate Injury,2024,2024,November,Saturday,14:00 - 15:59,GLENHAVEN,RD,150,North,SAMANTHA RILEY,DR,NORTH KELLYVILLE,7142.0,No,Not a school zone,2-way undivided,-33.695648,150.969556,The Hills,Sydney metro. area,Syd-Newc-Woll Gtr conurbation,Curved,,,,Off,Sealed,Wet,Raining,Daylight,Nil,No traffic controls,60 km/h,Regional,87,Off lft/lft bnd=>obj,804,Off left bend into obj,Left,Vehicle - Object,Car (sedan/hatch),,1,0,0,1,0,11,November,Spring,Saturday,14:00 - 15:59,Midday / afternoon,False,False,True,True