crash_id,degree_of_crash,degree_of_crash_-_detailed,reporting_year,year_of_crash,month_of_crash,day_of_week_of_crash,two-hour_intervals,street_of_crash,street_type,distance,direction,identifying_feature,identifying_feature_type,town,route_no.,school_zone_location,school_zone_active,type_of_location,latitude,longitude,lga,urbanisation,conurbation_1,alignment,primary_permanent_feature,primary_temporary_feature,primary_hazardous_feature,street_lighting,road_surface,surface_condition,weather,natural_lighting,signals_operation,other_traffic_control,speed_limit,road_classification_(admin),rum_-_code,rum_-_description,dca_-_code,dca_-_description,dca_supplement,first_impact_type,key_tu_type,other_tu_type,no._of_traffic_units_involved,no._killed,no._seriously_injured,no._moderately_injured,no._minor-other_injured,month_num,month_label,season,day_label,time_label,time_band,is_peak_commute,is_fatal,is_injury,is_casualty
1373930,Injury,Minor/Other Injury,2024,2024,November,Friday,02:00 - 03:59,FIFTEENTH,AVE,100,West,FOURTH,AVE,AUSTRAL,,No,Not a school zone,2-way undivided,-33.917776,150.807522,Liverpool,Sydney metro. area,Syd-Newc-Woll Gtr conurbation,Straight,,Roadwks/Detour/Diverson,,Nil,Sealed,Dry,Fine,Darkness,Nil,No traffic controls,60 km/h,Local,71,Off rd left => obj,703,Left off cway into object,,Vehicle - Object,Car (sedan/hatch),,1,0,0,0,1,11,November,Spring,Friday,02:00 - 03:59,Late night / early morning,False,False,True,True
1373931,Injury,Serious Injury,2024,2024,October,Saturday,10:00 - 11:59,SMITHFIELD,RD,0,Right on the spot,CANLEY VALE,RD,PRAIRIEWOOD,7220.0,No,Not a school zone,X-intersection,-33.872688,150.900041,Fairfield,Sydney metro. area,Syd-Newc-Woll Gtr conurbation,Straight,,,,Off,Sealed,Dry,Fine,Daylight,On,No traffic controls,60 km/h,Regional,74,On road-out of cont.,705,Out of control on cway,,Rollover,Motorcycle,,1,0,1,0,0,10,October,Spring,Saturday,10:00 - 11:59,Midday / afternoon,False,False,True,True
1373934,Injury,Moderate Injury,2024,2024,December,Tuesday,06:00 - 07:59,IRRIGATION,WAY,4000,West,WHITTON STOCK ROUTE,RD,WIDGELLI,80.0,No,Not a school zone,2-way undivided,-34.336399,146.174104,Griffith,Country non-urban,Rest of NSW - Rural,Straight,,,,Nil,Sealed,Wet,Raining,Daylight,Nil,No traffic controls,100 km/h,State,40,U turn,304,Same - U-turn,,Other angle,Light truck,Light truck,2,0,0,1,0,12,December,Summer,Tuesday,06:00 - 07:59,AM peak / school commute,True,False,True,True
1373936,Injury,Serious Injury,2024,2024,December,Thursday,18:00 - 19:59,OLD WINDSOR,RD,0,Right on the spot,SEVEN HILLS,RD,SEVEN HILLS,635.0,No,Not a school zone,X-intersection,-33.75851,150.955337,Blacktown,Sydney metro. area,Syd-Newc-Woll Gtr conurbation,Straight,,,,Off,Sealed,Dry,Fine,Dusk,On,No traffic controls,80 km/h,State,21,Right through,202,Opp - Right-thru,,Other angle,4 wheel drive / SUV,Motorcycle,2,0,1,0,0,12,December,Summer,Thursday,18:00 - 19:59,PM peak / evening commute,True,False,True,True
1373937,Injury,Serious Injury,2024,2024,October,Tuesday,16:00 - 17:59,PICTON,RD,0,Right on the spot,WILTON PARK,RD,WILTON,612.0,No,Not a school zone,T-junction,-34.226211,150.664213,Wollondilly,Country urban,Syd-Newc-Woll Gtr conurbation,Straight,Driveway/entrance,,,Off,Sealed,Dry,Fine,Daylight,Nil,Give way sign,80 km/h,State,21,Right through,202,Opp - Right-thru,,Other angle,Light truck utility(from 2018),4 wheel drive / SUV,2,0,2,0,0,10,October,Spring,Tuesday,16:00 - 17:59,PM peak / evening commute,True,False,True,True
1373938,Injury,Serious Injury,2024,2024,December,Wednesday,06:00 - 07:59,SCENIC,DR,0,Right on the spot,LLOYD,ST,MEREWETHER,7777.0,No,Not a school zone,X-intersection,-32.950973,151.752523,Newcastle,Newcastle met. area,Syd-Newc-Woll Gtr conurbation,Straight,Steep grade,,,Off,Sealed,Dry,Fine,Daylight,Nil,Stop sign,50 km/h,Regional,13,Right near,104,Adj - Right-thru from right,,Right angle,Car (sedan/hatch),Pedal cycle,2,0,1,0,0,12,December,Summer,Wednesday,06:00 - 07:59,AM peak / school commute,True,False,True,True
1373940,Injury,Minor/Other Injury,2024,2024,September,Friday,14:00 - 15:59,PACIFIC,HWY,0,Right on the spot,WALKER,ST,NORTH SYDNEY,10.0,No,Not a school zone,X-intersection,-33.840725,151.20851,North Sydney,Sydney metro. area,Syd-Newc-Woll Gtr conurbation,Straight,,,,Off,Sealed,Dry,Fine,Daylight,On,Ped crossing,60 km/h,State,0,Ped nearside,1,Ped - Near side,,Vehicle - Pedestrian,Light truck utility(from 2018),Pedestrian,3,0,0,0,2,9,September,Spring,Friday,14:00 - 15:59,Midday / afternoon,False,False,True,True
1373941,Injury,Serious Injury,2024,2024,October,Thursday,12:00 - 13:59,CENTRAL COAST,HWY,300,North,MAIN,RD,NORAVILLE,30.0,No,Not a school zone,2-way undivided,-33.266261,151.5599,Central Coast,Country urban,Syd-Newc-Woll Gtr conurbation,Curved,Steep grade,,,Off,Sealed,Dry,Fine,Daylight,Nil,No traffic controls,60 km/h,State,81,Off left/rt bnd=>obj,803,Off right bend into obj,Left,Vehicle - Object,Car (sedan/hatch),,1,0,1,0,0,10,October,Spring,Thursday,12:00 - 13:59,Midday / afternoon,False,False,True,True
1373943,Injury,Serious Injury,2024,2024,December,Tuesday,22:00 - Midnight,GREAT WESTERN,HWY,30,West,RAWSON,RD,SOUTH WENTWORTHVILLE,5.0,No,Not a school zone,Divided road,-33.815049,150.966751,Cumberland,Sydney metro. area,Syd-Newc-Woll Gtr conurbation,Straight,,,,On,Sealed,Dry,Fine,Darkness,Nil,No traffic controls,80 km/h,State,90,Fell in/from vehicle,901,Fell in/from vehicle,,Person - Object,Passenger van,,1,0,1,0,0,12,December,Summer,Tuesday,22:00 - Midnight,Evening / night,False,False,True,True
1373944,Injury,Serious Injury,2024,2024,October,Saturday,20:00 - 21:59,BAGNALL BEACH,RD,0,Right on the spot,TOWN CENTRE,CCT,SALAMANDER BAY,,Yes,No,T-junction,-32.735684,152.109333,Port Stephens,Country urban,Rest of NSW - Urban,Straight,,,,On,Sealed,Dry,Fine,Darkness,On,No traffic controls,50 km/h,Local,21,Right through,202,Opp - Right-thru,,Other angle,Car (sedan/hatch),Car (sedan/hatch),2,0,2,0,0,10,October,Spring,Saturday,20:00 - 21:59,Evening / night,False,False,True,True
1373945,Injury,Moderate Injury,2024,2024,October,Thursday,10:00 - 11:59,NEWCASTLE,RD,0,Right on the spot,NEWCASTLE INNER CITY,BYPA,JESMOND,82.0,No,Not a school zone,Roundabout,-32.906008,151.692943,Newcastle,Newcastle met. area,Syd-Newc-Woll Gtr conurbation,Straight,,Roadwks/Detour/Diverson,,Off,Sealed,Dry,Fine,Daylight,Nil,Give way sign,40 km/h,State,13,Right near,104,Adj - Right-thru from right,,Right angle,Light truck utility(from 2018),Car (sedan/hatch),2,0,0,1,1,10,October,Spring,Thursday,10:00 - 11:59,Midday / afternoon,False,False,True,True
1373947,Injury,Serious Injury,2024,2024,November,Thursday,10:00 - 11:59,ARMIDALE,RD,160,North,GLENS CREEK,RD,NYMBOIDA,74.0,No,Not a school zone,2-way undivided,-29.935136,152.728899,Clarence Valley,Country non-urban,Rest of NSW - Rural,Curved,Embankment/cutting,,,Nil,Sealed,Dry,Fine,Daylight,Nil,No traffic controls,100 km/h,Regional,81,Off left/rt bnd=>obj,803,Off right bend into obj,Left,Vehicle - Object,Car (sedan/hatch),,1,0,1,0,0,11,November,Spring,Thursday,10:00 - 11:59,Midday / afternoon,False,False,True,True
1373948,Injury,Moderate Injury,2024,2024,November,Tuesday,16:00 - 17:59,EAST,ST,25,North,CURRAWONG,RD,TUMUT,,No,Not a school zone,2-way undivided,-35.318219,148.239663,Snowy Valleys,Country urban,Rest of NSW - Urban,Straight,,,,Nil,Sealed,Dry,Fine,Daylight,Nil,No traffic controls,50 km/h,Local,74,On road-out of cont.,705,Out of control on cway,,Rollover,Motorcycle,,1,0,0,1,0,11,November,Spring,Tuesday,16:00 - 17:59,PM peak / evening commute,True,False,True,True
1373949,Injury,Moderate Injury,2024,2024,December,Friday,18:00 - 19:59,JERRABOMBERRA,PKWY,0,Right on the spot,TOMPSITT,DR,JERRABOMBERRA,,No,Not a school zone,Roundabout,-35.383362,149.200028,Queanbeyan-Palerang Regional,Country urban,Rest of NSW - Urban,Curved,,Police pursuit,,Nil,Sealed,Dry,Fine,Daylight,Nil,Give way sign,50 km/h,Local,20,Head on,201,Opp - Head on,,Head-on,4 wheel drive / SUV,Light truck utility(from 2018),2,0,0,1,2,12,December,Summer,Friday,18:00 - 19:59,PM peak / evening commute,True,False,True,True
1373951,Injury,Moderate Injury,2024,2024,November,Saturday,06:00 - 07:59,MCCONNELLS,RD,720,South,STOKERS,RD,DUNBIBLE,,No,Not a school zone,2-way undivided,-28.383747,153.391377,Tweed,Country non-urban,Rest of NSW - Rural,Curved,,,,Nil,Sealed,Wet,Fine,Daylight,Nil,No traffic controls,100 km/h,Local,87,Off lft/lft bnd=>obj,804,Off left bend into obj,Left,Vehicle - Object,Car (sedan/hatch),,1,0,0,1,0,11,November,Spring,Saturday,06:00 - 07:59,AM peak / school commute,True,False,True,True
1373952,Injury,Minor/Other Injury,2024,2024,December,Sunday,18:00 - 19:59,BLANC,AVE,0,Right on the spot,CARLOWRIE,CRES,EAST HILLS,,No,Not a school zone,T-junction,-33.961546,150.994237,Canterbury-Bankstown,Sydney metro. area,Syd-Newc-Woll Gtr conurbation,Straight,,,,Nil,Sealed,Dry,Fine,Daylight,Nil,No traffic controls,50 km/h,Local,71,Off rd left => obj,703,Left off cway into object,,Vehicle - Object,4 wheel drive / SUV,,1,0,0,0,1,12,December,Summer,Sunday,18:00 - 19:59,PM peak / evening commute,True,False,True,True
1373953,Injury,Moderate Injury,2024,2024,October,Wednesday,06:00 - 07:59,VICTORIA,RD,0,Right on the spot,HENLEY DRIVE,OP,DRUMMOYNE,165.0,No,Not a school zone,Divided road,-33.857544,151.1608,Canada Bay,Sydney metro. area,Syd-Newc-Woll Gtr conurbation,Straight,Other bridge,,,Nil,Sealed,Dry,Fine,Daylight,Nil,No traffic controls,60 km/h,State,73,Off rd rght => obj,704,Right off cway into obj,,Vehicle - Object,Motorcycle,,1,0,0,1,0,10,October,Spring,Wednesday,06:00 - 07:59,AM peak / school commute,True,False,True,True
1373954,Injury,Serious Injury,2024,2024,December,Tuesday,12:00 - 13:59,TAREN POINT,RD,0,Right on the spot,HOLT,RD,TAREN POINT,199.0,Yes,No,X-intersection,-34.019054,151.121919,Sutherland,Sydney metro. area,Syd-Newc-Woll Gtr conurbation,Straight,,,,Off,Sealed,Dry,Fine,Daylight,On,No traffic controls,70 km/h,State,30,Rear end,301,Same - Rear end,,Rear end,4 wheel drive / SUV,Car (sedan/hatch),3,0,1,1,0,12,December,Summer,Tuesday,12:00 - 13:59,Midday / afternoon,False,False,True,True
1373955,Injury,Moderate Injury,2024,2024,October,Sunday,12:00 - 13:59,POPLAR,AVE,0,Right on the spot,RACECOURSE,RD,LEETON,,No,Not a school zone,T-junction,-34.569553,146.394322,Leeton,Country urban,Rest of NSW - Urban,Straight,,,,Nil,Sealed,Dry,Fine,Daylight,Nil,Give way sign,60 km/h,Local,21,Right through,202,Opp - Right-thru,,Other angle,Light truck utility(from 2018),Car (sedan/hatch),2,0,0,1,0,10,October,Spring,Sunday,12:00 - 13:59,Midday / afternoon,False,False,True,True
1373957,Injury,Moderate Injury,2024,2024,October,Sunday,16:00 - 17:59,NEW ENGLAND,HWY,0,Right on the spot,CESSNOCK,RD,MAITLAND,9.0,No,Not a school zone,Roundabout,-32.739434,151.551751,Maitland,Country urban,Rest of NSW - Urban,Curved,,,,Off,Sealed,Dry,Fine,Daylight,Unknown / not stated,Give way sign,60 km/h,State,21,Right through,202,Opp - Right-thru,,Other angle,Motorcycle,Car (sedan/hatch),2,0,0,1,0,10,October,Spring,Sunday,16:00 - 17:59,PM peak / evening commute,True,False,True,True
1373958,Injury,Serious Injury,2024,2024,December,Thursday,12:00 - 13:59,GREAT WESTERN,HWY,0,Right on the spot,KINGTON,ST,MINCHINBURY,5.0,No,Not a school zone,X-intersection,-33.78741,150.848177,Blacktown,Sydney metro. area,Syd-Newc-Woll Gtr conurbation,Straight,Steep grade,,,Off,Sealed,Dry,Fine,Daylight,Nil,Stop sign,80 km/h,State,13,Right near,104,Adj - Right-thru from right,,Right angle,Car (sedan/hatch),4 wheel drive / SUV,2,0,1,1,0,12,December,Summer,Thursday,12:00 - 13:59,Midday / afternoon,False,False,True,True
1373960,Injury,Serious Injury,2024,2024,December,Tuesday,20:00 - 21:59,PARKER,ST,0,Right on the spot,NUMBER 51,HN,PENRITH,154.0,Yes,No,Divided road,-33.752068,150.713121,Penrith,Sydney metro. area,Syd-Newc-Woll Gtr conurbation,Straight,,,,On,Sealed,Dry,Fine,Darkness,Nil,No traffic controls,70 km/h,State,71,Off rd left => obj,703,Left off cway into object,,Vehicle - Object,Car (sedan/hatch),,1,0,1,0,0,12,December,Summer,Tuesday,20:00 - 21:59,Evening / night,False,False,True,True
1373961,Injury,Moderate Injury,2024,2024,October,Thursday,10:00 - 11:59,M7 WESTLINK,EXP,200,East,RICHMOND ROAD,TO,COLEBEE,6009.0,No,Not a school zone,Dual freeway,-33.73007,150.857296,Blacktown,Sydney metro. area,Syd-Newc-Woll Gtr conurbation,Straight,,Roadwks/Detour/Diverson,,Off,Sealed,Dry,Fine,Daylight,Nil,No traffic controls,40 km/h,State,30,Rear end,301,Same - Rear end,,Rear end,4 wheel drive / SUV,Car (sedan/hatch),2,0,0,1,0,10,October,Spring,Thursday,10:00 - 11:59,Midday / afternoon,False,False,True,True
1373964,Injury,Serious Injury,2024,2024,November,Monday,18:00 - 19:59,NEWELL,HWY,865,South,WENNINGS,RD,WIRRINYA,17.0,No,Not a school zone,2-way undivided,-33.627048,147.600705,Weddin,Country urban,Rest of NSW - Urban,Straight,,Roadwks/Detour/Diverson,,Nil,Unsealed,Dry,Fine,Dusk,Nil,No traffic controls,60 km/h,State,30,Rear end,301,Same - Rear end,,Rear end,Car (sedan/hatch),Semi-trailer,2,0,1,0,0,11,November,Spring,Monday,18:00 - 19:59,PM peak / evening commute,True,False,True,True
1373965,Injury,Moderate Injury,2024,2024,December,Thursday,06:00 - 07:59,BROADHURST,RD,0,Right on the spot,DEVON,RD,INGLEBURN,,No,Not a school zone,X-intersection,-34.001058,150.858772,Campbelltown,Sydney metro. area,Syd-Newc-Woll Gtr conurbation,Straight,,,,Off,Sealed,Dry,Fine,Daylight,Nil,Give way sign,50 km/h,Local,10,Cross traffic,101,Adj - Cross traffic,,Right angle,Light truck utility(from 2018),Light truck,2,0,0,1,0,12,December,Summer,Thursday,06:00 - 07:59,AM peak / school commute,True,False,True,True
1373966,Injury,Minor/Other Injury,2024,2024,December,Wednesday,08:00 - 09:59,BURDEKIN,RD,0,Right on the spot,HAMBLEDON,RD,THE PONDS,7157.0,No,Not a school zone,Roundabout,-33.712795,150.8932,Blacktown,Sydney metro. area,Syd-Newc-Woll Gtr conurbation,Straight,,,,Nil,Sealed,Dry,Fine,Daylight,Nil,Give way sign,60 km/h,Regional,10,Cross traffic,101,Adj - Cross traffic,,Right angle,4 wheel drive / SUV,4 wheel drive / SUV,2,0,0,0,1,12,December,Summer,Wednesday,08:00 - 09:59,AM peak / school commute,True,False,True,True
1373967,Injury,Moderate Injury,2024,2024,October,Wednesday,10:00 - 11:59,TEMPEST,ST,0,Right on the spot,AMPOL SERVICE STATION,SN,GUNNEDAH,,No,Not a school zone,2-way undivided,-30.976244,150.248626,Gunnedah,Country urban,Rest of NSW - Urban,Straight,Driveway/entrance,,,Nil,Sealed,Dry,Fine,Daylight,Nil,No traffic controls,50 km/h,Local,47,Emerging from drive,406,Manov - Emerging from driveway,,Right angle,Car (sedan/hatch),Light truck,2,0,0,1,0,10,October,Spring,Wednesday,10:00 - 11:59,Midday / afternoon,False,False,True,True
1373969,Injury,Moderate Injury,2024,2024,December,Wednesday,12:00 - 13:59,PUTTY,RD,200,North,DEVILS HOLE,TRL,COLO HEIGHTS,503.0,No,Not a school zone,2-way undivided,-33.299727,150.700314,Hawkesbury,Country non-urban,Syd-Newc-Woll Gtr conurbation,Curved,,,,Nil,Sealed,Dry,Fine,Daylight,Nil,No traffic controls,100 km/h,State,88,Out of cont on bend,805,Out of control on bend,,Rollover,Motorcycle,,1,0,0,1,0,12,December,Summer,Wednesday,12:00 - 13:59,Midday / afternoon,False,False,True,True
1373973,Injury,Serious Injury,2024,2024,November,Monday,16:00 - 17:59,MANNS,RD,0,Right on the spot,GLENMAGGIE,CL,NARARA,349.0,No,Not a school zone,T-junction,-33.40486,151.33826,Central Coast,Country urban,Syd-Newc-Woll Gtr conurbation,Curved,Steep grade,,,Unknown / not stated,Sealed,Unknown,Unknown,Daylight,Nil,Give way sign,60 km/h,State,21,Right through,202,Opp - Right-thru,,Other angle,4 wheel drive / SUV,Motorcycle,2,0,1,0,0,11,November,Spring,Monday,16:00 - 17:59,PM peak / evening commute,True,False,True,True
1373974,Injury,Minor/Other Injury,2024,2024,October,Wednesday,00:01 - 01:59,HUME,HWY,1400,South,MINGAY,RD,COOLAC,2.0,No,Not a school zone,Divided road,-34.980495,148.137753,Cootamundra-Gundagai,Country non-urban,Rest of NSW - Rural,Curved,,,,Unknown / not stated,Sealed,Dry,Fine,Darkness,Nil,No traffic controls,110 km/h,State,80,Off left/right bend,801,Off cway right bend,Left,Rollover,Semi-trailer,,1,0,0,0,1,10,October,Spring,Wednesday,00:01 - 01:59,Late night / early morning,False,False,True,True
1373978,Injury,Serious Injury,2024,2024,November,Sunday,16:00 - 17:59,QUEENS,PDE,0,Right on the spot,NUMBER 99,HN,NEWPORT,,No,Not a school zone,2-way undivided,-33.659917,151.31894,Northern Beaches,Sydney metro. area,Syd-Newc-Woll Gtr conurbation,Straight,,,,Off,Sealed,Dry,Fine,Daylight,Nil,No traffic controls,50 km/h,Local,71,Off rd left => obj,703,Left off cway into object,,Other angle,4 wheel drive / SUV,4 wheel drive / SUV,3,0,1,0,0,11,November,Spring,Sunday,16:00 - 17:59,PM peak / evening commute,True,False,True,True
1373982,Injury,Moderate Injury,2024,2024,November,Thursday,20:00 - 21:59,PACIFIC,HWY,0,Right on the spot,HAZELBANK,RD,WOLLSTONECRAFT,10.0,Yes,No,T-junction,-33.832331,151.204094,North Sydney,Sydney metro. area,Syd-Newc-Woll Gtr conurbation,Straight,,,,On,Sealed,Dry,Fine,Dusk,On,Ped crossing,60 km/h,State,67,Struck animal,609,On path - Hit animal,,Vehicle - Animal,Pedal cycle,,1,0,0,1,0,11,November,Spring,Thursday,20:00 - 21:59,Evening / night,False,False,True,True
1373983,Injury,Serious Injury,2024,2024,November,Tuesday,14:00 - 15:59,NEWCASTLE,EXP,0,Right on the spot,RMS WEIGH STATION,OT,MOUNT WHITE,6003.0,No,Not a school zone,Dual freeway,-33.453379,151.207962,Central Coast,Country non-urban,Syd-Newc-Woll Gtr conurbation,Curved,,,,Nil,Sealed,Dry,Fine,Daylight,Nil,No traffic controls,110 km/h,State,33,Lane sideswipe,305,Same - Lane side swipe,,Other angle,4 wheel drive / SUV,B-double (road train prior 98),2,0,1,1,0,11,November,Spring,Tuesday,14:00 - 15:59,Midday / afternoon,False,False,True,True
1373984,Injury,Moderate Injury,2024,2024,December,Thursday,06:00 - 07:59,PALLA,ST,0,Right on the spot,WYANGAN,AVE,GRIFFITH,,No,Not a school zone,T-junction,-34.279763,146.041775,Griffith,Country urban,Rest of NSW - Urban,Straight,,,,Nil,Sealed,Dry,Fine,Daylight,Nil,Give way sign,50 km/h,Local,32,Right rear,303,Same - Rear right,,Rear end,Unknown motor vehicle,Pedal cycle,2,0,0,1,0,12,December,Summer,Thursday,06:00 - 07:59,AM peak / school commute,True,False,True,True
1373986,Injury,Moderate Injury,2024,2024,May,Tuesday,12:00 - 13:59,BEXLEY,RD,0,Right on the spot,SHAW,ST,BEXLEY NORTH,169.0,No,Not a school zone,X-intersection,-33.93821,151.114166,Bayside,Sydney metro. area,Syd-Newc-Woll Gtr conurbation,Straight,,,,Off,Sealed,Dry,Fine,Daylight,On,No traffic controls,60 km/h,State,30,Rear end,301,Same - Rear end,,Rear end,Car (sedan/hatch),4 wheel drive / SUV,2,0,0,1,0,5,May,Autumn,Tuesday,12:00 - 13:59,Midday / afternoon,False,False,True,True
1373988,Injury,Serious Injury,2024,2024,November,Saturday,14:00 - 15:59,URUNGA,PDE,10,West,DUDLEY,ST,PUNCHBOWL,,No,Not a school zone,T-junction,-33.924843,151.059158,Canterbury-Bankstown,Sydney metro. area,Syd-Newc-Woll Gtr conurbation,Straight,,,,Nil,Sealed,Dry,Fine,Daylight,Nil,Give way sign,50 km/h,Local,74,On road-out of cont.,705,Out of control on cway,,Rollover,Motorcycle,,1,0,1,0,0,11,November,Spring,Saturday,14:00 - 15:59,Midday / afternoon,False,False,True,True
1373989,Injury,Moderate Injury,2024,2024,November,Saturday,16:00 - 17:59,PHILLIP,ST,0,Right on the spot,WAUGH,ST,CHINDERAH,,No,Not a school zone,T-junction,-28.233507,153.559942,Tweed,Country urban,Rest of NSW - Urban,Straight,,,,Off,Sealed,Dry,Fine,Daylight,Nil,Give way sign,50 km/h,Local,32,Right rear,303,Same - Rear right,,Rear end,Light truck utility(from 2018),Light truck utility(from 2018),2,0,0,1,0,11,November,Spring,Saturday,16:00 - 17:59,PM peak / evening commute,True,False,True,True
1373991,Injury,Minor/Other Injury,2024,2024,November,Sunday,10:00 - 11:59,CLOTHIERS CREEK,RD,200,West,NUNDERI,LANE,NUNDERI,,No,Not a school zone,2-way undivided,-28.318498,153.449221,Tweed,Country urban,Rest of NSW - Urban,Curved,Embankment/cutting,,Loose gravel shoulder,Nil,Sealed,Dry,Fine,Daylight,Nil,No traffic controls,60 km/h,Local,80,Off left/right bend,801,Off cway right bend,Left,Rollover,Motorcycle,,1,0,0,0,1,11,November,Spring,Sunday,10:00 - 11:59,Midday / afternoon,False,False,True,True
1373992,Injury,Moderate Injury,2024,2024,December,Friday,12:00 - 13:59,FISHER,RD,0,Right on the spot,TENNYSON RD,RD,CROMER,7365.0,No,Not a school zone,T-junction,-33.743326,151.284058,Northern Beaches,Sydney metro. area,Syd-Newc-Woll Gtr conurbation,Curved,,,,Off,Sealed,Dry,Fine,Daylight,Nil,No traffic controls,50 km/h,Regional,32,Right rear,303,Same - Rear right,,Rear end,Car (sedan/hatch),Motor scooter,2,0,0,1,0,12,December,Summer,Friday,12:00 - 13:59,Midday / afternoon,False,False,True,True
1373995,Injury,Moderate Injury,2024,2024,December,Saturday,14:00 - 15:59,POINT,RD,0,Right on the spot,TAREE,ST,TUNCURRY,,No,Not a school zone,T-junction,-32.179428,152.500224,Mid-Coast,Country urban,Rest of NSW - Urban,Curved,Foot/cycle path/nature strip,,,Off,Sealed,Dry,Fine,Daylight,Nil,Give way sign,50 km/h,Local,48,From footpath,408,Manov - From footway,,Other angle,Motorised push scooters,4 wheel drive / SUV,2,0,0,1,0,12,December,Summer,Saturday,14:00 - 15:59,Midday / afternoon,False,False,True,True
1373996,Injury,Serious Injury,2024,2024,December,Friday,14:00 - 15:59,GREEN VALLEY,RD,0,Right on the spot,NUMBER 219,HN,GREEN VALLEY,,No,Not a school zone,2-way undivided,-33.90155,150.864577,Liverpool,Sydney metro. area,Syd-Newc-Woll Gtr conurbation,Straight,,,,Off,Sealed,Dry,Fine,Daylight,Nil,No traffic controls,50 km/h,Local,71,Off rd left => obj,703,Left off cway into object,,Other angle,Motorcycle,Light truck utility(from 2018),2,0,1,0,0,12,December,Summer,Friday,14:00 - 15:59,Midday / afternoon,False,False,True,True
1373997,Injury,Moderate Injury,2024,2024,December,Friday,22:00 - Midnight,BOURKE,ST,0,Right on the spot,GRAFTON,ST,FAIRY MEADOW,,No,Not a school zone,T-junction,-34.396094,150.893871,Wollongong,Wollongong met. area,Syd-Newc-Woll Gtr conurbation,Straight,,,,On,Sealed,Dry,Fine,Darkness,Nil,No traffic controls,50 km/h,Local,73,Off rd rght => obj,704,Right off cway into obj,,Other angle,Motorised push scooters,Car (sedan/hatch),2,0,0,1,0,12,December,Summer,Friday,22:00 - Midnight,Evening / night,False,False,True,True
1373998,Injury,Serious Injury,2024,2024,October,Saturday,18:00 - 19:59,WESTERN,EXP,50,West,BURNETT STREET,OP,MERRYLANDS,6004.0,No,Not a school zone,Dual freeway,-33.823894,150.987522,Cumberland,Sydney metro. area,Syd-Newc-Woll Gtr conurbation,Straight,,,,Off,Sealed,Dry,Fine,Dusk,Nil,No traffic controls,90 km/h,State,74,On road-out of cont.,705,Out of control on cway,,Rollover,Motorcycle,,1,0,1,0,0,10,October,Spring,Saturday,18:00 - 19:59,PM peak / evening commute,True,False,True,True
1373999,Injury,Minor/Other Injury,2024,2024,December,Thursday,10:00 - 11:59,NORWEST,BVD,0,Right on the spot,BROOKHOLLOW,AVE,NORWEST,690.0,No,Not a school zone,Roundabout,-33.732444,150.970256,The Hills,Sydney metro. area,Syd-Newc-Woll Gtr conurbation,Straight,,,,Off,Sealed,Dry,Fine,Daylight,Nil,Give way sign,70 km/h,State,0,Ped nearside,1,Ped - Near side,,Vehicle - Pedestrian,4 wheel drive / SUV,Pedestrian,2,0,0,0,1,12,December,Summer,Thursday,10:00 - 11:59,Midday / afternoon,False,False,True,True
1374004,Injury,Moderate Injury,2024,2024,November,Saturday,10:00 - 11:59,WATAGAN FOREST,RD,50,South,BEN BRIDGES POINT,RD,JILLIBY,,No,Not a school zone,2-way undivided,-33.180744,151.319228,Central Coast,Country non-urban,Syd-Newc-Woll Gtr conurbation,Curved,,,,Nil,Unsealed,Dry,Fine,Daylight,Nil,No traffic controls,100 km/h,Local,85,Off rt/lft bnd=>obj,804,Off left bend into obj,Right,Vehicle - Object,Motorcycle,,1,0,0,1,0,11,November,Spring,Saturday,10:00 - 11:59,Midday / afternoon,False,False,True,True
1374006,Injury,Moderate Injury,2024,2024,December,Friday,14:00 - 15:59,CARRINGTON,AVE,0,Right on the spot,TALBRAGAR,ST,DUBBO,,No,Not a school zone,T-junction,-32.24535,148.605563,Dubbo Regional,Country urban,Rest of NSW - Urban,Straight,,,,Off,Sealed,Dry,Fine,Daylight,Nil,No traffic controls,50 km/h,Local,6,Ped on footpath,8,Ped - On footway/median,,Vehicle - Pedestrian,4 wheel drive / SUV,Ped in toy vehicle,2,0,0,1,0,12,December,Summer,Friday,14:00 - 15:59,Midday / afternoon,False,False,True,True
1374009,Injury,Serious Injury,2024,2024,December,Thursday,16:00 - 17:59,TONGBONG,RD,0,Right on the spot,WHITE ROCK,RD,RYLSTONE,,No,Not a school zone,T-junction,-32.783373,149.956294,Mid-Western Regional,Country non-urban,Rest of NSW - Rural,Curved,,,,Nil,Sealed,Dry,Fine,Daylight,Nil,Give way sign,100 km/h,Local,11,Right far,102,Adj - Right-thru from left,,Right angle,4 wheel drive / SUV,Light truck utility(from 2018),2,0,2,0,0,12,December,Summer,Thursday,16:00 - 17:59,PM peak / evening commute,True,False,True,True
1374010,Injury,Minor/Other Injury,2024,2024,November,Wednesday,06:00 - 07:59,CARNARVON,HWY,0,Right on the spot,CALOONA,RD,WEEMELAH,28.0,No,Not a school zone,T-junction,-29.036202,149.267178,Moree Plains,Country non-urban,Rest of NSW - Rural,Straight,,,,Nil,Sealed,Dry,Fine,Daylight,Nil,Give way sign,100 km/h,State,10,Cross traffic,101,Adj - Cross traffic,,Right angle,Light truck utility(from 2018),Large rigid,2,0,0,0,3,11,November,Spring,Wednesday,06:00 - 07:59,AM peak / school commute,True,False,True,True