crash_id,degree_of_crash,degree_of_crash_-_detailed,reporting_year,year_of_crash,month_of_crash,day_of_week_of_crash,two-hour_intervals,street_of_crash,street_type,distance,direction,identifying_feature,identifying_feature_type,town,route_no.,school_zone_location,school_zone_active,type_of_location,latitude,longitude,lga,urbanisation,conurbation_1,alignment,primary_permanent_feature,primary_temporary_feature,primary_hazardous_feature,street_lighting,road_surface,surface_condition,weather,natural_lighting,signals_operation,other_traffic_control,speed_limit,road_classification_(admin),rum_-_code,rum_-_description,dca_-_code,dca_-_description,dca_supplement,first_impact_type,key_tu_type,other_tu_type,no._of_traffic_units_involved,no._killed,no._seriously_injured,no._moderately_injured,no._minor-other_injured,month_num,month_label,season,day_label,time_label,time_band,is_peak_commute,is_fatal,is_injury,is_casualty
1374014,Injury,Minor/Other Injury,2024,2024,October,Monday,16:00 - 17:59,PACIFIC,HWY,0,Right on the spot,NUMBER 422,HN,ARTARMON,10.0,No,Not a school zone,Divided road,-33.811576,151.17578,Willoughby,Sydney metro. area,Syd-Newc-Woll Gtr conurbation,Curved,,,,On,Sealed,Dry,Fine,Daylight,Nil,No traffic controls,60 km/h,State,1,Ped emerging,2,Ped - emerging,,Vehicle - Pedestrian,Car (sedan/hatch),Pedestrian,2,0,0,0,1,10,October,Spring,Monday,16:00 - 17:59,PM peak / evening commute,True,False,True,True
1374016,Injury,Minor/Other Injury,2024,2024,December,Friday,14:00 - 15:59,CRESCENT HEAD,RD,0,Right on the spot,BRUCES,LANE,SOUTH KEMPSEY,7737.0,No,Not a school zone,T-junction,-31.100531,152.851135,Kempsey,Country urban,Rest of NSW - Urban,Straight,,Police pursuit,,Nil,Sealed,Dry,Fine,Daylight,Nil,No traffic controls,70 km/h,Regional,20,Head on,201,Opp - Head on,,Head-on,Light truck utility(from 2018),Unknown motor vehicle,2,0,0,0,1,12,December,Summer,Friday,14:00 - 15:59,Midday / afternoon,False,False,True,True
1374020,Injury,Minor/Other Injury,2024,2024,December,Friday,16:00 - 17:59,BEXLEY,RD,20,North,CALBINA,RD,EARLWOOD,169.0,No,Not a school zone,2-way undivided,-33.925618,151.108406,Canterbury-Bankstown,Sydney metro. area,Syd-Newc-Woll Gtr conurbation,Straight,,,,Off,Sealed,Dry,Fine,Daylight,Nil,No traffic controls,60 km/h,State,35,Lane change left,307,Same - Lane change left,,Other angle,Car (sedan/hatch),Motorcycle,2,0,0,0,1,12,December,Summer,Friday,16:00 - 17:59,PM peak / evening commute,True,False,True,True
1374021,Injury,Serious Injury,2024,2024,December,Sunday,12:00 - 13:59,BLACKFELLOWS HAND,TRL,1000,East,WOLGAN,RD,LIDSDALE,,No,Not a school zone,2-way undivided,-33.320964,150.117898,Lithgow,Country urban,Rest of NSW - Urban,Straight,,,Potholes/corrugations/rough,Nil,Unsealed,Dry,Fine,Daylight,Nil,No traffic controls,50 km/h,Local,74,On road-out of cont.,705,Out of control on cway,,Rollover,Motorcycle,,1,0,1,0,0,12,December,Summer,Sunday,12:00 - 13:59,Midday / afternoon,False,False,True,True
1374022,Injury,Moderate Injury,2024,2024,December,Friday,02:00 - 03:59,WESTERN,EXP,650,West,WALLGROVE ROAD,OP,EASTERN CREEK,6004.0,No,Not a school zone,Dual freeway,-33.795968,150.846473,Blacktown,Sydney metro. area,Syd-Newc-Woll Gtr conurbation,Straight,,,,On,Sealed,Dry,Fine,Darkness,Nil,No traffic controls,100 km/h,State,73,Off rd rght => obj,704,Right off cway into obj,,Vehicle - Object,Light truck,,1,0,0,1,0,12,December,Summer,Friday,02:00 - 03:59,Late night / early morning,False,False,True,True
1374025,Injury,Serious Injury,2024,2024,September,Thursday,16:00 - 17:59,GREAT WESTERN,HWY,0,Right on the spot,SERVICE ROAD,MS,WARRIMOO,5.0,No,Not a school zone,T-junction,-33.727497,150.605379,Blue Mountains,Country urban,Syd-Newc-Woll Gtr conurbation,Straight,,,,Off,Sealed,Dry,Fine,Daylight,Nil,Give way sign,80 km/h,State,16,Left near,107,Adj - Left-thru from right,,Right angle,Car (sedan/hatch),Motorcycle,3,0,1,0,0,9,September,Spring,Thursday,16:00 - 17:59,PM peak / evening commute,True,False,True,True
1374026,Injury,Serious Injury,2024,2024,June,Sunday,10:00 - 11:59,CHUTER,AVE,0,Right on the spot,NUMBER 52,HN,MONTEREY,7003.0,No,Not a school zone,2-way undivided,-33.969573,151.147164,Bayside,Sydney metro. area,Syd-Newc-Woll Gtr conurbation,Straight,,,,Off,Sealed,Dry,Fine,Daylight,Nil,No traffic controls,50 km/h,Regional,40,U turn,304,Same - U-turn,,Other angle,Car (sedan/hatch),Pedal cycle,2,0,1,0,0,6,June,Winter,Sunday,10:00 - 11:59,Midday / afternoon,False,False,True,True
1374028,Injury,Moderate Injury,2024,2024,November,Saturday,12:00 - 13:59,MACLEAY VALLEY,WAY,0,Right on the spot,SECOND,LANE,KEMPSEY,,No,Not a school zone,T-junction,-31.055677,152.849983,Kempsey,Country non-urban,Rest of NSW - Rural,Straight,,,,Nil,Sealed,Dry,Fine,Daylight,Nil,No traffic controls,100 km/h,Local,21,Right through,202,Opp - Right-thru,,Other angle,Light truck utility(from 2018),4 wheel drive / SUV,2,0,0,2,0,11,November,Spring,Saturday,12:00 - 13:59,Midday / afternoon,False,False,True,True
1374029,Injury,Moderate Injury,2024,2024,December,Saturday,00:01 - 01:59,GREAT WESTERN,HWY,0,Right on the spot,WILLOW PARK,AVE,LEURA,5.0,No,Not a school zone,T-junction,-33.712153,150.337929,Blue Mountains,Country urban,Syd-Newc-Woll Gtr conurbation,Curved,Steep grade,,,On,Sealed,Dry,Fine,Darkness,Nil,Stop sign,80 km/h,State,85,Off rt/lft bnd=>obj,804,Off left bend into obj,Right,Vehicle - Object,4 wheel drive / SUV,,1,0,0,1,0,12,December,Summer,Saturday,00:01 - 01:59,Late night / early morning,False,False,True,True
1374030,Injury,Serious Injury,2024,2024,December,Sunday,18:00 - 19:59,LIVERPOOL,ST,0,Right on the spot,MIDDLEBROOK,RD,SCONE,62.0,No,Not a school zone,Roundabout,-32.048826,150.851701,Upper Hunter,Country urban,Rest of NSW - Urban,Straight,,,,Nil,Sealed,Dry,Fine,Daylight,Nil,Give way sign,60 km/h,Regional,71,Off rd left => obj,703,Left off cway into object,,Vehicle - Object,4 wheel drive / SUV,,1,0,1,0,0,12,December,Summer,Sunday,18:00 - 19:59,PM peak / evening commute,True,False,True,True
1374031,Injury,Serious Injury,2024,2024,November,Sunday,08:00 - 09:59,MULGOA,RD,300,South,MAYFAIR,RD,MULGOA,155.0,No,Not a school zone,2-way undivided,-33.819745,150.651234,Penrith,Sydney metro. area,Syd-Newc-Woll Gtr conurbation,Curved,Steep grade,,,Nil,Sealed,Dry,Fine,Daylight,Nil,No traffic controls,80 km/h,State,30,Rear end,301,Same - Rear end,,Rear end,Motorcycle,Light truck,2,0,1,0,0,11,November,Spring,Sunday,08:00 - 09:59,AM peak / school commute,True,False,True,True
1374032,Injury,Moderate Injury,2024,2024,December,Sunday,20:00 - 21:59,STATION,ST,0,Right on the spot,WRIGLEY,ST,GILGANDRA,,No,Not a school zone,T-junction,-31.707958,148.658201,Gilgandra,Country urban,Rest of NSW - Urban,Straight,,,,On,Sealed,Dry,Fine,Dusk,Nil,Give way sign,50 km/h,Local,21,Right through,202,Opp - Right-thru,,Other angle,Light truck utility(from 2018),Light truck utility(from 2018),2,0,0,1,0,12,December,Summer,Sunday,20:00 - 21:59,Evening / night,False,False,True,True
1374034,Injury,Moderate Injury,2024,2024,December,Monday,16:00 - 17:59,ROGERS,ST,50,West,DREADNOUGHT,ST,ROSELANDS,,No,Not a school zone,2-way undivided,-33.934811,151.082007,Canterbury-Bankstown,Sydney metro. area,Syd-Newc-Woll Gtr conurbation,Straight,,,,Off,Sealed,Dry,Fine,Daylight,Nil,No traffic controls,50 km/h,Local,30,Rear end,301,Same - Rear end,,Rear end,4 wheel drive / SUV,Car (sedan/hatch),2,0,0,2,0,12,December,Summer,Monday,16:00 - 17:59,PM peak / evening commute,True,False,True,True
1374040,Injury,Moderate Injury,2024,2024,December,Friday,14:00 - 15:59,BANGALOW,RD,45,North,PATERSON,ST,BYRON BAY,545.0,No,Not a school zone,2-way undivided,-28.65603,153.616321,Byron,Country urban,Rest of NSW - Urban,Straight,Driveway/entrance,,,Nil,Sealed,Dry,Fine,Daylight,Nil,Give way sign,50 km/h,Regional,47,Emerging from drive,406,Manov - Emerging from driveway,,Right angle,4 wheel drive / SUV,Motorcycle,2,0,0,1,0,12,December,Summer,Friday,14:00 - 15:59,Midday / afternoon,False,False,True,True
1374044,Injury,Serious Injury,2024,2024,November,Sunday,10:00 - 11:59,MONA VALE,RD,0,Right on the spot,COOYONG,RD,TERREY HILLS,162.0,No,Not a school zone,T-junction,-33.686367,151.227277,Northern Beaches,Sydney metro. area,Syd-Newc-Woll Gtr conurbation,Straight,,,,Nil,Sealed,Dry,Fine,Daylight,Nil,Give way sign,80 km/h,State,21,Right through,202,Opp - Right-thru,,Other angle,Passenger van,4 wheel drive / SUV,2,0,1,1,1,11,November,Spring,Sunday,10:00 - 11:59,Midday / afternoon,False,False,True,True
1374045,Injury,Minor/Other Injury,2024,2024,October,Sunday,12:00 - 13:59,SOUTH WESTERN,EXP,450,West,KING GEORGES ROAD,OP,NARWEE,6005.0,No,Not a school zone,Dual freeway,-33.943633,151.072037,Canterbury-Bankstown,Sydney metro. area,Syd-Newc-Woll Gtr conurbation,Straight,,,,Nil,Sealed,Dry,Fine,Daylight,Nil,No traffic controls,100 km/h,State,35,Lane change left,307,Same - Lane change left,,Other angle,Semi-trailer,Car (sedan/hatch),2,0,0,0,2,10,October,Spring,Sunday,12:00 - 13:59,Midday / afternoon,False,False,True,True
1374048,Injury,Serious Injury,2024,2024,November,Thursday,16:00 - 17:59,EVERTON,RD,0,Right on the spot,NUMBER 19-21,HN,STRATHFIELD,,No,Not a school zone,2-way undivided,-33.871923,151.09532,Burwood,Sydney metro. area,Syd-Newc-Woll Gtr conurbation,Straight,,,,Off,Sealed,Dry,Fine,Daylight,Nil,No traffic controls,50 km/h,Local,3,Ped on carriageway,4,Ped - On carriageway,,Vehicle - Pedestrian,4 wheel drive / SUV,Pedestrian,2,0,1,0,0,11,November,Spring,Thursday,16:00 - 17:59,PM peak / evening commute,True,False,True,True
1374049,Injury,Moderate Injury,2024,2024,December,Friday,06:00 - 07:59,RIVER,ST,105,West,MARTIN,ST,BALLINA,,No,Not a school zone,Divided road,-28.871285,153.562378,Ballina,Country urban,Rest of NSW - Urban,Straight,Foot/cycle path/nature strip,,,Off,Sealed,Dry,Fine,Daylight,Nil,Ped crossing,40 km/h,Local,48,From footpath,408,Manov - From footway,,Other angle,Motorised scooter (mob. aid),Car (sedan/hatch),2,0,0,1,0,12,December,Summer,Friday,06:00 - 07:59,AM peak / school commute,True,False,True,True
1374053,Injury,Moderate Injury,2024,2024,December,Sunday,02:00 - 03:59,WINDSOR,RD,0,Right on the spot,SANCTUARY,DR,KELLYVILLE RIDGE,184.0,No,Not a school zone,T-junction,-33.69688,150.927398,Blacktown,Sydney metro. area,Syd-Newc-Woll Gtr conurbation,Curved,Crest,,,On,Sealed,Dry,Fine,Darkness,On,No traffic controls,80 km/h,State,20,Head on,201,Opp - Head on,,Head-on,Station wagon,Car (sedan/hatch),2,0,0,2,0,12,December,Summer,Sunday,02:00 - 03:59,Late night / early morning,False,False,True,True
1374057,Injury,Moderate Injury,2024,2024,December,Saturday,16:00 - 17:59,PRINGLES,WAY,100,South,SUMMERLAND,WAY,BANYABBA,,No,Not a school zone,2-way undivided,-29.393851,153.002712,Clarence Valley,Country non-urban,Rest of NSW - Rural,Curved,,,,Nil,Sealed,Dry,Fine,Daylight,Nil,No traffic controls,100 km/h,Local,87,Off lft/lft bnd=>obj,804,Off left bend into obj,Left,Vehicle - Object,4 wheel drive / SUV,,1,0,0,1,0,12,December,Summer,Saturday,16:00 - 17:59,PM peak / evening commute,True,False,True,True
1374060,Injury,Moderate Injury,2024,2024,December,Sunday,14:00 - 15:59,HAWKESBURY,RD,480,East,ROBERTS,PDE,HAWKESBURY HEIGHTS,570.0,No,Not a school zone,2-way undivided,-33.66644,150.652141,Blue Mountains,Country urban,Syd-Newc-Woll Gtr conurbation,Curved,Steep grade,,,Nil,Sealed,Dry,Overcast,Daylight,Nil,No traffic controls,60 km/h,State,85,Off rt/lft bnd=>obj,804,Off left bend into obj,Right,Vehicle - Object,Motorcycle,,1,0,0,1,0,12,December,Summer,Sunday,14:00 - 15:59,Midday / afternoon,False,False,True,True
1374062,Injury,Moderate Injury,2024,2024,December,Tuesday,22:00 - Midnight,RICHMOND,RD,25,North,HOLLINSWORTH,RD,MARSDEN PARK,537.0,No,Not a school zone,Divided road,-33.71747,150.843969,Blacktown,Sydney metro. area,Syd-Newc-Woll Gtr conurbation,Curved,Embankment/cutting,,,On,Sealed,Dry,Fine,Darkness,Nil,No traffic controls,80 km/h,State,87,Off lft/lft bnd=>obj,804,Off left bend into obj,Left,Vehicle - Object,4 wheel drive / SUV,,1,0,0,1,0,12,December,Summer,Tuesday,22:00 - Midnight,Evening / night,False,False,True,True
1374064,Injury,Moderate Injury,2024,2024,December,Saturday,06:00 - 07:59,BULLER,ST,0,Right on the spot,HOLLINGWORTH,ST,PORT MACQUARIE,,No,Not a school zone,X-intersection,-31.431108,152.904494,Port Macquarie-Hastings,Country urban,Rest of NSW - Urban,Straight,,,,Off,Sealed,Dry,Fine,Daylight,Nil,Give way sign,50 km/h,Local,10,Cross traffic,101,Adj - Cross traffic,,Right angle,Car (sedan/hatch),Pedal cycle,2,0,0,1,0,12,December,Summer,Saturday,06:00 - 07:59,AM peak / school commute,True,False,True,True
1374065,Injury,Serious Injury,2024,2024,November,Tuesday,08:00 - 09:59,NEWCASTLE,ST,0,Right on the spot,NUMBER 9,HN,MORISSET,,No,Not a school zone,2-way undivided,-33.104508,151.492136,Lake Macquarie,Newcastle met. area,Syd-Newc-Woll Gtr conurbation,Straight,,,,Nil,Unsealed,Dry,Fine,Daylight,Nil,No traffic controls,50 km/h,Local,90,Fell in/from vehicle,901,Fell in/from vehicle,,Person - Object,Car (sedan/hatch),,1,0,1,0,0,11,November,Spring,Tuesday,08:00 - 09:59,AM peak / school commute,True,False,True,True
1374070,Injury,Moderate Injury,2024,2024,November,Friday,12:00 - 13:59,NEW ENGLAND,HWY,1850,East,WEAKLEYS DRIVE,OP,BERESFIELD,9.0,No,Not a school zone,Divided road,-32.808095,151.646212,Newcastle,Newcastle met. area,Syd-Newc-Woll Gtr conurbation,Straight,Mid-blk median openg,,,Off,Sealed,Dry,Fine,Daylight,Nil,No traffic controls,90 km/h,State,40,U turn,207,Opp - U-turn,,Other angle,Station wagon,4 wheel drive / SUV,2,0,0,1,0,11,November,Spring,Friday,12:00 - 13:59,Midday / afternoon,False,False,True,True
1374071,Injury,Minor/Other Injury,2024,2024,December,Thursday,16:00 - 17:59,MATE,ST,0,Right on the spot,HEWISH,LANE,NORTH ALBURY,688.0,No,Not a school zone,T-junction,-36.066919,146.930833,Albury,Country urban,Rest of NSW - Urban,Straight,Foot/cycle path/nature strip,,,Nil,Sealed,Dry,Fine,Dusk,Nil,No traffic controls,60 km/h,Regional,48,From footpath,408,Manov - From footway,,Other angle,Pedal cycle,4 wheel drive / SUV,2,0,0,0,1,12,December,Summer,Thursday,16:00 - 17:59,PM peak / evening commute,True,False,True,True
1374072,Injury,Serious Injury,2024,2024,November,Sunday,14:00 - 15:59,KUNDLE KUNDLE,RD,1000,East,MAY DRIES,CL,KUNDLE KUNDLE,,No,Not a school zone,2-way undivided,-31.853098,152.521309,Mid-Coast,Country non-urban,Rest of NSW - Rural,Straight,Embankment/cutting,,,Nil,Sealed,Dry,Fine,Daylight,Nil,No traffic controls,100 km/h,Local,73,Off rd rght => obj,704,Right off cway into obj,,Vehicle - Object,Large rigid,,1,0,4,2,0,11,November,Spring,Sunday,14:00 - 15:59,Midday / afternoon,False,False,True,True
1374073,Injury,Moderate Injury,2024,2024,December,Monday,12:00 - 13:59,RAY,RD,0,Right on the spot,NUMBER 23,HN,EPPING,,No,Not a school zone,2-way undivided,-33.768876,151.079573,Parramatta,Sydney metro. area,Syd-Newc-Woll Gtr conurbation,Straight,Driveway/entrance,,,Off,Sealed,Dry,Fine,Daylight,Nil,No traffic controls,50 km/h,Local,47,Emerging from drive,406,Manov - Emerging from driveway,,Right angle,Car (sedan/hatch),Motorcycle,2,0,0,1,0,12,December,Summer,Monday,12:00 - 13:59,Midday / afternoon,False,False,True,True
1374074,Injury,Serious Injury,2024,2024,December,Tuesday,06:00 - 07:59,M7 WESTLINK,EXP,176,South,M7 WESTLINK EXPRESSWAY,TO,OAKHURST,6009.0,No,Not a school zone,Dual freeway,-33.740237,150.847516,Blacktown,Sydney metro. area,Syd-Newc-Woll Gtr conurbation,Straight,,Roadwks/Detour/Diverson,,Off,Sealed,Dry,Fine,Daylight,Nil,No traffic controls,80 km/h,State,30,Rear end,301,Same - Rear end,,Rear end,Light truck utility(from 2018),Light truck,2,0,1,0,0,12,December,Summer,Tuesday,06:00 - 07:59,AM peak / school commute,True,False,True,True
1374079,Injury,Minor/Other Injury,2024,2024,December,Tuesday,10:00 - 11:59,HOWICK,ST,0,Right on the spot,RANKIN,ST,BATHURST,,No,Not a school zone,Roundabout,-33.41407,149.578519,Bathurst Regional,Country urban,Rest of NSW - Urban,Straight,,,,Off,Sealed,Dry,Fine,Daylight,Nil,Give way sign,50 km/h,Local,40,U turn,207,Opp - U-turn,,Other angle,Car (sedan/hatch),4 wheel drive / SUV,2,0,0,0,1,12,December,Summer,Tuesday,10:00 - 11:59,Midday / afternoon,False,False,True,True
1374080,Injury,Minor/Other Injury,2024,2024,December,Thursday,04:00 - 05:59,GLENELG,ST,0,Right on the spot,IRRAWANG,ST,RAYMOND TERRACE,,No,Not a school zone,Roundabout,-32.766581,151.744743,Port Stephens,Country urban,Rest of NSW - Urban,Straight,,,,On,Sealed,Dry,Overcast,Dawn,Nil,Give way sign,50 km/h,Local,0,Ped nearside,1,Ped - Near side,,Vehicle - Pedestrian,Unknown motor vehicle,Pedestrian,2,0,0,0,1,12,December,Summer,Thursday,04:00 - 05:59,Late night / early morning,False,False,True,True
1374084,Injury,Serious Injury,2024,2024,December,Wednesday,08:00 - 09:59,CROWN,ST,20,North,SUTTOR,ST,WOOLLOOMOOLOO,,No,Not a school zone,2-way undivided,-33.873764,151.21643,Sydney,Sydney metro. area,Syd-Newc-Woll Gtr conurbation,Straight,,,,Off,Sealed,Wet,Raining,Daylight,Nil,No traffic controls,40 km/h,Local,74,On road-out of cont.,705,Out of control on cway,,Rollover,Motorcycle,,1,0,1,0,0,12,December,Summer,Wednesday,08:00 - 09:59,AM peak / school commute,True,False,True,True
1374086,Injury,Minor/Other Injury,2024,2024,December,Tuesday,12:00 - 13:59,MORTS,RD,5,South,MARTIN,PL,MORTDALE,,No,Not a school zone,T-junction,-33.969904,151.079546,Georges River,Sydney metro. area,Syd-Newc-Woll Gtr conurbation,Straight,,,,Nil,Sealed,Dry,Fine,Daylight,Nil,Ped crossing,40 km/h,Local,0,Ped nearside,1,Ped - Near side,,Vehicle - Pedestrian,Car (sedan/hatch),Pedestrian,2,0,0,0,1,12,December,Summer,Tuesday,12:00 - 13:59,Midday / afternoon,False,False,True,True
1374087,Injury,Moderate Injury,2024,2024,December,Sunday,08:00 - 09:59,WISEMANS FERRY,RD,500,South,PATRICIA FAY,DR,MAROOTA,181.0,No,Not a school zone,2-way undivided,-33.466337,150.9886,The Hills,Sydney metro. area,Syd-Newc-Woll Gtr conurbation,Straight,,,,Nil,Sealed,Dry,Fine,Daylight,Nil,No traffic controls,80 km/h,State,74,On road-out of cont.,705,Out of control on cway,,Rollover,Pedal cycle,,1,0,0,1,0,12,December,Summer,Sunday,08:00 - 09:59,AM peak / school commute,True,False,True,True
1374089,Injury,Moderate Injury,2024,2024,December,Saturday,14:00 - 15:59,GREAT SOUTHERN,RD,100,South,DYMOND,ST,BARGO,,No,Not a school zone,2-way undivided,-34.288637,150.58008,Wollondilly,Country urban,Syd-Newc-Woll Gtr conurbation,Straight,,,,Off,Sealed,Wet,Raining,Daylight,Nil,No traffic controls,60 km/h,Local,71,Off rd left => obj,703,Left off cway into object,,Other angle,Car (sedan/hatch),Box trailer,2,0,0,1,0,12,December,Summer,Saturday,14:00 - 15:59,Midday / afternoon,False,False,True,True
1374090,Injury,Serious Injury,2024,2024,November,Tuesday,08:00 - 09:59,WINDSOR,RD,0,Right on the spot,OLD WINDSOR,RD,KELLYVILLE,184.0,No,Not a school zone,T-junction,-33.704311,150.930426,The Hills,Sydney metro. area,Syd-Newc-Woll Gtr conurbation,Straight,,,,Off,Sealed,Dry,Overcast,Daylight,On,No traffic controls,80 km/h,State,30,Rear end,301,Same - Rear end,,Rear end,Light truck,4 wheel drive / SUV,4,0,2,0,0,11,November,Spring,Tuesday,08:00 - 09:59,AM peak / school commute,True,False,True,True
1374099,Injury,Minor/Other Injury,2024,2024,November,Wednesday,16:00 - 17:59,ELIZABETH MITCHELL,DR,10,North,FALLON,ST,THURGOONA,,No,Not a school zone,T-junction,-36.063399,146.975094,Albury,Country urban,Rest of NSW - Urban,Straight,,,,Off,Sealed,Dry,Fine,Daylight,Nil,Give way sign,80 km/h,Local,33,Lane sideswipe,305,Same - Lane side swipe,,Other angle,Light truck utility(from 2018),Pedal cycle,2,0,0,0,1,11,November,Spring,Wednesday,16:00 - 17:59,PM peak / evening commute,True,False,True,True
1374100,Injury,Serious Injury,2024,2024,December,Thursday,10:00 - 11:59,STONEY CREEK,RD,0,Right on the spot,PENSHURST,ST,BEVERLY HILLS,665.0,No,Not a school zone,X-intersection,-33.954952,151.079211,Georges River,Sydney metro. area,Syd-Newc-Woll Gtr conurbation,Straight,Steep grade,,,Off,Sealed,Dry,Fine,Daylight,On,No traffic controls,60 km/h,State,0,Ped nearside,1,Ped - Near side,,Vehicle - Pedestrian,Light truck utility(from 2018),Pedestrian,2,0,1,0,0,12,December,Summer,Thursday,10:00 - 11:59,Midday / afternoon,False,False,True,True
1374106,Injury,Moderate Injury,2024,2024,December,Saturday,12:00 - 13:59,DANDALOO,ST,0,Right on the spot,CATHUNDRIL,ST,NARROMINE,354.0,No,Not a school zone,X-intersection,-32.241939,148.237837,Narromine,Country urban,Rest of NSW - Urban,Straight,,,,Nil,Sealed,Dry,Fine,Daylight,Nil,Give way sign,50 km/h,Regional,10,Cross traffic,101,Adj - Cross traffic,,Right angle,4 wheel drive / SUV,Car (sedan/hatch),2,0,0,1,0,12,December,Summer,Saturday,12:00 - 13:59,Midday / afternoon,False,False,True,True
1374107,Injury,Moderate Injury,2024,2024,December,Thursday,12:00 - 13:59,CUMBERLAND,HWY,100,East,PERCIVAL,RD,SMITHFIELD,13.0,No,Not a school zone,Divided road,-33.846301,150.951189,Cumberland,Sydney metro. area,Syd-Newc-Woll Gtr conurbation,Straight,,,,Off,Sealed,Dry,Fine,Daylight,Nil,No traffic controls,70 km/h,State,73,Off rd rght => obj,704,Right off cway into obj,,Vehicle - Object,Car (sedan/hatch),,1,0,0,1,0,12,December,Summer,Thursday,12:00 - 13:59,Midday / afternoon,False,False,True,True
1374108,Injury,Minor/Other Injury,2024,2024,November,Monday,16:00 - 17:59,GRAHAMSTOWN,RD,0,Right on the spot,NUMBER 959,HN,MOUNT HOREB,,No,Not a school zone,2-way undivided,-35.231656,148.034017,Snowy Valleys,Country non-urban,Rest of NSW - Rural,Curved,Steep grade,,,Nil,Sealed,Dry,Fine,Daylight,Nil,No traffic controls,100 km/h,Local,81,Off left/rt bnd=>obj,803,Off right bend into obj,Left,Vehicle - Object,Car (sedan/hatch),,1,0,0,0,1,11,November,Spring,Monday,16:00 - 17:59,PM peak / evening commute,True,False,True,True
1374110,Injury,Serious Injury,2024,2024,October,Tuesday,08:00 - 09:59,PACIFIC,HWY,0,Right on the spot,MEDOWIE,RD,FERODALE,10.0,No,Not a school zone,T-junction,-32.669237,151.83426,Port Stephens,Country non-urban,Rest of NSW - Rural,Straight,,,,Off,Sealed,Dry,Fine,Daylight,Nil,Stop sign,100 km/h,State,13,Right near,104,Adj - Right-thru from right,,Right angle,4 wheel drive / SUV,B-double (road train prior 98),2,0,1,0,1,10,October,Spring,Tuesday,08:00 - 09:59,AM peak / school commute,True,False,True,True
1374117,Injury,Moderate Injury,2024,2024,December,Sunday,00:01 - 01:59,DAVISTOWN,RD,0,Right on the spot,LILLI PILLI,ST,DAVISTOWN,,No,Not a school zone,T-junction,-33.484182,151.360785,Central Coast,Country urban,Syd-Newc-Woll Gtr conurbation,Straight,,,,On,Sealed,Dry,Fine,Darkness,Nil,Give way sign,50 km/h,Local,71,Off rd left => obj,703,Left off cway into object,,Vehicle - Object,Car (sedan/hatch),,1,0,0,1,0,12,December,Summer,Sunday,00:01 - 01:59,Late night / early morning,False,False,True,True
1374119,Injury,Serious Injury,2024,2024,December,Monday,10:00 - 11:59,MILTON,ST,0,Right on the spot,NORTON,ST,ASHFIELD,549.0,No,Not a school zone,X-intersection,-33.889989,151.117231,Inner West,Sydney metro. area,Syd-Newc-Woll Gtr conurbation,Straight,Steep grade,,,Off,Sealed,Dry,Fine,Daylight,On,No traffic controls,50 km/h,State,10,Cross traffic,101,Adj - Cross traffic,,Right angle,Light truck,4 wheel drive / SUV,2,0,1,1,0,12,December,Summer,Monday,10:00 - 11:59,Midday / afternoon,False,False,True,True
1374120,Injury,Serious Injury,2024,2024,November,Tuesday,10:00 - 11:59,NEW ENGLAND,HWY,10,South,LINDSAYS GAP,RD,WALLABADAH,9.0,No,Not a school zone,T-junction,-31.494778,150.86496,Liverpool Plains,Country non-urban,Rest of NSW - Rural,Curved,Crest,,,Nil,Sealed,Dry,Fine,Daylight,Nil,No traffic controls,100 km/h,State,81,Off left/rt bnd=>obj,803,Off right bend into obj,Left,Vehicle - Object,4 wheel drive / SUV,,1,0,1,0,0,11,November,Spring,Tuesday,10:00 - 11:59,Midday / afternoon,False,False,True,True
1374121,Injury,Minor/Other Injury,2024,2024,October,Wednesday,16:00 - 17:59,OXLEY,ST,0,Right on the spot,ALLMAN,ST,CAMPBELLTOWN,177.0,No,Not a school zone,T-junction,-34.069908,150.813108,Campbelltown,Sydney metro. area,Syd-Newc-Woll Gtr conurbation,Straight,Steep grade,,,Nil,Sealed,Dry,Fine,Daylight,Nil,Stop sign,60 km/h,State,2,Ped far side,3,Ped - Far side,,Vehicle - Pedestrian,4 wheel drive / SUV,Pedestrian,2,0,0,0,1,10,October,Spring,Wednesday,16:00 - 17:59,PM peak / evening commute,True,False,True,True
1374122,Injury,Serious Injury,2024,2024,December,Thursday,14:00 - 15:59,GARDENERS,RD,0,Right on the spot,ISAAC SMITH,ST,DACEYVILLE,183.0,No,Not a school zone,T-junction,-33.925527,151.221741,Bayside,Sydney metro. area,Syd-Newc-Woll Gtr conurbation,Curved,,,,Off,Sealed,Dry,Fine,Daylight,Nil,Give way sign,60 km/h,State,21,Right through,202,Opp - Right-thru,,Other angle,Light truck,Light truck utility(from 2018),2,0,1,0,0,12,December,Summer,Thursday,14:00 - 15:59,Midday / afternoon,False,False,True,True
1374124,Injury,Moderate Injury,2024,2024,December,Saturday,16:00 - 17:59,BARRY,WAY,470,North,BIG YARD,RD,MOONBAH,,No,Not a school zone,2-way undivided,-36.491295,148.553628,Snowy Monaro Regional,Country non-urban,Rest of NSW - Rural,Curved,Steep grade,,,Nil,Sealed,Dry,Fine,Daylight,Nil,No traffic controls,100 km/h,Local,81,Off left/rt bnd=>obj,803,Off right bend into obj,Left,Vehicle - Object,Motorcycle,,1,0,0,1,0,12,December,Summer,Saturday,16:00 - 17:59,PM peak / evening commute,True,False,True,True