crash_id,degree_of_crash,degree_of_crash_-_detailed,reporting_year,year_of_crash,month_of_crash,day_of_week_of_crash,two-hour_intervals,street_of_crash,street_type,distance,direction,identifying_feature,identifying_feature_type,town,route_no.,school_zone_location,school_zone_active,type_of_location,latitude,longitude,lga,urbanisation,conurbation_1,alignment,primary_permanent_feature,primary_temporary_feature,primary_hazardous_feature,street_lighting,road_surface,surface_condition,weather,natural_lighting,signals_operation,other_traffic_control,speed_limit,road_classification_(admin),rum_-_code,rum_-_description,dca_-_code,dca_-_description,dca_supplement,first_impact_type,key_tu_type,other_tu_type,no._of_traffic_units_involved,no._killed,no._seriously_injured,no._moderately_injured,no._minor-other_injured,month_num,month_label,season,day_label,time_label,time_band,is_peak_commute,is_fatal,is_injury,is_casualty
1374126,Injury,Minor/Other Injury,2024,2024,December,Friday,12:00 - 13:59,BROKEN HEAD,RD,200,South,BANGALOW,RD,BYRON BAY,545.0,No,Not a school zone,2-way undivided,-28.671082,153.611999,Byron,Country urban,Rest of NSW - Urban,Curved,,,,Nil,Sealed,Dry,Fine,Daylight,Nil,No traffic controls,50 km/h,Regional,88,Out of cont on bend,805,Out of control on bend,,Rollover,Unknown motor vehicle,,1,0,0,0,1,12,December,Summer,Friday,12:00 - 13:59,Midday / afternoon,False,False,True,True
1374128,Injury,Moderate Injury,2024,2024,December,Thursday,06:00 - 07:59,HUME,HWY,200,South,HUME STREET,OP,GOULBURN,2.0,No,Not a school zone,Divided road,-34.776497,149.684625,Goulburn Mulwaree,Country non-urban,Rest of NSW - Rural,Straight,,,,Nil,Sealed,Dry,Fine,Daylight,Nil,No traffic controls,110 km/h,State,71,Off rd left => obj,703,Left off cway into object,,Vehicle - Object,Station wagon,,1,0,0,1,0,12,December,Summer,Thursday,06:00 - 07:59,AM peak / school commute,True,False,True,True
1374130,Injury,Serious Injury,2024,2024,November,Tuesday,06:00 - 07:59,BROADWATER EVANS HEAD,RD,1700,North,OCEAN,ST,EVANS HEAD,4058.0,No,Not a school zone,2-way undivided,-29.087318,153.426408,Richmond Valley,Country non-urban,Rest of NSW - Rural,Curved,Steep grade,,,Nil,Sealed,Wet,Overcast,Daylight,Nil,No traffic controls,100 km/h,Regional,85,Off rt/lft bnd=>obj,804,Off left bend into obj,Right,Vehicle - Object,Light truck utility(from 2018),,1,0,1,0,0,11,November,Spring,Tuesday,06:00 - 07:59,AM peak / school commute,True,False,True,True
1374132,Injury,Serious Injury,2024,2024,June,Saturday,22:00 - Midnight,CAPTAIN COOK,DR,0,Right on the spot,ENDEAVOUR,RD,CARINGBAH,662.0,No,Not a school zone,Multiple intersection,-34.033473,151.130117,Sutherland,Sydney metro. area,Syd-Newc-Woll Gtr conurbation,Curved,,Police pursuit,,On,Sealed,Dry,Fine,Darkness,Nil,Give way sign,60 km/h,State,13,Right near,104,Adj - Right-thru from right,,Right angle,Car (sedan/hatch),4 wheel drive / SUV,2,0,1,1,2,6,June,Winter,Saturday,22:00 - Midnight,Evening / night,False,False,True,True
1374134,Injury,Moderate Injury,2024,2024,December,Monday,00:01 - 01:59,LANE COVE,RD,200,South,M2 HILLS,EXP,MACQUARIE PARK,162.0,No,Not a school zone,Divided road,-33.782407,151.131387,Ryde,Sydney metro. area,Syd-Newc-Woll Gtr conurbation,Straight,Crest,,,On,Sealed,Dry,Fine,Darkness,Nil,No traffic controls,70 km/h,State,73,Off rd rght => obj,704,Right off cway into obj,,Vehicle - Object,Car (sedan/hatch),,1,0,0,1,0,12,December,Summer,Monday,00:01 - 01:59,Late night / early morning,False,False,True,True
1374135,Injury,Serious Injury,2024,2024,October,Wednesday,12:00 - 13:59,PRINCES,HWY,0,Right on the spot,PARK,RD,BULLI,1.0,No,Not a school zone,T-junction,-34.333469,150.913313,Wollongong,Wollongong met. area,Syd-Newc-Woll Gtr conurbation,Straight,Crest,,,Off,Sealed,Dry,Fine,Daylight,On,No traffic controls,60 km/h,State,21,Right through,202,Opp - Right-thru,,Other angle,Light truck utility(from 2018),Motorcycle,2,0,1,0,0,10,October,Spring,Wednesday,12:00 - 13:59,Midday / afternoon,False,False,True,True
1374136,Injury,Serious Injury,2024,2024,December,Wednesday,18:00 - 19:59,CABRAMATTA,RD,0,Right on the spot,HUMPHRIES,RD,BONNYRIGG,534.0,Yes,No,X-intersection,-33.894052,150.89743,Fairfield,Sydney metro. area,Syd-Newc-Woll Gtr conurbation,Straight,,,,Nil,Unsealed,Dry,Fine,Daylight,On,No traffic controls,60 km/h,State,21,Right through,202,Opp - Right-thru,,Other angle,Light truck utility(from 2018),Car (sedan/hatch),2,0,1,1,2,12,December,Summer,Wednesday,18:00 - 19:59,PM peak / evening commute,True,False,True,True
1374137,Injury,Moderate Injury,2024,2024,December,Thursday,16:00 - 17:59,WATSON,ST,10,East,ORCHARDTOWN,RD,NEW LAMBTON,,No,Not a school zone,X-intersection,-32.930314,151.708372,Newcastle,Newcastle met. area,Syd-Newc-Woll Gtr conurbation,Straight,,,,Off,Sealed,Dry,Fine,Daylight,Nil,No traffic controls,50 km/h,Local,73,Off rd rght => obj,704,Right off cway into obj,,Other angle,Car (sedan/hatch),Car (sedan/hatch),2,0,0,1,1,12,December,Summer,Thursday,16:00 - 17:59,PM peak / evening commute,True,False,True,True
1374138,Injury,Moderate Injury,2024,2024,December,Tuesday,00:01 - 01:59,OLD WINDSOR,RD,150,North,OAKES,RD,OLD TOONGABBIE,635.0,No,Not a school zone,Divided road,-33.784683,150.970887,Parramatta,Sydney metro. area,Syd-Newc-Woll Gtr conurbation,Straight,,,,On,Sealed,Dry,Fine,Darkness,Nil,No traffic controls,80 km/h,State,71,Off rd left => obj,703,Left off cway into object,,Vehicle - Object,Light truck utility(from 2018),,1,0,0,1,0,12,December,Summer,Tuesday,00:01 - 01:59,Late night / early morning,False,False,True,True
1374140,Injury,Moderate Injury,2024,2024,December,Thursday,16:00 - 17:59,WESTERN,EXP,100,East,PROSPECT HIGHWAY,TO,PROSPECT,6004.0,No,Not a school zone,Dual freeway,-33.806327,150.92245,Blacktown,Sydney metro. area,Syd-Newc-Woll Gtr conurbation,Straight,,,,Nil,Sealed,Dry,Fine,Daylight,Nil,No traffic controls,100 km/h,State,30,Rear end,301,Same - Rear end,,Rear end,Light truck,4 wheel drive / SUV,3,0,0,2,0,12,December,Summer,Thursday,16:00 - 17:59,PM peak / evening commute,True,False,True,True
1374143,Injury,Minor/Other Injury,2024,2024,December,Thursday,06:00 - 07:59,COBB,HWY,0,Right on the spot,BOYES,ST,MOAMA,21.0,No,Not a school zone,X-intersection,-36.099971,144.752948,Murray River,Country urban,Rest of NSW - Urban,Straight,,,,Off,Sealed,Dry,Fine,Daylight,Nil,Give way sign,50 km/h,State,10,Cross traffic,101,Adj - Cross traffic,,Right angle,4 wheel drive / SUV,Light truck utility(from 2018),2,0,0,0,1,12,December,Summer,Thursday,06:00 - 07:59,AM peak / school commute,True,False,True,True
1374145,Injury,Moderate Injury,2024,2024,December,Tuesday,12:00 - 13:59,MERILBA,ST,60,South,NYMAGEE,ST,NARROMINE,,No,Not a school zone,2-way undivided,-32.232689,148.24121,Narromine,Country urban,Rest of NSW - Urban,Straight,,,,Off,Sealed,Dry,Fine,Daylight,Nil,No traffic controls,50 km/h,Local,73,Off rd rght => obj,704,Right off cway into obj,,Vehicle - Object,Car (sedan/hatch),,1,0,0,1,0,12,December,Summer,Tuesday,12:00 - 13:59,Midday / afternoon,False,False,True,True
1374146,Injury,Moderate Injury,2024,2024,December,Friday,12:00 - 13:59,WYONG,RD,10,West,TONKISS,ST,MARDI,335.0,No,Not a school zone,Roundabout,-33.305863,151.408926,Central Coast,Country urban,Syd-Newc-Woll Gtr conurbation,Curved,,,,Off,Sealed,Dry,Fine,Daylight,Nil,Give way sign,70 km/h,State,30,Rear end,301,Same - Rear end,,Rear end,Large rigid,Car (sedan/hatch),3,0,0,1,0,12,December,Summer,Friday,12:00 - 13:59,Midday / afternoon,False,False,True,True
1374151,Injury,Moderate Injury,2024,2024,December,Sunday,00:01 - 01:59,OXFORD,ST,50,West,ELIZABETH,ST,PADDINGTON,172.0,Yes,No,Divided road,-33.887054,151.23031,Woollahra,Sydney metro. area,Syd-Newc-Woll Gtr conurbation,Straight,,,,On,Sealed,Dry,Fine,Darkness,On,Ped crossing,50 km/h,State,73,Off rd rght => obj,704,Right off cway into obj,,Vehicle - Object,Car (sedan/hatch),,1,0,0,1,0,12,December,Summer,Sunday,00:01 - 01:59,Late night / early morning,False,False,True,True
1374154,Injury,Serious Injury,2024,2024,November,Monday,18:00 - 19:59,APPIN,RD,100,West,BADEN POWELL,DR,CATARACT,177.0,No,Not a school zone,2-way undivided,-34.239509,150.834993,Wollondilly,Country non-urban,Syd-Newc-Woll Gtr conurbation,Straight,Painted double centre lines,,,Nil,Sealed,Dry,Fine,Daylight,Nil,No traffic controls,90 km/h,State,51,Out of control otake,502,Ovtak - Out of control,,Rollover,Motorcycle,,1,0,1,0,0,11,November,Spring,Monday,18:00 - 19:59,PM peak / evening commute,True,False,True,True
1374156,Injury,Moderate Injury,2024,2024,November,Friday,14:00 - 15:59,TUMBULGUM,RD,0,Right on the spot,NUMBER 46,HN,MURWILLUMBAH,,No,Not a school zone,2-way undivided,-28.325754,153.404873,Tweed,Country urban,Rest of NSW - Urban,Straight,Foot/cycle path/nature strip,,,Unknown / not stated,Sealed,Wet,Raining,Daylight,Nil,No traffic controls,50 km/h,Local,48,From footpath,408,Manov - From footway,,Other angle,Pedal cycle,4 wheel drive / SUV,2,0,0,1,0,11,November,Spring,Friday,14:00 - 15:59,Midday / afternoon,False,False,True,True
1374157,Injury,Serious Injury,2024,2024,November,Wednesday,06:00 - 07:59,CHAPEL,RD,0,Right on the spot,HIXSON,ST,BANKSTOWN,7122.0,No,Not a school zone,T-junction,-33.929005,151.029901,Canterbury-Bankstown,Sydney metro. area,Syd-Newc-Woll Gtr conurbation,Straight,,,,Nil,Sealed,Dry,Fine,Daylight,Nil,No traffic controls,60 km/h,Regional,71,Off rd left => obj,703,Left off cway into object,,Vehicle - Object,4 wheel drive / SUV,,1,0,1,0,0,11,November,Spring,Wednesday,06:00 - 07:59,AM peak / school commute,True,False,True,True
1374159,Injury,Serious Injury,2024,2024,December,Friday,14:00 - 15:59,BADAJOZ,RD,50,North,BYGRAVE,ST,RYDE,,Yes,No,2-way undivided,-33.807132,151.124083,Ryde,Sydney metro. area,Syd-Newc-Woll Gtr conurbation,Straight,B'down lane/road shldr,,,Off,Sealed,Dry,Fine,Daylight,Nil,No traffic controls,50 km/h,Local,71,Off rd left => obj,703,Left off cway into object,,Other angle,Motorcycle,Light truck utility(from 2018),3,0,1,0,0,12,December,Summer,Friday,14:00 - 15:59,Midday / afternoon,False,False,True,True
1374167,Injury,Minor/Other Injury,2024,2024,October,Wednesday,12:00 - 13:59,ALFORDS POINT,RD,0,Right on the spot,ALMA,RD,PADSTOW,190.0,No,Not a school zone,X-intersection,-33.962396,151.037054,Canterbury-Bankstown,Sydney metro. area,Syd-Newc-Woll Gtr conurbation,Curved,,,,On,Sealed,Dry,Fine,Daylight,On,No traffic controls,70 km/h,State,30,Rear end,301,Same - Rear end,,Rear end,Large rigid,Light truck utility(from 2018),2,0,0,0,1,10,October,Spring,Wednesday,12:00 - 13:59,Midday / afternoon,False,False,True,True
1374172,Injury,Serious Injury,2024,2024,November,Tuesday,20:00 - 21:59,DONOVAN,BVD,0,Right on the spot,GREGORY HILLS,DR,GREGORY HILLS,,No,Not a school zone,X-intersection,-34.024504,150.770739,Camden,Sydney metro. area,Syd-Newc-Woll Gtr conurbation,Straight,,,,On,Sealed,Dry,Fine,Darkness,On,No traffic controls,60 km/h,Local,21,Right through,202,Opp - Right-thru,,Other angle,Car (sedan/hatch),Car (sedan/hatch),2,0,1,1,0,11,November,Spring,Tuesday,20:00 - 21:59,Evening / night,False,False,True,True
1374176,Injury,Moderate Injury,2024,2024,December,Wednesday,14:00 - 15:59,KENT,RD,0,Right on the spot,NUMBER 85,HN,NORTH RYDE,,No,Not a school zone,2-way undivided,-33.789057,151.112951,Ryde,Sydney metro. area,Syd-Newc-Woll Gtr conurbation,Straight,,,,Nil,Sealed,Dry,Fine,Daylight,Nil,No traffic controls,50 km/h,Local,71,Off rd left => obj,703,Left off cway into object,,Other angle,Car (sedan/hatch),Car (sedan/hatch),3,0,0,1,0,12,December,Summer,Wednesday,14:00 - 15:59,Midday / afternoon,False,False,True,True
1374177,Injury,Moderate Injury,2024,2024,October,Thursday,08:00 - 09:59,OCEAN,DR,0,Right on the spot,NUMBER 527,HN,NORTH HAVEN,600.0,No,Not a school zone,2-way undivided,-31.642377,152.80973,Port Macquarie-Hastings,Country urban,Rest of NSW - Urban,Straight,,,,On,Sealed,Dry,Fine,Daylight,Nil,No traffic controls,50 km/h,Regional,71,Off rd left => obj,703,Left off cway into object,,Other angle,4 wheel drive / SUV,Light truck,2,0,0,3,0,10,October,Spring,Thursday,08:00 - 09:59,AM peak / school commute,True,False,True,True
1374178,Injury,Serious Injury,2024,2024,December,Monday,06:00 - 07:59,PITTWATER,RD,0,Right on the spot,NUMBER 955,HN,COLLAROY,164.0,No,Not a school zone,Divided road,-33.741986,151.303416,Northern Beaches,Sydney metro. area,Syd-Newc-Woll Gtr conurbation,Straight,,,Potholes/corrugations/rough,Nil,Sealed,Dry,Fine,Daylight,Nil,No traffic controls,60 km/h,State,74,On road-out of cont.,705,Out of control on cway,,Rollover,Pedal cycle,,1,0,1,0,0,12,December,Summer,Monday,06:00 - 07:59,AM peak / school commute,True,False,True,True
1374181,Injury,Serious Injury,2024,2024,October,Tuesday,14:00 - 15:59,LORDS,PL,0,Right on the spot,MARCH,ST,ORANGE,,No,Not a school zone,X-intersection,-33.27967,149.102036,Orange,Country urban,Rest of NSW - Urban,Straight,,,,Off,Sealed,Dry,Fine,Daylight,Nil,Give way sign,50 km/h,Local,10,Cross traffic,101,Adj - Cross traffic,,Right angle,Station wagon,Car (sedan/hatch),2,0,1,0,0,10,October,Spring,Tuesday,14:00 - 15:59,Midday / afternoon,False,False,True,True
1374183,Injury,Minor/Other Injury,2024,2024,November,Saturday,02:00 - 03:59,MIDDLETON,RD,0,Right on the spot,MILLER,RD,CHESTER HILL,,No,Not a school zone,T-junction,-33.871147,150.99301,Canterbury-Bankstown,Sydney metro. area,Syd-Newc-Woll Gtr conurbation,Straight,,,,Nil,Sealed,Wet,Other,Darkness,Nil,No traffic controls,50 km/h,Local,85,Off rt/lft bnd=>obj,706,Left turn,Right,Vehicle - Object,Car (sedan/hatch),,1,0,0,0,1,11,November,Spring,Saturday,02:00 - 03:59,Late night / early morning,False,False,True,True
1374185,Injury,Serious Injury,2024,2024,October,Monday,12:00 - 13:59,CHURCH,ST,0,Right on the spot,REIBY,RD,HUNTERS HILL,,No,Not a school zone,X-intersection,-33.834417,151.146275,Hunters Hill,Sydney metro. area,Syd-Newc-Woll Gtr conurbation,Straight,,,,Nil,Sealed,Dry,Fine,Daylight,Nil,Give way sign,50 km/h,Local,0,Ped nearside,1,Ped - Near side,,Vehicle - Pedestrian,Car (sedan/hatch),Pedestrian,2,0,1,0,0,10,October,Spring,Monday,12:00 - 13:59,Midday / afternoon,False,False,True,True
1374187,Injury,Minor/Other Injury,2024,2024,November,Thursday,14:00 - 15:59,LAKE,RD,50,East,JINDALEE,RD,PORT MACQUARIE,,No,Not a school zone,2-way undivided,-31.447182,152.886041,Port Macquarie-Hastings,Country urban,Rest of NSW - Urban,Curved,,Roadwks/Detour/Diverson,,Nil,Sealed,Dry,Fine,Daylight,Nil,No traffic controls,50 km/h,Local,30,Rear end,301,Same - Rear end,,Rear end,Car (sedan/hatch),4 wheel drive / SUV,2,0,0,0,1,11,November,Spring,Thursday,14:00 - 15:59,Midday / afternoon,False,False,True,True
1374188,Injury,Serious Injury,2024,2024,December,Monday,12:00 - 13:59,COOLAMON,RD,750,West,GOLDFIELDS,WAY,SEBASTOPOL,,No,Not a school zone,2-way undivided,-34.54673,147.501202,Temora,Country non-urban,Rest of NSW - Rural,Curved,,,Loose gravel shoulder,Nil,Sealed,Dry,Fine,Daylight,Nil,No traffic controls,100 km/h,Local,80,Off left/right bend,801,Off cway right bend,Left,Rollover,Semi-trailer,,1,0,1,0,0,12,December,Summer,Monday,12:00 - 13:59,Midday / afternoon,False,False,True,True
1374191,Injury,Serious Injury,2024,2024,November,Thursday,12:00 - 13:59,NEWCASTLE,EXP,2400,South,PACIFIC HIGHWAY,OP,BAR POINT,6003.0,No,Not a school zone,Dual freeway,-33.495106,151.186757,Central Coast,Country non-urban,Syd-Newc-Woll Gtr conurbation,Straight,Embankment/cutting,,,Nil,Sealed,Dry,Overcast,Daylight,Nil,No traffic controls,100 km/h,State,73,Off rd rght => obj,704,Right off cway into obj,,Vehicle - Object,4 wheel drive / SUV,,1,0,1,0,1,11,November,Spring,Thursday,12:00 - 13:59,Midday / afternoon,False,False,True,True
1374194,Injury,Serious Injury,2024,2024,October,Saturday,08:00 - 09:59,CAPTAIN COOK,DR,0,Right on the spot,TRINITY,ST,GREENHILLS BEACH,7031.0,No,Not a school zone,Roundabout,-34.036306,151.160224,Sutherland,Sydney metro. area,Syd-Newc-Woll Gtr conurbation,Curved,Foot/cycle path/nature strip,,,Off,Sealed,Dry,Fine,Daylight,Nil,Give way sign,70 km/h,Regional,37,Left turn sideswipe,309,Same - Left turn side swipe,,Other angle,Light truck utility(from 2018),Pedal cycle,2,0,1,0,0,10,October,Spring,Saturday,08:00 - 09:59,AM peak / school commute,True,False,True,True
1374195,Injury,Serious Injury,2024,2024,December,Sunday,10:00 - 11:59,TERRIGAL,DR,0,Right on the spot,JUNCTION,RD,TERRIGAL,505.0,No,Not a school zone,X-intersection,-33.440007,151.438067,Central Coast,Country urban,Syd-Newc-Woll Gtr conurbation,Curved,,,,Off,Sealed,Dry,Fine,Daylight,On,No traffic controls,60 km/h,State,10,Cross traffic,101,Adj - Cross traffic,,Right angle,Station wagon,4 wheel drive / SUV,3,0,2,0,0,12,December,Summer,Sunday,10:00 - 11:59,Midday / afternoon,False,False,True,True
1374197,Injury,Moderate Injury,2024,2024,November,Thursday,20:00 - 21:59,PARKES,ST,10,West,ANDERSON,ST,PARRAMATTA,2049.0,No,Not a school zone,T-junction,-33.820065,151.004657,Parramatta,Sydney metro. area,Syd-Newc-Woll Gtr conurbation,Straight,,,,On,Sealed,Dry,Fine,Darkness,Nil,No traffic controls,60 km/h,Regional,2,Ped far side,3,Ped - Far side,,Vehicle - Pedestrian,Car (sedan/hatch),Pedestrian,2,0,0,1,0,11,November,Spring,Thursday,20:00 - 21:59,Evening / night,False,False,True,True
1374198,Injury,Moderate Injury,2024,2024,December,Tuesday,12:00 - 13:59,THE NORTHERN,RD,0,Right on the spot,NUMBER 37-39,HN,BERKSHIRE PARK,154.0,No,Not a school zone,2-way undivided,-33.644425,150.782893,Penrith,Sydney metro. area,Syd-Newc-Woll Gtr conurbation,Straight,,,,Off,Sealed,Dry,Fine,Daylight,Nil,No traffic controls,80 km/h,State,71,Off rd left => obj,703,Left off cway into object,,Vehicle - Object,Car (sedan/hatch),,1,0,0,1,0,12,December,Summer,Tuesday,12:00 - 13:59,Midday / afternoon,False,False,True,True
1374199,Injury,Serious Injury,2024,2024,November,Friday,10:00 - 11:59,NEWTON,RD,0,Right on the spot,FLUSHCOMBE,RD,BLACKTOWN,7155.0,Yes,No,X-intersection,-33.773429,150.908029,Blacktown,Sydney metro. area,Syd-Newc-Woll Gtr conurbation,Straight,,,,Off,Sealed,Wet,Overcast,Daylight,On,No right turn,60 km/h,Regional,21,Right through,202,Opp - Right-thru,,Other angle,Car (sedan/hatch),Car (sedan/hatch),2,0,1,0,0,11,November,Spring,Friday,10:00 - 11:59,Midday / afternoon,False,False,True,True
1374200,Injury,Serious Injury,2024,2024,November,Monday,14:00 - 15:59,MARMONG,ST,0,Right on the spot,FIVE ISLANDS SCHOOL,ENT,BOORAGUL,,Yes,No,2-way undivided,-32.974405,151.611148,Lake Macquarie,Newcastle met. area,Syd-Newc-Woll Gtr conurbation,Straight,Driveway/entrance,Police pursuit,,Off,Sealed,Dry,Fine,Daylight,Nil,Ped crossing,50 km/h,Local,53,Overtake turning,506,Ovtak - Overtaking right turn,,Other angle,Motorcycle,Car (sedan/hatch),3,0,1,0,0,11,November,Spring,Monday,14:00 - 15:59,Midday / afternoon,False,False,True,True
1374201,Injury,Minor/Other Injury,2024,2024,October,Wednesday,12:00 - 13:59,WALKER,ST,10,North,MARY,ST,RHODES,,No,Not a school zone,L-junction,-33.831146,151.086662,Canada Bay,Sydney metro. area,Syd-Newc-Woll Gtr conurbation,Curved,,,,Off,Sealed,Dry,Fine,Daylight,Nil,No traffic controls,40 km/h,Local,33,Lane sideswipe,305,Same - Lane side swipe,,Other angle,4 wheel drive / SUV,Pedal cycle,2,0,0,0,1,10,October,Spring,Wednesday,12:00 - 13:59,Midday / afternoon,False,False,True,True
1374204,Injury,Moderate Injury,2024,2024,December,Tuesday,20:00 - 21:59,OLYMPIC,HWY,250,South,KOEPANG,RD,WOMBAT,78.0,No,Not a school zone,2-way undivided,-34.456596,148.20406,Hilltops,Country non-urban,Rest of NSW - Rural,Curved,,,,Nil,Sealed,Dry,Fine,Darkness,Nil,No traffic controls,100 km/h,State,81,Off left/rt bnd=>obj,803,Off right bend into obj,Left,Vehicle - Object,Light truck utility(from 2018),,1,0,0,1,1,12,December,Summer,Tuesday,20:00 - 21:59,Evening / night,False,False,True,True
1374206,Injury,Serious Injury,2024,2024,December,Friday,10:00 - 11:59,TALLAGANDRA,LANE,455,South,KIAORA,LANE,SUTTON,,No,Not a school zone,2-way undivided,-35.095826,149.179229,Yass Valley,Country non-urban,Rest of NSW - Rural,Straight,,,,Nil,Unsealed,Dry,Fine,Daylight,Nil,No traffic controls,100 km/h,Local,73,Off rd rght => obj,704,Right off cway into obj,,Vehicle - Object,Car (sedan/hatch),,1,0,1,0,0,12,December,Summer,Friday,10:00 - 11:59,Midday / afternoon,False,False,True,True
1374209,Injury,Moderate Injury,2024,2024,December,Tuesday,10:00 - 11:59,SUMMERLAND,WAY,25,North,RIVER BEND,CL,KYOGLE,83.0,No,Not a school zone,2-way undivided,-28.627674,153.002389,Kyogle,Country urban,Rest of NSW - Urban,Straight,Driveway/entrance,,,Nil,Sealed,Dry,Fine,Daylight,Nil,No traffic controls,50 km/h,State,47,Emerging from drive,406,Manov - Emerging from driveway,,Right angle,Light truck,Pedal cycle,2,0,0,2,0,12,December,Summer,Tuesday,10:00 - 11:59,Midday / afternoon,False,False,True,True
1374211,Injury,Moderate Injury,2024,2024,November,Saturday,16:00 - 17:59,KING,ST,0,Right on the spot,NATIONAL PARK,ST,NEWCASTLE WEST,188.0,No,Not a school zone,X-intersection,-32.927361,151.760721,Newcastle,Newcastle met. area,Syd-Newc-Woll Gtr conurbation,Straight,,,,On,Sealed,Dry,Fine,Daylight,Off,No traffic controls,50 km/h,Regional,74,On road-out of cont.,705,Out of control on cway,,Rollover,Motorcycle,,1,0,0,1,0,11,November,Spring,Saturday,16:00 - 17:59,PM peak / evening commute,True,False,True,True
1374212,Injury,Serious Injury,2024,2024,December,Wednesday,20:00 - 21:59,ROACH,ST,0,Right on the spot,NUMBER 22,HN,ARNCLIFFE,,No,Not a school zone,2-way undivided,-33.942355,151.141488,Bayside,Sydney metro. area,Syd-Newc-Woll Gtr conurbation,Straight,Steep grade,,Potholes/corrugations/rough,On,Sealed,Dry,Fine,Darkness,Nil,No traffic controls,50 km/h,Local,74,On road-out of cont.,705,Out of control on cway,,Rollover,Pedal cycle,,1,0,1,0,0,12,December,Summer,Wednesday,20:00 - 21:59,Evening / night,False,False,True,True
1374213,Injury,Serious Injury,2024,2024,November,Wednesday,04:00 - 05:59,HUME,HWY,3000,North,PICTON ROAD,OP,DOUGLAS PARK,2.0,No,Not a school zone,Dual freeway,-34.2104,150.690494,Wollondilly,Country non-urban,Syd-Newc-Woll Gtr conurbation,Straight,Other bridge,,,Off,Sealed,Dry,Fine,Dawn,Nil,No traffic controls,110 km/h,State,30,Rear end,301,Same - Rear end,,Rear end,Motorcycle,Car (sedan/hatch),2,0,1,0,0,11,November,Spring,Wednesday,04:00 - 05:59,Late night / early morning,False,False,True,True
1374219,Injury,Moderate Injury,2024,2024,December,Sunday,06:00 - 07:59,GURRUNDAH,RD,5000,West,ADDISON,ST,BAW BAW,,No,Not a school zone,2-way undivided,-34.752338,149.637774,Goulburn Mulwaree,Country non-urban,Rest of NSW - Rural,Straight,Ditch/drain/culvert,,,Nil,Sealed,Dry,Overcast,Daylight,Nil,No traffic controls,100 km/h,Local,73,Off rd rght => obj,704,Right off cway into obj,,Vehicle - Object,4 wheel drive / SUV,,1,0,0,1,0,12,December,Summer,Sunday,06:00 - 07:59,AM peak / school commute,True,False,True,True
1374221,Injury,Moderate Injury,2024,2024,November,Friday,18:00 - 19:59,DARLING,ST,0,Right on the spot,WINGEWARRA,ST,DUBBO,,Yes,No,X-intersection,-32.249648,148.605864,Dubbo Regional,Country urban,Rest of NSW - Urban,Straight,,,,On,Sealed,Wet,Raining,Dusk,On,No traffic controls,50 km/h,Local,10,Cross traffic,101,Adj - Cross traffic,,Right angle,Light truck utility(from 2018),Car (sedan/hatch),2,0,0,1,0,11,November,Spring,Friday,18:00 - 19:59,PM peak / evening commute,True,False,True,True
1374224,Injury,Moderate Injury,2024,2024,December,Tuesday,18:00 - 19:59,EAST,PDE,500,South,SOUTH,ST,COURIDJAH,,No,Not a school zone,2-way undivided,-34.241484,150.545782,Wollondilly,Country urban,Syd-Newc-Woll Gtr conurbation,Curved,Embankment/cutting,,,Off,Sealed,Dry,Fine,Daylight,Nil,No traffic controls,80 km/h,Local,81,Off left/rt bnd=>obj,803,Off right bend into obj,Left,Vehicle - Object,Light truck utility(from 2018),,1,0,0,1,0,12,December,Summer,Tuesday,18:00 - 19:59,PM peak / evening commute,True,False,True,True
1374225,Injury,Minor/Other Injury,2024,2024,December,Tuesday,20:00 - 21:59,GREAT WESTERN,HWY,0,Right on the spot,COATES,ST,MOUNT DRUITT,5.0,No,Not a school zone,T-junction,-33.779959,150.817416,Blacktown,Sydney metro. area,Syd-Newc-Woll Gtr conurbation,Straight,,,,On,Sealed,Dry,Overcast,Darkness,Nil,Give way sign,80 km/h,State,16,Left near,107,Adj - Left-thru from right,,Right angle,4 wheel drive / SUV,Motorcycle,2,0,0,0,1,12,December,Summer,Tuesday,20:00 - 21:59,Evening / night,False,False,True,True
1374227,Injury,Moderate Injury,2024,2024,October,Thursday,08:00 - 09:59,ROGERS,ST,20,East,LEGGE,ST,ROSELANDS,,No,Not a school zone,2-way undivided,-33.932949,151.086982,Canterbury-Bankstown,Sydney metro. area,Syd-Newc-Woll Gtr conurbation,Curved,,,,Off,Sealed,Dry,Fine,Daylight,Nil,No traffic controls,50 km/h,Local,87,Off lft/lft bnd=>obj,804,Off left bend into obj,Left,Other angle,4 wheel drive / SUV,Box trailer,2,0,0,1,0,10,October,Spring,Thursday,08:00 - 09:59,AM peak / school commute,True,False,True,True
1374228,Injury,Serious Injury,2024,2024,December,Monday,06:00 - 07:59,STEEL,ST,85,West,SUNNYHOLT,RD,BLACKTOWN,,No,Not a school zone,2-way undivided,-33.756063,150.913703,Blacktown,Sydney metro. area,Syd-Newc-Woll Gtr conurbation,Straight,Driveway/entrance,,,Nil,Sealed,Dry,Fine,Daylight,Nil,No traffic controls,50 km/h,Local,21,Right through,202,Opp - Right-thru,,Other angle,Light truck utility(from 2018),Car (sedan/hatch),3,0,1,0,0,12,December,Summer,Monday,06:00 - 07:59,AM peak / school commute,True,False,True,True