crash_id,degree_of_crash,degree_of_crash_-_detailed,reporting_year,year_of_crash,month_of_crash,day_of_week_of_crash,two-hour_intervals,street_of_crash,street_type,distance,direction,identifying_feature,identifying_feature_type,town,route_no.,school_zone_location,school_zone_active,type_of_location,latitude,longitude,lga,urbanisation,conurbation_1,alignment,primary_permanent_feature,primary_temporary_feature,primary_hazardous_feature,street_lighting,road_surface,surface_condition,weather,natural_lighting,signals_operation,other_traffic_control,speed_limit,road_classification_(admin),rum_-_code,rum_-_description,dca_-_code,dca_-_description,dca_supplement,first_impact_type,key_tu_type,other_tu_type,no._of_traffic_units_involved,no._killed,no._seriously_injured,no._moderately_injured,no._minor-other_injured,month_num,month_label,season,day_label,time_label,time_band,is_peak_commute,is_fatal,is_injury,is_casualty
1374236,Injury,Serious Injury,2024,2024,December,Sunday,18:00 - 19:59,GREEN VALLEY,RD,0,Right on the spot,RUNDLE,RD,GREEN VALLEY,,No,Not a school zone,X-intersection,-33.903761,150.876196,Liverpool,Sydney metro. area,Syd-Newc-Woll Gtr conurbation,Straight,,,,On,Sealed,Dry,Fine,Daylight,On,No traffic controls,50 km/h,Local,21,Right through,202,Opp - Right-thru,,Other angle,Car (sedan/hatch),Motorcycle,2,0,1,0,0,12,December,Summer,Sunday,18:00 - 19:59,PM peak / evening commute,True,False,True,True
1374238,Injury,Serious Injury,2024,2024,December,Sunday,12:00 - 13:59,FOREST,RD,0,Right on the spot,QUEEN VICTORIA,ST,BEXLEY,168.0,No,Not a school zone,T-junction,-33.952479,151.122719,Bayside,Sydney metro. area,Syd-Newc-Woll Gtr conurbation,Straight,,,,Off,Sealed,Dry,Fine,Daylight,On,No traffic controls,60 km/h,State,21,Right through,202,Opp - Right-thru,,Other angle,Car (sedan/hatch),Motorcycle,2,0,1,0,0,12,December,Summer,Sunday,12:00 - 13:59,Midday / afternoon,False,False,True,True
1374241,Injury,Moderate Injury,2024,2024,December,Wednesday,06:00 - 07:59,YOWRIE,RD,850,West,GILLESPIES,RD,YOWRIE,,No,Not a school zone,2-way undivided,-36.345045,149.806291,Bega Valley,Country urban,Rest of NSW - Urban,Curved,,,,Nil,Sealed,Wet,Fine,Dawn,Nil,No traffic controls,80 km/h,Local,3,Ped on carriageway,4,Ped - On carriageway,,Vehicle - Pedestrian,Car (sedan/hatch),Pedestrian,2,0,0,2,0,12,December,Summer,Wednesday,06:00 - 07:59,AM peak / school commute,True,False,True,True
1374245,Injury,Moderate Injury,2024,2024,December,Wednesday,12:00 - 13:59,DOBNEY,AVE,200,South,PEARSON,ST,ASHMONT,,No,Not a school zone,2-way undivided,-35.123121,147.342408,Wagga Wagga,Country urban,Rest of NSW - Urban,Straight,,,,Nil,Sealed,Dry,Fine,Daylight,Nil,No traffic controls,50 km/h,Local,40,U turn,304,Same - U-turn,,Other angle,Car (sedan/hatch),Utility,2,0,0,1,0,12,December,Summer,Wednesday,12:00 - 13:59,Midday / afternoon,False,False,True,True
1374249,Injury,Serious Injury,2024,2024,December,Saturday,20:00 - 21:59,CENTRAL COAST,HWY,65,South,ROBERTS,ST,THE ENTRANCE NORTH,30.0,No,Not a school zone,Divided road,-33.335829,151.502559,Central Coast,Country urban,Syd-Newc-Woll Gtr conurbation,Curved,Mid-blk median openg,,,On,Sealed,Dry,Fine,Darkness,Nil,No traffic controls,50 km/h,State,0,Ped nearside,1,Ped - Near side,,Vehicle - Pedestrian,Utility,Pedestrian,2,0,1,1,0,12,December,Summer,Saturday,20:00 - 21:59,Evening / night,False,False,True,True
1374252,Injury,Serious Injury,2024,2024,October,Monday,14:00 - 15:59,MAIZE,ST,0,Right on the spot,METFORD,RD,EAST MAITLAND,,No,Not a school zone,T-junction,-32.744729,151.614964,Maitland,Country urban,Rest of NSW - Urban,Straight,,,,Nil,Sealed,Dry,Fine,Daylight,Nil,No traffic controls,60 km/h,Local,13,Right near,104,Adj - Right-thru from right,,Right angle,Car (sedan/hatch),4 wheel drive / SUV,2,0,1,0,0,10,October,Spring,Monday,14:00 - 15:59,Midday / afternoon,False,False,True,True
1374253,Injury,Moderate Injury,2024,2024,November,Tuesday,20:00 - 21:59,CHURCH,ST,0,Right on the spot,MCGEES,LANE,PARKES,,No,Not a school zone,X-intersection,-33.13565,148.173793,Parkes,Country urban,Rest of NSW - Urban,Straight,,,,On,Sealed,Dry,Overcast,Darkness,Nil,Give way sign,50 km/h,Local,64,Perm obstruction,605,On path - Hit obstruction,,Vehicle - Object,4 wheel drive / SUV,,1,0,0,1,0,11,November,Spring,Tuesday,20:00 - 21:59,Evening / night,False,False,True,True
1374255,Injury,Minor/Other Injury,2024,2024,December,Thursday,06:00 - 07:59,BARRENJOEY,RD,0,Right on the spot,BASSETT,ST,MONA VALE,164.0,No,Not a school zone,T-junction,-33.67367,151.311612,Northern Beaches,Sydney metro. area,Syd-Newc-Woll Gtr conurbation,Straight,,,,Off,Sealed,Dry,Fine,Daylight,On,No traffic controls,60 km/h,State,21,Right through,202,Opp - Right-thru,,Other angle,Car (sedan/hatch),Light truck utility(from 2018),2,0,0,0,1,12,December,Summer,Thursday,06:00 - 07:59,AM peak / school commute,True,False,True,True
1374256,Injury,Moderate Injury,2024,2024,December,Wednesday,14:00 - 15:59,HAWKER,ST,1000,South,TAYLORS,LANE,QUIPOLLY,130.0,No,Not a school zone,2-way undivided,-31.449743,150.646074,Liverpool Plains,Country non-urban,Rest of NSW - Rural,Straight,,,,Nil,Sealed,Dry,Fine,Daylight,Nil,No traffic controls,100 km/h,Regional,71,Off rd left => obj,703,Left off cway into object,,Vehicle - Object,Car (sedan/hatch),,1,0,0,1,0,12,December,Summer,Wednesday,14:00 - 15:59,Midday / afternoon,False,False,True,True
1374258,Injury,Serious Injury,2024,2024,November,Sunday,12:00 - 13:59,PACIFIC,HWY,0,Right on the spot,GREENWICH,RD,GREENWICH,10.0,No,Not a school zone,T-junction,-33.824401,151.187945,Lane Cove,Sydney metro. area,Syd-Newc-Woll Gtr conurbation,Curved,,,,Nil,Sealed,Dry,Overcast,Daylight,On,No traffic controls,60 km/h,State,21,Right through,202,Opp - Right-thru,,Other angle,Car (sedan/hatch),Light truck utility(from 2018),2,0,1,0,0,11,November,Spring,Sunday,12:00 - 13:59,Midday / afternoon,False,False,True,True
1374260,Injury,Serious Injury,2024,2024,October,Friday,18:00 - 19:59,OXENBRIDGE,AVE,80,East,PEMBROKE,PDE,WILTON,,No,Not a school zone,2-way undivided,-34.233941,150.682705,Wollondilly,Country urban,Syd-Newc-Woll Gtr conurbation,Straight,,,,Off,Sealed,Dry,Fine,Daylight,Nil,No traffic controls,50 km/h,Local,71,Off rd left => obj,703,Left off cway into object,,Vehicle - Object,Car (sedan/hatch),,1,0,2,0,0,10,October,Spring,Friday,18:00 - 19:59,PM peak / evening commute,True,False,True,True
1374262,Injury,Minor/Other Injury,2024,2024,November,Wednesday,16:00 - 17:59,LAKE CANOBOLAS,RD,550,North,MT CANOBOLAS,RD,CANOBOLAS,,No,Not a school zone,2-way undivided,-33.337877,149.01837,Cabonne,Country urban,Rest of NSW - Urban,Curved,,,,Nil,Sealed,Wet,Raining,Daylight,Nil,No traffic controls,70 km/h,Local,81,Off left/rt bnd=>obj,803,Off right bend into obj,Left,Vehicle - Object,Car (sedan/hatch),,1,0,0,0,1,11,November,Spring,Wednesday,16:00 - 17:59,PM peak / evening commute,True,False,True,True
1374272,Injury,Serious Injury,2024,2024,November,Monday,22:00 - Midnight,GREAT WESTERN,HWY,0,Right on the spot,CUMBERLAND,HWY,GREYSTANES,5.0,No,Not a school zone,X-intersection,-33.814535,150.964461,Cumberland,Sydney metro. area,Syd-Newc-Woll Gtr conurbation,Straight,,,,On,Sealed,Dry,Fine,Darkness,On,No traffic controls,80 km/h,State,21,Right through,202,Opp - Right-thru,,Other angle,Car (sedan/hatch),B-double (road train prior 98),3,0,2,1,0,11,November,Spring,Monday,22:00 - Midnight,Evening / night,False,False,True,True
1374278,Injury,Serious Injury,2024,2024,December,Monday,16:00 - 17:59,COWPASTURE,RD,0,Right on the spot,MAIN,ST,CARNES HILL,648.0,No,Not a school zone,T-junction,-33.93749,150.842183,Liverpool,Sydney metro. area,Syd-Newc-Woll Gtr conurbation,Straight,,,,Off,Sealed,Dry,Fine,Daylight,Nil,Give way sign,70 km/h,State,34,Lane change right,306,Same - Lane change right,,Other angle,4 wheel drive / SUV,Car (sedan/hatch),2,0,1,0,0,12,December,Summer,Monday,16:00 - 17:59,PM peak / evening commute,True,False,True,True
1374279,Injury,Moderate Injury,2024,2024,November,Friday,10:00 - 11:59,SILVERDALE,RD,220,North,FARNSWORTH,AVE,WALLACIA,7640.0,No,Not a school zone,2-way undivided,-33.876394,150.61811,Wollondilly,Country urban,Syd-Newc-Woll Gtr conurbation,Straight,,,,Off,Sealed,Dry,Fine,Daylight,Nil,No traffic controls,60 km/h,Regional,30,Rear end,301,Same - Rear end,,Rear end,4 wheel drive / SUV,Light truck,2,0,0,1,0,11,November,Spring,Friday,10:00 - 11:59,Midday / afternoon,False,False,True,True
1374283,Injury,Moderate Injury,2024,2024,December,Saturday,18:00 - 19:59,EDWARD,ST,0,Right on the spot,PRINCES,ST,GUILDFORD WEST,,Yes,No,X-intersection,-33.84858,150.965242,Cumberland,Sydney metro. area,Syd-Newc-Woll Gtr conurbation,Straight,Steep grade,,,Unknown / not stated,Sealed,Dry,Fine,Daylight,Nil,Stop sign,50 km/h,Local,10,Cross traffic,101,Adj - Cross traffic,,Right angle,Car (sedan/hatch),4 wheel drive / SUV,2,0,0,1,0,12,December,Summer,Saturday,18:00 - 19:59,PM peak / evening commute,True,False,True,True
1374302,Injury,Moderate Injury,2024,2024,November,Wednesday,22:00 - Midnight,RAINBOW,ST,0,Right on the spot,NUMBER 329,HN,SOUTH COOGEE,,No,Not a school zone,2-way undivided,-33.927731,151.25478,Randwick,Sydney metro. area,Syd-Newc-Woll Gtr conurbation,Straight,Steep grade,,,Nil,Sealed,Dry,Fine,Darkness,Nil,No traffic controls,50 km/h,Local,41,U turn into object,409,Manov - U-turn into fixed obje,,Vehicle - Object,Motorcycle,,1,0,0,1,0,11,November,Spring,Wednesday,22:00 - Midnight,Evening / night,False,False,True,True
1374307,Injury,Moderate Injury,2024,2024,November,Tuesday,20:00 - 21:59,WYEE,RD,50,South,MANDALONG,RD,MORISSET,454.0,No,Not a school zone,2-way undivided,-33.113361,151.47821,Lake Macquarie,Newcastle met. area,Syd-Newc-Woll Gtr conurbation,Straight,Embankment/cutting,,,On,Sealed,Wet,Raining,Darkness,Nil,No traffic controls,60 km/h,Regional,73,Off rd rght => obj,704,Right off cway into obj,,Vehicle - Object,Car (sedan/hatch),,1,0,0,1,0,11,November,Spring,Tuesday,20:00 - 21:59,Evening / night,False,False,True,True
1374308,Injury,Moderate Injury,2024,2024,November,Wednesday,12:00 - 13:59,MACKAY,AVE,0,Right on the spot,FARRONATA,RD,GRIFFITH,80.0,No,Not a school zone,T-junction,-34.293676,146.069603,Griffith,Country urban,Rest of NSW - Urban,Straight,,,,Nil,Sealed,Dry,Fine,Daylight,Nil,Give way sign,60 km/h,State,32,Right rear,303,Same - Rear right,,Rear end,Large rigid,Light truck utility(from 2018),2,0,0,1,0,11,November,Spring,Wednesday,12:00 - 13:59,Midday / afternoon,False,False,True,True
1374309,Injury,Minor/Other Injury,2024,2024,December,Saturday,22:00 - Midnight,SCENIC,HWY,0,Right on the spot,NUMBER 195,HN,TERRIGAL,,No,Not a school zone,2-way undivided,-33.448493,151.434181,Central Coast,Country urban,Syd-Newc-Woll Gtr conurbation,Curved,,,,On,Sealed,Dry,Fine,Darkness,Nil,No traffic controls,50 km/h,Local,85,Off rt/lft bnd=>obj,804,Off left bend into obj,Right,Other angle,Car (sedan/hatch),4 wheel drive / SUV,3,0,0,0,1,12,December,Summer,Saturday,22:00 - Midnight,Evening / night,False,False,True,True
1374314,Injury,Moderate Injury,2024,2024,November,Saturday,18:00 - 19:59,OLD CASTLEREAGH,RD,925,West,LELAND,ST,PENRITH,,No,Not a school zone,2-way undivided,-33.728332,150.681865,Penrith,Sydney metro. area,Syd-Newc-Woll Gtr conurbation,Straight,,,,Off,Sealed,Wet,Raining,Daylight,Nil,No traffic controls,70 km/h,Local,73,Off rd rght => obj,704,Right off cway into obj,,Vehicle - Object,Car (sedan/hatch),,1,0,0,1,0,11,November,Spring,Saturday,18:00 - 19:59,PM peak / evening commute,True,False,True,True
1374322,Injury,Moderate Injury,2024,2024,December,Tuesday,14:00 - 15:59,TURF,ST,0,Right on the spot,NORTH,ST,GRAFTON,83.0,No,Not a school zone,X-intersection,-29.670785,152.936236,Clarence Valley,Country urban,Rest of NSW - Urban,Straight,,,,Nil,Sealed,Wet,Raining,Daylight,Nil,Give way sign,50 km/h,State,10,Cross traffic,101,Adj - Cross traffic,,Right angle,Station wagon,Other bus,2,0,0,1,0,12,December,Summer,Tuesday,14:00 - 15:59,Midday / afternoon,False,False,True,True
1374328,Injury,Minor/Other Injury,2024,2024,December,Wednesday,10:00 - 11:59,PRINCES,HWY,0,Right on the spot,KING GEORGES,RD,BLAKEHURST,1.0,No,Not a school zone,X-intersection,-33.987901,151.111784,Georges River,Sydney metro. area,Syd-Newc-Woll Gtr conurbation,Straight,,,,Off,Sealed,Dry,Fine,Daylight,On,No traffic controls,70 km/h,State,30,Rear end,301,Same - Rear end,,Rear end,4 wheel drive / SUV,4 wheel drive / SUV,2,0,0,0,1,12,December,Summer,Wednesday,10:00 - 11:59,Midday / afternoon,False,False,True,True
1374330,Injury,Serious Injury,2024,2024,November,Monday,14:00 - 15:59,BIGGE,ST,0,Right on the spot,ELIZABETH,ST,LIVERPOOL,,Yes,No,X-intersection,-33.920623,150.927302,Liverpool,Sydney metro. area,Syd-Newc-Woll Gtr conurbation,Straight,,,,Off,Sealed,Dry,Fine,Daylight,On,No traffic controls,40 km/h,Local,0,Ped nearside,1,Ped - Near side,,Vehicle - Pedestrian,4 wheel drive / SUV,Pedestrian,2,0,1,0,0,11,November,Spring,Monday,14:00 - 15:59,Midday / afternoon,False,False,True,True
1374334,Injury,Serious Injury,2024,2024,December,Saturday,18:00 - 19:59,CARLISLE,AVE,0,Right on the spot,FULLER,ST,MOUNT DRUITT,629.0,No,Not a school zone,T-junction,-33.773833,150.815628,Blacktown,Sydney metro. area,Syd-Newc-Woll Gtr conurbation,Straight,,,,Off,Sealed,Dry,Fine,Daylight,On,No traffic controls,60 km/h,State,2,Ped far side,3,Ped - Far side,,Vehicle - Pedestrian,Car (sedan/hatch),Pedestrian,2,0,1,1,0,12,December,Summer,Saturday,18:00 - 19:59,PM peak / evening commute,True,False,True,True
1374346,Injury,Serious Injury,2024,2024,December,Saturday,12:00 - 13:59,POWERLINE,RD,1000,West,QUORROBOLONG,RD,KITCHENER,,No,Not a school zone,2-way undivided,-32.878451,151.355898,Cessnock,Country urban,Rest of NSW - Urban,Straight,,,,Nil,Unsealed,Dry,Fine,Daylight,Nil,No traffic controls,50 km/h,Local,74,On road-out of cont.,705,Out of control on cway,,Rollover,Motorcycle,,1,0,1,0,0,12,December,Summer,Saturday,12:00 - 13:59,Midday / afternoon,False,False,True,True
1374352,Injury,Serious Injury,2024,2024,November,Friday,12:00 - 13:59,KAMILAROI,HWY,465,South,SULLINGS,LANE,BRAEFIELD,29.0,No,Not a school zone,2-way undivided,-31.562323,150.697303,Liverpool Plains,Country non-urban,Rest of NSW - Rural,Straight,Driveway/entrance,,,Nil,Sealed,Dry,Fine,Daylight,Nil,No traffic controls,100 km/h,State,40,U turn,304,Same - U-turn,,Other angle,4 wheel drive / SUV,Large rigid,2,0,2,1,0,11,November,Spring,Friday,12:00 - 13:59,Midday / afternoon,False,False,True,True
1374360,Injury,Moderate Injury,2024,2024,December,Sunday,22:00 - Midnight,BUCKETTS,WAY,200,South,RIBBONS,RD,STROUD,90.0,No,Not a school zone,2-way undivided,-32.435478,151.967544,Mid-Coast,Country non-urban,Rest of NSW - Rural,Curved,,,,Nil,Sealed,Wet,Raining,Darkness,Nil,No traffic controls,90 km/h,Regional,55,Pulling out rear end,505,Ovtak - Pulling out rear end,,Rear end,4 wheel drive / SUV,Car (sedan/hatch),2,0,0,1,0,12,December,Summer,Sunday,22:00 - Midnight,Evening / night,False,False,True,True
1374365,Injury,Moderate Injury,2024,2024,November,Tuesday,06:00 - 07:59,WESTERN,DSTR,0,Right on the spot,SUSSEX,ST,SYDNEY,165.0,No,Not a school zone,X-intersection,-33.870975,151.203853,Sydney,Sydney metro. area,Syd-Newc-Woll Gtr conurbation,Straight,,,,Off,Sealed,Dry,Fine,Daylight,On,No traffic controls,50 km/h,State,10,Cross traffic,101,Adj - Cross traffic,,Right angle,4 wheel drive / SUV,4 wheel drive / SUV,2,0,0,1,0,11,November,Spring,Tuesday,06:00 - 07:59,AM peak / school commute,True,False,True,True
1374373,Injury,Serious Injury,2024,2024,November,Sunday,12:00 - 13:59,WATKINS,ST,50,South,HELEN,ST,MEREWETHER,,No,Not a school zone,Divided road,-32.941587,151.758664,Newcastle,Newcastle met. area,Syd-Newc-Woll Gtr conurbation,Straight,,,,Off,Sealed,Dry,Fine,Daylight,Nil,No traffic controls,40 km/h,Local,71,Off rd left => obj,703,Left off cway into object,,Vehicle - Object,Motorcycle,,1,0,1,0,0,11,November,Spring,Sunday,12:00 - 13:59,Midday / afternoon,False,False,True,True
1374381,Injury,Serious Injury,2024,2024,December,Monday,12:00 - 13:59,MULGOA,RD,0,Right on the spot,WESTERN,EXP,REGENTVILLE,155.0,No,Not a school zone,T-junction,-33.773169,150.669892,Penrith,Sydney metro. area,Syd-Newc-Woll Gtr conurbation,Straight,,Roadwks/Detour/Diverson,,Nil,Sealed,Dry,Fine,Daylight,On,No traffic controls,40 km/h,State,11,Right far,102,Adj - Right-thru from left,,Right angle,Motorcycle,4 wheel drive / SUV,2,0,1,0,0,12,December,Summer,Monday,12:00 - 13:59,Midday / afternoon,False,False,True,True
1374394,Injury,Serious Injury,2024,2024,November,Wednesday,10:00 - 11:59,HUNTLEY,RD,100,South,HINEY,RD,HUNTLEY,,No,Not a school zone,2-way undivided,-33.363821,149.111565,Orange,Country non-urban,Rest of NSW - Rural,Straight,Ditch/drain/culvert,,,Nil,Sealed,Dry,Fine,Daylight,Nil,No traffic controls,100 km/h,Local,71,Off rd left => obj,703,Left off cway into object,,Vehicle - Object,Station wagon,,1,0,1,0,0,11,November,Spring,Wednesday,10:00 - 11:59,Midday / afternoon,False,False,True,True
1374397,Injury,Serious Injury,2024,2024,November,Tuesday,20:00 - 21:59,PACIFIC,HWY,0,Right on the spot,HINTERLAND,WAY,BANGALOW,10.0,No,Not a school zone,Roundabout,-28.682346,153.533648,Byron,Country urban,Rest of NSW - Urban,Curved,Steep grade,,,On,Sealed,Dry,Fine,Darkness,Nil,Give way sign,50 km/h,State,88,Out of cont on bend,805,Out of control on bend,,Rollover,Semi-trailer,,1,0,1,0,0,11,November,Spring,Tuesday,20:00 - 21:59,Evening / night,False,False,True,True
1374400,Injury,Moderate Injury,2024,2024,December,Monday,14:00 - 15:59,NEWELL,HWY,17000,North,COONABARABRAN,TN,DANDRY,17.0,No,Not a school zone,2-way undivided,-30.943698,149.422813,Warrumbungle,Country non-urban,Rest of NSW - Rural,Curved,Ditch/drain/culvert,,,Nil,Sealed,Dry,Fine,Daylight,Nil,No traffic controls,110 km/h,State,81,Off left/rt bnd=>obj,803,Off right bend into obj,Left,Vehicle - Object,4 wheel drive / SUV,,1,0,0,1,0,12,December,Summer,Monday,14:00 - 15:59,Midday / afternoon,False,False,True,True
1374404,Injury,Minor/Other Injury,2024,2024,October,Thursday,22:00 - Midnight,MID WESTERN,HWY,50,North,MARIA,ST,BLAYNEY,6.0,No,Not a school zone,2-way undivided,-33.525991,149.257195,Blayney,Country urban,Rest of NSW - Urban,Curved,,,,On,Sealed,Dry,Fine,Darkness,Nil,No traffic controls,50 km/h,State,80,Off left/right bend,801,Off cway right bend,Left,Rollover,Light truck utility(from 2018),,1,0,0,0,1,10,October,Spring,Thursday,22:00 - Midnight,Evening / night,False,False,True,True
1374405,Injury,Moderate Injury,2024,2024,November,Monday,14:00 - 15:59,BAY,ST,150,West,WHARF,ST,TWEED HEADS,7733.0,No,Not a school zone,Divided road,-28.170906,153.5418,Tweed,Country urban,Rest of NSW - Urban,Straight,,,,Off,Sealed,Dry,Fine,Daylight,Nil,Ped crossing,50 km/h,Regional,0,Ped nearside,1,Ped - Near side,,Vehicle - Pedestrian,4 wheel drive / SUV,Pedestrian,2,0,0,1,0,11,November,Spring,Monday,14:00 - 15:59,Midday / afternoon,False,False,True,True
1374411,Injury,Moderate Injury,2024,2024,November,Monday,14:00 - 15:59,ALPHADALE,RD,0,Right on the spot,ROUS,RD,TREGEAGLE,,No,Not a school zone,X-intersection,-28.847961,153.356311,Lismore,Country urban,Rest of NSW - Urban,Straight,,,,Nil,Sealed,Dry,Fine,Daylight,Nil,Stop sign,80 km/h,Local,10,Cross traffic,101,Adj - Cross traffic,,Right angle,4 wheel drive / SUV,Unknown motor vehicle,2,0,0,2,0,11,November,Spring,Monday,14:00 - 15:59,Midday / afternoon,False,False,True,True
1374416,Injury,Moderate Injury,2024,2024,December,Wednesday,10:00 - 11:59,ELDRIDGE,RD,0,Right on the spot,OLIVE,ST,CONDELL PARK,,No,Not a school zone,T-junction,-33.931588,151.016587,Canterbury-Bankstown,Sydney metro. area,Syd-Newc-Woll Gtr conurbation,Straight,Steep grade,,,Nil,Sealed,Dry,Fine,Daylight,Nil,No traffic controls,50 km/h,Local,16,Left near,107,Adj - Left-thru from right,,Right angle,Light truck utility(from 2018),4 wheel drive / SUV,2,0,0,2,0,12,December,Summer,Wednesday,10:00 - 11:59,Midday / afternoon,False,False,True,True
1374419,Injury,Serious Injury,2024,2024,December,Tuesday,16:00 - 17:59,MCEVOY,ST,25,West,FOUNTAIN,ST,ALEXANDRIA,528.0,No,Not a school zone,2-way undivided,-33.902975,151.195635,Sydney,Sydney metro. area,Syd-Newc-Woll Gtr conurbation,Straight,Driveway/entrance,,,Nil,Sealed,Dry,Fine,Daylight,Nil,No traffic controls,50 km/h,State,47,Emerging from drive,406,Manov - Emerging from driveway,,Right angle,4 wheel drive / SUV,Motorised push scooters,2,0,1,0,0,12,December,Summer,Tuesday,16:00 - 17:59,PM peak / evening commute,True,False,True,True
1374421,Injury,Moderate Injury,2024,2024,November,Wednesday,04:00 - 05:59,GREAT WESTERN,HWY,0,Right on the spot,QUAY,ST,HAYMARKET,5.0,No,Not a school zone,X-intersection,-33.882844,151.204151,Sydney,Sydney metro. area,Syd-Newc-Woll Gtr conurbation,Straight,,,,On,Sealed,Dry,Fine,Darkness,On,No traffic controls,40 km/h,State,71,Off rd left => obj,703,Left off cway into object,,Vehicle - Object,Car (sedan/hatch),,1,0,0,1,0,11,November,Spring,Wednesday,04:00 - 05:59,Late night / early morning,False,False,True,True
1374424,Injury,Serious Injury,2024,2024,November,Sunday,16:00 - 17:59,RAILWAY,ST,0,Right on the spot,SHERBROOKE,ST,ROOTY HILL,537.0,No,Not a school zone,X-intersection,-33.770214,150.835065,Blacktown,Sydney metro. area,Syd-Newc-Woll Gtr conurbation,Straight,,,,Nil,Sealed,Dry,Fine,Daylight,Unknown / not stated,Ped crossing,60 km/h,State,48,From footpath,408,Manov - From footway,,Other angle,Motorised scooter (mob. aid),4 wheel drive / SUV,2,0,1,0,0,11,November,Spring,Sunday,16:00 - 17:59,PM peak / evening commute,True,False,True,True
1374425,Injury,Serious Injury,2024,2024,October,Friday,14:00 - 15:59,TOOMA,RD,20000,North,ALPINE,WAY,JAGUMBA,7604.0,No,Not a school zone,2-way undivided,-36.075165,148.211737,Snowy Valleys,Country urban,Rest of NSW - Urban,Curved,,,,Nil,Unsealed,Dry,Fine,Daylight,Nil,No traffic controls,80 km/h,Local,80,Off left/right bend,801,Off cway right bend,Left,Rollover,Motorcycle,,1,0,1,0,0,10,October,Spring,Friday,14:00 - 15:59,Midday / afternoon,False,False,True,True
1374427,Injury,Moderate Injury,2024,2024,May,Tuesday,16:00 - 17:59,NEWCASTLE,EXP,2000,North,PACIFIC HIGHWAY,OP,COWAN,6003.0,No,Not a school zone,Dual freeway,-33.542013,151.197838,Hornsby,Sydney metro. area,Syd-Newc-Woll Gtr conurbation,Straight,Steep grade,,,Off,Sealed,Dry,Fine,Daylight,Nil,No traffic controls,110 km/h,State,73,Off rd rght => obj,704,Right off cway into obj,,Vehicle - Object,Car (sedan/hatch),,2,0,0,1,0,5,May,Autumn,Tuesday,16:00 - 17:59,PM peak / evening commute,True,False,True,True
1374432,Injury,Serious Injury,2024,2024,October,Thursday,12:00 - 13:59,CRAWNEY,RD,16500,North,TIMOR,RD,CRAWNEY,,No,Not a school zone,2-way undivided,-31.645634,151.06828,Upper Hunter,Country non-urban,Rest of NSW - Rural,Curved,Stock grid/gate/crossing,,,Nil,Unsealed,Dry,Fine,Daylight,Nil,No traffic controls,100 km/h,Local,80,Off left/right bend,801,Off cway right bend,Left,Rollover,Motorcycle,,1,0,1,0,0,10,October,Spring,Thursday,12:00 - 13:59,Midday / afternoon,False,False,True,True
1374433,Injury,Minor/Other Injury,2024,2024,December,Wednesday,22:00 - Midnight,CARLISLE,AVE,190,North,DURHAM,ST,MOUNT DRUITT,629.0,No,Not a school zone,Divided road,-33.770327,150.8163,Blacktown,Sydney metro. area,Syd-Newc-Woll Gtr conurbation,Straight,Steep grade,,,On,Sealed,Dry,Fine,Darkness,Nil,No traffic controls,60 km/h,State,3,Ped on carriageway,4,Ped - On carriageway,,Vehicle - Pedestrian,Car (sedan/hatch),Pedestrian,2,0,0,0,1,12,December,Summer,Wednesday,22:00 - Midnight,Evening / night,False,False,True,True
1374435,Injury,Serious Injury,2024,2024,October,Thursday,10:00 - 11:59,BELLCAST,RD,0,Right on the spot,SANCTUARY,DR,ROUSE HILL,,No,Not a school zone,T-junction,-33.696661,150.928503,The Hills,Sydney metro. area,Syd-Newc-Woll Gtr conurbation,Straight,,,,Off,Sealed,Dry,Fine,Daylight,Nil,Give way sign,50 km/h,Local,11,Right far,102,Adj - Right-thru from left,,Right angle,Station wagon,Car (sedan/hatch),2,0,1,0,0,10,October,Spring,Thursday,10:00 - 11:59,Midday / afternoon,False,False,True,True
1374436,Injury,Serious Injury,2024,2024,November,Thursday,16:00 - 17:59,FOREST,RD,20,East,WOLLONGONG,RD,ARNCLIFFE,168.0,No,Not a school zone,2-way undivided,-33.942986,151.130506,Bayside,Sydney metro. area,Syd-Newc-Woll Gtr conurbation,Curved,,,,Nil,Sealed,Dry,Fine,Daylight,Nil,No traffic controls,60 km/h,State,0,Ped nearside,1,Ped - Near side,,Vehicle - Pedestrian,4 wheel drive / SUV,Pedestrian,2,0,1,0,0,11,November,Spring,Thursday,16:00 - 17:59,PM peak / evening commute,True,False,True,True
1374439,Injury,Moderate Injury,2024,2024,October,Tuesday,14:00 - 15:59,DANGARSLEIGH,RD,0,Right on the spot,GALLOWAY,ST,ARMIDALE,,Yes,No,X-intersection,-30.528848,151.671294,Armidale Regional,Country urban,Rest of NSW - Urban,Straight,,,,Off,Sealed,Dry,Fine,Daylight,Nil,Give way sign,50 km/h,Local,10,Cross traffic,101,Adj - Cross traffic,,Right angle,4 wheel drive / SUV,4 wheel drive / SUV,2,0,0,1,0,10,October,Spring,Tuesday,14:00 - 15:59,Midday / afternoon,False,False,True,True
1374440,Injury,Serious Injury,2024,2024,November,Saturday,20:00 - 21:59,CASTLEREAGH,RD,0,Right on the spot,COREEN,AVE,PENRITH,630.0,No,Not a school zone,Roundabout,-33.743375,150.691844,Penrith,Sydney metro. area,Syd-Newc-Woll Gtr conurbation,Straight,,,,On,Sealed,Dry,Fine,Dusk,Nil,Give way sign,60 km/h,State,71,Off rd left => obj,703,Left off cway into object,,Vehicle - Object,Motorcycle,,1,0,1,0,0,11,November,Spring,Saturday,20:00 - 21:59,Evening / night,False,False,True,True