crash_id,degree_of_crash,degree_of_crash_-_detailed,reporting_year,year_of_crash,month_of_crash,day_of_week_of_crash,two-hour_intervals,street_of_crash,street_type,distance,direction,identifying_feature,identifying_feature_type,town,route_no.,school_zone_location,school_zone_active,type_of_location,latitude,longitude,lga,urbanisation,conurbation_1,alignment,primary_permanent_feature,primary_temporary_feature,primary_hazardous_feature,street_lighting,road_surface,surface_condition,weather,natural_lighting,signals_operation,other_traffic_control,speed_limit,road_classification_(admin),rum_-_code,rum_-_description,dca_-_code,dca_-_description,dca_supplement,first_impact_type,key_tu_type,other_tu_type,no._of_traffic_units_involved,no._killed,no._seriously_injured,no._moderately_injured,no._minor-other_injured,month_num,month_label,season,day_label,time_label,time_band,is_peak_commute,is_fatal,is_injury,is_casualty
1374443,Injury,Moderate Injury,2024,2024,November,Friday,20:00 - 21:59,CLYDE RIDGE,RD,1000,East,MCMAHONS,RD,MORTON,,No,Not a school zone,2-way undivided,-35.393458,150.30809,Shoalhaven,Country non-urban,Rest of NSW - Rural,Curved,Embankment/cutting,,,Nil,Unsealed,Dry,Fine,Darkness,Nil,No traffic controls,100 km/h,Local,83,Off rt/rt bnd=>obj,803,Off right bend into obj,Right,Vehicle - Object,Light truck utility(from 2018),,1,0,0,1,0,11,November,Spring,Friday,20:00 - 21:59,Evening / night,False,False,True,True
1374444,Injury,Moderate Injury,2024,2024,November,Sunday,08:00 - 09:59,PACIFIC,HWY,1350,West,AVENUE ROAD,OP,GLENUGIE,10.0,No,Not a school zone,Divided road,-29.754661,153.049502,Clarence Valley,Country non-urban,Rest of NSW - Rural,Straight,Embankment/cutting,,,Nil,Sealed,Dry,Fine,Daylight,Nil,No traffic controls,110 km/h,State,70,Off road to left,701,Off carriageway to left,,Rollover,Car (sedan/hatch),,1,0,0,1,0,11,November,Spring,Sunday,08:00 - 09:59,AM peak / school commute,True,False,True,True
1374445,Injury,Minor/Other Injury,2024,2024,November,Tuesday,20:00 - 21:59,JOHN,ST,20,South,GREAT WESTERN,HWY,LIDCOMBE,,No,Not a school zone,2-way undivided,-33.8494,151.050342,Cumberland,Sydney metro. area,Syd-Newc-Woll Gtr conurbation,Straight,,,,On,Sealed,Dry,Fine,Darkness,Nil,No traffic controls,60 km/h,Local,0,Ped nearside,1,Ped - Near side,,Vehicle - Pedestrian,4 wheel drive / SUV,Pedestrian,2,0,0,0,1,11,November,Spring,Tuesday,20:00 - 21:59,Evening / night,False,False,True,True
1374446,Injury,Moderate Injury,2024,2024,December,Thursday,08:00 - 09:59,BINNI CREEK,RD,0,Right on the spot,DONCASTER,DR,COWRA,,No,Not a school zone,T-junction,-33.802746,148.697338,Cowra,Country urban,Rest of NSW - Urban,Curved,,,,Nil,Sealed,Dry,Fine,Daylight,Nil,No traffic controls,80 km/h,Local,13,Right near,104,Adj - Right-thru from right,,Right angle,Light truck utility(from 2018),Light truck utility(from 2018),2,0,0,1,1,12,December,Summer,Thursday,08:00 - 09:59,AM peak / school commute,True,False,True,True
1374448,Injury,Serious Injury,2024,2024,December,Tuesday,06:00 - 07:59,MCFARLANES,RD,650,South,SETTLERS,BVD,CHISHOLM,,No,Not a school zone,2-way undivided,-32.749197,151.643154,Maitland,Country urban,Rest of NSW - Urban,Curved,Ditch/drain/culvert,,,Off,Sealed,Dry,Fine,Daylight,Nil,No traffic controls,80 km/h,Local,81,Off left/rt bnd=>obj,803,Off right bend into obj,Left,Vehicle - Object,Car (sedan/hatch),,1,0,2,0,0,12,December,Summer,Tuesday,06:00 - 07:59,AM peak / school commute,True,False,True,True
1374451,Injury,Moderate Injury,2024,2024,November,Monday,18:00 - 19:59,ALBION,ST,0,Right on the spot,NUMBER 5,HN,MARRICKVILLE,,No,Not a school zone,2-way undivided,-33.911307,151.153289,Inner West,Sydney metro. area,Syd-Newc-Woll Gtr conurbation,Straight,Steep grade,,,Nil,Sealed,Dry,Fine,Daylight,Nil,No traffic controls,50 km/h,Local,90,Fell in/from vehicle,901,Fell in/from vehicle,,Person - Object,Car (sedan/hatch),,1,0,0,1,0,11,November,Spring,Monday,18:00 - 19:59,PM peak / evening commute,True,False,True,True
1374453,Injury,Minor/Other Injury,2024,2024,October,Wednesday,06:00 - 07:59,HUME,HWY,200,South,LERIDA,RD,BREADALBANE,2.0,No,Not a school zone,Divided road,-34.822468,149.39917,Upper Lachlan,Country non-urban,Rest of NSW - Rural,Curved,,,,Nil,Sealed,Dry,Fog or mist,Daylight,Nil,No traffic controls,110 km/h,State,85,Off rt/lft bnd=>obj,804,Off left bend into obj,Right,Vehicle - Object,Light truck utility(from 2018),,1,0,0,0,1,10,October,Spring,Wednesday,06:00 - 07:59,AM peak / school commute,True,False,True,True
1374454,Injury,Moderate Injury,2024,2024,November,Tuesday,04:00 - 05:59,NEWELL,HWY,12000,North,KILLARNEY GAP,RD,NARRABRI,17.0,No,Not a school zone,2-way undivided,-30.191337,149.817864,Narrabri,Country non-urban,Rest of NSW - Rural,Straight,Ditch/drain/culvert,,,Nil,Sealed,Dry,Fine,Dawn,Nil,No traffic controls,110 km/h,State,71,Off rd left => obj,703,Left off cway into object,,Vehicle - Object,4 wheel drive / SUV,,1,0,0,1,0,11,November,Spring,Tuesday,04:00 - 05:59,Late night / early morning,False,False,True,True
1374455,Injury,Moderate Injury,2024,2024,November,Monday,06:00 - 07:59,PACIFIC,HWY,0,Right on the spot,LUCCA,RD,WYONG,10.0,No,Not a school zone,T-junction,-33.269413,151.441435,Central Coast,Country urban,Syd-Newc-Woll Gtr conurbation,Straight,,,,On,Sealed,Wet,Raining,Dawn,Nil,Stop sign,70 km/h,State,21,Right through,202,Opp - Right-thru,,Other angle,4 wheel drive / SUV,Utility,2,0,0,1,0,11,November,Spring,Monday,06:00 - 07:59,AM peak / school commute,True,False,True,True
1374456,Injury,Moderate Injury,2024,2024,December,Wednesday,14:00 - 15:59,ASHBURNS,RD,0,Right on the spot,SMITHS CREEK,RD,STOKERS SIDING,,No,Not a school zone,T-junction,-28.399203,153.401184,Tweed,Country urban,Rest of NSW - Urban,Curved,,,,Off,Sealed,Dry,Fine,Daylight,Nil,No traffic controls,60 km/h,Local,20,Head on,201,Opp - Head on,,Head-on,4 wheel drive / SUV,Light truck utility(from 2018),2,0,0,2,0,12,December,Summer,Wednesday,14:00 - 15:59,Midday / afternoon,False,False,True,True
1374457,Injury,Serious Injury,2024,2024,November,Tuesday,08:00 - 09:59,NATTAI,ST,0,Right on the spot,NUMBER 112,HN,TAHMOOR,,No,Not a school zone,2-way undivided,-34.227267,150.565095,Wollondilly,Country urban,Syd-Newc-Woll Gtr conurbation,Straight,,,,Off,Sealed,Dry,Overcast,Daylight,Nil,No traffic controls,80 km/h,Local,40,U turn,304,Same - U-turn,,Other angle,Light truck utility(from 2018),Motorcycle,2,0,1,0,0,11,November,Spring,Tuesday,08:00 - 09:59,AM peak / school commute,True,False,True,True
1374458,Injury,Moderate Injury,2024,2024,November,Sunday,10:00 - 11:59,RICHMOND,RD,20,North,M7 WESTLINK EXPRESSWAY,TO,GLENDENNING,643.0,No,Not a school zone,Divided road,-33.734265,150.850019,Blacktown,Sydney metro. area,Syd-Newc-Woll Gtr conurbation,Straight,,,,Nil,Sealed,Dry,Fine,Daylight,Nil,No traffic controls,70 km/h,State,30,Rear end,301,Same - Rear end,,Rear end,Light truck utility(from 2018),4 wheel drive / SUV,2,0,0,1,0,11,November,Spring,Sunday,10:00 - 11:59,Midday / afternoon,False,False,True,True
1374459,Injury,Serious Injury,2024,2024,December,Tuesday,10:00 - 11:59,PACIFIC,HWY,0,Right on the spot,KARUAH RIVER,BDGE,KARUAH,10.0,No,Not a school zone,Divided road,-32.621187,151.962771,Mid-Coast,Country urban,Rest of NSW - Urban,Straight,Other bridge,Roadwks/Detour/Diverson,,Off,Sealed,Dry,Fine,Daylight,Nil,No traffic controls,80 km/h,State,30,Rear end,301,Same - Rear end,,Rear end,Large rigid,4 wheel drive / SUV,3,0,1,1,1,12,December,Summer,Tuesday,10:00 - 11:59,Midday / afternoon,False,False,True,True
1374460,Injury,Moderate Injury,2024,2024,December,Sunday,18:00 - 19:59,SIR THOMAS MITCHELL,DR,0,Right on the spot,NUMBER 41,HN,DAVIDSON,,No,Not a school zone,2-way undivided,-33.740967,151.192384,Northern Beaches,Sydney metro. area,Syd-Newc-Woll Gtr conurbation,Curved,,,,Nil,Sealed,Dry,Fine,Daylight,Nil,No traffic controls,50 km/h,Local,81,Off left/rt bnd=>obj,803,Off right bend into obj,Left,Other angle,Car (sedan/hatch),4 wheel drive / SUV,3,0,0,1,0,12,December,Summer,Sunday,18:00 - 19:59,PM peak / evening commute,True,False,True,True
1374461,Injury,Serious Injury,2024,2024,November,Thursday,16:00 - 17:59,CONDAMINE,ST,0,Right on the spot,BALGOWLAH,RD,BALGOWLAH,2112.0,No,Not a school zone,X-intersection,-33.790234,151.265692,Northern Beaches,Sydney metro. area,Syd-Newc-Woll Gtr conurbation,Straight,,,,On,Sealed,Dry,Fine,Daylight,On,No traffic controls,50 km/h,Regional,21,Right through,202,Opp - Right-thru,,Other angle,Car (sedan/hatch),4 wheel drive / SUV,2,0,1,0,1,11,November,Spring,Thursday,16:00 - 17:59,PM peak / evening commute,True,False,True,True
1374462,Injury,Serious Injury,2024,2024,November,Friday,20:00 - 21:59,MAIN,RD,0,Right on the spot,FREDERICK,ST,GLENDALE,527.0,No,Not a school zone,X-intersection,-32.927008,151.636886,Lake Macquarie,Newcastle met. area,Syd-Newc-Woll Gtr conurbation,Straight,,,,On,Sealed,Wet,Raining,Darkness,On,No traffic controls,60 km/h,State,21,Right through,202,Opp - Right-thru,,Other angle,Light truck utility(from 2018),4 wheel drive / SUV,2,0,1,0,0,11,November,Spring,Friday,20:00 - 21:59,Evening / night,False,False,True,True
1374463,Injury,Serious Injury,2024,2024,October,Monday,04:00 - 05:59,NEW ENGLAND,HWY,0,Right on the spot,THOMAS MITCHELL,DR,MUSWELLBROOK,9.0,No,Not a school zone,T-junction,-32.325971,150.944527,Muswellbrook,Country non-urban,Rest of NSW - Rural,Straight,,,,Unknown / not stated,Sealed,Unknown,Unknown,Darkness,Nil,Stop sign,100 km/h,State,21,Right through,202,Opp - Right-thru,,Other angle,Light truck utility(from 2018),4 wheel drive / SUV,2,0,1,1,0,10,October,Spring,Monday,04:00 - 05:59,Late night / early morning,False,False,True,True
1374464,Injury,Serious Injury,2024,2024,November,Sunday,20:00 - 21:59,BRUNKER,RD,0,Right on the spot,ROWE,DR,YAGOONA,7117.0,No,Not a school zone,T-junction,-33.897754,151.027206,Canterbury-Bankstown,Sydney metro. area,Syd-Newc-Woll Gtr conurbation,Straight,,,,On,Sealed,Wet,Raining,Darkness,Nil,No traffic controls,60 km/h,Regional,74,On road-out of cont.,705,Out of control on cway,,Rollover,Car (sedan/hatch),,1,0,1,0,0,11,November,Spring,Sunday,20:00 - 21:59,Evening / night,False,False,True,True
1374465,Injury,Moderate Injury,2024,2024,November,Monday,16:00 - 17:59,CLARENCE,WAY,4000,North,BONDS,RD,URBENVILLE,361.0,No,Not a school zone,2-way undivided,-28.4414,152.574272,Kyogle,Country non-urban,Rest of NSW - Rural,Curved,Steep grade,,,Nil,Sealed,Dry,Fine,Daylight,Nil,No traffic controls,100 km/h,Regional,80,Off left/right bend,801,Off cway right bend,Left,Rollover,Semi-trailer,,1,0,0,1,0,11,November,Spring,Monday,16:00 - 17:59,PM peak / evening commute,True,False,True,True
1374466,Injury,Moderate Injury,2024,2024,November,Sunday,18:00 - 19:59,GARFIELD,RD,180,West,WINDSOR,RD,ROUSE HILL,546.0,No,Not a school zone,2-way undivided,-33.663446,150.891802,Blacktown,Sydney metro. area,Syd-Newc-Woll Gtr conurbation,Straight,,,,Off,Sealed,Dry,Fine,Daylight,Nil,No traffic controls,60 km/h,State,20,Head on,201,Opp - Head on,,Head-on,Station wagon,Car (sedan/hatch),2,0,0,1,1,11,November,Spring,Sunday,18:00 - 19:59,PM peak / evening commute,True,False,True,True
1374468,Injury,Moderate Injury,2024,2024,November,Monday,08:00 - 09:59,OXLEY,HWY,2750,East,RALFES,TRL,MOUNT SEAVIEW,11.0,No,Not a school zone,2-way undivided,-31.407231,152.231674,Port Macquarie-Hastings,Country non-urban,Rest of NSW - Rural,Curved,Painted double centre lines,,,Nil,Sealed,Dry,Fine,Daylight,Nil,No traffic controls,100 km/h,State,20,Head on,201,Opp - Head on,,Head-on,Motorcycle,4 wheel drive / SUV,2,0,0,1,0,11,November,Spring,Monday,08:00 - 09:59,AM peak / school commute,True,False,True,True
1374469,Injury,Moderate Injury,2024,2024,October,Thursday,18:00 - 19:59,HUME,HWY,3440,North,NARELLAN ROAD,OP,CLAYMORE,2.0,No,Not a school zone,Dual freeway,-34.047063,150.817552,Campbelltown,Sydney metro. area,Syd-Newc-Woll Gtr conurbation,Straight,B'down lane/road shldr,,,Off,Sealed,Dry,Fine,Dusk,Nil,No traffic controls,110 km/h,State,30,Rear end,301,Same - Rear end,,Rear end,Station wagon,4 wheel drive / SUV,2,0,0,1,0,10,October,Spring,Thursday,18:00 - 19:59,PM peak / evening commute,True,False,True,True
1374470,Injury,Moderate Injury,2024,2024,November,Saturday,12:00 - 13:59,FOREST,RD,0,Right on the spot,CADIA,RD,ORANGE,245.0,No,Not a school zone,T-junction,-33.326392,149.084749,Orange,Country urban,Rest of NSW - Urban,Straight,,,,Nil,Sealed,Dry,Fine,Daylight,Nil,Give way sign,80 km/h,Regional,88,Out of cont on bend,707,Right turn,,Rollover,Motorcycle,,1,0,0,1,0,11,November,Spring,Saturday,12:00 - 13:59,Midday / afternoon,False,False,True,True
1374475,Injury,Serious Injury,2024,2024,October,Saturday,12:00 - 13:59,HUME,HWY,300,North,ALBURY STREET,TO,HOLBROOK,2.0,No,Not a school zone,Divided road,-35.724863,147.303786,Greater Hume,Country non-urban,Rest of NSW - Rural,Straight,,,,Nil,Sealed,Dry,Fine,Daylight,Nil,No traffic controls,110 km/h,State,30,Rear end,301,Same - Rear end,,Rear end,Light truck utility(from 2018),Light truck utility(from 2018),3,0,1,0,0,10,October,Spring,Saturday,12:00 - 13:59,Midday / afternoon,False,False,True,True
1374476,Injury,Serious Injury,2024,2024,November,Thursday,14:00 - 15:59,CANLEY VALE,RD,0,Right on the spot,NUMBER 314A,HN,CANLEY HEIGHTS,7224.0,No,Not a school zone,2-way undivided,-33.883277,150.921359,Fairfield,Sydney metro. area,Syd-Newc-Woll Gtr conurbation,Straight,,,,Off,Sealed,Dry,Fine,Daylight,Nil,No traffic controls,60 km/h,Regional,1,Ped emerging,2,Ped - emerging,,Vehicle - Pedestrian,4 wheel drive / SUV,Pedestrian,2,0,1,0,0,11,November,Spring,Thursday,14:00 - 15:59,Midday / afternoon,False,False,True,True
1374480,Injury,Minor/Other Injury,2024,2024,December,Friday,04:00 - 05:59,HUME,HWY,100,North,FALLON STREET,OP,NORTH ALBURY,2.0,No,Not a school zone,Divided road,-36.063705,146.942484,Albury,Country non-urban,Rest of NSW - Rural,Straight,,,,Nil,Sealed,Dry,Fine,Dawn,Nil,No traffic controls,110 km/h,State,30,Rear end,301,Same - Rear end,,Rear end,Car (sedan/hatch),B-double (road train prior 98),2,0,0,0,1,12,December,Summer,Friday,04:00 - 05:59,Late night / early morning,False,False,True,True
1374481,Injury,Moderate Injury,2024,2024,December,Friday,00:01 - 01:59,PARKES,ST,0,Right on the spot,STATION,ST,PARRAMATTA,2049.0,No,Not a school zone,X-intersection,-33.819387,151.007484,Parramatta,Sydney metro. area,Syd-Newc-Woll Gtr conurbation,Straight,,,,On,Sealed,Dry,Fine,Darkness,On,No right turn,60 km/h,Regional,10,Cross traffic,101,Adj - Cross traffic,,Right angle,Car (sedan/hatch),Station wagon,2,0,0,1,0,12,December,Summer,Friday,00:01 - 01:59,Late night / early morning,False,False,True,True
1374484,Injury,Moderate Injury,2024,2024,November,Friday,02:00 - 03:59,NEWCASTLE,EXP,100,North,FAIRLEY ROAD,OP,HOLMESVILLE,6003.0,No,Not a school zone,Dual freeway,-32.911577,151.560297,Lake Macquarie,Newcastle met. area,Syd-Newc-Woll Gtr conurbation,Straight,Other bridge,,,Nil,Sealed,Wet,Raining,Darkness,Nil,No traffic controls,110 km/h,State,71,Off rd left => obj,703,Left off cway into object,,Vehicle - Object,4 wheel drive / SUV,,1,0,0,1,0,11,November,Spring,Friday,02:00 - 03:59,Late night / early morning,False,False,True,True
1374485,Injury,Serious Injury,2024,2024,December,Sunday,12:00 - 13:59,DARWIN,ST,0,Right on the spot,CESSNOCK LEAGUES CLUB,ENT,CESSNOCK,,No,Not a school zone,2-way undivided,-32.834615,151.352925,Cessnock,Country urban,Rest of NSW - Urban,Straight,Driveway/entrance,,,Off,Sealed,Dry,Fine,Daylight,Nil,No traffic controls,50 km/h,Local,81,Off left/rt bnd=>obj,803,Off right bend into obj,Left,Other angle,Car (sedan/hatch),4 wheel drive / SUV,2,0,1,0,0,12,December,Summer,Sunday,12:00 - 13:59,Midday / afternoon,False,False,True,True
1374486,Injury,Minor/Other Injury,2024,2024,November,Thursday,06:00 - 07:59,RICHMOND,RD,0,Right on the spot,COREEN AVENUE,TO,PENRITH,154.0,No,Not a school zone,Divided road,-33.746824,150.71431,Penrith,Sydney metro. area,Syd-Newc-Woll Gtr conurbation,Straight,,,,Nil,Sealed,Dry,Fine,Daylight,Nil,No traffic controls,70 km/h,State,20,Head on,201,Opp - Head on,,Head-on,4 wheel drive / SUV,4 wheel drive / SUV,3,0,0,0,1,11,November,Spring,Thursday,06:00 - 07:59,AM peak / school commute,True,False,True,True
1374487,Injury,Minor/Other Injury,2024,2024,November,Friday,14:00 - 15:59,WESTERN,EXP,1000,West,MAMRE ROAD,OP,ORCHARD HILLS,6004.0,No,Not a school zone,Dual freeway,-33.783308,150.760104,Penrith,Sydney metro. area,Syd-Newc-Woll Gtr conurbation,Curved,,,,Off,Sealed,Dry,Fine,Daylight,Nil,No traffic controls,110 km/h,State,35,Lane change left,307,Same - Lane change left,,Other angle,Large rigid,Car (sedan/hatch),2,0,0,0,1,11,November,Spring,Friday,14:00 - 15:59,Midday / afternoon,False,False,True,True
1374488,Injury,Serious Injury,2024,2024,December,Thursday,06:00 - 07:59,MITCHELL,AVE,0,Right on the spot,LANG,ST,KURRI KURRI,588.0,No,Not a school zone,Roundabout,-32.817269,151.483097,Cessnock,Country urban,Rest of NSW - Urban,Straight,,,,Off,Sealed,Dry,Fine,Dawn,Nil,Give way sign,60 km/h,State,10,Cross traffic,101,Adj - Cross traffic,,Right angle,Car (sedan/hatch),Motorcycle,2,0,1,0,0,12,December,Summer,Thursday,06:00 - 07:59,AM peak / school commute,True,False,True,True
1374489,Injury,Minor/Other Injury,2024,2024,December,Monday,14:00 - 15:59,CLOTHIERS CREEK,RD,530,West,PACIFIC HIGHWAY,OP,CLOTHIERS CREEK,,No,Not a school zone,2-way undivided,-28.329603,153.514798,Tweed,Country urban,Rest of NSW - Urban,Curved,Steep grade,,"Loose gravel, sealed",Nil,Sealed,Dry,Fine,Daylight,Nil,No traffic controls,60 km/h,Local,88,Out of cont on bend,805,Out of control on bend,,Rollover,Motorcycle,,1,0,0,0,1,12,December,Summer,Monday,14:00 - 15:59,Midday / afternoon,False,False,True,True
1374490,Injury,Minor/Other Injury,2024,2024,November,Sunday,14:00 - 15:59,EPPING,RD,20,North,BALACLAVA,RD,MARSFIELD,373.0,No,Not a school zone,Divided road,-33.777629,151.107909,Ryde,Sydney metro. area,Syd-Newc-Woll Gtr conurbation,Straight,,,,Nil,Sealed,Dry,Fine,Daylight,Nil,No traffic controls,70 km/h,State,30,Rear end,301,Same - Rear end,,Rear end,Light truck,Motorcycle,2,0,0,0,1,11,November,Spring,Sunday,14:00 - 15:59,Midday / afternoon,False,False,True,True
1374495,Injury,Serious Injury,2024,2024,December,Monday,10:00 - 11:59,JOHN,ST,0,Right on the spot,TOWRADGI,RD,TOWRADGI,,No,Not a school zone,T-junction,-34.383025,150.896182,Wollongong,Wollongong met. area,Syd-Newc-Woll Gtr conurbation,Straight,,,,Off,Sealed,Dry,Fine,Daylight,Nil,No traffic controls,50 km/h,Local,13,Right near,104,Adj - Right-thru from right,,Right angle,Car (sedan/hatch),Car (sedan/hatch),3,0,1,0,1,12,December,Summer,Monday,10:00 - 11:59,Midday / afternoon,False,False,True,True
1374496,Injury,Serious Injury,2024,2024,December,Friday,12:00 - 13:59,HUME,HWY,200,South,ALLAMBIE ROAD,OP,WOODLANDS,2.0,No,Not a school zone,Dual freeway,-34.444763,150.395305,Wingecarribee,Country non-urban,Rest of NSW - Rural,Straight,,,,Nil,Sealed,Wet,Raining,Daylight,Nil,No traffic controls,110 km/h,State,30,Rear end,301,Same - Rear end,,Rear end,Semi-trailer,Light truck,2,0,1,0,0,12,December,Summer,Friday,12:00 - 13:59,Midday / afternoon,False,False,True,True
1374499,Injury,Serious Injury,2024,2024,October,Tuesday,06:00 - 07:59,HUME,HWY,3000,North,CHURCH AVENUE,OP,YERRINBOOL,2.0,No,Not a school zone,Dual freeway,-34.382637,150.524553,Wingecarribee,Country non-urban,Rest of NSW - Rural,Straight,Embankment/cutting,,,Off,Sealed,Wet,Overcast,Dawn,Nil,No traffic controls,110 km/h,State,33,Lane sideswipe,305,Same - Lane side swipe,,Other angle,Car (sedan/hatch),Large rigid,2,0,1,0,0,10,October,Spring,Tuesday,06:00 - 07:59,AM peak / school commute,True,False,True,True
1374501,Injury,Moderate Injury,2024,2024,December,Friday,12:00 - 13:59,BEROWRA WATERS,RD,1000,West,CURRAWONG,RD,BEROWRA HEIGHTS,332.0,No,Not a school zone,2-way undivided,-33.607051,151.130092,Hornsby,Sydney metro. area,Syd-Newc-Woll Gtr conurbation,Curved,Steep grade,,,Nil,Sealed,Dry,Fine,Daylight,Nil,No traffic controls,40 km/h,Regional,87,Off lft/lft bnd=>obj,804,Off left bend into obj,Left,Vehicle - Object,Car (sedan/hatch),,2,0,0,1,0,12,December,Summer,Friday,12:00 - 13:59,Midday / afternoon,False,False,True,True
1374506,Injury,Moderate Injury,2024,2024,November,Friday,04:00 - 05:59,ASHFORD,AVE,50,South,BULLECOURT,AVE,MILPERRA,,No,Not a school zone,2-way undivided,-33.938343,150.989177,Canterbury-Bankstown,Sydney metro. area,Syd-Newc-Woll Gtr conurbation,Straight,,Police pursuit,,On,Sealed,Dry,Fine,Darkness,Nil,No traffic controls,50 km/h,Local,71,Off rd left => obj,703,Left off cway into object,,Other angle,Car (sedan/hatch),Car (sedan/hatch),2,0,0,1,0,11,November,Spring,Friday,04:00 - 05:59,Late night / early morning,False,False,True,True
1374508,Injury,Serious Injury,2024,2024,December,Monday,06:00 - 07:59,M7 WESTLINK,EXP,20,North,NORWEST BOULEVARD,CNR,KINGS LANGLEY,6009.0,No,Not a school zone,Dual freeway,-33.745257,150.939027,Blacktown,Sydney metro. area,Syd-Newc-Woll Gtr conurbation,Straight,,,,Nil,Sealed,Dry,Fine,Daylight,Nil,No traffic controls,100 km/h,State,30,Rear end,301,Same - Rear end,,Rear end,Light truck utility(from 2018),Light truck,3,0,2,0,0,12,December,Summer,Monday,06:00 - 07:59,AM peak / school commute,True,False,True,True
1374509,Injury,Moderate Injury,2024,2024,November,Saturday,20:00 - 21:59,PACIFIC,HWY,0,Right on the spot,MARKET STREET,TO,COFFS HARBOUR,10.0,No,Not a school zone,Divided road,-30.297836,153.112695,Coffs Harbour,Country urban,Rest of NSW - Urban,Curved,,,Slippery surface,On,Sealed,Wet,Raining,Darkness,Nil,No traffic controls,60 km/h,State,86,Off left/left bend,802,Off cway left bend,Left,Rollover,Car (sedan/hatch),,1,0,0,1,0,11,November,Spring,Saturday,20:00 - 21:59,Evening / night,False,False,True,True
1374510,Injury,Moderate Injury,2024,2024,December,Friday,08:00 - 09:59,CUMBERLAND,HWY,10,North,ARBUTUS,ST,CANLEY HEIGHTS,13.0,Yes,No,T-junction,-33.885733,150.92332,Fairfield,Sydney metro. area,Syd-Newc-Woll Gtr conurbation,Straight,,,,Nil,Sealed,Dry,Fine,Daylight,Nil,Give way sign,70 km/h,State,30,Rear end,301,Same - Rear end,,Rear end,4 wheel drive / SUV,4 wheel drive / SUV,3,0,0,1,1,12,December,Summer,Friday,08:00 - 09:59,AM peak / school commute,True,False,True,True
1374511,Injury,Serious Injury,2024,2024,November,Saturday,08:00 - 09:59,CAMPFIRE,RD,4800,North,HURRICANE GULLY,RD,WALCHA,,No,Not a school zone,2-way undivided,-31.099928,151.409604,Walcha,Country non-urban,Rest of NSW - Rural,Curved,Embankment/cutting,Previous crash,,Nil,Unsealed,Dry,Fine,Daylight,Nil,No traffic controls,100 km/h,Local,80,Off left/right bend,801,Off cway right bend,Left,Rollover,Motorcycle,,3,0,1,1,0,11,November,Spring,Saturday,08:00 - 09:59,AM peak / school commute,True,False,True,True
1374513,Injury,Minor/Other Injury,2024,2024,December,Monday,16:00 - 17:59,MCINTYRE,CL,300,South,HAMLYN,DR,PORT MACQUARIE,,No,Not a school zone,2-way undivided,-31.457752,152.913203,Port Macquarie-Hastings,Country urban,Rest of NSW - Urban,Straight,Steep grade,,,Nil,Sealed,Dry,Fine,Daylight,Nil,No traffic controls,50 km/h,Local,48,From footpath,408,Manov - From footway,,Other angle,Pedal cycle,Utility,2,0,0,0,1,12,December,Summer,Monday,16:00 - 17:59,PM peak / evening commute,True,False,True,True
1374514,Injury,Moderate Injury,2024,2024,December,Saturday,06:00 - 07:59,WAUGH,ST,0,Right on the spot,PHILLIP,ST,CHINDERAH,,No,Not a school zone,T-junction,-28.233507,153.559942,Tweed,Country urban,Rest of NSW - Urban,Straight,,,,Nil,Sealed,Dry,Fine,Daylight,Nil,Give way sign,50 km/h,Local,14,2 right turning,105,Adj - Two right turning,,Right angle,Light truck utility(from 2018),Car (sedan/hatch),2,0,0,1,0,12,December,Summer,Saturday,06:00 - 07:59,AM peak / school commute,True,False,True,True
1374515,Injury,Moderate Injury,2024,2024,November,Wednesday,22:00 - Midnight,PATRICIA,ST,0,Right on the spot,NUMBER 41,HN,BLACKTOWN,,No,Not a school zone,2-way undivided,-33.794375,150.903055,Blacktown,Sydney metro. area,Syd-Newc-Woll Gtr conurbation,Straight,,,,On,Sealed,Dry,Fine,Darkness,Nil,No traffic controls,50 km/h,Local,71,Off rd left => obj,703,Left off cway into object,,Other angle,Car (sedan/hatch),Passenger van,2,0,0,1,0,11,November,Spring,Wednesday,22:00 - Midnight,Evening / night,False,False,True,True
1374516,Injury,Serious Injury,2024,2024,November,Thursday,08:00 - 09:59,LAKESIDE,PDE,120,South,JORDAN SPRINGS,BVD,JORDAN SPRINGS,,No,Not a school zone,2-way undivided,-33.728865,150.726042,Penrith,Sydney metro. area,Syd-Newc-Woll Gtr conurbation,Curved,Painted double centre lines,,,Nil,Sealed,Dry,Fine,Daylight,Nil,No traffic controls,50 km/h,Local,20,Head on,201,Opp - Head on,,Head-on,Car (sedan/hatch),Passenger van,2,0,1,0,1,11,November,Spring,Thursday,08:00 - 09:59,AM peak / school commute,True,False,True,True
1374517,Injury,Serious Injury,2024,2024,November,Saturday,16:00 - 17:59,PEROUSE,RD,50,South,BARKER,ST,RANDWICK,,No,Not a school zone,2-way undivided,-33.922368,151.243523,Randwick,Sydney metro. area,Syd-Newc-Woll Gtr conurbation,Straight,,,,Nil,Sealed,Dry,Fine,Daylight,Nil,No traffic controls,50 km/h,Local,90,Fell in/from vehicle,901,Fell in/from vehicle,,Person - Object,Motor scooter,,1,0,1,0,0,11,November,Spring,Saturday,16:00 - 17:59,PM peak / evening commute,True,False,True,True