crash_id,degree_of_crash,degree_of_crash_-_detailed,reporting_year,year_of_crash,month_of_crash,day_of_week_of_crash,two-hour_intervals,street_of_crash,street_type,distance,direction,identifying_feature,identifying_feature_type,town,route_no.,school_zone_location,school_zone_active,type_of_location,latitude,longitude,lga,urbanisation,conurbation_1,alignment,primary_permanent_feature,primary_temporary_feature,primary_hazardous_feature,street_lighting,road_surface,surface_condition,weather,natural_lighting,signals_operation,other_traffic_control,speed_limit,road_classification_(admin),rum_-_code,rum_-_description,dca_-_code,dca_-_description,dca_supplement,first_impact_type,key_tu_type,other_tu_type,no._of_traffic_units_involved,no._killed,no._seriously_injured,no._moderately_injured,no._minor-other_injured,month_num,month_label,season,day_label,time_label,time_band,is_peak_commute,is_fatal,is_injury,is_casualty
1374520,Injury,Moderate Injury,2024,2024,November,Friday,06:00 - 07:59,FONTANA,DR,0,Right on the spot,OLD PITT TOWN,RD,GABLES,,No,Not a school zone,X-intersection,-33.63899,150.9044,The Hills,Sydney metro. area,Syd-Newc-Woll Gtr conurbation,Straight,,Roadwks/Detour/Diverson,,Off,Sealed,Dry,Fine,Daylight,Nil,Stop sign,40 km/h,Local,10,Cross traffic,101,Adj - Cross traffic,,Right angle,Car (sedan/hatch),Passenger van,4,0,0,1,0,11,November,Spring,Friday,06:00 - 07:59,AM peak / school commute,True,False,True,True
1374523,Injury,Moderate Injury,2024,2024,November,Monday,10:00 - 11:59,HOLBORN,CCT,50,West,REDBANK,DR,GLEDSWOOD HILLS,,No,Not a school zone,2-way undivided,-34.02,150.765972,Camden,Sydney metro. area,Syd-Newc-Woll Gtr conurbation,Straight,,,,Off,Sealed,Dry,Fine,Daylight,Nil,No traffic controls,50 km/h,Local,40,U turn,207,Opp - U-turn,,Other angle,Light truck utility(from 2018),Motorcycle,2,0,0,1,0,11,November,Spring,Monday,10:00 - 11:59,Midday / afternoon,False,False,True,True
1374524,Injury,Moderate Injury,2024,2024,September,Thursday,16:00 - 17:59,GREENKNOWE,AVE,0,Right on the spot,BARODA,ST,ELIZABETH BAY,,No,Not a school zone,T-junction,-33.871538,151.225668,Sydney,Sydney metro. area,Syd-Newc-Woll Gtr conurbation,Straight,,,,Nil,Sealed,Dry,Fine,Dusk,Nil,No traffic controls,50 km/h,Local,53,Overtake turning,506,Ovtak - Overtaking right turn,,Other angle,Pedal cycle,Car (sedan/hatch),2,0,0,1,0,9,September,Spring,Thursday,16:00 - 17:59,PM peak / evening commute,True,False,True,True
1374526,Injury,Serious Injury,2024,2024,December,Sunday,12:00 - 13:59,SIR BERTRAM STEVENS,DR,500,North,MCKELL,AVE,ROYAL NATIONAL PARK,393.0,No,Not a school zone,2-way undivided,-34.148904,151.030622,Sutherland,Sydney metro. area,Syd-Newc-Woll Gtr conurbation,Curved,,,,Nil,Sealed,Wet,Raining,Daylight,Nil,No traffic controls,60 km/h,State,87,Off lft/lft bnd=>obj,804,Off left bend into obj,Left,Vehicle - Object,Car (sedan/hatch),,1,0,1,1,0,12,December,Summer,Sunday,12:00 - 13:59,Midday / afternoon,False,False,True,True
1374530,Injury,Minor/Other Injury,2024,2024,December,Wednesday,10:00 - 11:59,DARBY,ST,0,Right on the spot,QUEEN,ST,COOKS HILL,188.0,No,Not a school zone,X-intersection,-32.929891,151.77313,Newcastle,Newcastle met. area,Syd-Newc-Woll Gtr conurbation,Straight,,,,Off,Sealed,Dry,Fine,Daylight,On,No traffic controls,30 km/h,Regional,74,On road-out of cont.,705,Out of control on cway,,Rollover,Motor scooter,,1,0,0,0,1,12,December,Summer,Wednesday,10:00 - 11:59,Midday / afternoon,False,False,True,True
1374532,Injury,Serious Injury,2024,2024,December,Monday,18:00 - 19:59,MACQUARIE,ST,0,Right on the spot,CAMPVIEW,RD,MORISSET,217.0,No,Not a school zone,T-junction,-33.104923,151.499784,Lake Macquarie,Newcastle met. area,Syd-Newc-Woll Gtr conurbation,Straight,,,,Nil,Sealed,Dry,Fine,Daylight,Nil,No traffic controls,60 km/h,State,32,Right rear,303,Same - Rear right,,Rear end,Semi-trailer,Car (sedan/hatch),2,0,1,0,0,12,December,Summer,Monday,18:00 - 19:59,PM peak / evening commute,True,False,True,True
1374533,Injury,Serious Injury,2024,2024,November,Saturday,14:00 - 15:59,PACIFIC,HWY,100,South,GEORGE GIBSON,DR,COOPERNOOK,10.0,No,Not a school zone,Divided road,-31.824482,152.622606,Mid-Coast,Country non-urban,Rest of NSW - Rural,Straight,Embankment/cutting,,,Nil,Sealed,Wet,Raining,Daylight,Nil,No traffic controls,100 km/h,State,71,Off rd left => obj,703,Left off cway into object,,Vehicle - Object,Light truck utility(from 2018),,1,0,1,0,0,11,November,Spring,Saturday,14:00 - 15:59,Midday / afternoon,False,False,True,True
1374534,Injury,Moderate Injury,2024,2024,November,Sunday,20:00 - 21:59,GWYDIR,HWY,10,West,HERITAGE PARK,CL,WATERVIEW HEIGHTS,12.0,No,Not a school zone,T-junction,-29.683616,152.857023,Clarence Valley,Country non-urban,Rest of NSW - Rural,Straight,,,,Off,Sealed,Wet,Raining,Darkness,Nil,No traffic controls,100 km/h,State,66,Object on road,607,On path - Hit temp object,,Vehicle - Object,4 wheel drive / SUV,,1,0,0,1,0,11,November,Spring,Sunday,20:00 - 21:59,Evening / night,False,False,True,True
1374535,Injury,Serious Injury,2024,2024,December,Monday,16:00 - 17:59,YALWAL,RD,500,West,BAMARANG,RD,BARRINGELLA,,No,Not a school zone,2-way undivided,-34.903924,150.495935,Shoalhaven,Country urban,Rest of NSW - Urban,Straight,,,,Off,Sealed,Dry,Unknown,Daylight,Nil,No traffic controls,60 km/h,Local,74,On road-out of cont.,705,Out of control on cway,,Rollover,Motorcycle,,1,0,1,0,0,12,December,Summer,Monday,16:00 - 17:59,PM peak / evening commute,True,False,True,True
1374536,Injury,Serious Injury,2024,2024,October,Friday,12:00 - 13:59,HARWARD,RD,100,West,ROSE,RD,GRIFFITH,,No,Not a school zone,2-way undivided,-34.282305,146.024139,Griffith,Country urban,Rest of NSW - Urban,Curved,,,,Nil,Sealed,Wet,Overcast,Daylight,Nil,No traffic controls,50 km/h,Local,20,Head on,201,Opp - Head on,,Head-on,Car (sedan/hatch),Semi-trailer,2,0,1,0,0,10,October,Spring,Friday,12:00 - 13:59,Midday / afternoon,False,False,True,True
1374537,Injury,Serious Injury,2024,2024,September,Sunday,10:00 - 11:59,PHILLIP,ST,0,Right on the spot,WINDSOR,ST,RAYMOND TERRACE,,No,Not a school zone,T-junction,-32.770224,151.749663,Port Stephens,Country urban,Rest of NSW - Urban,Straight,,,,Off,Sealed,Dry,Fine,Daylight,Nil,No traffic controls,50 km/h,Local,31,Left rear,302,Same - Rear left,,Rear end,Car (sedan/hatch),Motorcycle,2,0,1,0,0,9,September,Spring,Sunday,10:00 - 11:59,Midday / afternoon,False,False,True,True
1374539,Injury,Minor/Other Injury,2024,2024,November,Saturday,16:00 - 17:59,HARRIS,ST,0,Right on the spot,QUARRY,ST,ULTIMO,170.0,No,Not a school zone,X-intersection,-33.876392,151.1978,Sydney,Sydney metro. area,Syd-Newc-Woll Gtr conurbation,Straight,Other bridge,,,Off,Sealed,Dry,Fine,Daylight,On,Ped crossing,50 km/h,State,0,Ped nearside,1,Ped - Near side,,Vehicle - Pedestrian,Car (sedan/hatch),Pedestrian,2,0,0,0,1,11,November,Spring,Saturday,16:00 - 17:59,PM peak / evening commute,True,False,True,True
1374540,Injury,Moderate Injury,2024,2024,November,Saturday,18:00 - 19:59,MUNRO,ST,70,West,FREDERICK,ST,SINGLETON,,No,Not a school zone,2-way undivided,-32.57169,151.165557,Singleton,Country urban,Rest of NSW - Urban,Straight,Driveway/entrance,,,Off,Sealed,Wet,Raining,Daylight,Nil,No traffic controls,50 km/h,Local,36,Right turn sideswipe,308,Same - Rgt turn side swipe,,Other angle,4 wheel drive / SUV,4 wheel drive / SUV,2,0,0,1,0,11,November,Spring,Saturday,18:00 - 19:59,PM peak / evening commute,True,False,True,True
1374542,Injury,Moderate Injury,2024,2024,November,Thursday,14:00 - 15:59,HEATHCOTE,RD,3000,North,NEW ILLAWARRA,RD,LUCAS HEIGHTS,512.0,No,Not a school zone,2-way undivided,-34.031617,150.962243,Sutherland,Sydney metro. area,Syd-Newc-Woll Gtr conurbation,Straight,,,,Nil,Sealed,Dry,Fine,Daylight,Nil,No traffic controls,90 km/h,State,71,Off rd left => obj,703,Left off cway into object,,Vehicle - Object,Car (sedan/hatch),,1,0,0,1,0,11,November,Spring,Thursday,14:00 - 15:59,Midday / afternoon,False,False,True,True
1374544,Injury,Serious Injury,2024,2024,December,Wednesday,18:00 - 19:59,KNIGHT,ST,100,North,HOLLYWOOD,DR,LANSVALE,,No,Not a school zone,2-way undivided,-33.898222,150.969255,Fairfield,Sydney metro. area,Syd-Newc-Woll Gtr conurbation,Straight,,,,On,Sealed,Dry,Fine,Dusk,Nil,No traffic controls,50 km/h,Local,63,Vehicle door,604,On path - Vehicle door,,Other angle,Pedal cycle,4 wheel drive / SUV,2,0,1,0,0,12,December,Summer,Wednesday,18:00 - 19:59,PM peak / evening commute,True,False,True,True
1374546,Injury,Moderate Injury,2024,2024,November,Sunday,08:00 - 09:59,MOSS VALE,RD,60,South,JENANTER,DR,KANGAROO VALLEY,261.0,No,Not a school zone,2-way undivided,-34.729976,150.522069,Shoalhaven,Country urban,Rest of NSW - Urban,Straight,,,,Nil,Sealed,Dry,Fine,Daylight,Nil,No traffic controls,60 km/h,State,30,Rear end,301,Same - Rear end,,Rear end,Motorcycle,Motorcycle,2,0,0,1,0,11,November,Spring,Sunday,08:00 - 09:59,AM peak / school commute,True,False,True,True
1374548,Injury,Minor/Other Injury,2024,2024,December,Wednesday,18:00 - 19:59,RESERVOIR,RD,0,Right on the spot,KURRAJONG,CRES,BLACKTOWN,683.0,No,Not a school zone,T-junction,-33.788596,150.898879,Blacktown,Sydney metro. area,Syd-Newc-Woll Gtr conurbation,Straight,,,,Off,Sealed,Dry,Fine,Daylight,On,No traffic controls,60 km/h,State,21,Right through,202,Opp - Right-thru,,Other angle,Car (sedan/hatch),4 wheel drive / SUV,2,0,0,0,1,12,December,Summer,Wednesday,18:00 - 19:59,PM peak / evening commute,True,False,True,True
1374552,Injury,Serious Injury,2024,2024,December,Thursday,06:00 - 07:59,PACIFIC,HWY,0,Right on the spot,FALCONERS,LANE,DIRTY CREEK,10.0,No,Not a school zone,T-junction,-29.964644,153.136925,Clarence Valley,Country non-urban,Rest of NSW - Rural,Curved,,,,Nil,Sealed,Dry,Fine,Daylight,Nil,No traffic controls,110 km/h,State,21,Right through,202,Opp - Right-thru,,Other angle,Car (sedan/hatch),B-double (road train prior 98),2,0,1,1,0,12,December,Summer,Thursday,06:00 - 07:59,AM peak / school commute,True,False,True,True
1374553,Injury,Serious Injury,2024,2024,December,Monday,12:00 - 13:59,KENT,ST,15,North,ERSKINE,ST,SYDNEY,,No,Not a school zone,2-way undivided,-33.866632,151.204349,Sydney,Sydney metro. area,Syd-Newc-Woll Gtr conurbation,Straight,,,,Nil,Sealed,Dry,Fine,Daylight,Nil,No traffic controls,40 km/h,Local,1,Ped emerging,2,Ped - emerging,,Vehicle - Pedestrian,Car (sedan/hatch),Pedestrian,2,0,1,1,0,12,December,Summer,Monday,12:00 - 13:59,Midday / afternoon,False,False,True,True
1374555,Injury,Moderate Injury,2024,2024,December,Tuesday,08:00 - 09:59,BONG BONG,ST,0,Right on the spot,SHOALHAVEN,ST,KIAMA,,No,Not a school zone,X-intersection,-34.672109,150.853189,Kiama,Country urban,Rest of NSW - Urban,Straight,Steep grade,,,Off,Sealed,Dry,Fine,Daylight,Nil,Stop sign,50 km/h,Local,10,Cross traffic,101,Adj - Cross traffic,,Right angle,4 wheel drive / SUV,Car (sedan/hatch),2,0,0,1,0,12,December,Summer,Tuesday,08:00 - 09:59,AM peak / school commute,True,False,True,True
1374556,Injury,Serious Injury,2024,2024,December,Tuesday,18:00 - 19:59,KING,ST,0,Right on the spot,COWPER,ST,WARRAWONG,522.0,No,Not a school zone,X-intersection,-34.485377,150.887635,Wollongong,Wollongong met. area,Syd-Newc-Woll Gtr conurbation,Straight,,,,On,Sealed,Dry,Fine,Dusk,On,No traffic controls,60 km/h,State,10,Cross traffic,101,Adj - Cross traffic,,Right angle,Motorcycle,4 wheel drive / SUV,2,0,1,1,0,12,December,Summer,Tuesday,18:00 - 19:59,PM peak / evening commute,True,False,True,True
1374557,Injury,Moderate Injury,2024,2024,November,Sunday,12:00 - 13:59,LAWRENCE HARGRAVE,DR,15,South,RAILWAY,AVE,SCARBOROUGH,185.0,Yes,No,2-way undivided,-34.266574,150.964644,Wollongong,Wollongong met. area,Syd-Newc-Woll Gtr conurbation,Curved,Driveway/entrance,,,Off,Sealed,Dry,Fine,Daylight,Nil,No traffic controls,60 km/h,State,21,Right through,202,Opp - Right-thru,,Other angle,4 wheel drive / SUV,Car (sedan/hatch),2,0,0,1,0,11,November,Spring,Sunday,12:00 - 13:59,Midday / afternoon,False,False,True,True
1374558,Injury,Serious Injury,2024,2024,October,Wednesday,16:00 - 17:59,PENNANT HILLS,RD,0,Right on the spot,BELLEVUE,ST,NORTH PARRAMATTA,2114.0,No,Not a school zone,X-intersection,-33.799284,151.009561,Parramatta,Sydney metro. area,Syd-Newc-Woll Gtr conurbation,Straight,,,,Off,Sealed,Dry,Fine,Daylight,Nil,Stop sign,60 km/h,Regional,10,Cross traffic,101,Adj - Cross traffic,,Right angle,4 wheel drive / SUV,Motorcycle,2,0,1,0,0,10,October,Spring,Wednesday,16:00 - 17:59,PM peak / evening commute,True,False,True,True
1374562,Injury,Serious Injury,2024,2024,December,Monday,20:00 - 21:59,GREAT NORTH,RD,0,Right on the spot,CHARLES,ST,FIVE DOCK,7325.0,No,Not a school zone,T-junction,-33.862472,151.130473,Canada Bay,Sydney metro. area,Syd-Newc-Woll Gtr conurbation,Straight,,,,On,Sealed,Dry,Fine,Darkness,Nil,No traffic controls,50 km/h,Regional,40,U turn,304,Same - U-turn,,Other angle,Car (sedan/hatch),Car (sedan/hatch),2,0,1,0,0,12,December,Summer,Monday,20:00 - 21:59,Evening / night,False,False,True,True
1374564,Injury,Moderate Injury,2024,2024,October,Monday,04:00 - 05:59,CAMDEN VALLEY,WAY,0,Right on the spot,BRINGELLY,RD,LEPPINGTON,620.0,No,Not a school zone,X-intersection,-33.950038,150.838787,Liverpool,Sydney metro. area,Syd-Newc-Woll Gtr conurbation,Straight,,,,On,Sealed,Dry,Fine,Darkness,On,No traffic controls,70 km/h,State,21,Right through,202,Opp - Right-thru,,Other angle,Car (sedan/hatch),4 wheel drive / SUV,2,0,0,1,0,10,October,Spring,Monday,04:00 - 05:59,Late night / early morning,False,False,True,True
1374565,Injury,Moderate Injury,2024,2024,December,Monday,18:00 - 19:59,FAIRWATER,DR,100,East,SWAN,CT,HARRINGTON PARK,,No,Not a school zone,2-way undivided,-34.030421,150.732385,Camden,Sydney metro. area,Syd-Newc-Woll Gtr conurbation,Straight,,,,Off,Sealed,Dry,Fine,Daylight,Nil,No traffic controls,50 km/h,Local,20,Head on,201,Opp - Head on,,Head-on,Light truck utility(from 2018),4 wheel drive / SUV,2,0,0,1,0,12,December,Summer,Monday,18:00 - 19:59,PM peak / evening commute,True,False,True,True
1374566,Injury,Moderate Injury,2024,2024,October,Tuesday,16:00 - 17:59,THE BOULEVARDE,MS,170,North,PIGOTT,ST,DULWICH HILL,,No,Not a school zone,2-way undivided,-33.900309,151.143392,Inner West,Sydney metro. area,Syd-Newc-Woll Gtr conurbation,Curved,Foot/cycle path/nature strip,,,Nil,Sealed,Dry,Fine,Daylight,Nil,No traffic controls,50 km/h,Local,83,Off rt/rt bnd=>obj,707,Right turn,Right,Other angle,Car (sedan/hatch),4 wheel drive / SUV,4,0,0,1,0,10,October,Spring,Tuesday,16:00 - 17:59,PM peak / evening commute,True,False,True,True
1374567,Injury,Moderate Injury,2024,2024,November,Monday,14:00 - 15:59,SANDERLING,ST,0,Right on the spot,SOUTH LIVERPOOL,RD,GREEN VALLEY,,Yes,No,T-junction,-33.910859,150.873758,Liverpool,Sydney metro. area,Syd-Newc-Woll Gtr conurbation,Straight,,,,Off,Sealed,Dry,Fine,Daylight,Nil,No traffic controls,50 km/h,Local,49,Other manoeuvring,400,Manov - other,,Other angle,4 wheel drive / SUV,Car (sedan/hatch),2,0,0,1,0,11,November,Spring,Monday,14:00 - 15:59,Midday / afternoon,False,False,True,True
1374568,Injury,Serious Injury,2024,2024,December,Thursday,12:00 - 13:59,HANNELL,ST,30,North,DOWNIE,ST,MARYVILLE,316.0,No,Not a school zone,Divided road,-32.912333,151.758561,Newcastle,Newcastle met. area,Syd-Newc-Woll Gtr conurbation,Straight,,,,Off,Sealed,Dry,Fine,Daylight,Nil,No traffic controls,60 km/h,State,30,Rear end,301,Same - Rear end,,Rear end,4 wheel drive / SUV,Light truck utility(from 2018),4,0,1,0,0,12,December,Summer,Thursday,12:00 - 13:59,Midday / afternoon,False,False,True,True
1374570,Injury,Moderate Injury,2024,2024,October,Wednesday,08:00 - 09:59,BRONTE,RD,0,Right on the spot,EBLEY,ST,BONDI JUNCTION,340.0,No,Not a school zone,X-intersection,-33.893723,151.249505,Waverley,Sydney metro. area,Syd-Newc-Woll Gtr conurbation,Straight,,,,Off,Sealed,Dry,Fine,Daylight,On,No traffic controls,50 km/h,Regional,0,Ped nearside,1,Ped - Near side,,Vehicle - Pedestrian,4 wheel drive / SUV,Pedestrian,2,0,0,1,0,10,October,Spring,Wednesday,08:00 - 09:59,AM peak / school commute,True,False,True,True
1374571,Injury,Moderate Injury,2024,2024,November,Thursday,10:00 - 11:59,SNOWY MOUNTAINS,HWY,500,South,MIDDLINGBANK,RD,RHINE FALLS,4.0,No,Not a school zone,2-way undivided,-36.164147,148.881267,Snowy Monaro Regional,Country non-urban,Rest of NSW - Rural,Straight,Embankment/cutting,,,Nil,Sealed,Unknown,Unknown,Daylight,Nil,No traffic controls,100 km/h,State,70,Off road to left,701,Off carriageway to left,,Rollover,Light truck utility(from 2018),,1,0,0,1,0,11,November,Spring,Thursday,10:00 - 11:59,Midday / afternoon,False,False,True,True
1374572,Injury,Serious Injury,2024,2024,November,Wednesday,20:00 - 21:59,O'CONNOR,RD,0,Right on the spot,NUMBEDR 28,HN,ARMIDALE,,No,Not a school zone,Divided road,-30.528704,151.657638,Armidale Regional,Country urban,Rest of NSW - Urban,Straight,,,,On,Sealed,Dry,Fine,Darkness,Nil,No traffic controls,50 km/h,Local,71,Off rd left => obj,703,Left off cway into object,,Other angle,Car (sedan/hatch),4 wheel drive / SUV,2,0,1,0,0,11,November,Spring,Wednesday,20:00 - 21:59,Evening / night,False,False,True,True
1374573,Injury,Serious Injury,2024,2024,December,Saturday,14:00 - 15:59,CARLISLE,AVE,200,South,EDDIE,RD,MINCHINBURY,629.0,No,Not a school zone,2-way undivided,-33.783723,150.811532,Blacktown,Sydney metro. area,Syd-Newc-Woll Gtr conurbation,Curved,Painted double centre lines,,,Nil,Sealed,Wet,Raining,Daylight,Nil,No traffic controls,70 km/h,State,20,Head on,201,Opp - Head on,,Head-on,Light truck utility(from 2018),Light truck utility(from 2018),2,0,1,0,0,12,December,Summer,Saturday,14:00 - 15:59,Midday / afternoon,False,False,True,True
1374575,Injury,Serious Injury,2024,2024,December,Wednesday,10:00 - 11:59,RICHMOND,RD,0,Right on the spot,KNOX,RD,DOONSIDE,643.0,No,Not a school zone,X-intersection,-33.742783,150.87022,Blacktown,Sydney metro. area,Syd-Newc-Woll Gtr conurbation,Straight,,,,Off,Sealed,Dry,Fine,Daylight,On,No traffic controls,70 km/h,State,45,Reversing,404,Manov - Reverse in traffic,,Other angle,Light truck utility(from 2018),Motorcycle,2,0,1,0,0,12,December,Summer,Wednesday,10:00 - 11:59,Midday / afternoon,False,False,True,True
1374576,Injury,Moderate Injury,2024,2024,November,Wednesday,16:00 - 17:59,PRINCES,HWY,140,South,MEMORIAL DRIVE,TO,FAIRY MEADOW,1.0,No,Not a school zone,Other,-34.406244,150.892242,Wollongong,Wollongong met. area,Syd-Newc-Woll Gtr conurbation,Straight,Freeway ramp/access,,,On,Sealed,Dry,Fine,Daylight,Nil,No traffic controls,60 km/h,State,73,Off rd rght => obj,704,Right off cway into obj,,Vehicle - Object,Car (sedan/hatch),,1,0,0,1,0,11,November,Spring,Wednesday,16:00 - 17:59,PM peak / evening commute,True,False,True,True
1374577,Injury,Serious Injury,2024,2024,November,Sunday,10:00 - 11:59,SODWALLS,RD,10000,West,HAMPTON,RD,SODWALLS,,No,Not a school zone,2-way undivided,-33.523422,149.938381,Lithgow,Country non-urban,Rest of NSW - Rural,Straight,Steep grade,,Potholes/corrugations/rough,Nil,Sealed,Dry,Fine,Daylight,Nil,No traffic controls,100 km/h,Local,74,On road-out of cont.,705,Out of control on cway,,Rollover,Motorcycle,,1,0,1,0,0,11,November,Spring,Sunday,10:00 - 11:59,Midday / afternoon,False,False,True,True
1374578,Injury,Serious Injury,2024,2024,December,Friday,08:00 - 09:59,HUME,HWY,20,West,LEACOCK,LANE,CASULA,2.0,No,Not a school zone,Divided road,-33.95594,150.894001,Liverpool,Sydney metro. area,Syd-Newc-Woll Gtr conurbation,Straight,,,,Off,Sealed,Dry,Fine,Daylight,Nil,No traffic controls,70 km/h,State,30,Rear end,301,Same - Rear end,,Rear end,Motorcycle,Light truck utility(from 2018),2,0,1,0,0,12,December,Summer,Friday,08:00 - 09:59,AM peak / school commute,True,False,True,True
1374580,Injury,Minor/Other Injury,2024,2024,December,Thursday,12:00 - 13:59,KING,RD,50,North,WRIGHT,ST,FAIRFIELD WEST,7231.0,No,Not a school zone,2-way undivided,-33.869525,150.917499,Fairfield,Sydney metro. area,Syd-Newc-Woll Gtr conurbation,Straight,,,,Nil,Sealed,Dry,Fine,Daylight,Nil,No traffic controls,50 km/h,Regional,33,Lane sideswipe,305,Same - Lane side swipe,,Other angle,4 wheel drive / SUV,Pedal cycle,2,0,0,0,1,12,December,Summer,Thursday,12:00 - 13:59,Midday / afternoon,False,False,True,True
1374581,Injury,Minor/Other Injury,2024,2024,November,Friday,16:00 - 17:59,TOWNSEND,ST,30,South,DEAN,ST,ALBURY,,No,Not a school zone,2-way undivided,-36.080651,146.913057,Albury,Country urban,Rest of NSW - Urban,Straight,,,,Off,Sealed,Dry,Fine,Daylight,Nil,No traffic controls,50 km/h,Local,43,Entering parking,402,Manov - Entering parking veh,,Other angle,Car (sedan/hatch),Pedal cycle,2,0,0,0,1,11,November,Spring,Friday,16:00 - 17:59,PM peak / evening commute,True,False,True,True
1374582,Injury,Moderate Injury,2024,2024,November,Friday,18:00 - 19:59,AUBURN,RD,0,Right on the spot,FERRIER,RD,YAGOONA,7105.0,No,Not a school zone,X-intersection,-33.897221,151.021361,Canterbury-Bankstown,Sydney metro. area,Syd-Newc-Woll Gtr conurbation,Straight,,,,Off,Sealed,Dry,Fine,Daylight,On,No traffic controls,60 km/h,Regional,21,Right through,202,Opp - Right-thru,,Other angle,4 wheel drive / SUV,4 wheel drive / SUV,2,0,0,2,0,11,November,Spring,Friday,18:00 - 19:59,PM peak / evening commute,True,False,True,True
1374583,Injury,Moderate Injury,2024,2024,December,Saturday,10:00 - 11:59,ARGYLE,ST,0,Right on the spot,NUMBER 403,HN,PICTON,620.0,No,Not a school zone,2-way undivided,-34.188021,150.605492,Wollondilly,Country urban,Syd-Newc-Woll Gtr conurbation,Straight,,,,Unknown / not stated,Sealed,Wet,Raining,Daylight,Nil,No traffic controls,60 km/h,Regional,30,Rear end,301,Same - Rear end,,Rear end,Motorcycle,4 wheel drive / SUV,2,0,0,1,0,12,December,Summer,Saturday,10:00 - 11:59,Midday / afternoon,False,False,True,True
1374587,Injury,Moderate Injury,2024,2024,November,Thursday,22:00 - Midnight,ALBERT,ST,0,Right on the spot,PARKES,AVE,WERRINGTON,,No,Not a school zone,T-junction,-33.756604,150.758188,Penrith,Sydney metro. area,Syd-Newc-Woll Gtr conurbation,Straight,,,,Nil,Sealed,Dry,Fine,Darkness,Nil,Give way sign,50 km/h,Local,13,Right near,104,Adj - Right-thru from right,,Right angle,Car (sedan/hatch),Motorcycle,2,0,0,1,0,11,November,Spring,Thursday,22:00 - Midnight,Evening / night,False,False,True,True
1374589,Injury,Minor/Other Injury,2024,2024,October,Friday,18:00 - 19:59,GREAT WESTERN,HWY,0,Right on the spot,BAY,ST,GLEBE,5.0,No,Not a school zone,T-junction,-33.884373,151.194933,Sydney,Sydney metro. area,Syd-Newc-Woll Gtr conurbation,Straight,,,,Nil,Sealed,Dry,Fine,Dusk,Unknown / not stated,Ped crossing,50 km/h,State,0,Ped nearside,1,Ped - Near side,,Vehicle - Pedestrian,Unknown motor vehicle,Pedestrian,2,0,0,0,1,10,October,Spring,Friday,18:00 - 19:59,PM peak / evening commute,True,False,True,True
1374592,Injury,Serious Injury,2024,2024,December,Tuesday,14:00 - 15:59,WALLGROVE,RD,0,Right on the spot,CHANDOS,RD,HORSLEY PARK,515.0,No,Not a school zone,X-intersection,-33.832048,150.855482,Fairfield,Sydney metro. area,Syd-Newc-Woll Gtr conurbation,Straight,,,,Nil,Sealed,Dry,Fine,Daylight,Nil,Stop sign,70 km/h,State,13,Right near,104,Adj - Right-thru from right,,Right angle,4 wheel drive / SUV,Car (sedan/hatch),3,0,1,1,1,12,December,Summer,Tuesday,14:00 - 15:59,Midday / afternoon,False,False,True,True
1374593,Injury,Serious Injury,2024,2024,December,Friday,14:00 - 15:59,THE LAKES,WAY,500,South,TALLWOOD,DR,RAINBOW FLAT,111.0,No,Not a school zone,2-way undivided,-32.050727,152.48089,Mid-Coast,Country urban,Rest of NSW - Urban,Curved,Steep grade,,,Nil,Sealed,Dry,Fine,Daylight,Nil,No traffic controls,80 km/h,Regional,80,Off left/right bend,801,Off cway right bend,Left,Rollover,Motorcycle,,1,0,1,0,0,12,December,Summer,Friday,14:00 - 15:59,Midday / afternoon,False,False,True,True
1374594,Injury,Serious Injury,2024,2024,December,Tuesday,12:00 - 13:59,PONSONBY,PDE,0,Right on the spot,NUMBER 4,HN,SEAFORTH,,No,Not a school zone,2-way undivided,-33.798334,151.248306,Northern Beaches,Sydney metro. area,Syd-Newc-Woll Gtr conurbation,Straight,,,,Off,Sealed,Dry,Fine,Daylight,Nil,No traffic controls,50 km/h,Local,71,Off rd left => obj,703,Left off cway into object,,Other angle,Car (sedan/hatch),Car (sedan/hatch),2,0,1,0,0,12,December,Summer,Tuesday,12:00 - 13:59,Midday / afternoon,False,False,True,True
1374595,Injury,Moderate Injury,2024,2024,December,Monday,16:00 - 17:59,RAILWAY,AVE,50,West,WILLIAM,ST,BUNDANOON,569.0,No,Not a school zone,2-way undivided,-34.654883,150.304232,Wingecarribee,Country urban,Rest of NSW - Urban,Curved,Driveway/entrance,,,Off,Sealed,Dry,Overcast,Daylight,Nil,No traffic controls,50 km/h,Regional,21,Right through,202,Opp - Right-thru,,Other angle,Light truck utility(from 2018),Motorcycle,2,0,0,1,0,12,December,Summer,Monday,16:00 - 17:59,PM peak / evening commute,True,False,True,True
1374598,Injury,Moderate Injury,2024,2024,December,Thursday,16:00 - 17:59,EAST,ST,0,Right on the spot,ORANGE,ST,PARKES,,No,Not a school zone,X-intersection,-33.138477,148.183226,Parkes,Country urban,Rest of NSW - Urban,Straight,,,,Off,Sealed,Dry,Fine,Daylight,Nil,Give way sign,50 km/h,Local,10,Cross traffic,101,Adj - Cross traffic,,Right angle,4 wheel drive / SUV,4 wheel drive / SUV,2,0,0,1,0,12,December,Summer,Thursday,16:00 - 17:59,PM peak / evening commute,True,False,True,True