crash_id,degree_of_crash,degree_of_crash_-_detailed,reporting_year,year_of_crash,month_of_crash,day_of_week_of_crash,two-hour_intervals,street_of_crash,street_type,distance,direction,identifying_feature,identifying_feature_type,town,route_no.,school_zone_location,school_zone_active,type_of_location,latitude,longitude,lga,urbanisation,conurbation_1,alignment,primary_permanent_feature,primary_temporary_feature,primary_hazardous_feature,street_lighting,road_surface,surface_condition,weather,natural_lighting,signals_operation,other_traffic_control,speed_limit,road_classification_(admin),rum_-_code,rum_-_description,dca_-_code,dca_-_description,dca_supplement,first_impact_type,key_tu_type,other_tu_type,no._of_traffic_units_involved,no._killed,no._seriously_injured,no._moderately_injured,no._minor-other_injured,month_num,month_label,season,day_label,time_label,time_band,is_peak_commute,is_fatal,is_injury,is_casualty
1374601,Injury,Minor/Other Injury,2024,2024,December,Saturday,06:00 - 07:59,KENNEDY,DR,0,Right on the spot,NUMBER 122 - 132,HN,TWEED HEADS WEST,,No,Not a school zone,2-way undivided,-28.187561,153.520666,Tweed,Country urban,Rest of NSW - Urban,Straight,Foot/cycle path/nature strip,,,On,Sealed,Dry,Fine,Daylight,Nil,No traffic controls,50 km/h,Local,74,On road-out of cont.,705,Out of control on cway,,Rollover,Motorised push scooters,,1,0,0,0,1,12,December,Summer,Saturday,06:00 - 07:59,AM peak / school commute,True,False,True,True
1374602,Injury,Minor/Other Injury,2024,2024,December,Tuesday,16:00 - 17:59,CURRAWONG,CL,0,Right on the spot,NUMBER 7,HN,THORNTON,,No,Not a school zone,2-way undivided,-32.773395,151.622618,Maitland,Country urban,Rest of NSW - Urban,Straight,Foot/cycle path/nature strip,,,Nil,Sealed,Dry,Fine,Daylight,Nil,No traffic controls,50 km/h,Local,48,From footpath,408,Manov - From footway,,Other angle,Pedal cycle,Car (sedan/hatch),2,0,0,0,1,12,December,Summer,Tuesday,16:00 - 17:59,PM peak / evening commute,True,False,True,True
1374603,Injury,Serious Injury,2024,2024,September,Sunday,12:00 - 13:59,MARION,ST,0,Right on the spot,OXFORD,AVE,BANKSTOWN,7121.0,No,Not a school zone,T-junction,-33.917779,151.026411,Canterbury-Bankstown,Sydney metro. area,Syd-Newc-Woll Gtr conurbation,Straight,,,,On,Sealed,Dry,Fine,Daylight,On,No traffic controls,60 km/h,Regional,21,Right through,202,Opp - Right-thru,,Other angle,Car (sedan/hatch),Car (sedan/hatch),2,0,1,0,0,9,September,Spring,Sunday,12:00 - 13:59,Midday / afternoon,False,False,True,True
1374604,Injury,Moderate Injury,2024,2024,November,Wednesday,16:00 - 17:59,PACIFIC,HWY,1875,North,OLD PUNT,RD,HEATHERBRAE,10.0,No,Not a school zone,Divided road,-32.795342,151.721597,Port Stephens,Country urban,Rest of NSW - Urban,Straight,,,,Off,Sealed,Dry,Fine,Daylight,Nil,No traffic controls,80 km/h,State,40,U turn,207,Opp - U-turn,,Other angle,4 wheel drive / SUV,Large rigid,2,0,0,1,0,11,November,Spring,Wednesday,16:00 - 17:59,PM peak / evening commute,True,False,True,True
1374605,Injury,Serious Injury,2024,2024,October,Sunday,12:00 - 13:59,GREAT WESTERN,HWY,60,East,SILVERWATER,RD,AUBURN,5.0,No,Not a school zone,Divided road,-33.845373,151.042736,Cumberland,Sydney metro. area,Syd-Newc-Woll Gtr conurbation,Straight,,,,Off,Sealed,Dry,Overcast,Daylight,Nil,No traffic controls,60 km/h,State,0,Ped nearside,1,Ped - Near side,,Vehicle - Pedestrian,4 wheel drive / SUV,Pedestrian,2,0,1,0,0,10,October,Spring,Sunday,12:00 - 13:59,Midday / afternoon,False,False,True,True
1374608,Injury,Moderate Injury,2024,2024,November,Monday,16:00 - 17:59,PRINCES,HWY,0,Right on the spot,BTU,RD,NOWRA HILL,1.0,No,Not a school zone,T-junction,-34.938484,150.601689,Shoalhaven,Country non-urban,Rest of NSW - Rural,Straight,,,,Off,Sealed,Dry,Fine,Daylight,Nil,Give way sign,100 km/h,State,13,Right near,104,Adj - Right-thru from right,,Right angle,Light truck utility(from 2018),Car (sedan/hatch),2,0,0,2,0,11,November,Spring,Monday,16:00 - 17:59,PM peak / evening commute,True,False,True,True
1374609,Injury,Moderate Injury,2024,2024,December,Tuesday,16:00 - 17:59,PACIFIC,HWY,600,South,WATERFALL WAY,OP,RALEIGH,10.0,No,Not a school zone,Divided road,-30.467026,153.001656,Bellingen,Country non-urban,Rest of NSW - Rural,Straight,,Previous crash,,Nil,Sealed,Wet,Raining,Daylight,Nil,No traffic controls,110 km/h,State,30,Rear end,301,Same - Rear end,,Rear end,B-double (road train prior 98),Passenger van,3,0,0,1,0,12,December,Summer,Tuesday,16:00 - 17:59,PM peak / evening commute,True,False,True,True
1374610,Injury,Moderate Injury,2024,2024,October,Sunday,02:00 - 03:59,COOLANGATTA,RD,150,North,MOEYAN,RD,BERRY,,No,Not a school zone,2-way undivided,-34.797055,150.699876,Shoalhaven,Country urban,Rest of NSW - Urban,Curved,Embankment/cutting,,,Nil,Sealed,Dry,Fine,Darkness,Nil,No traffic controls,80 km/h,Local,87,Off lft/lft bnd=>obj,804,Off left bend into obj,Left,Vehicle - Object,Light truck utility(from 2018),,1,0,0,1,0,10,October,Spring,Sunday,02:00 - 03:59,Late night / early morning,False,False,True,True
1374611,Injury,Serious Injury,2024,2024,November,Wednesday,08:00 - 09:59,DENMAN,RD,5050,West,EDDERTON,RD,DENMAN,209.0,No,Not a school zone,2-way undivided,-32.327316,150.767573,Muswellbrook,Country non-urban,Rest of NSW - Rural,Straight,Ditch/drain/culvert,,,Nil,Sealed,Dry,Fine,Daylight,Nil,No traffic controls,100 km/h,State,71,Off rd left => obj,703,Left off cway into object,,Vehicle - Object,Light truck utility(from 2018),,1,0,1,0,0,11,November,Spring,Wednesday,08:00 - 09:59,AM peak / school commute,True,False,True,True
1374622,Injury,Moderate Injury,2024,2024,November,Thursday,14:00 - 15:59,NEWCASTLE LINK,RD,0,Right on the spot,MINMI,RD,CAMERON PARK,82.0,No,Not a school zone,Roundabout,-32.902572,151.621914,Lake Macquarie,Newcastle met. area,Syd-Newc-Woll Gtr conurbation,Straight,,,,Off,Sealed,Dry,Fine,Daylight,Nil,Give way sign,90 km/h,State,30,Rear end,301,Same - Rear end,,Rear end,4 wheel drive / SUV,4 wheel drive / SUV,2,0,0,3,0,11,November,Spring,Thursday,14:00 - 15:59,Midday / afternoon,False,False,True,True
1374624,Injury,Minor/Other Injury,2024,2024,December,Wednesday,10:00 - 11:59,DERBY,ST,55,East,COLLESS,ST,PENRITH,,No,Not a school zone,2-way undivided,-33.759951,150.707912,Penrith,Sydney metro. area,Syd-Newc-Woll Gtr conurbation,Straight,,,,Off,Sealed,Dry,Fine,Daylight,Nil,No traffic controls,50 km/h,Local,71,Off rd left => obj,703,Left off cway into object,,Other angle,Car (sedan/hatch),Light truck,2,0,0,0,1,12,December,Summer,Wednesday,10:00 - 11:59,Midday / afternoon,False,False,True,True
1374625,Injury,Serious Injury,2024,2024,November,Tuesday,10:00 - 11:59,YAMBA,RD,0,Right on the spot,SOUTH BANK,RD,PALMERS CHANNEL,152.0,No,Not a school zone,T-junction,-29.431386,153.260207,Clarence Valley,Country non-urban,Rest of NSW - Rural,Straight,,,,Nil,Sealed,Wet,Overcast,Daylight,Nil,No traffic controls,90 km/h,Regional,10,Cross traffic,101,Adj - Cross traffic,,Right angle,Car (sedan/hatch),Light truck utility(from 2018),2,0,1,0,0,11,November,Spring,Tuesday,10:00 - 11:59,Midday / afternoon,False,False,True,True
1374630,Injury,Minor/Other Injury,2024,2024,October,Monday,12:00 - 13:59,MCEVOY,ST,0,Right on the spot,GEORGE,ST,WATERLOO,528.0,No,Not a school zone,X-intersection,-33.901054,151.203013,Sydney,Sydney metro. area,Syd-Newc-Woll Gtr conurbation,Straight,Foot/cycle path/nature strip,,,Off,Sealed,Dry,Fine,Daylight,On,No traffic controls,50 km/h,State,48,From footpath,408,Manov - From footway,,Other angle,Pedal cycle,Pedal cycle,2,0,0,0,1,10,October,Spring,Monday,12:00 - 13:59,Midday / afternoon,False,False,True,True
1374633,Injury,Minor/Other Injury,2024,2024,November,Tuesday,06:00 - 07:59,CAMDEN VALLEY,WAY,690,South,BRINGELLY,RD,LEPPINGTON,620.0,No,Not a school zone,Divided road,-33.954042,150.833195,Liverpool,Sydney metro. area,Syd-Newc-Woll Gtr conurbation,Straight,Driveway/entrance,,,On,Sealed,Dry,Fine,Daylight,On,No traffic controls,80 km/h,State,30,Rear end,301,Same - Rear end,,Rear end,Car (sedan/hatch),Car (sedan/hatch),3,0,0,0,1,11,November,Spring,Tuesday,06:00 - 07:59,AM peak / school commute,True,False,True,True
1374635,Injury,Moderate Injury,2024,2024,December,Thursday,14:00 - 15:59,MARTINS POINT,RD,0,Right on the spot,NORTH ARM,DR,HARWOOD,,No,Not a school zone,T-junction,-29.415218,153.216057,Clarence Valley,Country non-urban,Rest of NSW - Rural,Curved,,,,Nil,Sealed,Dry,Fine,Daylight,Nil,No traffic controls,100 km/h,Local,80,Off left/right bend,801,Off cway right bend,Left,Rollover,Car (sedan/hatch),,1,0,0,1,0,12,December,Summer,Thursday,14:00 - 15:59,Midday / afternoon,False,False,True,True
1374639,Injury,Serious Injury,2024,2024,November,Friday,08:00 - 09:59,PRINCES,HWY,0,Right on the spot,SOUTH,ST,ULLADULLA,1.0,No,Not a school zone,X-intersection,-35.360363,150.473662,Shoalhaven,Country urban,Rest of NSW - Urban,Straight,Steep grade,,,Off,Sealed,Dry,Overcast,Daylight,Nil,Stop sign,50 km/h,State,10,Cross traffic,101,Adj - Cross traffic,,Right angle,Light truck utility(from 2018),Pedal cycle,2,0,1,1,0,11,November,Spring,Friday,08:00 - 09:59,AM peak / school commute,True,False,True,True
1374641,Injury,Serious Injury,2024,2024,December,Friday,08:00 - 09:59,BOUNDARY,RD,100,South,WATTLE,ST,PEAKHURST,7006.0,No,Not a school zone,2-way undivided,-33.964386,151.06862,Georges River,Sydney metro. area,Syd-Newc-Woll Gtr conurbation,Straight,,,,Nil,Sealed,Dry,Fine,Daylight,Nil,No traffic controls,50 km/h,Regional,1,Ped emerging,2,Ped - emerging,,Vehicle - Pedestrian,Large rigid,Pedestrian,2,0,1,0,0,12,December,Summer,Friday,08:00 - 09:59,AM peak / school commute,True,False,True,True
1374642,Injury,Moderate Injury,2024,2024,December,Monday,14:00 - 15:59,WESTERN,EXP,200,East,GREAT WESTERN HIGHWAY,OP,GRANVILLE,6004.0,No,Not a school zone,Dual freeway,-33.826832,151.006957,Parramatta,Sydney metro. area,Syd-Newc-Woll Gtr conurbation,Straight,Other bridge,,,Off,Sealed,Dry,Fine,Daylight,Nil,No traffic controls,90 km/h,State,30,Rear end,301,Same - Rear end,,Rear end,4 wheel drive / SUV,Light truck utility(from 2018),2,0,0,1,0,12,December,Summer,Monday,14:00 - 15:59,Midday / afternoon,False,False,True,True
1374646,Injury,Moderate Injury,2024,2024,November,Sunday,20:00 - 21:59,MCCLEERY,AVE,0,Right on the spot,NUMBER 5,HN,MOSS VALE,,No,Not a school zone,2-way undivided,-34.545065,150.376885,Wingecarribee,Country urban,Rest of NSW - Urban,Straight,,,,On,Sealed,Wet,Raining,Darkness,Nil,No traffic controls,50 km/h,Local,73,Off rd rght => obj,704,Right off cway into obj,,Other angle,Car (sedan/hatch),Motorcycle,2,0,0,1,0,11,November,Spring,Sunday,20:00 - 21:59,Evening / night,False,False,True,True
1374648,Injury,Serious Injury,2024,2024,December,Friday,10:00 - 11:59,NEWCASTLE,EXP,0,Right on the spot,NEWCASTLE,EXP,BEROWRA,6003.0,No,Not a school zone,T-junction,-33.635734,151.146965,Hornsby,Sydney metro. area,Syd-Newc-Woll Gtr conurbation,Straight,,,,Off,Sealed,Dry,Fine,Daylight,Nil,Stop sign,60 km/h,State,12,Left far,103,Adj - Left-thru from left,,Right angle,Car (sedan/hatch),4 wheel drive / SUV,2,0,1,0,0,12,December,Summer,Friday,10:00 - 11:59,Midday / afternoon,False,False,True,True
1374650,Injury,Minor/Other Injury,2024,2024,December,Tuesday,14:00 - 15:59,RICHMOND,RD,60,North,SPRINGFIELD,AVE,BLACKTOWN,643.0,No,Not a school zone,Divided road,-33.764924,150.903079,Blacktown,Sydney metro. area,Syd-Newc-Woll Gtr conurbation,Straight,Driveway/entrance,,,Off,Sealed,Dry,Fine,Daylight,Nil,No traffic controls,60 km/h,State,47,Emerging from drive,406,Manov - Emerging from driveway,,Right angle,Car (sedan/hatch),Pedal cycle,2,0,0,0,1,12,December,Summer,Tuesday,14:00 - 15:59,Midday / afternoon,False,False,True,True
1374652,Injury,Serious Injury,2024,2024,December,Monday,22:00 - Midnight,HILL,RD,0,Right on the spot,FANTAIL,ST,SYDNEY OLYMPIC PARK,7466.0,No,Not a school zone,T-junction,-33.845572,151.056794,Parramatta,Sydney metro. area,Syd-Newc-Woll Gtr conurbation,Straight,,,,On,Sealed,Dry,Fine,Darkness,Nil,No traffic controls,60 km/h,Regional,21,Right through,202,Opp - Right-thru,,Other angle,Car (sedan/hatch),Motorcycle,2,0,1,0,0,12,December,Summer,Monday,22:00 - Midnight,Evening / night,False,False,True,True
1374653,Injury,Serious Injury,2024,2024,November,Sunday,16:00 - 17:59,TARGO,RD,50,North,GIRRAWEEN,RD,GIRRAWEEN,,Yes,No,2-way undivided,-33.790942,150.950893,Cumberland,Sydney metro. area,Syd-Newc-Woll Gtr conurbation,Straight,,,,Off,Sealed,Dry,Fine,Daylight,Nil,No traffic controls,50 km/h,Local,30,Rear end,301,Same - Rear end,,Rear end,Unknown motor vehicle,Motorised push scooters,2,0,1,0,0,11,November,Spring,Sunday,16:00 - 17:59,PM peak / evening commute,True,False,True,True
1374660,Injury,Serious Injury,2024,2024,December,Saturday,14:00 - 15:59,JERVIS BAY,RD,0,Right on the spot,SEASONGOOD,RD,FALLS CREEK,312.0,No,Not a school zone,T-junction,-35.011321,150.606472,Shoalhaven,Country non-urban,Rest of NSW - Rural,Straight,,,,Nil,Sealed,Dry,Fine,Daylight,Nil,No traffic controls,90 km/h,Regional,20,Head on,201,Opp - Head on,,Head-on,Car (sedan/hatch),4 wheel drive / SUV,3,0,1,0,2,12,December,Summer,Saturday,14:00 - 15:59,Midday / afternoon,False,False,True,True
1374666,Injury,Moderate Injury,2024,2024,November,Sunday,12:00 - 13:59,ELDERSLIE,RD,130,South,STANHOPE,RD,ELDERSLIE,453.0,No,Not a school zone,2-way undivided,-32.607205,151.347999,Singleton,Country urban,Rest of NSW - Urban,Curved,Ditch/drain/culvert,,,Nil,Sealed,Dry,Fine,Daylight,Nil,No traffic controls,80 km/h,Regional,81,Off left/rt bnd=>obj,803,Off right bend into obj,Left,Vehicle - Object,Motorcycle,,1,0,0,1,0,11,November,Spring,Sunday,12:00 - 13:59,Midday / afternoon,False,False,True,True
1374668,Injury,Moderate Injury,2024,2024,January,Monday,10:00 - 11:59,MITCHELL,ST,10,North,MONMOUTH,ST,STOCKTON,,No,Not a school zone,T-junction,-32.910773,151.786534,Newcastle,Newcastle met. area,Syd-Newc-Woll Gtr conurbation,Straight,,Roadwks/Detour/Diverson,,Off,Sealed,Dry,Fine,Daylight,Nil,No traffic controls,40 km/h,Local,3,Ped on carriageway,4,Ped - On carriageway,,Vehicle - Pedestrian,Unknown motor vehicle,Pedestrian,2,0,0,1,0,1,January,Summer,Monday,10:00 - 11:59,Midday / afternoon,False,False,True,True
1374671,Injury,Serious Injury,2024,2024,December,Friday,08:00 - 09:59,PRINCES,HWY,50,South,QUARRYMAN,RD,BOMBO,1.0,No,Not a school zone,Other,-34.650808,150.852165,Kiama,Country urban,Rest of NSW - Urban,Straight,Steep grade,,,Off,Sealed,Dry,Fine,Daylight,Nil,No traffic controls,60 km/h,State,71,Off rd left => obj,703,Left off cway into object,,Vehicle - Object,Car (sedan/hatch),,1,0,1,0,0,12,December,Summer,Friday,08:00 - 09:59,AM peak / school commute,True,False,True,True
1374680,Injury,Serious Injury,2024,2024,November,Friday,12:00 - 13:59,NOWENDOC,RD,1100,East,KOOLKUNA,RD,NIANGALA,7718.0,No,Not a school zone,2-way undivided,-31.372825,151.415743,Tamworth Regional,Country non-urban,Rest of NSW - Rural,Curved,Steep grade,,Slippery surface,Nil,Sealed,Dry,Fine,Daylight,Nil,No traffic controls,100 km/h,Regional,84,Off right/left bend,802,Off cway left bend,Right,Rollover,Motorcycle,,1,0,1,0,0,11,November,Spring,Friday,12:00 - 13:59,Midday / afternoon,False,False,True,True
1374681,Injury,Serious Injury,2024,2024,November,Friday,12:00 - 13:59,NOWENDOC,RD,1100,East,KOOLKUNA,RD,NIANGALA,7718.0,No,Not a school zone,2-way undivided,-31.372825,151.415743,Tamworth Regional,Country non-urban,Rest of NSW - Rural,Curved,Steep grade,,Slippery surface,Nil,Sealed,Dry,Fine,Daylight,Nil,No traffic controls,100 km/h,Regional,84,Off right/left bend,802,Off cway left bend,Right,Rollover,Motorcycle,,1,0,1,0,0,11,November,Spring,Friday,12:00 - 13:59,Midday / afternoon,False,False,True,True
1374682,Injury,Serious Injury,2024,2024,November,Friday,12:00 - 13:59,NOWENDOC,RD,1100,East,KOOLKUNA,RD,NIANGALA,7718.0,No,Not a school zone,2-way undivided,-31.372825,151.415743,Tamworth Regional,Country non-urban,Rest of NSW - Rural,Curved,Steep grade,,Slippery surface,Nil,Sealed,Dry,Fine,Daylight,Nil,No traffic controls,100 km/h,Regional,84,Off right/left bend,802,Off cway left bend,Right,Rollover,Motorcycle,,1,0,1,0,0,11,November,Spring,Friday,12:00 - 13:59,Midday / afternoon,False,False,True,True
1374683,Injury,Serious Injury,2024,2024,November,Friday,12:00 - 13:59,NOWENDOC,RD,1100,East,KOOLKUNA,RD,NIANGALA,7718.0,No,Not a school zone,2-way undivided,-31.372825,151.415743,Tamworth Regional,Country non-urban,Rest of NSW - Rural,Curved,Steep grade,,Slippery surface,Nil,Sealed,Dry,Fine,Daylight,Nil,No traffic controls,100 km/h,Regional,84,Off right/left bend,802,Off cway left bend,Right,Rollover,Motorcycle,,1,0,1,0,0,11,November,Spring,Friday,12:00 - 13:59,Midday / afternoon,False,False,True,True
1374684,Injury,Serious Injury,2024,2024,December,Tuesday,22:00 - Midnight,CHAPEL,RD,0,Right on the spot,WENTWORTH,RD,VAUCLUSE,,No,Not a school zone,T-junction,-33.851367,151.274282,Woollahra,Sydney metro. area,Syd-Newc-Woll Gtr conurbation,Curved,,,,On,Sealed,Dry,Fine,Darkness,Nil,No traffic controls,50 km/h,Local,85,Off rt/lft bnd=>obj,707,Right turn,Right,Vehicle - Object,Car (sedan/hatch),,1,0,1,0,0,12,December,Summer,Tuesday,22:00 - Midnight,Evening / night,False,False,True,True
1374688,Injury,Serious Injury,2024,2024,October,Thursday,14:00 - 15:59,SUNNYHOLT,RD,0,Right on the spot,GARLING,RD,KINGS PARK,642.0,No,Not a school zone,T-junction,-33.745003,150.916661,Blacktown,Sydney metro. area,Syd-Newc-Woll Gtr conurbation,Straight,,,,Nil,Sealed,Dry,Fine,Daylight,Nil,No traffic controls,70 km/h,State,13,Right near,104,Adj - Right-thru from right,,Right angle,Car (sedan/hatch),Car (sedan/hatch),2,0,2,0,0,10,October,Spring,Thursday,14:00 - 15:59,Midday / afternoon,False,False,True,True
1374693,Injury,Moderate Injury,2024,2024,November,Saturday,14:00 - 15:59,GOOLMA,RD,50,North,BERGALIN,RD,GULGONG,598.0,No,Not a school zone,2-way undivided,-32.377744,149.493069,Mid-Western Regional,Country non-urban,Rest of NSW - Rural,Curved,,,,Nil,Sealed,Wet,Raining,Daylight,Nil,No traffic controls,100 km/h,Regional,69,Other on path,600,On path - Other,,Vehicle - Object,Car (sedan/hatch),,1,0,0,2,0,11,November,Spring,Saturday,14:00 - 15:59,Midday / afternoon,False,False,True,True
1374696,Injury,Serious Injury,2024,2024,December,Tuesday,00:01 - 01:59,ARTHUR KAINE,DR,400,North,MUNJE,ST,PAMBULA,7622.0,No,Not a school zone,2-way undivided,-36.926542,149.88612,Bega Valley,Country urban,Rest of NSW - Urban,Curved,,,,Nil,Sealed,Dry,Fine,Darkness,Nil,No traffic controls,70 km/h,Regional,85,Off rt/lft bnd=>obj,804,Off left bend into obj,Right,Vehicle - Object,4 wheel drive / SUV,,1,0,1,0,0,12,December,Summer,Tuesday,00:01 - 01:59,Late night / early morning,False,False,True,True
1374702,Injury,Moderate Injury,2024,2024,November,Wednesday,16:00 - 17:59,GREEN VALLEY,RD,0,Right on the spot,GREEN VALLEY VILLAGE SHOPPING CENTRE,ENT,GREEN VALLEY,,Yes,No,2-way undivided,-33.902237,150.868705,Liverpool,Sydney metro. area,Syd-Newc-Woll Gtr conurbation,Straight,Driveway/entrance,,,Off,Sealed,Dry,Fine,Daylight,Nil,No traffic controls,50 km/h,Local,49,Other manoeuvring,400,Manov - other,,Other angle,Car (sedan/hatch),,1,0,0,1,0,11,November,Spring,Wednesday,16:00 - 17:59,PM peak / evening commute,True,False,True,True
1374706,Injury,Serious Injury,2024,2024,December,Monday,20:00 - 21:59,THE LAKES,WAY,300,East,VIOLET HILL,RD,BOOLAMBAYTE,111.0,No,Not a school zone,2-way undivided,-32.40111,152.28481,Mid-Coast,Country urban,Rest of NSW - Urban,Straight,,,,Nil,Sealed,Dry,Fine,Darkness,Nil,No traffic controls,80 km/h,Regional,73,Off rd rght => obj,704,Right off cway into obj,,Vehicle - Object,Light truck utility(from 2018),,1,0,1,1,0,12,December,Summer,Monday,20:00 - 21:59,Evening / night,False,False,True,True
1374708,Injury,Moderate Injury,2024,2024,December,Monday,14:00 - 15:59,VAUGHAN,ST,0,Right on the spot,WOODBURN,RD,LIDCOMBE,2096.0,No,Not a school zone,X-intersection,-33.864209,151.036077,Cumberland,Sydney metro. area,Syd-Newc-Woll Gtr conurbation,Straight,,,,Nil,Sealed,Dry,Fine,Daylight,On,No traffic controls,50 km/h,Regional,10,Cross traffic,101,Adj - Cross traffic,,Right angle,Car (sedan/hatch),Car (sedan/hatch),2,0,0,1,0,12,December,Summer,Monday,14:00 - 15:59,Midday / afternoon,False,False,True,True
1374710,Injury,Minor/Other Injury,2024,2024,December,Monday,10:00 - 11:59,COBB,HWY,0,Right on the spot,FRANCIS,ST,MOAMA,21.0,No,Not a school zone,X-intersection,-36.106332,144.751829,Murray River,Country urban,Rest of NSW - Urban,Straight,,,,Off,Sealed,Dry,Fine,Daylight,On,No traffic controls,50 km/h,State,10,Cross traffic,101,Adj - Cross traffic,,Right angle,B-double (road train prior 98),4 wheel drive / SUV,2,0,0,0,1,12,December,Summer,Monday,10:00 - 11:59,Midday / afternoon,False,False,True,True
1374711,Injury,Serious Injury,2024,2024,December,Saturday,16:00 - 17:59,BENEREMBAH,ST,0,Right on the spot,WALLA,AVE,GRIFFITH,80.0,No,Not a school zone,T-junction,-34.287604,146.034046,Griffith,Country urban,Rest of NSW - Urban,Curved,Foot/cycle path/nature strip,,,Nil,Sealed,Dry,Fine,Daylight,Nil,No traffic controls,50 km/h,State,6,Ped on footpath,8,Ped - On footway/median,,Vehicle - Pedestrian,Car (sedan/hatch),Pedestrian,2,0,1,0,0,12,December,Summer,Saturday,16:00 - 17:59,PM peak / evening commute,True,False,True,True
1374719,Injury,Serious Injury,2024,2024,November,Sunday,12:00 - 13:59,BRADFIELD,HWY,0,Right on the spot,CAHILL EXPRESSWAY,TO,MILLERS POINT,632.0,No,Not a school zone,Single limited access,-33.860233,151.20621,Sydney,Sydney metro. area,Syd-Newc-Woll Gtr conurbation,Straight,Bus/transit lane,,,Nil,Sealed,Dry,Fine,Daylight,Nil,No traffic controls,70 km/h,State,33,Lane sideswipe,305,Same - Lane side swipe,,Other angle,Motorcycle,Car (sedan/hatch),2,0,1,0,0,11,November,Spring,Sunday,12:00 - 13:59,Midday / afternoon,False,False,True,True
1374724,Injury,Serious Injury,2024,2024,December,Friday,12:00 - 13:59,BEECHWOOD,RD,400,North,ROSEWOOD,RD,CROSSLANDS,,No,Not a school zone,2-way undivided,-31.440608,152.706727,Port Macquarie-Hastings,Country urban,Rest of NSW - Urban,Curved,Painted double centre lines,,,Nil,Sealed,Dry,Fine,Daylight,Nil,No traffic controls,80 km/h,Local,20,Head on,201,Opp - Head on,,Head-on,Car (sedan/hatch),Light truck utility(from 2018),2,0,1,1,0,12,December,Summer,Friday,12:00 - 13:59,Midday / afternoon,False,False,True,True
1374726,Injury,Moderate Injury,2024,2024,December,Thursday,20:00 - 21:59,RESERVOIR,RD,250,West,WATCH HOUSE,RD,PROSPECT,,No,Not a school zone,2-way undivided,-33.810028,150.911334,Blacktown,Sydney metro. area,Syd-Newc-Woll Gtr conurbation,Curved,Painted double centre lines,,,Nil,Sealed,Dry,Fine,Darkness,Nil,No traffic controls,60 km/h,Local,20,Head on,201,Opp - Head on,,Head-on,Car (sedan/hatch),4 wheel drive / SUV,2,0,0,2,0,12,December,Summer,Thursday,20:00 - 21:59,Evening / night,False,False,True,True
1374734,Injury,Moderate Injury,2024,2024,December,Monday,10:00 - 11:59,THE PARKWAY,MS,20,East,APPIN,RD,BRADBURY,,No,Not a school zone,Divided road,-34.075047,150.808562,Campbelltown,Sydney metro. area,Syd-Newc-Woll Gtr conurbation,Straight,,,,Off,Sealed,Dry,Fine,Daylight,Nil,No traffic controls,60 km/h,Local,30,Rear end,301,Same - Rear end,,Rear end,Light truck utility(from 2018),Car (sedan/hatch),4,0,0,1,1,12,December,Summer,Monday,10:00 - 11:59,Midday / afternoon,False,False,True,True
1374745,Injury,Serious Injury,2024,2024,November,Monday,12:00 - 13:59,ROBERT,ST,100,West,ADDERTON,RD,TELOPEA,,No,Not a school zone,2-way undivided,-33.794124,151.039921,Parramatta,Sydney metro. area,Syd-Newc-Woll Gtr conurbation,Straight,Steep grade,,,Nil,Sealed,Dry,Fine,Daylight,Nil,No traffic controls,50 km/h,Local,71,Off rd left => obj,703,Left off cway into object,,Other angle,4 wheel drive / SUV,Light truck,2,0,1,0,0,11,November,Spring,Monday,12:00 - 13:59,Midday / afternoon,False,False,True,True
1374746,Injury,Minor/Other Injury,2024,2024,November,Thursday,16:00 - 17:59,GWYDIR,HWY,60,East,BANNOCKBURN,RD,INVERELL,12.0,No,Not a school zone,2-way undivided,-29.775215,151.101856,Inverell,Country urban,Rest of NSW - Urban,Straight,Steep grade,,,Off,Sealed,Dry,Fine,Daylight,Nil,No traffic controls,50 km/h,State,42,Leaving parking,401,Manov - Leaving parking,,Other angle,Car (sedan/hatch),4 wheel drive / SUV,2,0,0,0,1,11,November,Spring,Thursday,16:00 - 17:59,PM peak / evening commute,True,False,True,True
1374748,Injury,Serious Injury,2024,2024,October,Thursday,18:00 - 19:59,SHORELINE,DR,500,East,SANDFLY,MS,RIVERSIDE,,No,Not a school zone,2-way undivided,-31.397799,152.886888,Port Macquarie-Hastings,Country non-urban,Rest of NSW - Rural,Straight,,,,Nil,Sealed,Dry,Fine,Darkness,Nil,No traffic controls,100 km/h,Local,73,Off rd rght => obj,704,Right off cway into obj,,Vehicle - Object,Car (sedan/hatch),,1,0,1,0,0,10,October,Spring,Thursday,18:00 - 19:59,PM peak / evening commute,True,False,True,True
1374749,Injury,Moderate Injury,2024,2024,November,Friday,18:00 - 19:59,SPIT,RD,0,Right on the spot,BICKELL,RD,MOSMAN,164.0,No,Not a school zone,T-junction,-33.816921,151.243338,Mosman,Sydney metro. area,Syd-Newc-Woll Gtr conurbation,Straight,,,,On,Sealed,Dry,Fine,Dusk,Nil,Give way sign,60 km/h,State,13,Right near,104,Adj - Right-thru from right,,Right angle,4 wheel drive / SUV,4 wheel drive / SUV,2,0,0,1,0,11,November,Spring,Friday,18:00 - 19:59,PM peak / evening commute,True,False,True,True