crash_id,degree_of_crash,degree_of_crash_-_detailed,reporting_year,year_of_crash,month_of_crash,day_of_week_of_crash,two-hour_intervals,street_of_crash,street_type,distance,direction,identifying_feature,identifying_feature_type,town,route_no.,school_zone_location,school_zone_active,type_of_location,latitude,longitude,lga,urbanisation,conurbation_1,alignment,primary_permanent_feature,primary_temporary_feature,primary_hazardous_feature,street_lighting,road_surface,surface_condition,weather,natural_lighting,signals_operation,other_traffic_control,speed_limit,road_classification_(admin),rum_-_code,rum_-_description,dca_-_code,dca_-_description,dca_supplement,first_impact_type,key_tu_type,other_tu_type,no._of_traffic_units_involved,no._killed,no._seriously_injured,no._moderately_injured,no._minor-other_injured,month_num,month_label,season,day_label,time_label,time_band,is_peak_commute,is_fatal,is_injury,is_casualty
1374754,Injury,Moderate Injury,2024,2024,November,Saturday,02:00 - 03:59,GREAT WESTERN,HWY,50,East,MACQUARIE,RD,VALLEY HEIGHTS,5.0,No,Not a school zone,Divided road,-33.702526,150.576302,Blue Mountains,Country urban,Syd-Newc-Woll Gtr conurbation,Curved,,,,On,Sealed,Wet,Raining,Darkness,Nil,No traffic controls,80 km/h,State,81,Off left/rt bnd=>obj,803,Off right bend into obj,Left,Vehicle - Object,4 wheel drive / SUV,,1,0,0,1,0,11,November,Spring,Saturday,02:00 - 03:59,Late night / early morning,False,False,True,True
1374755,Injury,Serious Injury,2024,2024,December,Thursday,18:00 - 19:59,BALMAIN,RD,10,West,MATILDA,ST,LILYFIELD,652.0,No,Not a school zone,T-junction,-33.865958,151.166695,Inner West,Sydney metro. area,Syd-Newc-Woll Gtr conurbation,Straight,,,,Nil,Sealed,Dry,Fine,Daylight,Nil,No traffic controls,50 km/h,State,40,U turn,207,Opp - U-turn,,Other angle,Car (sedan/hatch),Motorcycle,2,0,1,0,0,12,December,Summer,Thursday,18:00 - 19:59,PM peak / evening commute,True,False,True,True
1374767,Injury,Minor/Other Injury,2024,2024,August,Sunday,12:00 - 13:59,SANDRINGHAM,ST,0,Right on the spot,NORMAN,AVE,SANS SOUCI,194.0,No,Not a school zone,T-junction,-33.991986,151.143569,Bayside,Sydney metro. area,Syd-Newc-Woll Gtr conurbation,Straight,,,,Off,Sealed,Dry,Fine,Daylight,Nil,Other traf. control,60 km/h,State,21,Right through,202,Opp - Right-thru,,Other angle,Car (sedan/hatch),Car (sedan/hatch),2,0,0,0,1,8,August,Winter,Sunday,12:00 - 13:59,Midday / afternoon,False,False,True,True
1374768,Injury,Minor/Other Injury,2024,2024,December,Tuesday,22:00 - Midnight,MACQUARIE,AVE,0,Right on the spot,NUMBER 24,HN,CESSNOCK,,No,Not a school zone,2-way undivided,-32.842336,151.33355,Cessnock,Country urban,Rest of NSW - Urban,Straight,Driveway/entrance,,,On,Sealed,Dry,Fine,Darkness,Nil,No traffic controls,50 km/h,Local,48,From footpath,408,Manov - From footway,,Other angle,Pedal cycle,Light truck utility(from 2018),2,0,0,0,1,12,December,Summer,Tuesday,22:00 - Midnight,Evening / night,False,False,True,True
1374769,Injury,Serious Injury,2024,2024,November,Saturday,10:00 - 11:59,CHITTAWAY,RD,50,North,BURRAGAH,RD,CHITTAWAY BAY,,Yes,No,2-way undivided,-33.325867,151.431147,Central Coast,Country urban,Syd-Newc-Woll Gtr conurbation,Straight,Painted double centre lines,,,Off,Sealed,Dry,Fine,Daylight,Nil,No traffic controls,50 km/h,Local,20,Head on,201,Opp - Head on,,Head-on,Car (sedan/hatch),Light truck utility(from 2018),3,0,2,0,1,11,November,Spring,Saturday,10:00 - 11:59,Midday / afternoon,False,False,True,True
1374770,Injury,Moderate Injury,2024,2024,December,Tuesday,14:00 - 15:59,CAMPBELLTOWN,RD,10,North,QUEEN,ST,CAMPBELLTOWN,177.0,No,Not a school zone,X-intersection,-34.057056,150.824083,Campbelltown,Sydney metro. area,Syd-Newc-Woll Gtr conurbation,Straight,Crest,,,Off,Sealed,Dry,Fine,Daylight,On,No traffic controls,60 km/h,State,30,Rear end,301,Same - Rear end,,Rear end,4 wheel drive / SUV,Car (sedan/hatch),3,0,0,1,0,12,December,Summer,Tuesday,14:00 - 15:59,Midday / afternoon,False,False,True,True
1374771,Injury,Minor/Other Injury,2024,2024,December,Saturday,22:00 - Midnight,FIFTH,AVE,0,Right on the spot,NUMBER 44,HN,NARROMINE,,No,Not a school zone,2-way undivided,-32.230067,148.237009,Narromine,Country urban,Rest of NSW - Urban,Straight,,,,On,Sealed,Dry,Fine,Darkness,Nil,No traffic controls,50 km/h,Local,73,Off rd rght => obj,704,Right off cway into obj,,Vehicle - Object,4 wheel drive / SUV,,1,0,0,0,1,12,December,Summer,Saturday,22:00 - Midnight,Evening / night,False,False,True,True
1374774,Injury,Minor/Other Injury,2024,2024,December,Monday,08:00 - 09:59,GILCHRIST,DR,10,South,GOLDSMITH,AVE,CAMPBELLTOWN,7191.0,No,Not a school zone,T-junction,-34.069761,150.800174,Campbelltown,Sydney metro. area,Syd-Newc-Woll Gtr conurbation,Curved,,,,On,Sealed,Dry,Fine,Daylight,On,No traffic controls,60 km/h,Regional,30,Rear end,301,Same - Rear end,,Rear end,Car (sedan/hatch),4 wheel drive / SUV,2,0,0,0,1,12,December,Summer,Monday,08:00 - 09:59,AM peak / school commute,True,False,True,True
1374780,Injury,Moderate Injury,2024,2024,November,Tuesday,08:00 - 09:59,CONSTITUTION,DR,60,West,CANADA,CRES,CAMERON PARK,,No,Not a school zone,2-way undivided,-32.903048,151.609794,Lake Macquarie,Newcastle met. area,Syd-Newc-Woll Gtr conurbation,Straight,Bus stop,,,Off,Sealed,Dry,Fine,Daylight,Nil,No traffic controls,50 km/h,Local,1,Ped emerging,2,Ped - emerging,,Vehicle - Pedestrian,4 wheel drive / SUV,Pedestrian,2,0,0,1,0,11,November,Spring,Tuesday,08:00 - 09:59,AM peak / school commute,True,False,True,True
1374781,Injury,Serious Injury,2024,2024,December,Sunday,18:00 - 19:59,HUME,HWY,10,East,CHURCH,RD,YAGOONA,2.0,No,Not a school zone,T-junction,-33.907244,151.022882,Canterbury-Bankstown,Sydney metro. area,Syd-Newc-Woll Gtr conurbation,Straight,,,,On,Sealed,Dry,Fine,Darkness,Nil,No traffic controls,60 km/h,State,30,Rear end,301,Same - Rear end,,Rear end,Light truck utility(from 2018),Car (sedan/hatch),2,0,1,1,0,12,December,Summer,Sunday,18:00 - 19:59,PM peak / evening commute,True,False,True,True
1374782,Injury,Moderate Injury,2024,2024,December,Wednesday,20:00 - 21:59,YARRAWA,RD,1000,West,VIRGINIA,ST,DENMAN,,No,Not a school zone,2-way undivided,-32.399293,150.671745,Muswellbrook,Country non-urban,Rest of NSW - Rural,Straight,,,,Nil,Sealed,Dry,Fine,Dusk,Nil,No traffic controls,100 km/h,Local,71,Off rd left => obj,703,Left off cway into object,,Vehicle - Object,Car (sedan/hatch),,1,0,0,1,0,12,December,Summer,Wednesday,20:00 - 21:59,Evening / night,False,False,True,True
1374789,Injury,Serious Injury,2024,2024,December,Monday,18:00 - 19:59,OPHIR,RD,0,Right on the spot,NUMBER 1718,HN,OPHIR,,No,Not a school zone,2-way undivided,-33.1586,149.188716,Cabonne,Country non-urban,Rest of NSW - Rural,Curved,Ditch/drain/culvert,,,Nil,Sealed,Dry,Fine,Dusk,Nil,No traffic controls,100 km/h,Local,81,Off left/rt bnd=>obj,803,Off right bend into obj,Left,Vehicle - Object,Motorcycle,,1,0,1,0,0,12,December,Summer,Monday,18:00 - 19:59,PM peak / evening commute,True,False,True,True
1374792,Injury,Moderate Injury,2024,2024,December,Sunday,22:00 - Midnight,HEAD,ST,30,East,CROSS,ST,FORSTER,,No,Not a school zone,2-way undivided,-32.180551,152.52005,Mid-Coast,Country urban,Rest of NSW - Urban,Straight,,,,On,Sealed,Dry,Fine,Darkness,Nil,No traffic controls,50 km/h,Local,73,Off rd rght => obj,704,Right off cway into obj,,Other angle,4 wheel drive / SUV,Light truck utility(from 2018),3,0,0,1,0,12,December,Summer,Sunday,22:00 - Midnight,Evening / night,False,False,True,True
1374795,Injury,Serious Injury,2024,2024,November,Friday,16:00 - 17:59,GARFIELD,ST,20,North,BENNETT,ST,WENTWORTHVILLE,,Yes,No,2-way undivided,-33.811312,150.968711,Cumberland,Sydney metro. area,Syd-Newc-Woll Gtr conurbation,Straight,Spd hump/slow pt/chc,,,Off,Sealed,Dry,Fine,Daylight,Nil,Ped crossing,50 km/h,Local,74,On road-out of cont.,705,Out of control on cway,,Rollover,Motorcycle,,1,0,1,0,0,11,November,Spring,Friday,16:00 - 17:59,PM peak / evening commute,True,False,True,True
1374805,Injury,Serious Injury,2024,2024,November,Tuesday,06:00 - 07:59,VICTORIA,RD,35,East,HERMITAGE,RD,WEST RYDE,165.0,No,Not a school zone,Divided road,-33.809395,151.093146,Ryde,Sydney metro. area,Syd-Newc-Woll Gtr conurbation,Straight,,,,On,Sealed,Dry,Fine,Dawn,Nil,No traffic controls,60 km/h,State,35,Lane change left,307,Same - Lane change left,,Other angle,Car (sedan/hatch),Motorcycle,2,0,1,0,0,11,November,Spring,Tuesday,06:00 - 07:59,AM peak / school commute,True,False,True,True
1374806,Injury,Minor/Other Injury,2024,2024,November,Friday,08:00 - 09:59,EPPING,RD,100,East,RYRIE,ST,NORTH RYDE,373.0,No,Not a school zone,Divided road,-33.793279,151.132895,Ryde,Sydney metro. area,Syd-Newc-Woll Gtr conurbation,Straight,Steep grade,,,Off,Sealed,Dry,Fine,Daylight,Nil,No traffic controls,70 km/h,State,30,Rear end,301,Same - Rear end,,Rear end,Car (sedan/hatch),Car (sedan/hatch),3,0,0,0,1,11,November,Spring,Friday,08:00 - 09:59,AM peak / school commute,True,False,True,True
1374812,Injury,Moderate Injury,2024,2024,November,Monday,16:00 - 17:59,BOBUNDARA,LANE,2800,East,MAFFRA,RD,SPRINGFIELD,,No,Not a school zone,2-way undivided,-36.496679,149.018166,Snowy Monaro Regional,Country non-urban,Rest of NSW - Rural,Curved,Embankment/cutting,,,Nil,Unsealed,Dry,Fine,Daylight,Nil,No traffic controls,100 km/h,Local,83,Off rt/rt bnd=>obj,803,Off right bend into obj,Right,Vehicle - Object,Light truck utility(from 2018),,1,0,0,1,0,11,November,Spring,Monday,16:00 - 17:59,PM peak / evening commute,True,False,True,True
1374814,Injury,Moderate Injury,2024,2024,December,Saturday,18:00 - 19:59,GRIFFITH,ST,30,West,WHARF,ST,TWEED HEADS,7733.0,No,Not a school zone,Divided road,-28.168304,153.543127,Tweed,Country urban,Rest of NSW - Urban,Straight,,,,On,Sealed,Wet,Fine,Dusk,Nil,Ped crossing,50 km/h,Regional,30,Rear end,301,Same - Rear end,,Rear end,4 wheel drive / SUV,4 wheel drive / SUV,2,0,0,2,0,12,December,Summer,Saturday,18:00 - 19:59,PM peak / evening commute,True,False,True,True
1374829,Injury,Moderate Injury,2024,2024,December,Saturday,16:00 - 17:59,BONDS,RD,10,North,PATRICK,ST,PUNCHBOWL,7006.0,No,Not a school zone,T-junction,-33.935871,151.061922,Canterbury-Bankstown,Sydney metro. area,Syd-Newc-Woll Gtr conurbation,Straight,Steep grade,,,Off,Sealed,Dry,Fine,Daylight,Nil,No traffic controls,50 km/h,Regional,71,Off rd left => obj,703,Left off cway into object,,Other angle,Car (sedan/hatch),Light truck,3,0,0,1,0,12,December,Summer,Saturday,16:00 - 17:59,PM peak / evening commute,True,False,True,True
1374830,Injury,Serious Injury,2024,2024,December,Wednesday,06:00 - 07:59,BENI CROSSING,RD,1660,North,CASTLEREAGH,HWY,MERRYGOEN,,No,Not a school zone,2-way undivided,-31.825816,149.203479,Warrumbungle,Country non-urban,Rest of NSW - Rural,Curved,Steep grade,,,Nil,Unsealed,Dry,Fine,Daylight,Nil,No traffic controls,100 km/h,Local,89,Other curve,800,Other on curve,,Unknown,4 wheel drive / SUV,,1,0,1,0,0,12,December,Summer,Wednesday,06:00 - 07:59,AM peak / school commute,True,False,True,True
1374839,Injury,Serious Injury,2024,2024,September,Sunday,14:00 - 15:59,HAWKESBURY VALLEY,WAY,30,East,MOSES,ST,WINDSOR,184.0,No,Not a school zone,2-way undivided,-33.611328,150.811275,Hawkesbury,Country urban,Syd-Newc-Woll Gtr conurbation,Straight,,,,Nil,Sealed,Dry,Fine,Daylight,Nil,No traffic controls,60 km/h,State,30,Rear end,301,Same - Rear end,,Rear end,Semi-trailer,Motorcycle,2,0,1,1,0,9,September,Spring,Sunday,14:00 - 15:59,Midday / afternoon,False,False,True,True
1374840,Injury,Serious Injury,2024,2024,November,Friday,18:00 - 19:59,HERAGHTY,RD,0,Right on the spot,NUMBER 115,HN,PARKES,,No,Not a school zone,2-way undivided,-33.10413,148.158836,Parkes,Country non-urban,Rest of NSW - Rural,Straight,,,,Nil,Sealed,Wet,Raining,Daylight,Nil,No traffic controls,100 km/h,Local,49,Other manoeuvring,400,Manov - other,,Other angle,Motorcycle,,1,0,1,0,0,11,November,Spring,Friday,18:00 - 19:59,PM peak / evening commute,True,False,True,True
1374842,Injury,Minor/Other Injury,2024,2024,October,Thursday,16:00 - 17:59,PARKES,ST,160,East,LUKIN,ST,HELENSBURGH,,No,Not a school zone,2-way undivided,-34.185916,150.990256,Wollongong,Wollongong met. area,Syd-Newc-Woll Gtr conurbation,Curved,Painted double centre lines,,,Off,Sealed,Wet,Raining,Daylight,Nil,No traffic controls,50 km/h,Local,20,Head on,201,Opp - Head on,,Head-on,Passenger van,4 wheel drive / SUV,2,0,0,0,1,10,October,Spring,Thursday,16:00 - 17:59,PM peak / evening commute,True,False,True,True
1374843,Injury,Moderate Injury,2024,2024,November,Saturday,00:01 - 01:59,PEGGY,LANE,0,Right on the spot,NUMBER 171,HN,MAYS HILL,,No,Not a school zone,2-way undivided,-33.819818,150.987631,Cumberland,Sydney metro. area,Syd-Newc-Woll Gtr conurbation,Straight,,,,Nil,Sealed,Dry,Fine,Darkness,Nil,No traffic controls,50 km/h,Local,73,Off rd rght => obj,704,Right off cway into obj,,Other angle,Car (sedan/hatch),Car (sedan/hatch),2,0,0,1,0,11,November,Spring,Saturday,00:01 - 01:59,Late night / early morning,False,False,True,True
1374844,Injury,Serious Injury,2024,2024,October,Sunday,18:00 - 19:59,NEWCASTLE,EXP,1000,South,KU-RING-GAI CHASE ROAD,OP,ASQUITH,6003.0,No,Not a school zone,Dual freeway,-33.68775,151.121149,Hornsby,Sydney metro. area,Syd-Newc-Woll Gtr conurbation,Straight,Steep grade,,,Nil,Sealed,Dry,Fine,Daylight,Nil,No traffic controls,110 km/h,State,34,Lane change right,306,Same - Lane change right,,Other angle,4 wheel drive / SUV,Motorcycle,2,0,1,0,0,10,October,Spring,Sunday,18:00 - 19:59,PM peak / evening commute,True,False,True,True
1374845,Injury,Serious Injury,2024,2024,November,Saturday,22:00 - Midnight,KURRAJONG,AVE,0,Right on the spot,CYPRESS,ST,LEETON,80.0,No,Not a school zone,X-intersection,-34.552901,146.407291,Leeton,Country urban,Rest of NSW - Urban,Straight,,,,On,Sealed,Dry,Fine,Darkness,Nil,Give way sign,50 km/h,State,13,Right near,104,Adj - Right-thru from right,,Right angle,Car (sedan/hatch),Motorcycle,2,0,1,0,0,11,November,Spring,Saturday,22:00 - Midnight,Evening / night,False,False,True,True
1374846,Injury,Serious Injury,2024,2024,October,Wednesday,14:00 - 15:59,MID WESTERN,HWY,0,Right on the spot,BOURKE,ST,HAY,6.0,No,Not a school zone,T-junction,-34.500622,144.857781,Hay,Country urban,Rest of NSW - Urban,Straight,,,,Nil,Sealed,Dry,Fine,Daylight,Nil,No traffic controls,50 km/h,State,32,Right rear,303,Same - Rear right,,Rear end,Motorcycle,Motorcycle,2,0,1,0,0,10,October,Spring,Wednesday,14:00 - 15:59,Midday / afternoon,False,False,True,True
1374847,Injury,Moderate Injury,2024,2024,December,Friday,20:00 - 21:59,CHARLES HACKETT,DR,0,Right on the spot,ST MARYS VILLAGE,ENT,ST MARYS,,No,Not a school zone,2-way undivided,-33.765894,150.771405,Penrith,Sydney metro. area,Syd-Newc-Woll Gtr conurbation,Straight,,,,Nil,Sealed,Dry,Fine,Dusk,Nil,No traffic controls,50 km/h,Local,30,Rear end,301,Same - Rear end,,Rear end,Car (sedan/hatch),4 wheel drive / SUV,2,0,0,1,0,12,December,Summer,Friday,20:00 - 21:59,Evening / night,False,False,True,True
1374851,Injury,Moderate Injury,2024,2024,November,Wednesday,12:00 - 13:59,DEE WHY,PDE,0,Right on the spot,NUMBER 66-72,HN,DEE WHY,2102.0,No,Not a school zone,2-way undivided,-33.752401,151.293952,Northern Beaches,Sydney metro. area,Syd-Newc-Woll Gtr conurbation,Straight,Driveway/entrance,,,Nil,Sealed,Dry,Fine,Daylight,Nil,No traffic controls,40 km/h,Regional,47,Emerging from drive,406,Manov - Emerging from driveway,,Right angle,Car (sedan/hatch),Motor scooter,2,0,0,1,0,11,November,Spring,Wednesday,12:00 - 13:59,Midday / afternoon,False,False,True,True
1374852,Injury,Serious Injury,2024,2024,October,Sunday,10:00 - 11:59,HUME,HWY,0,Right on the spot,NARELLAN ROAD,OP,CAMPBELLTOWN,2.0,No,Not a school zone,Dual freeway,-34.061983,150.78546,Campbelltown,Sydney metro. area,Syd-Newc-Woll Gtr conurbation,Curved,Underpass/tunnel,,,Off,Sealed,Dry,Fine,Daylight,Nil,No traffic controls,110 km/h,State,30,Rear end,301,Same - Rear end,,Rear end,Motorcycle,4 wheel drive / SUV,2,0,2,0,0,10,October,Spring,Sunday,10:00 - 11:59,Midday / afternoon,False,False,True,True
1374855,Injury,Moderate Injury,2024,2024,December,Thursday,14:00 - 15:59,WARREGO,ST,10,East,TOBRUK,ST,NORTH ST MARYS,,No,Not a school zone,T-junction,-33.753903,150.777172,Penrith,Sydney metro. area,Syd-Newc-Woll Gtr conurbation,Curved,Driveway/entrance,,,Off,Sealed,Dry,Fine,Daylight,Nil,No traffic controls,50 km/h,Local,83,Off rt/rt bnd=>obj,707,Right turn,Right,Other angle,Car (sedan/hatch),Motorcycle,2,0,0,1,0,12,December,Summer,Thursday,14:00 - 15:59,Midday / afternoon,False,False,True,True
1374857,Injury,Serious Injury,2024,2024,August,Tuesday,08:00 - 09:59,OCEAN,ST,0,Right on the spot,NUMBER 18,HN,MOUNT SAINT THOMAS,,No,Not a school zone,2-way undivided,-34.440896,150.879092,Wollongong,Wollongong met. area,Syd-Newc-Woll Gtr conurbation,Curved,,,,Off,Sealed,Dry,Fine,Daylight,Nil,No traffic controls,50 km/h,Local,81,Off left/rt bnd=>obj,803,Off right bend into obj,Left,Vehicle - Object,Car (sedan/hatch),,1,0,2,0,1,8,August,Winter,Tuesday,08:00 - 09:59,AM peak / school commute,True,False,True,True
1374858,Injury,Moderate Injury,2024,2024,November,Wednesday,12:00 - 13:59,FULLERS,RD,20,West,PACIFIC,HWY,CHATSWOOD,191.0,No,Not a school zone,2-way undivided,-33.796014,151.177807,Willoughby,Sydney metro. area,Syd-Newc-Woll Gtr conurbation,Straight,,,,Off,Sealed,Dry,Fine,Daylight,Nil,No traffic controls,50 km/h,State,60,Parked,601,On path - Parked,,Other angle,Motor scooter,4 wheel drive / SUV,2,0,0,1,0,11,November,Spring,Wednesday,12:00 - 13:59,Midday / afternoon,False,False,True,True
1374862,Injury,Serious Injury,2024,2024,August,Saturday,10:00 - 11:59,KALANDAR,ST,50,West,WALLACE,ST,NOWRA,7632.0,No,Not a school zone,2-way undivided,-34.887963,150.60714,Shoalhaven,Country urban,Rest of NSW - Urban,Straight,,,,Off,Sealed,Dry,Fine,Daylight,Nil,No traffic controls,60 km/h,Regional,0,Ped nearside,1,Ped - Near side,,Vehicle - Pedestrian,4 wheel drive / SUV,Pedestrian,2,0,1,0,0,8,August,Winter,Saturday,10:00 - 11:59,Midday / afternoon,False,False,True,True
1374863,Injury,Serious Injury,2024,2024,October,Wednesday,16:00 - 17:59,GREAT WESTERN,HWY,560,East,TABLELAND,RD,WENTWORTH FALLS,5.0,No,Not a school zone,Divided road,-33.727915,150.389085,Blue Mountains,Country urban,Syd-Newc-Woll Gtr conurbation,Curved,Steep grade,,,Nil,Sealed,Dry,Fine,Daylight,Nil,No traffic controls,80 km/h,State,20,Head on,201,Opp - Head on,,Head-on,Light truck utility(from 2018),Car (sedan/hatch),2,0,1,1,0,10,October,Spring,Wednesday,16:00 - 17:59,PM peak / evening commute,True,False,True,True
1374864,Injury,Serious Injury,2024,2024,December,Thursday,08:00 - 09:59,CHAPEL,ST,0,Right on the spot,NUMBER 11A,HN,RICHMOND,,No,Not a school zone,2-way undivided,-33.594806,150.74511,Hawkesbury,Country urban,Syd-Newc-Woll Gtr conurbation,Curved,Driveway/entrance,,,Off,Sealed,Dry,Fine,Daylight,Nil,No traffic controls,50 km/h,Local,7,Driveway,7,Ped - driveway,,Vehicle - Pedestrian,Car (sedan/hatch),Pedestrian,2,0,1,0,0,12,December,Summer,Thursday,08:00 - 09:59,AM peak / school commute,True,False,True,True
1374865,Injury,Serious Injury,2024,2024,November,Friday,16:00 - 17:59,RUSHFORTH,RD,400,South,OLD WATTERS,RD,RUSHFORTH,,No,Not a school zone,2-way undivided,-29.735129,152.909733,Clarence Valley,Country non-urban,Rest of NSW - Rural,Curved,,,Loose gravel shoulder,Nil,Unsealed,Dry,Overcast,Daylight,Nil,No traffic controls,100 km/h,Local,80,Off left/right bend,801,Off cway right bend,Left,Rollover,Motorcycle,,1,0,1,0,0,11,November,Spring,Friday,16:00 - 17:59,PM peak / evening commute,True,False,True,True
1374866,Injury,Minor/Other Injury,2024,2024,December,Thursday,06:00 - 07:59,HENDERSON,RD,125,East,MACDONALD,RD,EDMONDSON PARK,,No,Not a school zone,2-way undivided,-33.969468,150.857647,Liverpool,Sydney metro. area,Syd-Newc-Woll Gtr conurbation,Straight,,,,Off,Sealed,Dry,Fine,Daylight,Nil,Ped crossing,50 km/h,Local,2,Ped far side,3,Ped - Far side,,Vehicle - Pedestrian,4 wheel drive / SUV,Pedestrian,2,0,0,0,1,12,December,Summer,Thursday,06:00 - 07:59,AM peak / school commute,True,False,True,True
1374867,Injury,Serious Injury,2024,2024,October,Thursday,16:00 - 17:59,CANADIAN LEAD,RD,200,South,REEF,RD,CANADIAN LEAD,,No,Not a school zone,2-way undivided,-32.405408,149.577957,Mid-Western Regional,Country non-urban,Rest of NSW - Rural,Curved,,,,Nil,Unsealed,Dry,Unknown,Daylight,Nil,No traffic controls,100 km/h,Local,88,Out of cont on bend,805,Out of control on bend,,Rollover,4 wheel drive / SUV,,1,0,1,0,0,10,October,Spring,Thursday,16:00 - 17:59,PM peak / evening commute,True,False,True,True
1374868,Injury,Moderate Injury,2024,2024,November,Wednesday,08:00 - 09:59,WISEMANS FERRY,RD,577,South,LITTLE MOONEY CREEK,RD,SOMERSBY,,No,Not a school zone,2-way undivided,-33.334911,151.274697,Central Coast,Country urban,Syd-Newc-Woll Gtr conurbation,Straight,,,,Nil,Sealed,Dry,Fine,Daylight,Nil,No traffic controls,80 km/h,Local,71,Off rd left => obj,703,Left off cway into object,,Vehicle - Object,4 wheel drive / SUV,,1,0,0,1,0,11,November,Spring,Wednesday,08:00 - 09:59,AM peak / school commute,True,False,True,True
1374871,Injury,Serious Injury,2024,2024,December,Tuesday,06:00 - 07:59,ALLAMBIE,RD,0,Right on the spot,NEERIM,RD,CASTLE COVE,,No,Not a school zone,T-junction,-33.784775,151.211592,Willoughby,Sydney metro. area,Syd-Newc-Woll Gtr conurbation,Straight,Steep grade,,,Off,Sealed,Dry,Fine,Daylight,Nil,No traffic controls,50 km/h,Local,47,Emerging from drive,406,Manov - Emerging from driveway,,Right angle,Light truck utility(from 2018),Pedal cycle,2,0,1,0,0,12,December,Summer,Tuesday,06:00 - 07:59,AM peak / school commute,True,False,True,True
1374872,Injury,Serious Injury,2024,2024,November,Thursday,08:00 - 09:59,MITRE,ST,0,Right on the spot,BATHURST HOSPITAL,ENT,WEST BATHURST,,No,Not a school zone,2-way undivided,-33.406817,149.573309,Bathurst Regional,Country urban,Rest of NSW - Urban,Straight,Steep grade,,,Off,Sealed,Dry,Fine,Daylight,Nil,No traffic controls,50 km/h,Local,47,Emerging from drive,406,Manov - Emerging from driveway,,Right angle,Car (sedan/hatch),4 wheel drive / SUV,2,0,1,1,0,11,November,Spring,Thursday,08:00 - 09:59,AM peak / school commute,True,False,True,True
1374874,Injury,Moderate Injury,2024,2024,September,Friday,14:00 - 15:59,CAMPBELL,ST,0,Right on the spot,EVANS,ST,MORUYA,,Yes,No,X-intersection,-35.911478,150.075531,Eurobodalla,Country urban,Rest of NSW - Urban,Straight,,,,Off,Sealed,Dry,Fine,Daylight,Nil,Give way sign,50 km/h,Local,32,Right rear,303,Same - Rear right,,Rear end,Car (sedan/hatch),4 wheel drive / SUV,2,0,0,2,0,9,September,Spring,Friday,14:00 - 15:59,Midday / afternoon,False,False,True,True
1374875,Injury,Minor/Other Injury,2024,2024,October,Thursday,18:00 - 19:59,DAYMAN,PL,50,South,VIMIERA,RD,MARSFIELD,,Yes,No,2-way undivided,-33.772116,151.101671,Ryde,Sydney metro. area,Syd-Newc-Woll Gtr conurbation,Straight,,,,Off,Sealed,Dry,Overcast,Daylight,Nil,No traffic controls,50 km/h,Local,3,Ped on carriageway,4,Ped - On carriageway,,Vehicle - Pedestrian,4 wheel drive / SUV,Pedestrian,2,0,0,0,1,10,October,Spring,Thursday,18:00 - 19:59,PM peak / evening commute,True,False,True,True
1374876,Injury,Serious Injury,2024,2024,August,Saturday,14:00 - 15:59,FURRACABAD,CL,0,Right on the spot,MT HALL,RD,RAYMOND TERRACE,,Yes,No,T-junction,-32.763489,151.767749,Port Stephens,Country urban,Rest of NSW - Urban,Straight,,,,Nil,Sealed,Dry,Fine,Daylight,Nil,Give way sign,50 km/h,Local,10,Cross traffic,101,Adj - Cross traffic,,Right angle,4 wheel drive / SUV,Station wagon,2,0,1,0,0,8,August,Winter,Saturday,14:00 - 15:59,Midday / afternoon,False,False,True,True
1374877,Injury,Moderate Injury,2024,2024,September,Wednesday,12:00 - 13:59,KENNY,AVE,0,Right on the spot,NUMBER 46,HN,ST MARYS,,No,Not a school zone,2-way undivided,-33.764687,150.783379,Penrith,Sydney metro. area,Syd-Newc-Woll Gtr conurbation,Curved,,,,Off,Sealed,Dry,Fine,Daylight,Nil,No traffic controls,50 km/h,Local,20,Head on,201,Opp - Head on,,Head-on,Motorcycle,Light truck utility(from 2018),2,0,0,1,0,9,September,Spring,Wednesday,12:00 - 13:59,Midday / afternoon,False,False,True,True
1374878,Injury,Minor/Other Injury,2024,2024,November,Sunday,08:00 - 09:59,COSTIGANS,RD,5000,South,OXLEY,HWY,YARRAS,,No,Not a school zone,2-way undivided,-31.454507,152.334359,Port Macquarie-Hastings,Country non-urban,Rest of NSW - Rural,Curved,Steep grade,Roadwks/Detour/Diverson,Potholes/corrugations/rough,Nil,Unsealed,Dry,Fine,Daylight,Nil,No traffic controls,100 km/h,Local,87,Off lft/lft bnd=>obj,804,Off left bend into obj,Left,Vehicle - Object,4 wheel drive / SUV,,1,0,0,0,1,11,November,Spring,Sunday,08:00 - 09:59,AM peak / school commute,True,False,True,True
1374879,Injury,Moderate Injury,2024,2024,December,Wednesday,12:00 - 13:59,CAMBRIDGE,ST,0,Right on the spot,NUMBER 121,HN,SOUTH GRAFTON,,No,Not a school zone,2-way undivided,-29.712755,152.936183,Clarence Valley,Country urban,Rest of NSW - Urban,Straight,Driveway/entrance,,,Off,Sealed,Dry,Fine,Daylight,Nil,No traffic controls,50 km/h,Local,53,Overtake turning,506,Ovtak - Overtaking right turn,,Other angle,Motorised push scooters,Car (sedan/hatch),2,0,0,1,0,12,December,Summer,Wednesday,12:00 - 13:59,Midday / afternoon,False,False,True,True