crash_id,degree_of_crash,degree_of_crash_-_detailed,reporting_year,year_of_crash,month_of_crash,day_of_week_of_crash,two-hour_intervals,street_of_crash,street_type,distance,direction,identifying_feature,identifying_feature_type,town,route_no.,school_zone_location,school_zone_active,type_of_location,latitude,longitude,lga,urbanisation,conurbation_1,alignment,primary_permanent_feature,primary_temporary_feature,primary_hazardous_feature,street_lighting,road_surface,surface_condition,weather,natural_lighting,signals_operation,other_traffic_control,speed_limit,road_classification_(admin),rum_-_code,rum_-_description,dca_-_code,dca_-_description,dca_supplement,first_impact_type,key_tu_type,other_tu_type,no._of_traffic_units_involved,no._killed,no._seriously_injured,no._moderately_injured,no._minor-other_injured,month_num,month_label,season,day_label,time_label,time_band,is_peak_commute,is_fatal,is_injury,is_casualty
1374880,Injury,Serious Injury,2024,2024,November,Friday,22:00 - Midnight,PACIFIC,HWY,0,Right on the spot,NUMBER 401,HN,ARTARMON,10.0,No,Not a school zone,Divided road,-33.814535,151.177877,Willoughby,Sydney metro. area,Syd-Newc-Woll Gtr conurbation,Curved,,,,On,Sealed,Dry,Fine,Darkness,Nil,No traffic controls,60 km/h,State,30,Rear end,301,Same - Rear end,,Rear end,Motorcycle,Car (sedan/hatch),2,0,1,0,0,11,November,Spring,Friday,22:00 - Midnight,Evening / night,False,False,True,True
1374881,Injury,Serious Injury,2024,2024,October,Thursday,10:00 - 11:59,VICTORIA,ST,200,East,STEVENSON,ST,TAREE,7776.0,No,Not a school zone,Divided road,-31.908116,152.469586,Mid-Coast,Country urban,Rest of NSW - Urban,Straight,,,,Off,Sealed,Dry,Fine,Daylight,Nil,No traffic controls,60 km/h,Regional,63,Vehicle door,604,On path - Vehicle door,,Other angle,Pedal cycle,4 wheel drive / SUV,2,0,1,0,0,10,October,Spring,Thursday,10:00 - 11:59,Midday / afternoon,False,False,True,True
1374882,Injury,Moderate Injury,2024,2024,December,Friday,08:00 - 09:59,TARALGA,RD,0,Right on the spot,BREWER,ST,GOULBURN,256.0,No,Not a school zone,X-intersection,-34.73155,149.734673,Goulburn Mulwaree,Country urban,Rest of NSW - Urban,Curved,,,,Off,Sealed,Dry,Fine,Daylight,Nil,Give way sign,60 km/h,Regional,10,Cross traffic,101,Adj - Cross traffic,,Right angle,Station wagon,Light truck utility(from 2018),3,0,0,1,0,12,December,Summer,Friday,08:00 - 09:59,AM peak / school commute,True,False,True,True
1374883,Injury,Moderate Injury,2024,2024,October,Friday,12:00 - 13:59,CASTLEREAGH,HWY,200,South,NAMOI,ST,COONAMBLE,18.0,No,Not a school zone,2-way undivided,-30.957869,148.389889,Coonamble,Country urban,Rest of NSW - Urban,Straight,,,,Nil,Sealed,Dry,Fine,Daylight,Nil,No traffic controls,50 km/h,State,42,Leaving parking,401,Manov - Leaving parking,,Other angle,Car (sedan/hatch),Light truck,2,0,0,2,0,10,October,Spring,Friday,12:00 - 13:59,Midday / afternoon,False,False,True,True
1374884,Injury,Serious Injury,2024,2024,December,Saturday,16:00 - 17:59,GREAT WESTERN,HWY,0,Right on the spot,BRINGELLY,RD,KINGSWOOD,5.0,No,Not a school zone,T-junction,-33.758787,150.720711,Penrith,Sydney metro. area,Syd-Newc-Woll Gtr conurbation,Straight,Steep grade,,,Off,Sealed,Dry,Fine,Daylight,On,No traffic controls,60 km/h,State,30,Rear end,301,Same - Rear end,,Rear end,Light truck utility(from 2018),4 wheel drive / SUV,2,0,1,0,1,12,December,Summer,Saturday,16:00 - 17:59,PM peak / evening commute,True,False,True,True
1374885,Injury,Serious Injury,2024,2024,December,Thursday,16:00 - 17:59,CLARENCE TOWN,RD,0,Right on the spot,DUNMORE,BDGE,WOODVILLE,,No,Not a school zone,2-way undivided,-32.680392,151.60549,Maitland,Country urban,Rest of NSW - Urban,Straight,Narrow/1-lane bridge,,,Off,Sealed,Dry,Fine,Daylight,Nil,Give way sign,60 km/h,Local,20,Head on,201,Opp - Head on,,Head-on,Motorcycle,Car (sedan/hatch),2,0,1,0,0,12,December,Summer,Thursday,16:00 - 17:59,PM peak / evening commute,True,False,True,True
1374886,Injury,Minor/Other Injury,2024,2024,November,Wednesday,04:00 - 05:59,MITCHELL,HWY,0,Right on the spot,NEWELL,HWY,DUBBO,7.0,No,Not a school zone,X-intersection,-32.247962,148.593332,Dubbo Regional,Country urban,Rest of NSW - Urban,Straight,,,,On,Sealed,Dry,Fine,Dawn,On,No traffic controls,60 km/h,State,10,Cross traffic,101,Adj - Cross traffic,,Right angle,4 wheel drive / SUV,Light truck,3,0,0,0,3,11,November,Spring,Wednesday,04:00 - 05:59,Late night / early morning,False,False,True,True
1374888,Injury,Moderate Injury,2024,2024,December,Monday,18:00 - 19:59,WILLIAM,ST,0,Right on the spot,BOOMERANG,PL,WOOLLOOMOOLOO,7307.0,No,Not a school zone,X-intersection,-33.873967,151.214434,Sydney,Sydney metro. area,Syd-Newc-Woll Gtr conurbation,Straight,Foot/cycle path/nature strip,,,Off,Sealed,Dry,Fine,Daylight,On,No traffic controls,50 km/h,Regional,37,Left turn sideswipe,309,Same - Left turn side swipe,,Other angle,Station wagon,Pedal cycle,2,0,0,1,0,12,December,Summer,Monday,18:00 - 19:59,PM peak / evening commute,True,False,True,True
1374889,Injury,Minor/Other Injury,2024,2024,October,Wednesday,20:00 - 21:59,DAISY,ST,0,Right on the spot,OLD PRINCES,HWY,FAIRY MEADOW,,Yes,No,T-junction,-34.392239,150.893224,Wollongong,Wollongong met. area,Syd-Newc-Woll Gtr conurbation,Straight,,,,On,Sealed,Dry,Fine,Darkness,On,No traffic controls,50 km/h,Local,0,Ped nearside,1,Ped - Near side,,Vehicle - Pedestrian,Unknown motor vehicle,Pedestrian,2,0,0,0,1,10,October,Spring,Wednesday,20:00 - 21:59,Evening / night,False,False,True,True
1374890,Injury,Moderate Injury,2024,2024,December,Sunday,18:00 - 19:59,MALABAR,RD,0,Right on the spot,MAROUBRA,RD,MAROUBRA,7340.0,No,Not a school zone,X-intersection,-33.941154,151.25292,Randwick,Sydney metro. area,Syd-Newc-Woll Gtr conurbation,Straight,Steep grade,,,On,Sealed,Wet,Fine,Dusk,On,No traffic controls,50 km/h,Regional,20,Head on,201,Opp - Head on,,Head-on,Pedal cycle,4 wheel drive / SUV,2,0,0,1,0,12,December,Summer,Sunday,18:00 - 19:59,PM peak / evening commute,True,False,True,True
1374896,Injury,Moderate Injury,2024,2024,October,Thursday,16:00 - 17:59,DUMFRIES,AVE,0,Right on the spot,NUMBER 60,HN,MOUNT OUSLEY,,No,Not a school zone,2-way undivided,-34.40056,150.880309,Wollongong,Wollongong met. area,Syd-Newc-Woll Gtr conurbation,Straight,Driveway/entrance,,,Nil,Sealed,Dry,Fine,Daylight,Nil,No traffic controls,50 km/h,Local,32,Right rear,303,Same - Rear right,,Rear end,Unknown motor vehicle,Pedal cycle,2,0,0,1,0,10,October,Spring,Thursday,16:00 - 17:59,PM peak / evening commute,True,False,True,True
1374900,Injury,Minor/Other Injury,2024,2024,November,Tuesday,16:00 - 17:59,BEAUMONT,ST,0,Right on the spot,DUMARESQ,ST,HAMILTON,,No,Not a school zone,Roundabout,-32.928112,151.745951,Newcastle,Newcastle met. area,Syd-Newc-Woll Gtr conurbation,Straight,,,,Off,Sealed,Dry,Fine,Daylight,Nil,Give way sign,50 km/h,Local,10,Cross traffic,101,Adj - Cross traffic,,Right angle,Station wagon,Pedal cycle,2,0,0,0,1,11,November,Spring,Tuesday,16:00 - 17:59,PM peak / evening commute,True,False,True,True
1374904,Injury,Serious Injury,2024,2024,November,Saturday,22:00 - Midnight,KAMILAROI,HWY,1600,North,RANGARI,RD,BOGGABRI,29.0,No,Not a school zone,2-way undivided,-30.659475,150.044374,Narrabri,Country non-urban,Rest of NSW - Rural,Curved,Steep grade,,,Nil,Sealed,Dry,Fine,Darkness,Nil,No traffic controls,100 km/h,State,85,Off rt/lft bnd=>obj,804,Off left bend into obj,Right,Vehicle - Object,Light truck utility(from 2018),,1,0,1,0,0,11,November,Spring,Saturday,22:00 - Midnight,Evening / night,False,False,True,True
1374907,Injury,Serious Injury,2024,2024,October,Sunday,06:00 - 07:59,PRINCES,HWY,0,Right on the spot,NUMBER 138,HN,BEVERLEY PARK,1.0,No,Not a school zone,Divided road,-33.974939,151.127766,Georges River,Sydney metro. area,Syd-Newc-Woll Gtr conurbation,Straight,,,,On,Sealed,Dry,Fine,Dawn,Nil,No traffic controls,70 km/h,State,60,Parked,601,On path - Parked,,Other angle,Station wagon,Light truck,2,0,1,0,0,10,October,Spring,Sunday,06:00 - 07:59,AM peak / school commute,True,False,True,True
1374908,Injury,Moderate Injury,2024,2024,November,Friday,06:00 - 07:59,WHARF,RD,250,West,MUNDARRA,WAY,NORTH BATEMANS BAY,,No,Not a school zone,2-way undivided,-35.703145,150.18706,Eurobodalla,Country urban,Rest of NSW - Urban,Curved,Steep grade,,,Off,Sealed,Dry,Fine,Daylight,Nil,No traffic controls,50 km/h,Local,0,Ped nearside,1,Ped - Near side,,Vehicle - Pedestrian,4 wheel drive / SUV,Pedestrian,2,0,0,1,1,11,November,Spring,Friday,06:00 - 07:59,AM peak / school commute,True,False,True,True
1374909,Injury,Minor/Other Injury,2024,2024,November,Sunday,02:00 - 03:59,DICKSON,ST,10,South,PALMERSTON,AVE,BRONTE,,No,Not a school zone,X-intersection,-33.900744,151.260403,Waverley,Sydney metro. area,Syd-Newc-Woll Gtr conurbation,Straight,Steep grade,,,Nil,Sealed,Wet,Fine,Darkness,Nil,Give way sign,50 km/h,Local,73,Off rd rght => obj,704,Right off cway into obj,,Other angle,Pedal cycle,4 wheel drive / SUV,2,0,0,0,1,11,November,Spring,Sunday,02:00 - 03:59,Late night / early morning,False,False,True,True
1374911,Injury,Serious Injury,2024,2024,October,Monday,04:00 - 05:59,JOCKBET,ST,100,North,WILSHIRE,RD,LONDONDERRY,,No,Not a school zone,2-way undivided,-33.628078,150.719357,Penrith,Sydney metro. area,Syd-Newc-Woll Gtr conurbation,Straight,,,,On,Sealed,Dry,Fine,Darkness,Nil,No traffic controls,60 km/h,Local,71,Off rd left => obj,703,Left off cway into object,,Vehicle - Object,Light truck utility(from 2018),,1,0,1,0,0,10,October,Spring,Monday,04:00 - 05:59,Late night / early morning,False,False,True,True
1374913,Injury,Serious Injury,2024,2024,October,Friday,16:00 - 17:59,MEACHER,ST,0,Right on the spot,MOREHEAD,AVE,MOUNT DRUITT,,No,Not a school zone,T-junction,-33.761137,150.828269,Blacktown,Sydney metro. area,Syd-Newc-Woll Gtr conurbation,Straight,,,,Off,Sealed,Dry,Fine,Daylight,Nil,No traffic controls,50 km/h,Local,33,Lane sideswipe,305,Same - Lane side swipe,,Other angle,Pedal cycle,4 wheel drive / SUV,2,0,1,0,0,10,October,Spring,Friday,16:00 - 17:59,PM peak / evening commute,True,False,True,True
1374916,Injury,Minor/Other Injury,2024,2024,November,Saturday,16:00 - 17:59,BUTT,ST,0,Right on the spot,JAMIESON,ST,EAST ALBURY,,No,Not a school zone,T-junction,-36.086731,146.931499,Albury,Country urban,Rest of NSW - Urban,Straight,Steep grade,,,Nil,Sealed,Dry,Fine,Daylight,Nil,No traffic controls,50 km/h,Local,73,Off rd rght => obj,704,Right off cway into obj,,Vehicle - Object,Car (sedan/hatch),,1,0,0,0,1,11,November,Spring,Saturday,16:00 - 17:59,PM peak / evening commute,True,False,True,True
1374917,Injury,Serious Injury,2024,2024,December,Monday,08:00 - 09:59,RICHMOND,RD,50,South,COOPER,ST,CAMBRIDGE GARDENS,154.0,No,Not a school zone,Divided road,-33.73832,150.716981,Penrith,Sydney metro. area,Syd-Newc-Woll Gtr conurbation,Straight,,,,Nil,Sealed,Dry,Fine,Daylight,Nil,No traffic controls,70 km/h,State,0,Ped nearside,1,Ped - Near side,,Vehicle - Pedestrian,Car (sedan/hatch),Pedestrian,2,0,1,0,0,12,December,Summer,Monday,08:00 - 09:59,AM peak / school commute,True,False,True,True
1374918,Injury,Serious Injury,2024,2024,November,Friday,14:00 - 15:59,ETHEL,ST,20,East,PLANT,ST,BALGOWLAH,,No,Not a school zone,2-way undivided,-33.798068,151.253729,Northern Beaches,Sydney metro. area,Syd-Newc-Woll Gtr conurbation,Straight,Driveway/entrance,,,Nil,Sealed,Dry,Fine,Daylight,Nil,No traffic controls,50 km/h,Local,55,Pulling out rear end,505,Ovtak - Pulling out rear end,,Rear end,Pedal cycle,4 wheel drive / SUV,2,0,1,0,0,11,November,Spring,Friday,14:00 - 15:59,Midday / afternoon,False,False,True,True
1374919,Injury,Serious Injury,2024,2024,October,Thursday,14:00 - 15:59,BARNEY,ST,20,East,CHURCH,ST,NORTH PARRAMATTA,,No,Not a school zone,2-way undivided,-33.797207,151.002374,Parramatta,Sydney metro. area,Syd-Newc-Woll Gtr conurbation,Straight,Painted double centre lines,,,Off,Sealed,Dry,Fine,Daylight,Nil,No traffic controls,50 km/h,Local,20,Head on,201,Opp - Head on,,Head-on,Pedal cycle,4 wheel drive / SUV,2,0,1,0,0,10,October,Spring,Thursday,14:00 - 15:59,Midday / afternoon,False,False,True,True
1374920,Injury,Minor/Other Injury,2024,2024,October,Friday,16:00 - 17:59,HASTINGS RIVER,DR,0,Right on the spot,WINERY,DR,FERNBANK CREEK,600.0,No,Not a school zone,T-junction,-31.413035,152.8244,Port Macquarie-Hastings,Country urban,Rest of NSW - Urban,Straight,,Roadwks/Detour/Diverson,,Nil,Sealed,Dry,Fine,Daylight,Nil,Give way sign,70 km/h,Regional,16,Left near,107,Adj - Left-thru from right,,Right angle,Car (sedan/hatch),Station wagon,2,0,0,0,1,10,October,Spring,Friday,16:00 - 17:59,PM peak / evening commute,True,False,True,True
1374922,Injury,Moderate Injury,2024,2024,November,Monday,16:00 - 17:59,WESTERN,EXP,500,West,MULGOA ROAD,OP,REGENTVILLE,6004.0,No,Not a school zone,Dual freeway,-33.769796,150.666296,Penrith,Sydney metro. area,Syd-Newc-Woll Gtr conurbation,Straight,,,,Nil,Sealed,Dry,Fine,Daylight,Nil,No traffic controls,110 km/h,State,30,Rear end,301,Same - Rear end,,Rear end,Car (sedan/hatch),Car (sedan/hatch),3,0,0,1,0,11,November,Spring,Monday,16:00 - 17:59,PM peak / evening commute,True,False,True,True
1374924,Injury,Serious Injury,2024,2024,November,Monday,16:00 - 17:59,OLD MAITLAND,RD,0,Right on the spot,NUMBER 333,HN,MARDI,,No,Not a school zone,2-way undivided,-33.29457,151.398795,Central Coast,Country urban,Syd-Newc-Woll Gtr conurbation,Curved,Steep grade,,Potholes/corrugations/rough,Nil,Sealed,Dry,Fine,Daylight,Nil,No traffic controls,80 km/h,Local,81,Off left/rt bnd=>obj,803,Off right bend into obj,Left,Vehicle - Object,Motorcycle,,1,0,1,0,0,11,November,Spring,Monday,16:00 - 17:59,PM peak / evening commute,True,False,True,True
1374927,Injury,Serious Injury,2024,2024,November,Monday,06:00 - 07:59,ELIZABETH,DR,0,Right on the spot,CLIFTON,AVE,KEMPS CREEK,535.0,No,Not a school zone,T-junction,-33.879916,150.787946,Penrith,Sydney metro. area,Syd-Newc-Woll Gtr conurbation,Straight,,,Loose gravel shoulder,Off,Sealed,Dry,Fine,Daylight,Nil,Give way sign,60 km/h,State,20,Head on,201,Opp - Head on,,Head-on,Car (sedan/hatch),Light truck utility(from 2018),2,0,1,0,0,11,November,Spring,Monday,06:00 - 07:59,AM peak / school commute,True,False,True,True
1374935,Injury,Moderate Injury,2024,2024,November,Thursday,20:00 - 21:59,WESTERN,EXP,50,East,SILVERWATER ROAD,TO,LIDCOMBE,6004.0,No,Not a school zone,Dual freeway,-33.845171,151.04765,Cumberland,Sydney metro. area,Syd-Newc-Woll Gtr conurbation,Straight,,,,On,Sealed,Wet,Raining,Darkness,Nil,No traffic controls,90 km/h,State,35,Lane change left,307,Same - Lane change left,,Other angle,Car (sedan/hatch),Car (sedan/hatch),2,0,0,1,0,11,November,Spring,Thursday,20:00 - 21:59,Evening / night,False,False,True,True
1374938,Injury,Minor/Other Injury,2024,2024,December,Tuesday,08:00 - 09:59,THE ESCORT,WAY,50,East,RIFLERANGE,RD,FORBES,377.0,No,Not a school zone,2-way undivided,-33.389575,148.023827,Forbes,Country urban,Rest of NSW - Urban,Straight,,,,Off,Sealed,Dry,Fine,Daylight,Nil,No traffic controls,80 km/h,State,30,Rear end,301,Same - Rear end,,Rear end,Car (sedan/hatch),Large rigid,2,0,0,0,1,12,December,Summer,Tuesday,08:00 - 09:59,AM peak / school commute,True,False,True,True
1374939,Injury,Serious Injury,2024,2024,December,Wednesday,16:00 - 17:59,YURUGA,RD,0,Right on the spot,NUMBER 12,HN,DURAL,,No,Not a school zone,2-way undivided,-33.692537,151.011607,The Hills,Sydney metro. area,Syd-Newc-Woll Gtr conurbation,Straight,,,,Nil,Sealed,Dry,Fine,Daylight,Nil,No traffic controls,60 km/h,Local,88,Out of cont on bend,805,Out of control on bend,,Rollover,Quad bike,,1,0,1,0,1,12,December,Summer,Wednesday,16:00 - 17:59,PM peak / evening commute,True,False,True,True
1374940,Injury,Serious Injury,2024,2024,November,Saturday,14:00 - 15:59,RICHMOND,RD,0,Right on the spot,EG AMPOL PETROL STATION,ENT,BERKSHIRE PARK,537.0,No,Not a school zone,2-way undivided,-33.665938,150.801498,Penrith,Sydney metro. area,Syd-Newc-Woll Gtr conurbation,Straight,Driveway/entrance,,,Off,Sealed,Dry,Fine,Daylight,Nil,No right turn,80 km/h,State,47,Emerging from drive,406,Manov - Emerging from driveway,,Right angle,4 wheel drive / SUV,Motorcycle,2,0,1,0,0,11,November,Spring,Saturday,14:00 - 15:59,Midday / afternoon,False,False,True,True
1374941,Injury,Serious Injury,2024,2024,October,Thursday,16:00 - 17:59,GULARGAMBONE,RD,3700,West,WAIROA,RD,QUAMBONE,,No,Not a school zone,2-way undivided,-31.086706,147.997357,Coonamble,Country non-urban,Rest of NSW - Rural,Curved,,,,Nil,Unsealed,Dry,Fine,Daylight,Nil,No traffic controls,100 km/h,Local,81,Off left/rt bnd=>obj,803,Off right bend into obj,Left,Vehicle - Object,Light truck utility(from 2018),,1,0,1,1,1,10,October,Spring,Thursday,16:00 - 17:59,PM peak / evening commute,True,False,True,True
1374943,Injury,Moderate Injury,2024,2024,December,Tuesday,18:00 - 19:59,ARTARMON,RD,0,Right on the spot,EDWARD,ST,WILLOUGHBY,,No,Not a school zone,T-junction,-33.810195,151.196701,Willoughby,Sydney metro. area,Syd-Newc-Woll Gtr conurbation,Straight,Foot/cycle path/nature strip,,,Off,Sealed,Dry,Overcast,Daylight,Nil,Ped crossing,50 km/h,Local,48,From footpath,408,Manov - From footway,,Other angle,Pedal cycle,Car (sedan/hatch),2,0,0,1,0,12,December,Summer,Tuesday,18:00 - 19:59,PM peak / evening commute,True,False,True,True
1374944,Injury,Serious Injury,2024,2024,October,Thursday,16:00 - 17:59,GAMBAN,RD,100,South,ALDINGA,RD,GWANDALAN,,No,Not a school zone,2-way undivided,-33.143485,151.58975,Central Coast,Country urban,Syd-Newc-Woll Gtr conurbation,Straight,,,,Off,Sealed,Dry,Fine,Daylight,Nil,No traffic controls,50 km/h,Local,71,Off rd left => obj,703,Left off cway into object,,Other angle,4 wheel drive / SUV,Car (sedan/hatch),2,0,1,0,0,10,October,Spring,Thursday,16:00 - 17:59,PM peak / evening commute,True,False,True,True
1374945,Injury,Minor/Other Injury,2024,2024,October,Wednesday,10:00 - 11:59,HOUGHTON,RD,500,West,ROURKE,RD,GOGELDRIE,,No,Not a school zone,2-way undivided,-34.585512,146.356783,Leeton,Country non-urban,Rest of NSW - Rural,Straight,,,,Nil,Unsealed,Dry,Fine,Daylight,Nil,No traffic controls,100 km/h,Local,72,Off road to right,702,Off carriageway to right,,Rollover,Car (sedan/hatch),,1,0,0,0,1,10,October,Spring,Wednesday,10:00 - 11:59,Midday / afternoon,False,False,True,True
1374951,Injury,Serious Injury,2024,2024,December,Monday,14:00 - 15:59,OLD BELLS LINE OF,RD,2100,North,CHIFLEY,RD,STATE MINE GULLY,,No,Not a school zone,2-way undivided,-33.46186,150.227137,Lithgow,Country urban,Rest of NSW - Urban,Curved,Steep grade,,,Nil,Unsealed,Dry,Fine,Daylight,Nil,No traffic controls,40 km/h,Local,20,Head on,201,Opp - Head on,,Head-on,Motorcycle,Motorcycle,2,0,1,0,0,12,December,Summer,Monday,14:00 - 15:59,Midday / afternoon,False,False,True,True
1374956,Injury,Moderate Injury,2024,2024,December,Sunday,16:00 - 17:59,HUME,HWY,50,West,WALLIS,AVE,STRATHFIELD SOUTH,2.0,No,Not a school zone,Divided road,-33.889598,151.078234,Strathfield,Sydney metro. area,Syd-Newc-Woll Gtr conurbation,Straight,,,,Nil,Sealed,Dry,Fine,Daylight,Nil,No traffic controls,60 km/h,State,30,Rear end,301,Same - Rear end,,Rear end,Other bus,4 wheel drive / SUV,4,0,0,1,1,12,December,Summer,Sunday,16:00 - 17:59,PM peak / evening commute,True,False,True,True
1374957,Injury,Moderate Injury,2024,2024,November,Saturday,14:00 - 15:59,JESSIE HURLEY,DR,50,South,TERRIGAL,DR,TERRIGAL,,No,Not a school zone,2-way undivided,-33.436605,151.405776,Central Coast,Country urban,Syd-Newc-Woll Gtr conurbation,Straight,Painted double centre lines,,,Nil,Sealed,Dry,Fine,Daylight,Nil,No traffic controls,50 km/h,Local,20,Head on,201,Opp - Head on,,Head-on,Car (sedan/hatch),Motorcycle,2,0,0,1,0,11,November,Spring,Saturday,14:00 - 15:59,Midday / afternoon,False,False,True,True
1374960,Injury,Minor/Other Injury,2024,2024,November,Monday,14:00 - 15:59,STACEY,ST,0,Right on the spot,GREENACRE,RD,BANKSTOWN,190.0,No,Not a school zone,X-intersection,-33.91071,151.041912,Canterbury-Bankstown,Sydney metro. area,Syd-Newc-Woll Gtr conurbation,Straight,,,,Nil,Sealed,Dry,Fine,Daylight,On,No traffic controls,60 km/h,State,30,Rear end,301,Same - Rear end,,Rear end,Light truck utility(from 2018),Light truck,2,0,0,0,1,11,November,Spring,Monday,14:00 - 15:59,Midday / afternoon,False,False,True,True
1374965,Injury,Serious Injury,2024,2024,December,Tuesday,12:00 - 13:59,NEWELL,HWY,0,Right on the spot,BOOTHENBA,RD,DUBBO,17.0,No,Not a school zone,X-intersection,-32.208052,148.618697,Dubbo Regional,Country urban,Rest of NSW - Urban,Straight,,,,Nil,Sealed,Dry,Fine,Daylight,Nil,Give way sign,80 km/h,State,88,Out of cont on bend,706,Left turn,,Rollover,Light truck,,1,0,1,0,0,12,December,Summer,Tuesday,12:00 - 13:59,Midday / afternoon,False,False,True,True
1374968,Injury,Moderate Injury,2024,2024,December,Thursday,00:01 - 01:59,SHEPHERD,ST,27,West,ASTWOOD,ST,COLYTON,,No,Not a school zone,2-way undivided,-33.787379,150.796939,Penrith,Sydney metro. area,Syd-Newc-Woll Gtr conurbation,Straight,,,,On,Sealed,Dry,Fine,Darkness,Nil,No traffic controls,50 km/h,Local,71,Off rd left => obj,703,Left off cway into object,,Vehicle - Object,Light truck utility(from 2018),,1,0,0,1,0,12,December,Summer,Thursday,00:01 - 01:59,Late night / early morning,False,False,True,True
1374969,Injury,Serious Injury,2024,2024,December,Sunday,18:00 - 19:59,HARRISON,AVE,0,Right on the spot,ROWE,ST,EASTWOOD,,No,Not a school zone,T-junction,-33.792765,151.072475,Ryde,Sydney metro. area,Syd-Newc-Woll Gtr conurbation,Straight,Steep grade,,,Nil,Sealed,Dry,Fine,Daylight,Nil,No traffic controls,50 km/h,Local,13,Right near,104,Adj - Right-thru from right,,Right angle,4 wheel drive / SUV,Motorcycle,2,0,1,0,0,12,December,Summer,Sunday,18:00 - 19:59,PM peak / evening commute,True,False,True,True
1374977,Injury,Serious Injury,2024,2024,December,Monday,16:00 - 17:59,WINBOURNE,RD,190,East,MITCHELL,RD,BROOKVALE,7346.0,No,Not a school zone,2-way undivided,-33.762626,151.276802,Northern Beaches,Sydney metro. area,Syd-Newc-Woll Gtr conurbation,Straight,Driveway/entrance,,,Nil,Sealed,Dry,Fine,Daylight,Nil,No traffic controls,60 km/h,Regional,40,U turn,207,Opp - U-turn,,Other angle,Car (sedan/hatch),Motorcycle,2,0,1,0,0,12,December,Summer,Monday,16:00 - 17:59,PM peak / evening commute,True,False,True,True
1374978,Injury,Serious Injury,2024,2024,December,Wednesday,08:00 - 09:59,RICHMOND,RD,0,Right on the spot,YARRAMUNDI,DR,DEAN PARK,643.0,No,Not a school zone,T-junction,-33.735603,150.851743,Blacktown,Sydney metro. area,Syd-Newc-Woll Gtr conurbation,Straight,,,,Off,Sealed,Dry,Fine,Daylight,On,No traffic controls,70 km/h,State,21,Right through,202,Opp - Right-thru,,Other angle,Other bus,Motorcycle,2,0,1,0,0,12,December,Summer,Wednesday,08:00 - 09:59,AM peak / school commute,True,False,True,True
1374979,Injury,Minor/Other Injury,2024,2024,December,Sunday,22:00 - Midnight,KEENANS,DR,40,North,NUMBER 138,HN,COOMEALLA,,No,Not a school zone,2-way undivided,-34.080424,142.015685,Wentworth,Country urban,Rest of NSW - Urban,Straight,,,,Nil,Sealed,Dry,Fine,Darkness,Nil,No traffic controls,80 km/h,Local,67,Struck animal,609,On path - Hit animal,,Vehicle - Animal,Motorcycle,,1,0,0,0,1,12,December,Summer,Sunday,22:00 - Midnight,Evening / night,False,False,True,True
1374986,Injury,Serious Injury,2024,2024,December,Tuesday,00:01 - 01:59,MAWSON,DR,125,West,WIANAMATTA,DR,CARTWRIGHT,,No,Not a school zone,2-way undivided,-33.924375,150.884577,Liverpool,Sydney metro. area,Syd-Newc-Woll Gtr conurbation,Curved,,Police pursuit,,On,Sealed,Dry,Fine,Darkness,Nil,No traffic controls,50 km/h,Local,85,Off rt/lft bnd=>obj,804,Off left bend into obj,Right,Vehicle - Object,Motorcycle,,1,0,1,0,0,12,December,Summer,Tuesday,00:01 - 01:59,Late night / early morning,False,False,True,True
1374994,Injury,Serious Injury,2024,2024,December,Sunday,14:00 - 15:59,IRWIN,CL,0,Right on the spot,MILLFIELD,RD,MILLFIELD,,No,Not a school zone,T-junction,-32.895166,151.272175,Cessnock,Country urban,Rest of NSW - Urban,Curved,,,,Nil,Sealed,Dry,Fine,Daylight,Nil,Give way sign,80 km/h,Local,85,Off rt/lft bnd=>obj,804,Off left bend into obj,Right,Vehicle - Object,4 wheel drive / SUV,,1,0,1,0,0,12,December,Summer,Sunday,14:00 - 15:59,Midday / afternoon,False,False,True,True
1374995,Injury,Serious Injury,2024,2024,December,Sunday,20:00 - 21:59,CLOTHIERS CREEK,RD,1000,East,NORTHS,LANE,CLOTHIERS CREEK,,No,Not a school zone,2-way undivided,-28.328511,153.470664,Tweed,Country urban,Rest of NSW - Urban,Curved,Steep grade,,,Nil,Sealed,Dry,Fine,Darkness,Nil,No traffic controls,80 km/h,Local,86,Off left/left bend,802,Off cway left bend,Left,Rollover,Light truck utility(from 2018),,1,0,1,1,0,12,December,Summer,Sunday,20:00 - 21:59,Evening / night,False,False,True,True
1374997,Injury,Serious Injury,2024,2024,October,Sunday,10:00 - 11:59,RACECOURSE,RD,200,East,BEANE,ST,GOSFORD,7757.0,No,Not a school zone,2-way undivided,-33.418825,151.338595,Central Coast,Country urban,Syd-Newc-Woll Gtr conurbation,Curved,,,,Off,Sealed,Dry,Fine,Daylight,Nil,No traffic controls,60 km/h,Regional,20,Head on,201,Opp - Head on,,Head-on,Car (sedan/hatch),4 wheel drive / SUV,3,0,2,0,0,10,October,Spring,Sunday,10:00 - 11:59,Midday / afternoon,False,False,True,True
1374998,Injury,Moderate Injury,2024,2024,October,Tuesday,06:00 - 07:59,HOBBYS YARDS,RD,500,North,COLO,RD,TRUNKEY CREEK,390.0,No,Not a school zone,2-way undivided,-33.797116,149.317632,Bathurst Regional,Country non-urban,Rest of NSW - Rural,Curved,Steep grade,,,Nil,Sealed,Wet,Unknown,Daylight,Nil,No traffic controls,100 km/h,Regional,80,Off left/right bend,801,Off cway right bend,Left,Rollover,B-double (road train prior 98),,1,0,0,1,0,10,October,Spring,Tuesday,06:00 - 07:59,AM peak / school commute,True,False,True,True