crash_id,degree_of_crash,degree_of_crash_-_detailed,reporting_year,year_of_crash,month_of_crash,day_of_week_of_crash,two-hour_intervals,street_of_crash,street_type,distance,direction,identifying_feature,identifying_feature_type,town,route_no.,school_zone_location,school_zone_active,type_of_location,latitude,longitude,lga,urbanisation,conurbation_1,alignment,primary_permanent_feature,primary_temporary_feature,primary_hazardous_feature,street_lighting,road_surface,surface_condition,weather,natural_lighting,signals_operation,other_traffic_control,speed_limit,road_classification_(admin),rum_-_code,rum_-_description,dca_-_code,dca_-_description,dca_supplement,first_impact_type,key_tu_type,other_tu_type,no._of_traffic_units_involved,no._killed,no._seriously_injured,no._moderately_injured,no._minor-other_injured,month_num,month_label,season,day_label,time_label,time_band,is_peak_commute,is_fatal,is_injury,is_casualty
1375002,Injury,Moderate Injury,2024,2024,November,Monday,12:00 - 13:59,PACIFIC,HWY,50,South,OXLEY HIGHWAY,TO,THRUMSTER,10.0,No,Not a school zone,Divided road,-31.46574,152.819869,Port Macquarie-Hastings,Country non-urban,Rest of NSW - Rural,Straight,,,,Nil,Sealed,Dry,Fine,Daylight,Nil,No traffic controls,110 km/h,State,71,Off rd left => obj,703,Left off cway into object,,Vehicle - Object,4 wheel drive / SUV,,1,0,0,1,0,11,November,Spring,Monday,12:00 - 13:59,Midday / afternoon,False,False,True,True
1375005,Injury,Serious Injury,2024,2024,November,Saturday,18:00 - 19:59,OXLEY,HWY,4050,East,RUSHES CREEK,RD,SOMERTON,11.0,No,Not a school zone,2-way undivided,-30.94066,150.571722,Tamworth Regional,Country non-urban,Rest of NSW - Rural,Straight,Other bridge,,,Nil,Sealed,Dry,Fine,Dusk,Nil,No traffic controls,100 km/h,State,71,Off rd left => obj,703,Left off cway into object,,Vehicle - Object,Semi-trailer,,1,0,3,0,0,11,November,Spring,Saturday,18:00 - 19:59,PM peak / evening commute,True,False,True,True
1375012,Injury,Moderate Injury,2024,2024,November,Saturday,14:00 - 15:59,COMERONG ISLAND,RD,0,Right on the spot,NUMBER 465,HN,NUMBAA,,No,Not a school zone,2-way undivided,-34.861898,150.651062,Shoalhaven,Country urban,Rest of NSW - Urban,Curved,,,,Nil,Sealed,Wet,Raining,Daylight,Nil,No traffic controls,80 km/h,Local,81,Off left/rt bnd=>obj,803,Off right bend into obj,Left,Vehicle - Object,Car (sedan/hatch),,1,0,0,1,0,11,November,Spring,Saturday,14:00 - 15:59,Midday / afternoon,False,False,True,True
1375014,Injury,Moderate Injury,2024,2024,November,Thursday,14:00 - 15:59,LUXFORD,RD,0,Right on the spot,WATER LILY,TCE,BIDWILL,7161.0,No,Not a school zone,T-junction,-33.728988,150.821996,Blacktown,Sydney metro. area,Syd-Newc-Woll Gtr conurbation,Straight,,,,Nil,Sealed,Dry,Fine,Daylight,Nil,No traffic controls,60 km/h,Regional,21,Right through,202,Opp - Right-thru,,Other angle,4 wheel drive / SUV,Utility,2,0,0,1,0,11,November,Spring,Thursday,14:00 - 15:59,Midday / afternoon,False,False,True,True
1375018,Injury,Serious Injury,2024,2024,October,Friday,14:00 - 15:59,THE NORTHERN,RD,0,Right on the spot,SEVENTH,AVE,LLANDILO,154.0,No,Not a school zone,T-junction,-33.704523,150.724146,Penrith,Sydney metro. area,Syd-Newc-Woll Gtr conurbation,Straight,,,,Off,Sealed,Dry,Fine,Daylight,Nil,Give way sign,80 km/h,State,32,Right rear,303,Same - Rear right,,Rear end,4 wheel drive / SUV,Passenger van,3,0,1,0,0,10,October,Spring,Friday,14:00 - 15:59,Midday / afternoon,False,False,True,True
1375023,Injury,Moderate Injury,2024,2024,November,Saturday,22:00 - Midnight,WALLABAH,WAY,0,Right on the spot,NUMBER 34,HN,KOONAWARRA,,Yes,No,2-way undivided,-34.500344,150.807993,Wollongong,Wollongong met. area,Syd-Newc-Woll Gtr conurbation,Straight,,,,Off,Sealed,Dry,Fine,Darkness,Nil,No traffic controls,50 km/h,Local,71,Off rd left => obj,703,Left off cway into object,,Vehicle - Object,4 wheel drive / SUV,,1,0,0,1,0,11,November,Spring,Saturday,22:00 - Midnight,Evening / night,False,False,True,True
1375029,Injury,Serious Injury,2024,2024,November,Monday,02:00 - 03:59,BELLS LINE OF,RD,150,West,BELLS,LANE,KURMOND,184.0,No,Not a school zone,2-way undivided,-33.554008,150.696,Hawkesbury,Country urban,Syd-Newc-Woll Gtr conurbation,Curved,,,,Nil,Sealed,Dry,Fine,Darkness,Nil,No traffic controls,80 km/h,State,85,Off rt/lft bnd=>obj,804,Off left bend into obj,Right,Vehicle - Object,Car (sedan/hatch),,1,0,1,0,0,11,November,Spring,Monday,02:00 - 03:59,Late night / early morning,False,False,True,True
1375031,Injury,Serious Injury,2024,2024,December,Friday,10:00 - 11:59,NEWCASTLE,EXP,200,North,HUE HUE ROAD,OP,WYEE,6003.0,No,Not a school zone,Dual freeway,-33.179507,151.467484,Lake Macquarie,Newcastle met. area,Syd-Newc-Woll Gtr conurbation,Straight,,,,Nil,Sealed,Dry,Fine,Daylight,Nil,No traffic controls,110 km/h,State,72,Off road to right,702,Off carriageway to right,,Rollover,Light truck utility(from 2018),,1,0,1,0,0,12,December,Summer,Friday,10:00 - 11:59,Midday / afternoon,False,False,True,True
1375033,Injury,Serious Injury,2024,2024,December,Wednesday,12:00 - 13:59,FARNELL,ST,0,Right on the spot,GREGORY,ST,GRANVILLE,,No,Not a school zone,X-intersection,-33.844173,151.008099,Cumberland,Sydney metro. area,Syd-Newc-Woll Gtr conurbation,Straight,,,,Off,Sealed,Dry,Fine,Daylight,Nil,Give way sign,50 km/h,Local,10,Cross traffic,101,Adj - Cross traffic,,Right angle,Light truck utility(from 2018),4 wheel drive / SUV,2,0,1,0,0,12,December,Summer,Wednesday,12:00 - 13:59,Midday / afternoon,False,False,True,True
1375035,Injury,Serious Injury,2024,2024,November,Thursday,14:00 - 15:59,FERRIS,ST,0,Right on the spot,FREDERICK,ST,CHARLESTOWN,,No,Not a school zone,T-junction,-32.965983,151.69355,Lake Macquarie,Newcastle met. area,Syd-Newc-Woll Gtr conurbation,Straight,,,,On,Sealed,Wet,Raining,Daylight,On,No traffic controls,50 km/h,Local,10,Cross traffic,101,Adj - Cross traffic,,Right angle,Car (sedan/hatch),Motorcycle,2,0,1,0,0,11,November,Spring,Thursday,14:00 - 15:59,Midday / afternoon,False,False,True,True
1375042,Injury,Moderate Injury,2024,2024,September,Saturday,10:00 - 11:59,WESTERN,EXP,200,West,GREAT WESTERN HIGHWAY,TO,HOLROYD,6004.0,No,Not a school zone,Dual freeway,-33.82793,150.998558,Parramatta,Sydney metro. area,Syd-Newc-Woll Gtr conurbation,Curved,,,,Off,Sealed,Dry,Fine,Daylight,Nil,No traffic controls,90 km/h,State,33,Lane sideswipe,305,Same - Lane side swipe,,Other angle,4 wheel drive / SUV,Car (sedan/hatch),4,0,0,1,0,9,September,Spring,Saturday,10:00 - 11:59,Midday / afternoon,False,False,True,True
1375045,Injury,Moderate Injury,2024,2024,December,Tuesday,00:01 - 01:59,GREAT WESTERN,HWY,100,South,STATION,ST,MEDLOW BATH,5.0,No,Not a school zone,2-way undivided,-33.673216,150.280109,Blue Mountains,Country urban,Syd-Newc-Woll Gtr conurbation,Straight,,Roadwks/Detour/Diverson,,Nil,Sealed,Dry,Fine,Darkness,Nil,No traffic controls,40 km/h,State,71,Off rd left => obj,703,Left off cway into object,,Vehicle - Object,Car (sedan/hatch),,1,0,0,1,0,12,December,Summer,Tuesday,00:01 - 01:59,Late night / early morning,False,False,True,True
1375048,Injury,Moderate Injury,2024,2024,October,Tuesday,10:00 - 11:59,PRINCES,HWY,0,Right on the spot,HORDERN,ST,NEWTOWN,1.0,No,Not a school zone,T-junction,-33.895228,151.181687,Sydney,Sydney metro. area,Syd-Newc-Woll Gtr conurbation,Straight,,,,Off,Sealed,Dry,Fine,Daylight,Nil,No traffic controls,40 km/h,State,35,Lane change left,307,Same - Lane change left,,Other angle,Light truck utility(from 2018),Motor scooter,2,0,0,1,0,10,October,Spring,Tuesday,10:00 - 11:59,Midday / afternoon,False,False,True,True
1375050,Injury,Moderate Injury,2024,2024,November,Sunday,16:00 - 17:59,SAFETY BEACH,DR,0,Right on the spot,SOLITARY ISLANDS,WAY,WOOLGOOLGA,,No,Not a school zone,T-junction,-30.096062,153.187914,Coffs Harbour,Country urban,Rest of NSW - Urban,Straight,Foot/cycle path/nature strip,,,Off,Sealed,Dry,Overcast,Daylight,Nil,Give way sign,60 km/h,Local,12,Left far,103,Adj - Left-thru from left,,Right angle,Station wagon,Motorcycle,2,0,0,1,0,11,November,Spring,Sunday,16:00 - 17:59,PM peak / evening commute,True,False,True,True
1375052,Injury,Moderate Injury,2024,2024,November,Tuesday,04:00 - 05:59,CAMPBELL,ST,0,Right on the spot,CHURCH,ST,WOLLONGONG,,Yes,No,Roundabout,-34.419931,150.896596,Wollongong,Wollongong met. area,Syd-Newc-Woll Gtr conurbation,Straight,,,,On,Sealed,Dry,Overcast,Dawn,Nil,Give way sign,50 km/h,Local,10,Cross traffic,101,Adj - Cross traffic,,Right angle,Car (sedan/hatch),Car (sedan/hatch),2,0,0,1,1,11,November,Spring,Tuesday,04:00 - 05:59,Late night / early morning,False,False,True,True
1375054,Injury,Moderate Injury,2024,2024,December,Sunday,14:00 - 15:59,WOMBAT FLAT,RD,100,North,MIDDLE EARTH,TRK,JERRAWANGALA,,No,Not a school zone,2-way undivided,-35.021556,150.410775,Shoalhaven,Country urban,Rest of NSW - Urban,Curved,Ditch/drain/culvert,,,Nil,Unsealed,Dry,Fine,Daylight,Nil,No traffic controls,50 km/h,Local,87,Off lft/lft bnd=>obj,804,Off left bend into obj,Left,Vehicle - Object,Motorcycle,,1,0,0,1,0,12,December,Summer,Sunday,14:00 - 15:59,Midday / afternoon,False,False,True,True
1375055,Injury,Serious Injury,2024,2024,October,Thursday,00:01 - 01:59,STONEY CREEK,RD,0,Right on the spot,NUMBER 402,HN,KINGSGROVE,665.0,No,Not a school zone,2-way undivided,-33.950969,151.09342,Georges River,Sydney metro. area,Syd-Newc-Woll Gtr conurbation,Straight,,,,On,Sealed,Dry,Fine,Darkness,Nil,No traffic controls,60 km/h,State,71,Off rd left => obj,703,Left off cway into object,,Vehicle - Object,Car (sedan/hatch),,1,0,1,0,0,10,October,Spring,Thursday,00:01 - 01:59,Late night / early morning,False,False,True,True
1375056,Injury,Serious Injury,2024,2024,December,Monday,08:00 - 09:59,WOMBEYAN CAVES,RD,930,East,BOWMANS HILL,TRL,GOODMANS FORD,258.0,No,Not a school zone,2-way undivided,-34.309436,150.080256,Wingecarribee,Country urban,Rest of NSW - Urban,Curved,Steep grade,,,Nil,Unsealed,Dry,Fine,Daylight,Nil,No traffic controls,50 km/h,Regional,88,Out of cont on bend,805,Out of control on bend,,Rollover,Motorcycle,,1,0,1,0,0,12,December,Summer,Monday,08:00 - 09:59,AM peak / school commute,True,False,True,True
1375058,Injury,Moderate Injury,2024,2024,December,Tuesday,10:00 - 11:59,CANBERRA,AVE,0,Right on the spot,STORNAWAY,RD,QUEANBEYAN,51.0,No,Not a school zone,X-intersection,-35.356706,149.225351,Queanbeyan-Palerang Regional,Country urban,Rest of NSW - Urban,Straight,,,,Off,Sealed,Dry,Fine,Daylight,On,No traffic controls,60 km/h,State,10,Cross traffic,101,Adj - Cross traffic,,Right angle,Light truck utility(from 2018),Station wagon,2,0,0,1,0,12,December,Summer,Tuesday,10:00 - 11:59,Midday / afternoon,False,False,True,True
1375060,Injury,Serious Injury,2024,2024,December,Sunday,10:00 - 11:59,NELSON BAY,RD,4050,West,MARSH,RD,BOBS FARM,108.0,No,Not a school zone,Divided road,-32.783659,151.978947,Port Stephens,Country non-urban,Rest of NSW - Rural,Curved,,,,Nil,Sealed,Dry,Fine,Daylight,Nil,No traffic controls,100 km/h,State,85,Off rt/lft bnd=>obj,804,Off left bend into obj,Right,Vehicle - Object,Motorcycle,,1,0,1,0,0,12,December,Summer,Sunday,10:00 - 11:59,Midday / afternoon,False,False,True,True
1375062,Injury,Moderate Injury,2024,2024,December,Monday,16:00 - 17:59,MAROUBRA,RD,0,Right on the spot,MONS,AVE,MAROUBRA,7044.0,No,Not a school zone,X-intersection,-33.942314,151.244349,Randwick,Sydney metro. area,Syd-Newc-Woll Gtr conurbation,Straight,,,,Nil,Sealed,Dry,Fine,Daylight,Nil,Give way sign,50 km/h,Regional,21,Right through,202,Opp - Right-thru,,Other angle,Car (sedan/hatch),4 wheel drive / SUV,3,0,0,1,0,12,December,Summer,Monday,16:00 - 17:59,PM peak / evening commute,True,False,True,True
1375063,Injury,Serious Injury,2024,2024,July,Tuesday,06:00 - 07:59,FALCON,ST,45,East,MERLIN,ST,NEUTRAL BAY,164.0,No,Not a school zone,Divided road,-33.829894,151.215711,North Sydney,Sydney metro. area,Syd-Newc-Woll Gtr conurbation,Straight,,,"Loose gravel, sealed",Off,Sealed,Dry,Fine,Dawn,Nil,No traffic controls,60 km/h,State,74,On road-out of cont.,705,Out of control on cway,,Rollover,Motorcycle,,1,0,1,0,0,7,July,Winter,Tuesday,06:00 - 07:59,AM peak / school commute,True,False,True,True
1375068,Injury,Minor/Other Injury,2024,2024,November,Monday,08:00 - 09:59,NULLICA SHORT CUT,RD,999999,Unknown/not stated,UNKNOWN,UK,NULLICA,,No,Not a school zone,2-way undivided,-37.097031,149.844057,Bega Valley,Country non-urban,Rest of NSW - Rural,Straight,Steep grade,,,Nil,Unsealed,Dry,Fine,Daylight,Nil,No traffic controls,100 km/h,Local,71,Off rd left => obj,703,Left off cway into object,,Vehicle - Object,Motorcycle,,1,0,0,0,1,11,November,Spring,Monday,08:00 - 09:59,AM peak / school commute,True,False,True,True
1375069,Injury,Serious Injury,2024,2024,December,Thursday,20:00 - 21:59,QUEEN,ST,130,North,GREAT WESTERN,HWY,NORTH STRATHFIELD,,No,Not a school zone,2-way undivided,-33.865503,151.09142,Canada Bay,Sydney metro. area,Syd-Newc-Woll Gtr conurbation,Straight,Steep grade,,,On,Sealed,Dry,Fine,Darkness,Nil,No traffic controls,50 km/h,Local,71,Off rd left => obj,703,Left off cway into object,,Other angle,4 wheel drive / SUV,Large rigid,2,0,1,0,0,12,December,Summer,Thursday,20:00 - 21:59,Evening / night,False,False,True,True
1375070,Injury,Moderate Injury,2024,2024,December,Saturday,14:00 - 15:59,WOODVILLE,RD,15,North,OXFORD,ST,GUILDFORD,640.0,Yes,No,Divided road,-33.849013,150.997013,Cumberland,Sydney metro. area,Syd-Newc-Woll Gtr conurbation,Straight,Steep grade,,,Off,Sealed,Dry,Fine,Daylight,Nil,No traffic controls,70 km/h,State,30,Rear end,301,Same - Rear end,,Rear end,Light truck utility(from 2018),Car (sedan/hatch),3,0,0,1,0,12,December,Summer,Saturday,14:00 - 15:59,Midday / afternoon,False,False,True,True
1375073,Injury,Serious Injury,2024,2024,December,Monday,16:00 - 17:59,PACIFIC,HWY,20,South,BELLINGEN,RD,COFFS HARBOUR,10.0,No,Not a school zone,Divided road,-30.303718,153.109191,Coffs Harbour,Country urban,Rest of NSW - Urban,Curved,,,,Off,Sealed,Dry,Fine,Daylight,Nil,No traffic controls,60 km/h,State,30,Rear end,301,Same - Rear end,,Rear end,4 wheel drive / SUV,4 wheel drive / SUV,2,0,1,0,0,12,December,Summer,Monday,16:00 - 17:59,PM peak / evening commute,True,False,True,True
1375074,Injury,Serious Injury,2024,2024,November,Sunday,10:00 - 11:59,MERRENGREEN,RD,2190,East,CATTLES,LANE,WEST WYALONG,,No,Not a school zone,2-way undivided,-33.789676,147.091269,Bland,Country non-urban,Rest of NSW - Rural,Straight,,,,Off,Unsealed,Dry,Fine,Daylight,Nil,No traffic controls,100 km/h,Local,20,Head on,201,Opp - Head on,,Head-on,4 wheel drive / SUV,Light truck utility(from 2018),2,0,2,0,0,11,November,Spring,Sunday,10:00 - 11:59,Midday / afternoon,False,False,True,True
1375075,Injury,Moderate Injury,2024,2024,October,Tuesday,08:00 - 09:59,PACIFIC,HWY,10,North,VIEW,ST,CHATSWOOD,10.0,No,Not a school zone,T-junction,-33.791661,151.180219,Willoughby,Sydney metro. area,Syd-Newc-Woll Gtr conurbation,Straight,,,,Nil,Sealed,Dry,Unknown,Daylight,Nil,No traffic controls,60 km/h,State,35,Lane change left,307,Same - Lane change left,,Other angle,4 wheel drive / SUV,Motorcycle,2,0,0,1,0,10,October,Spring,Tuesday,08:00 - 09:59,AM peak / school commute,True,False,True,True
1375077,Injury,Serious Injury,2024,2024,December,Wednesday,10:00 - 11:59,MOSS VALE,RD,100,East,MAIN,RD,CAMBEWARRA,261.0,No,Not a school zone,2-way undivided,-34.825167,150.571717,Shoalhaven,Country urban,Rest of NSW - Urban,Straight,,,,Nil,Sealed,Dry,Fine,Daylight,Nil,No traffic controls,80 km/h,State,30,Rear end,301,Same - Rear end,,Rear end,Light truck,Car (sedan/hatch),2,0,1,0,0,12,December,Summer,Wednesday,10:00 - 11:59,Midday / afternoon,False,False,True,True
1375078,Injury,Serious Injury,2024,2024,December,Wednesday,14:00 - 15:59,MT PLEASANT,DR,100,East,CUMMINS,RD,MENANGLE PARK,,No,Not a school zone,2-way undivided,-34.106833,150.750262,Campbelltown,Sydney metro. area,Syd-Newc-Woll Gtr conurbation,Curved,,,,Off,Sealed,Dry,Fine,Daylight,Nil,No traffic controls,40 km/h,Local,87,Off lft/lft bnd=>obj,804,Off left bend into obj,Left,Vehicle - Object,Car (sedan/hatch),,1,0,1,0,0,12,December,Summer,Wednesday,14:00 - 15:59,Midday / afternoon,False,False,True,True
1375080,Injury,Moderate Injury,2024,2024,November,Tuesday,06:00 - 07:59,DICKSON,AVE,0,Right on the spot,RESERVE,RD,ARTARMON,,No,Not a school zone,X-intersection,-33.814933,151.186159,Willoughby,Sydney metro. area,Syd-Newc-Woll Gtr conurbation,Straight,Steep grade,,,Off,Sealed,Dry,Overcast,Daylight,On,No traffic controls,50 km/h,Local,10,Cross traffic,101,Adj - Cross traffic,,Right angle,4 wheel drive / SUV,4 wheel drive / SUV,3,0,0,1,0,11,November,Spring,Tuesday,06:00 - 07:59,AM peak / school commute,True,False,True,True
1375081,Injury,Serious Injury,2024,2024,December,Sunday,00:01 - 01:59,OFFICERS,PDE,10,South,TURNER,ST,CONDOBOLIN,,Yes,No,T-junction,-33.091605,147.141223,Lachlan,Country urban,Rest of NSW - Urban,Curved,,,,On,Sealed,Dry,Fine,Darkness,Nil,Give way sign,50 km/h,Local,81,Off left/rt bnd=>obj,803,Off right bend into obj,Left,Other angle,Motorcycle,4 wheel drive / SUV,2,0,1,0,0,12,December,Summer,Sunday,00:01 - 01:59,Late night / early morning,False,False,True,True
1375083,Injury,Serious Injury,2024,2024,October,Tuesday,14:00 - 15:59,ANGUS,AVE,20,East,MCDONALD,ST,KANDOS,,No,Not a school zone,Divided road,-32.858797,149.976023,Mid-Western Regional,Country urban,Rest of NSW - Urban,Straight,,,,Off,Sealed,Dry,Fine,Daylight,Nil,No traffic controls,50 km/h,Local,90,Fell in/from vehicle,901,Fell in/from vehicle,,Person - Object,Car (sedan/hatch),,1,0,1,0,0,10,October,Spring,Tuesday,14:00 - 15:59,Midday / afternoon,False,False,True,True
1375087,Injury,Moderate Injury,2024,2024,November,Wednesday,08:00 - 09:59,WEBBS SIDING,RD,100,East,IRONBARK,RD,NARROMINE,,No,Not a school zone,2-way undivided,-32.245406,148.265471,Narromine,Country urban,Rest of NSW - Urban,Straight,Driveway/entrance,,,Nil,Sealed,Dry,Fine,Daylight,Nil,No traffic controls,80 km/h,Local,49,Other manoeuvring,400,Manov - other,,Other angle,B-double (road train prior 98),Motorcycle,2,0,0,1,0,11,November,Spring,Wednesday,08:00 - 09:59,AM peak / school commute,True,False,True,True
1375089,Injury,Serious Injury,2024,2024,November,Friday,08:00 - 09:59,HERSCHELL,ST,0,Right on the spot,LORD,ST,PORT MACQUARIE,,No,Not a school zone,X-intersection,-31.445279,152.920058,Port Macquarie-Hastings,Country urban,Rest of NSW - Urban,Straight,Steep grade,,,Off,Sealed,Wet,Fine,Daylight,Nil,Stop sign,50 km/h,Local,10,Cross traffic,101,Adj - Cross traffic,,Right angle,Light truck utility(from 2018),Pedal cycle,2,0,1,0,0,11,November,Spring,Friday,08:00 - 09:59,AM peak / school commute,True,False,True,True
1375090,Injury,Moderate Injury,2024,2024,September,Sunday,12:00 - 13:59,BURNS,RD,0,Right on the spot,EASTERN,RD,WAHROONGA,2043.0,No,Not a school zone,X-intersection,-33.715114,151.131874,Ku-ring-gai,Sydney metro. area,Syd-Newc-Woll Gtr conurbation,Straight,Steep grade,,,Off,Sealed,Dry,Fine,Daylight,On,No traffic controls,60 km/h,Regional,30,Rear end,301,Same - Rear end,,Rear end,4 wheel drive / SUV,4 wheel drive / SUV,2,0,0,1,0,9,September,Spring,Sunday,12:00 - 13:59,Midday / afternoon,False,False,True,True
1375091,Injury,Minor/Other Injury,2024,2024,December,Tuesday,16:00 - 17:59,PACIFIC,HWY,500,East,TWEED COAST ROAD,OP,CHINDERAH,10.0,No,Not a school zone,Divided road,-28.242955,153.557972,Tweed,Country non-urban,Rest of NSW - Rural,Curved,Driveway/entrance,,,Off,Sealed,Wet,Raining,Daylight,Nil,No traffic controls,110 km/h,State,85,Off rt/lft bnd=>obj,804,Off left bend into obj,Right,Vehicle - Object,Light truck,,1,0,0,0,1,12,December,Summer,Tuesday,16:00 - 17:59,PM peak / evening commute,True,False,True,True
1375094,Injury,Serious Injury,2024,2024,September,Sunday,02:00 - 03:59,CRAWFORD,RD,25,North,SYBIL,LANE,BRIGHTON-LE-SANDS,,Yes,No,2-way undivided,-33.963251,151.149836,Bayside,Sydney metro. area,Syd-Newc-Woll Gtr conurbation,Straight,,,,Nil,Sealed,Dry,Fine,Darkness,Nil,No traffic controls,50 km/h,Local,73,Off rd rght => obj,704,Right off cway into obj,,Other angle,4 wheel drive / SUV,Car (sedan/hatch),6,0,1,0,0,9,September,Spring,Sunday,02:00 - 03:59,Late night / early morning,False,False,True,True
1375095,Injury,Serious Injury,2024,2024,November,Tuesday,08:00 - 09:59,CENTRAL COAST,HWY,425,South,MAGENTA,DR,MAGENTA,30.0,No,Not a school zone,2-way undivided,-33.313615,151.519315,Central Coast,Country urban,Syd-Newc-Woll Gtr conurbation,Straight,Driveway/entrance,,,Off,Sealed,Dry,Fine,Daylight,Nil,No traffic controls,80 km/h,State,32,Right rear,303,Same - Rear right,,Rear end,Car (sedan/hatch),Light truck,3,0,1,1,0,11,November,Spring,Tuesday,08:00 - 09:59,AM peak / school commute,True,False,True,True
1375096,Injury,Serious Injury,2024,2024,November,Tuesday,00:01 - 01:59,NEATH,RD,1000,South,CHARLES,ST,KEARSLEY,,No,Not a school zone,2-way undivided,-32.824278,151.418358,Cessnock,Country urban,Rest of NSW - Urban,Straight,,,,Nil,Sealed,Dry,Fine,Darkness,Nil,No traffic controls,80 km/h,Local,67,Struck animal,609,On path - Hit animal,,Vehicle - Animal,Motorcycle,,1,0,1,0,0,11,November,Spring,Tuesday,00:01 - 01:59,Late night / early morning,False,False,True,True
1375100,Injury,Serious Injury,2024,2024,September,Tuesday,20:00 - 21:59,HUE HUE,RD,0,Right on the spot,NUMBER 275,HN,JILLIBY,,No,Not a school zone,2-way undivided,-33.253145,151.39731,Central Coast,Country urban,Syd-Newc-Woll Gtr conurbation,Curved,Embankment/cutting,,,On,Sealed,Dry,Fine,Darkness,Nil,No traffic controls,80 km/h,Local,81,Off left/rt bnd=>obj,803,Off right bend into obj,Left,Vehicle - Object,Car (sedan/hatch),,1,0,1,0,0,9,September,Spring,Tuesday,20:00 - 21:59,Evening / night,False,False,True,True
1375103,Injury,Serious Injury,2024,2024,October,Wednesday,16:00 - 17:59,QUEEN VICTORIA,ST,0,Right on the spot,BEACONSFIELD,ST,BEXLEY,7009.0,No,Not a school zone,Roundabout,-33.956895,151.1264,Bayside,Sydney metro. area,Syd-Newc-Woll Gtr conurbation,Straight,,,,Nil,Sealed,Dry,Fine,Daylight,Nil,Give way sign,50 km/h,Regional,19,Other adjacent,100,Adj - other,,Right angle,Car (sedan/hatch),4 wheel drive / SUV,2,0,1,0,0,10,October,Spring,Wednesday,16:00 - 17:59,PM peak / evening commute,True,False,True,True
1375104,Injury,Serious Injury,2024,2024,December,Monday,10:00 - 11:59,BRISBANE WATER,DR,260,North,GLENROCK,PDE,POINT CLARE,349.0,No,Not a school zone,2-way undivided,-33.446333,151.328017,Central Coast,Country urban,Syd-Newc-Woll Gtr conurbation,Straight,,,,Nil,Sealed,Dry,Fine,Daylight,Nil,No traffic controls,60 km/h,State,71,Off rd left => obj,703,Left off cway into object,,Vehicle - Object,Car (sedan/hatch),,1,0,1,0,0,12,December,Summer,Monday,10:00 - 11:59,Midday / afternoon,False,False,True,True
1375109,Injury,Moderate Injury,2024,2024,December,Wednesday,08:00 - 09:59,CARILLON,AVE,0,Right on the spot,MISSENDEN,RD,NEWTOWN,7085.0,No,Not a school zone,X-intersection,-33.891474,151.182711,Sydney,Sydney metro. area,Syd-Newc-Woll Gtr conurbation,Straight,,,,Off,Sealed,Dry,Fine,Daylight,On,No traffic controls,40 km/h,Regional,21,Right through,202,Opp - Right-thru,,Other angle,4 wheel drive / SUV,Pedal cycle,2,0,0,1,0,12,December,Summer,Wednesday,08:00 - 09:59,AM peak / school commute,True,False,True,True
1375110,Injury,Serious Injury,2024,2024,June,Friday,12:00 - 13:59,DELHI,RD,0,Right on the spot,RENNIE,ST,NORTH RYDE,191.0,No,Not a school zone,T-junction,-33.794617,151.139194,Ryde,Sydney metro. area,Syd-Newc-Woll Gtr conurbation,Straight,,,,Off,Sealed,Wet,Raining,Daylight,On,No traffic controls,60 km/h,State,21,Right through,202,Opp - Right-thru,,Other angle,Car (sedan/hatch),Car (sedan/hatch),2,0,1,1,0,6,June,Winter,Friday,12:00 - 13:59,Midday / afternoon,False,False,True,True
1375112,Injury,Serious Injury,2024,2024,November,Monday,12:00 - 13:59,PEARL,ST,0,Right on the spot,SEAVIEW,ST,KINGSCLIFF,,No,Not a school zone,Roundabout,-28.257416,153.577868,Tweed,Country urban,Rest of NSW - Urban,Curved,Steep grade,,,Off,Sealed,Dry,Fine,Daylight,Nil,Give way sign,50 km/h,Local,10,Cross traffic,101,Adj - Cross traffic,,Right angle,Station wagon,Pedal cycle,2,0,1,0,0,11,November,Spring,Monday,12:00 - 13:59,Midday / afternoon,False,False,True,True
1375113,Injury,Moderate Injury,2024,2024,November,Saturday,16:00 - 17:59,WATERFALL,WAY,100,East,DEER VALE,RD,DORRIGO,76.0,No,Not a school zone,2-way undivided,-30.340827,152.663067,Bellingen,Country non-urban,Rest of NSW - Rural,Straight,Painted double centre lines,,,Nil,Sealed,Dry,Fine,Daylight,Nil,No traffic controls,100 km/h,State,20,Head on,201,Opp - Head on,,Head-on,4 wheel drive / SUV,4 wheel drive / SUV,2,0,0,1,3,11,November,Spring,Saturday,16:00 - 17:59,PM peak / evening commute,True,False,True,True
1375114,Injury,Minor/Other Injury,2024,2024,December,Sunday,18:00 - 19:59,THE RIDGEWAY,MS,60,East,NEXUS,WAY,LISAROW,,No,Not a school zone,2-way undivided,-33.389132,151.381341,Central Coast,Country urban,Syd-Newc-Woll Gtr conurbation,Straight,Steep grade,,,Off,Sealed,Wet,Raining,Dusk,Nil,No traffic controls,60 km/h,Local,73,Off rd rght => obj,704,Right off cway into obj,,Vehicle - Object,Utility,,2,0,0,0,1,12,December,Summer,Sunday,18:00 - 19:59,PM peak / evening commute,True,False,True,True