crash_id,degree_of_crash,degree_of_crash_-_detailed,reporting_year,year_of_crash,month_of_crash,day_of_week_of_crash,two-hour_intervals,street_of_crash,street_type,distance,direction,identifying_feature,identifying_feature_type,town,route_no.,school_zone_location,school_zone_active,type_of_location,latitude,longitude,lga,urbanisation,conurbation_1,alignment,primary_permanent_feature,primary_temporary_feature,primary_hazardous_feature,street_lighting,road_surface,surface_condition,weather,natural_lighting,signals_operation,other_traffic_control,speed_limit,road_classification_(admin),rum_-_code,rum_-_description,dca_-_code,dca_-_description,dca_supplement,first_impact_type,key_tu_type,other_tu_type,no._of_traffic_units_involved,no._killed,no._seriously_injured,no._moderately_injured,no._minor-other_injured,month_num,month_label,season,day_label,time_label,time_band,is_peak_commute,is_fatal,is_injury,is_casualty
1375115,Injury,Serious Injury,2024,2024,November,Wednesday,12:00 - 13:59,CABRAMATTA,RD,10,East,CHURCH,ST,CABRAMATTA,534.0,No,Not a school zone,T-junction,-33.895994,150.936995,Fairfield,Sydney metro. area,Syd-Newc-Woll Gtr conurbation,Straight,,,,Off,Sealed,Dry,Fine,Daylight,Nil,Give way sign,60 km/h,State,0,Ped nearside,1,Ped - Near side,,Vehicle - Pedestrian,Car (sedan/hatch),Pedestrian,2,0,1,1,0,11,November,Spring,Wednesday,12:00 - 13:59,Midday / afternoon,False,False,True,True
1375117,Injury,Moderate Injury,2024,2024,November,Wednesday,10:00 - 11:59,BAY,RD,20,East,TAREN POINT,RD,TAREN POINT,,No,Not a school zone,2-way undivided,-34.022935,151.121412,Sutherland,Sydney metro. area,Syd-Newc-Woll Gtr conurbation,Straight,Driveway/entrance,,,Off,Sealed,Dry,Fine,Daylight,Nil,No traffic controls,70 km/h,Local,74,On road-out of cont.,705,Out of control on cway,,Rollover,Motorcycle,,1,0,0,1,0,11,November,Spring,Wednesday,10:00 - 11:59,Midday / afternoon,False,False,True,True
1375118,Injury,Moderate Injury,2024,2024,December,Sunday,14:00 - 15:59,GOULBURN,ST,0,Right on the spot,PITT,ST,SYDNEY,7305.0,No,Not a school zone,X-intersection,-33.878094,151.207429,Sydney,Sydney metro. area,Syd-Newc-Woll Gtr conurbation,Straight,,,,On,Sealed,Dry,Fine,Daylight,On,No traffic controls,40 km/h,Regional,10,Cross traffic,101,Adj - Cross traffic,,Right angle,4 wheel drive / SUV,4 wheel drive / SUV,2,0,0,1,0,12,December,Summer,Sunday,14:00 - 15:59,Midday / afternoon,False,False,True,True
1375119,Injury,Minor/Other Injury,2024,2024,October,Tuesday,16:00 - 17:59,DUTTON,LANE,0,Right on the spot,HUGHES,ST,CABRAMATTA,,No,Not a school zone,T-junction,-33.893235,150.934628,Fairfield,Sydney metro. area,Syd-Newc-Woll Gtr conurbation,Straight,,,,Off,Sealed,Dry,Fine,Daylight,Nil,Left turn only,40 km/h,Local,0,Ped nearside,1,Ped - Near side,,Vehicle - Pedestrian,Car (sedan/hatch),Pedestrian,2,0,0,0,1,10,October,Spring,Tuesday,16:00 - 17:59,PM peak / evening commute,True,False,True,True
1375120,Injury,Minor/Other Injury,2024,2024,November,Saturday,10:00 - 11:59,HUNTS,LANE,70,East,RAWSON,ST,EPPING,,No,Not a school zone,2-way undivided,-33.773544,151.081488,Parramatta,Sydney metro. area,Syd-Newc-Woll Gtr conurbation,Straight,,,,Nil,Sealed,Dry,Fine,Daylight,Nil,No traffic controls,50 km/h,Local,90,Fell in/from vehicle,901,Fell in/from vehicle,,Person - Object,4 wheel drive / SUV,,1,0,0,0,1,11,November,Spring,Saturday,10:00 - 11:59,Midday / afternoon,False,False,True,True
1375122,Injury,Serious Injury,2024,2024,November,Wednesday,20:00 - 21:59,CLOWER,AVE,0,Right on the spot,MILE END,RD,ROUSE HILL,,No,Not a school zone,Roundabout,-33.681832,150.921045,The Hills,Sydney metro. area,Syd-Newc-Woll Gtr conurbation,Curved,,,,On,Sealed,Dry,Fine,Darkness,Nil,Give way sign,60 km/h,Local,10,Cross traffic,101,Adj - Cross traffic,,Right angle,Motorcycle,Light truck utility(from 2018),2,0,1,0,0,11,November,Spring,Wednesday,20:00 - 21:59,Evening / night,False,False,True,True
1375123,Injury,Minor/Other Injury,2024,2024,July,Wednesday,16:00 - 17:59,HUME,HWY,20,South,RABY,RD,EAGLE VALE,2.0,No,Not a school zone,Other,-34.029928,150.822884,Campbelltown,Sydney metro. area,Syd-Newc-Woll Gtr conurbation,Curved,Steep grade,,,Off,Sealed,Dry,Fine,Daylight,Nil,No traffic controls,60 km/h,State,30,Rear end,301,Same - Rear end,,Rear end,Car (sedan/hatch),Car (sedan/hatch),2,0,0,0,1,7,July,Winter,Wednesday,16:00 - 17:59,PM peak / evening commute,True,False,True,True
1375124,Injury,Serious Injury,2024,2024,November,Friday,04:00 - 05:59,HENRY PARKES,WAY,4000,West,BOGAN GATE,TN,BOGAN GATE,61.0,No,Not a school zone,2-way undivided,-33.108695,147.850178,Parkes,Country non-urban,Rest of NSW - Rural,Straight,Ditch/drain/culvert,,,Nil,Sealed,Wet,Fine,Dawn,Nil,No traffic controls,100 km/h,State,71,Off rd left => obj,703,Left off cway into object,,Vehicle - Object,Light truck utility(from 2018),,1,0,1,0,0,11,November,Spring,Friday,04:00 - 05:59,Late night / early morning,False,False,True,True
1375125,Injury,Serious Injury,2024,2024,July,Tuesday,14:00 - 15:59,JAMBEROO,RD,0,Right on the spot,NUMBER 70,HN,KIAMA,264.0,No,Not a school zone,2-way undivided,-34.663146,150.838057,Kiama,Country urban,Rest of NSW - Urban,Curved,,,,Nil,Sealed,Dry,Fine,Daylight,Nil,No traffic controls,60 km/h,Regional,81,Off left/rt bnd=>obj,803,Off right bend into obj,Left,Vehicle - Object,Motorcycle,,1,0,1,0,0,7,July,Winter,Tuesday,14:00 - 15:59,Midday / afternoon,False,False,True,True
1375128,Injury,Moderate Injury,2024,2024,November,Monday,06:00 - 07:59,EMPIRE BAY,DR,0,Right on the spot,PALMERS,LANE,EMPIRE BAY,349.0,No,Not a school zone,T-junction,-33.507162,151.373794,Central Coast,Country urban,Syd-Newc-Woll Gtr conurbation,Straight,Painted double centre lines,,,Off,Sealed,Wet,Raining,Daylight,Nil,No traffic controls,60 km/h,State,20,Head on,201,Opp - Head on,,Head-on,Car (sedan/hatch),Car (sedan/hatch),2,0,0,1,0,11,November,Spring,Monday,06:00 - 07:59,AM peak / school commute,True,False,True,True
1375130,Injury,Minor/Other Injury,2024,2024,June,Thursday,10:00 - 11:59,DENISON,ST,0,Right on the spot,SMITH,ST,HILLSDALE,616.0,No,Not a school zone,X-intersection,-33.948113,151.223378,Bayside,Sydney metro. area,Syd-Newc-Woll Gtr conurbation,Straight,,,,Off,Sealed,Dry,Fine,Daylight,On,No traffic controls,60 km/h,State,30,Rear end,301,Same - Rear end,,Rear end,B-double (road train prior 98),Car (sedan/hatch),2,0,0,0,1,6,June,Winter,Thursday,10:00 - 11:59,Midday / afternoon,False,False,True,True
1375134,Injury,Serious Injury,2024,2024,December,Tuesday,18:00 - 19:59,OWENS,LANE,1200,East,BLACKWALL,DR,EAST WARDELL,,No,Not a school zone,2-way undivided,-28.963686,153.473809,Ballina,Country non-urban,Rest of NSW - Rural,Curved,Embankment/cutting,,,Nil,Unsealed,Dry,Fine,Dusk,Nil,No traffic controls,100 km/h,Local,81,Off left/rt bnd=>obj,803,Off right bend into obj,Left,Vehicle - Object,Motorcycle,,1,0,1,0,0,12,December,Summer,Tuesday,18:00 - 19:59,PM peak / evening commute,True,False,True,True
1375137,Injury,Minor/Other Injury,2024,2024,November,Sunday,00:01 - 01:59,BLAXLAND,RD,50,West,PRINCES,ST,RYDE,139.0,No,Not a school zone,2-way undivided,-33.815846,151.108898,Ryde,Sydney metro. area,Syd-Newc-Woll Gtr conurbation,Straight,,,,Nil,Sealed,Dry,Fine,Darkness,Nil,No traffic controls,60 km/h,State,49,Other manoeuvring,400,Manov - other,,Other angle,4 wheel drive / SUV,Pedal cycle,2,0,0,0,1,11,November,Spring,Sunday,00:01 - 01:59,Late night / early morning,False,False,True,True
1375139,Injury,Moderate Injury,2024,2024,December,Friday,04:00 - 05:59,JONSON,ST,0,Right on the spot,LAWSON,ST,BYRON BAY,,No,Not a school zone,Roundabout,-28.642131,153.612293,Byron,Country urban,Rest of NSW - Urban,Curved,,,,Nil,Sealed,Dry,Fine,Dawn,Nil,Give way sign,50 km/h,Local,10,Cross traffic,101,Adj - Cross traffic,,Right angle,Car (sedan/hatch),Pedal cycle,2,0,0,1,0,12,December,Summer,Friday,04:00 - 05:59,Late night / early morning,False,False,True,True
1375143,Injury,Serious Injury,2024,2024,October,Wednesday,18:00 - 19:59,EDENSOR,RD,0,Right on the spot,BOWLING CLUB,ENT,ST JOHNS PARK,7228.0,No,Not a school zone,2-way undivided,-33.883579,150.891882,Fairfield,Sydney metro. area,Syd-Newc-Woll Gtr conurbation,Straight,Driveway/entrance,,,Off,Sealed,Dry,Fine,Dusk,Nil,No traffic controls,60 km/h,Regional,47,Emerging from drive,406,Manov - Emerging from driveway,,Right angle,4 wheel drive / SUV,Pedal cycle,2,0,1,0,0,10,October,Spring,Wednesday,18:00 - 19:59,PM peak / evening commute,True,False,True,True
1375144,Injury,Moderate Injury,2024,2024,November,Friday,22:00 - Midnight,ALPHADALE,RD,2000,South,BRUXNER,HWY,LINDENDALE,,No,Not a school zone,2-way undivided,-28.828047,153.365584,Lismore,Country urban,Rest of NSW - Urban,Straight,Painted double centre lines,,,Off,Sealed,Wet,Raining,Darkness,Nil,No traffic controls,80 km/h,Local,20,Head on,201,Opp - Head on,,Head-on,Car (sedan/hatch),4 wheel drive / SUV,2,0,0,1,2,11,November,Spring,Friday,22:00 - Midnight,Evening / night,False,False,True,True
1375146,Injury,Serious Injury,2024,2024,December,Saturday,08:00 - 09:59,GREAT WESTERN,HWY,0,Right on the spot,BEDFORD,RD,HOMEBUSH WEST,5.0,No,Not a school zone,T-junction,-33.860823,151.075021,Strathfield,Sydney metro. area,Syd-Newc-Woll Gtr conurbation,Straight,,,,Off,Sealed,Wet,Raining,Daylight,Nil,No traffic controls,60 km/h,State,21,Right through,202,Opp - Right-thru,,Other angle,Car (sedan/hatch),Car (sedan/hatch),2,0,2,1,0,12,December,Summer,Saturday,08:00 - 09:59,AM peak / school commute,True,False,True,True
1375147,Injury,Moderate Injury,2024,2024,November,Saturday,08:00 - 09:59,PRINCES,HWY,540,South,RUNNYFORD,RD,MOGO,1.0,No,Not a school zone,2-way undivided,-35.769928,150.148178,Eurobodalla,Country non-urban,Rest of NSW - Rural,Curved,Crest,,,Nil,Sealed,Wet,Raining,Daylight,Nil,No traffic controls,90 km/h,State,81,Off left/rt bnd=>obj,803,Off right bend into obj,Left,Vehicle - Object,Light truck utility(from 2018),,1,0,0,1,0,11,November,Spring,Saturday,08:00 - 09:59,AM peak / school commute,True,False,True,True
1375148,Injury,Serious Injury,2024,2024,August,Monday,20:00 - 21:59,THE ESPLANADE,MS,10,East,RYAN,ST,SPEERS POINT,674.0,No,Not a school zone,T-junction,-32.9736,151.631477,Lake Macquarie,Newcastle met. area,Syd-Newc-Woll Gtr conurbation,Curved,Steep grade,,,On,Sealed,Dry,Fine,Darkness,Nil,Give way sign,60 km/h,State,99,Unknown,907,Vehicle movements unknown,,Unknown,4 wheel drive / SUV,,1,0,1,0,0,8,August,Winter,Monday,20:00 - 21:59,Evening / night,False,False,True,True
1375149,Injury,Moderate Injury,2024,2024,October,Thursday,00:01 - 01:59,LANE COVE,RD,0,Right on the spot,QUARRY,RD,RYDE,162.0,No,Not a school zone,X-intersection,-33.80383,151.113255,Ryde,Sydney metro. area,Syd-Newc-Woll Gtr conurbation,Curved,Steep grade,,,On,Sealed,Dry,Fine,Darkness,On,No traffic controls,70 km/h,State,37,Left turn sideswipe,309,Same - Left turn side swipe,,Other angle,Car (sedan/hatch),4 wheel drive / SUV,2,0,0,1,0,10,October,Spring,Thursday,00:01 - 01:59,Late night / early morning,False,False,True,True
1375151,Injury,Serious Injury,2024,2024,December,Sunday,12:00 - 13:59,LIGHTHOUSE,RD,4450,East,ARAKOON,RD,ARAKOON,,No,Not a school zone,2-way undivided,-30.921167,153.084344,Kempsey,Country urban,Rest of NSW - Urban,Curved,Steep grade,,,Nil,Sealed,Dry,Fine,Daylight,Nil,No traffic controls,80 km/h,Local,20,Head on,201,Opp - Head on,,Head-on,4 wheel drive / SUV,Motorcycle,2,0,1,0,0,12,December,Summer,Sunday,12:00 - 13:59,Midday / afternoon,False,False,True,True
1375153,Injury,Minor/Other Injury,2024,2024,November,Sunday,20:00 - 21:59,UNDERWOOD,RD,0,Right on the spot,HOMEBUSH BAY,DR,HOMEBUSH,7324.0,No,Not a school zone,Roundabout,-33.854281,151.07719,Strathfield,Sydney metro. area,Syd-Newc-Woll Gtr conurbation,Straight,Underpass/tunnel,,,Off,Sealed,Dry,Fine,Daylight,Off,Give way sign,60 km/h,Regional,33,Lane sideswipe,305,Same - Lane side swipe,,Other angle,Motorcycle,Motorcycle,2,0,0,0,1,11,November,Spring,Sunday,20:00 - 21:59,Evening / night,False,False,True,True
1375154,Injury,Moderate Injury,2024,2024,November,Friday,18:00 - 19:59,COTENTIN,RD,0,Right on the spot,RALSTON,AVE,BELROSE,,Yes,No,T-junction,-33.728152,151.21521,Northern Beaches,Sydney metro. area,Syd-Newc-Woll Gtr conurbation,Straight,,,,Off,Sealed,Dry,Fine,Dusk,Nil,No traffic controls,50 km/h,Local,53,Overtake turning,506,Ovtak - Overtaking right turn,,Other angle,Motorcycle,Car (sedan/hatch),2,0,0,1,0,11,November,Spring,Friday,18:00 - 19:59,PM peak / evening commute,True,False,True,True
1375157,Injury,Serious Injury,2024,2024,November,Thursday,14:00 - 15:59,BRISBANE WATER,DR,425,South,GLENROCK,PDE,KOOLEWONG,349.0,No,Not a school zone,2-way undivided,-33.46973,151.319389,Central Coast,Country urban,Syd-Newc-Woll Gtr conurbation,Straight,,,,Off,Sealed,Dry,Fine,Daylight,Nil,No traffic controls,60 km/h,State,71,Off rd left => obj,703,Left off cway into object,,Vehicle - Object,Car (sedan/hatch),,1,0,1,0,0,11,November,Spring,Thursday,14:00 - 15:59,Midday / afternoon,False,False,True,True
1375160,Injury,Serious Injury,2024,2024,December,Monday,10:00 - 11:59,CONJOLA,CRES,20,South,WYANGALA,CRES,LEUMEAH,,No,Not a school zone,2-way undivided,-34.056049,150.84492,Campbelltown,Sydney metro. area,Syd-Newc-Woll Gtr conurbation,Straight,,,,On,Sealed,Dry,Fine,Daylight,Nil,No traffic controls,50 km/h,Local,49,Other manoeuvring,400,Manov - other,,Other angle,Car (sedan/hatch),Motorised push scooters,2,0,1,0,0,12,December,Summer,Monday,10:00 - 11:59,Midday / afternoon,False,False,True,True
1375162,Injury,Moderate Injury,2024,2024,November,Tuesday,14:00 - 15:59,WEST BOTANY,ST,35,South,PRINCES HIGHWAY,TO,ARNCLIFFE,2032.0,No,Not a school zone,1-way street,-33.933795,151.152897,Bayside,Sydney metro. area,Syd-Newc-Woll Gtr conurbation,Straight,,,,Nil,Sealed,Dry,Fine,Daylight,On,Ped crossing,60 km/h,Regional,0,Ped nearside,1,Ped - Near side,,Vehicle - Pedestrian,4 wheel drive / SUV,Pedestrian,2,0,0,1,0,11,November,Spring,Tuesday,14:00 - 15:59,Midday / afternoon,False,False,True,True
1375166,Injury,Serious Injury,2024,2024,November,Tuesday,06:00 - 07:59,DENISON,ST,0,Right on the spot,OXFORD,ST,BONDI JUNCTION,,No,Not a school zone,T-junction,-33.891143,151.245125,Waverley,Sydney metro. area,Syd-Newc-Woll Gtr conurbation,Straight,,,,Nil,Sealed,Dry,Fine,Daylight,Nil,Ped crossing,50 km/h,Local,2,Ped far side,3,Ped - Far side,,Vehicle - Pedestrian,4 wheel drive / SUV,Pedestrian,2,0,1,0,0,11,November,Spring,Tuesday,06:00 - 07:59,AM peak / school commute,True,False,True,True
1375172,Injury,Serious Injury,2024,2024,September,Tuesday,08:00 - 09:59,LOCKHART,RD,0,Right on the spot,BULLENBONG,RD,BROOKDALE,59.0,No,Not a school zone,T-junction,-35.161608,146.931302,Wagga Wagga,Country non-urban,Rest of NSW - Rural,Curved,,,,Nil,Sealed,Dry,Fine,Daylight,Nil,Give way sign,100 km/h,Regional,32,Right rear,303,Same - Rear right,,Rear end,Car (sedan/hatch),Light truck utility(from 2018),2,0,1,0,0,9,September,Spring,Tuesday,08:00 - 09:59,AM peak / school commute,True,False,True,True
1375173,Injury,Minor/Other Injury,2024,2024,October,Monday,12:00 - 13:59,SHAW,ST,50,North,ADDISON,RD,PETERSHAM,2007.0,No,Not a school zone,2-way undivided,-33.899138,151.155444,Inner West,Sydney metro. area,Syd-Newc-Woll Gtr conurbation,Curved,Steep grade,,,Nil,Sealed,Dry,Fine,Daylight,Nil,No traffic controls,50 km/h,Regional,30,Rear end,301,Same - Rear end,,Rear end,Large rigid,Car (sedan/hatch),2,0,0,0,1,10,October,Spring,Monday,12:00 - 13:59,Midday / afternoon,False,False,True,True
1375174,Injury,Serious Injury,2024,2024,November,Tuesday,12:00 - 13:59,HARRIS,AVE,0,Right on the spot,HOLLINSWORTH,RD,MARSDEN PARK,,No,Not a school zone,X-intersection,-33.719474,150.836032,Blacktown,Sydney metro. area,Syd-Newc-Woll Gtr conurbation,Straight,,,,Nil,Sealed,Dry,Fine,Daylight,Nil,Give way sign,50 km/h,Local,13,Right near,104,Adj - Right-thru from right,,Right angle,Car (sedan/hatch),4 wheel drive / SUV,2,0,1,0,0,11,November,Spring,Tuesday,12:00 - 13:59,Midday / afternoon,False,False,True,True
1375178,Injury,Serious Injury,2024,2024,December,Monday,00:01 - 01:59,PRINCES,HWY,200,South,LITTLE FOREST,RD,YATTE YATTAH,1.0,No,Not a school zone,2-way undivided,-35.296723,150.42589,Shoalhaven,Country non-urban,Rest of NSW - Rural,Straight,Ditch/drain/culvert,,,Nil,Sealed,Dry,Fine,Darkness,Nil,No traffic controls,100 km/h,State,71,Off rd left => obj,703,Left off cway into object,,Vehicle - Object,Light truck utility(from 2018),,1,0,1,0,0,12,December,Summer,Monday,00:01 - 01:59,Late night / early morning,False,False,True,True
1375179,Injury,Moderate Injury,2024,2024,November,Wednesday,12:00 - 13:59,GREAT WESTERN,HWY,200,West,SOMERS,ST,LAWSON,5.0,No,Not a school zone,Divided road,-33.719617,150.439683,Blue Mountains,Country urban,Syd-Newc-Woll Gtr conurbation,Curved,,,,Off,Sealed,Dry,Overcast,Daylight,Nil,No traffic controls,70 km/h,State,34,Lane change right,306,Same - Lane change right,,Other angle,4 wheel drive / SUV,Car (sedan/hatch),2,0,0,1,0,11,November,Spring,Wednesday,12:00 - 13:59,Midday / afternoon,False,False,True,True
1375180,Injury,Serious Injury,2024,2024,November,Wednesday,16:00 - 17:59,EMU,DR,10,South,KALLAROO,RD,SAN REMO,,No,Not a school zone,T-junction,-33.219881,151.515348,Central Coast,Country urban,Syd-Newc-Woll Gtr conurbation,Straight,,Police pursuit,,Nil,Sealed,Dry,Fine,Daylight,Nil,Stop sign,50 km/h,Local,74,On road-out of cont.,705,Out of control on cway,,Rollover,Motorcycle,,1,0,1,0,0,11,November,Spring,Wednesday,16:00 - 17:59,PM peak / evening commute,True,False,True,True
1375184,Injury,Serious Injury,2024,2024,November,Saturday,16:00 - 17:59,KOOKABURRA,DR,0,Right on the spot,NUMBER 20,HN,GREGORY HILLS,,No,Not a school zone,2-way undivided,-34.022934,150.776742,Camden,Sydney metro. area,Syd-Newc-Woll Gtr conurbation,Straight,,,,Nil,Sealed,Dry,Fine,Daylight,Nil,No traffic controls,50 km/h,Local,0,Ped nearside,1,Ped - Near side,,Vehicle - Pedestrian,4 wheel drive / SUV,Pedestrian,2,0,1,0,0,11,November,Spring,Saturday,16:00 - 17:59,PM peak / evening commute,True,False,True,True
1375187,Injury,Serious Injury,2024,2024,December,Thursday,20:00 - 21:59,MINMI,RD,0,Right on the spot,WENTWORTH,ST,WALLSEND,,No,Not a school zone,T-junction,-32.890889,151.666798,Newcastle,Newcastle met. area,Syd-Newc-Woll Gtr conurbation,Straight,,,,Nil,Sealed,Dry,Fine,Darkness,Nil,No traffic controls,60 km/h,Local,21,Right through,202,Opp - Right-thru,,Other angle,Car (sedan/hatch),Motorcycle,2,0,1,0,0,12,December,Summer,Thursday,20:00 - 21:59,Evening / night,False,False,True,True
1375193,Injury,Serious Injury,2024,2024,October,Wednesday,18:00 - 19:59,PICTON,RD,0,Right on the spot,ALMOND,ST,WILTON,95.0,No,Not a school zone,T-junction,-34.242192,150.695675,Wollondilly,Country non-urban,Syd-Newc-Woll Gtr conurbation,Straight,Ditch/drain/culvert,,,On,Sealed,Dry,Fine,Dusk,Nil,Stop sign,100 km/h,State,13,Right near,104,Adj - Right-thru from right,,Right angle,4 wheel drive / SUV,Light truck utility(from 2018),2,0,1,0,0,10,October,Spring,Wednesday,18:00 - 19:59,PM peak / evening commute,True,False,True,True
1375201,Injury,Moderate Injury,2024,2024,December,Wednesday,16:00 - 17:59,WESTERN,EXP,100,East,CONCORD ROAD,TO,BURWOOD,6004.0,No,Not a school zone,Dual freeway,-33.869285,151.104708,Burwood,Sydney metro. area,Syd-Newc-Woll Gtr conurbation,Straight,Underpass/tunnel,,,On,Sealed,Dry,Fine,Daylight,Nil,No traffic controls,90 km/h,State,30,Rear end,301,Same - Rear end,,Rear end,Light truck utility(from 2018),4 wheel drive / SUV,2,0,0,1,0,12,December,Summer,Wednesday,16:00 - 17:59,PM peak / evening commute,True,False,True,True
1375205,Injury,Minor/Other Injury,2024,2024,November,Thursday,20:00 - 21:59,HAWKESBURY,RD,0,Right on the spot,NUMBER 652,HN,WINMALEE,570.0,No,Not a school zone,2-way undivided,-33.672688,150.630809,Blue Mountains,Country urban,Syd-Newc-Woll Gtr conurbation,Straight,Painted double centre lines,,,On,Sealed,Dry,Overcast,Darkness,Nil,No traffic controls,80 km/h,State,20,Head on,201,Opp - Head on,,Head-on,Car (sedan/hatch),4 wheel drive / SUV,2,0,0,0,1,11,November,Spring,Thursday,20:00 - 21:59,Evening / night,False,False,True,True
1375209,Injury,Serious Injury,2024,2024,October,Tuesday,20:00 - 21:59,OCEAN,DR,0,Right on the spot,EVANS,ST,LAKE CATHIE,600.0,No,Not a school zone,T-junction,-31.546343,152.855428,Port Macquarie-Hastings,Country urban,Rest of NSW - Urban,Curved,,,,On,Sealed,Dry,Fine,Darkness,Nil,Give way sign,50 km/h,Regional,13,Right near,104,Adj - Right-thru from right,,Right angle,4 wheel drive / SUV,Motorcycle,2,0,1,0,0,10,October,Spring,Tuesday,20:00 - 21:59,Evening / night,False,False,True,True
1375210,Injury,Serious Injury,2024,2024,September,Saturday,18:00 - 19:59,RICHIE,RD,830,North,BROMAGE,RD,ABERMAIN,,No,Not a school zone,2-way undivided,-32.82553,151.456199,Cessnock,Country urban,Rest of NSW - Urban,Curved,,,,Off,Sealed,Dry,Fine,Darkness,Nil,No traffic controls,60 km/h,Local,81,Off left/rt bnd=>obj,803,Off right bend into obj,Left,Other angle,Motorcycle,Station wagon,2,0,1,0,0,9,September,Spring,Saturday,18:00 - 19:59,PM peak / evening commute,True,False,True,True
1375213,Injury,Moderate Injury,2024,2024,November,Monday,18:00 - 19:59,BIG RIVER,WAY,0,Right on the spot,REILLEYS,LANE,BOM BOM,83.0,No,Not a school zone,T-junction,-29.745391,152.993827,Clarence Valley,Country non-urban,Rest of NSW - Rural,Curved,Embankment/cutting,,,Nil,Sealed,Dry,Fine,Dusk,Nil,Give way sign,100 km/h,State,87,Off lft/lft bnd=>obj,804,Off left bend into obj,Left,Vehicle - Object,Car (sedan/hatch),,1,0,0,1,0,11,November,Spring,Monday,18:00 - 19:59,PM peak / evening commute,True,False,True,True
1375216,Injury,Minor/Other Injury,2024,2024,December,Tuesday,16:00 - 17:59,BURROWS,RD,35,North,CAMPBELL,RD,ALEXANDRIA,701.0,No,Not a school zone,2-way undivided,-33.916001,151.185663,Sydney,Sydney metro. area,Syd-Newc-Woll Gtr conurbation,Straight,Foot/cycle path/nature strip,,,Nil,Sealed,Dry,Fine,Daylight,Nil,Ped crossing,40 km/h,State,48,From footpath,408,Manov - From footway,,Other angle,Pedal cycle,Light truck utility(from 2018),2,0,0,0,1,12,December,Summer,Tuesday,16:00 - 17:59,PM peak / evening commute,True,False,True,True
1375218,Injury,Moderate Injury,2024,2024,December,Monday,18:00 - 19:59,NEW ENGLAND,HWY,35,South,HIGH,ST,TENTERFIELD,9.0,No,Not a school zone,2-way undivided,-29.053788,152.019079,Tenterfield,Country urban,Rest of NSW - Urban,Straight,Foot/cycle path/nature strip,,,Nil,Sealed,Dry,Fine,Daylight,Nil,Ped crossing,40 km/h,State,48,From footpath,408,Manov - From footway,,Other angle,Motorised push scooters,Unknown motor vehicle,2,0,0,1,0,12,December,Summer,Monday,18:00 - 19:59,PM peak / evening commute,True,False,True,True
1375223,Injury,Moderate Injury,2024,2024,October,Thursday,12:00 - 13:59,KIANGA,RD,4000,West,PRINCES,HWY,KIANGA,,No,Not a school zone,2-way undivided,-36.183375,150.081879,Eurobodalla,Country non-urban,Rest of NSW - Rural,Straight,,,,Nil,Unsealed,Dry,Fine,Daylight,Nil,No traffic controls,100 km/h,Local,71,Off rd left => obj,703,Left off cway into object,,Vehicle - Object,4 wheel drive / SUV,,1,0,0,1,1,10,October,Spring,Thursday,12:00 - 13:59,Midday / afternoon,False,False,True,True
1375229,Injury,Serious Injury,2024,2024,November,Friday,10:00 - 11:59,NEWCASTLE INNER CITY,BYPA,0,Right on the spot,UNIVERSITY,DR,JESMOND,23.0,No,Not a school zone,Roundabout,-32.896932,151.694456,Newcastle,Newcastle met. area,Syd-Newc-Woll Gtr conurbation,Curved,Other bridge,,,Nil,Sealed,Dry,Fine,Daylight,Nil,Give way sign,60 km/h,State,10,Cross traffic,101,Adj - Cross traffic,,Right angle,Pedal cycle,Light truck,2,0,1,0,0,11,November,Spring,Friday,10:00 - 11:59,Midday / afternoon,False,False,True,True
1375232,Injury,Serious Injury,2024,2024,November,Saturday,18:00 - 19:59,MANN,ST,200,North,RACECOURSE,RD,NORTH GOSFORD,7757.0,No,Not a school zone,2-way undivided,-33.41726,151.343839,Central Coast,Country urban,Syd-Newc-Woll Gtr conurbation,Straight,,,,On,Sealed,Wet,Overcast,Dusk,Nil,No traffic controls,60 km/h,Regional,42,Leaving parking,401,Manov - Leaving parking,,Other angle,4 wheel drive / SUV,4 wheel drive / SUV,2,0,1,1,0,11,November,Spring,Saturday,18:00 - 19:59,PM peak / evening commute,True,False,True,True
1375233,Injury,Moderate Injury,2024,2024,November,Friday,14:00 - 15:59,CHAPEL,RD,125,North,MARION,ST,BANKSTOWN,,No,Not a school zone,2-way undivided,-33.916192,151.033433,Canterbury-Bankstown,Sydney metro. area,Syd-Newc-Woll Gtr conurbation,Straight,,,,Off,Sealed,Dry,Fine,Daylight,Nil,Ped crossing,40 km/h,Local,0,Ped nearside,1,Ped - Near side,,Vehicle - Pedestrian,Light truck utility(from 2018),Pedestrian,2,0,0,1,0,11,November,Spring,Friday,14:00 - 15:59,Midday / afternoon,False,False,True,True
1375234,Injury,Serious Injury,2024,2024,November,Sunday,18:00 - 19:59,BULGA,RD,10,South,COLLING,RD,ELANDS,,No,Not a school zone,T-junction,-31.6347,152.29723,Mid-Coast,Country urban,Rest of NSW - Urban,Curved,Ditch/drain/culvert,,,Off,Unsealed,Dry,Fine,Daylight,Nil,No traffic controls,70 km/h,Local,80,Off left/right bend,801,Off cway right bend,Left,Rollover,Motorcycle,,1,0,1,0,0,11,November,Spring,Sunday,18:00 - 19:59,PM peak / evening commute,True,False,True,True