crash_id,degree_of_crash,degree_of_crash_-_detailed,reporting_year,year_of_crash,month_of_crash,day_of_week_of_crash,two-hour_intervals,street_of_crash,street_type,distance,direction,identifying_feature,identifying_feature_type,town,route_no.,school_zone_location,school_zone_active,type_of_location,latitude,longitude,lga,urbanisation,conurbation_1,alignment,primary_permanent_feature,primary_temporary_feature,primary_hazardous_feature,street_lighting,road_surface,surface_condition,weather,natural_lighting,signals_operation,other_traffic_control,speed_limit,road_classification_(admin),rum_-_code,rum_-_description,dca_-_code,dca_-_description,dca_supplement,first_impact_type,key_tu_type,other_tu_type,no._of_traffic_units_involved,no._killed,no._seriously_injured,no._moderately_injured,no._minor-other_injured,month_num,month_label,season,day_label,time_label,time_band,is_peak_commute,is_fatal,is_injury,is_casualty
1375240,Injury,Moderate Injury,2024,2024,December,Friday,10:00 - 11:59,HAWKESBURY,RD,0,Right on the spot,NUMBER 55,HN,SPRINGWOOD,570.0,No,Not a school zone,2-way undivided,-33.690975,150.578778,Blue Mountains,Country urban,Syd-Newc-Woll Gtr conurbation,Curved,Steep grade,,,Off,Sealed,Dry,Fine,Daylight,Nil,No traffic controls,60 km/h,State,81,Off left/rt bnd=>obj,803,Off right bend into obj,Left,Vehicle - Object,Light truck utility(from 2018),,1,0,0,1,0,12,December,Summer,Friday,10:00 - 11:59,Midday / afternoon,False,False,True,True
1375242,Injury,Serious Injury,2024,2024,November,Monday,08:00 - 09:59,WOY WOY,RD,1000,South,WOY WOY BAY,RD,HORSFIELD BAY,7751.0,No,Not a school zone,2-way undivided,-33.492053,151.299605,Central Coast,Country urban,Syd-Newc-Woll Gtr conurbation,Curved,Painted double centre lines,,,Off,Sealed,Wet,Raining,Daylight,Nil,No traffic controls,60 km/h,Regional,20,Head on,201,Opp - Head on,,Head-on,Car (sedan/hatch),Light truck,2,0,1,1,0,11,November,Spring,Monday,08:00 - 09:59,AM peak / school commute,True,False,True,True
1375245,Injury,Minor/Other Injury,2024,2024,October,Thursday,08:00 - 09:59,THE LAKES,DR,30,West,JIRANG,PL,GLENMORE PARK,,No,Not a school zone,2-way undivided,-33.784126,150.673126,Penrith,Sydney metro. area,Syd-Newc-Woll Gtr conurbation,Straight,Driveway/entrance,,,Nil,Sealed,Dry,Fine,Daylight,Nil,No traffic controls,50 km/h,Local,47,Emerging from drive,406,Manov - Emerging from driveway,,Right angle,4 wheel drive / SUV,Pedal cycle,2,0,0,0,1,10,October,Spring,Thursday,08:00 - 09:59,AM peak / school commute,True,False,True,True
1375254,Injury,Minor/Other Injury,2024,2024,April,Sunday,10:00 - 11:59,HOSPITAL,RD,100,East,FREMONT,ST,CONCORD WEST,,No,Not a school zone,2-way undivided,-33.836587,151.092455,Canada Bay,Sydney metro. area,Syd-Newc-Woll Gtr conurbation,Straight,,,,Off,Sealed,Dry,Fine,Daylight,Nil,No traffic controls,50 km/h,Local,90,Fell in/from vehicle,901,Fell in/from vehicle,,Person - Object,Unknown motor vehicle,,1,0,0,0,1,4,April,Autumn,Sunday,10:00 - 11:59,Midday / afternoon,False,False,True,True
1375258,Injury,Serious Injury,2024,2024,October,Wednesday,18:00 - 19:59,PRINCES,HWY,0,Right on the spot,7 ELEVEN PETROL STATION,ENT,WOLLONGONG,1.0,No,Not a school zone,2-way undivided,-34.425252,150.884958,Wollongong,Wollongong met. area,Syd-Newc-Woll Gtr conurbation,Straight,Driveway/entrance,,,Off,Sealed,Dry,Fine,Dusk,Nil,No traffic controls,50 km/h,State,21,Right through,202,Opp - Right-thru,,Other angle,4 wheel drive / SUV,Motorcycle,2,0,1,0,0,10,October,Spring,Wednesday,18:00 - 19:59,PM peak / evening commute,True,False,True,True
1375261,Injury,Moderate Injury,2024,2024,November,Thursday,14:00 - 15:59,WERRINGTON,RD,0,Right on the spot,CORYMBIA,RD,WERRINGTON,7288.0,No,Not a school zone,Roundabout,-33.763569,150.758593,Penrith,Sydney metro. area,Syd-Newc-Woll Gtr conurbation,Curved,,,,Off,Sealed,Dry,Fine,Daylight,Nil,Give way sign,70 km/h,Regional,85,Off rt/lft bnd=>obj,804,Off left bend into obj,Right,Vehicle - Object,Motorcycle,,1,0,0,1,0,11,November,Spring,Thursday,14:00 - 15:59,Midday / afternoon,False,False,True,True
1375264,Injury,Minor/Other Injury,2024,2024,December,Tuesday,22:00 - Midnight,JERVIS BAY,RD,850,South,MCARTHUR,DR,FALLS CREEK,312.0,No,Not a school zone,2-way undivided,-35.016712,150.607405,Shoalhaven,Country non-urban,Rest of NSW - Rural,Curved,Steep grade,,,On,Sealed,Dry,Fine,Darkness,Nil,No traffic controls,90 km/h,Regional,81,Off left/rt bnd=>obj,803,Off right bend into obj,Left,Vehicle - Object,Car (sedan/hatch),,1,0,0,0,1,12,December,Summer,Tuesday,22:00 - Midnight,Evening / night,False,False,True,True
1375267,Injury,Serious Injury,2024,2024,September,Friday,16:00 - 17:59,NEWCASTLE,EXP,600,South,PACIFIC HIGHWAY,OP,BAR POINT,6003.0,No,Not a school zone,Dual freeway,-33.479809,151.184095,Central Coast,Country non-urban,Syd-Newc-Woll Gtr conurbation,Curved,,,,Off,Sealed,Dry,Fine,Dusk,Nil,No traffic controls,100 km/h,State,30,Rear end,301,Same - Rear end,,Rear end,Light truck utility(from 2018),4 wheel drive / SUV,6,0,1,1,0,9,September,Spring,Friday,16:00 - 17:59,PM peak / evening commute,True,False,True,True
1375268,Injury,Serious Injury,2024,2024,December,Wednesday,12:00 - 13:59,WESTERN,EXP,500,West,WALLGROVE ROAD,OP,EASTERN CREEK,6004.0,No,Not a school zone,Dual freeway,-33.796426,150.848039,Blacktown,Sydney metro. area,Syd-Newc-Woll Gtr conurbation,Straight,,,,Nil,Sealed,Dry,Fine,Daylight,Nil,No traffic controls,100 km/h,State,35,Lane change left,307,Same - Lane change left,,Other angle,Semi-trailer,Car (sedan/hatch),2,0,1,0,0,12,December,Summer,Wednesday,12:00 - 13:59,Midday / afternoon,False,False,True,True
1375269,Injury,Serious Injury,2024,2024,October,Saturday,08:00 - 09:59,SUTTON,RD,0,Right on the spot,SHINGLE HILL,WAY,GUNDAROO,52.0,No,Not a school zone,T-junction,-35.074711,149.257299,Yass Valley,Country non-urban,Rest of NSW - Rural,Curved,,,,Nil,Sealed,Dry,Overcast,Daylight,Nil,Give way sign,100 km/h,Regional,75,Off end of road,709,Off end cway or T junct,,Vehicle - Object,Car (sedan/hatch),,1,0,1,0,1,10,October,Spring,Saturday,08:00 - 09:59,AM peak / school commute,True,False,True,True
1375270,Injury,Serious Injury,2024,2024,December,Saturday,08:00 - 09:59,NEWBRIDGE,RD,300,East,HEATHCOTE,RD,MOOREBANK,167.0,No,Not a school zone,Divided road,-33.929296,150.934135,Liverpool,Sydney metro. area,Syd-Newc-Woll Gtr conurbation,Straight,,,,Off,Sealed,Wet,Raining,Daylight,Nil,No traffic controls,70 km/h,State,71,Off rd left => obj,703,Left off cway into object,,Vehicle - Object,Car (sedan/hatch),,1,0,1,0,0,12,December,Summer,Saturday,08:00 - 09:59,AM peak / school commute,True,False,True,True
1375274,Injury,Moderate Injury,2024,2024,October,Saturday,10:00 - 11:59,CENTRAL COAST,HWY,100,North,THE AVENUE,MS,KARIONG,30.0,No,Not a school zone,Divided road,-33.433272,151.29585,Central Coast,Country urban,Syd-Newc-Woll Gtr conurbation,Straight,,,,Off,Sealed,Dry,Fine,Daylight,Nil,No traffic controls,60 km/h,State,35,Lane change left,307,Same - Lane change left,,Other angle,4 wheel drive / SUV,Motorcycle,2,0,0,1,0,10,October,Spring,Saturday,10:00 - 11:59,Midday / afternoon,False,False,True,True
1375278,Injury,Moderate Injury,2024,2024,November,Tuesday,14:00 - 15:59,FREDERICK,ST,0,Right on the spot,NUMBER 10,HN,ST LEONARDS,,No,Not a school zone,2-way undivided,-33.816801,151.190841,Willoughby,Sydney metro. area,Syd-Newc-Woll Gtr conurbation,Straight,Driveway/entrance,,,On,Sealed,Dry,Fine,Daylight,Nil,No traffic controls,50 km/h,Local,47,Emerging from drive,406,Manov - Emerging from driveway,,Right angle,Unknown motor vehicle,Pedal cycle,2,0,0,1,0,11,November,Spring,Tuesday,14:00 - 15:59,Midday / afternoon,False,False,True,True
1375279,Injury,Serious Injury,2024,2024,December,Monday,08:00 - 09:59,VICTORIA,RD,0,Right on the spot,SPURWAY,ST,ERMINGTON,165.0,No,Not a school zone,X-intersection,-33.814279,151.056237,Parramatta,Sydney metro. area,Syd-Newc-Woll Gtr conurbation,Straight,,,,Off,Sealed,Dry,Fine,Daylight,On,No traffic controls,70 km/h,State,10,Cross traffic,101,Adj - Cross traffic,,Right angle,Car (sedan/hatch),Car (sedan/hatch),2,0,2,1,0,12,December,Summer,Monday,08:00 - 09:59,AM peak / school commute,True,False,True,True
1375280,Injury,Minor/Other Injury,2024,2024,December,Tuesday,08:00 - 09:59,ANZAC,PDE,50,South,HAIG,ST,MAROUBRA,661.0,No,Not a school zone,Divided road,-33.944202,151.240164,Randwick,Sydney metro. area,Syd-Newc-Woll Gtr conurbation,Straight,,,,Off,Sealed,Dry,Fine,Daylight,Nil,No traffic controls,50 km/h,State,74,On road-out of cont.,705,Out of control on cway,,Rollover,Pedal cycle,,1,0,0,0,1,12,December,Summer,Tuesday,08:00 - 09:59,AM peak / school commute,True,False,True,True
1375283,Injury,Serious Injury,2024,2024,November,Thursday,16:00 - 17:59,GOLDEN,HWY,1990,West,NEW ENGLAND,HWY,SINGLETON MILITARY AREA,27.0,No,Not a school zone,2-way undivided,-32.639401,151.208118,Singleton,Country non-urban,Rest of NSW - Rural,Straight,Ditch/drain/culvert,,,Nil,Sealed,Dry,Fine,Daylight,Nil,No traffic controls,100 km/h,State,71,Off rd left => obj,703,Left off cway into object,,Vehicle - Object,4 wheel drive / SUV,,1,0,3,0,0,11,November,Spring,Thursday,16:00 - 17:59,PM peak / evening commute,True,False,True,True
1375285,Injury,Minor/Other Injury,2024,2024,December,Sunday,12:00 - 13:59,OLD NORTHERN,RD,999999,Unknown/not stated,UNKNOWN,UK,CANOELANDS,160.0,No,Not a school zone,2-way undivided,-33.520404,151.026743,Hornsby,Sydney metro. area,Syd-Newc-Woll Gtr conurbation,Straight,,,,Unknown / not stated,Sealed,Unknown,Unknown,Daylight,Nil,No traffic controls,90 km/h,State,71,Off rd left => obj,703,Left off cway into object,,Vehicle - Object,Car (sedan/hatch),,1,0,0,0,1,12,December,Summer,Sunday,12:00 - 13:59,Midday / afternoon,False,False,True,True
1375290,Injury,Moderate Injury,2024,2024,December,Sunday,18:00 - 19:59,JILLIBY,RD,300,South,BAILEY,RD,JILLIBY,,No,Not a school zone,2-way undivided,-33.207064,151.365842,Central Coast,Country urban,Syd-Newc-Woll Gtr conurbation,Curved,Crest,,,Nil,Sealed,Dry,Overcast,Daylight,Nil,No traffic controls,80 km/h,Local,84,Off right/left bend,802,Off cway left bend,Right,Rollover,Light truck utility(from 2018),,1,0,0,1,0,12,December,Summer,Sunday,18:00 - 19:59,PM peak / evening commute,True,False,True,True
1375291,Injury,Serious Injury,2024,2024,August,Saturday,10:00 - 11:59,HUME,HWY,800,South,MARULAN SOUTH ROAD,TO,MARULAN,2.0,No,Not a school zone,Divided road,-34.734416,149.968177,Goulburn Mulwaree,Country non-urban,Rest of NSW - Rural,Curved,Steep grade,,Loose gravel shoulder,Off,Sealed,Dry,Fine,Daylight,Nil,No traffic controls,110 km/h,State,84,Off right/left bend,802,Off cway left bend,Right,Rollover,Motorcycle,,1,0,1,0,0,8,August,Winter,Saturday,10:00 - 11:59,Midday / afternoon,False,False,True,True
1375293,Injury,Moderate Injury,2024,2024,September,Wednesday,18:00 - 19:59,RYRIE,AVE,0,Right on the spot,WAROON,RD,CROMER,,No,Not a school zone,X-intersection,-33.737548,151.276232,Northern Beaches,Sydney metro. area,Syd-Newc-Woll Gtr conurbation,Straight,,,,On,Sealed,Wet,Raining,Darkness,Nil,Give way sign,50 km/h,Local,13,Right near,104,Adj - Right-thru from right,,Right angle,Light truck,Pedal cycle,2,0,0,1,0,9,September,Spring,Wednesday,18:00 - 19:59,PM peak / evening commute,True,False,True,True
1375299,Injury,Moderate Injury,2024,2024,September,Thursday,16:00 - 17:59,BUCKETTS,WAY,400,North,MILL,ST,KRAMBACH,192.0,No,Not a school zone,2-way undivided,-32.047395,152.26867,Mid-Coast,Country urban,Rest of NSW - Urban,Curved,Steep grade,,,Off,Sealed,Wet,Raining,Dusk,Nil,No traffic controls,60 km/h,Regional,85,Off rt/lft bnd=>obj,804,Off left bend into obj,Right,Vehicle - Object,Car (sedan/hatch),,1,0,0,1,0,9,September,Spring,Thursday,16:00 - 17:59,PM peak / evening commute,True,False,True,True
1375301,Injury,Moderate Injury,2024,2024,November,Saturday,16:00 - 17:59,ALEXANDRIA,PDE,0,Right on the spot,ORARA,ST,WAITARA,,No,Not a school zone,T-junction,-33.70954,151.104143,Hornsby,Sydney metro. area,Syd-Newc-Woll Gtr conurbation,Straight,,,,Nil,Sealed,Dry,Fine,Daylight,Nil,No traffic controls,50 km/h,Local,0,Ped nearside,1,Ped - Near side,,Vehicle - Pedestrian,Station wagon,Pedestrian,2,0,0,1,0,11,November,Spring,Saturday,16:00 - 17:59,PM peak / evening commute,True,False,True,True
1375303,Injury,Moderate Injury,2024,2024,December,Monday,12:00 - 13:59,GENERAL HOLMES,DR,0,Right on the spot,FORESHORE,RD,MASCOT,194.0,No,Not a school zone,T-junction,-33.944569,151.188136,Bayside,Sydney metro. area,Syd-Newc-Woll Gtr conurbation,Straight,Underpass/tunnel,,,Off,Sealed,Dry,Fine,Daylight,Off,No traffic controls,70 km/h,State,30,Rear end,301,Same - Rear end,,Rear end,4 wheel drive / SUV,Car (sedan/hatch),2,0,0,1,0,12,December,Summer,Monday,12:00 - 13:59,Midday / afternoon,False,False,True,True
1375309,Injury,Moderate Injury,2024,2024,August,Friday,18:00 - 19:59,OLYMPIC,HWY,0,Right on the spot,BERTHONG,ST,YOUNG,78.0,Yes,No,X-intersection,-34.318647,148.292625,Hilltops,Country urban,Rest of NSW - Urban,Straight,Steep grade,,,On,Sealed,Dry,Fine,Darkness,Nil,Give way sign,50 km/h,State,13,Right near,104,Adj - Right-thru from right,,Right angle,Light truck,Light truck utility(from 2018),2,0,0,1,0,8,August,Winter,Friday,18:00 - 19:59,PM peak / evening commute,True,False,True,True
1375310,Injury,Serious Injury,2024,2024,December,Monday,04:00 - 05:59,HACKING,AVE,0,Right on the spot,LOCKYER,AVE,WERRINGTON COUNTY,,No,Not a school zone,T-junction,-33.746478,150.744053,Penrith,Sydney metro. area,Syd-Newc-Woll Gtr conurbation,Straight,,,,On,Sealed,Dry,Fine,Darkness,Nil,No traffic controls,50 km/h,Local,13,Right near,104,Adj - Right-thru from right,,Right angle,Car (sedan/hatch),Car (sedan/hatch),2,0,1,1,0,12,December,Summer,Monday,04:00 - 05:59,Late night / early morning,False,False,True,True
1375315,Injury,Serious Injury,2024,2024,October,Sunday,12:00 - 13:59,HIGH,ST,0,Right on the spot,NUMBER 457,HN,PENRITH,,No,Not a school zone,2-way undivided,-33.753473,150.696918,Penrith,Sydney metro. area,Syd-Newc-Woll Gtr conurbation,Straight,,,,Off,Sealed,Dry,Fine,Daylight,Nil,No traffic controls,40 km/h,Local,3,Ped on carriageway,4,Ped - On carriageway,,Vehicle - Pedestrian,4 wheel drive / SUV,Pedestrian,2,0,1,0,0,10,October,Spring,Sunday,12:00 - 13:59,Midday / afternoon,False,False,True,True
1375318,Injury,Moderate Injury,2024,2024,December,Monday,16:00 - 17:59,ADDISON,RD,30,East,EAST,ST,MARRICKVILLE,7018.0,No,Not a school zone,2-way undivided,-33.901554,151.161696,Inner West,Sydney metro. area,Syd-Newc-Woll Gtr conurbation,Straight,,,,Off,Sealed,Wet,Fine,Dusk,Nil,No traffic controls,50 km/h,Regional,63,Vehicle door,604,On path - Vehicle door,,Other angle,Pedal cycle,4 wheel drive / SUV,2,0,0,1,0,12,December,Summer,Monday,16:00 - 17:59,PM peak / evening commute,True,False,True,True
1375321,Injury,Serious Injury,2024,2024,November,Saturday,14:00 - 15:59,BIRCH,AVE,0,Right on the spot,NUMBER 86,HN,DUBBO,,No,Not a school zone,2-way undivided,-32.251703,148.639643,Dubbo Regional,Country urban,Rest of NSW - Urban,Curved,,,,Nil,Sealed,Dry,Fine,Daylight,Nil,No traffic controls,50 km/h,Local,81,Off left/rt bnd=>obj,803,Off right bend into obj,Left,Other angle,Car (sedan/hatch),Light truck,2,0,2,0,0,11,November,Spring,Saturday,14:00 - 15:59,Midday / afternoon,False,False,True,True
1375324,Injury,Moderate Injury,2024,2024,October,Wednesday,10:00 - 11:59,COOMA,RD,400,North,STONEY RIDGE,RD,KRAWARREE,7625.0,No,Not a school zone,2-way undivided,-35.837461,149.610238,Queanbeyan-Palerang Regional,Country non-urban,Rest of NSW - Rural,Curved,Steep grade,,Potholes/corrugations/rough,Nil,Unsealed,Dry,Fine,Daylight,Nil,No traffic controls,100 km/h,Regional,86,Off left/left bend,802,Off cway left bend,Left,Rollover,Motorcycle,,1,0,0,1,0,10,October,Spring,Wednesday,10:00 - 11:59,Midday / afternoon,False,False,True,True
1375325,Injury,Minor/Other Injury,2024,2024,September,Monday,08:00 - 09:59,SOUTHERN,EXP,1750,North,NORTHCLIFFE DRIVE,OP,UNANDERRA,6006.0,No,Not a school zone,Dual freeway,-34.46492,150.847414,Wollongong,Wollongong met. area,Syd-Newc-Woll Gtr conurbation,Curved,Other bridge,,,On,Sealed,Dry,Fine,Daylight,Nil,No traffic controls,100 km/h,State,30,Rear end,301,Same - Rear end,,Rear end,Light truck utility(from 2018),Car (sedan/hatch),2,0,0,0,1,9,September,Spring,Monday,08:00 - 09:59,AM peak / school commute,True,False,True,True
1375326,Injury,Serious Injury,2024,2024,August,Thursday,18:00 - 19:59,DUCKMALOI,RD,1000,East,ALBION,ST,OBERON,558.0,No,Not a school zone,2-way undivided,-33.71335,149.888868,Oberon,Country non-urban,Rest of NSW - Rural,Curved,Embankment/cutting,,,On,Sealed,Dry,Fine,Dusk,Nil,No traffic controls,100 km/h,State,87,Off lft/lft bnd=>obj,804,Off left bend into obj,Left,Vehicle - Object,Car (sedan/hatch),,1,0,1,0,0,8,August,Winter,Thursday,18:00 - 19:59,PM peak / evening commute,True,False,True,True
1375329,Injury,Minor/Other Injury,2024,2024,October,Friday,16:00 - 17:59,LANE COVE,RD,0,Right on the spot,GOULDING,RD,RYDE,162.0,No,Not a school zone,T-junction,-33.803198,151.113785,Ryde,Sydney metro. area,Syd-Newc-Woll Gtr conurbation,Curved,Steep grade,,,Off,Sealed,Dry,Fine,Daylight,On,No traffic controls,70 km/h,State,30,Rear end,301,Same - Rear end,,Rear end,Light truck,Car (sedan/hatch),2,0,0,0,2,10,October,Spring,Friday,16:00 - 17:59,PM peak / evening commute,True,False,True,True
1375330,Injury,Moderate Injury,2024,2024,November,Sunday,18:00 - 19:59,KURMOND,RD,0,Right on the spot,WIRE,LANE,FREEMANS REACH,7207.0,No,Not a school zone,T-junction,-33.551977,150.760719,Hawkesbury,Country urban,Syd-Newc-Woll Gtr conurbation,Straight,Steep grade,,,Nil,Sealed,Dry,Fine,Dusk,Nil,Give way sign,80 km/h,Regional,74,On road-out of cont.,705,Out of control on cway,,Rollover,Motorcycle,,1,0,0,1,0,11,November,Spring,Sunday,18:00 - 19:59,PM peak / evening commute,True,False,True,True
1375332,Injury,Moderate Injury,2024,2024,December,Tuesday,02:00 - 03:59,JOHNSTON,ST,0,Right on the spot,BOOTH,ST,ANNANDALE,655.0,No,Not a school zone,X-intersection,-33.881426,151.170684,Inner West,Sydney metro. area,Syd-Newc-Woll Gtr conurbation,Straight,,,,On,Sealed,Dry,Fine,Darkness,On,No traffic controls,50 km/h,State,10,Cross traffic,101,Adj - Cross traffic,,Right angle,Car (sedan/hatch),Pedal cycle,2,0,0,1,0,12,December,Summer,Tuesday,02:00 - 03:59,Late night / early morning,False,False,True,True
1375333,Injury,Moderate Injury,2024,2024,October,Saturday,18:00 - 19:59,CARINGBAH,RD,0,Right on the spot,GANNONS,RD,CARINGBAH SOUTH,,No,Not a school zone,Roundabout,-34.048103,151.132346,Sutherland,Sydney metro. area,Syd-Newc-Woll Gtr conurbation,Straight,,,,Nil,Sealed,Dry,Fine,Daylight,Nil,Give way sign,50 km/h,Local,10,Cross traffic,101,Adj - Cross traffic,,Right angle,Light truck utility(from 2018),4 wheel drive / SUV,2,0,0,5,1,10,October,Spring,Saturday,18:00 - 19:59,PM peak / evening commute,True,False,True,True
1375334,Injury,Moderate Injury,2024,2024,September,Tuesday,16:00 - 17:59,SHOWGROUND,RD,0,Right on the spot,NUMBER 94,HN,GOSFORD,,No,Not a school zone,2-way undivided,-33.411809,151.344457,Central Coast,Country urban,Syd-Newc-Woll Gtr conurbation,Straight,Driveway/entrance,,,On,Sealed,Dry,Fine,Dusk,Nil,No traffic controls,60 km/h,Local,47,Emerging from drive,406,Manov - Emerging from driveway,,Right angle,4 wheel drive / SUV,Car (sedan/hatch),2,0,0,1,1,9,September,Spring,Tuesday,16:00 - 17:59,PM peak / evening commute,True,False,True,True
1375335,Injury,Moderate Injury,2024,2024,October,Saturday,12:00 - 13:59,OLYMPIC,HWY,2500,South,DIRNASEER,RD,COOTAMUNDRA,78.0,No,Not a school zone,2-way undivided,-34.669677,147.971564,Cootamundra-Gundagai,Country non-urban,Rest of NSW - Rural,Curved,Crest,,,Nil,Sealed,Dry,Fine,Daylight,Nil,No traffic controls,100 km/h,State,82,Off right/right bend,801,Off cway right bend,Right,Rollover,4 wheel drive / SUV,,1,0,0,2,0,10,October,Spring,Saturday,12:00 - 13:59,Midday / afternoon,False,False,True,True
1375339,Injury,Moderate Injury,2024,2024,September,Sunday,16:00 - 17:59,MACKILLOP,RD,500,South,EMPIRE BAY,DR,KINCUMBER SOUTH,,No,Not a school zone,2-way undivided,-33.484508,151.381063,Central Coast,Country urban,Syd-Newc-Woll Gtr conurbation,Curved,,,,Nil,Sealed,Dry,Fine,Daylight,Nil,No traffic controls,50 km/h,Local,81,Off left/rt bnd=>obj,803,Off right bend into obj,Left,Vehicle - Object,4 wheel drive / SUV,,1,0,0,1,0,9,September,Spring,Sunday,16:00 - 17:59,PM peak / evening commute,True,False,True,True
1375340,Injury,Minor/Other Injury,2024,2024,December,Friday,22:00 - Midnight,BUSHLANDS,AVE,50,West,SPRINGFIELD,RD,SPRINGFIELD,,No,Not a school zone,2-way undivided,-33.42611,151.367968,Central Coast,Country urban,Syd-Newc-Woll Gtr conurbation,Straight,Steep grade,,,On,Sealed,Dry,Fine,Darkness,Nil,No traffic controls,50 km/h,Local,20,Head on,201,Opp - Head on,,Head-on,Light truck,Car (sedan/hatch),2,0,0,0,1,12,December,Summer,Friday,22:00 - Midnight,Evening / night,False,False,True,True
1375341,Injury,Serious Injury,2024,2024,December,Monday,12:00 - 13:59,COMLEROY,RD,10,South,BROWNS,RD,KURRAJONG,519.0,No,Not a school zone,T-junction,-33.519374,150.691544,Hawkesbury,Country urban,Syd-Newc-Woll Gtr conurbation,Straight,,,,Off,Sealed,Dry,Fine,Daylight,Nil,No traffic controls,80 km/h,Regional,74,On road-out of cont.,705,Out of control on cway,,Rollover,Motorcycle,,1,0,1,0,0,12,December,Summer,Monday,12:00 - 13:59,Midday / afternoon,False,False,True,True
1375343,Injury,Moderate Injury,2024,2024,November,Monday,08:00 - 09:59,M7 WESTLINK,EXP,70,South,WESTERN EXPRESSWAY,OP,EASTERN CREEK,6009.0,No,Not a school zone,Dual freeway,-33.798835,150.854222,Blacktown,Sydney metro. area,Syd-Newc-Woll Gtr conurbation,Straight,Other bridge,,,Off,Sealed,Dry,Fine,Daylight,Nil,No traffic controls,100 km/h,State,30,Rear end,301,Same - Rear end,,Rear end,Large rigid,4 wheel drive / SUV,3,0,0,1,0,11,November,Spring,Monday,08:00 - 09:59,AM peak / school commute,True,False,True,True
1375344,Injury,Moderate Injury,2024,2024,December,Monday,08:00 - 09:59,PICTON,RD,0,Right on the spot,NUMBER 240,HN,RAZORBACK,612.0,No,Not a school zone,2-way undivided,-34.189684,150.634872,Wollondilly,Country urban,Syd-Newc-Woll Gtr conurbation,Curved,Driveway/entrance,,,Nil,Sealed,Dry,Fine,Daylight,Nil,No traffic controls,80 km/h,State,32,Right rear,303,Same - Rear right,,Rear end,Large rigid,Light truck utility(from 2018),2,0,0,1,0,12,December,Summer,Monday,08:00 - 09:59,AM peak / school commute,True,False,True,True
1375345,Injury,Moderate Injury,2024,2024,November,Wednesday,16:00 - 17:59,MONARO,HWY,1000,North,PODDY HUT,RD,ANDO,19.0,No,Not a school zone,2-way undivided,-36.784684,149.273724,Snowy Monaro Regional,Country non-urban,Rest of NSW - Rural,Curved,Steep grade,,,Nil,Sealed,Wet,Raining,Daylight,Nil,No traffic controls,100 km/h,State,81,Off left/rt bnd=>obj,803,Off right bend into obj,Left,Vehicle - Object,Car (sedan/hatch),,1,0,0,1,0,11,November,Spring,Wednesday,16:00 - 17:59,PM peak / evening commute,True,False,True,True
1375348,Injury,Serious Injury,2024,2024,December,Sunday,08:00 - 09:59,CATTAI RIDGE,RD,250,West,HIDDEN VALLEY,LANE,MARAYLYA,7140.0,No,Not a school zone,2-way undivided,-33.582571,150.941344,The Hills,Sydney metro. area,Syd-Newc-Woll Gtr conurbation,Curved,Steep grade,,"Loose gravel, sealed",Nil,Sealed,Dry,Fine,Daylight,Nil,No traffic controls,70 km/h,Regional,85,Off rt/lft bnd=>obj,804,Off left bend into obj,Right,Vehicle - Object,Motorcycle,,1,0,1,0,0,12,December,Summer,Sunday,08:00 - 09:59,AM peak / school commute,True,False,True,True
1375351,Injury,Moderate Injury,2024,2024,October,Tuesday,08:00 - 09:59,IRON WHARF,PL,20,East,DARLING,DR,SYDNEY,,No,Not a school zone,Divided road,-33.873023,151.19854,Sydney,Sydney metro. area,Syd-Newc-Woll Gtr conurbation,Straight,,,,Off,Sealed,Wet,Fine,Daylight,Nil,No traffic controls,50 km/h,Local,49,Other manoeuvring,400,Manov - other,,Other angle,4 wheel drive / SUV,Pedal cycle,2,0,0,1,0,10,October,Spring,Tuesday,08:00 - 09:59,AM peak / school commute,True,False,True,True
1375352,Injury,Serious Injury,2024,2024,October,Wednesday,06:00 - 07:59,LUXFORD,RD,0,Right on the spot,BELMORE,AVE,MOUNT DRUITT,7161.0,Yes,No,Roundabout,-33.763032,150.813912,Blacktown,Sydney metro. area,Syd-Newc-Woll Gtr conurbation,Curved,,,,Off,Sealed,Dry,Fine,Daylight,Nil,Give way sign,60 km/h,Regional,33,Lane sideswipe,305,Same - Lane side swipe,,Other angle,Motorcycle,Unknown motor vehicle,2,0,1,0,0,10,October,Spring,Wednesday,06:00 - 07:59,AM peak / school commute,True,False,True,True
1375353,Injury,Serious Injury,2024,2024,December,Monday,22:00 - Midnight,HAMPDEN,AVE,20,North,MILL,ST,NORTH WAGGA WAGGA,,No,Not a school zone,Divided road,-35.095079,147.382716,Wagga Wagga,Country urban,Rest of NSW - Urban,Curved,,,"Loose gravel, sealed",On,Sealed,Dry,Fine,Darkness,Nil,No traffic controls,60 km/h,Local,88,Out of cont on bend,805,Out of control on bend,,Rollover,Motorcycle,,1,0,1,0,0,12,December,Summer,Monday,22:00 - Midnight,Evening / night,False,False,True,True
1375354,Injury,Serious Injury,2024,2024,December,Monday,08:00 - 09:59,GREAT WESTERN,HWY,0,Right on the spot,UNDERWOOD,RD,HOMEBUSH,5.0,No,Not a school zone,T-junction,-33.864469,151.083488,Strathfield,Sydney metro. area,Syd-Newc-Woll Gtr conurbation,Straight,Foot/cycle path/nature strip,,,Off,Sealed,Dry,Fine,Daylight,On,No traffic controls,60 km/h,State,21,Right through,202,Opp - Right-thru,,Other angle,Car (sedan/hatch),Light truck utility(from 2018),3,0,1,1,0,12,December,Summer,Monday,08:00 - 09:59,AM peak / school commute,True,False,True,True