crash_id,degree_of_crash,degree_of_crash_-_detailed,reporting_year,year_of_crash,month_of_crash,day_of_week_of_crash,two-hour_intervals,street_of_crash,street_type,distance,direction,identifying_feature,identifying_feature_type,town,route_no.,school_zone_location,school_zone_active,type_of_location,latitude,longitude,lga,urbanisation,conurbation_1,alignment,primary_permanent_feature,primary_temporary_feature,primary_hazardous_feature,street_lighting,road_surface,surface_condition,weather,natural_lighting,signals_operation,other_traffic_control,speed_limit,road_classification_(admin),rum_-_code,rum_-_description,dca_-_code,dca_-_description,dca_supplement,first_impact_type,key_tu_type,other_tu_type,no._of_traffic_units_involved,no._killed,no._seriously_injured,no._moderately_injured,no._minor-other_injured,month_num,month_label,season,day_label,time_label,time_band,is_peak_commute,is_fatal,is_injury,is_casualty
1375355,Injury,Moderate Injury,2024,2024,December,Monday,10:00 - 11:59,LUE,RD,3000,East,ROCKY WATERHOLE,RD,MOUNT KNOWLES,,No,Not a school zone,2-way undivided,-32.602705,149.67343,Mid-Western Regional,Country non-urban,Rest of NSW - Rural,Straight,,,,Nil,Sealed,Dry,Overcast,Daylight,Nil,No traffic controls,100 km/h,Local,71,Off rd left => obj,703,Left off cway into object,,Vehicle - Object,Car (sedan/hatch),,1,0,0,1,0,12,December,Summer,Monday,10:00 - 11:59,Midday / afternoon,False,False,True,True
1375356,Injury,Minor/Other Injury,2024,2024,December,Wednesday,20:00 - 21:59,CIVIC,AVE,0,Right on the spot,PARK,AVE,CAVES BEACH,,Yes,No,T-junction,-33.102705,151.641109,Lake Macquarie,Newcastle met. area,Syd-Newc-Woll Gtr conurbation,Straight,,,,Nil,Sealed,Dry,Fine,Dusk,Nil,Give way sign,50 km/h,Local,11,Right far,102,Adj - Right-thru from left,,Right angle,4 wheel drive / SUV,Car (sedan/hatch),2,0,0,0,1,12,December,Summer,Wednesday,20:00 - 21:59,Evening / night,False,False,True,True
1375358,Injury,Minor/Other Injury,2024,2024,December,Thursday,20:00 - 21:59,EDEN,ST,80,South,BURROWS,ST,ARNCLIFFE,,No,Not a school zone,2-way undivided,-33.937294,151.148309,Bayside,Sydney metro. area,Syd-Newc-Woll Gtr conurbation,Straight,,,,On,Sealed,Dry,Fine,Darkness,Nil,No traffic controls,50 km/h,Local,74,On road-out of cont.,705,Out of control on cway,,Rollover,Motorised push scooters,,1,0,0,0,1,12,December,Summer,Thursday,20:00 - 21:59,Evening / night,False,False,True,True
1375361,Injury,Moderate Injury,2024,2024,December,Wednesday,18:00 - 19:59,DENMAN,RD,5000,West,GOLDEN,HWY,DENMAN,209.0,No,Not a school zone,2-way undivided,-32.341331,150.749394,Muswellbrook,Country non-urban,Rest of NSW - Rural,Straight,,,,Nil,Sealed,Dry,Fine,Darkness,Nil,No traffic controls,100 km/h,State,73,Off rd rght => obj,704,Right off cway into obj,,Vehicle - Object,Car (sedan/hatch),,1,0,0,1,0,12,December,Summer,Wednesday,18:00 - 19:59,PM peak / evening commute,True,False,True,True
1375362,Injury,Serious Injury,2024,2024,December,Tuesday,08:00 - 09:59,PENKIVIL,ST,10,North,BONDI,RD,BONDI,7335.0,No,Not a school zone,T-junction,-33.893422,151.261042,Waverley,Sydney metro. area,Syd-Newc-Woll Gtr conurbation,Straight,,,,Off,Sealed,Dry,Fine,Daylight,On,No traffic controls,50 km/h,Regional,63,Vehicle door,604,On path - Vehicle door,,Other angle,Motorcycle,Car (sedan/hatch),3,0,1,0,0,12,December,Summer,Tuesday,08:00 - 09:59,AM peak / school commute,True,False,True,True
1375365,Injury,Moderate Injury,2024,2024,December,Saturday,02:00 - 03:59,BOURKE,RD,0,Right on the spot,NUMBER 141,HN,UMINA BEACH,,No,Not a school zone,2-way undivided,-33.510752,151.322145,Central Coast,Country urban,Syd-Newc-Woll Gtr conurbation,Straight,,,,On,Sealed,Dry,Fine,Darkness,Nil,No traffic controls,60 km/h,Local,71,Off rd left => obj,703,Left off cway into object,,Other angle,Light truck,4 wheel drive / SUV,2,0,0,1,0,12,December,Summer,Saturday,02:00 - 03:59,Late night / early morning,False,False,True,True
1375367,Injury,Moderate Injury,2024,2024,October,Thursday,10:00 - 11:59,THE GRAND,PDE,0,Right on the spot,RAMSGATE,RD,RAMSGATE BEACH,194.0,No,Not a school zone,T-junction,-33.985807,151.147383,Bayside,Sydney metro. area,Syd-Newc-Woll Gtr conurbation,Straight,,,,Nil,Sealed,Dry,Fine,Daylight,On,No traffic controls,60 km/h,State,21,Right through,202,Opp - Right-thru,,Other angle,Car (sedan/hatch),Light truck utility(from 2018),2,0,0,1,0,10,October,Spring,Thursday,10:00 - 11:59,Midday / afternoon,False,False,True,True
1375368,Injury,Serious Injury,2024,2024,November,Thursday,18:00 - 19:59,SUMMERLAND,WAY,2600,West,WIANGAREE BACK,RD,THE RISK,83.0,No,Not a school zone,2-way undivided,-28.49565,152.94164,Kyogle,Country non-urban,Rest of NSW - Rural,Curved,Embankment/cutting,,Loose gravel shoulder,Nil,Sealed,Dry,Fine,Daylight,Nil,No traffic controls,100 km/h,State,82,Off right/right bend,801,Off cway right bend,Right,Rollover,Car (sedan/hatch),,1,0,1,0,0,11,November,Spring,Thursday,18:00 - 19:59,PM peak / evening commute,True,False,True,True
1375369,Injury,Serious Injury,2024,2024,October,Friday,16:00 - 17:59,VICTORIA,RD,0,Right on the spot,ROBERT,ST,ROZELLE,165.0,No,Not a school zone,T-junction,-33.866956,151.175378,Inner West,Sydney metro. area,Syd-Newc-Woll Gtr conurbation,Curved,Foot/cycle path/nature strip,,,Off,Sealed,Dry,Overcast,Daylight,On,No traffic controls,60 km/h,State,48,From footpath,408,Manov - From footway,,Other angle,Pedal cycle,Car (sedan/hatch),2,0,1,0,0,10,October,Spring,Friday,16:00 - 17:59,PM peak / evening commute,True,False,True,True
1375372,Injury,Minor/Other Injury,2024,2024,October,Wednesday,20:00 - 21:59,GLOSSOP,ST,80,West,DEBRINCAT,AVE,NORTH ST MARYS,7167.0,No,Not a school zone,Divided road,-33.75775,150.780218,Penrith,Sydney metro. area,Syd-Newc-Woll Gtr conurbation,Curved,,,,On,Sealed,Dry,Fine,Darkness,Nil,No traffic controls,60 km/h,Regional,30,Rear end,301,Same - Rear end,,Rear end,Light truck utility(from 2018),Light truck utility(from 2018),2,0,0,0,1,10,October,Spring,Wednesday,20:00 - 21:59,Evening / night,False,False,True,True
1375373,Injury,Serious Injury,2024,2024,November,Friday,14:00 - 15:59,MEGALONG,CRES,0,Right on the spot,RICHMOND,CRES,CAMPBELLTOWN,,No,Not a school zone,T-junction,-34.075309,150.830734,Campbelltown,Sydney metro. area,Syd-Newc-Woll Gtr conurbation,Straight,Steep grade,,,Off,Sealed,Dry,Fine,Daylight,Nil,No traffic controls,50 km/h,Local,13,Right near,104,Adj - Right-thru from right,,Right angle,Pedal cycle,Car (sedan/hatch),2,0,1,0,0,11,November,Spring,Friday,14:00 - 15:59,Midday / afternoon,False,False,True,True
1375374,Injury,Serious Injury,2024,2024,November,Saturday,12:00 - 13:59,RAWSON,ST,0,Right on the spot,DARTBROOK,RD,AUBURN,2069.0,No,Not a school zone,X-intersection,-33.850664,151.035898,Cumberland,Sydney metro. area,Syd-Newc-Woll Gtr conurbation,Straight,,,,Nil,Sealed,Dry,Fine,Daylight,Nil,Stop sign,50 km/h,Regional,21,Right through,202,Opp - Right-thru,,Other angle,Car (sedan/hatch),Motorcycle,2,0,1,0,0,11,November,Spring,Saturday,12:00 - 13:59,Midday / afternoon,False,False,True,True
1375376,Injury,Serious Injury,2024,2024,October,Monday,20:00 - 21:59,SOUTH WESTERN,EXP,10,North,MARSH STREET,TO,ARNCLIFFE,6005.0,No,Not a school zone,Other,-33.9396,151.155042,Bayside,Sydney metro. area,Syd-Newc-Woll Gtr conurbation,Straight,,,,On,Sealed,Dry,Fine,Darkness,Nil,No traffic controls,80 km/h,State,30,Rear end,301,Same - Rear end,,Rear end,Car (sedan/hatch),4 wheel drive / SUV,3,0,1,0,0,10,October,Spring,Monday,20:00 - 21:59,Evening / night,False,False,True,True
1375377,Injury,Moderate Injury,2024,2024,October,Saturday,16:00 - 17:59,BULGAS,RD,0,Right on the spot,NUMBER 174,HN,EMU SWAMP,,No,Not a school zone,2-way undivided,-33.267707,149.149814,Orange,Country non-urban,Rest of NSW - Rural,Straight,Ditch/drain/culvert,,,Nil,Unsealed,Dry,Fine,Daylight,Nil,No traffic controls,100 km/h,Local,73,Off rd rght => obj,704,Right off cway into obj,,Vehicle - Object,Light truck utility(from 2018),,1,0,0,1,0,10,October,Spring,Saturday,16:00 - 17:59,PM peak / evening commute,True,False,True,True
1375382,Injury,Serious Injury,2024,2024,December,Sunday,14:00 - 15:59,NORTH,AVE,30,West,KEENE,ST,CESSNOCK,,No,Not a school zone,Divided road,-32.835363,151.354249,Cessnock,Country urban,Rest of NSW - Urban,Straight,,,,Off,Sealed,Dry,Fine,Daylight,Nil,Ped crossing,40 km/h,Local,48,From footpath,408,Manov - From footway,,Other angle,Pedal cycle,Light truck utility(from 2018),2,0,1,0,0,12,December,Summer,Sunday,14:00 - 15:59,Midday / afternoon,False,False,True,True
1375389,Injury,Serious Injury,2024,2024,September,Thursday,22:00 - Midnight,BRADLEYS HEAD,RD,0,Right on the spot,WHITING BEACH,RD,MOSMAN,2108.0,No,Not a school zone,T-junction,-33.841101,151.243626,Mosman,Sydney metro. area,Syd-Newc-Woll Gtr conurbation,Straight,,,,On,Sealed,Wet,Raining,Darkness,Nil,No traffic controls,50 km/h,Regional,73,Off rd rght => obj,704,Right off cway into obj,,Vehicle - Object,4 wheel drive / SUV,,1,0,1,0,0,9,September,Spring,Thursday,22:00 - Midnight,Evening / night,False,False,True,True
1375392,Injury,Moderate Injury,2024,2024,October,Tuesday,16:00 - 17:59,PARKER,ST,0,Right on the spot,STAFFORD,ST,PENRITH,154.0,No,Not a school zone,X-intersection,-33.762276,150.710286,Penrith,Sydney metro. area,Syd-Newc-Woll Gtr conurbation,Straight,,,,Nil,Sealed,Dry,Fine,Daylight,Nil,Stop sign,70 km/h,State,10,Cross traffic,101,Adj - Cross traffic,,Right angle,Light truck,4 wheel drive / SUV,3,0,0,1,0,10,October,Spring,Tuesday,16:00 - 17:59,PM peak / evening commute,True,False,True,True
1375393,Injury,Serious Injury,2024,2024,December,Monday,12:00 - 13:59,OLD SOUTH HEAD,RD,30,North,DOVER,RD,ROSE BAY,339.0,No,Not a school zone,2-way undivided,-33.873175,151.273738,Waverley,Sydney metro. area,Syd-Newc-Woll Gtr conurbation,Straight,Steep grade,,,Nil,Sealed,Dry,Overcast,Daylight,Nil,No traffic controls,50 km/h,State,30,Rear end,301,Same - Rear end,,Rear end,Car (sedan/hatch),4 wheel drive / SUV,4,0,2,0,0,12,December,Summer,Monday,12:00 - 13:59,Midday / afternoon,False,False,True,True
1375397,Injury,Serious Injury,2024,2024,November,Friday,18:00 - 19:59,SPIT,RD,10,North,MEDUSA,ST,MOSMAN,164.0,No,Not a school zone,T-junction,-33.812895,151.244265,Mosman,Sydney metro. area,Syd-Newc-Woll Gtr conurbation,Curved,Steep grade,,,On,Sealed,Dry,Fine,Dusk,Off,No traffic controls,60 km/h,State,88,Out of cont on bend,805,Out of control on bend,,Rollover,Motor scooter,,1,0,1,0,0,11,November,Spring,Friday,18:00 - 19:59,PM peak / evening commute,True,False,True,True
1375398,Injury,Serious Injury,2024,2024,December,Wednesday,22:00 - Midnight,MARSH,RD,2000,West,NELSON BAY,RD,BOBS FARM,,No,Not a school zone,2-way undivided,-32.769319,151.992478,Port Stephens,Country urban,Rest of NSW - Urban,Straight,,,,On,Sealed,Dry,Fine,Darkness,Nil,No traffic controls,80 km/h,Local,71,Off rd left => obj,703,Left off cway into object,,Vehicle - Object,Car (sedan/hatch),,1,0,1,0,0,12,December,Summer,Wednesday,22:00 - Midnight,Evening / night,False,False,True,True
1375400,Injury,Minor/Other Injury,2024,2024,October,Wednesday,14:00 - 15:59,GREAT WESTERN,HWY,200,West,CUMBERLAND,HWY,WENTWORTHVILLE,5.0,No,Not a school zone,Divided road,-33.813867,150.96244,Cumberland,Sydney metro. area,Syd-Newc-Woll Gtr conurbation,Straight,,,,Nil,Sealed,Dry,Fine,Daylight,Nil,No traffic controls,80 km/h,State,2,Ped far side,3,Ped - Far side,,Vehicle - Pedestrian,Car (sedan/hatch),Pedestrian,3,0,0,0,1,10,October,Spring,Wednesday,14:00 - 15:59,Midday / afternoon,False,False,True,True
1375402,Injury,Serious Injury,2024,2024,December,Thursday,18:00 - 19:59,WINDSOR,RD,35,North,NORWEST,BVD,NORWEST,184.0,No,Not a school zone,Divided road,-33.732034,150.972099,The Hills,Sydney metro. area,Syd-Newc-Woll Gtr conurbation,Straight,,,,Off,Sealed,Dry,Fine,Daylight,Nil,No traffic controls,70 km/h,State,34,Lane change right,306,Same - Lane change right,,Other angle,4 wheel drive / SUV,Motorcycle,2,0,1,0,0,12,December,Summer,Thursday,18:00 - 19:59,PM peak / evening commute,True,False,True,True
1375404,Injury,Serious Injury,2024,2024,October,Friday,08:00 - 09:59,STUART,ST,0,Right on the spot,WILLIAM EDWARD,ST,LONGUEVILLE,,No,Not a school zone,X-intersection,-33.830964,151.165668,Lane Cove,Sydney metro. area,Syd-Newc-Woll Gtr conurbation,Straight,,,,Nil,Sealed,Dry,Fine,Daylight,Nil,Give way sign,50 km/h,Local,10,Cross traffic,101,Adj - Cross traffic,,Right angle,Station wagon,Car (sedan/hatch),2,0,1,0,0,10,October,Spring,Friday,08:00 - 09:59,AM peak / school commute,True,False,True,True
1375406,Injury,Serious Injury,2024,2024,November,Saturday,16:00 - 17:59,HUME,HWY,70,South,JUNCTION,ST,CABRAMATTA,2.0,No,Not a school zone,Divided road,-33.901387,150.94472,Fairfield,Sydney metro. area,Syd-Newc-Woll Gtr conurbation,Straight,,,,Nil,Sealed,Dry,Fine,Daylight,Nil,No traffic controls,70 km/h,State,30,Rear end,301,Same - Rear end,,Rear end,Motorcycle,Passenger van,2,0,1,0,0,11,November,Spring,Saturday,16:00 - 17:59,PM peak / evening commute,True,False,True,True
1375407,Injury,Moderate Injury,2024,2024,October,Saturday,14:00 - 15:59,MIOWERA,RD,100,South,GURNEY,RD,CHESTER HILL,,No,Not a school zone,2-way undivided,-33.873046,150.987628,Canterbury-Bankstown,Sydney metro. area,Syd-Newc-Woll Gtr conurbation,Straight,,,,Nil,Sealed,Dry,Fine,Daylight,Nil,No traffic controls,50 km/h,Local,71,Off rd left => obj,703,Left off cway into object,,Other angle,Car (sedan/hatch),Light truck utility(from 2018),4,0,0,1,0,10,October,Spring,Saturday,14:00 - 15:59,Midday / afternoon,False,False,True,True
1375408,Injury,Moderate Injury,2024,2024,October,Thursday,16:00 - 17:59,POLDING,ST,0,Right on the spot,LIVERPOOL- PARRAMATTA TRANSITWAY,MS,BOSSLEY PARK,,No,Not a school zone,X-intersection,-33.856526,150.897138,Fairfield,Sydney metro. area,Syd-Newc-Woll Gtr conurbation,Straight,,,,Off,Sealed,Dry,Fine,Daylight,On,No traffic controls,60 km/h,Local,10,Cross traffic,101,Adj - Cross traffic,,Right angle,4 wheel drive / SUV,Other bus,2,0,0,1,0,10,October,Spring,Thursday,16:00 - 17:59,PM peak / evening commute,True,False,True,True
1375411,Injury,Serious Injury,2024,2024,November,Friday,10:00 - 11:59,GREAT WESTERN,HWY,20,South,SUTTON,LANE,BLACKHEATH,5.0,No,Not a school zone,2-way undivided,-33.636795,150.285009,Blue Mountains,Country urban,Syd-Newc-Woll Gtr conurbation,Straight,Painted double centre lines,,,Off,Sealed,Wet,Raining,Daylight,Nil,No traffic controls,60 km/h,State,20,Head on,201,Opp - Head on,,Head-on,Motorcycle,Semi-trailer,2,0,1,0,0,11,November,Spring,Friday,10:00 - 11:59,Midday / afternoon,False,False,True,True
1375412,Injury,Serious Injury,2024,2024,December,Monday,06:00 - 07:59,PYRMONT,ST,0,Right on the spot,UNION,ST,PYRMONT,,No,Not a school zone,X-intersection,-33.869614,151.195048,Sydney,Sydney metro. area,Syd-Newc-Woll Gtr conurbation,Straight,Steep grade,,,On,Sealed,Dry,Fine,Daylight,On,No traffic controls,40 km/h,Local,21,Right through,202,Opp - Right-thru,,Other angle,Car (sedan/hatch),Motorcycle,2,0,1,0,0,12,December,Summer,Monday,06:00 - 07:59,AM peak / school commute,True,False,True,True
1375416,Injury,Minor/Other Injury,2024,2024,December,Wednesday,12:00 - 13:59,HUME,HWY,1000,North,NARELLAN ROAD,OP,BLAIRMOUNT,2.0,No,Not a school zone,Dual freeway,-34.057281,150.794562,Campbelltown,Sydney metro. area,Syd-Newc-Woll Gtr conurbation,Straight,,,,On,Sealed,Dry,Fine,Daylight,Nil,No traffic controls,110 km/h,State,91,Object struck veh,610,On path - Load hit vehicle,,Vehicle - Object,Motorcycle,Unknown motor vehicle,3,0,0,0,2,12,December,Summer,Wednesday,12:00 - 13:59,Midday / afternoon,False,False,True,True
1375418,Injury,Moderate Injury,2024,2024,November,Wednesday,18:00 - 19:59,WATTLE,ST,0,Right on the spot,WILLIAM HENRY,ST,ULTIMO,594.0,No,Not a school zone,X-intersection,-33.879053,151.195721,Sydney,Sydney metro. area,Syd-Newc-Woll Gtr conurbation,Straight,,,,Off,Sealed,Dry,Fine,Daylight,On,No traffic controls,50 km/h,State,10,Cross traffic,101,Adj - Cross traffic,,Right angle,Car (sedan/hatch),Car (sedan/hatch),2,0,0,1,0,11,November,Spring,Wednesday,18:00 - 19:59,PM peak / evening commute,True,False,True,True
1375421,Injury,Serious Injury,2024,2024,September,Sunday,00:01 - 01:59,PIONEER,DR,150,West,LAKE ENTRANCE,RD,OAK FLATS,,No,Not a school zone,Divided road,-34.570799,150.821514,Shellharbour,Wollongong met. area,Syd-Newc-Woll Gtr conurbation,Straight,,,,On,Sealed,Dry,Fine,Darkness,Nil,No traffic controls,60 km/h,Local,71,Off rd left => obj,703,Left off cway into object,,Vehicle - Object,4 wheel drive / SUV,,1,0,3,0,0,9,September,Spring,Sunday,00:01 - 01:59,Late night / early morning,False,False,True,True
1375424,Injury,Moderate Injury,2024,2024,November,Friday,06:00 - 07:59,BELGRAVE,ST,0,Right on the spot,WEST,ESP,MANLY,159.0,No,Not a school zone,T-junction,-33.799224,151.284376,Northern Beaches,Sydney metro. area,Syd-Newc-Woll Gtr conurbation,Straight,,,,On,Sealed,Wet,Raining,Dawn,On,No traffic controls,30 km/h,State,0,Ped nearside,1,Ped - Near side,,Vehicle - Pedestrian,4 wheel drive / SUV,Pedestrian,2,0,0,1,0,11,November,Spring,Friday,06:00 - 07:59,AM peak / school commute,True,False,True,True
1375430,Injury,Moderate Injury,2024,2024,November,Monday,04:00 - 05:59,JAMES RUSE,DR,0,Right on the spot,PROSPECT,ST,ROSEHILL,309.0,No,Not a school zone,T-junction,-33.82398,151.021157,Parramatta,Sydney metro. area,Syd-Newc-Woll Gtr conurbation,Straight,,,,On,Sealed,Dry,Fine,Dawn,On,No traffic controls,70 km/h,State,31,Left rear,302,Same - Rear left,,Rear end,Light truck utility(from 2018),Other bus,2,0,0,1,0,11,November,Spring,Monday,04:00 - 05:59,Late night / early morning,False,False,True,True
1375431,Injury,Moderate Injury,2024,2024,November,Friday,14:00 - 15:59,BALGOWLAH,RD,0,Right on the spot,PITT,ST,BALGOWLAH,,No,Not a school zone,T-junction,-33.789982,151.264164,Northern Beaches,Sydney metro. area,Syd-Newc-Woll Gtr conurbation,Straight,Foot/cycle path/nature strip,,,Off,Sealed,Dry,Fine,Daylight,Nil,Give way sign,50 km/h,Local,48,From footpath,408,Manov - From footway,,Other angle,Pedal cycle,4 wheel drive / SUV,2,0,0,1,0,11,November,Spring,Friday,14:00 - 15:59,Midday / afternoon,False,False,True,True
1375436,Injury,Serious Injury,2024,2024,November,Sunday,06:00 - 07:59,GRIFFIN,RD,0,Right on the spot,PITT,RD,NORTH CURL CURL,2102.0,No,Not a school zone,X-intersection,-33.762641,151.295499,Northern Beaches,Sydney metro. area,Syd-Newc-Woll Gtr conurbation,Straight,Steep grade,,,Nil,Sealed,Dry,Overcast,Daylight,On,No traffic controls,50 km/h,Regional,21,Right through,202,Opp - Right-thru,,Other angle,4 wheel drive / SUV,Pedal cycle,2,0,1,0,0,11,November,Spring,Sunday,06:00 - 07:59,AM peak / school commute,True,False,True,True
1375442,Injury,Serious Injury,2024,2024,November,Friday,04:00 - 05:59,MT OUSLEY,RD,1000,North,PICTON ROAD,OP,CATARACT,513.0,No,Not a school zone,Divided road,-34.356498,150.857481,Wollongong,Wollongong met. area,Syd-Newc-Woll Gtr conurbation,Curved,Steep grade,,,Nil,Sealed,Dry,Fog or mist,Darkness,Nil,No traffic controls,100 km/h,State,30,Rear end,301,Same - Rear end,,Rear end,Semi-trailer,Road train,2,0,1,0,0,11,November,Spring,Friday,04:00 - 05:59,Late night / early morning,False,False,True,True
1375444,Injury,Moderate Injury,2024,2024,November,Monday,16:00 - 17:59,THORNCRAFT,PDE,10,South,BEAUMONT,ST,CAMPSIE,,No,Not a school zone,T-junction,-33.918537,151.098701,Canterbury-Bankstown,Sydney metro. area,Syd-Newc-Woll Gtr conurbation,Straight,,,,Nil,Sealed,Dry,Fine,Daylight,Nil,No traffic controls,50 km/h,Local,30,Rear end,301,Same - Rear end,,Rear end,Car (sedan/hatch),Car (sedan/hatch),3,0,0,2,0,11,November,Spring,Monday,16:00 - 17:59,PM peak / evening commute,True,False,True,True
1375445,Injury,Moderate Injury,2024,2024,November,Friday,12:00 - 13:59,BERNERA,RD,0,Right on the spot,YARRAWA,ST,PRESTONS,670.0,No,Not a school zone,Roundabout,-33.934507,150.868827,Liverpool,Sydney metro. area,Syd-Newc-Woll Gtr conurbation,Straight,,,,Off,Sealed,Dry,Fine,Daylight,Nil,Give way sign,60 km/h,State,33,Lane sideswipe,305,Same - Lane side swipe,,Other angle,Large rigid,Car (sedan/hatch),2,0,0,2,0,11,November,Spring,Friday,12:00 - 13:59,Midday / afternoon,False,False,True,True
1375446,Injury,Serious Injury,2024,2024,November,Thursday,20:00 - 21:59,MINMI,RD,0,Right on the spot,WARKWORTH,ST,MARYLAND,,No,Not a school zone,T-junction,-32.883484,151.654168,Newcastle,Newcastle met. area,Syd-Newc-Woll Gtr conurbation,Straight,Steep grade,,,On,Sealed,Wet,Raining,Darkness,Nil,No traffic controls,60 km/h,Local,21,Right through,202,Opp - Right-thru,,Other angle,4 wheel drive / SUV,Motorcycle,2,0,1,0,0,11,November,Spring,Thursday,20:00 - 21:59,Evening / night,False,False,True,True
1375448,Injury,Minor/Other Injury,2024,2024,December,Tuesday,14:00 - 15:59,PACIFIC,HWY,20,South,JOHNSTON,LANE,EWINGSDALE,10.0,No,Not a school zone,Divided road,-28.626372,153.549048,Byron,Country non-urban,Rest of NSW - Rural,Curved,Steep grade,,,Nil,Sealed,Dry,Overcast,Daylight,Nil,No traffic controls,110 km/h,State,81,Off left/rt bnd=>obj,803,Off right bend into obj,Left,Vehicle - Object,B-double (road train prior 98),,1,0,0,0,1,12,December,Summer,Tuesday,14:00 - 15:59,Midday / afternoon,False,False,True,True
1375449,Injury,Serious Injury,2024,2024,October,Wednesday,08:00 - 09:59,MELBOURNE,ST,100,East,DAY,ST,EAST MAITLAND,104.0,No,Not a school zone,2-way undivided,-32.744125,151.586936,Maitland,Country urban,Rest of NSW - Urban,Straight,Underpass/tunnel,,,Off,Sealed,Dry,Fine,Daylight,Nil,No traffic controls,60 km/h,State,30,Rear end,301,Same - Rear end,,Rear end,Motorcycle,Passenger van,2,0,1,0,0,10,October,Spring,Wednesday,08:00 - 09:59,AM peak / school commute,True,False,True,True
1375450,Injury,Serious Injury,2024,2024,November,Tuesday,08:00 - 09:59,BARRIER,HWY,32000,West,WILCANNIA,TN,WILCANNIA,8.0,No,Not a school zone,2-way undivided,-31.599661,143.062084,Central Darling,Country non-urban,Rest of NSW - Rural,Straight,,,,Nil,Sealed,Dry,Fine,Daylight,Nil,No traffic controls,110 km/h,State,67,Struck animal,609,On path - Hit animal,,Vehicle - Animal,4 wheel drive / SUV,,1,0,1,0,0,11,November,Spring,Tuesday,08:00 - 09:59,AM peak / school commute,True,False,True,True
1375452,Injury,Serious Injury,2024,2024,December,Friday,10:00 - 11:59,RIVER,ST,0,Right on the spot,TWEED,ST,BALLINA,695.0,No,Not a school zone,X-intersection,-28.867375,153.552657,Ballina,Country urban,Rest of NSW - Urban,Straight,Foot/cycle path/nature strip,,,Off,Sealed,Dry,Fine,Daylight,Nil,Give way sign,60 km/h,Regional,48,From footpath,408,Manov - From footway,,Other angle,Pedal cycle,Light truck utility(from 2018),2,0,1,0,0,12,December,Summer,Friday,10:00 - 11:59,Midday / afternoon,False,False,True,True
1375453,Injury,Serious Injury,2024,2024,December,Friday,20:00 - 21:59,FLOWERBANK,CL,0,Right on the spot,NUMBER 6,HN,SINGLETON,,No,Not a school zone,1-way street,-32.572548,151.178315,Singleton,Country urban,Rest of NSW - Urban,Straight,,,,On,Sealed,Dry,Fine,Darkness,Nil,No traffic controls,50 km/h,Local,90,Fell in/from vehicle,901,Fell in/from vehicle,,Person - Object,Car (sedan/hatch),,1,0,1,0,0,12,December,Summer,Friday,20:00 - 21:59,Evening / night,False,False,True,True
1375455,Injury,Serious Injury,2024,2024,November,Thursday,20:00 - 21:59,THE BOULEVARDE,MS,0,Right on the spot,CARRINGTON,AVE,STRATHFIELD,668.0,Yes,No,T-junction,-33.876037,151.093546,Strathfield,Sydney metro. area,Syd-Newc-Woll Gtr conurbation,Straight,,,,On,Sealed,Wet,Fine,Darkness,Nil,Give way sign,60 km/h,State,21,Right through,202,Opp - Right-thru,,Other angle,Passenger van,Motorcycle,2,0,1,0,0,11,November,Spring,Thursday,20:00 - 21:59,Evening / night,False,False,True,True
1375459,Injury,Moderate Injury,2024,2024,November,Wednesday,20:00 - 21:59,HUME,HWY,1990,South,MUNRO,RD,MARULAN,2.0,No,Not a school zone,Divided road,-34.743697,149.932057,Goulburn Mulwaree,Country non-urban,Rest of NSW - Rural,Straight,,,,Nil,Sealed,Dry,Fine,Darkness,Nil,No traffic controls,110 km/h,State,33,Lane sideswipe,305,Same - Lane side swipe,,Other angle,Semi-trailer,B-double (road train prior 98),2,0,0,1,0,11,November,Spring,Wednesday,20:00 - 21:59,Evening / night,False,False,True,True
1375464,Injury,Serious Injury,2024,2024,November,Saturday,00:01 - 01:59,GREAT WESTERN,HWY,150,West,CLUNIES ROSS,ST,PROSPECT,5.0,No,Not a school zone,Divided road,-33.804789,150.925946,Blacktown,Sydney metro. area,Syd-Newc-Woll Gtr conurbation,Straight,,,,On,Sealed,Dry,Fine,Darkness,Nil,No traffic controls,80 km/h,State,66,Object on road,607,On path - Hit temp object,,Vehicle - Object,Large rigid,,1,0,1,0,0,11,November,Spring,Saturday,00:01 - 01:59,Late night / early morning,False,False,True,True
1375469,Injury,Moderate Injury,2024,2024,October,Tuesday,08:00 - 09:59,BUNGENDORE,RD,0,Right on the spot,ATKINSON,ST,QUEANBEYAN EAST,51.0,No,Not a school zone,Roundabout,-35.350042,149.240912,Queanbeyan-Palerang Regional,Country urban,Rest of NSW - Urban,Straight,,,,Off,Sealed,Dry,Fine,Daylight,Nil,Give way sign,60 km/h,State,10,Cross traffic,101,Adj - Cross traffic,,Right angle,4 wheel drive / SUV,Large rigid,2,0,0,1,0,10,October,Spring,Tuesday,08:00 - 09:59,AM peak / school commute,True,False,True,True