crash_id,degree_of_crash,degree_of_crash_-_detailed,reporting_year,year_of_crash,month_of_crash,day_of_week_of_crash,two-hour_intervals,street_of_crash,street_type,distance,direction,identifying_feature,identifying_feature_type,town,route_no.,school_zone_location,school_zone_active,type_of_location,latitude,longitude,lga,urbanisation,conurbation_1,alignment,primary_permanent_feature,primary_temporary_feature,primary_hazardous_feature,street_lighting,road_surface,surface_condition,weather,natural_lighting,signals_operation,other_traffic_control,speed_limit,road_classification_(admin),rum_-_code,rum_-_description,dca_-_code,dca_-_description,dca_supplement,first_impact_type,key_tu_type,other_tu_type,no._of_traffic_units_involved,no._killed,no._seriously_injured,no._moderately_injured,no._minor-other_injured,month_num,month_label,season,day_label,time_label,time_band,is_peak_commute,is_fatal,is_injury,is_casualty
1375471,Injury,Serious Injury,2024,2024,November,Wednesday,18:00 - 19:59,CRAIGEND,ST,50,East,VICTORIA,ST,DARLINGHURST,,No,Not a school zone,1-way street,-33.87613,151.222424,Sydney,Sydney metro. area,Syd-Newc-Woll Gtr conurbation,Curved,,,,Off,Sealed,Wet,Fine,Daylight,Nil,No traffic controls,50 km/h,Local,43,Entering parking,402,Manov - Entering parking veh,,Other angle,Car (sedan/hatch),Car (sedan/hatch),2,0,1,0,0,11,November,Spring,Wednesday,18:00 - 19:59,PM peak / evening commute,True,False,True,True
1375472,Injury,Serious Injury,2024,2024,December,Tuesday,12:00 - 13:59,WENTWORTH,AVE,250,East,SOUTHERN CROSS DRIVE,OP,EASTLAKES,344.0,No,Not a school zone,Divided road,-33.936786,151.209939,Bayside,Sydney metro. area,Syd-Newc-Woll Gtr conurbation,Straight,,,,Off,Sealed,Dry,Fine,Daylight,Nil,No traffic controls,70 km/h,State,71,Off rd left => obj,703,Left off cway into object,,Other angle,Motor scooter,Car (sedan/hatch),2,0,1,0,0,12,December,Summer,Tuesday,12:00 - 13:59,Midday / afternoon,False,False,True,True
1375473,Injury,Serious Injury,2024,2024,November,Wednesday,12:00 - 13:59,DUNOON,RD,500,North,THE CHANNON,RD,DUNOON,306.0,No,Not a school zone,2-way undivided,-28.697772,153.306943,Lismore,Country urban,Rest of NSW - Urban,Curved,Steep grade,,,Nil,Sealed,Dry,Fine,Daylight,Nil,No traffic controls,80 km/h,Regional,88,Out of cont on bend,805,Out of control on bend,,Rollover,Motorcycle,,1,0,1,0,0,11,November,Spring,Wednesday,12:00 - 13:59,Midday / afternoon,False,False,True,True
1375474,Injury,Moderate Injury,2024,2024,December,Sunday,00:01 - 01:59,MINMI,RD,150,North,BUNNING WAREHOUSE,ENT,WALLSEND,,No,Not a school zone,2-way undivided,-32.895103,151.673413,Newcastle,Newcastle met. area,Syd-Newc-Woll Gtr conurbation,Straight,,,,On,Sealed,Dry,Fine,Darkness,Nil,No traffic controls,60 km/h,Local,20,Head on,201,Opp - Head on,,Head-on,Light truck,Motorcycle,2,0,0,1,0,12,December,Summer,Sunday,00:01 - 01:59,Late night / early morning,False,False,True,True
1375476,Injury,Minor/Other Injury,2024,2024,December,Wednesday,20:00 - 21:59,AIRDS,RD,55,North,BEN LOMOND,RD,MINTO,,No,Not a school zone,2-way undivided,-34.026465,150.839407,Campbelltown,Sydney metro. area,Syd-Newc-Woll Gtr conurbation,Straight,Driveway/entrance,,,On,Sealed,Dry,Fine,Darkness,Nil,No traffic controls,60 km/h,Local,21,Right through,202,Opp - Right-thru,,Other angle,Car (sedan/hatch),4 wheel drive / SUV,3,0,0,0,1,12,December,Summer,Wednesday,20:00 - 21:59,Evening / night,False,False,True,True
1375477,Injury,Moderate Injury,2024,2024,November,Thursday,14:00 - 15:59,WALLARAH,RD,0,Right on the spot,HILL,ST,GOROKAN,509.0,No,Not a school zone,T-junction,-33.259824,151.515702,Central Coast,Country urban,Syd-Newc-Woll Gtr conurbation,Straight,,,,Nil,Sealed,Dry,Fine,Daylight,Nil,No traffic controls,50 km/h,State,71,Off rd left => obj,703,Left off cway into object,,Vehicle - Object,Light truck utility(from 2018),,1,0,0,1,0,11,November,Spring,Thursday,14:00 - 15:59,Midday / afternoon,False,False,True,True
1375479,Injury,Serious Injury,2024,2024,December,Saturday,16:00 - 17:59,MORWICK,ST,0,Right on the spot,PARNELL,ST,STRATHFIELD,2027.0,No,Not a school zone,T-junction,-33.8752,151.097486,Burwood,Sydney metro. area,Syd-Newc-Woll Gtr conurbation,Curved,Steep grade,,,Unknown / not stated,Sealed,Unknown,Unknown,Daylight,Nil,No traffic controls,50 km/h,Regional,31,Left rear,302,Same - Rear left,,Rear end,Car (sedan/hatch),Pedal cycle,2,0,1,0,0,12,December,Summer,Saturday,16:00 - 17:59,PM peak / evening commute,True,False,True,True
1375481,Injury,Serious Injury,2024,2024,December,Sunday,20:00 - 21:59,HUME,ST,0,Right on the spot,SOWERBY,ST,GOULBURN,676.0,No,Not a school zone,T-junction,-34.772854,149.690586,Goulburn Mulwaree,Country urban,Rest of NSW - Urban,Straight,,,,On,Sealed,Dry,Fine,Darkness,Nil,Give way sign,60 km/h,State,40,U turn,207,Opp - U-turn,,Other angle,Car (sedan/hatch),Motorcycle,2,0,1,0,1,12,December,Summer,Sunday,20:00 - 21:59,Evening / night,False,False,True,True
1375489,Injury,Minor/Other Injury,2024,2024,November,Wednesday,12:00 - 13:59,REGENT,ST,0,Right on the spot,MARIAN,ST,REDFERN,170.0,No,Not a school zone,T-junction,-33.893129,151.200101,Sydney,Sydney metro. area,Syd-Newc-Woll Gtr conurbation,Straight,Steep grade,,,Off,Sealed,Dry,Fine,Daylight,On,No traffic controls,50 km/h,State,2,Ped far side,3,Ped - Far side,,Vehicle - Pedestrian,4 wheel drive / SUV,Pedestrian,2,0,0,0,1,11,November,Spring,Wednesday,12:00 - 13:59,Midday / afternoon,False,False,True,True
1375490,Injury,Serious Injury,2024,2024,November,Friday,14:00 - 15:59,NEW ENGLAND,HWY,500,West,MIRAGE,RD,RUTHERFORD,9.0,No,Not a school zone,2-way undivided,-32.706352,151.492224,Maitland,Country urban,Rest of NSW - Urban,Straight,Painted double centre lines,,,Nil,Sealed,Dry,Fine,Daylight,Nil,No traffic controls,80 km/h,State,20,Head on,201,Opp - Head on,,Head-on,Car (sedan/hatch),Light truck utility(from 2018),2,0,1,0,1,11,November,Spring,Friday,14:00 - 15:59,Midday / afternoon,False,False,True,True
1375497,Injury,Minor/Other Injury,2024,2024,November,Thursday,18:00 - 19:59,JAMES,ST,0,Right on the spot,KALEEN,ST,CHARLESTOWN,,No,Not a school zone,T-junction,-32.969557,151.699905,Lake Macquarie,Newcastle met. area,Syd-Newc-Woll Gtr conurbation,Straight,Crest,,,Off,Sealed,Dry,Overcast,Dusk,Nil,No traffic controls,50 km/h,Local,81,Off left/rt bnd=>obj,707,Right turn,Left,Vehicle - Object,4 wheel drive / SUV,,1,0,0,0,1,11,November,Spring,Thursday,18:00 - 19:59,PM peak / evening commute,True,False,True,True
1375501,Injury,Minor/Other Injury,2024,2024,December,Wednesday,20:00 - 21:59,ARDEN,ST,0,Right on the spot,BAGLIN,ST,WAVERLEY,7340.0,Yes,No,T-junction,-33.906487,151.25985,Waverley,Sydney metro. area,Syd-Newc-Woll Gtr conurbation,Curved,,,,On,Sealed,Dry,Fine,Darkness,Nil,No traffic controls,50 km/h,Regional,81,Off left/rt bnd=>obj,803,Off right bend into obj,Left,Vehicle - Object,Motor scooter,,1,0,0,0,1,12,December,Summer,Wednesday,20:00 - 21:59,Evening / night,False,False,True,True
1375503,Injury,Moderate Injury,2024,2024,November,Monday,14:00 - 15:59,ADA,ST,0,Right on the spot,BANCKS,AVE,CARDIFF SOUTH,,No,Not a school zone,T-junction,-32.951633,151.660181,Lake Macquarie,Newcastle met. area,Syd-Newc-Woll Gtr conurbation,Curved,,,"Loose gravel, sealed",Nil,Sealed,Dry,Fine,Daylight,Nil,No traffic controls,50 km/h,Local,88,Out of cont on bend,805,Out of control on bend,,Rollover,Motorcycle,,1,0,0,1,0,11,November,Spring,Monday,14:00 - 15:59,Midday / afternoon,False,False,True,True
1375505,Injury,Minor/Other Injury,2024,2024,December,Monday,08:00 - 09:59,SOUTH WESTERN,EXP,2000,West,THE RIVER ROAD,OP,MILPERRA,6005.0,No,Not a school zone,Dual freeway,-33.9434,150.998079,Canterbury-Bankstown,Sydney metro. area,Syd-Newc-Woll Gtr conurbation,Curved,,,,Nil,Sealed,Dry,Fine,Daylight,Nil,No traffic controls,100 km/h,State,30,Rear end,301,Same - Rear end,,Rear end,Light truck utility(from 2018),Car (sedan/hatch),3,0,0,0,1,12,December,Summer,Monday,08:00 - 09:59,AM peak / school commute,True,False,True,True
1375507,Injury,Minor/Other Injury,2024,2024,November,Saturday,16:00 - 17:59,LUE,RD,0,Right on the spot,NUMBER 2666,HN,LUE,,No,Not a school zone,2-way undivided,-32.647785,149.833648,Mid-Western Regional,Country urban,Rest of NSW - Urban,Straight,Crest,,,Off,Sealed,Dry,Fine,Daylight,Nil,No traffic controls,80 km/h,Local,71,Off rd left => obj,703,Left off cway into object,,Vehicle - Object,4 wheel drive / SUV,,1,0,0,0,1,11,November,Spring,Saturday,16:00 - 17:59,PM peak / evening commute,True,False,True,True
1375511,Injury,Serious Injury,2024,2024,November,Saturday,10:00 - 11:59,APPIN,RD,0,Right on the spot,WOODLAND,RD,AMBARVALE,177.0,No,Not a school zone,T-junction,-34.094737,150.804682,Campbelltown,Sydney metro. area,Syd-Newc-Woll Gtr conurbation,Straight,Steep grade,,,Off,Sealed,Dry,Fine,Daylight,On,No traffic controls,80 km/h,State,11,Right far,102,Adj - Right-thru from left,,Right angle,4 wheel drive / SUV,4 wheel drive / SUV,3,0,1,2,0,11,November,Spring,Saturday,10:00 - 11:59,Midday / afternoon,False,False,True,True
1375514,Injury,Serious Injury,2024,2024,December,Monday,06:00 - 07:59,SOUTH DOWLING,ST,0,Right on the spot,O'DEA,AVE,ZETLAND,593.0,No,Not a school zone,X-intersection,-33.903911,151.214125,Sydney,Sydney metro. area,Syd-Newc-Woll Gtr conurbation,Straight,,,,Off,Sealed,Dry,Fine,Daylight,On,No traffic controls,60 km/h,State,71,Off rd left => obj,703,Left off cway into object,,Vehicle - Object,4 wheel drive / SUV,,1,0,1,0,0,12,December,Summer,Monday,06:00 - 07:59,AM peak / school commute,True,False,True,True
1375515,Injury,Serious Injury,2024,2024,December,Sunday,10:00 - 11:59,STIRLING,BVD,0,Right on the spot,NUMBER 30,HN,TATTON,,No,Not a school zone,2-way undivided,-35.161729,147.359789,Wagga Wagga,Country urban,Rest of NSW - Urban,Straight,,,,Off,Sealed,Dry,Fine,Daylight,Nil,No traffic controls,50 km/h,Local,71,Off rd left => obj,703,Left off cway into object,,Vehicle - Object,4 wheel drive / SUV,,1,0,1,0,0,12,December,Summer,Sunday,10:00 - 11:59,Midday / afternoon,False,False,True,True
1375517,Injury,Minor/Other Injury,2024,2024,July,Saturday,10:00 - 11:59,PRINCES,HWY,0,Right on the spot,LISTER,AVE,ROCKDALE,1.0,No,Not a school zone,T-junction,-33.955226,151.137703,Bayside,Sydney metro. area,Syd-Newc-Woll Gtr conurbation,Straight,,,,Off,Sealed,Dry,Fine,Daylight,On,No traffic controls,60 km/h,State,21,Right through,202,Opp - Right-thru,,Other angle,Car (sedan/hatch),Pedal cycle,2,0,0,0,1,7,July,Winter,Saturday,10:00 - 11:59,Midday / afternoon,False,False,True,True
1375518,Injury,Moderate Injury,2024,2024,December,Wednesday,10:00 - 11:59,BOUNDARY,ST,0,Right on the spot,LITTLE HILL,ST,TWEED HEADS,,No,Not a school zone,T-junction,-28.166375,153.547874,Tweed,Country urban,Rest of NSW - Urban,Straight,Steep grade,,,Off,Sealed,Dry,Fine,Daylight,Nil,No entry/wrong way,50 km/h,Local,39,Other same direction,300,Same - other,,Other angle,4 wheel drive / SUV,Pedal cycle,2,0,0,1,0,12,December,Summer,Wednesday,10:00 - 11:59,Midday / afternoon,False,False,True,True
1375522,Injury,Serious Injury,2024,2024,October,Thursday,02:00 - 03:59,NEWCASTLE,EXP,300,South,HUNTER EXPRESSWAY,TO,CAMERON PARK,6003.0,No,Not a school zone,Other,-32.89336,151.593985,Lake Macquarie,Newcastle met. area,Syd-Newc-Woll Gtr conurbation,Curved,,,,Nil,Sealed,Dry,Fine,Darkness,Nil,No traffic controls,110 km/h,State,66,Object on road,607,On path - Hit temp object,,Vehicle - Object,4 wheel drive / SUV,,1,0,2,1,0,10,October,Spring,Thursday,02:00 - 03:59,Late night / early morning,False,False,True,True
1375536,Injury,Serious Injury,2024,2024,November,Monday,22:00 - Midnight,VICTORIA,RD,0,Right on the spot,JAMES RUSE DRIVE,TO,PARRAMATTA,165.0,No,Not a school zone,Divided road,-33.809175,151.026351,Parramatta,Sydney metro. area,Syd-Newc-Woll Gtr conurbation,Straight,,,,On,Sealed,Dry,Fine,Darkness,Nil,No traffic controls,60 km/h,State,35,Lane change left,307,Same - Lane change left,,Other angle,Station wagon,Motor scooter,2,0,1,0,0,11,November,Spring,Monday,22:00 - Midnight,Evening / night,False,False,True,True
1375540,Injury,Minor/Other Injury,2024,2024,December,Tuesday,16:00 - 17:59,WATERFALL,WAY,0,Right on the spot,NUMBER 7725,HN,HERNANI,76.0,No,Not a school zone,2-way undivided,-30.344772,152.425926,Clarence Valley,Country non-urban,Rest of NSW - Rural,Curved,Embankment/cutting,,,Nil,Sealed,Dry,Fine,Daylight,Nil,No traffic controls,100 km/h,State,81,Off left/rt bnd=>obj,803,Off right bend into obj,Left,Vehicle - Object,Light truck utility(from 2018),,1,0,0,0,1,12,December,Summer,Tuesday,16:00 - 17:59,PM peak / evening commute,True,False,True,True
1375541,Injury,Moderate Injury,2024,2024,December,Saturday,12:00 - 13:59,SOUTH WESTERN,EXP,500,West,MOORBANK AVE,TO,LIVERPOOL,6005.0,No,Not a school zone,Dual freeway,-33.93855,150.915781,Liverpool,Sydney metro. area,Syd-Newc-Woll Gtr conurbation,Straight,,,,Nil,Sealed,Dry,Fine,Daylight,Nil,No traffic controls,100 km/h,State,30,Rear end,301,Same - Rear end,,Rear end,Light truck utility(from 2018),Car (sedan/hatch),3,0,0,2,0,12,December,Summer,Saturday,12:00 - 13:59,Midday / afternoon,False,False,True,True
1375542,Injury,Moderate Injury,2024,2024,September,Sunday,12:00 - 13:59,HUME,HWY,100,North,EAGLES,LANE,MARULAN,2.0,No,Not a school zone,Divided road,-34.687473,150.043996,Goulburn Mulwaree,Country non-urban,Rest of NSW - Rural,Straight,,,,Nil,Sealed,Dry,Fine,Daylight,Nil,No traffic controls,110 km/h,State,73,Off rd rght => obj,704,Right off cway into obj,,Vehicle - Object,Car (sedan/hatch),,1,0,0,1,0,9,September,Spring,Sunday,12:00 - 13:59,Midday / afternoon,False,False,True,True
1375543,Injury,Moderate Injury,2024,2024,December,Thursday,06:00 - 07:59,BOURKE,RD,0,Right on the spot,COWARD,ST,MASCOT,659.0,No,Not a school zone,X-intersection,-33.924339,151.187176,Bayside,Sydney metro. area,Syd-Newc-Woll Gtr conurbation,Straight,,,,Off,Sealed,Dry,Fine,Daylight,On,No traffic controls,50 km/h,State,63,Vehicle door,604,On path - Vehicle door,,Other angle,Pedal cycle,Car (sedan/hatch),2,0,0,1,0,12,December,Summer,Thursday,06:00 - 07:59,AM peak / school commute,True,False,True,True
1375545,Injury,Moderate Injury,2024,2024,November,Friday,14:00 - 15:59,KABLE,AVE,10,South,OXLEY,HWY,TAMWORTH,11.0,No,Not a school zone,X-intersection,-31.090949,150.928335,Tamworth Regional,Country urban,Rest of NSW - Urban,Straight,,,,Nil,Sealed,Dry,Fine,Daylight,Unknown / not stated,No traffic controls,50 km/h,State,30,Rear end,301,Same - Rear end,,Rear end,4 wheel drive / SUV,4 wheel drive / SUV,2,0,0,2,0,11,November,Spring,Friday,14:00 - 15:59,Midday / afternoon,False,False,True,True
1375546,Injury,Serious Injury,2024,2024,October,Monday,14:00 - 15:59,SPIT,RD,10,South,OURIMBAH,RD,MOSMAN,164.0,No,Not a school zone,T-junction,-33.823404,151.242654,Mosman,Sydney metro. area,Syd-Newc-Woll Gtr conurbation,Straight,Bus/transit lane,,,Off,Sealed,Wet,Raining,Daylight,On,Ped crossing,60 km/h,State,2,Ped far side,3,Ped - Far side,,Vehicle - Pedestrian,Passenger van,Pedestrian,3,0,1,0,0,10,October,Spring,Monday,14:00 - 15:59,Midday / afternoon,False,False,True,True
1375547,Injury,Serious Injury,2024,2024,November,Thursday,12:00 - 13:59,PRINCES,HWY,0,Right on the spot,QUINNS,LANE,SOUTH NOWRA,1.0,No,Not a school zone,Roundabout,-34.908496,150.602916,Shoalhaven,Country urban,Rest of NSW - Urban,Straight,,,,Off,Sealed,Dry,Overcast,Daylight,Nil,Give way sign,70 km/h,State,74,On road-out of cont.,705,Out of control on cway,,Rollover,Motorcycle,,1,0,1,0,0,11,November,Spring,Thursday,12:00 - 13:59,Midday / afternoon,False,False,True,True
1375550,Injury,Serious Injury,2024,2024,December,Tuesday,16:00 - 17:59,GLEN,ST,0,Right on the spot,SHAFTSBURY,RD,EASTWOOD,,No,Not a school zone,T-junction,-33.790881,151.076628,Ryde,Sydney metro. area,Syd-Newc-Woll Gtr conurbation,Straight,Pedestrian refuge,,,Off,Sealed,Dry,Fine,Daylight,Nil,No traffic controls,50 km/h,Local,2,Ped far side,3,Ped - Far side,,Vehicle - Pedestrian,Car (sedan/hatch),Pedestrian,2,0,1,0,0,12,December,Summer,Tuesday,16:00 - 17:59,PM peak / evening commute,True,False,True,True
1375551,Injury,Moderate Injury,2024,2024,December,Thursday,08:00 - 09:59,FARM,ST,0,Right on the spot,JUGIONG,ST,BOOROWA,,No,Not a school zone,X-intersection,-34.441635,148.723854,Hilltops,Country urban,Rest of NSW - Urban,Straight,,,,Off,Sealed,Dry,Fine,Daylight,Nil,Give way sign,50 km/h,Local,10,Cross traffic,101,Adj - Cross traffic,,Right angle,Light truck utility(from 2018),Other bus,2,0,0,1,0,12,December,Summer,Thursday,08:00 - 09:59,AM peak / school commute,True,False,True,True
1375552,Injury,Minor/Other Injury,2024,2024,November,Wednesday,12:00 - 13:59,FLINDERS,ST,0,Right on the spot,SOUTH DOWLING,ST,SURRY HILLS,171.0,No,Not a school zone,X-intersection,-33.885041,151.218198,Sydney,Sydney metro. area,Syd-Newc-Woll Gtr conurbation,Straight,,,,Off,Sealed,Dry,Fine,Daylight,On,No traffic controls,60 km/h,State,2,Ped far side,3,Ped - Far side,,Vehicle - Pedestrian,Car (sedan/hatch),Pedestrian,2,0,0,0,1,11,November,Spring,Wednesday,12:00 - 13:59,Midday / afternoon,False,False,True,True
1375554,Injury,Moderate Injury,2024,2024,November,Saturday,18:00 - 19:59,SACKVILLE,ST,0,Right on the spot,METRO PETROLEUM,ENT,FAIRFIELD,7221.0,No,Not a school zone,2-way undivided,-33.8726,150.945677,Fairfield,Sydney metro. area,Syd-Newc-Woll Gtr conurbation,Straight,Driveway/entrance,,,On,Sealed,Dry,Fine,Dusk,Nil,No traffic controls,60 km/h,Regional,47,Emerging from drive,406,Manov - Emerging from driveway,,Right angle,Car (sedan/hatch),Car (sedan/hatch),2,0,0,1,0,11,November,Spring,Saturday,18:00 - 19:59,PM peak / evening commute,True,False,True,True
1375556,Injury,Moderate Injury,2024,2024,November,Wednesday,08:00 - 09:59,VICTORIA,RD,0,Right on the spot,SUNNYSIDE,ST,GLADESVILLE,165.0,No,Not a school zone,T-junction,-33.836638,151.129473,Hunters Hill,Sydney metro. area,Syd-Newc-Woll Gtr conurbation,Straight,Bus/transit lane,,,Off,Sealed,Dry,Fine,Daylight,Nil,No traffic controls,60 km/h,State,35,Lane change left,307,Same - Lane change left,,Other angle,Car (sedan/hatch),Motorcycle,2,0,0,1,0,11,November,Spring,Wednesday,08:00 - 09:59,AM peak / school commute,True,False,True,True
1375557,Injury,Serious Injury,2024,2024,December,Thursday,18:00 - 19:59,GEORGES RIVER,RD,10,East,STANLEY,ST,CROYDON PARK,549.0,No,Not a school zone,T-junction,-33.897915,151.097857,Burwood,Sydney metro. area,Syd-Newc-Woll Gtr conurbation,Straight,,,,Off,Sealed,Dry,Fine,Daylight,Nil,No traffic controls,60 km/h,State,34,Lane change right,306,Same - Lane change right,,Other angle,4 wheel drive / SUV,Car (sedan/hatch),3,0,1,0,0,12,December,Summer,Thursday,18:00 - 19:59,PM peak / evening commute,True,False,True,True
1375558,Injury,Serious Injury,2024,2024,October,Tuesday,20:00 - 21:59,PRINCES,HWY,0,Right on the spot,BELLEVUE,ST,TEMPE,1.0,No,Not a school zone,T-junction,-33.920528,151.167657,Inner West,Sydney metro. area,Syd-Newc-Woll Gtr conurbation,Straight,,,,On,Sealed,Dry,Fine,Darkness,On,No traffic controls,60 km/h,State,74,On road-out of cont.,705,Out of control on cway,,Rollover,Motor scooter,,1,0,1,0,0,10,October,Spring,Tuesday,20:00 - 21:59,Evening / night,False,False,True,True
1375561,Injury,Serious Injury,2024,2024,November,Monday,06:00 - 07:59,GREGORY HILLS,DR,0,Right on the spot,VILLAGE,CCT,GREGORY HILLS,,No,Not a school zone,X-intersection,-34.025393,150.776384,Camden,Sydney metro. area,Syd-Newc-Woll Gtr conurbation,Straight,,,,Off,Sealed,Dry,Fine,Daylight,On,Ped crossing,60 km/h,Local,0,Ped nearside,1,Ped - Near side,,Vehicle - Pedestrian,Car (sedan/hatch),Pedestrian,2,0,1,0,0,11,November,Spring,Monday,06:00 - 07:59,AM peak / school commute,True,False,True,True
1375571,Injury,Serious Injury,2024,2024,October,Monday,16:00 - 17:59,WEST DAPTO,RD,950,West,REDDALLS,RD,KEMBLA GRANGE,,No,Not a school zone,2-way undivided,-34.469203,150.796234,Wollongong,Wollongong met. area,Syd-Newc-Woll Gtr conurbation,Curved,,,,Nil,Sealed,Dry,Fine,Daylight,Nil,Stop sign,80 km/h,Local,88,Out of cont on bend,805,Out of control on bend,,Rollover,Motorcycle,,1,0,1,0,0,10,October,Spring,Monday,16:00 - 17:59,PM peak / evening commute,True,False,True,True
1375573,Injury,Serious Injury,2024,2024,November,Saturday,10:00 - 11:59,RAWSON,ST,0,Right on the spot,NUMBER 108,HN,ABERDARE,,No,Not a school zone,2-way undivided,-32.842468,151.375604,Cessnock,Country urban,Rest of NSW - Urban,Straight,Driveway/entrance,,Loose gravel shoulder,Nil,Sealed,Dry,Fine,Daylight,Nil,No traffic controls,50 km/h,Local,21,Right through,202,Opp - Right-thru,,Other angle,Light truck utility(from 2018),Motorcycle,2,0,1,0,1,11,November,Spring,Saturday,10:00 - 11:59,Midday / afternoon,False,False,True,True
1375575,Injury,Serious Injury,2024,2024,November,Tuesday,18:00 - 19:59,SHALLOWS,DR,0,Right on the spot,THE FARM,WAY,SHELL COVE,,No,Not a school zone,T-junction,-34.593083,150.867591,Shellharbour,Wollongong met. area,Syd-Newc-Woll Gtr conurbation,Straight,,,,Off,Sealed,Dry,Fine,Daylight,Nil,No traffic controls,40 km/h,Local,13,Right near,104,Adj - Right-thru from right,,Right angle,Car (sedan/hatch),Motorised push scooters,2,0,1,0,0,11,November,Spring,Tuesday,18:00 - 19:59,PM peak / evening commute,True,False,True,True
1375581,Injury,Serious Injury,2024,2024,December,Wednesday,12:00 - 13:59,DEVLIN,ST,20,North,BLAXLAND,LANE,RYDE,200.0,No,Not a school zone,Divided road,-33.8132,151.104683,Ryde,Sydney metro. area,Syd-Newc-Woll Gtr conurbation,Straight,,,,Off,Sealed,Dry,Fine,Daylight,Nil,No traffic controls,60 km/h,State,0,Ped nearside,1,Ped - Near side,,Vehicle - Pedestrian,4 wheel drive / SUV,Pedestrian,2,0,1,0,0,12,December,Summer,Wednesday,12:00 - 13:59,Midday / afternoon,False,False,True,True
1375583,Injury,Serious Injury,2024,2024,November,Tuesday,08:00 - 09:59,HUME,HWY,0,Right on the spot,PARKERS FARM,PL,CASULA,2.0,No,Not a school zone,T-junction,-33.960887,150.883252,Liverpool,Sydney metro. area,Syd-Newc-Woll Gtr conurbation,Straight,,,,Off,Sealed,Dry,Fine,Daylight,Nil,Give way sign,70 km/h,State,71,Off rd left => obj,703,Left off cway into object,,Vehicle - Object,Car (sedan/hatch),,1,0,1,0,0,11,November,Spring,Tuesday,08:00 - 09:59,AM peak / school commute,True,False,True,True
1375584,Injury,Minor/Other Injury,2024,2024,November,Thursday,12:00 - 13:59,FEDERAL,HWY,100,North,BADCOE VC REST AREA,OT,LAKE GEORGE,3.0,No,Not a school zone,Divided road,-35.034786,149.377156,Yass Valley,Country non-urban,Rest of NSW - Rural,Straight,,,,Off,Sealed,Dry,Fine,Daylight,Nil,No traffic controls,110 km/h,State,70,Off road to left,701,Off carriageway to left,,Rollover,Motorcycle,,1,0,0,0,1,11,November,Spring,Thursday,12:00 - 13:59,Midday / afternoon,False,False,True,True
1375585,Injury,Serious Injury,2024,2024,November,Tuesday,18:00 - 19:59,BOX,RD,0,Right on the spot,DAVEY,ST,JANNALI,,No,Not a school zone,T-junction,-34.017002,151.070848,Sutherland,Sydney metro. area,Syd-Newc-Woll Gtr conurbation,Straight,,,,Off,Sealed,Dry,Fine,Daylight,Nil,No traffic controls,50 km/h,Local,10,Cross traffic,101,Adj - Cross traffic,,Right angle,Pedal cycle,4 wheel drive / SUV,2,0,2,0,0,11,November,Spring,Tuesday,18:00 - 19:59,PM peak / evening commute,True,False,True,True
1375588,Injury,Moderate Injury,2024,2024,November,Saturday,06:00 - 07:59,SHAW,ST,0,Right on the spot,STAPLES,ST,KINGSGROVE,,No,Not a school zone,X-intersection,-33.939047,151.107238,Bayside,Sydney metro. area,Syd-Newc-Woll Gtr conurbation,Straight,,,,Off,Sealed,Dry,Fine,Daylight,Nil,Give way sign,50 km/h,Local,11,Right far,102,Adj - Right-thru from left,,Right angle,Pedal cycle,Light truck utility(from 2018),2,0,0,1,0,11,November,Spring,Saturday,06:00 - 07:59,AM peak / school commute,True,False,True,True
1375589,Injury,Serious Injury,2024,2024,October,Wednesday,08:00 - 09:59,GREAT WESTERN,HWY,100,West,CUMBERLAND,HWY,WENTWORTHVILLE,5.0,No,Not a school zone,Divided road,-33.814121,150.963478,Cumberland,Sydney metro. area,Syd-Newc-Woll Gtr conurbation,Straight,,,,Off,Sealed,Dry,Fine,Daylight,Nil,No traffic controls,80 km/h,State,34,Lane change right,306,Same - Lane change right,,Other angle,4 wheel drive / SUV,4 wheel drive / SUV,3,0,1,0,0,10,October,Spring,Wednesday,08:00 - 09:59,AM peak / school commute,True,False,True,True
1375591,Injury,Moderate Injury,2024,2024,December,Thursday,12:00 - 13:59,DARCY,RD,20,West,MONS,RD,WESTMEAD,7481.0,Yes,No,Divided road,-33.80336,150.98366,Parramatta,Sydney metro. area,Syd-Newc-Woll Gtr conurbation,Straight,,,,Nil,Sealed,Dry,Fine,Daylight,Nil,No traffic controls,40 km/h,Regional,30,Rear end,301,Same - Rear end,,Rear end,4 wheel drive / SUV,Car (sedan/hatch),4,0,0,1,1,12,December,Summer,Thursday,12:00 - 13:59,Midday / afternoon,False,False,True,True
1375592,Injury,Minor/Other Injury,2024,2024,December,Saturday,00:01 - 01:59,SCOTT,ST,40,East,CADELL,ST,TOOLEYBUC,,No,Not a school zone,2-way undivided,-35.029997,143.338377,Murray River,Country urban,Rest of NSW - Urban,Straight,,,,Nil,Sealed,Dry,Fine,Darkness,Nil,No traffic controls,50 km/h,Local,73,Off rd rght => obj,704,Right off cway into obj,,Vehicle - Object,Car (sedan/hatch),,1,0,0,0,1,12,December,Summer,Saturday,00:01 - 01:59,Late night / early morning,False,False,True,True