crash_id,degree_of_crash,degree_of_crash_-_detailed,reporting_year,year_of_crash,month_of_crash,day_of_week_of_crash,two-hour_intervals,street_of_crash,street_type,distance,direction,identifying_feature,identifying_feature_type,town,route_no.,school_zone_location,school_zone_active,type_of_location,latitude,longitude,lga,urbanisation,conurbation_1,alignment,primary_permanent_feature,primary_temporary_feature,primary_hazardous_feature,street_lighting,road_surface,surface_condition,weather,natural_lighting,signals_operation,other_traffic_control,speed_limit,road_classification_(admin),rum_-_code,rum_-_description,dca_-_code,dca_-_description,dca_supplement,first_impact_type,key_tu_type,other_tu_type,no._of_traffic_units_involved,no._killed,no._seriously_injured,no._moderately_injured,no._minor-other_injured,month_num,month_label,season,day_label,time_label,time_band,is_peak_commute,is_fatal,is_injury,is_casualty
1375593,Injury,Moderate Injury,2024,2024,December,Saturday,08:00 - 09:59,HEADLANDS,DR,0,Right on the spot,SKENNARS HEAD,RD,SKENNARS HEAD,,No,Not a school zone,T-junction,-28.823913,153.602461,Ballina,Country urban,Rest of NSW - Urban,Straight,,,,Nil,Sealed,Dry,Fine,Daylight,Nil,Give way sign,60 km/h,Local,32,Right rear,303,Same - Rear right,,Rear end,Car (sedan/hatch),Car (sedan/hatch),2,0,0,2,0,12,December,Summer,Saturday,08:00 - 09:59,AM peak / school commute,True,False,True,True
1375594,Injury,Serious Injury,2024,2024,September,Sunday,16:00 - 17:59,ILLAWARRA,HWY,100,North,CLOVER HILL,RD,MACQUARIE PASS,25.0,No,Not a school zone,2-way undivided,-34.564986,150.662558,Shellharbour,Wollongong met. area,Syd-Newc-Woll Gtr conurbation,Curved,Steep grade,,,Nil,Sealed,Dry,Fine,Daylight,Nil,No traffic controls,60 km/h,State,20,Head on,201,Opp - Head on,,Head-on,Motor scooter,4 wheel drive / SUV,2,0,1,0,0,9,September,Spring,Sunday,16:00 - 17:59,PM peak / evening commute,True,False,True,True
1375595,Injury,Moderate Injury,2024,2024,November,Saturday,14:00 - 15:59,OLD PITTWATER,RD,100,West,PITTWATER,RD,BROOKVALE,7346.0,Yes,No,2-way undivided,-33.762261,151.270831,Northern Beaches,Sydney metro. area,Syd-Newc-Woll Gtr conurbation,Straight,Driveway/entrance,,,Off,Sealed,Dry,Fine,Daylight,Nil,No traffic controls,50 km/h,Regional,47,Emerging from drive,406,Manov - Emerging from driveway,,Right angle,Car (sedan/hatch),Pedal cycle,2,0,0,1,2,11,November,Spring,Saturday,14:00 - 15:59,Midday / afternoon,False,False,True,True
1375598,Injury,Moderate Injury,2024,2024,December,Wednesday,08:00 - 09:59,CENTAURUS,DR,0,Right on the spot,WHITFORD,RD,HINCHINBROOK,,No,Not a school zone,Roundabout,-33.921817,150.86703,Liverpool,Sydney metro. area,Syd-Newc-Woll Gtr conurbation,Straight,,,,Off,Sealed,Dry,Fine,Daylight,Nil,Give way sign,50 km/h,Local,16,Left near,107,Adj - Left-thru from right,,Right angle,Car (sedan/hatch),Car (sedan/hatch),2,0,0,1,0,12,December,Summer,Wednesday,08:00 - 09:59,AM peak / school commute,True,False,True,True
1375599,Injury,Moderate Injury,2024,2024,July,Sunday,12:00 - 13:59,POWELL,ST,160,West,COURSE,ST,GRAFTON,,No,Not a school zone,2-way undivided,-29.672923,152.928649,Clarence Valley,Country urban,Rest of NSW - Urban,Straight,Driveway/entrance,,,Off,Sealed,Dry,Fine,Daylight,Nil,No traffic controls,50 km/h,Local,21,Right through,202,Opp - Right-thru,,Other angle,4 wheel drive / SUV,Motorcycle,2,0,0,1,0,7,July,Winter,Sunday,12:00 - 13:59,Midday / afternoon,False,False,True,True
1375600,Injury,Minor/Other Injury,2024,2024,November,Thursday,10:00 - 11:59,PEMBROKE,RD,0,Right on the spot,SMITHS CREEK,BYPA,LEUMEAH,680.0,No,Not a school zone,X-intersection,-34.049942,150.836788,Campbelltown,Sydney metro. area,Syd-Newc-Woll Gtr conurbation,Straight,,,,Off,Sealed,Dry,Fine,Daylight,On,No traffic controls,60 km/h,State,10,Cross traffic,101,Adj - Cross traffic,,Right angle,4 wheel drive / SUV,4 wheel drive / SUV,2,0,0,0,1,11,November,Spring,Thursday,10:00 - 11:59,Midday / afternoon,False,False,True,True
1375602,Injury,Serious Injury,2024,2024,December,Sunday,14:00 - 15:59,PRINCES,HWY,130,North,POINTER,RD,YATTE YATTAH,1.0,No,Not a school zone,2-way undivided,-35.270836,150.424177,Shoalhaven,Country non-urban,Rest of NSW - Rural,Straight,,,,Nil,Sealed,Wet,Overcast,Daylight,Nil,No traffic controls,100 km/h,State,20,Head on,201,Opp - Head on,,Head-on,Car (sedan/hatch),Car (sedan/hatch),2,0,3,0,0,12,December,Summer,Sunday,14:00 - 15:59,Midday / afternoon,False,False,True,True
1375605,Injury,Serious Injury,2024,2024,September,Tuesday,10:00 - 11:59,FRIDAY HUT,RD,0,Right on the spot,NUMBER 495,HN,POSSUM CREEK,,No,Not a school zone,2-way undivided,-28.671695,153.491827,Byron,Country urban,Rest of NSW - Urban,Straight,,,,Nil,Sealed,Dry,Fine,Daylight,Nil,No traffic controls,60 km/h,Local,74,On road-out of cont.,705,Out of control on cway,,Rollover,Motorcycle,,1,0,1,0,0,9,September,Spring,Tuesday,10:00 - 11:59,Midday / afternoon,False,False,True,True
1375608,Injury,Serious Injury,2024,2024,October,Friday,14:00 - 15:59,HUME,HWY,50,North,OLD KURRAJONG,RD,CASULA,2.0,No,Not a school zone,Divided road,-33.947494,150.907509,Liverpool,Sydney metro. area,Syd-Newc-Woll Gtr conurbation,Straight,,,,Nil,Sealed,Dry,Fine,Daylight,Nil,No traffic controls,70 km/h,State,30,Rear end,301,Same - Rear end,,Rear end,Motorcycle,Car (sedan/hatch),2,0,1,0,0,10,October,Spring,Friday,14:00 - 15:59,Midday / afternoon,False,False,True,True
1375610,Injury,Serious Injury,2024,2024,October,Thursday,18:00 - 19:59,FOREST,RD,0,Right on the spot,ST GEORGES,RD,BEXLEY,168.0,No,Not a school zone,T-junction,-33.957408,151.117968,Bayside,Sydney metro. area,Syd-Newc-Woll Gtr conurbation,Straight,,,,Off,Sealed,Dry,Fine,Daylight,Nil,Give way sign,60 km/h,State,13,Right near,104,Adj - Right-thru from right,,Right angle,Car (sedan/hatch),Motorcycle,2,0,1,0,0,10,October,Spring,Thursday,18:00 - 19:59,PM peak / evening commute,True,False,True,True
1375613,Injury,Minor/Other Injury,2024,2024,September,Wednesday,16:00 - 17:59,CABRAMATTA,RD,0,Right on the spot,NUMBER 497,HN,CABRAMATTA WEST,534.0,No,Not a school zone,2-way undivided,-33.895854,150.910428,Fairfield,Sydney metro. area,Syd-Newc-Woll Gtr conurbation,Straight,Driveway/entrance,,,On,Sealed,Dry,Fine,Dusk,Nil,No traffic controls,60 km/h,State,35,Lane change left,307,Same - Lane change left,,Other angle,Car (sedan/hatch),4 wheel drive / SUV,3,0,0,0,1,9,September,Spring,Wednesday,16:00 - 17:59,PM peak / evening commute,True,False,True,True
1375614,Injury,Serious Injury,2024,2024,December,Tuesday,16:00 - 17:59,WESTERN,EXP,200,West,STUBBS STREET,OP,AUBURN,6004.0,No,Not a school zone,Dual freeway,-33.838105,151.035241,Parramatta,Sydney metro. area,Syd-Newc-Woll Gtr conurbation,Straight,,,,Nil,Sealed,Dry,Fine,Daylight,Nil,No traffic controls,90 km/h,State,30,Rear end,301,Same - Rear end,,Rear end,Light truck utility(from 2018),4 wheel drive / SUV,3,0,1,0,0,12,December,Summer,Tuesday,16:00 - 17:59,PM peak / evening commute,True,False,True,True
1375620,Injury,Moderate Injury,2024,2024,November,Thursday,18:00 - 19:59,FOWLER,ST,10,West,HUNTER,ST,LISMORE,,Yes,No,T-junction,-28.814631,153.289241,Lismore,Country urban,Rest of NSW - Urban,Straight,,,,Off,Sealed,Dry,Fine,Dusk,Nil,Give way sign,50 km/h,Local,74,On road-out of cont.,705,Out of control on cway,,Rollover,Motorcycle,,1,0,0,1,0,11,November,Spring,Thursday,18:00 - 19:59,PM peak / evening commute,True,False,True,True
1375624,Injury,Serious Injury,2024,2024,October,Sunday,10:00 - 11:59,PARK,RD,0,Right on the spot,COMMERCIAL,DR,REGENTS PARK,7102.0,No,Not a school zone,T-junction,-33.881303,151.024203,Cumberland,Sydney metro. area,Syd-Newc-Woll Gtr conurbation,Straight,,,,Off,Sealed,Dry,Fine,Daylight,On,No traffic controls,60 km/h,Regional,11,Right far,102,Adj - Right-thru from left,,Right angle,Car (sedan/hatch),4 wheel drive / SUV,2,0,1,0,0,10,October,Spring,Sunday,10:00 - 11:59,Midday / afternoon,False,False,True,True
1375626,Injury,Moderate Injury,2024,2024,October,Sunday,02:00 - 03:59,CRISPE,ST,0,Right on the spot,SLOANE,ST,DENILIQUIN,,No,Not a school zone,T-junction,-35.5409,144.96019,Edward River,Country urban,Rest of NSW - Urban,Curved,,,,On,Sealed,Dry,Fine,Darkness,Nil,No traffic controls,50 km/h,Local,30,Rear end,301,Same - Rear end,,Rear end,Unknown motor vehicle,Pedal cycle,2,0,0,1,0,10,October,Spring,Sunday,02:00 - 03:59,Late night / early morning,False,False,True,True
1375627,Injury,Minor/Other Injury,2024,2024,November,Thursday,16:00 - 17:59,CAMDEN VALLEY,WAY,200,West,BERNERA,RD,PRESTONS,620.0,No,Not a school zone,Divided road,-33.95442,150.862206,Liverpool,Sydney metro. area,Syd-Newc-Woll Gtr conurbation,Straight,,,,Off,Sealed,Wet,Raining,Daylight,Nil,No traffic controls,70 km/h,State,30,Rear end,301,Same - Rear end,,Rear end,Motor scooter,Car (sedan/hatch),2,0,0,0,1,11,November,Spring,Thursday,16:00 - 17:59,PM peak / evening commute,True,False,True,True
1375633,Injury,Serious Injury,2024,2024,October,Wednesday,08:00 - 09:59,BOURKE,RD,0,Right on the spot,NUMBER 51,HN,ALEXANDRIA,,No,Not a school zone,2-way undivided,-33.913242,151.192868,Sydney,Sydney metro. area,Syd-Newc-Woll Gtr conurbation,Straight,Driveway/entrance,,,Off,Sealed,Dry,Fine,Daylight,Nil,No traffic controls,40 km/h,Local,47,Emerging from drive,406,Manov - Emerging from driveway,,Right angle,Car (sedan/hatch),Pedal cycle,2,0,1,0,0,10,October,Spring,Wednesday,08:00 - 09:59,AM peak / school commute,True,False,True,True
1375634,Injury,Serious Injury,2024,2024,December,Sunday,14:00 - 15:59,WATTS,RD,0,Right on the spot,WESTERN,RD,KEMPS CREEK,,No,Not a school zone,X-intersection,-33.906694,150.775979,Liverpool,Sydney metro. area,Syd-Newc-Woll Gtr conurbation,Straight,Ditch/drain/culvert,,,Nil,Sealed,Wet,Raining,Daylight,Nil,Give way sign,80 km/h,Local,10,Cross traffic,101,Adj - Cross traffic,,Right angle,Car (sedan/hatch),Light truck utility(from 2018),2,0,2,1,0,12,December,Summer,Sunday,14:00 - 15:59,Midday / afternoon,False,False,True,True
1375637,Injury,Serious Injury,2024,2024,October,Thursday,16:00 - 17:59,BEACHCOMBER,PDE,0,Right on the spot,NUMBER 26,HN,NORTH AVOCA,,No,Not a school zone,2-way undivided,-33.453278,151.431204,Central Coast,Country urban,Syd-Newc-Woll Gtr conurbation,Straight,Steep grade,,,Nil,Sealed,Dry,Fine,Daylight,Nil,No traffic controls,50 km/h,Local,0,Ped nearside,1,Ped - Near side,,Vehicle - Pedestrian,Car (sedan/hatch),Pedestrian,2,0,1,0,0,10,October,Spring,Thursday,16:00 - 17:59,PM peak / evening commute,True,False,True,True
1375649,Injury,Moderate Injury,2024,2024,November,Thursday,18:00 - 19:59,WESTERN,DSTR,0,Right on the spot,ANZAC,BDGE,ROZELLE,165.0,No,Not a school zone,Divided road,-33.868821,151.184178,Inner West,Sydney metro. area,Syd-Newc-Woll Gtr conurbation,Straight,Other bridge,,,On,Sealed,Wet,Overcast,Darkness,Nil,No traffic controls,60 km/h,State,30,Rear end,301,Same - Rear end,,Rear end,Car (sedan/hatch),Car (sedan/hatch),2,0,0,1,0,11,November,Spring,Thursday,18:00 - 19:59,PM peak / evening commute,True,False,True,True
1375651,Injury,Serious Injury,2024,2024,December,Friday,10:00 - 11:59,WYRALLAH,RD,0,Right on the spot,TULK,RD,MONALTRIE,7742.0,No,Not a school zone,X-intersection,-28.87229,153.296531,Lismore,Country urban,Rest of NSW - Urban,Straight,Steep grade,,,Nil,Sealed,Dry,Fine,Daylight,Nil,Give way sign,80 km/h,Regional,32,Right rear,303,Same - Rear right,,Rear end,Car (sedan/hatch),Car (sedan/hatch),2,0,1,1,0,12,December,Summer,Friday,10:00 - 11:59,Midday / afternoon,False,False,True,True
1375660,Injury,Minor/Other Injury,2024,2024,November,Saturday,06:00 - 07:59,BOOKER BAY,RD,10,West,WEBB,RD,BOOKER BAY,,No,Not a school zone,T-junction,-33.516516,151.3436,Central Coast,Country urban,Syd-Newc-Woll Gtr conurbation,Straight,,,,Nil,Sealed,Wet,Raining,Daylight,Nil,No traffic controls,50 km/h,Local,71,Off rd left => obj,703,Left off cway into object,,Vehicle - Object,Motor scooter,,1,0,0,0,1,11,November,Spring,Saturday,06:00 - 07:59,AM peak / school commute,True,False,True,True
1375671,Injury,Serious Injury,2024,2024,December,Thursday,10:00 - 11:59,KIHILLA,ST,0,Right on the spot,THE BOULEVARDE,MS,FAIRFIELD HEIGHTS,,No,Not a school zone,T-junction,-33.864602,150.938458,Fairfield,Sydney metro. area,Syd-Newc-Woll Gtr conurbation,Straight,Foot/cycle path/nature strip,,,Nil,Sealed,Dry,Fine,Daylight,Nil,Give way sign,40 km/h,Local,48,From footpath,408,Manov - From footway,,Other angle,Motorised push scooters,Car (sedan/hatch),2,0,1,0,0,12,December,Summer,Thursday,10:00 - 11:59,Midday / afternoon,False,False,True,True
1375679,Injury,Moderate Injury,2024,2024,November,Friday,14:00 - 15:59,BATH,ST,0,Right on the spot,CLIFF,PDE,THIRROUL,,No,Not a school zone,X-intersection,-34.316276,150.926285,Wollongong,Wollongong met. area,Syd-Newc-Woll Gtr conurbation,Straight,,,,Off,Sealed,Dry,Fine,Daylight,Nil,Give way sign,50 km/h,Local,16,Left near,107,Adj - Left-thru from right,,Right angle,Light truck utility(from 2018),Pedal cycle,2,0,0,1,0,11,November,Spring,Friday,14:00 - 15:59,Midday / afternoon,False,False,True,True
1375681,Injury,Moderate Injury,2024,2024,December,Monday,20:00 - 21:59,CANTERBURY,RD,10,West,DRUMMOND,ST,BELMORE,167.0,No,Not a school zone,T-junction,-33.923374,151.092524,Canterbury-Bankstown,Sydney metro. area,Syd-Newc-Woll Gtr conurbation,Straight,,,,On,Sealed,Dry,Fine,Darkness,Nil,No right turn,60 km/h,State,35,Lane change left,307,Same - Lane change left,,Other angle,Car (sedan/hatch),Motor scooter,2,0,0,2,0,12,December,Summer,Monday,20:00 - 21:59,Evening / night,False,False,True,True
1375684,Injury,Serious Injury,2024,2024,December,Sunday,18:00 - 19:59,BRIXTON,RD,0,Right on the spot,KERRS,RD,LIDCOMBE,,No,Not a school zone,T-junction,-33.868334,151.036647,Cumberland,Sydney metro. area,Syd-Newc-Woll Gtr conurbation,Straight,,,,On,Sealed,Dry,Fine,Dusk,Nil,Give way sign,50 km/h,Local,88,Out of cont on bend,706,Left turn,,Rollover,Motorcycle,,1,0,1,0,0,12,December,Summer,Sunday,18:00 - 19:59,PM peak / evening commute,True,False,True,True
1375688,Injury,Minor/Other Injury,2024,2024,November,Tuesday,12:00 - 13:59,RICHMOND,RD,0,Right on the spot,THE NORTHERN,RD,LONDONDERRY,537.0,No,Not a school zone,Roundabout,-33.641795,150.785706,Penrith,Sydney metro. area,Syd-Newc-Woll Gtr conurbation,Straight,,,,Off,Sealed,Wet,Fine,Daylight,Nil,Give way sign,80 km/h,State,49,Other manoeuvring,400,Manov - other,,Other angle,Unknown motor vehicle,Motorcycle,2,0,0,0,1,11,November,Spring,Tuesday,12:00 - 13:59,Midday / afternoon,False,False,True,True
1375690,Injury,Moderate Injury,2024,2024,December,Tuesday,14:00 - 15:59,HARTLEY,RD,0,Right on the spot,ORIELTON,RD,SMEATON GRANGE,,No,Not a school zone,T-junction,-34.036175,150.752467,Camden,Sydney metro. area,Syd-Newc-Woll Gtr conurbation,Straight,,,,Off,Sealed,Dry,Fine,Daylight,Nil,No traffic controls,60 km/h,Local,0,Ped nearside,1,Ped - Near side,,Vehicle - Pedestrian,4 wheel drive / SUV,Pedestrian,2,0,0,1,0,12,December,Summer,Tuesday,14:00 - 15:59,Midday / afternoon,False,False,True,True
1375692,Injury,Moderate Injury,2024,2024,December,Saturday,22:00 - Midnight,HUME,HWY,0,Right on the spot,MACQUARIE,ST,LIVERPOOL,2.0,No,Not a school zone,X-intersection,-33.928542,150.918058,Liverpool,Sydney metro. area,Syd-Newc-Woll Gtr conurbation,Curved,,,,On,Sealed,Dry,Fine,Darkness,On,No traffic controls,60 km/h,State,21,Right through,202,Opp - Right-thru,,Other angle,4 wheel drive / SUV,Light truck utility(from 2018),2,0,0,3,0,12,December,Summer,Saturday,22:00 - Midnight,Evening / night,False,False,True,True
1375699,Injury,Moderate Injury,2024,2024,December,Thursday,10:00 - 11:59,AVOCA,ST,0,Right on the spot,DARLEY,RD,RANDWICK,7330.0,No,Not a school zone,X-intersection,-33.902835,151.244823,Randwick,Sydney metro. area,Syd-Newc-Woll Gtr conurbation,Straight,,,,Nil,Sealed,Dry,Fine,Daylight,Unknown / not stated,No traffic controls,50 km/h,Regional,40,U turn,207,Opp - U-turn,,Other angle,4 wheel drive / SUV,Car (sedan/hatch),2,0,0,1,0,12,December,Summer,Thursday,10:00 - 11:59,Midday / afternoon,False,False,True,True
1375702,Injury,Minor/Other Injury,2024,2024,August,Thursday,06:00 - 07:59,CENTRAL COAST,HWY,20,North,CRESTHAVEN,AVE,BATEAU BAY,30.0,No,Not a school zone,2-way undivided,-33.392008,151.473525,Central Coast,Country urban,Syd-Newc-Woll Gtr conurbation,Straight,,,,Off,Sealed,Dry,Fine,Daylight,Nil,No traffic controls,60 km/h,State,30,Rear end,301,Same - Rear end,,Rear end,Car (sedan/hatch),4 wheel drive / SUV,2,0,0,0,1,8,August,Winter,Thursday,06:00 - 07:59,AM peak / school commute,True,False,True,True
1375728,Injury,Serious Injury,2024,2024,November,Friday,18:00 - 19:59,TWEED VALLEY,WAY,0,Right on the spot,CUDGEN,RD,STOTTS CREEK,679.0,No,Not a school zone,T-junction,-28.273597,153.507933,Tweed,Country non-urban,Rest of NSW - Rural,Curved,,,,Nil,Sealed,Dry,Fine,Darkness,Nil,No traffic controls,100 km/h,Regional,10,Cross traffic,101,Adj - Cross traffic,,Right angle,4 wheel drive / SUV,Car (sedan/hatch),2,0,1,4,0,11,November,Spring,Friday,18:00 - 19:59,PM peak / evening commute,True,False,True,True
1375735,Injury,Serious Injury,2024,2024,December,Tuesday,18:00 - 19:59,WILLIAM CAMPBELL,AVE,20,East,SALTER,CT,HARRINGTON PARK,,No,Not a school zone,2-way undivided,-34.032139,150.732859,Camden,Sydney metro. area,Syd-Newc-Woll Gtr conurbation,Curved,,,,Off,Sealed,Dry,Fine,Daylight,Nil,No traffic controls,50 km/h,Local,87,Off lft/lft bnd=>obj,804,Off left bend into obj,Left,Vehicle - Object,4 wheel drive / SUV,,1,0,1,0,0,12,December,Summer,Tuesday,18:00 - 19:59,PM peak / evening commute,True,False,True,True
1375737,Injury,Minor/Other Injury,2024,2024,December,Friday,20:00 - 21:59,LANYON,DR,0,Right on the spot,TOMPSITT,DR,JERRABOMBERRA,52.0,No,Not a school zone,T-junction,-35.37735,149.189089,Queanbeyan-Palerang Regional,Country urban,Rest of NSW - Urban,Straight,,,,On,Sealed,Wet,Raining,Darkness,On,No traffic controls,80 km/h,State,21,Right through,202,Opp - Right-thru,,Other angle,4 wheel drive / SUV,Car (sedan/hatch),2,0,0,0,1,12,December,Summer,Friday,20:00 - 21:59,Evening / night,False,False,True,True
1375759,Injury,Moderate Injury,2024,2024,December,Saturday,08:00 - 09:59,SUSSEX INLET,RD,0,Right on the spot,NUMBER 287,HN,SUSSEX INLET,7633.0,No,Not a school zone,2-way undivided,-35.124259,150.514327,Shoalhaven,Country urban,Rest of NSW - Urban,Straight,Steep grade,,,Nil,Sealed,Dry,Fine,Daylight,Nil,No traffic controls,80 km/h,Regional,53,Overtake turning,506,Ovtak - Overtaking right turn,,Other angle,Light truck utility(from 2018),Car (sedan/hatch),2,0,0,2,0,12,December,Summer,Saturday,08:00 - 09:59,AM peak / school commute,True,False,True,True
1375763,Injury,Minor/Other Injury,2024,2024,December,Sunday,06:00 - 07:59,SPIRABO FOREST,WAY,2800,West,MT SPERIBO,RD,FOREST LAND,,No,Not a school zone,2-way undivided,-29.314923,152.088135,Tenterfield,Country non-urban,Rest of NSW - Rural,Straight,Steep grade,,,Nil,Unsealed,Dry,Fine,Daylight,Nil,No traffic controls,100 km/h,Local,67,Struck animal,609,On path - Hit animal,,Vehicle - Animal,Motorcycle,,1,0,0,0,1,12,December,Summer,Sunday,06:00 - 07:59,AM peak / school commute,True,False,True,True
1375776,Injury,Serious Injury,2024,2024,December,Monday,08:00 - 09:59,SPLIT SOLITARY,RD,0,Right on the spot,NUMBER 30,HN,SAPPHIRE BEACH,,No,Not a school zone,2-way undivided,-30.228206,153.150789,Coffs Harbour,Country urban,Rest of NSW - Urban,Straight,,,,Off,Sealed,Dry,Fine,Daylight,Nil,No traffic controls,50 km/h,Local,71,Off rd left => obj,703,Left off cway into object,,Vehicle - Object,Motorcycle,,1,0,1,0,0,12,December,Summer,Monday,08:00 - 09:59,AM peak / school commute,True,False,True,True
1375803,Injury,Moderate Injury,2024,2024,December,Monday,00:01 - 01:59,BATHURST,ST,10,East,DAY,ST,SYDNEY,7306.0,No,Not a school zone,X-intersection,-33.874057,151.203507,Sydney,Sydney metro. area,Syd-Newc-Woll Gtr conurbation,Straight,Steep grade,,,On,Sealed,Wet,Raining,Darkness,On,No traffic controls,50 km/h,Regional,83,Off rt/rt bnd=>obj,707,Right turn,Right,Vehicle - Object,Car (sedan/hatch),,1,0,0,1,0,12,December,Summer,Monday,00:01 - 01:59,Late night / early morning,False,False,True,True
1375805,Injury,Serious Injury,2024,2024,December,Thursday,06:00 - 07:59,FARMBOROUGH,RD,200,West,CREST,ST,FARMBOROUGH HEIGHTS,,No,Not a school zone,2-way undivided,-34.460165,150.822372,Wollongong,Wollongong met. area,Syd-Newc-Woll Gtr conurbation,Straight,,,,Off,Sealed,Dry,Fine,Daylight,Nil,No traffic controls,50 km/h,Local,71,Off rd left => obj,703,Left off cway into object,,Other angle,Light truck utility(from 2018),Light truck utility(from 2018),2,0,1,0,0,12,December,Summer,Thursday,06:00 - 07:59,AM peak / school commute,True,False,True,True
1375813,Injury,Serious Injury,2024,2024,September,Saturday,14:00 - 15:59,ROCKY RIVER,RD,42000,South,BRUXNER,HWY,ROCKY RIVER,,No,Not a school zone,2-way undivided,-29.19516,152.295331,Tenterfield,Country non-urban,Rest of NSW - Rural,Straight,,,,Nil,Unsealed,Dry,Fine,Daylight,Nil,No traffic controls,100 km/h,Local,74,On road-out of cont.,705,Out of control on cway,,Rollover,Motorcycle,,1,0,1,0,0,9,September,Spring,Saturday,14:00 - 15:59,Midday / afternoon,False,False,True,True
1375824,Injury,Serious Injury,2024,2024,September,Thursday,18:00 - 19:59,CENTRAL COAST,HWY,0,Right on the spot,NUMBER 246,HN,BUDGEWOI,30.0,No,Not a school zone,2-way undivided,-33.229103,151.542043,Central Coast,Country urban,Syd-Newc-Woll Gtr conurbation,Curved,,,,On,Sealed,Wet,Raining,Darkness,Nil,No traffic controls,60 km/h,State,87,Off lft/lft bnd=>obj,804,Off left bend into obj,Left,Other angle,Car (sedan/hatch),Unknown motor vehicle,2,0,2,0,0,9,September,Spring,Thursday,18:00 - 19:59,PM peak / evening commute,True,False,True,True
1375830,Injury,Serious Injury,2024,2024,December,Sunday,08:00 - 09:59,PEARL,ST,60,West,SEAVIEW,ST,KINGSCLIFF,,Yes,No,2-way undivided,-28.257058,153.577396,Tweed,Country urban,Rest of NSW - Urban,Straight,,,,Nil,Sealed,Dry,Fine,Daylight,Nil,No traffic controls,50 km/h,Local,43,Entering parking,402,Manov - Entering parking veh,,Other angle,4 wheel drive / SUV,Pedal cycle,2,0,1,0,0,12,December,Summer,Sunday,08:00 - 09:59,AM peak / school commute,True,False,True,True
1375831,Injury,Minor/Other Injury,2024,2024,August,Sunday,16:00 - 17:59,CHURCH,ST,0,Right on the spot,NORTH ROCKS,RD,NORTH PARRAMATTA,184.0,Yes,No,T-junction,-33.793646,150.999904,Parramatta,Sydney metro. area,Syd-Newc-Woll Gtr conurbation,Curved,,,,Off,Sealed,Dry,Fine,Daylight,On,No traffic controls,50 km/h,State,30,Rear end,301,Same - Rear end,,Rear end,4 wheel drive / SUV,Car (sedan/hatch),2,0,0,0,1,8,August,Winter,Sunday,16:00 - 17:59,PM peak / evening commute,True,False,True,True
1375832,Injury,Serious Injury,2024,2024,July,Sunday,02:00 - 03:59,PLOUGHMANS,LANE,25,North,CANOBOLAS,RD,ORANGE,,No,Not a school zone,2-way undivided,-33.295197,149.065995,Orange,Country urban,Rest of NSW - Urban,Straight,Ditch/drain/culvert,,,Nil,Sealed,Dry,Fine,Darkness,Nil,No traffic controls,50 km/h,Local,71,Off rd left => obj,703,Left off cway into object,,Vehicle - Object,Motorcycle,,1,0,1,1,0,7,July,Winter,Sunday,02:00 - 03:59,Late night / early morning,False,False,True,True
1375834,Injury,Serious Injury,2024,2024,September,Tuesday,08:00 - 09:59,CELEBRATION,DR,0,Right on the spot,MAWSON,AVE,BELLA VISTA,,No,Not a school zone,X-intersection,-33.732215,150.945001,The Hills,Sydney metro. area,Syd-Newc-Woll Gtr conurbation,Straight,,,,Off,Sealed,Dry,Fine,Daylight,On,No traffic controls,50 km/h,Local,2,Ped far side,3,Ped - Far side,,Vehicle - Pedestrian,Light truck utility(from 2018),Pedestrian,2,0,1,0,0,9,September,Spring,Tuesday,08:00 - 09:59,AM peak / school commute,True,False,True,True
1375867,Injury,Serious Injury,2024,2024,November,Monday,20:00 - 21:59,COOKSEY,CL,55,North,MORPETH,RD,WARATAH WEST,,No,Not a school zone,2-way undivided,-32.904094,151.711534,Newcastle,Newcastle met. area,Syd-Newc-Woll Gtr conurbation,Curved,Steep grade,,,On,Sealed,Dry,Fine,Darkness,Nil,No traffic controls,50 km/h,Local,85,Off rt/lft bnd=>obj,804,Off left bend into obj,Right,Vehicle - Object,Motorcycle,,1,0,1,0,0,11,November,Spring,Monday,20:00 - 21:59,Evening / night,False,False,True,True
1375868,Injury,Serious Injury,2024,2024,December,Sunday,00:01 - 01:59,LARMER,AVE,0,Right on the spot,THE WOOL,RD,WORROWING HEIGHTS,7631.0,No,Not a school zone,Roundabout,-35.090007,150.635304,Shoalhaven,Country urban,Rest of NSW - Urban,Straight,,,,On,Sealed,Dry,Overcast,Darkness,Nil,Give way sign,60 km/h,Regional,71,Off rd left => obj,703,Left off cway into object,,Vehicle - Object,4 wheel drive / SUV,,1,0,1,0,0,12,December,Summer,Sunday,00:01 - 01:59,Late night / early morning,False,False,True,True
1375869,Injury,Moderate Injury,2024,2024,December,Tuesday,18:00 - 19:59,GENERAL HOLMES,DR,0,Right on the spot,SYDNEY AIRPORT TUNNEL,ENT,MASCOT,194.0,No,Not a school zone,Divided road,-33.946094,151.173487,Bayside,Sydney metro. area,Syd-Newc-Woll Gtr conurbation,Straight,Underpass/tunnel,,,Off,Sealed,Dry,Fine,Daylight,Nil,No traffic controls,70 km/h,State,30,Rear end,301,Same - Rear end,,Rear end,Station wagon,Car (sedan/hatch),4,0,0,1,1,12,December,Summer,Tuesday,18:00 - 19:59,PM peak / evening commute,True,False,True,True
1375870,Injury,Serious Injury,2024,2024,October,Tuesday,20:00 - 21:59,MONGOGARIE,RD,0,Right on the spot,NUMBER 740,HN,LEEVILLE,,No,Not a school zone,2-way undivided,-28.954854,152.942638,Richmond Valley,Country non-urban,Rest of NSW - Rural,Curved,Crest,,,Nil,Sealed,Dry,Fine,Darkness,Nil,No traffic controls,100 km/h,Local,67,Struck animal,609,On path - Hit animal,,Vehicle - Animal,Motorcycle,,1,0,1,0,0,10,October,Spring,Tuesday,20:00 - 21:59,Evening / night,False,False,True,True