crash_id,degree_of_crash,degree_of_crash_-_detailed,reporting_year,year_of_crash,month_of_crash,day_of_week_of_crash,two-hour_intervals,street_of_crash,street_type,distance,direction,identifying_feature,identifying_feature_type,town,route_no.,school_zone_location,school_zone_active,type_of_location,latitude,longitude,lga,urbanisation,conurbation_1,alignment,primary_permanent_feature,primary_temporary_feature,primary_hazardous_feature,street_lighting,road_surface,surface_condition,weather,natural_lighting,signals_operation,other_traffic_control,speed_limit,road_classification_(admin),rum_-_code,rum_-_description,dca_-_code,dca_-_description,dca_supplement,first_impact_type,key_tu_type,other_tu_type,no._of_traffic_units_involved,no._killed,no._seriously_injured,no._moderately_injured,no._minor-other_injured,month_num,month_label,season,day_label,time_label,time_band,is_peak_commute,is_fatal,is_injury,is_casualty
1375872,Injury,Moderate Injury,2024,2024,November,Sunday,16:00 - 17:59,BRISBANE,ST,0,Right on the spot,ULTIMO,ST,EAST MAITLAND,,No,Not a school zone,T-junction,-32.758918,151.584913,Maitland,Country urban,Rest of NSW - Urban,Straight,,,,Off,Sealed,Dry,Fine,Daylight,Nil,Stop sign,50 km/h,Local,10,Cross traffic,101,Adj - Cross traffic,,Right angle,Light truck utility(from 2018),Pedal cycle,2,0,0,1,0,11,November,Spring,Sunday,16:00 - 17:59,PM peak / evening commute,True,False,True,True
1375889,Injury,Moderate Injury,2024,2024,December,Saturday,20:00 - 21:59,FAIRBURN,RD,0,Right on the spot,KATANNA,RD,WEDDERBURN,,No,Not a school zone,T-junction,-34.152379,150.823766,Campbelltown,Sydney metro. area,Syd-Newc-Woll Gtr conurbation,Straight,,,,Nil,Sealed,Dry,Fine,Darkness,Nil,Stop sign,50 km/h,Local,74,On road-out of cont.,705,Out of control on cway,,Rollover,4 wheel drive / SUV,,1,0,0,1,0,12,December,Summer,Saturday,20:00 - 21:59,Evening / night,False,False,True,True
1375894,Injury,Serious Injury,2024,2024,November,Saturday,04:00 - 05:59,PRINCES,HWY,50,West,QUEEN,ST,NEWTOWN,1.0,No,Not a school zone,2-way undivided,-33.892563,151.18643,Sydney,Sydney metro. area,Syd-Newc-Woll Gtr conurbation,Straight,,,,Off,Sealed,Dry,Fine,Dawn,Nil,No traffic controls,40 km/h,State,20,Head on,201,Opp - Head on,,Head-on,Light truck,Large rigid,2,0,1,0,0,11,November,Spring,Saturday,04:00 - 05:59,Late night / early morning,False,False,True,True
1375899,Injury,Moderate Injury,2024,2024,December,Tuesday,08:00 - 09:59,KING,ST,0,Right on the spot,HILLSBOROUGH,RD,WARNERS BAY,527.0,No,Not a school zone,Roundabout,-32.966462,151.652464,Lake Macquarie,Newcastle met. area,Syd-Newc-Woll Gtr conurbation,Straight,,,,Off,Sealed,Dry,Fine,Daylight,Nil,Give way sign,60 km/h,State,16,Left near,107,Adj - Left-thru from right,,Right angle,4 wheel drive / SUV,4 wheel drive / SUV,2,0,0,1,0,12,December,Summer,Tuesday,08:00 - 09:59,AM peak / school commute,True,False,True,True
1375902,Injury,Moderate Injury,2024,2024,December,Sunday,14:00 - 15:59,SMITHFIELD,RD,0,Right on the spot,RICHARDS,RD,WAKELEY,7220.0,No,Not a school zone,X-intersection,-33.869353,150.905055,Fairfield,Sydney metro. area,Syd-Newc-Woll Gtr conurbation,Straight,,,,Off,Sealed,Dry,Fine,Daylight,On,No traffic controls,60 km/h,Regional,21,Right through,202,Opp - Right-thru,,Other angle,4 wheel drive / SUV,Car (sedan/hatch),3,0,0,1,1,12,December,Summer,Sunday,14:00 - 15:59,Midday / afternoon,False,False,True,True
1375904,Injury,Moderate Injury,2024,2024,December,Tuesday,20:00 - 21:59,QUAMBY,RD,999999,East,BRIBBAREE,RD,THUDDUNGRA,,No,Not a school zone,2-way undivided,-34.167382,148.199057,Hilltops,Country non-urban,Rest of NSW - Rural,Straight,,,,Nil,Unsealed,Dry,Fine,Darkness,Nil,No traffic controls,100 km/h,Local,71,Off rd left => obj,703,Left off cway into object,,Vehicle - Object,Car (sedan/hatch),,1,0,0,1,0,12,December,Summer,Tuesday,20:00 - 21:59,Evening / night,False,False,True,True
1375909,Injury,Serious Injury,2024,2024,November,Friday,06:00 - 07:59,VICTORIA,ST,0,Right on the spot,WALKER,PL,WETHERILL PARK,7480.0,No,Not a school zone,T-junction,-33.843956,150.888612,Fairfield,Sydney metro. area,Syd-Newc-Woll Gtr conurbation,Straight,Steep grade,,,Nil,Sealed,Dry,Fine,Daylight,Nil,No traffic controls,60 km/h,Regional,32,Right rear,303,Same - Rear right,,Rear end,Light truck,Car (sedan/hatch),3,0,1,0,0,11,November,Spring,Friday,06:00 - 07:59,AM peak / school commute,True,False,True,True
1375910,Injury,Serious Injury,2024,2024,October,Thursday,12:00 - 13:59,CECIL,RD,0,Right on the spot,NUMBER 31-37,HN,CECIL PARK,,No,Not a school zone,2-way undivided,-33.858547,150.823934,Fairfield,Sydney metro. area,Syd-Newc-Woll Gtr conurbation,Curved,,,,Nil,Sealed,Dry,Fine,Daylight,Nil,No traffic controls,60 km/h,Local,90,Fell in/from vehicle,901,Fell in/from vehicle,,Person - Object,Car (sedan/hatch),,1,0,1,0,0,10,October,Spring,Thursday,12:00 - 13:59,Midday / afternoon,False,False,True,True
1375916,Injury,Moderate Injury,2024,2024,November,Monday,20:00 - 21:59,VICTORIA,ST,0,Right on the spot,NUMBER 144,HN,POTTS POINT,,No,Not a school zone,2-way undivided,-33.872129,151.222762,Sydney,Sydney metro. area,Syd-Newc-Woll Gtr conurbation,Straight,,,,On,Sealed,Dry,Fine,Darkness,Nil,No traffic controls,50 km/h,Local,20,Head on,201,Opp - Head on,,Head-on,Pedal cycle,Unknown motor vehicle,2,0,0,1,0,11,November,Spring,Monday,20:00 - 21:59,Evening / night,False,False,True,True
1375922,Injury,Moderate Injury,2024,2024,November,Saturday,10:00 - 11:59,SIR BERTRAM STEVENS,DR,3000,North,BUNDEENA,DR,ROYAL NATIONAL PARK,393.0,No,Not a school zone,2-way undivided,-34.113585,151.065189,Sutherland,Sydney metro. area,Syd-Newc-Woll Gtr conurbation,Curved,Steep grade,,Loose gravel shoulder,Nil,Sealed,Wet,Overcast,Daylight,Nil,No traffic controls,60 km/h,State,80,Off left/right bend,801,Off cway right bend,Left,Rollover,Motor scooter,,1,0,0,1,1,11,November,Spring,Saturday,10:00 - 11:59,Midday / afternoon,False,False,True,True
1375941,Injury,Serious Injury,2024,2024,December,Wednesday,22:00 - Midnight,CUMBERLAND,HWY,0,Right on the spot,NELSON,ST,THORNLEIGH,13.0,No,Not a school zone,T-junction,-33.724747,151.088001,Hornsby,Sydney metro. area,Syd-Newc-Woll Gtr conurbation,Straight,Steep grade,,,On,Sealed,Wet,Overcast,Darkness,Nil,Give way sign,70 km/h,State,71,Off rd left => obj,703,Left off cway into object,,Vehicle - Object,Car (sedan/hatch),,1,0,1,1,0,12,December,Summer,Wednesday,22:00 - Midnight,Evening / night,False,False,True,True
1375947,Injury,Serious Injury,2024,2024,December,Friday,22:00 - Midnight,CANTERBURY,RD,0,Right on the spot,BEXLEY,RD,CAMPSIE,167.0,No,Not a school zone,X-intersection,-33.91823,151.104401,Canterbury-Bankstown,Sydney metro. area,Syd-Newc-Woll Gtr conurbation,Straight,,,,On,Sealed,Dry,Fine,Darkness,On,No right turn,60 km/h,State,21,Right through,202,Opp - Right-thru,,Other angle,Motorcycle,4 wheel drive / SUV,2,0,1,0,0,12,December,Summer,Friday,22:00 - Midnight,Evening / night,False,False,True,True
1375964,Injury,Serious Injury,2024,2024,November,Wednesday,04:00 - 05:59,THE CRESCENT,MS,20,East,JOHNSON,ST,ANNANDALE,666.0,No,Not a school zone,Divided road,-33.872861,151.17496,Sydney,Sydney metro. area,Syd-Newc-Woll Gtr conurbation,Curved,Underpass/tunnel,,,Nil,Sealed,Dry,Fine,Dawn,Nil,No traffic controls,50 km/h,State,33,Lane sideswipe,305,Same - Lane side swipe,,Other angle,Light truck utility(from 2018),Motor scooter,2,0,1,0,0,11,November,Spring,Wednesday,04:00 - 05:59,Late night / early morning,False,False,True,True
1375965,Injury,Moderate Injury,2024,2024,December,Wednesday,22:00 - Midnight,LAWRENCE HARGRAVE,DR,0,Right on the spot,GEORGE,AVE,BULLI,185.0,No,Not a school zone,T-junction,-34.324972,150.912397,Wollongong,Wollongong met. area,Syd-Newc-Woll Gtr conurbation,Curved,Steep grade,,,On,Sealed,Dry,Fine,Darkness,Nil,Give way sign,50 km/h,State,81,Off left/rt bnd=>obj,803,Off right bend into obj,Left,Vehicle - Object,Car (sedan/hatch),,1,0,0,1,0,12,December,Summer,Wednesday,22:00 - Midnight,Evening / night,False,False,True,True
1375966,Injury,Serious Injury,2024,2024,December,Tuesday,06:00 - 07:59,BAY,ST,0,Right on the spot,AERO,ST,BRIGHTON-LE-SANDS,169.0,No,Not a school zone,T-junction,-33.957821,151.149003,Bayside,Sydney metro. area,Syd-Newc-Woll Gtr conurbation,Straight,,,,Nil,Sealed,Dry,Fine,Dawn,Nil,Give way sign,60 km/h,State,10,Cross traffic,101,Adj - Cross traffic,,Right angle,Light truck utility(from 2018),Car (sedan/hatch),2,0,1,0,0,12,December,Summer,Tuesday,06:00 - 07:59,AM peak / school commute,True,False,True,True
1375969,Injury,Serious Injury,2024,2024,October,Saturday,08:00 - 09:59,MARLBOROUGH,RD,10,South,GREAT WESTERN,HWY,HOMEBUSH WEST,5.0,No,Not a school zone,T-junction,-33.858378,151.069133,Strathfield,Sydney metro. area,Syd-Newc-Woll Gtr conurbation,Straight,Steep grade,,,Nil,Sealed,Dry,Fine,Daylight,On,No traffic controls,60 km/h,State,30,Rear end,301,Same - Rear end,,Rear end,Car (sedan/hatch),Car (sedan/hatch),3,0,1,0,0,10,October,Spring,Saturday,08:00 - 09:59,AM peak / school commute,True,False,True,True
1375976,Injury,Serious Injury,2024,2024,December,Friday,12:00 - 13:59,CENTRAL COAST,HWY,0,Right on the spot,MANNS,RD,WEST GOSFORD,30.0,No,Not a school zone,X-intersection,-33.427124,151.317575,Central Coast,Country urban,Syd-Newc-Woll Gtr conurbation,Straight,,,,Nil,Sealed,Wet,Fine,Daylight,On,No traffic controls,70 km/h,State,30,Rear end,301,Same - Rear end,,Rear end,Car (sedan/hatch),Large rigid,2,0,1,0,0,12,December,Summer,Friday,12:00 - 13:59,Midday / afternoon,False,False,True,True
1375997,Injury,Serious Injury,2024,2024,November,Wednesday,10:00 - 11:59,CAMDEN VALLEY,WAY,0,Right on the spot,INGLEBURN,RD,LEPPINGTON,620.0,No,Not a school zone,X-intersection,-33.968871,150.814397,Camden,Sydney metro. area,Syd-Newc-Woll Gtr conurbation,Straight,Bus/transit lane,,,Off,Sealed,Dry,Overcast,Daylight,On,No traffic controls,80 km/h,State,21,Right through,202,Opp - Right-thru,,Other angle,Light truck utility(from 2018),4 wheel drive / SUV,2,0,2,0,0,11,November,Spring,Wednesday,10:00 - 11:59,Midday / afternoon,False,False,True,True
1376005,Injury,Minor/Other Injury,2024,2024,December,Sunday,16:00 - 17:59,COACH,RD,60,North,ODEWAHNS,RD,CULCAIRN,,No,Not a school zone,2-way undivided,-35.711586,147.071165,Greater Hume,Country non-urban,Rest of NSW - Rural,Curved,Other bridge,,,Nil,Sealed,Dry,Fine,Daylight,Nil,No traffic controls,100 km/h,Local,81,Off left/rt bnd=>obj,803,Off right bend into obj,Left,Vehicle - Object,4 wheel drive / SUV,,1,0,0,0,4,12,December,Summer,Sunday,16:00 - 17:59,PM peak / evening commute,True,False,True,True
1376006,Injury,Moderate Injury,2024,2024,November,Saturday,08:00 - 09:59,PACIFIC,HWY,1400,South,BLACKMANS POINT ROAD,OP,PEMBROOKE,10.0,No,Not a school zone,Divided road,-31.404712,152.816232,Port Macquarie-Hastings,Country non-urban,Rest of NSW - Rural,Straight,,,,Nil,Sealed,Dry,Fine,Daylight,Nil,No traffic controls,110 km/h,State,73,Off rd rght => obj,704,Right off cway into obj,,Vehicle - Object,Car (sedan/hatch),,1,0,0,1,0,11,November,Spring,Saturday,08:00 - 09:59,AM peak / school commute,True,False,True,True
1376013,Injury,Serious Injury,2024,2024,December,Tuesday,10:00 - 11:59,BRUNKER,RD,0,Right on the spot,ROSEDALE,AVE,GREENACRE,638.0,No,Not a school zone,T-junction,-33.899545,151.041208,Canterbury-Bankstown,Sydney metro. area,Syd-Newc-Woll Gtr conurbation,Straight,,,,Off,Sealed,Dry,Fine,Daylight,Nil,Give way sign,60 km/h,State,37,Left turn sideswipe,309,Same - Left turn side swipe,,Other angle,Large rigid,Motorcycle,2,0,1,1,0,12,December,Summer,Tuesday,10:00 - 11:59,Midday / afternoon,False,False,True,True
1376017,Injury,Serious Injury,2024,2024,December,Wednesday,08:00 - 09:59,PACIFIC,HWY,0,Right on the spot,MOONEE,ST,COFFS HARBOUR,10.0,No,Not a school zone,X-intersection,-30.297186,153.113092,Coffs Harbour,Country urban,Rest of NSW - Urban,Straight,,Police pursuit,,Off,Sealed,Dry,Fine,Daylight,On,No traffic controls,60 km/h,State,10,Cross traffic,101,Adj - Cross traffic,,Right angle,4 wheel drive / SUV,Car (sedan/hatch),2,0,1,0,1,12,December,Summer,Wednesday,08:00 - 09:59,AM peak / school commute,True,False,True,True
1376021,Injury,Serious Injury,2024,2024,November,Tuesday,06:00 - 07:59,ENMORE,RD,0,Right on the spot,METROPOLITAN,RD,ENMORE,167.0,No,Not a school zone,T-junction,-33.899066,151.171926,Inner West,Sydney metro. area,Syd-Newc-Woll Gtr conurbation,Straight,,,,Off,Sealed,Dry,Fine,Daylight,Unknown / not stated,No traffic controls,40 km/h,State,20,Head on,201,Opp - Head on,,Head-on,Car (sedan/hatch),4 wheel drive / SUV,3,0,1,0,0,11,November,Spring,Tuesday,06:00 - 07:59,AM peak / school commute,True,False,True,True
1376025,Injury,Moderate Injury,2024,2024,November,Friday,20:00 - 21:59,GENERAL HOLMES,DR,40,East,SOUTH WESTERN,EXP,MASCOT,194.0,No,Not a school zone,Divided road,-33.946099,151.172859,Bayside,Sydney metro. area,Syd-Newc-Woll Gtr conurbation,Straight,,,,On,Sealed,Wet,Raining,Darkness,Nil,No traffic controls,70 km/h,State,30,Rear end,301,Same - Rear end,,Rear end,Car (sedan/hatch),Car (sedan/hatch),2,0,0,1,0,11,November,Spring,Friday,20:00 - 21:59,Evening / night,False,False,True,True
1376034,Injury,Serious Injury,2024,2024,December,Wednesday,08:00 - 09:59,PRINCES,HWY,270,South,MILLINGANDI,RD,MILLINGANDI,1.0,No,Not a school zone,2-way undivided,-36.890872,149.872908,Bega Valley,Country non-urban,Rest of NSW - Rural,Curved,Steep grade,,,Nil,Sealed,Dry,Overcast,Daylight,Nil,No traffic controls,100 km/h,State,85,Off rt/lft bnd=>obj,804,Off left bend into obj,Right,Vehicle - Object,Car (sedan/hatch),,1,0,1,0,0,12,December,Summer,Wednesday,08:00 - 09:59,AM peak / school commute,True,False,True,True
1376041,Injury,Serious Injury,2024,2024,December,Saturday,10:00 - 11:59,GOODOOGA,RD,30000,North,JOBS GATE,RD,GOODOOGA,70.0,No,Not a school zone,2-way undivided,-29.505019,147.284019,Brewarrina,Country non-urban,Rest of NSW - Rural,Straight,,,,Nil,Sealed,Dry,Fine,Daylight,Nil,No traffic controls,110 km/h,Regional,67,Struck animal,609,On path - Hit animal,,Vehicle - Animal,Car (sedan/hatch),,1,0,1,0,0,12,December,Summer,Saturday,10:00 - 11:59,Midday / afternoon,False,False,True,True
1376046,Injury,Minor/Other Injury,2024,2024,December,Tuesday,06:00 - 07:59,ELDRIDGE,ST,0,Right on the spot,PURCHASE,RD,CHERRYBROOK,,No,Not a school zone,Roundabout,-33.711269,151.05002,Hornsby,Sydney metro. area,Syd-Newc-Woll Gtr conurbation,Straight,,,,Off,Sealed,Dry,Fine,Dawn,Nil,Give way sign,50 km/h,Local,10,Cross traffic,101,Adj - Cross traffic,,Right angle,Car (sedan/hatch),Pedal cycle,2,0,0,0,1,12,December,Summer,Tuesday,06:00 - 07:59,AM peak / school commute,True,False,True,True
1376048,Injury,Minor/Other Injury,2024,2024,December,Friday,14:00 - 15:59,PARKWOOD,RD,999999,Unknown/not stated,UNKNOWN,UK,WALLAROO,,No,Not a school zone,2-way undivided,-35.205649,148.973183,Yass Valley,Country non-urban,Rest of NSW - Rural,Straight,,,,Nil,Unsealed,Dry,Fine,Daylight,Nil,No traffic controls,100 km/h,Local,74,On road-out of cont.,705,Out of control on cway,,Rollover,Light truck utility(from 2018),,1,0,0,0,1,12,December,Summer,Friday,14:00 - 15:59,Midday / afternoon,False,False,True,True
1376056,Injury,Serious Injury,2024,2024,November,Saturday,10:00 - 11:59,MT LINDESAY,RD,13500,North,TENTERFIELD,TN,BOONOO BOONOO,622.0,No,Not a school zone,2-way undivided,-28.941306,152.090352,Tenterfield,Country non-urban,Rest of NSW - Rural,Curved,Ditch/drain/culvert,,,Nil,Sealed,Wet,Overcast,Daylight,Nil,No traffic controls,100 km/h,Regional,81,Off left/rt bnd=>obj,803,Off right bend into obj,Left,Vehicle - Object,Light truck utility(from 2018),,1,0,1,0,0,11,November,Spring,Saturday,10:00 - 11:59,Midday / afternoon,False,False,True,True
1376059,Injury,Moderate Injury,2024,2024,October,Tuesday,18:00 - 19:59,HUME,HWY,1150,South,FEDERAL HIGHWAY,TO,YARRA,2.0,No,Not a school zone,Divided road,-34.807141,149.600932,Goulburn Mulwaree,Country non-urban,Rest of NSW - Rural,Curved,,,,Nil,Sealed,Dry,Fine,Daylight,Nil,No traffic controls,110 km/h,State,85,Off rt/lft bnd=>obj,804,Off left bend into obj,Right,Vehicle - Object,4 wheel drive / SUV,,1,0,0,1,0,10,October,Spring,Tuesday,18:00 - 19:59,PM peak / evening commute,True,False,True,True
1376093,Injury,Serious Injury,2024,2024,December,Thursday,04:00 - 05:59,GWYDIR,HWY,2350,West,MAITLAND,ST,COLLARENEBRI,12.0,No,Not a school zone,2-way undivided,-29.565623,148.536958,Walgett,Country non-urban,Rest of NSW - Rural,Curved,,,,Nil,Sealed,Dry,Fine,Darkness,Nil,No traffic controls,110 km/h,State,80,Off left/right bend,801,Off cway right bend,Left,Rollover,Road train,,1,0,2,0,0,12,December,Summer,Thursday,04:00 - 05:59,Late night / early morning,False,False,True,True
1376193,Injury,Serious Injury,2024,2024,December,Friday,14:00 - 15:59,LAWRENCE,RD,660,West,ROBERTS CREEK,RD,WOODFORD ISLAND,152.0,No,Not a school zone,2-way undivided,-29.491273,153.127142,Clarence Valley,Country non-urban,Rest of NSW - Rural,Curved,Ditch/drain/culvert,,,Nil,Sealed,Dry,Fine,Daylight,Nil,No traffic controls,100 km/h,Regional,81,Off left/rt bnd=>obj,803,Off right bend into obj,Left,Vehicle - Object,Motorcycle,,1,0,1,0,0,12,December,Summer,Friday,14:00 - 15:59,Midday / afternoon,False,False,True,True
1376202,Injury,Moderate Injury,2024,2024,September,Saturday,14:00 - 15:59,ANNANGROVE,RD,0,Right on the spot,DENHAM,RD,KENTHURST,7141.0,No,Not a school zone,T-junction,-33.680264,150.999595,The Hills,Sydney metro. area,Syd-Newc-Woll Gtr conurbation,Straight,,,,Off,Sealed,Dry,Fine,Daylight,Nil,No traffic controls,70 km/h,Regional,32,Right rear,303,Same - Rear right,,Rear end,Car (sedan/hatch),Utility,2,0,0,1,0,9,September,Spring,Saturday,14:00 - 15:59,Midday / afternoon,False,False,True,True
1376203,Injury,Minor/Other Injury,2024,2024,December,Tuesday,08:00 - 09:59,FORRESTER,RD,0,Right on the spot,GLOSSOP,ST,NORTH ST MARYS,7167.0,No,Not a school zone,T-junction,-33.756508,150.775682,Penrith,Sydney metro. area,Syd-Newc-Woll Gtr conurbation,Straight,,,,Nil,Sealed,Dry,Fine,Daylight,On,No traffic controls,60 km/h,Regional,31,Left rear,302,Same - Rear left,,Rear end,Light truck utility(from 2018),4 wheel drive / SUV,2,0,0,0,1,12,December,Summer,Tuesday,08:00 - 09:59,AM peak / school commute,True,False,True,True
1376206,Injury,Serious Injury,2024,2024,October,Sunday,14:00 - 15:59,FREEMANS,DR,500,North,NEWCASTLE EXPRESSWAY,OP,FREEMANS WATERHOLE,220.0,No,Not a school zone,2-way undivided,-33.008177,151.489628,Lake Macquarie,Newcastle met. area,Syd-Newc-Woll Gtr conurbation,Straight,Painted double centre lines,,,Nil,Sealed,Dry,Fine,Daylight,Nil,No traffic controls,90 km/h,State,71,Off rd left => obj,703,Left off cway into object,,Vehicle - Object,Motorcycle,,1,0,1,0,0,10,October,Spring,Sunday,14:00 - 15:59,Midday / afternoon,False,False,True,True
1376215,Injury,Serious Injury,2024,2024,October,Thursday,16:00 - 17:59,NORTHUMBERLAND,RD,50,North,ADVENTURE,PL,CARINGBAH,,No,Not a school zone,2-way undivided,-34.028257,151.131143,Sutherland,Sydney metro. area,Syd-Newc-Woll Gtr conurbation,Straight,,,,Off,Sealed,Dry,Fine,Daylight,Nil,No traffic controls,50 km/h,Local,42,Leaving parking,401,Manov - Leaving parking,,Other angle,Car (sedan/hatch),Motorcycle,2,0,1,0,0,10,October,Spring,Thursday,16:00 - 17:59,PM peak / evening commute,True,False,True,True
1376216,Injury,Serious Injury,2024,2024,August,Sunday,12:00 - 13:59,BRUXNER,HWY,50,East,LINDENDALE,RD,WOLLONGBAR,16.0,No,Not a school zone,2-way undivided,-28.815242,153.403654,Ballina,Country urban,Rest of NSW - Urban,Curved,,,,Nil,Sealed,Wet,Fine,Daylight,Nil,No traffic controls,80 km/h,State,88,Out of cont on bend,805,Out of control on bend,,Rollover,Motorcycle,,1,0,1,0,0,8,August,Winter,Sunday,12:00 - 13:59,Midday / afternoon,False,False,True,True
1376222,Injury,Serious Injury,2024,2024,May,Saturday,02:00 - 03:59,COOLAMON SCENIC,DR,1570,North,LAUREL,AVE,MULLUMBIMBY,,No,Not a school zone,2-way undivided,-28.537886,153.502136,Byron,Country non-urban,Rest of NSW - Rural,Curved,Ditch/drain/culvert,,,Nil,Sealed,Wet,Raining,Darkness,Nil,No traffic controls,100 km/h,Local,87,Off lft/lft bnd=>obj,804,Off left bend into obj,Left,Vehicle - Object,Car (sedan/hatch),,1,0,1,0,0,5,May,Autumn,Saturday,02:00 - 03:59,Late night / early morning,False,False,True,True
1376226,Injury,Moderate Injury,2024,2024,October,Wednesday,12:00 - 13:59,MARION,ST,0,Right on the spot,THE AVENUE,MS,CONDELL PARK,7121.0,Yes,No,X-intersection,-33.915918,151.012679,Canterbury-Bankstown,Sydney metro. area,Syd-Newc-Woll Gtr conurbation,Straight,,,,Nil,Sealed,Dry,Fine,Daylight,Nil,No traffic controls,60 km/h,Regional,30,Rear end,301,Same - Rear end,,Rear end,Other bus,Car (sedan/hatch),2,0,0,1,0,10,October,Spring,Wednesday,12:00 - 13:59,Midday / afternoon,False,False,True,True
1376231,Injury,Moderate Injury,2024,2024,November,Friday,18:00 - 19:59,ETON,RD,0,Right on the spot,BARLOW,ST,CAMBRIDGE PARK,,No,Not a school zone,L-junction,-33.744672,150.72283,Penrith,Sydney metro. area,Syd-Newc-Woll Gtr conurbation,Curved,,,,Off,Sealed,Wet,Raining,Daylight,Nil,No traffic controls,50 km/h,Local,88,Out of cont on bend,805,Out of control on bend,,Rollover,Motor scooter,,1,0,0,1,0,11,November,Spring,Friday,18:00 - 19:59,PM peak / evening commute,True,False,True,True
1376232,Injury,Minor/Other Injury,2024,2024,December,Friday,16:00 - 17:59,FREDERICK,ST,105,West,GREAT WESTERN,HWY,ASHFIELD,650.0,No,Not a school zone,2-way undivided,-33.877441,151.12866,Inner West,Sydney metro. area,Syd-Newc-Woll Gtr conurbation,Straight,Driveway/entrance,,,Off,Sealed,Dry,Fine,Daylight,Off,No traffic controls,50 km/h,State,47,Emerging from drive,406,Manov - Emerging from driveway,,Right angle,4 wheel drive / SUV,Car (sedan/hatch),2,0,0,0,1,12,December,Summer,Friday,16:00 - 17:59,PM peak / evening commute,True,False,True,True
1376248,Injury,Minor/Other Injury,2024,2024,October,Thursday,12:00 - 13:59,MULWALA,RD,0,Right on the spot,BARINYA ESTATE,RD,BOOMANOOMANA,550.0,No,Not a school zone,T-junction,-35.936082999999996,145.85679,Berrigan,Country non-urban,Rest of NSW - Rural,Straight,,,,Nil,Sealed,Dry,Fine,Daylight,Nil,Give way sign,100 km/h,Regional,40,U turn,304,Same - U-turn,,Other angle,Light truck utility(from 2018),Large rigid,2,0,0,0,1,10,October,Spring,Thursday,12:00 - 13:59,Midday / afternoon,False,False,True,True
1376256,Injury,Minor/Other Injury,2024,2024,October,Sunday,12:00 - 13:59,MOUNTAIN CREEK,RD,1000,North,FAIRLIGHT,RD,URIARRA,,No,Not a school zone,2-way undivided,-35.221684,148.911834,Yass Valley,Country urban,Rest of NSW - Urban,Straight,Steep grade,,Potholes/corrugations/rough,Nil,Sealed,Dry,Fine,Daylight,Nil,No traffic controls,80 km/h,Local,70,Off road to left,701,Off carriageway to left,,Rollover,Motor scooter,,1,0,0,0,1,10,October,Spring,Sunday,12:00 - 13:59,Midday / afternoon,False,False,True,True
1376257,Injury,Moderate Injury,2024,2024,October,Thursday,14:00 - 15:59,KYEAMBA,AVE,10,East,ALDER,RD,LAKE ALBERT,,No,Not a school zone,T-junction,-35.150893,147.402485,Wagga Wagga,Country urban,Rest of NSW - Urban,Straight,,,,Nil,Sealed,Dry,Fine,Daylight,Nil,No traffic controls,80 km/h,Local,39,Other same direction,300,Same - other,,Other angle,Car (sedan/hatch),Car (sedan/hatch),2,0,0,1,1,10,October,Spring,Thursday,14:00 - 15:59,Midday / afternoon,False,False,True,True
1376265,Injury,Moderate Injury,2024,2024,December,Tuesday,06:00 - 07:59,MANNING,PL,30,West,DAINTREE,DR,ALBION PARK,,No,Not a school zone,2-way undivided,-34.589426,150.775783,Shellharbour,Wollongong met. area,Syd-Newc-Woll Gtr conurbation,Straight,,,,Off,Sealed,Dry,Fine,Daylight,Nil,No traffic controls,50 km/h,Local,71,Off rd left => obj,703,Left off cway into object,,Vehicle - Object,4 wheel drive / SUV,,2,0,0,1,0,12,December,Summer,Tuesday,06:00 - 07:59,AM peak / school commute,True,False,True,True
1376269,Injury,Serious Injury,2024,2024,December,Wednesday,20:00 - 21:59,SILVER CITY,HWY,90,North,EYRE,ST,BROKEN HILL,22.0,No,Not a school zone,2-way undivided,-31.977972,141.45566,Broken Hill,Country urban,Rest of NSW - Urban,Curved,Steep grade,,,On,Sealed,Dry,Fine,Dusk,Nil,No traffic controls,50 km/h,State,81,Off left/rt bnd=>obj,803,Off right bend into obj,Left,Vehicle - Object,Car (sedan/hatch),,1,0,1,1,0,12,December,Summer,Wednesday,20:00 - 21:59,Evening / night,False,False,True,True
1376271,Injury,Minor/Other Injury,2024,2024,August,Saturday,16:00 - 17:59,CAWARRA,RD,0,Right on the spot,PARRAWEENA,RD,CARINGBAH,,No,Not a school zone,Roundabout,-34.026039,151.126603,Sutherland,Sydney metro. area,Syd-Newc-Woll Gtr conurbation,Straight,,,,Off,Sealed,Dry,Fine,Daylight,Nil,Give way sign,50 km/h,Local,10,Cross traffic,101,Adj - Cross traffic,,Right angle,Car (sedan/hatch),4 wheel drive / SUV,2,0,0,0,1,8,August,Winter,Saturday,16:00 - 17:59,PM peak / evening commute,True,False,True,True
1376319,Injury,Serious Injury,2024,2024,October,Monday,08:00 - 09:59,DENING,ST,0,Right on the spot,THE ENTRANCE,RD,THE ENTRANCE,,No,Not a school zone,T-junction,-33.344678,151.4964,Central Coast,Country urban,Syd-Newc-Woll Gtr conurbation,Straight,,,,Nil,Sealed,Wet,Raining,Daylight,On,Ped crossing,50 km/h,Local,75,Off end of road,709,Off end cway or T junct,,Rollover,Car (sedan/hatch),,1,0,2,0,0,10,October,Spring,Monday,08:00 - 09:59,AM peak / school commute,True,False,True,True