crash_id,degree_of_crash,degree_of_crash_-_detailed,reporting_year,year_of_crash,month_of_crash,day_of_week_of_crash,two-hour_intervals,street_of_crash,street_type,distance,direction,identifying_feature,identifying_feature_type,town,route_no.,school_zone_location,school_zone_active,type_of_location,latitude,longitude,lga,urbanisation,conurbation_1,alignment,primary_permanent_feature,primary_temporary_feature,primary_hazardous_feature,street_lighting,road_surface,surface_condition,weather,natural_lighting,signals_operation,other_traffic_control,speed_limit,road_classification_(admin),rum_-_code,rum_-_description,dca_-_code,dca_-_description,dca_supplement,first_impact_type,key_tu_type,other_tu_type,no._of_traffic_units_involved,no._killed,no._seriously_injured,no._moderately_injured,no._minor-other_injured,month_num,month_label,season,day_label,time_label,time_band,is_peak_commute,is_fatal,is_injury,is_casualty
1376330,Injury,Minor/Other Injury,2024,2024,October,Thursday,06:00 - 07:59,WINDSOR,RD,0,Right on the spot,PITT TOWN ROAD,TO,MCGRATHS HILL,181.0,No,Not a school zone,2-way undivided,-33.615571,150.833957,Hawkesbury,Country urban,Syd-Newc-Woll Gtr conurbation,Straight,,,,Nil,Sealed,Dry,Fine,Dawn,Nil,No traffic controls,80 km/h,State,30,Rear end,301,Same - Rear end,,Rear end,4 wheel drive / SUV,Car (sedan/hatch),2,0,0,0,1,10,October,Spring,Thursday,06:00 - 07:59,AM peak / school commute,True,False,True,True
1376345,Injury,Serious Injury,2024,2024,October,Sunday,14:00 - 15:59,GREENMOUNT,TRL,999999,Unknown/not stated,UNKNOWN,UK,CANDELO,,No,Not a school zone,2-way undivided,-36.818905,149.661301,Bega Valley,Country non-urban,Rest of NSW - Rural,Curved,Steep grade,,,Nil,Unsealed,Dry,Fine,Daylight,Nil,No traffic controls,100 km/h,Local,88,Out of cont on bend,805,Out of control on bend,,Rollover,Quad bike,,1,0,1,0,2,10,October,Spring,Sunday,14:00 - 15:59,Midday / afternoon,False,False,True,True
1376351,Injury,Serious Injury,2024,2024,November,Wednesday,12:00 - 13:59,MACQUARIE,DR,0,Right on the spot,HARKINS,ST,ELEEBANA,527.0,No,Not a school zone,T-junction,-32.9905,151.635586,Lake Macquarie,Newcastle met. area,Syd-Newc-Woll Gtr conurbation,Straight,,,,Nil,Sealed,Dry,Fine,Daylight,Nil,Stop sign,60 km/h,State,13,Right near,104,Adj - Right-thru from right,,Right angle,Car (sedan/hatch),Car (sedan/hatch),2,0,1,0,0,11,November,Spring,Wednesday,12:00 - 13:59,Midday / afternoon,False,False,True,True
1376352,Injury,Moderate Injury,2024,2024,October,Tuesday,14:00 - 15:59,DOURO,ST,0,Right on the spot,NICHOLSON,ST,MUDGEE,,No,Not a school zone,X-intersection,-32.601073,149.581787,Mid-Western Regional,Country urban,Rest of NSW - Urban,Straight,,,,Off,Sealed,Dry,Fine,Daylight,Nil,Give way sign,50 km/h,Local,10,Cross traffic,101,Adj - Cross traffic,,Right angle,Light truck utility(from 2018),Car (sedan/hatch),2,0,0,1,0,10,October,Spring,Tuesday,14:00 - 15:59,Midday / afternoon,False,False,True,True
1376353,Injury,Minor/Other Injury,2024,2024,November,Sunday,06:00 - 07:59,PITTWATER,RD,20,South,EUROBIN,AVE,MANLY,159.0,Yes,No,2-way undivided,-33.785813,151.281014,Northern Beaches,Sydney metro. area,Syd-Newc-Woll Gtr conurbation,Straight,Painted double centre lines,,,On,Sealed,Dry,Fine,Daylight,Nil,No traffic controls,50 km/h,State,20,Head on,201,Opp - Head on,,Head-on,4 wheel drive / SUV,4 wheel drive / SUV,2,0,0,0,1,11,November,Spring,Sunday,06:00 - 07:59,AM peak / school commute,True,False,True,True
1376354,Injury,Minor/Other Injury,2024,2024,November,Wednesday,12:00 - 13:59,ANDERSON,ST,0,Right on the spot,HAYWARD,ST,KINGSFORD,,No,Not a school zone,X-intersection,-33.927894,151.230748,Randwick,Sydney metro. area,Syd-Newc-Woll Gtr conurbation,Straight,,,,Off,Sealed,Dry,Fine,Daylight,Nil,Give way sign,50 km/h,Local,10,Cross traffic,101,Adj - Cross traffic,,Right angle,Light truck,Light truck,2,0,0,0,1,11,November,Spring,Wednesday,12:00 - 13:59,Midday / afternoon,False,False,True,True
1376357,Injury,Minor/Other Injury,2024,2024,November,Friday,20:00 - 21:59,SMIDMORE,ST,0,Right on the spot,MARRICKVILLE METRO,ENT,MARRICKVILLE,,No,Not a school zone,2-way undivided,-33.907744,151.171622,Inner West,Sydney metro. area,Syd-Newc-Woll Gtr conurbation,Straight,Driveway/entrance,,,On,Sealed,Dry,Fine,Darkness,Nil,Give way sign,50 km/h,Local,47,Emerging from drive,406,Manov - Emerging from driveway,,Right angle,4 wheel drive / SUV,Motor scooter,2,0,0,0,1,11,November,Spring,Friday,20:00 - 21:59,Evening / night,False,False,True,True
1376358,Injury,Serious Injury,2024,2024,December,Saturday,10:00 - 11:59,CROWN,ST,0,Right on the spot,SHEILA,ST,GRANTHAM FARM,,No,Not a school zone,T-junction,-33.665192,150.871436,Blacktown,Sydney metro. area,Syd-Newc-Woll Gtr conurbation,Straight,,,,Off,Sealed,Wet,Raining,Daylight,Nil,No traffic controls,60 km/h,Local,11,Right far,102,Adj - Right-thru from left,,Right angle,Car (sedan/hatch),Station wagon,2,0,1,1,0,12,December,Summer,Saturday,10:00 - 11:59,Midday / afternoon,False,False,True,True
1376360,Injury,Serious Injury,2024,2024,November,Thursday,06:00 - 07:59,BRUXNER,HWY,10,West,SCHIELERS,RD,TOMKI,16.0,No,Not a school zone,T-junction,-28.873379,153.131623,Richmond Valley,Country non-urban,Rest of NSW - Rural,Curved,,,Loose gravel shoulder,Nil,Sealed,Dry,Fine,Daylight,Nil,No traffic controls,100 km/h,State,84,Off right/left bend,802,Off cway left bend,Right,Rollover,4 wheel drive / SUV,,1,0,1,0,0,11,November,Spring,Thursday,06:00 - 07:59,AM peak / school commute,True,False,True,True
1376361,Injury,Moderate Injury,2024,2024,October,Friday,12:00 - 13:59,ELIZABETH,DR,0,Right on the spot,ADAMS,RD,LUDDENHAM,535.0,No,Not a school zone,T-junction,-33.869053,150.718358,Liverpool,Sydney metro. area,Syd-Newc-Woll Gtr conurbation,Curved,,,,Nil,Sealed,Dry,Fine,Daylight,Nil,No traffic controls,80 km/h,State,13,Right near,104,Adj - Right-thru from right,,Right angle,Large rigid,Large rigid,2,0,0,1,0,10,October,Spring,Friday,12:00 - 13:59,Midday / afternoon,False,False,True,True
1376363,Injury,Serious Injury,2024,2024,December,Friday,22:00 - Midnight,MACARTHUR,ST,115,North,WAKADEN,ST,GRIFFITH,,No,Not a school zone,2-way undivided,-34.285321,146.05642,Griffith,Country urban,Rest of NSW - Urban,Curved,,,,On,Sealed,Dry,Fine,Darkness,Nil,No traffic controls,50 km/h,Local,90,Fell in/from vehicle,901,Fell in/from vehicle,,Person - Object,Motorcycle,,1,0,1,0,0,12,December,Summer,Friday,22:00 - Midnight,Evening / night,False,False,True,True
1376364,Injury,Moderate Injury,2024,2024,December,Wednesday,18:00 - 19:59,ELANORA,RD,0,Right on the spot,LUMEAH,AVE,ELANORA HEIGHTS,,No,Not a school zone,Roundabout,-33.700818,151.279043,Northern Beaches,Sydney metro. area,Syd-Newc-Woll Gtr conurbation,Curved,,,,Off,Sealed,Wet,Raining,Dusk,Nil,Give way sign,50 km/h,Local,81,Off left/rt bnd=>obj,707,Right turn,Left,Vehicle - Object,Car (sedan/hatch),,1,0,0,1,0,12,December,Summer,Wednesday,18:00 - 19:59,PM peak / evening commute,True,False,True,True
1376366,Injury,Serious Injury,2024,2024,November,Sunday,14:00 - 15:59,GRENFELL,RD,100,South,LOCKWOOD,RD,CARGO,237.0,No,Not a school zone,2-way undivided,-33.43673,148.780482,Cabonne,Country non-urban,Rest of NSW - Rural,Straight,,,Loose gravel shoulder,Nil,Sealed,Dry,Fine,Daylight,Nil,No traffic controls,100 km/h,Regional,71,Off rd left => obj,703,Left off cway into object,,Vehicle - Object,4 wheel drive / SUV,,1,0,2,0,0,11,November,Spring,Sunday,14:00 - 15:59,Midday / afternoon,False,False,True,True
1376367,Injury,Serious Injury,2024,2024,December,Friday,10:00 - 11:59,HUME,HWY,415,South,SNOWY MOUNTAINS HIGHWAY,TO,MOUNT ADRAH,2.0,No,Not a school zone,Divided road,-35.17915,147.854914,Cootamundra-Gundagai,Country non-urban,Rest of NSW - Rural,Straight,Driveway/entrance,,,Nil,Sealed,Dry,Fine,Daylight,Nil,No traffic controls,110 km/h,State,47,Emerging from drive,406,Manov - Emerging from driveway,,Right angle,Semi-trailer,Car (sedan/hatch),2,0,1,0,0,12,December,Summer,Friday,10:00 - 11:59,Midday / afternoon,False,False,True,True
1376368,Injury,Serious Injury,2024,2024,September,Monday,14:00 - 15:59,HARBOUR,ST,15,West,BATEAU BAY,RD,BATEAU BAY,,No,Not a school zone,2-way undivided,-33.381197,151.481578,Central Coast,Country urban,Syd-Newc-Woll Gtr conurbation,Straight,Driveway/entrance,,,Off,Sealed,Dry,Fine,Daylight,Nil,No traffic controls,50 km/h,Local,2,Ped far side,3,Ped - Far side,,Vehicle - Pedestrian,Car (sedan/hatch),Pedestrian,2,0,1,0,0,9,September,Spring,Monday,14:00 - 15:59,Midday / afternoon,False,False,True,True
1376370,Injury,Serious Injury,2024,2024,November,Friday,14:00 - 15:59,OCEAN,DR,100,South,EMERALD,DR,PORT MACQUARIE,600.0,No,Not a school zone,2-way undivided,-31.479802,152.915413,Port Macquarie-Hastings,Country urban,Rest of NSW - Urban,Straight,,Roadwks/Detour/Diverson,,Off,Sealed,Dry,Fine,Daylight,On,No traffic controls,50 km/h,Regional,20,Head on,201,Opp - Head on,,Head-on,Car (sedan/hatch),Light truck,3,0,1,0,0,11,November,Spring,Friday,14:00 - 15:59,Midday / afternoon,False,False,True,True
1376371,Injury,Serious Injury,2024,2024,December,Sunday,22:00 - Midnight,CHESTER HILL,RD,10,North,BADEN,AVE,BASS HILL,,No,Not a school zone,T-junction,-33.894678,150.997432,Canterbury-Bankstown,Sydney metro. area,Syd-Newc-Woll Gtr conurbation,Straight,,,,On,Sealed,Dry,Fine,Darkness,Nil,No traffic controls,60 km/h,Local,40,U turn,304,Same - U-turn,,Other angle,4 wheel drive / SUV,Car (sedan/hatch),2,0,1,2,1,12,December,Summer,Sunday,22:00 - Midnight,Evening / night,False,False,True,True
1376373,Injury,Moderate Injury,2024,2024,November,Friday,22:00 - Midnight,MACLEAY,ST,0,Right on the spot,NUMBER 44-46,HN,ELIZABETH BAY,,No,Not a school zone,2-way undivided,-33.870842,151.225281,Sydney,Sydney metro. area,Syd-Newc-Woll Gtr conurbation,Straight,,,,On,Sealed,Dry,Fine,Darkness,Nil,Ped crossing,40 km/h,Local,90,Fell in/from vehicle,901,Fell in/from vehicle,,Person - Object,Car (sedan/hatch),,1,0,0,1,0,11,November,Spring,Friday,22:00 - Midnight,Evening / night,False,False,True,True
1376374,Injury,Moderate Injury,2024,2024,December,Sunday,16:00 - 17:59,TWEED VALLEY,WAY,0,Right on the spot,NUMBER 8562,HN,TUMBULGUM,679.0,No,Not a school zone,2-way undivided,-28.285983,153.462228,Tweed,Country non-urban,Rest of NSW - Rural,Straight,Driveway/entrance,,,Unknown / not stated,Sealed,Dry,Fine,Daylight,Nil,No traffic controls,100 km/h,Regional,47,Emerging from drive,406,Manov - Emerging from driveway,,Right angle,4 wheel drive / SUV,Light truck utility(from 2018),2,0,0,1,1,12,December,Summer,Sunday,16:00 - 17:59,PM peak / evening commute,True,False,True,True
1376375,Injury,Moderate Injury,2024,2024,November,Friday,18:00 - 19:59,CARILLON,AVE,0,Right on the spot,NUMBER 138,HN,CAMPERDOWN,7085.0,No,Not a school zone,Divided road,-33.891249,151.180469,Sydney,Sydney metro. area,Syd-Newc-Woll Gtr conurbation,Straight,,,,Nil,Sealed,Dry,Fine,Daylight,Nil,No traffic controls,50 km/h,Regional,40,U turn,304,Same - U-turn,,Other angle,Pedal cycle,Station wagon,2,0,0,1,0,11,November,Spring,Friday,18:00 - 19:59,PM peak / evening commute,True,False,True,True
1376376,Injury,Moderate Injury,2024,2024,October,Friday,08:00 - 09:59,WONIORA,RD,20,North,GREENBANK,ST,HURSTVILLE,7010.0,No,Not a school zone,2-way undivided,-33.967717,151.10095,Georges River,Sydney metro. area,Syd-Newc-Woll Gtr conurbation,Straight,Steep grade,,,Off,Sealed,Dry,Fine,Daylight,Nil,No traffic controls,60 km/h,Regional,30,Rear end,301,Same - Rear end,,Rear end,Car (sedan/hatch),Car (sedan/hatch),3,0,0,1,0,10,October,Spring,Friday,08:00 - 09:59,AM peak / school commute,True,False,True,True
1376378,Injury,Serious Injury,2024,2024,August,Saturday,10:00 - 11:59,GREENDALE,RD,3700,South,PARK,RD,WALLACIA,,No,Not a school zone,2-way undivided,-33.892938,150.655441,Liverpool,Sydney metro. area,Syd-Newc-Woll Gtr conurbation,Curved,Painted double centre lines,,,Nil,Sealed,Dry,Fine,Daylight,Nil,No traffic controls,80 km/h,Local,20,Head on,201,Opp - Head on,,Head-on,Motorcycle,Car (sedan/hatch),2,0,2,0,0,8,August,Winter,Saturday,10:00 - 11:59,Midday / afternoon,False,False,True,True
1376383,Injury,Serious Injury,2024,2024,November,Sunday,12:00 - 13:59,WOODSTOCK,RD,0,Right on the spot,MIMOSA PARK,RD,WOODBURN,,No,Not a school zone,T-junction,-35.383835,150.365653,Shoalhaven,Country urban,Rest of NSW - Urban,Curved,Embankment/cutting,,Loose gravel shoulder,Nil,Sealed,Dry,Fine,Daylight,Nil,No traffic controls,80 km/h,Local,83,Off rt/rt bnd=>obj,803,Off right bend into obj,Right,Vehicle - Object,4 wheel drive / SUV,,1,0,1,0,0,11,November,Spring,Sunday,12:00 - 13:59,Midday / afternoon,False,False,True,True
1376385,Injury,Serious Injury,2024,2024,December,Saturday,14:00 - 15:59,CAMDEN,BYPA,0,Right on the spot,BURRAGORANG,RD,CAMDEN SOUTH,620.0,No,Not a school zone,T-junction,-34.076073,150.694987,Camden,Sydney metro. area,Syd-Newc-Woll Gtr conurbation,Curved,,,,Off,Sealed,Wet,Raining,Daylight,On,No traffic controls,80 km/h,Regional,21,Right through,202,Opp - Right-thru,,Other angle,4 wheel drive / SUV,Car (sedan/hatch),2,0,1,1,0,12,December,Summer,Saturday,14:00 - 15:59,Midday / afternoon,False,False,True,True
1376387,Injury,Serious Injury,2024,2024,November,Friday,10:00 - 11:59,IDA,ST,0,Right on the spot,NAPOLEON,ST,SANS SOUCI,,No,Not a school zone,Roundabout,-33.99816,151.135652,Bayside,Sydney metro. area,Syd-Newc-Woll Gtr conurbation,Straight,,,,Nil,Sealed,Dry,Fine,Daylight,Nil,Give way sign,50 km/h,Local,10,Cross traffic,101,Adj - Cross traffic,,Right angle,Car (sedan/hatch),4 wheel drive / SUV,2,0,1,1,0,11,November,Spring,Friday,10:00 - 11:59,Midday / afternoon,False,False,True,True
1376390,Injury,Serious Injury,2024,2024,August,Thursday,14:00 - 15:59,HUMPHRIES,RD,20,North,MASON,PL,BONNYRIGG,,Yes,No,2-way undivided,-33.893004,150.898353,Fairfield,Sydney metro. area,Syd-Newc-Woll Gtr conurbation,Straight,,,,Off,Sealed,Dry,Fine,Daylight,Nil,No traffic controls,60 km/h,Local,1,Ped emerging,2,Ped - emerging,,Vehicle - Pedestrian,Unknown motor vehicle,Pedestrian,3,0,1,0,1,8,August,Winter,Thursday,14:00 - 15:59,Midday / afternoon,False,False,True,True
1376401,Injury,Serious Injury,2024,2024,December,Thursday,00:01 - 01:59,GREAT WESTERN,HWY,200,West,HUNTINGWOOD,DR,HUNTINGWOOD,5.0,No,Not a school zone,Divided road,-33.795119,150.886574,Blacktown,Sydney metro. area,Syd-Newc-Woll Gtr conurbation,Straight,,,,On,Sealed,Dry,Fine,Darkness,Nil,No traffic controls,80 km/h,State,62,Accident,603,On path - Previous accident,,Other angle,4 wheel drive / SUV,Car (sedan/hatch),2,0,1,1,0,12,December,Summer,Thursday,00:01 - 01:59,Late night / early morning,False,False,True,True
1376411,Injury,Moderate Injury,2024,2024,November,Saturday,08:00 - 09:59,GREAT WESTERN,HWY,0,Right on the spot,BIRNIE,AVE,LIDCOMBE,5.0,No,Not a school zone,X-intersection,-33.85484,151.061436,Cumberland,Sydney metro. area,Syd-Newc-Woll Gtr conurbation,Straight,,,,Off,Sealed,Dry,Fine,Daylight,On,No traffic controls,60 km/h,State,21,Right through,202,Opp - Right-thru,,Other angle,Motorcycle,4 wheel drive / SUV,2,0,0,1,0,11,November,Spring,Saturday,08:00 - 09:59,AM peak / school commute,True,False,True,True
1376415,Injury,Serious Injury,2024,2024,December,Friday,16:00 - 17:59,MARION,ST,0,Right on the spot,NUMBER 280,HN,BANKSTOWN,7121.0,No,Not a school zone,2-way undivided,-33.916035,151.013537,Canterbury-Bankstown,Sydney metro. area,Syd-Newc-Woll Gtr conurbation,Straight,Driveway/entrance,,,Off,Sealed,Dry,Fine,Daylight,Nil,No traffic controls,60 km/h,Regional,47,Emerging from drive,406,Manov - Emerging from driveway,,Right angle,Car (sedan/hatch),Car (sedan/hatch),3,0,1,1,0,12,December,Summer,Friday,16:00 - 17:59,PM peak / evening commute,True,False,True,True
1376422,Injury,Moderate Injury,2024,2024,December,Sunday,12:00 - 13:59,CHURCHILL,RD,0,Right on the spot,NUMBER 44,HN,FORSTER,,No,Not a school zone,2-way undivided,-32.191887,152.531049,Mid-Coast,Country urban,Rest of NSW - Urban,Straight,Steep grade,,,Nil,Sealed,Dry,Fine,Daylight,Nil,No traffic controls,50 km/h,Local,74,On road-out of cont.,705,Out of control on cway,,Rollover,Motorcycle,,1,0,0,1,0,12,December,Summer,Sunday,12:00 - 13:59,Midday / afternoon,False,False,True,True
1376454,Injury,Moderate Injury,2024,2024,October,Friday,12:00 - 13:59,GREAT WESTERN,HWY,0,Right on the spot,FALLS,RD,WENTWORTH FALLS,5.0,Yes,No,X-intersection,-33.709543,150.37315,Blue Mountains,Country urban,Syd-Newc-Woll Gtr conurbation,Straight,Steep grade,,,Off,Sealed,Dry,Fine,Daylight,On,No traffic controls,60 km/h,State,30,Rear end,301,Same - Rear end,,Rear end,Passenger van,Light truck,2,0,0,2,0,10,October,Spring,Friday,12:00 - 13:59,Midday / afternoon,False,False,True,True
1376460,Injury,Minor/Other Injury,2024,2024,October,Wednesday,06:00 - 07:59,DUKE,ST,0,Right on the spot,GREY,ST,CLARENCE TOWN,,No,Not a school zone,X-intersection,-32.583788,151.779718,Dungog,Country urban,Rest of NSW - Urban,Straight,,,,Off,Sealed,Dry,Fine,Daylight,Nil,Give way sign,50 km/h,Local,21,Right through,202,Opp - Right-thru,,Other angle,Car (sedan/hatch),Light truck utility(from 2018),2,0,0,0,1,10,October,Spring,Wednesday,06:00 - 07:59,AM peak / school commute,True,False,True,True
1376560,Injury,Serious Injury,2024,2024,December,Monday,22:00 - Midnight,STACEY,ST,0,Right on the spot,STANLEY,ST,BANKSTOWN,190.0,No,Not a school zone,T-junction,-33.921302,151.039309,Canterbury-Bankstown,Sydney metro. area,Syd-Newc-Woll Gtr conurbation,Straight,,,,On,Sealed,Dry,Fine,Darkness,On,No traffic controls,70 km/h,State,21,Right through,202,Opp - Right-thru,,Other angle,4 wheel drive / SUV,Motorcycle,2,0,1,0,0,12,December,Summer,Monday,22:00 - Midnight,Evening / night,False,False,True,True
1376571,Injury,Moderate Injury,2024,2024,December,Saturday,18:00 - 19:59,KEMBLAWARRA,RD,200,South,HOSKINS,AVE,WARRAWONG,,No,Not a school zone,2-way undivided,-34.491479,150.892025,Wollongong,Wollongong met. area,Syd-Newc-Woll Gtr conurbation,Straight,,,,Off,Sealed,Dry,Fine,Daylight,Nil,No traffic controls,50 km/h,Local,74,On road-out of cont.,705,Out of control on cway,,Rollover,Motorcycle,,1,0,0,1,0,12,December,Summer,Saturday,18:00 - 19:59,PM peak / evening commute,True,False,True,True
1376573,Injury,Moderate Injury,2024,2024,November,Saturday,14:00 - 15:59,BLACKTOWN,RD,0,Right on the spot,THE DRIFTWAY,MS,SOUTH WINDSOR,537.0,No,Not a school zone,T-junction,-33.633106,150.778528,Hawkesbury,Country urban,Syd-Newc-Woll Gtr conurbation,Straight,,,,Off,Sealed,Dry,Fine,Daylight,Nil,Stop sign,80 km/h,State,13,Right near,104,Adj - Right-thru from right,,Right angle,Car (sedan/hatch),4 wheel drive / SUV,2,0,0,1,0,11,November,Spring,Saturday,14:00 - 15:59,Midday / afternoon,False,False,True,True
1376592,Injury,Minor/Other Injury,2024,2024,November,Tuesday,16:00 - 17:59,MANNING,ST,0,Right on the spot,TAREE,ST,TUNCURRY,692.0,No,Not a school zone,T-junction,-32.17918,152.500525,Mid-Coast,Country urban,Rest of NSW - Urban,Curved,,,,Off,Sealed,Wet,Overcast,Dusk,Nil,Give way sign,50 km/h,State,13,Right near,104,Adj - Right-thru from right,,Right angle,Car (sedan/hatch),Light truck utility(from 2018),2,0,0,0,1,11,November,Spring,Tuesday,16:00 - 17:59,PM peak / evening commute,True,False,True,True
1376619,Injury,Moderate Injury,2024,2024,December,Saturday,16:00 - 17:59,MANNS,RD,0,Right on the spot,GRIEVE,RD,WEST GOSFORD,349.0,No,Not a school zone,X-intersection,-33.424854,151.319296,Central Coast,Country urban,Syd-Newc-Woll Gtr conurbation,Straight,,,,Off,Sealed,Dry,Fine,Daylight,On,No traffic controls,60 km/h,State,21,Right through,202,Opp - Right-thru,,Other angle,4 wheel drive / SUV,4 wheel drive / SUV,2,0,0,1,2,12,December,Summer,Saturday,16:00 - 17:59,PM peak / evening commute,True,False,True,True
1376631,Injury,Moderate Injury,2024,2024,November,Sunday,16:00 - 17:59,NEW ENGLAND,HWY,2000,North,TOP GOWRIE,RD,GOONOO GOONOO,9.0,No,Not a school zone,2-way undivided,-31.323575,150.884637,Tamworth Regional,Country non-urban,Rest of NSW - Rural,Curved,,,,Nil,Sealed,Dry,Fine,Daylight,Nil,No traffic controls,100 km/h,State,80,Off left/right bend,801,Off cway right bend,Left,Rollover,Car (sedan/hatch),,1,0,0,1,0,11,November,Spring,Sunday,16:00 - 17:59,PM peak / evening commute,True,False,True,True
1376747,Injury,Serious Injury,2024,2024,December,Friday,10:00 - 11:59,JUNCTION POINT,RD,20000,North,BINDA,TN,CROOKED CORNER,54.0,No,Not a school zone,2-way undivided,-34.152842,149.334194,Upper Lachlan,Country urban,Rest of NSW - Urban,Curved,,,Potholes/corrugations/rough,Nil,Sealed,Dry,Fine,Daylight,Nil,No traffic controls,80 km/h,State,81,Off left/rt bnd=>obj,803,Off right bend into obj,Left,Vehicle - Object,Motorcycle,,1,0,1,0,0,12,December,Summer,Friday,10:00 - 11:59,Midday / afternoon,False,False,True,True
1376817,Injury,Serious Injury,2024,2024,September,Monday,06:00 - 07:59,M2 HILLS,EXP,0,Right on the spot,CHRISTIE,RD,MACQUARIE PARK,6002.0,No,Not a school zone,T-junction,-33.772312,151.119256,Ryde,Sydney metro. area,Syd-Newc-Woll Gtr conurbation,Straight,Other bridge,,,Off,Sealed,Dry,Fine,Daylight,On,Ped crossing,50 km/h,State,2,Ped far side,3,Ped - Far side,,Vehicle - Pedestrian,Car (sedan/hatch),Pedestrian,3,0,2,0,0,9,September,Spring,Monday,06:00 - 07:59,AM peak / school commute,True,False,True,True
1376824,Injury,Serious Injury,2024,2024,September,Sunday,14:00 - 15:59,HEAD,ST,0,Right on the spot,MACINTOSH,ST,FORSTER,692.0,No,Not a school zone,L-junction,-32.180337,152.517055,Mid-Coast,Country urban,Rest of NSW - Urban,Curved,,,,Off,Sealed,Wet,Raining,Daylight,Nil,No traffic controls,50 km/h,State,81,Off left/rt bnd=>obj,803,Off right bend into obj,Left,Vehicle - Object,Car (sedan/hatch),,1,0,1,0,0,9,September,Spring,Sunday,14:00 - 15:59,Midday / afternoon,False,False,True,True
1376825,Injury,Serious Injury,2024,2024,November,Thursday,08:00 - 09:59,BRADFIELD,HWY,0,Right on the spot,SYDNEY HARBOUR,BDGE,DAWES POINT,632.0,No,Not a school zone,Single limited access,-33.854229,151.209502,Sydney,Sydney metro. area,Syd-Newc-Woll Gtr conurbation,Straight,Other bridge,,,Nil,Sealed,Dry,Fine,Daylight,Nil,No traffic controls,70 km/h,State,20,Head on,201,Opp - Head on,,Head-on,Motorcycle,Unknown motor vehicle,2,0,1,0,0,11,November,Spring,Thursday,08:00 - 09:59,AM peak / school commute,True,False,True,True
1376826,Injury,Serious Injury,2024,2024,November,Saturday,14:00 - 15:59,QUEENS,RD,0,Right on the spot,WRIGHT,ST,HURSTVILLE,168.0,No,Not a school zone,X-intersection,-33.961652,151.105857,Georges River,Sydney metro. area,Syd-Newc-Woll Gtr conurbation,Straight,,,,Nil,Sealed,Dry,Overcast,Daylight,Nil,Stop sign,60 km/h,State,35,Lane change left,307,Same - Lane change left,,Other angle,Motorcycle,Light truck utility(from 2018),2,0,1,0,0,11,November,Spring,Saturday,14:00 - 15:59,Midday / afternoon,False,False,True,True
1376827,Injury,Serious Injury,2024,2024,November,Tuesday,22:00 - Midnight,ROSEMOUNT,RD,600,West,SURVEYOR GENERAL,DR,DENMAN,,No,Not a school zone,2-way undivided,-32.392246,150.673901,Muswellbrook,Country non-urban,Rest of NSW - Rural,Straight,,,Other hazardous feature,Nil,Sealed,Dry,Fine,Darkness,Nil,No traffic controls,100 km/h,Local,74,On road-out of cont.,705,Out of control on cway,,Rollover,Motorcycle,,1,0,1,0,0,11,November,Spring,Tuesday,22:00 - Midnight,Evening / night,False,False,True,True
1376828,Injury,Serious Injury,2024,2024,October,Saturday,12:00 - 13:59,JOHN,ST,0,Right on the spot,KING,ST,RANDWICK,,No,Not a school zone,T-junction,-33.906515,151.233354,Randwick,Sydney metro. area,Syd-Newc-Woll Gtr conurbation,Curved,,,,Nil,Sealed,Dry,Fine,Daylight,Nil,Give way sign,50 km/h,Local,88,Out of cont on bend,805,Out of control on bend,,Rollover,Motorcycle,,1,0,1,0,0,10,October,Spring,Saturday,12:00 - 13:59,Midday / afternoon,False,False,True,True
1376829,Injury,Serious Injury,2024,2024,September,Saturday,10:00 - 11:59,PACIFIC,HWY,0,Right on the spot,CARLOTTA,ST,ARTARMON,10.0,No,Not a school zone,T-junction,-33.817862,151.182331,Willoughby,Sydney metro. area,Syd-Newc-Woll Gtr conurbation,Curved,,,,Nil,Sealed,Dry,Fine,Daylight,Nil,Give way sign,60 km/h,State,81,Off left/rt bnd=>obj,803,Off right bend into obj,Left,Vehicle - Object,Light truck utility(from 2018),,1,0,1,0,0,9,September,Spring,Saturday,10:00 - 11:59,Midday / afternoon,False,False,True,True
1376830,Injury,Serious Injury,2024,2024,November,Tuesday,14:00 - 15:59,NEW ENGLAND,HWY,0,Right on the spot,DOUGLAS,ST,TENTERFIELD,9.0,No,Not a school zone,X-intersection,-29.05938,152.018036,Tenterfield,Country urban,Rest of NSW - Urban,Straight,Steep grade,,,Off,Sealed,Dry,Fine,Daylight,Nil,Stop sign,50 km/h,State,71,Off rd left => obj,703,Left off cway into object,,Vehicle - Object,4 wheel drive / SUV,,1,0,1,0,0,11,November,Spring,Tuesday,14:00 - 15:59,Midday / afternoon,False,False,True,True
1376831,Injury,Serious Injury,2024,2024,November,Friday,18:00 - 19:59,CENTRAL,RD,0,Right on the spot,NUMBER 20,HN,COORANBONG,,No,Not a school zone,2-way undivided,-33.080868,151.455076,Lake Macquarie,Newcastle met. area,Syd-Newc-Woll Gtr conurbation,Straight,Driveway/entrance,,,Nil,Sealed,Dry,Fine,Dusk,Nil,No traffic controls,50 km/h,Local,2,Ped far side,3,Ped - Far side,,Vehicle - Pedestrian,Car (sedan/hatch),Pedestrian,2,0,1,0,0,11,November,Spring,Friday,18:00 - 19:59,PM peak / evening commute,True,False,True,True