crash_id,degree_of_crash,degree_of_crash_-_detailed,reporting_year,year_of_crash,month_of_crash,day_of_week_of_crash,two-hour_intervals,street_of_crash,street_type,distance,direction,identifying_feature,identifying_feature_type,town,route_no.,school_zone_location,school_zone_active,type_of_location,latitude,longitude,lga,urbanisation,conurbation_1,alignment,primary_permanent_feature,primary_temporary_feature,primary_hazardous_feature,street_lighting,road_surface,surface_condition,weather,natural_lighting,signals_operation,other_traffic_control,speed_limit,road_classification_(admin),rum_-_code,rum_-_description,dca_-_code,dca_-_description,dca_supplement,first_impact_type,key_tu_type,other_tu_type,no._of_traffic_units_involved,no._killed,no._seriously_injured,no._moderately_injured,no._minor-other_injured,month_num,month_label,season,day_label,time_label,time_band,is_peak_commute,is_fatal,is_injury,is_casualty
1376834,Injury,Moderate Injury,2024,2024,November,Sunday,12:00 - 13:59,GRANT,ST,50,South,SMITH,ST,BROULEE,,No,Not a school zone,2-way undivided,-35.853884,150.176278,Eurobodalla,Country urban,Rest of NSW - Urban,Curved,Painted double centre lines,,,Off,Sealed,Dry,Fine,Daylight,Nil,No traffic controls,50 km/h,Local,20,Head on,201,Opp - Head on,,Head-on,4 wheel drive / SUV,Light truck,2,0,0,3,0,11,November,Spring,Sunday,12:00 - 13:59,Midday / afternoon,False,False,True,True
1376835,Injury,Moderate Injury,2024,2024,September,Sunday,00:01 - 01:59,HUME,HWY,0,Right on the spot,FREDERICK,ST,ASHFIELD,2.0,No,Not a school zone,X-intersection,-33.888516,151.117504,Inner West,Sydney metro. area,Syd-Newc-Woll Gtr conurbation,Straight,,,,On,Sealed,Dry,Fine,Darkness,On,Ped crossing,60 km/h,State,2,Ped far side,3,Ped - Far side,,Vehicle - Pedestrian,Car (sedan/hatch),Pedestrian,2,0,0,1,0,9,September,Spring,Sunday,00:01 - 01:59,Late night / early morning,False,False,True,True
1376836,Injury,Moderate Injury,2024,2024,October,Saturday,14:00 - 15:59,SHELLHARBOUR,RD,0,Right on the spot,QUEEN,ST,WARILLA,522.0,No,Not a school zone,T-junction,-34.545923,150.862167,Shellharbour,Wollongong met. area,Syd-Newc-Woll Gtr conurbation,Straight,Foot/cycle path/nature strip,,,Off,Sealed,Dry,Fine,Daylight,On,Ped crossing,70 km/h,State,48,From footpath,408,Manov - From footway,,Other angle,Motorised push scooters,Light truck utility(from 2018),2,0,0,2,0,10,October,Spring,Saturday,14:00 - 15:59,Midday / afternoon,False,False,True,True
1376837,Injury,Serious Injury,2024,2024,September,Sunday,12:00 - 13:59,SPARKS,RD,0,Right on the spot,BURNET,RD,HALLORAN,509.0,No,Not a school zone,T-junction,-33.231138,151.426637,Central Coast,Country urban,Syd-Newc-Woll Gtr conurbation,Curved,Crest,,,Off,Sealed,Dry,Overcast,Daylight,Nil,Stop sign,60 km/h,State,21,Right through,202,Opp - Right-thru,,Other angle,Car (sedan/hatch),Car (sedan/hatch),2,0,3,1,1,9,September,Spring,Sunday,12:00 - 13:59,Midday / afternoon,False,False,True,True
1376838,Injury,Moderate Injury,2024,2024,November,Saturday,06:00 - 07:59,RICHMOND,RD,500,South,ST MARYS,RD,BERKSHIRE PARK,537.0,No,Not a school zone,2-way undivided,-33.671266,150.806289,Penrith,Sydney metro. area,Syd-Newc-Woll Gtr conurbation,Straight,Painted double centre lines,,,Off,Sealed,Dry,Fine,Daylight,Nil,No traffic controls,80 km/h,State,30,Rear end,301,Same - Rear end,,Rear end,Car (sedan/hatch),Car (sedan/hatch),3,0,0,1,1,11,November,Spring,Saturday,06:00 - 07:59,AM peak / school commute,True,False,True,True
1376839,Injury,Serious Injury,2024,2024,November,Wednesday,16:00 - 17:59,CLARINDA,ST,35,East,CURRAJONG,ST,PARKES,61.0,No,Not a school zone,2-way undivided,-33.141024,148.177245,Parkes,Country urban,Rest of NSW - Urban,Curved,Driveway/entrance,,,Nil,Sealed,Dry,Fine,Daylight,Nil,No traffic controls,50 km/h,State,47,Emerging from drive,406,Manov - Emerging from driveway,,Right angle,Pedal cycle,Light truck utility(from 2018),2,0,1,0,0,11,November,Spring,Wednesday,16:00 - 17:59,PM peak / evening commute,True,False,True,True
1376840,Injury,Minor/Other Injury,2024,2024,November,Tuesday,08:00 - 09:59,RABY,RD,370,North,ESCHOL PARK,DR,RABY,7194.0,No,Not a school zone,Divided road,-34.024102,150.813991,Campbelltown,Sydney metro. area,Syd-Newc-Woll Gtr conurbation,Straight,Steep grade,,,Off,Sealed,Dry,Fine,Daylight,Nil,No traffic controls,70 km/h,Regional,73,Off rd rght => obj,704,Right off cway into obj,,Vehicle - Object,4 wheel drive / SUV,,1,0,0,0,1,11,November,Spring,Tuesday,08:00 - 09:59,AM peak / school commute,True,False,True,True
1376841,Injury,Moderate Injury,2024,2024,November,Saturday,14:00 - 15:59,HUME,HWY,0,Right on the spot,BRANCOURT,AVE,YAGOONA,2.0,Yes,No,T-junction,-33.908729,151.02887,Canterbury-Bankstown,Sydney metro. area,Syd-Newc-Woll Gtr conurbation,Straight,,,,Nil,Sealed,Dry,Fine,Daylight,Nil,Give way sign,60 km/h,State,13,Right near,104,Adj - Right-thru from right,,Right angle,Car (sedan/hatch),Car (sedan/hatch),2,0,0,1,1,11,November,Spring,Saturday,14:00 - 15:59,Midday / afternoon,False,False,True,True
1376843,Injury,Moderate Injury,2024,2024,October,Wednesday,14:00 - 15:59,MOOREBANK,AVE,0,Right on the spot,SOUTH WESTERN,EXP,MOOREBANK,657.0,No,Not a school zone,T-junction,-33.939757,150.924945,Liverpool,Sydney metro. area,Syd-Newc-Woll Gtr conurbation,Straight,Other bridge,,,On,Sealed,Dry,Fine,Daylight,On,No traffic controls,60 km/h,State,14,2 right turning,105,Adj - Two right turning,,Right angle,Motorcycle,Car (sedan/hatch),2,0,0,1,0,10,October,Spring,Wednesday,14:00 - 15:59,Midday / afternoon,False,False,True,True
1376844,Injury,Serious Injury,2024,2024,July,Wednesday,10:00 - 11:59,HUMPHREYS,LANE,0,Right on the spot,PARK,RD,HURSTVILLE,,No,Not a school zone,X-intersection,-33.966917,151.106126,Georges River,Sydney metro. area,Syd-Newc-Woll Gtr conurbation,Straight,,,,Nil,Sealed,Dry,Fine,Daylight,Nil,No left turn,50 km/h,Local,0,Ped nearside,1,Ped - Near side,,Vehicle - Pedestrian,Car (sedan/hatch),Pedestrian,2,0,1,0,0,7,July,Winter,Wednesday,10:00 - 11:59,Midday / afternoon,False,False,True,True
1376845,Injury,Serious Injury,2024,2024,October,Sunday,10:00 - 11:59,MILBRODALE,RD,550,West,WOLLOMBI,RD,BROKE,,No,Not a school zone,2-way undivided,-32.751324,151.097483,Singleton,Country urban,Rest of NSW - Urban,Straight,,,,Nil,Sealed,Dry,Fine,Daylight,Nil,No traffic controls,60 km/h,Local,74,On road-out of cont.,705,Out of control on cway,,Rollover,Motorcycle,,1,0,1,0,0,10,October,Spring,Sunday,10:00 - 11:59,Midday / afternoon,False,False,True,True
1376847,Injury,Serious Injury,2024,2024,October,Sunday,14:00 - 15:59,RAILWAY,PDE,0,Right on the spot,NUMBER 1-3,HN,HURSTVILLE,7006.0,No,Not a school zone,2-way undivided,-33.968832,151.102784,Georges River,Sydney metro. area,Syd-Newc-Woll Gtr conurbation,Straight,Steep grade,,,Off,Sealed,Dry,Fine,Daylight,Nil,No traffic controls,50 km/h,Regional,1,Ped emerging,2,Ped - emerging,,Vehicle - Pedestrian,Car (sedan/hatch),Pedestrian,2,0,1,0,0,10,October,Spring,Sunday,14:00 - 15:59,Midday / afternoon,False,False,True,True
1376851,Injury,Serious Injury,2024,2024,October,Thursday,14:00 - 15:59,ANZAC,RD,0,Right on the spot,DELFIN,DR,WATTLE GROVE,,No,Not a school zone,Roundabout,-33.946111,150.940301,Liverpool,Sydney metro. area,Syd-Newc-Woll Gtr conurbation,Straight,,Roadwks/Detour/Diverson,,Off,Sealed,Dry,Fine,Daylight,Nil,Give way sign,60 km/h,Local,16,Left near,107,Adj - Left-thru from right,,Right angle,4 wheel drive / SUV,Pedal cycle,2,0,1,1,0,10,October,Spring,Thursday,14:00 - 15:59,Midday / afternoon,False,False,True,True
1376852,Injury,Serious Injury,2024,2024,September,Friday,04:00 - 05:59,PACIFIC,HWY,700,South,HANK,ST,HEATHERBRAE,10.0,No,Not a school zone,Divided road,-32.796411,151.720422,Port Stephens,Country urban,Rest of NSW - Urban,Straight,,Roadwks/Detour/Diverson,,On,Sealed,Dry,Fine,Dawn,Nil,No traffic controls,60 km/h,State,71,Off rd left => obj,703,Left off cway into object,,Vehicle - Object,Car (sedan/hatch),,1,0,1,0,0,9,September,Spring,Friday,04:00 - 05:59,Late night / early morning,False,False,True,True
1376853,Injury,Serious Injury,2024,2024,October,Sunday,18:00 - 19:59,THE NORTHERN,RD,0,Right on the spot,JORDAN SPRINGS,BVD,JORDAN SPRINGS,154.0,No,Not a school zone,T-junction,-33.727503,150.720439,Penrith,Sydney metro. area,Syd-Newc-Woll Gtr conurbation,Straight,,,,Off,Sealed,Dry,Fine,Daylight,On,No traffic controls,70 km/h,State,36,Right turn sideswipe,308,Same - Rgt turn side swipe,,Other angle,Unknown motor vehicle,Motor scooter,2,0,1,1,0,10,October,Spring,Sunday,18:00 - 19:59,PM peak / evening commute,True,False,True,True
1376854,Injury,Serious Injury,2024,2024,December,Wednesday,20:00 - 21:59,GRAY,ST,0,Right on the spot,KENSINGTON,ST,KOGARAH,,No,Not a school zone,Roundabout,-33.966773,151.132006,Georges River,Sydney metro. area,Syd-Newc-Woll Gtr conurbation,Straight,,,,On,Sealed,Dry,Fine,Darkness,Nil,Give way sign,40 km/h,Local,11,Right far,102,Adj - Right-thru from left,,Right angle,Motorcycle,Light truck,2,0,1,0,0,12,December,Summer,Wednesday,20:00 - 21:59,Evening / night,False,False,True,True
1376855,Injury,Moderate Injury,2024,2024,September,Wednesday,22:00 - Midnight,PUNCHBOWL,RD,0,Right on the spot,WANGEE,RD,LAKEMBA,549.0,No,Not a school zone,X-intersection,-33.911509,151.072883,Canterbury-Bankstown,Sydney metro. area,Syd-Newc-Woll Gtr conurbation,Straight,,,,On,Sealed,Wet,Raining,Darkness,On,No traffic controls,60 km/h,State,10,Cross traffic,101,Adj - Cross traffic,,Right angle,Car (sedan/hatch),Car (sedan/hatch),3,0,0,1,1,9,September,Spring,Wednesday,22:00 - Midnight,Evening / night,False,False,True,True
1376856,Injury,Moderate Injury,2024,2024,August,Saturday,10:00 - 11:59,MACQUARIE,ST,0,Right on the spot,KABLE,ST,WINDSOR,184.0,No,Not a school zone,X-intersection,-33.606761,150.822191,Hawkesbury,Country urban,Syd-Newc-Woll Gtr conurbation,Straight,,,,Off,Sealed,Dry,Fine,Daylight,On,No traffic controls,60 km/h,State,21,Right through,202,Opp - Right-thru,,Other angle,Car (sedan/hatch),Car (sedan/hatch),2,0,0,1,0,8,August,Winter,Saturday,10:00 - 11:59,Midday / afternoon,False,False,True,True
1376857,Injury,Serious Injury,2024,2024,October,Friday,16:00 - 17:59,PACIFIC,HWY,2000,North,KENNEDYS GAP,RD,COOLONGOLOOK,10.0,No,Not a school zone,Divided road,-32.231361,152.31929,Mid-Coast,Country non-urban,Rest of NSW - Rural,Curved,,,,Nil,Sealed,Dry,Fine,Daylight,Nil,No traffic controls,100 km/h,State,83,Off rt/rt bnd=>obj,803,Off right bend into obj,Right,Vehicle - Object,Light truck,,1,0,1,0,1,10,October,Spring,Friday,16:00 - 17:59,PM peak / evening commute,True,False,True,True
1376858,Injury,Minor/Other Injury,2024,2024,November,Saturday,22:00 - Midnight,NEWELL,HWY,0,Right on the spot,MUNGLE CREEK REST AREA,OT,BOGGABILLA,17.0,No,Not a school zone,2-way undivided,-28.850364,150.220258,Moree Plains,Country non-urban,Rest of NSW - Rural,Straight,,,,Nil,Sealed,Dry,Fine,Darkness,Nil,No traffic controls,110 km/h,State,74,On road-out of cont.,705,Out of control on cway,,Rollover,Road train,,1,0,0,0,1,11,November,Spring,Saturday,22:00 - Midnight,Evening / night,False,False,True,True
1376860,Injury,Moderate Injury,2024,2024,October,Sunday,10:00 - 11:59,THE HORSLEY,DR,0,Right on the spot,MARKET,ST,SMITHFIELD,2105.0,No,Not a school zone,X-intersection,-33.852252,150.931859,Fairfield,Sydney metro. area,Syd-Newc-Woll Gtr conurbation,Straight,,,,Off,Sealed,Dry,Fine,Daylight,Nil,Stop sign,60 km/h,Regional,10,Cross traffic,101,Adj - Cross traffic,,Right angle,Car (sedan/hatch),Car (sedan/hatch),2,0,0,3,1,10,October,Spring,Sunday,10:00 - 11:59,Midday / afternoon,False,False,True,True
1376861,Injury,Moderate Injury,2024,2024,October,Monday,20:00 - 21:59,KAMILAROI,HWY,7000,East,LAIDLAW,ST,BOGGABRI,29.0,No,Not a school zone,2-way undivided,-30.760745,150.090565,Narrabri,Country non-urban,Rest of NSW - Rural,Straight,Embankment/cutting,,,Off,Sealed,Dry,Fine,Darkness,Nil,No traffic controls,100 km/h,State,73,Off rd rght => obj,704,Right off cway into obj,,Vehicle - Object,Light truck utility(from 2018),,1,0,0,1,0,10,October,Spring,Monday,20:00 - 21:59,Evening / night,False,False,True,True
1376862,Injury,Minor/Other Injury,2024,2024,October,Friday,14:00 - 15:59,HARROW,RD,10,South,ALBYN,ST,BEXLEY,169.0,No,Not a school zone,X-intersection,-33.949237,151.128751,Bayside,Sydney metro. area,Syd-Newc-Woll Gtr conurbation,Straight,,,,Nil,Sealed,Dry,Fine,Daylight,Nil,No traffic controls,60 km/h,State,30,Rear end,301,Same - Rear end,,Rear end,Motorcycle,4 wheel drive / SUV,2,0,0,0,1,10,October,Spring,Friday,14:00 - 15:59,Midday / afternoon,False,False,True,True
1376863,Injury,Serious Injury,2024,2024,October,Friday,22:00 - Midnight,GEORGES RIVER,RD,0,Right on the spot,PETER MEADOWS,RD,KENTLYN,,No,Not a school zone,T-junction,-34.060406,150.862721,Campbelltown,Sydney metro. area,Syd-Newc-Woll Gtr conurbation,Curved,,,,Nil,Sealed,Wet,Raining,Darkness,Nil,Stop sign,60 km/h,Local,88,Out of cont on bend,805,Out of control on bend,,Rollover,Motorcycle,,1,0,1,0,0,10,October,Spring,Friday,22:00 - Midnight,Evening / night,False,False,True,True
1376864,Injury,Moderate Injury,2024,2024,December,Tuesday,06:00 - 07:59,PRINCES,HWY,0,Right on the spot,NORTHCLIFFE,DR,KEMBLA GRANGE,1.0,No,Not a school zone,T-junction,-34.468482,150.826679,Wollongong,Wollongong met. area,Syd-Newc-Woll Gtr conurbation,Straight,,,,Nil,Sealed,Dry,Fine,Daylight,Unknown / not stated,No traffic controls,70 km/h,Regional,21,Right through,202,Opp - Right-thru,,Other angle,4 wheel drive / SUV,4 wheel drive / SUV,2,0,0,1,1,12,December,Summer,Tuesday,06:00 - 07:59,AM peak / school commute,True,False,True,True
1376865,Injury,Moderate Injury,2024,2024,October,Wednesday,02:00 - 03:59,CLARKE,RD,0,Right on the spot,NUMBER 85,HN,HORNSBY,,No,Not a school zone,2-way undivided,-33.712234,151.09319,Hornsby,Sydney metro. area,Syd-Newc-Woll Gtr conurbation,Straight,,,,On,Sealed,Dry,Fine,Darkness,Nil,No traffic controls,50 km/h,Local,73,Off rd rght => obj,704,Right off cway into obj,,Other angle,Car (sedan/hatch),Car (sedan/hatch),3,0,0,1,0,10,October,Spring,Wednesday,02:00 - 03:59,Late night / early morning,False,False,True,True
1376866,Injury,Moderate Injury,2024,2024,December,Thursday,08:00 - 09:59,BUNNERONG,RD,0,Right on the spot,HEFFRON,RD,PAGEWOOD,171.0,No,Not a school zone,X-intersection,-33.940075,151.228336,Bayside,Sydney metro. area,Syd-Newc-Woll Gtr conurbation,Straight,,,,Off,Sealed,Dry,Fine,Daylight,On,No traffic controls,60 km/h,State,30,Rear end,301,Same - Rear end,,Rear end,Car (sedan/hatch),4 wheel drive / SUV,3,0,0,1,1,12,December,Summer,Thursday,08:00 - 09:59,AM peak / school commute,True,False,True,True
1376867,Injury,Minor/Other Injury,2024,2024,October,Tuesday,04:00 - 05:59,O'DONNELL,ST,36,West,CYPRESS,AVE,DUBBO,,No,Not a school zone,2-way undivided,-32.25498,148.584951,Dubbo Regional,Country urban,Rest of NSW - Urban,Curved,,,,On,Sealed,Dry,Fine,Darkness,Nil,No traffic controls,50 km/h,Local,85,Off rt/lft bnd=>obj,804,Off left bend into obj,Right,Vehicle - Object,Car (sedan/hatch),,1,0,0,0,2,10,October,Spring,Tuesday,04:00 - 05:59,Late night / early morning,False,False,True,True
1376868,Injury,Moderate Injury,2024,2024,September,Saturday,12:00 - 13:59,ALBERT ST,ST,14,West,ALBERT,ST,FRESHWATER,,No,Not a school zone,2-way undivided,-33.779026,151.285173,Northern Beaches,Sydney metro. area,Syd-Newc-Woll Gtr conurbation,Straight,,,,Off,Sealed,Dry,Fine,Daylight,Nil,Ped crossing,50 km/h,Local,0,Ped nearside,1,Ped - Near side,,Vehicle - Pedestrian,Car (sedan/hatch),Pedestrian,2,0,0,1,0,9,September,Spring,Saturday,12:00 - 13:59,Midday / afternoon,False,False,True,True
1376870,Injury,Moderate Injury,2024,2024,November,Wednesday,20:00 - 21:59,MACQUARIE,ST,0,Right on the spot,NUMBER 86,HN,COWRA,,No,Not a school zone,2-way undivided,-33.827938,148.690042,Cowra,Country urban,Rest of NSW - Urban,Straight,,,,On,Sealed,Dry,Fine,Darkness,Nil,No traffic controls,50 km/h,Local,71,Off rd left => obj,703,Left off cway into object,,Vehicle - Object,4 wheel drive / SUV,,1,0,0,1,0,11,November,Spring,Wednesday,20:00 - 21:59,Evening / night,False,False,True,True
1376894,Injury,Serious Injury,2024,2024,December,Friday,18:00 - 19:59,BOLDREWOOD,RD,0,Right on the spot,NUMBER 69,HN,BLACKETT,,No,Not a school zone,2-way undivided,-33.740259,150.814218,Blacktown,Sydney metro. area,Syd-Newc-Woll Gtr conurbation,Curved,Driveway/entrance,,,Nil,Sealed,Dry,Fine,Dusk,Nil,No traffic controls,50 km/h,Local,47,Emerging from drive,406,Manov - Emerging from driveway,,Right angle,Light truck utility(from 2018),Motorcycle,2,0,1,0,0,12,December,Summer,Friday,18:00 - 19:59,PM peak / evening commute,True,False,True,True
1376913,Injury,Moderate Injury,2024,2024,October,Friday,10:00 - 11:59,DART,ST,0,Right on the spot,RALEIGH,ST,OBERON,,Yes,No,T-junction,-33.703361,149.860664,Oberon,Country urban,Rest of NSW - Urban,Straight,Driveway/entrance,,,Off,Sealed,Dry,Fine,Daylight,Nil,No traffic controls,50 km/h,Local,71,Off rd left => obj,703,Left off cway into object,,Other angle,4 wheel drive / SUV,Semi-trailer,4,0,0,1,0,10,October,Spring,Friday,10:00 - 11:59,Midday / afternoon,False,False,True,True
1376940,Injury,Serious Injury,2024,2024,September,Wednesday,20:00 - 21:59,NORTHAM,AVE,0,Right on the spot,NUMBER 2,HN,BANKSTOWN,,No,Not a school zone,2-way undivided,-33.920316,151.030297,Canterbury-Bankstown,Sydney metro. area,Syd-Newc-Woll Gtr conurbation,Straight,,,,On,Sealed,Wet,Raining,Darkness,Nil,No traffic controls,50 km/h,Local,71,Off rd left => obj,703,Left off cway into object,,Vehicle - Object,Car (sedan/hatch),,1,0,1,0,0,9,September,Spring,Wednesday,20:00 - 21:59,Evening / night,False,False,True,True
1377002,Injury,Serious Injury,2024,2024,July,Sunday,02:00 - 03:59,PLOUGHMANS,LANE,25,North,CANOBOLAS,RD,ORANGE,,No,Not a school zone,2-way undivided,-33.295197,149.065995,Orange,Country urban,Rest of NSW - Urban,Straight,,,,Nil,Sealed,Dry,Fine,Darkness,Nil,No traffic controls,50 km/h,Local,71,Off rd left => obj,703,Left off cway into object,,Vehicle - Object,Motorcycle,,1,0,1,0,0,7,July,Winter,Sunday,02:00 - 03:59,Late night / early morning,False,False,True,True
1377012,Injury,Serious Injury,2024,2024,July,Friday,16:00 - 17:59,MAITLAND,RD,15,West,CUMBERLAND,ST,CESSNOCK,588.0,No,Not a school zone,Divided road,-32.831693,151.357881,Cessnock,Country urban,Rest of NSW - Urban,Curved,,,,On,Sealed,Dry,Fine,Dusk,Nil,No traffic controls,60 km/h,State,30,Rear end,301,Same - Rear end,,Rear end,Utility,Light truck utility(from 2018),4,0,1,0,0,7,July,Winter,Friday,16:00 - 17:59,PM peak / evening commute,True,False,True,True
1377017,Injury,Moderate Injury,2024,2024,December,Sunday,14:00 - 15:59,PEMBROKE,RD,0,Right on the spot,MAGNUM,PL,MINTO,680.0,No,Not a school zone,X-intersection,-34.042053,150.842387,Campbelltown,Sydney metro. area,Syd-Newc-Woll Gtr conurbation,Straight,,,,Off,Sealed,Dry,Fine,Daylight,On,No traffic controls,60 km/h,State,21,Right through,202,Opp - Right-thru,,Other angle,4 wheel drive / SUV,4 wheel drive / SUV,2,0,0,2,0,12,December,Summer,Sunday,14:00 - 15:59,Midday / afternoon,False,False,True,True
1377024,Injury,Minor/Other Injury,2024,2024,December,Wednesday,16:00 - 17:59,JAMES RUSE,DR,0,Right on the spot,GRAND,AVE,ROSEHILL,309.0,No,Not a school zone,X-intersection,-33.819304,151.021981,Parramatta,Sydney metro. area,Syd-Newc-Woll Gtr conurbation,Straight,,,,Off,Sealed,Dry,Fine,Daylight,Off,No traffic controls,70 km/h,State,39,Other same direction,300,Same - other,,Other angle,Motor scooter,Unknown motor vehicle,2,0,0,0,1,12,December,Summer,Wednesday,16:00 - 17:59,PM peak / evening commute,True,False,True,True
1377025,Injury,Serious Injury,2024,2024,November,Tuesday,22:00 - Midnight,HOMEBUSH,RD,50,North,HUME,HWY,STRATHFIELD,7047.0,Yes,No,2-way undivided,-33.891315,151.083502,Strathfield,Sydney metro. area,Syd-Newc-Woll Gtr conurbation,Straight,Foot/cycle path/nature strip,,,On,Sealed,Dry,Fine,Darkness,Nil,No traffic controls,50 km/h,Regional,6,Ped on footpath,8,Ped - On footway/median,,Vehicle - Pedestrian,Car (sedan/hatch),Pedestrian,2,0,1,1,0,11,November,Spring,Tuesday,22:00 - Midnight,Evening / night,False,False,True,True
1377035,Injury,Minor/Other Injury,2024,2024,November,Sunday,20:00 - 21:59,MT KEIRA,RD,1400,North,GIPPS,RD,MOUNT KEIRA,,No,Not a school zone,2-way undivided,-34.407585,150.851067,Wollongong,Wollongong met. area,Syd-Newc-Woll Gtr conurbation,Curved,,,,Nil,Sealed,Dry,Fine,Darkness,Nil,No traffic controls,60 km/h,Local,81,Off left/rt bnd=>obj,803,Off right bend into obj,Left,Vehicle - Object,Car (sedan/hatch),,1,0,0,0,1,11,November,Spring,Sunday,20:00 - 21:59,Evening / night,False,False,True,True
1377039,Injury,Moderate Injury,2024,2024,November,Friday,22:00 - Midnight,PACIFIC,HWY,1000,South,ALCORN ROAD,OP,KNOCKROW,10.0,No,Not a school zone,Divided road,-28.744344,153.533898,Ballina,Country non-urban,Rest of NSW - Rural,Curved,B'down lane/road shldr,,,On,Sealed,Dry,Overcast,Darkness,Nil,No traffic controls,110 km/h,State,81,Off left/rt bnd=>obj,803,Off right bend into obj,Left,Other angle,Light truck utility(from 2018),Light truck utility(from 2018),2,0,0,1,0,11,November,Spring,Friday,22:00 - Midnight,Evening / night,False,False,True,True
1377046,Injury,Serious Injury,2024,2024,December,Saturday,08:00 - 09:59,VICTORIA,RD,75,East,WILDE,AVE,NORTH PARRAMATTA,165.0,No,Not a school zone,Divided road,-33.809049,151.009038,Parramatta,Sydney metro. area,Syd-Newc-Woll Gtr conurbation,Straight,Bus stop,,,Off,Sealed,Dry,Fine,Daylight,Nil,No traffic controls,60 km/h,State,30,Rear end,301,Same - Rear end,,Rear end,Light truck utility(from 2018),Other bus,3,0,1,0,0,12,December,Summer,Saturday,08:00 - 09:59,AM peak / school commute,True,False,True,True
1377047,Injury,Serious Injury,2024,2024,November,Friday,14:00 - 15:59,JERSEY,RD,0,Right on the spot,HYATTS,RD,OAKHURST,7163.0,No,Not a school zone,X-intersection,-33.743991,150.834838,Blacktown,Sydney metro. area,Syd-Newc-Woll Gtr conurbation,Straight,,,,Off,Sealed,Dry,Fine,Daylight,On,No traffic controls,60 km/h,Regional,10,Cross traffic,101,Adj - Cross traffic,,Right angle,Light truck utility(from 2018),Car (sedan/hatch),2,0,2,1,0,11,November,Spring,Friday,14:00 - 15:59,Midday / afternoon,False,False,True,True
1377049,Injury,Serious Injury,2024,2024,December,Monday,18:00 - 19:59,FRIDAY HUT,RD,0,Right on the spot,NUMBER 517,HN,BROOKLET,,No,Not a school zone,2-way undivided,-28.753968,153.516372,Ballina,Country urban,Rest of NSW - Urban,Curved,Steep grade,,,Nil,Sealed,Dry,Fine,Darkness,Nil,No traffic controls,60 km/h,Local,81,Off left/rt bnd=>obj,803,Off right bend into obj,Left,Vehicle - Object,Light truck utility(from 2018),,1,0,1,0,0,12,December,Summer,Monday,18:00 - 19:59,PM peak / evening commute,True,False,True,True
1377050,Injury,Serious Injury,2024,2024,December,Friday,18:00 - 19:59,GREAT WESTERN,HWY,50,West,JONES,ST,PENDLE HILL,5.0,No,Not a school zone,Divided road,-33.812877,150.958107,Cumberland,Sydney metro. area,Syd-Newc-Woll Gtr conurbation,Straight,,,,On,Sealed,Dry,Fine,Daylight,Nil,No traffic controls,80 km/h,State,30,Rear end,301,Same - Rear end,,Rear end,Car (sedan/hatch),Motor scooter,2,0,1,0,0,12,December,Summer,Friday,18:00 - 19:59,PM peak / evening commute,True,False,True,True
1377051,Injury,Moderate Injury,2024,2024,November,Friday,20:00 - 21:59,HOLLOWS,PDE,10,East,ROPES CROSSING,BVD,ROPES CROSSING,,No,Not a school zone,Roundabout,-33.731645,150.781174,Blacktown,Sydney metro. area,Syd-Newc-Woll Gtr conurbation,Straight,,,,Nil,Sealed,Wet,Fine,Darkness,Nil,Give way sign,50 km/h,Local,90,Fell in/from vehicle,901,Fell in/from vehicle,,Person - Object,4 wheel drive / SUV,,1,0,0,2,0,11,November,Spring,Friday,20:00 - 21:59,Evening / night,False,False,True,True
1377112,Injury,Moderate Injury,2024,2024,September,Monday,10:00 - 11:59,MARION,ST,0,Right on the spot,MEREDITH,ST,BANKSTOWN,7122.0,No,Not a school zone,T-junction,-33.91733,151.031237,Canterbury-Bankstown,Sydney metro. area,Syd-Newc-Woll Gtr conurbation,Straight,Foot/cycle path/nature strip,,,Off,Sealed,Dry,Fine,Daylight,On,Ped crossing,60 km/h,Regional,6,Ped on footpath,8,Ped - On footway/median,,Vehicle - Pedestrian,Pedal cycle,Pedestrian,2,0,0,1,0,9,September,Spring,Monday,10:00 - 11:59,Midday / afternoon,False,False,True,True
1377113,Injury,Moderate Injury,2024,2024,November,Friday,00:01 - 01:59,EDWARD,ST,0,Right on the spot,ALBERT,ST,MOREE,7784.0,Yes,No,X-intersection,-29.465396,149.835956,Moree Plains,Country urban,Rest of NSW - Urban,Straight,,,,Nil,Sealed,Dry,Fine,Darkness,Nil,Give way sign,50 km/h,Regional,10,Cross traffic,101,Adj - Cross traffic,,Right angle,4 wheel drive / SUV,Semi-trailer,2,0,0,2,0,11,November,Spring,Friday,00:01 - 01:59,Late night / early morning,False,False,True,True
1377114,Injury,Moderate Injury,2024,2024,November,Friday,16:00 - 17:59,VICTORIA,ST,0,Right on the spot,HASSALL,ST,SMITHFIELD,609.0,No,Not a school zone,X-intersection,-33.848867,150.922629,Fairfield,Sydney metro. area,Syd-Newc-Woll Gtr conurbation,Straight,,,,Nil,Sealed,Wet,Raining,Daylight,On,No traffic controls,60 km/h,State,10,Cross traffic,101,Adj - Cross traffic,,Right angle,4 wheel drive / SUV,Car (sedan/hatch),5,0,0,1,0,11,November,Spring,Friday,16:00 - 17:59,PM peak / evening commute,True,False,True,True