crash_id,degree_of_crash,degree_of_crash_-_detailed,reporting_year,year_of_crash,month_of_crash,day_of_week_of_crash,two-hour_intervals,street_of_crash,street_type,distance,direction,identifying_feature,identifying_feature_type,town,route_no.,school_zone_location,school_zone_active,type_of_location,latitude,longitude,lga,urbanisation,conurbation_1,alignment,primary_permanent_feature,primary_temporary_feature,primary_hazardous_feature,street_lighting,road_surface,surface_condition,weather,natural_lighting,signals_operation,other_traffic_control,speed_limit,road_classification_(admin),rum_-_code,rum_-_description,dca_-_code,dca_-_description,dca_supplement,first_impact_type,key_tu_type,other_tu_type,no._of_traffic_units_involved,no._killed,no._seriously_injured,no._moderately_injured,no._minor-other_injured,month_num,month_label,season,day_label,time_label,time_band,is_peak_commute,is_fatal,is_injury,is_casualty
1377115,Injury,Serious Injury,2024,2024,October,Thursday,14:00 - 15:59,ALBION,ST,20,East,SIRIUS,ST,OBERON,7510.0,No,Not a school zone,2-way undivided,-33.699543,149.862415,Oberon,Country urban,Rest of NSW - Urban,Straight,Driveway/entrance,,,Nil,Sealed,Dry,Fine,Daylight,Nil,No traffic controls,60 km/h,Regional,53,Overtake turning,506,Ovtak - Overtaking right turn,,Other angle,Motorcycle,Semi-trailer,2,0,1,0,0,10,October,Spring,Thursday,14:00 - 15:59,Midday / afternoon,False,False,True,True
1377117,Injury,Moderate Injury,2024,2024,July,Friday,06:00 - 07:59,TATE,ST,50,South,CEMETERY,RD,GLOUCESTER,,No,Not a school zone,2-way undivided,-32.025228,151.954825,Mid-Coast,Country urban,Rest of NSW - Urban,Straight,,,,Nil,Sealed,Dry,Fine,Dawn,Nil,No traffic controls,50 km/h,Local,71,Off rd left => obj,703,Left off cway into object,,Vehicle - Object,Light truck utility(from 2018),,1,0,0,1,0,7,July,Winter,Friday,06:00 - 07:59,AM peak / school commute,True,False,True,True
1377118,Injury,Moderate Injury,2024,2024,November,Saturday,08:00 - 09:59,QUAKERS HILL,PKWY,0,Right on the spot,GRADY,ST,QUAKERS HILL,7153.0,No,Not a school zone,T-junction,-33.727099,150.896642,Blacktown,Sydney metro. area,Syd-Newc-Woll Gtr conurbation,Straight,,,,Off,Sealed,Dry,Fine,Daylight,On,No traffic controls,70 km/h,Regional,13,Right near,104,Adj - Right-thru from right,,Right angle,Car (sedan/hatch),4 wheel drive / SUV,2,0,0,2,0,11,November,Spring,Saturday,08:00 - 09:59,AM peak / school commute,True,False,True,True
1377119,Injury,Serious Injury,2024,2024,December,Wednesday,10:00 - 11:59,THE CRESCENT,MS,0,Right on the spot,JOHNSTON,ST,ANNANDALE,655.0,No,Not a school zone,X-intersection,-33.872729,151.174789,Inner West,Sydney metro. area,Syd-Newc-Woll Gtr conurbation,Straight,,,,Off,Sealed,Dry,Fine,Daylight,On,No traffic controls,50 km/h,State,32,Right rear,303,Same - Rear right,,Rear end,Motor scooter,Passenger van,2,0,1,0,0,12,December,Summer,Wednesday,10:00 - 11:59,Midday / afternoon,False,False,True,True
1377120,Injury,Moderate Injury,2024,2024,November,Thursday,16:00 - 17:59,MORRISSET,ST,0,Right on the spot,STEWART,ST,BATHURST,,No,Not a school zone,X-intersection,-33.409856,149.580668,Bathurst Regional,Country urban,Rest of NSW - Urban,Straight,,,,Nil,Sealed,Dry,Fine,Daylight,Nil,Give way sign,50 km/h,Local,10,Cross traffic,101,Adj - Cross traffic,,Right angle,Motorcycle,4 wheel drive / SUV,2,0,0,1,0,11,November,Spring,Thursday,16:00 - 17:59,PM peak / evening commute,True,False,True,True
1377121,Injury,Serious Injury,2024,2024,November,Wednesday,12:00 - 13:59,THE LAKES,WAY,0,Right on the spot,TUDOR,AVE,TARBUCK BAY,111.0,No,Not a school zone,T-junction,-32.368512,152.478255,Mid-Coast,Country urban,Rest of NSW - Urban,Curved,,,,Off,Sealed,Dry,Fine,Daylight,Nil,No traffic controls,60 km/h,Regional,32,Right rear,303,Same - Rear right,,Rear end,Station wagon,Car (sedan/hatch),3,0,1,0,0,11,November,Spring,Wednesday,12:00 - 13:59,Midday / afternoon,False,False,True,True
1377125,Injury,Minor/Other Injury,2024,2024,December,Friday,10:00 - 11:59,BIG RIVER,WAY,378,North,TYSON,ST,SOUTH GRAFTON,83.0,No,Not a school zone,2-way undivided,-29.716311,152.950443,Clarence Valley,Country urban,Rest of NSW - Urban,Straight,Ditch/drain/culvert,,,Nil,Sealed,Dry,Fine,Daylight,Nil,No traffic controls,80 km/h,State,71,Off rd left => obj,703,Left off cway into object,,Vehicle - Object,Light truck utility(from 2018),,1,0,0,0,1,12,December,Summer,Friday,10:00 - 11:59,Midday / afternoon,False,False,True,True
1377126,Injury,Moderate Injury,2024,2024,September,Monday,08:00 - 09:59,FRANK,ST,0,Right on the spot,REDFERN,ST,WETHERILL PARK,,No,Not a school zone,T-junction,-33.842049,150.910947,Fairfield,Sydney metro. area,Syd-Newc-Woll Gtr conurbation,Straight,,,,Off,Sealed,Dry,Fine,Daylight,Nil,Stop sign,60 km/h,Local,30,Rear end,301,Same - Rear end,,Rear end,Car (sedan/hatch),Car (sedan/hatch),2,0,0,1,0,9,September,Spring,Monday,08:00 - 09:59,AM peak / school commute,True,False,True,True
1377127,Injury,Serious Injury,2024,2024,November,Saturday,10:00 - 11:59,MILLER,ST,0,Right on the spot,ERNEST,ST,CROWS NEST,599.0,Yes,No,X-intersection,-33.826948,151.209386,North Sydney,Sydney metro. area,Syd-Newc-Woll Gtr conurbation,Straight,,,,Off,Sealed,Dry,Fine,Daylight,On,No traffic controls,50 km/h,State,85,Off rt/lft bnd=>obj,706,Left turn,Right,Vehicle - Object,Motorcycle,,1,0,1,0,0,11,November,Spring,Saturday,10:00 - 11:59,Midday / afternoon,False,False,True,True
1377129,Injury,Serious Injury,2024,2024,September,Sunday,14:00 - 15:59,PRAIRIE VALE,RD,0,Right on the spot,RESTWELL,RD,PRAIRIEWOOD,7222.0,No,Not a school zone,T-junction,-33.860938,150.901161,Fairfield,Sydney metro. area,Syd-Newc-Woll Gtr conurbation,Curved,,,,On,Sealed,Dry,Fine,Daylight,On,No traffic controls,50 km/h,Regional,11,Right far,102,Adj - Right-thru from left,,Right angle,4 wheel drive / SUV,Car (sedan/hatch),2,0,1,1,0,9,September,Spring,Sunday,14:00 - 15:59,Midday / afternoon,False,False,True,True
1377130,Injury,Serious Injury,2024,2024,November,Wednesday,18:00 - 19:59,ENMORE,RD,30,East,PHILLIP,ST,NEWTOWN,167.0,No,Not a school zone,2-way undivided,-33.898751,151.174322,Inner West,Sydney metro. area,Syd-Newc-Woll Gtr conurbation,Straight,,,,Off,Sealed,Dry,Fine,Daylight,Nil,No traffic controls,40 km/h,State,35,Lane change left,307,Same - Lane change left,,Other angle,4 wheel drive / SUV,Motor scooter,2,0,1,0,0,11,November,Spring,Wednesday,18:00 - 19:59,PM peak / evening commute,True,False,True,True
1377131,Injury,Moderate Injury,2024,2024,October,Thursday,14:00 - 15:59,PACIFIC,HWY,0,Right on the spot,CHINDERAH BAY DRIVE,OP,CHINDERAH,10.0,No,Not a school zone,Divided road,-28.225769,153.556441,Tweed,Country non-urban,Rest of NSW - Rural,Straight,Other bridge,,,Nil,Sealed,Dry,Fine,Daylight,Nil,No traffic controls,100 km/h,State,30,Rear end,301,Same - Rear end,,Rear end,Car (sedan/hatch),Car (sedan/hatch),2,0,0,1,1,10,October,Spring,Thursday,14:00 - 15:59,Midday / afternoon,False,False,True,True
1377133,Injury,Serious Injury,2024,2024,September,Saturday,12:00 - 13:59,BUFF POINT,AVE,0,Right on the spot,NUMBER 240A,HN,BUFF POINT,,No,Not a school zone,2-way undivided,-33.232185,151.530186,Central Coast,Country urban,Syd-Newc-Woll Gtr conurbation,Curved,Painted double centre lines,,,Nil,Sealed,Dry,Fine,Daylight,Nil,No traffic controls,50 km/h,Local,85,Off rt/lft bnd=>obj,804,Off left bend into obj,Right,Vehicle - Object,Motorcycle,,1,0,1,0,0,9,September,Spring,Saturday,12:00 - 13:59,Midday / afternoon,False,False,True,True
1377134,Injury,Minor/Other Injury,2024,2024,December,Wednesday,06:00 - 07:59,HOXTON PARK,RD,100,East,GLEN INNES,RD,HINCHINBROOK,681.0,No,Not a school zone,Divided road,-33.926099,150.854694,Liverpool,Sydney metro. area,Syd-Newc-Woll Gtr conurbation,Straight,,,,On,Sealed,Wet,Raining,Daylight,Nil,No traffic controls,70 km/h,State,30,Rear end,301,Same - Rear end,,Rear end,Light truck utility(from 2018),4 wheel drive / SUV,2,0,0,0,1,12,December,Summer,Wednesday,06:00 - 07:59,AM peak / school commute,True,False,True,True
1377136,Injury,Moderate Injury,2024,2024,November,Friday,12:00 - 13:59,HILL,ST,25,South,BYNG,ST,ORANGE,,No,Not a school zone,2-way undivided,-33.280967,149.094172,Orange,Country urban,Rest of NSW - Urban,Straight,,,,Off,Sealed,Dry,Fine,Daylight,Nil,No traffic controls,40 km/h,Local,71,Off rd left => obj,703,Left off cway into object,,Vehicle - Object,4 wheel drive / SUV,,1,0,0,1,0,11,November,Spring,Friday,12:00 - 13:59,Midday / afternoon,False,False,True,True
1377138,Injury,Minor/Other Injury,2024,2024,October,Friday,12:00 - 13:59,BRIDGE,ST,0,Right on the spot,PHILLIP,ST,SYDNEY,,No,Not a school zone,X-intersection,-33.863366,151.211861,Sydney,Sydney metro. area,Syd-Newc-Woll Gtr conurbation,Straight,,,,Off,Sealed,Dry,Fine,Daylight,On,No traffic controls,40 km/h,Local,21,Right through,202,Opp - Right-thru,,Other angle,4 wheel drive / SUV,Unknown motor vehicle,2,0,0,0,1,10,October,Spring,Friday,12:00 - 13:59,Midday / afternoon,False,False,True,True
1377139,Injury,Minor/Other Injury,2024,2024,December,Wednesday,08:00 - 09:59,NEWCASTLE,EXP,100,South,CHURCH STREET,OP,MOUNT KURING-GAI,6003.0,No,Not a school zone,Dual freeway,-33.657182,151.134841,Hornsby,Sydney metro. area,Syd-Newc-Woll Gtr conurbation,Straight,,,,Nil,Sealed,Dry,Fine,Daylight,Nil,No traffic controls,110 km/h,State,30,Rear end,301,Same - Rear end,,Rear end,4 wheel drive / SUV,Car (sedan/hatch),2,0,0,0,1,12,December,Summer,Wednesday,08:00 - 09:59,AM peak / school commute,True,False,True,True
1377140,Injury,Serious Injury,2024,2024,November,Saturday,10:00 - 11:59,MITCHELL,HWY,750,East,CASHENS,LANE,VITTORIA,7.0,No,Not a school zone,2-way undivided,-33.424782,149.307353,Bathurst Regional,Country non-urban,Rest of NSW - Rural,Curved,Crest,,,Nil,Sealed,Wet,Raining,Daylight,Nil,No traffic controls,100 km/h,State,87,Off lft/lft bnd=>obj,804,Off left bend into obj,Left,Vehicle - Object,4 wheel drive / SUV,,1,0,1,0,0,11,November,Spring,Saturday,10:00 - 11:59,Midday / afternoon,False,False,True,True
1377141,Injury,Moderate Injury,2024,2024,November,Tuesday,16:00 - 17:59,POWER,ST,0,Right on the spot,M7 WESTLINK,EXP,PLUMPTON,653.0,No,Not a school zone,T-junction,-33.752081,150.845676,Blacktown,Sydney metro. area,Syd-Newc-Woll Gtr conurbation,Straight,,,,Nil,Sealed,Dry,Fine,Daylight,On,No traffic controls,60 km/h,State,21,Right through,202,Opp - Right-thru,,Other angle,Car (sedan/hatch),Car (sedan/hatch),2,0,0,2,0,11,November,Spring,Tuesday,16:00 - 17:59,PM peak / evening commute,True,False,True,True
1377142,Injury,Moderate Injury,2024,2024,September,Saturday,08:00 - 09:59,PACIFIC,HWY,700,North,FRASER,RD,COWAN,10.0,No,Not a school zone,2-way undivided,-33.586708,151.175661,Hornsby,Sydney metro. area,Syd-Newc-Woll Gtr conurbation,Curved,Painted double centre lines,,,Nil,Sealed,Dry,Fine,Daylight,Nil,No traffic controls,70 km/h,State,20,Head on,201,Opp - Head on,,Head-on,Light truck utility(from 2018),Motorcycle,2,0,0,1,0,9,September,Spring,Saturday,08:00 - 09:59,AM peak / school commute,True,False,True,True
1377144,Injury,Serious Injury,2024,2024,October,Thursday,16:00 - 17:59,TAMARIND,DR,200,East,SOUTHERN CROSS,DR,BALLINA,695.0,No,Not a school zone,2-way undivided,-28.853787,153.557231,Ballina,Country urban,Rest of NSW - Urban,Straight,,,,Off,Sealed,Dry,Fine,Daylight,Nil,No traffic controls,60 km/h,Regional,30,Rear end,301,Same - Rear end,,Rear end,Motorcycle,Light truck utility(from 2018),2,0,1,0,0,10,October,Spring,Thursday,16:00 - 17:59,PM peak / evening commute,True,False,True,True
1377147,Injury,Serious Injury,2024,2024,December,Monday,16:00 - 17:59,ST BERNARDS,DR,220,North,LOFTUS,ST,LAWSON,,No,Not a school zone,2-way undivided,-33.717356,150.427628,Blue Mountains,Country urban,Syd-Newc-Woll Gtr conurbation,Curved,Steep grade,,,Nil,Sealed,Dry,Fine,Daylight,Nil,No traffic controls,50 km/h,Local,20,Head on,201,Opp - Head on,,Head-on,Pedal cycle,4 wheel drive / SUV,2,0,1,1,0,12,December,Summer,Monday,16:00 - 17:59,PM peak / evening commute,True,False,True,True
1377150,Injury,Serious Injury,2024,2024,October,Friday,06:00 - 07:59,M7 WESTLINK,EXP,300,North,BERNERA ROAD,OP,PRESTONS,6009.0,No,Not a school zone,Dual freeway,-33.930818,150.867356,Liverpool,Sydney metro. area,Syd-Newc-Woll Gtr conurbation,Straight,Other bridge,Roadwks/Detour/Diverson,,Off,Sealed,Dry,Fine,Daylight,Nil,No traffic controls,80 km/h,State,73,Off rd rght => obj,704,Right off cway into obj,,Vehicle - Object,4 wheel drive / SUV,,3,0,1,0,0,10,October,Spring,Friday,06:00 - 07:59,AM peak / school commute,True,False,True,True
1377151,Injury,Moderate Injury,2024,2024,October,Thursday,20:00 - 21:59,GREAT WESTERN,HWY,20,West,GEORGE,ST,CLYDE,5.0,No,Not a school zone,Divided road,-33.833001,151.017668,Parramatta,Sydney metro. area,Syd-Newc-Woll Gtr conurbation,Straight,,,,On,Sealed,Dry,Fine,Darkness,Nil,No traffic controls,60 km/h,State,30,Rear end,301,Same - Rear end,,Rear end,4 wheel drive / SUV,Car (sedan/hatch),2,0,0,1,0,10,October,Spring,Thursday,20:00 - 21:59,Evening / night,False,False,True,True
1377154,Injury,Moderate Injury,2024,2024,November,Thursday,08:00 - 09:59,OBERON,ST,105,East,FLEMING,ST,OBERON,253.0,No,Not a school zone,2-way undivided,-33.704108,149.856964,Oberon,Country urban,Rest of NSW - Urban,Straight,,,,Off,Sealed,Dry,Fine,Daylight,Nil,Ped crossing,50 km/h,State,48,From footpath,408,Manov - From footway,,Other angle,Pedal cycle,Car (sedan/hatch),2,0,0,1,0,11,November,Spring,Thursday,08:00 - 09:59,AM peak / school commute,True,False,True,True
1377156,Injury,Moderate Injury,2024,2024,October,Saturday,10:00 - 11:59,CUMBERLAND,HWY,0,Right on the spot,WESTERN,HWY,GREYSTANES,13.0,No,Not a school zone,T-junction,-33.816417,150.963069,Cumberland,Sydney metro. area,Syd-Newc-Woll Gtr conurbation,Straight,Other bridge,,,Off,Sealed,Dry,Fine,Daylight,On,No traffic controls,70 km/h,State,36,Right turn sideswipe,308,Same - Rgt turn side swipe,,Other angle,4 wheel drive / SUV,Large rigid,3,0,0,1,0,10,October,Spring,Saturday,10:00 - 11:59,Midday / afternoon,False,False,True,True
1377158,Injury,Serious Injury,2024,2024,November,Tuesday,22:00 - Midnight,PACIFIC,HWY,0,Right on the spot,ELIZABETH BAY,DR,LAKE MUNMORAH,10.0,No,Not a school zone,X-intersection,-33.190028,151.577333,Central Coast,Country urban,Syd-Newc-Woll Gtr conurbation,Straight,,,,On,Sealed,Dry,Fine,Darkness,On,No traffic controls,80 km/h,State,30,Rear end,301,Same - Rear end,,Rear end,Light truck,4 wheel drive / SUV,3,0,1,0,1,11,November,Spring,Tuesday,22:00 - Midnight,Evening / night,False,False,True,True
1377159,Injury,Serious Injury,2024,2024,November,Friday,04:00 - 05:59,BAYSWATER,RD,0,Right on the spot,NEILD,AVE,EDGECLIFF,173.0,No,Not a school zone,T-junction,-33.876373,151.229736,Woollahra,Sydney metro. area,Syd-Newc-Woll Gtr conurbation,Straight,,,,On,Sealed,Wet,Fine,Darkness,On,No traffic controls,60 km/h,State,73,Off rd rght => obj,704,Right off cway into obj,,Vehicle - Object,4 wheel drive / SUV,,1,0,1,0,0,11,November,Spring,Friday,04:00 - 05:59,Late night / early morning,False,False,True,True
1377160,Injury,Serious Injury,2024,2024,October,Monday,04:00 - 05:59,COSGROVE,RD,0,Right on the spot,HOPE,ST,STRATHFIELD SOUTH,7062.0,No,Not a school zone,Roundabout,-33.900002,151.075904,Strathfield,Sydney metro. area,Syd-Newc-Woll Gtr conurbation,Straight,,,,On,Sealed,Dry,Fine,Dawn,Nil,Give way sign,60 km/h,Regional,73,Off rd rght => obj,704,Right off cway into obj,,Vehicle - Object,Car (sedan/hatch),,1,0,1,0,0,10,October,Spring,Monday,04:00 - 05:59,Late night / early morning,False,False,True,True
1377162,Injury,Serious Injury,2024,2024,October,Monday,18:00 - 19:59,CENTRAL COAST,HWY,800,West,SERPENTINE,RD,ERINA HEIGHTS,30.0,No,Not a school zone,Divided road,-33.425071,151.405001,Central Coast,Country urban,Syd-Newc-Woll Gtr conurbation,Curved,,,Potholes/corrugations/rough,On,Sealed,Dry,Fine,Dusk,On,Ped crossing,60 km/h,State,88,Out of cont on bend,805,Out of control on bend,,Rollover,Motorcycle,,1,0,1,0,0,10,October,Spring,Monday,18:00 - 19:59,PM peak / evening commute,True,False,True,True
1377163,Injury,Serious Injury,2024,2024,October,Monday,14:00 - 15:59,BEACONSFIELD,RD,0,Right on the spot,GARDNER,ST,ROOTY HILL,,No,Not a school zone,T-junction,-33.784274,150.843806,Blacktown,Sydney metro. area,Syd-Newc-Woll Gtr conurbation,Straight,,,,Nil,Sealed,Dry,Fine,Daylight,Nil,Stop sign,50 km/h,Local,13,Right near,104,Adj - Right-thru from right,,Right angle,Car (sedan/hatch),Motorcycle,2,0,1,0,0,10,October,Spring,Monday,14:00 - 15:59,Midday / afternoon,False,False,True,True
1377164,Injury,Serious Injury,2024,2024,November,Thursday,04:00 - 05:59,WYEE,RD,1000,East,GOSFORD,RD,WYEE,454.0,No,Not a school zone,2-way undivided,-33.191558,151.500947,Lake Macquarie,Newcastle met. area,Syd-Newc-Woll Gtr conurbation,Straight,,,,Nil,Sealed,Dry,Fine,Dawn,Nil,No traffic controls,80 km/h,Regional,67,Struck animal,609,On path - Hit animal,,Vehicle - Animal,4 wheel drive / SUV,,1,0,1,0,0,11,November,Spring,Thursday,04:00 - 05:59,Late night / early morning,False,False,True,True
1377166,Injury,Serious Injury,2024,2024,October,Friday,18:00 - 19:59,GEORGE KHATTAR,LANE,0,Right on the spot,PHILLIP,ST,PARRAMATTA,,No,Not a school zone,T-junction,-33.813122,151.0073,Parramatta,Sydney metro. area,Syd-Newc-Woll Gtr conurbation,Straight,,,,On,Sealed,Dry,Fine,Darkness,Nil,Stop sign,40 km/h,Local,2,Ped far side,3,Ped - Far side,,Vehicle - Pedestrian,4 wheel drive / SUV,Pedestrian,2,0,1,0,0,10,October,Spring,Friday,18:00 - 19:59,PM peak / evening commute,True,False,True,True
1377167,Injury,Minor/Other Injury,2024,2024,October,Tuesday,16:00 - 17:59,FLOWERDALE,RD,0,Right on the spot,MEMORIAL,AVE,LIVERPOOL,7266.0,No,Not a school zone,X-intersection,-33.922879,150.908134,Liverpool,Sydney metro. area,Syd-Newc-Woll Gtr conurbation,Straight,,,,Off,Sealed,Dry,Overcast,Daylight,On,No traffic controls,50 km/h,Regional,21,Right through,202,Opp - Right-thru,,Other angle,Car (sedan/hatch),Motorcycle,2,0,0,0,1,10,October,Spring,Tuesday,16:00 - 17:59,PM peak / evening commute,True,False,True,True
1377168,Injury,Moderate Injury,2024,2024,November,Thursday,10:00 - 11:59,SOFALA,RD,5300,North,HILL END,RD,SOFALA,54.0,No,Not a school zone,2-way undivided,-33.040035,149.687555,Mid-Western Regional,Country non-urban,Rest of NSW - Rural,Curved,,,,Nil,Sealed,Dry,Fine,Daylight,Nil,No traffic controls,100 km/h,State,84,Off right/left bend,802,Off cway left bend,Right,Rollover,Light truck,,1,0,0,1,0,11,November,Spring,Thursday,10:00 - 11:59,Midday / afternoon,False,False,True,True
1377169,Injury,Serious Injury,2024,2024,October,Thursday,00:01 - 01:59,COWPER,ST,0,Right on the spot,FITZROY,ST,CARRINGTON,,No,Not a school zone,X-intersection,-32.916692,151.762848,Newcastle,Newcastle met. area,Syd-Newc-Woll Gtr conurbation,Straight,,,,On,Sealed,Dry,Fine,Darkness,Nil,Give way sign,50 km/h,Local,49,Other manoeuvring,400,Manov - other,,Other angle,Unknown motor vehicle,Pedal cycle,2,0,1,0,0,10,October,Spring,Thursday,00:01 - 01:59,Late night / early morning,False,False,True,True
1377170,Injury,Moderate Injury,2024,2024,November,Sunday,10:00 - 11:59,HOMEBUSH BAY,DR,0,Right on the spot,WESTERN EXPRESSWAY,OP,HOMEBUSH WEST,200.0,No,Not a school zone,Divided road,-33.856942,151.070811,Strathfield,Sydney metro. area,Syd-Newc-Woll Gtr conurbation,Curved,Other bridge,,,Off,Sealed,Dry,Fine,Daylight,Nil,No traffic controls,80 km/h,State,33,Lane sideswipe,305,Same - Lane side swipe,,Other angle,Large rigid,4 wheel drive / SUV,3,0,0,1,0,11,November,Spring,Sunday,10:00 - 11:59,Midday / afternoon,False,False,True,True
1377173,Injury,Moderate Injury,2024,2024,December,Wednesday,18:00 - 19:59,COURALLIE,AVE,200,South,TELOPEA,AVE,HOMEBUSH WEST,,No,Not a school zone,2-way undivided,-33.861252,151.065887,Strathfield,Sydney metro. area,Syd-Newc-Woll Gtr conurbation,Straight,,,,On,Sealed,Dry,Fine,Dusk,Nil,No traffic controls,50 km/h,Local,42,Leaving parking,401,Manov - Leaving parking,,Other angle,Car (sedan/hatch),Motorcycle,2,0,0,1,0,12,December,Summer,Wednesday,18:00 - 19:59,PM peak / evening commute,True,False,True,True
1377174,Injury,Moderate Injury,2024,2024,December,Friday,06:00 - 07:59,GREAT WESTERN,HWY,0,Right on the spot,BLACKTOWN,RD,PROSPECT,5.0,No,Not a school zone,X-intersection,-33.804825,150.927577,Blacktown,Sydney metro. area,Syd-Newc-Woll Gtr conurbation,Straight,,,,Off,Sealed,Dry,Fine,Dawn,On,No traffic controls,80 km/h,State,10,Cross traffic,101,Adj - Cross traffic,,Right angle,Light truck utility(from 2018),Light truck utility(from 2018),2,0,0,1,0,12,December,Summer,Friday,06:00 - 07:59,AM peak / school commute,True,False,True,True
1377175,Injury,Minor/Other Injury,2024,2024,October,Wednesday,14:00 - 15:59,GEORGE BASS,DR,0,Right on the spot,BEVIAN,RD,TOMAKIN,7630.0,No,Not a school zone,T-junction,-35.823658,150.199938,Eurobodalla,Country urban,Rest of NSW - Urban,Straight,,,,Nil,Sealed,Dry,Fine,Daylight,Nil,Give way sign,80 km/h,Regional,30,Rear end,301,Same - Rear end,,Rear end,Car (sedan/hatch),4 wheel drive / SUV,3,0,0,0,3,10,October,Spring,Wednesday,14:00 - 15:59,Midday / afternoon,False,False,True,True
1377177,Injury,Serious Injury,2024,2024,November,Saturday,22:00 - Midnight,KING GEORGES,RD,80,North,THE BOULEVARDE,MS,WILEY PARK,200.0,No,Not a school zone,Divided road,-33.922261,151.067994,Canterbury-Bankstown,Sydney metro. area,Syd-Newc-Woll Gtr conurbation,Straight,,,,On,Sealed,Dry,Fine,Darkness,On,Ped crossing,60 km/h,State,74,On road-out of cont.,705,Out of control on cway,,Rollover,Motor scooter,,1,0,1,0,0,11,November,Spring,Saturday,22:00 - Midnight,Evening / night,False,False,True,True
1377178,Injury,Serious Injury,2024,2024,November,Wednesday,14:00 - 15:59,VICTORIA,RD,0,Right on the spot,GLENAYR,AVE,WEST RYDE,165.0,No,Not a school zone,T-junction,-33.805772,151.076781,Ryde,Sydney metro. area,Syd-Newc-Woll Gtr conurbation,Straight,Foot/cycle path/nature strip,,,Off,Sealed,Dry,Fine,Daylight,Nil,No traffic controls,70 km/h,State,0,Ped nearside,1,Ped - Near side,,Vehicle - Pedestrian,Light truck utility(from 2018),Pedestrian,2,0,1,0,0,11,November,Spring,Wednesday,14:00 - 15:59,Midday / afternoon,False,False,True,True
1377182,Injury,Moderate Injury,2024,2024,October,Saturday,22:00 - Midnight,ROBERT,ST,0,Right on the spot,WOODWARD,AVE,SOUTH TAMWORTH,,No,Not a school zone,Roundabout,-31.109157,150.909372,Tamworth Regional,Country urban,Rest of NSW - Urban,Straight,,,,On,Sealed,Dry,Fine,Darkness,Nil,Give way sign,50 km/h,Local,73,Off rd rght => obj,704,Right off cway into obj,,Vehicle - Object,Car (sedan/hatch),,1,0,0,1,0,10,October,Spring,Saturday,22:00 - Midnight,Evening / night,False,False,True,True
1377185,Injury,Serious Injury,2024,2024,December,Wednesday,12:00 - 13:59,MONDAYONG,RD,0,Right on the spot,OLD BERRARA,RD,MONDAYONG,,No,Not a school zone,X-intersection,-35.142476,150.519738,Shoalhaven,Country urban,Rest of NSW - Urban,Straight,,,,Nil,Unsealed,Dry,Fine,Daylight,Nil,No traffic controls,60 km/h,Local,99,Unknown,907,Vehicle movements unknown,,Unknown,Quad bike,,1,0,1,0,0,12,December,Summer,Wednesday,12:00 - 13:59,Midday / afternoon,False,False,True,True
1377210,Injury,Serious Injury,2024,2024,October,Thursday,14:00 - 15:59,CENTRAL COAST,HWY,0,Right on the spot,NUMBER 35,HN,NORAH HEAD,30.0,No,Not a school zone,2-way undivided,-33.279265,151.555752,Central Coast,Country urban,Syd-Newc-Woll Gtr conurbation,Straight,,,,Nil,Sealed,Dry,Fine,Daylight,Nil,No traffic controls,80 km/h,State,35,Lane change left,307,Same - Lane change left,,Other angle,Motorcycle,Unknown motor vehicle,2,0,1,0,0,10,October,Spring,Thursday,14:00 - 15:59,Midday / afternoon,False,False,True,True
1377294,Injury,Moderate Injury,2024,2024,October,Monday,16:00 - 17:59,O'DONNELL,DR,0,Right on the spot,NUMBER 21,HN,FIGTREE,,No,Not a school zone,2-way undivided,-34.447669,150.854347,Wollongong,Wollongong met. area,Syd-Newc-Woll Gtr conurbation,Curved,,,,Nil,Sealed,Dry,Fine,Daylight,Nil,No traffic controls,50 km/h,Local,81,Off left/rt bnd=>obj,803,Off right bend into obj,Left,Other angle,4 wheel drive / SUV,Car (sedan/hatch),2,0,0,1,0,10,October,Spring,Monday,16:00 - 17:59,PM peak / evening commute,True,False,True,True
1377295,Injury,Serious Injury,2024,2024,November,Saturday,00:01 - 01:59,MIMOSA,RD,200,North,WEEMALA,ST,BUDGEWOI,7759.0,No,Not a school zone,2-way undivided,-33.234845,151.568289,Central Coast,Country urban,Syd-Newc-Woll Gtr conurbation,Straight,,,,On,Sealed,Wet,Raining,Darkness,Nil,No traffic controls,50 km/h,Regional,71,Off rd left => obj,703,Left off cway into object,,Vehicle - Object,Car (sedan/hatch),,1,0,1,0,0,11,November,Spring,Saturday,00:01 - 01:59,Late night / early morning,False,False,True,True
1377302,Injury,Minor/Other Injury,2024,2024,November,Thursday,08:00 - 09:59,GRANDVIEW,ST,0,Right on the spot,SHELLY BEACH,RD,SHELLY BEACH,,No,Not a school zone,Roundabout,-33.370171,151.484242,Central Coast,Country urban,Syd-Newc-Woll Gtr conurbation,Straight,,,,Off,Sealed,Dry,Fine,Daylight,Nil,Give way sign,50 km/h,Local,10,Cross traffic,101,Adj - Cross traffic,,Right angle,Car (sedan/hatch),Pedal cycle,2,0,0,0,1,11,November,Spring,Thursday,08:00 - 09:59,AM peak / school commute,True,False,True,True