crash_id,degree_of_crash,degree_of_crash_-_detailed,reporting_year,year_of_crash,month_of_crash,day_of_week_of_crash,two-hour_intervals,street_of_crash,street_type,distance,direction,identifying_feature,identifying_feature_type,town,route_no.,school_zone_location,school_zone_active,type_of_location,latitude,longitude,lga,urbanisation,conurbation_1,alignment,primary_permanent_feature,primary_temporary_feature,primary_hazardous_feature,street_lighting,road_surface,surface_condition,weather,natural_lighting,signals_operation,other_traffic_control,speed_limit,road_classification_(admin),rum_-_code,rum_-_description,dca_-_code,dca_-_description,dca_supplement,first_impact_type,key_tu_type,other_tu_type,no._of_traffic_units_involved,no._killed,no._seriously_injured,no._moderately_injured,no._minor-other_injured,month_num,month_label,season,day_label,time_label,time_band,is_peak_commute,is_fatal,is_injury,is_casualty
1377303,Injury,Serious Injury,2024,2024,December,Thursday,22:00 - Midnight,KYLIE,ST,100,West,YARRAWONGA,ST,MACKSVILLE,,No,Not a school zone,2-way undivided,-30.725527,152.908022,Nambucca Valley,Country urban,Rest of NSW - Urban,Curved,Embankment/cutting,,,Nil,Sealed,Dry,Fine,Darkness,Nil,No traffic controls,50 km/h,Local,84,Off right/left bend,802,Off cway left bend,Right,Rollover,Car (sedan/hatch),,1,0,1,0,0,12,December,Summer,Thursday,22:00 - Midnight,Evening / night,False,False,True,True
1377304,Injury,Serious Injury,2024,2024,November,Friday,12:00 - 13:59,PATERSON,RD,0,Right on the spot,NUMBER 1137,HN,WOODVILLE,,No,Not a school zone,2-way undivided,-32.641895,151.612453,Port Stephens,Country urban,Rest of NSW - Urban,Curved,,,,Nil,Sealed,Dry,Overcast,Daylight,Nil,No traffic controls,80 km/h,Local,81,Off left/rt bnd=>obj,803,Off right bend into obj,Left,Vehicle - Object,Light truck utility(from 2018),,1,0,1,0,0,11,November,Spring,Friday,12:00 - 13:59,Midday / afternoon,False,False,True,True
1377306,Injury,Serious Injury,2024,2024,October,Sunday,12:00 - 13:59,MERRYWINEBONE,RD,22600,South,GWYDIR,HWY,ROWENA,329.0,No,Not a school zone,2-way undivided,-29.67551,148.824349,Walgett,Country non-urban,Rest of NSW - Rural,Curved,,,,Nil,Sealed,Dry,Fine,Daylight,Nil,No traffic controls,100 km/h,Regional,84,Off right/left bend,802,Off cway left bend,Right,Rollover,Semi-trailer,,1,0,1,0,0,10,October,Spring,Sunday,12:00 - 13:59,Midday / afternoon,False,False,True,True
1377307,Injury,Moderate Injury,2024,2024,September,Wednesday,16:00 - 17:59,FIFTEENTH,AVE,10,West,DEVONSHIRE,RD,ROSSMORE,7261.0,No,Not a school zone,Roundabout,-33.914815,150.78588,Liverpool,Sydney metro. area,Syd-Newc-Woll Gtr conurbation,Straight,,,,Off,Sealed,Dry,Fine,Dusk,Nil,Give way sign,70 km/h,Regional,30,Rear end,301,Same - Rear end,,Rear end,Motorcycle,Light truck utility(from 2018),2,0,0,1,0,9,September,Spring,Wednesday,16:00 - 17:59,PM peak / evening commute,True,False,True,True
1377308,Injury,Serious Injury,2024,2024,December,Tuesday,20:00 - 21:59,LAYCOCK,ST,0,Right on the spot,SHELLBOURNE,PL,CRANEBROOK,,No,Not a school zone,T-junction,-33.726345,150.703363,Penrith,Sydney metro. area,Syd-Newc-Woll Gtr conurbation,Curved,Steep grade,,,Off,Sealed,Dry,Fine,Dusk,Nil,No traffic controls,50 km/h,Local,88,Out of cont on bend,805,Out of control on bend,,Rollover,Motorcycle,,1,0,1,0,0,12,December,Summer,Tuesday,20:00 - 21:59,Evening / night,False,False,True,True
1377311,Injury,Serious Injury,2024,2024,October,Saturday,08:00 - 09:59,NEWELL,HWY,3000,South,CAINS CROSSING,RD,BOHENA CREEK,17.0,No,Not a school zone,2-way undivided,-30.471704,149.655938,Narrabri,Country non-urban,Rest of NSW - Rural,Straight,,,,Nil,Sealed,Dry,Fine,Daylight,Nil,No traffic controls,110 km/h,State,73,Off rd rght => obj,704,Right off cway into obj,,Vehicle - Object,B-double (road train prior 98),,1,0,1,0,0,10,October,Spring,Saturday,08:00 - 09:59,AM peak / school commute,True,False,True,True
1377320,Injury,Minor/Other Injury,2024,2024,December,Sunday,12:00 - 13:59,HIGHGATE,ST,0,Right on the spot,NUMBER 66,HN,BEXLEY,,No,Not a school zone,2-way undivided,-33.947605,151.119933,Bayside,Sydney metro. area,Syd-Newc-Woll Gtr conurbation,Straight,,,,Nil,Sealed,Dry,Fine,Daylight,Nil,No traffic controls,50 km/h,Local,44,Parking vehicles,403,Manov - Parking-parked vehicle,,Other angle,Car (sedan/hatch),Car (sedan/hatch),2,0,0,0,1,12,December,Summer,Sunday,12:00 - 13:59,Midday / afternoon,False,False,True,True
1377326,Injury,Minor/Other Injury,2024,2024,October,Saturday,12:00 - 13:59,HUME,HWY,100,West,MILLER,RD,VILLAWOOD,2.0,No,Not a school zone,Divided road,-33.895751,150.990064,Canterbury-Bankstown,Sydney metro. area,Syd-Newc-Woll Gtr conurbation,Straight,,,,Nil,Sealed,Dry,Fine,Daylight,Nil,No traffic controls,70 km/h,State,30,Rear end,301,Same - Rear end,,Rear end,Car (sedan/hatch),Motor scooter,2,0,0,0,1,10,October,Spring,Saturday,12:00 - 13:59,Midday / afternoon,False,False,True,True
1377344,Injury,Minor/Other Injury,2024,2024,October,Monday,00:01 - 01:59,POPONDETTA,RD,10,North,MIDDLETON,CRES,BIDWILL,,No,Not a school zone,T-junction,-33.733233,150.816694,Blacktown,Sydney metro. area,Syd-Newc-Woll Gtr conurbation,Straight,,,,Nil,Sealed,Dry,Fine,Darkness,Nil,No traffic controls,50 km/h,Local,71,Off rd left => obj,703,Left off cway into object,,Other angle,Motor scooter,Light truck utility(from 2018),2,0,0,0,1,10,October,Spring,Monday,00:01 - 01:59,Late night / early morning,False,False,True,True
1377358,Injury,Serious Injury,2024,2024,October,Friday,14:00 - 15:59,VICTORIA,RD,155,West,ANZAC,BDGE,ROZELLE,165.0,No,Not a school zone,Divided road,-33.867983,151.179871,Inner West,Sydney metro. area,Syd-Newc-Woll Gtr conurbation,Curved,Other bridge,,,Off,Sealed,Dry,Fine,Daylight,Nil,No traffic controls,60 km/h,State,30,Rear end,301,Same - Rear end,,Rear end,Light truck utility(from 2018),4 wheel drive / SUV,2,0,1,0,0,10,October,Spring,Friday,14:00 - 15:59,Midday / afternoon,False,False,True,True
1377360,Injury,Serious Injury,2024,2024,October,Sunday,14:00 - 15:59,CHELMSFORD,RD,30,South,OLD PROSPECT,RD,SOUTH WENTWORTHVILLE,,No,Not a school zone,2-way undivided,-33.817567,150.966523,Cumberland,Sydney metro. area,Syd-Newc-Woll Gtr conurbation,Straight,Steep grade,,,Off,Sealed,Dry,Fine,Daylight,Nil,No traffic controls,50 km/h,Local,71,Off rd left => obj,703,Left off cway into object,,Vehicle - Object,Motorcycle,,1,0,1,0,0,10,October,Spring,Sunday,14:00 - 15:59,Midday / afternoon,False,False,True,True
1377374,Injury,Moderate Injury,2024,2024,December,Tuesday,10:00 - 11:59,NEWCASTLE,EXP,0,Right on the spot,MOONEY MOONEY CREEK,BDGE,MOONEY MOONEY CREEK,6003.0,No,Not a school zone,Dual freeway,-33.432427,151.253872,Central Coast,Country non-urban,Syd-Newc-Woll Gtr conurbation,Straight,Other bridge,,,Unknown / not stated,Sealed,Dry,Fine,Daylight,Nil,No traffic controls,110 km/h,State,34,Lane change right,306,Same - Lane change right,,Other angle,Car (sedan/hatch),Large rigid,2,0,0,1,0,12,December,Summer,Tuesday,10:00 - 11:59,Midday / afternoon,False,False,True,True
1377381,Injury,Serious Injury,2024,2024,August,Monday,22:00 - Midnight,MURRUMBIDGEE RIVER,RD,23000,East,MID WESTERN,HWY,CARRATHOOL,,No,Not a school zone,2-way undivided,-34.467058,145.226933,Carrathool,Country non-urban,Rest of NSW - Rural,Straight,,,,Nil,Sealed,Dry,Fine,Darkness,Nil,No traffic controls,100 km/h,Local,72,Off road to right,702,Off carriageway to right,,Rollover,Light truck utility(from 2018),,1,0,1,0,0,8,August,Winter,Monday,22:00 - Midnight,Evening / night,False,False,True,True
1377383,Injury,Moderate Injury,2024,2024,November,Sunday,10:00 - 11:59,WATERFALL,WAY,0,Right on the spot,OLD HILLGROVE,RD,METZ,76.0,No,Not a school zone,T-junction,-30.534156,151.877798,Armidale Regional,Country non-urban,Rest of NSW - Rural,Curved,,,,Nil,Sealed,Dry,Fine,Daylight,Nil,Give way sign,100 km/h,State,20,Head on,201,Opp - Head on,,Head-on,Car (sedan/hatch),4 wheel drive / SUV,2,0,0,2,0,11,November,Spring,Sunday,10:00 - 11:59,Midday / afternoon,False,False,True,True
1377384,Injury,Moderate Injury,2024,2024,November,Thursday,10:00 - 11:59,CARLINGFORD,ST,0,Right on the spot,NUMBER 83,HN,SEFTON,7102.0,No,Not a school zone,2-way undivided,-33.884918,151.013822,Canterbury-Bankstown,Sydney metro. area,Syd-Newc-Woll Gtr conurbation,Straight,,,,Off,Sealed,Dry,Fine,Daylight,Nil,No traffic controls,60 km/h,Regional,30,Rear end,301,Same - Rear end,,Rear end,Light truck,4 wheel drive / SUV,2,0,0,1,0,11,November,Spring,Thursday,10:00 - 11:59,Midday / afternoon,False,False,True,True
1377385,Injury,Moderate Injury,2024,2024,December,Thursday,10:00 - 11:59,BELMORE,RD,0,Right on the spot,MOROTAI,AVE,RIVERWOOD,2050.0,No,Not a school zone,T-junction,-33.9509,151.052423,Georges River,Sydney metro. area,Syd-Newc-Woll Gtr conurbation,Curved,Foot/cycle path/nature strip,,,Nil,Sealed,Dry,Fine,Daylight,Nil,Ped crossing,50 km/h,Regional,48,From footpath,408,Manov - From footway,,Other angle,Pedal cycle,4 wheel drive / SUV,2,0,0,1,0,12,December,Summer,Thursday,10:00 - 11:59,Midday / afternoon,False,False,True,True
1377386,Injury,Minor/Other Injury,2024,2024,November,Thursday,00:01 - 01:59,DRUITT,ST,0,Right on the spot,KENT,ST,SYDNEY,7307.0,No,Not a school zone,X-intersection,-33.872805,151.205092,Sydney,Sydney metro. area,Syd-Newc-Woll Gtr conurbation,Straight,Foot/cycle path/nature strip,,,On,Sealed,Dry,Fine,Darkness,On,No right turn,40 km/h,Regional,36,Right turn sideswipe,308,Same - Rgt turn side swipe,,Other angle,Car (sedan/hatch),Pedal cycle,2,0,0,0,1,11,November,Spring,Thursday,00:01 - 01:59,Late night / early morning,False,False,True,True
1377388,Injury,Moderate Injury,2024,2024,June,Wednesday,06:00 - 07:59,FOREST,RD,0,Right on the spot,PEARCE,AVE,PEAKHURST,168.0,No,Not a school zone,T-junction,-33.960294,151.060597,Georges River,Sydney metro. area,Syd-Newc-Woll Gtr conurbation,Straight,,,,Off,Sealed,Dry,Fine,Dawn,Nil,No traffic controls,60 km/h,State,13,Right near,104,Adj - Right-thru from right,,Right angle,Car (sedan/hatch),Motorcycle,2,0,0,1,0,6,June,Winter,Wednesday,06:00 - 07:59,AM peak / school commute,True,False,True,True
1377389,Injury,Moderate Injury,2024,2024,December,Thursday,20:00 - 21:59,SALISBURY,DR,30,South,ST ANNS,ST,NOWRA,,No,Not a school zone,2-way undivided,-34.886338,150.61248,Shoalhaven,Country urban,Rest of NSW - Urban,Curved,,,,On,Sealed,Dry,Fine,Darkness,Nil,No traffic controls,50 km/h,Local,87,Off lft/lft bnd=>obj,804,Off left bend into obj,Left,Vehicle - Object,Utility,,1,0,0,1,0,12,December,Summer,Thursday,20:00 - 21:59,Evening / night,False,False,True,True
1377390,Injury,Moderate Injury,2024,2024,December,Tuesday,08:00 - 09:59,COAST,RD,0,Right on the spot,MAHOGANY,DR,BYRON BAY,545.0,No,Not a school zone,T-junction,-28.661166,153.614836,Byron,Country urban,Rest of NSW - Urban,Straight,Foot/cycle path/nature strip,,,Off,Sealed,Dry,Fine,Daylight,Nil,Give way sign,50 km/h,Regional,30,Rear end,301,Same - Rear end,,Rear end,4 wheel drive / SUV,Pedal cycle,2,0,0,1,0,12,December,Summer,Tuesday,08:00 - 09:59,AM peak / school commute,True,False,True,True
1377391,Injury,Minor/Other Injury,2024,2024,October,Saturday,14:00 - 15:59,FEDERAL,HWY,0,Right on the spot,THE VINEYARDS,RD,LAKE GEORGE,3.0,No,Not a school zone,T-junction,-35.000264,149.38352,Yass Valley,Country non-urban,Rest of NSW - Rural,Straight,,,,Nil,Sealed,Dry,Fine,Daylight,Nil,Give way sign,110 km/h,State,12,Left far,103,Adj - Left-thru from left,,Right angle,4 wheel drive / SUV,Car (sedan/hatch),2,0,0,0,2,10,October,Spring,Saturday,14:00 - 15:59,Midday / afternoon,False,False,True,True
1377392,Injury,Serious Injury,2024,2024,October,Thursday,06:00 - 07:59,PITTWATER,RD,0,Right on the spot,DELMAR,PDE,DEE WHY,164.0,No,Not a school zone,T-junction,-33.756084,151.282881,Northern Beaches,Sydney metro. area,Syd-Newc-Woll Gtr conurbation,Straight,Bus/transit lane,Roadwks/Detour/Diverson,,Off,Sealed,Dry,Fine,Daylight,Nil,No traffic controls,40 km/h,State,37,Left turn sideswipe,309,Same - Left turn side swipe,,Other angle,Large rigid,Motorcycle,2,0,1,0,0,10,October,Spring,Thursday,06:00 - 07:59,AM peak / school commute,True,False,True,True
1377393,Injury,Serious Injury,2024,2024,December,Sunday,10:00 - 11:59,MILTON,ST,0,Right on the spot,NORTON,ST,ASHFIELD,549.0,No,Not a school zone,X-intersection,-33.889989,151.117231,Inner West,Sydney metro. area,Syd-Newc-Woll Gtr conurbation,Straight,,,,Off,Sealed,Dry,Fine,Daylight,On,No traffic controls,50 km/h,State,10,Cross traffic,101,Adj - Cross traffic,,Right angle,Car (sedan/hatch),Pedal cycle,2,0,1,1,0,12,December,Summer,Sunday,10:00 - 11:59,Midday / afternoon,False,False,True,True
1377394,Injury,Minor/Other Injury,2024,2024,October,Thursday,12:00 - 13:59,HILL,RD,0,Right on the spot,STROMBOLI STRAIT,MS,WENTWORTH POINT,,No,Not a school zone,T-junction,-33.829422,151.072504,Parramatta,Sydney metro. area,Syd-Newc-Woll Gtr conurbation,Straight,,,,Off,Sealed,Dry,Fine,Daylight,Nil,No traffic controls,50 km/h,Local,30,Rear end,301,Same - Rear end,,Rear end,Car (sedan/hatch),Car (sedan/hatch),3,0,0,0,1,10,October,Spring,Thursday,12:00 - 13:59,Midday / afternoon,False,False,True,True
1377395,Injury,Serious Injury,2024,2024,November,Thursday,22:00 - Midnight,PRINCES,HWY,0,Right on the spot,CLEVELAND,RD,DAPTO,1.0,No,Not a school zone,T-junction,-34.502382,150.788992,Wollongong,Wollongong met. area,Syd-Newc-Woll Gtr conurbation,Straight,Steep grade,,,On,Sealed,Dry,Fine,Darkness,On,No traffic controls,60 km/h,Regional,13,Right near,104,Adj - Right-thru from right,,Right angle,Car (sedan/hatch),Motorcycle,2,0,1,1,0,11,November,Spring,Thursday,22:00 - Midnight,Evening / night,False,False,True,True
1377424,Injury,Moderate Injury,2024,2024,December,Friday,00:01 - 01:59,RANKINS SPRINGS,RD,10,North,SIMPSON,LANE,MYALL PARK,321.0,No,Not a school zone,X-intersection,-34.177138,146.108003,Griffith,Country non-urban,Rest of NSW - Rural,Curved,Ditch/drain/culvert,,,Unknown / not stated,Sealed,Dry,Fine,Darkness,Nil,Give way sign,100 km/h,Regional,84,Off right/left bend,802,Off cway left bend,Right,Rollover,Car (sedan/hatch),,1,0,0,1,0,12,December,Summer,Friday,00:01 - 01:59,Late night / early morning,False,False,True,True
1377441,Injury,Minor/Other Injury,2024,2024,December,Saturday,10:00 - 11:59,GARDENERS,RD,0,Right on the spot,NUMBER 270,HN,ROSEBERY,183.0,No,Not a school zone,Divided road,-33.923293,151.209837,Sydney,Sydney metro. area,Syd-Newc-Woll Gtr conurbation,Straight,,,,Unknown / not stated,Sealed,Dry,Fine,Daylight,Nil,No traffic controls,60 km/h,State,39,Other same direction,300,Same - other,,Other angle,Station wagon,Car (sedan/hatch),5,0,0,0,1,12,December,Summer,Saturday,10:00 - 11:59,Midday / afternoon,False,False,True,True
1377458,Injury,Minor/Other Injury,2024,2024,October,Wednesday,14:00 - 15:59,RESERVOIR,RD,50,South,GREAT WESTERN,HWY,HUNTINGWOOD,683.0,No,Not a school zone,Divided road,-33.798557,150.89679,Blacktown,Sydney metro. area,Syd-Newc-Woll Gtr conurbation,Straight,Steep grade,,,Unknown / not stated,Sealed,Dry,Fine,Daylight,Nil,No traffic controls,50 km/h,State,30,Rear end,301,Same - Rear end,,Rear end,4 wheel drive / SUV,Light truck,2,0,0,0,1,10,October,Spring,Wednesday,14:00 - 15:59,Midday / afternoon,False,False,True,True
1377467,Injury,Moderate Injury,2024,2024,December,Tuesday,08:00 - 09:59,STADIUM,DR,0,Right on the spot,DOMAIN,DR,COFFS HARBOUR,7741.0,No,Not a school zone,T-junction,-30.324028,153.092457,Coffs Harbour,Country urban,Rest of NSW - Urban,Curved,,,,Unknown / not stated,Sealed,Dry,Fine,Daylight,Nil,Give way sign,60 km/h,Regional,10,Cross traffic,101,Adj - Cross traffic,,Right angle,Light truck utility(from 2018),Light truck utility(from 2018),2,0,0,1,0,12,December,Summer,Tuesday,08:00 - 09:59,AM peak / school commute,True,False,True,True
1377499,Injury,Moderate Injury,2024,2024,September,Friday,18:00 - 19:59,PRINCES,HWY,0,Right on the spot,NORTHCLIFFE DRIVE,TO,KEMBLA GRANGE,1.0,No,Not a school zone,Divided road,-34.468686,150.826054,Wollongong,Wollongong met. area,Syd-Newc-Woll Gtr conurbation,Curved,,,,Unknown / not stated,Sealed,Dry,Fine,Darkness,Nil,No traffic controls,70 km/h,Regional,30,Rear end,301,Same - Rear end,,Rear end,Car (sedan/hatch),Light truck utility(from 2018),2,0,0,2,0,9,September,Spring,Friday,18:00 - 19:59,PM peak / evening commute,True,False,True,True
1377532,Injury,Moderate Injury,2024,2024,October,Saturday,14:00 - 15:59,BAY,ST,10,East,AERO,ST,BRIGHTON-LE-SANDS,169.0,No,Not a school zone,T-junction,-33.957862,151.149099,Bayside,Sydney metro. area,Syd-Newc-Woll Gtr conurbation,Straight,,,,Off,Sealed,Dry,Fine,Daylight,Nil,Give way sign,60 km/h,State,30,Rear end,301,Same - Rear end,,Rear end,Light truck,Light truck,3,0,0,2,0,10,October,Spring,Saturday,14:00 - 15:59,Midday / afternoon,False,False,True,True
1377537,Injury,Moderate Injury,2024,2024,November,Sunday,18:00 - 19:59,ATCHISON,ST,0,Right on the spot,NUMBER 66,HN,WOLLONGONG,,No,Not a school zone,2-way undivided,-34.431213,150.889892,Wollongong,Wollongong met. area,Syd-Newc-Woll Gtr conurbation,Straight,Driveway/entrance,,,Unknown / not stated,Sealed,Dry,Fine,Darkness,Nil,No traffic controls,50 km/h,Local,47,Emerging from drive,406,Manov - Emerging from driveway,,Right angle,Light truck utility(from 2018),Car (sedan/hatch),2,0,0,1,0,11,November,Spring,Sunday,18:00 - 19:59,PM peak / evening commute,True,False,True,True
1377548,Injury,Minor/Other Injury,2024,2024,November,Wednesday,14:00 - 15:59,LYONS,RD,25,West,TRANMERE,ST,DRUMMOYNE,395.0,No,Not a school zone,2-way undivided,-33.853019,151.151587,Canada Bay,Sydney metro. area,Syd-Newc-Woll Gtr conurbation,Straight,,,,Unknown / not stated,Sealed,Dry,Fine,Daylight,Nil,No traffic controls,50 km/h,State,30,Rear end,301,Same - Rear end,,Rear end,Light truck,Car (sedan/hatch),3,0,0,0,1,11,November,Spring,Wednesday,14:00 - 15:59,Midday / afternoon,False,False,True,True
1377593,Injury,Minor/Other Injury,2024,2024,November,Friday,14:00 - 15:59,LYN,PDE,0,Right on the spot,NUMBER 28,ENT,PRESTONS,7270.0,No,Not a school zone,2-way undivided,-33.933003,150.887061,Liverpool,Sydney metro. area,Syd-Newc-Woll Gtr conurbation,Straight,Driveway/entrance,,,Unknown / not stated,Sealed,Wet,Overcast,Daylight,Nil,No traffic controls,60 km/h,Local,47,Emerging from drive,406,Manov - Emerging from driveway,,Right angle,Car (sedan/hatch),4 wheel drive / SUV,2,0,0,0,1,11,November,Spring,Friday,14:00 - 15:59,Midday / afternoon,False,False,True,True
1377621,Injury,Minor/Other Injury,2024,2024,December,Sunday,02:00 - 03:59,GOOLMA,RD,2300,East,BROWIE,RD,GOOLMA,633.0,No,Not a school zone,2-way undivided,-32.377716,149.20051,Mid-Western Regional,Country non-urban,Rest of NSW - Rural,Curved,Painted double centre lines,,,Unknown / not stated,Sealed,Dry,Fine,Darkness,Nil,No traffic controls,100 km/h,State,82,Off right/right bend,801,Off cway right bend,Right,Rollover,4 wheel drive / SUV,,1,0,0,0,1,12,December,Summer,Sunday,02:00 - 03:59,Late night / early morning,False,False,True,True
1377641,Injury,Serious Injury,2024,2024,November,Tuesday,14:00 - 15:59,CUMBERLAND,HWY,0,Right on the spot,SMITHFIELD ROAD,TO,FAIRFIELD WEST,13.0,No,Not a school zone,Divided road,-33.864319,150.92611,Fairfield,Sydney metro. area,Syd-Newc-Woll Gtr conurbation,Straight,,,,Off,Sealed,Dry,Fine,Daylight,Nil,No traffic controls,70 km/h,State,30,Rear end,301,Same - Rear end,,Rear end,Motorcycle,Passenger van,2,0,1,0,0,11,November,Spring,Tuesday,14:00 - 15:59,Midday / afternoon,False,False,True,True
1377645,Injury,Minor/Other Injury,2024,2024,December,Sunday,14:00 - 15:59,URILA,RD,0,Right on the spot,NUMBER 748,HN,URILA,,No,Not a school zone,2-way undivided,-35.572721,149.292515,Queanbeyan-Palerang Regional,Country urban,Rest of NSW - Urban,Curved,,,,Nil,Unsealed,Dry,Fine,Daylight,Nil,No traffic controls,80 km/h,Local,66,Object on road,607,On path - Hit temp object,,Vehicle - Object,Motorcycle,,1,0,0,0,1,12,December,Summer,Sunday,14:00 - 15:59,Midday / afternoon,False,False,True,True
1377649,Injury,Moderate Injury,2024,2024,December,Sunday,00:01 - 01:59,ENMORE,RD,0,Right on the spot,PRINCES,HWY,NEWTOWN,167.0,No,Not a school zone,T-junction,-33.897733,151.178503,Inner West,Sydney metro. area,Syd-Newc-Woll Gtr conurbation,Straight,,,,On,Sealed,Dry,Fine,Darkness,On,Ped crossing,40 km/h,State,2,Ped far side,3,Ped - Far side,,Vehicle - Pedestrian,Car (sedan/hatch),Pedestrian,2,0,0,1,0,12,December,Summer,Sunday,00:01 - 01:59,Late night / early morning,False,False,True,True
1377655,Injury,Serious Injury,2024,2024,December,Wednesday,02:00 - 03:59,ANZAC,PDE,50,South,HAYWARD,ST,KINGSFORD,661.0,No,Not a school zone,Divided road,-33.927108,151.231578,Randwick,Sydney metro. area,Syd-Newc-Woll Gtr conurbation,Straight,,Police pursuit,,On,Sealed,Dry,Fine,Darkness,Nil,No traffic controls,60 km/h,State,71,Off rd left => obj,703,Left off cway into object,,Other angle,Car (sedan/hatch),4 wheel drive / SUV,2,0,1,0,0,12,December,Summer,Wednesday,02:00 - 03:59,Late night / early morning,False,False,True,True
1377656,Injury,Serious Injury,2024,2024,December,Monday,12:00 - 13:59,VALLEY,RD,0,Right on the spot,WAMINDA,AVE,CAMPBELLTOWN,,Yes,No,X-intersection,-34.071629,150.83013,Campbelltown,Sydney metro. area,Syd-Newc-Woll Gtr conurbation,Straight,,,,Off,Sealed,Dry,Overcast,Daylight,Nil,No traffic controls,60 km/h,Local,21,Right through,202,Opp - Right-thru,,Other angle,Light truck,Pedal cycle,2,0,1,0,0,12,December,Summer,Monday,12:00 - 13:59,Midday / afternoon,False,False,True,True
1377660,Injury,Serious Injury,2024,2024,November,Monday,06:00 - 07:59,THE LAKES,WAY,3000,South,FAILFORD,RD,DARAWANK,692.0,No,Not a school zone,2-way undivided,-32.115201,152.478629,Mid-Coast,Country non-urban,Rest of NSW - Rural,Curved,,,,Nil,Sealed,Dry,Fine,Dawn,Nil,No traffic controls,100 km/h,State,20,Head on,201,Opp - Head on,,Head-on,4 wheel drive / SUV,Light truck utility(from 2018),3,0,2,0,0,11,November,Spring,Monday,06:00 - 07:59,AM peak / school commute,True,False,True,True
1377667,Injury,Serious Injury,2024,2024,December,Tuesday,22:00 - Midnight,GOLDFIELDS,WAY,300,South,MAITLANDS,LANE,BARMEDMAN,57.0,No,Not a school zone,2-way undivided,-34.10403,147.357647,Bland,Country non-urban,Rest of NSW - Rural,Straight,,,,Nil,Sealed,Dry,Fine,Darkness,Nil,No traffic controls,100 km/h,State,71,Off rd left => obj,703,Left off cway into object,,Vehicle - Object,Car (sedan/hatch),,1,0,1,0,0,12,December,Summer,Tuesday,22:00 - Midnight,Evening / night,False,False,True,True
1377679,Injury,Serious Injury,2024,2024,December,Saturday,20:00 - 21:59,ELTHAM,RD,0,Right on the spot,NUMBER 1418,HN,TEVEN,,No,Not a school zone,2-way undivided,-28.790003,153.471503,Ballina,Country urban,Rest of NSW - Urban,Curved,,,,Nil,Sealed,Dry,Unknown,Darkness,Nil,No traffic controls,80 km/h,Local,85,Off rt/lft bnd=>obj,804,Off left bend into obj,Right,Vehicle - Object,Light truck utility(from 2018),,1,0,1,1,0,12,December,Summer,Saturday,20:00 - 21:59,Evening / night,False,False,True,True
1377680,Injury,Minor/Other Injury,2024,2024,November,Friday,14:00 - 15:59,NARELLAN,RD,0,Right on the spot,GILCHRIST,DR,CAMPBELLTOWN,178.0,No,Not a school zone,X-intersection,-34.068104,150.802502,Campbelltown,Sydney metro. area,Syd-Newc-Woll Gtr conurbation,Straight,,,,Off,Sealed,Dry,Fine,Daylight,On,No traffic controls,60 km/h,State,30,Rear end,301,Same - Rear end,,Rear end,4 wheel drive / SUV,Car (sedan/hatch),2,0,0,0,1,11,November,Spring,Friday,14:00 - 15:59,Midday / afternoon,False,False,True,True
1377685,Injury,Moderate Injury,2024,2024,December,Saturday,12:00 - 13:59,CHANDOS,ST,10,South,KAMILAROI,HWY,GUNNEDAH,29.0,No,Not a school zone,Roundabout,-30.976804,150.251024,Gunnedah,Country urban,Rest of NSW - Urban,Straight,,,,Nil,Sealed,Dry,Fine,Daylight,Nil,No traffic controls,40 km/h,State,30,Rear end,301,Same - Rear end,,Rear end,Car (sedan/hatch),Car (sedan/hatch),2,0,0,2,0,12,December,Summer,Saturday,12:00 - 13:59,Midday / afternoon,False,False,True,True
1377699,Injury,Serious Injury,2024,2024,November,Sunday,16:00 - 17:59,PRINCE EDWARD PARK,RD,0,Right on the spot,NUMBER 127,HN,WORONORA,,No,Not a school zone,2-way undivided,-34.030122,151.040118,Sutherland,Sydney metro. area,Syd-Newc-Woll Gtr conurbation,Straight,,,,Nil,Sealed,Dry,Fine,Daylight,Nil,No traffic controls,50 km/h,Local,42,Leaving parking,401,Manov - Leaving parking,,Other angle,Motorcycle,Unknown motor vehicle,3,0,1,0,0,11,November,Spring,Sunday,16:00 - 17:59,PM peak / evening commute,True,False,True,True
1377702,Injury,Moderate Injury,2024,2024,December,Tuesday,16:00 - 17:59,HUME,HWY,0,Right on the spot,GLENFIELD,RD,GLENFIELD,2.0,No,Not a school zone,T-junction,-33.95948,150.885372,Campbelltown,Sydney metro. area,Syd-Newc-Woll Gtr conurbation,Straight,,,,Off,Sealed,Dry,Fine,Daylight,On,No traffic controls,70 km/h,State,13,Right near,104,Adj - Right-thru from right,,Right angle,Car (sedan/hatch),Station wagon,2,0,0,2,0,12,December,Summer,Tuesday,16:00 - 17:59,PM peak / evening commute,True,False,True,True
1377710,Injury,Moderate Injury,2024,2024,November,Friday,10:00 - 11:59,DALE,ST,0,Right on the spot,OLD PITTWATER,RD,BROOKVALE,,No,Not a school zone,T-junction,-33.762869,151.268868,Northern Beaches,Sydney metro. area,Syd-Newc-Woll Gtr conurbation,Straight,Steep grade,,,Off,Sealed,Dry,Fine,Daylight,Nil,Stop sign,50 km/h,Local,13,Right near,104,Adj - Right-thru from right,,Right angle,4 wheel drive / SUV,Utility,2,0,0,2,0,11,November,Spring,Friday,10:00 - 11:59,Midday / afternoon,False,False,True,True