crash_id,degree_of_crash,degree_of_crash_-_detailed,reporting_year,year_of_crash,month_of_crash,day_of_week_of_crash,two-hour_intervals,street_of_crash,street_type,distance,direction,identifying_feature,identifying_feature_type,town,route_no.,school_zone_location,school_zone_active,type_of_location,latitude,longitude,lga,urbanisation,conurbation_1,alignment,primary_permanent_feature,primary_temporary_feature,primary_hazardous_feature,street_lighting,road_surface,surface_condition,weather,natural_lighting,signals_operation,other_traffic_control,speed_limit,road_classification_(admin),rum_-_code,rum_-_description,dca_-_code,dca_-_description,dca_supplement,first_impact_type,key_tu_type,other_tu_type,no._of_traffic_units_involved,no._killed,no._seriously_injured,no._moderately_injured,no._minor-other_injured,month_num,month_label,season,day_label,time_label,time_band,is_peak_commute,is_fatal,is_injury,is_casualty
1377717,Injury,Minor/Other Injury,2024,2024,November,Tuesday,16:00 - 17:59,PRINCES,HWY,100,East,PORT HACKING,RD,SYLVANIA,1.0,No,Not a school zone,Divided road,-34.008054,151.106745,Sutherland,Sydney metro. area,Syd-Newc-Woll Gtr conurbation,Straight,,,,Off,Sealed,Dry,Fine,Daylight,Nil,No traffic controls,70 km/h,State,30,Rear end,301,Same - Rear end,,Rear end,Light truck,4 wheel drive / SUV,2,0,0,0,1,11,November,Spring,Tuesday,16:00 - 17:59,PM peak / evening commute,True,False,True,True
1377722,Injury,Serious Injury,2024,2024,December,Sunday,16:00 - 17:59,NEW ENGLAND,HWY,0,Right on the spot,KIA ORA,LANE,TIMBUMBURI,9.0,No,Not a school zone,X-intersection,-31.203387,150.917174,Tamworth Regional,Country non-urban,Rest of NSW - Rural,Straight,,,,Nil,Sealed,Wet,Raining,Daylight,Nil,Stop sign,100 km/h,State,73,Off rd rght => obj,704,Right off cway into obj,,Vehicle - Object,Light truck,,1,0,2,1,0,12,December,Summer,Sunday,16:00 - 17:59,PM peak / evening commute,True,False,True,True
1377730,Injury,Serious Injury,2024,2024,December,Monday,08:00 - 09:59,JOSEPH,ST,0,Right on the spot,CUTCLIFFE,AVE,REGENTS PARK,190.0,No,Not a school zone,T-junction,-33.885729,151.039766,Cumberland,Sydney metro. area,Syd-Newc-Woll Gtr conurbation,Straight,Steep grade,,,Nil,Sealed,Dry,Fine,Daylight,Nil,Give way sign,80 km/h,State,16,Left near,107,Adj - Left-thru from right,,Right angle,4 wheel drive / SUV,Other bus,3,0,1,1,0,12,December,Summer,Monday,08:00 - 09:59,AM peak / school commute,True,False,True,True
1377751,Injury,Serious Injury,2024,2024,December,Monday,22:00 - Midnight,HUME,HWY,0,Right on the spot,CUTLER,RD,LANSVALE,2.0,No,Not a school zone,T-junction,-33.897356,150.952857,Fairfield,Sydney metro. area,Syd-Newc-Woll Gtr conurbation,Straight,,,,On,Sealed,Dry,Fine,Darkness,On,No traffic controls,70 km/h,State,10,Cross traffic,101,Adj - Cross traffic,,Right angle,Car (sedan/hatch),Car (sedan/hatch),2,0,1,0,1,12,December,Summer,Monday,22:00 - Midnight,Evening / night,False,False,True,True
1377805,Injury,Moderate Injury,2024,2024,December,Sunday,14:00 - 15:59,HOXTON PARK,RD,50,West,WHITFORD,RD,HOXTON PARK,681.0,No,Not a school zone,Divided road,-33.926033,150.865858,Liverpool,Sydney metro. area,Syd-Newc-Woll Gtr conurbation,Straight,,Roadwks/Detour/Diverson,,Off,Sealed,Wet,Raining,Daylight,Nil,No traffic controls,70 km/h,State,30,Rear end,301,Same - Rear end,,Rear end,Car (sedan/hatch),Car (sedan/hatch),3,0,0,2,0,12,December,Summer,Sunday,14:00 - 15:59,Midday / afternoon,False,False,True,True
1377865,Injury,Serious Injury,2024,2024,November,Saturday,16:00 - 17:59,GARFIELD,RD,100,East,DROMANA,RD,MARSDEN PARK,546.0,No,Not a school zone,2-way undivided,-33.691757,150.83655,Blacktown,Sydney metro. area,Syd-Newc-Woll Gtr conurbation,Straight,Embankment/cutting,,,Off,Sealed,Dry,Fine,Daylight,Nil,No traffic controls,70 km/h,State,73,Off rd rght => obj,704,Right off cway into obj,,Vehicle - Object,4 wheel drive / SUV,,1,0,1,0,0,11,November,Spring,Saturday,16:00 - 17:59,PM peak / evening commute,True,False,True,True
1377873,Injury,Minor/Other Injury,2024,2024,December,Sunday,20:00 - 21:59,COOLAMON SCENIC,DR,120,North,GOONENGERRY,RD,MONTECOLLUM,,No,Not a school zone,2-way undivided,-28.592669,153.465574,Byron,Country urban,Rest of NSW - Urban,Curved,Embankment/cutting,,,Nil,Sealed,Dry,Fine,Darkness,Nil,No traffic controls,80 km/h,Local,85,Off rt/lft bnd=>obj,804,Off left bend into obj,Right,Vehicle - Object,4 wheel drive / SUV,,1,0,0,0,1,12,December,Summer,Sunday,20:00 - 21:59,Evening / night,False,False,True,True
1377912,Injury,Moderate Injury,2024,2024,November,Friday,20:00 - 21:59,COLLEGE,ST,10,North,FRANCIS,ST,DARLINGHURST,7304.0,No,Not a school zone,T-junction,-33.875838,151.212331,Sydney,Sydney metro. area,Syd-Newc-Woll Gtr conurbation,Straight,Foot/cycle path/nature strip,,,On,Sealed,Dry,Fine,Darkness,On,No traffic controls,40 km/h,Regional,71,Off rd left => obj,703,Left off cway into object,,Vehicle - Object,Pedal cycle,,2,0,0,1,0,11,November,Spring,Friday,20:00 - 21:59,Evening / night,False,False,True,True
1378022,Injury,Minor/Other Injury,2024,2024,April,Friday,18:00 - 19:59,SOLDIERS POINT,RD,100,South,SEAVIEW,CRES,SALAMANDER BAY,,No,Not a school zone,2-way undivided,-32.713896,152.073072,Port Stephens,Country urban,Rest of NSW - Urban,Curved,,,,On,Sealed,Wet,Raining,Darkness,Nil,No traffic controls,50 km/h,Local,81,Off left/rt bnd=>obj,803,Off right bend into obj,Left,Other angle,Motorcycle,4 wheel drive / SUV,2,0,0,0,1,4,April,Autumn,Friday,18:00 - 19:59,PM peak / evening commute,True,False,True,True
1378055,Injury,Serious Injury,2024,2024,May,Monday,20:00 - 21:59,HUME,HWY,0,Right on the spot,ATKINSON,ST,LIVERPOOL,2.0,No,Not a school zone,T-junction,-33.930681,150.917497,Liverpool,Sydney metro. area,Syd-Newc-Woll Gtr conurbation,Straight,,,,On,Sealed,Wet,Fine,Darkness,Nil,No traffic controls,60 km/h,State,9,Ped other,0,Ped - other,,Vehicle - Pedestrian,Car (sedan/hatch),Pedestrian,2,0,1,0,0,5,May,Autumn,Monday,20:00 - 21:59,Evening / night,False,False,True,True
1378066,Injury,Serious Injury,2024,2024,December,Friday,12:00 - 13:59,LUCAS,RD,215,North,SINGLETON,AVE,EAST HILLS,,Yes,No,2-way undivided,-33.956637,150.992903,Canterbury-Bankstown,Sydney metro. area,Syd-Newc-Woll Gtr conurbation,Straight,Driveway/entrance,,,Off,Sealed,Dry,Fine,Daylight,Nil,No traffic controls,50 km/h,Local,31,Left rear,302,Same - Rear left,,Rear end,Light truck utility(from 2018),Light truck utility(from 2018),2,0,1,0,0,12,December,Summer,Friday,12:00 - 13:59,Midday / afternoon,False,False,True,True
1378072,Injury,Serious Injury,2024,2024,November,Tuesday,14:00 - 15:59,ARDEN,ST,0,Right on the spot,VERNA,ST,CLOVELLY,7340.0,Yes,No,T-junction,-33.907915,151.259559,Randwick,Sydney metro. area,Syd-Newc-Woll Gtr conurbation,Straight,,,,Off,Sealed,Dry,Fine,Daylight,Nil,No traffic controls,50 km/h,Regional,37,Left turn sideswipe,309,Same - Left turn side swipe,,Other angle,4 wheel drive / SUV,Motor scooter,2,0,1,0,0,11,November,Spring,Tuesday,14:00 - 15:59,Midday / afternoon,False,False,True,True
1378078,Injury,Serious Injury,2024,2024,November,Thursday,12:00 - 13:59,BULLENBONG,RD,10000,North,URANA,ST,TOOTOOL,,No,Not a school zone,2-way undivided,-35.202738,147.024813,Lockhart,Country non-urban,Rest of NSW - Rural,Straight,,,,Nil,Sealed,Dry,Fine,Daylight,Nil,No traffic controls,100 km/h,Local,74,On road-out of cont.,705,Out of control on cway,,Rollover,Large rigid,,1,0,1,0,0,11,November,Spring,Thursday,12:00 - 13:59,Midday / afternoon,False,False,True,True
1378079,Injury,Serious Injury,2024,2024,November,Tuesday,16:00 - 17:59,CROYDON,RD,0,Right on the spot,NUMBER 131,HN,HURSTVILLE,7309.0,No,Not a school zone,2-way undivided,-33.954463,151.106124,Georges River,Sydney metro. area,Syd-Newc-Woll Gtr conurbation,Straight,Steep grade,,,Nil,Sealed,Dry,Fine,Daylight,Nil,No traffic controls,60 km/h,Regional,20,Head on,201,Opp - Head on,,Head-on,Car (sedan/hatch),Car (sedan/hatch),2,0,1,0,0,11,November,Spring,Tuesday,16:00 - 17:59,PM peak / evening commute,True,False,True,True
1378082,Injury,Moderate Injury,2024,2024,December,Thursday,20:00 - 21:59,GABRIELS,LANE,80,East,CHARLES HACKETT,DR,ST MARYS,,Yes,No,2-way undivided,-33.768625,150.769597,Penrith,Sydney metro. area,Syd-Newc-Woll Gtr conurbation,Straight,,,,Off,Sealed,Dry,Fine,Daylight,Nil,No traffic controls,50 km/h,Local,71,Off rd left => obj,703,Left off cway into object,,Other angle,Car (sedan/hatch),Car (sedan/hatch),2,0,0,1,1,12,December,Summer,Thursday,20:00 - 21:59,Evening / night,False,False,True,True
1378086,Injury,Moderate Injury,2024,2024,November,Thursday,12:00 - 13:59,BROOKS,ST,0,Right on the spot,MARTINDALE,ST,WALLSEND,,Yes,No,X-intersection,-32.908799,151.671004,Newcastle,Newcastle met. area,Syd-Newc-Woll Gtr conurbation,Straight,Steep grade,,,Off,Sealed,Dry,Fine,Daylight,Nil,Give way sign,50 km/h,Local,10,Cross traffic,101,Adj - Cross traffic,,Right angle,Motorcycle,Light truck utility(from 2018),2,0,0,1,1,11,November,Spring,Thursday,12:00 - 13:59,Midday / afternoon,False,False,True,True
1378089,Injury,Minor/Other Injury,2024,2024,December,Monday,16:00 - 17:59,PACIFIC,HWY,1000,South,CLOTHIERS CREEK ROAD,OP,TANGLEWOOD,10.0,No,Not a school zone,Divided road,-28.338709,153.523961,Tweed,Country non-urban,Rest of NSW - Rural,Curved,,,,Nil,Sealed,Dry,Fine,Daylight,Nil,No traffic controls,110 km/h,State,86,Off left/left bend,802,Off cway left bend,Left,Rollover,Light truck,,1,0,0,0,1,12,December,Summer,Monday,16:00 - 17:59,PM peak / evening commute,True,False,True,True
1378091,Injury,Serious Injury,2024,2024,December,Saturday,06:00 - 07:59,PHILLIP,ST,0,Right on the spot,WALKER,ST,REDFERN,,No,Not a school zone,Roundabout,-33.896301,151.207819,Sydney,Sydney metro. area,Syd-Newc-Woll Gtr conurbation,Straight,Steep grade,,,Off,Sealed,Dry,Fine,Daylight,Nil,Give way sign,40 km/h,Local,73,Off rd rght => obj,704,Right off cway into obj,,Vehicle - Object,Car (sedan/hatch),,1,0,1,0,0,12,December,Summer,Saturday,06:00 - 07:59,AM peak / school commute,True,False,True,True
1378095,Injury,Moderate Injury,2024,2024,November,Friday,16:00 - 17:59,JAMISON,RD,0,Right on the spot,STATION,ST,PENRITH,7290.0,No,Not a school zone,Roundabout,-33.760871,150.686275,Penrith,Sydney metro. area,Syd-Newc-Woll Gtr conurbation,Straight,,,,Nil,Sealed,Dry,Fine,Daylight,Nil,Give way sign,60 km/h,Regional,21,Right through,202,Opp - Right-thru,,Other angle,Motorcycle,4 wheel drive / SUV,2,0,0,1,0,11,November,Spring,Friday,16:00 - 17:59,PM peak / evening commute,True,False,True,True
1378098,Injury,Minor/Other Injury,2024,2024,November,Saturday,08:00 - 09:59,COMLEROY,RD,4500,North,BLAXLANDS RIDGE,RD,KURRAJONG,,No,Not a school zone,2-way undivided,-33.461229,150.726907,Hawkesbury,Country urban,Syd-Newc-Woll Gtr conurbation,Curved,Steep grade,,,Nil,Unsealed,Wet,Overcast,Daylight,Nil,No traffic controls,50 km/h,Local,20,Head on,201,Opp - Head on,,Head-on,Pedal cycle,4 wheel drive / SUV,2,0,0,0,1,11,November,Spring,Saturday,08:00 - 09:59,AM peak / school commute,True,False,True,True
1378099,Injury,Minor/Other Injury,2024,2024,November,Tuesday,14:00 - 15:59,HENRY LAWSON,DR,150,East,CARINYA,RD,PICNIC POINT,508.0,No,Not a school zone,2-way undivided,-33.979156,151.000569,Canterbury-Bankstown,Sydney metro. area,Syd-Newc-Woll Gtr conurbation,Curved,Steep grade,,,Off,Sealed,Dry,Fine,Daylight,Nil,No traffic controls,60 km/h,State,81,Off left/rt bnd=>obj,803,Off right bend into obj,Left,Vehicle - Object,Semi-trailer,,1,0,0,0,1,11,November,Spring,Tuesday,14:00 - 15:59,Midday / afternoon,False,False,True,True
1378115,Injury,Serious Injury,2024,2024,December,Thursday,16:00 - 17:59,KAMILAROI,HWY,0,Right on the spot,NUMBER 13510,HN,BOGGABRI,29.0,No,Not a school zone,2-way undivided,-30.720544,150.05516,Narrabri,Country non-urban,Rest of NSW - Rural,Curved,Ditch/drain/culvert,,,Nil,Sealed,Dry,Fine,Daylight,Nil,No traffic controls,100 km/h,State,85,Off rt/lft bnd=>obj,804,Off left bend into obj,Right,Vehicle - Object,Car (sedan/hatch),,1,0,1,0,0,12,December,Summer,Thursday,16:00 - 17:59,PM peak / evening commute,True,False,True,True
1378123,Injury,Moderate Injury,2024,2024,December,Thursday,16:00 - 17:59,CAMPBELLTOWN,RD,0,Right on the spot,BLAXLAND,RD,LEUMEAH,177.0,No,Not a school zone,T-junction,-34.052457,150.824416,Campbelltown,Sydney metro. area,Syd-Newc-Woll Gtr conurbation,Curved,,,,Off,Sealed,Dry,Fine,Daylight,Off,No traffic controls,60 km/h,State,13,Right near,104,Adj - Right-thru from right,,Right angle,4 wheel drive / SUV,4 wheel drive / SUV,2,0,0,2,0,12,December,Summer,Thursday,16:00 - 17:59,PM peak / evening commute,True,False,True,True
1378124,Injury,Minor/Other Injury,2024,2024,December,Wednesday,18:00 - 19:59,SPEEWA,RD,10,East,KORALEIGH,RD,KORALEIGH,,No,Not a school zone,T-junction,-35.17344,143.403255,Murray River,Country non-urban,Rest of NSW - Rural,Straight,,,,Nil,Sealed,Dry,Fine,Dusk,Nil,Give way sign,100 km/h,Local,30,Rear end,301,Same - Rear end,,Rear end,Unknown motor vehicle,Car (sedan/hatch),2,0,0,0,1,12,December,Summer,Wednesday,18:00 - 19:59,PM peak / evening commute,True,False,True,True
1378136,Injury,Serious Injury,2024,2024,November,Thursday,12:00 - 13:59,HUNTER,EXP,175,West,JOHN RENSHAW DRIVE,TO,BUCHANAN,6011.0,No,Not a school zone,Dual freeway,-32.831624,151.533967,Cessnock,Country non-urban,Rest of NSW - Rural,Curved,,,,Off,Sealed,Dry,Fine,Daylight,Nil,No traffic controls,110 km/h,State,87,Off lft/lft bnd=>obj,804,Off left bend into obj,Left,Vehicle - Object,Motorcycle,,1,0,1,0,0,11,November,Spring,Thursday,12:00 - 13:59,Midday / afternoon,False,False,True,True
1378140,Injury,Moderate Injury,2024,2024,November,Saturday,10:00 - 11:59,ARDEN,ST,0,Right on the spot,HAVELOCK,AVE,COOGEE,7340.0,No,Not a school zone,T-junction,-33.923943,151.256164,Randwick,Sydney metro. area,Syd-Newc-Woll Gtr conurbation,Straight,Steep grade,,,Off,Sealed,Dry,Fine,Daylight,Nil,No traffic controls,50 km/h,Regional,21,Right through,202,Opp - Right-thru,,Other angle,Car (sedan/hatch),Pedal cycle,2,0,0,1,0,11,November,Spring,Saturday,10:00 - 11:59,Midday / afternoon,False,False,True,True
1378143,Injury,Serious Injury,2024,2024,December,Tuesday,22:00 - Midnight,DONCASTER,AVE,80,North,KOORINDA,AVE,KENSINGTON,,No,Not a school zone,2-way undivided,-33.914972,151.224374,Randwick,Sydney metro. area,Syd-Newc-Woll Gtr conurbation,Straight,,,,On,Sealed,Dry,Fine,Darkness,Nil,No traffic controls,50 km/h,Local,71,Off rd left => obj,703,Left off cway into object,,Other angle,Car (sedan/hatch),4 wheel drive / SUV,2,0,1,0,0,12,December,Summer,Tuesday,22:00 - Midnight,Evening / night,False,False,True,True
1378147,Injury,Moderate Injury,2024,2024,November,Friday,10:00 - 11:59,MAIN,RD,0,Right on the spot,VERONICA,ST,CARDIFF,223.0,No,Not a school zone,T-junction,-32.9397,151.659372,Lake Macquarie,Newcastle met. area,Syd-Newc-Woll Gtr conurbation,Straight,,,,Off,Sealed,Dry,Fine,Daylight,Nil,Give way sign,40 km/h,Regional,31,Left rear,302,Same - Rear left,,Rear end,Other bus,4 wheel drive / SUV,2,0,0,1,0,11,November,Spring,Friday,10:00 - 11:59,Midday / afternoon,False,False,True,True
1378149,Injury,Serious Injury,2024,2024,November,Saturday,00:01 - 01:59,TUMBI,RD,20,South,THE RIDGEWAY,MS,TUMBI UMBI,7756.0,No,Not a school zone,2-way undivided,-33.383349,151.446014,Central Coast,Country urban,Syd-Newc-Woll Gtr conurbation,Curved,Steep grade,,,On,Sealed,Snow or ice,Fine,Darkness,Nil,Give way sign,70 km/h,Regional,88,Out of cont on bend,805,Out of control on bend,,Rollover,Car (sedan/hatch),,1,0,1,0,0,11,November,Spring,Saturday,00:01 - 01:59,Late night / early morning,False,False,True,True
1378150,Injury,Minor/Other Injury,2024,2024,December,Friday,22:00 - Midnight,OLD PACIFIC,HWY,100,North,JETTY POINT,DR,SWANSEA,,No,Not a school zone,2-way undivided,-33.107462,151.624233,Lake Macquarie,Newcastle met. area,Syd-Newc-Woll Gtr conurbation,Curved,B'down lane/road shldr,,,Nil,Sealed,Dry,Fine,Darkness,Nil,No traffic controls,50 km/h,Local,80,Off left/right bend,801,Off cway right bend,Left,Rollover,Motorcycle,,1,0,0,0,1,12,December,Summer,Friday,22:00 - Midnight,Evening / night,False,False,True,True
1378153,Injury,Minor/Other Injury,2024,2024,November,Wednesday,12:00 - 13:59,BARTON,HWY,150,South,LONG RAIL GULLY,RD,MURRUMBATEMAN,15.0,No,Not a school zone,2-way undivided,-34.937392,149.009063,Yass Valley,Country non-urban,Rest of NSW - Rural,Straight,,,,Nil,Sealed,Wet,Raining,Daylight,Nil,No traffic controls,100 km/h,State,20,Head on,201,Opp - Head on,,Head-on,Station wagon,4 wheel drive / SUV,2,0,0,0,3,11,November,Spring,Wednesday,12:00 - 13:59,Midday / afternoon,False,False,True,True
1378168,Injury,Moderate Injury,2024,2024,December,Monday,16:00 - 17:59,SOUTH WESTERN,EXP,0,Right on the spot,KING GEORGES ROAD,OP,BEVERLY HILLS,6005.0,No,Not a school zone,Dual freeway,-33.94317,151.076936,Canterbury-Bankstown,Sydney metro. area,Syd-Newc-Woll Gtr conurbation,Straight,Underpass/tunnel,,,Nil,Sealed,Dry,Fine,Daylight,Nil,No traffic controls,80 km/h,State,30,Rear end,301,Same - Rear end,,Rear end,Large rigid,Car (sedan/hatch),4,0,0,1,0,12,December,Summer,Monday,16:00 - 17:59,PM peak / evening commute,True,False,True,True
1378330,Injury,Serious Injury,2024,2024,November,Friday,20:00 - 21:59,WYONG,RD,0,Right on the spot,PALM SPRINGS,AVE,GLENNING VALLEY,335.0,No,Not a school zone,T-junction,-33.344147,151.429374,Central Coast,Country urban,Syd-Newc-Woll Gtr conurbation,Straight,,,,On,Sealed,Wet,Overcast,Dusk,Nil,Left turn only,70 km/h,State,87,Off lft/lft bnd=>obj,706,Left turn,Left,Vehicle - Object,Light truck utility(from 2018),,1,0,1,0,0,11,November,Spring,Friday,20:00 - 21:59,Evening / night,False,False,True,True
1378427,Injury,Moderate Injury,2024,2024,November,Saturday,14:00 - 15:59,RILEY,ST,50,South,FURBER,ST,EAST MAITLAND,,No,Not a school zone,2-way undivided,-32.744846,151.583061,Maitland,Country urban,Rest of NSW - Urban,Straight,Other bridge,,,Off,Sealed,Dry,Fine,Daylight,Nil,No traffic controls,50 km/h,Local,33,Lane sideswipe,305,Same - Lane side swipe,,Other angle,Car (sedan/hatch),Pedal cycle,2,0,0,1,0,11,November,Spring,Saturday,14:00 - 15:59,Midday / afternoon,False,False,True,True
1378478,Injury,Moderate Injury,2024,2024,December,Monday,18:00 - 19:59,SIR BERTRAM STEVENS,DR,10000,South,PRINCES,HWY,ROYAL NATIONAL PARK,393.0,No,Not a school zone,2-way undivided,-34.114372,151.06617,Sutherland,Sydney metro. area,Syd-Newc-Woll Gtr conurbation,Curved,Embankment/cutting,,,Nil,Sealed,Dry,Fine,Dusk,Nil,No traffic controls,60 km/h,State,81,Off left/rt bnd=>obj,803,Off right bend into obj,Left,Vehicle - Object,4 wheel drive / SUV,,1,0,0,1,0,12,December,Summer,Monday,18:00 - 19:59,PM peak / evening commute,True,False,True,True
1378482,Injury,Serious Injury,2024,2024,December,Tuesday,08:00 - 09:59,KING GEORGES,RD,0,Right on the spot,BLAKESLEY,RD,SOUTH HURSTVILLE,200.0,No,Not a school zone,T-junction,-33.980608,151.107657,Georges River,Sydney metro. area,Syd-Newc-Woll Gtr conurbation,Straight,,,,Nil,Sealed,Dry,Fine,Daylight,Nil,Give way sign,70 km/h,State,21,Right through,202,Opp - Right-thru,,Other angle,4 wheel drive / SUV,Car (sedan/hatch),2,0,2,0,0,12,December,Summer,Tuesday,08:00 - 09:59,AM peak / school commute,True,False,True,True
1378497,Injury,Serious Injury,2024,2024,December,Saturday,18:00 - 19:59,OLD GLEN INNES,RD,0,Right on the spot,NUMBER 2725,HN,BUCCARUMBI,,No,Not a school zone,2-way undivided,-29.835199,152.690869,Clarence Valley,Country non-urban,Rest of NSW - Rural,Curved,Painted double centre lines,,,Nil,Sealed,Dry,Fine,Daylight,Nil,No traffic controls,100 km/h,Local,20,Head on,201,Opp - Head on,,Head-on,Passenger van,Light truck utility(from 2018),2,0,1,1,0,12,December,Summer,Saturday,18:00 - 19:59,PM peak / evening commute,True,False,True,True
1378522,Injury,Serious Injury,2024,2024,December,Saturday,12:00 - 13:59,DALMAN,PKWY,0,Right on the spot,NUMBER 6,HN,GLENFIELD PARK,,No,Not a school zone,2-way undivided,-35.139531,147.33951,Wagga Wagga,Country urban,Rest of NSW - Urban,Straight,Driveway/entrance,,,Off,Sealed,Dry,Fine,Daylight,Nil,No traffic controls,50 km/h,Local,47,Emerging from drive,406,Manov - Emerging from driveway,,Right angle,4 wheel drive / SUV,Motor scooter,2,0,1,0,0,12,December,Summer,Saturday,12:00 - 13:59,Midday / afternoon,False,False,True,True
1378545,Injury,Serious Injury,2024,2024,December,Friday,20:00 - 21:59,KINGSGROVE,RD,0,Right on the spot,ST ALBANS,RD,KINGSGROVE,7309.0,Yes,No,X-intersection,-33.933077,151.099418,Canterbury-Bankstown,Sydney metro. area,Syd-Newc-Woll Gtr conurbation,Straight,,,,On,Sealed,Dry,Fine,Darkness,On,No traffic controls,50 km/h,Regional,20,Head on,201,Opp - Head on,,Head-on,Car (sedan/hatch),Car (sedan/hatch),2,0,1,1,0,12,December,Summer,Friday,20:00 - 21:59,Evening / night,False,False,True,True
1378551,Injury,Serious Injury,2024,2024,November,Sunday,10:00 - 11:59,EDWARD,ST,0,Right on the spot,GREG NORMAN,DR,HILLVUE,,No,Not a school zone,Roundabout,-31.125583,150.915399,Tamworth Regional,Country urban,Rest of NSW - Urban,Curved,,,,Nil,Sealed,Dry,Fine,Daylight,Nil,Give way sign,50 km/h,Local,88,Out of cont on bend,805,Out of control on bend,,Rollover,Motorcycle,,1,0,1,0,0,11,November,Spring,Sunday,10:00 - 11:59,Midday / afternoon,False,False,True,True
1378553,Injury,Moderate Injury,2024,2024,December,Wednesday,10:00 - 11:59,WILLS,ST,265,West,GALENA,ST,BROKEN HILL,,No,Not a school zone,2-way undivided,-31.965209,141.450102,Broken Hill,Country urban,Rest of NSW - Urban,Straight,,,,Off,Sealed,Dry,Fine,Daylight,Nil,No traffic controls,50 km/h,Local,71,Off rd left => obj,703,Left off cway into object,,Vehicle - Object,4 wheel drive / SUV,,1,0,0,1,0,12,December,Summer,Wednesday,10:00 - 11:59,Midday / afternoon,False,False,True,True
1378558,Injury,Minor/Other Injury,2024,2024,December,Thursday,16:00 - 17:59,PITTWATER,RD,0,Right on the spot,NUMBER 577,HN,BROOKVALE,164.0,No,Not a school zone,Divided road,-33.759153,151.279568,Northern Beaches,Sydney metro. area,Syd-Newc-Woll Gtr conurbation,Straight,Foot/cycle path/nature strip,,,Off,Sealed,Dry,Fine,Daylight,Nil,No traffic controls,60 km/h,State,74,On road-out of cont.,705,Out of control on cway,,Rollover,Pedal cycle,,1,0,0,0,1,12,December,Summer,Thursday,16:00 - 17:59,PM peak / evening commute,True,False,True,True
1378564,Injury,Moderate Injury,2024,2024,December,Friday,08:00 - 09:59,SOUTH,AVE,175,West,DARWIN,ST,CESSNOCK,,No,Not a school zone,2-way undivided,-32.837788,151.351639,Cessnock,Country urban,Rest of NSW - Urban,Straight,,,,Nil,Sealed,Dry,Fine,Daylight,Nil,No traffic controls,50 km/h,Local,71,Off rd left => obj,703,Left off cway into object,,Other angle,4 wheel drive / SUV,Light truck,2,0,0,1,0,12,December,Summer,Friday,08:00 - 09:59,AM peak / school commute,True,False,True,True
1378574,Injury,Serious Injury,2024,2024,December,Monday,10:00 - 11:59,LADY WAKEHURST,DR,1840,South,MCKELL,AVE,ROYAL NATIONAL PARK,393.0,No,Not a school zone,2-way undivided,-34.160009,151.016631,Sutherland,Sydney metro. area,Syd-Newc-Woll Gtr conurbation,Curved,,,,Nil,Sealed,Dry,Fine,Daylight,Nil,No traffic controls,60 km/h,State,66,Object on road,607,On path - Hit temp object,,Vehicle - Object,Motorcycle,,1,0,1,0,0,12,December,Summer,Monday,10:00 - 11:59,Midday / afternoon,False,False,True,True
1378607,Injury,Moderate Injury,2024,2024,November,Wednesday,06:00 - 07:59,GRAND,DR,0,Right on the spot,DARLEY ROAD,TO,CENTENNIAL PARK,,No,Not a school zone,1-way street,-33.904631,151.232831,Randwick,Sydney metro. area,Syd-Newc-Woll Gtr conurbation,Curved,Foot/cycle path/nature strip,,,Off,Sealed,Wet,Fine,Daylight,Nil,No traffic controls,30 km/h,Local,35,Lane change left,307,Same - Lane change left,,Other angle,Car (sedan/hatch),Pedal cycle,2,0,0,1,0,11,November,Spring,Wednesday,06:00 - 07:59,AM peak / school commute,True,False,True,True
1378634,Injury,Moderate Injury,2024,2024,December,Monday,16:00 - 17:59,PRINCES,HWY,20,South,MINEVRA,ST,SUTHERLAND,1.0,No,Not a school zone,Divided road,-34.03709,151.065778,Sutherland,Sydney metro. area,Syd-Newc-Woll Gtr conurbation,Curved,,,,Off,Sealed,Dry,Fine,Daylight,Nil,No traffic controls,70 km/h,State,30,Rear end,301,Same - Rear end,,Rear end,Car (sedan/hatch),Light truck utility(from 2018),2,0,0,1,0,12,December,Summer,Monday,16:00 - 17:59,PM peak / evening commute,True,False,True,True
1379291,Injury,Minor/Other Injury,2024,2024,May,Thursday,16:00 - 17:59,GREAT WESTERN,HWY,0,Right on the spot,CUMBERLAND,HWY,WENTWORTHVILLE,5.0,No,Not a school zone,X-intersection,-33.814351,150.964524,Cumberland,Sydney metro. area,Syd-Newc-Woll Gtr conurbation,Straight,,,,Unknown / not stated,Sealed,Dry,Fine,Daylight,Unknown / not stated,No traffic controls,80 km/h,State,30,Rear end,301,Same - Rear end,,Rear end,Car (sedan/hatch),4 wheel drive / SUV,2,0,0,0,1,5,May,Autumn,Thursday,16:00 - 17:59,PM peak / evening commute,True,False,True,True
1379349,Injury,Minor/Other Injury,2024,2024,September,Thursday,08:00 - 09:59,MAITLAND,RD,0,Right on the spot,NUMBER 284,HN,MAYFIELD,464.0,No,Not a school zone,2-way undivided,-32.89711,151.736242,Newcastle,Newcastle met. area,Syd-Newc-Woll Gtr conurbation,Straight,Foot/cycle path/nature strip,,,Unknown / not stated,Sealed,Dry,Fine,Daylight,Nil,No traffic controls,60 km/h,Regional,6,Ped on footpath,8,Ped - On footway/median,,Vehicle - Pedestrian,Pedal cycle,Pedestrian,2,0,0,0,1,9,September,Spring,Thursday,08:00 - 09:59,AM peak / school commute,True,False,True,True