crash_id,degree_of_crash,degree_of_crash_-_detailed,reporting_year,year_of_crash,month_of_crash,day_of_week_of_crash,two-hour_intervals,street_of_crash,street_type,distance,direction,identifying_feature,identifying_feature_type,town,route_no.,school_zone_location,school_zone_active,type_of_location,latitude,longitude,lga,urbanisation,conurbation_1,alignment,primary_permanent_feature,primary_temporary_feature,primary_hazardous_feature,street_lighting,road_surface,surface_condition,weather,natural_lighting,signals_operation,other_traffic_control,speed_limit,road_classification_(admin),rum_-_code,rum_-_description,dca_-_code,dca_-_description,dca_supplement,first_impact_type,key_tu_type,other_tu_type,no._of_traffic_units_involved,no._killed,no._seriously_injured,no._moderately_injured,no._minor-other_injured,month_num,month_label,season,day_label,time_label,time_band,is_peak_commute,is_fatal,is_injury,is_casualty
1379421,Injury,Serious Injury,2024,2024,December,Wednesday,22:00 - Midnight,FREDERICK,ST,0,Right on the spot,THOMAS,ST,ASHFIELD,650.0,No,Not a school zone,X-intersection,-33.886622,151.118769,Inner West,Sydney metro. area,Syd-Newc-Woll Gtr conurbation,Straight,,,,On,Sealed,Dry,Fine,Darkness,On,No traffic controls,50 km/h,State,10,Cross traffic,101,Adj - Cross traffic,,Right angle,Motorcycle,Car (sedan/hatch),2,0,1,0,0,12,December,Summer,Wednesday,22:00 - Midnight,Evening / night,False,False,True,True
1379429,Injury,Serious Injury,2024,2024,December,Saturday,12:00 - 13:59,PORT HACKING,RD,0,Right on the spot,THE BOULEVARDE,MS,MIRANDA,669.0,No,Not a school zone,Multiple intersection,-34.029803,151.105715,Sutherland,Sydney metro. area,Syd-Newc-Woll Gtr conurbation,Straight,,,,Off,Sealed,Dry,Fine,Daylight,On,No traffic controls,60 km/h,State,21,Right through,202,Opp - Right-thru,,Other angle,Light truck utility(from 2018),Car (sedan/hatch),2,0,1,0,0,12,December,Summer,Saturday,12:00 - 13:59,Midday / afternoon,False,False,True,True
1379439,Injury,Serious Injury,2024,2024,December,Friday,16:00 - 17:59,KINGSWAY,MS,0,Right on the spot,NUMBER 92-94,HN,WOOLOOWARE,227.0,No,Not a school zone,Divided road,-34.049323,151.145076,Sutherland,Sydney metro. area,Syd-Newc-Woll Gtr conurbation,Straight,Driveway/entrance,,,Off,Sealed,Dry,Fine,Daylight,Nil,No traffic controls,70 km/h,State,48,From footpath,408,Manov - From footway,,Other angle,Pedal cycle,4 wheel drive / SUV,2,0,1,0,0,12,December,Summer,Friday,16:00 - 17:59,PM peak / evening commute,True,False,True,True
1379442,Injury,Serious Injury,2024,2024,December,Wednesday,22:00 - Midnight,ALICE,ST,0,Right on the spot,EDWARD,ST,MITTAGONG,,No,Not a school zone,X-intersection,-34.448781,150.449872,Wingecarribee,Country urban,Rest of NSW - Urban,Straight,,,,On,Sealed,Dry,Fine,Darkness,Nil,Give way sign,50 km/h,Local,10,Cross traffic,101,Adj - Cross traffic,,Right angle,Car (sedan/hatch),Motorcycle,2,0,1,0,0,12,December,Summer,Wednesday,22:00 - Midnight,Evening / night,False,False,True,True
1379456,Injury,Moderate Injury,2024,2024,December,Friday,16:00 - 17:59,PACIFIC,HWY,80,North,KENNEDY DRIVE,OP,TWEED HEADS WEST,10.0,No,Not a school zone,Divided road,-28.185438,153.52442,Tweed,Country non-urban,Rest of NSW - Rural,Straight,B'down lane/road shldr,,,Off,Sealed,Dry,Fine,Daylight,Nil,No traffic controls,100 km/h,State,73,Off rd rght => obj,704,Right off cway into obj,,Vehicle - Object,Motor scooter,,1,0,0,1,0,12,December,Summer,Friday,16:00 - 17:59,PM peak / evening commute,True,False,True,True
1379465,Injury,Moderate Injury,2024,2024,November,Wednesday,10:00 - 11:59,BACK GULAR,RD,2000,North,WARREN,RD,COMBARA,,No,Not a school zone,2-way undivided,-31.087353,148.388629,Coonamble,Country non-urban,Rest of NSW - Rural,Straight,,,,Nil,Unsealed,Dry,Fine,Daylight,Nil,No traffic controls,100 km/h,Local,70,Off road to left,701,Off carriageway to left,,Rollover,Large rigid,,1,0,0,1,0,11,November,Spring,Wednesday,10:00 - 11:59,Midday / afternoon,False,False,True,True
1379468,Injury,Serious Injury,2024,2024,December,Friday,22:00 - Midnight,NEW SOUTH HEAD,RD,0,Right on the spot,WUNULLA,RD,POINT PIPER,173.0,No,Not a school zone,T-junction,-33.870036,151.252448,Woollahra,Sydney metro. area,Syd-Newc-Woll Gtr conurbation,Curved,,,,On,Sealed,Dry,Fine,Darkness,Nil,Give way sign,60 km/h,State,20,Head on,201,Opp - Head on,,Head-on,Motorcycle,Car (sedan/hatch),2,0,1,0,0,12,December,Summer,Friday,22:00 - Midnight,Evening / night,False,False,True,True
1379469,Injury,Serious Injury,2024,2024,December,Saturday,00:01 - 01:59,WILLIAM,ST,10,East,BOOMERANG,ST,GRANVILLE,,No,Not a school zone,T-junction,-33.833951,150.999247,Cumberland,Sydney metro. area,Syd-Newc-Woll Gtr conurbation,Curved,,,,On,Sealed,Dry,Fine,Darkness,Nil,No traffic controls,50 km/h,Local,87,Off lft/lft bnd=>obj,804,Off left bend into obj,Left,Other angle,Car (sedan/hatch),Light truck utility(from 2018),4,0,1,0,0,12,December,Summer,Saturday,00:01 - 01:59,Late night / early morning,False,False,True,True
1379472,Injury,Moderate Injury,2024,2024,December,Wednesday,14:00 - 15:59,RAILWAY,PDE,30,West,ELIZABETH,ST,ALLAWAH,7006.0,No,Not a school zone,2-way undivided,-33.970111,151.115546,Georges River,Sydney metro. area,Syd-Newc-Woll Gtr conurbation,Curved,,,,Off,Sealed,Dry,Fine,Daylight,Nil,No traffic controls,50 km/h,Regional,81,Off left/rt bnd=>obj,803,Off right bend into obj,Left,Other angle,4 wheel drive / SUV,Car (sedan/hatch),3,0,0,1,0,12,December,Summer,Wednesday,14:00 - 15:59,Midday / afternoon,False,False,True,True
1379479,Injury,Serious Injury,2024,2024,December,Monday,16:00 - 17:59,BYRON,RD,200,East,RICKARD,RD,LEPPINGTON,,No,Not a school zone,2-way undivided,-33.955936,150.811665,Camden,Sydney metro. area,Syd-Newc-Woll Gtr conurbation,Straight,,,,Nil,Sealed,Dry,Fine,Daylight,Nil,No traffic controls,60 km/h,Local,20,Head on,201,Opp - Head on,,Head-on,Unknown motor vehicle,Pedal cycle,2,0,1,0,0,12,December,Summer,Monday,16:00 - 17:59,PM peak / evening commute,True,False,True,True
1379485,Injury,Serious Injury,2024,2024,December,Friday,22:00 - Midnight,GLENHOPE,RD,20000,South,STURT,HWY,HAY SOUTH,,No,Not a school zone,2-way undivided,-34.797309,144.487046,Hay,Country non-urban,Rest of NSW - Rural,Straight,Stock grid/gate/crossing,,,Nil,Unsealed,Dry,Fine,Darkness,Nil,No traffic controls,100 km/h,Local,71,Off rd left => obj,703,Left off cway into object,,Vehicle - Object,Motorcycle,,1,0,1,0,0,12,December,Summer,Friday,22:00 - Midnight,Evening / night,False,False,True,True
1379531,Injury,Moderate Injury,2024,2024,November,Tuesday,06:00 - 07:59,CAPTAIN COOK,DR,0,Right on the spot,NUMBER 11-15,HN,CARINGBAH,662.0,No,Not a school zone,Divided road,-34.033116,151.128865,Sutherland,Sydney metro. area,Syd-Newc-Woll Gtr conurbation,Straight,,,,Nil,Sealed,Dry,Fine,Daylight,Nil,No traffic controls,60 km/h,State,71,Off rd left => obj,703,Left off cway into object,,Other angle,Motorcycle,Car (sedan/hatch),2,0,0,1,0,11,November,Spring,Tuesday,06:00 - 07:59,AM peak / school commute,True,False,True,True
1379778,Injury,Moderate Injury,2024,2024,June,Friday,10:00 - 11:59,WEST END,ST,0,Right on the spot,KATOOMBA CHILDRENS COTTAGE,OT,KATOOMBA,,No,Not a school zone,2-way undivided,-33.718913,150.309919,Blue Mountains,Country urban,Syd-Newc-Woll Gtr conurbation,Straight,,,,Off,Sealed,Wet,Other,Daylight,Nil,No traffic controls,50 km/h,Local,9,Ped other,0,Ped - other,,Vehicle - Pedestrian,Unknown motor vehicle,Pedestrian,2,0,0,1,0,6,June,Winter,Friday,10:00 - 11:59,Midday / afternoon,False,False,True,True
1379827,Injury,Serious Injury,2024,2024,November,Sunday,20:00 - 21:59,GWYDIR,HWY,10,West,HERITAGE PARK,CL,WATERVIEW HEIGHTS,12.0,No,Not a school zone,T-junction,-29.683616,152.857023,Clarence Valley,Country non-urban,Rest of NSW - Rural,Straight,,Previous crash,,Off,Sealed,Wet,Raining,Darkness,Nil,No traffic controls,100 km/h,State,62,Accident,603,On path - Previous accident,,Other angle,Car (sedan/hatch),Car (sedan/hatch),2,0,1,0,0,11,November,Spring,Sunday,20:00 - 21:59,Evening / night,False,False,True,True
1379830,Injury,Moderate Injury,2024,2024,November,Wednesday,12:00 - 13:59,HUME,HWY,500,South,PADDYS RIVER,BDGE,PADDYS RIVER,2.0,No,Not a school zone,Divided road,-34.645147,150.121034,Wingecarribee,Country non-urban,Rest of NSW - Rural,Straight,,,,Nil,Sealed,Wet,Raining,Daylight,Nil,No traffic controls,110 km/h,State,30,Rear end,301,Same - Rear end,,Rear end,Car (sedan/hatch),Car (sedan/hatch),2,0,0,1,0,11,November,Spring,Wednesday,12:00 - 13:59,Midday / afternoon,False,False,True,True
1379963,Injury,Minor/Other Injury,2024,2024,November,Saturday,20:00 - 21:59,CAMDEN VALLEY,WAY,0,Right on the spot,COWPASTURE,RD,HORNINGSEA PARK,620.0,No,Not a school zone,X-intersection,-33.949814,150.838832,Liverpool,Sydney metro. area,Syd-Newc-Woll Gtr conurbation,Curved,,,,Unknown / not stated,Sealed,Dry,Unknown,Darkness,On,No traffic controls,70 km/h,State,36,Right turn sideswipe,308,Same - Rgt turn side swipe,,Other angle,Car (sedan/hatch),4 wheel drive / SUV,2,0,0,0,1,11,November,Spring,Saturday,20:00 - 21:59,Evening / night,False,False,True,True
1379996,Injury,Moderate Injury,2024,2024,January,Wednesday,16:00 - 17:59,COCKTHORPE,RD,0,Right on the spot,WATER,ST,AUBURN,,No,Not a school zone,T-junction,-33.861926,151.036287,Cumberland,Sydney metro. area,Syd-Newc-Woll Gtr conurbation,Straight,,,,Unknown / not stated,Sealed,Dry,Fine,Daylight,Nil,Stop sign,50 km/h,Local,30,Rear end,301,Same - Rear end,,Rear end,Motorcycle,4 wheel drive / SUV,2,0,0,1,0,1,January,Summer,Wednesday,16:00 - 17:59,PM peak / evening commute,True,False,True,True
1380019,Injury,Serious Injury,2024,2024,December,Saturday,14:00 - 15:59,OLD PRINCES,HWY,10,South,ENGADINE,AVE,ENGADINE,,No,Not a school zone,Roundabout,-34.068858,151.009982,Sutherland,Sydney metro. area,Syd-Newc-Woll Gtr conurbation,Straight,,,,Off,Sealed,Dry,Fine,Daylight,Nil,Give way sign,50 km/h,Local,71,Off rd left => obj,703,Left off cway into object,,Other angle,Passenger van,4 wheel drive / SUV,2,0,1,0,0,12,December,Summer,Saturday,14:00 - 15:59,Midday / afternoon,False,False,True,True
1380026,Injury,Serious Injury,2024,2024,December,Tuesday,20:00 - 21:59,DEAKIN,ST,200,West,MELTON,ST,SILVERWATER,,No,Not a school zone,2-way undivided,-33.839691,151.038977,Parramatta,Sydney metro. area,Syd-Newc-Woll Gtr conurbation,Straight,Steep grade,,,On,Sealed,Dry,Fine,Darkness,Nil,No traffic controls,50 km/h,Local,71,Off rd left => obj,703,Left off cway into object,,Other angle,Car (sedan/hatch),Car (sedan/hatch),2,0,1,0,0,12,December,Summer,Tuesday,20:00 - 21:59,Evening / night,False,False,True,True
1380039,Injury,Serious Injury,2024,2024,December,Tuesday,08:00 - 09:59,BRISBANE WATER,DR,0,Right on the spot,PENANG,ST,POINT CLARE,349.0,No,Not a school zone,T-junction,-33.440646,151.32958,Central Coast,Country urban,Syd-Newc-Woll Gtr conurbation,Curved,,,,Nil,Sealed,Dry,Fine,Daylight,Nil,Stop sign,60 km/h,State,32,Right rear,303,Same - Rear right,,Rear end,Large rigid,Light truck,3,0,3,1,0,12,December,Summer,Tuesday,08:00 - 09:59,AM peak / school commute,True,False,True,True
1380042,Injury,Moderate Injury,2024,2024,November,Monday,14:00 - 15:59,BULLS GARDEN,RD,0,Right on the spot,OAKDALE,RD,GATESHEAD,,No,Not a school zone,T-junction,-32.989285,151.695611,Lake Macquarie,Newcastle met. area,Syd-Newc-Woll Gtr conurbation,Straight,,,,Off,Sealed,Dry,Fine,Daylight,Nil,Give way sign,60 km/h,Local,10,Cross traffic,101,Adj - Cross traffic,,Right angle,Car (sedan/hatch),Car (sedan/hatch),2,0,0,1,0,11,November,Spring,Monday,14:00 - 15:59,Midday / afternoon,False,False,True,True
1380044,Injury,Moderate Injury,2024,2024,December,Tuesday,16:00 - 17:59,CENTRAL COAST,HWY,0,Right on the spot,KANGOO,RD,KARIONG,30.0,No,Not a school zone,T-junction,-33.429456,151.2915,Central Coast,Country urban,Syd-Newc-Woll Gtr conurbation,Straight,,,,On,Sealed,Dry,Fine,Daylight,On,No traffic controls,70 km/h,State,21,Right through,202,Opp - Right-thru,,Other angle,Car (sedan/hatch),Car (sedan/hatch),2,0,0,2,0,12,December,Summer,Tuesday,16:00 - 17:59,PM peak / evening commute,True,False,True,True
1380045,Injury,Minor/Other Injury,2024,2024,December,Friday,14:00 - 15:59,HEATHCOTE,RD,2500,North,PRINCES,HWY,ENGADINE,512.0,No,Not a school zone,2-way undivided,-34.063914,150.996547,Sutherland,Sydney metro. area,Syd-Newc-Woll Gtr conurbation,Curved,Steep grade,,,Nil,Sealed,Dry,Fine,Daylight,Nil,No traffic controls,70 km/h,State,30,Rear end,301,Same - Rear end,,Rear end,Large rigid,Light truck,3,0,0,0,1,12,December,Summer,Friday,14:00 - 15:59,Midday / afternoon,False,False,True,True
1380048,Injury,Moderate Injury,2024,2024,December,Wednesday,20:00 - 21:59,CHRISTOPHER,CRES,0,Right on the spot,GOROKAN,DR,LAKE HAVEN,,No,Not a school zone,T-junction,-33.246612,151.505618,Central Coast,Country urban,Syd-Newc-Woll Gtr conurbation,Curved,,,,On,Sealed,Dry,Fine,Darkness,Nil,No traffic controls,50 km/h,Local,81,Off left/rt bnd=>obj,803,Off right bend into obj,Left,Vehicle - Object,Light truck utility(from 2018),,1,0,0,1,0,12,December,Summer,Wednesday,20:00 - 21:59,Evening / night,False,False,True,True
1380310,Injury,Minor/Other Injury,2024,2024,October,Friday,22:00 - Midnight,QUEEN,ST,200,South,HILL,ST,MOLONG,,No,Not a school zone,2-way undivided,-33.089516,148.857192,Cabonne,Country urban,Rest of NSW - Urban,Straight,,,,Nil,Sealed,Dry,Fine,Darkness,Nil,No traffic controls,50 km/h,Local,73,Off rd rght => obj,704,Right off cway into obj,,Vehicle - Object,Light truck utility(from 2018),,1,0,0,0,1,10,October,Spring,Friday,22:00 - Midnight,Evening / night,False,False,True,True
1380311,Injury,Moderate Injury,2024,2024,July,Friday,14:00 - 15:59,OLD WINDSOR,RD,100,South,WINDSOR,RD,KELLYVILLE,635.0,No,Not a school zone,Divided road,-33.705191,150.93062,The Hills,Sydney metro. area,Syd-Newc-Woll Gtr conurbation,Straight,,,,Off,Sealed,Wet,Overcast,Daylight,Nil,No traffic controls,80 km/h,State,71,Off rd left => obj,703,Left off cway into object,,Vehicle - Object,Utility,,1,0,0,1,0,7,July,Winter,Friday,14:00 - 15:59,Midday / afternoon,False,False,True,True
1384567,Injury,Minor/Other Injury,2024,2024,October,Friday,22:00 - Midnight,CENTRAL COAST,HWY,15,North,WYUNA,AVE,THE ENTRANCE NORTH,30.0,No,Not a school zone,2-way undivided,-33.326134,151.511352,Central Coast,Country urban,Syd-Newc-Woll Gtr conurbation,Straight,,,,Unknown / not stated,Sealed,Dry,Overcast,Darkness,Nil,No traffic controls,70 km/h,State,90,Fell in/from vehicle,901,Fell in/from vehicle,,Person - Object,4 wheel drive / SUV,,1,0,0,0,1,10,October,Spring,Friday,22:00 - Midnight,Evening / night,False,False,True,True
1384568,Injury,Minor/Other Injury,2024,2024,April,Tuesday,14:00 - 15:59,HUE HUE,RD,10,North,SPARKS,RD,JILLIBY,,No,Not a school zone,T-junction,-33.225332,151.417099,Central Coast,Country urban,Syd-Newc-Woll Gtr conurbation,Straight,,,,Off,Unsealed,Wet,Raining,Daylight,Nil,Other traf. control,60 km/h,Local,20,Head on,201,Opp - Head on,,Head-on,B-double (road train prior 98),4 wheel drive / SUV,2,0,0,0,1,4,April,Autumn,Tuesday,14:00 - 15:59,Midday / afternoon,False,False,True,True
1385410,Injury,Minor/Other Injury,2024,2024,September,Friday,10:00 - 11:59,PACIFIC,HWY,200,South,UNGALA,RD,BLACKSMITHS,10.0,No,Not a school zone,Divided road,-33.082494,151.646574,Lake Macquarie,Newcastle met. area,Syd-Newc-Woll Gtr conurbation,Straight,,,,Off,Sealed,Dry,Fine,Daylight,Nil,No traffic controls,70 km/h,State,71,Off rd left => obj,703,Left off cway into object,,Vehicle - Object,4 wheel drive / SUV,,2,0,0,0,1,9,September,Spring,Friday,10:00 - 11:59,Midday / afternoon,False,False,True,True
1340242,Non-casualty (towaway),Non-casualty (towaway),2024,2024,January,Monday,12:00 - 13:59,FOREST,RD,300,South,MT CARL,TRL,GOONOO FOREST,7519.0,No,Not a school zone,2-way undivided,-31.928465,149.012275,Dubbo Regional,Country non-urban,Rest of NSW - Rural,Straight,,,,Unknown / not stated,Sealed,Dry,Fine,Daylight,Nil,No traffic controls,100 km/h,Regional,70,Off road to left,701,Off carriageway to left,,Rollover,4 wheel drive / SUV,,1,0,0,0,0,1,January,Summer,Monday,12:00 - 13:59,Midday / afternoon,False,False,False,False
1340260,Non-casualty (towaway),Non-casualty (towaway),2024,2024,January,Monday,18:00 - 19:59,THE RAMPART,MS,0,Right on the spot,NUMBER 7,HN,UMINA BEACH,,No,Not a school zone,2-way undivided,-33.516059,151.300576,Central Coast,Country urban,Syd-Newc-Woll Gtr conurbation,Curved,Steep grade,,,Unknown / not stated,Sealed,Dry,Overcast,Dusk,Nil,No traffic controls,50 km/h,Local,83,Off rt/rt bnd=>obj,803,Off right bend into obj,Right,Vehicle - Object,Car (sedan/hatch),,1,0,0,0,0,1,January,Summer,Monday,18:00 - 19:59,PM peak / evening commute,True,False,False,False
1340270,Non-casualty (towaway),Non-casualty (towaway),2024,2024,January,Tuesday,20:00 - 21:59,CORRIMAL,ST,0,Right on the spot,NUMBER 121-125,HN,WOLLONGONG,581.0,No,Not a school zone,2-way undivided,-34.425289,150.899916,Wollongong,Wollongong met. area,Syd-Newc-Woll Gtr conurbation,Straight,,,,Unknown / not stated,Sealed,Dry,Fine,Darkness,Nil,No traffic controls,60 km/h,State,39,Other same direction,300,Same - other,,Other angle,4 wheel drive / SUV,4 wheel drive / SUV,2,0,0,0,0,1,January,Summer,Tuesday,20:00 - 21:59,Evening / night,False,False,False,False
1340273,Non-casualty (towaway),Non-casualty (towaway),2024,2024,January,Monday,14:00 - 15:59,WHARF,RD,100,West,WATT,ST,NEWCASTLE,,No,Not a school zone,2-way undivided,-32.926054,151.783719,Newcastle,Newcastle met. area,Syd-Newc-Woll Gtr conurbation,Straight,,,,Unknown / not stated,Sealed,Dry,Fine,Daylight,Nil,No traffic controls,30 km/h,Local,44,Parking vehicles,403,Manov - Parking-parked vehicle,,Other angle,4 wheel drive / SUV,Car (sedan/hatch),2,0,0,0,0,1,January,Summer,Monday,14:00 - 15:59,Midday / afternoon,False,False,False,False
1340274,Non-casualty (towaway),Non-casualty (towaway),2024,2024,January,Wednesday,16:00 - 17:59,BURRENDONG,WAY,500,South,SHEPHERDS CREEK,RD,EUCHAREENA,573.0,No,Not a school zone,2-way undivided,-32.998116,149.081418,Dubbo Regional,Country non-urban,Rest of NSW - Rural,Curved,,,,Unknown / not stated,Sealed,Dry,Fine,Daylight,Nil,No traffic controls,100 km/h,Regional,81,Off left/rt bnd=>obj,803,Off right bend into obj,Left,Vehicle - Object,4 wheel drive / SUV,,1,0,0,0,0,1,January,Summer,Wednesday,16:00 - 17:59,PM peak / evening commute,True,False,False,False
1340281,Non-casualty (towaway),Non-casualty (towaway),2024,2024,January,Wednesday,14:00 - 15:59,JOHN RENSHAW,DR,0,Right on the spot,WEAKLEYS,DR,BERESFIELD,588.0,No,Not a school zone,X-intersection,-32.813624,151.635647,Newcastle,Newcastle met. area,Syd-Newc-Woll Gtr conurbation,Straight,,,,Unknown / not stated,Sealed,Dry,Fine,Daylight,On,No traffic controls,60 km/h,State,30,Rear end,301,Same - Rear end,,Rear end,4 wheel drive / SUV,Light truck utility(from 2018),3,0,0,0,0,1,January,Summer,Wednesday,14:00 - 15:59,Midday / afternoon,False,False,False,False
1340294,Non-casualty (towaway),Non-casualty (towaway),2024,2024,January,Wednesday,14:00 - 15:59,REDHEAD,RD,0,Right on the spot,OCEAN,ST,DUDLEY,325.0,No,Not a school zone,T-junction,-32.988289,151.715265,Lake Macquarie,Newcastle met. area,Syd-Newc-Woll Gtr conurbation,Straight,,,,Unknown / not stated,Sealed,Dry,Fine,Daylight,Nil,Give way sign,60 km/h,Regional,21,Right through,202,Opp - Right-thru,,Other angle,4 wheel drive / SUV,Car (sedan/hatch),2,0,0,0,0,1,January,Summer,Wednesday,14:00 - 15:59,Midday / afternoon,False,False,False,False
1340299,Non-casualty (towaway),Non-casualty (towaway),2024,2024,January,Tuesday,20:00 - 21:59,BRUXNER,HWY,0,Right on the spot,RIVER,ST,WEST BALLINA,16.0,No,Not a school zone,Roundabout,-28.861875,153.519824,Ballina,Country urban,Rest of NSW - Urban,Curved,,,,Unknown / not stated,Sealed,Dry,Fine,Darkness,Nil,Give way sign,60 km/h,Regional,33,Lane sideswipe,305,Same - Lane side swipe,,Other angle,Car (sedan/hatch),Car (sedan/hatch),2,0,0,0,0,1,January,Summer,Tuesday,20:00 - 21:59,Evening / night,False,False,False,False
1340303,Non-casualty (towaway),Non-casualty (towaway),2024,2024,January,Tuesday,12:00 - 13:59,PACIFIC,HWY,1000,North,KEEVERS DRIVE,TO,BUNDAGEN,10.0,No,Not a school zone,Divided road,-30.411834,153.026023,Coffs Harbour,Country non-urban,Rest of NSW - Rural,Straight,Foot/cycle path/nature strip,,,Unknown / not stated,Sealed,Dry,Fine,Daylight,Nil,No traffic controls,110 km/h,State,71,Off rd left => obj,703,Left off cway into object,,Vehicle - Object,4 wheel drive / SUV,,1,0,0,0,0,1,January,Summer,Tuesday,12:00 - 13:59,Midday / afternoon,False,False,False,False
1340307,Non-casualty (towaway),Non-casualty (towaway),2024,2024,January,Monday,12:00 - 13:59,KING GEORGES,RD,0,Right on the spot,WONIORA,RD,HURSTVILLE,200.0,No,Not a school zone,T-junction,-33.965683,151.094594,Georges River,Sydney metro. area,Syd-Newc-Woll Gtr conurbation,Straight,Other bridge,,,Unknown / not stated,Sealed,Wet,Overcast,Daylight,On,No traffic controls,60 km/h,State,30,Rear end,301,Same - Rear end,,Rear end,Car (sedan/hatch),Station wagon,2,0,0,0,0,1,January,Summer,Monday,12:00 - 13:59,Midday / afternoon,False,False,False,False
1340314,Non-casualty (towaway),Non-casualty (towaway),2024,2024,January,Wednesday,12:00 - 13:59,FAGANS,RD,0,Right on the spot,THE RIDGEWAY,MS,LISAROW,,No,Not a school zone,T-junction,-33.393158,151.403836,Central Coast,Country urban,Syd-Newc-Woll Gtr conurbation,Straight,,,,Unknown / not stated,Sealed,Dry,Fine,Daylight,Nil,Stop sign,60 km/h,Local,13,Right near,104,Adj - Right-thru from right,,Right angle,4 wheel drive / SUV,Light truck utility(from 2018),2,0,0,0,0,1,January,Summer,Wednesday,12:00 - 13:59,Midday / afternoon,False,False,False,False
1340315,Non-casualty (towaway),Non-casualty (towaway),2024,2024,January,Thursday,18:00 - 19:59,EDGAR,ST,0,Right on the spot,MARION,ST,BANKSTOWN,7120.0,No,Not a school zone,X-intersection,-33.916108,151.014042,Canterbury-Bankstown,Sydney metro. area,Syd-Newc-Woll Gtr conurbation,Straight,,,,Unknown / not stated,Sealed,Dry,Fine,Dusk,On,No traffic controls,60 km/h,Regional,20,Head on,201,Opp - Head on,,Head-on,Car (sedan/hatch),Light truck utility(from 2018),3,0,0,0,0,1,January,Summer,Thursday,18:00 - 19:59,PM peak / evening commute,True,False,False,False
1340331,Non-casualty (towaway),Non-casualty (towaway),2024,2024,January,Wednesday,08:00 - 09:59,AUSTRAL,ST,0,Right on the spot,LUCAS,AVE,MALABAR,,No,Not a school zone,T-junction,-33.969585,151.250586,Randwick,Sydney metro. area,Syd-Newc-Woll Gtr conurbation,Straight,,,,Unknown / not stated,Sealed,Dry,Fine,Daylight,Nil,No traffic controls,50 km/h,Local,15,Right/left far,106,Adj - Right-left from right,,Right angle,Car (sedan/hatch),Car (sedan/hatch),2,0,0,0,0,1,January,Summer,Wednesday,08:00 - 09:59,AM peak / school commute,True,False,False,False
1340333,Non-casualty (towaway),Non-casualty (towaway),2024,2024,January,Monday,10:00 - 11:59,MILITARY,RD,0,Right on the spot,MELROSE,ST,MOSMAN,164.0,No,Not a school zone,T-junction,-33.825517,151.233408,Mosman,Sydney metro. area,Syd-Newc-Woll Gtr conurbation,Straight,Bus/transit lane,,,Unknown / not stated,Sealed,Dry,Fine,Daylight,Nil,No traffic controls,60 km/h,State,37,Left turn sideswipe,309,Same - Left turn side swipe,,Other angle,Car (sedan/hatch),Other bus,2,0,0,0,0,1,January,Summer,Monday,10:00 - 11:59,Midday / afternoon,False,False,False,False
1340343,Non-casualty (towaway),Non-casualty (towaway),2024,2024,January,Friday,12:00 - 13:59,CENTRAL COAST,HWY,40,East,YALLAMBEE,AVE,WEST GOSFORD,30.0,No,Not a school zone,Divided road,-33.427744,151.322041,Central Coast,Country urban,Syd-Newc-Woll Gtr conurbation,Straight,Driveway/entrance,,,Unknown / not stated,Sealed,Dry,Overcast,Daylight,Nil,No traffic controls,70 km/h,State,47,Emerging from drive,406,Manov - Emerging from driveway,,Right angle,Light truck utility(from 2018),Car (sedan/hatch),2,0,0,0,0,1,January,Summer,Friday,12:00 - 13:59,Midday / afternoon,False,False,False,False
1340345,Non-casualty (towaway),Non-casualty (towaway),2024,2024,January,Thursday,14:00 - 15:59,MAROUBRA,RD,0,Right on the spot,COOPER,ST,MAROUBRA,7044.0,No,Not a school zone,X-intersection,-33.942314,151.244349,Randwick,Sydney metro. area,Syd-Newc-Woll Gtr conurbation,Straight,,,,Unknown / not stated,Sealed,Wet,Raining,Daylight,Nil,No traffic controls,50 km/h,Regional,21,Right through,202,Opp - Right-thru,,Other angle,4 wheel drive / SUV,Car (sedan/hatch),2,0,0,0,0,1,January,Summer,Thursday,14:00 - 15:59,Midday / afternoon,False,False,False,False
1340363,Non-casualty (towaway),Non-casualty (towaway),2024,2024,January,Thursday,18:00 - 19:59,DARVALL,ST,0,Right on the spot,LANG,RD,CENTENNIAL PARK,,No,Not a school zone,Roundabout,-33.894773,151.230531,Sydney,Sydney metro. area,Syd-Newc-Woll Gtr conurbation,Straight,,,,Off,Sealed,Wet,Fine,Daylight,Nil,Give way sign,40 km/h,Local,71,Off rd left => obj,703,Left off cway into object,,Vehicle - Object,Motor scooter,,1,0,0,0,0,1,January,Summer,Thursday,18:00 - 19:59,PM peak / evening commute,True,False,False,False