crash_id,degree_of_crash,degree_of_crash_-_detailed,reporting_year,year_of_crash,month_of_crash,day_of_week_of_crash,two-hour_intervals,street_of_crash,street_type,distance,direction,identifying_feature,identifying_feature_type,town,route_no.,school_zone_location,school_zone_active,type_of_location,latitude,longitude,lga,urbanisation,conurbation_1,alignment,primary_permanent_feature,primary_temporary_feature,primary_hazardous_feature,street_lighting,road_surface,surface_condition,weather,natural_lighting,signals_operation,other_traffic_control,speed_limit,road_classification_(admin),rum_-_code,rum_-_description,dca_-_code,dca_-_description,dca_supplement,first_impact_type,key_tu_type,other_tu_type,no._of_traffic_units_involved,no._killed,no._seriously_injured,no._moderately_injured,no._minor-other_injured,month_num,month_label,season,day_label,time_label,time_band,is_peak_commute,is_fatal,is_injury,is_casualty
1340445,Non-casualty (towaway),Non-casualty (towaway),2024,2024,January,Tuesday,22:00 - Midnight,LAVINIA,ST,20,North,NOORONG,AVE,FORRESTERS BEACH,,No,Not a school zone,2-way undivided,-33.416958,151.457084,Central Coast,Country urban,Syd-Newc-Woll Gtr conurbation,Straight,Steep grade,,,On,Sealed,Dry,Fine,Darkness,Nil,No traffic controls,50 km/h,Local,49,Other manoeuvring,400,Manov - other,,Other angle,Unknown type,Car (sedan/hatch),2,0,0,0,0,1,January,Summer,Tuesday,22:00 - Midnight,Evening / night,False,False,False,False
1340488,Non-casualty (towaway),Non-casualty (towaway),2024,2024,January,Monday,04:00 - 05:59,THE HORSLEY,DR,0,Right on the spot,DENISON,ST,CARRAMAR,609.0,Yes,No,X-intersection,-33.88661,150.967936,Fairfield,Sydney metro. area,Syd-Newc-Woll Gtr conurbation,Curved,Steep grade,,,On,Sealed,Wet,Fine,Darkness,On,No traffic controls,60 km/h,State,81,Off left/rt bnd=>obj,803,Off right bend into obj,Left,Vehicle - Object,Car (sedan/hatch),,1,0,0,0,0,1,January,Summer,Monday,04:00 - 05:59,Late night / early morning,False,False,False,False
1340507,Non-casualty (towaway),Non-casualty (towaway),2024,2024,January,Monday,02:00 - 03:59,PHILLIP,RD,40,East,STANLEY,ST,PUTNEY,,No,Not a school zone,2-way undivided,-33.829315,151.109861,Ryde,Sydney metro. area,Syd-Newc-Woll Gtr conurbation,Straight,,,,Off,Sealed,Dry,Fine,Darkness,Nil,No traffic controls,50 km/h,Local,49,Other manoeuvring,400,Manov - other,,Other angle,4 wheel drive / SUV,,1,0,0,0,0,1,January,Summer,Monday,02:00 - 03:59,Late night / early morning,False,False,False,False
1340523,Non-casualty (towaway),Non-casualty (towaway),2024,2024,January,Monday,20:00 - 21:59,WYCOMBE,RD,0,Right on the spot,NUMBER 59,HN,NEUTRAL BAY,,No,Not a school zone,2-way undivided,-33.837183,151.221971,North Sydney,Sydney metro. area,Syd-Newc-Woll Gtr conurbation,Curved,,,,Nil,Sealed,Dry,Fine,Darkness,Nil,No traffic controls,50 km/h,Local,49,Other manoeuvring,400,Manov - other,,Other angle,Unknown type,Car (sedan/hatch),2,0,0,0,0,1,January,Summer,Monday,20:00 - 21:59,Evening / night,False,False,False,False
1340812,Non-casualty (towaway),Non-casualty (towaway),2024,2024,January,Friday,10:00 - 11:59,CHARLES,ST,0,Right on the spot,NUMBER 45,HN,COONABARABRAN,,No,Not a school zone,2-way undivided,-31.273998,149.280065,Warrumbungle,Country urban,Rest of NSW - Urban,Straight,Driveway/entrance,,,Unknown / not stated,Sealed,Dry,Fine,Daylight,Nil,No traffic controls,50 km/h,Local,47,Emerging from drive,406,Manov - Emerging from driveway,,Right angle,Car (sedan/hatch),Light truck utility(from 2018),2,0,0,0,0,1,January,Summer,Friday,10:00 - 11:59,Midday / afternoon,False,False,False,False
1340813,Non-casualty (towaway),Non-casualty (towaway),2024,2024,January,Wednesday,20:00 - 21:59,BLAIKIE,RD,0,Right on the spot,JAMISON,RD,PENRITH,,No,Not a school zone,T-junction,-33.759678,150.67589,Penrith,Sydney metro. area,Syd-Newc-Woll Gtr conurbation,Straight,,,,Unknown / not stated,Sealed,Dry,Fine,Darkness,Nil,No traffic controls,50 km/h,Local,40,U turn,304,Same - U-turn,,Other angle,Car (sedan/hatch),4 wheel drive / SUV,2,0,0,0,0,1,January,Summer,Wednesday,20:00 - 21:59,Evening / night,False,False,False,False
1340826,Non-casualty (towaway),Non-casualty (towaway),2024,2024,January,Sunday,20:00 - 21:59,MILL,RD,0,Right on the spot,NUMBER 25,HN,LIVERPOOL,,No,Not a school zone,2-way undivided,-33.929369,150.920356,Liverpool,Sydney metro. area,Syd-Newc-Woll Gtr conurbation,Straight,,,,Unknown / not stated,Sealed,Dry,Fine,Darkness,Nil,No traffic controls,50 km/h,Local,71,Off rd left => obj,703,Left off cway into object,,Vehicle - Object,Car (sedan/hatch),,1,0,0,0,0,1,January,Summer,Sunday,20:00 - 21:59,Evening / night,False,False,False,False
1340831,Non-casualty (towaway),Non-casualty (towaway),2024,2024,January,Friday,12:00 - 13:59,MONS,ST,0,Right on the spot,NUMBER 38,HN,CONDELL PARK,,No,Not a school zone,2-way undivided,-33.934874,151.016508,Canterbury-Bankstown,Sydney metro. area,Syd-Newc-Woll Gtr conurbation,Curved,,,,Unknown / not stated,Sealed,Dry,Overcast,Daylight,Nil,No traffic controls,50 km/h,Local,81,Off left/rt bnd=>obj,803,Off right bend into obj,Left,Other angle,Light truck utility(from 2018),Unknown motor vehicle,2,0,0,0,0,1,January,Summer,Friday,12:00 - 13:59,Midday / afternoon,False,False,False,False
1340832,Non-casualty (towaway),Non-casualty (towaway),2024,2024,January,Monday,16:00 - 17:59,BLAXLAND,RD,0,Right on the spot,ANZAC,AVE,DENISTONE EAST,139.0,No,Not a school zone,T-junction,-33.802038,151.100493,Ryde,Sydney metro. area,Syd-Newc-Woll Gtr conurbation,Curved,,,,Unknown / not stated,Sealed,Wet,Raining,Daylight,Nil,No traffic controls,60 km/h,State,20,Head on,201,Opp - Head on,,Head-on,Car (sedan/hatch),Car (sedan/hatch),2,0,0,0,0,1,January,Summer,Monday,16:00 - 17:59,PM peak / evening commute,True,False,False,False
1340836,Non-casualty (towaway),Non-casualty (towaway),2024,2024,January,Tuesday,20:00 - 21:59,KILLAWARRA,ST,0,Right on the spot,PEARSON,PL,WINGHAM,,No,Not a school zone,T-junction,-31.860303,152.36833,Mid-Coast,Country urban,Rest of NSW - Urban,Straight,,,,Unknown / not stated,Sealed,Dry,Overcast,Darkness,Nil,No traffic controls,50 km/h,Local,71,Off rd left => obj,703,Left off cway into object,,Other angle,Car (sedan/hatch),4 wheel drive / SUV,2,0,0,0,0,1,January,Summer,Tuesday,20:00 - 21:59,Evening / night,False,False,False,False
1340838,Non-casualty (towaway),Non-casualty (towaway),2024,2024,January,Friday,14:00 - 15:59,SANCTUARY POINT,RD,0,Right on the spot,NUMBER 166,HN,SANCTUARY POINT,,No,Not a school zone,2-way undivided,-35.108795,150.637718,Shoalhaven,Country urban,Rest of NSW - Urban,Straight,Driveway/entrance,,,Unknown / not stated,Sealed,Dry,Overcast,Daylight,Nil,No traffic controls,50 km/h,Local,47,Emerging from drive,406,Manov - Emerging from driveway,,Right angle,4 wheel drive / SUV,Car (sedan/hatch),2,0,0,0,0,1,January,Summer,Friday,14:00 - 15:59,Midday / afternoon,False,False,False,False
1340840,Non-casualty (towaway),Non-casualty (towaway),2024,2024,January,Saturday,12:00 - 13:59,CARLINGFORD,ST,0,Right on the spot,NUMBER 72,HN,SEFTON,7102.0,No,Not a school zone,2-way undivided,-33.885009,151.014458,Canterbury-Bankstown,Sydney metro. area,Syd-Newc-Woll Gtr conurbation,Straight,,,,Unknown / not stated,Sealed,Dry,Fine,Daylight,Nil,No traffic controls,60 km/h,Regional,71,Off rd left => obj,703,Left off cway into object,,Other angle,Car (sedan/hatch),Light truck,2,0,0,0,0,1,January,Summer,Saturday,12:00 - 13:59,Midday / afternoon,False,False,False,False
1340844,Non-casualty (towaway),Non-casualty (towaway),2024,2024,January,Saturday,12:00 - 13:59,PEISLEY,ST,60,South,KITE,ST,ORANGE,245.0,No,Not a school zone,2-way undivided,-33.286837,149.103088,Orange,Country urban,Rest of NSW - Urban,Straight,Driveway/entrance,,,Unknown / not stated,Sealed,Dry,Fine,Daylight,Nil,No traffic controls,50 km/h,Regional,47,Emerging from drive,406,Manov - Emerging from driveway,,Right angle,4 wheel drive / SUV,Other bus,2,0,0,0,0,1,January,Summer,Saturday,12:00 - 13:59,Midday / afternoon,False,False,False,False
1340851,Non-casualty (towaway),Non-casualty (towaway),2024,2024,January,Wednesday,08:00 - 09:59,ABERGLASSLYN,RD,0,Right on the spot,NUMBER 66,HN,RUTHERFORD,,No,Not a school zone,2-way undivided,-32.714338,151.537923,Maitland,Country urban,Rest of NSW - Urban,Straight,Driveway/entrance,,,Unknown / not stated,Sealed,Dry,Overcast,Daylight,Nil,No traffic controls,60 km/h,Local,32,Right rear,303,Same - Rear right,,Rear end,Car (sedan/hatch),Car (sedan/hatch),2,0,0,0,0,1,January,Summer,Wednesday,08:00 - 09:59,AM peak / school commute,True,False,False,False
1340856,Non-casualty (towaway),Non-casualty (towaway),2024,2024,January,Friday,14:00 - 15:59,POWDER WORKS,RD,0,Right on the spot,NUMBER 70,HN,NORTH NARRABEEN,7352.0,No,Not a school zone,2-way undivided,-33.701357,151.289939,Northern Beaches,Sydney metro. area,Syd-Newc-Woll Gtr conurbation,Curved,Painted double centre lines,,,Unknown / not stated,Sealed,Dry,Fine,Daylight,Nil,No traffic controls,50 km/h,Regional,20,Head on,201,Opp - Head on,,Head-on,4 wheel drive / SUV,Motorcycle,2,0,0,0,0,1,January,Summer,Friday,14:00 - 15:59,Midday / afternoon,False,False,False,False
1340862,Non-casualty (towaway),Non-casualty (towaway),2024,2024,January,Friday,08:00 - 09:59,ABBOTT,RD,0,Right on the spot,STANTON,RD,SEVEN HILLS,644.0,No,Not a school zone,T-junction,-33.767372,150.948888,Blacktown,Sydney metro. area,Syd-Newc-Woll Gtr conurbation,Straight,,,,Unknown / not stated,Sealed,Dry,Overcast,Daylight,On,No traffic controls,60 km/h,State,30,Rear end,301,Same - Rear end,,Rear end,Car (sedan/hatch),Semi-trailer,2,0,0,0,0,1,January,Summer,Friday,08:00 - 09:59,AM peak / school commute,True,False,False,False
1340863,Non-casualty (towaway),Non-casualty (towaway),2024,2024,January,Monday,14:00 - 15:59,PRESIDENT,AVE,0,Right on the spot,NUMBER 191,HN,MONTEREY,667.0,No,Not a school zone,2-way undivided,-33.966319,151.150745,Bayside,Sydney metro. area,Syd-Newc-Woll Gtr conurbation,Straight,Driveway/entrance,,,Unknown / not stated,Sealed,Wet,Raining,Daylight,On,No traffic controls,60 km/h,State,32,Right rear,303,Same - Rear right,,Rear end,Car (sedan/hatch),Car (sedan/hatch),2,0,0,0,0,1,January,Summer,Monday,14:00 - 15:59,Midday / afternoon,False,False,False,False
1340871,Non-casualty (towaway),Non-casualty (towaway),2024,2024,January,Tuesday,00:01 - 01:59,OXLEY,HWY,0,Right on the spot,SHERWOOD,RD,PORT MACQUARIE,11.0,No,Not a school zone,Roundabout,-31.448494,152.878915,Port Macquarie-Hastings,Country urban,Rest of NSW - Urban,Curved,,,,Unknown / not stated,Sealed,Dry,Fine,Darkness,Nil,Give way sign,70 km/h,State,83,Off rt/rt bnd=>obj,803,Off right bend into obj,Right,Vehicle - Object,Car (sedan/hatch),,1,0,0,0,0,1,January,Summer,Tuesday,00:01 - 01:59,Late night / early morning,False,False,False,False
1340875,Non-casualty (towaway),Non-casualty (towaway),2024,2024,January,Tuesday,06:00 - 07:59,UNWINS BRIDGE,RD,10,West,BEDWIN,RD,ST PETERS,2099.0,No,Not a school zone,X-intersection,-33.9102,151.175521,Inner West,Sydney metro. area,Syd-Newc-Woll Gtr conurbation,Curved,,,,Unknown / not stated,Sealed,Dry,Fine,Dawn,On,No traffic controls,50 km/h,Regional,87,Off lft/lft bnd=>obj,804,Off left bend into obj,Left,Vehicle - Object,Car (sedan/hatch),,1,0,0,0,0,1,January,Summer,Tuesday,06:00 - 07:59,AM peak / school commute,True,False,False,False
1340877,Non-casualty (towaway),Non-casualty (towaway),2024,2024,January,Tuesday,14:00 - 15:59,PACIFIC,HWY,100,North,ARTHUR STREET,OP,COFFS HARBOUR,10.0,No,Not a school zone,Divided road,-30.27961,153.132045,Coffs Harbour,Country urban,Rest of NSW - Urban,Straight,,,,Unknown / not stated,Sealed,Dry,Fine,Daylight,Nil,No traffic controls,60 km/h,State,34,Lane change right,306,Same - Lane change right,,Other angle,Car (sedan/hatch),Light truck utility(from 2018),2,0,0,0,0,1,January,Summer,Tuesday,14:00 - 15:59,Midday / afternoon,False,False,False,False
1340879,Non-casualty (towaway),Non-casualty (towaway),2024,2024,January,Friday,12:00 - 13:59,EDWARD,ST,0,Right on the spot,NUMBER 8,HN,MEREWETHER,,No,Not a school zone,2-way undivided,-32.938536,151.744787,Newcastle,Newcastle met. area,Syd-Newc-Woll Gtr conurbation,Straight,,,,Unknown / not stated,Sealed,Dry,Fine,Daylight,Nil,No traffic controls,50 km/h,Local,71,Off rd left => obj,703,Left off cway into object,,Other angle,Car (sedan/hatch),Light truck utility(from 2018),2,0,0,0,0,1,January,Summer,Friday,12:00 - 13:59,Midday / afternoon,False,False,False,False
1340880,Non-casualty (towaway),Non-casualty (towaway),2024,2024,January,Tuesday,14:00 - 15:59,PACIFIC,HWY,300,South,ISLAND VIEW,CL,COFFS HARBOUR,10.0,No,Not a school zone,Divided road,-30.276982,153.136415,Coffs Harbour,Country urban,Rest of NSW - Urban,Curved,,,,Unknown / not stated,Sealed,Wet,Raining,Daylight,Nil,No traffic controls,60 km/h,State,30,Rear end,301,Same - Rear end,,Rear end,Light truck,4 wheel drive / SUV,2,0,0,0,0,1,January,Summer,Tuesday,14:00 - 15:59,Midday / afternoon,False,False,False,False
1340882,Non-casualty (towaway),Non-casualty (towaway),2024,2024,January,Wednesday,10:00 - 11:59,TWEED COAST,RD,0,Right on the spot,NUMBER 14,HN,POTTSVILLE,450.0,No,Not a school zone,2-way undivided,-28.385418,153.566445,Tweed,Country urban,Rest of NSW - Urban,Straight,,,,Unknown / not stated,Sealed,Dry,Fine,Daylight,Nil,No traffic controls,50 km/h,Regional,44,Parking vehicles,403,Manov - Parking-parked vehicle,,Other angle,Station wagon,4 wheel drive / SUV,2,0,0,0,0,1,January,Summer,Wednesday,10:00 - 11:59,Midday / afternoon,False,False,False,False
1340884,Non-casualty (towaway),Non-casualty (towaway),2024,2024,January,Friday,06:00 - 07:59,MANDALONG,RD,0,Right on the spot,NEWCASTLE EXPRESSWAY,OP,MORISSET,217.0,No,Not a school zone,Divided road,-33.118564,151.465693,Lake Macquarie,Newcastle met. area,Syd-Newc-Woll Gtr conurbation,Straight,Other bridge,,,Unknown / not stated,Sealed,Dry,Fine,Dawn,Nil,No traffic controls,60 km/h,State,71,Off rd left => obj,703,Left off cway into object,,Vehicle - Object,Light truck utility(from 2018),,1,0,0,0,0,1,January,Summer,Friday,06:00 - 07:59,AM peak / school commute,True,False,False,False
1340887,Non-casualty (towaway),Non-casualty (towaway),2024,2024,January,Thursday,06:00 - 07:59,CANE,RD,0,Right on the spot,TUMBULGUM,RD,TYGALGAH,,No,Not a school zone,X-intersection,-28.311761,153.426622,Tweed,Country urban,Rest of NSW - Urban,Straight,,,,Unknown / not stated,Sealed,Dry,Fine,Dawn,Nil,Stop sign,60 km/h,Local,10,Cross traffic,101,Adj - Cross traffic,,Right angle,4 wheel drive / SUV,4 wheel drive / SUV,2,0,0,0,0,1,January,Summer,Thursday,06:00 - 07:59,AM peak / school commute,True,False,False,False
1340890,Non-casualty (towaway),Non-casualty (towaway),2024,2024,January,Wednesday,10:00 - 11:59,BATLOW,RD,0,Right on the spot,NUMBER 4129,HN,BATLOW,85.0,No,Not a school zone,2-way undivided,-35.486297,148.152395,Snowy Valleys,Country non-urban,Rest of NSW - Rural,Curved,Driveway/entrance,,,Unknown / not stated,Sealed,Dry,Overcast,Daylight,Nil,No traffic controls,100 km/h,State,32,Right rear,303,Same - Rear right,,Rear end,4 wheel drive / SUV,4 wheel drive / SUV,2,0,0,0,0,1,January,Summer,Wednesday,10:00 - 11:59,Midday / afternoon,False,False,False,False
1340892,Non-casualty (towaway),Non-casualty (towaway),2024,2024,January,Wednesday,20:00 - 21:59,BATLOW,RD,1000,North,STEWARTS,RD,BATLOW,85.0,No,Not a school zone,2-way undivided,-35.509133,148.14757,Snowy Valleys,Country urban,Rest of NSW - Urban,Curved,,,,Unknown / not stated,Sealed,Dry,Fine,Darkness,Nil,No traffic controls,80 km/h,State,82,Off right/right bend,801,Off cway right bend,Right,Rollover,Car (sedan/hatch),,1,0,0,0,0,1,January,Summer,Wednesday,20:00 - 21:59,Evening / night,False,False,False,False
1340893,Non-casualty (towaway),Non-casualty (towaway),2024,2024,January,Wednesday,00:01 - 01:59,QUARRY,RD,10,West,NIARA,ST,RYDE,,No,Not a school zone,T-junction,-33.808615,151.119913,Ryde,Sydney metro. area,Syd-Newc-Woll Gtr conurbation,Curved,,,,Unknown / not stated,Sealed,Wet,Fine,Darkness,Nil,No traffic controls,50 km/h,Local,81,Off left/rt bnd=>obj,803,Off right bend into obj,Left,Vehicle - Object,Car (sedan/hatch),,1,0,0,0,0,1,January,Summer,Wednesday,00:01 - 01:59,Late night / early morning,False,False,False,False
1340895,Non-casualty (towaway),Non-casualty (towaway),2024,2024,January,Tuesday,00:01 - 01:59,WELLINGTON,RD,0,Right on the spot,NUMBER 173A,HN,SEFTON,,No,Not a school zone,2-way undivided,-33.885157,151.009008,Canterbury-Bankstown,Sydney metro. area,Syd-Newc-Woll Gtr conurbation,Straight,,,,Unknown / not stated,Sealed,Dry,Fine,Darkness,Nil,No traffic controls,50 km/h,Local,71,Off rd left => obj,703,Left off cway into object,,Other angle,4 wheel drive / SUV,Large rigid,2,0,0,0,0,1,January,Summer,Tuesday,00:01 - 01:59,Late night / early morning,False,False,False,False
1340897,Non-casualty (towaway),Non-casualty (towaway),2024,2024,January,Thursday,08:00 - 09:59,HIGH,ST,0,Right on the spot,NUMBER 10,HN,CORRIMAL,,No,Not a school zone,2-way undivided,-34.371783,150.904719,Wollongong,Wollongong met. area,Syd-Newc-Woll Gtr conurbation,Straight,,,,Unknown / not stated,Sealed,Dry,Fine,Daylight,Nil,No traffic controls,50 km/h,Local,71,Off rd left => obj,703,Left off cway into object,,Other angle,Car (sedan/hatch),4 wheel drive / SUV,2,0,0,0,0,1,January,Summer,Thursday,08:00 - 09:59,AM peak / school commute,True,False,False,False
1340898,Non-casualty (towaway),Non-casualty (towaway),2024,2024,January,Sunday,14:00 - 15:59,ELIZABETH,ST,0,Right on the spot,HUNTER,ST,SYDNEY,,No,Not a school zone,X-intersection,-33.866346,151.210736,Sydney,Sydney metro. area,Syd-Newc-Woll Gtr conurbation,Straight,,,,Unknown / not stated,Sealed,Dry,Fine,Daylight,On,No traffic controls,40 km/h,Local,21,Right through,202,Opp - Right-thru,,Other angle,Car (sedan/hatch),Car (sedan/hatch),2,0,0,0,0,1,January,Summer,Sunday,14:00 - 15:59,Midday / afternoon,False,False,False,False
1340902,Non-casualty (towaway),Non-casualty (towaway),2024,2024,January,Saturday,10:00 - 11:59,GREAT WESTERN,HWY,0,Right on the spot,STATION,ST,WENTWORTH FALLS,5.0,No,Not a school zone,T-junction,-33.710602,150.375598,Blue Mountains,Country urban,Syd-Newc-Woll Gtr conurbation,Straight,,,,Unknown / not stated,Sealed,Dry,Fine,Daylight,On,No traffic controls,60 km/h,State,30,Rear end,301,Same - Rear end,,Rear end,4 wheel drive / SUV,Light truck,2,0,0,0,0,1,January,Summer,Saturday,10:00 - 11:59,Midday / afternoon,False,False,False,False
1340909,Non-casualty (towaway),Non-casualty (towaway),2024,2024,January,Wednesday,14:00 - 15:59,A'BECKETT,AVE,0,Right on the spot,ARTHUR,ST,ASHFIELD,,No,Not a school zone,T-junction,-33.891738,151.123546,Inner West,Sydney metro. area,Syd-Newc-Woll Gtr conurbation,Straight,,,,Unknown / not stated,Sealed,Dry,Fine,Daylight,Nil,Give way sign,50 km/h,Local,81,Off left/rt bnd=>obj,707,Right turn,Left,Vehicle - Object,Car (sedan/hatch),,1,0,0,0,0,1,January,Summer,Wednesday,14:00 - 15:59,Midday / afternoon,False,False,False,False
1340919,Non-casualty (towaway),Non-casualty (towaway),2024,2024,January,Thursday,20:00 - 21:59,JOHN,PDE,0,Right on the spot,NUMBER 98,HN,LEMON TREE PASSAGE,,No,Not a school zone,2-way undivided,-32.737206,152.031955,Port Stephens,Country urban,Rest of NSW - Urban,Curved,,,,Unknown / not stated,Sealed,Dry,Fine,Darkness,Nil,No traffic controls,50 km/h,Local,44,Parking vehicles,403,Manov - Parking-parked vehicle,,Other angle,Car (sedan/hatch),Car (sedan/hatch),2,0,0,0,0,1,January,Summer,Thursday,20:00 - 21:59,Evening / night,False,False,False,False
1340921,Non-casualty (towaway),Non-casualty (towaway),2024,2024,January,Tuesday,14:00 - 15:59,DIAMOND,AVE,0,Right on the spot,SOUTH,ST,GRANVILLE,,No,Not a school zone,T-junction,-33.835191,151.010785,Cumberland,Sydney metro. area,Syd-Newc-Woll Gtr conurbation,Straight,,,,Unknown / not stated,Sealed,Dry,Fine,Daylight,Nil,No traffic controls,50 km/h,Local,71,Off rd left => obj,703,Left off cway into object,,Other angle,Large rigid,4 wheel drive / SUV,2,0,0,0,0,1,January,Summer,Tuesday,14:00 - 15:59,Midday / afternoon,False,False,False,False
1340932,Non-casualty (towaway),Non-casualty (towaway),2024,2024,January,Sunday,12:00 - 13:59,NEWELL,HWY,4500,North,DAYS,RD,DUBBO,17.0,No,Not a school zone,2-way undivided,-32.392205,148.433721,Dubbo Regional,Country non-urban,Rest of NSW - Rural,Curved,,,,Unknown / not stated,Sealed,Dry,Overcast,Daylight,Nil,No traffic controls,110 km/h,State,67,Struck animal,609,On path - Hit animal,,Vehicle - Animal,Car (sedan/hatch),,1,0,0,0,0,1,January,Summer,Sunday,12:00 - 13:59,Midday / afternoon,False,False,False,False
1340933,Non-casualty (towaway),Non-casualty (towaway),2024,2024,January,Tuesday,22:00 - Midnight,CLARENCE,WAY,0,Right on the spot,PEACOCK CREEK,RD,BONALBO,361.0,No,Not a school zone,T-junction,-28.749647,152.651804,Kyogle,Country non-urban,Rest of NSW - Rural,Curved,Ditch/drain/culvert,,,Unknown / not stated,Sealed,Dry,Fine,Darkness,Nil,No traffic controls,100 km/h,Regional,82,Off right/right bend,801,Off cway right bend,Right,Rollover,Car (sedan/hatch),,1,0,0,0,0,1,January,Summer,Tuesday,22:00 - Midnight,Evening / night,False,False,False,False
1340936,Non-casualty (towaway),Non-casualty (towaway),2024,2024,January,Thursday,16:00 - 17:59,ANNANGROVE,RD,0,Right on the spot,NUMBER 249,HN,ANNANGROVE,7141.0,No,Not a school zone,2-way undivided,-33.658869,150.931354,The Hills,Sydney metro. area,Syd-Newc-Woll Gtr conurbation,Curved,Steep grade,,,Unknown / not stated,Sealed,Wet,Raining,Daylight,Nil,No traffic controls,70 km/h,Regional,83,Off rt/rt bnd=>obj,803,Off right bend into obj,Right,Vehicle - Object,Car (sedan/hatch),,1,0,0,0,0,1,January,Summer,Thursday,16:00 - 17:59,PM peak / evening commute,True,False,False,False
1340938,Non-casualty (towaway),Non-casualty (towaway),2024,2024,January,Monday,08:00 - 09:59,BANGALOW,RD,500,North,ELTHAM,RD,BEXHILL,65.0,No,Not a school zone,2-way undivided,-28.754351,153.356774,Lismore,Country non-urban,Rest of NSW - Rural,Curved,,,,Nil,Sealed,Wet,Raining,Daylight,Nil,No traffic controls,100 km/h,State,81,Off left/rt bnd=>obj,803,Off right bend into obj,Left,Vehicle - Object,Light truck utility(from 2018),,1,0,0,0,0,1,January,Summer,Monday,08:00 - 09:59,AM peak / school commute,True,False,False,False
1340940,Non-casualty (towaway),Non-casualty (towaway),2024,2024,January,Sunday,06:00 - 07:59,BURLEY GRIFFIN,WAY,100,West,OLYMPIC,HWY,WALLENDBEEN,84.0,No,Not a school zone,2-way undivided,-34.528771,148.162375,Cootamundra-Gundagai,Country urban,Rest of NSW - Urban,Straight,,,,Nil,Sealed,Dry,Overcast,Daylight,Nil,No traffic controls,60 km/h,State,71,Off rd left => obj,703,Left off cway into object,,Vehicle - Object,Light truck utility(from 2018),,1,0,0,0,0,1,January,Summer,Sunday,06:00 - 07:59,AM peak / school commute,True,False,False,False
1340950,Non-casualty (towaway),Non-casualty (towaway),2024,2024,January,Thursday,22:00 - Midnight,DONNELLY,ST,0,Right on the spot,FAULKNER,ST,ARMIDALE,,No,Not a school zone,X-intersection,-30.50822,151.669204,Armidale Regional,Country urban,Rest of NSW - Urban,Straight,Steep grade,,,Nil,Sealed,Dry,Unknown,Darkness,Nil,Stop sign,50 km/h,Local,10,Cross traffic,101,Adj - Cross traffic,,Right angle,Car (sedan/hatch),Light truck utility(from 2018),2,0,0,0,0,1,January,Summer,Thursday,22:00 - Midnight,Evening / night,False,False,False,False
1341006,Non-casualty (towaway),Non-casualty (towaway),2024,2024,January,Friday,10:00 - 11:59,TREELANDS,DR,30,South,ROBERTS,CL,YAMBA,,No,Not a school zone,2-way undivided,-29.427011,153.327671,Clarence Valley,Country urban,Rest of NSW - Urban,Straight,,,,Off,Sealed,Dry,Fine,Daylight,Nil,No traffic controls,50 km/h,Local,71,Off rd left => obj,703,Left off cway into object,,Other angle,4 wheel drive / SUV,4 wheel drive / SUV,3,0,0,0,0,1,January,Summer,Friday,10:00 - 11:59,Midday / afternoon,False,False,False,False
1341007,Non-casualty (towaway),Non-casualty (towaway),2024,2024,January,Monday,00:01 - 01:59,NEWBRIDGE,RD,0,Right on the spot,HEATHCOTE,RD,MOOREBANK,512.0,No,Not a school zone,T-junction,-33.928242,150.931143,Liverpool,Sydney metro. area,Syd-Newc-Woll Gtr conurbation,Straight,,,,On,Sealed,Dry,Fine,Darkness,On,No traffic controls,60 km/h,State,81,Off left/rt bnd=>obj,707,Right turn,Left,Vehicle - Object,Car (sedan/hatch),,1,0,0,0,0,1,January,Summer,Monday,00:01 - 01:59,Late night / early morning,False,False,False,False
1341045,Non-casualty (towaway),Non-casualty (towaway),2024,2024,January,Wednesday,22:00 - Midnight,MACDONALD,ST,0,Right on the spot,NUMBER 10,HN,VAUCLUSE,,No,Not a school zone,2-way undivided,-33.860137,151.282678,Waverley,Sydney metro. area,Syd-Newc-Woll Gtr conurbation,Straight,Steep grade,,,On,Sealed,Dry,Fine,Darkness,Nil,No traffic controls,50 km/h,Local,29,Other opposing,200,Opp - other,,Other angle,4 wheel drive / SUV,Car (sedan/hatch),9,0,0,0,0,1,January,Summer,Wednesday,22:00 - Midnight,Evening / night,False,False,False,False
1341071,Non-casualty (towaway),Non-casualty (towaway),2024,2024,January,Friday,18:00 - 19:59,HUME,HWY,100,South,CAMPBELLTOWN ROAD,OP,DENHAM COURT,2.0,No,Not a school zone,Dual freeway,-34.002179,150.83899,Campbelltown,Sydney metro. area,Syd-Newc-Woll Gtr conurbation,Straight,,,,Nil,Sealed,Dry,Fine,Dusk,Nil,No traffic controls,110 km/h,State,35,Lane change left,307,Same - Lane change left,,Other angle,Light truck utility(from 2018),Car (sedan/hatch),2,0,0,0,0,1,January,Summer,Friday,18:00 - 19:59,PM peak / evening commute,True,False,False,False