crash_id,degree_of_crash,degree_of_crash_-_detailed,reporting_year,year_of_crash,month_of_crash,day_of_week_of_crash,two-hour_intervals,street_of_crash,street_type,distance,direction,identifying_feature,identifying_feature_type,town,route_no.,school_zone_location,school_zone_active,type_of_location,latitude,longitude,lga,urbanisation,conurbation_1,alignment,primary_permanent_feature,primary_temporary_feature,primary_hazardous_feature,street_lighting,road_surface,surface_condition,weather,natural_lighting,signals_operation,other_traffic_control,speed_limit,road_classification_(admin),rum_-_code,rum_-_description,dca_-_code,dca_-_description,dca_supplement,first_impact_type,key_tu_type,other_tu_type,no._of_traffic_units_involved,no._killed,no._seriously_injured,no._moderately_injured,no._minor-other_injured,month_num,month_label,season,day_label,time_label,time_band,is_peak_commute,is_fatal,is_injury,is_casualty
1341104,Non-casualty (towaway),Non-casualty (towaway),2024,2024,January,Monday,16:00 - 17:59,CHURCH,ST,0,Right on the spot,NUMBER 205,HN,MUDGEE,,Yes,No,2-way undivided,-32.6079,149.585238,Mid-Western Regional,Country urban,Rest of NSW - Urban,Straight,Foot/cycle path/nature strip,,,Off,Sealed,Dry,Fine,Daylight,Nil,No traffic controls,50 km/h,Local,71,Off rd left => obj,703,Left off cway into object,,Vehicle - Object,Car (sedan/hatch),,1,0,0,0,0,1,January,Summer,Monday,16:00 - 17:59,PM peak / evening commute,True,False,False,False
1341155,Non-casualty (towaway),Non-casualty (towaway),2024,2024,January,Sunday,18:00 - 19:59,CASUARINA,WAY,0,Right on the spot,OCEAN,AVE,KINGSCLIFF,,No,Not a school zone,Roundabout,-28.284069,153.573559,Tweed,Country urban,Rest of NSW - Urban,Straight,,,,Off,Sealed,Wet,Raining,Daylight,Nil,Give way sign,50 km/h,Local,20,Head on,201,Opp - Head on,,Head-on,Light truck utility(from 2018),4 wheel drive / SUV,2,0,0,0,0,1,January,Summer,Sunday,18:00 - 19:59,PM peak / evening commute,True,False,False,False
1341164,Non-casualty (towaway),Non-casualty (towaway),2024,2024,January,Monday,20:00 - 21:59,WINDSOR,RD,0,Right on the spot,NORWEST,BVD,NORWEST,184.0,No,Not a school zone,T-junction,-33.732349,150.972087,The Hills,Sydney metro. area,Syd-Newc-Woll Gtr conurbation,Straight,,,,Unknown / not stated,Sealed,Dry,Fine,Darkness,On,No traffic controls,70 km/h,State,13,Right near,104,Adj - Right-thru from right,,Right angle,4 wheel drive / SUV,Car (sedan/hatch),2,0,0,0,0,1,January,Summer,Monday,20:00 - 21:59,Evening / night,False,False,False,False
1341167,Non-casualty (towaway),Non-casualty (towaway),2024,2024,January,Tuesday,12:00 - 13:59,BATEAU BAY,RD,0,Right on the spot,RUSHBY,ST,BATEAU BAY,,No,Not a school zone,X-intersection,-33.383557,151.47953,Central Coast,Country urban,Syd-Newc-Woll Gtr conurbation,Straight,Pedestrian refuge,,,Unknown / not stated,Sealed,Dry,Fine,Daylight,Nil,Give way sign,50 km/h,Local,83,Off rt/rt bnd=>obj,707,Right turn,Right,Vehicle - Object,4 wheel drive / SUV,,1,0,0,0,0,1,January,Summer,Tuesday,12:00 - 13:59,Midday / afternoon,False,False,False,False
1341364,Non-casualty (towaway),Non-casualty (towaway),2024,2024,January,Tuesday,06:00 - 07:59,WESTERN,EXP,100,West,PROSPECT HIGHWAY,OP,PROSPECT,6004.0,No,Not a school zone,Dual freeway,-33.80526,150.914809,Blacktown,Sydney metro. area,Syd-Newc-Woll Gtr conurbation,Straight,,,,Unknown / not stated,Sealed,Dry,Fine,Daylight,Nil,No traffic controls,100 km/h,State,30,Rear end,301,Same - Rear end,,Rear end,Car (sedan/hatch),Light truck,4,0,0,0,0,1,January,Summer,Tuesday,06:00 - 07:59,AM peak / school commute,True,False,False,False
1341368,Non-casualty (towaway),Non-casualty (towaway),2024,2024,January,Friday,16:00 - 17:59,CRANE,ST,0,Right on the spot,NUMBER 2,HN,CONCORD,7325.0,No,Not a school zone,2-way undivided,-33.862253,151.11162,Canada Bay,Sydney metro. area,Syd-Newc-Woll Gtr conurbation,Straight,,,,Unknown / not stated,Sealed,Dry,Fine,Dusk,Nil,No traffic controls,50 km/h,Regional,71,Off rd left => obj,703,Left off cway into object,,Other angle,Car (sedan/hatch),Car (sedan/hatch),3,0,0,0,0,1,January,Summer,Friday,16:00 - 17:59,PM peak / evening commute,True,False,False,False
1341397,Non-casualty (towaway),Non-casualty (towaway),2024,2024,January,Monday,18:00 - 19:59,MCKELL,AVE,0,Right on the spot,VICTORIA,ST,MOUNT AUSTIN,,No,Not a school zone,X-intersection,-35.136341,147.349605,Wagga Wagga,Country urban,Rest of NSW - Urban,Straight,,,,Nil,Sealed,Wet,Fine,Daylight,Nil,Give way sign,50 km/h,Local,10,Cross traffic,101,Adj - Cross traffic,,Right angle,Car (sedan/hatch),Car (sedan/hatch),2,0,0,0,0,1,January,Summer,Monday,18:00 - 19:59,PM peak / evening commute,True,False,False,False
1341404,Non-casualty (towaway),Non-casualty (towaway),2024,2024,January,Tuesday,08:00 - 09:59,CUMBERLAND,HWY,0,Right on the spot,BETTINGTON,RD,CARLINGFORD,13.0,Yes,No,X-intersection,-33.787753,151.028404,Parramatta,Sydney metro. area,Syd-Newc-Woll Gtr conurbation,Straight,,,,Unknown / not stated,Sealed,Dry,Overcast,Daylight,On,No traffic controls,60 km/h,State,30,Rear end,301,Same - Rear end,,Rear end,Car (sedan/hatch),Car (sedan/hatch),2,0,0,0,0,1,January,Summer,Tuesday,08:00 - 09:59,AM peak / school commute,True,False,False,False
1341405,Non-casualty (towaway),Non-casualty (towaway),2024,2024,January,Thursday,16:00 - 17:59,PACIFIC,HWY,0,Right on the spot,STADIUM,DR,COFFS HARBOUR,10.0,No,Not a school zone,Roundabout,-30.320685,153.085652,Coffs Harbour,Country urban,Rest of NSW - Urban,Curved,,,,Unknown / not stated,Sealed,Dry,Fine,Daylight,Nil,Give way sign,60 km/h,State,80,Off left/right bend,801,Off cway right bend,Left,Rollover,4 wheel drive / SUV,,1,0,0,0,0,1,January,Summer,Thursday,16:00 - 17:59,PM peak / evening commute,True,False,False,False
1341410,Non-casualty (towaway),Non-casualty (towaway),2024,2024,January,Wednesday,16:00 - 17:59,CUMBERLAND,HWY,10,North,DARCY,RD,WENTWORTHVILLE,13.0,No,Not a school zone,X-intersection,-33.80278,150.971207,Parramatta,Sydney metro. area,Syd-Newc-Woll Gtr conurbation,Straight,,,,Unknown / not stated,Sealed,Wet,Raining,Dusk,On,No traffic controls,70 km/h,State,30,Rear end,301,Same - Rear end,,Rear end,Light truck utility(from 2018),Car (sedan/hatch),2,0,0,0,0,1,January,Summer,Wednesday,16:00 - 17:59,PM peak / evening commute,True,False,False,False
1341411,Non-casualty (towaway),Non-casualty (towaway),2024,2024,January,Saturday,00:01 - 01:59,WONGA,RD,0,Right on the spot,NUMBER 48,HN,LURNEA,,No,Not a school zone,2-way undivided,-33.933764,150.901497,Liverpool,Sydney metro. area,Syd-Newc-Woll Gtr conurbation,Curved,,,,Unknown / not stated,Sealed,Dry,Fine,Darkness,Nil,No traffic controls,50 km/h,Local,81,Off left/rt bnd=>obj,803,Off right bend into obj,Left,Other angle,4 wheel drive / SUV,Car (sedan/hatch),3,0,0,0,0,1,January,Summer,Saturday,00:01 - 01:59,Late night / early morning,False,False,False,False
1341417,Non-casualty (towaway),Non-casualty (towaway),2024,2024,January,Sunday,16:00 - 17:59,SOLITARY ISLANDS,WAY,500,North,SMITHS,RD,EMERALD BEACH,,No,Not a school zone,2-way undivided,-30.172916,153.171411,Coffs Harbour,Country urban,Rest of NSW - Urban,Straight,,,,Unknown / not stated,Sealed,Dry,Fine,Daylight,Nil,No traffic controls,80 km/h,Local,40,U turn,304,Same - U-turn,,Other angle,4 wheel drive / SUV,4 wheel drive / SUV,2,0,0,0,0,1,January,Summer,Sunday,16:00 - 17:59,PM peak / evening commute,True,False,False,False
1341419,Non-casualty (towaway),Non-casualty (towaway),2024,2024,January,Friday,10:00 - 11:59,NEWCASTLE,EXP,999999,Unknown/not stated,UNKNOWN,UK,COWAN,6003.0,No,Not a school zone,Dual freeway,-33.583528,151.186866,Hornsby,Sydney metro. area,Syd-Newc-Woll Gtr conurbation,Curved,,,,Unknown / not stated,Sealed,Wet,Raining,Daylight,Nil,No traffic controls,110 km/h,State,30,Rear end,301,Same - Rear end,,Rear end,Light truck utility(from 2018),Car (sedan/hatch),2,0,0,0,0,1,January,Summer,Friday,10:00 - 11:59,Midday / afternoon,False,False,False,False
1341420,Non-casualty (towaway),Non-casualty (towaway),2024,2024,January,Monday,10:00 - 11:59,GILLIES,ST,0,Right on the spot,MORTON,LANE,WOLLSTONECRAFT,,No,Not a school zone,X-intersection,-33.829859,151.19932,North Sydney,Sydney metro. area,Syd-Newc-Woll Gtr conurbation,Curved,,,,Unknown / not stated,Sealed,Wet,Overcast,Daylight,Nil,Give way sign,50 km/h,Local,21,Right through,202,Opp - Right-thru,,Other angle,Light truck utility(from 2018),4 wheel drive / SUV,2,0,0,0,0,1,January,Summer,Monday,10:00 - 11:59,Midday / afternoon,False,False,False,False
1341422,Non-casualty (towaway),Non-casualty (towaway),2024,2024,January,Tuesday,20:00 - 21:59,PRINCES,HWY,0,Right on the spot,PORT HACKING,RD,SYLVANIA,1.0,No,Not a school zone,T-junction,-34.008057,151.105716,Sutherland,Sydney metro. area,Syd-Newc-Woll Gtr conurbation,Straight,,,,Unknown / not stated,Sealed,Dry,Fine,Darkness,On,No traffic controls,70 km/h,State,34,Lane change right,306,Same - Lane change right,,Other angle,Car (sedan/hatch),Large rigid,2,0,0,0,0,1,January,Summer,Tuesday,20:00 - 21:59,Evening / night,False,False,False,False
1341423,Non-casualty (towaway),Non-casualty (towaway),2024,2024,January,Monday,06:00 - 07:59,HEATHCOTE,RD,0,Right on the spot,SETON,RD,MOOREBANK,512.0,No,Not a school zone,T-junction,-33.937964,150.938621,Liverpool,Sydney metro. area,Syd-Newc-Woll Gtr conurbation,Straight,,,,Unknown / not stated,Sealed,Dry,Fine,Daylight,On,Ped crossing,60 km/h,State,16,Left near,107,Adj - Left-thru from right,,Right angle,Car (sedan/hatch),Light truck,2,0,0,0,0,1,January,Summer,Monday,06:00 - 07:59,AM peak / school commute,True,False,False,False
1341425,Non-casualty (towaway),Non-casualty (towaway),2024,2024,January,Thursday,00:01 - 01:59,BENNELONG,PKWY,345,North,MURRAY ROSE,AVE,SYDNEY OLYMPIC PARK,,No,Not a school zone,2-way undivided,-33.840602,151.076014,Parramatta,Sydney metro. area,Syd-Newc-Woll Gtr conurbation,Curved,,,,Unknown / not stated,Sealed,Wet,Raining,Darkness,Nil,No traffic controls,60 km/h,Local,81,Off left/rt bnd=>obj,803,Off right bend into obj,Left,Vehicle - Object,Car (sedan/hatch),,1,0,0,0,0,1,January,Summer,Thursday,00:01 - 01:59,Late night / early morning,False,False,False,False
1341428,Non-casualty (towaway),Non-casualty (towaway),2024,2024,January,Monday,08:00 - 09:59,ROCKY POINT,RD,0,Right on the spot,SCOTT,ST,KOGARAH,199.0,No,Not a school zone,T-junction,-33.970856,151.136311,Bayside,Sydney metro. area,Syd-Newc-Woll Gtr conurbation,Straight,,,,Unknown / not stated,Sealed,Dry,Fine,Daylight,Nil,Give way sign,60 km/h,State,21,Right through,202,Opp - Right-thru,,Other angle,4 wheel drive / SUV,Car (sedan/hatch),2,0,0,0,0,1,January,Summer,Monday,08:00 - 09:59,AM peak / school commute,True,False,False,False
1341432,Non-casualty (towaway),Non-casualty (towaway),2024,2024,January,Saturday,10:00 - 11:59,TERRIGAL,DR,0,Right on the spot,JESSIE HURLEY,DR,ERINA,505.0,No,Not a school zone,T-junction,-33.436162,151.405869,Central Coast,Country urban,Syd-Newc-Woll Gtr conurbation,Straight,,,,Unknown / not stated,Sealed,Dry,Fine,Daylight,Nil,Stop sign,70 km/h,State,11,Right far,102,Adj - Right-thru from left,,Right angle,4 wheel drive / SUV,Car (sedan/hatch),3,0,0,0,0,1,January,Summer,Saturday,10:00 - 11:59,Midday / afternoon,False,False,False,False
1341436,Non-casualty (towaway),Non-casualty (towaway),2024,2024,January,Monday,20:00 - 21:59,PRINCES,HWY,100,South,CLARE,ST,SYLVANIA,1.0,No,Not a school zone,Divided road,-34.008194,151.110968,Sutherland,Sydney metro. area,Syd-Newc-Woll Gtr conurbation,Straight,,,,Unknown / not stated,Sealed,Wet,Raining,Darkness,Nil,No traffic controls,70 km/h,State,73,Off rd rght => obj,704,Right off cway into obj,,Vehicle - Object,Car (sedan/hatch),,1,0,0,0,0,1,January,Summer,Monday,20:00 - 21:59,Evening / night,False,False,False,False
1341438,Non-casualty (towaway),Non-casualty (towaway),2024,2024,January,Thursday,16:00 - 17:59,PRINCES,HWY,0,Right on the spot,BELLAMBI,LANE,BELLAMBI,1.0,No,Not a school zone,X-intersection,-34.362052,150.907133,Wollongong,Wollongong met. area,Syd-Newc-Woll Gtr conurbation,Straight,,,,Unknown / not stated,Sealed,Dry,Fine,Daylight,On,No traffic controls,80 km/h,State,30,Rear end,301,Same - Rear end,,Rear end,Car (sedan/hatch),4 wheel drive / SUV,2,0,0,0,0,1,January,Summer,Thursday,16:00 - 17:59,PM peak / evening commute,True,False,False,False
1341439,Non-casualty (towaway),Non-casualty (towaway),2024,2024,January,Saturday,08:00 - 09:59,BARRENJOEY,RD,0,Right on the spot,BASSETT,ST,MONA VALE,164.0,No,Not a school zone,T-junction,-33.67367,151.311612,Northern Beaches,Sydney metro. area,Syd-Newc-Woll Gtr conurbation,Curved,Steep grade,,,Unknown / not stated,Sealed,Dry,Fine,Daylight,Unknown / not stated,No traffic controls,60 km/h,State,31,Left rear,302,Same - Rear left,,Rear end,Passenger van,4 wheel drive / SUV,2,0,0,0,0,1,January,Summer,Saturday,08:00 - 09:59,AM peak / school commute,True,False,False,False
1341440,Non-casualty (towaway),Non-casualty (towaway),2024,2024,January,Thursday,20:00 - 21:59,NEW ENGLAND,HWY,0,Right on the spot,HIGH,ST,EAST MAITLAND,9.0,No,Not a school zone,X-intersection,-32.752938,151.586971,Maitland,Country urban,Rest of NSW - Urban,Straight,,,,On,Sealed,Dry,Fine,Darkness,On,No traffic controls,60 km/h,State,21,Right through,202,Opp - Right-thru,,Other angle,Car (sedan/hatch),Station wagon,2,0,0,0,0,1,January,Summer,Thursday,20:00 - 21:59,Evening / night,False,False,False,False
1341442,Non-casualty (towaway),Non-casualty (towaway),2024,2024,January,Monday,06:00 - 07:59,MULGOA,RD,0,Right on the spot,NUMBER 1484,HN,MULGOA,155.0,No,Not a school zone,2-way undivided,-33.856167,150.646596,Penrith,Sydney metro. area,Syd-Newc-Woll Gtr conurbation,Curved,,,,Nil,Sealed,Wet,Raining,Dawn,Nil,No traffic controls,80 km/h,State,87,Off lft/lft bnd=>obj,804,Off left bend into obj,Left,Vehicle - Object,4 wheel drive / SUV,,1,0,0,0,0,1,January,Summer,Monday,06:00 - 07:59,AM peak / school commute,True,False,False,False
1341446,Non-casualty (towaway),Non-casualty (towaway),2024,2024,January,Monday,10:00 - 11:59,PACIFIC,HWY,0,Right on the spot,NUMBER 895,HN,PYMBLE,10.0,No,Not a school zone,Divided road,-33.747832,151.145441,Ku-ring-gai,Sydney metro. area,Syd-Newc-Woll Gtr conurbation,Straight,,,,Unknown / not stated,Sealed,Wet,Raining,Daylight,Nil,No traffic controls,60 km/h,State,20,Head on,201,Opp - Head on,,Head-on,Light truck utility(from 2018),4 wheel drive / SUV,3,0,0,0,0,1,January,Summer,Monday,10:00 - 11:59,Midday / afternoon,False,False,False,False
1341450,Non-casualty (towaway),Non-casualty (towaway),2024,2024,January,Friday,16:00 - 17:59,DIGHT,ST,0,Right on the spot,GARDEN,ST,ALBURY,,No,Not a school zone,X-intersection,-36.077974,146.90694,Albury,Country urban,Rest of NSW - Urban,Straight,Steep grade,,,Off,Sealed,Dry,Fine,Daylight,Nil,Give way sign,50 km/h,Local,10,Cross traffic,101,Adj - Cross traffic,,Right angle,4 wheel drive / SUV,Light truck utility(from 2018),2,0,0,0,0,1,January,Summer,Friday,16:00 - 17:59,PM peak / evening commute,True,False,False,False
1341454,Non-casualty (towaway),Non-casualty (towaway),2024,2024,January,Monday,00:01 - 01:59,COWPER ST,ST,0,Right on the spot,SHELLHARBOUR,RD,PORT KEMBLA,,No,Not a school zone,Roundabout,-34.485367,150.891435,Wollongong,Wollongong met. area,Syd-Newc-Woll Gtr conurbation,Straight,,,,Unknown / not stated,Sealed,Dry,Fine,Darkness,Nil,Give way sign,50 km/h,Local,73,Off rd rght => obj,704,Right off cway into obj,,Vehicle - Object,Car (sedan/hatch),,1,0,0,0,0,1,January,Summer,Monday,00:01 - 01:59,Late night / early morning,False,False,False,False
1341455,Non-casualty (towaway),Non-casualty (towaway),2024,2024,January,Monday,08:00 - 09:59,WONGAWILLI,RD,0,Right on the spot,SMITHS,LANE,WONGAWILLI,,No,Not a school zone,T-junction,-34.478044,150.761933,Wollongong,Wollongong met. area,Syd-Newc-Woll Gtr conurbation,Straight,,,,Unknown / not stated,Sealed,Wet,Raining,Daylight,Nil,Stop sign,50 km/h,Local,31,Left rear,302,Same - Rear left,,Rear end,Car (sedan/hatch),Car (sedan/hatch),2,0,0,0,0,1,January,Summer,Monday,08:00 - 09:59,AM peak / school commute,True,False,False,False
1341460,Non-casualty (towaway),Non-casualty (towaway),2024,2024,January,Monday,06:00 - 07:59,BARRY,WAY,0,Right on the spot,HORSESHOE CAMPING GROUND,OT,INGEEGOODBEE,4056.0,No,Not a school zone,2-way undivided,-36.792433,148.408124,Snowy Monaro Regional,Country non-urban,Rest of NSW - Rural,Straight,,,,Unknown / not stated,Unsealed,Dry,Fine,Dawn,Nil,No traffic controls,100 km/h,Regional,74,On road-out of cont.,705,Out of control on cway,,Rollover,Light truck utility(from 2018),,1,0,0,0,0,1,January,Summer,Monday,06:00 - 07:59,AM peak / school commute,True,False,False,False
1341463,Non-casualty (towaway),Non-casualty (towaway),2024,2024,January,Tuesday,08:00 - 09:59,NEWELL,HWY,300,South,FOREST,RD,FORBES,17.0,No,Not a school zone,2-way undivided,-33.342748,148.041753,Forbes,Country non-urban,Rest of NSW - Rural,Straight,Painted double centre lines,,,Unknown / not stated,Sealed,Dry,Fine,Daylight,Nil,No traffic controls,110 km/h,State,72,Off road to right,702,Off carriageway to right,,Rollover,4 wheel drive / SUV,,1,0,0,0,0,1,January,Summer,Tuesday,08:00 - 09:59,AM peak / school commute,True,False,False,False
1341464,Non-casualty (towaway),Non-casualty (towaway),2024,2024,January,Wednesday,14:00 - 15:59,CAMDEN VALLEY,WAY,0,Right on the spot,GEORGE HUNTER,DR,NARELLAN,620.0,No,Not a school zone,T-junction,-34.038538,150.74219,Camden,Sydney metro. area,Syd-Newc-Woll Gtr conurbation,Straight,,,,Unknown / not stated,Sealed,Dry,Fine,Daylight,Nil,Give way sign,60 km/h,State,21,Right through,202,Opp - Right-thru,,Other angle,Car (sedan/hatch),Car (sedan/hatch),2,0,0,0,0,1,January,Summer,Wednesday,14:00 - 15:59,Midday / afternoon,False,False,False,False
1341468,Non-casualty (towaway),Non-casualty (towaway),2024,2024,January,Monday,14:00 - 15:59,WYONG,RD,0,Right on the spot,GAVENLOCK,RD,TUGGERAH,335.0,No,Not a school zone,Roundabout,-33.307168,151.415628,Central Coast,Country urban,Syd-Newc-Woll Gtr conurbation,Curved,,,,Unknown / not stated,Sealed,Dry,Fine,Daylight,Nil,Give way sign,70 km/h,State,13,Right near,104,Adj - Right-thru from right,,Right angle,4 wheel drive / SUV,Car (sedan/hatch),2,0,0,0,0,1,January,Summer,Monday,14:00 - 15:59,Midday / afternoon,False,False,False,False
1341470,Non-casualty (towaway),Non-casualty (towaway),2024,2024,January,Sunday,16:00 - 17:59,LYONS,RD,0,Right on the spot,HAMPDEN,RD,RUSSELL LEA,395.0,No,Not a school zone,T-junction,-33.85739,151.145064,Canada Bay,Sydney metro. area,Syd-Newc-Woll Gtr conurbation,Straight,,,,Off,Sealed,Dry,Fine,Daylight,On,No traffic controls,50 km/h,State,13,Right near,104,Adj - Right-thru from right,,Right angle,Car (sedan/hatch),Car (sedan/hatch),2,0,0,0,0,1,January,Summer,Sunday,16:00 - 17:59,PM peak / evening commute,True,False,False,False
1341471,Non-casualty (towaway),Non-casualty (towaway),2024,2024,January,Monday,08:00 - 09:59,NEWCASTLE,EXP,2000,North,KU-RING-GAI CHASE ROAD,OP,MOUNT KURING-GAI,6003.0,No,Not a school zone,Dual freeway,-33.662239,151.126471,Hornsby,Sydney metro. area,Syd-Newc-Woll Gtr conurbation,Straight,,,,Unknown / not stated,Sealed,Wet,Raining,Daylight,Nil,No traffic controls,110 km/h,State,73,Off rd rght => obj,704,Right off cway into obj,,Vehicle - Object,Car (sedan/hatch),,1,0,0,0,0,1,January,Summer,Monday,08:00 - 09:59,AM peak / school commute,True,False,False,False
1341472,Non-casualty (towaway),Non-casualty (towaway),2024,2024,January,Friday,08:00 - 09:59,PACIFIC,PDE,30,North,FOSTER,ST,LENNOX HEAD,,No,Not a school zone,2-way undivided,-28.790414,153.593535,Ballina,Country urban,Rest of NSW - Urban,Straight,Driveway/entrance,,,Unknown / not stated,Sealed,Dry,Fine,Daylight,Nil,No traffic controls,50 km/h,Local,49,Other manoeuvring,400,Manov - other,,Other angle,Light truck utility(from 2018),4 wheel drive / SUV,2,0,0,0,0,1,January,Summer,Friday,08:00 - 09:59,AM peak / school commute,True,False,False,False
1341474,Non-casualty (towaway),Non-casualty (towaway),2024,2024,January,Thursday,06:00 - 07:59,BEN DOOLEY,RD,20,South,KANGAROO VALLEY,RD,BERRY MOUNTAIN,,No,Not a school zone,2-way undivided,-34.765908,150.652009,Shoalhaven,Country non-urban,Rest of NSW - Rural,Straight,,,,Unknown / not stated,Sealed,Dry,Fog or mist,Dawn,Nil,No traffic controls,100 km/h,Local,46,Reversing into obj,405,Manov - Reverse into fixed obj,,Vehicle - Object,Car (sedan/hatch),,1,0,0,0,0,1,January,Summer,Thursday,06:00 - 07:59,AM peak / school commute,True,False,False,False
1341475,Non-casualty (towaway),Non-casualty (towaway),2024,2024,January,Wednesday,22:00 - Midnight,BEACH,RD,10,North,BURRAWANG,CRES,SUNSHINE BAY,7630.0,No,Not a school zone,T-junction,-35.74468,150.212901,Eurobodalla,Country urban,Rest of NSW - Urban,Curved,,,,Unknown / not stated,Sealed,Dry,Overcast,Darkness,Nil,Give way sign,50 km/h,Regional,83,Off rt/rt bnd=>obj,803,Off right bend into obj,Right,Vehicle - Object,4 wheel drive / SUV,,1,0,0,0,0,1,January,Summer,Wednesday,22:00 - Midnight,Evening / night,False,False,False,False
1341478,Non-casualty (towaway),Non-casualty (towaway),2024,2024,January,Friday,10:00 - 11:59,COURT,ST,0,Right on the spot,CURRAJONG,ST,PARKES,,No,Not a school zone,T-junction,-33.136273,148.176157,Parkes,Country urban,Rest of NSW - Urban,Straight,Pedestrian refuge,,,Unknown / not stated,Sealed,Dry,Fine,Daylight,Nil,Stop sign,50 km/h,Local,73,Off rd rght => obj,704,Right off cway into obj,,Vehicle - Object,Car (sedan/hatch),,1,0,0,0,0,1,January,Summer,Friday,10:00 - 11:59,Midday / afternoon,False,False,False,False
1341481,Non-casualty (towaway),Non-casualty (towaway),2024,2024,January,Tuesday,22:00 - Midnight,GEORGINA,CRES,0,Right on the spot,NUMBER 36,HN,MELONBA,,No,Not a school zone,2-way undivided,-33.703067,150.808036,Blacktown,Sydney metro. area,Syd-Newc-Woll Gtr conurbation,Straight,,,,Unknown / not stated,Sealed,Dry,Fine,Darkness,Nil,No traffic controls,50 km/h,Local,73,Off rd rght => obj,704,Right off cway into obj,,Other angle,Car (sedan/hatch),Station wagon,2,0,0,0,0,1,January,Summer,Tuesday,22:00 - Midnight,Evening / night,False,False,False,False
1341485,Non-casualty (towaway),Non-casualty (towaway),2024,2024,January,Saturday,22:00 - Midnight,YORK,RD,0,Right on the spot,ROBINSON,DR,QUEENS PARK,7330.0,No,Not a school zone,T-junction,-33.896822,151.241197,Waverley,Sydney metro. area,Syd-Newc-Woll Gtr conurbation,Curved,,,,Unknown / not stated,Sealed,Wet,Raining,Darkness,Nil,No traffic controls,50 km/h,Regional,88,Out of cont on bend,707,Right turn,,Rollover,Car (sedan/hatch),,1,0,0,0,0,1,January,Summer,Saturday,22:00 - Midnight,Evening / night,False,False,False,False
1341486,Non-casualty (towaway),Non-casualty (towaway),2024,2024,January,Friday,06:00 - 07:59,LEUMEAH,RD,0,Right on the spot,PARKHILL,AVE,LEUMEAH,7190.0,No,Not a school zone,Roundabout,-34.052098,150.841875,Campbelltown,Sydney metro. area,Syd-Newc-Woll Gtr conurbation,Straight,Steep grade,,,Unknown / not stated,Sealed,Wet,Fine,Daylight,Nil,Give way sign,60 km/h,Regional,10,Cross traffic,101,Adj - Cross traffic,,Right angle,Car (sedan/hatch),4 wheel drive / SUV,2,0,0,0,0,1,January,Summer,Friday,06:00 - 07:59,AM peak / school commute,True,False,False,False
1341488,Non-casualty (towaway),Non-casualty (towaway),2024,2024,January,Friday,18:00 - 19:59,FOREST,RD,0,Right on the spot,TREACY,ST,HURSTVILLE,,No,Not a school zone,T-junction,-33.967837,151.104833,Georges River,Sydney metro. area,Syd-Newc-Woll Gtr conurbation,Curved,,,,Unknown / not stated,Sealed,Dry,Fine,Daylight,Nil,No left turn,50 km/h,Local,14,2 right turning,105,Adj - Two right turning,,Right angle,4 wheel drive / SUV,Car (sedan/hatch),2,0,0,0,0,1,January,Summer,Friday,18:00 - 19:59,PM peak / evening commute,True,False,False,False
1341491,Non-casualty (towaway),Non-casualty (towaway),2024,2024,January,Saturday,02:00 - 03:59,ROBERTA,ST,0,Right on the spot,NUMBER 59,HN,TUMBI UMBI,,No,Not a school zone,2-way undivided,-33.36959,151.45207,Central Coast,Country urban,Syd-Newc-Woll Gtr conurbation,Straight,,,,Unknown / not stated,Sealed,Dry,Fine,Darkness,Nil,No traffic controls,50 km/h,Local,71,Off rd left => obj,703,Left off cway into object,,Other angle,Car (sedan/hatch),Car (sedan/hatch),3,0,0,0,0,1,January,Summer,Saturday,02:00 - 03:59,Late night / early morning,False,False,False,False
1341492,Non-casualty (towaway),Non-casualty (towaway),2024,2024,January,Friday,06:00 - 07:59,MARRICKVILLE,RD,0,Right on the spot,NUMBER 117,HN,MARRICKVILLE,7054.0,No,Not a school zone,2-way undivided,-33.912558,151.160628,Inner West,Sydney metro. area,Syd-Newc-Woll Gtr conurbation,Straight,,,,Unknown / not stated,Sealed,Dry,Fine,Dawn,Nil,No traffic controls,50 km/h,Regional,30,Rear end,301,Same - Rear end,,Rear end,Car (sedan/hatch),Car (sedan/hatch),3,0,0,0,0,1,January,Summer,Friday,06:00 - 07:59,AM peak / school commute,True,False,False,False
1341493,Non-casualty (towaway),Non-casualty (towaway),2024,2024,January,Wednesday,14:00 - 15:59,WESTERN,EXP,2000,East,MAMRE ROAD,TO,COLYTON,6004.0,No,Not a school zone,Dual freeway,-33.786868,150.786672,Penrith,Sydney metro. area,Syd-Newc-Woll Gtr conurbation,Straight,,,,Unknown / not stated,Sealed,Dry,Fine,Daylight,Nil,No traffic controls,110 km/h,State,30,Rear end,301,Same - Rear end,,Rear end,4 wheel drive / SUV,Car (sedan/hatch),2,0,0,0,0,1,January,Summer,Wednesday,14:00 - 15:59,Midday / afternoon,False,False,False,False