crash_id,degree_of_crash,degree_of_crash_-_detailed,reporting_year,year_of_crash,month_of_crash,day_of_week_of_crash,two-hour_intervals,street_of_crash,street_type,distance,direction,identifying_feature,identifying_feature_type,town,route_no.,school_zone_location,school_zone_active,type_of_location,latitude,longitude,lga,urbanisation,conurbation_1,alignment,primary_permanent_feature,primary_temporary_feature,primary_hazardous_feature,street_lighting,road_surface,surface_condition,weather,natural_lighting,signals_operation,other_traffic_control,speed_limit,road_classification_(admin),rum_-_code,rum_-_description,dca_-_code,dca_-_description,dca_supplement,first_impact_type,key_tu_type,other_tu_type,no._of_traffic_units_involved,no._killed,no._seriously_injured,no._moderately_injured,no._minor-other_injured,month_num,month_label,season,day_label,time_label,time_band,is_peak_commute,is_fatal,is_injury,is_casualty
1341496,Non-casualty (towaway),Non-casualty (towaway),2024,2024,January,Friday,12:00 - 13:59,CHURCH,LANE,0,Right on the spot,RUTLEDGE,ST,QUEANBEYAN,,No,Not a school zone,T-junction,-35.354627,149.236733,Queanbeyan-Palerang Regional,Country urban,Rest of NSW - Urban,Straight,,,,Unknown / not stated,Sealed,Dry,Fine,Daylight,Nil,Stop sign,50 km/h,Local,29,Other opposing,200,Opp - other,,Other angle,Car (sedan/hatch),Car (sedan/hatch),2,0,0,0,0,1,January,Summer,Friday,12:00 - 13:59,Midday / afternoon,False,False,False,False
1341497,Non-casualty (towaway),Non-casualty (towaway),2024,2024,January,Monday,08:00 - 09:59,CANTERBURY,RD,0,Right on the spot,CLARIBEL,ST,BANKSTOWN,167.0,No,Not a school zone,T-junction,-33.935035,151.024601,Canterbury-Bankstown,Sydney metro. area,Syd-Newc-Woll Gtr conurbation,Straight,,,,Unknown / not stated,Sealed,Wet,Raining,Daylight,On,No traffic controls,60 km/h,State,20,Head on,201,Opp - Head on,,Head-on,Light truck utility(from 2018),Car (sedan/hatch),2,0,0,0,0,1,January,Summer,Monday,08:00 - 09:59,AM peak / school commute,True,False,False,False
1341498,Non-casualty (towaway),Non-casualty (towaway),2024,2024,January,Monday,10:00 - 11:59,BIRDWOOD,AVE,0,Right on the spot,KOOLA,AVE,KILLARA,2043.0,No,Not a school zone,X-intersection,-33.758474,151.171024,Ku-ring-gai,Sydney metro. area,Syd-Newc-Woll Gtr conurbation,Straight,,,,Unknown / not stated,Sealed,Wet,Raining,Daylight,On,No traffic controls,60 km/h,Regional,21,Right through,202,Opp - Right-thru,,Other angle,4 wheel drive / SUV,Car (sedan/hatch),2,0,0,0,0,1,January,Summer,Monday,10:00 - 11:59,Midday / afternoon,False,False,False,False
1341499,Non-casualty (towaway),Non-casualty (towaway),2024,2024,January,Tuesday,06:00 - 07:59,CHRISTINA,RD,0,Right on the spot,MILLER,RD,CHESTER HILL,7102.0,No,Not a school zone,Roundabout,-33.881488,150.993409,Canterbury-Bankstown,Sydney metro. area,Syd-Newc-Woll Gtr conurbation,Straight,,,,Unknown / not stated,Sealed,Wet,Overcast,Dawn,Nil,No traffic controls,50 km/h,Regional,34,Lane change right,306,Same - Lane change right,,Other angle,Light truck utility(from 2018),4 wheel drive / SUV,2,0,0,0,0,1,January,Summer,Tuesday,06:00 - 07:59,AM peak / school commute,True,False,False,False
1341500,Non-casualty (towaway),Non-casualty (towaway),2024,2024,January,Sunday,14:00 - 15:59,KINGSGROVE,RD,20,North,PATERSON,AVE,KINGSGROVE,7309.0,Yes,No,2-way undivided,-33.941794,151.101323,Bayside,Sydney metro. area,Syd-Newc-Woll Gtr conurbation,Straight,Bus stop,,,Unknown / not stated,Sealed,Dry,Fine,Daylight,Nil,No traffic controls,50 km/h,Regional,42,Leaving parking,401,Manov - Leaving parking,,Other angle,Other bus,Light truck utility(from 2018),2,0,0,0,0,1,January,Summer,Sunday,14:00 - 15:59,Midday / afternoon,False,False,False,False
1341501,Non-casualty (towaway),Non-casualty (towaway),2024,2024,January,Wednesday,00:01 - 01:59,LIGHTHOUSE,RD,30,East,PALM VALLEY,DR,BYRON BAY,,No,Not a school zone,1-way street,-28.638948,153.631669,Byron,Country urban,Rest of NSW - Urban,Curved,Embankment/cutting,,,Unknown / not stated,Sealed,Wet,Overcast,Darkness,Nil,No traffic controls,50 km/h,Local,81,Off left/rt bnd=>obj,803,Off right bend into obj,Left,Vehicle - Object,Car (sedan/hatch),,1,0,0,0,0,1,January,Summer,Wednesday,00:01 - 01:59,Late night / early morning,False,False,False,False
1341504,Non-casualty (towaway),Non-casualty (towaway),2024,2024,January,Monday,06:00 - 07:59,MILLER,ST,0,Right on the spot,ERNEST,ST,CROWS NEST,599.0,Yes,No,X-intersection,-33.826948,151.209386,North Sydney,Sydney metro. area,Syd-Newc-Woll Gtr conurbation,Straight,,,,Unknown / not stated,Sealed,Wet,Raining,Daylight,On,No traffic controls,50 km/h,State,21,Right through,202,Opp - Right-thru,,Other angle,Station wagon,4 wheel drive / SUV,2,0,0,0,0,1,January,Summer,Monday,06:00 - 07:59,AM peak / school commute,True,False,False,False
1341511,Non-casualty (towaway),Non-casualty (towaway),2024,2024,January,Sunday,20:00 - 21:59,LIGHT,ST,0,Right on the spot,NUMBER 23,HN,BAR BEACH,,No,Not a school zone,2-way undivided,-32.937062,151.769585,Newcastle,Newcastle met. area,Syd-Newc-Woll Gtr conurbation,Straight,,,,Unknown / not stated,Sealed,Dry,Fine,Darkness,Nil,No traffic controls,50 km/h,Local,71,Off rd left => obj,703,Left off cway into object,,Other angle,Car (sedan/hatch),Station wagon,2,0,0,0,0,1,January,Summer,Sunday,20:00 - 21:59,Evening / night,False,False,False,False
1341513,Non-casualty (towaway),Non-casualty (towaway),2024,2024,January,Monday,14:00 - 15:59,ADDISON,RD,0,Right on the spot,NUMBER 44,HN,MANLY,,No,Not a school zone,2-way undivided,-33.805818,151.284957,Northern Beaches,Sydney metro. area,Syd-Newc-Woll Gtr conurbation,Straight,,,,Unknown / not stated,Sealed,Dry,Fine,Daylight,Nil,No traffic controls,50 km/h,Local,44,Parking vehicles,403,Manov - Parking-parked vehicle,,Other angle,Light truck,Car (sedan/hatch),2,0,0,0,0,1,January,Summer,Monday,14:00 - 15:59,Midday / afternoon,False,False,False,False
1341514,Non-casualty (towaway),Non-casualty (towaway),2024,2024,January,Thursday,14:00 - 15:59,CENTRAL HILLS,DR,0,Right on the spot,RODEO,RD,GREGORY HILLS,,No,Not a school zone,Roundabout,-34.025862,150.762518,Camden,Sydney metro. area,Syd-Newc-Woll Gtr conurbation,Straight,,,,Unknown / not stated,Sealed,Dry,Fine,Daylight,Nil,Give way sign,50 km/h,Local,21,Right through,202,Opp - Right-thru,,Other angle,Car (sedan/hatch),Car (sedan/hatch),2,0,0,0,0,1,January,Summer,Thursday,14:00 - 15:59,Midday / afternoon,False,False,False,False
1341519,Non-casualty (towaway),Non-casualty (towaway),2024,2024,January,Friday,10:00 - 11:59,MINJUNGBAL,DR,0,Right on the spot,PACIFIC,HWY,TWEED HEADS SOUTH,7733.0,No,Not a school zone,Roundabout,-28.207905,153.54435,Tweed,Country urban,Rest of NSW - Urban,Curved,,,,Unknown / not stated,Sealed,Dry,Fine,Daylight,Nil,Give way sign,60 km/h,State,30,Rear end,301,Same - Rear end,,Rear end,Car (sedan/hatch),4 wheel drive / SUV,2,0,0,0,0,1,January,Summer,Friday,10:00 - 11:59,Midday / afternoon,False,False,False,False
1341520,Non-casualty (towaway),Non-casualty (towaway),2024,2024,January,Saturday,18:00 - 19:59,JINDABYNE,ST,20,East,ST JOHNS,RD,HECKENBERG,,No,Not a school zone,2-way undivided,-33.907786,150.884484,Liverpool,Sydney metro. area,Syd-Newc-Woll Gtr conurbation,Straight,Driveway/entrance,,,Unknown / not stated,Sealed,Dry,Fine,Daylight,Nil,No traffic controls,50 km/h,Local,21,Right through,202,Opp - Right-thru,,Other angle,Car (sedan/hatch),Car (sedan/hatch),2,0,0,0,0,1,January,Summer,Saturday,18:00 - 19:59,PM peak / evening commute,True,False,False,False
1341525,Non-casualty (towaway),Non-casualty (towaway),2024,2024,January,Thursday,10:00 - 11:59,ANZAC,PDE,10,North,MAROUBRA,RD,MAROUBRA,661.0,No,Not a school zone,X-intersection,-33.941501,151.239087,Randwick,Sydney metro. area,Syd-Newc-Woll Gtr conurbation,Straight,,,,Unknown / not stated,Sealed,Dry,Fine,Daylight,On,No traffic controls,50 km/h,State,73,Off rd rght => obj,704,Right off cway into obj,,Other angle,Car (sedan/hatch),Car (sedan/hatch),2,0,0,0,0,1,January,Summer,Thursday,10:00 - 11:59,Midday / afternoon,False,False,False,False
1341530,Non-casualty (towaway),Non-casualty (towaway),2024,2024,January,Sunday,06:00 - 07:59,FRANKLIN,DR,0,Right on the spot,NUMBER 22,HN,ESTELLA,,No,Not a school zone,2-way undivided,-35.07688,147.353946,Wagga Wagga,Country urban,Rest of NSW - Urban,Straight,,,,Unknown / not stated,Sealed,Dry,Fine,Daylight,Nil,No traffic controls,50 km/h,Local,73,Off rd rght => obj,704,Right off cway into obj,,Vehicle - Object,4 wheel drive / SUV,,1,0,0,0,0,1,January,Summer,Sunday,06:00 - 07:59,AM peak / school commute,True,False,False,False
1341532,Non-casualty (towaway),Non-casualty (towaway),2024,2024,January,Sunday,12:00 - 13:59,MORAY,RD,0,Right on the spot,NUMBER 24,HN,TOWRADGI,,No,Not a school zone,2-way undivided,-34.384218,150.910161,Wollongong,Wollongong met. area,Syd-Newc-Woll Gtr conurbation,Straight,,,,Unknown / not stated,Sealed,Dry,Fine,Daylight,Nil,No traffic controls,50 km/h,Local,49,Other manoeuvring,400,Manov - other,,Other angle,Light truck utility(from 2018),Station wagon,2,0,0,0,0,1,January,Summer,Sunday,12:00 - 13:59,Midday / afternoon,False,False,False,False
1341533,Non-casualty (towaway),Non-casualty (towaway),2024,2024,January,Tuesday,10:00 - 11:59,UNNAMED,TRK,3000,West,COORILLA,ST,COBAR,,No,Not a school zone,2-way undivided,-31.511431,145.768973,Cobar,Country non-urban,Rest of NSW - Rural,Straight,,,,Unknown / not stated,Unsealed,Dry,Fine,Daylight,Nil,No traffic controls,100 km/h,Local,71,Off rd left => obj,703,Left off cway into object,,Vehicle - Object,4 wheel drive / SUV,,1,0,0,0,0,1,January,Summer,Tuesday,10:00 - 11:59,Midday / afternoon,False,False,False,False
1341536,Non-casualty (towaway),Non-casualty (towaway),2024,2024,January,Sunday,08:00 - 09:59,WENTWORTH,AVE,100,South,PAGE,ST,PAGEWOOD,344.0,No,Not a school zone,Divided road,-33.941348,151.216117,Bayside,Sydney metro. area,Syd-Newc-Woll Gtr conurbation,Straight,,,,Unknown / not stated,Sealed,Dry,Fine,Daylight,Nil,No traffic controls,70 km/h,State,39,Other same direction,300,Same - other,,Other angle,Car (sedan/hatch),Car (sedan/hatch),2,0,0,0,0,1,January,Summer,Sunday,08:00 - 09:59,AM peak / school commute,True,False,False,False
1341537,Non-casualty (towaway),Non-casualty (towaway),2024,2024,January,Saturday,14:00 - 15:59,GOUGH,AVE,0,Right on the spot,MILLER,RD,CHESTER HILL,,No,Not a school zone,T-junction,-33.870595,150.99285,Canterbury-Bankstown,Sydney metro. area,Syd-Newc-Woll Gtr conurbation,Straight,,,,Unknown / not stated,Sealed,Dry,Fine,Daylight,Nil,No traffic controls,50 km/h,Local,19,Other adjacent,100,Adj - other,,Right angle,Car (sedan/hatch),Car (sedan/hatch),2,0,0,0,0,1,January,Summer,Saturday,14:00 - 15:59,Midday / afternoon,False,False,False,False
1341538,Non-casualty (towaway),Non-casualty (towaway),2024,2024,January,Sunday,12:00 - 13:59,CUMBERLAND,HWY,0,Right on the spot,NUMBER 66,HN,WARWICK FARM,13.0,No,Not a school zone,Divided road,-33.912629,150.919423,Liverpool,Sydney metro. area,Syd-Newc-Woll Gtr conurbation,Straight,,,,Unknown / not stated,Sealed,Dry,Fine,Daylight,Nil,No traffic controls,70 km/h,State,30,Rear end,301,Same - Rear end,,Rear end,Large rigid,Car (sedan/hatch),2,0,0,0,0,1,January,Summer,Sunday,12:00 - 13:59,Midday / afternoon,False,False,False,False
1341542,Non-casualty (towaway),Non-casualty (towaway),2024,2024,January,Wednesday,02:00 - 03:59,ABERGLASSLYN,RD,10,North,TEA TREE,AVE,ABERGLASSLYN,,No,Not a school zone,Roundabout,-32.695604,151.534955,Maitland,Country urban,Rest of NSW - Urban,Straight,,,,Unknown / not stated,Sealed,Dry,Fine,Darkness,Nil,Give way sign,60 km/h,Local,49,Other manoeuvring,400,Manov - other,,Other angle,4 wheel drive / SUV,,1,0,0,0,0,1,January,Summer,Wednesday,02:00 - 03:59,Late night / early morning,False,False,False,False
1341544,Non-casualty (towaway),Non-casualty (towaway),2024,2024,January,Tuesday,14:00 - 15:59,APPIN,RD,0,Right on the spot,WOODLAND,RD,AMBARVALE,177.0,No,Not a school zone,T-junction,-34.094737,150.804682,Campbelltown,Sydney metro. area,Syd-Newc-Woll Gtr conurbation,Straight,,,,Unknown / not stated,Sealed,Dry,Overcast,Daylight,On,No traffic controls,80 km/h,State,30,Rear end,301,Same - Rear end,,Rear end,Car (sedan/hatch),Light truck,2,0,0,0,0,1,January,Summer,Tuesday,14:00 - 15:59,Midday / afternoon,False,False,False,False
1341546,Non-casualty (towaway),Non-casualty (towaway),2024,2024,January,Tuesday,14:00 - 15:59,BURLEY GRIFFIN,WAY,4000,East,MCMAHONS REEF,RD,CUNNINGAR,84.0,No,Not a school zone,2-way undivided,-34.598243,148.465525,Hilltops,Country non-urban,Rest of NSW - Rural,Curved,,,,Unknown / not stated,Sealed,Wet,Raining,Daylight,Nil,No traffic controls,100 km/h,State,86,Off left/left bend,802,Off cway left bend,Left,Rollover,Light truck,,1,0,0,0,0,1,January,Summer,Tuesday,14:00 - 15:59,Midday / afternoon,False,False,False,False
1341547,Non-casualty (towaway),Non-casualty (towaway),2024,2024,January,Sunday,20:00 - 21:59,DOWDING,ST,50,North,HORSLEY,RD,PANANIA,,No,Not a school zone,2-way undivided,-33.949594,150.996764,Canterbury-Bankstown,Sydney metro. area,Syd-Newc-Woll Gtr conurbation,Straight,,,,Unknown / not stated,Sealed,Wet,Raining,Darkness,Nil,No traffic controls,50 km/h,Local,71,Off rd left => obj,703,Left off cway into object,,Other angle,4 wheel drive / SUV,Car (sedan/hatch),2,0,0,0,0,1,January,Summer,Sunday,20:00 - 21:59,Evening / night,False,False,False,False
1341580,Non-casualty (towaway),Non-casualty (towaway),2024,2024,January,Sunday,02:00 - 03:59,BENNELONG,PKWY,100,North,BRUSHBOX,ST,SYDNEY OLYMPIC PARK,,No,Not a school zone,2-way undivided,-33.847211,151.075224,Parramatta,Sydney metro. area,Syd-Newc-Woll Gtr conurbation,Straight,,,,On,Sealed,Wet,Fine,Darkness,Nil,No traffic controls,60 km/h,Local,71,Off rd left => obj,703,Left off cway into object,,Vehicle - Object,Station wagon,,1,0,0,0,0,1,January,Summer,Sunday,02:00 - 03:59,Late night / early morning,False,False,False,False
1341590,Non-casualty (towaway),Non-casualty (towaway),2024,2024,January,Wednesday,16:00 - 17:59,SAPPHIRE COAST,DR,904,North,RED HILL,RD,BOURNDA,7621.0,No,Not a school zone,2-way undivided,-36.824647,149.901858,Bega Valley,Country urban,Rest of NSW - Urban,Curved,Steep grade,,,Nil,Sealed,Wet,Raining,Daylight,Nil,No traffic controls,80 km/h,Regional,87,Off lft/lft bnd=>obj,804,Off left bend into obj,Left,Vehicle - Object,Light truck utility(from 2018),,1,0,0,0,0,1,January,Summer,Wednesday,16:00 - 17:59,PM peak / evening commute,True,False,False,False
1341594,Non-casualty (towaway),Non-casualty (towaway),2024,2024,January,Thursday,20:00 - 21:59,HAMPDEN,RD,0,Right on the spot,NUMBER 120,HN,WAREEMBA,7325.0,No,Not a school zone,2-way undivided,-33.854803,151.136056,Canada Bay,Sydney metro. area,Syd-Newc-Woll Gtr conurbation,Straight,,,,On,Sealed,Dry,Fine,Dusk,Nil,No traffic controls,50 km/h,Regional,71,Off rd left => obj,703,Left off cway into object,,Other angle,4 wheel drive / SUV,Car (sedan/hatch),3,0,0,0,0,1,January,Summer,Thursday,20:00 - 21:59,Evening / night,False,False,False,False
1341615,Non-casualty (towaway),Non-casualty (towaway),2024,2024,January,Thursday,02:00 - 03:59,PARK,ST,40,South,BOOYONG,ST,EVANS HEAD,,No,Not a school zone,2-way undivided,-29.113221,153.430187,Richmond Valley,Country urban,Rest of NSW - Urban,Straight,,,,On,Sealed,Dry,Unknown,Darkness,Nil,No traffic controls,50 km/h,Local,71,Off rd left => obj,703,Left off cway into object,,Other angle,4 wheel drive / SUV,4 wheel drive / SUV,2,0,0,0,0,1,January,Summer,Thursday,02:00 - 03:59,Late night / early morning,False,False,False,False
1341630,Non-casualty (towaway),Non-casualty (towaway),2024,2024,January,Monday,14:00 - 15:59,GREAT WESTERN,HWY,150,East,BELLEVUE,RD,FAULCONBRIDGE,5.0,No,Not a school zone,Divided road,-33.704833,150.529566,Blue Mountains,Country urban,Syd-Newc-Woll Gtr conurbation,Straight,Steep grade,,,Nil,Sealed,Wet,Raining,Daylight,Nil,No traffic controls,80 km/h,State,73,Off rd rght => obj,704,Right off cway into obj,,Vehicle - Object,Station wagon,,1,0,0,0,0,1,January,Summer,Monday,14:00 - 15:59,Midday / afternoon,False,False,False,False
1341631,Non-casualty (towaway),Non-casualty (towaway),2024,2024,January,Thursday,14:00 - 15:59,MOUNT OUSLEY,RD,100,South,CLIVE BISSELL,DR,MOUNT KEIRA,95.0,No,Not a school zone,Divided road,-34.375309,150.861509,Wollongong,Wollongong met. area,Syd-Newc-Woll Gtr conurbation,Curved,Steep grade,,,Nil,Sealed,Dry,Overcast,Daylight,Nil,No traffic controls,80 km/h,State,85,Off rt/lft bnd=>obj,804,Off left bend into obj,Right,Vehicle - Object,Car (sedan/hatch),,1,0,0,0,0,1,January,Summer,Thursday,14:00 - 15:59,Midday / afternoon,False,False,False,False
1341633,Non-casualty (towaway),Non-casualty (towaway),2024,2024,January,Thursday,02:00 - 03:59,FOREST,RD,0,Right on the spot,NUMBER 1031,HN,LUGARNO,,No,Not a school zone,2-way undivided,-33.986064,151.048306,Georges River,Sydney metro. area,Syd-Newc-Woll Gtr conurbation,Straight,,,,On,Sealed,Dry,Fine,Darkness,Nil,No traffic controls,50 km/h,Local,71,Off rd left => obj,703,Left off cway into object,,Other angle,Light truck utility(from 2018),Light truck utility(from 2018),2,0,0,0,0,1,January,Summer,Thursday,02:00 - 03:59,Late night / early morning,False,False,False,False
1341635,Non-casualty (towaway),Non-casualty (towaway),2024,2024,January,Monday,06:00 - 07:59,SPIT,RD,30,South,PEARL BAY,AVE,MOSMAN,164.0,No,Not a school zone,Divided road,-33.810231,151.24497,Mosman,Sydney metro. area,Syd-Newc-Woll Gtr conurbation,Straight,Steep grade,,,Off,Sealed,Wet,Fine,Daylight,Nil,No traffic controls,60 km/h,State,73,Off rd rght => obj,704,Right off cway into obj,,Vehicle - Object,Car (sedan/hatch),,1,0,0,0,0,1,January,Summer,Monday,06:00 - 07:59,AM peak / school commute,True,False,False,False
1341645,Non-casualty (towaway),Non-casualty (towaway),2024,2024,January,Monday,06:00 - 07:59,GREAT WESTERN,HWY,400,West,WEEMALA,AVE,LINDEN,5.0,No,Not a school zone,Divided road,-33.714454,150.512976,Blue Mountains,Country urban,Syd-Newc-Woll Gtr conurbation,Curved,Steep grade,,,Off,Sealed,Wet,Raining,Daylight,Nil,No traffic controls,80 km/h,State,33,Lane sideswipe,305,Same - Lane side swipe,,Other angle,Car (sedan/hatch),Light truck,4,0,0,0,0,1,January,Summer,Monday,06:00 - 07:59,AM peak / school commute,True,False,False,False
1341648,Non-casualty (towaway),Non-casualty (towaway),2024,2024,January,Thursday,04:00 - 05:59,CULBURRA,RD,1000,West,STRATHSTONE,ST,CULBURRA BEACH,7632.0,No,Not a school zone,2-way undivided,-34.935486,150.740857,Shoalhaven,Country non-urban,Rest of NSW - Rural,Curved,,,,Nil,Sealed,Wet,Raining,Darkness,Nil,No traffic controls,100 km/h,Regional,85,Off rt/lft bnd=>obj,804,Off left bend into obj,Right,Vehicle - Object,Car (sedan/hatch),,1,0,0,0,0,1,January,Summer,Thursday,04:00 - 05:59,Late night / early morning,False,False,False,False
1341655,Non-casualty (towaway),Non-casualty (towaway),2024,2024,January,Friday,12:00 - 13:59,QUARRY,RD,20,North,JAMES ERSKINE,DR,ERSKINE PARK,,No,Not a school zone,2-way undivided,-33.820507,150.778268,Penrith,Sydney metro. area,Syd-Newc-Woll Gtr conurbation,Straight,Painted double centre lines,,,Nil,Sealed,Dry,Fine,Daylight,Nil,No traffic controls,50 km/h,Local,20,Head on,201,Opp - Head on,,Head-on,Large rigid,Large rigid,3,0,0,0,0,1,January,Summer,Friday,12:00 - 13:59,Midday / afternoon,False,False,False,False
1341662,Non-casualty (towaway),Non-casualty (towaway),2024,2024,January,Sunday,02:00 - 03:59,MULLENS,ST,20,South,ROSEBERRY,ST,BALMAIN,7317.0,No,Not a school zone,2-way undivided,-33.860242,151.177243,Inner West,Sydney metro. area,Syd-Newc-Woll Gtr conurbation,Straight,,,,On,Sealed,Wet,Raining,Darkness,Nil,No traffic controls,40 km/h,Regional,71,Off rd left => obj,703,Left off cway into object,,Other angle,Car (sedan/hatch),4 wheel drive / SUV,2,0,0,0,0,1,January,Summer,Sunday,02:00 - 03:59,Late night / early morning,False,False,False,False
1341682,Non-casualty (towaway),Non-casualty (towaway),2024,2024,January,Tuesday,02:00 - 03:59,LUXFORD,RD,0,Right on the spot,NUMBER 100,HN,WHALAN,7161.0,No,Not a school zone,Divided road,-33.761232,150.810194,Blacktown,Sydney metro. area,Syd-Newc-Woll Gtr conurbation,Curved,,,,On,Sealed,Dry,Fine,Darkness,Nil,No traffic controls,60 km/h,Regional,81,Off left/rt bnd=>obj,803,Off right bend into obj,Left,Vehicle - Object,Car (sedan/hatch),,1,0,0,0,0,1,January,Summer,Tuesday,02:00 - 03:59,Late night / early morning,False,False,False,False
1341688,Non-casualty (towaway),Non-casualty (towaway),2024,2024,January,Sunday,06:00 - 07:59,WESTERN,EXP,750,West,CUMBERLAND HIGHWAY,OP,GREYSTANES,6004.0,No,Not a school zone,Dual freeway,-33.814132,150.955574,Cumberland,Sydney metro. area,Syd-Newc-Woll Gtr conurbation,Straight,,,,Nil,Sealed,Dry,Fine,Daylight,Nil,No traffic controls,90 km/h,State,71,Off rd left => obj,703,Left off cway into object,,Vehicle - Object,Car (sedan/hatch),,1,0,0,0,0,1,January,Summer,Sunday,06:00 - 07:59,AM peak / school commute,True,False,False,False
1341713,Non-casualty (towaway),Non-casualty (towaway),2024,2024,January,Monday,18:00 - 19:59,NIMBIN,RD,1090,North,BOOERIE CREEK,RD,BOOERIE CREEK,142.0,No,Not a school zone,2-way undivided,-28.785881,153.24582,Lismore,Country urban,Rest of NSW - Urban,Curved,Steep grade,,,Nil,Sealed,Wet,Raining,Dusk,Nil,No traffic controls,80 km/h,Regional,88,Out of cont on bend,805,Out of control on bend,,Rollover,Station wagon,,1,0,0,0,0,1,January,Summer,Monday,18:00 - 19:59,PM peak / evening commute,True,False,False,False
1341731,Non-casualty (towaway),Non-casualty (towaway),2024,2024,January,Tuesday,10:00 - 11:59,MINMI,RD,50,East,BRITANNIA,BVD,FLETCHER,,No,Not a school zone,Divided road,-32.876112,151.639111,Newcastle,Newcastle met. area,Syd-Newc-Woll Gtr conurbation,Curved,,,,Off,Sealed,Dry,Fine,Daylight,Nil,No traffic controls,60 km/h,Local,30,Rear end,301,Same - Rear end,,Rear end,Car (sedan/hatch),Light truck utility(from 2018),2,0,0,0,0,1,January,Summer,Tuesday,10:00 - 11:59,Midday / afternoon,False,False,False,False
1341736,Non-casualty (towaway),Non-casualty (towaway),2024,2024,January,Saturday,14:00 - 15:59,BYANGUM,RD,40,South,FRANGELA,DR,MURWILLUMBAH,,No,Not a school zone,2-way undivided,-28.330917,153.379615,Tweed,Country urban,Rest of NSW - Urban,Curved,Steep grade,,,Nil,Sealed,Wet,Raining,Daylight,Nil,No traffic controls,50 km/h,Local,81,Off left/rt bnd=>obj,803,Off right bend into obj,Left,Other angle,Light truck utility(from 2018),4 wheel drive / SUV,2,0,0,0,0,1,January,Summer,Saturday,14:00 - 15:59,Midday / afternoon,False,False,False,False
1341742,Non-casualty (towaway),Non-casualty (towaway),2024,2024,January,Thursday,20:00 - 21:59,THURGOONA,DR,0,Right on the spot,HUME,HWY,THURGOONA,688.0,No,Not a school zone,Roundabout,-36.039271,146.972634,Albury,Country urban,Rest of NSW - Urban,Curved,,,,Nil,Sealed,Dry,Fine,Darkness,Nil,Give way sign,60 km/h,Regional,10,Cross traffic,101,Adj - Cross traffic,,Right angle,4 wheel drive / SUV,Car (sedan/hatch),2,0,0,0,0,1,January,Summer,Thursday,20:00 - 21:59,Evening / night,False,False,False,False
1341743,Non-casualty (towaway),Non-casualty (towaway),2024,2024,January,Sunday,20:00 - 21:59,GUMMA,RD,50,North,CORNEIL,CRES,GUMMA,,No,Not a school zone,2-way undivided,-30.72969,152.963128,Nambucca Valley,Country urban,Rest of NSW - Urban,Curved,Embankment/cutting,,,Nil,Sealed,Dry,Fine,Dusk,Nil,No traffic controls,80 km/h,Local,81,Off left/rt bnd=>obj,803,Off right bend into obj,Left,Vehicle - Object,4 wheel drive / SUV,,1,0,0,0,0,1,January,Summer,Sunday,20:00 - 21:59,Evening / night,False,False,False,False
1341920,Non-casualty (towaway),Non-casualty (towaway),2024,2024,January,Wednesday,06:00 - 07:59,PRINCES,HWY,0,Right on the spot,NUDJIA,RD,UNANDERRA,1.0,No,Not a school zone,T-junction,-34.452898,150.846562,Wollongong,Wollongong met. area,Syd-Newc-Woll Gtr conurbation,Straight,,Police pursuit,,Off,Sealed,Dry,Fine,Daylight,Nil,Stop sign,60 km/h,Regional,20,Head on,201,Opp - Head on,,Head-on,Car (sedan/hatch),Car (sedan/hatch),2,0,0,0,0,1,January,Summer,Wednesday,06:00 - 07:59,AM peak / school commute,True,False,False,False
1341934,Non-casualty (towaway),Non-casualty (towaway),2024,2024,January,Friday,20:00 - 21:59,EDGAR,ST,50,South,HUME,HWY,YAGOONA,7120.0,No,Not a school zone,2-way undivided,-33.906551,151.015634,Canterbury-Bankstown,Sydney metro. area,Syd-Newc-Woll Gtr conurbation,Straight,Painted double centre lines,,,Off,Sealed,Dry,Fine,Darkness,Nil,No traffic controls,60 km/h,Regional,20,Head on,201,Opp - Head on,,Head-on,Car (sedan/hatch),4 wheel drive / SUV,3,0,0,0,0,1,January,Summer,Friday,20:00 - 21:59,Evening / night,False,False,False,False
1341954,Non-casualty (towaway),Non-casualty (towaway),2024,2024,January,Saturday,12:00 - 13:59,MACARTHUR,ST,0,Right on the spot,THOMAS,ST,PARRAMATTA,7484.0,Yes,No,X-intersection,-33.811696,151.013962,Parramatta,Sydney metro. area,Syd-Newc-Woll Gtr conurbation,Straight,,,,Unknown / not stated,Sealed,Dry,Fine,Daylight,Off,No traffic controls,60 km/h,Regional,71,Off rd left => obj,703,Left off cway into object,,Vehicle - Object,Light truck utility(from 2018),,1,0,0,0,0,1,January,Summer,Saturday,12:00 - 13:59,Midday / afternoon,False,False,False,False