crash_id,degree_of_crash,degree_of_crash_-_detailed,reporting_year,year_of_crash,month_of_crash,day_of_week_of_crash,two-hour_intervals,street_of_crash,street_type,distance,direction,identifying_feature,identifying_feature_type,town,route_no.,school_zone_location,school_zone_active,type_of_location,latitude,longitude,lga,urbanisation,conurbation_1,alignment,primary_permanent_feature,primary_temporary_feature,primary_hazardous_feature,street_lighting,road_surface,surface_condition,weather,natural_lighting,signals_operation,other_traffic_control,speed_limit,road_classification_(admin),rum_-_code,rum_-_description,dca_-_code,dca_-_description,dca_supplement,first_impact_type,key_tu_type,other_tu_type,no._of_traffic_units_involved,no._killed,no._seriously_injured,no._moderately_injured,no._minor-other_injured,month_num,month_label,season,day_label,time_label,time_band,is_peak_commute,is_fatal,is_injury,is_casualty
1341956,Non-casualty (towaway),Non-casualty (towaway),2024,2024,January,Wednesday,16:00 - 17:59,FARMBOROUGH,RD,100,West,CREST,ST,FARMBOROUGH HEIGHTS,,No,Not a school zone,2-way undivided,-34.460302,150.823449,Wollongong,Wollongong met. area,Syd-Newc-Woll Gtr conurbation,Curved,Foot/cycle path/nature strip,,,Unknown / not stated,Sealed,Wet,Raining,Daylight,Nil,No traffic controls,50 km/h,Local,87,Off lft/lft bnd=>obj,804,Off left bend into obj,Left,Vehicle - Object,Light truck utility(from 2018),,1,0,0,0,0,1,January,Summer,Wednesday,16:00 - 17:59,PM peak / evening commute,True,False,False,False
1341959,Non-casualty (towaway),Non-casualty (towaway),2024,2024,January,Wednesday,12:00 - 13:59,BATLOW,RD,200,North,WONDALGA,RD,WONDALGA,85.0,No,Not a school zone,2-way undivided,-35.406929,148.121986,Snowy Valleys,Country non-urban,Rest of NSW - Rural,Curved,,,,Unknown / not stated,Sealed,Wet,Raining,Daylight,Nil,No traffic controls,100 km/h,State,85,Off rt/lft bnd=>obj,804,Off left bend into obj,Right,Vehicle - Object,Car (sedan/hatch),,1,0,0,0,0,1,January,Summer,Wednesday,12:00 - 13:59,Midday / afternoon,False,False,False,False
1341960,Non-casualty (towaway),Non-casualty (towaway),2024,2024,January,Tuesday,18:00 - 19:59,BLAXLAND,RD,0,Right on the spot,KULGOA,AVE,RYDE,139.0,No,Not a school zone,T-junction,-33.806966,151.104777,Ryde,Sydney metro. area,Syd-Newc-Woll Gtr conurbation,Curved,,,,Unknown / not stated,Sealed,Dry,Overcast,Daylight,Nil,No traffic controls,60 km/h,State,32,Right rear,303,Same - Rear right,,Rear end,Car (sedan/hatch),Car (sedan/hatch),2,0,0,0,0,1,January,Summer,Tuesday,18:00 - 19:59,PM peak / evening commute,True,False,False,False
1341963,Non-casualty (towaway),Non-casualty (towaway),2024,2024,January,Tuesday,14:00 - 15:59,TOPDALE,RD,2000,West,FOREST,WAY,NIANGALA,7718.0,No,Not a school zone,2-way undivided,-31.375219,151.418461,Tamworth Regional,Country non-urban,Rest of NSW - Rural,Curved,Painted double centre lines,,,Unknown / not stated,Sealed,Wet,Fine,Daylight,Nil,No traffic controls,100 km/h,Regional,85,Off rt/lft bnd=>obj,804,Off left bend into obj,Right,Vehicle - Object,Car (sedan/hatch),,1,0,0,0,0,1,January,Summer,Tuesday,14:00 - 15:59,Midday / afternoon,False,False,False,False
1341986,Non-casualty (towaway),Non-casualty (towaway),2024,2024,January,Monday,02:00 - 03:59,SOUTHERN CROSS,DR,250,North,WENTWORTH AVENUE,OP,EASTLAKES,593.0,No,Not a school zone,Divided road,-33.934696,151.210171,Bayside,Sydney metro. area,Syd-Newc-Woll Gtr conurbation,Curved,Steep grade,,,Nil,Sealed,Dry,Fine,Darkness,Nil,No traffic controls,80 km/h,State,81,Off left/rt bnd=>obj,803,Off right bend into obj,Left,Vehicle - Object,Car (sedan/hatch),,1,0,0,0,0,1,January,Summer,Monday,02:00 - 03:59,Late night / early morning,False,False,False,False
1341994,Non-casualty (towaway),Non-casualty (towaway),2024,2024,January,Thursday,16:00 - 17:59,ROBERTSON,ST,0,Right on the spot,NUMBER 20,HN,CONISTON,,No,Not a school zone,2-way undivided,-34.43924,150.88176,Wollongong,Wollongong met. area,Syd-Newc-Woll Gtr conurbation,Straight,,,,Unknown / not stated,Sealed,Dry,Fine,Daylight,Nil,No traffic controls,40 km/h,Local,40,U turn,207,Opp - U-turn,,Other angle,Car (sedan/hatch),4 wheel drive / SUV,2,0,0,0,0,1,January,Summer,Thursday,16:00 - 17:59,PM peak / evening commute,True,False,False,False
1341995,Non-casualty (towaway),Non-casualty (towaway),2024,2024,January,Tuesday,02:00 - 03:59,CENTRAL COAST,HWY,200,North,EASTERN,RD,BATEAU BAY,30.0,No,Not a school zone,Divided road,-33.377227,151.473975,Central Coast,Country urban,Syd-Newc-Woll Gtr conurbation,Straight,,,,Unknown / not stated,Sealed,Unknown,Unknown,Darkness,Nil,No traffic controls,60 km/h,State,70,Off road to left,701,Off carriageway to left,,Rollover,4 wheel drive / SUV,,1,0,0,0,0,1,January,Summer,Tuesday,02:00 - 03:59,Late night / early morning,False,False,False,False
1341996,Non-casualty (towaway),Non-casualty (towaway),2024,2024,January,Sunday,16:00 - 17:59,CAMPBELLFIELD,AVE,0,Right on the spot,JACARANDA,AVE,BRADBURY,,No,Not a school zone,Roundabout,-34.081837,150.81384,Campbelltown,Sydney metro. area,Syd-Newc-Woll Gtr conurbation,Straight,,,,Unknown / not stated,Sealed,Dry,Fine,Daylight,Nil,Give way sign,50 km/h,Local,30,Rear end,301,Same - Rear end,,Rear end,4 wheel drive / SUV,Car (sedan/hatch),3,0,0,0,0,1,January,Summer,Sunday,16:00 - 17:59,PM peak / evening commute,True,False,False,False
1341999,Non-casualty (towaway),Non-casualty (towaway),2024,2024,January,Friday,10:00 - 11:59,NEW ENGLAND,HWY,0,Right on the spot,PACIFIC HIGHWAY,OP,HEXHAM,9.0,No,Not a school zone,Divided road,-32.824184,151.684069,Newcastle,Newcastle met. area,Syd-Newc-Woll Gtr conurbation,Curved,,,,Unknown / not stated,Sealed,Dry,Fine,Daylight,Nil,No traffic controls,80 km/h,State,30,Rear end,301,Same - Rear end,,Rear end,4 wheel drive / SUV,Light truck utility(from 2018),2,0,0,0,0,1,January,Summer,Friday,10:00 - 11:59,Midday / afternoon,False,False,False,False
1342000,Non-casualty (towaway),Non-casualty (towaway),2024,2024,January,Saturday,12:00 - 13:59,COWPASTURE,RD,40,North,M7 WESTLINK EXPRESSWAY,OP,LEN WATERS ESTATE,648.0,No,Not a school zone,Divided road,-33.918379,150.853066,Liverpool,Sydney metro. area,Syd-Newc-Woll Gtr conurbation,Straight,,,,Unknown / not stated,Sealed,Dry,Fine,Daylight,Nil,No traffic controls,70 km/h,State,30,Rear end,301,Same - Rear end,,Rear end,4 wheel drive / SUV,Car (sedan/hatch),4,0,0,0,0,1,January,Summer,Saturday,12:00 - 13:59,Midday / afternoon,False,False,False,False
1342014,Non-casualty (towaway),Non-casualty (towaway),2024,2024,January,Saturday,04:00 - 05:59,LIGHTHOUSE,RD,0,Right on the spot,PALM VALLEY,DR,BYRON BAY,,No,Not a school zone,T-junction,-28.639182,153.6315,Byron,Country urban,Rest of NSW - Urban,Curved,,,,Unknown / not stated,Sealed,Dry,Fine,Darkness,Nil,Stop sign,50 km/h,Local,49,Other manoeuvring,400,Manov - other,,Other angle,4 wheel drive / SUV,,1,0,0,0,0,1,January,Summer,Saturday,04:00 - 05:59,Late night / early morning,False,False,False,False
1342018,Non-casualty (towaway),Non-casualty (towaway),2024,2024,January,Sunday,02:00 - 03:59,MILVALE,RD,855,West,MILLY MILLY,LANE,MEMAGONG,241.0,No,Not a school zone,2-way undivided,-34.298814,148.231728,Hilltops,Country non-urban,Rest of NSW - Rural,Curved,,,,Unknown / not stated,Sealed,Dry,Fine,Darkness,Nil,No traffic controls,100 km/h,Regional,87,Off lft/lft bnd=>obj,804,Off left bend into obj,Left,Vehicle - Object,Light truck utility(from 2018),,1,0,0,0,0,1,January,Summer,Sunday,02:00 - 03:59,Late night / early morning,False,False,False,False
1342019,Non-casualty (towaway),Non-casualty (towaway),2024,2024,January,Wednesday,12:00 - 13:59,BURLEY GRIFFIN,WAY,550,North,GARRY OWEN,RD,BINALONG,84.0,No,Not a school zone,2-way undivided,-34.665433,148.622143,Yass Valley,Country non-urban,Rest of NSW - Rural,Curved,,,,Unknown / not stated,Sealed,Wet,Raining,Daylight,Nil,No traffic controls,100 km/h,State,83,Off rt/rt bnd=>obj,803,Off right bend into obj,Right,Vehicle - Object,Semi-trailer,,1,0,0,0,0,1,January,Summer,Wednesday,12:00 - 13:59,Midday / afternoon,False,False,False,False
1342023,Non-casualty (towaway),Non-casualty (towaway),2024,2024,January,Saturday,12:00 - 13:59,GREENVIEW,PDE,0,Right on the spot,PEPPERMINT FAIR,MS,THE PONDS,,No,Not a school zone,T-junction,-33.698564,150.913548,Blacktown,Sydney metro. area,Syd-Newc-Woll Gtr conurbation,Straight,,,,Unknown / not stated,Sealed,Dry,Fine,Daylight,Nil,No traffic controls,50 km/h,Local,13,Right near,104,Adj - Right-thru from right,,Right angle,Car (sedan/hatch),Motorcycle,2,0,0,0,0,1,January,Summer,Saturday,12:00 - 13:59,Midday / afternoon,False,False,False,False
1342027,Non-casualty (towaway),Non-casualty (towaway),2024,2024,January,Sunday,14:00 - 15:59,NANIMA,RD,2000,South,MURRUMBATEMAN,RD,NANIMA,7609.0,No,Not a school zone,2-way undivided,-35.03302,149.103443,Yass Valley,Country non-urban,Rest of NSW - Rural,Straight,,,,Unknown / not stated,Sealed,Wet,Fine,Daylight,Nil,No traffic controls,100 km/h,Regional,67,Struck animal,609,On path - Hit animal,,Vehicle - Animal,Motorcycle,,1,0,0,0,0,1,January,Summer,Sunday,14:00 - 15:59,Midday / afternoon,False,False,False,False
1342037,Non-casualty (towaway),Non-casualty (towaway),2024,2024,January,Friday,12:00 - 13:59,NEWCASTLE,EXP,1200,North,PACIFIC HIGHWAY,OP,MOONEY MOONEY,6003.0,No,Not a school zone,Dual freeway,-33.519498,151.19655,Central Coast,Country non-urban,Syd-Newc-Woll Gtr conurbation,Curved,Steep grade,,,Unknown / not stated,Sealed,Dry,Fine,Daylight,Nil,No traffic controls,100 km/h,State,39,Other same direction,300,Same - other,,Other angle,Station wagon,Station wagon,2,0,0,0,0,1,January,Summer,Friday,12:00 - 13:59,Midday / afternoon,False,False,False,False
1342040,Non-casualty (towaway),Non-casualty (towaway),2024,2024,January,Friday,08:00 - 09:59,HARGRAVES,LANE,500,South,OXLEY,HWY,GILGANDRA,7526.0,No,Not a school zone,2-way undivided,-31.714743,148.653169,Gilgandra,Country urban,Rest of NSW - Urban,Curved,,,,Unknown / not stated,Sealed,Dry,Fine,Daylight,Nil,No traffic controls,60 km/h,Regional,88,Out of cont on bend,805,Out of control on bend,,Rollover,B-double (road train prior 98),,1,0,0,0,0,1,January,Summer,Friday,08:00 - 09:59,AM peak / school commute,True,False,False,False
1342042,Non-casualty (towaway),Non-casualty (towaway),2024,2024,January,Thursday,06:00 - 07:59,BLACKTOWN,RD,0,Right on the spot,LEABONS,LANE,SEVEN HILLS,644.0,No,Not a school zone,X-intersection,-33.779662,150.920452,Blacktown,Sydney metro. area,Syd-Newc-Woll Gtr conurbation,Straight,,,,Unknown / not stated,Sealed,Dry,Fine,Daylight,On,No traffic controls,60 km/h,State,31,Left rear,302,Same - Rear left,,Rear end,Car (sedan/hatch),Car (sedan/hatch),2,0,0,0,0,1,January,Summer,Thursday,06:00 - 07:59,AM peak / school commute,True,False,False,False
1342044,Non-casualty (towaway),Non-casualty (towaway),2024,2024,January,Wednesday,20:00 - 21:59,GOLDEN,HWY,0,Right on the spot,BRISBANE,ST,MERRIWA,27.0,No,Not a school zone,X-intersection,-32.140029,150.360594,Upper Hunter,Country urban,Rest of NSW - Urban,Straight,,,,Unknown / not stated,Sealed,Wet,Raining,Darkness,Nil,Give way sign,60 km/h,State,73,Off rd rght => obj,704,Right off cway into obj,,Vehicle - Object,Utility,,1,0,0,0,0,1,January,Summer,Wednesday,20:00 - 21:59,Evening / night,False,False,False,False
1342046,Non-casualty (towaway),Non-casualty (towaway),2024,2024,January,Sunday,20:00 - 21:59,OLD PROSPECT,RD,0,Right on the spot,NUMBER 16,HN,SOUTH WENTWORTHVILLE,,No,Not a school zone,2-way undivided,-33.817496,150.96735,Cumberland,Sydney metro. area,Syd-Newc-Woll Gtr conurbation,Straight,,,,Unknown / not stated,Sealed,Dry,Fine,Dusk,Nil,No traffic controls,50 km/h,Local,73,Off rd rght => obj,704,Right off cway into obj,,Vehicle - Object,4 wheel drive / SUV,,1,0,0,0,0,1,January,Summer,Sunday,20:00 - 21:59,Evening / night,False,False,False,False
1342050,Non-casualty (towaway),Non-casualty (towaway),2024,2024,January,Saturday,10:00 - 11:59,LITTLE,ST,85,South,BRUCE,ST,FORSTER,,No,Not a school zone,2-way undivided,-32.187141,152.511094,Mid-Coast,Country urban,Rest of NSW - Urban,Curved,,,,Unknown / not stated,Sealed,Dry,Overcast,Daylight,Nil,No traffic controls,40 km/h,Local,81,Off left/rt bnd=>obj,803,Off right bend into obj,Left,Vehicle - Object,4 wheel drive / SUV,,1,0,0,0,0,1,January,Summer,Saturday,10:00 - 11:59,Midday / afternoon,False,False,False,False
1342051,Non-casualty (towaway),Non-casualty (towaway),2024,2024,January,Tuesday,08:00 - 09:59,BRISBANE WATER,DR,0,Right on the spot,KULARA,AVE,WEST GOSFORD,349.0,No,Not a school zone,X-intersection,-33.429535,151.3167,Central Coast,Country urban,Syd-Newc-Woll Gtr conurbation,Straight,,,,Unknown / not stated,Sealed,Wet,Raining,Daylight,On,No traffic controls,60 km/h,State,30,Rear end,301,Same - Rear end,,Rear end,Light truck utility(from 2018),Passenger van,2,0,0,0,0,1,January,Summer,Tuesday,08:00 - 09:59,AM peak / school commute,True,False,False,False
1342052,Non-casualty (towaway),Non-casualty (towaway),2024,2024,January,Wednesday,08:00 - 09:59,PACIFIC,HWY,0,Right on the spot,WARNERS BAY ROAD,TO,CHARLESTOWN,10.0,No,Not a school zone,Divided road,-32.970015,151.692004,Lake Macquarie,Newcastle met. area,Syd-Newc-Woll Gtr conurbation,Curved,Embankment/cutting,,,Unknown / not stated,Sealed,Dry,Fine,Daylight,Unknown / not stated,No traffic controls,60 km/h,State,87,Off lft/lft bnd=>obj,804,Off left bend into obj,Left,Vehicle - Object,Car (sedan/hatch),,1,0,0,0,0,1,January,Summer,Wednesday,08:00 - 09:59,AM peak / school commute,True,False,False,False
1342053,Non-casualty (towaway),Non-casualty (towaway),2024,2024,January,Tuesday,18:00 - 19:59,CAMPBELL,ST,0,Right on the spot,CASTLEREAGH,ST,LIVERPOOL,,No,Not a school zone,X-intersection,-33.917393,150.921015,Liverpool,Sydney metro. area,Syd-Newc-Woll Gtr conurbation,Straight,,,,Unknown / not stated,Unsealed,Dry,Fine,Dusk,Nil,Give way sign,50 km/h,Local,13,Right near,104,Adj - Right-thru from right,,Right angle,Car (sedan/hatch),Car (sedan/hatch),2,0,0,0,0,1,January,Summer,Tuesday,18:00 - 19:59,PM peak / evening commute,True,False,False,False
1342055,Non-casualty (towaway),Non-casualty (towaway),2024,2024,January,Saturday,16:00 - 17:59,OLD NORTHERN,RD,0,Right on the spot,NUMBER 2690,HN,GLENORIE,160.0,No,Not a school zone,2-way undivided,-33.589778,151.009693,The Hills,Sydney metro. area,Syd-Newc-Woll Gtr conurbation,Straight,Driveway/entrance,,,Unknown / not stated,Sealed,Dry,Overcast,Daylight,Nil,No traffic controls,60 km/h,State,31,Left rear,302,Same - Rear left,,Rear end,Light truck utility(from 2018),Car (sedan/hatch),2,0,0,0,0,1,January,Summer,Saturday,16:00 - 17:59,PM peak / evening commute,True,False,False,False
1342057,Non-casualty (towaway),Non-casualty (towaway),2024,2024,January,Wednesday,10:00 - 11:59,FELLOWES,ST,10,North,ULICK,ST,MEREWETHER,,No,Not a school zone,T-junction,-32.936916,151.734782,Newcastle,Newcastle met. area,Syd-Newc-Woll Gtr conurbation,Straight,,,,Unknown / not stated,Sealed,Dry,Fine,Daylight,Nil,No traffic controls,50 km/h,Local,73,Off rd rght => obj,704,Right off cway into obj,,Other angle,Station wagon,Light truck utility(from 2018),2,0,0,0,0,1,January,Summer,Wednesday,10:00 - 11:59,Midday / afternoon,False,False,False,False
1342062,Non-casualty (towaway),Non-casualty (towaway),2024,2024,January,Wednesday,14:00 - 15:59,NARELLAN,RD,0,Right on the spot,KELLICAR,RD,CAMPBELLTOWN,178.0,No,Not a school zone,X-intersection,-34.072028,150.805665,Campbelltown,Sydney metro. area,Syd-Newc-Woll Gtr conurbation,Straight,,,,Unknown / not stated,Sealed,Dry,Fine,Daylight,On,No traffic controls,60 km/h,State,21,Right through,202,Opp - Right-thru,,Other angle,Car (sedan/hatch),Car (sedan/hatch),2,0,0,0,0,1,January,Summer,Wednesday,14:00 - 15:59,Midday / afternoon,False,False,False,False
1342063,Non-casualty (towaway),Non-casualty (towaway),2024,2024,January,Monday,16:00 - 17:59,ALBION,ST,10,South,NORTH,ST,KATOOMBA,,No,Not a school zone,L-junction,-33.700108,150.30982,Blue Mountains,Country urban,Syd-Newc-Woll Gtr conurbation,Curved,Steep grade,,,Unknown / not stated,Sealed,Wet,Raining,Daylight,Nil,No traffic controls,50 km/h,Local,20,Head on,201,Opp - Head on,,Head-on,Light truck utility(from 2018),4 wheel drive / SUV,2,0,0,0,0,1,January,Summer,Monday,16:00 - 17:59,PM peak / evening commute,True,False,False,False
1342064,Non-casualty (towaway),Non-casualty (towaway),2024,2024,January,Saturday,14:00 - 15:59,HUME,HWY,0,Right on the spot,WOOMARGAMA,WAY,WOOMARGAMA,2.0,No,Not a school zone,T-junction,-35.829844,147.226137,Greater Hume,Country non-urban,Rest of NSW - Rural,Straight,,,,Unknown / not stated,Sealed,Dry,Overcast,Daylight,Nil,Give way sign,110 km/h,State,88,Out of cont on bend,706,Left turn,,Rollover,4 wheel drive / SUV,,1,0,0,0,0,1,January,Summer,Saturday,14:00 - 15:59,Midday / afternoon,False,False,False,False
1342065,Non-casualty (towaway),Non-casualty (towaway),2024,2024,January,Saturday,14:00 - 15:59,CAIRDS,AVE,0,Right on the spot,NUMBER 37-38,HN,BANKSTOWN,,No,Not a school zone,2-way undivided,-33.909217,151.03121,Canterbury-Bankstown,Sydney metro. area,Syd-Newc-Woll Gtr conurbation,Curved,Driveway/entrance,,,Unknown / not stated,Sealed,Dry,Fine,Daylight,Nil,No traffic controls,50 km/h,Local,81,Off left/rt bnd=>obj,803,Off right bend into obj,Left,Other angle,Car (sedan/hatch),Utility,2,0,0,0,0,1,January,Summer,Saturday,14:00 - 15:59,Midday / afternoon,False,False,False,False
1342070,Non-casualty (towaway),Non-casualty (towaway),2024,2024,January,Sunday,14:00 - 15:59,MURRAY,RD,0,Right on the spot,PIONEER,RD,EAST CORRIMAL,,Yes,No,Roundabout,-34.376,150.908601,Wollongong,Wollongong met. area,Syd-Newc-Woll Gtr conurbation,Straight,,,,Unknown / not stated,Sealed,Dry,Fine,Daylight,Nil,Give way sign,60 km/h,Local,10,Cross traffic,101,Adj - Cross traffic,,Right angle,4 wheel drive / SUV,Car (sedan/hatch),2,0,0,0,0,1,January,Summer,Sunday,14:00 - 15:59,Midday / afternoon,False,False,False,False
1342071,Non-casualty (towaway),Non-casualty (towaway),2024,2024,January,Thursday,08:00 - 09:59,IN,ST,120,West,HERCULES,ST,WEST TAMWORTH,,No,Not a school zone,2-way undivided,-31.093716,150.913904,Tamworth Regional,Country urban,Rest of NSW - Urban,Straight,Driveway/entrance,,,Unknown / not stated,Sealed,Dry,Fine,Daylight,Nil,No traffic controls,50 km/h,Local,47,Emerging from drive,406,Manov - Emerging from driveway,,Right angle,Light truck utility(from 2018),Car (sedan/hatch),2,0,0,0,0,1,January,Summer,Thursday,08:00 - 09:59,AM peak / school commute,True,False,False,False
1342075,Non-casualty (towaway),Non-casualty (towaway),2024,2024,January,Monday,06:00 - 07:59,PACIFIC,HWY,0,Right on the spot,NEWCASTLE,EXP,OURIMBAH,10.0,No,Not a school zone,Roundabout,-33.345119,151.369684,Central Coast,Country urban,Syd-Newc-Woll Gtr conurbation,Straight,,,,Unknown / not stated,Sealed,Dry,Fine,Daylight,Nil,Give way sign,60 km/h,State,30,Rear end,301,Same - Rear end,,Rear end,Light truck,Motorcycle,2,0,0,0,0,1,January,Summer,Monday,06:00 - 07:59,AM peak / school commute,True,False,False,False
1342076,Non-casualty (towaway),Non-casualty (towaway),2024,2024,January,Tuesday,12:00 - 13:59,PACIFIC,HWY,8000,North,THE LAKES,WAY,TOPI TOPI,10.0,No,Not a school zone,Divided road,-32.356828,152.308627,Mid-Coast,Country non-urban,Rest of NSW - Rural,Curved,,,,Unknown / not stated,Sealed,Dry,Fine,Daylight,Nil,No traffic controls,110 km/h,State,20,Head on,201,Opp - Head on,,Head-on,4 wheel drive / SUV,4 wheel drive / SUV,2,0,0,0,0,1,January,Summer,Tuesday,12:00 - 13:59,Midday / afternoon,False,False,False,False
1342085,Non-casualty (towaway),Non-casualty (towaway),2024,2024,January,Sunday,22:00 - Midnight,CARLTON,PDE,0,Right on the spot,HIGH,ST,CARLTON,,No,Not a school zone,T-junction,-33.968556,151.121854,Bayside,Sydney metro. area,Syd-Newc-Woll Gtr conurbation,Straight,,,,Unknown / not stated,Sealed,Wet,Raining,Darkness,Nil,Give way sign,50 km/h,Local,85,Off rt/lft bnd=>obj,706,Left turn,Right,Vehicle - Object,Car (sedan/hatch),,1,0,0,0,0,1,January,Summer,Sunday,22:00 - Midnight,Evening / night,False,False,False,False
1342093,Non-casualty (towaway),Non-casualty (towaway),2024,2024,January,Saturday,14:00 - 15:59,PROVIDENCE,RD,0,Right on the spot,NUMBER 38A,HN,RYDE,,No,Not a school zone,2-way undivided,-33.815082,151.11734,Ryde,Sydney metro. area,Syd-Newc-Woll Gtr conurbation,Straight,Steep grade,,,Unknown / not stated,Sealed,Dry,Fine,Daylight,Nil,No traffic controls,50 km/h,Local,71,Off rd left => obj,703,Left off cway into object,,Other angle,Car (sedan/hatch),Car (sedan/hatch),2,0,0,0,0,1,January,Summer,Saturday,14:00 - 15:59,Midday / afternoon,False,False,False,False
1342095,Non-casualty (towaway),Non-casualty (towaway),2024,2024,January,Friday,18:00 - 19:59,PRINCE,ST,0,Right on the spot,OLIVER,ST,GRAFTON,,No,Not a school zone,X-intersection,-29.686441,152.937265,Clarence Valley,Country urban,Rest of NSW - Urban,Straight,,,,Unknown / not stated,Sealed,Dry,Fine,Unknown,Nil,Give way sign,50 km/h,Local,10,Cross traffic,101,Adj - Cross traffic,,Right angle,Car (sedan/hatch),4 wheel drive / SUV,2,0,0,0,0,1,January,Summer,Friday,18:00 - 19:59,PM peak / evening commute,True,False,False,False
1342098,Non-casualty (towaway),Non-casualty (towaway),2024,2024,January,Sunday,08:00 - 09:59,BRASSILS CREEK,RD,555,North,WARBRO BROOK,RD,TOOROOKA,,No,Not a school zone,2-way undivided,-30.905288,152.561284,Kempsey,Country non-urban,Rest of NSW - Rural,Curved,,,,Unknown / not stated,Sealed,Dry,Fine,Daylight,Nil,No traffic controls,100 km/h,Local,84,Off right/left bend,802,Off cway left bend,Right,Rollover,4 wheel drive / SUV,,1,0,0,0,0,1,January,Summer,Sunday,08:00 - 09:59,AM peak / school commute,True,False,False,False
1342103,Non-casualty (towaway),Non-casualty (towaway),2024,2024,January,Friday,16:00 - 17:59,PYRMONT,ST,0,Right on the spot,NUMBER 102,HN,PYRMONT,,No,Not a school zone,2-way undivided,-33.870418,151.195511,Sydney,Sydney metro. area,Syd-Newc-Woll Gtr conurbation,Straight,Painted double centre lines,,,Unknown / not stated,Sealed,Dry,Fine,Daylight,Nil,No traffic controls,40 km/h,Local,42,Leaving parking,401,Manov - Leaving parking,,Other angle,Car (sedan/hatch),Passenger van,3,0,0,0,0,1,January,Summer,Friday,16:00 - 17:59,PM peak / evening commute,True,False,False,False
1342104,Non-casualty (towaway),Non-casualty (towaway),2024,2024,January,Wednesday,12:00 - 13:59,BOURKE,ST,0,Right on the spot,CHURCH,ST,NORTH WOLLONGONG,581.0,No,Not a school zone,T-junction,-34.414655,150.897667,Wollongong,Wollongong met. area,Syd-Newc-Woll Gtr conurbation,Straight,,,,Unknown / not stated,Sealed,Dry,Overcast,Daylight,Nil,Stop sign,50 km/h,State,87,Off lft/lft bnd=>obj,706,Left turn,Left,Vehicle - Object,B-double (road train prior 98),,1,0,0,0,0,1,January,Summer,Wednesday,12:00 - 13:59,Midday / afternoon,False,False,False,False
1342105,Non-casualty (towaway),Non-casualty (towaway),2024,2024,January,Thursday,08:00 - 09:59,FIRST,ST,0,Right on the spot,FRANCIS,ST,CARDIFF SOUTH,,No,Not a school zone,T-junction,-32.947635,151.662611,Lake Macquarie,Newcastle met. area,Syd-Newc-Woll Gtr conurbation,Straight,,,,Unknown / not stated,Sealed,Dry,Fine,Daylight,Nil,Give way sign,50 km/h,Local,21,Right through,202,Opp - Right-thru,,Other angle,Car (sedan/hatch),4 wheel drive / SUV,2,0,0,0,0,1,January,Summer,Thursday,08:00 - 09:59,AM peak / school commute,True,False,False,False
1342108,Non-casualty (towaway),Non-casualty (towaway),2024,2024,January,Thursday,10:00 - 11:59,OCEAN,ST,0,Right on the spot,NUMBER 120,HN,WOOLLAHRA,7330.0,No,Not a school zone,2-way undivided,-33.881997,151.238323,Woollahra,Sydney metro. area,Syd-Newc-Woll Gtr conurbation,Straight,,,,Unknown / not stated,Sealed,Dry,Overcast,Daylight,Nil,No traffic controls,50 km/h,Regional,71,Off rd left => obj,703,Left off cway into object,,Other angle,Car (sedan/hatch),Car (sedan/hatch),2,0,0,0,0,1,January,Summer,Thursday,10:00 - 11:59,Midday / afternoon,False,False,False,False
1342125,Non-casualty (towaway),Non-casualty (towaway),2024,2024,January,Wednesday,14:00 - 15:59,PACIFIC,HWY,0,Right on the spot,TAMARIND DRIVE,TO,CUMBALUM,10.0,No,Not a school zone,Divided road,-28.81849,153.528484,Ballina,Country non-urban,Rest of NSW - Rural,Straight,Climb/merge lane,,,Unknown / not stated,Sealed,Dry,Fine,Daylight,Nil,No traffic controls,110 km/h,State,34,Lane change right,306,Same - Lane change right,,Other angle,Car (sedan/hatch),Car (sedan/hatch),2,0,0,0,0,1,January,Summer,Wednesday,14:00 - 15:59,Midday / afternoon,False,False,False,False
1342127,Non-casualty (towaway),Non-casualty (towaway),2024,2024,January,Monday,20:00 - 21:59,LUCCA,RD,0,Right on the spot,NUMBER 4,HN,WYONG,,No,Not a school zone,2-way undivided,-33.26707,151.441933,Central Coast,Country urban,Syd-Newc-Woll Gtr conurbation,Straight,Driveway/entrance,,,Unknown / not stated,Sealed,Wet,Raining,Darkness,Nil,No traffic controls,60 km/h,Local,93,Pkd veh runaway=>obj,906,Parked vehicle ran away,,Vehicle - Object,Semi-trailer,,1,0,0,0,0,1,January,Summer,Monday,20:00 - 21:59,Evening / night,False,False,False,False
1342128,Non-casualty (towaway),Non-casualty (towaway),2024,2024,January,Friday,14:00 - 15:59,ROOTY HILL,RD,200,South,RICHMOND,RD,OAKHURST,537.0,No,Not a school zone,Divided road,-33.734141,150.84688,Blacktown,Sydney metro. area,Syd-Newc-Woll Gtr conurbation,Curved,,,,Unknown / not stated,Sealed,Dry,Fine,Daylight,Nil,No traffic controls,60 km/h,State,30,Rear end,301,Same - Rear end,,Rear end,Light truck,Car (sedan/hatch),3,0,0,0,0,1,January,Summer,Friday,14:00 - 15:59,Midday / afternoon,False,False,False,False