crash_id,degree_of_crash,degree_of_crash_-_detailed,reporting_year,year_of_crash,month_of_crash,day_of_week_of_crash,two-hour_intervals,street_of_crash,street_type,distance,direction,identifying_feature,identifying_feature_type,town,route_no.,school_zone_location,school_zone_active,type_of_location,latitude,longitude,lga,urbanisation,conurbation_1,alignment,primary_permanent_feature,primary_temporary_feature,primary_hazardous_feature,street_lighting,road_surface,surface_condition,weather,natural_lighting,signals_operation,other_traffic_control,speed_limit,road_classification_(admin),rum_-_code,rum_-_description,dca_-_code,dca_-_description,dca_supplement,first_impact_type,key_tu_type,other_tu_type,no._of_traffic_units_involved,no._killed,no._seriously_injured,no._moderately_injured,no._minor-other_injured,month_num,month_label,season,day_label,time_label,time_band,is_peak_commute,is_fatal,is_injury,is_casualty
1342147,Non-casualty (towaway),Non-casualty (towaway),2024,2024,January,Tuesday,00:01 - 01:59,EWINGSDALE,RD,0,Right on the spot,BAYSHORE,DR,BYRON BAY,545.0,No,Not a school zone,Roundabout,-28.637928,153.581555,Byron,Country urban,Rest of NSW - Urban,Straight,,,,Nil,Sealed,Wet,Raining,Darkness,Nil,Give way sign,60 km/h,Regional,70,Off road to left,701,Off carriageway to left,,Rollover,Car (sedan/hatch),,1,0,0,0,0,1,January,Summer,Tuesday,00:01 - 01:59,Late night / early morning,False,False,False,False
1342155,Non-casualty (towaway),Non-casualty (towaway),2024,2024,January,Friday,18:00 - 19:59,OXLEY,HWY,215,South,MARTHAGUY,RD,RED HILL,11.0,No,Not a school zone,2-way undivided,-31.714528,147.817762,Warren,Country urban,Rest of NSW - Urban,Curved,,,,Unknown / not stated,Sealed,Dry,Fine,Daylight,Nil,No traffic controls,80 km/h,State,87,Off lft/lft bnd=>obj,804,Off left bend into obj,Left,Vehicle - Object,Station wagon,,1,0,0,0,0,1,January,Summer,Friday,18:00 - 19:59,PM peak / evening commute,True,False,False,False
1342168,Non-casualty (towaway),Non-casualty (towaway),2024,2024,January,Sunday,00:01 - 01:59,NEW SOUTH HEAD,RD,20,South,CLAIRVAUX,RD,VAUCLUSE,173.0,No,Not a school zone,2-way undivided,-33.861154,151.271961,Woollahra,Sydney metro. area,Syd-Newc-Woll Gtr conurbation,Curved,,Police pursuit,,On,Sealed,Wet,Fine,Darkness,Nil,No traffic controls,50 km/h,State,87,Off lft/lft bnd=>obj,804,Off left bend into obj,Left,Vehicle - Object,4 wheel drive / SUV,,1,0,0,0,0,1,January,Summer,Sunday,00:01 - 01:59,Late night / early morning,False,False,False,False
1342195,Non-casualty (towaway),Non-casualty (towaway),2024,2024,January,Sunday,22:00 - Midnight,ROBERTS,AVE,0,Right on the spot,NUMBER 32,HN,BARRACK HEIGHTS,,Yes,No,2-way undivided,-34.562277,150.85667,Shellharbour,Wollongong met. area,Syd-Newc-Woll Gtr conurbation,Straight,,,,On,Sealed,Dry,Fine,Darkness,Nil,No traffic controls,50 km/h,Local,71,Off rd left => obj,703,Left off cway into object,,Other angle,Light truck,Car (sedan/hatch),2,0,0,0,0,1,January,Summer,Sunday,22:00 - Midnight,Evening / night,False,False,False,False
1342201,Non-casualty (towaway),Non-casualty (towaway),2024,2024,January,Saturday,00:01 - 01:59,ADELAIDE,ST,30,North,THE PENINSULA,MS,KILLARNEY VALE,,No,Not a school zone,2-way undivided,-33.356707,151.451259,Central Coast,Country urban,Syd-Newc-Woll Gtr conurbation,Straight,,Police pursuit,,On,Unsealed,Dry,Fine,Darkness,Nil,No traffic controls,50 km/h,Local,75,Off end of road,709,Off end cway or T junct,,Vehicle - Object,Car (sedan/hatch),,1,0,0,0,0,1,January,Summer,Saturday,00:01 - 01:59,Late night / early morning,False,False,False,False
1342212,Non-casualty (towaway),Non-casualty (towaway),2024,2024,January,Sunday,00:01 - 01:59,HILL,ST,0,Right on the spot,MACKENZIE,ST,LEICHHARDT,,No,Not a school zone,T-junction,-33.880306,151.161398,Inner West,Sydney metro. area,Syd-Newc-Woll Gtr conurbation,Straight,,,,On,Sealed,Dry,Fine,Darkness,Nil,No traffic controls,50 km/h,Local,73,Off rd rght => obj,704,Right off cway into obj,,Other angle,Unknown motor vehicle,Car (sedan/hatch),3,0,0,0,0,1,January,Summer,Sunday,00:01 - 01:59,Late night / early morning,False,False,False,False
1342240,Non-casualty (towaway),Non-casualty (towaway),2024,2024,January,Sunday,16:00 - 17:59,STACEY,ST,25,South,HUME,HWY,BANKSTOWN,190.0,No,Not a school zone,Divided road,-33.906227,151.040202,Canterbury-Bankstown,Sydney metro. area,Syd-Newc-Woll Gtr conurbation,Straight,,,,Off,Sealed,Dry,Fine,Daylight,Nil,No traffic controls,60 km/h,State,30,Rear end,301,Same - Rear end,,Rear end,Car (sedan/hatch),Car (sedan/hatch),7,0,0,0,0,1,January,Summer,Sunday,16:00 - 17:59,PM peak / evening commute,True,False,False,False
1342250,Non-casualty (towaway),Non-casualty (towaway),2024,2024,January,Wednesday,04:00 - 05:59,ROUND MOUNTAIN,RD,0,Right on the spot,NUMBER 757,HN,RESERVE CREEK,,No,Not a school zone,2-way undivided,-28.348225,153.515103,Tweed,Country non-urban,Rest of NSW - Rural,Straight,Steep grade,,,Unknown / not stated,Sealed,Unknown,Unknown,Darkness,Nil,No traffic controls,100 km/h,Local,71,Off rd left => obj,703,Left off cway into object,,Vehicle - Object,Car (sedan/hatch),,1,0,0,0,0,1,January,Summer,Wednesday,04:00 - 05:59,Late night / early morning,False,False,False,False
1342252,Non-casualty (towaway),Non-casualty (towaway),2024,2024,January,Friday,06:00 - 07:59,LOBELIA,CRES,0,Right on the spot,NUMBER 6,HN,CASUARINA,,No,Not a school zone,2-way undivided,-28.288418,153.571406,Tweed,Country urban,Rest of NSW - Urban,Curved,,,,Nil,Sealed,Dry,Fine,Daylight,Nil,No traffic controls,50 km/h,Local,49,Other manoeuvring,400,Manov - other,,Other angle,Pedal cycle,Light truck utility(from 2018),2,0,0,0,0,1,January,Summer,Friday,06:00 - 07:59,AM peak / school commute,True,False,False,False
1342270,Non-casualty (towaway),Non-casualty (towaway),2024,2024,January,Monday,12:00 - 13:59,HEREWARD,ST,30,South,MAROUBRA,RD,MAROUBRA,,No,Not a school zone,2-way undivided,-33.944209,151.256723,Randwick,Sydney metro. area,Syd-Newc-Woll Gtr conurbation,Straight,,,,On,Sealed,Dry,Fine,Daylight,Nil,No traffic controls,50 km/h,Local,49,Other manoeuvring,400,Manov - other,,Other angle,Unknown type,Car (sedan/hatch),2,0,0,0,0,1,January,Summer,Monday,12:00 - 13:59,Midday / afternoon,False,False,False,False
1342285,Non-casualty (towaway),Non-casualty (towaway),2024,2024,January,Friday,10:00 - 11:59,NEWCASTLE,EXP,500,South,WYONG ROAD,OP,TUGGERAH,6003.0,No,Not a school zone,Dual freeway,-33.309138,151.400731,Central Coast,Country non-urban,Syd-Newc-Woll Gtr conurbation,Straight,,,,Nil,Sealed,Dry,Fine,Daylight,Nil,No traffic controls,110 km/h,State,91,Object struck veh,610,On path - Load hit vehicle,,Vehicle - Object,4 wheel drive / SUV,Unknown motor vehicle,2,0,0,0,0,1,January,Summer,Friday,10:00 - 11:59,Midday / afternoon,False,False,False,False
1342287,Non-casualty (towaway),Non-casualty (towaway),2024,2024,January,Thursday,18:00 - 19:59,CANTERBURY,RD,0,Right on the spot,BURWOOD,RD,BELMORE,167.0,Yes,No,T-junction,-33.924148,151.091089,Canterbury-Bankstown,Sydney metro. area,Syd-Newc-Woll Gtr conurbation,Straight,Foot/cycle path/nature strip,,,Nil,Sealed,Dry,Fine,Dusk,On,No traffic controls,60 km/h,State,81,Off left/rt bnd=>obj,707,Right turn,Left,Vehicle - Object,Car (sedan/hatch),,1,0,0,0,0,1,January,Summer,Thursday,18:00 - 19:59,PM peak / evening commute,True,False,False,False
1342288,Non-casualty (towaway),Non-casualty (towaway),2024,2024,January,Tuesday,00:01 - 01:59,HOGBIN,DR,40,South,TWENTY FIRST,AVE,SAWTELL,540.0,No,Not a school zone,2-way undivided,-30.362588,153.102493,Coffs Harbour,Country urban,Rest of NSW - Urban,Straight,Steep grade,,,Nil,Sealed,Dry,Fine,Darkness,Nil,No traffic controls,50 km/h,Regional,73,Off rd rght => obj,704,Right off cway into obj,,Other angle,Unknown motor vehicle,Car (sedan/hatch),2,0,0,0,0,1,January,Summer,Tuesday,00:01 - 01:59,Late night / early morning,False,False,False,False
1342304,Non-casualty (towaway),Non-casualty (towaway),2024,2024,January,Thursday,02:00 - 03:59,PITTWATER,RD,100,South,ARNOTT,CRES,WARRIEWOOD,164.0,No,Not a school zone,Divided road,-33.694235,151.303138,Northern Beaches,Sydney metro. area,Syd-Newc-Woll Gtr conurbation,Straight,,,,On,Sealed,Dry,Fine,Darkness,Nil,No traffic controls,70 km/h,State,73,Off rd rght => obj,704,Right off cway into obj,,Vehicle - Object,4 wheel drive / SUV,,1,0,0,0,0,1,January,Summer,Thursday,02:00 - 03:59,Late night / early morning,False,False,False,False
1342306,Non-casualty (towaway),Non-casualty (towaway),2024,2024,January,Wednesday,06:00 - 07:59,WOLLOMBI,RD,500,South,OLD NORTH,RD,FARLEY,,No,Not a school zone,2-way undivided,-32.734429,151.484726,Maitland,Country urban,Rest of NSW - Urban,Straight,Steep grade,,,Nil,Sealed,Dry,Fine,Daylight,Nil,No traffic controls,80 km/h,Local,93,Pkd veh runaway=>obj,906,Parked vehicle ran away,,Other angle,Semi-trailer,Light truck utility(from 2018),2,0,0,0,0,1,January,Summer,Wednesday,06:00 - 07:59,AM peak / school commute,True,False,False,False
1342481,Non-casualty (towaway),Non-casualty (towaway),2024,2024,January,Wednesday,10:00 - 11:59,YALWAL,RD,100,East,CABBAGE TREE,LANE,MUNDAMIA,,No,Not a school zone,2-way undivided,-34.893294,150.559388,Shoalhaven,Country non-urban,Rest of NSW - Rural,Straight,,,,Unknown / not stated,Sealed,Dry,Fine,Daylight,Nil,No traffic controls,100 km/h,Local,71,Off rd left => obj,703,Left off cway into object,,Vehicle - Object,4 wheel drive / SUV,,1,0,0,0,0,1,January,Summer,Wednesday,10:00 - 11:59,Midday / afternoon,False,False,False,False
1342485,Non-casualty (towaway),Non-casualty (towaway),2024,2024,January,Friday,16:00 - 17:59,DALLINGER,RD,0,Right on the spot,RACECOURSE,RD,LAVINGTON,,No,Not a school zone,Roundabout,-36.05111,146.957774,Albury,Country urban,Rest of NSW - Urban,Straight,Embankment/cutting,,,Unknown / not stated,Sealed,Dry,Fine,Daylight,Nil,Give way sign,60 km/h,Local,71,Off rd left => obj,703,Left off cway into object,,Vehicle - Object,Station wagon,,1,0,0,0,0,1,January,Summer,Friday,16:00 - 17:59,PM peak / evening commute,True,False,False,False
1342489,Non-casualty (towaway),Non-casualty (towaway),2024,2024,January,Tuesday,12:00 - 13:59,MILITARY,RD,20,East,BRADY,ST,MOSMAN,164.0,No,Not a school zone,2-way undivided,-33.824443,151.240248,Mosman,Sydney metro. area,Syd-Newc-Woll Gtr conurbation,Straight,Painted double centre lines,,,Off,Sealed,Dry,Fine,Daylight,Nil,No traffic controls,60 km/h,State,20,Head on,201,Opp - Head on,,Head-on,Unknown motor vehicle,Car (sedan/hatch),2,0,0,0,0,1,January,Summer,Tuesday,12:00 - 13:59,Midday / afternoon,False,False,False,False
1342490,Non-casualty (towaway),Non-casualty (towaway),2024,2024,January,Sunday,22:00 - Midnight,WHITELEY,ST,30,East,SIMPSON,ST,WELLINGTON,,Yes,No,2-way undivided,-32.547932,148.949182,Dubbo Regional,Country urban,Rest of NSW - Urban,Straight,,Previous crash,,Nil,Sealed,Wet,Raining,Darkness,Nil,No traffic controls,50 km/h,Local,71,Off rd left => obj,703,Left off cway into object,,Other angle,Car (sedan/hatch),Light truck utility(from 2018),2,0,0,0,0,1,January,Summer,Sunday,22:00 - Midnight,Evening / night,False,False,False,False
1342493,Non-casualty (towaway),Non-casualty (towaway),2024,2024,January,Sunday,22:00 - Midnight,BLACKWALL POINT,LANE,0,Right on the spot,ORANGE GROVE,RD,BLACKWALL,,No,Not a school zone,T-junction,-33.502475,151.336187,Central Coast,Country urban,Syd-Newc-Woll Gtr conurbation,Curved,Crest,,,On,Sealed,Dry,Fine,Darkness,Nil,No traffic controls,50 km/h,Local,81,Off left/rt bnd=>obj,803,Off right bend into obj,Left,Vehicle - Object,Station wagon,,1,0,0,0,0,1,January,Summer,Sunday,22:00 - Midnight,Evening / night,False,False,False,False
1342501,Non-casualty (towaway),Non-casualty (towaway),2024,2024,January,Monday,06:00 - 07:59,PICTON,RD,0,Right on the spot,MOUNT KEIRA,RD,CATARACT,95.0,No,Not a school zone,T-junction,-34.374944,150.831005,Wollongong,Wollongong met. area,Syd-Newc-Woll Gtr conurbation,Curved,,,,Unknown / not stated,Sealed,Wet,Raining,Daylight,Nil,Stop sign,100 km/h,State,87,Off lft/lft bnd=>obj,804,Off left bend into obj,Left,Vehicle - Object,Large rigid,,1,0,0,0,0,1,January,Summer,Monday,06:00 - 07:59,AM peak / school commute,True,False,False,False
1342521,Non-casualty (towaway),Non-casualty (towaway),2024,2024,January,Saturday,16:00 - 17:59,JINGELLIC,RD,4000,East,ANNANDAYLE,RD,WANTAGONG,331.0,No,Not a school zone,2-way undivided,-35.761974,147.419572,Greater Hume,Country non-urban,Rest of NSW - Rural,Curved,Embankment/cutting,,,Unknown / not stated,Sealed,Dry,Fine,Daylight,Nil,No traffic controls,100 km/h,Regional,83,Off rt/rt bnd=>obj,803,Off right bend into obj,Right,Vehicle - Object,Light truck utility(from 2018),,1,0,0,0,0,1,January,Summer,Saturday,16:00 - 17:59,PM peak / evening commute,True,False,False,False
1342525,Non-casualty (towaway),Non-casualty (towaway),2024,2024,January,Wednesday,14:00 - 15:59,JOSEPH,ST,0,Right on the spot,MARSH,PL,LANE COVE,,No,Not a school zone,T-junction,-33.817017,151.177089,Lane Cove,Sydney metro. area,Syd-Newc-Woll Gtr conurbation,Straight,Steep grade,,,Unknown / not stated,Sealed,Dry,Fine,Daylight,Nil,No traffic controls,40 km/h,Local,20,Head on,201,Opp - Head on,,Head-on,Light truck,Car (sedan/hatch),6,0,0,0,0,1,January,Summer,Wednesday,14:00 - 15:59,Midday / afternoon,False,False,False,False
1342526,Non-casualty (towaway),Non-casualty (towaway),2024,2024,January,Friday,16:00 - 17:59,OLD HUME,HWY,100,South,ROSALIE,AVE,CAMDEN,7181.0,Yes,No,2-way undivided,-34.069086,150.694193,Camden,Sydney metro. area,Syd-Newc-Woll Gtr conurbation,Straight,,,,Unknown / not stated,Sealed,Dry,Fine,Daylight,Nil,No traffic controls,50 km/h,Regional,71,Off rd left => obj,703,Left off cway into object,,Other angle,Car (sedan/hatch),Station wagon,2,0,0,0,0,1,January,Summer,Friday,16:00 - 17:59,PM peak / evening commute,True,False,False,False
1342527,Non-casualty (towaway),Non-casualty (towaway),2024,2024,January,Monday,00:01 - 01:59,BALMORAL,ST,0,Right on the spot,RICHMOND,RD,BLACKTOWN,683.0,No,Not a school zone,X-intersection,-33.766842,150.905348,Blacktown,Sydney metro. area,Syd-Newc-Woll Gtr conurbation,Straight,,,,Unknown / not stated,Sealed,Dry,Fine,Darkness,On,No traffic controls,60 km/h,State,21,Right through,202,Opp - Right-thru,,Other angle,Car (sedan/hatch),Car (sedan/hatch),2,0,0,0,0,1,January,Summer,Monday,00:01 - 01:59,Late night / early morning,False,False,False,False
1342528,Non-casualty (towaway),Non-casualty (towaway),2024,2024,January,Wednesday,22:00 - Midnight,TINDALL,ST,0,Right on the spot,KELLICAR,RD,CAMPBELLTOWN,179.0,No,Not a school zone,X-intersection,-34.072986,150.80357,Campbelltown,Sydney metro. area,Syd-Newc-Woll Gtr conurbation,Straight,,,,Unknown / not stated,Sealed,Dry,Fine,Darkness,On,No traffic controls,60 km/h,State,13,Right near,104,Adj - Right-thru from right,,Right angle,Light truck,Car (sedan/hatch),2,0,0,0,0,1,January,Summer,Wednesday,22:00 - Midnight,Evening / night,False,False,False,False
1342555,Non-casualty (towaway),Non-casualty (towaway),2024,2024,January,Saturday,10:00 - 11:59,PACIFIC,HWY,0,Right on the spot,RYDE,RD,PYMBLE,10.0,No,Not a school zone,T-junction,-33.751128,151.147306,Ku-ring-gai,Sydney metro. area,Syd-Newc-Woll Gtr conurbation,Curved,Other bridge,,,Unknown / not stated,Sealed,Dry,Overcast,Daylight,Unknown / not stated,No traffic controls,60 km/h,State,30,Rear end,301,Same - Rear end,,Rear end,4 wheel drive / SUV,Station wagon,2,0,0,0,0,1,January,Summer,Saturday,10:00 - 11:59,Midday / afternoon,False,False,False,False
1342557,Non-casualty (towaway),Non-casualty (towaway),2024,2024,January,Monday,08:00 - 09:59,GENERAL HOLMES,DR,0,Right on the spot,BUTLER ROAD,TO,MASCOT,194.0,No,Not a school zone,Divided road,-33.944633,151.187359,Bayside,Sydney metro. area,Syd-Newc-Woll Gtr conurbation,Straight,,,,Unknown / not stated,Sealed,Dry,Fine,Daylight,Nil,No traffic controls,70 km/h,State,34,Lane change right,306,Same - Lane change right,,Other angle,Station wagon,Car (sedan/hatch),2,0,0,0,0,1,January,Summer,Monday,08:00 - 09:59,AM peak / school commute,True,False,False,False
1342559,Non-casualty (towaway),Non-casualty (towaway),2024,2024,January,Thursday,10:00 - 11:59,MONARO,HWY,800,North,BURNIMA,RD,BOMBALA,19.0,No,Not a school zone,2-way undivided,-36.865005,149.262048,Snowy Monaro Regional,Country non-urban,Rest of NSW - Rural,Curved,Embankment/cutting,,,Unknown / not stated,Sealed,Wet,Raining,Daylight,Nil,No traffic controls,100 km/h,State,81,Off left/rt bnd=>obj,803,Off right bend into obj,Left,Vehicle - Object,Car (sedan/hatch),,1,0,0,0,0,1,January,Summer,Thursday,10:00 - 11:59,Midday / afternoon,False,False,False,False
1342561,Non-casualty (towaway),Non-casualty (towaway),2024,2024,January,Tuesday,10:00 - 11:59,FIGTREE,BVD,0,Right on the spot,VAN STAPPEN,RD,WADALBA,,No,Not a school zone,X-intersection,-33.265659,151.464071,Central Coast,Country urban,Syd-Newc-Woll Gtr conurbation,Straight,,,,Unknown / not stated,Sealed,Dry,Fine,Daylight,Nil,No traffic controls,50 km/h,Local,10,Cross traffic,101,Adj - Cross traffic,,Right angle,Light truck,Car (sedan/hatch),2,0,0,0,0,1,January,Summer,Tuesday,10:00 - 11:59,Midday / afternoon,False,False,False,False
1342567,Non-casualty (towaway),Non-casualty (towaway),2024,2024,January,Monday,12:00 - 13:59,BEXLEY,RD,0,Right on the spot,VICLIFFE,AVE,CAMPSIE,169.0,No,Not a school zone,T-junction,-33.922509,151.107116,Canterbury-Bankstown,Sydney metro. area,Syd-Newc-Woll Gtr conurbation,Straight,,,,Unknown / not stated,Sealed,Dry,Fine,Daylight,Nil,Give way sign,60 km/h,State,13,Right near,104,Adj - Right-thru from right,,Right angle,Car (sedan/hatch),Light truck utility(from 2018),2,0,0,0,0,1,January,Summer,Monday,12:00 - 13:59,Midday / afternoon,False,False,False,False
1342568,Non-casualty (towaway),Non-casualty (towaway),2024,2024,January,Sunday,14:00 - 15:59,BARTON,HWY,100,South,CHURCH,LANE,WALLAROO,15.0,No,Not a school zone,2-way undivided,-35.150629,149.056702,Yass Valley,Country urban,Rest of NSW - Urban,Straight,,,,Unknown / not stated,Sealed,Dry,Fine,Daylight,Nil,No traffic controls,80 km/h,State,30,Rear end,301,Same - Rear end,,Rear end,4 wheel drive / SUV,Car (sedan/hatch),2,0,0,0,0,1,January,Summer,Sunday,14:00 - 15:59,Midday / afternoon,False,False,False,False
1342572,Non-casualty (towaway),Non-casualty (towaway),2024,2024,January,Saturday,14:00 - 15:59,MACAULEY,ST,0,Right on the spot,SMOLLETT,ST,ALBURY,,No,Not a school zone,X-intersection,-36.083556,146.921733,Albury,Country urban,Rest of NSW - Urban,Straight,,,,Unknown / not stated,Sealed,Dry,Fine,Daylight,Nil,No traffic controls,50 km/h,Local,33,Lane sideswipe,305,Same - Lane side swipe,,Other angle,Car (sedan/hatch),Station wagon,2,0,0,0,0,1,January,Summer,Saturday,14:00 - 15:59,Midday / afternoon,False,False,False,False
1342573,Non-casualty (towaway),Non-casualty (towaway),2024,2024,January,Tuesday,08:00 - 09:59,SIMPSON HILL,RD,0,Right on the spot,NUMBER 9,HN,MOUNT DRUITT,,No,Not a school zone,2-way undivided,-33.77398,150.805876,Blacktown,Sydney metro. area,Syd-Newc-Woll Gtr conurbation,Straight,Embankment/cutting,,,Unknown / not stated,Sealed,Wet,Raining,Daylight,Nil,No traffic controls,50 km/h,Local,73,Off rd rght => obj,704,Right off cway into obj,,Vehicle - Object,Utility,,1,0,0,0,0,1,January,Summer,Tuesday,08:00 - 09:59,AM peak / school commute,True,False,False,False
1342578,Non-casualty (towaway),Non-casualty (towaway),2024,2024,January,Friday,18:00 - 19:59,CARLTON,CRES,50,East,WHARF,RD,KOGARAH BAY,,No,Not a school zone,2-way undivided,-33.987056,151.123687,Georges River,Sydney metro. area,Syd-Newc-Woll Gtr conurbation,Curved,,,,Unknown / not stated,Sealed,Dry,Fine,Dusk,Nil,No traffic controls,50 km/h,Local,85,Off rt/lft bnd=>obj,804,Off left bend into obj,Right,Other angle,Car (sedan/hatch),Car (sedan/hatch),2,0,0,0,0,1,January,Summer,Friday,18:00 - 19:59,PM peak / evening commute,True,False,False,False
1342579,Non-casualty (towaway),Non-casualty (towaway),2024,2024,January,Sunday,14:00 - 15:59,MOWBRAY,RD,0,Right on the spot,NUMBER 377-379,HN,CHATSWOOD,2092.0,No,Not a school zone,2-way undivided,-33.805568,151.177856,Willoughby,Sydney metro. area,Syd-Newc-Woll Gtr conurbation,Straight,,,,Unknown / not stated,Sealed,Dry,Fine,Daylight,Nil,No traffic controls,50 km/h,Regional,30,Rear end,301,Same - Rear end,,Rear end,Car (sedan/hatch),4 wheel drive / SUV,2,0,0,0,0,1,January,Summer,Sunday,14:00 - 15:59,Midday / afternoon,False,False,False,False
1342581,Non-casualty (towaway),Non-casualty (towaway),2024,2024,January,Tuesday,22:00 - Midnight,GIRARD,ST,50,North,WAINE,ST,FRESHWATER,,No,Not a school zone,2-way undivided,-33.779892,151.278787,Northern Beaches,Sydney metro. area,Syd-Newc-Woll Gtr conurbation,Straight,,,,Unknown / not stated,Sealed,Wet,Overcast,Darkness,Nil,No traffic controls,40 km/h,Local,71,Off rd left => obj,703,Left off cway into object,,Other angle,4 wheel drive / SUV,4 wheel drive / SUV,2,0,0,0,0,1,January,Summer,Tuesday,22:00 - Midnight,Evening / night,False,False,False,False
1342582,Non-casualty (towaway),Non-casualty (towaway),2024,2024,January,Wednesday,12:00 - 13:59,GRAZIER,RD,0,Right on the spot,NUMBER 15,HN,ROUSE HILL,,No,Not a school zone,Divided road,-33.692254,150.929216,The Hills,Sydney metro. area,Syd-Newc-Woll Gtr conurbation,Straight,,,,Unknown / not stated,Sealed,Dry,Fine,Daylight,Nil,No traffic controls,50 km/h,Local,45,Reversing,404,Manov - Reverse in traffic,,Other angle,4 wheel drive / SUV,Car (sedan/hatch),2,0,0,0,0,1,January,Summer,Wednesday,12:00 - 13:59,Midday / afternoon,False,False,False,False
1342591,Non-casualty (towaway),Non-casualty (towaway),2024,2024,January,Wednesday,10:00 - 11:59,PRINCES,RD,0,Right on the spot,WESTMINSTER,ST,SCHOFIELDS,,No,Not a school zone,X-intersection,-33.692428,150.868879,Blacktown,Sydney metro. area,Syd-Newc-Woll Gtr conurbation,Straight,,,,Unknown / not stated,Sealed,Dry,Fine,Daylight,Nil,Give way sign,50 km/h,Local,36,Right turn sideswipe,308,Same - Rgt turn side swipe,,Other angle,Light truck utility(from 2018),Motorcycle,2,0,0,0,0,1,January,Summer,Wednesday,10:00 - 11:59,Midday / afternoon,False,False,False,False
1342596,Non-casualty (towaway),Non-casualty (towaway),2024,2024,January,Tuesday,12:00 - 13:59,GWYDIR,HWY,8000,North,COOMBADJHA,RD,GIBRALTAR RANGE,12.0,No,Not a school zone,2-way undivided,-29.443054,152.387737,Glen Innes Severn,Country non-urban,Rest of NSW - Rural,Curved,,,,Unknown / not stated,Sealed,Wet,Raining,Daylight,Nil,No traffic controls,100 km/h,State,20,Head on,201,Opp - Head on,,Head-on,4 wheel drive / SUV,Semi-trailer,2,0,0,0,0,1,January,Summer,Tuesday,12:00 - 13:59,Midday / afternoon,False,False,False,False
1342598,Non-casualty (towaway),Non-casualty (towaway),2024,2024,February,Friday,10:00 - 11:59,GREAT WESTERN,HWY,0,Right on the spot,COL DREWE,DR,SOUTH BOWENFELS,5.0,No,Not a school zone,T-junction,-33.500116,150.128687,Lithgow,Country urban,Rest of NSW - Urban,Straight,,,,Unknown / not stated,Sealed,Dry,Fine,Daylight,Nil,Give way sign,70 km/h,State,21,Right through,202,Opp - Right-thru,,Other angle,Car (sedan/hatch),Light truck utility(from 2018),2,0,0,0,0,2,February,Summer,Friday,10:00 - 11:59,Midday / afternoon,False,False,False,False
1342600,Non-casualty (towaway),Non-casualty (towaway),2024,2024,January,Tuesday,22:00 - Midnight,PROSPECT,HWY,0,Right on the spot,WALL PARK,AVE,SEVEN HILLS,644.0,No,Not a school zone,T-junction,-33.777826,150.932134,Blacktown,Sydney metro. area,Syd-Newc-Woll Gtr conurbation,Straight,,,,Unknown / not stated,Sealed,Dry,Fine,Darkness,On,No traffic controls,60 km/h,State,49,Other manoeuvring,400,Manov - other,,Other angle,Car (sedan/hatch),,1,0,0,0,0,1,January,Summer,Tuesday,22:00 - Midnight,Evening / night,False,False,False,False
1342607,Non-casualty (towaway),Non-casualty (towaway),2024,2024,February,Friday,10:00 - 11:59,WINGHAM,RD,0,Right on the spot,KOLODONG,RD,TAREE,192.0,No,Not a school zone,T-junction,-31.874121,152.417422,Mid-Coast,Country urban,Rest of NSW - Urban,Straight,,,,Unknown / not stated,Sealed,Dry,Fine,Daylight,Nil,Give way sign,70 km/h,Regional,10,Cross traffic,101,Adj - Cross traffic,,Right angle,Car (sedan/hatch),Car (sedan/hatch),2,0,0,0,0,2,February,Summer,Friday,10:00 - 11:59,Midday / afternoon,False,False,False,False
1342608,Non-casualty (towaway),Non-casualty (towaway),2024,2024,January,Sunday,16:00 - 17:59,SCHOFIELDS,RD,0,Right on the spot,RAILWAY,TCE,SCHOFIELDS,687.0,No,Not a school zone,X-intersection,-33.701655,150.873382,Blacktown,Sydney metro. area,Syd-Newc-Woll Gtr conurbation,Straight,,,,Unknown / not stated,Sealed,Wet,Overcast,Daylight,On,No traffic controls,70 km/h,State,30,Rear end,301,Same - Rear end,,Rear end,4 wheel drive / SUV,4 wheel drive / SUV,2,0,0,0,0,1,January,Summer,Sunday,16:00 - 17:59,PM peak / evening commute,True,False,False,False
1342611,Non-casualty (towaway),Non-casualty (towaway),2024,2024,January,Friday,16:00 - 17:59,HARBOUR,BVD,0,Right on the spot,NUMBER 126,HN,SHELL COVE,,No,Not a school zone,2-way undivided,-34.591215,150.866322,Shellharbour,Wollongong met. area,Syd-Newc-Woll Gtr conurbation,Curved,,,,Unknown / not stated,Sealed,Dry,Fine,Daylight,Nil,No traffic controls,50 km/h,Local,81,Off left/rt bnd=>obj,803,Off right bend into obj,Left,Other angle,Light truck utility(from 2018),4 wheel drive / SUV,3,0,0,0,0,1,January,Summer,Friday,16:00 - 17:59,PM peak / evening commute,True,False,False,False