crash_id,degree_of_crash,degree_of_crash_-_detailed,reporting_year,year_of_crash,month_of_crash,day_of_week_of_crash,two-hour_intervals,street_of_crash,street_type,distance,direction,identifying_feature,identifying_feature_type,town,route_no.,school_zone_location,school_zone_active,type_of_location,latitude,longitude,lga,urbanisation,conurbation_1,alignment,primary_permanent_feature,primary_temporary_feature,primary_hazardous_feature,street_lighting,road_surface,surface_condition,weather,natural_lighting,signals_operation,other_traffic_control,speed_limit,road_classification_(admin),rum_-_code,rum_-_description,dca_-_code,dca_-_description,dca_supplement,first_impact_type,key_tu_type,other_tu_type,no._of_traffic_units_involved,no._killed,no._seriously_injured,no._moderately_injured,no._minor-other_injured,month_num,month_label,season,day_label,time_label,time_band,is_peak_commute,is_fatal,is_injury,is_casualty
1342612,Non-casualty (towaway),Non-casualty (towaway),2024,2024,January,Sunday,04:00 - 05:59,UPPER SERPENTINE,RD,0,Right on the spot,NUMBER 1,HN,GREENWICH,,No,Not a school zone,2-way undivided,-33.839765,151.180473,Lane Cove,Sydney metro. area,Syd-Newc-Woll Gtr conurbation,Straight,,,,Unknown / not stated,Sealed,Dry,Fine,Dawn,Nil,No traffic controls,50 km/h,Local,99,Unknown,907,Vehicle movements unknown,,Unknown,Car (sedan/hatch),,1,0,0,0,0,1,January,Summer,Sunday,04:00 - 05:59,Late night / early morning,False,False,False,False
1342615,Non-casualty (towaway),Non-casualty (towaway),2024,2024,January,Tuesday,06:00 - 07:59,VINE,ST,0,Right on the spot,CREBERT,ST,MAYFIELD,326.0,No,Not a school zone,X-intersection,-32.894706,151.739667,Newcastle,Newcastle met. area,Syd-Newc-Woll Gtr conurbation,Curved,,,,Unknown / not stated,Sealed,Dry,Fine,Daylight,Nil,No traffic controls,60 km/h,State,21,Right through,202,Opp - Right-thru,,Other angle,Light truck utility(from 2018),Car (sedan/hatch),2,0,0,0,0,1,January,Summer,Tuesday,06:00 - 07:59,AM peak / school commute,True,False,False,False
1342616,Non-casualty (towaway),Non-casualty (towaway),2024,2024,January,Friday,14:00 - 15:59,BYRNES,RD,0,Right on the spot,NUMBER 135,HN,NORTH WAGGA WAGGA,,No,Not a school zone,2-way undivided,-35.088049,147.405211,Wagga Wagga,Country urban,Rest of NSW - Urban,Straight,Crest,,,Unknown / not stated,Sealed,Dry,Fine,Daylight,Nil,No traffic controls,80 km/h,Local,30,Rear end,301,Same - Rear end,,Rear end,Light truck utility(from 2018),Car (sedan/hatch),2,0,0,0,0,1,January,Summer,Friday,14:00 - 15:59,Midday / afternoon,False,False,False,False
1342617,Non-casualty (towaway),Non-casualty (towaway),2024,2024,February,Thursday,06:00 - 07:59,FIVE ISLANDS,RD,0,Right on the spot,FIRST,ST,BOORAGUL,217.0,No,Not a school zone,Roundabout,-32.969705,151.606574,Lake Macquarie,Newcastle met. area,Syd-Newc-Woll Gtr conurbation,Curved,,,,Unknown / not stated,Sealed,Dry,Overcast,Daylight,Nil,Give way sign,70 km/h,State,13,Right near,104,Adj - Right-thru from right,,Right angle,4 wheel drive / SUV,Car (sedan/hatch),2,0,0,0,0,2,February,Summer,Thursday,06:00 - 07:59,AM peak / school commute,True,False,False,False
1342621,Non-casualty (towaway),Non-casualty (towaway),2024,2024,January,Thursday,10:00 - 11:59,WESTERN,EXP,500,West,CUMBERLAND HIGHWAY,OP,GREYSTANES,6004.0,No,Not a school zone,Dual freeway,-33.814763,150.958175,Cumberland,Sydney metro. area,Syd-Newc-Woll Gtr conurbation,Straight,,,,Unknown / not stated,Sealed,Dry,Fine,Daylight,Nil,No traffic controls,90 km/h,State,30,Rear end,301,Same - Rear end,,Rear end,Car (sedan/hatch),Light truck,2,0,0,0,0,1,January,Summer,Thursday,10:00 - 11:59,Midday / afternoon,False,False,False,False
1342622,Non-casualty (towaway),Non-casualty (towaway),2024,2024,January,Saturday,10:00 - 11:59,TURTON,RD,10,South,PLATT,ST,WARATAH,,No,Not a school zone,Roundabout,-32.901522,151.728981,Newcastle,Newcastle met. area,Syd-Newc-Woll Gtr conurbation,Straight,Foot/cycle path/nature strip,,,Unknown / not stated,Sealed,Dry,Fine,Daylight,Nil,Give way sign,50 km/h,Local,71,Off rd left => obj,703,Left off cway into object,,Vehicle - Object,Car (sedan/hatch),,1,0,0,0,0,1,January,Summer,Saturday,10:00 - 11:59,Midday / afternoon,False,False,False,False
1342629,Non-casualty (towaway),Non-casualty (towaway),2024,2024,January,Monday,20:00 - 21:59,BARRY,WAY,0,Right on the spot,TINWORTH,DR,JINDABYNE,7626.0,No,Not a school zone,T-junction,-36.43302,148.608454,Snowy Monaro Regional,Country non-urban,Rest of NSW - Rural,Straight,,,,Unknown / not stated,Sealed,Dry,Fine,Darkness,Nil,No traffic controls,100 km/h,Regional,75,Off end of road,709,Off end cway or T junct,,Vehicle - Object,Car (sedan/hatch),,1,0,0,0,0,1,January,Summer,Monday,20:00 - 21:59,Evening / night,False,False,False,False
1342633,Non-casualty (towaway),Non-casualty (towaway),2024,2024,January,Wednesday,06:00 - 07:59,M7 WESTLINK,EXP,1000,East,SEVEN HILLS ROAD,OP,BAULKHAM HILLS,6009.0,No,Not a school zone,Dual freeway,-33.764174,150.962699,The Hills,Sydney metro. area,Syd-Newc-Woll Gtr conurbation,Straight,,,,Unknown / not stated,Sealed,Dry,Overcast,Daylight,Nil,No traffic controls,100 km/h,State,30,Rear end,301,Same - Rear end,,Rear end,Light truck,Light truck,3,0,0,0,0,1,January,Summer,Wednesday,06:00 - 07:59,AM peak / school commute,True,False,False,False
1342638,Non-casualty (towaway),Non-casualty (towaway),2024,2024,January,Wednesday,16:00 - 17:59,THE RIVER,RD,15,North,DOYLE,RD,REVESBY,2068.0,Yes,No,2-way undivided,-33.945107,151.01806,Canterbury-Bankstown,Sydney metro. area,Syd-Newc-Woll Gtr conurbation,Straight,,,,Unknown / not stated,Sealed,Wet,Raining,Daylight,Nil,No traffic controls,60 km/h,Regional,35,Lane change left,307,Same - Lane change left,,Other angle,4 wheel drive / SUV,Car (sedan/hatch),2,0,0,0,0,1,January,Summer,Wednesday,16:00 - 17:59,PM peak / evening commute,True,False,False,False
1342647,Non-casualty (towaway),Non-casualty (towaway),2024,2024,January,Thursday,14:00 - 15:59,KAMILAROI,HWY,10,South,BARANBAH,ST,BAAN BAA,29.0,No,Not a school zone,X-intersection,-30.598298,149.952419,Narrabri,Country urban,Rest of NSW - Urban,Straight,,,,Unknown / not stated,Sealed,Dry,Fine,Daylight,Nil,Give way sign,80 km/h,State,39,Other same direction,300,Same - other,,Other angle,4 wheel drive / SUV,Light truck utility(from 2018),3,0,0,0,0,1,January,Summer,Thursday,14:00 - 15:59,Midday / afternoon,False,False,False,False
1342649,Non-casualty (towaway),Non-casualty (towaway),2024,2024,February,Thursday,16:00 - 17:59,KNOX,RD,300,South,POWER,ST,DOONSIDE,7153.0,No,Not a school zone,Divided road,-33.758,150.864098,Blacktown,Sydney metro. area,Syd-Newc-Woll Gtr conurbation,Straight,,,,Unknown / not stated,Sealed,Dry,Fine,Daylight,Nil,No traffic controls,60 km/h,Regional,33,Lane sideswipe,305,Same - Lane side swipe,,Other angle,Station wagon,4 wheel drive / SUV,3,0,0,0,0,2,February,Summer,Thursday,16:00 - 17:59,PM peak / evening commute,True,False,False,False
1342651,Non-casualty (towaway),Non-casualty (towaway),2024,2024,January,Thursday,18:00 - 19:59,JOHNSTON,ST,0,Right on the spot,NUMBER 180,HN,NORTH TAMWORTH,,No,Not a school zone,2-way undivided,-31.076169,150.92942,Tamworth Regional,Country urban,Rest of NSW - Urban,Straight,Driveway/entrance,,,Unknown / not stated,Sealed,Dry,Fine,Darkness,Nil,No traffic controls,50 km/h,Local,46,Reversing into obj,405,Manov - Reverse into fixed obj,,Other angle,Light truck utility(from 2018),Car (sedan/hatch),2,0,0,0,0,1,January,Summer,Thursday,18:00 - 19:59,PM peak / evening commute,True,False,False,False
1342653,Non-casualty (towaway),Non-casualty (towaway),2024,2024,January,Monday,16:00 - 17:59,BOUNDARY,ST,0,Right on the spot,ARCHBOLD,RD,ROSEVILLE,328.0,No,Not a school zone,T-junction,-33.7843,151.189511,Willoughby,Sydney metro. area,Syd-Newc-Woll Gtr conurbation,Straight,,,,Unknown / not stated,Sealed,Dry,Fine,Daylight,Unknown / not stated,No traffic controls,60 km/h,State,30,Rear end,301,Same - Rear end,,Rear end,Car (sedan/hatch),Light truck utility(from 2018),2,0,0,0,0,1,January,Summer,Monday,16:00 - 17:59,PM peak / evening commute,True,False,False,False
1342657,Non-casualty (towaway),Non-casualty (towaway),2024,2024,January,Saturday,14:00 - 15:59,PENDLE,WAY,0,Right on the spot,NUMBER 15,HN,PENDLE HILL,,Yes,No,2-way undivided,-33.810556,150.952722,Cumberland,Sydney metro. area,Syd-Newc-Woll Gtr conurbation,Straight,,,,Unknown / not stated,Sealed,Dry,Fine,Daylight,Nil,No traffic controls,50 km/h,Local,34,Lane change right,306,Same - Lane change right,,Other angle,4 wheel drive / SUV,Car (sedan/hatch),2,0,0,0,0,1,January,Summer,Saturday,14:00 - 15:59,Midday / afternoon,False,False,False,False
1342658,Non-casualty (towaway),Non-casualty (towaway),2024,2024,January,Saturday,14:00 - 15:59,ALFRED,ST,0,Right on the spot,LAVENDER,ST,LAVENDER BAY,,No,Not a school zone,Roundabout,-33.843674,151.210536,North Sydney,Sydney metro. area,Syd-Newc-Woll Gtr conurbation,Curved,,,,Unknown / not stated,Sealed,Dry,Fine,Daylight,Nil,Give way sign,50 km/h,Local,88,Out of cont on bend,707,Right turn,,Rollover,B-double (road train prior 98),,1,0,0,0,0,1,January,Summer,Saturday,14:00 - 15:59,Midday / afternoon,False,False,False,False
1342659,Non-casualty (towaway),Non-casualty (towaway),2024,2024,January,Monday,16:00 - 17:59,EWINGSDALE,RD,100,East,SUNRISE,BVD,BYRON BAY,545.0,No,Not a school zone,2-way undivided,-28.637459,153.593691,Byron,Country urban,Rest of NSW - Urban,Curved,,,,Unknown / not stated,Sealed,Dry,Fine,Daylight,Nil,No traffic controls,80 km/h,Regional,30,Rear end,301,Same - Rear end,,Rear end,Car (sedan/hatch),4 wheel drive / SUV,2,0,0,0,0,1,January,Summer,Monday,16:00 - 17:59,PM peak / evening commute,True,False,False,False
1342661,Non-casualty (towaway),Non-casualty (towaway),2024,2024,January,Saturday,18:00 - 19:59,STURT,HWY,3362,West,COBB,HWY,HAY SOUTH,14.0,No,Not a school zone,2-way undivided,-34.520315,144.804097,Hay,Country non-urban,Rest of NSW - Rural,Straight,Ditch/drain/culvert,,,Unknown / not stated,Sealed,Dry,Fine,Dusk,Nil,No traffic controls,110 km/h,State,73,Off rd rght => obj,704,Right off cway into obj,,Vehicle - Object,Car (sedan/hatch),,1,0,0,0,0,1,January,Summer,Saturday,18:00 - 19:59,PM peak / evening commute,True,False,False,False
1342669,Non-casualty (towaway),Non-casualty (towaway),2024,2024,January,Sunday,20:00 - 21:59,MOWBRAY,RD,0,Right on the spot,WILLOUGHBY,RD,WILLOUGHBY,641.0,Yes,No,T-junction,-33.803548,151.199589,Willoughby,Sydney metro. area,Syd-Newc-Woll Gtr conurbation,Straight,,,,Unknown / not stated,Sealed,Dry,Fine,Darkness,On,No traffic controls,50 km/h,State,32,Right rear,303,Same - Rear right,,Rear end,4 wheel drive / SUV,4 wheel drive / SUV,4,0,0,0,0,1,January,Summer,Sunday,20:00 - 21:59,Evening / night,False,False,False,False
1342672,Non-casualty (towaway),Non-casualty (towaway),2024,2024,January,Wednesday,20:00 - 21:59,ANZAC,PDE,0,Right on the spot,HIGH,ST,KENSINGTON,171.0,No,Not a school zone,T-junction,-33.914854,151.225406,Randwick,Sydney metro. area,Syd-Newc-Woll Gtr conurbation,Straight,,,,Unknown / not stated,Sealed,Dry,Fine,Darkness,On,No traffic controls,50 km/h,State,36,Right turn sideswipe,308,Same - Rgt turn side swipe,,Other angle,Car (sedan/hatch),Tram,2,0,0,0,0,1,January,Summer,Wednesday,20:00 - 21:59,Evening / night,False,False,False,False
1342678,Non-casualty (towaway),Non-casualty (towaway),2024,2024,January,Wednesday,16:00 - 17:59,BOBBIN HEAD,RD,999999,Unknown/not stated,UNKNOWN,UK,TURRAMURRA,366.0,No,Not a school zone,2-way undivided,-33.726063,151.139216,Ku-ring-gai,Sydney metro. area,Syd-Newc-Woll Gtr conurbation,Straight,,,,Unknown / not stated,Sealed,Dry,Fine,Daylight,Nil,No traffic controls,50 km/h,Regional,29,Other opposing,200,Opp - other,,Other angle,Car (sedan/hatch),Car (sedan/hatch),2,0,0,0,0,1,January,Summer,Wednesday,16:00 - 17:59,PM peak / evening commute,True,False,False,False
1342682,Non-casualty (towaway),Non-casualty (towaway),2024,2024,January,Wednesday,16:00 - 17:59,DAVISTOWN,RD,10,North,PATRICK,CRES,SARATOGA,,No,Not a school zone,T-junction,-33.476443,151.358546,Central Coast,Country urban,Syd-Newc-Woll Gtr conurbation,Straight,Steep grade,,,Unknown / not stated,Sealed,Dry,Fine,Daylight,Nil,No traffic controls,50 km/h,Local,30,Rear end,301,Same - Rear end,,Rear end,4 wheel drive / SUV,Car (sedan/hatch),3,0,0,0,0,1,January,Summer,Wednesday,16:00 - 17:59,PM peak / evening commute,True,False,False,False
1342687,Non-casualty (towaway),Non-casualty (towaway),2024,2024,January,Tuesday,10:00 - 11:59,EXCELSIOR,PDE,100,East,CARY,ST,TORONTO,,No,Not a school zone,2-way undivided,-33.016096,151.593156,Lake Macquarie,Newcastle met. area,Syd-Newc-Woll Gtr conurbation,Straight,,,,Unknown / not stated,Sealed,Dry,Fine,Daylight,Nil,No traffic controls,50 km/h,Local,71,Off rd left => obj,703,Left off cway into object,,Other angle,Car (sedan/hatch),4 wheel drive / SUV,3,0,0,0,0,1,January,Summer,Tuesday,10:00 - 11:59,Midday / afternoon,False,False,False,False
1342692,Non-casualty (towaway),Non-casualty (towaway),2024,2024,January,Thursday,22:00 - Midnight,WESTERN,EXP,1000,West,WALLGROVE ROAD,OP,EASTERN CREEK,6004.0,No,Not a school zone,Dual freeway,-33.794895,150.842852,Blacktown,Sydney metro. area,Syd-Newc-Woll Gtr conurbation,Straight,,,,Unknown / not stated,Sealed,Dry,Fine,Darkness,Nil,No traffic controls,100 km/h,State,73,Off rd rght => obj,704,Right off cway into obj,,Vehicle - Object,Car (sedan/hatch),,1,0,0,0,0,1,January,Summer,Thursday,22:00 - Midnight,Evening / night,False,False,False,False
1342697,Non-casualty (towaway),Non-casualty (towaway),2024,2024,January,Monday,10:00 - 11:59,MEDWAY,RD,0,Right on the spot,OLD HUME,HWY,NEW BERRIMA,372.0,No,Not a school zone,Roundabout,-34.499648,150.321895,Wingecarribee,Country urban,Rest of NSW - Urban,Straight,,,,Unknown / not stated,Sealed,Dry,Fine,Daylight,Nil,Give way sign,80 km/h,Regional,10,Cross traffic,101,Adj - Cross traffic,,Right angle,4 wheel drive / SUV,4 wheel drive / SUV,2,0,0,0,0,1,January,Summer,Monday,10:00 - 11:59,Midday / afternoon,False,False,False,False
1342699,Non-casualty (towaway),Non-casualty (towaway),2024,2024,January,Saturday,16:00 - 17:59,MURRAY,ST,50,North,GIBSON,ST,BRONTE,7334.0,No,Not a school zone,2-way undivided,-33.901952,151.260233,Waverley,Sydney metro. area,Syd-Newc-Woll Gtr conurbation,Straight,,,,Unknown / not stated,Sealed,Dry,Fine,Daylight,Nil,No traffic controls,50 km/h,Regional,9,Ped other,0,Ped - other,,Vehicle - Pedestrian,Car (sedan/hatch),Pedestrian,2,0,0,0,0,1,January,Summer,Saturday,16:00 - 17:59,PM peak / evening commute,True,False,False,False
1342700,Non-casualty (towaway),Non-casualty (towaway),2024,2024,January,Wednesday,16:00 - 17:59,NEW ENGLAND,HWY,10,South,CHISHOLM,RD,EAST MAITLAND,9.0,No,Not a school zone,T-junction,-32.76396,151.597876,Maitland,Country urban,Rest of NSW - Urban,Straight,,,,Unknown / not stated,Sealed,Dry,Fine,Daylight,Nil,No traffic controls,60 km/h,State,30,Rear end,301,Same - Rear end,,Rear end,4 wheel drive / SUV,4 wheel drive / SUV,2,0,0,0,0,1,January,Summer,Wednesday,16:00 - 17:59,PM peak / evening commute,True,False,False,False
1342702,Non-casualty (towaway),Non-casualty (towaway),2024,2024,January,Tuesday,20:00 - 21:59,DAVIES,RD,0,Right on the spot,ALMA,RD,PADSTOW,190.0,No,Not a school zone,X-intersection,-33.96238,151.036913,Canterbury-Bankstown,Sydney metro. area,Syd-Newc-Woll Gtr conurbation,Straight,,,,Unknown / not stated,Sealed,Dry,Fine,Darkness,On,No traffic controls,70 km/h,State,30,Rear end,301,Same - Rear end,,Rear end,Large rigid,Car (sedan/hatch),2,0,0,0,0,1,January,Summer,Tuesday,20:00 - 21:59,Evening / night,False,False,False,False
1342708,Non-casualty (towaway),Non-casualty (towaway),2024,2024,January,Monday,10:00 - 11:59,WYONG,RD,60,West,GAVENLOCK,RD,MARDI,335.0,No,Not a school zone,Divided road,-33.30678,151.415055,Central Coast,Country urban,Syd-Newc-Woll Gtr conurbation,Curved,,,,Unknown / not stated,Sealed,Dry,Fine,Daylight,Nil,No traffic controls,70 km/h,State,30,Rear end,301,Same - Rear end,,Rear end,4 wheel drive / SUV,Light truck utility(from 2018),2,0,0,0,0,1,January,Summer,Monday,10:00 - 11:59,Midday / afternoon,False,False,False,False
1342709,Non-casualty (towaway),Non-casualty (towaway),2024,2024,January,Tuesday,10:00 - 11:59,HAM,ST,0,Right on the spot,WALKER,ST,SOUTH WINDSOR,,No,Not a school zone,T-junction,-33.626086,150.809145,Hawkesbury,Country urban,Syd-Newc-Woll Gtr conurbation,Straight,,,,Unknown / not stated,Sealed,Wet,Raining,Daylight,Nil,Give way sign,50 km/h,Local,13,Right near,104,Adj - Right-thru from right,,Right angle,Car (sedan/hatch),Car (sedan/hatch),2,0,0,0,0,1,January,Summer,Tuesday,10:00 - 11:59,Midday / afternoon,False,False,False,False
1342714,Non-casualty (towaway),Non-casualty (towaway),2024,2024,January,Monday,16:00 - 17:59,GEORGE DOWNES,DR,0,Right on the spot,NUMBER 1860,HN,KULNURA,590.0,No,Not a school zone,2-way undivided,-33.16704,151.201398,Central Coast,Country non-urban,Syd-Newc-Woll Gtr conurbation,Curved,Painted double centre lines,,,Nil,Sealed,Dry,Fine,Daylight,Nil,No traffic controls,100 km/h,Regional,80,Off left/right bend,801,Off cway right bend,Left,Rollover,4 wheel drive / SUV,,1,0,0,0,0,1,January,Summer,Monday,16:00 - 17:59,PM peak / evening commute,True,False,False,False
1342724,Non-casualty (towaway),Non-casualty (towaway),2024,2024,January,Tuesday,08:00 - 09:59,NEWELL,HWY,200,South,MINORE,RD,DUBBO,17.0,No,Not a school zone,2-way undivided,-32.257779,148.586347,Dubbo Regional,Country urban,Rest of NSW - Urban,Curved,Embankment/cutting,,,Off,Sealed,Dry,Fine,Daylight,Nil,No traffic controls,60 km/h,State,81,Off left/rt bnd=>obj,803,Off right bend into obj,Left,Vehicle - Object,Car (sedan/hatch),,1,0,0,0,0,1,January,Summer,Tuesday,08:00 - 09:59,AM peak / school commute,True,False,False,False
1342728,Non-casualty (towaway),Non-casualty (towaway),2024,2024,January,Saturday,20:00 - 21:59,KEMP,ST,45,South,SCHAEFER,ST,LAVINGTON,,No,Not a school zone,2-way undivided,-36.036793,146.944172,Albury,Country urban,Rest of NSW - Urban,Straight,,,,On,Sealed,Dry,Fine,Darkness,Nil,No traffic controls,50 km/h,Local,71,Off rd left => obj,703,Left off cway into object,,Vehicle - Object,4 wheel drive / SUV,,1,0,0,0,0,1,January,Summer,Saturday,20:00 - 21:59,Evening / night,False,False,False,False
1342729,Non-casualty (towaway),Non-casualty (towaway),2024,2024,January,Monday,14:00 - 15:59,NEWGATE,BVD,70,South,CORDUROY,RD,ELIZABETH HILLS,,No,Not a school zone,2-way undivided,-33.897093,150.84572,Liverpool,Sydney metro. area,Syd-Newc-Woll Gtr conurbation,Straight,,,,Off,Sealed,Dry,Fine,Daylight,Nil,No traffic controls,50 km/h,Local,71,Off rd left => obj,703,Left off cway into object,,Other angle,Light truck utility(from 2018),Car (sedan/hatch),3,0,0,0,0,1,January,Summer,Monday,14:00 - 15:59,Midday / afternoon,False,False,False,False
1342730,Non-casualty (towaway),Non-casualty (towaway),2024,2024,January,Thursday,22:00 - Midnight,KINGSFORD SMITH,AVE,0,Right on the spot,MERLIN,TCE,MIDDLETON GRANGE,,No,Not a school zone,T-junction,-33.914172,150.841579,Liverpool,Sydney metro. area,Syd-Newc-Woll Gtr conurbation,Straight,,Roadwks/Detour/Diverson,,On,Sealed,Dry,Fine,Darkness,Nil,No traffic controls,40 km/h,Local,41,U turn into object,409,Manov - U-turn into fixed obje,,Vehicle - Object,Car (sedan/hatch),,1,0,0,0,0,1,January,Summer,Thursday,22:00 - Midnight,Evening / night,False,False,False,False
1342731,Non-casualty (towaway),Non-casualty (towaway),2024,2024,January,Tuesday,16:00 - 17:59,GIPPS,ST,0,Right on the spot,NUMBER 53,HN,CONCORD,649.0,No,Not a school zone,2-way undivided,-33.863003,151.098538,Canada Bay,Sydney metro. area,Syd-Newc-Woll Gtr conurbation,Straight,,,,Unknown / not stated,Sealed,Unknown,Unknown,Daylight,Nil,No traffic controls,60 km/h,State,44,Parking vehicles,403,Manov - Parking-parked vehicle,,Other angle,Light truck,4 wheel drive / SUV,2,0,0,0,0,1,January,Summer,Tuesday,16:00 - 17:59,PM peak / evening commute,True,False,False,False
1342732,Non-casualty (towaway),Non-casualty (towaway),2024,2024,January,Friday,10:00 - 11:59,DOG TRAP,RD,0,Right on the spot,WISEMANS FERRY,RD,SOMERSBY,,No,Not a school zone,T-junction,-33.34978,151.289942,Central Coast,Country urban,Syd-Newc-Woll Gtr conurbation,Curved,Crest,,,Off,Sealed,Dry,Fine,Daylight,Nil,Give way sign,80 km/h,Local,10,Cross traffic,101,Adj - Cross traffic,,Right angle,4 wheel drive / SUV,Station wagon,2,0,0,0,0,1,January,Summer,Friday,10:00 - 11:59,Midday / afternoon,False,False,False,False
1342742,Non-casualty (towaway),Non-casualty (towaway),2024,2024,January,Tuesday,12:00 - 13:59,M7 WESTLINK,EXP,500,South,HORSLEY DRIVE,OP,HORSLEY PARK,6009.0,No,Not a school zone,Dual freeway,-33.846264,150.854192,Fairfield,Sydney metro. area,Syd-Newc-Woll Gtr conurbation,Straight,,,,Nil,Sealed,Dry,Fine,Daylight,Nil,No traffic controls,100 km/h,State,34,Lane change right,306,Same - Lane change right,,Other angle,B-double (road train prior 98),Car (sedan/hatch),2,0,0,0,0,1,January,Summer,Tuesday,12:00 - 13:59,Midday / afternoon,False,False,False,False
1342763,Non-casualty (towaway),Non-casualty (towaway),2024,2024,January,Wednesday,08:00 - 09:59,ROOTY HILL,RD,0,Right on the spot,RICHMOND ROAD,TO,OAKHURST,537.0,No,Not a school zone,Divided road,-33.733332,150.848539,Blacktown,Sydney metro. area,Syd-Newc-Woll Gtr conurbation,Straight,,,,Nil,Sealed,Dry,Fine,Daylight,Nil,No traffic controls,60 km/h,State,30,Rear end,301,Same - Rear end,,Rear end,Car (sedan/hatch),4 wheel drive / SUV,2,0,0,0,0,1,January,Summer,Wednesday,08:00 - 09:59,AM peak / school commute,True,False,False,False
1342774,Non-casualty (towaway),Non-casualty (towaway),2024,2024,January,Friday,20:00 - 21:59,AVOCA,DR,95,East,ALGONA,AVE,KINCUMBER,504.0,No,Not a school zone,2-way undivided,-33.467418,151.379644,Central Coast,Country urban,Syd-Newc-Woll Gtr conurbation,Straight,Pedestrian refuge,,,On,Sealed,Dry,Fine,Darkness,Nil,No traffic controls,60 km/h,State,73,Off rd rght => obj,704,Right off cway into obj,,Vehicle - Object,Car (sedan/hatch),,1,0,0,0,0,1,January,Summer,Friday,20:00 - 21:59,Evening / night,False,False,False,False
1342784,Non-casualty (towaway),Non-casualty (towaway),2024,2024,January,Tuesday,06:00 - 07:59,PRIMROSE,AVE,0,Right on the spot,NUMBER 28,HN,ROSEBERY,,No,Not a school zone,2-way undivided,-33.917424,151.205379,Sydney,Sydney metro. area,Syd-Newc-Woll Gtr conurbation,Straight,,,,Nil,Sealed,Dry,Fine,Daylight,Nil,No traffic controls,40 km/h,Local,49,Other manoeuvring,400,Manov - other,,Other angle,Unknown motor vehicle,Car (sedan/hatch),2,0,0,0,0,1,January,Summer,Tuesday,06:00 - 07:59,AM peak / school commute,True,False,False,False
1342799,Non-casualty (towaway),Non-casualty (towaway),2024,2024,January,Saturday,02:00 - 03:59,GOLDEN GROVE,CCT,0,Right on the spot,NUMBER 47,HN,TERRIGAL,,No,Not a school zone,2-way undivided,-33.445183,151.426387,Central Coast,Country urban,Syd-Newc-Woll Gtr conurbation,Curved,Steep grade,,,On,Sealed,Dry,Fine,Darkness,Nil,No traffic controls,50 km/h,Local,81,Off left/rt bnd=>obj,803,Off right bend into obj,Left,Other angle,Light truck utility(from 2018),Car (sedan/hatch),2,0,0,0,0,1,January,Summer,Saturday,02:00 - 03:59,Late night / early morning,False,False,False,False
1342818,Non-casualty (towaway),Non-casualty (towaway),2024,2024,January,Monday,00:01 - 01:59,LILY,ST,0,Right on the spot,NUMBER 41,HN,HURSTVILLE,7004.0,No,Not a school zone,2-way undivided,-33.967872,151.113997,Georges River,Sydney metro. area,Syd-Newc-Woll Gtr conurbation,Straight,,,,On,Sealed,Dry,Unknown,Darkness,Nil,No traffic controls,60 km/h,Regional,73,Off rd rght => obj,704,Right off cway into obj,,Vehicle - Object,Light truck utility(from 2018),,1,0,0,0,0,1,January,Summer,Monday,00:01 - 01:59,Late night / early morning,False,False,False,False
1342826,Non-casualty (towaway),Non-casualty (towaway),2024,2024,January,Thursday,00:01 - 01:59,NICHOLSON,RD,0,Right on the spot,NUMBER 35,HN,WOONONA,,Yes,No,2-way undivided,-34.34472,150.908784,Wollongong,Wollongong met. area,Syd-Newc-Woll Gtr conurbation,Straight,Driveway/entrance,,,On,Sealed,Dry,Fine,Darkness,Nil,No traffic controls,50 km/h,Local,40,U turn,304,Same - U-turn,,Other angle,Motorcycle,Car (sedan/hatch),2,0,0,0,0,1,January,Summer,Thursday,00:01 - 01:59,Late night / early morning,False,False,False,False
1342864,Non-casualty (towaway),Non-casualty (towaway),2024,2024,January,Monday,04:00 - 05:59,PACIFIC,HWY,250,North,OLD BELMONT,RD,JEWELLS,10.0,No,Not a school zone,Divided road,-33.009798,151.680021,Lake Macquarie,Newcastle met. area,Syd-Newc-Woll Gtr conurbation,Curved,Steep grade,,,Nil,Sealed,Dry,Fine,Dawn,Nil,No traffic controls,80 km/h,State,87,Off lft/lft bnd=>obj,804,Off left bend into obj,Left,Vehicle - Object,Car (sedan/hatch),,1,0,0,0,0,1,January,Summer,Monday,04:00 - 05:59,Late night / early morning,False,False,False,False