crash_id,degree_of_crash,degree_of_crash_-_detailed,reporting_year,year_of_crash,month_of_crash,day_of_week_of_crash,two-hour_intervals,street_of_crash,street_type,distance,direction,identifying_feature,identifying_feature_type,town,route_no.,school_zone_location,school_zone_active,type_of_location,latitude,longitude,lga,urbanisation,conurbation_1,alignment,primary_permanent_feature,primary_temporary_feature,primary_hazardous_feature,street_lighting,road_surface,surface_condition,weather,natural_lighting,signals_operation,other_traffic_control,speed_limit,road_classification_(admin),rum_-_code,rum_-_description,dca_-_code,dca_-_description,dca_supplement,first_impact_type,key_tu_type,other_tu_type,no._of_traffic_units_involved,no._killed,no._seriously_injured,no._moderately_injured,no._minor-other_injured,month_num,month_label,season,day_label,time_label,time_band,is_peak_commute,is_fatal,is_injury,is_casualty
1342878,Non-casualty (towaway),Non-casualty (towaway),2024,2024,January,Sunday,22:00 - Midnight,SOUTH DOWLING,ST,80,North,COOPER PLACE,TO,ZETLAND,593.0,No,Not a school zone,Divided road,-33.906271,151.21361,Sydney,Sydney metro. area,Syd-Newc-Woll Gtr conurbation,Straight,,,,On,Sealed,Dry,Fine,Darkness,Nil,No traffic controls,80 km/h,State,70,Off road to left,701,Off carriageway to left,,Rollover,Car (sedan/hatch),,1,0,0,0,0,1,January,Summer,Sunday,22:00 - Midnight,Evening / night,False,False,False,False
1342905,Non-casualty (towaway),Non-casualty (towaway),2024,2024,January,Sunday,02:00 - 03:59,CONDAMINE,ST,15,South,NEW,ST,BALGOWLAH HEIGHTS,,No,Not a school zone,2-way undivided,-33.801545,151.263338,Northern Beaches,Sydney metro. area,Syd-Newc-Woll Gtr conurbation,Straight,,,,On,Sealed,Dry,Fine,Darkness,Nil,No traffic controls,50 km/h,Local,71,Off rd left => obj,703,Left off cway into object,,Other angle,Car (sedan/hatch),4 wheel drive / SUV,2,0,0,0,0,1,January,Summer,Sunday,02:00 - 03:59,Late night / early morning,False,False,False,False
1342911,Non-casualty (towaway),Non-casualty (towaway),2024,2024,January,Thursday,14:00 - 15:59,CUMBERLAND,HWY,100,South,KLEINS,RD,NORTHMEAD,13.0,No,Not a school zone,Divided road,-33.793708,150.993423,Parramatta,Sydney metro. area,Syd-Newc-Woll Gtr conurbation,Straight,Steep grade,,,Off,Sealed,Dry,Fine,Daylight,Nil,No traffic controls,70 km/h,State,34,Lane change right,306,Same - Lane change right,,Other angle,Car (sedan/hatch),Car (sedan/hatch),2,0,0,0,0,1,January,Summer,Thursday,14:00 - 15:59,Midday / afternoon,False,False,False,False
1342942,Non-casualty (towaway),Non-casualty (towaway),2024,2024,January,Wednesday,14:00 - 15:59,THRELFALL,ST,0,Right on the spot,NUMBER 38,HN,EASTWOOD,,No,Not a school zone,2-way undivided,-33.785527,151.098796,Ryde,Sydney metro. area,Syd-Newc-Woll Gtr conurbation,Straight,Foot/cycle path/nature strip,,,Unknown / not stated,Sealed,Dry,Fine,Daylight,Nil,No traffic controls,50 km/h,Local,71,Off rd left => obj,703,Left off cway into object,,Vehicle - Object,Utility,,1,0,0,0,0,1,January,Summer,Wednesday,14:00 - 15:59,Midday / afternoon,False,False,False,False
1342945,Non-casualty (towaway),Non-casualty (towaway),2024,2024,January,Friday,06:00 - 07:59,STATION,ST,0,Right on the spot,NUMBER 115,HN,ARNCLIFFE,,No,Not a school zone,2-way undivided,-33.938326,151.140473,Bayside,Sydney metro. area,Syd-Newc-Woll Gtr conurbation,Straight,,,,Unknown / not stated,Sealed,Dry,Fine,Daylight,Nil,No traffic controls,50 km/h,Local,71,Off rd left => obj,703,Left off cway into object,,Other angle,Car (sedan/hatch),Car (sedan/hatch),2,0,0,0,0,1,January,Summer,Friday,06:00 - 07:59,AM peak / school commute,True,False,False,False
1342951,Non-casualty (towaway),Non-casualty (towaway),2024,2024,January,Saturday,16:00 - 17:59,WEE JASPER,RD,100,South,GOOD HOPE,RD,GOOD HOPE,278.0,No,Not a school zone,2-way undivided,-34.88281,148.895476,Yass Valley,Country non-urban,Rest of NSW - Rural,Straight,,,,Unknown / not stated,Sealed,Dry,Overcast,Daylight,Nil,No traffic controls,100 km/h,Regional,71,Off rd left => obj,703,Left off cway into object,,Vehicle - Object,Car (sedan/hatch),,1,0,0,0,0,1,January,Summer,Saturday,16:00 - 17:59,PM peak / evening commute,True,False,False,False
1342952,Non-casualty (towaway),Non-casualty (towaway),2024,2024,January,Friday,06:00 - 07:59,BRUXNER,HWY,15,South,THREE CHAIN,RD,SOUTH LISMORE,16.0,No,Not a school zone,2-way undivided,-28.821329,153.26517,Lismore,Country urban,Rest of NSW - Urban,Straight,,,,Unknown / not stated,Sealed,Dry,Fine,Daylight,Nil,No traffic controls,60 km/h,State,30,Rear end,301,Same - Rear end,,Rear end,Car (sedan/hatch),4 wheel drive / SUV,4,0,0,0,0,1,January,Summer,Friday,06:00 - 07:59,AM peak / school commute,True,False,False,False
1342961,Non-casualty (towaway),Non-casualty (towaway),2024,2024,February,Tuesday,16:00 - 17:59,WESTERN,EXP,20,West,DOBROYD PARADE,TO,HABERFIELD,6004.0,No,Not a school zone,Other,-33.873515,151.136933,Inner West,Sydney metro. area,Syd-Newc-Woll Gtr conurbation,Straight,,,,Unknown / not stated,Sealed,Wet,Fine,Daylight,Nil,No traffic controls,60 km/h,State,30,Rear end,301,Same - Rear end,,Rear end,Car (sedan/hatch),Car (sedan/hatch),2,0,0,0,0,2,February,Summer,Tuesday,16:00 - 17:59,PM peak / evening commute,True,False,False,False
1342963,Non-casualty (towaway),Non-casualty (towaway),2024,2024,January,Thursday,18:00 - 19:59,GIBBONS,ST,0,Right on the spot,NUMBER 11,HN,REDFERN,170.0,No,Not a school zone,1-way street,-33.893249,151.199003,Sydney,Sydney metro. area,Syd-Newc-Woll Gtr conurbation,Straight,,,,Unknown / not stated,Sealed,Dry,Fine,Dusk,Nil,No traffic controls,50 km/h,State,44,Parking vehicles,403,Manov - Parking-parked vehicle,,Other angle,Car (sedan/hatch),4 wheel drive / SUV,3,0,0,0,0,1,January,Summer,Thursday,18:00 - 19:59,PM peak / evening commute,True,False,False,False
1342967,Non-casualty (towaway),Non-casualty (towaway),2024,2024,February,Thursday,12:00 - 13:59,MAMRE,RD,0,Right on the spot,BAKERS,LANE,KEMPS CREEK,536.0,No,Not a school zone,X-intersection,-33.831456,150.780968,Penrith,Sydney metro. area,Syd-Newc-Woll Gtr conurbation,Straight,,,,Unknown / not stated,Sealed,Dry,Fine,Daylight,On,Give way sign,80 km/h,State,34,Lane change right,306,Same - Lane change right,,Other angle,Car (sedan/hatch),Large rigid,2,0,0,0,0,2,February,Summer,Thursday,12:00 - 13:59,Midday / afternoon,False,False,False,False
1342972,Non-casualty (towaway),Non-casualty (towaway),2024,2024,February,Monday,10:00 - 11:59,OLYMPIC,HWY,0,Right on the spot,FONTENOY,LANE,WALLENDBEEN,78.0,No,Not a school zone,T-junction,-34.479595,148.163497,Cootamundra-Gundagai,Country non-urban,Rest of NSW - Rural,Straight,,,,Unknown / not stated,Sealed,Wet,Raining,Daylight,Nil,No traffic controls,100 km/h,State,30,Rear end,301,Same - Rear end,,Rear end,Station wagon,Light truck utility(from 2018),3,0,0,0,0,2,February,Summer,Monday,10:00 - 11:59,Midday / afternoon,False,False,False,False
1342978,Non-casualty (towaway),Non-casualty (towaway),2024,2024,February,Thursday,12:00 - 13:59,NEW CANTERBURY,RD,0,Right on the spot,DUNTROON,ST,DULWICH HILL,167.0,No,Not a school zone,T-junction,-33.905176,151.133278,Canterbury-Bankstown,Sydney metro. area,Syd-Newc-Woll Gtr conurbation,Straight,,,,Unknown / not stated,Sealed,Dry,Fine,Daylight,On,No traffic controls,60 km/h,State,71,Off rd left => obj,703,Left off cway into object,,Vehicle - Object,Light truck,,1,0,0,0,0,2,February,Summer,Thursday,12:00 - 13:59,Midday / afternoon,False,False,False,False
1342980,Non-casualty (towaway),Non-casualty (towaway),2024,2024,February,Thursday,08:00 - 09:59,THE MEADOWS,MS,0,Right on the spot,NUMBER 1,HN,MOLLYMOOK,,No,Not a school zone,2-way undivided,-35.336144,150.4598,Shoalhaven,Country urban,Rest of NSW - Urban,Straight,,,,Unknown / not stated,Sealed,Dry,Fine,Daylight,Nil,No traffic controls,50 km/h,Local,73,Off rd rght => obj,704,Right off cway into obj,,Other angle,Light truck,Utility,2,0,0,0,0,2,February,Summer,Thursday,08:00 - 09:59,AM peak / school commute,True,False,False,False
1342981,Non-casualty (towaway),Non-casualty (towaway),2024,2024,February,Tuesday,06:00 - 07:59,KINGSCLIFF,ST,0,Right on the spot,NUMBER 32,HN,KINGSCLIFF,,No,Not a school zone,2-way undivided,-28.249462,153.56979,Tweed,Country urban,Rest of NSW - Urban,Straight,,,,Unknown / not stated,Sealed,Dry,Overcast,Daylight,Nil,No traffic controls,50 km/h,Local,71,Off rd left => obj,703,Left off cway into object,,Other angle,Passenger van,Car (sedan/hatch),2,0,0,0,0,2,February,Summer,Tuesday,06:00 - 07:59,AM peak / school commute,True,False,False,False
1342983,Non-casualty (towaway),Non-casualty (towaway),2024,2024,January,Tuesday,12:00 - 13:59,THE HORSLEY,DR,0,Right on the spot,POLDING,ST,FAIRFIELD,609.0,No,Not a school zone,X-intersection,-33.863953,150.954285,Fairfield,Sydney metro. area,Syd-Newc-Woll Gtr conurbation,Straight,,,,Unknown / not stated,Sealed,Dry,Fine,Daylight,On,No traffic controls,60 km/h,State,30,Rear end,301,Same - Rear end,,Rear end,Car (sedan/hatch),Light truck utility(from 2018),2,0,0,0,0,1,January,Summer,Tuesday,12:00 - 13:59,Midday / afternoon,False,False,False,False
1342984,Non-casualty (towaway),Non-casualty (towaway),2024,2024,February,Tuesday,08:00 - 09:59,TELEGRAPH,RD,70,West,GANMAIN,RD,PYMBLE,,No,Not a school zone,2-way undivided,-33.73812,151.148822,Ku-ring-gai,Sydney metro. area,Syd-Newc-Woll Gtr conurbation,Curved,,,,Unknown / not stated,Sealed,Wet,Raining,Daylight,Nil,No traffic controls,50 km/h,Local,85,Off rt/lft bnd=>obj,804,Off left bend into obj,Right,Vehicle - Object,Car (sedan/hatch),,1,0,0,0,0,2,February,Summer,Tuesday,08:00 - 09:59,AM peak / school commute,True,False,False,False
1342985,Non-casualty (towaway),Non-casualty (towaway),2024,2024,February,Tuesday,06:00 - 07:59,SYDNEY HARBOUR TUNNEL,MS,50,South,TUNNEL,ENT,KIRRIBILLI,6092.0,No,Not a school zone,Dual freeway,-33.842013,151.210864,North Sydney,Sydney metro. area,Syd-Newc-Woll Gtr conurbation,Straight,Underpass/tunnel,,,Unknown / not stated,Sealed,Wet,Raining,Dawn,Nil,No traffic controls,80 km/h,State,39,Other same direction,300,Same - other,,Other angle,Large rigid,Car (sedan/hatch),2,0,0,0,0,2,February,Summer,Tuesday,06:00 - 07:59,AM peak / school commute,True,False,False,False
1342988,Non-casualty (towaway),Non-casualty (towaway),2024,2024,February,Friday,06:00 - 07:59,CLYDE,ST,0,Right on the spot,MEMORIAL,DR,GRANVILLE,7101.0,No,Not a school zone,X-intersection,-33.836607,151.01483,Cumberland,Sydney metro. area,Syd-Newc-Woll Gtr conurbation,Straight,,,,Unknown / not stated,Sealed,Dry,Fine,Dawn,On,No traffic controls,50 km/h,Regional,13,Right near,104,Adj - Right-thru from right,,Right angle,4 wheel drive / SUV,Car (sedan/hatch),2,0,0,0,0,2,February,Summer,Friday,06:00 - 07:59,AM peak / school commute,True,False,False,False
1342989,Non-casualty (towaway),Non-casualty (towaway),2024,2024,February,Monday,12:00 - 13:59,MULGOA,RD,50,North,ROSCREA,DR,MULGOA,155.0,No,Not a school zone,2-way undivided,-33.848836,150.654374,Penrith,Sydney metro. area,Syd-Newc-Woll Gtr conurbation,Curved,Embankment/cutting,,,Unknown / not stated,Sealed,Dry,Fine,Daylight,Nil,No traffic controls,60 km/h,State,81,Off left/rt bnd=>obj,803,Off right bend into obj,Left,Vehicle - Object,Light truck,,1,0,0,0,0,2,February,Summer,Monday,12:00 - 13:59,Midday / afternoon,False,False,False,False
1342992,Non-casualty (towaway),Non-casualty (towaway),2024,2024,February,Wednesday,10:00 - 11:59,PACIFIC,HWY,320,South,JETTY,AVE,CHARMHAVEN,10.0,No,Not a school zone,2-way undivided,-33.230604,151.502786,Central Coast,Country urban,Syd-Newc-Woll Gtr conurbation,Straight,Driveway/entrance,,,Unknown / not stated,Sealed,Wet,Fine,Daylight,Nil,Give way sign,60 km/h,State,47,Emerging from drive,406,Manov - Emerging from driveway,,Right angle,Car (sedan/hatch),Car (sedan/hatch),2,0,0,0,0,2,February,Summer,Wednesday,10:00 - 11:59,Midday / afternoon,False,False,False,False
1342994,Non-casualty (towaway),Non-casualty (towaway),2024,2024,February,Tuesday,12:00 - 13:59,SNOWY MOUNTAINS,HWY,1000,West,BUCKLEYS,RD,BEMBOKA,4.0,No,Not a school zone,2-way undivided,-36.612708,149.492174,Bega Valley,Country urban,Rest of NSW - Urban,Straight,,,,Unknown / not stated,Sealed,Dry,Overcast,Daylight,Nil,No traffic controls,60 km/h,State,71,Off rd left => obj,703,Left off cway into object,,Vehicle - Object,Car (sedan/hatch),,1,0,0,0,0,2,February,Summer,Tuesday,12:00 - 13:59,Midday / afternoon,False,False,False,False
1342995,Non-casualty (towaway),Non-casualty (towaway),2024,2024,February,Wednesday,16:00 - 17:59,WINDSOR,RD,50,North,FAIRWAY,DR,KELLYVILLE,184.0,No,Not a school zone,2-way undivided,-33.719218,150.963342,The Hills,Sydney metro. area,Syd-Newc-Woll Gtr conurbation,Straight,,,,Unknown / not stated,Sealed,Dry,Fine,Daylight,Nil,No traffic controls,60 km/h,State,39,Other same direction,300,Same - other,,Other angle,Passenger van,4 wheel drive / SUV,3,0,0,0,0,2,February,Summer,Wednesday,16:00 - 17:59,PM peak / evening commute,True,False,False,False
1342998,Non-casualty (towaway),Non-casualty (towaway),2024,2024,February,Tuesday,06:00 - 07:59,BLAXLAND,RD,0,Right on the spot,MELVILLE,ST,RYDE,139.0,No,Not a school zone,T-junction,-33.804416,151.103648,Ryde,Sydney metro. area,Syd-Newc-Woll Gtr conurbation,Straight,,,,Unknown / not stated,Sealed,Wet,Raining,Daylight,On,No traffic controls,60 km/h,State,13,Right near,104,Adj - Right-thru from right,,Right angle,Light truck utility(from 2018),Car (sedan/hatch),2,0,0,0,0,2,February,Summer,Tuesday,06:00 - 07:59,AM peak / school commute,True,False,False,False
1342999,Non-casualty (towaway),Non-casualty (towaway),2024,2024,February,Sunday,14:00 - 15:59,CROWN,ST,100,South,FAIRFIELD,ST,FAIRFIELD EAST,,No,Not a school zone,2-way undivided,-33.869322,150.970115,Fairfield,Sydney metro. area,Syd-Newc-Woll Gtr conurbation,Straight,,,,Unknown / not stated,Sealed,Dry,Fine,Daylight,Nil,No traffic controls,50 km/h,Local,40,U turn,304,Same - U-turn,,Other angle,Car (sedan/hatch),Car (sedan/hatch),2,0,0,0,0,2,February,Summer,Sunday,14:00 - 15:59,Midday / afternoon,False,False,False,False
1343001,Non-casualty (towaway),Non-casualty (towaway),2024,2024,January,Wednesday,14:00 - 15:59,DAWN FRASER,AVE,0,Right on the spot,EDWIN FLACK,AVE,SYDNEY OLYMPIC PARK,,No,Not a school zone,X-intersection,-33.849567,151.062242,Parramatta,Sydney metro. area,Syd-Newc-Woll Gtr conurbation,Straight,,,,Unknown / not stated,Sealed,Dry,Fine,Daylight,On,No traffic controls,60 km/h,Local,21,Right through,202,Opp - Right-thru,,Other angle,Car (sedan/hatch),4 wheel drive / SUV,2,0,0,0,0,1,January,Summer,Wednesday,14:00 - 15:59,Midday / afternoon,False,False,False,False
1343002,Non-casualty (towaway),Non-casualty (towaway),2024,2024,January,Saturday,12:00 - 13:59,HUME,HWY,0,Right on the spot,NUMBER 585,HN,YAGOONA,2.0,Yes,No,Divided road,-33.905702,151.014154,Canterbury-Bankstown,Sydney metro. area,Syd-Newc-Woll Gtr conurbation,Straight,,,,Unknown / not stated,Sealed,Dry,Overcast,Daylight,Nil,No traffic controls,70 km/h,State,30,Rear end,301,Same - Rear end,,Rear end,4 wheel drive / SUV,Light truck utility(from 2018),2,0,0,0,0,1,January,Summer,Saturday,12:00 - 13:59,Midday / afternoon,False,False,False,False
1343003,Non-casualty (towaway),Non-casualty (towaway),2024,2024,January,Wednesday,12:00 - 13:59,DEMONDRILLE,ST,999999,Unknown/not stated,UNNAMED,UK,YOUNG,,No,Not a school zone,2-way undivided,-34.32329,148.29338,Hilltops,Country urban,Rest of NSW - Urban,Straight,,,,Unknown / not stated,Sealed,Dry,Fine,Daylight,Nil,No traffic controls,50 km/h,Local,46,Reversing into obj,405,Manov - Reverse into fixed obj,,Other angle,Passenger van,Car (sedan/hatch),2,0,0,0,0,1,January,Summer,Wednesday,12:00 - 13:59,Midday / afternoon,False,False,False,False
1343006,Non-casualty (towaway),Non-casualty (towaway),2024,2024,February,Friday,16:00 - 17:59,NEWCASTLE,EXP,0,Right on the spot,NEWCASTLE LINK ROAD,TO,CAMERON PARK,6003.0,No,Not a school zone,Dual freeway,-32.894458,151.59067,Lake Macquarie,Newcastle met. area,Syd-Newc-Woll Gtr conurbation,Curved,,,,Unknown / not stated,Sealed,Dry,Fine,Daylight,Nil,No traffic controls,110 km/h,State,88,Out of cont on bend,805,Out of control on bend,,Rollover,Motorcycle,,1,0,0,0,0,2,February,Summer,Friday,16:00 - 17:59,PM peak / evening commute,True,False,False,False
1343008,Non-casualty (towaway),Non-casualty (towaway),2024,2024,February,Wednesday,14:00 - 15:59,HANNELL,ST,0,Right on the spot,ELIZABETH,ST,TIGHES HILL,316.0,No,Not a school zone,Roundabout,-32.907399,151.760236,Newcastle,Newcastle met. area,Syd-Newc-Woll Gtr conurbation,Straight,,,,Unknown / not stated,Sealed,Wet,Raining,Daylight,Nil,Give way sign,70 km/h,State,37,Left turn sideswipe,309,Same - Left turn side swipe,,Other angle,Semi-trailer,4 wheel drive / SUV,2,0,0,0,0,2,February,Summer,Wednesday,14:00 - 15:59,Midday / afternoon,False,False,False,False
1343009,Non-casualty (towaway),Non-casualty (towaway),2024,2024,February,Saturday,12:00 - 13:59,GOODLET,ST,0,Right on the spot,TAREE,AVE,TELARAH,,No,Not a school zone,T-junction,-32.724031,151.529556,Maitland,Country urban,Rest of NSW - Urban,Straight,Steep grade,,,Unknown / not stated,Sealed,Dry,Fine,Daylight,Nil,No traffic controls,50 km/h,Local,30,Rear end,301,Same - Rear end,,Rear end,Car (sedan/hatch),Car (sedan/hatch),2,0,0,0,0,2,February,Summer,Saturday,12:00 - 13:59,Midday / afternoon,False,False,False,False
1343014,Non-casualty (towaway),Non-casualty (towaway),2024,2024,January,Wednesday,16:00 - 17:59,PYRMONT BRIDGE,RD,0,Right on the spot,WATTLE,ST,PYRMONT,523.0,No,Not a school zone,T-junction,-33.873968,151.19241,Sydney,Sydney metro. area,Syd-Newc-Woll Gtr conurbation,Straight,,,,Nil,Sealed,Dry,Fine,Daylight,On,No traffic controls,40 km/h,State,21,Right through,202,Opp - Right-thru,,Other angle,4 wheel drive / SUV,Car (sedan/hatch),2,0,0,0,0,1,January,Summer,Wednesday,16:00 - 17:59,PM peak / evening commute,True,False,False,False
1343015,Non-casualty (towaway),Non-casualty (towaway),2024,2024,January,Wednesday,06:00 - 07:59,WESTERN,EXP,0,Right on the spot,COLEMAN STREET,TO,MERRYLANDS,6004.0,No,Not a school zone,Dual freeway,-33.821524,150.984674,Cumberland,Sydney metro. area,Syd-Newc-Woll Gtr conurbation,Straight,,,,Unknown / not stated,Sealed,Dry,Fine,Daylight,Nil,No traffic controls,90 km/h,State,30,Rear end,301,Same - Rear end,,Rear end,Car (sedan/hatch),Car (sedan/hatch),2,0,0,0,0,1,January,Summer,Wednesday,06:00 - 07:59,AM peak / school commute,True,False,False,False
1343016,Non-casualty (towaway),Non-casualty (towaway),2024,2024,February,Tuesday,16:00 - 17:59,HIGH,ST,0,Right on the spot,NUMBER 255,HN,NORTH WILLOUGHBY,,No,Not a school zone,2-way undivided,-33.79259,151.199084,Willoughby,Sydney metro. area,Syd-Newc-Woll Gtr conurbation,Straight,,,,Unknown / not stated,Sealed,Dry,Overcast,Daylight,Nil,No traffic controls,50 km/h,Local,30,Rear end,301,Same - Rear end,,Rear end,Car (sedan/hatch),Car (sedan/hatch),3,0,0,0,0,2,February,Summer,Tuesday,16:00 - 17:59,PM peak / evening commute,True,False,False,False
1343018,Non-casualty (towaway),Non-casualty (towaway),2024,2024,February,Sunday,16:00 - 17:59,BROADWAY,MS,0,Right on the spot,HILLCREST,ST,PUNCHBOWL,,No,Not a school zone,Roundabout,-33.92803,151.059643,Canterbury-Bankstown,Sydney metro. area,Syd-Newc-Woll Gtr conurbation,Straight,,,,Unknown / not stated,Sealed,Dry,Overcast,Daylight,Nil,Give way sign,50 km/h,Local,21,Right through,202,Opp - Right-thru,,Other angle,Car (sedan/hatch),4 wheel drive / SUV,2,0,0,0,0,2,February,Summer,Sunday,16:00 - 17:59,PM peak / evening commute,True,False,False,False
1343022,Non-casualty (towaway),Non-casualty (towaway),2024,2024,February,Monday,10:00 - 11:59,WELLS,ST,0,Right on the spot,NUMBER 151,HN,SPRINGFIELD,7780.0,No,Not a school zone,2-way undivided,-33.432351,151.366021,Central Coast,Country urban,Syd-Newc-Woll Gtr conurbation,Straight,,,,Unknown / not stated,Sealed,Dry,Fine,Daylight,Nil,No traffic controls,60 km/h,Regional,30,Rear end,301,Same - Rear end,,Rear end,Car (sedan/hatch),Light truck,2,0,0,0,0,2,February,Summer,Monday,10:00 - 11:59,Midday / afternoon,False,False,False,False
1343025,Non-casualty (towaway),Non-casualty (towaway),2024,2024,February,Friday,10:00 - 11:59,DAVID,ST,0,Right on the spot,DOBELL,DR,WANGI WANGI,,No,Not a school zone,X-intersection,-33.067804,151.578193,Lake Macquarie,Newcastle met. area,Syd-Newc-Woll Gtr conurbation,Straight,,,,Unknown / not stated,Sealed,Dry,Fine,Daylight,Nil,Stop sign,50 km/h,Local,10,Cross traffic,101,Adj - Cross traffic,,Right angle,Station wagon,Light truck utility(from 2018),2,0,0,0,0,2,February,Summer,Friday,10:00 - 11:59,Midday / afternoon,False,False,False,False
1343027,Non-casualty (towaway),Non-casualty (towaway),2024,2024,February,Monday,08:00 - 09:59,SAINT THOMAS,ST,0,Right on the spot,VIRGIL,LANE,BRONTE,,No,Not a school zone,T-junction,-33.905882,151.26431,Waverley,Sydney metro. area,Syd-Newc-Woll Gtr conurbation,Straight,Steep grade,,,Unknown / not stated,Sealed,Dry,Fine,Daylight,Nil,No traffic controls,50 km/h,Local,83,Off rt/rt bnd=>obj,707,Right turn,Right,Vehicle - Object,Large rigid,,1,0,0,0,0,2,February,Summer,Monday,08:00 - 09:59,AM peak / school commute,True,False,False,False
1343028,Non-casualty (towaway),Non-casualty (towaway),2024,2024,February,Thursday,16:00 - 17:59,HENRY PARKES,WAY,0,Right on the spot,THE BOGAN,WAY,GUNNINGBLAND,61.0,No,Not a school zone,T-junction,-33.119982,147.901891,Parkes,Country non-urban,Rest of NSW - Rural,Curved,,,,Unknown / not stated,Sealed,Dry,Fine,Daylight,Nil,No traffic controls,100 km/h,State,86,Off left/left bend,802,Off cway left bend,Left,Rollover,4 wheel drive / SUV,,1,0,0,0,0,2,February,Summer,Thursday,16:00 - 17:59,PM peak / evening commute,True,False,False,False
1343030,Non-casualty (towaway),Non-casualty (towaway),2024,2024,February,Monday,14:00 - 15:59,HECKENBERG,AVE,20,South,FRIESIAN,ST,SADLEIR,,No,Not a school zone,2-way undivided,-33.915176,150.885847,Liverpool,Sydney metro. area,Syd-Newc-Woll Gtr conurbation,Curved,,,,Unknown / not stated,Sealed,Dry,Fine,Daylight,Nil,No traffic controls,50 km/h,Local,30,Rear end,301,Same - Rear end,,Rear end,4 wheel drive / SUV,Other bus,2,0,0,0,0,2,February,Summer,Monday,14:00 - 15:59,Midday / afternoon,False,False,False,False
1343036,Non-casualty (towaway),Non-casualty (towaway),2024,2024,February,Tuesday,00:01 - 01:59,MOUNTAIN CREEK,RD,3000,West,CULCAIRN,RD,HOLBROOK,,No,Not a school zone,2-way undivided,-35.725387,147.262516,Greater Hume,Country non-urban,Rest of NSW - Rural,Straight,,,,Unknown / not stated,Sealed,Dry,Fine,Darkness,Nil,No traffic controls,100 km/h,Local,71,Off rd left => obj,703,Left off cway into object,,Vehicle - Object,Car (sedan/hatch),,1,0,0,0,0,2,February,Summer,Tuesday,00:01 - 01:59,Late night / early morning,False,False,False,False
1343038,Non-casualty (towaway),Non-casualty (towaway),2024,2024,February,Tuesday,08:00 - 09:59,SOMERSBY FALLS,RD,50,West,ACE,RD,SOMERSBY,,No,Not a school zone,2-way undivided,-33.413641,151.28751,Central Coast,Country urban,Syd-Newc-Woll Gtr conurbation,Straight,Driveway/entrance,,,Unknown / not stated,Sealed,Wet,Overcast,Daylight,Nil,No traffic controls,60 km/h,Local,32,Right rear,303,Same - Rear right,,Rear end,Light truck utility(from 2018),4 wheel drive / SUV,2,0,0,0,0,2,February,Summer,Tuesday,08:00 - 09:59,AM peak / school commute,True,False,False,False
1343043,Non-casualty (towaway),Non-casualty (towaway),2024,2024,February,Saturday,12:00 - 13:59,NEW SOUTH HEAD,RD,50,West,NEWCASTLE,ST,ROSE BAY,173.0,No,Not a school zone,2-way undivided,-33.870423,151.26858,Woollahra,Sydney metro. area,Syd-Newc-Woll Gtr conurbation,Straight,,,,Nil,Sealed,Dry,Fine,Daylight,Nil,No traffic controls,50 km/h,State,30,Rear end,301,Same - Rear end,,Rear end,4 wheel drive / SUV,4 wheel drive / SUV,2,0,0,0,0,2,February,Summer,Saturday,12:00 - 13:59,Midday / afternoon,False,False,False,False
1343045,Non-casualty (towaway),Non-casualty (towaway),2024,2024,February,Friday,14:00 - 15:59,MARRICKVILLE,RD,0,Right on the spot,NUMBER 109-111,HN,MARRICKVILLE,7054.0,No,Not a school zone,2-way undivided,-33.912676,151.160875,Inner West,Sydney metro. area,Syd-Newc-Woll Gtr conurbation,Straight,,,,Unknown / not stated,Sealed,Dry,Fine,Daylight,Nil,No traffic controls,50 km/h,Regional,45,Reversing,404,Manov - Reverse in traffic,,Other angle,4 wheel drive / SUV,Car (sedan/hatch),2,0,0,0,0,2,February,Summer,Friday,14:00 - 15:59,Midday / afternoon,False,False,False,False
1343048,Non-casualty (towaway),Non-casualty (towaway),2024,2024,January,Thursday,06:00 - 07:59,GWYDIR,HWY,1500,West,WATERLOO,RD,MATHESON,12.0,No,Not a school zone,2-way undivided,-29.749046,151.558234,Glen Innes Severn,Country non-urban,Rest of NSW - Rural,Curved,,,,Unknown / not stated,Sealed,Dry,Fine,Daylight,Nil,No traffic controls,100 km/h,State,87,Off lft/lft bnd=>obj,804,Off left bend into obj,Left,Vehicle - Object,Light truck,,1,0,0,0,0,1,January,Summer,Thursday,06:00 - 07:59,AM peak / school commute,True,False,False,False
1343049,Non-casualty (towaway),Non-casualty (towaway),2024,2024,February,Saturday,00:01 - 01:59,NORWEST,BVD,30,West,WESTWOOD,WAY,BELLA VISTA,690.0,No,Not a school zone,Divided road,-33.737439,150.95499,The Hills,Sydney metro. area,Syd-Newc-Woll Gtr conurbation,Curved,,,,Unknown / not stated,Sealed,Dry,Fine,Darkness,Nil,No traffic controls,70 km/h,State,87,Off lft/lft bnd=>obj,804,Off left bend into obj,Left,Vehicle - Object,Car (sedan/hatch),,1,0,0,0,0,2,February,Summer,Saturday,00:01 - 01:59,Late night / early morning,False,False,False,False