crash_id,degree_of_crash,degree_of_crash_-_detailed,reporting_year,year_of_crash,month_of_crash,day_of_week_of_crash,two-hour_intervals,street_of_crash,street_type,distance,direction,identifying_feature,identifying_feature_type,town,route_no.,school_zone_location,school_zone_active,type_of_location,latitude,longitude,lga,urbanisation,conurbation_1,alignment,primary_permanent_feature,primary_temporary_feature,primary_hazardous_feature,street_lighting,road_surface,surface_condition,weather,natural_lighting,signals_operation,other_traffic_control,speed_limit,road_classification_(admin),rum_-_code,rum_-_description,dca_-_code,dca_-_description,dca_supplement,first_impact_type,key_tu_type,other_tu_type,no._of_traffic_units_involved,no._killed,no._seriously_injured,no._moderately_injured,no._minor-other_injured,month_num,month_label,season,day_label,time_label,time_band,is_peak_commute,is_fatal,is_injury,is_casualty
1343054,Non-casualty (towaway),Non-casualty (towaway),2024,2024,February,Sunday,10:00 - 11:59,RAILWAY,PDE,20,East,BURLEIGH,ST,BURWOOD,2027.0,No,Not a school zone,2-way undivided,-33.877602,151.104981,Burwood,Sydney metro. area,Syd-Newc-Woll Gtr conurbation,Straight,,,,Unknown / not stated,Sealed,Dry,Fine,Daylight,Nil,No traffic controls,50 km/h,Regional,63,Vehicle door,604,On path - Vehicle door,,Other angle,4 wheel drive / SUV,4 wheel drive / SUV,2,0,0,0,0,2,February,Summer,Sunday,10:00 - 11:59,Midday / afternoon,False,False,False,False
1343055,Non-casualty (towaway),Non-casualty (towaway),2024,2024,February,Monday,12:00 - 13:59,CARLISLE,AVE,0,Right on the spot,ROPES CREEK,RD,MOUNT DRUITT,629.0,No,Not a school zone,T-junction,-33.775701,150.815107,Blacktown,Sydney metro. area,Syd-Newc-Woll Gtr conurbation,Straight,,,,Unknown / not stated,Sealed,Dry,Fine,Daylight,Nil,No traffic controls,60 km/h,State,21,Right through,202,Opp - Right-thru,,Other angle,Station wagon,Light truck utility(from 2018),2,0,0,0,0,2,February,Summer,Monday,12:00 - 13:59,Midday / afternoon,False,False,False,False
1343062,Non-casualty (towaway),Non-casualty (towaway),2024,2024,February,Saturday,16:00 - 17:59,HUME,HWY,25,West,COOPER,RD,YAGOONA,2.0,Yes,No,Divided road,-33.907701,151.0257,Canterbury-Bankstown,Sydney metro. area,Syd-Newc-Woll Gtr conurbation,Straight,,,,Unknown / not stated,Sealed,Dry,Fine,Daylight,Nil,No traffic controls,60 km/h,State,30,Rear end,301,Same - Rear end,,Rear end,Car (sedan/hatch),Light truck utility(from 2018),3,0,0,0,0,2,February,Summer,Saturday,16:00 - 17:59,PM peak / evening commute,True,False,False,False
1343063,Non-casualty (towaway),Non-casualty (towaway),2024,2024,February,Tuesday,16:00 - 17:59,CAMERON,ST,0,Right on the spot,MINMI,RD,WALLSEND,,No,Not a school zone,X-intersection,-32.898159,151.676611,Newcastle,Newcastle met. area,Syd-Newc-Woll Gtr conurbation,Straight,,,,Unknown / not stated,Sealed,Wet,Raining,Daylight,On,No traffic controls,60 km/h,Local,36,Right turn sideswipe,308,Same - Rgt turn side swipe,,Other angle,4 wheel drive / SUV,Light truck utility(from 2018),3,0,0,0,0,2,February,Summer,Tuesday,16:00 - 17:59,PM peak / evening commute,True,False,False,False
1343067,Non-casualty (towaway),Non-casualty (towaway),2024,2024,February,Tuesday,10:00 - 11:59,MACS REEF,RD,200,East,NEWINGTON,RD,BYWONG,7607.0,No,Not a school zone,2-way undivided,-35.186658,149.319288,Queanbeyan-Palerang Regional,Country non-urban,Rest of NSW - Rural,Curved,Crest,,,Unknown / not stated,Sealed,Wet,Raining,Daylight,Nil,No traffic controls,90 km/h,Regional,81,Off left/rt bnd=>obj,803,Off right bend into obj,Left,Vehicle - Object,Car (sedan/hatch),,1,0,0,0,0,2,February,Summer,Tuesday,10:00 - 11:59,Midday / afternoon,False,False,False,False
1343069,Non-casualty (towaway),Non-casualty (towaway),2024,2024,February,Friday,14:00 - 15:59,SOMERTON,RD,10000,West,MANILLA,RD,SOMERTON,,No,Not a school zone,2-way undivided,-30.86603,150.684546,Tamworth Regional,Country non-urban,Rest of NSW - Rural,Straight,Ditch/drain/culvert,,,Unknown / not stated,Unsealed,Dry,Fine,Daylight,Nil,No traffic controls,100 km/h,Local,70,Off road to left,701,Off carriageway to left,,Rollover,Car (sedan/hatch),,1,0,0,0,0,2,February,Summer,Friday,14:00 - 15:59,Midday / afternoon,False,False,False,False
1343070,Non-casualty (towaway),Non-casualty (towaway),2024,2024,February,Wednesday,16:00 - 17:59,HUME,HWY,200,North,ALBURY STREET,OP,HOLBROOK,2.0,No,Not a school zone,Divided road,-35.730887,147.30553,Greater Hume,Country non-urban,Rest of NSW - Rural,Straight,,,,Unknown / not stated,Sealed,Dry,Fine,Daylight,Nil,No traffic controls,110 km/h,State,71,Off rd left => obj,703,Left off cway into object,,Vehicle - Object,Car (sedan/hatch),,1,0,0,0,0,2,February,Summer,Wednesday,16:00 - 17:59,PM peak / evening commute,True,False,False,False
1343074,Non-casualty (towaway),Non-casualty (towaway),2024,2024,February,Saturday,18:00 - 19:59,SIMPSON,ST,100,South,BROUGHTON,ST,TUMUT,,No,Not a school zone,2-way undivided,-35.314313,148.225047,Snowy Valleys,Country urban,Rest of NSW - Urban,Straight,,,,Unknown / not stated,Sealed,Dry,Fine,Daylight,Nil,No traffic controls,50 km/h,Local,42,Leaving parking,401,Manov - Leaving parking,,Other angle,Utility,Car (sedan/hatch),3,0,0,0,0,2,February,Summer,Saturday,18:00 - 19:59,PM peak / evening commute,True,False,False,False
1343076,Non-casualty (towaway),Non-casualty (towaway),2024,2024,January,Monday,22:00 - Midnight,ROBERTS,RD,0,Right on the spot,JUNO,PDE,GREENACRE,200.0,No,Not a school zone,X-intersection,-33.907784,151.064269,Canterbury-Bankstown,Sydney metro. area,Syd-Newc-Woll Gtr conurbation,Straight,,,,Unknown / not stated,Sealed,Wet,Raining,Darkness,On,No traffic controls,70 km/h,State,39,Other same direction,300,Same - other,,Other angle,Car (sedan/hatch),Car (sedan/hatch),2,0,0,0,0,1,January,Summer,Monday,22:00 - Midnight,Evening / night,False,False,False,False
1343077,Non-casualty (towaway),Non-casualty (towaway),2024,2024,February,Tuesday,08:00 - 09:59,WARDELL,RD,0,Right on the spot,MORGAN,ST,PETERSHAM,7053.0,No,Not a school zone,T-junction,-33.898682,151.149229,Inner West,Sydney metro. area,Syd-Newc-Woll Gtr conurbation,Straight,,,,Unknown / not stated,Sealed,Wet,Raining,Daylight,Nil,No traffic controls,50 km/h,Regional,63,Vehicle door,604,On path - Vehicle door,,Other angle,Motorcycle,4 wheel drive / SUV,2,0,0,0,0,2,February,Summer,Tuesday,08:00 - 09:59,AM peak / school commute,True,False,False,False
1343078,Non-casualty (towaway),Non-casualty (towaway),2024,2024,February,Tuesday,08:00 - 09:59,NEWCASTLE LINK,RD,30,West,RUNDLE,AVE,WALLSEND,82.0,No,Not a school zone,Divided road,-32.907651,151.663786,Newcastle,Newcastle met. area,Syd-Newc-Woll Gtr conurbation,Straight,,,,Unknown / not stated,Sealed,Wet,Raining,Daylight,Nil,No traffic controls,60 km/h,State,30,Rear end,301,Same - Rear end,,Rear end,Car (sedan/hatch),Car (sedan/hatch),3,0,0,0,0,2,February,Summer,Tuesday,08:00 - 09:59,AM peak / school commute,True,False,False,False
1343079,Non-casualty (towaway),Non-casualty (towaway),2024,2024,February,Monday,18:00 - 19:59,LANYON,DR,0,Right on the spot,TOMPSITT,DR,JERRABOMBERRA,52.0,No,Not a school zone,T-junction,-35.377355,149.189087,Queanbeyan-Palerang Regional,Country urban,Rest of NSW - Urban,Straight,,,,Unknown / not stated,Sealed,Wet,Raining,Dusk,On,No traffic controls,80 km/h,State,21,Right through,202,Opp - Right-thru,,Other angle,Light truck utility(from 2018),4 wheel drive / SUV,2,0,0,0,0,2,February,Summer,Monday,18:00 - 19:59,PM peak / evening commute,True,False,False,False
1343080,Non-casualty (towaway),Non-casualty (towaway),2024,2024,February,Wednesday,10:00 - 11:59,OLD PACIFIC,HWY,0,Right on the spot,TONKISS,ST,TUGGERAH,,Yes,No,T-junction,-33.312997,151.414148,Central Coast,Country urban,Syd-Newc-Woll Gtr conurbation,Straight,Steep grade,,,Unknown / not stated,Sealed,Wet,Raining,Daylight,Nil,Give way sign,60 km/h,Local,88,Out of cont on bend,706,Left turn,,Rollover,Station wagon,,1,0,0,0,0,2,February,Summer,Wednesday,10:00 - 11:59,Midday / afternoon,False,False,False,False
1343084,Non-casualty (towaway),Non-casualty (towaway),2024,2024,February,Wednesday,16:00 - 17:59,MULGRAVE,RD,30,South,HAWKESBURY VALLEY,WAY,MULGRAVE,,No,Not a school zone,2-way undivided,-33.625947,150.829916,Hawkesbury,Country urban,Syd-Newc-Woll Gtr conurbation,Straight,Painted double centre lines,,,Unknown / not stated,Sealed,Dry,Fine,Daylight,Nil,No traffic controls,60 km/h,Local,40,U turn,304,Same - U-turn,,Other angle,Light truck utility(from 2018),Car (sedan/hatch),2,0,0,0,0,2,February,Summer,Wednesday,16:00 - 17:59,PM peak / evening commute,True,False,False,False
1343085,Non-casualty (towaway),Non-casualty (towaway),2024,2024,January,Monday,10:00 - 11:59,LOGAN,ST,0,Right on the spot,PETRIE,ST,TENTERFIELD,,No,Not a school zone,X-intersection,-29.047882,152.022475,Tenterfield,Country urban,Rest of NSW - Urban,Straight,,,,Unknown / not stated,Sealed,Dry,Overcast,Daylight,Nil,Give way sign,50 km/h,Local,10,Cross traffic,101,Adj - Cross traffic,,Right angle,Light truck utility(from 2018),4 wheel drive / SUV,2,0,0,0,0,1,January,Summer,Monday,10:00 - 11:59,Midday / afternoon,False,False,False,False
1343086,Non-casualty (towaway),Non-casualty (towaway),2024,2024,February,Saturday,22:00 - Midnight,PACIFIC,HWY,10,South,BRUNSWICK VALLEY WAY,OP,BRUNSWICK HEADS,10.0,No,Not a school zone,Divided road,-28.558545,153.541809,Byron,Country non-urban,Rest of NSW - Rural,Curved,Underpass/tunnel,,,On,Sealed,Wet,Raining,Darkness,Nil,No traffic controls,110 km/h,State,84,Off right/left bend,802,Off cway left bend,Right,Rollover,Car (sedan/hatch),,1,0,0,0,0,2,February,Summer,Saturday,22:00 - Midnight,Evening / night,False,False,False,False
1343087,Non-casualty (towaway),Non-casualty (towaway),2024,2024,February,Sunday,12:00 - 13:59,WESTERN,EXP,0,Right on the spot,PROSPECT HIGHWAY,TO,PROSPECT,6004.0,No,Not a school zone,Dual freeway,-33.806234,150.921321,Blacktown,Sydney metro. area,Syd-Newc-Woll Gtr conurbation,Straight,,,,Unknown / not stated,Sealed,Dry,Fine,Daylight,Nil,No traffic controls,100 km/h,State,30,Rear end,301,Same - Rear end,,Rear end,4 wheel drive / SUV,4 wheel drive / SUV,2,0,0,0,0,2,February,Summer,Sunday,12:00 - 13:59,Midday / afternoon,False,False,False,False
1343088,Non-casualty (towaway),Non-casualty (towaway),2024,2024,February,Saturday,12:00 - 13:59,WEST,TCE,10,South,SOUTH,TCE,BANKSTOWN,,No,Not a school zone,T-junction,-33.91801,151.037317,Canterbury-Bankstown,Sydney metro. area,Syd-Newc-Woll Gtr conurbation,Straight,,,,Unknown / not stated,Sealed,Dry,Fine,Daylight,On,No traffic controls,40 km/h,Local,74,On road-out of cont.,705,Out of control on cway,,Rollover,Light truck utility(from 2018),,1,0,0,0,0,2,February,Summer,Saturday,12:00 - 13:59,Midday / afternoon,False,False,False,False
1343090,Non-casualty (towaway),Non-casualty (towaway),2024,2024,February,Saturday,18:00 - 19:59,RYDE,RD,0,Right on the spot,CROSS,ST,PYMBLE,162.0,No,Not a school zone,T-junction,-33.755229,151.139297,Ku-ring-gai,Sydney metro. area,Syd-Newc-Woll Gtr conurbation,Straight,,,,Unknown / not stated,Sealed,Dry,Fine,Daylight,Nil,Left turn only,70 km/h,State,16,Left near,107,Adj - Left-thru from right,,Right angle,Car (sedan/hatch),Car (sedan/hatch),2,0,0,0,0,2,February,Summer,Saturday,18:00 - 19:59,PM peak / evening commute,True,False,False,False
1343091,Non-casualty (towaway),Non-casualty (towaway),2024,2024,February,Wednesday,06:00 - 07:59,MOSS VALE,RD,0,Right on the spot,BRIARS INN,OT,BURRADOO,260.0,No,Not a school zone,2-way undivided,-34.525915,150.396672,Wingecarribee,Country non-urban,Rest of NSW - Rural,Straight,,,,Unknown / not stated,Sealed,Dry,Overcast,Daylight,Nil,No traffic controls,90 km/h,State,42,Leaving parking,401,Manov - Leaving parking,,Other angle,Car (sedan/hatch),Car (sedan/hatch),2,0,0,0,0,2,February,Summer,Wednesday,06:00 - 07:59,AM peak / school commute,True,False,False,False
1343094,Non-casualty (towaway),Non-casualty (towaway),2024,2024,February,Saturday,10:00 - 11:59,WENTWORTH,RD,0,Right on the spot,WOODSIDE,AVE,BURWOOD,,No,Not a school zone,Roundabout,-33.880297,151.096724,Burwood,Sydney metro. area,Syd-Newc-Woll Gtr conurbation,Straight,,,,Unknown / not stated,Sealed,Dry,Fine,Daylight,Nil,Give way sign,50 km/h,Local,30,Rear end,301,Same - Rear end,,Rear end,Car (sedan/hatch),4 wheel drive / SUV,2,0,0,0,0,2,February,Summer,Saturday,10:00 - 11:59,Midday / afternoon,False,False,False,False
1343200,Non-casualty (towaway),Non-casualty (towaway),2024,2024,January,Wednesday,06:00 - 07:59,MOSS VALE,RD,0,Right on the spot,KANGALOON,RD,BOWRAL,260.0,No,Not a school zone,Roundabout,-34.484715,150.415802,Wingecarribee,Country urban,Rest of NSW - Urban,Curved,,,,Nil,Sealed,Dry,Fine,Daylight,Nil,Give way sign,50 km/h,State,10,Cross traffic,101,Adj - Cross traffic,,Right angle,4 wheel drive / SUV,4 wheel drive / SUV,2,0,0,0,0,1,January,Summer,Wednesday,06:00 - 07:59,AM peak / school commute,True,False,False,False
1343214,Non-casualty (towaway),Non-casualty (towaway),2024,2024,January,Wednesday,20:00 - 21:59,CAMPBELL,ST,0,Right on the spot,SAINT JOHNS,RD,GLEBE,,No,Not a school zone,X-intersection,-33.880445,151.188498,Sydney,Sydney metro. area,Syd-Newc-Woll Gtr conurbation,Straight,,,,On,Sealed,Wet,Raining,Darkness,Nil,Give way sign,50 km/h,Local,10,Cross traffic,101,Adj - Cross traffic,,Right angle,Car (sedan/hatch),Car (sedan/hatch),2,0,0,0,0,1,January,Summer,Wednesday,20:00 - 21:59,Evening / night,False,False,False,False
1343246,Non-casualty (towaway),Non-casualty (towaway),2024,2024,January,Friday,00:01 - 01:59,RAILWAY,CRES,10,West,MT PLEASANT,AVE,BURWOOD,,No,Not a school zone,T-junction,-33.87493,151.098283,Burwood,Sydney metro. area,Syd-Newc-Woll Gtr conurbation,Straight,,,,On,Sealed,Dry,Fine,Darkness,Nil,No traffic controls,50 km/h,Local,71,Off rd left => obj,703,Left off cway into object,,Other angle,Station wagon,Car (sedan/hatch),5,0,0,0,0,1,January,Summer,Friday,00:01 - 01:59,Late night / early morning,False,False,False,False
1343267,Non-casualty (towaway),Non-casualty (towaway),2024,2024,February,Wednesday,22:00 - Midnight,SOUTH,ST,100,East,CARNARVON,RD,SCHOFIELDS,687.0,No,Not a school zone,Divided road,-33.703821,150.859441,Blacktown,Sydney metro. area,Syd-Newc-Woll Gtr conurbation,Straight,,,,On,Sealed,Dry,Fine,Darkness,Nil,No traffic controls,70 km/h,State,71,Off rd left => obj,703,Left off cway into object,,Vehicle - Object,Car (sedan/hatch),,1,0,0,0,0,2,February,Summer,Wednesday,22:00 - Midnight,Evening / night,False,False,False,False
1343276,Non-casualty (towaway),Non-casualty (towaway),2024,2024,February,Tuesday,16:00 - 17:59,DENHAM COURT,RD,1000,West,CHURCH,RD,DENHAM COURT,7195.0,No,Not a school zone,2-way undivided,-33.979466,150.833908,Campbelltown,Sydney metro. area,Syd-Newc-Woll Gtr conurbation,Curved,Steep grade,,,Nil,Sealed,Dry,Fine,Daylight,Nil,No traffic controls,70 km/h,Regional,20,Head on,201,Opp - Head on,,Head-on,Unknown motor vehicle,4 wheel drive / SUV,2,0,0,0,0,2,February,Summer,Tuesday,16:00 - 17:59,PM peak / evening commute,True,False,False,False
1343292,Non-casualty (towaway),Non-casualty (towaway),2024,2024,January,Wednesday,04:00 - 05:59,ROPER,RD,0,Right on the spot,WESTERN,EXP,ST CLAIR,629.0,No,Not a school zone,T-junction,-33.792332,150.807567,Penrith,Sydney metro. area,Syd-Newc-Woll Gtr conurbation,Curved,,,,On,Sealed,Dry,Overcast,Darkness,On,No traffic controls,60 km/h,State,36,Right turn sideswipe,308,Same - Rgt turn side swipe,,Other angle,Unknown motor vehicle,Car (sedan/hatch),2,0,0,0,0,1,January,Summer,Wednesday,04:00 - 05:59,Late night / early morning,False,False,False,False
1343308,Non-casualty (towaway),Non-casualty (towaway),2024,2024,February,Sunday,02:00 - 03:59,KOOLBURY,CL,50,North,FLORA,CL,WHITEBRIDGE,,No,Not a school zone,2-way undivided,-32.970738,151.713207,Lake Macquarie,Newcastle met. area,Syd-Newc-Woll Gtr conurbation,Straight,,,,On,Sealed,Dry,Fine,Darkness,Nil,No traffic controls,50 km/h,Local,71,Off rd left => obj,703,Left off cway into object,,Other angle,4 wheel drive / SUV,Caravan,2,0,0,0,0,2,February,Summer,Sunday,02:00 - 03:59,Late night / early morning,False,False,False,False
1343309,Non-casualty (towaway),Non-casualty (towaway),2024,2024,January,Friday,08:00 - 09:59,OXLEY,HWY,0,Right on the spot,KAMILAROI,HWY,GUNNEDAH,11.0,No,Not a school zone,Roundabout,-30.988703,150.276267,Gunnedah,Country urban,Rest of NSW - Urban,Curved,,,,Nil,Sealed,Dry,Fine,Daylight,Nil,Give way sign,60 km/h,State,30,Rear end,301,Same - Rear end,,Rear end,Car (sedan/hatch),Unknown motor vehicle,2,0,0,0,0,1,January,Summer,Friday,08:00 - 09:59,AM peak / school commute,True,False,False,False
1343317,Non-casualty (towaway),Non-casualty (towaway),2024,2024,January,Tuesday,14:00 - 15:59,BARKER,ST,0,Right on the spot,NUMBER 70,HN,KINGSFORD,,No,Not a school zone,2-way undivided,-33.92007,151.231147,Randwick,Sydney metro. area,Syd-Newc-Woll Gtr conurbation,Straight,,,,Nil,Sealed,Dry,Fine,Daylight,Nil,No traffic controls,50 km/h,Local,94,Pkd veh runaway=>veh,906,Parked vehicle ran away,,Other angle,4 wheel drive / SUV,4 wheel drive / SUV,2,0,0,0,0,1,January,Summer,Tuesday,14:00 - 15:59,Midday / afternoon,False,False,False,False
1343323,Non-casualty (towaway),Non-casualty (towaway),2024,2024,January,Monday,16:00 - 17:59,PALMER,ST,0,Right on the spot,NUMBER 286,HN,DARLINGHURST,,No,Not a school zone,2-way undivided,-33.878999,151.216193,Sydney,Sydney metro. area,Syd-Newc-Woll Gtr conurbation,Straight,Steep grade,,,Off,Sealed,Dry,Fine,Daylight,Nil,No traffic controls,40 km/h,Local,71,Off rd left => obj,703,Left off cway into object,,Other angle,Unknown motor vehicle,4 wheel drive / SUV,2,0,0,0,0,1,January,Summer,Monday,16:00 - 17:59,PM peak / evening commute,True,False,False,False
1343332,Non-casualty (towaway),Non-casualty (towaway),2024,2024,January,Friday,10:00 - 11:59,PANORAMA,PDE,10,South,PALMER,PL,BLACKTOWN,,No,Not a school zone,T-junction,-33.777423,150.914477,Blacktown,Sydney metro. area,Syd-Newc-Woll Gtr conurbation,Straight,,,,Off,Sealed,Dry,Fine,Daylight,Nil,No traffic controls,50 km/h,Local,71,Off rd left => obj,703,Left off cway into object,,Other angle,Unknown motor vehicle,Car (sedan/hatch),2,0,0,0,0,1,January,Summer,Friday,10:00 - 11:59,Midday / afternoon,False,False,False,False
1343381,Non-casualty (towaway),Non-casualty (towaway),2024,2024,February,Sunday,00:01 - 01:59,DORA,ST,0,Right on the spot,NUMBER 272,HN,DORA CREEK,,No,Not a school zone,2-way undivided,-33.083062,151.53058,Lake Macquarie,Newcastle met. area,Syd-Newc-Woll Gtr conurbation,Straight,,,,Nil,Sealed,Dry,Fine,Darkness,Nil,No traffic controls,50 km/h,Local,49,Other manoeuvring,400,Manov - other,,Other angle,Unknown motor vehicle,Light truck,2,0,0,0,0,2,February,Summer,Sunday,00:01 - 01:59,Late night / early morning,False,False,False,False
1343401,Non-casualty (towaway),Non-casualty (towaway),2024,2024,January,Sunday,08:00 - 09:59,SOUTH WESTERN,EXP,500,West,HEATHCOTE ROAD,TO,MOOREBANK,6005.0,No,Not a school zone,Dual freeway,-33.940736,150.933245,Liverpool,Sydney metro. area,Syd-Newc-Woll Gtr conurbation,Straight,,,,Off,Sealed,Dry,Fine,Daylight,Nil,No traffic controls,100 km/h,State,30,Rear end,301,Same - Rear end,,Rear end,Car (sedan/hatch),Car (sedan/hatch),2,0,0,0,0,1,January,Summer,Sunday,08:00 - 09:59,AM peak / school commute,True,False,False,False
1343418,Non-casualty (towaway),Non-casualty (towaway),2024,2024,January,Tuesday,06:00 - 07:59,NORTHBOURNE,DR,100,North,MELLISH,ST,MARSDEN PARK,,No,Not a school zone,2-way undivided,-33.692221,150.818781,Blacktown,Sydney metro. area,Syd-Newc-Woll Gtr conurbation,Straight,,,,Nil,Sealed,Dry,Fine,Daylight,Nil,No traffic controls,50 km/h,Local,71,Off rd left => obj,703,Left off cway into object,,Other angle,Car (sedan/hatch),4 wheel drive / SUV,5,0,0,0,0,1,January,Summer,Tuesday,06:00 - 07:59,AM peak / school commute,True,False,False,False
1343420,Non-casualty (towaway),Non-casualty (towaway),2024,2024,January,Tuesday,20:00 - 21:59,BRYANT,ST,0,Right on the spot,GEORGE,ST,ROCKDALE,,No,Not a school zone,T-junction,-33.951053,151.141053,Bayside,Sydney metro. area,Syd-Newc-Woll Gtr conurbation,Straight,,,,On,Sealed,Dry,Fine,Darkness,Nil,Give way sign,50 km/h,Local,10,Cross traffic,101,Adj - Cross traffic,,Right angle,Car (sedan/hatch),4 wheel drive / SUV,3,0,0,0,0,1,January,Summer,Tuesday,20:00 - 21:59,Evening / night,False,False,False,False
1343439,Non-casualty (towaway),Non-casualty (towaway),2024,2024,January,Saturday,08:00 - 09:59,EDDY,ST,0,Right on the spot,NUMBER 94,HN,MERRYLANDS WEST,,No,Not a school zone,2-way undivided,-33.835488,150.966167,Cumberland,Sydney metro. area,Syd-Newc-Woll Gtr conurbation,Straight,,,,Nil,Sealed,Dry,Fine,Daylight,Nil,No traffic controls,50 km/h,Local,71,Off rd left => obj,703,Left off cway into object,,Other angle,Car (sedan/hatch),Car (sedan/hatch),2,0,0,0,0,1,January,Summer,Saturday,08:00 - 09:59,AM peak / school commute,True,False,False,False
1343440,Non-casualty (towaway),Non-casualty (towaway),2024,2024,January,Tuesday,20:00 - 21:59,MOWBRAY,RD,0,Right on the spot,NUMBER 86A,HN,WILLOUGHBY,2092.0,No,Not a school zone,2-way undivided,-33.80414,151.203832,Willoughby,Sydney metro. area,Syd-Newc-Woll Gtr conurbation,Straight,,,,On,Sealed,Wet,Raining,Darkness,Nil,No traffic controls,50 km/h,Regional,71,Off rd left => obj,703,Left off cway into object,,Vehicle - Object,Car (sedan/hatch),,1,0,0,0,0,1,January,Summer,Tuesday,20:00 - 21:59,Evening / night,False,False,False,False
1343445,Non-casualty (towaway),Non-casualty (towaway),2024,2024,February,Sunday,16:00 - 17:59,CONDAMINE,ST,30,North,KENNETH,RD,MANLY VALE,164.0,No,Not a school zone,Divided road,-33.786257,151.266651,Northern Beaches,Sydney metro. area,Syd-Newc-Woll Gtr conurbation,Straight,,,,Off,Sealed,Dry,Fine,Daylight,Nil,No traffic controls,60 km/h,State,71,Off rd left => obj,703,Left off cway into object,,Other angle,Car (sedan/hatch),Car (sedan/hatch),4,0,0,0,0,2,February,Summer,Sunday,16:00 - 17:59,PM peak / evening commute,True,False,False,False
1343448,Non-casualty (towaway),Non-casualty (towaway),2024,2024,February,Friday,14:00 - 15:59,HUME,HWY,500,North,COBBLER,RD,BERREMANGRA,2.0,No,Not a school zone,Divided road,-34.815593,148.433689,Hilltops,Country non-urban,Rest of NSW - Rural,Curved,,,,Nil,Sealed,Dry,Fine,Daylight,Nil,No traffic controls,110 km/h,State,30,Rear end,301,Same - Rear end,,Rear end,Light truck,B-double (road train prior 98),2,0,0,0,0,2,February,Summer,Friday,14:00 - 15:59,Midday / afternoon,False,False,False,False
1343456,Non-casualty (towaway),Non-casualty (towaway),2024,2024,February,Tuesday,14:00 - 15:59,PACIFIC,HWY,1000,North,SOLITARY ISLANDS WAY,TO,WOOLGOOLGA,10.0,No,Not a school zone,Divided road,-30.130182,153.193262,Coffs Harbour,Country non-urban,Rest of NSW - Rural,Curved,,,,Nil,Sealed,Dry,Fine,Daylight,Nil,No traffic controls,110 km/h,State,34,Lane change right,306,Same - Lane change right,,Other angle,Unknown motor vehicle,Car (sedan/hatch),2,0,0,0,0,2,February,Summer,Tuesday,14:00 - 15:59,Midday / afternoon,False,False,False,False
1343478,Non-casualty (towaway),Non-casualty (towaway),2024,2024,February,Wednesday,04:00 - 05:59,CORIEDALE,DR,15,East,PEARCE,DR,COFFS HARBOUR,,No,Not a school zone,2-way undivided,-30.277127,153.087637,Coffs Harbour,Country urban,Rest of NSW - Urban,Straight,Driveway/entrance,,,On,Sealed,Wet,Raining,Darkness,Nil,No traffic controls,50 km/h,Local,71,Off rd left => obj,703,Left off cway into object,,Vehicle - Object,Station wagon,,2,0,0,0,0,2,February,Summer,Wednesday,04:00 - 05:59,Late night / early morning,False,False,False,False
1343501,Non-casualty (towaway),Non-casualty (towaway),2024,2024,January,Wednesday,06:00 - 07:59,CUMBERLAND,HWY,0,Right on the spot,DUNMORE,ST,WENTWORTHVILLE,13.0,No,Not a school zone,X-intersection,-33.807257,150.969318,Cumberland,Sydney metro. area,Syd-Newc-Woll Gtr conurbation,Straight,,,,On,Sealed,Dry,Fine,Dawn,Unknown / not stated,Ped crossing,70 km/h,State,34,Lane change right,306,Same - Lane change right,,Other angle,Car (sedan/hatch),Car (sedan/hatch),2,0,0,0,0,1,January,Summer,Wednesday,06:00 - 07:59,AM peak / school commute,True,False,False,False
1343524,Non-casualty (towaway),Non-casualty (towaway),2024,2024,February,Thursday,10:00 - 11:59,OLYMPIC,HWY,0,Right on the spot,SHORT,ST,YOUNG,78.0,No,Not a school zone,T-junction,-34.313466,148.295555,Hilltops,Country urban,Rest of NSW - Urban,Curved,,,,Unknown / not stated,Sealed,Dry,Fine,Daylight,Nil,Give way sign,50 km/h,State,32,Right rear,303,Same - Rear right,,Rear end,Light truck,Large rigid,2,0,0,0,0,2,February,Summer,Thursday,10:00 - 11:59,Midday / afternoon,False,False,False,False
1343529,Non-casualty (towaway),Non-casualty (towaway),2024,2024,February,Thursday,10:00 - 11:59,RIVER,RD,20,South,VICTORIA,RD,ERMINGTON,,No,Not a school zone,2-way undivided,-33.814221,151.053585,Parramatta,Sydney metro. area,Syd-Newc-Woll Gtr conurbation,Straight,Driveway/entrance,,,Unknown / not stated,Sealed,Dry,Fine,Daylight,Nil,No traffic controls,50 km/h,Local,36,Right turn sideswipe,308,Same - Rgt turn side swipe,,Other angle,Light truck utility(from 2018),Car (sedan/hatch),2,0,0,0,0,2,February,Summer,Thursday,10:00 - 11:59,Midday / afternoon,False,False,False,False