crash_id,degree_of_crash,degree_of_crash_-_detailed,reporting_year,year_of_crash,month_of_crash,day_of_week_of_crash,two-hour_intervals,street_of_crash,street_type,distance,direction,identifying_feature,identifying_feature_type,town,route_no.,school_zone_location,school_zone_active,type_of_location,latitude,longitude,lga,urbanisation,conurbation_1,alignment,primary_permanent_feature,primary_temporary_feature,primary_hazardous_feature,street_lighting,road_surface,surface_condition,weather,natural_lighting,signals_operation,other_traffic_control,speed_limit,road_classification_(admin),rum_-_code,rum_-_description,dca_-_code,dca_-_description,dca_supplement,first_impact_type,key_tu_type,other_tu_type,no._of_traffic_units_involved,no._killed,no._seriously_injured,no._moderately_injured,no._minor-other_injured,month_num,month_label,season,day_label,time_label,time_band,is_peak_commute,is_fatal,is_injury,is_casualty
1343531,Non-casualty (towaway),Non-casualty (towaway),2024,2024,February,Wednesday,12:00 - 13:59,ANZAC,AVE,0,Right on the spot,VICTORIA,RD,WEST RYDE,,No,Not a school zone,T-junction,-33.808404,151.091563,Ryde,Sydney metro. area,Syd-Newc-Woll Gtr conurbation,Straight,,,,Unknown / not stated,Sealed,Dry,Fine,Daylight,Nil,Give way sign,50 km/h,Local,13,Right near,104,Adj - Right-thru from right,,Right angle,Car (sedan/hatch),4 wheel drive / SUV,2,0,0,0,0,2,February,Summer,Wednesday,12:00 - 13:59,Midday / afternoon,False,False,False,False
1343532,Non-casualty (towaway),Non-casualty (towaway),2024,2024,February,Tuesday,14:00 - 15:59,TORONTO,RD,250,South,MAIN,RD,FENNELL BAY,217.0,No,Not a school zone,Divided road,-32.992436,151.600114,Lake Macquarie,Newcastle met. area,Syd-Newc-Woll Gtr conurbation,Straight,,,,Unknown / not stated,Sealed,Wet,Raining,Daylight,Nil,No traffic controls,60 km/h,State,30,Rear end,301,Same - Rear end,,Rear end,Light truck utility(from 2018),Car (sedan/hatch),3,0,0,0,0,2,February,Summer,Tuesday,14:00 - 15:59,Midday / afternoon,False,False,False,False
1343534,Non-casualty (towaway),Non-casualty (towaway),2024,2024,February,Friday,20:00 - 21:59,HEFFRON,RD,125,West,BANKS,AVE,PAGEWOOD,7044.0,No,Not a school zone,2-way undivided,-33.939276,151.222561,Bayside,Sydney metro. area,Syd-Newc-Woll Gtr conurbation,Curved,,,,Unknown / not stated,Sealed,Dry,Overcast,Darkness,Nil,No traffic controls,50 km/h,Regional,40,U turn,304,Same - U-turn,,Other angle,4 wheel drive / SUV,4 wheel drive / SUV,2,0,0,0,0,2,February,Summer,Friday,20:00 - 21:59,Evening / night,False,False,False,False
1343535,Non-casualty (towaway),Non-casualty (towaway),2024,2024,February,Thursday,18:00 - 19:59,NEWELL,HWY,3000,South,BURLEY GRIFFIN,WAY,ARDLETHAN,17.0,No,Not a school zone,2-way undivided,-34.386011,146.891563,Coolamon,Country non-urban,Rest of NSW - Rural,Straight,Embankment/cutting,,,Unknown / not stated,Sealed,Dry,Fine,Dusk,Nil,No traffic controls,110 km/h,State,73,Off rd rght => obj,704,Right off cway into obj,,Vehicle - Object,Car (sedan/hatch),,1,0,0,0,0,2,February,Summer,Thursday,18:00 - 19:59,PM peak / evening commute,True,False,False,False
1343537,Non-casualty (towaway),Non-casualty (towaway),2024,2024,February,Friday,22:00 - Midnight,TWEED VALLEY,WAY,0,Right on the spot,RIVERSIDE,DR,TUMBULGUM,679.0,No,Not a school zone,T-junction,-28.281979,153.462829,Tweed,Country urban,Rest of NSW - Urban,Straight,,,,On,Sealed,Wet,Raining,Darkness,Nil,Give way sign,80 km/h,Regional,81,Off left/rt bnd=>obj,707,Right turn,Left,Vehicle - Object,Car (sedan/hatch),,1,0,0,0,0,2,February,Summer,Friday,22:00 - Midnight,Evening / night,False,False,False,False
1343539,Non-casualty (towaway),Non-casualty (towaway),2024,2024,February,Saturday,10:00 - 11:59,QUARRY,RD,0,Right on the spot,NUMBER 29,HN,DUNDAS VALLEY,,No,Not a school zone,2-way undivided,-33.796938,151.053277,Parramatta,Sydney metro. area,Syd-Newc-Woll Gtr conurbation,Straight,,,,Unknown / not stated,Sealed,Wet,Overcast,Daylight,Nil,No traffic controls,50 km/h,Local,71,Off rd left => obj,703,Left off cway into object,,Other angle,4 wheel drive / SUV,4 wheel drive / SUV,4,0,0,0,0,2,February,Summer,Saturday,10:00 - 11:59,Midday / afternoon,False,False,False,False
1343540,Non-casualty (towaway),Non-casualty (towaway),2024,2024,February,Wednesday,14:00 - 15:59,STURT,HWY,0,Right on the spot,LAKE ALBERT,RD,EAST WAGGA WAGGA,14.0,No,Not a school zone,X-intersection,-35.120206,147.378271,Wagga Wagga,Country urban,Rest of NSW - Urban,Straight,Steep grade,,,Unknown / not stated,Sealed,Dry,Fine,Daylight,On,No traffic controls,60 km/h,State,10,Cross traffic,101,Adj - Cross traffic,,Right angle,Station wagon,4 wheel drive / SUV,3,0,0,0,0,2,February,Summer,Wednesday,14:00 - 15:59,Midday / afternoon,False,False,False,False
1343543,Non-casualty (towaway),Non-casualty (towaway),2024,2024,February,Sunday,18:00 - 19:59,STADIUM,DR,100,West,PHIL HAWTHORNE,DR,COFFS HARBOUR,7741.0,No,Not a school zone,2-way undivided,-30.324343,153.095173,Coffs Harbour,Country urban,Rest of NSW - Urban,Straight,,,,Unknown / not stated,Sealed,Wet,Raining,Darkness,Nil,No traffic controls,60 km/h,Regional,73,Off rd rght => obj,704,Right off cway into obj,,Vehicle - Object,Car (sedan/hatch),,1,0,0,0,0,2,February,Summer,Sunday,18:00 - 19:59,PM peak / evening commute,True,False,False,False
1343545,Non-casualty (towaway),Non-casualty (towaway),2024,2024,February,Friday,14:00 - 15:59,DENMAN,RD,0,Right on the spot,THOMAS MITCHELL,DR,MUSWELLBROOK,209.0,No,Not a school zone,T-junction,-32.291771,150.869419,Muswellbrook,Country urban,Rest of NSW - Urban,Straight,Embankment/cutting,,,Unknown / not stated,Sealed,Dry,Fine,Daylight,Nil,Give way sign,80 km/h,State,75,Off end of road,709,Off end cway or T junct,,Vehicle - Object,Light truck utility(from 2018),,1,0,0,0,0,2,February,Summer,Friday,14:00 - 15:59,Midday / afternoon,False,False,False,False
1343551,Non-casualty (towaway),Non-casualty (towaway),2024,2024,February,Monday,10:00 - 11:59,CAPTAIN COOK,DR,0,Right on the spot,RYAN,RD,NORTH ALBURY,,No,Not a school zone,T-junction,-36.061588,146.920706,Albury,Country urban,Rest of NSW - Urban,Straight,,,,Unknown / not stated,Sealed,Dry,Fine,Daylight,Nil,Give way sign,50 km/h,Local,53,Overtake turning,506,Ovtak - Overtaking right turn,,Other angle,Car (sedan/hatch),Light truck utility(from 2018),2,0,0,0,0,2,February,Summer,Monday,10:00 - 11:59,Midday / afternoon,False,False,False,False
1343552,Non-casualty (towaway),Non-casualty (towaway),2024,2024,February,Thursday,06:00 - 07:59,TAMARIND,DR,0,Right on the spot,TINTENBAR,RD,TINTENBAR,7734.0,No,Not a school zone,T-junction,-28.795763,153.517728,Ballina,Country urban,Rest of NSW - Urban,Curved,Steep grade,,,Unknown / not stated,Sealed,Dry,Fine,Dawn,Nil,Give way sign,80 km/h,Regional,21,Right through,202,Opp - Right-thru,,Other angle,4 wheel drive / SUV,Utility,2,0,0,0,0,2,February,Summer,Thursday,06:00 - 07:59,AM peak / school commute,True,False,False,False
1343554,Non-casualty (towaway),Non-casualty (towaway),2024,2024,January,Saturday,22:00 - Midnight,CASTLEREAGH,HWY,0,Right on the spot,MORTIMER,ST,MUDGEE,18.0,No,Not a school zone,X-intersection,-32.592464,149.583269,Mid-Western Regional,Country urban,Rest of NSW - Urban,Straight,,,,Unknown / not stated,Sealed,Dry,Fine,Darkness,Nil,Stop sign,50 km/h,State,10,Cross traffic,101,Adj - Cross traffic,,Right angle,Car (sedan/hatch),Car (sedan/hatch),2,0,0,0,0,1,January,Summer,Saturday,22:00 - Midnight,Evening / night,False,False,False,False
1343557,Non-casualty (towaway),Non-casualty (towaway),2024,2024,February,Saturday,12:00 - 13:59,KAMILAROI,HWY,25000,West,KAMILAROI,HWY,DRILDOOL,29.0,No,Not a school zone,2-way undivided,-30.101287,149.054095,Narrabri,Country non-urban,Rest of NSW - Rural,Straight,,,,Unknown / not stated,Unsealed,Dry,Fine,Daylight,Nil,No traffic controls,100 km/h,State,74,On road-out of cont.,705,Out of control on cway,,Rollover,Car (sedan/hatch),,1,0,0,0,0,2,February,Summer,Saturday,12:00 - 13:59,Midday / afternoon,False,False,False,False
1343558,Non-casualty (towaway),Non-casualty (towaway),2024,2024,February,Friday,16:00 - 17:59,TERRANORA,RD,0,Right on the spot,NUMBER 41,HN,BANORA POINT,,No,Not a school zone,2-way undivided,-28.224967,153.544754,Tweed,Country urban,Rest of NSW - Urban,Straight,,,,Unknown / not stated,Sealed,Dry,Overcast,Daylight,Nil,No traffic controls,50 km/h,Local,39,Other same direction,300,Same - other,,Other angle,Station wagon,Car (sedan/hatch),2,0,0,0,0,2,February,Summer,Friday,16:00 - 17:59,PM peak / evening commute,True,False,False,False
1343563,Non-casualty (towaway),Non-casualty (towaway),2024,2024,February,Tuesday,06:00 - 07:59,WESTERN,EXP,100,East,THE NORTHERN ROAD,OP,ORCHARD HILLS,6004.0,No,Not a school zone,Dual freeway,-33.785879,150.705323,Penrith,Sydney metro. area,Syd-Newc-Woll Gtr conurbation,Straight,,,,Nil,Sealed,Dry,Fine,Daylight,Nil,No traffic controls,110 km/h,State,35,Lane change left,307,Same - Lane change left,,Other angle,Car (sedan/hatch),Light truck utility(from 2018),2,0,0,0,0,2,February,Summer,Tuesday,06:00 - 07:59,AM peak / school commute,True,False,False,False
1343565,Non-casualty (towaway),Non-casualty (towaway),2024,2024,February,Wednesday,20:00 - 21:59,MIRANDA,PDE,0,Right on the spot,NORTHLAKES,DR,CAMERON PARK,,No,Not a school zone,T-junction,-32.906206,151.607767,Lake Macquarie,Newcastle met. area,Syd-Newc-Woll Gtr conurbation,Curved,,,,Unknown / not stated,Sealed,Wet,Raining,Darkness,Nil,No traffic controls,50 km/h,Local,20,Head on,201,Opp - Head on,,Head-on,Car (sedan/hatch),4 wheel drive / SUV,2,0,0,0,0,2,February,Summer,Wednesday,20:00 - 21:59,Evening / night,False,False,False,False
1343566,Non-casualty (towaway),Non-casualty (towaway),2024,2024,February,Saturday,10:00 - 11:59,RIVER,RD,0,Right on the spot,BARINA,RD,LANE COVE,2070.0,No,Not a school zone,T-junction,-33.820333,151.167322,Lane Cove,Sydney metro. area,Syd-Newc-Woll Gtr conurbation,Curved,Steep grade,,,Unknown / not stated,Sealed,Wet,Raining,Daylight,Nil,No traffic controls,50 km/h,Regional,81,Off left/rt bnd=>obj,803,Off right bend into obj,Left,Vehicle - Object,Car (sedan/hatch),,1,0,0,0,0,2,February,Summer,Saturday,10:00 - 11:59,Midday / afternoon,False,False,False,False
1343567,Non-casualty (towaway),Non-casualty (towaway),2024,2024,February,Monday,10:00 - 11:59,CASTLEREAGH,HWY,385,South,KALUDABAH,RD,CULLENBONE,18.0,No,Not a school zone,2-way undivided,-32.491847,149.510958,Mid-Western Regional,Country non-urban,Rest of NSW - Rural,Straight,Driveway/entrance,,,Unknown / not stated,Sealed,Dry,Fine,Daylight,Nil,No traffic controls,100 km/h,State,32,Right rear,303,Same - Rear right,,Rear end,Large rigid,Light truck utility(from 2018),3,0,0,0,0,2,February,Summer,Monday,10:00 - 11:59,Midday / afternoon,False,False,False,False
1343568,Non-casualty (towaway),Non-casualty (towaway),2024,2024,February,Saturday,20:00 - 21:59,PEARL BEACH,DR,15,West,NUMBER 23,HN,PEARL BEACH,,No,Not a school zone,2-way undivided,-33.542417,151.301963,Central Coast,Country urban,Syd-Newc-Woll Gtr conurbation,Straight,,,,Unknown / not stated,Sealed,Wet,Raining,Darkness,Nil,No traffic controls,50 km/h,Local,71,Off rd left => obj,703,Left off cway into object,,Vehicle - Object,Car (sedan/hatch),,1,0,0,0,0,2,February,Summer,Saturday,20:00 - 21:59,Evening / night,False,False,False,False
1343576,Non-casualty (towaway),Non-casualty (towaway),2024,2024,February,Sunday,22:00 - Midnight,THE POCKET,RD,1000,West,BILLINUDGEL,RD,BILLINUDGEL,,No,Not a school zone,2-way undivided,-28.499303,153.515067,Byron,Country urban,Rest of NSW - Urban,Curved,,,,Unknown / not stated,Sealed,Dry,Fine,Darkness,Nil,No traffic controls,80 km/h,Local,88,Out of cont on bend,805,Out of control on bend,,Rollover,Car (sedan/hatch),,1,0,0,0,0,2,February,Summer,Sunday,22:00 - Midnight,Evening / night,False,False,False,False
1343577,Non-casualty (towaway),Non-casualty (towaway),2024,2024,February,Sunday,10:00 - 11:59,PACIFIC,HWY,0,Right on the spot,BRUNKER,RD,ADAMSTOWN HEIGHTS,10.0,No,Not a school zone,T-junction,-32.951023,151.717772,Newcastle,Newcastle met. area,Syd-Newc-Woll Gtr conurbation,Straight,,,,Off,Sealed,Dry,Fine,Daylight,On,No traffic controls,60 km/h,State,13,Right near,104,Adj - Right-thru from right,,Right angle,4 wheel drive / SUV,4 wheel drive / SUV,2,0,0,0,0,2,February,Summer,Sunday,10:00 - 11:59,Midday / afternoon,False,False,False,False
1343578,Non-casualty (towaway),Non-casualty (towaway),2024,2024,February,Monday,14:00 - 15:59,CARLISLE,AVE,0,Right on the spot,ROPES CREEK,RD,MOUNT DRUITT,629.0,No,Not a school zone,T-junction,-33.775701,150.815107,Blacktown,Sydney metro. area,Syd-Newc-Woll Gtr conurbation,Straight,Steep grade,,,Unknown / not stated,Sealed,Dry,Fine,Daylight,Nil,No traffic controls,60 km/h,State,11,Right far,102,Adj - Right-thru from left,,Right angle,4 wheel drive / SUV,Station wagon,2,0,0,0,0,2,February,Summer,Monday,14:00 - 15:59,Midday / afternoon,False,False,False,False
1343583,Non-casualty (towaway),Non-casualty (towaway),2024,2024,February,Friday,12:00 - 13:59,CONDAMINE,ST,0,Right on the spot,NUMBER 347,HN,MANLY VALE,164.0,Yes,No,Divided road,-33.782639,151.267602,Northern Beaches,Sydney metro. area,Syd-Newc-Woll Gtr conurbation,Straight,Bus/transit lane,,,Unknown / not stated,Sealed,Dry,Fine,Daylight,Nil,No traffic controls,60 km/h,State,71,Off rd left => obj,703,Left off cway into object,,Other angle,Car (sedan/hatch),Car (sedan/hatch),3,0,0,0,0,2,February,Summer,Friday,12:00 - 13:59,Midday / afternoon,False,False,False,False
1343587,Non-casualty (towaway),Non-casualty (towaway),2024,2024,February,Monday,06:00 - 07:59,GALSTON,RD,0,Right on the spot,ARCADIA,RD,GALSTON,161.0,No,Not a school zone,Roundabout,-33.653226,151.047008,Hornsby,Sydney metro. area,Syd-Newc-Woll Gtr conurbation,Curved,,,,Unknown / not stated,Sealed,Dry,Fine,Daylight,Nil,Give way sign,60 km/h,State,21,Right through,202,Opp - Right-thru,,Other angle,Light truck utility(from 2018),Large rigid,2,0,0,0,0,2,February,Summer,Monday,06:00 - 07:59,AM peak / school commute,True,False,False,False
1343589,Non-casualty (towaway),Non-casualty (towaway),2024,2024,February,Wednesday,12:00 - 13:59,CENTRAL COAST,HWY,0,Right on the spot,NEWCASTLE,EXP,SOMERSBY,30.0,No,Not a school zone,T-junction,-33.421122,151.288705,Central Coast,Country urban,Syd-Newc-Woll Gtr conurbation,Straight,,,,Unknown / not stated,Sealed,Dry,Fine,Daylight,On,No traffic controls,70 km/h,State,21,Right through,202,Opp - Right-thru,,Other angle,4 wheel drive / SUV,Light truck utility(from 2018),2,0,0,0,0,2,February,Summer,Wednesday,12:00 - 13:59,Midday / afternoon,False,False,False,False
1343590,Non-casualty (towaway),Non-casualty (towaway),2024,2024,February,Wednesday,16:00 - 17:59,PRINCES,HWY,500,South,FARNELL,AVE,LOFTUS,1.0,No,Not a school zone,Divided road,-34.055277,151.043408,Sutherland,Sydney metro. area,Syd-Newc-Woll Gtr conurbation,Straight,,,,Unknown / not stated,Sealed,Dry,Fine,Daylight,Nil,No traffic controls,80 km/h,State,30,Rear end,301,Same - Rear end,,Rear end,4 wheel drive / SUV,4 wheel drive / SUV,3,0,0,0,0,2,February,Summer,Wednesday,16:00 - 17:59,PM peak / evening commute,True,False,False,False
1343592,Non-casualty (towaway),Non-casualty (towaway),2024,2024,February,Saturday,18:00 - 19:59,NEW LAKE ENTRANCE,RD,0,Right on the spot,PIONEER,DR,OAK FLATS,611.0,No,Not a school zone,Roundabout,-34.571068,150.823212,Shellharbour,Wollongong met. area,Syd-Newc-Woll Gtr conurbation,Straight,,,,Unknown / not stated,Sealed,Wet,Raining,Dusk,Nil,Give way sign,60 km/h,State,71,Off rd left => obj,703,Left off cway into object,,Vehicle - Object,Car (sedan/hatch),,1,0,0,0,0,2,February,Summer,Saturday,18:00 - 19:59,PM peak / evening commute,True,False,False,False
1343594,Non-casualty (towaway),Non-casualty (towaway),2024,2024,February,Saturday,14:00 - 15:59,INGLEBURN,RD,0,Right on the spot,CAMDEN VALLEY WEAY,TO,LEPPINGTON,,No,Not a school zone,Divided road,-33.96874,150.814233,Camden,Sydney metro. area,Syd-Newc-Woll Gtr conurbation,Curved,,,,Unknown / not stated,Sealed,Dry,Fine,Daylight,On,Ped crossing,70 km/h,Local,30,Rear end,301,Same - Rear end,,Rear end,4 wheel drive / SUV,Car (sedan/hatch),2,0,0,0,0,2,February,Summer,Saturday,14:00 - 15:59,Midday / afternoon,False,False,False,False
1343596,Non-casualty (towaway),Non-casualty (towaway),2024,2024,February,Monday,16:00 - 17:59,RAILWAY,ST,0,Right on the spot,NUMBER 9,HN,CHATSWOOD,,No,Not a school zone,2-way undivided,-33.794545,151.180317,Willoughby,Sydney metro. area,Syd-Newc-Woll Gtr conurbation,Curved,Driveway/entrance,,,Unknown / not stated,Sealed,Dry,Fine,Daylight,Nil,No traffic controls,40 km/h,Local,47,Emerging from drive,406,Manov - Emerging from driveway,,Right angle,4 wheel drive / SUV,Car (sedan/hatch),2,0,0,0,0,2,February,Summer,Monday,16:00 - 17:59,PM peak / evening commute,True,False,False,False
1343600,Non-casualty (towaway),Non-casualty (towaway),2024,2024,February,Tuesday,10:00 - 11:59,GREENFIELD,RD,0,Right on the spot,NUMBER 60,HN,PRAIRIEWOOD,,No,Not a school zone,2-way undivided,-33.869378,150.899741,Fairfield,Sydney metro. area,Syd-Newc-Woll Gtr conurbation,Curved,,,,Unknown / not stated,Sealed,Dry,Fine,Daylight,Nil,No traffic controls,50 km/h,Local,81,Off left/rt bnd=>obj,803,Off right bend into obj,Left,Other angle,Car (sedan/hatch),Car (sedan/hatch),2,0,0,0,0,2,February,Summer,Tuesday,10:00 - 11:59,Midday / afternoon,False,False,False,False
1343604,Non-casualty (towaway),Non-casualty (towaway),2024,2024,February,Tuesday,08:00 - 09:59,WEST,PDE,0,Right on the spot,NUMBER 8,HN,WEST RYDE,,No,Not a school zone,2-way undivided,-33.807382,151.089006,Ryde,Sydney metro. area,Syd-Newc-Woll Gtr conurbation,Straight,,,,Unknown / not stated,Sealed,Dry,Fine,Daylight,Nil,No traffic controls,40 km/h,Local,40,U turn,207,Opp - U-turn,,Other angle,Car (sedan/hatch),Car (sedan/hatch),2,0,0,0,0,2,February,Summer,Tuesday,08:00 - 09:59,AM peak / school commute,True,False,False,False
1343605,Non-casualty (towaway),Non-casualty (towaway),2024,2024,February,Thursday,02:00 - 03:59,NEWCASTLE,EXP,1200,North,PACIFIC HIGHWAY,TO,WAHROONGA,6003.0,No,Not a school zone,Dual freeway,-33.706744,151.117584,Hornsby,Sydney metro. area,Syd-Newc-Woll Gtr conurbation,Curved,Embankment/cutting,,,Unknown / not stated,Sealed,Wet,Raining,Darkness,Nil,No traffic controls,80 km/h,State,93,Pkd veh runaway=>obj,906,Parked vehicle ran away,,Vehicle - Object,Semi-trailer,,1,0,0,0,0,2,February,Summer,Thursday,02:00 - 03:59,Late night / early morning,False,False,False,False
1343611,Non-casualty (towaway),Non-casualty (towaway),2024,2024,February,Monday,14:00 - 15:59,MARIGOLD,PL,0,Right on the spot,NUMBER 1,HN,MILPERRA,,No,Not a school zone,2-way undivided,-33.941212,150.998619,Canterbury-Bankstown,Sydney metro. area,Syd-Newc-Woll Gtr conurbation,Straight,,,,Unknown / not stated,Sealed,Dry,Fine,Daylight,Nil,No traffic controls,50 km/h,Local,71,Off rd left => obj,703,Left off cway into object,,Other angle,Light truck utility(from 2018),Light truck utility(from 2018),2,0,0,0,0,2,February,Summer,Monday,14:00 - 15:59,Midday / afternoon,False,False,False,False
1343616,Non-casualty (towaway),Non-casualty (towaway),2024,2024,February,Wednesday,14:00 - 15:59,NEW ENGLAND,HWY,30,North,FERGUSON,ST,GLEN INNES,9.0,Yes,Yes,2-way undivided,-29.735381,151.738528,Glen Innes Severn,Country urban,Rest of NSW - Urban,Straight,,,,Unknown / not stated,Sealed,Dry,Fine,Daylight,Nil,No traffic controls,40 km/h,State,71,Off rd left => obj,703,Left off cway into object,,Other angle,Car (sedan/hatch),4 wheel drive / SUV,3,0,0,0,0,2,February,Summer,Wednesday,14:00 - 15:59,Midday / afternoon,False,False,False,False
1343623,Non-casualty (towaway),Non-casualty (towaway),2024,2024,January,Monday,12:00 - 13:59,HENDERSON,RD,50,North,HAROLD,ST,MACQUARIE FIELDS,7197.0,No,Not a school zone,Divided road,-33.999285,150.881178,Campbelltown,Sydney metro. area,Syd-Newc-Woll Gtr conurbation,Straight,,,,Unknown / not stated,Sealed,Dry,Fine,Daylight,Nil,No traffic controls,60 km/h,Regional,62,Accident,603,On path - Previous accident,,Other angle,4 wheel drive / SUV,Car (sedan/hatch),2,0,0,0,0,1,January,Summer,Monday,12:00 - 13:59,Midday / afternoon,False,False,False,False
1343625,Non-casualty (towaway),Non-casualty (towaway),2024,2024,February,Friday,08:00 - 09:59,PANDORA,ST,0,Right on the spot,RAWSON,RD,GREENACRE,,Yes,Yes,X-intersection,-33.90296,151.058829,Canterbury-Bankstown,Sydney metro. area,Syd-Newc-Woll Gtr conurbation,Straight,,,,Unknown / not stated,Sealed,Dry,Fine,Daylight,Nil,Give way sign,40 km/h,Local,12,Left far,103,Adj - Left-thru from left,,Right angle,Car (sedan/hatch),4 wheel drive / SUV,3,0,0,0,0,2,February,Summer,Friday,08:00 - 09:59,AM peak / school commute,True,False,False,False
1343629,Non-casualty (towaway),Non-casualty (towaway),2024,2024,February,Tuesday,16:00 - 17:59,CORONA,RD,0,Right on the spot,SAVERY,PL,FAIRFIELD WEST,,No,Not a school zone,T-junction,-33.869743,150.921968,Fairfield,Sydney metro. area,Syd-Newc-Woll Gtr conurbation,Straight,,,,Unknown / not stated,Sealed,Wet,Raining,Daylight,Nil,No traffic controls,50 km/h,Local,13,Right near,104,Adj - Right-thru from right,,Right angle,Car (sedan/hatch),Car (sedan/hatch),2,0,0,0,0,2,February,Summer,Tuesday,16:00 - 17:59,PM peak / evening commute,True,False,False,False
1343631,Non-casualty (towaway),Non-casualty (towaway),2024,2024,February,Monday,08:00 - 09:59,WRIGHTS,RD,0,Right on the spot,OXLEY HIGHWAY,TO,PORT MACQUARIE,,No,Not a school zone,2-way undivided,-31.45278,152.875421,Port Macquarie-Hastings,Country urban,Rest of NSW - Urban,Curved,Painted double centre lines,,,Unknown / not stated,Sealed,Dry,Fine,Daylight,Nil,No traffic controls,70 km/h,Local,20,Head on,201,Opp - Head on,,Head-on,Car (sedan/hatch),4 wheel drive / SUV,2,0,0,0,0,2,February,Summer,Monday,08:00 - 09:59,AM peak / school commute,True,False,False,False
1343632,Non-casualty (towaway),Non-casualty (towaway),2024,2024,February,Friday,16:00 - 17:59,IODIDE,ST,0,Right on the spot,MORGAN,ST,BROKEN HILL,,Yes,No,X-intersection,-31.943235,141.45922,Broken Hill,Country urban,Rest of NSW - Urban,Straight,,,,Unknown / not stated,Sealed,Dry,Fine,Daylight,Nil,Give way sign,50 km/h,Local,81,Off left/rt bnd=>obj,707,Right turn,Left,Vehicle - Object,Car (sedan/hatch),,1,0,0,0,0,2,February,Summer,Friday,16:00 - 17:59,PM peak / evening commute,True,False,False,False
1343634,Non-casualty (towaway),Non-casualty (towaway),2024,2024,February,Monday,14:00 - 15:59,STONEY CREEK,RD,30,East,DORA,ST,BEVERLY HILLS,665.0,No,Not a school zone,2-way undivided,-33.951477,151.09011,Georges River,Sydney metro. area,Syd-Newc-Woll Gtr conurbation,Straight,,,,Unknown / not stated,Sealed,Dry,Fine,Daylight,Nil,No traffic controls,60 km/h,State,30,Rear end,301,Same - Rear end,,Rear end,Car (sedan/hatch),Car (sedan/hatch),2,0,0,0,0,2,February,Summer,Monday,14:00 - 15:59,Midday / afternoon,False,False,False,False
1343635,Non-casualty (towaway),Non-casualty (towaway),2024,2024,February,Friday,06:00 - 07:59,COLLINS CREEK,RD,1287,North,TIMS,LANE,FAWCETTS PLAIN,,No,Not a school zone,2-way undivided,-28.54775,153.013924,Kyogle,Country non-urban,Rest of NSW - Rural,Curved,,,,Unknown / not stated,Sealed,Wet,Overcast,Daylight,Nil,No traffic controls,100 km/h,Local,20,Head on,201,Opp - Head on,,Head-on,Light truck utility(from 2018),Car (sedan/hatch),2,0,0,0,0,2,February,Summer,Friday,06:00 - 07:59,AM peak / school commute,True,False,False,False
1343637,Non-casualty (towaway),Non-casualty (towaway),2024,2024,February,Tuesday,02:00 - 03:59,HUME,HWY,3900,South,ILLALONG,RD,BOOKHAM,2.0,No,Not a school zone,Divided road,-34.809139,148.593064,Yass Valley,Country non-urban,Rest of NSW - Rural,Curved,,,,Unknown / not stated,Sealed,Wet,Raining,Darkness,Nil,No traffic controls,110 km/h,State,85,Off rt/lft bnd=>obj,804,Off left bend into obj,Right,Vehicle - Object,B-double (road train prior 98),,1,0,0,0,0,2,February,Summer,Tuesday,02:00 - 03:59,Late night / early morning,False,False,False,False
1343638,Non-casualty (towaway),Non-casualty (towaway),2024,2024,February,Monday,14:00 - 15:59,PUNCHBOWL,RD,0,Right on the spot,MCCOURT,ST,LAKEMBA,549.0,No,Not a school zone,T-junction,-33.916095,151.066923,Canterbury-Bankstown,Sydney metro. area,Syd-Newc-Woll Gtr conurbation,Straight,,,,Unknown / not stated,Sealed,Dry,Fine,Daylight,Nil,Give way sign,60 km/h,State,30,Rear end,301,Same - Rear end,,Rear end,Motorcycle,Car (sedan/hatch),2,0,0,0,0,2,February,Summer,Monday,14:00 - 15:59,Midday / afternoon,False,False,False,False
1343639,Non-casualty (towaway),Non-casualty (towaway),2024,2024,February,Monday,20:00 - 21:59,LOWER BENT,ST,0,Right on the spot,NUMBER 83,HN,NEUTRAL BAY,,No,Not a school zone,1-way street,-33.832524,151.21483,North Sydney,Sydney metro. area,Syd-Newc-Woll Gtr conurbation,Straight,Steep grade,,,Unknown / not stated,Sealed,Dry,Fine,Darkness,Nil,No traffic controls,50 km/h,Local,30,Rear end,301,Same - Rear end,,Rear end,Car (sedan/hatch),4 wheel drive / SUV,3,0,0,0,0,2,February,Summer,Monday,20:00 - 21:59,Evening / night,False,False,False,False