crash_id,degree_of_crash,degree_of_crash_-_detailed,reporting_year,year_of_crash,month_of_crash,day_of_week_of_crash,two-hour_intervals,street_of_crash,street_type,distance,direction,identifying_feature,identifying_feature_type,town,route_no.,school_zone_location,school_zone_active,type_of_location,latitude,longitude,lga,urbanisation,conurbation_1,alignment,primary_permanent_feature,primary_temporary_feature,primary_hazardous_feature,street_lighting,road_surface,surface_condition,weather,natural_lighting,signals_operation,other_traffic_control,speed_limit,road_classification_(admin),rum_-_code,rum_-_description,dca_-_code,dca_-_description,dca_supplement,first_impact_type,key_tu_type,other_tu_type,no._of_traffic_units_involved,no._killed,no._seriously_injured,no._moderately_injured,no._minor-other_injured,month_num,month_label,season,day_label,time_label,time_band,is_peak_commute,is_fatal,is_injury,is_casualty
1343640,Non-casualty (towaway),Non-casualty (towaway),2024,2024,February,Saturday,10:00 - 11:59,MARSDEN,RD,0,Right on the spot,NUMBER 161,HN,CARLINGFORD,158.0,No,Not a school zone,Divided road,-33.790825,151.064266,Parramatta,Sydney metro. area,Syd-Newc-Woll Gtr conurbation,Curved,Driveway/entrance,,,Unknown / not stated,Sealed,Wet,Raining,Daylight,Nil,No traffic controls,60 km/h,State,85,Off rt/lft bnd=>obj,804,Off left bend into obj,Right,Vehicle - Object,4 wheel drive / SUV,,1,0,0,0,0,2,February,Summer,Saturday,10:00 - 11:59,Midday / afternoon,False,False,False,False
1343641,Non-casualty (towaway),Non-casualty (towaway),2024,2024,February,Thursday,20:00 - 21:59,POWERS,RD,0,Right on the spot,TUCKS,RD,SEVEN HILLS,7474.0,No,Not a school zone,T-junction,-33.775873,150.95534,Blacktown,Sydney metro. area,Syd-Newc-Woll Gtr conurbation,Straight,,,,Unknown / not stated,Sealed,Dry,Fine,Darkness,Nil,No traffic controls,60 km/h,Regional,37,Left turn sideswipe,309,Same - Left turn side swipe,,Other angle,Car (sedan/hatch),4 wheel drive / SUV,2,0,0,0,0,2,February,Summer,Thursday,20:00 - 21:59,Evening / night,False,False,False,False
1343643,Non-casualty (towaway),Non-casualty (towaway),2024,2024,January,Wednesday,16:00 - 17:59,PARRY,ST,0,Right on the spot,DENISON STREET,TO,NEWCASTLE WEST,82.0,No,Not a school zone,Divided road,-32.925063,151.755394,Newcastle,Newcastle met. area,Syd-Newc-Woll Gtr conurbation,Straight,,,,Unknown / not stated,Sealed,Dry,Fine,Daylight,Nil,No traffic controls,60 km/h,State,33,Lane sideswipe,305,Same - Lane side swipe,,Other angle,Car (sedan/hatch),Car (sedan/hatch),2,0,0,0,0,1,January,Summer,Wednesday,16:00 - 17:59,PM peak / evening commute,True,False,False,False
1343645,Non-casualty (towaway),Non-casualty (towaway),2024,2024,February,Tuesday,22:00 - Midnight,CANTERBURY,RD,0,Right on the spot,FAIRFORD,RD,BANKSTOWN,167.0,No,Not a school zone,T-junction,-33.934581,151.036738,Canterbury-Bankstown,Sydney metro. area,Syd-Newc-Woll Gtr conurbation,Straight,Underpass/tunnel,,,Unknown / not stated,Sealed,Dry,Fine,Darkness,On,No traffic controls,70 km/h,State,30,Rear end,301,Same - Rear end,,Rear end,4 wheel drive / SUV,Light truck utility(from 2018),2,0,0,0,0,2,February,Summer,Tuesday,22:00 - Midnight,Evening / night,False,False,False,False
1343647,Non-casualty (towaway),Non-casualty (towaway),2024,2024,January,Monday,16:00 - 17:59,GLEBE,ST,0,Right on the spot,POLLUX,ST,YASS,,No,Not a school zone,X-intersection,-34.828097,148.910793,Yass Valley,Country urban,Rest of NSW - Urban,Straight,,,,Unknown / not stated,Sealed,Dry,Fine,Daylight,Nil,Give way sign,50 km/h,Local,10,Cross traffic,101,Adj - Cross traffic,,Right angle,Car (sedan/hatch),Light truck utility(from 2018),2,0,0,0,0,1,January,Summer,Monday,16:00 - 17:59,PM peak / evening commute,True,False,False,False
1343650,Non-casualty (towaway),Non-casualty (towaway),2024,2024,February,Friday,06:00 - 07:59,PACIFIC,HWY,0,Right on the spot,WILLIAM,ST,MEREWETHER,10.0,No,Not a school zone,T-junction,-32.938891,151.745338,Newcastle,Newcastle met. area,Syd-Newc-Woll Gtr conurbation,Straight,Steep grade,,,Unknown / not stated,Sealed,Dry,Fine,Daylight,Nil,Stop sign,60 km/h,State,21,Right through,202,Opp - Right-thru,,Other angle,4 wheel drive / SUV,Car (sedan/hatch),2,0,0,0,0,2,February,Summer,Friday,06:00 - 07:59,AM peak / school commute,True,False,False,False
1343651,Non-casualty (towaway),Non-casualty (towaway),2024,2024,February,Monday,20:00 - 21:59,NEWCASTLE,EXP,200,South,HUNTER EXPRESSWAY,OP,CAMERON PARK,6003.0,No,Not a school zone,Dual freeway,-32.890725,151.599644,Lake Macquarie,Newcastle met. area,Syd-Newc-Woll Gtr conurbation,Curved,,,,Unknown / not stated,Sealed,Dry,Fine,Dusk,Nil,No traffic controls,110 km/h,State,81,Off left/rt bnd=>obj,803,Off right bend into obj,Left,Vehicle - Object,Car (sedan/hatch),,1,0,0,0,0,2,February,Summer,Monday,20:00 - 21:59,Evening / night,False,False,False,False
1343656,Non-casualty (towaway),Non-casualty (towaway),2024,2024,February,Wednesday,08:00 - 09:59,DIXON,ST,0,Right on the spot,STILL,ST,SEAHAM,,Yes,Yes,T-junction,-32.661376,151.730649,Port Stephens,Country urban,Rest of NSW - Urban,Curved,,,,Unknown / not stated,Sealed,Dry,Fine,Daylight,Nil,Give way sign,40 km/h,Local,21,Right through,202,Opp - Right-thru,,Other angle,4 wheel drive / SUV,4 wheel drive / SUV,2,0,0,0,0,2,February,Summer,Wednesday,08:00 - 09:59,AM peak / school commute,True,False,False,False
1343658,Non-casualty (towaway),Non-casualty (towaway),2024,2024,February,Friday,14:00 - 15:59,BUNDEENA,DR,1000,South,WOODFIELD,AVE,ROYAL NATIONAL PARK,,No,Not a school zone,2-way undivided,-34.090027,151.135666,Sutherland,Sydney metro. area,Syd-Newc-Woll Gtr conurbation,Curved,Painted double centre lines,,,Unknown / not stated,Sealed,Dry,Fine,Daylight,Nil,No traffic controls,80 km/h,Local,83,Off rt/rt bnd=>obj,803,Off right bend into obj,Right,Vehicle - Object,Car (sedan/hatch),,1,0,0,0,0,2,February,Summer,Friday,14:00 - 15:59,Midday / afternoon,False,False,False,False
1343660,Non-casualty (towaway),Non-casualty (towaway),2024,2024,February,Friday,10:00 - 11:59,LOGAN,ST,0,Right on the spot,PETRE,ST,TENTERFIELD,,No,Not a school zone,X-intersection,-29.047882,152.022475,Tenterfield,Country urban,Rest of NSW - Urban,Straight,,,,Unknown / not stated,Sealed,Dry,Fine,Daylight,Nil,Give way sign,50 km/h,Local,10,Cross traffic,101,Adj - Cross traffic,,Right angle,4 wheel drive / SUV,4 wheel drive / SUV,2,0,0,0,0,2,February,Summer,Friday,10:00 - 11:59,Midday / afternoon,False,False,False,False
1343662,Non-casualty (towaway),Non-casualty (towaway),2024,2024,February,Wednesday,20:00 - 21:59,PRINCES,HWY,0,Right on the spot,O'BRIENS,RD,FIGTREE,1.0,No,Not a school zone,X-intersection,-34.438805,150.858052,Wollongong,Wollongong met. area,Syd-Newc-Woll Gtr conurbation,Straight,,,,Unknown / not stated,Sealed,Wet,Raining,Darkness,On,No traffic controls,60 km/h,State,29,Other opposing,200,Opp - other,,Other angle,Car (sedan/hatch),Car (sedan/hatch),2,0,0,0,0,2,February,Summer,Wednesday,20:00 - 21:59,Evening / night,False,False,False,False
1343766,Non-casualty (towaway),Non-casualty (towaway),2024,2024,January,Saturday,20:00 - 21:59,PACIFIC,RD,0,Right on the spot,NUMBER 126,HN,PALM BEACH,,No,Not a school zone,2-way undivided,-33.600115,151.322054,Northern Beaches,Sydney metro. area,Syd-Newc-Woll Gtr conurbation,Straight,Steep grade,,,Nil,Sealed,Dry,Fine,Darkness,Nil,No traffic controls,40 km/h,Local,73,Off rd rght => obj,704,Right off cway into obj,,Other angle,4 wheel drive / SUV,4 wheel drive / SUV,2,0,0,0,0,1,January,Summer,Saturday,20:00 - 21:59,Evening / night,False,False,False,False
1343807,Non-casualty (towaway),Non-casualty (towaway),2024,2024,January,Tuesday,14:00 - 15:59,PUNCHBOWL,RD,15,West,CORNELIA,ST,WILEY PARK,549.0,No,Not a school zone,2-way undivided,-33.919319,151.063158,Canterbury-Bankstown,Sydney metro. area,Syd-Newc-Woll Gtr conurbation,Straight,,,,Off,Sealed,Dry,Fine,Daylight,Nil,No traffic controls,60 km/h,State,71,Off rd left => obj,703,Left off cway into object,,Other angle,Unknown motor vehicle,Car (sedan/hatch),3,0,0,0,0,1,January,Summer,Tuesday,14:00 - 15:59,Midday / afternoon,False,False,False,False
1343855,Non-casualty (towaway),Non-casualty (towaway),2024,2024,February,Saturday,00:01 - 01:59,WESTERN,EXP,100,West,HOMEBUSH BAY DRIVE,OP,SYDNEY OLYMPIC PARK,6004.0,No,Not a school zone,Dual freeway,-33.856774,151.069374,Parramatta,Sydney metro. area,Syd-Newc-Woll Gtr conurbation,Straight,,,,On,Sealed,Wet,Raining,Darkness,Nil,No traffic controls,90 km/h,State,33,Lane sideswipe,305,Same - Lane side swipe,,Other angle,Car (sedan/hatch),Car (sedan/hatch),2,0,0,0,0,2,February,Summer,Saturday,00:01 - 01:59,Late night / early morning,False,False,False,False
1343861,Non-casualty (towaway),Non-casualty (towaway),2024,2024,January,Friday,06:00 - 07:59,GRIFFITHS,ST,0,Right on the spot,MOORE,ST,OAK FLATS,,Yes,No,X-intersection,-34.563193,150.816314,Shellharbour,Wollongong met. area,Syd-Newc-Woll Gtr conurbation,Straight,,,,Nil,Sealed,Dry,Fine,Daylight,Nil,Stop sign,50 km/h,Local,10,Cross traffic,101,Adj - Cross traffic,,Right angle,4 wheel drive / SUV,4 wheel drive / SUV,2,0,0,0,0,1,January,Summer,Friday,06:00 - 07:59,AM peak / school commute,True,False,False,False
1343862,Non-casualty (towaway),Non-casualty (towaway),2024,2024,February,Saturday,04:00 - 05:59,HUME,HWY,1000,South,BROOKS ROAD,TO,INGLEBURN,2.0,No,Not a school zone,Dual freeway,-33.994039,150.849707,Campbelltown,Sydney metro. area,Syd-Newc-Woll Gtr conurbation,Straight,,,,Off,Sealed,Dry,Fine,Dawn,Nil,No traffic controls,110 km/h,State,73,Off rd rght => obj,704,Right off cway into obj,,Vehicle - Object,Car (sedan/hatch),,1,0,0,0,0,2,February,Summer,Saturday,04:00 - 05:59,Late night / early morning,False,False,False,False
1343888,Non-casualty (towaway),Non-casualty (towaway),2024,2024,January,Sunday,00:01 - 01:59,CITY WEST LINK,RD,0,Right on the spot,JAMES,ST,LILYFIELD,650.0,No,Not a school zone,X-intersection,-33.874951,151.155162,Inner West,Sydney metro. area,Syd-Newc-Woll Gtr conurbation,Straight,Other bridge,,,On,Sealed,Wet,Raining,Darkness,On,No traffic controls,70 km/h,State,10,Cross traffic,101,Adj - Cross traffic,,Right angle,Car (sedan/hatch),Car (sedan/hatch),2,0,0,0,0,1,January,Summer,Sunday,00:01 - 01:59,Late night / early morning,False,False,False,False
1343895,Non-casualty (towaway),Non-casualty (towaway),2024,2024,January,Monday,16:00 - 17:59,HUME,HWY,0,Right on the spot,WORTH,ST,GREENACRE,2.0,No,Not a school zone,T-junction,-33.890426,151.05887,Canterbury-Bankstown,Sydney metro. area,Syd-Newc-Woll Gtr conurbation,Straight,,,,Off,Sealed,Wet,Raining,Daylight,On,No traffic controls,70 km/h,State,21,Right through,202,Opp - Right-thru,,Other angle,Large rigid,Car (sedan/hatch),2,0,0,0,0,1,January,Summer,Monday,16:00 - 17:59,PM peak / evening commute,True,False,False,False
1343948,Non-casualty (towaway),Non-casualty (towaway),2024,2024,February,Tuesday,08:00 - 09:59,KOORINGAL,AVE,0,Right on the spot,NUMBER 25,HN,THORNLEIGH,,No,Not a school zone,2-way undivided,-33.718674,151.078892,Hornsby,Sydney metro. area,Syd-Newc-Woll Gtr conurbation,Straight,Crest,,,Off,Sealed,Dry,Fine,Daylight,Nil,No traffic controls,50 km/h,Local,71,Off rd left => obj,703,Left off cway into object,,Other angle,Car (sedan/hatch),Station wagon,2,0,0,0,0,2,February,Summer,Tuesday,08:00 - 09:59,AM peak / school commute,True,False,False,False
1343969,Non-casualty (towaway),Non-casualty (towaway),2024,2024,January,Monday,08:00 - 09:59,WESTERN,EXP,1500,East,GREAT WESTERN HIGHWAY,TO,GRANVILLE,6004.0,No,Not a school zone,Dual freeway,-33.828238,151.016397,Parramatta,Sydney metro. area,Syd-Newc-Woll Gtr conurbation,Straight,Other bridge,,,Off,Sealed,Wet,Raining,Daylight,Nil,No traffic controls,90 km/h,State,35,Lane change left,307,Same - Lane change left,,Other angle,Unknown motor vehicle,4 wheel drive / SUV,3,0,0,0,0,1,January,Summer,Monday,08:00 - 09:59,AM peak / school commute,True,False,False,False
1343971,Non-casualty (towaway),Non-casualty (towaway),2024,2024,February,Monday,12:00 - 13:59,MOZART,PL,20,North,HAYDN,PL,BONNYRIGG HEIGHTS,,No,Not a school zone,2-way undivided,-33.891902,150.872946,Fairfield,Sydney metro. area,Syd-Newc-Woll Gtr conurbation,Straight,Steep grade,,,Off,Sealed,Dry,Fine,Daylight,Nil,No traffic controls,50 km/h,Local,20,Head on,201,Opp - Head on,,Head-on,Car (sedan/hatch),Car (sedan/hatch),2,0,0,0,0,2,February,Summer,Monday,12:00 - 13:59,Midday / afternoon,False,False,False,False
1343987,Non-casualty (towaway),Non-casualty (towaway),2024,2024,January,Sunday,22:00 - Midnight,BRAYE,ST,30,West,WATSON,ST,MAYFIELD,,No,Not a school zone,2-way undivided,-32.902282,151.732975,Newcastle,Newcastle met. area,Syd-Newc-Woll Gtr conurbation,Straight,,,,Nil,Sealed,Dry,Fine,Darkness,Nil,No traffic controls,50 km/h,Local,71,Off rd left => obj,703,Left off cway into object,,Other angle,Car (sedan/hatch),4 wheel drive / SUV,3,0,0,0,0,1,January,Summer,Sunday,22:00 - Midnight,Evening / night,False,False,False,False
1343994,Non-casualty (towaway),Non-casualty (towaway),2024,2024,February,Thursday,08:00 - 09:59,MOUNT VIEW,RD,0,Right on the spot,STONEBRIDGE,DR,CESSNOCK,,Yes,Yes,T-junction,-32.830433,151.33858,Cessnock,Country urban,Rest of NSW - Urban,Straight,,,,Nil,Sealed,Dry,Overcast,Daylight,Nil,Give way sign,40 km/h,Local,41,U turn into object,409,Manov - U-turn into fixed obje,,Vehicle - Object,Car (sedan/hatch),,1,0,0,0,0,2,February,Summer,Thursday,08:00 - 09:59,AM peak / school commute,True,False,False,False
1344001,Non-casualty (towaway),Non-casualty (towaway),2024,2024,February,Monday,12:00 - 13:59,GARDEN,ST,0,Right on the spot,HILLVUE,RD,SOUTH TAMWORTH,,No,Not a school zone,Roundabout,-31.113828,150.904364,Tamworth Regional,Country urban,Rest of NSW - Urban,Straight,,,,Off,Sealed,Dry,Fine,Daylight,Nil,Give way sign,50 km/h,Local,10,Cross traffic,101,Adj - Cross traffic,,Right angle,4 wheel drive / SUV,Light truck utility(from 2018),2,0,0,0,0,2,February,Summer,Monday,12:00 - 13:59,Midday / afternoon,False,False,False,False
1344013,Non-casualty (towaway),Non-casualty (towaway),2024,2024,January,Friday,22:00 - Midnight,ROWLEY,ST,120,East,PENDLE,WAY,PENDLE HILL,,No,Not a school zone,2-way undivided,-33.807523,150.955084,Cumberland,Sydney metro. area,Syd-Newc-Woll Gtr conurbation,Straight,,,,On,Sealed,Wet,Raining,Darkness,Nil,No traffic controls,50 km/h,Local,71,Off rd left => obj,703,Left off cway into object,,Other angle,Car (sedan/hatch),Car (sedan/hatch),2,0,0,0,0,1,January,Summer,Friday,22:00 - Midnight,Evening / night,False,False,False,False
1344019,Non-casualty (towaway),Non-casualty (towaway),2024,2024,February,Wednesday,12:00 - 13:59,MANN,ST,0,Right on the spot,NUMBER 265,HN,ARMIDALE,,No,Not a school zone,2-way undivided,-30.515458,151.64559,Armidale Regional,Country urban,Rest of NSW - Urban,Straight,Driveway/entrance,,,Nil,Sealed,Dry,Fine,Daylight,Nil,No traffic controls,50 km/h,Local,46,Reversing into obj,405,Manov - Reverse into fixed obj,,Other angle,Light truck,Car (sedan/hatch),2,0,0,0,0,2,February,Summer,Wednesday,12:00 - 13:59,Midday / afternoon,False,False,False,False
1344025,Non-casualty (towaway),Non-casualty (towaway),2024,2024,February,Saturday,20:00 - 21:59,TWIN,RD,0,Right on the spot,GOULDING,RD,RYDE,2058.0,No,Not a school zone,T-junction,-33.800037,151.118324,Ryde,Sydney metro. area,Syd-Newc-Woll Gtr conurbation,Straight,,,,Nil,Sealed,Dry,Fine,Darkness,Nil,No traffic controls,60 km/h,Regional,30,Rear end,301,Same - Rear end,,Rear end,4 wheel drive / SUV,Car (sedan/hatch),2,0,0,0,0,2,February,Summer,Saturday,20:00 - 21:59,Evening / night,False,False,False,False
1344028,Non-casualty (towaway),Non-casualty (towaway),2024,2024,February,Saturday,12:00 - 13:59,TINDALE,ST,10,West,FITZGERALD,AVE,MUSWELLBROOK,,No,Not a school zone,L-junction,-32.27559,150.88723,Muswellbrook,Country urban,Rest of NSW - Urban,Curved,,,,Nil,Sealed,Wet,Raining,Daylight,Nil,No traffic controls,50 km/h,Local,85,Off rt/lft bnd=>obj,804,Off left bend into obj,Right,Vehicle - Object,Car (sedan/hatch),,1,0,0,0,0,2,February,Summer,Saturday,12:00 - 13:59,Midday / afternoon,False,False,False,False
1344033,Non-casualty (towaway),Non-casualty (towaway),2024,2024,January,Tuesday,10:00 - 11:59,CHURCH,ST,0,Right on the spot,NUMBER 92,HN,MUDGEE,,No,Not a school zone,2-way undivided,-32.593354,149.588171,Mid-Western Regional,Country urban,Rest of NSW - Urban,Straight,,,,Off,Sealed,Dry,Fine,Daylight,Nil,No traffic controls,40 km/h,Local,49,Other manoeuvring,400,Manov - other,,Other angle,Car (sedan/hatch),,1,0,0,0,0,1,January,Summer,Tuesday,10:00 - 11:59,Midday / afternoon,False,False,False,False
1344058,Non-casualty (towaway),Non-casualty (towaway),2024,2024,January,Saturday,20:00 - 21:59,GEORGE,ST,15,West,FRENCH,ST,KINGSWOOD,,No,Not a school zone,2-way undivided,-33.760489,150.734925,Penrith,Sydney metro. area,Syd-Newc-Woll Gtr conurbation,Straight,,,,On,Sealed,Dry,Fine,Darkness,Nil,No traffic controls,50 km/h,Local,71,Off rd left => obj,703,Left off cway into object,,Other angle,Car (sedan/hatch),Car (sedan/hatch),2,0,0,0,0,1,January,Summer,Saturday,20:00 - 21:59,Evening / night,False,False,False,False
1344102,Non-casualty (towaway),Non-casualty (towaway),2024,2024,February,Saturday,12:00 - 13:59,GREAT WESTERN,HWY,0,Right on the spot,FOREST RIDGE,DR,WALLERAWANG,5.0,No,Not a school zone,T-junction,-33.438542,150.062062,Lithgow,Country non-urban,Rest of NSW - Rural,Straight,,,,Unknown / not stated,Sealed,Dry,Fine,Daylight,Nil,Give way sign,110 km/h,State,13,Right near,104,Adj - Right-thru from right,,Right angle,Light truck utility(from 2018),Station wagon,2,0,0,0,0,2,February,Summer,Saturday,12:00 - 13:59,Midday / afternoon,False,False,False,False
1344104,Non-casualty (towaway),Non-casualty (towaway),2024,2024,January,Monday,18:00 - 19:59,OXFORD,ST,0,Right on the spot,CROWN,ST,DARLINGHURST,172.0,No,Not a school zone,X-intersection,-33.879181,151.215231,Sydney,Sydney metro. area,Syd-Newc-Woll Gtr conurbation,Straight,,,,Unknown / not stated,Sealed,Dry,Fine,Dusk,On,No traffic controls,40 km/h,State,11,Right far,102,Adj - Right-thru from left,,Right angle,Car (sedan/hatch),4 wheel drive / SUV,2,0,0,0,0,1,January,Summer,Monday,18:00 - 19:59,PM peak / evening commute,True,False,False,False
1344109,Non-casualty (towaway),Non-casualty (towaway),2024,2024,February,Tuesday,06:00 - 07:59,BURRENDONG,WAY,600,South,RAILWAY,PDE,MUMBIL,573.0,No,Not a school zone,2-way undivided,-32.733748,149.051603,Dubbo Regional,Country urban,Rest of NSW - Urban,Curved,Railway level x,,,Unknown / not stated,Sealed,Wet,Raining,Daylight,Nil,Rail X flashing sigs,80 km/h,Regional,81,Off left/rt bnd=>obj,803,Off right bend into obj,Left,Vehicle - Object,Car (sedan/hatch),,1,0,0,0,0,2,February,Summer,Tuesday,06:00 - 07:59,AM peak / school commute,True,False,False,False
1344112,Non-casualty (towaway),Non-casualty (towaway),2024,2024,February,Friday,16:00 - 17:59,LADY GAME,DR,0,Right on the spot,HIGHFIELD,RD,LINDFIELD,7342.0,No,Not a school zone,Roundabout,-33.777635,151.150707,Ku-ring-gai,Sydney metro. area,Syd-Newc-Woll Gtr conurbation,Straight,,,,Unknown / not stated,Sealed,Dry,Fine,Daylight,Nil,Give way sign,60 km/h,Regional,10,Cross traffic,101,Adj - Cross traffic,,Right angle,Car (sedan/hatch),Car (sedan/hatch),2,0,0,0,0,2,February,Summer,Friday,16:00 - 17:59,PM peak / evening commute,True,False,False,False
1344116,Non-casualty (towaway),Non-casualty (towaway),2024,2024,February,Monday,18:00 - 19:59,THUNDERBOLTS,WAY,0,Right on the spot,NUMBER 612,HN,WALCHA,73.0,No,Not a school zone,2-way undivided,-30.934038,151.575951,Walcha,Country non-urban,Rest of NSW - Rural,Curved,,,,Unknown / not stated,Sealed,Wet,Raining,Daylight,Nil,No traffic controls,100 km/h,Regional,81,Off left/rt bnd=>obj,803,Off right bend into obj,Left,Vehicle - Object,4 wheel drive / SUV,,1,0,0,0,0,2,February,Summer,Monday,18:00 - 19:59,PM peak / evening commute,True,False,False,False
1344118,Non-casualty (towaway),Non-casualty (towaway),2024,2024,February,Sunday,00:01 - 01:59,DRY DOCK,RD,0,Right on the spot,PHILP,PDE,TWEED HEADS SOUTH,,No,Not a school zone,T-junction,-28.193541,153.522865,Tweed,Country urban,Rest of NSW - Urban,Curved,,,,Unknown / not stated,Sealed,Dry,Fine,Darkness,Nil,No traffic controls,50 km/h,Local,81,Off left/rt bnd=>obj,803,Off right bend into obj,Left,Vehicle - Object,Light truck,,1,0,0,0,0,2,February,Summer,Sunday,00:01 - 01:59,Late night / early morning,False,False,False,False
1344124,Non-casualty (towaway),Non-casualty (towaway),2024,2024,February,Monday,12:00 - 13:59,MAXWELLS,AVE,0,Right on the spot,SADLEIR,AVE,ASHCROFT,,Yes,No,Roundabout,-33.919687,150.895334,Liverpool,Sydney metro. area,Syd-Newc-Woll Gtr conurbation,Straight,,,,Unknown / not stated,Sealed,Wet,Raining,Daylight,Nil,Give way sign,50 km/h,Local,70,Off road to left,701,Off carriageway to left,,Rollover,Car (sedan/hatch),,1,0,0,0,0,2,February,Summer,Monday,12:00 - 13:59,Midday / afternoon,False,False,False,False
1344125,Non-casualty (towaway),Non-casualty (towaway),2024,2024,February,Friday,08:00 - 09:59,MOTORWAY LINK,RD,0,Right on the spot,TOOHEYS ROAD,OP,BUSHELLS RIDGE,675.0,No,Not a school zone,2-way undivided,-33.211416,151.476725,Central Coast,Country non-urban,Syd-Newc-Woll Gtr conurbation,Straight,Underpass/tunnel,,,Unknown / not stated,Sealed,Dry,Fine,Daylight,Nil,No traffic controls,100 km/h,State,20,Head on,201,Opp - Head on,,Head-on,Light truck utility(from 2018),4 wheel drive / SUV,2,0,0,0,0,2,February,Summer,Friday,08:00 - 09:59,AM peak / school commute,True,False,False,False
1344126,Non-casualty (towaway),Non-casualty (towaway),2024,2024,February,Monday,16:00 - 17:59,BOTANY,RD,0,Right on the spot,BOURKE,ST,ALEXANDRIA,170.0,No,Not a school zone,X-intersection,-33.905528,151.202829,Sydney,Sydney metro. area,Syd-Newc-Woll Gtr conurbation,Straight,,,,Unknown / not stated,Sealed,Wet,Raining,Daylight,On,No traffic controls,50 km/h,State,30,Rear end,301,Same - Rear end,,Rear end,Car (sedan/hatch),Car (sedan/hatch),3,0,0,0,0,2,February,Summer,Monday,16:00 - 17:59,PM peak / evening commute,True,False,False,False
1344128,Non-casualty (towaway),Non-casualty (towaway),2024,2024,February,Thursday,14:00 - 15:59,WARUMBUI,AVE,0,Right on the spot,WINGELLO,RD,MIRANDA,,No,Not a school zone,T-junction,-34.028199,151.103716,Sutherland,Sydney metro. area,Syd-Newc-Woll Gtr conurbation,Straight,,,,Unknown / not stated,Sealed,Dry,Fine,Daylight,Nil,No traffic controls,50 km/h,Local,41,U turn into object,409,Manov - U-turn into fixed obje,,Vehicle - Object,Car (sedan/hatch),,1,0,0,0,0,2,February,Summer,Thursday,14:00 - 15:59,Midday / afternoon,False,False,False,False
1344129,Non-casualty (towaway),Non-casualty (towaway),2024,2024,February,Tuesday,14:00 - 15:59,EDITH,ST,0,Right on the spot,LORNA,ST,WARATAH,188.0,No,Not a school zone,T-junction,-32.897973,151.72157,Newcastle,Newcastle met. area,Syd-Newc-Woll Gtr conurbation,Straight,,,,Unknown / not stated,Sealed,Dry,Overcast,Daylight,On,No traffic controls,60 km/h,Regional,30,Rear end,301,Same - Rear end,,Rear end,4 wheel drive / SUV,4 wheel drive / SUV,3,0,0,0,0,2,February,Summer,Tuesday,14:00 - 15:59,Midday / afternoon,False,False,False,False
1344132,Non-casualty (towaway),Non-casualty (towaway),2024,2024,February,Monday,08:00 - 09:59,NEWELL,HWY,0,Right on the spot,BOGAN,RD,PARKES,17.0,No,Not a school zone,T-junction,-33.109361,148.174326,Parkes,Country urban,Rest of NSW - Urban,Straight,,,,Unknown / not stated,Sealed,Dry,Fine,Daylight,Nil,Give way sign,80 km/h,State,13,Right near,104,Adj - Right-thru from right,,Right angle,4 wheel drive / SUV,Light truck utility(from 2018),2,0,0,0,0,2,February,Summer,Monday,08:00 - 09:59,AM peak / school commute,True,False,False,False
1344133,Non-casualty (towaway),Non-casualty (towaway),2024,2024,February,Monday,08:00 - 09:59,PROSPECT,HWY,0,Right on the spot,NUMBER 197,HN,SEVEN HILLS,644.0,No,Not a school zone,Divided road,-33.772161,150.937164,Blacktown,Sydney metro. area,Syd-Newc-Woll Gtr conurbation,Straight,,,,Unknown / not stated,Sealed,Dry,Overcast,Daylight,Nil,No traffic controls,60 km/h,State,30,Rear end,301,Same - Rear end,,Rear end,Car (sedan/hatch),Car (sedan/hatch),3,0,0,0,0,2,February,Summer,Monday,08:00 - 09:59,AM peak / school commute,True,False,False,False
1344135,Non-casualty (towaway),Non-casualty (towaway),2024,2024,February,Friday,10:00 - 11:59,HUME,HWY,0,Right on the spot,BRAYTON ROAD,TO,MARULAN,2.0,No,Not a school zone,Divided road,-34.701122,150.018099,Goulburn Mulwaree,Country non-urban,Rest of NSW - Rural,Straight,Embankment/cutting,,,Unknown / not stated,Sealed,Wet,Raining,Daylight,Nil,No traffic controls,110 km/h,State,71,Off rd left => obj,703,Left off cway into object,,Vehicle - Object,Car (sedan/hatch),,1,0,0,0,0,2,February,Summer,Friday,10:00 - 11:59,Midday / afternoon,False,False,False,False
1344137,Non-casualty (towaway),Non-casualty (towaway),2024,2024,February,Saturday,00:01 - 01:59,JOSEPH,ST,0,Right on the spot,NUMBER 67,HN,WOONONA,,No,Not a school zone,2-way undivided,-34.340427,150.898309,Wollongong,Wollongong met. area,Syd-Newc-Woll Gtr conurbation,Curved,,,,Unknown / not stated,Sealed,Dry,Fine,Darkness,Nil,No traffic controls,50 km/h,Local,41,U turn into object,207,Opp - U-turn,,Other angle,Car (sedan/hatch),4 wheel drive / SUV,2,0,0,0,0,2,February,Summer,Saturday,00:01 - 01:59,Late night / early morning,False,False,False,False