crash_id,degree_of_crash,degree_of_crash_-_detailed,reporting_year,year_of_crash,month_of_crash,day_of_week_of_crash,two-hour_intervals,street_of_crash,street_type,distance,direction,identifying_feature,identifying_feature_type,town,route_no.,school_zone_location,school_zone_active,type_of_location,latitude,longitude,lga,urbanisation,conurbation_1,alignment,primary_permanent_feature,primary_temporary_feature,primary_hazardous_feature,street_lighting,road_surface,surface_condition,weather,natural_lighting,signals_operation,other_traffic_control,speed_limit,road_classification_(admin),rum_-_code,rum_-_description,dca_-_code,dca_-_description,dca_supplement,first_impact_type,key_tu_type,other_tu_type,no._of_traffic_units_involved,no._killed,no._seriously_injured,no._moderately_injured,no._minor-other_injured,month_num,month_label,season,day_label,time_label,time_band,is_peak_commute,is_fatal,is_injury,is_casualty
1344139,Non-casualty (towaway),Non-casualty (towaway),2024,2024,February,Monday,06:00 - 07:59,VINCENT,RD,20,North,MAPLE,RD,LAKE ALBERT,,No,Not a school zone,2-way undivided,-35.156971,147.388453,Wagga Wagga,Country urban,Rest of NSW - Urban,Straight,Ditch/drain/culvert,,,Unknown / not stated,Sealed,Dry,Fine,Dawn,Nil,No traffic controls,50 km/h,Local,71,Off rd left => obj,703,Left off cway into object,,Vehicle - Object,Light truck utility(from 2018),,1,0,0,0,0,2,February,Summer,Monday,06:00 - 07:59,AM peak / school commute,True,False,False,False
1344140,Non-casualty (towaway),Non-casualty (towaway),2024,2024,January,Friday,18:00 - 19:59,THIRLMERE,WAY,0,Right on the spot,NUMBER 700,HN,PICTON,7635.0,No,Not a school zone,2-way undivided,-34.187778,150.594526,Wollondilly,Country urban,Syd-Newc-Woll Gtr conurbation,Curved,,,,Unknown / not stated,Sealed,Dry,Fine,Dusk,Nil,No traffic controls,80 km/h,Regional,87,Off lft/lft bnd=>obj,804,Off left bend into obj,Left,Vehicle - Object,Car (sedan/hatch),,1,0,0,0,0,1,January,Summer,Friday,18:00 - 19:59,PM peak / evening commute,True,False,False,False
1344146,Non-casualty (towaway),Non-casualty (towaway),2024,2024,February,Friday,08:00 - 09:59,NEW ENGLAND,HWY,50,South,MITCHELL,DR,EAST MAITLAND,9.0,No,Not a school zone,Divided road,-32.760239,151.593968,Maitland,Country urban,Rest of NSW - Urban,Straight,,,,Unknown / not stated,Sealed,Dry,Fine,Daylight,Nil,No traffic controls,60 km/h,State,30,Rear end,301,Same - Rear end,,Rear end,4 wheel drive / SUV,Car (sedan/hatch),2,0,0,0,0,2,February,Summer,Friday,08:00 - 09:59,AM peak / school commute,True,False,False,False
1344150,Non-casualty (towaway),Non-casualty (towaway),2024,2024,January,Monday,14:00 - 15:59,ROOTY HILL,RD,0,Right on the spot,BUNGALOW,RD,PLUMPTON,537.0,No,Not a school zone,T-junction,-33.756971,150.84005,Blacktown,Sydney metro. area,Syd-Newc-Woll Gtr conurbation,Straight,,,,Unknown / not stated,Sealed,Wet,Overcast,Daylight,Nil,No traffic controls,60 km/h,State,30,Rear end,301,Same - Rear end,,Rear end,Car (sedan/hatch),4 wheel drive / SUV,3,0,0,0,0,1,January,Summer,Monday,14:00 - 15:59,Midday / afternoon,False,False,False,False
1344151,Non-casualty (towaway),Non-casualty (towaway),2024,2024,February,Tuesday,14:00 - 15:59,MT OUSLEY,RD,0,Right on the spot,PICTON,TO,CATARACT,513.0,No,Not a school zone,Divided road,-34.364675,150.859113,Wollongong,Wollongong met. area,Syd-Newc-Woll Gtr conurbation,Straight,,,,Unknown / not stated,Sealed,Wet,Raining,Daylight,Nil,No traffic controls,100 km/h,State,35,Lane change left,307,Same - Lane change left,,Other angle,Semi-trailer,Car (sedan/hatch),2,0,0,0,0,2,February,Summer,Tuesday,14:00 - 15:59,Midday / afternoon,False,False,False,False
1344155,Non-casualty (towaway),Non-casualty (towaway),2024,2024,February,Friday,18:00 - 19:59,GREAT WESTERN,HWY,500,West,JENOLAN CAVES,RD,HARTLEY,5.0,No,Not a school zone,Divided road,-33.539519,150.163384,Lithgow,Country urban,Rest of NSW - Urban,Curved,Steep grade,,,Unknown / not stated,Sealed,Wet,Raining,Dusk,Nil,No traffic controls,80 km/h,State,85,Off rt/lft bnd=>obj,804,Off left bend into obj,Right,Vehicle - Object,Car (sedan/hatch),,1,0,0,0,0,2,February,Summer,Friday,18:00 - 19:59,PM peak / evening commute,True,False,False,False
1344156,Non-casualty (towaway),Non-casualty (towaway),2024,2024,February,Sunday,16:00 - 17:59,CANOMODINE CREEK,RD,500,North,TWIN PEAKS,RD,LIDSTER,,No,Not a school zone,2-way undivided,-33.370273,148.941313,Cabonne,Country non-urban,Rest of NSW - Rural,Curved,Embankment/cutting,,,Unknown / not stated,Unsealed,Dry,Overcast,Daylight,Nil,No traffic controls,100 km/h,Local,81,Off left/rt bnd=>obj,803,Off right bend into obj,Left,Vehicle - Object,Light truck utility(from 2018),,1,0,0,0,0,2,February,Summer,Sunday,16:00 - 17:59,PM peak / evening commute,True,False,False,False
1344157,Non-casualty (towaway),Non-casualty (towaway),2024,2024,February,Monday,14:00 - 15:59,SACKVILLE,ST,0,Right on the spot,NUMBER 101,HN,FAIRFIELD,7221.0,No,Not a school zone,2-way undivided,-33.871703,150.946226,Fairfield,Sydney metro. area,Syd-Newc-Woll Gtr conurbation,Straight,Driveway/entrance,,,Unknown / not stated,Sealed,Wet,Overcast,Daylight,Nil,No traffic controls,60 km/h,Regional,21,Right through,202,Opp - Right-thru,,Other angle,Car (sedan/hatch),4 wheel drive / SUV,2,0,0,0,0,2,February,Summer,Monday,14:00 - 15:59,Midday / afternoon,False,False,False,False
1344158,Non-casualty (towaway),Non-casualty (towaway),2024,2024,February,Monday,14:00 - 15:59,SOUTH,PDE,50,North,BAYVIEW,AVE,BLACKALLS PARK,,No,Not a school zone,2-way undivided,-33.001283,151.585257,Lake Macquarie,Newcastle met. area,Syd-Newc-Woll Gtr conurbation,Straight,Pedestrian refuge,,,Unknown / not stated,Sealed,Wet,Overcast,Daylight,Nil,Ped crossing,60 km/h,Local,30,Rear end,301,Same - Rear end,,Rear end,4 wheel drive / SUV,Other bus,2,0,0,0,0,2,February,Summer,Monday,14:00 - 15:59,Midday / afternoon,False,False,False,False
1344160,Non-casualty (towaway),Non-casualty (towaway),2024,2024,February,Wednesday,20:00 - 21:59,GREENWOOD,RD,0,Right on the spot,PRESIDENT,RD,KELLYVILLE,,Yes,No,Roundabout,-33.713075,150.961646,The Hills,Sydney metro. area,Syd-Newc-Woll Gtr conurbation,Straight,Steep grade,,,Unknown / not stated,Sealed,Wet,Raining,Darkness,Nil,Give way sign,50 km/h,Local,21,Right through,202,Opp - Right-thru,,Other angle,Car (sedan/hatch),Car (sedan/hatch),2,0,0,0,0,2,February,Summer,Wednesday,20:00 - 21:59,Evening / night,False,False,False,False
1344163,Non-casualty (towaway),Non-casualty (towaway),2024,2024,February,Thursday,12:00 - 13:59,LUXFORD,RD,0,Right on the spot,HYATTS,RD,OAKHURST,7161.0,No,Not a school zone,T-junction,-33.736153,150.837149,Blacktown,Sydney metro. area,Syd-Newc-Woll Gtr conurbation,Straight,,,,Unknown / not stated,Sealed,Wet,Fine,Daylight,On,No traffic controls,60 km/h,Regional,21,Right through,202,Opp - Right-thru,,Other angle,Other bus,Station wagon,2,0,0,0,0,2,February,Summer,Thursday,12:00 - 13:59,Midday / afternoon,False,False,False,False
1344165,Non-casualty (towaway),Non-casualty (towaway),2024,2024,February,Wednesday,18:00 - 19:59,STURT,HWY,84,West,LEWIS,DR,WAGGA WAGGA,14.0,No,Not a school zone,Divided road,-35.117282,147.357215,Wagga Wagga,Country urban,Rest of NSW - Urban,Straight,Driveway/entrance,,,Unknown / not stated,Sealed,Dry,Fine,Dusk,Nil,Give way sign,60 km/h,State,47,Emerging from drive,406,Manov - Emerging from driveway,,Right angle,Light truck utility(from 2018),4 wheel drive / SUV,2,0,0,0,0,2,February,Summer,Wednesday,18:00 - 19:59,PM peak / evening commute,True,False,False,False
1344167,Non-casualty (towaway),Non-casualty (towaway),2024,2024,February,Sunday,16:00 - 17:59,HOLKER,ST,0,Right on the spot,NEWINGTON,RD,SILVERWATER,7466.0,No,Not a school zone,T-junction,-33.831054,151.053337,Parramatta,Sydney metro. area,Syd-Newc-Woll Gtr conurbation,Straight,,,,Unknown / not stated,Sealed,Dry,Overcast,Daylight,On,No traffic controls,60 km/h,Regional,21,Right through,202,Opp - Right-thru,,Other angle,Car (sedan/hatch),Car (sedan/hatch),2,0,0,0,0,2,February,Summer,Sunday,16:00 - 17:59,PM peak / evening commute,True,False,False,False
1344169,Non-casualty (towaway),Non-casualty (towaway),2024,2024,February,Friday,18:00 - 19:59,REDFERN,ST,0,Right on the spot,WALKER,ST,REDFERN,,No,Not a school zone,X-intersection,-33.893378,151.208326,Sydney,Sydney metro. area,Syd-Newc-Woll Gtr conurbation,Straight,,,,Unknown / not stated,Sealed,Dry,Overcast,Daylight,Nil,Stop sign,40 km/h,Local,10,Cross traffic,101,Adj - Cross traffic,,Right angle,Car (sedan/hatch),Car (sedan/hatch),2,0,0,0,0,2,February,Summer,Friday,18:00 - 19:59,PM peak / evening commute,True,False,False,False
1344172,Non-casualty (towaway),Non-casualty (towaway),2024,2024,February,Monday,06:00 - 07:59,LINCOLN,RD,0,Right on the spot,NUMBER 130-136,HN,HORSLEY PARK,,No,Not a school zone,2-way undivided,-33.856422,150.831341,Fairfield,Sydney metro. area,Syd-Newc-Woll Gtr conurbation,Straight,,,,Unknown / not stated,Sealed,Dry,Fine,Daylight,Nil,No traffic controls,50 km/h,Local,59,Other overtaking,500,Ovtak - other,,Other angle,4 wheel drive / SUV,Car (sedan/hatch),2,0,0,0,0,2,February,Summer,Monday,06:00 - 07:59,AM peak / school commute,True,False,False,False
1344174,Non-casualty (towaway),Non-casualty (towaway),2024,2024,February,Wednesday,16:00 - 17:59,BARNBROOK,RD,0,Right on the spot,NUMBER 1013,HN,CURRABUBULA,,No,Not a school zone,2-way undivided,-31.270936,150.578402,Liverpool Plains,Country non-urban,Rest of NSW - Rural,Straight,Ditch/drain/culvert,,,Unknown / not stated,Unsealed,Dry,Fine,Daylight,Nil,No traffic controls,100 km/h,Local,71,Off rd left => obj,703,Left off cway into object,,Vehicle - Object,Station wagon,,1,0,0,0,0,2,February,Summer,Wednesday,16:00 - 17:59,PM peak / evening commute,True,False,False,False
1344177,Non-casualty (towaway),Non-casualty (towaway),2024,2024,February,Tuesday,08:00 - 09:59,WENTWORTH,AVE,0,Right on the spot,DENISON,ST,EASTGARDENS,344.0,No,Not a school zone,T-junction,-33.946104,151.223331,Bayside,Sydney metro. area,Syd-Newc-Woll Gtr conurbation,Curved,,,,Unknown / not stated,Sealed,Dry,Fine,Daylight,On,No traffic controls,60 km/h,State,21,Right through,202,Opp - Right-thru,,Other angle,Light truck,Car (sedan/hatch),2,0,0,0,0,2,February,Summer,Tuesday,08:00 - 09:59,AM peak / school commute,True,False,False,False
1344181,Non-casualty (towaway),Non-casualty (towaway),2024,2024,February,Friday,06:00 - 07:59,WESTERN,EXP,20,West,GREYSTANES ROAD,OP,GREYSTANES,6004.0,No,Not a school zone,Dual freeway,-33.809853,150.936915,Cumberland,Sydney metro. area,Syd-Newc-Woll Gtr conurbation,Straight,Underpass/tunnel,,,Unknown / not stated,Sealed,Dry,Fine,Daylight,Nil,No traffic controls,100 km/h,State,33,Lane sideswipe,305,Same - Lane side swipe,,Other angle,Station wagon,Car (sedan/hatch),2,0,0,0,0,2,February,Summer,Friday,06:00 - 07:59,AM peak / school commute,True,False,False,False
1344182,Non-casualty (towaway),Non-casualty (towaway),2024,2024,February,Saturday,12:00 - 13:59,PRINCES,HWY,0,Right on the spot,CREOLE,RD,ALBION PARK RAIL,1.0,No,Not a school zone,X-intersection,-34.555195,150.790763,Shellharbour,Wollongong met. area,Syd-Newc-Woll Gtr conurbation,Straight,,,,Unknown / not stated,Sealed,Dry,Fine,Daylight,Nil,Give way sign,70 km/h,State,37,Left turn sideswipe,309,Same - Left turn side swipe,,Other angle,Large rigid,4 wheel drive / SUV,2,0,0,0,0,2,February,Summer,Saturday,12:00 - 13:59,Midday / afternoon,False,False,False,False
1344183,Non-casualty (towaway),Non-casualty (towaway),2024,2024,February,Sunday,06:00 - 07:59,BEECROFT,RD,0,Right on the spot,KIRKHAM,ST,BEECROFT,139.0,No,Not a school zone,X-intersection,-33.754268,151.067474,Hornsby,Sydney metro. area,Syd-Newc-Woll Gtr conurbation,Straight,,,,Unknown / not stated,Sealed,Dry,Overcast,Daylight,Nil,Stop sign,60 km/h,State,13,Right near,104,Adj - Right-thru from right,,Right angle,4 wheel drive / SUV,Light truck,2,0,0,0,0,2,February,Summer,Sunday,06:00 - 07:59,AM peak / school commute,True,False,False,False
1344185,Non-casualty (towaway),Non-casualty (towaway),2024,2024,February,Monday,16:00 - 17:59,BEECROFT,RD,0,Right on the spot,NUMBER 225,HN,CHELTENHAM,139.0,No,Not a school zone,2-way undivided,-33.76203,151.079212,Hornsby,Sydney metro. area,Syd-Newc-Woll Gtr conurbation,Curved,Steep grade,,,Unknown / not stated,Sealed,Wet,Raining,Unknown,Nil,No traffic controls,60 km/h,State,20,Head on,201,Opp - Head on,,Head-on,Car (sedan/hatch),Car (sedan/hatch),4,0,0,0,0,2,February,Summer,Monday,16:00 - 17:59,PM peak / evening commute,True,False,False,False
1344187,Non-casualty (towaway),Non-casualty (towaway),2024,2024,February,Wednesday,16:00 - 17:59,KIDMAN,WAY,100,South,BLACK STUMP,RD,MERRIWAGGA,80.0,No,Not a school zone,2-way undivided,-33.818333,145.620828,Carrathool,Country non-urban,Rest of NSW - Rural,Curved,,,,Nil,Sealed,Dry,Fine,Daylight,Nil,No traffic controls,100 km/h,State,20,Head on,201,Opp - Head on,,Head-on,4 wheel drive / SUV,Semi-trailer,2,0,0,0,0,2,February,Summer,Wednesday,16:00 - 17:59,PM peak / evening commute,True,False,False,False
1344192,Non-casualty (towaway),Non-casualty (towaway),2024,2024,February,Sunday,14:00 - 15:59,BONDS,RD,0,Right on the spot,NUMBER 198,HN,RIVERWOOD,7006.0,No,Not a school zone,2-way undivided,-33.945617,151.06005,Canterbury-Bankstown,Sydney metro. area,Syd-Newc-Woll Gtr conurbation,Straight,,,,Unknown / not stated,Sealed,Dry,Fine,Daylight,Nil,No traffic controls,50 km/h,Regional,33,Lane sideswipe,305,Same - Lane side swipe,,Other angle,4 wheel drive / SUV,Car (sedan/hatch),2,0,0,0,0,2,February,Summer,Sunday,14:00 - 15:59,Midday / afternoon,False,False,False,False
1344193,Non-casualty (towaway),Non-casualty (towaway),2024,2024,January,Tuesday,10:00 - 11:59,NEWCASTLE,EXP,4000,North,PACIFIC HIGHWAY,OP,COWAN,6003.0,No,Not a school zone,Dual freeway,-33.604254,151.165386,Hornsby,Sydney metro. area,Syd-Newc-Woll Gtr conurbation,Straight,,,,Unknown / not stated,Sealed,Dry,Fine,Daylight,Nil,No traffic controls,110 km/h,State,30,Rear end,301,Same - Rear end,,Rear end,Car (sedan/hatch),Passenger van,2,0,0,0,0,1,January,Summer,Tuesday,10:00 - 11:59,Midday / afternoon,False,False,False,False
1344195,Non-casualty (towaway),Non-casualty (towaway),2024,2024,February,Tuesday,16:00 - 17:59,MURRAY,ST,0,Right on the spot,NOORONG,ST,BARHAM,,No,Not a school zone,Roundabout,-35.630236,144.12827,Murray River,Country urban,Rest of NSW - Urban,Straight,,,,Unknown / not stated,Sealed,Dry,Fine,Daylight,Nil,Give way sign,50 km/h,Local,21,Right through,202,Opp - Right-thru,,Other angle,4 wheel drive / SUV,4 wheel drive / SUV,2,0,0,0,0,2,February,Summer,Tuesday,16:00 - 17:59,PM peak / evening commute,True,False,False,False
1344196,Non-casualty (towaway),Non-casualty (towaway),2024,2024,February,Friday,08:00 - 09:59,WYONG,RD,0,Right on the spot,BERKELEY,RD,BERKELEY VALE,335.0,No,Not a school zone,X-intersection,-33.341654,151.428646,Central Coast,Country urban,Syd-Newc-Woll Gtr conurbation,Curved,,,,Unknown / not stated,Sealed,Wet,Overcast,Daylight,On,No traffic controls,70 km/h,State,30,Rear end,301,Same - Rear end,,Rear end,4 wheel drive / SUV,Light truck utility(from 2018),2,0,0,0,0,2,February,Summer,Friday,08:00 - 09:59,AM peak / school commute,True,False,False,False
1344197,Non-casualty (towaway),Non-casualty (towaway),2024,2024,February,Thursday,08:00 - 09:59,PACIFIC,HWY,0,Right on the spot,HARRY,ST,BELMONT SOUTH,10.0,No,Not a school zone,X-intersection,-33.05317,151.654808,Lake Macquarie,Newcastle met. area,Syd-Newc-Woll Gtr conurbation,Straight,,,,Unknown / not stated,Sealed,Dry,Fine,Daylight,Nil,Give way sign,60 km/h,State,71,Off rd left => obj,703,Left off cway into object,,Vehicle - Object,Car (sedan/hatch),,1,0,0,0,0,2,February,Summer,Thursday,08:00 - 09:59,AM peak / school commute,True,False,False,False
1344199,Non-casualty (towaway),Non-casualty (towaway),2024,2024,February,Friday,14:00 - 15:59,BELLS LINE OF,RD,100,North,GROSE VALE,RD,NORTH RICHMOND,184.0,No,Not a school zone,2-way undivided,-33.579201,150.718882,Hawkesbury,Country urban,Syd-Newc-Woll Gtr conurbation,Straight,,,,Unknown / not stated,Sealed,Dry,Fine,Daylight,Nil,No traffic controls,60 km/h,State,34,Lane change right,306,Same - Lane change right,,Other angle,Car (sedan/hatch),Light truck utility(from 2018),2,0,0,0,0,2,February,Summer,Friday,14:00 - 15:59,Midday / afternoon,False,False,False,False
1344200,Non-casualty (towaway),Non-casualty (towaway),2024,2024,February,Thursday,06:00 - 07:59,NEWCASTLE,EXP,3000,South,KU-RING-GAI CHASE ROAD,OP,WAHROONGA,6003.0,No,Not a school zone,Dual freeway,-33.705263,151.117831,Hornsby,Sydney metro. area,Syd-Newc-Woll Gtr conurbation,Straight,,,,Unknown / not stated,Sealed,Wet,Fine,Dawn,Nil,No traffic controls,110 km/h,State,30,Rear end,301,Same - Rear end,,Rear end,4 wheel drive / SUV,Light truck utility(from 2018),5,0,0,0,0,2,February,Summer,Thursday,06:00 - 07:59,AM peak / school commute,True,False,False,False
1344201,Non-casualty (towaway),Non-casualty (towaway),2024,2024,February,Thursday,18:00 - 19:59,CITY WEST LINK,RD,0,Right on the spot,JAMES,ST,LILYFIELD,650.0,No,Not a school zone,X-intersection,-33.874951,151.155162,Inner West,Sydney metro. area,Syd-Newc-Woll Gtr conurbation,Straight,,,,Unknown / not stated,Sealed,Dry,Fine,Dusk,On,No traffic controls,70 km/h,State,10,Cross traffic,101,Adj - Cross traffic,,Right angle,Car (sedan/hatch),Car (sedan/hatch),2,0,0,0,0,2,February,Summer,Thursday,18:00 - 19:59,PM peak / evening commute,True,False,False,False
1344202,Non-casualty (towaway),Non-casualty (towaway),2024,2024,February,Tuesday,08:00 - 09:59,PACIFIC,HWY,300,South,JOHNSON,RD,TUGGERAH,10.0,No,Not a school zone,Divided road,-33.297387,151.42202,Central Coast,Country urban,Syd-Newc-Woll Gtr conurbation,Straight,Driveway/entrance,,,Unknown / not stated,Sealed,Dry,Fine,Daylight,Nil,No traffic controls,60 km/h,State,49,Other manoeuvring,400,Manov - other,,Other angle,Large rigid,4 wheel drive / SUV,2,0,0,0,0,2,February,Summer,Tuesday,08:00 - 09:59,AM peak / school commute,True,False,False,False
1344205,Non-casualty (towaway),Non-casualty (towaway),2024,2024,February,Monday,12:00 - 13:59,OLD HUME,HWY,1130,South,SIERRA,ST,YERRINBOOL,,No,Not a school zone,2-way undivided,-34.375417,150.539156,Wingecarribee,Country urban,Rest of NSW - Urban,Straight,,,,Unknown / not stated,Sealed,Dry,Fine,Daylight,Nil,No traffic controls,60 km/h,Local,71,Off rd left => obj,703,Left off cway into object,,Vehicle - Object,Car (sedan/hatch),,1,0,0,0,0,2,February,Summer,Monday,12:00 - 13:59,Midday / afternoon,False,False,False,False
1344207,Non-casualty (towaway),Non-casualty (towaway),2024,2024,February,Monday,14:00 - 15:59,KING,ST,50,North,NORTHCLIFFE,DR,WARRAWONG,522.0,No,Not a school zone,Divided road,-34.486729,150.887693,Wollongong,Wollongong met. area,Syd-Newc-Woll Gtr conurbation,Straight,,,,Unknown / not stated,Sealed,Dry,Fine,Daylight,Nil,No traffic controls,60 km/h,State,34,Lane change right,306,Same - Lane change right,,Other angle,4 wheel drive / SUV,Large rigid,2,0,0,0,0,2,February,Summer,Monday,14:00 - 15:59,Midday / afternoon,False,False,False,False
1344209,Non-casualty (towaway),Non-casualty (towaway),2024,2024,February,Saturday,20:00 - 21:59,PACIFIC,HWY,0,Right on the spot,MONA VALE,RD,PYMBLE,10.0,No,Not a school zone,T-junction,-33.750786,151.147292,Ku-ring-gai,Sydney metro. area,Syd-Newc-Woll Gtr conurbation,Curved,Other bridge,,,Unknown / not stated,Sealed,Wet,Raining,Darkness,On,No traffic controls,60 km/h,State,21,Right through,202,Opp - Right-thru,,Other angle,Car (sedan/hatch),4 wheel drive / SUV,3,0,0,0,0,2,February,Summer,Saturday,20:00 - 21:59,Evening / night,False,False,False,False
1344210,Non-casualty (towaway),Non-casualty (towaway),2024,2024,February,Sunday,08:00 - 09:59,KOALA,ST,15,West,WANIORA,PKWY,PORT MACQUARIE,,No,Not a school zone,2-way undivided,-31.459845,152.922454,Port Macquarie-Hastings,Country urban,Rest of NSW - Urban,Straight,Pedestrian refuge,,,Unknown / not stated,Sealed,Dry,Fine,Daylight,Nil,No traffic controls,50 km/h,Local,73,Off rd rght => obj,704,Right off cway into obj,,Vehicle - Object,Car (sedan/hatch),,1,0,0,0,0,2,February,Summer,Sunday,08:00 - 09:59,AM peak / school commute,True,False,False,False
1344211,Non-casualty (towaway),Non-casualty (towaway),2024,2024,February,Monday,12:00 - 13:59,TAMARIND,AVE,0,Right on the spot,NUMBER 19,HN,BOGANGAR,,No,Not a school zone,2-way undivided,-28.328498,153.566327,Tweed,Country urban,Rest of NSW - Urban,Straight,,,,Off,Sealed,Dry,Fine,Daylight,Nil,No traffic controls,50 km/h,Local,71,Off rd left => obj,703,Left off cway into object,,Other angle,Car (sedan/hatch),Car (sedan/hatch),2,0,0,0,0,2,February,Summer,Monday,12:00 - 13:59,Midday / afternoon,False,False,False,False
1344212,Non-casualty (towaway),Non-casualty (towaway),2024,2024,February,Saturday,14:00 - 15:59,NEWCASTLE,EXP,1000,South,SPARKS ROAD,OP,WARNERVALE,6003.0,No,Not a school zone,Dual freeway,-33.235996,151.415918,Central Coast,Country non-urban,Syd-Newc-Woll Gtr conurbation,Straight,,,,Unknown / not stated,Sealed,Dry,Fine,Daylight,Nil,No traffic controls,110 km/h,State,33,Lane sideswipe,305,Same - Lane side swipe,,Other angle,Station wagon,Car (sedan/hatch),2,0,0,0,0,2,February,Summer,Saturday,14:00 - 15:59,Midday / afternoon,False,False,False,False
1344213,Non-casualty (towaway),Non-casualty (towaway),2024,2024,February,Sunday,20:00 - 21:59,SYDNEY,RD,0,Right on the spot,CONDAMINE,ST,BALGOWLAH,159.0,No,Not a school zone,X-intersection,-33.794422,151.264849,Northern Beaches,Sydney metro. area,Syd-Newc-Woll Gtr conurbation,Straight,,,,Unknown / not stated,Sealed,Dry,Fine,Darkness,On,No traffic controls,60 km/h,State,19,Other adjacent,100,Adj - other,,Right angle,Station wagon,Passenger van,2,0,0,0,0,2,February,Summer,Sunday,20:00 - 21:59,Evening / night,False,False,False,False
1344218,Non-casualty (towaway),Non-casualty (towaway),2024,2024,February,Friday,16:00 - 17:59,NEWCASTLE,EXP,0,Right on the spot,HAWKESBURY RIVER,BDGE,MOONEY MOONEY,6003.0,No,Not a school zone,Dual freeway,-33.535982,151.199456,Central Coast,Country non-urban,Syd-Newc-Woll Gtr conurbation,Straight,Other bridge,,,Unknown / not stated,Sealed,Dry,Fine,Daylight,Nil,No traffic controls,110 km/h,State,30,Rear end,301,Same - Rear end,,Rear end,Car (sedan/hatch),Car (sedan/hatch),7,0,0,0,0,2,February,Summer,Friday,16:00 - 17:59,PM peak / evening commute,True,False,False,False
1344219,Non-casualty (towaway),Non-casualty (towaway),2024,2024,February,Friday,16:00 - 17:59,PACIFIC,HWY,500,North,THE LAKES WAY,TO,KIWARRAK,10.0,No,Not a school zone,Divided road,-32.000731,152.463014,Mid-Coast,Country non-urban,Rest of NSW - Rural,Curved,,,,Unknown / not stated,Sealed,Dry,Fine,Daylight,Nil,No traffic controls,110 km/h,State,30,Rear end,301,Same - Rear end,,Rear end,4 wheel drive / SUV,Station wagon,2,0,0,0,0,2,February,Summer,Friday,16:00 - 17:59,PM peak / evening commute,True,False,False,False
1344221,Non-casualty (towaway),Non-casualty (towaway),2024,2024,February,Thursday,10:00 - 11:59,HARRIS,ST,0,Right on the spot,WILLORING,CRES,JAMISONTOWN,,No,Not a school zone,T-junction,-33.765834,150.677235,Penrith,Sydney metro. area,Syd-Newc-Woll Gtr conurbation,Curved,Foot/cycle path/nature strip,,,Unknown / not stated,Sealed,Dry,Fine,Daylight,Nil,No traffic controls,50 km/h,Local,85,Off rt/lft bnd=>obj,706,Left turn,Right,Other angle,4 wheel drive / SUV,Car (sedan/hatch),2,0,0,0,0,2,February,Summer,Thursday,10:00 - 11:59,Midday / afternoon,False,False,False,False
1344224,Non-casualty (towaway),Non-casualty (towaway),2024,2024,February,Monday,16:00 - 17:59,PACIFIC,HWY,0,Right on the spot,BALD HILL ROAD,OP,MACKSVILLE,10.0,No,Not a school zone,Divided road,-30.732496,152.921453,Nambucca Valley,Country non-urban,Rest of NSW - Rural,Curved,,,,Unknown / not stated,Sealed,Wet,Raining,Daylight,Nil,No traffic controls,110 km/h,State,82,Off right/right bend,801,Off cway right bend,Right,Rollover,Light truck,,1,0,0,0,0,2,February,Summer,Monday,16:00 - 17:59,PM peak / evening commute,True,False,False,False
1344226,Non-casualty (towaway),Non-casualty (towaway),2024,2024,February,Tuesday,06:00 - 07:59,SECOND,AVE,69,East,FOURTH,AVE,RUTHERFORD,,No,Not a school zone,2-way undivided,-32.716365,151.534483,Maitland,Country urban,Rest of NSW - Urban,Straight,,,,Unknown / not stated,Sealed,Dry,Fine,Daylight,Nil,No traffic controls,50 km/h,Local,71,Off rd left => obj,703,Left off cway into object,,Other angle,Light truck utility(from 2018),Other small trailer,3,0,0,0,0,2,February,Summer,Tuesday,06:00 - 07:59,AM peak / school commute,True,False,False,False
1344227,Non-casualty (towaway),Non-casualty (towaway),2024,2024,February,Wednesday,18:00 - 19:59,GREAT WESTERN,HWY,50,South,GOVERNORS DRIVE,OP,GLENBROOK,5.0,No,Not a school zone,Divided road,-33.766321,150.640046,Blue Mountains,Country urban,Syd-Newc-Woll Gtr conurbation,Curved,Steep grade,,,Unknown / not stated,Sealed,Wet,Fine,Dusk,Nil,No traffic controls,70 km/h,State,85,Off rt/lft bnd=>obj,804,Off left bend into obj,Right,Vehicle - Object,Car (sedan/hatch),,1,0,0,0,0,2,February,Summer,Wednesday,18:00 - 19:59,PM peak / evening commute,True,False,False,False