crash_id,degree_of_crash,degree_of_crash_-_detailed,reporting_year,year_of_crash,month_of_crash,day_of_week_of_crash,two-hour_intervals,street_of_crash,street_type,distance,direction,identifying_feature,identifying_feature_type,town,route_no.,school_zone_location,school_zone_active,type_of_location,latitude,longitude,lga,urbanisation,conurbation_1,alignment,primary_permanent_feature,primary_temporary_feature,primary_hazardous_feature,street_lighting,road_surface,surface_condition,weather,natural_lighting,signals_operation,other_traffic_control,speed_limit,road_classification_(admin),rum_-_code,rum_-_description,dca_-_code,dca_-_description,dca_supplement,first_impact_type,key_tu_type,other_tu_type,no._of_traffic_units_involved,no._killed,no._seriously_injured,no._moderately_injured,no._minor-other_injured,month_num,month_label,season,day_label,time_label,time_band,is_peak_commute,is_fatal,is_injury,is_casualty
1344228,Non-casualty (towaway),Non-casualty (towaway),2024,2024,February,Tuesday,16:00 - 17:59,JACKSON,ST,0,Right on the spot,RIVER,RD,ERMINGTON,,No,Not a school zone,X-intersection,-33.815121,151.053671,Parramatta,Sydney metro. area,Syd-Newc-Woll Gtr conurbation,Straight,,,,Unknown / not stated,Sealed,Wet,Overcast,Daylight,Nil,Give way sign,50 km/h,Local,10,Cross traffic,101,Adj - Cross traffic,,Right angle,Car (sedan/hatch),Car (sedan/hatch),2,0,0,0,0,2,February,Summer,Tuesday,16:00 - 17:59,PM peak / evening commute,True,False,False,False
1344232,Non-casualty (towaway),Non-casualty (towaway),2024,2024,February,Saturday,18:00 - 19:59,BRISBANE,ST,0,Right on the spot,BRUNSWICK,ST,EAST MAITLAND,,No,Not a school zone,X-intersection,-32.759136,151.585113,Maitland,Country urban,Rest of NSW - Urban,Straight,,,,Unknown / not stated,Sealed,Dry,Fine,Dusk,Nil,Stop sign,50 km/h,Local,10,Cross traffic,101,Adj - Cross traffic,,Right angle,Station wagon,4 wheel drive / SUV,2,0,0,0,0,2,February,Summer,Saturday,18:00 - 19:59,PM peak / evening commute,True,False,False,False
1344236,Non-casualty (towaway),Non-casualty (towaway),2024,2024,February,Tuesday,06:00 - 07:59,NARELLAN,RD,250,West,HUME HIGHWAY,OP,MOUNT ANNAN,178.0,No,Not a school zone,2-way undivided,-34.06076,150.782885,Campbelltown,Sydney metro. area,Syd-Newc-Woll Gtr conurbation,Straight,,,,Unknown / not stated,Sealed,Dry,Fine,Daylight,Nil,No traffic controls,80 km/h,State,34,Lane change right,306,Same - Lane change right,,Other angle,Large rigid,Car (sedan/hatch),2,0,0,0,0,2,February,Summer,Tuesday,06:00 - 07:59,AM peak / school commute,True,False,False,False
1344239,Non-casualty (towaway),Non-casualty (towaway),2024,2024,February,Tuesday,16:00 - 17:59,JOSEPH,ST,0,Right on the spot,CUTCLIFFE,AVE,REGENTS PARK,190.0,No,Not a school zone,T-junction,-33.885729,151.039766,Cumberland,Sydney metro. area,Syd-Newc-Woll Gtr conurbation,Straight,,,,Unknown / not stated,Sealed,Wet,Raining,Daylight,Nil,Give way sign,80 km/h,State,30,Rear end,301,Same - Rear end,,Rear end,Car (sedan/hatch),Light truck,2,0,0,0,0,2,February,Summer,Tuesday,16:00 - 17:59,PM peak / evening commute,True,False,False,False
1344241,Non-casualty (towaway),Non-casualty (towaway),2024,2024,February,Wednesday,08:00 - 09:59,O'RIORDAN,ST,10,South,BOURKE,RD,MASCOT,658.0,No,Not a school zone,T-junction,-33.926967,151.187974,Bayside,Sydney metro. area,Syd-Newc-Woll Gtr conurbation,Straight,,,,Unknown / not stated,Sealed,Dry,Fine,Daylight,Unknown / not stated,No traffic controls,60 km/h,State,33,Lane sideswipe,305,Same - Lane side swipe,,Other angle,Car (sedan/hatch),Semi-trailer,2,0,0,0,0,2,February,Summer,Wednesday,08:00 - 09:59,AM peak / school commute,True,False,False,False
1344242,Non-casualty (towaway),Non-casualty (towaway),2024,2024,February,Friday,08:00 - 09:59,EMMA,ST,0,Right on the spot,WANGARA,ST,MONA VALE,,Yes,Yes,L-junction,-33.677083,151.299366,Northern Beaches,Sydney metro. area,Syd-Newc-Woll Gtr conurbation,Curved,Painted double centre lines,,,Unknown / not stated,Sealed,Dry,Fine,Daylight,Nil,No traffic controls,40 km/h,Local,20,Head on,201,Opp - Head on,,Head-on,Station wagon,4 wheel drive / SUV,2,0,0,0,0,2,February,Summer,Friday,08:00 - 09:59,AM peak / school commute,True,False,False,False
1344243,Non-casualty (towaway),Non-casualty (towaway),2024,2024,February,Thursday,14:00 - 15:59,STATION,ST,0,Right on the spot,NUMBER 100-102,HN,ROOTY HILL,,No,Not a school zone,2-way undivided,-33.763273,150.84587,Blacktown,Sydney metro. area,Syd-Newc-Woll Gtr conurbation,Straight,,,,Unknown / not stated,Sealed,Wet,Overcast,Daylight,Nil,No traffic controls,50 km/h,Local,73,Off rd rght => obj,704,Right off cway into obj,,Other angle,Car (sedan/hatch),4 wheel drive / SUV,2,0,0,0,0,2,February,Summer,Thursday,14:00 - 15:59,Midday / afternoon,False,False,False,False
1344247,Non-casualty (towaway),Non-casualty (towaway),2024,2024,February,Wednesday,20:00 - 21:59,DENMEAD,ST,0,Right on the spot,LEONARD,ST,THIRLMERE,,No,Not a school zone,T-junction,-34.216388,150.576377,Wollondilly,Country urban,Syd-Newc-Woll Gtr conurbation,Straight,,,,Unknown / not stated,Sealed,Wet,Raining,Darkness,Nil,Give way sign,80 km/h,Local,10,Cross traffic,101,Adj - Cross traffic,,Right angle,4 wheel drive / SUV,4 wheel drive / SUV,2,0,0,0,0,2,February,Summer,Wednesday,20:00 - 21:59,Evening / night,False,False,False,False
1344248,Non-casualty (towaway),Non-casualty (towaway),2024,2024,February,Wednesday,08:00 - 09:59,GREAT WESTERN,HWY,100,East,SMALLWOOD,AVE,HOMEBUSH,5.0,No,Not a school zone,2-way undivided,-33.862695,151.079348,Strathfield,Sydney metro. area,Syd-Newc-Woll Gtr conurbation,Straight,,,,Unknown / not stated,Sealed,Dry,Fine,Daylight,Nil,No traffic controls,60 km/h,State,35,Lane change left,307,Same - Lane change left,,Other angle,Large rigid,4 wheel drive / SUV,2,0,0,0,0,2,February,Summer,Wednesday,08:00 - 09:59,AM peak / school commute,True,False,False,False
1344249,Non-casualty (towaway),Non-casualty (towaway),2024,2024,February,Tuesday,16:00 - 17:59,PRINCES,HWY,500,South,FOREST,RD,NOWRA HILL,1.0,No,Not a school zone,Divided road,-34.95075,150.601103,Shoalhaven,Country non-urban,Rest of NSW - Rural,Straight,Embankment/cutting,,,Nil,Sealed,Wet,Raining,Daylight,Nil,No traffic controls,100 km/h,State,71,Off rd left => obj,703,Left off cway into object,,Vehicle - Object,4 wheel drive / SUV,,1,0,0,0,0,2,February,Summer,Tuesday,16:00 - 17:59,PM peak / evening commute,True,False,False,False
1344254,Non-casualty (towaway),Non-casualty (towaway),2024,2024,February,Tuesday,12:00 - 13:59,POLDING,ST,0,Right on the spot,LIVERPOOL PARRAMATTA TRANSITWAY,MS,BOSSLEY PARK,,No,Not a school zone,X-intersection,-33.856526,150.897138,Fairfield,Sydney metro. area,Syd-Newc-Woll Gtr conurbation,Straight,Bus/transit lane,,,Unknown / not stated,Sealed,Wet,Raining,Daylight,On,No traffic controls,60 km/h,Local,10,Cross traffic,101,Adj - Cross traffic,,Right angle,Car (sedan/hatch),Other bus,2,0,0,0,0,2,February,Summer,Tuesday,12:00 - 13:59,Midday / afternoon,False,False,False,False
1344256,Non-casualty (towaway),Non-casualty (towaway),2024,2024,February,Saturday,18:00 - 19:59,WHITE HART,DR,155,South,CADDIES,BVD,ROUSE HILL,,No,Not a school zone,2-way undivided,-33.69117,150.927628,The Hills,Sydney metro. area,Syd-Newc-Woll Gtr conurbation,Straight,Driveway/entrance,,,Unknown / not stated,Sealed,Dry,Fine,Daylight,On,Ped crossing,50 km/h,Local,21,Right through,202,Opp - Right-thru,,Other angle,Station wagon,4 wheel drive / SUV,2,0,0,0,0,2,February,Summer,Saturday,18:00 - 19:59,PM peak / evening commute,True,False,False,False
1344260,Non-casualty (towaway),Non-casualty (towaway),2024,2024,February,Sunday,22:00 - Midnight,PRINCES,HWY,800,South,MILLS FISHING,RD,BATEMANS BAY,1.0,No,Not a school zone,Divided road,-35.739323,150.163338,Eurobodalla,Country non-urban,Rest of NSW - Rural,Curved,Steep grade,,,Off,Sealed,Wet,Unknown,Darkness,Nil,No traffic controls,90 km/h,State,81,Off left/rt bnd=>obj,803,Off right bend into obj,Left,Vehicle - Object,Car (sedan/hatch),,1,0,0,0,0,2,February,Summer,Sunday,22:00 - Midnight,Evening / night,False,False,False,False
1344261,Non-casualty (towaway),Non-casualty (towaway),2024,2024,February,Saturday,10:00 - 11:59,PRINCES,HWY,600,South,FOREST,RD,NOWRA HILL,1.0,No,Not a school zone,Divided road,-34.951651,150.600834,Shoalhaven,Country non-urban,Rest of NSW - Rural,Straight,,,,Unknown / not stated,Sealed,Dry,Fine,Daylight,Nil,No traffic controls,100 km/h,State,73,Off rd rght => obj,704,Right off cway into obj,,Vehicle - Object,Car (sedan/hatch),,1,0,0,0,0,2,February,Summer,Saturday,10:00 - 11:59,Midday / afternoon,False,False,False,False
1344350,Non-casualty (towaway),Non-casualty (towaway),2024,2024,January,Thursday,14:00 - 15:59,QUEENS,RD,0,Right on the spot,THE AVENUE,AVE,HURSTVILLE,168.0,No,Not a school zone,T-junction,-33.962761,151.104046,Georges River,Sydney metro. area,Syd-Newc-Woll Gtr conurbation,Straight,,,,Off,Sealed,Wet,Raining,Daylight,Off,No traffic controls,60 km/h,State,34,Lane change right,306,Same - Lane change right,,Other angle,Car (sedan/hatch),Car (sedan/hatch),2,0,0,0,0,1,January,Summer,Thursday,14:00 - 15:59,Midday / afternoon,False,False,False,False
1344355,Non-casualty (towaway),Non-casualty (towaway),2024,2024,January,Friday,12:00 - 13:59,THE BOULEVARDE,MS,0,Right on the spot,SERVICE NSW,OT,TORONTO,,No,Not a school zone,2-way undivided,-33.013399,151.594045,Lake Macquarie,Newcastle met. area,Syd-Newc-Woll Gtr conurbation,Straight,Foot/cycle path/nature strip,,,On,Sealed,Dry,Fine,Daylight,Nil,No traffic controls,40 km/h,Local,49,Other manoeuvring,400,Manov - other,,Other angle,Car (sedan/hatch),,1,0,0,0,0,1,January,Summer,Friday,12:00 - 13:59,Midday / afternoon,False,False,False,False
1344362,Non-casualty (towaway),Non-casualty (towaway),2024,2024,January,Sunday,02:00 - 03:59,ELIZABETH MITCHELL,DR,0,Right on the spot,ETTAMOGAH,RD,TABLE TOP,,No,Not a school zone,T-junction,-36.024271,146.99028,Albury,Country urban,Rest of NSW - Urban,Straight,,,,Nil,Sealed,Dry,Fine,Darkness,Nil,No traffic controls,60 km/h,Local,75,Off end of road,709,Off end cway or T junct,,Vehicle - Object,Light truck utility(from 2018),,1,0,0,0,0,1,January,Summer,Sunday,02:00 - 03:59,Late night / early morning,False,False,False,False
1344386,Non-casualty (towaway),Non-casualty (towaway),2024,2024,January,Saturday,20:00 - 21:59,PACIFIC,HWY,100,South,SAWTELL ROAD,TO,BOAMBEE EAST,10.0,No,Not a school zone,Divided road,-30.337732,153.077022,Coffs Harbour,Country non-urban,Rest of NSW - Rural,Straight,,,,Nil,Sealed,Dry,Fine,Darkness,Nil,No traffic controls,100 km/h,State,71,Off rd left => obj,703,Left off cway into object,,Vehicle - Object,4 wheel drive / SUV,,1,0,0,0,0,1,January,Summer,Saturday,20:00 - 21:59,Evening / night,False,False,False,False
1344399,Non-casualty (towaway),Non-casualty (towaway),2024,2024,February,Friday,12:00 - 13:59,SUNNYHOLT,RD,0,Right on the spot,VARDYS,RD,BLACKTOWN,642.0,No,Not a school zone,X-intersection,-33.747695,150.916394,Blacktown,Sydney metro. area,Syd-Newc-Woll Gtr conurbation,Straight,,,,Nil,Sealed,Dry,Fine,Daylight,On,No traffic controls,70 km/h,State,13,Right near,104,Adj - Right-thru from right,,Right angle,Car (sedan/hatch),Light truck utility(from 2018),3,0,0,0,0,2,February,Summer,Friday,12:00 - 13:59,Midday / afternoon,False,False,False,False
1344426,Non-casualty (towaway),Non-casualty (towaway),2024,2024,February,Wednesday,02:00 - 03:59,DALTON,ST,0,Right on the spot,NUMER 28,HN,WYOMING,,No,Not a school zone,2-way undivided,-33.408192,151.360035,Central Coast,Country urban,Syd-Newc-Woll Gtr conurbation,Straight,,,,On,Sealed,Dry,Fine,Darkness,Nil,No traffic controls,50 km/h,Local,71,Off rd left => obj,703,Left off cway into object,,Other angle,4 wheel drive / SUV,Light truck utility(from 2018),2,0,0,0,0,2,February,Summer,Wednesday,02:00 - 03:59,Late night / early morning,False,False,False,False
1344439,Non-casualty (towaway),Non-casualty (towaway),2024,2024,February,Monday,08:00 - 09:59,PACIFIC,HWY,260,South,HANNAM VALE,RD,MOORLAND,10.0,No,Not a school zone,Divided road,-31.774162,152.650813,Mid-Coast,Country non-urban,Rest of NSW - Rural,Curved,,,,Nil,Sealed,Dry,Fine,Daylight,Nil,No traffic controls,110 km/h,State,81,Off left/rt bnd=>obj,803,Off right bend into obj,Left,Vehicle - Object,Car (sedan/hatch),,1,0,0,0,0,2,February,Summer,Monday,08:00 - 09:59,AM peak / school commute,True,False,False,False
1344440,Non-casualty (towaway),Non-casualty (towaway),2024,2024,February,Sunday,12:00 - 13:59,SAINT MARKS,RD,0,Right on the spot,NUMBER 2,HN,RANDWICK,,No,Not a school zone,2-way undivided,-33.908597,151.247643,Randwick,Sydney metro. area,Syd-Newc-Woll Gtr conurbation,Straight,,,,Off,Sealed,Dry,Fine,Daylight,Nil,No traffic controls,50 km/h,Local,49,Other manoeuvring,400,Manov - other,,Other angle,Unknown type,Car (sedan/hatch),2,0,0,0,0,2,February,Summer,Sunday,12:00 - 13:59,Midday / afternoon,False,False,False,False
1344444,Non-casualty (towaway),Non-casualty (towaway),2024,2024,February,Wednesday,06:00 - 07:59,LADY WAKEHURST,DR,100,North,OTFORD,RD,OTFORD,393.0,No,Not a school zone,2-way undivided,-34.222043,150.998722,Wollongong,Wollongong met. area,Syd-Newc-Woll Gtr conurbation,Straight,,,,Nil,Sealed,Wet,Raining,Darkness,Nil,No traffic controls,60 km/h,State,71,Off rd left => obj,703,Left off cway into object,,Vehicle - Object,Car (sedan/hatch),,1,0,0,0,0,2,February,Summer,Wednesday,06:00 - 07:59,AM peak / school commute,True,False,False,False
1344448,Non-casualty (towaway),Non-casualty (towaway),2024,2024,February,Friday,12:00 - 13:59,BUNDARRA,RD,0,Right on the spot,LATIMER,RD,BELLEVUE HILL,,No,Not a school zone,Roundabout,-33.882299,151.260329,Woollahra,Sydney metro. area,Syd-Newc-Woll Gtr conurbation,Curved,Steep grade,,,Nil,Sealed,Dry,Fine,Daylight,Nil,Give way sign,50 km/h,Local,45,Reversing,404,Manov - Reverse in traffic,,Other angle,Unknown motor vehicle,Car (sedan/hatch),2,0,0,0,0,2,February,Summer,Friday,12:00 - 13:59,Midday / afternoon,False,False,False,False
1344449,Non-casualty (towaway),Non-casualty (towaway),2024,2024,February,Wednesday,22:00 - Midnight,SACKVILLE,ST,50,South,KIORA,ST,CANLEY VALE,7221.0,No,Not a school zone,2-way undivided,-33.887208,150.935619,Fairfield,Sydney metro. area,Syd-Newc-Woll Gtr conurbation,Straight,,,,On,Sealed,Dry,Fine,Darkness,Nil,No traffic controls,60 km/h,Regional,72,Off road to right,702,Off carriageway to right,,Rollover,Car (sedan/hatch),,1,0,0,0,0,2,February,Summer,Wednesday,22:00 - Midnight,Evening / night,False,False,False,False
1344483,Non-casualty (towaway),Non-casualty (towaway),2024,2024,January,Monday,16:00 - 17:59,OLD NORTHERN,RD,190,North,WYOMING,RD,DURAL,160.0,No,Not a school zone,2-way undivided,-33.666131,151.02559,Hornsby,Sydney metro. area,Syd-Newc-Woll Gtr conurbation,Curved,Painted double centre lines,,,Off,Sealed,Wet,Raining,Daylight,Nil,No traffic controls,70 km/h,State,83,Off rt/rt bnd=>obj,803,Off right bend into obj,Right,Vehicle - Object,Car (sedan/hatch),,1,0,0,0,0,1,January,Summer,Monday,16:00 - 17:59,PM peak / evening commute,True,False,False,False
1344504,Non-casualty (towaway),Non-casualty (towaway),2024,2024,February,Sunday,18:00 - 19:59,SCENIC,HWY,0,Right on the spot,NUMBER 319,HN,TERRIGAL,504.0,No,Not a school zone,2-way undivided,-33.458493,151.419754,Central Coast,Country urban,Syd-Newc-Woll Gtr conurbation,Straight,Ditch/drain/culvert,,,Nil,Sealed,Dry,Fine,Dusk,Nil,No traffic controls,70 km/h,State,71,Off rd left => obj,703,Left off cway into object,,Vehicle - Object,4 wheel drive / SUV,,1,0,0,0,0,2,February,Summer,Sunday,18:00 - 19:59,PM peak / evening commute,True,False,False,False
1344525,Non-casualty (towaway),Non-casualty (towaway),2024,2024,February,Friday,02:00 - 03:59,JUNO,PDE,200,West,ROBERTS,RD,GREENACRE,636.0,No,Not a school zone,2-way undivided,-33.90747,151.062135,Canterbury-Bankstown,Sydney metro. area,Syd-Newc-Woll Gtr conurbation,Straight,,,,On,Sealed,Dry,Fine,Darkness,Nil,No traffic controls,60 km/h,State,33,Lane sideswipe,305,Same - Lane side swipe,,Other angle,Car (sedan/hatch),Light truck utility(from 2018),2,0,0,0,0,2,February,Summer,Friday,02:00 - 03:59,Late night / early morning,False,False,False,False
1344528,Non-casualty (towaway),Non-casualty (towaway),2024,2024,February,Monday,14:00 - 15:59,STURT,HWY,1800,East,KERI KERI,RD,KERI KERI,14.0,No,Not a school zone,2-way undivided,-34.721425,143.906314,Murray River,Country non-urban,Rest of NSW - Rural,Curved,,,,Nil,Sealed,Dry,Fine,Daylight,Nil,No traffic controls,110 km/h,State,87,Off lft/lft bnd=>obj,804,Off left bend into obj,Left,Vehicle - Object,Station wagon,,1,0,0,0,0,2,February,Summer,Monday,14:00 - 15:59,Midday / afternoon,False,False,False,False
1344537,Non-casualty (towaway),Non-casualty (towaway),2024,2024,February,Saturday,20:00 - 21:59,BLACKTOWN,RD,300,East,BOURKE,ST,RICHMOND,537.0,No,Not a school zone,2-way undivided,-33.606234,150.758832,Hawkesbury,Country urban,Syd-Newc-Woll Gtr conurbation,Straight,Ditch/drain/culvert,,,Nil,Sealed,Wet,Raining,Darkness,Nil,No traffic controls,80 km/h,State,71,Off rd left => obj,703,Left off cway into object,,Vehicle - Object,Passenger van,,1,0,0,0,0,2,February,Summer,Saturday,20:00 - 21:59,Evening / night,False,False,False,False
1344552,Non-casualty (towaway),Non-casualty (towaway),2024,2024,February,Saturday,20:00 - 21:59,NUWARRA,RD,0,Right on the spot,NUMBER 210,HN,MOOREBANK,7269.0,No,Not a school zone,2-way undivided,-33.942794,150.950561,Liverpool,Sydney metro. area,Syd-Newc-Woll Gtr conurbation,Straight,,,,On,Sealed,Dry,Fine,Darkness,Nil,No traffic controls,60 km/h,Regional,71,Off rd left => obj,703,Left off cway into object,,Vehicle - Object,Light truck utility(from 2018),,1,0,0,0,0,2,February,Summer,Saturday,20:00 - 21:59,Evening / night,False,False,False,False
1344559,Non-casualty (towaway),Non-casualty (towaway),2024,2024,January,Sunday,00:01 - 01:59,FULLERS,RD,60,West,MCLEAN,AVE,CHATSWOOD,191.0,No,Not a school zone,2-way undivided,-33.796196,151.172013,Willoughby,Sydney metro. area,Syd-Newc-Woll Gtr conurbation,Straight,Steep grade,,,On,Sealed,Wet,Raining,Darkness,Nil,No traffic controls,50 km/h,State,71,Off rd left => obj,703,Left off cway into object,,Vehicle - Object,Car (sedan/hatch),,1,0,0,0,0,1,January,Summer,Sunday,00:01 - 01:59,Late night / early morning,False,False,False,False
1344561,Non-casualty (towaway),Non-casualty (towaway),2024,2024,February,Wednesday,06:00 - 07:59,WESTERN,EXP,200,East,PROSPECT HIGHWAY,OP,PROSPECT,6004.0,No,Not a school zone,Dual freeway,-33.805731,150.91822,Blacktown,Sydney metro. area,Syd-Newc-Woll Gtr conurbation,Straight,,,,Off,Sealed,Dry,Fine,Daylight,Nil,No traffic controls,100 km/h,State,30,Rear end,301,Same - Rear end,,Rear end,Car (sedan/hatch),Unknown motor vehicle,2,0,0,0,0,2,February,Summer,Wednesday,06:00 - 07:59,AM peak / school commute,True,False,False,False
1344566,Non-casualty (towaway),Non-casualty (towaway),2024,2024,January,Monday,20:00 - 21:59,SUNNYHOLT,RD,0,Right on the spot,VARDYS,RD,KINGS LANGLEY,642.0,No,Not a school zone,X-intersection,-33.747549,150.916422,Blacktown,Sydney metro. area,Syd-Newc-Woll Gtr conurbation,Straight,,,,On,Sealed,Dry,Fine,Darkness,On,No right turn,70 km/h,State,10,Cross traffic,101,Adj - Cross traffic,,Right angle,Car (sedan/hatch),Car (sedan/hatch),2,0,0,0,0,1,January,Summer,Monday,20:00 - 21:59,Evening / night,False,False,False,False
1344568,Non-casualty (towaway),Non-casualty (towaway),2024,2024,February,Friday,10:00 - 11:59,BROKEN BAY,RD,0,Right on the spot,KOURUNG,ST,ETTALONG BEACH,,No,Not a school zone,X-intersection,-33.520773,151.330339,Central Coast,Country urban,Syd-Newc-Woll Gtr conurbation,Straight,,,,Off,Sealed,Dry,Overcast,Daylight,Nil,Give way sign,50 km/h,Local,10,Cross traffic,101,Adj - Cross traffic,,Right angle,Light truck utility(from 2018),4 wheel drive / SUV,2,0,0,0,0,2,February,Summer,Friday,10:00 - 11:59,Midday / afternoon,False,False,False,False
1344586,Non-casualty (towaway),Non-casualty (towaway),2024,2024,February,Saturday,20:00 - 21:59,MACAULAY,ST,85,East,TANK,ST,LITHGOW,,No,Not a school zone,2-way undivided,-33.474941,150.162095,Lithgow,Country urban,Rest of NSW - Urban,Straight,,,,On,Sealed,Dry,Fine,Darkness,Nil,No traffic controls,50 km/h,Local,73,Off rd rght => obj,704,Right off cway into obj,,Vehicle - Object,Car (sedan/hatch),,1,0,0,0,0,2,February,Summer,Saturday,20:00 - 21:59,Evening / night,False,False,False,False
1344612,Non-casualty (towaway),Non-casualty (towaway),2024,2024,February,Thursday,20:00 - 21:59,PARKER,ST,0,Right on the spot,COREEN,AVE,PENRITH,154.0,No,Not a school zone,X-intersection,-33.747036,150.714261,Penrith,Sydney metro. area,Syd-Newc-Woll Gtr conurbation,Straight,,,,On,Sealed,Dry,Fine,Darkness,On,No traffic controls,70 km/h,State,30,Rear end,301,Same - Rear end,,Rear end,Unknown motor vehicle,Motorcycle,2,0,0,0,0,2,February,Summer,Thursday,20:00 - 21:59,Evening / night,False,False,False,False
1344637,Non-casualty (towaway),Non-casualty (towaway),2024,2024,January,Wednesday,08:00 - 09:59,HUME,HWY,2000,South,CAMPBELLTOWN ROAD,OP,RABY,2.0,No,Not a school zone,Dual freeway,-34.016609,150.825302,Campbelltown,Sydney metro. area,Syd-Newc-Woll Gtr conurbation,Straight,,,,Nil,Sealed,Dry,Fine,Daylight,Nil,No traffic controls,110 km/h,State,33,Lane sideswipe,305,Same - Lane side swipe,,Other angle,Light truck utility(from 2018),Unknown motor vehicle,2,0,0,0,0,1,January,Summer,Wednesday,08:00 - 09:59,AM peak / school commute,True,False,False,False
1344638,Non-casualty (towaway),Non-casualty (towaway),2024,2024,January,Monday,18:00 - 19:59,MITCHELL,RD,30,North,RENWICK,ST,ALEXANDRIA,2005.0,No,Not a school zone,2-way undivided,-33.898713,151.195016,Sydney,Sydney metro. area,Syd-Newc-Woll Gtr conurbation,Straight,,,,Off,Sealed,Dry,Fine,Daylight,Nil,No traffic controls,50 km/h,Regional,71,Off rd left => obj,703,Left off cway into object,,Other angle,4 wheel drive / SUV,Light truck,2,0,0,0,0,1,January,Summer,Monday,18:00 - 19:59,PM peak / evening commute,True,False,False,False
1344652,Non-casualty (towaway),Non-casualty (towaway),2024,2024,February,Thursday,00:01 - 01:59,OLD PRINCES,HWY,5,North,TOWNSEND,AVE,FAIRY MEADOW,,No,Not a school zone,T-junction,-34.397996,150.892231,Wollongong,Wollongong met. area,Syd-Newc-Woll Gtr conurbation,Straight,,,,On,Sealed,Wet,Raining,Darkness,Nil,No traffic controls,60 km/h,Local,71,Off rd left => obj,703,Left off cway into object,,Vehicle - Object,4 wheel drive / SUV,,1,0,0,0,0,2,February,Summer,Thursday,00:01 - 01:59,Late night / early morning,False,False,False,False
1344718,Non-casualty (towaway),Non-casualty (towaway),2024,2024,January,Saturday,00:01 - 01:59,KEREN,AVE,145,North,BUNDILLA,PDE,BERKELEY VALE,,No,Not a school zone,2-way undivided,-33.340374,151.428808,Central Coast,Country urban,Syd-Newc-Woll Gtr conurbation,Straight,,,,Unknown / not stated,Sealed,Dry,Fine,Darkness,Nil,No traffic controls,50 km/h,Local,71,Off rd left => obj,703,Left off cway into object,,Vehicle - Object,4 wheel drive / SUV,,1,0,0,0,0,1,January,Summer,Saturday,00:01 - 01:59,Late night / early morning,False,False,False,False
1344720,Non-casualty (towaway),Non-casualty (towaway),2024,2024,January,Wednesday,04:00 - 05:59,TAYLOR,ST,0,Right on the spot,NUMBER 33,HN,WEST PENNANT HILLS,,No,Not a school zone,Divided road,-33.749696,151.025032,The Hills,Sydney metro. area,Syd-Newc-Woll Gtr conurbation,Straight,Steep grade,,,Unknown / not stated,Sealed,Dry,Fine,Dawn,Nil,No traffic controls,50 km/h,Local,71,Off rd left => obj,703,Left off cway into object,,Other angle,Car (sedan/hatch),Car (sedan/hatch),2,0,0,0,0,1,January,Summer,Wednesday,04:00 - 05:59,Late night / early morning,False,False,False,False
1344737,Non-casualty (towaway),Non-casualty (towaway),2024,2024,January,Friday,04:00 - 05:59,HIGH,ST,35,North,MOWBRAY,RD,WILLOUGHBY,,No,Not a school zone,2-way undivided,-33.803902,151.204117,Willoughby,Sydney metro. area,Syd-Newc-Woll Gtr conurbation,Straight,,,,On,Sealed,Dry,Fine,Darkness,Nil,No traffic controls,50 km/h,Local,71,Off rd left => obj,703,Left off cway into object,,Other angle,Light truck utility(from 2018),Car (sedan/hatch),2,0,0,0,0,1,January,Summer,Friday,04:00 - 05:59,Late night / early morning,False,False,False,False
1344756,Non-casualty (towaway),Non-casualty (towaway),2024,2024,January,Tuesday,12:00 - 13:59,EIGHTH,AVE,10,West,SOUTH CREEK,RD,SHANES PARK,7164.0,No,Not a school zone,T-junction,-33.715478,150.770289,Blacktown,Sydney metro. area,Syd-Newc-Woll Gtr conurbation,Straight,Painted double centre lines,,,Nil,Sealed,Dry,Fine,Daylight,Nil,Give way sign,60 km/h,Regional,12,Left far,103,Adj - Left-thru from left,,Right angle,4 wheel drive / SUV,Car (sedan/hatch),2,0,0,0,0,1,January,Summer,Tuesday,12:00 - 13:59,Midday / afternoon,False,False,False,False
1344771,Non-casualty (towaway),Non-casualty (towaway),2024,2024,February,Friday,14:00 - 15:59,RICHMOND,RD,0,Right on the spot,M7 WESTLINK,EXP,COLEBEE,643.0,No,Not a school zone,X-intersection,-33.733028,150.848857,Blacktown,Sydney metro. area,Syd-Newc-Woll Gtr conurbation,Straight,Freeway ramp/access,,,Off,Sealed,Dry,Fine,Daylight,On,No traffic controls,70 km/h,State,35,Lane change left,307,Same - Lane change left,,Other angle,Car (sedan/hatch),4 wheel drive / SUV,2,0,0,0,0,2,February,Summer,Friday,14:00 - 15:59,Midday / afternoon,False,False,False,False