crash_id,degree_of_crash,degree_of_crash_-_detailed,reporting_year,year_of_crash,month_of_crash,day_of_week_of_crash,two-hour_intervals,street_of_crash,street_type,distance,direction,identifying_feature,identifying_feature_type,town,route_no.,school_zone_location,school_zone_active,type_of_location,latitude,longitude,lga,urbanisation,conurbation_1,alignment,primary_permanent_feature,primary_temporary_feature,primary_hazardous_feature,street_lighting,road_surface,surface_condition,weather,natural_lighting,signals_operation,other_traffic_control,speed_limit,road_classification_(admin),rum_-_code,rum_-_description,dca_-_code,dca_-_description,dca_supplement,first_impact_type,key_tu_type,other_tu_type,no._of_traffic_units_involved,no._killed,no._seriously_injured,no._moderately_injured,no._minor-other_injured,month_num,month_label,season,day_label,time_label,time_band,is_peak_commute,is_fatal,is_injury,is_casualty
1344784,Non-casualty (towaway),Non-casualty (towaway),2024,2024,February,Wednesday,18:00 - 19:59,PRINCES,HWY,20,West,KEIRA,ST,WOLLONGONG,1.0,No,Not a school zone,2-way undivided,-34.424876,150.892886,Wollongong,Wollongong met. area,Syd-Newc-Woll Gtr conurbation,Straight,,,,Unknown / not stated,Sealed,Wet,Raining,Daylight,Nil,No traffic controls,50 km/h,State,71,Off rd left => obj,703,Left off cway into object,,Vehicle - Object,Car (sedan/hatch),,1,0,0,0,0,2,February,Summer,Wednesday,18:00 - 19:59,PM peak / evening commute,True,False,False,False
1344788,Non-casualty (towaway),Non-casualty (towaway),2024,2024,February,Monday,02:00 - 03:59,HUME,HWY,0,Right on the spot,FREDERICK,ST,ASHFIELD,2.0,No,Not a school zone,X-intersection,-33.888516,151.117504,Inner West,Sydney metro. area,Syd-Newc-Woll Gtr conurbation,Straight,,,,On,Sealed,Dry,Fine,Darkness,On,No traffic controls,60 km/h,State,10,Cross traffic,101,Adj - Cross traffic,,Right angle,Unknown motor vehicle,4 wheel drive / SUV,2,0,0,0,0,2,February,Summer,Monday,02:00 - 03:59,Late night / early morning,False,False,False,False
1344792,Non-casualty (towaway),Non-casualty (towaway),2024,2024,February,Thursday,00:01 - 01:59,PACIFIC,HWY,0,Right on the spot,YIRRA,RD,MOUNT COLAH,10.0,No,Not a school zone,T-junction,-33.676437,151.1123,Hornsby,Sydney metro. area,Syd-Newc-Woll Gtr conurbation,Straight,Steep grade,,,Unknown / not stated,Sealed,Wet,Raining,Darkness,On,No traffic controls,60 km/h,State,81,Off left/rt bnd=>obj,707,Right turn,Left,Vehicle - Object,Car (sedan/hatch),,1,0,0,0,0,2,February,Summer,Thursday,00:01 - 01:59,Late night / early morning,False,False,False,False
1344795,Non-casualty (towaway),Non-casualty (towaway),2024,2024,February,Monday,00:01 - 01:59,GLEN ALPINE,DR,0,Right on the spot,NUMBER 42,HN,GLEN ALPINE,,No,Not a school zone,2-way undivided,-34.08163,150.789436,Campbelltown,Sydney metro. area,Syd-Newc-Woll Gtr conurbation,Straight,Driveway/entrance,,,On,Sealed,Dry,Fine,Darkness,Nil,No traffic controls,50 km/h,Local,73,Off rd rght => obj,704,Right off cway into obj,,Other angle,4 wheel drive / SUV,4 wheel drive / SUV,2,0,0,0,0,2,February,Summer,Monday,00:01 - 01:59,Late night / early morning,False,False,False,False
1344799,Non-casualty (towaway),Non-casualty (towaway),2024,2024,February,Wednesday,10:00 - 11:59,EASTERN DISTRIBUTOR,EXP,1000,North,SOUTH DOWLING STREET,TO,WATERLOO,6007.0,No,Not a school zone,Dual freeway,-33.89817,151.215646,Sydney,Sydney metro. area,Syd-Newc-Woll Gtr conurbation,Straight,Underpass/tunnel,,,Nil,Sealed,Dry,Fine,Daylight,Nil,No traffic controls,80 km/h,State,66,Object on road,607,On path - Hit temp object,,Vehicle - Object,Car (sedan/hatch),,1,0,0,0,0,2,February,Summer,Wednesday,10:00 - 11:59,Midday / afternoon,False,False,False,False
1344809,Non-casualty (towaway),Non-casualty (towaway),2024,2024,February,Tuesday,22:00 - Midnight,EMMETT,ST,500,East,CALLALA BEACH,RD,CALLALA BAY,,No,Not a school zone,2-way undivided,-34.994037,150.707825,Shoalhaven,Country urban,Rest of NSW - Urban,Straight,,,,Unknown / not stated,Sealed,Wet,Raining,Darkness,Nil,No traffic controls,80 km/h,Local,79,Other straight,700,Other straight,,Vehicle - Object,Car (sedan/hatch),,1,0,0,0,0,2,February,Summer,Tuesday,22:00 - Midnight,Evening / night,False,False,False,False
1344812,Non-casualty (towaway),Non-casualty (towaway),2024,2024,February,Tuesday,18:00 - 19:59,PARRY,ST,0,Right on the spot,WOOD,ST,NEWCASTLE WEST,82.0,No,Not a school zone,T-junction,-32.926112,151.756967,Newcastle,Newcastle met. area,Syd-Newc-Woll Gtr conurbation,Straight,,,,Unknown / not stated,Sealed,Dry,Fine,Dusk,On,No traffic controls,60 km/h,State,30,Rear end,301,Same - Rear end,,Rear end,Light truck utility(from 2018),Car (sedan/hatch),2,0,0,0,0,2,February,Summer,Tuesday,18:00 - 19:59,PM peak / evening commute,True,False,False,False
1344814,Non-casualty (towaway),Non-casualty (towaway),2024,2024,February,Tuesday,16:00 - 17:59,PRINCES,HWY,0,Right on the spot,JIM MCMAHON,DR,KIAH,1.0,No,Not a school zone,T-junction,-37.145294,149.863047,Bega Valley,Country non-urban,Rest of NSW - Rural,Curved,Crest,,,Unknown / not stated,Sealed,Dry,Fine,Daylight,Nil,Stop sign,100 km/h,State,32,Right rear,303,Same - Rear right,,Rear end,Light truck utility(from 2018),Light truck utility(from 2018),2,0,0,0,0,2,February,Summer,Tuesday,16:00 - 17:59,PM peak / evening commute,True,False,False,False
1344828,Non-casualty (towaway),Non-casualty (towaway),2024,2024,February,Tuesday,00:01 - 01:59,THE ESPLANADE,MS,200,West,GOVERNMENT,RD,OAK FLATS,,Yes,No,2-way undivided,-34.557534,150.828622,Shellharbour,Wollongong met. area,Syd-Newc-Woll Gtr conurbation,Straight,,,,On,Sealed,Dry,Fine,Darkness,Nil,No traffic controls,50 km/h,Local,71,Off rd left => obj,703,Left off cway into object,,Vehicle - Object,4 wheel drive / SUV,,1,0,0,0,0,2,February,Summer,Tuesday,00:01 - 01:59,Late night / early morning,False,False,False,False
1344838,Non-casualty (towaway),Non-casualty (towaway),2024,2024,February,Monday,12:00 - 13:59,HENRY,ST,0,Right on the spot,REILLY,LANE,SYDENHAM,,No,Not a school zone,T-junction,-33.917024,151.168853,Inner West,Sydney metro. area,Syd-Newc-Woll Gtr conurbation,Straight,,,,Off,Sealed,Dry,Fine,Daylight,Nil,No traffic controls,50 km/h,Local,49,Other manoeuvring,400,Manov - other,,Other angle,Unknown motor vehicle,Car (sedan/hatch),2,0,0,0,0,2,February,Summer,Monday,12:00 - 13:59,Midday / afternoon,False,False,False,False
1344841,Non-casualty (towaway),Non-casualty (towaway),2024,2024,February,Monday,08:00 - 09:59,PACIFIC,HWY,400,North,STUARTS POINT ROAD,TO,EUNGAI RAIL,10.0,No,Not a school zone,Divided road,-30.847292,152.907405,Nambucca Valley,Country non-urban,Rest of NSW - Rural,Straight,,,,Nil,Sealed,Dry,Fine,Daylight,Nil,No traffic controls,100 km/h,State,73,Off rd rght => obj,704,Right off cway into obj,,Vehicle - Object,Car (sedan/hatch),,1,0,0,0,0,2,February,Summer,Monday,08:00 - 09:59,AM peak / school commute,True,False,False,False
1344845,Non-casualty (towaway),Non-casualty (towaway),2024,2024,February,Saturday,14:00 - 15:59,INGLEBAR,AVE,0,Right on the spot,NUMBER 3,HN,ALLAMBIE HEIGHTS,,No,Not a school zone,2-way undivided,-33.765246,151.252498,Northern Beaches,Sydney metro. area,Syd-Newc-Woll Gtr conurbation,Straight,,,,Off,Sealed,Dry,Fine,Daylight,Nil,No traffic controls,50 km/h,Local,71,Off rd left => obj,703,Left off cway into object,,Other angle,Car (sedan/hatch),Car (sedan/hatch),2,0,0,0,0,2,February,Summer,Saturday,14:00 - 15:59,Midday / afternoon,False,False,False,False
1344853,Non-casualty (towaway),Non-casualty (towaway),2024,2024,February,Friday,10:00 - 11:59,LENNOX,ST,10,West,DENISON,ST,NEWTOWN,,No,Not a school zone,X-intersection,-33.896217,151.177292,Inner West,Sydney metro. area,Syd-Newc-Woll Gtr conurbation,Straight,,,,Off,Sealed,Dry,Fine,Daylight,Nil,Stop sign,50 km/h,Local,71,Off rd left => obj,703,Left off cway into object,,Other angle,4 wheel drive / SUV,Car (sedan/hatch),2,0,0,0,0,2,February,Summer,Friday,10:00 - 11:59,Midday / afternoon,False,False,False,False
1344854,Non-casualty (towaway),Non-casualty (towaway),2024,2024,February,Wednesday,22:00 - Midnight,RICHMOND,RD,0,Right on the spot,LYTON,ST,BLACKTOWN,643.0,Yes,No,T-junction,-33.757621,150.894542,Blacktown,Sydney metro. area,Syd-Newc-Woll Gtr conurbation,Straight,,,,On,Sealed,Wet,Raining,Darkness,On,No traffic controls,60 km/h,State,84,Off right/left bend,706,Left turn,Right,Rollover,Car (sedan/hatch),,1,0,0,0,0,2,February,Summer,Wednesday,22:00 - Midnight,Evening / night,False,False,False,False
1344857,Non-casualty (towaway),Non-casualty (towaway),2024,2024,February,Tuesday,12:00 - 13:59,MCEVOY,ST,0,Right on the spot,BOWDEN,ST,ALEXANDRIA,528.0,No,Not a school zone,T-junction,-33.903405,151.194975,Sydney,Sydney metro. area,Syd-Newc-Woll Gtr conurbation,Straight,,,,Unknown / not stated,Sealed,Dry,Fine,Daylight,Nil,No traffic controls,50 km/h,State,34,Lane change right,306,Same - Lane change right,,Other angle,Car (sedan/hatch),Large rigid,12,0,0,0,0,2,February,Summer,Tuesday,12:00 - 13:59,Midday / afternoon,False,False,False,False
1344862,Non-casualty (towaway),Non-casualty (towaway),2024,2024,February,Thursday,08:00 - 09:59,HAMILTON,RD,0,Right on the spot,NUMBER 406A,HN,FAIRFIELD WEST,7223.0,Yes,Yes,2-way undivided,-33.868713,150.921023,Fairfield,Sydney metro. area,Syd-Newc-Woll Gtr conurbation,Straight,,,,Unknown / not stated,Sealed,Dry,Fine,Daylight,Nil,No traffic controls,40 km/h,Regional,30,Rear end,301,Same - Rear end,,Rear end,Car (sedan/hatch),Car (sedan/hatch),3,0,0,0,0,2,February,Summer,Thursday,08:00 - 09:59,AM peak / school commute,True,False,False,False
1344864,Non-casualty (towaway),Non-casualty (towaway),2024,2024,February,Monday,14:00 - 15:59,MAMRE,RD,0,Right on the spot,SOLANDER,DR,ST CLAIR,536.0,No,Not a school zone,T-junction,-33.798158,150.768672,Penrith,Sydney metro. area,Syd-Newc-Woll Gtr conurbation,Straight,,,,Unknown / not stated,Sealed,Wet,Raining,Daylight,Nil,Stop sign,80 km/h,State,13,Right near,104,Adj - Right-thru from right,,Right angle,Light truck utility(from 2018),Passenger van,2,0,0,0,0,2,February,Summer,Monday,14:00 - 15:59,Midday / afternoon,False,False,False,False
1344869,Non-casualty (towaway),Non-casualty (towaway),2024,2024,February,Monday,18:00 - 19:59,RICHMOND,RD,0,Right on the spot,KNOX,RD,DOONSIDE,643.0,No,Not a school zone,X-intersection,-33.742783,150.87022,Blacktown,Sydney metro. area,Syd-Newc-Woll Gtr conurbation,Straight,,,,Unknown / not stated,Sealed,Dry,Fine,Darkness,On,No traffic controls,70 km/h,State,30,Rear end,301,Same - Rear end,,Rear end,Car (sedan/hatch),4 wheel drive / SUV,2,0,0,0,0,2,February,Summer,Monday,18:00 - 19:59,PM peak / evening commute,True,False,False,False
1344873,Non-casualty (towaway),Non-casualty (towaway),2024,2024,February,Wednesday,20:00 - 21:59,GREAT WESTERN,HWY,0,Right on the spot,OLD BATHURST,RD,WENTWORTH FALLS,5.0,No,Not a school zone,X-intersection,-33.717098,150.382855,Blue Mountains,Country urban,Syd-Newc-Woll Gtr conurbation,Curved,,,,Unknown / not stated,Sealed,Dry,Fine,Darkness,On,No traffic controls,80 km/h,State,30,Rear end,301,Same - Rear end,,Rear end,4 wheel drive / SUV,Car (sedan/hatch),2,0,0,0,0,2,February,Summer,Wednesday,20:00 - 21:59,Evening / night,False,False,False,False
1344874,Non-casualty (towaway),Non-casualty (towaway),2024,2024,March,Friday,16:00 - 17:59,CENTRAL COAST,HWY,0,Right on the spot,NUMBER 57,HN,WEST GOSFORD,30.0,No,Not a school zone,Divided road,-33.427118,151.329041,Central Coast,Country urban,Syd-Newc-Woll Gtr conurbation,Straight,,,,Unknown / not stated,Sealed,Dry,Fine,Daylight,Nil,No traffic controls,70 km/h,State,39,Other same direction,300,Same - other,,Other angle,Light truck,4 wheel drive / SUV,2,0,0,0,0,3,March,Autumn,Friday,16:00 - 17:59,PM peak / evening commute,True,False,False,False
1344878,Non-casualty (towaway),Non-casualty (towaway),2024,2024,February,Friday,10:00 - 11:59,LYTTON,ST,0,Right on the spot,NUMBER 27A,HO,CAMMERAY,,No,Not a school zone,2-way undivided,-33.827845,151.211178,North Sydney,Sydney metro. area,Syd-Newc-Woll Gtr conurbation,Straight,,,,Unknown / not stated,Sealed,Dry,Fine,Daylight,Nil,No traffic controls,50 km/h,Local,46,Reversing into obj,405,Manov - Reverse into fixed obj,,Other angle,4 wheel drive / SUV,4 wheel drive / SUV,2,0,0,0,0,2,February,Summer,Friday,10:00 - 11:59,Midday / afternoon,False,False,False,False
1344879,Non-casualty (towaway),Non-casualty (towaway),2024,2024,February,Saturday,18:00 - 19:59,WESTERN,EXP,300,East,WALLGROVE,RD,EASTERN CREEK,6004.0,No,Not a school zone,Other,-33.798192,150.856353,Blacktown,Sydney metro. area,Syd-Newc-Woll Gtr conurbation,Straight,Freeway ramp/access,,,Unknown / not stated,Sealed,Dry,Overcast,Daylight,Off,No traffic controls,70 km/h,State,30,Rear end,301,Same - Rear end,,Rear end,Car (sedan/hatch),Car (sedan/hatch),2,0,0,0,0,2,February,Summer,Saturday,18:00 - 19:59,PM peak / evening commute,True,False,False,False
1344881,Non-casualty (towaway),Non-casualty (towaway),2024,2024,February,Friday,10:00 - 11:59,OWEN,ST,0,Right on the spot,SYDNEY,ST,HUSKISSON,,No,Not a school zone,X-intersection,-35.038534,150.668462,Shoalhaven,Country urban,Rest of NSW - Urban,Straight,,,,Unknown / not stated,Sealed,Dry,Fine,Daylight,Nil,Give way sign,50 km/h,Local,10,Cross traffic,101,Adj - Cross traffic,,Right angle,Car (sedan/hatch),Light truck utility(from 2018),2,0,0,0,0,2,February,Summer,Friday,10:00 - 11:59,Midday / afternoon,False,False,False,False
1344885,Non-casualty (towaway),Non-casualty (towaway),2024,2024,February,Wednesday,14:00 - 15:59,RUTLEDGE,ST,0,Right on the spot,DARVALL,RD,EASTWOOD,574.0,No,Not a school zone,X-intersection,-33.794979,151.071874,Ryde,Sydney metro. area,Syd-Newc-Woll Gtr conurbation,Straight,,,,Unknown / not stated,Sealed,Dry,Fine,Daylight,Nil,Stop sign,60 km/h,State,29,Other opposing,200,Opp - other,,Other angle,Light truck,4 wheel drive / SUV,2,0,0,0,0,2,February,Summer,Wednesday,14:00 - 15:59,Midday / afternoon,False,False,False,False
1344886,Non-casualty (towaway),Non-casualty (towaway),2024,2024,February,Monday,18:00 - 19:59,NEWCASTLE,RD,0,Right on the spot,DENT,ST,LAMBTON,82.0,No,Not a school zone,X-intersection,-32.908997,151.70513,Newcastle,Newcastle met. area,Syd-Newc-Woll Gtr conurbation,Straight,,,,Unknown / not stated,Sealed,Dry,Fine,Daylight,On,No traffic controls,60 km/h,State,30,Rear end,301,Same - Rear end,,Rear end,Light truck,Light truck utility(from 2018),2,0,0,0,0,2,February,Summer,Monday,18:00 - 19:59,PM peak / evening commute,True,False,False,False
1344887,Non-casualty (towaway),Non-casualty (towaway),2024,2024,February,Thursday,16:00 - 17:59,SALAMANDER,WAY,0,Right on the spot,NUMBER 55,HN,SALAMANDER BAY,,No,Not a school zone,2-way undivided,-32.73587,152.085059,Port Stephens,Country urban,Rest of NSW - Urban,Straight,Driveway/entrance,,,Unknown / not stated,Sealed,Dry,Fine,Daylight,Nil,No traffic controls,50 km/h,Local,47,Emerging from drive,406,Manov - Emerging from driveway,,Right angle,4 wheel drive / SUV,Light truck utility(from 2018),2,0,0,0,0,2,February,Summer,Thursday,16:00 - 17:59,PM peak / evening commute,True,False,False,False
1344889,Non-casualty (towaway),Non-casualty (towaway),2024,2024,February,Friday,08:00 - 09:59,CAMDEN VALLEY,WAY,0,Right on the spot,THE OLD NORTHERN,RD,NARELLAN,178.0,No,Not a school zone,T-junction,-34.040585,150.735622,Camden,Sydney metro. area,Syd-Newc-Woll Gtr conurbation,Straight,Driveway/entrance,,,Unknown / not stated,Sealed,Dry,Fine,Daylight,On,No traffic controls,50 km/h,State,47,Emerging from drive,406,Manov - Emerging from driveway,,Right angle,4 wheel drive / SUV,Car (sedan/hatch),2,0,0,0,0,2,February,Summer,Friday,08:00 - 09:59,AM peak / school commute,True,False,False,False
1344891,Non-casualty (towaway),Non-casualty (towaway),2024,2024,February,Thursday,14:00 - 15:59,OLD WINDSOR,RD,0,Right on the spot,SEVEN HILLS,RD,BELLA VISTA,635.0,No,Not a school zone,X-intersection,-33.758268,150.955369,The Hills,Sydney metro. area,Syd-Newc-Woll Gtr conurbation,Straight,,,,Unknown / not stated,Sealed,Dry,Fine,Daylight,On,No traffic controls,80 km/h,State,34,Lane change right,306,Same - Lane change right,,Other angle,4 wheel drive / SUV,4 wheel drive / SUV,2,0,0,0,0,2,February,Summer,Thursday,14:00 - 15:59,Midday / afternoon,False,False,False,False
1344893,Non-casualty (towaway),Non-casualty (towaway),2024,2024,February,Saturday,10:00 - 11:59,CHURCH,ST,50,West,JOHN,ST,LIDCOMBE,2100.0,No,Not a school zone,2-way undivided,-33.862969,151.044026,Cumberland,Sydney metro. area,Syd-Newc-Woll Gtr conurbation,Straight,,,,Unknown / not stated,Sealed,Dry,Fine,Daylight,Nil,No traffic controls,50 km/h,Regional,42,Leaving parking,401,Manov - Leaving parking,,Other angle,Light truck utility(from 2018),Car (sedan/hatch),2,0,0,0,0,2,February,Summer,Saturday,10:00 - 11:59,Midday / afternoon,False,False,False,False
1344896,Non-casualty (towaway),Non-casualty (towaway),2024,2024,February,Monday,10:00 - 11:59,PACIFIC,HWY,1000,South,LYONS ROAD,OP,BONVILLE,10.0,No,Not a school zone,Divided road,-30.361805,153.056913,Coffs Harbour,Country non-urban,Rest of NSW - Rural,Curved,,,,Unknown / not stated,Sealed,Dry,Fine,Daylight,Nil,No traffic controls,110 km/h,State,86,Off left/left bend,802,Off cway left bend,Left,Rollover,Light truck utility(from 2018),,1,0,0,0,0,2,February,Summer,Monday,10:00 - 11:59,Midday / afternoon,False,False,False,False
1344897,Non-casualty (towaway),Non-casualty (towaway),2024,2024,February,Saturday,18:00 - 19:59,BAY VILLAGE,RD,0,Right on the spot,EASTERN,RD,BATEAU BAY,,No,Not a school zone,T-junction,-33.378728,151.471245,Central Coast,Country urban,Syd-Newc-Woll Gtr conurbation,Straight,,,,Off,Sealed,Dry,Fine,Daylight,On,No traffic controls,60 km/h,Local,21,Right through,202,Opp - Right-thru,,Other angle,Car (sedan/hatch),Car (sedan/hatch),2,0,0,0,0,2,February,Summer,Saturday,18:00 - 19:59,PM peak / evening commute,True,False,False,False
1344898,Non-casualty (towaway),Non-casualty (towaway),2024,2024,February,Sunday,16:00 - 17:59,GUYRA,RD,1000,South,GRAFTON,RD,EBOR,135.0,No,Not a school zone,2-way undivided,-30.42705,152.314659,Armidale Regional,Country non-urban,Rest of NSW - Rural,Straight,,,,Unknown / not stated,Sealed,Wet,Raining,Daylight,Nil,No traffic controls,100 km/h,Regional,74,On road-out of cont.,705,Out of control on cway,,Rollover,Light truck utility(from 2018),,1,0,0,0,0,2,February,Summer,Sunday,16:00 - 17:59,PM peak / evening commute,True,False,False,False
1344904,Non-casualty (towaway),Non-casualty (towaway),2024,2024,February,Monday,04:00 - 05:59,WEST PORTLAND,RD,2000,South,PACKER,RD,LOWER PORTLAND,,No,Not a school zone,2-way undivided,-33.473346,150.865536,Hawkesbury,Country urban,Syd-Newc-Woll Gtr conurbation,Curved,,,,Unknown / not stated,Sealed,Dry,Fine,Dawn,Nil,No traffic controls,60 km/h,Local,81,Off left/rt bnd=>obj,803,Off right bend into obj,Left,Vehicle - Object,4 wheel drive / SUV,,1,0,0,0,0,2,February,Summer,Monday,04:00 - 05:59,Late night / early morning,False,False,False,False
1344906,Non-casualty (towaway),Non-casualty (towaway),2024,2024,February,Sunday,14:00 - 15:59,SHELLHARBOUR,RD,100,South,WILLIAM,AVE,WARILLA,522.0,No,Not a school zone,Divided road,-34.555792,150.859779,Shellharbour,Wollongong met. area,Syd-Newc-Woll Gtr conurbation,Straight,,,,Unknown / not stated,Sealed,Dry,Fine,Daylight,Nil,No traffic controls,70 km/h,State,30,Rear end,301,Same - Rear end,,Rear end,Car (sedan/hatch),Car (sedan/hatch),2,0,0,0,0,2,February,Summer,Sunday,14:00 - 15:59,Midday / afternoon,False,False,False,False
1344907,Non-casualty (towaway),Non-casualty (towaway),2024,2024,February,Wednesday,16:00 - 17:59,FOREST,RD,0,Right on the spot,KING GEORGES,RD,HURSTVILLE,168.0,No,Not a school zone,X-intersection,-33.963628,151.092901,Georges River,Sydney metro. area,Syd-Newc-Woll Gtr conurbation,Straight,,,,Unknown / not stated,Sealed,Dry,Fine,Daylight,On,No traffic controls,60 km/h,State,30,Rear end,301,Same - Rear end,,Rear end,Car (sedan/hatch),4 wheel drive / SUV,2,0,0,0,0,2,February,Summer,Wednesday,16:00 - 17:59,PM peak / evening commute,True,False,False,False
1344911,Non-casualty (towaway),Non-casualty (towaway),2024,2024,January,Monday,12:00 - 13:59,BINDA,RD,0,Right on the spot,BOOROWA,RD,CROOKWELL,54.0,No,Not a school zone,T-junction,-34.442944,149.422757,Upper Lachlan,Country non-urban,Rest of NSW - Rural,Straight,,,,Unknown / not stated,Sealed,Dry,Fine,Daylight,Nil,Give way sign,100 km/h,State,71,Off rd left => obj,703,Left off cway into object,,Vehicle - Object,Car (sedan/hatch),,1,0,0,0,0,1,January,Summer,Monday,12:00 - 13:59,Midday / afternoon,False,False,False,False
1344913,Non-casualty (towaway),Non-casualty (towaway),2024,2024,February,Wednesday,16:00 - 17:59,FORMOSA,ST,0,Right on the spot,PARK,AVE,DRUMMOYNE,,No,Not a school zone,T-junction,-33.856567,151.158852,Canada Bay,Sydney metro. area,Syd-Newc-Woll Gtr conurbation,Straight,,,,Unknown / not stated,Sealed,Dry,Fine,Daylight,Nil,Stop sign,50 km/h,Local,30,Rear end,301,Same - Rear end,,Rear end,Passenger van,Motorcycle,2,0,0,0,0,2,February,Summer,Wednesday,16:00 - 17:59,PM peak / evening commute,True,False,False,False
1344918,Non-casualty (towaway),Non-casualty (towaway),2024,2024,February,Friday,20:00 - 21:59,CROYDON,RD,0,Right on the spot,QUEENS,RD,HURSTVILLE,168.0,No,Not a school zone,T-junction,-33.959078,151.110126,Georges River,Sydney metro. area,Syd-Newc-Woll Gtr conurbation,Straight,,,,Unknown / not stated,Sealed,Dry,Overcast,Darkness,On,No traffic controls,60 km/h,State,32,Right rear,303,Same - Rear right,,Rear end,Car (sedan/hatch),4 wheel drive / SUV,2,0,0,0,0,2,February,Summer,Friday,20:00 - 21:59,Evening / night,False,False,False,False
1344920,Non-casualty (towaway),Non-casualty (towaway),2024,2024,February,Thursday,16:00 - 17:59,REMEMBRANCE,DR,0,Right on the spot,RIVER,RD,TAHMOOR,620.0,No,Not a school zone,T-junction,-34.21255,150.603262,Wollondilly,Country urban,Syd-Newc-Woll Gtr conurbation,Straight,,,,Unknown / not stated,Sealed,Dry,Fine,Daylight,Nil,No traffic controls,50 km/h,Regional,32,Right rear,303,Same - Rear right,,Rear end,Car (sedan/hatch),4 wheel drive / SUV,2,0,0,0,0,2,February,Summer,Thursday,16:00 - 17:59,PM peak / evening commute,True,False,False,False
1344922,Non-casualty (towaway),Non-casualty (towaway),2024,2024,February,Wednesday,14:00 - 15:59,PACIFIC,HWY,0,Right on the spot,NEW ENGLAND,HWY,HEXHAM,10.0,No,Not a school zone,T-junction,-32.824795,151.683981,Newcastle,Newcastle met. area,Syd-Newc-Woll Gtr conurbation,Straight,,,,Unknown / not stated,Sealed,Dry,Fine,Daylight,On,No traffic controls,80 km/h,State,30,Rear end,301,Same - Rear end,,Rear end,Light truck utility(from 2018),4 wheel drive / SUV,2,0,0,0,0,2,February,Summer,Wednesday,14:00 - 15:59,Midday / afternoon,False,False,False,False
1344924,Non-casualty (towaway),Non-casualty (towaway),2024,2024,February,Monday,12:00 - 13:59,BYLONG VALLEY,WAY,2000,South,LEE CREEK,RD,GINGHI,215.0,No,Not a school zone,2-way undivided,-32.582003,150.089454,Mid-Western Regional,Country non-urban,Rest of NSW - Rural,Curved,,,,Unknown / not stated,Sealed,Wet,Raining,Daylight,Nil,No traffic controls,100 km/h,Regional,83,Off rt/rt bnd=>obj,803,Off right bend into obj,Right,Vehicle - Object,Light truck utility(from 2018),,1,0,0,0,0,2,February,Summer,Monday,12:00 - 13:59,Midday / afternoon,False,False,False,False
1344925,Non-casualty (towaway),Non-casualty (towaway),2024,2024,February,Sunday,06:00 - 07:59,PRINCES,HWY,0,Right on the spot,SPRING CREEK,DR,KIAMA,1.0,No,Not a school zone,T-junction,-34.663049,150.847539,Kiama,Country non-urban,Rest of NSW - Rural,Curved,Steep grade,,,Unknown / not stated,Sealed,Dry,Fine,Daylight,Nil,No traffic controls,100 km/h,State,81,Off left/rt bnd=>obj,803,Off right bend into obj,Left,Vehicle - Object,Car (sedan/hatch),,1,0,0,0,0,2,February,Summer,Sunday,06:00 - 07:59,AM peak / school commute,True,False,False,False
1344927,Non-casualty (towaway),Non-casualty (towaway),2024,2024,February,Saturday,20:00 - 21:59,GREAT WESTERN,HWY,0,Right on the spot,RADIANCE AVENUE,TO,BLACKHEATH,5.0,No,Not a school zone,2-way undivided,-33.621565,150.276542,Blue Mountains,Country urban,Syd-Newc-Woll Gtr conurbation,Straight,,,,Unknown / not stated,Sealed,Wet,Raining,Unknown,Nil,No traffic controls,80 km/h,State,71,Off rd left => obj,703,Left off cway into object,,Vehicle - Object,4 wheel drive / SUV,,1,0,0,0,0,2,February,Summer,Saturday,20:00 - 21:59,Evening / night,False,False,False,False
1344936,Non-casualty (towaway),Non-casualty (towaway),2024,2024,February,Wednesday,18:00 - 19:59,JEDDA,RD,0,Right on the spot,JOADJA,RD,PRESTONS,670.0,No,Not a school zone,T-junction,-33.932256,150.872285,Liverpool,Sydney metro. area,Syd-Newc-Woll Gtr conurbation,Straight,Driveway/entrance,,,Unknown / not stated,Sealed,Dry,Fine,Dusk,On,No traffic controls,60 km/h,State,47,Emerging from drive,406,Manov - Emerging from driveway,,Right angle,Car (sedan/hatch),Car (sedan/hatch),2,0,0,0,0,2,February,Summer,Wednesday,18:00 - 19:59,PM peak / evening commute,True,False,False,False
1344938,Non-casualty (towaway),Non-casualty (towaway),2024,2024,February,Wednesday,10:00 - 11:59,NIMBIN,RD,1450,North,JIGGY,RD,KOONORIGAN,142.0,No,Not a school zone,2-way undivided,-28.736346,153.228502,Lismore,Country urban,Rest of NSW - Urban,Curved,,,,Unknown / not stated,Sealed,Dry,Fine,Daylight,Nil,No traffic controls,80 km/h,Regional,67,Struck animal,609,On path - Hit animal,,Vehicle - Animal,4 wheel drive / SUV,,1,0,0,0,0,2,February,Summer,Wednesday,10:00 - 11:59,Midday / afternoon,False,False,False,False