crash_id,degree_of_crash,degree_of_crash_-_detailed,reporting_year,year_of_crash,month_of_crash,day_of_week_of_crash,two-hour_intervals,street_of_crash,street_type,distance,direction,identifying_feature,identifying_feature_type,town,route_no.,school_zone_location,school_zone_active,type_of_location,latitude,longitude,lga,urbanisation,conurbation_1,alignment,primary_permanent_feature,primary_temporary_feature,primary_hazardous_feature,street_lighting,road_surface,surface_condition,weather,natural_lighting,signals_operation,other_traffic_control,speed_limit,road_classification_(admin),rum_-_code,rum_-_description,dca_-_code,dca_-_description,dca_supplement,first_impact_type,key_tu_type,other_tu_type,no._of_traffic_units_involved,no._killed,no._seriously_injured,no._moderately_injured,no._minor-other_injured,month_num,month_label,season,day_label,time_label,time_band,is_peak_commute,is_fatal,is_injury,is_casualty
1344941,Non-casualty (towaway),Non-casualty (towaway),2024,2024,March,Friday,18:00 - 19:59,O'RIORDAN,ST,0,Right on the spot,JOHN,ST,MASCOT,658.0,No,Not a school zone,T-junction,-33.924122,151.19067,Bayside,Sydney metro. area,Syd-Newc-Woll Gtr conurbation,Straight,,,,Unknown / not stated,Sealed,Dry,Fine,Dusk,Nil,Give way sign,50 km/h,State,37,Left turn sideswipe,309,Same - Left turn side swipe,,Other angle,Car (sedan/hatch),Car (sedan/hatch),2,0,0,0,0,3,March,Autumn,Friday,18:00 - 19:59,PM peak / evening commute,True,False,False,False
1344952,Non-casualty (towaway),Non-casualty (towaway),2024,2024,February,Wednesday,06:00 - 07:59,HENRY LAWSON,DR,0,Right on the spot,HAIG,AVE,GEORGES HALL,508.0,No,Not a school zone,T-junction,-33.91406,150.975531,Canterbury-Bankstown,Sydney metro. area,Syd-Newc-Woll Gtr conurbation,Straight,,,,Unknown / not stated,Sealed,Wet,Fine,Daylight,On,No traffic controls,60 km/h,State,21,Right through,202,Opp - Right-thru,,Other angle,Light truck,Car (sedan/hatch),2,0,0,0,0,2,February,Summer,Wednesday,06:00 - 07:59,AM peak / school commute,True,False,False,False
1344954,Non-casualty (towaway),Non-casualty (towaway),2024,2024,February,Friday,08:00 - 09:59,PRINCES,HWY,0,Right on the spot,KALANDAR,ST,NOWRA,1.0,No,Not a school zone,X-intersection,-34.887613,150.604566,Shoalhaven,Country urban,Rest of NSW - Urban,Straight,,,,Unknown / not stated,Sealed,Dry,Fine,Daylight,Unknown / not stated,No traffic controls,70 km/h,State,30,Rear end,301,Same - Rear end,,Rear end,Car (sedan/hatch),Station wagon,2,0,0,0,0,2,February,Summer,Friday,08:00 - 09:59,AM peak / school commute,True,False,False,False
1344956,Non-casualty (towaway),Non-casualty (towaway),2024,2024,February,Sunday,10:00 - 11:59,RUSSELL,AVE,0,Right on the spot,NUMBER 173-175,HN,DOLLS POINT,,No,Not a school zone,2-way undivided,-33.994382,151.14394,Bayside,Sydney metro. area,Syd-Newc-Woll Gtr conurbation,Straight,Driveway/entrance,,,Unknown / not stated,Sealed,Dry,Fine,Daylight,Nil,No traffic controls,50 km/h,Local,21,Right through,202,Opp - Right-thru,,Other angle,Station wagon,Car (sedan/hatch),2,0,0,0,0,2,February,Summer,Sunday,10:00 - 11:59,Midday / afternoon,False,False,False,False
1344959,Non-casualty (towaway),Non-casualty (towaway),2024,2024,February,Friday,18:00 - 19:59,GRIFFIN,AVE,0,Right on the spot,HARWARD,RD,GRIFFITH,80.0,No,Not a school zone,X-intersection,-34.285161,146.024684,Griffith,Country urban,Rest of NSW - Urban,Straight,,,,Unknown / not stated,Sealed,Dry,Fine,Darkness,Nil,Give way sign,60 km/h,State,10,Cross traffic,101,Adj - Cross traffic,,Right angle,Car (sedan/hatch),Passenger van,2,0,0,0,0,2,February,Summer,Friday,18:00 - 19:59,PM peak / evening commute,True,False,False,False
1344960,Non-casualty (towaway),Non-casualty (towaway),2024,2024,February,Wednesday,06:00 - 07:59,MIDSON,RD,0,Right on the spot,RAY,RD,EPPING,,No,Not a school zone,Roundabout,-33.767507,151.06913,Parramatta,Sydney metro. area,Syd-Newc-Woll Gtr conurbation,Straight,,,,Unknown / not stated,Sealed,Dry,Fine,Daylight,Nil,Give way sign,50 km/h,Local,21,Right through,202,Opp - Right-thru,,Other angle,4 wheel drive / SUV,Car (sedan/hatch),2,0,0,0,0,2,February,Summer,Wednesday,06:00 - 07:59,AM peak / school commute,True,False,False,False
1344966,Non-casualty (towaway),Non-casualty (towaway),2024,2024,February,Wednesday,16:00 - 17:59,SACKVILLE,ST,300,East,EUROKA,ST,INGLEBURN,,No,Not a school zone,2-way undivided,-34.010451,150.86138,Campbelltown,Sydney metro. area,Syd-Newc-Woll Gtr conurbation,Straight,,,,Unknown / not stated,Sealed,Dry,Fine,Daylight,Nil,No traffic controls,60 km/h,Local,71,Off rd left => obj,703,Left off cway into object,,Other angle,Car (sedan/hatch),Self prop plant,2,0,0,0,0,2,February,Summer,Wednesday,16:00 - 17:59,PM peak / evening commute,True,False,False,False
1344974,Non-casualty (towaway),Non-casualty (towaway),2024,2024,February,Thursday,20:00 - 21:59,SCOTT,ST,0,Right on the spot,TERMINUS,ST,LIVERPOOL,,No,Not a school zone,T-junction,-33.925155,150.925189,Liverpool,Sydney metro. area,Syd-Newc-Woll Gtr conurbation,Curved,,,,Unknown / not stated,Sealed,Dry,Fine,Darkness,Nil,No traffic controls,50 km/h,Local,41,U turn into object,409,Manov - U-turn into fixed obje,,Vehicle - Object,Car (sedan/hatch),,1,0,0,0,0,2,February,Summer,Thursday,20:00 - 21:59,Evening / night,False,False,False,False
1344976,Non-casualty (towaway),Non-casualty (towaway),2024,2024,February,Friday,16:00 - 17:59,BUCKETTS,WAY,0,Right on the spot,NUMBER 4259,HN,KRAMBACH,192.0,No,Not a school zone,2-way undivided,-32.015606,152.26114,Mid-Coast,Country urban,Rest of NSW - Urban,Curved,,,,Unknown / not stated,Sealed,Dry,Fine,Daylight,Nil,No traffic controls,80 km/h,Regional,83,Off rt/rt bnd=>obj,803,Off right bend into obj,Right,Vehicle - Object,4 wheel drive / SUV,,1,0,0,0,0,2,February,Summer,Friday,16:00 - 17:59,PM peak / evening commute,True,False,False,False
1344977,Non-casualty (towaway),Non-casualty (towaway),2024,2024,February,Monday,10:00 - 11:59,NEW ENGLAND,HWY,35,North,PACIFIC,HWY,HEXHAM,9.0,No,Not a school zone,Divided road,-32.824475,151.684039,Newcastle,Newcastle met. area,Syd-Newc-Woll Gtr conurbation,Curved,,,,Unknown / not stated,Sealed,Wet,Raining,Daylight,Nil,No traffic controls,80 km/h,State,33,Lane sideswipe,305,Same - Lane side swipe,,Other angle,Light truck,Semi-trailer,2,0,0,0,0,2,February,Summer,Monday,10:00 - 11:59,Midday / afternoon,False,False,False,False
1344981,Non-casualty (towaway),Non-casualty (towaway),2024,2024,February,Wednesday,00:01 - 01:59,OLD KURRAJONG,RD,300,East,KURRAJONG,RD,RICHMOND,,No,Not a school zone,2-way undivided,-33.587014,150.732085,Hawkesbury,Country urban,Syd-Newc-Woll Gtr conurbation,Straight,Ditch/drain/culvert,,,Unknown / not stated,Sealed,Wet,Raining,Darkness,Nil,No traffic controls,60 km/h,Local,71,Off rd left => obj,703,Left off cway into object,,Vehicle - Object,Station wagon,,1,0,0,0,0,2,February,Summer,Wednesday,00:01 - 01:59,Late night / early morning,False,False,False,False
1344983,Non-casualty (towaway),Non-casualty (towaway),2024,2024,February,Monday,14:00 - 15:59,WOODVILLE,RD,0,Right on the spot,FAIRFIELD,ST,CHESTER HILL,640.0,No,Not a school zone,X-intersection,-33.870499,150.985565,Canterbury-Bankstown,Sydney metro. area,Syd-Newc-Woll Gtr conurbation,Straight,,,,Unknown / not stated,Sealed,Dry,Fine,Daylight,On,No traffic controls,70 km/h,State,30,Rear end,301,Same - Rear end,,Rear end,Car (sedan/hatch),Unknown motor vehicle,4,0,0,0,0,2,February,Summer,Monday,14:00 - 15:59,Midday / afternoon,False,False,False,False
1344985,Non-casualty (towaway),Non-casualty (towaway),2024,2024,February,Friday,06:00 - 07:59,JACARANDA,AVE,0,Right on the spot,NUMBER 173,HN,FIGTREE,,No,Not a school zone,2-way undivided,-34.432707,150.849388,Wollongong,Wollongong met. area,Syd-Newc-Woll Gtr conurbation,Curved,Steep grade,,,Unknown / not stated,Sealed,Dry,Fine,Dawn,Nil,No traffic controls,50 km/h,Local,81,Off left/rt bnd=>obj,803,Off right bend into obj,Left,Other angle,4 wheel drive / SUV,Car (sedan/hatch),2,0,0,0,0,2,February,Summer,Friday,06:00 - 07:59,AM peak / school commute,True,False,False,False
1344986,Non-casualty (towaway),Non-casualty (towaway),2024,2024,February,Saturday,20:00 - 21:59,BOAB,PL,0,Right on the spot,PINE,RD,CASULA,,No,Not a school zone,T-junction,-33.953293,150.883369,Liverpool,Sydney metro. area,Syd-Newc-Woll Gtr conurbation,Straight,,,,Unknown / not stated,Sealed,Dry,Fine,Dusk,Nil,No traffic controls,50 km/h,Local,71,Off rd left => obj,703,Left off cway into object,,Vehicle - Object,Car (sedan/hatch),,1,0,0,0,0,2,February,Summer,Saturday,20:00 - 21:59,Evening / night,False,False,False,False
1344987,Non-casualty (towaway),Non-casualty (towaway),2024,2024,February,Monday,02:00 - 03:59,CAMPBELL,ST,0,Right on the spot,PARK,ST,QUEANBEYAN,,No,Not a school zone,T-junction,-35.354325,149.228842,Queanbeyan-Palerang Regional,Country urban,Rest of NSW - Urban,Straight,,,,Unknown / not stated,Sealed,Dry,Fine,Darkness,Nil,No traffic controls,50 km/h,Local,71,Off rd left => obj,703,Left off cway into object,,Other angle,Light truck utility(from 2018),Light truck utility(from 2018),2,0,0,0,0,2,February,Summer,Monday,02:00 - 03:59,Late night / early morning,False,False,False,False
1344988,Non-casualty (towaway),Non-casualty (towaway),2024,2024,February,Tuesday,14:00 - 15:59,NEWCASTLE,EXP,400,North,CENTRAL COAST HIGHWAY,OP,SOMERSBY,6003.0,No,Not a school zone,Dual freeway,-33.419634,151.292385,Central Coast,Country non-urban,Syd-Newc-Woll Gtr conurbation,Curved,,,,Unknown / not stated,Sealed,Dry,Fine,Daylight,Nil,No traffic controls,110 km/h,State,30,Rear end,301,Same - Rear end,,Rear end,Car (sedan/hatch),4 wheel drive / SUV,2,0,0,0,0,2,February,Summer,Tuesday,14:00 - 15:59,Midday / afternoon,False,False,False,False
1344991,Non-casualty (towaway),Non-casualty (towaway),2024,2024,February,Monday,14:00 - 15:59,PRINCES,HWY,100,North,ST ANNS,ST,NOWRA,1.0,No,Not a school zone,2-way undivided,-34.884027,150.60366,Shoalhaven,Country urban,Rest of NSW - Urban,Straight,,,,Unknown / not stated,Sealed,Dry,Fine,Daylight,Nil,No traffic controls,70 km/h,State,30,Rear end,301,Same - Rear end,,Rear end,Car (sedan/hatch),4 wheel drive / SUV,2,0,0,0,0,2,February,Summer,Monday,14:00 - 15:59,Midday / afternoon,False,False,False,False
1345010,Non-casualty (towaway),Non-casualty (towaway),2024,2024,February,Tuesday,04:00 - 05:59,FOWLER,ST,0,Right on the spot,NUMBER 6,HN,FLINDERS,,No,Not a school zone,2-way undivided,-34.578222,150.841663,Shellharbour,Wollongong met. area,Syd-Newc-Woll Gtr conurbation,Straight,Driveway/entrance,,,On,Sealed,Dry,Fine,Darkness,Nil,No traffic controls,50 km/h,Local,49,Other manoeuvring,400,Manov - other,,Other angle,Light truck utility(from 2018),Light truck utility(from 2018),2,0,0,0,0,2,February,Summer,Tuesday,04:00 - 05:59,Late night / early morning,False,False,False,False
1345017,Non-casualty (towaway),Non-casualty (towaway),2024,2024,February,Friday,22:00 - Midnight,ALEXANDRA,ST,195,East,LAVIS,ST,EAST ALBURY,,No,Not a school zone,Divided road,-36.074165,146.944174,Albury,Country urban,Rest of NSW - Urban,Straight,,,,Nil,Sealed,Dry,Fine,Darkness,Nil,No traffic controls,50 km/h,Local,73,Off rd rght => obj,704,Right off cway into obj,,Vehicle - Object,Car (sedan/hatch),,1,0,0,0,0,2,February,Summer,Friday,22:00 - Midnight,Evening / night,False,False,False,False
1345052,Non-casualty (towaway),Non-casualty (towaway),2024,2024,February,Saturday,22:00 - Midnight,HUNTER,EXP,0,Right on the spot,NEWCASTLE EXPRESSWAY,TO,CAMERON PARK,82.0,No,Not a school zone,Dual freeway,-32.892326,151.604951,Lake Macquarie,Newcastle met. area,Syd-Newc-Woll Gtr conurbation,Straight,Climb/merge lane,,,On,Sealed,Dry,Fine,Darkness,Nil,No traffic controls,80 km/h,State,34,Lane change right,306,Same - Lane change right,,Other angle,Passenger van,Light truck,2,0,0,0,0,2,February,Summer,Saturday,22:00 - Midnight,Evening / night,False,False,False,False
1345073,Non-casualty (towaway),Non-casualty (towaway),2024,2024,February,Wednesday,22:00 - Midnight,BOUNDARY,RD,250,South,RED GABLES,RD,OAKVILLE,7205.0,No,Not a school zone,2-way undivided,-33.62333,150.896637,The Hills,Sydney metro. area,Syd-Newc-Woll Gtr conurbation,Straight,,,,Nil,Sealed,Wet,Raining,Darkness,Nil,No traffic controls,80 km/h,Regional,20,Head on,201,Opp - Head on,,Head-on,Unknown motor vehicle,Car (sedan/hatch),2,0,0,0,0,2,February,Summer,Wednesday,22:00 - Midnight,Evening / night,False,False,False,False
1345077,Non-casualty (towaway),Non-casualty (towaway),2024,2024,February,Tuesday,22:00 - Midnight,WALLSEND,ST,0,Right on the spot,KENDELLA,PDE,KAHIBAH,,No,Not a school zone,T-junction,-32.958849,151.71085,Lake Macquarie,Newcastle met. area,Syd-Newc-Woll Gtr conurbation,Curved,Steep grade,,,On,Sealed,Wet,Raining,Darkness,Nil,Give way sign,60 km/h,Local,81,Off left/rt bnd=>obj,803,Off right bend into obj,Left,Vehicle - Object,4 wheel drive / SUV,,1,0,0,0,0,2,February,Summer,Tuesday,22:00 - Midnight,Evening / night,False,False,False,False
1345097,Non-casualty (towaway),Non-casualty (towaway),2024,2024,February,Thursday,10:00 - 11:59,KING,ST,0,Right on the spot,NUMBER 45,HN,MANLY VALE,,No,Not a school zone,2-way undivided,-33.782427,151.264143,Northern Beaches,Sydney metro. area,Syd-Newc-Woll Gtr conurbation,Straight,Steep grade,,,Off,Sealed,Dry,Fine,Daylight,Nil,No traffic controls,50 km/h,Local,71,Off rd left => obj,703,Left off cway into object,,Other angle,Unknown motor vehicle,Light truck utility(from 2018),2,0,0,0,0,2,February,Summer,Thursday,10:00 - 11:59,Midday / afternoon,False,False,False,False
1345099,Non-casualty (towaway),Non-casualty (towaway),2024,2024,February,Friday,22:00 - Midnight,ILUKA,AVE,0,Right on the spot,NUMBER 14,HN,SAN REMO,,No,Not a school zone,2-way undivided,-33.214525,151.520758,Central Coast,Country urban,Syd-Newc-Woll Gtr conurbation,Straight,,,,Nil,Sealed,Wet,Fine,Darkness,Nil,No traffic controls,50 km/h,Local,71,Off rd left => obj,703,Left off cway into object,,Other angle,Station wagon,Light truck utility(from 2018),2,0,0,0,0,2,February,Summer,Friday,22:00 - Midnight,Evening / night,False,False,False,False
1345116,Non-casualty (towaway),Non-casualty (towaway),2024,2024,February,Monday,00:01 - 01:59,WINDSOR,RD,0,Right on the spot,COMMERCIAL,RD,ROUSE HILL,184.0,No,Not a school zone,T-junction,-33.687643,150.919937,The Hills,Sydney metro. area,Syd-Newc-Woll Gtr conurbation,Straight,,,,On,Sealed,Dry,Fine,Darkness,On,No traffic controls,80 km/h,State,21,Right through,202,Opp - Right-thru,,Other angle,4 wheel drive / SUV,Car (sedan/hatch),2,0,0,0,0,2,February,Summer,Monday,00:01 - 01:59,Late night / early morning,False,False,False,False
1345123,Non-casualty (towaway),Non-casualty (towaway),2024,2024,January,Sunday,12:00 - 13:59,BRIBBAREE,RD,4000,West,HENRY LAWSON,WAY,THUDDUNGRA,,No,Not a school zone,2-way undivided,-34.212448,148.220794,Hilltops,Country non-urban,Rest of NSW - Rural,Straight,,,,Nil,Sealed,Dry,Fine,Daylight,Nil,No traffic controls,100 km/h,Local,49,Other manoeuvring,400,Manov - other,,Other angle,Unknown motor vehicle,Car (sedan/hatch),2,0,0,0,0,1,January,Summer,Sunday,12:00 - 13:59,Midday / afternoon,False,False,False,False
1345137,Non-casualty (towaway),Non-casualty (towaway),2024,2024,February,Tuesday,22:00 - Midnight,PACIFIC,HWY,200,South,ROSS GLEN,RD,ROSSGLEN,10.0,No,Not a school zone,Divided road,-31.666815,152.738008,Port Macquarie-Hastings,Country non-urban,Rest of NSW - Rural,Curved,,,,Nil,Sealed,Wet,Raining,Darkness,Nil,No traffic controls,110 km/h,State,88,Out of cont on bend,805,Out of control on bend,,Rollover,Semi-trailer,,1,0,0,0,0,2,February,Summer,Tuesday,22:00 - Midnight,Evening / night,False,False,False,False
1345139,Non-casualty (towaway),Non-casualty (towaway),2024,2024,February,Thursday,18:00 - 19:59,STRATHMORE,RD,0,Right on the spot,WYCHEWOOD,AVE,MALLABULA,,No,Not a school zone,T-junction,-32.732458,152.014181,Port Stephens,Country urban,Rest of NSW - Urban,Straight,,,,Off,Sealed,Dry,Fine,Daylight,Nil,Give way sign,50 km/h,Local,75,Off end of road,709,Off end cway or T junct,,Vehicle - Object,Light truck utility(from 2018),,1,0,0,0,0,2,February,Summer,Thursday,18:00 - 19:59,PM peak / evening commute,True,False,False,False
1345142,Non-casualty (towaway),Non-casualty (towaway),2024,2024,February,Tuesday,06:00 - 07:59,THE HORSLEY,DR,0,Right on the spot,LAGANA,PL,WETHERILL PARK,609.0,No,Not a school zone,T-junction,-33.853077,150.88852,Fairfield,Sydney metro. area,Syd-Newc-Woll Gtr conurbation,Straight,,,,Off,Sealed,Dry,Fine,Dawn,Nil,No traffic controls,70 km/h,State,71,Off rd left => obj,703,Left off cway into object,,Other angle,Unknown motor vehicle,Car (sedan/hatch),2,0,0,0,0,2,February,Summer,Tuesday,06:00 - 07:59,AM peak / school commute,True,False,False,False
1345149,Non-casualty (towaway),Non-casualty (towaway),2024,2024,February,Saturday,04:00 - 05:59,GREEN,RD,0,Right on the spot,PRESIDENT,RD,KELLYVILLE,7470.0,No,Not a school zone,Roundabout,-33.709529,150.97411,The Hills,Sydney metro. area,Syd-Newc-Woll Gtr conurbation,Curved,,,,On,Sealed,Dry,Fine,Darkness,Nil,Give way sign,60 km/h,Regional,81,Off left/rt bnd=>obj,803,Off right bend into obj,Left,Vehicle - Object,Car (sedan/hatch),,1,0,0,0,0,2,February,Summer,Saturday,04:00 - 05:59,Late night / early morning,False,False,False,False
1345153,Non-casualty (towaway),Non-casualty (towaway),2024,2024,February,Thursday,20:00 - 21:59,LINDESAY,ST,0,Right on the spot,HIGH,ST,EAST MAITLAND,104.0,No,Not a school zone,Roundabout,-32.748783,151.59362,Maitland,Country urban,Rest of NSW - Urban,Straight,,,,On,Sealed,Dry,Fine,Darkness,Nil,Give way sign,50 km/h,State,10,Cross traffic,101,Adj - Cross traffic,,Right angle,Light truck utility(from 2018),Light truck utility(from 2018),2,0,0,0,0,2,February,Summer,Thursday,20:00 - 21:59,Evening / night,False,False,False,False
1345154,Non-casualty (towaway),Non-casualty (towaway),2024,2024,February,Saturday,20:00 - 21:59,CARY,ST,50,South,NELSON,ST,TORONTO,217.0,No,Not a school zone,2-way undivided,-33.007611,151.594286,Lake Macquarie,Newcastle met. area,Syd-Newc-Woll Gtr conurbation,Straight,,,,On,Sealed,Dry,Overcast,Darkness,Nil,No traffic controls,60 km/h,State,71,Off rd left => obj,703,Left off cway into object,,Other angle,Car (sedan/hatch),Car (sedan/hatch),2,0,0,0,0,2,February,Summer,Saturday,20:00 - 21:59,Evening / night,False,False,False,False
1345160,Non-casualty (towaway),Non-casualty (towaway),2024,2024,January,Tuesday,16:00 - 17:59,WARRINGAH,RD,0,Right on the spot,FERGUSON,ST,FORESTVILLE,328.0,No,Not a school zone,T-junction,-33.76091,151.216697,Northern Beaches,Sydney metro. area,Syd-Newc-Woll Gtr conurbation,Curved,,,,Off,Sealed,Dry,Fine,Dusk,On,No traffic controls,70 km/h,State,34,Lane change right,306,Same - Lane change right,,Other angle,Other bus,Car (sedan/hatch),2,0,0,0,0,1,January,Summer,Tuesday,16:00 - 17:59,PM peak / evening commute,True,False,False,False
1345178,Non-casualty (towaway),Non-casualty (towaway),2024,2024,February,Tuesday,00:01 - 01:59,PACIFIC,HWY,0,Right on the spot,MCLEAN,ST,COFFS HARBOUR,10.0,No,Not a school zone,T-junction,-30.298454,153.112379,Coffs Harbour,Country urban,Rest of NSW - Urban,Curved,,,,On,Sealed,Wet,Overcast,Darkness,Nil,No traffic controls,60 km/h,State,83,Off rt/rt bnd=>obj,803,Off right bend into obj,Right,Vehicle - Object,B-double (road train prior 98),,1,0,0,0,0,2,February,Summer,Tuesday,00:01 - 01:59,Late night / early morning,False,False,False,False
1345188,Non-casualty (towaway),Non-casualty (towaway),2024,2024,February,Thursday,12:00 - 13:59,INDUSTRIAL ACCESS,RD,0,Right on the spot,NUMBER 93,HN,WARREN,,No,Not a school zone,2-way undivided,-31.706001,147.81763,Warren,Country urban,Rest of NSW - Urban,Curved,,,,Nil,Sealed,Wet,Raining,Daylight,Nil,No traffic controls,80 km/h,Local,85,Off rt/lft bnd=>obj,804,Off left bend into obj,Right,Vehicle - Object,Light truck utility(from 2018),,1,0,0,0,0,2,February,Summer,Thursday,12:00 - 13:59,Midday / afternoon,False,False,False,False
1345211,Non-casualty (towaway),Non-casualty (towaway),2024,2024,February,Monday,14:00 - 15:59,PRINCES,HWY,10,North,SUSSEX INLET,RD,JERRAWANGALA,1.0,No,Not a school zone,T-junction,-35.110063,150.490715,Shoalhaven,Country non-urban,Rest of NSW - Rural,Straight,,,,Off,Sealed,Dry,Fine,Daylight,Nil,Stop sign,100 km/h,State,91,Object struck veh,610,On path - Load hit vehicle,,Vehicle - Object,Car (sedan/hatch),Large rigid,2,0,0,0,0,2,February,Summer,Monday,14:00 - 15:59,Midday / afternoon,False,False,False,False
1345227,Non-casualty (towaway),Non-casualty (towaway),2024,2024,February,Wednesday,08:00 - 09:59,PEROUSE,RD,0,Right on the spot,NUMBER 88,HN,RANDWICK,,No,Not a school zone,2-way undivided,-33.921467,151.243093,Randwick,Sydney metro. area,Syd-Newc-Woll Gtr conurbation,Straight,,,,Unknown / not stated,Sealed,Dry,Fine,Daylight,Nil,No traffic controls,50 km/h,Local,73,Off rd rght => obj,704,Right off cway into obj,,Other angle,Light truck utility(from 2018),Car (sedan/hatch),4,0,0,0,0,2,February,Summer,Wednesday,08:00 - 09:59,AM peak / school commute,True,False,False,False
1345233,Non-casualty (towaway),Non-casualty (towaway),2024,2024,February,Thursday,20:00 - 21:59,PEMBROKE,RD,100,North,DURHAM,ST,MINTO,680.0,Yes,No,2-way undivided,-34.022727,150.850805,Campbelltown,Sydney metro. area,Syd-Newc-Woll Gtr conurbation,Straight,,,,Unknown / not stated,Sealed,Dry,Fine,Darkness,Nil,No traffic controls,60 km/h,State,40,U turn,304,Same - U-turn,,Other angle,Car (sedan/hatch),4 wheel drive / SUV,2,0,0,0,0,2,February,Summer,Thursday,20:00 - 21:59,Evening / night,False,False,False,False
1345234,Non-casualty (towaway),Non-casualty (towaway),2024,2024,February,Tuesday,06:00 - 07:59,BOUNDARY,ST,0,Right on the spot,BREESE,PDE,FORSTER,,No,Not a school zone,Roundabout,-32.200577,152.525649,Mid-Coast,Country urban,Rest of NSW - Urban,Curved,,,,Unknown / not stated,Sealed,Wet,Raining,Daylight,Nil,Give way sign,50 km/h,Local,34,Lane change right,306,Same - Lane change right,,Other angle,Car (sedan/hatch),4 wheel drive / SUV,2,0,0,0,0,2,February,Summer,Tuesday,06:00 - 07:59,AM peak / school commute,True,False,False,False
1345237,Non-casualty (towaway),Non-casualty (towaway),2024,2024,February,Sunday,14:00 - 15:59,BRISBANE WATER,DR,0,Right on the spot,TALINGA,AVE,POINT CLARE,349.0,No,Not a school zone,T-junction,-33.445974,151.328151,Central Coast,Country urban,Syd-Newc-Woll Gtr conurbation,Straight,,,,Unknown / not stated,Sealed,Dry,Fine,Daylight,On,No traffic controls,60 km/h,State,83,Off rt/rt bnd=>obj,707,Right turn,Right,Vehicle - Object,Car (sedan/hatch),,1,0,0,0,0,2,February,Summer,Sunday,14:00 - 15:59,Midday / afternoon,False,False,False,False
1345243,Non-casualty (towaway),Non-casualty (towaway),2024,2024,March,Tuesday,08:00 - 09:59,TALFOURD,ST,15,South,ST JOHNS,RD,GLEBE,,No,Not a school zone,2-way undivided,-33.879537,151.187756,Sydney,Sydney metro. area,Syd-Newc-Woll Gtr conurbation,Straight,,,,Unknown / not stated,Sealed,Dry,Fine,Daylight,Nil,No traffic controls,50 km/h,Local,44,Parking vehicles,403,Manov - Parking-parked vehicle,,Other angle,Car (sedan/hatch),Car (sedan/hatch),2,0,0,0,0,3,March,Autumn,Tuesday,08:00 - 09:59,AM peak / school commute,True,False,False,False
1345244,Non-casualty (towaway),Non-casualty (towaway),2024,2024,February,Friday,12:00 - 13:59,RUTLEDGE,ST,0,Right on the spot,NUMBER 55,HN,EASTWOOD,574.0,No,Not a school zone,2-way undivided,-33.79486,151.072346,Ryde,Sydney metro. area,Syd-Newc-Woll Gtr conurbation,Straight,,,,Unknown / not stated,Sealed,Dry,Fine,Daylight,Nil,No traffic controls,60 km/h,State,30,Rear end,301,Same - Rear end,,Rear end,4 wheel drive / SUV,Light truck,3,0,0,0,0,2,February,Summer,Friday,12:00 - 13:59,Midday / afternoon,False,False,False,False
1345247,Non-casualty (towaway),Non-casualty (towaway),2024,2024,March,Friday,20:00 - 21:59,SYDNEY,RD,0,Right on the spot,CONDAMINE,ST,BALGOWLAH,159.0,No,Not a school zone,X-intersection,-33.794422,151.264849,Northern Beaches,Sydney metro. area,Syd-Newc-Woll Gtr conurbation,Straight,,,,Unknown / not stated,Sealed,Dry,Fine,Darkness,On,No traffic controls,60 km/h,State,30,Rear end,301,Same - Rear end,,Rear end,Car (sedan/hatch),4 wheel drive / SUV,2,0,0,0,0,3,March,Autumn,Friday,20:00 - 21:59,Evening / night,False,False,False,False
1345248,Non-casualty (towaway),Non-casualty (towaway),2024,2024,March,Wednesday,14:00 - 15:59,HEATHCOTE,RD,0,Right on the spot,NUMBER 86,HN,MOOREBANK,512.0,No,Not a school zone,2-way undivided,-33.937123,150.936962,Liverpool,Sydney metro. area,Syd-Newc-Woll Gtr conurbation,Straight,,,,Unknown / not stated,Sealed,Dry,Fine,Daylight,Nil,No traffic controls,60 km/h,State,71,Off rd left => obj,703,Left off cway into object,,Vehicle - Object,Large rigid,,1,0,0,0,0,3,March,Autumn,Wednesday,14:00 - 15:59,Midday / afternoon,False,False,False,False
1345250,Non-casualty (towaway),Non-casualty (towaway),2024,2024,February,Wednesday,14:00 - 15:59,CAMPBELLTOWN,RD,0,Right on the spot,BEN LOMOND,RD,MINTO,177.0,No,Not a school zone,T-junction,-34.025768,150.833484,Campbelltown,Sydney metro. area,Syd-Newc-Woll Gtr conurbation,Straight,,,,Unknown / not stated,Sealed,Dry,Fine,Daylight,On,No traffic controls,70 km/h,State,30,Rear end,301,Same - Rear end,,Rear end,Light truck,4 wheel drive / SUV,2,0,0,0,0,2,February,Summer,Wednesday,14:00 - 15:59,Midday / afternoon,False,False,False,False