crash_id,degree_of_crash,degree_of_crash_-_detailed,reporting_year,year_of_crash,month_of_crash,day_of_week_of_crash,two-hour_intervals,street_of_crash,street_type,distance,direction,identifying_feature,identifying_feature_type,town,route_no.,school_zone_location,school_zone_active,type_of_location,latitude,longitude,lga,urbanisation,conurbation_1,alignment,primary_permanent_feature,primary_temporary_feature,primary_hazardous_feature,street_lighting,road_surface,surface_condition,weather,natural_lighting,signals_operation,other_traffic_control,speed_limit,road_classification_(admin),rum_-_code,rum_-_description,dca_-_code,dca_-_description,dca_supplement,first_impact_type,key_tu_type,other_tu_type,no._of_traffic_units_involved,no._killed,no._seriously_injured,no._moderately_injured,no._minor-other_injured,month_num,month_label,season,day_label,time_label,time_band,is_peak_commute,is_fatal,is_injury,is_casualty
1345251,Non-casualty (towaway),Non-casualty (towaway),2024,2024,March,Monday,16:00 - 17:59,PACIFIC,HWY,0,Right on the spot,ALLWORTH,ST,MEREWETHER,10.0,No,Not a school zone,T-junction,-32.938758,151.745798,Newcastle,Newcastle met. area,Syd-Newc-Woll Gtr conurbation,Straight,,,,Unknown / not stated,Sealed,Dry,Fine,Daylight,Nil,Stop sign,60 km/h,State,30,Rear end,301,Same - Rear end,,Rear end,Car (sedan/hatch),4 wheel drive / SUV,3,0,0,0,0,3,March,Autumn,Monday,16:00 - 17:59,PM peak / evening commute,True,False,False,False
1345253,Non-casualty (towaway),Non-casualty (towaway),2024,2024,March,Tuesday,06:00 - 07:59,PITTWATER,RD,0,Right on the spot,HARVARD,ST,GLADESVILLE,2052.0,No,Not a school zone,T-junction,-33.828835,151.128896,Ryde,Sydney metro. area,Syd-Newc-Woll Gtr conurbation,Straight,Steep grade,,,Unknown / not stated,Sealed,Dry,Fine,Daylight,Nil,Give way sign,60 km/h,Regional,21,Right through,202,Opp - Right-thru,,Other angle,4 wheel drive / SUV,4 wheel drive / SUV,2,0,0,0,0,3,March,Autumn,Tuesday,06:00 - 07:59,AM peak / school commute,True,False,False,False
1345256,Non-casualty (towaway),Non-casualty (towaway),2024,2024,March,Sunday,12:00 - 13:59,PENNANT HILLS,RD,0,Right on the spot,BELLEVUE,ST,NORTH PARRAMATTA,2114.0,No,Not a school zone,X-intersection,-33.799284,151.009561,Parramatta,Sydney metro. area,Syd-Newc-Woll Gtr conurbation,Straight,,,,Unknown / not stated,Sealed,Dry,Fine,Daylight,Nil,Stop sign,60 km/h,Regional,13,Right near,104,Adj - Right-thru from right,,Right angle,4 wheel drive / SUV,Car (sedan/hatch),2,0,0,0,0,3,March,Autumn,Sunday,12:00 - 13:59,Midday / afternoon,False,False,False,False
1345257,Non-casualty (towaway),Non-casualty (towaway),2024,2024,March,Sunday,10:00 - 11:59,HUME,HWY,0,Right on the spot,HEDGES,AVE,STRATHFIELD SOUTH,2.0,Yes,No,T-junction,-33.886776,151.071705,Strathfield,Sydney metro. area,Syd-Newc-Woll Gtr conurbation,Straight,,,,Unknown / not stated,Sealed,Dry,Fine,Daylight,Nil,No traffic controls,60 km/h,State,30,Rear end,301,Same - Rear end,,Rear end,Light truck,4 wheel drive / SUV,2,0,0,0,0,3,March,Autumn,Sunday,10:00 - 11:59,Midday / afternoon,False,False,False,False
1345258,Non-casualty (towaway),Non-casualty (towaway),2024,2024,March,Friday,06:00 - 07:59,WESTERN,EXP,0,Right on the spot,MAMRE ROAD,OP,ST MARYS,6004.0,No,Not a school zone,Dual freeway,-33.784057,150.770869,Penrith,Sydney metro. area,Syd-Newc-Woll Gtr conurbation,Straight,Underpass/tunnel,,,Unknown / not stated,Sealed,Dry,Fine,Dawn,Nil,No traffic controls,110 km/h,State,30,Rear end,301,Same - Rear end,,Rear end,Light truck utility(from 2018),4 wheel drive / SUV,3,0,0,0,0,3,March,Autumn,Friday,06:00 - 07:59,AM peak / school commute,True,False,False,False
1345259,Non-casualty (towaway),Non-casualty (towaway),2024,2024,March,Saturday,14:00 - 15:59,RICHMOND,RD,0,Right on the spot,BALMORAL,ST,BLACKTOWN,643.0,No,Not a school zone,X-intersection,-33.766834,150.905173,Blacktown,Sydney metro. area,Syd-Newc-Woll Gtr conurbation,Straight,,,,Unknown / not stated,Sealed,Wet,Raining,Daylight,On,No traffic controls,60 km/h,State,30,Rear end,301,Same - Rear end,,Rear end,4 wheel drive / SUV,Car (sedan/hatch),3,0,0,0,0,3,March,Autumn,Saturday,14:00 - 15:59,Midday / afternoon,False,False,False,False
1345261,Non-casualty (towaway),Non-casualty (towaway),2024,2024,February,Tuesday,02:00 - 03:59,MAITLAND BAY,DR,0,Right on the spot,PICNIC,PDE,ETTALONG BEACH,349.0,No,Not a school zone,T-junction,-33.508673,151.337965,Central Coast,Country urban,Syd-Newc-Woll Gtr conurbation,Curved,,,,Unknown / not stated,Sealed,Wet,Raining,Darkness,Nil,Give way sign,70 km/h,State,81,Off left/rt bnd=>obj,803,Off right bend into obj,Left,Vehicle - Object,Car (sedan/hatch),,1,0,0,0,0,2,February,Summer,Tuesday,02:00 - 03:59,Late night / early morning,False,False,False,False
1345265,Non-casualty (towaway),Non-casualty (towaway),2024,2024,March,Tuesday,06:00 - 07:59,WATTLE,ST,0,Right on the spot,THOMAS,ST,ULTIMO,594.0,No,Not a school zone,T-junction,-33.883471,151.198262,Sydney,Sydney metro. area,Syd-Newc-Woll Gtr conurbation,Straight,,,,Unknown / not stated,Sealed,Dry,Fine,Daylight,Nil,Give way sign,50 km/h,State,36,Right turn sideswipe,308,Same - Rgt turn side swipe,,Other angle,Car (sedan/hatch),Car (sedan/hatch),2,0,0,0,0,3,March,Autumn,Tuesday,06:00 - 07:59,AM peak / school commute,True,False,False,False
1345266,Non-casualty (towaway),Non-casualty (towaway),2024,2024,March,Friday,00:01 - 01:59,WHITSUNDAY,CCT,100,West,LORD HOWE,DR,GREEN VALLEY,,No,Not a school zone,2-way undivided,-33.904646,150.857929,Liverpool,Sydney metro. area,Syd-Newc-Woll Gtr conurbation,Straight,,,,Unknown / not stated,Sealed,Wet,Raining,Darkness,Nil,No traffic controls,50 km/h,Local,71,Off rd left => obj,703,Left off cway into object,,Other angle,Car (sedan/hatch),4 wheel drive / SUV,2,0,0,0,0,3,March,Autumn,Friday,00:01 - 01:59,Late night / early morning,False,False,False,False
1345267,Non-casualty (towaway),Non-casualty (towaway),2024,2024,February,Wednesday,18:00 - 19:59,OLYMPIC,HWY,5000,North,QUEEN,ST,WANTIOOL,78.0,No,Not a school zone,2-way undivided,-34.848145,147.63782,Junee,Country non-urban,Rest of NSW - Rural,Curved,,,,Unknown / not stated,Sealed,Dry,Fine,Dusk,Nil,No traffic controls,100 km/h,State,30,Rear end,301,Same - Rear end,,Rear end,Light truck utility(from 2018),Car (sedan/hatch),2,0,0,0,0,2,February,Summer,Wednesday,18:00 - 19:59,PM peak / evening commute,True,False,False,False
1345275,Non-casualty (towaway),Non-casualty (towaway),2024,2024,March,Sunday,18:00 - 19:59,BLAXLAND,RD,0,Right on the spot,ROWE,LANE,EASTWOOD,139.0,No,Not a school zone,T-junction,-33.789975,151.086165,Ryde,Sydney metro. area,Syd-Newc-Woll Gtr conurbation,Straight,,,,Unknown / not stated,Sealed,Dry,Fine,Dusk,Nil,Left turn only,60 km/h,State,30,Rear end,301,Same - Rear end,,Rear end,4 wheel drive / SUV,4 wheel drive / SUV,2,0,0,0,0,3,March,Autumn,Sunday,18:00 - 19:59,PM peak / evening commute,True,False,False,False
1345276,Non-casualty (towaway),Non-casualty (towaway),2024,2024,February,Wednesday,12:00 - 13:59,BELLEVUE,RD,0,Right on the spot,VICTORIA ROAD,TO,BELLEVUE HILL,,Yes,No,2-way undivided,-33.886888,151.258723,Woollahra,Sydney metro. area,Syd-Newc-Woll Gtr conurbation,Curved,,,,Unknown / not stated,Sealed,Dry,Fine,Daylight,Nil,No traffic controls,50 km/h,Local,34,Lane change right,306,Same - Lane change right,,Other angle,Car (sedan/hatch),4 wheel drive / SUV,2,0,0,0,0,2,February,Summer,Wednesday,12:00 - 13:59,Midday / afternoon,False,False,False,False
1345278,Non-casualty (towaway),Non-casualty (towaway),2024,2024,March,Sunday,20:00 - 21:59,CRESCENT,ST,0,Right on the spot,KINGSTON,ST,HABERFIELD,,No,Not a school zone,X-intersection,-33.871523,151.147101,Inner West,Sydney metro. area,Syd-Newc-Woll Gtr conurbation,Curved,,,,Unknown / not stated,Sealed,Dry,Fine,Darkness,Nil,Give way sign,50 km/h,Local,21,Right through,202,Opp - Right-thru,,Other angle,Car (sedan/hatch),Car (sedan/hatch),2,0,0,0,0,3,March,Autumn,Sunday,20:00 - 21:59,Evening / night,False,False,False,False
1345279,Non-casualty (towaway),Non-casualty (towaway),2024,2024,February,Thursday,20:00 - 21:59,WANGANELLA,ST,0,Right on the spot,NUMBER 13,HN,MILLER,,No,Not a school zone,2-way undivided,-33.923654,150.874752,Liverpool,Sydney metro. area,Syd-Newc-Woll Gtr conurbation,Straight,Steep grade,,,Nil,Sealed,Dry,Fine,Darkness,Nil,No traffic controls,50 km/h,Local,46,Reversing into obj,405,Manov - Reverse into fixed obj,,Other angle,Car (sedan/hatch),Light truck utility(from 2018),2,0,0,0,0,2,February,Summer,Thursday,20:00 - 21:59,Evening / night,False,False,False,False
1345281,Non-casualty (towaway),Non-casualty (towaway),2024,2024,March,Friday,08:00 - 09:59,GARDENERS,RD,0,Right on the spot,DUNNING,AVE,ROSEBERY,183.0,No,Not a school zone,T-junction,-33.922023,151.200368,Sydney,Sydney metro. area,Syd-Newc-Woll Gtr conurbation,Straight,,,,Unknown / not stated,Sealed,Dry,Fine,Daylight,Nil,Stop sign,60 km/h,State,87,Off lft/lft bnd=>obj,706,Left turn,Left,Vehicle - Object,Large rigid,,1,0,0,0,0,3,March,Autumn,Friday,08:00 - 09:59,AM peak / school commute,True,False,False,False
1345284,Non-casualty (towaway),Non-casualty (towaway),2024,2024,March,Saturday,20:00 - 21:59,PACIFIC,HWY,0,Right on the spot,MIDGE,ST,COOLONGOLOOK,10.0,No,Not a school zone,T-junction,-32.216749,152.322497,Mid-Coast,Country urban,Rest of NSW - Urban,Straight,,,,Unknown / not stated,Sealed,Dry,Fine,Darkness,Nil,Give way sign,80 km/h,State,16,Left near,107,Adj - Left-thru from right,,Right angle,4 wheel drive / SUV,Car (sedan/hatch),2,0,0,0,0,3,March,Autumn,Saturday,20:00 - 21:59,Evening / night,False,False,False,False
1345288,Non-casualty (towaway),Non-casualty (towaway),2024,2024,February,Saturday,10:00 - 11:59,THE RIDGEWAY,MS,0,Right on the spot,NUMBER 129,HN,LISAROW,,No,Not a school zone,2-way undivided,-33.391782,151.39257,Central Coast,Country urban,Syd-Newc-Woll Gtr conurbation,Curved,,,,Unknown / not stated,Sealed,Wet,Raining,Daylight,Nil,No traffic controls,60 km/h,Local,81,Off left/rt bnd=>obj,803,Off right bend into obj,Left,Vehicle - Object,4 wheel drive / SUV,,1,0,0,0,0,2,February,Summer,Saturday,10:00 - 11:59,Midday / afternoon,False,False,False,False
1345289,Non-casualty (towaway),Non-casualty (towaway),2024,2024,March,Monday,16:00 - 17:59,GREAT WESTERN,HWY,0,Right on the spot,RESERVOIR,RD,ARNDELL PARK,5.0,No,Not a school zone,X-intersection,-33.797958,150.896906,Blacktown,Sydney metro. area,Syd-Newc-Woll Gtr conurbation,Straight,,,,Unknown / not stated,Sealed,Dry,Fine,Daylight,On,Ped crossing,80 km/h,State,30,Rear end,301,Same - Rear end,,Rear end,Car (sedan/hatch),Large rigid,2,0,0,0,0,3,March,Autumn,Monday,16:00 - 17:59,PM peak / evening commute,True,False,False,False
1345291,Non-casualty (towaway),Non-casualty (towaway),2024,2024,February,Sunday,08:00 - 09:59,PITTWATER,RD,0,Right on the spot,WILLIAM,ST,BROOKVALE,164.0,No,Not a school zone,T-junction,-33.767986,151.268283,Northern Beaches,Sydney metro. area,Syd-Newc-Woll Gtr conurbation,Straight,,,,Unknown / not stated,Sealed,Dry,Fine,Daylight,On,Ped crossing,60 km/h,State,45,Reversing,404,Manov - Reverse in traffic,,Other angle,4 wheel drive / SUV,Car (sedan/hatch),2,0,0,0,0,2,February,Summer,Sunday,08:00 - 09:59,AM peak / school commute,True,False,False,False
1345294,Non-casualty (towaway),Non-casualty (towaway),2024,2024,March,Friday,14:00 - 15:59,CENTRAL COAST,HWY,200,South,TUMBI,RD,WAMBERAL,30.0,No,Not a school zone,Divided road,-33.416292,151.449057,Central Coast,Country urban,Syd-Newc-Woll Gtr conurbation,Straight,,,,Unknown / not stated,Sealed,Dry,Overcast,Daylight,Nil,No traffic controls,60 km/h,State,30,Rear end,301,Same - Rear end,,Rear end,4 wheel drive / SUV,Car (sedan/hatch),2,0,0,0,0,3,March,Autumn,Friday,14:00 - 15:59,Midday / afternoon,False,False,False,False
1345296,Non-casualty (towaway),Non-casualty (towaway),2024,2024,February,Thursday,22:00 - Midnight,VINNY,RD,0,Right on the spot,NUMBER 39,HN,EDMONDSON PARK,,No,Not a school zone,2-way undivided,-33.95919,150.856596,Liverpool,Sydney metro. area,Syd-Newc-Woll Gtr conurbation,Straight,,,,Unknown / not stated,Sealed,Dry,Fine,Darkness,Nil,No traffic controls,50 km/h,Local,39,Other same direction,300,Same - other,,Other angle,4 wheel drive / SUV,Car (sedan/hatch),2,0,0,0,0,2,February,Summer,Thursday,22:00 - Midnight,Evening / night,False,False,False,False
1345298,Non-casualty (towaway),Non-casualty (towaway),2024,2024,March,Friday,14:00 - 15:59,WESTERN,EXP,500,West,RESERVOIR ROAD,OP,HUNTINGWOOD,6004.0,No,Not a school zone,Dual freeway,-33.802422,150.890645,Blacktown,Sydney metro. area,Syd-Newc-Woll Gtr conurbation,Straight,,,,Unknown / not stated,Sealed,Dry,Fine,Daylight,Nil,No traffic controls,100 km/h,State,30,Rear end,301,Same - Rear end,,Rear end,4 wheel drive / SUV,Large rigid,2,0,0,0,0,3,March,Autumn,Friday,14:00 - 15:59,Midday / afternoon,False,False,False,False
1345300,Non-casualty (towaway),Non-casualty (towaway),2024,2024,February,Thursday,10:00 - 11:59,OLYMPIC,DR,0,Right on the spot,CHILDS,ST,LIDCOMBE,190.0,No,Not a school zone,T-junction,-33.859546,151.042783,Cumberland,Sydney metro. area,Syd-Newc-Woll Gtr conurbation,Straight,,,,Unknown / not stated,Sealed,Dry,Fine,Daylight,Nil,No traffic controls,70 km/h,State,10,Cross traffic,101,Adj - Cross traffic,,Right angle,Light truck,4 wheel drive / SUV,2,0,0,0,0,2,February,Summer,Thursday,10:00 - 11:59,Midday / afternoon,False,False,False,False
1345301,Non-casualty (towaway),Non-casualty (towaway),2024,2024,February,Sunday,08:00 - 09:59,FRIDAY HUT,RD,0,Right on the spot,GITTOES,LANE,POSSUM CREEK,,No,Not a school zone,T-junction,-28.683654,153.493399,Byron,Country urban,Rest of NSW - Urban,Curved,Embankment/cutting,,,Unknown / not stated,Sealed,Wet,Raining,Daylight,Nil,No traffic controls,60 km/h,Local,81,Off left/rt bnd=>obj,803,Off right bend into obj,Left,Vehicle - Object,Utility,,1,0,0,0,0,2,February,Summer,Sunday,08:00 - 09:59,AM peak / school commute,True,False,False,False
1345302,Non-casualty (towaway),Non-casualty (towaway),2024,2024,February,Friday,22:00 - Midnight,WILLYDAH,RD,5700,South,YOUNG,RD,TRANGIE,,No,Not a school zone,2-way undivided,-32.087301,147.983155,Narromine,Country non-urban,Rest of NSW - Rural,Curved,,,,Unknown / not stated,Sealed,Dry,Fine,Darkness,Nil,No traffic controls,100 km/h,Local,85,Off rt/lft bnd=>obj,804,Off left bend into obj,Right,Vehicle - Object,Light truck utility(from 2018),,1,0,0,0,0,2,February,Summer,Friday,22:00 - Midnight,Evening / night,False,False,False,False
1345303,Non-casualty (towaway),Non-casualty (towaway),2024,2024,February,Tuesday,22:00 - Midnight,WOY WOY,RD,280,West,CENTRAL COAST,HWY,KARIONG,7751.0,No,Not a school zone,2-way undivided,-33.437423,151.296411,Central Coast,Country urban,Syd-Newc-Woll Gtr conurbation,Straight,,,,Unknown / not stated,Sealed,Wet,Other,Darkness,Nil,No traffic controls,60 km/h,Regional,30,Rear end,301,Same - Rear end,,Rear end,Light truck utility(from 2018),4 wheel drive / SUV,2,0,0,0,0,2,February,Summer,Tuesday,22:00 - Midnight,Evening / night,False,False,False,False
1345304,Non-casualty (towaway),Non-casualty (towaway),2024,2024,March,Thursday,08:00 - 09:59,POWER,ST,0,Right on the spot,OWEN,ST,GLENDENNING,7159.0,No,Not a school zone,T-junction,-33.753733,150.857044,Blacktown,Sydney metro. area,Syd-Newc-Woll Gtr conurbation,Straight,,,,Unknown / not stated,Sealed,Dry,Fine,Daylight,Nil,Give way sign,60 km/h,Regional,16,Left near,107,Adj - Left-thru from right,,Right angle,Car (sedan/hatch),Large rigid,2,0,0,0,0,3,March,Autumn,Thursday,08:00 - 09:59,AM peak / school commute,True,False,False,False
1345305,Non-casualty (towaway),Non-casualty (towaway),2024,2024,March,Monday,08:00 - 09:59,MONTAVELLA,RD,200,East,GORMANS HILL,RD,GORMANS HILL,,No,Not a school zone,2-way undivided,-33.462291,149.593367,Bathurst Regional,Country non-urban,Rest of NSW - Rural,Straight,,,,Unknown / not stated,Sealed,Dry,Fine,Daylight,Nil,No traffic controls,100 km/h,Local,20,Head on,201,Opp - Head on,,Head-on,Light truck,4 wheel drive / SUV,2,0,0,0,0,3,March,Autumn,Monday,08:00 - 09:59,AM peak / school commute,True,False,False,False
1345307,Non-casualty (towaway),Non-casualty (towaway),2024,2024,February,Wednesday,08:00 - 09:59,THE LAKES,WAY,0,Right on the spot,CAPE HAWKE,DR,FORSTER,111.0,Yes,Yes,Roundabout,-32.21358,152.525483,Mid-Coast,Country urban,Rest of NSW - Urban,Curved,,,,Unknown / not stated,Sealed,Dry,Fine,Daylight,Nil,Give way sign,40 km/h,Regional,13,Right near,104,Adj - Right-thru from right,,Right angle,Car (sedan/hatch),Light truck utility(from 2018),2,0,0,0,0,2,February,Summer,Wednesday,08:00 - 09:59,AM peak / school commute,True,False,False,False
1345310,Non-casualty (towaway),Non-casualty (towaway),2024,2024,January,Thursday,10:00 - 11:59,OXLEY,HWY,20,North,WHITE,ST,TAMWORTH,11.0,No,Not a school zone,Divided road,-31.091825,150.934142,Tamworth Regional,Country urban,Rest of NSW - Urban,Straight,,,,Unknown / not stated,Sealed,Dry,Fine,Daylight,Nil,No traffic controls,60 km/h,State,30,Rear end,301,Same - Rear end,,Rear end,Car (sedan/hatch),4 wheel drive / SUV,2,0,0,0,0,1,January,Summer,Thursday,10:00 - 11:59,Midday / afternoon,False,False,False,False
1345311,Non-casualty (towaway),Non-casualty (towaway),2024,2024,March,Saturday,04:00 - 05:59,NEW ENGLAND,HWY,200,North,THOMAS MITCHELL,DR,MUSWELLBROOK,9.0,No,Not a school zone,2-way undivided,-32.324612,150.943135,Muswellbrook,Country non-urban,Rest of NSW - Rural,Curved,,,,Unknown / not stated,Sealed,Dry,Fine,Darkness,Nil,No traffic controls,100 km/h,State,67,Struck animal,609,On path - Hit animal,,Vehicle - Animal,4 wheel drive / SUV,,1,0,0,0,0,3,March,Autumn,Saturday,04:00 - 05:59,Late night / early morning,False,False,False,False
1345312,Non-casualty (towaway),Non-casualty (towaway),2024,2024,March,Wednesday,14:00 - 15:59,KING,ST,100,East,DARBY,ST,NEWCASTLE,,No,Not a school zone,2-way undivided,-32.927509,151.775102,Newcastle,Newcastle met. area,Syd-Newc-Woll Gtr conurbation,Straight,,,,Unknown / not stated,Sealed,Dry,Fine,Daylight,Nil,No traffic controls,50 km/h,Local,30,Rear end,301,Same - Rear end,,Rear end,4 wheel drive / SUV,Car (sedan/hatch),3,0,0,0,0,3,March,Autumn,Wednesday,14:00 - 15:59,Midday / afternoon,False,False,False,False
1345316,Non-casualty (towaway),Non-casualty (towaway),2024,2024,March,Saturday,02:00 - 03:59,KISSING POINT,RD,0,Right on the spot,SILVERWATER,RD,DUNDAS,574.0,No,Not a school zone,T-junction,-33.799389,151.055069,Parramatta,Sydney metro. area,Syd-Newc-Woll Gtr conurbation,Curved,,,,Unknown / not stated,Sealed,Dry,Fine,Darkness,On,No traffic controls,70 km/h,State,11,Right far,102,Adj - Right-thru from left,,Right angle,Car (sedan/hatch),4 wheel drive / SUV,2,0,0,0,0,3,March,Autumn,Saturday,02:00 - 03:59,Late night / early morning,False,False,False,False
1345317,Non-casualty (towaway),Non-casualty (towaway),2024,2024,March,Friday,02:00 - 03:59,WOLLOMBI,RD,10,North,ELLALONG,RD,PELTON,181.0,No,Not a school zone,T-junction,-32.87586,151.310285,Cessnock,Country urban,Rest of NSW - Urban,Curved,,,,Unknown / not stated,Sealed,Dry,Fine,Darkness,Nil,Stop sign,60 km/h,Regional,67,Struck animal,609,On path - Hit animal,,Vehicle - Animal,Car (sedan/hatch),,1,0,0,0,0,3,March,Autumn,Friday,02:00 - 03:59,Late night / early morning,False,False,False,False
1345319,Non-casualty (towaway),Non-casualty (towaway),2024,2024,February,Thursday,16:00 - 17:59,OLD WALLGROVE,RD,0,Right on the spot,ROBERTS,RD,EASTERN CREEK,693.0,No,Not a school zone,T-junction,-33.812554,150.835656,Blacktown,Sydney metro. area,Syd-Newc-Woll Gtr conurbation,Curved,,,,Unknown / not stated,Sealed,Dry,Overcast,Daylight,On,Ped crossing,80 km/h,State,30,Rear end,301,Same - Rear end,,Rear end,Car (sedan/hatch),4 wheel drive / SUV,2,0,0,0,0,2,February,Summer,Thursday,16:00 - 17:59,PM peak / evening commute,True,False,False,False
1345320,Non-casualty (towaway),Non-casualty (towaway),2024,2024,February,Tuesday,18:00 - 19:59,CAMDEN VALLEY,WAY,20,West,ASH,RD,PRESTONS,620.0,No,Not a school zone,Divided road,-33.956067,150.872543,Liverpool,Sydney metro. area,Syd-Newc-Woll Gtr conurbation,Straight,,,,Unknown / not stated,Sealed,Dry,Fine,Daylight,Nil,No traffic controls,70 km/h,State,30,Rear end,301,Same - Rear end,,Rear end,Light truck utility(from 2018),4 wheel drive / SUV,2,0,0,0,0,2,February,Summer,Tuesday,18:00 - 19:59,PM peak / evening commute,True,False,False,False
1345321,Non-casualty (towaway),Non-casualty (towaway),2024,2024,March,Tuesday,14:00 - 15:59,BRUCEDALE,DR,0,Right on the spot,NUMBER 38,HN,BAULKHAM HILLS,,No,Not a school zone,2-way undivided,-33.746572,150.985337,The Hills,Sydney metro. area,Syd-Newc-Woll Gtr conurbation,Straight,Steep grade,,,Unknown / not stated,Sealed,Dry,Fine,Daylight,Nil,No traffic controls,50 km/h,Local,71,Off rd left => obj,703,Left off cway into object,,Other angle,4 wheel drive / SUV,4 wheel drive / SUV,2,0,0,0,0,3,March,Autumn,Tuesday,14:00 - 15:59,Midday / afternoon,False,False,False,False
1345322,Non-casualty (towaway),Non-casualty (towaway),2024,2024,March,Monday,08:00 - 09:59,HUME,HWY,2000,South,RACECOURSE ROAD,OP,NORTH ALBURY,2.0,No,Not a school zone,Divided road,-36.064056,146.942002,Albury,Country non-urban,Rest of NSW - Rural,Straight,,,,Unknown / not stated,Sealed,Dry,Fine,Daylight,Nil,No traffic controls,110 km/h,State,71,Off rd left => obj,703,Left off cway into object,,Vehicle - Object,Light truck,,1,0,0,0,0,3,March,Autumn,Monday,08:00 - 09:59,AM peak / school commute,True,False,False,False
1345332,Non-casualty (towaway),Non-casualty (towaway),2024,2024,March,Monday,16:00 - 17:59,BOMBAY,ST,0,Right on the spot,NICHOLAS,ST,LIDCOMBE,,No,Not a school zone,X-intersection,-33.856155,151.050332,Cumberland,Sydney metro. area,Syd-Newc-Woll Gtr conurbation,Straight,,,,Unknown / not stated,Sealed,Dry,Fine,Daylight,Nil,Stop sign,50 km/h,Local,10,Cross traffic,101,Adj - Cross traffic,,Right angle,Station wagon,Car (sedan/hatch),2,0,0,0,0,3,March,Autumn,Monday,16:00 - 17:59,PM peak / evening commute,True,False,False,False
1345334,Non-casualty (towaway),Non-casualty (towaway),2024,2024,February,Monday,08:00 - 09:59,PRUNE,ST,0,Right on the spot,SCHAEFER,ST,LAVINGTON,,Yes,Yes,X-intersection,-36.035353,146.936072,Albury,Country urban,Rest of NSW - Urban,Straight,,,,Unknown / not stated,Sealed,Dry,Fine,Daylight,Nil,Stop sign,40 km/h,Local,10,Cross traffic,101,Adj - Cross traffic,,Right angle,Car (sedan/hatch),Car (sedan/hatch),2,0,0,0,0,2,February,Summer,Monday,08:00 - 09:59,AM peak / school commute,True,False,False,False
1345335,Non-casualty (towaway),Non-casualty (towaway),2024,2024,February,Tuesday,08:00 - 09:59,GREAT NORTH,RD,0,Right on the spot,MCKINNON,AVE,FIVE DOCK,7325.0,No,Not a school zone,T-junction,-33.86324,151.130326,Canada Bay,Sydney metro. area,Syd-Newc-Woll Gtr conurbation,Straight,,,,Unknown / not stated,Sealed,Wet,Raining,Daylight,Nil,No traffic controls,50 km/h,Regional,13,Right near,104,Adj - Right-thru from right,,Right angle,Car (sedan/hatch),Car (sedan/hatch),2,0,0,0,0,2,February,Summer,Tuesday,08:00 - 09:59,AM peak / school commute,True,False,False,False
1345338,Non-casualty (towaway),Non-casualty (towaway),2024,2024,March,Monday,08:00 - 09:59,OXFORD,ST,0,Right on the spot,NUMBER 330,HN,PADDINGTON,172.0,No,Not a school zone,2-way undivided,-33.88597,151.228794,Woollahra,Sydney metro. area,Syd-Newc-Woll Gtr conurbation,Straight,,,,Unknown / not stated,Sealed,Dry,Fine,Daylight,Nil,No traffic controls,50 km/h,State,63,Vehicle door,604,On path - Vehicle door,,Other angle,4 wheel drive / SUV,4 wheel drive / SUV,2,0,0,0,0,3,March,Autumn,Monday,08:00 - 09:59,AM peak / school commute,True,False,False,False
1345339,Non-casualty (towaway),Non-casualty (towaway),2024,2024,February,Sunday,18:00 - 19:59,FRENCHS FOREST,RD,0,Right on the spot,SYDNEY,RD,SEAFORTH,397.0,No,Not a school zone,Roundabout,-33.797372,151.249951,Northern Beaches,Sydney metro. area,Syd-Newc-Woll Gtr conurbation,Curved,,,,Off,Sealed,Dry,Fine,Daylight,Nil,Give way sign,50 km/h,State,11,Right far,102,Adj - Right-thru from left,,Right angle,4 wheel drive / SUV,Car (sedan/hatch),2,0,0,0,0,2,February,Summer,Sunday,18:00 - 19:59,PM peak / evening commute,True,False,False,False
1345340,Non-casualty (towaway),Non-casualty (towaway),2024,2024,March,Saturday,14:00 - 15:59,PACIFIC,HWY,500,South,MINGALETTA,RD,COOPERABUNG,10.0,No,Not a school zone,Divided road,-31.246342,152.822448,Port Macquarie-Hastings,Country non-urban,Rest of NSW - Rural,Curved,Steep grade,,,Unknown / not stated,Sealed,Wet,Raining,Daylight,Nil,No traffic controls,100 km/h,State,87,Off lft/lft bnd=>obj,804,Off left bend into obj,Left,Vehicle - Object,Car (sedan/hatch),,1,0,0,0,0,3,March,Autumn,Saturday,14:00 - 15:59,Midday / afternoon,False,False,False,False
1345342,Non-casualty (towaway),Non-casualty (towaway),2024,2024,March,Monday,16:00 - 17:59,MITTAGONG,RD,0,Right on the spot,KIRKHAM,RD,BOWRAL,260.0,No,Not a school zone,T-junction,-34.46795,150.421185,Wingecarribee,Country urban,Rest of NSW - Urban,Straight,,,,Unknown / not stated,Sealed,Dry,Fine,Daylight,Nil,Give way sign,60 km/h,State,30,Rear end,301,Same - Rear end,,Rear end,Motorcycle,Car (sedan/hatch),2,0,0,0,0,3,March,Autumn,Monday,16:00 - 17:59,PM peak / evening commute,True,False,False,False