crash_id,degree_of_crash,degree_of_crash_-_detailed,reporting_year,year_of_crash,month_of_crash,day_of_week_of_crash,two-hour_intervals,street_of_crash,street_type,distance,direction,identifying_feature,identifying_feature_type,town,route_no.,school_zone_location,school_zone_active,type_of_location,latitude,longitude,lga,urbanisation,conurbation_1,alignment,primary_permanent_feature,primary_temporary_feature,primary_hazardous_feature,street_lighting,road_surface,surface_condition,weather,natural_lighting,signals_operation,other_traffic_control,speed_limit,road_classification_(admin),rum_-_code,rum_-_description,dca_-_code,dca_-_description,dca_supplement,first_impact_type,key_tu_type,other_tu_type,no._of_traffic_units_involved,no._killed,no._seriously_injured,no._moderately_injured,no._minor-other_injured,month_num,month_label,season,day_label,time_label,time_band,is_peak_commute,is_fatal,is_injury,is_casualty
1345346,Non-casualty (towaway),Non-casualty (towaway),2024,2024,January,Wednesday,16:00 - 17:59,STRICKLAND,ST,0,Right on the spot,NUMBER 3,HN,ROSE BAY,,No,Not a school zone,2-way undivided,-33.872664,151.27477,Waverley,Sydney metro. area,Syd-Newc-Woll Gtr conurbation,Straight,,,,Unknown / not stated,Sealed,Dry,Fine,Daylight,Nil,No traffic controls,50 km/h,Local,71,Off rd left => obj,703,Left off cway into object,,Other angle,Car (sedan/hatch),4 wheel drive / SUV,2,0,0,0,0,1,January,Summer,Wednesday,16:00 - 17:59,PM peak / evening commute,True,False,False,False
1345353,Non-casualty (towaway),Non-casualty (towaway),2024,2024,March,Thursday,00:01 - 01:59,BUCHANAN,RD,2000,North,JOHN RENSHAW,DR,BUCHANAN,2120.0,No,Not a school zone,2-way undivided,-32.812967,151.531262,Cessnock,Country urban,Rest of NSW - Urban,Curved,Embankment/cutting,,,Unknown / not stated,Sealed,Dry,Fine,Darkness,Nil,No traffic controls,80 km/h,Regional,81,Off left/rt bnd=>obj,803,Off right bend into obj,Left,Vehicle - Object,Car (sedan/hatch),,1,0,0,0,0,3,March,Autumn,Thursday,00:01 - 01:59,Late night / early morning,False,False,False,False
1345355,Non-casualty (towaway),Non-casualty (towaway),2024,2024,March,Monday,00:01 - 01:59,UNNAMED,RD,999999,Unknown/not stated,UNKNOWN,UK,PARKES,,Unknown,Not a school zone,Unknown,-33.133295,148.105104,Parkes,Country unknown,Rest of NSW - Unknown,Unknown,,,,Unknown / not stated,Sealed,Dry,Fine,Darkness,Nil,No traffic controls,Unknown,Local,99,Unknown,907,Vehicle movements unknown,,Unknown,B-double (road train prior 98),,1,0,0,0,0,3,March,Autumn,Monday,00:01 - 01:59,Late night / early morning,False,False,False,False
1345358,Non-casualty (towaway),Non-casualty (towaway),2024,2024,February,Tuesday,04:00 - 05:59,NEWCASTLE,EXP,150,North,HUE HUE ROAD,OP,WYEE,6003.0,No,Not a school zone,Dual freeway,-33.179915,151.467542,Lake Macquarie,Newcastle met. area,Syd-Newc-Woll Gtr conurbation,Straight,,,,Unknown / not stated,Sealed,Dry,Fine,Dawn,Nil,No traffic controls,110 km/h,State,73,Off rd rght => obj,704,Right off cway into obj,,Vehicle - Object,Car (sedan/hatch),,1,0,0,0,0,2,February,Summer,Tuesday,04:00 - 05:59,Late night / early morning,False,False,False,False
1345361,Non-casualty (towaway),Non-casualty (towaway),2024,2024,February,Wednesday,16:00 - 17:59,EDGEWARE,RD,0,Right on the spot,NUMBER 127,HO,ENMORE,7017.0,No,Not a school zone,2-way undivided,-33.90347,151.172576,Inner West,Sydney metro. area,Syd-Newc-Woll Gtr conurbation,Straight,Driveway/entrance,,,Unknown / not stated,Sealed,Dry,Fine,Daylight,Nil,No traffic controls,60 km/h,Regional,47,Emerging from drive,406,Manov - Emerging from driveway,,Right angle,Car (sedan/hatch),Car (sedan/hatch),2,0,0,0,0,2,February,Summer,Wednesday,16:00 - 17:59,PM peak / evening commute,True,False,False,False
1345363,Non-casualty (towaway),Non-casualty (towaway),2024,2024,February,Saturday,02:00 - 03:59,PACIFIC,HWY,2000,South,BENSONS LANE,OP,TYNDALE,10.0,No,Not a school zone,Divided road,-29.580131,153.140878,Clarence Valley,Country non-urban,Rest of NSW - Rural,Curved,,,,Unknown / not stated,Sealed,Dry,Fine,Darkness,Nil,No traffic controls,110 km/h,State,66,Object on road,607,On path - Hit temp object,,Vehicle - Object,Car (sedan/hatch),,1,0,0,0,0,2,February,Summer,Saturday,02:00 - 03:59,Late night / early morning,False,False,False,False
1345366,Non-casualty (towaway),Non-casualty (towaway),2024,2024,February,Thursday,20:00 - 21:59,CAMBOURN,DR,0,Right on the spot,DORA,ST,LISAROW,,No,Not a school zone,T-junction,-33.377209,151.369922,Central Coast,Country urban,Syd-Newc-Woll Gtr conurbation,Curved,,,,Unknown / not stated,Sealed,Dry,Fine,Darkness,Nil,Give way sign,50 km/h,Local,46,Reversing into obj,405,Manov - Reverse into fixed obj,,Vehicle - Object,Car (sedan/hatch),,1,0,0,0,0,2,February,Summer,Thursday,20:00 - 21:59,Evening / night,False,False,False,False
1345367,Non-casualty (towaway),Non-casualty (towaway),2024,2024,March,Saturday,12:00 - 13:59,OSBORNE YERONG CREEK,RD,0,Right on the spot,OSBORNE RECREATION RESERVE,PARK,OSBORNE,,No,Not a school zone,2-way undivided,-35.354262,146.718466,Lockhart,Country non-urban,Rest of NSW - Rural,Straight,Driveway/entrance,,,Unknown / not stated,Sealed,Dry,Fine,Daylight,Nil,No traffic controls,100 km/h,Local,21,Right through,202,Opp - Right-thru,,Other angle,Car (sedan/hatch),4 wheel drive / SUV,2,0,0,0,0,3,March,Autumn,Saturday,12:00 - 13:59,Midday / afternoon,False,False,False,False
1345368,Non-casualty (towaway),Non-casualty (towaway),2024,2024,March,Monday,22:00 - Midnight,GREAT WESTERN,HWY,0,Right on the spot,DAY,ST,LIDCOMBE,5.0,No,Not a school zone,T-junction,-33.847153,151.046184,Cumberland,Sydney metro. area,Syd-Newc-Woll Gtr conurbation,Straight,Driveway/entrance,,,Unknown / not stated,Sealed,Dry,Fine,Darkness,On,No traffic controls,60 km/h,State,21,Right through,202,Opp - Right-thru,,Other angle,Car (sedan/hatch),Car (sedan/hatch),2,0,0,0,0,3,March,Autumn,Monday,22:00 - Midnight,Evening / night,False,False,False,False
1345370,Non-casualty (towaway),Non-casualty (towaway),2024,2024,March,Friday,08:00 - 09:59,CARLINGFORD,RD,0,Right on the spot,MIDSON,RD,EPPING,373.0,No,Not a school zone,X-intersection,-33.773143,151.070973,Parramatta,Sydney metro. area,Syd-Newc-Woll Gtr conurbation,Straight,,,,Unknown / not stated,Sealed,Dry,Fine,Daylight,On,No traffic controls,60 km/h,State,13,Right near,104,Adj - Right-thru from right,,Right angle,4 wheel drive / SUV,4 wheel drive / SUV,2,0,0,0,0,3,March,Autumn,Friday,08:00 - 09:59,AM peak / school commute,True,False,False,False
1345371,Non-casualty (towaway),Non-casualty (towaway),2024,2024,February,Wednesday,16:00 - 17:59,CHITTAWAY,RD,0,Right on the spot,OURIMBAH UNITED FOOTBALL CLUB,OT,OURIMBAH,7758.0,No,Not a school zone,2-way undivided,-33.355282,151.371144,Central Coast,Country urban,Syd-Newc-Woll Gtr conurbation,Straight,,,,Unknown / not stated,Sealed,Dry,Fine,Daylight,Nil,No traffic controls,60 km/h,Regional,40,U turn,304,Same - U-turn,,Other angle,Car (sedan/hatch),Car (sedan/hatch),2,0,0,0,0,2,February,Summer,Wednesday,16:00 - 17:59,PM peak / evening commute,True,False,False,False
1345374,Non-casualty (towaway),Non-casualty (towaway),2024,2024,March,Friday,14:00 - 15:59,PRINCES,HWY,0,Right on the spot,MOSS,ST,NOWRA,1.0,No,Not a school zone,X-intersection,-34.872204,150.605895,Shoalhaven,Country urban,Rest of NSW - Urban,Curved,,,,Unknown / not stated,Sealed,Dry,Fine,Daylight,On,No traffic controls,70 km/h,State,36,Right turn sideswipe,308,Same - Rgt turn side swipe,,Other angle,Car (sedan/hatch),Light truck utility(from 2018),2,0,0,0,0,3,March,Autumn,Friday,14:00 - 15:59,Midday / afternoon,False,False,False,False
1345377,Non-casualty (towaway),Non-casualty (towaway),2024,2024,March,Thursday,16:00 - 17:59,AVOCA,DR,20,West,TILBA,ST,KINCUMBER,504.0,No,Not a school zone,2-way undivided,-33.468648,151.387255,Central Coast,Country urban,Syd-Newc-Woll Gtr conurbation,Straight,,,,Unknown / not stated,Sealed,Dry,Fine,Daylight,Nil,No traffic controls,60 km/h,State,30,Rear end,301,Same - Rear end,,Rear end,4 wheel drive / SUV,4 wheel drive / SUV,2,0,0,0,0,3,March,Autumn,Thursday,16:00 - 17:59,PM peak / evening commute,True,False,False,False
1345379,Non-casualty (towaway),Non-casualty (towaway),2024,2024,March,Monday,12:00 - 13:59,GREAT WESTERN,HWY,0,Right on the spot,WOODVILLE,RD,GRANVILLE,5.0,No,Not a school zone,X-intersection,-33.827515,151.004828,Parramatta,Sydney metro. area,Syd-Newc-Woll Gtr conurbation,Straight,Other bridge,,,Unknown / not stated,Sealed,Dry,Fine,Daylight,On,No traffic controls,60 km/h,State,39,Other same direction,300,Same - other,,Other angle,Light truck utility(from 2018),Car (sedan/hatch),2,0,0,0,0,3,March,Autumn,Monday,12:00 - 13:59,Midday / afternoon,False,False,False,False
1345382,Non-casualty (towaway),Non-casualty (towaway),2024,2024,January,Wednesday,14:00 - 15:59,MILLWOOD,RD,999999,North,EAST MILLWOOD,RD,COOLAMON,543.0,No,Not a school zone,2-way undivided,-34.861783,147.192653,Coolamon,Country non-urban,Rest of NSW - Rural,Straight,,,,Unknown / not stated,Sealed,Dry,Fine,Daylight,Nil,No traffic controls,100 km/h,Regional,71,Off rd left => obj,703,Left off cway into object,,Vehicle - Object,4 wheel drive / SUV,,1,0,0,0,0,1,January,Summer,Wednesday,14:00 - 15:59,Midday / afternoon,False,False,False,False
1345384,Non-casualty (towaway),Non-casualty (towaway),2024,2024,March,Friday,20:00 - 21:59,GIPPS,WAY,10000,North,LAKE CARGELLIGO,RD,CONDOBOLIN,57.0,No,Not a school zone,2-way undivided,-33.134269,147.128153,Lachlan,Country non-urban,Rest of NSW - Rural,Straight,,,,Unknown / not stated,Sealed,Dry,Fine,Darkness,Nil,No traffic controls,100 km/h,Regional,67,Struck animal,609,On path - Hit animal,,Vehicle - Animal,Light truck utility(from 2018),,1,0,0,0,0,3,March,Autumn,Friday,20:00 - 21:59,Evening / night,False,False,False,False
1345389,Non-casualty (towaway),Non-casualty (towaway),2024,2024,February,Thursday,10:00 - 11:59,NEWCASTLE,EXP,5000,South,MANDALONG ROAD,OP,WYEE,6003.0,No,Not a school zone,Dual freeway,-33.16113,151.469307,Lake Macquarie,Newcastle met. area,Syd-Newc-Woll Gtr conurbation,Straight,,,,Unknown / not stated,Sealed,Dry,Fine,Daylight,Nil,No traffic controls,110 km/h,State,34,Lane change right,306,Same - Lane change right,,Other angle,Car (sedan/hatch),Car (sedan/hatch),2,0,0,0,0,2,February,Summer,Thursday,10:00 - 11:59,Midday / afternoon,False,False,False,False
1345395,Non-casualty (towaway),Non-casualty (towaway),2024,2024,March,Wednesday,20:00 - 21:59,NEWELL,HWY,1810,North,WARRUMBUNGLES,WAY,COONABARABRAN,17.0,No,Not a school zone,2-way undivided,-31.313096,149.299409,Warrumbungle,Country non-urban,Rest of NSW - Rural,Straight,,,,Unknown / not stated,Sealed,Dry,Fine,Darkness,Nil,No traffic controls,100 km/h,State,67,Struck animal,609,On path - Hit animal,,Vehicle - Animal,Car (sedan/hatch),,1,0,0,0,0,3,March,Autumn,Wednesday,20:00 - 21:59,Evening / night,False,False,False,False
1345543,Non-casualty (towaway),Non-casualty (towaway),2024,2024,February,Sunday,20:00 - 21:59,PORTLAND,CRES,5,East,OSPREY,CT,MAROUBRA,,No,Not a school zone,T-junction,-33.951432,151.246023,Randwick,Sydney metro. area,Syd-Newc-Woll Gtr conurbation,Curved,,,,On,Sealed,Dry,Fine,Darkness,Nil,No traffic controls,50 km/h,Local,81,Off left/rt bnd=>obj,803,Off right bend into obj,Left,Other angle,Light truck utility(from 2018),4 wheel drive / SUV,5,0,0,0,0,2,February,Summer,Sunday,20:00 - 21:59,Evening / night,False,False,False,False
1345544,Non-casualty (towaway),Non-casualty (towaway),2024,2024,February,Monday,04:00 - 05:59,COWPER WHARF,RD,0,Right on the spot,EASTERN DISTRIBUTOR,EXP,SYDNEY,7311.0,No,Not a school zone,T-junction,-33.868643,151.218504,Sydney,Sydney metro. area,Syd-Newc-Woll Gtr conurbation,Straight,Foot/cycle path/nature strip,,,On,Sealed,Dry,Fine,Darkness,On,No traffic controls,60 km/h,Regional,75,Off end of road,709,Off end cway or T junct,,Vehicle - Object,Car (sedan/hatch),,1,0,0,0,0,2,February,Summer,Monday,04:00 - 05:59,Late night / early morning,False,False,False,False
1345560,Non-casualty (towaway),Non-casualty (towaway),2024,2024,February,Monday,22:00 - Midnight,FEDERATION,RD,0,Right on the spot,ROBERTS,LANE,NEWTOWN,,No,Not a school zone,T-junction,-33.893601,151.178392,Inner West,Sydney metro. area,Syd-Newc-Woll Gtr conurbation,Straight,,,,On,Sealed,Dry,Fine,Darkness,Nil,No traffic controls,50 km/h,Local,71,Off rd left => obj,703,Left off cway into object,,Other angle,Car (sedan/hatch),Car (sedan/hatch),2,0,0,0,0,2,February,Summer,Monday,22:00 - Midnight,Evening / night,False,False,False,False
1345583,Non-casualty (towaway),Non-casualty (towaway),2024,2024,February,Sunday,18:00 - 19:59,ATLANTIC,BVD,100,West,ROLLA,RD,GLENFIELD,,No,Not a school zone,2-way undivided,-33.963817,150.892652,Campbelltown,Sydney metro. area,Syd-Newc-Woll Gtr conurbation,Straight,,,,On,Sealed,Wet,Raining,Dusk,Nil,No traffic controls,50 km/h,Local,71,Off rd left => obj,703,Left off cway into object,,Other angle,Car (sedan/hatch),Car (sedan/hatch),3,0,0,0,0,2,February,Summer,Sunday,18:00 - 19:59,PM peak / evening commute,True,False,False,False
1345617,Non-casualty (towaway),Non-casualty (towaway),2024,2024,January,Monday,12:00 - 13:59,SOUTH CREEK,RD,0,Right on the spot,NUMBER 179,HN,CROMER,,No,Not a school zone,2-way undivided,-33.736342,151.281357,Northern Beaches,Sydney metro. area,Syd-Newc-Woll Gtr conurbation,Straight,,,,Off,Sealed,Dry,Fine,Daylight,Nil,No traffic controls,50 km/h,Local,44,Parking vehicles,403,Manov - Parking-parked vehicle,,Other angle,Car (sedan/hatch),Station wagon,2,0,0,0,0,1,January,Summer,Monday,12:00 - 13:59,Midday / afternoon,False,False,False,False
1345619,Non-casualty (towaway),Non-casualty (towaway),2024,2024,February,Saturday,04:00 - 05:59,LIVINGSTONE,RD,0,Right on the spot,NUMBER 117,HN,MARRICKVILLE,,No,Not a school zone,2-way undivided,-33.904967,151.153169,Inner West,Sydney metro. area,Syd-Newc-Woll Gtr conurbation,Straight,,,,On,Sealed,Dry,Fine,Darkness,Nil,No traffic controls,50 km/h,Local,71,Off rd left => obj,703,Left off cway into object,,Other angle,Unknown motor vehicle,Car (sedan/hatch),4,0,0,0,0,2,February,Summer,Saturday,04:00 - 05:59,Late night / early morning,False,False,False,False
1345622,Non-casualty (towaway),Non-casualty (towaway),2024,2024,February,Saturday,00:01 - 01:59,NEWELL,HWY,400,North,WOOLSHED,RD,FORBES,17.0,No,Not a school zone,2-way undivided,-33.352775,148.028482,Forbes,Country non-urban,Rest of NSW - Rural,Straight,,,,Nil,Sealed,Dry,Fine,Darkness,Nil,No traffic controls,110 km/h,State,91,Object struck veh,610,On path - Load hit vehicle,,Vehicle - Object,Light truck utility(from 2018),Semi-trailer,2,0,0,0,0,2,February,Summer,Saturday,00:01 - 01:59,Late night / early morning,False,False,False,False
1345625,Non-casualty (towaway),Non-casualty (towaway),2024,2024,March,Tuesday,10:00 - 11:59,WORCESTER,RD,120,North,ROUSE,RD,ROUSE HILL,,Yes,No,2-way undivided,-33.684413,150.90961,Blacktown,Sydney metro. area,Syd-Newc-Woll Gtr conurbation,Straight,Spd hump/slow pt/chc,,,Off,Sealed,Dry,Fine,Daylight,Nil,No traffic controls,60 km/h,Local,71,Off rd left => obj,703,Left off cway into object,,Vehicle - Object,4 wheel drive / SUV,,1,0,0,0,0,3,March,Autumn,Tuesday,10:00 - 11:59,Midday / afternoon,False,False,False,False
1345634,Non-casualty (towaway),Non-casualty (towaway),2024,2024,February,Sunday,04:00 - 05:59,HUME,HWY,20,East,CROYDON,AVE,CROYDON,2.0,No,Not a school zone,2-way undivided,-33.886517,151.111687,Burwood,Sydney metro. area,Syd-Newc-Woll Gtr conurbation,Straight,,,,On,Sealed,Dry,Fine,Darkness,Nil,No traffic controls,60 km/h,State,73,Off rd rght => obj,704,Right off cway into obj,,Vehicle - Object,Light truck,,1,0,0,0,0,2,February,Summer,Sunday,04:00 - 05:59,Late night / early morning,False,False,False,False
1345642,Non-casualty (towaway),Non-casualty (towaway),2024,2024,March,Sunday,16:00 - 17:59,PACIFIC,HWY,1700,North,CAMERON STREET,OP,MACLEAN,10.0,No,Not a school zone,Divided road,-29.457297,153.21781,Clarence Valley,Country non-urban,Rest of NSW - Rural,Curved,,,,Nil,Sealed,Dry,Fine,Daylight,Nil,No traffic controls,110 km/h,State,81,Off left/rt bnd=>obj,803,Off right bend into obj,Left,Vehicle - Object,Station wagon,,1,0,0,0,0,3,March,Autumn,Sunday,16:00 - 17:59,PM peak / evening commute,True,False,False,False
1345644,Non-casualty (towaway),Non-casualty (towaway),2024,2024,February,Wednesday,16:00 - 17:59,NEIL,ST,0,Right on the spot,PITT,ST,MERRYLANDS,2098.0,No,Not a school zone,X-intersection,-33.833849,150.992175,Cumberland,Sydney metro. area,Syd-Newc-Woll Gtr conurbation,Straight,,,,Off,Sealed,Dry,Fine,Daylight,Off,No traffic controls,60 km/h,Regional,31,Left rear,302,Same - Rear left,,Rear end,Car (sedan/hatch),Car (sedan/hatch),2,0,0,0,0,2,February,Summer,Wednesday,16:00 - 17:59,PM peak / evening commute,True,False,False,False
1345647,Non-casualty (towaway),Non-casualty (towaway),2024,2024,March,Friday,08:00 - 09:59,HALL,CCT,0,Right on the spot,QANTAS,BVD,MIDDLETON GRANGE,,No,Not a school zone,T-junction,-33.920518,150.848568,Liverpool,Sydney metro. area,Syd-Newc-Woll Gtr conurbation,Straight,Painted double centre lines,,,Nil,Sealed,Dry,Fine,Daylight,Nil,Give way sign,50 km/h,Local,13,Right near,104,Adj - Right-thru from right,,Right angle,Car (sedan/hatch),4 wheel drive / SUV,2,0,0,0,0,3,March,Autumn,Friday,08:00 - 09:59,AM peak / school commute,True,False,False,False
1345666,Non-casualty (towaway),Non-casualty (towaway),2024,2024,February,Saturday,16:00 - 17:59,RODEO,DR,350,West,SPOKES,RD,BOWRAVILLE,118.0,No,Not a school zone,2-way undivided,-30.64771,152.871128,Nambucca Valley,Country non-urban,Rest of NSW - Rural,Curved,Embankment/cutting,,,Nil,Sealed,Dry,Fine,Daylight,Nil,No traffic controls,90 km/h,Regional,81,Off left/rt bnd=>obj,803,Off right bend into obj,Left,Vehicle - Object,Light truck utility(from 2018),,1,0,0,0,0,2,February,Summer,Saturday,16:00 - 17:59,PM peak / evening commute,True,False,False,False
1345675,Non-casualty (towaway),Non-casualty (towaway),2024,2024,March,Saturday,22:00 - Midnight,BILAMBIL,RD,500,West,BELTANA,DR,BILAMBIL,,No,Not a school zone,2-way undivided,-28.232591,153.478716,Tweed,Country urban,Rest of NSW - Urban,Curved,Ditch/drain/culvert,,,Nil,Sealed,Dry,Fine,Darkness,Nil,No traffic controls,60 km/h,Local,81,Off left/rt bnd=>obj,803,Off right bend into obj,Left,Vehicle - Object,4 wheel drive / SUV,,1,0,0,0,0,3,March,Autumn,Saturday,22:00 - Midnight,Evening / night,False,False,False,False
1345686,Non-casualty (towaway),Non-casualty (towaway),2024,2024,March,Monday,02:00 - 03:59,NUNDLE,RD,0,Right on the spot,KERRIDENE,RD,PIALLAMORE,105.0,No,Not a school zone,T-junction,-31.164289,151.06115,Tamworth Regional,Country urban,Rest of NSW - Urban,Straight,Ditch/drain/culvert,,,Nil,Sealed,Unknown,Unknown,Darkness,Nil,Give way sign,80 km/h,Regional,73,Off rd rght => obj,704,Right off cway into obj,,Vehicle - Object,4 wheel drive / SUV,,1,0,0,0,0,3,March,Autumn,Monday,02:00 - 03:59,Late night / early morning,False,False,False,False
1345713,Non-casualty (towaway),Non-casualty (towaway),2024,2024,February,Monday,02:00 - 03:59,PINE CREEK,CCT,0,Right on the spot,NUMBER 7,HN,ST CLAIR,,No,Not a school zone,2-way undivided,-33.805736,150.77558,Penrith,Sydney metro. area,Syd-Newc-Woll Gtr conurbation,Curved,,,,On,Sealed,Dry,Fine,Darkness,Nil,No traffic controls,50 km/h,Local,81,Off left/rt bnd=>obj,803,Off right bend into obj,Left,Other angle,Car (sedan/hatch),Box trailer,2,0,0,0,0,2,February,Summer,Monday,02:00 - 03:59,Late night / early morning,False,False,False,False
1345719,Non-casualty (towaway),Non-casualty (towaway),2024,2024,February,Wednesday,22:00 - Midnight,PETERSHAM,RD,0,Right on the spot,NUMBER 80,HN,MARRICKVILLE,,No,Not a school zone,2-way undivided,-33.90831,151.154513,Inner West,Sydney metro. area,Syd-Newc-Woll Gtr conurbation,Straight,Steep grade,,,On,Sealed,Dry,Fine,Darkness,Nil,No traffic controls,50 km/h,Local,71,Off rd left => obj,703,Left off cway into object,,Other angle,Car (sedan/hatch),4 wheel drive / SUV,3,0,0,0,0,2,February,Summer,Wednesday,22:00 - Midnight,Evening / night,False,False,False,False
1345726,Non-casualty (towaway),Non-casualty (towaway),2024,2024,January,Tuesday,14:00 - 15:59,ARGYLE,ST,15,West,HARRINGTON,ST,THE ROCKS,,No,Not a school zone,2-way undivided,-33.859085,151.207861,Sydney,Sydney metro. area,Syd-Newc-Woll Gtr conurbation,Straight,,,,Off,Sealed,Dry,Fine,Daylight,Nil,No traffic controls,40 km/h,Local,30,Rear end,301,Same - Rear end,,Rear end,Unknown motor vehicle,Car (sedan/hatch),3,0,0,0,0,1,January,Summer,Tuesday,14:00 - 15:59,Midday / afternoon,False,False,False,False
1345735,Non-casualty (towaway),Non-casualty (towaway),2024,2024,February,Saturday,16:00 - 17:59,MITCHELL,HWY,200,West,MITCHELL HIGHWAY REST AREA,OT,VITTORIA,7.0,No,Not a school zone,2-way undivided,-33.43336,149.37803,Bathurst Regional,Country urban,Rest of NSW - Urban,Straight,Painted double centre lines,Roadwks/Detour/Diverson,,Nil,Sealed,Dry,Fine,Daylight,Nil,No traffic controls,80 km/h,State,20,Head on,201,Opp - Head on,,Head-on,4 wheel drive / SUV,Car (sedan/hatch),2,0,0,0,0,2,February,Summer,Saturday,16:00 - 17:59,PM peak / evening commute,True,False,False,False
1345738,Non-casualty (towaway),Non-casualty (towaway),2024,2024,February,Tuesday,10:00 - 11:59,BOUNDARY,RD,0,Right on the spot,NUMBER 20,HN,MORTDALE,7006.0,No,Not a school zone,2-way undivided,-33.96978,151.073252,Georges River,Sydney metro. area,Syd-Newc-Woll Gtr conurbation,Straight,Steep grade,,,Off,Sealed,Wet,Raining,Daylight,Nil,No traffic controls,50 km/h,Regional,49,Other manoeuvring,400,Manov - other,,Other angle,Unknown motor vehicle,Car (sedan/hatch),2,0,0,0,0,2,February,Summer,Tuesday,10:00 - 11:59,Midday / afternoon,False,False,False,False
1345757,Non-casualty (towaway),Non-casualty (towaway),2024,2024,February,Thursday,16:00 - 17:59,LIAMENA,AVE,0,Right on the spot,NUMBER 36,HN,SAN REMO,,No,Not a school zone,2-way undivided,-33.218671,151.523463,Central Coast,Country urban,Syd-Newc-Woll Gtr conurbation,Straight,,,,Off,Sealed,Dry,Fine,Daylight,Nil,No traffic controls,50 km/h,Local,71,Off rd left => obj,703,Left off cway into object,,Other angle,4 wheel drive / SUV,Box trailer,3,0,0,0,0,2,February,Summer,Thursday,16:00 - 17:59,PM peak / evening commute,True,False,False,False
1345760,Non-casualty (towaway),Non-casualty (towaway),2024,2024,March,Friday,14:00 - 15:59,HUME,HWY,0,Right on the spot,JOHNSTON,RD,BASS HILL,2.0,No,Not a school zone,T-junction,-33.903589,151.001173,Canterbury-Bankstown,Sydney metro. area,Syd-Newc-Woll Gtr conurbation,Straight,,,,Off,Sealed,Dry,Fine,Daylight,On,No traffic controls,70 km/h,State,37,Left turn sideswipe,309,Same - Left turn side swipe,,Other angle,Unknown motor vehicle,4 wheel drive / SUV,2,0,0,0,0,3,March,Autumn,Friday,14:00 - 15:59,Midday / afternoon,False,False,False,False
1345770,Non-casualty (towaway),Non-casualty (towaway),2024,2024,February,Saturday,22:00 - Midnight,PRINCES,HWY,0,Right on the spot,PORT HACKING,RD,SYLVANIA,1.0,No,Not a school zone,T-junction,-34.008057,151.105716,Sutherland,Sydney metro. area,Syd-Newc-Woll Gtr conurbation,Straight,,,,On,Sealed,Dry,Fine,Darkness,On,No right turn,70 km/h,State,30,Rear end,301,Same - Rear end,,Rear end,Car (sedan/hatch),Car (sedan/hatch),2,0,0,0,0,2,February,Summer,Saturday,22:00 - Midnight,Evening / night,False,False,False,False
1345798,Non-casualty (towaway),Non-casualty (towaway),2024,2024,February,Thursday,04:00 - 05:59,PACIFIC,HWY,3000,South,BROOKLYN,RD,COWAN,10.0,No,Not a school zone,2-way undivided,-33.565863,151.190689,Hornsby,Sydney metro. area,Syd-Newc-Woll Gtr conurbation,Curved,Steep grade,,,Nil,Sealed,Wet,Raining,Darkness,Nil,No traffic controls,80 km/h,State,81,Off left/rt bnd=>obj,803,Off right bend into obj,Left,Vehicle - Object,4 wheel drive / SUV,,1,0,0,0,0,2,February,Summer,Thursday,04:00 - 05:59,Late night / early morning,False,False,False,False
1345805,Non-casualty (towaway),Non-casualty (towaway),2024,2024,March,Tuesday,20:00 - 21:59,NEWCASTLE,EXP,1000,South,WYONG ROAD,OP,KANGY ANGY,6003.0,No,Not a school zone,Dual freeway,-33.313441,151.398577,Central Coast,Country non-urban,Syd-Newc-Woll Gtr conurbation,Straight,,,,Nil,Sealed,Dry,Fine,Darkness,Nil,No traffic controls,110 km/h,State,66,Object on road,607,On path - Hit temp object,,Vehicle - Object,Car (sedan/hatch),,1,0,0,0,0,3,March,Autumn,Tuesday,20:00 - 21:59,Evening / night,False,False,False,False
1345806,Non-casualty (towaway),Non-casualty (towaway),2024,2024,March,Sunday,00:01 - 01:59,STRZLECKI,DR,100,North,HORNINGSEA PARK,DR,HORNINGSEA PARK,,No,Not a school zone,2-way undivided,-33.944302,150.843779,Liverpool,Sydney metro. area,Syd-Newc-Woll Gtr conurbation,Curved,,,,On,Sealed,Dry,Fine,Darkness,Nil,No traffic controls,50 km/h,Local,85,Off rt/lft bnd=>obj,804,Off left bend into obj,Right,Other angle,Car (sedan/hatch),Car (sedan/hatch),2,0,0,0,0,3,March,Autumn,Sunday,00:01 - 01:59,Late night / early morning,False,False,False,False
1345813,Non-casualty (towaway),Non-casualty (towaway),2024,2024,February,Tuesday,06:00 - 07:59,HAMILTON,ST,100,East,BRILLIANT,ST,SOUTH BATHURST,,No,Not a school zone,2-way undivided,-33.430718,149.576611,Bathurst Regional,Country urban,Rest of NSW - Urban,Straight,,,,On,Sealed,Dry,Fine,Daylight,Nil,No traffic controls,50 km/h,Local,49,Other manoeuvring,400,Manov - other,,Other angle,Unknown type,Car (sedan/hatch),2,0,0,0,0,2,February,Summer,Tuesday,06:00 - 07:59,AM peak / school commute,True,False,False,False