crash_id,degree_of_crash,degree_of_crash_-_detailed,reporting_year,year_of_crash,month_of_crash,day_of_week_of_crash,two-hour_intervals,street_of_crash,street_type,distance,direction,identifying_feature,identifying_feature_type,town,route_no.,school_zone_location,school_zone_active,type_of_location,latitude,longitude,lga,urbanisation,conurbation_1,alignment,primary_permanent_feature,primary_temporary_feature,primary_hazardous_feature,street_lighting,road_surface,surface_condition,weather,natural_lighting,signals_operation,other_traffic_control,speed_limit,road_classification_(admin),rum_-_code,rum_-_description,dca_-_code,dca_-_description,dca_supplement,first_impact_type,key_tu_type,other_tu_type,no._of_traffic_units_involved,no._killed,no._seriously_injured,no._moderately_injured,no._minor-other_injured,month_num,month_label,season,day_label,time_label,time_band,is_peak_commute,is_fatal,is_injury,is_casualty
1345816,Non-casualty (towaway),Non-casualty (towaway),2024,2024,February,Tuesday,20:00 - 21:59,RIVIERA,AVE,100,West,PARK,AVE,AVALON BEACH,,No,Not a school zone,2-way undivided,-33.629563,151.325395,Northern Beaches,Sydney metro. area,Syd-Newc-Woll Gtr conurbation,Straight,Steep grade,,,On,Sealed,Wet,Fine,Darkness,Nil,No traffic controls,50 km/h,Local,71,Off rd left => obj,703,Left off cway into object,,Other angle,Light truck utility(from 2018),Unknown motor vehicle,4,0,0,0,0,2,February,Summer,Tuesday,20:00 - 21:59,Evening / night,False,False,False,False
1345845,Non-casualty (towaway),Non-casualty (towaway),2024,2024,February,Tuesday,16:00 - 17:59,PRINCES,HWY,10,North,CARDIFF,ST,ENGADINE,1.0,No,Not a school zone,X-intersection,-34.06002,151.026119,Sutherland,Sydney metro. area,Syd-Newc-Woll Gtr conurbation,Straight,Steep grade,,,Nil,Sealed,Wet,Raining,Daylight,Nil,Give way sign,70 km/h,State,34,Lane change right,306,Same - Lane change right,,Other angle,4 wheel drive / SUV,Light truck utility(from 2018),2,0,0,0,0,2,February,Summer,Tuesday,16:00 - 17:59,PM peak / evening commute,True,False,False,False
1345848,Non-casualty (towaway),Non-casualty (towaway),2024,2024,March,Saturday,18:00 - 19:59,JOHN,ST,30,South,MARY,ST,THE OAKS,7640.0,No,Not a school zone,2-way undivided,-34.077127,150.571046,Wollondilly,Country urban,Syd-Newc-Woll Gtr conurbation,Straight,,,,Nil,Sealed,Wet,Overcast,Darkness,Nil,No traffic controls,50 km/h,Regional,71,Off rd left => obj,703,Left off cway into object,,Other angle,Station wagon,4 wheel drive / SUV,2,0,0,0,0,3,March,Autumn,Saturday,18:00 - 19:59,PM peak / evening commute,True,False,False,False
1345851,Non-casualty (towaway),Non-casualty (towaway),2024,2024,March,Friday,10:00 - 11:59,GORE HILL,EXP,500,East,RESERVE ROAD,OP,ARTARMON,651.0,No,Not a school zone,Dual freeway,-33.813349,151.190265,Willoughby,Sydney metro. area,Syd-Newc-Woll Gtr conurbation,Curved,,,,Nil,Sealed,Dry,Fine,Daylight,Nil,No traffic controls,80 km/h,State,91,Object struck veh,610,On path - Load hit vehicle,,Vehicle - Object,Car (sedan/hatch),Large rigid,3,0,0,0,0,3,March,Autumn,Friday,10:00 - 11:59,Midday / afternoon,False,False,False,False
1345864,Non-casualty (towaway),Non-casualty (towaway),2024,2024,February,Wednesday,06:00 - 07:59,CRAB TREE GULLY,RD,999999,Unknown/not stated,UNKNOWN,UK,UPPER COLO,,No,Not a school zone,2-way undivided,-33.407561,150.757465,Hawkesbury,Country non-urban,Syd-Newc-Woll Gtr conurbation,Curved,,,,Unknown / not stated,Unsealed,Wet,Fine,Daylight,Nil,No traffic controls,100 km/h,Local,89,Other curve,800,Other on curve,,Unknown,Light truck utility(from 2018),,1,0,0,0,0,2,February,Summer,Wednesday,06:00 - 07:59,AM peak / school commute,True,False,False,False
1345870,Non-casualty (towaway),Non-casualty (towaway),2024,2024,February,Sunday,10:00 - 11:59,THUNDERBOLTS,WAY,100,North,TENIS,BDGE,TIBBUC,7719.0,No,Not a school zone,2-way undivided,-31.831112,151.889283,Mid-Coast,Country urban,Rest of NSW - Urban,Curved,Embankment/cutting,,,Unknown / not stated,Sealed,Wet,Raining,Daylight,Nil,No traffic controls,80 km/h,Regional,85,Off rt/lft bnd=>obj,804,Off left bend into obj,Right,Vehicle - Object,4 wheel drive / SUV,,1,0,0,0,0,2,February,Summer,Sunday,10:00 - 11:59,Midday / afternoon,False,False,False,False
1345871,Non-casualty (towaway),Non-casualty (towaway),2024,2024,January,Thursday,12:00 - 13:59,GOAT RIDGE,RD,6000,North,LINK,RD,CABRAMURRA,,No,Not a school zone,2-way undivided,-35.880546,148.372006,Snowy Valleys,Country non-urban,Rest of NSW - Rural,Curved,Steep grade,,,Unknown / not stated,Sealed,Dry,Fine,Daylight,Nil,No traffic controls,100 km/h,Local,85,Off rt/lft bnd=>obj,804,Off left bend into obj,Right,Vehicle - Object,Light truck utility(from 2018),,1,0,0,0,0,1,January,Summer,Thursday,12:00 - 13:59,Midday / afternoon,False,False,False,False
1345873,Non-casualty (towaway),Non-casualty (towaway),2024,2024,February,Sunday,18:00 - 19:59,SWAMP,RD,350,North,JAMBEROO,RD,JAMBEROO,,No,Not a school zone,2-way undivided,-34.649501,150.812996,Kiama,Country urban,Rest of NSW - Urban,Curved,,,,Unknown / not stated,Sealed,Dry,Overcast,Darkness,Nil,No traffic controls,80 km/h,Local,83,Off rt/rt bnd=>obj,803,Off right bend into obj,Right,Vehicle - Object,Station wagon,,1,0,0,0,0,2,February,Summer,Sunday,18:00 - 19:59,PM peak / evening commute,True,False,False,False
1345875,Non-casualty (towaway),Non-casualty (towaway),2024,2024,February,Wednesday,18:00 - 19:59,NEW CANTERBURY,RD,10,East,CANTERBURY,RD,DULWICH HILL,167.0,No,Not a school zone,X-intersection,-33.904748,151.128662,Inner West,Sydney metro. area,Syd-Newc-Woll Gtr conurbation,Straight,,,,Unknown / not stated,Sealed,Dry,Fine,Daylight,On,No traffic controls,60 km/h,State,81,Off left/rt bnd=>obj,707,Right turn,Left,Vehicle - Object,Large rigid,,1,0,0,0,0,2,February,Summer,Wednesday,18:00 - 19:59,PM peak / evening commute,True,False,False,False
1345876,Non-casualty (towaway),Non-casualty (towaway),2024,2024,March,Sunday,12:00 - 13:59,VENESS,CCT,0,Right on the spot,NUMBER 12B,HN,NARELLAN VALE,,No,Not a school zone,2-way undivided,-34.058364,150.742572,Camden,Sydney metro. area,Syd-Newc-Woll Gtr conurbation,Straight,Driveway/entrance,,,Unknown / not stated,Sealed,Dry,Fine,Daylight,Nil,No traffic controls,50 km/h,Local,71,Off rd left => obj,703,Left off cway into object,,Other angle,Car (sedan/hatch),Car (sedan/hatch),2,0,0,0,0,3,March,Autumn,Sunday,12:00 - 13:59,Midday / afternoon,False,False,False,False
1345880,Non-casualty (towaway),Non-casualty (towaway),2024,2024,March,Tuesday,06:00 - 07:59,SOUTH WESTERN,EXP,50,East,MOOREBANK AVENUE,OP,MOOREBANK,6005.0,No,Not a school zone,Dual freeway,-33.939716,150.925562,Liverpool,Sydney metro. area,Syd-Newc-Woll Gtr conurbation,Straight,B'down lane/road shldr,,,Unknown / not stated,Sealed,Dry,Fine,Daylight,Nil,No traffic controls,100 km/h,State,42,Leaving parking,401,Manov - Leaving parking,,Other angle,Car (sedan/hatch),Car (sedan/hatch),3,0,0,0,0,3,March,Autumn,Tuesday,06:00 - 07:59,AM peak / school commute,True,False,False,False
1345881,Non-casualty (towaway),Non-casualty (towaway),2024,2024,March,Wednesday,08:00 - 09:59,ARCADIA,ST,0,Right on the spot,CLARENCE,ST,PENSHURST,,No,Not a school zone,X-intersection,-33.959805,151.085689,Georges River,Sydney metro. area,Syd-Newc-Woll Gtr conurbation,Straight,,,,Unknown / not stated,Sealed,Dry,Fine,Daylight,Nil,Stop sign,50 km/h,Local,21,Right through,202,Opp - Right-thru,,Other angle,4 wheel drive / SUV,Car (sedan/hatch),2,0,0,0,0,3,March,Autumn,Wednesday,08:00 - 09:59,AM peak / school commute,True,False,False,False
1345883,Non-casualty (towaway),Non-casualty (towaway),2024,2024,March,Tuesday,18:00 - 19:59,GREAT WESTERN,HWY,0,Right on the spot,BAYONET,ST,BOWENFELS,5.0,No,Not a school zone,X-intersection,-33.490387,150.133834,Lithgow,Country urban,Rest of NSW - Urban,Straight,,,,Unknown / not stated,Sealed,Dry,Fine,Dusk,On,No traffic controls,70 km/h,State,30,Rear end,301,Same - Rear end,,Rear end,Light truck utility(from 2018),Car (sedan/hatch),2,0,0,0,0,3,March,Autumn,Tuesday,18:00 - 19:59,PM peak / evening commute,True,False,False,False
1345884,Non-casualty (towaway),Non-casualty (towaway),2024,2024,February,Tuesday,16:00 - 17:59,MACQUARIE,ST,0,Right on the spot,BELL,ST,SOUTH WINDSOR,154.0,No,Not a school zone,X-intersection,-33.615774,150.811229,Hawkesbury,Country urban,Syd-Newc-Woll Gtr conurbation,Straight,,,,Unknown / not stated,Sealed,Dry,Fine,Unknown,Nil,Stop sign,60 km/h,State,21,Right through,202,Opp - Right-thru,,Other angle,Car (sedan/hatch),Car (sedan/hatch),2,0,0,0,0,2,February,Summer,Tuesday,16:00 - 17:59,PM peak / evening commute,True,False,False,False
1345885,Non-casualty (towaway),Non-casualty (towaway),2024,2024,February,Saturday,10:00 - 11:59,PRINCES,HWY,0,Right on the spot,YERAN,ST,SYLVANIA,1.0,No,Not a school zone,T-junction,-34.009065,151.1097,Sutherland,Sydney metro. area,Syd-Newc-Woll Gtr conurbation,Curved,,,,Unknown / not stated,Sealed,Dry,Overcast,Daylight,Nil,No traffic controls,70 km/h,State,30,Rear end,301,Same - Rear end,,Rear end,Car (sedan/hatch),Light truck utility(from 2018),4,0,0,0,0,2,February,Summer,Saturday,10:00 - 11:59,Midday / afternoon,False,False,False,False
1345887,Non-casualty (towaway),Non-casualty (towaway),2024,2024,March,Sunday,16:00 - 17:59,BRUNKER,RD,0,Right on the spot,BALA,RD,ADAMSTOWN,604.0,No,Not a school zone,T-junction,-32.930045,151.729668,Newcastle,Newcastle met. area,Syd-Newc-Woll Gtr conurbation,Straight,,,,Unknown / not stated,Sealed,Dry,Fine,Daylight,Nil,No traffic controls,60 km/h,Regional,21,Right through,202,Opp - Right-thru,,Other angle,Light truck utility(from 2018),Car (sedan/hatch),2,0,0,0,0,3,March,Autumn,Sunday,16:00 - 17:59,PM peak / evening commute,True,False,False,False
1345888,Non-casualty (towaway),Non-casualty (towaway),2024,2024,March,Sunday,20:00 - 21:59,CLIVE BISSELL,DR,700,South,MT OUSLEY,RD,CATARACT,,No,Not a school zone,2-way undivided,-34.379713,150.857225,Wollongong,Wollongong met. area,Syd-Newc-Woll Gtr conurbation,Straight,,,,Unknown / not stated,Sealed,Dry,Fine,Darkness,Nil,No traffic controls,60 km/h,Local,67,Struck animal,609,On path - Hit animal,,Vehicle - Animal,4 wheel drive / SUV,,1,0,0,0,0,3,March,Autumn,Sunday,20:00 - 21:59,Evening / night,False,False,False,False
1345891,Non-casualty (towaway),Non-casualty (towaway),2024,2024,March,Friday,08:00 - 09:59,PARKES,ST,0,Right on the spot,NUMBER 96,HN,WEST RYDE,,No,Not a school zone,2-way undivided,-33.807323,151.097213,Ryde,Sydney metro. area,Syd-Newc-Woll Gtr conurbation,Straight,,,,Unknown / not stated,Sealed,Dry,Fine,Daylight,Nil,No traffic controls,50 km/h,Local,42,Leaving parking,401,Manov - Leaving parking,,Other angle,Car (sedan/hatch),Car (sedan/hatch),2,0,0,0,0,3,March,Autumn,Friday,08:00 - 09:59,AM peak / school commute,True,False,False,False
1345892,Non-casualty (towaway),Non-casualty (towaway),2024,2024,March,Wednesday,06:00 - 07:59,RUTLEDGE,ST,0,Right on the spot,DARVALL,RD,EASTWOOD,574.0,No,Not a school zone,X-intersection,-33.794978,151.071879,Ryde,Sydney metro. area,Syd-Newc-Woll Gtr conurbation,Straight,,,,Unknown / not stated,Sealed,Dry,Fine,Daylight,Nil,Stop sign,60 km/h,State,21,Right through,202,Opp - Right-thru,,Other angle,Car (sedan/hatch),Car (sedan/hatch),2,0,0,0,0,3,March,Autumn,Wednesday,06:00 - 07:59,AM peak / school commute,True,False,False,False
1345894,Non-casualty (towaway),Non-casualty (towaway),2024,2024,March,Sunday,00:01 - 01:59,MULWALA BAROOGA,RD,500,West,YARRAWONGA,RD,BOOMANOOMANA,550.0,No,Not a school zone,2-way undivided,-35.940203,145.914283,Berrigan,Country non-urban,Rest of NSW - Rural,Straight,,,,Unknown / not stated,Sealed,Dry,Fine,Darkness,Nil,No traffic controls,100 km/h,Regional,71,Off rd left => obj,703,Left off cway into object,,Vehicle - Object,Car (sedan/hatch),,1,0,0,0,0,3,March,Autumn,Sunday,00:01 - 01:59,Late night / early morning,False,False,False,False
1345898,Non-casualty (towaway),Non-casualty (towaway),2024,2024,February,Monday,06:00 - 07:59,SEVEN HILLS,RD,0,Right on the spot,NUMBER 101,HN,BAULKHAM HILLS,2104.0,No,Not a school zone,2-way undivided,-33.762054,150.976847,The Hills,Sydney metro. area,Syd-Newc-Woll Gtr conurbation,Straight,,,,Unknown / not stated,Sealed,Dry,Fine,Daylight,Nil,No traffic controls,60 km/h,Regional,40,U turn,304,Same - U-turn,,Other angle,4 wheel drive / SUV,Car (sedan/hatch),3,0,0,0,0,2,February,Summer,Monday,06:00 - 07:59,AM peak / school commute,True,False,False,False
1345899,Non-casualty (towaway),Non-casualty (towaway),2024,2024,March,Wednesday,08:00 - 09:59,EMERALD HILLS,BVD,0,Right on the spot,MATILDA,RD,LEPPINGTON,,No,Not a school zone,T-junction,-33.991829,150.794567,Camden,Sydney metro. area,Syd-Newc-Woll Gtr conurbation,Curved,,,,Unknown / not stated,Sealed,Dry,Fine,Daylight,Nil,No U turn,50 km/h,Local,40,U turn,304,Same - U-turn,,Other angle,Light truck utility(from 2018),Car (sedan/hatch),2,0,0,0,0,3,March,Autumn,Wednesday,08:00 - 09:59,AM peak / school commute,True,False,False,False
1345901,Non-casualty (towaway),Non-casualty (towaway),2024,2024,March,Tuesday,06:00 - 07:59,SCENIC,DR,50,East,TOORAK,CT,MEREWETHER HEIGHTS,7777.0,Yes,No,2-way undivided,-32.947553,151.737316,Newcastle,Newcastle met. area,Syd-Newc-Woll Gtr conurbation,Straight,,,,Unknown / not stated,Sealed,Dry,Fine,Daylight,Nil,No traffic controls,60 km/h,Regional,71,Off rd left => obj,703,Left off cway into object,,Vehicle - Object,Light truck utility(from 2018),,1,0,0,0,0,3,March,Autumn,Tuesday,06:00 - 07:59,AM peak / school commute,True,False,False,False
1345904,Non-casualty (towaway),Non-casualty (towaway),2024,2024,March,Friday,14:00 - 15:59,BUNGENDORE,RD,0,Right on the spot,YASS,RD,QUEANBEYAN EAST,52.0,No,Not a school zone,Roundabout,-35.34822,149.245302,Queanbeyan-Palerang Regional,Country urban,Rest of NSW - Urban,Curved,,,,Unknown / not stated,Sealed,Dry,Fine,Daylight,Nil,Give way sign,60 km/h,State,11,Right far,102,Adj - Right-thru from left,,Right angle,Car (sedan/hatch),Light truck utility(from 2018),2,0,0,0,0,3,March,Autumn,Friday,14:00 - 15:59,Midday / afternoon,False,False,False,False
1345905,Non-casualty (towaway),Non-casualty (towaway),2024,2024,March,Sunday,12:00 - 13:59,PHILLIP,ST,0,Right on the spot,NUMBER 2,HN,SYDNEY,,No,Not a school zone,2-way undivided,-33.861805,151.212119,Sydney,Sydney metro. area,Syd-Newc-Woll Gtr conurbation,Straight,,,,Unknown / not stated,Sealed,Dry,Fine,Daylight,Nil,No traffic controls,40 km/h,Local,42,Leaving parking,401,Manov - Leaving parking,,Other angle,4 wheel drive / SUV,Car (sedan/hatch),2,0,0,0,0,3,March,Autumn,Sunday,12:00 - 13:59,Midday / afternoon,False,False,False,False
1345906,Non-casualty (towaway),Non-casualty (towaway),2024,2024,March,Thursday,16:00 - 17:59,EDGAR,ST,40,South,ELDRIDGE,RD,CONDELL PARK,7120.0,No,Not a school zone,2-way undivided,-33.931401,151.012198,Canterbury-Bankstown,Sydney metro. area,Syd-Newc-Woll Gtr conurbation,Straight,Driveway/entrance,,,Unknown / not stated,Sealed,Dry,Fine,Daylight,Nil,No traffic controls,60 km/h,Regional,37,Left turn sideswipe,309,Same - Left turn side swipe,,Other angle,Light truck utility(from 2018),Car (sedan/hatch),2,0,0,0,0,3,March,Autumn,Thursday,16:00 - 17:59,PM peak / evening commute,True,False,False,False
1345907,Non-casualty (towaway),Non-casualty (towaway),2024,2024,February,Tuesday,16:00 - 17:59,SILVERWATER,RD,0,Right on the spot,WESTERN,EXP,AUBURN,190.0,No,Not a school zone,T-junction,-33.84322,151.043506,Cumberland,Sydney metro. area,Syd-Newc-Woll Gtr conurbation,Straight,,,,Unknown / not stated,Sealed,Dry,Fine,Daylight,On,No traffic controls,70 km/h,State,39,Other same direction,300,Same - other,,Other angle,Car (sedan/hatch),Car (sedan/hatch),3,0,0,0,0,2,February,Summer,Tuesday,16:00 - 17:59,PM peak / evening commute,True,False,False,False
1345908,Non-casualty (towaway),Non-casualty (towaway),2024,2024,March,Saturday,10:00 - 11:59,NEW ENGLAND,HWY,0,Right on the spot,NUMBER 172,HN,EAST MAITLAND,9.0,No,Not a school zone,Divided road,-32.748482,151.583158,Maitland,Country urban,Rest of NSW - Urban,Straight,,,,Unknown / not stated,Sealed,Dry,Fine,Daylight,Nil,No traffic controls,60 km/h,State,30,Rear end,301,Same - Rear end,,Rear end,Car (sedan/hatch),Light truck utility(from 2018),2,0,0,0,0,3,March,Autumn,Saturday,10:00 - 11:59,Midday / afternoon,False,False,False,False
1345910,Non-casualty (towaway),Non-casualty (towaway),2024,2024,March,Saturday,14:00 - 15:59,RABY,RD,0,Right on the spot,HUME,HWY,RABY,7194.0,No,Not a school zone,Roundabout,-34.029561,150.822708,Campbelltown,Sydney metro. area,Syd-Newc-Woll Gtr conurbation,Straight,,,,Unknown / not stated,Sealed,Dry,Fine,Daylight,Nil,Give way sign,60 km/h,Regional,11,Right far,102,Adj - Right-thru from left,,Right angle,Car (sedan/hatch),Car (sedan/hatch),2,0,0,0,0,3,March,Autumn,Saturday,14:00 - 15:59,Midday / afternoon,False,False,False,False
1345919,Non-casualty (towaway),Non-casualty (towaway),2024,2024,February,Tuesday,16:00 - 17:59,CONVENT,LANE,1850,North,THE ESCORT,WAY,BORENORE,,No,Not a school zone,2-way undivided,-33.23407,148.986979,Cabonne,Country non-urban,Rest of NSW - Rural,Curved,B'down lane/road shldr,,,Nil,Unsealed,Dry,Fine,Daylight,Nil,No traffic controls,100 km/h,Local,87,Off lft/lft bnd=>obj,804,Off left bend into obj,Left,Vehicle - Object,4 wheel drive / SUV,,1,0,0,0,0,2,February,Summer,Tuesday,16:00 - 17:59,PM peak / evening commute,True,False,False,False
1345920,Non-casualty (towaway),Non-casualty (towaway),2024,2024,March,Wednesday,12:00 - 13:59,FEDERAL,HWY,65,South,SCHOFIELD,RD,BYWONG,3.0,No,Not a school zone,Divided road,-35.158022,149.324173,Queanbeyan-Palerang Regional,Country non-urban,Rest of NSW - Rural,Curved,,,,Unknown / not stated,Sealed,Dry,Fine,Daylight,Nil,No traffic controls,110 km/h,State,30,Rear end,301,Same - Rear end,,Rear end,Light truck utility(from 2018),Semi-trailer,2,0,0,0,0,3,March,Autumn,Wednesday,12:00 - 13:59,Midday / afternoon,False,False,False,False
1345922,Non-casualty (towaway),Non-casualty (towaway),2024,2024,March,Thursday,16:00 - 17:59,FIVE ISLANDS,RD,200,East,PRINCES,HWY,UNANDERRA,295.0,No,Not a school zone,Divided road,-34.450905,150.850987,Wollongong,Wollongong met. area,Syd-Newc-Woll Gtr conurbation,Straight,Other bridge,,,Unknown / not stated,Sealed,Dry,Overcast,Daylight,Nil,No traffic controls,60 km/h,State,30,Rear end,301,Same - Rear end,,Rear end,4 wheel drive / SUV,Light truck utility(from 2018),5,0,0,0,0,3,March,Autumn,Thursday,16:00 - 17:59,PM peak / evening commute,True,False,False,False
1345925,Non-casualty (towaway),Non-casualty (towaway),2024,2024,March,Thursday,06:00 - 07:59,HAMILTON,AVE,100,East,EARLWOOD,AVE,EARLWOOD,,No,Not a school zone,2-way undivided,-33.92423,151.12669,Canterbury-Bankstown,Sydney metro. area,Syd-Newc-Woll Gtr conurbation,Straight,,,,Unknown / not stated,Sealed,Dry,Fine,Daylight,Nil,No traffic controls,50 km/h,Local,40,U turn,304,Same - U-turn,,Other angle,Car (sedan/hatch),4 wheel drive / SUV,2,0,0,0,0,3,March,Autumn,Thursday,06:00 - 07:59,AM peak / school commute,True,False,False,False
1345928,Non-casualty (towaway),Non-casualty (towaway),2024,2024,March,Saturday,16:00 - 17:59,WEROMBI,RD,1256,South,WATTLE CREEK,RD,THERESA PARK,,No,Not a school zone,2-way undivided,-34.012207,150.64647,Wollondilly,Country urban,Syd-Newc-Woll Gtr conurbation,Curved,,,,Unknown / not stated,Sealed,Dry,Fine,Daylight,Nil,No traffic controls,80 km/h,Local,82,Off right/right bend,801,Off cway right bend,Right,Rollover,Light truck,,1,0,0,0,0,3,March,Autumn,Saturday,16:00 - 17:59,PM peak / evening commute,True,False,False,False
1345940,Non-casualty (towaway),Non-casualty (towaway),2024,2024,March,Saturday,22:00 - Midnight,EASTERN DISTRIBUTOR,EXP,110,North,TODMAN AVENUE TUNNEL,ENT,KENSINGTON,6007.0,No,Not a school zone,Dual freeway,-33.904113,151.214254,Randwick,Sydney metro. area,Syd-Newc-Woll Gtr conurbation,Straight,Underpass/tunnel,,,Unknown / not stated,Sealed,Dry,Fine,Darkness,Nil,No traffic controls,80 km/h,State,30,Rear end,301,Same - Rear end,,Rear end,Car (sedan/hatch),Car (sedan/hatch),3,0,0,0,0,3,March,Autumn,Saturday,22:00 - Midnight,Evening / night,False,False,False,False
1345943,Non-casualty (towaway),Non-casualty (towaway),2024,2024,March,Wednesday,06:00 - 07:59,CROWN,ST,0,Right on the spot,NUMBER 20,HN,BELMONT,,No,Not a school zone,2-way undivided,-33.02838,151.64598,Lake Macquarie,Newcastle met. area,Syd-Newc-Woll Gtr conurbation,Straight,,,,Unknown / not stated,Sealed,Dry,Fine,Daylight,Nil,No traffic controls,50 km/h,Local,71,Off rd left => obj,703,Left off cway into object,,Other angle,Station wagon,Car (sedan/hatch),2,0,0,0,0,3,March,Autumn,Wednesday,06:00 - 07:59,AM peak / school commute,True,False,False,False
1345947,Non-casualty (towaway),Non-casualty (towaway),2024,2024,March,Friday,12:00 - 13:59,PACIFIC,HWY,500,North,BURRAWAN FOREST,DR,LAKE INNES,10.0,No,Not a school zone,Divided road,-31.508052,152.799198,Port Macquarie-Hastings,Country non-urban,Rest of NSW - Rural,Straight,,,,Unknown / not stated,Sealed,Dry,Fine,Daylight,Nil,No traffic controls,110 km/h,State,71,Off rd left => obj,703,Left off cway into object,,Vehicle - Object,4 wheel drive / SUV,,1,0,0,0,0,3,March,Autumn,Friday,12:00 - 13:59,Midday / afternoon,False,False,False,False
1345948,Non-casualty (towaway),Non-casualty (towaway),2024,2024,March,Saturday,06:00 - 07:59,READING,AVE,0,Right on the spot,NUMBER 10,HN,KINGS LANGLEY,,No,Not a school zone,2-way undivided,-33.757698,150.950345,Blacktown,Sydney metro. area,Syd-Newc-Woll Gtr conurbation,Curved,,,,Unknown / not stated,Sealed,Dry,Fine,Daylight,Nil,No traffic controls,50 km/h,Local,81,Off left/rt bnd=>obj,803,Off right bend into obj,Left,Other angle,Car (sedan/hatch),Car (sedan/hatch),2,0,0,0,0,3,March,Autumn,Saturday,06:00 - 07:59,AM peak / school commute,True,False,False,False
1345950,Non-casualty (towaway),Non-casualty (towaway),2024,2024,March,Thursday,06:00 - 07:59,KENNEDYS,LANE,500,West,PACIFIC,HWY,EWINGSDALE,,No,Not a school zone,2-way undivided,-28.617577,153.541148,Byron,Country non-urban,Rest of NSW - Rural,Curved,Narrow roadway,,,Unknown / not stated,Sealed,Dry,Fine,Daylight,Nil,No traffic controls,100 km/h,Local,30,Rear end,301,Same - Rear end,,Rear end,4 wheel drive / SUV,Light truck utility(from 2018),2,0,0,0,0,3,March,Autumn,Thursday,06:00 - 07:59,AM peak / school commute,True,False,False,False
1345952,Non-casualty (towaway),Non-casualty (towaway),2024,2024,March,Thursday,12:00 - 13:59,GREAT WESTERN,HWY,0,Right on the spot,KEMP,ST,GRANVILLE,5.0,No,Not a school zone,T-junction,-33.831328,151.013632,Parramatta,Sydney metro. area,Syd-Newc-Woll Gtr conurbation,Straight,,,,Unknown / not stated,Sealed,Dry,Fine,Daylight,Nil,No traffic controls,60 km/h,State,30,Rear end,301,Same - Rear end,,Rear end,Light truck utility(from 2018),Car (sedan/hatch),2,0,0,0,0,3,March,Autumn,Thursday,12:00 - 13:59,Midday / afternoon,False,False,False,False
1345958,Non-casualty (towaway),Non-casualty (towaway),2024,2024,March,Saturday,10:00 - 11:59,MONA VALE,RD,0,Right on the spot,ROSEDALE,RD,ST IVES,162.0,No,Not a school zone,X-intersection,-33.730158,151.160906,Ku-ring-gai,Sydney metro. area,Syd-Newc-Woll Gtr conurbation,Straight,,,,Unknown / not stated,Sealed,Dry,Fine,Daylight,On,No traffic controls,60 km/h,State,21,Right through,202,Opp - Right-thru,,Other angle,Car (sedan/hatch),Car (sedan/hatch),2,0,0,0,0,3,March,Autumn,Saturday,10:00 - 11:59,Midday / afternoon,False,False,False,False
1345959,Non-casualty (towaway),Non-casualty (towaway),2024,2024,March,Tuesday,16:00 - 17:59,HEATHCOTE,RD,0,Right on the spot,SOUTH WESTERN EXPRESSWAY,TO,HAMMONDVILLE,512.0,No,Not a school zone,Divided road,-33.944232,150.945607,Liverpool,Sydney metro. area,Syd-Newc-Woll Gtr conurbation,Curved,,,,Unknown / not stated,Sealed,Dry,Fine,Daylight,Nil,No traffic controls,60 km/h,State,30,Rear end,301,Same - Rear end,,Rear end,Car (sedan/hatch),Car (sedan/hatch),2,0,0,0,0,3,March,Autumn,Tuesday,16:00 - 17:59,PM peak / evening commute,True,False,False,False
1345961,Non-casualty (towaway),Non-casualty (towaway),2024,2024,March,Thursday,14:00 - 15:59,SYDNEY HARBOUR TUNNEL,MS,200,North,TUNNEL,ENT,SYDNEY,6092.0,No,Not a school zone,Dual freeway,-33.860037,151.213909,Sydney,Sydney metro. area,Syd-Newc-Woll Gtr conurbation,Straight,Underpass/tunnel,,,Unknown / not stated,Sealed,Dry,Fine,Daylight,Nil,No traffic controls,80 km/h,State,39,Other same direction,300,Same - other,,Other angle,Car (sedan/hatch),Car (sedan/hatch),2,0,0,0,0,3,March,Autumn,Thursday,14:00 - 15:59,Midday / afternoon,False,False,False,False
1345963,Non-casualty (towaway),Non-casualty (towaway),2024,2024,February,Wednesday,12:00 - 13:59,KAMILAROI,HWY,0,Right on the spot,GAP,RD,WERRIS CREEK,29.0,No,Not a school zone,T-junction,-31.37041,150.527223,Liverpool Plains,Country non-urban,Rest of NSW - Rural,Straight,,,,Unknown / not stated,Sealed,Dry,Fine,Daylight,Nil,Give way sign,110 km/h,State,84,Off right/left bend,706,Left turn,Right,Rollover,Large rigid,,1,0,0,0,0,2,February,Summer,Wednesday,12:00 - 13:59,Midday / afternoon,False,False,False,False