crash_id,degree_of_crash,degree_of_crash_-_detailed,reporting_year,year_of_crash,month_of_crash,day_of_week_of_crash,two-hour_intervals,street_of_crash,street_type,distance,direction,identifying_feature,identifying_feature_type,town,route_no.,school_zone_location,school_zone_active,type_of_location,latitude,longitude,lga,urbanisation,conurbation_1,alignment,primary_permanent_feature,primary_temporary_feature,primary_hazardous_feature,street_lighting,road_surface,surface_condition,weather,natural_lighting,signals_operation,other_traffic_control,speed_limit,road_classification_(admin),rum_-_code,rum_-_description,dca_-_code,dca_-_description,dca_supplement,first_impact_type,key_tu_type,other_tu_type,no._of_traffic_units_involved,no._killed,no._seriously_injured,no._moderately_injured,no._minor-other_injured,month_num,month_label,season,day_label,time_label,time_band,is_peak_commute,is_fatal,is_injury,is_casualty
1345964,Non-casualty (towaway),Non-casualty (towaway),2024,2024,March,Wednesday,08:00 - 09:59,M8 TUNNEL,EXP,570,West,CAMPBELL,RD,ST PETERS,6008.0,No,Not a school zone,Dual freeway,-33.91586,151.178258,Inner West,Sydney metro. area,Syd-Newc-Woll Gtr conurbation,Straight,,,,Unknown / not stated,Sealed,Dry,Fine,Daylight,Nil,No traffic controls,60 km/h,State,30,Rear end,301,Same - Rear end,,Rear end,Car (sedan/hatch),Station wagon,2,0,0,0,0,3,March,Autumn,Wednesday,08:00 - 09:59,AM peak / school commute,True,False,False,False
1345965,Non-casualty (towaway),Non-casualty (towaway),2024,2024,March,Tuesday,16:00 - 17:59,KINGSWOOD,RD,0,Right on the spot,NUMER 161,HN,ENGADINE,,No,Not a school zone,2-way undivided,-34.052382,151.01838,Sutherland,Sydney metro. area,Syd-Newc-Woll Gtr conurbation,Straight,Driveway/entrance,,,Unknown / not stated,Sealed,Dry,Fine,Darkness,Nil,No traffic controls,50 km/h,Local,93,Pkd veh runaway=>obj,906,Parked vehicle ran away,,Other angle,Light truck utility(from 2018),Car (sedan/hatch),2,0,0,0,0,3,March,Autumn,Tuesday,16:00 - 17:59,PM peak / evening commute,True,False,False,False
1345967,Non-casualty (towaway),Non-casualty (towaway),2024,2024,March,Wednesday,16:00 - 17:59,THE ESCORT,WAY,0,Right on the spot,UNDERWOOD,RD,BORENORE,61.0,No,Not a school zone,X-intersection,-33.256251,148.995297,Cabonne,Country non-urban,Rest of NSW - Rural,Straight,,,,Unknown / not stated,Sealed,Dry,Fine,Daylight,Nil,Give way sign,100 km/h,State,74,On road-out of cont.,705,Out of control on cway,,Rollover,Light truck utility(from 2018),,1,0,0,0,0,3,March,Autumn,Wednesday,16:00 - 17:59,PM peak / evening commute,True,False,False,False
1345969,Non-casualty (towaway),Non-casualty (towaway),2024,2024,March,Sunday,14:00 - 15:59,BRISBANE WATER,DR,10,West,TANIA,DR,POINT CLARE,349.0,No,Not a school zone,T-junction,-33.438261,151.324599,Central Coast,Country urban,Syd-Newc-Woll Gtr conurbation,Curved,,,,Unknown / not stated,Sealed,Dry,Fine,Daylight,Nil,Give way sign,60 km/h,State,30,Rear end,301,Same - Rear end,,Rear end,Car (sedan/hatch),Car (sedan/hatch),3,0,0,0,0,3,March,Autumn,Sunday,14:00 - 15:59,Midday / afternoon,False,False,False,False
1345970,Non-casualty (towaway),Non-casualty (towaway),2024,2024,March,Saturday,08:00 - 09:59,APPLETREE,RD,0,Right on the spot,NORTHVILLE,DR,BARNSLEY,,No,Not a school zone,Roundabout,-32.932184,151.586162,Lake Macquarie,Newcastle met. area,Syd-Newc-Woll Gtr conurbation,Curved,,,,Unknown / not stated,Sealed,Dry,Fine,Daylight,Nil,Give way sign,60 km/h,Local,10,Cross traffic,101,Adj - Cross traffic,,Right angle,Light truck utility(from 2018),4 wheel drive / SUV,3,0,0,0,0,3,March,Autumn,Saturday,08:00 - 09:59,AM peak / school commute,True,False,False,False
1345973,Non-casualty (towaway),Non-casualty (towaway),2024,2024,February,Sunday,10:00 - 11:59,BARBARA,ST,10,South,NELSON,ST,FAIRFIELD,,No,Not a school zone,X-intersection,-33.869349,150.953357,Fairfield,Sydney metro. area,Syd-Newc-Woll Gtr conurbation,Straight,,,,Unknown / not stated,Sealed,Dry,Fine,Daylight,Unknown / not stated,No traffic controls,40 km/h,Local,20,Head on,201,Opp - Head on,,Head-on,4 wheel drive / SUV,4 wheel drive / SUV,2,0,0,0,0,2,February,Summer,Sunday,10:00 - 11:59,Midday / afternoon,False,False,False,False
1345974,Non-casualty (towaway),Non-casualty (towaway),2024,2024,March,Thursday,22:00 - Midnight,PACIFIC,HWY,0,Right on the spot,OXLEY,ST,CROWS NEST,10.0,No,Not a school zone,X-intersection,-33.82506,151.198316,North Sydney,Sydney metro. area,Syd-Newc-Woll Gtr conurbation,Straight,,,,Unknown / not stated,Sealed,Dry,Fine,Darkness,On,No traffic controls,60 km/h,State,10,Cross traffic,101,Adj - Cross traffic,,Right angle,Car (sedan/hatch),4 wheel drive / SUV,2,0,0,0,0,3,March,Autumn,Thursday,22:00 - Midnight,Evening / night,False,False,False,False
1345980,Non-casualty (towaway),Non-casualty (towaway),2024,2024,March,Saturday,12:00 - 13:59,VICTORIA,RD,0,Right on the spot,NUMBER 389,HN,RYDALMERE,165.0,Yes,No,Divided road,-33.812738,151.04436,Parramatta,Sydney metro. area,Syd-Newc-Woll Gtr conurbation,Straight,,,,Unknown / not stated,Sealed,Dry,Fine,Daylight,Nil,No traffic controls,70 km/h,State,30,Rear end,301,Same - Rear end,,Rear end,Car (sedan/hatch),Passenger van,2,0,0,0,0,3,March,Autumn,Saturday,12:00 - 13:59,Midday / afternoon,False,False,False,False
1345983,Non-casualty (towaway),Non-casualty (towaway),2024,2024,March,Thursday,22:00 - Midnight,MOWBRAY,RD,120,East,ROSLYN,ST,LANE COVE NORTH,2092.0,No,Not a school zone,2-way undivided,-33.807712,151.172201,Lane Cove,Sydney metro. area,Syd-Newc-Woll Gtr conurbation,Curved,,,,Unknown / not stated,Sealed,Wet,Raining,Darkness,Nil,No traffic controls,50 km/h,Regional,81,Off left/rt bnd=>obj,803,Off right bend into obj,Left,Vehicle - Object,Car (sedan/hatch),,1,0,0,0,0,3,March,Autumn,Thursday,22:00 - Midnight,Evening / night,False,False,False,False
1345984,Non-casualty (towaway),Non-casualty (towaway),2024,2024,March,Monday,12:00 - 13:59,MOWBRAY,RD,0,Right on the spot,NUMBER 518,HN,LANE COVE NORTH,7055.0,No,Not a school zone,2-way undivided,-33.806005,151.164983,Lane Cove,Sydney metro. area,Syd-Newc-Woll Gtr conurbation,Straight,,,,Unknown / not stated,Sealed,Dry,Fine,Daylight,Nil,No traffic controls,50 km/h,Regional,33,Lane sideswipe,305,Same - Lane side swipe,,Other angle,Car (sedan/hatch),4 wheel drive / SUV,3,0,0,0,0,3,March,Autumn,Monday,12:00 - 13:59,Midday / afternoon,False,False,False,False
1345985,Non-casualty (towaway),Non-casualty (towaway),2024,2024,March,Wednesday,06:00 - 07:59,GILMORE,RD,0,Right on the spot,NUMBER 200,HN,QUEANBEYAN WEST,,No,Not a school zone,2-way undivided,-35.347545,149.206015,Queanbeyan-Palerang Regional,Country urban,Rest of NSW - Urban,Straight,Driveway/entrance,,,Unknown / not stated,Sealed,Dry,Fine,Daylight,Nil,No traffic controls,50 km/h,Local,47,Emerging from drive,406,Manov - Emerging from driveway,,Right angle,Light truck,Light truck,2,0,0,0,0,3,March,Autumn,Wednesday,06:00 - 07:59,AM peak / school commute,True,False,False,False
1345987,Non-casualty (towaway),Non-casualty (towaway),2024,2024,March,Friday,16:00 - 17:59,SOUTH WESTERN,EXP,100,East,GIBSON AVENUE,OP,PADSTOW,6005.0,No,Not a school zone,Dual freeway,-33.940065,151.02875,Canterbury-Bankstown,Sydney metro. area,Syd-Newc-Woll Gtr conurbation,Straight,,,,Unknown / not stated,Sealed,Dry,Fine,Dusk,Nil,No traffic controls,100 km/h,State,30,Rear end,301,Same - Rear end,,Rear end,Car (sedan/hatch),4 wheel drive / SUV,6,0,0,0,0,3,March,Autumn,Friday,16:00 - 17:59,PM peak / evening commute,True,False,False,False
1345988,Non-casualty (towaway),Non-casualty (towaway),2024,2024,March,Monday,14:00 - 15:59,HILL,RD,0,Right on the spot,CARTER,ST,LIDCOMBE,7466.0,No,Not a school zone,T-junction,-33.848724,151.05468,Parramatta,Sydney metro. area,Syd-Newc-Woll Gtr conurbation,Straight,,,,Unknown / not stated,Sealed,Dry,Fine,Daylight,Nil,No traffic controls,60 km/h,Regional,39,Other same direction,300,Same - other,,Other angle,Car (sedan/hatch),Car (sedan/hatch),2,0,0,0,0,3,March,Autumn,Monday,14:00 - 15:59,Midday / afternoon,False,False,False,False
1345990,Non-casualty (towaway),Non-casualty (towaway),2024,2024,March,Thursday,12:00 - 13:59,RYDE,RD,40,North,GLADESVILLE,RD,HUNTERS HILL,2033.0,No,Not a school zone,2-way undivided,-33.833259,151.143307,Hunters Hill,Sydney metro. area,Syd-Newc-Woll Gtr conurbation,Straight,,,,Unknown / not stated,Sealed,Dry,Fine,Daylight,Nil,No traffic controls,50 km/h,Regional,30,Rear end,301,Same - Rear end,,Rear end,Station wagon,Car (sedan/hatch),2,0,0,0,0,3,March,Autumn,Thursday,12:00 - 13:59,Midday / afternoon,False,False,False,False
1345992,Non-casualty (towaway),Non-casualty (towaway),2024,2024,March,Tuesday,22:00 - Midnight,SILVER CITY,HWY,4000,South,OLD BROKEN HILL,RD,ANABRANCH SOUTH,22.0,No,Not a school zone,2-way undivided,-33.611037,141.784019,Wentworth,Country non-urban,Rest of NSW - Rural,Straight,,,,Unknown / not stated,Sealed,Dry,Fine,Darkness,Nil,No traffic controls,110 km/h,State,67,Struck animal,609,On path - Hit animal,,Vehicle - Animal,4 wheel drive / SUV,,1,0,0,0,0,3,March,Autumn,Tuesday,22:00 - Midnight,Evening / night,False,False,False,False
1345996,Non-casualty (towaway),Non-casualty (towaway),2024,2024,March,Tuesday,08:00 - 09:59,BRUXNER,HWY,0,Right on the spot,NUMBER 1269,HN,LINDENDALE,16.0,No,Not a school zone,2-way undivided,-28.811046,153.373041,Lismore,Country urban,Rest of NSW - Urban,Straight,Steep grade,,,Unknown / not stated,Sealed,Wet,Raining,Daylight,Nil,No traffic controls,80 km/h,State,30,Rear end,301,Same - Rear end,,Rear end,Light truck utility(from 2018),Car (sedan/hatch),3,0,0,0,0,3,March,Autumn,Tuesday,08:00 - 09:59,AM peak / school commute,True,False,False,False
1345998,Non-casualty (towaway),Non-casualty (towaway),2024,2024,March,Sunday,16:00 - 17:59,CAMPBELL,ST,25,East,PRINCES,HWY,WOLLONGONG,,No,Not a school zone,2-way undivided,-34.419502,150.892927,Wollongong,Wollongong met. area,Syd-Newc-Woll Gtr conurbation,Straight,Driveway/entrance,,,Unknown / not stated,Sealed,Dry,Fine,Daylight,Nil,No traffic controls,50 km/h,Local,47,Emerging from drive,406,Manov - Emerging from driveway,,Right angle,Passenger van,Car (sedan/hatch),2,0,0,0,0,3,March,Autumn,Sunday,16:00 - 17:59,PM peak / evening commute,True,False,False,False
1346001,Non-casualty (towaway),Non-casualty (towaway),2024,2024,March,Thursday,22:00 - Midnight,OYSTER BAY,RD,0,Right on the spot,NUMBER 156,HN,OYSTER BAY,,Yes,No,2-way undivided,-34.006947,151.07878,Sutherland,Sydney metro. area,Syd-Newc-Woll Gtr conurbation,Straight,,,,Unknown / not stated,Sealed,Dry,Fine,Darkness,Nil,No traffic controls,50 km/h,Local,71,Off rd left => obj,703,Left off cway into object,,Other angle,4 wheel drive / SUV,Light truck utility(from 2018),2,0,0,0,0,3,March,Autumn,Thursday,22:00 - Midnight,Evening / night,False,False,False,False
1346002,Non-casualty (towaway),Non-casualty (towaway),2024,2024,March,Saturday,14:00 - 15:59,CARLINGFORD,RD,10,West,RAWSON,ST,EPPING,373.0,No,Not a school zone,X-intersection,-33.771182,151.080163,Parramatta,Sydney metro. area,Syd-Newc-Woll Gtr conurbation,Straight,,,,Unknown / not stated,Sealed,Dry,Fine,Daylight,On,No traffic controls,60 km/h,State,71,Off rd left => obj,703,Left off cway into object,,Vehicle - Object,Car (sedan/hatch),,1,0,0,0,0,3,March,Autumn,Saturday,14:00 - 15:59,Midday / afternoon,False,False,False,False
1346005,Non-casualty (towaway),Non-casualty (towaway),2024,2024,March,Sunday,12:00 - 13:59,MACPHERSON,ST,0,Right on the spot,NUMBER 161,HN,BRONTE,7332.0,No,Not a school zone,2-way undivided,-33.906635,151.266381,Waverley,Sydney metro. area,Syd-Newc-Woll Gtr conurbation,Straight,Steep grade,,,Unknown / not stated,Sealed,Dry,Fine,Daylight,Nil,No traffic controls,50 km/h,Regional,33,Lane sideswipe,305,Same - Lane side swipe,,Other angle,Motor scooter,Car (sedan/hatch),2,0,0,0,0,3,March,Autumn,Sunday,12:00 - 13:59,Midday / afternoon,False,False,False,False
1346006,Non-casualty (towaway),Non-casualty (towaway),2024,2024,March,Wednesday,16:00 - 17:59,CLARENCE TOWN,RD,3000,South,HANLEYS CREEK,RD,WIRRAGULLA,101.0,No,Not a school zone,2-way undivided,-32.451411,151.741049,Dungog,Country non-urban,Rest of NSW - Rural,Straight,,,,Unknown / not stated,Sealed,Dry,Fine,Daylight,Nil,No traffic controls,100 km/h,Regional,71,Off rd left => obj,703,Left off cway into object,,Vehicle - Object,Car (sedan/hatch),,1,0,0,0,0,3,March,Autumn,Wednesday,16:00 - 17:59,PM peak / evening commute,True,False,False,False
1346010,Non-casualty (towaway),Non-casualty (towaway),2024,2024,March,Wednesday,04:00 - 05:59,MERRIVILLE,RD,60,West,WINDSOR,RD,KELLYVILLE RIDGE,,No,Not a school zone,Divided road,-33.70033,150.928019,Blacktown,Sydney metro. area,Syd-Newc-Woll Gtr conurbation,Straight,Driveway/entrance,,,Unknown / not stated,Sealed,Dry,Fine,Darkness,Nil,No traffic controls,50 km/h,Local,47,Emerging from drive,406,Manov - Emerging from driveway,,Right angle,4 wheel drive / SUV,Car (sedan/hatch),2,0,0,0,0,3,March,Autumn,Wednesday,04:00 - 05:59,Late night / early morning,False,False,False,False
1346013,Non-casualty (towaway),Non-casualty (towaway),2024,2024,March,Friday,16:00 - 17:59,ALLAMBIE,RD,0,Right on the spot,KENTWELL,RD,ALLAMBIE HEIGHTS,7345.0,No,Not a school zone,Roundabout,-33.77565,151.261885,Northern Beaches,Sydney metro. area,Syd-Newc-Woll Gtr conurbation,Curved,,,,Unknown / not stated,Sealed,Dry,Fine,Daylight,Nil,Give way sign,60 km/h,Regional,23,Right/left,203,Opp - Right-left,,Other angle,4 wheel drive / SUV,Station wagon,2,0,0,0,0,3,March,Autumn,Friday,16:00 - 17:59,PM peak / evening commute,True,False,False,False
1346015,Non-casualty (towaway),Non-casualty (towaway),2024,2024,February,Thursday,10:00 - 11:59,KOOKORA,ST,0,Right on the spot,WALLA,AVE,GRIFFITH,,No,Not a school zone,X-intersection,-34.28833,146.032858,Griffith,Country urban,Rest of NSW - Urban,Straight,,,,Unknown / not stated,Sealed,Dry,Fine,Daylight,Nil,Give way sign,50 km/h,Local,10,Cross traffic,101,Adj - Cross traffic,,Right angle,Car (sedan/hatch),Light truck utility(from 2018),2,0,0,0,0,2,February,Summer,Thursday,10:00 - 11:59,Midday / afternoon,False,False,False,False
1346021,Non-casualty (towaway),Non-casualty (towaway),2024,2024,March,Thursday,16:00 - 17:59,WALTER,ST,0,Right on the spot,NUMBER 62,HN,SANS SOUCI,,No,Not a school zone,Divided road,-33.991276,151.140694,Bayside,Sydney metro. area,Syd-Newc-Woll Gtr conurbation,Straight,,,,Unknown / not stated,Sealed,Dry,Fine,Daylight,Nil,No traffic controls,50 km/h,Local,45,Reversing,404,Manov - Reverse in traffic,,Other angle,Light truck,4 wheel drive / SUV,2,0,0,0,0,3,March,Autumn,Thursday,16:00 - 17:59,PM peak / evening commute,True,False,False,False
1346023,Non-casualty (towaway),Non-casualty (towaway),2024,2024,January,Tuesday,16:00 - 17:59,STANLEY,ST,0,Right on the spot,WOODSIDE,AVE,BURWOOD,,No,Not a school zone,X-intersection,-33.880518,151.098284,Burwood,Sydney metro. area,Syd-Newc-Woll Gtr conurbation,Straight,,,,Unknown / not stated,Sealed,Dry,Fine,Daylight,Nil,Stop sign,50 km/h,Local,10,Cross traffic,101,Adj - Cross traffic,,Right angle,Car (sedan/hatch),Passenger van,2,0,0,0,0,1,January,Summer,Tuesday,16:00 - 17:59,PM peak / evening commute,True,False,False,False
1346026,Non-casualty (towaway),Non-casualty (towaway),2024,2024,March,Saturday,10:00 - 11:59,GREAT WESTERN,HWY,0,Right on the spot,BRILLIANT,ST,BATHURST,5.0,No,Not a school zone,Roundabout,-33.420386,149.565421,Bathurst Regional,Country urban,Rest of NSW - Urban,Straight,,,,Unknown / not stated,Sealed,Dry,Fine,Daylight,Nil,Give way sign,60 km/h,State,21,Right through,202,Opp - Right-thru,,Other angle,4 wheel drive / SUV,Light truck utility(from 2018),2,0,0,0,0,3,March,Autumn,Saturday,10:00 - 11:59,Midday / afternoon,False,False,False,False
1346028,Non-casualty (towaway),Non-casualty (towaway),2024,2024,March,Friday,06:00 - 07:59,TAYLOR,AVE,0,Right on the spot,NUMBER 29,HN,THORNTON,,No,Not a school zone,2-way undivided,-32.774783,151.636343,Maitland,Country urban,Rest of NSW - Urban,Straight,,,,Unknown / not stated,Sealed,Dry,Fine,Dawn,Nil,No traffic controls,50 km/h,Local,71,Off rd left => obj,703,Left off cway into object,,Other angle,Light truck utility(from 2018),Car (sedan/hatch),2,0,0,0,0,3,March,Autumn,Friday,06:00 - 07:59,AM peak / school commute,True,False,False,False
1346029,Non-casualty (towaway),Non-casualty (towaway),2024,2024,March,Tuesday,08:00 - 09:59,KENDALL,AVE,0,Right on the spot,LORN,RD,CRESTWOOD,,No,Not a school zone,T-junction,-35.344817,149.211201,Queanbeyan-Palerang Regional,Country urban,Rest of NSW - Urban,Straight,,,,Unknown / not stated,Sealed,Dry,Fine,Daylight,Nil,Give way sign,50 km/h,Local,40,U turn,207,Opp - U-turn,,Other angle,4 wheel drive / SUV,Light truck,2,0,0,0,0,3,March,Autumn,Tuesday,08:00 - 09:59,AM peak / school commute,True,False,False,False
1346030,Non-casualty (towaway),Non-casualty (towaway),2024,2024,March,Monday,08:00 - 09:59,OLD PACIFIC,HWY,1000,South,WYONG,RD,KANGY ANGY,,No,Not a school zone,2-way undivided,-33.31558,151.412271,Central Coast,Country urban,Syd-Newc-Woll Gtr conurbation,Curved,Steep grade,,,Unknown / not stated,Sealed,Dry,Fine,Daylight,Nil,No traffic controls,60 km/h,Local,39,Other same direction,300,Same - other,,Other angle,Car (sedan/hatch),Large rigid,2,0,0,0,0,3,March,Autumn,Monday,08:00 - 09:59,AM peak / school commute,True,False,False,False
1346033,Non-casualty (towaway),Non-casualty (towaway),2024,2024,March,Monday,08:00 - 09:59,GARFIELD,RD,0,Right on the spot,CARNARVON,RD,ANGUS,546.0,No,Not a school zone,T-junction,-33.686032,150.849383,Blacktown,Sydney metro. area,Syd-Newc-Woll Gtr conurbation,Curved,,,,Unknown / not stated,Sealed,Dry,Fine,Daylight,Nil,Give way sign,60 km/h,State,11,Right far,102,Adj - Right-thru from left,,Right angle,4 wheel drive / SUV,Car (sedan/hatch),2,0,0,0,0,3,March,Autumn,Monday,08:00 - 09:59,AM peak / school commute,True,False,False,False
1346039,Non-casualty (towaway),Non-casualty (towaway),2024,2024,March,Tuesday,18:00 - 19:59,MOSS VALE,RD,100,North,LANCASTER,DR,CAMBEWARRA,261.0,No,Not a school zone,2-way undivided,-34.827695,150.575019,Shoalhaven,Country urban,Rest of NSW - Urban,Straight,Ditch/drain/culvert,,,Unknown / not stated,Sealed,Dry,Fine,Dusk,Nil,No traffic controls,80 km/h,State,71,Off rd left => obj,703,Left off cway into object,,Vehicle - Object,Light truck,,1,0,0,0,0,3,March,Autumn,Tuesday,18:00 - 19:59,PM peak / evening commute,True,False,False,False
1346041,Non-casualty (towaway),Non-casualty (towaway),2024,2024,March,Thursday,04:00 - 05:59,PRINCES,HWY,0,Right on the spot,NUMBER 703,HN,TEMPE,1.0,No,Not a school zone,Divided road,-33.923692,151.161966,Inner West,Sydney metro. area,Syd-Newc-Woll Gtr conurbation,Straight,,,,Unknown / not stated,Sealed,Dry,Fine,Dawn,Nil,No traffic controls,60 km/h,State,39,Other same direction,300,Same - other,,Other angle,Light truck utility(from 2018),4 wheel drive / SUV,3,0,0,0,0,3,March,Autumn,Thursday,04:00 - 05:59,Late night / early morning,False,False,False,False
1346111,Non-casualty (towaway),Non-casualty (towaway),2024,2024,January,Sunday,18:00 - 19:59,ROSS,ST,50,East,VILLIERS,ST,PARRAMATTA,,No,Not a school zone,2-way undivided,-33.807577,151.004655,Parramatta,Sydney metro. area,Syd-Newc-Woll Gtr conurbation,Straight,,,,Nil,Sealed,Dry,Fine,Dusk,Nil,No traffic controls,40 km/h,Local,49,Other manoeuvring,400,Manov - other,,Other angle,Unknown type,Car (sedan/hatch),2,0,0,0,0,1,January,Summer,Sunday,18:00 - 19:59,PM peak / evening commute,True,False,False,False
1346193,Non-casualty (towaway),Non-casualty (towaway),2024,2024,February,Tuesday,12:00 - 13:59,DERWENT,LANE,5,West,GLEBE PT,RD,GLEBE,7313.0,Yes,No,T-junction,-33.882965,151.190797,Sydney,Sydney metro. area,Syd-Newc-Woll Gtr conurbation,Straight,,,,Off,Sealed,Dry,Fine,Daylight,Nil,No traffic controls,40 km/h,Regional,87,Off lft/lft bnd=>obj,706,Left turn,Left,Other angle,Car (sedan/hatch),Car (sedan/hatch),4,0,0,0,0,2,February,Summer,Tuesday,12:00 - 13:59,Midday / afternoon,False,False,False,False
1346231,Non-casualty (towaway),Non-casualty (towaway),2024,2024,March,Tuesday,02:00 - 03:59,SLOANE,ST,10,North,SYDENHAM,LANE,MARRICKVILLE,,No,Not a school zone,X-intersection,-33.911682,151.165727,Inner West,Sydney metro. area,Syd-Newc-Woll Gtr conurbation,Straight,,,,Off,Sealed,Dry,Fine,Darkness,Nil,No traffic controls,50 km/h,Local,49,Other manoeuvring,400,Manov - other,,Other angle,Unknown motor vehicle,Car (sedan/hatch),2,0,0,0,0,3,March,Autumn,Tuesday,02:00 - 03:59,Late night / early morning,False,False,False,False
1346236,Non-casualty (towaway),Non-casualty (towaway),2024,2024,March,Saturday,00:01 - 01:59,FORBES,RD,0,Right on the spot,COOGAL,DR,ORANGE,61.0,No,Not a school zone,T-junction,-33.274317,149.073441,Orange,Country urban,Rest of NSW - Urban,Straight,,,,On,Sealed,Dry,Fine,Darkness,Nil,Give way sign,50 km/h,State,85,Off rt/lft bnd=>obj,706,Left turn,Right,Vehicle - Object,Car (sedan/hatch),,1,0,0,0,0,3,March,Autumn,Saturday,00:01 - 01:59,Late night / early morning,False,False,False,False
1346245,Non-casualty (towaway),Non-casualty (towaway),2024,2024,March,Saturday,10:00 - 11:59,KNOX,ST,0,Right on the spot,NUMBER 20,HN,ST MARYS,,No,Not a school zone,2-way undivided,-33.774707,150.779735,Penrith,Sydney metro. area,Syd-Newc-Woll Gtr conurbation,Straight,Crest,,,Off,Sealed,Dry,Fine,Daylight,Nil,No traffic controls,50 km/h,Local,71,Off rd left => obj,703,Left off cway into object,,Other angle,Car (sedan/hatch),Car (sedan/hatch),2,0,0,0,0,3,March,Autumn,Saturday,10:00 - 11:59,Midday / afternoon,False,False,False,False
1346246,Non-casualty (towaway),Non-casualty (towaway),2024,2024,February,Thursday,22:00 - Midnight,CORAL FERN,WAY,125,North,PINAROO,RD,GWANDALAN,,No,Not a school zone,2-way undivided,-33.141801,151.582038,Central Coast,Country urban,Syd-Newc-Woll Gtr conurbation,Straight,,,,On,Sealed,Dry,Fine,Darkness,Nil,No traffic controls,50 km/h,Local,71,Off rd left => obj,703,Left off cway into object,,Other angle,Car (sedan/hatch),Light truck utility(from 2018),2,0,0,0,0,2,February,Summer,Thursday,22:00 - Midnight,Evening / night,False,False,False,False
1346279,Non-casualty (towaway),Non-casualty (towaway),2024,2024,March,Thursday,16:00 - 17:59,SWADLING,ST,50,East,THE ENTRANCE,RD,LONG JETTY,,No,Not a school zone,2-way undivided,-33.361606,151.482365,Central Coast,Country urban,Syd-Newc-Woll Gtr conurbation,Straight,,,,Nil,Sealed,Dry,Fine,Daylight,Nil,No traffic controls,50 km/h,Local,40,U turn,304,Same - U-turn,,Other angle,4 wheel drive / SUV,Car (sedan/hatch),2,0,0,0,0,3,March,Autumn,Thursday,16:00 - 17:59,PM peak / evening commute,True,False,False,False
1346280,Non-casualty (towaway),Non-casualty (towaway),2024,2024,March,Friday,20:00 - 21:59,FARRINGDON,RD,0,Right on the spot,NUMBER 619,HN,BOMBAY,,No,Not a school zone,2-way undivided,-35.486777,149.686688,Queanbeyan-Palerang Regional,Country non-urban,Rest of NSW - Rural,Curved,,,,Nil,Unsealed,Dry,Fine,Darkness,Nil,No traffic controls,100 km/h,Local,85,Off rt/lft bnd=>obj,804,Off left bend into obj,Right,Vehicle - Object,4 wheel drive / SUV,,1,0,0,0,0,3,March,Autumn,Friday,20:00 - 21:59,Evening / night,False,False,False,False
1346316,Non-casualty (towaway),Non-casualty (towaway),2024,2024,March,Tuesday,10:00 - 11:59,LEISURE,DR,210,East,FIRESTONE,DR,BANORA POINT,,No,Not a school zone,2-way undivided,-28.212828,153.529831,Tweed,Country urban,Rest of NSW - Urban,Straight,Crest,,,Off,Sealed,Wet,Raining,Daylight,Nil,No traffic controls,60 km/h,Local,30,Rear end,301,Same - Rear end,,Rear end,Light truck utility(from 2018),Car (sedan/hatch),3,0,0,0,0,3,March,Autumn,Tuesday,10:00 - 11:59,Midday / afternoon,False,False,False,False
1346318,Non-casualty (towaway),Non-casualty (towaway),2024,2024,March,Thursday,10:00 - 11:59,CASTLEREAGH,RD,0,Right on the spot,CRANEBROOK,RD,CRANEBROOK,630.0,No,Not a school zone,T-junction,-33.705091,150.695985,Penrith,Sydney metro. area,Syd-Newc-Woll Gtr conurbation,Curved,,,,Nil,Sealed,Dry,Fine,Daylight,Nil,Stop sign,80 km/h,State,13,Right near,104,Adj - Right-thru from right,,Right angle,Light truck utility(from 2018),Car (sedan/hatch),2,0,0,0,0,3,March,Autumn,Thursday,10:00 - 11:59,Midday / afternoon,False,False,False,False
1346327,Non-casualty (towaway),Non-casualty (towaway),2024,2024,March,Friday,20:00 - 21:59,BLOOM HILL,RD,825,North,PURDENS,LANE,O'CONNELL,,No,Not a school zone,2-way undivided,-33.559077,149.707599,Oberon,Country non-urban,Rest of NSW - Rural,Curved,Steep grade,,,Nil,Sealed,Dry,Fine,Darkness,Nil,No traffic controls,100 km/h,Local,81,Off left/rt bnd=>obj,803,Off right bend into obj,Left,Vehicle - Object,4 wheel drive / SUV,,1,0,0,0,0,3,March,Autumn,Friday,20:00 - 21:59,Evening / night,False,False,False,False
1346356,Non-casualty (towaway),Non-casualty (towaway),2024,2024,March,Friday,16:00 - 17:59,GRIFFIN,AVE,0,Right on the spot,MERRIGAL,ST,GRIFFITH,80.0,No,Not a school zone,X-intersection,-34.285486,146.027394,Griffith,Country urban,Rest of NSW - Urban,Straight,,,,Nil,Sealed,Dry,Fine,Daylight,Nil,Give way sign,50 km/h,State,10,Cross traffic,101,Adj - Cross traffic,,Right angle,4 wheel drive / SUV,Light truck utility(from 2018),2,0,0,0,0,3,March,Autumn,Friday,16:00 - 17:59,PM peak / evening commute,True,False,False,False