crash_id,degree_of_crash,degree_of_crash_-_detailed,reporting_year,year_of_crash,month_of_crash,day_of_week_of_crash,two-hour_intervals,street_of_crash,street_type,distance,direction,identifying_feature,identifying_feature_type,town,route_no.,school_zone_location,school_zone_active,type_of_location,latitude,longitude,lga,urbanisation,conurbation_1,alignment,primary_permanent_feature,primary_temporary_feature,primary_hazardous_feature,street_lighting,road_surface,surface_condition,weather,natural_lighting,signals_operation,other_traffic_control,speed_limit,road_classification_(admin),rum_-_code,rum_-_description,dca_-_code,dca_-_description,dca_supplement,first_impact_type,key_tu_type,other_tu_type,no._of_traffic_units_involved,no._killed,no._seriously_injured,no._moderately_injured,no._minor-other_injured,month_num,month_label,season,day_label,time_label,time_band,is_peak_commute,is_fatal,is_injury,is_casualty
1346357,Non-casualty (towaway),Non-casualty (towaway),2024,2024,March,Sunday,16:00 - 17:59,BAYVIEW PL,PL,0,Right on the spot,NUMBER 23,HN,BAYVIEW,,No,Not a school zone,2-way undivided,-33.66447,151.298997,Northern Beaches,Sydney metro. area,Syd-Newc-Woll Gtr conurbation,Curved,Steep grade,,,Off,Sealed,Dry,Fine,Daylight,Nil,No traffic controls,50 km/h,Local,85,Off rt/lft bnd=>obj,804,Off left bend into obj,Right,Vehicle - Object,Car (sedan/hatch),,1,0,0,0,0,3,March,Autumn,Sunday,16:00 - 17:59,PM peak / evening commute,True,False,False,False
1346367,Non-casualty (towaway),Non-casualty (towaway),2024,2024,January,Sunday,00:01 - 01:59,ANGELO,ST,80,North,LIVERPOOL,RD,BURWOOD,,No,Not a school zone,2-way undivided,-33.886598,151.09932,Burwood,Sydney metro. area,Syd-Newc-Woll Gtr conurbation,Straight,,,,On,Sealed,Dry,Fine,Darkness,Nil,No traffic controls,50 km/h,Local,71,Off rd left => obj,703,Left off cway into object,,Other angle,Unknown motor vehicle,Car (sedan/hatch),2,0,0,0,0,1,January,Summer,Sunday,00:01 - 01:59,Late night / early morning,False,False,False,False
1346371,Non-casualty (towaway),Non-casualty (towaway),2024,2024,March,Monday,04:00 - 05:59,WESTERN,EXP,0,Right on the spot,WATTLE STREET,TO,CROYDON,6004.0,No,Not a school zone,Dual freeway,-33.874081,151.122416,Inner West,Sydney metro. area,Syd-Newc-Woll Gtr conurbation,Straight,Underpass/tunnel,,,On,Sealed,Dry,Fine,Dawn,Nil,No traffic controls,80 km/h,State,34,Lane change right,306,Same - Lane change right,,Other angle,Car (sedan/hatch),Semi-trailer,2,0,0,0,0,3,March,Autumn,Monday,04:00 - 05:59,Late night / early morning,False,False,False,False
1346384,Non-casualty (towaway),Non-casualty (towaway),2024,2024,March,Friday,20:00 - 21:59,FLETT,ST,0,Right on the spot,VICTORIA,ST,TAREE,,No,Not a school zone,T-junction,-31.91663,152.454405,Mid-Coast,Country urban,Rest of NSW - Urban,Straight,,,,On,Sealed,Dry,Fine,Darkness,Nil,No traffic controls,50 km/h,Local,12,Left far,103,Adj - Left-thru from left,,Right angle,Car (sedan/hatch),4 wheel drive / SUV,2,0,0,0,0,3,March,Autumn,Friday,20:00 - 21:59,Evening / night,False,False,False,False
1346403,Non-casualty (towaway),Non-casualty (towaway),2024,2024,February,Saturday,14:00 - 15:59,HUME,HWY,75,West,PEMBROKE,ST,ASHFIELD,2.0,No,Not a school zone,2-way undivided,-33.888752,151.133688,Inner West,Sydney metro. area,Syd-Newc-Woll Gtr conurbation,Straight,Driveway/entrance,,,On,Sealed,Dry,Fine,Daylight,Nil,No traffic controls,60 km/h,State,47,Emerging from drive,406,Manov - Emerging from driveway,,Right angle,Car (sedan/hatch),Unknown motor vehicle,2,0,0,0,0,2,February,Summer,Saturday,14:00 - 15:59,Midday / afternoon,False,False,False,False
1346411,Non-casualty (towaway),Non-casualty (towaway),2024,2024,March,Tuesday,12:00 - 13:59,BASS,RD,0,Right on the spot,NUMNER 11,HN,SHOALHAVEN HEADS,,No,Not a school zone,2-way undivided,-34.845421,150.742127,Shoalhaven,Country urban,Rest of NSW - Urban,Straight,Driveway/entrance,,,Off,Sealed,Dry,Fine,Daylight,Nil,No traffic controls,50 km/h,Local,73,Off rd rght => obj,704,Right off cway into obj,,Other angle,Car (sedan/hatch),Box trailer,2,0,0,0,0,3,March,Autumn,Tuesday,12:00 - 13:59,Midday / afternoon,False,False,False,False
1346420,Non-casualty (towaway),Non-casualty (towaway),2024,2024,February,Thursday,12:00 - 13:59,BRUSH,RD,0,Right on the spot,LAWSON,ST,EASTWOOD,574.0,No,Not a school zone,T-junction,-33.793037,151.068683,Ryde,Sydney metro. area,Syd-Newc-Woll Gtr conurbation,Straight,Steep grade,,,Off,Sealed,Dry,Fine,Daylight,Nil,Give way sign,60 km/h,State,13,Right near,104,Adj - Right-thru from right,,Right angle,Unknown motor vehicle,Car (sedan/hatch),3,0,0,0,0,2,February,Summer,Thursday,12:00 - 13:59,Midday / afternoon,False,False,False,False
1346437,Non-casualty (towaway),Non-casualty (towaway),2024,2024,March,Monday,20:00 - 21:59,COBBADAH,RD,0,Right on the spot,HALLS CREEK,BDGE,BINGARA,63.0,No,Not a school zone,2-way undivided,-29.890631,150.579467,Gwydir,Country non-urban,Rest of NSW - Rural,Straight,Other bridge,,,Nil,Sealed,Dry,Fine,Darkness,Nil,No traffic controls,100 km/h,State,20,Head on,201,Opp - Head on,,Head-on,Light truck,Semi-trailer,2,0,0,0,0,3,March,Autumn,Monday,20:00 - 21:59,Evening / night,False,False,False,False
1346459,Non-casualty (towaway),Non-casualty (towaway),2024,2024,March,Tuesday,12:00 - 13:59,DALLEY,ST,106,West,DIBBS,ST,EAST LISMORE,,No,Not a school zone,2-way undivided,-28.821102,153.289846,Lismore,Country urban,Rest of NSW - Urban,Straight,Steep grade,,,Nil,Sealed,Dry,Overcast,Daylight,Nil,No traffic controls,50 km/h,Local,71,Off rd left => obj,703,Left off cway into object,,Other angle,Car (sedan/hatch),4 wheel drive / SUV,2,0,0,0,0,3,March,Autumn,Tuesday,12:00 - 13:59,Midday / afternoon,False,False,False,False
1346529,Non-casualty (towaway),Non-casualty (towaway),2024,2024,January,Tuesday,10:00 - 11:59,GREAT WESTERN,HWY,0,Right on the spot,QUEENS,RD,KATOOMBA,5.0,No,Not a school zone,T-junction,-33.707622,150.323047,Blue Mountains,Country urban,Syd-Newc-Woll Gtr conurbation,Curved,Steep grade,,,Off,Sealed,Dry,Fine,Daylight,Nil,Give way sign,70 km/h,State,30,Rear end,301,Same - Rear end,,Rear end,Station wagon,4 wheel drive / SUV,2,0,0,0,0,1,January,Summer,Tuesday,10:00 - 11:59,Midday / afternoon,False,False,False,False
1346550,Non-casualty (towaway),Non-casualty (towaway),2024,2024,January,Thursday,20:00 - 21:59,PACIFIC,HWY,0,Right on the spot,ADELAIDE,ST,HEATHERBRAE,10.0,No,Not a school zone,Roundabout,-32.781339,151.73869,Port Stephens,Country urban,Rest of NSW - Urban,Curved,,,,On,Sealed,Dry,Fine,Darkness,Nil,Give way sign,70 km/h,State,33,Lane sideswipe,305,Same - Lane side swipe,,Other angle,Semi-trailer,Car (sedan/hatch),2,0,0,0,0,1,January,Summer,Thursday,20:00 - 21:59,Evening / night,False,False,False,False
1346561,Non-casualty (towaway),Non-casualty (towaway),2024,2024,January,Thursday,22:00 - Midnight,DEAN,AVE,0,Right on the spot,KAYE,AVE,KANWAL,,No,Not a school zone,T-junction,-33.257683,151.489974,Central Coast,Country urban,Syd-Newc-Woll Gtr conurbation,Straight,,,,On,Sealed,Dry,Fine,Darkness,Nil,No traffic controls,50 km/h,Local,20,Head on,201,Opp - Head on,,Head-on,Station wagon,Car (sedan/hatch),3,0,0,0,0,1,January,Summer,Thursday,22:00 - Midnight,Evening / night,False,False,False,False
1346576,Non-casualty (towaway),Non-casualty (towaway),2024,2024,February,Saturday,00:01 - 01:59,MANSE,ST,0,Right on the spot,STEVENSON,ST,GUYRA,,No,Not a school zone,L-junction,-30.224221,151.681615,Armidale Regional,Country urban,Rest of NSW - Urban,Curved,,,,Unknown / not stated,Sealed,Dry,Fine,Darkness,Nil,No traffic controls,50 km/h,Local,85,Off rt/lft bnd=>obj,804,Off left bend into obj,Right,Vehicle - Object,Car (sedan/hatch),,1,0,0,0,0,2,February,Summer,Saturday,00:01 - 01:59,Late night / early morning,False,False,False,False
1346580,Non-casualty (towaway),Non-casualty (towaway),2024,2024,February,Thursday,06:00 - 07:59,GREAT WESTERN,HWY,0,Right on the spot,WALLGROVE,RD,MINCHINBURY,5.0,No,Not a school zone,X-intersection,-33.78893,150.854357,Blacktown,Sydney metro. area,Syd-Newc-Woll Gtr conurbation,Straight,,,,Off,Sealed,Dry,Fine,Daylight,On,No traffic controls,80 km/h,State,35,Lane change left,307,Same - Lane change left,,Other angle,Semi-trailer,Car (sedan/hatch),2,0,0,0,0,2,February,Summer,Thursday,06:00 - 07:59,AM peak / school commute,True,False,False,False
1346600,Non-casualty (towaway),Non-casualty (towaway),2024,2024,February,Tuesday,10:00 - 11:59,ATTOW,ST,0,Right on the spot,NUMBER 14,HN,WINSTON HILLS,,No,Not a school zone,2-way undivided,-33.778209,150.976944,Parramatta,Sydney metro. area,Syd-Newc-Woll Gtr conurbation,Straight,Driveway/entrance,,,Unknown / not stated,Sealed,Dry,Fine,Daylight,Nil,No traffic controls,50 km/h,Local,49,Other manoeuvring,400,Manov - other,,Other angle,Car (sedan/hatch),,1,0,0,0,0,2,February,Summer,Tuesday,10:00 - 11:59,Midday / afternoon,False,False,False,False
1346611,Non-casualty (towaway),Non-casualty (towaway),2024,2024,February,Wednesday,08:00 - 09:59,PRINCES,HWY,0,Right on the spot,FALLS,RD,FALLS CREEK,1.0,No,Not a school zone,T-junction,-34.971598,150.594862,Shoalhaven,Country non-urban,Rest of NSW - Rural,Straight,,,,Unknown / not stated,Sealed,Dry,Fine,Daylight,Nil,Give way sign,100 km/h,State,73,Off rd rght => obj,704,Right off cway into obj,,Vehicle - Object,Light truck,,1,0,0,0,0,2,February,Summer,Wednesday,08:00 - 09:59,AM peak / school commute,True,False,False,False
1346626,Non-casualty (towaway),Non-casualty (towaway),2024,2024,February,Saturday,18:00 - 19:59,SYDENHAM,RD,10,West,CENTENNIAL,ST,MARRICKVILLE,664.0,Yes,No,X-intersection,-33.90461,151.15632,Inner West,Sydney metro. area,Syd-Newc-Woll Gtr conurbation,Straight,,,,Off,Sealed,Dry,Fine,Daylight,On,Ped crossing,60 km/h,State,30,Rear end,301,Same - Rear end,,Rear end,Light truck utility(from 2018),Car (sedan/hatch),3,0,0,0,0,2,February,Summer,Saturday,18:00 - 19:59,PM peak / evening commute,True,False,False,False
1346629,Non-casualty (towaway),Non-casualty (towaway),2024,2024,March,Thursday,08:00 - 09:59,M7 WESTLINK,EXP,0,Right on the spot,WESTERN EXPRESSWAY,TO,EASTERN CREEK,6009.0,No,Not a school zone,Dual freeway,-33.790321,150.856118,Blacktown,Sydney metro. area,Syd-Newc-Woll Gtr conurbation,Straight,Climb/merge lane,,,Unknown / not stated,Sealed,Dry,Fine,Daylight,Nil,No traffic controls,100 km/h,State,34,Lane change right,306,Same - Lane change right,,Other angle,Light truck utility(from 2018),Semi-trailer,2,0,0,0,0,3,March,Autumn,Thursday,08:00 - 09:59,AM peak / school commute,True,False,False,False
1346630,Non-casualty (towaway),Non-casualty (towaway),2024,2024,February,Wednesday,08:00 - 09:59,EASTERN,RD,65,East,KNOX,RD,DOONSIDE,7153.0,No,Not a school zone,Divided road,-33.768107,150.86457,Blacktown,Sydney metro. area,Syd-Newc-Woll Gtr conurbation,Curved,,,,Unknown / not stated,Sealed,Wet,Fine,Daylight,Nil,No traffic controls,60 km/h,Regional,87,Off lft/lft bnd=>obj,804,Off left bend into obj,Left,Vehicle - Object,4 wheel drive / SUV,,1,0,0,0,0,2,February,Summer,Wednesday,08:00 - 09:59,AM peak / school commute,True,False,False,False
1346634,Non-casualty (towaway),Non-casualty (towaway),2024,2024,March,Saturday,22:00 - Midnight,HIGH,ST,30,East,GRANDVIEW,DR,CAMPBELLTOWN,,No,Not a school zone,2-way undivided,-34.076328,150.816591,Campbelltown,Sydney metro. area,Syd-Newc-Woll Gtr conurbation,Curved,Steep grade,,,Nil,Sealed,Dry,Fine,Darkness,Nil,No traffic controls,50 km/h,Local,87,Off lft/lft bnd=>obj,804,Off left bend into obj,Left,Vehicle - Object,Light truck utility(from 2018),,1,0,0,0,0,3,March,Autumn,Saturday,22:00 - Midnight,Evening / night,False,False,False,False
1346649,Non-casualty (towaway),Non-casualty (towaway),2024,2024,February,Saturday,18:00 - 19:59,NEWELL,HWY,115,West,RIVER,RD,FORBES,17.0,No,Not a school zone,2-way undivided,-33.396559,147.992269,Forbes,Country urban,Rest of NSW - Urban,Straight,,,,Nil,Sealed,Dry,Fine,Daylight,Nil,No traffic controls,80 km/h,State,73,Off rd rght => obj,704,Right off cway into obj,,Vehicle - Object,4 wheel drive / SUV,,1,0,0,0,0,2,February,Summer,Saturday,18:00 - 19:59,PM peak / evening commute,True,False,False,False
1346657,Non-casualty (towaway),Non-casualty (towaway),2024,2024,March,Wednesday,12:00 - 13:59,MARTIN,ST,20,South,RIVERINA,HWY,HOWLONG,,No,Not a school zone,2-way undivided,-35.969013,146.616905,Federation,Country urban,Rest of NSW - Urban,Straight,Ditch/drain/culvert,,,Unknown / not stated,Unsealed,Dry,Fine,Daylight,Nil,No traffic controls,50 km/h,Local,41,U turn into object,409,Manov - U-turn into fixed obje,,Vehicle - Object,Light truck utility(from 2018),,1,0,0,0,0,3,March,Autumn,Wednesday,12:00 - 13:59,Midday / afternoon,False,False,False,False
1346658,Non-casualty (towaway),Non-casualty (towaway),2024,2024,March,Thursday,14:00 - 15:59,MAITLAND,ST,0,Right on the spot,NUMBER 111,HN,STANFORD MERTHYR,,No,Not a school zone,2-way undivided,-32.827018,151.489781,Cessnock,Country urban,Rest of NSW - Urban,Straight,Driveway/entrance,,,Unknown / not stated,Sealed,Dry,Fine,Daylight,Nil,No traffic controls,50 km/h,Local,93,Pkd veh runaway=>obj,906,Parked vehicle ran away,,Vehicle - Object,Light truck utility(from 2018),,1,0,0,0,0,3,March,Autumn,Thursday,14:00 - 15:59,Midday / afternoon,False,False,False,False
1346659,Non-casualty (towaway),Non-casualty (towaway),2024,2024,March,Friday,10:00 - 11:59,M7 WESTLINK,EXP,100,South,M2 HILLS EXPRESSWAY,OP,BAULKHAM HILLS,6009.0,No,Not a school zone,Dual freeway,-33.766206,150.963924,The Hills,Sydney metro. area,Syd-Newc-Woll Gtr conurbation,Straight,,,,Unknown / not stated,Sealed,Dry,Fine,Daylight,Nil,No traffic controls,100 km/h,State,73,Off rd rght => obj,704,Right off cway into obj,,Vehicle - Object,Light truck,,1,0,0,0,0,3,March,Autumn,Friday,10:00 - 11:59,Midday / afternoon,False,False,False,False
1346660,Non-casualty (towaway),Non-casualty (towaway),2024,2024,March,Wednesday,16:00 - 17:59,MAUDE,ST,0,Right on the spot,SYDNEY,LANE,MARRICKVILLE,,No,Not a school zone,T-junction,-33.913443,151.161136,Inner West,Sydney metro. area,Syd-Newc-Woll Gtr conurbation,Straight,,,,Unknown / not stated,Sealed,Dry,Fine,Daylight,Nil,No traffic controls,50 km/h,Local,10,Cross traffic,101,Adj - Cross traffic,,Right angle,Pedal cycle,Car (sedan/hatch),2,0,0,0,0,3,March,Autumn,Wednesday,16:00 - 17:59,PM peak / evening commute,True,False,False,False
1346662,Non-casualty (towaway),Non-casualty (towaway),2024,2024,March,Thursday,12:00 - 13:59,RYDE,RD,0,Right on the spot,GLADESVILLE,RD,HUNTERS HILL,2033.0,No,Not a school zone,T-junction,-33.833545,151.14357,Hunters Hill,Sydney metro. area,Syd-Newc-Woll Gtr conurbation,Curved,,,,Unknown / not stated,Sealed,Dry,Fine,Daylight,Unknown / not stated,No right turn,50 km/h,Regional,30,Rear end,301,Same - Rear end,,Rear end,4 wheel drive / SUV,Car (sedan/hatch),3,0,0,0,0,3,March,Autumn,Thursday,12:00 - 13:59,Midday / afternoon,False,False,False,False
1346670,Non-casualty (towaway),Non-casualty (towaway),2024,2024,March,Wednesday,08:00 - 09:59,LAMBERT,ST,0,Right on the spot,WILLIAM,ST,BATHURST,,No,Not a school zone,X-intersection,-33.422693,149.573831,Bathurst Regional,Country urban,Rest of NSW - Urban,Straight,,,,Nil,Sealed,Dry,Fine,Daylight,Nil,Give way sign,50 km/h,Local,10,Cross traffic,101,Adj - Cross traffic,,Right angle,4 wheel drive / SUV,Car (sedan/hatch),2,0,0,0,0,3,March,Autumn,Wednesday,08:00 - 09:59,AM peak / school commute,True,False,False,False
1346683,Non-casualty (towaway),Non-casualty (towaway),2024,2024,January,Wednesday,20:00 - 21:59,WATTLE,ST,0,Right on the spot,NUMBER 156,HN,BANKSTOWN,7119.0,No,Not a school zone,2-way undivided,-33.917231,151.043757,Canterbury-Bankstown,Sydney metro. area,Syd-Newc-Woll Gtr conurbation,Straight,,,,On,Sealed,Dry,Fine,Darkness,Nil,No traffic controls,60 km/h,Regional,71,Off rd left => obj,703,Left off cway into object,,Other angle,Car (sedan/hatch),Car (sedan/hatch),2,0,0,0,0,1,January,Summer,Wednesday,20:00 - 21:59,Evening / night,False,False,False,False
1346689,Non-casualty (towaway),Non-casualty (towaway),2024,2024,March,Thursday,06:00 - 07:59,ARGYLE,ST,0,Right on the spot,MARSDEN,ST,PARRAMATTA,,No,Not a school zone,X-intersection,-33.816485,151.001157,Parramatta,Sydney metro. area,Syd-Newc-Woll Gtr conurbation,Straight,,,,Unknown / not stated,Sealed,Dry,Fine,Daylight,On,No traffic controls,40 km/h,Local,10,Cross traffic,101,Adj - Cross traffic,,Right angle,Car (sedan/hatch),Other bus,2,0,0,0,0,3,March,Autumn,Thursday,06:00 - 07:59,AM peak / school commute,True,False,False,False
1346690,Non-casualty (towaway),Non-casualty (towaway),2024,2024,March,Tuesday,06:00 - 07:59,CARTER,RD,0,Right on the spot,NUMBER 35,HN,BROOKVALE,,No,Not a school zone,2-way undivided,-33.761865,151.278742,Northern Beaches,Sydney metro. area,Syd-Newc-Woll Gtr conurbation,Straight,,,,Unknown / not stated,Sealed,Dry,Fine,Daylight,Nil,No traffic controls,50 km/h,Local,71,Off rd left => obj,703,Left off cway into object,,Other angle,Light truck utility(from 2018),4 wheel drive / SUV,2,0,0,0,0,3,March,Autumn,Tuesday,06:00 - 07:59,AM peak / school commute,True,False,False,False
1346691,Non-casualty (towaway),Non-casualty (towaway),2024,2024,March,Monday,06:00 - 07:59,BARRENJOEY,RD,0,Right on the spot,NUMBER 417,HN,NEWPORT,164.0,No,Not a school zone,2-way undivided,-33.651711,151.323037,Northern Beaches,Sydney metro. area,Syd-Newc-Woll Gtr conurbation,Straight,,,,Unknown / not stated,Sealed,Dry,Overcast,Dawn,Nil,No traffic controls,50 km/h,State,30,Rear end,301,Same - Rear end,,Rear end,Light truck,Light truck,3,0,0,0,0,3,March,Autumn,Monday,06:00 - 07:59,AM peak / school commute,True,False,False,False
1346692,Non-casualty (towaway),Non-casualty (towaway),2024,2024,March,Tuesday,12:00 - 13:59,VICTORIA,RD,0,Right on the spot,RIVER,RD,ERMINGTON,165.0,No,Not a school zone,X-intersection,-33.81405,151.05365,Parramatta,Sydney metro. area,Syd-Newc-Woll Gtr conurbation,Straight,Steep grade,,,Unknown / not stated,Sealed,Dry,Fine,Daylight,On,No traffic controls,70 km/h,State,10,Cross traffic,101,Adj - Cross traffic,,Right angle,Car (sedan/hatch),Light truck utility(from 2018),2,0,0,0,0,3,March,Autumn,Tuesday,12:00 - 13:59,Midday / afternoon,False,False,False,False
1346693,Non-casualty (towaway),Non-casualty (towaway),2024,2024,March,Monday,16:00 - 17:59,LOCKHART,AVE,20,East,ELLIOTT,ST,BALMAIN,,No,Not a school zone,2-way undivided,-33.855656,151.170743,Inner West,Sydney metro. area,Syd-Newc-Woll Gtr conurbation,Straight,,,,Nil,Sealed,Dry,Fine,Daylight,Nil,No traffic controls,40 km/h,Local,41,U turn into object,207,Opp - U-turn,,Other angle,Light truck utility(from 2018),Light truck utility(from 2018),2,0,0,0,0,3,March,Autumn,Monday,16:00 - 17:59,PM peak / evening commute,True,False,False,False
1346695,Non-casualty (towaway),Non-casualty (towaway),2024,2024,March,Monday,08:00 - 09:59,VICTORIA,RD,300,East,JAMES RUSE DRIVE,OP,PARRAMATTA,165.0,No,Not a school zone,Divided road,-33.809037,151.02695,Parramatta,Sydney metro. area,Syd-Newc-Woll Gtr conurbation,Straight,,,,Unknown / not stated,Sealed,Dry,Fine,Daylight,Nil,No traffic controls,60 km/h,State,30,Rear end,301,Same - Rear end,,Rear end,Car (sedan/hatch),Light truck,5,0,0,0,0,3,March,Autumn,Monday,08:00 - 09:59,AM peak / school commute,True,False,False,False
1346697,Non-casualty (towaway),Non-casualty (towaway),2024,2024,February,Tuesday,18:00 - 19:59,PACIFIC,HWY,0,Right on the spot,NUMBER 413,HN,ASQUITH,10.0,No,Not a school zone,2-way undivided,-33.686814,151.109094,Hornsby,Sydney metro. area,Syd-Newc-Woll Gtr conurbation,Straight,Foot/cycle path/nature strip,,,Unknown / not stated,Sealed,Dry,Overcast,Unknown,Nil,No traffic controls,60 km/h,State,71,Off rd left => obj,703,Left off cway into object,,Vehicle - Object,Station wagon,,1,0,0,0,0,2,February,Summer,Tuesday,18:00 - 19:59,PM peak / evening commute,True,False,False,False
1346698,Non-casualty (towaway),Non-casualty (towaway),2024,2024,March,Monday,12:00 - 13:59,FOREST,RD,80,North,KINGSLAND,RD,BEXLEY,168.0,No,Not a school zone,2-way undivided,-33.949363,151.127015,Bayside,Sydney metro. area,Syd-Newc-Woll Gtr conurbation,Straight,,,,Unknown / not stated,Sealed,Dry,Fine,Daylight,Nil,No traffic controls,60 km/h,State,39,Other same direction,300,Same - other,,Other angle,Car (sedan/hatch),Light truck utility(from 2018),2,0,0,0,0,3,March,Autumn,Monday,12:00 - 13:59,Midday / afternoon,False,False,False,False
1346701,Non-casualty (towaway),Non-casualty (towaway),2024,2024,March,Saturday,00:01 - 01:59,NORTH MINORE,RD,50,South,DUFFYS,LANE,MINORE,,No,Not a school zone,2-way undivided,-32.232475,148.444668,Dubbo Regional,Country non-urban,Rest of NSW - Rural,Curved,,,,Unknown / not stated,Sealed,Dry,Fine,Darkness,Nil,No traffic controls,100 km/h,Local,87,Off lft/lft bnd=>obj,804,Off left bend into obj,Left,Vehicle - Object,Light truck utility(from 2018),,1,0,0,0,0,3,March,Autumn,Saturday,00:01 - 01:59,Late night / early morning,False,False,False,False
1346707,Non-casualty (towaway),Non-casualty (towaway),2024,2024,March,Monday,16:00 - 17:59,CANTERBURY,RD,0,Right on the spot,HARROW,RD,GLENFIELD,680.0,No,Not a school zone,X-intersection,-33.980816,150.898152,Campbelltown,Sydney metro. area,Syd-Newc-Woll Gtr conurbation,Straight,,,,Unknown / not stated,Sealed,Dry,Fine,Daylight,On,No traffic controls,60 km/h,State,21,Right through,202,Opp - Right-thru,,Other angle,Car (sedan/hatch),4 wheel drive / SUV,2,0,0,0,0,3,March,Autumn,Monday,16:00 - 17:59,PM peak / evening commute,True,False,False,False
1346711,Non-casualty (towaway),Non-casualty (towaway),2024,2024,March,Sunday,20:00 - 21:59,BUNGENDORE,RD,0,Right on the spot,YASS,RD,QUEANBEYAN EAST,51.0,No,Not a school zone,Roundabout,-35.348321,149.245024,Queanbeyan-Palerang Regional,Country urban,Rest of NSW - Urban,Straight,,,,Unknown / not stated,Sealed,Dry,Fine,Darkness,Nil,Give way sign,60 km/h,State,81,Off left/rt bnd=>obj,707,Right turn,Left,Vehicle - Object,Light truck utility(from 2018),,1,0,0,0,0,3,March,Autumn,Sunday,20:00 - 21:59,Evening / night,False,False,False,False
1346713,Non-casualty (towaway),Non-casualty (towaway),2024,2024,March,Saturday,16:00 - 17:59,LINDESAY,ST,0,Right on the spot,NUMBER 5,HN,LEUMEAH,,No,Not a school zone,2-way undivided,-34.059468,150.834224,Campbelltown,Sydney metro. area,Syd-Newc-Woll Gtr conurbation,Straight,,,,Unknown / not stated,Sealed,Dry,Fine,Daylight,Nil,No traffic controls,60 km/h,Local,73,Off rd rght => obj,704,Right off cway into obj,,Vehicle - Object,Car (sedan/hatch),,1,0,0,0,0,3,March,Autumn,Saturday,16:00 - 17:59,PM peak / evening commute,True,False,False,False
1346714,Non-casualty (towaway),Non-casualty (towaway),2024,2024,March,Tuesday,14:00 - 15:59,CUMBERLAND,HWY,0,Right on the spot,AMPOL PETROL STATION,ENT,LIVERPOOL,13.0,No,Not a school zone,Divided road,-33.906897,150.918236,Liverpool,Sydney metro. area,Syd-Newc-Woll Gtr conurbation,Straight,Driveway/entrance,,,Unknown / not stated,Sealed,Dry,Fine,Daylight,Nil,No traffic controls,70 km/h,State,47,Emerging from drive,406,Manov - Emerging from driveway,,Right angle,4 wheel drive / SUV,4 wheel drive / SUV,2,0,0,0,0,3,March,Autumn,Tuesday,14:00 - 15:59,Midday / afternoon,False,False,False,False
1346717,Non-casualty (towaway),Non-casualty (towaway),2024,2024,March,Tuesday,12:00 - 13:59,NEW ENGLAND,HWY,0,Right on the spot,NUMBER 11510,HN,TILBUSTER,9.0,No,Not a school zone,2-way undivided,-30.435911,151.673395,Armidale Regional,Country non-urban,Rest of NSW - Rural,Curved,,,,Unknown / not stated,Sealed,Dry,Fine,Daylight,Nil,No traffic controls,100 km/h,State,35,Lane change left,307,Same - Lane change left,,Other angle,Large rigid,4 wheel drive / SUV,2,0,0,0,0,3,March,Autumn,Tuesday,12:00 - 13:59,Midday / afternoon,False,False,False,False
1346719,Non-casualty (towaway),Non-casualty (towaway),2024,2024,March,Tuesday,08:00 - 09:59,KIDMAN,WAY,265,South,BARRIER,HWY,COBAR,410.0,No,Not a school zone,2-way undivided,-31.501389,145.844874,Cobar,Country urban,Rest of NSW - Urban,Curved,Embankment/cutting,,,Unknown / not stated,Sealed,Wet,Raining,Daylight,Nil,No traffic controls,50 km/h,State,80,Off left/right bend,801,Off cway right bend,Left,Rollover,Light truck utility(from 2018),,1,0,0,0,0,3,March,Autumn,Tuesday,08:00 - 09:59,AM peak / school commute,True,False,False,False
1346720,Non-casualty (towaway),Non-casualty (towaway),2024,2024,March,Sunday,22:00 - Midnight,MONA VALE,RD,0,Right on the spot,FOREST,WAY,TERREY HILLS,162.0,No,Not a school zone,X-intersection,-33.700813,151.212641,Northern Beaches,Sydney metro. area,Syd-Newc-Woll Gtr conurbation,Straight,,,,On,Sealed,Dry,Fine,Darkness,On,No traffic controls,80 km/h,State,21,Right through,202,Opp - Right-thru,,Other angle,Light truck utility(from 2018),Light truck utility(from 2018),2,0,0,0,0,3,March,Autumn,Sunday,22:00 - Midnight,Evening / night,False,False,False,False
1346723,Non-casualty (towaway),Non-casualty (towaway),2024,2024,March,Thursday,16:00 - 17:59,PALMERS,RD,0,Right on the spot,NEWCASTLE,EXP,FREEMANS WATERHOLE,220.0,No,Not a school zone,T-junction,-32.987921,151.52006,Lake Macquarie,Newcastle met. area,Syd-Newc-Woll Gtr conurbation,Straight,,,,Unknown / not stated,Sealed,Dry,Fine,Daylight,Nil,Stop sign,80 km/h,State,30,Rear end,301,Same - Rear end,,Rear end,4 wheel drive / SUV,4 wheel drive / SUV,2,0,0,0,0,3,March,Autumn,Thursday,16:00 - 17:59,PM peak / evening commute,True,False,False,False