crash_id,degree_of_crash,degree_of_crash_-_detailed,reporting_year,year_of_crash,month_of_crash,day_of_week_of_crash,two-hour_intervals,street_of_crash,street_type,distance,direction,identifying_feature,identifying_feature_type,town,route_no.,school_zone_location,school_zone_active,type_of_location,latitude,longitude,lga,urbanisation,conurbation_1,alignment,primary_permanent_feature,primary_temporary_feature,primary_hazardous_feature,street_lighting,road_surface,surface_condition,weather,natural_lighting,signals_operation,other_traffic_control,speed_limit,road_classification_(admin),rum_-_code,rum_-_description,dca_-_code,dca_-_description,dca_supplement,first_impact_type,key_tu_type,other_tu_type,no._of_traffic_units_involved,no._killed,no._seriously_injured,no._moderately_injured,no._minor-other_injured,month_num,month_label,season,day_label,time_label,time_band,is_peak_commute,is_fatal,is_injury,is_casualty
1346724,Non-casualty (towaway),Non-casualty (towaway),2024,2024,March,Wednesday,14:00 - 15:59,FOREST,WAY,0,Right on the spot,MORGAN,RD,BELROSE,529.0,No,Not a school zone,X-intersection,-33.722236,151.217148,Northern Beaches,Sydney metro. area,Syd-Newc-Woll Gtr conurbation,Straight,,,,Unknown / not stated,Sealed,Dry,Fine,Daylight,On,No traffic controls,80 km/h,State,39,Other same direction,300,Same - other,,Other angle,4 wheel drive / SUV,Semi-trailer,2,0,0,0,0,3,March,Autumn,Wednesday,14:00 - 15:59,Midday / afternoon,False,False,False,False
1346725,Non-casualty (towaway),Non-casualty (towaway),2024,2024,March,Thursday,10:00 - 11:59,LISMORE,RD,0,Right on the spot,BINNA BURRA,RD,BINNA BURRA,65.0,No,Not a school zone,T-junction,-28.709565,153.489962,Byron,Country urban,Rest of NSW - Urban,Curved,,,,Unknown / not stated,Sealed,Wet,Raining,Daylight,Nil,No traffic controls,80 km/h,State,85,Off rt/lft bnd=>obj,804,Off left bend into obj,Right,Vehicle - Object,Light truck utility(from 2018),,1,0,0,0,0,3,March,Autumn,Thursday,10:00 - 11:59,Midday / afternoon,False,False,False,False
1346726,Non-casualty (towaway),Non-casualty (towaway),2024,2024,March,Monday,18:00 - 19:59,MAUD,ST,20,North,LORNA,ST,WARATAH,605.0,No,Not a school zone,2-way undivided,-32.896248,151.720009,Newcastle,Newcastle met. area,Syd-Newc-Woll Gtr conurbation,Straight,,,,Unknown / not stated,Sealed,Wet,Overcast,Dusk,Nil,No traffic controls,60 km/h,State,20,Head on,201,Opp - Head on,,Head-on,Car (sedan/hatch),4 wheel drive / SUV,2,0,0,0,0,3,March,Autumn,Monday,18:00 - 19:59,PM peak / evening commute,True,False,False,False
1346727,Non-casualty (towaway),Non-casualty (towaway),2024,2024,March,Wednesday,18:00 - 19:59,COWPER,ST,0,Right on the spot,NELSON,ST,WALLSEND,,No,Not a school zone,T-junction,-32.90311,151.669645,Newcastle,Newcastle met. area,Syd-Newc-Woll Gtr conurbation,Straight,,,,Unknown / not stated,Sealed,Dry,Fine,Darkness,On,No traffic controls,60 km/h,Local,21,Right through,202,Opp - Right-thru,,Other angle,Car (sedan/hatch),4 wheel drive / SUV,2,0,0,0,0,3,March,Autumn,Wednesday,18:00 - 19:59,PM peak / evening commute,True,False,False,False
1346731,Non-casualty (towaway),Non-casualty (towaway),2024,2024,March,Monday,10:00 - 11:59,BRAHMAN,RD,0,Right on the spot,BRAHMAN,RD,BOX HILL,7205.0,No,Not a school zone,T-junction,-33.644661,150.882004,The Hills,Sydney metro. area,Syd-Newc-Woll Gtr conurbation,Curved,,,,Unknown / not stated,Sealed,Dry,Fine,Daylight,Nil,No traffic controls,80 km/h,Regional,42,Leaving parking,401,Manov - Leaving parking,,Other angle,Light truck,Car (sedan/hatch),2,0,0,0,0,3,March,Autumn,Monday,10:00 - 11:59,Midday / afternoon,False,False,False,False
1346734,Non-casualty (towaway),Non-casualty (towaway),2024,2024,March,Sunday,16:00 - 17:59,MIDDLE HARBOUR,RD,0,Right on the spot,NUMBER 94,HN,LINDFIELD,,No,Not a school zone,2-way undivided,-33.773986,151.179307,Ku-ring-gai,Sydney metro. area,Syd-Newc-Woll Gtr conurbation,Straight,Steep grade,,,Unknown / not stated,Sealed,Dry,Fine,Daylight,Nil,No traffic controls,50 km/h,Local,40,U turn,207,Opp - U-turn,,Other angle,Car (sedan/hatch),4 wheel drive / SUV,2,0,0,0,0,3,March,Autumn,Sunday,16:00 - 17:59,PM peak / evening commute,True,False,False,False
1346735,Non-casualty (towaway),Non-casualty (towaway),2024,2024,March,Tuesday,14:00 - 15:59,SHERWOOD,RD,0,Right on the spot,ENHANCE PETROL STATION,ENT,MERRYLANDS WEST,7251.0,No,Not a school zone,2-way undivided,-33.832701,150.969382,Cumberland,Sydney metro. area,Syd-Newc-Woll Gtr conurbation,Straight,Driveway/entrance,,,Unknown / not stated,Sealed,Dry,Fine,Daylight,Nil,No traffic controls,60 km/h,Regional,47,Emerging from drive,406,Manov - Emerging from driveway,,Right angle,Light truck utility(from 2018),Passenger van,2,0,0,0,0,3,March,Autumn,Tuesday,14:00 - 15:59,Midday / afternoon,False,False,False,False
1346736,Non-casualty (towaway),Non-casualty (towaway),2024,2024,March,Monday,14:00 - 15:59,PRINCES,HWY,0,Right on the spot,SUBWAY,RD,ROCKDALE,1.0,No,Not a school zone,T-junction,-33.955949,151.137664,Bayside,Sydney metro. area,Syd-Newc-Woll Gtr conurbation,Straight,,,,Unknown / not stated,Sealed,Dry,Fine,Daylight,Nil,No traffic controls,60 km/h,State,16,Left near,107,Adj - Left-thru from right,,Right angle,4 wheel drive / SUV,Car (sedan/hatch),2,0,0,0,0,3,March,Autumn,Monday,14:00 - 15:59,Midday / afternoon,False,False,False,False
1346737,Non-casualty (towaway),Non-casualty (towaway),2024,2024,March,Thursday,14:00 - 15:59,FRANCES,RD,0,Right on the spot,NUMBER 3,HN,PUTNEY,,No,Not a school zone,2-way undivided,-33.825985,151.108426,Ryde,Sydney metro. area,Syd-Newc-Woll Gtr conurbation,Straight,Steep grade,,,Unknown / not stated,Sealed,Dry,Fine,Daylight,Nil,No traffic controls,50 km/h,Local,71,Off rd left => obj,703,Left off cway into object,,Other angle,Car (sedan/hatch),Light truck utility(from 2018),2,0,0,0,0,3,March,Autumn,Thursday,14:00 - 15:59,Midday / afternoon,False,False,False,False
1346738,Non-casualty (towaway),Non-casualty (towaway),2024,2024,March,Saturday,12:00 - 13:59,MAJESTIC,DR,0,Right on the spot,STANHOPE,PKWY,STANHOPE GARDENS,,No,Not a school zone,Roundabout,-33.718956,150.929158,Blacktown,Sydney metro. area,Syd-Newc-Woll Gtr conurbation,Straight,,,,Unknown / not stated,Sealed,Dry,Fine,Daylight,Nil,Give way sign,60 km/h,Local,49,Other manoeuvring,400,Manov - other,,Other angle,Car (sedan/hatch),,1,0,0,0,0,3,March,Autumn,Saturday,12:00 - 13:59,Midday / afternoon,False,False,False,False
1346740,Non-casualty (towaway),Non-casualty (towaway),2024,2024,March,Tuesday,18:00 - 19:59,FOREST,RD,10,West,CROYDON,RD,HURSTVILLE,2101.0,Yes,No,T-junction,-33.962352,151.112695,Georges River,Sydney metro. area,Syd-Newc-Woll Gtr conurbation,Curved,,,,Unknown / not stated,Sealed,Dry,Fine,Darkness,On,No traffic controls,60 km/h,Regional,81,Off left/rt bnd=>obj,803,Off right bend into obj,Left,Vehicle - Object,4 wheel drive / SUV,,1,0,0,0,0,3,March,Autumn,Tuesday,18:00 - 19:59,PM peak / evening commute,True,False,False,False
1346744,Non-casualty (towaway),Non-casualty (towaway),2024,2024,March,Thursday,06:00 - 07:59,BARRENJOEY,RD,0,Right on the spot,SEABEACH,AVE,MONA VALE,164.0,No,Not a school zone,T-junction,-33.676096,151.309547,Northern Beaches,Sydney metro. area,Syd-Newc-Woll Gtr conurbation,Curved,,,,Unknown / not stated,Sealed,Dry,Fine,Dawn,Nil,Left turn only,60 km/h,State,16,Left near,107,Adj - Left-thru from right,,Right angle,Light truck,Car (sedan/hatch),2,0,0,0,0,3,March,Autumn,Thursday,06:00 - 07:59,AM peak / school commute,True,False,False,False
1346745,Non-casualty (towaway),Non-casualty (towaway),2024,2024,March,Saturday,14:00 - 15:59,PACIFIC,HWY,1470,North,MYALL RIVER,RD,BULAHDELAH,10.0,No,Not a school zone,Divided road,-32.455714,152.198039,Mid-Coast,Country non-urban,Rest of NSW - Rural,Curved,Other bridge,,,Unknown / not stated,Sealed,Dry,Fine,Daylight,Nil,No traffic controls,110 km/h,State,83,Off rt/rt bnd=>obj,803,Off right bend into obj,Right,Vehicle - Object,Car (sedan/hatch),,1,0,0,0,0,3,March,Autumn,Saturday,14:00 - 15:59,Midday / afternoon,False,False,False,False
1346747,Non-casualty (towaway),Non-casualty (towaway),2024,2024,March,Wednesday,12:00 - 13:59,PACIFIC,HWY,0,Right on the spot,CLANVILLE,RD,ROSEVILLE,10.0,No,Not a school zone,T-junction,-33.78326,151.174789,Ku-ring-gai,Sydney metro. area,Syd-Newc-Woll Gtr conurbation,Curved,,,,Unknown / not stated,Sealed,Dry,Fine,Daylight,On,No traffic controls,60 km/h,State,21,Right through,202,Opp - Right-thru,,Other angle,4 wheel drive / SUV,Car (sedan/hatch),2,0,0,0,0,3,March,Autumn,Wednesday,12:00 - 13:59,Midday / afternoon,False,False,False,False
1346749,Non-casualty (towaway),Non-casualty (towaway),2024,2024,March,Monday,06:00 - 07:59,SHELLY BEACH,RD,0,Right on the spot,NUMBER 36,HN,EAST BALLINA,,No,Not a school zone,2-way undivided,-28.860414,153.594932,Ballina,Country urban,Rest of NSW - Urban,Straight,Driveway/entrance,,,Unknown / not stated,Sealed,Dry,Fine,Daylight,Nil,No traffic controls,50 km/h,Local,49,Other manoeuvring,400,Manov - other,,Other angle,4 wheel drive / SUV,,1,0,0,0,0,3,March,Autumn,Monday,06:00 - 07:59,AM peak / school commute,True,False,False,False
1346752,Non-casualty (towaway),Non-casualty (towaway),2024,2024,March,Thursday,18:00 - 19:59,NEW SOUTH HEAD,RD,0,Right on the spot,DARLING POINT,RD,EDGECLIFF,173.0,No,Not a school zone,X-intersection,-33.878549,151.235181,Woollahra,Sydney metro. area,Syd-Newc-Woll Gtr conurbation,Curved,Steep grade,,,Unknown / not stated,Sealed,Dry,Fine,Daylight,On,No traffic controls,60 km/h,State,35,Lane change left,307,Same - Lane change left,,Other angle,Car (sedan/hatch),Station wagon,2,0,0,0,0,3,March,Autumn,Thursday,18:00 - 19:59,PM peak / evening commute,True,False,False,False
1346753,Non-casualty (towaway),Non-casualty (towaway),2024,2024,March,Tuesday,20:00 - 21:59,HUME,HWY,0,Right on the spot,NUMBER 696,HN,CASULA,2.0,No,Not a school zone,Divided road,-33.957475,150.888507,Liverpool,Sydney metro. area,Syd-Newc-Woll Gtr conurbation,Straight,,,,Unknown / not stated,Sealed,Dry,Fine,Darkness,Nil,No traffic controls,70 km/h,State,30,Rear end,301,Same - Rear end,,Rear end,Car (sedan/hatch),Utility,3,0,0,0,0,3,March,Autumn,Tuesday,20:00 - 21:59,Evening / night,False,False,False,False
1346757,Non-casualty (towaway),Non-casualty (towaway),2024,2024,March,Friday,08:00 - 09:59,NORTH,ST,0,Right on the spot,MATE,ST,ALBURY,688.0,No,Not a school zone,X-intersection,-36.068775,146.930467,Albury,Country urban,Rest of NSW - Urban,Straight,,,,Unknown / not stated,Sealed,Dry,Fine,Daylight,On,No traffic controls,60 km/h,Regional,19,Other adjacent,100,Adj - other,,Right angle,4 wheel drive / SUV,4 wheel drive / SUV,2,0,0,0,0,3,March,Autumn,Friday,08:00 - 09:59,AM peak / school commute,True,False,False,False
1346766,Non-casualty (towaway),Non-casualty (towaway),2024,2024,March,Monday,22:00 - Midnight,COWPASTURE,RD,0,Right on the spot,AIRFIELD,DR,LEN WATERS ESTATE,648.0,No,Not a school zone,T-junction,-33.917305,150.854375,Liverpool,Sydney metro. area,Syd-Newc-Woll Gtr conurbation,Straight,,,,Unknown / not stated,Sealed,Dry,Fine,Darkness,On,No traffic controls,70 km/h,State,30,Rear end,301,Same - Rear end,,Rear end,Car (sedan/hatch),Car (sedan/hatch),2,0,0,0,0,3,March,Autumn,Monday,22:00 - Midnight,Evening / night,False,False,False,False
1346767,Non-casualty (towaway),Non-casualty (towaway),2024,2024,March,Thursday,16:00 - 17:59,RYDE,RD,0,Right on the spot,NUMBER 162,HN,WEST PYMBLE,162.0,No,Not a school zone,Divided road,-33.762321,151.137555,Ku-ring-gai,Sydney metro. area,Syd-Newc-Woll Gtr conurbation,Straight,,,,Unknown / not stated,Sealed,Dry,Overcast,Daylight,Nil,No traffic controls,70 km/h,State,30,Rear end,301,Same - Rear end,,Rear end,Car (sedan/hatch),Car (sedan/hatch),2,0,0,0,0,3,March,Autumn,Thursday,16:00 - 17:59,PM peak / evening commute,True,False,False,False
1346769,Non-casualty (towaway),Non-casualty (towaway),2024,2024,March,Thursday,14:00 - 15:59,MURRAY,ST,0,Right on the spot,WALPOLE,ST,MERRYLANDS,,No,Not a school zone,T-junction,-33.82913,150.987814,Cumberland,Sydney metro. area,Syd-Newc-Woll Gtr conurbation,Straight,,,,Unknown / not stated,Sealed,Dry,Fine,Daylight,Nil,Give way sign,50 km/h,Local,49,Other manoeuvring,400,Manov - other,,Other angle,Unknown motor vehicle,Car (sedan/hatch),2,0,0,0,0,3,March,Autumn,Thursday,14:00 - 15:59,Midday / afternoon,False,False,False,False
1346770,Non-casualty (towaway),Non-casualty (towaway),2024,2024,March,Friday,16:00 - 17:59,BATH,RD,0,Right on the spot,NUMBER 127-141,HN,KIRRAWEE,,No,Not a school zone,2-way undivided,-34.029839,151.076695,Sutherland,Sydney metro. area,Syd-Newc-Woll Gtr conurbation,Straight,Driveway/entrance,,,Unknown / not stated,Sealed,Dry,Fine,Daylight,Nil,No traffic controls,50 km/h,Local,47,Emerging from drive,406,Manov - Emerging from driveway,,Right angle,Light truck utility(from 2018),4 wheel drive / SUV,2,0,0,0,0,3,March,Autumn,Friday,16:00 - 17:59,PM peak / evening commute,True,False,False,False
1346772,Non-casualty (towaway),Non-casualty (towaway),2024,2024,March,Wednesday,14:00 - 15:59,BRUXNER,HWY,0,Right on the spot,SNEATHS,RD,WOLLONGBAR,16.0,No,Not a school zone,T-junction,-28.821541,153.411373,Ballina,Country urban,Rest of NSW - Urban,Straight,,,,Unknown / not stated,Sealed,Dry,Fine,Daylight,Nil,Give way sign,80 km/h,State,20,Head on,201,Opp - Head on,,Head-on,4 wheel drive / SUV,Car (sedan/hatch),2,0,0,0,0,3,March,Autumn,Wednesday,14:00 - 15:59,Midday / afternoon,False,False,False,False
1346779,Non-casualty (towaway),Non-casualty (towaway),2024,2024,March,Tuesday,08:00 - 09:59,OLYMPIC,HWY,0,Right on the spot,TRAHAIRS,RD,BRUCEDALE,78.0,No,Not a school zone,T-junction,-35.043252,147.412469,Wagga Wagga,Country non-urban,Rest of NSW - Rural,Straight,,,,Unknown / not stated,Sealed,Dry,Fine,Daylight,Nil,Give way sign,100 km/h,State,32,Right rear,303,Same - Rear right,,Rear end,Semi-trailer,Car (sedan/hatch),2,0,0,0,0,3,March,Autumn,Tuesday,08:00 - 09:59,AM peak / school commute,True,False,False,False
1346783,Non-casualty (towaway),Non-casualty (towaway),2024,2024,February,Friday,14:00 - 15:59,NICHOLSON,PDE,0,Right on the spot,NUMBER 110B,HN,CRONULLA,,No,Not a school zone,2-way undivided,-34.065547,151.148852,Sutherland,Sydney metro. area,Syd-Newc-Woll Gtr conurbation,Straight,Steep grade,,,Unknown / not stated,Sealed,Dry,Fine,Daylight,Nil,No traffic controls,50 km/h,Local,71,Off rd left => obj,703,Left off cway into object,,Vehicle - Object,Car (sedan/hatch),,1,0,0,0,0,2,February,Summer,Friday,14:00 - 15:59,Midday / afternoon,False,False,False,False
1346784,Non-casualty (towaway),Non-casualty (towaway),2024,2024,March,Wednesday,14:00 - 15:59,MARION,ST,0,Right on the spot,RAMSAY,ST,HABERFIELD,2013.0,No,Not a school zone,T-junction,-33.884457,151.142079,Inner West,Sydney metro. area,Syd-Newc-Woll Gtr conurbation,Straight,,,,Unknown / not stated,Sealed,Wet,Overcast,Daylight,On,No traffic controls,50 km/h,Regional,21,Right through,202,Opp - Right-thru,,Other angle,Car (sedan/hatch),Car (sedan/hatch),2,0,0,0,0,3,March,Autumn,Wednesday,14:00 - 15:59,Midday / afternoon,False,False,False,False
1346787,Non-casualty (towaway),Non-casualty (towaway),2024,2024,March,Friday,18:00 - 19:59,HENRY LAWSON,DR,0,Right on the spot,SOUTH WESTERN,EXP,MILPERRA,508.0,No,Not a school zone,T-junction,-33.944929,150.9823,Canterbury-Bankstown,Sydney metro. area,Syd-Newc-Woll Gtr conurbation,Straight,,,,Unknown / not stated,Sealed,Dry,Fine,Darkness,Unknown / not stated,No traffic controls,60 km/h,State,30,Rear end,301,Same - Rear end,,Rear end,Car (sedan/hatch),4 wheel drive / SUV,3,0,0,0,0,3,March,Autumn,Friday,18:00 - 19:59,PM peak / evening commute,True,False,False,False
1346791,Non-casualty (towaway),Non-casualty (towaway),2024,2024,March,Wednesday,14:00 - 15:59,ALISON,CRES,0,Right on the spot,MENAI,RD,MENAI,,No,Not a school zone,Roundabout,-34.016256,151.013055,Sutherland,Sydney metro. area,Syd-Newc-Woll Gtr conurbation,Curved,,,,Unknown / not stated,Sealed,Dry,Overcast,Daylight,Nil,Give way sign,60 km/h,Local,21,Right through,202,Opp - Right-thru,,Other angle,4 wheel drive / SUV,4 wheel drive / SUV,2,0,0,0,0,3,March,Autumn,Wednesday,14:00 - 15:59,Midday / afternoon,False,False,False,False
1346794,Non-casualty (towaway),Non-casualty (towaway),2024,2024,March,Saturday,16:00 - 17:59,MONA VALE,RD,100,North,WOODBURY,RD,ST IVES,162.0,Yes,No,Divided road,-33.721116,151.171885,Ku-ring-gai,Sydney metro. area,Syd-Newc-Woll Gtr conurbation,Straight,,,,Unknown / not stated,Sealed,Dry,Fine,Daylight,Nil,No traffic controls,60 km/h,State,39,Other same direction,300,Same - other,,Other angle,Car (sedan/hatch),4 wheel drive / SUV,2,0,0,0,0,3,March,Autumn,Saturday,16:00 - 17:59,PM peak / evening commute,True,False,False,False
1346796,Non-casualty (towaway),Non-casualty (towaway),2024,2024,March,Tuesday,12:00 - 13:59,ROSEMONT,ST,80,North,PRINCES,HWY,WOLLONGONG,,No,Not a school zone,2-way undivided,-34.425286,150.877343,Wollongong,Wollongong met. area,Syd-Newc-Woll Gtr conurbation,Straight,,,,Unknown / not stated,Sealed,Unknown,Unknown,Daylight,Nil,No traffic controls,50 km/h,Local,42,Leaving parking,401,Manov - Leaving parking,,Other angle,4 wheel drive / SUV,Car (sedan/hatch),2,0,0,0,0,3,March,Autumn,Tuesday,12:00 - 13:59,Midday / afternoon,False,False,False,False
1346798,Non-casualty (towaway),Non-casualty (towaway),2024,2024,March,Saturday,00:01 - 01:59,EDEN,LANE,0,Right on the spot,VERA LEAP,RD,WEE WAA,,No,Not a school zone,T-junction,-30.234248,149.429149,Narrabri,Country urban,Rest of NSW - Urban,Straight,,,,Unknown / not stated,Sealed,Dry,Fine,Darkness,Nil,No traffic controls,80 km/h,Local,73,Off rd rght => obj,704,Right off cway into obj,,Vehicle - Object,4 wheel drive / SUV,,1,0,0,0,0,3,March,Autumn,Saturday,00:01 - 01:59,Late night / early morning,False,False,False,False
1346800,Non-casualty (towaway),Non-casualty (towaway),2024,2024,March,Thursday,18:00 - 19:59,CARY,ST,0,Right on the spot,THE BOULEVARDE,MS,TORONTO,217.0,No,Not a school zone,X-intersection,-33.013281,151.593204,Lake Macquarie,Newcastle met. area,Syd-Newc-Woll Gtr conurbation,Straight,,,,Unknown / not stated,Sealed,Dry,Fine,Dusk,On,No traffic controls,60 km/h,State,21,Right through,202,Opp - Right-thru,,Other angle,Car (sedan/hatch),Light truck utility(from 2018),2,0,0,0,0,3,March,Autumn,Thursday,18:00 - 19:59,PM peak / evening commute,True,False,False,False
1346801,Non-casualty (towaway),Non-casualty (towaway),2024,2024,March,Saturday,12:00 - 13:59,CARRINGTON,RD,0,Right on the spot,RENWICK,ST,MARRICKVILLE,,No,Not a school zone,X-intersection,-33.919809,151.155221,Inner West,Sydney metro. area,Syd-Newc-Woll Gtr conurbation,Straight,,,,Unknown / not stated,Sealed,Dry,Fine,Daylight,Nil,Stop sign,50 km/h,Local,21,Right through,202,Opp - Right-thru,,Other angle,Car (sedan/hatch),Car (sedan/hatch),2,0,0,0,0,3,March,Autumn,Saturday,12:00 - 13:59,Midday / afternoon,False,False,False,False
1346804,Non-casualty (towaway),Non-casualty (towaway),2024,2024,March,Sunday,08:00 - 09:59,VENTURER,PDE,0,Right on the spot,NUMBER 33,HN,LEPPINGTON,,No,Not a school zone,2-way undivided,-33.981054,150.807506,Camden,Sydney metro. area,Syd-Newc-Woll Gtr conurbation,Straight,,,,Unknown / not stated,Sealed,Dry,Fine,Daylight,Nil,No traffic controls,50 km/h,Local,29,Other opposing,200,Opp - other,,Other angle,Car (sedan/hatch),4 wheel drive / SUV,2,0,0,0,0,3,March,Autumn,Sunday,08:00 - 09:59,AM peak / school commute,True,False,False,False
1346806,Non-casualty (towaway),Non-casualty (towaway),2024,2024,March,Wednesday,18:00 - 19:59,PACIFIC,HWY,600,North,MACLEAY VALLEY WAY,OP,SOUTH KEMPSEY,10.0,No,Not a school zone,Divided road,-31.122232,152.8288,Kempsey,Country non-urban,Rest of NSW - Rural,Straight,Embankment/cutting,,,Unknown / not stated,Sealed,Wet,Overcast,Unknown,Nil,No traffic controls,110 km/h,State,71,Off rd left => obj,703,Left off cway into object,,Vehicle - Object,4 wheel drive / SUV,,1,0,0,0,0,3,March,Autumn,Wednesday,18:00 - 19:59,PM peak / evening commute,True,False,False,False
1346807,Non-casualty (towaway),Non-casualty (towaway),2024,2024,March,Thursday,12:00 - 13:59,COOLABAH,RD,0,Right on the spot,KANAHOOKA,RD,DAPTO,,No,Not a school zone,T-junction,-34.484964,150.804698,Wollongong,Wollongong met. area,Syd-Newc-Woll Gtr conurbation,Straight,,,,Unknown / not stated,Sealed,Dry,Fine,Daylight,Nil,Stop sign,60 km/h,Local,10,Cross traffic,101,Adj - Cross traffic,,Right angle,Car (sedan/hatch),Car (sedan/hatch),2,0,0,0,0,3,March,Autumn,Thursday,12:00 - 13:59,Midday / afternoon,False,False,False,False
1346808,Non-casualty (towaway),Non-casualty (towaway),2024,2024,February,Thursday,00:01 - 01:59,PUTTERS,CCT,0,Right on the spot,NUMBER 106,HN,BLACKTOWN,,No,Not a school zone,2-way undivided,-33.76218,150.901298,Blacktown,Sydney metro. area,Syd-Newc-Woll Gtr conurbation,Straight,Driveway/entrance,,,Unknown / not stated,Sealed,Dry,Overcast,Darkness,Nil,No traffic controls,50 km/h,Local,49,Other manoeuvring,400,Manov - other,,Other angle,4 wheel drive / SUV,Car (sedan/hatch),2,0,0,0,0,2,February,Summer,Thursday,00:01 - 01:59,Late night / early morning,False,False,False,False
1346809,Non-casualty (towaway),Non-casualty (towaway),2024,2024,March,Wednesday,10:00 - 11:59,RIVER,ST,48,East,GRANT,ST,BALLINA,,No,Not a school zone,2-way undivided,-28.869278,153.557432,Ballina,Country urban,Rest of NSW - Urban,Straight,,,,Unknown / not stated,Sealed,Dry,Fine,Daylight,Nil,No traffic controls,40 km/h,Local,39,Other same direction,300,Same - other,,Other angle,4 wheel drive / SUV,Car (sedan/hatch),2,0,0,0,0,3,March,Autumn,Wednesday,10:00 - 11:59,Midday / afternoon,False,False,False,False
1346811,Non-casualty (towaway),Non-casualty (towaway),2024,2024,March,Thursday,08:00 - 09:59,CLISBY,WAY,0,Right on the spot,FINUCANE,CRES,MATRAVILLE,,No,Not a school zone,T-junction,-33.958678,151.242435,Randwick,Sydney metro. area,Syd-Newc-Woll Gtr conurbation,Curved,Steep grade,,,Unknown / not stated,Sealed,Dry,Fine,Daylight,Nil,No traffic controls,50 km/h,Local,42,Leaving parking,401,Manov - Leaving parking,,Other angle,4 wheel drive / SUV,Car (sedan/hatch),2,0,0,0,0,3,March,Autumn,Thursday,08:00 - 09:59,AM peak / school commute,True,False,False,False
1346814,Non-casualty (towaway),Non-casualty (towaway),2024,2024,March,Saturday,18:00 - 19:59,RESERVOIR,RD,400,North,PROSPECT,HWY,PROSPECT,,No,Not a school zone,2-way undivided,-33.806809,150.921187,Blacktown,Sydney metro. area,Syd-Newc-Woll Gtr conurbation,Straight,,,,Unknown / not stated,Sealed,Dry,Fine,Dusk,Nil,No traffic controls,60 km/h,Local,39,Other same direction,300,Same - other,,Other angle,Car (sedan/hatch),Light truck utility(from 2018),2,0,0,0,0,3,March,Autumn,Saturday,18:00 - 19:59,PM peak / evening commute,True,False,False,False
1346816,Non-casualty (towaway),Non-casualty (towaway),2024,2024,March,Tuesday,16:00 - 17:59,STOKES,ST,0,Right on the spot,NUMBER 25,HN,LANE COVE NORTH,,No,Not a school zone,2-way undivided,-33.808873,151.174776,Lane Cove,Sydney metro. area,Syd-Newc-Woll Gtr conurbation,Straight,Driveway/entrance,,,Unknown / not stated,Sealed,Dry,Fine,Daylight,Nil,No traffic controls,50 km/h,Local,47,Emerging from drive,406,Manov - Emerging from driveway,,Right angle,Car (sedan/hatch),Car (sedan/hatch),2,0,0,0,0,3,March,Autumn,Tuesday,16:00 - 17:59,PM peak / evening commute,True,False,False,False
1346819,Non-casualty (towaway),Non-casualty (towaway),2024,2024,March,Saturday,12:00 - 13:59,PRINCES,HWY,0,Right on the spot,BAY,ST,ROCKDALE,1.0,No,Not a school zone,X-intersection,-33.952926,151.137616,Bayside,Sydney metro. area,Syd-Newc-Woll Gtr conurbation,Straight,,,,Unknown / not stated,Sealed,Dry,Fine,Daylight,On,No traffic controls,60 km/h,State,32,Right rear,303,Same - Rear right,,Rear end,Car (sedan/hatch),Car (sedan/hatch),2,0,0,0,0,3,March,Autumn,Saturday,12:00 - 13:59,Midday / afternoon,False,False,False,False
1346823,Non-casualty (towaway),Non-casualty (towaway),2024,2024,March,Saturday,06:00 - 07:59,CARROLL,RD,89,North,MURRAY,RD,EAST CORRIMAL,,Yes,No,2-way undivided,-34.375727,150.912462,Wollongong,Wollongong met. area,Syd-Newc-Woll Gtr conurbation,Straight,,,,Unknown / not stated,Sealed,Dry,Fine,Daylight,Nil,No traffic controls,50 km/h,Local,71,Off rd left => obj,703,Left off cway into object,,Other angle,Station wagon,4 wheel drive / SUV,3,0,0,0,0,3,March,Autumn,Saturday,06:00 - 07:59,AM peak / school commute,True,False,False,False
1346824,Non-casualty (towaway),Non-casualty (towaway),2024,2024,March,Saturday,14:00 - 15:59,WESTERN,EXP,0,Right on the spot,BURNETT STREET,TO,MERRYLANDS,6004.0,No,Not a school zone,Dual freeway,-33.825413,150.990747,Parramatta,Sydney metro. area,Syd-Newc-Woll Gtr conurbation,Straight,,,,Unknown / not stated,Sealed,Dry,Fine,Daylight,Nil,No traffic controls,90 km/h,State,34,Lane change right,306,Same - Lane change right,,Other angle,4 wheel drive / SUV,Car (sedan/hatch),3,0,0,0,0,3,March,Autumn,Saturday,14:00 - 15:59,Midday / afternoon,False,False,False,False
1346838,Non-casualty (towaway),Non-casualty (towaway),2024,2024,February,Monday,10:00 - 11:59,PRINCES,HWY,20,South,GERTRUDE,ST,WOLLI CREEK,1.0,No,Not a school zone,Divided road,-33.932926,151.153357,Bayside,Sydney metro. area,Syd-Newc-Woll Gtr conurbation,Straight,,,,Off,Sealed,Dry,Fine,Daylight,Nil,No traffic controls,60 km/h,State,33,Lane sideswipe,305,Same - Lane side swipe,,Other angle,Large rigid,Car (sedan/hatch),2,0,0,0,0,2,February,Summer,Monday,10:00 - 11:59,Midday / afternoon,False,False,False,False