crash_id,degree_of_crash,degree_of_crash_-_detailed,reporting_year,year_of_crash,month_of_crash,day_of_week_of_crash,two-hour_intervals,street_of_crash,street_type,distance,direction,identifying_feature,identifying_feature_type,town,route_no.,school_zone_location,school_zone_active,type_of_location,latitude,longitude,lga,urbanisation,conurbation_1,alignment,primary_permanent_feature,primary_temporary_feature,primary_hazardous_feature,street_lighting,road_surface,surface_condition,weather,natural_lighting,signals_operation,other_traffic_control,speed_limit,road_classification_(admin),rum_-_code,rum_-_description,dca_-_code,dca_-_description,dca_supplement,first_impact_type,key_tu_type,other_tu_type,no._of_traffic_units_involved,no._killed,no._seriously_injured,no._moderately_injured,no._minor-other_injured,month_num,month_label,season,day_label,time_label,time_band,is_peak_commute,is_fatal,is_injury,is_casualty
1346863,Non-casualty (towaway),Non-casualty (towaway),2024,2024,March,Thursday,08:00 - 09:59,CANLEY VALE,RD,0,Right on the spot,AVOCA,RD,CANLEY HEIGHTS,7224.0,No,Not a school zone,Roundabout,-33.882373,150.915153,Fairfield,Sydney metro. area,Syd-Newc-Woll Gtr conurbation,Straight,,,,Off,Sealed,Dry,Fine,Daylight,Nil,Give way sign,60 km/h,Regional,10,Cross traffic,101,Adj - Cross traffic,,Right angle,Car (sedan/hatch),Station wagon,2,0,0,0,0,3,March,Autumn,Thursday,08:00 - 09:59,AM peak / school commute,True,False,False,False
1346864,Non-casualty (towaway),Non-casualty (towaway),2024,2024,March,Wednesday,02:00 - 03:59,GOOLMA,RD,840,West,GUNTAWANG,RD,GULGONG,633.0,No,Not a school zone,2-way undivided,-32.404629,149.475718,Mid-Western Regional,Country non-urban,Rest of NSW - Rural,Curved,Painted double centre lines,,,Nil,Sealed,Dry,Fine,Darkness,Nil,No traffic controls,100 km/h,State,88,Out of cont on bend,805,Out of control on bend,,Rollover,Semi-trailer,,1,0,0,0,0,3,March,Autumn,Wednesday,02:00 - 03:59,Late night / early morning,False,False,False,False
1346905,Non-casualty (towaway),Non-casualty (towaway),2024,2024,February,Saturday,04:00 - 05:59,OLD KENT,RD,0,Right on the spot,NUMBER 158,HN,GREENACRE,,No,Not a school zone,2-way undivided,-33.913676,151.048631,Canterbury-Bankstown,Sydney metro. area,Syd-Newc-Woll Gtr conurbation,Straight,,,,On,Sealed,Dry,Fine,Darkness,Nil,No traffic controls,50 km/h,Local,71,Off rd left => obj,703,Left off cway into object,,Other angle,4 wheel drive / SUV,4 wheel drive / SUV,2,0,0,0,0,2,February,Summer,Saturday,04:00 - 05:59,Late night / early morning,False,False,False,False
1346907,Non-casualty (towaway),Non-casualty (towaway),2024,2024,January,Friday,18:00 - 19:59,UPPER TURON,RD,80,East,HARGRAVES,ST,SOFALA,,No,Not a school zone,2-way undivided,-33.080703,149.694701,Bathurst Regional,Country urban,Rest of NSW - Urban,Curved,,,,Nil,Sealed,Dry,Fine,Dusk,Nil,No traffic controls,40 km/h,Local,20,Head on,201,Opp - Head on,,Head-on,Light truck utility(from 2018),Light truck utility(from 2018),2,0,0,0,0,1,January,Summer,Friday,18:00 - 19:59,PM peak / evening commute,True,False,False,False
1346914,Non-casualty (towaway),Non-casualty (towaway),2024,2024,March,Tuesday,20:00 - 21:59,FROST,RD,50,South,ROBERT CONNELL,CL,ANNA BAY,,No,Not a school zone,2-way undivided,-32.760299,152.105213,Port Stephens,Country urban,Rest of NSW - Urban,Straight,Embankment/cutting,,,On,Sealed,Dry,Fine,Darkness,Nil,No traffic controls,80 km/h,Local,71,Off rd left => obj,703,Left off cway into object,,Vehicle - Object,4 wheel drive / SUV,,1,0,0,0,0,3,March,Autumn,Tuesday,20:00 - 21:59,Evening / night,False,False,False,False
1346919,Non-casualty (towaway),Non-casualty (towaway),2024,2024,March,Monday,16:00 - 17:59,WESTERN,EXP,400,West,CUMBERLAND HIGHWAY,TO,GREYSTANES,6004.0,No,Not a school zone,Dual freeway,-33.813755,150.953485,Cumberland,Sydney metro. area,Syd-Newc-Woll Gtr conurbation,Straight,,,,Off,Sealed,Dry,Fine,Daylight,Nil,No traffic controls,90 km/h,State,30,Rear end,301,Same - Rear end,,Rear end,Semi-trailer,Car (sedan/hatch),2,0,0,0,0,3,March,Autumn,Monday,16:00 - 17:59,PM peak / evening commute,True,False,False,False
1346930,Non-casualty (towaway),Non-casualty (towaway),2024,2024,March,Thursday,20:00 - 21:59,GREAT WESTERN,HWY,0,Right on the spot,WILLIAM,ST,BATHURST,5.0,No,Not a school zone,X-intersection,-33.416007,149.58355,Bathurst Regional,Country urban,Rest of NSW - Urban,Straight,,,,On,Sealed,Dry,Fine,Darkness,On,No traffic controls,60 km/h,State,30,Rear end,301,Same - Rear end,,Rear end,Light truck utility(from 2018),Car (sedan/hatch),2,0,0,0,0,3,March,Autumn,Thursday,20:00 - 21:59,Evening / night,False,False,False,False
1346942,Non-casualty (towaway),Non-casualty (towaway),2024,2024,March,Saturday,18:00 - 19:59,GLEBE,RD,0,Right on the spot,WOOD,ST,ADAMSTOWN,188.0,No,Not a school zone,T-junction,-32.933594,151.721558,Newcastle,Newcastle met. area,Syd-Newc-Woll Gtr conurbation,Straight,,,,On,Sealed,Dry,Fine,Dusk,Nil,Give way sign,60 km/h,Regional,16,Left near,107,Adj - Left-thru from right,,Right angle,Car (sedan/hatch),Car (sedan/hatch),2,0,0,0,0,3,March,Autumn,Saturday,18:00 - 19:59,PM peak / evening commute,True,False,False,False
1346946,Non-casualty (towaway),Non-casualty (towaway),2024,2024,March,Monday,00:01 - 01:59,TARALGA,RD,0,Right on the spot,NUMBER 1203,HN,TARLO,256.0,No,Not a school zone,2-way undivided,-34.656064,149.788752,Goulburn Mulwaree,Country non-urban,Rest of NSW - Rural,Straight,,,,Nil,Sealed,Dry,Fine,Darkness,Nil,No traffic controls,100 km/h,Regional,73,Off rd rght => obj,704,Right off cway into obj,,Vehicle - Object,4 wheel drive / SUV,,1,0,0,0,0,3,March,Autumn,Monday,00:01 - 01:59,Late night / early morning,False,False,False,False
1346949,Non-casualty (towaway),Non-casualty (towaway),2024,2024,March,Thursday,22:00 - Midnight,URANA,RD,200,South,BEACON,LANE,LAVINGTON,125.0,No,Not a school zone,2-way undivided,-36.0184,146.906169,Albury,Country non-urban,Rest of NSW - Rural,Curved,Painted double centre lines,,,Nil,Sealed,Dry,Fine,Darkness,Nil,No traffic controls,100 km/h,Regional,85,Off rt/lft bnd=>obj,804,Off left bend into obj,Right,Vehicle - Object,Car (sedan/hatch),,1,0,0,0,0,3,March,Autumn,Thursday,22:00 - Midnight,Evening / night,False,False,False,False
1346971,Non-casualty (towaway),Non-casualty (towaway),2024,2024,March,Sunday,20:00 - 21:59,EVANS,ST,0,Right on the spot,GLEBE,ST,WOLLONGONG,,No,Not a school zone,X-intersection,-34.431141,150.895143,Wollongong,Wollongong met. area,Syd-Newc-Woll Gtr conurbation,Straight,,,,On,Sealed,Wet,Raining,Darkness,Nil,Give way sign,50 km/h,Local,10,Cross traffic,101,Adj - Cross traffic,,Right angle,Car (sedan/hatch),Car (sedan/hatch),2,0,0,0,0,3,March,Autumn,Sunday,20:00 - 21:59,Evening / night,False,False,False,False
1346986,Non-casualty (towaway),Non-casualty (towaway),2024,2024,March,Tuesday,00:01 - 01:59,KALANG,RD,0,Right on the spot,NUMBER 152,HN,EDENSOR PARK,,No,Not a school zone,2-way undivided,-33.885469,150.879124,Fairfield,Sydney metro. area,Syd-Newc-Woll Gtr conurbation,Straight,,,,On,Sealed,Wet,Fine,Darkness,Nil,No traffic controls,50 km/h,Local,71,Off rd left => obj,703,Left off cway into object,,Other angle,4 wheel drive / SUV,Car (sedan/hatch),2,0,0,0,0,3,March,Autumn,Tuesday,00:01 - 01:59,Late night / early morning,False,False,False,False
1346996,Non-casualty (towaway),Non-casualty (towaway),2024,2024,February,Thursday,22:00 - Midnight,WILBURTREE,ST,100,East,HOLLAND,ST,SOUTH TAMWORTH,,No,Not a school zone,2-way undivided,-31.117132,150.914409,Tamworth Regional,Country urban,Rest of NSW - Urban,Curved,,,,On,Sealed,Dry,Fine,Darkness,Nil,No traffic controls,50 km/h,Local,81,Off left/rt bnd=>obj,803,Off right bend into obj,Left,Vehicle - Object,Motorcycle,,1,0,0,0,0,2,February,Summer,Thursday,22:00 - Midnight,Evening / night,False,False,False,False
1347002,Non-casualty (towaway),Non-casualty (towaway),2024,2024,February,Thursday,08:00 - 09:59,THE HORSLEY,DR,0,Right on the spot,POLDING,ST,FAIRFIELD,609.0,No,Not a school zone,X-intersection,-33.863953,150.954285,Fairfield,Sydney metro. area,Syd-Newc-Woll Gtr conurbation,Straight,,,,Off,Sealed,Dry,Fine,Daylight,On,No traffic controls,60 km/h,State,16,Left near,107,Adj - Left-thru from right,,Right angle,Car (sedan/hatch),Car (sedan/hatch),2,0,0,0,0,2,February,Summer,Thursday,08:00 - 09:59,AM peak / school commute,True,False,False,False
1347007,Non-casualty (towaway),Non-casualty (towaway),2024,2024,March,Saturday,04:00 - 05:59,DONNELLY,ST,0,Right on the spot,MARKHAM,ST,ARMIDALE,,No,Not a school zone,Roundabout,-30.505946,151.661201,Armidale Regional,Country urban,Rest of NSW - Urban,Straight,Steep grade,,,On,Sealed,Wet,Raining,Darkness,Nil,Give way sign,50 km/h,Local,73,Off rd rght => obj,704,Right off cway into obj,,Vehicle - Object,Station wagon,,1,0,0,0,0,3,March,Autumn,Saturday,04:00 - 05:59,Late night / early morning,False,False,False,False
1347008,Non-casualty (towaway),Non-casualty (towaway),2024,2024,January,Tuesday,16:00 - 17:59,PITT,ST,0,Right on the spot,NAPIER,ST,PARRAMATTA,2098.0,No,Not a school zone,X-intersection,-33.82048,150.995925,Parramatta,Sydney metro. area,Syd-Newc-Woll Gtr conurbation,Straight,,,,Off,Sealed,Dry,Fine,Daylight,Nil,Give way sign,60 km/h,Regional,81,Off left/rt bnd=>obj,707,Right turn,Left,Vehicle - Object,Car (sedan/hatch),,1,0,0,0,0,1,January,Summer,Tuesday,16:00 - 17:59,PM peak / evening commute,True,False,False,False
1347024,Non-casualty (towaway),Non-casualty (towaway),2024,2024,March,Friday,12:00 - 13:59,BLAXLAND,RD,45,North,PRINCES,ST,RYDE,139.0,No,Not a school zone,2-way undivided,-33.815876,151.108939,Ryde,Sydney metro. area,Syd-Newc-Woll Gtr conurbation,Straight,,,,Off,Sealed,Wet,Raining,Daylight,Nil,No traffic controls,60 km/h,State,71,Off rd left => obj,703,Left off cway into object,,Vehicle - Object,Car (sedan/hatch),,1,0,0,0,0,3,March,Autumn,Friday,12:00 - 13:59,Midday / afternoon,False,False,False,False
1347034,Non-casualty (towaway),Non-casualty (towaway),2024,2024,February,Monday,22:00 - Midnight,BYRON,RD,20,South,GUERNSEY,ST,GUILDFORD,,No,Not a school zone,2-way undivided,-33.859767,150.975857,Cumberland,Sydney metro. area,Syd-Newc-Woll Gtr conurbation,Straight,Spd hump/slow pt/chc,,,On,Sealed,Dry,Fine,Darkness,Nil,No traffic controls,50 km/h,Local,64,Perm obstruction,605,On path - Hit obstruction,,Vehicle - Object,Car (sedan/hatch),,1,0,0,0,0,2,February,Summer,Monday,22:00 - Midnight,Evening / night,False,False,False,False
1347041,Non-casualty (towaway),Non-casualty (towaway),2024,2024,February,Sunday,12:00 - 13:59,KING,ST,0,Right on the spot,NUMBER 39,HN,CONCORD WEST,,No,Not a school zone,2-way undivided,-33.845331,151.084598,Canada Bay,Sydney metro. area,Syd-Newc-Woll Gtr conurbation,Straight,Driveway/entrance,,,Off,Sealed,Dry,Fine,Daylight,Nil,No traffic controls,50 km/h,Local,41,U turn into object,207,Opp - U-turn,,Other angle,Car (sedan/hatch),Light truck utility(from 2018),2,0,0,0,0,2,February,Summer,Sunday,12:00 - 13:59,Midday / afternoon,False,False,False,False
1347044,Non-casualty (towaway),Non-casualty (towaway),2024,2024,March,Monday,20:00 - 21:59,YAMBA,RD,10,West,ORION,DR,YAMBA,152.0,No,Not a school zone,T-junction,-29.428716,153.322294,Clarence Valley,Country urban,Rest of NSW - Urban,Straight,,,,On,Sealed,Dry,Fine,Darkness,Nil,Give way sign,50 km/h,Regional,71,Off rd left => obj,703,Left off cway into object,,Other angle,Car (sedan/hatch),Car (sedan/hatch),3,0,0,0,0,3,March,Autumn,Monday,20:00 - 21:59,Evening / night,False,False,False,False
1347045,Non-casualty (towaway),Non-casualty (towaway),2024,2024,March,Saturday,04:00 - 05:59,PACIFIC,HWY,100,North,WATSONS LANE,OP,NEWRYBAR,10.0,No,Not a school zone,Divided road,-28.720403,153.534109,Ballina,Country non-urban,Rest of NSW - Rural,Straight,,,,On,Sealed,Wet,Raining,Darkness,Nil,No traffic controls,110 km/h,State,71,Off rd left => obj,703,Left off cway into object,,Vehicle - Object,4 wheel drive / SUV,,1,0,0,0,0,3,March,Autumn,Saturday,04:00 - 05:59,Late night / early morning,False,False,False,False
1347052,Non-casualty (towaway),Non-casualty (towaway),2024,2024,March,Tuesday,16:00 - 17:59,ERNEST,ST,50,West,LEWIS,ST,BALGOWLAH HEIGHTS,,No,Not a school zone,2-way undivided,-33.804401,151.258024,Northern Beaches,Sydney metro. area,Syd-Newc-Woll Gtr conurbation,Straight,,,,Nil,Sealed,Dry,Fine,Daylight,Nil,No traffic controls,50 km/h,Local,71,Off rd left => obj,703,Left off cway into object,,Other angle,Car (sedan/hatch),Car (sedan/hatch),2,0,0,0,0,3,March,Autumn,Tuesday,16:00 - 17:59,PM peak / evening commute,True,False,False,False
1347061,Non-casualty (towaway),Non-casualty (towaway),2024,2024,February,Monday,00:01 - 01:59,PARKLANDS,AVE,50,South,WILLOW,WAY,LEONAY,,No,Not a school zone,2-way undivided,-33.769671,150.649363,Penrith,Sydney metro. area,Syd-Newc-Woll Gtr conurbation,Straight,,,,On,Sealed,Dry,Fine,Darkness,Nil,No traffic controls,50 km/h,Local,71,Off rd left => obj,703,Left off cway into object,,Other angle,Light truck utility(from 2018),Car (sedan/hatch),3,0,0,0,0,2,February,Summer,Monday,00:01 - 01:59,Late night / early morning,False,False,False,False
1347070,Non-casualty (towaway),Non-casualty (towaway),2024,2024,March,Monday,04:00 - 05:59,WHITE,ST,0,Right on the spot,NUMBER 92,HN,LILYFIELD,,No,Not a school zone,2-way undivided,-33.874699,151.168354,Inner West,Sydney metro. area,Syd-Newc-Woll Gtr conurbation,Straight,,,,On,Sealed,Dry,Fine,Darkness,Nil,No traffic controls,50 km/h,Local,73,Off rd rght => obj,704,Right off cway into obj,,Other angle,Light truck utility(from 2018),Car (sedan/hatch),2,0,0,0,0,3,March,Autumn,Monday,04:00 - 05:59,Late night / early morning,False,False,False,False
1347074,Non-casualty (towaway),Non-casualty (towaway),2024,2024,February,Monday,02:00 - 03:59,RURAL,DR,500,South,WALLSEND,RD,SANDGATE,,No,Not a school zone,2-way undivided,-32.875564,151.709494,Newcastle,Newcastle met. area,Syd-Newc-Woll Gtr conurbation,Straight,,,,On,Sealed,Dry,Fine,Darkness,Nil,No traffic controls,50 km/h,Local,73,Off rd rght => obj,704,Right off cway into obj,,Vehicle - Object,Car (sedan/hatch),,1,0,0,0,0,2,February,Summer,Monday,02:00 - 03:59,Late night / early morning,False,False,False,False
1347077,Non-casualty (towaway),Non-casualty (towaway),2024,2024,March,Wednesday,08:00 - 09:59,WARNERS BAY,RD,0,Right on the spot,NEWCASTLE INNER CITY,BYPA,CHARLESTOWN,325.0,No,Not a school zone,Roundabout,-32.974994,151.678778,Lake Macquarie,Newcastle met. area,Syd-Newc-Woll Gtr conurbation,Straight,Embankment/cutting,,,Unknown / not stated,Sealed,Dry,Overcast,Daylight,Nil,Give way sign,60 km/h,Regional,81,Off left/rt bnd=>obj,707,Right turn,Left,Vehicle - Object,Car (sedan/hatch),,1,0,0,0,0,3,March,Autumn,Wednesday,08:00 - 09:59,AM peak / school commute,True,False,False,False
1347088,Non-casualty (towaway),Non-casualty (towaway),2024,2024,January,Monday,18:00 - 19:59,EASTERN VALLEY,WAY,0,Right on the spot,NUMBER 356,HN,MIDDLE COVE,599.0,No,Not a school zone,2-way undivided,-33.787415,151.201791,Willoughby,Sydney metro. area,Syd-Newc-Woll Gtr conurbation,Straight,Painted double centre lines,,,Unknown / not stated,Sealed,Dry,Fine,Daylight,Nil,No traffic controls,60 km/h,State,20,Head on,201,Opp - Head on,,Head-on,Station wagon,Car (sedan/hatch),2,0,0,0,0,1,January,Summer,Monday,18:00 - 19:59,PM peak / evening commute,True,False,False,False
1347096,Non-casualty (towaway),Non-casualty (towaway),2024,2024,February,Sunday,16:00 - 17:59,THUNDERBOLTS,WAY,1000,North,GIRO,RD,BAXTERS RIDGE,7719.0,No,Not a school zone,2-way undivided,-31.728614,151.868769,Mid-Coast,Country urban,Rest of NSW - Urban,Curved,Embankment/cutting,,,Unknown / not stated,Sealed,Wet,Raining,Daylight,Nil,No traffic controls,80 km/h,Regional,81,Off left/rt bnd=>obj,803,Off right bend into obj,Left,Vehicle - Object,Utility,,1,0,0,0,0,2,February,Summer,Sunday,16:00 - 17:59,PM peak / evening commute,True,False,False,False
1347097,Non-casualty (towaway),Non-casualty (towaway),2024,2024,February,Wednesday,00:01 - 01:59,PACIFIC,HWY,1000,South,NERONG,RD,NERONG,10.0,No,Not a school zone,Divided road,-32.547171,152.159505,Mid-Coast,Country non-urban,Rest of NSW - Rural,Curved,,,,Unknown / not stated,Sealed,Wet,Fog or mist,Darkness,Nil,No traffic controls,110 km/h,State,82,Off right/right bend,801,Off cway right bend,Right,Rollover,Semi-trailer,,1,0,0,0,0,2,February,Summer,Wednesday,00:01 - 01:59,Late night / early morning,False,False,False,False
1347098,Non-casualty (towaway),Non-casualty (towaway),2024,2024,March,Friday,20:00 - 21:59,HUNTER,EXP,4000,South,LOVEDALE ROAD,OP,KEINBAH,6011.0,No,Not a school zone,Dual freeway,-32.750341,151.429869,Cessnock,Country non-urban,Rest of NSW - Rural,Straight,,,,Unknown / not stated,Sealed,Dry,Overcast,Darkness,Nil,No traffic controls,110 km/h,State,71,Off rd left => obj,703,Left off cway into object,,Vehicle - Object,Car (sedan/hatch),,1,0,0,0,0,3,March,Autumn,Friday,20:00 - 21:59,Evening / night,False,False,False,False
1347099,Non-casualty (towaway),Non-casualty (towaway),2024,2024,February,Wednesday,20:00 - 21:59,BRITANNIA,RD,0,Right on the spot,TUCKWELL,RD,CASTLE HILL,,No,Not a school zone,Roundabout,-33.721993,151.00153,The Hills,Sydney metro. area,Syd-Newc-Woll Gtr conurbation,Straight,,,,Unknown / not stated,Sealed,Dry,Fine,Darkness,Nil,Give way sign,50 km/h,Local,11,Right far,102,Adj - Right-thru from left,,Right angle,Car (sedan/hatch),Car (sedan/hatch),2,0,0,0,0,2,February,Summer,Wednesday,20:00 - 21:59,Evening / night,False,False,False,False
1347100,Non-casualty (towaway),Non-casualty (towaway),2024,2024,February,Thursday,08:00 - 09:59,CHARLOTTE,ST,50,West,MOSS VALE,RD,BURRADOO,,Yes,Yes,2-way undivided,-34.506026,150.405441,Wingecarribee,Country urban,Rest of NSW - Urban,Straight,,,,Unknown / not stated,Sealed,Dry,Fine,Daylight,Nil,No traffic controls,40 km/h,Local,42,Leaving parking,401,Manov - Leaving parking,,Other angle,4 wheel drive / SUV,Other bus,2,0,0,0,0,2,February,Summer,Thursday,08:00 - 09:59,AM peak / school commute,True,False,False,False
1347102,Non-casualty (towaway),Non-casualty (towaway),2024,2024,March,Thursday,10:00 - 11:59,SILSOE,ST,0,Right on the spot,NUMBER 65,HN,MAYFIELD,,No,Not a school zone,2-way undivided,-32.905114,151.742673,Newcastle,Newcastle met. area,Syd-Newc-Woll Gtr conurbation,Straight,,,,Unknown / not stated,Sealed,Dry,Fine,Daylight,Nil,No traffic controls,50 km/h,Local,71,Off rd left => obj,703,Left off cway into object,,Vehicle - Object,Car (sedan/hatch),,2,0,0,0,0,3,March,Autumn,Thursday,10:00 - 11:59,Midday / afternoon,False,False,False,False
1347103,Non-casualty (towaway),Non-casualty (towaway),2024,2024,March,Wednesday,06:00 - 07:59,BURRENDONG,WAY,0,Right on the spot,NUMBER 2610,HN,KERRS CREEK,573.0,No,Not a school zone,2-way undivided,-33.074359,149.070723,Cabonne,Country non-urban,Rest of NSW - Rural,Curved,Embankment/cutting,,,Unknown / not stated,Sealed,Dry,Fine,Daylight,Nil,No traffic controls,100 km/h,Regional,81,Off left/rt bnd=>obj,803,Off right bend into obj,Left,Vehicle - Object,Light truck utility(from 2018),,1,0,0,0,0,3,March,Autumn,Wednesday,06:00 - 07:59,AM peak / school commute,True,False,False,False
1347107,Non-casualty (towaway),Non-casualty (towaway),2024,2024,February,Sunday,18:00 - 19:59,M7 WESTLINK,EXP,200,North,THE HORSLEY DRIVE,OP,HORSLEY PARK,6009.0,No,Not a school zone,Dual freeway,-33.839898,150.855602,Fairfield,Sydney metro. area,Syd-Newc-Woll Gtr conurbation,Straight,,,,Unknown / not stated,Sealed,Dry,Fine,Dusk,Nil,No traffic controls,100 km/h,State,73,Off rd rght => obj,704,Right off cway into obj,,Vehicle - Object,4 wheel drive / SUV,,1,0,0,0,0,2,February,Summer,Sunday,18:00 - 19:59,PM peak / evening commute,True,False,False,False
1347111,Non-casualty (towaway),Non-casualty (towaway),2024,2024,February,Sunday,08:00 - 09:59,PACIFIC,HWY,100,South,TALAWAHL CREEK REST AREA,OT,POSSUM BRUSH,10.0,No,Not a school zone,Divided road,-32.048813,152.446175,Mid-Coast,Country non-urban,Rest of NSW - Rural,Straight,,,,Unknown / not stated,Sealed,Dry,Fine,Daylight,Nil,No traffic controls,110 km/h,State,71,Off rd left => obj,703,Left off cway into object,,Vehicle - Object,Light truck utility(from 2018),,1,0,0,0,0,2,February,Summer,Sunday,08:00 - 09:59,AM peak / school commute,True,False,False,False
1347116,Non-casualty (towaway),Non-casualty (towaway),2024,2024,March,Tuesday,14:00 - 15:59,M7 WESTLINK,EXP,1000,South,POWER STREET,OP,ROOTY HILL,6009.0,No,Not a school zone,Dual freeway,-33.761037,150.846825,Blacktown,Sydney metro. area,Syd-Newc-Woll Gtr conurbation,Straight,,,,Unknown / not stated,Sealed,Dry,Fine,Daylight,Nil,No traffic controls,100 km/h,State,30,Rear end,301,Same - Rear end,,Rear end,4 wheel drive / SUV,Car (sedan/hatch),3,0,0,0,0,3,March,Autumn,Tuesday,14:00 - 15:59,Midday / afternoon,False,False,False,False
1347121,Non-casualty (towaway),Non-casualty (towaway),2024,2024,March,Friday,14:00 - 15:59,NEWCASTLE,EXP,2000,South,MANDALONG ROAD,TO,MORISSET,6003.0,No,Not a school zone,Dual freeway,-33.13879,151.475889,Lake Macquarie,Newcastle met. area,Syd-Newc-Woll Gtr conurbation,Curved,,,,Unknown / not stated,Sealed,Dry,Fine,Daylight,Nil,No traffic controls,110 km/h,State,30,Rear end,301,Same - Rear end,,Rear end,Light truck utility(from 2018),Car (sedan/hatch),2,0,0,0,0,3,March,Autumn,Friday,14:00 - 15:59,Midday / afternoon,False,False,False,False
1347125,Non-casualty (towaway),Non-casualty (towaway),2024,2024,March,Tuesday,16:00 - 17:59,NORTH ROCKS,RD,0,Right on the spot,NUMBER 60-,HN,NORTH ROCKS,7144.0,No,Not a school zone,2-way undivided,-33.789546,151.004776,Parramatta,Sydney metro. area,Syd-Newc-Woll Gtr conurbation,Straight,Steep grade,,,Unknown / not stated,Sealed,Dry,Fine,Dusk,Nil,No traffic controls,60 km/h,Regional,71,Off rd left => obj,703,Left off cway into object,,Other angle,4 wheel drive / SUV,Car (sedan/hatch),2,0,0,0,0,3,March,Autumn,Tuesday,16:00 - 17:59,PM peak / evening commute,True,False,False,False
1347128,Non-casualty (towaway),Non-casualty (towaway),2024,2024,March,Thursday,12:00 - 13:59,SOLITARY ISLANDS,WAY,240,South,HEARNES LAKE,DR,WOOLGOOLGA,,No,Not a school zone,2-way undivided,-30.132635,153.194088,Coffs Harbour,Country urban,Rest of NSW - Urban,Curved,Other bridge,,,Nil,Sealed,Wet,Raining,Daylight,Nil,No traffic controls,60 km/h,Local,81,Off left/rt bnd=>obj,803,Off right bend into obj,Left,Vehicle - Object,Station wagon,,1,0,0,0,0,3,March,Autumn,Thursday,12:00 - 13:59,Midday / afternoon,False,False,False,False
1347129,Non-casualty (towaway),Non-casualty (towaway),2024,2024,March,Thursday,06:00 - 07:59,WILLIAM,ST,10,East,DOROTHY,ST,MURWILLUMBAH,,No,Not a school zone,T-junction,-28.328078,153.383204,Tweed,Country urban,Rest of NSW - Urban,Straight,,,,Unknown / not stated,Sealed,Dry,Fine,Daylight,Nil,No traffic controls,50 km/h,Local,71,Off rd left => obj,703,Left off cway into object,,Other angle,4 wheel drive / SUV,Light truck utility(from 2018),2,0,0,0,0,3,March,Autumn,Thursday,06:00 - 07:59,AM peak / school commute,True,False,False,False
1347132,Non-casualty (towaway),Non-casualty (towaway),2024,2024,March,Sunday,12:00 - 13:59,SOUTH,AVE,204,South,WEST,AVE,CESSNOCK,,No,Not a school zone,2-way undivided,-32.838092,151.35199,Cessnock,Country urban,Rest of NSW - Urban,Straight,,,,Unknown / not stated,Sealed,Dry,Fine,Daylight,Nil,No traffic controls,50 km/h,Local,71,Off rd left => obj,703,Left off cway into object,,Vehicle - Object,Light truck,,1,0,0,0,0,3,March,Autumn,Sunday,12:00 - 13:59,Midday / afternoon,False,False,False,False
1347135,Non-casualty (towaway),Non-casualty (towaway),2024,2024,March,Wednesday,12:00 - 13:59,WINDSOR,RD,0,Right on the spot,FLETCHER,ST,NORTHMEAD,184.0,No,Not a school zone,X-intersection,-33.78641,150.995437,Parramatta,Sydney metro. area,Syd-Newc-Woll Gtr conurbation,Straight,,,,Unknown / not stated,Sealed,Wet,Raining,Daylight,On,No traffic controls,60 km/h,State,10,Cross traffic,101,Adj - Cross traffic,,Right angle,Car (sedan/hatch),Other bus,2,0,0,0,0,3,March,Autumn,Wednesday,12:00 - 13:59,Midday / afternoon,False,False,False,False
1347138,Non-casualty (towaway),Non-casualty (towaway),2024,2024,March,Sunday,22:00 - Midnight,PACIFIC,HWY,500,North,NANCY BIRD WALTON DRIVE,TO,KEW,10.0,No,Not a school zone,Divided road,-31.642027,152.722379,Port Macquarie-Hastings,Country non-urban,Rest of NSW - Rural,Curved,,,,Unknown / not stated,Sealed,Dry,Fine,Darkness,Nil,No traffic controls,110 km/h,State,30,Rear end,301,Same - Rear end,,Rear end,Station wagon,Light truck utility(from 2018),2,0,0,0,0,3,March,Autumn,Sunday,22:00 - Midnight,Evening / night,False,False,False,False
1347139,Non-casualty (towaway),Non-casualty (towaway),2024,2024,February,Sunday,12:00 - 13:59,PUNCHBOWL,RD,0,Right on the spot,ROSSMORE,AVE,PUNCHBOWL,549.0,No,Not a school zone,T-junction,-33.925852,151.05434,Canterbury-Bankstown,Sydney metro. area,Syd-Newc-Woll Gtr conurbation,Straight,,,,Unknown / not stated,Sealed,Dry,Fine,Daylight,On,No traffic controls,60 km/h,State,30,Rear end,301,Same - Rear end,,Rear end,Car (sedan/hatch),4 wheel drive / SUV,3,0,0,0,0,2,February,Summer,Sunday,12:00 - 13:59,Midday / afternoon,False,False,False,False