crash_id,degree_of_crash,degree_of_crash_-_detailed,reporting_year,year_of_crash,month_of_crash,day_of_week_of_crash,two-hour_intervals,street_of_crash,street_type,distance,direction,identifying_feature,identifying_feature_type,town,route_no.,school_zone_location,school_zone_active,type_of_location,latitude,longitude,lga,urbanisation,conurbation_1,alignment,primary_permanent_feature,primary_temporary_feature,primary_hazardous_feature,street_lighting,road_surface,surface_condition,weather,natural_lighting,signals_operation,other_traffic_control,speed_limit,road_classification_(admin),rum_-_code,rum_-_description,dca_-_code,dca_-_description,dca_supplement,first_impact_type,key_tu_type,other_tu_type,no._of_traffic_units_involved,no._killed,no._seriously_injured,no._moderately_injured,no._minor-other_injured,month_num,month_label,season,day_label,time_label,time_band,is_peak_commute,is_fatal,is_injury,is_casualty
1347140,Non-casualty (towaway),Non-casualty (towaway),2024,2024,January,Tuesday,12:00 - 13:59,PACIFIC,HWY,0,Right on the spot,TYAGARAH,RD,TYAGARAH,10.0,No,Not a school zone,T-junction,-28.608065,153.546629,Byron,Country non-urban,Rest of NSW - Rural,Straight,,,,Unknown / not stated,Sealed,Dry,Fine,Daylight,Nil,Give way sign,100 km/h,State,53,Overtake turning,506,Ovtak - Overtaking right turn,,Other angle,4 wheel drive / SUV,Light truck,2,0,0,0,0,1,January,Summer,Tuesday,12:00 - 13:59,Midday / afternoon,False,False,False,False
1347142,Non-casualty (towaway),Non-casualty (towaway),2024,2024,March,Thursday,16:00 - 17:59,CURRINGA,RD,40,West,SANSOM,ST,KARIONG,,No,Not a school zone,2-way undivided,-33.435179,151.292692,Central Coast,Country urban,Syd-Newc-Woll Gtr conurbation,Straight,,,,Unknown / not stated,Sealed,Dry,Fine,Daylight,Nil,No traffic controls,50 km/h,Local,71,Off rd left => obj,703,Left off cway into object,,Other angle,Light truck utility(from 2018),4 wheel drive / SUV,2,0,0,0,0,3,March,Autumn,Thursday,16:00 - 17:59,PM peak / evening commute,True,False,False,False
1347144,Non-casualty (towaway),Non-casualty (towaway),2024,2024,March,Tuesday,18:00 - 19:59,CROUDACE,ST,10,North,PRIDE,AVE,LAMBTON,23.0,No,Not a school zone,T-junction,-32.916751,151.703527,Newcastle,Newcastle met. area,Syd-Newc-Woll Gtr conurbation,Straight,,,,Off,Sealed,Dry,Fine,Dusk,On,No traffic controls,60 km/h,State,30,Rear end,301,Same - Rear end,,Rear end,Car (sedan/hatch),Light truck utility(from 2018),2,0,0,0,0,3,March,Autumn,Tuesday,18:00 - 19:59,PM peak / evening commute,True,False,False,False
1347151,Non-casualty (towaway),Non-casualty (towaway),2024,2024,March,Monday,12:00 - 13:59,HUME,HWY,1000,South,BURMA,RD,TABLE TOP,2.0,No,Not a school zone,Divided road,-35.980563,147.000446,Albury,Country non-urban,Rest of NSW - Rural,Straight,,,,Unknown / not stated,Sealed,Dry,Fine,Daylight,Nil,No traffic controls,110 km/h,State,74,On road-out of cont.,705,Out of control on cway,,Rollover,Light truck utility(from 2018),,1,0,0,0,0,3,March,Autumn,Monday,12:00 - 13:59,Midday / afternoon,False,False,False,False
1347152,Non-casualty (towaway),Non-casualty (towaway),2024,2024,March,Monday,12:00 - 13:59,ANDREWS,ST,0,Right on the spot,NUMBER 231,HN,EAST ALBURY,,No,Not a school zone,2-way undivided,-36.071608,146.93824,Albury,Country urban,Rest of NSW - Urban,Straight,,,,Unknown / not stated,Sealed,Dry,Fine,Daylight,Nil,No traffic controls,50 km/h,Local,71,Off rd left => obj,703,Left off cway into object,,Other angle,Car (sedan/hatch),4 wheel drive / SUV,2,0,0,0,0,3,March,Autumn,Monday,12:00 - 13:59,Midday / afternoon,False,False,False,False
1347156,Non-casualty (towaway),Non-casualty (towaway),2024,2024,March,Sunday,08:00 - 09:59,LORNA,ST,0,Right on the spot,MAUD,ST,WARATAH WEST,188.0,No,Not a school zone,T-junction,-32.896384,151.719869,Newcastle,Newcastle met. area,Syd-Newc-Woll Gtr conurbation,Curved,,,,Off,Sealed,Dry,Fine,Daylight,On,No traffic controls,60 km/h,Regional,21,Right through,202,Opp - Right-thru,,Other angle,Car (sedan/hatch),Car (sedan/hatch),2,0,0,0,0,3,March,Autumn,Sunday,08:00 - 09:59,AM peak / school commute,True,False,False,False
1347162,Non-casualty (towaway),Non-casualty (towaway),2024,2024,March,Saturday,20:00 - 21:59,TOCUMWAL,RD,0,Right on the spot,BERRIGAN,RD,BAROOGA,,No,Not a school zone,T-junction,-35.89871,145.701468,Berrigan,Country urban,Rest of NSW - Urban,Straight,,,,Unknown / not stated,Sealed,Dry,Fine,Darkness,Nil,Give way sign,80 km/h,Local,75,Off end of road,709,Off end cway or T junct,,Vehicle - Object,Passenger van,,1,0,0,0,0,3,March,Autumn,Saturday,20:00 - 21:59,Evening / night,False,False,False,False
1347165,Non-casualty (towaway),Non-casualty (towaway),2024,2024,March,Tuesday,14:00 - 15:59,GREAT WESTERN,HWY,50,East,UNIVERSITY,AVE,CAMPERDOWN,5.0,No,Not a school zone,Divided road,-33.884735,151.191943,Sydney,Sydney metro. area,Syd-Newc-Woll Gtr conurbation,Straight,Bus/transit lane,,,Unknown / not stated,Sealed,Dry,Fine,Daylight,Nil,No traffic controls,50 km/h,State,34,Lane change right,306,Same - Lane change right,,Other angle,Car (sedan/hatch),Car (sedan/hatch),2,0,0,0,0,3,March,Autumn,Tuesday,14:00 - 15:59,Midday / afternoon,False,False,False,False
1347166,Non-casualty (towaway),Non-casualty (towaway),2024,2024,March,Sunday,10:00 - 11:59,BENT,ST,60,South,MANN,ST,NAMBUCCA HEADS,,No,Not a school zone,2-way undivided,-30.639534,152.988501,Nambucca Valley,Country urban,Rest of NSW - Urban,Straight,,,,Unknown / not stated,Sealed,Wet,Raining,Daylight,Nil,No traffic controls,50 km/h,Local,73,Off rd rght => obj,704,Right off cway into obj,,Vehicle - Object,Car (sedan/hatch),,1,0,0,0,0,3,March,Autumn,Sunday,10:00 - 11:59,Midday / afternoon,False,False,False,False
1347172,Non-casualty (towaway),Non-casualty (towaway),2024,2024,March,Friday,08:00 - 09:59,ADLER,PDE,0,Right on the spot,NUMBER 149A,HN,GREYSTANES,,No,Not a school zone,2-way undivided,-33.82293,150.95934,Cumberland,Sydney metro. area,Syd-Newc-Woll Gtr conurbation,Straight,Foot/cycle path/nature strip,,,Unknown / not stated,Sealed,Dry,Fine,Daylight,Nil,No traffic controls,50 km/h,Local,30,Rear end,301,Same - Rear end,,Rear end,Car (sedan/hatch),Passenger van,2,0,0,0,0,3,March,Autumn,Friday,08:00 - 09:59,AM peak / school commute,True,False,False,False
1347173,Non-casualty (towaway),Non-casualty (towaway),2024,2024,March,Wednesday,08:00 - 09:59,WARRINGAH,EXP,200,South,PACIFIC HIGHWAY,OP,NORTH SYDNEY,651.0,No,Not a school zone,Divided road,-33.843601,151.21155,North Sydney,Sydney metro. area,Syd-Newc-Woll Gtr conurbation,Straight,Other bridge,,,Unknown / not stated,Sealed,Dry,Fine,Daylight,Nil,No traffic controls,70 km/h,State,74,On road-out of cont.,705,Out of control on cway,,Rollover,Motorcycle,,1,0,0,0,0,3,March,Autumn,Wednesday,08:00 - 09:59,AM peak / school commute,True,False,False,False
1347175,Non-casualty (towaway),Non-casualty (towaway),2024,2024,March,Tuesday,16:00 - 17:59,NOLAN,AVE,0,Right on the spot,NUMBER 2,HN,CLOVELLY,,No,Not a school zone,2-way undivided,-33.908972,151.255391,Randwick,Sydney metro. area,Syd-Newc-Woll Gtr conurbation,Straight,,,,Unknown / not stated,Sealed,Dry,Fine,Daylight,Nil,No traffic controls,50 km/h,Local,73,Off rd rght => obj,704,Right off cway into obj,,Other angle,Light truck utility(from 2018),4 wheel drive / SUV,2,0,0,0,0,3,March,Autumn,Tuesday,16:00 - 17:59,PM peak / evening commute,True,False,False,False
1347177,Non-casualty (towaway),Non-casualty (towaway),2024,2024,March,Monday,10:00 - 11:59,HUME,HWY,5000,North,ILLAWARRA HIGHWAY,OP,SUTTON FOREST,2.0,No,Not a school zone,Divided road,-34.546439,150.272154,Wingecarribee,Country non-urban,Rest of NSW - Rural,Straight,,,,Unknown / not stated,Sealed,Dry,Fine,Daylight,Nil,No traffic controls,110 km/h,State,73,Off rd rght => obj,704,Right off cway into obj,,Vehicle - Object,Light truck utility(from 2018),,1,0,0,0,0,3,March,Autumn,Monday,10:00 - 11:59,Midday / afternoon,False,False,False,False
1347180,Non-casualty (towaway),Non-casualty (towaway),2024,2024,March,Wednesday,08:00 - 09:59,PACIFIC,HWY,276,North,WOODFORD,LANE,EWINGSDALE,10.0,No,Not a school zone,Divided road,-28.630441,153.549132,Byron,Country non-urban,Rest of NSW - Rural,Straight,,,,Unknown / not stated,Sealed,Wet,Raining,Daylight,Nil,No traffic controls,110 km/h,State,30,Rear end,301,Same - Rear end,,Rear end,Car (sedan/hatch),Car (sedan/hatch),2,0,0,0,0,3,March,Autumn,Wednesday,08:00 - 09:59,AM peak / school commute,True,False,False,False
1347181,Non-casualty (towaway),Non-casualty (towaway),2024,2024,March,Sunday,10:00 - 11:59,NORTH ROCKS,RD,0,Right on the spot,DON MOORE COMMUNITY CENTRE,ENT,CARLINGFORD,7144.0,No,Not a school zone,2-way undivided,-33.76974,151.037762,Parramatta,Sydney metro. area,Syd-Newc-Woll Gtr conurbation,Straight,Driveway/entrance,,,Unknown / not stated,Sealed,Wet,Raining,Daylight,Nil,No traffic controls,60 km/h,Regional,32,Right rear,303,Same - Rear right,,Rear end,4 wheel drive / SUV,Car (sedan/hatch),3,0,0,0,0,3,March,Autumn,Sunday,10:00 - 11:59,Midday / afternoon,False,False,False,False
1347182,Non-casualty (towaway),Non-casualty (towaway),2024,2024,March,Monday,02:00 - 03:59,VICTORIA,RD,0,Right on the spot,MYRTLE,ST,RYDALMERE,165.0,No,Not a school zone,T-junction,-33.812201,151.040543,Parramatta,Sydney metro. area,Syd-Newc-Woll Gtr conurbation,Straight,,,,Unknown / not stated,Sealed,Dry,Fine,Darkness,Nil,No traffic controls,70 km/h,State,30,Rear end,301,Same - Rear end,,Rear end,Car (sedan/hatch),Car (sedan/hatch),2,0,0,0,0,3,March,Autumn,Monday,02:00 - 03:59,Late night / early morning,False,False,False,False
1347187,Non-casualty (towaway),Non-casualty (towaway),2024,2024,March,Wednesday,06:00 - 07:59,KINGSGROVE,RD,0,Right on the spot,WILLIAM,ST,BELMORE,2021.0,No,Not a school zone,X-intersection,-33.929307,151.098558,Canterbury-Bankstown,Sydney metro. area,Syd-Newc-Woll Gtr conurbation,Straight,,,,Unknown / not stated,Sealed,Dry,Fine,Daylight,On,No traffic controls,50 km/h,Regional,35,Lane change left,307,Same - Lane change left,,Other angle,Light truck,Car (sedan/hatch),2,0,0,0,0,3,March,Autumn,Wednesday,06:00 - 07:59,AM peak / school commute,True,False,False,False
1347190,Non-casualty (towaway),Non-casualty (towaway),2024,2024,March,Tuesday,16:00 - 17:59,SCHOFIELDS,RD,0,Right on the spot,RAILWAY,TCE,SCHOFIELDS,687.0,No,Not a school zone,X-intersection,-33.701655,150.873382,Blacktown,Sydney metro. area,Syd-Newc-Woll Gtr conurbation,Straight,,,,Unknown / not stated,Sealed,Dry,Fine,Daylight,On,No traffic controls,70 km/h,State,30,Rear end,301,Same - Rear end,,Rear end,Car (sedan/hatch),Car (sedan/hatch),2,0,0,0,0,3,March,Autumn,Tuesday,16:00 - 17:59,PM peak / evening commute,True,False,False,False
1347191,Non-casualty (towaway),Non-casualty (towaway),2024,2024,March,Friday,12:00 - 13:59,GARFIELD,RD,50,East,CLARKE,ST,GRANTHAM FARM,546.0,No,Not a school zone,2-way undivided,-33.669985,150.879368,Blacktown,Sydney metro. area,Syd-Newc-Woll Gtr conurbation,Straight,,,,Unknown / not stated,Sealed,Dry,Fine,Daylight,Nil,No traffic controls,60 km/h,State,30,Rear end,301,Same - Rear end,,Rear end,4 wheel drive / SUV,Car (sedan/hatch),2,0,0,0,0,3,March,Autumn,Friday,12:00 - 13:59,Midday / afternoon,False,False,False,False
1347192,Non-casualty (towaway),Non-casualty (towaway),2024,2024,February,Thursday,08:00 - 09:59,DARBY,ST,0,Right on the spot,BULL,ST,COOKS HILL,188.0,No,Not a school zone,T-junction,-32.932452,151.770778,Newcastle,Newcastle met. area,Syd-Newc-Woll Gtr conurbation,Straight,,,,Off,Sealed,Dry,Fine,Daylight,Nil,Ped crossing,40 km/h,Regional,31,Left rear,302,Same - Rear left,,Rear end,Car (sedan/hatch),Light truck utility(from 2018),2,0,0,0,0,2,February,Summer,Thursday,08:00 - 09:59,AM peak / school commute,True,False,False,False
1347195,Non-casualty (towaway),Non-casualty (towaway),2024,2024,February,Saturday,04:00 - 05:59,CENTRAL COAST,HWY,0,Right on the spot,NUMBER 837,HN,WAMBERAL,30.0,No,Not a school zone,Divided road,-33.418165,151.446367,Central Coast,Country urban,Syd-Newc-Woll Gtr conurbation,Curved,Steep grade,,,Unknown / not stated,Sealed,Wet,Raining,Darkness,Nil,No traffic controls,60 km/h,State,87,Off lft/lft bnd=>obj,804,Off left bend into obj,Left,Vehicle - Object,Utility,,1,0,0,0,0,2,February,Summer,Saturday,04:00 - 05:59,Late night / early morning,False,False,False,False
1347196,Non-casualty (towaway),Non-casualty (towaway),2024,2024,March,Thursday,16:00 - 17:59,IONA PARK,RD,999999,North,ILLAWARRA,HWY,MOSS VALE,,No,Not a school zone,2-way undivided,-34.559866,150.425691,Wingecarribee,Country non-urban,Rest of NSW - Rural,Straight,Embankment/cutting,,,Unknown / not stated,Unsealed,Dry,Fine,Dusk,Nil,No traffic controls,100 km/h,Local,70,Off road to left,701,Off carriageway to left,,Rollover,4 wheel drive / SUV,,1,0,0,0,0,3,March,Autumn,Thursday,16:00 - 17:59,PM peak / evening commute,True,False,False,False
1347200,Non-casualty (towaway),Non-casualty (towaway),2024,2024,March,Thursday,10:00 - 11:59,PORT HACKING,RD,0,Right on the spot,NUMBER 239,HN,MIRANDA,669.0,No,Not a school zone,Divided road,-34.028794,151.105774,Sutherland,Sydney metro. area,Syd-Newc-Woll Gtr conurbation,Straight,,,,Unknown / not stated,Sealed,Dry,Fine,Daylight,Nil,No traffic controls,60 km/h,State,39,Other same direction,300,Same - other,,Other angle,Car (sedan/hatch),Light truck utility(from 2018),2,0,0,0,0,3,March,Autumn,Thursday,10:00 - 11:59,Midday / afternoon,False,False,False,False
1347201,Non-casualty (towaway),Non-casualty (towaway),2024,2024,March,Monday,18:00 - 19:59,FOLKESTONE,PDE,0,Right on the spot,SANDGATE,ST,BOTANY,,No,Not a school zone,T-junction,-33.951249,151.195943,Bayside,Sydney metro. area,Syd-Newc-Woll Gtr conurbation,Straight,,,,Unknown / not stated,Sealed,Dry,Fine,Daylight,Nil,No traffic controls,50 km/h,Local,21,Right through,202,Opp - Right-thru,,Other angle,Car (sedan/hatch),Car (sedan/hatch),2,0,0,0,0,3,March,Autumn,Monday,18:00 - 19:59,PM peak / evening commute,True,False,False,False
1347202,Non-casualty (towaway),Non-casualty (towaway),2024,2024,March,Friday,16:00 - 17:59,LUXFORD,RD,0,Right on the spot,DRYDEN,AVE,HASSALL GROVE,7161.0,No,Not a school zone,Roundabout,-33.737479,150.840961,Blacktown,Sydney metro. area,Syd-Newc-Woll Gtr conurbation,Curved,,,,Unknown / not stated,Sealed,Dry,Fine,Daylight,Nil,Give way sign,60 km/h,Regional,10,Cross traffic,101,Adj - Cross traffic,,Right angle,Car (sedan/hatch),Car (sedan/hatch),2,0,0,0,0,3,March,Autumn,Friday,16:00 - 17:59,PM peak / evening commute,True,False,False,False
1347203,Non-casualty (towaway),Non-casualty (towaway),2024,2024,March,Friday,22:00 - Midnight,TUGALONG,RD,260,North,NUMBER 273,HN,CANYONLEIGH,,No,Not a school zone,2-way undivided,-34.558785,150.159066,Wingecarribee,Country urban,Rest of NSW - Urban,Curved,Crest,,,Unknown / not stated,Sealed,Wet,Fine,Darkness,Nil,No traffic controls,80 km/h,Local,81,Off left/rt bnd=>obj,803,Off right bend into obj,Left,Vehicle - Object,Station wagon,,1,0,0,0,0,3,March,Autumn,Friday,22:00 - Midnight,Evening / night,False,False,False,False
1347204,Non-casualty (towaway),Non-casualty (towaway),2024,2024,March,Thursday,22:00 - Midnight,HUME,HWY,0,Right on the spot,HECTOR,ST,BASS HILL,2.0,No,Not a school zone,T-junction,-33.904458,151.002591,Canterbury-Bankstown,Sydney metro. area,Syd-Newc-Woll Gtr conurbation,Curved,,,,Unknown / not stated,Sealed,Dry,Fine,Darkness,On,No traffic controls,70 km/h,State,21,Right through,202,Opp - Right-thru,,Other angle,Car (sedan/hatch),Car (sedan/hatch),2,0,0,0,0,3,March,Autumn,Thursday,22:00 - Midnight,Evening / night,False,False,False,False
1347205,Non-casualty (towaway),Non-casualty (towaway),2024,2024,March,Thursday,16:00 - 17:59,BOTANY,RD,0,Right on the spot,WENTWORTH,AVE,MASCOT,170.0,No,Not a school zone,X-intersection,-33.934939,151.194019,Bayside,Sydney metro. area,Syd-Newc-Woll Gtr conurbation,Straight,,,,Unknown / not stated,Sealed,Dry,Fine,Daylight,On,No traffic controls,60 km/h,State,30,Rear end,301,Same - Rear end,,Rear end,Light truck utility(from 2018),Light truck utility(from 2018),3,0,0,0,0,3,March,Autumn,Thursday,16:00 - 17:59,PM peak / evening commute,True,False,False,False
1347206,Non-casualty (towaway),Non-casualty (towaway),2024,2024,March,Monday,06:00 - 07:59,BUFFALO,RD,0,Right on the spot,DRANSFIELD,DR,ORAN PARK,,No,Not a school zone,Roundabout,-33.994006,150.749162,Camden,Sydney metro. area,Syd-Newc-Woll Gtr conurbation,Curved,,,,Unknown / not stated,Sealed,Dry,Fine,Daylight,Nil,Give way sign,50 km/h,Local,10,Cross traffic,101,Adj - Cross traffic,,Right angle,Car (sedan/hatch),Car (sedan/hatch),2,0,0,0,0,3,March,Autumn,Monday,06:00 - 07:59,AM peak / school commute,True,False,False,False
1347207,Non-casualty (towaway),Non-casualty (towaway),2024,2024,March,Thursday,16:00 - 17:59,M7 WESTLINK,EXP,100,South,THE HORSLEY DRIVE,OP,HORSLEY PARK,6009.0,No,Not a school zone,Dual freeway,-33.842788,150.855271,Fairfield,Sydney metro. area,Syd-Newc-Woll Gtr conurbation,Curved,,,,Unknown / not stated,Sealed,Dry,Fine,Daylight,Nil,No traffic controls,100 km/h,State,83,Off rt/rt bnd=>obj,803,Off right bend into obj,Right,Vehicle - Object,Semi-trailer,,1,0,0,0,0,3,March,Autumn,Thursday,16:00 - 17:59,PM peak / evening commute,True,False,False,False
1347208,Non-casualty (towaway),Non-casualty (towaway),2024,2024,March,Monday,10:00 - 11:59,NEW SOUTH HEAD,RD,0,Right on the spot,HOPETOUN,AVE,VAUCLUSE,173.0,No,Not a school zone,T-junction,-33.859303,151.273922,Woollahra,Sydney metro. area,Syd-Newc-Woll Gtr conurbation,Curved,,,,Unknown / not stated,Sealed,Dry,Fine,Daylight,Nil,Give way sign,50 km/h,State,13,Right near,104,Adj - Right-thru from right,,Right angle,4 wheel drive / SUV,Light truck utility(from 2018),2,0,0,0,0,3,March,Autumn,Monday,10:00 - 11:59,Midday / afternoon,False,False,False,False
1347214,Non-casualty (towaway),Non-casualty (towaway),2024,2024,March,Sunday,12:00 - 13:59,LORNA,ST,0,Right on the spot,NUMBER 97,HN,WARATAH WEST,605.0,No,Not a school zone,2-way undivided,-32.895847,151.718406,Newcastle,Newcastle met. area,Syd-Newc-Woll Gtr conurbation,Straight,Steep grade,,,Unknown / not stated,Sealed,Dry,Fine,Daylight,Nil,No traffic controls,60 km/h,State,42,Leaving parking,401,Manov - Leaving parking,,Other angle,Car (sedan/hatch),Car (sedan/hatch),2,0,0,0,0,3,March,Autumn,Sunday,12:00 - 13:59,Midday / afternoon,False,False,False,False
1347217,Non-casualty (towaway),Non-casualty (towaway),2024,2024,March,Tuesday,12:00 - 13:59,PRINCES,HWY,0,Right on the spot,SYDNEY PARK,RD,ERSKINEVILLE,1.0,No,Not a school zone,T-junction,-33.907139,151.181528,Sydney,Sydney metro. area,Syd-Newc-Woll Gtr conurbation,Curved,,,,Unknown / not stated,Sealed,Dry,Fine,Daylight,On,No traffic controls,40 km/h,State,21,Right through,202,Opp - Right-thru,,Other angle,Car (sedan/hatch),Car (sedan/hatch),2,0,0,0,0,3,March,Autumn,Tuesday,12:00 - 13:59,Midday / afternoon,False,False,False,False
1347218,Non-casualty (towaway),Non-casualty (towaway),2024,2024,March,Tuesday,12:00 - 13:59,LEURA,RD,0,Right on the spot,NUMBER 13,HN,DOUBLE BAY,,No,Not a school zone,2-way undivided,-33.878596,151.245799,Woollahra,Sydney metro. area,Syd-Newc-Woll Gtr conurbation,Straight,Driveway/entrance,,,Unknown / not stated,Sealed,Dry,Fine,Daylight,Nil,No traffic controls,50 km/h,Local,41,U turn into object,207,Opp - U-turn,,Other angle,Car (sedan/hatch),Car (sedan/hatch),3,0,0,0,0,3,March,Autumn,Tuesday,12:00 - 13:59,Midday / afternoon,False,False,False,False
1347219,Non-casualty (towaway),Non-casualty (towaway),2024,2024,March,Wednesday,10:00 - 11:59,BERRY,ST,0,Right on the spot,NUMBER 7,HN,ROSEBERY,,No,Not a school zone,2-way undivided,-33.923394,151.205321,Bayside,Sydney metro. area,Syd-Newc-Woll Gtr conurbation,Straight,Spd hump/slow pt/chc,,,Unknown / not stated,Sealed,Dry,Fine,Daylight,Nil,No traffic controls,50 km/h,Local,71,Off rd left => obj,703,Left off cway into object,,Vehicle - Object,Car (sedan/hatch),,1,0,0,0,0,3,March,Autumn,Wednesday,10:00 - 11:59,Midday / afternoon,False,False,False,False
1347220,Non-casualty (towaway),Non-casualty (towaway),2024,2024,March,Friday,10:00 - 11:59,LIONS,DR,0,Right on the spot,NUMBER 2,HN,MUDGEE,,No,Not a school zone,2-way undivided,-32.613185,149.591652,Mid-Western Regional,Country urban,Rest of NSW - Urban,Straight,,,,Unknown / not stated,Sealed,Dry,Fine,Daylight,Nil,No traffic controls,50 km/h,Local,71,Off rd left => obj,703,Left off cway into object,,Other angle,Car (sedan/hatch),Light truck utility(from 2018),2,0,0,0,0,3,March,Autumn,Friday,10:00 - 11:59,Midday / afternoon,False,False,False,False
1347224,Non-casualty (towaway),Non-casualty (towaway),2024,2024,March,Wednesday,14:00 - 15:59,FROME,ST,20,North,ALBERT,ST,MOREE,,No,Not a school zone,2-way undivided,-29.465197,149.843016,Moree Plains,Country urban,Rest of NSW - Urban,Straight,,,,Unknown / not stated,Sealed,Dry,Fine,Daylight,Nil,No traffic controls,40 km/h,Local,44,Parking vehicles,403,Manov - Parking-parked vehicle,,Other angle,Car (sedan/hatch),Car (sedan/hatch),2,0,0,0,0,3,March,Autumn,Wednesday,14:00 - 15:59,Midday / afternoon,False,False,False,False
1347227,Non-casualty (towaway),Non-casualty (towaway),2024,2024,March,Friday,02:00 - 03:59,CASTLEREAGH,HWY,50000,North,MAIN,ST,APPLE TREE FLAT,18.0,No,Not a school zone,2-way undivided,-32.680513,149.695898,Mid-Western Regional,Country non-urban,Rest of NSW - Rural,Curved,,,,Unknown / not stated,Sealed,Dry,Fine,Darkness,Nil,No traffic controls,100 km/h,State,67,Struck animal,609,On path - Hit animal,,Vehicle - Animal,Car (sedan/hatch),,1,0,0,0,0,3,March,Autumn,Friday,02:00 - 03:59,Late night / early morning,False,False,False,False
1347228,Non-casualty (towaway),Non-casualty (towaway),2024,2024,March,Monday,04:00 - 05:59,ROTHERY,ST,0,Right on the spot,NUMBER 157,HN,BELLAMBI,,No,Not a school zone,2-way undivided,-34.368748,150.915157,Wollongong,Wollongong met. area,Syd-Newc-Woll Gtr conurbation,Straight,,,,Unknown / not stated,Sealed,Dry,Fine,Darkness,Nil,No traffic controls,50 km/h,Local,49,Other manoeuvring,400,Manov - other,,Other angle,Unknown motor vehicle,Car (sedan/hatch),2,0,0,0,0,3,March,Autumn,Monday,04:00 - 05:59,Late night / early morning,False,False,False,False
1347232,Non-casualty (towaway),Non-casualty (towaway),2024,2024,March,Friday,14:00 - 15:59,WINDSOR,ST,0,Right on the spot,NUMBER 22,HN,RICHMOND,184.0,No,Not a school zone,Other,-33.601671,150.763193,Hawkesbury,Country urban,Syd-Newc-Woll Gtr conurbation,Straight,Driveway/entrance,,,Unknown / not stated,Sealed,Dry,Fine,Daylight,Nil,No traffic controls,60 km/h,State,47,Emerging from drive,406,Manov - Emerging from driveway,,Right angle,4 wheel drive / SUV,4 wheel drive / SUV,2,0,0,0,0,3,March,Autumn,Friday,14:00 - 15:59,Midday / afternoon,False,False,False,False
1347233,Non-casualty (towaway),Non-casualty (towaway),2024,2024,March,Monday,22:00 - Midnight,ELEVENTH,AVE,0,Right on the spot,FOURTH,AVE,AUSTRAL,,No,Not a school zone,X-intersection,-33.929385,150.806395,Liverpool,Sydney metro. area,Syd-Newc-Woll Gtr conurbation,Straight,,,,Unknown / not stated,Sealed,Dry,Fine,Darkness,Nil,Give way sign,60 km/h,Local,22,Left through,205,Opp - Left-thru,,Other angle,4 wheel drive / SUV,Car (sedan/hatch),2,0,0,0,0,3,March,Autumn,Monday,22:00 - Midnight,Evening / night,False,False,False,False
1347236,Non-casualty (towaway),Non-casualty (towaway),2024,2024,March,Monday,14:00 - 15:59,LENORE,DR,0,Right on the spot,GRADY,CRES,ERSKINE PARK,693.0,No,Not a school zone,T-junction,-33.815686,150.801686,Penrith,Sydney metro. area,Syd-Newc-Woll Gtr conurbation,Straight,,,,Unknown / not stated,Sealed,Dry,Fine,Daylight,Nil,Give way sign,80 km/h,State,30,Rear end,301,Same - Rear end,,Rear end,Car (sedan/hatch),Light truck,5,0,0,0,0,3,March,Autumn,Monday,14:00 - 15:59,Midday / afternoon,False,False,False,False
1347239,Non-casualty (towaway),Non-casualty (towaway),2024,2024,March,Sunday,14:00 - 15:59,MASSIE,ST,0,Right on the spot,COOMA POLICE STATION,ENT,COOMA,,No,Not a school zone,Other,-36.234971,149.123078,Snowy Monaro Regional,Country urban,Rest of NSW - Urban,Curved,,,,Unknown / not stated,Unsealed,Dry,Fine,Daylight,Nil,No traffic controls,50 km/h,Local,49,Other manoeuvring,400,Manov - other,,Other angle,Large rigid,4 wheel drive / SUV,3,0,0,0,0,3,March,Autumn,Sunday,14:00 - 15:59,Midday / afternoon,False,False,False,False
1347240,Non-casualty (towaway),Non-casualty (towaway),2024,2024,March,Wednesday,14:00 - 15:59,HUNTER,EXP,100,West,JOHN RENSHAW DRIVE,OP,BUCHANAN,6011.0,No,Not a school zone,Divided road,-32.828892,151.529542,Cessnock,Country non-urban,Rest of NSW - Rural,Straight,,,,Unknown / not stated,Sealed,Dry,Overcast,Daylight,Nil,No traffic controls,110 km/h,State,71,Off rd left => obj,703,Left off cway into object,,Vehicle - Object,Motorcycle,,1,0,0,0,0,3,March,Autumn,Wednesday,14:00 - 15:59,Midday / afternoon,False,False,False,False
1347244,Non-casualty (towaway),Non-casualty (towaway),2024,2024,March,Wednesday,06:00 - 07:59,CARINGBAH,RD,0,Right on the spot,PORT HACKING,RD,CARINGBAH SOUTH,,No,Not a school zone,Roundabout,-34.046774,151.122853,Sutherland,Sydney metro. area,Syd-Newc-Woll Gtr conurbation,Straight,,,,Unknown / not stated,Sealed,Dry,Fine,Unknown,Nil,Give way sign,50 km/h,Local,10,Cross traffic,101,Adj - Cross traffic,,Right angle,Light truck utility(from 2018),Light truck utility(from 2018),2,0,0,0,0,3,March,Autumn,Wednesday,06:00 - 07:59,AM peak / school commute,True,False,False,False