crash_id,degree_of_crash,degree_of_crash_-_detailed,reporting_year,year_of_crash,month_of_crash,day_of_week_of_crash,two-hour_intervals,street_of_crash,street_type,distance,direction,identifying_feature,identifying_feature_type,town,route_no.,school_zone_location,school_zone_active,type_of_location,latitude,longitude,lga,urbanisation,conurbation_1,alignment,primary_permanent_feature,primary_temporary_feature,primary_hazardous_feature,street_lighting,road_surface,surface_condition,weather,natural_lighting,signals_operation,other_traffic_control,speed_limit,road_classification_(admin),rum_-_code,rum_-_description,dca_-_code,dca_-_description,dca_supplement,first_impact_type,key_tu_type,other_tu_type,no._of_traffic_units_involved,no._killed,no._seriously_injured,no._moderately_injured,no._minor-other_injured,month_num,month_label,season,day_label,time_label,time_band,is_peak_commute,is_fatal,is_injury,is_casualty
1347249,Non-casualty (towaway),Non-casualty (towaway),2024,2024,March,Tuesday,18:00 - 19:59,WESTERN,EXP,0,Right on the spot,SILVERWATER ROAD,TO,SILVERWATER,6004.0,No,Not a school zone,Dual freeway,-33.840898,151.040585,Parramatta,Sydney metro. area,Syd-Newc-Woll Gtr conurbation,Straight,,,,Unknown / not stated,Sealed,Dry,Fine,Daylight,Nil,No traffic controls,90 km/h,State,35,Lane change left,307,Same - Lane change left,,Other angle,4 wheel drive / SUV,Car (sedan/hatch),3,0,0,0,0,3,March,Autumn,Tuesday,18:00 - 19:59,PM peak / evening commute,True,False,False,False
1347252,Non-casualty (towaway),Non-casualty (towaway),2024,2024,March,Sunday,12:00 - 13:59,KURRAJONG,AVE,0,Right on the spot,ACACIA,AVE,LEETON,80.0,No,Not a school zone,Roundabout,-34.555915,146.410337,Leeton,Country urban,Rest of NSW - Urban,Straight,,,,Unknown / not stated,Sealed,Dry,Fine,Daylight,Nil,Give way sign,50 km/h,State,10,Cross traffic,101,Adj - Cross traffic,,Right angle,4 wheel drive / SUV,Station wagon,2,0,0,0,0,3,March,Autumn,Sunday,12:00 - 13:59,Midday / afternoon,False,False,False,False
1347253,Non-casualty (towaway),Non-casualty (towaway),2024,2024,March,Friday,14:00 - 15:59,ATTUNGA,RD,0,Right on the spot,GLEN AYR,AVE,YOWIE BAY,,No,Not a school zone,T-junction,-34.049129,151.104611,Sutherland,Sydney metro. area,Syd-Newc-Woll Gtr conurbation,Straight,Steep grade,,,Unknown / not stated,Sealed,Dry,Fine,Daylight,Nil,No traffic controls,50 km/h,Local,71,Off rd left => obj,703,Left off cway into object,,Other angle,4 wheel drive / SUV,Boat trailer,2,0,0,0,0,3,March,Autumn,Friday,14:00 - 15:59,Midday / afternoon,False,False,False,False
1347254,Non-casualty (towaway),Non-casualty (towaway),2024,2024,March,Sunday,14:00 - 15:59,CADDIES,BVD,0,Right on the spot,COMMERCIAL,RD,ROUSE HILL,,No,Not a school zone,T-junction,-33.686276,150.924131,The Hills,Sydney metro. area,Syd-Newc-Woll Gtr conurbation,Straight,,,,Unknown / not stated,Sealed,Dry,Fine,Daylight,Nil,Give way sign,60 km/h,Local,13,Right near,104,Adj - Right-thru from right,,Right angle,Light truck utility(from 2018),Car (sedan/hatch),2,0,0,0,0,3,March,Autumn,Sunday,14:00 - 15:59,Midday / afternoon,False,False,False,False
1347257,Non-casualty (towaway),Non-casualty (towaway),2024,2024,March,Saturday,02:00 - 03:59,THE RIDGEWAY,MS,50,North,PAROO,RD,HOLGATE,,No,Not a school zone,2-way undivided,-33.396195,151.402942,Central Coast,Country urban,Syd-Newc-Woll Gtr conurbation,Curved,,,,Unknown / not stated,Sealed,Dry,Fine,Darkness,Nil,No traffic controls,60 km/h,Local,89,Other curve,800,Other on curve,,Unknown,Car (sedan/hatch),,1,0,0,0,0,3,March,Autumn,Saturday,02:00 - 03:59,Late night / early morning,False,False,False,False
1347262,Non-casualty (towaway),Non-casualty (towaway),2024,2024,March,Saturday,12:00 - 13:59,COWPER,ST,0,Right on the spot,ROWELL,ST,GRANVILLE,,No,Not a school zone,Roundabout,-33.831839,151.01276,Parramatta,Sydney metro. area,Syd-Newc-Woll Gtr conurbation,Straight,,,,Unknown / not stated,Sealed,Dry,Fine,Daylight,Nil,Give way sign,50 km/h,Local,29,Other opposing,200,Opp - other,,Other angle,Car (sedan/hatch),Car (sedan/hatch),2,0,0,0,0,3,March,Autumn,Saturday,12:00 - 13:59,Midday / afternoon,False,False,False,False
1347263,Non-casualty (towaway),Non-casualty (towaway),2024,2024,March,Saturday,06:00 - 07:59,BOUNDARY,RD,0,Right on the spot,HESSION,RD,OAKVILLE,7205.0,No,Not a school zone,X-intersection,-33.616037,150.901486,The Hills,Sydney metro. area,Syd-Newc-Woll Gtr conurbation,Straight,,,,Unknown / not stated,Sealed,Dry,Fine,Daylight,Nil,Give way sign,80 km/h,Regional,10,Cross traffic,101,Adj - Cross traffic,,Right angle,Car (sedan/hatch),Light truck utility(from 2018),2,0,0,0,0,3,March,Autumn,Saturday,06:00 - 07:59,AM peak / school commute,True,False,False,False
1347264,Non-casualty (towaway),Non-casualty (towaway),2024,2024,March,Wednesday,10:00 - 11:59,CASTLEREAGH,HWY,1000,North,RAZORBACK,RD,ILFORD,18.0,No,Not a school zone,2-way undivided,-33.014521,149.870279,Mid-Western Regional,Country non-urban,Rest of NSW - Rural,Curved,Steep grade,,,Unknown / not stated,Sealed,Wet,Raining,Daylight,Nil,No traffic controls,100 km/h,State,87,Off lft/lft bnd=>obj,804,Off left bend into obj,Left,Vehicle - Object,Car (sedan/hatch),,1,0,0,0,0,3,March,Autumn,Wednesday,10:00 - 11:59,Midday / afternoon,False,False,False,False
1347265,Non-casualty (towaway),Non-casualty (towaway),2024,2024,March,Tuesday,16:00 - 17:59,CARRIGAN,RD,20000,West,GUNSYND,WAY,BOGGABILLA,507.0,No,Not a school zone,2-way undivided,-28.647426,150.148322,Moree Plains,Country non-urban,Rest of NSW - Rural,Straight,,,,Unknown / not stated,Sealed,Dry,Fine,Daylight,Nil,No traffic controls,100 km/h,Regional,70,Off road to left,701,Off carriageway to left,,Rollover,B-double (road train prior 98),,1,0,0,0,0,3,March,Autumn,Tuesday,16:00 - 17:59,PM peak / evening commute,True,False,False,False
1347267,Non-casualty (towaway),Non-casualty (towaway),2024,2024,March,Tuesday,16:00 - 17:59,NEWCASTLE,EXP,20,North,MARSHALL STREET,OP,COORANBONG,6003.0,No,Not a school zone,Dual freeway,-33.083301,151.474351,Lake Macquarie,Newcastle met. area,Syd-Newc-Woll Gtr conurbation,Straight,,,,Unknown / not stated,Sealed,Dry,Fine,Daylight,Nil,No traffic controls,110 km/h,State,66,Object on road,607,On path - Hit temp object,,Vehicle - Object,4 wheel drive / SUV,,1,0,0,0,0,3,March,Autumn,Tuesday,16:00 - 17:59,PM peak / evening commute,True,False,False,False
1347268,Non-casualty (towaway),Non-casualty (towaway),2024,2024,March,Tuesday,14:00 - 15:59,TARGO,RD,0,Right on the spot,TOONGABBIE,RD,TOONGABBIE,,No,Not a school zone,Roundabout,-33.789032,150.950663,Cumberland,Sydney metro. area,Syd-Newc-Woll Gtr conurbation,Straight,,,,Unknown / not stated,Sealed,Dry,Fine,Daylight,Nil,Give way sign,50 km/h,Local,19,Other adjacent,100,Adj - other,,Right angle,Station wagon,Light truck,2,0,0,0,0,3,March,Autumn,Tuesday,14:00 - 15:59,Midday / afternoon,False,False,False,False
1347272,Non-casualty (towaway),Non-casualty (towaway),2024,2024,March,Wednesday,18:00 - 19:59,MEMBREY,ST,0,Right on the spot,NUMBER 4,HN,GRANVILLE,,No,Not a school zone,2-way undivided,-33.84451,151.012611,Cumberland,Sydney metro. area,Syd-Newc-Woll Gtr conurbation,Straight,Steep grade,,,Unknown / not stated,Sealed,Dry,Fine,Darkness,Nil,No traffic controls,50 km/h,Local,46,Reversing into obj,405,Manov - Reverse into fixed obj,,Other angle,Station wagon,Car (sedan/hatch),2,0,0,0,0,3,March,Autumn,Wednesday,18:00 - 19:59,PM peak / evening commute,True,False,False,False
1347273,Non-casualty (towaway),Non-casualty (towaway),2024,2024,March,Monday,12:00 - 13:59,RAILWAY,PDE,0,Right on the spot,BUCHANAN,ST,CARLTON,7006.0,No,Not a school zone,T-junction,-33.968257,151.125933,Georges River,Sydney metro. area,Syd-Newc-Woll Gtr conurbation,Straight,Driveway/entrance,,,Unknown / not stated,Sealed,Dry,Fine,Daylight,Nil,No traffic controls,50 km/h,Regional,47,Emerging from drive,406,Manov - Emerging from driveway,,Right angle,4 wheel drive / SUV,Light truck,2,0,0,0,0,3,March,Autumn,Monday,12:00 - 13:59,Midday / afternoon,False,False,False,False
1347340,Non-casualty (towaway),Non-casualty (towaway),2024,2024,January,Friday,20:00 - 21:59,KENSINGTON,ST,50,South,PREMIER,ST,KOGARAH,,No,Not a school zone,2-way undivided,-33.964666,151.13557,Georges River,Sydney metro. area,Syd-Newc-Woll Gtr conurbation,Straight,,,,On,Sealed,Dry,Fine,Daylight,Nil,No traffic controls,50 km/h,Local,20,Head on,201,Opp - Head on,,Head-on,Car (sedan/hatch),4 wheel drive / SUV,4,0,0,0,0,1,January,Summer,Friday,20:00 - 21:59,Evening / night,False,False,False,False
1347350,Non-casualty (towaway),Non-casualty (towaway),2024,2024,February,Monday,16:00 - 17:59,GOLDEN,HWY,0,Right on the spot,FITZROY,ST,DUBBO,27.0,No,Not a school zone,Roundabout,-32.244397,148.614504,Dubbo Regional,Country urban,Rest of NSW - Urban,Straight,,,,Off,Sealed,Dry,Fine,Daylight,Nil,Give way sign,60 km/h,State,33,Lane sideswipe,305,Same - Lane side swipe,,Other angle,Unknown motor vehicle,Car (sedan/hatch),2,0,0,0,0,2,February,Summer,Monday,16:00 - 17:59,PM peak / evening commute,True,False,False,False
1347353,Non-casualty (towaway),Non-casualty (towaway),2024,2024,February,Wednesday,06:00 - 07:59,SEALE,RD,500,East,VERGES CREEK,RD,SOUTH KEMPSEY,,No,Not a school zone,2-way undivided,-31.108537,152.906861,Kempsey,Country non-urban,Rest of NSW - Rural,Curved,Ditch/drain/culvert,,,Nil,Unsealed,Dry,Fine,Daylight,Nil,No traffic controls,100 km/h,Local,20,Head on,201,Opp - Head on,,Head-on,Car (sedan/hatch),Utility,2,0,0,0,0,2,February,Summer,Wednesday,06:00 - 07:59,AM peak / school commute,True,False,False,False
1347363,Non-casualty (towaway),Non-casualty (towaway),2024,2024,January,Saturday,12:00 - 13:59,MURRAY,RD,0,Right on the spot,NUMBER 43,HN,EAST CORRIMAL,,Yes,No,2-way undivided,-34.376259,150.910472,Wollongong,Wollongong met. area,Syd-Newc-Woll Gtr conurbation,Straight,,,,Nil,Sealed,Dry,Fine,Daylight,Nil,No traffic controls,50 km/h,Local,71,Off rd left => obj,703,Left off cway into object,,Other angle,Light truck,Light truck utility(from 2018),3,0,0,0,0,1,January,Summer,Saturday,12:00 - 13:59,Midday / afternoon,False,False,False,False
1347366,Non-casualty (towaway),Non-casualty (towaway),2024,2024,January,Tuesday,14:00 - 15:59,MIRANDA,RD,0,Right on the spot,MONTGOMERY,ST,MIRANDA,,No,Not a school zone,T-junction,-34.034091,151.106674,Sutherland,Sydney metro. area,Syd-Newc-Woll Gtr conurbation,Straight,,,,Off,Sealed,Dry,Fine,Daylight,Nil,No traffic controls,50 km/h,Local,10,Cross traffic,101,Adj - Cross traffic,,Right angle,Car (sedan/hatch),4 wheel drive / SUV,2,0,0,0,0,1,January,Summer,Tuesday,14:00 - 15:59,Midday / afternoon,False,False,False,False
1347367,Non-casualty (towaway),Non-casualty (towaway),2024,2024,February,Thursday,02:00 - 03:59,KENNEDY,ST,0,Right on the spot,MEEKS,ST,KINGSFORD,,No,Not a school zone,X-intersection,-33.923178,151.232651,Randwick,Sydney metro. area,Syd-Newc-Woll Gtr conurbation,Straight,,Police pursuit,,On,Sealed,Dry,Fine,Darkness,Nil,Stop sign,50 km/h,Local,81,Off left/rt bnd=>obj,707,Right turn,Left,Other angle,Light truck utility(from 2018),Car (sedan/hatch),3,0,0,0,0,2,February,Summer,Thursday,02:00 - 03:59,Late night / early morning,False,False,False,False
1347375,Non-casualty (towaway),Non-casualty (towaway),2024,2024,February,Monday,14:00 - 15:59,CORAMBA,RD,350,East,ROSELANDS,DR,COFFS HARBOUR,151.0,No,Not a school zone,2-way undivided,-30.289063,153.087383,Coffs Harbour,Country urban,Rest of NSW - Urban,Straight,Embankment/cutting,,,Nil,Sealed,Dry,Fine,Daylight,Nil,No traffic controls,70 km/h,Regional,73,Off rd rght => obj,704,Right off cway into obj,,Vehicle - Object,Light truck utility(from 2018),,1,0,0,0,0,2,February,Summer,Monday,14:00 - 15:59,Midday / afternoon,False,False,False,False
1347388,Non-casualty (towaway),Non-casualty (towaway),2024,2024,February,Saturday,16:00 - 17:59,GOOD,ST,0,Right on the spot,NUMBER 116,HN,HARRIS PARK,,No,Not a school zone,2-way undivided,-33.826052,151.013153,Parramatta,Sydney metro. area,Syd-Newc-Woll Gtr conurbation,Straight,,,,Nil,Sealed,Dry,Fine,Daylight,Nil,No traffic controls,50 km/h,Local,49,Other manoeuvring,400,Manov - other,,Other angle,Unknown type,Light truck,2,0,0,0,0,2,February,Summer,Saturday,16:00 - 17:59,PM peak / evening commute,True,False,False,False
1347398,Non-casualty (towaway),Non-casualty (towaway),2024,2024,February,Wednesday,00:01 - 01:59,ALEXANDRA,ST,0,Right on the spot,FERDINAND,ST,HUNTERS HILL,,Yes,No,T-junction,-33.83451,151.151788,Hunters Hill,Sydney metro. area,Syd-Newc-Woll Gtr conurbation,Straight,,,,On,Sealed,Dry,Fine,Darkness,Nil,Ped crossing,50 km/h,Local,71,Off rd left => obj,703,Left off cway into object,,Vehicle - Object,Car (sedan/hatch),,1,0,0,0,0,2,February,Summer,Wednesday,00:01 - 01:59,Late night / early morning,False,False,False,False
1347404,Non-casualty (towaway),Non-casualty (towaway),2024,2024,March,Thursday,06:00 - 07:59,CENTENARY,DR,100,North,WEEROONA,RD,STRATHFIELD,200.0,No,Not a school zone,Divided road,-33.874484,151.066824,Strathfield,Sydney metro. area,Syd-Newc-Woll Gtr conurbation,Straight,,,,On,Sealed,Dry,Fine,Dawn,Nil,No traffic controls,80 km/h,State,30,Rear end,301,Same - Rear end,,Rear end,Light truck utility(from 2018),Light truck utility(from 2018),2,0,0,0,0,3,March,Autumn,Thursday,06:00 - 07:59,AM peak / school commute,True,False,False,False
1347408,Non-casualty (towaway),Non-casualty (towaway),2024,2024,January,Thursday,16:00 - 17:59,CONSETT,ST,0,Right on the spot,HILLIER,ST,CONCORD WEST,,No,Not a school zone,X-intersection,-33.853859,151.088571,Canada Bay,Sydney metro. area,Syd-Newc-Woll Gtr conurbation,Straight,,,,Off,Sealed,Wet,Fine,Daylight,Nil,Give way sign,50 km/h,Local,10,Cross traffic,101,Adj - Cross traffic,,Right angle,4 wheel drive / SUV,Car (sedan/hatch),5,0,0,0,0,1,January,Summer,Thursday,16:00 - 17:59,PM peak / evening commute,True,False,False,False
1347428,Non-casualty (towaway),Non-casualty (towaway),2024,2024,March,Friday,12:00 - 13:59,STONEY CREEK,RD,0,Right on the spot,HAMPDEN,ST,BEVERLY HILLS,665.0,No,Not a school zone,T-junction,-33.953154,151.082339,Georges River,Sydney metro. area,Syd-Newc-Woll Gtr conurbation,Straight,,,,Off,Sealed,Dry,Fine,Daylight,Nil,No traffic controls,60 km/h,State,11,Right far,102,Adj - Right-thru from left,,Right angle,Unknown motor vehicle,Car (sedan/hatch),2,0,0,0,0,3,March,Autumn,Friday,12:00 - 13:59,Midday / afternoon,False,False,False,False
1347441,Non-casualty (towaway),Non-casualty (towaway),2024,2024,March,Tuesday,16:00 - 17:59,CARRINGTON,AVE,0,Right on the spot,WARWICK,ST,HURSTVILLE,,No,Not a school zone,X-intersection,-33.954471,151.090991,Georges River,Sydney metro. area,Syd-Newc-Woll Gtr conurbation,Straight,,,,Off,Sealed,Dry,Fine,Daylight,Nil,Give way sign,50 km/h,Local,10,Cross traffic,101,Adj - Cross traffic,,Right angle,Car (sedan/hatch),Light truck utility(from 2018),2,0,0,0,0,3,March,Autumn,Tuesday,16:00 - 17:59,PM peak / evening commute,True,False,False,False
1347451,Non-casualty (towaway),Non-casualty (towaway),2024,2024,March,Saturday,14:00 - 15:59,LANGFORD,DR,0,Right on the spot,CHIFLEY GLADE,MS,MARSDEN PARK,,No,Not a school zone,T-junction,-33.72408,150.841618,Blacktown,Sydney metro. area,Syd-Newc-Woll Gtr conurbation,Curved,,,,Off,Sealed,Dry,Fine,Daylight,Nil,Give way sign,50 km/h,Local,21,Right through,202,Opp - Right-thru,,Other angle,4 wheel drive / SUV,Car (sedan/hatch),2,0,0,0,0,3,March,Autumn,Saturday,14:00 - 15:59,Midday / afternoon,False,False,False,False
1347457,Non-casualty (towaway),Non-casualty (towaway),2024,2024,March,Wednesday,00:01 - 01:59,JERSEY,RD,0,Right on the spot,POPONDETTA,RD,BLACKETT,7163.0,No,Not a school zone,Roundabout,-33.742863,150.810829,Blacktown,Sydney metro. area,Syd-Newc-Woll Gtr conurbation,Straight,,,,On,Sealed,Dry,Fine,Darkness,Nil,Give way sign,60 km/h,Regional,10,Cross traffic,101,Adj - Cross traffic,,Right angle,Unknown motor vehicle,Car (sedan/hatch),2,0,0,0,0,3,March,Autumn,Wednesday,00:01 - 01:59,Late night / early morning,False,False,False,False
1347458,Non-casualty (towaway),Non-casualty (towaway),2024,2024,March,Tuesday,22:00 - Midnight,SCARBOROUGH,ST,0,Right on the spot,NUMBER 60,HN,WOOLGOOLGA,,No,Not a school zone,2-way undivided,-30.118381,153.194516,Coffs Harbour,Country urban,Rest of NSW - Urban,Curved,Steep grade,,,On,Sealed,Dry,Fine,Darkness,Nil,No traffic controls,50 km/h,Local,85,Off rt/lft bnd=>obj,804,Off left bend into obj,Right,Other angle,Passenger van,Car (sedan/hatch),2,0,0,0,0,3,March,Autumn,Tuesday,22:00 - Midnight,Evening / night,False,False,False,False
1347463,Non-casualty (towaway),Non-casualty (towaway),2024,2024,February,Saturday,20:00 - 21:59,CITY WEST LINK,RD,200,West,BOOMERANG,ST,HABERFIELD,650.0,No,Not a school zone,Divided road,-33.869999,151.143878,Inner West,Sydney metro. area,Syd-Newc-Woll Gtr conurbation,Curved,,,,On,Sealed,Dry,Fine,Darkness,Nil,No traffic controls,60 km/h,State,34,Lane change right,306,Same - Lane change right,,Other angle,4 wheel drive / SUV,4 wheel drive / SUV,2,0,0,0,0,2,February,Summer,Saturday,20:00 - 21:59,Evening / night,False,False,False,False
1347467,Non-casualty (towaway),Non-casualty (towaway),2024,2024,February,Sunday,14:00 - 15:59,HUME,HWY,50,East,KNOX,ST,ASHFIELD,2.0,No,Not a school zone,Divided road,-33.888161,151.123811,Inner West,Sydney metro. area,Syd-Newc-Woll Gtr conurbation,Straight,,,,Off,Sealed,Dry,Fine,Daylight,Nil,No traffic controls,60 km/h,State,73,Off rd rght => obj,704,Right off cway into obj,,Vehicle - Object,4 wheel drive / SUV,,1,0,0,0,0,2,February,Summer,Sunday,14:00 - 15:59,Midday / afternoon,False,False,False,False
1347478,Non-casualty (towaway),Non-casualty (towaway),2024,2024,March,Sunday,00:01 - 01:59,HUDDART,AVE,0,Right on the spot,NUMBER 11,HN,NORMANHURST,,No,Not a school zone,2-way undivided,-33.722383,151.094835,Hornsby,Sydney metro. area,Syd-Newc-Woll Gtr conurbation,Straight,,,,On,Sealed,Dry,Fine,Darkness,Nil,No traffic controls,50 km/h,Local,71,Off rd left => obj,703,Left off cway into object,,Vehicle - Object,4 wheel drive / SUV,,1,0,0,0,0,3,March,Autumn,Sunday,00:01 - 01:59,Late night / early morning,False,False,False,False
1347496,Non-casualty (towaway),Non-casualty (towaway),2024,2024,March,Wednesday,06:00 - 07:59,NEWELL,HWY,0,Right on the spot,CECILE,ST,PARKES,17.0,No,Not a school zone,X-intersection,-33.139045,148.172512,Parkes,Country urban,Rest of NSW - Urban,Straight,,,,On,Sealed,Wet,Raining,Daylight,Nil,Give way sign,50 km/h,State,21,Right through,202,Opp - Right-thru,,Other angle,Light truck utility(from 2018),Car (sedan/hatch),2,0,0,0,0,3,March,Autumn,Wednesday,06:00 - 07:59,AM peak / school commute,True,False,False,False
1347509,Non-casualty (towaway),Non-casualty (towaway),2024,2024,March,Sunday,20:00 - 21:59,HOMER,ST,0,Right on the spot,WARDELL,RD,EARLWOOD,2021.0,No,Not a school zone,T-junction,-33.926873,151.129163,Canterbury-Bankstown,Sydney metro. area,Syd-Newc-Woll Gtr conurbation,Curved,,,,On,Sealed,Dry,Fine,Darkness,On,No traffic controls,50 km/h,Regional,81,Off left/rt bnd=>obj,803,Off right bend into obj,Left,Vehicle - Object,Car (sedan/hatch),,1,0,0,0,0,3,March,Autumn,Sunday,20:00 - 21:59,Evening / night,False,False,False,False
1347511,Non-casualty (towaway),Non-casualty (towaway),2024,2024,March,Monday,12:00 - 13:59,ROCKET,ST,0,Right on the spot,VALE,RD,SOUTH BATHURST,54.0,No,Not a school zone,T-junction,-33.431844,149.58006,Bathurst Regional,Country urban,Rest of NSW - Urban,Straight,,Previous crash,,Off,Sealed,Dry,Fine,Daylight,Nil,Give way sign,60 km/h,State,30,Rear end,301,Same - Rear end,,Rear end,Light truck,Station wagon,2,0,0,0,0,3,March,Autumn,Monday,12:00 - 13:59,Midday / afternoon,False,False,False,False
1347522,Non-casualty (towaway),Non-casualty (towaway),2024,2024,March,Tuesday,18:00 - 19:59,BUNGAREE,RD,20,North,BURRABOGEE,RD,TOONGABBIE,,No,Not a school zone,2-way undivided,-33.796168,150.959123,Parramatta,Sydney metro. area,Syd-Newc-Woll Gtr conurbation,Straight,Steep grade,,,On,Sealed,Dry,Fine,Darkness,Nil,No traffic controls,50 km/h,Local,71,Off rd left => obj,703,Left off cway into object,,Other angle,Unknown motor vehicle,Light truck,2,0,0,0,0,3,March,Autumn,Tuesday,18:00 - 19:59,PM peak / evening commute,True,False,False,False
1347530,Non-casualty (towaway),Non-casualty (towaway),2024,2024,February,Thursday,22:00 - Midnight,ACADEMY,ST,0,Right on the spot,METHVEN,ST,LITHGOW,,No,Not a school zone,X-intersection,-33.487598,150.143694,Lithgow,Country urban,Rest of NSW - Urban,Straight,,,,On,Sealed,Dry,Overcast,Darkness,Nil,Give way sign,50 km/h,Local,85,Off rt/lft bnd=>obj,706,Left turn,Right,Vehicle - Object,Light truck utility(from 2018),,1,0,0,0,0,2,February,Summer,Thursday,22:00 - Midnight,Evening / night,False,False,False,False
1347572,Non-casualty (towaway),Non-casualty (towaway),2024,2024,March,Sunday,00:01 - 01:59,BORONIA,RD,0,Right on the spot,NUMBER 59,HN,GREENACRE,636.0,No,Not a school zone,2-way undivided,-33.906209,151.053022,Canterbury-Bankstown,Sydney metro. area,Syd-Newc-Woll Gtr conurbation,Straight,,,,On,Sealed,Wet,Raining,Darkness,Nil,No traffic controls,60 km/h,State,71,Off rd left => obj,703,Left off cway into object,,Vehicle - Object,Light truck utility(from 2018),,1,0,0,0,0,3,March,Autumn,Sunday,00:01 - 01:59,Late night / early morning,False,False,False,False
1347584,Non-casualty (towaway),Non-casualty (towaway),2024,2024,January,Monday,02:00 - 03:59,PRINCES,HWY,50,North,CHURCH,ST,ULLADULLA,1.0,No,Not a school zone,2-way undivided,-35.353663,150.475052,Shoalhaven,Country urban,Rest of NSW - Urban,Straight,Steep grade,,,Nil,Sealed,Dry,Fine,Darkness,Nil,No traffic controls,60 km/h,State,71,Off rd left => obj,703,Left off cway into object,,Other angle,Unknown motor vehicle,Light truck utility(from 2018),5,0,0,0,0,1,January,Summer,Monday,02:00 - 03:59,Late night / early morning,False,False,False,False
1347586,Non-casualty (towaway),Non-casualty (towaway),2024,2024,February,Tuesday,04:00 - 05:59,SALISBURY,RD,50,West,HEATHERBRAE,RD,MUNNI,,No,Not a school zone,2-way undivided,-32.291319,151.673404,Dungog,Country non-urban,Rest of NSW - Rural,Curved,Other bridge,,,Nil,Sealed,Wet,Fog or mist,Darkness,Nil,No traffic controls,90 km/h,Local,81,Off left/rt bnd=>obj,803,Off right bend into obj,Left,Vehicle - Object,Light truck utility(from 2018),,1,0,0,0,0,2,February,Summer,Tuesday,04:00 - 05:59,Late night / early morning,False,False,False,False
1347590,Non-casualty (towaway),Non-casualty (towaway),2024,2024,March,Monday,22:00 - Midnight,THE LAKES,WAY,100,North,BLACK HEAD,RD,RAINBOW FLAT,111.0,No,Not a school zone,2-way undivided,-32.069364,152.481871,Mid-Coast,Country urban,Rest of NSW - Urban,Straight,,,,Off,Sealed,Wet,Fine,Darkness,Nil,No traffic controls,80 km/h,Regional,71,Off rd left => obj,703,Left off cway into object,,Vehicle - Object,Light truck utility(from 2018),,1,0,0,0,0,3,March,Autumn,Monday,22:00 - Midnight,Evening / night,False,False,False,False
1347612,Non-casualty (towaway),Non-casualty (towaway),2024,2024,March,Wednesday,22:00 - Midnight,M8 TUNNEL,MS,2400,East,SOUTH WESTERN EXPRESSWAY,TO,BARDWELL PARK,6008.0,No,Not a school zone,Dual freeway,-33.937271,151.124179,Bayside,Sydney metro. area,Syd-Newc-Woll Gtr conurbation,Curved,Underpass/tunnel,Roadwks/Detour/Diverson,,On,Sealed,Dry,Unknown,Darkness,Nil,No traffic controls,40 km/h,State,30,Rear end,301,Same - Rear end,,Rear end,Car (sedan/hatch),Large rigid,2,0,0,0,0,3,March,Autumn,Wednesday,22:00 - Midnight,Evening / night,False,False,False,False
1347617,Non-casualty (towaway),Non-casualty (towaway),2024,2024,March,Saturday,00:01 - 01:59,GREAT WESTERN,HWY,0,Right on the spot,SHELL SERVICE STATION,ENT,FAULCONBRIDGE,5.0,No,Not a school zone,Divided road,-33.694381,150.537586,Blue Mountains,Country urban,Syd-Newc-Woll Gtr conurbation,Curved,Driveway/entrance,,,On,Sealed,Dry,Fine,Darkness,Nil,No traffic controls,60 km/h,State,81,Off left/rt bnd=>obj,803,Off right bend into obj,Left,Vehicle - Object,4 wheel drive / SUV,,1,0,0,0,0,3,March,Autumn,Saturday,00:01 - 01:59,Late night / early morning,False,False,False,False
1347629,Non-casualty (towaway),Non-casualty (towaway),2024,2024,March,Wednesday,00:01 - 01:59,HUME,HWY,1950,North,OLD HUME,HWY,MARULAN,2.0,No,Not a school zone,Divided road,-34.670939,150.066477,Goulburn Mulwaree,Country non-urban,Rest of NSW - Rural,Straight,,Previous crash,,Nil,Sealed,Dry,Fine,Darkness,Nil,No traffic controls,110 km/h,State,62,Accident,603,On path - Previous accident,,Other angle,B-double (road train prior 98),B-double (road train prior 98),2,0,0,0,0,3,March,Autumn,Wednesday,00:01 - 01:59,Late night / early morning,False,False,False,False
1347637,Non-casualty (towaway),Non-casualty (towaway),2024,2024,March,Saturday,02:00 - 03:59,CANIABA,RD,0,Right on the spot,NUMBER 522,HN,CANIABA,,No,Not a school zone,2-way undivided,-28.826564,153.219798,Lismore,Country urban,Rest of NSW - Urban,Straight,Steep grade,,,Nil,Sealed,Dry,Fine,Darkness,Nil,No traffic controls,80 km/h,Local,73,Off rd rght => obj,704,Right off cway into obj,,Vehicle - Object,Station wagon,,1,0,0,0,0,3,March,Autumn,Saturday,02:00 - 03:59,Late night / early morning,False,False,False,False