crash_id,degree_of_crash,degree_of_crash_-_detailed,reporting_year,year_of_crash,month_of_crash,day_of_week_of_crash,two-hour_intervals,street_of_crash,street_type,distance,direction,identifying_feature,identifying_feature_type,town,route_no.,school_zone_location,school_zone_active,type_of_location,latitude,longitude,lga,urbanisation,conurbation_1,alignment,primary_permanent_feature,primary_temporary_feature,primary_hazardous_feature,street_lighting,road_surface,surface_condition,weather,natural_lighting,signals_operation,other_traffic_control,speed_limit,road_classification_(admin),rum_-_code,rum_-_description,dca_-_code,dca_-_description,dca_supplement,first_impact_type,key_tu_type,other_tu_type,no._of_traffic_units_involved,no._killed,no._seriously_injured,no._moderately_injured,no._minor-other_injured,month_num,month_label,season,day_label,time_label,time_band,is_peak_commute,is_fatal,is_injury,is_casualty
1347640,Non-casualty (towaway),Non-casualty (towaway),2024,2024,March,Thursday,14:00 - 15:59,YASS VALLEY,WAY,0,Right on the spot,SERVICE CENTRE,ENT,YASS,7610.0,No,Not a school zone,Divided road,-34.807679,148.881047,Yass Valley,Country urban,Rest of NSW - Urban,Curved,Driveway/entrance,,,Off,Sealed,Dry,Fine,Daylight,Nil,Give way sign,80 km/h,Regional,80,Off left/right bend,801,Off cway right bend,Left,Rollover,Semi-trailer,,1,0,0,0,0,3,March,Autumn,Thursday,14:00 - 15:59,Midday / afternoon,False,False,False,False
1347664,Non-casualty (towaway),Non-casualty (towaway),2024,2024,March,Sunday,14:00 - 15:59,FOORDS,LANE,0,Right on the spot,LACMALAC,RD,BOMBOWLEE,,No,Not a school zone,T-junction,-35.298874,148.243447,Snowy Valleys,Country non-urban,Rest of NSW - Rural,Straight,,,,Nil,Sealed,Dry,Fine,Daylight,Nil,No traffic controls,100 km/h,Local,16,Left near,107,Adj - Left-thru from right,,Right angle,Car (sedan/hatch),Light truck utility(from 2018),2,0,0,0,0,3,March,Autumn,Sunday,14:00 - 15:59,Midday / afternoon,False,False,False,False
1347667,Non-casualty (towaway),Non-casualty (towaway),2024,2024,March,Wednesday,12:00 - 13:59,ABERCROMBIE,ST,20,South,DICK,ST,CHIPPENDALE,594.0,No,Not a school zone,1-way street,-33.886666,151.198752,Sydney,Sydney metro. area,Syd-Newc-Woll Gtr conurbation,Straight,,,,Nil,Sealed,Dry,Fine,Daylight,Nil,No traffic controls,50 km/h,State,44,Parking vehicles,403,Manov - Parking-parked vehicle,,Other angle,Car (sedan/hatch),Car (sedan/hatch),2,0,0,0,0,3,March,Autumn,Wednesday,12:00 - 13:59,Midday / afternoon,False,False,False,False
1347668,Non-casualty (towaway),Non-casualty (towaway),2024,2024,March,Tuesday,18:00 - 19:59,NORTHCLIFFE,DR,90,East,WALKER,ST,WARRAWONG,613.0,No,Not a school zone,2-way undivided,-34.489886,150.88297,Wollongong,Wollongong met. area,Syd-Newc-Woll Gtr conurbation,Curved,,,,Off,Sealed,Dry,Fine,Daylight,Nil,No traffic controls,60 km/h,Regional,87,Off lft/lft bnd=>obj,804,Off left bend into obj,Left,Vehicle - Object,Light truck,,1,0,0,0,0,3,March,Autumn,Tuesday,18:00 - 19:59,PM peak / evening commute,True,False,False,False
1347677,Non-casualty (towaway),Non-casualty (towaway),2024,2024,March,Saturday,22:00 - Midnight,SOUTHERN,EXP,120,South,NORTHCLIFFE,DR,KEMBLA GRANGE,6006.0,No,Not a school zone,Other,-34.474321,150.830414,Wollongong,Wollongong met. area,Syd-Newc-Woll Gtr conurbation,Straight,,,,On,Sealed,Dry,Fine,Darkness,Nil,No traffic controls,70 km/h,State,73,Off rd rght => obj,704,Right off cway into obj,,Vehicle - Object,Car (sedan/hatch),,1,0,0,0,0,3,March,Autumn,Saturday,22:00 - Midnight,Evening / night,False,False,False,False
1347680,Non-casualty (towaway),Non-casualty (towaway),2024,2024,March,Friday,16:00 - 17:59,CUMBERLAND,HWY,0,Right on the spot,BRENAN,ST,SMITHFIELD,13.0,No,Not a school zone,X-intersection,-33.856917,150.936183,Fairfield,Sydney metro. area,Syd-Newc-Woll Gtr conurbation,Straight,,,,Nil,Sealed,Dry,Fine,Daylight,Unknown / not stated,No right turn,70 km/h,State,74,On road-out of cont.,705,Out of control on cway,,Rollover,4 wheel drive / SUV,,1,0,0,0,0,3,March,Autumn,Friday,16:00 - 17:59,PM peak / evening commute,True,False,False,False
1347713,Non-casualty (towaway),Non-casualty (towaway),2024,2024,March,Tuesday,16:00 - 17:59,FITZROY,ST,0,Right on the spot,PURVIS,LANE,DUBBO,,No,Not a school zone,X-intersection,-32.220846,148.617538,Dubbo Regional,Country urban,Rest of NSW - Urban,Straight,,,,Off,Sealed,Dry,Fine,Daylight,Nil,Give way sign,80 km/h,Local,21,Right through,202,Opp - Right-thru,,Other angle,Light truck utility(from 2018),4 wheel drive / SUV,2,0,0,0,0,3,March,Autumn,Tuesday,16:00 - 17:59,PM peak / evening commute,True,False,False,False
1347731,Non-casualty (towaway),Non-casualty (towaway),2024,2024,March,Thursday,16:00 - 17:59,KABLE,AVE,30,West,DWYER,LANE,TAMWORTH,,No,Not a school zone,2-way undivided,-31.087414,150.925555,Tamworth Regional,Country urban,Rest of NSW - Urban,Curved,,,,Unknown / not stated,Sealed,Wet,Raining,Daylight,Nil,No traffic controls,40 km/h,Local,83,Off rt/rt bnd=>obj,803,Off right bend into obj,Right,Other angle,4 wheel drive / SUV,Car (sedan/hatch),4,0,0,0,0,3,March,Autumn,Thursday,16:00 - 17:59,PM peak / evening commute,True,False,False,False
1347734,Non-casualty (towaway),Non-casualty (towaway),2024,2024,March,Tuesday,06:00 - 07:59,BRUNKER,RD,0,Right on the spot,COOPER,RD,YAGOONA,7117.0,No,Not a school zone,Roundabout,-33.897588,151.025607,Canterbury-Bankstown,Sydney metro. area,Syd-Newc-Woll Gtr conurbation,Curved,,,,Unknown / not stated,Sealed,Dry,Fine,Daylight,Nil,Give way sign,50 km/h,Regional,10,Cross traffic,101,Adj - Cross traffic,,Right angle,4 wheel drive / SUV,Car (sedan/hatch),2,0,0,0,0,3,March,Autumn,Tuesday,06:00 - 07:59,AM peak / school commute,True,False,False,False
1347735,Non-casualty (towaway),Non-casualty (towaway),2024,2024,March,Tuesday,22:00 - Midnight,BUIST,ST,0,Right on the spot,NUMBER 106,HN,BASS HILL,,No,Not a school zone,2-way undivided,-33.897523,150.999806,Canterbury-Bankstown,Sydney metro. area,Syd-Newc-Woll Gtr conurbation,Curved,,,,Unknown / not stated,Sealed,Dry,Fine,Darkness,Nil,No traffic controls,50 km/h,Local,87,Off lft/lft bnd=>obj,804,Off left bend into obj,Left,Other angle,Car (sedan/hatch),Unknown motor vehicle,2,0,0,0,0,3,March,Autumn,Tuesday,22:00 - Midnight,Evening / night,False,False,False,False
1347736,Non-casualty (towaway),Non-casualty (towaway),2024,2024,March,Friday,18:00 - 19:59,WELLINGTON,RD,0,Right on the spot,ETTALONG,ST,AUBURN,2096.0,Yes,No,X-intersection,-33.864474,151.024014,Cumberland,Sydney metro. area,Syd-Newc-Woll Gtr conurbation,Straight,,,,Unknown / not stated,Sealed,Dry,Fine,Daylight,Nil,Give way sign,50 km/h,Regional,71,Off rd left => obj,703,Left off cway into object,,Other angle,Car (sedan/hatch),4 wheel drive / SUV,3,0,0,0,0,3,March,Autumn,Friday,18:00 - 19:59,PM peak / evening commute,True,False,False,False
1347741,Non-casualty (towaway),Non-casualty (towaway),2024,2024,April,Thursday,20:00 - 21:59,BANNERMAN,RD,700,North,GLENHAVEN,RD,KENTHURST,,No,Not a school zone,2-way undivided,-33.689335,150.979265,The Hills,Sydney metro. area,Syd-Newc-Woll Gtr conurbation,Straight,,,,Unknown / not stated,Sealed,Wet,Raining,Darkness,Nil,No traffic controls,70 km/h,Local,71,Off rd left => obj,703,Left off cway into object,,Vehicle - Object,Car (sedan/hatch),,1,0,0,0,0,4,April,Autumn,Thursday,20:00 - 21:59,Evening / night,False,False,False,False
1347743,Non-casualty (towaway),Non-casualty (towaway),2024,2024,March,Thursday,12:00 - 13:59,WOLLAR,RD,0,Right on the spot,NUMBER 142,HN,BUDGEE BUDGEE,208.0,No,Not a school zone,2-way undivided,-32.522166,149.669564,Mid-Western Regional,Country non-urban,Rest of NSW - Rural,Curved,,,,Unknown / not stated,Sealed,Dry,Fine,Daylight,Nil,No traffic controls,100 km/h,Regional,84,Off right/left bend,802,Off cway left bend,Right,Rollover,Light truck utility(from 2018),,1,0,0,0,0,3,March,Autumn,Thursday,12:00 - 13:59,Midday / afternoon,False,False,False,False
1347745,Non-casualty (towaway),Non-casualty (towaway),2024,2024,March,Tuesday,16:00 - 17:59,KETHEL,RD,0,Right on the spot,SUTHERLAND,RD,BEECROFT,,No,Not a school zone,T-junction,-33.754252,151.0747,Hornsby,Sydney metro. area,Syd-Newc-Woll Gtr conurbation,Straight,,,,Unknown / not stated,Sealed,Dry,Fine,Daylight,Nil,Stop sign,50 km/h,Local,21,Right through,202,Opp - Right-thru,,Other angle,Car (sedan/hatch),Car (sedan/hatch),2,0,0,0,0,3,March,Autumn,Tuesday,16:00 - 17:59,PM peak / evening commute,True,False,False,False
1347746,Non-casualty (towaway),Non-casualty (towaway),2024,2024,March,Monday,12:00 - 13:59,COMOBELLA,RD,250,East,WANDRONA,LANE,COMOBELLA,,No,Not a school zone,2-way undivided,-32.367147,148.961637,Dubbo Regional,Country non-urban,Rest of NSW - Rural,Curved,,,,Unknown / not stated,Sealed,Dry,Fine,Daylight,Nil,No traffic controls,100 km/h,Local,80,Off left/right bend,801,Off cway right bend,Left,Rollover,Large rigid,,1,0,0,0,0,3,March,Autumn,Monday,12:00 - 13:59,Midday / afternoon,False,False,False,False
1347751,Non-casualty (towaway),Non-casualty (towaway),2024,2024,March,Thursday,14:00 - 15:59,NEWCASTLE,EXP,200,North,KU-RING-GAI CHASE ROAD,OP,MOUNT COLAH,6003.0,No,Not a school zone,Dual freeway,-33.676855,151.119893,Hornsby,Sydney metro. area,Syd-Newc-Woll Gtr conurbation,Straight,,,,Unknown / not stated,Sealed,Dry,Fine,Daylight,Nil,No traffic controls,110 km/h,State,30,Rear end,301,Same - Rear end,,Rear end,Light truck utility(from 2018),Car (sedan/hatch),3,0,0,0,0,3,March,Autumn,Thursday,14:00 - 15:59,Midday / afternoon,False,False,False,False
1347752,Non-casualty (towaway),Non-casualty (towaway),2024,2024,March,Friday,20:00 - 21:59,CRISP,ST,0,Right on the spot,GRANITE,ST,PORT MACQUARIE,,No,Not a school zone,T-junction,-31.441191,152.914522,Port Macquarie-Hastings,Country urban,Rest of NSW - Urban,Straight,,,,Unknown / not stated,Sealed,Wet,Overcast,Darkness,Nil,No traffic controls,50 km/h,Local,71,Off rd left => obj,703,Left off cway into object,,Vehicle - Object,Car (sedan/hatch),,1,0,0,0,0,3,March,Autumn,Friday,20:00 - 21:59,Evening / night,False,False,False,False
1347754,Non-casualty (towaway),Non-casualty (towaway),2024,2024,April,Wednesday,06:00 - 07:59,CENTRAL COAST,HWY,0,Right on the spot,NUMBER 713,HN,WAMBERAL,30.0,No,Not a school zone,Divided road,-33.423273,151.436617,Central Coast,Country urban,Syd-Newc-Woll Gtr conurbation,Straight,,,,Unknown / not stated,Sealed,Dry,Fine,Daylight,Nil,No traffic controls,60 km/h,State,30,Rear end,301,Same - Rear end,,Rear end,Car (sedan/hatch),Car (sedan/hatch),2,0,0,0,0,4,April,Autumn,Wednesday,06:00 - 07:59,AM peak / school commute,True,False,False,False
1347756,Non-casualty (towaway),Non-casualty (towaway),2024,2024,April,Wednesday,12:00 - 13:59,COWLISHAW,ST,0,Right on the spot,HUTCHINSON,ST,REDHEAD,,No,Not a school zone,X-intersection,-33.009997,151.712735,Lake Macquarie,Newcastle met. area,Syd-Newc-Woll Gtr conurbation,Straight,,,,Unknown / not stated,Sealed,Dry,Fine,Daylight,Nil,Give way sign,50 km/h,Local,10,Cross traffic,101,Adj - Cross traffic,,Right angle,4 wheel drive / SUV,Light truck utility(from 2018),2,0,0,0,0,4,April,Autumn,Wednesday,12:00 - 13:59,Midday / afternoon,False,False,False,False
1347758,Non-casualty (towaway),Non-casualty (towaway),2024,2024,March,Saturday,08:00 - 09:59,HUME,HWY,300,North,RED HILLS,RD,MARULAN,2.0,No,Not a school zone,Divided road,-34.690608,150.037631,Goulburn Mulwaree,Country non-urban,Rest of NSW - Rural,Curved,,,,Unknown / not stated,Sealed,Dry,Fine,Daylight,Nil,No traffic controls,110 km/h,State,34,Lane change right,306,Same - Lane change right,,Other angle,Car (sedan/hatch),Station wagon,2,0,0,0,0,3,March,Autumn,Saturday,08:00 - 09:59,AM peak / school commute,True,False,False,False
1347761,Non-casualty (towaway),Non-casualty (towaway),2024,2024,March,Tuesday,14:00 - 15:59,STURT,HWY,0,Right on the spot,WINDOMAL,RD,BALRANALD,14.0,No,Not a school zone,X-intersection,-34.658966,143.559783,Balranald,Country non-urban,Rest of NSW - Rural,Straight,,,,Nil,Sealed,Wet,Raining,Daylight,Nil,Give way sign,90 km/h,State,70,Off road to left,701,Off carriageway to left,,Rollover,Large rigid,,1,0,0,0,0,3,March,Autumn,Tuesday,14:00 - 15:59,Midday / afternoon,False,False,False,False
1347763,Non-casualty (towaway),Non-casualty (towaway),2024,2024,March,Saturday,12:00 - 13:59,COAST,RD,0,Right on the spot,JOHN GRAY,CL,NORTH AVOCA,,No,Not a school zone,T-junction,-33.454082,151.443669,Central Coast,Country urban,Syd-Newc-Woll Gtr conurbation,Straight,Embankment/cutting,,,Unknown / not stated,Sealed,Dry,Fine,Daylight,Nil,No traffic controls,50 km/h,Local,41,U turn into object,409,Manov - U-turn into fixed obje,,Vehicle - Object,4 wheel drive / SUV,,1,0,0,0,0,3,March,Autumn,Saturday,12:00 - 13:59,Midday / afternoon,False,False,False,False
1347766,Non-casualty (towaway),Non-casualty (towaway),2024,2024,April,Friday,12:00 - 13:59,BUNGLEGUMBIE,RD,10,North,MITCHELL,HWY,DUBBO,7.0,No,Not a school zone,T-junction,-32.202807,148.536274,Dubbo Regional,Country non-urban,Rest of NSW - Rural,Curved,,,,Nil,Sealed,Wet,Raining,Daylight,Nil,No traffic controls,100 km/h,State,85,Off rt/lft bnd=>obj,706,Left turn,Right,Vehicle - Object,4 wheel drive / SUV,,1,0,0,0,0,4,April,Autumn,Friday,12:00 - 13:59,Midday / afternoon,False,False,False,False
1347771,Non-casualty (towaway),Non-casualty (towaway),2024,2024,March,Sunday,20:00 - 21:59,FAIRFORD,RD,0,Right on the spot,BRYANT,ST,PADSTOW,190.0,No,Not a school zone,X-intersection,-33.941377,151.035262,Canterbury-Bankstown,Sydney metro. area,Syd-Newc-Woll Gtr conurbation,Straight,Steep grade,,,Unknown / not stated,Sealed,Dry,Fine,Darkness,Nil,Stop sign,70 km/h,State,13,Right near,104,Adj - Right-thru from right,,Right angle,Light truck utility(from 2018),Light truck utility(from 2018),2,0,0,0,0,3,March,Autumn,Sunday,20:00 - 21:59,Evening / night,False,False,False,False
1347772,Non-casualty (towaway),Non-casualty (towaway),2024,2024,April,Monday,18:00 - 19:59,NEWCASTLE,EXP,400,North,HAWKESBURY RIVER,BDGE,MOONEY MOONEY,6003.0,No,Not a school zone,Dual freeway,-33.532479,151.200527,Central Coast,Country non-urban,Syd-Newc-Woll Gtr conurbation,Curved,,,,Unknown / not stated,Sealed,Dry,Fine,Darkness,Nil,No traffic controls,110 km/h,State,33,Lane sideswipe,305,Same - Lane side swipe,,Other angle,Car (sedan/hatch),Light truck utility(from 2018),2,0,0,0,0,4,April,Autumn,Monday,18:00 - 19:59,PM peak / evening commute,True,False,False,False
1347774,Non-casualty (towaway),Non-casualty (towaway),2024,2024,April,Wednesday,16:00 - 17:59,BADGALLY,RD,0,Right on the spot,CLYDESDALE,DR,BLAIRMOUNT,7192.0,Yes,No,X-intersection,-34.048642,150.803892,Campbelltown,Sydney metro. area,Syd-Newc-Woll Gtr conurbation,Straight,,,,Unknown / not stated,Sealed,Dry,Fine,Daylight,On,No traffic controls,60 km/h,Regional,30,Rear end,301,Same - Rear end,,Rear end,4 wheel drive / SUV,4 wheel drive / SUV,2,0,0,0,0,4,April,Autumn,Wednesday,16:00 - 17:59,PM peak / evening commute,True,False,False,False
1347776,Non-casualty (towaway),Non-casualty (towaway),2024,2024,April,Wednesday,16:00 - 17:59,CANBERRA,AVE,0,Right on the spot,LANYON,DR,QUEANBEYAN WEST,51.0,No,Not a school zone,Roundabout,-35.355386,149.215623,Queanbeyan-Palerang Regional,Country urban,Rest of NSW - Urban,Curved,,,,Unknown / not stated,Sealed,Dry,Fine,Dusk,Nil,Give way sign,60 km/h,State,30,Rear end,301,Same - Rear end,,Rear end,Car (sedan/hatch),4 wheel drive / SUV,2,0,0,0,0,4,April,Autumn,Wednesday,16:00 - 17:59,PM peak / evening commute,True,False,False,False
1347781,Non-casualty (towaway),Non-casualty (towaway),2024,2024,April,Wednesday,14:00 - 15:59,RIDGE,ST,0,Right on the spot,NUMBER 79,HN,NORTH SYDNEY,,No,Not a school zone,2-way undivided,-33.833084,151.209628,North Sydney,Sydney metro. area,Syd-Newc-Woll Gtr conurbation,Straight,,,,Unknown / not stated,Sealed,Dry,Fine,Daylight,Nil,No traffic controls,50 km/h,Local,63,Vehicle door,604,On path - Vehicle door,,Other angle,Light truck,Station wagon,2,0,0,0,0,4,April,Autumn,Wednesday,14:00 - 15:59,Midday / afternoon,False,False,False,False
1347784,Non-casualty (towaway),Non-casualty (towaway),2024,2024,March,Thursday,10:00 - 11:59,BETTINGTON,RD,0,Right on the spot,NUMBER 164,HN,CARLINGFORD,,No,Not a school zone,2-way undivided,-33.786179,151.028532,Parramatta,Sydney metro. area,Syd-Newc-Woll Gtr conurbation,Straight,Steep grade,,,Unknown / not stated,Sealed,Wet,Raining,Daylight,Nil,No traffic controls,50 km/h,Local,71,Off rd left => obj,703,Left off cway into object,,Vehicle - Object,Car (sedan/hatch),,1,0,0,0,0,3,March,Autumn,Thursday,10:00 - 11:59,Midday / afternoon,False,False,False,False
1347786,Non-casualty (towaway),Non-casualty (towaway),2024,2024,March,Sunday,14:00 - 15:59,HOPEWOOD,RD,1000,East,STOCKDALE,RD,GOBARRALONG,,No,Not a school zone,2-way undivided,-34.974764,148.304089,Cootamundra-Gundagai,Country non-urban,Rest of NSW - Rural,Straight,Embankment/cutting,,,Unknown / not stated,Sealed,Dry,Fine,Daylight,Nil,No traffic controls,100 km/h,Local,41,U turn into object,409,Manov - U-turn into fixed obje,,Vehicle - Object,Light truck utility(from 2018),,1,0,0,0,0,3,March,Autumn,Sunday,14:00 - 15:59,Midday / afternoon,False,False,False,False
1347789,Non-casualty (towaway),Non-casualty (towaway),2024,2024,April,Tuesday,14:00 - 15:59,SCENIC,DR,0,Right on the spot,WILLS,RD,SAN REMO,,No,Not a school zone,X-intersection,-33.210531,151.528677,Central Coast,Country urban,Syd-Newc-Woll Gtr conurbation,Straight,,,,Unknown / not stated,Sealed,Wet,Raining,Daylight,Nil,Give way sign,50 km/h,Local,30,Rear end,301,Same - Rear end,,Rear end,4 wheel drive / SUV,Utility,2,0,0,0,0,4,April,Autumn,Tuesday,14:00 - 15:59,Midday / afternoon,False,False,False,False
1347795,Non-casualty (towaway),Non-casualty (towaway),2024,2024,March,Sunday,18:00 - 19:59,HOLBROOK,RD,2000,North,MOVERN,RD,COOKARDINIA,211.0,No,Not a school zone,2-way undivided,-35.541342,147.244628,Greater Hume,Country non-urban,Rest of NSW - Rural,Straight,,,,Unknown / not stated,Sealed,Dry,Fine,Dusk,Nil,No traffic controls,100 km/h,Regional,71,Off rd left => obj,703,Left off cway into object,,Vehicle - Object,Car (sedan/hatch),,1,0,0,0,0,3,March,Autumn,Sunday,18:00 - 19:59,PM peak / evening commute,True,False,False,False
1347800,Non-casualty (towaway),Non-casualty (towaway),2024,2024,March,Saturday,10:00 - 11:59,NEWCASTLE,EXP,500,South,JOLLS,BDGE,MOONEY MOONEY,6003.0,No,Not a school zone,Dual freeway,-33.517233,151.195801,Central Coast,Country non-urban,Syd-Newc-Woll Gtr conurbation,Curved,,,,Unknown / not stated,Sealed,Dry,Fine,Daylight,Nil,No traffic controls,100 km/h,State,30,Rear end,301,Same - Rear end,,Rear end,Car (sedan/hatch),Station wagon,2,0,0,0,0,3,March,Autumn,Saturday,10:00 - 11:59,Midday / afternoon,False,False,False,False
1347802,Non-casualty (towaway),Non-casualty (towaway),2024,2024,April,Friday,12:00 - 13:59,DAVIES,RD,0,Right on the spot,WATSON,RD,PADSTOW,190.0,No,Not a school zone,X-intersection,-33.944997,151.034842,Canterbury-Bankstown,Sydney metro. area,Syd-Newc-Woll Gtr conurbation,Curved,,,,Unknown / not stated,Sealed,Wet,Raining,Daylight,On,No traffic controls,70 km/h,State,30,Rear end,301,Same - Rear end,,Rear end,Car (sedan/hatch),Car (sedan/hatch),2,0,0,0,0,4,April,Autumn,Friday,12:00 - 13:59,Midday / afternoon,False,False,False,False
1347805,Non-casualty (towaway),Non-casualty (towaway),2024,2024,March,Monday,08:00 - 09:59,STURT,HWY,370,West,LOCKHART,RD,COLLINGULLIE,14.0,No,Not a school zone,2-way undivided,-35.085539,147.123301,Wagga Wagga,Country urban,Rest of NSW - Urban,Straight,,,,Unknown / not stated,Sealed,Dry,Fine,Daylight,Nil,No traffic controls,80 km/h,State,30,Rear end,301,Same - Rear end,,Rear end,Light truck,Car (sedan/hatch),2,0,0,0,0,3,March,Autumn,Monday,08:00 - 09:59,AM peak / school commute,True,False,False,False
1347806,Non-casualty (towaway),Non-casualty (towaway),2024,2024,April,Monday,02:00 - 03:59,LATONA,CRES,0,Right on the spot,NUMBER 1,HN,ROPES CROSSING,,No,Not a school zone,2-way undivided,-33.737381,150.78309,Blacktown,Sydney metro. area,Syd-Newc-Woll Gtr conurbation,Straight,,,,Unknown / not stated,Sealed,Dry,Fine,Darkness,Nil,No traffic controls,50 km/h,Local,93,Pkd veh runaway=>obj,906,Parked vehicle ran away,,Other angle,Light truck utility(from 2018),Car (sedan/hatch),2,0,0,0,0,4,April,Autumn,Monday,02:00 - 03:59,Late night / early morning,False,False,False,False
1347809,Non-casualty (towaway),Non-casualty (towaway),2024,2024,April,Monday,18:00 - 19:59,BULLER,ST,0,Right on the spot,KISSING POINT,RD,SOUTH TURRAMURRA,,No,Not a school zone,T-junction,-33.751994,151.112601,Ku-ring-gai,Sydney metro. area,Syd-Newc-Woll Gtr conurbation,Straight,,,,Unknown / not stated,Sealed,Dry,Fine,Dusk,Nil,No traffic controls,50 km/h,Local,71,Off rd left => obj,703,Left off cway into object,,Vehicle - Object,4 wheel drive / SUV,,1,0,0,0,0,4,April,Autumn,Monday,18:00 - 19:59,PM peak / evening commute,True,False,False,False
1347811,Non-casualty (towaway),Non-casualty (towaway),2024,2024,April,Monday,16:00 - 17:59,STANHOPE,PKWY,0,Right on the spot,PERFECTION,AVE,STANHOPE GARDENS,,No,Not a school zone,Roundabout,-33.718059,150.925579,Blacktown,Sydney metro. area,Syd-Newc-Woll Gtr conurbation,Straight,,,,Unknown / not stated,Sealed,Dry,Fine,Daylight,Nil,Give way sign,60 km/h,Local,49,Other manoeuvring,400,Manov - other,,Other angle,Car (sedan/hatch),Car (sedan/hatch),2,0,0,0,0,4,April,Autumn,Monday,16:00 - 17:59,PM peak / evening commute,True,False,False,False
1347812,Non-casualty (towaway),Non-casualty (towaway),2024,2024,February,Thursday,14:00 - 15:59,GIPPS,ST,0,Right on the spot,KING,ST,WEST TAMWORTH,,No,Not a school zone,X-intersection,-31.097589,150.915201,Tamworth Regional,Country urban,Rest of NSW - Urban,Straight,,,,Unknown / not stated,Sealed,Dry,Fine,Daylight,Nil,Give way sign,50 km/h,Local,10,Cross traffic,101,Adj - Cross traffic,,Right angle,Car (sedan/hatch),4 wheel drive / SUV,2,0,0,0,0,2,February,Summer,Thursday,14:00 - 15:59,Midday / afternoon,False,False,False,False
1347814,Non-casualty (towaway),Non-casualty (towaway),2024,2024,April,Thursday,14:00 - 15:59,BARRETT,ST,0,Right on the spot,BLUE WATERS,CRES,TWEED HEADS WEST,,No,Not a school zone,T-junction,-28.188356,153.524002,Tweed,Country urban,Rest of NSW - Urban,Straight,,,,Unknown / not stated,Sealed,Dry,Fine,Daylight,Nil,No traffic controls,50 km/h,Local,30,Rear end,301,Same - Rear end,,Rear end,Station wagon,4 wheel drive / SUV,2,0,0,0,0,4,April,Autumn,Thursday,14:00 - 15:59,Midday / afternoon,False,False,False,False
1347816,Non-casualty (towaway),Non-casualty (towaway),2024,2024,March,Saturday,14:00 - 15:59,PRINCES,HWY,1000,North,HAWKEN,RD,FALLS CREEK,1.0,No,Not a school zone,2-way undivided,-35.016282,150.580127,Shoalhaven,Country urban,Rest of NSW - Urban,Straight,,,,Unknown / not stated,Sealed,Dry,Fine,Daylight,Nil,No traffic controls,80 km/h,State,30,Rear end,301,Same - Rear end,,Rear end,Car (sedan/hatch),Light truck utility(from 2018),2,0,0,0,0,3,March,Autumn,Saturday,14:00 - 15:59,Midday / afternoon,False,False,False,False
1347818,Non-casualty (towaway),Non-casualty (towaway),2024,2024,April,Tuesday,06:00 - 07:59,PRINCES,HWY,1000,South,SOUTH KIAMA DRIVE,OP,KIAMA HEIGHTS,1.0,No,Not a school zone,Divided road,-34.701436,150.8369,Kiama,Country urban,Rest of NSW - Urban,Curved,,,,Unknown / not stated,Sealed,Dry,Fine,Dawn,Nil,No traffic controls,80 km/h,State,85,Off rt/lft bnd=>obj,804,Off left bend into obj,Right,Vehicle - Object,Light truck utility(from 2018),,1,0,0,0,0,4,April,Autumn,Tuesday,06:00 - 07:59,AM peak / school commute,True,False,False,False
1347821,Non-casualty (towaway),Non-casualty (towaway),2024,2024,March,Thursday,12:00 - 13:59,WOLLOMBI,RD,0,Right on the spot,ALEXANDER,ST,CESSNOCK,181.0,Yes,No,T-junction,-32.838396,151.344071,Cessnock,Country urban,Rest of NSW - Urban,Straight,,,,Unknown / not stated,Sealed,Dry,Fine,Daylight,On,No traffic controls,60 km/h,Regional,30,Rear end,301,Same - Rear end,,Rear end,Car (sedan/hatch),Utility,2,0,0,0,0,3,March,Autumn,Thursday,12:00 - 13:59,Midday / afternoon,False,False,False,False
1347823,Non-casualty (towaway),Non-casualty (towaway),2024,2024,April,Thursday,08:00 - 09:59,NELSON,ST,0,Right on the spot,NUMBER 134,HN,WALLSEND,,No,Not a school zone,2-way undivided,-32.902027,151.669507,Newcastle,Newcastle met. area,Syd-Newc-Woll Gtr conurbation,Straight,,,,Unknown / not stated,Sealed,Wet,Raining,Daylight,Nil,No traffic controls,40 km/h,Local,42,Leaving parking,401,Manov - Leaving parking,,Other angle,Car (sedan/hatch),Car (sedan/hatch),2,0,0,0,0,4,April,Autumn,Thursday,08:00 - 09:59,AM peak / school commute,True,False,False,False
1347825,Non-casualty (towaway),Non-casualty (towaway),2024,2024,March,Monday,06:00 - 07:59,LONDONDERRY,RD,0,Right on the spot,REYNOLDS,RD,LONDONDERRY,630.0,No,Not a school zone,T-junction,-33.630253,150.738693,Penrith,Sydney metro. area,Syd-Newc-Woll Gtr conurbation,Straight,,,,Unknown / not stated,Sealed,Dry,Fine,Dawn,Nil,No traffic controls,80 km/h,State,80,Off left/right bend,707,Right turn,Left,Rollover,Light truck utility(from 2018),,1,0,0,0,0,3,March,Autumn,Monday,06:00 - 07:59,AM peak / school commute,True,False,False,False
1347826,Non-casualty (towaway),Non-casualty (towaway),2024,2024,March,Friday,22:00 - Midnight,SEVEN GATES,RD,3000,West,SNOWY MOUNTAINS,HWY,ADAMINABY,,No,Not a school zone,2-way undivided,-36.094877,148.843825,Snowy Monaro Regional,Country non-urban,Rest of NSW - Rural,Straight,,,,Unknown / not stated,Unsealed,Dry,Fine,Darkness,Nil,No traffic controls,100 km/h,Local,67,Struck animal,609,On path - Hit animal,,Vehicle - Animal,Light truck utility(from 2018),,1,0,0,0,0,3,March,Autumn,Friday,22:00 - Midnight,Evening / night,False,False,False,False