crash_id,degree_of_crash,degree_of_crash_-_detailed,reporting_year,year_of_crash,month_of_crash,day_of_week_of_crash,two-hour_intervals,street_of_crash,street_type,distance,direction,identifying_feature,identifying_feature_type,town,route_no.,school_zone_location,school_zone_active,type_of_location,latitude,longitude,lga,urbanisation,conurbation_1,alignment,primary_permanent_feature,primary_temporary_feature,primary_hazardous_feature,street_lighting,road_surface,surface_condition,weather,natural_lighting,signals_operation,other_traffic_control,speed_limit,road_classification_(admin),rum_-_code,rum_-_description,dca_-_code,dca_-_description,dca_supplement,first_impact_type,key_tu_type,other_tu_type,no._of_traffic_units_involved,no._killed,no._seriously_injured,no._moderately_injured,no._minor-other_injured,month_num,month_label,season,day_label,time_label,time_band,is_peak_commute,is_fatal,is_injury,is_casualty
1347830,Non-casualty (towaway),Non-casualty (towaway),2024,2024,April,Tuesday,00:01 - 01:59,BOTANY,RD,65,South,MANDIBLE,ST,ALEXANDRIA,170.0,Yes,No,2-way undivided,-33.903996,151.202369,Sydney,Sydney metro. area,Syd-Newc-Woll Gtr conurbation,Straight,,,,Unknown / not stated,Sealed,Dry,Fine,Darkness,Nil,No traffic controls,50 km/h,State,71,Off rd left => obj,703,Left off cway into object,,Vehicle - Object,Car (sedan/hatch),,1,0,0,0,0,4,April,Autumn,Tuesday,00:01 - 01:59,Late night / early morning,False,False,False,False
1347831,Non-casualty (towaway),Non-casualty (towaway),2024,2024,March,Saturday,20:00 - 21:59,HARRIGANS,LANE,1570,East,MOUNT LINDESAY,RD,BOOKOOKOORARA,,No,Not a school zone,2-way undivided,-28.755744,152.106435,Tenterfield,Country non-urban,Rest of NSW - Rural,Curved,,,,Unknown / not stated,Unsealed,Wet,Fog or mist,Darkness,Nil,No traffic controls,100 km/h,Local,89,Other curve,800,Other on curve,,Vehicle - Object,Car (sedan/hatch),,1,0,0,0,0,3,March,Autumn,Saturday,20:00 - 21:59,Evening / night,False,False,False,False
1347833,Non-casualty (towaway),Non-casualty (towaway),2024,2024,March,Tuesday,00:01 - 01:59,CASTLEREAGH,HWY,2000,South,PATRICK,RD,DUNEDOO,18.0,No,Not a school zone,2-way undivided,-31.987863,149.367744,Warrumbungle,Country non-urban,Rest of NSW - Rural,Straight,,,,Unknown / not stated,Sealed,Dry,Fine,Darkness,Nil,No traffic controls,100 km/h,State,71,Off rd left => obj,703,Left off cway into object,,Vehicle - Object,Light truck utility(from 2018),,1,0,0,0,0,3,March,Autumn,Tuesday,00:01 - 01:59,Late night / early morning,False,False,False,False
1347835,Non-casualty (towaway),Non-casualty (towaway),2024,2024,March,Sunday,16:00 - 17:59,BENTLEY,RD,162,West,FERNSIDE,RD,FERNSIDE,544.0,No,Not a school zone,2-way undivided,-28.796522,153.167874,Lismore,Country non-urban,Rest of NSW - Rural,Curved,,,,Unknown / not stated,Sealed,Dry,Fine,Daylight,Nil,No traffic controls,100 km/h,Regional,81,Off left/rt bnd=>obj,803,Off right bend into obj,Left,Vehicle - Object,Car (sedan/hatch),,1,0,0,0,0,3,March,Autumn,Sunday,16:00 - 17:59,PM peak / evening commute,True,False,False,False
1347836,Non-casualty (towaway),Non-casualty (towaway),2024,2024,April,Monday,18:00 - 19:59,KILLEEN,ST,0,Right on the spot,LYTTON,ST,WENTWORTHVILLE,,No,Not a school zone,X-intersection,-33.813242,150.974831,Cumberland,Sydney metro. area,Syd-Newc-Woll Gtr conurbation,Straight,,,,Unknown / not stated,Sealed,Dry,Fine,Darkness,Nil,Stop sign,50 km/h,Local,30,Rear end,301,Same - Rear end,,Rear end,Car (sedan/hatch),Car (sedan/hatch),2,0,0,0,0,4,April,Autumn,Monday,18:00 - 19:59,PM peak / evening commute,True,False,False,False
1347839,Non-casualty (towaway),Non-casualty (towaway),2024,2024,April,Friday,08:00 - 09:59,MITCHELL,HWY,0,Right on the spot,WHEELERS,LANE,DUBBO,7.0,No,Not a school zone,Roundabout,-32.257023,148.629098,Dubbo Regional,Country urban,Rest of NSW - Urban,Straight,,,,Unknown / not stated,Sealed,Wet,Raining,Daylight,Nil,Give way sign,60 km/h,State,19,Other adjacent,100,Adj - other,,Right angle,Car (sedan/hatch),4 wheel drive / SUV,2,0,0,0,0,4,April,Autumn,Friday,08:00 - 09:59,AM peak / school commute,True,False,False,False
1347840,Non-casualty (towaway),Non-casualty (towaway),2024,2024,March,Saturday,10:00 - 11:59,ILLAWARRA,HWY,0,Right on the spot,NUMBER 256,HN,MOSS VALE,25.0,No,Not a school zone,2-way undivided,-34.547059,150.373721,Wingecarribee,Country urban,Rest of NSW - Urban,Straight,,,,Unknown / not stated,Sealed,Dry,Fine,Daylight,Nil,No traffic controls,50 km/h,State,42,Leaving parking,401,Manov - Leaving parking,,Other angle,4 wheel drive / SUV,Car (sedan/hatch),3,0,0,0,0,3,March,Autumn,Saturday,10:00 - 11:59,Midday / afternoon,False,False,False,False
1347841,Non-casualty (towaway),Non-casualty (towaway),2024,2024,March,Thursday,16:00 - 17:59,PACIFIC,HWY,10,North,CUMBERLAND,HWY,WAHROONGA,10.0,No,Not a school zone,T-junction,-33.718175,151.108354,Hornsby,Sydney metro. area,Syd-Newc-Woll Gtr conurbation,Straight,,,,Unknown / not stated,Sealed,Dry,Fine,Daylight,Unknown / not stated,No traffic controls,60 km/h,State,30,Rear end,301,Same - Rear end,,Rear end,4 wheel drive / SUV,Car (sedan/hatch),6,0,0,0,0,3,March,Autumn,Thursday,16:00 - 17:59,PM peak / evening commute,True,False,False,False
1347844,Non-casualty (towaway),Non-casualty (towaway),2024,2024,April,Wednesday,12:00 - 13:59,MITCHELL,HWY,0,Right on the spot,PILONS,DR,DUBBO,7.0,No,Not a school zone,X-intersection,-32.221768,148.563505,Dubbo Regional,Country non-urban,Rest of NSW - Rural,Straight,,,,Unknown / not stated,Sealed,Dry,Fine,Daylight,Nil,Give way sign,90 km/h,State,11,Right far,102,Adj - Right-thru from left,,Right angle,Station wagon,Light truck utility(from 2018),2,0,0,0,0,4,April,Autumn,Wednesday,12:00 - 13:59,Midday / afternoon,False,False,False,False
1347846,Non-casualty (towaway),Non-casualty (towaway),2024,2024,April,Tuesday,14:00 - 15:59,WYEE,RD,930,South,ALLIANCE,AVE,MORISSET,454.0,No,Not a school zone,2-way undivided,-33.121132,151.477037,Lake Macquarie,Newcastle met. area,Syd-Newc-Woll Gtr conurbation,Straight,,,,Unknown / not stated,Unsealed,Wet,Raining,Daylight,Nil,No traffic controls,90 km/h,Regional,73,Off rd rght => obj,704,Right off cway into obj,,Vehicle - Object,4 wheel drive / SUV,,1,0,0,0,0,4,April,Autumn,Tuesday,14:00 - 15:59,Midday / afternoon,False,False,False,False
1347848,Non-casualty (towaway),Non-casualty (towaway),2024,2024,April,Monday,18:00 - 19:59,NEWCASTLE,EXP,600,North,PACIFIC HIGHWAY,OP,MOONEY MOONEY,6003.0,No,Not a school zone,Dual freeway,-33.524744,151.196826,Central Coast,Country non-urban,Syd-Newc-Woll Gtr conurbation,Straight,,,,Unknown / not stated,Sealed,Dry,Fine,Darkness,Nil,No traffic controls,110 km/h,State,30,Rear end,301,Same - Rear end,,Rear end,Car (sedan/hatch),4 wheel drive / SUV,2,0,0,0,0,4,April,Autumn,Monday,18:00 - 19:59,PM peak / evening commute,True,False,False,False
1347853,Non-casualty (towaway),Non-casualty (towaway),2024,2024,April,Friday,06:00 - 07:59,FOREST,WAY,0,Right on the spot,PRINCE CHARLES,RD,FRENCHS FOREST,529.0,No,Not a school zone,X-intersection,-33.741408,151.220759,Northern Beaches,Sydney metro. area,Syd-Newc-Woll Gtr conurbation,Straight,,,,Unknown / not stated,Sealed,Wet,Raining,Dawn,Nil,Stop sign,70 km/h,State,30,Rear end,301,Same - Rear end,,Rear end,Light truck utility(from 2018),Car (sedan/hatch),2,0,0,0,0,4,April,Autumn,Friday,06:00 - 07:59,AM peak / school commute,True,False,False,False
1347855,Non-casualty (towaway),Non-casualty (towaway),2024,2024,March,Thursday,22:00 - Midnight,PACIFIC,HWY,0,Right on the spot,GROVES,RD,BENNETTS GREEN,10.0,No,Not a school zone,X-intersection,-32.994828,151.687786,Lake Macquarie,Newcastle met. area,Syd-Newc-Woll Gtr conurbation,Straight,,,,Unknown / not stated,Sealed,Wet,Raining,Darkness,On,No traffic controls,70 km/h,State,13,Right near,104,Adj - Right-thru from right,,Right angle,4 wheel drive / SUV,4 wheel drive / SUV,2,0,0,0,0,3,March,Autumn,Thursday,22:00 - Midnight,Evening / night,False,False,False,False
1347859,Non-casualty (towaway),Non-casualty (towaway),2024,2024,April,Tuesday,14:00 - 15:59,DARLEY,RD,10,West,DANGAR,ST,RANDWICK,7332.0,No,Not a school zone,Roundabout,-33.902939,151.239973,Randwick,Sydney metro. area,Syd-Newc-Woll Gtr conurbation,Curved,,,,Unknown / not stated,Sealed,Wet,Raining,Daylight,Nil,Give way sign,50 km/h,Regional,20,Head on,201,Opp - Head on,,Head-on,Car (sedan/hatch),Passenger van,2,0,0,0,0,4,April,Autumn,Tuesday,14:00 - 15:59,Midday / afternoon,False,False,False,False
1347860,Non-casualty (towaway),Non-casualty (towaway),2024,2024,March,Sunday,14:00 - 15:59,FAIRFORDACA,RD,0,Right on the spot,MACAULEY,AVE,BANKSTOWN,190.0,No,Not a school zone,T-junction,-33.925099,151.038147,Canterbury-Bankstown,Sydney metro. area,Syd-Newc-Woll Gtr conurbation,Straight,,,,Unknown / not stated,Sealed,Dry,Fine,Daylight,On,No traffic controls,70 km/h,State,30,Rear end,301,Same - Rear end,,Rear end,Car (sedan/hatch),Car (sedan/hatch),2,0,0,0,0,3,March,Autumn,Sunday,14:00 - 15:59,Midday / afternoon,False,False,False,False
1347866,Non-casualty (towaway),Non-casualty (towaway),2024,2024,April,Friday,06:00 - 07:59,ELIZABETH,DR,150,West,DUFF,RD,CECIL HILLS,535.0,No,Not a school zone,2-way undivided,-33.878532,150.82436,Liverpool,Sydney metro. area,Syd-Newc-Woll Gtr conurbation,Straight,,,,Unknown / not stated,Sealed,Wet,Raining,Daylight,Nil,No traffic controls,80 km/h,State,20,Head on,201,Opp - Head on,,Head-on,4 wheel drive / SUV,4 wheel drive / SUV,3,0,0,0,0,4,April,Autumn,Friday,06:00 - 07:59,AM peak / school commute,True,False,False,False
1347867,Non-casualty (towaway),Non-casualty (towaway),2024,2024,March,Saturday,16:00 - 17:59,BRINDABELLA,RD,400,West,COTTERILLS,RD,ARGALONG,,No,Not a school zone,2-way undivided,-35.247225,148.417037,Snowy Valleys,Country non-urban,Rest of NSW - Rural,Curved,Embankment/cutting,,,Unknown / not stated,Sealed,Dry,Fine,Daylight,Nil,No traffic controls,100 km/h,Local,81,Off left/rt bnd=>obj,803,Off right bend into obj,Left,Vehicle - Object,Car (sedan/hatch),,1,0,0,0,0,3,March,Autumn,Saturday,16:00 - 17:59,PM peak / evening commute,True,False,False,False
1347868,Non-casualty (towaway),Non-casualty (towaway),2024,2024,March,Saturday,14:00 - 15:59,BELLS LINE OF,RD,0,Right on the spot,BILPIN SCHOOL,RD,BILPIN,184.0,Yes,No,T-junction,-33.497009,150.514786,Hawkesbury,Country urban,Syd-Newc-Woll Gtr conurbation,Straight,,,,Unknown / not stated,Sealed,Dry,Fine,Daylight,Nil,No traffic controls,60 km/h,State,30,Rear end,301,Same - Rear end,,Rear end,Light truck utility(from 2018),Light truck utility(from 2018),2,0,0,0,0,3,March,Autumn,Saturday,14:00 - 15:59,Midday / afternoon,False,False,False,False
1347870,Non-casualty (towaway),Non-casualty (towaway),2024,2024,March,Saturday,00:01 - 01:59,PRINCES,HWY,0,Right on the spot,HEATHCOTE,RD,HEATHCOTE,1.0,No,Not a school zone,X-intersection,-34.079504,151.010635,Sutherland,Sydney metro. area,Syd-Newc-Woll Gtr conurbation,Straight,,,,Unknown / not stated,Sealed,Wet,Unknown,Darkness,On,No traffic controls,70 km/h,State,83,Off rt/rt bnd=>obj,707,Right turn,Right,Vehicle - Object,Car (sedan/hatch),,1,0,0,0,0,3,March,Autumn,Saturday,00:01 - 01:59,Late night / early morning,False,False,False,False
1347871,Non-casualty (towaway),Non-casualty (towaway),2024,2024,March,Wednesday,08:00 - 09:59,HUNTER,ST,0,Right on the spot,SELMA STREET,TO,HAMILTON,464.0,No,Not a school zone,Divided road,-32.921766,151.752833,Newcastle,Newcastle met. area,Syd-Newc-Woll Gtr conurbation,Straight,,,,Unknown / not stated,Sealed,Dry,Fine,Daylight,Nil,Give way sign,60 km/h,Regional,72,Off road to right,702,Off carriageway to right,,Rollover,Car (sedan/hatch),,1,0,0,0,0,3,March,Autumn,Wednesday,08:00 - 09:59,AM peak / school commute,True,False,False,False
1347872,Non-casualty (towaway),Non-casualty (towaway),2024,2024,April,Wednesday,16:00 - 17:59,GATEWAY,BVD,0,Right on the spot,NUMBER 18,HN,MORISSET,,No,Not a school zone,2-way undivided,-33.117087,151.471212,Lake Macquarie,Newcastle met. area,Syd-Newc-Woll Gtr conurbation,Curved,Painted double centre lines,,,Unknown / not stated,Sealed,Dry,Fine,Daylight,Nil,No traffic controls,50 km/h,Local,40,U turn,304,Same - U-turn,,Other angle,Car (sedan/hatch),Light truck utility(from 2018),2,0,0,0,0,4,April,Autumn,Wednesday,16:00 - 17:59,PM peak / evening commute,True,False,False,False
1347874,Non-casualty (towaway),Non-casualty (towaway),2024,2024,April,Tuesday,08:00 - 09:59,O'CONNELL,ST,0,Right on the spot,FACTORY,ST,NORTH PARRAMATTA,184.0,No,Not a school zone,X-intersection,-33.800855,151.00285,Parramatta,Sydney metro. area,Syd-Newc-Woll Gtr conurbation,Straight,,,,Unknown / not stated,Sealed,Dry,Overcast,Daylight,On,No traffic controls,60 km/h,State,36,Right turn sideswipe,308,Same - Rgt turn side swipe,,Other angle,Car (sedan/hatch),Car (sedan/hatch),2,0,0,0,0,4,April,Autumn,Tuesday,08:00 - 09:59,AM peak / school commute,True,False,False,False
1347878,Non-casualty (towaway),Non-casualty (towaway),2024,2024,April,Friday,16:00 - 17:59,ADELAIDE,ST,0,Right on the spot,BELLEVUE,ST,RAYMOND TERRACE,,No,Not a school zone,X-intersection,-32.747495,151.767738,Port Stephens,Country urban,Rest of NSW - Urban,Straight,,,,Unknown / not stated,Sealed,Wet,Raining,Daylight,Nil,Give way sign,60 km/h,Local,40,U turn,304,Same - U-turn,,Other angle,Light truck utility(from 2018),Light truck utility(from 2018),2,0,0,0,0,4,April,Autumn,Friday,16:00 - 17:59,PM peak / evening commute,True,False,False,False
1347880,Non-casualty (towaway),Non-casualty (towaway),2024,2024,March,Wednesday,20:00 - 21:59,PITT,ST,0,Right on the spot,WALPOLE,ST,HOLROYD,2098.0,No,Not a school zone,T-junction,-33.830226,150.993227,Cumberland,Sydney metro. area,Syd-Newc-Woll Gtr conurbation,Straight,,,,Unknown / not stated,Sealed,Dry,Fine,Darkness,Nil,Stop sign,60 km/h,Regional,30,Rear end,301,Same - Rear end,,Rear end,Car (sedan/hatch),Car (sedan/hatch),2,0,0,0,0,3,March,Autumn,Wednesday,20:00 - 21:59,Evening / night,False,False,False,False
1347882,Non-casualty (towaway),Non-casualty (towaway),2024,2024,March,Wednesday,16:00 - 17:59,WESTERN,EXP,20,East,BIRNIE AVENUE,OP,LIDCOMBE,6004.0,No,Not a school zone,Dual freeway,-33.854648,151.061841,Cumberland,Sydney metro. area,Syd-Newc-Woll Gtr conurbation,Straight,,,,Unknown / not stated,Sealed,Dry,Fine,Daylight,Nil,No traffic controls,90 km/h,State,30,Rear end,301,Same - Rear end,,Rear end,Light truck utility(from 2018),Car (sedan/hatch),2,0,0,0,0,3,March,Autumn,Wednesday,16:00 - 17:59,PM peak / evening commute,True,False,False,False
1347885,Non-casualty (towaway),Non-casualty (towaway),2024,2024,April,Monday,18:00 - 19:59,WEST,ST,0,Right on the spot,NUMBER 18,HN,EDEN,,No,Not a school zone,2-way undivided,-37.050874,149.899791,Bega Valley,Country urban,Rest of NSW - Urban,Straight,Steep grade,,,Unknown / not stated,Sealed,Dry,Fine,Dusk,Nil,No traffic controls,50 km/h,Local,71,Off rd left => obj,703,Left off cway into object,,Other angle,Car (sedan/hatch),4 wheel drive / SUV,2,0,0,0,0,4,April,Autumn,Monday,18:00 - 19:59,PM peak / evening commute,True,False,False,False
1347888,Non-casualty (towaway),Non-casualty (towaway),2024,2024,March,Saturday,20:00 - 21:59,CUMBERLAND,HWY,55,South,HART DRIVE,TO,CONSTITUTION HILL,13.0,No,Not a school zone,Other,-33.794554,150.983226,Parramatta,Sydney metro. area,Syd-Newc-Woll Gtr conurbation,Curved,Underpass/tunnel,,,Unknown / not stated,Sealed,Dry,Fine,Darkness,On,Ped crossing,60 km/h,State,35,Lane change left,307,Same - Lane change left,,Other angle,4 wheel drive / SUV,4 wheel drive / SUV,2,0,0,0,0,3,March,Autumn,Saturday,20:00 - 21:59,Evening / night,False,False,False,False
1347889,Non-casualty (towaway),Non-casualty (towaway),2024,2024,April,Wednesday,16:00 - 17:59,M7 WESTLINK,EXP,0,Right on the spot,OLD WALLGROVE ROAD,OP,EASTERN CREEK,6009.0,No,Not a school zone,Dual freeway,-33.810036,150.852199,Blacktown,Sydney metro. area,Syd-Newc-Woll Gtr conurbation,Straight,Other bridge,,,Unknown / not stated,Sealed,Dry,Fine,Daylight,Nil,No traffic controls,100 km/h,State,30,Rear end,301,Same - Rear end,,Rear end,Light truck utility(from 2018),Light truck,3,0,0,0,0,4,April,Autumn,Wednesday,16:00 - 17:59,PM peak / evening commute,True,False,False,False
1347890,Non-casualty (towaway),Non-casualty (towaway),2024,2024,February,Friday,14:00 - 15:59,BOTANY,ST,0,Right on the spot,DURHAM,ST,CARLTON,,No,Not a school zone,X-intersection,-33.9664,151.115579,Georges River,Sydney metro. area,Syd-Newc-Woll Gtr conurbation,Straight,,,,Unknown / not stated,Sealed,Dry,Fine,Daylight,Nil,Stop sign,50 km/h,Local,11,Right far,102,Adj - Right-thru from left,,Right angle,Car (sedan/hatch),Car (sedan/hatch),2,0,0,0,0,2,February,Summer,Friday,14:00 - 15:59,Midday / afternoon,False,False,False,False
1347891,Non-casualty (towaway),Non-casualty (towaway),2024,2024,April,Tuesday,14:00 - 15:59,FIRST,AVE,0,Right on the spot,NUMBER 6,HN,CAMPSIE,,Yes,No,2-way undivided,-33.909208,151.095012,Canterbury-Bankstown,Sydney metro. area,Syd-Newc-Woll Gtr conurbation,Straight,,,,Unknown / not stated,Sealed,Dry,Fine,Daylight,Nil,No traffic controls,50 km/h,Local,29,Other opposing,200,Opp - other,,Other angle,Car (sedan/hatch),Passenger van,2,0,0,0,0,4,April,Autumn,Tuesday,14:00 - 15:59,Midday / afternoon,False,False,False,False
1347895,Non-casualty (towaway),Non-casualty (towaway),2024,2024,April,Thursday,18:00 - 19:59,MOORE PARK,RD,0,Right on the spot,DRIVER,AVE,PADDINGTON,7301.0,No,Not a school zone,T-junction,-33.886982,151.222503,Sydney,Sydney metro. area,Syd-Newc-Woll Gtr conurbation,Straight,,,,Unknown / not stated,Sealed,Wet,Raining,Daylight,Nil,No traffic controls,40 km/h,Regional,30,Rear end,301,Same - Rear end,,Rear end,Car (sedan/hatch),Car (sedan/hatch),2,0,0,0,0,4,April,Autumn,Thursday,18:00 - 19:59,PM peak / evening commute,True,False,False,False
1347896,Non-casualty (towaway),Non-casualty (towaway),2024,2024,March,Wednesday,06:00 - 07:59,MACQUARIE,ST,0,Right on the spot,KABLE,ST,WINDSOR,184.0,No,Not a school zone,X-intersection,-33.606761,150.822191,Hawkesbury,Country urban,Syd-Newc-Woll Gtr conurbation,Straight,,,,Unknown / not stated,Sealed,Dry,Fine,Daylight,Off,No traffic controls,60 km/h,State,87,Off lft/lft bnd=>obj,706,Left turn,Left,Vehicle - Object,Large rigid,,1,0,0,0,0,3,March,Autumn,Wednesday,06:00 - 07:59,AM peak / school commute,True,False,False,False
1347900,Non-casualty (towaway),Non-casualty (towaway),2024,2024,March,Thursday,22:00 - Midnight,TERRALONG,ST,40,South,BROWN,ST,KIAMA,,No,Not a school zone,2-way undivided,-34.666051,150.847713,Kiama,Country urban,Rest of NSW - Urban,Straight,Steep grade,,,Unknown / not stated,Sealed,Dry,Fine,Darkness,Nil,No traffic controls,60 km/h,Local,59,Other overtaking,500,Ovtak - other,,Other angle,Station wagon,Car (sedan/hatch),2,0,0,0,0,3,March,Autumn,Thursday,22:00 - Midnight,Evening / night,False,False,False,False
1347902,Non-casualty (towaway),Non-casualty (towaway),2024,2024,March,Wednesday,16:00 - 17:59,EDWARDS,AVE,0,Right on the spot,SOMERSET,DR,THORNTON,,No,Not a school zone,Roundabout,-32.778386,151.647333,Maitland,Country urban,Rest of NSW - Urban,Straight,Steep grade,,,Unknown / not stated,Sealed,Dry,Fine,Daylight,Nil,Give way sign,50 km/h,Local,30,Rear end,301,Same - Rear end,,Rear end,Car (sedan/hatch),4 wheel drive / SUV,2,0,0,0,0,3,March,Autumn,Wednesday,16:00 - 17:59,PM peak / evening commute,True,False,False,False
1347941,Non-casualty (towaway),Non-casualty (towaway),2024,2024,January,Tuesday,16:00 - 17:59,CITY WEST LINK,RD,20,East,WESTCONNEX M8,TU,LILYFIELD,650.0,No,Not a school zone,Divided road,-33.872723,151.170164,Inner West,Sydney metro. area,Syd-Newc-Woll Gtr conurbation,Straight,Underpass/tunnel,,,On,Sealed,Dry,Fine,Daylight,Nil,No traffic controls,70 km/h,State,30,Rear end,301,Same - Rear end,,Rear end,Light truck,Car (sedan/hatch),2,0,0,0,0,1,January,Summer,Tuesday,16:00 - 17:59,PM peak / evening commute,True,False,False,False
1347970,Non-casualty (towaway),Non-casualty (towaway),2024,2024,January,Monday,14:00 - 15:59,BRUNKER,RD,0,Right on the spot,NUMBER 6,HN,GREENACRE,638.0,No,Not a school zone,2-way undivided,-33.899612,151.041738,Canterbury-Bankstown,Sydney metro. area,Syd-Newc-Woll Gtr conurbation,Straight,Foot/cycle path/nature strip,,,Off,Sealed,Wet,Raining,Daylight,Nil,No traffic controls,60 km/h,State,71,Off rd left => obj,703,Left off cway into object,,Vehicle - Object,Car (sedan/hatch),,1,0,0,0,0,1,January,Summer,Monday,14:00 - 15:59,Midday / afternoon,False,False,False,False
1347994,Non-casualty (towaway),Non-casualty (towaway),2024,2024,February,Sunday,22:00 - Midnight,MOXON,RD,20,South,VERNON,ST,PUNCHBOWL,,No,Not a school zone,2-way undivided,-33.934513,151.042541,Canterbury-Bankstown,Sydney metro. area,Syd-Newc-Woll Gtr conurbation,Straight,,,,On,Sealed,Dry,Fine,Darkness,Nil,No traffic controls,50 km/h,Local,71,Off rd left => obj,703,Left off cway into object,,Other angle,Car (sedan/hatch),Car (sedan/hatch),2,0,0,0,0,2,February,Summer,Sunday,22:00 - Midnight,Evening / night,False,False,False,False
1348026,Non-casualty (towaway),Non-casualty (towaway),2024,2024,February,Sunday,14:00 - 15:59,PEARL,ST,0,Right on the spot,NUMBER 52,HN,NEWTOWN,,No,Not a school zone,2-way undivided,-33.90566,151.177563,Inner West,Sydney metro. area,Syd-Newc-Woll Gtr conurbation,Straight,,,,Off,Sealed,Dry,Fine,Daylight,Nil,No traffic controls,50 km/h,Local,71,Off rd left => obj,703,Left off cway into object,,Other angle,4 wheel drive / SUV,4 wheel drive / SUV,2,0,0,0,0,2,February,Summer,Sunday,14:00 - 15:59,Midday / afternoon,False,False,False,False
1348029,Non-casualty (towaway),Non-casualty (towaway),2024,2024,February,Friday,20:00 - 21:59,DICKSON,AVE,100,West,CHATHAM,RD,WEST RYDE,,No,Not a school zone,2-way undivided,-33.806263,151.086111,Ryde,Sydney metro. area,Syd-Newc-Woll Gtr conurbation,Straight,,,,On,Sealed,Dry,Fine,Darkness,Nil,No traffic controls,50 km/h,Local,71,Off rd left => obj,703,Left off cway into object,,Other angle,Light truck utility(from 2018),Car (sedan/hatch),4,0,0,0,0,2,February,Summer,Friday,20:00 - 21:59,Evening / night,False,False,False,False
1348084,Non-casualty (towaway),Non-casualty (towaway),2024,2024,March,Monday,08:00 - 09:59,BOUNDARY,RD,100,North,CUMBERLAND,HWY,PENNANT HILLS,656.0,No,Not a school zone,2-way undivided,-33.738894,151.065683,Hornsby,Sydney metro. area,Syd-Newc-Woll Gtr conurbation,Straight,,,,Off,Sealed,Dry,Fine,Daylight,Nil,No traffic controls,60 km/h,State,34,Lane change right,306,Same - Lane change right,,Other angle,Unknown motor vehicle,4 wheel drive / SUV,2,0,0,0,0,3,March,Autumn,Monday,08:00 - 09:59,AM peak / school commute,True,False,False,False
1348110,Non-casualty (towaway),Non-casualty (towaway),2024,2024,March,Saturday,22:00 - Midnight,MACKENZIE,AVE,0,Right on the spot,REDDALL,PDE,MOUNT WARRIGAL,,No,Not a school zone,Roundabout,-34.547626,150.836892,Shellharbour,Wollongong met. area,Syd-Newc-Woll Gtr conurbation,Straight,,,,On,Sealed,Dry,Overcast,Darkness,Nil,Give way sign,50 km/h,Local,74,On road-out of cont.,705,Out of control on cway,,Rollover,4 wheel drive / SUV,,1,0,0,0,0,3,March,Autumn,Saturday,22:00 - Midnight,Evening / night,False,False,False,False
1348115,Non-casualty (towaway),Non-casualty (towaway),2024,2024,March,Sunday,02:00 - 03:59,OLD ILLAWARRA,RD,20,North,DAVID,RD,BARDEN RIDGE,,No,Not a school zone,2-way undivided,-34.031262,151.006062,Sutherland,Sydney metro. area,Syd-Newc-Woll Gtr conurbation,Straight,Embankment/cutting,,,On,Sealed,Wet,Raining,Darkness,Nil,No traffic controls,60 km/h,Local,30,Rear end,301,Same - Rear end,,Rear end,Car (sedan/hatch),Car (sedan/hatch),2,0,0,0,0,3,March,Autumn,Sunday,02:00 - 03:59,Late night / early morning,False,False,False,False
1348126,Non-casualty (towaway),Non-casualty (towaway),2024,2024,March,Tuesday,00:01 - 01:59,VICTORIA,RD,0,Right on the spot,MONS,AVE,WEST RYDE,165.0,No,Not a school zone,T-junction,-33.807187,151.085909,Ryde,Sydney metro. area,Syd-Newc-Woll Gtr conurbation,Straight,Steep grade,,,On,Sealed,Dry,Fine,Darkness,Nil,No traffic controls,60 km/h,State,71,Off rd left => obj,703,Left off cway into object,,Vehicle - Object,Car (sedan/hatch),,1,0,0,0,0,3,March,Autumn,Tuesday,00:01 - 01:59,Late night / early morning,False,False,False,False
1348133,Non-casualty (towaway),Non-casualty (towaway),2024,2024,March,Sunday,16:00 - 17:59,BANDO,ST,0,Right on the spot,WANDOBAH,RD,GUNNEDAH,,No,Not a school zone,T-junction,-30.992661,150.233017,Gunnedah,Country urban,Rest of NSW - Urban,Straight,,,,Off,Sealed,Dry,Fine,Daylight,Nil,No traffic controls,50 km/h,Local,13,Right near,104,Adj - Right-thru from right,,Right angle,Light truck utility(from 2018),Light truck utility(from 2018),2,0,0,0,0,3,March,Autumn,Sunday,16:00 - 17:59,PM peak / evening commute,True,False,False,False
1348143,Non-casualty (towaway),Non-casualty (towaway),2024,2024,March,Friday,12:00 - 13:59,VICTORIA,ST,0,Right on the spot,WALTER,ST,WETHERILL PARK,609.0,No,Not a school zone,T-junction,-33.846863,150.908823,Fairfield,Sydney metro. area,Syd-Newc-Woll Gtr conurbation,Straight,,,,Nil,Sealed,Dry,Fine,Daylight,On,No traffic controls,60 km/h,State,30,Rear end,301,Same - Rear end,,Rear end,Large rigid,Car (sedan/hatch),2,0,0,0,0,3,March,Autumn,Friday,12:00 - 13:59,Midday / afternoon,False,False,False,False