crash_id,degree_of_crash,degree_of_crash_-_detailed,reporting_year,year_of_crash,month_of_crash,day_of_week_of_crash,two-hour_intervals,street_of_crash,street_type,distance,direction,identifying_feature,identifying_feature_type,town,route_no.,school_zone_location,school_zone_active,type_of_location,latitude,longitude,lga,urbanisation,conurbation_1,alignment,primary_permanent_feature,primary_temporary_feature,primary_hazardous_feature,street_lighting,road_surface,surface_condition,weather,natural_lighting,signals_operation,other_traffic_control,speed_limit,road_classification_(admin),rum_-_code,rum_-_description,dca_-_code,dca_-_description,dca_supplement,first_impact_type,key_tu_type,other_tu_type,no._of_traffic_units_involved,no._killed,no._seriously_injured,no._moderately_injured,no._minor-other_injured,month_num,month_label,season,day_label,time_label,time_band,is_peak_commute,is_fatal,is_injury,is_casualty
1348155,Non-casualty (towaway),Non-casualty (towaway),2024,2024,March,Friday,18:00 - 19:59,LUXFORD,RD,20,North,HALMAHERA,CRES,SHALVEY,7161.0,No,Not a school zone,Divided road,-33.732414,150.802179,Blacktown,Sydney metro. area,Syd-Newc-Woll Gtr conurbation,Straight,,,,Off,Sealed,Dry,Fine,Daylight,Nil,No traffic controls,60 km/h,Regional,48,From footpath,408,Manov - From footway,,Other angle,Motorcycle,Unknown motor vehicle,2,0,0,0,0,3,March,Autumn,Friday,18:00 - 19:59,PM peak / evening commute,True,False,False,False
1348163,Non-casualty (towaway),Non-casualty (towaway),2024,2024,March,Sunday,12:00 - 13:59,CABBAGE TREE,RD,0,Right on the spot,HUNTERS,TRL,BONVILLE,,No,Not a school zone,T-junction,-30.40582,153.017548,Coffs Harbour,Country non-urban,Rest of NSW - Rural,Curved,Steep grade,,,Nil,Unsealed,Wet,Overcast,Daylight,Nil,No traffic controls,100 km/h,Local,87,Off lft/lft bnd=>obj,804,Off left bend into obj,Left,Vehicle - Object,4 wheel drive / SUV,,1,0,0,0,0,3,March,Autumn,Sunday,12:00 - 13:59,Midday / afternoon,False,False,False,False
1348181,Non-casualty (towaway),Non-casualty (towaway),2024,2024,April,Tuesday,14:00 - 15:59,NEW ENGLAND,HWY,0,Right on the spot,WINE COUNTRY,DR,BRANXTON,9.0,No,Not a school zone,T-junction,-32.663077,151.368778,Cessnock,Country urban,Rest of NSW - Urban,Curved,,,,Nil,Sealed,Wet,Raining,Daylight,Nil,Give way sign,80 km/h,State,10,Cross traffic,101,Adj - Cross traffic,,Right angle,4 wheel drive / SUV,Car (sedan/hatch),2,0,0,0,0,4,April,Autumn,Tuesday,14:00 - 15:59,Midday / afternoon,False,False,False,False
1348182,Non-casualty (towaway),Non-casualty (towaway),2024,2024,March,Wednesday,10:00 - 11:59,DULGUIGAN,RD,50,East,TUMBULGUM HISTORIC CEMETERY,OT,NORTH TUMBULGUM,,No,Not a school zone,2-way undivided,-28.267031,153.456506,Tweed,Country urban,Rest of NSW - Urban,Curved,,,,Nil,Sealed,Wet,Raining,Daylight,Nil,No traffic controls,80 km/h,Local,87,Off lft/lft bnd=>obj,804,Off left bend into obj,Left,Vehicle - Object,Light truck utility(from 2018),,1,0,0,0,0,3,March,Autumn,Wednesday,10:00 - 11:59,Midday / afternoon,False,False,False,False
1348232,Non-casualty (towaway),Non-casualty (towaway),2024,2024,February,Tuesday,12:00 - 13:59,BELMORE,ST,0,Right on the spot,CONDER,ST,BURWOOD,,No,Not a school zone,T-junction,-33.878416,151.099727,Burwood,Sydney metro. area,Syd-Newc-Woll Gtr conurbation,Straight,,,,Nil,Sealed,Dry,Fine,Daylight,Nil,Give way sign,50 km/h,Local,15,Right/left far,106,Adj - Right-left from right,,Right angle,4 wheel drive / SUV,Car (sedan/hatch),2,0,0,0,0,2,February,Summer,Tuesday,12:00 - 13:59,Midday / afternoon,False,False,False,False
1348262,Non-casualty (towaway),Non-casualty (towaway),2024,2024,March,Thursday,10:00 - 11:59,BEST,RD,20,North,THIRD,AVE,SEVEN HILLS,7151.0,No,Not a school zone,2-way undivided,-33.77755,150.937387,Blacktown,Sydney metro. area,Syd-Newc-Woll Gtr conurbation,Straight,Steep grade,,,Nil,Sealed,Dry,Fine,Daylight,Nil,No traffic controls,60 km/h,Regional,99,Unknown,907,Vehicle movements unknown,,Unknown,Unknown motor vehicle,Car (sedan/hatch),2,0,0,0,0,3,March,Autumn,Thursday,10:00 - 11:59,Midday / afternoon,False,False,False,False
1348265,Non-casualty (towaway),Non-casualty (towaway),2024,2024,March,Wednesday,16:00 - 17:59,PLOUGH INN,RD,63,East,HOLLYLEA,RD,LEUMEAH,,No,Not a school zone,2-way undivided,-34.049949,150.828714,Campbelltown,Sydney metro. area,Syd-Newc-Woll Gtr conurbation,Curved,,,,Unknown / not stated,Sealed,Dry,Fine,Daylight,Nil,No traffic controls,60 km/h,Local,30,Rear end,301,Same - Rear end,,Rear end,4 wheel drive / SUV,Car (sedan/hatch),2,0,0,0,0,3,March,Autumn,Wednesday,16:00 - 17:59,PM peak / evening commute,True,False,False,False
1348269,Non-casualty (towaway),Non-casualty (towaway),2024,2024,March,Saturday,18:00 - 19:59,OXFORD,ST,0,Right on the spot,NUMBER 64,HN,SMITHFIELD,,No,Not a school zone,2-way undivided,-33.856715,150.938496,Fairfield,Sydney metro. area,Syd-Newc-Woll Gtr conurbation,Straight,,,,Off,Sealed,Dry,Fine,Daylight,Nil,No traffic controls,50 km/h,Local,73,Off rd rght => obj,704,Right off cway into obj,,Other angle,Unknown motor vehicle,4 wheel drive / SUV,2,0,0,0,0,3,March,Autumn,Saturday,18:00 - 19:59,PM peak / evening commute,True,False,False,False
1348313,Non-casualty (towaway),Non-casualty (towaway),2024,2024,March,Sunday,00:01 - 01:59,MACQUARIE,ST,0,Right on the spot,WINGEWARRA,ST,DUBBO,,No,Not a school zone,Roundabout,-32.248966,148.600872,Dubbo Regional,Country urban,Rest of NSW - Urban,Straight,,,,On,Sealed,Dry,Fine,Darkness,Nil,Give way sign,50 km/h,Local,45,Reversing,404,Manov - Reverse in traffic,,Other angle,4 wheel drive / SUV,Car (sedan/hatch),2,0,0,0,0,3,March,Autumn,Sunday,00:01 - 01:59,Late night / early morning,False,False,False,False
1348317,Non-casualty (towaway),Non-casualty (towaway),2024,2024,March,Wednesday,20:00 - 21:59,WAGGA,RD,0,Right on the spot,KAYLOCK,RD,LAVINGTON,688.0,No,Not a school zone,X-intersection,-36.048682,146.938314,Albury,Country urban,Rest of NSW - Urban,Straight,,,,On,Sealed,Dry,Fine,Darkness,On,No traffic controls,60 km/h,Regional,10,Cross traffic,101,Adj - Cross traffic,,Right angle,4 wheel drive / SUV,Car (sedan/hatch),2,0,0,0,0,3,March,Autumn,Wednesday,20:00 - 21:59,Evening / night,False,False,False,False
1348321,Non-casualty (towaway),Non-casualty (towaway),2024,2024,March,Monday,14:00 - 15:59,GREAT WESTERN,HWY,10,North,MARION,ST,PARRAMATTA,5.0,No,Not a school zone,T-junction,-33.822356,151.004228,Parramatta,Sydney metro. area,Syd-Newc-Woll Gtr conurbation,Straight,,,,Off,Sealed,Dry,Fine,Daylight,Off,No traffic controls,60 km/h,State,35,Lane change left,307,Same - Lane change left,,Other angle,Unknown motor vehicle,Car (sedan/hatch),2,0,0,0,0,3,March,Autumn,Monday,14:00 - 15:59,Midday / afternoon,False,False,False,False
1348323,Non-casualty (towaway),Non-casualty (towaway),2024,2024,March,Thursday,18:00 - 19:59,SEVENTH,AVE,0,Right on the spot,NUMBER 3,HN,CAMPSIE,,No,Not a school zone,2-way undivided,-33.904134,151.10261,Canterbury-Bankstown,Sydney metro. area,Syd-Newc-Woll Gtr conurbation,Straight,,,,Nil,Sealed,Dry,Fine,Darkness,Nil,No traffic controls,50 km/h,Local,71,Off rd left => obj,703,Left off cway into object,,Other angle,4 wheel drive / SUV,4 wheel drive / SUV,2,0,0,0,0,3,March,Autumn,Thursday,18:00 - 19:59,PM peak / evening commute,True,False,False,False
1348327,Non-casualty (towaway),Non-casualty (towaway),2024,2024,March,Sunday,16:00 - 17:59,TRACEY,ST,10,East,ALLIANCE,AVE,REVESBY,,No,Not a school zone,T-junction,-33.942373,151.005457,Canterbury-Bankstown,Sydney metro. area,Syd-Newc-Woll Gtr conurbation,Straight,,,,Nil,Sealed,Dry,Fine,Daylight,Nil,No traffic controls,50 km/h,Local,87,Off lft/lft bnd=>obj,706,Left turn,Left,Other angle,Unknown motor vehicle,Car (sedan/hatch),2,0,0,0,0,3,March,Autumn,Sunday,16:00 - 17:59,PM peak / evening commute,True,False,False,False
1348346,Non-casualty (towaway),Non-casualty (towaway),2024,2024,March,Friday,22:00 - Midnight,BARANBALE,WAY,0,Right on the spot,CONARGO,RD,SPRINGDALE HEIGHTS,,Yes,No,T-junction,-36.030785,146.949647,Albury,Country urban,Rest of NSW - Urban,Straight,,,,Unknown / not stated,Sealed,Dry,Fine,Darkness,Nil,Give way sign,50 km/h,Local,13,Right near,104,Adj - Right-thru from right,,Right angle,Light truck utility(from 2018),Light truck utility(from 2018),2,0,0,0,0,3,March,Autumn,Friday,22:00 - Midnight,Evening / night,False,False,False,False
1348347,Non-casualty (towaway),Non-casualty (towaway),2024,2024,February,Thursday,00:01 - 01:59,JAMES COOK,DR,0,Right on the spot,NUMBER 73,HN,KINGS LANGLEY,,No,Not a school zone,2-way undivided,-33.74501,150.928738,Blacktown,Sydney metro. area,Syd-Newc-Woll Gtr conurbation,Curved,,,,Unknown / not stated,Sealed,Wet,Raining,Darkness,Nil,No traffic controls,50 km/h,Local,87,Off lft/lft bnd=>obj,804,Off left bend into obj,Left,Vehicle - Object,4 wheel drive / SUV,,1,0,0,0,0,2,February,Summer,Thursday,00:01 - 01:59,Late night / early morning,False,False,False,False
1348353,Non-casualty (towaway),Non-casualty (towaway),2024,2024,January,Monday,10:00 - 11:59,PUNCHBOWL,RD,0,Right on the spot,COLIN,ST,LAKEMBA,549.0,No,Not a school zone,T-junction,-33.914256,151.069257,Canterbury-Bankstown,Sydney metro. area,Syd-Newc-Woll Gtr conurbation,Straight,,,,Unknown / not stated,Sealed,Dry,Fine,Daylight,On,No traffic controls,60 km/h,State,30,Rear end,301,Same - Rear end,,Rear end,B-double (road train prior 98),Car (sedan/hatch),2,0,0,0,0,1,January,Summer,Monday,10:00 - 11:59,Midday / afternoon,False,False,False,False
1348357,Non-casualty (towaway),Non-casualty (towaway),2024,2024,April,Monday,16:00 - 17:59,ALGONA,CRES,0,Right on the spot,CALANG,ST,ORANGE,,No,Not a school zone,T-junction,-33.275059,149.11998,Orange,Country urban,Rest of NSW - Urban,Straight,,,,Unknown / not stated,Sealed,Dry,Fine,Daylight,Nil,No traffic controls,50 km/h,Local,81,Off left/rt bnd=>obj,707,Right turn,Left,Vehicle - Object,Car (sedan/hatch),,1,0,0,0,0,4,April,Autumn,Monday,16:00 - 17:59,PM peak / evening commute,True,False,False,False
1348360,Non-casualty (towaway),Non-casualty (towaway),2024,2024,April,Tuesday,10:00 - 11:59,DOUGLAS,ST,0,Right on the spot,NUMBER 4,HN,MERRYLANDS,,No,Not a school zone,2-way undivided,-33.827661,150.97036,Cumberland,Sydney metro. area,Syd-Newc-Woll Gtr conurbation,Straight,,,,Unknown / not stated,Sealed,Dry,Overcast,Daylight,Nil,No traffic controls,50 km/h,Local,71,Off rd left => obj,703,Left off cway into object,,Other angle,4 wheel drive / SUV,Station wagon,4,0,0,0,0,4,April,Autumn,Tuesday,10:00 - 11:59,Midday / afternoon,False,False,False,False
1348361,Non-casualty (towaway),Non-casualty (towaway),2024,2024,April,Wednesday,22:00 - Midnight,HUME,HWY,1940,South,DAVEY ROAD,OP,TABLE TOP,2.0,No,Not a school zone,Divided road,-36.01809,146.984228,Albury,Country non-urban,Rest of NSW - Rural,Straight,,,,Unknown / not stated,Sealed,Dry,Fine,Darkness,Nil,No traffic controls,110 km/h,State,73,Off rd rght => obj,704,Right off cway into obj,,Vehicle - Object,B-double (road train prior 98),,1,0,0,0,0,4,April,Autumn,Wednesday,22:00 - Midnight,Evening / night,False,False,False,False
1348362,Non-casualty (towaway),Non-casualty (towaway),2024,2024,April,Tuesday,18:00 - 19:59,EAST MARKET,ST,0,Right on the spot,LENNOX,ST,RICHMOND,537.0,No,Not a school zone,X-intersection,-33.600674,150.750954,Hawkesbury,Country urban,Syd-Newc-Woll Gtr conurbation,Straight,,,,Unknown / not stated,Sealed,Wet,Raining,Daylight,On,No traffic controls,60 km/h,State,11,Right far,102,Adj - Right-thru from left,,Right angle,Car (sedan/hatch),4 wheel drive / SUV,2,0,0,0,0,4,April,Autumn,Tuesday,18:00 - 19:59,PM peak / evening commute,True,False,False,False
1348363,Non-casualty (towaway),Non-casualty (towaway),2024,2024,April,Sunday,14:00 - 15:59,VERGES CREEK,RD,999999,Unknown/not stated,UNKNOWN,ST,VERGES CREEK,,No,Not a school zone,2-way undivided,-31.098077,152.904345,Kempsey,Country non-urban,Rest of NSW - Rural,Straight,Ditch/drain/culvert,,,Unknown / not stated,Unsealed,Wet,Raining,Daylight,Nil,No traffic controls,100 km/h,Local,71,Off rd left => obj,703,Left off cway into object,,Vehicle - Object,4 wheel drive / SUV,,1,0,0,0,0,4,April,Autumn,Sunday,14:00 - 15:59,Midday / afternoon,False,False,False,False
1348366,Non-casualty (towaway),Non-casualty (towaway),2024,2024,April,Thursday,12:00 - 13:59,MUTTAMA,RD,0,Right on the spot,OLD GUNDAGAI,RD,COOTAMUNDRA,87.0,No,Not a school zone,T-junction,-34.734498,148.082847,Cootamundra-Gundagai,Country non-urban,Rest of NSW - Rural,Curved,,,,Unknown / not stated,Sealed,Dry,Fine,Daylight,Nil,Give way sign,100 km/h,Regional,81,Off left/rt bnd=>obj,803,Off right bend into obj,Left,Vehicle - Object,Car (sedan/hatch),,1,0,0,0,0,4,April,Autumn,Thursday,12:00 - 13:59,Midday / afternoon,False,False,False,False
1348367,Non-casualty (towaway),Non-casualty (towaway),2024,2024,April,Monday,22:00 - Midnight,BELGRAVE,ST,0,Right on the spot,KENSINGTON,ST,KOGARAH,,No,Not a school zone,X-intersection,-33.965533,151.134038,Georges River,Sydney metro. area,Syd-Newc-Woll Gtr conurbation,Straight,,,,Unknown / not stated,Sealed,Dry,Fine,Darkness,On,No traffic controls,40 km/h,Local,13,Right near,104,Adj - Right-thru from right,,Right angle,Car (sedan/hatch),Car (sedan/hatch),2,0,0,0,0,4,April,Autumn,Monday,22:00 - Midnight,Evening / night,False,False,False,False
1348368,Non-casualty (towaway),Non-casualty (towaway),2024,2024,April,Tuesday,02:00 - 03:59,BEACONSFIELD,LANE,0,Right on the spot,COLLINS,ST,BEACONSFIELD,,No,Not a school zone,X-intersection,-33.91257,151.201056,Sydney,Sydney metro. area,Syd-Newc-Woll Gtr conurbation,Straight,,,,Unknown / not stated,Sealed,Wet,Raining,Darkness,Nil,Stop sign,50 km/h,Local,10,Cross traffic,101,Adj - Cross traffic,,Right angle,4 wheel drive / SUV,Car (sedan/hatch),2,0,0,0,0,4,April,Autumn,Tuesday,02:00 - 03:59,Late night / early morning,False,False,False,False
1348371,Non-casualty (towaway),Non-casualty (towaway),2024,2024,April,Friday,16:00 - 17:59,MCDONNELLS,RD,400,South,BRINDABELLA,RD,ARGALONG,,No,Not a school zone,2-way undivided,-35.259848,148.406766,Snowy Valleys,Country non-urban,Rest of NSW - Rural,Curved,Embankment/cutting,,,Unknown / not stated,Unsealed,Wet,Raining,Daylight,Nil,No traffic controls,100 km/h,Local,85,Off rt/lft bnd=>obj,804,Off left bend into obj,Right,Vehicle - Object,Light truck utility(from 2018),,1,0,0,0,0,4,April,Autumn,Friday,16:00 - 17:59,PM peak / evening commute,True,False,False,False
1348372,Non-casualty (towaway),Non-casualty (towaway),2024,2024,April,Tuesday,10:00 - 11:59,EDDIE,RD,0,Right on the spot,NUMBER 33,HN,MINCHINBURY,,No,Not a school zone,2-way undivided,-33.78514,150.818836,Blacktown,Sydney metro. area,Syd-Newc-Woll Gtr conurbation,Straight,Driveway/entrance,,,Unknown / not stated,Sealed,Dry,Fine,Daylight,Nil,No traffic controls,50 km/h,Local,21,Right through,202,Opp - Right-thru,,Other angle,Car (sedan/hatch),Car (sedan/hatch),2,0,0,0,0,4,April,Autumn,Tuesday,10:00 - 11:59,Midday / afternoon,False,False,False,False
1348373,Non-casualty (towaway),Non-casualty (towaway),2024,2024,April,Saturday,14:00 - 15:59,WESTERN,EXP,1000,East,HOMEBUSH BAY DRIVE,OP,HOMEBUSH,6004.0,No,Not a school zone,Dual freeway,-33.861129,151.080214,Strathfield,Sydney metro. area,Syd-Newc-Woll Gtr conurbation,Straight,,,,Unknown / not stated,Sealed,Dry,Fine,Daylight,Nil,No traffic controls,80 km/h,State,30,Rear end,301,Same - Rear end,,Rear end,Car (sedan/hatch),Passenger van,3,0,0,0,0,4,April,Autumn,Saturday,14:00 - 15:59,Midday / afternoon,False,False,False,False
1348374,Non-casualty (towaway),Non-casualty (towaway),2024,2024,March,Friday,06:00 - 07:59,RIVERINA,HWY,20,East,YOUNG,ST,ALBURY,20.0,Yes,No,2-way undivided,-36.075215,146.925509,Albury,Country urban,Rest of NSW - Urban,Straight,,,,On,Sealed,Dry,Fine,Dawn,Nil,No traffic controls,50 km/h,State,66,Object on road,607,On path - Hit temp object,,Vehicle - Object,4 wheel drive / SUV,,1,0,0,0,0,3,March,Autumn,Friday,06:00 - 07:59,AM peak / school commute,True,False,False,False
1348376,Non-casualty (towaway),Non-casualty (towaway),2024,2024,February,Sunday,22:00 - Midnight,REDFERN,ST,0,Right on the spot,NUMBER 107,HN,REDFERN,,Yes,No,2-way undivided,-33.892678,151.203165,Sydney,Sydney metro. area,Syd-Newc-Woll Gtr conurbation,Straight,,,,Unknown / not stated,Sealed,Dry,Fine,Darkness,Nil,No traffic controls,40 km/h,Local,43,Entering parking,402,Manov - Entering parking veh,,Other angle,Car (sedan/hatch),Car (sedan/hatch),2,0,0,0,0,2,February,Summer,Sunday,22:00 - Midnight,Evening / night,False,False,False,False
1348378,Non-casualty (towaway),Non-casualty (towaway),2024,2024,April,Thursday,18:00 - 19:59,EWINGSDALE,RD,100,East,BANKSIA,DR,BYRON BAY,545.0,No,Not a school zone,2-way undivided,-28.637978,153.58698,Byron,Country urban,Rest of NSW - Urban,Straight,,,,Unknown / not stated,Sealed,Dry,Fine,Dusk,Nil,No traffic controls,60 km/h,Regional,40,U turn,304,Same - U-turn,,Other angle,Car (sedan/hatch),Car (sedan/hatch),2,0,0,0,0,4,April,Autumn,Thursday,18:00 - 19:59,PM peak / evening commute,True,False,False,False
1348382,Non-casualty (towaway),Non-casualty (towaway),2024,2024,April,Monday,10:00 - 11:59,INKERMAN,ST,0,Right on the spot,RAILWAY,ST,GRANVILLE,,No,Not a school zone,L-junction,-33.827186,151.001244,Parramatta,Sydney metro. area,Syd-Newc-Woll Gtr conurbation,Straight,,,,Unknown / not stated,Sealed,Dry,Fine,Daylight,Nil,No traffic controls,50 km/h,Local,45,Reversing,404,Manov - Reverse in traffic,,Other angle,Station wagon,Car (sedan/hatch),2,0,0,0,0,4,April,Autumn,Monday,10:00 - 11:59,Midday / afternoon,False,False,False,False
1348383,Non-casualty (towaway),Non-casualty (towaway),2024,2024,April,Saturday,16:00 - 17:59,BEST,RD,0,Right on the spot,GEORGE,ST,SEVEN HILLS,7151.0,No,Not a school zone,Roundabout,-33.776587,150.936495,Blacktown,Sydney metro. area,Syd-Newc-Woll Gtr conurbation,Straight,Driveway/entrance,,,Unknown / not stated,Sealed,Dry,Fine,Daylight,Nil,No traffic controls,60 km/h,Regional,47,Emerging from drive,406,Manov - Emerging from driveway,,Right angle,Car (sedan/hatch),Car (sedan/hatch),2,0,0,0,0,4,April,Autumn,Saturday,16:00 - 17:59,PM peak / evening commute,True,False,False,False
1348385,Non-casualty (towaway),Non-casualty (towaway),2024,2024,April,Sunday,00:01 - 01:59,MT OUSLEY,RD,500,North,CATARACT,CK,CATARACT,513.0,No,Not a school zone,Divided road,-34.346306,150.871501,Wollongong,Wollongong met. area,Syd-Newc-Woll Gtr conurbation,Curved,Steep grade,,,Unknown / not stated,Sealed,Wet,Fine,Darkness,Nil,No traffic controls,100 km/h,State,86,Off left/left bend,802,Off cway left bend,Left,Rollover,Car (sedan/hatch),,1,0,0,0,0,4,April,Autumn,Sunday,00:01 - 01:59,Late night / early morning,False,False,False,False
1348386,Non-casualty (towaway),Non-casualty (towaway),2024,2024,April,Friday,12:00 - 13:59,BLAXLAND,RD,11,South,LANSDOWNE,ST,EASTWOOD,139.0,No,Not a school zone,2-way undivided,-33.787753,151.08548,Ryde,Sydney metro. area,Syd-Newc-Woll Gtr conurbation,Straight,,,,Unknown / not stated,Sealed,Wet,Raining,Daylight,Nil,No traffic controls,60 km/h,State,30,Rear end,301,Same - Rear end,,Rear end,Car (sedan/hatch),Car (sedan/hatch),2,0,0,0,0,4,April,Autumn,Friday,12:00 - 13:59,Midday / afternoon,False,False,False,False
1348388,Non-casualty (towaway),Non-casualty (towaway),2024,2024,March,Monday,14:00 - 15:59,MALIWA,RD,0,Right on the spot,SHOWGROUND,RD,NARARA,,No,Not a school zone,T-junction,-33.405026,151.346691,Central Coast,Country urban,Syd-Newc-Woll Gtr conurbation,Curved,,,,Unknown / not stated,Sealed,Dry,Fine,Daylight,Nil,Stop sign,60 km/h,Local,21,Right through,202,Opp - Right-thru,,Other angle,Car (sedan/hatch),4 wheel drive / SUV,2,0,0,0,0,3,March,Autumn,Monday,14:00 - 15:59,Midday / afternoon,False,False,False,False
1348389,Non-casualty (towaway),Non-casualty (towaway),2024,2024,April,Sunday,18:00 - 19:59,EPPING,RD,0,Right on the spot,CENTENNIAL,AVE,LANE COVE,373.0,No,Not a school zone,X-intersection,-33.810726,151.163562,Lane Cove,Sydney metro. area,Syd-Newc-Woll Gtr conurbation,Straight,,,,Unknown / not stated,Sealed,Dry,Fine,Darkness,On,No traffic controls,60 km/h,State,30,Rear end,301,Same - Rear end,,Rear end,Car (sedan/hatch),4 wheel drive / SUV,2,0,0,0,0,4,April,Autumn,Sunday,18:00 - 19:59,PM peak / evening commute,True,False,False,False
1348391,Non-casualty (towaway),Non-casualty (towaway),2024,2024,April,Thursday,14:00 - 15:59,EAST,ST,0,Right on the spot,NOTT,ST,WARNERS BAY,,No,Not a school zone,T-junction,-32.971989,151.653042,Lake Macquarie,Newcastle met. area,Syd-Newc-Woll Gtr conurbation,Straight,,,,Unknown / not stated,Sealed,Wet,Raining,Daylight,Nil,No traffic controls,50 km/h,Local,13,Right near,104,Adj - Right-thru from right,,Right angle,4 wheel drive / SUV,Car (sedan/hatch),2,0,0,0,0,4,April,Autumn,Thursday,14:00 - 15:59,Midday / afternoon,False,False,False,False
1348394,Non-casualty (towaway),Non-casualty (towaway),2024,2024,April,Wednesday,18:00 - 19:59,KING GEORGES,RD,0,Right on the spot,HILLCREST,AVE,HURSTVILLE,200.0,No,Not a school zone,X-intersection,-33.970589,151.098708,Georges River,Sydney metro. area,Syd-Newc-Woll Gtr conurbation,Straight,,,,Unknown / not stated,Sealed,Dry,Fine,Daylight,On,No traffic controls,60 km/h,State,13,Right near,104,Adj - Right-thru from right,,Right angle,4 wheel drive / SUV,4 wheel drive / SUV,2,0,0,0,0,4,April,Autumn,Wednesday,18:00 - 19:59,PM peak / evening commute,True,False,False,False
1348395,Non-casualty (towaway),Non-casualty (towaway),2024,2024,March,Monday,18:00 - 19:59,QUIRK,ST,0,Right on the spot,NUMBER 82,HN,DEE WHY,,No,Not a school zone,2-way undivided,-33.758757,151.290525,Northern Beaches,Sydney metro. area,Syd-Newc-Woll Gtr conurbation,Straight,,,,Unknown / not stated,Sealed,Dry,Fine,Dusk,Nil,No traffic controls,50 km/h,Local,71,Off rd left => obj,703,Left off cway into object,,Other angle,Car (sedan/hatch),Car (sedan/hatch),2,0,0,0,0,3,March,Autumn,Monday,18:00 - 19:59,PM peak / evening commute,True,False,False,False
1348396,Non-casualty (towaway),Non-casualty (towaway),2024,2024,April,Friday,20:00 - 21:59,HUME,HWY,0,Right on the spot,BURLEY GRIFFIN,WAY,BOWNING,2.0,No,Not a school zone,T-junction,-34.766206,148.762047,Yass Valley,Country non-urban,Rest of NSW - Rural,Curved,,,,Unknown / not stated,Sealed,Wet,Raining,Darkness,Nil,Give way sign,110 km/h,State,81,Off left/rt bnd=>obj,707,Right turn,Left,Vehicle - Object,Car (sedan/hatch),,1,0,0,0,0,4,April,Autumn,Friday,20:00 - 21:59,Evening / night,False,False,False,False
1348404,Non-casualty (towaway),Non-casualty (towaway),2024,2024,April,Monday,04:00 - 05:59,BRAMHALL,AVE,0,Right on the spot,NUMBER 2,HN,PUNCHBOWL,,No,Not a school zone,2-way undivided,-33.933064,151.044929,Canterbury-Bankstown,Sydney metro. area,Syd-Newc-Woll Gtr conurbation,Straight,,,,Unknown / not stated,Sealed,Wet,Unknown,Dawn,Nil,No traffic controls,50 km/h,Local,49,Other manoeuvring,400,Manov - other,,Other angle,Car (sedan/hatch),Light truck,2,0,0,0,0,4,April,Autumn,Monday,04:00 - 05:59,Late night / early morning,False,False,False,False
1348405,Non-casualty (towaway),Non-casualty (towaway),2024,2024,April,Thursday,14:00 - 15:59,TWEED VALLEY,WAY,100,North,MISTRAL,RD,SOUTH MURWILLUMBAH,679.0,No,Not a school zone,2-way undivided,-28.345114,153.401175,Tweed,Country urban,Rest of NSW - Urban,Curved,,,,Unknown / not stated,Sealed,Wet,Raining,Daylight,Nil,No traffic controls,50 km/h,Regional,81,Off left/rt bnd=>obj,803,Off right bend into obj,Left,Vehicle - Object,Car (sedan/hatch),,1,0,0,0,0,4,April,Autumn,Thursday,14:00 - 15:59,Midday / afternoon,False,False,False,False
1348408,Non-casualty (towaway),Non-casualty (towaway),2024,2024,April,Wednesday,20:00 - 21:59,VICTORIA,RD,25,West,BRIDGE,ST,RYDALMERE,165.0,No,Not a school zone,Divided road,-33.809837,151.031008,Parramatta,Sydney metro. area,Syd-Newc-Woll Gtr conurbation,Straight,Steep grade,,,Unknown / not stated,Sealed,Dry,Fine,Darkness,Nil,No traffic controls,60 km/h,State,39,Other same direction,300,Same - other,,Other angle,Car (sedan/hatch),Light truck utility(from 2018),2,0,0,0,0,4,April,Autumn,Wednesday,20:00 - 21:59,Evening / night,False,False,False,False
1348409,Non-casualty (towaway),Non-casualty (towaway),2024,2024,April,Thursday,08:00 - 09:59,EAGLE,ST,0,Right on the spot,NUMBER 108,HN,SOUTH GUNDAGAI,,No,Not a school zone,2-way undivided,-35.084403,148.09624,Cootamundra-Gundagai,Country urban,Rest of NSW - Urban,Straight,,,,Unknown / not stated,Sealed,Dry,Fine,Daylight,Nil,No traffic controls,50 km/h,Local,30,Rear end,301,Same - Rear end,,Rear end,4 wheel drive / SUV,Light truck utility(from 2018),2,0,0,0,0,4,April,Autumn,Thursday,08:00 - 09:59,AM peak / school commute,True,False,False,False
1348411,Non-casualty (towaway),Non-casualty (towaway),2024,2024,April,Friday,12:00 - 13:59,BURWOOD,ST,0,Right on the spot,GLEBE,ST,KAHIBAH,,No,Not a school zone,X-intersection,-32.961783,151.712404,Lake Macquarie,Newcastle met. area,Syd-Newc-Woll Gtr conurbation,Straight,,,,Unknown / not stated,Sealed,Wet,Raining,Daylight,Nil,Stop sign,50 km/h,Local,39,Other same direction,300,Same - other,,Other angle,4 wheel drive / SUV,Station wagon,2,0,0,0,0,4,April,Autumn,Friday,12:00 - 13:59,Midday / afternoon,False,False,False,False