crash_id,degree_of_crash,degree_of_crash_-_detailed,reporting_year,year_of_crash,month_of_crash,day_of_week_of_crash,two-hour_intervals,street_of_crash,street_type,distance,direction,identifying_feature,identifying_feature_type,town,route_no.,school_zone_location,school_zone_active,type_of_location,latitude,longitude,lga,urbanisation,conurbation_1,alignment,primary_permanent_feature,primary_temporary_feature,primary_hazardous_feature,street_lighting,road_surface,surface_condition,weather,natural_lighting,signals_operation,other_traffic_control,speed_limit,road_classification_(admin),rum_-_code,rum_-_description,dca_-_code,dca_-_description,dca_supplement,first_impact_type,key_tu_type,other_tu_type,no._of_traffic_units_involved,no._killed,no._seriously_injured,no._moderately_injured,no._minor-other_injured,month_num,month_label,season,day_label,time_label,time_band,is_peak_commute,is_fatal,is_injury,is_casualty
1348412,Non-casualty (towaway),Non-casualty (towaway),2024,2024,April,Monday,20:00 - 21:59,RIVERSTONE,PDE,200,North,VICTORIA,ST,RIVERSTONE,7157.0,No,Not a school zone,2-way undivided,-33.660945,150.852664,Blacktown,Sydney metro. area,Syd-Newc-Woll Gtr conurbation,Curved,,,,Unknown / not stated,Sealed,Dry,Fine,Darkness,Nil,No traffic controls,80 km/h,Regional,81,Off left/rt bnd=>obj,803,Off right bend into obj,Left,Vehicle - Object,4 wheel drive / SUV,,1,0,0,0,0,4,April,Autumn,Monday,20:00 - 21:59,Evening / night,False,False,False,False
1348413,Non-casualty (towaway),Non-casualty (towaway),2024,2024,April,Friday,16:00 - 17:59,NEW ENGLAND,HWY,3100,South,BUNGULLA RESERVE,RD,TENTERFIELD,9.0,No,Not a school zone,2-way undivided,-29.139996,151.997532,Tenterfield,Country non-urban,Rest of NSW - Rural,Curved,Steep grade,,,Unknown / not stated,Sealed,Wet,Raining,Unknown,Nil,No traffic controls,100 km/h,State,87,Off lft/lft bnd=>obj,804,Off left bend into obj,Left,Vehicle - Object,Light truck utility(from 2018),,1,0,0,0,0,4,April,Autumn,Friday,16:00 - 17:59,PM peak / evening commute,True,False,False,False
1348416,Non-casualty (towaway),Non-casualty (towaway),2024,2024,April,Friday,18:00 - 19:59,NEW ENGLAND,HWY,6300,South,KENTUCKY,RD,KENTUCKY,9.0,No,Not a school zone,2-way undivided,-30.758492,151.375153,Tamworth Regional,Country non-urban,Rest of NSW - Rural,Straight,,,,Unknown / not stated,Sealed,Wet,Raining,Daylight,Nil,No traffic controls,100 km/h,State,71,Off rd left => obj,703,Left off cway into object,,Vehicle - Object,Light truck utility(from 2018),,1,0,0,0,0,4,April,Autumn,Friday,18:00 - 19:59,PM peak / evening commute,True,False,False,False
1348424,Non-casualty (towaway),Non-casualty (towaway),2024,2024,February,Tuesday,16:00 - 17:59,CENTRAL COAST,HWY,0,Right on the spot,WYONG,RD,BATEAU BAY,30.0,No,Not a school zone,Roundabout,-33.36916,151.475456,Central Coast,Country urban,Syd-Newc-Woll Gtr conurbation,Straight,,,,Unknown / not stated,Sealed,Dry,Fine,Daylight,Nil,Give way sign,60 km/h,State,30,Rear end,301,Same - Rear end,,Rear end,Car (sedan/hatch),4 wheel drive / SUV,2,0,0,0,0,2,February,Summer,Tuesday,16:00 - 17:59,PM peak / evening commute,True,False,False,False
1348425,Non-casualty (towaway),Non-casualty (towaway),2024,2024,April,Tuesday,12:00 - 13:59,GREAT WESTERN,HWY,35,West,GREAT NORTH,RD,CROYDON,5.0,No,Not a school zone,Divided road,-33.873613,151.126842,Inner West,Sydney metro. area,Syd-Newc-Woll Gtr conurbation,Straight,Driveway/entrance,,,Unknown / not stated,Sealed,Dry,Fine,Daylight,Nil,No traffic controls,60 km/h,State,47,Emerging from drive,406,Manov - Emerging from driveway,,Right angle,Station wagon,Car (sedan/hatch),3,0,0,0,0,4,April,Autumn,Tuesday,12:00 - 13:59,Midday / afternoon,False,False,False,False
1348427,Non-casualty (towaway),Non-casualty (towaway),2024,2024,April,Tuesday,20:00 - 21:59,BRENAN,ST,0,Right on the spot,STIMSON,ST,SMITHFIELD,,No,Not a school zone,T-junction,-33.858639,150.942746,Fairfield,Sydney metro. area,Syd-Newc-Woll Gtr conurbation,Straight,,,,Unknown / not stated,Sealed,Wet,Raining,Darkness,Nil,No traffic controls,50 km/h,Local,21,Right through,202,Opp - Right-thru,,Other angle,4 wheel drive / SUV,Car (sedan/hatch),2,0,0,0,0,4,April,Autumn,Tuesday,20:00 - 21:59,Evening / night,False,False,False,False
1348430,Non-casualty (towaway),Non-casualty (towaway),2024,2024,April,Friday,02:00 - 03:59,BANGALOW,RD,400,North,TINDERBOX,RD,TALOFA,,No,Not a school zone,2-way undivided,-28.67503,153.5512,Byron,Country urban,Rest of NSW - Urban,Curved,Embankment/cutting,,,Unknown / not stated,Sealed,Wet,Fine,Darkness,Nil,No traffic controls,80 km/h,Local,86,Off left/left bend,802,Off cway left bend,Left,Rollover,Station wagon,,1,0,0,0,0,4,April,Autumn,Friday,02:00 - 03:59,Late night / early morning,False,False,False,False
1348431,Non-casualty (towaway),Non-casualty (towaway),2024,2024,April,Saturday,18:00 - 19:59,SMITHFIELD,RD,0,Right on the spot,NUMBER 711-7115,HN,EDENSOR PARK,7220.0,No,Not a school zone,2-way undivided,-33.885065,150.884994,Fairfield,Sydney metro. area,Syd-Newc-Woll Gtr conurbation,Straight,Driveway/entrance,,,Unknown / not stated,Sealed,Dry,Fine,Darkness,Nil,No traffic controls,60 km/h,Regional,47,Emerging from drive,406,Manov - Emerging from driveway,,Right angle,Car (sedan/hatch),Light truck utility(from 2018),2,0,0,0,0,4,April,Autumn,Saturday,18:00 - 19:59,PM peak / evening commute,True,False,False,False
1348432,Non-casualty (towaway),Non-casualty (towaway),2024,2024,April,Saturday,06:00 - 07:59,HUME,HWY,180,North,WINFARTHING,RD,MARULAN,2.0,No,Not a school zone,Divided road,-34.74313,149.898459,Goulburn Mulwaree,Country non-urban,Rest of NSW - Rural,Straight,,,,Unknown / not stated,Sealed,Wet,Raining,Daylight,Nil,No traffic controls,110 km/h,State,71,Off rd left => obj,703,Left off cway into object,,Vehicle - Object,Light truck utility(from 2018),,1,0,0,0,0,4,April,Autumn,Saturday,06:00 - 07:59,AM peak / school commute,True,False,False,False
1348433,Non-casualty (towaway),Non-casualty (towaway),2024,2024,April,Friday,16:00 - 17:59,DARWIN,ST,0,Right on the spot,REMBRANDT,ST,CARLINGFORD,,No,Not a school zone,T-junction,-33.776379,151.053283,Parramatta,Sydney metro. area,Syd-Newc-Woll Gtr conurbation,Straight,,,,Unknown / not stated,Sealed,Wet,Raining,Dusk,Nil,No traffic controls,50 km/h,Local,42,Leaving parking,401,Manov - Leaving parking,,Other angle,4 wheel drive / SUV,Car (sedan/hatch),2,0,0,0,0,4,April,Autumn,Friday,16:00 - 17:59,PM peak / evening commute,True,False,False,False
1348436,Non-casualty (towaway),Non-casualty (towaway),2024,2024,April,Tuesday,18:00 - 19:59,GREAT WESTERN,HWY,500,West,JENOLAN CAVES,RD,HARTLEY,5.0,No,Not a school zone,Divided road,-33.539519,150.163384,Lithgow,Country urban,Rest of NSW - Urban,Curved,Steep grade,,,Unknown / not stated,Sealed,Wet,Raining,Darkness,Nil,No traffic controls,80 km/h,State,85,Off rt/lft bnd=>obj,804,Off left bend into obj,Right,Vehicle - Object,Car (sedan/hatch),,1,0,0,0,0,4,April,Autumn,Tuesday,18:00 - 19:59,PM peak / evening commute,True,False,False,False
1348440,Non-casualty (towaway),Non-casualty (towaway),2024,2024,April,Monday,12:00 - 13:59,PEATS RIDGE,RD,0,Right on the spot,NUMBER 1703,HN,PEATS RIDGE,455.0,No,Not a school zone,2-way undivided,-33.368941,151.228336,Central Coast,Country non-urban,Syd-Newc-Woll Gtr conurbation,Straight,Ditch/drain/culvert,,,Unknown / not stated,Sealed,Dry,Fine,Daylight,Nil,No traffic controls,100 km/h,Regional,71,Off rd left => obj,703,Left off cway into object,,Vehicle - Object,4 wheel drive / SUV,,1,0,0,0,0,4,April,Autumn,Monday,12:00 - 13:59,Midday / afternoon,False,False,False,False
1348441,Non-casualty (towaway),Non-casualty (towaway),2024,2024,April,Thursday,12:00 - 13:59,LOWER COLO,RD,5000,East,PUTTY,RD,LOWER PORTLAND,,No,Not a school zone,2-way undivided,-33.424307,150.845647,Hawkesbury,Country urban,Syd-Newc-Woll Gtr conurbation,Curved,,,,Unknown / not stated,Unsealed,Wet,Raining,Daylight,Nil,No traffic controls,50 km/h,Local,88,Out of cont on bend,805,Out of control on bend,,Rollover,Large rigid,,1,0,0,0,0,4,April,Autumn,Thursday,12:00 - 13:59,Midday / afternoon,False,False,False,False
1348445,Non-casualty (towaway),Non-casualty (towaway),2024,2024,April,Thursday,16:00 - 17:59,BLUE GUM,RD,0,Right on the spot,MICHAEL,ST,JESMOND,,No,Not a school zone,T-junction,-32.903625,151.690768,Newcastle,Newcastle met. area,Syd-Newc-Woll Gtr conurbation,Straight,,,,Unknown / not stated,Sealed,Wet,Raining,Daylight,Nil,No traffic controls,50 km/h,Local,21,Right through,202,Opp - Right-thru,,Other angle,Car (sedan/hatch),Car (sedan/hatch),3,0,0,0,0,4,April,Autumn,Thursday,16:00 - 17:59,PM peak / evening commute,True,False,False,False
1348449,Non-casualty (towaway),Non-casualty (towaway),2024,2024,April,Thursday,10:00 - 11:59,OLYMPIC,HWY,0,Right on the spot,RACE CREEK,RD,WOMBAT,78.0,No,Not a school zone,T-junction,-34.420921,148.244059,Hilltops,Country non-urban,Rest of NSW - Rural,Straight,,,,Unknown / not stated,Sealed,Dry,Fine,Daylight,Nil,Give way sign,100 km/h,State,32,Right rear,303,Same - Rear right,,Rear end,Large rigid,Car (sedan/hatch),2,0,0,0,0,4,April,Autumn,Thursday,10:00 - 11:59,Midday / afternoon,False,False,False,False
1348450,Non-casualty (towaway),Non-casualty (towaway),2024,2024,April,Friday,18:00 - 19:59,BLAXLAND,RD,0,Right on the spot,NUMBER 365,HN,DENISTONE,139.0,No,Not a school zone,2-way undivided,-33.801785,151.100412,Ryde,Sydney metro. area,Syd-Newc-Woll Gtr conurbation,Curved,,,,Unknown / not stated,Sealed,Wet,Raining,Daylight,Nil,No traffic controls,60 km/h,State,20,Head on,201,Opp - Head on,,Head-on,Car (sedan/hatch),Car (sedan/hatch),3,0,0,0,0,4,April,Autumn,Friday,18:00 - 19:59,PM peak / evening commute,True,False,False,False
1348451,Non-casualty (towaway),Non-casualty (towaway),2024,2024,April,Monday,08:00 - 09:59,ALLANDALE,RD,0,Right on the spot,MCGRANE,ST,CESSNOCK,220.0,No,Not a school zone,X-intersection,-32.827217,151.354281,Cessnock,Country urban,Rest of NSW - Urban,Straight,,,,Unknown / not stated,Sealed,Dry,Unknown,Daylight,Nil,Stop sign,60 km/h,State,21,Right through,202,Opp - Right-thru,,Other angle,4 wheel drive / SUV,4 wheel drive / SUV,2,0,0,0,0,4,April,Autumn,Monday,08:00 - 09:59,AM peak / school commute,True,False,False,False
1348455,Non-casualty (towaway),Non-casualty (towaway),2024,2024,April,Saturday,06:00 - 07:59,BRINGELLY,RD,100,West,EASTWOOD,RD,AUSTRAL,647.0,No,Not a school zone,2-way undivided,-33.948722,150.795564,Liverpool,Sydney metro. area,Syd-Newc-Woll Gtr conurbation,Straight,Foot/cycle path/nature strip,,,Unknown / not stated,Sealed,Wet,Raining,Dawn,Nil,No traffic controls,80 km/h,State,70,Off road to left,701,Off carriageway to left,,Rollover,Car (sedan/hatch),,1,0,0,0,0,4,April,Autumn,Saturday,06:00 - 07:59,AM peak / school commute,True,False,False,False
1348457,Non-casualty (towaway),Non-casualty (towaway),2024,2024,April,Friday,16:00 - 17:59,POLDING,ST,0,Right on the spot,CUMBERLAND,HWY,FAIRFIELD WEST,7222.0,No,Not a school zone,Roundabout,-33.860622,150.927656,Fairfield,Sydney metro. area,Syd-Newc-Woll Gtr conurbation,Curved,,,,Unknown / not stated,Sealed,Wet,Raining,Daylight,Nil,Give way sign,60 km/h,Regional,87,Off lft/lft bnd=>obj,706,Left turn,Left,Vehicle - Object,4 wheel drive / SUV,,1,0,0,0,0,4,April,Autumn,Friday,16:00 - 17:59,PM peak / evening commute,True,False,False,False
1348458,Non-casualty (towaway),Non-casualty (towaway),2024,2024,April,Thursday,18:00 - 19:59,MINMI,RD,0,Right on the spot,TRANSFIELD,AVE,EDGEWORTH,7771.0,No,Not a school zone,X-intersection,-32.916589,151.623568,Lake Macquarie,Newcastle met. area,Syd-Newc-Woll Gtr conurbation,Straight,Steep grade,,,Unknown / not stated,Sealed,Wet,Raining,Dusk,Nil,Give way sign,60 km/h,Regional,13,Right near,104,Adj - Right-thru from right,,Right angle,4 wheel drive / SUV,Car (sedan/hatch),2,0,0,0,0,4,April,Autumn,Thursday,18:00 - 19:59,PM peak / evening commute,True,False,False,False
1348459,Non-casualty (towaway),Non-casualty (towaway),2024,2024,April,Thursday,12:00 - 13:59,BRISBANE WATER,DR,0,Right on the spot,PENANG,ST,POINT CLARE,349.0,No,Not a school zone,T-junction,-33.440646,151.32958,Central Coast,Country urban,Syd-Newc-Woll Gtr conurbation,Curved,,,,Unknown / not stated,Sealed,Dry,Fine,Daylight,Nil,Stop sign,60 km/h,State,30,Rear end,301,Same - Rear end,,Rear end,4 wheel drive / SUV,4 wheel drive / SUV,3,0,0,0,0,4,April,Autumn,Thursday,12:00 - 13:59,Midday / afternoon,False,False,False,False
1348462,Non-casualty (towaway),Non-casualty (towaway),2024,2024,April,Monday,12:00 - 13:59,NEW ENGLAND,HWY,0,Right on the spot,BOWDEN,WAY,BERESFIELD,9.0,No,Not a school zone,T-junction,-32.802726,151.633965,Newcastle,Newcastle met. area,Syd-Newc-Woll Gtr conurbation,Straight,,,,Unknown / not stated,Sealed,Dry,Fine,Daylight,Nil,Give way sign,60 km/h,State,49,Other manoeuvring,400,Manov - other,,Other angle,Light truck utility(from 2018),Semi-trailer,2,0,0,0,0,4,April,Autumn,Monday,12:00 - 13:59,Midday / afternoon,False,False,False,False
1348463,Non-casualty (towaway),Non-casualty (towaway),2024,2024,April,Monday,10:00 - 11:59,POLDING,ST,0,Right on the spot,MARLBOROUGH,ST,FAIRFIELD HEIGHTS,7222.0,No,Not a school zone,Roundabout,-33.862894,150.945097,Fairfield,Sydney metro. area,Syd-Newc-Woll Gtr conurbation,Straight,,,,Unknown / not stated,Sealed,Dry,Fine,Daylight,Nil,Give way sign,60 km/h,Regional,30,Rear end,301,Same - Rear end,,Rear end,Car (sedan/hatch),Car (sedan/hatch),2,0,0,0,0,4,April,Autumn,Monday,10:00 - 11:59,Midday / afternoon,False,False,False,False
1348466,Non-casualty (towaway),Non-casualty (towaway),2024,2024,April,Friday,12:00 - 13:59,LACMALAC,RD,1300,East,BOMBOWLEE,AVE,BOMBOWLEE,,No,Not a school zone,2-way undivided,-35.299102,148.244576,Snowy Valleys,Country non-urban,Rest of NSW - Rural,Curved,,,,Unknown / not stated,Sealed,Wet,Raining,Daylight,Nil,No traffic controls,100 km/h,Local,88,Out of cont on bend,805,Out of control on bend,,Rollover,Light truck utility(from 2018),,1,0,0,0,0,4,April,Autumn,Friday,12:00 - 13:59,Midday / afternoon,False,False,False,False
1348469,Non-casualty (towaway),Non-casualty (towaway),2024,2024,April,Wednesday,16:00 - 17:59,MASTRACOLAS,RD,100,West,PACIFIC,HWY,COFFS HARBOUR,,No,Not a school zone,Divided road,-30.280229,153.130069,Coffs Harbour,Country urban,Rest of NSW - Urban,Straight,,,,Unknown / not stated,Sealed,Dry,Fine,Daylight,Nil,No traffic controls,50 km/h,Local,73,Off rd rght => obj,704,Right off cway into obj,,Other angle,Car (sedan/hatch),Large trailer,2,0,0,0,0,4,April,Autumn,Wednesday,16:00 - 17:59,PM peak / evening commute,True,False,False,False
1348470,Non-casualty (towaway),Non-casualty (towaway),2024,2024,April,Wednesday,16:00 - 17:59,GRIFFTHS,RD,0,Right on the spot,CHATHAM,RD,HAMILTON NORTH,82.0,No,Not a school zone,X-intersection,-32.918081,151.738495,Newcastle,Newcastle met. area,Syd-Newc-Woll Gtr conurbation,Straight,,,,Unknown / not stated,Sealed,Dry,Fine,Dusk,Nil,No traffic controls,60 km/h,State,10,Cross traffic,101,Adj - Cross traffic,,Right angle,Car (sedan/hatch),Car (sedan/hatch),2,0,0,0,0,4,April,Autumn,Wednesday,16:00 - 17:59,PM peak / evening commute,True,False,False,False
1348471,Non-casualty (towaway),Non-casualty (towaway),2024,2024,April,Tuesday,18:00 - 19:59,MINORE,RD,0,Right on the spot,NUMBER 57L,HN,DUBBO,,No,Not a school zone,2-way undivided,-32.255048,148.529658,Dubbo Regional,Country non-urban,Rest of NSW - Rural,Straight,,,,Unknown / not stated,Sealed,Dry,Fine,Dusk,Nil,No traffic controls,100 km/h,Local,72,Off road to right,702,Off carriageway to right,,Rollover,Car (sedan/hatch),,1,0,0,0,0,4,April,Autumn,Tuesday,18:00 - 19:59,PM peak / evening commute,True,False,False,False
1348476,Non-casualty (towaway),Non-casualty (towaway),2024,2024,March,Saturday,16:00 - 17:59,HEATHCOTE,RD,0,Right on the spot,NEW ILLAWARRA,RD,LUCAS HEIGHTS,512.0,No,Not a school zone,T-junction,-34.053898,150.971131,Sutherland,Sydney metro. area,Syd-Newc-Woll Gtr conurbation,Straight,,,,Unknown / not stated,Sealed,Dry,Fine,Daylight,Unknown / not stated,No traffic controls,70 km/h,State,29,Other opposing,200,Opp - other,,Other angle,Car (sedan/hatch),4 wheel drive / SUV,2,0,0,0,0,3,March,Autumn,Saturday,16:00 - 17:59,PM peak / evening commute,True,False,False,False
1348481,Non-casualty (towaway),Non-casualty (towaway),2024,2024,April,Saturday,14:00 - 15:59,STONEY CREEK,RD,0,Right on the spot,OLIVER,ST,BEXLEY,665.0,No,Not a school zone,T-junction,-33.949043,151.111687,Bayside,Sydney metro. area,Syd-Newc-Woll Gtr conurbation,Straight,Steep grade,,,Unknown / not stated,Sealed,Dry,Fine,Daylight,Nil,No traffic controls,60 km/h,State,13,Right near,104,Adj - Right-thru from right,,Right angle,Light truck,Car (sedan/hatch),2,0,0,0,0,4,April,Autumn,Saturday,14:00 - 15:59,Midday / afternoon,False,False,False,False
1348484,Non-casualty (towaway),Non-casualty (towaway),2024,2024,April,Tuesday,16:00 - 17:59,BATCHELOR,AVE,0,Right on the spot,MARCO,AVE,PANANIA,,No,Not a school zone,X-intersection,-33.952633,150.995099,Canterbury-Bankstown,Sydney metro. area,Syd-Newc-Woll Gtr conurbation,Straight,,,,Unknown / not stated,Sealed,Wet,Raining,Daylight,Nil,Stop sign,50 km/h,Local,12,Left far,103,Adj - Left-thru from left,,Right angle,Car (sedan/hatch),4 wheel drive / SUV,2,0,0,0,0,4,April,Autumn,Tuesday,16:00 - 17:59,PM peak / evening commute,True,False,False,False
1348485,Non-casualty (towaway),Non-casualty (towaway),2024,2024,April,Sunday,12:00 - 13:59,KINGS,RD,0,Right on the spot,QUEENS,RD,BRIGHTON-LE-SANDS,,No,Not a school zone,T-junction,-33.96229,151.151817,Bayside,Sydney metro. area,Syd-Newc-Woll Gtr conurbation,Straight,,,,Unknown / not stated,Sealed,Dry,Fine,Daylight,Nil,Give way sign,50 km/h,Local,11,Right far,102,Adj - Right-thru from left,,Right angle,4 wheel drive / SUV,Car (sedan/hatch),2,0,0,0,0,4,April,Autumn,Sunday,12:00 - 13:59,Midday / afternoon,False,False,False,False
1348488,Non-casualty (towaway),Non-casualty (towaway),2024,2024,March,Friday,22:00 - Midnight,KING EDWARD,ST,30,South,DEXTER,LANE,ROCKDALE,,No,Not a school zone,2-way undivided,-33.952926,151.13342,Bayside,Sydney metro. area,Syd-Newc-Woll Gtr conurbation,Straight,,,,Unknown / not stated,Sealed,Dry,Fine,Darkness,Nil,No traffic controls,50 km/h,Local,43,Entering parking,402,Manov - Entering parking veh,,Other angle,Car (sedan/hatch),Car (sedan/hatch),3,0,0,0,0,3,March,Autumn,Friday,22:00 - Midnight,Evening / night,False,False,False,False
1348491,Non-casualty (towaway),Non-casualty (towaway),2024,2024,April,Tuesday,20:00 - 21:59,MITCHELL,HWY,0,Right on the spot,BUNGLEGUMBIE,RD,DUBBO,7.0,No,Not a school zone,T-junction,-32.202896,148.536257,Dubbo Regional,Country non-urban,Rest of NSW - Rural,Straight,,,,Unknown / not stated,Sealed,Dry,Fine,Darkness,Nil,Give way sign,110 km/h,State,10,Cross traffic,101,Adj - Cross traffic,,Right angle,4 wheel drive / SUV,Light truck utility(from 2018),2,0,0,0,0,4,April,Autumn,Tuesday,20:00 - 21:59,Evening / night,False,False,False,False
1348494,Non-casualty (towaway),Non-casualty (towaway),2024,2024,April,Tuesday,18:00 - 19:59,MOUNT,ST,0,Right on the spot,NUMBER 109A,HN,COOGEE,,No,Not a school zone,2-way undivided,-33.922612,151.251499,Randwick,Sydney metro. area,Syd-Newc-Woll Gtr conurbation,Straight,Steep grade,,,Unknown / not stated,Sealed,Wet,Raining,Darkness,Nil,No traffic controls,50 km/h,Local,71,Off rd left => obj,703,Left off cway into object,,Other angle,Car (sedan/hatch),Car (sedan/hatch),3,0,0,0,0,4,April,Autumn,Tuesday,18:00 - 19:59,PM peak / evening commute,True,False,False,False
1348496,Non-casualty (towaway),Non-casualty (towaway),2024,2024,April,Tuesday,16:00 - 17:59,NEWCASTLE,EXP,390,South,PACIFIC HIGHWAY,OP,BAR POINT,6003.0,No,Not a school zone,Dual freeway,-33.478792,151.185532,Central Coast,Country non-urban,Syd-Newc-Woll Gtr conurbation,Curved,,,,Unknown / not stated,Sealed,Wet,Raining,Unknown,Nil,No traffic controls,90 km/h,State,85,Off rt/lft bnd=>obj,804,Off left bend into obj,Right,Vehicle - Object,Light truck utility(from 2018),,1,0,0,0,0,4,April,Autumn,Tuesday,16:00 - 17:59,PM peak / evening commute,True,False,False,False
1348497,Non-casualty (towaway),Non-casualty (towaway),2024,2024,March,Sunday,14:00 - 15:59,NEW SOUTH HEAD,RD,0,Right on the spot,DARLING POINT,RD,EDGECLIFF,173.0,No,Not a school zone,X-intersection,-33.878549,151.235181,Woollahra,Sydney metro. area,Syd-Newc-Woll Gtr conurbation,Curved,,,,Unknown / not stated,Sealed,Dry,Fine,Daylight,On,No left turn,60 km/h,State,81,Off left/rt bnd=>obj,706,Left turn,Left,Vehicle - Object,Car (sedan/hatch),,1,0,0,0,0,3,March,Autumn,Sunday,14:00 - 15:59,Midday / afternoon,False,False,False,False
1348498,Non-casualty (towaway),Non-casualty (towaway),2024,2024,April,Wednesday,16:00 - 17:59,MURRAYS FLAT,RD,10,North,HUME,HWY,BOXERS CREEK,,No,Not a school zone,T-junction,-34.736381,149.787274,Goulburn Mulwaree,Country non-urban,Rest of NSW - Rural,Straight,,,,Unknown / not stated,Sealed,Dry,Fine,Daylight,Nil,Give way sign,100 km/h,Local,34,Lane change right,306,Same - Lane change right,,Other angle,Semi-trailer,Car (sedan/hatch),2,0,0,0,0,4,April,Autumn,Wednesday,16:00 - 17:59,PM peak / evening commute,True,False,False,False
1348500,Non-casualty (towaway),Non-casualty (towaway),2024,2024,April,Tuesday,20:00 - 21:59,GREAT WESTERN,HWY,0,Right on the spot,HAWKESBURY,RD,WESTMEAD,5.0,No,Not a school zone,X-intersection,-33.817889,150.981863,Cumberland,Sydney metro. area,Syd-Newc-Woll Gtr conurbation,Straight,,,,Unknown / not stated,Sealed,Wet,Raining,Darkness,On,No traffic controls,60 km/h,State,21,Right through,202,Opp - Right-thru,,Other angle,Car (sedan/hatch),Car (sedan/hatch),2,0,0,0,0,4,April,Autumn,Tuesday,20:00 - 21:59,Evening / night,False,False,False,False
1348503,Non-casualty (towaway),Non-casualty (towaway),2024,2024,April,Friday,12:00 - 13:59,LORDS,PL,42,South,SUMMER,ST,ORANGE,,No,Not a school zone,Divided road,-33.284195,149.101099,Orange,Country urban,Rest of NSW - Urban,Straight,,,,Unknown / not stated,Sealed,Wet,Raining,Daylight,Nil,No traffic controls,40 km/h,Local,33,Lane sideswipe,305,Same - Lane side swipe,,Other angle,Car (sedan/hatch),4 wheel drive / SUV,2,0,0,0,0,4,April,Autumn,Friday,12:00 - 13:59,Midday / afternoon,False,False,False,False
1348505,Non-casualty (towaway),Non-casualty (towaway),2024,2024,April,Monday,16:00 - 17:59,HUME,HWY,2500,North,LERIDA,RD,BREADALBANE,2.0,No,Not a school zone,2-way undivided,-34.815909,149.428407,Upper Lachlan,Country non-urban,Rest of NSW - Rural,Straight,,,,Unknown / not stated,Sealed,Dry,Fine,Daylight,Nil,No traffic controls,110 km/h,State,71,Off rd left => obj,703,Left off cway into object,,Vehicle - Object,Car (sedan/hatch),,1,0,0,0,0,4,April,Autumn,Monday,16:00 - 17:59,PM peak / evening commute,True,False,False,False
1348507,Non-casualty (towaway),Non-casualty (towaway),2024,2024,March,Friday,18:00 - 19:59,PACIFIC,HWY,379,North,GOLD COAST HIGHWAY,OP,TWEED HEADS WEST,10.0,No,Not a school zone,Divided road,-28.177868,153.517698,Tweed,Country non-urban,Rest of NSW - Rural,Curved,,,,Unknown / not stated,Sealed,Wet,Raining,Daylight,Nil,No traffic controls,100 km/h,State,30,Rear end,301,Same - Rear end,,Rear end,B-double (road train prior 98),Light truck utility(from 2018),2,0,0,0,0,3,March,Autumn,Friday,18:00 - 19:59,PM peak / evening commute,True,False,False,False
1348508,Non-casualty (towaway),Non-casualty (towaway),2024,2024,March,Monday,16:00 - 17:59,HENRY LAWSON,DR,70,West,HERVEY,ST,GEORGES HALL,508.0,No,Not a school zone,2-way undivided,-33.91021,150.979186,Canterbury-Bankstown,Sydney metro. area,Syd-Newc-Woll Gtr conurbation,Straight,,,,Unknown / not stated,Sealed,Dry,Fine,Dusk,Nil,No traffic controls,60 km/h,State,39,Other same direction,300,Same - other,,Other angle,4 wheel drive / SUV,Car (sedan/hatch),2,0,0,0,0,3,March,Autumn,Monday,16:00 - 17:59,PM peak / evening commute,True,False,False,False
1348509,Non-casualty (towaway),Non-casualty (towaway),2024,2024,April,Saturday,08:00 - 09:59,HENRY LAWSON,DR,40,South,THE RIVER,RD,PICNIC POINT,508.0,No,Not a school zone,2-way undivided,-33.974659,151.016977,Canterbury-Bankstown,Sydney metro. area,Syd-Newc-Woll Gtr conurbation,Curved,,,,Unknown / not stated,Sealed,Wet,Raining,Daylight,Nil,No traffic controls,60 km/h,State,81,Off left/rt bnd=>obj,803,Off right bend into obj,Left,Vehicle - Object,Car (sedan/hatch),,1,0,0,0,0,4,April,Autumn,Saturday,08:00 - 09:59,AM peak / school commute,True,False,False,False
1348513,Non-casualty (towaway),Non-casualty (towaway),2024,2024,March,Sunday,18:00 - 19:59,GREAT WESTERN,HWY,0,Right on the spot,HARE,ST,GLENBROOK,5.0,No,Not a school zone,T-junction,-33.764741,150.619779,Blue Mountains,Country urban,Syd-Newc-Woll Gtr conurbation,Straight,,,,Unknown / not stated,Sealed,Dry,Fine,Dusk,On,No traffic controls,80 km/h,State,30,Rear end,301,Same - Rear end,,Rear end,4 wheel drive / SUV,4 wheel drive / SUV,3,0,0,0,0,3,March,Autumn,Sunday,18:00 - 19:59,PM peak / evening commute,True,False,False,False
1348516,Non-casualty (towaway),Non-casualty (towaway),2024,2024,March,Friday,20:00 - 21:59,CASTLEREAGH,HWY,20,North,ARTHURSLEIGH,RD,GILGANDRA,18.0,No,Not a school zone,2-way undivided,-31.659141,148.631902,Gilgandra,Country non-urban,Rest of NSW - Rural,Curved,,,,Unknown / not stated,Sealed,Dry,Fine,Dusk,Nil,No traffic controls,110 km/h,State,67,Struck animal,609,On path - Hit animal,,Vehicle - Animal,Station wagon,,1,0,0,0,0,3,March,Autumn,Friday,20:00 - 21:59,Evening / night,False,False,False,False