crash_id,degree_of_crash,degree_of_crash_-_detailed,reporting_year,year_of_crash,month_of_crash,day_of_week_of_crash,two-hour_intervals,street_of_crash,street_type,distance,direction,identifying_feature,identifying_feature_type,town,route_no.,school_zone_location,school_zone_active,type_of_location,latitude,longitude,lga,urbanisation,conurbation_1,alignment,primary_permanent_feature,primary_temporary_feature,primary_hazardous_feature,street_lighting,road_surface,surface_condition,weather,natural_lighting,signals_operation,other_traffic_control,speed_limit,road_classification_(admin),rum_-_code,rum_-_description,dca_-_code,dca_-_description,dca_supplement,first_impact_type,key_tu_type,other_tu_type,no._of_traffic_units_involved,no._killed,no._seriously_injured,no._moderately_injured,no._minor-other_injured,month_num,month_label,season,day_label,time_label,time_band,is_peak_commute,is_fatal,is_injury,is_casualty
1348520,Non-casualty (towaway),Non-casualty (towaway),2024,2024,March,Saturday,10:00 - 11:59,WINE COUNTRY,DR,0,Right on the spot,NUMBER 305,HN,NULKABA,220.0,No,Not a school zone,2-way undivided,-32.793921,151.349033,Cessnock,Country urban,Rest of NSW - Urban,Straight,Driveway/entrance,,,Unknown / not stated,Sealed,Dry,Fine,Daylight,Nil,No traffic controls,80 km/h,State,53,Overtake turning,506,Ovtak - Overtaking right turn,,Other angle,4 wheel drive / SUV,4 wheel drive / SUV,2,0,0,0,0,3,March,Autumn,Saturday,10:00 - 11:59,Midday / afternoon,False,False,False,False
1348598,Non-casualty (towaway),Non-casualty (towaway),2024,2024,January,Thursday,14:00 - 15:59,HEATHCOTE,RD,0,Right on the spot,COLES EXPRESS SERVICE,ENT,WATTLE GROVE,512.0,No,Not a school zone,Divided road,-33.946326,150.947344,Liverpool,Sydney metro. area,Syd-Newc-Woll Gtr conurbation,Straight,Driveway/entrance,,,Nil,Sealed,Dry,Fine,Daylight,Nil,No traffic controls,60 km/h,State,47,Emerging from drive,406,Manov - Emerging from driveway,,Right angle,Large rigid,Station wagon,2,0,0,0,0,1,January,Summer,Thursday,14:00 - 15:59,Midday / afternoon,False,False,False,False
1348625,Non-casualty (towaway),Non-casualty (towaway),2024,2024,February,Thursday,18:00 - 19:59,CLIVE,ST,0,Right on the spot,EAST,ST,TENTERFIELD,,No,Not a school zone,L-junction,-29.062557,152.026239,Tenterfield,Country urban,Rest of NSW - Urban,Curved,,,,Off,Unsealed,Dry,Fine,Dusk,Nil,No traffic controls,50 km/h,Local,81,Off left/rt bnd=>obj,803,Off right bend into obj,Left,Vehicle - Object,Motorcycle,,1,0,0,0,0,2,February,Summer,Thursday,18:00 - 19:59,PM peak / evening commute,True,False,False,False
1348631,Non-casualty (towaway),Non-casualty (towaway),2024,2024,February,Thursday,12:00 - 13:59,STONEY CREEK,RD,20,West,STEPHEN,ST,BEVERLY HILLS,665.0,No,Not a school zone,2-way undivided,-33.956467,151.076628,Georges River,Sydney metro. area,Syd-Newc-Woll Gtr conurbation,Straight,,,,Nil,Sealed,Dry,Fine,Daylight,Nil,No traffic controls,60 km/h,State,35,Lane change left,307,Same - Lane change left,,Other angle,Car (sedan/hatch),Car (sedan/hatch),3,0,0,0,0,2,February,Summer,Thursday,12:00 - 13:59,Midday / afternoon,False,False,False,False
1348637,Non-casualty (towaway),Non-casualty (towaway),2024,2024,February,Friday,08:00 - 09:59,COBBITTY,RD,0,Right on the spot,NUMBER 275,HN,COBBITTY,,No,Not a school zone,2-way undivided,-34.015236,150.682076,Camden,Sydney metro. area,Syd-Newc-Woll Gtr conurbation,Straight,,,,Off,Sealed,Dry,Fine,Daylight,Nil,No traffic controls,60 km/h,Local,71,Off rd left => obj,703,Left off cway into object,,Vehicle - Object,Other bus,,1,0,0,0,0,2,February,Summer,Friday,08:00 - 09:59,AM peak / school commute,True,False,False,False
1348684,Non-casualty (towaway),Non-casualty (towaway),2024,2024,March,Monday,10:00 - 11:59,WARRINGAH,RD,0,Right on the spot,NUMBER 11A,HN,BROOKVALE,328.0,No,Not a school zone,2-way undivided,-33.757335,151.277499,Northern Beaches,Sydney metro. area,Syd-Newc-Woll Gtr conurbation,Straight,Steep grade,,,Off,Sealed,Dry,Fine,Daylight,Nil,No traffic controls,60 km/h,State,30,Rear end,301,Same - Rear end,,Rear end,4 wheel drive / SUV,Light truck utility(from 2018),2,0,0,0,0,3,March,Autumn,Monday,10:00 - 11:59,Midday / afternoon,False,False,False,False
1348685,Non-casualty (towaway),Non-casualty (towaway),2024,2024,March,Friday,14:00 - 15:59,HINCHINBROOK,DR,20,East,MAGNETIC,AVE,HINCHINBROOK,,No,Not a school zone,2-way undivided,-33.91569,150.861028,Liverpool,Sydney metro. area,Syd-Newc-Woll Gtr conurbation,Curved,,,,Off,Sealed,Dry,Fine,Daylight,Nil,No traffic controls,50 km/h,Local,87,Off lft/lft bnd=>obj,804,Off left bend into obj,Left,Other angle,Car (sedan/hatch),Passenger van,3,0,0,0,0,3,March,Autumn,Friday,14:00 - 15:59,Midday / afternoon,False,False,False,False
1348706,Non-casualty (towaway),Non-casualty (towaway),2024,2024,March,Wednesday,14:00 - 15:59,RICHMOND,RD,100,South,HAWTHORNE,AVE,MARSDEN PARK,537.0,No,Not a school zone,Divided road,-33.712859,150.842375,Blacktown,Sydney metro. area,Syd-Newc-Woll Gtr conurbation,Straight,,,,On,Sealed,Dry,Fine,Daylight,Nil,No traffic controls,80 km/h,State,33,Lane sideswipe,305,Same - Lane side swipe,,Other angle,Light truck utility(from 2018),Station wagon,2,0,0,0,0,3,March,Autumn,Wednesday,14:00 - 15:59,Midday / afternoon,False,False,False,False
1348708,Non-casualty (towaway),Non-casualty (towaway),2024,2024,March,Sunday,14:00 - 15:59,NEWMANS,RD,0,Right on the spot,NUMBER 50,HN,WOOLGOOLGA,,No,Not a school zone,2-way undivided,-30.107658,153.184377,Coffs Harbour,Country urban,Rest of NSW - Urban,Straight,,,,Nil,Sealed,Wet,Raining,Daylight,Nil,No traffic controls,50 km/h,Local,71,Off rd left => obj,703,Left off cway into object,,Other angle,Car (sedan/hatch),Car (sedan/hatch),2,0,0,0,0,3,March,Autumn,Sunday,14:00 - 15:59,Midday / afternoon,False,False,False,False
1348723,Non-casualty (towaway),Non-casualty (towaway),2024,2024,February,Monday,06:00 - 07:59,RICKARD,ST,60,South,BRIGHTON,ST,BALGOWLAH,,No,Not a school zone,2-way undivided,-33.79263,151.259622,Northern Beaches,Sydney metro. area,Syd-Newc-Woll Gtr conurbation,Straight,Steep grade,,,Nil,Sealed,Dry,Fine,Daylight,Nil,No traffic controls,50 km/h,Local,71,Off rd left => obj,703,Left off cway into object,,Other angle,Large rigid,Light truck,2,0,0,0,0,2,February,Summer,Monday,06:00 - 07:59,AM peak / school commute,True,False,False,False
1348734,Non-casualty (towaway),Non-casualty (towaway),2024,2024,January,Thursday,00:01 - 01:59,HUME,HWY,2780,North,MEDWAY ROAD,OP,MEDWAY,2.0,No,Not a school zone,Dual freeway,-34.475393,150.32168,Wingecarribee,Country non-urban,Rest of NSW - Rural,Straight,Other bridge,,,Nil,Sealed,Dry,Fine,Darkness,Nil,No traffic controls,110 km/h,State,71,Off rd left => obj,703,Left off cway into object,,Vehicle - Object,4 wheel drive / SUV,,1,0,0,0,0,1,January,Summer,Thursday,00:01 - 01:59,Late night / early morning,False,False,False,False
1348735,Non-casualty (towaway),Non-casualty (towaway),2024,2024,April,Tuesday,08:00 - 09:59,BOONAL,ST,0,Right on the spot,KENNEDY,ST,SINGLETON,,No,Not a school zone,X-intersection,-32.57058,151.183725,Singleton,Country urban,Rest of NSW - Urban,Straight,,,,Nil,Sealed,Dry,Fine,Daylight,Nil,Give way sign,50 km/h,Local,10,Cross traffic,101,Adj - Cross traffic,,Right angle,4 wheel drive / SUV,Car (sedan/hatch),2,0,0,0,0,4,April,Autumn,Tuesday,08:00 - 09:59,AM peak / school commute,True,False,False,False
1348745,Non-casualty (towaway),Non-casualty (towaway),2024,2024,March,Saturday,00:01 - 01:59,CARLTON,CRES,0,Right on the spot,LACKEY,ST,SUMMER HILL,2028.0,No,Not a school zone,T-junction,-33.890441,151.138524,Inner West,Sydney metro. area,Syd-Newc-Woll Gtr conurbation,Curved,,,,On,Sealed,Dry,Fine,Darkness,On,No traffic controls,50 km/h,Regional,87,Off lft/lft bnd=>obj,804,Off left bend into obj,Left,Vehicle - Object,Car (sedan/hatch),,1,0,0,0,0,3,March,Autumn,Saturday,00:01 - 01:59,Late night / early morning,False,False,False,False
1348759,Non-casualty (towaway),Non-casualty (towaway),2024,2024,April,Wednesday,00:01 - 01:59,PRINCES,HWY,400,North,SHELLHARBOUR ROAD,TO,CROOM,1.0,No,Not a school zone,Divided road,-34.583193,150.840691,Shellharbour,Wollongong met. area,Syd-Newc-Woll Gtr conurbation,Curved,,,,Nil,Sealed,Dry,Fine,Darkness,Nil,No traffic controls,100 km/h,State,81,Off left/rt bnd=>obj,803,Off right bend into obj,Left,Vehicle - Object,Car (sedan/hatch),,1,0,0,0,0,4,April,Autumn,Wednesday,00:01 - 01:59,Late night / early morning,False,False,False,False
1348763,Non-casualty (towaway),Non-casualty (towaway),2024,2024,March,Friday,08:00 - 09:59,PACIFIC,HWY,0,Right on the spot,BYRON,ST,BANGALOW,10.0,No,Not a school zone,Roundabout,-28.681969,153.533522,Byron,Country urban,Rest of NSW - Urban,Straight,Steep grade,,,Off,Sealed,Wet,Fine,Daylight,Nil,Give way sign,50 km/h,State,73,Off rd rght => obj,704,Right off cway into obj,,Vehicle - Object,Car (sedan/hatch),,1,0,0,0,0,3,March,Autumn,Friday,08:00 - 09:59,AM peak / school commute,True,False,False,False
1348769,Non-casualty (towaway),Non-casualty (towaway),2024,2024,April,Sunday,10:00 - 11:59,WYRALLAH,RD,100,South,RIVER BANK,RD,MONALTRIE,7742.0,No,Not a school zone,2-way undivided,-28.86558,153.29489,Lismore,Country urban,Rest of NSW - Urban,Curved,,,,Nil,Sealed,Wet,Overcast,Daylight,Nil,No traffic controls,80 km/h,Regional,87,Off lft/lft bnd=>obj,804,Off left bend into obj,Left,Vehicle - Object,4 wheel drive / SUV,,1,0,0,0,0,4,April,Autumn,Sunday,10:00 - 11:59,Midday / afternoon,False,False,False,False
1348771,Non-casualty (towaway),Non-casualty (towaway),2024,2024,April,Friday,04:00 - 05:59,WILLOW,RD,0,Right on the spot,NUMBER 19,HN,GATESHEAD,,No,Not a school zone,2-way undivided,-32.981642,151.683179,Lake Macquarie,Newcastle met. area,Syd-Newc-Woll Gtr conurbation,Curved,Painted double centre lines,,,Nil,Sealed,Dry,Fine,Darkness,Nil,No traffic controls,50 km/h,Local,85,Off rt/lft bnd=>obj,804,Off left bend into obj,Right,Other angle,Car (sedan/hatch),Car (sedan/hatch),3,0,0,0,0,4,April,Autumn,Friday,04:00 - 05:59,Late night / early morning,False,False,False,False
1348808,Non-casualty (towaway),Non-casualty (towaway),2024,2024,April,Friday,16:00 - 17:59,THUNDERBOLTS,WAY,5000,North,BUNDARRA,TN,BUNDARRA,73.0,No,Not a school zone,2-way undivided,-30.118438,151.081938,Inverell,Country non-urban,Rest of NSW - Rural,Straight,Ditch/drain/culvert,,,Nil,Sealed,Wet,Raining,Daylight,Nil,No traffic controls,100 km/h,Regional,71,Off rd left => obj,703,Left off cway into object,,Vehicle - Object,Utility,,1,0,0,0,0,4,April,Autumn,Friday,16:00 - 17:59,PM peak / evening commute,True,False,False,False
1348820,Non-casualty (towaway),Non-casualty (towaway),2024,2024,March,Thursday,10:00 - 11:59,KING,ST,0,Right on the spot,PATERSON SERVICE,SN,PATERSON,101.0,No,Not a school zone,2-way undivided,-32.599148,151.617989,Dungog,Country urban,Rest of NSW - Urban,Straight,Driveway/entrance,,,Off,Sealed,Dry,Fine,Daylight,Nil,No traffic controls,50 km/h,Regional,47,Emerging from drive,406,Manov - Emerging from driveway,,Right angle,Light truck utility(from 2018),Light truck utility(from 2018),2,0,0,0,0,3,March,Autumn,Thursday,10:00 - 11:59,Midday / afternoon,False,False,False,False
1348828,Non-casualty (towaway),Non-casualty (towaway),2024,2024,March,Thursday,14:00 - 15:59,VINEGAROY,RD,5000,South,COOLAH,TN,COOLAH,618.0,No,Not a school zone,2-way undivided,-31.855979,149.761755,Warrumbungle,Country non-urban,Rest of NSW - Rural,Straight,,,Other hazardous feature,Nil,Sealed,Wet,Raining,Daylight,Nil,No traffic controls,100 km/h,Regional,70,Off road to left,701,Off carriageway to left,,Rollover,Car (sedan/hatch),,1,0,0,0,0,3,March,Autumn,Thursday,14:00 - 15:59,Midday / afternoon,False,False,False,False
1348829,Non-casualty (towaway),Non-casualty (towaway),2024,2024,March,Monday,08:00 - 09:59,OLD SOUTH HEAD,RD,0,Right on the spot,FERNLEIGH,AVE,ROSE BAY,339.0,No,Not a school zone,T-junction,-33.869116,151.276997,Waverley,Sydney metro. area,Syd-Newc-Woll Gtr conurbation,Curved,Steep grade,,,Nil,Sealed,Dry,Fine,Daylight,Nil,No traffic controls,50 km/h,State,20,Head on,201,Opp - Head on,,Head-on,4 wheel drive / SUV,Other bus,2,0,0,0,0,3,March,Autumn,Monday,08:00 - 09:59,AM peak / school commute,True,False,False,False
1348833,Non-casualty (towaway),Non-casualty (towaway),2024,2024,March,Saturday,20:00 - 21:59,M2 HILLS,EXP,50,East,BEECROFT,RD,CHELTENHAM,6002.0,No,Not a school zone,Other,-33.764218,151.082292,Parramatta,Sydney metro. area,Syd-Newc-Woll Gtr conurbation,Curved,,,,Nil,Sealed,Dry,Fine,Darkness,Nil,No traffic controls,60 km/h,State,87,Off lft/lft bnd=>obj,804,Off left bend into obj,Left,Vehicle - Object,Light truck utility(from 2018),,1,0,0,0,0,3,March,Autumn,Saturday,20:00 - 21:59,Evening / night,False,False,False,False
1348838,Non-casualty (towaway),Non-casualty (towaway),2024,2024,April,Saturday,10:00 - 11:59,CENTENARY,DR,500,North,HUME HIGHWAY,OP,STRATHFIELD,200.0,No,Not a school zone,Divided road,-33.881494,151.069161,Strathfield,Sydney metro. area,Syd-Newc-Woll Gtr conurbation,Straight,,,,Nil,Sealed,Wet,Fine,Daylight,Nil,No traffic controls,70 km/h,State,30,Rear end,301,Same - Rear end,,Rear end,Unknown motor vehicle,Light truck,2,0,0,0,0,4,April,Autumn,Saturday,10:00 - 11:59,Midday / afternoon,False,False,False,False
1348847,Non-casualty (towaway),Non-casualty (towaway),2024,2024,March,Tuesday,20:00 - 21:59,HILLCREST,AVE,0,Right on the spot,LANSDOWNE,ST,HURSTVILLE GROVE,7006.0,No,Not a school zone,X-intersection,-33.974068,151.091942,Georges River,Sydney metro. area,Syd-Newc-Woll Gtr conurbation,Straight,,,,On,Sealed,Dry,Fine,Darkness,Nil,Stop sign,50 km/h,Regional,21,Right through,202,Opp - Right-thru,,Other angle,Light truck utility(from 2018),4 wheel drive / SUV,2,0,0,0,0,3,March,Autumn,Tuesday,20:00 - 21:59,Evening / night,False,False,False,False
1348852,Non-casualty (towaway),Non-casualty (towaway),2024,2024,March,Friday,10:00 - 11:59,M2 HILLS,EXP,300,East,CUMBERLAND,HWY,BEECROFT,6002.0,No,Not a school zone,Other,-33.758488,151.052281,Parramatta,Sydney metro. area,Syd-Newc-Woll Gtr conurbation,Straight,Steep grade,,,Off,Sealed,Dry,Fine,Daylight,Nil,No traffic controls,70 km/h,State,30,Rear end,301,Same - Rear end,,Rear end,Light truck,Car (sedan/hatch),4,0,0,0,0,3,March,Autumn,Friday,10:00 - 11:59,Midday / afternoon,False,False,False,False
1348854,Non-casualty (towaway),Non-casualty (towaway),2024,2024,January,Monday,14:00 - 15:59,SIR BERTRAM STEVENS,DR,1000,North,BUNDEENA,DR,ROYAL NATIONAL PARK,393.0,No,Not a school zone,2-way undivided,-34.121695,151.078974,Sutherland,Sydney metro. area,Syd-Newc-Woll Gtr conurbation,Curved,,,,Nil,Sealed,Dry,Fine,Daylight,Nil,No traffic controls,80 km/h,State,54,Cutting in,504,Ovtak - Cutting in,,Other angle,Car (sedan/hatch),Light truck utility(from 2018),2,0,0,0,0,1,January,Summer,Monday,14:00 - 15:59,Midday / afternoon,False,False,False,False
1348855,Non-casualty (towaway),Non-casualty (towaway),2024,2024,February,Friday,16:00 - 17:59,THE HORSLEY,DR,50,South,CUNNINGHAME,ST,FAIRFIELD,609.0,Yes,No,2-way undivided,-33.865435,150.955301,Fairfield,Sydney metro. area,Syd-Newc-Woll Gtr conurbation,Straight,,,,Off,Sealed,Dry,Fine,Daylight,Nil,No traffic controls,60 km/h,State,34,Lane change right,306,Same - Lane change right,,Other angle,Car (sedan/hatch),Car (sedan/hatch),2,0,0,0,0,2,February,Summer,Friday,16:00 - 17:59,PM peak / evening commute,True,False,False,False
1348863,Non-casualty (towaway),Non-casualty (towaway),2024,2024,April,Tuesday,10:00 - 11:59,BESSIE,ST,0,Right on the spot,OLD LILYPOOL,RD,SOUTH GRAFTON,,No,Not a school zone,T-junction,-29.736884,152.944321,Clarence Valley,Country urban,Rest of NSW - Urban,Curved,Crest,Police pursuit,"Loose gravel, sealed",Nil,Sealed,Dry,Fine,Daylight,Nil,No traffic controls,60 km/h,Local,85,Off rt/lft bnd=>obj,804,Off left bend into obj,Right,Vehicle - Object,Car (sedan/hatch),,1,0,0,0,0,4,April,Autumn,Tuesday,10:00 - 11:59,Midday / afternoon,False,False,False,False
1348869,Non-casualty (towaway),Non-casualty (towaway),2024,2024,February,Sunday,08:00 - 09:59,MANILLA,RD,0,Right on the spot,MANILLA TIP,RD,MANILLA,63.0,No,Not a school zone,T-junction,-30.722129,150.710439,Tamworth Regional,Country non-urban,Rest of NSW - Rural,Straight,,,,Nil,Sealed,Dry,Fine,Daylight,Nil,No traffic controls,100 km/h,State,53,Overtake turning,506,Ovtak - Overtaking right turn,,Other angle,4 wheel drive / SUV,Light truck utility(from 2018),2,0,0,0,0,2,February,Summer,Sunday,08:00 - 09:59,AM peak / school commute,True,False,False,False
1348873,Non-casualty (towaway),Non-casualty (towaway),2024,2024,April,Saturday,16:00 - 17:59,HYMAN,ST,0,Right on the spot,PIPER,ST,NORTH TAMWORTH,,No,Not a school zone,X-intersection,-31.07866,150.93212,Tamworth Regional,Country urban,Rest of NSW - Urban,Straight,,,,Nil,Sealed,Dry,Fine,Daylight,Nil,Stop sign,50 km/h,Local,10,Cross traffic,101,Adj - Cross traffic,,Right angle,Light truck utility(from 2018),Light truck utility(from 2018),2,0,0,0,0,4,April,Autumn,Saturday,16:00 - 17:59,PM peak / evening commute,True,False,False,False
1348882,Non-casualty (towaway),Non-casualty (towaway),2024,2024,March,Monday,02:00 - 03:59,NELSON BAY,RD,2000,East,STEEL,ST,WILLIAMTOWN,108.0,No,Not a school zone,2-way undivided,-32.803462,151.88132,Port Stephens,Country urban,Rest of NSW - Urban,Curved,Embankment/cutting,,,On,Sealed,Dry,Fine,Darkness,Nil,No traffic controls,80 km/h,State,20,Head on,201,Opp - Head on,,Head-on,4 wheel drive / SUV,Large rigid,2,0,0,0,0,3,March,Autumn,Monday,02:00 - 03:59,Late night / early morning,False,False,False,False
1348892,Non-casualty (towaway),Non-casualty (towaway),2024,2024,February,Thursday,00:01 - 01:59,VICTORIA,ST,35,North,HOPETOUN,ST,KURRI KURRI,588.0,No,Not a school zone,Divided road,-32.820469,151.48457,Cessnock,Country urban,Rest of NSW - Urban,Straight,,,,On,Sealed,Dry,Fine,Darkness,Nil,No traffic controls,60 km/h,State,71,Off rd left => obj,703,Left off cway into object,,Vehicle - Object,Car (sedan/hatch),,1,0,0,0,0,2,February,Summer,Thursday,00:01 - 01:59,Late night / early morning,False,False,False,False
1348907,Non-casualty (towaway),Non-casualty (towaway),2024,2024,March,Thursday,22:00 - Midnight,BRISBANE,ST,40,North,PERTH,AVE,EAST MAITLAND,,No,Not a school zone,2-way undivided,-32.760232,151.586059,Maitland,Country urban,Rest of NSW - Urban,Straight,Steep grade,,,On,Sealed,Dry,Fine,Darkness,Nil,No traffic controls,50 km/h,Local,71,Off rd left => obj,703,Left off cway into object,,Other angle,4 wheel drive / SUV,4 wheel drive / SUV,4,0,0,0,0,3,March,Autumn,Thursday,22:00 - Midnight,Evening / night,False,False,False,False
1348911,Non-casualty (towaway),Non-casualty (towaway),2024,2024,April,Friday,08:00 - 09:59,COOPER,ST,30,West,LEICESTER,AVE,STRATHFIELD,,No,Not a school zone,2-way undivided,-33.869598,151.092245,Canada Bay,Sydney metro. area,Syd-Newc-Woll Gtr conurbation,Curved,,,,Unknown / not stated,Sealed,Unknown,Unknown,Daylight,Nil,No traffic controls,50 km/h,Local,83,Off rt/rt bnd=>obj,803,Off right bend into obj,Right,Vehicle - Object,Utility,,1,0,0,0,0,4,April,Autumn,Friday,08:00 - 09:59,AM peak / school commute,True,False,False,False
1348936,Non-casualty (towaway),Non-casualty (towaway),2024,2024,April,Wednesday,08:00 - 09:59,NEWCASTLE,RD,0,Right on the spot,NEWCASTLE INNER CITY,BYPA,JESMOND,82.0,No,Not a school zone,Roundabout,-32.906008,151.692943,Newcastle,Newcastle met. area,Syd-Newc-Woll Gtr conurbation,Curved,,Roadwks/Detour/Diverson,,Nil,Sealed,Dry,Fine,Daylight,Nil,Give way sign,40 km/h,State,13,Right near,104,Adj - Right-thru from right,,Right angle,Car (sedan/hatch),Unknown motor vehicle,2,0,0,0,0,4,April,Autumn,Wednesday,08:00 - 09:59,AM peak / school commute,True,False,False,False
1348943,Non-casualty (towaway),Non-casualty (towaway),2024,2024,March,Saturday,18:00 - 19:59,CHAPEL,ST,50,East,QUEEN,ST,ST MARYS,,No,Not a school zone,2-way undivided,-33.76685,150.774552,Penrith,Sydney metro. area,Syd-Newc-Woll Gtr conurbation,Straight,,,,Nil,Sealed,Dry,Fine,Daylight,Nil,No traffic controls,40 km/h,Local,41,U turn into object,207,Opp - U-turn,,Other angle,Car (sedan/hatch),Car (sedan/hatch),2,0,0,0,0,3,March,Autumn,Saturday,18:00 - 19:59,PM peak / evening commute,True,False,False,False
1348956,Non-casualty (towaway),Non-casualty (towaway),2024,2024,April,Thursday,14:00 - 15:59,HALLORAN,WAY,0,Right on the spot,LAKEVIEW,CRES,RAYMOND TERRACE,,No,Not a school zone,L-junction,-32.755689,151.772231,Port Stephens,Country urban,Rest of NSW - Urban,Curved,,,,Off,Sealed,Wet,Raining,Daylight,Nil,No traffic controls,50 km/h,Local,81,Off left/rt bnd=>obj,803,Off right bend into obj,Left,Vehicle - Object,Car (sedan/hatch),,1,0,0,0,0,4,April,Autumn,Thursday,14:00 - 15:59,Midday / afternoon,False,False,False,False
1348958,Non-casualty (towaway),Non-casualty (towaway),2024,2024,April,Thursday,22:00 - Midnight,TRITON,BVD,100,East,BENDEICH,DR,NORTH ROTHBURY,,No,Not a school zone,Divided road,-32.678365,151.358772,Cessnock,Country urban,Rest of NSW - Urban,Straight,,,,On,Sealed,Wet,Raining,Darkness,Nil,No traffic controls,50 km/h,Local,73,Off rd rght => obj,704,Right off cway into obj,,Vehicle - Object,Light truck utility(from 2018),,2,0,0,0,0,4,April,Autumn,Thursday,22:00 - Midnight,Evening / night,False,False,False,False
1348962,Non-casualty (towaway),Non-casualty (towaway),2024,2024,March,Saturday,04:00 - 05:59,DEL MONTE,PL,200,East,SEGURA,ST,COPACABANA,,No,Not a school zone,2-way undivided,-33.491081,151.438191,Central Coast,Country urban,Syd-Newc-Woll Gtr conurbation,Curved,Steep grade,,,On,Sealed,Dry,Fine,Darkness,Nil,No traffic controls,50 km/h,Local,83,Off rt/rt bnd=>obj,803,Off right bend into obj,Right,Other angle,Light truck utility(from 2018),4 wheel drive / SUV,3,0,0,0,0,3,March,Autumn,Saturday,04:00 - 05:59,Late night / early morning,False,False,False,False
1348972,Non-casualty (towaway),Non-casualty (towaway),2024,2024,March,Monday,16:00 - 17:59,JAMES RUSE,DR,20,North,RIVER,RD,PARRAMATTA,309.0,No,Not a school zone,2-way undivided,-33.816671,151.022146,Parramatta,Sydney metro. area,Syd-Newc-Woll Gtr conurbation,Straight,,,,Nil,Sealed,Dry,Fine,Daylight,Nil,No traffic controls,70 km/h,State,35,Lane change left,307,Same - Lane change left,,Other angle,Unknown motor vehicle,Car (sedan/hatch),2,0,0,0,0,3,March,Autumn,Monday,16:00 - 17:59,PM peak / evening commute,True,False,False,False
1348978,Non-casualty (towaway),Non-casualty (towaway),2024,2024,March,Thursday,16:00 - 17:59,DUNOLLY,RD,45,West,JOHN,ST,SINGLETON,7774.0,No,Not a school zone,2-way undivided,-32.560371,151.171298,Singleton,Country urban,Rest of NSW - Urban,Straight,Other bridge,,,Nil,Sealed,Dry,Fine,Daylight,Nil,No traffic controls,50 km/h,Regional,71,Off rd left => obj,703,Left off cway into object,,Vehicle - Object,Light truck utility(from 2018),,1,0,0,0,0,3,March,Autumn,Thursday,16:00 - 17:59,PM peak / evening commute,True,False,False,False
1348989,Non-casualty (towaway),Non-casualty (towaway),2024,2024,April,Thursday,18:00 - 19:59,NEW ENGLAND,HWY,0,Right on the spot,WEST,ST,GRETA,9.0,No,Not a school zone,X-intersection,-32.675754,151.387367,Cessnock,Country urban,Rest of NSW - Urban,Straight,,,,On,Sealed,Wet,Raining,Daylight,Nil,Stop sign,60 km/h,State,10,Cross traffic,101,Adj - Cross traffic,,Right angle,4 wheel drive / SUV,4 wheel drive / SUV,3,0,0,0,0,4,April,Autumn,Thursday,18:00 - 19:59,PM peak / evening commute,True,False,False,False
1348991,Non-casualty (towaway),Non-casualty (towaway),2024,2024,April,Sunday,06:00 - 07:59,LEXINGTON,PDE,10,South,ROSEMONT,ST,ADAMSTOWN HEIGHTS,,Yes,No,T-junction,-32.945899,151.708079,Newcastle,Newcastle met. area,Syd-Newc-Woll Gtr conurbation,Curved,,,,Off,Sealed,Dry,Fine,Daylight,Nil,Ped crossing,50 km/h,Local,81,Off left/rt bnd=>obj,803,Off right bend into obj,Left,Vehicle - Object,Light truck utility(from 2018),,1,0,0,0,0,4,April,Autumn,Sunday,06:00 - 07:59,AM peak / school commute,True,False,False,False
1348995,Non-casualty (towaway),Non-casualty (towaway),2024,2024,April,Friday,10:00 - 11:59,OXLEY,HWY,0,Right on the spot,DUBBO COONAMBLE RAILWAY,LX,GILGANDRA,11.0,No,Not a school zone,2-way undivided,-31.710354,148.652884,Gilgandra,Country urban,Rest of NSW - Urban,Straight,Railway level x,,,Nil,Sealed,Wet,Raining,Daylight,Nil,Rail X flashing sigs,60 km/h,State,92,Struck train,903,Hit train/aeroplane,,Vehicle - Train,Car (sedan/hatch),Train,2,0,0,0,0,4,April,Autumn,Friday,10:00 - 11:59,Midday / afternoon,False,False,False,False
1349006,Non-casualty (towaway),Non-casualty (towaway),2024,2024,March,Tuesday,16:00 - 17:59,BURWOOD,RD,0,Right on the spot,COLLINS,ST,BELMORE,7047.0,No,Not a school zone,T-junction,-33.918763,151.089084,Canterbury-Bankstown,Sydney metro. area,Syd-Newc-Woll Gtr conurbation,Straight,,,,Nil,Sealed,Dry,Fine,Daylight,Nil,Ped crossing,40 km/h,Regional,13,Right near,104,Adj - Right-thru from right,,Right angle,Large rigid,Light truck,2,0,0,0,0,3,March,Autumn,Tuesday,16:00 - 17:59,PM peak / evening commute,True,False,False,False