crash_id,degree_of_crash,degree_of_crash_-_detailed,reporting_year,year_of_crash,month_of_crash,day_of_week_of_crash,two-hour_intervals,street_of_crash,street_type,distance,direction,identifying_feature,identifying_feature_type,town,route_no.,school_zone_location,school_zone_active,type_of_location,latitude,longitude,lga,urbanisation,conurbation_1,alignment,primary_permanent_feature,primary_temporary_feature,primary_hazardous_feature,street_lighting,road_surface,surface_condition,weather,natural_lighting,signals_operation,other_traffic_control,speed_limit,road_classification_(admin),rum_-_code,rum_-_description,dca_-_code,dca_-_description,dca_supplement,first_impact_type,key_tu_type,other_tu_type,no._of_traffic_units_involved,no._killed,no._seriously_injured,no._moderately_injured,no._minor-other_injured,month_num,month_label,season,day_label,time_label,time_band,is_peak_commute,is_fatal,is_injury,is_casualty
1349007,Non-casualty (towaway),Non-casualty (towaway),2024,2024,April,Friday,10:00 - 11:59,GWYDIR,HWY,0,Right on the spot,ROSSLYN,ST,INVERELL,12.0,No,Not a school zone,X-intersection,-29.775492,151.105095,Inverell,Country urban,Rest of NSW - Urban,Straight,,,,Off,Sealed,Wet,Overcast,Daylight,Nil,Stop sign,50 km/h,State,13,Right near,104,Adj - Right-thru from right,,Right angle,4 wheel drive / SUV,Car (sedan/hatch),2,0,0,0,0,4,April,Autumn,Friday,10:00 - 11:59,Midday / afternoon,False,False,False,False
1349008,Non-casualty (towaway),Non-casualty (towaway),2024,2024,March,Friday,00:01 - 01:59,ERSKINE,LOOP,0,Right on the spot,WARE,ST,GOOGONG,,No,Not a school zone,T-junction,-35.419387,149.223947,Queanbeyan-Palerang Regional,Country urban,Rest of NSW - Urban,Straight,,,,Nil,Sealed,Dry,Fine,Darkness,Nil,No traffic controls,50 km/h,Local,81,Off left/rt bnd=>obj,707,Right turn,Left,Other angle,Car (sedan/hatch),Light truck utility(from 2018),2,0,0,0,0,3,March,Autumn,Friday,00:01 - 01:59,Late night / early morning,False,False,False,False
1349013,Non-casualty (towaway),Non-casualty (towaway),2024,2024,April,Friday,16:00 - 17:59,MITCHELL,HWY,0,Right on the spot,NORTH BURRABADINE,RD,DUBBO,7.0,No,Not a school zone,T-junction,-32.200449,148.522366,Dubbo Regional,Country non-urban,Rest of NSW - Rural,Straight,,,,Nil,Sealed,Wet,Raining,Daylight,Nil,No traffic controls,110 km/h,State,42,Leaving parking,401,Manov - Leaving parking,,Other angle,Light truck utility(from 2018),Light truck utility(from 2018),2,0,0,0,0,4,April,Autumn,Friday,16:00 - 17:59,PM peak / evening commute,True,False,False,False
1349092,Non-casualty (towaway),Non-casualty (towaway),2024,2024,February,Tuesday,14:00 - 15:59,STURT,HWY,0,Right on the spot,SILVER CITY,HWY,BURONGA,14.0,No,Not a school zone,Roundabout,-34.170874,142.180995,Wentworth,Country urban,Rest of NSW - Urban,Curved,,,,Off,Sealed,Dry,Overcast,Daylight,Nil,Give way sign,60 km/h,State,35,Lane change left,307,Same - Lane change left,,Other angle,Unknown motor vehicle,Car (sedan/hatch),2,0,0,0,0,2,February,Summer,Tuesday,14:00 - 15:59,Midday / afternoon,False,False,False,False
1349108,Non-casualty (towaway),Non-casualty (towaway),2024,2024,March,Tuesday,18:00 - 19:59,CANTERBURY,RD,0,Right on the spot,CLARIBEL,ST,BANKSTOWN,167.0,No,Not a school zone,T-junction,-33.935035,151.024601,Canterbury-Bankstown,Sydney metro. area,Syd-Newc-Woll Gtr conurbation,Straight,,,,Unknown / not stated,Sealed,Dry,Fine,Dusk,On,No traffic controls,60 km/h,State,21,Right through,202,Opp - Right-thru,,Other angle,Car (sedan/hatch),4 wheel drive / SUV,2,0,0,0,0,3,March,Autumn,Tuesday,18:00 - 19:59,PM peak / evening commute,True,False,False,False
1349140,Non-casualty (towaway),Non-casualty (towaway),2024,2024,March,Tuesday,18:00 - 19:59,CLARENCE,ST,0,Right on the spot,SEAVIEW TAVERN,PU,WOOLGOOLGA,,No,Not a school zone,2-way undivided,-30.113241,153.193131,Coffs Harbour,Country urban,Rest of NSW - Urban,Curved,,,,On,Sealed,Dry,Fine,Daylight,Nil,No traffic controls,50 km/h,Local,42,Leaving parking,401,Manov - Leaving parking,,Other angle,Car (sedan/hatch),4 wheel drive / SUV,2,0,0,0,0,3,March,Autumn,Tuesday,18:00 - 19:59,PM peak / evening commute,True,False,False,False
1349147,Non-casualty (towaway),Non-casualty (towaway),2024,2024,March,Wednesday,22:00 - Midnight,HOWARD,ST,0,Right on the spot,MEDLYN,ST,PARKES,,No,Not a school zone,T-junction,-33.147062,148.175411,Parkes,Country urban,Rest of NSW - Urban,Straight,,,,On,Sealed,Dry,Fine,Darkness,Nil,No traffic controls,50 km/h,Local,71,Off rd left => obj,703,Left off cway into object,,Other angle,Light truck utility(from 2018),Car (sedan/hatch),3,0,0,0,0,3,March,Autumn,Wednesday,22:00 - Midnight,Evening / night,False,False,False,False
1349152,Non-casualty (towaway),Non-casualty (towaway),2024,2024,March,Saturday,16:00 - 17:59,WEEMALA,CRES,0,Right on the spot,NUMBER 19,HN,BRADBURY,,No,Not a school zone,2-way undivided,-34.088723,150.821071,Campbelltown,Sydney metro. area,Syd-Newc-Woll Gtr conurbation,Curved,,,,Unknown / not stated,Sealed,Dry,Fine,Daylight,Nil,No traffic controls,50 km/h,Local,81,Off left/rt bnd=>obj,803,Off right bend into obj,Left,Vehicle - Object,Station wagon,,1,0,0,0,0,3,March,Autumn,Saturday,16:00 - 17:59,PM peak / evening commute,True,False,False,False
1349156,Non-casualty (towaway),Non-casualty (towaway),2024,2024,February,Monday,12:00 - 13:59,MORLEY,AVE,10,West,NUMBER 37,HN,ROSEBERY,,No,Not a school zone,2-way undivided,-33.915605,151.201193,Sydney,Sydney metro. area,Syd-Newc-Woll Gtr conurbation,Straight,Driveway/entrance,,,On,Sealed,Dry,Fine,Daylight,Nil,No traffic controls,40 km/h,Local,49,Other manoeuvring,400,Manov - other,,Other angle,4 wheel drive / SUV,Car (sedan/hatch),2,0,0,0,0,2,February,Summer,Monday,12:00 - 13:59,Midday / afternoon,False,False,False,False
1349157,Non-casualty (towaway),Non-casualty (towaway),2024,2024,March,Monday,14:00 - 15:59,FAIRFIELD,RD,0,Right on the spot,ALBERT,ST,GUILDFORD WEST,7222.0,No,Not a school zone,T-junction,-33.84359,150.963017,Cumberland,Sydney metro. area,Syd-Newc-Woll Gtr conurbation,Straight,Bus/transit lane,,,Off,Sealed,Dry,Fine,Daylight,Off,No traffic controls,60 km/h,Regional,10,Cross traffic,101,Adj - Cross traffic,,Right angle,Light truck,4 wheel drive / SUV,3,0,0,0,0,3,March,Autumn,Monday,14:00 - 15:59,Midday / afternoon,False,False,False,False
1349161,Non-casualty (towaway),Non-casualty (towaway),2024,2024,March,Friday,14:00 - 15:59,BOURKE,ST,0,Right on the spot,MCEVOY,ST,WATERLOO,528.0,No,Not a school zone,T-junction,-33.900811,151.209758,Sydney,Sydney metro. area,Syd-Newc-Woll Gtr conurbation,Straight,,,,Unknown / not stated,Sealed,Dry,Fine,Daylight,On,No traffic controls,50 km/h,State,21,Right through,202,Opp - Right-thru,,Other angle,Car (sedan/hatch),Motorcycle,2,0,0,0,0,3,March,Autumn,Friday,14:00 - 15:59,Midday / afternoon,False,False,False,False
1349162,Non-casualty (towaway),Non-casualty (towaway),2024,2024,February,Wednesday,14:00 - 15:59,PACIFIC,HWY,0,Right on the spot,OLD MAITLAND,RD,HEXHAM,10.0,No,Not a school zone,T-junction,-32.827965,151.684232,Newcastle,Newcastle met. area,Syd-Newc-Woll Gtr conurbation,Straight,,,,Unknown / not stated,Sealed,Dry,Fine,Daylight,On,No traffic controls,80 km/h,State,30,Rear end,301,Same - Rear end,,Rear end,Station wagon,Car (sedan/hatch),5,0,0,0,0,2,February,Summer,Wednesday,14:00 - 15:59,Midday / afternoon,False,False,False,False
1349189,Non-casualty (towaway),Non-casualty (towaway),2024,2024,March,Monday,10:00 - 11:59,PRINCES,HWY,100,South,NUMBER 93,ENT,BODALLA,1.0,No,Not a school zone,2-way undivided,-36.088541,150.050825,Eurobodalla,Country urban,Rest of NSW - Urban,Straight,Driveway/entrance,,,Off,Sealed,Dry,Fine,Daylight,Nil,No traffic controls,50 km/h,State,49,Other manoeuvring,400,Manov - other,,Other angle,Light truck utility(from 2018),4 wheel drive / SUV,2,0,0,0,0,3,March,Autumn,Monday,10:00 - 11:59,Midday / afternoon,False,False,False,False
1349191,Non-casualty (towaway),Non-casualty (towaway),2024,2024,April,Wednesday,16:00 - 17:59,HUME,HWY,300,South,RIVERINA HIGHWAY,OP,EAST ALBURY,2.0,No,Not a school zone,Divided road,-36.078053,146.926873,Albury,Country non-urban,Rest of NSW - Rural,Straight,,,,Unknown / not stated,Sealed,Dry,Fine,Dusk,Nil,No traffic controls,110 km/h,State,30,Rear end,301,Same - Rear end,,Rear end,Light truck utility(from 2018),4 wheel drive / SUV,2,0,0,0,0,4,April,Autumn,Wednesday,16:00 - 17:59,PM peak / evening commute,True,False,False,False
1349192,Non-casualty (towaway),Non-casualty (towaway),2024,2024,April,Thursday,14:00 - 15:59,CORELLA,ST,0,Right on the spot,UNION,RD,NORTH ALBURY,,No,Not a school zone,T-junction,-36.05268,146.934749,Albury,Country urban,Rest of NSW - Urban,Straight,,,,Unknown / not stated,Sealed,Dry,Fine,Daylight,Nil,No traffic controls,60 km/h,Local,21,Right through,202,Opp - Right-thru,,Other angle,Light truck utility(from 2018),4 wheel drive / SUV,2,0,0,0,0,4,April,Autumn,Thursday,14:00 - 15:59,Midday / afternoon,False,False,False,False
1349208,Non-casualty (towaway),Non-casualty (towaway),2024,2024,April,Monday,18:00 - 19:59,NEW BEACH,RD,0,Right on the spot,NUMBER 35,HN,DARLING POINT,,No,Not a school zone,2-way undivided,-33.873931,151.234554,Woollahra,Sydney metro. area,Syd-Newc-Woll Gtr conurbation,Straight,,,,Nil,Sealed,Dry,Fine,Dusk,Nil,No traffic controls,50 km/h,Local,44,Parking vehicles,403,Manov - Parking-parked vehicle,,Other angle,Light truck utility(from 2018),4 wheel drive / SUV,2,0,0,0,0,4,April,Autumn,Monday,18:00 - 19:59,PM peak / evening commute,True,False,False,False
1349228,Non-casualty (towaway),Non-casualty (towaway),2024,2024,April,Tuesday,12:00 - 13:59,CLIFFORD,ST,0,Right on the spot,COWPER,ST,GOULBURN,,No,Not a school zone,X-intersection,-34.750484,149.715693,Goulburn Mulwaree,Country urban,Rest of NSW - Urban,Straight,,,,Unknown / not stated,Sealed,Dry,Fine,Daylight,Nil,Give way sign,50 km/h,Local,10,Cross traffic,101,Adj - Cross traffic,,Right angle,Passenger van,4 wheel drive / SUV,2,0,0,0,0,4,April,Autumn,Tuesday,12:00 - 13:59,Midday / afternoon,False,False,False,False
1349232,Non-casualty (towaway),Non-casualty (towaway),2024,2024,April,Thursday,14:00 - 15:59,OXFORD,ST,0,Right on the spot,NUMBER 454,HN,PADDINGTON,172.0,Yes,No,Divided road,-33.887981,151.23143,Woollahra,Sydney metro. area,Syd-Newc-Woll Gtr conurbation,Straight,,,,Unknown / not stated,Sealed,Dry,Fine,Daylight,Nil,No traffic controls,50 km/h,State,35,Lane change left,307,Same - Lane change left,,Other angle,Coach,Station wagon,2,0,0,0,0,4,April,Autumn,Thursday,14:00 - 15:59,Midday / afternoon,False,False,False,False
1349238,Non-casualty (towaway),Non-casualty (towaway),2024,2024,April,Saturday,16:00 - 17:59,WICKHAM,ST,0,Right on the spot,BELLEVUE,ST,ARNCLIFFE,168.0,No,Not a school zone,T-junction,-33.939392,151.149907,Bayside,Sydney metro. area,Syd-Newc-Woll Gtr conurbation,Straight,,,,Unknown / not stated,Sealed,Dry,Fine,Daylight,Nil,No entry/wrong way,60 km/h,State,21,Right through,202,Opp - Right-thru,,Other angle,Car (sedan/hatch),Car (sedan/hatch),2,0,0,0,0,4,April,Autumn,Saturday,16:00 - 17:59,PM peak / evening commute,True,False,False,False
1349239,Non-casualty (towaway),Non-casualty (towaway),2024,2024,April,Friday,22:00 - Midnight,PITTWATER,RD,0,Right on the spot,WARRINGAH,RD,DEE WHY,164.0,No,Not a school zone,X-intersection,-33.758712,151.280556,Northern Beaches,Sydney metro. area,Syd-Newc-Woll Gtr conurbation,Curved,,,,Unknown / not stated,Sealed,Wet,Raining,Darkness,On,No traffic controls,60 km/h,State,30,Rear end,301,Same - Rear end,,Rear end,Car (sedan/hatch),Car (sedan/hatch),3,0,0,0,0,4,April,Autumn,Friday,22:00 - Midnight,Evening / night,False,False,False,False
1349241,Non-casualty (towaway),Non-casualty (towaway),2024,2024,April,Wednesday,16:00 - 17:59,CAMDEN VALLEY,WAY,0,Right on the spot,NUMBER 263,HN,NARELLAN,178.0,No,Not a school zone,2-way undivided,-34.042212,150.730393,Camden,Sydney metro. area,Syd-Newc-Woll Gtr conurbation,Straight,Foot/cycle path/nature strip,,,Unknown / not stated,Sealed,Dry,Fine,Unknown,Nil,No traffic controls,60 km/h,Regional,71,Off rd left => obj,703,Left off cway into object,,Vehicle - Object,Light truck utility(from 2018),,1,0,0,0,0,4,April,Autumn,Wednesday,16:00 - 17:59,PM peak / evening commute,True,False,False,False
1349242,Non-casualty (towaway),Non-casualty (towaway),2024,2024,April,Saturday,22:00 - Midnight,THE LAKES,WAY,1550,East,STONEY CREEK,RD,BOOLAMBAYTE,111.0,No,Not a school zone,2-way undivided,-32.403597,152.300466,Mid-Coast,Country urban,Rest of NSW - Urban,Curved,Ditch/drain/culvert,,,Unknown / not stated,Sealed,Dry,Fine,Darkness,Nil,No traffic controls,80 km/h,Regional,82,Off right/right bend,801,Off cway right bend,Right,Rollover,4 wheel drive / SUV,,1,0,0,0,0,4,April,Autumn,Saturday,22:00 - Midnight,Evening / night,False,False,False,False
1349243,Non-casualty (towaway),Non-casualty (towaway),2024,2024,April,Saturday,08:00 - 09:59,HILL,RD,0,Right on the spot,CARTER,ST,LIDCOMBE,7466.0,No,Not a school zone,T-junction,-33.848724,151.05468,Parramatta,Sydney metro. area,Syd-Newc-Woll Gtr conurbation,Straight,,,,Unknown / not stated,Sealed,Dry,Fine,Daylight,Nil,Give way sign,60 km/h,Regional,23,Right/left,203,Opp - Right-left,,Other angle,Car (sedan/hatch),Passenger van,2,0,0,0,0,4,April,Autumn,Saturday,08:00 - 09:59,AM peak / school commute,True,False,False,False
1349245,Non-casualty (towaway),Non-casualty (towaway),2024,2024,April,Sunday,10:00 - 11:59,SLADE,RD,0,Right on the spot,NUMBER 172,HN,BARDWELL PARK,7030.0,No,Not a school zone,2-way undivided,-33.935138,151.119642,Bayside,Sydney metro. area,Syd-Newc-Woll Gtr conurbation,Straight,,,,Unknown / not stated,Sealed,Dry,Fine,Daylight,Nil,No traffic controls,50 km/h,Regional,71,Off rd left => obj,703,Left off cway into object,,Vehicle - Object,Car (sedan/hatch),,2,0,0,0,0,4,April,Autumn,Sunday,10:00 - 11:59,Midday / afternoon,False,False,False,False
1349250,Non-casualty (towaway),Non-casualty (towaway),2024,2024,April,Sunday,10:00 - 11:59,JOSEPH,ST,50,South,CUTCLIFFE,AVE,REGENTS PARK,190.0,No,Not a school zone,Divided road,-33.886173,151.039684,Cumberland,Sydney metro. area,Syd-Newc-Woll Gtr conurbation,Straight,,,,Unknown / not stated,Sealed,Dry,Fine,Daylight,Nil,No traffic controls,80 km/h,State,39,Other same direction,300,Same - other,,Other angle,Large rigid,Car (sedan/hatch),2,0,0,0,0,4,April,Autumn,Sunday,10:00 - 11:59,Midday / afternoon,False,False,False,False
1349251,Non-casualty (towaway),Non-casualty (towaway),2024,2024,April,Sunday,18:00 - 19:59,ANTHONY,DR,0,Right on the spot,MARIAN,DR,ROSEMEADOW,,No,Not a school zone,T-junction,-34.101743,150.79128,Campbelltown,Sydney metro. area,Syd-Newc-Woll Gtr conurbation,Curved,Steep grade,,,Unknown / not stated,Sealed,Dry,Fine,Dusk,Nil,Stop sign,50 km/h,Local,87,Off lft/lft bnd=>obj,804,Off left bend into obj,Left,Other angle,Car (sedan/hatch),Car (sedan/hatch),2,0,0,0,0,4,April,Autumn,Sunday,18:00 - 19:59,PM peak / evening commute,True,False,False,False
1349254,Non-casualty (towaway),Non-casualty (towaway),2024,2024,April,Thursday,08:00 - 09:59,BURROWS,RD,0,Right on the spot,LOGAN,RD,GLENROY,,Yes,No,Roundabout,-36.055729,146.916254,Albury,Country urban,Rest of NSW - Urban,Straight,,,,Unknown / not stated,Sealed,Dry,Fine,Daylight,Nil,Give way sign,50 km/h,Local,10,Cross traffic,101,Adj - Cross traffic,,Right angle,4 wheel drive / SUV,Light truck utility(from 2018),2,0,0,0,0,4,April,Autumn,Thursday,08:00 - 09:59,AM peak / school commute,True,False,False,False
1349257,Non-casualty (towaway),Non-casualty (towaway),2024,2024,April,Friday,16:00 - 17:59,CANTERBURY,RD,100,East,CHARLES,ST,CANTERBURY,167.0,No,Not a school zone,2-way undivided,-33.912267,151.11895,Canterbury-Bankstown,Sydney metro. area,Syd-Newc-Woll Gtr conurbation,Straight,Other bridge,,,Unknown / not stated,Sealed,Dry,Fine,Daylight,Nil,No traffic controls,60 km/h,State,30,Rear end,301,Same - Rear end,,Rear end,Light truck utility(from 2018),Car (sedan/hatch),2,0,0,0,0,4,April,Autumn,Friday,16:00 - 17:59,PM peak / evening commute,True,False,False,False
1349261,Non-casualty (towaway),Non-casualty (towaway),2024,2024,April,Tuesday,18:00 - 19:59,PRINCES,HWY,400,North,FARNELL AVENUE,TO,LOFTUS,1.0,No,Not a school zone,Divided road,-34.049786,151.051666,Sutherland,Sydney metro. area,Syd-Newc-Woll Gtr conurbation,Curved,Railway level x,,,Unknown / not stated,Sealed,Wet,Raining,Dusk,Nil,Rail X flashing sigs,80 km/h,State,87,Off lft/lft bnd=>obj,804,Off left bend into obj,Left,Vehicle - Object,Car (sedan/hatch),,1,0,0,0,0,4,April,Autumn,Tuesday,18:00 - 19:59,PM peak / evening commute,True,False,False,False
1349262,Non-casualty (towaway),Non-casualty (towaway),2024,2024,March,Sunday,20:00 - 21:59,BUSBYS FLAT,RD,5000,North,OLD TENTERFIELD,RD,WYAN,,No,Not a school zone,2-way undivided,-29.017455,152.891156,Richmond Valley,Country non-urban,Rest of NSW - Rural,Curved,,,,Unknown / not stated,Unsealed,Wet,Fine,Darkness,Nil,No traffic controls,100 km/h,Local,66,Object on road,607,On path - Hit temp object,,Vehicle - Object,Light truck,,1,0,0,0,0,3,March,Autumn,Sunday,20:00 - 21:59,Evening / night,False,False,False,False
1349265,Non-casualty (towaway),Non-casualty (towaway),2024,2024,April,Saturday,10:00 - 11:59,WESTERN,EXP,500,North,GOVERNORS DRIVE,OP,GLENBROOK,6004.0,No,Not a school zone,Dual freeway,-33.761522,150.640531,Blue Mountains,Country non-urban,Syd-Newc-Woll Gtr conurbation,Straight,,,,Unknown / not stated,Sealed,Dry,Fine,Daylight,Nil,No traffic controls,90 km/h,State,39,Other same direction,300,Same - other,,Other angle,Semi-trailer,Car (sedan/hatch),2,0,0,0,0,4,April,Autumn,Saturday,10:00 - 11:59,Midday / afternoon,False,False,False,False
1349270,Non-casualty (towaway),Non-casualty (towaway),2024,2024,March,Tuesday,04:00 - 05:59,CASTLEREAGH,HWY,0,Right on the spot,HILL END,RD,CAERLEON,18.0,No,Not a school zone,T-junction,-32.569609,149.559452,Mid-Western Regional,Country urban,Rest of NSW - Urban,Straight,Ditch/drain/culvert,,,Unknown / not stated,Sealed,Dry,Fine,Darkness,Nil,Give way sign,80 km/h,State,75,Off end of road,709,Off end cway or T junct,,Rollover,Passenger van,,1,0,0,0,0,3,March,Autumn,Tuesday,04:00 - 05:59,Late night / early morning,False,False,False,False
1349271,Non-casualty (towaway),Non-casualty (towaway),2024,2024,April,Monday,10:00 - 11:59,PARK,LANE,0,Right on the spot,NUMBER 5,HN,LENNOX HEAD,,No,Not a school zone,2-way undivided,-28.796807,153.592651,Ballina,Country urban,Rest of NSW - Urban,Straight,,,,Unknown / not stated,Sealed,Dry,Fine,Daylight,Nil,No traffic controls,40 km/h,Local,20,Head on,201,Opp - Head on,,Head-on,4 wheel drive / SUV,4 wheel drive / SUV,2,0,0,0,0,4,April,Autumn,Monday,10:00 - 11:59,Midday / afternoon,False,False,False,False
1349274,Non-casualty (towaway),Non-casualty (towaway),2024,2024,April,Sunday,18:00 - 19:59,PACIFIC,HWY,500,South,BULAHDELAH WAY,OP,BULAHDELAH,10.0,No,Not a school zone,Divided road,-32.423517,152.205404,Mid-Coast,Country non-urban,Rest of NSW - Rural,Curved,,,,Unknown / not stated,Sealed,Dry,Fine,Dusk,Nil,No traffic controls,110 km/h,State,66,Object on road,607,On path - Hit temp object,,Vehicle - Object,Passenger van,,1,0,0,0,0,4,April,Autumn,Sunday,18:00 - 19:59,PM peak / evening commute,True,False,False,False
1349279,Non-casualty (towaway),Non-casualty (towaway),2024,2024,April,Thursday,18:00 - 19:59,MAIN,RD,0,Right on the spot,NUMBER 203,HN,CARDIFF,223.0,No,Not a school zone,2-way undivided,-32.939997,151.670094,Lake Macquarie,Newcastle met. area,Syd-Newc-Woll Gtr conurbation,Straight,Steep grade,,,Unknown / not stated,Sealed,Dry,Fine,Darkness,Nil,No traffic controls,60 km/h,Regional,93,Pkd veh runaway=>obj,906,Parked vehicle ran away,,Vehicle - Object,Car (sedan/hatch),,1,0,0,0,0,4,April,Autumn,Thursday,18:00 - 19:59,PM peak / evening commute,True,False,False,False
1349281,Non-casualty (towaway),Non-casualty (towaway),2024,2024,April,Wednesday,10:00 - 11:59,AUSTRALIA,AVE,0,Right on the spot,BICENTENNIAL,DR,SYDNEY OLYMPIC PARK,,No,Not a school zone,T-junction,-33.852801,151.076189,Parramatta,Sydney metro. area,Syd-Newc-Woll Gtr conurbation,Straight,,,,Unknown / not stated,Sealed,Dry,Fine,Daylight,Nil,Stop sign,60 km/h,Local,30,Rear end,301,Same - Rear end,,Rear end,Station wagon,Station wagon,3,0,0,0,0,4,April,Autumn,Wednesday,10:00 - 11:59,Midday / afternoon,False,False,False,False
1349283,Non-casualty (towaway),Non-casualty (towaway),2024,2024,April,Wednesday,18:00 - 19:59,OXFORD,ST,20,West,CROWN,ST,DARLINGHURST,7310.0,No,Not a school zone,2-way undivided,-33.879192,151.215044,Sydney,Sydney metro. area,Syd-Newc-Woll Gtr conurbation,Straight,,,,Unknown / not stated,Sealed,Dry,Fine,Darkness,Nil,No traffic controls,40 km/h,Regional,30,Rear end,301,Same - Rear end,,Rear end,4 wheel drive / SUV,Car (sedan/hatch),3,0,0,0,0,4,April,Autumn,Wednesday,18:00 - 19:59,PM peak / evening commute,True,False,False,False
1349284,Non-casualty (towaway),Non-casualty (towaway),2024,2024,April,Saturday,14:00 - 15:59,CANTERBURY,RD,0,Right on the spot,NUMBER 527,HN,CAMPSIE,167.0,No,Not a school zone,2-way undivided,-33.919024,151.102471,Canterbury-Bankstown,Sydney metro. area,Syd-Newc-Woll Gtr conurbation,Straight,,,,Unknown / not stated,Sealed,Dry,Fine,Daylight,Nil,No traffic controls,60 km/h,State,33,Lane sideswipe,305,Same - Lane side swipe,,Other angle,Car (sedan/hatch),Passenger van,2,0,0,0,0,4,April,Autumn,Saturday,14:00 - 15:59,Midday / afternoon,False,False,False,False
1349286,Non-casualty (towaway),Non-casualty (towaway),2024,2024,April,Tuesday,06:00 - 07:59,STACEY,ST,10,South,STANLEY,ST,BANKSTOWN,190.0,No,Not a school zone,T-junction,-33.921387,151.039274,Canterbury-Bankstown,Sydney metro. area,Syd-Newc-Woll Gtr conurbation,Straight,,,,Unknown / not stated,Sealed,Dry,Fine,Dawn,Unknown / not stated,No traffic controls,70 km/h,State,33,Lane sideswipe,305,Same - Lane side swipe,,Other angle,Large rigid,4 wheel drive / SUV,2,0,0,0,0,4,April,Autumn,Tuesday,06:00 - 07:59,AM peak / school commute,True,False,False,False
1349288,Non-casualty (towaway),Non-casualty (towaway),2024,2024,April,Wednesday,10:00 - 11:59,WINDSOR,RD,0,Right on the spot,NORTHMEAD,AVE,NORTHMEAD,184.0,No,Not a school zone,T-junction,-33.791006,150.997164,Parramatta,Sydney metro. area,Syd-Newc-Woll Gtr conurbation,Straight,,,,Unknown / not stated,Sealed,Dry,Fine,Daylight,Nil,Left turn only,60 km/h,State,30,Rear end,301,Same - Rear end,,Rear end,4 wheel drive / SUV,Car (sedan/hatch),3,0,0,0,0,4,April,Autumn,Wednesday,10:00 - 11:59,Midday / afternoon,False,False,False,False
1349290,Non-casualty (towaway),Non-casualty (towaway),2024,2024,April,Monday,12:00 - 13:59,CASTLEREAGH,HWY,0,Right on the spot,LEWIS,ST,MUDGEE,18.0,No,Not a school zone,X-intersection,-32.599601,149.589506,Mid-Western Regional,Country urban,Rest of NSW - Urban,Straight,,,,Unknown / not stated,Sealed,Dry,Fine,Daylight,Nil,Give way sign,50 km/h,State,37,Left turn sideswipe,309,Same - Left turn side swipe,,Other angle,Semi-trailer,4 wheel drive / SUV,2,0,0,0,0,4,April,Autumn,Monday,12:00 - 13:59,Midday / afternoon,False,False,False,False
1349291,Non-casualty (towaway),Non-casualty (towaway),2024,2024,April,Sunday,10:00 - 11:59,CUMBERLAND,HWY,0,Right on the spot,NUMBER 449C,HN,PENNANT HILLS,13.0,Yes,No,Divided road,-33.740511,151.059231,Hornsby,Sydney metro. area,Syd-Newc-Woll Gtr conurbation,Curved,Driveway/entrance,,,Unknown / not stated,Sealed,Dry,Fine,Daylight,Nil,No traffic controls,70 km/h,State,47,Emerging from drive,406,Manov - Emerging from driveway,,Right angle,Car (sedan/hatch),Car (sedan/hatch),2,0,0,0,0,4,April,Autumn,Sunday,10:00 - 11:59,Midday / afternoon,False,False,False,False
1349297,Non-casualty (towaway),Non-casualty (towaway),2024,2024,April,Friday,08:00 - 09:59,GARNET,ST,10,North,BLENDE,ST,BROKEN HILL,,No,Not a school zone,X-intersection,-31.961951,141.456875,Broken Hill,Country urban,Rest of NSW - Urban,Straight,,,,Unknown / not stated,Sealed,Dry,Fine,Daylight,Nil,No traffic controls,50 km/h,Local,37,Left turn sideswipe,309,Same - Left turn side swipe,,Other angle,4 wheel drive / SUV,Car (sedan/hatch),2,0,0,0,0,4,April,Autumn,Friday,08:00 - 09:59,AM peak / school commute,True,False,False,False
1349301,Non-casualty (towaway),Non-casualty (towaway),2024,2024,March,Saturday,10:00 - 11:59,BYNG,ST,50,East,WILLIAM,ST,ORANGE,,No,Not a school zone,2-way undivided,-33.282466,149.106594,Orange,Country urban,Rest of NSW - Urban,Straight,Foot/cycle path/nature strip,,,Unknown / not stated,Sealed,Dry,Fine,Daylight,Nil,No traffic controls,50 km/h,Local,44,Parking vehicles,403,Manov - Parking-parked vehicle,,Other angle,4 wheel drive / SUV,Light truck,2,0,0,0,0,3,March,Autumn,Saturday,10:00 - 11:59,Midday / afternoon,False,False,False,False
1349302,Non-casualty (towaway),Non-casualty (towaway),2024,2024,April,Friday,18:00 - 19:59,VICTORIA,RD,0,Right on the spot,NUMBER 990,HN,WEST RYDE,165.0,No,Not a school zone,2-way undivided,-33.807632,151.087771,Ryde,Sydney metro. area,Syd-Newc-Woll Gtr conurbation,Straight,,,,Unknown / not stated,Sealed,Dry,Fine,Darkness,Nil,No traffic controls,60 km/h,State,39,Other same direction,300,Same - other,,Other angle,Car (sedan/hatch),Car (sedan/hatch),2,0,0,0,0,4,April,Autumn,Friday,18:00 - 19:59,PM peak / evening commute,True,False,False,False