crash_id,degree_of_crash,degree_of_crash_-_detailed,reporting_year,year_of_crash,month_of_crash,day_of_week_of_crash,two-hour_intervals,street_of_crash,street_type,distance,direction,identifying_feature,identifying_feature_type,town,route_no.,school_zone_location,school_zone_active,type_of_location,latitude,longitude,lga,urbanisation,conurbation_1,alignment,primary_permanent_feature,primary_temporary_feature,primary_hazardous_feature,street_lighting,road_surface,surface_condition,weather,natural_lighting,signals_operation,other_traffic_control,speed_limit,road_classification_(admin),rum_-_code,rum_-_description,dca_-_code,dca_-_description,dca_supplement,first_impact_type,key_tu_type,other_tu_type,no._of_traffic_units_involved,no._killed,no._seriously_injured,no._moderately_injured,no._minor-other_injured,month_num,month_label,season,day_label,time_label,time_band,is_peak_commute,is_fatal,is_injury,is_casualty
1349306,Non-casualty (towaway),Non-casualty (towaway),2024,2024,April,Saturday,20:00 - 21:59,BEACH,RD,60,East,CALTON,RD,BATEHAVEN,560.0,No,Not a school zone,2-way undivided,-35.733138,150.205928,Eurobodalla,Country urban,Rest of NSW - Urban,Curved,Painted double centre lines,,,Unknown / not stated,Sealed,Dry,Fine,Darkness,Nil,No traffic controls,50 km/h,Regional,20,Head on,201,Opp - Head on,,Head-on,Car (sedan/hatch),4 wheel drive / SUV,2,0,0,0,0,4,April,Autumn,Saturday,20:00 - 21:59,Evening / night,False,False,False,False
1349307,Non-casualty (towaway),Non-casualty (towaway),2024,2024,April,Friday,10:00 - 11:59,NEW ENGLAND,HWY,326,North,PACIFIC,HWY,HEXHAM,9.0,No,Not a school zone,Divided road,-32.818768,151.680441,Newcastle,Newcastle met. area,Syd-Newc-Woll Gtr conurbation,Straight,,,,Unknown / not stated,Sealed,Dry,Fine,Daylight,Nil,No traffic controls,80 km/h,State,30,Rear end,301,Same - Rear end,,Rear end,Car (sedan/hatch),Passenger van,2,0,0,0,0,4,April,Autumn,Friday,10:00 - 11:59,Midday / afternoon,False,False,False,False
1349308,Non-casualty (towaway),Non-casualty (towaway),2024,2024,April,Thursday,14:00 - 15:59,MOSS VALE,RD,0,Right on the spot,BRIARS COUNTRY LODGE,ENT,BURRADOO,260.0,No,Not a school zone,2-way undivided,-34.524989,150.397158,Wingecarribee,Country non-urban,Rest of NSW - Rural,Straight,Driveway/entrance,,,Unknown / not stated,Sealed,Dry,Fine,Daylight,Nil,No traffic controls,90 km/h,State,47,Emerging from drive,406,Manov - Emerging from driveway,,Right angle,4 wheel drive / SUV,4 wheel drive / SUV,2,0,0,0,0,4,April,Autumn,Thursday,14:00 - 15:59,Midday / afternoon,False,False,False,False
1349310,Non-casualty (towaway),Non-casualty (towaway),2024,2024,April,Monday,08:00 - 09:59,HINTERLAND,WAY,0,Right on the spot,COOLAMON SCENIC,DR,MCLEODS SHOOT,65.0,No,Not a school zone,T-junction,-28.654451,153.536274,Byron,Country urban,Rest of NSW - Urban,Straight,,,,Unknown / not stated,Sealed,Dry,Fine,Daylight,Nil,Give way sign,80 km/h,State,13,Right near,104,Adj - Right-thru from right,,Right angle,Car (sedan/hatch),4 wheel drive / SUV,2,0,0,0,0,4,April,Autumn,Monday,08:00 - 09:59,AM peak / school commute,True,False,False,False
1349313,Non-casualty (towaway),Non-casualty (towaway),2024,2024,April,Thursday,08:00 - 09:59,HARTIGAN,AVE,0,Right on the spot,NEWELL,HWY,PARKES,17.0,No,Not a school zone,T-junction,-33.141542,148.170421,Parkes,Country urban,Rest of NSW - Urban,Straight,,,,Unknown / not stated,Sealed,Dry,Fine,Daylight,Nil,Give way sign,50 km/h,State,10,Cross traffic,101,Adj - Cross traffic,,Right angle,4 wheel drive / SUV,Passenger van,2,0,0,0,0,4,April,Autumn,Thursday,08:00 - 09:59,AM peak / school commute,True,False,False,False
1349314,Non-casualty (towaway),Non-casualty (towaway),2024,2024,April,Saturday,18:00 - 19:59,GREAT WESTERN,HWY,0,Right on the spot,HEWITT,ST,COLYTON,5.0,No,Not a school zone,T-junction,-33.776721,150.802653,Penrith,Sydney metro. area,Syd-Newc-Woll Gtr conurbation,Curved,,,,Unknown / not stated,Sealed,Dry,Fine,Dusk,On,No traffic controls,80 km/h,State,21,Right through,202,Opp - Right-thru,,Other angle,Car (sedan/hatch),Car (sedan/hatch),2,0,0,0,0,4,April,Autumn,Saturday,18:00 - 19:59,PM peak / evening commute,True,False,False,False
1349316,Non-casualty (towaway),Non-casualty (towaway),2024,2024,April,Sunday,12:00 - 13:59,HEATHCOTE,RD,30,South,NUWARRA ROAD,TO,HAMMONDVILLE,512.0,No,Not a school zone,Other,-33.945244,150.946975,Liverpool,Sydney metro. area,Syd-Newc-Woll Gtr conurbation,Curved,,,,Unknown / not stated,Sealed,Dry,Fine,Daylight,Nil,Ped crossing,60 km/h,State,30,Rear end,301,Same - Rear end,,Rear end,4 wheel drive / SUV,4 wheel drive / SUV,2,0,0,0,0,4,April,Autumn,Sunday,12:00 - 13:59,Midday / afternoon,False,False,False,False
1349320,Non-casualty (towaway),Non-casualty (towaway),2024,2024,April,Thursday,08:00 - 09:59,HUME,HWY,500,North,MORETON PARK ROAD,OP,MENANGLE,2.0,No,Not a school zone,Dual freeway,-34.136833,150.742789,Wollondilly,Country non-urban,Syd-Newc-Woll Gtr conurbation,Straight,,,,Unknown / not stated,Sealed,Unknown,Unknown,Daylight,Nil,No traffic controls,110 km/h,State,35,Lane change left,307,Same - Lane change left,,Other angle,Semi-trailer,Car (sedan/hatch),2,0,0,0,0,4,April,Autumn,Thursday,08:00 - 09:59,AM peak / school commute,True,False,False,False
1349321,Non-casualty (towaway),Non-casualty (towaway),2024,2024,April,Friday,06:00 - 07:59,CUMBERLAND,HWY,0,Right on the spot,REDGRAVE,RD,NORMANHURST,13.0,Yes,No,T-junction,-33.722856,151.101272,Hornsby,Sydney metro. area,Syd-Newc-Woll Gtr conurbation,Straight,,,,Unknown / not stated,Sealed,Dry,Fine,Daylight,Nil,No traffic controls,70 km/h,State,30,Rear end,301,Same - Rear end,,Rear end,Car (sedan/hatch),Light truck,2,0,0,0,0,4,April,Autumn,Friday,06:00 - 07:59,AM peak / school commute,True,False,False,False
1349324,Non-casualty (towaway),Non-casualty (towaway),2024,2024,April,Sunday,12:00 - 13:59,THE ESPLANADE,MS,0,Right on the spot,NUMBER 288,HN,SPEERS POINT,674.0,No,Not a school zone,Divided road,-32.971025,151.62773,Lake Macquarie,Newcastle met. area,Syd-Newc-Woll Gtr conurbation,Straight,,,,Unknown / not stated,Sealed,Dry,Fine,Daylight,Nil,No traffic controls,60 km/h,State,73,Off rd rght => obj,704,Right off cway into obj,,Vehicle - Object,4 wheel drive / SUV,,1,0,0,0,0,4,April,Autumn,Sunday,12:00 - 13:59,Midday / afternoon,False,False,False,False
1349325,Non-casualty (towaway),Non-casualty (towaway),2024,2024,April,Friday,04:00 - 05:59,EUREKA,RD,200,North,NUMBER 88,HN,CLUNES,,No,Not a school zone,2-way undivided,-28.709063,153.428696,Byron,Country urban,Rest of NSW - Urban,Curved,Steep grade,,,Unknown / not stated,Sealed,Wet,Fog or mist,Darkness,Nil,No traffic controls,60 km/h,Local,86,Off left/left bend,802,Off cway left bend,Left,Rollover,4 wheel drive / SUV,,1,0,0,0,0,4,April,Autumn,Friday,04:00 - 05:59,Late night / early morning,False,False,False,False
1349326,Non-casualty (towaway),Non-casualty (towaway),2024,2024,April,Thursday,08:00 - 09:59,KING GEORGES,RD,0,Right on the spot,NORFOLK,AVE,BEVERLY HILLS,200.0,Yes,No,T-junction,-33.95102,151.082087,Georges River,Sydney metro. area,Syd-Newc-Woll Gtr conurbation,Straight,,,,Unknown / not stated,Sealed,Dry,Fine,Daylight,Nil,No traffic controls,60 km/h,State,39,Other same direction,300,Same - other,,Other angle,Car (sedan/hatch),B-double (road train prior 98),2,0,0,0,0,4,April,Autumn,Thursday,08:00 - 09:59,AM peak / school commute,True,False,False,False
1349327,Non-casualty (towaway),Non-casualty (towaway),2024,2024,April,Sunday,18:00 - 19:59,CUMBERLAND,HWY,10,North,CARLINGFORD,RD,CARLINGFORD,13.0,No,Not a school zone,T-junction,-33.777627,151.051926,Parramatta,Sydney metro. area,Syd-Newc-Woll Gtr conurbation,Straight,,,,Unknown / not stated,Sealed,Dry,Fine,Darkness,On,No traffic controls,60 km/h,State,30,Rear end,301,Same - Rear end,,Rear end,Car (sedan/hatch),Light truck utility(from 2018),3,0,0,0,0,4,April,Autumn,Sunday,18:00 - 19:59,PM peak / evening commute,True,False,False,False
1349328,Non-casualty (towaway),Non-casualty (towaway),2024,2024,April,Monday,10:00 - 11:59,PEMBROKE,RD,0,Right on the spot,SARK,GR,MINTO,680.0,No,Not a school zone,T-junction,-34.03949,150.843748,Campbelltown,Sydney metro. area,Syd-Newc-Woll Gtr conurbation,Straight,,,,Unknown / not stated,Sealed,Dry,Fine,Daylight,Nil,Give way sign,60 km/h,State,32,Right rear,303,Same - Rear right,,Rear end,4 wheel drive / SUV,Car (sedan/hatch),2,0,0,0,0,4,April,Autumn,Monday,10:00 - 11:59,Midday / afternoon,False,False,False,False
1349329,Non-casualty (towaway),Non-casualty (towaway),2024,2024,March,Thursday,16:00 - 17:59,HENRY PARKES,WAY,0,Right on the spot,NUMBER 5933,HN,MANILDRA,61.0,No,Not a school zone,2-way undivided,-33.185829,148.547654,Cabonne,Country non-urban,Rest of NSW - Rural,Curved,Steep grade,,,Unknown / not stated,Sealed,Dry,Fine,Daylight,Nil,No traffic controls,100 km/h,State,80,Off left/right bend,801,Off cway right bend,Left,Rollover,Light truck utility(from 2018),,1,0,0,0,0,3,March,Autumn,Thursday,16:00 - 17:59,PM peak / evening commute,True,False,False,False
1349330,Non-casualty (towaway),Non-casualty (towaway),2024,2024,March,Sunday,10:00 - 11:59,JAMBEROO,RD,0,Right on the spot,NUMBER 676,HN,JAMBEROO,264.0,No,Not a school zone,2-way undivided,-34.648629,150.789217,Kiama,Country urban,Rest of NSW - Urban,Curved,Painted double centre lines,,,Unknown / not stated,Sealed,Dry,Fine,Daylight,Nil,No traffic controls,80 km/h,Regional,40,U turn,304,Same - U-turn,,Other angle,Car (sedan/hatch),Motorcycle,2,0,0,0,0,3,March,Autumn,Sunday,10:00 - 11:59,Midday / afternoon,False,False,False,False
1349334,Non-casualty (towaway),Non-casualty (towaway),2024,2024,April,Saturday,10:00 - 11:59,OLD BATHURST,RD,0,Right on the spot,BOWAGA,AVE,BLAXLAND,7291.0,No,Not a school zone,T-junction,-33.744859,150.633048,Blue Mountains,Country urban,Syd-Newc-Woll Gtr conurbation,Straight,,,,Unknown / not stated,Sealed,Dry,Fine,Daylight,Nil,Give way sign,50 km/h,Regional,30,Rear end,301,Same - Rear end,,Rear end,Car (sedan/hatch),Car (sedan/hatch),2,0,0,0,0,4,April,Autumn,Saturday,10:00 - 11:59,Midday / afternoon,False,False,False,False
1349336,Non-casualty (towaway),Non-casualty (towaway),2024,2024,April,Tuesday,18:00 - 19:59,GLENDONBROOK,RD,0,Right on the spot,NUMBER 417,HN,GLENDON BROOK,128.0,No,Not a school zone,2-way undivided,-32.523394,151.335149,Singleton,Country non-urban,Rest of NSW - Rural,Curved,,,,Unknown / not stated,Sealed,Dry,Fine,Darkness,Nil,No traffic controls,100 km/h,Regional,67,Struck animal,609,On path - Hit animal,,Vehicle - Animal,Car (sedan/hatch),,1,0,0,0,0,4,April,Autumn,Tuesday,18:00 - 19:59,PM peak / evening commute,True,False,False,False
1349339,Non-casualty (towaway),Non-casualty (towaway),2024,2024,April,Saturday,14:00 - 15:59,THERRY,RD,137,West,APPIN,RD,CAMPBELLTOWN,7191.0,No,Not a school zone,Divided road,-34.080839,150.806444,Campbelltown,Sydney metro. area,Syd-Newc-Woll Gtr conurbation,Straight,Steep grade,,,Unknown / not stated,Sealed,Dry,Fine,Daylight,Nil,No traffic controls,60 km/h,Regional,39,Other same direction,300,Same - other,,Other angle,Car (sedan/hatch),Car (sedan/hatch),2,0,0,0,0,4,April,Autumn,Saturday,14:00 - 15:59,Midday / afternoon,False,False,False,False
1349342,Non-casualty (towaway),Non-casualty (towaway),2024,2024,April,Thursday,14:00 - 15:59,CASTLEREAGH,HWY,10000,North,CUDGEGONG,RD,CUDGEGONG,18.0,No,Not a school zone,2-way undivided,-32.744285,149.753507,Mid-Western Regional,Country non-urban,Rest of NSW - Rural,Curved,,,,Unknown / not stated,Sealed,Dry,Fine,Daylight,Nil,No traffic controls,100 km/h,State,88,Out of cont on bend,805,Out of control on bend,,Rollover,4 wheel drive / SUV,,1,0,0,0,0,4,April,Autumn,Thursday,14:00 - 15:59,Midday / afternoon,False,False,False,False
1349344,Non-casualty (towaway),Non-casualty (towaway),2024,2024,April,Friday,06:00 - 07:59,THE BOULEVARDE,MS,40,West,VIOLET,ST,MIRANDA,7001.0,No,Not a school zone,Divided road,-34.028277,151.094419,Sutherland,Sydney metro. area,Syd-Newc-Woll Gtr conurbation,Straight,,,,Unknown / not stated,Sealed,Dry,Fine,Daylight,Nil,No traffic controls,60 km/h,Regional,30,Rear end,301,Same - Rear end,,Rear end,Car (sedan/hatch),Light truck utility(from 2018),2,0,0,0,0,4,April,Autumn,Friday,06:00 - 07:59,AM peak / school commute,True,False,False,False
1349345,Non-casualty (towaway),Non-casualty (towaway),2024,2024,April,Thursday,14:00 - 15:59,WINDSOR,RD,0,Right on the spot,NUMBER 124,HN,NORTHMEAD,184.0,No,Not a school zone,2-way undivided,-33.785899,150.995583,Parramatta,Sydney metro. area,Syd-Newc-Woll Gtr conurbation,Straight,,,,Unknown / not stated,Sealed,Dry,Fine,Daylight,Nil,No traffic controls,60 km/h,State,34,Lane change right,306,Same - Lane change right,,Other angle,Light truck utility(from 2018),Car (sedan/hatch),2,0,0,0,0,4,April,Autumn,Thursday,14:00 - 15:59,Midday / afternoon,False,False,False,False
1349346,Non-casualty (towaway),Non-casualty (towaway),2024,2024,April,Saturday,12:00 - 13:59,ELDRIDGE,RD,0,Right on the spot,MONS,ST,CONDELL PARK,,No,Not a school zone,T-junction,-33.931574,151.017337,Canterbury-Bankstown,Sydney metro. area,Syd-Newc-Woll Gtr conurbation,Straight,,,,Unknown / not stated,Sealed,Dry,Fine,Daylight,Nil,No traffic controls,50 km/h,Local,10,Cross traffic,101,Adj - Cross traffic,,Right angle,Light truck utility(from 2018),Car (sedan/hatch),2,0,0,0,0,4,April,Autumn,Saturday,12:00 - 13:59,Midday / afternoon,False,False,False,False
1349347,Non-casualty (towaway),Non-casualty (towaway),2024,2024,April,Thursday,16:00 - 17:59,SUNNYHOLT,RD,0,Right on the spot,NUMBER 192,HN,KINGS PARK,642.0,No,Not a school zone,Divided road,-33.74885,150.916066,Blacktown,Sydney metro. area,Syd-Newc-Woll Gtr conurbation,Straight,,,,Unknown / not stated,Sealed,Dry,Fine,Daylight,Nil,No traffic controls,70 km/h,State,30,Rear end,301,Same - Rear end,,Rear end,Light truck utility(from 2018),Car (sedan/hatch),2,0,0,0,0,4,April,Autumn,Thursday,16:00 - 17:59,PM peak / evening commute,True,False,False,False
1349349,Non-casualty (towaway),Non-casualty (towaway),2024,2024,April,Friday,18:00 - 19:59,PACIFIC,HWY,10,North,ALUM MOUNTAIN TRAIL,OP,BULAHDELAH,10.0,No,Not a school zone,Divided road,-32.414097,152.216661,Mid-Coast,Country non-urban,Rest of NSW - Rural,Curved,Other bridge,,,Unknown / not stated,Sealed,Wet,Raining,Darkness,Nil,No traffic controls,100 km/h,State,83,Off rt/rt bnd=>obj,803,Off right bend into obj,Right,Vehicle - Object,Light truck utility(from 2018),,1,0,0,0,0,4,April,Autumn,Friday,18:00 - 19:59,PM peak / evening commute,True,False,False,False
1349352,Non-casualty (towaway),Non-casualty (towaway),2024,2024,April,Thursday,14:00 - 15:59,HENRY LAWSON,DR,0,Right on the spot,SOUTH WESTERN,EXP,MILPERRA,6005.0,No,Not a school zone,T-junction,-33.944123,150.98247,Canterbury-Bankstown,Sydney metro. area,Syd-Newc-Woll Gtr conurbation,Straight,,,,Unknown / not stated,Sealed,Dry,Fine,Daylight,On,No traffic controls,60 km/h,State,21,Right through,202,Opp - Right-thru,,Other angle,4 wheel drive / SUV,Car (sedan/hatch),2,0,0,0,0,4,April,Autumn,Thursday,14:00 - 15:59,Midday / afternoon,False,False,False,False
1349353,Non-casualty (towaway),Non-casualty (towaway),2024,2024,April,Sunday,14:00 - 15:59,WESTERN,EXP,200,East,BURNETT STREET,OP,MERRYLANDS,6004.0,No,Not a school zone,Dual freeway,-33.825049,150.98993,Parramatta,Sydney metro. area,Syd-Newc-Woll Gtr conurbation,Straight,,,,Unknown / not stated,Sealed,Dry,Fine,Daylight,Nil,No traffic controls,90 km/h,State,30,Rear end,301,Same - Rear end,,Rear end,Station wagon,Car (sedan/hatch),2,0,0,0,0,4,April,Autumn,Sunday,14:00 - 15:59,Midday / afternoon,False,False,False,False
1349355,Non-casualty (towaway),Non-casualty (towaway),2024,2024,March,Saturday,22:00 - Midnight,TULIPWOOD,AVE,0,Right on the spot,NUMBER 21,HN,EDGEWORTH,,No,Not a school zone,2-way undivided,-32.921766,151.633397,Lake Macquarie,Newcastle met. area,Syd-Newc-Woll Gtr conurbation,Straight,,,,On,Sealed,Dry,Fine,Darkness,Nil,No traffic controls,50 km/h,Local,44,Parking vehicles,403,Manov - Parking-parked vehicle,,Other angle,4 wheel drive / SUV,Car (sedan/hatch),2,0,0,0,0,3,March,Autumn,Saturday,22:00 - Midnight,Evening / night,False,False,False,False
1349388,Non-casualty (towaway),Non-casualty (towaway),2024,2024,April,Monday,04:00 - 05:59,VINCENT,RD,0,Right on the spot,NUMBER 43,HN,LAKE ALBERT,,No,Not a school zone,2-way undivided,-35.15656,147.388856,Wagga Wagga,Country urban,Rest of NSW - Urban,Straight,,,,Nil,Sealed,Dry,Fine,Darkness,Nil,No traffic controls,80 km/h,Local,71,Off rd left => obj,703,Left off cway into object,,Vehicle - Object,Car (sedan/hatch),,1,0,0,0,0,4,April,Autumn,Monday,04:00 - 05:59,Late night / early morning,False,False,False,False
1349393,Non-casualty (towaway),Non-casualty (towaway),2024,2024,April,Thursday,00:01 - 01:59,NEW CANTERBURY,RD,19,South,FRAZER,ST,DULWICH HILL,167.0,No,Not a school zone,2-way undivided,-33.900924,151.144804,Inner West,Sydney metro. area,Syd-Newc-Woll Gtr conurbation,Straight,,,,On,Sealed,Dry,Fine,Darkness,Nil,No traffic controls,60 km/h,State,71,Off rd left => obj,703,Left off cway into object,,Other angle,Car (sedan/hatch),4 wheel drive / SUV,3,0,0,0,0,4,April,Autumn,Thursday,00:01 - 01:59,Late night / early morning,False,False,False,False
1349400,Non-casualty (towaway),Non-casualty (towaway),2024,2024,April,Thursday,00:01 - 01:59,ASHTON,AVE,0,Right on the spot,NUMBER 19,HN,THE ENTRANCE,,No,Not a school zone,2-way undivided,-33.345157,151.494033,Central Coast,Country urban,Syd-Newc-Woll Gtr conurbation,Straight,,,,On,Sealed,Dry,Fine,Darkness,Nil,No traffic controls,50 km/h,Local,71,Off rd left => obj,703,Left off cway into object,,Vehicle - Object,Station wagon,,3,0,0,0,0,4,April,Autumn,Thursday,00:01 - 01:59,Late night / early morning,False,False,False,False
1349403,Non-casualty (towaway),Non-casualty (towaway),2024,2024,January,Thursday,16:00 - 17:59,GOULDING,RD,0,Right on the spot,BYRON,AVE,RYDE,2058.0,No,Not a school zone,T-junction,-33.802441,151.115477,Ryde,Sydney metro. area,Syd-Newc-Woll Gtr conurbation,Straight,Crest,,,Nil,Sealed,Dry,Fine,Daylight,Nil,No traffic controls,60 km/h,Regional,30,Rear end,301,Same - Rear end,,Rear end,Car (sedan/hatch),Light truck utility(from 2018),2,0,0,0,0,1,January,Summer,Thursday,16:00 - 17:59,PM peak / evening commute,True,False,False,False
1349409,Non-casualty (towaway),Non-casualty (towaway),2024,2024,March,Saturday,20:00 - 21:59,KOORINGAL,AVE,0,Right on the spot,PALLA,ST,GRIFFITH,,No,Not a school zone,Roundabout,-34.283509,146.040814,Griffith,Country urban,Rest of NSW - Urban,Curved,,,,On,Sealed,Dry,Fine,Darkness,Nil,Give way sign,50 km/h,Local,81,Off left/rt bnd=>obj,803,Off right bend into obj,Left,Vehicle - Object,Car (sedan/hatch),,1,0,0,0,0,3,March,Autumn,Saturday,20:00 - 21:59,Evening / night,False,False,False,False
1349426,Non-casualty (towaway),Non-casualty (towaway),2024,2024,April,Wednesday,10:00 - 11:59,CAMDEN VALLEY,WAY,0,Right on the spot,SOMERSET,AVE,NARELLAN,178.0,No,Not a school zone,T-junction,-34.039737,150.738496,Camden,Sydney metro. area,Syd-Newc-Woll Gtr conurbation,Straight,,,,On,Sealed,Dry,Fine,Daylight,On,No traffic controls,50 km/h,State,30,Rear end,301,Same - Rear end,,Rear end,4 wheel drive / SUV,Car (sedan/hatch),3,0,0,0,0,4,April,Autumn,Wednesday,10:00 - 11:59,Midday / afternoon,False,False,False,False
1349436,Non-casualty (towaway),Non-casualty (towaway),2024,2024,April,Sunday,12:00 - 13:59,DARLINGTON,DR,10,East,SEXTON HILL,DR,BANORA POINT,,No,Not a school zone,X-intersection,-28.211565,153.544749,Tweed,Country urban,Rest of NSW - Urban,Straight,,,,On,Sealed,Wet,Overcast,Daylight,On,No traffic controls,60 km/h,Local,30,Rear end,301,Same - Rear end,,Rear end,Car (sedan/hatch),4 wheel drive / SUV,3,0,0,0,0,4,April,Autumn,Sunday,12:00 - 13:59,Midday / afternoon,False,False,False,False
1349437,Non-casualty (towaway),Non-casualty (towaway),2024,2024,April,Saturday,08:00 - 09:59,JAMES RUSE,DR,200,South,PENNANT HILLS,RD,NORTH PARRAMATTA,309.0,No,Not a school zone,Divided road,-33.797438,151.014454,Parramatta,Sydney metro. area,Syd-Newc-Woll Gtr conurbation,Curved,Steep grade,,,Off,Sealed,Dry,Fine,Daylight,Nil,No traffic controls,90 km/h,State,30,Rear end,301,Same - Rear end,,Rear end,Unknown motor vehicle,Car (sedan/hatch),4,0,0,0,0,4,April,Autumn,Saturday,08:00 - 09:59,AM peak / school commute,True,False,False,False
1349441,Non-casualty (towaway),Non-casualty (towaway),2024,2024,April,Sunday,18:00 - 19:59,TERRY,RD,100,North,RYEDALE,RD,WEST RYDE,,No,Not a school zone,2-way undivided,-33.803788,151.0923,Ryde,Sydney metro. area,Syd-Newc-Woll Gtr conurbation,Straight,,,,Off,Sealed,Dry,Fine,Darkness,Nil,No traffic controls,50 km/h,Local,63,Vehicle door,604,On path - Vehicle door,,Other angle,Passenger van,4 wheel drive / SUV,2,0,0,0,0,4,April,Autumn,Sunday,18:00 - 19:59,PM peak / evening commute,True,False,False,False
1349448,Non-casualty (towaway),Non-casualty (towaway),2024,2024,April,Sunday,00:01 - 01:59,REYNOLDS,RD,1300,North,DARGAVILLE,DR,CASINO,,No,Not a school zone,2-way undivided,-28.812139,153.033994,Richmond Valley,Country urban,Rest of NSW - Urban,Curved,Other bridge,Roadwks/Detour/Diverson,,Nil,Sealed,Dry,Fine,Darkness,Nil,No traffic controls,60 km/h,Local,65,Temp roadworks,606,On path - Hit temp roadwork,,Vehicle - Object,Light truck utility(from 2018),,1,0,0,0,0,4,April,Autumn,Sunday,00:01 - 01:59,Late night / early morning,False,False,False,False
1349453,Non-casualty (towaway),Non-casualty (towaway),2024,2024,March,Tuesday,22:00 - Midnight,RICHMOND,RD,200,South,LLANDILO,RD,BERKSHIRE PARK,537.0,No,Not a school zone,2-way undivided,-33.660493,150.796674,Hawkesbury,Country urban,Syd-Newc-Woll Gtr conurbation,Straight,,Roadwks/Detour/Diverson,,On,Sealed,Dry,Fine,Darkness,Nil,No traffic controls,80 km/h,State,30,Rear end,301,Same - Rear end,,Rear end,4 wheel drive / SUV,Car (sedan/hatch),3,0,0,0,0,3,March,Autumn,Tuesday,22:00 - Midnight,Evening / night,False,False,False,False
1349504,Non-casualty (towaway),Non-casualty (towaway),2024,2024,April,Wednesday,10:00 - 11:59,WATTLE,ST,250,North,FIG,ST,PYRMONT,594.0,No,Not a school zone,2-way undivided,-33.874128,151.19275,Sydney,Sydney metro. area,Syd-Newc-Woll Gtr conurbation,Straight,,,,Off,Sealed,Dry,Fine,Daylight,Nil,No traffic controls,50 km/h,State,40,U turn,304,Same - U-turn,,Other angle,4 wheel drive / SUV,Car (sedan/hatch),2,0,0,0,0,4,April,Autumn,Wednesday,10:00 - 11:59,Midday / afternoon,False,False,False,False
1349529,Non-casualty (towaway),Non-casualty (towaway),2024,2024,April,Friday,08:00 - 09:59,TRIM,ST,40,North,NORFOLK,AVE,SOUTH NOWRA,,No,Not a school zone,2-way undivided,-34.91545,150.582347,Shoalhaven,Country urban,Rest of NSW - Urban,Straight,Driveway/entrance,,,Off,Sealed,Dry,Fine,Daylight,Nil,No traffic controls,60 km/h,Local,49,Other manoeuvring,400,Manov - other,,Other angle,Unknown motor vehicle,4 wheel drive / SUV,2,0,0,0,0,4,April,Autumn,Friday,08:00 - 09:59,AM peak / school commute,True,False,False,False
1349531,Non-casualty (towaway),Non-casualty (towaway),2024,2024,March,Saturday,20:00 - 21:59,FIGTREE,BVD,5,North,ORCHID,WAY,WADALBA,,No,Not a school zone,Roundabout,-33.263775,151.464467,Central Coast,Country urban,Syd-Newc-Woll Gtr conurbation,Straight,,,,On,Sealed,Dry,Fine,Darkness,Nil,Give way sign,50 km/h,Local,81,Off left/rt bnd=>obj,707,Right turn,Left,Vehicle - Object,Station wagon,,1,0,0,0,0,3,March,Autumn,Saturday,20:00 - 21:59,Evening / night,False,False,False,False
1349535,Non-casualty (towaway),Non-casualty (towaway),2024,2024,April,Tuesday,12:00 - 13:59,MONARO,ST,0,Right on the spot,TOALLO,ST,PAMBULA,,No,Not a school zone,X-intersection,-36.928897,149.872027,Bega Valley,Country urban,Rest of NSW - Urban,Straight,Crest,,,Nil,Sealed,Dry,Fine,Daylight,Nil,Stop sign,50 km/h,Local,10,Cross traffic,101,Adj - Cross traffic,,Right angle,Light truck utility(from 2018),4 wheel drive / SUV,2,0,0,0,0,4,April,Autumn,Tuesday,12:00 - 13:59,Midday / afternoon,False,False,False,False
1349550,Non-casualty (towaway),Non-casualty (towaway),2024,2024,April,Tuesday,18:00 - 19:59,ALLANDALE,RD,0,Right on the spot,NUMBER 31,HN,CESSNOCK,220.0,No,Not a school zone,2-way undivided,-32.828069,151.354679,Cessnock,Country urban,Rest of NSW - Urban,Straight,,,,On,Sealed,Dry,Fine,Darkness,Nil,No traffic controls,60 km/h,State,71,Off rd left => obj,703,Left off cway into object,,Other angle,Light truck utility(from 2018),4 wheel drive / SUV,3,0,0,0,0,4,April,Autumn,Tuesday,18:00 - 19:59,PM peak / evening commute,True,False,False,False
1349565,Non-casualty (towaway),Non-casualty (towaway),2024,2024,April,Sunday,00:01 - 01:59,BEATTIE,ST,10,North,WISBEACH,ST,BALMAIN,,No,Not a school zone,T-junction,-33.859618,151.173977,Inner West,Sydney metro. area,Syd-Newc-Woll Gtr conurbation,Curved,,,,On,Sealed,Dry,Fine,Darkness,Nil,No traffic controls,40 km/h,Local,81,Off left/rt bnd=>obj,803,Off right bend into obj,Left,Other angle,Station wagon,4 wheel drive / SUV,3,0,0,0,0,4,April,Autumn,Sunday,00:01 - 01:59,Late night / early morning,False,False,False,False
1349569,Non-casualty (towaway),Non-casualty (towaway),2024,2024,April,Friday,02:00 - 03:59,MOUNTBATTEN,DR,0,Right on the spot,NUMBER 34,HN,DUBBO,,No,Not a school zone,2-way undivided,-32.249887,148.636616,Dubbo Regional,Country urban,Rest of NSW - Urban,Straight,,,,On,Sealed,Dry,Fine,Darkness,Nil,No traffic controls,50 km/h,Local,71,Off rd left => obj,703,Left off cway into object,,Vehicle - Object,Light truck utility(from 2018),,1,0,0,0,0,4,April,Autumn,Friday,02:00 - 03:59,Late night / early morning,False,False,False,False