crash_id,degree_of_crash,degree_of_crash_-_detailed,reporting_year,year_of_crash,month_of_crash,day_of_week_of_crash,two-hour_intervals,street_of_crash,street_type,distance,direction,identifying_feature,identifying_feature_type,town,route_no.,school_zone_location,school_zone_active,type_of_location,latitude,longitude,lga,urbanisation,conurbation_1,alignment,primary_permanent_feature,primary_temporary_feature,primary_hazardous_feature,street_lighting,road_surface,surface_condition,weather,natural_lighting,signals_operation,other_traffic_control,speed_limit,road_classification_(admin),rum_-_code,rum_-_description,dca_-_code,dca_-_description,dca_supplement,first_impact_type,key_tu_type,other_tu_type,no._of_traffic_units_involved,no._killed,no._seriously_injured,no._moderately_injured,no._minor-other_injured,month_num,month_label,season,day_label,time_label,time_band,is_peak_commute,is_fatal,is_injury,is_casualty
1349584,Non-casualty (towaway),Non-casualty (towaway),2024,2024,February,Friday,06:00 - 07:59,COOLAWIN,RD,0,Right on the spot,NUMBER 77,HN,NORTHBRIDGE,,No,Not a school zone,2-way undivided,-33.808117,151.230638,Willoughby,Sydney metro. area,Syd-Newc-Woll Gtr conurbation,Curved,,,,Unknown / not stated,Sealed,Dry,Fine,Daylight,Nil,No traffic controls,50 km/h,Local,81,Off left/rt bnd=>obj,803,Off right bend into obj,Left,Other angle,Light truck utility(from 2018),Car (sedan/hatch),2,0,0,0,0,2,February,Summer,Friday,06:00 - 07:59,AM peak / school commute,True,False,False,False
1349587,Non-casualty (towaway),Non-casualty (towaway),2024,2024,January,Wednesday,12:00 - 13:59,PACIFIC,HWY,250,North,JETTY,AVE,CHARMHAVEN,10.0,No,Not a school zone,2-way undivided,-33.231227,151.502682,Central Coast,Country urban,Syd-Newc-Woll Gtr conurbation,Straight,Driveway/entrance,,,Unknown / not stated,Sealed,Dry,Fine,Daylight,Nil,No traffic controls,60 km/h,State,32,Right rear,303,Same - Rear right,,Rear end,Car (sedan/hatch),Car (sedan/hatch),2,0,0,0,0,1,January,Summer,Wednesday,12:00 - 13:59,Midday / afternoon,False,False,False,False
1349591,Non-casualty (towaway),Non-casualty (towaway),2024,2024,April,Sunday,12:00 - 13:59,WYSES,RD,100,West,WILLINA,RD,BUNYAH,,No,Not a school zone,2-way undivided,-32.150923,152.18153,Mid-Coast,Country non-urban,Rest of NSW - Rural,Straight,,,,Unknown / not stated,Unsealed,Dry,Fine,Daylight,Nil,No traffic controls,100 km/h,Local,67,Struck animal,609,On path - Hit animal,,Vehicle - Animal,Light truck utility(from 2018),,1,0,0,0,0,4,April,Autumn,Sunday,12:00 - 13:59,Midday / afternoon,False,False,False,False
1349594,Non-casualty (towaway),Non-casualty (towaway),2024,2024,April,Tuesday,18:00 - 19:59,OCEAN,AVE,0,Right on the spot,GREENOAKS,AVE,DOUBLE BAY,2089.0,No,Not a school zone,Roundabout,-33.877151,151.238732,Woollahra,Sydney metro. area,Syd-Newc-Woll Gtr conurbation,Straight,Steep grade,,,Unknown / not stated,Sealed,Wet,Raining,Darkness,Nil,Give way sign,50 km/h,Regional,73,Off rd rght => obj,704,Right off cway into obj,,Vehicle - Object,Car (sedan/hatch),,1,0,0,0,0,4,April,Autumn,Tuesday,18:00 - 19:59,PM peak / evening commute,True,False,False,False
1349599,Non-casualty (towaway),Non-casualty (towaway),2024,2024,April,Tuesday,16:00 - 17:59,CENTENARY,DR,20,North,ARTHUR,ST,HOMEBUSH WEST,200.0,No,Not a school zone,Divided road,-33.867747,151.064306,Strathfield,Sydney metro. area,Syd-Newc-Woll Gtr conurbation,Straight,,,,Unknown / not stated,Sealed,Wet,Overcast,Daylight,Nil,No traffic controls,80 km/h,State,35,Lane change left,307,Same - Lane change left,,Other angle,Car (sedan/hatch),Car (sedan/hatch),2,0,0,0,0,4,April,Autumn,Tuesday,16:00 - 17:59,PM peak / evening commute,True,False,False,False
1349609,Non-casualty (towaway),Non-casualty (towaway),2024,2024,April,Thursday,06:00 - 07:59,NEW ENGLAND,HWY,0,Right on the spot,ABERGLASSLYN,RD,RUTHERFORD,9.0,No,Not a school zone,T-junction,-32.719461,151.536334,Maitland,Country urban,Rest of NSW - Urban,Straight,,,,Unknown / not stated,Sealed,Dry,Fine,Darkness,On,No traffic controls,60 km/h,State,21,Right through,202,Opp - Right-thru,,Other angle,Car (sedan/hatch),Car (sedan/hatch),2,0,0,0,0,4,April,Autumn,Thursday,06:00 - 07:59,AM peak / school commute,True,False,False,False
1349612,Non-casualty (towaway),Non-casualty (towaway),2024,2024,April,Friday,20:00 - 21:59,EMPIRE BAY,DR,0,Right on the spot,NUMBER 225,HN,EMPIRE BAY,349.0,Yes,No,2-way undivided,-33.504601,151.363743,Central Coast,Country urban,Syd-Newc-Woll Gtr conurbation,Straight,,,,Unknown / not stated,Sealed,Wet,Raining,Darkness,Nil,No traffic controls,60 km/h,State,71,Off rd left => obj,703,Left off cway into object,,Other angle,4 wheel drive / SUV,4 wheel drive / SUV,3,0,0,0,0,4,April,Autumn,Friday,20:00 - 21:59,Evening / night,False,False,False,False
1349613,Non-casualty (towaway),Non-casualty (towaway),2024,2024,April,Thursday,18:00 - 19:59,HILL,RD,0,Right on the spot,PONDAGE LINK,MS,SYDNEY OLYMPIC PARK,7466.0,No,Not a school zone,T-junction,-33.841975,151.058643,Parramatta,Sydney metro. area,Syd-Newc-Woll Gtr conurbation,Straight,,,,Unknown / not stated,Sealed,Dry,Fine,Darkness,On,No traffic controls,60 km/h,Regional,30,Rear end,301,Same - Rear end,,Rear end,4 wheel drive / SUV,Car (sedan/hatch),2,0,0,0,0,4,April,Autumn,Thursday,18:00 - 19:59,PM peak / evening commute,True,False,False,False
1349617,Non-casualty (towaway),Non-casualty (towaway),2024,2024,April,Friday,22:00 - Midnight,SPRINGHILL,RD,500,West,BRIDGE,ST,PORT KEMBLA,581.0,No,Not a school zone,Divided road,-34.442982,150.88396,Wollongong,Wollongong met. area,Syd-Newc-Woll Gtr conurbation,Straight,,,,Unknown / not stated,Sealed,Dry,Fine,Darkness,Nil,No traffic controls,80 km/h,State,33,Lane sideswipe,305,Same - Lane side swipe,,Other angle,Car (sedan/hatch),Car (sedan/hatch),2,0,0,0,0,4,April,Autumn,Friday,22:00 - Midnight,Evening / night,False,False,False,False
1349620,Non-casualty (towaway),Non-casualty (towaway),2024,2024,March,Wednesday,14:00 - 15:59,BOUNDARY,RD,0,Right on the spot,UNIVERSAL,ST,MORTDALE,7006.0,No,Not a school zone,X-intersection,-33.970231,151.073645,Georges River,Sydney metro. area,Syd-Newc-Woll Gtr conurbation,Straight,,,,Unknown / not stated,Sealed,Dry,Fine,Daylight,Unknown / not stated,No traffic controls,50 km/h,Regional,21,Right through,202,Opp - Right-thru,,Other angle,Light truck utility(from 2018),4 wheel drive / SUV,2,0,0,0,0,3,March,Autumn,Wednesday,14:00 - 15:59,Midday / afternoon,False,False,False,False
1349621,Non-casualty (towaway),Non-casualty (towaway),2024,2024,April,Thursday,20:00 - 21:59,GOLDEN,HWY,7900,East,MERRIWA,TN,MERRIWA,27.0,No,Not a school zone,2-way undivided,-32.174151,150.433684,Upper Hunter,Country non-urban,Rest of NSW - Rural,Straight,,,,Unknown / not stated,Sealed,Dry,Fine,Darkness,Nil,No traffic controls,100 km/h,State,67,Struck animal,609,On path - Hit animal,,Vehicle - Animal,Light truck utility(from 2018),,1,0,0,0,0,4,April,Autumn,Thursday,20:00 - 21:59,Evening / night,False,False,False,False
1349624,Non-casualty (towaway),Non-casualty (towaway),2024,2024,April,Monday,12:00 - 13:59,PACIFIC,HWY,0,Right on the spot,WALLARAH,RD,KANWAL,10.0,No,Not a school zone,Roundabout,-33.252158,151.489844,Central Coast,Country urban,Syd-Newc-Woll Gtr conurbation,Straight,,,,Unknown / not stated,Sealed,Dry,Fine,Daylight,Nil,Give way sign,70 km/h,State,10,Cross traffic,101,Adj - Cross traffic,,Right angle,Car (sedan/hatch),Station wagon,2,0,0,0,0,4,April,Autumn,Monday,12:00 - 13:59,Midday / afternoon,False,False,False,False
1349626,Non-casualty (towaway),Non-casualty (towaway),2024,2024,April,Sunday,10:00 - 11:59,NOBLE,AVE,0,Right on the spot,RAWSON,RD,GREENACRE,,No,Not a school zone,Roundabout,-33.902116,151.05335,Canterbury-Bankstown,Sydney metro. area,Syd-Newc-Woll Gtr conurbation,Straight,,,,Unknown / not stated,Sealed,Dry,Fine,Daylight,Nil,Give way sign,60 km/h,Local,10,Cross traffic,101,Adj - Cross traffic,,Right angle,Passenger van,Car (sedan/hatch),2,0,0,0,0,4,April,Autumn,Sunday,10:00 - 11:59,Midday / afternoon,False,False,False,False
1349631,Non-casualty (towaway),Non-casualty (towaway),2024,2024,April,Tuesday,20:00 - 21:59,QUEENS,RD,0,Right on the spot,HARRIS,RD,FIVE DOCK,649.0,Yes,No,X-intersection,-33.869646,151.122307,Canada Bay,Sydney metro. area,Syd-Newc-Woll Gtr conurbation,Straight,,,,Unknown / not stated,Sealed,Dry,Fine,Darkness,On,No traffic controls,60 km/h,State,20,Head on,201,Opp - Head on,,Head-on,Station wagon,4 wheel drive / SUV,2,0,0,0,0,4,April,Autumn,Tuesday,20:00 - 21:59,Evening / night,False,False,False,False
1349633,Non-casualty (towaway),Non-casualty (towaway),2024,2024,April,Sunday,12:00 - 13:59,ALAN,ST,0,Right on the spot,NUMBER 137,HN,NIAGARA PARK,,No,Not a school zone,2-way undivided,-33.370766,151.358978,Central Coast,Country urban,Syd-Newc-Woll Gtr conurbation,Curved,Steep grade,,,Unknown / not stated,Sealed,Wet,Raining,Daylight,Nil,No traffic controls,50 km/h,Local,87,Off lft/lft bnd=>obj,804,Off left bend into obj,Left,Vehicle - Object,Light truck utility(from 2018),,1,0,0,0,0,4,April,Autumn,Sunday,12:00 - 13:59,Midday / afternoon,False,False,False,False
1349637,Non-casualty (towaway),Non-casualty (towaway),2024,2024,April,Thursday,14:00 - 15:59,PITTWATER,RD,0,Right on the spot,RENE,ST,EAST RYDE,2052.0,No,Not a school zone,Roundabout,-33.81413,151.140157,Ryde,Sydney metro. area,Syd-Newc-Woll Gtr conurbation,Curved,,,,Unknown / not stated,Sealed,Wet,Raining,Daylight,Nil,Give way sign,60 km/h,Regional,30,Rear end,301,Same - Rear end,,Rear end,Car (sedan/hatch),4 wheel drive / SUV,2,0,0,0,0,4,April,Autumn,Thursday,14:00 - 15:59,Midday / afternoon,False,False,False,False
1349640,Non-casualty (towaway),Non-casualty (towaway),2024,2024,April,Thursday,18:00 - 19:59,FREDERICK,ST,0,Right on the spot,ELIZABETH,ST,ASHFIELD,650.0,No,Not a school zone,X-intersection,-33.88415,151.12026,Inner West,Sydney metro. area,Syd-Newc-Woll Gtr conurbation,Straight,,,,Unknown / not stated,Sealed,Dry,Fine,Daylight,On,No traffic controls,50 km/h,State,11,Right far,102,Adj - Right-thru from left,,Right angle,Car (sedan/hatch),Car (sedan/hatch),3,0,0,0,0,4,April,Autumn,Thursday,18:00 - 19:59,PM peak / evening commute,True,False,False,False
1349643,Non-casualty (towaway),Non-casualty (towaway),2024,2024,April,Tuesday,16:00 - 17:59,BRUXNER,HWY,0,Right on the spot,JAMES,RD,GOONELLABAH,16.0,No,Not a school zone,T-junction,-28.811532,153.343623,Lismore,Country urban,Rest of NSW - Urban,Straight,,,,Unknown / not stated,Sealed,Dry,Overcast,Unknown,Nil,Give way sign,60 km/h,State,13,Right near,104,Adj - Right-thru from right,,Right angle,Station wagon,4 wheel drive / SUV,2,0,0,0,0,4,April,Autumn,Tuesday,16:00 - 17:59,PM peak / evening commute,True,False,False,False
1349644,Non-casualty (towaway),Non-casualty (towaway),2024,2024,April,Friday,16:00 - 17:59,NEWCASTLE,EXP,200,North,EDGEWORTH DAVID AVENUE,OP,WAHROONGA,6003.0,No,Not a school zone,Dual freeway,-33.706595,151.117829,Hornsby,Sydney metro. area,Syd-Newc-Woll Gtr conurbation,Curved,,,,Unknown / not stated,Sealed,Dry,Fine,Darkness,Nil,No traffic controls,110 km/h,State,30,Rear end,301,Same - Rear end,,Rear end,4 wheel drive / SUV,Light truck,2,0,0,0,0,4,April,Autumn,Friday,16:00 - 17:59,PM peak / evening commute,True,False,False,False
1349645,Non-casualty (towaway),Non-casualty (towaway),2024,2024,April,Tuesday,20:00 - 21:59,CLEMENTS,AVE,0,Right on the spot,HOSKINS,AVE,BANKSTOWN,,No,Not a school zone,T-junction,-33.931253,151.033244,Canterbury-Bankstown,Sydney metro. area,Syd-Newc-Woll Gtr conurbation,Straight,,,,Unknown / not stated,Sealed,Dry,Fine,Darkness,Nil,No traffic controls,50 km/h,Local,14,2 right turning,105,Adj - Two right turning,,Right angle,4 wheel drive / SUV,Car (sedan/hatch),2,0,0,0,0,4,April,Autumn,Tuesday,20:00 - 21:59,Evening / night,False,False,False,False
1349646,Non-casualty (towaway),Non-casualty (towaway),2024,2024,April,Sunday,22:00 - Midnight,ARTHUR,ST,0,Right on the spot,RICHMOND,RD,STRATHFIELD,2057.0,No,Not a school zone,T-junction,-33.867597,151.063622,Strathfield,Sydney metro. area,Syd-Newc-Woll Gtr conurbation,Straight,,,,Unknown / not stated,Sealed,Dry,Fine,Darkness,On,No traffic controls,60 km/h,Regional,21,Right through,202,Opp - Right-thru,,Other angle,Car (sedan/hatch),4 wheel drive / SUV,2,0,0,0,0,4,April,Autumn,Sunday,22:00 - Midnight,Evening / night,False,False,False,False
1349648,Non-casualty (towaway),Non-casualty (towaway),2024,2024,April,Saturday,12:00 - 13:59,KAMILAROI,HWY,0,Right on the spot,NUMBER 10900,HN,GUNNEDAH,29.0,No,Not a school zone,2-way undivided,-30.913092,150.178212,Gunnedah,Country non-urban,Rest of NSW - Rural,Straight,,,,Unknown / not stated,Sealed,Dry,Fine,Daylight,Nil,No traffic controls,100 km/h,State,40,U turn,304,Same - U-turn,,Other angle,Car (sedan/hatch),4 wheel drive / SUV,2,0,0,0,0,4,April,Autumn,Saturday,12:00 - 13:59,Midday / afternoon,False,False,False,False
1349649,Non-casualty (towaway),Non-casualty (towaway),2024,2024,April,Monday,14:00 - 15:59,NEWCASTLE,EXP,0,Right on the spot,NEWCASTLE LINK ROAD,OP,CAMERON PARK,6003.0,No,Not a school zone,Dual freeway,-32.889215,151.601206,Lake Macquarie,Newcastle met. area,Syd-Newc-Woll Gtr conurbation,Straight,Underpass/tunnel,,,Unknown / not stated,Sealed,Dry,Fine,Daylight,Nil,No traffic controls,110 km/h,State,39,Other same direction,300,Same - other,,Other angle,Car (sedan/hatch),Semi-trailer,2,0,0,0,0,4,April,Autumn,Monday,14:00 - 15:59,Midday / afternoon,False,False,False,False
1349652,Non-casualty (towaway),Non-casualty (towaway),2024,2024,April,Saturday,16:00 - 17:59,BURRINGBAR,ST,0,Right on the spot,DALLEY,ST,MULLUMBIMBY,463.0,No,Not a school zone,X-intersection,-28.553141,153.499641,Byron,Country urban,Rest of NSW - Urban,Straight,,,,Unknown / not stated,Sealed,Wet,Raining,Daylight,Nil,Give way sign,50 km/h,Regional,30,Rear end,301,Same - Rear end,,Rear end,4 wheel drive / SUV,4 wheel drive / SUV,2,0,0,0,0,4,April,Autumn,Saturday,16:00 - 17:59,PM peak / evening commute,True,False,False,False
1349654,Non-casualty (towaway),Non-casualty (towaway),2024,2024,April,Tuesday,08:00 - 09:59,MITCHELL,HWY,0,Right on the spot,EULOMOGO,RD,DUBBO,7.0,No,Not a school zone,T-junction,-32.274354,148.675594,Dubbo Regional,Country non-urban,Rest of NSW - Rural,Straight,,,,Unknown / not stated,Sealed,Wet,Fine,Daylight,Nil,Stop sign,110 km/h,State,33,Lane sideswipe,305,Same - Lane side swipe,,Other angle,Light truck utility(from 2018),Car (sedan/hatch),2,0,0,0,0,4,April,Autumn,Tuesday,08:00 - 09:59,AM peak / school commute,True,False,False,False
1349658,Non-casualty (towaway),Non-casualty (towaway),2024,2024,April,Friday,14:00 - 15:59,PRINCES,HWY,50,North,WASON,ST,ULLADULLA,1.0,No,Not a school zone,Divided road,-35.357894,150.474178,Shoalhaven,Country urban,Rest of NSW - Urban,Straight,Steep grade,,,Unknown / not stated,Sealed,Dry,Fine,Daylight,Nil,No traffic controls,50 km/h,State,44,Parking vehicles,403,Manov - Parking-parked vehicle,,Other angle,Car (sedan/hatch),4 wheel drive / SUV,2,0,0,0,0,4,April,Autumn,Friday,14:00 - 15:59,Midday / afternoon,False,False,False,False
1349661,Non-casualty (towaway),Non-casualty (towaway),2024,2024,April,Sunday,12:00 - 13:59,DARCY,RD,0,Right on the spot,STRICKLAND,PL,WENTWORTHVILLE,,No,Not a school zone,T-junction,-33.802225,150.969823,Parramatta,Sydney metro. area,Syd-Newc-Woll Gtr conurbation,Straight,,,,Unknown / not stated,Sealed,Dry,Fine,Daylight,Nil,No traffic controls,50 km/h,Local,40,U turn,207,Opp - U-turn,,Other angle,Car (sedan/hatch),Car (sedan/hatch),2,0,0,0,0,4,April,Autumn,Sunday,12:00 - 13:59,Midday / afternoon,False,False,False,False
1349663,Non-casualty (towaway),Non-casualty (towaway),2024,2024,April,Wednesday,16:00 - 17:59,M7 WESTLINK,EXP,100,South,THE HORSLEY DRIVE,OP,HORSLEY PARK,6009.0,No,Not a school zone,Dual freeway,-33.842729,150.85502,Fairfield,Sydney metro. area,Syd-Newc-Woll Gtr conurbation,Straight,,,,Unknown / not stated,Sealed,Dry,Fine,Daylight,Nil,No traffic controls,100 km/h,State,30,Rear end,301,Same - Rear end,,Rear end,Car (sedan/hatch),4 wheel drive / SUV,2,0,0,0,0,4,April,Autumn,Wednesday,16:00 - 17:59,PM peak / evening commute,True,False,False,False
1349664,Non-casualty (towaway),Non-casualty (towaway),2024,2024,April,Tuesday,08:00 - 09:59,RYDE,RD,0,Right on the spot,NUMBER 242,HN,WEST PYMBLE,162.0,No,Not a school zone,Divided road,-33.771625,151.135531,Ku-ring-gai,Sydney metro. area,Syd-Newc-Woll Gtr conurbation,Straight,,,,Unknown / not stated,Sealed,Dry,Overcast,Daylight,Nil,No traffic controls,70 km/h,State,34,Lane change right,306,Same - Lane change right,,Other angle,Car (sedan/hatch),Car (sedan/hatch),2,0,0,0,0,4,April,Autumn,Tuesday,08:00 - 09:59,AM peak / school commute,True,False,False,False
1349665,Non-casualty (towaway),Non-casualty (towaway),2024,2024,April,Sunday,16:00 - 17:59,WESTERN,EXP,600,East,GREAT WESTERN HIGHWAY,OP,HARRIS PARK,6004.0,No,Not a school zone,Dual freeway,-33.826842,151.011278,Parramatta,Sydney metro. area,Syd-Newc-Woll Gtr conurbation,Curved,,,,Unknown / not stated,Sealed,Dry,Fine,Daylight,Nil,No traffic controls,90 km/h,State,30,Rear end,301,Same - Rear end,,Rear end,Light truck,Light truck utility(from 2018),3,0,0,0,0,4,April,Autumn,Sunday,16:00 - 17:59,PM peak / evening commute,True,False,False,False
1349667,Non-casualty (towaway),Non-casualty (towaway),2024,2024,April,Saturday,10:00 - 11:59,BEAUCHAMP,RD,0,Right on the spot,ANZAC,PDE,MATRAVILLE,7340.0,No,Not a school zone,X-intersection,-33.953043,151.241757,Randwick,Sydney metro. area,Syd-Newc-Woll Gtr conurbation,Straight,,,,Unknown / not stated,Sealed,Dry,Fine,Daylight,On,No traffic controls,50 km/h,Regional,10,Cross traffic,101,Adj - Cross traffic,,Right angle,Station wagon,Car (sedan/hatch),2,0,0,0,0,4,April,Autumn,Saturday,10:00 - 11:59,Midday / afternoon,False,False,False,False
1349671,Non-casualty (towaway),Non-casualty (towaway),2024,2024,April,Sunday,02:00 - 03:59,PACIFIC,HWY,4000,North,WOOLI,RD,PILLAR VALLEY,10.0,No,Not a school zone,Divided road,-29.717495,153.127199,Clarence Valley,Country non-urban,Rest of NSW - Rural,Curved,,,,Unknown / not stated,Sealed,Wet,Raining,Darkness,Nil,No traffic controls,110 km/h,State,88,Out of cont on bend,805,Out of control on bend,,Rollover,Car (sedan/hatch),,1,0,0,0,0,4,April,Autumn,Sunday,02:00 - 03:59,Late night / early morning,False,False,False,False
1349674,Non-casualty (towaway),Non-casualty (towaway),2024,2024,April,Sunday,04:00 - 05:59,STEWARTS RIVER,RD,0,Right on the spot,NUMBER 833,HN,LORNE,,No,Not a school zone,2-way undivided,-31.670011,152.613657,Port Macquarie-Hastings,Country non-urban,Rest of NSW - Rural,Straight,Steep grade,,,Unknown / not stated,Sealed,Wet,Fog or mist,Dawn,Nil,No traffic controls,100 km/h,Local,71,Off rd left => obj,703,Left off cway into object,,Vehicle - Object,4 wheel drive / SUV,,1,0,0,0,0,4,April,Autumn,Sunday,04:00 - 05:59,Late night / early morning,False,False,False,False
1349678,Non-casualty (towaway),Non-casualty (towaway),2024,2024,April,Wednesday,16:00 - 17:59,RIVERINA,HWY,0,Right on the spot,KEENE,ST,EAST ALBURY,20.0,No,Not a school zone,X-intersection,-36.076473,146.936459,Albury,Country urban,Rest of NSW - Urban,Straight,,,,Unknown / not stated,Sealed,Dry,Fine,Daylight,Nil,Give way sign,60 km/h,State,21,Right through,202,Opp - Right-thru,,Other angle,4 wheel drive / SUV,Car (sedan/hatch),2,0,0,0,0,4,April,Autumn,Wednesday,16:00 - 17:59,PM peak / evening commute,True,False,False,False
1349679,Non-casualty (towaway),Non-casualty (towaway),2024,2024,April,Friday,00:01 - 01:59,NEW ENGLAND,HWY,0,Right on the spot,COLLY CREEK,RD,WILLOW TREE,9.0,No,Not a school zone,T-junction,-31.620337,150.734438,Liverpool Plains,Country non-urban,Rest of NSW - Rural,Curved,,,,Unknown / not stated,Sealed,Wet,Raining,Darkness,Nil,No traffic controls,100 km/h,State,88,Out of cont on bend,805,Out of control on bend,,Rollover,B-double (road train prior 98),,1,0,0,0,0,4,April,Autumn,Friday,00:01 - 01:59,Late night / early morning,False,False,False,False
1349683,Non-casualty (towaway),Non-casualty (towaway),2024,2024,April,Saturday,10:00 - 11:59,BULLER,ST,10,East,GORE,ST,PORT MACQUARIE,,No,Not a school zone,T-junction,-31.431222,152.902587,Port Macquarie-Hastings,Country urban,Rest of NSW - Urban,Straight,,,,Unknown / not stated,Sealed,Dry,Fine,Daylight,Nil,No traffic controls,50 km/h,Local,42,Leaving parking,401,Manov - Leaving parking,,Other angle,Car (sedan/hatch),Light truck utility(from 2018),2,0,0,0,0,4,April,Autumn,Saturday,10:00 - 11:59,Midday / afternoon,False,False,False,False
1349684,Non-casualty (towaway),Non-casualty (towaway),2024,2024,April,Thursday,14:00 - 15:59,BUCKETTS,WAY,250,South,LEMON GROVE,RD,BOORAL,90.0,No,Not a school zone,2-way undivided,-32.504838,151.944635,Mid-Coast,Country non-urban,Rest of NSW - Rural,Curved,,,,Unknown / not stated,Sealed,Dry,Fine,Daylight,Nil,No traffic controls,90 km/h,Regional,20,Head on,201,Opp - Head on,,Head-on,4 wheel drive / SUV,Light truck utility(from 2018),2,0,0,0,0,4,April,Autumn,Thursday,14:00 - 15:59,Midday / afternoon,False,False,False,False
1349688,Non-casualty (towaway),Non-casualty (towaway),2024,2024,April,Saturday,06:00 - 07:59,BARRIER,HWY,20000,West,WILCANNIA,TN,WILCANNIA,8.0,No,Not a school zone,2-way undivided,-31.576454,143.180501,Central Darling,Country non-urban,Rest of NSW - Rural,Straight,,,,Unknown / not stated,Sealed,Dry,Fine,Unknown,Nil,No traffic controls,110 km/h,State,74,On road-out of cont.,705,Out of control on cway,,Rollover,Rigid tanker,,1,0,0,0,0,4,April,Autumn,Saturday,06:00 - 07:59,AM peak / school commute,True,False,False,False
1349694,Non-casualty (towaway),Non-casualty (towaway),2024,2024,April,Thursday,06:00 - 07:59,BINDA,RD,1000,East,BOOROWA,RD,CROOKWELL,54.0,No,Not a school zone,2-way undivided,-34.448089,149.431008,Upper Lachlan,Country non-urban,Rest of NSW - Rural,Straight,Steep grade,,,Unknown / not stated,Sealed,Dry,Fine,Daylight,Nil,No traffic controls,100 km/h,State,67,Struck animal,609,On path - Hit animal,,Vehicle - Animal,4 wheel drive / SUV,,1,0,0,0,0,4,April,Autumn,Thursday,06:00 - 07:59,AM peak / school commute,True,False,False,False
1349695,Non-casualty (towaway),Non-casualty (towaway),2024,2024,April,Friday,00:01 - 01:59,SILVER CITY,HWY,140,West,BONANZA,ST,BROKEN HILL,22.0,No,Not a school zone,2-way undivided,-31.982279,141.457936,Broken Hill,Country urban,Rest of NSW - Urban,Straight,,,,Unknown / not stated,Sealed,Dry,Fine,Darkness,Nil,No traffic controls,50 km/h,State,73,Off rd rght => obj,704,Right off cway into obj,,Other angle,Light truck utility(from 2018),Car (sedan/hatch),2,0,0,0,0,4,April,Autumn,Friday,00:01 - 01:59,Late night / early morning,False,False,False,False
1349697,Non-casualty (towaway),Non-casualty (towaway),2024,2024,April,Monday,18:00 - 19:59,GLEDSWOOD HILLS,DR,0,Right on the spot,THE HERMITAGE,WAY,GLEDSWOOD HILLS,,No,Not a school zone,T-junction,-34.013947,150.777003,Camden,Sydney metro. area,Syd-Newc-Woll Gtr conurbation,Curved,,,,Unknown / not stated,Sealed,Dry,Fine,Darkness,Nil,No traffic controls,50 km/h,Local,21,Right through,202,Opp - Right-thru,,Other angle,Car (sedan/hatch),Passenger van,2,0,0,0,0,4,April,Autumn,Monday,18:00 - 19:59,PM peak / evening commute,True,False,False,False
1349698,Non-casualty (towaway),Non-casualty (towaway),2024,2024,April,Wednesday,20:00 - 21:59,COLLAERY,RD,0,Right on the spot,NUMBER 62-64,HN,RUSSELL VALE,,No,Not a school zone,2-way undivided,-34.355884,150.903191,Wollongong,Wollongong met. area,Syd-Newc-Woll Gtr conurbation,Straight,,,,Unknown / not stated,Sealed,Dry,Fine,Darkness,Nil,No traffic controls,50 km/h,Local,71,Off rd left => obj,703,Left off cway into object,,Other angle,Utility,Car (sedan/hatch),2,0,0,0,0,4,April,Autumn,Wednesday,20:00 - 21:59,Evening / night,False,False,False,False
1349699,Non-casualty (towaway),Non-casualty (towaway),2024,2024,April,Wednesday,12:00 - 13:59,TASMAN,RD,0,Right on the spot,NUMBER 21,HN,ST GEORGES BASIN,7631.0,No,Not a school zone,2-way undivided,-35.088297,150.593538,Shoalhaven,Country urban,Rest of NSW - Urban,Straight,,,,Unknown / not stated,Sealed,Dry,Overcast,Daylight,Nil,No traffic controls,50 km/h,Regional,71,Off rd left => obj,703,Left off cway into object,,Other angle,Light truck,Car (sedan/hatch),2,0,0,0,0,4,April,Autumn,Wednesday,12:00 - 13:59,Midday / afternoon,False,False,False,False
1349700,Non-casualty (towaway),Non-casualty (towaway),2024,2024,April,Tuesday,00:01 - 01:59,WOODBURY PARK,DR,0,Right on the spot,NUMBER 48A,HN,MARDI,,No,Not a school zone,2-way undivided,-33.304998,151.413707,Central Coast,Country urban,Syd-Newc-Woll Gtr conurbation,Curved,,,,Unknown / not stated,Sealed,Dry,Fine,Darkness,Nil,No traffic controls,50 km/h,Local,85,Off rt/lft bnd=>obj,804,Off left bend into obj,Right,Other angle,Car (sedan/hatch),Light truck utility(from 2018),2,0,0,0,0,4,April,Autumn,Tuesday,00:01 - 01:59,Late night / early morning,False,False,False,False
1349702,Non-casualty (towaway),Non-casualty (towaway),2024,2024,April,Saturday,12:00 - 13:59,DEBENHAM,RD,0,Right on the spot,GINDURRA,RD,SOMERSBY,,No,Not a school zone,T-junction,-33.414547,151.300077,Central Coast,Country urban,Syd-Newc-Woll Gtr conurbation,Curved,,,,Unknown / not stated,Sealed,Wet,Raining,Daylight,Nil,Give way sign,50 km/h,Local,21,Right through,202,Opp - Right-thru,,Other angle,4 wheel drive / SUV,Car (sedan/hatch),2,0,0,0,0,4,April,Autumn,Saturday,12:00 - 13:59,Midday / afternoon,False,False,False,False