crash_id,degree_of_crash,degree_of_crash_-_detailed,reporting_year,year_of_crash,month_of_crash,day_of_week_of_crash,two-hour_intervals,street_of_crash,street_type,distance,direction,identifying_feature,identifying_feature_type,town,route_no.,school_zone_location,school_zone_active,type_of_location,latitude,longitude,lga,urbanisation,conurbation_1,alignment,primary_permanent_feature,primary_temporary_feature,primary_hazardous_feature,street_lighting,road_surface,surface_condition,weather,natural_lighting,signals_operation,other_traffic_control,speed_limit,road_classification_(admin),rum_-_code,rum_-_description,dca_-_code,dca_-_description,dca_supplement,first_impact_type,key_tu_type,other_tu_type,no._of_traffic_units_involved,no._killed,no._seriously_injured,no._moderately_injured,no._minor-other_injured,month_num,month_label,season,day_label,time_label,time_band,is_peak_commute,is_fatal,is_injury,is_casualty
1349703,Non-casualty (towaway),Non-casualty (towaway),2024,2024,April,Monday,06:00 - 07:59,LISMORE,RD,1250,West,BINNA BURRA,RD,NASHUA,65.0,No,Not a school zone,2-way undivided,-28.716584,153.482691,Byron,Country urban,Rest of NSW - Urban,Curved,Embankment/cutting,,,Unknown / not stated,Sealed,Wet,Raining,Daylight,Nil,No traffic controls,80 km/h,State,81,Off left/rt bnd=>obj,803,Off right bend into obj,Left,Vehicle - Object,Light truck utility(from 2018),,1,0,0,0,0,4,April,Autumn,Monday,06:00 - 07:59,AM peak / school commute,True,False,False,False
1349708,Non-casualty (towaway),Non-casualty (towaway),2024,2024,April,Sunday,12:00 - 13:59,BEACH,ST,0,Right on the spot,NUMBER 11,HN,HUSKISSON,,No,Not a school zone,2-way undivided,-35.045077,150.675702,Shoalhaven,Country urban,Rest of NSW - Urban,Straight,,,,Off,Sealed,Dry,Fine,Daylight,Nil,No traffic controls,50 km/h,Local,44,Parking vehicles,403,Manov - Parking-parked vehicle,,Other angle,Light truck utility(from 2018),4 wheel drive / SUV,2,0,0,0,0,4,April,Autumn,Sunday,12:00 - 13:59,Midday / afternoon,False,False,False,False
1349709,Non-casualty (towaway),Non-casualty (towaway),2024,2024,April,Saturday,20:00 - 21:59,DELTA,ST,0,Right on the spot,NUMBER 9,HN,SUTHERLAND,,No,Not a school zone,2-way undivided,-34.02702,151.048739,Sutherland,Sydney metro. area,Syd-Newc-Woll Gtr conurbation,Curved,,,,Unknown / not stated,Sealed,Wet,Raining,Darkness,Nil,No traffic controls,50 km/h,Local,85,Off rt/lft bnd=>obj,804,Off left bend into obj,Right,Vehicle - Object,Car (sedan/hatch),,1,0,0,0,0,4,April,Autumn,Saturday,20:00 - 21:59,Evening / night,False,False,False,False
1349711,Non-casualty (towaway),Non-casualty (towaway),2024,2024,April,Wednesday,16:00 - 17:59,KINGS,HWY,1750,North,MCCARDYS CREEK,RD,CURROWAN,51.0,No,Not a school zone,2-way undivided,-35.62631,150.078491,Eurobodalla,Country non-urban,Rest of NSW - Rural,Curved,Steep grade,,,Unknown / not stated,Sealed,Dry,Fine,Dusk,Nil,No traffic controls,90 km/h,State,81,Off left/rt bnd=>obj,803,Off right bend into obj,Left,Vehicle - Object,Car (sedan/hatch),,1,0,0,0,0,4,April,Autumn,Wednesday,16:00 - 17:59,PM peak / evening commute,True,False,False,False
1349716,Non-casualty (towaway),Non-casualty (towaway),2024,2024,April,Wednesday,22:00 - Midnight,GUEST,AVE,0,Right on the spot,OLD PRINCES,HWY,FAIRY MEADOW,,No,Not a school zone,T-junction,-34.394716,150.892777,Wollongong,Wollongong met. area,Syd-Newc-Woll Gtr conurbation,Straight,,,,Unknown / not stated,Sealed,Dry,Fine,Darkness,Nil,Stop sign,50 km/h,Local,21,Right through,202,Opp - Right-thru,,Other angle,Car (sedan/hatch),Car (sedan/hatch),2,0,0,0,0,4,April,Autumn,Wednesday,22:00 - Midnight,Evening / night,False,False,False,False
1349718,Non-casualty (towaway),Non-casualty (towaway),2024,2024,April,Saturday,18:00 - 19:59,FIRST,AVE,0,Right on the spot,RYEDALE,RD,EASTWOOD,574.0,No,Not a school zone,X-intersection,-33.79151,151.086672,Ryde,Sydney metro. area,Syd-Newc-Woll Gtr conurbation,Straight,,,,Unknown / not stated,Sealed,Dry,Overcast,Darkness,Nil,Stop sign,50 km/h,State,16,Left near,107,Adj - Left-thru from right,,Right angle,Car (sedan/hatch),4 wheel drive / SUV,2,0,0,0,0,4,April,Autumn,Saturday,18:00 - 19:59,PM peak / evening commute,True,False,False,False
1349719,Non-casualty (towaway),Non-casualty (towaway),2024,2024,April,Saturday,12:00 - 13:59,GREAT WESTERN,HWY,950,East,JENOLAN CAVES,RD,HARTLEY,5.0,No,Not a school zone,Divided road,-33.544201,150.176724,Lithgow,Country urban,Rest of NSW - Urban,Curved,Steep grade,,,Unknown / not stated,Sealed,Wet,Raining,Daylight,Nil,No traffic controls,80 km/h,State,83,Off rt/rt bnd=>obj,803,Off right bend into obj,Right,Vehicle - Object,Car (sedan/hatch),,1,0,0,0,0,4,April,Autumn,Saturday,12:00 - 13:59,Midday / afternoon,False,False,False,False
1349722,Non-casualty (towaway),Non-casualty (towaway),2024,2024,March,Friday,12:00 - 13:59,BECKWITH,ST,0,Right on the spot,GURWOOD,ST,WAGGA WAGGA,,No,Not a school zone,X-intersection,-35.108007,147.362523,Wagga Wagga,Country urban,Rest of NSW - Urban,Straight,,,,Unknown / not stated,Sealed,Dry,Fine,Daylight,Nil,Stop sign,50 km/h,Local,10,Cross traffic,101,Adj - Cross traffic,,Right angle,4 wheel drive / SUV,4 wheel drive / SUV,2,0,0,0,0,3,March,Autumn,Friday,12:00 - 13:59,Midday / afternoon,False,False,False,False
1349728,Non-casualty (towaway),Non-casualty (towaway),2024,2024,February,Thursday,22:00 - Midnight,OXFORD,ST,0,Right on the spot,PALMER,ST,DARLINGHURST,172.0,No,Not a school zone,T-junction,-33.879825,151.216021,Sydney,Sydney metro. area,Syd-Newc-Woll Gtr conurbation,Straight,,,,On,Sealed,Dry,Fine,Darkness,On,No traffic controls,40 km/h,State,40,U turn,304,Same - U-turn,,Other angle,Light truck,Car (sedan/hatch),2,0,0,0,0,2,February,Summer,Thursday,22:00 - Midnight,Evening / night,False,False,False,False
1349729,Non-casualty (towaway),Non-casualty (towaway),2024,2024,April,Tuesday,20:00 - 21:59,WAKEHURST,PKWY,0,Right on the spot,FRENCHS FOREST,RD,FRENCHS FOREST,397.0,No,Not a school zone,X-intersection,-33.749959,151.234903,Northern Beaches,Sydney metro. area,Syd-Newc-Woll Gtr conurbation,Straight,Steep grade,,,Unknown / not stated,Sealed,Dry,Fine,Darkness,On,No traffic controls,50 km/h,State,39,Other same direction,300,Same - other,,Other angle,4 wheel drive / SUV,4 wheel drive / SUV,2,0,0,0,0,4,April,Autumn,Tuesday,20:00 - 21:59,Evening / night,False,False,False,False
1349732,Non-casualty (towaway),Non-casualty (towaway),2024,2024,April,Wednesday,10:00 - 11:59,FOREST,RD,0,Right on the spot,JERSEY,AVE,PENSHURST,168.0,No,Not a school zone,T-junction,-33.961261,151.077998,Georges River,Sydney metro. area,Syd-Newc-Woll Gtr conurbation,Straight,,,,Unknown / not stated,Sealed,Dry,Fine,Daylight,Nil,Give way sign,60 km/h,State,21,Right through,202,Opp - Right-thru,,Other angle,Car (sedan/hatch),4 wheel drive / SUV,2,0,0,0,0,4,April,Autumn,Wednesday,10:00 - 11:59,Midday / afternoon,False,False,False,False
1349733,Non-casualty (towaway),Non-casualty (towaway),2024,2024,April,Tuesday,12:00 - 13:59,WAGGA WAGGA,RD,0,Right on the spot,HUME,HWY,HOLBROOK,211.0,No,Not a school zone,T-junction,-35.705435,147.322422,Greater Hume,Country urban,Rest of NSW - Urban,Straight,,,,Unknown / not stated,Sealed,Dry,Fine,Daylight,Nil,No traffic controls,80 km/h,State,81,Off left/rt bnd=>obj,707,Right turn,Left,Vehicle - Object,Large rigid,,1,0,0,0,0,4,April,Autumn,Tuesday,12:00 - 13:59,Midday / afternoon,False,False,False,False
1349735,Non-casualty (towaway),Non-casualty (towaway),2024,2024,April,Friday,18:00 - 19:59,M7 WESTLINK,EXP,0,Right on the spot,WESTERN EXPRESSWAY,TO,EASTERN CREEK,6009.0,No,Not a school zone,Dual freeway,-33.805268,150.852668,Blacktown,Sydney metro. area,Syd-Newc-Woll Gtr conurbation,Straight,,,,Unknown / not stated,Sealed,Dry,Fine,Dusk,Nil,No traffic controls,100 km/h,State,30,Rear end,301,Same - Rear end,,Rear end,Car (sedan/hatch),Car (sedan/hatch),2,0,0,0,0,4,April,Autumn,Friday,18:00 - 19:59,PM peak / evening commute,True,False,False,False
1349737,Non-casualty (towaway),Non-casualty (towaway),2024,2024,April,Monday,16:00 - 17:59,HARVIE,DR,0,Right on the spot,SUNRISE,DR,BOAMBEE EAST,,No,Not a school zone,T-junction,-30.353698,153.072045,Coffs Harbour,Country urban,Rest of NSW - Urban,Straight,,,,Unknown / not stated,Sealed,Dry,Overcast,Dusk,Nil,No traffic controls,50 km/h,Local,14,2 right turning,105,Adj - Two right turning,,Right angle,Car (sedan/hatch),Car (sedan/hatch),2,0,0,0,0,4,April,Autumn,Monday,16:00 - 17:59,PM peak / evening commute,True,False,False,False
1349738,Non-casualty (towaway),Non-casualty (towaway),2024,2024,April,Thursday,16:00 - 17:59,THE NORTHERN,RD,0,Right on the spot,DWYER,RD,BRINGELLY,154.0,No,Not a school zone,T-junction,-33.915918,150.708313,Liverpool,Sydney metro. area,Syd-Newc-Woll Gtr conurbation,Straight,,,,Unknown / not stated,Sealed,Dry,Fine,Daylight,Nil,Give way sign,80 km/h,State,29,Other opposing,200,Opp - other,,Other angle,Other bus,Light truck,2,0,0,0,0,4,April,Autumn,Thursday,16:00 - 17:59,PM peak / evening commute,True,False,False,False
1349740,Non-casualty (towaway),Non-casualty (towaway),2024,2024,April,Monday,20:00 - 21:59,QUAKERS HILL,PKWY,190,East,HAMBLEDON,RD,QUAKERS HILL,7153.0,No,Not a school zone,Divided road,-33.72442,150.891013,Blacktown,Sydney metro. area,Syd-Newc-Woll Gtr conurbation,Straight,Other bridge,,,Unknown / not stated,Sealed,Dry,Fine,Darkness,Nil,No traffic controls,70 km/h,Regional,39,Other same direction,300,Same - other,,Other angle,4 wheel drive / SUV,Car (sedan/hatch),2,0,0,0,0,4,April,Autumn,Monday,20:00 - 21:59,Evening / night,False,False,False,False
1349766,Non-casualty (towaway),Non-casualty (towaway),2024,2024,January,Saturday,04:00 - 05:59,HUME,HWY,1000,South,CAMPBELLTOWN ROAD,OP,INGLEBURN,2.0,No,Not a school zone,Dual freeway,-34.00898,150.830919,Campbelltown,Sydney metro. area,Syd-Newc-Woll Gtr conurbation,Curved,,,,Nil,Sealed,Dry,Fine,Darkness,Nil,No traffic controls,110 km/h,State,85,Off rt/lft bnd=>obj,804,Off left bend into obj,Right,Vehicle - Object,Car (sedan/hatch),,1,0,0,0,0,1,January,Summer,Saturday,04:00 - 05:59,Late night / early morning,False,False,False,False
1349796,Non-casualty (towaway),Non-casualty (towaway),2024,2024,January,Monday,14:00 - 15:59,PRINCES,HWY,20,North,BAY,ST,ROCKDALE,1.0,No,Not a school zone,Divided road,-33.952749,151.137577,Bayside,Sydney metro. area,Syd-Newc-Woll Gtr conurbation,Straight,,,,Off,Sealed,Dry,Fine,Daylight,Nil,No traffic controls,60 km/h,State,73,Off rd rght => obj,704,Right off cway into obj,,Vehicle - Object,4 wheel drive / SUV,,1,0,0,0,0,1,January,Summer,Monday,14:00 - 15:59,Midday / afternoon,False,False,False,False
1349797,Non-casualty (towaway),Non-casualty (towaway),2024,2024,February,Sunday,18:00 - 19:59,MELBOURNE,ST,0,Right on the spot,NUMBER 50,HN,ABERMAIN,,No,Not a school zone,Single limited access,-32.810002,151.427189,Cessnock,Country urban,Rest of NSW - Urban,Straight,,,,Nil,Sealed,Dry,Fine,Daylight,Nil,No traffic controls,50 km/h,Local,71,Off rd left => obj,703,Left off cway into object,,Other angle,Car (sedan/hatch),Car (sedan/hatch),3,0,0,0,0,2,February,Summer,Sunday,18:00 - 19:59,PM peak / evening commute,True,False,False,False
1349833,Non-casualty (towaway),Non-casualty (towaway),2024,2024,February,Thursday,06:00 - 07:59,BEYER,RD,0,Right on the spot,HAUSSMAN,DR,THORNTON,,No,Not a school zone,T-junction,-32.780576,151.637155,Maitland,Country urban,Rest of NSW - Urban,Straight,Steep grade,,,Off,Sealed,Dry,Fine,Dawn,Nil,No traffic controls,60 km/h,Local,73,Off rd rght => obj,704,Right off cway into obj,,Vehicle - Object,Light truck utility(from 2018),,1,0,0,0,0,2,February,Summer,Thursday,06:00 - 07:59,AM peak / school commute,True,False,False,False
1349838,Non-casualty (towaway),Non-casualty (towaway),2024,2024,March,Thursday,00:01 - 01:59,TERALBA,RD,20,South,GLEBE,RD,ADAMSTOWN,,No,Not a school zone,2-way undivided,-32.934077,151.72351,Newcastle,Newcastle met. area,Syd-Newc-Woll Gtr conurbation,Straight,,,,Unknown / not stated,Sealed,Unknown,Unknown,Darkness,Nil,No traffic controls,50 km/h,Local,73,Off rd rght => obj,704,Right off cway into obj,,Other angle,Car (sedan/hatch),4 wheel drive / SUV,3,0,0,0,0,3,March,Autumn,Thursday,00:01 - 01:59,Late night / early morning,False,False,False,False
1349846,Non-casualty (towaway),Non-casualty (towaway),2024,2024,March,Monday,16:00 - 17:59,BATHURST,ST,50,East,GEORGE,ST,SYDNEY,7306.0,No,Not a school zone,1-way street,-33.874422,151.207341,Sydney,Sydney metro. area,Syd-Newc-Woll Gtr conurbation,Straight,,,,On,Sealed,Dry,Fine,Dusk,Nil,No traffic controls,40 km/h,Regional,71,Off rd left => obj,703,Left off cway into object,,Other angle,Unknown motor vehicle,Car (sedan/hatch),2,0,0,0,0,3,March,Autumn,Monday,16:00 - 17:59,PM peak / evening commute,True,False,False,False
1349870,Non-casualty (towaway),Non-casualty (towaway),2024,2024,April,Sunday,18:00 - 19:59,BUNNERONG,RD,0,Right on the spot,SNAPE,ST,PAGEWOOD,171.0,No,Not a school zone,T-junction,-33.933657,151.23034,Bayside,Sydney metro. area,Syd-Newc-Woll Gtr conurbation,Straight,,,,On,Sealed,Dry,Fine,Darkness,On,No traffic controls,60 km/h,State,32,Right rear,303,Same - Rear right,,Rear end,Light truck utility(from 2018),Light truck utility(from 2018),2,0,0,0,0,4,April,Autumn,Sunday,18:00 - 19:59,PM peak / evening commute,True,False,False,False
1349881,Non-casualty (towaway),Non-casualty (towaway),2024,2024,April,Thursday,04:00 - 05:59,SOUTH WESTERN,EXP,200,West,THE RIVER ROAD,OP,REVESBY,6005.0,No,Not a school zone,Dual freeway,-33.940677,151.016211,Canterbury-Bankstown,Sydney metro. area,Syd-Newc-Woll Gtr conurbation,Straight,,,,Nil,Sealed,Dry,Fine,Dawn,Nil,No traffic controls,100 km/h,State,33,Lane sideswipe,305,Same - Lane side swipe,,Other angle,4 wheel drive / SUV,Station wagon,2,0,0,0,0,4,April,Autumn,Thursday,04:00 - 05:59,Late night / early morning,False,False,False,False
1349914,Non-casualty (towaway),Non-casualty (towaway),2024,2024,April,Monday,00:01 - 01:59,GEORGE,ST,0,Right on the spot,NUMBER 50,HN,GUNNEDAH,,No,Not a school zone,2-way undivided,-30.987458,150.24408,Gunnedah,Country urban,Rest of NSW - Urban,Straight,,,,On,Sealed,Dry,Fine,Darkness,Nil,No traffic controls,50 km/h,Local,71,Off rd left => obj,703,Left off cway into object,,Vehicle - Object,4 wheel drive / SUV,,1,0,0,0,0,4,April,Autumn,Monday,00:01 - 01:59,Late night / early morning,False,False,False,False
1349929,Non-casualty (towaway),Non-casualty (towaway),2024,2024,April,Thursday,20:00 - 21:59,THE HORSLEY,DR,70,West,GRANVILLE,ST,SMITHFIELD,609.0,No,Not a school zone,2-way undivided,-33.856723,150.949867,Fairfield,Sydney metro. area,Syd-Newc-Woll Gtr conurbation,Straight,,,,Unknown / not stated,Sealed,Unknown,Unknown,Darkness,Nil,No traffic controls,60 km/h,State,74,On road-out of cont.,705,Out of control on cway,,Rollover,Car (sedan/hatch),,1,0,0,0,0,4,April,Autumn,Thursday,20:00 - 21:59,Evening / night,False,False,False,False
1349931,Non-casualty (towaway),Non-casualty (towaway),2024,2024,April,Monday,22:00 - Midnight,EDINBURGH,ST,0,Right on the spot,NORTHVIEW,ST,WEST TAMWORTH,,No,Not a school zone,T-junction,-31.101391,150.897743,Tamworth Regional,Country urban,Rest of NSW - Urban,Straight,,,,On,Sealed,Dry,Fine,Darkness,Nil,No traffic controls,50 km/h,Local,75,Off end of road,709,Off end cway or T junct,,Rollover,Car (sedan/hatch),,1,0,0,0,0,4,April,Autumn,Monday,22:00 - Midnight,Evening / night,False,False,False,False
1349942,Non-casualty (towaway),Non-casualty (towaway),2024,2024,April,Friday,22:00 - Midnight,GREAT WESTERN,HWY,0,Right on the spot,DERWENT,ST,CAMPERDOWN,5.0,No,Not a school zone,X-intersection,-33.884795,151.191406,Sydney,Sydney metro. area,Syd-Newc-Woll Gtr conurbation,Straight,,Police pursuit,,On,Sealed,Dry,Fine,Darkness,On,No traffic controls,50 km/h,State,35,Lane change left,307,Same - Lane change left,,Other angle,4 wheel drive / SUV,Car (sedan/hatch),3,0,0,0,0,4,April,Autumn,Friday,22:00 - Midnight,Evening / night,False,False,False,False
1349951,Non-casualty (towaway),Non-casualty (towaway),2024,2024,March,Friday,00:01 - 01:59,JELLICOE,ST,0,Right on the spot,WAITARA,PDE,HURSTVILLE GROVE,,No,Not a school zone,X-intersection,-33.976704,151.093367,Georges River,Sydney metro. area,Syd-Newc-Woll Gtr conurbation,Straight,,,,On,Sealed,Dry,Fine,Darkness,Nil,Give way sign,50 km/h,Local,10,Cross traffic,101,Adj - Cross traffic,,Right angle,Car (sedan/hatch),Car (sedan/hatch),2,0,0,0,0,3,March,Autumn,Friday,00:01 - 01:59,Late night / early morning,False,False,False,False
1349956,Non-casualty (towaway),Non-casualty (towaway),2024,2024,April,Wednesday,08:00 - 09:59,ROPER,RD,360,North,ERSKINE PARK,RD,COLYTON,629.0,No,Not a school zone,2-way undivided,-33.789215,150.807151,Penrith,Sydney metro. area,Syd-Newc-Woll Gtr conurbation,Straight,,,,Off,Sealed,Dry,Fine,Daylight,Nil,No traffic controls,60 km/h,State,34,Lane change right,306,Same - Lane change right,,Other angle,Car (sedan/hatch),Large rigid,2,0,0,0,0,4,April,Autumn,Wednesday,08:00 - 09:59,AM peak / school commute,True,False,False,False
1349962,Non-casualty (towaway),Non-casualty (towaway),2024,2024,April,Wednesday,00:01 - 01:59,JUNO,PDE,0,Right on the spot,NUMBER 162,HN,GREENACRE,636.0,No,Not a school zone,2-way undivided,-33.907355,151.061419,Canterbury-Bankstown,Sydney metro. area,Syd-Newc-Woll Gtr conurbation,Straight,,,,On,Sealed,Dry,Fine,Darkness,Nil,No traffic controls,60 km/h,State,71,Off rd left => obj,703,Left off cway into object,,Other angle,Car (sedan/hatch),Light truck utility(from 2018),2,0,0,0,0,4,April,Autumn,Wednesday,00:01 - 01:59,Late night / early morning,False,False,False,False
1349973,Non-casualty (towaway),Non-casualty (towaway),2024,2024,March,Tuesday,12:00 - 13:59,ARGYLE,ST,10,West,FAIREY,RD,SOUTH WINDSOR,7208.0,No,Not a school zone,T-junction,-33.622447,150.815517,Hawkesbury,Country urban,Syd-Newc-Woll Gtr conurbation,Straight,Spd hump/slow pt/chc,,,On,Sealed,Wet,Fine,Daylight,Nil,No traffic controls,50 km/h,Regional,73,Off rd rght => obj,704,Right off cway into obj,,Other angle,Car (sedan/hatch),4 wheel drive / SUV,2,0,0,0,0,3,March,Autumn,Tuesday,12:00 - 13:59,Midday / afternoon,False,False,False,False
1349977,Non-casualty (towaway),Non-casualty (towaway),2024,2024,April,Sunday,18:00 - 19:59,FAIRLIGHT,ST,20,West,WOODS,PDE,FAIRLIGHT,,No,Not a school zone,2-way undivided,-33.797117,151.275849,Northern Beaches,Sydney metro. area,Syd-Newc-Woll Gtr conurbation,Straight,,,,On,Sealed,Dry,Fine,Darkness,Nil,No traffic controls,50 km/h,Local,71,Off rd left => obj,703,Left off cway into object,,Other angle,Car (sedan/hatch),Car (sedan/hatch),3,0,0,0,0,4,April,Autumn,Sunday,18:00 - 19:59,PM peak / evening commute,True,False,False,False
1349981,Non-casualty (towaway),Non-casualty (towaway),2024,2024,April,Saturday,12:00 - 13:59,VALE,RD,0,Right on the spot,LLOYDS,RD,SOUTH BATHURST,54.0,No,Not a school zone,X-intersection,-33.440112,149.578586,Bathurst Regional,Country urban,Rest of NSW - Urban,Straight,,,,Nil,Sealed,Dry,Overcast,Daylight,Nil,Give way sign,60 km/h,State,10,Cross traffic,101,Adj - Cross traffic,,Right angle,Light truck utility(from 2018),Car (sedan/hatch),2,0,0,0,0,4,April,Autumn,Saturday,12:00 - 13:59,Midday / afternoon,False,False,False,False
1350000,Non-casualty (towaway),Non-casualty (towaway),2024,2024,April,Monday,22:00 - Midnight,LAKEWOOD,DR,0,Right on the spot,NUMBER 18,HN,MERIMBULA,,No,Not a school zone,2-way undivided,-36.891956,149.89508,Bega Valley,Country urban,Rest of NSW - Urban,Curved,Steep grade,,,On,Sealed,Dry,Fine,Darkness,Nil,No traffic controls,50 km/h,Local,81,Off left/rt bnd=>obj,803,Off right bend into obj,Left,Other angle,Car (sedan/hatch),4 wheel drive / SUV,3,0,0,0,0,4,April,Autumn,Monday,22:00 - Midnight,Evening / night,False,False,False,False
1350001,Non-casualty (towaway),Non-casualty (towaway),2024,2024,March,Wednesday,02:00 - 03:59,THE ESPLANADE,MS,50,North,EDDY,ST,THORNLEIGH,7243.0,No,Not a school zone,2-way undivided,-33.730876,151.078571,Hornsby,Sydney metro. area,Syd-Newc-Woll Gtr conurbation,Straight,,,,On,Sealed,Dry,Fine,Darkness,Nil,No traffic controls,50 km/h,Regional,71,Off rd left => obj,703,Left off cway into object,,Other angle,4 wheel drive / SUV,4 wheel drive / SUV,2,0,0,0,0,3,March,Autumn,Wednesday,02:00 - 03:59,Late night / early morning,False,False,False,False
1350009,Non-casualty (towaway),Non-casualty (towaway),2024,2024,April,Monday,08:00 - 09:59,SOUTH WESTERN,EXP,10,East,NUWARRA ROAD,OP,HAMMONDVILLE,6005.0,No,Not a school zone,Dual freeway,-33.94394,150.94847,Liverpool,Sydney metro. area,Syd-Newc-Woll Gtr conurbation,Straight,Other bridge,,,Off,Sealed,Dry,Fine,Daylight,Nil,No traffic controls,100 km/h,State,30,Rear end,301,Same - Rear end,,Rear end,Unknown motor vehicle,Light truck utility(from 2018),2,0,0,0,0,4,April,Autumn,Monday,08:00 - 09:59,AM peak / school commute,True,False,False,False
1350018,Non-casualty (towaway),Non-casualty (towaway),2024,2024,April,Saturday,04:00 - 05:59,GWYDIR,HWY,950,North,JACARANDA MOTOR LODGE,OT,CLARENZA,12.0,No,Not a school zone,2-way undivided,-29.688653,152.96632,Clarence Valley,Country non-urban,Rest of NSW - Rural,Straight,,,,Nil,Sealed,Dry,Fog or mist,Dawn,Nil,No traffic controls,100 km/h,State,67,Struck animal,609,On path - Hit animal,,Vehicle - Animal,4 wheel drive / SUV,,1,0,0,0,0,4,April,Autumn,Saturday,04:00 - 05:59,Late night / early morning,False,False,False,False
1350035,Non-casualty (towaway),Non-casualty (towaway),2024,2024,April,Sunday,12:00 - 13:59,CHURCH,ST,50,South,ELLEN,ST,WOLLONGONG,,No,Not a school zone,Divided road,-34.430463,150.89419,Wollongong,Wollongong met. area,Syd-Newc-Woll Gtr conurbation,Straight,,,,Off,Sealed,Dry,Fine,Daylight,Nil,No traffic controls,50 km/h,Local,71,Off rd left => obj,703,Left off cway into object,,Other angle,Car (sedan/hatch),Car (sedan/hatch),3,0,0,0,0,4,April,Autumn,Sunday,12:00 - 13:59,Midday / afternoon,False,False,False,False
1350043,Non-casualty (towaway),Non-casualty (towaway),2024,2024,April,Friday,14:00 - 15:59,LACHLAN,ST,50,South,NICHOLSON,ST,SOUTH KEMPSEY,,No,Not a school zone,2-way undivided,-31.093387,152.837454,Kempsey,Country urban,Rest of NSW - Urban,Straight,Driveway/entrance,,,Nil,Sealed,Dry,Fine,Daylight,Nil,No traffic controls,50 km/h,Local,21,Right through,202,Opp - Right-thru,,Other angle,4 wheel drive / SUV,Unknown motor vehicle,2,0,0,0,0,4,April,Autumn,Friday,14:00 - 15:59,Midday / afternoon,False,False,False,False
1350048,Non-casualty (towaway),Non-casualty (towaway),2024,2024,April,Friday,12:00 - 13:59,BULLS GARDEN,RD,0,Right on the spot,REECE PLUMBING CENTRE,ENT,GATESHEAD,,No,Not a school zone,Divided road,-32.988925,151.695691,Lake Macquarie,Newcastle met. area,Syd-Newc-Woll Gtr conurbation,Straight,Driveway/entrance,,,Off,Sealed,Dry,Fine,Daylight,Nil,Stop sign,60 km/h,Local,31,Left rear,302,Same - Rear left,,Rear end,Motorcycle,Light truck utility(from 2018),2,0,0,0,0,4,April,Autumn,Friday,12:00 - 13:59,Midday / afternoon,False,False,False,False
1350079,Non-casualty (towaway),Non-casualty (towaway),2024,2024,April,Sunday,20:00 - 21:59,WATTLE TREE,RD,200,North,KATANDRA,RD,HOLGATE,,No,Not a school zone,2-way undivided,-33.413945,151.40166,Central Coast,Country urban,Syd-Newc-Woll Gtr conurbation,Curved,Painted double centre lines,,,Off,Sealed,Dry,Fine,Darkness,Nil,No traffic controls,60 km/h,Local,20,Head on,201,Opp - Head on,,Head-on,Car (sedan/hatch),Car (sedan/hatch),2,0,0,0,0,4,April,Autumn,Sunday,20:00 - 21:59,Evening / night,False,False,False,False
1350082,Non-casualty (towaway),Non-casualty (towaway),2024,2024,April,Thursday,14:00 - 15:59,NEW ENGLAND,HWY,200,West,JOHN,ST,RUTHERFORD,9.0,No,Not a school zone,2-way undivided,-32.720588,151.53803,Maitland,Country urban,Rest of NSW - Urban,Straight,,,,Off,Sealed,Dry,Fine,Daylight,Nil,No traffic controls,60 km/h,State,30,Rear end,301,Same - Rear end,,Rear end,Unknown motor vehicle,4 wheel drive / SUV,3,0,0,0,0,4,April,Autumn,Thursday,14:00 - 15:59,Midday / afternoon,False,False,False,False
1350084,Non-casualty (towaway),Non-casualty (towaway),2024,2024,April,Thursday,06:00 - 07:59,BRIDGE,ST,0,Right on the spot,STOCK,RD,GUNNEDAH,,Yes,No,X-intersection,-30.990719,150.249823,Gunnedah,Country urban,Rest of NSW - Urban,Straight,,,,Off,Sealed,Dry,Fine,Daylight,Nil,Stop sign,50 km/h,Local,10,Cross traffic,101,Adj - Cross traffic,,Right angle,Car (sedan/hatch),Light truck utility(from 2018),2,0,0,0,0,4,April,Autumn,Thursday,06:00 - 07:59,AM peak / school commute,True,False,False,False
1350086,Non-casualty (towaway),Non-casualty (towaway),2024,2024,April,Sunday,22:00 - Midnight,PITTWATER,RD,0,Right on the spot,WARRIEWOOD,RD,WARRIEWOOD,164.0,No,Not a school zone,X-intersection,-33.692406,151.304694,Northern Beaches,Sydney metro. area,Syd-Newc-Woll Gtr conurbation,Straight,Steep grade,,,On,Sealed,Dry,Fine,Darkness,On,No traffic controls,70 km/h,State,73,Off rd rght => obj,704,Right off cway into obj,,Vehicle - Object,Car (sedan/hatch),,1,0,0,0,0,4,April,Autumn,Sunday,22:00 - Midnight,Evening / night,False,False,False,False