crash_id,degree_of_crash,degree_of_crash_-_detailed,reporting_year,year_of_crash,month_of_crash,day_of_week_of_crash,two-hour_intervals,street_of_crash,street_type,distance,direction,identifying_feature,identifying_feature_type,town,route_no.,school_zone_location,school_zone_active,type_of_location,latitude,longitude,lga,urbanisation,conurbation_1,alignment,primary_permanent_feature,primary_temporary_feature,primary_hazardous_feature,street_lighting,road_surface,surface_condition,weather,natural_lighting,signals_operation,other_traffic_control,speed_limit,road_classification_(admin),rum_-_code,rum_-_description,dca_-_code,dca_-_description,dca_supplement,first_impact_type,key_tu_type,other_tu_type,no._of_traffic_units_involved,no._killed,no._seriously_injured,no._moderately_injured,no._minor-other_injured,month_num,month_label,season,day_label,time_label,time_band,is_peak_commute,is_fatal,is_injury,is_casualty
1350089,Non-casualty (towaway),Non-casualty (towaway),2024,2024,April,Friday,22:00 - Midnight,STEEL,ST,50,North,BEACH,RD,REDHEAD,,No,Not a school zone,2-way undivided,-33.012003,151.714714,Lake Macquarie,Newcastle met. area,Syd-Newc-Woll Gtr conurbation,Straight,,,,On,Sealed,Wet,Raining,Darkness,Nil,No traffic controls,50 km/h,Local,71,Off rd left => obj,703,Left off cway into object,,Other angle,Unknown type,Car (sedan/hatch),2,0,0,0,0,4,April,Autumn,Friday,22:00 - Midnight,Evening / night,False,False,False,False
1350091,Non-casualty (towaway),Non-casualty (towaway),2024,2024,April,Wednesday,04:00 - 05:59,HEREWARD,HWY,0,Right on the spot,NUMBER 58,HN,BLACKTOWN,,No,Not a school zone,2-way undivided,-33.776717,150.909537,Blacktown,Sydney metro. area,Syd-Newc-Woll Gtr conurbation,Straight,,,,Nil,Sealed,Dry,Unknown,Darkness,Nil,No traffic controls,50 km/h,Local,73,Off rd rght => obj,704,Right off cway into obj,,Other angle,Car (sedan/hatch),Car (sedan/hatch),2,0,0,0,0,4,April,Autumn,Wednesday,04:00 - 05:59,Late night / early morning,False,False,False,False
1350100,Non-casualty (towaway),Non-casualty (towaway),2024,2024,April,Thursday,20:00 - 21:59,BROWNING,ST,50,West,WILLIAM,ST,MITCHELL,,Yes,No,2-way undivided,-33.426328,149.567778,Bathurst Regional,Country urban,Rest of NSW - Urban,Straight,,,,On,Sealed,Dry,Fine,Darkness,Nil,No traffic controls,50 km/h,Local,71,Off rd left => obj,703,Left off cway into object,,Other angle,Car (sedan/hatch),Car (sedan/hatch),2,0,0,0,0,4,April,Autumn,Thursday,20:00 - 21:59,Evening / night,False,False,False,False
1350102,Non-casualty (towaway),Non-casualty (towaway),2024,2024,April,Monday,00:01 - 01:59,EAST,ST,0,Right on the spot,NUMBER 75,HN,LIDCOMBE,2057.0,No,Not a school zone,2-way undivided,-33.879958,151.049469,Cumberland,Sydney metro. area,Syd-Newc-Woll Gtr conurbation,Straight,,,,On,Sealed,Unknown,Unknown,Darkness,Nil,No traffic controls,60 km/h,Regional,71,Off rd left => obj,703,Left off cway into object,,Vehicle - Object,Car (sedan/hatch),,1,0,0,0,0,4,April,Autumn,Monday,00:01 - 01:59,Late night / early morning,False,False,False,False
1350104,Non-casualty (towaway),Non-casualty (towaway),2024,2024,March,Saturday,22:00 - Midnight,MEMORIAL,DR,100,East,ENID,AVE,GRANVILLE,7101.0,No,Not a school zone,2-way undivided,-33.834448,151.013941,Cumberland,Sydney metro. area,Syd-Newc-Woll Gtr conurbation,Straight,,,,Off,Sealed,Wet,Raining,Darkness,Nil,No traffic controls,60 km/h,Regional,71,Off rd left => obj,703,Left off cway into object,,Other angle,Car (sedan/hatch),Station wagon,2,0,0,0,0,3,March,Autumn,Saturday,22:00 - Midnight,Evening / night,False,False,False,False
1350105,Non-casualty (towaway),Non-casualty (towaway),2024,2024,February,Monday,06:00 - 07:59,VICTORIA,RD,0,Right on the spot,WESTBOURNE,ST,DRUMMOYNE,165.0,No,Not a school zone,T-junction,-33.847322,151.151901,Canada Bay,Sydney metro. area,Syd-Newc-Woll Gtr conurbation,Straight,,,,Nil,Sealed,Dry,Fine,Daylight,On,No traffic controls,60 km/h,State,37,Left turn sideswipe,309,Same - Left turn side swipe,,Other angle,B-double (road train prior 98),Car (sedan/hatch),2,0,0,0,0,2,February,Summer,Monday,06:00 - 07:59,AM peak / school commute,True,False,False,False
1350135,Non-casualty (towaway),Non-casualty (towaway),2024,2024,April,Tuesday,04:00 - 05:59,WESTERN,EXP,2300,West,KENT ROAD,OP,ORCHARD HILLS,6004.0,No,Not a school zone,Dual freeway,-33.785014,150.725773,Penrith,Sydney metro. area,Syd-Newc-Woll Gtr conurbation,Straight,,,,Nil,Sealed,Dry,Fine,Darkness,Nil,No traffic controls,110 km/h,State,73,Off rd rght => obj,704,Right off cway into obj,,Vehicle - Object,Light truck,,1,0,0,0,0,4,April,Autumn,Tuesday,04:00 - 05:59,Late night / early morning,False,False,False,False
1350136,Non-casualty (towaway),Non-casualty (towaway),2024,2024,April,Wednesday,22:00 - Midnight,ATCHISON,RD,0,Right on the spot,VICTORIA,RD,MACQUARIE FIELDS,7198.0,No,Not a school zone,Roundabout,-33.983588,150.883676,Campbelltown,Sydney metro. area,Syd-Newc-Woll Gtr conurbation,Straight,,,,On,Sealed,Dry,Fine,Darkness,Nil,Give way sign,50 km/h,Regional,10,Cross traffic,101,Adj - Cross traffic,,Right angle,Car (sedan/hatch),4 wheel drive / SUV,2,0,0,0,0,4,April,Autumn,Wednesday,22:00 - Midnight,Evening / night,False,False,False,False
1350140,Non-casualty (towaway),Non-casualty (towaway),2024,2024,April,Saturday,06:00 - 07:59,HUME,HWY,0,Right on the spot,BORONIA,RD,GREENACRE,2.0,No,Not a school zone,T-junction,-33.904581,151.041831,Canterbury-Bankstown,Sydney metro. area,Syd-Newc-Woll Gtr conurbation,Straight,,,,Off,Sealed,Wet,Raining,Daylight,On,No traffic controls,60 km/h,State,71,Off rd left => obj,703,Left off cway into object,,Vehicle - Object,Car (sedan/hatch),,1,0,0,0,0,4,April,Autumn,Saturday,06:00 - 07:59,AM peak / school commute,True,False,False,False
1350147,Non-casualty (towaway),Non-casualty (towaway),2024,2024,April,Saturday,16:00 - 17:59,PACIFIC,HWY,0,Right on the spot,WEST END,RD,SOUTH KEMPSEY,10.0,No,Not a school zone,Roundabout,-31.127019,152.825733,Kempsey,Country urban,Rest of NSW - Urban,Straight,,,,Nil,Sealed,Wet,Raining,Darkness,Nil,Give way sign,60 km/h,State,37,Left turn sideswipe,309,Same - Left turn side swipe,,Other angle,Light truck utility(from 2018),Utility,2,0,0,0,0,4,April,Autumn,Saturday,16:00 - 17:59,PM peak / evening commute,True,False,False,False
1350175,Non-casualty (towaway),Non-casualty (towaway),2024,2024,January,Tuesday,12:00 - 13:59,STONEY CREEK,RD,50,East,ST GEORGES,RD,BEXLEY,665.0,No,Not a school zone,2-way undivided,-33.949012,151.111218,Bayside,Sydney metro. area,Syd-Newc-Woll Gtr conurbation,Straight,,,,Unknown / not stated,Sealed,Dry,Fine,Daylight,Nil,No traffic controls,60 km/h,State,30,Rear end,301,Same - Rear end,,Rear end,Station wagon,4 wheel drive / SUV,2,0,0,0,0,1,January,Summer,Tuesday,12:00 - 13:59,Midday / afternoon,False,False,False,False
1350195,Non-casualty (towaway),Non-casualty (towaway),2024,2024,January,Friday,06:00 - 07:59,BELLS LINE OF,RD,0,Right on the spot,NUMBER 1109,HN,KURRAJONG HEIGHTS,184.0,No,Not a school zone,2-way undivided,-33.541139,150.635492,Hawkesbury,Country urban,Syd-Newc-Woll Gtr conurbation,Curved,Painted double centre lines,,,Nil,Sealed,Wet,Raining,Daylight,Nil,No traffic controls,60 km/h,State,20,Head on,201,Opp - Head on,,Head-on,Semi-trailer,Light truck utility(from 2018),2,0,0,0,0,1,January,Summer,Friday,06:00 - 07:59,AM peak / school commute,True,False,False,False
1350208,Non-casualty (towaway),Non-casualty (towaway),2024,2024,February,Monday,14:00 - 15:59,EDWIN,ST,0,Right on the spot,NUMBER 90-199,HN,CROYDON,,No,Not a school zone,2-way undivided,-33.882918,151.117037,Inner West,Sydney metro. area,Syd-Newc-Woll Gtr conurbation,Straight,,,,Off,Sealed,Dry,Fine,Daylight,Nil,No traffic controls,50 km/h,Local,44,Parking vehicles,403,Manov - Parking-parked vehicle,,Other angle,4 wheel drive / SUV,Car (sedan/hatch),2,0,0,0,0,2,February,Summer,Monday,14:00 - 15:59,Midday / afternoon,False,False,False,False
1350216,Non-casualty (towaway),Non-casualty (towaway),2024,2024,February,Saturday,22:00 - Midnight,COONANBARRA,RD,0,Right on the spot,NUMBER 132,HN,WAHROONGA,,No,Not a school zone,2-way undivided,-33.709072,151.11816,Ku-ring-gai,Sydney metro. area,Syd-Newc-Woll Gtr conurbation,Straight,,,,On,Sealed,Dry,Fine,Darkness,Nil,No traffic controls,50 km/h,Local,71,Off rd left => obj,703,Left off cway into object,,Other angle,4 wheel drive / SUV,4 wheel drive / SUV,3,0,0,0,0,2,February,Summer,Saturday,22:00 - Midnight,Evening / night,False,False,False,False
1350221,Non-casualty (towaway),Non-casualty (towaway),2024,2024,January,Sunday,00:01 - 01:59,SILVERWATER,RD,210,South,VICTORIA ROAD,OP,RYDALMERE,190.0,No,Not a school zone,Divided road,-33.815767,151.05228,Parramatta,Sydney metro. area,Syd-Newc-Woll Gtr conurbation,Straight,Steep grade,,,On,Sealed,Dry,Fine,Darkness,Nil,No traffic controls,80 km/h,State,71,Off rd left => obj,703,Left off cway into object,,Vehicle - Object,4 wheel drive / SUV,,1,0,0,0,0,1,January,Summer,Sunday,00:01 - 01:59,Late night / early morning,False,False,False,False
1350250,Non-casualty (towaway),Non-casualty (towaway),2024,2024,March,Wednesday,20:00 - 21:59,AVENUE OF THE ALLIES,MS,0,Right on the spot,CLEMENCEAU,CRES,TANILBA BAY,,No,Not a school zone,X-intersection,-32.731045,151.99972,Port Stephens,Country urban,Rest of NSW - Urban,Straight,Ditch/drain/culvert,,,Unknown / not stated,Sealed,Dry,Fine,Darkness,Nil,Give way sign,50 km/h,Local,71,Off rd left => obj,703,Left off cway into object,,Vehicle - Object,Car (sedan/hatch),,1,0,0,0,0,3,March,Autumn,Wednesday,20:00 - 21:59,Evening / night,False,False,False,False
1350251,Non-casualty (towaway),Non-casualty (towaway),2024,2024,March,Saturday,14:00 - 15:59,OXFORD,ST,10,West,GLENMORE,RD,PADDINGTON,172.0,No,Not a school zone,T-junction,-33.883817,151.22211,Sydney,Sydney metro. area,Syd-Newc-Woll Gtr conurbation,Straight,Bus stop,,,Unknown / not stated,Sealed,Dry,Fine,Daylight,On,No traffic controls,50 km/h,State,30,Rear end,301,Same - Rear end,,Rear end,4 wheel drive / SUV,Car (sedan/hatch),3,0,0,0,0,3,March,Autumn,Saturday,14:00 - 15:59,Midday / afternoon,False,False,False,False
1350252,Non-casualty (towaway),Non-casualty (towaway),2024,2024,February,Tuesday,20:00 - 21:59,HERMINGTON,ST,0,Right on the spot,WILLOUGHBY,ST,EPPING,,No,Not a school zone,Roundabout,-33.777166,151.064303,Parramatta,Sydney metro. area,Syd-Newc-Woll Gtr conurbation,Straight,,,,On,Sealed,Dry,Fine,Darkness,Nil,Give way sign,50 km/h,Local,30,Rear end,301,Same - Rear end,,Rear end,Car (sedan/hatch),4 wheel drive / SUV,3,0,0,0,0,2,February,Summer,Tuesday,20:00 - 21:59,Evening / night,False,False,False,False
1350264,Non-casualty (towaway),Non-casualty (towaway),2024,2024,March,Friday,02:00 - 03:59,CARRINGTON,PDE,150,North,BEACH,ST,CURL CURL,,No,Not a school zone,2-way undivided,-33.773991,151.292131,Northern Beaches,Sydney metro. area,Syd-Newc-Woll Gtr conurbation,Curved,,,,On,Sealed,Dry,Fine,Darkness,Nil,No traffic controls,50 km/h,Local,85,Off rt/lft bnd=>obj,804,Off left bend into obj,Right,Other angle,Car (sedan/hatch),Light truck utility(from 2018),2,0,0,0,0,3,March,Autumn,Friday,02:00 - 03:59,Late night / early morning,False,False,False,False
1350268,Non-casualty (towaway),Non-casualty (towaway),2024,2024,March,Tuesday,10:00 - 11:59,VINE,ST,25,West,EDWARD,ST,DARLINGTON,,No,Not a school zone,2-way undivided,-33.888931,151.197186,Sydney,Sydney metro. area,Syd-Newc-Woll Gtr conurbation,Straight,,,,Nil,Sealed,Dry,Fine,Daylight,Nil,No traffic controls,40 km/h,Local,49,Other manoeuvring,400,Manov - other,,Other angle,Unknown motor vehicle,4 wheel drive / SUV,2,0,0,0,0,3,March,Autumn,Tuesday,10:00 - 11:59,Midday / afternoon,False,False,False,False
1350304,Non-casualty (towaway),Non-casualty (towaway),2024,2024,April,Wednesday,18:00 - 19:59,MAIN ARM,RD,0,Right on the spot,NUMBER 38,HN,MULLUMBIMBY,,No,Not a school zone,2-way undivided,-28.546804,153.491557,Byron,Country urban,Rest of NSW - Urban,Straight,,,,Nil,Sealed,Dry,Fine,Darkness,Nil,No traffic controls,50 km/h,Local,71,Off rd left => obj,703,Left off cway into object,,Other angle,Car (sedan/hatch),4 wheel drive / SUV,3,0,0,0,0,4,April,Autumn,Wednesday,18:00 - 19:59,PM peak / evening commute,True,False,False,False
1350318,Non-casualty (towaway),Non-casualty (towaway),2024,2024,April,Saturday,18:00 - 19:59,GREAT WESTERN,HWY,2420,West,PIKES,LANE,MOUNT LAMBIE,5.0,No,Not a school zone,Divided road,-33.446103,149.999019,Lithgow,Country non-urban,Rest of NSW - Rural,Curved,,,,Unknown / not stated,Sealed,Dry,Fine,Dusk,Nil,No traffic controls,100 km/h,State,83,Off rt/rt bnd=>obj,803,Off right bend into obj,Right,Vehicle - Object,Car (sedan/hatch),,1,0,0,0,0,4,April,Autumn,Saturday,18:00 - 19:59,PM peak / evening commute,True,False,False,False
1350323,Non-casualty (towaway),Non-casualty (towaway),2024,2024,April,Wednesday,16:00 - 17:59,HUME,HWY,300,South,EAST STREET,OP,EAST ALBURY,2.0,No,Not a school zone,Divided road,-36.093448,146.923063,Albury,Country non-urban,Rest of NSW - Rural,Curved,,Roadwks/Detour/Diverson,,Off,Sealed,Dry,Fine,Daylight,Nil,No traffic controls,110 km/h,State,34,Lane change right,306,Same - Lane change right,,Other angle,B-double (road train prior 98),Light truck utility(from 2018),3,0,0,0,0,4,April,Autumn,Wednesday,16:00 - 17:59,PM peak / evening commute,True,False,False,False
1350332,Non-casualty (towaway),Non-casualty (towaway),2024,2024,April,Saturday,02:00 - 03:59,VICTORIA,RD,0,Right on the spot,ANZAC,BDGE,ROZELLE,165.0,No,Not a school zone,Divided road,-33.868288,151.182566,Inner West,Sydney metro. area,Syd-Newc-Woll Gtr conurbation,Straight,Other bridge,,,On,Sealed,Dry,Fine,Darkness,Nil,No traffic controls,60 km/h,State,71,Off rd left => obj,703,Left off cway into object,,Vehicle - Object,4 wheel drive / SUV,,1,0,0,0,0,4,April,Autumn,Saturday,02:00 - 03:59,Late night / early morning,False,False,False,False
1350340,Non-casualty (towaway),Non-casualty (towaway),2024,2024,April,Saturday,00:01 - 01:59,PRINCES,HWY,2000,South,CLARE,ST,SYLVANIA,1.0,No,Not a school zone,Divided road,-34.008739,151.102777,Sutherland,Sydney metro. area,Syd-Newc-Woll Gtr conurbation,Straight,,,,Unknown / not stated,Sealed,Dry,Fine,Darkness,Nil,No traffic controls,70 km/h,State,74,On road-out of cont.,705,Out of control on cway,,Rollover,Car (sedan/hatch),,1,0,0,0,0,4,April,Autumn,Saturday,00:01 - 01:59,Late night / early morning,False,False,False,False
1350341,Non-casualty (towaway),Non-casualty (towaway),2024,2024,April,Tuesday,08:00 - 09:59,MATHOURA LINE,RD,200,South,HAM,RD,MOAMA,,No,Not a school zone,2-way undivided,-36.001051,144.804301,Murray River,Country non-urban,Rest of NSW - Rural,Straight,,,,Unknown / not stated,Unsealed,Dry,Fine,Daylight,Nil,No traffic controls,100 km/h,Local,73,Off rd rght => obj,704,Right off cway into obj,,Vehicle - Object,Light truck,,1,0,0,0,0,4,April,Autumn,Tuesday,08:00 - 09:59,AM peak / school commute,True,False,False,False
1350342,Non-casualty (towaway),Non-casualty (towaway),2024,2024,April,Sunday,20:00 - 21:59,TERRIGAL,ST,0,Right on the spot,NUMBER 8,HN,MARAYONG,,No,Not a school zone,2-way undivided,-33.750096,150.887654,Blacktown,Sydney metro. area,Syd-Newc-Woll Gtr conurbation,Straight,,,,Unknown / not stated,Sealed,Dry,Fine,Darkness,Nil,No traffic controls,50 km/h,Local,74,On road-out of cont.,705,Out of control on cway,,Rollover,Car (sedan/hatch),,1,0,0,0,0,4,April,Autumn,Sunday,20:00 - 21:59,Evening / night,False,False,False,False
1350343,Non-casualty (towaway),Non-casualty (towaway),2024,2024,April,Friday,12:00 - 13:59,WODONGA,PL,0,Right on the spot,DEAN STREET,TO,ALBURY,,No,Not a school zone,Divided road,-36.08019,146.910517,Albury,Country urban,Rest of NSW - Urban,Straight,,,,Nil,Sealed,Dry,Fine,Daylight,Nil,No traffic controls,50 km/h,Local,30,Rear end,301,Same - Rear end,,Rear end,4 wheel drive / SUV,Car (sedan/hatch),2,0,0,0,0,4,April,Autumn,Friday,12:00 - 13:59,Midday / afternoon,False,False,False,False
1350345,Non-casualty (towaway),Non-casualty (towaway),2024,2024,April,Tuesday,18:00 - 19:59,PARK,RD,50,South,PINE,RD,AUBURN,,No,Not a school zone,2-way undivided,-33.859609,151.028314,Cumberland,Sydney metro. area,Syd-Newc-Woll Gtr conurbation,Straight,,,,Unknown / not stated,Sealed,Dry,Fine,Darkness,Nil,No traffic controls,60 km/h,Local,34,Lane change right,306,Same - Lane change right,,Other angle,Car (sedan/hatch),Light truck utility(from 2018),4,0,0,0,0,4,April,Autumn,Tuesday,18:00 - 19:59,PM peak / evening commute,True,False,False,False
1350346,Non-casualty (towaway),Non-casualty (towaway),2024,2024,April,Tuesday,14:00 - 15:59,BUNNERONG,RD,0,Right on the spot,BEAUCHAMP,RD,MATRAVILLE,171.0,Yes,No,X-intersection,-33.955613,151.230321,Randwick,Sydney metro. area,Syd-Newc-Woll Gtr conurbation,Straight,,,,On,Sealed,Dry,Fine,Daylight,On,No traffic controls,60 km/h,State,12,Left far,103,Adj - Left-thru from left,,Right angle,Car (sedan/hatch),Passenger van,2,0,0,0,0,4,April,Autumn,Tuesday,14:00 - 15:59,Midday / afternoon,False,False,False,False
1350352,Non-casualty (towaway),Non-casualty (towaway),2024,2024,April,Thursday,10:00 - 11:59,BLAIR,ST,15,West,MILITARY,RD,NORTH BONDI,,No,Not a school zone,2-way undivided,-33.885977,151.28412,Waverley,Sydney metro. area,Syd-Newc-Woll Gtr conurbation,Straight,Steep grade,,,Nil,Sealed,Dry,Fine,Daylight,Nil,No traffic controls,50 km/h,Local,71,Off rd left => obj,703,Left off cway into object,,Other angle,Car (sedan/hatch),Light truck,4,0,0,0,0,4,April,Autumn,Thursday,10:00 - 11:59,Midday / afternoon,False,False,False,False
1350354,Non-casualty (towaway),Non-casualty (towaway),2024,2024,April,Monday,04:00 - 05:59,BRAIDWOOD,RD,2000,West,TURPENTINE,RD,JERRAWANGALA,92.0,No,Not a school zone,2-way undivided,-35.04186,150.432795,Shoalhaven,Country non-urban,Rest of NSW - Rural,Curved,,,,Nil,Sealed,Dry,Fine,Darkness,Nil,No traffic controls,100 km/h,Regional,88,Out of cont on bend,805,Out of control on bend,,Rollover,Car (sedan/hatch),,1,0,0,0,0,4,April,Autumn,Monday,04:00 - 05:59,Late night / early morning,False,False,False,False
1350355,Non-casualty (towaway),Non-casualty (towaway),2024,2024,April,Tuesday,18:00 - 19:59,MILLWOOD,AVE,0,Right on the spot,NUMBER 38A,HN,CHATSWOOD WEST,191.0,No,Not a school zone,2-way undivided,-33.79339,151.164938,Willoughby,Sydney metro. area,Syd-Newc-Woll Gtr conurbation,Straight,Driveway/entrance,,,On,Sealed,Dry,Fine,Dusk,On,No traffic controls,50 km/h,State,47,Emerging from drive,406,Manov - Emerging from driveway,,Right angle,4 wheel drive / SUV,4 wheel drive / SUV,2,0,0,0,0,4,April,Autumn,Tuesday,18:00 - 19:59,PM peak / evening commute,True,False,False,False
1350358,Non-casualty (towaway),Non-casualty (towaway),2024,2024,April,Monday,18:00 - 19:59,BURNS,RD,0,Right on the spot,NUMBER 67,HN,PICNIC POINT,,No,Not a school zone,2-way undivided,-33.970225,151.004982,Canterbury-Bankstown,Sydney metro. area,Syd-Newc-Woll Gtr conurbation,Straight,Steep grade,,,On,Sealed,Dry,Fine,Darkness,Nil,No traffic controls,50 km/h,Local,71,Off rd left => obj,703,Left off cway into object,,Other angle,Car (sedan/hatch),Car (sedan/hatch),2,0,0,0,0,4,April,Autumn,Monday,18:00 - 19:59,PM peak / evening commute,True,False,False,False
1350368,Non-casualty (towaway),Non-casualty (towaway),2024,2024,March,Friday,22:00 - Midnight,MAY,RD,0,Right on the spot,NUMBER 20,HN,DEE WHY,,No,Not a school zone,Unknown,-33.755964,151.279805,Northern Beaches,Sydney metro. area,Syd-Newc-Woll Gtr conurbation,Straight,,,,Nil,Sealed,Dry,Fine,Darkness,Nil,No traffic controls,50 km/h,Local,71,Off rd left => obj,703,Left off cway into object,,Other angle,Car (sedan/hatch),4 wheel drive / SUV,2,0,0,0,0,3,March,Autumn,Friday,22:00 - Midnight,Evening / night,False,False,False,False
1350380,Non-casualty (towaway),Non-casualty (towaway),2024,2024,March,Monday,14:00 - 15:59,MITCHELL,HWY,1244,North,SHREEVES,RD,MOLONG,7.0,No,Not a school zone,2-way undivided,-33.054013,148.862245,Cabonne,Country non-urban,Rest of NSW - Rural,Straight,,,,Unknown / not stated,Sealed,Dry,Fine,Daylight,Nil,No traffic controls,100 km/h,State,71,Off rd left => obj,703,Left off cway into object,,Vehicle - Object,Car (sedan/hatch),,1,0,0,0,0,3,March,Autumn,Monday,14:00 - 15:59,Midday / afternoon,False,False,False,False
1350383,Non-casualty (towaway),Non-casualty (towaway),2024,2024,April,Monday,00:01 - 01:59,PYRMONT BRIDGE,RD,0,Right on the spot,WATTLE,ST,GLEBE,523.0,No,Not a school zone,T-junction,-33.873968,151.19241,Sydney,Sydney metro. area,Syd-Newc-Woll Gtr conurbation,Straight,,,,On,Sealed,Dry,Fine,Darkness,On,No traffic controls,40 km/h,State,75,Off end of road,709,Off end cway or T junct,,Vehicle - Object,4 wheel drive / SUV,,1,0,0,0,0,4,April,Autumn,Monday,00:01 - 01:59,Late night / early morning,False,False,False,False
1350384,Non-casualty (towaway),Non-casualty (towaway),2024,2024,March,Wednesday,16:00 - 17:59,PACIFIC,HWY,0,Right on the spot,KAHIBAH,RD,HIGHFIELDS,10.0,No,Not a school zone,T-junction,-32.953088,151.711539,Lake Macquarie,Newcastle met. area,Syd-Newc-Woll Gtr conurbation,Straight,,,,Unknown / not stated,Sealed,Dry,Fine,Daylight,On,No traffic controls,60 km/h,State,30,Rear end,301,Same - Rear end,,Rear end,Utility,Car (sedan/hatch),2,0,0,0,0,3,March,Autumn,Wednesday,16:00 - 17:59,PM peak / evening commute,True,False,False,False
1350389,Non-casualty (towaway),Non-casualty (towaway),2024,2024,April,Friday,16:00 - 17:59,BUNNERONG,RD,0,Right on the spot,BOTANY,RD,MATRAVILLE,171.0,No,Not a school zone,T-junction,-33.967155,151.231198,Randwick,Sydney metro. area,Syd-Newc-Woll Gtr conurbation,Curved,Steep grade,,,Unknown / not stated,Sealed,Dry,Fine,Daylight,On,No traffic controls,60 km/h,State,13,Right near,104,Adj - Right-thru from right,,Right angle,4 wheel drive / SUV,Car (sedan/hatch),2,0,0,0,0,4,April,Autumn,Friday,16:00 - 17:59,PM peak / evening commute,True,False,False,False
1350390,Non-casualty (towaway),Non-casualty (towaway),2024,2024,May,Thursday,00:01 - 01:59,KANGAROO VALLEY,RD,300,West,NUMBER 309B,HN,BERRY MOUNTAIN,,No,Not a school zone,2-way undivided,-34.761589,150.661737,Shoalhaven,Country urban,Rest of NSW - Urban,Straight,,,,Unknown / not stated,Sealed,Wet,Raining,Darkness,Nil,No traffic controls,60 km/h,Local,73,Off rd rght => obj,704,Right off cway into obj,,Vehicle - Object,4 wheel drive / SUV,,1,0,0,0,0,5,May,Autumn,Thursday,00:01 - 01:59,Late night / early morning,False,False,False,False
1350391,Non-casualty (towaway),Non-casualty (towaway),2024,2024,April,Monday,18:00 - 19:59,BRADFIELD,HWY,500,North,CAHILL EXPRESSWAY,OP,DAWES POINT,632.0,No,Not a school zone,Divided road,-33.856637,151.208003,Sydney,Sydney metro. area,Syd-Newc-Woll Gtr conurbation,Straight,,,,Unknown / not stated,Sealed,Dry,Fine,Darkness,Nil,No traffic controls,70 km/h,State,30,Rear end,301,Same - Rear end,,Rear end,Light truck utility(from 2018),Light truck utility(from 2018),3,0,0,0,0,4,April,Autumn,Monday,18:00 - 19:59,PM peak / evening commute,True,False,False,False
1350392,Non-casualty (towaway),Non-casualty (towaway),2024,2024,May,Wednesday,08:00 - 09:59,ABBOTT,RD,0,Right on the spot,SEVEN HILLS,RD,SEVEN HILLS,644.0,No,Not a school zone,T-junction,-33.767884,150.94413,Blacktown,Sydney metro. area,Syd-Newc-Woll Gtr conurbation,Straight,,,,Unknown / not stated,Sealed,Dry,Overcast,Daylight,On,No traffic controls,60 km/h,State,45,Reversing,404,Manov - Reverse in traffic,,Other angle,Car (sedan/hatch),4 wheel drive / SUV,2,0,0,0,0,5,May,Autumn,Wednesday,08:00 - 09:59,AM peak / school commute,True,False,False,False
1350393,Non-casualty (towaway),Non-casualty (towaway),2024,2024,April,Friday,12:00 - 13:59,OLD NORTHERN,RD,0,Right on the spot,NUMBER 2786,HN,GLENORIE,160.0,No,Not a school zone,2-way undivided,-33.58219,151.011292,The Hills,Sydney metro. area,Syd-Newc-Woll Gtr conurbation,Curved,,,,Unknown / not stated,Sealed,Dry,Fine,Daylight,Nil,No traffic controls,80 km/h,State,30,Rear end,301,Same - Rear end,,Rear end,Large rigid,Light truck,2,0,0,0,0,4,April,Autumn,Friday,12:00 - 13:59,Midday / afternoon,False,False,False,False
1350395,Non-casualty (towaway),Non-casualty (towaway),2024,2024,April,Monday,06:00 - 07:59,RAWSON,RD,0,Right on the spot,NUMBER 19,HN,GREENACRE,,No,Not a school zone,2-way undivided,-33.903258,151.062159,Canterbury-Bankstown,Sydney metro. area,Syd-Newc-Woll Gtr conurbation,Curved,Driveway/entrance,,,Unknown / not stated,Sealed,Dry,Fine,Dawn,Nil,No traffic controls,50 km/h,Local,47,Emerging from drive,406,Manov - Emerging from driveway,,Right angle,Car (sedan/hatch),Passenger van,2,0,0,0,0,4,April,Autumn,Monday,06:00 - 07:59,AM peak / school commute,True,False,False,False
1350402,Non-casualty (towaway),Non-casualty (towaway),2024,2024,May,Wednesday,12:00 - 13:59,SPRING CREEK,RD,1000,East,YARRAWONGA,RD,YARRAWONGA,,No,Not a school zone,2-way undivided,-32.339809,149.653651,Mid-Western Regional,Country non-urban,Rest of NSW - Rural,Straight,Embankment/cutting,,,Unknown / not stated,Sealed,Wet,Overcast,Daylight,Nil,No traffic controls,100 km/h,Local,70,Off road to left,701,Off carriageway to left,,Rollover,4 wheel drive / SUV,,1,0,0,0,0,5,May,Autumn,Wednesday,12:00 - 13:59,Midday / afternoon,False,False,False,False