crash_id,degree_of_crash,degree_of_crash_-_detailed,reporting_year,year_of_crash,month_of_crash,day_of_week_of_crash,two-hour_intervals,street_of_crash,street_type,distance,direction,identifying_feature,identifying_feature_type,town,route_no.,school_zone_location,school_zone_active,type_of_location,latitude,longitude,lga,urbanisation,conurbation_1,alignment,primary_permanent_feature,primary_temporary_feature,primary_hazardous_feature,street_lighting,road_surface,surface_condition,weather,natural_lighting,signals_operation,other_traffic_control,speed_limit,road_classification_(admin),rum_-_code,rum_-_description,dca_-_code,dca_-_description,dca_supplement,first_impact_type,key_tu_type,other_tu_type,no._of_traffic_units_involved,no._killed,no._seriously_injured,no._moderately_injured,no._minor-other_injured,month_num,month_label,season,day_label,time_label,time_band,is_peak_commute,is_fatal,is_injury,is_casualty
1350405,Non-casualty (towaway),Non-casualty (towaway),2024,2024,April,Monday,10:00 - 11:59,BYRRILL CREEK,RD,200,East,NUMBER 362,HN,BYRRILL CREEK,,No,Not a school zone,2-way undivided,-28.44207,153.24341,Tweed,Country non-urban,Rest of NSW - Rural,Curved,Embankment/cutting,,,Unknown / not stated,Sealed,Wet,Overcast,Daylight,Nil,No traffic controls,100 km/h,Local,85,Off rt/lft bnd=>obj,804,Off left bend into obj,Right,Vehicle - Object,Station wagon,,1,0,0,0,0,4,April,Autumn,Monday,10:00 - 11:59,Midday / afternoon,False,False,False,False
1350407,Non-casualty (towaway),Non-casualty (towaway),2024,2024,May,Thursday,10:00 - 11:59,KING,ST,0,Right on the spot,NUMBER 32,HN,STOCKTON,,No,Not a school zone,2-way undivided,-32.914499,151.782641,Newcastle,Newcastle met. area,Syd-Newc-Woll Gtr conurbation,Straight,,,,Unknown / not stated,Sealed,Wet,Raining,Daylight,Nil,No traffic controls,50 km/h,Local,71,Off rd left => obj,703,Left off cway into object,,Other angle,Station wagon,4 wheel drive / SUV,2,0,0,0,0,5,May,Autumn,Thursday,10:00 - 11:59,Midday / afternoon,False,False,False,False
1350409,Non-casualty (towaway),Non-casualty (towaway),2024,2024,April,Tuesday,06:00 - 07:59,WESTERN,EXP,480,West,GREAT WESTERN HIGHWAY,OP,HOLROYD,6004.0,No,Not a school zone,Dual freeway,-33.827827,150.999573,Parramatta,Sydney metro. area,Syd-Newc-Woll Gtr conurbation,Straight,,,,Unknown / not stated,Sealed,Dry,Fine,Daylight,Nil,No traffic controls,90 km/h,State,30,Rear end,301,Same - Rear end,,Rear end,Car (sedan/hatch),4 wheel drive / SUV,3,0,0,0,0,4,April,Autumn,Tuesday,06:00 - 07:59,AM peak / school commute,True,False,False,False
1350412,Non-casualty (towaway),Non-casualty (towaway),2024,2024,April,Sunday,10:00 - 11:59,MARKET,ST,0,Right on the spot,REGENT,ST,WOLLONGONG,,No,Not a school zone,T-junction,-34.423124,150.891523,Wollongong,Wollongong met. area,Syd-Newc-Woll Gtr conurbation,Straight,Steep grade,,,Unknown / not stated,Sealed,Dry,Fine,Daylight,Nil,No traffic controls,50 km/h,Local,85,Off rt/lft bnd=>obj,706,Left turn,Right,Vehicle - Object,Car (sedan/hatch),,1,0,0,0,0,4,April,Autumn,Sunday,10:00 - 11:59,Midday / afternoon,False,False,False,False
1350415,Non-casualty (towaway),Non-casualty (towaway),2024,2024,April,Tuesday,14:00 - 15:59,GREAT WESTERN,HWY,0,Right on the spot,O'CONNELL,ST,KINGSWOOD,5.0,No,Not a school zone,X-intersection,-33.762218,150.734976,Penrith,Sydney metro. area,Syd-Newc-Woll Gtr conurbation,Straight,,,,Unknown / not stated,Sealed,Dry,Overcast,Daylight,On,No traffic controls,60 km/h,State,34,Lane change right,306,Same - Lane change right,,Other angle,4 wheel drive / SUV,Motorcycle,2,0,0,0,0,4,April,Autumn,Tuesday,14:00 - 15:59,Midday / afternoon,False,False,False,False
1350416,Non-casualty (towaway),Non-casualty (towaway),2024,2024,April,Monday,18:00 - 19:59,ELCOMBE,RD,8000,South,GWYDIR,HWY,GRAVESEND,,No,Not a school zone,2-way undivided,-29.649689,150.390852,Gwydir,Country non-urban,Rest of NSW - Rural,Straight,,,,Unknown / not stated,Sealed,Dry,Fine,Dusk,Nil,No traffic controls,100 km/h,Local,67,Struck animal,609,On path - Hit animal,,Vehicle - Animal,Car (sedan/hatch),,1,0,0,0,0,4,April,Autumn,Monday,18:00 - 19:59,PM peak / evening commute,True,False,False,False
1350417,Non-casualty (towaway),Non-casualty (towaway),2024,2024,April,Tuesday,08:00 - 09:59,GREAT WESTERN,HWY,500,West,JENOLAN CAVES,RD,HARTLEY,5.0,No,Not a school zone,Divided road,-33.539519,150.163384,Lithgow,Country urban,Rest of NSW - Urban,Curved,,,,Unknown / not stated,Sealed,Wet,Fine,Daylight,Nil,No traffic controls,80 km/h,State,87,Off lft/lft bnd=>obj,804,Off left bend into obj,Left,Vehicle - Object,Light truck utility(from 2018),,1,0,0,0,0,4,April,Autumn,Tuesday,08:00 - 09:59,AM peak / school commute,True,False,False,False
1350418,Non-casualty (towaway),Non-casualty (towaway),2024,2024,May,Wednesday,12:00 - 13:59,BRIDGES,RD,10,South,GLOSSOP,ST,NEW LAMBTON,326.0,No,Not a school zone,T-junction,-32.92479,151.719893,Newcastle,Newcastle met. area,Syd-Newc-Woll Gtr conurbation,Straight,,,,Unknown / not stated,Sealed,Wet,Raining,Daylight,Nil,Give way sign,60 km/h,State,30,Rear end,301,Same - Rear end,,Rear end,Light truck,4 wheel drive / SUV,2,0,0,0,0,5,May,Autumn,Wednesday,12:00 - 13:59,Midday / afternoon,False,False,False,False
1350420,Non-casualty (towaway),Non-casualty (towaway),2024,2024,April,Friday,12:00 - 13:59,GEORGE DOWNES,DR,0,Right on the spot,NUMBER 138,HN,CENTRAL MANGROVE,590.0,No,Not a school zone,2-way undivided,-33.299255,151.234994,Central Coast,Country urban,Syd-Newc-Woll Gtr conurbation,Curved,,,,Unknown / not stated,Sealed,Dry,Fine,Daylight,Nil,No traffic controls,60 km/h,Regional,20,Head on,201,Opp - Head on,,Head-on,Car (sedan/hatch),Car (sedan/hatch),2,0,0,0,0,4,April,Autumn,Friday,12:00 - 13:59,Midday / afternoon,False,False,False,False
1350426,Non-casualty (towaway),Non-casualty (towaway),2024,2024,April,Sunday,20:00 - 21:59,PACIFIC,HWY,0,Right on the spot,TELEGRAPH POINT,RD,PEMBROOKE,10.0,No,Not a school zone,Roundabout,-31.392616,152.810396,Port Macquarie-Hastings,Country non-urban,Rest of NSW - Rural,Curved,,,,Unknown / not stated,Sealed,Dry,Fine,Darkness,Nil,Give way sign,100 km/h,State,85,Off rt/lft bnd=>obj,804,Off left bend into obj,Right,Vehicle - Object,Car (sedan/hatch),,1,0,0,0,0,4,April,Autumn,Sunday,20:00 - 21:59,Evening / night,False,False,False,False
1350431,Non-casualty (towaway),Non-casualty (towaway),2024,2024,April,Tuesday,12:00 - 13:59,KAMILAROI,HWY,2000,West,MERRYWINEBONE,RD,BURREN JUNCTION,29.0,No,Not a school zone,2-way undivided,-30.061193,148.941141,Walgett,Country non-urban,Rest of NSW - Rural,Straight,,,,Unknown / not stated,Sealed,Dry,Fine,Daylight,Nil,No traffic controls,110 km/h,State,74,On road-out of cont.,705,Out of control on cway,,Rollover,B-double (road train prior 98),,1,0,0,0,0,4,April,Autumn,Tuesday,12:00 - 13:59,Midday / afternoon,False,False,False,False
1350435,Non-casualty (towaway),Non-casualty (towaway),2024,2024,April,Monday,08:00 - 09:59,GLEBE,RD,0,Right on the spot,UNION,ST,THE JUNCTION,188.0,No,Not a school zone,X-intersection,-32.938708,151.758564,Newcastle,Newcastle met. area,Syd-Newc-Woll Gtr conurbation,Straight,,,,Unknown / not stated,Sealed,Dry,Fine,Daylight,On,No traffic controls,60 km/h,Regional,30,Rear end,301,Same - Rear end,,Rear end,Large rigid,4 wheel drive / SUV,2,0,0,0,0,4,April,Autumn,Monday,08:00 - 09:59,AM peak / school commute,True,False,False,False
1350438,Non-casualty (towaway),Non-casualty (towaway),2024,2024,April,Tuesday,18:00 - 19:59,HUME,HWY,0,Right on the spot,HOMEBUSH,RD,STRATHFIELD SOUTH,2.0,Yes,No,X-intersection,-33.891852,151.083401,Strathfield,Sydney metro. area,Syd-Newc-Woll Gtr conurbation,Straight,,,,Unknown / not stated,Sealed,Dry,Overcast,Darkness,On,No traffic controls,60 km/h,State,10,Cross traffic,101,Adj - Cross traffic,,Right angle,4 wheel drive / SUV,4 wheel drive / SUV,2,0,0,0,0,4,April,Autumn,Tuesday,18:00 - 19:59,PM peak / evening commute,True,False,False,False
1350440,Non-casualty (towaway),Non-casualty (towaway),2024,2024,April,Saturday,10:00 - 11:59,ILLAWARRA,RD,0,Right on the spot,NUMBER 22,HN,MARRICKVILLE,,No,Not a school zone,2-way undivided,-33.903261,151.162693,Inner West,Sydney metro. area,Syd-Newc-Woll Gtr conurbation,Straight,,,,Unknown / not stated,Sealed,Dry,Fine,Daylight,Nil,No traffic controls,50 km/h,Local,20,Head on,201,Opp - Head on,,Head-on,Large rigid,Car (sedan/hatch),3,0,0,0,0,4,April,Autumn,Saturday,10:00 - 11:59,Midday / afternoon,False,False,False,False
1350445,Non-casualty (towaway),Non-casualty (towaway),2024,2024,May,Wednesday,18:00 - 19:59,CENTENARY,RD,0,Right on the spot,OLD PROSPECT,RD,SOUTH WENTWORTHVILLE,8002.0,No,Not a school zone,X-intersection,-33.817821,150.969335,Cumberland,Sydney metro. area,Syd-Newc-Woll Gtr conurbation,Straight,,,,Unknown / not stated,Sealed,Wet,Raining,Darkness,On,No traffic controls,60 km/h,State,21,Right through,202,Opp - Right-thru,,Other angle,Car (sedan/hatch),Light truck utility(from 2018),2,0,0,0,0,5,May,Autumn,Wednesday,18:00 - 19:59,PM peak / evening commute,True,False,False,False
1350446,Non-casualty (towaway),Non-casualty (towaway),2024,2024,May,Thursday,18:00 - 19:59,GILCHRIST,DR,0,Right on the spot,NUMBER 44,HN,GLEN ALPINE,7191.0,No,Not a school zone,Divided road,-34.07724,150.791293,Campbelltown,Sydney metro. area,Syd-Newc-Woll Gtr conurbation,Curved,Steep grade,,,Unknown / not stated,Sealed,Dry,Overcast,Darkness,Nil,No traffic controls,50 km/h,Regional,42,Leaving parking,401,Manov - Leaving parking,,Other angle,4 wheel drive / SUV,Light truck utility(from 2018),2,0,0,0,0,5,May,Autumn,Thursday,18:00 - 19:59,PM peak / evening commute,True,False,False,False
1350447,Non-casualty (towaway),Non-casualty (towaway),2024,2024,May,Thursday,16:00 - 17:59,O'CONNELL,ST,0,Right on the spot,MACQUARIE,ST,PARRAMATTA,184.0,No,Not a school zone,X-intersection,-33.814376,150.999848,Parramatta,Sydney metro. area,Syd-Newc-Woll Gtr conurbation,Straight,,,,Unknown / not stated,Sealed,Dry,Fine,Unknown,On,No traffic controls,60 km/h,State,10,Cross traffic,101,Adj - Cross traffic,,Right angle,Light truck utility(from 2018),4 wheel drive / SUV,2,0,0,0,0,5,May,Autumn,Thursday,16:00 - 17:59,PM peak / evening commute,True,False,False,False
1350450,Non-casualty (towaway),Non-casualty (towaway),2024,2024,April,Sunday,14:00 - 15:59,NEW ENGLAND,HWY,0,Right on the spot,ANDERSON DRIVE,TO,TARRO,9.0,No,Not a school zone,Divided road,-32.812016,151.66564,Newcastle,Newcastle met. area,Syd-Newc-Woll Gtr conurbation,Straight,,,,Unknown / not stated,Sealed,Dry,Fine,Daylight,Nil,No traffic controls,80 km/h,State,39,Other same direction,300,Same - other,,Other angle,4 wheel drive / SUV,Car (sedan/hatch),3,0,0,0,0,4,April,Autumn,Sunday,14:00 - 15:59,Midday / afternoon,False,False,False,False
1350453,Non-casualty (towaway),Non-casualty (towaway),2024,2024,April,Tuesday,04:00 - 05:59,PACIFIC,HWY,500,North,STONEY CREEK ROAD,OP,BOOLAMBAYTE,10.0,No,Not a school zone,2-way undivided,-32.370667,152.295854,Mid-Coast,Country non-urban,Rest of NSW - Rural,Straight,Steep grade,,,Unknown / not stated,Sealed,Dry,Fine,Darkness,Nil,No traffic controls,110 km/h,State,30,Rear end,301,Same - Rear end,,Rear end,Light truck,Semi-trailer,2,0,0,0,0,4,April,Autumn,Tuesday,04:00 - 05:59,Late night / early morning,False,False,False,False
1350454,Non-casualty (towaway),Non-casualty (towaway),2024,2024,April,Monday,20:00 - 21:59,PERMANENT,AVE,0,Right on the spot,NUMBER 41,HN,EARLWOOD,7053.0,No,Not a school zone,2-way undivided,-33.917096,151.130656,Canterbury-Bankstown,Sydney metro. area,Syd-Newc-Woll Gtr conurbation,Straight,,,,Unknown / not stated,Sealed,Dry,Fine,Darkness,Nil,No traffic controls,50 km/h,Regional,30,Rear end,301,Same - Rear end,,Rear end,Light truck utility(from 2018),Car (sedan/hatch),2,0,0,0,0,4,April,Autumn,Monday,20:00 - 21:59,Evening / night,False,False,False,False
1350461,Non-casualty (towaway),Non-casualty (towaway),2024,2024,April,Saturday,18:00 - 19:59,HARBORD,RD,40,South,ABBOTT,RD,BROOKVALE,7343.0,Yes,No,2-way undivided,-33.763873,151.279754,Northern Beaches,Sydney metro. area,Syd-Newc-Woll Gtr conurbation,Straight,,,,Unknown / not stated,Sealed,Wet,Raining,Dusk,Nil,No traffic controls,60 km/h,Regional,71,Off rd left => obj,703,Left off cway into object,,Other angle,Car (sedan/hatch),4 wheel drive / SUV,2,0,0,0,0,4,April,Autumn,Saturday,18:00 - 19:59,PM peak / evening commute,True,False,False,False
1350462,Non-casualty (towaway),Non-casualty (towaway),2024,2024,April,Tuesday,10:00 - 11:59,GANNONS,RD,10,North,BURRANEER BAY,RD,CARINGBAH SOUTH,,Yes,No,Roundabout,-34.05153,151.131725,Sutherland,Sydney metro. area,Syd-Newc-Woll Gtr conurbation,Straight,,,,Unknown / not stated,Sealed,Dry,Fine,Daylight,Nil,No traffic controls,50 km/h,Local,87,Off lft/lft bnd=>obj,706,Left turn,Left,Other angle,4 wheel drive / SUV,4 wheel drive / SUV,3,0,0,0,0,4,April,Autumn,Tuesday,10:00 - 11:59,Midday / afternoon,False,False,False,False
1350463,Non-casualty (towaway),Non-casualty (towaway),2024,2024,April,Sunday,18:00 - 19:59,HEATHCOTE,RD,0,Right on the spot,INFANTRY,PDE,HAMMONDVILLE,512.0,No,Not a school zone,X-intersection,-33.955678,150.9556,Liverpool,Sydney metro. area,Syd-Newc-Woll Gtr conurbation,Straight,,,,Unknown / not stated,Sealed,Dry,Fine,Darkness,On,No traffic controls,60 km/h,State,30,Rear end,301,Same - Rear end,,Rear end,4 wheel drive / SUV,4 wheel drive / SUV,2,0,0,0,0,4,April,Autumn,Sunday,18:00 - 19:59,PM peak / evening commute,True,False,False,False
1350464,Non-casualty (towaway),Non-casualty (towaway),2024,2024,April,Sunday,12:00 - 13:59,NEWCASTLE,EXP,2000,North,MANDALONG ROAD,OP,MORISSET,6003.0,No,Not a school zone,Dual freeway,-33.101272,151.462619,Lake Macquarie,Newcastle met. area,Syd-Newc-Woll Gtr conurbation,Curved,,,,Unknown / not stated,Sealed,Dry,Fine,Daylight,Nil,No traffic controls,110 km/h,State,30,Rear end,301,Same - Rear end,,Rear end,Light truck utility(from 2018),Car (sedan/hatch),2,0,0,0,0,4,April,Autumn,Sunday,12:00 - 13:59,Midday / afternoon,False,False,False,False
1350465,Non-casualty (towaway),Non-casualty (towaway),2024,2024,April,Monday,16:00 - 17:59,HANBURY,ST,0,Right on the spot,DORA,ST,MAYFIELD,326.0,No,Not a school zone,T-junction,-32.89671,151.737189,Newcastle,Newcastle met. area,Syd-Newc-Woll Gtr conurbation,Straight,,,,Unknown / not stated,Sealed,Dry,Fine,Daylight,Nil,No traffic controls,60 km/h,State,21,Right through,202,Opp - Right-thru,,Other angle,Car (sedan/hatch),Light truck utility(from 2018),2,0,0,0,0,4,April,Autumn,Monday,16:00 - 17:59,PM peak / evening commute,True,False,False,False
1350475,Non-casualty (towaway),Non-casualty (towaway),2024,2024,May,Thursday,18:00 - 19:59,MINJUNGBAL,DR,0,Right on the spot,MACHINERY,DR,TWEED HEADS SOUTH,7733.0,No,Not a school zone,T-junction,-28.202778,153.544182,Tweed,Country urban,Rest of NSW - Urban,Straight,,,,Unknown / not stated,Sealed,Wet,Raining,Darkness,On,No traffic controls,60 km/h,Regional,21,Right through,202,Opp - Right-thru,,Other angle,Station wagon,4 wheel drive / SUV,2,0,0,0,0,5,May,Autumn,Thursday,18:00 - 19:59,PM peak / evening commute,True,False,False,False
1350479,Non-casualty (towaway),Non-casualty (towaway),2024,2024,March,Sunday,00:01 - 01:59,COREA,ST,0,Right on the spot,NUMBER 12,HN,SYLVANIA,,No,Not a school zone,Divided road,-34.008189,151.101159,Sutherland,Sydney metro. area,Syd-Newc-Woll Gtr conurbation,Curved,,,,Unknown / not stated,Sealed,Wet,Raining,Darkness,Nil,No traffic controls,50 km/h,Local,81,Off left/rt bnd=>obj,803,Off right bend into obj,Left,Vehicle - Object,Car (sedan/hatch),,1,0,0,0,0,3,March,Autumn,Sunday,00:01 - 01:59,Late night / early morning,False,False,False,False
1350482,Non-casualty (towaway),Non-casualty (towaway),2024,2024,April,Thursday,20:00 - 21:59,PACIFIC,HWY,260,East,TALL TIMBERS,RD,LAKE MUNMORAH,10.0,No,Not a school zone,Divided road,-33.18952,151.560157,Central Coast,Country urban,Syd-Newc-Woll Gtr conurbation,Straight,Driveway/entrance,,,Unknown / not stated,Sealed,Wet,Fine,Darkness,Nil,Stop sign,80 km/h,State,47,Emerging from drive,406,Manov - Emerging from driveway,,Right angle,Car (sedan/hatch),Light truck utility(from 2018),2,0,0,0,0,4,April,Autumn,Thursday,20:00 - 21:59,Evening / night,False,False,False,False
1350484,Non-casualty (towaway),Non-casualty (towaway),2024,2024,May,Thursday,06:00 - 07:59,VICTORIA,RD,0,Right on the spot,MORTIMER LEWIS,DR,HUNTLEYS POINT,165.0,No,Not a school zone,X-intersection,-33.839447,151.139568,Hunters Hill,Sydney metro. area,Syd-Newc-Woll Gtr conurbation,Straight,,,,Unknown / not stated,Sealed,Wet,Raining,Dawn,On,No traffic controls,70 km/h,State,71,Off rd left => obj,703,Left off cway into object,,Vehicle - Object,Light truck utility(from 2018),,1,0,0,0,0,5,May,Autumn,Thursday,06:00 - 07:59,AM peak / school commute,True,False,False,False
1350485,Non-casualty (towaway),Non-casualty (towaway),2024,2024,April,Sunday,14:00 - 15:59,KNOX,RD,0,Right on the spot,NUMBER 203,HN,DOONSIDE,7153.0,No,Not a school zone,Divided road,-33.747588,150.86777,Blacktown,Sydney metro. area,Syd-Newc-Woll Gtr conurbation,Curved,,,,Unknown / not stated,Sealed,Dry,Fine,Daylight,Nil,No traffic controls,60 km/h,Regional,87,Off lft/lft bnd=>obj,804,Off left bend into obj,Left,Other angle,Light truck utility(from 2018),4 wheel drive / SUV,2,0,0,0,0,4,April,Autumn,Sunday,14:00 - 15:59,Midday / afternoon,False,False,False,False
1350490,Non-casualty (towaway),Non-casualty (towaway),2024,2024,April,Friday,16:00 - 17:59,ALICE,ST,0,Right on the spot,HOOF,ST,GRAFTON,,No,Not a school zone,X-intersection,-29.675501,152.936292,Clarence Valley,Country urban,Rest of NSW - Urban,Straight,,,,Unknown / not stated,Sealed,Dry,Fine,Dusk,Nil,Give way sign,50 km/h,Local,81,Off left/rt bnd=>obj,707,Right turn,Left,Vehicle - Object,Car (sedan/hatch),,1,0,0,0,0,4,April,Autumn,Friday,16:00 - 17:59,PM peak / evening commute,True,False,False,False
1350491,Non-casualty (towaway),Non-casualty (towaway),2024,2024,April,Friday,08:00 - 09:59,SHAFTESBURY,RD,0,Right on the spot,NUMBER 43,HN,BURWOOD,,No,Not a school zone,2-way undivided,-33.875,151.107521,Burwood,Sydney metro. area,Syd-Newc-Woll Gtr conurbation,Straight,,,,Unknown / not stated,Sealed,Dry,Fine,Daylight,Nil,No traffic controls,50 km/h,Local,34,Lane change right,306,Same - Lane change right,,Other angle,Car (sedan/hatch),Car (sedan/hatch),2,0,0,0,0,4,April,Autumn,Friday,08:00 - 09:59,AM peak / school commute,True,False,False,False
1350494,Non-casualty (towaway),Non-casualty (towaway),2024,2024,April,Friday,16:00 - 17:59,GREAT WESTERN,HWY,179,East,DALRYMPLE,AVE,WENTWORTH FALLS,5.0,No,Not a school zone,Divided road,-33.7124,150.377509,Blue Mountains,Country urban,Syd-Newc-Woll Gtr conurbation,Curved,Foot/cycle path/nature strip,,,Unknown / not stated,Sealed,Dry,Fine,Dusk,Nil,No traffic controls,60 km/h,State,81,Off left/rt bnd=>obj,803,Off right bend into obj,Left,Vehicle - Object,Car (sedan/hatch),,1,0,0,0,0,4,April,Autumn,Friday,16:00 - 17:59,PM peak / evening commute,True,False,False,False
1350507,Non-casualty (towaway),Non-casualty (towaway),2024,2024,April,Monday,16:00 - 17:59,BARTON,HWY,0,Right on the spot,MCINTOSH,CCT,MURRUMBATEMAN,15.0,No,Not a school zone,T-junction,-34.994695,149.023729,Yass Valley,Country non-urban,Rest of NSW - Rural,Straight,,,,Unknown / not stated,Sealed,Dry,Fine,Daylight,Nil,Give way sign,100 km/h,State,13,Right near,104,Adj - Right-thru from right,,Right angle,Station wagon,4 wheel drive / SUV,2,0,0,0,0,4,April,Autumn,Monday,16:00 - 17:59,PM peak / evening commute,True,False,False,False
1350512,Non-casualty (towaway),Non-casualty (towaway),2024,2024,April,Friday,08:00 - 09:59,PACIFIC,HWY,100,South,KENNEDY DRIVE,TO,TWEED HEADS,10.0,No,Not a school zone,Divided road,-28.186997,153.525546,Tweed,Country urban,Rest of NSW - Urban,Straight,,,,Unknown / not stated,Sealed,Dry,Fine,Daylight,Nil,No traffic controls,60 km/h,State,30,Rear end,301,Same - Rear end,,Rear end,Car (sedan/hatch),4 wheel drive / SUV,2,0,0,0,0,4,April,Autumn,Friday,08:00 - 09:59,AM peak / school commute,True,False,False,False
1350515,Non-casualty (towaway),Non-casualty (towaway),2024,2024,April,Friday,18:00 - 19:59,HAMERSLEY,ST,0,Right on the spot,KIMBERLEY,CRES,FAIRFIELD WEST,,No,Not a school zone,T-junction,-33.862893,150.929008,Fairfield,Sydney metro. area,Syd-Newc-Woll Gtr conurbation,Straight,,,,Unknown / not stated,Sealed,Dry,Fine,Darkness,Nil,No traffic controls,50 km/h,Local,21,Right through,202,Opp - Right-thru,,Other angle,Station wagon,Car (sedan/hatch),2,0,0,0,0,4,April,Autumn,Friday,18:00 - 19:59,PM peak / evening commute,True,False,False,False
1350516,Non-casualty (towaway),Non-casualty (towaway),2024,2024,April,Saturday,20:00 - 21:59,BAREENA,DR,10,East,WOODLAND,ST,BALGOWLAH HEIGHTS,,No,Not a school zone,T-junction,-33.807345,151.260044,Northern Beaches,Sydney metro. area,Syd-Newc-Woll Gtr conurbation,Straight,,,,Unknown / not stated,Sealed,Dry,Fine,Darkness,Nil,No traffic controls,50 km/h,Local,81,Off left/rt bnd=>obj,707,Right turn,Left,Other angle,Station wagon,Passenger van,2,0,0,0,0,4,April,Autumn,Saturday,20:00 - 21:59,Evening / night,False,False,False,False
1350519,Non-casualty (towaway),Non-casualty (towaway),2024,2024,May,Wednesday,22:00 - Midnight,PRINCES,HWY,410,North,FARNELL,AVE,LOFTUS,1.0,No,Not a school zone,Divided road,-34.050118,151.051541,Sutherland,Sydney metro. area,Syd-Newc-Woll Gtr conurbation,Curved,,,,Unknown / not stated,Sealed,Wet,Raining,Darkness,Nil,No traffic controls,80 km/h,State,83,Off rt/rt bnd=>obj,803,Off right bend into obj,Right,Vehicle - Object,Utility,,1,0,0,0,0,5,May,Autumn,Wednesday,22:00 - Midnight,Evening / night,False,False,False,False
1350520,Non-casualty (towaway),Non-casualty (towaway),2024,2024,May,Thursday,16:00 - 17:59,WESTERN,EXP,300,East,WALLGROVE ROAD,OP,EASTERN CREEK,6004.0,No,Not a school zone,Dual freeway,-33.798474,150.856411,Blacktown,Sydney metro. area,Syd-Newc-Woll Gtr conurbation,Straight,Underpass/tunnel,,,Unknown / not stated,Sealed,Dry,Overcast,Darkness,Nil,No traffic controls,100 km/h,State,30,Rear end,301,Same - Rear end,,Rear end,Car (sedan/hatch),4 wheel drive / SUV,2,0,0,0,0,5,May,Autumn,Thursday,16:00 - 17:59,PM peak / evening commute,True,False,False,False
1350522,Non-casualty (towaway),Non-casualty (towaway),2024,2024,April,Tuesday,04:00 - 05:59,ROPES CROSSING,BVD,25,North,O'DONOGHUE,ST,ROPES CROSSING,,No,Not a school zone,2-way undivided,-33.730948,150.781089,Blacktown,Sydney metro. area,Syd-Newc-Woll Gtr conurbation,Curved,Foot/cycle path/nature strip,,,Unknown / not stated,Sealed,Dry,Fine,Darkness,Nil,No traffic controls,50 km/h,Local,81,Off left/rt bnd=>obj,803,Off right bend into obj,Left,Vehicle - Object,Light truck utility(from 2018),,1,0,0,0,0,4,April,Autumn,Tuesday,04:00 - 05:59,Late night / early morning,False,False,False,False
1350527,Non-casualty (towaway),Non-casualty (towaway),2024,2024,April,Tuesday,08:00 - 09:59,OLD PITT TOWN,RD,0,Right on the spot,OLD STOCK ROUTE,RD,PITT TOWN,,No,Not a school zone,X-intersection,-33.591826,150.87454,Hawkesbury,Country urban,Syd-Newc-Woll Gtr conurbation,Straight,,,,Unknown / not stated,Sealed,Dry,Fine,Daylight,Nil,Give way sign,70 km/h,Local,10,Cross traffic,101,Adj - Cross traffic,,Right angle,Passenger van,4 wheel drive / SUV,2,0,0,0,0,4,April,Autumn,Tuesday,08:00 - 09:59,AM peak / school commute,True,False,False,False
1350528,Non-casualty (towaway),Non-casualty (towaway),2024,2024,April,Friday,02:00 - 03:59,FIFTEENTH,AVE,260,West,COWPASTURE,RD,MIDDLETON GRANGE,,No,Not a school zone,2-way undivided,-33.92317,150.846078,Liverpool,Sydney metro. area,Syd-Newc-Woll Gtr conurbation,Curved,,,,Unknown / not stated,Sealed,Dry,Fine,Darkness,Nil,No traffic controls,60 km/h,Local,87,Off lft/lft bnd=>obj,804,Off left bend into obj,Left,Vehicle - Object,Car (sedan/hatch),,1,0,0,0,0,4,April,Autumn,Friday,02:00 - 03:59,Late night / early morning,False,False,False,False
1350531,Non-casualty (towaway),Non-casualty (towaway),2024,2024,April,Monday,14:00 - 15:59,AVOCA,DR,0,Right on the spot,BUNGOONA,RD,KINCUMBER,504.0,No,Not a school zone,Roundabout,-33.467968,151.383362,Central Coast,Country urban,Syd-Newc-Woll Gtr conurbation,Curved,,,,Unknown / not stated,Sealed,Dry,Fine,Daylight,Nil,Give way sign,60 km/h,State,21,Right through,202,Opp - Right-thru,,Other angle,4 wheel drive / SUV,4 wheel drive / SUV,2,0,0,0,0,4,April,Autumn,Monday,14:00 - 15:59,Midday / afternoon,False,False,False,False
1350535,Non-casualty (towaway),Non-casualty (towaway),2024,2024,May,Thursday,18:00 - 19:59,GIPPS,ST,0,Right on the spot,NEVILLE,ST,SMITHFIELD,,No,Not a school zone,Roundabout,-33.852702,150.921822,Fairfield,Sydney metro. area,Syd-Newc-Woll Gtr conurbation,Straight,,,,Unknown / not stated,Sealed,Dry,Fine,Darkness,Nil,Give way sign,50 km/h,Local,11,Right far,102,Adj - Right-thru from left,,Right angle,Car (sedan/hatch),Car (sedan/hatch),2,0,0,0,0,5,May,Autumn,Thursday,18:00 - 19:59,PM peak / evening commute,True,False,False,False
1350537,Non-casualty (towaway),Non-casualty (towaway),2024,2024,April,Monday,02:00 - 03:59,DONNANS,RD,0,Right on the spot,SUZETTE,ST,LISMORE HEIGHTS,,No,Not a school zone,T-junction,-28.800877,153.298133,Lismore,Country urban,Rest of NSW - Urban,Curved,Foot/cycle path/nature strip,,,Unknown / not stated,Sealed,Wet,Fine,Darkness,Nil,No traffic controls,50 km/h,Local,85,Off rt/lft bnd=>obj,804,Off left bend into obj,Right,Vehicle - Object,Car (sedan/hatch),,1,0,0,0,0,4,April,Autumn,Monday,02:00 - 03:59,Late night / early morning,False,False,False,False