crash_id,degree_of_crash,degree_of_crash_-_detailed,reporting_year,year_of_crash,month_of_crash,day_of_week_of_crash,two-hour_intervals,street_of_crash,street_type,distance,direction,identifying_feature,identifying_feature_type,town,route_no.,school_zone_location,school_zone_active,type_of_location,latitude,longitude,lga,urbanisation,conurbation_1,alignment,primary_permanent_feature,primary_temporary_feature,primary_hazardous_feature,street_lighting,road_surface,surface_condition,weather,natural_lighting,signals_operation,other_traffic_control,speed_limit,road_classification_(admin),rum_-_code,rum_-_description,dca_-_code,dca_-_description,dca_supplement,first_impact_type,key_tu_type,other_tu_type,no._of_traffic_units_involved,no._killed,no._seriously_injured,no._moderately_injured,no._minor-other_injured,month_num,month_label,season,day_label,time_label,time_band,is_peak_commute,is_fatal,is_injury,is_casualty
1350539,Non-casualty (towaway),Non-casualty (towaway),2024,2024,April,Saturday,06:00 - 07:59,OLD NORTHERN,RD,0,Right on the spot,NEW LINE,RD,DURAL,160.0,No,Not a school zone,Roundabout,-33.695884,151.030347,Hornsby,Sydney metro. area,Syd-Newc-Woll Gtr conurbation,Curved,Steep grade,,,Unknown / not stated,Sealed,Dry,Fine,Daylight,Nil,Give way sign,60 km/h,State,33,Lane sideswipe,305,Same - Lane side swipe,,Other angle,Light truck utility(from 2018),Car (sedan/hatch),2,0,0,0,0,4,April,Autumn,Saturday,06:00 - 07:59,AM peak / school commute,True,False,False,False
1350541,Non-casualty (towaway),Non-casualty (towaway),2024,2024,April,Sunday,06:00 - 07:59,ACHILLES,RD,10,East,BANBAL,RD,ENGADINE,,No,Not a school zone,T-junction,-34.057761,151.012029,Sutherland,Sydney metro. area,Syd-Newc-Woll Gtr conurbation,Straight,Steep grade,,,Unknown / not stated,Sealed,Dry,Fine,Daylight,Nil,No traffic controls,50 km/h,Local,39,Other same direction,300,Same - other,,Other angle,Station wagon,Light truck utility(from 2018),2,0,0,0,0,4,April,Autumn,Sunday,06:00 - 07:59,AM peak / school commute,True,False,False,False
1350544,Non-casualty (towaway),Non-casualty (towaway),2024,2024,April,Friday,12:00 - 13:59,KINGSWAY,MS,0,Right on the spot,WANDELLA,RD,MIRANDA,227.0,Yes,No,X-intersection,-34.033792,151.098705,Sutherland,Sydney metro. area,Syd-Newc-Woll Gtr conurbation,Straight,,,,Unknown / not stated,Sealed,Dry,Fine,Daylight,On,No traffic controls,60 km/h,State,10,Cross traffic,101,Adj - Cross traffic,,Right angle,Car (sedan/hatch),4 wheel drive / SUV,4,0,0,0,0,4,April,Autumn,Friday,12:00 - 13:59,Midday / afternoon,False,False,False,False
1350574,Non-casualty (towaway),Non-casualty (towaway),2024,2024,May,Thursday,16:00 - 17:59,WEE JASPER,RD,0,Right on the spot,MOUNTAIN CREEK,RD,CAVAN,278.0,No,Not a school zone,T-junction,-35.022767,148.835525,Yass Valley,Country non-urban,Rest of NSW - Rural,Curved,Embankment/cutting,,,Nil,Sealed,Dry,Fine,Darkness,Nil,Give way sign,100 km/h,Regional,81,Off left/rt bnd=>obj,803,Off right bend into obj,Left,Vehicle - Object,Car (sedan/hatch),,1,0,0,0,0,5,May,Autumn,Thursday,16:00 - 17:59,PM peak / evening commute,True,False,False,False
1350591,Non-casualty (towaway),Non-casualty (towaway),2024,2024,April,Tuesday,18:00 - 19:59,GREAT WESTERN,HWY,0,Right on the spot,FALLS,RD,WENTWORTH FALLS,5.0,Yes,No,X-intersection,-33.709543,150.37315,Blue Mountains,Country urban,Syd-Newc-Woll Gtr conurbation,Curved,Steep grade,,,On,Sealed,Dry,Fine,Dusk,On,No traffic controls,60 km/h,State,30,Rear end,301,Same - Rear end,,Rear end,Unknown motor vehicle,4 wheel drive / SUV,2,0,0,0,0,4,April,Autumn,Tuesday,18:00 - 19:59,PM peak / evening commute,True,False,False,False
1350594,Non-casualty (towaway),Non-casualty (towaway),2024,2024,April,Tuesday,22:00 - Midnight,EAST MARKET,ST,0,Right on the spot,MARCH,ST,RICHMOND,184.0,No,Not a school zone,X-intersection,-33.59918,150.751934,Hawkesbury,Country urban,Syd-Newc-Woll Gtr conurbation,Straight,,,,On,Sealed,Dry,Fine,Darkness,On,No traffic controls,60 km/h,State,83,Off rt/rt bnd=>obj,707,Right turn,Right,Vehicle - Object,Car (sedan/hatch),,1,0,0,0,0,4,April,Autumn,Tuesday,22:00 - Midnight,Evening / night,False,False,False,False
1350597,Non-casualty (towaway),Non-casualty (towaway),2024,2024,February,Monday,18:00 - 19:59,HEGERTY,ST,25,West,PRINCES,HWY,ROCKDALE,,No,Not a school zone,2-way undivided,-33.954944,151.137321,Bayside,Sydney metro. area,Syd-Newc-Woll Gtr conurbation,Straight,,,,On,Sealed,Dry,Fine,Darkness,Nil,No traffic controls,50 km/h,Local,71,Off rd left => obj,703,Left off cway into object,,Other angle,4 wheel drive / SUV,Car (sedan/hatch),2,0,0,0,0,2,February,Summer,Monday,18:00 - 19:59,PM peak / evening commute,True,False,False,False
1350624,Non-casualty (towaway),Non-casualty (towaway),2024,2024,April,Wednesday,12:00 - 13:59,THOMPSON,RD,25,South,IRRIGATION,WAY,STANBRIDGE,,No,Not a school zone,2-way undivided,-34.505321,146.221366,Leeton,Country non-urban,Rest of NSW - Rural,Straight,Other bridge,Police pursuit,,Nil,Sealed,Dry,Fine,Daylight,Nil,No traffic controls,100 km/h,Local,73,Off rd rght => obj,704,Right off cway into obj,,Vehicle - Object,Car (sedan/hatch),,1,0,0,0,0,4,April,Autumn,Wednesday,12:00 - 13:59,Midday / afternoon,False,False,False,False
1350642,Non-casualty (towaway),Non-casualty (towaway),2024,2024,May,Wednesday,14:00 - 15:59,MOORE,ST,0,Right on the spot,AINSWORTH,ST,LEICHHARDT,7314.0,No,Not a school zone,T-junction,-33.878892,151.162473,Inner West,Sydney metro. area,Syd-Newc-Woll Gtr conurbation,Straight,,,,Off,Sealed,Dry,Overcast,Daylight,Nil,Give way sign,50 km/h,Regional,40,U turn,304,Same - U-turn,,Other angle,Car (sedan/hatch),Station wagon,3,0,0,0,0,5,May,Autumn,Wednesday,14:00 - 15:59,Midday / afternoon,False,False,False,False
1350645,Non-casualty (towaway),Non-casualty (towaway),2024,2024,April,Sunday,08:00 - 09:59,PACIFIC,HWY,200,South,FALCONERS,LANE,DIRTY CREEK,10.0,No,Not a school zone,Divided road,-29.966438,153.137047,Clarence Valley,Country non-urban,Rest of NSW - Rural,Straight,,,,Nil,Sealed,Dry,Overcast,Daylight,Nil,No traffic controls,110 km/h,State,71,Off rd left => obj,703,Left off cway into object,,Vehicle - Object,4 wheel drive / SUV,,1,0,0,0,0,4,April,Autumn,Sunday,08:00 - 09:59,AM peak / school commute,True,False,False,False
1350664,Non-casualty (towaway),Non-casualty (towaway),2024,2024,April,Friday,10:00 - 11:59,JAMES,ST,20,North,HIGH,ST,MAITLAND,,No,Not a school zone,2-way undivided,-32.737296,151.56113,Maitland,Country urban,Rest of NSW - Urban,Straight,,,,Nil,Sealed,Dry,Fine,Daylight,Nil,No traffic controls,50 km/h,Local,49,Other manoeuvring,400,Manov - other,,Other angle,Unknown type,Car (sedan/hatch),2,0,0,0,0,4,April,Autumn,Friday,10:00 - 11:59,Midday / afternoon,False,False,False,False
1350667,Non-casualty (towaway),Non-casualty (towaway),2024,2024,April,Tuesday,18:00 - 19:59,HONEYCOMB,DR,0,Right on the spot,KANGAROO,AVE,EASTERN CREEK,,No,Not a school zone,T-junction,-33.801014,150.832069,Blacktown,Sydney metro. area,Syd-Newc-Woll Gtr conurbation,Straight,,,,On,Sealed,Dry,Fine,Dusk,Nil,Give way sign,50 km/h,Local,71,Off rd left => obj,703,Left off cway into object,,Other angle,Unknown motor vehicle,Car (sedan/hatch),2,0,0,0,0,4,April,Autumn,Tuesday,18:00 - 19:59,PM peak / evening commute,True,False,False,False
1350674,Non-casualty (towaway),Non-casualty (towaway),2024,2024,April,Friday,10:00 - 11:59,THE HORSLEY,DR,0,Right on the spot,COCKBURN,CRES,FAIRFIELD EAST,609.0,Yes,No,T-junction,-33.872787,150.96456,Fairfield,Sydney metro. area,Syd-Newc-Woll Gtr conurbation,Curved,,,,On,Sealed,Dry,Fine,Daylight,Nil,Stop sign,60 km/h,State,16,Left near,107,Adj - Left-thru from right,,Right angle,Car (sedan/hatch),Car (sedan/hatch),2,0,0,0,0,4,April,Autumn,Friday,10:00 - 11:59,Midday / afternoon,False,False,False,False
1350676,Non-casualty (towaway),Non-casualty (towaway),2024,2024,April,Saturday,12:00 - 13:59,MARYLAND,ST,0,Right on the spot,WASHINGTON,AVE,RIVERWOOD,,No,Not a school zone,T-junction,-33.945412,151.051245,Canterbury-Bankstown,Sydney metro. area,Syd-Newc-Woll Gtr conurbation,Straight,,,,Off,Sealed,Wet,Raining,Daylight,Nil,No traffic controls,50 km/h,Local,41,U turn into object,207,Opp - U-turn,,Other angle,Car (sedan/hatch),Car (sedan/hatch),3,0,0,0,0,4,April,Autumn,Saturday,12:00 - 13:59,Midday / afternoon,False,False,False,False
1350679,Non-casualty (towaway),Non-casualty (towaway),2024,2024,April,Saturday,00:01 - 01:59,GENERAL HOLMES,DR,0,Right on the spot,WENTWORTH,AVE,MASCOT,194.0,No,Not a school zone,T-junction,-33.935856,151.192838,Bayside,Sydney metro. area,Syd-Newc-Woll Gtr conurbation,Curved,,,,On,Sealed,Dry,Fine,Darkness,On,Give way sign,70 km/h,State,21,Right through,202,Opp - Right-thru,,Other angle,Light truck utility(from 2018),Car (sedan/hatch),2,0,0,0,0,4,April,Autumn,Saturday,00:01 - 01:59,Late night / early morning,False,False,False,False
1350689,Non-casualty (towaway),Non-casualty (towaway),2024,2024,April,Saturday,00:01 - 01:59,HEATH,ST,0,Right on the spot,WYE,ST,PROSPECT,,No,Not a school zone,L-junction,-33.792686,150.911954,Blacktown,Sydney metro. area,Syd-Newc-Woll Gtr conurbation,Curved,Ditch/drain/culvert,,,On,Sealed,Dry,Fine,Darkness,Nil,No traffic controls,50 km/h,Local,85,Off rt/lft bnd=>obj,804,Off left bend into obj,Right,Vehicle - Object,Car (sedan/hatch),,1,0,0,0,0,4,April,Autumn,Saturday,00:01 - 01:59,Late night / early morning,False,False,False,False
1350690,Non-casualty (towaway),Non-casualty (towaway),2024,2024,April,Saturday,10:00 - 11:59,COLLINS,ST,10,East,PARAGON,LANE,BELMORE,,No,Not a school zone,X-intersection,-33.91892,151.088697,Canterbury-Bankstown,Sydney metro. area,Syd-Newc-Woll Gtr conurbation,Straight,,,,Off,Sealed,Dry,Fine,Daylight,Nil,Give way sign,50 km/h,Local,71,Off rd left => obj,703,Left off cway into object,,Other angle,Car (sedan/hatch),Car (sedan/hatch),3,0,0,0,0,4,April,Autumn,Saturday,10:00 - 11:59,Midday / afternoon,False,False,False,False
1350696,Non-casualty (towaway),Non-casualty (towaway),2024,2024,April,Monday,12:00 - 13:59,ROTARY,DR,0,Right on the spot,NEW BALLINA,RD,LISMORE,,No,Not a school zone,T-junction,-28.810591,153.302185,Lismore,Country urban,Rest of NSW - Urban,Straight,Steep grade,,,Off,Sealed,Wet,Raining,Daylight,Nil,No traffic controls,50 km/h,Local,21,Right through,202,Opp - Right-thru,,Other angle,Unknown motor vehicle,Station wagon,2,0,0,0,0,4,April,Autumn,Monday,12:00 - 13:59,Midday / afternoon,False,False,False,False
1350698,Non-casualty (towaway),Non-casualty (towaway),2024,2024,February,Monday,12:00 - 13:59,WEST,ST,50,South,EMPRESS,LANE,HURSTVILLE,,No,Not a school zone,2-way undivided,-33.969598,151.104197,Georges River,Sydney metro. area,Syd-Newc-Woll Gtr conurbation,Straight,Steep grade,,,Off,Sealed,Wet,Raining,Daylight,Nil,No traffic controls,50 km/h,Local,71,Off rd left => obj,703,Left off cway into object,,Other angle,4 wheel drive / SUV,Large rigid,2,0,0,0,0,2,February,Summer,Monday,12:00 - 13:59,Midday / afternoon,False,False,False,False
1350712,Non-casualty (towaway),Non-casualty (towaway),2024,2024,April,Friday,12:00 - 13:59,WINGADEE,ST,0,Right on the spot,NUMBER 26,HN,COONAMBLE,,No,Not a school zone,2-way undivided,-30.94986,148.379736,Coonamble,Country urban,Rest of NSW - Urban,Straight,,,,Unknown / not stated,Sealed,Unknown,Unknown,Daylight,Nil,No traffic controls,50 km/h,Local,71,Off rd left => obj,703,Left off cway into object,,Other angle,Car (sedan/hatch),4 wheel drive / SUV,3,0,0,0,0,4,April,Autumn,Friday,12:00 - 13:59,Midday / afternoon,False,False,False,False
1350714,Non-casualty (towaway),Non-casualty (towaway),2024,2024,April,Tuesday,22:00 - Midnight,TAYLOR,ST,0,Right on the spot,THE BOULEVARDE,MS,LAKEMBA,,No,Not a school zone,T-junction,-33.918789,151.080749,Canterbury-Bankstown,Sydney metro. area,Syd-Newc-Woll Gtr conurbation,Straight,,,,On,Sealed,Wet,Fine,Darkness,Nil,No traffic controls,50 km/h,Local,41,U turn into object,207,Opp - U-turn,,Other angle,Semi-trailer,4 wheel drive / SUV,2,0,0,0,0,4,April,Autumn,Tuesday,22:00 - Midnight,Evening / night,False,False,False,False
1350716,Non-casualty (towaway),Non-casualty (towaway),2024,2024,April,Friday,18:00 - 19:59,CORRIMAL,ST,0,Right on the spot,KEMBLA,ST,WOLLONGONG,581.0,No,Not a school zone,T-junction,-34.415594,150.899609,Wollongong,Wollongong met. area,Syd-Newc-Woll Gtr conurbation,Curved,,,,Off,Sealed,Dry,Fine,Daylight,Nil,Stop sign,60 km/h,State,30,Rear end,301,Same - Rear end,,Rear end,Car (sedan/hatch),Large rigid,2,0,0,0,0,4,April,Autumn,Friday,18:00 - 19:59,PM peak / evening commute,True,False,False,False
1350718,Non-casualty (towaway),Non-casualty (towaway),2024,2024,April,Saturday,22:00 - Midnight,BROOME,ST,10,East,CURTIN,CRES,MAROUBRA,,No,Not a school zone,T-junction,-33.953011,151.250898,Randwick,Sydney metro. area,Syd-Newc-Woll Gtr conurbation,Curved,Steep grade,,,Nil,Sealed,Dry,Fine,Darkness,Nil,No traffic controls,50 km/h,Local,49,Other manoeuvring,400,Manov - other,,Other angle,Unknown type,Car (sedan/hatch),2,0,0,0,0,4,April,Autumn,Saturday,22:00 - Midnight,Evening / night,False,False,False,False
1350720,Non-casualty (towaway),Non-casualty (towaway),2024,2024,February,Monday,10:00 - 11:59,GAP,RD,0,Right on the spot,NUMBER 10,HN,WATSONS BAY,,No,Not a school zone,1-way street,-33.844053,151.284549,Woollahra,Sydney metro. area,Syd-Newc-Woll Gtr conurbation,Straight,,,,Off,Sealed,Dry,Fine,Daylight,Nil,No traffic controls,40 km/h,Local,49,Other manoeuvring,400,Manov - other,,Other angle,Car (sedan/hatch),,1,0,0,0,0,2,February,Summer,Monday,10:00 - 11:59,Midday / afternoon,False,False,False,False
1350727,Non-casualty (towaway),Non-casualty (towaway),2024,2024,April,Thursday,18:00 - 19:59,CHARLES,RD,100,East,MEADS,AVE,TARRAWANNA,,No,Not a school zone,2-way undivided,-34.380743,150.895242,Wollongong,Wollongong met. area,Syd-Newc-Woll Gtr conurbation,Curved,,,,On,Sealed,Dry,Fine,Darkness,Nil,No traffic controls,50 km/h,Local,87,Off lft/lft bnd=>obj,804,Off left bend into obj,Left,Other angle,Car (sedan/hatch),Station wagon,2,0,0,0,0,4,April,Autumn,Thursday,18:00 - 19:59,PM peak / evening commute,True,False,False,False
1350746,Non-casualty (towaway),Non-casualty (towaway),2024,2024,April,Friday,12:00 - 13:59,WALLGROVE,RD,100,South,WESTERN EXPRESSWAY,TO,EASTERN CREEK,515.0,No,Not a school zone,Divided road,-33.795199,150.853806,Blacktown,Sydney metro. area,Syd-Newc-Woll Gtr conurbation,Straight,,,,Nil,Sealed,Wet,Raining,Daylight,Nil,No traffic controls,70 km/h,State,35,Lane change left,307,Same - Lane change left,,Other angle,Unknown motor vehicle,Car (sedan/hatch),2,0,0,0,0,4,April,Autumn,Friday,12:00 - 13:59,Midday / afternoon,False,False,False,False
1350747,Non-casualty (towaway),Non-casualty (towaway),2024,2024,April,Wednesday,18:00 - 19:59,GREENBANK,ST,80,South,WONIORA,RD,HURSTVILLE,,No,Not a school zone,2-way undivided,-33.96829,151.100368,Georges River,Sydney metro. area,Syd-Newc-Woll Gtr conurbation,Straight,Steep grade,,,Off,Sealed,Dry,Fine,Darkness,Nil,No traffic controls,40 km/h,Local,71,Off rd left => obj,703,Left off cway into object,,Other angle,Unknown motor vehicle,Car (sedan/hatch),2,0,0,0,0,4,April,Autumn,Wednesday,18:00 - 19:59,PM peak / evening commute,True,False,False,False
1350768,Non-casualty (towaway),Non-casualty (towaway),2024,2024,April,Thursday,00:01 - 01:59,DICK JOHNSON,DR,0,Right on the spot,ORAN PARK,DR,ORAN PARK,,No,Not a school zone,T-junction,-33.997065,150.73983,Camden,Sydney metro. area,Syd-Newc-Woll Gtr conurbation,Straight,,,,On,Sealed,Dry,Fine,Darkness,On,No traffic controls,60 km/h,Local,81,Off left/rt bnd=>obj,707,Right turn,Left,Vehicle - Object,Car (sedan/hatch),,1,0,0,0,0,4,April,Autumn,Thursday,00:01 - 01:59,Late night / early morning,False,False,False,False
1350786,Non-casualty (towaway),Non-casualty (towaway),2024,2024,March,Friday,18:00 - 19:59,OXLEY,HWY,5000,East,STOCKYARD CREEK,RD,WALCHA,11.0,No,Not a school zone,2-way undivided,-31.025938,151.710937,Walcha,Country non-urban,Rest of NSW - Rural,Curved,Embankment/cutting,,,Nil,Sealed,Wet,Fog or mist,Darkness,Nil,No traffic controls,100 km/h,State,87,Off lft/lft bnd=>obj,804,Off left bend into obj,Left,Vehicle - Object,Car (sedan/hatch),,1,0,0,0,0,3,March,Autumn,Friday,18:00 - 19:59,PM peak / evening commute,True,False,False,False
1350796,Non-casualty (towaway),Non-casualty (towaway),2024,2024,April,Thursday,22:00 - Midnight,TOOMUNG,CCT,0,Right on the spot,NUMBER 3,HN,CLAREMONT MEADOWS,,No,Not a school zone,2-way undivided,-33.770822,150.745651,Penrith,Sydney metro. area,Syd-Newc-Woll Gtr conurbation,Straight,,,,On,Sealed,Dry,Fine,Darkness,Nil,No traffic controls,50 km/h,Local,73,Off rd rght => obj,704,Right off cway into obj,,Other angle,Unknown motor vehicle,Light truck utility(from 2018),2,0,0,0,0,4,April,Autumn,Thursday,22:00 - Midnight,Evening / night,False,False,False,False
1350809,Non-casualty (towaway),Non-casualty (towaway),2024,2024,March,Sunday,16:00 - 17:59,LUCAS,RD,0,Right on the spot,NUMBER 32,HN,EAST HILLS,,No,Not a school zone,2-way undivided,-33.960936,150.992333,Canterbury-Bankstown,Sydney metro. area,Syd-Newc-Woll Gtr conurbation,Straight,,,,Off,Sealed,Dry,Fine,Daylight,Nil,No traffic controls,50 km/h,Local,71,Off rd left => obj,703,Left off cway into object,,Other angle,Passenger van,Light truck,2,0,0,0,0,3,March,Autumn,Sunday,16:00 - 17:59,PM peak / evening commute,True,False,False,False
1350811,Non-casualty (towaway),Non-casualty (towaway),2024,2024,April,Wednesday,16:00 - 17:59,BURWOOD,RD,30,North,RAILWAY,PDE,BURWOOD,,No,Not a school zone,2-way undivided,-33.877156,151.103743,Burwood,Sydney metro. area,Syd-Newc-Woll Gtr conurbation,Straight,Underpass/tunnel,,,Nil,Sealed,Dry,Fine,Daylight,Nil,No traffic controls,40 km/h,Local,34,Lane change right,306,Same - Lane change right,,Other angle,Other bus,Light truck utility(from 2018),2,0,0,0,0,4,April,Autumn,Wednesday,16:00 - 17:59,PM peak / evening commute,True,False,False,False
1350813,Non-casualty (towaway),Non-casualty (towaway),2024,2024,April,Wednesday,22:00 - Midnight,BEAUMONT,ST,10,South,DONALD,ST,HAMILTON,82.0,No,Not a school zone,X-intersection,-32.919864,151.747749,Newcastle,Newcastle met. area,Syd-Newc-Woll Gtr conurbation,Straight,,,,On,Sealed,Wet,Overcast,Darkness,On,No traffic controls,60 km/h,State,30,Rear end,301,Same - Rear end,,Rear end,Passenger van,Car (sedan/hatch),3,0,0,0,0,4,April,Autumn,Wednesday,22:00 - Midnight,Evening / night,False,False,False,False
1350820,Non-casualty (towaway),Non-casualty (towaway),2024,2024,April,Thursday,12:00 - 13:59,LONDONDERRY,RD,0,Right on the spot,THE DRIFTWAY,MS,RICHMOND,630.0,No,Not a school zone,X-intersection,-33.623945,150.739887,Hawkesbury,Country urban,Syd-Newc-Woll Gtr conurbation,Straight,,,,Unknown / not stated,Sealed,Wet,Raining,Daylight,Nil,Stop sign,80 km/h,State,21,Right through,202,Opp - Right-thru,,Other angle,Light truck,4 wheel drive / SUV,2,0,0,0,0,4,April,Autumn,Thursday,12:00 - 13:59,Midday / afternoon,False,False,False,False
1350823,Non-casualty (towaway),Non-casualty (towaway),2024,2024,February,Saturday,18:00 - 19:59,CUMBERLAND,HWY,500,South,OLD WINDSOR,RD,NORTHMEAD,13.0,No,Not a school zone,Divided road,-33.796428,150.987459,Parramatta,Sydney metro. area,Syd-Newc-Woll Gtr conurbation,Straight,,,,Nil,Sealed,Dry,Fine,Daylight,Nil,No traffic controls,70 km/h,State,30,Rear end,301,Same - Rear end,,Rear end,Car (sedan/hatch),Car (sedan/hatch),2,0,0,0,0,2,February,Summer,Saturday,18:00 - 19:59,PM peak / evening commute,True,False,False,False
1350825,Non-casualty (towaway),Non-casualty (towaway),2024,2024,February,Wednesday,00:01 - 01:59,GRIFFITHS,ST,0,Right on the spot,WILLIAM,ST,FAIRLIGHT,,No,Not a school zone,T-junction,-33.794069,151.276694,Northern Beaches,Sydney metro. area,Syd-Newc-Woll Gtr conurbation,Straight,,,,Unknown / not stated,Sealed,Dry,Fine,Darkness,Nil,No traffic controls,50 km/h,Local,71,Off rd left => obj,703,Left off cway into object,,Other angle,4 wheel drive / SUV,Car (sedan/hatch),3,0,0,0,0,2,February,Summer,Wednesday,00:01 - 01:59,Late night / early morning,False,False,False,False
1350830,Non-casualty (towaway),Non-casualty (towaway),2024,2024,April,Saturday,16:00 - 17:59,FOREST,WAY,0,Right on the spot,MORGAN,RD,BELROSE,529.0,No,Not a school zone,X-intersection,-33.722182,151.21728,Northern Beaches,Sydney metro. area,Syd-Newc-Woll Gtr conurbation,Straight,,,,Unknown / not stated,Sealed,Dry,Fine,Dusk,On,No traffic controls,80 km/h,State,20,Head on,201,Opp - Head on,,Head-on,Station wagon,4 wheel drive / SUV,3,0,0,0,0,4,April,Autumn,Saturday,16:00 - 17:59,PM peak / evening commute,True,False,False,False
1350832,Non-casualty (towaway),Non-casualty (towaway),2024,2024,April,Friday,08:00 - 09:59,GREAT WESTERN,HWY,10,West,NORTON,ST,LEICHHARDT,5.0,No,Not a school zone,T-junction,-33.888205,151.157508,Inner West,Sydney metro. area,Syd-Newc-Woll Gtr conurbation,Straight,,,,Unknown / not stated,Sealed,Dry,Fine,Daylight,Unknown / not stated,No traffic controls,60 km/h,State,30,Rear end,301,Same - Rear end,,Rear end,Station wagon,4 wheel drive / SUV,2,0,0,0,0,4,April,Autumn,Friday,08:00 - 09:59,AM peak / school commute,True,False,False,False
1350840,Non-casualty (towaway),Non-casualty (towaway),2024,2024,May,Thursday,18:00 - 19:59,BEACH,ST,0,Right on the spot,NUMBER 9,HN,KINGSCLIFF,,No,Not a school zone,2-way undivided,-28.250283,153.569201,Tweed,Country urban,Rest of NSW - Urban,Straight,,,,Unknown / not stated,Sealed,Wet,Raining,Darkness,Nil,No traffic controls,50 km/h,Local,71,Off rd left => obj,703,Left off cway into object,,Other angle,4 wheel drive / SUV,4 wheel drive / SUV,2,0,0,0,0,5,May,Autumn,Thursday,18:00 - 19:59,PM peak / evening commute,True,False,False,False
1350843,Non-casualty (towaway),Non-casualty (towaway),2024,2024,May,Sunday,00:01 - 01:59,CHETWYND,RD,0,Right on the spot,CHILTERN,RD,ERINA,,No,Not a school zone,T-junction,-33.428738,151.397047,Central Coast,Country urban,Syd-Newc-Woll Gtr conurbation,Straight,,,,Unknown / not stated,Sealed,Wet,Raining,Darkness,Nil,No traffic controls,50 km/h,Local,75,Off end of road,709,Off end cway or T junct,,Vehicle - Object,4 wheel drive / SUV,,1,0,0,0,0,5,May,Autumn,Sunday,00:01 - 01:59,Late night / early morning,False,False,False,False
1350846,Non-casualty (towaway),Non-casualty (towaway),2024,2024,May,Wednesday,22:00 - Midnight,MINMI,RD,0,Right on the spot,NUMBER 307,HN,FLETCHER,,No,Not a school zone,2-way undivided,-32.876778,151.635037,Newcastle,Newcastle met. area,Syd-Newc-Woll Gtr conurbation,Straight,,,,Unknown / not stated,Sealed,Dry,Fine,Darkness,Nil,No traffic controls,60 km/h,Local,71,Off rd left => obj,703,Left off cway into object,,Vehicle - Object,Station wagon,,1,0,0,0,0,5,May,Autumn,Wednesday,22:00 - Midnight,Evening / night,False,False,False,False
1350850,Non-casualty (towaway),Non-casualty (towaway),2024,2024,May,Tuesday,08:00 - 09:59,PACIFIC,HWY,0,Right on the spot,NUMBER 129,HN,CHARMHAVEN,10.0,No,Not a school zone,2-way undivided,-33.233744,151.502235,Central Coast,Country urban,Syd-Newc-Woll Gtr conurbation,Straight,,,,Unknown / not stated,Sealed,Dry,Fine,Daylight,Nil,No traffic controls,60 km/h,State,30,Rear end,301,Same - Rear end,,Rear end,Light truck utility(from 2018),4 wheel drive / SUV,3,0,0,0,0,5,May,Autumn,Tuesday,08:00 - 09:59,AM peak / school commute,True,False,False,False
1350854,Non-casualty (towaway),Non-casualty (towaway),2024,2024,April,Friday,18:00 - 19:59,GREAT WESTERN,HWY,0,Right on the spot,UNDERWOOD,RD,HOMEBUSH,5.0,No,Not a school zone,T-junction,-33.864469,151.083488,Strathfield,Sydney metro. area,Syd-Newc-Woll Gtr conurbation,Straight,,,,Unknown / not stated,Sealed,Dry,Fine,Darkness,On,No traffic controls,60 km/h,State,21,Right through,202,Opp - Right-thru,,Other angle,4 wheel drive / SUV,Car (sedan/hatch),2,0,0,0,0,4,April,Autumn,Friday,18:00 - 19:59,PM peak / evening commute,True,False,False,False
1350862,Non-casualty (towaway),Non-casualty (towaway),2024,2024,April,Wednesday,14:00 - 15:59,PACIFIC,HWY,50,North,SHORT CUT ROAD,OP,URUNGA,10.0,No,Not a school zone,Divided road,-30.477122,152.996437,Bellingen,Country non-urban,Rest of NSW - Rural,Curved,,,,Unknown / not stated,Sealed,Dry,Fine,Daylight,Nil,No traffic controls,110 km/h,State,87,Off lft/lft bnd=>obj,804,Off left bend into obj,Left,Vehicle - Object,4 wheel drive / SUV,,1,0,0,0,0,4,April,Autumn,Wednesday,14:00 - 15:59,Midday / afternoon,False,False,False,False
1350865,Non-casualty (towaway),Non-casualty (towaway),2024,2024,May,Wednesday,04:00 - 05:59,WINDSOR,RD,0,Right on the spot,PITT TOWN,RD,MCGRATHS HILL,184.0,No,Not a school zone,T-junction,-33.615147,150.833756,Hawkesbury,Country urban,Syd-Newc-Woll Gtr conurbation,Straight,,,,Unknown / not stated,Sealed,Wet,Fog or mist,Darkness,On,No traffic controls,80 km/h,State,11,Right far,102,Adj - Right-thru from left,,Right angle,Light truck utility(from 2018),4 wheel drive / SUV,2,0,0,0,0,5,May,Autumn,Wednesday,04:00 - 05:59,Late night / early morning,False,False,False,False
1350867,Non-casualty (towaway),Non-casualty (towaway),2024,2024,May,Thursday,18:00 - 19:59,WINDSOR,RD,10,North,MERRIVILLE,RD,KELLYVILLE RIDGE,184.0,No,Not a school zone,T-junction,-33.69998,150.928759,The Hills,Sydney metro. area,Syd-Newc-Woll Gtr conurbation,Straight,,,,Unknown / not stated,Sealed,Dry,Fine,Darkness,On,No traffic controls,80 km/h,State,39,Other same direction,300,Same - other,,Other angle,Car (sedan/hatch),4 wheel drive / SUV,3,0,0,0,0,5,May,Autumn,Thursday,18:00 - 19:59,PM peak / evening commute,True,False,False,False