crash_id,degree_of_crash,degree_of_crash_-_detailed,reporting_year,year_of_crash,month_of_crash,day_of_week_of_crash,two-hour_intervals,street_of_crash,street_type,distance,direction,identifying_feature,identifying_feature_type,town,route_no.,school_zone_location,school_zone_active,type_of_location,latitude,longitude,lga,urbanisation,conurbation_1,alignment,primary_permanent_feature,primary_temporary_feature,primary_hazardous_feature,street_lighting,road_surface,surface_condition,weather,natural_lighting,signals_operation,other_traffic_control,speed_limit,road_classification_(admin),rum_-_code,rum_-_description,dca_-_code,dca_-_description,dca_supplement,first_impact_type,key_tu_type,other_tu_type,no._of_traffic_units_involved,no._killed,no._seriously_injured,no._moderately_injured,no._minor-other_injured,month_num,month_label,season,day_label,time_label,time_band,is_peak_commute,is_fatal,is_injury,is_casualty
1350871,Non-casualty (towaway),Non-casualty (towaway),2024,2024,April,Thursday,14:00 - 15:59,REOLA,RD,10,North,BOOTRA,RD,WHITE CLIFFS,,No,Not a school zone,T-junction,-30.084539,143.18818,Unincorporated,Country non-urban,Rest of NSW - Rural,Straight,Stock grid/gate/crossing,,,Unknown / not stated,Unsealed,Dry,Fine,Daylight,Nil,No traffic controls,100 km/h,Local,69,Other on path,600,On path - Other,,Vehicle - Object,Light truck utility(from 2018),,1,0,0,0,0,4,April,Autumn,Thursday,14:00 - 15:59,Midday / afternoon,False,False,False,False
1350872,Non-casualty (towaway),Non-casualty (towaway),2024,2024,May,Friday,14:00 - 15:59,HAWKESBURY VALLEY,WAY,350,East,GEORGE,ST,WINDSOR,685.0,No,Not a school zone,Divided road,-33.613645,150.816894,Hawkesbury,Country urban,Syd-Newc-Woll Gtr conurbation,Straight,,,,Unknown / not stated,Sealed,Dry,Overcast,Daylight,Nil,No traffic controls,60 km/h,State,34,Lane change right,306,Same - Lane change right,,Other angle,4 wheel drive / SUV,Car (sedan/hatch),3,0,0,0,0,5,May,Autumn,Friday,14:00 - 15:59,Midday / afternoon,False,False,False,False
1350875,Non-casualty (towaway),Non-casualty (towaway),2024,2024,May,Sunday,20:00 - 21:59,RICHMOND,RD,0,Right on the spot,ROOTY HILL,RD,COLEBEE,537.0,No,Not a school zone,X-intersection,-33.732939,150.848754,Blacktown,Sydney metro. area,Syd-Newc-Woll Gtr conurbation,Straight,,,,Unknown / not stated,Sealed,Wet,Raining,Unknown,Nil,No traffic controls,70 km/h,State,20,Head on,201,Opp - Head on,,Head-on,Car (sedan/hatch),4 wheel drive / SUV,2,0,0,0,0,5,May,Autumn,Sunday,20:00 - 21:59,Evening / night,False,False,False,False
1350876,Non-casualty (towaway),Non-casualty (towaway),2024,2024,April,Tuesday,00:01 - 01:59,PRINCES,HWY,400,West,FARNELL AVENUE,TO,LOFTUS,1.0,No,Not a school zone,Divided road,-34.054826,151.044411,Sutherland,Sydney metro. area,Syd-Newc-Woll Gtr conurbation,Straight,Embankment/cutting,,,On,Sealed,Dry,Fine,Darkness,Nil,No traffic controls,80 km/h,State,70,Off road to left,701,Off carriageway to left,,Rollover,Car (sedan/hatch),,1,0,0,0,0,4,April,Autumn,Tuesday,00:01 - 01:59,Late night / early morning,False,False,False,False
1350878,Non-casualty (towaway),Non-casualty (towaway),2024,2024,May,Wednesday,16:00 - 17:59,MERRYLANDS,RD,0,Right on the spot,CARTER,ST,GREYSTANES,7250.0,No,Not a school zone,T-junction,-33.827694,150.934835,Cumberland,Sydney metro. area,Syd-Newc-Woll Gtr conurbation,Straight,,,,Unknown / not stated,Sealed,Wet,Overcast,Dusk,Nil,No traffic controls,60 km/h,Regional,13,Right near,104,Adj - Right-thru from right,,Right angle,Station wagon,Passenger van,2,0,0,0,0,5,May,Autumn,Wednesday,16:00 - 17:59,PM peak / evening commute,True,False,False,False
1350881,Non-casualty (towaway),Non-casualty (towaway),2024,2024,May,Wednesday,14:00 - 15:59,TENTERDEN,RD,0,Right on the spot,AYLESBURY,ST,BOTANY,,No,Not a school zone,T-junction,-33.947009,151.20151,Bayside,Sydney metro. area,Syd-Newc-Woll Gtr conurbation,Straight,,,,Unknown / not stated,Sealed,Dry,Fine,Daylight,Nil,Stop sign,50 km/h,Local,71,Off rd left => obj,703,Left off cway into object,,Other angle,Light truck,Car (sedan/hatch),2,0,0,0,0,5,May,Autumn,Wednesday,14:00 - 15:59,Midday / afternoon,False,False,False,False
1350885,Non-casualty (towaway),Non-casualty (towaway),2024,2024,March,Monday,14:00 - 15:59,MAUD,ST,0,Right on the spot,BELGRAVE,ST,MAYFIELD WEST,605.0,No,Not a school zone,T-junction,-32.891194,151.724885,Newcastle,Newcastle met. area,Syd-Newc-Woll Gtr conurbation,Straight,,,,Unknown / not stated,Sealed,Dry,Fine,Daylight,Nil,Give way sign,60 km/h,State,13,Right near,104,Adj - Right-thru from right,,Right angle,4 wheel drive / SUV,Car (sedan/hatch),2,0,0,0,0,3,March,Autumn,Monday,14:00 - 15:59,Midday / afternoon,False,False,False,False
1350889,Non-casualty (towaway),Non-casualty (towaway),2024,2024,May,Tuesday,14:00 - 15:59,UNION,ST,0,Right on the spot,CORELLA,ST,NORTH ALBURY,,No,Not a school zone,T-junction,-36.05268,146.934749,Albury,Country urban,Rest of NSW - Urban,Straight,,,,Unknown / not stated,Sealed,Dry,Fine,Daylight,Nil,No traffic controls,60 km/h,Local,35,Lane change left,307,Same - Lane change left,,Other angle,Car (sedan/hatch),Car (sedan/hatch),3,0,0,0,0,5,May,Autumn,Tuesday,14:00 - 15:59,Midday / afternoon,False,False,False,False
1350891,Non-casualty (towaway),Non-casualty (towaway),2024,2024,April,Friday,08:00 - 09:59,BELMORE,RD,0,Right on the spot,COLERIDGE,ST,RIVERWOOD,2050.0,No,Not a school zone,X-intersection,-33.949858,151.052476,Georges River,Sydney metro. area,Syd-Newc-Woll Gtr conurbation,Straight,,,,Unknown / not stated,Sealed,Dry,Fine,Daylight,Nil,Give way sign,50 km/h,Regional,12,Left far,103,Adj - Left-thru from left,,Right angle,Car (sedan/hatch),Station wagon,3,0,0,0,0,4,April,Autumn,Friday,08:00 - 09:59,AM peak / school commute,True,False,False,False
1350895,Non-casualty (towaway),Non-casualty (towaway),2024,2024,May,Monday,06:00 - 07:59,LINDUS,ST,10,East,RAILWAY,ST,WICKHAM,,No,Not a school zone,T-junction,-32.921589,151.756521,Newcastle,Newcastle met. area,Syd-Newc-Woll Gtr conurbation,Straight,,,,Unknown / not stated,Sealed,Wet,Overcast,Dawn,Nil,No traffic controls,50 km/h,Local,73,Off rd rght => obj,704,Right off cway into obj,,Other angle,Car (sedan/hatch),Passenger van,3,0,0,0,0,5,May,Autumn,Monday,06:00 - 07:59,AM peak / school commute,True,False,False,False
1350896,Non-casualty (towaway),Non-casualty (towaway),2024,2024,May,Thursday,16:00 - 17:59,BROMPTON,RD,0,Right on the spot,NUMBER 93,HN,KENSINGTON,,No,Not a school zone,2-way undivided,-33.905157,151.218531,Randwick,Sydney metro. area,Syd-Newc-Woll Gtr conurbation,Straight,,,,Unknown / not stated,Sealed,Dry,Fine,Daylight,Nil,No traffic controls,40 km/h,Local,71,Off rd left => obj,703,Left off cway into object,,Other angle,4 wheel drive / SUV,Car (sedan/hatch),3,0,0,0,0,5,May,Autumn,Thursday,16:00 - 17:59,PM peak / evening commute,True,False,False,False
1350898,Non-casualty (towaway),Non-casualty (towaway),2024,2024,May,Saturday,16:00 - 17:59,FORSYTH,ST,0,Right on the spot,ROBERT,ST,KINGSGROVE,,Yes,No,Roundabout,-33.929672,151.09602,Canterbury-Bankstown,Sydney metro. area,Syd-Newc-Woll Gtr conurbation,Straight,,,,Unknown / not stated,Sealed,Wet,Raining,Dusk,Nil,Give way sign,50 km/h,Local,10,Cross traffic,101,Adj - Cross traffic,,Right angle,Car (sedan/hatch),Car (sedan/hatch),2,0,0,0,0,5,May,Autumn,Saturday,16:00 - 17:59,PM peak / evening commute,True,False,False,False
1350899,Non-casualty (towaway),Non-casualty (towaway),2024,2024,May,Sunday,10:00 - 11:59,BARBOUR,RD,160,South,OAKS,RD,THIRLMERE,7635.0,Yes,No,2-way undivided,-34.205244,150.570197,Wollondilly,Country urban,Syd-Newc-Woll Gtr conurbation,Straight,Painted double centre lines,,,Unknown / not stated,Sealed,Wet,Raining,Daylight,Nil,No traffic controls,50 km/h,Regional,43,Entering parking,402,Manov - Entering parking veh,,Other angle,Station wagon,4 wheel drive / SUV,2,0,0,0,0,5,May,Autumn,Sunday,10:00 - 11:59,Midday / afternoon,False,False,False,False
1350900,Non-casualty (towaway),Non-casualty (towaway),2024,2024,February,Thursday,06:00 - 07:59,CASTLEREAGH,HWY,930,North,RAZORBACK,RD,ILFORD,18.0,No,Not a school zone,2-way undivided,-33.015029,149.870723,Mid-Western Regional,Country non-urban,Rest of NSW - Rural,Curved,,,,Unknown / not stated,Sealed,Dry,Fine,Daylight,Nil,No traffic controls,100 km/h,State,85,Off rt/lft bnd=>obj,804,Off left bend into obj,Right,Vehicle - Object,Large rigid,,1,0,0,0,0,2,February,Summer,Thursday,06:00 - 07:59,AM peak / school commute,True,False,False,False
1350904,Non-casualty (towaway),Non-casualty (towaway),2024,2024,May,Friday,14:00 - 15:59,M8 TUNNEL,MS,850,West,CAMPBELL,RD,ST PETERS,6008.0,No,Not a school zone,Dual freeway,-33.915995,151.175389,Inner West,Sydney metro. area,Syd-Newc-Woll Gtr conurbation,Curved,Underpass/tunnel,,,Unknown / not stated,Sealed,Dry,Fine,Daylight,Nil,No traffic controls,50 km/h,State,34,Lane change right,306,Same - Lane change right,,Other angle,Car (sedan/hatch),Large rigid,2,0,0,0,0,5,May,Autumn,Friday,14:00 - 15:59,Midday / afternoon,False,False,False,False
1350907,Non-casualty (towaway),Non-casualty (towaway),2024,2024,May,Sunday,06:00 - 07:59,BANNA,AVE,0,Right on the spot,NUMBER 447,HN,GRIFFITH,80.0,No,Not a school zone,Divided road,-34.287272,146.041487,Griffith,Country urban,Rest of NSW - Urban,Straight,,,,Unknown / not stated,Sealed,Dry,Overcast,Dawn,Nil,No traffic controls,50 km/h,State,71,Off rd left => obj,703,Left off cway into object,,Other angle,Car (sedan/hatch),4 wheel drive / SUV,2,0,0,0,0,5,May,Autumn,Sunday,06:00 - 07:59,AM peak / school commute,True,False,False,False
1350911,Non-casualty (towaway),Non-casualty (towaway),2024,2024,May,Thursday,06:00 - 07:59,HILLSBOROUGH,RD,0,Right on the spot,NEWCASTLE INNER CITY,BYPA,HILLSBOROUGH,674.0,Yes,No,Roundabout,-32.958385,151.679769,Lake Macquarie,Newcastle met. area,Syd-Newc-Woll Gtr conurbation,Curved,,,,Unknown / not stated,Sealed,Wet,Raining,Daylight,On,Give way sign,60 km/h,State,81,Off left/rt bnd=>obj,707,Right turn,Left,Vehicle - Object,Car (sedan/hatch),,1,0,0,0,0,5,May,Autumn,Thursday,06:00 - 07:59,AM peak / school commute,True,False,False,False
1350913,Non-casualty (towaway),Non-casualty (towaway),2024,2024,May,Monday,06:00 - 07:59,O'RIORDAN,ST,0,Right on the spot,JOHN,ST,MASCOT,658.0,No,Not a school zone,T-junction,-33.924122,151.19067,Bayside,Sydney metro. area,Syd-Newc-Woll Gtr conurbation,Straight,,,,Unknown / not stated,Sealed,Wet,Raining,Daylight,Nil,No traffic controls,50 km/h,State,21,Right through,202,Opp - Right-thru,,Other angle,Light truck utility(from 2018),Car (sedan/hatch),2,0,0,0,0,5,May,Autumn,Monday,06:00 - 07:59,AM peak / school commute,True,False,False,False
1350914,Non-casualty (towaway),Non-casualty (towaway),2024,2024,April,Sunday,18:00 - 19:59,CANTERBURY,RD,0,Right on the spot,CROYDON,ST,LAKEMBA,167.0,No,Not a school zone,T-junction,-33.927424,151.080101,Canterbury-Bankstown,Sydney metro. area,Syd-Newc-Woll Gtr conurbation,Straight,,,,Unknown / not stated,Sealed,Dry,Fine,Darkness,Nil,Give way sign,60 km/h,State,21,Right through,202,Opp - Right-thru,,Other angle,Light truck utility(from 2018),Motorcycle,2,0,0,0,0,4,April,Autumn,Sunday,18:00 - 19:59,PM peak / evening commute,True,False,False,False
1350922,Non-casualty (towaway),Non-casualty (towaway),2024,2024,May,Sunday,22:00 - Midnight,BRADFIELD,HWY,0,Right on the spot,CAHILL EXPRESSWAY,TO,MILLERS POINT,632.0,No,Not a school zone,Divided road,-33.860258,151.206207,Sydney,Sydney metro. area,Syd-Newc-Woll Gtr conurbation,Curved,Bus/transit lane,,,Unknown / not stated,Sealed,Wet,Raining,Darkness,Nil,No traffic controls,70 km/h,State,35,Lane change left,307,Same - Lane change left,,Other angle,Car (sedan/hatch),Other bus,2,0,0,0,0,5,May,Autumn,Sunday,22:00 - Midnight,Evening / night,False,False,False,False
1350924,Non-casualty (towaway),Non-casualty (towaway),2024,2024,May,Wednesday,10:00 - 11:59,RAILWAY,ST,0,Right on the spot,PROSPECT,LANE,CARLTON,7009.0,No,Not a school zone,T-junction,-33.967387,151.127701,Bayside,Sydney metro. area,Syd-Newc-Woll Gtr conurbation,Straight,,,,Unknown / not stated,Sealed,Dry,Fine,Daylight,Nil,Give way sign,50 km/h,Regional,13,Right near,104,Adj - Right-thru from right,,Right angle,4 wheel drive / SUV,4 wheel drive / SUV,2,0,0,0,0,5,May,Autumn,Wednesday,10:00 - 11:59,Midday / afternoon,False,False,False,False
1350925,Non-casualty (towaway),Non-casualty (towaway),2024,2024,April,Monday,20:00 - 21:59,MULLIGANS FLAT,RD,400,East,DUKE,RD,SUTTON,,No,Not a school zone,2-way undivided,-35.152904,149.167315,Yass Valley,Country non-urban,Rest of NSW - Rural,Straight,,,,Unknown / not stated,Sealed,Wet,Overcast,Darkness,Nil,No traffic controls,100 km/h,Local,71,Off rd left => obj,703,Left off cway into object,,Vehicle - Object,Car (sedan/hatch),,1,0,0,0,0,4,April,Autumn,Monday,20:00 - 21:59,Evening / night,False,False,False,False
1350926,Non-casualty (towaway),Non-casualty (towaway),2024,2024,May,Saturday,10:00 - 11:59,CAMPBELL,ST,0,Right on the spot,KEIRA,ST,WOLLONGONG,,Yes,No,Roundabout,-34.419668,150.89414,Wollongong,Wollongong met. area,Syd-Newc-Woll Gtr conurbation,Straight,,,,Unknown / not stated,Sealed,Wet,Raining,Daylight,Nil,Give way sign,50 km/h,Local,10,Cross traffic,101,Adj - Cross traffic,,Right angle,Station wagon,Car (sedan/hatch),2,0,0,0,0,5,May,Autumn,Saturday,10:00 - 11:59,Midday / afternoon,False,False,False,False
1350928,Non-casualty (towaway),Non-casualty (towaway),2024,2024,May,Tuesday,14:00 - 15:59,PRINCES,HWY,0,Right on the spot,TOWRADGI,RD,TOWRADGI,1.0,No,Not a school zone,X-intersection,-34.383514,150.900176,Wollongong,Wollongong met. area,Syd-Newc-Woll Gtr conurbation,Straight,,,,Unknown / not stated,Sealed,Wet,Raining,Daylight,On,No traffic controls,80 km/h,State,30,Rear end,301,Same - Rear end,,Rear end,Light truck utility(from 2018),Car (sedan/hatch),2,0,0,0,0,5,May,Autumn,Tuesday,14:00 - 15:59,Midday / afternoon,False,False,False,False
1350929,Non-casualty (towaway),Non-casualty (towaway),2024,2024,May,Sunday,00:01 - 01:59,CONCORD,RD,50,North,PATTERSON,ST,NORTH STRATHFIELD,668.0,No,Not a school zone,2-way undivided,-33.862502,151.093517,Canada Bay,Sydney metro. area,Syd-Newc-Woll Gtr conurbation,Straight,,,,Unknown / not stated,Sealed,Wet,Fine,Darkness,Nil,No traffic controls,60 km/h,State,33,Lane sideswipe,305,Same - Lane side swipe,,Other angle,Car (sedan/hatch),Other bus,2,0,0,0,0,5,May,Autumn,Sunday,00:01 - 01:59,Late night / early morning,False,False,False,False
1350932,Non-casualty (towaway),Non-casualty (towaway),2024,2024,February,Saturday,00:01 - 01:59,VICTORIA,RD,330,East,MARY,ST,MACQUARIE FIELDS,,No,Not a school zone,2-way undivided,-33.986249,150.904714,Campbelltown,Sydney metro. area,Syd-Newc-Woll Gtr conurbation,Straight,,,,Unknown / not stated,Sealed,Dry,Fine,Darkness,Nil,No traffic controls,50 km/h,Local,33,Lane sideswipe,305,Same - Lane side swipe,,Other angle,Car (sedan/hatch),Car (sedan/hatch),2,0,0,0,0,2,February,Summer,Saturday,00:01 - 01:59,Late night / early morning,False,False,False,False
1350933,Non-casualty (towaway),Non-casualty (towaway),2024,2024,May,Thursday,08:00 - 09:59,NEWCASTLE,EXP,2000,North,MANGROVE ROAD,OP,OURIMBAH,6003.0,No,Not a school zone,Dual freeway,-33.357151,151.34907,Central Coast,Country non-urban,Syd-Newc-Woll Gtr conurbation,Curved,Ditch/drain/culvert,,,Unknown / not stated,Sealed,Wet,Raining,Daylight,Nil,No traffic controls,110 km/h,State,80,Off left/right bend,801,Off cway right bend,Left,Rollover,Car (sedan/hatch),,1,0,0,0,0,5,May,Autumn,Thursday,08:00 - 09:59,AM peak / school commute,True,False,False,False
1350936,Non-casualty (towaway),Non-casualty (towaway),2024,2024,May,Thursday,06:00 - 07:59,RICHMOND,RD,0,Right on the spot,YARRAMUNDI,DR,GLENDENNING,643.0,No,Not a school zone,T-junction,-33.735669,150.851649,Blacktown,Sydney metro. area,Syd-Newc-Woll Gtr conurbation,Straight,,,,Unknown / not stated,Sealed,Dry,Overcast,Daylight,On,No traffic controls,70 km/h,State,30,Rear end,301,Same - Rear end,,Rear end,Car (sedan/hatch),Car (sedan/hatch),4,0,0,0,0,5,May,Autumn,Thursday,06:00 - 07:59,AM peak / school commute,True,False,False,False
1350938,Non-casualty (towaway),Non-casualty (towaway),2024,2024,May,Tuesday,16:00 - 17:59,SOUTH WESTERN,EXP,790,West,HEATHCOTE,RD,MOOREBANK,6005.0,No,Not a school zone,Dual freeway,-33.940819,150.933859,Liverpool,Sydney metro. area,Syd-Newc-Woll Gtr conurbation,Straight,,,,Unknown / not stated,Sealed,Wet,Raining,Dusk,Nil,No traffic controls,100 km/h,State,30,Rear end,301,Same - Rear end,,Rear end,Car (sedan/hatch),Car (sedan/hatch),2,0,0,0,0,5,May,Autumn,Tuesday,16:00 - 17:59,PM peak / evening commute,True,False,False,False
1350939,Non-casualty (towaway),Non-casualty (towaway),2024,2024,May,Sunday,18:00 - 19:59,JOHN OXLEY,DR,500,West,OXLEY HIGHWAY,OP,THRUMSTER,,No,Not a school zone,2-way undivided,-31.458565,152.850211,Port Macquarie-Hastings,Country urban,Rest of NSW - Urban,Straight,,,,Unknown / not stated,Sealed,Wet,Overcast,Dusk,Nil,No traffic controls,80 km/h,Local,39,Other same direction,300,Same - other,,Other angle,Car (sedan/hatch),Light truck utility(from 2018),2,0,0,0,0,5,May,Autumn,Sunday,18:00 - 19:59,PM peak / evening commute,True,False,False,False
1350940,Non-casualty (towaway),Non-casualty (towaway),2024,2024,May,Saturday,14:00 - 15:59,PRINCES,HWY,0,Right on the spot,QUARRYMAN ROAD,TO,BOMBO,1.0,No,Not a school zone,Divided road,-34.651914,150.854226,Kiama,Country non-urban,Rest of NSW - Rural,Curved,Climb/merge lane,,,Unknown / not stated,Sealed,Wet,Raining,Daylight,Nil,No traffic controls,100 km/h,State,81,Off left/rt bnd=>obj,803,Off right bend into obj,Left,Vehicle - Object,Car (sedan/hatch),,1,0,0,0,0,5,May,Autumn,Saturday,14:00 - 15:59,Midday / afternoon,False,False,False,False
1350943,Non-casualty (towaway),Non-casualty (towaway),2024,2024,February,Monday,02:00 - 03:59,PACIFIC,HWY,100,North,FOREST ROAD,OP,MOORLAND,10.0,No,Not a school zone,Divided road,-31.784958,152.647609,Mid-Coast,Country non-urban,Rest of NSW - Rural,Straight,,,,Nil,Sealed,Dry,Fine,Darkness,Nil,No traffic controls,100 km/h,State,73,Off rd rght => obj,704,Right off cway into obj,,Vehicle - Object,4 wheel drive / SUV,,1,0,0,0,0,2,February,Summer,Monday,02:00 - 03:59,Late night / early morning,False,False,False,False
1350944,Non-casualty (towaway),Non-casualty (towaway),2024,2024,April,Sunday,12:00 - 13:59,HUME,HWY,200,South,INVERARY,RD,PADDYS RIVER,2.0,No,Not a school zone,Divided road,-34.649017,150.116444,Wingecarribee,Country non-urban,Rest of NSW - Rural,Curved,,,,Unknown / not stated,Sealed,Dry,Fine,Daylight,Nil,No traffic controls,110 km/h,State,34,Lane change right,306,Same - Lane change right,,Other angle,Light truck utility(from 2018),Passenger van,2,0,0,0,0,4,April,Autumn,Sunday,12:00 - 13:59,Midday / afternoon,False,False,False,False
1350945,Non-casualty (towaway),Non-casualty (towaway),2024,2024,April,Sunday,14:00 - 15:59,INDWARRA,AVE,59,South,BAROOL,AVE,NORTH KELLYVILLE,,No,Not a school zone,2-way undivided,-33.682663,150.94965,The Hills,Sydney metro. area,Syd-Newc-Woll Gtr conurbation,Straight,,,,Unknown / not stated,Sealed,Dry,Fine,Daylight,Nil,No traffic controls,50 km/h,Local,20,Head on,201,Opp - Head on,,Head-on,Car (sedan/hatch),4 wheel drive / SUV,2,0,0,0,0,4,April,Autumn,Sunday,14:00 - 15:59,Midday / afternoon,False,False,False,False
1350947,Non-casualty (towaway),Non-casualty (towaway),2024,2024,April,Wednesday,20:00 - 21:59,SHERBURN,PL,0,Right on the spot,NUMBER 20,HN,CHARLESTOWN,,No,Not a school zone,2-way undivided,-32.95864,151.697704,Lake Macquarie,Newcastle met. area,Syd-Newc-Woll Gtr conurbation,Straight,Driveway/entrance,,,Unknown / not stated,Sealed,Dry,Fine,Darkness,Nil,No traffic controls,50 km/h,Local,41,U turn into object,207,Opp - U-turn,,Other angle,Car (sedan/hatch),Light truck utility(from 2018),2,0,0,0,0,4,April,Autumn,Wednesday,20:00 - 21:59,Evening / night,False,False,False,False
1350950,Non-casualty (towaway),Non-casualty (towaway),2024,2024,May,Monday,10:00 - 11:59,GEORGE,ST,20,East,NEW,ST,WINDSOR,,No,Not a school zone,2-way undivided,-33.607959,150.818756,Hawkesbury,Country urban,Syd-Newc-Woll Gtr conurbation,Straight,,,,Unknown / not stated,Sealed,Wet,Overcast,Daylight,Nil,No traffic controls,40 km/h,Local,71,Off rd left => obj,703,Left off cway into object,,Other angle,Light truck,Station wagon,2,0,0,0,0,5,May,Autumn,Monday,10:00 - 11:59,Midday / afternoon,False,False,False,False
1350952,Non-casualty (towaway),Non-casualty (towaway),2024,2024,May,Wednesday,06:00 - 07:59,GRETA,RD,0,Right on the spot,NUMBER 387,HN,KULNURA,,No,Not a school zone,2-way undivided,-33.242917,151.256084,Central Coast,Country urban,Syd-Newc-Woll Gtr conurbation,Curved,,,,Unknown / not stated,Sealed,Wet,Fog or mist,Daylight,Nil,No traffic controls,80 km/h,Local,88,Out of cont on bend,805,Out of control on bend,,Rollover,Light truck utility(from 2018),,1,0,0,0,0,5,May,Autumn,Wednesday,06:00 - 07:59,AM peak / school commute,True,False,False,False
1350960,Non-casualty (towaway),Non-casualty (towaway),2024,2024,May,Monday,14:00 - 15:59,DUMARESQ,ST,0,Right on the spot,GORDON,AVE,HAMILTON,,No,Not a school zone,X-intersection,-32.928775,151.750538,Newcastle,Newcastle met. area,Syd-Newc-Woll Gtr conurbation,Straight,,,,Unknown / not stated,Sealed,Wet,Overcast,Daylight,Nil,Stop sign,50 km/h,Local,49,Other manoeuvring,400,Manov - other,,Other angle,Car (sedan/hatch),Light truck utility(from 2018),2,0,0,0,0,5,May,Autumn,Monday,14:00 - 15:59,Midday / afternoon,False,False,False,False
1350966,Non-casualty (towaway),Non-casualty (towaway),2024,2024,May,Wednesday,14:00 - 15:59,BOURKE,ST,0,Right on the spot,NUMBER 79,HN,TURVEY PARK,211.0,No,Not a school zone,2-way undivided,-35.130613,147.35344,Wagga Wagga,Country urban,Rest of NSW - Urban,Straight,Steep grade,,,Unknown / not stated,Sealed,Dry,Fine,Daylight,Nil,No traffic controls,60 km/h,Regional,40,U turn,304,Same - U-turn,,Other angle,Light truck utility(from 2018),4 wheel drive / SUV,2,0,0,0,0,5,May,Autumn,Wednesday,14:00 - 15:59,Midday / afternoon,False,False,False,False
1350968,Non-casualty (towaway),Non-casualty (towaway),2024,2024,May,Thursday,16:00 - 17:59,CHAPEL,RD,0,Right on the spot,WHITE,AVE,BANKSTOWN,7122.0,No,Not a school zone,T-junction,-33.926392,151.030557,Canterbury-Bankstown,Sydney metro. area,Syd-Newc-Woll Gtr conurbation,Straight,,,,Unknown / not stated,Sealed,Dry,Fine,Daylight,Nil,No traffic controls,60 km/h,Regional,30,Rear end,301,Same - Rear end,,Rear end,Car (sedan/hatch),4 wheel drive / SUV,2,0,0,0,0,5,May,Autumn,Thursday,16:00 - 17:59,PM peak / evening commute,True,False,False,False
1350971,Non-casualty (towaway),Non-casualty (towaway),2024,2024,May,Friday,16:00 - 17:59,WEROWI,ST,0,Right on the spot,NUMBER 37,HN,DAPTO,,Yes,No,2-way undivided,-34.492824,150.800496,Wollongong,Wollongong met. area,Syd-Newc-Woll Gtr conurbation,Straight,,,,Unknown / not stated,Sealed,Wet,Raining,Daylight,Nil,No traffic controls,50 km/h,Local,71,Off rd left => obj,703,Left off cway into object,,Other angle,Car (sedan/hatch),4 wheel drive / SUV,2,0,0,0,0,5,May,Autumn,Friday,16:00 - 17:59,PM peak / evening commute,True,False,False,False
1350972,Non-casualty (towaway),Non-casualty (towaway),2024,2024,May,Thursday,12:00 - 13:59,KOONYUM RANGE,RD,1000,North,WILSONS CREEK,RD,WILSONS CREEK,,No,Not a school zone,2-way undivided,-28.569173,153.434244,Byron,Country non-urban,Rest of NSW - Rural,Curved,,,,Unknown / not stated,Unsealed,Wet,Overcast,Daylight,Nil,No traffic controls,100 km/h,Local,81,Off left/rt bnd=>obj,803,Off right bend into obj,Left,Vehicle - Object,4 wheel drive / SUV,,1,0,0,0,0,5,May,Autumn,Thursday,12:00 - 13:59,Midday / afternoon,False,False,False,False
1350973,Non-casualty (towaway),Non-casualty (towaway),2024,2024,May,Sunday,12:00 - 13:59,CROUDACE,ST,0,Right on the spot,NUMBER 57,HN,LAMBTON,23.0,No,Not a school zone,2-way undivided,-32.914644,151.704116,Newcastle,Newcastle met. area,Syd-Newc-Woll Gtr conurbation,Straight,,,,Unknown / not stated,Sealed,Wet,Raining,Daylight,Nil,No traffic controls,60 km/h,State,71,Off rd left => obj,703,Left off cway into object,,Vehicle - Object,4 wheel drive / SUV,,1,0,0,0,0,5,May,Autumn,Sunday,12:00 - 13:59,Midday / afternoon,False,False,False,False
1350977,Non-casualty (towaway),Non-casualty (towaway),2024,2024,May,Sunday,20:00 - 21:59,NARELLAN,RD,0,Right on the spot,KENNY HILL,RD,MOUNT ANNAN,178.0,No,Not a school zone,T-junction,-34.058068,150.779217,Camden,Sydney metro. area,Syd-Newc-Woll Gtr conurbation,Straight,,,,Unknown / not stated,Sealed,Wet,Fine,Darkness,On,No traffic controls,80 km/h,State,30,Rear end,301,Same - Rear end,,Rear end,Light truck utility(from 2018),Car (sedan/hatch),2,0,0,0,0,5,May,Autumn,Sunday,20:00 - 21:59,Evening / night,False,False,False,False
1350979,Non-casualty (towaway),Non-casualty (towaway),2024,2024,April,Tuesday,12:00 - 13:59,PRINCE ALFRED,ST,0,Right on the spot,VICTORIA,ST,BERRY,,No,Not a school zone,T-junction,-34.777729,150.69853,Shoalhaven,Country urban,Rest of NSW - Urban,Straight,,,,Unknown / not stated,Sealed,Dry,Fine,Daylight,Nil,No traffic controls,50 km/h,Local,53,Overtake turning,506,Ovtak - Overtaking right turn,,Other angle,Light truck utility(from 2018),4 wheel drive / SUV,2,0,0,0,0,4,April,Autumn,Tuesday,12:00 - 13:59,Midday / afternoon,False,False,False,False