crash_id,degree_of_crash,degree_of_crash_-_detailed,reporting_year,year_of_crash,month_of_crash,day_of_week_of_crash,two-hour_intervals,street_of_crash,street_type,distance,direction,identifying_feature,identifying_feature_type,town,route_no.,school_zone_location,school_zone_active,type_of_location,latitude,longitude,lga,urbanisation,conurbation_1,alignment,primary_permanent_feature,primary_temporary_feature,primary_hazardous_feature,street_lighting,road_surface,surface_condition,weather,natural_lighting,signals_operation,other_traffic_control,speed_limit,road_classification_(admin),rum_-_code,rum_-_description,dca_-_code,dca_-_description,dca_supplement,first_impact_type,key_tu_type,other_tu_type,no._of_traffic_units_involved,no._killed,no._seriously_injured,no._moderately_injured,no._minor-other_injured,month_num,month_label,season,day_label,time_label,time_band,is_peak_commute,is_fatal,is_injury,is_casualty
1350982,Non-casualty (towaway),Non-casualty (towaway),2024,2024,May,Sunday,06:00 - 07:59,PACIFIC,HWY,100,North,MEDOWIE,RD,FERODALE,10.0,No,Not a school zone,Divided road,-32.668688,151.835106,Port Stephens,Country non-urban,Rest of NSW - Rural,Straight,,,,Unknown / not stated,Sealed,Wet,Raining,Daylight,Nil,No traffic controls,110 km/h,State,71,Off rd left => obj,703,Left off cway into object,,Vehicle - Object,Car (sedan/hatch),,1,0,0,0,0,5,May,Autumn,Sunday,06:00 - 07:59,AM peak / school commute,True,False,False,False
1350983,Non-casualty (towaway),Non-casualty (towaway),2024,2024,May,Sunday,08:00 - 09:59,MANDALONG,RD,0,Right on the spot,YAMBO FOREST,RD,WYEE,,No,Not a school zone,X-intersection,-33.163605,151.39671,Lake Macquarie,Newcastle met. area,Syd-Newc-Woll Gtr conurbation,Curved,Ditch/drain/culvert,,,Unknown / not stated,Sealed,Wet,Overcast,Daylight,Nil,No traffic controls,100 km/h,Local,81,Off left/rt bnd=>obj,803,Off right bend into obj,Left,Vehicle - Object,Car (sedan/hatch),,1,0,0,0,0,5,May,Autumn,Sunday,08:00 - 09:59,AM peak / school commute,True,False,False,False
1350985,Non-casualty (towaway),Non-casualty (towaway),2024,2024,May,Tuesday,10:00 - 11:59,THE LAKES,WAY,100,West,RACECOURSE,RD,BUNGWAHL,111.0,No,Not a school zone,2-way undivided,-32.387903,152.416573,Mid-Coast,Country urban,Rest of NSW - Urban,Straight,Embankment/cutting,,,Unknown / not stated,Sealed,Wet,Overcast,Daylight,Nil,No traffic controls,80 km/h,Regional,73,Off rd rght => obj,704,Right off cway into obj,,Vehicle - Object,Car (sedan/hatch),,1,0,0,0,0,5,May,Autumn,Tuesday,10:00 - 11:59,Midday / afternoon,False,False,False,False
1350986,Non-casualty (towaway),Non-casualty (towaway),2024,2024,April,Friday,16:00 - 17:59,WILSON,PDE,10,South,BORONIA,GR,HEATHCOTE,,No,Not a school zone,T-junction,-34.086698,151.010318,Sutherland,Sydney metro. area,Syd-Newc-Woll Gtr conurbation,Straight,,,,Unknown / not stated,Sealed,Dry,Fine,Daylight,Nil,No traffic controls,50 km/h,Local,87,Off lft/lft bnd=>obj,706,Left turn,Left,Other angle,Utility,Car (sedan/hatch),4,0,0,0,0,4,April,Autumn,Friday,16:00 - 17:59,PM peak / evening commute,True,False,False,False
1350987,Non-casualty (towaway),Non-casualty (towaway),2024,2024,May,Saturday,16:00 - 17:59,WILLOUGHBY,RD,20,South,PENKIVIL,ST,WILLOUGHBY,641.0,No,Not a school zone,2-way undivided,-33.80587,151.199149,Willoughby,Sydney metro. area,Syd-Newc-Woll Gtr conurbation,Straight,,,,Unknown / not stated,Sealed,Dry,Fine,Daylight,Nil,No traffic controls,60 km/h,State,20,Head on,201,Opp - Head on,,Head-on,Car (sedan/hatch),Motorcycle,2,0,0,0,0,5,May,Autumn,Saturday,16:00 - 17:59,PM peak / evening commute,True,False,False,False
1350989,Non-casualty (towaway),Non-casualty (towaway),2024,2024,May,Friday,06:00 - 07:59,MYALL,RD,0,Right on the spot,FIFTH,ST,CARDIFF,7769.0,No,Not a school zone,T-junction,-32.947222,151.667769,Lake Macquarie,Newcastle met. area,Syd-Newc-Woll Gtr conurbation,Straight,Steep grade,,,Unknown / not stated,Sealed,Wet,Fine,Daylight,Nil,Stop sign,60 km/h,Regional,16,Left near,107,Adj - Left-thru from right,,Right angle,Light truck utility(from 2018),Light truck utility(from 2018),2,0,0,0,0,5,May,Autumn,Friday,06:00 - 07:59,AM peak / school commute,True,False,False,False
1350992,Non-casualty (towaway),Non-casualty (towaway),2024,2024,May,Thursday,06:00 - 07:59,HUME,HWY,160,North,MEDWAY ROAD,OP,BERRIMA,2.0,No,Not a school zone,Dual freeway,-34.496003,150.311087,Wingecarribee,Country non-urban,Rest of NSW - Rural,Straight,,,,Unknown / not stated,Sealed,Dry,Fine,Darkness,Nil,No traffic controls,110 km/h,State,73,Off rd rght => obj,704,Right off cway into obj,,Vehicle - Object,4 wheel drive / SUV,,1,0,0,0,0,5,May,Autumn,Thursday,06:00 - 07:59,AM peak / school commute,True,False,False,False
1350993,Non-casualty (towaway),Non-casualty (towaway),2024,2024,April,Monday,10:00 - 11:59,NEWELL,HWY,10,North,PINE LODGE,RD,FINLEY,17.0,No,Not a school zone,T-junction,-35.709421,145.538598,Berrigan,Country non-urban,Rest of NSW - Rural,Straight,,,,Unknown / not stated,Sealed,Dry,Fine,Daylight,Nil,Give way sign,100 km/h,State,40,U turn,304,Same - U-turn,,Other angle,Light truck utility(from 2018),4 wheel drive / SUV,2,0,0,0,0,4,April,Autumn,Monday,10:00 - 11:59,Midday / afternoon,False,False,False,False
1350995,Non-casualty (towaway),Non-casualty (towaway),2024,2024,May,Thursday,14:00 - 15:59,GREAT WESTERN,HWY,0,Right on the spot,BENNETT,RD,COLYTON,5.0,No,Not a school zone,T-junction,-33.774925,150.794012,Penrith,Sydney metro. area,Syd-Newc-Woll Gtr conurbation,Straight,,,,Unknown / not stated,Sealed,Dry,Fine,Daylight,On,No traffic controls,60 km/h,State,13,Right near,104,Adj - Right-thru from right,,Right angle,Car (sedan/hatch),4 wheel drive / SUV,2,0,0,0,0,5,May,Autumn,Thursday,14:00 - 15:59,Midday / afternoon,False,False,False,False
1350996,Non-casualty (towaway),Non-casualty (towaway),2024,2024,May,Wednesday,12:00 - 13:59,OXLEY,HWY,3000,West,DOWES,RD,SOMERTON,11.0,No,Not a school zone,2-way undivided,-30.93962,150.583303,Tamworth Regional,Country non-urban,Rest of NSW - Rural,Straight,Ditch/drain/culvert,,,Unknown / not stated,Sealed,Dry,Fine,Daylight,Nil,No traffic controls,100 km/h,State,70,Off road to left,701,Off carriageway to left,,Rollover,B-double (road train prior 98),,1,0,0,0,0,5,May,Autumn,Wednesday,12:00 - 13:59,Midday / afternoon,False,False,False,False
1350997,Non-casualty (towaway),Non-casualty (towaway),2024,2024,May,Sunday,22:00 - Midnight,HALL,ST,200,West,MAMRE,RD,ST MARYS,,No,Not a school zone,2-way undivided,-33.780323,150.76957,Penrith,Sydney metro. area,Syd-Newc-Woll Gtr conurbation,Straight,,,,Unknown / not stated,Sealed,Wet,Raining,Darkness,Nil,No traffic controls,50 km/h,Local,71,Off rd left => obj,703,Left off cway into object,,Other angle,Car (sedan/hatch),Large rigid,2,0,0,0,0,5,May,Autumn,Sunday,22:00 - Midnight,Evening / night,False,False,False,False
1350999,Non-casualty (towaway),Non-casualty (towaway),2024,2024,May,Thursday,08:00 - 09:59,MUNIBUNG,RD,0,Right on the spot,NUMBER 85,HN,CARDIFF,,No,Not a school zone,2-way undivided,-32.942717,151.63968,Lake Macquarie,Newcastle met. area,Syd-Newc-Woll Gtr conurbation,Curved,Driveway/entrance,,,Unknown / not stated,Sealed,Wet,Raining,Daylight,Nil,No traffic controls,60 km/h,Local,47,Emerging from drive,406,Manov - Emerging from driveway,,Right angle,Car (sedan/hatch),4 wheel drive / SUV,2,0,0,0,0,5,May,Autumn,Thursday,08:00 - 09:59,AM peak / school commute,True,False,False,False
1351001,Non-casualty (towaway),Non-casualty (towaway),2024,2024,April,Saturday,00:01 - 01:59,HUME,HWY,50,North,FAIRY HOLE CREEK,BDGE,YASS,2.0,No,Not a school zone,Divided road,-34.805747,148.907643,Yass Valley,Country non-urban,Rest of NSW - Rural,Curved,,,,Unknown / not stated,Sealed,Dry,Fine,Darkness,Nil,No traffic controls,110 km/h,State,81,Off left/rt bnd=>obj,803,Off right bend into obj,Left,Vehicle - Object,B-double (road train prior 98),,1,0,0,0,0,4,April,Autumn,Saturday,00:01 - 01:59,Late night / early morning,False,False,False,False
1351004,Non-casualty (towaway),Non-casualty (towaway),2024,2024,May,Thursday,22:00 - Midnight,PETER MEADOWS,RD,1200,West,GEORGES RIVER,RD,KENTLYN,,No,Not a school zone,2-way undivided,-34.054011,150.853927,Campbelltown,Sydney metro. area,Syd-Newc-Woll Gtr conurbation,Curved,Embankment/cutting,,,Unknown / not stated,Sealed,Dry,Fine,Darkness,Nil,No traffic controls,60 km/h,Local,82,Off right/right bend,801,Off cway right bend,Right,Rollover,Car (sedan/hatch),,1,0,0,0,0,5,May,Autumn,Thursday,22:00 - Midnight,Evening / night,False,False,False,False
1351007,Non-casualty (towaway),Non-casualty (towaway),2024,2024,May,Monday,22:00 - Midnight,GREAT WESTERN,HWY,0,Right on the spot,NUMBER 1039,HN,MOUNT DRUITT,5.0,No,Not a school zone,Divided road,-33.782121,150.826782,Blacktown,Sydney metro. area,Syd-Newc-Woll Gtr conurbation,Straight,,,,Unknown / not stated,Sealed,Wet,Raining,Darkness,Nil,No traffic controls,80 km/h,State,30,Rear end,301,Same - Rear end,,Rear end,Car (sedan/hatch),4 wheel drive / SUV,2,0,0,0,0,5,May,Autumn,Monday,22:00 - Midnight,Evening / night,False,False,False,False
1351009,Non-casualty (towaway),Non-casualty (towaway),2024,2024,May,Saturday,16:00 - 17:59,SOUTH DOWLING,ST,100,North,LINK ROAD,TO,ZETLAND,593.0,No,Not a school zone,Divided road,-33.90891,151.213135,Sydney,Sydney metro. area,Syd-Newc-Woll Gtr conurbation,Straight,,,,Unknown / not stated,Sealed,Dry,Fine,Daylight,Nil,No traffic controls,80 km/h,State,30,Rear end,301,Same - Rear end,,Rear end,4 wheel drive / SUV,4 wheel drive / SUV,2,0,0,0,0,5,May,Autumn,Saturday,16:00 - 17:59,PM peak / evening commute,True,False,False,False
1351029,Non-casualty (towaway),Non-casualty (towaway),2024,2024,January,Tuesday,14:00 - 15:59,SPURWAY,ST,50,South,HORSFALL,ST,ERMINGTON,,No,Not a school zone,2-way undivided,-33.809734,151.055367,Parramatta,Sydney metro. area,Syd-Newc-Woll Gtr conurbation,Straight,Driveway/entrance,,,Nil,Sealed,Dry,Fine,Daylight,Nil,No traffic controls,50 km/h,Local,47,Emerging from drive,406,Manov - Emerging from driveway,,Right angle,Car (sedan/hatch),Car (sedan/hatch),2,0,0,0,0,1,January,Summer,Tuesday,14:00 - 15:59,Midday / afternoon,False,False,False,False
1351048,Non-casualty (towaway),Non-casualty (towaway),2024,2024,February,Thursday,04:00 - 05:59,WESTERN,EXP,300,East,MULGOA ROAD,OP,JAMISONTOWN,6004.0,No,Not a school zone,Dual freeway,-33.774614,150.673074,Penrith,Sydney metro. area,Syd-Newc-Woll Gtr conurbation,Straight,,,,On,Sealed,Dry,Fine,Darkness,Nil,No traffic controls,110 km/h,State,66,Object on road,607,On path - Hit temp object,,Vehicle - Object,4 wheel drive / SUV,,1,0,0,0,0,2,February,Summer,Thursday,04:00 - 05:59,Late night / early morning,False,False,False,False
1351061,Non-casualty (towaway),Non-casualty (towaway),2024,2024,February,Friday,14:00 - 15:59,RABY,RD,0,Right on the spot,ESCHOL PARK,DR,RABY,7194.0,No,Not a school zone,T-junction,-34.027003,150.816435,Campbelltown,Sydney metro. area,Syd-Newc-Woll Gtr conurbation,Straight,Steep grade,,,Off,Sealed,Dry,Fine,Daylight,Nil,Stop sign,60 km/h,Regional,40,U turn,207,Opp - U-turn,,Other angle,Car (sedan/hatch),4 wheel drive / SUV,2,0,0,0,0,2,February,Summer,Friday,14:00 - 15:59,Midday / afternoon,False,False,False,False
1351090,Non-casualty (towaway),Non-casualty (towaway),2024,2024,January,Sunday,16:00 - 17:59,NEWCASTLE,EXP,1175,North,PACIFIC HIGHWAY,OP,BAR POINT,6003.0,No,Not a school zone,Dual freeway,-33.515076,151.193905,Central Coast,Country non-urban,Syd-Newc-Woll Gtr conurbation,Straight,Steep grade,,,Off,Sealed,Dry,Fine,Daylight,Nil,No traffic controls,90 km/h,State,30,Rear end,301,Same - Rear end,,Rear end,Car (sedan/hatch),Car (sedan/hatch),2,0,0,0,0,1,January,Summer,Sunday,16:00 - 17:59,PM peak / evening commute,True,False,False,False
1351111,Non-casualty (towaway),Non-casualty (towaway),2024,2024,March,Friday,08:00 - 09:59,THE BOULEVARDE,MS,0,Right on the spot,TORRINGTON,RD,STRATHFIELD,668.0,Yes,No,T-junction,-33.878263,151.093134,Strathfield,Sydney metro. area,Syd-Newc-Woll Gtr conurbation,Straight,,,,On,Sealed,Dry,Unknown,Daylight,Nil,No traffic controls,60 km/h,State,31,Left rear,302,Same - Rear left,,Rear end,Car (sedan/hatch),4 wheel drive / SUV,2,0,0,0,0,3,March,Autumn,Friday,08:00 - 09:59,AM peak / school commute,True,False,False,False
1351120,Non-casualty (towaway),Non-casualty (towaway),2024,2024,March,Sunday,20:00 - 21:59,CLISSOLD,PDE,15,East,BEAMISH,ST,CAMPSIE,2014.0,No,Not a school zone,2-way undivided,-33.909375,151.103608,Canterbury-Bankstown,Sydney metro. area,Syd-Newc-Woll Gtr conurbation,Straight,,,,On,Sealed,Dry,Fine,Darkness,Nil,No traffic controls,40 km/h,Regional,71,Off rd left => obj,703,Left off cway into object,,Other angle,Car (sedan/hatch),4 wheel drive / SUV,2,0,0,0,0,3,March,Autumn,Sunday,20:00 - 21:59,Evening / night,False,False,False,False
1351135,Non-casualty (towaway),Non-casualty (towaway),2024,2024,April,Tuesday,06:00 - 07:59,QUEENS,AVE,10,East,QUEENS,AVE,KOGARAH,,No,Not a school zone,X-intersection,-33.96758,151.131604,Georges River,Sydney metro. area,Syd-Newc-Woll Gtr conurbation,Straight,,,,On,Sealed,Dry,Fine,Daylight,Nil,Stop sign,50 km/h,Local,71,Off rd left => obj,703,Left off cway into object,,Other angle,Car (sedan/hatch),Car (sedan/hatch),2,0,0,0,0,4,April,Autumn,Tuesday,06:00 - 07:59,AM peak / school commute,True,False,False,False
1351159,Non-casualty (towaway),Non-casualty (towaway),2024,2024,March,Thursday,04:00 - 05:59,CLEVELAND,ST,0,Right on the spot,ELIZABETH,ST,REDFERN,330.0,No,Not a school zone,X-intersection,-33.889952,151.207908,Sydney,Sydney metro. area,Syd-Newc-Woll Gtr conurbation,Straight,,,,On,Sealed,Dry,Fine,Darkness,On,No traffic controls,50 km/h,State,10,Cross traffic,101,Adj - Cross traffic,,Right angle,Light truck,Car (sedan/hatch),2,0,0,0,0,3,March,Autumn,Thursday,04:00 - 05:59,Late night / early morning,False,False,False,False
1351175,Non-casualty (towaway),Non-casualty (towaway),2024,2024,March,Friday,22:00 - Midnight,ELIZABETH,DR,100,West,MARTIN,RD,BADGERYS CREEK,535.0,No,Not a school zone,2-way undivided,-33.874922,150.762304,Penrith,Sydney metro. area,Syd-Newc-Woll Gtr conurbation,Straight,,Roadwks/Detour/Diverson,,On,Sealed,Dry,Fine,Darkness,Nil,No traffic controls,60 km/h,State,71,Off rd left => obj,703,Left off cway into object,,Vehicle - Object,Light truck utility(from 2018),,1,0,0,0,0,3,March,Autumn,Friday,22:00 - Midnight,Evening / night,False,False,False,False
1351180,Non-casualty (towaway),Non-casualty (towaway),2024,2024,April,Sunday,14:00 - 15:59,HUME,HWY,700,South,PICTON ROAD,TO,PHEASANTS NEST,2.0,No,Not a school zone,Dual freeway,-34.239825,150.660667,Wollondilly,Country non-urban,Syd-Newc-Woll Gtr conurbation,Curved,,,,Nil,Sealed,Dry,Fine,Daylight,Nil,No traffic controls,110 km/h,State,81,Off left/rt bnd=>obj,803,Off right bend into obj,Left,Vehicle - Object,Car (sedan/hatch),,1,0,0,0,0,4,April,Autumn,Sunday,14:00 - 15:59,Midday / afternoon,False,False,False,False
1351231,Non-casualty (towaway),Non-casualty (towaway),2024,2024,April,Sunday,14:00 - 15:59,QUEENS,RD,0,Right on the spot,CROSS,ST,FIVE DOCK,649.0,No,Not a school zone,T-junction,-33.870098,151.125608,Canada Bay,Sydney metro. area,Syd-Newc-Woll Gtr conurbation,Straight,,,,Nil,Sealed,Dry,Fine,Daylight,Nil,No traffic controls,60 km/h,State,20,Head on,201,Opp - Head on,,Head-on,Car (sedan/hatch),Light truck utility(from 2018),2,0,0,0,0,4,April,Autumn,Sunday,14:00 - 15:59,Midday / afternoon,False,False,False,False
1351233,Non-casualty (towaway),Non-casualty (towaway),2024,2024,May,Sunday,00:01 - 01:59,NORTH,CRES,0,Right on the spot,PLATEAU,RD,NORTH GOSFORD,,No,Not a school zone,T-junction,-33.414766,151.355551,Central Coast,Country urban,Syd-Newc-Woll Gtr conurbation,Straight,Embankment/cutting,,,On,Sealed,Wet,Raining,Darkness,Nil,No traffic controls,50 km/h,Local,71,Off rd left => obj,703,Left off cway into object,,Vehicle - Object,Light truck utility(from 2018),,1,0,0,0,0,5,May,Autumn,Sunday,00:01 - 01:59,Late night / early morning,False,False,False,False
1351251,Non-casualty (towaway),Non-casualty (towaway),2024,2024,May,Friday,14:00 - 15:59,GOLDEN,HWY,5000,East,SAXA,RD,ELONG ELONG,27.0,No,Not a school zone,2-way undivided,-32.124367,149.150945,Dubbo Regional,Country non-urban,Rest of NSW - Rural,Straight,,,Loose gravel shoulder,Nil,Sealed,Unknown,Unknown,Daylight,Nil,No traffic controls,100 km/h,State,70,Off road to left,701,Off carriageway to left,,Rollover,B-double (road train prior 98),,1,0,0,0,0,5,May,Autumn,Friday,14:00 - 15:59,Midday / afternoon,False,False,False,False
1351259,Non-casualty (towaway),Non-casualty (towaway),2024,2024,April,Monday,10:00 - 11:59,TAREAN,RD,300,South,MILL HILL,CL,KARUAH,,No,Not a school zone,2-way undivided,-32.635894,151.99497,Mid-Coast,Country urban,Rest of NSW - Urban,Curved,Painted double centre lines,,,Off,Sealed,Dry,Fine,Daylight,Nil,No traffic controls,80 km/h,Local,84,Off right/left bend,802,Off cway left bend,Right,Rollover,Station wagon,,1,0,0,0,0,4,April,Autumn,Monday,10:00 - 11:59,Midday / afternoon,False,False,False,False
1351283,Non-casualty (towaway),Non-casualty (towaway),2024,2024,April,Sunday,16:00 - 17:59,RICHARDSONS,CRES,80,South,RICHARDSONS,CRES,MARRICKVILLE,2099.0,No,Not a school zone,2-way undivided,-33.922729,151.15631,Inner West,Sydney metro. area,Syd-Newc-Woll Gtr conurbation,Straight,,,,On,Sealed,Dry,Fine,Daylight,Nil,No traffic controls,50 km/h,Regional,71,Off rd left => obj,703,Left off cway into object,,Other angle,Car (sedan/hatch),Car (sedan/hatch),4,0,0,0,0,4,April,Autumn,Sunday,16:00 - 17:59,PM peak / evening commute,True,False,False,False
1351286,Non-casualty (towaway),Non-casualty (towaway),2024,2024,March,Wednesday,04:00 - 05:59,VICTORIA,RD,10,South,MANSION,RD,BELLEVUE HILL,,Yes,No,T-junction,-33.878789,151.254005,Woollahra,Sydney metro. area,Syd-Newc-Woll Gtr conurbation,Straight,Pedestrian refuge,,,Off,Sealed,Dry,Fine,Darkness,Nil,Ped crossing,50 km/h,Local,73,Off rd rght => obj,704,Right off cway into obj,,Vehicle - Object,Car (sedan/hatch),,1,0,0,0,0,3,March,Autumn,Wednesday,04:00 - 05:59,Late night / early morning,False,False,False,False
1351296,Non-casualty (towaway),Non-casualty (towaway),2024,2024,May,Saturday,04:00 - 05:59,CHEGWYN,ST,0,Right on the spot,HALE,ST,BOTANY,,No,Not a school zone,T-junction,-33.946958,151.19658,Bayside,Sydney metro. area,Syd-Newc-Woll Gtr conurbation,Straight,,,,Nil,Sealed,Dry,Fine,Dawn,Nil,Stop sign,50 km/h,Local,13,Right near,104,Adj - Right-thru from right,,Right angle,Unknown motor vehicle,4 wheel drive / SUV,2,0,0,0,0,5,May,Autumn,Saturday,04:00 - 05:59,Late night / early morning,False,False,False,False
1351299,Non-casualty (towaway),Non-casualty (towaway),2024,2024,May,Friday,16:00 - 17:59,NARELLAN,RD,10,East,HUME,HWY,CAMPBELLTOWN,178.0,No,Not a school zone,T-junction,-34.063293,150.786917,Campbelltown,Sydney metro. area,Syd-Newc-Woll Gtr conurbation,Curved,,,,On,Sealed,Wet,Raining,Darkness,On,No traffic controls,80 km/h,State,35,Lane change left,307,Same - Lane change left,,Other angle,Car (sedan/hatch),Car (sedan/hatch),2,0,0,0,0,5,May,Autumn,Friday,16:00 - 17:59,PM peak / evening commute,True,False,False,False
1351303,Non-casualty (towaway),Non-casualty (towaway),2024,2024,May,Wednesday,06:00 - 07:59,STANLEY,RD,0,Right on the spot,NUMBER 89,HN,INGLEBURN,,No,Not a school zone,2-way undivided,-34.000256,150.860916,Campbelltown,Sydney metro. area,Syd-Newc-Woll Gtr conurbation,Straight,,,,Nil,Sealed,Wet,Raining,Daylight,Nil,No traffic controls,50 km/h,Local,49,Other manoeuvring,400,Manov - other,,Other angle,Unknown motor vehicle,Light truck utility(from 2018),2,0,0,0,0,5,May,Autumn,Wednesday,06:00 - 07:59,AM peak / school commute,True,False,False,False
1351307,Non-casualty (towaway),Non-casualty (towaway),2024,2024,May,Tuesday,06:00 - 07:59,ARMIDALE,RD,100,North,TYRINGHAM,RD,TYRINGHAM,74.0,No,Not a school zone,2-way undivided,-30.220863,152.538548,Clarence Valley,Country non-urban,Rest of NSW - Rural,Curved,Steep grade,,,Nil,Sealed,Wet,Raining,Daylight,Nil,No traffic controls,100 km/h,Regional,85,Off rt/lft bnd=>obj,804,Off left bend into obj,Right,Vehicle - Object,Light truck utility(from 2018),,1,0,0,0,0,5,May,Autumn,Tuesday,06:00 - 07:59,AM peak / school commute,True,False,False,False
1351326,Non-casualty (towaway),Non-casualty (towaway),2024,2024,May,Sunday,20:00 - 21:59,BARRINGTON TOPS FOREST,RD,100,West,COBARK LOOKOUT,ENT,BARRINGTON TOPS,,No,Not a school zone,2-way undivided,-31.899104,151.623252,Mid-Coast,Country non-urban,Rest of NSW - Rural,Curved,,,Loose gravel shoulder,Nil,Unsealed,Wet,Raining,Darkness,Nil,No traffic controls,100 km/h,Local,87,Off lft/lft bnd=>obj,804,Off left bend into obj,Left,Vehicle - Object,Light truck utility(from 2018),,1,0,0,0,0,5,May,Autumn,Sunday,20:00 - 21:59,Evening / night,False,False,False,False
1351345,Non-casualty (towaway),Non-casualty (towaway),2024,2024,April,Monday,04:00 - 05:59,NEW ENGLAND,HWY,930,East,ANDERSON DRIVE,OP,TARRO,9.0,No,Not a school zone,Divided road,-32.811578,151.675052,Newcastle,Newcastle met. area,Syd-Newc-Woll Gtr conurbation,Straight,B'down lane/road shldr,,,Off,Sealed,Dry,Fine,Dawn,Nil,No traffic controls,80 km/h,State,70,Off road to left,701,Off carriageway to left,,Rollover,Large rigid,,1,0,0,0,0,4,April,Autumn,Monday,04:00 - 05:59,Late night / early morning,False,False,False,False
1351361,Non-casualty (towaway),Non-casualty (towaway),2024,2024,April,Saturday,04:00 - 05:59,BELLINGARA,RD,50,South,GARNET,RD,MIRANDA,,No,Not a school zone,2-way undivided,-34.025826,151.099683,Sutherland,Sydney metro. area,Syd-Newc-Woll Gtr conurbation,Straight,,,,On,Sealed,Dry,Fine,Darkness,Nil,No traffic controls,50 km/h,Local,71,Off rd left => obj,703,Left off cway into object,,Other angle,Car (sedan/hatch),4 wheel drive / SUV,3,0,0,0,0,4,April,Autumn,Saturday,04:00 - 05:59,Late night / early morning,False,False,False,False
1351384,Non-casualty (towaway),Non-casualty (towaway),2024,2024,April,Sunday,00:01 - 01:59,GREAT WESTERN,HWY,0,Right on the spot,SOMERS,ST,LAWSON,5.0,No,Not a school zone,X-intersection,-33.718865,150.441604,Blue Mountains,Country urban,Syd-Newc-Woll Gtr conurbation,Curved,,,,On,Sealed,Dry,Fine,Darkness,On,No traffic controls,70 km/h,State,85,Off rt/lft bnd=>obj,804,Off left bend into obj,Right,Vehicle - Object,Car (sedan/hatch),,1,0,0,0,0,4,April,Autumn,Sunday,00:01 - 01:59,Late night / early morning,False,False,False,False
1351395,Non-casualty (towaway),Non-casualty (towaway),2024,2024,April,Saturday,12:00 - 13:59,HUME,HWY,0,Right on the spot,GEORGE,ST,MARULAN,2.0,No,Not a school zone,X-intersection,-34.717704,150.00095,Goulburn Mulwaree,Country non-urban,Rest of NSW - Rural,Straight,,,,Nil,Sealed,Dry,Fine,Daylight,Nil,No traffic controls,110 km/h,State,36,Right turn sideswipe,308,Same - Rgt turn side swipe,,Other angle,4 wheel drive / SUV,Car (sedan/hatch),2,0,0,0,0,4,April,Autumn,Saturday,12:00 - 13:59,Midday / afternoon,False,False,False,False
1351397,Non-casualty (towaway),Non-casualty (towaway),2024,2024,May,Friday,08:00 - 09:59,LEWIS,ST,80,West,WALFORD,ST,WALLSEND,,No,Not a school zone,2-way undivided,-32.908757,151.668052,Newcastle,Newcastle met. area,Syd-Newc-Woll Gtr conurbation,Curved,Steep grade,,,Nil,Sealed,Dry,Fine,Daylight,Nil,No traffic controls,50 km/h,Local,20,Head on,201,Opp - Head on,,Head-on,Car (sedan/hatch),4 wheel drive / SUV,2,0,0,0,0,5,May,Autumn,Friday,08:00 - 09:59,AM peak / school commute,True,False,False,False
1351400,Non-casualty (towaway),Non-casualty (towaway),2024,2024,April,Saturday,22:00 - Midnight,ALBERT,RD,20,West,MARANOA,ST,AUBURN,,No,Not a school zone,2-way undivided,-33.867634,151.0187,Cumberland,Sydney metro. area,Syd-Newc-Woll Gtr conurbation,Straight,,,,Nil,Sealed,Dry,Fine,Darkness,Nil,No traffic controls,50 km/h,Local,41,U turn into object,409,Manov - U-turn into fixed obje,,Vehicle - Object,Car (sedan/hatch),,1,0,0,0,0,4,April,Autumn,Saturday,22:00 - Midnight,Evening / night,False,False,False,False
1351404,Non-casualty (towaway),Non-casualty (towaway),2024,2024,April,Saturday,18:00 - 19:59,GEORGE,ST,0,Right on the spot,NUMBER 8,HN,AVALON BEACH,,No,Not a school zone,2-way undivided,-33.627601,151.331212,Northern Beaches,Sydney metro. area,Syd-Newc-Woll Gtr conurbation,Curved,,,,On,Sealed,Dry,Fine,Darkness,Nil,No traffic controls,50 km/h,Local,81,Off left/rt bnd=>obj,803,Off right bend into obj,Left,Other angle,Car (sedan/hatch),Utility,2,0,0,0,0,4,April,Autumn,Saturday,18:00 - 19:59,PM peak / evening commute,True,False,False,False
1351406,Non-casualty (towaway),Non-casualty (towaway),2024,2024,May,Thursday,08:00 - 09:59,TWEED COAST,RD,0,Right on the spot,CRESCENT,ST,CUDGEN,450.0,No,Not a school zone,T-junction,-28.257046,153.559777,Tweed,Country urban,Rest of NSW - Urban,Straight,Ditch/drain/culvert,,,Off,Sealed,Dry,Fine,Daylight,Nil,Give way sign,80 km/h,Regional,16,Left near,107,Adj - Left-thru from right,,Right angle,Unknown motor vehicle,Car (sedan/hatch),2,0,0,0,0,5,May,Autumn,Thursday,08:00 - 09:59,AM peak / school commute,True,False,False,False