crash_id,degree_of_crash,degree_of_crash_-_detailed,reporting_year,year_of_crash,month_of_crash,day_of_week_of_crash,two-hour_intervals,street_of_crash,street_type,distance,direction,identifying_feature,identifying_feature_type,town,route_no.,school_zone_location,school_zone_active,type_of_location,latitude,longitude,lga,urbanisation,conurbation_1,alignment,primary_permanent_feature,primary_temporary_feature,primary_hazardous_feature,street_lighting,road_surface,surface_condition,weather,natural_lighting,signals_operation,other_traffic_control,speed_limit,road_classification_(admin),rum_-_code,rum_-_description,dca_-_code,dca_-_description,dca_supplement,first_impact_type,key_tu_type,other_tu_type,no._of_traffic_units_involved,no._killed,no._seriously_injured,no._moderately_injured,no._minor-other_injured,month_num,month_label,season,day_label,time_label,time_band,is_peak_commute,is_fatal,is_injury,is_casualty
1351415,Non-casualty (towaway),Non-casualty (towaway),2024,2024,April,Tuesday,10:00 - 11:59,OLD BATHURST,RD,800,East,BINYA,ST,BLAXLAND,7291.0,No,Not a school zone,2-way undivided,-33.741954,150.638979,Blue Mountains,Country urban,Syd-Newc-Woll Gtr conurbation,Curved,Steep grade,,,Nil,Sealed,Dry,Fine,Daylight,Nil,No traffic controls,50 km/h,Regional,81,Off left/rt bnd=>obj,803,Off right bend into obj,Left,Vehicle - Object,Large rigid,,1,0,0,0,0,4,April,Autumn,Tuesday,10:00 - 11:59,Midday / afternoon,False,False,False,False
1351420,Non-casualty (towaway),Non-casualty (towaway),2024,2024,May,Tuesday,14:00 - 15:59,THUNDERBOLTS,WAY,500,South,BRETTI,TRL,BRETTI,7719.0,No,Not a school zone,2-way undivided,-31.796889,151.913986,Mid-Coast,Country urban,Rest of NSW - Urban,Curved,Other bridge,,,Nil,Sealed,Wet,Overcast,Daylight,Nil,No traffic controls,80 km/h,Regional,81,Off left/rt bnd=>obj,803,Off right bend into obj,Left,Vehicle - Object,Car (sedan/hatch),,1,0,0,0,0,5,May,Autumn,Tuesday,14:00 - 15:59,Midday / afternoon,False,False,False,False
1351421,Non-casualty (towaway),Non-casualty (towaway),2024,2024,May,Sunday,08:00 - 09:59,WESTERN,EXP,2000,West,GREAT WESTERN HIGHWAY,TO,CROYDON,6004.0,No,Not a school zone,Dual freeway,-33.873314,151.118611,Burwood,Sydney metro. area,Syd-Newc-Woll Gtr conurbation,Straight,Underpass/tunnel,,,Off,Sealed,Wet,Overcast,Daylight,Nil,No traffic controls,90 km/h,State,71,Off rd left => obj,703,Left off cway into object,,Vehicle - Object,4 wheel drive / SUV,,1,0,0,0,0,5,May,Autumn,Sunday,08:00 - 09:59,AM peak / school commute,True,False,False,False
1351425,Non-casualty (towaway),Non-casualty (towaway),2024,2024,May,Friday,20:00 - 21:59,MONTGOMERY,AVE,0,Right on the spot,NUMBER 18,HN,SOUTH GRANVILLE,,No,Not a school zone,2-way undivided,-33.857603,151.008508,Cumberland,Sydney metro. area,Syd-Newc-Woll Gtr conurbation,Straight,,,,On,Sealed,Wet,Raining,Darkness,Nil,No traffic controls,50 km/h,Local,71,Off rd left => obj,703,Left off cway into object,,Other angle,Light truck utility(from 2018),Car (sedan/hatch),2,0,0,0,0,5,May,Autumn,Friday,20:00 - 21:59,Evening / night,False,False,False,False
1351482,Non-casualty (towaway),Non-casualty (towaway),2024,2024,January,Sunday,08:00 - 09:59,COBB,HWY,0,Right on the spot,BOYES,ST,MOAMA,21.0,No,Not a school zone,X-intersection,-36.099971,144.752948,Murray River,Country urban,Rest of NSW - Urban,Straight,,,,Unknown / not stated,Sealed,Dry,Fine,Daylight,Nil,Give way sign,50 km/h,State,10,Cross traffic,101,Adj - Cross traffic,,Right angle,Car (sedan/hatch),Light truck utility(from 2018),2,0,0,0,0,1,January,Summer,Sunday,08:00 - 09:59,AM peak / school commute,True,False,False,False
1351485,Non-casualty (towaway),Non-casualty (towaway),2024,2024,May,Thursday,00:01 - 01:59,CLOTHIERS CREEK,RD,1000,West,PACIFIC,EXP,CLOTHIERS CREEK,,No,Not a school zone,2-way undivided,-28.329328,153.509556,Tweed,Country urban,Rest of NSW - Urban,Curved,Embankment/cutting,,,Unknown / not stated,Sealed,Wet,Fine,Darkness,Nil,No traffic controls,80 km/h,Local,87,Off lft/lft bnd=>obj,804,Off left bend into obj,Left,Vehicle - Object,Car (sedan/hatch),,1,0,0,0,0,5,May,Autumn,Thursday,00:01 - 01:59,Late night / early morning,False,False,False,False
1351487,Non-casualty (towaway),Non-casualty (towaway),2024,2024,May,Sunday,18:00 - 19:59,BURRANEER BAY,RD,50,East,PORT HACKING,RD,CARINGBAH SOUTH,,No,Not a school zone,2-way undivided,-34.050379,151.122852,Sutherland,Sydney metro. area,Syd-Newc-Woll Gtr conurbation,Straight,,,,Unknown / not stated,Sealed,Wet,Raining,Darkness,Nil,No traffic controls,50 km/h,Local,45,Reversing,404,Manov - Reverse in traffic,,Other angle,Car (sedan/hatch),4 wheel drive / SUV,2,0,0,0,0,5,May,Autumn,Sunday,18:00 - 19:59,PM peak / evening commute,True,False,False,False
1351494,Non-casualty (towaway),Non-casualty (towaway),2024,2024,May,Friday,22:00 - Midnight,GLENFIELD,RD,50,North,RED HILL,RD,TOLLAND,,No,Not a school zone,2-way undivided,-35.147585,147.339324,Wagga Wagga,Country urban,Rest of NSW - Urban,Straight,,,,Unknown / not stated,Sealed,Wet,Raining,Darkness,Nil,No traffic controls,70 km/h,Local,71,Off rd left => obj,703,Left off cway into object,,Vehicle - Object,Car (sedan/hatch),,1,0,0,0,0,5,May,Autumn,Friday,22:00 - Midnight,Evening / night,False,False,False,False
1351500,Non-casualty (towaway),Non-casualty (towaway),2024,2024,May,Thursday,12:00 - 13:59,TURPENTINE,AVE,0,Right on the spot,NUMBER 8-6,HN,PEAKHURST,,No,Not a school zone,2-way undivided,-33.96272,151.060476,Georges River,Sydney metro. area,Syd-Newc-Woll Gtr conurbation,Curved,Narrow roadway,,,Unknown / not stated,Sealed,Dry,Fine,Daylight,Nil,No traffic controls,50 km/h,Local,81,Off left/rt bnd=>obj,803,Off right bend into obj,Left,Vehicle - Object,Car (sedan/hatch),,1,0,0,0,0,5,May,Autumn,Thursday,12:00 - 13:59,Midday / afternoon,False,False,False,False
1351506,Non-casualty (towaway),Non-casualty (towaway),2024,2024,May,Saturday,20:00 - 21:59,HUME,HWY,200,North,JESSOPS LAGOON,RD,SOUTH GUNDAGAI,2.0,No,Not a school zone,Divided road,-35.095405,148.073839,Cootamundra-Gundagai,Country non-urban,Rest of NSW - Rural,Straight,,,,Unknown / not stated,Sealed,Wet,Raining,Darkness,Nil,No traffic controls,110 km/h,State,71,Off rd left => obj,703,Left off cway into object,,Vehicle - Object,Light truck utility(from 2018),,1,0,0,0,0,5,May,Autumn,Saturday,20:00 - 21:59,Evening / night,False,False,False,False
1351510,Non-casualty (towaway),Non-casualty (towaway),2024,2024,May,Tuesday,06:00 - 07:59,LANG,ST,0,Right on the spot,NUMBER 110,HN,KURRI KURRI,195.0,No,Not a school zone,2-way undivided,-32.816823,151.484371,Cessnock,Country urban,Rest of NSW - Urban,Straight,Driveway/entrance,,,Unknown / not stated,Sealed,Dry,Fine,Dawn,Nil,No traffic controls,60 km/h,State,32,Right rear,303,Same - Rear right,,Rear end,4 wheel drive / SUV,Utility,2,0,0,0,0,5,May,Autumn,Tuesday,06:00 - 07:59,AM peak / school commute,True,False,False,False
1351512,Non-casualty (towaway),Non-casualty (towaway),2024,2024,May,Tuesday,12:00 - 13:59,WYONG,RD,0,Right on the spot,NUMBER 144,HN,KILLARNEY VALE,335.0,No,Not a school zone,Divided road,-33.365489,151.461507,Central Coast,Country urban,Syd-Newc-Woll Gtr conurbation,Straight,,,,Unknown / not stated,Sealed,Dry,Fine,Daylight,Nil,No traffic controls,60 km/h,State,34,Lane change right,306,Same - Lane change right,,Other angle,Car (sedan/hatch),Light truck utility(from 2018),2,0,0,0,0,5,May,Autumn,Tuesday,12:00 - 13:59,Midday / afternoon,False,False,False,False
1351514,Non-casualty (towaway),Non-casualty (towaway),2024,2024,May,Friday,08:00 - 09:59,RIFLE RANGE,RD,0,Right on the spot,NUMBER 201,HN,ALSTONVILLE,7734.0,No,Not a school zone,2-way undivided,-28.818154,153.432085,Ballina,Country urban,Rest of NSW - Urban,Straight,,,,Unknown / not stated,Sealed,Wet,Raining,Daylight,Nil,No traffic controls,80 km/h,Regional,71,Off rd left => obj,703,Left off cway into object,,Other angle,Car (sedan/hatch),Light truck,2,0,0,0,0,5,May,Autumn,Friday,08:00 - 09:59,AM peak / school commute,True,False,False,False
1351518,Non-casualty (towaway),Non-casualty (towaway),2024,2024,May,Friday,18:00 - 19:59,PRINCES,HWY,0,Right on the spot,KALANDAR,ST,NOWRA,1.0,No,Not a school zone,X-intersection,-34.887613,150.604566,Shoalhaven,Country urban,Rest of NSW - Urban,Straight,,,,Unknown / not stated,Sealed,Dry,Fine,Dusk,On,No traffic controls,70 km/h,State,21,Right through,202,Opp - Right-thru,,Other angle,Light truck utility(from 2018),4 wheel drive / SUV,2,0,0,0,0,5,May,Autumn,Friday,18:00 - 19:59,PM peak / evening commute,True,False,False,False
1351520,Non-casualty (towaway),Non-casualty (towaway),2024,2024,May,Friday,10:00 - 11:59,CORRIMAL,ST,0,Right on the spot,BANK,ST,WOLLONGONG,581.0,No,Not a school zone,X-intersection,-34.429681,150.899009,Wollongong,Wollongong met. area,Syd-Newc-Woll Gtr conurbation,Straight,,,,Unknown / not stated,Sealed,Dry,Fine,Daylight,Nil,Stop sign,60 km/h,State,71,Off rd left => obj,703,Left off cway into object,,Other angle,Car (sedan/hatch),4 wheel drive / SUV,3,0,0,0,0,5,May,Autumn,Friday,10:00 - 11:59,Midday / afternoon,False,False,False,False
1351522,Non-casualty (towaway),Non-casualty (towaway),2024,2024,May,Thursday,16:00 - 17:59,FOREST,RD,0,Right on the spot,NUMBER 260,HN,BEXLEY,168.0,No,Not a school zone,2-way undivided,-33.944019,151.129216,Bayside,Sydney metro. area,Syd-Newc-Woll Gtr conurbation,Straight,,,,Unknown / not stated,Sealed,Dry,Fine,Daylight,Nil,No traffic controls,60 km/h,State,30,Rear end,301,Same - Rear end,,Rear end,Car (sedan/hatch),4 wheel drive / SUV,3,0,0,0,0,5,May,Autumn,Thursday,16:00 - 17:59,PM peak / evening commute,True,False,False,False
1351523,Non-casualty (towaway),Non-casualty (towaway),2024,2024,April,Thursday,16:00 - 17:59,HILLS,ST,0,Right on the spot,NUMBER 58,HN,NORTH GOSFORD,,No,Not a school zone,2-way undivided,-33.416678,151.34517,Central Coast,Country urban,Syd-Newc-Woll Gtr conurbation,Straight,,,,Unknown / not stated,Sealed,Dry,Fine,Daylight,Nil,No traffic controls,50 km/h,Local,40,U turn,304,Same - U-turn,,Other angle,Unknown motor vehicle,Station wagon,2,0,0,0,0,4,April,Autumn,Thursday,16:00 - 17:59,PM peak / evening commute,True,False,False,False
1351524,Non-casualty (towaway),Non-casualty (towaway),2024,2024,May,Tuesday,16:00 - 17:59,KERR,ST,0,Right on the spot,FOX,ST,BALLINA,695.0,No,Not a school zone,X-intersection,-28.8601,153.559134,Ballina,Country urban,Rest of NSW - Urban,Straight,,,,Unknown / not stated,Sealed,Dry,Fine,Daylight,On,No traffic controls,60 km/h,Regional,11,Right far,102,Adj - Right-thru from left,,Right angle,Car (sedan/hatch),Light truck utility(from 2018),2,0,0,0,0,5,May,Autumn,Tuesday,16:00 - 17:59,PM peak / evening commute,True,False,False,False
1351526,Non-casualty (towaway),Non-casualty (towaway),2024,2024,February,Tuesday,06:00 - 07:59,MULGOA,RD,1000,South,ROSCREA,DR,MULGOA,155.0,No,Not a school zone,2-way undivided,-33.854565,150.649377,Penrith,Sydney metro. area,Syd-Newc-Woll Gtr conurbation,Curved,,,,Unknown / not stated,Sealed,Wet,Raining,Daylight,Nil,No traffic controls,80 km/h,State,29,Other opposing,200,Opp - other,,Other angle,Light truck utility(from 2018),4 wheel drive / SUV,2,0,0,0,0,2,February,Summer,Tuesday,06:00 - 07:59,AM peak / school commute,True,False,False,False
1351527,Non-casualty (towaway),Non-casualty (towaway),2024,2024,May,Sunday,16:00 - 17:59,ELIZABETH,DR,0,Right on the spot,BONNYRIGG,AVE,BONNYRIGG,535.0,No,Not a school zone,T-junction,-33.890476,150.884956,Fairfield,Sydney metro. area,Syd-Newc-Woll Gtr conurbation,Straight,,,,Unknown / not stated,Sealed,Wet,Raining,Daylight,On,No traffic controls,70 km/h,State,30,Rear end,301,Same - Rear end,,Rear end,Car (sedan/hatch),Car (sedan/hatch),2,0,0,0,0,5,May,Autumn,Sunday,16:00 - 17:59,PM peak / evening commute,True,False,False,False
1351528,Non-casualty (towaway),Non-casualty (towaway),2024,2024,May,Tuesday,06:00 - 07:59,CUMBERLAND,HWY,0,Right on the spot,DUNMORE,ST,WENTWORTHVILLE,13.0,No,Not a school zone,X-intersection,-33.807288,150.969468,Cumberland,Sydney metro. area,Syd-Newc-Woll Gtr conurbation,Straight,,,,Unknown / not stated,Sealed,Dry,Fine,Daylight,On,No traffic controls,70 km/h,State,10,Cross traffic,101,Adj - Cross traffic,,Right angle,4 wheel drive / SUV,Light truck utility(from 2018),2,0,0,0,0,5,May,Autumn,Tuesday,06:00 - 07:59,AM peak / school commute,True,False,False,False
1351529,Non-casualty (towaway),Non-casualty (towaway),2024,2024,May,Thursday,22:00 - Midnight,TILLIE,ST,20,South,WILKINSON,AVE,WALLSEND,,No,Not a school zone,2-way undivided,-32.896267,151.681577,Newcastle,Newcastle met. area,Syd-Newc-Woll Gtr conurbation,Straight,,,,Unknown / not stated,Sealed,Dry,Fine,Darkness,Nil,No traffic controls,60 km/h,Local,71,Off rd left => obj,703,Left off cway into object,,Vehicle - Object,Car (sedan/hatch),,1,0,0,0,0,5,May,Autumn,Thursday,22:00 - Midnight,Evening / night,False,False,False,False
1351530,Non-casualty (towaway),Non-casualty (towaway),2024,2024,May,Saturday,14:00 - 15:59,THUNDERBOLTS,WAY,1300,North,GIRO,RD,BAXTERS RIDGE,7719.0,No,Not a school zone,2-way undivided,-31.730182,151.866983,Mid-Coast,Country urban,Rest of NSW - Urban,Curved,Steep grade,,,Unknown / not stated,Sealed,Wet,Raining,Daylight,Nil,No traffic controls,80 km/h,Regional,88,Out of cont on bend,805,Out of control on bend,,Rollover,Light truck utility(from 2018),,1,0,0,0,0,5,May,Autumn,Saturday,14:00 - 15:59,Midday / afternoon,False,False,False,False
1351532,Non-casualty (towaway),Non-casualty (towaway),2024,2024,May,Saturday,12:00 - 13:59,THUNDERBOLTS,WAY,570,South,BRETTI,TRL,BRETTI,7719.0,No,Not a school zone,2-way undivided,-31.797233,151.91351,Mid-Coast,Country urban,Rest of NSW - Urban,Curved,Other bridge,,,Unknown / not stated,Sealed,Wet,Raining,Daylight,Nil,No traffic controls,80 km/h,Regional,81,Off left/rt bnd=>obj,803,Off right bend into obj,Left,Vehicle - Object,Light truck utility(from 2018),,1,0,0,0,0,5,May,Autumn,Saturday,12:00 - 13:59,Midday / afternoon,False,False,False,False
1351533,Non-casualty (towaway),Non-casualty (towaway),2024,2024,May,Friday,14:00 - 15:59,BRABINS,RD,3000,North,HAZELDENE,RD,ILLABO,,No,Not a school zone,2-way undivided,-34.856448,147.7255,Junee,Country non-urban,Rest of NSW - Rural,Straight,Embankment/cutting,,,Unknown / not stated,Sealed,Dry,Fine,Daylight,Nil,No traffic controls,100 km/h,Local,73,Off rd rght => obj,704,Right off cway into obj,,Vehicle - Object,Light truck utility(from 2018),,1,0,0,0,0,5,May,Autumn,Friday,14:00 - 15:59,Midday / afternoon,False,False,False,False
1351534,Non-casualty (towaway),Non-casualty (towaway),2024,2024,May,Saturday,06:00 - 07:59,RICHMOND,RD,10,North,DUNHEAVED,RD,CAMBRIDGE PARK,154.0,No,Not a school zone,T-junction,-33.742252,150.715937,Penrith,Sydney metro. area,Syd-Newc-Woll Gtr conurbation,Straight,,,,Unknown / not stated,Sealed,Dry,Overcast,Daylight,On,No traffic controls,70 km/h,State,30,Rear end,301,Same - Rear end,,Rear end,Light truck utility(from 2018),Light truck utility(from 2018),2,0,0,0,0,5,May,Autumn,Saturday,06:00 - 07:59,AM peak / school commute,True,False,False,False
1351537,Non-casualty (towaway),Non-casualty (towaway),2024,2024,May,Saturday,10:00 - 11:59,HUME,HWY,30,West,WETHERILL,ST,CROYDON,2.0,No,Not a school zone,2-way undivided,-33.887889,151.115193,Inner West,Sydney metro. area,Syd-Newc-Woll Gtr conurbation,Straight,Driveway/entrance,,,Unknown / not stated,Sealed,Wet,Raining,Daylight,Nil,No traffic controls,60 km/h,State,47,Emerging from drive,406,Manov - Emerging from driveway,,Right angle,Car (sedan/hatch),Car (sedan/hatch),2,0,0,0,0,5,May,Autumn,Saturday,10:00 - 11:59,Midday / afternoon,False,False,False,False
1351538,Non-casualty (towaway),Non-casualty (towaway),2024,2024,May,Wednesday,18:00 - 19:59,GLASSOP,ST,0,Right on the spot,WILKINS,ST,YAGOONA,,No,Not a school zone,Roundabout,-33.910774,151.017444,Canterbury-Bankstown,Sydney metro. area,Syd-Newc-Woll Gtr conurbation,Straight,Steep grade,,,Unknown / not stated,Sealed,Dry,Fine,Darkness,Nil,Give way sign,50 km/h,Local,10,Cross traffic,101,Adj - Cross traffic,,Right angle,4 wheel drive / SUV,Car (sedan/hatch),2,0,0,0,0,5,May,Autumn,Wednesday,18:00 - 19:59,PM peak / evening commute,True,False,False,False
1351539,Non-casualty (towaway),Non-casualty (towaway),2024,2024,May,Thursday,06:00 - 07:59,TWIN,RD,0,Right on the spot,WICKS,RD,NORTH RYDE,2058.0,No,Not a school zone,T-junction,-33.801086,151.119903,Ryde,Sydney metro. area,Syd-Newc-Woll Gtr conurbation,Straight,,,,Unknown / not stated,Sealed,Dry,Fine,Daylight,Nil,Stop sign,60 km/h,Regional,21,Right through,202,Opp - Right-thru,,Other angle,Light truck utility(from 2018),Car (sedan/hatch),2,0,0,0,0,5,May,Autumn,Thursday,06:00 - 07:59,AM peak / school commute,True,False,False,False
1351540,Non-casualty (towaway),Non-casualty (towaway),2024,2024,May,Sunday,14:00 - 15:59,KYLE,PDE,0,Right on the spot,NUMBER 23,HN,KYLE BAY,,No,Not a school zone,2-way undivided,-33.986379,151.101086,Georges River,Sydney metro. area,Syd-Newc-Woll Gtr conurbation,Curved,Driveway/entrance,,,Unknown / not stated,Sealed,Dry,Fine,Daylight,Nil,No traffic controls,50 km/h,Local,47,Emerging from drive,406,Manov - Emerging from driveway,,Right angle,Car (sedan/hatch),Car (sedan/hatch),2,0,0,0,0,5,May,Autumn,Sunday,14:00 - 15:59,Midday / afternoon,False,False,False,False
1351541,Non-casualty (towaway),Non-casualty (towaway),2024,2024,May,Friday,00:01 - 01:59,BURNS BAY,RD,0,Right on the spot,VICTORIA ROAD,OP,HUNTLEYS POINT,166.0,No,Not a school zone,Divided road,-33.838588,151.145167,Hunters Hill,Sydney metro. area,Syd-Newc-Woll Gtr conurbation,Curved,,,,Unknown / not stated,Sealed,Wet,Raining,Darkness,Nil,No traffic controls,70 km/h,State,87,Off lft/lft bnd=>obj,804,Off left bend into obj,Left,Vehicle - Object,4 wheel drive / SUV,,1,0,0,0,0,5,May,Autumn,Friday,00:01 - 01:59,Late night / early morning,False,False,False,False
1351543,Non-casualty (towaway),Non-casualty (towaway),2024,2024,May,Saturday,08:00 - 09:59,FINGAL,ST,0,Right on the spot,PARK,ST,BRUNSWICK HEADS,,Yes,No,X-intersection,-28.540522,153.550347,Byron,Country urban,Rest of NSW - Urban,Straight,,,,Unknown / not stated,Sealed,Wet,Raining,Daylight,Nil,Give way sign,50 km/h,Local,10,Cross traffic,101,Adj - Cross traffic,,Right angle,Utility,4 wheel drive / SUV,2,0,0,0,0,5,May,Autumn,Saturday,08:00 - 09:59,AM peak / school commute,True,False,False,False
1351545,Non-casualty (towaway),Non-casualty (towaway),2024,2024,May,Sunday,10:00 - 11:59,LISMORE,RD,820,North,BOOYONG,RD,NASHUA,65.0,No,Not a school zone,2-way undivided,-28.715616,153.476394,Byron,Country urban,Rest of NSW - Urban,Curved,,,,Unknown / not stated,Sealed,Wet,Raining,Daylight,Nil,No traffic controls,80 km/h,State,85,Off rt/lft bnd=>obj,804,Off left bend into obj,Right,Vehicle - Object,4 wheel drive / SUV,,1,0,0,0,0,5,May,Autumn,Sunday,10:00 - 11:59,Midday / afternoon,False,False,False,False
1351546,Non-casualty (towaway),Non-casualty (towaway),2024,2024,May,Tuesday,08:00 - 09:59,CAMDEN,BYPA,480,East,OLD HUME,HWY,CAMDEN SOUTH,620.0,No,Not a school zone,2-way undivided,-34.071209,150.700375,Camden,Sydney metro. area,Syd-Newc-Woll Gtr conurbation,Straight,Other bridge,,,Unknown / not stated,Sealed,Dry,Fine,Daylight,Nil,No traffic controls,80 km/h,State,30,Rear end,301,Same - Rear end,,Rear end,4 wheel drive / SUV,4 wheel drive / SUV,2,0,0,0,0,5,May,Autumn,Tuesday,08:00 - 09:59,AM peak / school commute,True,False,False,False
1351551,Non-casualty (towaway),Non-casualty (towaway),2024,2024,April,Monday,08:00 - 09:59,THE ESPLANADE,MS,0,Right on the spot,MEDCALF,RD,SPEERS POINT,674.0,No,Not a school zone,T-junction,-32.970636,151.638084,Lake Macquarie,Newcastle met. area,Syd-Newc-Woll Gtr conurbation,Straight,,,,Unknown / not stated,Sealed,Dry,Fine,Daylight,On,No traffic controls,60 km/h,State,30,Rear end,301,Same - Rear end,,Rear end,4 wheel drive / SUV,Car (sedan/hatch),2,0,0,0,0,4,April,Autumn,Monday,08:00 - 09:59,AM peak / school commute,True,False,False,False
1351555,Non-casualty (towaway),Non-casualty (towaway),2024,2024,May,Saturday,16:00 - 17:59,BARGWANNA,RD,0,Right on the spot,BLOOMFIELD,RD,ORANGE,,No,Not a school zone,T-junction,-33.32448,149.091582,Orange,Country urban,Rest of NSW - Urban,Straight,,,,Unknown / not stated,Sealed,Wet,Raining,Dusk,Nil,No traffic controls,80 km/h,Local,80,Off left/right bend,707,Right turn,Left,Rollover,Car (sedan/hatch),,1,0,0,0,0,5,May,Autumn,Saturday,16:00 - 17:59,PM peak / evening commute,True,False,False,False
1351556,Non-casualty (towaway),Non-casualty (towaway),2024,2024,May,Thursday,12:00 - 13:59,SILVER CITY,HWY,3000,East,HOLLANDS LAKE,RD,COOMEALLA,22.0,No,Not a school zone,2-way undivided,-34.120254,142.142372,Wentworth,Country non-urban,Rest of NSW - Rural,Straight,,,,Unknown / not stated,Sealed,Dry,Fine,Daylight,Nil,No traffic controls,100 km/h,State,33,Lane sideswipe,305,Same - Lane side swipe,,Other angle,Car (sedan/hatch),B-double (road train prior 98),2,0,0,0,0,5,May,Autumn,Thursday,12:00 - 13:59,Midday / afternoon,False,False,False,False
1351558,Non-casualty (towaway),Non-casualty (towaway),2024,2024,May,Saturday,14:00 - 15:59,HUME,HWY,151,North,GEORGE,ST,MARULAN,2.0,No,Not a school zone,Divided road,-34.717077,150.002415,Goulburn Mulwaree,Country non-urban,Rest of NSW - Rural,Straight,Embankment/cutting,,,Nil,Sealed,Wet,Raining,Daylight,Nil,No traffic controls,110 km/h,State,71,Off rd left => obj,703,Left off cway into object,,Vehicle - Object,4 wheel drive / SUV,,1,0,0,0,0,5,May,Autumn,Saturday,14:00 - 15:59,Midday / afternoon,False,False,False,False
1351560,Non-casualty (towaway),Non-casualty (towaway),2024,2024,May,Sunday,12:00 - 13:59,O'CONNELL,RD,0,Right on the spot,ABERCROMBIE,RD,OBERON,253.0,No,Not a school zone,Roundabout,-33.698403,149.845046,Oberon,Country urban,Rest of NSW - Urban,Straight,,,,Unknown / not stated,Sealed,Wet,Overcast,Daylight,Nil,Give way sign,60 km/h,Regional,71,Off rd left => obj,703,Left off cway into object,,Vehicle - Object,Car (sedan/hatch),,1,0,0,0,0,5,May,Autumn,Sunday,12:00 - 13:59,Midday / afternoon,False,False,False,False
1351563,Non-casualty (towaway),Non-casualty (towaway),2024,2024,May,Tuesday,14:00 - 15:59,COLLINS,RD,0,Right on the spot,NUMBER 92,HN,ST IVES,,No,Not a school zone,2-way undivided,-33.718645,151.160711,Ku-ring-gai,Sydney metro. area,Syd-Newc-Woll Gtr conurbation,Straight,,,,Unknown / not stated,Sealed,Dry,Fine,Daylight,Nil,No traffic controls,50 km/h,Local,34,Lane change right,306,Same - Lane change right,,Other angle,4 wheel drive / SUV,Light truck utility(from 2018),2,0,0,0,0,5,May,Autumn,Tuesday,14:00 - 15:59,Midday / afternoon,False,False,False,False
1351565,Non-casualty (towaway),Non-casualty (towaway),2024,2024,April,Wednesday,12:00 - 13:59,PEARSON,ST,0,Right on the spot,NUMBER 28,HN,WAGGA WAGGA,,No,Not a school zone,2-way undivided,-35.119603,147.344632,Wagga Wagga,Country urban,Rest of NSW - Urban,Straight,,,,Unknown / not stated,Sealed,Dry,Fine,Daylight,Nil,No traffic controls,60 km/h,Local,71,Off rd left => obj,703,Left off cway into object,,Other angle,Car (sedan/hatch),Car (sedan/hatch),3,0,0,0,0,4,April,Autumn,Wednesday,12:00 - 13:59,Midday / afternoon,False,False,False,False
1351566,Non-casualty (towaway),Non-casualty (towaway),2024,2024,May,Sunday,14:00 - 15:59,BUNGAY,RD,200,East,BLUE GUM,AVE,WINGHAM,,No,Not a school zone,2-way undivided,-31.879545,152.355408,Mid-Coast,Country urban,Rest of NSW - Urban,Curved,,,,Unknown / not stated,Sealed,Dry,Fine,Daylight,Nil,No traffic controls,50 km/h,Local,87,Off lft/lft bnd=>obj,804,Off left bend into obj,Left,Other angle,Car (sedan/hatch),Car (sedan/hatch),2,0,0,0,0,5,May,Autumn,Sunday,14:00 - 15:59,Midday / afternoon,False,False,False,False
1351568,Non-casualty (towaway),Non-casualty (towaway),2024,2024,May,Tuesday,10:00 - 11:59,WARRINGAH,EXP,150,South,FALCON STREET,OP,NORTH SYDNEY,651.0,No,Not a school zone,Divided road,-33.83107,151.21323,North Sydney,Sydney metro. area,Syd-Newc-Woll Gtr conurbation,Straight,,,,Unknown / not stated,Sealed,Dry,Fine,Daylight,Nil,No traffic controls,80 km/h,State,34,Lane change right,306,Same - Lane change right,,Other angle,Large rigid,4 wheel drive / SUV,2,0,0,0,0,5,May,Autumn,Tuesday,10:00 - 11:59,Midday / afternoon,False,False,False,False
1351569,Non-casualty (towaway),Non-casualty (towaway),2024,2024,May,Sunday,10:00 - 11:59,BORONIA,RD,0,Right on the spot,NUMBER 140,HN,GREENACRE,636.0,No,Not a school zone,2-way undivided,-33.905285,151.046503,Canterbury-Bankstown,Sydney metro. area,Syd-Newc-Woll Gtr conurbation,Straight,,,,Unknown / not stated,Sealed,Wet,Raining,Daylight,Nil,No traffic controls,60 km/h,State,30,Rear end,301,Same - Rear end,,Rear end,Car (sedan/hatch),Car (sedan/hatch),2,0,0,0,0,5,May,Autumn,Sunday,10:00 - 11:59,Midday / afternoon,False,False,False,False
1351574,Non-casualty (towaway),Non-casualty (towaway),2024,2024,May,Wednesday,10:00 - 11:59,CONCORD,RD,0,Right on the spot,LOOP ROAD,OP,RYDE,200.0,No,Not a school zone,Divided road,-33.822577,151.096298,Ryde,Sydney metro. area,Syd-Newc-Woll Gtr conurbation,Straight,Other bridge,,,Unknown / not stated,Sealed,Dry,Fine,Daylight,Nil,No traffic controls,70 km/h,State,30,Rear end,301,Same - Rear end,,Rear end,Car (sedan/hatch),4 wheel drive / SUV,3,0,0,0,0,5,May,Autumn,Wednesday,10:00 - 11:59,Midday / afternoon,False,False,False,False