crash_id,degree_of_crash,degree_of_crash_-_detailed,reporting_year,year_of_crash,month_of_crash,day_of_week_of_crash,two-hour_intervals,street_of_crash,street_type,distance,direction,identifying_feature,identifying_feature_type,town,route_no.,school_zone_location,school_zone_active,type_of_location,latitude,longitude,lga,urbanisation,conurbation_1,alignment,primary_permanent_feature,primary_temporary_feature,primary_hazardous_feature,street_lighting,road_surface,surface_condition,weather,natural_lighting,signals_operation,other_traffic_control,speed_limit,road_classification_(admin),rum_-_code,rum_-_description,dca_-_code,dca_-_description,dca_supplement,first_impact_type,key_tu_type,other_tu_type,no._of_traffic_units_involved,no._killed,no._seriously_injured,no._moderately_injured,no._minor-other_injured,month_num,month_label,season,day_label,time_label,time_band,is_peak_commute,is_fatal,is_injury,is_casualty
1351575,Non-casualty (towaway),Non-casualty (towaway),2024,2024,May,Friday,00:01 - 01:59,WILTON,RD,600,North,OLNEY,ST,AWABA,,No,Not a school zone,2-way undivided,-33.012406,151.545659,Lake Macquarie,Newcastle met. area,Syd-Newc-Woll Gtr conurbation,Straight,,,,Unknown / not stated,Sealed,Wet,Overcast,Darkness,Nil,No traffic controls,60 km/h,Local,71,Off rd left => obj,703,Left off cway into object,,Vehicle - Object,4 wheel drive / SUV,,1,0,0,0,0,5,May,Autumn,Friday,00:01 - 01:59,Late night / early morning,False,False,False,False
1351577,Non-casualty (towaway),Non-casualty (towaway),2024,2024,May,Saturday,22:00 - Midnight,BOUNDARY,RD,0,Right on the spot,UNIVERSAL,ST,MORTDALE,7006.0,No,Not a school zone,X-intersection,-33.970231,151.073645,Georges River,Sydney metro. area,Syd-Newc-Woll Gtr conurbation,Straight,,,,Unknown / not stated,Sealed,Wet,Raining,Darkness,Unknown / not stated,No traffic controls,50 km/h,Regional,49,Other manoeuvring,400,Manov - other,,Other angle,Car (sedan/hatch),,1,0,0,0,0,5,May,Autumn,Saturday,22:00 - Midnight,Evening / night,False,False,False,False
1351578,Non-casualty (towaway),Non-casualty (towaway),2024,2024,May,Monday,10:00 - 11:59,BALD,ST,0,Right on the spot,NUMBER 1,HN,NORAH HEAD,,No,Not a school zone,2-way undivided,-33.279236,151.568609,Central Coast,Country urban,Syd-Newc-Woll Gtr conurbation,Straight,Driveway/entrance,,,Unknown / not stated,Sealed,Unknown,Unknown,Daylight,Nil,No traffic controls,50 km/h,Local,46,Reversing into obj,405,Manov - Reverse into fixed obj,,Other angle,Light truck utility(from 2018),4 wheel drive / SUV,2,0,0,0,0,5,May,Autumn,Monday,10:00 - 11:59,Midday / afternoon,False,False,False,False
1351580,Non-casualty (towaway),Non-casualty (towaway),2024,2024,May,Thursday,18:00 - 19:59,ANNANGROVE,RD,0,Right on the spot,NUMBER 340,HN,ROUSE HILL,7141.0,No,Not a school zone,2-way undivided,-33.67089,150.914118,The Hills,Sydney metro. area,Syd-Newc-Woll Gtr conurbation,Straight,,,,Unknown / not stated,Sealed,Dry,Overcast,Darkness,Nil,No traffic controls,70 km/h,Regional,30,Rear end,301,Same - Rear end,,Rear end,Car (sedan/hatch),4 wheel drive / SUV,2,0,0,0,0,5,May,Autumn,Thursday,18:00 - 19:59,PM peak / evening commute,True,False,False,False
1351581,Non-casualty (towaway),Non-casualty (towaway),2024,2024,May,Thursday,14:00 - 15:59,HUME,HWY,0,Right on the spot,EAST,ST,EAST ALBURY,2.0,No,Not a school zone,T-junction,-36.09086,146.923666,Albury,Country urban,Rest of NSW - Urban,Straight,,,,Unknown / not stated,Sealed,Dry,Fine,Daylight,On,Ped crossing,60 km/h,State,21,Right through,202,Opp - Right-thru,,Other angle,Car (sedan/hatch),Light truck utility(from 2018),2,0,0,0,0,5,May,Autumn,Thursday,14:00 - 15:59,Midday / afternoon,False,False,False,False
1351585,Non-casualty (towaway),Non-casualty (towaway),2024,2024,May,Monday,18:00 - 19:59,NEW ENGLAND,HWY,3000,North,SCONE,TN,SCONE,9.0,No,Not a school zone,2-way undivided,-31.99809,150.864109,Upper Hunter,Country non-urban,Rest of NSW - Rural,Straight,,,,Unknown / not stated,Sealed,Wet,Raining,Darkness,Nil,No traffic controls,100 km/h,State,40,U turn,207,Opp - U-turn,,Other angle,Light truck utility(from 2018),Semi-trailer,2,0,0,0,0,5,May,Autumn,Monday,18:00 - 19:59,PM peak / evening commute,True,False,False,False
1351588,Non-casualty (towaway),Non-casualty (towaway),2024,2024,May,Monday,08:00 - 09:59,SMITH,ST,70,South,RIDLEY,ST,CHARLESTOWN,,No,Not a school zone,2-way undivided,-32.963065,151.697286,Lake Macquarie,Newcastle met. area,Syd-Newc-Woll Gtr conurbation,Straight,Driveway/entrance,,,Unknown / not stated,Sealed,Wet,Raining,Daylight,Nil,No traffic controls,50 km/h,Local,47,Emerging from drive,406,Manov - Emerging from driveway,,Right angle,4 wheel drive / SUV,Car (sedan/hatch),2,0,0,0,0,5,May,Autumn,Monday,08:00 - 09:59,AM peak / school commute,True,False,False,False
1351589,Non-casualty (towaway),Non-casualty (towaway),2024,2024,May,Monday,12:00 - 13:59,SYD EINFELD,DR,0,Right on the spot,OLD SOUTH HEAD,RD,BONDI JUNCTION,172.0,No,Not a school zone,X-intersection,-33.891021,151.253378,Waverley,Sydney metro. area,Syd-Newc-Woll Gtr conurbation,Curved,,,,Unknown / not stated,Sealed,Dry,Fine,Daylight,On,No traffic controls,50 km/h,State,39,Other same direction,300,Same - other,,Other angle,Light truck,Car (sedan/hatch),2,0,0,0,0,5,May,Autumn,Monday,12:00 - 13:59,Midday / afternoon,False,False,False,False
1351593,Non-casualty (towaway),Non-casualty (towaway),2024,2024,May,Wednesday,06:00 - 07:59,NEW ENGLAND,HWY,0,Right on the spot,ALLANDALE,RD,ALLANDALE,9.0,No,Not a school zone,T-junction,-32.708671,151.426012,Maitland,Country non-urban,Rest of NSW - Rural,Curved,,,,Unknown / not stated,Sealed,Wet,Raining,Daylight,Nil,Stop sign,100 km/h,State,13,Right near,104,Adj - Right-thru from right,,Right angle,Car (sedan/hatch),Light truck utility(from 2018),2,0,0,0,0,5,May,Autumn,Wednesday,06:00 - 07:59,AM peak / school commute,True,False,False,False
1351595,Non-casualty (towaway),Non-casualty (towaway),2024,2024,May,Friday,06:00 - 07:59,KENDALL,AVE,0,Right on the spot,NUMBER 26,HN,CRESTWOOD,,No,Not a school zone,2-way undivided,-35.345361,149.208817,Queanbeyan-Palerang Regional,Country urban,Rest of NSW - Urban,Straight,Driveway/entrance,,,Unknown / not stated,Sealed,Dry,Overcast,Unknown,Nil,No traffic controls,50 km/h,Local,37,Left turn sideswipe,309,Same - Left turn side swipe,,Other angle,Light truck utility(from 2018),Car (sedan/hatch),2,0,0,0,0,5,May,Autumn,Friday,06:00 - 07:59,AM peak / school commute,True,False,False,False
1351596,Non-casualty (towaway),Non-casualty (towaway),2024,2024,May,Friday,22:00 - Midnight,SCENIC,HWY,50,East,FRANCIS,RD,TERRIGAL,,No,Not a school zone,2-way undivided,-33.449524,151.435901,Central Coast,Country urban,Syd-Newc-Woll Gtr conurbation,Curved,,,,Unknown / not stated,Sealed,Wet,Raining,Darkness,Nil,No traffic controls,50 km/h,Local,83,Off rt/rt bnd=>obj,803,Off right bend into obj,Right,Other angle,Light truck utility(from 2018),Car (sedan/hatch),2,0,0,0,0,5,May,Autumn,Friday,22:00 - Midnight,Evening / night,False,False,False,False
1351599,Non-casualty (towaway),Non-casualty (towaway),2024,2024,May,Thursday,08:00 - 09:59,WILLIAM,ST,150,South,MARCH,ST,ORANGE,,No,Not a school zone,2-way undivided,-33.281673,149.106211,Orange,Country urban,Rest of NSW - Urban,Straight,,,,Unknown / not stated,Sealed,Dry,Fine,Daylight,Nil,No traffic controls,50 km/h,Local,40,U turn,304,Same - U-turn,,Other angle,Light truck utility(from 2018),Car (sedan/hatch),2,0,0,0,0,5,May,Autumn,Thursday,08:00 - 09:59,AM peak / school commute,True,False,False,False
1351602,Non-casualty (towaway),Non-casualty (towaway),2024,2024,May,Saturday,08:00 - 09:59,PACIFIC,HWY,750,South,ST HELENA,TU,MCLEODS SHOOT,10.0,No,Not a school zone,Divided road,-28.66126,153.547704,Byron,Country non-urban,Rest of NSW - Rural,Straight,,,,Unknown / not stated,Sealed,Wet,Raining,Daylight,Nil,No traffic controls,110 km/h,State,72,Off road to right,702,Off carriageway to right,,Rollover,Car (sedan/hatch),,1,0,0,0,0,5,May,Autumn,Saturday,08:00 - 09:59,AM peak / school commute,True,False,False,False
1351605,Non-casualty (towaway),Non-casualty (towaway),2024,2024,April,Tuesday,10:00 - 11:59,NEWCASTLE,EXP,200,South,MORGANS ROAD,OP,MOUNT WHITE,6003.0,No,Not a school zone,Dual freeway,-33.466097,151.194608,Central Coast,Country non-urban,Syd-Newc-Woll Gtr conurbation,Curved,,,,Unknown / not stated,Sealed,Wet,Raining,Daylight,Nil,No traffic controls,110 km/h,State,85,Off rt/lft bnd=>obj,804,Off left bend into obj,Right,Vehicle - Object,Light truck,,1,0,0,0,0,4,April,Autumn,Tuesday,10:00 - 11:59,Midday / afternoon,False,False,False,False
1351606,Non-casualty (towaway),Non-casualty (towaway),2024,2024,May,Wednesday,18:00 - 19:59,RIVER,RD,0,Right on the spot,NUMBER 10,HN,WOLLSTONECRAFT,2070.0,No,Not a school zone,2-way undivided,-33.828619,151.197781,North Sydney,Sydney metro. area,Syd-Newc-Woll Gtr conurbation,Straight,,,,Unknown / not stated,Sealed,Dry,Fine,Darkness,Nil,No traffic controls,50 km/h,Regional,33,Lane sideswipe,305,Same - Lane side swipe,,Other angle,Car (sedan/hatch),Car (sedan/hatch),2,0,0,0,0,5,May,Autumn,Wednesday,18:00 - 19:59,PM peak / evening commute,True,False,False,False
1351609,Non-casualty (towaway),Non-casualty (towaway),2024,2024,May,Thursday,08:00 - 09:59,DINGLE,ST,0,Right on the spot,NUMBER 42,HN,RIVERSTONE,,No,Not a school zone,2-way undivided,-33.672373,150.868241,Blacktown,Sydney metro. area,Syd-Newc-Woll Gtr conurbation,Straight,Driveway/entrance,,,Unknown / not stated,Sealed,Dry,Fine,Daylight,Nil,No traffic controls,50 km/h,Local,46,Reversing into obj,405,Manov - Reverse into fixed obj,,Vehicle - Object,Car (sedan/hatch),,2,0,0,0,0,5,May,Autumn,Thursday,08:00 - 09:59,AM peak / school commute,True,False,False,False
1351611,Non-casualty (towaway),Non-casualty (towaway),2024,2024,May,Sunday,22:00 - Midnight,GREENWELL POINT,RD,20,East,GREENS,RD,GREENWELL POINT,,No,Not a school zone,2-way undivided,-34.907926,150.727547,Shoalhaven,Country urban,Rest of NSW - Urban,Straight,,,,Unknown / not stated,Sealed,Wet,Raining,Darkness,Nil,No traffic controls,50 km/h,Local,73,Off rd rght => obj,704,Right off cway into obj,,Vehicle - Object,Light truck utility(from 2018),,1,0,0,0,0,5,May,Autumn,Sunday,22:00 - Midnight,Evening / night,False,False,False,False
1351613,Non-casualty (towaway),Non-casualty (towaway),2024,2024,April,Saturday,18:00 - 19:59,WESTERN,EXP,2000,West,GREAT WESTERN HIGHWAY,TO,MERRYLANDS,6004.0,No,Not a school zone,Dual freeway,-33.819526,150.982586,Cumberland,Sydney metro. area,Syd-Newc-Woll Gtr conurbation,Straight,,,,Unknown / not stated,Sealed,Dry,Fine,Darkness,Nil,No traffic controls,90 km/h,State,35,Lane change left,307,Same - Lane change left,,Other angle,Car (sedan/hatch),4 wheel drive / SUV,2,0,0,0,0,4,April,Autumn,Saturday,18:00 - 19:59,PM peak / evening commute,True,False,False,False
1351615,Non-casualty (towaway),Non-casualty (towaway),2024,2024,May,Wednesday,00:01 - 01:59,ANZAC,PDE,100,North,FRANKLIN,ST,MALABAR,2074.0,No,Not a school zone,1-way street,-33.962613,151.246183,Randwick,Sydney metro. area,Syd-Newc-Woll Gtr conurbation,Curved,,,,Unknown / not stated,Sealed,Dry,Fine,Darkness,Nil,No traffic controls,60 km/h,Regional,20,Head on,201,Opp - Head on,,Head-on,Station wagon,Light truck utility(from 2018),2,0,0,0,0,5,May,Autumn,Wednesday,00:01 - 01:59,Late night / early morning,False,False,False,False
1351618,Non-casualty (towaway),Non-casualty (towaway),2024,2024,May,Sunday,02:00 - 03:59,SCOTTS,RD,0,Right on the spot,NUMBER 48,HN,BINJURA,,No,Not a school zone,2-way undivided,-36.188336,149.110606,Snowy Monaro Regional,Country non-urban,Rest of NSW - Rural,Straight,Foot/cycle path/nature strip,,,Unknown / not stated,Sealed,Wet,Fine,Darkness,Nil,No traffic controls,100 km/h,Local,79,Other straight,700,Other straight,,Unknown,Light truck utility(from 2018),,1,0,0,0,0,5,May,Autumn,Sunday,02:00 - 03:59,Late night / early morning,False,False,False,False
1351619,Non-casualty (towaway),Non-casualty (towaway),2024,2024,May,Saturday,22:00 - Midnight,BEN LOMOND,RD,0,Right on the spot,HANSENS,RD,MINTO HEIGHTS,,No,Not a school zone,T-junction,-34.043459,150.863555,Campbelltown,Sydney metro. area,Syd-Newc-Woll Gtr conurbation,Straight,,,,Unknown / not stated,Sealed,Wet,Raining,Darkness,Nil,Give way sign,70 km/h,Local,71,Off rd left => obj,703,Left off cway into object,,Vehicle - Object,Car (sedan/hatch),,1,0,0,0,0,5,May,Autumn,Saturday,22:00 - Midnight,Evening / night,False,False,False,False
1351620,Non-casualty (towaway),Non-casualty (towaway),2024,2024,May,Wednesday,04:00 - 05:59,BLAXLAND,RD,0,Right on the spot,EPPING,RD,EPPING,139.0,No,Not a school zone,X-intersection,-33.773866,151.083113,Parramatta,Sydney metro. area,Syd-Newc-Woll Gtr conurbation,Straight,,,,Unknown / not stated,Sealed,Dry,Fine,Darkness,On,No traffic controls,60 km/h,State,39,Other same direction,300,Same - other,,Other angle,Car (sedan/hatch),4 wheel drive / SUV,2,0,0,0,0,5,May,Autumn,Wednesday,04:00 - 05:59,Late night / early morning,False,False,False,False
1351623,Non-casualty (towaway),Non-casualty (towaway),2024,2024,May,Wednesday,04:00 - 05:59,WISEMANS FERRY,RD,1140,North,HALCROWS,RD,CATTAI,181.0,No,Not a school zone,2-way undivided,-33.54003,150.920358,The Hills,Sydney metro. area,Syd-Newc-Woll Gtr conurbation,Curved,,,,Unknown / not stated,Sealed,Wet,Fog or mist,Darkness,Nil,No traffic controls,80 km/h,State,81,Off left/rt bnd=>obj,803,Off right bend into obj,Left,Vehicle - Object,Large rigid,,1,0,0,0,0,5,May,Autumn,Wednesday,04:00 - 05:59,Late night / early morning,False,False,False,False
1351627,Non-casualty (towaway),Non-casualty (towaway),2024,2024,May,Friday,18:00 - 19:59,WESTERN,DSTR,200,East,DARLING DRIVE,OP,SYDNEY,165.0,No,Not a school zone,Dual freeway,-33.87363,151.200517,Sydney,Sydney metro. area,Syd-Newc-Woll Gtr conurbation,Straight,Other bridge,,,Unknown / not stated,Sealed,Wet,Fine,Darkness,Nil,No traffic controls,60 km/h,State,30,Rear end,301,Same - Rear end,,Rear end,4 wheel drive / SUV,4 wheel drive / SUV,2,0,0,0,0,5,May,Autumn,Friday,18:00 - 19:59,PM peak / evening commute,True,False,False,False
1351629,Non-casualty (towaway),Non-casualty (towaway),2024,2024,May,Tuesday,08:00 - 09:59,FEDERATION,WAY,1000,South,DAYSDALE,TN,DAYSDALE,131.0,No,Not a school zone,2-way undivided,-35.652491,146.314465,Federation,Country non-urban,Rest of NSW - Rural,Curved,,,,Unknown / not stated,Sealed,Dry,Fine,Daylight,Nil,No traffic controls,100 km/h,Regional,67,Struck animal,609,On path - Hit animal,,Vehicle - Animal,4 wheel drive / SUV,,1,0,0,0,0,5,May,Autumn,Tuesday,08:00 - 09:59,AM peak / school commute,True,False,False,False
1351630,Non-casualty (towaway),Non-casualty (towaway),2024,2024,May,Thursday,16:00 - 17:59,PRINCES,HWY,30,East,ATCHISON,ST,WOLLONGONG,1.0,No,Not a school zone,2-way undivided,-34.425335,150.89123,Wollongong,Wollongong met. area,Syd-Newc-Woll Gtr conurbation,Straight,,,,Unknown / not stated,Sealed,Wet,Raining,Darkness,Nil,No traffic controls,50 km/h,State,45,Reversing,404,Manov - Reverse in traffic,,Other angle,Light truck utility(from 2018),Car (sedan/hatch),2,0,0,0,0,5,May,Autumn,Thursday,16:00 - 17:59,PM peak / evening commute,True,False,False,False
1351631,Non-casualty (towaway),Non-casualty (towaway),2024,2024,May,Sunday,12:00 - 13:59,TERRANORA,TCE,0,Right on the spot,BAKED AT ANCORA,ENT,TWEED HEADS,,No,Not a school zone,2-way undivided,-28.180351,153.540905,Tweed,Country urban,Rest of NSW - Urban,Straight,Driveway/entrance,,,Unknown / not stated,Sealed,Dry,Fine,Daylight,Nil,No traffic controls,50 km/h,Local,47,Emerging from drive,406,Manov - Emerging from driveway,,Right angle,4 wheel drive / SUV,4 wheel drive / SUV,2,0,0,0,0,5,May,Autumn,Sunday,12:00 - 13:59,Midday / afternoon,False,False,False,False
1351632,Non-casualty (towaway),Non-casualty (towaway),2024,2024,May,Wednesday,06:00 - 07:59,SECOND,AVE,0,Right on the spot,NUMBER 3-9,HN,CAMPSIE,,Yes,No,2-way undivided,-33.908852,151.096464,Canterbury-Bankstown,Sydney metro. area,Syd-Newc-Woll Gtr conurbation,Straight,,,,Unknown / not stated,Sealed,Dry,Fine,Daylight,Nil,No traffic controls,50 km/h,Local,71,Off rd left => obj,703,Left off cway into object,,Other angle,Car (sedan/hatch),Car (sedan/hatch),2,0,0,0,0,5,May,Autumn,Wednesday,06:00 - 07:59,AM peak / school commute,True,False,False,False
1351634,Non-casualty (towaway),Non-casualty (towaway),2024,2024,April,Tuesday,14:00 - 15:59,VICTORIA,RD,11,East,BRODIE,ST,RYDALMERE,,No,Not a school zone,2-way undivided,-33.809752,151.029942,Parramatta,Sydney metro. area,Syd-Newc-Woll Gtr conurbation,Straight,,,,Unknown / not stated,Sealed,Dry,Fine,Daylight,Nil,No traffic controls,50 km/h,Local,30,Rear end,301,Same - Rear end,,Rear end,Light truck utility(from 2018),Car (sedan/hatch),5,0,0,0,0,4,April,Autumn,Tuesday,14:00 - 15:59,Midday / afternoon,False,False,False,False
1351635,Non-casualty (towaway),Non-casualty (towaway),2024,2024,April,Monday,10:00 - 11:59,LITTLE,ST,0,Right on the spot,NUMBER 95,HN,FORSTER,,No,Not a school zone,2-way undivided,-32.190459,152.511893,Mid-Coast,Country urban,Rest of NSW - Urban,Straight,,,,Unknown / not stated,Sealed,Dry,Fine,Daylight,Nil,No traffic controls,50 km/h,Local,71,Off rd left => obj,703,Left off cway into object,,Vehicle - Object,Light truck,,1,0,0,0,0,4,April,Autumn,Monday,10:00 - 11:59,Midday / afternoon,False,False,False,False
1351637,Non-casualty (towaway),Non-casualty (towaway),2024,2024,May,Tuesday,16:00 - 17:59,GREAT WESTERN,HWY,0,Right on the spot,WALLGROVE,RD,EASTERN CREEK,5.0,No,Not a school zone,X-intersection,-33.788773,150.854467,Blacktown,Sydney metro. area,Syd-Newc-Woll Gtr conurbation,Curved,,,,Unknown / not stated,Sealed,Dry,Fine,Dusk,Unknown / not stated,No traffic controls,80 km/h,State,37,Left turn sideswipe,309,Same - Left turn side swipe,,Other angle,Car (sedan/hatch),Car (sedan/hatch),2,0,0,0,0,5,May,Autumn,Tuesday,16:00 - 17:59,PM peak / evening commute,True,False,False,False
1351639,Non-casualty (towaway),Non-casualty (towaway),2024,2024,May,Wednesday,08:00 - 09:59,WARRINGAH,RD,0,Right on the spot,NUMBER 209,HN,BEACON HILL,328.0,No,Not a school zone,Divided road,-33.753554,151.259077,Northern Beaches,Sydney metro. area,Syd-Newc-Woll Gtr conurbation,Curved,,,,Unknown / not stated,Sealed,Dry,Fine,Daylight,Nil,No traffic controls,70 km/h,State,30,Rear end,301,Same - Rear end,,Rear end,Car (sedan/hatch),Light truck,2,0,0,0,0,5,May,Autumn,Wednesday,08:00 - 09:59,AM peak / school commute,True,False,False,False
1351643,Non-casualty (towaway),Non-casualty (towaway),2024,2024,May,Saturday,14:00 - 15:59,PALMER,ST,0,Right on the spot,CATHEDRAL,ST,WOOLLOOMOOLOO,682.0,No,Not a school zone,X-intersection,-33.87252,151.217605,Sydney,Sydney metro. area,Syd-Newc-Woll Gtr conurbation,Straight,,,,Unknown / not stated,Sealed,Wet,Overcast,Daylight,On,No traffic controls,50 km/h,State,34,Lane change right,306,Same - Lane change right,,Other angle,Car (sedan/hatch),Car (sedan/hatch),2,0,0,0,0,5,May,Autumn,Saturday,14:00 - 15:59,Midday / afternoon,False,False,False,False
1351646,Non-casualty (towaway),Non-casualty (towaway),2024,2024,May,Friday,14:00 - 15:59,BOUNDARY,RD,0,Right on the spot,VICTORIA,RD,PENNANT HILLS,656.0,Yes,No,T-junction,-33.737392,151.063204,Hornsby,Sydney metro. area,Syd-Newc-Woll Gtr conurbation,Straight,Steep grade,,,Unknown / not stated,Sealed,Wet,Overcast,Daylight,Nil,No traffic controls,60 km/h,State,16,Left near,107,Adj - Left-thru from right,,Right angle,Station wagon,4 wheel drive / SUV,2,0,0,0,0,5,May,Autumn,Friday,14:00 - 15:59,Midday / afternoon,False,False,False,False
1351647,Non-casualty (towaway),Non-casualty (towaway),2024,2024,May,Friday,20:00 - 21:59,CENTRE,AVE,0,Right on the spot,ROSELAND,AVE,ROSELANDS,,No,Not a school zone,T-junction,-33.935118,151.070859,Canterbury-Bankstown,Sydney metro. area,Syd-Newc-Woll Gtr conurbation,Curved,,,,Unknown / not stated,Sealed,Wet,Raining,Darkness,Nil,No traffic controls,50 km/h,Local,88,Out of cont on bend,805,Out of control on bend,,Rollover,Car (sedan/hatch),,1,0,0,0,0,5,May,Autumn,Friday,20:00 - 21:59,Evening / night,False,False,False,False
1351650,Non-casualty (towaway),Non-casualty (towaway),2024,2024,May,Sunday,06:00 - 07:59,VICTORIA,RD,0,Right on the spot,PITTWATER,RD,GLADESVILLE,165.0,No,Not a school zone,X-intersection,-33.830181,151.126663,Ryde,Sydney metro. area,Syd-Newc-Woll Gtr conurbation,Straight,,,,Unknown / not stated,Sealed,Wet,Overcast,Daylight,On,No traffic controls,60 km/h,State,10,Cross traffic,101,Adj - Cross traffic,,Right angle,Car (sedan/hatch),Utility,2,0,0,0,0,5,May,Autumn,Sunday,06:00 - 07:59,AM peak / school commute,True,False,False,False
1351651,Non-casualty (towaway),Non-casualty (towaway),2024,2024,May,Sunday,12:00 - 13:59,BOTANY,RD,0,Right on the spot,HAYES,RD,ALEXANDRIA,170.0,No,Not a school zone,T-junction,-33.917207,151.19994,Sydney,Sydney metro. area,Syd-Newc-Woll Gtr conurbation,Straight,,,,Unknown / not stated,Sealed,Dry,Fine,Daylight,Nil,Give way sign,50 km/h,State,13,Right near,104,Adj - Right-thru from right,,Right angle,Car (sedan/hatch),Car (sedan/hatch),2,0,0,0,0,5,May,Autumn,Sunday,12:00 - 13:59,Midday / afternoon,False,False,False,False
1351653,Non-casualty (towaway),Non-casualty (towaway),2024,2024,May,Thursday,02:00 - 03:59,MARKET,ST,0,Right on the spot,NUMBER 36,HN,WOLLONGONG,,No,Not a school zone,2-way undivided,-34.424123,150.898524,Wollongong,Wollongong met. area,Syd-Newc-Woll Gtr conurbation,Straight,,,,Unknown / not stated,Sealed,Dry,Fine,Darkness,Nil,No traffic controls,50 km/h,Local,40,U turn,304,Same - U-turn,,Other angle,Car (sedan/hatch),Light truck utility(from 2018),2,0,0,0,0,5,May,Autumn,Thursday,02:00 - 03:59,Late night / early morning,False,False,False,False
1351654,Non-casualty (towaway),Non-casualty (towaway),2024,2024,May,Tuesday,06:00 - 07:59,GOLDEN,HWY,520,North,DALSWINTON,RD,DENMAN,27.0,No,Not a school zone,2-way undivided,-32.399147,150.72049,Muswellbrook,Country non-urban,Rest of NSW - Rural,Straight,Steep grade,,,Unknown / not stated,Sealed,Dry,Fog or mist,Daylight,Nil,No traffic controls,100 km/h,State,73,Off rd rght => obj,704,Right off cway into obj,,Vehicle - Object,Semi-trailer,,1,0,0,0,0,5,May,Autumn,Tuesday,06:00 - 07:59,AM peak / school commute,True,False,False,False
1351656,Non-casualty (towaway),Non-casualty (towaway),2024,2024,May,Tuesday,06:00 - 07:59,BRONTE,RD,0,Right on the spot,NUMBER 255,HN,WAVERLEY,340.0,No,Not a school zone,2-way undivided,-33.901853,151.254453,Waverley,Sydney metro. area,Syd-Newc-Woll Gtr conurbation,Straight,,,,Unknown / not stated,Sealed,Dry,Fine,Daylight,Nil,No traffic controls,50 km/h,Regional,42,Leaving parking,401,Manov - Leaving parking,,Other angle,Car (sedan/hatch),Car (sedan/hatch),2,0,0,0,0,5,May,Autumn,Tuesday,06:00 - 07:59,AM peak / school commute,True,False,False,False
1351661,Non-casualty (towaway),Non-casualty (towaway),2024,2024,May,Saturday,14:00 - 15:59,BOUNDARY,RD,0,Right on the spot,PALMER,ST,DUBBO,,No,Not a school zone,X-intersection,-32.268718,148.614857,Dubbo Regional,Country urban,Rest of NSW - Urban,Straight,,,,Unknown / not stated,Sealed,Wet,Overcast,Daylight,Nil,Stop sign,50 km/h,Local,13,Right near,104,Adj - Right-thru from right,,Right angle,Car (sedan/hatch),4 wheel drive / SUV,2,0,0,0,0,5,May,Autumn,Saturday,14:00 - 15:59,Midday / afternoon,False,False,False,False
1351665,Non-casualty (towaway),Non-casualty (towaway),2024,2024,May,Friday,14:00 - 15:59,HUME,HWY,0,Right on the spot,NUMBER 610,HN,STRATHFIELD SOUTH,2.0,No,Not a school zone,Divided road,-33.887315,151.073176,Strathfield,Sydney metro. area,Syd-Newc-Woll Gtr conurbation,Straight,Steep grade,,,Unknown / not stated,Sealed,Dry,Fine,Daylight,Nil,No traffic controls,60 km/h,State,39,Other same direction,300,Same - other,,Other angle,Semi-trailer,Station wagon,2,0,0,0,0,5,May,Autumn,Friday,14:00 - 15:59,Midday / afternoon,False,False,False,False
1351666,Non-casualty (towaway),Non-casualty (towaway),2024,2024,May,Monday,08:00 - 09:59,HUME,HWY,0,Right on the spot,HOXTON PARK,RD,LIVERPOOL,2.0,No,Not a school zone,X-intersection,-33.928701,150.917871,Liverpool,Sydney metro. area,Syd-Newc-Woll Gtr conurbation,Straight,,,,Unknown / not stated,Sealed,Dry,Fine,Daylight,On,No traffic controls,60 km/h,State,39,Other same direction,300,Same - other,,Other angle,4 wheel drive / SUV,4 wheel drive / SUV,2,0,0,0,0,5,May,Autumn,Monday,08:00 - 09:59,AM peak / school commute,True,False,False,False
1351668,Non-casualty (towaway),Non-casualty (towaway),2024,2024,May,Monday,16:00 - 17:59,POWER,ST,0,Right on the spot,M7 WESTLINK,EXP,PLUMPTON,653.0,No,Not a school zone,T-junction,-33.752081,150.845678,Blacktown,Sydney metro. area,Syd-Newc-Woll Gtr conurbation,Straight,,,,Unknown / not stated,Sealed,Dry,Fine,Daylight,On,No traffic controls,60 km/h,State,21,Right through,202,Opp - Right-thru,,Other angle,Car (sedan/hatch),4 wheel drive / SUV,2,0,0,0,0,5,May,Autumn,Monday,16:00 - 17:59,PM peak / evening commute,True,False,False,False
1351669,Non-casualty (towaway),Non-casualty (towaway),2024,2024,May,Friday,18:00 - 19:59,PACIFIC,HWY,0,Right on the spot,DODDS,RD,CHINDERAH,10.0,No,Not a school zone,T-junction,-28.247652,153.534734,Tweed,Country non-urban,Rest of NSW - Rural,Curved,,,,Unknown / not stated,Sealed,Dry,Fine,Dusk,Nil,Give way sign,110 km/h,State,30,Rear end,301,Same - Rear end,,Rear end,Car (sedan/hatch),Light truck utility(from 2018),2,0,0,0,0,5,May,Autumn,Friday,18:00 - 19:59,PM peak / evening commute,True,False,False,False