crash_id,degree_of_crash,degree_of_crash_-_detailed,reporting_year,year_of_crash,month_of_crash,day_of_week_of_crash,two-hour_intervals,street_of_crash,street_type,distance,direction,identifying_feature,identifying_feature_type,town,route_no.,school_zone_location,school_zone_active,type_of_location,latitude,longitude,lga,urbanisation,conurbation_1,alignment,primary_permanent_feature,primary_temporary_feature,primary_hazardous_feature,street_lighting,road_surface,surface_condition,weather,natural_lighting,signals_operation,other_traffic_control,speed_limit,road_classification_(admin),rum_-_code,rum_-_description,dca_-_code,dca_-_description,dca_supplement,first_impact_type,key_tu_type,other_tu_type,no._of_traffic_units_involved,no._killed,no._seriously_injured,no._moderately_injured,no._minor-other_injured,month_num,month_label,season,day_label,time_label,time_band,is_peak_commute,is_fatal,is_injury,is_casualty
1351701,Non-casualty (towaway),Non-casualty (towaway),2024,2024,February,Friday,16:00 - 17:59,KING GEORGES,RD,0,Right on the spot,WESTERN,EXP,BEVERLY HILLS,200.0,No,Not a school zone,T-junction,-33.943079,151.077092,Canterbury-Bankstown,Sydney metro. area,Syd-Newc-Woll Gtr conurbation,Straight,Other bridge,,,Off,Sealed,Dry,Fine,Daylight,On,No traffic controls,60 km/h,State,30,Rear end,301,Same - Rear end,,Rear end,Car (sedan/hatch),4 wheel drive / SUV,2,0,0,0,0,2,February,Summer,Friday,16:00 - 17:59,PM peak / evening commute,True,False,False,False
1351711,Non-casualty (towaway),Non-casualty (towaway),2024,2024,February,Sunday,20:00 - 21:59,NATTAI,ST,10,West,BYRON,RD,TAHMOOR,,No,Not a school zone,T-junction,-34.228799,150.576709,Wollondilly,Country urban,Syd-Newc-Woll Gtr conurbation,Straight,,,,Off,Sealed,Dry,Fine,Darkness,Nil,No traffic controls,80 km/h,Local,30,Rear end,301,Same - Rear end,,Rear end,Light truck utility(from 2018),Station wagon,3,0,0,0,0,2,February,Summer,Sunday,20:00 - 21:59,Evening / night,False,False,False,False
1351726,Non-casualty (towaway),Non-casualty (towaway),2024,2024,February,Thursday,20:00 - 21:59,FREDERICK,ST,0,Right on the spot,MOORE,ST,CAMPSIE,,No,Not a school zone,X-intersection,-33.908019,151.109511,Canterbury-Bankstown,Sydney metro. area,Syd-Newc-Woll Gtr conurbation,Straight,,,,On,Sealed,Dry,Fine,Darkness,Nil,No traffic controls,50 km/h,Local,71,Off rd left => obj,703,Left off cway into object,,Other angle,Car (sedan/hatch),4 wheel drive / SUV,3,0,0,0,0,2,February,Summer,Thursday,20:00 - 21:59,Evening / night,False,False,False,False
1351732,Non-casualty (towaway),Non-casualty (towaway),2024,2024,March,Tuesday,14:00 - 15:59,CUMBERLAND,HWY,0,Right on the spot,MOSELEY,ST,CARLINGFORD,13.0,No,Not a school zone,T-junction,-33.776004,151.051325,Parramatta,Sydney metro. area,Syd-Newc-Woll Gtr conurbation,Straight,,,,Off,Sealed,Dry,Fine,Daylight,Nil,Give way sign,60 km/h,State,13,Right near,104,Adj - Right-thru from right,,Right angle,Car (sedan/hatch),Light truck utility(from 2018),2,0,0,0,0,3,March,Autumn,Tuesday,14:00 - 15:59,Midday / afternoon,False,False,False,False
1351760,Non-casualty (towaway),Non-casualty (towaway),2024,2024,March,Sunday,20:00 - 21:59,GREAT WESTERN,HWY,0,Right on the spot,SYDNEY,ST,ST MARYS,5.0,No,Not a school zone,X-intersection,-33.773136,150.786628,Penrith,Sydney metro. area,Syd-Newc-Woll Gtr conurbation,Straight,Steep grade,,,On,Sealed,Dry,Fine,Darkness,On,No traffic controls,60 km/h,State,71,Off rd left => obj,703,Left off cway into object,,Vehicle - Object,Car (sedan/hatch),,1,0,0,0,0,3,March,Autumn,Sunday,20:00 - 21:59,Evening / night,False,False,False,False
1351773,Non-casualty (towaway),Non-casualty (towaway),2024,2024,April,Sunday,00:01 - 01:59,LYONS,RD,200,East,GIPPS,ST,DRUMMOYNE,395.0,No,Not a school zone,2-way undivided,-33.854618,151.149125,Canada Bay,Sydney metro. area,Syd-Newc-Woll Gtr conurbation,Straight,,,,On,Sealed,Dry,Fine,Darkness,Nil,No traffic controls,50 km/h,State,71,Off rd left => obj,703,Left off cway into object,,Other angle,4 wheel drive / SUV,4 wheel drive / SUV,4,0,0,0,0,4,April,Autumn,Sunday,00:01 - 01:59,Late night / early morning,False,False,False,False
1351777,Non-casualty (towaway),Non-casualty (towaway),2024,2024,March,Saturday,16:00 - 17:59,CLIFF,ST,0,Right on the spot,SHORT,ST,WATSONS BAY,,No,Not a school zone,Roundabout,-33.841201,151.281334,Woollahra,Sydney metro. area,Syd-Newc-Woll Gtr conurbation,Curved,,,,Nil,Sealed,Dry,Fine,Daylight,Nil,Give way sign,40 km/h,Local,81,Off left/rt bnd=>obj,803,Off right bend into obj,Left,Vehicle - Object,Light truck utility(from 2018),,1,0,0,0,0,3,March,Autumn,Saturday,16:00 - 17:59,PM peak / evening commute,True,False,False,False
1351789,Non-casualty (towaway),Non-casualty (towaway),2024,2024,April,Wednesday,02:00 - 03:59,BALMAIN,RD,10,South,MAY,ST,LILYFIELD,652.0,No,Not a school zone,T-junction,-33.870811,151.161269,Inner West,Sydney metro. area,Syd-Newc-Woll Gtr conurbation,Straight,,,,On,Sealed,Dry,Fine,Darkness,Nil,No traffic controls,50 km/h,State,71,Off rd left => obj,703,Left off cway into object,,Other angle,Station wagon,4 wheel drive / SUV,2,0,0,0,0,4,April,Autumn,Wednesday,02:00 - 03:59,Late night / early morning,False,False,False,False
1351838,Non-casualty (towaway),Non-casualty (towaway),2024,2024,April,Tuesday,20:00 - 21:59,MT SUGARLOAF,RD,200,West,GEORGE BOOTH,DR,WEST WALLSEND,,No,Not a school zone,2-way undivided,-32.890175,151.570367,Lake Macquarie,Newcastle met. area,Syd-Newc-Woll Gtr conurbation,Curved,Steep grade,,,Off,Sealed,Wet,Overcast,Darkness,Nil,No traffic controls,30 km/h,Local,81,Off left/rt bnd=>obj,803,Off right bend into obj,Left,Vehicle - Object,Car (sedan/hatch),,1,0,0,0,0,4,April,Autumn,Tuesday,20:00 - 21:59,Evening / night,False,False,False,False
1351855,Non-casualty (towaway),Non-casualty (towaway),2024,2024,May,Friday,14:00 - 15:59,LOVEDALE,RD,500,South,WILDERNESS,RD,LOVEDALE,4057.0,No,Not a school zone,2-way undivided,-32.740728,151.389102,Cessnock,Country urban,Rest of NSW - Urban,Straight,,,,Nil,Sealed,Dry,Fine,Daylight,Nil,No traffic controls,80 km/h,Regional,40,U turn,304,Same - U-turn,,Other angle,Station wagon,Other bus,2,0,0,0,0,5,May,Autumn,Friday,14:00 - 15:59,Midday / afternoon,False,False,False,False
1351860,Non-casualty (towaway),Non-casualty (towaway),2024,2024,May,Wednesday,04:00 - 05:59,MITCHELL,HWY,0,Right on the spot,NUMBER 3342,HN,GUYONG,7.0,No,Not a school zone,2-way undivided,-33.416953,149.261141,Cabonne,Country non-urban,Rest of NSW - Rural,Curved,Driveway/entrance,,,Nil,Sealed,Dry,Fine,Darkness,Nil,No traffic controls,100 km/h,State,83,Off rt/rt bnd=>obj,803,Off right bend into obj,Right,Vehicle - Object,Car (sedan/hatch),,1,0,0,0,0,5,May,Autumn,Wednesday,04:00 - 05:59,Late night / early morning,False,False,False,False
1351861,Non-casualty (towaway),Non-casualty (towaway),2024,2024,March,Wednesday,06:00 - 07:59,HUME,HWY,10000,South,PICTON ROAD,OP,BARGO,2.0,No,Not a school zone,Dual freeway,-34.301878,150.608895,Wollondilly,Country non-urban,Syd-Newc-Woll Gtr conurbation,Curved,B'down lane/road shldr,,,Nil,Sealed,Dry,Fine,Dawn,Nil,No traffic controls,110 km/h,State,33,Lane sideswipe,305,Same - Lane side swipe,,Other angle,Car (sedan/hatch),Light truck utility(from 2018),2,0,0,0,0,3,March,Autumn,Wednesday,06:00 - 07:59,AM peak / school commute,True,False,False,False
1351887,Non-casualty (towaway),Non-casualty (towaway),2024,2024,May,Thursday,18:00 - 19:59,DOBIE,ST,0,Right on the spot,PRINCE,ST,GRAFTON,83.0,No,Not a school zone,Roundabout,-29.683126,152.939984,Clarence Valley,Country urban,Rest of NSW - Urban,Straight,,,,On,Sealed,Dry,Fine,Darkness,Nil,Give way sign,50 km/h,State,10,Cross traffic,101,Adj - Cross traffic,,Right angle,Car (sedan/hatch),Car (sedan/hatch),2,0,0,0,0,5,May,Autumn,Thursday,18:00 - 19:59,PM peak / evening commute,True,False,False,False
1351890,Non-casualty (towaway),Non-casualty (towaway),2024,2024,May,Saturday,02:00 - 03:59,DARCY,RD,0,Right on the spot,NUMBER 48,HN,WENTWORTHVILLE,7481.0,No,Not a school zone,2-way undivided,-33.803342,150.973385,Parramatta,Sydney metro. area,Syd-Newc-Woll Gtr conurbation,Straight,,,,On,Sealed,Wet,Fine,Darkness,Nil,No traffic controls,50 km/h,Regional,71,Off rd left => obj,703,Left off cway into object,,Other angle,Car (sedan/hatch),Car (sedan/hatch),2,0,0,0,0,5,May,Autumn,Saturday,02:00 - 03:59,Late night / early morning,False,False,False,False
1351899,Non-casualty (towaway),Non-casualty (towaway),2024,2024,April,Saturday,12:00 - 13:59,WARRANGARREE,DR,0,Right on the spot,NUMBER 154,HN,WORONORA HEIGHTS,,No,Not a school zone,2-way undivided,-34.033131,151.026552,Sutherland,Sydney metro. area,Syd-Newc-Woll Gtr conurbation,Curved,Steep grade,,,Nil,Sealed,Dry,Fine,Daylight,Nil,No traffic controls,50 km/h,Local,87,Off lft/lft bnd=>obj,804,Off left bend into obj,Left,Other angle,Other bus,Car (sedan/hatch),2,0,0,0,0,4,April,Autumn,Saturday,12:00 - 13:59,Midday / afternoon,False,False,False,False
1351908,Non-casualty (towaway),Non-casualty (towaway),2024,2024,May,Friday,14:00 - 15:59,RICHARDSON,RD,75,West,MEDOWIE,RD,CAMPVALE,104.0,No,Not a school zone,Divided road,-32.772205,151.858973,Port Stephens,Country urban,Rest of NSW - Urban,Straight,,,,Off,Sealed,Dry,Overcast,Daylight,Nil,No traffic controls,80 km/h,State,71,Off rd left => obj,703,Left off cway into object,,Vehicle - Object,Car (sedan/hatch),,1,0,0,0,0,5,May,Autumn,Friday,14:00 - 15:59,Midday / afternoon,False,False,False,False
1351917,Non-casualty (towaway),Non-casualty (towaway),2024,2024,May,Friday,20:00 - 21:59,PITTWATER,RD,0,Right on the spot,HARVARD,ST,GLADESVILLE,2052.0,No,Not a school zone,T-junction,-33.828835,151.128896,Hunters Hill,Sydney metro. area,Syd-Newc-Woll Gtr conurbation,Straight,Steep grade,,,On,Sealed,Wet,Raining,Darkness,Nil,Give way sign,60 km/h,Regional,71,Off rd left => obj,703,Left off cway into object,,Other angle,4 wheel drive / SUV,Light truck utility(from 2018),2,0,0,0,0,5,May,Autumn,Friday,20:00 - 21:59,Evening / night,False,False,False,False
1351918,Non-casualty (towaway),Non-casualty (towaway),2024,2024,April,Saturday,12:00 - 13:59,OLD WINDSOR,RD,0,Right on the spot,POWERS,RD,SEVEN HILLS,635.0,No,Not a school zone,X-intersection,-33.774157,150.961216,Blacktown,Sydney metro. area,Syd-Newc-Woll Gtr conurbation,Straight,,,,Off,Sealed,Dry,Fine,Daylight,On,No traffic controls,80 km/h,State,33,Lane sideswipe,305,Same - Lane side swipe,,Other angle,Light truck,Light truck utility(from 2018),2,0,0,0,0,4,April,Autumn,Saturday,12:00 - 13:59,Midday / afternoon,False,False,False,False
1351920,Non-casualty (towaway),Non-casualty (towaway),2024,2024,March,Saturday,20:00 - 21:59,CANOLA,WAY,20,East,FOXS,LANE,OLD JUNEE,243.0,No,Not a school zone,2-way undivided,-34.8309,147.419334,Junee,Country non-urban,Rest of NSW - Rural,Curved,Ditch/drain/culvert,,,Nil,Sealed,Dry,Fine,Darkness,Nil,Rail X stop sign,100 km/h,Regional,80,Off left/right bend,801,Off cway right bend,Left,Rollover,B-double (road train prior 98),,1,0,0,0,0,3,March,Autumn,Saturday,20:00 - 21:59,Evening / night,False,False,False,False
1351921,Non-casualty (towaway),Non-casualty (towaway),2024,2024,May,Tuesday,12:00 - 13:59,MATE,ST,0,Right on the spot,NUMBER 1012,HN,NORTH ALBURY,688.0,No,Not a school zone,Divided road,-36.057251,146.932721,Albury,Country urban,Rest of NSW - Urban,Straight,Driveway/entrance,,,Off,Sealed,Dry,Fine,Daylight,Nil,No traffic controls,60 km/h,Regional,49,Other manoeuvring,400,Manov - other,,Other angle,4 wheel drive / SUV,,1,0,0,0,0,5,May,Autumn,Tuesday,12:00 - 13:59,Midday / afternoon,False,False,False,False
1351926,Non-casualty (towaway),Non-casualty (towaway),2024,2024,February,Sunday,10:00 - 11:59,MITCHELL,ST,30,South,OAKLEY,RD,NORTH BONDI,,Yes,No,2-way undivided,-33.884961,151.276086,Waverley,Sydney metro. area,Syd-Newc-Woll Gtr conurbation,Straight,,,,Off,Sealed,Dry,Fine,Daylight,Nil,No traffic controls,50 km/h,Local,71,Off rd left => obj,703,Left off cway into object,,Other angle,4 wheel drive / SUV,4 wheel drive / SUV,2,0,0,0,0,2,February,Summer,Sunday,10:00 - 11:59,Midday / afternoon,False,False,False,False
1351938,Non-casualty (towaway),Non-casualty (towaway),2024,2024,May,Saturday,16:00 - 17:59,BARRENJOEY,RD,1000,South,OLD BARRENJOEY,RD,BILGOLA BEACH,164.0,No,Not a school zone,2-way undivided,-33.646178,151.324484,Northern Beaches,Sydney metro. area,Syd-Newc-Woll Gtr conurbation,Curved,Embankment/cutting,,,Nil,Sealed,Wet,Raining,Daylight,Nil,No traffic controls,60 km/h,State,81,Off left/rt bnd=>obj,803,Off right bend into obj,Left,Vehicle - Object,Car (sedan/hatch),,1,0,0,0,0,5,May,Autumn,Saturday,16:00 - 17:59,PM peak / evening commute,True,False,False,False
1351965,Non-casualty (towaway),Non-casualty (towaway),2024,2024,May,Wednesday,20:00 - 21:59,NEWELL,HWY,2000,South,GURLEY SETTLERS,RD,GURLEY,17.0,No,Not a school zone,2-way undivided,-29.683774,149.804292,Moree Plains,Country non-urban,Rest of NSW - Rural,Curved,Other bridge,,,Nil,Sealed,Dry,Fine,Darkness,Nil,No traffic controls,110 km/h,State,85,Off rt/lft bnd=>obj,804,Off left bend into obj,Right,Vehicle - Object,4 wheel drive / SUV,,1,0,0,0,0,5,May,Autumn,Wednesday,20:00 - 21:59,Evening / night,False,False,False,False
1351973,Non-casualty (towaway),Non-casualty (towaway),2024,2024,May,Sunday,14:00 - 15:59,SHERWOOD CREEK,RD,1100,West,DUFFUS,RD,UPPER CORINDI,,No,Not a school zone,2-way undivided,-30.041739,153.10884,Coffs Harbour,Country urban,Rest of NSW - Urban,Curved,Narrow roadway,,,Off,Unsealed,Wet,Fine,Daylight,Nil,No traffic controls,40 km/h,Local,81,Off left/rt bnd=>obj,803,Off right bend into obj,Left,Vehicle - Object,Light truck utility(from 2018),,1,0,0,0,0,5,May,Autumn,Sunday,14:00 - 15:59,Midday / afternoon,False,False,False,False
1351982,Non-casualty (towaway),Non-casualty (towaway),2024,2024,April,Friday,14:00 - 15:59,PRINCES,HWY,50,South,MOUNT KEIRA,RD,WEST WOLLONGONG,1.0,Yes,No,Divided road,-34.426017,150.870819,Wollongong,Wollongong met. area,Syd-Newc-Woll Gtr conurbation,Straight,Steep grade,,,Off,Sealed,Dry,Fine,Daylight,Nil,No traffic controls,60 km/h,State,30,Rear end,301,Same - Rear end,,Rear end,4 wheel drive / SUV,Car (sedan/hatch),2,0,0,0,0,4,April,Autumn,Friday,14:00 - 15:59,Midday / afternoon,False,False,False,False
1351995,Non-casualty (towaway),Non-casualty (towaway),2024,2024,May,Friday,08:00 - 09:59,BONAR,ST,35,West,MONK,AVE,ARNCLIFFE,,No,Not a school zone,2-way undivided,-33.93141,151.147507,Bayside,Sydney metro. area,Syd-Newc-Woll Gtr conurbation,Straight,,,,Off,Sealed,Dry,Overcast,Daylight,Nil,No traffic controls,50 km/h,Local,99,Unknown,907,Vehicle movements unknown,,Unknown,Unknown motor vehicle,Car (sedan/hatch),2,0,0,0,0,5,May,Autumn,Friday,08:00 - 09:59,AM peak / school commute,True,False,False,False
1352006,Non-casualty (towaway),Non-casualty (towaway),2024,2024,May,Thursday,04:00 - 05:59,M2 HILLS,EXP,500,West,LANE COVE,RD,MACQUARIE PARK,6002.0,No,Not a school zone,Dual freeway,-33.778085,151.128384,Ryde,Sydney metro. area,Syd-Newc-Woll Gtr conurbation,Straight,,,,Nil,Sealed,Wet,Overcast,Darkness,Nil,No traffic controls,100 km/h,State,71,Off rd left => obj,703,Left off cway into object,,Vehicle - Object,Light truck,,1,0,0,0,0,5,May,Autumn,Thursday,04:00 - 05:59,Late night / early morning,False,False,False,False
1352011,Non-casualty (towaway),Non-casualty (towaway),2024,2024,May,Tuesday,18:00 - 19:59,THE BOGAN,WAY,250,North,MIDDLE TRUNDLE,RD,TRUNDLE,350.0,No,Not a school zone,2-way undivided,-32.956423,147.726374,Parkes,Country non-urban,Rest of NSW - Rural,Straight,Embankment/cutting,,,Nil,Sealed,Dry,Fine,Darkness,Nil,No traffic controls,100 km/h,Regional,70,Off road to left,701,Off carriageway to left,,Rollover,Light truck utility(from 2018),,1,0,0,0,0,5,May,Autumn,Tuesday,18:00 - 19:59,PM peak / evening commute,True,False,False,False
1352037,Non-casualty (towaway),Non-casualty (towaway),2024,2024,April,Sunday,12:00 - 13:59,CENTRAL COAST,HWY,0,Right on the spot,HENRY PARRY,DR,EAST GOSFORD,30.0,Yes,No,T-junction,-33.436988,151.351102,Central Coast,Country urban,Syd-Newc-Woll Gtr conurbation,Straight,,,,Off,Sealed,Wet,Raining,Daylight,On,No traffic controls,60 km/h,State,33,Lane sideswipe,305,Same - Lane side swipe,,Other angle,Car (sedan/hatch),Car (sedan/hatch),2,0,0,0,0,4,April,Autumn,Sunday,12:00 - 13:59,Midday / afternoon,False,False,False,False
1352049,Non-casualty (towaway),Non-casualty (towaway),2024,2024,May,Saturday,22:00 - Midnight,WILGA,ST,50,East,KIDMAN,WAY,HANWOOD,,Yes,No,2-way undivided,-34.329164,146.041821,Griffith,Country urban,Rest of NSW - Urban,Straight,,,,Nil,Sealed,Dry,Fine,Darkness,Nil,No traffic controls,50 km/h,Local,20,Head on,201,Opp - Head on,,Head-on,Unknown motor vehicle,4 wheel drive / SUV,2,0,0,0,0,5,May,Autumn,Saturday,22:00 - Midnight,Evening / night,False,False,False,False
1352053,Non-casualty (towaway),Non-casualty (towaway),2024,2024,May,Friday,00:01 - 01:59,AMWIL,AVE,0,Right on the spot,NUMBER 3,HN,MURWILLUMBAH,,No,Not a school zone,2-way undivided,-28.329438,153.38416,Tweed,Country urban,Rest of NSW - Urban,Straight,Steep grade,,,On,Sealed,Wet,Overcast,Darkness,Nil,No traffic controls,50 km/h,Local,73,Off rd rght => obj,704,Right off cway into obj,,Other angle,Unknown motor vehicle,Light truck utility(from 2018),2,0,0,0,0,5,May,Autumn,Friday,00:01 - 01:59,Late night / early morning,False,False,False,False
1352061,Non-casualty (towaway),Non-casualty (towaway),2024,2024,April,Monday,14:00 - 15:59,JAMES SMALL,DR,200,East,TRANQUILITY,DR,KORORA,,No,Not a school zone,2-way undivided,-30.260431,153.132768,Coffs Harbour,Country urban,Rest of NSW - Urban,Curved,,,,Off,Sealed,Dry,Fine,Daylight,Nil,No traffic controls,50 km/h,Local,20,Head on,201,Opp - Head on,,Head-on,Other bus,4 wheel drive / SUV,2,0,0,0,0,4,April,Autumn,Monday,14:00 - 15:59,Midday / afternoon,False,False,False,False
1352065,Non-casualty (towaway),Non-casualty (towaway),2024,2024,April,Friday,10:00 - 11:59,CROYDON,RD,0,Right on the spot,HUNT,ST,CROYDON,,No,Not a school zone,T-junction,-33.880158,151.120241,Inner West,Sydney metro. area,Syd-Newc-Woll Gtr conurbation,Straight,,Police pursuit,,Off,Sealed,Dry,Fine,Daylight,Nil,No traffic controls,50 km/h,Local,16,Left near,107,Adj - Left-thru from right,,Right angle,Car (sedan/hatch),Car (sedan/hatch),2,0,0,0,0,4,April,Autumn,Friday,10:00 - 11:59,Midday / afternoon,False,False,False,False
1352078,Non-casualty (towaway),Non-casualty (towaway),2024,2024,May,Friday,22:00 - Midnight,MILFORD,DR,15,South,KNOX,PL,ROUSE HILL,,No,Not a school zone,2-way undivided,-33.67566,150.926384,The Hills,Sydney metro. area,Syd-Newc-Woll Gtr conurbation,Straight,,,,On,Sealed,Wet,Raining,Darkness,Nil,No traffic controls,50 km/h,Local,71,Off rd left => obj,703,Left off cway into object,,Other angle,4 wheel drive / SUV,4 wheel drive / SUV,2,0,0,0,0,5,May,Autumn,Friday,22:00 - Midnight,Evening / night,False,False,False,False
1352080,Non-casualty (towaway),Non-casualty (towaway),2024,2024,May,Friday,04:00 - 05:59,WOLLOMBI,RD,0,Right on the spot,IVAN,ST,CESSNOCK,181.0,Yes,No,X-intersection,-32.839025,151.343178,Cessnock,Country urban,Rest of NSW - Urban,Straight,,,,On,Sealed,Dry,Fog or mist,Dawn,Nil,Give way sign,60 km/h,Regional,10,Cross traffic,101,Adj - Cross traffic,,Right angle,4 wheel drive / SUV,Car (sedan/hatch),2,0,0,0,0,5,May,Autumn,Friday,04:00 - 05:59,Late night / early morning,False,False,False,False
1352088,Non-casualty (towaway),Non-casualty (towaway),2024,2024,May,Thursday,18:00 - 19:59,CECIL,AVE,0,Right on the spot,NUMBER 57-63,HN,CASTLE HILL,,No,Not a school zone,2-way undivided,-33.733246,151.000187,The Hills,Sydney metro. area,Syd-Newc-Woll Gtr conurbation,Straight,,,,Unknown / not stated,Sealed,Dry,Fine,Darkness,Nil,No traffic controls,50 km/h,Local,71,Off rd left => obj,703,Left off cway into object,,Other angle,4 wheel drive / SUV,Station wagon,2,0,0,0,0,5,May,Autumn,Thursday,18:00 - 19:59,PM peak / evening commute,True,False,False,False
1352093,Non-casualty (towaway),Non-casualty (towaway),2024,2024,May,Saturday,16:00 - 17:59,OATLEY,CL,50,South,GREAT WESTERN,HWY,BLACKTOWN,,No,Not a school zone,2-way undivided,-33.799709,150.899979,Blacktown,Sydney metro. area,Syd-Newc-Woll Gtr conurbation,Straight,,,,Unknown / not stated,Sealed,Wet,Overcast,Daylight,Nil,No traffic controls,50 km/h,Local,39,Other same direction,300,Same - other,,Other angle,4 wheel drive / SUV,Car (sedan/hatch),2,0,0,0,0,5,May,Autumn,Saturday,16:00 - 17:59,PM peak / evening commute,True,False,False,False
1352095,Non-casualty (towaway),Non-casualty (towaway),2024,2024,May,Friday,10:00 - 11:59,ANDY POOLE,DR,100,South,FRANCIS HOLLIS,DR,TATHRA,272.0,No,Not a school zone,2-way undivided,-36.72446,149.978768,Bega Valley,Country urban,Rest of NSW - Urban,Curved,,,,Unknown / not stated,Sealed,Wet,Raining,Daylight,Nil,No traffic controls,50 km/h,Regional,81,Off left/rt bnd=>obj,803,Off right bend into obj,Left,Other angle,Car (sedan/hatch),Light truck utility(from 2018),2,0,0,0,0,5,May,Autumn,Friday,10:00 - 11:59,Midday / afternoon,False,False,False,False
1352103,Non-casualty (towaway),Non-casualty (towaway),2024,2024,May,Tuesday,08:00 - 09:59,SOUTH WESTERN,EXP,500,West,THE RIVER,RD,REVESBY,6005.0,No,Not a school zone,Dual freeway,-33.940044,151.013136,Canterbury-Bankstown,Sydney metro. area,Syd-Newc-Woll Gtr conurbation,Straight,,,,Unknown / not stated,Sealed,Dry,Fine,Daylight,Nil,No traffic controls,100 km/h,State,30,Rear end,301,Same - Rear end,,Rear end,Large rigid,Large rigid,2,0,0,0,0,5,May,Autumn,Tuesday,08:00 - 09:59,AM peak / school commute,True,False,False,False
1352104,Non-casualty (towaway),Non-casualty (towaway),2024,2024,May,Tuesday,14:00 - 15:59,RICHMOND,RD,10,West,ORALLO,AVE,BLACKTOWN,643.0,No,Not a school zone,T-junction,-33.766047,150.90454,Blacktown,Sydney metro. area,Syd-Newc-Woll Gtr conurbation,Straight,,,,Unknown / not stated,Sealed,Dry,Fine,Daylight,Nil,No traffic controls,60 km/h,State,30,Rear end,301,Same - Rear end,,Rear end,Car (sedan/hatch),Car (sedan/hatch),3,0,0,0,0,5,May,Autumn,Tuesday,14:00 - 15:59,Midday / afternoon,False,False,False,False
1352105,Non-casualty (towaway),Non-casualty (towaway),2024,2024,May,Sunday,10:00 - 11:59,CUMBERLAND,ST,0,Right on the spot,NUMBER 110,HN,THE ROCKS,,No,Not a school zone,2-way undivided,-33.86,151.206705,Sydney,Sydney metro. area,Syd-Newc-Woll Gtr conurbation,Straight,,,,Unknown / not stated,Sealed,Dry,Fine,Daylight,Nil,No traffic controls,40 km/h,Local,71,Off rd left => obj,703,Left off cway into object,,Vehicle - Object,4 wheel drive / SUV,,1,0,0,0,0,5,May,Autumn,Sunday,10:00 - 11:59,Midday / afternoon,False,False,False,False
1352106,Non-casualty (towaway),Non-casualty (towaway),2024,2024,May,Thursday,18:00 - 19:59,YAREEN,RD,20,East,MONARO,HWY,COOMA,7625.0,No,Not a school zone,2-way undivided,-36.227019,149.135591,Snowy Monaro Regional,Country urban,Rest of NSW - Urban,Curved,Ditch/drain/culvert,,,Unknown / not stated,Sealed,Dry,Fine,Darkness,Nil,No traffic controls,50 km/h,Regional,82,Off right/right bend,801,Off cway right bend,Right,Rollover,Car (sedan/hatch),,1,0,0,0,0,5,May,Autumn,Thursday,18:00 - 19:59,PM peak / evening commute,True,False,False,False
1352107,Non-casualty (towaway),Non-casualty (towaway),2024,2024,May,Tuesday,08:00 - 09:59,HANBURY,ST,0,Right on the spot,WARATAH,ST,MAYFIELD,326.0,No,Not a school zone,T-junction,-32.898093,151.735657,Newcastle,Newcastle met. area,Syd-Newc-Woll Gtr conurbation,Straight,,,,Unknown / not stated,Sealed,Wet,Overcast,Daylight,Nil,No traffic controls,50 km/h,State,11,Right far,102,Adj - Right-thru from left,,Right angle,4 wheel drive / SUV,Car (sedan/hatch),3,0,0,0,0,5,May,Autumn,Tuesday,08:00 - 09:59,AM peak / school commute,True,False,False,False
1352109,Non-casualty (towaway),Non-casualty (towaway),2024,2024,May,Friday,12:00 - 13:59,BELMORE FALLS,RD,1000,South,CHARLOTTE,ST,ROBERTSON,,No,Not a school zone,2-way undivided,-34.598694,150.592751,Wingecarribee,Country urban,Rest of NSW - Urban,Curved,,,,Unknown / not stated,Sealed,Dry,Fine,Daylight,Nil,No traffic controls,60 km/h,Local,88,Out of cont on bend,805,Out of control on bend,,Rollover,4 wheel drive / SUV,,1,0,0,0,0,5,May,Autumn,Friday,12:00 - 13:59,Midday / afternoon,False,False,False,False
1352111,Non-casualty (towaway),Non-casualty (towaway),2024,2024,May,Monday,16:00 - 17:59,RICHMOND,RD,50,West,SYMONDS,RD,DEAN PARK,643.0,No,Not a school zone,Divided road,-33.740012,150.861996,Blacktown,Sydney metro. area,Syd-Newc-Woll Gtr conurbation,Straight,,,,Unknown / not stated,Sealed,Dry,Fine,Daylight,Nil,No traffic controls,70 km/h,State,30,Rear end,301,Same - Rear end,,Rear end,4 wheel drive / SUV,4 wheel drive / SUV,2,0,0,0,0,5,May,Autumn,Monday,16:00 - 17:59,PM peak / evening commute,True,False,False,False
1352116,Non-casualty (towaway),Non-casualty (towaway),2024,2024,May,Tuesday,08:00 - 09:59,RICHMOND,RD,0,Right on the spot,HOLLINSWORTH,RD,MARSDEN PARK,537.0,No,Not a school zone,X-intersection,-33.717694,150.843996,Blacktown,Sydney metro. area,Syd-Newc-Woll Gtr conurbation,Curved,,,,Unknown / not stated,Sealed,Dry,Fine,Daylight,On,No traffic controls,80 km/h,State,10,Cross traffic,101,Adj - Cross traffic,,Right angle,Light truck,4 wheel drive / SUV,2,0,0,0,0,5,May,Autumn,Tuesday,08:00 - 09:59,AM peak / school commute,True,False,False,False