crash_id,degree_of_crash,degree_of_crash_-_detailed,reporting_year,year_of_crash,month_of_crash,day_of_week_of_crash,two-hour_intervals,street_of_crash,street_type,distance,direction,identifying_feature,identifying_feature_type,town,route_no.,school_zone_location,school_zone_active,type_of_location,latitude,longitude,lga,urbanisation,conurbation_1,alignment,primary_permanent_feature,primary_temporary_feature,primary_hazardous_feature,street_lighting,road_surface,surface_condition,weather,natural_lighting,signals_operation,other_traffic_control,speed_limit,road_classification_(admin),rum_-_code,rum_-_description,dca_-_code,dca_-_description,dca_supplement,first_impact_type,key_tu_type,other_tu_type,no._of_traffic_units_involved,no._killed,no._seriously_injured,no._moderately_injured,no._minor-other_injured,month_num,month_label,season,day_label,time_label,time_band,is_peak_commute,is_fatal,is_injury,is_casualty
1352118,Non-casualty (towaway),Non-casualty (towaway),2024,2024,May,Wednesday,10:00 - 11:59,CHURCH,ST,0,Right on the spot,JANSEN,LANE,PARKES,,No,Not a school zone,X-intersection,-33.135497,148.175195,Parkes,Country urban,Rest of NSW - Urban,Straight,,,,Unknown / not stated,Sealed,Dry,Fine,Daylight,Nil,Give way sign,50 km/h,Local,10,Cross traffic,101,Adj - Cross traffic,,Right angle,Car (sedan/hatch),Light truck utility(from 2018),2,0,0,0,0,5,May,Autumn,Wednesday,10:00 - 11:59,Midday / afternoon,False,False,False,False
1352120,Non-casualty (towaway),Non-casualty (towaway),2024,2024,May,Tuesday,12:00 - 13:59,NEWCASTLE,EXP,1146,South,GEORGE BOOTH DRIVE,OP,WEST WALLSEND,6003.0,No,Not a school zone,Dual freeway,-32.895814,151.574903,Lake Macquarie,Newcastle met. area,Syd-Newc-Woll Gtr conurbation,Curved,,,,Unknown / not stated,Sealed,Dry,Overcast,Daylight,Nil,No traffic controls,110 km/h,State,42,Leaving parking,401,Manov - Leaving parking,,Other angle,4 wheel drive / SUV,Semi-trailer,2,0,0,0,0,5,May,Autumn,Tuesday,12:00 - 13:59,Midday / afternoon,False,False,False,False
1352121,Non-casualty (towaway),Non-casualty (towaway),2024,2024,April,Wednesday,22:00 - Midnight,AVERYS,LANE,0,Right on the spot,BALLYNEAL,CRES,HEDDON GRETA,,No,Not a school zone,T-junction,-32.812461,151.514306,Cessnock,Country urban,Rest of NSW - Urban,Straight,,,,Unknown / not stated,Sealed,Dry,Fine,Darkness,Nil,No traffic controls,50 km/h,Local,67,Struck animal,609,On path - Hit animal,,Vehicle - Animal,Car (sedan/hatch),,1,0,0,0,0,4,April,Autumn,Wednesday,22:00 - Midnight,Evening / night,False,False,False,False
1352124,Non-casualty (towaway),Non-casualty (towaway),2024,2024,May,Thursday,08:00 - 09:59,GRAFTON,ST,0,Right on the spot,NUMBER 18,HN,GREYSTANES,,No,Not a school zone,2-way undivided,-33.814904,150.936739,Cumberland,Sydney metro. area,Syd-Newc-Woll Gtr conurbation,Straight,,,,Unknown / not stated,Sealed,Dry,Fine,Daylight,Nil,No traffic controls,50 km/h,Local,29,Other opposing,200,Opp - other,,Other angle,Car (sedan/hatch),4 wheel drive / SUV,2,0,0,0,0,5,May,Autumn,Thursday,08:00 - 09:59,AM peak / school commute,True,False,False,False
1352129,Non-casualty (towaway),Non-casualty (towaway),2024,2024,May,Sunday,00:01 - 01:59,PACIFIC,HWY,1000,North,CUDGERA CREEK ROAD,OP,CUDGERA CREEK,10.0,No,Not a school zone,Dual freeway,-28.380159,153.52431,Tweed,Country non-urban,Rest of NSW - Rural,Straight,,,,Unknown / not stated,Sealed,Wet,Overcast,Darkness,Nil,No traffic controls,110 km/h,State,66,Object on road,607,On path - Hit temp object,,Vehicle - Object,Light truck,,1,0,0,0,0,5,May,Autumn,Sunday,00:01 - 01:59,Late night / early morning,False,False,False,False
1352133,Non-casualty (towaway),Non-casualty (towaway),2024,2024,May,Saturday,10:00 - 11:59,MISSENDEN,RD,55,South,GROSE,ST,CAMPERDOWN,,No,Not a school zone,2-way undivided,-33.889509,151.182073,Sydney,Sydney metro. area,Syd-Newc-Woll Gtr conurbation,Straight,Foot/cycle path/nature strip,,,Unknown / not stated,Sealed,Dry,Fine,Daylight,Nil,Ped crossing,40 km/h,Local,73,Off rd rght => obj,704,Right off cway into obj,,Vehicle - Object,Car (sedan/hatch),,1,0,0,0,0,5,May,Autumn,Saturday,10:00 - 11:59,Midday / afternoon,False,False,False,False
1352134,Non-casualty (towaway),Non-casualty (towaway),2024,2024,May,Thursday,18:00 - 19:59,LADY BELMORE,DR,0,Right on the spot,NUMBER 5,HN,TOORMINA,,No,Not a school zone,2-way undivided,-30.348876,153.083188,Coffs Harbour,Country urban,Rest of NSW - Urban,Curved,,,,Unknown / not stated,Sealed,Wet,Raining,Darkness,Nil,No traffic controls,50 km/h,Local,80,Off left/right bend,801,Off cway right bend,Left,Rollover,Car (sedan/hatch),,1,0,0,0,0,5,May,Autumn,Thursday,18:00 - 19:59,PM peak / evening commute,True,False,False,False
1352140,Non-casualty (towaway),Non-casualty (towaway),2024,2024,May,Friday,08:00 - 09:59,PACIFIC,HWY,1914,South,SOUTH ROCKS ROAD,OP,POLA CREEK,10.0,No,Not a school zone,Divided road,-31.060051,152.886956,Kempsey,Country non-urban,Rest of NSW - Rural,Straight,Other bridge,,,Unknown / not stated,Sealed,Dry,Fine,Daylight,Nil,No traffic controls,110 km/h,State,73,Off rd rght => obj,704,Right off cway into obj,,Vehicle - Object,4 wheel drive / SUV,,1,0,0,0,0,5,May,Autumn,Friday,08:00 - 09:59,AM peak / school commute,True,False,False,False
1352141,Non-casualty (towaway),Non-casualty (towaway),2024,2024,May,Tuesday,10:00 - 11:59,ELIZABETH,DR,0,Right on the spot,IMO CAR WASH,ENT,LIVERPOOL,,No,Not a school zone,Divided road,-33.919763,150.921291,Liverpool,Sydney metro. area,Syd-Newc-Woll Gtr conurbation,Straight,Driveway/entrance,,,Unknown / not stated,Sealed,Dry,Fine,Daylight,Nil,No traffic controls,50 km/h,Local,47,Emerging from drive,406,Manov - Emerging from driveway,,Right angle,Car (sedan/hatch),Car (sedan/hatch),2,0,0,0,0,5,May,Autumn,Tuesday,10:00 - 11:59,Midday / afternoon,False,False,False,False
1352143,Non-casualty (towaway),Non-casualty (towaway),2024,2024,May,Thursday,12:00 - 13:59,PIKE,ST,0,Right on the spot,SOUTH,ST,RYDALMERE,,No,Not a school zone,T-junction,-33.81461,151.035819,Parramatta,Sydney metro. area,Syd-Newc-Woll Gtr conurbation,Straight,,,,Unknown / not stated,Sealed,Dry,Fine,Daylight,Nil,Give way sign,50 km/h,Local,11,Right far,102,Adj - Right-thru from left,,Right angle,Light truck utility(from 2018),Car (sedan/hatch),2,0,0,0,0,5,May,Autumn,Thursday,12:00 - 13:59,Midday / afternoon,False,False,False,False
1352146,Non-casualty (towaway),Non-casualty (towaway),2024,2024,May,Monday,04:00 - 05:59,KURRAJONG,RD,0,Right on the spot,BEECH,RD,PRESTONS,7263.0,No,Not a school zone,Roundabout,-33.944397,150.882261,Liverpool,Sydney metro. area,Syd-Newc-Woll Gtr conurbation,Straight,,,,Unknown / not stated,Sealed,Dry,Fine,Dawn,Nil,Give way sign,60 km/h,Regional,30,Rear end,301,Same - Rear end,,Rear end,Car (sedan/hatch),4 wheel drive / SUV,2,0,0,0,0,5,May,Autumn,Monday,04:00 - 05:59,Late night / early morning,False,False,False,False
1352147,Non-casualty (towaway),Non-casualty (towaway),2024,2024,May,Thursday,08:00 - 09:59,BELMORE,RD,0,Right on the spot,ROOSEVELT,AVE,RIVERWOOD,2050.0,No,Not a school zone,X-intersection,-33.947334,151.052986,Canterbury-Bankstown,Sydney metro. area,Syd-Newc-Woll Gtr conurbation,Straight,,,,Unknown / not stated,Sealed,Dry,Fine,Daylight,Nil,No traffic controls,50 km/h,Regional,30,Rear end,301,Same - Rear end,,Rear end,Car (sedan/hatch),4 wheel drive / SUV,2,0,0,0,0,5,May,Autumn,Thursday,08:00 - 09:59,AM peak / school commute,True,False,False,False
1352148,Non-casualty (towaway),Non-casualty (towaway),2024,2024,May,Tuesday,16:00 - 17:59,WESTERN,EXP,3500,West,CUMBERLAND,HWY,PROSPECT,6004.0,No,Not a school zone,Dual freeway,-33.806376,150.927641,Blacktown,Sydney metro. area,Syd-Newc-Woll Gtr conurbation,Straight,Underpass/tunnel,,,Unknown / not stated,Sealed,Dry,Overcast,Dusk,Nil,No traffic controls,100 km/h,State,30,Rear end,301,Same - Rear end,,Rear end,Car (sedan/hatch),Car (sedan/hatch),3,0,0,0,0,5,May,Autumn,Tuesday,16:00 - 17:59,PM peak / evening commute,True,False,False,False
1352150,Non-casualty (towaway),Non-casualty (towaway),2024,2024,May,Sunday,00:01 - 01:59,HUME,HWY,0,Right on the spot,CONGRESSIONAL,DR,LIVERPOOL,2.0,No,Not a school zone,X-intersection,-33.934571,150.915948,Liverpool,Sydney metro. area,Syd-Newc-Woll Gtr conurbation,Straight,,,,Unknown / not stated,Sealed,Wet,Raining,Darkness,On,No traffic controls,60 km/h,State,33,Lane sideswipe,305,Same - Lane side swipe,,Other angle,Car (sedan/hatch),Car (sedan/hatch),2,0,0,0,0,5,May,Autumn,Sunday,00:01 - 01:59,Late night / early morning,False,False,False,False
1352151,Non-casualty (towaway),Non-casualty (towaway),2024,2024,May,Tuesday,20:00 - 21:59,CHARLES,ST,0,Right on the spot,ELIZABETH,AVE,RAYMOND TERRACE,,No,Not a school zone,T-junction,-32.767606,151.746651,Port Stephens,Country urban,Rest of NSW - Urban,Straight,,,,Nil,Sealed,Dry,Fine,Darkness,Nil,Give way sign,50 km/h,Local,10,Cross traffic,101,Adj - Cross traffic,,Right angle,Car (sedan/hatch),Passenger van,2,0,0,0,0,5,May,Autumn,Tuesday,20:00 - 21:59,Evening / night,False,False,False,False
1352153,Non-casualty (towaway),Non-casualty (towaway),2024,2024,April,Sunday,14:00 - 15:59,BELLS LINE OF,RD,0,Right on the spot,NUMBER 2817,HN,BILPIN,184.0,No,Not a school zone,2-way undivided,-33.511962,150.492848,Hawkesbury,Country urban,Syd-Newc-Woll Gtr conurbation,Curved,,,,Unknown / not stated,Sealed,Dry,Fine,Daylight,Nil,No traffic controls,80 km/h,State,30,Rear end,301,Same - Rear end,,Rear end,Light truck utility(from 2018),Car (sedan/hatch),2,0,0,0,0,4,April,Autumn,Sunday,14:00 - 15:59,Midday / afternoon,False,False,False,False
1352156,Non-casualty (towaway),Non-casualty (towaway),2024,2024,May,Friday,14:00 - 15:59,MENANGLE,RD,0,Right on the spot,NUMBER 855-875,HN,DOUGLAS PARK,179.0,No,Not a school zone,2-way undivided,-34.174172,150.696685,Wollondilly,Country urban,Syd-Newc-Woll Gtr conurbation,Straight,Steep grade,,,Unknown / not stated,Sealed,Dry,Fine,Daylight,Nil,No traffic controls,80 km/h,Regional,73,Off rd rght => obj,704,Right off cway into obj,,Vehicle - Object,4 wheel drive / SUV,,1,0,0,0,0,5,May,Autumn,Friday,14:00 - 15:59,Midday / afternoon,False,False,False,False
1352159,Non-casualty (towaway),Non-casualty (towaway),2024,2024,April,Saturday,18:00 - 19:59,AVENUE,RD,0,Right on the spot,MAIN CAMP,RD,MYRTLE CREEK,,No,Not a school zone,T-junction,-29.10719,153.004425,Richmond Valley,Country non-urban,Rest of NSW - Rural,Curved,Ditch/drain/culvert,,,Unknown / not stated,Unsealed,Wet,Raining,Darkness,Nil,No traffic controls,100 km/h,Local,81,Off left/rt bnd=>obj,803,Off right bend into obj,Left,Vehicle - Object,Car (sedan/hatch),,1,0,0,0,0,4,April,Autumn,Saturday,18:00 - 19:59,PM peak / evening commute,True,False,False,False
1352160,Non-casualty (towaway),Non-casualty (towaway),2024,2024,May,Thursday,06:00 - 07:59,WESTERN,EXP,1000,West,BURNETT STREET,OP,SOUTH WENTWORTHVILLE,6004.0,No,Not a school zone,Dual freeway,-33.818081,150.980037,Cumberland,Sydney metro. area,Syd-Newc-Woll Gtr conurbation,Curved,,,,Unknown / not stated,Sealed,Dry,Fine,Dawn,Nil,No traffic controls,90 km/h,State,39,Other same direction,300,Same - other,,Other angle,Light truck utility(from 2018),Light truck utility(from 2018),3,0,0,0,0,5,May,Autumn,Thursday,06:00 - 07:59,AM peak / school commute,True,False,False,False
1352161,Non-casualty (towaway),Non-casualty (towaway),2024,2024,May,Tuesday,10:00 - 11:59,MORVEN,ST,0,Right on the spot,SOUTH,PDE,OLD GUILDFORD,,No,Not a school zone,T-junction,-33.861389,150.987252,Fairfield,Sydney metro. area,Syd-Newc-Woll Gtr conurbation,Curved,,,,Unknown / not stated,Sealed,Dry,Fine,Daylight,Nil,No traffic controls,50 km/h,Local,81,Off left/rt bnd=>obj,707,Right turn,Left,Vehicle - Object,Car (sedan/hatch),,1,0,0,0,0,5,May,Autumn,Tuesday,10:00 - 11:59,Midday / afternoon,False,False,False,False
1352167,Non-casualty (towaway),Non-casualty (towaway),2024,2024,May,Saturday,14:00 - 15:59,BUFFALO,RD,10,West,PROVIDENCE,RD,RYDE,,No,Not a school zone,T-junction,-33.814904,151.11739,Ryde,Sydney metro. area,Syd-Newc-Woll Gtr conurbation,Straight,,,,Unknown / not stated,Sealed,Dry,Fine,Daylight,Nil,No traffic controls,50 km/h,Local,42,Leaving parking,401,Manov - Leaving parking,,Other angle,Light truck,4 wheel drive / SUV,2,0,0,0,0,5,May,Autumn,Saturday,14:00 - 15:59,Midday / afternoon,False,False,False,False
1352168,Non-casualty (towaway),Non-casualty (towaway),2024,2024,May,Wednesday,08:00 - 09:59,CROSS,ST,0,Right on the spot,PARK,RD,BAULKHAM HILLS,,No,Not a school zone,T-junction,-33.75844,151.006403,The Hills,Sydney metro. area,Syd-Newc-Woll Gtr conurbation,Curved,Steep grade,,,Unknown / not stated,Sealed,Dry,Fine,Daylight,Nil,Give way sign,50 km/h,Local,10,Cross traffic,101,Adj - Cross traffic,,Right angle,4 wheel drive / SUV,Station wagon,2,0,0,0,0,5,May,Autumn,Wednesday,08:00 - 09:59,AM peak / school commute,True,False,False,False
1352170,Non-casualty (towaway),Non-casualty (towaway),2024,2024,May,Monday,10:00 - 11:59,PRINCES,HWY,40,South,CARILLON,AVE,DARLINGTON,1.0,No,Not a school zone,Divided road,-33.891613,151.188178,Sydney,Sydney metro. area,Syd-Newc-Woll Gtr conurbation,Straight,Bus stop,,,Unknown / not stated,Sealed,Dry,Fine,Daylight,Nil,No traffic controls,50 km/h,State,42,Leaving parking,401,Manov - Leaving parking,,Other angle,Other bus,Car (sedan/hatch),2,0,0,0,0,5,May,Autumn,Monday,10:00 - 11:59,Midday / afternoon,False,False,False,False
1352171,Non-casualty (towaway),Non-casualty (towaway),2024,2024,May,Thursday,00:01 - 01:59,LUXFORD,RD,0,Right on the spot,KIDD,CL,BIDWILL,7161.0,Yes,No,T-junction,-33.730808,150.829027,Blacktown,Sydney metro. area,Syd-Newc-Woll Gtr conurbation,Curved,,,,Unknown / not stated,Sealed,Dry,Fine,Darkness,Nil,No traffic controls,60 km/h,Regional,40,U turn,207,Opp - U-turn,,Other angle,Car (sedan/hatch),Light truck,2,0,0,0,0,5,May,Autumn,Thursday,00:01 - 01:59,Late night / early morning,False,False,False,False
1352174,Non-casualty (towaway),Non-casualty (towaway),2024,2024,May,Thursday,10:00 - 11:59,PEARCES CREEK,RD,0,Right on the spot,NUMBER 571,HN,ALSTONVALE,,No,Not a school zone,2-way undivided,-28.79119,153.448264,Ballina,Country non-urban,Rest of NSW - Rural,Curved,Ditch/drain/culvert,,,Unknown / not stated,Sealed,Dry,Fine,Daylight,Nil,No traffic controls,100 km/h,Local,80,Off left/right bend,801,Off cway right bend,Left,Rollover,Car (sedan/hatch),,1,0,0,0,0,5,May,Autumn,Thursday,10:00 - 11:59,Midday / afternoon,False,False,False,False
1352177,Non-casualty (towaway),Non-casualty (towaway),2024,2024,May,Sunday,02:00 - 03:59,GALSTON,RD,500,East,CALDERWOOD,RD,GALSTON,161.0,No,Not a school zone,2-way undivided,-33.656288,151.068016,Hornsby,Sydney metro. area,Syd-Newc-Woll Gtr conurbation,Curved,,,,Unknown / not stated,Sealed,Wet,Overcast,Darkness,Nil,No traffic controls,60 km/h,State,83,Off rt/rt bnd=>obj,803,Off right bend into obj,Right,Vehicle - Object,Car (sedan/hatch),,1,0,0,0,0,5,May,Autumn,Sunday,02:00 - 03:59,Late night / early morning,False,False,False,False
1352178,Non-casualty (towaway),Non-casualty (towaway),2024,2024,May,Sunday,00:01 - 01:59,GLENMORE,PKWY,100,West,BLUE HILLS,DR,GLENMORE PARK,,No,Not a school zone,Divided road,-33.794324,150.683641,Penrith,Sydney metro. area,Syd-Newc-Woll Gtr conurbation,Curved,,,,Unknown / not stated,Sealed,Dry,Fine,Darkness,Nil,No traffic controls,50 km/h,Local,85,Off rt/lft bnd=>obj,804,Off left bend into obj,Right,Vehicle - Object,Car (sedan/hatch),,1,0,0,0,0,5,May,Autumn,Sunday,00:01 - 01:59,Late night / early morning,False,False,False,False
1352179,Non-casualty (towaway),Non-casualty (towaway),2024,2024,March,Sunday,12:00 - 13:59,AVOCA,DR,0,Right on the spot,BOORA BOORA,RD,KINCUMBER,504.0,No,Not a school zone,T-junction,-33.467353,151.376627,Central Coast,Country urban,Syd-Newc-Woll Gtr conurbation,Curved,Steep grade,,,Off,Sealed,Dry,Fine,Daylight,Nil,Give way sign,60 km/h,State,14,2 right turning,105,Adj - Two right turning,,Right angle,Car (sedan/hatch),4 wheel drive / SUV,2,0,0,0,0,3,March,Autumn,Sunday,12:00 - 13:59,Midday / afternoon,False,False,False,False
1352183,Non-casualty (towaway),Non-casualty (towaway),2024,2024,May,Wednesday,20:00 - 21:59,GOLDSMITH,ST,0,Right on the spot,BOURKE,ST,GOULBURN,54.0,Yes,No,Roundabout,-34.75002,149.718983,Goulburn Mulwaree,Country urban,Rest of NSW - Urban,Straight,,,,Unknown / not stated,Sealed,Dry,Fine,Darkness,Nil,Give way sign,50 km/h,State,10,Cross traffic,101,Adj - Cross traffic,,Right angle,Light truck utility(from 2018),Light truck utility(from 2018),2,0,0,0,0,5,May,Autumn,Wednesday,20:00 - 21:59,Evening / night,False,False,False,False
1352185,Non-casualty (towaway),Non-casualty (towaway),2024,2024,May,Thursday,18:00 - 19:59,CADELL,ST,0,Right on the spot,KEENE,ST,EAST ALBURY,,No,Not a school zone,X-intersection,-36.074943,146.936821,Albury,Country urban,Rest of NSW - Urban,Straight,,,,Unknown / not stated,Sealed,Dry,Fine,Darkness,Nil,Give way sign,50 km/h,Local,10,Cross traffic,101,Adj - Cross traffic,,Right angle,Car (sedan/hatch),Light truck,2,0,0,0,0,5,May,Autumn,Thursday,18:00 - 19:59,PM peak / evening commute,True,False,False,False
1352187,Non-casualty (towaway),Non-casualty (towaway),2024,2024,May,Wednesday,16:00 - 17:59,HUME,HWY,100,South,BOWNING,RD,BOWNING,2.0,No,Not a school zone,Divided road,-34.772333,148.809251,Yass Valley,Country non-urban,Rest of NSW - Rural,Straight,,,,Unknown / not stated,Sealed,Dry,Fine,Daylight,Nil,No traffic controls,110 km/h,State,73,Off rd rght => obj,704,Right off cway into obj,,Vehicle - Object,Light truck utility(from 2018),,1,0,0,0,0,5,May,Autumn,Wednesday,16:00 - 17:59,PM peak / evening commute,True,False,False,False
1352194,Non-casualty (towaway),Non-casualty (towaway),2024,2024,May,Saturday,12:00 - 13:59,YANDERRA,ST,0,Right on the spot,NUMBER 21,HN,CONDELL PARK,,No,Not a school zone,2-way undivided,-33.92918,151.014419,Canterbury-Bankstown,Sydney metro. area,Syd-Newc-Woll Gtr conurbation,Straight,,,,Unknown / not stated,Sealed,Dry,Fine,Daylight,Nil,No traffic controls,50 km/h,Local,71,Off rd left => obj,703,Left off cway into object,,Other angle,Light truck utility(from 2018),Car (sedan/hatch),3,0,0,0,0,5,May,Autumn,Saturday,12:00 - 13:59,Midday / afternoon,False,False,False,False
1352195,Non-casualty (towaway),Non-casualty (towaway),2024,2024,May,Sunday,00:01 - 01:59,NORFOLK,ST,0,Right on the spot,NUMBER 55,HN,KILLARA,,No,Not a school zone,2-way undivided,-33.762625,151.151154,Ku-ring-gai,Sydney metro. area,Syd-Newc-Woll Gtr conurbation,Curved,Steep grade,,,Unknown / not stated,Sealed,Wet,Fine,Darkness,Nil,No traffic controls,50 km/h,Local,81,Off left/rt bnd=>obj,803,Off right bend into obj,Left,Other angle,Car (sedan/hatch),Car (sedan/hatch),2,0,0,0,0,5,May,Autumn,Sunday,00:01 - 01:59,Late night / early morning,False,False,False,False
1352196,Non-casualty (towaway),Non-casualty (towaway),2024,2024,April,Sunday,04:00 - 05:59,JUMBUCK,DR,0,Right on the spot,WINDOURAN,ST,GOBBAGOMBALIN,,No,Not a school zone,T-junction,-35.066904,147.344439,Wagga Wagga,Country urban,Rest of NSW - Urban,Straight,,,,Unknown / not stated,Sealed,Dry,Fine,Darkness,Nil,No traffic controls,50 km/h,Local,75,Off end of road,709,Off end cway or T junct,,Vehicle - Object,Car (sedan/hatch),,1,0,0,0,0,4,April,Autumn,Sunday,04:00 - 05:59,Late night / early morning,False,False,False,False
1352197,Non-casualty (towaway),Non-casualty (towaway),2024,2024,May,Saturday,22:00 - Midnight,HEATHCOTE,RD,0,Right on the spot,SAINT GEORGE,CRES,MENAI,512.0,No,Not a school zone,T-junction,-33.984281,150.992802,Sutherland,Sydney metro. area,Syd-Newc-Woll Gtr conurbation,Curved,Steep grade,,,Unknown / not stated,Sealed,Wet,Raining,Darkness,Nil,Stop sign,80 km/h,State,83,Off rt/rt bnd=>obj,803,Off right bend into obj,Right,Vehicle - Object,Car (sedan/hatch),,1,0,0,0,0,5,May,Autumn,Saturday,22:00 - Midnight,Evening / night,False,False,False,False
1352198,Non-casualty (towaway),Non-casualty (towaway),2024,2024,May,Saturday,06:00 - 07:59,ILLAWARRA,HWY,50,West,CALDERWOOD,RD,ALBION PARK,25.0,Yes,No,2-way undivided,-34.571594,150.764837,Shellharbour,Wollongong met. area,Syd-Newc-Woll Gtr conurbation,Straight,,,,Unknown / not stated,Sealed,Dry,Fine,Daylight,Nil,No traffic controls,50 km/h,State,30,Rear end,301,Same - Rear end,,Rear end,Car (sedan/hatch),Unknown motor vehicle,2,0,0,0,0,5,May,Autumn,Saturday,06:00 - 07:59,AM peak / school commute,True,False,False,False
1352199,Non-casualty (towaway),Non-casualty (towaway),2024,2024,May,Saturday,16:00 - 17:59,GOULBURN,RD,400,West,ROSLYN,RD,CROOKWELL,54.0,No,Not a school zone,2-way undivided,-34.476302,149.513618,Upper Lachlan,Country non-urban,Rest of NSW - Rural,Curved,Embankment/cutting,,,Unknown / not stated,Sealed,Wet,Raining,Unknown,Nil,No traffic controls,100 km/h,State,81,Off left/rt bnd=>obj,803,Off right bend into obj,Left,Vehicle - Object,4 wheel drive / SUV,,1,0,0,0,0,5,May,Autumn,Saturday,16:00 - 17:59,PM peak / evening commute,True,False,False,False
1352200,Non-casualty (towaway),Non-casualty (towaway),2024,2024,May,Sunday,14:00 - 15:59,MELBOURNE,ST,0,Right on the spot,NUMBER 79,HN,OXLEY PARK,,No,Not a school zone,2-way undivided,-33.771824,150.799834,Penrith,Sydney metro. area,Syd-Newc-Woll Gtr conurbation,Straight,Driveway/entrance,,,Unknown / not stated,Sealed,Dry,Fine,Daylight,Nil,No traffic controls,50 km/h,Local,47,Emerging from drive,406,Manov - Emerging from driveway,,Right angle,4 wheel drive / SUV,Car (sedan/hatch),2,0,0,0,0,5,May,Autumn,Sunday,14:00 - 15:59,Midday / afternoon,False,False,False,False
1352202,Non-casualty (towaway),Non-casualty (towaway),2024,2024,May,Friday,14:00 - 15:59,RIVERINA,HWY,0,Right on the spot,KEENE,ST,EAST ALBURY,20.0,No,Not a school zone,X-intersection,-36.076473,146.936459,Albury,Country urban,Rest of NSW - Urban,Straight,,,,Unknown / not stated,Sealed,Dry,Fine,Daylight,Nil,Give way sign,60 km/h,State,10,Cross traffic,101,Adj - Cross traffic,,Right angle,4 wheel drive / SUV,4 wheel drive / SUV,2,0,0,0,0,5,May,Autumn,Friday,14:00 - 15:59,Midday / afternoon,False,False,False,False
1352204,Non-casualty (towaway),Non-casualty (towaway),2024,2024,May,Tuesday,06:00 - 07:59,GENERAL HOLMES,DR,50,West,FORESHORE ROAD,TO,MASCOT,194.0,No,Not a school zone,Divided road,-33.945013,151.185761,Bayside,Sydney metro. area,Syd-Newc-Woll Gtr conurbation,Straight,,,,Unknown / not stated,Sealed,Dry,Fine,Daylight,Nil,No traffic controls,70 km/h,State,34,Lane change right,306,Same - Lane change right,,Other angle,Light truck utility(from 2018),Motorcycle,2,0,0,0,0,5,May,Autumn,Tuesday,06:00 - 07:59,AM peak / school commute,True,False,False,False
1352205,Non-casualty (towaway),Non-casualty (towaway),2024,2024,May,Tuesday,16:00 - 17:59,GREAT WESTERN,HWY,200,East,WOODVILLE,RD,GRANVILLE,5.0,No,Not a school zone,2-way undivided,-33.828411,151.006757,Parramatta,Sydney metro. area,Syd-Newc-Woll Gtr conurbation,Straight,,,,Unknown / not stated,Sealed,Dry,Fine,Daylight,Nil,No traffic controls,60 km/h,State,30,Rear end,301,Same - Rear end,,Rear end,4 wheel drive / SUV,Car (sedan/hatch),2,0,0,0,0,5,May,Autumn,Tuesday,16:00 - 17:59,PM peak / evening commute,True,False,False,False
1352206,Non-casualty (towaway),Non-casualty (towaway),2024,2024,May,Saturday,22:00 - Midnight,CUMBERLAND,HWY,0,Right on the spot,OLD PROSPECT ROAD,TO,GREYSTANES,13.0,No,Not a school zone,Divided road,-33.81738,150.962548,Cumberland,Sydney metro. area,Syd-Newc-Woll Gtr conurbation,Curved,,,,Unknown / not stated,Sealed,Dry,Fine,Darkness,Nil,No traffic controls,70 km/h,State,34,Lane change right,306,Same - Lane change right,,Other angle,Car (sedan/hatch),Light truck utility(from 2018),2,0,0,0,0,5,May,Autumn,Saturday,22:00 - Midnight,Evening / night,False,False,False,False
1352207,Non-casualty (towaway),Non-casualty (towaway),2024,2024,May,Saturday,18:00 - 19:59,MITCHELL,CL,0,Right on the spot,TAMARIND,DR,CUMBALUM,,No,Not a school zone,T-junction,-28.814967,153.528239,Ballina,Country urban,Rest of NSW - Urban,Curved,Ditch/drain/culvert,,,Unknown / not stated,Sealed,Wet,Raining,Dusk,Nil,No traffic controls,80 km/h,Local,81,Off left/rt bnd=>obj,803,Off right bend into obj,Left,Vehicle - Object,4 wheel drive / SUV,,1,0,0,0,0,5,May,Autumn,Saturday,18:00 - 19:59,PM peak / evening commute,True,False,False,False
1352208,Non-casualty (towaway),Non-casualty (towaway),2024,2024,April,Wednesday,16:00 - 17:59,ELIZABETH BAY,RD,0,Right on the spot,HOLDSWORTH,AVE,RUSHCUTTERS BAY,,No,Not a school zone,T-junction,-33.872293,151.228906,Sydney,Sydney metro. area,Syd-Newc-Woll Gtr conurbation,Curved,,,,On,Sealed,Dry,Fine,Dusk,Nil,No traffic controls,40 km/h,Local,46,Reversing into obj,405,Manov - Reverse into fixed obj,,Vehicle - Object,4 wheel drive / SUV,,1,0,0,0,0,4,April,Autumn,Wednesday,16:00 - 17:59,PM peak / evening commute,True,False,False,False
1352209,Non-casualty (towaway),Non-casualty (towaway),2024,2024,May,Monday,06:00 - 07:59,BENJAMIN LEE,DR,0,Right on the spot,NUMBER 58,HN,RAYMOND TERRACE,,Yes,No,2-way undivided,-32.760506,151.777231,Port Stephens,Country urban,Rest of NSW - Urban,Curved,,,,Unknown / not stated,Sealed,Dry,Fine,Daylight,Nil,No traffic controls,50 km/h,Local,81,Off left/rt bnd=>obj,803,Off right bend into obj,Left,Other angle,Car (sedan/hatch),Light truck utility(from 2018),2,0,0,0,0,5,May,Autumn,Monday,06:00 - 07:59,AM peak / school commute,True,False,False,False