crash_id,degree_of_crash,degree_of_crash_-_detailed,reporting_year,year_of_crash,month_of_crash,day_of_week_of_crash,two-hour_intervals,street_of_crash,street_type,distance,direction,identifying_feature,identifying_feature_type,town,route_no.,school_zone_location,school_zone_active,type_of_location,latitude,longitude,lga,urbanisation,conurbation_1,alignment,primary_permanent_feature,primary_temporary_feature,primary_hazardous_feature,street_lighting,road_surface,surface_condition,weather,natural_lighting,signals_operation,other_traffic_control,speed_limit,road_classification_(admin),rum_-_code,rum_-_description,dca_-_code,dca_-_description,dca_supplement,first_impact_type,key_tu_type,other_tu_type,no._of_traffic_units_involved,no._killed,no._seriously_injured,no._moderately_injured,no._minor-other_injured,month_num,month_label,season,day_label,time_label,time_band,is_peak_commute,is_fatal,is_injury,is_casualty
1352210,Non-casualty (towaway),Non-casualty (towaway),2024,2024,May,Friday,12:00 - 13:59,BAXTER,AVE,100,East,PRINCES,HWY,KOGARAH,,No,Not a school zone,2-way undivided,-33.960692,151.139062,Bayside,Sydney metro. area,Syd-Newc-Woll Gtr conurbation,Straight,,,,Unknown / not stated,Sealed,Dry,Fine,Daylight,Nil,No traffic controls,50 km/h,Local,63,Vehicle door,604,On path - Vehicle door,,Other angle,4 wheel drive / SUV,Car (sedan/hatch),2,0,0,0,0,5,May,Autumn,Friday,12:00 - 13:59,Midday / afternoon,False,False,False,False
1352213,Non-casualty (towaway),Non-casualty (towaway),2024,2024,May,Thursday,04:00 - 05:59,CENTRAL COAST,HWY,0,Right on the spot,TERRIGAL,DR,ERINA,30.0,No,Not a school zone,X-intersection,-33.433833,151.390015,Central Coast,Country urban,Syd-Newc-Woll Gtr conurbation,Straight,Steep grade,,,Unknown / not stated,Sealed,Dry,Fine,Darkness,On,No traffic controls,60 km/h,State,71,Off rd left => obj,703,Left off cway into object,,Vehicle - Object,Light truck,,1,0,0,0,0,5,May,Autumn,Thursday,04:00 - 05:59,Late night / early morning,False,False,False,False
1352215,Non-casualty (towaway),Non-casualty (towaway),2024,2024,May,Wednesday,06:00 - 07:59,NEWELL,HWY,160,North,SCOULLAR,ST,FINLEY,17.0,No,Not a school zone,2-way undivided,-35.644156,145.576242,Berrigan,Country urban,Rest of NSW - Urban,Straight,,,,Unknown / not stated,Sealed,Wet,Fine,Dawn,Nil,No traffic controls,50 km/h,State,73,Off rd rght => obj,704,Right off cway into obj,,Vehicle - Object,Light truck utility(from 2018),,1,0,0,0,0,5,May,Autumn,Wednesday,06:00 - 07:59,AM peak / school commute,True,False,False,False
1352217,Non-casualty (towaway),Non-casualty (towaway),2024,2024,May,Monday,08:00 - 09:59,NEWCASTLE,EXP,120,South,MANDALONG ROAD,TO,MORISSET,6003.0,No,Not a school zone,Other,-33.118234,151.466575,Lake Macquarie,Newcastle met. area,Syd-Newc-Woll Gtr conurbation,Curved,,,,Unknown / not stated,Sealed,Dry,Fine,Daylight,Nil,No traffic controls,60 km/h,State,30,Rear end,301,Same - Rear end,,Rear end,Car (sedan/hatch),4 wheel drive / SUV,2,0,0,0,0,5,May,Autumn,Monday,08:00 - 09:59,AM peak / school commute,True,False,False,False
1352219,Non-casualty (towaway),Non-casualty (towaway),2024,2024,May,Thursday,18:00 - 19:59,EAST,DR,0,Right on the spot,SHAW,ST,BEXLEY NORTH,,No,Not a school zone,T-junction,-33.938714,151.109449,Bayside,Sydney metro. area,Syd-Newc-Woll Gtr conurbation,Straight,,,,Unknown / not stated,Sealed,Dry,Fine,Unknown,Nil,No traffic controls,50 km/h,Local,71,Off rd left => obj,703,Left off cway into object,,Other angle,4 wheel drive / SUV,Light truck utility(from 2018),3,0,0,0,0,5,May,Autumn,Thursday,18:00 - 19:59,PM peak / evening commute,True,False,False,False
1352223,Non-casualty (towaway),Non-casualty (towaway),2024,2024,May,Sunday,16:00 - 17:59,OSBORN,AVE,0,Right on the spot,THOMPSON,ST,MUSWELLBROOK,,No,Not a school zone,X-intersection,-32.276582,150.888242,Muswellbrook,Country urban,Rest of NSW - Urban,Straight,,,,Unknown / not stated,Sealed,Dry,Fine,Daylight,Nil,Stop sign,50 km/h,Local,10,Cross traffic,101,Adj - Cross traffic,,Right angle,Car (sedan/hatch),Car (sedan/hatch),2,0,0,0,0,5,May,Autumn,Sunday,16:00 - 17:59,PM peak / evening commute,True,False,False,False
1352224,Non-casualty (towaway),Non-casualty (towaway),2024,2024,May,Friday,08:00 - 09:59,WITHERS,RD,50,North,COMMERCIAL,RD,ROUSE HILL,,Yes,No,2-way undivided,-33.683393,150.931609,The Hills,Sydney metro. area,Syd-Newc-Woll Gtr conurbation,Straight,,,,Unknown / not stated,Sealed,Dry,Fine,Daylight,Nil,No traffic controls,60 km/h,Local,30,Rear end,301,Same - Rear end,,Rear end,Car (sedan/hatch),Car (sedan/hatch),2,0,0,0,0,5,May,Autumn,Friday,08:00 - 09:59,AM peak / school commute,True,False,False,False
1352228,Non-casualty (towaway),Non-casualty (towaway),2024,2024,May,Monday,16:00 - 17:59,MUNIBUNG,RD,0,Right on the spot,NUMBER 43,HN,CARDIFF,,No,Not a school zone,2-way undivided,-32.942725,151.647282,Lake Macquarie,Newcastle met. area,Syd-Newc-Woll Gtr conurbation,Straight,,,,Unknown / not stated,Sealed,Wet,Raining,Dusk,Nil,No traffic controls,60 km/h,Local,40,U turn,304,Same - U-turn,,Other angle,Station wagon,Car (sedan/hatch),2,0,0,0,0,5,May,Autumn,Monday,16:00 - 17:59,PM peak / evening commute,True,False,False,False
1352229,Non-casualty (towaway),Non-casualty (towaway),2024,2024,May,Wednesday,16:00 - 17:59,HEXHAM,ST,0,Right on the spot,KAHIBAH,RD,KAHIBAH,,No,Not a school zone,T-junction,-32.962464,151.710335,Lake Macquarie,Newcastle met. area,Syd-Newc-Woll Gtr conurbation,Curved,Steep grade,,,Unknown / not stated,Sealed,Dry,Fine,Dusk,Nil,Stop sign,60 km/h,Local,21,Right through,202,Opp - Right-thru,,Other angle,4 wheel drive / SUV,Car (sedan/hatch),2,0,0,0,0,5,May,Autumn,Wednesday,16:00 - 17:59,PM peak / evening commute,True,False,False,False
1352230,Non-casualty (towaway),Non-casualty (towaway),2024,2024,May,Wednesday,16:00 - 17:59,BECKWITH,ST,0,Right on the spot,KINCAID,ST,WAGGA WAGGA,,No,Not a school zone,X-intersection,-35.10605,147.36159,Wagga Wagga,Country urban,Rest of NSW - Urban,Straight,,,,Unknown / not stated,Sealed,Dry,Fine,Dusk,Nil,Give way sign,50 km/h,Local,10,Cross traffic,101,Adj - Cross traffic,,Right angle,4 wheel drive / SUV,4 wheel drive / SUV,2,0,0,0,0,5,May,Autumn,Wednesday,16:00 - 17:59,PM peak / evening commute,True,False,False,False
1352231,Non-casualty (towaway),Non-casualty (towaway),2024,2024,May,Monday,16:00 - 17:59,CHASTON,ST,0,Right on the spot,DOBNEY,AVE,WAGGA WAGGA,,No,Not a school zone,T-junction,-35.120327,147.345314,Wagga Wagga,Country urban,Rest of NSW - Urban,Straight,,,,Unknown / not stated,Sealed,Dry,Fine,Daylight,Nil,Give way sign,50 km/h,Local,21,Right through,202,Opp - Right-thru,,Other angle,4 wheel drive / SUV,Light truck utility(from 2018),2,0,0,0,0,5,May,Autumn,Monday,16:00 - 17:59,PM peak / evening commute,True,False,False,False
1352233,Non-casualty (towaway),Non-casualty (towaway),2024,2024,May,Saturday,08:00 - 09:59,BARCLAY,RD,0,Right on the spot,MILL,DR,NORTH ROCKS,7143.0,No,Not a school zone,T-junction,-33.764569,151.01203,The Hills,Sydney metro. area,Syd-Newc-Woll Gtr conurbation,Straight,,,,Unknown / not stated,Sealed,Dry,Fine,Daylight,Nil,Give way sign,60 km/h,Regional,13,Right near,104,Adj - Right-thru from right,,Right angle,Car (sedan/hatch),4 wheel drive / SUV,2,0,0,0,0,5,May,Autumn,Saturday,08:00 - 09:59,AM peak / school commute,True,False,False,False
1352234,Non-casualty (towaway),Non-casualty (towaway),2024,2024,May,Tuesday,00:01 - 01:59,BEACONSFIELD,ST,0,Right on the spot,QUEEN,ST,REVESBY,7125.0,No,Not a school zone,X-intersection,-33.944005,151.010072,Canterbury-Bankstown,Sydney metro. area,Syd-Newc-Woll Gtr conurbation,Straight,,,,Unknown / not stated,Sealed,Dry,Fine,Darkness,On,No traffic controls,60 km/h,Regional,10,Cross traffic,101,Adj - Cross traffic,,Right angle,Car (sedan/hatch),Car (sedan/hatch),2,0,0,0,0,5,May,Autumn,Tuesday,00:01 - 01:59,Late night / early morning,False,False,False,False
1352236,Non-casualty (towaway),Non-casualty (towaway),2024,2024,May,Tuesday,10:00 - 11:59,JAMES RUSE,DR,200,South,CUMBERLAND HIGHWAY,OP,OATLANDS,309.0,No,Not a school zone,Divided road,-33.797441,151.014457,Parramatta,Sydney metro. area,Syd-Newc-Woll Gtr conurbation,Curved,,,,Unknown / not stated,Sealed,Wet,Raining,Daylight,Nil,No traffic controls,90 km/h,State,33,Lane sideswipe,305,Same - Lane side swipe,,Other angle,Car (sedan/hatch),Large rigid,2,0,0,0,0,5,May,Autumn,Tuesday,10:00 - 11:59,Midday / afternoon,False,False,False,False
1352240,Non-casualty (towaway),Non-casualty (towaway),2024,2024,May,Friday,08:00 - 09:59,KNOX,ST,0,Right on the spot,NUMBER 17-19,HN,DOUBLE BAY,,No,Not a school zone,2-way undivided,-33.876992,151.242613,Woollahra,Sydney metro. area,Syd-Newc-Woll Gtr conurbation,Straight,,,,Unknown / not stated,Sealed,Dry,Fine,Daylight,Nil,No traffic controls,40 km/h,Local,40,U turn,207,Opp - U-turn,,Other angle,Car (sedan/hatch),Motor scooter,2,0,0,0,0,5,May,Autumn,Friday,08:00 - 09:59,AM peak / school commute,True,False,False,False
1352241,Non-casualty (towaway),Non-casualty (towaway),2024,2024,May,Sunday,14:00 - 15:59,OXFORD,ST,0,Right on the spot,OCEAN,ST,WOOLLAHRA,172.0,No,Not a school zone,T-junction,-33.889845,151.240486,Woollahra,Sydney metro. area,Syd-Newc-Woll Gtr conurbation,Curved,,,,Unknown / not stated,Sealed,Dry,Fine,Daylight,On,No traffic controls,60 km/h,State,81,Off left/rt bnd=>obj,803,Off right bend into obj,Left,Vehicle - Object,Car (sedan/hatch),,1,0,0,0,0,5,May,Autumn,Sunday,14:00 - 15:59,Midday / afternoon,False,False,False,False
1352244,Non-casualty (towaway),Non-casualty (towaway),2024,2024,May,Monday,08:00 - 09:59,KINGS,HWY,750,East,THULE,RD,NELLIGEN,51.0,No,Not a school zone,2-way undivided,-35.656271,150.154028,Eurobodalla,Country non-urban,Rest of NSW - Rural,Curved,Driveway/entrance,,,Unknown / not stated,Sealed,Dry,Fine,Daylight,Nil,No right turn,100 km/h,State,53,Overtake turning,506,Ovtak - Overtaking right turn,,Other angle,Light truck utility(from 2018),Large rigid,2,0,0,0,0,5,May,Autumn,Monday,08:00 - 09:59,AM peak / school commute,True,False,False,False
1352246,Non-casualty (towaway),Non-casualty (towaway),2024,2024,May,Sunday,00:01 - 01:59,PACIFIC,HWY,0,Right on the spot,CLYBUCCA REST AREA,TO,CLYBUCCA,10.0,No,Not a school zone,Divided road,-30.911196,152.914138,Kempsey,Country non-urban,Rest of NSW - Rural,Straight,,,,Unknown / not stated,Sealed,Wet,Raining,Darkness,Nil,No traffic controls,100 km/h,State,71,Off rd left => obj,703,Left off cway into object,,Vehicle - Object,Car (sedan/hatch),,1,0,0,0,0,5,May,Autumn,Sunday,00:01 - 01:59,Late night / early morning,False,False,False,False
1352247,Non-casualty (towaway),Non-casualty (towaway),2024,2024,May,Tuesday,08:00 - 09:59,VANESSA,ST,0,Right on the spot,NUMBER 103,HN,KINGSGROVE,7035.0,No,Not a school zone,2-way undivided,-33.941543,151.097533,Georges River,Sydney metro. area,Syd-Newc-Woll Gtr conurbation,Straight,Driveway/entrance,,,Unknown / not stated,Sealed,Dry,Fine,Daylight,Nil,No traffic controls,50 km/h,Regional,47,Emerging from drive,406,Manov - Emerging from driveway,,Right angle,Car (sedan/hatch),Other bus,2,0,0,0,0,5,May,Autumn,Tuesday,08:00 - 09:59,AM peak / school commute,True,False,False,False
1352249,Non-casualty (towaway),Non-casualty (towaway),2024,2024,May,Wednesday,18:00 - 19:59,MITCHELL,HWY,500,North,SIRIUS,ST,GIRILAMBONE,7.0,No,Not a school zone,2-way undivided,-31.243576,146.899132,Bogan,Country non-urban,Rest of NSW - Rural,Straight,Embankment/cutting,,,Unknown / not stated,Sealed,Dry,Fine,Darkness,Nil,No traffic controls,110 km/h,State,70,Off road to left,701,Off carriageway to left,,Rollover,B-double (road train prior 98),,1,0,0,0,0,5,May,Autumn,Wednesday,18:00 - 19:59,PM peak / evening commute,True,False,False,False
1352250,Non-casualty (towaway),Non-casualty (towaway),2024,2024,April,Wednesday,14:00 - 15:59,MANNING RIVER,DR,0,Right on the spot,OLD BAR,RD,GLENTHORNE,7776.0,No,Not a school zone,Roundabout,-31.939886,152.47194,Mid-Coast,Country urban,Rest of NSW - Urban,Straight,,,,Off,Sealed,Dry,Fine,Daylight,Nil,Give way sign,70 km/h,Regional,33,Lane sideswipe,305,Same - Lane side swipe,,Other angle,4 wheel drive / SUV,Car (sedan/hatch),2,0,0,0,0,4,April,Autumn,Wednesday,14:00 - 15:59,Midday / afternoon,False,False,False,False
1352258,Non-casualty (towaway),Non-casualty (towaway),2024,2024,May,Wednesday,20:00 - 21:59,MEDCALF,ST,0,Right on the spot,KING,ST,WARNERS BAY,527.0,No,Not a school zone,Roundabout,-32.966752,151.652297,Lake Macquarie,Newcastle met. area,Syd-Newc-Woll Gtr conurbation,Straight,,,,Unknown / not stated,Sealed,Wet,Overcast,Darkness,Nil,Give way sign,60 km/h,State,29,Other opposing,200,Opp - other,,Other angle,Car (sedan/hatch),Light truck utility(from 2018),2,0,0,0,0,5,May,Autumn,Wednesday,20:00 - 21:59,Evening / night,False,False,False,False
1352259,Non-casualty (towaway),Non-casualty (towaway),2024,2024,March,Wednesday,02:00 - 03:59,MOUNT LINDESAY,RD,0,Right on the spot,NUMBER 10267,HN,LEGUME,622.0,No,Not a school zone,2-way undivided,-28.437763,152.378935,Tenterfield,Country non-urban,Rest of NSW - Rural,Curved,Embankment/cutting,,,Unknown / not stated,Sealed,Wet,Raining,Darkness,Nil,No traffic controls,100 km/h,Regional,83,Off rt/rt bnd=>obj,803,Off right bend into obj,Right,Vehicle - Object,Car (sedan/hatch),,1,0,0,0,0,3,March,Autumn,Wednesday,02:00 - 03:59,Late night / early morning,False,False,False,False
1352260,Non-casualty (towaway),Non-casualty (towaway),2024,2024,May,Wednesday,14:00 - 15:59,LAKE,RD,0,Right on the spot,NUMBER 223,HN,GLENDALE,217.0,No,Not a school zone,2-way undivided,-32.922008,151.653009,Lake Macquarie,Newcastle met. area,Syd-Newc-Woll Gtr conurbation,Straight,,,,Unknown / not stated,Sealed,Dry,Fine,Daylight,Nil,No traffic controls,70 km/h,State,33,Lane sideswipe,305,Same - Lane side swipe,,Other angle,4 wheel drive / SUV,Car (sedan/hatch),2,0,0,0,0,5,May,Autumn,Wednesday,14:00 - 15:59,Midday / afternoon,False,False,False,False
1352263,Non-casualty (towaway),Non-casualty (towaway),2024,2024,May,Monday,16:00 - 17:59,CUMBERLAND,HWY,0,Right on the spot,DARCY,RD,WENTWORTHVILLE,13.0,No,Not a school zone,X-intersection,-33.80287,150.971204,Parramatta,Sydney metro. area,Syd-Newc-Woll Gtr conurbation,Curved,,,,Unknown / not stated,Sealed,Wet,Fine,Daylight,On,No traffic controls,70 km/h,State,21,Right through,202,Opp - Right-thru,,Other angle,Car (sedan/hatch),Large rigid,2,0,0,0,0,5,May,Autumn,Monday,16:00 - 17:59,PM peak / evening commute,True,False,False,False
1352266,Non-casualty (towaway),Non-casualty (towaway),2024,2024,May,Tuesday,04:00 - 05:59,MOSS VALE,RD,0,Right on the spot,NUMBER 600,HN,BURRADOO,260.0,No,Not a school zone,2-way undivided,-34.529602,150.39395,Wingecarribee,Country non-urban,Rest of NSW - Rural,Straight,,,,Unknown / not stated,Sealed,Dry,Fine,Darkness,Nil,No traffic controls,90 km/h,State,67,Struck animal,609,On path - Hit animal,,Vehicle - Animal,Large rigid,,2,0,0,0,0,5,May,Autumn,Tuesday,04:00 - 05:59,Late night / early morning,False,False,False,False
1352282,Non-casualty (towaway),Non-casualty (towaway),2024,2024,January,Sunday,14:00 - 15:59,RODEO,RD,0,Right on the spot,NUMBER 23,HN,GREGORY HILLS,,No,Not a school zone,2-way undivided,-34.026822,150.764129,Camden,Sydney metro. area,Syd-Newc-Woll Gtr conurbation,Straight,,,,Off,Sealed,Dry,Fine,Daylight,Nil,No traffic controls,50 km/h,Local,73,Off rd rght => obj,704,Right off cway into obj,,Other angle,Car (sedan/hatch),Large rigid,2,0,0,0,0,1,January,Summer,Sunday,14:00 - 15:59,Midday / afternoon,False,False,False,False
1352300,Non-casualty (towaway),Non-casualty (towaway),2024,2024,February,Friday,14:00 - 15:59,STATION,ST,100,North,PERRY,ST,WENTWORTHVILLE,,No,Not a school zone,2-way undivided,-33.810105,150.971377,Cumberland,Sydney metro. area,Syd-Newc-Woll Gtr conurbation,Straight,,,,Nil,Sealed,Dry,Fine,Daylight,Nil,No traffic controls,50 km/h,Local,71,Off rd left => obj,703,Left off cway into object,,Other angle,Car (sedan/hatch),Car (sedan/hatch),3,0,0,0,0,2,February,Summer,Friday,14:00 - 15:59,Midday / afternoon,False,False,False,False
1352314,Non-casualty (towaway),Non-casualty (towaway),2024,2024,February,Friday,22:00 - Midnight,LAKE,AVE,50,North,MONTEITH,ST,CRINGILA,,Yes,No,2-way undivided,-34.473537,150.871335,Wollongong,Wollongong met. area,Syd-Newc-Woll Gtr conurbation,Curved,Steep grade,,,On,Sealed,Dry,Fine,Darkness,Nil,No traffic controls,50 km/h,Local,87,Off lft/lft bnd=>obj,804,Off left bend into obj,Left,Other angle,Car (sedan/hatch),4 wheel drive / SUV,2,0,0,0,0,2,February,Summer,Friday,22:00 - Midnight,Evening / night,False,False,False,False
1352320,Non-casualty (towaway),Non-casualty (towaway),2024,2024,February,Friday,14:00 - 15:59,PRINCES,HWY,50,North,CRYSTAL,ST,SYLVANIA,1.0,No,Not a school zone,Divided road,-34.01661,151.092839,Sutherland,Sydney metro. area,Syd-Newc-Woll Gtr conurbation,Curved,,,,Off,Sealed,Dry,Fine,Daylight,Nil,No traffic controls,70 km/h,State,30,Rear end,301,Same - Rear end,,Rear end,Car (sedan/hatch),Car (sedan/hatch),2,0,0,0,0,2,February,Summer,Friday,14:00 - 15:59,Midday / afternoon,False,False,False,False
1352331,Non-casualty (towaway),Non-casualty (towaway),2024,2024,March,Friday,16:00 - 17:59,CLARENCE,ST,0,Right on the spot,NUMBER 80,HN,CONDELL PARK,,No,Not a school zone,2-way undivided,-33.922831,151.021872,Canterbury-Bankstown,Sydney metro. area,Syd-Newc-Woll Gtr conurbation,Straight,,,,Nil,Sealed,Dry,Fine,Daylight,Nil,No traffic controls,50 km/h,Local,42,Leaving parking,401,Manov - Leaving parking,,Other angle,Car (sedan/hatch),Passenger van,2,0,0,0,0,3,March,Autumn,Friday,16:00 - 17:59,PM peak / evening commute,True,False,False,False
1352347,Non-casualty (towaway),Non-casualty (towaway),2024,2024,March,Thursday,08:00 - 09:59,HUME,HWY,0,Right on the spot,COOPER,RD,YAGOONA,2.0,Yes,Yes,T-junction,-33.90764,151.025984,Canterbury-Bankstown,Sydney metro. area,Syd-Newc-Woll Gtr conurbation,Straight,,,,Off,Sealed,Dry,Fine,Daylight,On,No traffic controls,40 km/h,State,37,Left turn sideswipe,309,Same - Left turn side swipe,,Other angle,Unknown motor vehicle,Car (sedan/hatch),2,0,0,0,0,3,March,Autumn,Thursday,08:00 - 09:59,AM peak / school commute,True,False,False,False
1352358,Non-casualty (towaway),Non-casualty (towaway),2024,2024,April,Thursday,20:00 - 21:59,SILVEREYE,PL,0,Right on the spot,SOUTH LIVERPOOL,RD,HINCHINBROOK,,No,Not a school zone,T-junction,-33.910864,150.874655,Liverpool,Sydney metro. area,Syd-Newc-Woll Gtr conurbation,Straight,Foot/cycle path/nature strip,,,On,Sealed,Dry,Fine,Darkness,Nil,No traffic controls,50 km/h,Local,71,Off rd left => obj,703,Left off cway into object,,Vehicle - Object,4 wheel drive / SUV,,1,0,0,0,0,4,April,Autumn,Thursday,20:00 - 21:59,Evening / night,False,False,False,False
1352368,Non-casualty (towaway),Non-casualty (towaway),2024,2024,April,Sunday,14:00 - 15:59,OXFORD,ST,60,East,VICTORIA,AVE,WOOLLAHRA,172.0,No,Not a school zone,Divided road,-33.890358,151.235967,Woollahra,Sydney metro. area,Syd-Newc-Woll Gtr conurbation,Straight,,,,Off,Sealed,Dry,Fine,Daylight,Nil,No traffic controls,60 km/h,State,71,Off rd left => obj,703,Left off cway into object,,Other angle,Car (sedan/hatch),Light truck utility(from 2018),2,0,0,0,0,4,April,Autumn,Sunday,14:00 - 15:59,Midday / afternoon,False,False,False,False
1352387,Non-casualty (towaway),Non-casualty (towaway),2024,2024,April,Friday,18:00 - 19:59,PROSPECT,HWY,0,Right on the spot,SEVEN HILLS,RD,SEVEN HILLS,644.0,No,Not a school zone,T-junction,-33.767997,150.944033,Blacktown,Sydney metro. area,Syd-Newc-Woll Gtr conurbation,Curved,,Police pursuit,,On,Sealed,Dry,Fine,Darkness,On,No traffic controls,60 km/h,State,81,Off left/rt bnd=>obj,707,Right turn,Left,Vehicle - Object,4 wheel drive / SUV,,1,0,0,0,0,4,April,Autumn,Friday,18:00 - 19:59,PM peak / evening commute,True,False,False,False
1352413,Non-casualty (towaway),Non-casualty (towaway),2024,2024,April,Sunday,20:00 - 21:59,HOMEBUSH BAY,DR,0,Right on the spot,WESTERN,EXP,HOMEBUSH WEST,200.0,No,Not a school zone,T-junction,-33.856692,151.071009,Strathfield,Sydney metro. area,Syd-Newc-Woll Gtr conurbation,Curved,Other bridge,,,On,Sealed,Dry,Fine,Darkness,On,No traffic controls,80 km/h,State,36,Right turn sideswipe,308,Same - Rgt turn side swipe,,Other angle,Semi-trailer,Car (sedan/hatch),2,0,0,0,0,4,April,Autumn,Sunday,20:00 - 21:59,Evening / night,False,False,False,False
1352419,Non-casualty (towaway),Non-casualty (towaway),2024,2024,May,Saturday,16:00 - 17:59,WOODVILLE,RD,0,Right on the spot,WILLIAM,ST,GRANVILLE,640.0,No,Not a school zone,X-intersection,-33.834705,151.002056,Cumberland,Sydney metro. area,Syd-Newc-Woll Gtr conurbation,Straight,,,,On,Sealed,Dry,Fine,Darkness,On,No right turn,70 km/h,State,20,Head on,201,Opp - Head on,,Head-on,Light truck utility(from 2018),Light truck utility(from 2018),2,0,0,0,0,5,May,Autumn,Saturday,16:00 - 17:59,PM peak / evening commute,True,False,False,False
1352433,Non-casualty (towaway),Non-casualty (towaway),2024,2024,May,Friday,18:00 - 19:59,HEALY,AVE,0,Right on the spot,NUMBER 13,HN,GREGORY HILLS,,No,Not a school zone,2-way undivided,-34.027289,150.774341,Camden,Sydney metro. area,Syd-Newc-Woll Gtr conurbation,Straight,,,,On,Sealed,Wet,Raining,Darkness,Nil,No traffic controls,50 km/h,Local,71,Off rd left => obj,703,Left off cway into object,,Other angle,4 wheel drive / SUV,Car (sedan/hatch),2,0,0,0,0,5,May,Autumn,Friday,18:00 - 19:59,PM peak / evening commute,True,False,False,False
1352451,Non-casualty (towaway),Non-casualty (towaway),2024,2024,May,Sunday,18:00 - 19:59,CAPE THREE POINTS,RD,0,Right on the spot,NUMBER 104,HN,AVOCA BEACH,7779.0,No,Not a school zone,2-way undivided,-33.476168,151.436212,Central Coast,Country urban,Syd-Newc-Woll Gtr conurbation,Curved,Steep grade,,,Nil,Sealed,Wet,Raining,Darkness,Nil,No traffic controls,50 km/h,Regional,81,Off left/rt bnd=>obj,803,Off right bend into obj,Left,Vehicle - Object,Light truck utility(from 2018),,1,0,0,0,0,5,May,Autumn,Sunday,18:00 - 19:59,PM peak / evening commute,True,False,False,False
1352467,Non-casualty (towaway),Non-casualty (towaway),2024,2024,May,Monday,16:00 - 17:59,AVALOND,PDE,30,West,RUSKIN ROWE,AVE,AVALON BEACH,,No,Not a school zone,2-way undivided,-33.634224,151.323974,Northern Beaches,Sydney metro. area,Syd-Newc-Woll Gtr conurbation,Straight,,,,Nil,Sealed,Dry,Fine,Daylight,Nil,No traffic controls,50 km/h,Local,71,Off rd left => obj,703,Left off cway into object,,Other angle,Station wagon,Light truck utility(from 2018),2,0,0,0,0,5,May,Autumn,Monday,16:00 - 17:59,PM peak / evening commute,True,False,False,False
1352495,Non-casualty (towaway),Non-casualty (towaway),2024,2024,May,Saturday,22:00 - Midnight,PRINCES,HWY,1200,South,FAIRVIEW,RD,TILBA TILBA,1.0,No,Not a school zone,2-way undivided,-36.34616,150.023383,Eurobodalla,Country urban,Rest of NSW - Urban,Straight,,,,Nil,Sealed,Dry,Fine,Darkness,Nil,No traffic controls,80 km/h,State,74,On road-out of cont.,705,Out of control on cway,,Rollover,Light truck utility(from 2018),,1,0,0,0,0,5,May,Autumn,Saturday,22:00 - Midnight,Evening / night,False,False,False,False
1352498,Non-casualty (towaway),Non-casualty (towaway),2024,2024,April,Sunday,22:00 - Midnight,JUNCTION,RD,100,North,GEORGE RIVER,RD,RUSE,7190.0,No,Not a school zone,Divided road,-34.077072,150.840838,Campbelltown,Sydney metro. area,Syd-Newc-Woll Gtr conurbation,Straight,,,,On,Sealed,Dry,Fine,Darkness,Nil,No traffic controls,60 km/h,Regional,71,Off rd left => obj,703,Left off cway into object,,Vehicle - Object,Car (sedan/hatch),,1,0,0,0,0,4,April,Autumn,Sunday,22:00 - Midnight,Evening / night,False,False,False,False
1352511,Non-casualty (towaway),Non-casualty (towaway),2024,2024,May,Saturday,00:01 - 01:59,FISHER,RD,0,Right on the spot,SOUTH CREEK,RD,CROMER,,No,Not a school zone,T-junction,-33.735687,151.280083,Northern Beaches,Sydney metro. area,Syd-Newc-Woll Gtr conurbation,Straight,,,,On,Sealed,Wet,Raining,Darkness,Nil,Stop sign,50 km/h,Local,80,Off left/right bend,707,Right turn,Left,Rollover,Light truck utility(from 2018),,1,0,0,0,0,5,May,Autumn,Saturday,00:01 - 01:59,Late night / early morning,False,False,False,False
1352512,Non-casualty (towaway),Non-casualty (towaway),2024,2024,May,Friday,20:00 - 21:59,POUND,ST,0,Right on the spot,SEE,ST,GRAFTON,,No,Not a school zone,T-junction,-29.684689,152.927015,Clarence Valley,Country urban,Rest of NSW - Urban,Straight,,,,On,Sealed,Dry,Fine,Darkness,Nil,Give way sign,50 km/h,Local,20,Head on,201,Opp - Head on,,Head-on,Light truck utility(from 2018),4 wheel drive / SUV,2,0,0,0,0,5,May,Autumn,Friday,20:00 - 21:59,Evening / night,False,False,False,False
1352514,Non-casualty (towaway),Non-casualty (towaway),2024,2024,May,Saturday,06:00 - 07:59,CHRISTIE,ST,60,West,TRESCO,ST,ST MARYS,7485.0,No,Not a school zone,2-way undivided,-33.747263,150.771336,Penrith,Sydney metro. area,Syd-Newc-Woll Gtr conurbation,Curved,,,,Nil,Sealed,Dry,Fine,Daylight,Nil,No traffic controls,60 km/h,Regional,81,Off left/rt bnd=>obj,803,Off right bend into obj,Left,Other angle,4 wheel drive / SUV,Light truck,3,0,0,0,0,5,May,Autumn,Saturday,06:00 - 07:59,AM peak / school commute,True,False,False,False