crash_id,degree_of_crash,degree_of_crash_-_detailed,reporting_year,year_of_crash,month_of_crash,day_of_week_of_crash,two-hour_intervals,street_of_crash,street_type,distance,direction,identifying_feature,identifying_feature_type,town,route_no.,school_zone_location,school_zone_active,type_of_location,latitude,longitude,lga,urbanisation,conurbation_1,alignment,primary_permanent_feature,primary_temporary_feature,primary_hazardous_feature,street_lighting,road_surface,surface_condition,weather,natural_lighting,signals_operation,other_traffic_control,speed_limit,road_classification_(admin),rum_-_code,rum_-_description,dca_-_code,dca_-_description,dca_supplement,first_impact_type,key_tu_type,other_tu_type,no._of_traffic_units_involved,no._killed,no._seriously_injured,no._moderately_injured,no._minor-other_injured,month_num,month_label,season,day_label,time_label,time_band,is_peak_commute,is_fatal,is_injury,is_casualty
1352516,Non-casualty (towaway),Non-casualty (towaway),2024,2024,May,Thursday,16:00 - 17:59,GARDEN,ST,22,West,ELIZABETH,ST,ORANGE,,No,Not a school zone,2-way undivided,-33.29359,149.111672,Orange,Country urban,Rest of NSW - Urban,Straight,,,,On,Sealed,Dry,Fine,Dusk,Nil,No traffic controls,50 km/h,Local,71,Off rd left => obj,703,Left off cway into object,,Vehicle - Object,4 wheel drive / SUV,,1,0,0,0,0,5,May,Autumn,Thursday,16:00 - 17:59,PM peak / evening commute,True,False,False,False
1352519,Non-casualty (towaway),Non-casualty (towaway),2024,2024,May,Friday,18:00 - 19:59,ALBATROSS,RD,50,West,KINGHORNE,ST,NOWRA,92.0,No,Not a school zone,2-way undivided,-34.887299,150.599991,Shoalhaven,Country urban,Rest of NSW - Urban,Straight,,,,On,Sealed,Dry,Fine,Darkness,Nil,No traffic controls,60 km/h,Regional,71,Off rd left => obj,703,Left off cway into object,,Other angle,Light truck utility(from 2018),4 wheel drive / SUV,2,0,0,0,0,5,May,Autumn,Friday,18:00 - 19:59,PM peak / evening commute,True,False,False,False
1352523,Non-casualty (towaway),Non-casualty (towaway),2024,2024,May,Thursday,12:00 - 13:59,STINGAREE POINT,DR,0,Right on the spot,NUMBER 96,HN,DORA CREEK,,No,Not a school zone,2-way undivided,-33.089854,151.524756,Lake Macquarie,Newcastle met. area,Syd-Newc-Woll Gtr conurbation,Curved,,,,Nil,Sealed,Dry,Fine,Daylight,Nil,No traffic controls,50 km/h,Local,85,Off rt/lft bnd=>obj,804,Off left bend into obj,Right,Vehicle - Object,4 wheel drive / SUV,,1,0,0,0,0,5,May,Autumn,Thursday,12:00 - 13:59,Midday / afternoon,False,False,False,False
1352527,Non-casualty (towaway),Non-casualty (towaway),2024,2024,May,Thursday,04:00 - 05:59,WESTERN,EXP,770,East,MAMRE ROAD,OP,ST MARYS,6004.0,No,Not a school zone,Dual freeway,-33.785327,150.779233,Penrith,Sydney metro. area,Syd-Newc-Woll Gtr conurbation,Straight,,,,On,Sealed,Dry,Fine,Dawn,Nil,No traffic controls,110 km/h,State,73,Off rd rght => obj,704,Right off cway into obj,,Vehicle - Object,Light truck utility(from 2018),,1,0,0,0,0,5,May,Autumn,Thursday,04:00 - 05:59,Late night / early morning,False,False,False,False
1352529,Non-casualty (towaway),Non-casualty (towaway),2024,2024,May,Sunday,12:00 - 13:59,NAVAL COLLEGE,RD,255,North,THE WOOL,RD,WORROWING HEIGHTS,7634.0,No,Not a school zone,Divided road,-35.077198,150.655338,Shoalhaven,Country urban,Rest of NSW - Urban,Curved,,,Potholes/corrugations/rough,Off,Sealed,Wet,Raining,Daylight,On,Ped crossing,60 km/h,Regional,83,Off rt/rt bnd=>obj,803,Off right bend into obj,Right,Vehicle - Object,Station wagon,,2,0,0,0,0,5,May,Autumn,Sunday,12:00 - 13:59,Midday / afternoon,False,False,False,False
1352547,Non-casualty (towaway),Non-casualty (towaway),2024,2024,April,Saturday,02:00 - 03:59,CENTENNIAL,AVE,30,South,MOWBRAY,RD,LANE COVE NORTH,2092.0,No,Not a school zone,2-way undivided,-33.80642,151.166387,Lane Cove,Sydney metro. area,Syd-Newc-Woll Gtr conurbation,Straight,Steep grade,,,On,Sealed,Wet,Raining,Darkness,Nil,No traffic controls,60 km/h,Regional,71,Off rd left => obj,703,Left off cway into object,,Other angle,4 wheel drive / SUV,Car (sedan/hatch),3,0,0,0,0,4,April,Autumn,Saturday,02:00 - 03:59,Late night / early morning,False,False,False,False
1352569,Non-casualty (towaway),Non-casualty (towaway),2024,2024,May,Saturday,00:01 - 01:59,BROGERS CREEK,RD,600,North,WATTAMOLLA,RD,WOODHILL,,No,Not a school zone,2-way undivided,-34.721585,150.687764,Shoalhaven,Country non-urban,Rest of NSW - Rural,Curved,Steep grade,,,Nil,Sealed,Wet,Raining,Darkness,Nil,No traffic controls,100 km/h,Local,81,Off left/rt bnd=>obj,803,Off right bend into obj,Left,Vehicle - Object,4 wheel drive / SUV,,1,0,0,0,0,5,May,Autumn,Saturday,00:01 - 01:59,Late night / early morning,False,False,False,False
1352572,Non-casualty (towaway),Non-casualty (towaway),2024,2024,May,Friday,00:01 - 01:59,SNAPE,ST,0,Right on the spot,NUMBER 26,HN,MAROUBRA,,No,Not a school zone,2-way undivided,-33.933989,151.232636,Randwick,Sydney metro. area,Syd-Newc-Woll Gtr conurbation,Straight,,,,Nil,Sealed,Dry,Fine,Darkness,Nil,No traffic controls,50 km/h,Local,71,Off rd left => obj,703,Left off cway into object,,Other angle,Car (sedan/hatch),Car (sedan/hatch),3,0,0,0,0,5,May,Autumn,Friday,00:01 - 01:59,Late night / early morning,False,False,False,False
1352574,Non-casualty (towaway),Non-casualty (towaway),2024,2024,May,Sunday,06:00 - 07:59,NUWARRA,RD,0,Right on the spot,MARSHALL,AVE,MOOREBANK,7269.0,No,Not a school zone,Roundabout,-33.942477,150.951366,Liverpool,Sydney metro. area,Syd-Newc-Woll Gtr conurbation,Straight,,,,Off,Sealed,Dry,Fine,Daylight,Nil,Give way sign,60 km/h,Regional,10,Cross traffic,101,Adj - Cross traffic,,Right angle,Car (sedan/hatch),4 wheel drive / SUV,2,0,0,0,0,5,May,Autumn,Sunday,06:00 - 07:59,AM peak / school commute,True,False,False,False
1352591,Non-casualty (towaway),Non-casualty (towaway),2024,2024,May,Friday,18:00 - 19:59,KOONYUM RANGE,RD,4300,North,WILSONS CREEK,RD,KOONYUM RANGE,,No,Not a school zone,2-way undivided,-28.552971,153.412161,Byron,Country urban,Rest of NSW - Urban,Straight,,,,Nil,Unsealed,Dry,Fine,Daylight,Nil,No traffic controls,50 km/h,Local,73,Off rd rght => obj,704,Right off cway into obj,,Vehicle - Object,Light truck utility(from 2018),,1,0,0,0,0,5,May,Autumn,Friday,18:00 - 19:59,PM peak / evening commute,True,False,False,False
1352602,Non-casualty (towaway),Non-casualty (towaway),2024,2024,April,Friday,18:00 - 19:59,PACIFIC,HWY,0,Right on the spot,WALLARAH,RD,WOONGARRAH,10.0,No,Not a school zone,Roundabout,-33.252241,151.48942,Central Coast,Country urban,Syd-Newc-Woll Gtr conurbation,Curved,,,,On,Sealed,Dry,Fine,Darkness,Nil,Give way sign,70 km/h,State,10,Cross traffic,101,Adj - Cross traffic,,Right angle,4 wheel drive / SUV,Car (sedan/hatch),2,0,0,0,0,4,April,Autumn,Friday,18:00 - 19:59,PM peak / evening commute,True,False,False,False
1352605,Non-casualty (towaway),Non-casualty (towaway),2024,2024,May,Tuesday,08:00 - 09:59,MAIN,ST,0,Right on the spot,CALERO,ST,LITHGOW,516.0,No,Not a school zone,T-junction,-33.483163,150.147752,Lithgow,Country urban,Rest of NSW - Urban,Straight,,,,Off,Sealed,Dry,Fine,Daylight,Nil,Give way sign,50 km/h,State,11,Right far,102,Adj - Right-thru from left,,Right angle,Unknown motor vehicle,Car (sedan/hatch),2,0,0,0,0,5,May,Autumn,Tuesday,08:00 - 09:59,AM peak / school commute,True,False,False,False
1352607,Non-casualty (towaway),Non-casualty (towaway),2024,2024,April,Tuesday,08:00 - 09:59,EDENSOR,RD,20,West,BOSNJAK,AVE,EDENSOR PARK,7228.0,No,Not a school zone,2-way undivided,-33.876503,150.877731,Fairfield,Sydney metro. area,Syd-Newc-Woll Gtr conurbation,Straight,,,,Nil,Sealed,Dry,Overcast,Daylight,Nil,No traffic controls,60 km/h,Regional,73,Off rd rght => obj,704,Right off cway into obj,,Other angle,Station wagon,4 wheel drive / SUV,2,0,0,0,0,4,April,Autumn,Tuesday,08:00 - 09:59,AM peak / school commute,True,False,False,False
1352608,Non-casualty (towaway),Non-casualty (towaway),2024,2024,March,Wednesday,22:00 - Midnight,KIALLA,RD,15,North,MCDONALD,ST,CROOKWELL,,No,Not a school zone,2-way undivided,-34.465213,149.468248,Upper Lachlan,Country urban,Rest of NSW - Urban,Straight,,,,On,Sealed,Dry,Fine,Darkness,Nil,No traffic controls,50 km/h,Local,73,Off rd rght => obj,704,Right off cway into obj,,Vehicle - Object,Light truck utility(from 2018),,1,0,0,0,0,3,March,Autumn,Wednesday,22:00 - Midnight,Evening / night,False,False,False,False
1352611,Non-casualty (towaway),Non-casualty (towaway),2024,2024,May,Saturday,00:01 - 01:59,MACARTHUR,ST,0,Right on the spot,ROBERTSON,RD,KILLARNEY VALE,,No,Not a school zone,T-junction,-33.37175,151.46154,Central Coast,Country urban,Syd-Newc-Woll Gtr conurbation,Straight,,,,On,Sealed,Wet,Raining,Darkness,Nil,No traffic controls,50 km/h,Local,71,Off rd left => obj,703,Left off cway into object,,Other angle,Car (sedan/hatch),Car (sedan/hatch),2,0,0,0,0,5,May,Autumn,Saturday,00:01 - 01:59,Late night / early morning,False,False,False,False
1352628,Non-casualty (towaway),Non-casualty (towaway),2024,2024,May,Friday,16:00 - 17:59,GREAT WESTERN,HWY,0,Right on the spot,LIVERPOOL PARRAMATTA TRANSITWAY,MS,SOUTH WENTWORTHVILLE,5.0,No,Not a school zone,T-junction,-33.816421,150.973158,Cumberland,Sydney metro. area,Syd-Newc-Woll Gtr conurbation,Straight,Bus/transit lane,,,Nil,Sealed,Wet,Raining,Dusk,On,No traffic controls,80 km/h,State,30,Rear end,301,Same - Rear end,,Rear end,Car (sedan/hatch),Car (sedan/hatch),2,0,0,0,0,5,May,Autumn,Friday,16:00 - 17:59,PM peak / evening commute,True,False,False,False
1352630,Non-casualty (towaway),Non-casualty (towaway),2024,2024,May,Friday,16:00 - 17:59,NEW SOUTH HEAD,RD,10,East,GLENMORE,RD,EDGECLIFF,173.0,No,Not a school zone,T-junction,-33.877302,151.233552,Woollahra,Sydney metro. area,Syd-Newc-Woll Gtr conurbation,Curved,,,,Off,Sealed,Dry,Fine,Daylight,Unknown / not stated,Ped crossing,60 km/h,State,33,Lane sideswipe,305,Same - Lane side swipe,,Other angle,Unknown motor vehicle,4 wheel drive / SUV,2,0,0,0,0,5,May,Autumn,Friday,16:00 - 17:59,PM peak / evening commute,True,False,False,False
1352635,Non-casualty (towaway),Non-casualty (towaway),2024,2024,May,Wednesday,16:00 - 17:59,WAUGH,RD,0,Right on the spot,NUMBER 1035,HN,NORTH ALBURY,,No,Not a school zone,2-way undivided,-36.055591,146.928948,Albury,Country urban,Rest of NSW - Urban,Straight,,,,Nil,Sealed,Dry,Fine,Daylight,Nil,No traffic controls,60 km/h,Local,71,Off rd left => obj,703,Left off cway into object,,Other angle,4 wheel drive / SUV,4 wheel drive / SUV,3,0,0,0,0,5,May,Autumn,Wednesday,16:00 - 17:59,PM peak / evening commute,True,False,False,False
1352647,Non-casualty (towaway),Non-casualty (towaway),2024,2024,May,Saturday,18:00 - 19:59,BLACKWOOD,CCT,0,Right on the spot,NUMBER 80,HN,CAMERON PARK,,No,Not a school zone,2-way undivided,-32.898904,151.604791,Lake Macquarie,Newcastle met. area,Syd-Newc-Woll Gtr conurbation,Curved,Steep grade,,,On,Sealed,Wet,Raining,Darkness,Nil,No traffic controls,50 km/h,Local,81,Off left/rt bnd=>obj,803,Off right bend into obj,Left,Other angle,Car (sedan/hatch),4 wheel drive / SUV,2,0,0,0,0,5,May,Autumn,Saturday,18:00 - 19:59,PM peak / evening commute,True,False,False,False
1352678,Non-casualty (towaway),Non-casualty (towaway),2024,2024,April,Tuesday,12:00 - 13:59,PRINCES,HWY,300,South,CANBERRA,CRES,BURRILL LAKE,1.0,No,Not a school zone,2-way undivided,-35.38462,150.455449,Shoalhaven,Country urban,Rest of NSW - Urban,Straight,,,,Unknown / not stated,Sealed,Dry,Fine,Daylight,Nil,No traffic controls,70 km/h,State,20,Head on,201,Opp - Head on,,Head-on,4 wheel drive / SUV,4 wheel drive / SUV,2,0,0,0,0,4,April,Autumn,Tuesday,12:00 - 13:59,Midday / afternoon,False,False,False,False
1352680,Non-casualty (towaway),Non-casualty (towaway),2024,2024,May,Thursday,08:00 - 09:59,BARRIER,HWY,30000,East,BROKEN HILL,TN,BROKEN HILL,8.0,No,Not a school zone,2-way undivided,-31.885459,141.769571,Unincorporated,Country non-urban,Rest of NSW - Rural,Straight,Painted double centre lines,,,Unknown / not stated,Sealed,Dry,Fine,Daylight,Nil,No traffic controls,110 km/h,State,20,Head on,201,Opp - Head on,,Head-on,Light truck utility(from 2018),Car (sedan/hatch),2,0,0,0,0,5,May,Autumn,Thursday,08:00 - 09:59,AM peak / school commute,True,False,False,False
1352683,Non-casualty (towaway),Non-casualty (towaway),2024,2024,May,Wednesday,08:00 - 09:59,WYBONG,RD,1000,North,YARRAMAN,RD,WYBONG,,No,Not a school zone,2-way undivided,-32.279517,150.654101,Muswellbrook,Country non-urban,Rest of NSW - Rural,Straight,,,,Unknown / not stated,Sealed,Dry,Fine,Daylight,Nil,No traffic controls,100 km/h,Local,67,Struck animal,609,On path - Hit animal,,Vehicle - Animal,Car (sedan/hatch),,1,0,0,0,0,5,May,Autumn,Wednesday,08:00 - 09:59,AM peak / school commute,True,False,False,False
1352686,Non-casualty (towaway),Non-casualty (towaway),2024,2024,May,Thursday,10:00 - 11:59,PACIFIC,HWY,300,South,MACLEAY VALLEY WAY,OP,SOUTH KEMPSEY,10.0,No,Not a school zone,Divided road,-31.130135,152.825972,Kempsey,Country non-urban,Rest of NSW - Rural,Straight,,,,Unknown / not stated,Sealed,Dry,Fine,Daylight,Nil,No traffic controls,110 km/h,State,42,Leaving parking,401,Manov - Leaving parking,,Other angle,B-double (road train prior 98),4 wheel drive / SUV,2,0,0,0,0,5,May,Autumn,Thursday,10:00 - 11:59,Midday / afternoon,False,False,False,False
1352687,Non-casualty (towaway),Non-casualty (towaway),2024,2024,May,Sunday,14:00 - 15:59,BAYVIEW,ST,200,North,WARNERS BAY,RD,MOUNT HUTTON,,No,Not a school zone,2-way undivided,-32.97542,151.669734,Lake Macquarie,Newcastle met. area,Syd-Newc-Woll Gtr conurbation,Curved,Painted double centre lines,,,Unknown / not stated,Sealed,Dry,Fine,Daylight,Nil,No traffic controls,60 km/h,Local,40,U turn,207,Opp - U-turn,,Other angle,4 wheel drive / SUV,4 wheel drive / SUV,2,0,0,0,0,5,May,Autumn,Sunday,14:00 - 15:59,Midday / afternoon,False,False,False,False
1352689,Non-casualty (towaway),Non-casualty (towaway),2024,2024,May,Monday,08:00 - 09:59,MONA VALE,RD,0,Right on the spot,KILLEATON,ST,ST IVES,162.0,No,Not a school zone,T-junction,-33.727155,151.165758,Ku-ring-gai,Sydney metro. area,Syd-Newc-Woll Gtr conurbation,Straight,,,,Unknown / not stated,Sealed,Dry,Fine,Daylight,Nil,No traffic controls,60 km/h,State,32,Right rear,303,Same - Rear right,,Rear end,Station wagon,Car (sedan/hatch),2,0,0,0,0,5,May,Autumn,Monday,08:00 - 09:59,AM peak / school commute,True,False,False,False
1352692,Non-casualty (towaway),Non-casualty (towaway),2024,2024,May,Thursday,08:00 - 09:59,CASTLEREAGH,HWY,0,Right on the spot,NUMBER 7334,HN,ILFORD,18.0,No,Not a school zone,2-way undivided,-32.934309,149.854289,Mid-Western Regional,Country non-urban,Rest of NSW - Rural,Straight,Driveway/entrance,,,Unknown / not stated,Sealed,Dry,Fine,Daylight,Nil,No traffic controls,100 km/h,State,47,Emerging from drive,406,Manov - Emerging from driveway,,Right angle,4 wheel drive / SUV,Semi-trailer,2,0,0,0,0,5,May,Autumn,Thursday,08:00 - 09:59,AM peak / school commute,True,False,False,False
1352693,Non-casualty (towaway),Non-casualty (towaway),2024,2024,May,Sunday,18:00 - 19:59,DIBBS,ST,0,Right on the spot,GOW,ST,ADAMSTOWN,,No,Not a school zone,L-junction,-32.939378,151.713888,Newcastle,Newcastle met. area,Syd-Newc-Woll Gtr conurbation,Straight,,,,Unknown / not stated,Sealed,Dry,Fine,Darkness,Nil,No traffic controls,50 km/h,Local,93,Pkd veh runaway=>obj,906,Parked vehicle ran away,,Vehicle - Object,Car (sedan/hatch),,1,0,0,0,0,5,May,Autumn,Sunday,18:00 - 19:59,PM peak / evening commute,True,False,False,False
1352696,Non-casualty (towaway),Non-casualty (towaway),2024,2024,May,Wednesday,12:00 - 13:59,DOCKER,ST,0,Right on the spot,MEURANT,AVE,WAGGA WAGGA,211.0,No,Not a school zone,T-junction,-35.120874,147.355393,Wagga Wagga,Country urban,Rest of NSW - Urban,Straight,,,,Unknown / not stated,Sealed,Dry,Fine,Daylight,Nil,No traffic controls,50 km/h,Regional,13,Right near,104,Adj - Right-thru from right,,Right angle,Car (sedan/hatch),4 wheel drive / SUV,2,0,0,0,0,5,May,Autumn,Wednesday,12:00 - 13:59,Midday / afternoon,False,False,False,False
1352702,Non-casualty (towaway),Non-casualty (towaway),2024,2024,May,Sunday,16:00 - 17:59,FRENCHS FOREST,RD,0,Right on the spot,SYDNEY,RD,SEAFORTH,397.0,No,Not a school zone,Roundabout,-33.797371,151.249953,Northern Beaches,Sydney metro. area,Syd-Newc-Woll Gtr conurbation,Straight,,,,Unknown / not stated,Sealed,Dry,Fine,Dusk,Nil,Give way sign,50 km/h,State,30,Rear end,301,Same - Rear end,,Rear end,Passenger van,Car (sedan/hatch),2,0,0,0,0,5,May,Autumn,Sunday,16:00 - 17:59,PM peak / evening commute,True,False,False,False
1352703,Non-casualty (towaway),Non-casualty (towaway),2024,2024,May,Wednesday,16:00 - 17:59,CENTRAL HILLS,DR,0,Right on the spot,GREGORY HILLS,DR,GREGORY HILLS,,No,Not a school zone,X-intersection,-34.021987,150.765274,Camden,Sydney metro. area,Syd-Newc-Woll Gtr conurbation,Straight,,,,Unknown / not stated,Sealed,Dry,Fine,Dusk,On,No traffic controls,50 km/h,Local,21,Right through,202,Opp - Right-thru,,Other angle,Car (sedan/hatch),4 wheel drive / SUV,2,0,0,0,0,5,May,Autumn,Wednesday,16:00 - 17:59,PM peak / evening commute,True,False,False,False
1352704,Non-casualty (towaway),Non-casualty (towaway),2024,2024,May,Friday,16:00 - 17:59,PRINCES,HWY,600,North,FARNELL,AVE,SUTHERLAND,1.0,No,Not a school zone,Divided road,-34.048483,151.052066,Sutherland,Sydney metro. area,Syd-Newc-Woll Gtr conurbation,Straight,,,,Unknown / not stated,Sealed,Dry,Fine,Dusk,Nil,No traffic controls,80 km/h,State,30,Rear end,301,Same - Rear end,,Rear end,4 wheel drive / SUV,Light truck utility(from 2018),2,0,0,0,0,5,May,Autumn,Friday,16:00 - 17:59,PM peak / evening commute,True,False,False,False
1352708,Non-casualty (towaway),Non-casualty (towaway),2024,2024,May,Wednesday,12:00 - 13:59,COOLAMON SCENIC,DR,10,East,MYOCUM,RD,MULLUMBIMBY,,No,Not a school zone,T-junction,-28.570331,153.4871,Byron,Country urban,Rest of NSW - Urban,Straight,,,,Unknown / not stated,Sealed,Dry,Fine,Daylight,Nil,Stop sign,80 km/h,Local,71,Off rd left => obj,703,Left off cway into object,,Vehicle - Object,4 wheel drive / SUV,,1,0,0,0,0,5,May,Autumn,Wednesday,12:00 - 13:59,Midday / afternoon,False,False,False,False
1352710,Non-casualty (towaway),Non-casualty (towaway),2024,2024,May,Wednesday,16:00 - 17:59,HENRY LAWSON,DR,0,Right on the spot,FREDA,ST,EAST HILLS,508.0,No,Not a school zone,T-junction,-33.966519,150.993572,Canterbury-Bankstown,Sydney metro. area,Syd-Newc-Woll Gtr conurbation,Straight,,,,Unknown / not stated,Sealed,Dry,Fine,Daylight,Nil,No traffic controls,60 km/h,State,30,Rear end,301,Same - Rear end,,Rear end,4 wheel drive / SUV,4 wheel drive / SUV,3,0,0,0,0,5,May,Autumn,Wednesday,16:00 - 17:59,PM peak / evening commute,True,False,False,False
1352713,Non-casualty (towaway),Non-casualty (towaway),2024,2024,May,Thursday,16:00 - 17:59,ASHCROFT,ST,0,Right on the spot,ENDEAVOUR,RD,GEORGES HALL,,No,Not a school zone,X-intersection,-33.914833,150.979178,Canterbury-Bankstown,Sydney metro. area,Syd-Newc-Woll Gtr conurbation,Straight,,,,Unknown / not stated,Sealed,Dry,Fine,Dusk,Nil,Give way sign,50 km/h,Local,10,Cross traffic,101,Adj - Cross traffic,,Right angle,Car (sedan/hatch),Light truck utility(from 2018),2,0,0,0,0,5,May,Autumn,Thursday,16:00 - 17:59,PM peak / evening commute,True,False,False,False
1352717,Non-casualty (towaway),Non-casualty (towaway),2024,2024,May,Saturday,16:00 - 17:59,VICTORIA,ST,0,Right on the spot,PULTENEY,ST,TAREE,7776.0,No,Not a school zone,X-intersection,-31.914191,152.459879,Mid-Coast,Country urban,Rest of NSW - Urban,Straight,,,,Unknown / not stated,Sealed,Dry,Fine,Daylight,On,No traffic controls,40 km/h,Regional,23,Right/left,203,Opp - Right-left,,Other angle,Car (sedan/hatch),Light truck utility(from 2018),2,0,0,0,0,5,May,Autumn,Saturday,16:00 - 17:59,PM peak / evening commute,True,False,False,False
1352718,Non-casualty (towaway),Non-casualty (towaway),2024,2024,May,Monday,08:00 - 09:59,CABBAGE TREE,RD,0,Right on the spot,MASONITE,RD,TOMAGO,302.0,No,Not a school zone,T-junction,-32.813055,151.773512,Port Stephens,Country urban,Rest of NSW - Urban,Curved,,,,Unknown / not stated,Sealed,Dry,Fine,Daylight,Nil,Give way sign,80 km/h,State,42,Leaving parking,401,Manov - Leaving parking,,Other angle,4 wheel drive / SUV,Car (sedan/hatch),2,0,0,0,0,5,May,Autumn,Monday,08:00 - 09:59,AM peak / school commute,True,False,False,False
1352722,Non-casualty (towaway),Non-casualty (towaway),2024,2024,May,Wednesday,10:00 - 11:59,FRENCHS FOREST,RD,0,Right on the spot,SYDNEY,RD,SEAFORTH,397.0,No,Not a school zone,Roundabout,-33.797329,151.250135,Northern Beaches,Sydney metro. area,Syd-Newc-Woll Gtr conurbation,Curved,,,,Unknown / not stated,Sealed,Dry,Fine,Daylight,Nil,Give way sign,50 km/h,State,10,Cross traffic,101,Adj - Cross traffic,,Right angle,Car (sedan/hatch),Car (sedan/hatch),2,0,0,0,0,5,May,Autumn,Wednesday,10:00 - 11:59,Midday / afternoon,False,False,False,False
1352724,Non-casualty (towaway),Non-casualty (towaway),2024,2024,May,Wednesday,16:00 - 17:59,WESTERN,EXP,100,West,MAMRE ROAD,OP,ORCHARD HILLS,6004.0,No,Not a school zone,Dual freeway,-33.784161,150.769774,Penrith,Sydney metro. area,Syd-Newc-Woll Gtr conurbation,Straight,,,,Unknown / not stated,Sealed,Dry,Fine,Dusk,Nil,No traffic controls,110 km/h,State,30,Rear end,301,Same - Rear end,,Rear end,Car (sedan/hatch),Large rigid,2,0,0,0,0,5,May,Autumn,Wednesday,16:00 - 17:59,PM peak / evening commute,True,False,False,False
1352725,Non-casualty (towaway),Non-casualty (towaway),2024,2024,May,Saturday,08:00 - 09:59,HAMPDEN,RD,0,Right on the spot,NUMBER 85-91,HN,ARTARMON,,No,Not a school zone,2-way undivided,-33.806842,151.182124,Willoughby,Sydney metro. area,Syd-Newc-Woll Gtr conurbation,Straight,Driveway/entrance,,,Unknown / not stated,Sealed,Dry,Fine,Daylight,Nil,No traffic controls,50 km/h,Local,47,Emerging from drive,406,Manov - Emerging from driveway,,Right angle,4 wheel drive / SUV,Car (sedan/hatch),2,0,0,0,0,5,May,Autumn,Saturday,08:00 - 09:59,AM peak / school commute,True,False,False,False
1352726,Non-casualty (towaway),Non-casualty (towaway),2024,2024,May,Saturday,12:00 - 13:59,OLD PRINCES,HWY,0,Right on the spot,AUBURN,ST,SUTHERLAND,663.0,No,Not a school zone,T-junction,-34.030928,151.065325,Sutherland,Sydney metro. area,Syd-Newc-Woll Gtr conurbation,Straight,,,,Unknown / not stated,Sealed,Dry,Overcast,Daylight,Nil,Give way sign,70 km/h,State,30,Rear end,301,Same - Rear end,,Rear end,Light truck utility(from 2018),4 wheel drive / SUV,3,0,0,0,0,5,May,Autumn,Saturday,12:00 - 13:59,Midday / afternoon,False,False,False,False
1352727,Non-casualty (towaway),Non-casualty (towaway),2024,2024,May,Sunday,06:00 - 07:59,DOONSIDE,RD,0,Right on the spot,GARMARADA,AVE,BUNGARRIBEE,7153.0,No,Not a school zone,X-intersection,-33.769172,150.871126,Blacktown,Sydney metro. area,Syd-Newc-Woll Gtr conurbation,Straight,,,,Unknown / not stated,Sealed,Dry,Fog or mist,Daylight,On,No traffic controls,60 km/h,Regional,36,Right turn sideswipe,308,Same - Rgt turn side swipe,,Other angle,4 wheel drive / SUV,4 wheel drive / SUV,2,0,0,0,0,5,May,Autumn,Sunday,06:00 - 07:59,AM peak / school commute,True,False,False,False
1352730,Non-casualty (towaway),Non-casualty (towaway),2024,2024,May,Sunday,12:00 - 13:59,POWER,ST,0,Right on the spot,NUMBER 4,HN,DOONSIDE,,No,Not a school zone,2-way undivided,-33.756657,150.874952,Blacktown,Sydney metro. area,Syd-Newc-Woll Gtr conurbation,Straight,,,,Unknown / not stated,Sealed,Dry,Fine,Daylight,Nil,No traffic controls,50 km/h,Local,71,Off rd left => obj,703,Left off cway into object,,Other angle,Car (sedan/hatch),Box trailer,4,0,0,0,0,5,May,Autumn,Sunday,12:00 - 13:59,Midday / afternoon,False,False,False,False
1352733,Non-casualty (towaway),Non-casualty (towaway),2024,2024,May,Tuesday,12:00 - 13:59,KAITLERS,RD,0,Right on the spot,NUMBER 388,HN,SPRINGDALE HEIGHTS,,Yes,No,2-way undivided,-36.033484,146.946048,Albury,Country urban,Rest of NSW - Urban,Straight,Driveway/entrance,,,Unknown / not stated,Sealed,Dry,Fine,Daylight,Nil,No traffic controls,60 km/h,Local,47,Emerging from drive,406,Manov - Emerging from driveway,,Right angle,Car (sedan/hatch),Car (sedan/hatch),2,0,0,0,0,5,May,Autumn,Tuesday,12:00 - 13:59,Midday / afternoon,False,False,False,False
1352734,Non-casualty (towaway),Non-casualty (towaway),2024,2024,May,Tuesday,02:00 - 03:59,TWEED VALLEY,WAY,100,South,CUDGEN,RD,STOTTS CREEK,679.0,No,Not a school zone,Divided road,-28.272905,153.50858,Tweed,Country non-urban,Rest of NSW - Rural,Straight,,,,Unknown / not stated,Sealed,Dry,Fine,Darkness,Nil,No traffic controls,100 km/h,Regional,73,Off rd rght => obj,704,Right off cway into obj,,Vehicle - Object,4 wheel drive / SUV,,1,0,0,0,0,5,May,Autumn,Tuesday,02:00 - 03:59,Late night / early morning,False,False,False,False
1352735,Non-casualty (towaway),Non-casualty (towaway),2024,2024,May,Thursday,08:00 - 09:59,RICHMOND,ST,100,East,CEDAR,ST,WOODBURN,,No,Not a school zone,2-way undivided,-29.07295,153.342771,Richmond Valley,Country urban,Rest of NSW - Urban,Straight,,,,Unknown / not stated,Sealed,Dry,Fine,Daylight,Nil,No traffic controls,50 km/h,Local,42,Leaving parking,401,Manov - Leaving parking,,Other angle,Light truck utility(from 2018),4 wheel drive / SUV,2,0,0,0,0,5,May,Autumn,Thursday,08:00 - 09:59,AM peak / school commute,True,False,False,False
1352742,Non-casualty (towaway),Non-casualty (towaway),2024,2024,May,Monday,18:00 - 19:59,ORCHARD,ST,0,Right on the spot,NUMBER 22,HN,EPPING,,No,Not a school zone,2-way undivided,-33.77638,151.061933,Parramatta,Sydney metro. area,Syd-Newc-Woll Gtr conurbation,Straight,,,,Unknown / not stated,Sealed,Dry,Fine,Dusk,Nil,No traffic controls,50 km/h,Local,73,Off rd rght => obj,704,Right off cway into obj,,Vehicle - Object,Car (sedan/hatch),,1,0,0,0,0,5,May,Autumn,Monday,18:00 - 19:59,PM peak / evening commute,True,False,False,False