crash_id,degree_of_crash,degree_of_crash_-_detailed,reporting_year,year_of_crash,month_of_crash,day_of_week_of_crash,two-hour_intervals,street_of_crash,street_type,distance,direction,identifying_feature,identifying_feature_type,town,route_no.,school_zone_location,school_zone_active,type_of_location,latitude,longitude,lga,urbanisation,conurbation_1,alignment,primary_permanent_feature,primary_temporary_feature,primary_hazardous_feature,street_lighting,road_surface,surface_condition,weather,natural_lighting,signals_operation,other_traffic_control,speed_limit,road_classification_(admin),rum_-_code,rum_-_description,dca_-_code,dca_-_description,dca_supplement,first_impact_type,key_tu_type,other_tu_type,no._of_traffic_units_involved,no._killed,no._seriously_injured,no._moderately_injured,no._minor-other_injured,month_num,month_label,season,day_label,time_label,time_band,is_peak_commute,is_fatal,is_injury,is_casualty
1352744,Non-casualty (towaway),Non-casualty (towaway),2024,2024,May,Friday,18:00 - 19:59,KING GEORGES,RD,0,Right on the spot,WONIORA,RD,HURSTVILLE,200.0,No,Not a school zone,T-junction,-33.965683,151.094594,Georges River,Sydney metro. area,Syd-Newc-Woll Gtr conurbation,Straight,Crest,,,Unknown / not stated,Sealed,Dry,Fine,Dusk,On,No right turn,60 km/h,State,36,Right turn sideswipe,308,Same - Rgt turn side swipe,,Other angle,Motorcycle,Car (sedan/hatch),2,0,0,0,0,5,May,Autumn,Friday,18:00 - 19:59,PM peak / evening commute,True,False,False,False
1352745,Non-casualty (towaway),Non-casualty (towaway),2024,2024,May,Wednesday,16:00 - 17:59,ELIZABETH,ST,0,Right on the spot,THOMAS,ST,TELARAH,,No,Not a school zone,T-junction,-32.731711,151.539254,Maitland,Country urban,Rest of NSW - Urban,Straight,,,,Unknown / not stated,Sealed,Dry,Fine,Daylight,Nil,Stop sign,50 km/h,Local,71,Off rd left => obj,703,Left off cway into object,,Other angle,Station wagon,Light truck utility(from 2018),2,0,0,0,0,5,May,Autumn,Wednesday,16:00 - 17:59,PM peak / evening commute,True,False,False,False
1352746,Non-casualty (towaway),Non-casualty (towaway),2024,2024,May,Tuesday,16:00 - 17:59,OLD PRINCES,HWY,0,Right on the spot,NUMBER 167,HN,MADDENS PLAINS,678.0,No,Not a school zone,2-way undivided,-34.251196,150.945124,Wollongong,Wollongong met. area,Syd-Newc-Woll Gtr conurbation,Straight,,,,Unknown / not stated,Sealed,Dry,Fine,Daylight,Nil,No traffic controls,100 km/h,Regional,40,U turn,304,Same - U-turn,,Other angle,Light truck utility(from 2018),4 wheel drive / SUV,2,0,0,0,0,5,May,Autumn,Tuesday,16:00 - 17:59,PM peak / evening commute,True,False,False,False
1352748,Non-casualty (towaway),Non-casualty (towaway),2024,2024,May,Tuesday,08:00 - 09:59,BUNGENDORE,RD,0,Right on the spot,ATKINSON,ST,QUEANBEYAN EAST,51.0,No,Not a school zone,Roundabout,-35.350299,149.241079,Queanbeyan-Palerang Regional,Country urban,Rest of NSW - Urban,Curved,,,,Unknown / not stated,Sealed,Dry,Fine,Daylight,Nil,Give way sign,60 km/h,State,33,Lane sideswipe,305,Same - Lane side swipe,,Other angle,Car (sedan/hatch),Other bus,2,0,0,0,0,5,May,Autumn,Tuesday,08:00 - 09:59,AM peak / school commute,True,False,False,False
1352749,Non-casualty (towaway),Non-casualty (towaway),2024,2024,May,Wednesday,20:00 - 21:59,DELLWOOD,ST,0,Right on the spot,GORDON,AVE,SOUTH GRANVILLE,,No,Not a school zone,X-intersection,-33.853593,151.010829,Cumberland,Sydney metro. area,Syd-Newc-Woll Gtr conurbation,Straight,,,,Unknown / not stated,Sealed,Dry,Fine,Darkness,Nil,Give way sign,50 km/h,Local,39,Other same direction,300,Same - other,,Other angle,Car (sedan/hatch),Car (sedan/hatch),2,0,0,0,0,5,May,Autumn,Wednesday,20:00 - 21:59,Evening / night,False,False,False,False
1352752,Non-casualty (towaway),Non-casualty (towaway),2024,2024,May,Saturday,18:00 - 19:59,PACIFIC,HWY,2000,North,TAMARIND DRIVE,OP,KNOCKROW,10.0,No,Not a school zone,Divided road,-28.768049,153.533668,Ballina,Country non-urban,Rest of NSW - Rural,Curved,,,,Unknown / not stated,Sealed,Wet,Raining,Darkness,Nil,No traffic controls,110 km/h,State,39,Other same direction,300,Same - other,,Other angle,Car (sedan/hatch),Car (sedan/hatch),2,0,0,0,0,5,May,Autumn,Saturday,18:00 - 19:59,PM peak / evening commute,True,False,False,False
1352753,Non-casualty (towaway),Non-casualty (towaway),2024,2024,May,Wednesday,04:00 - 05:59,GREENACRE,RD,0,Right on the spot,NOBLE,AVE,GREENACRE,,No,Not a school zone,Roundabout,-33.911948,151.051361,Canterbury-Bankstown,Sydney metro. area,Syd-Newc-Woll Gtr conurbation,Straight,,,,Unknown / not stated,Sealed,Dry,Fine,Darkness,Nil,Give way sign,50 km/h,Local,21,Right through,202,Opp - Right-thru,,Other angle,4 wheel drive / SUV,Car (sedan/hatch),2,0,0,0,0,5,May,Autumn,Wednesday,04:00 - 05:59,Late night / early morning,False,False,False,False
1352756,Non-casualty (towaway),Non-casualty (towaway),2024,2024,May,Friday,12:00 - 13:59,GREAT WESTERN,HWY,800,West,GENEVIEVE,RD,BULLABURRA,5.0,No,Not a school zone,Divided road,-33.726289,150.399807,Blue Mountains,Country urban,Syd-Newc-Woll Gtr conurbation,Curved,,,,Unknown / not stated,Sealed,Wet,Raining,Daylight,Nil,No traffic controls,80 km/h,State,83,Off rt/rt bnd=>obj,803,Off right bend into obj,Right,Vehicle - Object,Utility,,1,0,0,0,0,5,May,Autumn,Friday,12:00 - 13:59,Midday / afternoon,False,False,False,False
1352757,Non-casualty (towaway),Non-casualty (towaway),2024,2024,May,Wednesday,08:00 - 09:59,ASCOT,DR,0,Right on the spot,TURNER,RD,CURRANS HILL,,No,Not a school zone,T-junction,-34.039348,150.774613,Camden,Sydney metro. area,Syd-Newc-Woll Gtr conurbation,Straight,,,,Unknown / not stated,Sealed,Dry,Fine,Daylight,Nil,Give way sign,50 km/h,Local,43,Entering parking,402,Manov - Entering parking veh,,Other angle,Large rigid,Car (sedan/hatch),2,0,0,0,0,5,May,Autumn,Wednesday,08:00 - 09:59,AM peak / school commute,True,False,False,False
1352760,Non-casualty (towaway),Non-casualty (towaway),2024,2024,May,Sunday,18:00 - 19:59,WYONG,RD,0,Right on the spot,CHITTAWAY,RD,CHITTAWAY BAY,335.0,No,Not a school zone,X-intersection,-33.328156,151.428546,Central Coast,Country urban,Syd-Newc-Woll Gtr conurbation,Straight,,,,Unknown / not stated,Sealed,Dry,Fine,Darkness,On,No traffic controls,70 km/h,State,11,Right far,102,Adj - Right-thru from left,,Right angle,Car (sedan/hatch),4 wheel drive / SUV,2,0,0,0,0,5,May,Autumn,Sunday,18:00 - 19:59,PM peak / evening commute,True,False,False,False
1352761,Non-casualty (towaway),Non-casualty (towaway),2024,2024,May,Sunday,16:00 - 17:59,CAMPBELL,ST,0,Right on the spot,CASTLEREAGH,ST,LIVERPOOL,,No,Not a school zone,X-intersection,-33.917393,150.921015,Liverpool,Sydney metro. area,Syd-Newc-Woll Gtr conurbation,Straight,,,,Unknown / not stated,Sealed,Dry,Fine,Daylight,Nil,Give way sign,50 km/h,Local,11,Right far,102,Adj - Right-thru from left,,Right angle,Car (sedan/hatch),Car (sedan/hatch),2,0,0,0,0,5,May,Autumn,Sunday,16:00 - 17:59,PM peak / evening commute,True,False,False,False
1352762,Non-casualty (towaway),Non-casualty (towaway),2024,2024,May,Tuesday,06:00 - 07:59,HUME,HWY,50,North,BRAYTON ROAD,TO,MARULAN,2.0,No,Not a school zone,Divided road,-34.700773,150.01844,Goulburn Mulwaree,Country non-urban,Rest of NSW - Rural,Straight,Mid-blk median openg,,,Unknown / not stated,Sealed,Dry,Fine,Daylight,Nil,No traffic controls,110 km/h,State,40,U turn,304,Same - U-turn,,Other angle,Semi-trailer,Car (sedan/hatch),2,0,0,0,0,5,May,Autumn,Tuesday,06:00 - 07:59,AM peak / school commute,True,False,False,False
1352763,Non-casualty (towaway),Non-casualty (towaway),2024,2024,May,Tuesday,16:00 - 17:59,ROSELAND,DR,0,Right on the spot,ROSELANDS,AVE,ROSELANDS,,No,Not a school zone,T-junction,-33.936383,151.070092,Canterbury-Bankstown,Sydney metro. area,Syd-Newc-Woll Gtr conurbation,Straight,Steep grade,,,Unknown / not stated,Sealed,Dry,Fine,Dusk,Nil,Stop sign,50 km/h,Local,20,Head on,201,Opp - Head on,,Head-on,4 wheel drive / SUV,Light truck utility(from 2018),2,0,0,0,0,5,May,Autumn,Tuesday,16:00 - 17:59,PM peak / evening commute,True,False,False,False
1352770,Non-casualty (towaway),Non-casualty (towaway),2024,2024,May,Saturday,14:00 - 15:59,WILLOUGHBY,RD,0,Right on the spot,GARLAND,RD,NAREMBURN,641.0,No,Not a school zone,T-junction,-33.813224,151.199559,Willoughby,Sydney metro. area,Syd-Newc-Woll Gtr conurbation,Curved,Other bridge,,,Unknown / not stated,Sealed,Dry,Fine,Daylight,On,No traffic controls,60 km/h,State,30,Rear end,301,Same - Rear end,,Rear end,4 wheel drive / SUV,Car (sedan/hatch),2,0,0,0,0,5,May,Autumn,Saturday,14:00 - 15:59,Midday / afternoon,False,False,False,False
1352772,Non-casualty (towaway),Non-casualty (towaway),2024,2024,May,Sunday,04:00 - 05:59,DENHAM COURT,RD,150,East,WING,CCT,DENHAM COURT,7195.0,No,Not a school zone,2-way undivided,-33.973949,150.825622,Campbelltown,Sydney metro. area,Syd-Newc-Woll Gtr conurbation,Straight,,,,Unknown / not stated,Sealed,Dry,Fine,Dawn,Nil,No traffic controls,70 km/h,Regional,71,Off rd left => obj,703,Left off cway into object,,Vehicle - Object,Car (sedan/hatch),,1,0,0,0,0,5,May,Autumn,Sunday,04:00 - 05:59,Late night / early morning,False,False,False,False
1352773,Non-casualty (towaway),Non-casualty (towaway),2024,2024,May,Friday,18:00 - 19:59,MOSMAN,ST,0,Right on the spot,NUMBER 22,HN,MOSMAN,,No,Not a school zone,2-way undivided,-33.83706,151.235196,Mosman,Sydney metro. area,Syd-Newc-Woll Gtr conurbation,Straight,,,,Unknown / not stated,Sealed,Dry,Fine,Darkness,Nil,No traffic controls,50 km/h,Local,71,Off rd left => obj,703,Left off cway into object,,Other angle,4 wheel drive / SUV,4 wheel drive / SUV,4,0,0,0,0,5,May,Autumn,Friday,18:00 - 19:59,PM peak / evening commute,True,False,False,False
1352775,Non-casualty (towaway),Non-casualty (towaway),2024,2024,April,Saturday,22:00 - Midnight,MARTIN,ST,20,North,MARINE,ST,BALLINA,,No,Not a school zone,2-way undivided,-28.860664,153.569894,Ballina,Country urban,Rest of NSW - Urban,Straight,,,,Unknown / not stated,Sealed,Dry,Fine,Darkness,Nil,No traffic controls,50 km/h,Local,70,Off road to left,701,Off carriageway to left,,Rollover,Car (sedan/hatch),,1,0,0,0,0,4,April,Autumn,Saturday,22:00 - Midnight,Evening / night,False,False,False,False
1352778,Non-casualty (towaway),Non-casualty (towaway),2024,2024,May,Monday,14:00 - 15:59,ARTHUR,ST,0,Right on the spot,FRANCIS,ST,CARDIFF SOUTH,,No,Not a school zone,T-junction,-32.949692,151.662195,Lake Macquarie,Newcastle met. area,Syd-Newc-Woll Gtr conurbation,Straight,,,,Unknown / not stated,Sealed,Dry,Fine,Daylight,Nil,Stop sign,50 km/h,Local,59,Other overtaking,500,Ovtak - other,,Other angle,4 wheel drive / SUV,4 wheel drive / SUV,2,0,0,0,0,5,May,Autumn,Monday,14:00 - 15:59,Midday / afternoon,False,False,False,False
1352779,Non-casualty (towaway),Non-casualty (towaway),2024,2024,May,Saturday,06:00 - 07:59,MANNING,ST,0,Right on the spot,WYNTER,ST,TAREE,,No,Not a school zone,Roundabout,-31.90946,152.459125,Mid-Coast,Country urban,Rest of NSW - Urban,Straight,,,,Unknown / not stated,Sealed,Dry,Fine,Dawn,Nil,Give way sign,50 km/h,Local,10,Cross traffic,101,Adj - Cross traffic,,Right angle,Light truck,Car (sedan/hatch),2,0,0,0,0,5,May,Autumn,Saturday,06:00 - 07:59,AM peak / school commute,True,False,False,False
1352784,Non-casualty (towaway),Non-casualty (towaway),2024,2024,May,Friday,08:00 - 09:59,LAKE,RD,0,Right on the spot,CROUDACE,RD,ELERMORE VALE,217.0,No,Not a school zone,T-junction,-32.913382,151.660796,Newcastle,Newcastle met. area,Syd-Newc-Woll Gtr conurbation,Straight,,,,Unknown / not stated,Sealed,Dry,Fine,Daylight,On,No traffic controls,70 km/h,State,31,Left rear,302,Same - Rear left,,Rear end,Car (sedan/hatch),Other bus,2,0,0,0,0,5,May,Autumn,Friday,08:00 - 09:59,AM peak / school commute,True,False,False,False
1352785,Non-casualty (towaway),Non-casualty (towaway),2024,2024,May,Wednesday,08:00 - 09:59,BRIDGE,RD,0,Right on the spot,GRAHAM,ST,NOWRA,,No,Not a school zone,T-junction,-34.869712,150.601167,Shoalhaven,Country urban,Rest of NSW - Urban,Straight,,,,Unknown / not stated,Sealed,Dry,Fine,Daylight,Nil,Stop sign,50 km/h,Local,13,Right near,104,Adj - Right-thru from right,,Right angle,4 wheel drive / SUV,Car (sedan/hatch),2,0,0,0,0,5,May,Autumn,Wednesday,08:00 - 09:59,AM peak / school commute,True,False,False,False
1352788,Non-casualty (towaway),Non-casualty (towaway),2024,2024,May,Monday,18:00 - 19:59,ABERCROMBIE,RD,550,North,CHURCH,ST,TUENA,54.0,No,Not a school zone,2-way undivided,-34.013054,149.323415,Upper Lachlan,Country urban,Rest of NSW - Urban,Curved,Other bridge,,,Unknown / not stated,Sealed,Dry,Fine,Darkness,Nil,No traffic controls,50 km/h,State,87,Off lft/lft bnd=>obj,804,Off left bend into obj,Left,Vehicle - Object,Light truck utility(from 2018),,1,0,0,0,0,5,May,Autumn,Monday,18:00 - 19:59,PM peak / evening commute,True,False,False,False
1352789,Non-casualty (towaway),Non-casualty (towaway),2024,2024,May,Friday,18:00 - 19:59,TINTENBAR,RD,0,Right on the spot,NUMBER 198,HN,TEVEN,7734.0,No,Not a school zone,2-way undivided,-28.800493,153.500558,Ballina,Country urban,Rest of NSW - Urban,Curved,,,,Unknown / not stated,Sealed,Wet,Raining,Darkness,Nil,No traffic controls,80 km/h,Regional,81,Off left/rt bnd=>obj,803,Off right bend into obj,Left,Vehicle - Object,Car (sedan/hatch),,1,0,0,0,0,5,May,Autumn,Friday,18:00 - 19:59,PM peak / evening commute,True,False,False,False
1352791,Non-casualty (towaway),Non-casualty (towaway),2024,2024,May,Sunday,12:00 - 13:59,KANAHOOKA,RD,0,Right on the spot,THIRROUL,RD,KANAHOOKA,,No,Not a school zone,Roundabout,-34.493587,150.817307,Wollongong,Wollongong met. area,Syd-Newc-Woll Gtr conurbation,Straight,,,,Unknown / not stated,Sealed,Dry,Fine,Daylight,Nil,Give way sign,60 km/h,Local,11,Right far,102,Adj - Right-thru from left,,Right angle,Car (sedan/hatch),Car (sedan/hatch),2,0,0,0,0,5,May,Autumn,Sunday,12:00 - 13:59,Midday / afternoon,False,False,False,False
1352793,Non-casualty (towaway),Non-casualty (towaway),2024,2024,May,Wednesday,04:00 - 05:59,BRIDGMAN,RD,0,Right on the spot,NUMBER 463,HN,OBANVALE,,No,Not a school zone,2-way undivided,-32.515718,151.165307,Singleton,Country urban,Rest of NSW - Urban,Straight,Driveway/entrance,,,Unknown / not stated,Sealed,Dry,Fog or mist,Darkness,Nil,No traffic controls,80 km/h,Local,47,Emerging from drive,406,Manov - Emerging from driveway,,Right angle,Car (sedan/hatch),Light truck utility(from 2018),2,0,0,0,0,5,May,Autumn,Wednesday,04:00 - 05:59,Late night / early morning,False,False,False,False
1352794,Non-casualty (towaway),Non-casualty (towaway),2024,2024,May,Thursday,22:00 - Midnight,COOLAMON SCENIC,DR,150,South,VALLANCES,RD,MULLUMBIMBY,,No,Not a school zone,2-way undivided,-28.536381,153.505558,Byron,Country non-urban,Rest of NSW - Rural,Curved,Steep grade,,,Unknown / not stated,Sealed,Wet,Raining,Darkness,Nil,No traffic controls,100 km/h,Local,81,Off left/rt bnd=>obj,803,Off right bend into obj,Left,Vehicle - Object,Car (sedan/hatch),,1,0,0,0,0,5,May,Autumn,Thursday,22:00 - Midnight,Evening / night,False,False,False,False
1352799,Non-casualty (towaway),Non-casualty (towaway),2024,2024,May,Monday,18:00 - 19:59,BURNETT,ST,20,North,MERRYLANDS PARK,ENT,MERRYLANDS,7252.0,No,Not a school zone,Divided road,-33.83148,150.977609,Cumberland,Sydney metro. area,Syd-Newc-Woll Gtr conurbation,Straight,,,,Unknown / not stated,Sealed,Dry,Fine,Darkness,Nil,No traffic controls,50 km/h,Regional,30,Rear end,301,Same - Rear end,,Rear end,Motorcycle,Unknown motor vehicle,3,0,0,0,0,5,May,Autumn,Monday,18:00 - 19:59,PM peak / evening commute,True,False,False,False
1352801,Non-casualty (towaway),Non-casualty (towaway),2024,2024,May,Thursday,10:00 - 11:59,BATHURST,ST,40,East,MCDONNELL,ST,CONDOBOLIN,,No,Not a school zone,2-way undivided,-33.088863,147.150236,Lachlan,Country urban,Rest of NSW - Urban,Straight,,,,Unknown / not stated,Sealed,Dry,Fine,Daylight,Nil,No traffic controls,40 km/h,Local,44,Parking vehicles,403,Manov - Parking-parked vehicle,,Other angle,Light truck utility(from 2018),Light truck utility(from 2018),2,0,0,0,0,5,May,Autumn,Thursday,10:00 - 11:59,Midday / afternoon,False,False,False,False
1352806,Non-casualty (towaway),Non-casualty (towaway),2024,2024,May,Sunday,08:00 - 09:59,AMAROO,DR,0,Right on the spot,NUMBER 28,HN,BANORA POINT,,No,Not a school zone,2-way undivided,-28.223737,153.530409,Tweed,Country urban,Rest of NSW - Urban,Straight,Foot/cycle path/nature strip,,,Unknown / not stated,Sealed,Dry,Fine,Daylight,Nil,No traffic controls,50 km/h,Local,71,Off rd left => obj,703,Left off cway into object,,Other angle,Car (sedan/hatch),Light truck utility(from 2018),2,0,0,0,0,5,May,Autumn,Sunday,08:00 - 09:59,AM peak / school commute,True,False,False,False
1352807,Non-casualty (towaway),Non-casualty (towaway),2024,2024,May,Thursday,18:00 - 19:59,HEZLETT,RD,0,Right on the spot,WITHERS,RD,NORTH KELLYVILLE,,No,Not a school zone,X-intersection,-33.68523,150.952559,The Hills,Sydney metro. area,Syd-Newc-Woll Gtr conurbation,Straight,,,,Unknown / not stated,Sealed,Dry,Fine,Dusk,Nil,Give way sign,60 km/h,Local,59,Other overtaking,500,Ovtak - other,,Other angle,Car (sedan/hatch),4 wheel drive / SUV,2,0,0,0,0,5,May,Autumn,Thursday,18:00 - 19:59,PM peak / evening commute,True,False,False,False
1352809,Non-casualty (towaway),Non-casualty (towaway),2024,2024,May,Thursday,12:00 - 13:59,MILPERRA,RD,0,Right on the spot,VIOLET,ST,REVESBY,167.0,No,Not a school zone,T-junction,-33.934489,151.006401,Canterbury-Bankstown,Sydney metro. area,Syd-Newc-Woll Gtr conurbation,Straight,,,,Unknown / not stated,Sealed,Dry,Fine,Daylight,Nil,Give way sign,70 km/h,State,71,Off rd left => obj,703,Left off cway into object,,Vehicle - Object,Car (sedan/hatch),,1,0,0,0,0,5,May,Autumn,Thursday,12:00 - 13:59,Midday / afternoon,False,False,False,False
1352811,Non-casualty (towaway),Non-casualty (towaway),2024,2024,May,Tuesday,08:00 - 09:59,BANKS,RD,0,Right on the spot,SOUTH LIVERPOOL,RD,GREEN VALLEY,,No,Not a school zone,X-intersection,-33.910862,150.875157,Liverpool,Sydney metro. area,Syd-Newc-Woll Gtr conurbation,Straight,Steep grade,,,Unknown / not stated,Sealed,Dry,Fine,Daylight,Off,No traffic controls,50 km/h,Local,34,Lane change right,306,Same - Lane change right,,Other angle,Light truck utility(from 2018),Car (sedan/hatch),2,0,0,0,0,5,May,Autumn,Tuesday,08:00 - 09:59,AM peak / school commute,True,False,False,False
1352813,Non-casualty (towaway),Non-casualty (towaway),2024,2024,May,Sunday,10:00 - 11:59,FRIDAY HUT,RD,1000,South,COOLAMON SCENIC,DR,COORABELL,,No,Not a school zone,2-way undivided,-28.641079,153.500729,Byron,Country urban,Rest of NSW - Urban,Straight,,,,Unknown / not stated,Sealed,Dry,Fine,Daylight,Nil,No traffic controls,60 km/h,Local,20,Head on,201,Opp - Head on,,Head-on,4 wheel drive / SUV,Car (sedan/hatch),2,0,0,0,0,5,May,Autumn,Sunday,10:00 - 11:59,Midday / afternoon,False,False,False,False
1352822,Non-casualty (towaway),Non-casualty (towaway),2024,2024,May,Tuesday,14:00 - 15:59,KINGSWAY,MS,0,Right on the spot,NUMBER 277-281,HN,CARINGBAH,227.0,No,Not a school zone,2-way undivided,-34.043345,151.124838,Sutherland,Sydney metro. area,Syd-Newc-Woll Gtr conurbation,Straight,,,,Unknown / not stated,Sealed,Dry,Fine,Daylight,Nil,No traffic controls,70 km/h,State,71,Off rd left => obj,703,Left off cway into object,,Other angle,4 wheel drive / SUV,Other bus,2,0,0,0,0,5,May,Autumn,Tuesday,14:00 - 15:59,Midday / afternoon,False,False,False,False
1352828,Non-casualty (towaway),Non-casualty (towaway),2024,2024,March,Tuesday,16:00 - 17:59,ALFRED,ST,0,Right on the spot,NUMBER 18,HN,CESSNOCK,,No,Not a school zone,2-way undivided,-32.838286,151.345967,Cessnock,Country urban,Rest of NSW - Urban,Straight,Driveway/entrance,,,Unknown / not stated,Sealed,Dry,Fine,Dusk,Nil,No traffic controls,50 km/h,Local,46,Reversing into obj,405,Manov - Reverse into fixed obj,,Other angle,Light truck utility(from 2018),4 wheel drive / SUV,2,0,0,0,0,3,March,Autumn,Tuesday,16:00 - 17:59,PM peak / evening commute,True,False,False,False
1352829,Non-casualty (towaway),Non-casualty (towaway),2024,2024,May,Thursday,20:00 - 21:59,LADY WAKEHURST,DR,500,North,DOMVILLE,RD,OTFORD,393.0,No,Not a school zone,2-way undivided,-34.211426,151.010364,Wollongong,Wollongong met. area,Syd-Newc-Woll Gtr conurbation,Curved,Foot/cycle path/nature strip,,,Unknown / not stated,Sealed,Dry,Fine,Unknown,Nil,No traffic controls,60 km/h,State,87,Off lft/lft bnd=>obj,804,Off left bend into obj,Left,Vehicle - Object,4 wheel drive / SUV,,1,0,0,0,0,5,May,Autumn,Thursday,20:00 - 21:59,Evening / night,False,False,False,False
1352830,Non-casualty (towaway),Non-casualty (towaway),2024,2024,May,Sunday,02:00 - 03:59,MORGAN,ST,0,Right on the spot,NUMBER 156,HN,BEVERLY HILLS,,No,Not a school zone,2-way undivided,-33.947453,151.088468,Georges River,Sydney metro. area,Syd-Newc-Woll Gtr conurbation,Straight,,,,Unknown / not stated,Sealed,Dry,Fine,Darkness,Nil,No traffic controls,50 km/h,Local,49,Other manoeuvring,400,Manov - other,,Other angle,4 wheel drive / SUV,Car (sedan/hatch),2,0,0,0,0,5,May,Autumn,Sunday,02:00 - 03:59,Late night / early morning,False,False,False,False
1352833,Non-casualty (towaway),Non-casualty (towaway),2024,2024,May,Monday,16:00 - 17:59,BELLS LINE OF,RD,75,West,BILPIN SCHOOL,RD,BILPIN,184.0,Yes,No,2-way undivided,-33.497092,150.513984,Hawkesbury,Country urban,Syd-Newc-Woll Gtr conurbation,Curved,,,,Unknown / not stated,Sealed,Dry,Fine,Darkness,Nil,No traffic controls,60 km/h,State,80,Off left/right bend,801,Off cway right bend,Left,Rollover,Light truck,,1,0,0,0,0,5,May,Autumn,Monday,16:00 - 17:59,PM peak / evening commute,True,False,False,False
1352837,Non-casualty (towaway),Non-casualty (towaway),2024,2024,May,Monday,08:00 - 09:59,GERRYBANG,RD,2000,North,BOBELAR,LANE,GRENFELL,,No,Not a school zone,2-way undivided,-33.951653,148.264186,Weddin,Country non-urban,Rest of NSW - Rural,Straight,,,,Unknown / not stated,Sealed,Dry,Fine,Daylight,Nil,No traffic controls,100 km/h,Local,20,Head on,201,Opp - Head on,,Head-on,Light truck utility(from 2018),Car (sedan/hatch),2,0,0,0,0,5,May,Autumn,Monday,08:00 - 09:59,AM peak / school commute,True,False,False,False
1352840,Non-casualty (towaway),Non-casualty (towaway),2024,2024,May,Thursday,16:00 - 17:59,THE COMENARRA,PKWY,0,Right on the spot,MAXWELL,ST,SOUTH TURRAMURRA,7244.0,Yes,No,T-junction,-33.746026,151.113448,Ku-ring-gai,Sydney metro. area,Syd-Newc-Woll Gtr conurbation,Straight,Steep grade,,,Unknown / not stated,Sealed,Dry,Fine,Daylight,Nil,Stop sign,60 km/h,Regional,30,Rear end,301,Same - Rear end,,Rear end,Car (sedan/hatch),4 wheel drive / SUV,2,0,0,0,0,5,May,Autumn,Thursday,16:00 - 17:59,PM peak / evening commute,True,False,False,False
1352841,Non-casualty (towaway),Non-casualty (towaway),2024,2024,May,Monday,16:00 - 17:59,HUE HUE,RD,0,Right on the spot,NUMBER 138,HN,ALISON,,No,Not a school zone,2-way undivided,-33.264321,151.401656,Central Coast,Country urban,Syd-Newc-Woll Gtr conurbation,Straight,,,,Unknown / not stated,Sealed,Dry,Fine,Daylight,Nil,No traffic controls,80 km/h,Local,30,Rear end,301,Same - Rear end,,Rear end,Car (sedan/hatch),4 wheel drive / SUV,2,0,0,0,0,5,May,Autumn,Monday,16:00 - 17:59,PM peak / evening commute,True,False,False,False
1352842,Non-casualty (towaway),Non-casualty (towaway),2024,2024,May,Tuesday,08:00 - 09:59,VICTORIA,RD,0,Right on the spot,THE CRESCENT,MS,ROZELLE,165.0,No,Not a school zone,T-junction,-33.869049,151.176401,Inner West,Sydney metro. area,Syd-Newc-Woll Gtr conurbation,Curved,Steep grade,,,Unknown / not stated,Sealed,Dry,Fine,Daylight,On,No traffic controls,60 km/h,State,30,Rear end,301,Same - Rear end,,Rear end,Motorcycle,Motor scooter,2,0,0,0,0,5,May,Autumn,Tuesday,08:00 - 09:59,AM peak / school commute,True,False,False,False
1352852,Non-casualty (towaway),Non-casualty (towaway),2024,2024,January,Monday,16:00 - 17:59,CROSS CITY TUNNEL,MS,400,West,TUNNEL,ENT,DARLINGHURST,6010.0,No,Not a school zone,Divided road,-33.875189,151.22052,Sydney,Sydney metro. area,Syd-Newc-Woll Gtr conurbation,Straight,Underpass/tunnel,,,On,Sealed,Dry,Fine,Daylight,Nil,No traffic controls,80 km/h,State,33,Lane sideswipe,305,Same - Lane side swipe,,Other angle,B-double (road train prior 98),Car (sedan/hatch),2,0,0,0,0,1,January,Summer,Monday,16:00 - 17:59,PM peak / evening commute,True,False,False,False
1352864,Non-casualty (towaway),Non-casualty (towaway),2024,2024,January,Friday,10:00 - 11:59,STANLEY,AVE,0,Right on the spot,NUMBER 19,HN,WEST PENNANT HILLS,,No,Not a school zone,2-way undivided,-33.748276,151.04328,The Hills,Sydney metro. area,Syd-Newc-Woll Gtr conurbation,Straight,Driveway/entrance,,,Nil,Sealed,Dry,Fine,Daylight,Nil,No traffic controls,50 km/h,Local,47,Emerging from drive,406,Manov - Emerging from driveway,,Right angle,4 wheel drive / SUV,Motor scooter,2,0,0,0,0,1,January,Summer,Friday,10:00 - 11:59,Midday / afternoon,False,False,False,False
1352884,Non-casualty (towaway),Non-casualty (towaway),2024,2024,March,Sunday,16:00 - 17:59,NEW CANTERBURY,RD,0,Right on the spot,NUMBER 232,HN,LEWISHAM,167.0,Yes,No,2-way undivided,-33.896974,151.148061,Inner West,Sydney metro. area,Syd-Newc-Woll Gtr conurbation,Curved,,,,Nil,Sealed,Dry,Fine,Daylight,Nil,No traffic controls,60 km/h,State,87,Off lft/lft bnd=>obj,804,Off left bend into obj,Left,Other angle,Car (sedan/hatch),4 wheel drive / SUV,2,0,0,0,0,3,March,Autumn,Sunday,16:00 - 17:59,PM peak / evening commute,True,False,False,False