crash_id,degree_of_crash,degree_of_crash_-_detailed,reporting_year,year_of_crash,month_of_crash,day_of_week_of_crash,two-hour_intervals,street_of_crash,street_type,distance,direction,identifying_feature,identifying_feature_type,town,route_no.,school_zone_location,school_zone_active,type_of_location,latitude,longitude,lga,urbanisation,conurbation_1,alignment,primary_permanent_feature,primary_temporary_feature,primary_hazardous_feature,street_lighting,road_surface,surface_condition,weather,natural_lighting,signals_operation,other_traffic_control,speed_limit,road_classification_(admin),rum_-_code,rum_-_description,dca_-_code,dca_-_description,dca_supplement,first_impact_type,key_tu_type,other_tu_type,no._of_traffic_units_involved,no._killed,no._seriously_injured,no._moderately_injured,no._minor-other_injured,month_num,month_label,season,day_label,time_label,time_band,is_peak_commute,is_fatal,is_injury,is_casualty
1352891,Non-casualty (towaway),Non-casualty (towaway),2024,2024,March,Tuesday,02:00 - 03:59,PACIFIC,HWY,2000,North,BALLARDS ROAD,OP,URUNGA,10.0,No,Not a school zone,Divided road,-30.530938,152.991783,Bellingen,Country non-urban,Rest of NSW - Rural,Curved,,,,Nil,Sealed,Dry,Fine,Darkness,Nil,No traffic controls,110 km/h,State,62,Accident,603,On path - Previous accident,,Other angle,Unknown motor vehicle,4 wheel drive / SUV,2,0,0,0,0,3,March,Autumn,Tuesday,02:00 - 03:59,Late night / early morning,False,False,False,False
1352925,Non-casualty (towaway),Non-casualty (towaway),2024,2024,April,Wednesday,20:00 - 21:59,BEAUMONT,RD,0,Right on the spot,NUMBER 29,HN,KILLARA,,No,Not a school zone,2-way undivided,-33.772344,151.143692,Ku-ring-gai,Sydney metro. area,Syd-Newc-Woll Gtr conurbation,Straight,,,,On,Sealed,Dry,Fine,Darkness,Nil,No traffic controls,50 km/h,Local,49,Other manoeuvring,400,Manov - other,,Other angle,Car (sedan/hatch),4 wheel drive / SUV,3,0,0,0,0,4,April,Autumn,Wednesday,20:00 - 21:59,Evening / night,False,False,False,False
1352948,Non-casualty (towaway),Non-casualty (towaway),2024,2024,April,Sunday,02:00 - 03:59,BLACKS,RD,40,North,EARPS,RD,PAXTON,,No,Not a school zone,2-way undivided,-32.900725,151.280781,Cessnock,Country urban,Rest of NSW - Urban,Straight,Foot/cycle path/nature strip,,,On,Sealed,Wet,Raining,Darkness,Nil,No traffic controls,50 km/h,Local,71,Off rd left => obj,703,Left off cway into object,,Other angle,Light truck utility(from 2018),4 wheel drive / SUV,2,0,0,0,0,4,April,Autumn,Sunday,02:00 - 03:59,Late night / early morning,False,False,False,False
1352951,Non-casualty (towaway),Non-casualty (towaway),2024,2024,April,Thursday,06:00 - 07:59,LANE COVE,RD,0,Right on the spot,QUARRY,RD,RYDE,162.0,No,Not a school zone,X-intersection,-33.803923,151.113423,Ryde,Sydney metro. area,Syd-Newc-Woll Gtr conurbation,Curved,,,,Nil,Sealed,Wet,Overcast,Dawn,Nil,No traffic controls,70 km/h,State,33,Lane sideswipe,305,Same - Lane side swipe,,Other angle,Unknown motor vehicle,Car (sedan/hatch),2,0,0,0,0,4,April,Autumn,Thursday,06:00 - 07:59,AM peak / school commute,True,False,False,False
1352952,Non-casualty (towaway),Non-casualty (towaway),2024,2024,April,Tuesday,18:00 - 19:59,M2 HILLS,EXP,0,Right on the spot,BEECROFT ROAD,TO,EPPING,6002.0,No,Not a school zone,Dual freeway,-33.764313,151.085422,Parramatta,Sydney metro. area,Syd-Newc-Woll Gtr conurbation,Straight,Steep grade,,,Nil,Sealed,Dry,Fine,Daylight,Nil,No traffic controls,100 km/h,State,66,Object on road,607,On path - Hit temp object,,Vehicle - Object,Car (sedan/hatch),,1,0,0,0,0,4,April,Autumn,Tuesday,18:00 - 19:59,PM peak / evening commute,True,False,False,False
1352975,Non-casualty (towaway),Non-casualty (towaway),2024,2024,April,Wednesday,12:00 - 13:59,EDWIN LAND,PKWY,0,Right on the spot,STRINGYBARK,DR,JERRABOMBERRA,,No,Not a school zone,Roundabout,-35.383009,149.21089,Queanbeyan-Palerang Regional,Country urban,Rest of NSW - Urban,Straight,,,,Unknown / not stated,Sealed,Unknown,Unknown,Daylight,Nil,Give way sign,50 km/h,Local,13,Right near,104,Adj - Right-thru from right,,Right angle,Car (sedan/hatch),Semi-trailer,2,0,0,0,0,4,April,Autumn,Wednesday,12:00 - 13:59,Midday / afternoon,False,False,False,False
1352980,Non-casualty (towaway),Non-casualty (towaway),2024,2024,May,Monday,12:00 - 13:59,TAVISTOCK,RD,0,Right on the spot,NUMBER 33,HN,HOMEBUSH WEST,,Yes,No,2-way undivided,-33.867346,151.066905,Strathfield,Sydney metro. area,Syd-Newc-Woll Gtr conurbation,Straight,,,,Off,Sealed,Dry,Fine,Daylight,Nil,No traffic controls,50 km/h,Local,44,Parking vehicles,403,Manov - Parking-parked vehicle,,Other angle,4 wheel drive / SUV,Car (sedan/hatch),2,0,0,0,0,5,May,Autumn,Monday,12:00 - 13:59,Midday / afternoon,False,False,False,False
1353016,Non-casualty (towaway),Non-casualty (towaway),2024,2024,April,Saturday,22:00 - Midnight,HARRY GRAHAM,DR,30,South,MT KEIRA,DR,CORDEAUX,,No,Not a school zone,2-way undivided,-34.395214,150.845281,Wollongong,Wollongong met. area,Syd-Newc-Woll Gtr conurbation,Curved,,,,Nil,Sealed,Dry,Fine,Darkness,Nil,No traffic controls,60 km/h,Local,83,Off rt/rt bnd=>obj,803,Off right bend into obj,Right,Other angle,Car (sedan/hatch),Car (sedan/hatch),3,0,0,0,0,4,April,Autumn,Saturday,22:00 - Midnight,Evening / night,False,False,False,False
1353038,Non-casualty (towaway),Non-casualty (towaway),2024,2024,May,Saturday,14:00 - 15:59,RED RANGE,RD,1000,West,LINWOOD,RD,LAMBS VALLEY,,No,Not a school zone,2-way undivided,-29.782466,151.785266,Glen Innes Severn,Country non-urban,Rest of NSW - Rural,Curved,,,,Nil,Unsealed,Dry,Fine,Daylight,Nil,No traffic controls,100 km/h,Local,86,Off left/left bend,802,Off cway left bend,Left,Rollover,Car (sedan/hatch),,1,0,0,0,0,5,May,Autumn,Saturday,14:00 - 15:59,Midday / afternoon,False,False,False,False
1353046,Non-casualty (towaway),Non-casualty (towaway),2024,2024,May,Sunday,06:00 - 07:59,HUME,HWY,0,Right on the spot,THURGOONA,DR,THURGOONA,2.0,No,Not a school zone,Roundabout,-36.040542,146.974609,Albury,Country urban,Rest of NSW - Urban,Curved,,,,Nil,Sealed,Dry,Fine,Dawn,Nil,Give way sign,60 km/h,State,30,Rear end,301,Same - Rear end,,Rear end,Car (sedan/hatch),Car (sedan/hatch),2,0,0,0,0,5,May,Autumn,Sunday,06:00 - 07:59,AM peak / school commute,True,False,False,False
1353048,Non-casualty (towaway),Non-casualty (towaway),2024,2024,May,Monday,10:00 - 11:59,NICHOLLS,ST,0,Right on the spot,WILLS,ST,BROKEN HILL,,No,Not a school zone,X-intersection,-31.969341,141.443322,Broken Hill,Country urban,Rest of NSW - Urban,Straight,,,,Nil,Sealed,Dry,Fine,Daylight,Nil,Give way sign,50 km/h,Local,10,Cross traffic,101,Adj - Cross traffic,,Right angle,Car (sedan/hatch),Light truck utility(from 2018),2,0,0,0,0,5,May,Autumn,Monday,10:00 - 11:59,Midday / afternoon,False,False,False,False
1353049,Non-casualty (towaway),Non-casualty (towaway),2024,2024,May,Sunday,10:00 - 11:59,NEWELL,HWY,0,Right on the spot,WYNDHAM,AVE,FORBES,17.0,No,Not a school zone,X-intersection,-33.364112,148.022811,Forbes,Country urban,Rest of NSW - Urban,Straight,,,,Nil,Sealed,Dry,Fine,Daylight,Nil,Give way sign,80 km/h,State,10,Cross traffic,101,Adj - Cross traffic,,Right angle,Light truck utility(from 2018),Light truck utility(from 2018),3,0,0,0,0,5,May,Autumn,Sunday,10:00 - 11:59,Midday / afternoon,False,False,False,False
1353056,Non-casualty (towaway),Non-casualty (towaway),2024,2024,May,Saturday,00:01 - 01:59,MULGOA,RD,0,Right on the spot,RANSLEY,ST,PENRITH,155.0,No,Not a school zone,X-intersection,-33.756982,150.686097,Penrith,Sydney metro. area,Syd-Newc-Woll Gtr conurbation,Straight,,,,On,Sealed,Dry,Fine,Darkness,On,No traffic controls,60 km/h,State,21,Right through,202,Opp - Right-thru,,Other angle,4 wheel drive / SUV,Motorcycle,2,0,0,0,0,5,May,Autumn,Saturday,00:01 - 01:59,Late night / early morning,False,False,False,False
1353059,Non-casualty (towaway),Non-casualty (towaway),2024,2024,February,Thursday,08:00 - 09:59,MOORE PARK,RD,20,West,LANG,RD,PADDINGTON,7301.0,No,Not a school zone,Divided road,-33.889775,151.232656,Sydney,Sydney metro. area,Syd-Newc-Woll Gtr conurbation,Curved,,,,Off,Sealed,Dry,Fine,Daylight,Nil,No traffic controls,40 km/h,Regional,35,Lane change left,307,Same - Lane change left,,Other angle,Car (sedan/hatch),Car (sedan/hatch),2,0,0,0,0,2,February,Summer,Thursday,08:00 - 09:59,AM peak / school commute,True,False,False,False
1353061,Non-casualty (towaway),Non-casualty (towaway),2024,2024,April,Thursday,04:00 - 05:59,KILDARY,RD,100,West,MARY GILMORE,WAY,BARMEDMAN,,No,Not a school zone,2-way undivided,-34.164842,147.35213,Bland,Country non-urban,Rest of NSW - Rural,Curved,Ditch/drain/culvert,,,Nil,Sealed,Dry,Fine,Darkness,Nil,No traffic controls,100 km/h,Local,80,Off left/right bend,801,Off cway right bend,Left,Rollover,Light truck utility(from 2018),,1,0,0,0,0,4,April,Autumn,Thursday,04:00 - 05:59,Late night / early morning,False,False,False,False
1353081,Non-casualty (towaway),Non-casualty (towaway),2024,2024,February,Saturday,00:01 - 01:59,GEORGES RIVER,CRES,0,Right on the spot,NUMBER 131,HN,OYSTER BAY,,No,Not a school zone,2-way undivided,-33.997386,151.084517,Sutherland,Sydney metro. area,Syd-Newc-Woll Gtr conurbation,Curved,Steep grade,,,On,Sealed,Wet,Raining,Darkness,Nil,No traffic controls,50 km/h,Local,81,Off left/rt bnd=>obj,803,Off right bend into obj,Left,Other angle,Light truck,Car (sedan/hatch),2,0,0,0,0,2,February,Summer,Saturday,00:01 - 01:59,Late night / early morning,False,False,False,False
1353089,Non-casualty (towaway),Non-casualty (towaway),2024,2024,May,Wednesday,16:00 - 17:59,MELVILLE,ST,0,Right on the spot,NUMBER 33,HN,WEST RYDE,,No,Not a school zone,2-way undivided,-33.80627,151.10077,Ryde,Sydney metro. area,Syd-Newc-Woll Gtr conurbation,Straight,Steep grade,,,On,Sealed,Wet,Raining,Dusk,Nil,No traffic controls,50 km/h,Local,71,Off rd left => obj,703,Left off cway into object,,Other angle,Light truck utility(from 2018),Light truck,4,0,0,0,0,5,May,Autumn,Wednesday,16:00 - 17:59,PM peak / evening commute,True,False,False,False
1353091,Non-casualty (towaway),Non-casualty (towaway),2024,2024,May,Saturday,00:01 - 01:59,BRIDGE,RD,20,West,SHERBROOK,RD,HORNSBY,7245.0,No,Not a school zone,2-way undivided,-33.698382,151.106835,Hornsby,Sydney metro. area,Syd-Newc-Woll Gtr conurbation,Straight,,,,On,Sealed,Dry,Fine,Darkness,Nil,No traffic controls,50 km/h,Regional,71,Off rd left => obj,703,Left off cway into object,,Other angle,Car (sedan/hatch),Car (sedan/hatch),3,0,0,0,0,5,May,Autumn,Saturday,00:01 - 01:59,Late night / early morning,False,False,False,False
1353101,Non-casualty (towaway),Non-casualty (towaway),2024,2024,May,Tuesday,06:00 - 07:59,BAYSWATER,RD,0,Right on the spot,NUMBER 64,HN,RUSHCUTTERS BAY,,No,Not a school zone,1-way street,-33.876129,151.226236,Sydney,Sydney metro. area,Syd-Newc-Woll Gtr conurbation,Curved,,,,Nil,Sealed,Wet,Raining,Dawn,Nil,No traffic controls,50 km/h,Local,87,Off lft/lft bnd=>obj,804,Off left bend into obj,Left,Other angle,Large rigid,Car (sedan/hatch),4,0,0,0,0,5,May,Autumn,Tuesday,06:00 - 07:59,AM peak / school commute,True,False,False,False
1353107,Non-casualty (towaway),Non-casualty (towaway),2024,2024,May,Tuesday,10:00 - 11:59,CROOKWELL,RD,200,North,WOODHOUSELEE,RD,WAYO,54.0,No,Not a school zone,2-way undivided,-34.622361,149.623236,Goulburn Mulwaree,Country non-urban,Rest of NSW - Rural,Straight,,,,Nil,Sealed,Dry,Fine,Daylight,Nil,No traffic controls,100 km/h,State,91,Object struck veh,610,On path - Load hit vehicle,,Vehicle - Object,Utility,Light truck utility(from 2018),2,0,0,0,0,5,May,Autumn,Tuesday,10:00 - 11:59,Midday / afternoon,False,False,False,False
1353116,Non-casualty (towaway),Non-casualty (towaway),2024,2024,May,Saturday,00:01 - 01:59,PAPER BARK,PL,0,Right on the spot,NUMBER 8,HN,MACQUARIE FIELDS,,No,Not a school zone,2-way undivided,-33.988704,150.896546,Campbelltown,Sydney metro. area,Syd-Newc-Woll Gtr conurbation,Straight,Driveway/entrance,,,On,Sealed,Dry,Fine,Darkness,Nil,No traffic controls,50 km/h,Local,46,Reversing into obj,405,Manov - Reverse into fixed obj,,Other angle,Car (sedan/hatch),Car (sedan/hatch),2,0,0,0,0,5,May,Autumn,Saturday,00:01 - 01:59,Late night / early morning,False,False,False,False
1353119,Non-casualty (towaway),Non-casualty (towaway),2024,2024,May,Tuesday,18:00 - 19:59,ELARA,BVD,0,Right on the spot,NORTHBOURNE,DR,MARSDEN PARK,,No,Not a school zone,X-intersection,-33.695124,150.819053,Blacktown,Sydney metro. area,Syd-Newc-Woll Gtr conurbation,Straight,,,,On,Sealed,Dry,Fine,Darkness,Nil,Stop sign,50 km/h,Local,10,Cross traffic,101,Adj - Cross traffic,,Right angle,Car (sedan/hatch),4 wheel drive / SUV,2,0,0,0,0,5,May,Autumn,Tuesday,18:00 - 19:59,PM peak / evening commute,True,False,False,False
1353124,Non-casualty (towaway),Non-casualty (towaway),2024,2024,April,Friday,18:00 - 19:59,STURT,HWY,0,Right on the spot,LAKE ALBERT,RD,EAST WAGGA WAGGA,14.0,No,Not a school zone,X-intersection,-35.120206,147.378271,Wagga Wagga,Country urban,Rest of NSW - Urban,Straight,,,,On,Sealed,Dry,Fine,Darkness,On,No traffic controls,60 km/h,State,21,Right through,202,Opp - Right-thru,,Other angle,Light truck utility(from 2018),4 wheel drive / SUV,2,0,0,0,0,4,April,Autumn,Friday,18:00 - 19:59,PM peak / evening commute,True,False,False,False
1353129,Non-casualty (towaway),Non-casualty (towaway),2024,2024,May,Tuesday,16:00 - 17:59,GORDON,ST,0,Right on the spot,ROCKVALE,RD,ARMIDALE,,No,Not a school zone,T-junction,-30.495733,151.68063,Armidale Regional,Country urban,Rest of NSW - Urban,Straight,,,,Nil,Sealed,Dry,Fine,Dusk,Nil,Give way sign,50 km/h,Local,49,Other manoeuvring,400,Manov - other,,Other angle,Car (sedan/hatch),Car (sedan/hatch),2,0,0,0,0,5,May,Autumn,Tuesday,16:00 - 17:59,PM peak / evening commute,True,False,False,False
1353134,Non-casualty (towaway),Non-casualty (towaway),2024,2024,May,Wednesday,18:00 - 19:59,RICHMOND,RD,20,East,M7 WESTLINK EXPRESSWAY,TO,GLENDENNING,643.0,No,Not a school zone,Divided road,-33.734528,150.850332,Blacktown,Sydney metro. area,Syd-Newc-Woll Gtr conurbation,Straight,,,,On,Sealed,Dry,Fine,Darkness,Nil,No traffic controls,70 km/h,State,30,Rear end,301,Same - Rear end,,Rear end,Unknown motor vehicle,Car (sedan/hatch),3,0,0,0,0,5,May,Autumn,Wednesday,18:00 - 19:59,PM peak / evening commute,True,False,False,False
1353135,Non-casualty (towaway),Non-casualty (towaway),2024,2024,May,Monday,14:00 - 15:59,STOCK ROUTE,RD,20,South,COOLAMON SCENIC,DR,OCEAN SHORES,,No,Not a school zone,2-way undivided,-28.51367,153.528495,Byron,Country urban,Rest of NSW - Urban,Straight,Painted double centre lines,,,Nil,Sealed,Dry,Fine,Daylight,Nil,No traffic controls,60 km/h,Local,20,Head on,201,Opp - Head on,,Head-on,Car (sedan/hatch),Large rigid,2,0,0,0,0,5,May,Autumn,Monday,14:00 - 15:59,Midday / afternoon,False,False,False,False
1353141,Non-casualty (towaway),Non-casualty (towaway),2024,2024,May,Saturday,10:00 - 11:59,BROOKLYN,DR,0,Right on the spot,NUMBER 222,HN,THURGOONA,,No,Not a school zone,2-way undivided,-36.032634,147.005298,Albury,Country urban,Rest of NSW - Urban,Straight,,,,Off,Sealed,Dry,Fine,Daylight,Nil,No traffic controls,60 km/h,Local,42,Leaving parking,401,Manov - Leaving parking,,Other angle,4 wheel drive / SUV,Car (sedan/hatch),2,0,0,0,0,5,May,Autumn,Saturday,10:00 - 11:59,Midday / afternoon,False,False,False,False
1353150,Non-casualty (towaway),Non-casualty (towaway),2024,2024,May,Tuesday,10:00 - 11:59,CLIFTONVILLE,RD,4150,West,WISEMANS FERRY,RD,LOWER PORTLAND,,No,Not a school zone,2-way undivided,-33.450789,150.936045,The Hills,Sydney metro. area,Syd-Newc-Woll Gtr conurbation,Curved,Steep grade,,,Off,Sealed,Dry,Fine,Daylight,Nil,No traffic controls,60 km/h,Local,86,Off left/left bend,802,Off cway left bend,Left,Rollover,Car (sedan/hatch),,1,0,0,0,0,5,May,Autumn,Tuesday,10:00 - 11:59,Midday / afternoon,False,False,False,False
1353155,Non-casualty (towaway),Non-casualty (towaway),2024,2024,May,Sunday,12:00 - 13:59,FORSYTH,ST,0,Right on the spot,TONGABOO,LANE,WAGGA WAGGA,,No,Not a school zone,X-intersection,-35.113887,147.369,Wagga Wagga,Country urban,Rest of NSW - Urban,Straight,,,,Off,Sealed,Dry,Fine,Daylight,Nil,No traffic controls,50 km/h,Local,10,Cross traffic,101,Adj - Cross traffic,,Right angle,Car (sedan/hatch),4 wheel drive / SUV,2,0,0,0,0,5,May,Autumn,Sunday,12:00 - 13:59,Midday / afternoon,False,False,False,False
1353158,Non-casualty (towaway),Non-casualty (towaway),2024,2024,May,Friday,06:00 - 07:59,COMMONS,RD,100,North,MURRINGO,RD,YOUNG,,No,Not a school zone,2-way undivided,-34.316336,148.328616,Hilltops,Country non-urban,Rest of NSW - Rural,Straight,Ditch/drain/culvert,,,Nil,Sealed,Wet,Fine,Dawn,Nil,No traffic controls,100 km/h,Local,71,Off rd left => obj,703,Left off cway into object,,Vehicle - Object,Light truck utility(from 2018),,1,0,0,0,0,5,May,Autumn,Friday,06:00 - 07:59,AM peak / school commute,True,False,False,False
1353159,Non-casualty (towaway),Non-casualty (towaway),2024,2024,May,Saturday,02:00 - 03:59,MINMAI,RD,30,South,GURNEY,RD,CHESTER HILL,,No,Not a school zone,2-way undivided,-33.872447,150.986724,Canterbury-Bankstown,Sydney metro. area,Syd-Newc-Woll Gtr conurbation,Straight,,,,On,Sealed,Wet,Raining,Darkness,Nil,No traffic controls,50 km/h,Local,71,Off rd left => obj,703,Left off cway into object,,Other angle,4 wheel drive / SUV,Car (sedan/hatch),3,0,0,0,0,5,May,Autumn,Saturday,02:00 - 03:59,Late night / early morning,False,False,False,False
1353167,Non-casualty (towaway),Non-casualty (towaway),2024,2024,May,Wednesday,02:00 - 03:59,HASTINGS RIVER,DR,0,Right on the spot,NUMBER 103,HN,PORT MACQUARIE,600.0,No,Not a school zone,Divided road,-31.429609,152.884659,Port Macquarie-Hastings,Country urban,Rest of NSW - Urban,Straight,,,,On,Sealed,Dry,Unknown,Darkness,Nil,No traffic controls,60 km/h,Regional,49,Other manoeuvring,400,Manov - other,,Other angle,Unknown motor vehicle,,1,0,0,0,0,5,May,Autumn,Wednesday,02:00 - 03:59,Late night / early morning,False,False,False,False
1353176,Non-casualty (towaway),Non-casualty (towaway),2024,2024,May,Monday,20:00 - 21:59,LIMESTONE,DR,10,East,O'SULLIVAN,RD,JERRABOMBERRA,,No,Not a school zone,T-junction,-35.379545,149.20136,Queanbeyan-Palerang Regional,Country urban,Rest of NSW - Urban,Straight,Steep grade,,,On,Sealed,Dry,Fine,Darkness,Nil,No traffic controls,50 km/h,Local,71,Off rd left => obj,703,Left off cway into object,,Vehicle - Object,Station wagon,,1,0,0,0,0,5,May,Autumn,Monday,20:00 - 21:59,Evening / night,False,False,False,False
1353177,Non-casualty (towaway),Non-casualty (towaway),2024,2024,May,Wednesday,00:01 - 01:59,GREAT WESTERN,HWY,0,Right on the spot,TABLELAND,RD,WENTWORTH FALLS,5.0,No,Not a school zone,T-junction,-33.724673,150.384586,Blue Mountains,Country urban,Syd-Newc-Woll Gtr conurbation,Curved,Steep grade,,,On,Sealed,Dry,Fine,Darkness,Nil,Stop sign,80 km/h,State,81,Off left/rt bnd=>obj,707,Right turn,Left,Vehicle - Object,4 wheel drive / SUV,,1,0,0,0,0,5,May,Autumn,Wednesday,00:01 - 01:59,Late night / early morning,False,False,False,False
1353183,Non-casualty (towaway),Non-casualty (towaway),2024,2024,May,Tuesday,08:00 - 09:59,SOUTH WESTERN,EXP,200,South,CAMDEN VALLEY WAY,OP,CASULA,6005.0,No,Not a school zone,Dual freeway,-33.958422,150.876463,Liverpool,Sydney metro. area,Syd-Newc-Woll Gtr conurbation,Straight,,,,Nil,Sealed,Dry,Fine,Daylight,Nil,No traffic controls,100 km/h,State,30,Rear end,301,Same - Rear end,,Rear end,Car (sedan/hatch),Unknown motor vehicle,2,0,0,0,0,5,May,Autumn,Tuesday,08:00 - 09:59,AM peak / school commute,True,False,False,False
1353199,Non-casualty (towaway),Non-casualty (towaway),2024,2024,May,Thursday,20:00 - 21:59,FOUNTAINS,RD,0,Right on the spot,NUMBER 50,HN,NARARA,,Yes,No,2-way undivided,-33.3969,151.334126,Central Coast,Country urban,Syd-Newc-Woll Gtr conurbation,Straight,,,,On,Sealed,Dry,Fine,Darkness,Nil,No traffic controls,50 km/h,Local,71,Off rd left => obj,703,Left off cway into object,,Other angle,Car (sedan/hatch),Station wagon,3,0,0,0,0,5,May,Autumn,Thursday,20:00 - 21:59,Evening / night,False,False,False,False
1353200,Non-casualty (towaway),Non-casualty (towaway),2024,2024,May,Tuesday,20:00 - 21:59,SILVERDALE,RD,500,North,MCLEAY,RD,WEROMBI,7640.0,No,Not a school zone,2-way undivided,-33.995955,150.570769,Wollondilly,Country urban,Syd-Newc-Woll Gtr conurbation,Curved,Embankment/cutting,,,Nil,Sealed,Dry,Fine,Darkness,Nil,No traffic controls,80 km/h,Regional,81,Off left/rt bnd=>obj,803,Off right bend into obj,Left,Vehicle - Object,Car (sedan/hatch),,1,0,0,0,0,5,May,Autumn,Tuesday,20:00 - 21:59,Evening / night,False,False,False,False
1353202,Non-casualty (towaway),Non-casualty (towaway),2024,2024,May,Friday,20:00 - 21:59,GREAT WESTERN,HWY,0,Right on the spot,DALHOUSIE,ST,ASHFIELD,5.0,No,Not a school zone,T-junction,-33.884744,151.135596,Inner West,Sydney metro. area,Syd-Newc-Woll Gtr conurbation,Straight,,,,On,Sealed,Wet,Raining,Darkness,On,No traffic controls,60 km/h,State,30,Rear end,301,Same - Rear end,,Rear end,Car (sedan/hatch),Light truck utility(from 2018),2,0,0,0,0,5,May,Autumn,Friday,20:00 - 21:59,Evening / night,False,False,False,False
1353204,Non-casualty (towaway),Non-casualty (towaway),2024,2024,May,Sunday,02:00 - 03:59,PEPPERCORN,AVE,0,Right on the spot,NUMBER 22,HN,WOONGARRAH,,No,Not a school zone,2-way undivided,-33.245935,151.48442,Central Coast,Country urban,Syd-Newc-Woll Gtr conurbation,Curved,Steep grade,,,On,Sealed,Wet,Raining,Darkness,Nil,No traffic controls,50 km/h,Local,81,Off left/rt bnd=>obj,803,Off right bend into obj,Left,Vehicle - Object,Car (sedan/hatch),,1,0,0,0,0,5,May,Autumn,Sunday,02:00 - 03:59,Late night / early morning,False,False,False,False
1353208,Non-casualty (towaway),Non-casualty (towaway),2024,2024,March,Saturday,12:00 - 13:59,FINCH,ST,0,Right on the spot,BINGARA CENTRAL SCHOOL,OT,BINGARA,,Yes,No,2-way undivided,-29.867509,150.568167,Gwydir,Country urban,Rest of NSW - Urban,Straight,,,,Nil,Sealed,Dry,Fine,Daylight,Nil,No traffic controls,50 km/h,Local,71,Off rd left => obj,703,Left off cway into object,,Vehicle - Object,Car (sedan/hatch),,1,0,0,0,0,3,March,Autumn,Saturday,12:00 - 13:59,Midday / afternoon,False,False,False,False
1353215,Non-casualty (towaway),Non-casualty (towaway),2024,2024,May,Thursday,20:00 - 21:59,WANGI,RD,100,South,DORRINGTON,RD,RATHMINES,217.0,No,Not a school zone,2-way undivided,-33.036504,151.564364,Lake Macquarie,Newcastle met. area,Syd-Newc-Woll Gtr conurbation,Straight,B'down lane/road shldr,,,On,Sealed,Dry,Fine,Darkness,Nil,No traffic controls,80 km/h,State,40,U turn,304,Same - U-turn,,Other angle,4 wheel drive / SUV,4 wheel drive / SUV,2,0,0,0,0,5,May,Autumn,Thursday,20:00 - 21:59,Evening / night,False,False,False,False
1353218,Non-casualty (towaway),Non-casualty (towaway),2024,2024,May,Saturday,22:00 - Midnight,MITCHELL,ST,0,Right on the spot,NUMBER 125,HN,STOCKTON,,No,Not a school zone,2-way undivided,-32.911943,151.786285,Newcastle,Newcastle met. area,Syd-Newc-Woll Gtr conurbation,Straight,,,,On,Sealed,Dry,Fine,Darkness,Nil,No traffic controls,50 km/h,Local,73,Off rd rght => obj,704,Right off cway into obj,,Vehicle - Object,Car (sedan/hatch),,1,0,0,0,0,5,May,Autumn,Saturday,22:00 - Midnight,Evening / night,False,False,False,False
1353231,Non-casualty (towaway),Non-casualty (towaway),2024,2024,May,Friday,10:00 - 11:59,DAVID,ST,54,West,RUSSELL,ST,MOUNT PRITCHARD,,No,Not a school zone,2-way undivided,-33.900974,150.906101,Fairfield,Sydney metro. area,Syd-Newc-Woll Gtr conurbation,Curved,Crest,,,Nil,Sealed,Dry,Fine,Daylight,Nil,No traffic controls,50 km/h,Local,81,Off left/rt bnd=>obj,803,Off right bend into obj,Left,Other angle,4 wheel drive / SUV,Car (sedan/hatch),3,0,0,0,0,5,May,Autumn,Friday,10:00 - 11:59,Midday / afternoon,False,False,False,False
1353247,Non-casualty (towaway),Non-casualty (towaway),2024,2024,May,Thursday,16:00 - 17:59,CASTLEREAGH,RD,0,Right on the spot,SOUTHEE,RD,RICHMOND,570.0,No,Not a school zone,X-intersection,-33.602005,150.733855,Hawkesbury,Country urban,Syd-Newc-Woll Gtr conurbation,Straight,,,,Nil,Sealed,Dry,Fine,Darkness,Nil,Stop sign,60 km/h,State,10,Cross traffic,101,Adj - Cross traffic,,Right angle,4 wheel drive / SUV,4 wheel drive / SUV,2,0,0,0,0,5,May,Autumn,Thursday,16:00 - 17:59,PM peak / evening commute,True,False,False,False
1353250,Non-casualty (towaway),Non-casualty (towaway),2024,2024,May,Tuesday,06:00 - 07:59,WESTERN,EXP,100,East,CUMBERLAND HIGHWAY,TO,SOUTH WENTWORTHVILLE,6004.0,No,Not a school zone,Dual freeway,-33.817143,150.96941,Cumberland,Sydney metro. area,Syd-Newc-Woll Gtr conurbation,Straight,,,,Off,Sealed,Dry,Fine,Dawn,Nil,No traffic controls,90 km/h,State,35,Lane change left,307,Same - Lane change left,,Other angle,Light truck utility(from 2018),Light truck utility(from 2018),2,0,0,0,0,5,May,Autumn,Tuesday,06:00 - 07:59,AM peak / school commute,True,False,False,False
1353276,Non-casualty (towaway),Non-casualty (towaway),2024,2024,May,Thursday,06:00 - 07:59,CUMBERLAND,HWY,30,South,JOHN,ST,CABRAMATTA WEST,13.0,No,Not a school zone,Divided road,-33.893417,150.922316,Fairfield,Sydney metro. area,Syd-Newc-Woll Gtr conurbation,Straight,,,,Nil,Sealed,Wet,Fine,Daylight,Nil,No traffic controls,70 km/h,State,35,Lane change left,307,Same - Lane change left,,Other angle,Light truck utility(from 2018),Car (sedan/hatch),2,0,0,0,0,5,May,Autumn,Thursday,06:00 - 07:59,AM peak / school commute,True,False,False,False