crash_id,degree_of_crash,degree_of_crash_-_detailed,reporting_year,year_of_crash,month_of_crash,day_of_week_of_crash,two-hour_intervals,street_of_crash,street_type,distance,direction,identifying_feature,identifying_feature_type,town,route_no.,school_zone_location,school_zone_active,type_of_location,latitude,longitude,lga,urbanisation,conurbation_1,alignment,primary_permanent_feature,primary_temporary_feature,primary_hazardous_feature,street_lighting,road_surface,surface_condition,weather,natural_lighting,signals_operation,other_traffic_control,speed_limit,road_classification_(admin),rum_-_code,rum_-_description,dca_-_code,dca_-_description,dca_supplement,first_impact_type,key_tu_type,other_tu_type,no._of_traffic_units_involved,no._killed,no._seriously_injured,no._moderately_injured,no._minor-other_injured,month_num,month_label,season,day_label,time_label,time_band,is_peak_commute,is_fatal,is_injury,is_casualty
1353291,Non-casualty (towaway),Non-casualty (towaway),2024,2024,January,Sunday,12:00 - 13:59,ROPER,RD,0,Right on the spot,NUMBER 86,HN,BLUE HAVEN,,No,Not a school zone,2-way undivided,-33.20797,151.504121,Central Coast,Country urban,Syd-Newc-Woll Gtr conurbation,Straight,Steep grade,,,Unknown / not stated,Sealed,Wet,Raining,Daylight,Nil,No traffic controls,50 km/h,Local,71,Off rd left => obj,703,Left off cway into object,,Other angle,Car (sedan/hatch),4 wheel drive / SUV,2,0,0,0,0,1,January,Summer,Sunday,12:00 - 13:59,Midday / afternoon,False,False,False,False
1353292,Non-casualty (towaway),Non-casualty (towaway),2024,2024,January,Tuesday,18:00 - 19:59,CAMPBELL,ST,0,Right on the spot,DILLON,ST,RAMSGATE,,No,Not a school zone,X-intersection,-33.983841,151.137582,Bayside,Sydney metro. area,Syd-Newc-Woll Gtr conurbation,Straight,,,,Unknown / not stated,Sealed,Dry,Fine,Daylight,Nil,Give way sign,50 km/h,Local,10,Cross traffic,101,Adj - Cross traffic,,Right angle,Car (sedan/hatch),Car (sedan/hatch),4,0,0,0,0,1,January,Summer,Tuesday,18:00 - 19:59,PM peak / evening commute,True,False,False,False
1353293,Non-casualty (towaway),Non-casualty (towaway),2024,2024,April,Friday,12:00 - 13:59,ARGYLE,ST,0,Right on the spot,PRINCE,ST,PICTON,620.0,No,Not a school zone,T-junction,-34.180281,150.608193,Wollondilly,Country urban,Syd-Newc-Woll Gtr conurbation,Straight,,,,Unknown / not stated,Sealed,Dry,Fine,Daylight,Nil,No traffic controls,60 km/h,Regional,72,Off road to right,702,Off carriageway to right,,Rollover,Car (sedan/hatch),,1,0,0,0,0,4,April,Autumn,Friday,12:00 - 13:59,Midday / afternoon,False,False,False,False
1353296,Non-casualty (towaway),Non-casualty (towaway),2024,2024,April,Tuesday,18:00 - 19:59,MACAULEY,ST,0,Right on the spot,SMOLLETT,ST,ALBURY,,No,Not a school zone,X-intersection,-36.083556,146.921733,Albury,Country urban,Rest of NSW - Urban,Straight,,,,Unknown / not stated,Sealed,Dry,Fine,Dusk,Nil,Give way sign,50 km/h,Local,10,Cross traffic,101,Adj - Cross traffic,,Right angle,Car (sedan/hatch),Car (sedan/hatch),2,0,0,0,0,4,April,Autumn,Tuesday,18:00 - 19:59,PM peak / evening commute,True,False,False,False
1353298,Non-casualty (towaway),Non-casualty (towaway),2024,2024,March,Friday,20:00 - 21:59,STURT,HWY,500,West,WEBBS,RD,CARRATHOOL,14.0,No,Not a school zone,2-way undivided,-34.471827,145.456135,Murrumbidgee,Country non-urban,Rest of NSW - Rural,Straight,,,,Unknown / not stated,Sealed,Dry,Fine,Darkness,Nil,No traffic controls,110 km/h,State,67,Struck animal,609,On path - Hit animal,,Vehicle - Animal,Station wagon,,1,0,0,0,0,3,March,Autumn,Friday,20:00 - 21:59,Evening / night,False,False,False,False
1353305,Non-casualty (towaway),Non-casualty (towaway),2024,2024,May,Thursday,04:00 - 05:59,DOYALSON LINK,RD,1165,West,TOOHEYS ROAD,OP,BUSHELLS RIDGE,675.0,No,Not a school zone,2-way undivided,-33.214502,151.464757,Central Coast,Country non-urban,Syd-Newc-Woll Gtr conurbation,Straight,,,,Unknown / not stated,Sealed,Dry,Fine,Darkness,Nil,No traffic controls,100 km/h,State,74,On road-out of cont.,705,Out of control on cway,,Rollover,4 wheel drive / SUV,,1,0,0,0,0,5,May,Autumn,Thursday,04:00 - 05:59,Late night / early morning,False,False,False,False
1353306,Non-casualty (towaway),Non-casualty (towaway),2024,2024,May,Tuesday,16:00 - 17:59,BOTANY,RD,0,Right on the spot,MCEVOY,ST,WATERLOO,170.0,No,Not a school zone,X-intersection,-33.901489,151.201136,Sydney,Sydney metro. area,Syd-Newc-Woll Gtr conurbation,Straight,,,,Unknown / not stated,Sealed,Dry,Fine,Darkness,On,No traffic controls,50 km/h,State,10,Cross traffic,101,Adj - Cross traffic,,Right angle,Car (sedan/hatch),4 wheel drive / SUV,2,0,0,0,0,5,May,Autumn,Tuesday,16:00 - 17:59,PM peak / evening commute,True,False,False,False
1353307,Non-casualty (towaway),Non-casualty (towaway),2024,2024,May,Wednesday,14:00 - 15:59,RICHARDSON,RD,150,East,BENJAMIN LEE,DR,RAYMOND TERRACE,104.0,No,Not a school zone,2-way undivided,-32.758133,151.783038,Port Stephens,Country urban,Rest of NSW - Urban,Straight,Embankment/cutting,,,Unknown / not stated,Sealed,Dry,Fine,Daylight,Nil,No traffic controls,70 km/h,State,71,Off rd left => obj,703,Left off cway into object,,Vehicle - Object,Passenger van,,1,0,0,0,0,5,May,Autumn,Wednesday,14:00 - 15:59,Midday / afternoon,False,False,False,False
1353313,Non-casualty (towaway),Non-casualty (towaway),2024,2024,May,Wednesday,06:00 - 07:59,PRINCES,HWY,100,North,CLYDE,RD,NORTH BATEMANS BAY,1.0,No,Not a school zone,2-way undivided,-35.689628,150.196018,Eurobodalla,Country non-urban,Rest of NSW - Rural,Straight,Steep grade,,,Unknown / not stated,Sealed,Dry,Fine,Daylight,Nil,No traffic controls,100 km/h,State,30,Rear end,301,Same - Rear end,,Rear end,Light truck utility(from 2018),Large rigid,4,0,0,0,0,5,May,Autumn,Wednesday,06:00 - 07:59,AM peak / school commute,True,False,False,False
1353314,Non-casualty (towaway),Non-casualty (towaway),2024,2024,May,Wednesday,08:00 - 09:59,KILGIN,RD,1000,North,NORTH WOODBURN,LANE,NORTH WOODBURN,,No,Not a school zone,2-way undivided,-29.063562,153.356336,Lismore,Country non-urban,Rest of NSW - Rural,Straight,Narrow roadway,,,Unknown / not stated,Sealed,Dry,Fine,Daylight,Nil,No traffic controls,100 km/h,Local,20,Head on,201,Opp - Head on,,Head-on,4 wheel drive / SUV,4 wheel drive / SUV,2,0,0,0,0,5,May,Autumn,Wednesday,08:00 - 09:59,AM peak / school commute,True,False,False,False
1353315,Non-casualty (towaway),Non-casualty (towaway),2024,2024,May,Wednesday,14:00 - 15:59,WOY WOY,RD,200,South,WATTLE,CRES,WOY WOY,7751.0,No,Not a school zone,2-way undivided,-33.487475,151.303304,Central Coast,Country urban,Syd-Newc-Woll Gtr conurbation,Curved,Painted double centre lines,,,Unknown / not stated,Sealed,Wet,Fine,Daylight,Nil,No traffic controls,60 km/h,Regional,20,Head on,201,Opp - Head on,,Head-on,Light truck utility(from 2018),Car (sedan/hatch),2,0,0,0,0,5,May,Autumn,Wednesday,14:00 - 15:59,Midday / afternoon,False,False,False,False
1353317,Non-casualty (towaway),Non-casualty (towaway),2024,2024,April,Thursday,06:00 - 07:59,PACIFIC,HWY,200,East,EBONY,DR,WADALBA,10.0,No,Not a school zone,2-way undivided,-33.263107,151.466804,Central Coast,Country urban,Syd-Newc-Woll Gtr conurbation,Straight,,,,Unknown / not stated,Sealed,Dry,Fine,Daylight,Nil,No traffic controls,70 km/h,State,72,Off road to right,702,Off carriageway to right,,Rollover,Car (sedan/hatch),,1,0,0,0,0,4,April,Autumn,Thursday,06:00 - 07:59,AM peak / school commute,True,False,False,False
1353318,Non-casualty (towaway),Non-casualty (towaway),2024,2024,June,Sunday,16:00 - 17:59,WATERFALL,RD,0,Right on the spot,NUMBER 2809,HN,HILLGROVE,76.0,No,Not a school zone,2-way undivided,-30.526583,151.931186,Armidale Regional,Country non-urban,Rest of NSW - Rural,Straight,,,,Unknown / not stated,Sealed,Wet,Raining,Daylight,Nil,No traffic controls,100 km/h,State,71,Off rd left => obj,703,Left off cway into object,,Vehicle - Object,Station wagon,,1,0,0,0,0,6,June,Winter,Sunday,16:00 - 17:59,PM peak / evening commute,True,False,False,False
1353320,Non-casualty (towaway),Non-casualty (towaway),2024,2024,June,Saturday,02:00 - 03:59,PACIFIC,HWY,100,North,MELALEUCA,DR,COOLONGOLOOK,10.0,No,Not a school zone,Divided road,-32.184587,152.326447,Mid-Coast,Country non-urban,Rest of NSW - Rural,Curved,,,,Unknown / not stated,Sealed,Wet,Raining,Darkness,Nil,No traffic controls,100 km/h,State,66,Object on road,607,On path - Hit temp object,,Vehicle - Object,Light truck,,1,0,0,0,0,6,June,Winter,Saturday,02:00 - 03:59,Late night / early morning,False,False,False,False
1353321,Non-casualty (towaway),Non-casualty (towaway),2024,2024,June,Monday,10:00 - 11:59,BOUNDARY,RD,0,Right on the spot,BRAHMAN,RD,OAKVILLE,7205.0,No,Not a school zone,T-junction,-33.644615,150.881911,Hawkesbury,Country urban,Syd-Newc-Woll Gtr conurbation,Straight,,,,Unknown / not stated,Sealed,Dry,Fine,Daylight,Nil,No traffic controls,80 km/h,Regional,30,Rear end,301,Same - Rear end,,Rear end,Light truck utility(from 2018),Car (sedan/hatch),2,0,0,0,0,6,June,Winter,Monday,10:00 - 11:59,Midday / afternoon,False,False,False,False
1353325,Non-casualty (towaway),Non-casualty (towaway),2024,2024,June,Saturday,18:00 - 19:59,RICHMOND,RD,0,Right on the spot,ROOTY HILL,RD,OAKHURST,537.0,No,Not a school zone,X-intersection,-33.732612,150.848153,Blacktown,Sydney metro. area,Syd-Newc-Woll Gtr conurbation,Straight,,,,Unknown / not stated,Sealed,Wet,Raining,Dusk,On,No traffic controls,70 km/h,State,30,Rear end,301,Same - Rear end,,Rear end,Car (sedan/hatch),Car (sedan/hatch),4,0,0,0,0,6,June,Winter,Saturday,18:00 - 19:59,PM peak / evening commute,True,False,False,False
1353326,Non-casualty (towaway),Non-casualty (towaway),2024,2024,January,Thursday,16:00 - 17:59,MARSHALL MOUNT,RD,0,Right on the spot,YALLAH,RD,MARSHALL MOUNT,,No,Not a school zone,T-junction,-34.535904,150.767749,Wollongong,Wollongong met. area,Syd-Newc-Woll Gtr conurbation,Straight,,,,Unknown / not stated,Sealed,Dry,Overcast,Daylight,Nil,No traffic controls,80 km/h,Local,30,Rear end,301,Same - Rear end,,Rear end,Motorcycle,Large rigid,2,0,0,0,0,1,January,Summer,Thursday,16:00 - 17:59,PM peak / evening commute,True,False,False,False
1353327,Non-casualty (towaway),Non-casualty (towaway),2024,2024,June,Saturday,10:00 - 11:59,NEWCASTLE,EXP,4000,North,HUE HUE,RD,MORISSET,6003.0,No,Not a school zone,Dual freeway,-33.146349,151.475311,Lake Macquarie,Newcastle met. area,Syd-Newc-Woll Gtr conurbation,Straight,,,,Unknown / not stated,Sealed,Wet,Raining,Daylight,Nil,No traffic controls,110 km/h,State,70,Off road to left,701,Off carriageway to left,,Rollover,Car (sedan/hatch),,1,0,0,0,0,6,June,Winter,Saturday,10:00 - 11:59,Midday / afternoon,False,False,False,False
1353331,Non-casualty (towaway),Non-casualty (towaway),2024,2024,June,Sunday,10:00 - 11:59,RICHMOND,RD,0,Right on the spot,HILL END,RD,QUAKERS HILL,643.0,No,Not a school zone,T-junction,-33.74368,150.873215,Blacktown,Sydney metro. area,Syd-Newc-Woll Gtr conurbation,Straight,,,,Unknown / not stated,Sealed,Dry,Fine,Daylight,Nil,No traffic controls,70 km/h,State,31,Left rear,302,Same - Rear left,,Rear end,Car (sedan/hatch),Car (sedan/hatch),2,0,0,0,0,6,June,Winter,Sunday,10:00 - 11:59,Midday / afternoon,False,False,False,False
1353332,Non-casualty (towaway),Non-casualty (towaway),2024,2024,June,Tuesday,16:00 - 17:59,FITZMAURICE,ST,50,South,GURWOOD,ST,WAGGA WAGGA,,No,Not a school zone,Divided road,-35.10614,147.369803,Wagga Wagga,Country urban,Rest of NSW - Urban,Straight,,,,Unknown / not stated,Sealed,Dry,Fine,Daylight,Nil,No traffic controls,50 km/h,Local,44,Parking vehicles,403,Manov - Parking-parked vehicle,,Other angle,Light truck utility(from 2018),Car (sedan/hatch),2,0,0,0,0,6,June,Winter,Tuesday,16:00 - 17:59,PM peak / evening commute,True,False,False,False
1353333,Non-casualty (towaway),Non-casualty (towaway),2024,2024,June,Monday,18:00 - 19:59,ARIZONA,RD,0,Right on the spot,HAKONE,RD,CHARMHAVEN,,No,Not a school zone,X-intersection,-33.239462,151.492703,Central Coast,Country urban,Syd-Newc-Woll Gtr conurbation,Straight,,,,Unknown / not stated,Sealed,Dry,Fine,Dusk,Nil,Stop sign,50 km/h,Local,87,Off lft/lft bnd=>obj,706,Left turn,Left,Vehicle - Object,Car (sedan/hatch),,1,0,0,0,0,6,June,Winter,Monday,18:00 - 19:59,PM peak / evening commute,True,False,False,False
1353335,Non-casualty (towaway),Non-casualty (towaway),2024,2024,June,Tuesday,08:00 - 09:59,O'CONNELL,ST,0,Right on the spot,FACTORY,ST,NORTH PARRAMATTA,184.0,No,Not a school zone,X-intersection,-33.800855,151.00285,Parramatta,Sydney metro. area,Syd-Newc-Woll Gtr conurbation,Straight,,,,Unknown / not stated,Sealed,Dry,Fine,Daylight,On,No traffic controls,60 km/h,State,30,Rear end,301,Same - Rear end,,Rear end,Car (sedan/hatch),Car (sedan/hatch),2,0,0,0,0,6,June,Winter,Tuesday,08:00 - 09:59,AM peak / school commute,True,False,False,False
1353337,Non-casualty (towaway),Non-casualty (towaway),2024,2024,June,Friday,16:00 - 17:59,CUMBERLAND,HWY,100,North,WESTERN HIGHWAY,OP,SOUTH WENTWORTHVILLE,13.0,No,Not a school zone,Divided road,-33.815012,150.964453,Cumberland,Sydney metro. area,Syd-Newc-Woll Gtr conurbation,Straight,,,,Unknown / not stated,Sealed,Dry,Fine,Dusk,Nil,No traffic controls,70 km/h,State,30,Rear end,301,Same - Rear end,,Rear end,4 wheel drive / SUV,Light truck,2,0,0,0,0,6,June,Winter,Friday,16:00 - 17:59,PM peak / evening commute,True,False,False,False
1353338,Non-casualty (towaway),Non-casualty (towaway),2024,2024,May,Thursday,16:00 - 17:59,WILSON,RD,0,Right on the spot,NUMBER 210,HN,GREEN VALLEY,,No,Not a school zone,2-way undivided,-33.90297,150.866475,Liverpool,Sydney metro. area,Syd-Newc-Woll Gtr conurbation,Straight,,,,Unknown / not stated,Sealed,Dry,Fine,Daylight,Nil,No traffic controls,50 km/h,Local,42,Leaving parking,401,Manov - Leaving parking,,Other angle,4 wheel drive / SUV,Car (sedan/hatch),2,0,0,0,0,5,May,Autumn,Thursday,16:00 - 17:59,PM peak / evening commute,True,False,False,False
1353339,Non-casualty (towaway),Non-casualty (towaway),2024,2024,June,Wednesday,12:00 - 13:59,EASTERN DISTRIBUTOR,EXP,155,North,TUNNEL,ENT,WATERLOO,6007.0,No,Not a school zone,Dual freeway,-33.898486,151.215582,Sydney,Sydney metro. area,Syd-Newc-Woll Gtr conurbation,Straight,Underpass/tunnel,,,Nil,Sealed,Dry,Fine,Daylight,Nil,No traffic controls,80 km/h,State,49,Other manoeuvring,400,Manov - other,,Other angle,Semi-trailer,Car (sedan/hatch),3,0,0,0,0,6,June,Winter,Wednesday,12:00 - 13:59,Midday / afternoon,False,False,False,False
1353340,Non-casualty (towaway),Non-casualty (towaway),2024,2024,May,Wednesday,08:00 - 09:59,CANNON,ST,0,Right on the spot,WESTBOURNE,ST,STANMORE,,No,Not a school zone,T-junction,-33.889715,151.163816,Inner West,Sydney metro. area,Syd-Newc-Woll Gtr conurbation,Straight,,,,Unknown / not stated,Sealed,Dry,Fine,Daylight,Nil,No traffic controls,50 km/h,Local,29,Other opposing,200,Opp - other,,Other angle,Light truck utility(from 2018),4 wheel drive / SUV,2,0,0,0,0,5,May,Autumn,Wednesday,08:00 - 09:59,AM peak / school commute,True,False,False,False
1353344,Non-casualty (towaway),Non-casualty (towaway),2024,2024,June,Monday,18:00 - 19:59,SOUTH,ST,10,East,THACKERAY,ST,RYDALMERE,,No,Not a school zone,T-junction,-33.815437,151.041746,Parramatta,Sydney metro. area,Syd-Newc-Woll Gtr conurbation,Straight,Steep grade,,,Unknown / not stated,Sealed,Dry,Fine,Darkness,Nil,No traffic controls,50 km/h,Local,71,Off rd left => obj,703,Left off cway into object,,Vehicle - Object,Car (sedan/hatch),,1,0,0,0,0,6,June,Winter,Monday,18:00 - 19:59,PM peak / evening commute,True,False,False,False
1353347,Non-casualty (towaway),Non-casualty (towaway),2024,2024,June,Tuesday,10:00 - 11:59,SACKVILLE,ST,0,Right on the spot,AVENEL,ST,CANLEY VALE,7221.0,No,Not a school zone,T-junction,-33.882042,150.939704,Fairfield,Sydney metro. area,Syd-Newc-Woll Gtr conurbation,Straight,,,,Unknown / not stated,Sealed,Dry,Fine,Daylight,Nil,No traffic controls,60 km/h,Regional,13,Right near,104,Adj - Right-thru from right,,Right angle,4 wheel drive / SUV,Car (sedan/hatch),2,0,0,0,0,6,June,Winter,Tuesday,10:00 - 11:59,Midday / afternoon,False,False,False,False
1353351,Non-casualty (towaway),Non-casualty (towaway),2024,2024,May,Tuesday,08:00 - 09:59,MILPERRA,RD,0,Right on the spot,GOVERNOR MACQUARIE,DR,MOOREBANK,167.0,No,Not a school zone,X-intersection,-33.92881,150.962285,Liverpool,Sydney metro. area,Syd-Newc-Woll Gtr conurbation,Straight,,,,Unknown / not stated,Sealed,Wet,Fine,Daylight,On,No traffic controls,70 km/h,State,45,Reversing,404,Manov - Reverse in traffic,,Other angle,Semi-trailer,Semi-trailer,2,0,0,0,0,5,May,Autumn,Tuesday,08:00 - 09:59,AM peak / school commute,True,False,False,False
1353352,Non-casualty (towaway),Non-casualty (towaway),2024,2024,June,Friday,04:00 - 05:59,BUCKETTS,WAY,0,Right on the spot,WAUKIVORY,RD,GLOUCESTER,90.0,No,Not a school zone,T-junction,-32.006254,151.976645,Mid-Coast,Country non-urban,Rest of NSW - Rural,Straight,,,,Unknown / not stated,Sealed,Dry,Fog or mist,Dawn,Nil,No traffic controls,90 km/h,Regional,67,Struck animal,609,On path - Hit animal,,Vehicle - Animal,Light truck utility(from 2018),,1,0,0,0,0,6,June,Winter,Friday,04:00 - 05:59,Late night / early morning,False,False,False,False
1353354,Non-casualty (towaway),Non-casualty (towaway),2024,2024,April,Thursday,16:00 - 17:59,LAWRENCE,ST,0,Right on the spot,NUMBER 47,HN,PEAKHURST,,No,Not a school zone,2-way undivided,-33.960475,151.057163,Georges River,Sydney metro. area,Syd-Newc-Woll Gtr conurbation,Straight,,,,Unknown / not stated,Sealed,Dry,Fine,Unknown,Nil,No traffic controls,50 km/h,Local,63,Vehicle door,604,On path - Vehicle door,,Other angle,Car (sedan/hatch),Car (sedan/hatch),2,0,0,0,0,4,April,Autumn,Thursday,16:00 - 17:59,PM peak / evening commute,True,False,False,False
1353357,Non-casualty (towaway),Non-casualty (towaway),2024,2024,June,Thursday,08:00 - 09:59,JINDALEE,CRES,0,Right on the spot,PATONGA,ST,NOWRA,,No,Not a school zone,X-intersection,-34.897954,150.615272,Shoalhaven,Country urban,Rest of NSW - Urban,Straight,,,,Unknown / not stated,Sealed,Wet,Raining,Daylight,Nil,Give way sign,50 km/h,Local,10,Cross traffic,101,Adj - Cross traffic,,Right angle,Light truck utility(from 2018),Utility,2,0,0,0,0,6,June,Winter,Thursday,08:00 - 09:59,AM peak / school commute,True,False,False,False
1353364,Non-casualty (towaway),Non-casualty (towaway),2024,2024,June,Saturday,18:00 - 19:59,PACIFIC,HWY,0,Right on the spot,FIDDENS WHARF,RD,KILLARA,10.0,No,Not a school zone,T-junction,-33.77056,151.160593,Ku-ring-gai,Sydney metro. area,Syd-Newc-Woll Gtr conurbation,Straight,Steep grade,,,Unknown / not stated,Sealed,Wet,Raining,Darkness,Nil,No U turn,60 km/h,State,21,Right through,202,Opp - Right-thru,,Other angle,Utility,4 wheel drive / SUV,2,0,0,0,0,6,June,Winter,Saturday,18:00 - 19:59,PM peak / evening commute,True,False,False,False
1353365,Non-casualty (towaway),Non-casualty (towaway),2024,2024,May,Friday,08:00 - 09:59,GUNTAWONG,RD,0,Right on the spot,WORCESTER,RD,ROUSE HILL,,No,Not a school zone,T-junction,-33.675432,150.902633,Blacktown,Sydney metro. area,Syd-Newc-Woll Gtr conurbation,Straight,,,,Unknown / not stated,Sealed,Dry,Fine,Daylight,Nil,No traffic controls,60 km/h,Local,21,Right through,202,Opp - Right-thru,,Other angle,Car (sedan/hatch),Light truck utility(from 2018),3,0,0,0,0,5,May,Autumn,Friday,08:00 - 09:59,AM peak / school commute,True,False,False,False
1353366,Non-casualty (towaway),Non-casualty (towaway),2024,2024,May,Friday,22:00 - Midnight,GREAT WESTERN,HWY,100,East,VICTORIA,ST,MOUNT VICTORIA,5.0,No,Not a school zone,2-way undivided,-33.584184,150.244324,Blue Mountains,Country urban,Syd-Newc-Woll Gtr conurbation,Curved,Steep grade,,,Unknown / not stated,Sealed,Wet,Fine,Darkness,Nil,No traffic controls,60 km/h,State,87,Off lft/lft bnd=>obj,804,Off left bend into obj,Left,Vehicle - Object,Car (sedan/hatch),,1,0,0,0,0,5,May,Autumn,Friday,22:00 - Midnight,Evening / night,False,False,False,False
1353369,Non-casualty (towaway),Non-casualty (towaway),2024,2024,June,Tuesday,08:00 - 09:59,CESSNOCK,RD,0,Right on the spot,STATION,ST,WESTON,588.0,No,Not a school zone,X-intersection,-32.814891,151.458806,Cessnock,Country urban,Rest of NSW - Urban,Straight,,,,Unknown / not stated,Sealed,Dry,Fine,Daylight,On,No traffic controls,60 km/h,State,30,Rear end,301,Same - Rear end,,Rear end,Light truck,Car (sedan/hatch),2,0,0,0,0,6,June,Winter,Tuesday,08:00 - 09:59,AM peak / school commute,True,False,False,False
1353370,Non-casualty (towaway),Non-casualty (towaway),2024,2024,February,Saturday,14:00 - 15:59,GREAT WESTERN,HWY,0,Right on the spot,NUMBER 42-50,HN,HOMEBUSH,5.0,No,Not a school zone,Divided road,-33.865114,151.086829,Strathfield,Sydney metro. area,Syd-Newc-Woll Gtr conurbation,Straight,,,,Unknown / not stated,Sealed,Wet,Raining,Daylight,Nil,No traffic controls,60 km/h,State,30,Rear end,301,Same - Rear end,,Rear end,4 wheel drive / SUV,Light truck utility(from 2018),2,0,0,0,0,2,February,Summer,Saturday,14:00 - 15:59,Midday / afternoon,False,False,False,False
1353371,Non-casualty (towaway),Non-casualty (towaway),2024,2024,June,Wednesday,14:00 - 15:59,CENTRAL COAST,HWY,0,Right on the spot,MANNS,RD,WEST GOSFORD,30.0,No,Not a school zone,X-intersection,-33.427169,151.317787,Central Coast,Country urban,Syd-Newc-Woll Gtr conurbation,Straight,,,,Unknown / not stated,Sealed,Dry,Fine,Daylight,On,No traffic controls,70 km/h,State,30,Rear end,301,Same - Rear end,,Rear end,Station wagon,4 wheel drive / SUV,2,0,0,0,0,6,June,Winter,Wednesday,14:00 - 15:59,Midday / afternoon,False,False,False,False
1353373,Non-casualty (towaway),Non-casualty (towaway),2024,2024,June,Saturday,18:00 - 19:59,BANKS,RD,0,Right on the spot,SOUTH LIVERPOOL,RD,BUSBY,,No,Not a school zone,X-intersection,-33.910862,150.875157,Liverpool,Sydney metro. area,Syd-Newc-Woll Gtr conurbation,Straight,,,,Unknown / not stated,Sealed,Wet,Raining,Darkness,On,No traffic controls,50 km/h,Local,71,Off rd left => obj,703,Left off cway into object,,Vehicle - Object,Light truck,,1,0,0,0,0,6,June,Winter,Saturday,18:00 - 19:59,PM peak / evening commute,True,False,False,False
1353375,Non-casualty (towaway),Non-casualty (towaway),2024,2024,May,Monday,10:00 - 11:59,BURLEY GRIFFIN,WAY,100,East,OLYMPIC,HWY,WALLENDBEEN,84.0,No,Not a school zone,2-way undivided,-34.529195,148.164843,Cootamundra-Gundagai,Country urban,Rest of NSW - Urban,Straight,Painted double centre lines,,,Unknown / not stated,Sealed,Dry,Fine,Daylight,Nil,No traffic controls,60 km/h,State,40,U turn,304,Same - U-turn,,Other angle,Light truck utility(from 2018),Light truck utility(from 2018),2,0,0,0,0,5,May,Autumn,Monday,10:00 - 11:59,Midday / afternoon,False,False,False,False
1353378,Non-casualty (towaway),Non-casualty (towaway),2024,2024,June,Sunday,02:00 - 03:59,HUME,HWY,1000,North,COMMON,RD,BOWNING,2.0,No,Not a school zone,Divided road,-34.771972,148.831382,Yass Valley,Country non-urban,Rest of NSW - Rural,Curved,Steep grade,,,Unknown / not stated,Sealed,Wet,Fog or mist,Darkness,Nil,No traffic controls,110 km/h,State,87,Off lft/lft bnd=>obj,804,Off left bend into obj,Left,Vehicle - Object,Light truck utility(from 2018),,1,0,0,0,0,6,June,Winter,Sunday,02:00 - 03:59,Late night / early morning,False,False,False,False
1353379,Non-casualty (towaway),Non-casualty (towaway),2024,2024,February,Sunday,12:00 - 13:59,WINDSOR,RD,0,Right on the spot,SCHOFIELDS,RD,ROUSE HILL,184.0,No,Not a school zone,X-intersection,-33.690517,150.922224,Blacktown,Sydney metro. area,Syd-Newc-Woll Gtr conurbation,Straight,,,,Unknown / not stated,Sealed,Dry,Fine,Daylight,On,No traffic controls,80 km/h,State,10,Cross traffic,101,Adj - Cross traffic,,Right angle,4 wheel drive / SUV,Light truck,2,0,0,0,0,2,February,Summer,Sunday,12:00 - 13:59,Midday / afternoon,False,False,False,False
1353382,Non-casualty (towaway),Non-casualty (towaway),2024,2024,May,Friday,00:01 - 01:59,WAKEFIELD,RD,0,Right on the spot,NUMBER 440,HN,WAKEFIELD,,No,Not a school zone,2-way undivided,-32.962154,151.548205,Lake Macquarie,Newcastle met. area,Syd-Newc-Woll Gtr conurbation,Curved,Painted double centre lines,,,Unknown / not stated,Sealed,Wet,Raining,Darkness,Nil,No traffic controls,80 km/h,Local,83,Off rt/rt bnd=>obj,803,Off right bend into obj,Right,Vehicle - Object,4 wheel drive / SUV,,1,0,0,0,0,5,May,Autumn,Friday,00:01 - 01:59,Late night / early morning,False,False,False,False
1353383,Non-casualty (towaway),Non-casualty (towaway),2024,2024,May,Tuesday,22:00 - Midnight,DARVALL,ST,0,Right on the spot,HENRY,LANE,NAREMBURN,,No,Not a school zone,X-intersection,-33.821641,151.198084,Willoughby,Sydney metro. area,Syd-Newc-Woll Gtr conurbation,Straight,,,,Unknown / not stated,Sealed,Dry,Fine,Darkness,Nil,Stop sign,50 km/h,Local,66,Object on road,607,On path - Hit temp object,,Vehicle - Object,Car (sedan/hatch),,1,0,0,0,0,5,May,Autumn,Tuesday,22:00 - Midnight,Evening / night,False,False,False,False
1353386,Non-casualty (towaway),Non-casualty (towaway),2024,2024,May,Friday,14:00 - 15:59,PACIFIC,HWY,40,North,POTTSVILLE ROAD,OP,SLEEPY HOLLOW,10.0,No,Not a school zone,Divided road,-28.427782,153.519109,Tweed,Country non-urban,Rest of NSW - Rural,Straight,,,,Unknown / not stated,Sealed,Dry,Fine,Daylight,Nil,No traffic controls,110 km/h,State,33,Lane sideswipe,305,Same - Lane side swipe,,Other angle,Light truck utility(from 2018),Car (sedan/hatch),2,0,0,0,0,5,May,Autumn,Friday,14:00 - 15:59,Midday / afternoon,False,False,False,False