crash_id,degree_of_crash,degree_of_crash_-_detailed,reporting_year,year_of_crash,month_of_crash,day_of_week_of_crash,two-hour_intervals,street_of_crash,street_type,distance,direction,identifying_feature,identifying_feature_type,town,route_no.,school_zone_location,school_zone_active,type_of_location,latitude,longitude,lga,urbanisation,conurbation_1,alignment,primary_permanent_feature,primary_temporary_feature,primary_hazardous_feature,street_lighting,road_surface,surface_condition,weather,natural_lighting,signals_operation,other_traffic_control,speed_limit,road_classification_(admin),rum_-_code,rum_-_description,dca_-_code,dca_-_description,dca_supplement,first_impact_type,key_tu_type,other_tu_type,no._of_traffic_units_involved,no._killed,no._seriously_injured,no._moderately_injured,no._minor-other_injured,month_num,month_label,season,day_label,time_label,time_band,is_peak_commute,is_fatal,is_injury,is_casualty
1353387,Non-casualty (towaway),Non-casualty (towaway),2024,2024,June,Friday,06:00 - 07:59,PRINCES,HWY,200,South,COMBERTON GRANGE,RD,FALLS CREEK,1.0,No,Not a school zone,Divided road,-34.962392,150.599358,Shoalhaven,Country non-urban,Rest of NSW - Rural,Straight,,,,Unknown / not stated,Sealed,Wet,Raining,Daylight,Nil,No traffic controls,100 km/h,State,71,Off rd left => obj,703,Left off cway into object,,Vehicle - Object,Light truck utility(from 2018),,1,0,0,0,0,6,June,Winter,Friday,06:00 - 07:59,AM peak / school commute,True,False,False,False
1353391,Non-casualty (towaway),Non-casualty (towaway),2024,2024,May,Wednesday,20:00 - 21:59,SEVENTH,AVE,0,Right on the spot,NUMBER 249,HN,LLANDILO,,No,Not a school zone,2-way undivided,-33.707333,150.744756,Penrith,Sydney metro. area,Syd-Newc-Woll Gtr conurbation,Straight,,,,Unknown / not stated,Sealed,Dry,Fine,Darkness,Nil,No traffic controls,60 km/h,Local,73,Off rd rght => obj,704,Right off cway into obj,,Vehicle - Object,Car (sedan/hatch),,1,0,0,0,0,5,May,Autumn,Wednesday,20:00 - 21:59,Evening / night,False,False,False,False
1353394,Non-casualty (towaway),Non-casualty (towaway),2024,2024,June,Friday,00:01 - 01:59,MID WESTERN,HWY,3000,East,PURCELL,DR,WOODSTOCK,6.0,No,Not a school zone,2-way undivided,-33.709825,148.891295,Cowra,Country non-urban,Rest of NSW - Rural,Curved,,,,Unknown / not stated,Sealed,Wet,Raining,Darkness,Nil,No traffic controls,100 km/h,State,83,Off rt/rt bnd=>obj,803,Off right bend into obj,Right,Vehicle - Object,Semi-trailer,,1,0,0,0,0,6,June,Winter,Friday,00:01 - 01:59,Late night / early morning,False,False,False,False
1353395,Non-casualty (towaway),Non-casualty (towaway),2024,2024,June,Monday,04:00 - 05:59,M8 TUNNEL,MS,0,Right on the spot,EUSTON ROAD,TO,ST PETERS,6008.0,No,Not a school zone,Other,-33.915807,151.17467,Inner West,Sydney metro. area,Syd-Newc-Woll Gtr conurbation,Straight,Underpass/tunnel,,,Unknown / not stated,Sealed,Dry,Fine,Darkness,Nil,No traffic controls,80 km/h,State,34,Lane change right,306,Same - Lane change right,,Other angle,Car (sedan/hatch),4 wheel drive / SUV,2,0,0,0,0,6,June,Winter,Monday,04:00 - 05:59,Late night / early morning,False,False,False,False
1353398,Non-casualty (towaway),Non-casualty (towaway),2024,2024,May,Thursday,08:00 - 09:59,DICKSON,ST,0,Right on the spot,PALMERSTON,AVE,BRONTE,,No,Not a school zone,X-intersection,-33.900655,151.260422,Waverley,Sydney metro. area,Syd-Newc-Woll Gtr conurbation,Straight,Steep grade,,,Unknown / not stated,Sealed,Dry,Fine,Daylight,Nil,Give way sign,50 km/h,Local,10,Cross traffic,101,Adj - Cross traffic,,Right angle,Passenger van,Car (sedan/hatch),2,0,0,0,0,5,May,Autumn,Thursday,08:00 - 09:59,AM peak / school commute,True,False,False,False
1353400,Non-casualty (towaway),Non-casualty (towaway),2024,2024,June,Tuesday,06:00 - 07:59,GUM CREEK,RD,10,South,DREW,RD,HANWOOD,,No,Not a school zone,T-junction,-34.343864,145.986555,Griffith,Country non-urban,Rest of NSW - Rural,Straight,,,,Unknown / not stated,Sealed,Unknown,Unknown,Daylight,Nil,No traffic controls,100 km/h,Local,67,Struck animal,609,On path - Hit animal,,Vehicle - Animal,Light truck utility(from 2018),,1,0,0,0,0,6,June,Winter,Tuesday,06:00 - 07:59,AM peak / school commute,True,False,False,False
1353401,Non-casualty (towaway),Non-casualty (towaway),2024,2024,May,Friday,06:00 - 07:59,HUME,HWY,1250,North,CULLERIN,RD,PARKESBOURNE,2.0,No,Not a school zone,Divided road,-34.807408,149.519888,Goulburn Mulwaree,Country non-urban,Rest of NSW - Rural,Curved,,,,Unknown / not stated,Sealed,Wet,Raining,Dawn,Nil,No traffic controls,110 km/h,State,87,Off lft/lft bnd=>obj,804,Off left bend into obj,Left,Vehicle - Object,B-double (road train prior 98),,1,0,0,0,0,5,May,Autumn,Friday,06:00 - 07:59,AM peak / school commute,True,False,False,False
1353402,Non-casualty (towaway),Non-casualty (towaway),2024,2024,June,Tuesday,20:00 - 21:59,ERSKINE,ST,0,Right on the spot,YORK,ST,SYDNEY,,No,Not a school zone,T-junction,-33.866637,151.205812,Sydney,Sydney metro. area,Syd-Newc-Woll Gtr conurbation,Straight,,,,Unknown / not stated,Sealed,Wet,Snowing,Darkness,On,No traffic controls,40 km/h,Local,36,Right turn sideswipe,308,Same - Rgt turn side swipe,,Other angle,Car (sedan/hatch),Car (sedan/hatch),2,0,0,0,0,6,June,Winter,Tuesday,20:00 - 21:59,Evening / night,False,False,False,False
1353403,Non-casualty (towaway),Non-casualty (towaway),2024,2024,May,Wednesday,14:00 - 15:59,GOOBARABAH,AVE,0,Right on the spot,GOROKAN,DR,LAKE HAVEN,,No,Not a school zone,Roundabout,-33.243754,151.506289,Central Coast,Country urban,Syd-Newc-Woll Gtr conurbation,Straight,,,,Unknown / not stated,Sealed,Dry,Fine,Daylight,Nil,Give way sign,50 km/h,Local,21,Right through,202,Opp - Right-thru,,Other angle,4 wheel drive / SUV,Car (sedan/hatch),2,0,0,0,0,5,May,Autumn,Wednesday,14:00 - 15:59,Midday / afternoon,False,False,False,False
1353407,Non-casualty (towaway),Non-casualty (towaway),2024,2024,June,Tuesday,16:00 - 17:59,BLUE GUM,RD,0,Right on the spot,MICHAEL,ST,JESMOND,,No,Not a school zone,T-junction,-32.903625,151.690768,Newcastle,Newcastle met. area,Syd-Newc-Woll Gtr conurbation,Straight,,,,Unknown / not stated,Sealed,Dry,Fine,Dusk,Nil,No traffic controls,50 km/h,Local,49,Other manoeuvring,400,Manov - other,,Other angle,Car (sedan/hatch),4 wheel drive / SUV,2,0,0,0,0,6,June,Winter,Tuesday,16:00 - 17:59,PM peak / evening commute,True,False,False,False
1353408,Non-casualty (towaway),Non-casualty (towaway),2024,2024,May,Friday,06:00 - 07:59,NEWCASTLE,EXP,735,South,WINDYBANKS,OP,MOUNT KURING-GAI,6003.0,No,Not a school zone,Dual freeway,-33.641785,151.143749,Hornsby,Sydney metro. area,Syd-Newc-Woll Gtr conurbation,Straight,,,,Unknown / not stated,Sealed,Dry,Fine,Dawn,Nil,No traffic controls,110 km/h,State,71,Off rd left => obj,703,Left off cway into object,,Vehicle - Object,Car (sedan/hatch),,1,0,0,0,0,5,May,Autumn,Friday,06:00 - 07:59,AM peak / school commute,True,False,False,False
1353410,Non-casualty (towaway),Non-casualty (towaway),2024,2024,June,Saturday,16:00 - 17:59,PARK BEACH,RD,0,Right on the spot,WALTER MORRIS,DR,COFFS HARBOUR,,No,Not a school zone,Roundabout,-30.283947,153.129376,Coffs Harbour,Country urban,Rest of NSW - Urban,Curved,,,,Unknown / not stated,Sealed,Wet,Raining,Dusk,Nil,Give way sign,50 km/h,Local,20,Head on,201,Opp - Head on,,Head-on,Car (sedan/hatch),4 wheel drive / SUV,2,0,0,0,0,6,June,Winter,Saturday,16:00 - 17:59,PM peak / evening commute,True,False,False,False
1353411,Non-casualty (towaway),Non-casualty (towaway),2024,2024,June,Saturday,20:00 - 21:59,GLEBE,RD,0,Right on the spot,UNION,ST,THE JUNCTION,188.0,No,Not a school zone,X-intersection,-32.938708,151.758564,Newcastle,Newcastle met. area,Syd-Newc-Woll Gtr conurbation,Straight,,,,Unknown / not stated,Sealed,Wet,Raining,Darkness,On,No traffic controls,60 km/h,Regional,20,Head on,201,Opp - Head on,,Head-on,Car (sedan/hatch),Car (sedan/hatch),2,0,0,0,0,6,June,Winter,Saturday,20:00 - 21:59,Evening / night,False,False,False,False
1353413,Non-casualty (towaway),Non-casualty (towaway),2024,2024,June,Saturday,22:00 - Midnight,SILVERWATER,RD,0,Right on the spot,VICTORIA ROAD,TO,ERMINGTON,190.0,No,Not a school zone,Divided road,-33.817236,151.052283,Parramatta,Sydney metro. area,Syd-Newc-Woll Gtr conurbation,Straight,,,,Unknown / not stated,Sealed,Wet,Raining,Darkness,Nil,No traffic controls,80 km/h,State,35,Lane change left,307,Same - Lane change left,,Other angle,Car (sedan/hatch),4 wheel drive / SUV,2,0,0,0,0,6,June,Winter,Saturday,22:00 - Midnight,Evening / night,False,False,False,False
1353414,Non-casualty (towaway),Non-casualty (towaway),2024,2024,June,Wednesday,06:00 - 07:59,HENRY LAWSON,DR,0,Right on the spot,SOUTH WESTERN,EXP,MILPERRA,508.0,No,Not a school zone,T-junction,-33.944929,150.9823,Canterbury-Bankstown,Sydney metro. area,Syd-Newc-Woll Gtr conurbation,Straight,,,,Unknown / not stated,Sealed,Dry,Overcast,Daylight,On,No traffic controls,60 km/h,State,21,Right through,202,Opp - Right-thru,,Other angle,Passenger van,Car (sedan/hatch),2,0,0,0,0,6,June,Winter,Wednesday,06:00 - 07:59,AM peak / school commute,True,False,False,False
1353415,Non-casualty (towaway),Non-casualty (towaway),2024,2024,May,Friday,10:00 - 11:59,HUME,HWY,2000,South,RMS WEIGH STATION,OT,MARULAN,2.0,No,Not a school zone,Divided road,-34.717917,150.000419,Goulburn Mulwaree,Country non-urban,Rest of NSW - Rural,Straight,,,,Unknown / not stated,Sealed,Wet,Raining,Daylight,Nil,No traffic controls,110 km/h,State,73,Off rd rght => obj,704,Right off cway into obj,,Vehicle - Object,4 wheel drive / SUV,,1,0,0,0,0,5,May,Autumn,Friday,10:00 - 11:59,Midday / afternoon,False,False,False,False
1353417,Non-casualty (towaway),Non-casualty (towaway),2024,2024,June,Monday,06:00 - 07:59,MOWBRAY,RD,0,Right on the spot,ARCHER,ST,CHATSWOOD,2092.0,No,Not a school zone,T-junction,-33.801477,151.18794,Willoughby,Sydney metro. area,Syd-Newc-Woll Gtr conurbation,Straight,,,,Unknown / not stated,Sealed,Dry,Fine,Daylight,On,No traffic controls,50 km/h,Regional,21,Right through,202,Opp - Right-thru,,Other angle,4 wheel drive / SUV,Car (sedan/hatch),2,0,0,0,0,6,June,Winter,Monday,06:00 - 07:59,AM peak / school commute,True,False,False,False
1353419,Non-casualty (towaway),Non-casualty (towaway),2024,2024,June,Saturday,10:00 - 11:59,OLD NORTHERN,RD,4049,South,CANOELANDS,RD,CANOELANDS,160.0,No,Not a school zone,2-way undivided,-33.536618,151.013044,Hornsby,Sydney metro. area,Syd-Newc-Woll Gtr conurbation,Straight,,,,Unknown / not stated,Sealed,Wet,Raining,Daylight,Nil,No traffic controls,90 km/h,State,71,Off rd left => obj,703,Left off cway into object,,Vehicle - Object,Large rigid,,1,0,0,0,0,6,June,Winter,Saturday,10:00 - 11:59,Midday / afternoon,False,False,False,False
1353421,Non-casualty (towaway),Non-casualty (towaway),2024,2024,June,Saturday,12:00 - 13:59,PACIFIC,HWY,1000,North,HERONS CREEK,RD,HERONS CREEK,10.0,No,Not a school zone,Divided road,-31.577975,152.73188,Port Macquarie-Hastings,Country non-urban,Rest of NSW - Rural,Straight,,,,Nil,Sealed,Wet,Raining,Daylight,Nil,No traffic controls,110 km/h,State,73,Off rd rght => obj,704,Right off cway into obj,,Vehicle - Object,Car (sedan/hatch),,1,0,0,0,0,6,June,Winter,Saturday,12:00 - 13:59,Midday / afternoon,False,False,False,False
1353424,Non-casualty (towaway),Non-casualty (towaway),2024,2024,May,Friday,16:00 - 17:59,RAYMOND TERRACE,RD,0,Right on the spot,HAUSSMAN,DR,CHISHOLM,104.0,No,Not a school zone,T-junction,-32.767369,151.63072,Maitland,Country urban,Rest of NSW - Urban,Straight,,,,Unknown / not stated,Sealed,Dry,Fine,Dusk,Nil,Stop sign,80 km/h,State,13,Right near,104,Adj - Right-thru from right,,Right angle,Car (sedan/hatch),Light truck utility(from 2018),2,0,0,0,0,5,May,Autumn,Friday,16:00 - 17:59,PM peak / evening commute,True,False,False,False
1353425,Non-casualty (towaway),Non-casualty (towaway),2024,2024,June,Wednesday,16:00 - 17:59,M2 HILLS,EXP,300,East,CUMBERLAND HIGHWAY,OP,BEECROFT,6002.0,No,Not a school zone,Dual freeway,-33.758354,151.052313,Parramatta,Sydney metro. area,Syd-Newc-Woll Gtr conurbation,Straight,,,,Unknown / not stated,Sealed,Dry,Fine,Dusk,Nil,No traffic controls,100 km/h,State,30,Rear end,301,Same - Rear end,,Rear end,Large rigid,4 wheel drive / SUV,4,0,0,0,0,6,June,Winter,Wednesday,16:00 - 17:59,PM peak / evening commute,True,False,False,False
1353426,Non-casualty (towaway),Non-casualty (towaway),2024,2024,May,Friday,14:00 - 15:59,BROOKFIELD,RD,0,Right on the spot,KFC,ENT,MINTO,,No,Not a school zone,2-way undivided,-34.030733,150.848716,Campbelltown,Sydney metro. area,Syd-Newc-Woll Gtr conurbation,Straight,,,,Unknown / not stated,Sealed,Dry,Fine,Daylight,Nil,No traffic controls,50 km/h,Local,29,Other opposing,200,Opp - other,,Other angle,Car (sedan/hatch),Car (sedan/hatch),2,0,0,0,0,5,May,Autumn,Friday,14:00 - 15:59,Midday / afternoon,False,False,False,False
1353427,Non-casualty (towaway),Non-casualty (towaway),2024,2024,June,Thursday,10:00 - 11:59,NEWELL,HWY,0,Right on the spot,CAMP,ST,FORBES,17.0,No,Not a school zone,T-junction,-33.386749,148.009177,Forbes,Country urban,Rest of NSW - Urban,Straight,,,,Unknown / not stated,Sealed,Wet,Raining,Daylight,Nil,Give way sign,50 km/h,State,21,Right through,202,Opp - Right-thru,,Other angle,4 wheel drive / SUV,Light truck utility(from 2018),2,0,0,0,0,6,June,Winter,Thursday,10:00 - 11:59,Midday / afternoon,False,False,False,False
1353428,Non-casualty (towaway),Non-casualty (towaway),2024,2024,June,Saturday,16:00 - 17:59,JILLIBY,RD,500,South,MANDALONG,RD,DOORALONG,,No,Not a school zone,2-way undivided,-33.193829,151.357107,Central Coast,Country urban,Syd-Newc-Woll Gtr conurbation,Straight,,,,Unknown / not stated,Sealed,Wet,Raining,Darkness,Nil,No traffic controls,60 km/h,Local,67,Struck animal,609,On path - Hit animal,,Vehicle - Animal,4 wheel drive / SUV,,1,0,0,0,0,6,June,Winter,Saturday,16:00 - 17:59,PM peak / evening commute,True,False,False,False
1353429,Non-casualty (towaway),Non-casualty (towaway),2024,2024,June,Saturday,10:00 - 11:59,AUSTRALIS,AVE,0,Right on the spot,CONTINUA,CT,WATTLE GROVE,,No,Not a school zone,T-junction,-33.949004,150.944687,Liverpool,Sydney metro. area,Syd-Newc-Woll Gtr conurbation,Curved,,,,Unknown / not stated,Sealed,Wet,Raining,Daylight,Nil,No traffic controls,50 km/h,Local,83,Off rt/rt bnd=>obj,803,Off right bend into obj,Right,Vehicle - Object,Light truck utility(from 2018),,1,0,0,0,0,6,June,Winter,Saturday,10:00 - 11:59,Midday / afternoon,False,False,False,False
1353436,Non-casualty (towaway),Non-casualty (towaway),2024,2024,May,Tuesday,18:00 - 19:59,PRINCES,HWY,0,Right on the spot,QUEEN,ST,MORUYA,1.0,No,Not a school zone,X-intersection,-35.910274,150.080783,Eurobodalla,Country urban,Rest of NSW - Urban,Straight,,,,Unknown / not stated,Sealed,Dry,Fine,Darkness,Nil,Give way sign,50 km/h,State,10,Cross traffic,101,Adj - Cross traffic,,Right angle,Light truck utility(from 2018),Car (sedan/hatch),2,0,0,0,0,5,May,Autumn,Tuesday,18:00 - 19:59,PM peak / evening commute,True,False,False,False
1353437,Non-casualty (towaway),Non-casualty (towaway),2024,2024,April,Saturday,12:00 - 13:59,PACIFIC,HWY,540,South,PIMLICO,RD,PIMLICO,10.0,No,Not a school zone,Divided road,-28.870355,153.491262,Ballina,Country non-urban,Rest of NSW - Rural,Curved,,,,Unknown / not stated,Sealed,Wet,Raining,Daylight,Nil,No traffic controls,110 km/h,State,80,Off left/right bend,801,Off cway right bend,Left,Rollover,Car (sedan/hatch),,1,0,0,0,0,4,April,Autumn,Saturday,12:00 - 13:59,Midday / afternoon,False,False,False,False
1353439,Non-casualty (towaway),Non-casualty (towaway),2024,2024,June,Saturday,10:00 - 11:59,DRINKWATER,LANE,0,Right on the spot,RYNAN,AVE,EDMONDSON PARK,,No,Not a school zone,T-junction,-33.95255,150.850548,Liverpool,Sydney metro. area,Syd-Newc-Woll Gtr conurbation,Straight,,,,Unknown / not stated,Sealed,Dry,Overcast,Daylight,Nil,Give way sign,50 km/h,Local,21,Right through,202,Opp - Right-thru,,Other angle,Light truck utility(from 2018),Car (sedan/hatch),2,0,0,0,0,6,June,Winter,Saturday,10:00 - 11:59,Midday / afternoon,False,False,False,False
1353448,Non-casualty (towaway),Non-casualty (towaway),2024,2024,June,Saturday,20:00 - 21:59,SCOTT,ST,50,East,COLUMBINE,AVE,PUNCHBOWL,,No,Not a school zone,2-way undivided,-33.922842,151.043849,Canterbury-Bankstown,Sydney metro. area,Syd-Newc-Woll Gtr conurbation,Straight,,,,Unknown / not stated,Sealed,Wet,Raining,Darkness,Nil,No traffic controls,50 km/h,Local,20,Head on,201,Opp - Head on,,Head-on,Car (sedan/hatch),Car (sedan/hatch),2,0,0,0,0,6,June,Winter,Saturday,20:00 - 21:59,Evening / night,False,False,False,False
1353451,Non-casualty (towaway),Non-casualty (towaway),2024,2024,June,Wednesday,08:00 - 09:59,SOUTH WESTERN,EXP,110,West,BELMORE ROAD,OP,RIVERWOOD,6005.0,No,Not a school zone,Dual freeway,-33.942527,151.05273,Canterbury-Bankstown,Sydney metro. area,Syd-Newc-Woll Gtr conurbation,Straight,,,,Unknown / not stated,Sealed,Wet,Raining,Daylight,Nil,No traffic controls,100 km/h,State,30,Rear end,301,Same - Rear end,,Rear end,Car (sedan/hatch),Large rigid,2,0,0,0,0,6,June,Winter,Wednesday,08:00 - 09:59,AM peak / school commute,True,False,False,False
1353458,Non-casualty (towaway),Non-casualty (towaway),2024,2024,June,Wednesday,06:00 - 07:59,CLEG,ST,0,Right on the spot,HERBERT,ST,ARTARMON,,No,Not a school zone,X-intersection,-33.81507,151.190063,Willoughby,Sydney metro. area,Syd-Newc-Woll Gtr conurbation,Straight,,,,Unknown / not stated,Sealed,Wet,Raining,Daylight,On,No traffic controls,50 km/h,Local,21,Right through,202,Opp - Right-thru,,Other angle,4 wheel drive / SUV,Car (sedan/hatch),2,0,0,0,0,6,June,Winter,Wednesday,06:00 - 07:59,AM peak / school commute,True,False,False,False
1353460,Non-casualty (towaway),Non-casualty (towaway),2024,2024,June,Sunday,16:00 - 17:59,ROSEHILL,RD,5300,West,JUGIONG,RD,COOTAMUNDRA,,No,Not a school zone,2-way undivided,-34.753495,148.22315,Cootamundra-Gundagai,Country non-urban,Rest of NSW - Rural,Curved,Steep grade,,,Unknown / not stated,Sealed,Dry,Fine,Daylight,Nil,No traffic controls,100 km/h,Local,85,Off rt/lft bnd=>obj,804,Off left bend into obj,Right,Vehicle - Object,4 wheel drive / SUV,,1,0,0,0,0,6,June,Winter,Sunday,16:00 - 17:59,PM peak / evening commute,True,False,False,False
1353463,Non-casualty (towaway),Non-casualty (towaway),2024,2024,January,Tuesday,00:01 - 01:59,GREENOAKS,RD,50,West,APANIE,AVE,NARARA,,No,Not a school zone,2-way undivided,-33.39306,151.354227,Central Coast,Country urban,Syd-Newc-Woll Gtr conurbation,Curved,,,,On,Sealed,Dry,Fine,Darkness,Nil,No traffic controls,50 km/h,Local,85,Off rt/lft bnd=>obj,804,Off left bend into obj,Right,Vehicle - Object,Passenger van,,5,0,0,0,0,1,January,Summer,Tuesday,00:01 - 01:59,Late night / early morning,False,False,False,False
1353533,Non-casualty (towaway),Non-casualty (towaway),2024,2024,March,Sunday,18:00 - 19:59,SPRINGHILL,RD,0,Right on the spot,MASTERS,RD,SPRING HILL,581.0,No,Not a school zone,T-junction,-34.44606,150.87603,Wollongong,Wollongong met. area,Syd-Newc-Woll Gtr conurbation,Curved,,,,Off,Sealed,Dry,Fine,Daylight,On,No traffic controls,80 km/h,State,32,Right rear,303,Same - Rear right,,Rear end,Car (sedan/hatch),Car (sedan/hatch),3,0,0,0,0,3,March,Autumn,Sunday,18:00 - 19:59,PM peak / evening commute,True,False,False,False
1353535,Non-casualty (towaway),Non-casualty (towaway),2024,2024,March,Thursday,20:00 - 21:59,STONEY CREEK,RD,50,East,KING GEORGES,RD,BEVERLY HILLS,665.0,Yes,No,Divided road,-33.952478,151.084035,Georges River,Sydney metro. area,Syd-Newc-Woll Gtr conurbation,Straight,,,,On,Sealed,Dry,Fine,Darkness,Nil,No traffic controls,60 km/h,State,30,Rear end,301,Same - Rear end,,Rear end,Light truck utility(from 2018),Car (sedan/hatch),3,0,0,0,0,3,March,Autumn,Thursday,20:00 - 21:59,Evening / night,False,False,False,False
1353582,Non-casualty (towaway),Non-casualty (towaway),2024,2024,April,Wednesday,08:00 - 09:59,WESTERN,EXP,200,East,CENTENARY ROAD,OP,SOUTH WENTWORTHVILLE,6004.0,No,Not a school zone,Dual freeway,-33.817226,150.971547,Cumberland,Sydney metro. area,Syd-Newc-Woll Gtr conurbation,Straight,,,,Nil,Sealed,Dry,Fine,Daylight,Nil,No traffic controls,90 km/h,State,35,Lane change left,307,Same - Lane change left,,Other angle,Unknown motor vehicle,Car (sedan/hatch),2,0,0,0,0,4,April,Autumn,Wednesday,08:00 - 09:59,AM peak / school commute,True,False,False,False
1353583,Non-casualty (towaway),Non-casualty (towaway),2024,2024,April,Friday,18:00 - 19:59,MARKET,ST,10,East,KENT,ST,SYDNEY,,No,Not a school zone,X-intersection,-33.870942,151.204963,Sydney,Sydney metro. area,Syd-Newc-Woll Gtr conurbation,Straight,,,,On,Sealed,Dry,Fine,Darkness,On,No traffic controls,40 km/h,Local,30,Rear end,301,Same - Rear end,,Rear end,Unknown motor vehicle,Car (sedan/hatch),3,0,0,0,0,4,April,Autumn,Friday,18:00 - 19:59,PM peak / evening commute,True,False,False,False
1353611,Non-casualty (towaway),Non-casualty (towaway),2024,2024,April,Saturday,12:00 - 13:59,THE HORSLEY,DR,0,Right on the spot,COURT ROAD,TO,FAIRFIELD,609.0,Yes,No,Divided road,-33.867275,150.956466,Fairfield,Sydney metro. area,Syd-Newc-Woll Gtr conurbation,Straight,,,,Off,Sealed,Dry,Fine,Daylight,Nil,No traffic controls,60 km/h,State,34,Lane change right,306,Same - Lane change right,,Other angle,Car (sedan/hatch),B-double (road train prior 98),2,0,0,0,0,4,April,Autumn,Saturday,12:00 - 13:59,Midday / afternoon,False,False,False,False
1353633,Non-casualty (towaway),Non-casualty (towaway),2024,2024,May,Saturday,08:00 - 09:59,ELIZABETH,DR,0,Right on the spot,RESERVOIR,RD,MOUNT PRITCHARD,535.0,No,Not a school zone,T-junction,-33.91358,150.906814,Liverpool,Sydney metro. area,Syd-Newc-Woll Gtr conurbation,Straight,,,,Nil,Sealed,Dry,Fine,Daylight,Nil,Give way sign,70 km/h,State,13,Right near,104,Adj - Right-thru from right,,Right angle,Unknown motor vehicle,Car (sedan/hatch),2,0,0,0,0,5,May,Autumn,Saturday,08:00 - 09:59,AM peak / school commute,True,False,False,False
1353638,Non-casualty (towaway),Non-casualty (towaway),2024,2024,April,Tuesday,18:00 - 19:59,VICTORIA,RD,0,Right on the spot,STATION,ST,WEST RYDE,165.0,No,Not a school zone,T-junction,-33.807453,151.086885,Ryde,Sydney metro. area,Syd-Newc-Woll Gtr conurbation,Straight,,,,On,Sealed,Dry,Fine,Dusk,On,No traffic controls,60 km/h,State,39,Other same direction,300,Same - other,,Other angle,Unknown motor vehicle,Motorcycle,2,0,0,0,0,4,April,Autumn,Tuesday,18:00 - 19:59,PM peak / evening commute,True,False,False,False
1353663,Non-casualty (towaway),Non-casualty (towaway),2024,2024,May,Tuesday,18:00 - 19:59,GREAT WESTERN,HWY,0,Right on the spot,MOSELY,ST,STRATHFIELD,5.0,No,Not a school zone,T-junction,-33.867217,151.096217,Burwood,Sydney metro. area,Syd-Newc-Woll Gtr conurbation,Straight,,,,On,Sealed,Dry,Fine,Darkness,On,No traffic controls,60 km/h,State,30,Rear end,301,Same - Rear end,,Rear end,Car (sedan/hatch),Car (sedan/hatch),4,0,0,0,0,5,May,Autumn,Tuesday,18:00 - 19:59,PM peak / evening commute,True,False,False,False
1353676,Non-casualty (towaway),Non-casualty (towaway),2024,2024,May,Sunday,20:00 - 21:59,JOHN,ST,0,Right on the spot,DUNOLLY,ST,SINGLETON,128.0,No,Not a school zone,Roundabout,-32.560672,151.17171,Singleton,Country urban,Rest of NSW - Urban,Straight,,,,On,Sealed,Dry,Fine,Darkness,Nil,Give way sign,50 km/h,Regional,21,Right through,202,Opp - Right-thru,,Other angle,4 wheel drive / SUV,4 wheel drive / SUV,2,0,0,0,0,5,May,Autumn,Sunday,20:00 - 21:59,Evening / night,False,False,False,False
1353679,Non-casualty (towaway),Non-casualty (towaway),2024,2024,May,Saturday,06:00 - 07:59,RUDD,AVE,100,West,BURRA,CT,HAMLYN TERRACE,,No,Not a school zone,2-way undivided,-33.245413,151.466208,Central Coast,Country urban,Syd-Newc-Woll Gtr conurbation,Straight,Crest,,,Off,Sealed,Dry,Fine,Dawn,Nil,No traffic controls,50 km/h,Local,71,Off rd left => obj,703,Left off cway into object,,Other angle,Light truck utility(from 2018),Car (sedan/hatch),3,0,0,0,0,5,May,Autumn,Saturday,06:00 - 07:59,AM peak / school commute,True,False,False,False
1353681,Non-casualty (towaway),Non-casualty (towaway),2024,2024,April,Sunday,14:00 - 15:59,PRETTY PINE,RD,1400,East,JEBB,ST,MOULAMEIN,296.0,No,Not a school zone,2-way undivided,-35.097808,144.051425,Murray River,Country non-urban,Rest of NSW - Rural,Curved,,,,Nil,Sealed,Dry,Fine,Daylight,Nil,No traffic controls,100 km/h,Regional,82,Off right/right bend,801,Off cway right bend,Right,Rollover,Light truck utility(from 2018),,1,0,0,0,0,4,April,Autumn,Sunday,14:00 - 15:59,Midday / afternoon,False,False,False,False
1353687,Non-casualty (towaway),Non-casualty (towaway),2024,2024,May,Sunday,18:00 - 19:59,DALNOTT,RD,50,North,WALLARAH,RD,GOROKAN,,No,Not a school zone,2-way undivided,-33.255209,151.503044,Central Coast,Country urban,Syd-Newc-Woll Gtr conurbation,Straight,Steep grade,,,On,Sealed,Dry,Fine,Darkness,Nil,No traffic controls,50 km/h,Local,73,Off rd rght => obj,704,Right off cway into obj,,Other angle,Car (sedan/hatch),Station wagon,2,0,0,0,0,5,May,Autumn,Sunday,18:00 - 19:59,PM peak / evening commute,True,False,False,False