crash_id,degree_of_crash,degree_of_crash_-_detailed,reporting_year,year_of_crash,month_of_crash,day_of_week_of_crash,two-hour_intervals,street_of_crash,street_type,distance,direction,identifying_feature,identifying_feature_type,town,route_no.,school_zone_location,school_zone_active,type_of_location,latitude,longitude,lga,urbanisation,conurbation_1,alignment,primary_permanent_feature,primary_temporary_feature,primary_hazardous_feature,street_lighting,road_surface,surface_condition,weather,natural_lighting,signals_operation,other_traffic_control,speed_limit,road_classification_(admin),rum_-_code,rum_-_description,dca_-_code,dca_-_description,dca_supplement,first_impact_type,key_tu_type,other_tu_type,no._of_traffic_units_involved,no._killed,no._seriously_injured,no._moderately_injured,no._minor-other_injured,month_num,month_label,season,day_label,time_label,time_band,is_peak_commute,is_fatal,is_injury,is_casualty
1353690,Non-casualty (towaway),Non-casualty (towaway),2024,2024,May,Saturday,18:00 - 19:59,ARDEN,ST,0,Right on the spot,ALISON,RD,COOGEE,7340.0,No,Not a school zone,Roundabout,-33.915831,151.257813,Randwick,Sydney metro. area,Syd-Newc-Woll Gtr conurbation,Straight,Steep grade,,,On,Sealed,Wet,Raining,Darkness,Nil,Give way sign,50 km/h,Regional,10,Cross traffic,101,Adj - Cross traffic,,Right angle,4 wheel drive / SUV,Car (sedan/hatch),3,0,0,0,0,5,May,Autumn,Saturday,18:00 - 19:59,PM peak / evening commute,True,False,False,False
1353710,Non-casualty (towaway),Non-casualty (towaway),2024,2024,June,Saturday,02:00 - 03:59,THOMPSON,ST,50,North,LYONS,RD,DRUMMOYNE,,No,Not a school zone,2-way undivided,-33.853605,151.149822,Canada Bay,Sydney metro. area,Syd-Newc-Woll Gtr conurbation,Straight,,,,On,Sealed,Wet,Fine,Darkness,Nil,No traffic controls,50 km/h,Local,41,U turn into object,207,Opp - U-turn,,Other angle,Car (sedan/hatch),4 wheel drive / SUV,2,0,0,0,0,6,June,Winter,Saturday,02:00 - 03:59,Late night / early morning,False,False,False,False
1353736,Non-casualty (towaway),Non-casualty (towaway),2024,2024,May,Friday,16:00 - 17:59,SAKURA,AVE,240,North,YARRABILLY,DR,COWRA,,No,Not a school zone,2-way undivided,-33.823339,148.697807,Cowra,Country urban,Rest of NSW - Urban,Straight,Crest,,,Nil,Sealed,Dry,Fine,Dusk,Nil,No traffic controls,40 km/h,Local,74,On road-out of cont.,705,Out of control on cway,,Rollover,Light truck utility(from 2018),,1,0,0,0,0,5,May,Autumn,Friday,16:00 - 17:59,PM peak / evening commute,True,False,False,False
1353744,Non-casualty (towaway),Non-casualty (towaway),2024,2024,May,Thursday,16:00 - 17:59,HENRY LAWSON,DR,246,North,HYNES,ST,LANSDOWNE,508.0,No,Not a school zone,2-way undivided,-33.893766,150.971104,Canterbury-Bankstown,Sydney metro. area,Syd-Newc-Woll Gtr conurbation,Curved,,,,On,Unsealed,Wet,Raining,Darkness,Nil,No traffic controls,70 km/h,State,20,Head on,201,Opp - Head on,,Head-on,Light truck,Light truck,2,0,0,0,0,5,May,Autumn,Thursday,16:00 - 17:59,PM peak / evening commute,True,False,False,False
1353756,Non-casualty (towaway),Non-casualty (towaway),2024,2024,June,Monday,18:00 - 19:59,HARRINGTON,RD,100,North,LONGWORTHS,RD,HARRINGTON,,No,Not a school zone,2-way undivided,-31.867958,152.631383,Mid-Coast,Country non-urban,Rest of NSW - Rural,Curved,Ditch/drain/culvert,,,Nil,Sealed,Dry,Fine,Darkness,Nil,No traffic controls,90 km/h,Local,80,Off left/right bend,801,Off cway right bend,Left,Rollover,Car (sedan/hatch),,1,0,0,0,0,6,June,Winter,Monday,18:00 - 19:59,PM peak / evening commute,True,False,False,False
1353757,Non-casualty (towaway),Non-casualty (towaway),2024,2024,April,Saturday,10:00 - 11:59,SOUTH WESTERN,EXP,1000,West,KINGSGROVE ROAD,OP,KINGSGROVE,6005.0,No,Not a school zone,Dual freeway,-33.940195,151.090092,Canterbury-Bankstown,Sydney metro. area,Syd-Newc-Woll Gtr conurbation,Straight,,,,Off,Sealed,Dry,Fine,Daylight,Nil,No traffic controls,80 km/h,State,91,Object struck veh,610,On path - Load hit vehicle,,Vehicle - Object,4 wheel drive / SUV,Unknown motor vehicle,2,0,0,0,0,4,April,Autumn,Saturday,10:00 - 11:59,Midday / afternoon,False,False,False,False
1353763,Non-casualty (towaway),Non-casualty (towaway),2024,2024,April,Thursday,20:00 - 21:59,PACIFIC,HWY,80,East,BRITTANIA,DR,WYONG,10.0,No,Not a school zone,2-way undivided,-33.268088,151.432889,Central Coast,Country urban,Syd-Newc-Woll Gtr conurbation,Straight,Other bridge,,,On,Sealed,Dry,Fine,Darkness,Nil,No traffic controls,70 km/h,State,71,Off rd left => obj,703,Left off cway into object,,Vehicle - Object,Car (sedan/hatch),,1,0,0,0,0,4,April,Autumn,Thursday,20:00 - 21:59,Evening / night,False,False,False,False
1353765,Non-casualty (towaway),Non-casualty (towaway),2024,2024,April,Friday,20:00 - 21:59,VICTORIA,ST,10,East,VICTORIA,ST,BURWOOD,,No,Not a school zone,T-junction,-33.874707,151.102024,Burwood,Sydney metro. area,Syd-Newc-Woll Gtr conurbation,Straight,,,,On,Sealed,Dry,Fine,Darkness,Nil,No traffic controls,50 km/h,Local,85,Off rt/lft bnd=>obj,706,Left turn,Right,Other angle,Large rigid,Car (sedan/hatch),2,0,0,0,0,4,April,Autumn,Friday,20:00 - 21:59,Evening / night,False,False,False,False
1353768,Non-casualty (towaway),Non-casualty (towaway),2024,2024,May,Tuesday,04:00 - 05:59,ILLAWARRA,ST,0,Right on the spot,NUMBER 123,HN,PORT KEMBLA,,Yes,No,2-way undivided,-34.488341,150.895391,Wollongong,Wollongong met. area,Syd-Newc-Woll Gtr conurbation,Straight,,,,On,Sealed,Wet,Raining,Darkness,Nil,No traffic controls,60 km/h,Local,71,Off rd left => obj,703,Left off cway into object,,Vehicle - Object,Station wagon,,1,0,0,0,0,5,May,Autumn,Tuesday,04:00 - 05:59,Late night / early morning,False,False,False,False
1353772,Non-casualty (towaway),Non-casualty (towaway),2024,2024,May,Wednesday,14:00 - 15:59,JERRALONG,DR,100,East,RAILWAY,TCE,SCHOFIELDS,,No,Not a school zone,2-way undivided,-33.703113,150.874912,Blacktown,Sydney metro. area,Syd-Newc-Woll Gtr conurbation,Curved,,,,On,Sealed,Dry,Fine,Daylight,Nil,No traffic controls,50 km/h,Local,81,Off left/rt bnd=>obj,803,Off right bend into obj,Left,Other angle,Large rigid,Light truck utility(from 2018),6,0,0,0,0,5,May,Autumn,Wednesday,14:00 - 15:59,Midday / afternoon,False,False,False,False
1353777,Non-casualty (towaway),Non-casualty (towaway),2024,2024,June,Tuesday,06:00 - 07:59,NEWELL,HWY,20,South,YUILLE,CT,DUBBO,17.0,No,Not a school zone,2-way undivided,-32.259877,148.585965,Dubbo Regional,Country urban,Rest of NSW - Urban,Straight,,,,Off,Sealed,Dry,Fine,Daylight,Nil,No traffic controls,60 km/h,State,30,Rear end,301,Same - Rear end,,Rear end,B-double (road train prior 98),Road train,2,0,0,0,0,6,June,Winter,Tuesday,06:00 - 07:59,AM peak / school commute,True,False,False,False
1353796,Non-casualty (towaway),Non-casualty (towaway),2024,2024,May,Thursday,08:00 - 09:59,MYRNA,RD,0,Right on the spot,TUGGERAWONG,RD,WYONGAH,,No,Not a school zone,X-intersection,-33.275894,151.48892,Central Coast,Country urban,Syd-Newc-Woll Gtr conurbation,Straight,,,,Off,Sealed,Dry,Fine,Daylight,Nil,Give way sign,50 km/h,Local,10,Cross traffic,101,Adj - Cross traffic,,Right angle,Car (sedan/hatch),Car (sedan/hatch),2,0,0,0,0,5,May,Autumn,Thursday,08:00 - 09:59,AM peak / school commute,True,False,False,False
1353797,Non-casualty (towaway),Non-casualty (towaway),2024,2024,June,Monday,04:00 - 05:59,PACIFIC,HWY,50,South,MACAULEYS HEADLAND,DR,COFFS HARBOUR,10.0,No,Not a school zone,Divided road,-30.277366,153.136146,Coffs Harbour,Country urban,Rest of NSW - Urban,Curved,Steep grade,,,On,Sealed,Wet,Overcast,Dawn,Nil,No traffic controls,60 km/h,State,88,Out of cont on bend,805,Out of control on bend,,Rollover,4 wheel drive / SUV,,1,0,0,0,0,6,June,Winter,Monday,04:00 - 05:59,Late night / early morning,False,False,False,False
1353808,Non-casualty (towaway),Non-casualty (towaway),2024,2024,May,Sunday,02:00 - 03:59,BYANGUM,RD,50,East,HARWOOD,ST,MURWILLUMBAH,,No,Not a school zone,2-way undivided,-28.330084,153.387125,Tweed,Country urban,Rest of NSW - Urban,Curved,Steep grade,,,On,Sealed,Dry,Fine,Darkness,Nil,No traffic controls,50 km/h,Local,81,Off left/rt bnd=>obj,803,Off right bend into obj,Left,Vehicle - Object,Car (sedan/hatch),,1,0,0,0,0,5,May,Autumn,Sunday,02:00 - 03:59,Late night / early morning,False,False,False,False
1353809,Non-casualty (towaway),Non-casualty (towaway),2024,2024,May,Thursday,18:00 - 19:59,FREDERICK,ST,25,South,THOMAS,ST,ASHFIELD,650.0,No,Not a school zone,2-way undivided,-33.886821,151.118643,Inner West,Sydney metro. area,Syd-Newc-Woll Gtr conurbation,Straight,,,,On,Sealed,Dry,Fine,Darkness,Nil,No traffic controls,50 km/h,State,71,Off rd left => obj,703,Left off cway into object,,Vehicle - Object,Light truck utility(from 2018),,1,0,0,0,0,5,May,Autumn,Thursday,18:00 - 19:59,PM peak / evening commute,True,False,False,False
1353812,Non-casualty (towaway),Non-casualty (towaway),2024,2024,May,Friday,22:00 - Midnight,VERON,RD,0,Right on the spot,NUMBER 97,HN,UMINA BEACH,,No,Not a school zone,2-way undivided,-33.506001,151.311786,Central Coast,Country urban,Syd-Newc-Woll Gtr conurbation,Straight,,,,Unknown / not stated,Sealed,Unknown,Unknown,Darkness,Nil,No traffic controls,50 km/h,Local,73,Off rd rght => obj,704,Right off cway into obj,,Vehicle - Object,Car (sedan/hatch),,2,0,0,0,0,5,May,Autumn,Friday,22:00 - Midnight,Evening / night,False,False,False,False
1353813,Non-casualty (towaway),Non-casualty (towaway),2024,2024,May,Wednesday,18:00 - 19:59,SANDALWOOD,CRES,0,Right on the spot,VICTORY,RD,COLEBEE,,No,Not a school zone,T-junction,-33.721727,150.853262,Blacktown,Sydney metro. area,Syd-Newc-Woll Gtr conurbation,Straight,,,,On,Sealed,Dry,Fine,Darkness,Nil,Give way sign,50 km/h,Local,41,U turn into object,409,Manov - U-turn into fixed obje,,Vehicle - Object,Car (sedan/hatch),,1,0,0,0,0,5,May,Autumn,Wednesday,18:00 - 19:59,PM peak / evening commute,True,False,False,False
1353815,Non-casualty (towaway),Non-casualty (towaway),2024,2024,May,Wednesday,10:00 - 11:59,M2 HILLS,EXP,60,East,BEECROFT ROAD,OP,CHELTENHAM,6002.0,No,Not a school zone,Dual freeway,-33.763453,151.080267,Hornsby,Sydney metro. area,Syd-Newc-Woll Gtr conurbation,Straight,,,,On,Sealed,Dry,Fine,Daylight,Nil,No traffic controls,100 km/h,State,71,Off rd left => obj,703,Left off cway into object,,Vehicle - Object,Car (sedan/hatch),,1,0,0,0,0,5,May,Autumn,Wednesday,10:00 - 11:59,Midday / afternoon,False,False,False,False
1353816,Non-casualty (towaway),Non-casualty (towaway),2024,2024,May,Tuesday,22:00 - Midnight,ERSKINE,ST,0,Right on the spot,NUMBER 130,HN,ARMIDALE,,No,Not a school zone,2-way undivided,-30.502122,151.669903,Armidale Regional,Country urban,Rest of NSW - Urban,Straight,Steep grade,,,On,Sealed,Dry,Fine,Darkness,Nil,No traffic controls,50 km/h,Local,49,Other manoeuvring,400,Manov - other,,Other angle,Unknown motor vehicle,Light truck utility(from 2018),2,0,0,0,0,5,May,Autumn,Tuesday,22:00 - Midnight,Evening / night,False,False,False,False
1353818,Non-casualty (towaway),Non-casualty (towaway),2024,2024,June,Monday,06:00 - 07:59,KING,ST,0,Right on the spot,MELVILLE,ST,ASHBURY,2040.0,No,Not a school zone,T-junction,-33.899517,151.120384,Canterbury-Bankstown,Sydney metro. area,Syd-Newc-Woll Gtr conurbation,Straight,,,,Off,Sealed,Dry,Fine,Daylight,Nil,Give way sign,50 km/h,Regional,40,U turn,207,Opp - U-turn,,Other angle,Car (sedan/hatch),Car (sedan/hatch),3,0,0,0,0,6,June,Winter,Monday,06:00 - 07:59,AM peak / school commute,True,False,False,False
1353820,Non-casualty (towaway),Non-casualty (towaway),2024,2024,May,Thursday,08:00 - 09:59,MURRUMBIDGEE RIVER,RD,15000,East,CARRATHOOL,RD,CARRATHOOL,,No,Not a school zone,2-way undivided,-34.437399,145.579068,Carrathool,Country non-urban,Rest of NSW - Rural,Straight,,,Potholes/corrugations/rough,Nil,Sealed,Dry,Fine,Daylight,Nil,No traffic controls,100 km/h,Local,72,Off road to right,702,Off carriageway to right,,Rollover,Semi-trailer,,1,0,0,0,0,5,May,Autumn,Thursday,08:00 - 09:59,AM peak / school commute,True,False,False,False
1353822,Non-casualty (towaway),Non-casualty (towaway),2024,2024,May,Friday,14:00 - 15:59,ALEXANDRIA,PDE,0,Right on the spot,ROMSEY,ST,WAITARA,,No,Not a school zone,Roundabout,-33.708849,151.103174,Hornsby,Sydney metro. area,Syd-Newc-Woll Gtr conurbation,Straight,Steep grade,,,Nil,Sealed,Dry,Overcast,Daylight,Nil,Give way sign,50 km/h,Local,11,Right far,102,Adj - Right-thru from left,,Right angle,Car (sedan/hatch),4 wheel drive / SUV,2,0,0,0,0,5,May,Autumn,Friday,14:00 - 15:59,Midday / afternoon,False,False,False,False
1353831,Non-casualty (towaway),Non-casualty (towaway),2024,2024,April,Monday,16:00 - 17:59,HEELEY,ST,10,North,UNDERWOOD,ST,PADDINGTON,,No,Not a school zone,T-junction,-33.884351,151.22738,Woollahra,Sydney metro. area,Syd-Newc-Woll Gtr conurbation,Straight,Steep grade,,,Nil,Sealed,Dry,Fine,Darkness,Nil,No traffic controls,40 km/h,Local,87,Off lft/lft bnd=>obj,706,Left turn,Left,Other angle,Unknown type,Motorcycle,2,0,0,0,0,4,April,Autumn,Monday,16:00 - 17:59,PM peak / evening commute,True,False,False,False
1353837,Non-casualty (towaway),Non-casualty (towaway),2024,2024,May,Monday,18:00 - 19:59,WARRUMBUNGLES,WAY,500,West,KURRAGONG,RD,BINNAWAY,396.0,No,Not a school zone,2-way undivided,-31.584514,149.483365,Warrumbungle,Country non-urban,Rest of NSW - Rural,Straight,,,,Nil,Sealed,Dry,Fine,Darkness,Nil,No traffic controls,100 km/h,Regional,67,Struck animal,609,On path - Hit animal,,Vehicle - Animal,Station wagon,,1,0,0,0,0,5,May,Autumn,Monday,18:00 - 19:59,PM peak / evening commute,True,False,False,False
1353838,Non-casualty (towaway),Non-casualty (towaway),2024,2024,May,Friday,18:00 - 19:59,SEVEN HILLS,RD,50,South,SOLAR,AVE,BAULKHAM HILLS,2104.0,No,Not a school zone,2-way undivided,-33.75599,150.957304,The Hills,Sydney metro. area,Syd-Newc-Woll Gtr conurbation,Straight,,,,On,Sealed,Dry,Fine,Darkness,Nil,No traffic controls,60 km/h,Regional,35,Lane change left,307,Same - Lane change left,,Other angle,Car (sedan/hatch),4 wheel drive / SUV,2,0,0,0,0,5,May,Autumn,Friday,18:00 - 19:59,PM peak / evening commute,True,False,False,False
1353841,Non-casualty (towaway),Non-casualty (towaway),2024,2024,June,Monday,00:01 - 01:59,PACIFIC,HWY,50,South,MOONEE STREET,TO,COFFS HARBOUR,10.0,No,Not a school zone,Divided road,-30.297984,153.112543,Coffs Harbour,Country urban,Rest of NSW - Urban,Curved,,,,On,Sealed,Wet,Raining,Darkness,Nil,No traffic controls,60 km/h,State,87,Off lft/lft bnd=>obj,804,Off left bend into obj,Left,Vehicle - Object,B-double (road train prior 98),,1,0,0,0,0,6,June,Winter,Monday,00:01 - 01:59,Late night / early morning,False,False,False,False
1353842,Non-casualty (towaway),Non-casualty (towaway),2024,2024,May,Friday,18:00 - 19:59,KURMOND,RD,450,West,MCKINNONS,RD,WILBERFORCE,,No,Not a school zone,2-way undivided,-33.551306,150.822979,Hawkesbury,Country urban,Syd-Newc-Woll Gtr conurbation,Curved,,,Loose gravel shoulder,Off,Sealed,Dry,Fine,Darkness,Nil,No traffic controls,80 km/h,Local,84,Off right/left bend,802,Off cway left bend,Right,Rollover,Light truck utility(from 2018),,1,0,0,0,0,5,May,Autumn,Friday,18:00 - 19:59,PM peak / evening commute,True,False,False,False
1353843,Non-casualty (towaway),Non-casualty (towaway),2024,2024,June,Sunday,00:01 - 01:59,COOPERS,LANE,0,Right on the spot,NEWRY,ST,URUNGA,,No,Not a school zone,T-junction,-30.497404,153.018688,Bellingen,Country urban,Rest of NSW - Urban,Straight,,,,Nil,Sealed,Wet,Overcast,Darkness,Nil,No traffic controls,50 km/h,Local,71,Off rd left => obj,703,Left off cway into object,,Other angle,Car (sedan/hatch),4 wheel drive / SUV,2,0,0,0,0,6,June,Winter,Sunday,00:01 - 01:59,Late night / early morning,False,False,False,False
1353868,Non-casualty (towaway),Non-casualty (towaway),2024,2024,May,Wednesday,14:00 - 15:59,O'SULLIVAN,RD,0,Right on the spot,TALLAWARRA,RD,LEUMEAH,,No,Not a school zone,T-junction,-34.054999,150.831001,Campbelltown,Sydney metro. area,Syd-Newc-Woll Gtr conurbation,Straight,,,,Nil,Sealed,Dry,Fine,Daylight,Nil,Give way sign,60 km/h,Local,10,Cross traffic,101,Adj - Cross traffic,,Right angle,Car (sedan/hatch),Car (sedan/hatch),2,0,0,0,0,5,May,Autumn,Wednesday,14:00 - 15:59,Midday / afternoon,False,False,False,False
1353872,Non-casualty (towaway),Non-casualty (towaway),2024,2024,June,Sunday,04:00 - 05:59,BLACKWALL,RD,0,Right on the spot,ORANGE GROVE,RD,BLACKWALL,,No,Not a school zone,L-junction,-33.502402,151.336098,Central Coast,Country urban,Syd-Newc-Woll Gtr conurbation,Curved,,,,On,Sealed,Wet,Overcast,Dawn,Nil,No traffic controls,50 km/h,Local,81,Off left/rt bnd=>obj,803,Off right bend into obj,Left,Vehicle - Object,Car (sedan/hatch),,2,0,0,0,0,6,June,Winter,Sunday,04:00 - 05:59,Late night / early morning,False,False,False,False
1353903,Non-casualty (towaway),Non-casualty (towaway),2024,2024,May,Friday,16:00 - 17:59,NEWCASTLE,EXP,2485,North,PACIFIC HIGHWAY,OP,BAR POINT,6003.0,No,Not a school zone,Dual freeway,-33.509665,151.190435,Central Coast,Country non-urban,Syd-Newc-Woll Gtr conurbation,Straight,Steep grade,,,Nil,Sealed,Dry,Fine,Darkness,Nil,No traffic controls,100 km/h,State,30,Rear end,301,Same - Rear end,,Rear end,Car (sedan/hatch),Car (sedan/hatch),2,0,0,0,0,5,May,Autumn,Friday,16:00 - 17:59,PM peak / evening commute,True,False,False,False
1353908,Non-casualty (towaway),Non-casualty (towaway),2024,2024,June,Sunday,18:00 - 19:59,FERNLEIGH,RD,0,Right on the spot,GLENFIELD,RD,MOUNT AUSTIN,,No,Not a school zone,Roundabout,-35.130748,147.342488,Wagga Wagga,Country urban,Rest of NSW - Urban,Straight,,,,On,Sealed,Dry,Fine,Darkness,Nil,Give way sign,60 km/h,Local,10,Cross traffic,101,Adj - Cross traffic,,Right angle,4 wheel drive / SUV,Light truck utility(from 2018),2,0,0,0,0,6,June,Winter,Sunday,18:00 - 19:59,PM peak / evening commute,True,False,False,False
1353915,Non-casualty (towaway),Non-casualty (towaway),2024,2024,March,Monday,18:00 - 19:59,MASTERS,RD,15,West,DRUMMOND STREET,TO,SPRING HILL,602.0,No,Not a school zone,Divided road,-34.444258,150.870659,Wollongong,Wollongong met. area,Syd-Newc-Woll Gtr conurbation,Straight,,,,Unknown / not stated,Sealed,Unknown,Unknown,Darkness,Nil,No traffic controls,80 km/h,State,71,Off rd left => obj,703,Left off cway into object,,Vehicle - Object,Car (sedan/hatch),,1,0,0,0,0,3,March,Autumn,Monday,18:00 - 19:59,PM peak / evening commute,True,False,False,False
1353916,Non-casualty (towaway),Non-casualty (towaway),2024,2024,June,Sunday,20:00 - 21:59,ALLENS,PDE,0,Right on the spot,BALLINA,ST,LENNOX HEAD,,No,Not a school zone,Roundabout,-28.79889,153.592561,Ballina,Country urban,Rest of NSW - Urban,Curved,Embankment/cutting,,,On,Sealed,Dry,Fine,Darkness,Nil,Give way sign,50 km/h,Local,85,Off rt/lft bnd=>obj,804,Off left bend into obj,Right,Vehicle - Object,Passenger van,,1,0,0,0,0,6,June,Winter,Sunday,20:00 - 21:59,Evening / night,False,False,False,False
1353941,Non-casualty (towaway),Non-casualty (towaway),2024,2024,June,Friday,16:00 - 17:59,SEAHAM,RD,0,Right on the spot,PORT STEPHENS,ST,RAYMOND TERRACE,104.0,No,Not a school zone,Roundabout,-32.757295,151.748301,Port Stephens,Country urban,Rest of NSW - Urban,Straight,,,,Unknown / not stated,Sealed,Wet,Raining,Dusk,Nil,Give way sign,60 km/h,State,10,Cross traffic,101,Adj - Cross traffic,,Right angle,Car (sedan/hatch),Car (sedan/hatch),2,0,0,0,0,6,June,Winter,Friday,16:00 - 17:59,PM peak / evening commute,True,False,False,False
1353949,Non-casualty (towaway),Non-casualty (towaway),2024,2024,June,Thursday,04:00 - 05:59,THE SNOWY RIVER,WAY,0,Right on the spot,CHONGS,RD,JINDABYNE,7626.0,No,Not a school zone,T-junction,-36.494901,148.670324,Snowy Monaro Regional,Country non-urban,Rest of NSW - Rural,Straight,Steep grade,,,Unknown / not stated,Sealed,Snow or ice,Snowing,Darkness,Nil,No traffic controls,100 km/h,Regional,67,Struck animal,609,On path - Hit animal,,Vehicle - Animal,4 wheel drive / SUV,,1,0,0,0,0,6,June,Winter,Thursday,04:00 - 05:59,Late night / early morning,False,False,False,False
1353958,Non-casualty (towaway),Non-casualty (towaway),2024,2024,June,Saturday,20:00 - 21:59,LACHLAN,AVE,50,South,WINDSOR,DR,MACQUARIE PARK,,No,Not a school zone,2-way undivided,-33.780165,151.116654,Ryde,Sydney metro. area,Syd-Newc-Woll Gtr conurbation,Straight,,,,On,Sealed,Dry,Fine,Darkness,Nil,No traffic controls,50 km/h,Local,20,Head on,201,Opp - Head on,,Head-on,Unknown motor vehicle,Station wagon,2,0,0,0,0,6,June,Winter,Saturday,20:00 - 21:59,Evening / night,False,False,False,False
1353960,Non-casualty (towaway),Non-casualty (towaway),2024,2024,June,Thursday,06:00 - 07:59,PRINCES,HWY,0,Right on the spot,QUEEN STREET,TO,BERRY,1.0,No,Not a school zone,Divided road,-34.772362,150.690987,Shoalhaven,Country non-urban,Rest of NSW - Rural,Curved,,,,Unknown / not stated,Sealed,Wet,Raining,Daylight,Nil,No traffic controls,100 km/h,State,85,Off rt/lft bnd=>obj,804,Off left bend into obj,Right,Vehicle - Object,Car (sedan/hatch),,1,0,0,0,0,6,June,Winter,Thursday,06:00 - 07:59,AM peak / school commute,True,False,False,False
1353971,Non-casualty (towaway),Non-casualty (towaway),2024,2024,May,Sunday,22:00 - Midnight,FOWLERS,RD,0,Right on the spot,INALA,AVE,KOONAWARRA,,No,Not a school zone,T-junction,-34.503031,150.810361,Wollongong,Wollongong met. area,Syd-Newc-Woll Gtr conurbation,Curved,Steep grade,,,On,Sealed,Dry,Fine,Darkness,Nil,Give way sign,60 km/h,Local,87,Off lft/lft bnd=>obj,804,Off left bend into obj,Left,Other angle,4 wheel drive / SUV,Caravan,2,0,0,0,0,5,May,Autumn,Sunday,22:00 - Midnight,Evening / night,False,False,False,False
1353974,Non-casualty (towaway),Non-casualty (towaway),2024,2024,June,Wednesday,06:00 - 07:59,FREDERICK,ST,0,Right on the spot,HENRY,ST,ASHFIELD,650.0,No,Not a school zone,X-intersection,-33.877973,151.127567,Inner West,Sydney metro. area,Syd-Newc-Woll Gtr conurbation,Straight,,,,Unknown / not stated,Sealed,Dry,Fine,Daylight,Nil,Stop sign,50 km/h,State,16,Left near,107,Adj - Left-thru from right,,Right angle,Car (sedan/hatch),Car (sedan/hatch),3,0,0,0,0,6,June,Winter,Wednesday,06:00 - 07:59,AM peak / school commute,True,False,False,False
1353977,Non-casualty (towaway),Non-casualty (towaway),2024,2024,May,Friday,22:00 - Midnight,MT KEIRA,RD,300,North,ILLAWARRA ARCHERY CLUB,OT,MOUNT KEIRA,,No,Not a school zone,2-way undivided,-34.408326,150.853415,Wollongong,Wollongong met. area,Syd-Newc-Woll Gtr conurbation,Curved,Steep grade,,,Unknown / not stated,Sealed,Dry,Fine,Darkness,Nil,No traffic controls,60 km/h,Local,81,Off left/rt bnd=>obj,803,Off right bend into obj,Left,Vehicle - Object,Light truck utility(from 2018),,1,0,0,0,0,5,May,Autumn,Friday,22:00 - Midnight,Evening / night,False,False,False,False
1353981,Non-casualty (towaway),Non-casualty (towaway),2024,2024,May,Thursday,16:00 - 17:59,BROBENAH,RD,0,Right on the spot,COLINROOBIE,RD,LEETON,,No,Not a school zone,T-junction,-34.504221,146.424215,Leeton,Country non-urban,Rest of NSW - Rural,Straight,Embankment/cutting,,,Unknown / not stated,Sealed,Dry,Fine,Daylight,Nil,Give way sign,100 km/h,Local,85,Off rt/lft bnd=>obj,706,Left turn,Right,Vehicle - Object,Car (sedan/hatch),,1,0,0,0,0,5,May,Autumn,Thursday,16:00 - 17:59,PM peak / evening commute,True,False,False,False
1353983,Non-casualty (towaway),Non-casualty (towaway),2024,2024,June,Tuesday,12:00 - 13:59,CARLISLE,AVE,0,Right on the spot,LIVINGSTON,AVE,HEBERSHAM,7162.0,No,Not a school zone,T-junction,-33.745897,150.820324,Blacktown,Sydney metro. area,Syd-Newc-Woll Gtr conurbation,Straight,,,,Unknown / not stated,Sealed,Dry,Fine,Daylight,Nil,No traffic controls,60 km/h,Regional,34,Lane change right,306,Same - Lane change right,,Other angle,4 wheel drive / SUV,Car (sedan/hatch),2,0,0,0,0,6,June,Winter,Tuesday,12:00 - 13:59,Midday / afternoon,False,False,False,False
1353984,Non-casualty (towaway),Non-casualty (towaway),2024,2024,June,Thursday,14:00 - 15:59,WESTERN,EXP,500,East,MAMRE ROAD,TO,ST CLAIR,6004.0,No,Not a school zone,Dual freeway,-33.786072,150.781803,Penrith,Sydney metro. area,Syd-Newc-Woll Gtr conurbation,Straight,,,,Unknown / not stated,Sealed,Wet,Raining,Daylight,Nil,No traffic controls,110 km/h,State,30,Rear end,301,Same - Rear end,,Rear end,Light truck utility(from 2018),Light truck utility(from 2018),2,0,0,0,0,6,June,Winter,Thursday,14:00 - 15:59,Midday / afternoon,False,False,False,False
1353989,Non-casualty (towaway),Non-casualty (towaway),2024,2024,June,Saturday,22:00 - Midnight,WARIALDA,ST,50,East,GUINEA,ST,KOGARAH,,No,Not a school zone,2-way undivided,-33.961856,151.128432,Bayside,Sydney metro. area,Syd-Newc-Woll Gtr conurbation,Straight,,,,Unknown / not stated,Sealed,Wet,Raining,Darkness,Nil,No traffic controls,50 km/h,Local,71,Off rd left => obj,703,Left off cway into object,,Vehicle - Object,Car (sedan/hatch),,2,0,0,0,0,6,June,Winter,Saturday,22:00 - Midnight,Evening / night,False,False,False,False
1353995,Non-casualty (towaway),Non-casualty (towaway),2024,2024,June,Sunday,00:01 - 01:59,BUNGARRIBEE,RD,0,Right on the spot,BLACKTOWN,RD,SEVEN HILLS,643.0,No,Not a school zone,T-junction,-33.779662,150.920452,Blacktown,Sydney metro. area,Syd-Newc-Woll Gtr conurbation,Straight,,,,Unknown / not stated,Sealed,Dry,Fine,Darkness,On,No traffic controls,60 km/h,State,21,Right through,202,Opp - Right-thru,,Other angle,Car (sedan/hatch),Car (sedan/hatch),2,0,0,0,0,6,June,Winter,Sunday,00:01 - 01:59,Late night / early morning,False,False,False,False