crash_id,degree_of_crash,degree_of_crash_-_detailed,reporting_year,year_of_crash,month_of_crash,day_of_week_of_crash,two-hour_intervals,street_of_crash,street_type,distance,direction,identifying_feature,identifying_feature_type,town,route_no.,school_zone_location,school_zone_active,type_of_location,latitude,longitude,lga,urbanisation,conurbation_1,alignment,primary_permanent_feature,primary_temporary_feature,primary_hazardous_feature,street_lighting,road_surface,surface_condition,weather,natural_lighting,signals_operation,other_traffic_control,speed_limit,road_classification_(admin),rum_-_code,rum_-_description,dca_-_code,dca_-_description,dca_supplement,first_impact_type,key_tu_type,other_tu_type,no._of_traffic_units_involved,no._killed,no._seriously_injured,no._moderately_injured,no._minor-other_injured,month_num,month_label,season,day_label,time_label,time_band,is_peak_commute,is_fatal,is_injury,is_casualty
1354003,Non-casualty (towaway),Non-casualty (towaway),2024,2024,June,Saturday,22:00 - Midnight,CAROLYN JACKSON,DR,100,North,KINLYSIDE,AVE,JERRABOMBERRA,,No,Not a school zone,2-way undivided,-35.372178,149.204744,Queanbeyan-Palerang Regional,Country urban,Rest of NSW - Urban,Curved,,,,Nil,Sealed,Dry,Fine,Darkness,Nil,No traffic controls,50 km/h,Local,85,Off rt/lft bnd=>obj,804,Off left bend into obj,Right,Other angle,Car (sedan/hatch),Light truck utility(from 2018),2,0,0,0,0,6,June,Winter,Saturday,22:00 - Midnight,Evening / night,False,False,False,False
1354006,Non-casualty (towaway),Non-casualty (towaway),2024,2024,June,Friday,14:00 - 15:59,MITCHELL,ST,20,West,UNION,ST,MEREWETHER,,No,Not a school zone,2-way undivided,-32.941632,151.757236,Newcastle,Newcastle met. area,Syd-Newc-Woll Gtr conurbation,Straight,Driveway/entrance,,,Unknown / not stated,Sealed,Dry,Fine,Daylight,Nil,No traffic controls,50 km/h,Local,37,Left turn sideswipe,309,Same - Left turn side swipe,,Other angle,Light truck,Car (sedan/hatch),3,0,0,0,0,6,June,Winter,Friday,14:00 - 15:59,Midday / afternoon,False,False,False,False
1354007,Non-casualty (towaway),Non-casualty (towaway),2024,2024,May,Tuesday,14:00 - 15:59,PRINCES,HWY,10,South,DOUGLAS,ST,NOWRA,1.0,No,Not a school zone,X-intersection,-34.881034,150.60424,Shoalhaven,Country urban,Rest of NSW - Urban,Straight,Steep grade,,,Nil,Sealed,Dry,Fine,Daylight,Nil,Stop sign,70 km/h,State,30,Rear end,301,Same - Rear end,,Rear end,Light truck utility(from 2018),Passenger van,2,0,0,0,0,5,May,Autumn,Tuesday,14:00 - 15:59,Midday / afternoon,False,False,False,False
1354012,Non-casualty (towaway),Non-casualty (towaway),2024,2024,June,Monday,00:01 - 01:59,BYRNES,ST,20,East,ILLAWARRA,RD,MARRICKVILLE,,No,Not a school zone,2-way undivided,-33.913047,151.153976,Inner West,Sydney metro. area,Syd-Newc-Woll Gtr conurbation,Straight,,,,On,Sealed,Dry,Fine,Darkness,Nil,No traffic controls,50 km/h,Local,71,Off rd left => obj,703,Left off cway into object,,Other angle,4 wheel drive / SUV,Light truck,2,0,0,0,0,6,June,Winter,Monday,00:01 - 01:59,Late night / early morning,False,False,False,False
1354013,Non-casualty (towaway),Non-casualty (towaway),2024,2024,June,Saturday,22:00 - Midnight,STURT,HWY,0,Right on the spot,EUNONY BRIDGE,RD,EAST WAGGA WAGGA,14.0,No,Not a school zone,Roundabout,-35.1253,147.420508,Wagga Wagga,Country urban,Rest of NSW - Urban,Straight,,,,Unknown / not stated,Sealed,Dry,Fine,Darkness,Nil,Give way sign,60 km/h,State,10,Cross traffic,101,Adj - Cross traffic,,Right angle,4 wheel drive / SUV,4 wheel drive / SUV,2,0,0,0,0,6,June,Winter,Saturday,22:00 - Midnight,Evening / night,False,False,False,False
1354014,Non-casualty (towaway),Non-casualty (towaway),2024,2024,June,Wednesday,10:00 - 11:59,NEW ENGLAND,HWY,999999,Unknown/not stated,UNKNOWN,UK,MAITLAND,9.0,No,Not a school zone,Divided road,-32.741746,151.562292,Maitland,Country urban,Rest of NSW - Urban,Straight,,,,Unknown / not stated,Sealed,Dry,Fine,Daylight,Nil,No traffic controls,80 km/h,State,30,Rear end,301,Same - Rear end,,Rear end,4 wheel drive / SUV,Light truck utility(from 2018),2,0,0,0,0,6,June,Winter,Wednesday,10:00 - 11:59,Midday / afternoon,False,False,False,False
1354016,Non-casualty (towaway),Non-casualty (towaway),2024,2024,June,Thursday,08:00 - 09:59,FOREST,RD,0,Right on the spot,BAYVIEW,ST,BEXLEY,168.0,Yes,No,T-junction,-33.947502,151.127958,Bayside,Sydney metro. area,Syd-Newc-Woll Gtr conurbation,Straight,,,,Unknown / not stated,Sealed,Wet,Fine,Daylight,Nil,No traffic controls,60 km/h,State,30,Rear end,301,Same - Rear end,,Rear end,Car (sedan/hatch),4 wheel drive / SUV,3,0,0,0,0,6,June,Winter,Thursday,08:00 - 09:59,AM peak / school commute,True,False,False,False
1354018,Non-casualty (towaway),Non-casualty (towaway),2024,2024,June,Tuesday,20:00 - 21:59,BORONIA,RD,0,Right on the spot,NUMBER 81,HN,NORTH ST MARYS,,No,Not a school zone,2-way undivided,-33.755537,150.789308,Penrith,Sydney metro. area,Syd-Newc-Woll Gtr conurbation,Straight,,,,Unknown / not stated,Sealed,Dry,Fine,Darkness,Nil,No traffic controls,50 km/h,Local,73,Off rd rght => obj,704,Right off cway into obj,,Vehicle - Object,Utility,,1,0,0,0,0,6,June,Winter,Tuesday,20:00 - 21:59,Evening / night,False,False,False,False
1354029,Non-casualty (towaway),Non-casualty (towaway),2024,2024,June,Monday,06:00 - 07:59,PACIFIC,HWY,1000,East,GOOREENGI,RD,NORTH ARM COVE,10.0,No,Not a school zone,Divided road,-32.638156,152.030216,Mid-Coast,Country non-urban,Rest of NSW - Rural,Straight,,,,Unknown / not stated,Sealed,Dry,Fine,Darkness,Nil,No traffic controls,110 km/h,State,71,Off rd left => obj,703,Left off cway into object,,Vehicle - Object,Large rigid,,1,0,0,0,0,6,June,Winter,Monday,06:00 - 07:59,AM peak / school commute,True,False,False,False
1354040,Non-casualty (towaway),Non-casualty (towaway),2024,2024,June,Sunday,20:00 - 21:59,ILLOWRA,LANE,140,South,BOODEREE,AVE,HYAMS BEACH,,No,Not a school zone,2-way undivided,-35.101739,150.686712,Shoalhaven,Country urban,Rest of NSW - Urban,Curved,,,,Nil,Unsealed,Dry,Fine,Darkness,Nil,No traffic controls,50 km/h,Local,85,Off rt/lft bnd=>obj,804,Off left bend into obj,Right,Vehicle - Object,Car (sedan/hatch),,1,0,0,0,0,6,June,Winter,Sunday,20:00 - 21:59,Evening / night,False,False,False,False
1354046,Non-casualty (towaway),Non-casualty (towaway),2024,2024,June,Thursday,08:00 - 09:59,APPIN,RD,0,Right on the spot,BRADBURY,AVE,BRADBURY,177.0,No,Not a school zone,X-intersection,-34.070775,150.811886,Campbelltown,Sydney metro. area,Syd-Newc-Woll Gtr conurbation,Straight,,,,Unknown / not stated,Sealed,Wet,Overcast,Daylight,On,No traffic controls,60 km/h,State,30,Rear end,301,Same - Rear end,,Rear end,Car (sedan/hatch),4 wheel drive / SUV,2,0,0,0,0,6,June,Winter,Thursday,08:00 - 09:59,AM peak / school commute,True,False,False,False
1354047,Non-casualty (towaway),Non-casualty (towaway),2024,2024,June,Saturday,18:00 - 19:59,JOSEPHINE,WAY,0,Right on the spot,VICKY,PL,GLENDENNING,,No,Not a school zone,T-junction,-33.735021,150.84989,Blacktown,Sydney metro. area,Syd-Newc-Woll Gtr conurbation,Straight,,,,Unknown / not stated,Sealed,Dry,Fine,Darkness,Nil,No traffic controls,50 km/h,Local,30,Rear end,301,Same - Rear end,,Rear end,Car (sedan/hatch),4 wheel drive / SUV,2,0,0,0,0,6,June,Winter,Saturday,18:00 - 19:59,PM peak / evening commute,True,False,False,False
1354051,Non-casualty (towaway),Non-casualty (towaway),2024,2024,June,Tuesday,10:00 - 11:59,ROUS,RD,0,Right on the spot,TEVEN,ST,GOONELLABAH,,No,Not a school zone,T-junction,-28.821578,153.319493,Lismore,Country urban,Rest of NSW - Urban,Curved,,,,Unknown / not stated,Sealed,Dry,Fine,Daylight,Nil,No traffic controls,50 km/h,Local,40,U turn,304,Same - U-turn,,Other angle,4 wheel drive / SUV,Car (sedan/hatch),2,0,0,0,0,6,June,Winter,Tuesday,10:00 - 11:59,Midday / afternoon,False,False,False,False
1354059,Non-casualty (towaway),Non-casualty (towaway),2024,2024,June,Friday,14:00 - 15:59,FREDERICK,ST,10,North,ROSE,AVE,GLENDALE,527.0,No,Not a school zone,T-junction,-32.928085,151.63667,Lake Macquarie,Newcastle met. area,Syd-Newc-Woll Gtr conurbation,Straight,,,,Unknown / not stated,Sealed,Dry,Fine,Daylight,Nil,Give way sign,50 km/h,State,30,Rear end,301,Same - Rear end,,Rear end,Light truck utility(from 2018),Passenger van,2,0,0,0,0,6,June,Winter,Friday,14:00 - 15:59,Midday / afternoon,False,False,False,False
1354066,Non-casualty (towaway),Non-casualty (towaway),2024,2024,June,Friday,18:00 - 19:59,HUME,HWY,1000,North,GREENHILLS ROAD,OP,BERRIMA,2.0,No,Not a school zone,Dual freeway,-34.455938,150.362413,Wingecarribee,Country non-urban,Rest of NSW - Rural,Straight,,,Flooded/submerged,Nil,Sealed,Wet,Raining,Darkness,Nil,No traffic controls,110 km/h,State,73,Off rd rght => obj,704,Right off cway into obj,,Vehicle - Object,Car (sedan/hatch),,1,0,0,0,0,6,June,Winter,Friday,18:00 - 19:59,PM peak / evening commute,True,False,False,False
1354068,Non-casualty (towaway),Non-casualty (towaway),2024,2024,June,Friday,06:00 - 07:59,HUME,HWY,50,West,YORK,ST,CASULA,2.0,No,Not a school zone,Divided road,-33.957694,150.886548,Liverpool,Sydney metro. area,Syd-Newc-Woll Gtr conurbation,Curved,,,,On,Sealed,Wet,Raining,Darkness,Nil,No traffic controls,70 km/h,State,30,Rear end,301,Same - Rear end,,Rear end,4 wheel drive / SUV,Car (sedan/hatch),2,0,0,0,0,6,June,Winter,Friday,06:00 - 07:59,AM peak / school commute,True,False,False,False
1354069,Non-casualty (towaway),Non-casualty (towaway),2024,2024,June,Sunday,18:00 - 19:59,KINGS,HWY,2000,East,MONKITTEE,ST,BRAIDWOOD,51.0,No,Not a school zone,2-way undivided,-35.454981,149.82368,Queanbeyan-Palerang Regional,Country urban,Rest of NSW - Urban,Straight,,,,Unknown / not stated,Sealed,Dry,Fine,Darkness,Nil,No traffic controls,80 km/h,State,71,Off rd left => obj,703,Left off cway into object,,Vehicle - Object,Car (sedan/hatch),,1,0,0,0,0,6,June,Winter,Sunday,18:00 - 19:59,PM peak / evening commute,True,False,False,False
1354078,Non-casualty (towaway),Non-casualty (towaway),2024,2024,June,Sunday,02:00 - 03:59,VALLETTA,DR,30,North,LUNETTE,ST,GABLES,,No,Not a school zone,2-way undivided,-33.627575,150.901299,The Hills,Sydney metro. area,Syd-Newc-Woll Gtr conurbation,Curved,Crest,,,Unknown / not stated,Sealed,Dry,Fine,Darkness,Nil,No traffic controls,50 km/h,Local,81,Off left/rt bnd=>obj,803,Off right bend into obj,Left,Vehicle - Object,4 wheel drive / SUV,,1,0,0,0,0,6,June,Winter,Sunday,02:00 - 03:59,Late night / early morning,False,False,False,False
1354082,Non-casualty (towaway),Non-casualty (towaway),2024,2024,May,Friday,02:00 - 03:59,GULGAN,RD,300,South,MACKENZIE'S,LANE,BRUNSWICK HEADS,689.0,No,Not a school zone,2-way undivided,-28.57793,153.532877,Byron,Country urban,Rest of NSW - Urban,Curved,,,,Unknown / not stated,Sealed,Wet,Raining,Darkness,Nil,No traffic controls,80 km/h,Regional,86,Off left/left bend,802,Off cway left bend,Left,Rollover,Car (sedan/hatch),,1,0,0,0,0,5,May,Autumn,Friday,02:00 - 03:59,Late night / early morning,False,False,False,False
1354085,Non-casualty (towaway),Non-casualty (towaway),2024,2024,May,Thursday,22:00 - Midnight,GENERAL HOLMES,DR,0,Right on the spot,MILL POND ROAD,TO,MASCOT,194.0,No,Not a school zone,Divided road,-33.938597,151.192878,Bayside,Sydney metro. area,Syd-Newc-Woll Gtr conurbation,Straight,,,,On,Sealed,Dry,Fine,Darkness,Nil,No traffic controls,70 km/h,State,33,Lane sideswipe,305,Same - Lane side swipe,,Other angle,Semi-trailer,Car (sedan/hatch),2,0,0,0,0,5,May,Autumn,Thursday,22:00 - Midnight,Evening / night,False,False,False,False
1354092,Non-casualty (towaway),Non-casualty (towaway),2024,2024,June,Saturday,10:00 - 11:59,OLD BAR,RD,10,East,PACIFIC,HWY,GLENTHORNE,10.0,No,Not a school zone,Roundabout,-31.942074,152.475806,Mid-Coast,Country urban,Rest of NSW - Urban,Curved,,,,Unknown / not stated,Sealed,Wet,Raining,Daylight,Nil,Give way sign,70 km/h,State,30,Rear end,301,Same - Rear end,,Rear end,4 wheel drive / SUV,4 wheel drive / SUV,3,0,0,0,0,6,June,Winter,Saturday,10:00 - 11:59,Midday / afternoon,False,False,False,False
1354106,Non-casualty (towaway),Non-casualty (towaway),2024,2024,March,Saturday,02:00 - 03:59,MELROSE,ST,0,Right on the spot,MOLONG,ST,CONDOBOLIN,461.0,No,Not a school zone,X-intersection,-33.083888,147.14415,Lachlan,Country urban,Rest of NSW - Urban,Straight,,Police pursuit,,On,Sealed,Dry,Fine,Darkness,Nil,Give way sign,50 km/h,Regional,81,Off left/rt bnd=>obj,707,Right turn,Left,Vehicle - Object,Light truck utility(from 2018),,1,0,0,0,0,3,March,Autumn,Saturday,02:00 - 03:59,Late night / early morning,False,False,False,False
1354108,Non-casualty (towaway),Non-casualty (towaway),2024,2024,June,Friday,04:00 - 05:59,SOUTHERN,EXP,500,North,ROBSONS,RD,WEST WOLLONGONG,6006.0,No,Not a school zone,Dual freeway,-34.420547,150.872001,Wollongong,Wollongong met. area,Syd-Newc-Woll Gtr conurbation,Straight,Steep grade,,,On,Sealed,Wet,Raining,Dawn,Nil,No traffic controls,90 km/h,State,71,Off rd left => obj,703,Left off cway into object,,Vehicle - Object,Light truck utility(from 2018),,1,0,0,0,0,6,June,Winter,Friday,04:00 - 05:59,Late night / early morning,False,False,False,False
1354111,Non-casualty (towaway),Non-casualty (towaway),2024,2024,June,Wednesday,06:00 - 07:59,GOOLMA,RD,0,Right on the spot,GOLLAN,RD,GOOLMA,633.0,No,Not a school zone,T-junction,-32.36966,149.267483,Mid-Western Regional,Country urban,Rest of NSW - Urban,Straight,Ditch/drain/culvert,,,Nil,Sealed,Dry,Fog or mist,Dawn,Nil,Give way sign,80 km/h,State,75,Off end of road,709,Off end cway or T junct,,Vehicle - Object,Semi-trailer,,1,0,0,0,0,6,June,Winter,Wednesday,06:00 - 07:59,AM peak / school commute,True,False,False,False
1354117,Non-casualty (towaway),Non-casualty (towaway),2024,2024,June,Wednesday,22:00 - Midnight,NORTH ROCKS,RD,0,Right on the spot,NUMBER 26-30,HN,NORTH ROCKS,7144.0,No,Not a school zone,2-way undivided,-33.790784,151.002368,Parramatta,Sydney metro. area,Syd-Newc-Woll Gtr conurbation,Straight,Driveway/entrance,,,On,Sealed,Dry,Fine,Darkness,Nil,No traffic controls,60 km/h,Regional,21,Right through,202,Opp - Right-thru,,Other angle,4 wheel drive / SUV,Car (sedan/hatch),2,0,0,0,0,6,June,Winter,Wednesday,22:00 - Midnight,Evening / night,False,False,False,False
1354122,Non-casualty (towaway),Non-casualty (towaway),2024,2024,June,Tuesday,20:00 - 21:59,CHINCHEN,ST,100,North,HUBBARD,ST,ISLINGTON,,Yes,No,2-way undivided,-32.911526,151.743445,Newcastle,Newcastle met. area,Syd-Newc-Woll Gtr conurbation,Straight,,,,Nil,Sealed,Dry,Fine,Darkness,Nil,No traffic controls,50 km/h,Local,40,U turn,207,Opp - U-turn,,Other angle,Car (sedan/hatch),4 wheel drive / SUV,2,0,0,0,0,6,June,Winter,Tuesday,20:00 - 21:59,Evening / night,False,False,False,False
1354128,Non-casualty (towaway),Non-casualty (towaway),2024,2024,April,Saturday,14:00 - 15:59,CARCOOLA,ST,0,Right on the spot,YENNORA,ST,CAMPBELLTOWN,,No,Not a school zone,T-junction,-34.071792,150.827758,Campbelltown,Sydney metro. area,Syd-Newc-Woll Gtr conurbation,Straight,,,,Unknown / not stated,Sealed,Dry,Fine,Daylight,Nil,Give way sign,50 km/h,Local,13,Right near,104,Adj - Right-thru from right,,Right angle,4 wheel drive / SUV,Car (sedan/hatch),2,0,0,0,0,4,April,Autumn,Saturday,14:00 - 15:59,Midday / afternoon,False,False,False,False
1354129,Non-casualty (towaway),Non-casualty (towaway),2024,2024,June,Sunday,00:01 - 01:59,MIRIAM,DR,400,East,CHARLOTTE,ST,ORANGE,,No,Not a school zone,2-way undivided,-33.254876,149.121687,Orange,Country urban,Rest of NSW - Urban,Straight,,,,Unknown / not stated,Sealed,Dry,Fine,Darkness,Nil,No traffic controls,50 km/h,Local,49,Other manoeuvring,400,Manov - other,,Other angle,Car (sedan/hatch),,1,0,0,0,0,6,June,Winter,Sunday,00:01 - 01:59,Late night / early morning,False,False,False,False
1354134,Non-casualty (towaway),Non-casualty (towaway),2024,2024,June,Thursday,16:00 - 17:59,CARLISLE,AVE,20,South,KURRAJONG,AVE,MOUNT DRUITT,629.0,No,Not a school zone,Divided road,-33.766414,150.817062,Blacktown,Sydney metro. area,Syd-Newc-Woll Gtr conurbation,Straight,Driveway/entrance,,,Unknown / not stated,Sealed,Wet,Raining,Darkness,Nil,Give way sign,60 km/h,State,47,Emerging from drive,406,Manov - Emerging from driveway,,Right angle,Car (sedan/hatch),Car (sedan/hatch),3,0,0,0,0,6,June,Winter,Thursday,16:00 - 17:59,PM peak / evening commute,True,False,False,False
1354143,Non-casualty (towaway),Non-casualty (towaway),2024,2024,June,Tuesday,08:00 - 09:59,STOREY,ST,0,Right on the spot,NUMBER 140,HN,MAROUBRA,,Yes,No,2-way undivided,-33.937228,151.240488,Randwick,Sydney metro. area,Syd-Newc-Woll Gtr conurbation,Straight,,,,Off,Sealed,Dry,Fine,Daylight,Nil,No traffic controls,50 km/h,Local,49,Other manoeuvring,400,Manov - other,,Other angle,Unknown motor vehicle,Car (sedan/hatch),2,0,0,0,0,6,June,Winter,Tuesday,08:00 - 09:59,AM peak / school commute,True,False,False,False
1354145,Non-casualty (towaway),Non-casualty (towaway),2024,2024,April,Tuesday,12:00 - 13:59,WYNYARD,ST,40,West,RUSSELL,ST,TUMUT,,No,Not a school zone,2-way undivided,-35.301805,148.222184,Snowy Valleys,Country urban,Rest of NSW - Urban,Straight,,,,Off,Sealed,Dry,Fine,Daylight,Nil,No traffic controls,50 km/h,Local,42,Leaving parking,401,Manov - Leaving parking,,Other angle,Station wagon,4 wheel drive / SUV,3,0,0,0,0,4,April,Autumn,Tuesday,12:00 - 13:59,Midday / afternoon,False,False,False,False
1354159,Non-casualty (towaway),Non-casualty (towaway),2024,2024,June,Monday,22:00 - Midnight,CANTERBURY,RD,42,West,VICTORY,ST,BELMORE,167.0,Yes,No,2-way undivided,-33.924523,151.089901,Canterbury-Bankstown,Sydney metro. area,Syd-Newc-Woll Gtr conurbation,Straight,,Roadwks/Detour/Diverson,,On,Sealed,Dry,Fine,Darkness,Nil,No traffic controls,60 km/h,State,73,Off rd rght => obj,704,Right off cway into obj,,Vehicle - Object,Car (sedan/hatch),,1,0,0,0,0,6,June,Winter,Monday,22:00 - Midnight,Evening / night,False,False,False,False
1354161,Non-casualty (towaway),Non-casualty (towaway),2024,2024,May,Sunday,00:01 - 01:59,GENERAL HOLMES,DR,0,Right on the spot,BESTIC,ST,KYEEMAGH,194.0,No,Not a school zone,X-intersection,-33.951629,151.161179,Bayside,Sydney metro. area,Syd-Newc-Woll Gtr conurbation,Curved,,,,On,Sealed,Wet,Raining,Darkness,On,No traffic controls,70 km/h,State,30,Rear end,301,Same - Rear end,,Rear end,4 wheel drive / SUV,Car (sedan/hatch),2,0,0,0,0,5,May,Autumn,Sunday,00:01 - 01:59,Late night / early morning,False,False,False,False
1354162,Non-casualty (towaway),Non-casualty (towaway),2024,2024,June,Friday,18:00 - 19:59,NEW ENGLAND,HWY,0,Right on the spot,BURGMANNS,LANE,HILLVUE,9.0,No,Not a school zone,X-intersection,-31.144677,150.9225,Tamworth Regional,Country urban,Rest of NSW - Urban,Straight,,,,On,Sealed,Wet,Raining,Darkness,Nil,Give way sign,80 km/h,State,11,Right far,102,Adj - Right-thru from left,,Right angle,Car (sedan/hatch),4 wheel drive / SUV,2,0,0,0,0,6,June,Winter,Friday,18:00 - 19:59,PM peak / evening commute,True,False,False,False
1354165,Non-casualty (towaway),Non-casualty (towaway),2024,2024,April,Tuesday,20:00 - 21:59,GREAT WESTERN,HWY,0,Right on the spot,HILL,RD,LIDCOMBE,5.0,No,Not a school zone,X-intersection,-33.850799,151.053669,Cumberland,Sydney metro. area,Syd-Newc-Woll Gtr conurbation,Straight,,,,On,Sealed,Dry,Fine,Darkness,On,No traffic controls,60 km/h,State,21,Right through,202,Opp - Right-thru,,Other angle,Car (sedan/hatch),Car (sedan/hatch),2,0,0,0,0,4,April,Autumn,Tuesday,20:00 - 21:59,Evening / night,False,False,False,False
1354171,Non-casualty (towaway),Non-casualty (towaway),2024,2024,June,Sunday,18:00 - 19:59,COMMISSIONERS,DR,0,Right on the spot,WILLOWDALE,DR,DENHAM COURT,,Yes,No,Roundabout,-33.981772,150.816165,Campbelltown,Sydney metro. area,Syd-Newc-Woll Gtr conurbation,Straight,,,,Unknown / not stated,Sealed,Dry,Fine,Darkness,Nil,Give way sign,50 km/h,Local,19,Other adjacent,100,Adj - other,,Right angle,Car (sedan/hatch),Light truck utility(from 2018),2,0,0,0,0,6,June,Winter,Sunday,18:00 - 19:59,PM peak / evening commute,True,False,False,False
1354176,Non-casualty (towaway),Non-casualty (towaway),2024,2024,June,Thursday,22:00 - Midnight,OLD PACIFIC,HWY,100,East,OLD TUGGERAH,RD,KANGY ANGY,,No,Not a school zone,2-way undivided,-33.321348,151.397362,Central Coast,Country urban,Syd-Newc-Woll Gtr conurbation,Curved,,,,Unknown / not stated,Sealed,Wet,Other,Darkness,Nil,No traffic controls,60 km/h,Local,87,Off lft/lft bnd=>obj,804,Off left bend into obj,Left,Vehicle - Object,4 wheel drive / SUV,,1,0,0,0,0,6,June,Winter,Thursday,22:00 - Midnight,Evening / night,False,False,False,False
1354178,Non-casualty (towaway),Non-casualty (towaway),2024,2024,June,Sunday,12:00 - 13:59,PACIFIC,HWY,5000,South,BIG RIVER WAY,OP,GLENUGIE,10.0,No,Not a school zone,Divided road,-29.835916,153.044316,Clarence Valley,Country non-urban,Rest of NSW - Rural,Straight,,,,Unknown / not stated,Sealed,Dry,Fine,Daylight,Nil,No traffic controls,110 km/h,State,73,Off rd rght => obj,704,Right off cway into obj,,Vehicle - Object,Light truck utility(from 2018),,1,0,0,0,0,6,June,Winter,Sunday,12:00 - 13:59,Midday / afternoon,False,False,False,False
1354185,Non-casualty (towaway),Non-casualty (towaway),2024,2024,May,Wednesday,22:00 - Midnight,CORRIMAL,ST,0,Right on the spot,NUMBER 100-104,HN,WOLLONGONG,581.0,No,Not a school zone,2-way undivided,-34.42381,150.900232,Wollongong,Wollongong met. area,Syd-Newc-Woll Gtr conurbation,Straight,,,,On,Sealed,Dry,Fine,Darkness,Nil,No traffic controls,60 km/h,State,71,Off rd left => obj,703,Left off cway into object,,Vehicle - Object,Car (sedan/hatch),,1,0,0,0,0,5,May,Autumn,Wednesday,22:00 - Midnight,Evening / night,False,False,False,False
1354199,Non-casualty (towaway),Non-casualty (towaway),2024,2024,June,Friday,22:00 - Midnight,HENRY LAWSON,DR,1700,West,THE RIVER,RD,PICNIC POINT,508.0,No,Not a school zone,Divided road,-33.978096,151.006871,Canterbury-Bankstown,Sydney metro. area,Syd-Newc-Woll Gtr conurbation,Curved,Steep grade,,,Unknown / not stated,Sealed,Wet,Fog or mist,Darkness,Nil,No traffic controls,60 km/h,State,87,Off lft/lft bnd=>obj,804,Off left bend into obj,Left,Vehicle - Object,Car (sedan/hatch),,1,0,0,0,0,6,June,Winter,Friday,22:00 - Midnight,Evening / night,False,False,False,False
1354206,Non-casualty (towaway),Non-casualty (towaway),2024,2024,June,Saturday,20:00 - 21:59,JAMES,ST,0,Right on the spot,NUMBER 55,HN,LEICHHARDT,,No,Not a school zone,2-way undivided,-33.877878,151.155431,Inner West,Sydney metro. area,Syd-Newc-Woll Gtr conurbation,Straight,,,,On,Sealed,Dry,Fine,Darkness,Nil,No traffic controls,50 km/h,Local,44,Parking vehicles,403,Manov - Parking-parked vehicle,,Other angle,Unknown motor vehicle,Car (sedan/hatch),2,0,0,0,0,6,June,Winter,Saturday,20:00 - 21:59,Evening / night,False,False,False,False
1354209,Non-casualty (towaway),Non-casualty (towaway),2024,2024,June,Sunday,02:00 - 03:59,ALLAMBIE,RD,0,Right on the spot,BELFIELD,RD,EDENSOR PARK,,Yes,No,T-junction,-33.87296,150.878897,Fairfield,Sydney metro. area,Syd-Newc-Woll Gtr conurbation,Straight,,,,On,Sealed,Wet,Raining,Darkness,Nil,No traffic controls,50 km/h,Local,11,Right far,102,Adj - Right-thru from left,,Right angle,4 wheel drive / SUV,4 wheel drive / SUV,2,0,0,0,0,6,June,Winter,Sunday,02:00 - 03:59,Late night / early morning,False,False,False,False
1354216,Non-casualty (towaway),Non-casualty (towaway),2024,2024,June,Friday,16:00 - 17:59,YARRA,RD,60,East,CANARA,AVE,PHILLIP BAY,,No,Not a school zone,2-way undivided,-33.980118,151.233204,Randwick,Sydney metro. area,Syd-Newc-Woll Gtr conurbation,Straight,,,,Off,Sealed,Wet,Overcast,Dusk,Nil,No traffic controls,50 km/h,Local,71,Off rd left => obj,703,Left off cway into object,,Other angle,Car (sedan/hatch),Light truck utility(from 2018),3,0,0,0,0,6,June,Winter,Friday,16:00 - 17:59,PM peak / evening commute,True,False,False,False
1354218,Non-casualty (towaway),Non-casualty (towaway),2024,2024,June,Monday,16:00 - 17:59,BRUXNER,HWY,20,East,NEILSON,ST,EAST LISMORE,16.0,No,Not a school zone,2-way undivided,-28.816627,153.295312,Lismore,Country urban,Rest of NSW - Urban,Curved,Driveway/entrance,,,Unknown / not stated,Sealed,Dry,Fine,Darkness,Nil,No traffic controls,60 km/h,State,32,Right rear,303,Same - Rear right,,Rear end,Light truck utility(from 2018),Car (sedan/hatch),2,0,0,0,0,6,June,Winter,Monday,16:00 - 17:59,PM peak / evening commute,True,False,False,False
1354220,Non-casualty (towaway),Non-casualty (towaway),2024,2024,May,Wednesday,10:00 - 11:59,ORIORDAN,ST,20,South,GARDENERS,RD,MASCOT,658.0,No,Not a school zone,2-way undivided,-33.921004,151.191732,Bayside,Sydney metro. area,Syd-Newc-Woll Gtr conurbation,Straight,,,,Nil,Sealed,Dry,Fine,Daylight,Nil,No traffic controls,50 km/h,State,33,Lane sideswipe,305,Same - Lane side swipe,,Other angle,Car (sedan/hatch),Car (sedan/hatch),2,0,0,0,0,5,May,Autumn,Wednesday,10:00 - 11:59,Midday / afternoon,False,False,False,False
1354223,Non-casualty (towaway),Non-casualty (towaway),2024,2024,June,Monday,16:00 - 17:59,KYOGLE,RD,0,Right on the spot,BAKERS,RD,BYANGUM,142.0,No,Not a school zone,T-junction,-28.356161,153.360909,Tweed,Country non-urban,Rest of NSW - Rural,Curved,,,,Nil,Sealed,Dry,Fine,Dusk,Nil,Stop sign,100 km/h,Regional,34,Lane change right,306,Same - Lane change right,,Other angle,Car (sedan/hatch),4 wheel drive / SUV,2,0,0,0,0,6,June,Winter,Monday,16:00 - 17:59,PM peak / evening commute,True,False,False,False
1354225,Non-casualty (towaway),Non-casualty (towaway),2024,2024,March,Tuesday,02:00 - 03:59,HOGBIN,DR,0,Right on the spot,BOAMBEE CREEK,BDGE,COFFS HARBOUR,540.0,No,Not a school zone,2-way undivided,-30.338874,153.094299,Coffs Harbour,Country urban,Rest of NSW - Urban,Straight,Other bridge,,,Nil,Sealed,Dry,Fine,Darkness,Nil,No traffic controls,80 km/h,Regional,71,Off rd left => obj,703,Left off cway into object,,Vehicle - Object,Light truck utility(from 2018),,1,0,0,0,0,3,March,Autumn,Tuesday,02:00 - 03:59,Late night / early morning,False,False,False,False