crash_id,degree_of_crash,degree_of_crash_-_detailed,reporting_year,year_of_crash,month_of_crash,day_of_week_of_crash,two-hour_intervals,street_of_crash,street_type,distance,direction,identifying_feature,identifying_feature_type,town,route_no.,school_zone_location,school_zone_active,type_of_location,latitude,longitude,lga,urbanisation,conurbation_1,alignment,primary_permanent_feature,primary_temporary_feature,primary_hazardous_feature,street_lighting,road_surface,surface_condition,weather,natural_lighting,signals_operation,other_traffic_control,speed_limit,road_classification_(admin),rum_-_code,rum_-_description,dca_-_code,dca_-_description,dca_supplement,first_impact_type,key_tu_type,other_tu_type,no._of_traffic_units_involved,no._killed,no._seriously_injured,no._moderately_injured,no._minor-other_injured,month_num,month_label,season,day_label,time_label,time_band,is_peak_commute,is_fatal,is_injury,is_casualty
1354229,Non-casualty (towaway),Non-casualty (towaway),2024,2024,June,Saturday,22:00 - Midnight,MAYBROOK,AVE,50,West,BOYLSON,PL,CROMER,,No,Not a school zone,2-way undivided,-33.734483,151.26234,Northern Beaches,Sydney metro. area,Syd-Newc-Woll Gtr conurbation,Curved,Ditch/drain/culvert,,,Unknown / not stated,Sealed,Dry,Fine,Darkness,Nil,No traffic controls,50 km/h,Local,80,Off left/right bend,801,Off cway right bend,Left,Rollover,Other bus,,1,0,0,0,0,6,June,Winter,Saturday,22:00 - Midnight,Evening / night,False,False,False,False
1354233,Non-casualty (towaway),Non-casualty (towaway),2024,2024,June,Saturday,20:00 - 21:59,HUME,HWY,0,Right on the spot,WORTH,ST,GREENACRE,2.0,No,Not a school zone,T-junction,-33.890426,151.05887,Canterbury-Bankstown,Sydney metro. area,Syd-Newc-Woll Gtr conurbation,Straight,,,,Unknown / not stated,Sealed,Dry,Fine,Daylight,On,No traffic controls,70 km/h,State,21,Right through,202,Opp - Right-thru,,Other angle,Car (sedan/hatch),Light truck utility(from 2018),2,0,0,0,0,6,June,Winter,Saturday,20:00 - 21:59,Evening / night,False,False,False,False
1354239,Non-casualty (towaway),Non-casualty (towaway),2024,2024,June,Monday,00:01 - 01:59,SCENIC,HWY,0,Right on the spot,NUMBER 344,HN,TERRIGAL,504.0,No,Not a school zone,2-way undivided,-33.459964,151.417644,Central Coast,Country urban,Syd-Newc-Woll Gtr conurbation,Straight,,,,On,Sealed,Dry,Fine,Darkness,Nil,No traffic controls,70 km/h,State,71,Off rd left => obj,703,Left off cway into object,,Other angle,4 wheel drive / SUV,Light truck utility(from 2018),3,0,0,0,0,6,June,Winter,Monday,00:01 - 01:59,Late night / early morning,False,False,False,False
1354241,Non-casualty (towaway),Non-casualty (towaway),2024,2024,May,Thursday,06:00 - 07:59,WOLUMBA,ST,0,Right on the spot,NUMBER 13,HN,CHESTER HILL,,No,Not a school zone,2-way undivided,-33.873437,151.001934,Canterbury-Bankstown,Sydney metro. area,Syd-Newc-Woll Gtr conurbation,Straight,,,,Unknown / not stated,Sealed,Dry,Fine,Daylight,Nil,No traffic controls,50 km/h,Local,71,Off rd left => obj,703,Left off cway into object,,Vehicle - Object,4 wheel drive / SUV,,1,0,0,0,0,5,May,Autumn,Thursday,06:00 - 07:59,AM peak / school commute,True,False,False,False
1354249,Non-casualty (towaway),Non-casualty (towaway),2024,2024,June,Saturday,14:00 - 15:59,GREAT WESTERN,HWY,230,East,HARBORD,ST,AUBURN,5.0,No,Not a school zone,2-way undivided,-33.836198,151.023863,Cumberland,Sydney metro. area,Syd-Newc-Woll Gtr conurbation,Straight,Driveway/entrance,,,Unknown / not stated,Sealed,Dry,Fine,Daylight,Nil,No traffic controls,60 km/h,State,30,Rear end,301,Same - Rear end,,Rear end,Car (sedan/hatch),Car (sedan/hatch),6,0,0,0,0,6,June,Winter,Saturday,14:00 - 15:59,Midday / afternoon,False,False,False,False
1354255,Non-casualty (towaway),Non-casualty (towaway),2024,2024,April,Monday,12:00 - 13:59,DORA,ST,0,Right on the spot,WYEE,RD,MORISSET,217.0,No,Not a school zone,Roundabout,-33.113077,151.478204,Lake Macquarie,Newcastle met. area,Syd-Newc-Woll Gtr conurbation,Straight,,,,Unknown / not stated,Sealed,Dry,Fine,Daylight,Nil,Give way sign,60 km/h,Regional,10,Cross traffic,101,Adj - Cross traffic,,Right angle,Car (sedan/hatch),Car (sedan/hatch),2,0,0,0,0,4,April,Autumn,Monday,12:00 - 13:59,Midday / afternoon,False,False,False,False
1354256,Non-casualty (towaway),Non-casualty (towaway),2024,2024,June,Tuesday,18:00 - 19:59,HUNTER,EXP,0,Right on the spot,NEWCASTLE EXPREEWAY,TO,CAMERON PARK,82.0,No,Not a school zone,Dual freeway,-32.892326,151.60495,Lake Macquarie,Newcastle met. area,Syd-Newc-Woll Gtr conurbation,Straight,,,,Unknown / not stated,Sealed,Dry,Fine,Dusk,Nil,No traffic controls,90 km/h,State,34,Lane change right,306,Same - Lane change right,,Other angle,Light truck utility(from 2018),4 wheel drive / SUV,2,0,0,0,0,6,June,Winter,Tuesday,18:00 - 19:59,PM peak / evening commute,True,False,False,False
1354267,Non-casualty (towaway),Non-casualty (towaway),2024,2024,May,Sunday,04:00 - 05:59,JAMES,ST,0,Right on the spot,NUMBER 7,HN,INGLEBURN,,No,Not a school zone,2-way undivided,-33.993989,150.869375,Campbelltown,Sydney metro. area,Syd-Newc-Woll Gtr conurbation,Curved,,,,On,Sealed,Dry,Fine,Darkness,Nil,No traffic controls,50 km/h,Local,85,Off rt/lft bnd=>obj,804,Off left bend into obj,Right,Other angle,Light truck utility(from 2018),Car (sedan/hatch),3,0,0,0,0,5,May,Autumn,Sunday,04:00 - 05:59,Late night / early morning,False,False,False,False
1354272,Non-casualty (towaway),Non-casualty (towaway),2024,2024,May,Wednesday,06:00 - 07:59,CORONATION,PDE,0,Right on the spot,MITCHELL,ST,ENFIELD,668.0,No,Not a school zone,T-junction,-33.893161,151.090575,Burwood,Sydney metro. area,Syd-Newc-Woll Gtr conurbation,Straight,,,,Unknown / not stated,Sealed,Dry,Fine,Daylight,Nil,Give way sign,60 km/h,State,14,2 right turning,105,Adj - Two right turning,,Right angle,Car (sedan/hatch),Car (sedan/hatch),2,0,0,0,0,5,May,Autumn,Wednesday,06:00 - 07:59,AM peak / school commute,True,False,False,False
1354279,Non-casualty (towaway),Non-casualty (towaway),2024,2024,May,Wednesday,08:00 - 09:59,PACIFIC,HWY,0,Right on the spot,GROSVENOR,RD,LINDFIELD,10.0,Yes,No,T-junction,-33.781165,151.170143,Ku-ring-gai,Sydney metro. area,Syd-Newc-Woll Gtr conurbation,Straight,,,,Off,Sealed,Dry,Fine,Daylight,On,No traffic controls,60 km/h,State,33,Lane sideswipe,305,Same - Lane side swipe,,Other angle,Semi-trailer,Car (sedan/hatch),2,0,0,0,0,5,May,Autumn,Wednesday,08:00 - 09:59,AM peak / school commute,True,False,False,False
1354287,Non-casualty (towaway),Non-casualty (towaway),2024,2024,June,Wednesday,20:00 - 21:59,OLD ARGYLE,RD,1000,South,SALLYS CORNER,RD,EXETER,,No,Not a school zone,2-way undivided,-34.616732,150.274733,Wingecarribee,Country urban,Rest of NSW - Urban,Straight,,,,Unknown / not stated,Unsealed,Wet,Raining,Darkness,Nil,No traffic controls,80 km/h,Local,67,Struck animal,609,On path - Hit animal,,Vehicle - Animal,4 wheel drive / SUV,,1,0,0,0,0,6,June,Winter,Wednesday,20:00 - 21:59,Evening / night,False,False,False,False
1354288,Non-casualty (towaway),Non-casualty (towaway),2024,2024,June,Tuesday,20:00 - 21:59,MENANGLE,ST,100,South,PRINCE,ST,PICTON,612.0,No,Not a school zone,2-way undivided,-34.180473,150.613748,Wollondilly,Country urban,Syd-Newc-Woll Gtr conurbation,Curved,Painted double centre lines,,,On,Sealed,Dry,Fine,Darkness,Nil,No traffic controls,60 km/h,State,20,Head on,201,Opp - Head on,,Head-on,Car (sedan/hatch),4 wheel drive / SUV,2,0,0,0,0,6,June,Winter,Tuesday,20:00 - 21:59,Evening / night,False,False,False,False
1354294,Non-casualty (towaway),Non-casualty (towaway),2024,2024,May,Thursday,22:00 - Midnight,SECOND,AVE,70,South,SEVENTH,AVE,CAMPSIE,,No,Not a school zone,2-way undivided,-33.906478,151.095673,Canterbury-Bankstown,Sydney metro. area,Syd-Newc-Woll Gtr conurbation,Straight,,,,On,Sealed,Wet,Raining,Darkness,Nil,No traffic controls,50 km/h,Local,71,Off rd left => obj,703,Left off cway into object,,Other angle,Car (sedan/hatch),4 wheel drive / SUV,2,0,0,0,0,5,May,Autumn,Thursday,22:00 - Midnight,Evening / night,False,False,False,False
1354298,Non-casualty (towaway),Non-casualty (towaway),2024,2024,April,Sunday,18:00 - 19:59,ANDOVER,ST,10,South,BEMBRIDGE,ST,CARLTON,,No,Not a school zone,T-junction,-33.971745,151.120933,Georges River,Sydney metro. area,Syd-Newc-Woll Gtr conurbation,Straight,,,,On,Sealed,Dry,Fine,Darkness,Nil,No traffic controls,50 km/h,Local,71,Off rd left => obj,703,Left off cway into object,,Other angle,Unknown motor vehicle,Car (sedan/hatch),3,0,0,0,0,4,April,Autumn,Sunday,18:00 - 19:59,PM peak / evening commute,True,False,False,False
1354304,Non-casualty (towaway),Non-casualty (towaway),2024,2024,March,Saturday,22:00 - Midnight,CUMBERLAND,RD,50,North,SUFFOLK,ST,INGLEBURN,7198.0,No,Not a school zone,2-way undivided,-34.002571,150.864992,Campbelltown,Sydney metro. area,Syd-Newc-Woll Gtr conurbation,Straight,Pedestrian refuge,,,On,Sealed,Dry,Fine,Darkness,Nil,No traffic controls,60 km/h,Regional,71,Off rd left => obj,703,Left off cway into object,,Other angle,Car (sedan/hatch),Car (sedan/hatch),3,0,0,0,0,3,March,Autumn,Saturday,22:00 - Midnight,Evening / night,False,False,False,False
1354309,Non-casualty (towaway),Non-casualty (towaway),2024,2024,June,Thursday,14:00 - 15:59,MENANGLE,RD,500,West,CAMDEN,RD,DOUGLAS PARK,179.0,No,Not a school zone,2-way undivided,-34.171673,150.708963,Wollondilly,Country urban,Syd-Newc-Woll Gtr conurbation,Straight,Driveway/entrance,,,Unknown / not stated,Sealed,Wet,Fine,Daylight,Nil,No traffic controls,80 km/h,Regional,31,Left rear,302,Same - Rear left,,Rear end,Car (sedan/hatch),4 wheel drive / SUV,2,0,0,0,0,6,June,Winter,Thursday,14:00 - 15:59,Midday / afternoon,False,False,False,False
1354313,Non-casualty (towaway),Non-casualty (towaway),2024,2024,April,Saturday,08:00 - 09:59,PROSPECT,HWY,0,Right on the spot,OLIVE,ST,SEVEN HILLS,644.0,No,Not a school zone,X-intersection,-33.776838,150.933274,Blacktown,Sydney metro. area,Syd-Newc-Woll Gtr conurbation,Straight,,,,Off,Sealed,Dry,Fine,Daylight,On,No traffic controls,60 km/h,State,11,Right far,102,Adj - Right-thru from left,,Right angle,Station wagon,4 wheel drive / SUV,2,0,0,0,0,4,April,Autumn,Saturday,08:00 - 09:59,AM peak / school commute,True,False,False,False
1354315,Non-casualty (towaway),Non-casualty (towaway),2024,2024,June,Thursday,12:00 - 13:59,WESTMORELAND,AVE,0,Right on the spot,NUMBER 38,HN,COLLAROY,,No,Not a school zone,2-way undivided,-33.741542,151.294309,Northern Beaches,Sydney metro. area,Syd-Newc-Woll Gtr conurbation,Straight,,,,Off,Sealed,Wet,Raining,Daylight,Nil,No traffic controls,50 km/h,Local,49,Other manoeuvring,400,Manov - other,,Other angle,Unknown type,4 wheel drive / SUV,3,0,0,0,0,6,June,Winter,Thursday,12:00 - 13:59,Midday / afternoon,False,False,False,False
1354316,Non-casualty (towaway),Non-casualty (towaway),2024,2024,June,Friday,18:00 - 19:59,BUNDARRA,ST,10,West,PRINCES HIGHWAY,TO,WATERFALL,,No,Not a school zone,Other,-34.136676,150.994197,Sutherland,Sydney metro. area,Syd-Newc-Woll Gtr conurbation,Curved,,,,Unknown / not stated,Sealed,Wet,Overcast,Darkness,Nil,No traffic controls,50 km/h,Local,87,Off lft/lft bnd=>obj,804,Off left bend into obj,Left,Vehicle - Object,Light truck utility(from 2018),,1,0,0,0,0,6,June,Winter,Friday,18:00 - 19:59,PM peak / evening commute,True,False,False,False
1354326,Non-casualty (towaway),Non-casualty (towaway),2024,2024,February,Monday,10:00 - 11:59,CEDAR,PL,0,Right on the spot,NUMBER 9,HN,KIRRAWEE,,No,Not a school zone,2-way undivided,-34.036586,151.070868,Sutherland,Sydney metro. area,Syd-Newc-Woll Gtr conurbation,Straight,,,,Off,Sealed,Dry,Fine,Daylight,Nil,No traffic controls,50 km/h,Local,71,Off rd left => obj,703,Left off cway into object,,Other angle,Light truck utility(from 2018),Car (sedan/hatch),2,0,0,0,0,2,February,Summer,Monday,10:00 - 11:59,Midday / afternoon,False,False,False,False
1354331,Non-casualty (towaway),Non-casualty (towaway),2024,2024,May,Friday,12:00 - 13:59,NELSON BAY,RD,2000,West,MARSH,RD,BOBS FARM,108.0,No,Not a school zone,Divided road,-32.779084,151.999694,Port Stephens,Country urban,Rest of NSW - Urban,Straight,,,,Unknown / not stated,Sealed,Dry,Fine,Daylight,Nil,No traffic controls,80 km/h,State,39,Other same direction,300,Same - other,,Other angle,4 wheel drive / SUV,4 wheel drive / SUV,2,0,0,0,0,5,May,Autumn,Friday,12:00 - 13:59,Midday / afternoon,False,False,False,False
1354339,Non-casualty (towaway),Non-casualty (towaway),2024,2024,June,Monday,18:00 - 19:59,MACQUARIE,ST,0,Right on the spot,KABLE,ST,WINDSOR,184.0,No,Not a school zone,X-intersection,-33.606761,150.822191,Hawkesbury,Country urban,Syd-Newc-Woll Gtr conurbation,Straight,,,,Unknown / not stated,Sealed,Dry,Fine,Darkness,On,No traffic controls,60 km/h,State,16,Left near,107,Adj - Left-thru from right,,Right angle,Car (sedan/hatch),4 wheel drive / SUV,2,0,0,0,0,6,June,Winter,Monday,18:00 - 19:59,PM peak / evening commute,True,False,False,False
1354340,Non-casualty (towaway),Non-casualty (towaway),2024,2024,May,Thursday,22:00 - Midnight,ANZAC,AVE,0,Right on the spot,NUMBER 24-26,HN,ENGADINE,,No,Not a school zone,2-way undivided,-34.062024,151.014663,Sutherland,Sydney metro. area,Syd-Newc-Woll Gtr conurbation,Straight,,,,On,Sealed,Dry,Fine,Darkness,Nil,No traffic controls,50 km/h,Local,71,Off rd left => obj,703,Left off cway into object,,Other angle,Unknown motor vehicle,Car (sedan/hatch),2,0,0,0,0,5,May,Autumn,Thursday,22:00 - Midnight,Evening / night,False,False,False,False
1354349,Non-casualty (towaway),Non-casualty (towaway),2024,2024,May,Wednesday,06:00 - 07:59,MACQUARIE,ST,15,North,ARGYLE,ST,SOUTH WINDSOR,154.0,No,Not a school zone,2-way undivided,-33.617393,150.809393,Hawkesbury,Country urban,Syd-Newc-Woll Gtr conurbation,Straight,,,,Nil,Sealed,Dry,Fine,Dawn,Nil,No traffic controls,60 km/h,State,30,Rear end,301,Same - Rear end,,Rear end,Car (sedan/hatch),Light truck utility(from 2018),2,0,0,0,0,5,May,Autumn,Wednesday,06:00 - 07:59,AM peak / school commute,True,False,False,False
1354355,Non-casualty (towaway),Non-casualty (towaway),2024,2024,May,Saturday,02:00 - 03:59,THORNCRAFT,PDE,25,South,BEAUMONT,ST,CAMPSIE,,No,Not a school zone,2-way undivided,-33.918659,151.098771,Canterbury-Bankstown,Sydney metro. area,Syd-Newc-Woll Gtr conurbation,Straight,,,,On,Sealed,Wet,Raining,Darkness,Nil,No traffic controls,50 km/h,Local,71,Off rd left => obj,703,Left off cway into object,,Other angle,Car (sedan/hatch),Car (sedan/hatch),2,0,0,0,0,5,May,Autumn,Saturday,02:00 - 03:59,Late night / early morning,False,False,False,False
1354357,Non-casualty (towaway),Non-casualty (towaway),2024,2024,June,Thursday,10:00 - 11:59,ENMORE,RD,0,Right on the spot,PHILLIP,ST,NEWTOWN,167.0,No,Not a school zone,T-junction,-33.898786,151.174,Inner West,Sydney metro. area,Syd-Newc-Woll Gtr conurbation,Straight,,,,Unknown / not stated,Sealed,Dry,Fine,Daylight,On,No traffic controls,40 km/h,State,71,Off rd left => obj,703,Left off cway into object,,Vehicle - Object,Car (sedan/hatch),,1,0,0,0,0,6,June,Winter,Thursday,10:00 - 11:59,Midday / afternoon,False,False,False,False
1354364,Non-casualty (towaway),Non-casualty (towaway),2024,2024,April,Thursday,18:00 - 19:59,HUME,HWY,0,Right on the spot,MEMORIAL,AVE,LIVERPOOL,2.0,No,Not a school zone,X-intersection,-33.924221,150.918232,Liverpool,Sydney metro. area,Syd-Newc-Woll Gtr conurbation,Straight,,,,On,Sealed,Dry,Fine,Darkness,On,No traffic controls,60 km/h,State,30,Rear end,301,Same - Rear end,,Rear end,4 wheel drive / SUV,4 wheel drive / SUV,3,0,0,0,0,4,April,Autumn,Thursday,18:00 - 19:59,PM peak / evening commute,True,False,False,False
1354367,Non-casualty (towaway),Non-casualty (towaway),2024,2024,May,Sunday,22:00 - Midnight,SNOWY MOUNTAINS,HWY,3000,South,TUMUT PLAINS,RD,WERMATONG,4.0,No,Not a school zone,2-way undivided,-35.380657,148.291801,Snowy Valleys,Country non-urban,Rest of NSW - Rural,Curved,,,,Unknown / not stated,Sealed,Dry,Fine,Darkness,Nil,No traffic controls,100 km/h,State,67,Struck animal,609,On path - Hit animal,,Vehicle - Animal,Car (sedan/hatch),,1,0,0,0,0,5,May,Autumn,Sunday,22:00 - Midnight,Evening / night,False,False,False,False
1354370,Non-casualty (towaway),Non-casualty (towaway),2024,2024,May,Saturday,10:00 - 11:59,NEW ENGLAND,HWY,100,West,ADELAIDE,ST,MURRURUNDI,9.0,No,Not a school zone,2-way undivided,-31.764664,150.837307,Upper Hunter,Country urban,Rest of NSW - Urban,Curved,Other bridge,,,Unknown / not stated,Sealed,Dry,Fine,Daylight,Nil,No traffic controls,50 km/h,State,85,Off rt/lft bnd=>obj,804,Off left bend into obj,Right,Vehicle - Object,Light truck utility(from 2018),,1,0,0,0,0,5,May,Autumn,Saturday,10:00 - 11:59,Midday / afternoon,False,False,False,False
1354371,Non-casualty (towaway),Non-casualty (towaway),2024,2024,June,Friday,08:00 - 09:59,MCKELL,AVE,0,Right on the spot,WATERFALL PUBLIC SCHOOL,OT,WATERFALL,393.0,Yes,No,2-way undivided,-34.137621,150.995433,Sutherland,Sydney metro. area,Syd-Newc-Woll Gtr conurbation,Curved,Painted double centre lines,,,Unknown / not stated,Sealed,Wet,Raining,Daylight,Nil,No traffic controls,60 km/h,State,40,U turn,207,Opp - U-turn,,Other angle,4 wheel drive / SUV,4 wheel drive / SUV,2,0,0,0,0,6,June,Winter,Friday,08:00 - 09:59,AM peak / school commute,True,False,False,False
1354375,Non-casualty (towaway),Non-casualty (towaway),2024,2024,June,Friday,04:00 - 05:59,TUSCULUM,RD,20,West,BANKSIA,DR,VALLEY HEIGHTS,,Yes,No,2-way undivided,-33.703269,150.580054,Blue Mountains,Country urban,Syd-Newc-Woll Gtr conurbation,Curved,Steep grade,,,Unknown / not stated,Sealed,Wet,Raining,Darkness,Nil,No traffic controls,50 km/h,Local,81,Off left/rt bnd=>obj,803,Off right bend into obj,Left,Vehicle - Object,Car (sedan/hatch),,1,0,0,0,0,6,June,Winter,Friday,04:00 - 05:59,Late night / early morning,False,False,False,False
1354377,Non-casualty (towaway),Non-casualty (towaway),2024,2024,June,Sunday,00:01 - 01:59,HUME,HWY,400,West,QUEST,AVE,LANSVALE,2.0,No,Not a school zone,Divided road,-33.891905,150.963957,Fairfield,Sydney metro. area,Syd-Newc-Woll Gtr conurbation,Straight,,,,On,Sealed,Wet,Raining,Darkness,Nil,No traffic controls,70 km/h,State,20,Head on,201,Opp - Head on,,Head-on,Car (sedan/hatch),4 wheel drive / SUV,2,0,0,0,0,6,June,Winter,Sunday,00:01 - 01:59,Late night / early morning,False,False,False,False
1354381,Non-casualty (towaway),Non-casualty (towaway),2024,2024,June,Sunday,20:00 - 21:59,OAKLANDS,RD,100,North,MAC HILL,PL,LOCHIEL,,No,Not a school zone,2-way undivided,-36.924248,149.846643,Bega Valley,Country non-urban,Rest of NSW - Rural,Curved,,,,Unknown / not stated,Unsealed,Dry,Fine,Darkness,Nil,No traffic controls,100 km/h,Local,81,Off left/rt bnd=>obj,803,Off right bend into obj,Left,Vehicle - Object,4 wheel drive / SUV,,1,0,0,0,0,6,June,Winter,Sunday,20:00 - 21:59,Evening / night,False,False,False,False
1354388,Non-casualty (towaway),Non-casualty (towaway),2024,2024,March,Monday,04:00 - 05:59,BALLARD,PL,0,Right on the spot,ROSENTHAL,ST,DOONSIDE,,No,Not a school zone,T-junction,-33.777617,150.874721,Blacktown,Sydney metro. area,Syd-Newc-Woll Gtr conurbation,Curved,,,,On,Sealed,Dry,Fine,Dawn,Nil,No traffic controls,50 km/h,Local,81,Off left/rt bnd=>obj,803,Off right bend into obj,Left,Other angle,Car (sedan/hatch),Car (sedan/hatch),2,0,0,0,0,3,March,Autumn,Monday,04:00 - 05:59,Late night / early morning,False,False,False,False
1354392,Non-casualty (towaway),Non-casualty (towaway),2024,2024,May,Tuesday,04:00 - 05:59,PACIFIC,HWY,750,North,GHINNI GHINNI CREEK,BDGE,JONES ISLAND,10.0,No,Not a school zone,Divided road,-31.874739,152.565303,Mid-Coast,Country non-urban,Rest of NSW - Rural,Straight,,,,Unknown / not stated,Sealed,Dry,Fine,Dawn,Nil,No traffic controls,110 km/h,State,34,Lane change right,306,Same - Lane change right,,Other angle,B-double (road train prior 98),B-double (road train prior 98),2,0,0,0,0,5,May,Autumn,Tuesday,04:00 - 05:59,Late night / early morning,False,False,False,False
1354394,Non-casualty (towaway),Non-casualty (towaway),2024,2024,February,Friday,10:00 - 11:59,ROCKY POINT,ST,0,Right on the spot,SANDRINGHAM,ST,SANS SOUCI,199.0,No,Not a school zone,T-junction,-33.990609,151.133156,Bayside,Sydney metro. area,Syd-Newc-Woll Gtr conurbation,Straight,,,,Off,Sealed,Dry,Fine,Daylight,On,No right turn,70 km/h,State,37,Left turn sideswipe,309,Same - Left turn side swipe,,Other angle,Semi-trailer,Car (sedan/hatch),2,0,0,0,0,2,February,Summer,Friday,10:00 - 11:59,Midday / afternoon,False,False,False,False
1354402,Non-casualty (towaway),Non-casualty (towaway),2024,2024,June,Friday,18:00 - 19:59,WESTERN,EXP,100,East,MULGOA ROAD,OP,REGENTVILLE,6004.0,No,Not a school zone,Dual freeway,-33.773621,150.671134,Penrith,Sydney metro. area,Syd-Newc-Woll Gtr conurbation,Straight,,,,Unknown / not stated,Sealed,Dry,Fine,Unknown,Nil,No traffic controls,110 km/h,State,30,Rear end,301,Same - Rear end,,Rear end,4 wheel drive / SUV,Car (sedan/hatch),3,0,0,0,0,6,June,Winter,Friday,18:00 - 19:59,PM peak / evening commute,True,False,False,False
1354404,Non-casualty (towaway),Non-casualty (towaway),2024,2024,June,Sunday,16:00 - 17:59,MID WESTERN,HWY,1160,North,PINE MOUNT,RD,COWRA,6.0,No,Not a school zone,2-way undivided,-33.798383,148.761038,Cowra,Country non-urban,Rest of NSW - Rural,Curved,,,,Unknown / not stated,Sealed,Dry,Fine,Daylight,Nil,No traffic controls,100 km/h,State,87,Off lft/lft bnd=>obj,804,Off left bend into obj,Left,Vehicle - Object,Light truck utility(from 2018),,1,0,0,0,0,6,June,Winter,Sunday,16:00 - 17:59,PM peak / evening commute,True,False,False,False
1354405,Non-casualty (towaway),Non-casualty (towaway),2024,2024,May,Friday,22:00 - Midnight,BRITANNIA,ST,0,Right on the spot,CAMP,ST,GRABBEN GULLEN,52.0,No,Not a school zone,T-junction,-34.540682,149.393323,Upper Lachlan,Country urban,Rest of NSW - Urban,Curved,,,,Unknown / not stated,Sealed,Wet,Fog or mist,Darkness,Nil,Give way sign,50 km/h,Regional,85,Off rt/lft bnd=>obj,804,Off left bend into obj,Right,Vehicle - Object,Light truck utility(from 2018),,1,0,0,0,0,5,May,Autumn,Friday,22:00 - Midnight,Evening / night,False,False,False,False
1354407,Non-casualty (towaway),Non-casualty (towaway),2024,2024,June,Friday,08:00 - 09:59,WALLGROVE,RD,0,Right on the spot,M7 WESTLINK,EXP,EASTERN CREEK,515.0,No,Not a school zone,T-junction,-33.812398,150.850853,Blacktown,Sydney metro. area,Syd-Newc-Woll Gtr conurbation,Straight,Other bridge,,,Unknown / not stated,Sealed,Dry,Overcast,Daylight,On,No traffic controls,70 km/h,State,30,Rear end,301,Same - Rear end,,Rear end,B-double (road train prior 98),4 wheel drive / SUV,3,0,0,0,0,6,June,Winter,Friday,08:00 - 09:59,AM peak / school commute,True,False,False,False
1354408,Non-casualty (towaway),Non-casualty (towaway),2024,2024,June,Thursday,20:00 - 21:59,BEXLEY,RD,10,North,WILLIAM,ST,EARLWOOD,169.0,No,Not a school zone,X-intersection,-33.927642,151.108893,Canterbury-Bankstown,Sydney metro. area,Syd-Newc-Woll Gtr conurbation,Straight,,,,On,Sealed,Wet,Raining,Darkness,On,No traffic controls,60 km/h,State,30,Rear end,301,Same - Rear end,,Rear end,4 wheel drive / SUV,Car (sedan/hatch),2,0,0,0,0,6,June,Winter,Thursday,20:00 - 21:59,Evening / night,False,False,False,False
1354422,Non-casualty (towaway),Non-casualty (towaway),2024,2024,January,Wednesday,18:00 - 19:59,MACQUARIE,ST,0,Right on the spot,CAREY,ST,LIVERPOOL,512.0,No,Not a school zone,T-junction,-33.927836,150.91908,Liverpool,Sydney metro. area,Syd-Newc-Woll Gtr conurbation,Straight,,,,Nil,Sealed,Dry,Fine,Daylight,Nil,Left turn only,60 km/h,State,16,Left near,107,Adj - Left-thru from right,,Right angle,Car (sedan/hatch),Semi-trailer,2,0,0,0,0,1,January,Summer,Wednesday,18:00 - 19:59,PM peak / evening commute,True,False,False,False
1354426,Non-casualty (towaway),Non-casualty (towaway),2024,2024,April,Tuesday,10:00 - 11:59,MILINA,RD,0,Right on the spot,NUMBER 9,HN,HOLGATE,,No,Not a school zone,2-way undivided,-33.421097,151.397126,Central Coast,Country urban,Syd-Newc-Woll Gtr conurbation,Curved,,,,Unknown / not stated,Sealed,Wet,Raining,Daylight,Nil,No traffic controls,50 km/h,Local,81,Off left/rt bnd=>obj,803,Off right bend into obj,Left,Vehicle - Object,Passenger van,,1,0,0,0,0,4,April,Autumn,Tuesday,10:00 - 11:59,Midday / afternoon,False,False,False,False
1354427,Non-casualty (towaway),Non-casualty (towaway),2024,2024,June,Saturday,14:00 - 15:59,DALLEY,ST,0,Right on the spot,NIELSON,ST,EAST LISMORE,,No,Not a school zone,Roundabout,-28.821717,153.293781,Lismore,Country urban,Rest of NSW - Urban,Straight,,,,Unknown / not stated,Sealed,Dry,Fine,Daylight,Nil,Give way sign,50 km/h,Local,19,Other adjacent,100,Adj - other,,Right angle,Unknown motor vehicle,Car (sedan/hatch),2,0,0,0,0,6,June,Winter,Saturday,14:00 - 15:59,Midday / afternoon,False,False,False,False
1354435,Non-casualty (towaway),Non-casualty (towaway),2024,2024,April,Saturday,10:00 - 11:59,LAWSON,ST,0,Right on the spot,NUMBER 131,HN,REDFERN,,No,Not a school zone,2-way undivided,-33.891395,151.197784,Sydney,Sydney metro. area,Syd-Newc-Woll Gtr conurbation,Straight,,,,Off,Sealed,Wet,Raining,Daylight,Nil,No traffic controls,40 km/h,Local,73,Off rd rght => obj,704,Right off cway into obj,,Other angle,Light truck,4 wheel drive / SUV,2,0,0,0,0,4,April,Autumn,Saturday,10:00 - 11:59,Midday / afternoon,False,False,False,False