crash_id,degree_of_crash,degree_of_crash_-_detailed,reporting_year,year_of_crash,month_of_crash,day_of_week_of_crash,two-hour_intervals,street_of_crash,street_type,distance,direction,identifying_feature,identifying_feature_type,town,route_no.,school_zone_location,school_zone_active,type_of_location,latitude,longitude,lga,urbanisation,conurbation_1,alignment,primary_permanent_feature,primary_temporary_feature,primary_hazardous_feature,street_lighting,road_surface,surface_condition,weather,natural_lighting,signals_operation,other_traffic_control,speed_limit,road_classification_(admin),rum_-_code,rum_-_description,dca_-_code,dca_-_description,dca_supplement,first_impact_type,key_tu_type,other_tu_type,no._of_traffic_units_involved,no._killed,no._seriously_injured,no._moderately_injured,no._minor-other_injured,month_num,month_label,season,day_label,time_label,time_band,is_peak_commute,is_fatal,is_injury,is_casualty
1354441,Non-casualty (towaway),Non-casualty (towaway),2024,2024,June,Monday,16:00 - 17:59,HUME,HWY,5000,North,MEREWORTH ROAD,OP,MEDWAY,2.0,No,Not a school zone,Dual freeway,-34.477007,150.319051,Wingecarribee,Country non-urban,Rest of NSW - Rural,Curved,,,,Unknown / not stated,Sealed,Dry,Fine,Darkness,Nil,No traffic controls,110 km/h,State,30,Rear end,301,Same - Rear end,,Rear end,Light truck utility(from 2018),Light truck utility(from 2018),3,0,0,0,0,6,June,Winter,Monday,16:00 - 17:59,PM peak / evening commute,True,False,False,False
1354443,Non-casualty (towaway),Non-casualty (towaway),2024,2024,June,Monday,12:00 - 13:59,BONAR,ST,80,East,THOMPSON,ST,WOLLI CREEK,,No,Not a school zone,2-way undivided,-33.930209,151.1495,Bayside,Sydney metro. area,Syd-Newc-Woll Gtr conurbation,Straight,,,,Unknown / not stated,Sealed,Dry,Fine,Daylight,Nil,No traffic controls,50 km/h,Local,71,Off rd left => obj,703,Left off cway into object,,Other angle,Car (sedan/hatch),4 wheel drive / SUV,2,0,0,0,0,6,June,Winter,Monday,12:00 - 13:59,Midday / afternoon,False,False,False,False
1354463,Non-casualty (towaway),Non-casualty (towaway),2024,2024,June,Monday,20:00 - 21:59,HUME,HWY,300,West,FARRELL,RD,BASS HILL,2.0,No,Not a school zone,2-way undivided,-33.893557,150.986851,Canterbury-Bankstown,Sydney metro. area,Syd-Newc-Woll Gtr conurbation,Curved,,,,Unknown / not stated,Sealed,Dry,Fine,Darkness,Nil,No traffic controls,70 km/h,State,20,Head on,201,Opp - Head on,,Head-on,Car (sedan/hatch),4 wheel drive / SUV,2,0,0,0,0,6,June,Winter,Monday,20:00 - 21:59,Evening / night,False,False,False,False
1354475,Non-casualty (towaway),Non-casualty (towaway),2024,2024,May,Friday,18:00 - 19:59,RAWSON,RD,0,Right on the spot,CAMPBELL HILL,RD,GUILDFORD,2096.0,No,Not a school zone,X-intersection,-33.86239,151.001582,Cumberland,Sydney metro. area,Syd-Newc-Woll Gtr conurbation,Straight,,,,Unknown / not stated,Sealed,Dry,Fine,Darkness,On,No traffic controls,60 km/h,Regional,21,Right through,202,Opp - Right-thru,,Other angle,Car (sedan/hatch),Car (sedan/hatch),2,0,0,0,0,5,May,Autumn,Friday,18:00 - 19:59,PM peak / evening commute,True,False,False,False
1354478,Non-casualty (towaway),Non-casualty (towaway),2024,2024,June,Thursday,06:00 - 07:59,DORA,ST,50,North,SHORT,ST,MORISSET,217.0,No,Not a school zone,Divided road,-33.107781,151.489492,Lake Macquarie,Newcastle met. area,Syd-Newc-Woll Gtr conurbation,Straight,Steep grade,,,Off,Sealed,Dry,Fine,Dawn,Nil,No traffic controls,50 km/h,State,30,Rear end,301,Same - Rear end,,Rear end,Light truck,Station wagon,2,0,0,0,0,6,June,Winter,Thursday,06:00 - 07:59,AM peak / school commute,True,False,False,False
1354490,Non-casualty (towaway),Non-casualty (towaway),2024,2024,June,Friday,16:00 - 17:59,ST JAMES,RD,0,Right on the spot,FAIRFIELD,AVE,NEW LAMBTON,188.0,Yes,No,T-junction,-32.931844,151.718657,Newcastle,Newcastle met. area,Syd-Newc-Woll Gtr conurbation,Straight,,,,Unknown / not stated,Sealed,Wet,Raining,Dusk,Nil,No traffic controls,60 km/h,Regional,13,Right near,104,Adj - Right-thru from right,,Right angle,4 wheel drive / SUV,4 wheel drive / SUV,2,0,0,0,0,6,June,Winter,Friday,16:00 - 17:59,PM peak / evening commute,True,False,False,False
1354491,Non-casualty (towaway),Non-casualty (towaway),2024,2024,April,Monday,06:00 - 07:59,KISSING POINT,RD,0,Right on the spot,ELDER,RD,DUNDAS,574.0,Yes,No,X-intersection,-33.802899,151.038547,Parramatta,Sydney metro. area,Syd-Newc-Woll Gtr conurbation,Curved,,,,Off,Sealed,Dry,Fine,Daylight,Nil,Give way sign,60 km/h,State,11,Right far,102,Adj - Right-thru from left,,Right angle,4 wheel drive / SUV,Station wagon,2,0,0,0,0,4,April,Autumn,Monday,06:00 - 07:59,AM peak / school commute,True,False,False,False
1354500,Non-casualty (towaway),Non-casualty (towaway),2024,2024,June,Sunday,18:00 - 19:59,SACKVILLE,ST,0,Right on the spot,CARDWELL,ST,CANLEY VALE,7221.0,No,Not a school zone,X-intersection,-33.881272,150.940196,Fairfield,Sydney metro. area,Syd-Newc-Woll Gtr conurbation,Straight,,,,Unknown / not stated,Sealed,Dry,Fine,Darkness,Nil,Give way sign,60 km/h,Regional,21,Right through,202,Opp - Right-thru,,Other angle,Light truck utility(from 2018),Car (sedan/hatch),2,0,0,0,0,6,June,Winter,Sunday,18:00 - 19:59,PM peak / evening commute,True,False,False,False
1354504,Non-casualty (towaway),Non-casualty (towaway),2024,2024,June,Sunday,22:00 - Midnight,BELLS LINE OF,RD,520,West,COACH HOUSE,RD,KURRAJONG HEIGHTS,184.0,No,Not a school zone,2-way undivided,-33.518898,150.621824,Hawkesbury,Country urban,Syd-Newc-Woll Gtr conurbation,Curved,Steep grade,,Loose gravel shoulder,Nil,Sealed,Dry,Fine,Darkness,Nil,No traffic controls,60 km/h,State,81,Off left/rt bnd=>obj,803,Off right bend into obj,Left,Vehicle - Object,Car (sedan/hatch),,1,0,0,0,0,6,June,Winter,Sunday,22:00 - Midnight,Evening / night,False,False,False,False
1354511,Non-casualty (towaway),Non-casualty (towaway),2024,2024,May,Saturday,04:00 - 05:59,DARLING,ST,10,East,HACKNEY,ST,GREYSTANES,,No,Not a school zone,T-junction,-33.816562,150.947091,Cumberland,Sydney metro. area,Syd-Newc-Woll Gtr conurbation,Straight,,,,On,Sealed,Wet,Fine,Dawn,Nil,No traffic controls,50 km/h,Local,73,Off rd rght => obj,704,Right off cway into obj,,Vehicle - Object,Car (sedan/hatch),,1,0,0,0,0,5,May,Autumn,Saturday,04:00 - 05:59,Late night / early morning,False,False,False,False
1354517,Non-casualty (towaway),Non-casualty (towaway),2024,2024,June,Wednesday,14:00 - 15:59,BONG BONG,ST,0,Right on the spot,SHOALHAVEN,ST,KIAMA,,No,Not a school zone,X-intersection,-34.672109,150.853189,Kiama,Country urban,Rest of NSW - Urban,Straight,Steep grade,,,Unknown / not stated,Sealed,Dry,Fine,Daylight,Nil,Stop sign,50 km/h,Local,16,Left near,107,Adj - Left-thru from right,,Right angle,4 wheel drive / SUV,4 wheel drive / SUV,2,0,0,0,0,6,June,Winter,Wednesday,14:00 - 15:59,Midday / afternoon,False,False,False,False
1354552,Non-casualty (towaway),Non-casualty (towaway),2024,2024,June,Friday,18:00 - 19:59,WOODVILLE,RD,55,South,HALSALL,ST,GRANVILLE,640.0,No,Not a school zone,Divided road,-33.830994,151.003654,Cumberland,Sydney metro. area,Syd-Newc-Woll Gtr conurbation,Straight,,,,On,Sealed,Wet,Fine,Darkness,Nil,No traffic controls,70 km/h,State,30,Rear end,301,Same - Rear end,,Rear end,Car (sedan/hatch),4 wheel drive / SUV,2,0,0,0,0,6,June,Winter,Friday,18:00 - 19:59,PM peak / evening commute,True,False,False,False
1354559,Non-casualty (towaway),Non-casualty (towaway),2024,2024,June,Thursday,02:00 - 03:59,CREEDON,ST,0,Right on the spot,BURKE,ST,BROKEN HILL,7507.0,No,Not a school zone,X-intersection,-31.973067,141.438852,Broken Hill,Country urban,Rest of NSW - Urban,Straight,,,,Unknown / not stated,Sealed,Dry,Fine,Darkness,Nil,Give way sign,50 km/h,Regional,80,Off left/right bend,707,Right turn,Left,Rollover,4 wheel drive / SUV,,1,0,0,0,0,6,June,Winter,Thursday,02:00 - 03:59,Late night / early morning,False,False,False,False
1354562,Non-casualty (towaway),Non-casualty (towaway),2024,2024,June,Tuesday,12:00 - 13:59,NEWCASTLE,EXP,2000,North,PALMERS ROAD,OP,FREEMANS WATERHOLE,6003.0,No,Not a school zone,Dual freeway,-32.973326,151.532281,Lake Macquarie,Newcastle met. area,Syd-Newc-Woll Gtr conurbation,Straight,,,,Unknown / not stated,Sealed,Dry,Fine,Daylight,Nil,No traffic controls,110 km/h,State,30,Rear end,301,Same - Rear end,,Rear end,4 wheel drive / SUV,Car (sedan/hatch),2,0,0,0,0,6,June,Winter,Tuesday,12:00 - 13:59,Midday / afternoon,False,False,False,False
1354564,Non-casualty (towaway),Non-casualty (towaway),2024,2024,June,Sunday,18:00 - 19:59,EDWIN LAND,PKWY,750,East,STRINGYBARK,DR,KARABAR,,No,Not a school zone,Divided road,-35.382247,149.219235,Queanbeyan-Palerang Regional,Country urban,Rest of NSW - Urban,Straight,,,,Unknown / not stated,Sealed,Dry,Fine,Dusk,Nil,No traffic controls,70 km/h,Local,67,Struck animal,609,On path - Hit animal,,Vehicle - Animal,Light truck utility(from 2018),,1,0,0,0,0,6,June,Winter,Sunday,18:00 - 19:59,PM peak / evening commute,True,False,False,False
1354566,Non-casualty (towaway),Non-casualty (towaway),2024,2024,June,Wednesday,20:00 - 21:59,IBERIA,ST,0,Right on the spot,NUMBER 97,HN,PADSTOW,,No,Not a school zone,2-way undivided,-33.949199,151.032539,Canterbury-Bankstown,Sydney metro. area,Syd-Newc-Woll Gtr conurbation,Straight,,,,Unknown / not stated,Sealed,Dry,Fine,Darkness,Nil,No traffic controls,50 km/h,Local,71,Off rd left => obj,703,Left off cway into object,,Other angle,4 wheel drive / SUV,4 wheel drive / SUV,2,0,0,0,0,6,June,Winter,Wednesday,20:00 - 21:59,Evening / night,False,False,False,False
1354568,Non-casualty (towaway),Non-casualty (towaway),2024,2024,June,Friday,16:00 - 17:59,GREAT WESTERN,HWY,1000,West,MOLYBDONITE,RD,YETHOLME,5.0,No,Not a school zone,2-way undivided,-33.451489,149.8059,Bathurst Regional,Country non-urban,Rest of NSW - Rural,Straight,,,,Unknown / not stated,Sealed,Dry,Overcast,Daylight,Nil,Stop sign,100 km/h,State,30,Rear end,301,Same - Rear end,,Rear end,Semi-trailer,4 wheel drive / SUV,2,0,0,0,0,6,June,Winter,Friday,16:00 - 17:59,PM peak / evening commute,True,False,False,False
1354573,Non-casualty (towaway),Non-casualty (towaway),2024,2024,June,Monday,06:00 - 07:59,PACIFIC,HWY,20,South,MANNING RIVER DRIVE,OP,GLENTHORNE,10.0,No,Not a school zone,Divided road,-31.941799,152.474753,Mid-Coast,Country non-urban,Rest of NSW - Rural,Curved,,,,Unknown / not stated,Sealed,Dry,Fine,Daylight,Nil,No traffic controls,110 km/h,State,33,Lane sideswipe,305,Same - Lane side swipe,,Other angle,Light truck utility(from 2018),Car (sedan/hatch),2,0,0,0,0,6,June,Winter,Monday,06:00 - 07:59,AM peak / school commute,True,False,False,False
1354575,Non-casualty (towaway),Non-casualty (towaway),2024,2024,June,Wednesday,20:00 - 21:59,PACIFIC,HWY,1000,South,VINEY CREEK,RD,TEA GARDENS,10.0,No,Not a school zone,Divided road,-32.602459,152.110027,Mid-Coast,Country non-urban,Rest of NSW - Rural,Straight,,,,Unknown / not stated,Sealed,Dry,Fine,Darkness,Nil,No traffic controls,110 km/h,State,72,Off road to right,702,Off carriageway to right,,Rollover,Light truck,,1,0,0,0,0,6,June,Winter,Wednesday,20:00 - 21:59,Evening / night,False,False,False,False
1354577,Non-casualty (towaway),Non-casualty (towaway),2024,2024,June,Wednesday,18:00 - 19:59,BOURKE,RD,0,Right on the spot,TRAFALGAR,AVE,UMINA BEACH,,No,Not a school zone,Roundabout,-33.510781,151.322808,Central Coast,Country urban,Syd-Newc-Woll Gtr conurbation,Straight,,,,Unknown / not stated,Sealed,Dry,Fine,Darkness,Nil,Give way sign,60 km/h,Local,10,Cross traffic,101,Adj - Cross traffic,,Right angle,Station wagon,4 wheel drive / SUV,2,0,0,0,0,6,June,Winter,Wednesday,18:00 - 19:59,PM peak / evening commute,True,False,False,False
1354579,Non-casualty (towaway),Non-casualty (towaway),2024,2024,June,Wednesday,08:00 - 09:59,ANDERSON,DR,0,Right on the spot,GLENWOOD,DR,BERESFIELD,,No,Not a school zone,Roundabout,-32.797133,151.640956,Newcastle,Newcastle met. area,Syd-Newc-Woll Gtr conurbation,Curved,,,,Unknown / not stated,Sealed,Dry,Fine,Daylight,Nil,Give way sign,60 km/h,Local,19,Other adjacent,100,Adj - other,,Right angle,Light truck utility(from 2018),Light truck utility(from 2018),2,0,0,0,0,6,June,Winter,Wednesday,08:00 - 09:59,AM peak / school commute,True,False,False,False
1354581,Non-casualty (towaway),Non-casualty (towaway),2024,2024,June,Friday,20:00 - 21:59,MID WESTERN,HWY,100,East,HAHN,RD,CARCOAR,6.0,No,Not a school zone,2-way undivided,-33.591847,149.1789,Blayney,Country non-urban,Rest of NSW - Rural,Curved,,,,Unknown / not stated,Sealed,Snow or ice,Raining,Darkness,Nil,No traffic controls,100 km/h,State,88,Out of cont on bend,805,Out of control on bend,,Rollover,Large rigid,,1,0,0,0,0,6,June,Winter,Friday,20:00 - 21:59,Evening / night,False,False,False,False
1354582,Non-casualty (towaway),Non-casualty (towaway),2024,2024,June,Tuesday,06:00 - 07:59,THE NORTHERN,RD,0,Right on the spot,CHAIN O PONDS,RD,ORCHARD HILLS,154.0,No,Not a school zone,T-junction,-33.821144,150.685708,Penrith,Sydney metro. area,Syd-Newc-Woll Gtr conurbation,Straight,,,,Unknown / not stated,Sealed,Dry,Fine,Darkness,On,No traffic controls,80 km/h,State,30,Rear end,301,Same - Rear end,,Rear end,4 wheel drive / SUV,4 wheel drive / SUV,3,0,0,0,0,6,June,Winter,Tuesday,06:00 - 07:59,AM peak / school commute,True,False,False,False
1354583,Non-casualty (towaway),Non-casualty (towaway),2024,2024,June,Monday,06:00 - 07:59,THE HORSLEY,DR,0,Right on the spot,POLDING,ST,FAIRFIELD,609.0,No,Not a school zone,X-intersection,-33.863953,150.954285,Fairfield,Sydney metro. area,Syd-Newc-Woll Gtr conurbation,Straight,,,,Unknown / not stated,Sealed,Dry,Fine,Dawn,On,No traffic controls,60 km/h,State,13,Right near,104,Adj - Right-thru from right,,Right angle,Car (sedan/hatch),Car (sedan/hatch),2,0,0,0,0,6,June,Winter,Monday,06:00 - 07:59,AM peak / school commute,True,False,False,False
1354585,Non-casualty (towaway),Non-casualty (towaway),2024,2024,June,Thursday,10:00 - 11:59,SOUTH WESTERN,EXP,1800,East,HEATHCOTE ROAD,OP,HAMMONDVILLE,6005.0,No,Not a school zone,Dual freeway,-33.947034,150.960658,Liverpool,Sydney metro. area,Syd-Newc-Woll Gtr conurbation,Straight,,,,Unknown / not stated,Sealed,Dry,Fine,Daylight,Nil,No traffic controls,100 km/h,State,39,Other same direction,300,Same - other,,Other angle,Car (sedan/hatch),4 wheel drive / SUV,2,0,0,0,0,6,June,Winter,Thursday,10:00 - 11:59,Midday / afternoon,False,False,False,False
1354586,Non-casualty (towaway),Non-casualty (towaway),2024,2024,June,Friday,14:00 - 15:59,BRUXNER,HWY,15,East,BRUXNER,CRES,GOONELLABAH,16.0,No,Not a school zone,2-way undivided,-28.814773,153.315168,Lismore,Country urban,Rest of NSW - Urban,Straight,,,,Unknown / not stated,Sealed,Dry,Overcast,Daylight,Nil,No traffic controls,60 km/h,State,30,Rear end,301,Same - Rear end,,Rear end,Car (sedan/hatch),Light truck utility(from 2018),4,0,0,0,0,6,June,Winter,Friday,14:00 - 15:59,Midday / afternoon,False,False,False,False
1354587,Non-casualty (towaway),Non-casualty (towaway),2024,2024,June,Tuesday,14:00 - 15:59,HAYES,RD,0,Right on the spot,PRIMROSE,AVE,ROSEBERY,,No,Not a school zone,X-intersection,-33.918409,151.205045,Sydney,Sydney metro. area,Syd-Newc-Woll Gtr conurbation,Straight,,,,Unknown / not stated,Sealed,Dry,Fine,Daylight,Nil,Stop sign,40 km/h,Local,10,Cross traffic,101,Adj - Cross traffic,,Right angle,Car (sedan/hatch),4 wheel drive / SUV,2,0,0,0,0,6,June,Winter,Tuesday,14:00 - 15:59,Midday / afternoon,False,False,False,False
1354590,Non-casualty (towaway),Non-casualty (towaway),2024,2024,June,Monday,18:00 - 19:59,WESTERN,EXP,1000,West,GREAT WESTERN HIGHWAY,OP,HOLROYD,6004.0,No,Not a school zone,Dual freeway,-33.827014,150.99418,Parramatta,Sydney metro. area,Syd-Newc-Woll Gtr conurbation,Straight,Other bridge,,,Unknown / not stated,Sealed,Dry,Fine,Darkness,Nil,No traffic controls,90 km/h,State,30,Rear end,301,Same - Rear end,,Rear end,4 wheel drive / SUV,Car (sedan/hatch),3,0,0,0,0,6,June,Winter,Monday,18:00 - 19:59,PM peak / evening commute,True,False,False,False
1354591,Non-casualty (towaway),Non-casualty (towaway),2024,2024,June,Thursday,06:00 - 07:59,NUWARRA,RD,0,Right on the spot,MADDECKS,AVE,MOOREBANK,7269.0,No,Not a school zone,X-intersection,-33.933804,150.953609,Liverpool,Sydney metro. area,Syd-Newc-Woll Gtr conurbation,Straight,,,,Unknown / not stated,Sealed,Dry,Fine,Unknown,On,No traffic controls,60 km/h,Regional,21,Right through,202,Opp - Right-thru,,Other angle,Passenger van,Light truck utility(from 2018),2,0,0,0,0,6,June,Winter,Thursday,06:00 - 07:59,AM peak / school commute,True,False,False,False
1354594,Non-casualty (towaway),Non-casualty (towaway),2024,2024,June,Saturday,20:00 - 21:59,BRENNAN DAM,RD,0,Right on the spot,COMMERCIAL,RD,VINEYARD,,No,Not a school zone,T-junction,-33.631293,150.848422,Hawkesbury,Country urban,Syd-Newc-Woll Gtr conurbation,Curved,,,,Unknown / not stated,Unsealed,Wet,Raining,Darkness,Nil,No traffic controls,50 km/h,Local,81,Off left/rt bnd=>obj,707,Right turn,Left,Vehicle - Object,Light truck,,1,0,0,0,0,6,June,Winter,Saturday,20:00 - 21:59,Evening / night,False,False,False,False
1354595,Non-casualty (towaway),Non-casualty (towaway),2024,2024,June,Tuesday,06:00 - 07:59,HOMEBUSH BAY,DR,300,South,CONCORD,RD,RHODES,200.0,No,Not a school zone,Divided road,-33.836647,151.085365,Canada Bay,Sydney metro. area,Syd-Newc-Woll Gtr conurbation,Straight,,,,Unknown / not stated,Sealed,Dry,Fine,Dawn,Nil,No traffic controls,70 km/h,State,35,Lane change left,307,Same - Lane change left,,Other angle,Car (sedan/hatch),Car (sedan/hatch),2,0,0,0,0,6,June,Winter,Tuesday,06:00 - 07:59,AM peak / school commute,True,False,False,False
1354596,Non-casualty (towaway),Non-casualty (towaway),2024,2024,June,Tuesday,18:00 - 19:59,MILPERRA,RD,0,Right on the spot,EDGAR,ST,REVESBY,167.0,No,Not a school zone,X-intersection,-33.936084,151.011331,Canterbury-Bankstown,Sydney metro. area,Syd-Newc-Woll Gtr conurbation,Straight,,,,Unknown / not stated,Sealed,Dry,Fine,Dusk,On,No traffic controls,70 km/h,State,30,Rear end,301,Same - Rear end,,Rear end,Semi-trailer,Light truck,2,0,0,0,0,6,June,Winter,Tuesday,18:00 - 19:59,PM peak / evening commute,True,False,False,False
1354600,Non-casualty (towaway),Non-casualty (towaway),2024,2024,June,Saturday,16:00 - 17:59,JAMISON,RD,0,Right on the spot,YORK,RD,SOUTH PENRITH,7290.0,No,Not a school zone,Roundabout,-33.76146,150.68938,Penrith,Sydney metro. area,Syd-Newc-Woll Gtr conurbation,Straight,,,,Unknown / not stated,Sealed,Dry,Fine,Dusk,Nil,Give way sign,60 km/h,Regional,10,Cross traffic,101,Adj - Cross traffic,,Right angle,Car (sedan/hatch),Car (sedan/hatch),2,0,0,0,0,6,June,Winter,Saturday,16:00 - 17:59,PM peak / evening commute,True,False,False,False
1354602,Non-casualty (towaway),Non-casualty (towaway),2024,2024,June,Monday,08:00 - 09:59,COMPTON,DR,0,Right on the spot,HILL,ST,EAST BALLINA,,No,Not a school zone,T-junction,-28.865921,153.580074,Ballina,Country urban,Rest of NSW - Urban,Curved,,,,Unknown / not stated,Sealed,Dry,Fine,Daylight,Nil,Stop sign,50 km/h,Local,31,Left rear,302,Same - Rear left,,Rear end,Car (sedan/hatch),4 wheel drive / SUV,2,0,0,0,0,6,June,Winter,Monday,08:00 - 09:59,AM peak / school commute,True,False,False,False
1354605,Non-casualty (towaway),Non-casualty (towaway),2024,2024,June,Saturday,16:00 - 17:59,ILLAWARRA,HWY,7500,East,MOUNT MURRAY,RD,MACQUARIE PASS,25.0,No,Not a school zone,2-way undivided,-34.572244,150.676682,Shellharbour,Wollongong met. area,Syd-Newc-Woll Gtr conurbation,Curved,Steep grade,,,Unknown / not stated,Sealed,Wet,Raining,Daylight,Nil,No traffic controls,60 km/h,State,20,Head on,201,Opp - Head on,,Head-on,Light truck utility(from 2018),Light truck,2,0,0,0,0,6,June,Winter,Saturday,16:00 - 17:59,PM peak / evening commute,True,False,False,False
1354606,Non-casualty (towaway),Non-casualty (towaway),2024,2024,June,Friday,14:00 - 15:59,MANNOW,AVE,0,Right on the spot,NUMBER 41,HN,WEST HOXTON,,No,Not a school zone,2-way undivided,-33.928677,150.843779,Liverpool,Sydney metro. area,Syd-Newc-Woll Gtr conurbation,Straight,Driveway/entrance,,,Unknown / not stated,Sealed,Dry,Fine,Daylight,Nil,No traffic controls,50 km/h,Local,83,Off rt/rt bnd=>obj,707,Right turn,Right,Vehicle - Object,4 wheel drive / SUV,,1,0,0,0,0,6,June,Winter,Friday,14:00 - 15:59,Midday / afternoon,False,False,False,False
1354607,Non-casualty (towaway),Non-casualty (towaway),2024,2024,February,Monday,10:00 - 11:59,KING GEORGES,RD,60,South,SOUTH WESTERN,EXP,BEVERLY HILLS,200.0,No,Not a school zone,Divided road,-33.943775,151.077218,Canterbury-Bankstown,Sydney metro. area,Syd-Newc-Woll Gtr conurbation,Straight,,,,Unknown / not stated,Sealed,Dry,Fine,Daylight,Nil,No traffic controls,60 km/h,State,20,Head on,201,Opp - Head on,,Head-on,4 wheel drive / SUV,4 wheel drive / SUV,2,0,0,0,0,2,February,Summer,Monday,10:00 - 11:59,Midday / afternoon,False,False,False,False
1354610,Non-casualty (towaway),Non-casualty (towaway),2024,2024,May,Saturday,10:00 - 11:59,MONARO,HWY,0,Right on the spot,YAREEN,RD,COOMA,19.0,No,Not a school zone,X-intersection,-36.227084,149.135384,Snowy Monaro Regional,Country urban,Rest of NSW - Urban,Curved,Steep grade,,,Unknown / not stated,Sealed,Wet,Fog or mist,Daylight,Nil,Give way sign,50 km/h,State,10,Cross traffic,101,Adj - Cross traffic,,Right angle,4 wheel drive / SUV,Car (sedan/hatch),2,0,0,0,0,5,May,Autumn,Saturday,10:00 - 11:59,Midday / afternoon,False,False,False,False
1354611,Non-casualty (towaway),Non-casualty (towaway),2024,2024,June,Saturday,14:00 - 15:59,NUWARRA,RD,0,Right on the spot,NUMBER 135,HN,MOOREBANK,7269.0,No,Not a school zone,2-way undivided,-33.93614,150.953069,Liverpool,Sydney metro. area,Syd-Newc-Woll Gtr conurbation,Straight,Driveway/entrance,,,Unknown / not stated,Sealed,Dry,Fine,Daylight,Nil,No traffic controls,60 km/h,Regional,85,Off rt/lft bnd=>obj,804,Off left bend into obj,Right,Vehicle - Object,4 wheel drive / SUV,,1,0,0,0,0,6,June,Winter,Saturday,14:00 - 15:59,Midday / afternoon,False,False,False,False
1354615,Non-casualty (towaway),Non-casualty (towaway),2024,2024,June,Monday,22:00 - Midnight,HUME,HWY,200,North,CHURCH AVENUE,TO,ALPINE,2.0,No,Not a school zone,Dual freeway,-34.401189,150.50948,Wingecarribee,Country non-urban,Rest of NSW - Rural,Straight,,,,Unknown / not stated,Sealed,Dry,Unknown,Darkness,Nil,No traffic controls,110 km/h,State,73,Off rd rght => obj,704,Right off cway into obj,,Vehicle - Object,Light truck utility(from 2018),,1,0,0,0,0,6,June,Winter,Monday,22:00 - Midnight,Evening / night,False,False,False,False
1354616,Non-casualty (towaway),Non-casualty (towaway),2024,2024,June,Tuesday,12:00 - 13:59,GROSE,ST,0,Right on the spot,NUMBER 57,HN,NORTH PARRAMATTA,,No,Not a school zone,2-way undivided,-33.807163,151.009241,Parramatta,Sydney metro. area,Syd-Newc-Woll Gtr conurbation,Straight,,,,Unknown / not stated,Sealed,Dry,Fine,Daylight,Nil,No traffic controls,50 km/h,Local,42,Leaving parking,401,Manov - Leaving parking,,Other angle,Car (sedan/hatch),Car (sedan/hatch),3,0,0,0,0,6,June,Winter,Tuesday,12:00 - 13:59,Midday / afternoon,False,False,False,False
1354617,Non-casualty (towaway),Non-casualty (towaway),2024,2024,June,Saturday,18:00 - 19:59,HASTINGS,RD,10,West,NEW LINE,RD,GLENHAVEN,656.0,No,Not a school zone,T-junction,-33.71039,151.024618,Hornsby,Sydney metro. area,Syd-Newc-Woll Gtr conurbation,Straight,Steep grade,,,Unknown / not stated,Sealed,Dry,Fine,Darkness,On,No traffic controls,60 km/h,State,30,Rear end,301,Same - Rear end,,Rear end,4 wheel drive / SUV,Station wagon,3,0,0,0,0,6,June,Winter,Saturday,18:00 - 19:59,PM peak / evening commute,True,False,False,False
1354619,Non-casualty (towaway),Non-casualty (towaway),2024,2024,June,Monday,16:00 - 17:59,GEORGE,ST,0,Right on the spot,MARKET,ST,SYDNEY,,No,Not a school zone,X-intersection,-33.870805,151.206954,Sydney,Sydney metro. area,Syd-Newc-Woll Gtr conurbation,Straight,,,,Unknown / not stated,Sealed,Dry,Fine,Dusk,On,No traffic controls,40 km/h,Local,0,Ped nearside,1,Ped - Near side,,Vehicle - Pedestrian,Car (sedan/hatch),Pedestrian,2,0,0,0,0,6,June,Winter,Monday,16:00 - 17:59,PM peak / evening commute,True,False,False,False
1354621,Non-casualty (towaway),Non-casualty (towaway),2024,2024,February,Thursday,16:00 - 17:59,PACIFIC,HWY,990,North,CROKI,RD,JONES ISLAND,10.0,No,Not a school zone,Divided road,-31.864987,152.598061,Mid-Coast,Country non-urban,Rest of NSW - Rural,Curved,,,,Unknown / not stated,Sealed,Dry,Fine,Daylight,Nil,No traffic controls,100 km/h,State,83,Off rt/rt bnd=>obj,803,Off right bend into obj,Right,Vehicle - Object,4 wheel drive / SUV,,1,0,0,0,0,2,February,Summer,Thursday,16:00 - 17:59,PM peak / evening commute,True,False,False,False
1354625,Non-casualty (towaway),Non-casualty (towaway),2024,2024,June,Wednesday,14:00 - 15:59,PROSPECT,HWY,0,Right on the spot,RESERVOIR,RD,PROSPECT,,No,Not a school zone,Roundabout,-33.809597,150.918278,Blacktown,Sydney metro. area,Syd-Newc-Woll Gtr conurbation,Straight,,,,Unknown / not stated,Sealed,Dry,Fine,Daylight,Nil,Give way sign,60 km/h,Local,10,Cross traffic,101,Adj - Cross traffic,,Right angle,Car (sedan/hatch),Car (sedan/hatch),2,0,0,0,0,6,June,Winter,Wednesday,14:00 - 15:59,Midday / afternoon,False,False,False,False