crash_id,degree_of_crash,degree_of_crash_-_detailed,reporting_year,year_of_crash,month_of_crash,day_of_week_of_crash,two-hour_intervals,street_of_crash,street_type,distance,direction,identifying_feature,identifying_feature_type,town,route_no.,school_zone_location,school_zone_active,type_of_location,latitude,longitude,lga,urbanisation,conurbation_1,alignment,primary_permanent_feature,primary_temporary_feature,primary_hazardous_feature,street_lighting,road_surface,surface_condition,weather,natural_lighting,signals_operation,other_traffic_control,speed_limit,road_classification_(admin),rum_-_code,rum_-_description,dca_-_code,dca_-_description,dca_supplement,first_impact_type,key_tu_type,other_tu_type,no._of_traffic_units_involved,no._killed,no._seriously_injured,no._moderately_injured,no._minor-other_injured,month_num,month_label,season,day_label,time_label,time_band,is_peak_commute,is_fatal,is_injury,is_casualty
1354628,Non-casualty (towaway),Non-casualty (towaway),2024,2024,June,Thursday,08:00 - 09:59,PRINCES,HWY,2000,North,ROSE VALLEY ROAD,OP,KIAMA HEIGHTS,1.0,No,Not a school zone,Divided road,-34.708412,150.839566,Kiama,Country urban,Rest of NSW - Urban,Curved,,,,Unknown / not stated,Sealed,Dry,Fine,Daylight,Nil,No traffic controls,80 km/h,State,85,Off rt/lft bnd=>obj,804,Off left bend into obj,Right,Vehicle - Object,Station wagon,,1,0,0,0,0,6,June,Winter,Thursday,08:00 - 09:59,AM peak / school commute,True,False,False,False
1354632,Non-casualty (towaway),Non-casualty (towaway),2024,2024,June,Sunday,18:00 - 19:59,RICHARDSON,RD,0,Right on the spot,MEDOWIE,RD,CAMPVALE,104.0,No,Not a school zone,Roundabout,-32.772092,151.859774,Port Stephens,Country urban,Rest of NSW - Urban,Curved,,,,Unknown / not stated,Sealed,Dry,Fine,Darkness,Nil,Give way sign,80 km/h,State,10,Cross traffic,101,Adj - Cross traffic,,Right angle,Light truck utility(from 2018),Light truck utility(from 2018),2,0,0,0,0,6,June,Winter,Sunday,18:00 - 19:59,PM peak / evening commute,True,False,False,False
1354634,Non-casualty (towaway),Non-casualty (towaway),2024,2024,June,Tuesday,12:00 - 13:59,UNDERWOOD,RD,0,Right on the spot,HOMEBUSH BAY,DR,HOMEBUSH,7324.0,No,Not a school zone,Roundabout,-33.854101,151.077495,Strathfield,Sydney metro. area,Syd-Newc-Woll Gtr conurbation,Straight,,,,Unknown / not stated,Sealed,Dry,Fine,Daylight,Unknown / not stated,Give way sign,60 km/h,Regional,13,Right near,104,Adj - Right-thru from right,,Right angle,4 wheel drive / SUV,Car (sedan/hatch),2,0,0,0,0,6,June,Winter,Tuesday,12:00 - 13:59,Midday / afternoon,False,False,False,False
1354638,Non-casualty (towaway),Non-casualty (towaway),2024,2024,June,Tuesday,18:00 - 19:59,HUME,HWY,0,Right on the spot,MEREDITH,ST,BANKSTOWN,2.0,Yes,No,X-intersection,-33.907309,151.033343,Canterbury-Bankstown,Sydney metro. area,Syd-Newc-Woll Gtr conurbation,Straight,,,,Unknown / not stated,Sealed,Dry,Fine,Darkness,On,No traffic controls,60 km/h,State,21,Right through,202,Opp - Right-thru,,Other angle,4 wheel drive / SUV,Car (sedan/hatch),2,0,0,0,0,6,June,Winter,Tuesday,18:00 - 19:59,PM peak / evening commute,True,False,False,False
1354646,Non-casualty (towaway),Non-casualty (towaway),2024,2024,June,Thursday,08:00 - 09:59,PRINCES,HWY,0,Right on the spot,HEGERTY,ST,ROCKDALE,1.0,No,Not a school zone,T-junction,-33.954958,151.137592,Bayside,Sydney metro. area,Syd-Newc-Woll Gtr conurbation,Straight,,,,Unknown / not stated,Sealed,Dry,Fine,Daylight,Nil,No traffic controls,60 km/h,State,16,Left near,107,Adj - Left-thru from right,,Right angle,Light truck,Car (sedan/hatch),2,0,0,0,0,6,June,Winter,Thursday,08:00 - 09:59,AM peak / school commute,True,False,False,False
1354653,Non-casualty (towaway),Non-casualty (towaway),2024,2024,June,Thursday,16:00 - 17:59,CUMBERLAND,HWY,1000,North,VICTORIA,ST,SMITHFIELD,13.0,No,Not a school zone,Divided road,-33.846367,150.950996,Cumberland,Sydney metro. area,Syd-Newc-Woll Gtr conurbation,Straight,,,,Unknown / not stated,Sealed,Dry,Fine,Daylight,Nil,No traffic controls,70 km/h,State,30,Rear end,301,Same - Rear end,,Rear end,Car (sedan/hatch),Light truck utility(from 2018),2,0,0,0,0,6,June,Winter,Thursday,16:00 - 17:59,PM peak / evening commute,True,False,False,False
1354655,Non-casualty (towaway),Non-casualty (towaway),2024,2024,June,Friday,18:00 - 19:59,OLD SOUTH HEAD,RD,0,Right on the spot,NUMBER 512,HO,ROSE BAY,339.0,No,Not a school zone,2-way undivided,-33.873861,151.273299,Woollahra,Sydney metro. area,Syd-Newc-Woll Gtr conurbation,Straight,,,,Unknown / not stated,Sealed,Wet,Raining,Darkness,Nil,No traffic controls,50 km/h,State,42,Leaving parking,401,Manov - Leaving parking,,Other angle,Car (sedan/hatch),Car (sedan/hatch),2,0,0,0,0,6,June,Winter,Friday,18:00 - 19:59,PM peak / evening commute,True,False,False,False
1354658,Non-casualty (towaway),Non-casualty (towaway),2024,2024,June,Friday,10:00 - 11:59,MITCHELL,HWY,0,Right on the spot,WARNE,ST,WELLINGTON,7.0,No,Not a school zone,Roundabout,-32.551175,148.94105,Dubbo Regional,Country urban,Rest of NSW - Urban,Straight,,,,Unknown / not stated,Sealed,Dry,Overcast,Daylight,Nil,Give way sign,50 km/h,State,10,Cross traffic,101,Adj - Cross traffic,,Right angle,Large rigid,Car (sedan/hatch),2,0,0,0,0,6,June,Winter,Friday,10:00 - 11:59,Midday / afternoon,False,False,False,False
1354660,Non-casualty (towaway),Non-casualty (towaway),2024,2024,June,Saturday,16:00 - 17:59,NORTHCLIFFE,DR,0,Right on the spot,VENN,ST,BERKELEY,613.0,Yes,No,T-junction,-34.482892,150.851804,Wollongong,Wollongong met. area,Syd-Newc-Woll Gtr conurbation,Straight,,,,Unknown / not stated,Sealed,Wet,Overcast,Dusk,Nil,Stop sign,70 km/h,Regional,80,Off left/right bend,707,Right turn,Left,Rollover,4 wheel drive / SUV,,1,0,0,0,0,6,June,Winter,Saturday,16:00 - 17:59,PM peak / evening commute,True,False,False,False
1354663,Non-casualty (towaway),Non-casualty (towaway),2024,2024,June,Thursday,18:00 - 19:59,BELUBULA,WAY,65,West,CRANKY ROCK,RD,CANOWINDRA,7511.0,No,Not a school zone,2-way undivided,-33.580355,148.744499,Cowra,Country non-urban,Rest of NSW - Rural,Straight,Other bridge,,,Unknown / not stated,Sealed,Dry,Fine,Darkness,Nil,No traffic controls,100 km/h,Regional,73,Off rd rght => obj,704,Right off cway into obj,,Vehicle - Object,Car (sedan/hatch),,1,0,0,0,0,6,June,Winter,Thursday,18:00 - 19:59,PM peak / evening commute,True,False,False,False
1354668,Non-casualty (towaway),Non-casualty (towaway),2024,2024,June,Friday,20:00 - 21:59,POLDING,ST,10,East,MIMOSA,RD,BOSSLEY PARK,7229.0,No,Not a school zone,T-junction,-33.855871,150.891942,Fairfield,Sydney metro. area,Syd-Newc-Woll Gtr conurbation,Straight,,,,Unknown / not stated,Sealed,Wet,Raining,Darkness,On,No traffic controls,60 km/h,Regional,30,Rear end,301,Same - Rear end,,Rear end,4 wheel drive / SUV,Light truck utility(from 2018),3,0,0,0,0,6,June,Winter,Friday,20:00 - 21:59,Evening / night,False,False,False,False
1354669,Non-casualty (towaway),Non-casualty (towaway),2024,2024,June,Saturday,12:00 - 13:59,MITCHELL,HWY,0,Right on the spot,GIPPS,ST,DUBBO,7.0,No,Not a school zone,X-intersection,-32.254442,148.60997,Dubbo Regional,Country urban,Rest of NSW - Urban,Straight,,,,Unknown / not stated,Sealed,Dry,Fine,Daylight,Nil,Give way sign,60 km/h,State,10,Cross traffic,101,Adj - Cross traffic,,Right angle,Station wagon,Car (sedan/hatch),2,0,0,0,0,6,June,Winter,Saturday,12:00 - 13:59,Midday / afternoon,False,False,False,False
1354670,Non-casualty (towaway),Non-casualty (towaway),2024,2024,June,Saturday,12:00 - 13:59,BEAUMONT,ST,0,Right on the spot,PHILLIP,ST,WATERLOO,,No,Not a school zone,T-junction,-33.896203,151.207194,Sydney,Sydney metro. area,Syd-Newc-Woll Gtr conurbation,Straight,,,,Unknown / not stated,Sealed,Wet,Raining,Daylight,Nil,No traffic controls,40 km/h,Local,53,Overtake turning,506,Ovtak - Overtaking right turn,,Other angle,4 wheel drive / SUV,Light truck,2,0,0,0,0,6,June,Winter,Saturday,12:00 - 13:59,Midday / afternoon,False,False,False,False
1354671,Non-casualty (towaway),Non-casualty (towaway),2024,2024,June,Friday,16:00 - 17:59,DEFRIES,AVE,0,Right on the spot,NUMBER 1,HN,ZETLAND,,No,Not a school zone,Divided road,-33.906043,151.212502,Sydney,Sydney metro. area,Syd-Newc-Woll Gtr conurbation,Straight,,,,Unknown / not stated,Sealed,Wet,Raining,Daylight,Nil,No traffic controls,40 km/h,Local,42,Leaving parking,401,Manov - Leaving parking,,Other angle,4 wheel drive / SUV,Light truck utility(from 2018),4,0,0,0,0,6,June,Winter,Friday,16:00 - 17:59,PM peak / evening commute,True,False,False,False
1354676,Non-casualty (towaway),Non-casualty (towaway),2024,2024,May,Wednesday,12:00 - 13:59,WATKINS,ST,0,Right on the spot,NUMBER 24,HN,LONG JETTY,,No,Not a school zone,2-way undivided,-33.35935,151.489628,Central Coast,Country urban,Syd-Newc-Woll Gtr conurbation,Straight,Foot/cycle path/nature strip,,,Unknown / not stated,Sealed,Wet,Raining,Daylight,Nil,No traffic controls,50 km/h,Local,71,Off rd left => obj,703,Left off cway into object,,Vehicle - Object,Car (sedan/hatch),,1,0,0,0,0,5,May,Autumn,Wednesday,12:00 - 13:59,Midday / afternoon,False,False,False,False
1354678,Non-casualty (towaway),Non-casualty (towaway),2024,2024,June,Saturday,08:00 - 09:59,BEROWRA WATERS,RD,0,Right on the spot,NUMBER 53,HN,BEROWRA,332.0,Yes,No,2-way undivided,-33.620342,151.147847,Hornsby,Sydney metro. area,Syd-Newc-Woll Gtr conurbation,Straight,Painted double centre lines,,,Unknown / not stated,Sealed,Wet,Raining,Daylight,Nil,No traffic controls,50 km/h,Regional,73,Off rd rght => obj,704,Right off cway into obj,,Vehicle - Object,Utility,,1,0,0,0,0,6,June,Winter,Saturday,08:00 - 09:59,AM peak / school commute,True,False,False,False
1354679,Non-casualty (towaway),Non-casualty (towaway),2024,2024,June,Monday,12:00 - 13:59,RIVER,ST,0,Right on the spot,KERR,ST,BALLINA,695.0,No,Not a school zone,X-intersection,-28.868126,153.554706,Ballina,Country urban,Rest of NSW - Urban,Straight,,,,Unknown / not stated,Sealed,Dry,Fine,Daylight,On,No traffic controls,60 km/h,Regional,30,Rear end,301,Same - Rear end,,Rear end,Light truck utility(from 2018),4 wheel drive / SUV,2,0,0,0,0,6,June,Winter,Monday,12:00 - 13:59,Midday / afternoon,False,False,False,False
1354681,Non-casualty (towaway),Non-casualty (towaway),2024,2024,June,Saturday,12:00 - 13:59,WYNDHAM,ST,10,South,BOUNDARY,ST,ALEXANDRIA,170.0,No,Not a school zone,X-intersection,-33.895079,151.19822,Sydney,Sydney metro. area,Syd-Newc-Woll Gtr conurbation,Straight,Steep grade,,,Unknown / not stated,Sealed,Wet,Raining,Daylight,On,No traffic controls,50 km/h,State,30,Rear end,301,Same - Rear end,,Rear end,Motor scooter,Car (sedan/hatch),2,0,0,0,0,6,June,Winter,Saturday,12:00 - 13:59,Midday / afternoon,False,False,False,False
1354688,Non-casualty (towaway),Non-casualty (towaway),2024,2024,June,Sunday,12:00 - 13:59,CAMPBELL,ST,0,Right on the spot,HYDE PARK,RD,BERALA,,No,Not a school zone,T-junction,-33.873497,151.030141,Cumberland,Sydney metro. area,Syd-Newc-Woll Gtr conurbation,Straight,,,,Unknown / not stated,Sealed,Dry,Overcast,Daylight,Nil,Give way sign,50 km/h,Local,21,Right through,202,Opp - Right-thru,,Other angle,Car (sedan/hatch),Car (sedan/hatch),3,0,0,0,0,6,June,Winter,Sunday,12:00 - 13:59,Midday / afternoon,False,False,False,False
1354689,Non-casualty (towaway),Non-casualty (towaway),2024,2024,June,Saturday,16:00 - 17:59,CAMPBELL,AVE,0,Right on the spot,NUMBER 12,HN,CROMER,7365.0,No,Not a school zone,2-way undivided,-33.744629,151.28735,Northern Beaches,Sydney metro. area,Syd-Newc-Woll Gtr conurbation,Straight,Driveway/entrance,,,Unknown / not stated,Sealed,Wet,Overcast,Darkness,Nil,No traffic controls,50 km/h,Regional,73,Off rd rght => obj,704,Right off cway into obj,,Vehicle - Object,Car (sedan/hatch),,1,0,0,0,0,6,June,Winter,Saturday,16:00 - 17:59,PM peak / evening commute,True,False,False,False
1354690,Non-casualty (towaway),Non-casualty (towaway),2024,2024,June,Monday,18:00 - 19:59,PACIFIC,HWY,0,Right on the spot,SQUIRES HILL ROAD,OP,BOOLAMBAYTE,10.0,No,Not a school zone,Divided road,-32.38484,152.261471,Mid-Coast,Country non-urban,Rest of NSW - Rural,Straight,Other bridge,,,Unknown / not stated,Sealed,Wet,Raining,Daylight,Nil,No traffic controls,110 km/h,State,39,Other same direction,300,Same - other,,Other angle,Car (sedan/hatch),4 wheel drive / SUV,2,0,0,0,0,6,June,Winter,Monday,18:00 - 19:59,PM peak / evening commute,True,False,False,False
1354691,Non-casualty (towaway),Non-casualty (towaway),2024,2024,March,Monday,08:00 - 09:59,NORTHCLIFFE,DR,300,West,LAKE HEIGHTS,RD,LAKE HEIGHTS,613.0,Yes,Yes,2-way undivided,-34.49007,150.867616,Wollongong,Wollongong met. area,Syd-Newc-Woll Gtr conurbation,Straight,,,,Unknown / not stated,Sealed,Dry,Fine,Daylight,Nil,No traffic controls,40 km/h,Regional,71,Off rd left => obj,703,Left off cway into object,,Other angle,Car (sedan/hatch),Unknown motor vehicle,3,0,0,0,0,3,March,Autumn,Monday,08:00 - 09:59,AM peak / school commute,True,False,False,False
1354694,Non-casualty (towaway),Non-casualty (towaway),2024,2024,June,Wednesday,06:00 - 07:59,MT OUSLEY,RD,900,North,CATARACT,CK,CATARACT,513.0,No,Not a school zone,Divided road,-34.345261,150.875285,Wollongong,Wollongong met. area,Syd-Newc-Woll Gtr conurbation,Curved,Steep grade,,,Unknown / not stated,Sealed,Wet,Overcast,Daylight,Nil,No traffic controls,100 km/h,State,30,Rear end,301,Same - Rear end,,Rear end,Car (sedan/hatch),Car (sedan/hatch),4,0,0,0,0,6,June,Winter,Wednesday,06:00 - 07:59,AM peak / school commute,True,False,False,False
1354695,Non-casualty (towaway),Non-casualty (towaway),2024,2024,June,Tuesday,18:00 - 19:59,LANYON,DR,0,Right on the spot,TOMPSITT,DR,JERRABOMBERRA,52.0,No,Not a school zone,T-junction,-35.377351,149.189088,Queanbeyan-Palerang Regional,Country urban,Rest of NSW - Urban,Straight,,,,Unknown / not stated,Sealed,Wet,Raining,Darkness,On,No traffic controls,80 km/h,State,21,Right through,202,Opp - Right-thru,,Other angle,4 wheel drive / SUV,Car (sedan/hatch),2,0,0,0,0,6,June,Winter,Tuesday,18:00 - 19:59,PM peak / evening commute,True,False,False,False
1354696,Non-casualty (towaway),Non-casualty (towaway),2024,2024,January,Sunday,06:00 - 07:59,PACIFIC,HWY,4000,North,OLD COAST ROAD,TO,NAMBUCCA HEADS,10.0,No,Not a school zone,Divided road,-30.66397,152.955241,Nambucca Valley,Country non-urban,Rest of NSW - Rural,Straight,Steep grade,,,Unknown / not stated,Sealed,Dry,Fine,Daylight,Nil,No traffic controls,110 km/h,State,33,Lane sideswipe,305,Same - Lane side swipe,,Other angle,4 wheel drive / SUV,Semi-trailer,2,0,0,0,0,1,January,Summer,Sunday,06:00 - 07:59,AM peak / school commute,True,False,False,False
1354700,Non-casualty (towaway),Non-casualty (towaway),2024,2024,April,Tuesday,12:00 - 13:59,HOWICK,ST,40,North,BENTINCK,ST,BATHURST,,No,Not a school zone,2-way undivided,-33.418715,149.582917,Bathurst Regional,Country urban,Rest of NSW - Urban,Straight,,,,Unknown / not stated,Sealed,Wet,Fine,Daylight,Nil,No traffic controls,50 km/h,Local,42,Leaving parking,401,Manov - Leaving parking,,Other angle,Other bus,Station wagon,2,0,0,0,0,4,April,Autumn,Tuesday,12:00 - 13:59,Midday / afternoon,False,False,False,False
1354701,Non-casualty (towaway),Non-casualty (towaway),2024,2024,June,Thursday,02:00 - 03:59,BUCKETTS,WAY,1300,West,WALLANBAH,RD,GANGAT,90.0,No,Not a school zone,2-way undivided,-32.020814,152.058262,Mid-Coast,Country urban,Rest of NSW - Urban,Curved,Embankment/cutting,,,Unknown / not stated,Sealed,Wet,Fine,Darkness,Nil,No traffic controls,80 km/h,Regional,83,Off rt/rt bnd=>obj,803,Off right bend into obj,Right,Vehicle - Object,Light truck utility(from 2018),,1,0,0,0,0,6,June,Winter,Thursday,02:00 - 03:59,Late night / early morning,False,False,False,False
1354702,Non-casualty (towaway),Non-casualty (towaway),2024,2024,June,Friday,02:00 - 03:59,LACHLAN VALLEY,WAY,40000,South,COWRA,TN,GODFREYS CREEK,56.0,No,Not a school zone,2-way undivided,-34.177591,148.695794,Hilltops,Country non-urban,Rest of NSW - Rural,Straight,,,,Unknown / not stated,Sealed,Wet,Fine,Darkness,Nil,No traffic controls,100 km/h,State,67,Struck animal,609,On path - Hit animal,,Vehicle - Animal,Light truck utility(from 2018),,1,0,0,0,0,6,June,Winter,Friday,02:00 - 03:59,Late night / early morning,False,False,False,False
1354703,Non-casualty (towaway),Non-casualty (towaway),2024,2024,May,Tuesday,10:00 - 11:59,CHESTER HILL,RD,100,North,BUIST,ST,BASS HILL,,No,Not a school zone,2-way undivided,-33.896312,150.997112,Canterbury-Bankstown,Sydney metro. area,Syd-Newc-Woll Gtr conurbation,Straight,,,,Unknown / not stated,Sealed,Dry,Fine,Daylight,Nil,No traffic controls,60 km/h,Local,20,Head on,201,Opp - Head on,,Head-on,4 wheel drive / SUV,Large rigid,2,0,0,0,0,5,May,Autumn,Tuesday,10:00 - 11:59,Midday / afternoon,False,False,False,False
1354705,Non-casualty (towaway),Non-casualty (towaway),2024,2024,June,Tuesday,10:00 - 11:59,RANGERS,RD,0,Right on the spot,NUMBER 27,HN,CREMORNE,,No,Not a school zone,2-way undivided,-33.833247,151.225444,North Sydney,Sydney metro. area,Syd-Newc-Woll Gtr conurbation,Straight,,,,Unknown / not stated,Sealed,Dry,Fine,Daylight,Nil,No traffic controls,50 km/h,Local,49,Other manoeuvring,400,Manov - other,,Other angle,4 wheel drive / SUV,Car (sedan/hatch),2,0,0,0,0,6,June,Winter,Tuesday,10:00 - 11:59,Midday / afternoon,False,False,False,False
1354707,Non-casualty (towaway),Non-casualty (towaway),2024,2024,May,Friday,14:00 - 15:59,HUME,HWY,0,Right on the spot,SHERIDAN STREET,TO,GUNDAGAI,2.0,No,Not a school zone,Divided road,-35.057663,148.094978,Cootamundra-Gundagai,Country non-urban,Rest of NSW - Rural,Curved,,,,Unknown / not stated,Sealed,Dry,Fine,Daylight,Nil,No traffic controls,110 km/h,State,85,Off rt/lft bnd=>obj,804,Off left bend into obj,Right,Vehicle - Object,4 wheel drive / SUV,,1,0,0,0,0,5,May,Autumn,Friday,14:00 - 15:59,Midday / afternoon,False,False,False,False
1354710,Non-casualty (towaway),Non-casualty (towaway),2024,2024,June,Tuesday,16:00 - 17:59,CARR,ST,0,Right on the spot,DUCKS,LANE,GOULBURN,,No,Not a school zone,Roundabout,-34.771863,149.687416,Goulburn Mulwaree,Country urban,Rest of NSW - Urban,Straight,,,,Unknown / not stated,Sealed,Dry,Fine,Darkness,Nil,Give way sign,50 km/h,Local,11,Right far,102,Adj - Right-thru from left,,Right angle,4 wheel drive / SUV,Car (sedan/hatch),2,0,0,0,0,6,June,Winter,Tuesday,16:00 - 17:59,PM peak / evening commute,True,False,False,False
1354711,Non-casualty (towaway),Non-casualty (towaway),2024,2024,June,Friday,18:00 - 19:59,HUME,HWY,10000,North,PICTON ROAD,OP,DOUGLAS PARK,2.0,No,Not a school zone,Dual freeway,-34.161935,150.737444,Wollondilly,Country non-urban,Syd-Newc-Woll Gtr conurbation,Curved,,,,Unknown / not stated,Sealed,Wet,Raining,Darkness,Nil,No traffic controls,110 km/h,State,30,Rear end,301,Same - Rear end,,Rear end,Car (sedan/hatch),4 wheel drive / SUV,3,0,0,0,0,6,June,Winter,Friday,18:00 - 19:59,PM peak / evening commute,True,False,False,False
1354712,Non-casualty (towaway),Non-casualty (towaway),2024,2024,June,Wednesday,14:00 - 15:59,M2 HILLS,EXP,50,West,WINDSOR ROAD,TO,BAULKHAM HILLS,6002.0,No,Not a school zone,Other,-33.768185,150.998407,Parramatta,Sydney metro. area,Syd-Newc-Woll Gtr conurbation,Straight,,,,Unknown / not stated,Sealed,Wet,Raining,Daylight,Nil,No traffic controls,50 km/h,State,30,Rear end,301,Same - Rear end,,Rear end,Light truck utility(from 2018),4 wheel drive / SUV,3,0,0,0,0,6,June,Winter,Wednesday,14:00 - 15:59,Midday / afternoon,False,False,False,False
1354714,Non-casualty (towaway),Non-casualty (towaway),2024,2024,June,Saturday,16:00 - 17:59,CANTERBURY,RD,0,Right on the spot,PUNCHBOWL,RD,PUNCHBOWL,167.0,No,Not a school zone,T-junction,-33.932471,151.044852,Canterbury-Bankstown,Sydney metro. area,Syd-Newc-Woll Gtr conurbation,Straight,,,,Unknown / not stated,Sealed,Dry,Fine,Darkness,On,No traffic controls,60 km/h,State,21,Right through,202,Opp - Right-thru,,Other angle,Car (sedan/hatch),Car (sedan/hatch),2,0,0,0,0,6,June,Winter,Saturday,16:00 - 17:59,PM peak / evening commute,True,False,False,False
1354715,Non-casualty (towaway),Non-casualty (towaway),2024,2024,June,Thursday,08:00 - 09:59,ARMIDALE,RD,20000,South,BOUNDARY CREEK,RD,CLOUDS CREEK,74.0,No,Not a school zone,2-way undivided,-30.078764,152.637356,Clarence Valley,Country non-urban,Rest of NSW - Rural,Curved,,,,Unknown / not stated,Unsealed,Snow or ice,Fog or mist,Daylight,Nil,No traffic controls,100 km/h,Regional,85,Off rt/lft bnd=>obj,804,Off left bend into obj,Right,Vehicle - Object,4 wheel drive / SUV,,1,0,0,0,0,6,June,Winter,Thursday,08:00 - 09:59,AM peak / school commute,True,False,False,False
1354716,Non-casualty (towaway),Non-casualty (towaway),2024,2024,June,Wednesday,08:00 - 09:59,SAILORS BAY,RD,0,Right on the spot,NUMBER 167,HN,NORTHBRIDGE,,No,Not a school zone,2-way undivided,-33.810965,151.211507,Willoughby,Sydney metro. area,Syd-Newc-Woll Gtr conurbation,Straight,,,,Unknown / not stated,Sealed,Dry,Fine,Daylight,Nil,No traffic controls,50 km/h,Local,44,Parking vehicles,403,Manov - Parking-parked vehicle,,Other angle,Light truck utility(from 2018),Car (sedan/hatch),2,0,0,0,0,6,June,Winter,Wednesday,08:00 - 09:59,AM peak / school commute,True,False,False,False
1354720,Non-casualty (towaway),Non-casualty (towaway),2024,2024,June,Wednesday,04:00 - 05:59,LAKE,ST,0,Right on the spot,WEST,ST,FORSTER,,No,Not a school zone,Roundabout,-32.182383,152.513668,Mid-Coast,Country urban,Rest of NSW - Urban,Curved,,,,Unknown / not stated,Sealed,Dry,Fine,Dawn,Nil,Give way sign,50 km/h,Local,10,Cross traffic,101,Adj - Cross traffic,,Right angle,Car (sedan/hatch),Passenger van,2,0,0,0,0,6,June,Winter,Wednesday,04:00 - 05:59,Late night / early morning,False,False,False,False
1354722,Non-casualty (towaway),Non-casualty (towaway),2024,2024,June,Sunday,18:00 - 19:59,MARSH,ST,0,Right on the spot,SOUTH WESTERN,EXP,ARNCLIFFE,168.0,No,Not a school zone,T-junction,-33.937778,151.152909,Bayside,Sydney metro. area,Syd-Newc-Woll Gtr conurbation,Straight,,,,Unknown / not stated,Sealed,Dry,Fine,Darkness,On,No traffic controls,60 km/h,State,13,Right near,104,Adj - Right-thru from right,,Right angle,Car (sedan/hatch),4 wheel drive / SUV,2,0,0,0,0,6,June,Winter,Sunday,18:00 - 19:59,PM peak / evening commute,True,False,False,False
1354726,Non-casualty (towaway),Non-casualty (towaway),2024,2024,June,Monday,10:00 - 11:59,WYONG,RD,50,West,TONKISS,ST,TUGGERAH,335.0,No,Not a school zone,Divided road,-33.305945,151.408476,Central Coast,Country urban,Syd-Newc-Woll Gtr conurbation,Straight,,,,Unknown / not stated,Sealed,Dry,Fine,Daylight,Nil,No traffic controls,70 km/h,State,72,Off road to right,702,Off carriageway to right,,Rollover,4 wheel drive / SUV,,1,0,0,0,0,6,June,Winter,Monday,10:00 - 11:59,Midday / afternoon,False,False,False,False
1354730,Non-casualty (towaway),Non-casualty (towaway),2024,2024,June,Wednesday,20:00 - 21:59,NEWELL,HWY,1300,North,EUMUNGERIE,RD,EUMUNGERIE,17.0,No,Not a school zone,2-way undivided,-31.936755,148.620003,Dubbo Regional,Country non-urban,Rest of NSW - Rural,Curved,,,,Unknown / not stated,Sealed,Dry,Fine,Darkness,Nil,No traffic controls,110 km/h,State,67,Struck animal,609,On path - Hit animal,,Vehicle - Animal,Light truck utility(from 2018),,1,0,0,0,0,6,June,Winter,Wednesday,20:00 - 21:59,Evening / night,False,False,False,False
1354742,Non-casualty (towaway),Non-casualty (towaway),2024,2024,June,Friday,18:00 - 19:59,OLD DYRAABA,RD,1000,West,SEXTONVILLE,RD,WOODVIEW,,No,Not a school zone,2-way undivided,-28.850586,152.971521,Richmond Valley,Country non-urban,Rest of NSW - Rural,Straight,Crest,,,Nil,Unsealed,Wet,Overcast,Darkness,Nil,No traffic controls,100 km/h,Local,67,Struck animal,609,On path - Hit animal,,Vehicle - Animal,4 wheel drive / SUV,,1,0,0,0,0,6,June,Winter,Friday,18:00 - 19:59,PM peak / evening commute,True,False,False,False
1354744,Non-casualty (towaway),Non-casualty (towaway),2024,2024,May,Friday,00:01 - 01:59,POPLAR,AVE,0,Right on the spot,NUMBER 64,HN,ALBION PARK RAIL,,No,Not a school zone,2-way undivided,-34.55505,150.788328,Shellharbour,Wollongong met. area,Syd-Newc-Woll Gtr conurbation,Straight,,,,Off,Sealed,Dry,Fine,Darkness,Nil,No traffic controls,50 km/h,Local,73,Off rd rght => obj,704,Right off cway into obj,,Other angle,Car (sedan/hatch),Car (sedan/hatch),2,0,0,0,0,5,May,Autumn,Friday,00:01 - 01:59,Late night / early morning,False,False,False,False
1354750,Non-casualty (towaway),Non-casualty (towaway),2024,2024,June,Thursday,22:00 - Midnight,CABRAMATTA,RD,100,West,GRANT,AVE,CABRAMATTA,534.0,No,Not a school zone,Divided road,-33.899473,150.920557,Fairfield,Sydney metro. area,Syd-Newc-Woll Gtr conurbation,Curved,,,,On,Sealed,Dry,Fine,Darkness,Nil,No traffic controls,60 km/h,State,81,Off left/rt bnd=>obj,803,Off right bend into obj,Left,Vehicle - Object,Car (sedan/hatch),,1,0,0,0,0,6,June,Winter,Thursday,22:00 - Midnight,Evening / night,False,False,False,False
1354754,Non-casualty (towaway),Non-casualty (towaway),2024,2024,March,Saturday,02:00 - 03:59,KELLICK,ST,0,Right on the spot,MOREHEAD,ST,WATERLOO,,No,Not a school zone,T-junction,-33.899449,151.208042,Sydney,Sydney metro. area,Syd-Newc-Woll Gtr conurbation,Straight,Steep grade,,,On,Sealed,Dry,Fine,Darkness,Nil,Give way sign,40 km/h,Local,81,Off left/rt bnd=>obj,707,Right turn,Left,Other angle,Car (sedan/hatch),4 wheel drive / SUV,6,0,0,0,0,3,March,Autumn,Saturday,02:00 - 03:59,Late night / early morning,False,False,False,False