crash_id,degree_of_crash,degree_of_crash_-_detailed,reporting_year,year_of_crash,month_of_crash,day_of_week_of_crash,two-hour_intervals,street_of_crash,street_type,distance,direction,identifying_feature,identifying_feature_type,town,route_no.,school_zone_location,school_zone_active,type_of_location,latitude,longitude,lga,urbanisation,conurbation_1,alignment,primary_permanent_feature,primary_temporary_feature,primary_hazardous_feature,street_lighting,road_surface,surface_condition,weather,natural_lighting,signals_operation,other_traffic_control,speed_limit,road_classification_(admin),rum_-_code,rum_-_description,dca_-_code,dca_-_description,dca_supplement,first_impact_type,key_tu_type,other_tu_type,no._of_traffic_units_involved,no._killed,no._seriously_injured,no._moderately_injured,no._minor-other_injured,month_num,month_label,season,day_label,time_label,time_band,is_peak_commute,is_fatal,is_injury,is_casualty
1354762,Non-casualty (towaway),Non-casualty (towaway),2024,2024,April,Tuesday,12:00 - 13:59,BRAYNE,RD,0,Right on the spot,MERRIGAL,ST,GRIFFITH,,No,Not a school zone,T-junction,-34.280945,146.030894,Griffith,Country urban,Rest of NSW - Urban,Straight,,,,Nil,Sealed,Dry,Fine,Daylight,Nil,Give way sign,50 km/h,Local,20,Head on,201,Opp - Head on,,Head-on,Motorcycle,Car (sedan/hatch),2,0,0,0,0,4,April,Autumn,Tuesday,12:00 - 13:59,Midday / afternoon,False,False,False,False
1354769,Non-casualty (towaway),Non-casualty (towaway),2024,2024,May,Wednesday,14:00 - 15:59,M2 HILLS,EXP,40,North,DELHI ROAD,OP,MACQUARIE PARK,6002.0,No,Not a school zone,Dual freeway,-33.793534,151.135888,Ryde,Sydney metro. area,Syd-Newc-Woll Gtr conurbation,Curved,,,,Off,Sealed,Wet,Overcast,Daylight,Nil,No traffic controls,100 km/h,State,34,Lane change right,306,Same - Lane change right,,Other angle,Utility,Car (sedan/hatch),2,0,0,0,0,5,May,Autumn,Wednesday,14:00 - 15:59,Midday / afternoon,False,False,False,False
1354770,Non-casualty (towaway),Non-casualty (towaway),2024,2024,April,Friday,20:00 - 21:59,HUME,HWY,800,South,EAST STREET,OP,SOUTH ALBURY,2.0,No,Not a school zone,Divided road,-36.09645,146.918848,Albury,Country non-urban,Rest of NSW - Rural,Straight,,,,On,Sealed,Wet,Raining,Darkness,Nil,No traffic controls,110 km/h,State,73,Off rd rght => obj,704,Right off cway into obj,,Vehicle - Object,Utility,,1,0,0,0,0,4,April,Autumn,Friday,20:00 - 21:59,Evening / night,False,False,False,False
1354809,Non-casualty (towaway),Non-casualty (towaway),2024,2024,May,Friday,20:00 - 21:59,LAKE,RD,0,Right on the spot,MAIN,RD,GLENDALE,217.0,No,Not a school zone,X-intersection,-32.929014,151.642397,Lake Macquarie,Newcastle met. area,Syd-Newc-Woll Gtr conurbation,Straight,,,,On,Sealed,Wet,Raining,Darkness,On,No traffic controls,60 km/h,State,21,Right through,202,Opp - Right-thru,,Other angle,Car (sedan/hatch),Unknown motor vehicle,2,0,0,0,0,5,May,Autumn,Friday,20:00 - 21:59,Evening / night,False,False,False,False
1354816,Non-casualty (towaway),Non-casualty (towaway),2024,2024,May,Friday,06:00 - 07:59,SPRINGHILL,RD,0,Right on the spot,MASTERS,RD,SPRING HILL,581.0,No,Not a school zone,T-junction,-34.44606,150.87603,Wollongong,Wollongong met. area,Syd-Newc-Woll Gtr conurbation,Curved,,,,Off,Sealed,Dry,Fine,Daylight,On,No traffic controls,80 km/h,State,36,Right turn sideswipe,308,Same - Rgt turn side swipe,,Other angle,Unknown motor vehicle,4 wheel drive / SUV,2,0,0,0,0,5,May,Autumn,Friday,06:00 - 07:59,AM peak / school commute,True,False,False,False
1354827,Non-casualty (towaway),Non-casualty (towaway),2024,2024,June,Sunday,16:00 - 17:59,RICHMOND,RD,0,Right on the spot,ST MARYS,RD,BERKSHIRE PARK,537.0,No,Not a school zone,T-junction,-33.667694,150.803008,Penrith,Sydney metro. area,Syd-Newc-Woll Gtr conurbation,Straight,,,,Off,Sealed,Dry,Fine,Dusk,On,No traffic controls,80 km/h,State,71,Off rd left => obj,703,Left off cway into object,,Vehicle - Object,Car (sedan/hatch),,1,0,0,0,0,6,June,Winter,Sunday,16:00 - 17:59,PM peak / evening commute,True,False,False,False
1354837,Non-casualty (towaway),Non-casualty (towaway),2024,2024,January,Sunday,08:00 - 09:59,GREAT WESTERN,HWY,20,East,MOSELY,ST,STRATHFIELD,5.0,No,Not a school zone,Divided road,-33.867268,151.096425,Burwood,Sydney metro. area,Syd-Newc-Woll Gtr conurbation,Straight,,,,On,Sealed,Dry,Fine,Daylight,Nil,No traffic controls,60 km/h,State,72,Off road to right,702,Off carriageway to right,,Rollover,Car (sedan/hatch),,1,0,0,0,0,1,January,Summer,Sunday,08:00 - 09:59,AM peak / school commute,True,False,False,False
1354847,Non-casualty (towaway),Non-casualty (towaway),2024,2024,June,Saturday,00:01 - 01:59,HILLCREST,AVE,0,Right on the spot,HOLLOWAY,RD,SOUTH NOWRA,,No,Not a school zone,T-junction,-34.899726,150.611196,Shoalhaven,Country urban,Rest of NSW - Urban,Straight,,,,On,Sealed,Dry,Fine,Darkness,Nil,Give way sign,60 km/h,Local,75,Off end of road,709,Off end cway or T junct,,Vehicle - Object,Passenger van,,2,0,0,0,0,6,June,Winter,Saturday,00:01 - 01:59,Late night / early morning,False,False,False,False
1354852,Non-casualty (towaway),Non-casualty (towaway),2024,2024,May,Saturday,22:00 - Midnight,BAY,ST,0,Right on the spot,WENTWORTH PARK,RD,ULTIMO,,No,Not a school zone,T-junction,-33.879514,151.194529,Sydney,Sydney metro. area,Syd-Newc-Woll Gtr conurbation,Straight,,,,On,Sealed,Wet,Raining,Darkness,On,No traffic controls,50 km/h,Local,37,Left turn sideswipe,309,Same - Left turn side swipe,,Other angle,4 wheel drive / SUV,Car (sedan/hatch),2,0,0,0,0,5,May,Autumn,Saturday,22:00 - Midnight,Evening / night,False,False,False,False
1354884,Non-casualty (towaway),Non-casualty (towaway),2024,2024,April,Tuesday,10:00 - 11:59,CABRAMATTA,RD,0,Right on the spot,LOLOMA,ST,CABRAMATTA,534.0,No,Not a school zone,T-junction,-33.895682,150.946104,Fairfield,Sydney metro. area,Syd-Newc-Woll Gtr conurbation,Curved,,Police pursuit,,Off,Sealed,Dry,Fine,Daylight,Nil,Give way sign,60 km/h,State,16,Left near,107,Adj - Left-thru from right,,Right angle,4 wheel drive / SUV,Light truck,2,0,0,0,0,4,April,Autumn,Tuesday,10:00 - 11:59,Midday / afternoon,False,False,False,False
1354900,Non-casualty (towaway),Non-casualty (towaway),2024,2024,June,Sunday,22:00 - Midnight,PACIFIC,HWY,200,North,HARRINGTON,RD,COOPERNOOK,10.0,No,Not a school zone,Divided road,-31.831722,152.6173,Mid-Coast,Country non-urban,Rest of NSW - Rural,Straight,,,,Nil,Sealed,Dry,Fine,Darkness,Nil,No traffic controls,100 km/h,State,67,Struck animal,609,On path - Hit animal,,Vehicle - Animal,Station wagon,,1,0,0,0,0,6,June,Winter,Sunday,22:00 - Midnight,Evening / night,False,False,False,False
1354901,Non-casualty (towaway),Non-casualty (towaway),2024,2024,June,Thursday,22:00 - Midnight,BLUES POINT,RD,0,Right on the spot,NUMBER 142,HN,MCMAHONS POINT,,No,Not a school zone,2-way undivided,-33.844296,151.204362,North Sydney,Sydney metro. area,Syd-Newc-Woll Gtr conurbation,Straight,,,,On,Sealed,Dry,Fine,Darkness,Nil,No traffic controls,50 km/h,Local,73,Off rd rght => obj,704,Right off cway into obj,,Other angle,Car (sedan/hatch),Station wagon,2,0,0,0,0,6,June,Winter,Thursday,22:00 - Midnight,Evening / night,False,False,False,False
1354918,Non-casualty (towaway),Non-casualty (towaway),2024,2024,June,Monday,10:00 - 11:59,GLENDENNING,RD,0,Right on the spot,WOODSTOCK,AVE,GLENDENNING,7160.0,No,Not a school zone,Roundabout,-33.760936,150.85054,Blacktown,Sydney metro. area,Syd-Newc-Woll Gtr conurbation,Straight,,,,Off,Sealed,Dry,Fine,Daylight,Unknown / not stated,Give way sign,60 km/h,Regional,36,Right turn sideswipe,308,Same - Rgt turn side swipe,,Other angle,Semi-trailer,Passenger van,2,0,0,0,0,6,June,Winter,Monday,10:00 - 11:59,Midday / afternoon,False,False,False,False
1354919,Non-casualty (towaway),Non-casualty (towaway),2024,2024,June,Wednesday,18:00 - 19:59,PORT HACKING,RD,0,Right on the spot,NUMBER 561,HN,CARINGBAH SOUTH,,No,Not a school zone,2-way undivided,-34.057977,151.120891,Sutherland,Sydney metro. area,Syd-Newc-Woll Gtr conurbation,Straight,,,,Nil,Sealed,Dry,Fine,Darkness,Nil,No traffic controls,50 km/h,Local,71,Off rd left => obj,703,Left off cway into object,,Other angle,Car (sedan/hatch),4 wheel drive / SUV,3,0,0,0,0,6,June,Winter,Wednesday,18:00 - 19:59,PM peak / evening commute,True,False,False,False
1354951,Non-casualty (towaway),Non-casualty (towaway),2024,2024,March,Tuesday,06:00 - 07:59,ERIDGE PARK,RD,300,East,MOSS VALE,RD,BURRADOO,,No,Not a school zone,2-way undivided,-34.517524,150.406017,Wingecarribee,Country urban,Rest of NSW - Urban,Curved,,,,Nil,Sealed,Wet,Fog or mist,Darkness,Nil,No traffic controls,70 km/h,Local,87,Off lft/lft bnd=>obj,804,Off left bend into obj,Left,Vehicle - Object,4 wheel drive / SUV,,1,0,0,0,0,3,March,Autumn,Tuesday,06:00 - 07:59,AM peak / school commute,True,False,False,False
1354967,Non-casualty (towaway),Non-casualty (towaway),2024,2024,June,Friday,02:00 - 03:59,WELDON,ST,0,Right on the spot,NUMBER 4,HN,BURWOOD,,No,Not a school zone,2-way undivided,-33.88289,151.106432,Burwood,Sydney metro. area,Syd-Newc-Woll Gtr conurbation,Straight,,,,On,Sealed,Wet,Raining,Darkness,Nil,No traffic controls,50 km/h,Local,49,Other manoeuvring,400,Manov - other,,Other angle,Unknown type,Car (sedan/hatch),2,0,0,0,0,6,June,Winter,Friday,02:00 - 03:59,Late night / early morning,False,False,False,False
1354974,Non-casualty (towaway),Non-casualty (towaway),2024,2024,April,Thursday,14:00 - 15:59,O'CONNELL,RD,0,Right on the spot,NUMBER 1789,HN,O'CONNELL,253.0,No,Not a school zone,2-way undivided,-33.586824,149.759319,Oberon,Country non-urban,Rest of NSW - Rural,Curved,,,,Nil,Sealed,Dry,Fine,Daylight,Nil,No traffic controls,100 km/h,State,30,Rear end,301,Same - Rear end,,Rear end,Semi-trailer,4 wheel drive / SUV,2,0,0,0,0,4,April,Autumn,Thursday,14:00 - 15:59,Midday / afternoon,False,False,False,False
1354982,Non-casualty (towaway),Non-casualty (towaway),2024,2024,June,Monday,20:00 - 21:59,WOY WOY,RD,330,South,BANYO,CL,HORSFIELD BAY,7751.0,No,Not a school zone,2-way undivided,-33.49193,151.299794,Central Coast,Country urban,Syd-Newc-Woll Gtr conurbation,Curved,Embankment/cutting,,,On,Sealed,Dry,Fine,Darkness,Nil,No traffic controls,60 km/h,Regional,87,Off lft/lft bnd=>obj,804,Off left bend into obj,Left,Vehicle - Object,Car (sedan/hatch),,1,0,0,0,0,6,June,Winter,Monday,20:00 - 21:59,Evening / night,False,False,False,False
1354987,Non-casualty (towaway),Non-casualty (towaway),2024,2024,May,Friday,16:00 - 17:59,KOKODA,CCT,0,Right on the spot,NUMBER 59,HN,MOUNT ANNAN,,No,Not a school zone,2-way undivided,-34.047283,150.75615,Camden,Sydney metro. area,Syd-Newc-Woll Gtr conurbation,Curved,,,,Nil,Sealed,Dry,Fine,Daylight,Nil,No traffic controls,50 km/h,Local,87,Off lft/lft bnd=>obj,804,Off left bend into obj,Left,Other angle,Large rigid,Car (sedan/hatch),2,0,0,0,0,5,May,Autumn,Friday,16:00 - 17:59,PM peak / evening commute,True,False,False,False
1355017,Non-casualty (towaway),Non-casualty (towaway),2024,2024,May,Saturday,18:00 - 19:59,BIDGEEMIA,RD,20,East,MAHONGA,RD,URANA,,No,Not a school zone,2-way undivided,-35.371271,146.321982,Federation,Country non-urban,Rest of NSW - Rural,Straight,,,,Nil,Sealed,Dry,Fine,Darkness,Nil,No traffic controls,100 km/h,Local,20,Head on,201,Opp - Head on,,Head-on,Unknown motor vehicle,Car (sedan/hatch),2,0,0,0,0,5,May,Autumn,Saturday,18:00 - 19:59,PM peak / evening commute,True,False,False,False
1355037,Non-casualty (towaway),Non-casualty (towaway),2024,2024,January,Saturday,02:00 - 03:59,ANZAC,PDE,0,Right on the spot,RAINBOW,ST,KINGSFORD,171.0,No,Not a school zone,X-intersection,-33.924536,151.228171,Randwick,Sydney metro. area,Syd-Newc-Woll Gtr conurbation,Straight,,,,Off,Sealed,Dry,Fine,Darkness,On,Ped crossing,50 km/h,State,81,Off left/rt bnd=>obj,707,Right turn,Left,Vehicle - Object,Car (sedan/hatch),,1,0,0,0,0,1,January,Summer,Saturday,02:00 - 03:59,Late night / early morning,False,False,False,False
1355043,Non-casualty (towaway),Non-casualty (towaway),2024,2024,June,Monday,02:00 - 03:59,GALLIPOLI,AVE,0,Right on the spot,NUMBER 31,HN,BLACKWALL,,No,Not a school zone,2-way undivided,-33.507227,151.327051,Central Coast,Country urban,Syd-Newc-Woll Gtr conurbation,Straight,,,,Off,Sealed,Dry,Fine,Darkness,Nil,No traffic controls,50 km/h,Local,71,Off rd left => obj,703,Left off cway into object,,Vehicle - Object,4 wheel drive / SUV,,1,0,0,0,0,6,June,Winter,Monday,02:00 - 03:59,Late night / early morning,False,False,False,False
1355048,Non-casualty (towaway),Non-casualty (towaway),2024,2024,May,Wednesday,18:00 - 19:59,CAMDEN VALLEY,WAY,95,South,DENHAM COURT,RD,LEPPINGTON,620.0,No,Not a school zone,Divided road,-33.969836,150.814046,Camden,Sydney metro. area,Syd-Newc-Woll Gtr conurbation,Straight,,,,On,Sealed,Dry,Fine,Darkness,Nil,No traffic controls,80 km/h,State,35,Lane change left,307,Same - Lane change left,,Other angle,Unknown motor vehicle,Station wagon,2,0,0,0,0,5,May,Autumn,Wednesday,18:00 - 19:59,PM peak / evening commute,True,False,False,False
1355052,Non-casualty (towaway),Non-casualty (towaway),2024,2024,June,Saturday,02:00 - 03:59,PACIFIC,HWY,350,South,TWEED COAST ROAD,OP,CHINDERAH,10.0,No,Not a school zone,Divided road,-28.245714,153.548453,Tweed,Country non-urban,Rest of NSW - Rural,Curved,,,,Nil,Sealed,Dry,Fine,Darkness,Nil,No traffic controls,110 km/h,State,88,Out of cont on bend,805,Out of control on bend,,Rollover,Car (sedan/hatch),,1,0,0,0,0,6,June,Winter,Saturday,02:00 - 03:59,Late night / early morning,False,False,False,False
1355058,Non-casualty (towaway),Non-casualty (towaway),2024,2024,June,Wednesday,08:00 - 09:59,BRIGHTON,AVE,0,Right on the spot,NUMBER 122,HN,TORONTO,,No,Not a school zone,2-way undivided,-33.014808,151.595835,Lake Macquarie,Newcastle met. area,Syd-Newc-Woll Gtr conurbation,Straight,,,,Off,Sealed,Dry,Fine,Daylight,Nil,No traffic controls,50 km/h,Local,71,Off rd left => obj,703,Left off cway into object,,Other angle,Car (sedan/hatch),Car (sedan/hatch),3,0,0,0,0,6,June,Winter,Wednesday,08:00 - 09:59,AM peak / school commute,True,False,False,False
1355059,Non-casualty (towaway),Non-casualty (towaway),2024,2024,May,Tuesday,16:00 - 17:59,GRACE,AVE,0,Right on the spot,JOHN,ST,LIDCOMBE,,No,Not a school zone,T-junction,-33.849961,151.050007,Cumberland,Sydney metro. area,Syd-Newc-Woll Gtr conurbation,Straight,,,,On,Sealed,Dry,Fine,Dusk,Nil,Give way sign,60 km/h,Local,30,Rear end,301,Same - Rear end,,Rear end,Car (sedan/hatch),Car (sedan/hatch),2,0,0,0,0,5,May,Autumn,Tuesday,16:00 - 17:59,PM peak / evening commute,True,False,False,False
1355067,Non-casualty (towaway),Non-casualty (towaway),2024,2024,February,Tuesday,04:00 - 05:59,MORGAN,ST,20,South,MULLER,ST,DUBBO,,No,Not a school zone,2-way undivided,-32.237924,148.617874,Dubbo Regional,Country urban,Rest of NSW - Urban,Straight,,,,Nil,Sealed,Dry,Fine,Darkness,Nil,No traffic controls,50 km/h,Local,71,Off rd left => obj,703,Left off cway into object,,Other angle,4 wheel drive / SUV,Light truck utility(from 2018),3,0,0,0,0,2,February,Summer,Tuesday,04:00 - 05:59,Late night / early morning,False,False,False,False
1355075,Non-casualty (towaway),Non-casualty (towaway),2024,2024,June,Friday,02:00 - 03:59,GLENIFFER,RD,4900,West,PINE CREEK,WAY,BONVILLE,,No,Not a school zone,2-way undivided,-30.384527,152.988438,Coffs Harbour,Country urban,Rest of NSW - Urban,Curved,,,,Nil,Unsealed,Dry,Fine,Darkness,Nil,No traffic controls,80 km/h,Local,81,Off left/rt bnd=>obj,803,Off right bend into obj,Left,Vehicle - Object,Car (sedan/hatch),,1,0,0,0,0,6,June,Winter,Friday,02:00 - 03:59,Late night / early morning,False,False,False,False
1355078,Non-casualty (towaway),Non-casualty (towaway),2024,2024,June,Sunday,16:00 - 17:59,WESTERN,EXP,800,West,GREAT WESTERN HIGHWAY,TO,MERRYLANDS,6004.0,No,Not a school zone,Dual freeway,-33.826233,150.992528,Parramatta,Sydney metro. area,Syd-Newc-Woll Gtr conurbation,Straight,,,,Nil,Sealed,Dry,Fine,Dusk,Nil,No traffic controls,90 km/h,State,30,Rear end,301,Same - Rear end,,Rear end,Car (sedan/hatch),4 wheel drive / SUV,2,0,0,0,0,6,June,Winter,Sunday,16:00 - 17:59,PM peak / evening commute,True,False,False,False
1355095,Non-casualty (towaway),Non-casualty (towaway),2024,2024,June,Thursday,12:00 - 13:59,PACIFIC,HWY,100,South,LITTLE PELICAN,RD,LITTLE PELICAN,10.0,No,Not a school zone,Divided road,-33.083045,151.643815,Lake Macquarie,Newcastle met. area,Syd-Newc-Woll Gtr conurbation,Straight,,,,Nil,Sealed,Dry,Fine,Daylight,Nil,No traffic controls,70 km/h,State,70,Off road to left,701,Off carriageway to left,,Rollover,Light truck,,1,0,0,0,0,6,June,Winter,Thursday,12:00 - 13:59,Midday / afternoon,False,False,False,False
1355104,Non-casualty (towaway),Non-casualty (towaway),2024,2024,June,Sunday,00:01 - 01:59,MUIR,ST,110,West,MEDOWIE,RD,MEDOWIE,,No,Not a school zone,2-way undivided,-32.739042,151.86679,Port Stephens,Country urban,Rest of NSW - Urban,Straight,Driveway/entrance,,,On,Sealed,Dry,Fine,Darkness,Nil,No traffic controls,50 km/h,Local,49,Other manoeuvring,400,Manov - other,,Other angle,Light truck utility(from 2018),Semi-trailer,2,0,0,0,0,6,June,Winter,Sunday,00:01 - 01:59,Late night / early morning,False,False,False,False
1355106,Non-casualty (towaway),Non-casualty (towaway),2024,2024,June,Tuesday,20:00 - 21:59,MACQUARIE,ST,0,Right on the spot,BRIDGE,ST,SYDNEY,592.0,No,Not a school zone,T-junction,-33.863272,151.212887,Sydney,Sydney metro. area,Syd-Newc-Woll Gtr conurbation,Straight,Steep grade,,,On,Sealed,Dry,Fine,Darkness,On,No traffic controls,40 km/h,State,20,Head on,201,Opp - Head on,,Head-on,4 wheel drive / SUV,Car (sedan/hatch),2,0,0,0,0,6,June,Winter,Tuesday,20:00 - 21:59,Evening / night,False,False,False,False
1355116,Non-casualty (towaway),Non-casualty (towaway),2024,2024,January,Sunday,18:00 - 19:59,WILLIAM,ST,30,West,SOUTH,ST,TELARAH,,No,Not a school zone,2-way undivided,-32.727971,151.535093,Maitland,Country urban,Rest of NSW - Urban,Straight,,,,Unknown / not stated,Sealed,Dry,Fine,Daylight,Nil,No traffic controls,50 km/h,Local,71,Off rd left => obj,703,Left off cway into object,,Vehicle - Object,Station wagon,,1,0,0,0,0,1,January,Summer,Sunday,18:00 - 19:59,PM peak / evening commute,True,False,False,False
1355126,Non-casualty (towaway),Non-casualty (towaway),2024,2024,June,Monday,06:00 - 07:59,SNOWY MOUNTAINS,HWY,300,East,COLOMBO PARK,OT,BEMBOKA,4.0,No,Not a school zone,2-way undivided,-36.637568,149.577655,Bega Valley,Country non-urban,Rest of NSW - Rural,Curved,,,,Nil,Sealed,Wet,Overcast,Daylight,Nil,No traffic controls,100 km/h,State,67,Struck animal,609,On path - Hit animal,,Vehicle - Animal,Car (sedan/hatch),,1,0,0,0,0,6,June,Winter,Monday,06:00 - 07:59,AM peak / school commute,True,False,False,False
1355150,Non-casualty (towaway),Non-casualty (towaway),2024,2024,June,Friday,18:00 - 19:59,ROOTY HILL,RD,0,Right on the spot,JERSEY,RD,PLUMPTON,537.0,No,Not a school zone,X-intersection,-33.744531,150.842668,Blacktown,Sydney metro. area,Syd-Newc-Woll Gtr conurbation,Straight,,,,Unknown / not stated,Sealed,Dry,Fine,Darkness,On,No traffic controls,60 km/h,State,34,Lane change right,306,Same - Lane change right,,Other angle,Car (sedan/hatch),Car (sedan/hatch),2,0,0,0,0,6,June,Winter,Friday,18:00 - 19:59,PM peak / evening commute,True,False,False,False
1355153,Non-casualty (towaway),Non-casualty (towaway),2024,2024,June,Saturday,12:00 - 13:59,FOREST,WAY,10,North,MORGAN,RD,BELROSE,529.0,No,Not a school zone,X-intersection,-33.722103,151.217229,Northern Beaches,Sydney metro. area,Syd-Newc-Woll Gtr conurbation,Curved,,,,Unknown / not stated,Sealed,Wet,Raining,Daylight,On,No traffic controls,80 km/h,State,30,Rear end,301,Same - Rear end,,Rear end,Light truck utility(from 2018),4 wheel drive / SUV,3,0,0,0,0,6,June,Winter,Saturday,12:00 - 13:59,Midday / afternoon,False,False,False,False
1355155,Non-casualty (towaway),Non-casualty (towaway),2024,2024,June,Monday,20:00 - 21:59,GREAT WESTERN,HWY,0,Right on the spot,FLOOD,ST,LEICHHARDT,5.0,No,Not a school zone,X-intersection,-33.889851,151.149072,Inner West,Sydney metro. area,Syd-Newc-Woll Gtr conurbation,Straight,,,,Unknown / not stated,Sealed,Dry,Fine,Darkness,On,No traffic controls,60 km/h,State,10,Cross traffic,101,Adj - Cross traffic,,Right angle,4 wheel drive / SUV,4 wheel drive / SUV,2,0,0,0,0,6,June,Winter,Monday,20:00 - 21:59,Evening / night,False,False,False,False
1355156,Non-casualty (towaway),Non-casualty (towaway),2024,2024,June,Tuesday,10:00 - 11:59,KING GEORGES,RD,55,North,TOORONGA,TCE,BEVERLY HILLS,200.0,Yes,No,Divided road,-33.94849,151.080064,Georges River,Sydney metro. area,Syd-Newc-Woll Gtr conurbation,Straight,,,,Unknown / not stated,Sealed,Dry,Fine,Daylight,Nil,No traffic controls,60 km/h,State,42,Leaving parking,401,Manov - Leaving parking,,Other angle,Car (sedan/hatch),Unknown motor vehicle,3,0,0,0,0,6,June,Winter,Tuesday,10:00 - 11:59,Midday / afternoon,False,False,False,False
1355158,Non-casualty (towaway),Non-casualty (towaway),2024,2024,June,Friday,16:00 - 17:59,HILLSBOROUGH,RD,0,Right on the spot,CROCKETT,ST,WARNERS BAY,674.0,No,Not a school zone,T-junction,-32.960939,151.664258,Lake Macquarie,Newcastle met. area,Syd-Newc-Woll Gtr conurbation,Straight,Painted double centre lines,,,Unknown / not stated,Sealed,Wet,Raining,Daylight,Nil,Stop sign,60 km/h,State,12,Left far,103,Adj - Left-thru from left,,Right angle,Car (sedan/hatch),4 wheel drive / SUV,3,0,0,0,0,6,June,Winter,Friday,16:00 - 17:59,PM peak / evening commute,True,False,False,False
1355167,Non-casualty (towaway),Non-casualty (towaway),2024,2024,June,Tuesday,08:00 - 09:59,LAUDERDALE,AVE,20,West,NUMBER 1,HN,FAIRLIGHT,2025.0,No,Not a school zone,2-way undivided,-33.799392,151.27606,Northern Beaches,Sydney metro. area,Syd-Newc-Woll Gtr conurbation,Curved,,,,Unknown / not stated,Sealed,Dry,Fine,Daylight,Nil,No traffic controls,50 km/h,Regional,41,U turn into object,409,Manov - U-turn into fixed obje,,Vehicle - Object,4 wheel drive / SUV,,1,0,0,0,0,6,June,Winter,Tuesday,08:00 - 09:59,AM peak / school commute,True,False,False,False
1355173,Non-casualty (towaway),Non-casualty (towaway),2024,2024,June,Wednesday,06:00 - 07:59,PACIFIC,HWY,180,South,MARCIA,ST,COFFS HARBOUR,10.0,No,Not a school zone,Divided road,-30.291031,153.119674,Coffs Harbour,Country urban,Rest of NSW - Urban,Straight,Driveway/entrance,,,Unknown / not stated,Sealed,Dry,Fine,Dawn,Nil,No traffic controls,60 km/h,State,47,Emerging from drive,406,Manov - Emerging from driveway,,Right angle,Light truck,Car (sedan/hatch),2,0,0,0,0,6,June,Winter,Wednesday,06:00 - 07:59,AM peak / school commute,True,False,False,False
1355175,Non-casualty (towaway),Non-casualty (towaway),2024,2024,June,Wednesday,08:00 - 09:59,DALBY,ST,10,East,PARK,RD,EAST CORRIMAL,,No,Not a school zone,X-intersection,-34.372389,150.907823,Wollongong,Wollongong met. area,Syd-Newc-Woll Gtr conurbation,Straight,,,,Unknown / not stated,Sealed,Dry,Fine,Daylight,Nil,Give way sign,50 km/h,Local,29,Other opposing,200,Opp - other,,Other angle,4 wheel drive / SUV,Car (sedan/hatch),2,0,0,0,0,6,June,Winter,Wednesday,08:00 - 09:59,AM peak / school commute,True,False,False,False
1355176,Non-casualty (towaway),Non-casualty (towaway),2024,2024,March,Monday,14:00 - 15:59,SOUTHERN,EXP,1000,North,LAWRENCE HARGRAVE,DR,HELENSBURGH,6006.0,No,Not a school zone,Dual freeway,-34.194334,150.966581,Wollongong,Wollongong met. area,Syd-Newc-Woll Gtr conurbation,Straight,,,,Unknown / not stated,Sealed,Dry,Fine,Daylight,Nil,No traffic controls,110 km/h,State,73,Off rd rght => obj,704,Right off cway into obj,,Vehicle - Object,4 wheel drive / SUV,,1,0,0,0,0,3,March,Autumn,Monday,14:00 - 15:59,Midday / afternoon,False,False,False,False
1355177,Non-casualty (towaway),Non-casualty (towaway),2024,2024,June,Wednesday,06:00 - 07:59,PRINCES,HWY,0,Right on the spot,HARROW,RD,KOGARAH,1.0,No,Not a school zone,T-junction,-33.959561,151.137949,Bayside,Sydney metro. area,Syd-Newc-Woll Gtr conurbation,Curved,,,,Unknown / not stated,Sealed,Dry,Fine,Daylight,On,No traffic controls,60 km/h,State,35,Lane change left,307,Same - Lane change left,,Other angle,Large rigid,Car (sedan/hatch),2,0,0,0,0,6,June,Winter,Wednesday,06:00 - 07:59,AM peak / school commute,True,False,False,False
1355179,Non-casualty (towaway),Non-casualty (towaway),2024,2024,June,Monday,16:00 - 17:59,BURNS,RD,150,East,PACIFIC,HWY,OURIMBAH,,No,Not a school zone,Divided road,-33.3454,151.371312,Central Coast,Country urban,Syd-Newc-Woll Gtr conurbation,Straight,,,,Unknown / not stated,Sealed,Dry,Fine,Unknown,Nil,Ped crossing,50 km/h,Local,72,Off road to right,702,Off carriageway to right,,Rollover,Light truck,,1,0,0,0,0,6,June,Winter,Monday,16:00 - 17:59,PM peak / evening commute,True,False,False,False
1355182,Non-casualty (towaway),Non-casualty (towaway),2024,2024,June,Friday,02:00 - 03:59,AWABAKAL,DR,0,Right on the spot,NUMBER 26,HN,FLETCHER,,No,Not a school zone,2-way undivided,-32.869627,151.645272,Newcastle,Newcastle met. area,Syd-Newc-Woll Gtr conurbation,Straight,,,,Unknown / not stated,Sealed,Dry,Fine,Darkness,Nil,No traffic controls,100 km/h,Local,71,Off rd left => obj,703,Left off cway into object,,Other angle,Car (sedan/hatch),Car (sedan/hatch),2,0,0,0,0,6,June,Winter,Friday,02:00 - 03:59,Late night / early morning,False,False,False,False
1355184,Non-casualty (towaway),Non-casualty (towaway),2024,2024,May,Saturday,08:00 - 09:59,RICHMOND,RD,110,North,ROOTY HILL,RD,OAKHURST,537.0,No,Not a school zone,Divided road,-33.732332,150.847829,Blacktown,Sydney metro. area,Syd-Newc-Woll Gtr conurbation,Straight,,,,Unknown / not stated,Sealed,Dry,Fine,Daylight,Nil,No traffic controls,70 km/h,State,71,Off rd left => obj,703,Left off cway into object,,Vehicle - Object,Car (sedan/hatch),,1,0,0,0,0,5,May,Autumn,Saturday,08:00 - 09:59,AM peak / school commute,True,False,False,False