crash_id,degree_of_crash,degree_of_crash_-_detailed,reporting_year,year_of_crash,month_of_crash,day_of_week_of_crash,two-hour_intervals,street_of_crash,street_type,distance,direction,identifying_feature,identifying_feature_type,town,route_no.,school_zone_location,school_zone_active,type_of_location,latitude,longitude,lga,urbanisation,conurbation_1,alignment,primary_permanent_feature,primary_temporary_feature,primary_hazardous_feature,street_lighting,road_surface,surface_condition,weather,natural_lighting,signals_operation,other_traffic_control,speed_limit,road_classification_(admin),rum_-_code,rum_-_description,dca_-_code,dca_-_description,dca_supplement,first_impact_type,key_tu_type,other_tu_type,no._of_traffic_units_involved,no._killed,no._seriously_injured,no._moderately_injured,no._minor-other_injured,month_num,month_label,season,day_label,time_label,time_band,is_peak_commute,is_fatal,is_injury,is_casualty
1355185,Non-casualty (towaway),Non-casualty (towaway),2024,2024,June,Saturday,00:01 - 01:59,MEDOWIE,RD,0,Right on the spot,KIRRANG,DR,MEDOWIE,518.0,No,Not a school zone,Roundabout,-32.727307,151.868109,Port Stephens,Country urban,Rest of NSW - Urban,Straight,,,,Unknown / not stated,Sealed,Wet,Raining,Darkness,Nil,Give way sign,60 km/h,Regional,86,Off left/left bend,706,Left turn,Left,Rollover,Light truck utility(from 2018),,1,0,0,0,0,6,June,Winter,Saturday,00:01 - 01:59,Late night / early morning,False,False,False,False
1355187,Non-casualty (towaway),Non-casualty (towaway),2024,2024,June,Tuesday,18:00 - 19:59,PACIFIC,HWY,500,South,CLOTHIERS CREEK ROAD,OP,TANGLEWOOD,10.0,No,Not a school zone,Divided road,-28.334628,153.522096,Tweed,Country non-urban,Rest of NSW - Rural,Straight,,,,Unknown / not stated,Sealed,Dry,Fine,Dusk,Nil,No traffic controls,110 km/h,State,66,Object on road,607,On path - Hit temp object,,Vehicle - Object,4 wheel drive / SUV,,1,0,0,0,0,6,June,Winter,Tuesday,18:00 - 19:59,PM peak / evening commute,True,False,False,False
1355188,Non-casualty (towaway),Non-casualty (towaway),2024,2024,June,Saturday,18:00 - 19:59,PRINCES,HWY,0,Right on the spot,BEINDA,ST,BOMADERRY,1.0,No,Not a school zone,Roundabout,-34.855837,150.598248,Shoalhaven,Country urban,Rest of NSW - Urban,Curved,,,,Unknown / not stated,Sealed,Wet,Raining,Darkness,Nil,Give way sign,70 km/h,State,30,Rear end,301,Same - Rear end,,Rear end,Car (sedan/hatch),Light truck utility(from 2018),3,0,0,0,0,6,June,Winter,Saturday,18:00 - 19:59,PM peak / evening commute,True,False,False,False
1355190,Non-casualty (towaway),Non-casualty (towaway),2024,2024,June,Thursday,08:00 - 09:59,MEDOWIE,RD,177,South,BROCKLESBY,RD,MEDOWIE,518.0,No,Not a school zone,2-way undivided,-32.754347,151.86776,Port Stephens,Country urban,Rest of NSW - Urban,Straight,,,,Unknown / not stated,Sealed,Dry,Fine,Daylight,Nil,No traffic controls,80 km/h,Regional,30,Rear end,301,Same - Rear end,,Rear end,Unknown motor vehicle,4 wheel drive / SUV,2,0,0,0,0,6,June,Winter,Thursday,08:00 - 09:59,AM peak / school commute,True,False,False,False
1355191,Non-casualty (towaway),Non-casualty (towaway),2024,2024,June,Tuesday,14:00 - 15:59,PACIFIC,HWY,0,Right on the spot,SHIRLEY,RD,CROWS NEST,10.0,No,Not a school zone,X-intersection,-33.827704,151.200636,North Sydney,Sydney metro. area,Syd-Newc-Woll Gtr conurbation,Straight,,,,Unknown / not stated,Sealed,Dry,Fine,Daylight,On,No traffic controls,60 km/h,State,85,Off rt/lft bnd=>obj,706,Left turn,Right,Vehicle - Object,Light truck,,1,0,0,0,0,6,June,Winter,Tuesday,14:00 - 15:59,Midday / afternoon,False,False,False,False
1355192,Non-casualty (towaway),Non-casualty (towaway),2024,2024,June,Sunday,02:00 - 03:59,ROBINSON,ST,0,Right on the spot,THOMAS,ST,BANGALOW,,No,Not a school zone,T-junction,-28.687767,153.522872,Byron,Country urban,Rest of NSW - Urban,Straight,Driveway/entrance,,,Unknown / not stated,Sealed,Dry,Fine,Darkness,Nil,No traffic controls,50 km/h,Local,46,Reversing into obj,405,Manov - Reverse into fixed obj,,Vehicle - Object,Light truck utility(from 2018),,1,0,0,0,0,6,June,Winter,Sunday,02:00 - 03:59,Late night / early morning,False,False,False,False
1355193,Non-casualty (towaway),Non-casualty (towaway),2024,2024,June,Thursday,16:00 - 17:59,PRINCES,HWY,200,North,SOUTH,ST,ULLADULLA,1.0,No,Not a school zone,Divided road,-35.358592,150.474046,Shoalhaven,Country urban,Rest of NSW - Urban,Straight,,,,Unknown / not stated,Sealed,Dry,Fine,Dusk,Nil,No traffic controls,50 km/h,State,30,Rear end,301,Same - Rear end,,Rear end,Car (sedan/hatch),Car (sedan/hatch),2,0,0,0,0,6,June,Winter,Thursday,16:00 - 17:59,PM peak / evening commute,True,False,False,False
1355194,Non-casualty (towaway),Non-casualty (towaway),2024,2024,June,Wednesday,08:00 - 09:59,GWYDIR,HWY,0,Right on the spot,NUMBER 73,HN,SOUTH GRAFTON,12.0,No,Not a school zone,2-way undivided,-29.706273,152.935844,Clarence Valley,Country urban,Rest of NSW - Urban,Straight,,,,Unknown / not stated,Sealed,Dry,Fine,Daylight,Nil,No traffic controls,50 km/h,State,30,Rear end,301,Same - Rear end,,Rear end,Car (sedan/hatch),4 wheel drive / SUV,3,0,0,0,0,6,June,Winter,Wednesday,08:00 - 09:59,AM peak / school commute,True,False,False,False
1355195,Non-casualty (towaway),Non-casualty (towaway),2024,2024,April,Friday,18:00 - 19:59,COWPASTURE,RD,0,Right on the spot,MANNOW,AVE,HOXTON PARK,648.0,No,Not a school zone,X-intersection,-33.929146,150.84713,Liverpool,Sydney metro. area,Syd-Newc-Woll Gtr conurbation,Straight,,,,Unknown / not stated,Sealed,Wet,Raining,Dusk,On,No traffic controls,70 km/h,State,10,Cross traffic,101,Adj - Cross traffic,,Right angle,Passenger van,Car (sedan/hatch),2,0,0,0,0,4,April,Autumn,Friday,18:00 - 19:59,PM peak / evening commute,True,False,False,False
1355197,Non-casualty (towaway),Non-casualty (towaway),2024,2024,June,Friday,06:00 - 07:59,KALANDAR,ST,0,Right on the spot,WALLACE,ST,NOWRA,7632.0,No,Not a school zone,Roundabout,-34.888054,150.607825,Shoalhaven,Country urban,Rest of NSW - Urban,Straight,,,,Unknown / not stated,Sealed,Dry,Fine,Daylight,Nil,Give way sign,60 km/h,Regional,21,Right through,202,Opp - Right-thru,,Other angle,4 wheel drive / SUV,Motorcycle,2,0,0,0,0,6,June,Winter,Friday,06:00 - 07:59,AM peak / school commute,True,False,False,False
1355199,Non-casualty (towaway),Non-casualty (towaway),2024,2024,June,Monday,18:00 - 19:59,PINNACLE,RD,0,Right on the spot,NUMBER 445,HN,ORANGE,,No,Not a school zone,2-way undivided,-33.305537,149.071706,Orange,Country urban,Rest of NSW - Urban,Straight,,,,Unknown / not stated,Sealed,Dry,Fine,Darkness,Nil,No traffic controls,80 km/h,Local,67,Struck animal,609,On path - Hit animal,,Vehicle - Animal,4 wheel drive / SUV,,1,0,0,0,0,6,June,Winter,Monday,18:00 - 19:59,PM peak / evening commute,True,False,False,False
1355202,Non-casualty (towaway),Non-casualty (towaway),2024,2024,June,Friday,20:00 - 21:59,RAINBOW,DR,50,North,ALMA,CRES,ESTELLA,,No,Not a school zone,2-way undivided,-35.075092,147.349836,Wagga Wagga,Country urban,Rest of NSW - Urban,Straight,,,,Unknown / not stated,Sealed,Dry,Fine,Darkness,Nil,No traffic controls,50 km/h,Local,71,Off rd left => obj,703,Left off cway into object,,Other angle,Car (sedan/hatch),Light truck utility(from 2018),2,0,0,0,0,6,June,Winter,Friday,20:00 - 21:59,Evening / night,False,False,False,False
1355203,Non-casualty (towaway),Non-casualty (towaway),2024,2024,June,Thursday,16:00 - 17:59,ELARA,BVD,0,Right on the spot,NORTHBOURNE,DR,MARSDEN PARK,,No,Not a school zone,X-intersection,-33.695124,150.819053,Blacktown,Sydney metro. area,Syd-Newc-Woll Gtr conurbation,Straight,,,,Unknown / not stated,Sealed,Dry,Fine,Dusk,Nil,No traffic controls,50 km/h,Local,21,Right through,202,Opp - Right-thru,,Other angle,4 wheel drive / SUV,Car (sedan/hatch),2,0,0,0,0,6,June,Winter,Thursday,16:00 - 17:59,PM peak / evening commute,True,False,False,False
1355207,Non-casualty (towaway),Non-casualty (towaway),2024,2024,June,Friday,10:00 - 11:59,SURFVIEW,RD,0,Right on the spot,NUMBER 23,HN,MONA VALE,,No,Not a school zone,2-way undivided,-33.675823,151.314771,Northern Beaches,Sydney metro. area,Syd-Newc-Woll Gtr conurbation,Straight,,,,Unknown / not stated,Sealed,Dry,Fine,Daylight,Nil,No traffic controls,50 km/h,Local,71,Off rd left => obj,703,Left off cway into object,,Other angle,4 wheel drive / SUV,Car (sedan/hatch),2,0,0,0,0,6,June,Winter,Friday,10:00 - 11:59,Midday / afternoon,False,False,False,False
1355208,Non-casualty (towaway),Non-casualty (towaway),2024,2024,June,Tuesday,16:00 - 17:59,NELSON BAY,RD,0,Right on the spot,LAVIS,LANE,WILLIAMTOWN,108.0,No,Not a school zone,Roundabout,-32.817483,151.843221,Port Stephens,Country urban,Rest of NSW - Urban,Curved,,,,Unknown / not stated,Sealed,Dry,Fine,Dusk,Nil,Give way sign,80 km/h,State,10,Cross traffic,101,Adj - Cross traffic,,Right angle,Light truck utility(from 2018),Car (sedan/hatch),2,0,0,0,0,6,June,Winter,Tuesday,16:00 - 17:59,PM peak / evening commute,True,False,False,False
1355213,Non-casualty (towaway),Non-casualty (towaway),2024,2024,June,Saturday,20:00 - 21:59,PRINCES,HWY,10,East,QUEEN STREET,TO,BERRY,1.0,No,Not a school zone,Divided road,-34.770242,150.709256,Shoalhaven,Country non-urban,Rest of NSW - Rural,Curved,,,,Unknown / not stated,Sealed,Wet,Raining,Darkness,Nil,No traffic controls,100 km/h,State,83,Off rt/rt bnd=>obj,803,Off right bend into obj,Right,Vehicle - Object,Car (sedan/hatch),,1,0,0,0,0,6,June,Winter,Saturday,20:00 - 21:59,Evening / night,False,False,False,False
1355215,Non-casualty (towaway),Non-casualty (towaway),2024,2024,June,Tuesday,08:00 - 09:59,TWEED VALLEY,WAY,0,Right on the spot,RAILWAY,ST,SOUTH MURWILLUMBAH,679.0,No,Not a school zone,T-junction,-28.328605,153.404433,Tweed,Country urban,Rest of NSW - Urban,Straight,,,,Unknown / not stated,Sealed,Wet,Raining,Daylight,Nil,No traffic controls,60 km/h,Regional,30,Rear end,301,Same - Rear end,,Rear end,Light truck utility(from 2018),Light truck utility(from 2018),2,0,0,0,0,6,June,Winter,Tuesday,08:00 - 09:59,AM peak / school commute,True,False,False,False
1355217,Non-casualty (towaway),Non-casualty (towaway),2024,2024,June,Wednesday,04:00 - 05:59,RIVERINA,HWY,500,East,KERR,RD,THURGOONA,20.0,No,Not a school zone,2-way undivided,-36.07026,147.014684,Albury,Country non-urban,Rest of NSW - Rural,Straight,,,,Unknown / not stated,Sealed,Wet,Fog or mist,Darkness,Nil,No traffic controls,100 km/h,State,67,Struck animal,609,On path - Hit animal,,Vehicle - Animal,Light truck utility(from 2018),,1,0,0,0,0,6,June,Winter,Wednesday,04:00 - 05:59,Late night / early morning,False,False,False,False
1355218,Non-casualty (towaway),Non-casualty (towaway),2024,2024,June,Thursday,14:00 - 15:59,PRINCES,HWY,10,South,DICKSON,ST,ERSKINEVILLE,1.0,No,Not a school zone,T-junction,-33.90459,151.18042,Sydney,Sydney metro. area,Syd-Newc-Woll Gtr conurbation,Straight,,,,Unknown / not stated,Sealed,Dry,Fine,Daylight,Nil,No traffic controls,40 km/h,State,30,Rear end,301,Same - Rear end,,Rear end,Light truck utility(from 2018),Car (sedan/hatch),3,0,0,0,0,6,June,Winter,Thursday,14:00 - 15:59,Midday / afternoon,False,False,False,False
1355219,Non-casualty (towaway),Non-casualty (towaway),2024,2024,June,Thursday,10:00 - 11:59,PITTWATER,RD,0,Right on the spot,SYDENHAM RD,RD,BROOKVALE,164.0,No,Not a school zone,T-junction,-33.764003,151.271295,Northern Beaches,Sydney metro. area,Syd-Newc-Woll Gtr conurbation,Curved,,,,Unknown / not stated,Sealed,Dry,Fine,Daylight,On,No traffic controls,60 km/h,State,85,Off rt/lft bnd=>obj,804,Off left bend into obj,Right,Vehicle - Object,Car (sedan/hatch),,1,0,0,0,0,6,June,Winter,Thursday,10:00 - 11:59,Midday / afternoon,False,False,False,False
1355222,Non-casualty (towaway),Non-casualty (towaway),2024,2024,June,Friday,04:00 - 05:59,HAWKESBURY,RD,0,Right on the spot,RAILWAY,PDE,WESTMEAD,7481.0,No,Not a school zone,T-junction,-33.807869,150.987222,Parramatta,Sydney metro. area,Syd-Newc-Woll Gtr conurbation,Straight,Other bridge,,,Unknown / not stated,Sealed,Dry,Fine,Dawn,On,No traffic controls,40 km/h,Regional,21,Right through,202,Opp - Right-thru,,Other angle,Utility,Car (sedan/hatch),2,0,0,0,0,6,June,Winter,Friday,04:00 - 05:59,Late night / early morning,False,False,False,False
1355225,Non-casualty (towaway),Non-casualty (towaway),2024,2024,June,Monday,16:00 - 17:59,PRINCES,HWY,0,Right on the spot,BERNE,ST,ST PETERS,1.0,No,Not a school zone,T-junction,-33.916239,151.173459,Inner West,Sydney metro. area,Syd-Newc-Woll Gtr conurbation,Straight,Driveway/entrance,,,Unknown / not stated,Sealed,Dry,Fine,Daylight,Nil,Give way sign,60 km/h,State,21,Right through,202,Opp - Right-thru,,Other angle,Car (sedan/hatch),Light truck,2,0,0,0,0,6,June,Winter,Monday,16:00 - 17:59,PM peak / evening commute,True,False,False,False
1355227,Non-casualty (towaway),Non-casualty (towaway),2024,2024,June,Saturday,08:00 - 09:59,MERRYGOEN,RD,1000,West,FORANS,RD,NEILREX,,No,Not a school zone,2-way undivided,-31.733347,149.288044,Warrumbungle,Country non-urban,Rest of NSW - Rural,Straight,,,,Unknown / not stated,Sealed,Dry,Fine,Daylight,Nil,No traffic controls,100 km/h,Local,67,Struck animal,609,On path - Hit animal,,Vehicle - Animal,Light truck utility(from 2018),,1,0,0,0,0,6,June,Winter,Saturday,08:00 - 09:59,AM peak / school commute,True,False,False,False
1355228,Non-casualty (towaway),Non-casualty (towaway),2024,2024,June,Wednesday,16:00 - 17:59,CAMERON PARK,DR,0,Right on the spot,STENHOUSE,DR,CAMERON PARK,7768.0,No,Not a school zone,T-junction,-32.897065,151.597135,Lake Macquarie,Newcastle met. area,Syd-Newc-Woll Gtr conurbation,Straight,,,,Unknown / not stated,Sealed,Dry,Fine,Unknown,Nil,Give way sign,80 km/h,Regional,13,Right near,104,Adj - Right-thru from right,,Right angle,Car (sedan/hatch),Passenger van,3,0,0,0,0,6,June,Winter,Wednesday,16:00 - 17:59,PM peak / evening commute,True,False,False,False
1355230,Non-casualty (towaway),Non-casualty (towaway),2024,2024,June,Thursday,14:00 - 15:59,TYRINGHAM,RD,500,East,HARNESS CASK,RD,BOSTOBRICK,119.0,No,Not a school zone,2-way undivided,-30.247415,152.590613,Bellingen,Country urban,Rest of NSW - Urban,Curved,Steep grade,,,Unknown / not stated,Sealed,Wet,Raining,Daylight,Nil,No traffic controls,80 km/h,Regional,20,Head on,201,Opp - Head on,,Head-on,Light truck utility(from 2018),4 wheel drive / SUV,2,0,0,0,0,6,June,Winter,Thursday,14:00 - 15:59,Midday / afternoon,False,False,False,False
1355232,Non-casualty (towaway),Non-casualty (towaway),2024,2024,June,Monday,14:00 - 15:59,BYNG,ST,0,Right on the spot,MCLACHLAN,ST,ORANGE,,No,Not a school zone,Roundabout,-33.282727,149.10839,Orange,Country urban,Rest of NSW - Urban,Straight,,,,Unknown / not stated,Sealed,Dry,Fine,Daylight,Nil,Give way sign,50 km/h,Local,30,Rear end,301,Same - Rear end,,Rear end,4 wheel drive / SUV,Unknown motor vehicle,3,0,0,0,0,6,June,Winter,Monday,14:00 - 15:59,Midday / afternoon,False,False,False,False
1355233,Non-casualty (towaway),Non-casualty (towaway),2024,2024,June,Tuesday,18:00 - 19:59,GOLLAN,RD,999999,Unknown/not stated,UNKNOWN,UK,GOOLMA,7512.0,No,Not a school zone,2-way undivided,-32.333085,149.246603,Mid-Western Regional,Country non-urban,Rest of NSW - Rural,Straight,,,,Unknown / not stated,Sealed,Dry,Fine,Darkness,Nil,No traffic controls,100 km/h,Regional,67,Struck animal,609,On path - Hit animal,,Vehicle - Animal,Light truck utility(from 2018),,1,0,0,0,0,6,June,Winter,Tuesday,18:00 - 19:59,PM peak / evening commute,True,False,False,False
1355234,Non-casualty (towaway),Non-casualty (towaway),2024,2024,June,Tuesday,06:00 - 07:59,TRAVERS,ST,200,East,OLYMPIC,HWY,WAGGA WAGGA,,No,Not a school zone,2-way undivided,-35.100246,147.351627,Wagga Wagga,Country urban,Rest of NSW - Urban,Straight,,,,Unknown / not stated,Sealed,Dry,Fine,Dawn,Nil,No traffic controls,60 km/h,Local,71,Off rd left => obj,703,Left off cway into object,,Vehicle - Object,Car (sedan/hatch),,1,0,0,0,0,6,June,Winter,Tuesday,06:00 - 07:59,AM peak / school commute,True,False,False,False
1355235,Non-casualty (towaway),Non-casualty (towaway),2024,2024,June,Tuesday,20:00 - 21:59,DOWNES,PL,187,South,DRUALLA,RD,JAMBEROO,,No,Not a school zone,2-way undivided,-34.645285,150.769925,Kiama,Country urban,Rest of NSW - Urban,Straight,Steep grade,,,Unknown / not stated,Sealed,Dry,Fine,Unknown,Nil,No traffic controls,50 km/h,Local,93,Pkd veh runaway=>obj,906,Parked vehicle ran away,,Vehicle - Object,Light truck,,1,0,0,0,0,6,June,Winter,Tuesday,20:00 - 21:59,Evening / night,False,False,False,False
1355237,Non-casualty (towaway),Non-casualty (towaway),2024,2024,June,Saturday,20:00 - 21:59,POLDING,ST,0,Right on the spot,CUMBERLAND,HWY,SMITHFIELD,7222.0,No,Not a school zone,Roundabout,-33.860453,150.9279,Fairfield,Sydney metro. area,Syd-Newc-Woll Gtr conurbation,Straight,Underpass/tunnel,,,Unknown / not stated,Sealed,Wet,Raining,Darkness,Nil,Give way sign,60 km/h,Regional,10,Cross traffic,101,Adj - Cross traffic,,Right angle,Car (sedan/hatch),4 wheel drive / SUV,2,0,0,0,0,6,June,Winter,Saturday,20:00 - 21:59,Evening / night,False,False,False,False
1355239,Non-casualty (towaway),Non-casualty (towaway),2024,2024,June,Sunday,10:00 - 11:59,NEWBRIDGE,RD,0,Right on the spot,HAIG,AVE,MOOREBANK,512.0,No,Not a school zone,T-junction,-33.92761,150.929824,Liverpool,Sydney metro. area,Syd-Newc-Woll Gtr conurbation,Straight,Steep grade,,,Unknown / not stated,Sealed,Wet,Overcast,Daylight,Nil,No traffic controls,60 km/h,State,30,Rear end,301,Same - Rear end,,Rear end,4 wheel drive / SUV,Car (sedan/hatch),2,0,0,0,0,6,June,Winter,Sunday,10:00 - 11:59,Midday / afternoon,False,False,False,False
1355243,Non-casualty (towaway),Non-casualty (towaway),2024,2024,June,Tuesday,22:00 - Midnight,SUMMERLAND,WAY,0,Right on the spot,NUMBER 2163,HN,ROSEBERRY,83.0,No,Not a school zone,2-way undivided,-28.477841,152.905198,Kyogle,Country non-urban,Rest of NSW - Rural,Straight,,,,Unknown / not stated,Sealed,Dry,Fine,Darkness,Nil,No traffic controls,100 km/h,State,67,Struck animal,609,On path - Hit animal,,Vehicle - Animal,Light truck utility(from 2018),,1,0,0,0,0,6,June,Winter,Tuesday,22:00 - Midnight,Evening / night,False,False,False,False
1355244,Non-casualty (towaway),Non-casualty (towaway),2024,2024,June,Friday,08:00 - 09:59,BELLEVUE,AVE,0,Right on the spot,NUMBER 43,HN,GEORGES HALL,,No,Not a school zone,2-way undivided,-33.911606,150.998212,Canterbury-Bankstown,Sydney metro. area,Syd-Newc-Woll Gtr conurbation,Straight,Driveway/entrance,,,Unknown / not stated,Sealed,Dry,Fine,Daylight,Nil,No traffic controls,50 km/h,Local,47,Emerging from drive,406,Manov - Emerging from driveway,,Right angle,Light truck utility(from 2018),Car (sedan/hatch),2,0,0,0,0,6,June,Winter,Friday,08:00 - 09:59,AM peak / school commute,True,False,False,False
1355245,Non-casualty (towaway),Non-casualty (towaway),2024,2024,June,Sunday,12:00 - 13:59,PYRMONT BRIDGE,RD,0,Right on the spot,GLEBE POINT,RD,GLEBE,523.0,No,Not a school zone,X-intersection,-33.8798,151.18698,Sydney,Sydney metro. area,Syd-Newc-Woll Gtr conurbation,Straight,,,,Unknown / not stated,Sealed,Wet,Raining,Daylight,On,No traffic controls,40 km/h,State,39,Other same direction,300,Same - other,,Other angle,4 wheel drive / SUV,4 wheel drive / SUV,2,0,0,0,0,6,June,Winter,Sunday,12:00 - 13:59,Midday / afternoon,False,False,False,False
1355246,Non-casualty (towaway),Non-casualty (towaway),2024,2024,June,Friday,04:00 - 05:59,RABY,RD,0,Right on the spot,EMERALD HILLS,BVD,LEPPINGTON,7194.0,No,Not a school zone,T-junction,-33.998299,150.791327,Camden,Sydney metro. area,Syd-Newc-Woll Gtr conurbation,Straight,Driveway/entrance,,,Unknown / not stated,Sealed,Dry,Fine,Unknown,On,No traffic controls,80 km/h,Regional,21,Right through,202,Opp - Right-thru,,Other angle,Car (sedan/hatch),Car (sedan/hatch),2,0,0,0,0,6,June,Winter,Friday,04:00 - 05:59,Late night / early morning,False,False,False,False
1355247,Non-casualty (towaway),Non-casualty (towaway),2024,2024,June,Saturday,12:00 - 13:59,CARLINGFORD,RD,0,Right on the spot,HEPBURN,AVE,CARLINGFORD,373.0,No,Not a school zone,T-junction,-33.77658,151.057115,Parramatta,Sydney metro. area,Syd-Newc-Woll Gtr conurbation,Straight,Steep grade,,,Unknown / not stated,Sealed,Wet,Raining,Daylight,Nil,Give way sign,60 km/h,State,39,Other same direction,300,Same - other,,Other angle,4 wheel drive / SUV,4 wheel drive / SUV,2,0,0,0,0,6,June,Winter,Saturday,12:00 - 13:59,Midday / afternoon,False,False,False,False
1355252,Non-casualty (towaway),Non-casualty (towaway),2024,2024,June,Friday,22:00 - Midnight,DURHAM,RD,0,Right on the spot,PARK,ST,EAST GRESFORD,128.0,No,Not a school zone,T-junction,-32.429984,151.552773,Dungog,Country urban,Rest of NSW - Urban,Straight,,,,Unknown / not stated,Sealed,Dry,Fine,Darkness,Nil,No traffic controls,50 km/h,Regional,81,Off left/rt bnd=>obj,707,Right turn,Left,Vehicle - Object,Utility,,1,0,0,0,0,6,June,Winter,Friday,22:00 - Midnight,Evening / night,False,False,False,False
1355253,Non-casualty (towaway),Non-casualty (towaway),2024,2024,June,Friday,14:00 - 15:59,PACIFIC,HWY,480,North,KANANGRA,DR,WYBUNG,10.0,No,Not a school zone,Divided road,-33.178987,151.599121,Central Coast,Country urban,Syd-Newc-Woll Gtr conurbation,Curved,,,,Unknown / not stated,Sealed,Wet,Overcast,Daylight,Nil,No traffic controls,80 km/h,State,87,Off lft/lft bnd=>obj,804,Off left bend into obj,Left,Vehicle - Object,Car (sedan/hatch),,1,0,0,0,0,6,June,Winter,Friday,14:00 - 15:59,Midday / afternoon,False,False,False,False
1355255,Non-casualty (towaway),Non-casualty (towaway),2024,2024,June,Thursday,20:00 - 21:59,ADAM,ST,0,Right on the spot,NUMBER 51,HN,GUILDFORD,,No,Not a school zone,2-way undivided,-33.852117,151.003805,Cumberland,Sydney metro. area,Syd-Newc-Woll Gtr conurbation,Straight,,,,Unknown / not stated,Sealed,Dry,Fine,Darkness,Nil,No traffic controls,50 km/h,Local,71,Off rd left => obj,703,Left off cway into object,,Other angle,4 wheel drive / SUV,Car (sedan/hatch),2,0,0,0,0,6,June,Winter,Thursday,20:00 - 21:59,Evening / night,False,False,False,False
1355256,Non-casualty (towaway),Non-casualty (towaway),2024,2024,June,Saturday,14:00 - 15:59,MEPUNGA,ST,0,Right on the spot,QUANDONG,ST,CONCORD WEST,,No,Not a school zone,T-junction,-33.849119,151.093664,Canada Bay,Sydney metro. area,Syd-Newc-Woll Gtr conurbation,Straight,,,,Unknown / not stated,Sealed,Wet,Raining,Daylight,Nil,No traffic controls,50 km/h,Local,30,Rear end,301,Same - Rear end,,Rear end,Car (sedan/hatch),4 wheel drive / SUV,2,0,0,0,0,6,June,Winter,Saturday,14:00 - 15:59,Midday / afternoon,False,False,False,False
1355257,Non-casualty (towaway),Non-casualty (towaway),2024,2024,June,Saturday,16:00 - 17:59,ROPER,RD,0,Right on the spot,NUMBER 192,HN,BLUE HAVEN,,No,Not a school zone,2-way undivided,-33.209439,151.514775,Central Coast,Country urban,Syd-Newc-Woll Gtr conurbation,Straight,,,,Unknown / not stated,Sealed,Wet,Raining,Darkness,Nil,No traffic controls,50 km/h,Local,71,Off rd left => obj,703,Left off cway into object,,Other angle,Car (sedan/hatch),Light truck utility(from 2018),2,0,0,0,0,6,June,Winter,Saturday,16:00 - 17:59,PM peak / evening commute,True,False,False,False
1355260,Non-casualty (towaway),Non-casualty (towaway),2024,2024,June,Friday,14:00 - 15:59,OLD WINDSOR,RD,0,Right on the spot,ABBOTT,RD,SEVEN HILLS,635.0,No,Not a school zone,X-intersection,-33.76575,150.958253,Blacktown,Sydney metro. area,Syd-Newc-Woll Gtr conurbation,Straight,,,,Unknown / not stated,Sealed,Dry,Fine,Daylight,On,No traffic controls,80 km/h,State,30,Rear end,301,Same - Rear end,,Rear end,Car (sedan/hatch),4 wheel drive / SUV,3,0,0,0,0,6,June,Winter,Friday,14:00 - 15:59,Midday / afternoon,False,False,False,False
1355261,Non-casualty (towaway),Non-casualty (towaway),2024,2024,April,Monday,18:00 - 19:59,GREENWELL POINT,RD,300,North,MAYFIELD,RD,BRUNDEE,7632.0,No,Not a school zone,2-way undivided,-34.899108,150.671891,Shoalhaven,Country urban,Rest of NSW - Urban,Curved,,,,Unknown / not stated,Sealed,Dry,Fog or mist,Darkness,Nil,No traffic controls,80 km/h,Regional,85,Off rt/lft bnd=>obj,804,Off left bend into obj,Right,Vehicle - Object,Car (sedan/hatch),,1,0,0,0,0,4,April,Autumn,Monday,18:00 - 19:59,PM peak / evening commute,True,False,False,False
1355262,Non-casualty (towaway),Non-casualty (towaway),2024,2024,May,Friday,18:00 - 19:59,MILEHAM,ST,0,Right on the spot,NUMBER 233,HN,SOUTH WINDSOR,,No,Not a school zone,2-way undivided,-33.62925,150.79776,Hawkesbury,Country urban,Syd-Newc-Woll Gtr conurbation,Straight,Painted double centre lines,,,Unknown / not stated,Sealed,Dry,Fine,Darkness,Nil,No traffic controls,50 km/h,Local,21,Right through,202,Opp - Right-thru,,Other angle,Car (sedan/hatch),4 wheel drive / SUV,3,0,0,0,0,5,May,Autumn,Friday,18:00 - 19:59,PM peak / evening commute,True,False,False,False
1355263,Non-casualty (towaway),Non-casualty (towaway),2024,2024,June,Wednesday,12:00 - 13:59,PACIFIC,HWY,0,Right on the spot,CUTLER,DR,WYONG,10.0,No,Not a school zone,T-junction,-33.276531,151.428624,Central Coast,Country urban,Syd-Newc-Woll Gtr conurbation,Straight,,,,Unknown / not stated,Sealed,Dry,Fine,Daylight,Nil,Stop sign,70 km/h,State,14,2 right turning,105,Adj - Two right turning,,Right angle,Car (sedan/hatch),Car (sedan/hatch),2,0,0,0,0,6,June,Winter,Wednesday,12:00 - 13:59,Midday / afternoon,False,False,False,False