crash_id,degree_of_crash,degree_of_crash_-_detailed,reporting_year,year_of_crash,month_of_crash,day_of_week_of_crash,two-hour_intervals,street_of_crash,street_type,distance,direction,identifying_feature,identifying_feature_type,town,route_no.,school_zone_location,school_zone_active,type_of_location,latitude,longitude,lga,urbanisation,conurbation_1,alignment,primary_permanent_feature,primary_temporary_feature,primary_hazardous_feature,street_lighting,road_surface,surface_condition,weather,natural_lighting,signals_operation,other_traffic_control,speed_limit,road_classification_(admin),rum_-_code,rum_-_description,dca_-_code,dca_-_description,dca_supplement,first_impact_type,key_tu_type,other_tu_type,no._of_traffic_units_involved,no._killed,no._seriously_injured,no._moderately_injured,no._minor-other_injured,month_num,month_label,season,day_label,time_label,time_band,is_peak_commute,is_fatal,is_injury,is_casualty
1355267,Non-casualty (towaway),Non-casualty (towaway),2024,2024,May,Tuesday,06:00 - 07:59,HASSALL,ST,0,Right on the spot,CHIFLEY,ST,SMITHFIELD,646.0,No,Not a school zone,X-intersection,-33.846822,150.923059,Fairfield,Sydney metro. area,Syd-Newc-Woll Gtr conurbation,Straight,,,,Unknown / not stated,Sealed,Dry,Fine,Daylight,Nil,Give way sign,60 km/h,State,13,Right near,104,Adj - Right-thru from right,,Right angle,Light truck,Car (sedan/hatch),2,0,0,0,0,5,May,Autumn,Tuesday,06:00 - 07:59,AM peak / school commute,True,False,False,False
1355270,Non-casualty (towaway),Non-casualty (towaway),2024,2024,June,Thursday,18:00 - 19:59,MID WESTERN,HWY,1200,West,BATHAMPTON,RD,BATHAMPTON,6.0,No,Not a school zone,2-way undivided,-33.497056,149.386572,Bathurst Regional,Country urban,Rest of NSW - Urban,Curved,Steep grade,,,Unknown / not stated,Sealed,Dry,Fine,Darkness,Nil,No traffic controls,80 km/h,State,67,Struck animal,609,On path - Hit animal,,Vehicle - Animal,4 wheel drive / SUV,,1,0,0,0,0,6,June,Winter,Thursday,18:00 - 19:59,PM peak / evening commute,True,False,False,False
1355271,Non-casualty (towaway),Non-casualty (towaway),2024,2024,May,Friday,10:00 - 11:59,CASTLEREAGH,HWY,1500,South,MUDGEE,RD,CUDGEGONG,18.0,No,Not a school zone,2-way undivided,-32.705763,149.72358,Mid-Western Regional,Country non-urban,Rest of NSW - Rural,Straight,,,,Unknown / not stated,Sealed,Dry,Unknown,Daylight,Nil,No traffic controls,100 km/h,State,67,Struck animal,609,On path - Hit animal,,Vehicle - Animal,Car (sedan/hatch),,1,0,0,0,0,5,May,Autumn,Friday,10:00 - 11:59,Midday / afternoon,False,False,False,False
1355272,Non-casualty (towaway),Non-casualty (towaway),2024,2024,June,Monday,14:00 - 15:59,RAYMOND TERRACE,RD,0,Right on the spot,HUNTER,ST,EAST MAITLAND,104.0,No,Not a school zone,T-junction,-32.751011,151.598467,Maitland,Country urban,Rest of NSW - Urban,Straight,,,,Unknown / not stated,Sealed,Dry,Fine,Daylight,Nil,Give way sign,50 km/h,State,32,Right rear,303,Same - Rear right,,Rear end,Light truck utility(from 2018),Car (sedan/hatch),3,0,0,0,0,6,June,Winter,Monday,14:00 - 15:59,Midday / afternoon,False,False,False,False
1355273,Non-casualty (towaway),Non-casualty (towaway),2024,2024,June,Saturday,18:00 - 19:59,RUGBY,RD,0,Right on the spot,WELLS,CK,BEVENDALE,,No,Not a school zone,2-way undivided,-34.527592,149.113672,Upper Lachlan,Country non-urban,Rest of NSW - Rural,Straight,Causeway,,,Unknown / not stated,Unsealed,Dry,Fine,Darkness,Nil,No traffic controls,100 km/h,Local,73,Off rd rght => obj,704,Right off cway into obj,,Vehicle - Object,4 wheel drive / SUV,,1,0,0,0,0,6,June,Winter,Saturday,18:00 - 19:59,PM peak / evening commute,True,False,False,False
1355277,Non-casualty (towaway),Non-casualty (towaway),2024,2024,June,Sunday,00:01 - 01:59,WHEELBARROW RIDGE,RD,2000,West,GREENS,RD,LOWER PORTLAND,,No,Not a school zone,2-way undivided,-33.422833,150.875404,Hawkesbury,Country urban,Syd-Newc-Woll Gtr conurbation,Curved,Embankment/cutting,,,Unknown / not stated,Unsealed,Wet,Overcast,Darkness,Nil,No traffic controls,50 km/h,Local,85,Off rt/lft bnd=>obj,804,Off left bend into obj,Right,Vehicle - Object,Light truck utility(from 2018),,1,0,0,0,0,6,June,Winter,Sunday,00:01 - 01:59,Late night / early morning,False,False,False,False
1355279,Non-casualty (towaway),Non-casualty (towaway),2024,2024,June,Wednesday,18:00 - 19:59,BEECROFT,RD,0,Right on the spot,WELHAM,ST,BEECROFT,139.0,Yes,No,T-junction,-33.753246,151.065943,Hornsby,Sydney metro. area,Syd-Newc-Woll Gtr conurbation,Straight,,,,Unknown / not stated,Sealed,Dry,Fine,Dusk,Nil,No traffic controls,60 km/h,State,11,Right far,102,Adj - Right-thru from left,,Right angle,Car (sedan/hatch),4 wheel drive / SUV,2,0,0,0,0,6,June,Winter,Wednesday,18:00 - 19:59,PM peak / evening commute,True,False,False,False
1355281,Non-casualty (towaway),Non-casualty (towaway),2024,2024,June,Tuesday,16:00 - 17:59,WALLGROVE,RD,100,North,WONDERLAND,DR,EASTERN CREEK,515.0,No,Not a school zone,Divided road,-33.804825,150.851844,Blacktown,Sydney metro. area,Syd-Newc-Woll Gtr conurbation,Straight,,,,Unknown / not stated,Sealed,Dry,Fine,Daylight,Nil,No traffic controls,70 km/h,State,34,Lane change right,306,Same - Lane change right,,Other angle,Car (sedan/hatch),4 wheel drive / SUV,3,0,0,0,0,6,June,Winter,Tuesday,16:00 - 17:59,PM peak / evening commute,True,False,False,False
1355285,Non-casualty (towaway),Non-casualty (towaway),2024,2024,June,Saturday,18:00 - 19:59,PACIFIC,HWY,0,Right on the spot,ANZAC,RD,TUGGERAH,10.0,No,Not a school zone,T-junction,-33.307306,151.419959,Central Coast,Country urban,Syd-Newc-Woll Gtr conurbation,Straight,,,,Unknown / not stated,Sealed,Wet,Raining,Dusk,On,No traffic controls,60 km/h,State,30,Rear end,301,Same - Rear end,,Rear end,4 wheel drive / SUV,Car (sedan/hatch),2,0,0,0,0,6,June,Winter,Saturday,18:00 - 19:59,PM peak / evening commute,True,False,False,False
1355286,Non-casualty (towaway),Non-casualty (towaway),2024,2024,June,Saturday,22:00 - Midnight,FOGGS CROSSING,RD,2600,West,GRABINE,RD,BIGGA,,No,Not a school zone,2-way undivided,-33.999669,149.078119,Upper Lachlan,Country non-urban,Rest of NSW - Rural,Curved,,,,Unknown / not stated,Unsealed,Wet,Fog or mist,Darkness,Nil,No traffic controls,100 km/h,Local,87,Off lft/lft bnd=>obj,804,Off left bend into obj,Left,Vehicle - Object,Light truck utility(from 2018),,1,0,0,0,0,6,June,Winter,Saturday,22:00 - Midnight,Evening / night,False,False,False,False
1355288,Non-casualty (towaway),Non-casualty (towaway),2024,2024,June,Saturday,12:00 - 13:59,CAMPBELL,CRES,0,Right on the spot,CARLTON,AVE,GOONELLABAH,,No,Not a school zone,T-junction,-28.820704,153.313334,Lismore,Country urban,Rest of NSW - Urban,Curved,Steep grade,,,Unknown / not stated,Sealed,Dry,Fine,Daylight,Nil,No traffic controls,40 km/h,Local,40,U turn,304,Same - U-turn,,Other angle,Car (sedan/hatch),Car (sedan/hatch),2,0,0,0,0,6,June,Winter,Saturday,12:00 - 13:59,Midday / afternoon,False,False,False,False
1355293,Non-casualty (towaway),Non-casualty (towaway),2024,2024,June,Friday,16:00 - 17:59,MURRAY,RD,0,Right on the spot,RICHARDSON,ST,WINGHAM,,No,Not a school zone,X-intersection,-31.868067,152.361122,Mid-Coast,Country urban,Rest of NSW - Urban,Straight,,,,Unknown / not stated,Sealed,Dry,Fine,Daylight,Nil,Give way sign,50 km/h,Local,10,Cross traffic,101,Adj - Cross traffic,,Right angle,4 wheel drive / SUV,4 wheel drive / SUV,2,0,0,0,0,6,June,Winter,Friday,16:00 - 17:59,PM peak / evening commute,True,False,False,False
1355294,Non-casualty (towaway),Non-casualty (towaway),2024,2024,June,Tuesday,16:00 - 17:59,GARFIELD,RD,0,Right on the spot,CLARKE,ST,ROUSE HILL,546.0,No,Not a school zone,T-junction,-33.670227,150.878913,Blacktown,Sydney metro. area,Syd-Newc-Woll Gtr conurbation,Straight,Other bridge,,,Unknown / not stated,Sealed,Dry,Fine,Darkness,Nil,No traffic controls,60 km/h,State,40,U turn,304,Same - U-turn,,Other angle,4 wheel drive / SUV,Light truck utility(from 2018),2,0,0,0,0,6,June,Winter,Tuesday,16:00 - 17:59,PM peak / evening commute,True,False,False,False
1355295,Non-casualty (towaway),Non-casualty (towaway),2024,2024,June,Wednesday,10:00 - 11:59,LUMLEY,ST,0,Right on the spot,NUMBER 23,HN,GRANVILLE,,Yes,No,2-way undivided,-33.835335,151.009542,Cumberland,Sydney metro. area,Syd-Newc-Woll Gtr conurbation,Straight,Driveway/entrance,,,Unknown / not stated,Sealed,Dry,Fine,Daylight,Nil,No traffic controls,50 km/h,Local,21,Right through,202,Opp - Right-thru,,Other angle,4 wheel drive / SUV,Car (sedan/hatch),2,0,0,0,0,6,June,Winter,Wednesday,10:00 - 11:59,Midday / afternoon,False,False,False,False
1355296,Non-casualty (towaway),Non-casualty (towaway),2024,2024,June,Wednesday,18:00 - 19:59,CANTERBURY,RD,20,West,VICTORIA,RD,PUNCHBOWL,167.0,No,Not a school zone,2-way undivided,-33.932005,151.053157,Canterbury-Bankstown,Sydney metro. area,Syd-Newc-Woll Gtr conurbation,Straight,Driveway/entrance,,,Unknown / not stated,Sealed,Dry,Fine,Dusk,Nil,No traffic controls,60 km/h,State,47,Emerging from drive,406,Manov - Emerging from driveway,,Right angle,Car (sedan/hatch),Light truck,2,0,0,0,0,6,June,Winter,Wednesday,18:00 - 19:59,PM peak / evening commute,True,False,False,False
1355298,Non-casualty (towaway),Non-casualty (towaway),2024,2024,June,Monday,06:00 - 07:59,BRUSHWOOD,DR,0,Right on the spot,NUMBER 95,HN,ALFORDS POINT,,No,Not a school zone,2-way undivided,-33.985251,151.02244,Sutherland,Sydney metro. area,Syd-Newc-Woll Gtr conurbation,Straight,,,,Unknown / not stated,Sealed,Dry,Fine,Daylight,Nil,No traffic controls,50 km/h,Local,71,Off rd left => obj,703,Left off cway into object,,Other angle,Light truck utility(from 2018),Car (sedan/hatch),2,0,0,0,0,6,June,Winter,Monday,06:00 - 07:59,AM peak / school commute,True,False,False,False
1355299,Non-casualty (towaway),Non-casualty (towaway),2024,2024,June,Tuesday,18:00 - 19:59,CRAWFORD,RD,0,Right on the spot,CROSS,ST,DOONSIDE,,No,Not a school zone,Roundabout,-33.763016,150.864791,Blacktown,Sydney metro. area,Syd-Newc-Woll Gtr conurbation,Straight,,,,Unknown / not stated,Sealed,Dry,Fine,Darkness,Nil,Give way sign,50 km/h,Local,30,Rear end,301,Same - Rear end,,Rear end,Passenger van,4 wheel drive / SUV,2,0,0,0,0,6,June,Winter,Tuesday,18:00 - 19:59,PM peak / evening commute,True,False,False,False
1355300,Non-casualty (towaway),Non-casualty (towaway),2024,2024,June,Monday,12:00 - 13:59,DARLEY,ST,0,Right on the spot,NUMBER 72,HN,MONA VALE,7353.0,No,Not a school zone,2-way undivided,-33.674598,151.305396,Northern Beaches,Sydney metro. area,Syd-Newc-Woll Gtr conurbation,Straight,Driveway/entrance,,,Unknown / not stated,Sealed,Dry,Fine,Daylight,Nil,No traffic controls,50 km/h,Regional,47,Emerging from drive,406,Manov - Emerging from driveway,,Right angle,4 wheel drive / SUV,Car (sedan/hatch),3,0,0,0,0,6,June,Winter,Monday,12:00 - 13:59,Midday / afternoon,False,False,False,False
1355301,Non-casualty (towaway),Non-casualty (towaway),2024,2024,June,Saturday,16:00 - 17:59,PITT,ST,35,South,GOULBURN,ST,HAYMARKET,,No,Not a school zone,2-way undivided,-33.8784,151.207342,Sydney,Sydney metro. area,Syd-Newc-Woll Gtr conurbation,Straight,Driveway/entrance,,,Unknown / not stated,Sealed,Dry,Fine,Dusk,Nil,No traffic controls,40 km/h,Local,49,Other manoeuvring,400,Manov - other,,Other angle,4 wheel drive / SUV,Car (sedan/hatch),2,0,0,0,0,6,June,Winter,Saturday,16:00 - 17:59,PM peak / evening commute,True,False,False,False
1355302,Non-casualty (towaway),Non-casualty (towaway),2024,2024,June,Wednesday,18:00 - 19:59,LAWSON,ST,0,Right on the spot,STURT,CCT,DUBBO,,No,Not a school zone,X-intersection,-32.245339,148.63776,Dubbo Regional,Country urban,Rest of NSW - Urban,Straight,,,,Unknown / not stated,Sealed,Dry,Fine,Darkness,Nil,Give way sign,50 km/h,Local,10,Cross traffic,101,Adj - Cross traffic,,Right angle,Utility,Station wagon,2,0,0,0,0,6,June,Winter,Wednesday,18:00 - 19:59,PM peak / evening commute,True,False,False,False
1355305,Non-casualty (towaway),Non-casualty (towaway),2024,2024,June,Sunday,08:00 - 09:59,SHOWGROUND,RD,0,Right on the spot,VICTORIA,AVE,CASTLE HILL,157.0,No,Not a school zone,X-intersection,-33.724998,150.976862,The Hills,Sydney metro. area,Syd-Newc-Woll Gtr conurbation,Straight,,,,Unknown / not stated,Sealed,Dry,Fine,Daylight,On,No traffic controls,60 km/h,State,30,Rear end,301,Same - Rear end,,Rear end,Car (sedan/hatch),Car (sedan/hatch),2,0,0,0,0,6,June,Winter,Sunday,08:00 - 09:59,AM peak / school commute,True,False,False,False
1355307,Non-casualty (towaway),Non-casualty (towaway),2024,2024,June,Saturday,16:00 - 17:59,RAILWAY,AVE,40,West,PALMER,RD,LEETON,,No,Not a school zone,2-way undivided,-34.555014,146.396767,Leeton,Country urban,Rest of NSW - Urban,Straight,Railway level x,,,Unknown / not stated,Sealed,Dry,Fine,Daylight,Nil,Give way sign,60 km/h,Local,71,Off rd left => obj,703,Left off cway into object,,Vehicle - Object,Car (sedan/hatch),,1,0,0,0,0,6,June,Winter,Saturday,16:00 - 17:59,PM peak / evening commute,True,False,False,False
1355312,Non-casualty (towaway),Non-casualty (towaway),2024,2024,June,Sunday,16:00 - 17:59,KOSCIUSZKO,RD,0,Right on the spot,NUMBER 6469,HN,JINDABYNE,286.0,No,Not a school zone,2-way undivided,-36.413957,148.596524,Snowy Monaro Regional,Country urban,Rest of NSW - Urban,Curved,,,,Unknown / not stated,Sealed,Dry,Fine,Dusk,Nil,No traffic controls,80 km/h,State,67,Struck animal,609,On path - Hit animal,,Vehicle - Animal,Car (sedan/hatch),,1,0,0,0,0,6,June,Winter,Sunday,16:00 - 17:59,PM peak / evening commute,True,False,False,False
1355313,Non-casualty (towaway),Non-casualty (towaway),2024,2024,June,Wednesday,08:00 - 09:59,MAWSON,ST,50,West,SANDGATE,RD,SHORTLAND,,No,Not a school zone,2-way undivided,-32.884256,151.695686,Newcastle,Newcastle met. area,Syd-Newc-Woll Gtr conurbation,Straight,,,,Unknown / not stated,Sealed,Dry,Fine,Daylight,Nil,No traffic controls,50 km/h,Local,71,Off rd left => obj,703,Left off cway into object,,Other angle,4 wheel drive / SUV,Car (sedan/hatch),2,0,0,0,0,6,June,Winter,Wednesday,08:00 - 09:59,AM peak / school commute,True,False,False,False
1355317,Non-casualty (towaway),Non-casualty (towaway),2024,2024,June,Saturday,16:00 - 17:59,PRINCES,HWY,110,North,CLARE,ST,SYLVANIA,1.0,No,Not a school zone,Divided road,-34.00651,151.111997,Sutherland,Sydney metro. area,Syd-Newc-Woll Gtr conurbation,Straight,Other bridge,,,Unknown / not stated,Sealed,Dry,Fine,Darkness,Nil,No traffic controls,70 km/h,State,73,Off rd rght => obj,704,Right off cway into obj,,Vehicle - Object,Car (sedan/hatch),,1,0,0,0,0,6,June,Winter,Saturday,16:00 - 17:59,PM peak / evening commute,True,False,False,False
1355318,Non-casualty (towaway),Non-casualty (towaway),2024,2024,June,Tuesday,08:00 - 09:59,HILLIER,ST,0,Right on the spot,MACKENZIE,ST,CONCORD WEST,,No,Not a school zone,X-intersection,-33.853664,151.089714,Canada Bay,Sydney metro. area,Syd-Newc-Woll Gtr conurbation,Straight,,,,Unknown / not stated,Sealed,Dry,Fine,Daylight,Nil,Give way sign,50 km/h,Local,10,Cross traffic,101,Adj - Cross traffic,,Right angle,Car (sedan/hatch),Station wagon,2,0,0,0,0,6,June,Winter,Tuesday,08:00 - 09:59,AM peak / school commute,True,False,False,False
1355319,Non-casualty (towaway),Non-casualty (towaway),2024,2024,June,Sunday,14:00 - 15:59,KURNELL,ST,0,Right on the spot,NUMBER 32,HN,BOTANY,,No,Not a school zone,2-way undivided,-33.94969,151.204952,Bayside,Sydney metro. area,Syd-Newc-Woll Gtr conurbation,Straight,Driveway/entrance,,,Nil,Sealed,Dry,Fine,Daylight,Nil,No traffic controls,50 km/h,Local,71,Off rd left => obj,703,Left off cway into object,,Vehicle - Object,Car (sedan/hatch),,1,0,0,0,0,6,June,Winter,Sunday,14:00 - 15:59,Midday / afternoon,False,False,False,False
1355324,Non-casualty (towaway),Non-casualty (towaway),2024,2024,June,Friday,12:00 - 13:59,TWEED VALLEY,WAY,0,Right on the spot,NUMBER 230,HN,SOUTH MURWILLUMBAH,679.0,No,Not a school zone,2-way undivided,-28.327594,153.407347,Tweed,Country urban,Rest of NSW - Urban,Straight,Driveway/entrance,,,Unknown / not stated,Sealed,Dry,Fine,Daylight,Nil,No traffic controls,60 km/h,Regional,47,Emerging from drive,406,Manov - Emerging from driveway,,Right angle,Car (sedan/hatch),4 wheel drive / SUV,2,0,0,0,0,6,June,Winter,Friday,12:00 - 13:59,Midday / afternoon,False,False,False,False
1355326,Non-casualty (towaway),Non-casualty (towaway),2024,2024,June,Monday,16:00 - 17:59,HUME,ST,0,Right on the spot,FINLAY,RD,GOULBURN,676.0,No,Not a school zone,X-intersection,-34.769083,149.696323,Goulburn Mulwaree,Country urban,Rest of NSW - Urban,Straight,,,,Unknown / not stated,Sealed,Dry,Fine,Daylight,Nil,Give way sign,60 km/h,State,10,Cross traffic,101,Adj - Cross traffic,,Right angle,Passenger van,Car (sedan/hatch),2,0,0,0,0,6,June,Winter,Monday,16:00 - 17:59,PM peak / evening commute,True,False,False,False
1355328,Non-casualty (towaway),Non-casualty (towaway),2024,2024,June,Monday,08:00 - 09:59,SPIT,RD,0,Right on the spot,NUMBER 162A,HN,MOSMAN,164.0,No,Not a school zone,Divided road,-33.817358,151.243531,Mosman,Sydney metro. area,Syd-Newc-Woll Gtr conurbation,Straight,,,,Unknown / not stated,Sealed,Dry,Fine,Daylight,Nil,No traffic controls,60 km/h,State,30,Rear end,301,Same - Rear end,,Rear end,4 wheel drive / SUV,4 wheel drive / SUV,2,0,0,0,0,6,June,Winter,Monday,08:00 - 09:59,AM peak / school commute,True,False,False,False
1355329,Non-casualty (towaway),Non-casualty (towaway),2024,2024,June,Friday,10:00 - 11:59,EDWARD,ST,0,Right on the spot,WILBURTREE,ST,SOUTH TAMWORTH,,No,Not a school zone,Roundabout,-31.117448,150.917051,Tamworth Regional,Country urban,Rest of NSW - Urban,Curved,,,,Unknown / not stated,Sealed,Dry,Fine,Daylight,Nil,Give way sign,50 km/h,Local,10,Cross traffic,101,Adj - Cross traffic,,Right angle,Car (sedan/hatch),4 wheel drive / SUV,2,0,0,0,0,6,June,Winter,Friday,10:00 - 11:59,Midday / afternoon,False,False,False,False
1355330,Non-casualty (towaway),Non-casualty (towaway),2024,2024,June,Wednesday,10:00 - 11:59,BRISBANE WATER,DR,0,Right on the spot,NUMBER 65,HN,POINT CLARE,349.0,No,Not a school zone,2-way undivided,-33.44505,151.328447,Central Coast,Country urban,Syd-Newc-Woll Gtr conurbation,Straight,,,,Unknown / not stated,Sealed,Dry,Fine,Daylight,Nil,No traffic controls,60 km/h,State,34,Lane change right,306,Same - Lane change right,,Other angle,Car (sedan/hatch),Large rigid,2,0,0,0,0,6,June,Winter,Wednesday,10:00 - 11:59,Midday / afternoon,False,False,False,False
1355331,Non-casualty (towaway),Non-casualty (towaway),2024,2024,June,Sunday,20:00 - 21:59,LAWRENCE ST,ST,30,South,LAWRENCE,ST,FRESHWATER,7343.0,No,Not a school zone,2-way undivided,-33.778339,151.280621,Northern Beaches,Sydney metro. area,Syd-Newc-Woll Gtr conurbation,Curved,,,,Unknown / not stated,Sealed,Dry,Fine,Darkness,Nil,No traffic controls,60 km/h,Regional,81,Off left/rt bnd=>obj,803,Off right bend into obj,Left,Other angle,Car (sedan/hatch),Car (sedan/hatch),3,0,0,0,0,6,June,Winter,Sunday,20:00 - 21:59,Evening / night,False,False,False,False
1355332,Non-casualty (towaway),Non-casualty (towaway),2024,2024,June,Tuesday,06:00 - 07:59,CUMBERLAND,HWY,10,North,ROBERT,ST,SMITHFIELD,13.0,No,Not a school zone,T-junction,-33.850821,150.944005,Fairfield,Sydney metro. area,Syd-Newc-Woll Gtr conurbation,Straight,,,,Unknown / not stated,Sealed,Dry,Fine,Daylight,Nil,No traffic controls,70 km/h,State,30,Rear end,301,Same - Rear end,,Rear end,Light truck,Light truck utility(from 2018),3,0,0,0,0,6,June,Winter,Tuesday,06:00 - 07:59,AM peak / school commute,True,False,False,False
1355333,Non-casualty (towaway),Non-casualty (towaway),2024,2024,June,Tuesday,04:00 - 05:59,BARANGAROO,RD,0,Right on the spot,LAMONERIE,ST,TOONGABBIE,,No,Not a school zone,X-intersection,-33.788204,150.955525,Parramatta,Sydney metro. area,Syd-Newc-Woll Gtr conurbation,Straight,,,,Unknown / not stated,Sealed,Dry,Fine,Darkness,Nil,Stop sign,50 km/h,Local,10,Cross traffic,101,Adj - Cross traffic,,Right angle,4 wheel drive / SUV,4 wheel drive / SUV,2,0,0,0,0,6,June,Winter,Tuesday,04:00 - 05:59,Late night / early morning,False,False,False,False
1355336,Non-casualty (towaway),Non-casualty (towaway),2024,2024,June,Wednesday,10:00 - 11:59,PRINCES,HWY,0,Right on the spot,ALBERT,ST,ST PETERS,1.0,No,Not a school zone,T-junction,-33.91282,151.179077,Inner West,Sydney metro. area,Syd-Newc-Woll Gtr conurbation,Straight,,,,Unknown / not stated,Sealed,Dry,Fine,Daylight,Nil,Give way sign,50 km/h,State,30,Rear end,301,Same - Rear end,,Rear end,Light truck utility(from 2018),Light truck utility(from 2018),2,0,0,0,0,6,June,Winter,Wednesday,10:00 - 11:59,Midday / afternoon,False,False,False,False
1355339,Non-casualty (towaway),Non-casualty (towaway),2024,2024,April,Tuesday,20:00 - 21:59,HUME,HWY,0,Right on the spot,CENTENARY,DR,STRATHFIELD,2.0,No,Not a school zone,T-junction,-33.885847,151.068928,Strathfield,Sydney metro. area,Syd-Newc-Woll Gtr conurbation,Curved,Underpass/tunnel,,,Unknown / not stated,Sealed,Dry,Fine,Darkness,On,No traffic controls,60 km/h,State,30,Rear end,301,Same - Rear end,,Rear end,4 wheel drive / SUV,4 wheel drive / SUV,3,0,0,0,0,4,April,Autumn,Tuesday,20:00 - 21:59,Evening / night,False,False,False,False
1355340,Non-casualty (towaway),Non-casualty (towaway),2024,2024,April,Wednesday,00:01 - 01:59,BAKER,PL,10,North,PLOWMAN,RD,MINTO,,No,Not a school zone,T-junction,-34.019229,150.865106,Campbelltown,Sydney metro. area,Syd-Newc-Woll Gtr conurbation,Straight,,,,Unknown / not stated,Sealed,Dry,Fine,Darkness,Nil,No traffic controls,50 km/h,Local,71,Off rd left => obj,703,Left off cway into object,,Other angle,4 wheel drive / SUV,Light truck utility(from 2018),2,0,0,0,0,4,April,Autumn,Wednesday,00:01 - 01:59,Late night / early morning,False,False,False,False
1355347,Non-casualty (towaway),Non-casualty (towaway),2024,2024,June,Tuesday,20:00 - 21:59,OLD GUNDAGAI,RD,0,Right on the spot,NUMBER 267,HN,COOTAMUNDRA,,No,Not a school zone,2-way undivided,-34.670865,148.116234,Cootamundra-Gundagai,Country non-urban,Rest of NSW - Rural,Curved,Embankment/cutting,,,Unknown / not stated,Sealed,Dry,Fine,Darkness,Nil,No traffic controls,100 km/h,Local,81,Off left/rt bnd=>obj,803,Off right bend into obj,Left,Vehicle - Object,Car (sedan/hatch),,1,0,0,0,0,6,June,Winter,Tuesday,20:00 - 21:59,Evening / night,False,False,False,False
1355349,Non-casualty (towaway),Non-casualty (towaway),2024,2024,June,Saturday,08:00 - 09:59,PRINCES,HWY,30,South,BESTIC,ST,ROCKDALE,1.0,No,Not a school zone,Divided road,-33.948653,151.139733,Bayside,Sydney metro. area,Syd-Newc-Woll Gtr conurbation,Straight,,,,Unknown / not stated,Sealed,Wet,Raining,Daylight,Nil,No traffic controls,60 km/h,State,35,Lane change left,307,Same - Lane change left,,Other angle,Other bus,Car (sedan/hatch),2,0,0,0,0,6,June,Winter,Saturday,08:00 - 09:59,AM peak / school commute,True,False,False,False
1355364,Non-casualty (towaway),Non-casualty (towaway),2024,2024,May,Tuesday,22:00 - Midnight,BURWOOD,RD,0,Right on the spot,KAHIBAH,ST,WHITEBRIDGE,,No,Not a school zone,T-junction,-32.980931,151.714406,Lake Macquarie,Newcastle met. area,Syd-Newc-Woll Gtr conurbation,Straight,Steep grade,,,Nil,Sealed,Wet,Raining,Darkness,Nil,Stop sign,50 km/h,Local,75,Off end of road,709,Off end cway or T junct,,Vehicle - Object,Passenger van,,1,0,0,0,0,5,May,Autumn,Tuesday,22:00 - Midnight,Evening / night,False,False,False,False
1355367,Non-casualty (towaway),Non-casualty (towaway),2024,2024,June,Tuesday,16:00 - 17:59,MITCHELL,HWY,0,Right on the spot,TELOPEA,WAY,ORANGE,7.0,No,Not a school zone,T-junction,-33.254677,149.10165,Orange,Country urban,Rest of NSW - Urban,Straight,,,,Off,Sealed,Dry,Fine,Dusk,On,No traffic controls,70 km/h,State,30,Rear end,301,Same - Rear end,,Rear end,4 wheel drive / SUV,Unknown motor vehicle,2,0,0,0,0,6,June,Winter,Tuesday,16:00 - 17:59,PM peak / evening commute,True,False,False,False
1355377,Non-casualty (towaway),Non-casualty (towaway),2024,2024,June,Friday,08:00 - 09:59,SNOWY MOUNTAINS,HWY,30,South,MERIVALE,ST,TUMUT,4.0,No,Not a school zone,2-way undivided,-35.299027,148.223927,Snowy Valleys,Country urban,Rest of NSW - Urban,Straight,Steep grade,,,Nil,Sealed,Wet,Fine,Daylight,Nil,No traffic controls,50 km/h,State,40,U turn,304,Same - U-turn,,Other angle,Car (sedan/hatch),Light truck utility(from 2018),2,0,0,0,0,6,June,Winter,Friday,08:00 - 09:59,AM peak / school commute,True,False,False,False
1355378,Non-casualty (towaway),Non-casualty (towaway),2024,2024,June,Friday,00:01 - 01:59,REMEMBRANCE,DR,0,Right on the spot,WIRE,LANE,CAMDEN SOUTH,620.0,No,Not a school zone,T-junction,-34.09063,150.695015,Camden,Sydney metro. area,Syd-Newc-Woll Gtr conurbation,Straight,,,,On,Sealed,Dry,Fine,Darkness,Nil,Give way sign,80 km/h,State,71,Off rd left => obj,703,Left off cway into object,,Vehicle - Object,Station wagon,,1,0,0,0,0,6,June,Winter,Friday,00:01 - 01:59,Late night / early morning,False,False,False,False
1355382,Non-casualty (towaway),Non-casualty (towaway),2024,2024,March,Tuesday,08:00 - 09:59,ELIZABETH,ST,75,East,MACQUARIE,DR,ELEEBANA,,No,Not a school zone,2-way undivided,-32.991403,151.637614,Lake Macquarie,Newcastle met. area,Syd-Newc-Woll Gtr conurbation,Straight,,,,Off,Sealed,Dry,Fine,Daylight,Nil,No traffic controls,50 km/h,Local,71,Off rd left => obj,703,Left off cway into object,,Other angle,Car (sedan/hatch),Boat trailer,2,0,0,0,0,3,March,Autumn,Tuesday,08:00 - 09:59,AM peak / school commute,True,False,False,False