crash_id,degree_of_crash,degree_of_crash_-_detailed,reporting_year,year_of_crash,month_of_crash,day_of_week_of_crash,two-hour_intervals,street_of_crash,street_type,distance,direction,identifying_feature,identifying_feature_type,town,route_no.,school_zone_location,school_zone_active,type_of_location,latitude,longitude,lga,urbanisation,conurbation_1,alignment,primary_permanent_feature,primary_temporary_feature,primary_hazardous_feature,street_lighting,road_surface,surface_condition,weather,natural_lighting,signals_operation,other_traffic_control,speed_limit,road_classification_(admin),rum_-_code,rum_-_description,dca_-_code,dca_-_description,dca_supplement,first_impact_type,key_tu_type,other_tu_type,no._of_traffic_units_involved,no._killed,no._seriously_injured,no._moderately_injured,no._minor-other_injured,month_num,month_label,season,day_label,time_label,time_band,is_peak_commute,is_fatal,is_injury,is_casualty
1355387,Non-casualty (towaway),Non-casualty (towaway),2024,2024,May,Friday,00:01 - 01:59,TONGARRA,RD,50,East,STAPLETON,AVE,ALBION PARK,262.0,No,Not a school zone,2-way undivided,-34.570271,150.780492,Shellharbour,Wollongong met. area,Syd-Newc-Woll Gtr conurbation,Straight,,,,On,Sealed,Dry,Fine,Darkness,Nil,No traffic controls,50 km/h,State,71,Off rd left => obj,703,Left off cway into object,,Vehicle - Object,Car (sedan/hatch),,1,0,0,0,0,5,May,Autumn,Friday,00:01 - 01:59,Late night / early morning,False,False,False,False
1355399,Non-casualty (towaway),Non-casualty (towaway),2024,2024,June,Sunday,00:01 - 01:59,CARPENTER,ST,0,Right on the spot,NUMBER 47,HN,UMINA BEACH,,No,Not a school zone,2-way undivided,-33.508816,151.310421,Central Coast,Country urban,Syd-Newc-Woll Gtr conurbation,Straight,,,,Nil,Sealed,Wet,Raining,Darkness,Nil,No traffic controls,50 km/h,Local,71,Off rd left => obj,703,Left off cway into object,,Other angle,4 wheel drive / SUV,Light truck utility(from 2018),2,0,0,0,0,6,June,Winter,Sunday,00:01 - 01:59,Late night / early morning,False,False,False,False
1355405,Non-casualty (towaway),Non-casualty (towaway),2024,2024,June,Monday,08:00 - 09:59,ADAMS,ST,125,West,MCGOWAN,ST,COOTAMUNDRA,,No,Not a school zone,2-way undivided,-34.629944,148.019489,Cootamundra-Gundagai,Country urban,Rest of NSW - Urban,Straight,Ditch/drain/culvert,,,Nil,Sealed,Wet,Fog or mist,Daylight,Nil,No traffic controls,50 km/h,Local,71,Off rd left => obj,703,Left off cway into object,,Vehicle - Object,Car (sedan/hatch),,1,0,0,0,0,6,June,Winter,Monday,08:00 - 09:59,AM peak / school commute,True,False,False,False
1355407,Non-casualty (towaway),Non-casualty (towaway),2024,2024,June,Sunday,10:00 - 11:59,CANTERBURY,RD,0,Right on the spot,CHELMSFORD,AVE,BELMORE,167.0,No,Not a school zone,T-junction,-33.921552,151.096409,Canterbury-Bankstown,Sydney metro. area,Syd-Newc-Woll Gtr conurbation,Straight,,,,Off,Sealed,Dry,Fine,Daylight,Nil,No traffic controls,60 km/h,State,13,Right near,104,Adj - Right-thru from right,,Right angle,Car (sedan/hatch),Car (sedan/hatch),2,0,0,0,0,6,June,Winter,Sunday,10:00 - 11:59,Midday / afternoon,False,False,False,False
1355411,Non-casualty (towaway),Non-casualty (towaway),2024,2024,May,Thursday,18:00 - 19:59,KING GEORGES,RD,0,Right on the spot,SOUTH WESTERN EXPRESSWAY,TO,BEVERLY HILLS,200.0,No,Not a school zone,Divided road,-33.942738,151.076727,Canterbury-Bankstown,Sydney metro. area,Syd-Newc-Woll Gtr conurbation,Straight,,,,On,Sealed,Dry,Fine,Dusk,Nil,No traffic controls,60 km/h,State,33,Lane sideswipe,305,Same - Lane side swipe,,Other angle,Unknown motor vehicle,Station wagon,2,0,0,0,0,5,May,Autumn,Thursday,18:00 - 19:59,PM peak / evening commute,True,False,False,False
1355449,Non-casualty (towaway),Non-casualty (towaway),2024,2024,June,Tuesday,18:00 - 19:59,M7 WESTLINK,EXP,0,Right on the spot,SUNNYHOLT ROAD,TO,KINGS LANGLEY,6009.0,No,Not a school zone,Dual freeway,-33.740314,150.924282,Blacktown,Sydney metro. area,Syd-Newc-Woll Gtr conurbation,Straight,,,,On,Sealed,Dry,Fine,Darkness,Nil,No traffic controls,100 km/h,State,71,Off rd left => obj,703,Left off cway into object,,Vehicle - Object,4 wheel drive / SUV,,1,0,0,0,0,6,June,Winter,Tuesday,18:00 - 19:59,PM peak / evening commute,True,False,False,False
1355451,Non-casualty (towaway),Non-casualty (towaway),2024,2024,June,Friday,18:00 - 19:59,BOYD,BVD,0,Right on the spot,SOUTH,ST,MEDOWIE,,No,Not a school zone,T-junction,-32.758027,151.886649,Port Stephens,Country urban,Rest of NSW - Urban,Straight,,,,Nil,Sealed,Wet,Overcast,Darkness,Nil,No traffic controls,50 km/h,Local,75,Off end of road,709,Off end cway or T junct,,Vehicle - Object,Passenger van,,1,0,0,0,0,6,June,Winter,Friday,18:00 - 19:59,PM peak / evening commute,True,False,False,False
1355453,Non-casualty (towaway),Non-casualty (towaway),2024,2024,June,Tuesday,18:00 - 19:59,CARNARVON,RD,0,Right on the spot,GRANGE,AVE,SCHOFIELDS,,No,Not a school zone,X-intersection,-33.700472,150.857519,Blacktown,Sydney metro. area,Syd-Newc-Woll Gtr conurbation,Straight,,,,Nil,Sealed,Dry,Fine,Darkness,Nil,Stop sign,60 km/h,Local,10,Cross traffic,101,Adj - Cross traffic,,Right angle,4 wheel drive / SUV,Light truck utility(from 2018),2,0,0,0,0,6,June,Winter,Tuesday,18:00 - 19:59,PM peak / evening commute,True,False,False,False
1355454,Non-casualty (towaway),Non-casualty (towaway),2024,2024,June,Saturday,00:01 - 01:59,BELMORE,ST,0,Right on the spot,MATHEWS,ST,WEST TAMWORTH,,No,Not a school zone,X-intersection,-31.099784,150.918935,Tamworth Regional,Country urban,Rest of NSW - Urban,Straight,,,,On,Sealed,Wet,Raining,Darkness,Nil,Give way sign,50 km/h,Local,10,Cross traffic,101,Adj - Cross traffic,,Right angle,Car (sedan/hatch),4 wheel drive / SUV,2,0,0,0,0,6,June,Winter,Saturday,00:01 - 01:59,Late night / early morning,False,False,False,False
1355461,Non-casualty (towaway),Non-casualty (towaway),2024,2024,May,Sunday,02:00 - 03:59,GREAT WESTERN,HWY,0,Right on the spot,GEORGE,ST,CLYDE,5.0,No,Not a school zone,T-junction,-33.833136,151.017781,Parramatta,Sydney metro. area,Syd-Newc-Woll Gtr conurbation,Straight,,,,On,Sealed,Wet,Raining,Darkness,Nil,No right turn,60 km/h,State,16,Left near,107,Adj - Left-thru from right,,Right angle,Car (sedan/hatch),4 wheel drive / SUV,2,0,0,0,0,5,May,Autumn,Sunday,02:00 - 03:59,Late night / early morning,False,False,False,False
1355476,Non-casualty (towaway),Non-casualty (towaway),2024,2024,June,Saturday,12:00 - 13:59,CHALEYER,ST,0,Right on the spot,NUMBER 58,HN,ROSE BAY,,No,Not a school zone,2-way undivided,-33.877408,151.275103,Waverley,Sydney metro. area,Syd-Newc-Woll Gtr conurbation,Straight,,,,Nil,Sealed,Dry,Fine,Daylight,Nil,No traffic controls,50 km/h,Local,49,Other manoeuvring,400,Manov - other,,Other angle,Unknown motor vehicle,Car (sedan/hatch),2,0,0,0,0,6,June,Winter,Saturday,12:00 - 13:59,Midday / afternoon,False,False,False,False
1355489,Non-casualty (towaway),Non-casualty (towaway),2024,2024,March,Saturday,22:00 - Midnight,CUMBERLAND,HWY,0,Right on the spot,DUNMORE,ST,WENTWORTHVILLE,13.0,No,Not a school zone,X-intersection,-33.807288,150.969468,Cumberland,Sydney metro. area,Syd-Newc-Woll Gtr conurbation,Straight,,,,On,Sealed,Dry,Fine,Darkness,On,No traffic controls,70 km/h,State,10,Cross traffic,101,Adj - Cross traffic,,Right angle,4 wheel drive / SUV,4 wheel drive / SUV,2,0,0,0,0,3,March,Autumn,Saturday,22:00 - Midnight,Evening / night,False,False,False,False
1355493,Non-casualty (towaway),Non-casualty (towaway),2024,2024,March,Wednesday,16:00 - 17:59,CUMBERLAND,HWY,0,Right on the spot,ST JOHNS,RD,CABRAMATTA,13.0,No,Not a school zone,X-intersection,-33.88827,150.922952,Fairfield,Sydney metro. area,Syd-Newc-Woll Gtr conurbation,Straight,,,,Nil,Sealed,Dry,Fine,Daylight,On,No traffic controls,70 km/h,State,30,Rear end,301,Same - Rear end,,Rear end,Car (sedan/hatch),Car (sedan/hatch),2,0,0,0,0,3,March,Autumn,Wednesday,16:00 - 17:59,PM peak / evening commute,True,False,False,False
1355503,Non-casualty (towaway),Non-casualty (towaway),2024,2024,June,Saturday,06:00 - 07:59,PACIFIC,HWY,100,South,DICKSON,AVE,GREENWICH,10.0,No,Not a school zone,Divided road,-33.817809,151.182122,Lane Cove,Sydney metro. area,Syd-Newc-Woll Gtr conurbation,Curved,,,,On,Sealed,Wet,Overcast,Dawn,Nil,No traffic controls,60 km/h,State,87,Off lft/lft bnd=>obj,804,Off left bend into obj,Left,Other angle,Car (sedan/hatch),Car (sedan/hatch),2,0,0,0,0,6,June,Winter,Saturday,06:00 - 07:59,AM peak / school commute,True,False,False,False
1355528,Non-casualty (towaway),Non-casualty (towaway),2024,2024,June,Monday,06:00 - 07:59,NEW ENGLAND,HWY,1000,South,SUNNYSIDE,RD,TILBUSTER,9.0,No,Not a school zone,2-way undivided,-30.411755,151.691064,Armidale Regional,Country non-urban,Rest of NSW - Rural,Straight,,,,Nil,Sealed,Dry,Fine,Daylight,Nil,No traffic controls,100 km/h,State,71,Off rd left => obj,703,Left off cway into object,,Vehicle - Object,Car (sedan/hatch),,1,0,0,0,0,6,June,Winter,Monday,06:00 - 07:59,AM peak / school commute,True,False,False,False
1355562,Non-casualty (towaway),Non-casualty (towaway),2024,2024,June,Thursday,16:00 - 17:59,TOWNSON,RD,10,East,VICTORY,RD,COLEBEE,,No,Not a school zone,Roundabout,-33.716353,150.85229,Blacktown,Sydney metro. area,Syd-Newc-Woll Gtr conurbation,Straight,,,,Off,Sealed,Dry,Fine,Dusk,Nil,Give way sign,60 km/h,Local,30,Rear end,301,Same - Rear end,,Rear end,Unknown motor vehicle,Car (sedan/hatch),3,0,0,0,0,6,June,Winter,Thursday,16:00 - 17:59,PM peak / evening commute,True,False,False,False
1355564,Non-casualty (towaway),Non-casualty (towaway),2024,2024,June,Thursday,00:01 - 01:59,WOLLOMBI,RD,0,Right on the spot,NUMBER 148,HN,CESSNOCK,181.0,Yes,No,2-way undivided,-32.835819,151.347486,Cessnock,Country urban,Rest of NSW - Urban,Straight,,,,On,Sealed,Dry,Fine,Darkness,Nil,No traffic controls,60 km/h,Regional,39,Other same direction,300,Same - other,,Other angle,Car (sedan/hatch),4 wheel drive / SUV,2,0,0,0,0,6,June,Winter,Thursday,00:01 - 01:59,Late night / early morning,False,False,False,False
1355577,Non-casualty (towaway),Non-casualty (towaway),2024,2024,June,Sunday,06:00 - 07:59,CAPPER,ST,0,Right on the spot,RICHMOND,ST,TUMUT,,No,Not a school zone,X-intersection,-35.304383,148.221541,Snowy Valleys,Country urban,Rest of NSW - Urban,Straight,Pedestrian refuge,,,Nil,Sealed,Dry,Fine,Darkness,Nil,Give way sign,50 km/h,Local,73,Off rd rght => obj,704,Right off cway into obj,,Vehicle - Object,4 wheel drive / SUV,,1,0,0,0,0,6,June,Winter,Sunday,06:00 - 07:59,AM peak / school commute,True,False,False,False
1355582,Non-casualty (towaway),Non-casualty (towaway),2024,2024,April,Friday,22:00 - Midnight,HARRY CLARKE,DR,80,South,RUSSELL,LANE,PURFLEET,,No,Not a school zone,2-way undivided,-31.942962,152.467788,Mid-Coast,Country urban,Rest of NSW - Urban,Straight,,,,On,Sealed,Dry,Fine,Darkness,Nil,No traffic controls,50 km/h,Local,73,Off rd rght => obj,704,Right off cway into obj,,Other angle,Car (sedan/hatch),Light truck,2,0,0,0,0,4,April,Autumn,Friday,22:00 - Midnight,Evening / night,False,False,False,False
1355594,Non-casualty (towaway),Non-casualty (towaway),2024,2024,June,Saturday,18:00 - 19:59,GLENROCK,PDE,0,Right on the spot,NUMBER 210,HN,KOOLEWONG,,No,Not a school zone,2-way undivided,-33.461099,151.311764,Central Coast,Country urban,Syd-Newc-Woll Gtr conurbation,Straight,Steep grade,,,Nil,Sealed,Wet,Raining,Darkness,Nil,No traffic controls,50 km/h,Local,71,Off rd left => obj,703,Left off cway into object,,Other angle,4 wheel drive / SUV,Light truck utility(from 2018),2,0,0,0,0,6,June,Winter,Saturday,18:00 - 19:59,PM peak / evening commute,True,False,False,False
1355598,Non-casualty (towaway),Non-casualty (towaway),2024,2024,April,Sunday,04:00 - 05:59,KOKODA,PL,0,Right on the spot,APEX OVAL,ENT,DUBBO,,No,Not a school zone,2-way undivided,-32.252977,148.620379,Dubbo Regional,Country urban,Rest of NSW - Urban,Straight,,,,Nil,Sealed,Dry,Fine,Darkness,Nil,No traffic controls,50 km/h,Local,75,Off end of road,709,Off end cway or T junct,,Vehicle - Object,Car (sedan/hatch),,1,0,0,0,0,4,April,Autumn,Sunday,04:00 - 05:59,Late night / early morning,False,False,False,False
1355609,Non-casualty (towaway),Non-casualty (towaway),2024,2024,June,Tuesday,14:00 - 15:59,RIVER,ST,80,East,WHITELAW,LANE,GREENHILL,75.0,No,Not a school zone,2-way undivided,-31.058471,152.798368,Kempsey,Country urban,Rest of NSW - Urban,Straight,Steep grade,,,Off,Sealed,Dry,Fine,Daylight,Nil,No traffic controls,60 km/h,Regional,71,Off rd left => obj,703,Left off cway into object,,Vehicle - Object,Light truck utility(from 2018),,1,0,0,0,0,6,June,Winter,Tuesday,14:00 - 15:59,Midday / afternoon,False,False,False,False
1355623,Non-casualty (towaway),Non-casualty (towaway),2024,2024,June,Saturday,04:00 - 05:59,KAMILAROI,HWY,2000,South,TURRAWAN,RD,TURRAWAN,29.0,No,Not a school zone,Divided road,-30.472338,149.893102,Narrabri,Country non-urban,Rest of NSW - Rural,Straight,,,,Nil,Sealed,Dry,Fine,Darkness,Nil,No traffic controls,100 km/h,State,70,Off road to left,701,Off carriageway to left,,Rollover,B-double (road train prior 98),,1,0,0,0,0,6,June,Winter,Saturday,04:00 - 05:59,Late night / early morning,False,False,False,False
1355631,Non-casualty (towaway),Non-casualty (towaway),2024,2024,June,Wednesday,20:00 - 21:59,MINNESOTA,RD,300,North,FAIRMONT,BVD,HAMLYN TERRACE,,No,Not a school zone,2-way undivided,-33.258067,151.465678,Central Coast,Country urban,Syd-Newc-Woll Gtr conurbation,Straight,Painted double centre lines,,,On,Sealed,Dry,Fine,Darkness,Nil,No traffic controls,50 km/h,Local,20,Head on,201,Opp - Head on,,Head-on,Unknown motor vehicle,Car (sedan/hatch),2,0,0,0,0,6,June,Winter,Wednesday,20:00 - 21:59,Evening / night,False,False,False,False
1355635,Non-casualty (towaway),Non-casualty (towaway),2024,2024,June,Monday,18:00 - 19:59,BROWNS,LANE,0,Right on the spot,MOORE CREEK,RD,MOORE CREEK,,No,Not a school zone,Roundabout,-31.04457,150.910542,Tamworth Regional,Country urban,Rest of NSW - Urban,Straight,,,,Nil,Sealed,Dry,Fine,Daylight,Nil,Give way sign,60 km/h,Local,10,Cross traffic,101,Adj - Cross traffic,,Right angle,Light truck utility(from 2018),4 wheel drive / SUV,2,0,0,0,0,6,June,Winter,Monday,18:00 - 19:59,PM peak / evening commute,True,False,False,False
1355637,Non-casualty (towaway),Non-casualty (towaway),2024,2024,June,Wednesday,02:00 - 03:59,NEWCASTLE,EXP,2000,South,BUSHELLS RIDGE ROAD,OP,KIAR,6003.0,No,Not a school zone,Dual freeway,-33.208723,151.454595,Central Coast,Country non-urban,Syd-Newc-Woll Gtr conurbation,Straight,,,,Nil,Sealed,Dry,Fine,Darkness,Nil,No traffic controls,110 km/h,State,67,Struck animal,609,On path - Hit animal,,Vehicle - Animal,Car (sedan/hatch),,1,0,0,0,0,6,June,Winter,Wednesday,02:00 - 03:59,Late night / early morning,False,False,False,False
1355655,Non-casualty (towaway),Non-casualty (towaway),2024,2024,June,Wednesday,04:00 - 05:59,LAKE ALBERT,RD,0,Right on the spot,NUMBER 134,HN,KOORINGAL,,No,Not a school zone,2-way undivided,-35.129296,147.37755,Wagga Wagga,Country urban,Rest of NSW - Urban,Straight,,,,On,Sealed,Dry,Fine,Dawn,Nil,No traffic controls,60 km/h,Local,71,Off rd left => obj,703,Left off cway into object,,Other angle,Light truck utility(from 2018),Car (sedan/hatch),2,0,0,0,0,6,June,Winter,Wednesday,04:00 - 05:59,Late night / early morning,False,False,False,False
1355657,Non-casualty (towaway),Non-casualty (towaway),2024,2024,April,Friday,18:00 - 19:59,MAMRE,RD,20,North,KERRS,RD,KEMPS CREEK,536.0,No,Not a school zone,2-way undivided,-33.8684,150.796309,Penrith,Sydney metro. area,Syd-Newc-Woll Gtr conurbation,Straight,,,,Nil,Sealed,Dry,Fine,Dusk,Nil,No traffic controls,80 km/h,State,30,Rear end,301,Same - Rear end,,Rear end,Car (sedan/hatch),4 wheel drive / SUV,2,0,0,0,0,4,April,Autumn,Friday,18:00 - 19:59,PM peak / evening commute,True,False,False,False
1355676,Non-casualty (towaway),Non-casualty (towaway),2024,2024,June,Sunday,16:00 - 17:59,ARTHUR KAINE,DR,1000,East,MUNJE,ST,PAMBULA,7622.0,No,Not a school zone,2-way undivided,-36.924759,149.892006,Bega Valley,Country urban,Rest of NSW - Urban,Curved,,,,Nil,Sealed,Dry,Fine,Darkness,Nil,No traffic controls,70 km/h,Regional,87,Off lft/lft bnd=>obj,804,Off left bend into obj,Left,Vehicle - Object,Station wagon,,1,0,0,0,0,6,June,Winter,Sunday,16:00 - 17:59,PM peak / evening commute,True,False,False,False
1355684,Non-casualty (towaway),Non-casualty (towaway),2024,2024,May,Saturday,22:00 - Midnight,WESTERN,EXP,800,East,CUMBERLAND HIGHWAY,OP,SOUTH WENTWORTHVILLE,6004.0,No,Not a school zone,Dual freeway,-33.817073,150.972171,Cumberland,Sydney metro. area,Syd-Newc-Woll Gtr conurbation,Straight,Other bridge,,,On,Sealed,Dry,Fine,Darkness,Nil,No traffic controls,90 km/h,State,30,Rear end,301,Same - Rear end,,Rear end,Light truck utility(from 2018),Car (sedan/hatch),2,0,0,0,0,5,May,Autumn,Saturday,22:00 - Midnight,Evening / night,False,False,False,False
1355720,Non-casualty (towaway),Non-casualty (towaway),2024,2024,May,Sunday,22:00 - Midnight,PITTWATER,RD,50,North,JACKSONS,RD,WARRIEWOOD,164.0,No,Not a school zone,Divided road,-33.697264,151.300844,Northern Beaches,Sydney metro. area,Syd-Newc-Woll Gtr conurbation,Curved,,Police pursuit,,On,Sealed,Wet,Overcast,Darkness,Nil,No traffic controls,70 km/h,State,83,Off rt/rt bnd=>obj,803,Off right bend into obj,Right,Vehicle - Object,Car (sedan/hatch),,1,0,0,0,0,5,May,Autumn,Sunday,22:00 - Midnight,Evening / night,False,False,False,False
1355732,Non-casualty (towaway),Non-casualty (towaway),2024,2024,March,Thursday,14:00 - 15:59,THE WOOL,RD,0,Right on the spot,THE WOOL,LANE,ST GEORGES BASIN,,No,Not a school zone,T-junction,-35.088425,150.612142,Shoalhaven,Country urban,Rest of NSW - Urban,Straight,Steep grade,,,Nil,Sealed,Dry,Overcast,Daylight,Nil,Give way sign,80 km/h,Local,10,Cross traffic,101,Adj - Cross traffic,,Right angle,4 wheel drive / SUV,4 wheel drive / SUV,2,0,0,0,0,3,March,Autumn,Thursday,14:00 - 15:59,Midday / afternoon,False,False,False,False
1355733,Non-casualty (towaway),Non-casualty (towaway),2024,2024,March,Friday,02:00 - 03:59,SOLITARY ISLANDS,WAY,300,South,OLD PACIFIC,HWY,WOOLGOOLGA,,No,Not a school zone,2-way undivided,-30.093615,153.187979,Coffs Harbour,Country non-urban,Rest of NSW - Rural,Straight,,,,Nil,Sealed,Dry,Fine,Darkness,Nil,No traffic controls,100 km/h,Local,71,Off rd left => obj,703,Left off cway into object,,Vehicle - Object,Light truck utility(from 2018),,1,0,0,0,0,3,March,Autumn,Friday,02:00 - 03:59,Late night / early morning,False,False,False,False
1355736,Non-casualty (towaway),Non-casualty (towaway),2024,2024,June,Tuesday,18:00 - 19:59,CESSNOCK,RD,0,Right on the spot,NUMBER 97,HN,ABERMAIN,588.0,No,Not a school zone,2-way undivided,-32.812384,151.441147,Cessnock,Country urban,Rest of NSW - Urban,Straight,,,,On,Sealed,Dry,Fine,Darkness,Nil,No traffic controls,60 km/h,State,73,Off rd rght => obj,704,Right off cway into obj,,Other angle,Light truck utility(from 2018),4 wheel drive / SUV,2,0,0,0,0,6,June,Winter,Tuesday,18:00 - 19:59,PM peak / evening commute,True,False,False,False
1355737,Non-casualty (towaway),Non-casualty (towaway),2024,2024,May,Wednesday,18:00 - 19:59,CUMBERLAND,RD,0,Right on the spot,CAMBRIDGE,ST,INGLEBURN,7198.0,No,Not a school zone,T-junction,-33.99847,150.86963,Campbelltown,Sydney metro. area,Syd-Newc-Woll Gtr conurbation,Straight,Steep grade,,,On,Sealed,Dry,Fine,Darkness,Nil,No traffic controls,60 km/h,Regional,13,Right near,104,Adj - Right-thru from right,,Right angle,Car (sedan/hatch),Motorcycle,3,0,0,0,0,5,May,Autumn,Wednesday,18:00 - 19:59,PM peak / evening commute,True,False,False,False
1355741,Non-casualty (towaway),Non-casualty (towaway),2024,2024,June,Saturday,18:00 - 19:59,PRATLEY,ST,10,North,DUNBAN,RD,WOY WOY,,No,Not a school zone,T-junction,-33.4978,151.31082,Central Coast,Country urban,Syd-Newc-Woll Gtr conurbation,Curved,,,,On,Sealed,Wet,Raining,Darkness,Nil,No traffic controls,50 km/h,Local,81,Off left/rt bnd=>obj,707,Right turn,Left,Other angle,Car (sedan/hatch),Car (sedan/hatch),2,0,0,0,0,6,June,Winter,Saturday,18:00 - 19:59,PM peak / evening commute,True,False,False,False
1355756,Non-casualty (towaway),Non-casualty (towaway),2024,2024,May,Sunday,08:00 - 09:59,BEATRICE,ST,0,Right on the spot,NUMBER 19-25,HN,AUBURN,,No,Not a school zone,2-way undivided,-33.853999,151.030018,Cumberland,Sydney metro. area,Syd-Newc-Woll Gtr conurbation,Straight,,,,Nil,Sealed,Dry,Fine,Daylight,Nil,No traffic controls,50 km/h,Local,49,Other manoeuvring,400,Manov - other,,Other angle,Unknown motor vehicle,Car (sedan/hatch),2,0,0,0,0,5,May,Autumn,Sunday,08:00 - 09:59,AM peak / school commute,True,False,False,False
1355786,Non-casualty (towaway),Non-casualty (towaway),2024,2024,June,Wednesday,16:00 - 17:59,SHELDON,CRES,0,Right on the spot,NUMBER 4,HN,ORANGE,,No,Not a school zone,2-way undivided,-33.265724,149.109917,Orange,Country urban,Rest of NSW - Urban,Straight,Driveway/entrance,,,On,Sealed,Dry,Fine,Dusk,Nil,No traffic controls,50 km/h,Local,71,Off rd left => obj,703,Left off cway into object,,Other angle,Light truck utility(from 2018),4 wheel drive / SUV,2,0,0,0,0,6,June,Winter,Wednesday,16:00 - 17:59,PM peak / evening commute,True,False,False,False
1355795,Non-casualty (towaway),Non-casualty (towaway),2024,2024,June,Wednesday,08:00 - 09:59,INVESTIGATOR,DR,0,Right on the spot,NUMBER 5,HN,UNANDERRA,,No,Not a school zone,2-way undivided,-34.457951,150.847146,Wollongong,Wollongong met. area,Syd-Newc-Woll Gtr conurbation,Straight,Steep grade,,,Off,Sealed,Dry,Fine,Daylight,Nil,No traffic controls,50 km/h,Local,20,Head on,201,Opp - Head on,,Head-on,Light truck utility(from 2018),Car (sedan/hatch),3,0,0,0,0,6,June,Winter,Wednesday,08:00 - 09:59,AM peak / school commute,True,False,False,False
1355812,Non-casualty (towaway),Non-casualty (towaway),2024,2024,June,Wednesday,16:00 - 17:59,PRINCES,HWY,1700,North,YANAGANG,ST,WATERFALL,1.0,No,Not a school zone,Divided road,-34.117979,150.991857,Sutherland,Sydney metro. area,Syd-Newc-Woll Gtr conurbation,Straight,,,,Unknown / not stated,Sealed,Dry,Fine,Darkness,Nil,No traffic controls,100 km/h,State,66,Object on road,607,On path - Hit temp object,,Vehicle - Object,Passenger van,,1,0,0,0,0,6,June,Winter,Wednesday,16:00 - 17:59,PM peak / evening commute,True,False,False,False
1355814,Non-casualty (towaway),Non-casualty (towaway),2024,2024,July,Tuesday,12:00 - 13:59,PERRY,ST,0,Right on the spot,VILLAGE CENTRE,ENT,BATEMANS BAY,,No,Not a school zone,2-way undivided,-35.707794,150.176397,Eurobodalla,Country urban,Rest of NSW - Urban,Straight,Driveway/entrance,,,Unknown / not stated,Sealed,Dry,Fine,Daylight,Nil,Give way sign,40 km/h,Local,47,Emerging from drive,406,Manov - Emerging from driveway,,Right angle,Car (sedan/hatch),Car (sedan/hatch),2,0,0,0,0,7,July,Winter,Tuesday,12:00 - 13:59,Midday / afternoon,False,False,False,False
1355816,Non-casualty (towaway),Non-casualty (towaway),2024,2024,June,Tuesday,08:00 - 09:59,GREENLEAF,RD,190,North,HERON,RD,KOORAGANG,,No,Not a school zone,2-way undivided,-32.899381,151.777814,Newcastle,Newcastle met. area,Syd-Newc-Woll Gtr conurbation,Straight,Painted double centre lines,,,Nil,Sealed,Dry,Fine,Daylight,Nil,No traffic controls,60 km/h,Local,74,On road-out of cont.,705,Out of control on cway,,Rollover,Station wagon,,1,0,0,0,0,6,June,Winter,Tuesday,08:00 - 09:59,AM peak / school commute,True,False,False,False
1355819,Non-casualty (towaway),Non-casualty (towaway),2024,2024,July,Tuesday,16:00 - 17:59,WINDSOR,RD,0,Right on the spot,NUMBER 106,HN,BEAUMONT HILLS,184.0,No,Not a school zone,Divided road,-33.705609,150.934786,The Hills,Sydney metro. area,Syd-Newc-Woll Gtr conurbation,Straight,,,,Unknown / not stated,Sealed,Wet,Overcast,Daylight,Nil,No traffic controls,80 km/h,State,30,Rear end,301,Same - Rear end,,Rear end,Station wagon,4 wheel drive / SUV,2,0,0,0,0,7,July,Winter,Tuesday,16:00 - 17:59,PM peak / evening commute,True,False,False,False
1355820,Non-casualty (towaway),Non-casualty (towaway),2024,2024,June,Saturday,06:00 - 07:59,GROSVENOR,ST,10,West,WATERS,LANE,NEUTRAL BAY,,No,Not a school zone,T-junction,-33.83029,151.223138,North Sydney,Sydney metro. area,Syd-Newc-Woll Gtr conurbation,Straight,,,,Off,Sealed,Dry,Fine,Daylight,Nil,No traffic controls,50 km/h,Local,71,Off rd left => obj,703,Left off cway into object,,Other angle,4 wheel drive / SUV,4 wheel drive / SUV,3,0,0,0,0,6,June,Winter,Saturday,06:00 - 07:59,AM peak / school commute,True,False,False,False
1355822,Non-casualty (towaway),Non-casualty (towaway),2024,2024,July,Friday,06:00 - 07:59,SIR BERTRAM STEVENS,DR,2000,North,BUNDEENA,DR,ROYAL NATIONAL PARK,393.0,No,Not a school zone,2-way undivided,-34.12041,151.070961,Sutherland,Sydney metro. area,Syd-Newc-Woll Gtr conurbation,Curved,,,,Unknown / not stated,Sealed,Wet,Raining,Dawn,Nil,No traffic controls,60 km/h,State,88,Out of cont on bend,805,Out of control on bend,,Rollover,4 wheel drive / SUV,,1,0,0,0,0,7,July,Winter,Friday,06:00 - 07:59,AM peak / school commute,True,False,False,False
1355824,Non-casualty (towaway),Non-casualty (towaway),2024,2024,July,Monday,06:00 - 07:59,O'CONNELL,ST,0,Right on the spot,ALBERT,ST,NORTH PARRAMATTA,184.0,No,Not a school zone,X-intersection,-33.803199,151.003199,Parramatta,Sydney metro. area,Syd-Newc-Woll Gtr conurbation,Straight,,,,Off,Sealed,Dry,Fine,Daylight,On,No traffic controls,60 km/h,State,21,Right through,202,Opp - Right-thru,,Other angle,Light truck utility(from 2018),Car (sedan/hatch),2,0,0,0,0,7,July,Winter,Monday,06:00 - 07:59,AM peak / school commute,True,False,False,False