crash_id,degree_of_crash,degree_of_crash_-_detailed,reporting_year,year_of_crash,month_of_crash,day_of_week_of_crash,two-hour_intervals,street_of_crash,street_type,distance,direction,identifying_feature,identifying_feature_type,town,route_no.,school_zone_location,school_zone_active,type_of_location,latitude,longitude,lga,urbanisation,conurbation_1,alignment,primary_permanent_feature,primary_temporary_feature,primary_hazardous_feature,street_lighting,road_surface,surface_condition,weather,natural_lighting,signals_operation,other_traffic_control,speed_limit,road_classification_(admin),rum_-_code,rum_-_description,dca_-_code,dca_-_description,dca_supplement,first_impact_type,key_tu_type,other_tu_type,no._of_traffic_units_involved,no._killed,no._seriously_injured,no._moderately_injured,no._minor-other_injured,month_num,month_label,season,day_label,time_label,time_band,is_peak_commute,is_fatal,is_injury,is_casualty
1355825,Non-casualty (towaway),Non-casualty (towaway),2024,2024,June,Thursday,14:00 - 15:59,GREAT WESTERN,HWY,0,Right on the spot,EUGENIE,ST,RAGLAN,5.0,No,Not a school zone,X-intersection,-33.423018,149.654597,Bathurst Regional,Country urban,Rest of NSW - Urban,Straight,,,,Off,Sealed,Dry,Fine,Daylight,On,No traffic controls,80 km/h,State,30,Rear end,301,Same - Rear end,,Rear end,Semi-trailer,Station wagon,2,0,0,0,0,6,June,Winter,Thursday,14:00 - 15:59,Midday / afternoon,False,False,False,False
1355830,Non-casualty (towaway),Non-casualty (towaway),2024,2024,June,Saturday,02:00 - 03:59,EDWIN,ST,0,Right on the spot,STANLEY,ST,TEMPE,,No,Not a school zone,T-junction,-33.922306,151.159716,Inner West,Sydney metro. area,Syd-Newc-Woll Gtr conurbation,Straight,Driveway/entrance,,,On,Sealed,Wet,Raining,Darkness,Nil,No traffic controls,50 km/h,Local,75,Off end of road,709,Off end cway or T junct,,Rollover,4 wheel drive / SUV,Car (sedan/hatch),3,0,0,0,0,6,June,Winter,Saturday,02:00 - 03:59,Late night / early morning,False,False,False,False
1355841,Non-casualty (towaway),Non-casualty (towaway),2024,2024,June,Tuesday,16:00 - 17:59,PACIFIC,HWY,0,Right on the spot,BULLOCKY,WAY,FAILFORD,10.0,No,Not a school zone,T-junction,-32.071572,152.438956,Mid-Coast,Country non-urban,Rest of NSW - Rural,Straight,,,,Nil,Sealed,Dry,Fine,Daylight,Nil,Stop sign,100 km/h,State,10,Cross traffic,101,Adj - Cross traffic,,Right angle,4 wheel drive / SUV,Car (sedan/hatch),2,0,0,0,0,6,June,Winter,Tuesday,16:00 - 17:59,PM peak / evening commute,True,False,False,False
1355843,Non-casualty (towaway),Non-casualty (towaway),2024,2024,May,Sunday,22:00 - Midnight,BEAUCHAMP,RD,0,Right on the spot,NUMBER 60,HN,MATRAVILLE,7340.0,No,Not a school zone,2-way undivided,-33.956192,151.227023,Randwick,Sydney metro. area,Syd-Newc-Woll Gtr conurbation,Straight,,,,On,Sealed,Wet,Raining,Darkness,Nil,No traffic controls,50 km/h,Regional,71,Off rd left => obj,703,Left off cway into object,,Other angle,Car (sedan/hatch),Car (sedan/hatch),3,0,0,0,0,5,May,Autumn,Sunday,22:00 - Midnight,Evening / night,False,False,False,False
1355844,Non-casualty (towaway),Non-casualty (towaway),2024,2024,April,Saturday,06:00 - 07:59,WESTERN,EXP,500,East,BURNETT STREET,TO,HOLROYD,6004.0,No,Not a school zone,Dual freeway,-33.827836,150.99593,Cumberland,Sydney metro. area,Syd-Newc-Woll Gtr conurbation,Curved,,,,Unknown / not stated,Sealed,Dry,Fine,Daylight,Nil,No traffic controls,90 km/h,State,30,Rear end,301,Same - Rear end,,Rear end,Car (sedan/hatch),Large rigid,2,0,0,0,0,4,April,Autumn,Saturday,06:00 - 07:59,AM peak / school commute,True,False,False,False
1355847,Non-casualty (towaway),Non-casualty (towaway),2024,2024,May,Monday,20:00 - 21:59,HANOVER,AVE,999999,North,BOUNDARY,RD,NORTH EPPING,,No,Not a school zone,2-way undivided,-33.756267,151.096939,Hornsby,Sydney metro. area,Syd-Newc-Woll Gtr conurbation,Straight,,,,On,Sealed,Dry,Fine,Darkness,Nil,No traffic controls,50 km/h,Local,73,Off rd rght => obj,704,Right off cway into obj,,Other angle,Car (sedan/hatch),Car (sedan/hatch),3,0,0,0,0,5,May,Autumn,Monday,20:00 - 21:59,Evening / night,False,False,False,False
1355859,Non-casualty (towaway),Non-casualty (towaway),2024,2024,June,Saturday,18:00 - 19:59,KILLARA,AVE,0,Right on the spot,NUMBER 9,HN,RIVERWOOD,,No,Not a school zone,2-way undivided,-33.948943,151.051557,Georges River,Sydney metro. area,Syd-Newc-Woll Gtr conurbation,Straight,,,,Unknown / not stated,Sealed,Dry,Fine,Dusk,Nil,No traffic controls,50 km/h,Local,71,Off rd left => obj,703,Left off cway into object,,Other angle,Station wagon,Car (sedan/hatch),3,0,0,0,0,6,June,Winter,Saturday,18:00 - 19:59,PM peak / evening commute,True,False,False,False
1355862,Non-casualty (towaway),Non-casualty (towaway),2024,2024,July,Monday,08:00 - 09:59,PACIFIC,HWY,500,South,SEXTON HILL DRIVE,OP,BANORA POINT,10.0,No,Not a school zone,Divided road,-28.223578,153.554031,Tweed,Country non-urban,Rest of NSW - Rural,Straight,,,,Unknown / not stated,Sealed,Dry,Unknown,Daylight,Nil,No traffic controls,100 km/h,State,30,Rear end,301,Same - Rear end,,Rear end,4 wheel drive / SUV,Light truck utility(from 2018),3,0,0,0,0,7,July,Winter,Monday,08:00 - 09:59,AM peak / school commute,True,False,False,False
1355863,Non-casualty (towaway),Non-casualty (towaway),2024,2024,July,Monday,16:00 - 17:59,WINDSOR,RD,20,North,CAMPBELL,ST,NORTHMEAD,184.0,No,Not a school zone,2-way undivided,-33.78896,150.995285,Parramatta,Sydney metro. area,Syd-Newc-Woll Gtr conurbation,Curved,,,,Unknown / not stated,Sealed,Wet,Raining,Dusk,Nil,No traffic controls,60 km/h,State,30,Rear end,301,Same - Rear end,,Rear end,Car (sedan/hatch),4 wheel drive / SUV,3,0,0,0,0,7,July,Winter,Monday,16:00 - 17:59,PM peak / evening commute,True,False,False,False
1355865,Non-casualty (towaway),Non-casualty (towaway),2024,2024,July,Wednesday,12:00 - 13:59,KINGSWAY,MS,0,Right on the spot,NUMBER 37,HN,CRONULLA,227.0,No,Not a school zone,Divided road,-34.050968,151.151792,Sutherland,Sydney metro. area,Syd-Newc-Woll Gtr conurbation,Straight,,,,Unknown / not stated,Sealed,Wet,Overcast,Daylight,Nil,No traffic controls,60 km/h,State,39,Other same direction,300,Same - other,,Other angle,4 wheel drive / SUV,Car (sedan/hatch),2,0,0,0,0,7,July,Winter,Wednesday,12:00 - 13:59,Midday / afternoon,False,False,False,False
1355872,Non-casualty (towaway),Non-casualty (towaway),2024,2024,June,Sunday,14:00 - 15:59,OLD MAITLAND,RD,750,North,OLD TUGGERAH,RD,KANGY ANGY,,No,Not a school zone,2-way undivided,-33.311484,151.392829,Central Coast,Country non-urban,Syd-Newc-Woll Gtr conurbation,Curved,,,,Unknown / not stated,Unsealed,Wet,Fine,Daylight,Nil,No traffic controls,100 km/h,Local,85,Off rt/lft bnd=>obj,804,Off left bend into obj,Right,Vehicle - Object,Car (sedan/hatch),,1,0,0,0,0,6,June,Winter,Sunday,14:00 - 15:59,Midday / afternoon,False,False,False,False
1355874,Non-casualty (towaway),Non-casualty (towaway),2024,2024,July,Tuesday,22:00 - Midnight,GREAT WESTERN,HWY,100,West,THE AVENUE,MS,VALLEY HEIGHTS,5.0,No,Not a school zone,Divided road,-33.702498,150.577296,Blue Mountains,Country urban,Syd-Newc-Woll Gtr conurbation,Curved,Steep grade,,,Unknown / not stated,Sealed,Wet,Raining,Darkness,Nil,No traffic controls,80 km/h,State,85,Off rt/lft bnd=>obj,804,Off left bend into obj,Right,Vehicle - Object,Car (sedan/hatch),,1,0,0,0,0,7,July,Winter,Tuesday,22:00 - Midnight,Evening / night,False,False,False,False
1355891,Non-casualty (towaway),Non-casualty (towaway),2024,2024,June,Tuesday,08:00 - 09:59,ALPINE,WAY,2240,East,LEATHERBARREL,CK,KOSCIUSZKO,677.0,No,Not a school zone,2-way undivided,-36.530662,148.200059,Snowy Valleys,Country urban,Rest of NSW - Urban,Curved,Embankment/cutting,,,Nil,Sealed,Snow or ice,Overcast,Daylight,Nil,No traffic controls,60 km/h,State,85,Off rt/lft bnd=>obj,804,Off left bend into obj,Right,Vehicle - Object,Light truck utility(from 2018),,1,0,0,0,0,6,June,Winter,Tuesday,08:00 - 09:59,AM peak / school commute,True,False,False,False
1355901,Non-casualty (towaway),Non-casualty (towaway),2024,2024,July,Monday,00:01 - 01:59,PACIFIC,HWY,0,Right on the spot,TWEED COAST,RD,CHINDERAH,10.0,No,Not a school zone,Roundabout,-28.244724,153.55319,Tweed,Country urban,Rest of NSW - Urban,Curved,,,,Unknown / not stated,Sealed,Wet,Raining,Darkness,Nil,Give way sign,60 km/h,State,30,Rear end,301,Same - Rear end,,Rear end,4 wheel drive / SUV,4 wheel drive / SUV,2,0,0,0,0,7,July,Winter,Monday,00:01 - 01:59,Late night / early morning,False,False,False,False
1355902,Non-casualty (towaway),Non-casualty (towaway),2024,2024,July,Tuesday,08:00 - 09:59,LUCRETIA,RD,0,Right on the spot,SUPERIOR,AVE,SEVEN HILLS,,No,Not a school zone,T-junction,-33.787971,150.930196,Blacktown,Sydney metro. area,Syd-Newc-Woll Gtr conurbation,Straight,Steep grade,,,Unknown / not stated,Sealed,Wet,Fine,Daylight,Nil,No traffic controls,50 km/h,Local,32,Right rear,303,Same - Rear right,,Rear end,4 wheel drive / SUV,4 wheel drive / SUV,2,0,0,0,0,7,July,Winter,Tuesday,08:00 - 09:59,AM peak / school commute,True,False,False,False
1355908,Non-casualty (towaway),Non-casualty (towaway),2024,2024,June,Sunday,10:00 - 11:59,RIVER,RD,10,East,BARINA,RD,LANE COVE,2070.0,No,Not a school zone,T-junction,-33.820385,151.16741,Lane Cove,Sydney metro. area,Syd-Newc-Woll Gtr conurbation,Curved,,,,Unknown / not stated,Sealed,Wet,Raining,Daylight,Nil,No traffic controls,50 km/h,Regional,81,Off left/rt bnd=>obj,803,Off right bend into obj,Left,Vehicle - Object,Car (sedan/hatch),,1,0,0,0,0,6,June,Winter,Sunday,10:00 - 11:59,Midday / afternoon,False,False,False,False
1355910,Non-casualty (towaway),Non-casualty (towaway),2024,2024,June,Sunday,14:00 - 15:59,CLOTHIERS CREEK,RD,0,Right on the spot,NUMBER 575,HN,CLOTHIERS CREEK,,No,Not a school zone,2-way undivided,-28.33154,153.477004,Tweed,Country urban,Rest of NSW - Urban,Curved,,,,Unknown / not stated,Sealed,Dry,Fine,Daylight,Nil,No traffic controls,80 km/h,Local,81,Off left/rt bnd=>obj,803,Off right bend into obj,Left,Vehicle - Object,4 wheel drive / SUV,,1,0,0,0,0,6,June,Winter,Sunday,14:00 - 15:59,Midday / afternoon,False,False,False,False
1355911,Non-casualty (towaway),Non-casualty (towaway),2024,2024,July,Wednesday,06:00 - 07:59,HARGRAVE,ST,0,Right on the spot,NUMBER 32,HN,KINGSWOOD,,No,Not a school zone,2-way undivided,-33.761939,150.718203,Penrith,Sydney metro. area,Syd-Newc-Woll Gtr conurbation,Straight,,,,Unknown / not stated,Sealed,Wet,Raining,Dawn,Nil,No traffic controls,50 km/h,Local,49,Other manoeuvring,400,Manov - other,,Other angle,4 wheel drive / SUV,Car (sedan/hatch),2,0,0,0,0,7,July,Winter,Wednesday,06:00 - 07:59,AM peak / school commute,True,False,False,False
1355916,Non-casualty (towaway),Non-casualty (towaway),2024,2024,June,Thursday,12:00 - 13:59,HEATHCOTE,RD,0,Right on the spot,SOUTH WESTERN,EXP,MOOREBANK,512.0,No,Not a school zone,T-junction,-33.942419,150.942692,Liverpool,Sydney metro. area,Syd-Newc-Woll Gtr conurbation,Straight,Other bridge,,,Unknown / not stated,Sealed,Dry,Fine,Daylight,On,No traffic controls,60 km/h,State,11,Right far,102,Adj - Right-thru from left,,Right angle,4 wheel drive / SUV,Light truck,2,0,0,0,0,6,June,Winter,Thursday,12:00 - 13:59,Midday / afternoon,False,False,False,False
1355923,Non-casualty (towaway),Non-casualty (towaway),2024,2024,February,Thursday,16:00 - 17:59,CARRIGAN,RD,6000,West,TOENDA BUS,RD,BOGGABILLA,507.0,No,Not a school zone,2-way undivided,-28.645408,150.076356,Moree Plains,Country non-urban,Rest of NSW - Rural,Straight,Spd hump/slow pt/chc,,,Nil,Sealed,Dry,Fine,Daylight,Nil,No traffic controls,100 km/h,Regional,20,Head on,201,Opp - Head on,,Head-on,Car (sedan/hatch),B-double (road train prior 98),2,0,0,0,0,2,February,Summer,Thursday,16:00 - 17:59,PM peak / evening commute,True,False,False,False
1355932,Non-casualty (towaway),Non-casualty (towaway),2024,2024,June,Friday,14:00 - 15:59,WATSFORD,RD,50,East,BADGALLY,RD,CAMPBELLTOWN,,No,Not a school zone,2-way undivided,-34.061236,150.815971,Campbelltown,Sydney metro. area,Syd-Newc-Woll Gtr conurbation,Straight,Driveway/entrance,,,Unknown / not stated,Sealed,Dry,Fine,Daylight,Nil,No traffic controls,60 km/h,Local,32,Right rear,303,Same - Rear right,,Rear end,Car (sedan/hatch),Car (sedan/hatch),2,0,0,0,0,6,June,Winter,Friday,14:00 - 15:59,Midday / afternoon,False,False,False,False
1355937,Non-casualty (towaway),Non-casualty (towaway),2024,2024,June,Saturday,10:00 - 11:59,HENRY PARKES,WAY,50,West,SHARPLESS,LANE,MANILDRA,61.0,No,Not a school zone,2-way undivided,-33.206048,148.760747,Cabonne,Country non-urban,Rest of NSW - Rural,Straight,,,,Nil,Sealed,Dry,Fine,Daylight,Nil,No traffic controls,100 km/h,State,70,Off road to left,701,Off carriageway to left,,Rollover,Light truck utility(from 2018),,1,0,0,0,0,6,June,Winter,Saturday,10:00 - 11:59,Midday / afternoon,False,False,False,False
1355963,Non-casualty (towaway),Non-casualty (towaway),2024,2024,May,Monday,16:00 - 17:59,NEWCASTLE,EXP,0,Right on the spot,DOYALSON LINK ROAD,TO,JILLIBY,6003.0,No,Not a school zone,Dual freeway,-33.22009,151.437572,Central Coast,Country non-urban,Syd-Newc-Woll Gtr conurbation,Straight,,,,Off,Sealed,Dry,Fine,Dusk,Nil,No traffic controls,100 km/h,State,35,Lane change left,307,Same - Lane change left,,Other angle,Car (sedan/hatch),Car (sedan/hatch),3,0,0,0,0,5,May,Autumn,Monday,16:00 - 17:59,PM peak / evening commute,True,False,False,False
1355966,Non-casualty (towaway),Non-casualty (towaway),2024,2024,July,Thursday,18:00 - 19:59,MACLEAY VALLEY,WAY,200,South,PLUMMERS,LANE,CLYBUCCA,,No,Not a school zone,2-way undivided,-30.956912,152.948941,Kempsey,Country non-urban,Rest of NSW - Rural,Straight,,,,Unknown / not stated,Sealed,Wet,Raining,Darkness,Nil,No traffic controls,100 km/h,Local,67,Struck animal,609,On path - Hit animal,,Vehicle - Animal,4 wheel drive / SUV,,1,0,0,0,0,7,July,Winter,Thursday,18:00 - 19:59,PM peak / evening commute,True,False,False,False
1355981,Non-casualty (towaway),Non-casualty (towaway),2024,2024,June,Friday,04:00 - 05:59,BERKELEY,ST,70,East,MORSE,ST,SPEERS POINT,,No,Not a school zone,2-way undivided,-32.971668,151.629783,Lake Macquarie,Newcastle met. area,Syd-Newc-Woll Gtr conurbation,Curved,,,,Off,Sealed,Dry,Fine,Darkness,Nil,No traffic controls,50 km/h,Local,85,Off rt/lft bnd=>obj,804,Off left bend into obj,Right,Other angle,Car (sedan/hatch),4 wheel drive / SUV,3,0,0,0,0,6,June,Winter,Friday,04:00 - 05:59,Late night / early morning,False,False,False,False
1355988,Non-casualty (towaway),Non-casualty (towaway),2024,2024,May,Saturday,16:00 - 17:59,OXLEY,HWY,7000,East,MARTHAGUY,RD,TENANDRA,11.0,No,Not a school zone,2-way undivided,-31.647787,147.926542,Warren,Country urban,Rest of NSW - Urban,Straight,,Roadwks/Detour/Diverson,,Nil,Unsealed,Dry,Fine,Dusk,Nil,No traffic controls,60 km/h,State,51,Out of control otake,502,Ovtak - Out of control,,Rollover,Light truck utility(from 2018),,1,0,0,0,0,5,May,Autumn,Saturday,16:00 - 17:59,PM peak / evening commute,True,False,False,False
1355991,Non-casualty (towaway),Non-casualty (towaway),2024,2024,July,Tuesday,12:00 - 13:59,HOLDEN,ST,0,Right on the spot,ROSE,ST,ASHFIELD,,No,Not a school zone,T-junction,-33.891044,151.125441,Inner West,Sydney metro. area,Syd-Newc-Woll Gtr conurbation,Straight,Driveway/entrance,,,Unknown / not stated,Sealed,Dry,Fine,Daylight,Nil,No traffic controls,50 km/h,Local,47,Emerging from drive,406,Manov - Emerging from driveway,,Right angle,Car (sedan/hatch),Car (sedan/hatch),2,0,0,0,0,7,July,Winter,Tuesday,12:00 - 13:59,Midday / afternoon,False,False,False,False
1355996,Non-casualty (towaway),Non-casualty (towaway),2024,2024,June,Sunday,14:00 - 15:59,SHERBROOK,RD,0,Right on the spot,BURDETT,ST,HORNSBY,7245.0,No,Not a school zone,X-intersection,-33.703316,151.106228,Hornsby,Sydney metro. area,Syd-Newc-Woll Gtr conurbation,Straight,,,,Unknown / not stated,Sealed,Dry,Fine,Daylight,On,No traffic controls,50 km/h,Regional,10,Cross traffic,101,Adj - Cross traffic,,Right angle,Car (sedan/hatch),Car (sedan/hatch),3,0,0,0,0,6,June,Winter,Sunday,14:00 - 15:59,Midday / afternoon,False,False,False,False
1356004,Non-casualty (towaway),Non-casualty (towaway),2024,2024,July,Monday,08:00 - 09:59,CASTLEREAGH,RD,0,Right on the spot,NUMBER 11A,HN,HOBARTVILLE,570.0,No,Not a school zone,2-way undivided,-33.599456,150.74242,Hawkesbury,Country urban,Syd-Newc-Woll Gtr conurbation,Straight,,,,Unknown / not stated,Sealed,Dry,Fine,Daylight,Nil,No traffic controls,60 km/h,State,44,Parking vehicles,403,Manov - Parking-parked vehicle,,Other angle,Car (sedan/hatch),Light truck,2,0,0,0,0,7,July,Winter,Monday,08:00 - 09:59,AM peak / school commute,True,False,False,False
1356005,Non-casualty (towaway),Non-casualty (towaway),2024,2024,July,Tuesday,12:00 - 13:59,WESTERN,EXP,250,West,PROSPECT HIGHWAY,OP,PROSPECT,6004.0,No,Not a school zone,Dual freeway,-33.805021,150.913073,Blacktown,Sydney metro. area,Syd-Newc-Woll Gtr conurbation,Straight,,,,Unknown / not stated,Sealed,Dry,Fine,Daylight,Nil,No traffic controls,100 km/h,State,73,Off rd rght => obj,704,Right off cway into obj,,Vehicle - Object,Car (sedan/hatch),,1,0,0,0,0,7,July,Winter,Tuesday,12:00 - 13:59,Midday / afternoon,False,False,False,False
1356008,Non-casualty (towaway),Non-casualty (towaway),2024,2024,June,Friday,10:00 - 11:59,QUEEN,ST,0,Right on the spot,NORTH,ST,GRAFTON,152.0,No,Not a school zone,X-intersection,-29.672014,152.943969,Clarence Valley,Country urban,Rest of NSW - Urban,Straight,,,,Nil,Sealed,Dry,Fine,Daylight,Nil,Give way sign,50 km/h,Regional,10,Cross traffic,101,Adj - Cross traffic,,Right angle,Utility,4 wheel drive / SUV,2,0,0,0,0,6,June,Winter,Friday,10:00 - 11:59,Midday / afternoon,False,False,False,False
1356011,Non-casualty (towaway),Non-casualty (towaway),2024,2024,February,Wednesday,08:00 - 09:59,THURGOONA,DR,10,East,FAIRWAY GARDENS,RD,THURGOONA,,No,Not a school zone,T-junction,-36.042594,147.005152,Albury,Country urban,Rest of NSW - Urban,Curved,,,,Off,Sealed,Dry,Fine,Daylight,Nil,Give way sign,80 km/h,Local,87,Off lft/lft bnd=>obj,804,Off left bend into obj,Left,Vehicle - Object,4 wheel drive / SUV,,1,0,0,0,0,2,February,Summer,Wednesday,08:00 - 09:59,AM peak / school commute,True,False,False,False
1356012,Non-casualty (towaway),Non-casualty (towaway),2024,2024,June,Friday,08:00 - 09:59,SOUTH WESTERN,EXP,100,West,HEATHCOTE ROAD,OP,MOOREBANK,6005.0,No,Not a school zone,Dual freeway,-33.941804,150.941227,Liverpool,Sydney metro. area,Syd-Newc-Woll Gtr conurbation,Straight,,,,Off,Sealed,Dry,Fine,Daylight,Nil,No traffic controls,100 km/h,State,33,Lane sideswipe,305,Same - Lane side swipe,,Other angle,Unknown motor vehicle,Car (sedan/hatch),2,0,0,0,0,6,June,Winter,Friday,08:00 - 09:59,AM peak / school commute,True,False,False,False
1356013,Non-casualty (towaway),Non-casualty (towaway),2024,2024,June,Monday,06:00 - 07:59,MALLETT,ST,0,Right on the spot,FOWLER,ST,CAMPERDOWN,7314.0,No,Not a school zone,X-intersection,-33.889784,151.177808,Sydney,Sydney metro. area,Syd-Newc-Woll Gtr conurbation,Straight,,,,Unknown / not stated,Sealed,Dry,Fine,Daylight,Nil,Give way sign,40 km/h,Regional,10,Cross traffic,101,Adj - Cross traffic,,Right angle,Car (sedan/hatch),Car (sedan/hatch),2,0,0,0,0,6,June,Winter,Monday,06:00 - 07:59,AM peak / school commute,True,False,False,False
1356026,Non-casualty (towaway),Non-casualty (towaway),2024,2024,July,Thursday,02:00 - 03:59,ELIZABETH,DR,75,West,MARUM,ST,ASHCROFT,535.0,No,Not a school zone,Divided road,-33.910364,150.900151,Liverpool,Sydney metro. area,Syd-Newc-Woll Gtr conurbation,Curved,Bus stop,,,Unknown / not stated,Sealed,Wet,Raining,Darkness,Nil,No traffic controls,70 km/h,State,81,Off left/rt bnd=>obj,803,Off right bend into obj,Left,Vehicle - Object,Car (sedan/hatch),,1,0,0,0,0,7,July,Winter,Thursday,02:00 - 03:59,Late night / early morning,False,False,False,False
1356029,Non-casualty (towaway),Non-casualty (towaway),2024,2024,June,Saturday,12:00 - 13:59,KISSING POINT,RD,0,Right on the spot,QUARRY,RD,DUNDAS VALLEY,574.0,No,Not a school zone,T-junction,-33.799075,151.053967,Parramatta,Sydney metro. area,Syd-Newc-Woll Gtr conurbation,Curved,,,,Unknown / not stated,Sealed,Dry,Fine,Daylight,Nil,Give way sign,70 km/h,State,21,Right through,202,Opp - Right-thru,,Other angle,Car (sedan/hatch),Station wagon,2,0,0,0,0,6,June,Winter,Saturday,12:00 - 13:59,Midday / afternoon,False,False,False,False
1356033,Non-casualty (towaway),Non-casualty (towaway),2024,2024,June,Sunday,20:00 - 21:59,RODERICK,ST,0,Right on the spot,MCDONALD'S,ENT,TAMWORTH,,No,Not a school zone,2-way undivided,-31.095688,150.936795,Tamworth Regional,Country urban,Rest of NSW - Urban,Straight,Driveway/entrance,,,On,Sealed,Dry,Fine,Darkness,Nil,No traffic controls,40 km/h,Local,21,Right through,202,Opp - Right-thru,,Other angle,Light truck utility(from 2018),Car (sedan/hatch),2,0,0,0,0,6,June,Winter,Sunday,20:00 - 21:59,Evening / night,False,False,False,False
1356042,Non-casualty (towaway),Non-casualty (towaway),2024,2024,April,Thursday,16:00 - 17:59,CARVERS,RD,0,Right on the spot,NUMBER 1,HN,OYSTER BAY,,No,Not a school zone,2-way undivided,-34.008364,151.074055,Sutherland,Sydney metro. area,Syd-Newc-Woll Gtr conurbation,Straight,,,,On,Sealed,Dry,Fine,Daylight,Nil,No traffic controls,50 km/h,Local,71,Off rd left => obj,703,Left off cway into object,,Other angle,Car (sedan/hatch),4 wheel drive / SUV,2,0,0,0,0,4,April,Autumn,Thursday,16:00 - 17:59,PM peak / evening commute,True,False,False,False
1356043,Non-casualty (towaway),Non-casualty (towaway),2024,2024,June,Friday,18:00 - 19:59,BRUCE,ST,35,West,THE GRAND,PDE,BRIGHTON-LE-SANDS,194.0,No,Not a school zone,2-way undivided,-33.958063,151.157355,Bayside,Sydney metro. area,Syd-Newc-Woll Gtr conurbation,Straight,,,,On,Sealed,Wet,Raining,Darkness,Nil,No traffic controls,50 km/h,State,73,Off rd rght => obj,704,Right off cway into obj,,Other angle,Car (sedan/hatch),4 wheel drive / SUV,3,0,0,0,0,6,June,Winter,Friday,18:00 - 19:59,PM peak / evening commute,True,False,False,False
1356050,Non-casualty (towaway),Non-casualty (towaway),2024,2024,June,Saturday,14:00 - 15:59,SOLUS,ST,35,West,WALLACE,ST,BRAIDWOOD,51.0,No,Not a school zone,2-way undivided,-35.437667,149.80046,Queanbeyan-Palerang Regional,Country urban,Rest of NSW - Urban,Straight,Painted double centre lines,,,Off,Sealed,Dry,Fine,Daylight,Nil,No traffic controls,50 km/h,State,20,Head on,201,Opp - Head on,,Head-on,Car (sedan/hatch),4 wheel drive / SUV,2,0,0,0,0,6,June,Winter,Saturday,14:00 - 15:59,Midday / afternoon,False,False,False,False
1356065,Non-casualty (towaway),Non-casualty (towaway),2024,2024,May,Wednesday,18:00 - 19:59,GREAT WESTERN,HWY,50,West,COOERWULL,RD,BOWENFELS,5.0,No,Not a school zone,Divided road,-33.469393,150.124414,Lithgow,Country non-urban,Rest of NSW - Rural,Straight,,,,Nil,Sealed,Dry,Fine,Darkness,Nil,No traffic controls,100 km/h,State,71,Off rd left => obj,703,Left off cway into object,,Vehicle - Object,Car (sedan/hatch),,1,0,0,0,0,5,May,Autumn,Wednesday,18:00 - 19:59,PM peak / evening commute,True,False,False,False
1356070,Non-casualty (towaway),Non-casualty (towaway),2024,2024,July,Wednesday,20:00 - 21:59,GREAT NORTH,RD,0,Right on the spot,FIRST,AVE,FIVE DOCK,395.0,No,Not a school zone,T-junction,-33.869306,151.129488,Canada Bay,Sydney metro. area,Syd-Newc-Woll Gtr conurbation,Straight,,,,Unknown / not stated,Sealed,Wet,Raining,Darkness,On,No traffic controls,50 km/h,State,21,Right through,202,Opp - Right-thru,,Other angle,Car (sedan/hatch),Station wagon,2,0,0,0,0,7,July,Winter,Wednesday,20:00 - 21:59,Evening / night,False,False,False,False
1356072,Non-casualty (towaway),Non-casualty (towaway),2024,2024,May,Thursday,16:00 - 17:59,HUME,HWY,0,Right on the spot,NUMBER 325-327,HN,CABRAMATTA,2.0,No,Not a school zone,Divided road,-33.89944,150.946646,Fairfield,Sydney metro. area,Syd-Newc-Woll Gtr conurbation,Straight,,,,Off,Sealed,Wet,Fine,Daylight,Nil,No traffic controls,70 km/h,State,34,Lane change right,306,Same - Lane change right,,Other angle,Unknown motor vehicle,Car (sedan/hatch),2,0,0,0,0,5,May,Autumn,Thursday,16:00 - 17:59,PM peak / evening commute,True,False,False,False
1356076,Non-casualty (towaway),Non-casualty (towaway),2024,2024,July,Tuesday,16:00 - 17:59,NEW SOUTH HEAD,RD,0,Right on the spot,NUMBER 699,HN,ROSE BAY,173.0,No,Not a school zone,2-way undivided,-33.872138,151.264585,Woollahra,Sydney metro. area,Syd-Newc-Woll Gtr conurbation,Straight,,,,Unknown / not stated,Sealed,Dry,Fine,Dusk,Nil,No traffic controls,60 km/h,State,42,Leaving parking,401,Manov - Leaving parking,,Other angle,4 wheel drive / SUV,Car (sedan/hatch),2,0,0,0,0,7,July,Winter,Tuesday,16:00 - 17:59,PM peak / evening commute,True,False,False,False
1356081,Non-casualty (towaway),Non-casualty (towaway),2024,2024,February,Monday,12:00 - 13:59,WYRALLAH,RD,100,East,ATLAS,ST,EAST LISMORE,7742.0,No,Not a school zone,2-way undivided,-28.824767,153.28872,Lismore,Country urban,Rest of NSW - Urban,Straight,,,,Off,Sealed,Dry,Fine,Daylight,Nil,No traffic controls,50 km/h,Regional,71,Off rd left => obj,703,Left off cway into object,,Vehicle - Object,Light truck utility(from 2018),,2,0,0,0,0,2,February,Summer,Monday,12:00 - 13:59,Midday / afternoon,False,False,False,False