crash_id,degree_of_crash,degree_of_crash_-_detailed,reporting_year,year_of_crash,month_of_crash,day_of_week_of_crash,two-hour_intervals,street_of_crash,street_type,distance,direction,identifying_feature,identifying_feature_type,town,route_no.,school_zone_location,school_zone_active,type_of_location,latitude,longitude,lga,urbanisation,conurbation_1,alignment,primary_permanent_feature,primary_temporary_feature,primary_hazardous_feature,street_lighting,road_surface,surface_condition,weather,natural_lighting,signals_operation,other_traffic_control,speed_limit,road_classification_(admin),rum_-_code,rum_-_description,dca_-_code,dca_-_description,dca_supplement,first_impact_type,key_tu_type,other_tu_type,no._of_traffic_units_involved,no._killed,no._seriously_injured,no._moderately_injured,no._minor-other_injured,month_num,month_label,season,day_label,time_label,time_band,is_peak_commute,is_fatal,is_injury,is_casualty
1356083,Non-casualty (towaway),Non-casualty (towaway),2024,2024,May,Thursday,14:00 - 15:59,BEECROFT,RD,50,South,ALBERT,RD,BEECROFT,139.0,No,Not a school zone,2-way undivided,-33.744822,151.063752,Hornsby,Sydney metro. area,Syd-Newc-Woll Gtr conurbation,Straight,Embankment/cutting,,,Off,Sealed,Dry,Fine,Daylight,Nil,No traffic controls,60 km/h,State,71,Off rd left => obj,703,Left off cway into object,,Vehicle - Object,Car (sedan/hatch),,1,0,0,0,0,5,May,Autumn,Thursday,14:00 - 15:59,Midday / afternoon,False,False,False,False
1356084,Non-casualty (towaway),Non-casualty (towaway),2024,2024,April,Sunday,18:00 - 19:59,NEWCASTLE,EXP,700,South,MANDALONG ROAD,OP,MORISSET,6003.0,No,Not a school zone,Dual freeway,-33.124308,151.46903,Lake Macquarie,Newcastle met. area,Syd-Newc-Woll Gtr conurbation,Straight,,,,Nil,Sealed,Dry,Fine,Darkness,Nil,No traffic controls,110 km/h,State,30,Rear end,301,Same - Rear end,,Rear end,Car (sedan/hatch),Passenger van,3,0,0,0,0,4,April,Autumn,Sunday,18:00 - 19:59,PM peak / evening commute,True,False,False,False
1356086,Non-casualty (towaway),Non-casualty (towaway),2024,2024,May,Friday,14:00 - 15:59,PACIFIC,HWY,3000,North,BIG RIVER WAY,TO,TYNDALE,10.0,No,Not a school zone,Divided road,-29.548423,153.1642,Clarence Valley,Country non-urban,Rest of NSW - Rural,Straight,,,,Off,Sealed,Wet,Overcast,Daylight,Nil,No traffic controls,110 km/h,State,20,Head on,201,Opp - Head on,,Head-on,Station wagon,Passenger van,2,0,0,0,0,5,May,Autumn,Friday,14:00 - 15:59,Midday / afternoon,False,False,False,False
1356093,Non-casualty (towaway),Non-casualty (towaway),2024,2024,June,Sunday,00:01 - 01:59,WARRINGAH,RD,105,West,WILLANDRA,RD,BEACON HILL,328.0,No,Not a school zone,Divided road,-33.754015,151.259961,Northern Beaches,Sydney metro. area,Syd-Newc-Woll Gtr conurbation,Curved,,,,On,Sealed,Dry,Fine,Darkness,Nil,No traffic controls,70 km/h,State,35,Lane change left,307,Same - Lane change left,,Other angle,Car (sedan/hatch),Car (sedan/hatch),2,0,0,0,0,6,June,Winter,Sunday,00:01 - 01:59,Late night / early morning,False,False,False,False
1356095,Non-casualty (towaway),Non-casualty (towaway),2024,2024,May,Wednesday,16:00 - 17:59,MILITARY,RD,0,Right on the spot,NUMBER 95,HN,NEUTRAL BAY,164.0,No,Not a school zone,Divided road,-33.830573,151.219643,North Sydney,Sydney metro. area,Syd-Newc-Woll Gtr conurbation,Straight,,,,Unknown / not stated,Sealed,Dry,Fine,Daylight,Nil,No traffic controls,60 km/h,State,42,Leaving parking,401,Manov - Leaving parking,,Other angle,Car (sedan/hatch),Car (sedan/hatch),2,0,0,0,0,5,May,Autumn,Wednesday,16:00 - 17:59,PM peak / evening commute,True,False,False,False
1356103,Non-casualty (towaway),Non-casualty (towaway),2024,2024,June,Friday,10:00 - 11:59,ROBINSON,AVE,20,North,STREETON,PL,LAMBTON,,No,Not a school zone,2-way undivided,-32.912059,151.69825,Newcastle,Newcastle met. area,Syd-Newc-Woll Gtr conurbation,Curved,,,,Nil,Sealed,Dry,Fine,Daylight,Nil,No traffic controls,50 km/h,Local,81,Off left/rt bnd=>obj,803,Off right bend into obj,Left,Other angle,Car (sedan/hatch),4 wheel drive / SUV,3,0,0,0,0,6,June,Winter,Friday,10:00 - 11:59,Midday / afternoon,False,False,False,False
1356104,Non-casualty (towaway),Non-casualty (towaway),2024,2024,June,Tuesday,10:00 - 11:59,BROOKFIELD,RD,0,Right on the spot,MINTO MALL,ENT,MINTO,680.0,No,Not a school zone,Divided road,-34.029667,150.848895,Campbelltown,Sydney metro. area,Syd-Newc-Woll Gtr conurbation,Straight,Driveway/entrance,,,Nil,Sealed,Dry,Fine,Daylight,Nil,Give way sign,50 km/h,State,47,Emerging from drive,406,Manov - Emerging from driveway,,Right angle,Car (sedan/hatch),Car (sedan/hatch),2,0,0,0,0,6,June,Winter,Tuesday,10:00 - 11:59,Midday / afternoon,False,False,False,False
1356105,Non-casualty (towaway),Non-casualty (towaway),2024,2024,May,Saturday,18:00 - 19:59,THE SCENIC,RD,100,East,BOMBI,RD,MACMASTERS BEACH,,No,Not a school zone,2-way undivided,-33.509001,151.405685,Central Coast,Country urban,Syd-Newc-Woll Gtr conurbation,Curved,Painted double centre lines,,,Nil,Sealed,Wet,Raining,Darkness,Nil,No traffic controls,60 km/h,Local,20,Head on,201,Opp - Head on,,Head-on,Car (sedan/hatch),Light truck utility(from 2018),2,0,0,0,0,5,May,Autumn,Saturday,18:00 - 19:59,PM peak / evening commute,True,False,False,False
1356109,Non-casualty (towaway),Non-casualty (towaway),2024,2024,June,Friday,06:00 - 07:59,LUCINDA,AVE,0,Right on the spot,MAHRATTA,AVE,WAHROONGA,,No,Not a school zone,T-junction,-33.727715,151.109258,Ku-ring-gai,Sydney metro. area,Syd-Newc-Woll Gtr conurbation,Straight,Steep grade,,,Unknown / not stated,Sealed,Dry,Fine,Darkness,Nil,No traffic controls,50 km/h,Local,71,Off rd left => obj,703,Left off cway into object,,Other angle,Car (sedan/hatch),4 wheel drive / SUV,2,0,0,0,0,6,June,Winter,Friday,06:00 - 07:59,AM peak / school commute,True,False,False,False
1356111,Non-casualty (towaway),Non-casualty (towaway),2024,2024,June,Thursday,08:00 - 09:59,NORTHCOTT,RD,0,Right on the spot,VIOLA,PL,LALOR PARK,,No,Not a school zone,X-intersection,-33.757777,150.924513,Blacktown,Sydney metro. area,Syd-Newc-Woll Gtr conurbation,Straight,,,,Nil,Sealed,Dry,Fine,Daylight,Nil,No traffic controls,50 km/h,Local,11,Right far,102,Adj - Right-thru from left,,Right angle,Car (sedan/hatch),Unknown motor vehicle,2,0,0,0,0,6,June,Winter,Thursday,08:00 - 09:59,AM peak / school commute,True,False,False,False
1356112,Non-casualty (towaway),Non-casualty (towaway),2024,2024,June,Friday,12:00 - 13:59,BULLS,RD,200,South,RICHARDS,RD,WAKELEY,,No,Not a school zone,2-way undivided,-33.872462,150.910489,Fairfield,Sydney metro. area,Syd-Newc-Woll Gtr conurbation,Curved,Steep grade,,,Unknown / not stated,Sealed,Dry,Fine,Daylight,Nil,No traffic controls,50 km/h,Local,30,Rear end,301,Same - Rear end,,Rear end,Car (sedan/hatch),4 wheel drive / SUV,2,0,0,0,0,6,June,Winter,Friday,12:00 - 13:59,Midday / afternoon,False,False,False,False
1356113,Non-casualty (towaway),Non-casualty (towaway),2024,2024,May,Thursday,18:00 - 19:59,NEPEAN,ST,10,West,RIVER,RD,EMU PLAINS,,No,Not a school zone,T-junction,-33.763258,150.658682,Penrith,Sydney metro. area,Syd-Newc-Woll Gtr conurbation,Straight,,,,Nil,Sealed,Dry,Fine,Darkness,Nil,Stop sign,50 km/h,Local,85,Off rt/lft bnd=>obj,706,Left turn,Right,Vehicle - Object,Car (sedan/hatch),,1,0,0,0,0,5,May,Autumn,Thursday,18:00 - 19:59,PM peak / evening commute,True,False,False,False
1356116,Non-casualty (towaway),Non-casualty (towaway),2024,2024,July,Monday,00:01 - 01:59,BRONTE,RD,0,Right on the spot,CHURCH,ST,WAVERLEY,340.0,Yes,No,T-junction,-33.897953,151.252065,Waverley,Sydney metro. area,Syd-Newc-Woll Gtr conurbation,Straight,,,,On,Sealed,Wet,Raining,Darkness,Nil,No traffic controls,50 km/h,Regional,73,Off rd rght => obj,704,Right off cway into obj,,Vehicle - Object,Car (sedan/hatch),,1,0,0,0,0,7,July,Winter,Monday,00:01 - 01:59,Late night / early morning,False,False,False,False
1356125,Non-casualty (towaway),Non-casualty (towaway),2024,2024,June,Wednesday,22:00 - Midnight,HARTFIELD,RD,700,South,MOPPITY,RD,BARWANG,,No,Not a school zone,2-way undivided,-34.37813,148.391261,Hilltops,Country non-urban,Rest of NSW - Rural,Curved,Steep grade,,,Nil,Unsealed,Dry,Fine,Darkness,Nil,No traffic controls,100 km/h,Local,81,Off left/rt bnd=>obj,803,Off right bend into obj,Left,Vehicle - Object,Car (sedan/hatch),,1,0,0,0,0,6,June,Winter,Wednesday,22:00 - Midnight,Evening / night,False,False,False,False
1356127,Non-casualty (towaway),Non-casualty (towaway),2024,2024,June,Friday,22:00 - Midnight,PERCIVAL,RD,0,Right on the spot,NUMBER 42,HN,STANMORE,,No,Not a school zone,2-way undivided,-33.890201,151.165152,Inner West,Sydney metro. area,Syd-Newc-Woll Gtr conurbation,Straight,Steep grade,,,Unknown / not stated,Sealed,Dry,Fine,Darkness,Nil,No traffic controls,50 km/h,Local,71,Off rd left => obj,703,Left off cway into object,,Other angle,4 wheel drive / SUV,Car (sedan/hatch),2,0,0,0,0,6,June,Winter,Friday,22:00 - Midnight,Evening / night,False,False,False,False
1356129,Non-casualty (towaway),Non-casualty (towaway),2024,2024,February,Saturday,04:00 - 05:59,NEW ENGLAND,HWY,55,West,PARKES,ST,RUTHERFORD,9.0,No,Not a school zone,2-way undivided,-32.719231,151.532618,Maitland,Country urban,Rest of NSW - Urban,Straight,,,,Nil,Sealed,Dry,Fog or mist,Dawn,Nil,No traffic controls,60 km/h,State,71,Off rd left => obj,703,Left off cway into object,,Vehicle - Object,Car (sedan/hatch),,1,0,0,0,0,2,February,Summer,Saturday,04:00 - 05:59,Late night / early morning,False,False,False,False
1356133,Non-casualty (towaway),Non-casualty (towaway),2024,2024,June,Friday,12:00 - 13:59,PACIFIC,HWY,0,Right on the spot,SCENIC,DR,MEREWETHER,10.0,No,Not a school zone,T-junction,-32.948044,151.726719,Newcastle,Newcastle met. area,Syd-Newc-Woll Gtr conurbation,Curved,,,,Unknown / not stated,Sealed,Dry,Fine,Daylight,Nil,Give way sign,70 km/h,State,62,Accident,603,On path - Previous accident,,Other angle,Light truck utility(from 2018),Car (sedan/hatch),2,0,0,0,0,6,June,Winter,Friday,12:00 - 13:59,Midday / afternoon,False,False,False,False
1356137,Non-casualty (towaway),Non-casualty (towaway),2024,2024,June,Sunday,06:00 - 07:59,SUMMER,ST,0,Right on the spot,LORDS,PL,ORANGE,705.0,No,Not a school zone,X-intersection,-33.283823,149.101181,Orange,Country urban,Rest of NSW - Urban,Straight,,,,Unknown / not stated,Sealed,Wet,Raining,Dawn,On,No traffic controls,40 km/h,State,21,Right through,202,Opp - Right-thru,,Other angle,Light truck utility(from 2018),4 wheel drive / SUV,2,0,0,0,0,6,June,Winter,Sunday,06:00 - 07:59,AM peak / school commute,True,False,False,False
1356141,Non-casualty (towaway),Non-casualty (towaway),2024,2024,June,Friday,00:01 - 01:59,JUNO,PDE,0,Right on the spot,TEMPE,ST,GREENACRE,636.0,No,Not a school zone,T-junction,-33.906964,151.058976,Canterbury-Bankstown,Sydney metro. area,Syd-Newc-Woll Gtr conurbation,Straight,,,,On,Sealed,Wet,Raining,Darkness,Nil,Give way sign,60 km/h,State,71,Off rd left => obj,703,Left off cway into object,,Vehicle - Object,4 wheel drive / SUV,,1,0,0,0,0,6,June,Winter,Friday,00:01 - 01:59,Late night / early morning,False,False,False,False
1356147,Non-casualty (towaway),Non-casualty (towaway),2024,2024,June,Sunday,22:00 - Midnight,CHURCH,ST,0,Right on the spot,NORTH ROCKS,RD,NORTH PARRAMATTA,184.0,Yes,No,T-junction,-33.793646,150.999904,Parramatta,Sydney metro. area,Syd-Newc-Woll Gtr conurbation,Straight,Other bridge,,,Unknown / not stated,Sealed,Wet,Fine,Darkness,On,No traffic controls,60 km/h,State,32,Right rear,303,Same - Rear right,,Rear end,4 wheel drive / SUV,4 wheel drive / SUV,2,0,0,0,0,6,June,Winter,Sunday,22:00 - Midnight,Evening / night,False,False,False,False
1356149,Non-casualty (towaway),Non-casualty (towaway),2024,2024,June,Saturday,16:00 - 17:59,BELMORE,RD,0,Right on the spot,CAIRNS,ST,RIVERWOOD,2050.0,No,Not a school zone,X-intersection,-33.95312,151.051793,Georges River,Sydney metro. area,Syd-Newc-Woll Gtr conurbation,Straight,,,,Unknown / not stated,Sealed,Dry,Fine,Dusk,On,Stop sign,50 km/h,Regional,49,Other manoeuvring,400,Manov - other,,Other angle,Car (sedan/hatch),Car (sedan/hatch),2,0,0,0,0,6,June,Winter,Saturday,16:00 - 17:59,PM peak / evening commute,True,False,False,False
1356172,Non-casualty (towaway),Non-casualty (towaway),2024,2024,July,Tuesday,20:00 - 21:59,JACARANDA,AVE,0,Right on the spot,NUMBER 23,HN,TWEED HEADS WEST,,No,Not a school zone,2-way undivided,-28.195093,153.50874,Tweed,Country urban,Rest of NSW - Urban,Straight,,,,Off,Sealed,Wet,Raining,Darkness,Nil,No traffic controls,50 km/h,Local,71,Off rd left => obj,703,Left off cway into object,,Other angle,Light truck utility(from 2018),Car (sedan/hatch),2,0,0,0,0,7,July,Winter,Tuesday,20:00 - 21:59,Evening / night,False,False,False,False
1356174,Non-casualty (towaway),Non-casualty (towaway),2024,2024,June,Sunday,16:00 - 17:59,MID WESTERN,HWY,0,Right on the spot,NUMBER 59,HN,BLAYNEY,6.0,No,Not a school zone,2-way undivided,-33.532366,149.255258,Blayney,Country urban,Rest of NSW - Urban,Straight,,,,Unknown / not stated,Sealed,Wet,Overcast,Daylight,Nil,No traffic controls,50 km/h,State,42,Leaving parking,401,Manov - Leaving parking,,Other angle,4 wheel drive / SUV,Car (sedan/hatch),2,0,0,0,0,6,June,Winter,Sunday,16:00 - 17:59,PM peak / evening commute,True,False,False,False
1356183,Non-casualty (towaway),Non-casualty (towaway),2024,2024,May,Friday,10:00 - 11:59,CUMBERLAND,HWY,0,Right on the spot,CANLEY VALE,RD,CANLEY HEIGHTS,13.0,Yes,No,X-intersection,-33.883641,150.923766,Fairfield,Sydney metro. area,Syd-Newc-Woll Gtr conurbation,Straight,,,,Unknown / not stated,Sealed,Dry,Overcast,Daylight,On,No traffic controls,70 km/h,State,10,Cross traffic,101,Adj - Cross traffic,,Right angle,Car (sedan/hatch),4 wheel drive / SUV,2,0,0,0,0,5,May,Autumn,Friday,10:00 - 11:59,Midday / afternoon,False,False,False,False
1356188,Non-casualty (towaway),Non-casualty (towaway),2024,2024,March,Friday,06:00 - 07:59,TURTON,RD,10,North,REX,AVE,NEW LAMBTON,326.0,No,Not a school zone,T-junction,-32.921475,151.72348,Newcastle,Newcastle met. area,Syd-Newc-Woll Gtr conurbation,Straight,,,,Off,Sealed,Dry,Fine,Daylight,Nil,No traffic controls,60 km/h,State,71,Off rd left => obj,703,Left off cway into object,,Other angle,4 wheel drive / SUV,4 wheel drive / SUV,4,0,0,0,0,3,March,Autumn,Friday,06:00 - 07:59,AM peak / school commute,True,False,False,False
1356192,Non-casualty (towaway),Non-casualty (towaway),2024,2024,May,Saturday,20:00 - 21:59,PITTWATER,RD,0,Right on the spot,WARRINGAH,RD,BROOKVALE,164.0,No,Not a school zone,X-intersection,-33.758655,151.280372,Northern Beaches,Sydney metro. area,Syd-Newc-Woll Gtr conurbation,Curved,Bus/transit lane,,,On,Sealed,Wet,Raining,Darkness,On,No traffic controls,60 km/h,State,62,Accident,603,On path - Previous accident,,Other angle,4 wheel drive / SUV,Car (sedan/hatch),2,0,0,0,0,5,May,Autumn,Saturday,20:00 - 21:59,Evening / night,False,False,False,False
1356195,Non-casualty (towaway),Non-casualty (towaway),2024,2024,June,Friday,12:00 - 13:59,THE LAKES,WAY,0,Right on the spot,FAILFORD,RD,DARAWANK,111.0,No,Not a school zone,T-junction,-32.090335,152.478379,Mid-Coast,Country urban,Rest of NSW - Urban,Curved,,,,Unknown / not stated,Sealed,Dry,Fine,Daylight,Nil,Stop sign,80 km/h,Regional,13,Right near,104,Adj - Right-thru from right,,Right angle,Car (sedan/hatch),4 wheel drive / SUV,2,0,0,0,0,6,June,Winter,Friday,12:00 - 13:59,Midday / afternoon,False,False,False,False
1356202,Non-casualty (towaway),Non-casualty (towaway),2024,2024,June,Friday,06:00 - 07:59,UTHER,ST,25,East,HERCULES,ST,SURRY HILLS,,No,Not a school zone,2-way undivided,-33.885367,151.210369,Sydney,Sydney metro. area,Syd-Newc-Woll Gtr conurbation,Straight,,,,Unknown / not stated,Sealed,Wet,Raining,Darkness,Nil,No traffic controls,40 km/h,Local,49,Other manoeuvring,400,Manov - other,,Other angle,Large rigid,Passenger van,2,0,0,0,0,6,June,Winter,Friday,06:00 - 07:59,AM peak / school commute,True,False,False,False
1356209,Non-casualty (towaway),Non-casualty (towaway),2024,2024,July,Tuesday,08:00 - 09:59,BERRIMA,RD,0,Right on the spot,NUMBER 194,HN,MOSS VALE,372.0,No,Not a school zone,2-way undivided,-34.532929,150.355303,Wingecarribee,Country urban,Rest of NSW - Urban,Straight,,,,Unknown / not stated,Sealed,Wet,Overcast,Daylight,Nil,No traffic controls,70 km/h,Regional,71,Off rd left => obj,703,Left off cway into object,,Vehicle - Object,Car (sedan/hatch),,1,0,0,0,0,7,July,Winter,Tuesday,08:00 - 09:59,AM peak / school commute,True,False,False,False
1356219,Non-casualty (towaway),Non-casualty (towaway),2024,2024,June,Wednesday,04:00 - 05:59,STRATHEDEN,RD,3650,South,MCDONALDS BRIDGE,RD,STRATHEDEN,,No,Not a school zone,2-way undivided,-28.782813,152.950235,Richmond Valley,Country non-urban,Rest of NSW - Rural,Straight,,,,Nil,Sealed,Unknown,Unknown,Darkness,Nil,No traffic controls,100 km/h,Local,67,Struck animal,609,On path - Hit animal,,Vehicle - Animal,Light truck utility(from 2018),,1,0,0,0,0,6,June,Winter,Wednesday,04:00 - 05:59,Late night / early morning,False,False,False,False
1356222,Non-casualty (towaway),Non-casualty (towaway),2024,2024,June,Sunday,18:00 - 19:59,GREGORY HILLS,DR,200,East,GOLDEN WATTLE,AVE,GREGORY HILLS,,No,Not a school zone,Divided road,-34.024871,150.782428,Camden,Sydney metro. area,Syd-Newc-Woll Gtr conurbation,Curved,,,,Unknown / not stated,Sealed,Wet,Overcast,Darkness,Nil,No traffic controls,60 km/h,Local,81,Off left/rt bnd=>obj,803,Off right bend into obj,Left,Vehicle - Object,4 wheel drive / SUV,,1,0,0,0,0,6,June,Winter,Sunday,18:00 - 19:59,PM peak / evening commute,True,False,False,False
1356233,Non-casualty (towaway),Non-casualty (towaway),2024,2024,July,Thursday,06:00 - 07:59,BABBAGE,RD,30,South,PARK,AVE,ROSEVILLE,328.0,No,Not a school zone,Divided road,-33.778644,151.195037,Ku-ring-gai,Sydney metro. area,Syd-Newc-Woll Gtr conurbation,Straight,,,,Off,Sealed,Dry,Overcast,Dawn,Nil,No traffic controls,60 km/h,State,70,Off road to left,701,Off carriageway to left,,Rollover,4 wheel drive / SUV,,1,0,0,0,0,7,July,Winter,Thursday,06:00 - 07:59,AM peak / school commute,True,False,False,False
1356235,Non-casualty (towaway),Non-casualty (towaway),2024,2024,July,Tuesday,08:00 - 09:59,BLACKTOWN,RD,0,Right on the spot,WALL PARK AVENUE,TO,BLACKTOWN,644.0,No,Not a school zone,2-way undivided,-33.776877,150.920143,Blacktown,Sydney metro. area,Syd-Newc-Woll Gtr conurbation,Curved,,,,Unknown / not stated,Sealed,Wet,Overcast,Daylight,Nil,No traffic controls,60 km/h,State,30,Rear end,301,Same - Rear end,,Rear end,Car (sedan/hatch),Light truck utility(from 2018),2,0,0,0,0,7,July,Winter,Tuesday,08:00 - 09:59,AM peak / school commute,True,False,False,False
1356239,Non-casualty (towaway),Non-casualty (towaway),2024,2024,June,Sunday,20:00 - 21:59,KIOSK,RD,0,Right on the spot,TRIAL BAY GAOL,RD,ARAKOON,,No,Not a school zone,T-junction,-30.879067,153.072773,Kempsey,Country urban,Rest of NSW - Urban,Curved,Embankment/cutting,,,Nil,Sealed,Wet,Raining,Darkness,Nil,No traffic controls,40 km/h,Local,80,Off left/right bend,707,Right turn,Left,Rollover,Car (sedan/hatch),,1,0,0,0,0,6,June,Winter,Sunday,20:00 - 21:59,Evening / night,False,False,False,False
1356244,Non-casualty (towaway),Non-casualty (towaway),2024,2024,July,Wednesday,12:00 - 13:59,PIONEER,RD,0,Right on the spot,EDGAR,ST,TOWRADGI,7642.0,No,Not a school zone,X-intersection,-34.387166,150.906144,Wollongong,Wollongong met. area,Syd-Newc-Woll Gtr conurbation,Straight,,,,Unknown / not stated,Sealed,Dry,Fine,Daylight,Nil,No traffic controls,60 km/h,Regional,21,Right through,202,Opp - Right-thru,,Other angle,Car (sedan/hatch),Car (sedan/hatch),2,0,0,0,0,7,July,Winter,Wednesday,12:00 - 13:59,Midday / afternoon,False,False,False,False
1356247,Non-casualty (towaway),Non-casualty (towaway),2024,2024,July,Tuesday,16:00 - 17:59,NEW ENGLAND,HWY,0,Right on the spot,CESSNOCK,RD,MAITLAND,9.0,No,Not a school zone,Roundabout,-32.739071,151.551547,Maitland,Country urban,Rest of NSW - Urban,Straight,,,,Unknown / not stated,Sealed,Wet,Raining,Dusk,Nil,Give way sign,60 km/h,State,13,Right near,104,Adj - Right-thru from right,,Right angle,4 wheel drive / SUV,4 wheel drive / SUV,2,0,0,0,0,7,July,Winter,Tuesday,16:00 - 17:59,PM peak / evening commute,True,False,False,False
1356249,Non-casualty (towaway),Non-casualty (towaway),2024,2024,July,Wednesday,18:00 - 19:59,PITTWATER,RD,0,Right on the spot,OAKS,AVE,DEE WHY,164.0,No,Not a school zone,T-junction,-33.753443,151.285669,Northern Beaches,Sydney metro. area,Syd-Newc-Woll Gtr conurbation,Straight,,,,Unknown / not stated,Sealed,Wet,Raining,Darkness,On,No traffic controls,60 km/h,State,21,Right through,202,Opp - Right-thru,,Other angle,Car (sedan/hatch),4 wheel drive / SUV,2,0,0,0,0,7,July,Winter,Wednesday,18:00 - 19:59,PM peak / evening commute,True,False,False,False
1356250,Non-casualty (towaway),Non-casualty (towaway),2024,2024,June,Friday,12:00 - 13:59,BADGALLY,RD,0,Right on the spot,BLAXLAND,RD,CAMPBELLTOWN,7191.0,No,Not a school zone,X-intersection,-34.059726,150.813629,Campbelltown,Sydney metro. area,Syd-Newc-Woll Gtr conurbation,Straight,,,,Unknown / not stated,Sealed,Dry,Fine,Daylight,Unknown / not stated,No traffic controls,60 km/h,Regional,30,Rear end,301,Same - Rear end,,Rear end,Light truck,Light truck,3,0,0,0,0,6,June,Winter,Friday,12:00 - 13:59,Midday / afternoon,False,False,False,False
1356252,Non-casualty (towaway),Non-casualty (towaway),2024,2024,July,Wednesday,08:00 - 09:59,BATTYE,ST,0,Right on the spot,QUEEN,ST,FORBES,,No,Not a school zone,X-intersection,-33.379693,148.00621,Forbes,Country urban,Rest of NSW - Urban,Straight,,,,Unknown / not stated,Sealed,Dry,Fine,Daylight,Nil,Give way sign,50 km/h,Local,19,Other adjacent,100,Adj - other,,Right angle,4 wheel drive / SUV,4 wheel drive / SUV,2,0,0,0,0,7,July,Winter,Wednesday,08:00 - 09:59,AM peak / school commute,True,False,False,False
1356254,Non-casualty (towaway),Non-casualty (towaway),2024,2024,June,Saturday,18:00 - 19:59,CUTHILL,ST,20,West,PEROUSE,RD,RANDWICK,631.0,No,Not a school zone,1-way street,-33.918106,151.241959,Randwick,Sydney metro. area,Syd-Newc-Woll Gtr conurbation,Straight,,,,On,Sealed,Wet,Fine,Darkness,Nil,No traffic controls,50 km/h,Regional,30,Rear end,301,Same - Rear end,,Rear end,Car (sedan/hatch),Car (sedan/hatch),2,0,0,0,0,6,June,Winter,Saturday,18:00 - 19:59,PM peak / evening commute,True,False,False,False
1356263,Non-casualty (towaway),Non-casualty (towaway),2024,2024,June,Wednesday,14:00 - 15:59,MACDONALDS,RD,0,Right on the spot,NUMBER 24,HN,LISAROW,,Yes,No,2-way undivided,-33.381599,151.37587,Central Coast,Country urban,Syd-Newc-Woll Gtr conurbation,Curved,,,,Unknown / not stated,Sealed,Dry,Fine,Daylight,Nil,No traffic controls,60 km/h,Local,20,Head on,201,Opp - Head on,,Head-on,4 wheel drive / SUV,4 wheel drive / SUV,2,0,0,0,0,6,June,Winter,Wednesday,14:00 - 15:59,Midday / afternoon,False,False,False,False
1356275,Non-casualty (towaway),Non-casualty (towaway),2024,2024,June,Saturday,16:00 - 17:59,BOLWARRA,CCT,0,Right on the spot,PLATEAU,DR,WOLLONGBAR,,No,Not a school zone,T-junction,-28.815201,153.415121,Ballina,Country urban,Rest of NSW - Urban,Curved,,,,Unknown / not stated,Sealed,Dry,Fine,Daylight,Nil,No traffic controls,50 km/h,Local,30,Rear end,301,Same - Rear end,,Rear end,Car (sedan/hatch),Car (sedan/hatch),2,0,0,0,0,6,June,Winter,Saturday,16:00 - 17:59,PM peak / evening commute,True,False,False,False
1356276,Non-casualty (towaway),Non-casualty (towaway),2024,2024,June,Friday,08:00 - 09:59,WEST,TCE,30,South,NORTH,TCE,BANKSTOWN,,No,Not a school zone,2-way undivided,-33.917642,151.037587,Canterbury-Bankstown,Sydney metro. area,Syd-Newc-Woll Gtr conurbation,Straight,Low clr o'head brdge,,,Unknown / not stated,Sealed,Dry,Fine,Daylight,Nil,No traffic controls,40 km/h,Local,69,Other on path,600,On path - Other,,Vehicle - Object,Light truck,,2,0,0,0,0,6,June,Winter,Friday,08:00 - 09:59,AM peak / school commute,True,False,False,False
1356285,Non-casualty (towaway),Non-casualty (towaway),2024,2024,June,Friday,06:00 - 07:59,ANSON,ST,140,South,CHESTNUT,AVE,ORANGE,,Yes,No,2-way undivided,-33.296529,149.096234,Orange,Country urban,Rest of NSW - Urban,Straight,,,,On,Sealed,Wet,Overcast,Dawn,On,Ped crossing,50 km/h,Local,71,Off rd left => obj,703,Left off cway into object,,Vehicle - Object,Light truck utility(from 2018),,1,0,0,0,0,6,June,Winter,Friday,06:00 - 07:59,AM peak / school commute,True,False,False,False
1356297,Non-casualty (towaway),Non-casualty (towaway),2024,2024,June,Thursday,20:00 - 21:59,PENNANT,ST,10,North,CASTLE,ST,CASTLE HILL,672.0,No,Not a school zone,X-intersection,-33.731106,151.004213,The Hills,Sydney metro. area,Syd-Newc-Woll Gtr conurbation,Straight,,,,Unknown / not stated,Sealed,Dry,Fine,Darkness,Nil,No traffic controls,60 km/h,State,44,Parking vehicles,403,Manov - Parking-parked vehicle,,Other angle,Light truck,4 wheel drive / SUV,2,0,0,0,0,6,June,Winter,Thursday,20:00 - 21:59,Evening / night,False,False,False,False
1356302,Non-casualty (towaway),Non-casualty (towaway),2024,2024,June,Saturday,10:00 - 11:59,FIELDS,RD,0,Right on the spot,NUMBER 5-7,HN,MACQUARIE FIELDS,7198.0,No,Not a school zone,2-way undivided,-33.991534,150.882781,Campbelltown,Sydney metro. area,Syd-Newc-Woll Gtr conurbation,Straight,Driveway/entrance,,,Unknown / not stated,Sealed,Wet,Fine,Daylight,Nil,No traffic controls,60 km/h,Regional,32,Right rear,303,Same - Rear right,,Rear end,Car (sedan/hatch),Car (sedan/hatch),2,0,0,0,0,6,June,Winter,Saturday,10:00 - 11:59,Midday / afternoon,False,False,False,False