crash_id,degree_of_crash,degree_of_crash_-_detailed,reporting_year,year_of_crash,month_of_crash,day_of_week_of_crash,two-hour_intervals,street_of_crash,street_type,distance,direction,identifying_feature,identifying_feature_type,town,route_no.,school_zone_location,school_zone_active,type_of_location,latitude,longitude,lga,urbanisation,conurbation_1,alignment,primary_permanent_feature,primary_temporary_feature,primary_hazardous_feature,street_lighting,road_surface,surface_condition,weather,natural_lighting,signals_operation,other_traffic_control,speed_limit,road_classification_(admin),rum_-_code,rum_-_description,dca_-_code,dca_-_description,dca_supplement,first_impact_type,key_tu_type,other_tu_type,no._of_traffic_units_involved,no._killed,no._seriously_injured,no._moderately_injured,no._minor-other_injured,month_num,month_label,season,day_label,time_label,time_band,is_peak_commute,is_fatal,is_injury,is_casualty
1356308,Non-casualty (towaway),Non-casualty (towaway),2024,2024,June,Saturday,10:00 - 11:59,POPONDETTA,RD,80,North,JERSEY,RD,BLACKETT,7163.0,No,Not a school zone,2-way undivided,-33.742143,150.810886,Blacktown,Sydney metro. area,Syd-Newc-Woll Gtr conurbation,Straight,,,,Unknown / not stated,Sealed,Dry,Fine,Daylight,Nil,No traffic controls,50 km/h,Regional,30,Rear end,301,Same - Rear end,,Rear end,4 wheel drive / SUV,Light truck utility(from 2018),2,0,0,0,0,6,June,Winter,Saturday,10:00 - 11:59,Midday / afternoon,False,False,False,False
1356317,Non-casualty (towaway),Non-casualty (towaway),2024,2024,July,Monday,06:00 - 07:59,GREAT WESTERN,HWY,0,Right on the spot,WALLGROVE,RD,MINCHINBURY,5.0,No,Not a school zone,X-intersection,-33.78893,150.854357,Blacktown,Sydney metro. area,Syd-Newc-Woll Gtr conurbation,Curved,,,,Unknown / not stated,Sealed,Dry,Fine,Daylight,Off,No traffic controls,60 km/h,State,30,Rear end,301,Same - Rear end,,Rear end,4 wheel drive / SUV,4 wheel drive / SUV,2,0,0,0,0,7,July,Winter,Monday,06:00 - 07:59,AM peak / school commute,True,False,False,False
1356318,Non-casualty (towaway),Non-casualty (towaway),2024,2024,June,Saturday,00:01 - 01:59,LOGAN,RD,0,Right on the spot,WAUGH,RD,NORTH ALBURY,,No,Not a school zone,X-intersection,-36.057098,146.927186,Albury,Country urban,Rest of NSW - Urban,Straight,,,,On,Sealed,Dry,Fine,Darkness,On,No traffic controls,60 km/h,Local,88,Out of cont on bend,706,Left turn,,Rollover,Light truck utility(from 2018),,1,0,0,0,0,6,June,Winter,Saturday,00:01 - 01:59,Late night / early morning,False,False,False,False
1356324,Non-casualty (towaway),Non-casualty (towaway),2024,2024,July,Monday,12:00 - 13:59,BEACONSFIELD,ST,50,West,STUBBS,ST,SILVERWATER,,No,Not a school zone,2-way undivided,-33.837718,151.037459,Parramatta,Sydney metro. area,Syd-Newc-Woll Gtr conurbation,Straight,,,,Unknown / not stated,Sealed,Dry,Fine,Daylight,Nil,No traffic controls,50 km/h,Local,71,Off rd left => obj,703,Left off cway into object,,Other angle,4 wheel drive / SUV,4 wheel drive / SUV,3,0,0,0,0,7,July,Winter,Monday,12:00 - 13:59,Midday / afternoon,False,False,False,False
1356327,Non-casualty (towaway),Non-casualty (towaway),2024,2024,June,Monday,16:00 - 17:59,LINDESAY,ST,0,Right on the spot,GEORGE,ST,EAST MAITLAND,104.0,No,Not a school zone,X-intersection,-32.747942,151.592916,Maitland,Country urban,Rest of NSW - Urban,Straight,,,,Unknown / not stated,Sealed,Dry,Fine,Daylight,Nil,Stop sign,50 km/h,State,10,Cross traffic,101,Adj - Cross traffic,,Right angle,4 wheel drive / SUV,Car (sedan/hatch),2,0,0,0,0,6,June,Winter,Monday,16:00 - 17:59,PM peak / evening commute,True,False,False,False
1356334,Non-casualty (towaway),Non-casualty (towaway),2024,2024,July,Monday,18:00 - 19:59,EPPING,RD,0,Right on the spot,RYRIE,ST,NORTH RYDE,373.0,No,Not a school zone,T-junction,-33.79266,151.13211,Ryde,Sydney metro. area,Syd-Newc-Woll Gtr conurbation,Straight,Steep grade,,,Unknown / not stated,Sealed,Wet,Raining,Darkness,Nil,No traffic controls,70 km/h,State,39,Other same direction,300,Same - other,,Other angle,4 wheel drive / SUV,Car (sedan/hatch),2,0,0,0,0,7,July,Winter,Monday,18:00 - 19:59,PM peak / evening commute,True,False,False,False
1356337,Non-casualty (towaway),Non-casualty (towaway),2024,2024,July,Wednesday,14:00 - 15:59,PACIFIC,HWY,0,Right on the spot,PARSONS,RD,LISAROW,10.0,No,Not a school zone,Roundabout,-33.385068,151.36626,Central Coast,Country urban,Syd-Newc-Woll Gtr conurbation,Curved,,,,Unknown / not stated,Sealed,Dry,Fine,Daylight,Nil,Give way sign,60 km/h,State,34,Lane change right,306,Same - Lane change right,,Other angle,Large rigid,Car (sedan/hatch),2,0,0,0,0,7,July,Winter,Wednesday,14:00 - 15:59,Midday / afternoon,False,False,False,False
1356340,Non-casualty (towaway),Non-casualty (towaway),2024,2024,June,Saturday,08:00 - 09:59,BELLS LINE OF,RD,220,East,OLD BELLS LINE OF,RD,BILPIN,184.0,No,Not a school zone,2-way undivided,-33.509201,150.494197,Hawkesbury,Country urban,Syd-Newc-Woll Gtr conurbation,Curved,Steep grade,,,Nil,Sealed,Wet,Raining,Daylight,Nil,No traffic controls,80 km/h,State,88,Out of cont on bend,805,Out of control on bend,,Rollover,Large rigid,,1,0,0,0,0,6,June,Winter,Saturday,08:00 - 09:59,AM peak / school commute,True,False,False,False
1356346,Non-casualty (towaway),Non-casualty (towaway),2024,2024,June,Friday,06:00 - 07:59,GREAT WESTERN,HWY,0,Right on the spot,BIRNIE,AVE,LIDCOMBE,5.0,No,Not a school zone,X-intersection,-33.85484,151.061436,Cumberland,Sydney metro. area,Syd-Newc-Woll Gtr conurbation,Straight,,,,Unknown / not stated,Sealed,Dry,Fine,Daylight,On,No traffic controls,60 km/h,State,21,Right through,202,Opp - Right-thru,,Other angle,Station wagon,Motorcycle,2,0,0,0,0,6,June,Winter,Friday,06:00 - 07:59,AM peak / school commute,True,False,False,False
1356351,Non-casualty (towaway),Non-casualty (towaway),2024,2024,June,Friday,08:00 - 09:59,NORTH MOTO,RD,0,Right on the spot,NUMBER 1028,HN,MOTO,,No,Not a school zone,2-way undivided,-31.800066,152.527668,Mid-Coast,Country non-urban,Rest of NSW - Rural,Straight,,,,Unknown / not stated,Unsealed,Wet,Fine,Daylight,Nil,No traffic controls,100 km/h,Local,71,Off rd left => obj,703,Left off cway into object,,Vehicle - Object,4 wheel drive / SUV,,1,0,0,0,0,6,June,Winter,Friday,08:00 - 09:59,AM peak / school commute,True,False,False,False
1356352,Non-casualty (towaway),Non-casualty (towaway),2024,2024,July,Tuesday,00:01 - 01:59,KINGHORNE,ST,0,Right on the spot,NUMBER 162,HN,GOULBURN,,No,Not a school zone,2-way undivided,-34.741198,149.713514,Goulburn Mulwaree,Country urban,Rest of NSW - Urban,Straight,,,,Nil,Sealed,Wet,Overcast,Darkness,Nil,No traffic controls,50 km/h,Local,71,Off rd left => obj,703,Left off cway into object,,Other angle,4 wheel drive / SUV,Utility,2,0,0,0,0,7,July,Winter,Tuesday,00:01 - 01:59,Late night / early morning,False,False,False,False
1356354,Non-casualty (towaway),Non-casualty (towaway),2024,2024,June,Saturday,02:00 - 03:59,DONNISON,ST,0,Right on the spot,MANN,ST,GOSFORD,,No,Not a school zone,X-intersection,-33.426937,151.341851,Central Coast,Country urban,Syd-Newc-Woll Gtr conurbation,Straight,,,,On,Sealed,Wet,Raining,Darkness,On,No traffic controls,40 km/h,Local,32,Right rear,303,Same - Rear right,,Rear end,Car (sedan/hatch),4 wheel drive / SUV,2,0,0,0,0,6,June,Winter,Saturday,02:00 - 03:59,Late night / early morning,False,False,False,False
1356361,Non-casualty (towaway),Non-casualty (towaway),2024,2024,June,Friday,00:01 - 01:59,WOY WOY,RD,50,South,HORSFIELD,RD,HORSFIELD BAY,7751.0,No,Not a school zone,2-way undivided,-33.493779,151.299773,Central Coast,Country urban,Syd-Newc-Woll Gtr conurbation,Curved,Steep grade,,,Unknown / not stated,Sealed,Dry,Fine,Darkness,Nil,No traffic controls,60 km/h,Regional,83,Off rt/rt bnd=>obj,803,Off right bend into obj,Right,Vehicle - Object,Passenger van,,1,0,0,0,0,6,June,Winter,Friday,00:01 - 01:59,Late night / early morning,False,False,False,False
1356371,Non-casualty (towaway),Non-casualty (towaway),2024,2024,July,Thursday,16:00 - 17:59,HILLY,ST,0,Right on the spot,WHITTAKER,ST,MORTLAKE,,No,Not a school zone,T-junction,-33.839029,151.105817,Canada Bay,Sydney metro. area,Syd-Newc-Woll Gtr conurbation,Straight,,,,Unknown / not stated,Sealed,Dry,Fine,Darkness,Nil,Give way sign,50 km/h,Local,49,Other manoeuvring,400,Manov - other,,Other angle,4 wheel drive / SUV,Car (sedan/hatch),2,0,0,0,0,7,July,Winter,Thursday,16:00 - 17:59,PM peak / evening commute,True,False,False,False
1356380,Non-casualty (towaway),Non-casualty (towaway),2024,2024,June,Saturday,14:00 - 15:59,PACIFIC,HWY,750,North,GULGAN ROAD,OP,BRUNSWICK HEADS,10.0,No,Not a school zone,Divided road,-28.552546,153.537936,Byron,Country non-urban,Rest of NSW - Rural,Straight,,,,Unknown / not stated,Sealed,Dry,Fine,Daylight,Nil,No traffic controls,110 km/h,State,39,Other same direction,300,Same - other,,Other angle,Light truck utility(from 2018),Car (sedan/hatch),2,0,0,0,0,6,June,Winter,Saturday,14:00 - 15:59,Midday / afternoon,False,False,False,False
1356383,Non-casualty (towaway),Non-casualty (towaway),2024,2024,July,Tuesday,22:00 - Midnight,PACIFIC,HWY,10,East,JAMES,ST,HORNSBY,10.0,Yes,No,T-junction,-33.709293,151.100713,Hornsby,Sydney metro. area,Syd-Newc-Woll Gtr conurbation,Straight,,,,Unknown / not stated,Sealed,Wet,Raining,Darkness,Nil,No traffic controls,60 km/h,State,71,Off rd left => obj,703,Left off cway into object,,Vehicle - Object,4 wheel drive / SUV,,1,0,0,0,0,7,July,Winter,Tuesday,22:00 - Midnight,Evening / night,False,False,False,False
1356386,Non-casualty (towaway),Non-casualty (towaway),2024,2024,June,Thursday,18:00 - 19:59,BOUNDARY,ST,0,Right on the spot,ARCHER,ST,ROSEVILLE,328.0,No,Not a school zone,T-junction,-33.786777,151.181382,Willoughby,Sydney metro. area,Syd-Newc-Woll Gtr conurbation,Straight,Steep grade,,,Unknown / not stated,Sealed,Dry,Fine,Dusk,On,No traffic controls,60 km/h,State,21,Right through,202,Opp - Right-thru,,Other angle,Car (sedan/hatch),Car (sedan/hatch),2,0,0,0,0,6,June,Winter,Thursday,18:00 - 19:59,PM peak / evening commute,True,False,False,False
1356387,Non-casualty (towaway),Non-casualty (towaway),2024,2024,July,Tuesday,04:00 - 05:59,CORMORANT,RD,0,Right on the spot,CURLEW,ST,KOORAGANG,,No,Not a school zone,T-junction,-32.882295,151.776852,Newcastle,Newcastle met. area,Syd-Newc-Woll Gtr conurbation,Straight,,,,On,Sealed,Wet,Raining,Darkness,Nil,Stop sign,60 km/h,Local,11,Right far,102,Adj - Right-thru from left,,Right angle,Semi-trailer,Semi-trailer,2,0,0,0,0,7,July,Winter,Tuesday,04:00 - 05:59,Late night / early morning,False,False,False,False
1356391,Non-casualty (towaway),Non-casualty (towaway),2024,2024,July,Tuesday,10:00 - 11:59,NARELLAN,RD,25,West,HUME,HWY,MOUNT ANNAN,178.0,No,Not a school zone,Divided road,-34.060847,150.783067,Campbelltown,Sydney metro. area,Syd-Newc-Woll Gtr conurbation,Straight,Steep grade,,,Unknown / not stated,Sealed,Dry,Fine,Daylight,Nil,No traffic controls,80 km/h,State,39,Other same direction,300,Same - other,,Other angle,Semi-trailer,Station wagon,2,0,0,0,0,7,July,Winter,Tuesday,10:00 - 11:59,Midday / afternoon,False,False,False,False
1356393,Non-casualty (towaway),Non-casualty (towaway),2024,2024,March,Saturday,04:00 - 05:59,SMITH,ST,50,East,FLOUR MILL,WAY,SUMMER HILL,,No,Not a school zone,2-way undivided,-33.892974,151.142863,Inner West,Sydney metro. area,Syd-Newc-Woll Gtr conurbation,Curved,Painted double centre lines,,,Off,Sealed,Wet,Overcast,Darkness,Nil,No traffic controls,50 km/h,Local,85,Off rt/lft bnd=>obj,804,Off left bend into obj,Right,Vehicle - Object,4 wheel drive / SUV,,1,0,0,0,0,3,March,Autumn,Saturday,04:00 - 05:59,Late night / early morning,False,False,False,False
1356400,Non-casualty (towaway),Non-casualty (towaway),2024,2024,July,Tuesday,12:00 - 13:59,TAREN POINT,RD,0,Right on the spot,THE BOULEVARDE,MS,CARINGBAH,199.0,Yes,No,X-intersection,-34.031914,151.119298,Sutherland,Sydney metro. area,Syd-Newc-Woll Gtr conurbation,Straight,,,,Unknown / not stated,Sealed,Dry,Fine,Daylight,On,No traffic controls,70 km/h,State,30,Rear end,301,Same - Rear end,,Rear end,Light truck,Light truck utility(from 2018),2,0,0,0,0,7,July,Winter,Tuesday,12:00 - 13:59,Midday / afternoon,False,False,False,False
1356401,Non-casualty (towaway),Non-casualty (towaway),2024,2024,June,Monday,08:00 - 09:59,ELIZABETH,DR,35,West,WALLGROVE,RD,CECIL PARK,535.0,No,Not a school zone,Divided road,-33.875845,150.842084,Fairfield,Sydney metro. area,Syd-Newc-Woll Gtr conurbation,Straight,,Roadwks/Detour/Diverson,,Nil,Sealed,Dry,Overcast,Daylight,Nil,No traffic controls,60 km/h,State,34,Lane change right,306,Same - Lane change right,,Other angle,Unknown motor vehicle,Car (sedan/hatch),2,0,0,0,0,6,June,Winter,Monday,08:00 - 09:59,AM peak / school commute,True,False,False,False
1356405,Non-casualty (towaway),Non-casualty (towaway),2024,2024,July,Monday,08:00 - 09:59,ARTHUR,ST,0,Right on the spot,DENTON,LANE,CABRAMATTA,,No,Not a school zone,T-junction,-33.894533,150.937329,Fairfield,Sydney metro. area,Syd-Newc-Woll Gtr conurbation,Straight,,,,Unknown / not stated,Sealed,Dry,Fine,Daylight,Nil,No traffic controls,40 km/h,Local,39,Other same direction,300,Same - other,,Other angle,Car (sedan/hatch),Car (sedan/hatch),2,0,0,0,0,7,July,Winter,Monday,08:00 - 09:59,AM peak / school commute,True,False,False,False
1356407,Non-casualty (towaway),Non-casualty (towaway),2024,2024,June,Friday,16:00 - 17:59,SOUTH WESTERN,EXP,1000,West,HEATHCOTE ROAD,OP,MOOREBANK,6005.0,No,Not a school zone,Dual freeway,-33.940514,150.931593,Liverpool,Sydney metro. area,Syd-Newc-Woll Gtr conurbation,Straight,,,,Unknown / not stated,Sealed,Dry,Fine,Dusk,Nil,No traffic controls,100 km/h,State,30,Rear end,301,Same - Rear end,,Rear end,Car (sedan/hatch),4 wheel drive / SUV,3,0,0,0,0,6,June,Winter,Friday,16:00 - 17:59,PM peak / evening commute,True,False,False,False
1356412,Non-casualty (towaway),Non-casualty (towaway),2024,2024,June,Sunday,16:00 - 17:59,CARRINGTON,RD,0,Right on the spot,CLOVELLY,RD,RANDWICK,7328.0,No,Not a school zone,X-intersection,-33.91,151.251542,Randwick,Sydney metro. area,Syd-Newc-Woll Gtr conurbation,Straight,,,,Unknown / not stated,Sealed,Wet,Raining,Darkness,On,No traffic controls,50 km/h,Regional,21,Right through,202,Opp - Right-thru,,Other angle,Car (sedan/hatch),Car (sedan/hatch),2,0,0,0,0,6,June,Winter,Sunday,16:00 - 17:59,PM peak / evening commute,True,False,False,False
1356415,Non-casualty (towaway),Non-casualty (towaway),2024,2024,June,Saturday,12:00 - 13:59,PITTWATER,RD,0,Right on the spot,OCEAN,GR,COLLAROY,164.0,No,Not a school zone,X-intersection,-33.737288,151.302559,Northern Beaches,Sydney metro. area,Syd-Newc-Woll Gtr conurbation,Straight,,,,Unknown / not stated,Sealed,Dry,Fine,Daylight,On,No traffic controls,60 km/h,State,30,Rear end,301,Same - Rear end,,Rear end,4 wheel drive / SUV,4 wheel drive / SUV,2,0,0,0,0,6,June,Winter,Saturday,12:00 - 13:59,Midday / afternoon,False,False,False,False
1356416,Non-casualty (towaway),Non-casualty (towaway),2024,2024,July,Monday,06:00 - 07:59,OLD NORTHERN,RD,30,North,NEW LINE,RD,DURAL,160.0,No,Not a school zone,Divided road,-33.695599,151.030715,The Hills,Sydney metro. area,Syd-Newc-Woll Gtr conurbation,Curved,,,,Unknown / not stated,Sealed,Wet,Fine,Daylight,Nil,Give way sign,60 km/h,State,39,Other same direction,300,Same - other,,Other angle,Light truck utility(from 2018),Car (sedan/hatch),2,0,0,0,0,7,July,Winter,Monday,06:00 - 07:59,AM peak / school commute,True,False,False,False
1356421,Non-casualty (towaway),Non-casualty (towaway),2024,2024,June,Thursday,18:00 - 19:59,POWDER WORKS,RD,0,Right on the spot,NUMBER 39,HN,NORTH NARRABEEN,7352.0,No,Not a school zone,2-way undivided,-33.701956,151.290458,Northern Beaches,Sydney metro. area,Syd-Newc-Woll Gtr conurbation,Curved,Driveway/entrance,,,Unknown / not stated,Sealed,Dry,Fine,Darkness,Nil,No traffic controls,50 km/h,Regional,31,Left rear,302,Same - Rear left,,Rear end,Car (sedan/hatch),Car (sedan/hatch),2,0,0,0,0,6,June,Winter,Thursday,18:00 - 19:59,PM peak / evening commute,True,False,False,False
1356433,Non-casualty (towaway),Non-casualty (towaway),2024,2024,February,Thursday,06:00 - 07:59,GEORGES RIVER,RD,10,East,CROMWELL,ST,CROYDON PARK,549.0,No,Not a school zone,T-junction,-33.893628,151.11564,Inner West,Sydney metro. area,Syd-Newc-Woll Gtr conurbation,Straight,,,,Off,Sealed,Dry,Fine,Daylight,Nil,Stop sign,60 km/h,State,71,Off rd left => obj,703,Left off cway into object,,Vehicle - Object,Car (sedan/hatch),,1,0,0,0,0,2,February,Summer,Thursday,06:00 - 07:59,AM peak / school commute,True,False,False,False
1356436,Non-casualty (towaway),Non-casualty (towaway),2024,2024,January,Tuesday,14:00 - 15:59,BARKER,ST,0,Right on the spot,NUMBER 70,HN,KINGSFORD,,No,Not a school zone,2-way undivided,-33.920066,151.231115,Randwick,Sydney metro. area,Syd-Newc-Woll Gtr conurbation,Straight,,,,Nil,Sealed,Dry,Fine,Daylight,Nil,No traffic controls,50 km/h,Local,93,Pkd veh runaway=>obj,906,Parked vehicle ran away,,Other angle,4 wheel drive / SUV,4 wheel drive / SUV,3,0,0,0,0,1,January,Summer,Tuesday,14:00 - 15:59,Midday / afternoon,False,False,False,False
1356437,Non-casualty (towaway),Non-casualty (towaway),2024,2024,May,Friday,10:00 - 11:59,RUGBY,RD,2000,South,BEVENDALE,RD,BEVENDALE,,No,Not a school zone,2-way undivided,-34.552066,149.118529,Upper Lachlan,Country non-urban,Rest of NSW - Rural,Straight,,,,Nil,Unsealed,Dry,Fine,Daylight,Nil,No traffic controls,100 km/h,Local,70,Off road to left,701,Off carriageway to left,,Rollover,Car (sedan/hatch),,1,0,0,0,0,5,May,Autumn,Friday,10:00 - 11:59,Midday / afternoon,False,False,False,False
1356438,Non-casualty (towaway),Non-casualty (towaway),2024,2024,June,Tuesday,22:00 - Midnight,MURWILLUMBAH,RD,0,Right on the spot,NUMBER 14,HN,MULLUMBIMBY,,Yes,No,2-way undivided,-28.548562,153.495633,Byron,Country urban,Rest of NSW - Urban,Straight,,,,On,Sealed,Dry,Fine,Darkness,Nil,No traffic controls,50 km/h,Local,71,Off rd left => obj,703,Left off cway into object,,Other angle,Passenger van,Car (sedan/hatch),2,0,0,0,0,6,June,Winter,Tuesday,22:00 - Midnight,Evening / night,False,False,False,False
1356439,Non-casualty (towaway),Non-casualty (towaway),2024,2024,June,Saturday,06:00 - 07:59,STAFFORD,ST,100,West,COLLESS,ST,PENRITH,,No,Not a school zone,2-way undivided,-33.761406,150.705618,Penrith,Sydney metro. area,Syd-Newc-Woll Gtr conurbation,Straight,,,,Off,Sealed,Dry,Fine,Dawn,Nil,No traffic controls,50 km/h,Local,71,Off rd left => obj,703,Left off cway into object,,Other angle,Car (sedan/hatch),Car (sedan/hatch),3,0,0,0,0,6,June,Winter,Saturday,06:00 - 07:59,AM peak / school commute,True,False,False,False
1356454,Non-casualty (towaway),Non-casualty (towaway),2024,2024,July,Thursday,06:00 - 07:59,HEATHCOTE,RD,50,South,SOUTH WESTERN EXPRESSWAY,TO,HAMMONDVILLE,512.0,No,Not a school zone,Divided road,-33.943148,150.943594,Liverpool,Sydney metro. area,Syd-Newc-Woll Gtr conurbation,Straight,Other bridge,,,Unknown / not stated,Sealed,Wet,Overcast,Daylight,Nil,No traffic controls,60 km/h,State,63,Vehicle door,604,On path - Vehicle door,,Other angle,Large rigid,Car (sedan/hatch),2,0,0,0,0,7,July,Winter,Thursday,06:00 - 07:59,AM peak / school commute,True,False,False,False
1356461,Non-casualty (towaway),Non-casualty (towaway),2024,2024,July,Wednesday,06:00 - 07:59,KURMOND,RD,200,West,MEADOWS,RD,NORTH RICHMOND,,No,Not a school zone,2-way undivided,-33.551755,150.743959,Hawkesbury,Country urban,Syd-Newc-Woll Gtr conurbation,Straight,,,,Unknown / not stated,Sealed,Dry,Fine,Dawn,Nil,No traffic controls,80 km/h,Local,67,Struck animal,609,On path - Hit animal,,Vehicle - Animal,Car (sedan/hatch),,1,0,0,0,0,7,July,Winter,Wednesday,06:00 - 07:59,AM peak / school commute,True,False,False,False
1356480,Non-casualty (towaway),Non-casualty (towaway),2024,2024,July,Saturday,12:00 - 13:59,DUNMORE,ST,0,Right on the spot,JONES,ST,WENTWORTHVILLE,7257.0,No,Not a school zone,Roundabout,-33.805381,150.961094,Cumberland,Sydney metro. area,Syd-Newc-Woll Gtr conurbation,Straight,,,,Unknown / not stated,Sealed,Dry,Overcast,Daylight,Nil,Give way sign,50 km/h,Regional,30,Rear end,301,Same - Rear end,,Rear end,Utility,Car (sedan/hatch),2,0,0,0,0,7,July,Winter,Saturday,12:00 - 13:59,Midday / afternoon,False,False,False,False
1356482,Non-casualty (towaway),Non-casualty (towaway),2024,2024,July,Monday,02:00 - 03:59,FORSTER,ST,20,West,NUMBER 3,HN,MASCOT,,No,Not a school zone,2-way undivided,-33.927107,151.194913,Bayside,Sydney metro. area,Syd-Newc-Woll Gtr conurbation,Straight,,,,Unknown / not stated,Sealed,Wet,Raining,Darkness,Nil,No traffic controls,50 km/h,Local,71,Off rd left => obj,703,Left off cway into object,,Other angle,Car (sedan/hatch),Car (sedan/hatch),2,0,0,0,0,7,July,Winter,Monday,02:00 - 03:59,Late night / early morning,False,False,False,False
1356485,Non-casualty (towaway),Non-casualty (towaway),2024,2024,July,Saturday,20:00 - 21:59,FREDERICK,ST,0,Right on the spot,HENRY,ST,ASHFIELD,650.0,No,Not a school zone,X-intersection,-33.877973,151.127567,Inner West,Sydney metro. area,Syd-Newc-Woll Gtr conurbation,Straight,,,,Unknown / not stated,Sealed,Dry,Fine,Darkness,Nil,Stop sign,50 km/h,State,10,Cross traffic,101,Adj - Cross traffic,,Right angle,Car (sedan/hatch),Car (sedan/hatch),2,0,0,0,0,7,July,Winter,Saturday,20:00 - 21:59,Evening / night,False,False,False,False
1356486,Non-casualty (towaway),Non-casualty (towaway),2024,2024,June,Sunday,22:00 - Midnight,RITCHIE,PL,0,Right on the spot,NUMBER 13,HN,QUEANBEYAN WEST,,No,Not a school zone,2-way undivided,-35.358236,149.208216,Queanbeyan-Palerang Regional,Country urban,Rest of NSW - Urban,Straight,Driveway/entrance,,,On,Sealed,Wet,Overcast,Darkness,Nil,No traffic controls,50 km/h,Local,49,Other manoeuvring,400,Manov - other,,Other angle,Light truck utility(from 2018),4 wheel drive / SUV,2,0,0,0,0,6,June,Winter,Sunday,22:00 - Midnight,Evening / night,False,False,False,False
1356488,Non-casualty (towaway),Non-casualty (towaway),2024,2024,July,Monday,20:00 - 21:59,MCEVOY,ST,0,Right on the spot,ELIZABETH,ST,WATERLOO,528.0,No,Not a school zone,X-intersection,-33.900262,151.206164,Sydney,Sydney metro. area,Syd-Newc-Woll Gtr conurbation,Straight,Steep grade,,,Unknown / not stated,Sealed,Wet,Raining,Darkness,On,No traffic controls,50 km/h,State,10,Cross traffic,101,Adj - Cross traffic,,Right angle,Light truck utility(from 2018),Car (sedan/hatch),2,0,0,0,0,7,July,Winter,Monday,20:00 - 21:59,Evening / night,False,False,False,False
1356491,Non-casualty (towaway),Non-casualty (towaway),2024,2024,July,Wednesday,08:00 - 09:59,CONSTITUTION,RD,0,Right on the spot,SEE,ST,MEADOWBANK,,No,Not a school zone,T-junction,-33.816146,151.091297,Ryde,Sydney metro. area,Syd-Newc-Woll Gtr conurbation,Straight,,,,Unknown / not stated,Sealed,Dry,Fine,Daylight,Nil,Stop sign,50 km/h,Local,13,Right near,104,Adj - Right-thru from right,,Right angle,Car (sedan/hatch),Car (sedan/hatch),2,0,0,0,0,7,July,Winter,Wednesday,08:00 - 09:59,AM peak / school commute,True,False,False,False
1356492,Non-casualty (towaway),Non-casualty (towaway),2024,2024,July,Sunday,04:00 - 05:59,CARINGBAH,RD,0,Right on the spot,NUMBER 31,HN,WOOLOOWARE,,No,Not a school zone,2-way undivided,-34.048247,151.133398,Sutherland,Sydney metro. area,Syd-Newc-Woll Gtr conurbation,Straight,Foot/cycle path/nature strip,,,Unknown / not stated,Sealed,Wet,Overcast,Darkness,Nil,No traffic controls,50 km/h,Local,71,Off rd left => obj,703,Left off cway into object,,Other angle,Car (sedan/hatch),Light truck utility(from 2018),2,0,0,0,0,7,July,Winter,Sunday,04:00 - 05:59,Late night / early morning,False,False,False,False
1356493,Non-casualty (towaway),Non-casualty (towaway),2024,2024,May,Wednesday,16:00 - 17:59,ALPINE,WAY,0,Right on the spot,NUMBER 1065,HN,CRACKENBACK,677.0,No,Not a school zone,2-way undivided,-36.442788,148.501029,Snowy Monaro Regional,Country non-urban,Rest of NSW - Rural,Curved,Driveway/entrance,,,Nil,Sealed,Dry,Fine,Daylight,Nil,No traffic controls,100 km/h,State,32,Right rear,303,Same - Rear right,,Rear end,Car (sedan/hatch),Station wagon,2,0,0,0,0,5,May,Autumn,Wednesday,16:00 - 17:59,PM peak / evening commute,True,False,False,False
1356495,Non-casualty (towaway),Non-casualty (towaway),2024,2024,July,Tuesday,06:00 - 07:59,OCONNELL,ST,0,Right on the spot,FENNELL,ST,PARRAMATTA,184.0,No,Not a school zone,X-intersection,-33.805185,151.002597,Parramatta,Sydney metro. area,Syd-Newc-Woll Gtr conurbation,Straight,,,,Unknown / not stated,Sealed,Wet,Fine,Dawn,Nil,Stop sign,60 km/h,State,11,Right far,102,Adj - Right-thru from left,,Right angle,Car (sedan/hatch),Light truck utility(from 2018),2,0,0,0,0,7,July,Winter,Tuesday,06:00 - 07:59,AM peak / school commute,True,False,False,False
1356499,Non-casualty (towaway),Non-casualty (towaway),2024,2024,July,Tuesday,20:00 - 21:59,MANNING RIVER,DR,100,South,BIRIPI,WAY,TAREE SOUTH,7776.0,No,Not a school zone,Divided road,-31.935801,152.467167,Mid-Coast,Country urban,Rest of NSW - Urban,Straight,,,,Nil,Sealed,Wet,Overcast,Darkness,Nil,No traffic controls,70 km/h,Regional,67,Struck animal,609,On path - Hit animal,,Vehicle - Animal,4 wheel drive / SUV,,1,0,0,0,0,7,July,Winter,Tuesday,20:00 - 21:59,Evening / night,False,False,False,False