crash_id,degree_of_crash,degree_of_crash_-_detailed,reporting_year,year_of_crash,month_of_crash,day_of_week_of_crash,two-hour_intervals,street_of_crash,street_type,distance,direction,identifying_feature,identifying_feature_type,town,route_no.,school_zone_location,school_zone_active,type_of_location,latitude,longitude,lga,urbanisation,conurbation_1,alignment,primary_permanent_feature,primary_temporary_feature,primary_hazardous_feature,street_lighting,road_surface,surface_condition,weather,natural_lighting,signals_operation,other_traffic_control,speed_limit,road_classification_(admin),rum_-_code,rum_-_description,dca_-_code,dca_-_description,dca_supplement,first_impact_type,key_tu_type,other_tu_type,no._of_traffic_units_involved,no._killed,no._seriously_injured,no._moderately_injured,no._minor-other_injured,month_num,month_label,season,day_label,time_label,time_band,is_peak_commute,is_fatal,is_injury,is_casualty
1356505,Non-casualty (towaway),Non-casualty (towaway),2024,2024,July,Thursday,18:00 - 19:59,PORTLAND,ST,0,Right on the spot,TANGARRA,ST,CROYDON PARK,,No,Not a school zone,Roundabout,-33.895626,151.09389,Burwood,Sydney metro. area,Syd-Newc-Woll Gtr conurbation,Straight,,,,Unknown / not stated,Sealed,Wet,Raining,Darkness,Nil,Give way sign,50 km/h,Local,10,Cross traffic,101,Adj - Cross traffic,,Right angle,Car (sedan/hatch),4 wheel drive / SUV,2,0,0,0,0,7,July,Winter,Thursday,18:00 - 19:59,PM peak / evening commute,True,False,False,False
1356506,Non-casualty (towaway),Non-casualty (towaway),2024,2024,April,Thursday,18:00 - 19:59,WOODHILL,ST,0,Right on the spot,NUMBER 18,HN,CASTLE HILL,,No,Not a school zone,2-way undivided,-33.74118,151.001317,The Hills,Sydney metro. area,Syd-Newc-Woll Gtr conurbation,Straight,Steep grade,,,Unknown / not stated,Sealed,Dry,Fine,Darkness,Nil,No traffic controls,50 km/h,Local,73,Off rd rght => obj,704,Right off cway into obj,,Other angle,Light truck utility(from 2018),Car (sedan/hatch),3,0,0,0,0,4,April,Autumn,Thursday,18:00 - 19:59,PM peak / evening commute,True,False,False,False
1356507,Non-casualty (towaway),Non-casualty (towaway),2024,2024,April,Tuesday,12:00 - 13:59,NEWCASTLE,EXP,20,North,MORGANS ROAD,TO,MOUNT WHITE,6003.0,No,Not a school zone,Dual freeway,-33.459954,151.199703,Central Coast,Country non-urban,Syd-Newc-Woll Gtr conurbation,Straight,,,,Nil,Sealed,Wet,Raining,Daylight,Nil,No traffic controls,110 km/h,State,30,Rear end,301,Same - Rear end,,Rear end,Light truck utility(from 2018),Car (sedan/hatch),2,0,0,0,0,4,April,Autumn,Tuesday,12:00 - 13:59,Midday / afternoon,False,False,False,False
1356512,Non-casualty (towaway),Non-casualty (towaway),2024,2024,July,Saturday,06:00 - 07:59,DUNSTAN,ST,0,Right on the spot,NUMBER 10,HN,FAIRFIELD WEST,,No,Not a school zone,2-way undivided,-33.865343,150.911275,Fairfield,Sydney metro. area,Syd-Newc-Woll Gtr conurbation,Straight,Driveway/entrance,,,Unknown / not stated,Sealed,Wet,Raining,Daylight,Nil,No traffic controls,50 km/h,Local,21,Right through,202,Opp - Right-thru,,Other angle,Car (sedan/hatch),4 wheel drive / SUV,2,0,0,0,0,7,July,Winter,Saturday,06:00 - 07:59,AM peak / school commute,True,False,False,False
1356518,Non-casualty (towaway),Non-casualty (towaway),2024,2024,July,Tuesday,18:00 - 19:59,KING GEORGES,RD,0,Right on the spot,PUNCHBOWL,RD,WILEY PARK,200.0,No,Not a school zone,X-intersection,-33.917466,151.065154,Canterbury-Bankstown,Sydney metro. area,Syd-Newc-Woll Gtr conurbation,Straight,,,,Unknown / not stated,Sealed,Wet,Raining,Darkness,On,No traffic controls,60 km/h,State,34,Lane change right,306,Same - Lane change right,,Other angle,Car (sedan/hatch),Car (sedan/hatch),2,0,0,0,0,7,July,Winter,Tuesday,18:00 - 19:59,PM peak / evening commute,True,False,False,False
1356519,Non-casualty (towaway),Non-casualty (towaway),2024,2024,July,Saturday,18:00 - 19:59,OXLEY,HWY,40,South,WHITE,ST,TAMWORTH,11.0,No,Not a school zone,Divided road,-31.092419,150.934657,Tamworth Regional,Country urban,Rest of NSW - Urban,Straight,Driveway/entrance,,,Unknown / not stated,Sealed,Dry,Fine,Darkness,Nil,No traffic controls,50 km/h,State,73,Off rd rght => obj,704,Right off cway into obj,,Vehicle - Object,Car (sedan/hatch),,1,0,0,0,0,7,July,Winter,Saturday,18:00 - 19:59,PM peak / evening commute,True,False,False,False
1356522,Non-casualty (towaway),Non-casualty (towaway),2024,2024,July,Saturday,06:00 - 07:59,CASSINO,DR,0,Right on the spot,TOMKI,DR,CASINO,,No,Not a school zone,Y-junction,-28.858926,153.069025,Richmond Valley,Country urban,Rest of NSW - Urban,Curved,,,,Unknown / not stated,Sealed,Wet,Overcast,Daylight,Nil,No traffic controls,50 km/h,Local,69,Other on path,600,On path - Other,,Vehicle - Object,B-double (road train prior 98),,1,0,0,0,0,7,July,Winter,Saturday,06:00 - 07:59,AM peak / school commute,True,False,False,False
1356523,Non-casualty (towaway),Non-casualty (towaway),2024,2024,July,Tuesday,16:00 - 17:59,BANK,ST,100,North,WESTERN,DSTR,PYRMONT,,No,Not a school zone,2-way undivided,-33.871304,151.192643,Sydney,Sydney metro. area,Syd-Newc-Woll Gtr conurbation,Curved,,,,Unknown / not stated,Sealed,Dry,Fine,Daylight,Nil,No traffic controls,50 km/h,Local,30,Rear end,301,Same - Rear end,,Rear end,Utility,Car (sedan/hatch),3,0,0,0,0,7,July,Winter,Tuesday,16:00 - 17:59,PM peak / evening commute,True,False,False,False
1356530,Non-casualty (towaway),Non-casualty (towaway),2024,2024,June,Tuesday,12:00 - 13:59,HOLLOWAYS,RD,0,Right on the spot,SOLITARY ISLANDS,WAY,SANDY BEACH,,No,Not a school zone,Roundabout,-30.142593,153.186548,Coffs Harbour,Country urban,Rest of NSW - Urban,Straight,Crest,,,Unknown / not stated,Sealed,Dry,Fine,Daylight,Nil,Give way sign,60 km/h,Local,16,Left near,107,Adj - Left-thru from right,,Right angle,4 wheel drive / SUV,Car (sedan/hatch),2,0,0,0,0,6,June,Winter,Tuesday,12:00 - 13:59,Midday / afternoon,False,False,False,False
1356541,Non-casualty (towaway),Non-casualty (towaway),2024,2024,March,Friday,20:00 - 21:59,VICKERS,RD,80,East,PINE,AVE,LAVINGTON,,No,Not a school zone,2-way undivided,-36.045463,146.955145,Albury,Country urban,Rest of NSW - Urban,Straight,Crest,,,On,Sealed,Dry,Fine,Darkness,Nil,No traffic controls,50 km/h,Local,40,U turn,304,Same - U-turn,,Other angle,Car (sedan/hatch),Car (sedan/hatch),2,0,0,0,0,3,March,Autumn,Friday,20:00 - 21:59,Evening / night,False,False,False,False
1356547,Non-casualty (towaway),Non-casualty (towaway),2024,2024,June,Monday,10:00 - 11:59,PRINCES,HWY,172,North,SOUTH,ST,KOGARAH,1.0,Yes,No,Divided road,-33.964677,151.137049,Bayside,Sydney metro. area,Syd-Newc-Woll Gtr conurbation,Straight,,,,Unknown / not stated,Sealed,Dry,Fine,Daylight,Nil,No traffic controls,60 km/h,State,30,Rear end,301,Same - Rear end,,Rear end,4 wheel drive / SUV,4 wheel drive / SUV,3,0,0,0,0,6,June,Winter,Monday,10:00 - 11:59,Midday / afternoon,False,False,False,False
1356548,Non-casualty (towaway),Non-casualty (towaway),2024,2024,March,Tuesday,12:00 - 13:59,BAY,ST,30,West,PRINCES,HWY,TEMPE,,No,Not a school zone,1-way street,-33.926714,151.158394,Inner West,Sydney metro. area,Syd-Newc-Woll Gtr conurbation,Straight,,,,Off,Sealed,Dry,Fine,Daylight,Nil,No traffic controls,40 km/h,Local,73,Off rd rght => obj,704,Right off cway into obj,,Other angle,Large rigid,4 wheel drive / SUV,2,0,0,0,0,3,March,Autumn,Tuesday,12:00 - 13:59,Midday / afternoon,False,False,False,False
1356555,Non-casualty (towaway),Non-casualty (towaway),2024,2024,July,Saturday,00:01 - 01:59,OLD NORTHERN,RD,0,Right on the spot,NUMBER 5400,HN,WISEMANS FERRY,181.0,No,Not a school zone,2-way undivided,-33.395226,150.984895,The Hills,Sydney metro. area,Syd-Newc-Woll Gtr conurbation,Curved,,,,Unknown / not stated,Sealed,Wet,Fog or mist,Darkness,Nil,No traffic controls,60 km/h,State,81,Off left/rt bnd=>obj,803,Off right bend into obj,Left,Vehicle - Object,Car (sedan/hatch),,1,0,0,0,0,7,July,Winter,Saturday,00:01 - 01:59,Late night / early morning,False,False,False,False
1356558,Non-casualty (towaway),Non-casualty (towaway),2024,2024,July,Sunday,12:00 - 13:59,FORMOSA,ST,20,North,EDWIN,ST,DRUMMOYNE,,No,Not a school zone,2-way undivided,-33.852774,151.155295,Canada Bay,Sydney metro. area,Syd-Newc-Woll Gtr conurbation,Straight,,,,Unknown / not stated,Sealed,Dry,Fine,Daylight,Nil,No traffic controls,50 km/h,Local,42,Leaving parking,401,Manov - Leaving parking,,Other angle,Car (sedan/hatch),Car (sedan/hatch),2,0,0,0,0,7,July,Winter,Sunday,12:00 - 13:59,Midday / afternoon,False,False,False,False
1356563,Non-casualty (towaway),Non-casualty (towaway),2024,2024,July,Wednesday,20:00 - 21:59,HUME,HWY,2000,North,ROCK LODGE,RD,JERRAWA,2.0,No,Not a school zone,Divided road,-34.820593,149.101601,Upper Lachlan,Country non-urban,Rest of NSW - Rural,Curved,,,,Unknown / not stated,Sealed,Dry,Fine,Darkness,Nil,No traffic controls,110 km/h,State,86,Off left/left bend,802,Off cway left bend,Left,Rollover,Light truck,,1,0,0,0,0,7,July,Winter,Wednesday,20:00 - 21:59,Evening / night,False,False,False,False
1356569,Non-casualty (towaway),Non-casualty (towaway),2024,2024,July,Wednesday,04:00 - 05:59,THIRD,AVE,5,West,PRINCE,ST,BLACKTOWN,683.0,No,Not a school zone,X-intersection,-33.765531,150.911003,Blacktown,Sydney metro. area,Syd-Newc-Woll Gtr conurbation,Straight,,,,Unknown / not stated,Sealed,Dry,Fine,Dawn,On,Ped crossing,60 km/h,State,73,Off rd rght => obj,704,Right off cway into obj,,Vehicle - Object,Light truck utility(from 2018),,1,0,0,0,0,7,July,Winter,Wednesday,04:00 - 05:59,Late night / early morning,False,False,False,False
1356572,Non-casualty (towaway),Non-casualty (towaway),2024,2024,July,Tuesday,10:00 - 11:59,WAUGH,RD,20,North,BUCKINGHAM,ST,NORTH ALBURY,,No,Not a school zone,Divided road,-36.06364,146.925086,Albury,Country urban,Rest of NSW - Urban,Curved,,,,Off,Sealed,Wet,Raining,Daylight,Nil,No traffic controls,60 km/h,Local,81,Off left/rt bnd=>obj,803,Off right bend into obj,Left,Vehicle - Object,Car (sedan/hatch),,1,0,0,0,0,7,July,Winter,Tuesday,10:00 - 11:59,Midday / afternoon,False,False,False,False
1356573,Non-casualty (towaway),Non-casualty (towaway),2024,2024,July,Sunday,06:00 - 07:59,SEVEN HILLS,RD,0,Right on the spot,NUMBER 437,HN,SEVEN HILLS,691.0,No,Not a school zone,2-way undivided,-33.766904,150.945212,Blacktown,Sydney metro. area,Syd-Newc-Woll Gtr conurbation,Straight,Steep grade,,,Off,Sealed,Dry,Fine,Daylight,Nil,No traffic controls,60 km/h,State,74,On road-out of cont.,705,Out of control on cway,,Rollover,Light truck,,1,0,0,0,0,7,July,Winter,Sunday,06:00 - 07:59,AM peak / school commute,True,False,False,False
1356575,Non-casualty (towaway),Non-casualty (towaway),2024,2024,June,Saturday,22:00 - Midnight,KARANGAL,CRES,999999,Unknown/not stated,BUFF POINT,RD,BUFF POINT,,No,Not a school zone,2-way undivided,-33.232211,151.532455,Central Coast,Country urban,Syd-Newc-Woll Gtr conurbation,Straight,,,,On,Sealed,Wet,Raining,Darkness,Nil,No traffic controls,50 km/h,Local,40,U turn,304,Same - U-turn,,Other angle,4 wheel drive / SUV,Car (sedan/hatch),3,0,0,0,0,6,June,Winter,Saturday,22:00 - Midnight,Evening / night,False,False,False,False
1356580,Non-casualty (towaway),Non-casualty (towaway),2024,2024,July,Friday,20:00 - 21:59,PRINCE OF WALES,AVE,10,South,LIVINGSTONE,ST,SOUTH WEST ROCKS,,No,Not a school zone,T-junction,-30.88458,153.040399,Kempsey,Country urban,Rest of NSW - Urban,Straight,,,,On,Sealed,Wet,Raining,Darkness,Nil,No traffic controls,40 km/h,Local,81,Off left/rt bnd=>obj,707,Right turn,Left,Other angle,Car (sedan/hatch),Station wagon,2,0,0,0,0,7,July,Winter,Friday,20:00 - 21:59,Evening / night,False,False,False,False
1356581,Non-casualty (towaway),Non-casualty (towaway),2024,2024,June,Tuesday,20:00 - 21:59,GREAT WESTERN,HWY,0,Right on the spot,WENTY LEAGUES,ENT,WENTWORTHVILLE,5.0,No,Not a school zone,Divided road,-33.813736,150.961869,Cumberland,Sydney metro. area,Syd-Newc-Woll Gtr conurbation,Straight,Driveway/entrance,,,Unknown / not stated,Sealed,Dry,Fine,Darkness,Nil,Give way sign,80 km/h,State,47,Emerging from drive,406,Manov - Emerging from driveway,,Right angle,Car (sedan/hatch),4 wheel drive / SUV,2,0,0,0,0,6,June,Winter,Tuesday,20:00 - 21:59,Evening / night,False,False,False,False
1356584,Non-casualty (towaway),Non-casualty (towaway),2024,2024,June,Tuesday,08:00 - 09:59,STURT,HWY,0,Right on the spot,BEST,ST,WAGGA WAGGA,14.0,Yes,No,X-intersection,-35.118502,147.365836,Wagga Wagga,Country urban,Rest of NSW - Urban,Straight,,,,Unknown / not stated,Sealed,Dry,Fine,Daylight,On,No traffic controls,60 km/h,State,30,Rear end,301,Same - Rear end,,Rear end,Light truck utility(from 2018),4 wheel drive / SUV,2,0,0,0,0,6,June,Winter,Tuesday,08:00 - 09:59,AM peak / school commute,True,False,False,False
1356587,Non-casualty (towaway),Non-casualty (towaway),2024,2024,July,Wednesday,14:00 - 15:59,BENVENUE,ST,0,Right on the spot,MOVERLY,RD,MAROUBRA,,Yes,Yes,T-junction,-33.934879,151.239027,Randwick,Sydney metro. area,Syd-Newc-Woll Gtr conurbation,Straight,,,,Off,Sealed,Dry,Fine,Daylight,Nil,No traffic controls,40 km/h,Local,13,Right near,104,Adj - Right-thru from right,,Right angle,Car (sedan/hatch),4 wheel drive / SUV,2,0,0,0,0,7,July,Winter,Wednesday,14:00 - 15:59,Midday / afternoon,False,False,False,False
1356593,Non-casualty (towaway),Non-casualty (towaway),2024,2024,June,Wednesday,04:00 - 05:59,FAULKNER,CRES,0,Right on the spot,NUMBER 16,HN,NORTH LAMBTON,,No,Not a school zone,2-way undivided,-32.900456,151.699907,Newcastle,Newcastle met. area,Syd-Newc-Woll Gtr conurbation,Straight,Steep grade,,,Nil,Sealed,Dry,Fine,Darkness,Nil,No traffic controls,50 km/h,Local,49,Other manoeuvring,400,Manov - other,,Other angle,Unknown motor vehicle,Car (sedan/hatch),2,0,0,0,0,6,June,Winter,Wednesday,04:00 - 05:59,Late night / early morning,False,False,False,False
1356600,Non-casualty (towaway),Non-casualty (towaway),2024,2024,June,Wednesday,16:00 - 17:59,AUBURN,RD,0,Right on the spot,CHURCH,RD,YAGOONA,7105.0,No,Not a school zone,Roundabout,-33.9043,151.020918,Canterbury-Bankstown,Sydney metro. area,Syd-Newc-Woll Gtr conurbation,Straight,,,,Unknown / not stated,Sealed,Dry,Fine,Dusk,Nil,Give way sign,60 km/h,Regional,10,Cross traffic,101,Adj - Cross traffic,,Right angle,Car (sedan/hatch),Station wagon,4,0,0,0,0,6,June,Winter,Wednesday,16:00 - 17:59,PM peak / evening commute,True,False,False,False
1356606,Non-casualty (towaway),Non-casualty (towaway),2024,2024,July,Thursday,06:00 - 07:59,HENRY LAWSON,WAY,0,Right on the spot,SCHNEIDERS,LANE,GRENFELL,239.0,No,Not a school zone,T-junction,-33.946519,148.17061,Weddin,Country non-urban,Rest of NSW - Rural,Straight,,,,Nil,Sealed,Dry,Fog or mist,Daylight,Nil,No traffic controls,100 km/h,Regional,67,Struck animal,609,On path - Hit animal,,Vehicle - Animal,4 wheel drive / SUV,,1,0,0,0,0,7,July,Winter,Thursday,06:00 - 07:59,AM peak / school commute,True,False,False,False
1356611,Non-casualty (towaway),Non-casualty (towaway),2024,2024,June,Saturday,22:00 - Midnight,FRASER,DR,0,Right on the spot,STRADBROKE,DR,TWEED HEADS SOUTH,,No,Not a school zone,Roundabout,-28.210078,153.52377,Tweed,Country urban,Rest of NSW - Urban,Curved,,,,On,Sealed,Dry,Fine,Darkness,Nil,No traffic controls,60 km/h,Local,81,Off left/rt bnd=>obj,803,Off right bend into obj,Left,Vehicle - Object,Car (sedan/hatch),,1,0,0,0,0,6,June,Winter,Saturday,22:00 - Midnight,Evening / night,False,False,False,False
1356613,Non-casualty (towaway),Non-casualty (towaway),2024,2024,July,Saturday,22:00 - Midnight,SIGNALS,LANE,0,Right on the spot,TEMPE,ST,BARDIA,,No,Not a school zone,X-intersection,-33.977901,150.85398,Campbelltown,Sydney metro. area,Syd-Newc-Woll Gtr conurbation,Straight,,,,Unknown / not stated,Sealed,Wet,Fine,Darkness,Nil,No traffic controls,50 km/h,Local,81,Off left/rt bnd=>obj,707,Right turn,Left,Vehicle - Object,Car (sedan/hatch),,1,0,0,0,0,7,July,Winter,Saturday,22:00 - Midnight,Evening / night,False,False,False,False
1356623,Non-casualty (towaway),Non-casualty (towaway),2024,2024,July,Wednesday,14:00 - 15:59,CAMPBELL,PDE,10,North,SIR THOMAS MITCHELL,RD,BONDI BEACH,,No,Not a school zone,T-junction,-33.893576,151.273027,Waverley,Sydney metro. area,Syd-Newc-Woll Gtr conurbation,Straight,,,,Nil,Sealed,Wet,Raining,Daylight,Nil,No traffic controls,50 km/h,Local,63,Vehicle door,604,On path - Vehicle door,,Other angle,Unknown motor vehicle,4 wheel drive / SUV,2,0,0,0,0,7,July,Winter,Wednesday,14:00 - 15:59,Midday / afternoon,False,False,False,False
1356626,Non-casualty (towaway),Non-casualty (towaway),2024,2024,June,Saturday,04:00 - 05:59,WALFORD,LANE,10,East,SHORT,ST,EAST ALBURY,,No,Not a school zone,T-junction,-36.074849,146.930555,Albury,Country urban,Rest of NSW - Urban,Straight,,,,Nil,Sealed,Dry,Fine,Darkness,Nil,No traffic controls,50 km/h,Local,81,Off left/rt bnd=>obj,707,Right turn,Left,Vehicle - Object,4 wheel drive / SUV,,1,0,0,0,0,6,June,Winter,Saturday,04:00 - 05:59,Late night / early morning,False,False,False,False
1356635,Non-casualty (towaway),Non-casualty (towaway),2024,2024,July,Wednesday,18:00 - 19:59,NEW LAKE ENTRANCE,RD,0,Right on the spot,PIONEER,RD,OAK FLATS,611.0,No,Not a school zone,Roundabout,-34.570727,150.823265,Shellharbour,Wollongong met. area,Syd-Newc-Woll Gtr conurbation,Straight,,,,Unknown / not stated,Sealed,Dry,Fine,Darkness,Nil,Give way sign,60 km/h,State,11,Right far,102,Adj - Right-thru from left,,Right angle,Light truck utility(from 2018),4 wheel drive / SUV,2,0,0,0,0,7,July,Winter,Wednesday,18:00 - 19:59,PM peak / evening commute,True,False,False,False
1356636,Non-casualty (towaway),Non-casualty (towaway),2024,2024,July,Saturday,16:00 - 17:59,GUNDAROO,RD,5000,South,LADE VALE,RD,LADE VALE,52.0,No,Not a school zone,2-way undivided,-34.852493,149.244457,Upper Lachlan,Country non-urban,Rest of NSW - Rural,Curved,,,,Unknown / not stated,Sealed,Dry,Fine,Darkness,Nil,No traffic controls,100 km/h,Regional,67,Struck animal,609,On path - Hit animal,,Vehicle - Animal,4 wheel drive / SUV,,1,0,0,0,0,7,July,Winter,Saturday,16:00 - 17:59,PM peak / evening commute,True,False,False,False
1356648,Non-casualty (towaway),Non-casualty (towaway),2024,2024,May,Wednesday,12:00 - 13:59,AUBURN,ST,0,Right on the spot,FLORA,ST,SUTHERLAND,,No,Not a school zone,X-intersection,-34.032829,151.064946,Sutherland,Sydney metro. area,Syd-Newc-Woll Gtr conurbation,Straight,,,,Off,Sealed,Wet,Fine,Daylight,Nil,Stop sign,50 km/h,Local,10,Cross traffic,101,Adj - Cross traffic,,Right angle,Light truck,4 wheel drive / SUV,2,0,0,0,0,5,May,Autumn,Wednesday,12:00 - 13:59,Midday / afternoon,False,False,False,False
1356667,Non-casualty (towaway),Non-casualty (towaway),2024,2024,June,Saturday,12:00 - 13:59,BANGALOW,RD,160,South,KERR,ST,BALLINA,545.0,No,Not a school zone,2-way undivided,-28.857601,153.562316,Ballina,Country urban,Rest of NSW - Urban,Straight,Bus stop,,,Unknown / not stated,Sealed,Dry,Fine,Daylight,Nil,No traffic controls,60 km/h,Regional,73,Off rd rght => obj,704,Right off cway into obj,,Vehicle - Object,Utility,,1,0,0,0,0,6,June,Winter,Saturday,12:00 - 13:59,Midday / afternoon,False,False,False,False
1356668,Non-casualty (towaway),Non-casualty (towaway),2024,2024,July,Tuesday,18:00 - 19:59,NEWELL,HWY,35,North,DALGARNO,ST,COONABARABRAN,17.0,No,Not a school zone,Divided road,-31.273026,149.277071,Warrumbungle,Country urban,Rest of NSW - Urban,Straight,,,,On,Sealed,Wet,Raining,Darkness,Nil,No traffic controls,50 km/h,State,44,Parking vehicles,403,Manov - Parking-parked vehicle,,Other angle,B-double (road train prior 98),Car (sedan/hatch),2,0,0,0,0,7,July,Winter,Tuesday,18:00 - 19:59,PM peak / evening commute,True,False,False,False
1356669,Non-casualty (towaway),Non-casualty (towaway),2024,2024,April,Sunday,00:01 - 01:59,BOUGAINVILLE,RD,0,Right on the spot,NUMBER 143,HN,BLACKETT,,No,Not a school zone,2-way undivided,-33.734785,150.813018,Blacktown,Sydney metro. area,Syd-Newc-Woll Gtr conurbation,Curved,,,,On,Sealed,Dry,Fine,Darkness,Nil,No traffic controls,50 km/h,Local,87,Off lft/lft bnd=>obj,804,Off left bend into obj,Left,Other angle,Car (sedan/hatch),Caravan,2,0,0,0,0,4,April,Autumn,Sunday,00:01 - 01:59,Late night / early morning,False,False,False,False
1356671,Non-casualty (towaway),Non-casualty (towaway),2024,2024,July,Monday,04:00 - 05:59,YARRAMALONG,RD,250,West,BOYDS,LANE,WYONG CREEK,,No,Not a school zone,2-way undivided,-33.253496,151.324167,Central Coast,Country urban,Syd-Newc-Woll Gtr conurbation,Curved,,,,Unknown / not stated,Sealed,Wet,Fog or mist,Darkness,Nil,No traffic controls,80 km/h,Local,87,Off lft/lft bnd=>obj,804,Off left bend into obj,Left,Vehicle - Object,Car (sedan/hatch),,1,0,0,0,0,7,July,Winter,Monday,04:00 - 05:59,Late night / early morning,False,False,False,False
1356673,Non-casualty (towaway),Non-casualty (towaway),2024,2024,June,Sunday,16:00 - 17:59,O'CONNELL,ST,0,Right on the spot,ALBERT,ST,NORTH PARRAMATTA,184.0,No,Not a school zone,X-intersection,-33.803199,151.003199,Parramatta,Sydney metro. area,Syd-Newc-Woll Gtr conurbation,Curved,,,,Unknown / not stated,Sealed,Wet,Raining,Darkness,On,No traffic controls,60 km/h,State,21,Right through,202,Opp - Right-thru,,Other angle,4 wheel drive / SUV,Car (sedan/hatch),2,0,0,0,0,6,June,Winter,Sunday,16:00 - 17:59,PM peak / evening commute,True,False,False,False
1356676,Non-casualty (towaway),Non-casualty (towaway),2024,2024,July,Sunday,18:00 - 19:59,PARK BEACH,RD,50,North,WALTER MORRIS,CL,COFFS HARBOUR,,No,Not a school zone,2-way undivided,-30.283528,153.129187,Coffs Harbour,Country urban,Rest of NSW - Urban,Straight,Painted double centre lines,,,On,Sealed,Wet,Overcast,Darkness,Nil,No traffic controls,50 km/h,Local,20,Head on,201,Opp - Head on,,Head-on,Car (sedan/hatch),Station wagon,2,0,0,0,0,7,July,Winter,Sunday,18:00 - 19:59,PM peak / evening commute,True,False,False,False
1356677,Non-casualty (towaway),Non-casualty (towaway),2024,2024,July,Thursday,08:00 - 09:59,WYONG,RD,0,Right on the spot,PACIFIC HIGHWAY,TO,TUGGERAH,335.0,No,Not a school zone,Divided road,-33.309586,151.419199,Central Coast,Country urban,Syd-Newc-Woll Gtr conurbation,Straight,,,,Unknown / not stated,Sealed,Wet,Overcast,Daylight,On,Ped crossing,70 km/h,State,35,Lane change left,307,Same - Lane change left,,Other angle,4 wheel drive / SUV,4 wheel drive / SUV,2,0,0,0,0,7,July,Winter,Thursday,08:00 - 09:59,AM peak / school commute,True,False,False,False
1356684,Non-casualty (towaway),Non-casualty (towaway),2024,2024,July,Tuesday,06:00 - 07:59,EAST,ST,0,Right on the spot,NUMBER 330,HN,EAST ALBURY,,No,Not a school zone,2-way undivided,-36.090593,146.932582,Albury,Country urban,Rest of NSW - Urban,Curved,Painted double centre lines,,,Unknown / not stated,Sealed,Wet,Overcast,Daylight,Nil,No traffic controls,60 km/h,Local,20,Head on,201,Opp - Head on,,Head-on,Car (sedan/hatch),4 wheel drive / SUV,2,0,0,0,0,7,July,Winter,Tuesday,06:00 - 07:59,AM peak / school commute,True,False,False,False
1356687,Non-casualty (towaway),Non-casualty (towaway),2024,2024,June,Monday,20:00 - 21:59,CARROLL,RD,0,Right on the spot,NUMBER 36,HN,EAST CORRIMAL,,Yes,No,2-way undivided,-34.375842,150.912438,Wollongong,Wollongong met. area,Syd-Newc-Woll Gtr conurbation,Straight,,,,Unknown / not stated,Sealed,Dry,Fine,Darkness,Nil,No traffic controls,50 km/h,Local,71,Off rd left => obj,703,Left off cway into object,,Other angle,Car (sedan/hatch),4 wheel drive / SUV,2,0,0,0,0,6,June,Winter,Monday,20:00 - 21:59,Evening / night,False,False,False,False
1356688,Non-casualty (towaway),Non-casualty (towaway),2024,2024,July,Sunday,12:00 - 13:59,PACIFIC,HWY,0,Right on the spot,NUMBER 1000,HN,PYMBLE,10.0,No,Not a school zone,Divided road,-33.747727,151.145338,Ku-ring-gai,Sydney metro. area,Syd-Newc-Woll Gtr conurbation,Straight,,,,Unknown / not stated,Sealed,Dry,Fine,Daylight,Nil,No traffic controls,60 km/h,State,39,Other same direction,300,Same - other,,Other angle,Station wagon,Car (sedan/hatch),2,0,0,0,0,7,July,Winter,Sunday,12:00 - 13:59,Midday / afternoon,False,False,False,False
1356695,Non-casualty (towaway),Non-casualty (towaway),2024,2024,July,Monday,16:00 - 17:59,BRISBANE,ST,50,North,GEORGE,ST,EAST MAITLAND,,No,Not a school zone,2-way undivided,-32.754403,151.581396,Maitland,Country urban,Rest of NSW - Urban,Curved,,,,Unknown / not stated,Sealed,Wet,Raining,Daylight,Nil,No traffic controls,50 km/h,Local,80,Off left/right bend,801,Off cway right bend,Left,Rollover,Light truck,,1,0,0,0,0,7,July,Winter,Monday,16:00 - 17:59,PM peak / evening commute,True,False,False,False
1356703,Non-casualty (towaway),Non-casualty (towaway),2024,2024,July,Saturday,20:00 - 21:59,ROOKWOOD,RD,0,Right on the spot,BRUNKER,RD,YAGOONA,190.0,No,Not a school zone,X-intersection,-33.899061,151.037351,Canterbury-Bankstown,Sydney metro. area,Syd-Newc-Woll Gtr conurbation,Straight,,,,Unknown / not stated,Sealed,Dry,Fine,Darkness,On,No traffic controls,70 km/h,State,30,Rear end,301,Same - Rear end,,Rear end,Car (sedan/hatch),4 wheel drive / SUV,2,0,0,0,0,7,July,Winter,Saturday,20:00 - 21:59,Evening / night,False,False,False,False
1356708,Non-casualty (towaway),Non-casualty (towaway),2024,2024,July,Thursday,08:00 - 09:59,PRINCES,HWY,160,South,DOWLING,ST,ULLADULLA,1.0,No,Not a school zone,2-way undivided,-35.368253,150.469982,Shoalhaven,Country urban,Rest of NSW - Urban,Straight,,,,Off,Sealed,Dry,Fine,Daylight,Nil,No traffic controls,60 km/h,State,40,U turn,304,Same - U-turn,,Other angle,4 wheel drive / SUV,Light truck utility(from 2018),2,0,0,0,0,7,July,Winter,Thursday,08:00 - 09:59,AM peak / school commute,True,False,False,False