crash_id,degree_of_crash,degree_of_crash_-_detailed,reporting_year,year_of_crash,month_of_crash,day_of_week_of_crash,two-hour_intervals,street_of_crash,street_type,distance,direction,identifying_feature,identifying_feature_type,town,route_no.,school_zone_location,school_zone_active,type_of_location,latitude,longitude,lga,urbanisation,conurbation_1,alignment,primary_permanent_feature,primary_temporary_feature,primary_hazardous_feature,street_lighting,road_surface,surface_condition,weather,natural_lighting,signals_operation,other_traffic_control,speed_limit,road_classification_(admin),rum_-_code,rum_-_description,dca_-_code,dca_-_description,dca_supplement,first_impact_type,key_tu_type,other_tu_type,no._of_traffic_units_involved,no._killed,no._seriously_injured,no._moderately_injured,no._minor-other_injured,month_num,month_label,season,day_label,time_label,time_band,is_peak_commute,is_fatal,is_injury,is_casualty
1356709,Non-casualty (towaway),Non-casualty (towaway),2024,2024,June,Friday,18:00 - 19:59,FAIRFORD,RD,0,Right on the spot,BRYANT,ST,PADSTOW,190.0,No,Not a school zone,X-intersection,-33.941377,151.035262,Canterbury-Bankstown,Sydney metro. area,Syd-Newc-Woll Gtr conurbation,Straight,,,,On,Sealed,Wet,Fine,Darkness,Nil,Stop sign,70 km/h,State,10,Cross traffic,101,Adj - Cross traffic,,Right angle,Car (sedan/hatch),Light truck utility(from 2018),2,0,0,0,0,6,June,Winter,Friday,18:00 - 19:59,PM peak / evening commute,True,False,False,False
1356710,Non-casualty (towaway),Non-casualty (towaway),2024,2024,July,Monday,04:00 - 05:59,MOSS VALE,RD,45,South,KANGALOON,RD,BOWRAL,260.0,No,Not a school zone,2-way undivided,-34.485069,150.415557,Wingecarribee,Country urban,Rest of NSW - Urban,Straight,,,,Unknown / not stated,Sealed,Snow or ice,Other,Dawn,Nil,No traffic controls,50 km/h,State,71,Off rd left => obj,703,Left off cway into object,,Vehicle - Object,Light truck utility(from 2018),,1,0,0,0,0,7,July,Winter,Monday,04:00 - 05:59,Late night / early morning,False,False,False,False
1356712,Non-casualty (towaway),Non-casualty (towaway),2024,2024,July,Saturday,02:00 - 03:59,CAMDEN VALLEY,WAY,200,East,KIRKHAM,LANE,ELDERSLIE,178.0,No,Not a school zone,2-way undivided,-34.045427,150.720269,Camden,Sydney metro. area,Syd-Newc-Woll Gtr conurbation,Curved,Crest,,,Nil,Sealed,Dry,Fine,Darkness,Nil,No traffic controls,70 km/h,Regional,81,Off left/rt bnd=>obj,803,Off right bend into obj,Left,Vehicle - Object,Light truck,,1,0,0,0,0,7,July,Winter,Saturday,02:00 - 03:59,Late night / early morning,False,False,False,False
1356713,Non-casualty (towaway),Non-casualty (towaway),2024,2024,March,Friday,16:00 - 17:59,NEWTON,RD,10,West,FORSYTH,CL,WETHERILL PARK,,No,Not a school zone,T-junction,-33.849051,150.887991,Fairfield,Sydney metro. area,Syd-Newc-Woll Gtr conurbation,Curved,,,,Off,Sealed,Dry,Fine,Daylight,Nil,No traffic controls,60 km/h,Local,30,Rear end,301,Same - Rear end,,Rear end,4 wheel drive / SUV,4 wheel drive / SUV,2,0,0,0,0,3,March,Autumn,Friday,16:00 - 17:59,PM peak / evening commute,True,False,False,False
1356716,Non-casualty (towaway),Non-casualty (towaway),2024,2024,July,Friday,06:00 - 07:59,PRINCES,HWY,0,Right on the spot,PLUNKETT,ST,NOWRA,1.0,No,Not a school zone,T-junction,-34.878951,150.604529,Shoalhaven,Country urban,Rest of NSW - Urban,Straight,,,,Unknown / not stated,Sealed,Wet,Raining,Daylight,On,No traffic controls,70 km/h,State,21,Right through,202,Opp - Right-thru,,Other angle,4 wheel drive / SUV,Light truck utility(from 2018),3,0,0,0,0,7,July,Winter,Friday,06:00 - 07:59,AM peak / school commute,True,False,False,False
1356717,Non-casualty (towaway),Non-casualty (towaway),2024,2024,June,Tuesday,16:00 - 17:59,JAMISON,RD,20,East,PENROSE,CRES,SOUTH PENRITH,7290.0,No,Not a school zone,2-way undivided,-33.763359,150.704298,Penrith,Sydney metro. area,Syd-Newc-Woll Gtr conurbation,Straight,,,,On,Sealed,Dry,Fine,Dusk,Nil,No traffic controls,60 km/h,Regional,48,From footpath,408,Manov - From footway,,Other angle,Motorised push scooters,Car (sedan/hatch),2,0,0,0,0,6,June,Winter,Tuesday,16:00 - 17:59,PM peak / evening commute,True,False,False,False
1356723,Non-casualty (towaway),Non-casualty (towaway),2024,2024,June,Saturday,12:00 - 13:59,AVOCA,DR,50,South,THE ENTRANCE,RD,ERINA,504.0,No,Not a school zone,Divided road,-33.438209,151.373627,Central Coast,Country urban,Syd-Newc-Woll Gtr conurbation,Straight,Steep grade,,,Unknown / not stated,Sealed,Wet,Raining,Daylight,Nil,No traffic controls,60 km/h,State,39,Other same direction,300,Same - other,,Other angle,Light truck,Car (sedan/hatch),3,0,0,0,0,6,June,Winter,Saturday,12:00 - 13:59,Midday / afternoon,False,False,False,False
1356724,Non-casualty (towaway),Non-casualty (towaway),2024,2024,July,Thursday,08:00 - 09:59,THE HORSLEY,DR,0,Right on the spot,FERRERS ROAD,TO,HORSLEY PARK,609.0,No,Not a school zone,Divided road,-33.845159,150.870731,Fairfield,Sydney metro. area,Syd-Newc-Woll Gtr conurbation,Curved,Steep grade,,,Off,Sealed,Dry,Fine,Daylight,Nil,No traffic controls,60 km/h,State,35,Lane change left,307,Same - Lane change left,,Other angle,Unknown motor vehicle,4 wheel drive / SUV,2,0,0,0,0,7,July,Winter,Thursday,08:00 - 09:59,AM peak / school commute,True,False,False,False
1356736,Non-casualty (towaway),Non-casualty (towaway),2024,2024,July,Monday,18:00 - 19:59,PACKHAM,DR,0,Right on the spot,GARRA,RD,GARRA,707.0,No,Not a school zone,T-junction,-33.130417,148.752261,Cabonne,Country non-urban,Rest of NSW - Rural,Curved,,,,Unknown / not stated,Sealed,Dry,Fine,Dusk,Nil,No traffic controls,100 km/h,State,67,Struck animal,609,On path - Hit animal,,Vehicle - Animal,Light truck utility(from 2018),,1,0,0,0,0,7,July,Winter,Monday,18:00 - 19:59,PM peak / evening commute,True,False,False,False
1356745,Non-casualty (towaway),Non-casualty (towaway),2024,2024,July,Thursday,14:00 - 15:59,GOULD,ST,0,Right on the spot,ROSCOE,ST,BONDI BEACH,,No,Not a school zone,T-junction,-33.890076,151.274156,Waverley,Sydney metro. area,Syd-Newc-Woll Gtr conurbation,Straight,,,,Unknown / not stated,Sealed,Dry,Fine,Daylight,Nil,No traffic controls,40 km/h,Local,49,Other manoeuvring,400,Manov - other,,Other angle,Large rigid,Car (sedan/hatch),2,0,0,0,0,7,July,Winter,Thursday,14:00 - 15:59,Midday / afternoon,False,False,False,False
1356749,Non-casualty (towaway),Non-casualty (towaway),2024,2024,July,Wednesday,08:00 - 09:59,SILVERWATER,RD,0,Right on the spot,WIBLIN,ST,SILVERWATER,190.0,No,Not a school zone,T-junction,-33.836954,151.047299,Parramatta,Sydney metro. area,Syd-Newc-Woll Gtr conurbation,Straight,,,,Off,Sealed,Dry,Fine,Daylight,Nil,No traffic controls,70 km/h,State,35,Lane change left,307,Same - Lane change left,,Other angle,Car (sedan/hatch),4 wheel drive / SUV,2,0,0,0,0,7,July,Winter,Wednesday,08:00 - 09:59,AM peak / school commute,True,False,False,False
1356750,Non-casualty (towaway),Non-casualty (towaway),2024,2024,February,Wednesday,16:00 - 17:59,HARRINGTON,ST,0,Right on the spot,NUMBER 66,HN,ELDERSLIE,,No,Not a school zone,2-way undivided,-34.055643,150.70888,Camden,Sydney metro. area,Syd-Newc-Woll Gtr conurbation,Straight,,,,Nil,Sealed,Dry,Fine,Daylight,Nil,No traffic controls,50 km/h,Local,71,Off rd left => obj,703,Left off cway into object,,Other angle,Light truck,4 wheel drive / SUV,2,0,0,0,0,2,February,Summer,Wednesday,16:00 - 17:59,PM peak / evening commute,True,False,False,False
1356751,Non-casualty (towaway),Non-casualty (towaway),2024,2024,July,Wednesday,06:00 - 07:59,NELSON BAY,RD,100,East,FULLERTON COVE,RD,FULLERTON COVE,108.0,No,Not a school zone,2-way undivided,-32.857123,151.803941,Port Stephens,Country urban,Rest of NSW - Urban,Straight,,,,Unknown / not stated,Sealed,Dry,Fine,Dawn,Nil,No traffic controls,70 km/h,State,30,Rear end,301,Same - Rear end,,Rear end,Light truck utility(from 2018),4 wheel drive / SUV,2,0,0,0,0,7,July,Winter,Wednesday,06:00 - 07:59,AM peak / school commute,True,False,False,False
1356754,Non-casualty (towaway),Non-casualty (towaway),2024,2024,June,Sunday,00:01 - 01:59,BUGATTI,DR,0,Right on the spot,NUMBER 18,HN,INGLEBURN,,No,Not a school zone,2-way undivided,-34.005198,150.879184,Campbelltown,Sydney metro. area,Syd-Newc-Woll Gtr conurbation,Curved,,,,On,Sealed,Dry,Fine,Darkness,Nil,No traffic controls,50 km/h,Local,85,Off rt/lft bnd=>obj,804,Off left bend into obj,Right,Other angle,Car (sedan/hatch),Car (sedan/hatch),2,0,0,0,0,6,June,Winter,Sunday,00:01 - 01:59,Late night / early morning,False,False,False,False
1356757,Non-casualty (towaway),Non-casualty (towaway),2024,2024,July,Friday,18:00 - 19:59,WESTERN,EXP,300,East,COLEMAN STREET,OP,MERRYLANDS,6004.0,No,Not a school zone,Dual freeway,-33.820673,150.983965,Cumberland,Sydney metro. area,Syd-Newc-Woll Gtr conurbation,Straight,,,,Nil,Sealed,Wet,Overcast,Darkness,Nil,No traffic controls,90 km/h,State,30,Rear end,301,Same - Rear end,,Rear end,Car (sedan/hatch),Car (sedan/hatch),3,0,0,0,0,7,July,Winter,Friday,18:00 - 19:59,PM peak / evening commute,True,False,False,False
1356758,Non-casualty (towaway),Non-casualty (towaway),2024,2024,July,Monday,20:00 - 21:59,WESTERN,EXP,400,East,ROPER ROAD,OP,MINCHINBURY,6004.0,No,Not a school zone,Dual freeway,-33.79111,150.812002,Blacktown,Sydney metro. area,Syd-Newc-Woll Gtr conurbation,Straight,,,,Unknown / not stated,Sealed,Wet,Raining,Darkness,Nil,No traffic controls,40 km/h,State,33,Lane sideswipe,305,Same - Lane side swipe,,Other angle,Car (sedan/hatch),Station wagon,4,0,0,0,0,7,July,Winter,Monday,20:00 - 21:59,Evening / night,False,False,False,False
1356763,Non-casualty (towaway),Non-casualty (towaway),2024,2024,May,Thursday,18:00 - 19:59,NEWELL,HWY,0,Right on the spot,MILO,RD,MOREE,17.0,No,Not a school zone,T-junction,-29.328739,149.951777,Moree Plains,Country non-urban,Rest of NSW - Rural,Straight,,,,Unknown / not stated,Sealed,Dry,Fine,Unknown,Nil,Give way sign,110 km/h,State,67,Struck animal,609,On path - Hit animal,,Vehicle - Animal,4 wheel drive / SUV,,1,0,0,0,0,5,May,Autumn,Thursday,18:00 - 19:59,PM peak / evening commute,True,False,False,False
1356774,Non-casualty (towaway),Non-casualty (towaway),2024,2024,July,Thursday,16:00 - 17:59,BLACKBUTT,PDE,0,Right on the spot,CHARLESTOWN,RD,KOTARA SOUTH,,No,Not a school zone,T-junction,-32.949606,151.685974,Lake Macquarie,Newcastle met. area,Syd-Newc-Woll Gtr conurbation,Straight,,,,Unknown / not stated,Sealed,Dry,Fine,Dusk,Nil,Give way sign,60 km/h,Local,13,Right near,104,Adj - Right-thru from right,,Right angle,Car (sedan/hatch),Car (sedan/hatch),2,0,0,0,0,7,July,Winter,Thursday,16:00 - 17:59,PM peak / evening commute,True,False,False,False
1356776,Non-casualty (towaway),Non-casualty (towaway),2024,2024,June,Thursday,18:00 - 19:59,CASTLEREAGH,HWY,100,South,GUNTAWANG,RD,GALAMBINE,18.0,No,Not a school zone,2-way undivided,-32.480522,149.507234,Mid-Western Regional,Country non-urban,Rest of NSW - Rural,Straight,,,,Nil,Sealed,Dry,Fine,Dusk,Nil,No traffic controls,100 km/h,State,67,Struck animal,609,On path - Hit animal,,Vehicle - Animal,Light truck utility(from 2018),,1,0,0,0,0,6,June,Winter,Thursday,18:00 - 19:59,PM peak / evening commute,True,False,False,False
1356778,Non-casualty (towaway),Non-casualty (towaway),2024,2024,June,Tuesday,12:00 - 13:59,BATHURST,RD,0,Right on the spot,NUNNS,AVE,ORANGE,705.0,No,Not a school zone,T-junction,-33.293093,149.11305,Orange,Country urban,Rest of NSW - Urban,Straight,,,,Off,Sealed,Dry,Fine,Daylight,Nil,Give way sign,50 km/h,State,12,Left far,103,Adj - Left-thru from left,,Right angle,4 wheel drive / SUV,Station wagon,2,0,0,0,0,6,June,Winter,Tuesday,12:00 - 13:59,Midday / afternoon,False,False,False,False
1356795,Non-casualty (towaway),Non-casualty (towaway),2024,2024,June,Friday,18:00 - 19:59,JANSAN,CL,0,Right on the spot,NUMBER 4,HN,LISMORE HEIGHTS,,No,Not a school zone,2-way undivided,-28.806976,153.303888,Lismore,Country urban,Rest of NSW - Urban,Curved,Steep grade,,,Unknown / not stated,Sealed,Dry,Fine,Darkness,Nil,No traffic controls,50 km/h,Local,49,Other manoeuvring,400,Manov - other,,Other angle,Car (sedan/hatch),Car (sedan/hatch),2,0,0,0,0,6,June,Winter,Friday,18:00 - 19:59,PM peak / evening commute,True,False,False,False
1356802,Non-casualty (towaway),Non-casualty (towaway),2024,2024,July,Friday,16:00 - 17:59,MONARO,HWY,800,North,MILA,RD,LORDS HILL,19.0,No,Not a school zone,2-way undivided,-36.996168,149.231071,Snowy Monaro Regional,Country non-urban,Rest of NSW - Rural,Straight,Ditch/drain/culvert,,,Unknown / not stated,Sealed,Dry,Fine,Dusk,Nil,No traffic controls,100 km/h,State,70,Off road to left,701,Off carriageway to left,,Rollover,Semi-trailer,,1,0,0,0,0,7,July,Winter,Friday,16:00 - 17:59,PM peak / evening commute,True,False,False,False
1356812,Non-casualty (towaway),Non-casualty (towaway),2024,2024,July,Friday,20:00 - 21:59,BADGERYS CREEK,RD,800,North,THE NORTHERN,RD,BRINGELLY,7260.0,No,Not a school zone,2-way undivided,-33.923569,150.729125,Liverpool,Sydney metro. area,Syd-Newc-Woll Gtr conurbation,Straight,,,,Nil,Sealed,Dry,Fine,Darkness,Nil,No traffic controls,80 km/h,Regional,67,Struck animal,609,On path - Hit animal,,Vehicle - Animal,Car (sedan/hatch),,1,0,0,0,0,7,July,Winter,Friday,20:00 - 21:59,Evening / night,False,False,False,False
1356814,Non-casualty (towaway),Non-casualty (towaway),2024,2024,July,Wednesday,14:00 - 15:59,ILLAWARRA,RD,0,Right on the spot,WHARF,ST,MARRICKVILLE,2021.0,No,Not a school zone,T-junction,-33.921591,151.143405,Inner West,Sydney metro. area,Syd-Newc-Woll Gtr conurbation,Straight,Driveway/entrance,,,Unknown / not stated,Sealed,Dry,Fine,Daylight,Nil,Stop sign,50 km/h,Regional,47,Emerging from drive,406,Manov - Emerging from driveway,,Right angle,4 wheel drive / SUV,Car (sedan/hatch),2,0,0,0,0,7,July,Winter,Wednesday,14:00 - 15:59,Midday / afternoon,False,False,False,False
1356824,Non-casualty (towaway),Non-casualty (towaway),2024,2024,July,Thursday,04:00 - 05:59,MANN,ST,20,South,GLENNIE,ST,NORTH GOSFORD,7757.0,No,Not a school zone,2-way undivided,-33.41259,151.345012,Central Coast,Country urban,Syd-Newc-Woll Gtr conurbation,Straight,,,,Unknown / not stated,Sealed,Wet,Fine,Darkness,Nil,No traffic controls,60 km/h,Regional,40,U turn,304,Same - U-turn,,Other angle,Car (sedan/hatch),Car (sedan/hatch),2,0,0,0,0,7,July,Winter,Thursday,04:00 - 05:59,Late night / early morning,False,False,False,False
1356839,Non-casualty (towaway),Non-casualty (towaway),2024,2024,May,Sunday,20:00 - 21:59,PRINCES,HWY,30,South,WANDEAN,RD,WANDANDIAN,1.0,No,Not a school zone,Divided road,-35.088805,150.51036,Shoalhaven,Country urban,Rest of NSW - Urban,Curved,Pedestrian refuge,,,Nil,Sealed,Wet,Raining,Darkness,Nil,Ped crossing,80 km/h,State,85,Off rt/lft bnd=>obj,804,Off left bend into obj,Right,Vehicle - Object,Car (sedan/hatch),,1,0,0,0,0,5,May,Autumn,Sunday,20:00 - 21:59,Evening / night,False,False,False,False
1356841,Non-casualty (towaway),Non-casualty (towaway),2024,2024,June,Thursday,22:00 - Midnight,PITTWATER,RD,0,Right on the spot,PRINCES,ST,GLADESVILLE,2052.0,No,Not a school zone,X-intersection,-33.821849,151.13443,Ryde,Sydney metro. area,Syd-Newc-Woll Gtr conurbation,Straight,,,,On,Sealed,Dry,Fine,Darkness,On,No traffic controls,60 km/h,Regional,21,Right through,202,Opp - Right-thru,,Other angle,Car (sedan/hatch),4 wheel drive / SUV,2,0,0,0,0,6,June,Winter,Thursday,22:00 - Midnight,Evening / night,False,False,False,False
1356846,Non-casualty (towaway),Non-casualty (towaway),2024,2024,July,Sunday,16:00 - 17:59,STATION,ST,0,Right on the spot,TURTON,RD,WARATAH,326.0,No,Not a school zone,X-intersection,-32.902931,151.728715,Newcastle,Newcastle met. area,Syd-Newc-Woll Gtr conurbation,Straight,,,,On,Sealed,Wet,Unknown,Daylight,On,No traffic controls,60 km/h,State,20,Head on,201,Opp - Head on,,Head-on,Light truck utility(from 2018),4 wheel drive / SUV,2,0,0,0,0,7,July,Winter,Sunday,16:00 - 17:59,PM peak / evening commute,True,False,False,False
1356851,Non-casualty (towaway),Non-casualty (towaway),2024,2024,June,Sunday,12:00 - 13:59,EVANS,RD,200,North,WARWICK,RD,CARLINGFORD,,No,Not a school zone,2-way undivided,-33.784228,151.052819,Parramatta,Sydney metro. area,Syd-Newc-Woll Gtr conurbation,Curved,Steep grade,,,Unknown / not stated,Sealed,Dry,Fine,Daylight,Nil,No traffic controls,50 km/h,Local,80,Off left/right bend,801,Off cway right bend,Left,Rollover,Car (sedan/hatch),,1,0,0,0,0,6,June,Winter,Sunday,12:00 - 13:59,Midday / afternoon,False,False,False,False
1356855,Non-casualty (towaway),Non-casualty (towaway),2024,2024,July,Friday,16:00 - 17:59,BOUNDARY,ST,0,Right on the spot,OCEAN,ST,CLOVELLY,,No,Not a school zone,L-junction,-33.911072,151.269644,Randwick,Sydney metro. area,Syd-Newc-Woll Gtr conurbation,Curved,,,,Unknown / not stated,Sealed,Dry,Overcast,Dusk,Nil,No traffic controls,50 km/h,Local,81,Off left/rt bnd=>obj,803,Off right bend into obj,Left,Vehicle - Object,4 wheel drive / SUV,,1,0,0,0,0,7,July,Winter,Friday,16:00 - 17:59,PM peak / evening commute,True,False,False,False
1356860,Non-casualty (towaway),Non-casualty (towaway),2024,2024,July,Tuesday,06:00 - 07:59,WARDELL,RD,0,Right on the spot,NUMBER 170,HN,EARLWOOD,,No,Not a school zone,2-way undivided,-33.92367,151.129949,Canterbury-Bankstown,Sydney metro. area,Syd-Newc-Woll Gtr conurbation,Straight,,,,Unknown / not stated,Sealed,Wet,Overcast,Daylight,Nil,No traffic controls,50 km/h,Local,71,Off rd left => obj,703,Left off cway into object,,Other angle,4 wheel drive / SUV,Light truck utility(from 2018),3,0,0,0,0,7,July,Winter,Tuesday,06:00 - 07:59,AM peak / school commute,True,False,False,False
1356864,Non-casualty (towaway),Non-casualty (towaway),2024,2024,March,Friday,14:00 - 15:59,BUNDARRA,RD,20,North,BIRRIGA,RD,BELLEVUE HILL,,No,Not a school zone,2-way undivided,-33.885124,151.264322,Woollahra,Sydney metro. area,Syd-Newc-Woll Gtr conurbation,Straight,,,,Off,Sealed,Dry,Fine,Daylight,Nil,No traffic controls,50 km/h,Local,20,Head on,201,Opp - Head on,,Head-on,Large rigid,Car (sedan/hatch),2,0,0,0,0,3,March,Autumn,Friday,14:00 - 15:59,Midday / afternoon,False,False,False,False
1356881,Non-casualty (towaway),Non-casualty (towaway),2024,2024,March,Thursday,18:00 - 19:59,KING,ST,0,Right on the spot,JOHN,ST,WARNERS BAY,527.0,No,Not a school zone,T-junction,-32.975294,151.646599,Lake Macquarie,Newcastle met. area,Syd-Newc-Woll Gtr conurbation,Straight,,,,Off,Sealed,Dry,Fine,Daylight,On,No traffic controls,40 km/h,State,32,Right rear,303,Same - Rear right,,Rear end,Station wagon,Car (sedan/hatch),2,0,0,0,0,3,March,Autumn,Thursday,18:00 - 19:59,PM peak / evening commute,True,False,False,False
1356882,Non-casualty (towaway),Non-casualty (towaway),2024,2024,July,Tuesday,18:00 - 19:59,HOSKINS,ST,0,Right on the spot,SHELL TEMORA SERVICE STATION,ENT,TEMORA,57.0,No,Not a school zone,2-way undivided,-34.445731,147.533269,Temora,Country urban,Rest of NSW - Urban,Straight,Driveway/entrance,,,Unknown / not stated,Sealed,Wet,Raining,Unknown,Nil,No traffic controls,50 km/h,State,71,Off rd left => obj,703,Left off cway into object,,Vehicle - Object,Light truck utility(from 2018),,1,0,0,0,0,7,July,Winter,Tuesday,18:00 - 19:59,PM peak / evening commute,True,False,False,False
1356886,Non-casualty (towaway),Non-casualty (towaway),2024,2024,July,Saturday,16:00 - 17:59,NEW LAKE ENTRANCE,RD,0,Right on the spot,PIONEER,DR,OAK FLATS,611.0,No,Not a school zone,Roundabout,-34.570923,150.823701,Shellharbour,Wollongong met. area,Syd-Newc-Woll Gtr conurbation,Curved,,,,Unknown / not stated,Sealed,Wet,Raining,Dusk,Nil,Give way sign,60 km/h,State,10,Cross traffic,101,Adj - Cross traffic,,Right angle,Car (sedan/hatch),Car (sedan/hatch),2,0,0,0,0,7,July,Winter,Saturday,16:00 - 17:59,PM peak / evening commute,True,False,False,False
1356890,Non-casualty (towaway),Non-casualty (towaway),2024,2024,July,Thursday,08:00 - 09:59,PACIFIC,HWY,100,South,JOHNSON,RD,TUGGERAH,10.0,No,Not a school zone,Divided road,-33.295619,151.422415,Central Coast,Country urban,Syd-Newc-Woll Gtr conurbation,Straight,,,,Off,Sealed,Wet,Overcast,Daylight,Nil,No traffic controls,60 km/h,State,30,Rear end,301,Same - Rear end,,Rear end,Car (sedan/hatch),4 wheel drive / SUV,3,0,0,0,0,7,July,Winter,Thursday,08:00 - 09:59,AM peak / school commute,True,False,False,False
1356896,Non-casualty (towaway),Non-casualty (towaway),2024,2024,July,Saturday,02:00 - 03:59,FISHER,RD,0,Right on the spot,NUMBER 118,HN,DEE WHY,7348.0,Yes,No,2-way undivided,-33.745862,151.286396,Northern Beaches,Sydney metro. area,Syd-Newc-Woll Gtr conurbation,Straight,,,,Unknown / not stated,Sealed,Wet,Raining,Darkness,Nil,No traffic controls,50 km/h,Regional,71,Off rd left => obj,703,Left off cway into object,,Other angle,Car (sedan/hatch),4 wheel drive / SUV,3,0,0,0,0,7,July,Winter,Saturday,02:00 - 03:59,Late night / early morning,False,False,False,False
1356900,Non-casualty (towaway),Non-casualty (towaway),2024,2024,July,Saturday,14:00 - 15:59,GLEBE,RD,0,Right on the spot,WOOD,ST,ADAMSTOWN,188.0,No,Not a school zone,T-junction,-32.933594,151.721558,Newcastle,Newcastle met. area,Syd-Newc-Woll Gtr conurbation,Straight,,,,Unknown / not stated,Sealed,Dry,Fine,Daylight,Nil,Give way sign,60 km/h,Regional,53,Overtake turning,506,Ovtak - Overtaking right turn,,Other angle,Car (sedan/hatch),4 wheel drive / SUV,2,0,0,0,0,7,July,Winter,Saturday,14:00 - 15:59,Midday / afternoon,False,False,False,False
1356902,Non-casualty (towaway),Non-casualty (towaway),2024,2024,July,Thursday,22:00 - Midnight,MAY,ST,0,Right on the spot,BEDWIN,RD,ST PETERS,2099.0,No,Not a school zone,X-intersection,-33.910137,151.175775,Inner West,Sydney metro. area,Syd-Newc-Woll Gtr conurbation,Straight,,,,Unknown / not stated,Sealed,Wet,Raining,Darkness,On,No traffic controls,60 km/h,Regional,21,Right through,202,Opp - Right-thru,,Other angle,Passenger van,Car (sedan/hatch),2,0,0,0,0,7,July,Winter,Thursday,22:00 - Midnight,Evening / night,False,False,False,False
1356903,Non-casualty (towaway),Non-casualty (towaway),2024,2024,July,Tuesday,22:00 - Midnight,HUME,HWY,10,East,AUSTRALIA,ST,BASS HILL,2.0,Yes,No,T-junction,-33.904539,151.00541,Canterbury-Bankstown,Sydney metro. area,Syd-Newc-Woll Gtr conurbation,Straight,Foot/cycle path/nature strip,,,Unknown / not stated,Sealed,Wet,Raining,Darkness,Nil,No traffic controls,70 km/h,State,71,Off rd left => obj,703,Left off cway into object,,Other angle,Car (sedan/hatch),Car (sedan/hatch),5,0,0,0,0,7,July,Winter,Tuesday,22:00 - Midnight,Evening / night,False,False,False,False
1356904,Non-casualty (towaway),Non-casualty (towaway),2024,2024,July,Tuesday,16:00 - 17:59,LORD BADEN POWELL,DR,350,West,LAKE ALBERT,RD,TURVEY PARK,,No,Not a school zone,2-way undivided,-35.134095,147.372806,Wagga Wagga,Country urban,Rest of NSW - Urban,Curved,Steep grade,,,Unknown / not stated,Sealed,Wet,Raining,Dusk,Nil,No traffic controls,50 km/h,Local,86,Off left/left bend,802,Off cway left bend,Left,Rollover,Light truck utility(from 2018),,1,0,0,0,0,7,July,Winter,Tuesday,16:00 - 17:59,PM peak / evening commute,True,False,False,False
1356906,Non-casualty (towaway),Non-casualty (towaway),2024,2024,April,Sunday,02:00 - 03:59,CLEARY,ST,10,East,BEAUMONT,ST,HAMILTON,,No,Not a school zone,X-intersection,-32.920863,151.74765,Newcastle,Newcastle met. area,Syd-Newc-Woll Gtr conurbation,Straight,,,,On,Sealed,Dry,Fine,Darkness,On,Ped crossing,50 km/h,Local,42,Leaving parking,401,Manov - Leaving parking,,Other angle,Car (sedan/hatch),Car (sedan/hatch),2,0,0,0,0,4,April,Autumn,Sunday,02:00 - 03:59,Late night / early morning,False,False,False,False
1356919,Non-casualty (towaway),Non-casualty (towaway),2024,2024,July,Monday,20:00 - 21:59,EDMONDSON,AVE,50,North,FOURTEENTH,AVE,AUSTRAL,2126.0,No,Not a school zone,2-way undivided,-33.921233,150.814424,Liverpool,Sydney metro. area,Syd-Newc-Woll Gtr conurbation,Straight,,,,Unknown / not stated,Sealed,Wet,Raining,Darkness,Nil,No traffic controls,60 km/h,Regional,71,Off rd left => obj,703,Left off cway into object,,Vehicle - Object,4 wheel drive / SUV,,1,0,0,0,0,7,July,Winter,Monday,20:00 - 21:59,Evening / night,False,False,False,False
1356922,Non-casualty (towaway),Non-casualty (towaway),2024,2024,July,Thursday,12:00 - 13:59,UPPER MYALL,RD,100,South,MANNING HILL,RD,UPPER MYALL,,No,Not a school zone,2-way undivided,-32.243775,152.174465,Mid-Coast,Country non-urban,Rest of NSW - Rural,Curved,Steep grade,,,Unknown / not stated,Unsealed,Dry,Fine,Daylight,Nil,No traffic controls,100 km/h,Local,86,Off left/left bend,802,Off cway left bend,Left,Rollover,4 wheel drive / SUV,,1,0,0,0,0,7,July,Winter,Thursday,12:00 - 13:59,Midday / afternoon,False,False,False,False
1356934,Non-casualty (towaway),Non-casualty (towaway),2024,2024,July,Tuesday,08:00 - 09:59,CUMBERLAND,HWY,50,North,NELSON,ST,THORNLEIGH,13.0,No,Not a school zone,Divided road,-33.724637,151.088553,Hornsby,Sydney metro. area,Syd-Newc-Woll Gtr conurbation,Straight,,,,Unknown / not stated,Sealed,Wet,Raining,Daylight,Nil,No traffic controls,70 km/h,State,33,Lane sideswipe,305,Same - Lane side swipe,,Other angle,Car (sedan/hatch),Other bus,2,0,0,0,0,7,July,Winter,Tuesday,08:00 - 09:59,AM peak / school commute,True,False,False,False