crash_id,degree_of_crash,degree_of_crash_-_detailed,reporting_year,year_of_crash,month_of_crash,day_of_week_of_crash,two-hour_intervals,street_of_crash,street_type,distance,direction,identifying_feature,identifying_feature_type,town,route_no.,school_zone_location,school_zone_active,type_of_location,latitude,longitude,lga,urbanisation,conurbation_1,alignment,primary_permanent_feature,primary_temporary_feature,primary_hazardous_feature,street_lighting,road_surface,surface_condition,weather,natural_lighting,signals_operation,other_traffic_control,speed_limit,road_classification_(admin),rum_-_code,rum_-_description,dca_-_code,dca_-_description,dca_supplement,first_impact_type,key_tu_type,other_tu_type,no._of_traffic_units_involved,no._killed,no._seriously_injured,no._moderately_injured,no._minor-other_injured,month_num,month_label,season,day_label,time_label,time_band,is_peak_commute,is_fatal,is_injury,is_casualty
1356942,Non-casualty (towaway),Non-casualty (towaway),2024,2024,July,Tuesday,16:00 - 17:59,WESTERN,EXP,50,East,CUMBERLAND HIGHWAY,OP,SOUTH WENTWORTHVILLE,6004.0,No,Not a school zone,Dual freeway,-33.816313,150.964069,Cumberland,Sydney metro. area,Syd-Newc-Woll Gtr conurbation,Straight,,,,Unknown / not stated,Sealed,Dry,Fine,Daylight,Nil,No traffic controls,90 km/h,State,30,Rear end,301,Same - Rear end,,Rear end,Light truck utility(from 2018),Light truck utility(from 2018),3,0,0,0,0,7,July,Winter,Tuesday,16:00 - 17:59,PM peak / evening commute,True,False,False,False
1356943,Non-casualty (towaway),Non-casualty (towaway),2024,2024,July,Sunday,10:00 - 11:59,HUME,HWY,0,Right on the spot,YASS VALLEY,WAY,MANTON,2.0,No,Not a school zone,T-junction,-34.837096,149.013354,Yass Valley,Country non-urban,Rest of NSW - Rural,Curved,,,,Unknown / not stated,Sealed,Dry,Fine,Daylight,Nil,Give way sign,110 km/h,State,11,Right far,102,Adj - Right-thru from left,,Right angle,4 wheel drive / SUV,Car (sedan/hatch),2,0,0,0,0,7,July,Winter,Sunday,10:00 - 11:59,Midday / afternoon,False,False,False,False
1356944,Non-casualty (towaway),Non-casualty (towaway),2024,2024,July,Saturday,16:00 - 17:59,BONDI,RD,0,Right on the spot,WAVERLEY,CRES,BONDI JUNCTION,172.0,No,Not a school zone,X-intersection,-33.892138,151.254521,Waverley,Sydney metro. area,Syd-Newc-Woll Gtr conurbation,Straight,,,,Unknown / not stated,Sealed,Dry,Fine,Daylight,Nil,Give way sign,50 km/h,State,10,Cross traffic,101,Adj - Cross traffic,,Right angle,Car (sedan/hatch),Car (sedan/hatch),2,0,0,0,0,7,July,Winter,Saturday,16:00 - 17:59,PM peak / evening commute,True,False,False,False
1356957,Non-casualty (towaway),Non-casualty (towaway),2024,2024,July,Thursday,14:00 - 15:59,MEURANTS,LANE,0,Right on the spot,MARIE,AVE,GLENWOOD,,No,Not a school zone,T-junction,-33.739036,150.932047,Blacktown,Sydney metro. area,Syd-Newc-Woll Gtr conurbation,Straight,,,,Unknown / not stated,Sealed,Dry,Fine,Daylight,Nil,Give way sign,50 km/h,Local,30,Rear end,301,Same - Rear end,,Rear end,4 wheel drive / SUV,Car (sedan/hatch),2,0,0,0,0,7,July,Winter,Thursday,14:00 - 15:59,Midday / afternoon,False,False,False,False
1356960,Non-casualty (towaway),Non-casualty (towaway),2024,2024,July,Tuesday,00:01 - 01:59,FIVE ISLANDS,RD,0,Right on the spot,SPRINGHILL,RD,SPRING HILL,295.0,No,Not a school zone,T-junction,-34.465455,150.871508,Wollongong,Wollongong met. area,Syd-Newc-Woll Gtr conurbation,Straight,,,,Unknown / not stated,Sealed,Wet,Raining,Darkness,On,No traffic controls,80 km/h,State,81,Off left/rt bnd=>obj,707,Right turn,Left,Vehicle - Object,Car (sedan/hatch),,1,0,0,0,0,7,July,Winter,Tuesday,00:01 - 01:59,Late night / early morning,False,False,False,False
1356963,Non-casualty (towaway),Non-casualty (towaway),2024,2024,March,Friday,20:00 - 21:59,PACIFIC,HWY,100,North,POSSUM BRUSH,RD,POSSUM BRUSH,10.0,No,Not a school zone,Divided road,-32.064699,152.439969,Mid-Coast,Country non-urban,Rest of NSW - Rural,Curved,,,,Nil,Sealed,Dry,Fine,Darkness,Nil,No traffic controls,100 km/h,State,88,Out of cont on bend,805,Out of control on bend,,Rollover,Light truck utility(from 2018),,1,0,0,0,0,3,March,Autumn,Friday,20:00 - 21:59,Evening / night,False,False,False,False
1356965,Non-casualty (towaway),Non-casualty (towaway),2024,2024,June,Friday,18:00 - 19:59,OLD NORTHERN,RD,10,South,FRANCIS,ST,CASTLE HILL,160.0,No,Not a school zone,T-junction,-33.737366,151.001362,The Hills,Sydney metro. area,Syd-Newc-Woll Gtr conurbation,Straight,,,,Nil,Sealed,Dry,Fine,Dusk,Nil,Stop sign,60 km/h,State,70,Off road to left,701,Off carriageway to left,,Rollover,Utility,,1,0,0,0,0,6,June,Winter,Friday,18:00 - 19:59,PM peak / evening commute,True,False,False,False
1356971,Non-casualty (towaway),Non-casualty (towaway),2024,2024,July,Friday,12:00 - 13:59,NEWCASTLE,EXP,120,North,PALMDALE ROAD,OP,PALMDALE,6003.0,No,Not a school zone,Dual freeway,-33.332937,151.380721,Central Coast,Country non-urban,Syd-Newc-Woll Gtr conurbation,Straight,,,,Unknown / not stated,Sealed,Wet,Overcast,Daylight,Nil,No traffic controls,110 km/h,State,73,Off rd rght => obj,704,Right off cway into obj,,Vehicle - Object,Utility,,2,0,0,0,0,7,July,Winter,Friday,12:00 - 13:59,Midday / afternoon,False,False,False,False
1356974,Non-casualty (towaway),Non-casualty (towaway),2024,2024,July,Wednesday,12:00 - 13:59,BRICKFIELD,ST,20,North,GROSE,ST,NORTH PARRAMATTA,,No,Not a school zone,2-way undivided,-33.807082,151.009948,Parramatta,Sydney metro. area,Syd-Newc-Woll Gtr conurbation,Straight,,,,Unknown / not stated,Sealed,Dry,Fine,Daylight,Nil,No traffic controls,50 km/h,Local,71,Off rd left => obj,703,Left off cway into object,,Other angle,Car (sedan/hatch),4 wheel drive / SUV,2,0,0,0,0,7,July,Winter,Wednesday,12:00 - 13:59,Midday / afternoon,False,False,False,False
1356983,Non-casualty (towaway),Non-casualty (towaway),2024,2024,May,Thursday,08:00 - 09:59,GENERAL,BVD,0,Right on the spot,SARGEANT,ST,EDMONDSON PARK,,No,Not a school zone,T-junction,-33.9721,150.858013,Liverpool,Sydney metro. area,Syd-Newc-Woll Gtr conurbation,Straight,,,,Unknown / not stated,Sealed,Wet,Overcast,Daylight,Nil,Give way sign,50 km/h,Local,30,Rear end,301,Same - Rear end,,Rear end,4 wheel drive / SUV,4 wheel drive / SUV,2,0,0,0,0,5,May,Autumn,Thursday,08:00 - 09:59,AM peak / school commute,True,False,False,False
1356988,Non-casualty (towaway),Non-casualty (towaway),2024,2024,June,Sunday,00:01 - 01:59,STANMORE,RD,40,West,FOTHERINGHAM,ST,ENMORE,167.0,No,Not a school zone,2-way undivided,-33.899051,151.169787,Inner West,Sydney metro. area,Syd-Newc-Woll Gtr conurbation,Straight,Driveway/entrance,,,On,Sealed,Wet,Raining,Darkness,Nil,No traffic controls,60 km/h,State,47,Emerging from drive,406,Manov - Emerging from driveway,,Right angle,Unknown motor vehicle,Car (sedan/hatch),2,0,0,0,0,6,June,Winter,Sunday,00:01 - 01:59,Late night / early morning,False,False,False,False
1356990,Non-casualty (towaway),Non-casualty (towaway),2024,2024,June,Friday,22:00 - Midnight,GARDENERS,RD,30,West,SLATTERY,PL,EASTLAKES,183.0,No,Not a school zone,Divided road,-33.924803,151.216464,Bayside,Sydney metro. area,Syd-Newc-Woll Gtr conurbation,Straight,,,,On,Sealed,Dry,Fine,Darkness,Nil,No traffic controls,60 km/h,State,71,Off rd left => obj,703,Left off cway into object,,Vehicle - Object,Unknown motor vehicle,,1,0,0,0,0,6,June,Winter,Friday,22:00 - Midnight,Evening / night,False,False,False,False
1356997,Non-casualty (towaway),Non-casualty (towaway),2024,2024,July,Thursday,04:00 - 05:59,HIGH,ST,10,South,OAKVILLE,RD,WILLOUGHBY EAST,,Yes,No,T-junction,-33.802189,151.20336,Willoughby,Sydney metro. area,Syd-Newc-Woll Gtr conurbation,Straight,,,,Unknown / not stated,Sealed,Dry,Fine,Dawn,Nil,Ped crossing,50 km/h,Local,49,Other manoeuvring,400,Manov - other,,Other angle,Motorcycle,Large rigid,2,0,0,0,0,7,July,Winter,Thursday,04:00 - 05:59,Late night / early morning,False,False,False,False
1357007,Non-casualty (towaway),Non-casualty (towaway),2024,2024,July,Tuesday,04:00 - 05:59,BRIDGE,ST,0,Right on the spot,YAMBO,ST,MORISSET,,Yes,No,X-intersection,-33.106724,151.489412,Lake Macquarie,Newcastle met. area,Syd-Newc-Woll Gtr conurbation,Straight,,,,Unknown / not stated,Sealed,Dry,Fine,Dawn,Nil,Give way sign,50 km/h,Local,13,Right near,104,Adj - Right-thru from right,,Right angle,4 wheel drive / SUV,Car (sedan/hatch),2,0,0,0,0,7,July,Winter,Tuesday,04:00 - 05:59,Late night / early morning,False,False,False,False
1357011,Non-casualty (towaway),Non-casualty (towaway),2024,2024,July,Thursday,06:00 - 07:59,STEWART,RD,190,North,SILVERWATER ROAD,TO,DUNDAS,574.0,No,Not a school zone,Other,-33.799412,151.055867,Parramatta,Sydney metro. area,Syd-Newc-Woll Gtr conurbation,Curved,,,,Unknown / not stated,Sealed,Dry,Fine,Dawn,Nil,Ped crossing,70 km/h,State,30,Rear end,301,Same - Rear end,,Rear end,Station wagon,Light truck utility(from 2018),4,0,0,0,0,7,July,Winter,Thursday,06:00 - 07:59,AM peak / school commute,True,False,False,False
1357012,Non-casualty (towaway),Non-casualty (towaway),2024,2024,July,Saturday,16:00 - 17:59,NEWCASTLE,EXP,1000,South,HAWKESBURY RIVER BRIDGE,BDGE,COWAN,6003.0,No,Not a school zone,Dual freeway,-33.549601,151.194753,Hornsby,Sydney metro. area,Syd-Newc-Woll Gtr conurbation,Curved,,,,Unknown / not stated,Sealed,Dry,Fine,Daylight,Nil,No traffic controls,110 km/h,State,20,Head on,201,Opp - Head on,,Head-on,Utility,Car (sedan/hatch),2,0,0,0,0,7,July,Winter,Saturday,16:00 - 17:59,PM peak / evening commute,True,False,False,False
1357014,Non-casualty (towaway),Non-casualty (towaway),2024,2024,June,Saturday,10:00 - 11:59,KALANG,RD,25,North,ST ANDREWS GATE,MS,ELANORA HEIGHTS,,No,Not a school zone,2-way undivided,-33.69569,151.280028,Northern Beaches,Sydney metro. area,Syd-Newc-Woll Gtr conurbation,Straight,,,,Unknown / not stated,Sealed,Dry,Fine,Daylight,Nil,No traffic controls,50 km/h,Local,42,Leaving parking,401,Manov - Leaving parking,,Other angle,Car (sedan/hatch),Car (sedan/hatch),2,0,0,0,0,6,June,Winter,Saturday,10:00 - 11:59,Midday / afternoon,False,False,False,False
1357016,Non-casualty (towaway),Non-casualty (towaway),2024,2024,July,Tuesday,14:00 - 15:59,DARLEY,ST,0,Right on the spot,BY THE SEA,RD,MONA VALE,7353.0,No,Not a school zone,T-junction,-33.676088,151.307603,Northern Beaches,Sydney metro. area,Syd-Newc-Woll Gtr conurbation,Straight,,,,Unknown / not stated,Sealed,Dry,Fine,Daylight,Nil,No traffic controls,50 km/h,Regional,16,Left near,107,Adj - Left-thru from right,,Right angle,Car (sedan/hatch),Passenger van,2,0,0,0,0,7,July,Winter,Tuesday,14:00 - 15:59,Midday / afternoon,False,False,False,False
1357017,Non-casualty (towaway),Non-casualty (towaway),2024,2024,July,Thursday,12:00 - 13:59,MEADOW,ST,20,South,KENDALL,ST,TARRAWANNA,,Yes,No,2-way undivided,-34.379874,150.888517,Wollongong,Wollongong met. area,Syd-Newc-Woll Gtr conurbation,Curved,,,,Unknown / not stated,Sealed,Dry,Fine,Daylight,Nil,No traffic controls,50 km/h,Local,81,Off left/rt bnd=>obj,803,Off right bend into obj,Left,Vehicle - Object,Car (sedan/hatch),,1,0,0,0,0,7,July,Winter,Thursday,12:00 - 13:59,Midday / afternoon,False,False,False,False
1357021,Non-casualty (towaway),Non-casualty (towaway),2024,2024,July,Friday,10:00 - 11:59,HAYES,RD,0,Right on the spot,PRIMROSE,AVE,ROSEBERY,,No,Not a school zone,X-intersection,-33.918409,151.205045,Sydney,Sydney metro. area,Syd-Newc-Woll Gtr conurbation,Straight,,,,Unknown / not stated,Sealed,Dry,Fine,Daylight,Nil,Stop sign,40 km/h,Local,19,Other adjacent,100,Adj - other,,Right angle,Car (sedan/hatch),Car (sedan/hatch),2,0,0,0,0,7,July,Winter,Friday,10:00 - 11:59,Midday / afternoon,False,False,False,False
1357022,Non-casualty (towaway),Non-casualty (towaway),2024,2024,July,Monday,06:00 - 07:59,POWER,ST,0,Right on the spot,POWER,ST,DOONSIDE,,Yes,No,Roundabout,-33.756122,150.870922,Blacktown,Sydney metro. area,Syd-Newc-Woll Gtr conurbation,Straight,,,,Unknown / not stated,Sealed,Dry,Fine,Daylight,Nil,Give way sign,50 km/h,Local,10,Cross traffic,101,Adj - Cross traffic,,Right angle,Car (sedan/hatch),Car (sedan/hatch),2,0,0,0,0,7,July,Winter,Monday,06:00 - 07:59,AM peak / school commute,True,False,False,False
1357023,Non-casualty (towaway),Non-casualty (towaway),2024,2024,July,Monday,14:00 - 15:59,POLDING,ST,0,Right on the spot,NUMBER 64,HN,FAIRFIELD HEIGHTS,7222.0,No,Not a school zone,2-way undivided,-33.863254,150.948304,Fairfield,Sydney metro. area,Syd-Newc-Woll Gtr conurbation,Straight,,,,Unknown / not stated,Sealed,Dry,Fine,Daylight,Nil,No traffic controls,60 km/h,Regional,71,Off rd left => obj,703,Left off cway into object,,Other angle,4 wheel drive / SUV,Light truck,3,0,0,0,0,7,July,Winter,Monday,14:00 - 15:59,Midday / afternoon,False,False,False,False
1357027,Non-casualty (towaway),Non-casualty (towaway),2024,2024,July,Wednesday,12:00 - 13:59,RIOU,ST,0,Right on the spot,NUMBER 11,HN,GOSFORD,,No,Not a school zone,2-way undivided,-33.427986,151.336213,Central Coast,Country urban,Syd-Newc-Woll Gtr conurbation,Straight,,,,Unknown / not stated,Sealed,Dry,Fine,Daylight,Nil,No traffic controls,60 km/h,Local,42,Leaving parking,401,Manov - Leaving parking,,Other angle,4 wheel drive / SUV,Car (sedan/hatch),2,0,0,0,0,7,July,Winter,Wednesday,12:00 - 13:59,Midday / afternoon,False,False,False,False
1357029,Non-casualty (towaway),Non-casualty (towaway),2024,2024,June,Sunday,18:00 - 19:59,TURRIELL POINT,RD,0,Right on the spot,NUMBER 62,HN,PORT HACKING,,No,Not a school zone,2-way undivided,-34.067602,151.122614,Sutherland,Sydney metro. area,Syd-Newc-Woll Gtr conurbation,Straight,,,,Unknown / not stated,Sealed,Dry,Fine,Darkness,Nil,No traffic controls,50 km/h,Local,71,Off rd left => obj,703,Left off cway into object,,Vehicle - Object,Utility,,3,0,0,0,0,6,June,Winter,Sunday,18:00 - 19:59,PM peak / evening commute,True,False,False,False
1357030,Non-casualty (towaway),Non-casualty (towaway),2024,2024,June,Tuesday,20:00 - 21:59,PACIFIC,HWY,0,Right on the spot,MINJUNGBAL DRIVE,TO,TWEED HEADS SOUTH,10.0,No,Not a school zone,Divided road,-28.205146,153.540013,Tweed,Country non-urban,Rest of NSW - Rural,Straight,,,,Unknown / not stated,Sealed,Dry,Fine,Darkness,Nil,No traffic controls,100 km/h,State,33,Lane sideswipe,305,Same - Lane side swipe,,Other angle,4 wheel drive / SUV,Car (sedan/hatch),2,0,0,0,0,6,June,Winter,Tuesday,20:00 - 21:59,Evening / night,False,False,False,False
1357032,Non-casualty (towaway),Non-casualty (towaway),2024,2024,July,Friday,12:00 - 13:59,GROSVENOR,RD,10,West,GLEN VIEW,CRES,TERRIGAL,,No,Not a school zone,T-junction,-33.448868,151.442153,Central Coast,Country urban,Syd-Newc-Woll Gtr conurbation,Straight,Steep grade,,,Unknown / not stated,Sealed,Dry,Fine,Daylight,Nil,No traffic controls,50 km/h,Local,40,U turn,304,Same - U-turn,,Other angle,Station wagon,Car (sedan/hatch),2,0,0,0,0,7,July,Winter,Friday,12:00 - 13:59,Midday / afternoon,False,False,False,False
1357033,Non-casualty (towaway),Non-casualty (towaway),2024,2024,July,Saturday,16:00 - 17:59,BANFIELD,DR,0,Right on the spot,ORAN PARK,DR,HARRINGTON PARK,,No,Not a school zone,T-junction,-34.017219,150.745427,Camden,Sydney metro. area,Syd-Newc-Woll Gtr conurbation,Straight,,,,Unknown / not stated,Sealed,Dry,Fine,Daylight,On,No traffic controls,50 km/h,Local,21,Right through,202,Opp - Right-thru,,Other angle,Car (sedan/hatch),Car (sedan/hatch),2,0,0,0,0,7,July,Winter,Saturday,16:00 - 17:59,PM peak / evening commute,True,False,False,False
1357035,Non-casualty (towaway),Non-casualty (towaway),2024,2024,July,Saturday,06:00 - 07:59,DONOVAN,ST,0,Right on the spot,NORTH,RD,EASTWOOD,,No,Not a school zone,T-junction,-33.792129,151.101499,Ryde,Sydney metro. area,Syd-Newc-Woll Gtr conurbation,Straight,,,,Unknown / not stated,Sealed,Dry,Fine,Daylight,Nil,No traffic controls,50 km/h,Local,21,Right through,202,Opp - Right-thru,,Other angle,Passenger van,Passenger van,2,0,0,0,0,7,July,Winter,Saturday,06:00 - 07:59,AM peak / school commute,True,False,False,False
1357037,Non-casualty (towaway),Non-casualty (towaway),2024,2024,July,Friday,16:00 - 17:59,GREAT WESTERN,HWY,75,East,PROSPECT HIGHWAY,TO,PROSPECT,5.0,No,Not a school zone,Other,-33.802011,150.916589,Blacktown,Sydney metro. area,Syd-Newc-Woll Gtr conurbation,Curved,,,,Unknown / not stated,Sealed,Dry,Fine,Daylight,Nil,No traffic controls,60 km/h,State,30,Rear end,301,Same - Rear end,,Rear end,Car (sedan/hatch),Passenger van,2,0,0,0,0,7,July,Winter,Friday,16:00 - 17:59,PM peak / evening commute,True,False,False,False
1357041,Non-casualty (towaway),Non-casualty (towaway),2024,2024,July,Wednesday,12:00 - 13:59,WALLARAH,RD,500,West,VIEWPOINT,DR,GOROKAN,509.0,No,Not a school zone,2-way undivided,-33.260536,151.516973,Central Coast,Country urban,Syd-Newc-Woll Gtr conurbation,Straight,,,,Unknown / not stated,Sealed,Dry,Fine,Daylight,Nil,No traffic controls,50 km/h,State,30,Rear end,301,Same - Rear end,,Rear end,Car (sedan/hatch),Light truck utility(from 2018),3,0,0,0,0,7,July,Winter,Wednesday,12:00 - 13:59,Midday / afternoon,False,False,False,False
1357045,Non-casualty (towaway),Non-casualty (towaway),2024,2024,July,Monday,16:00 - 17:59,MORTON,ST,0,Right on the spot,RICHARD,AVE,CRESTWOOD,,Yes,No,X-intersection,-35.347281,149.214708,Queanbeyan-Palerang Regional,Country urban,Rest of NSW - Urban,Straight,,,,Unknown / not stated,Sealed,Dry,Fine,Darkness,Nil,Give way sign,50 km/h,Local,10,Cross traffic,101,Adj - Cross traffic,,Right angle,Light truck,Light truck utility(from 2018),2,0,0,0,0,7,July,Winter,Monday,16:00 - 17:59,PM peak / evening commute,True,False,False,False
1357046,Non-casualty (towaway),Non-casualty (towaway),2024,2024,July,Sunday,14:00 - 15:59,PACIFIC,HWY,0,Right on the spot,LEMON TREE,RD,HALFWAY CREEK,10.0,No,Not a school zone,T-junction,-29.935033,153.094343,Clarence Valley,Country non-urban,Rest of NSW - Rural,Straight,,,,Unknown / not stated,Sealed,Unknown,Unknown,Daylight,Nil,No traffic controls,110 km/h,State,88,Out of cont on bend,706,Left turn,,Rollover,4 wheel drive / SUV,,1,0,0,0,0,7,July,Winter,Sunday,14:00 - 15:59,Midday / afternoon,False,False,False,False
1357047,Non-casualty (towaway),Non-casualty (towaway),2024,2024,July,Friday,10:00 - 11:59,ALICE,ST,0,Right on the spot,CAMPBELL,ST,SANS SOUCI,,No,Not a school zone,X-intersection,-33.987783,151.136782,Bayside,Sydney metro. area,Syd-Newc-Woll Gtr conurbation,Straight,,,,Unknown / not stated,Sealed,Dry,Fine,Daylight,Nil,Give way sign,50 km/h,Local,10,Cross traffic,101,Adj - Cross traffic,,Right angle,Car (sedan/hatch),Car (sedan/hatch),2,0,0,0,0,7,July,Winter,Friday,10:00 - 11:59,Midday / afternoon,False,False,False,False
1357049,Non-casualty (towaway),Non-casualty (towaway),2024,2024,July,Sunday,20:00 - 21:59,SMITHFIELD,RD,0,Right on the spot,NUMBER 268,HN,FAIRFIELD WEST,7220.0,No,Not a school zone,2-way undivided,-33.861634,150.923545,Fairfield,Sydney metro. area,Syd-Newc-Woll Gtr conurbation,Straight,,,,Unknown / not stated,Sealed,Dry,Fine,Darkness,Nil,No traffic controls,60 km/h,Regional,71,Off rd left => obj,703,Left off cway into object,,Other angle,Car (sedan/hatch),4 wheel drive / SUV,2,0,0,0,0,7,July,Winter,Sunday,20:00 - 21:59,Evening / night,False,False,False,False
1357054,Non-casualty (towaway),Non-casualty (towaway),2024,2024,July,Wednesday,14:00 - 15:59,SUMMERLAND,WAY,0,Right on the spot,NUMER 3981,HN,BANYABBA,83.0,No,Not a school zone,2-way undivided,-29.395765,152.998639,Clarence Valley,Country non-urban,Rest of NSW - Rural,Straight,,,,Unknown / not stated,Sealed,Dry,Fine,Daylight,Nil,No traffic controls,100 km/h,State,41,U turn into object,409,Manov - U-turn into fixed obje,,Vehicle - Object,4 wheel drive / SUV,,1,0,0,0,0,7,July,Winter,Wednesday,14:00 - 15:59,Midday / afternoon,False,False,False,False
1357058,Non-casualty (towaway),Non-casualty (towaway),2024,2024,July,Sunday,16:00 - 17:59,NEWCASTLE,EXP,810,North,PACIFIC,HWY,OURIMBAH,6003.0,No,Not a school zone,Dual freeway,-33.33868,151.37371,Central Coast,Country non-urban,Syd-Newc-Woll Gtr conurbation,Straight,,,,Unknown / not stated,Sealed,Dry,Fine,Daylight,Nil,No traffic controls,110 km/h,State,71,Off rd left => obj,703,Left off cway into object,,Vehicle - Object,Light truck utility(from 2018),,1,0,0,0,0,7,July,Winter,Sunday,16:00 - 17:59,PM peak / evening commute,True,False,False,False
1357060,Non-casualty (towaway),Non-casualty (towaway),2024,2024,February,Saturday,20:00 - 21:59,LONE PINE,AVE,50,West,OCEAN BEACH,RD,UMINA BEACH,,No,Not a school zone,2-way undivided,-33.51404,151.317414,Central Coast,Country urban,Syd-Newc-Woll Gtr conurbation,Straight,,,,Unknown / not stated,Sealed,Dry,Fine,Darkness,Nil,No traffic controls,50 km/h,Local,20,Head on,201,Opp - Head on,,Head-on,Car (sedan/hatch),4 wheel drive / SUV,2,0,0,0,0,2,February,Summer,Saturday,20:00 - 21:59,Evening / night,False,False,False,False
1357066,Non-casualty (towaway),Non-casualty (towaway),2024,2024,July,Friday,12:00 - 13:59,HUME,HWY,800,South,MORETON PARK ROAD,OP,MENANGLE,2.0,No,Not a school zone,Dual freeway,-34.147352,150.7374,Wollondilly,Country non-urban,Syd-Newc-Woll Gtr conurbation,Curved,,,,Unknown / not stated,Sealed,Dry,Fine,Daylight,Nil,No traffic controls,110 km/h,State,30,Rear end,301,Same - Rear end,,Rear end,Car (sedan/hatch),4 wheel drive / SUV,3,0,0,0,0,7,July,Winter,Friday,12:00 - 13:59,Midday / afternoon,False,False,False,False
1357075,Non-casualty (towaway),Non-casualty (towaway),2024,2024,July,Tuesday,12:00 - 13:59,GARDEN,ST,0,Right on the spot,ROBERT,ST,SOUTH TAMWORTH,,No,Not a school zone,X-intersection,-31.108476,150.904309,Tamworth Regional,Country urban,Rest of NSW - Urban,Straight,,,,Unknown / not stated,Sealed,Dry,Overcast,Daylight,Nil,Stop sign,50 km/h,Local,10,Cross traffic,101,Adj - Cross traffic,,Right angle,4 wheel drive / SUV,Car (sedan/hatch),2,0,0,0,0,7,July,Winter,Tuesday,12:00 - 13:59,Midday / afternoon,False,False,False,False
1357078,Non-casualty (towaway),Non-casualty (towaway),2024,2024,July,Friday,16:00 - 17:59,OLYMPIC,HWY,200,North,FRAMPTON,RD,COOTAMUNDRA,78.0,No,Not a school zone,2-way undivided,-34.701269,147.942749,Cootamundra-Gundagai,Country non-urban,Rest of NSW - Rural,Straight,,,,Unknown / not stated,Sealed,Dry,Fine,Daylight,Nil,No traffic controls,100 km/h,State,71,Off rd left => obj,703,Left off cway into object,,Vehicle - Object,Light truck utility(from 2018),,1,0,0,0,0,7,July,Winter,Friday,16:00 - 17:59,PM peak / evening commute,True,False,False,False
1357084,Non-casualty (towaway),Non-casualty (towaway),2024,2024,July,Friday,14:00 - 15:59,CENTRAL AV,AVE,0,Right on the spot,NUMBER 21,HN,MANLY,,No,Not a school zone,2-way undivided,-33.796192,151.286659,Northern Beaches,Sydney metro. area,Syd-Newc-Woll Gtr conurbation,Straight,,,,Unknown / not stated,Sealed,Dry,Fine,Daylight,Nil,No traffic controls,30 km/h,Local,63,Vehicle door,604,On path - Vehicle door,,Other angle,Car (sedan/hatch),Car (sedan/hatch),2,0,0,0,0,7,July,Winter,Friday,14:00 - 15:59,Midday / afternoon,False,False,False,False
1357085,Non-casualty (towaway),Non-casualty (towaway),2024,2024,June,Tuesday,06:00 - 07:59,WESTERN,EXP,100,East,WALLGROVE ROAD,OP,EASTERN CREEK,6004.0,No,Not a school zone,Dual freeway,-33.797952,150.854332,Blacktown,Sydney metro. area,Syd-Newc-Woll Gtr conurbation,Straight,,,,Off,Sealed,Dry,Fine,Daylight,Nil,No traffic controls,100 km/h,State,30,Rear end,301,Same - Rear end,,Rear end,Car (sedan/hatch),4 wheel drive / SUV,3,0,0,0,0,6,June,Winter,Tuesday,06:00 - 07:59,AM peak / school commute,True,False,False,False
1357088,Non-casualty (towaway),Non-casualty (towaway),2024,2024,July,Friday,10:00 - 11:59,JACQUES,AVE,0,Right on the spot,TRAFALGAR,ST,PEAKHURST,,No,Not a school zone,T-junction,-33.959343,151.053824,Georges River,Sydney metro. area,Syd-Newc-Woll Gtr conurbation,Straight,,,,Unknown / not stated,Sealed,Dry,Overcast,Daylight,Nil,No traffic controls,50 km/h,Local,10,Cross traffic,101,Adj - Cross traffic,,Right angle,Car (sedan/hatch),Light truck utility(from 2018),2,0,0,0,0,7,July,Winter,Friday,10:00 - 11:59,Midday / afternoon,False,False,False,False
1357094,Non-casualty (towaway),Non-casualty (towaway),2024,2024,February,Saturday,10:00 - 11:59,BURRAGORANG,RD,714,West,DAIRY,RD,OAKDALE,,No,Not a school zone,2-way undivided,-34.075647,150.534805,Wollondilly,Country urban,Syd-Newc-Woll Gtr conurbation,Curved,Painted double centre lines,,,Unknown / not stated,Sealed,Dry,Fine,Daylight,Nil,No traffic controls,80 km/h,Local,85,Off rt/lft bnd=>obj,804,Off left bend into obj,Right,Vehicle - Object,Car (sedan/hatch),,1,0,0,0,0,2,February,Summer,Saturday,10:00 - 11:59,Midday / afternoon,False,False,False,False
1357095,Non-casualty (towaway),Non-casualty (towaway),2024,2024,July,Thursday,08:00 - 09:59,MONARO,HWY,0,Right on the spot,MACLAUGHLIN RIVER,BDGE,NIMMITABEL,19.0,No,Not a school zone,2-way undivided,-36.555611,149.297745,Snowy Monaro Regional,Country non-urban,Rest of NSW - Rural,Straight,Other bridge,,,Unknown / not stated,Sealed,Snow or ice,Fine,Daylight,Nil,No traffic controls,100 km/h,State,71,Off rd left => obj,703,Left off cway into object,,Vehicle - Object,Light truck utility(from 2018),,1,0,0,0,0,7,July,Winter,Thursday,08:00 - 09:59,AM peak / school commute,True,False,False,False
1357098,Non-casualty (towaway),Non-casualty (towaway),2024,2024,June,Wednesday,06:00 - 07:59,DARBYS FALLS,RD,200,East,TARRANTS GAP,RD,WYANGALA,576.0,No,Not a school zone,2-way undivided,-33.990367,148.927056,Hilltops,Country non-urban,Rest of NSW - Rural,Curved,Embankment/cutting,,,Unknown / not stated,Sealed,Dry,Fine,Unknown,Nil,No traffic controls,100 km/h,Regional,86,Off left/left bend,802,Off cway left bend,Left,Rollover,Light truck utility(from 2018),,1,0,0,0,0,6,June,Winter,Wednesday,06:00 - 07:59,AM peak / school commute,True,False,False,False