crash_id,degree_of_crash,degree_of_crash_-_detailed,reporting_year,year_of_crash,month_of_crash,day_of_week_of_crash,two-hour_intervals,street_of_crash,street_type,distance,direction,identifying_feature,identifying_feature_type,town,route_no.,school_zone_location,school_zone_active,type_of_location,latitude,longitude,lga,urbanisation,conurbation_1,alignment,primary_permanent_feature,primary_temporary_feature,primary_hazardous_feature,street_lighting,road_surface,surface_condition,weather,natural_lighting,signals_operation,other_traffic_control,speed_limit,road_classification_(admin),rum_-_code,rum_-_description,dca_-_code,dca_-_description,dca_supplement,first_impact_type,key_tu_type,other_tu_type,no._of_traffic_units_involved,no._killed,no._seriously_injured,no._moderately_injured,no._minor-other_injured,month_num,month_label,season,day_label,time_label,time_band,is_peak_commute,is_fatal,is_injury,is_casualty
1357100,Non-casualty (towaway),Non-casualty (towaway),2024,2024,July,Sunday,16:00 - 17:59,NEW ENGLAND,HWY,165,West,ANDERSON,DR,BERESFIELD,9.0,No,Not a school zone,Divided road,-32.795847,151.637367,Newcastle,Newcastle met. area,Syd-Newc-Woll Gtr conurbation,Straight,,,,Unknown / not stated,Sealed,Dry,Fine,Daylight,Nil,No traffic controls,90 km/h,State,30,Rear end,301,Same - Rear end,,Rear end,4 wheel drive / SUV,Car (sedan/hatch),3,0,0,0,0,7,July,Winter,Sunday,16:00 - 17:59,PM peak / evening commute,True,False,False,False
1357102,Non-casualty (towaway),Non-casualty (towaway),2024,2024,July,Wednesday,22:00 - Midnight,PYRMONT BRIDGE,RD,0,Right on the spot,BANK,ST,PYRMONT,523.0,No,Not a school zone,T-junction,-33.872412,151.193761,Sydney,Sydney metro. area,Syd-Newc-Woll Gtr conurbation,Straight,Underpass/tunnel,,,Unknown / not stated,Sealed,Dry,Fine,Darkness,On,Give way sign,50 km/h,State,10,Cross traffic,101,Adj - Cross traffic,,Right angle,4 wheel drive / SUV,Car (sedan/hatch),2,0,0,0,0,7,July,Winter,Wednesday,22:00 - Midnight,Evening / night,False,False,False,False
1357103,Non-casualty (towaway),Non-casualty (towaway),2024,2024,June,Monday,16:00 - 17:59,MITCHELL,HWY,100,East,TELOPEA,WAY,ORANGE,7.0,No,Not a school zone,2-way undivided,-33.255155,149.102561,Orange,Country urban,Rest of NSW - Urban,Straight,,,,Unknown / not stated,Sealed,Dry,Unknown,Daylight,Nil,No traffic controls,70 km/h,State,30,Rear end,301,Same - Rear end,,Rear end,4 wheel drive / SUV,4 wheel drive / SUV,3,0,0,0,0,6,June,Winter,Monday,16:00 - 17:59,PM peak / evening commute,True,False,False,False
1357106,Non-casualty (towaway),Non-casualty (towaway),2024,2024,March,Tuesday,16:00 - 17:59,WYONG,RD,50,East,TONKISS,ST,TUGGERAH,335.0,No,Not a school zone,Divided road,-33.306129,151.40986,Central Coast,Country urban,Syd-Newc-Woll Gtr conurbation,Straight,,,,Unknown / not stated,Sealed,Dry,Fine,Dusk,Nil,No traffic controls,70 km/h,State,30,Rear end,301,Same - Rear end,,Rear end,Car (sedan/hatch),4 wheel drive / SUV,2,0,0,0,0,3,March,Autumn,Tuesday,16:00 - 17:59,PM peak / evening commute,True,False,False,False
1357109,Non-casualty (towaway),Non-casualty (towaway),2024,2024,July,Friday,16:00 - 17:59,WESTERN,EXP,200,West,RESERVOIR ROAD,TO,EASTERN CREEK,6004.0,No,Not a school zone,Dual freeway,-33.801879,150.883066,Blacktown,Sydney metro. area,Syd-Newc-Woll Gtr conurbation,Straight,,,,Unknown / not stated,Sealed,Dry,Fine,Unknown,Nil,No traffic controls,100 km/h,State,39,Other same direction,300,Same - other,,Other angle,Car (sedan/hatch),4 wheel drive / SUV,3,0,0,0,0,7,July,Winter,Friday,16:00 - 17:59,PM peak / evening commute,True,False,False,False
1357110,Non-casualty (towaway),Non-casualty (towaway),2024,2024,July,Saturday,20:00 - 21:59,CAPTAIN COOK,DR,777,West,LINDUM,RD,KURNELL,7031.0,No,Not a school zone,2-way undivided,-34.026036,151.177931,Sutherland,Sydney metro. area,Syd-Newc-Woll Gtr conurbation,Curved,,,,Unknown / not stated,Sealed,Dry,Fine,Darkness,Nil,No traffic controls,80 km/h,Regional,83,Off rt/rt bnd=>obj,803,Off right bend into obj,Right,Vehicle - Object,Station wagon,,1,0,0,0,0,7,July,Winter,Saturday,20:00 - 21:59,Evening / night,False,False,False,False
1357112,Non-casualty (towaway),Non-casualty (towaway),2024,2024,July,Thursday,08:00 - 09:59,NEWELL,HWY,0,Right on the spot,SHERRIFF,ST,FORBES,17.0,No,Not a school zone,T-junction,-33.380917,148.011037,Forbes,Country urban,Rest of NSW - Urban,Straight,,,,Unknown / not stated,Sealed,Dry,Fine,Daylight,On,No traffic controls,50 km/h,State,21,Right through,202,Opp - Right-thru,,Other angle,Station wagon,Light truck utility(from 2018),2,0,0,0,0,7,July,Winter,Thursday,08:00 - 09:59,AM peak / school commute,True,False,False,False
1357117,Non-casualty (towaway),Non-casualty (towaway),2024,2024,June,Thursday,06:00 - 07:59,CAMPBELLTOWN,RD,0,Right on the spot,ROSE PAYTEN,DR,WOODBINE,177.0,No,Not a school zone,T-junction,-34.04539,150.82931,Campbelltown,Sydney metro. area,Syd-Newc-Woll Gtr conurbation,Straight,,,,Unknown / not stated,Sealed,Dry,Fine,Daylight,On,No traffic controls,60 km/h,State,81,Off left/rt bnd=>obj,707,Right turn,Left,Vehicle - Object,Car (sedan/hatch),,1,0,0,0,0,6,June,Winter,Thursday,06:00 - 07:59,AM peak / school commute,True,False,False,False
1357119,Non-casualty (towaway),Non-casualty (towaway),2024,2024,July,Thursday,08:00 - 09:59,CORMORANT,RD,50,East,SOUTHBANK,RD,KOORAGANG,108.0,No,Not a school zone,Divided road,-32.875924,151.735151,Newcastle,Newcastle met. area,Syd-Newc-Woll Gtr conurbation,Curved,,,,Unknown / not stated,Sealed,Dry,Fine,Daylight,Nil,No traffic controls,80 km/h,State,81,Off left/rt bnd=>obj,803,Off right bend into obj,Left,Vehicle - Object,Car (sedan/hatch),,1,0,0,0,0,7,July,Winter,Thursday,08:00 - 09:59,AM peak / school commute,True,False,False,False
1357123,Non-casualty (towaway),Non-casualty (towaway),2024,2024,June,Sunday,00:01 - 01:59,PACIFIC,HWY,400,South,PACIFIC,HWY,CALGA,10.0,No,Not a school zone,2-way undivided,-33.432821,151.232877,Central Coast,Country urban,Syd-Newc-Woll Gtr conurbation,Curved,Painted double centre lines,,,Unknown / not stated,Sealed,Wet,Fine,Darkness,Nil,No traffic controls,60 km/h,State,30,Rear end,301,Same - Rear end,,Rear end,4 wheel drive / SUV,Car (sedan/hatch),3,0,0,0,0,6,June,Winter,Sunday,00:01 - 01:59,Late night / early morning,False,False,False,False
1357124,Non-casualty (towaway),Non-casualty (towaway),2024,2024,July,Wednesday,14:00 - 15:59,ROOTY HILL,RD,100,South,EVANS,RD,ROOTY HILL,537.0,No,Not a school zone,2-way undivided,-33.780765,150.850952,Blacktown,Sydney metro. area,Syd-Newc-Woll Gtr conurbation,Curved,Painted double centre lines,,,Unknown / not stated,Sealed,Dry,Fine,Daylight,Nil,No traffic controls,60 km/h,State,20,Head on,201,Opp - Head on,,Head-on,Passenger van,4 wheel drive / SUV,2,0,0,0,0,7,July,Winter,Wednesday,14:00 - 15:59,Midday / afternoon,False,False,False,False
1357129,Non-casualty (towaway),Non-casualty (towaway),2024,2024,July,Friday,12:00 - 13:59,BOLD,ST,0,Right on the spot,NUMBER 75,HN,LAURIETON,,No,Not a school zone,2-way undivided,-31.649123,152.796714,Port Macquarie-Hastings,Country urban,Rest of NSW - Urban,Straight,,,,Unknown / not stated,Sealed,Dry,Fine,Daylight,Nil,No traffic controls,50 km/h,Local,49,Other manoeuvring,400,Manov - other,,Other angle,Car (sedan/hatch),,1,0,0,0,0,7,July,Winter,Friday,12:00 - 13:59,Midday / afternoon,False,False,False,False
1357130,Non-casualty (towaway),Non-casualty (towaway),2024,2024,July,Friday,12:00 - 13:59,PENSHURST,ST,0,Right on the spot,NUMBER 464,HN,ROSEVILLE,641.0,No,Not a school zone,2-way undivided,-33.784948,151.192172,Willoughby,Sydney metro. area,Syd-Newc-Woll Gtr conurbation,Straight,,,,Unknown / not stated,Sealed,Dry,Fine,Daylight,Nil,No traffic controls,60 km/h,State,30,Rear end,301,Same - Rear end,,Rear end,Light truck utility(from 2018),Car (sedan/hatch),3,0,0,0,0,7,July,Winter,Friday,12:00 - 13:59,Midday / afternoon,False,False,False,False
1357135,Non-casualty (towaway),Non-casualty (towaway),2024,2024,July,Sunday,14:00 - 15:59,PACIFIC,HWY,0,Right on the spot,PEATS RIDGE,RD,CALGA,10.0,No,Not a school zone,T-junction,-33.42994,151.230635,Central Coast,Country urban,Syd-Newc-Woll Gtr conurbation,Straight,,,,Unknown / not stated,Sealed,Dry,Fine,Daylight,Nil,No traffic controls,60 km/h,State,21,Right through,202,Opp - Right-thru,,Other angle,Motorcycle,Light truck utility(from 2018),2,0,0,0,0,7,July,Winter,Sunday,14:00 - 15:59,Midday / afternoon,False,False,False,False
1357139,Non-casualty (towaway),Non-casualty (towaway),2024,2024,July,Sunday,18:00 - 19:59,BURWOOD,RD,0,Right on the spot,LAKEMBA,ST,BELMORE,7047.0,No,Not a school zone,X-intersection,-33.913916,151.086258,Canterbury-Bankstown,Sydney metro. area,Syd-Newc-Woll Gtr conurbation,Straight,,,,Unknown / not stated,Sealed,Wet,Overcast,Darkness,On,No traffic controls,50 km/h,Regional,21,Right through,202,Opp - Right-thru,,Other angle,Car (sedan/hatch),Car (sedan/hatch),2,0,0,0,0,7,July,Winter,Sunday,18:00 - 19:59,PM peak / evening commute,True,False,False,False
1357142,Non-casualty (towaway),Non-casualty (towaway),2024,2024,July,Friday,16:00 - 17:59,APPIN,RD,130,North,FIRETRAIL NO 7G,MEWS,CATARACT,177.0,No,Not a school zone,2-way undivided,-34.281326,150.896073,Wollongong,Wollongong met. area,Syd-Newc-Woll Gtr conurbation,Straight,,,,Unknown / not stated,Sealed,Dry,Fine,Daylight,Nil,No traffic controls,90 km/h,State,39,Other same direction,300,Same - other,,Other angle,Light truck utility(from 2018),Car (sedan/hatch),2,0,0,0,0,7,July,Winter,Friday,16:00 - 17:59,PM peak / evening commute,True,False,False,False
1357145,Non-casualty (towaway),Non-casualty (towaway),2024,2024,July,Saturday,16:00 - 17:59,OXLEY,HWY,300,North,LAKE,RD,PORT MACQUARIE,11.0,No,Not a school zone,Divided road,-31.443853,152.880598,Port Macquarie-Hastings,Country urban,Rest of NSW - Urban,Straight,Steep grade,,,Unknown / not stated,Sealed,Dry,Fine,Daylight,Nil,No traffic controls,70 km/h,State,71,Off rd left => obj,703,Left off cway into object,,Vehicle - Object,Car (sedan/hatch),,1,0,0,0,0,7,July,Winter,Saturday,16:00 - 17:59,PM peak / evening commute,True,False,False,False
1357148,Non-casualty (towaway),Non-casualty (towaway),2024,2024,July,Wednesday,06:00 - 07:59,ALPINE,WAY,0,Right on the spot,POST OFFICE,LANE,CRACKENBACK,677.0,No,Not a school zone,T-junction,-36.450974,148.493836,Snowy Monaro Regional,Country non-urban,Rest of NSW - Rural,Straight,Steep grade,,,Unknown / not stated,Sealed,Wet,Raining,Daylight,Nil,No traffic controls,100 km/h,State,30,Rear end,301,Same - Rear end,,Rear end,4 wheel drive / SUV,Light truck utility(from 2018),2,0,0,0,0,7,July,Winter,Wednesday,06:00 - 07:59,AM peak / school commute,True,False,False,False
1357149,Non-casualty (towaway),Non-casualty (towaway),2024,2024,July,Friday,08:00 - 09:59,OCEAN,ST,0,Right on the spot,TRELAWNEY,ST,WOOLLAHRA,7330.0,No,Not a school zone,X-intersection,-33.883964,151.238871,Woollahra,Sydney metro. area,Syd-Newc-Woll Gtr conurbation,Straight,,,,Unknown / not stated,Sealed,Dry,Fine,Daylight,On,No traffic controls,50 km/h,Regional,39,Other same direction,300,Same - other,,Other angle,Light truck utility(from 2018),Car (sedan/hatch),2,0,0,0,0,7,July,Winter,Friday,08:00 - 09:59,AM peak / school commute,True,False,False,False
1357150,Non-casualty (towaway),Non-casualty (towaway),2024,2024,July,Sunday,18:00 - 19:59,LUXFORD,RD,50,West,CARLISLE,AVE,BIDWILL,7161.0,No,Not a school zone,Divided road,-33.729041,150.822158,Blacktown,Sydney metro. area,Syd-Newc-Woll Gtr conurbation,Straight,,,,Unknown / not stated,Sealed,Dry,Fine,Darkness,Nil,No traffic controls,60 km/h,Regional,30,Rear end,301,Same - Rear end,,Rear end,Car (sedan/hatch),Car (sedan/hatch),2,0,0,0,0,7,July,Winter,Sunday,18:00 - 19:59,PM peak / evening commute,True,False,False,False
1357151,Non-casualty (towaway),Non-casualty (towaway),2024,2024,July,Tuesday,02:00 - 03:59,HOXTON PARK,RD,0,Right on the spot,JOADJA,RD,CARTWRIGHT,681.0,No,Not a school zone,T-junction,-33.927662,150.873977,Liverpool,Sydney metro. area,Syd-Newc-Woll Gtr conurbation,Curved,Bus/transit lane,,,Unknown / not stated,Sealed,Dry,Fine,Darkness,On,No traffic controls,70 km/h,State,19,Other adjacent,100,Adj - other,,Right angle,Unknown motor vehicle,Station wagon,2,0,0,0,0,7,July,Winter,Tuesday,02:00 - 03:59,Late night / early morning,False,False,False,False
1357154,Non-casualty (towaway),Non-casualty (towaway),2024,2024,July,Saturday,12:00 - 13:59,NEWCASTLE,RD,0,Right on the spot,NEWCASTLE INNER CITY,BYPA,JESMOND,82.0,No,Not a school zone,Roundabout,-32.906007,151.692942,Newcastle,Newcastle met. area,Syd-Newc-Woll Gtr conurbation,Straight,,,,Unknown / not stated,Sealed,Dry,Fine,Daylight,Nil,Give way sign,40 km/h,State,31,Left rear,302,Same - Rear left,,Rear end,Car (sedan/hatch),4 wheel drive / SUV,2,0,0,0,0,7,July,Winter,Saturday,12:00 - 13:59,Midday / afternoon,False,False,False,False
1357156,Non-casualty (towaway),Non-casualty (towaway),2024,2024,July,Friday,10:00 - 11:59,DOONSIDE,RD,0,Right on the spot,STEELTRAP,DR,BUNGARRIBEE,7153.0,No,Not a school zone,X-intersection,-33.779904,150.873073,Blacktown,Sydney metro. area,Syd-Newc-Woll Gtr conurbation,Straight,,,,Unknown / not stated,Sealed,Wet,Raining,Daylight,On,No traffic controls,70 km/h,Regional,30,Rear end,301,Same - Rear end,,Rear end,Large rigid,Car (sedan/hatch),2,0,0,0,0,7,July,Winter,Friday,10:00 - 11:59,Midday / afternoon,False,False,False,False
1357157,Non-casualty (towaway),Non-casualty (towaway),2024,2024,July,Monday,12:00 - 13:59,GROVE,ST,0,Right on the spot,MEADOW,ST,KOORINGAL,,No,Not a school zone,X-intersection,-35.139454,147.374115,Wagga Wagga,Country urban,Rest of NSW - Urban,Straight,,,,Unknown / not stated,Sealed,Dry,Fine,Daylight,Nil,Give way sign,50 km/h,Local,10,Cross traffic,101,Adj - Cross traffic,,Right angle,Light truck,Car (sedan/hatch),3,0,0,0,0,7,July,Winter,Monday,12:00 - 13:59,Midday / afternoon,False,False,False,False
1357161,Non-casualty (towaway),Non-casualty (towaway),2024,2024,July,Friday,08:00 - 09:59,RUSHFORTH,RD,0,Right on the spot,VERE,ST,SOUTH GRAFTON,,No,Not a school zone,X-intersection,-29.706886,152.932223,Clarence Valley,Country urban,Rest of NSW - Urban,Straight,,,,Nil,Sealed,Dry,Fine,Daylight,Nil,Give way sign,50 km/h,Local,10,Cross traffic,101,Adj - Cross traffic,,Right angle,Light truck utility(from 2018),4 wheel drive / SUV,2,0,0,0,0,7,July,Winter,Friday,08:00 - 09:59,AM peak / school commute,True,False,False,False
1357168,Non-casualty (towaway),Non-casualty (towaway),2024,2024,July,Saturday,12:00 - 13:59,LEICESTER,AVE,50,South,GREAT WESTERN,HWY,STRATHFIELD,668.0,No,Not a school zone,2-way undivided,-33.866972,151.093432,Canada Bay,Sydney metro. area,Syd-Newc-Woll Gtr conurbation,Straight,,,,Nil,Sealed,Dry,Fine,Daylight,Nil,No traffic controls,60 km/h,State,34,Lane change right,306,Same - Lane change right,,Other angle,Car (sedan/hatch),Light truck utility(from 2018),2,0,0,0,0,7,July,Winter,Saturday,12:00 - 13:59,Midday / afternoon,False,False,False,False
1357172,Non-casualty (towaway),Non-casualty (towaway),2024,2024,July,Friday,14:00 - 15:59,FOWLER,RD,50,South,PRICE,ST,MERRYLANDS,7252.0,No,Not a school zone,2-way undivided,-33.83725,150.976237,Cumberland,Sydney metro. area,Syd-Newc-Woll Gtr conurbation,Straight,,,,Off,Sealed,Wet,Raining,Daylight,Nil,No traffic controls,50 km/h,Regional,71,Off rd left => obj,703,Left off cway into object,,Other angle,Car (sedan/hatch),Car (sedan/hatch),2,0,0,0,0,7,July,Winter,Friday,14:00 - 15:59,Midday / afternoon,False,False,False,False
1357186,Non-casualty (towaway),Non-casualty (towaway),2024,2024,June,Tuesday,08:00 - 09:59,LANE COVE TUNNEL,MS,150,East,TUNNEL,ENT,LANE COVE NORTH,6002.0,No,Not a school zone,Dual freeway,-33.802754,151.146321,Willoughby,Sydney metro. area,Syd-Newc-Woll Gtr conurbation,Straight,Underpass/tunnel,,,Nil,Sealed,Dry,Fine,Daylight,Nil,No traffic controls,80 km/h,State,66,Object on road,607,On path - Hit temp object,,Vehicle - Object,Car (sedan/hatch),,1,0,0,0,0,6,June,Winter,Tuesday,08:00 - 09:59,AM peak / school commute,True,False,False,False
1357190,Non-casualty (towaway),Non-casualty (towaway),2024,2024,July,Thursday,04:00 - 05:59,KAMILAROI,HWY,500,North,PANDORA,LANE,NARRABRI,29.0,No,Not a school zone,2-way undivided,-30.413075,149.837615,Narrabri,Country non-urban,Rest of NSW - Rural,Straight,,,,Nil,Sealed,Dry,Fog or mist,Darkness,Nil,No traffic controls,100 km/h,State,72,Off road to right,702,Off carriageway to right,,Rollover,Semi-trailer,,1,0,0,0,0,7,July,Winter,Thursday,04:00 - 05:59,Late night / early morning,False,False,False,False
1357194,Non-casualty (towaway),Non-casualty (towaway),2024,2024,May,Wednesday,08:00 - 09:59,BERESFORD,RD,0,Right on the spot,NUMBER 25,HN,STRATHFIELD,2057.0,No,Not a school zone,2-way undivided,-33.870811,151.086946,Strathfield,Sydney metro. area,Syd-Newc-Woll Gtr conurbation,Straight,,,,On,Sealed,Dry,Fine,Daylight,Nil,No traffic controls,50 km/h,Regional,73,Off rd rght => obj,704,Right off cway into obj,,Other angle,Car (sedan/hatch),Car (sedan/hatch),2,0,0,0,0,5,May,Autumn,Wednesday,08:00 - 09:59,AM peak / school commute,True,False,False,False
1357202,Non-casualty (towaway),Non-casualty (towaway),2024,2024,July,Tuesday,18:00 - 19:59,OLD HUME,HWY,500,West,CENTENNIAL,RD,BOWRAL,,No,Not a school zone,Divided road,-34.459132,150.379117,Wingecarribee,Country non-urban,Rest of NSW - Rural,Straight,,,,Nil,Sealed,Wet,Overcast,Darkness,Nil,No traffic controls,100 km/h,Local,70,Off road to left,701,Off carriageway to left,,Rollover,Utility,,1,0,0,0,0,7,July,Winter,Tuesday,18:00 - 19:59,PM peak / evening commute,True,False,False,False
1357220,Non-casualty (towaway),Non-casualty (towaway),2024,2024,July,Sunday,18:00 - 19:59,CORNELIA,RD,100,North,LUCRETIA,RD,TOONGABBIE,,No,Not a school zone,2-way undivided,-33.791403,150.936783,Blacktown,Sydney metro. area,Syd-Newc-Woll Gtr conurbation,Straight,,,,Nil,Sealed,Dry,Fine,Dusk,Nil,No traffic controls,50 km/h,Local,71,Off rd left => obj,703,Left off cway into object,,Other angle,Car (sedan/hatch),Station wagon,2,0,0,0,0,7,July,Winter,Sunday,18:00 - 19:59,PM peak / evening commute,True,False,False,False
1357227,Non-casualty (towaway),Non-casualty (towaway),2024,2024,June,Thursday,16:00 - 17:59,HEFFRON,RD,100,West,BUNNERONG,RD,PAGEWOOD,7044.0,No,Not a school zone,Divided road,-33.939939,151.227265,Bayside,Sydney metro. area,Syd-Newc-Woll Gtr conurbation,Straight,Climb/merge lane,,,On,Sealed,Wet,Raining,Dusk,Nil,No traffic controls,50 km/h,Regional,34,Lane change right,306,Same - Lane change right,,Other angle,Car (sedan/hatch),Car (sedan/hatch),2,0,0,0,0,6,June,Winter,Thursday,16:00 - 17:59,PM peak / evening commute,True,False,False,False
1357237,Non-casualty (towaway),Non-casualty (towaway),2024,2024,June,Sunday,04:00 - 05:59,LAWRENCE HARGRAVE,DR,20,North,KENNEDY,RD,AUSTINMER,185.0,No,Not a school zone,2-way undivided,-34.308887,150.932819,Wollongong,Wollongong met. area,Syd-Newc-Woll Gtr conurbation,Straight,,,,On,Sealed,Dry,Fine,Darkness,Nil,No traffic controls,50 km/h,State,71,Off rd left => obj,703,Left off cway into object,,Other angle,4 wheel drive / SUV,4 wheel drive / SUV,2,0,0,0,0,6,June,Winter,Sunday,04:00 - 05:59,Late night / early morning,False,False,False,False
1357238,Non-casualty (towaway),Non-casualty (towaway),2024,2024,July,Friday,12:00 - 13:59,TODMAN,AVE,40,East,SOUTH DOWLING,ST,KENSINGTON,7331.0,No,Not a school zone,Divided road,-33.904008,151.214742,Randwick,Sydney metro. area,Syd-Newc-Woll Gtr conurbation,Straight,,,,Off,Sealed,Dry,Fine,Daylight,Nil,No traffic controls,50 km/h,Regional,30,Rear end,301,Same - Rear end,,Rear end,4 wheel drive / SUV,4 wheel drive / SUV,2,0,0,0,0,7,July,Winter,Friday,12:00 - 13:59,Midday / afternoon,False,False,False,False
1357256,Non-casualty (towaway),Non-casualty (towaway),2024,2024,June,Friday,04:00 - 05:59,HILLIGER,RD,0,Right on the spot,NUMBER 79,HN,SOUTH PENRITH,,No,Not a school zone,2-way undivided,-33.774233,150.710835,Penrith,Sydney metro. area,Syd-Newc-Woll Gtr conurbation,Curved,,,,On,Sealed,Dry,Fine,Darkness,Nil,No traffic controls,50 km/h,Local,85,Off rt/lft bnd=>obj,804,Off left bend into obj,Right,Other angle,4 wheel drive / SUV,Car (sedan/hatch),3,0,0,0,0,6,June,Winter,Friday,04:00 - 05:59,Late night / early morning,False,False,False,False
1357259,Non-casualty (towaway),Non-casualty (towaway),2024,2024,July,Wednesday,06:00 - 07:59,COOPER,RD,0,Right on the spot,NUMBER 146,HN,YAGOONA,,No,Not a school zone,2-way undivided,-33.899893,151.025452,Canterbury-Bankstown,Sydney metro. area,Syd-Newc-Woll Gtr conurbation,Straight,Painted double centre lines,,,Off,Sealed,Dry,Fine,Daylight,Nil,No traffic controls,50 km/h,Local,41,U turn into object,409,Manov - U-turn into fixed obje,,Vehicle - Object,4 wheel drive / SUV,,1,0,0,0,0,7,July,Winter,Wednesday,06:00 - 07:59,AM peak / school commute,True,False,False,False
1357281,Non-casualty (towaway),Non-casualty (towaway),2024,2024,March,Tuesday,18:00 - 19:59,HUME,HWY,0,Right on the spot,MURRAY RIVER,BDGE,SOUTH ALBURY,2.0,No,Not a school zone,Divided road,-36.100413,146.909681,Albury,Country non-urban,Rest of NSW - Rural,Curved,Other bridge,,,Off,Sealed,Wet,Raining,Dusk,Nil,No traffic controls,110 km/h,State,87,Off lft/lft bnd=>obj,804,Off left bend into obj,Left,Vehicle - Object,Car (sedan/hatch),,1,0,0,0,0,3,March,Autumn,Tuesday,18:00 - 19:59,PM peak / evening commute,True,False,False,False
1357286,Non-casualty (towaway),Non-casualty (towaway),2024,2024,April,Sunday,04:00 - 05:59,NEW ENGLAND,HWY,1000,North,GRAHAMS VALLEY,RD,STONEHENGE,9.0,No,Not a school zone,2-way undivided,-29.853081,151.737066,Glen Innes Severn,Country non-urban,Rest of NSW - Rural,Curved,Embankment/cutting,,,On,Sealed,Dry,Overcast,Dawn,Nil,No traffic controls,100 km/h,State,85,Off rt/lft bnd=>obj,804,Off left bend into obj,Right,Vehicle - Object,Light truck utility(from 2018),,1,0,0,0,0,4,April,Autumn,Sunday,04:00 - 05:59,Late night / early morning,False,False,False,False
1357300,Non-casualty (towaway),Non-casualty (towaway),2024,2024,June,Sunday,10:00 - 11:59,PACIFIC,HWY,0,Right on the spot,ROMSEY,ST,WAITARA,10.0,Yes,No,X-intersection,-33.710416,151.102859,Hornsby,Sydney metro. area,Syd-Newc-Woll Gtr conurbation,Straight,,,,Off,Sealed,Wet,Raining,Daylight,On,No traffic controls,60 km/h,State,30,Rear end,301,Same - Rear end,,Rear end,Car (sedan/hatch),Car (sedan/hatch),2,0,0,0,0,6,June,Winter,Sunday,10:00 - 11:59,Midday / afternoon,False,False,False,False
1357301,Non-casualty (towaway),Non-casualty (towaway),2024,2024,July,Saturday,16:00 - 17:59,CARAVEL,ST,0,Right on the spot,PITT,ST,TERALBA,,No,Not a school zone,T-junction,-32.969774,151.599659,Lake Macquarie,Newcastle met. area,Syd-Newc-Woll Gtr conurbation,Curved,,,,Off,Sealed,Dry,Fine,Dusk,Nil,No traffic controls,50 km/h,Local,81,Off left/rt bnd=>obj,803,Off right bend into obj,Left,Other angle,Car (sedan/hatch),Car (sedan/hatch),2,0,0,0,0,7,July,Winter,Saturday,16:00 - 17:59,PM peak / evening commute,True,False,False,False
1357307,Non-casualty (towaway),Non-casualty (towaway),2024,2024,April,Friday,04:00 - 05:59,BRUXNER PARK,RD,3000,West,SEALY LOOKOUT,DR,KORORA,,No,Not a school zone,2-way undivided,-30.254748,153.111203,Coffs Harbour,Country urban,Rest of NSW - Urban,Curved,Steep grade,,,Nil,Sealed,Dry,Fine,Dawn,Nil,No traffic controls,50 km/h,Local,81,Off left/rt bnd=>obj,803,Off right bend into obj,Left,Vehicle - Object,Car (sedan/hatch),,1,0,0,0,0,4,April,Autumn,Friday,04:00 - 05:59,Late night / early morning,False,False,False,False
1357309,Non-casualty (towaway),Non-casualty (towaway),2024,2024,July,Tuesday,18:00 - 19:59,ADELAIDE,AVE,0,Right on the spot,PERTH,ST,UMINA BEACH,,No,Not a school zone,X-intersection,-33.522358,151.311828,Central Coast,Country urban,Syd-Newc-Woll Gtr conurbation,Straight,,,,On,Sealed,Wet,Raining,Darkness,Nil,Give way sign,50 km/h,Local,10,Cross traffic,101,Adj - Cross traffic,,Right angle,Car (sedan/hatch),Car (sedan/hatch),2,0,0,0,0,7,July,Winter,Tuesday,18:00 - 19:59,PM peak / evening commute,True,False,False,False
1357329,Non-casualty (towaway),Non-casualty (towaway),2024,2024,July,Tuesday,20:00 - 21:59,RAILWAY,TCE,130,South,NEIL STREET,OP,MERRYLANDS,,No,Not a school zone,2-way undivided,-33.835621,150.994186,Cumberland,Sydney metro. area,Syd-Newc-Woll Gtr conurbation,Straight,,,,On,Sealed,Dry,Fine,Darkness,Nil,No traffic controls,50 km/h,Local,71,Off rd left => obj,703,Left off cway into object,,Other angle,Car (sedan/hatch),Light truck utility(from 2018),2,0,0,0,0,7,July,Winter,Tuesday,20:00 - 21:59,Evening / night,False,False,False,False
1357336,Non-casualty (towaway),Non-casualty (towaway),2024,2024,June,Friday,22:00 - Midnight,BALI,DR,0,Right on the spot,WALKER,ST,QUAKERS HILL,,No,Not a school zone,T-junction,-33.717744,150.883242,Blacktown,Sydney metro. area,Syd-Newc-Woll Gtr conurbation,Straight,,,,On,Sealed,Dry,Fine,Darkness,Nil,No traffic controls,50 km/h,Local,10,Cross traffic,101,Adj - Cross traffic,,Right angle,4 wheel drive / SUV,Car (sedan/hatch),2,0,0,0,0,6,June,Winter,Friday,22:00 - Midnight,Evening / night,False,False,False,False