crash_id,degree_of_crash,degree_of_crash_-_detailed,reporting_year,year_of_crash,month_of_crash,day_of_week_of_crash,two-hour_intervals,street_of_crash,street_type,distance,direction,identifying_feature,identifying_feature_type,town,route_no.,school_zone_location,school_zone_active,type_of_location,latitude,longitude,lga,urbanisation,conurbation_1,alignment,primary_permanent_feature,primary_temporary_feature,primary_hazardous_feature,street_lighting,road_surface,surface_condition,weather,natural_lighting,signals_operation,other_traffic_control,speed_limit,road_classification_(admin),rum_-_code,rum_-_description,dca_-_code,dca_-_description,dca_supplement,first_impact_type,key_tu_type,other_tu_type,no._of_traffic_units_involved,no._killed,no._seriously_injured,no._moderately_injured,no._minor-other_injured,month_num,month_label,season,day_label,time_label,time_band,is_peak_commute,is_fatal,is_injury,is_casualty
1357347,Non-casualty (towaway),Non-casualty (towaway),2024,2024,June,Saturday,00:01 - 01:59,WEST DAPTO,RD,1200,South,DARKES,RD,KEMBLA GRANGE,,No,Not a school zone,2-way undivided,-34.480224,150.779604,Wollongong,Wollongong met. area,Syd-Newc-Woll Gtr conurbation,Curved,,,,Nil,Sealed,Wet,Fine,Darkness,Nil,No traffic controls,80 km/h,Local,88,Out of cont on bend,805,Out of control on bend,,Rollover,Light truck utility(from 2018),,1,0,0,0,0,6,June,Winter,Saturday,00:01 - 01:59,Late night / early morning,False,False,False,False
1357362,Non-casualty (towaway),Non-casualty (towaway),2024,2024,July,Friday,18:00 - 19:59,RIVERSIDE,DR,100,East,PEPPIN,CRES,AIRDS,,No,Not a school zone,2-way undivided,-34.080204,150.838161,Campbelltown,Sydney metro. area,Syd-Newc-Woll Gtr conurbation,Curved,,,,On,Sealed,Dry,Fine,Darkness,Nil,No traffic controls,50 km/h,Local,81,Off left/rt bnd=>obj,803,Off right bend into obj,Left,Other angle,Station wagon,Light truck utility(from 2018),2,0,0,0,0,7,July,Winter,Friday,18:00 - 19:59,PM peak / evening commute,True,False,False,False
1357363,Non-casualty (towaway),Non-casualty (towaway),2024,2024,May,Thursday,04:00 - 05:59,MEMORIAL,DR,25,North,PORTER,ST,NORTH WOLLONGONG,626.0,No,Not a school zone,Other,-34.41202,150.886473,Wollongong,Wollongong met. area,Syd-Newc-Woll Gtr conurbation,Curved,,,,On,Sealed,Dry,Fine,Darkness,Nil,No traffic controls,50 km/h,State,85,Off rt/lft bnd=>obj,804,Off left bend into obj,Right,Vehicle - Object,Motorcycle,,1,0,0,0,0,5,May,Autumn,Thursday,04:00 - 05:59,Late night / early morning,False,False,False,False
1357374,Non-casualty (towaway),Non-casualty (towaway),2024,2024,July,Wednesday,14:00 - 15:59,HOUSTON MITCHELL,DR,1000,West,OCEAN,DR,LAKE CATHIE,,No,Not a school zone,2-way undivided,-31.559523,152.821669,Port Macquarie-Hastings,Country urban,Rest of NSW - Urban,Straight,,Roadwks/Detour/Diverson,,Nil,Sealed,Dry,Fine,Daylight,Nil,No traffic controls,40 km/h,Local,30,Rear end,301,Same - Rear end,,Rear end,Light truck utility(from 2018),Light truck utility(from 2018),3,0,0,0,0,7,July,Winter,Wednesday,14:00 - 15:59,Midday / afternoon,False,False,False,False
1357391,Non-casualty (towaway),Non-casualty (towaway),2024,2024,March,Friday,00:01 - 01:59,ROSELLA,RD,0,Right on the spot,NUMBER 30,HN,GULMARRAD,,No,Not a school zone,2-way undivided,-29.493237,153.229252,Clarence Valley,Country urban,Rest of NSW - Urban,Straight,Ditch/drain/culvert,,Loose gravel shoulder,Nil,Sealed,Dry,Fine,Darkness,Nil,No traffic controls,50 km/h,Local,73,Off rd rght => obj,704,Right off cway into obj,,Vehicle - Object,4 wheel drive / SUV,,1,0,0,0,0,3,March,Autumn,Friday,00:01 - 01:59,Late night / early morning,False,False,False,False
1357393,Non-casualty (towaway),Non-casualty (towaway),2024,2024,April,Thursday,10:00 - 11:59,THE PARAPET,MS,0,Right on the spot,NUMBER 7,HN,CASTLECRAG,,No,Not a school zone,2-way undivided,-33.803003,151.21597,Willoughby,Sydney metro. area,Syd-Newc-Woll Gtr conurbation,Curved,,,,Off,Sealed,Dry,Fine,Daylight,Nil,No traffic controls,50 km/h,Local,87,Off lft/lft bnd=>obj,804,Off left bend into obj,Left,Other angle,Car (sedan/hatch),Car (sedan/hatch),2,0,0,0,0,4,April,Autumn,Thursday,10:00 - 11:59,Midday / afternoon,False,False,False,False
1357400,Non-casualty (towaway),Non-casualty (towaway),2024,2024,July,Sunday,18:00 - 19:59,PARKER,ST,0,Right on the spot,RICHMOND,RD,KINGSWOOD,154.0,No,Not a school zone,X-intersection,-33.747007,150.714452,Penrith,Sydney metro. area,Syd-Newc-Woll Gtr conurbation,Straight,,,,On,Sealed,Dry,Fine,Darkness,On,No traffic controls,70 km/h,State,21,Right through,202,Opp - Right-thru,,Other angle,Car (sedan/hatch),4 wheel drive / SUV,2,0,0,0,0,7,July,Winter,Sunday,18:00 - 19:59,PM peak / evening commute,True,False,False,False
1357408,Non-casualty (towaway),Non-casualty (towaway),2024,2024,July,Sunday,18:00 - 19:59,MURRAY,RD,0,Right on the spot,PIONEER,RD,EAST CORRIMAL,,Yes,No,Roundabout,-34.376038,150.908845,Wollongong,Wollongong met. area,Syd-Newc-Woll Gtr conurbation,Straight,,,,On,Sealed,Wet,Raining,Darkness,Nil,Give way sign,60 km/h,Local,10,Cross traffic,101,Adj - Cross traffic,,Right angle,4 wheel drive / SUV,4 wheel drive / SUV,2,0,0,0,0,7,July,Winter,Sunday,18:00 - 19:59,PM peak / evening commute,True,False,False,False
1357420,Non-casualty (towaway),Non-casualty (towaway),2024,2024,July,Saturday,04:00 - 05:59,PYRMONT BRIDGE,RD,20,East,CROSS,ST,FOREST LODGE,523.0,Yes,No,2-way undivided,-33.883385,151.180342,Sydney,Sydney metro. area,Syd-Newc-Woll Gtr conurbation,Straight,Pedestrian refuge,,,On,Sealed,Dry,Fine,Darkness,Nil,No traffic controls,40 km/h,State,73,Off rd rght => obj,704,Right off cway into obj,,Vehicle - Object,Car (sedan/hatch),,1,0,0,0,0,7,July,Winter,Saturday,04:00 - 05:59,Late night / early morning,False,False,False,False
1357424,Non-casualty (towaway),Non-casualty (towaway),2024,2024,July,Wednesday,22:00 - Midnight,CARLTON,CRES,0,Right on the spot,NUMBER 40,HN,SUMMER HILL,2028.0,No,Not a school zone,2-way undivided,-33.890975,151.140135,Inner West,Sydney metro. area,Syd-Newc-Woll Gtr conurbation,Straight,,,,Off,Sealed,Dry,Fine,Darkness,Nil,No traffic controls,50 km/h,Regional,73,Off rd rght => obj,704,Right off cway into obj,,Other angle,4 wheel drive / SUV,Car (sedan/hatch),2,0,0,0,0,7,July,Winter,Wednesday,22:00 - Midnight,Evening / night,False,False,False,False
1357434,Non-casualty (towaway),Non-casualty (towaway),2024,2024,June,Saturday,22:00 - Midnight,BIGGE,ST,0,Right on the spot,LACHLAN,ST,LIVERPOOL,,No,Not a school zone,Roundabout,-33.916042,150.928176,Liverpool,Sydney metro. area,Syd-Newc-Woll Gtr conurbation,Straight,,,,On,Sealed,Wet,Raining,Darkness,Nil,Give way sign,50 km/h,Local,30,Rear end,301,Same - Rear end,,Rear end,Car (sedan/hatch),Car (sedan/hatch),2,0,0,0,0,6,June,Winter,Saturday,22:00 - Midnight,Evening / night,False,False,False,False
1357439,Non-casualty (towaway),Non-casualty (towaway),2024,2024,April,Saturday,18:00 - 19:59,NEW BEACH,RD,50,North,LOFTUS,RD,DARLING POINT,,No,Not a school zone,2-way undivided,-33.874415,151.234061,Woollahra,Sydney metro. area,Syd-Newc-Woll Gtr conurbation,Straight,,,,On,Sealed,Dry,Fine,Darkness,Nil,No traffic controls,50 km/h,Local,71,Off rd left => obj,703,Left off cway into object,,Other angle,Car (sedan/hatch),4 wheel drive / SUV,3,0,0,0,0,4,April,Autumn,Saturday,18:00 - 19:59,PM peak / evening commute,True,False,False,False
1357458,Non-casualty (towaway),Non-casualty (towaway),2024,2024,July,Thursday,18:00 - 19:59,KIEWA,ST,0,Right on the spot,NORTH,ST,ALBURY,,No,Not a school zone,T-junction,-36.06717,146.918225,Albury,Country urban,Rest of NSW - Urban,Straight,Steep grade,,,Nil,Sealed,Dry,Fine,Darkness,Nil,No traffic controls,50 km/h,Local,75,Off end of road,709,Off end cway or T junct,,Vehicle - Object,4 wheel drive / SUV,,1,0,0,0,0,7,July,Winter,Thursday,18:00 - 19:59,PM peak / evening commute,True,False,False,False
1357462,Non-casualty (towaway),Non-casualty (towaway),2024,2024,April,Thursday,16:00 - 17:59,PRINCES,HWY,0,Right on the spot,HEATHCOTE,RD,HEATHCOTE,1.0,No,Not a school zone,X-intersection,-34.0795,151.010809,Sutherland,Sydney metro. area,Syd-Newc-Woll Gtr conurbation,Straight,,,,Nil,Sealed,Dry,Fine,Daylight,On,No traffic controls,70 km/h,State,30,Rear end,301,Same - Rear end,,Rear end,Light truck utility(from 2018),Car (sedan/hatch),3,0,0,0,0,4,April,Autumn,Thursday,16:00 - 17:59,PM peak / evening commute,True,False,False,False
1357464,Non-casualty (towaway),Non-casualty (towaway),2024,2024,July,Friday,22:00 - Midnight,CARTWRIGHT,AVE,0,Right on the spot,MILLER,RD,MILLER,,No,Not a school zone,T-junction,-33.915659,150.878277,Liverpool,Sydney metro. area,Syd-Newc-Woll Gtr conurbation,Straight,,,,On,Sealed,Dry,Fine,Darkness,Nil,No traffic controls,50 km/h,Local,71,Off rd left => obj,703,Left off cway into object,,Other angle,Car (sedan/hatch),Car (sedan/hatch),2,0,0,0,0,7,July,Winter,Friday,22:00 - Midnight,Evening / night,False,False,False,False
1357466,Non-casualty (towaway),Non-casualty (towaway),2024,2024,March,Sunday,20:00 - 21:59,EVELYN,ST,0,Right on the spot,NUMBER 69,HN,MACQUARIE FIELDS,,No,Not a school zone,2-way undivided,-34.001098,150.895206,Campbelltown,Sydney metro. area,Syd-Newc-Woll Gtr conurbation,Curved,,,,On,Sealed,Dry,Overcast,Darkness,Nil,No traffic controls,50 km/h,Local,81,Off left/rt bnd=>obj,803,Off right bend into obj,Left,Other angle,4 wheel drive / SUV,Car (sedan/hatch),2,0,0,0,0,3,March,Autumn,Sunday,20:00 - 21:59,Evening / night,False,False,False,False
1357476,Non-casualty (towaway),Non-casualty (towaway),2024,2024,July,Monday,02:00 - 03:59,CAWLEY,CCT,60,North,TUCKER,ST,ROPES CROSSING,,No,Not a school zone,2-way undivided,-33.72735,150.778034,Blacktown,Sydney metro. area,Syd-Newc-Woll Gtr conurbation,Curved,,,,Nil,Sealed,Dry,Fine,Darkness,Nil,No traffic controls,50 km/h,Local,81,Off left/rt bnd=>obj,803,Off right bend into obj,Left,Vehicle - Object,4 wheel drive / SUV,,1,0,0,0,0,7,July,Winter,Monday,02:00 - 03:59,Late night / early morning,False,False,False,False
1357486,Non-casualty (towaway),Non-casualty (towaway),2024,2024,June,Saturday,22:00 - Midnight,WAKEFIELD,RD,770,South,THE BROADWAY,MS,KILLINGWORTH,,No,Not a school zone,2-way undivided,-32.941446,151.574938,Lake Macquarie,Newcastle met. area,Syd-Newc-Woll Gtr conurbation,Curved,,,,Nil,Sealed,Wet,Raining,Darkness,Nil,No traffic controls,80 km/h,Local,81,Off left/rt bnd=>obj,803,Off right bend into obj,Left,Vehicle - Object,Car (sedan/hatch),,1,0,0,0,0,6,June,Winter,Saturday,22:00 - Midnight,Evening / night,False,False,False,False
1357512,Non-casualty (towaway),Non-casualty (towaway),2024,2024,June,Wednesday,12:00 - 13:59,RAILWAY,PDE,0,Right on the spot,FOREST,RD,HURSTVILLE,7006.0,No,Not a school zone,T-junction,-33.968712,151.104231,Georges River,Sydney metro. area,Syd-Newc-Woll Gtr conurbation,Straight,,,,Off,Sealed,Wet,Overcast,Daylight,On,No traffic controls,50 km/h,Regional,30,Rear end,301,Same - Rear end,,Rear end,4 wheel drive / SUV,Car (sedan/hatch),2,0,0,0,0,6,June,Winter,Wednesday,12:00 - 13:59,Midday / afternoon,False,False,False,False
1357520,Non-casualty (towaway),Non-casualty (towaway),2024,2024,June,Friday,22:00 - Midnight,CURTIS,ST,15,North,BOWMER,ST,BANKSIA,,No,Not a school zone,2-way undivided,-33.944849,151.138263,Bayside,Sydney metro. area,Syd-Newc-Woll Gtr conurbation,Straight,,,,Off,Sealed,Dry,Fine,Darkness,Nil,No traffic controls,50 km/h,Local,49,Other manoeuvring,400,Manov - other,,Other angle,Car (sedan/hatch),4 wheel drive / SUV,2,0,0,0,0,6,June,Winter,Friday,22:00 - Midnight,Evening / night,False,False,False,False
1357527,Non-casualty (towaway),Non-casualty (towaway),2024,2024,June,Tuesday,12:00 - 13:59,LEONAY,ST,10,West,JANNALI,AVE,SUTHERLAND,,No,Not a school zone,Roundabout,-34.026638,151.060215,Sutherland,Sydney metro. area,Syd-Newc-Woll Gtr conurbation,Straight,,,,Off,Sealed,Dry,Fine,Daylight,Nil,Give way sign,50 km/h,Local,87,Off lft/lft bnd=>obj,706,Left turn,Left,Other angle,Car (sedan/hatch),Car (sedan/hatch),3,0,0,0,0,6,June,Winter,Tuesday,12:00 - 13:59,Midday / afternoon,False,False,False,False
1357534,Non-casualty (towaway),Non-casualty (towaway),2024,2024,May,Friday,08:00 - 09:59,RICKARD,ST,40,South,BRIGHTON,ST,BALGOWLAH,,No,Not a school zone,2-way undivided,-33.792452,151.259659,Northern Beaches,Sydney metro. area,Syd-Newc-Woll Gtr conurbation,Straight,Steep grade,,,Off,Sealed,Dry,Fine,Daylight,Nil,No traffic controls,50 km/h,Local,73,Off rd rght => obj,704,Right off cway into obj,,Other angle,Large rigid,Car (sedan/hatch),2,0,0,0,0,5,May,Autumn,Friday,08:00 - 09:59,AM peak / school commute,True,False,False,False
1357559,Non-casualty (towaway),Non-casualty (towaway),2024,2024,July,Friday,20:00 - 21:59,BARRENJOEY,RD,0,Right on the spot,NUMBER 1161,HN,PALM BEACH,164.0,No,Not a school zone,2-way undivided,-33.594248,151.319471,Northern Beaches,Sydney metro. area,Syd-Newc-Woll Gtr conurbation,Curved,Steep grade,,,On,Sealed,Wet,Raining,Darkness,Nil,No traffic controls,40 km/h,State,85,Off rt/lft bnd=>obj,804,Off left bend into obj,Right,Vehicle - Object,Car (sedan/hatch),,1,0,0,0,0,7,July,Winter,Friday,20:00 - 21:59,Evening / night,False,False,False,False
1357562,Non-casualty (towaway),Non-casualty (towaway),2024,2024,May,Friday,20:00 - 21:59,CASTLEREAGH,AVE,10,East,SPOONER,AVE,MOUNT AUSTIN,,No,Not a school zone,T-junction,-35.136141,147.354782,Wagga Wagga,Country urban,Rest of NSW - Urban,Curved,,,,On,Sealed,Dry,Fine,Darkness,Nil,Give way sign,50 km/h,Local,83,Off rt/rt bnd=>obj,707,Right turn,Right,Vehicle - Object,Car (sedan/hatch),,1,0,0,0,0,5,May,Autumn,Friday,20:00 - 21:59,Evening / night,False,False,False,False
1357568,Non-casualty (towaway),Non-casualty (towaway),2024,2024,March,Tuesday,06:00 - 07:59,BENTLEY,RD,0,Right on the spot,MANIFOLD,RD,BENTLEY,544.0,Yes,No,T-junction,-28.748885,153.077941,Richmond Valley,Country urban,Rest of NSW - Urban,Curved,,,,Nil,Sealed,Dry,Overcast,Daylight,Nil,Give way sign,80 km/h,Regional,10,Cross traffic,101,Adj - Cross traffic,,Right angle,Light truck utility(from 2018),Large rigid,2,0,0,0,0,3,March,Autumn,Tuesday,06:00 - 07:59,AM peak / school commute,True,False,False,False
1357582,Non-casualty (towaway),Non-casualty (towaway),2024,2024,March,Sunday,12:00 - 13:59,CHURCH,ST,0,Right on the spot,GIPPS,ST,WEST TAMWORTH,,No,Not a school zone,X-intersection,-31.095288,150.922752,Tamworth Regional,Country urban,Rest of NSW - Urban,Straight,,,,Off,Sealed,Dry,Fine,Daylight,Nil,Give way sign,50 km/h,Local,30,Rear end,301,Same - Rear end,,Rear end,Car (sedan/hatch),4 wheel drive / SUV,2,0,0,0,0,3,March,Autumn,Sunday,12:00 - 13:59,Midday / afternoon,False,False,False,False
1357613,Non-casualty (towaway),Non-casualty (towaway),2024,2024,July,Wednesday,18:00 - 19:59,CAMBRIDGE,ST,0,Right on the spot,NUMBER 8,HN,SOUTH TAMWORTH,,No,Not a school zone,2-way undivided,-31.114071,150.921988,Tamworth Regional,Country urban,Rest of NSW - Urban,Straight,,,,Unknown / not stated,Sealed,Dry,Fine,Darkness,Nil,No traffic controls,50 km/h,Local,71,Off rd left => obj,703,Left off cway into object,,Other angle,Car (sedan/hatch),Station wagon,2,0,0,0,0,7,July,Winter,Wednesday,18:00 - 19:59,PM peak / evening commute,True,False,False,False
1357615,Non-casualty (towaway),Non-casualty (towaway),2024,2024,July,Monday,04:00 - 05:59,LAKE,RD,0,Right on the spot,NUMBER 495,HN,ARGENTON,217.0,No,Not a school zone,2-way undivided,-32.934639,151.631419,Lake Macquarie,Newcastle met. area,Syd-Newc-Woll Gtr conurbation,Straight,Painted double centre lines,,,Unknown / not stated,Sealed,Dry,Fine,Dawn,Nil,No traffic controls,60 km/h,State,40,U turn,207,Opp - U-turn,,Other angle,Car (sedan/hatch),4 wheel drive / SUV,3,0,0,0,0,7,July,Winter,Monday,04:00 - 05:59,Late night / early morning,False,False,False,False
1357616,Non-casualty (towaway),Non-casualty (towaway),2024,2024,June,Monday,12:00 - 13:59,SKYLINE,RD,30,South,ROUS,RD,GOONELLABAH,,No,Not a school zone,2-way undivided,-28.829639,153.323378,Lismore,Country urban,Rest of NSW - Urban,Straight,,,,Unknown / not stated,Sealed,Dry,Fine,Daylight,Nil,No traffic controls,50 km/h,Local,71,Off rd left => obj,703,Left off cway into object,,Vehicle - Object,4 wheel drive / SUV,,1,0,0,0,0,6,June,Winter,Monday,12:00 - 13:59,Midday / afternoon,False,False,False,False
1357618,Non-casualty (towaway),Non-casualty (towaway),2024,2024,March,Saturday,04:00 - 05:59,NEEWORRA,RD,0,Right on the spot,NUMBER 18,HN,NORTHBRIDGE,,No,Not a school zone,2-way undivided,-33.808481,151.225304,Willoughby,Sydney metro. area,Syd-Newc-Woll Gtr conurbation,Straight,,,,Off,Sealed,Dry,Fine,Darkness,Nil,No traffic controls,50 km/h,Local,71,Off rd left => obj,703,Left off cway into object,,Other angle,Unknown motor vehicle,4 wheel drive / SUV,2,0,0,0,0,3,March,Autumn,Saturday,04:00 - 05:59,Late night / early morning,False,False,False,False
1357620,Non-casualty (towaway),Non-casualty (towaway),2024,2024,July,Monday,02:00 - 03:59,CABBAGE TREE,RD,500,East,MASONITE,RD,WILLIAMTOWN,302.0,No,Not a school zone,2-way undivided,-32.813327,151.778837,Port Stephens,Country urban,Rest of NSW - Urban,Straight,,,,Unknown / not stated,Sealed,Dry,Fine,Darkness,Nil,No traffic controls,80 km/h,State,67,Struck animal,609,On path - Hit animal,,Vehicle - Animal,4 wheel drive / SUV,,1,0,0,0,0,7,July,Winter,Monday,02:00 - 03:59,Late night / early morning,False,False,False,False
1357622,Non-casualty (towaway),Non-casualty (towaway),2024,2024,July,Saturday,16:00 - 17:59,KYOGLE,RD,100,West,MANDALAY,RD,KUNGHUR,142.0,No,Not a school zone,2-way undivided,-28.46998,153.241224,Tweed,Country urban,Rest of NSW - Urban,Curved,Crest,,,Unknown / not stated,Sealed,Dry,Fine,Dusk,Nil,No traffic controls,80 km/h,Regional,67,Struck animal,609,On path - Hit animal,,Vehicle - Animal,Car (sedan/hatch),,1,0,0,0,0,7,July,Winter,Saturday,16:00 - 17:59,PM peak / evening commute,True,False,False,False
1357626,Non-casualty (towaway),Non-casualty (towaway),2024,2024,July,Thursday,06:00 - 07:59,FOREST,RD,0,Right on the spot,HANNONS,AVE,PEAKHURST,,No,Not a school zone,T-junction,-33.962977,151.057953,Georges River,Sydney metro. area,Syd-Newc-Woll Gtr conurbation,Curved,,,,Unknown / not stated,Sealed,Dry,Fine,Darkness,Nil,No traffic controls,50 km/h,Local,80,Off left/right bend,801,Off cway right bend,Left,Rollover,Light truck utility(from 2018),,1,0,0,0,0,7,July,Winter,Thursday,06:00 - 07:59,AM peak / school commute,True,False,False,False
1357627,Non-casualty (towaway),Non-casualty (towaway),2024,2024,July,Thursday,04:00 - 05:59,PRINCES,HWY,0,Right on the spot,CLEVELAND,ST,CAMPERDOWN,1.0,No,Not a school zone,T-junction,-33.887664,151.19307,Sydney,Sydney metro. area,Syd-Newc-Woll Gtr conurbation,Curved,,,,Unknown / not stated,Sealed,Dry,Fine,Dawn,On,No traffic controls,50 km/h,State,30,Rear end,301,Same - Rear end,,Rear end,4 wheel drive / SUV,Motorcycle,2,0,0,0,0,7,July,Winter,Thursday,04:00 - 05:59,Late night / early morning,False,False,False,False
1357628,Non-casualty (towaway),Non-casualty (towaway),2024,2024,June,Saturday,12:00 - 13:59,RUDOLF,LANE,0,Right on the spot,SIMPSON,ST,BONDI BEACH,,No,Not a school zone,T-junction,-33.88769,151.266003,Waverley,Sydney metro. area,Syd-Newc-Woll Gtr conurbation,Straight,Steep grade,,,Unknown / not stated,Sealed,Dry,Fine,Daylight,Nil,No traffic controls,50 km/h,Local,44,Parking vehicles,403,Manov - Parking-parked vehicle,,Other angle,Car (sedan/hatch),Car (sedan/hatch),2,0,0,0,0,6,June,Winter,Saturday,12:00 - 13:59,Midday / afternoon,False,False,False,False
1357632,Non-casualty (towaway),Non-casualty (towaway),2024,2024,July,Saturday,08:00 - 09:59,GREAT WESTERN,HWY,0,Right on the spot,WOODLANDS,RD,KATOOMBA,5.0,No,Not a school zone,T-junction,-33.706122,150.318732,Blue Mountains,Country urban,Syd-Newc-Woll Gtr conurbation,Curved,,,,Unknown / not stated,Sealed,Wet,Raining,Daylight,On,No traffic controls,70 km/h,State,30,Rear end,301,Same - Rear end,,Rear end,Large rigid,4 wheel drive / SUV,2,0,0,0,0,7,July,Winter,Saturday,08:00 - 09:59,AM peak / school commute,True,False,False,False
1357633,Non-casualty (towaway),Non-casualty (towaway),2024,2024,July,Monday,16:00 - 17:59,THE QUARTERDECK,MS,0,Right on the spot,NUMBER 19,HN,TWEED HEADS,,No,Not a school zone,2-way undivided,-28.178993,153.532603,Tweed,Country urban,Rest of NSW - Urban,Curved,Painted double centre lines,,,Unknown / not stated,Sealed,Dry,Fine,Dusk,Nil,No traffic controls,50 km/h,Local,59,Other overtaking,500,Ovtak - other,,Other angle,4 wheel drive / SUV,Unknown motor vehicle,2,0,0,0,0,7,July,Winter,Monday,16:00 - 17:59,PM peak / evening commute,True,False,False,False
1357635,Non-casualty (towaway),Non-casualty (towaway),2024,2024,July,Thursday,16:00 - 17:59,RICHMOND,RD,0,Right on the spot,QUAKERS HILL PARKWAY,TO,DOONSIDE,643.0,No,Not a school zone,Divided road,-33.742528,150.869723,Blacktown,Sydney metro. area,Syd-Newc-Woll Gtr conurbation,Straight,,,,Unknown / not stated,Sealed,Dry,Fine,Dusk,Nil,No traffic controls,70 km/h,State,30,Rear end,301,Same - Rear end,,Rear end,Car (sedan/hatch),Light truck utility(from 2018),2,0,0,0,0,7,July,Winter,Thursday,16:00 - 17:59,PM peak / evening commute,True,False,False,False
1357640,Non-casualty (towaway),Non-casualty (towaway),2024,2024,July,Tuesday,14:00 - 15:59,ROOTY HILL,RD,0,Right on the spot,BUNGALOW,RD,PLUMPTON,537.0,No,Not a school zone,T-junction,-33.756971,150.84005,Blacktown,Sydney metro. area,Syd-Newc-Woll Gtr conurbation,Straight,,,,Unknown / not stated,Sealed,Dry,Fine,Daylight,Nil,No traffic controls,60 km/h,State,30,Rear end,301,Same - Rear end,,Rear end,4 wheel drive / SUV,Car (sedan/hatch),2,0,0,0,0,7,July,Winter,Tuesday,14:00 - 15:59,Midday / afternoon,False,False,False,False
1357648,Non-casualty (towaway),Non-casualty (towaway),2024,2024,June,Friday,10:00 - 11:59,M7 WESTLINK,EXP,195,South,THE HORSLEY DRIVE,OP,HORSLEY PARK,6009.0,No,Not a school zone,Dual freeway,-33.843591,150.854796,Fairfield,Sydney metro. area,Syd-Newc-Woll Gtr conurbation,Straight,,,,Unknown / not stated,Sealed,Dry,Fine,Daylight,Nil,No traffic controls,100 km/h,State,35,Lane change left,307,Same - Lane change left,,Other angle,Semi-trailer,Car (sedan/hatch),2,0,0,0,0,6,June,Winter,Friday,10:00 - 11:59,Midday / afternoon,False,False,False,False
1357651,Non-casualty (towaway),Non-casualty (towaway),2024,2024,July,Monday,06:00 - 07:59,CAPTAINS FLAT,RD,850,North,DOUGLAS,CL,CARWOOLA,270.0,No,Not a school zone,2-way undivided,-35.379004,149.355524,Queanbeyan-Palerang Regional,Country non-urban,Rest of NSW - Rural,Straight,,,,Unknown / not stated,Sealed,Dry,Fine,Dawn,Nil,No traffic controls,90 km/h,Regional,73,Off rd rght => obj,704,Right off cway into obj,,Vehicle - Object,Light truck utility(from 2018),,1,0,0,0,0,7,July,Winter,Monday,06:00 - 07:59,AM peak / school commute,True,False,False,False
1357652,Non-casualty (towaway),Non-casualty (towaway),2024,2024,July,Saturday,00:01 - 01:59,HARRABROOK,AVE,0,Right on the spot,NUMBER 36,HN,FIVE DOCK,,No,Not a school zone,2-way undivided,-33.872589,151.129599,Canada Bay,Sydney metro. area,Syd-Newc-Woll Gtr conurbation,Straight,,,,Unknown / not stated,Sealed,Dry,Fine,Darkness,Nil,No traffic controls,50 km/h,Local,71,Off rd left => obj,703,Left off cway into object,,Other angle,Car (sedan/hatch),4 wheel drive / SUV,2,0,0,0,0,7,July,Winter,Saturday,00:01 - 01:59,Late night / early morning,False,False,False,False
1357653,Non-casualty (towaway),Non-casualty (towaway),2024,2024,July,Sunday,06:00 - 07:59,HILDER,RD,0,Right on the spot,NUMBER 42,HN,ERMINGTON,,No,Not a school zone,2-way undivided,-33.819759,151.054222,Parramatta,Sydney metro. area,Syd-Newc-Woll Gtr conurbation,Straight,Steep grade,,,Unknown / not stated,Sealed,Dry,Fine,Darkness,Nil,No traffic controls,50 km/h,Local,71,Off rd left => obj,703,Left off cway into object,,Other angle,Car (sedan/hatch),Light truck utility(from 2018),2,0,0,0,0,7,July,Winter,Sunday,06:00 - 07:59,AM peak / school commute,True,False,False,False
1357654,Non-casualty (towaway),Non-casualty (towaway),2024,2024,July,Tuesday,16:00 - 17:59,CANBERRA,AVE,500,West,LANYON,DR,QUEANBEYAN WEST,51.0,No,Not a school zone,Divided road,-35.351874,149.212189,Queanbeyan-Palerang Regional,Country urban,Rest of NSW - Urban,Straight,,,,Unknown / not stated,Sealed,Dry,Fine,Dusk,Nil,No traffic controls,80 km/h,State,30,Rear end,301,Same - Rear end,,Rear end,Light truck utility(from 2018),Light truck utility(from 2018),2,0,0,0,0,7,July,Winter,Tuesday,16:00 - 17:59,PM peak / evening commute,True,False,False,False
1357656,Non-casualty (towaway),Non-casualty (towaway),2024,2024,July,Monday,00:01 - 01:59,FEDERAL,HWY,200,North,BUNGENDORE,RD,BYWONG,3.0,No,Not a school zone,Divided road,-35.143228,149.334471,Queanbeyan-Palerang Regional,Country non-urban,Rest of NSW - Rural,Curved,,,,Unknown / not stated,Sealed,Dry,Fine,Darkness,Nil,No traffic controls,110 km/h,State,67,Struck animal,609,On path - Hit animal,,Vehicle - Animal,4 wheel drive / SUV,,1,0,0,0,0,7,July,Winter,Monday,00:01 - 01:59,Late night / early morning,False,False,False,False
1357659,Non-casualty (towaway),Non-casualty (towaway),2024,2024,July,Tuesday,22:00 - Midnight,ALBERT,ST,0,Right on the spot,KOOLOORA,AVE,FRESHWATER,,No,Not a school zone,T-junction,-33.777793,151.286788,Northern Beaches,Sydney metro. area,Syd-Newc-Woll Gtr conurbation,Straight,,,,Unknown / not stated,Sealed,Dry,Fine,Darkness,Nil,Stop sign,50 km/h,Local,32,Right rear,303,Same - Rear right,,Rear end,Motorcycle,Car (sedan/hatch),2,0,0,0,0,7,July,Winter,Tuesday,22:00 - Midnight,Evening / night,False,False,False,False