crash_id,degree_of_crash,degree_of_crash_-_detailed,reporting_year,year_of_crash,month_of_crash,day_of_week_of_crash,two-hour_intervals,street_of_crash,street_type,distance,direction,identifying_feature,identifying_feature_type,town,route_no.,school_zone_location,school_zone_active,type_of_location,latitude,longitude,lga,urbanisation,conurbation_1,alignment,primary_permanent_feature,primary_temporary_feature,primary_hazardous_feature,street_lighting,road_surface,surface_condition,weather,natural_lighting,signals_operation,other_traffic_control,speed_limit,road_classification_(admin),rum_-_code,rum_-_description,dca_-_code,dca_-_description,dca_supplement,first_impact_type,key_tu_type,other_tu_type,no._of_traffic_units_involved,no._killed,no._seriously_injured,no._moderately_injured,no._minor-other_injured,month_num,month_label,season,day_label,time_label,time_band,is_peak_commute,is_fatal,is_injury,is_casualty
1357664,Non-casualty (towaway),Non-casualty (towaway),2024,2024,July,Tuesday,16:00 - 17:59,GOVERNOR MACQUARIE,DR,0,Right on the spot,,HN,CHIPPING NORTON,7268.0,No,Not a school zone,2-way undivided,-33.921297,150.961927,Liverpool,Sydney metro. area,Syd-Newc-Woll Gtr conurbation,Straight,,,,Unknown / not stated,Sealed,Dry,Fine,Dusk,Nil,No traffic controls,60 km/h,Regional,30,Rear end,301,Same - Rear end,,Rear end,Car (sedan/hatch),4 wheel drive / SUV,3,0,0,0,0,7,July,Winter,Tuesday,16:00 - 17:59,PM peak / evening commute,True,False,False,False
1357665,Non-casualty (towaway),Non-casualty (towaway),2024,2024,July,Tuesday,10:00 - 11:59,REMEMBRANCE,DVWY,0,Right on the spot,THIRLMERE,WAY,TAHMOOR,620.0,No,Not a school zone,Roundabout,-34.222257,150.593659,Wollondilly,Country urban,Syd-Newc-Woll Gtr conurbation,Straight,,,,Unknown / not stated,Sealed,Dry,Fine,Daylight,Nil,Give way sign,50 km/h,Regional,21,Right through,202,Opp - Right-thru,,Other angle,Large rigid,4 wheel drive / SUV,2,0,0,0,0,7,July,Winter,Tuesday,10:00 - 11:59,Midday / afternoon,False,False,False,False
1357666,Non-casualty (towaway),Non-casualty (towaway),2024,2024,July,Wednesday,10:00 - 11:59,GREAT WESTERN,HWY,1000,West,RYDAL,RD,MOUNT LAMBIE,5.0,No,Not a school zone,2-way undivided,-33.448611,150.021382,Lithgow,Country non-urban,Rest of NSW - Rural,Straight,Painted double centre lines,,,Unknown / not stated,Sealed,Dry,Fine,Daylight,Nil,No traffic controls,100 km/h,State,40,U turn,207,Opp - U-turn,,Other angle,Car (sedan/hatch),Passenger van,2,0,0,0,0,7,July,Winter,Wednesday,10:00 - 11:59,Midday / afternoon,False,False,False,False
1357667,Non-casualty (towaway),Non-casualty (towaway),2024,2024,July,Tuesday,08:00 - 09:59,LAKE HAVEN,DR,0,Right on the spot,TWIN LAKES,DR,LAKE HAVEN,,No,Not a school zone,Roundabout,-33.242677,151.502044,Central Coast,Country urban,Syd-Newc-Woll Gtr conurbation,Curved,,,,Unknown / not stated,Sealed,Dry,Fine,Daylight,Nil,Give way sign,50 km/h,Local,11,Right far,102,Adj - Right-thru from left,,Right angle,Car (sedan/hatch),Car (sedan/hatch),2,0,0,0,0,7,July,Winter,Tuesday,08:00 - 09:59,AM peak / school commute,True,False,False,False
1357668,Non-casualty (towaway),Non-casualty (towaway),2024,2024,July,Monday,10:00 - 11:59,ALBERT,ST,20,West,MACQUARIE,ST,SYDNEY,,No,Not a school zone,2-way undivided,-33.861975,151.212844,Sydney,Sydney metro. area,Syd-Newc-Woll Gtr conurbation,Straight,,,,Unknown / not stated,Sealed,Dry,Fine,Daylight,Nil,No traffic controls,40 km/h,Local,71,Off rd left => obj,703,Left off cway into object,,Other angle,4 wheel drive / SUV,Car (sedan/hatch),2,0,0,0,0,7,July,Winter,Monday,10:00 - 11:59,Midday / afternoon,False,False,False,False
1357669,Non-casualty (towaway),Non-casualty (towaway),2024,2024,July,Thursday,22:00 - Midnight,EDMONDSON,AVE,180,South,SEVENTH,AVE,AUSTRAL,2126.0,No,Not a school zone,2-way undivided,-33.943297,150.810001,Liverpool,Sydney metro. area,Syd-Newc-Woll Gtr conurbation,Straight,,,,Unknown / not stated,Sealed,Dry,Fine,Darkness,Nil,No traffic controls,60 km/h,Regional,71,Off rd left => obj,703,Left off cway into object,,Vehicle - Object,Car (sedan/hatch),,1,0,0,0,0,7,July,Winter,Thursday,22:00 - Midnight,Evening / night,False,False,False,False
1357670,Non-casualty (towaway),Non-casualty (towaway),2024,2024,July,Wednesday,18:00 - 19:59,SCENIC,DR,50,East,TOORAK,CT,MEREWETHER HEIGHTS,7777.0,Yes,No,2-way undivided,-32.947553,151.737316,Newcastle,Newcastle met. area,Syd-Newc-Woll Gtr conurbation,Straight,,,,Unknown / not stated,Sealed,Dry,Fine,Darkness,Nil,No traffic controls,60 km/h,Regional,71,Off rd left => obj,703,Left off cway into object,,Vehicle - Object,Car (sedan/hatch),,1,0,0,0,0,7,July,Winter,Wednesday,18:00 - 19:59,PM peak / evening commute,True,False,False,False
1357673,Non-casualty (towaway),Non-casualty (towaway),2024,2024,July,Wednesday,08:00 - 09:59,PICCADILLY,ST,0,Right on the spot,NUMBER 74,HN,RIVERSTONE,,No,Not a school zone,2-way undivided,-33.681021,150.869875,Blacktown,Sydney metro. area,Syd-Newc-Woll Gtr conurbation,Straight,,,,Unknown / not stated,Sealed,Dry,Fine,Daylight,Nil,No traffic controls,50 km/h,Local,71,Off rd left => obj,703,Left off cway into object,,Other angle,4 wheel drive / SUV,4 wheel drive / SUV,2,0,0,0,0,7,July,Winter,Wednesday,08:00 - 09:59,AM peak / school commute,True,False,False,False
1357675,Non-casualty (towaway),Non-casualty (towaway),2024,2024,July,Thursday,06:00 - 07:59,KINGS,HWY,100,West,TUDOR VALLEY,RD,MONGA,51.0,No,Not a school zone,2-way undivided,-35.482454,149.89745,Queanbeyan-Palerang Regional,Country non-urban,Rest of NSW - Rural,Straight,,,,Nil,Sealed,Dry,Fog or mist,Daylight,Nil,No traffic controls,100 km/h,State,71,Off rd left => obj,703,Left off cway into object,,Other angle,Semi-trailer,4 wheel drive / SUV,2,0,0,0,0,7,July,Winter,Thursday,06:00 - 07:59,AM peak / school commute,True,False,False,False
1357676,Non-casualty (towaway),Non-casualty (towaway),2024,2024,July,Thursday,20:00 - 21:59,BARRENJOEY,RD,0,Right on the spot,PITTWATER,RD,MONA VALE,164.0,No,Not a school zone,T-junction,-33.677755,151.303987,Northern Beaches,Sydney metro. area,Syd-Newc-Woll Gtr conurbation,Curved,,,,Unknown / not stated,Sealed,Dry,Fine,Darkness,On,Ped crossing,60 km/h,State,29,Other opposing,200,Opp - other,,Other angle,Car (sedan/hatch),Car (sedan/hatch),2,0,0,0,0,7,July,Winter,Thursday,20:00 - 21:59,Evening / night,False,False,False,False
1357679,Non-casualty (towaway),Non-casualty (towaway),2024,2024,June,Monday,06:00 - 07:59,HEATHCOTE,RD,0,Right on the spot,CHURCH,RD,MOOREBANK,512.0,No,Not a school zone,T-junction,-33.934881,150.934863,Liverpool,Sydney metro. area,Syd-Newc-Woll Gtr conurbation,Straight,,,,Unknown / not stated,Sealed,Dry,Fine,Dawn,Nil,Give way sign,60 km/h,State,13,Right near,104,Adj - Right-thru from right,,Right angle,Large rigid,Light truck utility(from 2018),2,0,0,0,0,6,June,Winter,Monday,06:00 - 07:59,AM peak / school commute,True,False,False,False
1357683,Non-casualty (towaway),Non-casualty (towaway),2024,2024,July,Friday,12:00 - 13:59,WESTVIEW,ST,20,East,BRATT,ST,CAMPBELLTOWN,,No,Not a school zone,2-way undivided,-34.074433,150.781211,Campbelltown,Sydney metro. area,Syd-Newc-Woll Gtr conurbation,Curved,,,,Unknown / not stated,Sealed,Dry,Fine,Daylight,Nil,No traffic controls,50 km/h,Local,20,Head on,201,Opp - Head on,,Head-on,4 wheel drive / SUV,Car (sedan/hatch),2,0,0,0,0,7,July,Winter,Friday,12:00 - 13:59,Midday / afternoon,False,False,False,False
1357686,Non-casualty (towaway),Non-casualty (towaway),2024,2024,July,Wednesday,16:00 - 17:59,MAIN,RD,0,Right on the spot,STANFORD,RD,HEDDON GRETA,195.0,No,Not a school zone,T-junction,-32.807592,151.503347,Cessnock,Country urban,Rest of NSW - Urban,Straight,,,,Unknown / not stated,Sealed,Wet,Raining,Daylight,Nil,Give way sign,60 km/h,State,30,Rear end,301,Same - Rear end,,Rear end,Car (sedan/hatch),Light truck utility(from 2018),2,0,0,0,0,7,July,Winter,Wednesday,16:00 - 17:59,PM peak / evening commute,True,False,False,False
1357696,Non-casualty (towaway),Non-casualty (towaway),2024,2024,July,Thursday,16:00 - 17:59,THE BOULEVARDE,MS,0,Right on the spot,RUSSELL,ST,STRATHFIELD,668.0,Yes,No,T-junction,-33.875714,151.093606,Burwood,Sydney metro. area,Syd-Newc-Woll Gtr conurbation,Straight,Underpass/tunnel,,,Unknown / not stated,Sealed,Dry,Fine,Daylight,Nil,Ped crossing,60 km/h,State,85,Off rt/lft bnd=>obj,706,Left turn,Right,Vehicle - Object,Car (sedan/hatch),,1,0,0,0,0,7,July,Winter,Thursday,16:00 - 17:59,PM peak / evening commute,True,False,False,False
1357700,Non-casualty (towaway),Non-casualty (towaway),2024,2024,July,Tuesday,16:00 - 17:59,BATHURST,ST,0,Right on the spot,NUMBER 67,HN,LIVERPOOL,,No,Not a school zone,2-way undivided,-33.923805,150.921011,Liverpool,Sydney metro. area,Syd-Newc-Woll Gtr conurbation,Straight,,,,Unknown / not stated,Sealed,Dry,Fine,Daylight,Nil,No traffic controls,50 km/h,Local,35,Lane change left,307,Same - Lane change left,,Other angle,Car (sedan/hatch),Car (sedan/hatch),2,0,0,0,0,7,July,Winter,Tuesday,16:00 - 17:59,PM peak / evening commute,True,False,False,False
1357702,Non-casualty (towaway),Non-casualty (towaway),2024,2024,July,Monday,18:00 - 19:59,GREAT WESTERN,HWY,0,Right on the spot,NUMBER 334,HN,HOMEBUSH WEST,5.0,No,Not a school zone,Divided road,-33.857933,151.068265,Strathfield,Sydney metro. area,Syd-Newc-Woll Gtr conurbation,Straight,,,,Unknown / not stated,Sealed,Dry,Fine,Darkness,Nil,No traffic controls,60 km/h,State,30,Rear end,301,Same - Rear end,,Rear end,Car (sedan/hatch),Car (sedan/hatch),3,0,0,0,0,7,July,Winter,Monday,18:00 - 19:59,PM peak / evening commute,True,False,False,False
1357705,Non-casualty (towaway),Non-casualty (towaway),2024,2024,July,Monday,12:00 - 13:59,LAKE,RD,0,Right on the spot,STOCKLAND,DR,GLENDALE,217.0,No,Not a school zone,Roundabout,-32.931779,151.639413,Lake Macquarie,Newcastle met. area,Syd-Newc-Woll Gtr conurbation,Curved,,,,Unknown / not stated,Sealed,Dry,Fine,Daylight,Nil,Give way sign,60 km/h,State,30,Rear end,301,Same - Rear end,,Rear end,Car (sedan/hatch),4 wheel drive / SUV,2,0,0,0,0,7,July,Winter,Monday,12:00 - 13:59,Midday / afternoon,False,False,False,False
1357706,Non-casualty (towaway),Non-casualty (towaway),2024,2024,July,Tuesday,08:00 - 09:59,WESTERN,EXP,350,East,ST HILLIERS ROAD,OP,LIDCOMBE,6004.0,No,Not a school zone,Dual freeway,-33.844711,151.047063,Cumberland,Sydney metro. area,Syd-Newc-Woll Gtr conurbation,Straight,,,,Unknown / not stated,Sealed,Dry,Fine,Daylight,Nil,No traffic controls,90 km/h,State,66,Object on road,607,On path - Hit temp object,,Vehicle - Object,Semi-trailer,,1,0,0,0,0,7,July,Winter,Tuesday,08:00 - 09:59,AM peak / school commute,True,False,False,False
1357707,Non-casualty (towaway),Non-casualty (towaway),2024,2024,July,Monday,16:00 - 17:59,GAWUL,CCT,0,Right on the spot,NUMBER 62,HN,CORLETTE,,No,Not a school zone,2-way undivided,-32.720626,152.12228,Port Stephens,Country urban,Rest of NSW - Urban,Curved,Driveway/entrance,,,Unknown / not stated,Sealed,Dry,Fine,Daylight,Nil,No traffic controls,50 km/h,Local,83,Off rt/rt bnd=>obj,803,Off right bend into obj,Right,Vehicle - Object,Car (sedan/hatch),,1,0,0,0,0,7,July,Winter,Monday,16:00 - 17:59,PM peak / evening commute,True,False,False,False
1357709,Non-casualty (towaway),Non-casualty (towaway),2024,2024,July,Thursday,16:00 - 17:59,MARION,ST,0,Right on the spot,OWEN,RD,GEORGES HALL,7121.0,No,Not a school zone,T-junction,-33.914449,150.990389,Canterbury-Bankstown,Sydney metro. area,Syd-Newc-Woll Gtr conurbation,Straight,,,,Unknown / not stated,Sealed,Dry,Fine,Daylight,Nil,Stop sign,50 km/h,Regional,21,Right through,202,Opp - Right-thru,,Other angle,Station wagon,Car (sedan/hatch),2,0,0,0,0,7,July,Winter,Thursday,16:00 - 17:59,PM peak / evening commute,True,False,False,False
1357711,Non-casualty (towaway),Non-casualty (towaway),2024,2024,July,Monday,16:00 - 17:59,HIGHFIELD,ST,0,Right on the spot,NUMBER 121,HN,MAYFIELD,,No,Not a school zone,2-way undivided,-32.895991,151.739244,Newcastle,Newcastle met. area,Syd-Newc-Woll Gtr conurbation,Straight,,,,Unknown / not stated,Sealed,Dry,Fine,Daylight,Nil,No traffic controls,50 km/h,Local,40,U turn,207,Opp - U-turn,,Other angle,Car (sedan/hatch),Light truck utility(from 2018),2,0,0,0,0,7,July,Winter,Monday,16:00 - 17:59,PM peak / evening commute,True,False,False,False
1357712,Non-casualty (towaway),Non-casualty (towaway),2024,2024,July,Friday,20:00 - 21:59,REMEMBRANCE,DVWY,0,Right on the spot,THIRLMERE,WAY,TAHMOOR,620.0,No,Not a school zone,Roundabout,-34.222115,150.593808,Wollondilly,Country urban,Syd-Newc-Woll Gtr conurbation,Straight,,,,Unknown / not stated,Sealed,Dry,Fine,Darkness,Nil,Give way sign,50 km/h,Regional,40,U turn,207,Opp - U-turn,,Other angle,Car (sedan/hatch),4 wheel drive / SUV,2,0,0,0,0,7,July,Winter,Friday,20:00 - 21:59,Evening / night,False,False,False,False
1357713,Non-casualty (towaway),Non-casualty (towaway),2024,2024,July,Wednesday,20:00 - 21:59,MILPERRA,RD,0,Right on the spot,HENRY LAWSON,DR,MILPERRA,167.0,No,Not a school zone,X-intersection,-33.929664,150.980263,Canterbury-Bankstown,Sydney metro. area,Syd-Newc-Woll Gtr conurbation,Curved,,,,Unknown / not stated,Sealed,Dry,Fine,Darkness,On,No traffic controls,70 km/h,State,30,Rear end,301,Same - Rear end,,Rear end,4 wheel drive / SUV,Car (sedan/hatch),3,0,0,0,0,7,July,Winter,Wednesday,20:00 - 21:59,Evening / night,False,False,False,False
1357716,Non-casualty (towaway),Non-casualty (towaway),2024,2024,June,Saturday,18:00 - 19:59,ANGLO,RD,150,East,GREENWICH,RD,GREENWICH,,No,Not a school zone,2-way undivided,-33.825791,151.18898,Lane Cove,Sydney metro. area,Syd-Newc-Woll Gtr conurbation,Straight,Steep grade,,,Unknown / not stated,Sealed,Dry,Fine,Darkness,Nil,No traffic controls,50 km/h,Local,49,Other manoeuvring,400,Manov - other,,Other angle,Unknown type,Car (sedan/hatch),2,0,0,0,0,6,June,Winter,Saturday,18:00 - 19:59,PM peak / evening commute,True,False,False,False
1357720,Non-casualty (towaway),Non-casualty (towaway),2024,2024,July,Sunday,20:00 - 21:59,BURLEY GRIFFIN,WAY,0,Right on the spot,EURATHA,RD,BINYA,84.0,No,Not a school zone,X-intersection,-34.249958,146.439,Narrandera,Country non-urban,Rest of NSW - Rural,Straight,,,,Unknown / not stated,Sealed,Dry,Fine,Darkness,Nil,Give way sign,100 km/h,State,71,Off rd left => obj,703,Left off cway into object,,Vehicle - Object,Car (sedan/hatch),,1,0,0,0,0,7,July,Winter,Sunday,20:00 - 21:59,Evening / night,False,False,False,False
1357723,Non-casualty (towaway),Non-casualty (towaway),2024,2024,July,Saturday,12:00 - 13:59,WESTERN,EXP,552,West,SILVERWATER ROAD,TO,LIDCOMBE,6004.0,No,Not a school zone,Dual freeway,-33.843321,151.045218,Parramatta,Sydney metro. area,Syd-Newc-Woll Gtr conurbation,Straight,,,,Unknown / not stated,Sealed,Dry,Fine,Daylight,Nil,No traffic controls,90 km/h,State,30,Rear end,301,Same - Rear end,,Rear end,4 wheel drive / SUV,4 wheel drive / SUV,3,0,0,0,0,7,July,Winter,Saturday,12:00 - 13:59,Midday / afternoon,False,False,False,False
1357724,Non-casualty (towaway),Non-casualty (towaway),2024,2024,July,Thursday,20:00 - 21:59,BERNERA,RD,0,Right on the spot,DALMATIA,AVE,EDMONDSON PARK,,No,Not a school zone,X-intersection,-33.960612,150.862225,Liverpool,Sydney metro. area,Syd-Newc-Woll Gtr conurbation,Straight,,,,Unknown / not stated,Sealed,Dry,Fine,Darkness,On,No traffic controls,60 km/h,Local,21,Right through,202,Opp - Right-thru,,Other angle,4 wheel drive / SUV,Car (sedan/hatch),2,0,0,0,0,7,July,Winter,Thursday,20:00 - 21:59,Evening / night,False,False,False,False
1357727,Non-casualty (towaway),Non-casualty (towaway),2024,2024,July,Thursday,10:00 - 11:59,CHURCH,ST,0,Right on the spot,PRINCESS,ST,ASHBURY,,Yes,No,Roundabout,-33.906735,151.123461,Inner West,Sydney metro. area,Syd-Newc-Woll Gtr conurbation,Curved,,,,Unknown / not stated,Sealed,Dry,Fine,Daylight,Nil,Give way sign,50 km/h,Local,16,Left near,107,Adj - Left-thru from right,,Right angle,4 wheel drive / SUV,Motorcycle,2,0,0,0,0,7,July,Winter,Thursday,10:00 - 11:59,Midday / afternoon,False,False,False,False
1357728,Non-casualty (towaway),Non-casualty (towaway),2024,2024,July,Wednesday,08:00 - 09:59,WINDSOR,RD,215,South,SHOWGROUND,RD,NORWEST,184.0,No,Not a school zone,Divided road,-33.727998,150.972465,The Hills,Sydney metro. area,Syd-Newc-Woll Gtr conurbation,Curved,,,,Unknown / not stated,Sealed,Dry,Fine,Daylight,Nil,No traffic controls,60 km/h,State,30,Rear end,301,Same - Rear end,,Rear end,Car (sedan/hatch),Car (sedan/hatch),3,0,0,0,0,7,July,Winter,Wednesday,08:00 - 09:59,AM peak / school commute,True,False,False,False
1357729,Non-casualty (towaway),Non-casualty (towaway),2024,2024,April,Monday,18:00 - 19:59,PACIFIC,HWY,0,Right on the spot,PHILLIP,ST,CHINDERAH,10.0,No,Not a school zone,T-junction,-28.233507,153.559942,Tweed,Country urban,Rest of NSW - Urban,Straight,,,,Nil,Sealed,Wet,Raining,Dusk,Nil,Give way sign,50 km/h,State,70,Off road to left,701,Off carriageway to left,,Rollover,Utility,,1,0,0,0,0,4,April,Autumn,Monday,18:00 - 19:59,PM peak / evening commute,True,False,False,False
1357731,Non-casualty (towaway),Non-casualty (towaway),2024,2024,July,Saturday,08:00 - 09:59,PACIFIC,HWY,3000,South,MYALL,WAY,NORTH ARM COVE,10.0,No,Not a school zone,Divided road,-32.623733,152.061466,Mid-Coast,Country non-urban,Rest of NSW - Rural,Straight,,,,Unknown / not stated,Sealed,Dry,Fine,Daylight,Nil,No traffic controls,110 km/h,State,71,Off rd left => obj,703,Left off cway into object,,Vehicle - Object,Car (sedan/hatch),,1,0,0,0,0,7,July,Winter,Saturday,08:00 - 09:59,AM peak / school commute,True,False,False,False
1357732,Non-casualty (towaway),Non-casualty (towaway),2024,2024,July,Monday,16:00 - 17:59,BLACKTOWN,RD,0,Right on the spot,BENNETT,RD,SOUTH WINDSOR,537.0,No,Not a school zone,T-junction,-33.637874,150.782418,Hawkesbury,Country urban,Syd-Newc-Woll Gtr conurbation,Straight,,,,Unknown / not stated,Sealed,Dry,Overcast,Daylight,Nil,Stop sign,80 km/h,State,32,Right rear,303,Same - Rear right,,Rear end,Car (sedan/hatch),Car (sedan/hatch),2,0,0,0,0,7,July,Winter,Monday,16:00 - 17:59,PM peak / evening commute,True,False,False,False
1357733,Non-casualty (towaway),Non-casualty (towaway),2024,2024,July,Sunday,20:00 - 21:59,CARLINGFORD,RD,0,Right on the spot,KENT,ST,EPPING,373.0,No,Not a school zone,T-junction,-33.772139,151.075663,Parramatta,Sydney metro. area,Syd-Newc-Woll Gtr conurbation,Straight,,,,Unknown / not stated,Sealed,Dry,Fine,Darkness,Nil,Stop sign,60 km/h,State,21,Right through,202,Opp - Right-thru,,Other angle,Car (sedan/hatch),Car (sedan/hatch),2,0,0,0,0,7,July,Winter,Sunday,20:00 - 21:59,Evening / night,False,False,False,False
1357737,Non-casualty (towaway),Non-casualty (towaway),2024,2024,July,Friday,14:00 - 15:59,LACHLAN VALLEY,WAY,5000,South,CUNNINGAR,RD,BOOROWA,56.0,No,Not a school zone,2-way undivided,-34.503938,148.720712,Hilltops,Country non-urban,Rest of NSW - Rural,Curved,,,,Nil,Sealed,Dry,Fine,Daylight,Nil,No traffic controls,100 km/h,State,81,Off left/rt bnd=>obj,803,Off right bend into obj,Left,Vehicle - Object,B-double (road train prior 98),,1,0,0,0,0,7,July,Winter,Friday,14:00 - 15:59,Midday / afternoon,False,False,False,False
1357740,Non-casualty (towaway),Non-casualty (towaway),2024,2024,June,Thursday,18:00 - 19:59,LAMBETH,ST,0,Right on the spot,NUMBER 118,HN,PANANIA,,No,Not a school zone,2-way undivided,-33.963994,150.997579,Canterbury-Bankstown,Sydney metro. area,Syd-Newc-Woll Gtr conurbation,Straight,,,,Unknown / not stated,Unsealed,Dry,Fine,Dusk,Nil,No traffic controls,50 km/h,Local,71,Off rd left => obj,703,Left off cway into object,,Other angle,Car (sedan/hatch),Car (sedan/hatch),2,0,0,0,0,6,June,Winter,Thursday,18:00 - 19:59,PM peak / evening commute,True,False,False,False
1357741,Non-casualty (towaway),Non-casualty (towaway),2024,2024,July,Monday,08:00 - 09:59,WESTERN,EXP,200,East,GREAT WESTERN HIGHWAY,OP,GRANVILLE,6004.0,No,Not a school zone,Dual freeway,-33.826832,151.006963,Parramatta,Sydney metro. area,Syd-Newc-Woll Gtr conurbation,Curved,Other bridge,,,Unknown / not stated,Sealed,Dry,Fine,Daylight,Nil,No traffic controls,90 km/h,State,30,Rear end,301,Same - Rear end,,Rear end,Station wagon,Light truck utility(from 2018),2,0,0,0,0,7,July,Winter,Monday,08:00 - 09:59,AM peak / school commute,True,False,False,False
1357742,Non-casualty (towaway),Non-casualty (towaway),2024,2024,July,Sunday,10:00 - 11:59,ALBERT,ST,0,Right on the spot,UNDERCLIFF,RD,FRESHWATER,,No,Not a school zone,T-junction,-33.779779,151.285026,Northern Beaches,Sydney metro. area,Syd-Newc-Woll Gtr conurbation,Straight,,,,Unknown / not stated,Sealed,Dry,Fine,Daylight,Nil,No traffic controls,50 km/h,Local,63,Vehicle door,604,On path - Vehicle door,,Other angle,4 wheel drive / SUV,Car (sedan/hatch),2,0,0,0,0,7,July,Winter,Sunday,10:00 - 11:59,Midday / afternoon,False,False,False,False
1357744,Non-casualty (towaway),Non-casualty (towaway),2024,2024,July,Saturday,10:00 - 11:59,THE NORTHERN,RD,0,Right on the spot,BENT,RD,BRINGELLY,154.0,No,Not a school zone,X-intersection,-33.94878,150.738622,Camden,Sydney metro. area,Syd-Newc-Woll Gtr conurbation,Curved,,,,Unknown / not stated,Sealed,Dry,Fine,Daylight,On,No traffic controls,80 km/h,State,21,Right through,202,Opp - Right-thru,,Other angle,Large rigid,Light truck utility(from 2018),2,0,0,0,0,7,July,Winter,Saturday,10:00 - 11:59,Midday / afternoon,False,False,False,False
1357746,Non-casualty (towaway),Non-casualty (towaway),2024,2024,July,Saturday,06:00 - 07:59,THOMAS,ST,0,Right on the spot,METCALFE,ST,WALLSEND,82.0,No,Not a school zone,X-intersection,-32.906153,151.671187,Newcastle,Newcastle met. area,Syd-Newc-Woll Gtr conurbation,Straight,Steep grade,,,Unknown / not stated,Sealed,Dry,Fine,Daylight,On,Ped crossing,60 km/h,State,10,Cross traffic,101,Adj - Cross traffic,,Right angle,Car (sedan/hatch),4 wheel drive / SUV,2,0,0,0,0,7,July,Winter,Saturday,06:00 - 07:59,AM peak / school commute,True,False,False,False
1357747,Non-casualty (towaway),Non-casualty (towaway),2024,2024,July,Thursday,16:00 - 17:59,CAMDEN VALLEY,WAY,0,Right on the spot,SOMERSET,AVE,NARELLAN,178.0,No,Not a school zone,X-intersection,-34.039737,150.738496,Camden,Sydney metro. area,Syd-Newc-Woll Gtr conurbation,Straight,,,,Unknown / not stated,Sealed,Dry,Unknown,Dusk,On,No traffic controls,60 km/h,State,21,Right through,202,Opp - Right-thru,,Other angle,Car (sedan/hatch),Car (sedan/hatch),2,0,0,0,0,7,July,Winter,Thursday,16:00 - 17:59,PM peak / evening commute,True,False,False,False
1357748,Non-casualty (towaway),Non-casualty (towaway),2024,2024,July,Friday,08:00 - 09:59,COASTWATCH,CL,0,Right on the spot,NUMBER 18,HN,KORORA,,No,Not a school zone,2-way undivided,-30.261573,153.135768,Coffs Harbour,Country urban,Rest of NSW - Urban,Straight,Steep grade,,,Unknown / not stated,Sealed,Dry,Fine,Daylight,Nil,No traffic controls,50 km/h,Local,71,Off rd left => obj,703,Left off cway into object,,Vehicle - Object,Car (sedan/hatch),,1,0,0,0,0,7,July,Winter,Friday,08:00 - 09:59,AM peak / school commute,True,False,False,False
1357749,Non-casualty (towaway),Non-casualty (towaway),2024,2024,July,Saturday,18:00 - 19:59,TUMUT PLAINS,RD,300,North,LITTLE RIVER,RD,TUMUT PLAINS,,No,Not a school zone,2-way undivided,-35.318655,148.266704,Snowy Valleys,Country non-urban,Rest of NSW - Rural,Curved,,,,Unknown / not stated,Sealed,Wet,Raining,Darkness,Nil,No traffic controls,100 km/h,Local,87,Off lft/lft bnd=>obj,804,Off left bend into obj,Left,Vehicle - Object,Light truck utility(from 2018),,1,0,0,0,0,7,July,Winter,Saturday,18:00 - 19:59,PM peak / evening commute,True,False,False,False
1357750,Non-casualty (towaway),Non-casualty (towaway),2024,2024,July,Tuesday,16:00 - 17:59,NEWCASTLE,EXP,1650,North,MORGANS ROAD,OP,MOUNT WHITE,6003.0,No,Not a school zone,Dual freeway,-33.453034,151.209501,Central Coast,Country non-urban,Syd-Newc-Woll Gtr conurbation,Straight,,,,Unknown / not stated,Sealed,Dry,Fine,Dusk,Nil,No traffic controls,110 km/h,State,45,Reversing,404,Manov - Reverse in traffic,,Other angle,Semi-trailer,Light truck,2,0,0,0,0,7,July,Winter,Tuesday,16:00 - 17:59,PM peak / evening commute,True,False,False,False
1357752,Non-casualty (towaway),Non-casualty (towaway),2024,2024,April,Sunday,12:00 - 13:59,HUME,HWY,1500,South,MINGAY,RD,COOLAC,2.0,No,Not a school zone,Divided road,-34.9809,148.136767,Cootamundra-Gundagai,Country non-urban,Rest of NSW - Rural,Curved,Embankment/cutting,,,Unknown / not stated,Sealed,Wet,Raining,Daylight,Nil,No traffic controls,110 km/h,State,81,Off left/rt bnd=>obj,803,Off right bend into obj,Left,Vehicle - Object,Car (sedan/hatch),,1,0,0,0,0,4,April,Autumn,Sunday,12:00 - 13:59,Midday / afternoon,False,False,False,False
1357754,Non-casualty (towaway),Non-casualty (towaway),2024,2024,July,Wednesday,14:00 - 15:59,SNOWY MOUNTAINS,HWY,25,East,COSGROVE,ST,ADAMINABY,4.0,No,Not a school zone,2-way undivided,-35.996611,148.777767,Snowy Monaro Regional,Country urban,Rest of NSW - Urban,Straight,Ditch/drain/culvert,,,Unknown / not stated,Sealed,Dry,Fine,Daylight,Nil,No traffic controls,70 km/h,State,70,Off road to left,701,Off carriageway to left,,Rollover,4 wheel drive / SUV,,1,0,0,0,0,7,July,Winter,Wednesday,14:00 - 15:59,Midday / afternoon,False,False,False,False