crash_id,degree_of_crash,degree_of_crash_-_detailed,reporting_year,year_of_crash,month_of_crash,day_of_week_of_crash,two-hour_intervals,street_of_crash,street_type,distance,direction,identifying_feature,identifying_feature_type,town,route_no.,school_zone_location,school_zone_active,type_of_location,latitude,longitude,lga,urbanisation,conurbation_1,alignment,primary_permanent_feature,primary_temporary_feature,primary_hazardous_feature,street_lighting,road_surface,surface_condition,weather,natural_lighting,signals_operation,other_traffic_control,speed_limit,road_classification_(admin),rum_-_code,rum_-_description,dca_-_code,dca_-_description,dca_supplement,first_impact_type,key_tu_type,other_tu_type,no._of_traffic_units_involved,no._killed,no._seriously_injured,no._moderately_injured,no._minor-other_injured,month_num,month_label,season,day_label,time_label,time_band,is_peak_commute,is_fatal,is_injury,is_casualty
1358236,Non-casualty (towaway),Non-casualty (towaway),2024,2024,July,Saturday,10:00 - 11:59,EASTERN,RD,0,Right on the spot,KINTORE,ST,WAHROONGA,2043.0,No,Not a school zone,Roundabout,-33.712045,151.132464,Ku-ring-gai,Sydney metro. area,Syd-Newc-Woll Gtr conurbation,Straight,,,,Unknown / not stated,Sealed,Wet,Overcast,Daylight,Nil,Give way sign,60 km/h,Regional,33,Lane sideswipe,305,Same - Lane side swipe,,Other angle,4 wheel drive / SUV,4 wheel drive / SUV,2,0,0,0,0,7,July,Winter,Saturday,10:00 - 11:59,Midday / afternoon,False,False,False,False
1358239,Non-casualty (towaway),Non-casualty (towaway),2024,2024,July,Tuesday,16:00 - 17:59,PACIFIC,HWY,715,South,FALCONERS,LANE,DIRTY CREEK,10.0,No,Not a school zone,Divided road,-29.971069,153.137155,Clarence Valley,Country non-urban,Rest of NSW - Rural,Straight,Steep grade,,,Unknown / not stated,Sealed,Dry,Fine,Dusk,Nil,No traffic controls,110 km/h,State,73,Off rd rght => obj,704,Right off cway into obj,,Vehicle - Object,Car (sedan/hatch),,1,0,0,0,0,7,July,Winter,Tuesday,16:00 - 17:59,PM peak / evening commute,True,False,False,False
1358246,Non-casualty (towaway),Non-casualty (towaway),2024,2024,July,Tuesday,08:00 - 09:59,MEDOWIE,RD,999999,Unknown/not stated,UNKNOWN,UK,MEDOWIE,518.0,No,Not a school zone,2-way undivided,-32.735938,151.86865,Port Stephens,Country urban,Rest of NSW - Urban,Straight,,,,Unknown / not stated,Sealed,Dry,Fine,Daylight,Nil,No traffic controls,50 km/h,Regional,30,Rear end,301,Same - Rear end,,Rear end,Car (sedan/hatch),Car (sedan/hatch),2,0,0,0,0,7,July,Winter,Tuesday,08:00 - 09:59,AM peak / school commute,True,False,False,False
1358248,Non-casualty (towaway),Non-casualty (towaway),2024,2024,February,Tuesday,18:00 - 19:59,CUMBERLAND,HWY,0,Right on the spot,LINKS,AVE,CABRAMATTA,13.0,No,Not a school zone,T-junction,-33.901773,150.918555,Fairfield,Sydney metro. area,Syd-Newc-Woll Gtr conurbation,Straight,Steep grade,,,Unknown / not stated,Sealed,Dry,Fine,Dusk,Unknown / not stated,No traffic controls,70 km/h,State,30,Rear end,301,Same - Rear end,,Rear end,Car (sedan/hatch),Car (sedan/hatch),3,0,0,0,0,2,February,Summer,Tuesday,18:00 - 19:59,PM peak / evening commute,True,False,False,False
1358249,Non-casualty (towaway),Non-casualty (towaway),2024,2024,July,Monday,12:00 - 13:59,OLIVE,ST,0,Right on the spot,WILSON,ST,ALBURY,,No,Not a school zone,Roundabout,-36.07687,146.918797,Albury,Country urban,Rest of NSW - Urban,Straight,,,,Unknown / not stated,Sealed,Dry,Fine,Daylight,Nil,Give way sign,50 km/h,Local,10,Cross traffic,101,Adj - Cross traffic,,Right angle,Other bus,Car (sedan/hatch),2,0,0,0,0,7,July,Winter,Monday,12:00 - 13:59,Midday / afternoon,False,False,False,False
1358250,Non-casualty (towaway),Non-casualty (towaway),2024,2024,July,Friday,14:00 - 15:59,MID WESTERN,HWY,0,Right on the spot,COLLEGE,DR,COWRA,6.0,No,Not a school zone,T-junction,-33.832054,148.701766,Cowra,Country urban,Rest of NSW - Urban,Straight,Steep grade,,,Unknown / not stated,Sealed,Dry,Fine,Daylight,Nil,No traffic controls,50 km/h,State,30,Rear end,301,Same - Rear end,,Rear end,4 wheel drive / SUV,Car (sedan/hatch),2,0,0,0,0,7,July,Winter,Friday,14:00 - 15:59,Midday / afternoon,False,False,False,False
1358256,Non-casualty (towaway),Non-casualty (towaway),2024,2024,July,Saturday,02:00 - 03:59,GUNDAROO,RD,370,North,LADE VALE,RD,GUNNING,52.0,No,Not a school zone,2-way undivided,-34.806619,149.247541,Upper Lachlan,Country non-urban,Rest of NSW - Rural,Curved,,,,Unknown / not stated,Sealed,Dry,Fine,Darkness,Nil,No traffic controls,100 km/h,Regional,86,Off left/left bend,802,Off cway left bend,Left,Rollover,Other bus,,1,0,0,0,0,7,July,Winter,Saturday,02:00 - 03:59,Late night / early morning,False,False,False,False
1358258,Non-casualty (towaway),Non-casualty (towaway),2024,2024,July,Sunday,10:00 - 11:59,GREEN,ST,0,Right on the spot,NUMBER 232,HN,ULLADULLA,,Yes,No,2-way undivided,-35.356304,150.468541,Shoalhaven,Country urban,Rest of NSW - Urban,Straight,,,,Unknown / not stated,Sealed,Dry,Fine,Daylight,Nil,No traffic controls,50 km/h,Local,71,Off rd left => obj,703,Left off cway into object,,Vehicle - Object,Car (sedan/hatch),,1,0,0,0,0,7,July,Winter,Sunday,10:00 - 11:59,Midday / afternoon,False,False,False,False
1358262,Non-casualty (towaway),Non-casualty (towaway),2024,2024,July,Sunday,08:00 - 09:59,KOALA,RD,0,Right on the spot,WATTLE,ST,PUNCHBOWL,,No,Not a school zone,T-junction,-33.917741,151.062913,Canterbury-Bankstown,Sydney metro. area,Syd-Newc-Woll Gtr conurbation,Curved,,,,Unknown / not stated,Sealed,Dry,Fine,Daylight,Nil,Give way sign,50 km/h,Local,83,Off rt/rt bnd=>obj,803,Off right bend into obj,Right,Vehicle - Object,Car (sedan/hatch),,2,0,0,0,0,7,July,Winter,Sunday,08:00 - 09:59,AM peak / school commute,True,False,False,False
1358263,Non-casualty (towaway),Non-casualty (towaway),2024,2024,July,Tuesday,10:00 - 11:59,DOUGLAS MAWSON,RD,0,Right on the spot,WHEELERS,LANE,DUBBO,,No,Not a school zone,T-junction,-32.246913,148.631181,Dubbo Regional,Country urban,Rest of NSW - Urban,Straight,,,,Unknown / not stated,Sealed,Dry,Fine,Daylight,Nil,Give way sign,50 km/h,Local,13,Right near,104,Adj - Right-thru from right,,Right angle,Light truck,Large rigid,2,0,0,0,0,7,July,Winter,Tuesday,10:00 - 11:59,Midday / afternoon,False,False,False,False
1358266,Non-casualty (towaway),Non-casualty (towaway),2024,2024,July,Saturday,08:00 - 09:59,MANDALONG,RD,0,Right on the spot,NEWCASTLE,EXP,MORISSET,217.0,No,Not a school zone,T-junction,-33.119043,151.464595,Lake Macquarie,Newcastle met. area,Syd-Newc-Woll Gtr conurbation,Straight,,,,Unknown / not stated,Sealed,Dry,Fine,Daylight,Nil,Stop sign,60 km/h,State,11,Right far,102,Adj - Right-thru from left,,Right angle,Light truck utility(from 2018),Car (sedan/hatch),2,0,0,0,0,7,July,Winter,Saturday,08:00 - 09:59,AM peak / school commute,True,False,False,False
1358267,Non-casualty (towaway),Non-casualty (towaway),2024,2024,July,Sunday,00:01 - 01:59,OLD NORTHERN,RD,350,East,KENTHURST,RD,DURAL,160.0,No,Not a school zone,Divided road,-33.695277,151.0229,Hornsby,Sydney metro. area,Syd-Newc-Woll Gtr conurbation,Curved,,,,Unknown / not stated,Sealed,Dry,Fine,Darkness,Nil,No traffic controls,60 km/h,State,88,Out of cont on bend,805,Out of control on bend,,Rollover,Car (sedan/hatch),,1,0,0,0,0,7,July,Winter,Sunday,00:01 - 01:59,Late night / early morning,False,False,False,False
1358268,Non-casualty (towaway),Non-casualty (towaway),2024,2024,July,Saturday,10:00 - 11:59,NEWCASTLE,RD,0,Right on the spot,BLUE GUM,RD,JESMOND,82.0,No,Not a school zone,T-junction,-32.90478,151.690537,Newcastle,Newcastle met. area,Syd-Newc-Woll Gtr conurbation,Straight,,,,Unknown / not stated,Sealed,Wet,Overcast,Daylight,On,No traffic controls,60 km/h,State,30,Rear end,301,Same - Rear end,,Rear end,Light truck utility(from 2018),4 wheel drive / SUV,2,0,0,0,0,7,July,Winter,Saturday,10:00 - 11:59,Midday / afternoon,False,False,False,False
1358269,Non-casualty (towaway),Non-casualty (towaway),2024,2024,July,Thursday,16:00 - 17:59,LANYON,DR,0,Right on the spot,TOMPSITT,DR,JERRABOMBERRA,52.0,No,Not a school zone,T-junction,-35.377351,149.189088,Queanbeyan-Palerang Regional,Country urban,Rest of NSW - Urban,Straight,,,,Unknown / not stated,Sealed,Dry,Fine,Dusk,On,No traffic controls,80 km/h,State,21,Right through,202,Opp - Right-thru,,Other angle,4 wheel drive / SUV,Light truck utility(from 2018),2,0,0,0,0,7,July,Winter,Thursday,16:00 - 17:59,PM peak / evening commute,True,False,False,False
1358274,Non-casualty (towaway),Non-casualty (towaway),2024,2024,July,Monday,06:00 - 07:59,GENERAL HOLMES,DR,0,Right on the spot,ROSS SMITH,AVE,MASCOT,194.0,No,Not a school zone,T-junction,-33.93382,151.191985,Bayside,Sydney metro. area,Syd-Newc-Woll Gtr conurbation,Straight,,,,Unknown / not stated,Sealed,Dry,Fine,Daylight,Off,No traffic controls,70 km/h,State,16,Left near,107,Adj - Left-thru from right,,Right angle,Coach,Large rigid,2,0,0,0,0,7,July,Winter,Monday,06:00 - 07:59,AM peak / school commute,True,False,False,False
1358275,Non-casualty (towaway),Non-casualty (towaway),2024,2024,July,Wednesday,18:00 - 19:59,TUMBI,RD,101,North,PINAROO,RD,WAMBERAL,7756.0,No,Not a school zone,2-way undivided,-33.405073,151.451208,Central Coast,Country urban,Syd-Newc-Woll Gtr conurbation,Straight,Ditch/drain/culvert,,,Unknown / not stated,Sealed,Wet,Raining,Dusk,Nil,No traffic controls,60 km/h,Regional,71,Off rd left => obj,703,Left off cway into object,,Vehicle - Object,Car (sedan/hatch),,1,0,0,0,0,7,July,Winter,Wednesday,18:00 - 19:59,PM peak / evening commute,True,False,False,False
1358281,Non-casualty (towaway),Non-casualty (towaway),2024,2024,June,Thursday,14:00 - 15:59,PRINCES,HWY,999999,Unknown/not stated,UNKNOWN,UK,FIGTREE,1.0,No,Not a school zone,Divided road,-34.433832,150.863401,Wollongong,Wollongong met. area,Syd-Newc-Woll Gtr conurbation,Straight,,,,Unknown / not stated,Sealed,Dry,Fine,Daylight,Nil,No traffic controls,60 km/h,State,30,Rear end,301,Same - Rear end,,Rear end,4 wheel drive / SUV,4 wheel drive / SUV,3,0,0,0,0,6,June,Winter,Thursday,14:00 - 15:59,Midday / afternoon,False,False,False,False
1358283,Non-casualty (towaway),Non-casualty (towaway),2024,2024,July,Wednesday,18:00 - 19:59,GWYDIR,HWY,100,West,MCILVEEN PARK,RD,INVERELL,12.0,No,Not a school zone,2-way undivided,-29.772361,151.074326,Inverell,Country urban,Rest of NSW - Urban,Curved,Painted double centre lines,,,Unknown / not stated,Sealed,Dry,Fine,Dusk,Nil,No traffic controls,80 km/h,State,83,Off rt/rt bnd=>obj,803,Off right bend into obj,Right,Vehicle - Object,Station wagon,,1,0,0,0,0,7,July,Winter,Wednesday,18:00 - 19:59,PM peak / evening commute,True,False,False,False
1358286,Non-casualty (towaway),Non-casualty (towaway),2024,2024,July,Thursday,14:00 - 15:59,WATTLE,ST,0,Right on the spot,MT LEWIS,AVE,PUNCHBOWL,7119.0,No,Not a school zone,X-intersection,-33.916883,151.052648,Canterbury-Bankstown,Sydney metro. area,Syd-Newc-Woll Gtr conurbation,Straight,Steep grade,,,Unknown / not stated,Sealed,Dry,Fine,Daylight,Nil,Stop sign,60 km/h,Regional,11,Right far,102,Adj - Right-thru from left,,Right angle,Light truck utility(from 2018),Car (sedan/hatch),2,0,0,0,0,7,July,Winter,Thursday,14:00 - 15:59,Midday / afternoon,False,False,False,False
1358290,Non-casualty (towaway),Non-casualty (towaway),2024,2024,July,Saturday,22:00 - Midnight,SPIT,RD,0,Right on the spot,NUMBER 13,HN,MOSMAN,164.0,No,Not a school zone,Divided road,-33.823663,151.242252,Mosman,Sydney metro. area,Syd-Newc-Woll Gtr conurbation,Straight,,,,Unknown / not stated,Sealed,Dry,Fine,Darkness,Nil,No traffic controls,60 km/h,State,30,Rear end,301,Same - Rear end,,Rear end,Car (sedan/hatch),Motorcycle,2,0,0,0,0,7,July,Winter,Saturday,22:00 - Midnight,Evening / night,False,False,False,False
1358291,Non-casualty (towaway),Non-casualty (towaway),2024,2024,July,Monday,14:00 - 15:59,BURLEY GRIFFIN,WAY,0,Right on the spot,CUNNINGAR,RD,CUNNINGAR,84.0,No,Not a school zone,T-junction,-34.560448,148.41655,Hilltops,Country non-urban,Rest of NSW - Rural,Straight,,,,Unknown / not stated,Sealed,Dry,Fine,Daylight,Nil,Give way sign,100 km/h,State,16,Left near,107,Adj - Left-thru from right,,Right angle,Light truck utility(from 2018),Car (sedan/hatch),2,0,0,0,0,7,July,Winter,Monday,14:00 - 15:59,Midday / afternoon,False,False,False,False
1358292,Non-casualty (towaway),Non-casualty (towaway),2024,2024,July,Thursday,12:00 - 13:59,WESTERN,EXP,0,Right on the spot,M7 WESTLINK EXPRESSWAY,TO,EASTERN CREEK,6004.0,No,Not a school zone,Other,-33.800712,150.866782,Blacktown,Sydney metro. area,Syd-Newc-Woll Gtr conurbation,Straight,,,,Unknown / not stated,Sealed,Dry,Fine,Daylight,Nil,No traffic controls,100 km/h,State,30,Rear end,301,Same - Rear end,,Rear end,Semi-trailer,Car (sedan/hatch),2,0,0,0,0,7,July,Winter,Thursday,12:00 - 13:59,Midday / afternoon,False,False,False,False
1358293,Non-casualty (towaway),Non-casualty (towaway),2024,2024,June,Sunday,18:00 - 19:59,YASS VALLEY,WAY,200,South,GLOVER,DR,YASS,7610.0,No,Not a school zone,2-way undivided,-34.861135,148.937234,Yass Valley,Country non-urban,Rest of NSW - Rural,Straight,Other bridge,,,Unknown / not stated,Sealed,Wet,Raining,Darkness,Nil,No traffic controls,100 km/h,Regional,67,Struck animal,609,On path - Hit animal,,Vehicle - Animal,Light truck utility(from 2018),,1,0,0,0,0,6,June,Winter,Sunday,18:00 - 19:59,PM peak / evening commute,True,False,False,False
1358294,Non-casualty (towaway),Non-casualty (towaway),2024,2024,July,Monday,02:00 - 03:59,HUME,HWY,0,Right on the spot,GRAHAM,AVE,CASULA,2.0,No,Not a school zone,X-intersection,-33.940617,150.91229,Liverpool,Sydney metro. area,Syd-Newc-Woll Gtr conurbation,Straight,,,,Unknown / not stated,Sealed,Dry,Fine,Darkness,On,No traffic controls,70 km/h,State,21,Right through,202,Opp - Right-thru,,Other angle,4 wheel drive / SUV,Car (sedan/hatch),2,0,0,0,0,7,July,Winter,Monday,02:00 - 03:59,Late night / early morning,False,False,False,False
1358296,Non-casualty (towaway),Non-casualty (towaway),2024,2024,July,Saturday,16:00 - 17:59,BUNGARRIBEE,RD,0,Right on the spot,TALLAWONG,AVE,BLACKTOWN,7156.0,No,Not a school zone,T-junction,-33.774512,150.88507,Blacktown,Sydney metro. area,Syd-Newc-Woll Gtr conurbation,Straight,Steep grade,,,Unknown / not stated,Sealed,Dry,Overcast,Daylight,Nil,No traffic controls,60 km/h,Regional,13,Right near,104,Adj - Right-thru from right,,Right angle,Light truck utility(from 2018),Light truck utility(from 2018),2,0,0,0,0,7,July,Winter,Saturday,16:00 - 17:59,PM peak / evening commute,True,False,False,False
1358300,Non-casualty (towaway),Non-casualty (towaway),2024,2024,July,Thursday,18:00 - 19:59,HUME,HWY,600,South,YASS VALLEY,WAY,MANTON,2.0,No,Not a school zone,Divided road,-34.836019,149.006953,Yass Valley,Country non-urban,Rest of NSW - Rural,Curved,Embankment/cutting,,,Unknown / not stated,Sealed,Dry,Fine,Darkness,Nil,No traffic controls,110 km/h,State,87,Off lft/lft bnd=>obj,804,Off left bend into obj,Left,Vehicle - Object,Station wagon,,1,0,0,0,0,7,July,Winter,Thursday,18:00 - 19:59,PM peak / evening commute,True,False,False,False
1358301,Non-casualty (towaway),Non-casualty (towaway),2024,2024,July,Saturday,06:00 - 07:59,WESTERN,EXP,200,West,ARCHBOLD ROAD,OP,MINCHINBURY,6004.0,No,Not a school zone,Dual freeway,-33.790882,150.819817,Blacktown,Sydney metro. area,Syd-Newc-Woll Gtr conurbation,Straight,,,,Unknown / not stated,Sealed,Wet,Raining,Daylight,Nil,No traffic controls,110 km/h,State,35,Lane change left,307,Same - Lane change left,,Other angle,Car (sedan/hatch),Light truck utility(from 2018),2,0,0,0,0,7,July,Winter,Saturday,06:00 - 07:59,AM peak / school commute,True,False,False,False
1358306,Non-casualty (towaway),Non-casualty (towaway),2024,2024,July,Wednesday,04:00 - 05:59,HUME,HWY,1200,North,WHITEFIELDS,RD,BOOKHAM,2.0,No,Not a school zone,Divided road,-34.809421,148.594639,Yass Valley,Country non-urban,Rest of NSW - Rural,Curved,,,,Unknown / not stated,Sealed,Dry,Fine,Darkness,Nil,No traffic controls,110 km/h,State,80,Off left/right bend,801,Off cway right bend,Left,Rollover,B-double (road train prior 98),,1,0,0,0,0,7,July,Winter,Wednesday,04:00 - 05:59,Late night / early morning,False,False,False,False
1358307,Non-casualty (towaway),Non-casualty (towaway),2024,2024,July,Thursday,14:00 - 15:59,KING,ST,0,Right on the spot,NATIONAL PARK,ST,NEWCASTLE WEST,188.0,No,Not a school zone,X-intersection,-32.927361,151.760721,Newcastle,Newcastle met. area,Syd-Newc-Woll Gtr conurbation,Straight,,,,Unknown / not stated,Sealed,Dry,Fine,Daylight,On,No traffic controls,50 km/h,Regional,30,Rear end,301,Same - Rear end,,Rear end,Car (sedan/hatch),Other bus,3,0,0,0,0,7,July,Winter,Thursday,14:00 - 15:59,Midday / afternoon,False,False,False,False
1358312,Non-casualty (towaway),Non-casualty (towaway),2024,2024,July,Friday,14:00 - 15:59,NEWCASTLE,EXP,800,North,PEATS RIDGE ROAD,OP,SOMERSBY,6003.0,No,Not a school zone,Dual freeway,-33.367186,151.318521,Central Coast,Country non-urban,Syd-Newc-Woll Gtr conurbation,Straight,,,,Unknown / not stated,Sealed,Dry,Fine,Daylight,Nil,No traffic controls,110 km/h,State,34,Lane change right,306,Same - Lane change right,,Other angle,Car (sedan/hatch),Light truck utility(from 2018),3,0,0,0,0,7,July,Winter,Friday,14:00 - 15:59,Midday / afternoon,False,False,False,False
1358313,Non-casualty (towaway),Non-casualty (towaway),2024,2024,July,Thursday,10:00 - 11:59,HUME,HWY,300,South,ILLALONG,RD,BOOKHAM,2.0,No,Not a school zone,Divided road,-34.808392,148.63016,Yass Valley,Country non-urban,Rest of NSW - Rural,Curved,,,,Unknown / not stated,Sealed,Dry,Fine,Daylight,Nil,No traffic controls,110 km/h,State,34,Lane change right,306,Same - Lane change right,,Other angle,Light truck utility(from 2018),4 wheel drive / SUV,2,0,0,0,0,7,July,Winter,Thursday,10:00 - 11:59,Midday / afternoon,False,False,False,False
1358321,Non-casualty (towaway),Non-casualty (towaway),2024,2024,July,Wednesday,08:00 - 09:59,PALMERSTON,RD,60,North,BURDETT,ST,HORNSBY,,No,Not a school zone,2-way undivided,-33.703466,151.111169,Hornsby,Sydney metro. area,Syd-Newc-Woll Gtr conurbation,Straight,,,,Unknown / not stated,Sealed,Dry,Fine,Daylight,Nil,No traffic controls,50 km/h,Local,70,Off road to left,701,Off carriageway to left,,Rollover,Passenger van,,1,0,0,0,0,7,July,Winter,Wednesday,08:00 - 09:59,AM peak / school commute,True,False,False,False
1358323,Non-casualty (towaway),Non-casualty (towaway),2024,2024,July,Thursday,18:00 - 19:59,BOLT,ST,0,Right on the spot,NUMBER 28,HN,SHOALHAVEN HEADS,,No,Not a school zone,2-way undivided,-34.852794,150.742455,Shoalhaven,Country urban,Rest of NSW - Urban,Straight,,,,Unknown / not stated,Sealed,Dry,Fine,Darkness,Nil,No traffic controls,50 km/h,Local,73,Off rd rght => obj,704,Right off cway into obj,,Other angle,Light truck,Car (sedan/hatch),2,0,0,0,0,7,July,Winter,Thursday,18:00 - 19:59,PM peak / evening commute,True,False,False,False
1358325,Non-casualty (towaway),Non-casualty (towaway),2024,2024,July,Tuesday,12:00 - 13:59,BRUXNER,HWY,150,East,LESLIE CREEK,RD,DRAKE,16.0,No,Not a school zone,2-way undivided,-28.902613,152.451353,Tenterfield,Country non-urban,Rest of NSW - Rural,Curved,,,,Unknown / not stated,Sealed,Dry,Fine,Daylight,Nil,No traffic controls,100 km/h,State,67,Struck animal,609,On path - Hit animal,,Vehicle - Animal,Light truck,,1,0,0,0,0,7,July,Winter,Tuesday,12:00 - 13:59,Midday / afternoon,False,False,False,False
1358329,Non-casualty (towaway),Non-casualty (towaway),2024,2024,July,Saturday,02:00 - 03:59,CANOWINDRA,RD,200,North,EVANS,ST,COWRA,310.0,No,Not a school zone,2-way undivided,-33.81052,148.686914,Cowra,Country urban,Rest of NSW - Urban,Straight,,,,Unknown / not stated,Sealed,Wet,Overcast,Darkness,Nil,No traffic controls,80 km/h,State,67,Struck animal,609,On path - Hit animal,,Vehicle - Animal,Light truck,,1,0,0,0,0,7,July,Winter,Saturday,02:00 - 03:59,Late night / early morning,False,False,False,False
1358330,Non-casualty (towaway),Non-casualty (towaway),2024,2024,July,Friday,06:00 - 07:59,NEWCASTLE,EXP,0,Right on the spot,DOG TRAP ROAD,OP,OURIMBAH,6003.0,No,Not a school zone,Dual freeway,-33.359776,151.338748,Central Coast,Country non-urban,Syd-Newc-Woll Gtr conurbation,Curved,Underpass/tunnel,,,Unknown / not stated,Sealed,Wet,Raining,Daylight,Nil,No traffic controls,110 km/h,State,34,Lane change right,306,Same - Lane change right,,Other angle,Car (sedan/hatch),Car (sedan/hatch),2,0,0,0,0,7,July,Winter,Friday,06:00 - 07:59,AM peak / school commute,True,False,False,False
1358331,Non-casualty (towaway),Non-casualty (towaway),2024,2024,July,Friday,08:00 - 09:59,WANGI,RD,200,North,BUTTABA HILLS,RD,BUTTABA,217.0,No,Not a school zone,Divided road,-33.048862,151.566243,Lake Macquarie,Newcastle met. area,Syd-Newc-Woll Gtr conurbation,Curved,Embankment/cutting,,,Unknown / not stated,Sealed,Wet,Overcast,Daylight,Nil,No traffic controls,90 km/h,State,85,Off rt/lft bnd=>obj,804,Off left bend into obj,Right,Vehicle - Object,4 wheel drive / SUV,,1,0,0,0,0,7,July,Winter,Friday,08:00 - 09:59,AM peak / school commute,True,False,False,False
1358334,Non-casualty (towaway),Non-casualty (towaway),2024,2024,July,Thursday,06:00 - 07:59,OXLEY,HWY,200,East,BURRAWAN FOREST,DR,SANCROX,11.0,No,Not a school zone,2-way undivided,-31.465794,152.80694,Port Macquarie-Hastings,Country non-urban,Rest of NSW - Rural,Straight,,,,Unknown / not stated,Sealed,Dry,Fine,Daylight,Nil,No traffic controls,90 km/h,State,30,Rear end,301,Same - Rear end,,Rear end,Light truck utility(from 2018),Light truck utility(from 2018),2,0,0,0,0,7,July,Winter,Thursday,06:00 - 07:59,AM peak / school commute,True,False,False,False
1358336,Non-casualty (towaway),Non-casualty (towaway),2024,2024,July,Tuesday,16:00 - 17:59,POPONDETTA,RD,0,Right on the spot,WOODSTOCK,AVE,WHALAN,,No,Not a school zone,Roundabout,-33.748001,150.809275,Blacktown,Sydney metro. area,Syd-Newc-Woll Gtr conurbation,Straight,,,,Unknown / not stated,Sealed,Dry,Fine,Unknown,Nil,Give way sign,60 km/h,Local,37,Left turn sideswipe,309,Same - Left turn side swipe,,Other angle,Semi-trailer,4 wheel drive / SUV,2,0,0,0,0,7,July,Winter,Tuesday,16:00 - 17:59,PM peak / evening commute,True,False,False,False
1358337,Non-casualty (towaway),Non-casualty (towaway),2024,2024,July,Monday,08:00 - 09:59,BELLEVUE,AVE,0,Right on the spot,NUMBER 2,HN,GREENWICH,,No,Not a school zone,2-way undivided,-33.823406,151.186467,Lane Cove,Sydney metro. area,Syd-Newc-Woll Gtr conurbation,Straight,,,,Unknown / not stated,Sealed,Dry,Fine,Daylight,Nil,No traffic controls,40 km/h,Local,42,Leaving parking,401,Manov - Leaving parking,,Other angle,Car (sedan/hatch),Passenger van,2,0,0,0,0,7,July,Winter,Monday,08:00 - 09:59,AM peak / school commute,True,False,False,False
1358338,Non-casualty (towaway),Non-casualty (towaway),2024,2024,July,Saturday,16:00 - 17:59,BRADLEY,DR,0,Right on the spot,NUMBER 50,HN,CARLINGFORD,,No,Not a school zone,2-way undivided,-33.772045,151.04968,Parramatta,Sydney metro. area,Syd-Newc-Woll Gtr conurbation,Straight,,,,Unknown / not stated,Sealed,Dry,Fine,Daylight,Nil,No traffic controls,50 km/h,Local,73,Off rd rght => obj,704,Right off cway into obj,,Other angle,Car (sedan/hatch),Car (sedan/hatch),3,0,0,0,0,7,July,Winter,Saturday,16:00 - 17:59,PM peak / evening commute,True,False,False,False
1358340,Non-casualty (towaway),Non-casualty (towaway),2024,2024,August,Thursday,08:00 - 09:59,CULLODEN,RD,0,Right on the spot,WATERLOO,RD,MARSFIELD,,Yes,No,Roundabout,-33.770731,151.109047,Ryde,Sydney metro. area,Syd-Newc-Woll Gtr conurbation,Straight,,,,Unknown / not stated,Sealed,Dry,Overcast,Daylight,Nil,Give way sign,50 km/h,Local,30,Rear end,301,Same - Rear end,,Rear end,4 wheel drive / SUV,Car (sedan/hatch),2,0,0,0,0,8,August,Winter,Thursday,08:00 - 09:59,AM peak / school commute,True,False,False,False
1358341,Non-casualty (towaway),Non-casualty (towaway),2024,2024,July,Tuesday,20:00 - 21:59,FORSYTH,ST,0,Right on the spot,GLEBE POINT,RD,GLEBE,,No,Not a school zone,T-junction,-33.875849,151.183882,Sydney,Sydney metro. area,Syd-Newc-Woll Gtr conurbation,Straight,,,,Unknown / not stated,Sealed,Dry,Fine,Darkness,Nil,No traffic controls,40 km/h,Local,53,Overtake turning,506,Ovtak - Overtaking right turn,,Other angle,Car (sedan/hatch),Light truck,2,0,0,0,0,7,July,Winter,Tuesday,20:00 - 21:59,Evening / night,False,False,False,False
1358343,Non-casualty (towaway),Non-casualty (towaway),2024,2024,July,Friday,16:00 - 17:59,ROCKET,ST,200,West,VENESS,ST,WEST BATHURST,,No,Not a school zone,2-way undivided,-33.415334,149.562702,Bathurst Regional,Country urban,Rest of NSW - Urban,Straight,Driveway/entrance,,,Unknown / not stated,Sealed,Dry,Fine,Dusk,Nil,No traffic controls,50 km/h,Local,71,Off rd left => obj,703,Left off cway into object,,Vehicle - Object,Light truck utility(from 2018),,1,0,0,0,0,7,July,Winter,Friday,16:00 - 17:59,PM peak / evening commute,True,False,False,False
1358344,Non-casualty (towaway),Non-casualty (towaway),2024,2024,July,Saturday,10:00 - 11:59,QUEEN,ST,130,South,PRINCES,HWY,NEWTOWN,,No,Not a school zone,1-way street,-33.893508,151.187422,Sydney,Sydney metro. area,Syd-Newc-Woll Gtr conurbation,Straight,,,,Unknown / not stated,Sealed,Wet,Overcast,Daylight,Nil,No traffic controls,40 km/h,Local,71,Off rd left => obj,703,Left off cway into object,,Other angle,Light truck,Car (sedan/hatch),2,0,0,0,0,7,July,Winter,Saturday,10:00 - 11:59,Midday / afternoon,False,False,False,False