crash_id,degree_of_crash,degree_of_crash_-_detailed,reporting_year,year_of_crash,month_of_crash,day_of_week_of_crash,two-hour_intervals,street_of_crash,street_type,distance,direction,identifying_feature,identifying_feature_type,town,route_no.,school_zone_location,school_zone_active,type_of_location,latitude,longitude,lga,urbanisation,conurbation_1,alignment,primary_permanent_feature,primary_temporary_feature,primary_hazardous_feature,street_lighting,road_surface,surface_condition,weather,natural_lighting,signals_operation,other_traffic_control,speed_limit,road_classification_(admin),rum_-_code,rum_-_description,dca_-_code,dca_-_description,dca_supplement,first_impact_type,key_tu_type,other_tu_type,no._of_traffic_units_involved,no._killed,no._seriously_injured,no._moderately_injured,no._minor-other_injured,month_num,month_label,season,day_label,time_label,time_band,is_peak_commute,is_fatal,is_injury,is_casualty
1358346,Non-casualty (towaway),Non-casualty (towaway),2024,2024,July,Tuesday,16:00 - 17:59,POWER,ST,0,Right on the spot,OWEN,ST,GLENDENNING,7159.0,No,Not a school zone,T-junction,-33.753733,150.857044,Blacktown,Sydney metro. area,Syd-Newc-Woll Gtr conurbation,Straight,,,,Unknown / not stated,Sealed,Dry,Fine,Daylight,Nil,Give way sign,60 km/h,Regional,37,Left turn sideswipe,309,Same - Left turn side swipe,,Other angle,Semi-trailer,4 wheel drive / SUV,2,0,0,0,0,7,July,Winter,Tuesday,16:00 - 17:59,PM peak / evening commute,True,False,False,False
1358350,Non-casualty (towaway),Non-casualty (towaway),2024,2024,July,Sunday,16:00 - 17:59,NEW ENGLAND,HWY,300,North,GLENYALLA,RD,WILLOW TREE,9.0,No,Not a school zone,2-way undivided,-31.692157,150.769508,Liverpool Plains,Country non-urban,Rest of NSW - Rural,Straight,Ditch/drain/culvert,,,Unknown / not stated,Sealed,Wet,Fine,Daylight,Nil,No traffic controls,100 km/h,State,70,Off road to left,701,Off carriageway to left,,Rollover,Light truck utility(from 2018),,1,0,0,0,0,7,July,Winter,Sunday,16:00 - 17:59,PM peak / evening commute,True,False,False,False
1358358,Non-casualty (towaway),Non-casualty (towaway),2024,2024,March,Monday,12:00 - 13:59,BODALLA PARK,DR,30,West,PRINCES,HWY,BODALLA,,No,Not a school zone,2-way undivided,-36.102817,150.054484,Eurobodalla,Country urban,Rest of NSW - Urban,Straight,,,,Nil,Sealed,Dry,Fine,Daylight,Nil,No traffic controls,60 km/h,Local,73,Off rd rght => obj,704,Right off cway into obj,,Vehicle - Object,Car (sedan/hatch),,1,0,0,0,0,3,March,Autumn,Monday,12:00 - 13:59,Midday / afternoon,False,False,False,False
1358365,Non-casualty (towaway),Non-casualty (towaway),2024,2024,March,Friday,00:01 - 01:59,CHELTENHAM,RD,50,North,ROSTHERNE,AVE,CROYDON,,No,Not a school zone,2-way undivided,-33.871556,151.112912,Burwood,Sydney metro. area,Syd-Newc-Woll Gtr conurbation,Straight,,,,On,Sealed,Dry,Fine,Darkness,Nil,No traffic controls,50 km/h,Local,71,Off rd left => obj,703,Left off cway into object,,Other angle,Car (sedan/hatch),Passenger van,2,0,0,0,0,3,March,Autumn,Friday,00:01 - 01:59,Late night / early morning,False,False,False,False
1358369,Non-casualty (towaway),Non-casualty (towaway),2024,2024,April,Sunday,14:00 - 15:59,CORAL,ST,205,North,EDEN,ST,TWEED HEADS,,No,Not a school zone,2-way undivided,-28.165331,153.551205,Tweed,Country urban,Rest of NSW - Urban,Straight,,,,Nil,Sealed,Dry,Fine,Daylight,Nil,No traffic controls,50 km/h,Local,73,Off rd rght => obj,704,Right off cway into obj,,Other angle,4 wheel drive / SUV,4 wheel drive / SUV,2,0,0,0,0,4,April,Autumn,Sunday,14:00 - 15:59,Midday / afternoon,False,False,False,False
1358384,Non-casualty (towaway),Non-casualty (towaway),2024,2024,April,Sunday,10:00 - 11:59,RICHARDSONS,CRES,50,South,RICHARDSONS,CRES,MARRICKVILLE,2099.0,No,Not a school zone,2-way undivided,-33.922444,151.156368,Inner West,Sydney metro. area,Syd-Newc-Woll Gtr conurbation,Straight,Steep grade,,,Off,Sealed,Dry,Fine,Daylight,Nil,No traffic controls,50 km/h,Regional,71,Off rd left => obj,703,Left off cway into object,,Other angle,4 wheel drive / SUV,4 wheel drive / SUV,4,0,0,0,0,4,April,Autumn,Sunday,10:00 - 11:59,Midday / afternoon,False,False,False,False
1358404,Non-casualty (towaway),Non-casualty (towaway),2024,2024,March,Wednesday,22:00 - Midnight,MILPERRA,RD,0,Right on the spot,EDGAR,ST,REVESBY,167.0,No,Not a school zone,X-intersection,-33.936084,151.011331,Canterbury-Bankstown,Sydney metro. area,Syd-Newc-Woll Gtr conurbation,Straight,,,,On,Sealed,Dry,Fine,Darkness,On,No traffic controls,70 km/h,State,71,Off rd left => obj,703,Left off cway into object,,Vehicle - Object,Car (sedan/hatch),,1,0,0,0,0,3,March,Autumn,Wednesday,22:00 - Midnight,Evening / night,False,False,False,False
1358405,Non-casualty (towaway),Non-casualty (towaway),2024,2024,May,Wednesday,18:00 - 19:59,VICTORIA,RD,24,East,SHEPHERD,ST,RYDE,165.0,No,Not a school zone,Divided road,-33.814171,151.097399,Ryde,Sydney metro. area,Syd-Newc-Woll Gtr conurbation,Straight,,,,On,Sealed,Wet,Raining,Dusk,Nil,No traffic controls,60 km/h,State,71,Off rd left => obj,703,Left off cway into object,,Vehicle - Object,4 wheel drive / SUV,,1,0,0,0,0,5,May,Autumn,Wednesday,18:00 - 19:59,PM peak / evening commute,True,False,False,False
1358443,Non-casualty (towaway),Non-casualty (towaway),2024,2024,May,Saturday,16:00 - 17:59,BRITANNIA,ST,0,Right on the spot,NUMBER 14,HN,PENNANT HILLS,,No,Not a school zone,2-way undivided,-33.740946,151.076039,Hornsby,Sydney metro. area,Syd-Newc-Woll Gtr conurbation,Straight,,,,On,Sealed,Dry,Fine,Darkness,Nil,No traffic controls,50 km/h,Local,71,Off rd left => obj,703,Left off cway into object,,Other angle,Car (sedan/hatch),Car (sedan/hatch),2,0,0,0,0,5,May,Autumn,Saturday,16:00 - 17:59,PM peak / evening commute,True,False,False,False
1358451,Non-casualty (towaway),Non-casualty (towaway),2024,2024,June,Tuesday,00:01 - 01:59,EPSOM,RD,0,Right on the spot,NUMBER 165,HN,CHIPPING NORTON,,No,Not a school zone,2-way undivided,-33.919835,150.953355,Liverpool,Sydney metro. area,Syd-Newc-Woll Gtr conurbation,Straight,Painted double centre lines,,,On,Sealed,Dry,Fine,Darkness,Nil,No traffic controls,40 km/h,Local,73,Off rd rght => obj,704,Right off cway into obj,,Vehicle - Object,Light truck,,1,0,0,0,0,6,June,Winter,Tuesday,00:01 - 01:59,Late night / early morning,False,False,False,False
1358452,Non-casualty (towaway),Non-casualty (towaway),2024,2024,May,Sunday,14:00 - 15:59,OLD NORTHERN,RD,0,Right on the spot,CHELSEA,AVE,BAULKHAM HILLS,160.0,No,Not a school zone,T-junction,-33.750581,150.99417,The Hills,Sydney metro. area,Syd-Newc-Woll Gtr conurbation,Straight,,,,Off,Sealed,Dry,Fine,Daylight,Nil,No traffic controls,60 km/h,State,16,Left near,107,Adj - Left-thru from right,,Right angle,4 wheel drive / SUV,4 wheel drive / SUV,2,0,0,0,0,5,May,Autumn,Sunday,14:00 - 15:59,Midday / afternoon,False,False,False,False
1358460,Non-casualty (towaway),Non-casualty (towaway),2024,2024,June,Wednesday,06:00 - 07:59,ELIZABETH,DR,0,Right on the spot,MAMRE,RD,KEMPS CREEK,535.0,No,Not a school zone,Roundabout,-33.880572,150.807664,Penrith,Sydney metro. area,Syd-Newc-Woll Gtr conurbation,Straight,,Roadwks/Detour/Diverson,,On,Sealed,Dry,Fine,Dawn,Nil,Give way sign,60 km/h,State,33,Lane sideswipe,305,Same - Lane side swipe,,Other angle,Semi-trailer,4 wheel drive / SUV,2,0,0,0,0,6,June,Winter,Wednesday,06:00 - 07:59,AM peak / school commute,True,False,False,False
1358474,Non-casualty (towaway),Non-casualty (towaway),2024,2024,May,Thursday,06:00 - 07:59,PRIDDLE,ST,0,Right on the spot,SCRIVENER,ST,WARWICK FARM,,No,Not a school zone,L-junction,-33.917174,150.938061,Liverpool,Sydney metro. area,Syd-Newc-Woll Gtr conurbation,Curved,,,,Nil,Sealed,Dry,Fine,Dawn,Nil,No traffic controls,50 km/h,Local,87,Off lft/lft bnd=>obj,804,Off left bend into obj,Left,Other angle,Unknown motor vehicle,4 wheel drive / SUV,2,0,0,0,0,5,May,Autumn,Thursday,06:00 - 07:59,AM peak / school commute,True,False,False,False
1358502,Non-casualty (towaway),Non-casualty (towaway),2024,2024,July,Wednesday,00:01 - 01:59,BOTANY,RD,0,Right on the spot,NUMBER 1801,HN,BANKSMEADOW,170.0,No,Not a school zone,Divided road,-33.962033,151.217286,Bayside,Sydney metro. area,Syd-Newc-Woll Gtr conurbation,Curved,,,,Nil,Sealed,Dry,Fine,Darkness,Nil,No traffic controls,70 km/h,State,85,Off rt/lft bnd=>obj,804,Off left bend into obj,Right,Vehicle - Object,Car (sedan/hatch),,1,0,0,0,0,7,July,Winter,Wednesday,00:01 - 01:59,Late night / early morning,False,False,False,False
1358506,Non-casualty (towaway),Non-casualty (towaway),2024,2024,July,Saturday,12:00 - 13:59,FOWLER,ST,100,West,BEAUMONT,ST,HAMILTON SOUTH,,No,Not a school zone,2-way undivided,-32.935777,151.743379,Newcastle,Newcastle met. area,Syd-Newc-Woll Gtr conurbation,Straight,,,,Off,Sealed,Dry,Fine,Daylight,Nil,No traffic controls,50 km/h,Local,71,Off rd left => obj,703,Left off cway into object,,Other angle,Car (sedan/hatch),Car (sedan/hatch),2,0,0,0,0,7,July,Winter,Saturday,12:00 - 13:59,Midday / afternoon,False,False,False,False
1358508,Non-casualty (towaway),Non-casualty (towaway),2024,2024,July,Thursday,22:00 - Midnight,CARRINGTON,ST,50,East,HARTINGTON,ST,GRANVILLE,,No,Not a school zone,2-way undivided,-33.837299,151.00871,Cumberland,Sydney metro. area,Syd-Newc-Woll Gtr conurbation,Straight,,,,Nil,Sealed,Dry,Fine,Darkness,Nil,No traffic controls,50 km/h,Local,41,U turn into object,207,Opp - U-turn,,Other angle,Car (sedan/hatch),Car (sedan/hatch),2,0,0,0,0,7,July,Winter,Thursday,22:00 - Midnight,Evening / night,False,False,False,False
1358510,Non-casualty (towaway),Non-casualty (towaway),2024,2024,June,Saturday,20:00 - 21:59,RONALD,ST,20,South,MCLEAN,RD,CAMPBELLTOWN,,No,Not a school zone,2-way undivided,-34.066091,150.82796,Campbelltown,Sydney metro. area,Syd-Newc-Woll Gtr conurbation,Straight,,,,Nil,Sealed,Dry,Fine,Darkness,Nil,No traffic controls,50 km/h,Local,71,Off rd left => obj,703,Left off cway into object,,Other angle,Utility,Car (sedan/hatch),2,0,0,0,0,6,June,Winter,Saturday,20:00 - 21:59,Evening / night,False,False,False,False
1358513,Non-casualty (towaway),Non-casualty (towaway),2024,2024,July,Tuesday,20:00 - 21:59,WARRAMBOOL,RD,25,North,WEERONGA,WAY,OCEAN SHORES,,No,Not a school zone,2-way undivided,-28.525425,153.53921,Byron,Country urban,Rest of NSW - Urban,Curved,,,,On,Sealed,Dry,Fine,Darkness,Nil,No traffic controls,50 km/h,Local,81,Off left/rt bnd=>obj,803,Off right bend into obj,Left,Vehicle - Object,Car (sedan/hatch),,1,0,0,0,0,7,July,Winter,Tuesday,20:00 - 21:59,Evening / night,False,False,False,False
1358534,Non-casualty (towaway),Non-casualty (towaway),2024,2024,July,Tuesday,12:00 - 13:59,NEW ENGLAND,HWY,50,North,CHELMSFORD,DR,EAST MAITLAND,9.0,No,Not a school zone,Divided road,-32.762006,151.595752,Maitland,Country urban,Rest of NSW - Urban,Straight,,,,Off,Sealed,Wet,Raining,Daylight,Nil,No traffic controls,60 km/h,State,30,Rear end,301,Same - Rear end,,Rear end,Light truck utility(from 2018),Car (sedan/hatch),3,0,0,0,0,7,July,Winter,Tuesday,12:00 - 13:59,Midday / afternoon,False,False,False,False
1358542,Non-casualty (towaway),Non-casualty (towaway),2024,2024,July,Monday,00:01 - 01:59,PACIFIC,HWY,20,South,PATTERSONS LANE,OP,SOUTH KEMPSEY,10.0,No,Not a school zone,Divided road,-31.109527,152.839152,Kempsey,Country non-urban,Rest of NSW - Rural,Curved,Other bridge,,,Nil,Sealed,Dry,Fine,Darkness,Nil,No traffic controls,110 km/h,State,62,Accident,603,On path - Previous accident,,Other angle,B-double (road train prior 98),Car (sedan/hatch),2,0,0,0,0,7,July,Winter,Monday,00:01 - 01:59,Late night / early morning,False,False,False,False
1358553,Non-casualty (towaway),Non-casualty (towaway),2024,2024,July,Sunday,16:00 - 17:59,JETT,PL,0,Right on the spot,NUMBER 16,HN,BATEAU BAY,,No,Not a school zone,2-way undivided,-33.377674,151.454454,Central Coast,Country urban,Syd-Newc-Woll Gtr conurbation,Straight,,,,Off,Sealed,Dry,Fine,Daylight,Nil,No traffic controls,50 km/h,Local,71,Off rd left => obj,703,Left off cway into object,,Vehicle - Object,Car (sedan/hatch),,1,0,0,0,0,7,July,Winter,Sunday,16:00 - 17:59,PM peak / evening commute,True,False,False,False
1358570,Non-casualty (towaway),Non-casualty (towaway),2024,2024,July,Monday,18:00 - 19:59,SOUTH WESTERN,EXP,680,West,KING GEORGES ROAD,OP,NARWEE,6005.0,No,Not a school zone,Dual freeway,-33.943738,151.06963,Canterbury-Bankstown,Sydney metro. area,Syd-Newc-Woll Gtr conurbation,Straight,,,,Off,Sealed,Dry,Fine,Darkness,Nil,No traffic controls,100 km/h,State,30,Rear end,301,Same - Rear end,,Rear end,Light truck utility(from 2018),Unknown motor vehicle,2,0,0,0,0,7,July,Winter,Monday,18:00 - 19:59,PM peak / evening commute,True,False,False,False
1358576,Non-casualty (towaway),Non-casualty (towaway),2024,2024,July,Thursday,20:00 - 21:59,NEWCASTLE,EXP,0,Right on the spot,PALMERS ROAD,TO,FREEMANS WATERHOLE,6003.0,No,Not a school zone,Dual freeway,-32.991177,151.51678,Lake Macquarie,Newcastle met. area,Syd-Newc-Woll Gtr conurbation,Straight,,,,On,Sealed,Dry,Fine,Darkness,Nil,No traffic controls,110 km/h,State,71,Off rd left => obj,703,Left off cway into object,,Vehicle - Object,Light truck utility(from 2018),,1,0,0,0,0,7,July,Winter,Thursday,20:00 - 21:59,Evening / night,False,False,False,False
1358577,Non-casualty (towaway),Non-casualty (towaway),2024,2024,July,Sunday,14:00 - 15:59,WAKADEN,ST,0,Right on the spot,BLUMER,AVE,GRIFFITH,321.0,No,Not a school zone,Roundabout,-34.287714,146.064729,Griffith,Country urban,Rest of NSW - Urban,Straight,,,,Nil,Sealed,Dry,Fine,Daylight,Nil,Give way sign,50 km/h,Regional,10,Cross traffic,101,Adj - Cross traffic,,Right angle,4 wheel drive / SUV,Car (sedan/hatch),2,0,0,0,0,7,July,Winter,Sunday,14:00 - 15:59,Midday / afternoon,False,False,False,False
1358580,Non-casualty (towaway),Non-casualty (towaway),2024,2024,July,Saturday,12:00 - 13:59,CONGER,RD,80,North,BOORAL,RD,GIRVAN,,No,Not a school zone,2-way undivided,-32.484403,152.022302,Mid-Coast,Country urban,Rest of NSW - Urban,Straight,Driveway/entrance,,,Nil,Unsealed,Dry,Overcast,Daylight,Nil,No traffic controls,60 km/h,Local,46,Reversing into obj,405,Manov - Reverse into fixed obj,,Vehicle - Object,4 wheel drive / SUV,,1,0,0,0,0,7,July,Winter,Saturday,12:00 - 13:59,Midday / afternoon,False,False,False,False
1358588,Non-casualty (towaway),Non-casualty (towaway),2024,2024,July,Sunday,02:00 - 03:59,MARSHALL,RD,10,South,GARNET,RD,KAREELA,,No,Not a school zone,T-junction,-34.022633,151.081803,Sutherland,Sydney metro. area,Syd-Newc-Woll Gtr conurbation,Straight,Steep grade,,,On,Sealed,Dry,Fine,Darkness,Nil,No traffic controls,50 km/h,Local,81,Off left/rt bnd=>obj,707,Right turn,Left,Other angle,Unknown type,4 wheel drive / SUV,2,0,0,0,0,7,July,Winter,Sunday,02:00 - 03:59,Late night / early morning,False,False,False,False
1358596,Non-casualty (towaway),Non-casualty (towaway),2024,2024,July,Thursday,08:00 - 09:59,DEVLIN,ST,50,North,VICTORIA ROAD,OP,RYDE,200.0,No,Not a school zone,Divided road,-33.815239,151.103225,Ryde,Sydney metro. area,Syd-Newc-Woll Gtr conurbation,Straight,,,,Off,Sealed,Dry,Fine,Daylight,Nil,No traffic controls,60 km/h,State,35,Lane change left,307,Same - Lane change left,,Other angle,Unknown motor vehicle,Car (sedan/hatch),2,0,0,0,0,7,July,Winter,Thursday,08:00 - 09:59,AM peak / school commute,True,False,False,False
1358599,Non-casualty (towaway),Non-casualty (towaway),2024,2024,June,Thursday,10:00 - 11:59,PACIFIC,HWY,0,Right on the spot,MARCIA,ST,COFFS HARBOUR,10.0,No,Not a school zone,X-intersection,-30.289957,153.121076,Coffs Harbour,Country urban,Rest of NSW - Urban,Straight,,,,Off,Sealed,Wet,Overcast,Daylight,On,No traffic controls,60 km/h,State,13,Right near,104,Adj - Right-thru from right,,Right angle,4 wheel drive / SUV,4 wheel drive / SUV,4,0,0,0,0,6,June,Winter,Thursday,10:00 - 11:59,Midday / afternoon,False,False,False,False
1358601,Non-casualty (towaway),Non-casualty (towaway),2024,2024,July,Monday,06:00 - 07:59,EMERT,ST,0,Right on the spot,NUMBER 12,HN,WENTWORTHVILLE,,No,Not a school zone,2-way undivided,-33.806031,150.967327,Cumberland,Sydney metro. area,Syd-Newc-Woll Gtr conurbation,Straight,Driveway/entrance,,,Off,Sealed,Dry,Fine,Dawn,Nil,No traffic controls,50 km/h,Local,49,Other manoeuvring,400,Manov - other,,Other angle,Car (sedan/hatch),,1,0,0,0,0,7,July,Winter,Monday,06:00 - 07:59,AM peak / school commute,True,False,False,False
1358604,Non-casualty (towaway),Non-casualty (towaway),2024,2024,July,Saturday,22:00 - Midnight,GLADSTONE,AVE,0,Right on the spot,NUMBER 17,HN,WOLLONGONG,7641.0,No,Not a school zone,2-way undivided,-34.428468,150.886794,Wollongong,Wollongong met. area,Syd-Newc-Woll Gtr conurbation,Straight,,,,On,Sealed,Dry,Fine,Darkness,Nil,No traffic controls,50 km/h,Regional,71,Off rd left => obj,703,Left off cway into object,,Other angle,Car (sedan/hatch),Car (sedan/hatch),2,0,0,0,0,7,July,Winter,Saturday,22:00 - Midnight,Evening / night,False,False,False,False
1358614,Non-casualty (towaway),Non-casualty (towaway),2024,2024,June,Sunday,18:00 - 19:59,BRYANT,DR,0,Right on the spot,LAKE,RD,TUGGERAH,,No,Not a school zone,T-junction,-33.308042,151.42294,Central Coast,Country urban,Syd-Newc-Woll Gtr conurbation,Curved,Ditch/drain/culvert,,,On,Sealed,Dry,Fine,Darkness,Nil,Give way sign,50 km/h,Local,75,Off end of road,709,Off end cway or T junct,,Vehicle - Object,Car (sedan/hatch),,1,0,0,0,0,6,June,Winter,Sunday,18:00 - 19:59,PM peak / evening commute,True,False,False,False
1358624,Non-casualty (towaway),Non-casualty (towaway),2024,2024,July,Thursday,12:00 - 13:59,ARCADIA,RD,35,North,MARTIN,RD,GALSTON,332.0,Yes,No,2-way undivided,-33.649397,151.046237,Hornsby,Sydney metro. area,Syd-Newc-Woll Gtr conurbation,Straight,Pedestrian refuge,,,Off,Sealed,Dry,Fine,Daylight,Nil,Ped crossing,60 km/h,Regional,30,Rear end,301,Same - Rear end,,Rear end,4 wheel drive / SUV,Car (sedan/hatch),2,0,0,0,0,7,July,Winter,Thursday,12:00 - 13:59,Midday / afternoon,False,False,False,False
1358626,Non-casualty (towaway),Non-casualty (towaway),2024,2024,July,Saturday,12:00 - 13:59,MACEDONE,RD,200,South,ROSSETTO,RD,BILBUL,,No,Not a school zone,2-way undivided,-34.27054,146.094101,Griffith,Country non-urban,Rest of NSW - Rural,Straight,Causeway,,,Nil,Sealed,Dry,Fine,Daylight,Nil,No traffic controls,100 km/h,Local,73,Off rd rght => obj,704,Right off cway into obj,,Vehicle - Object,Light truck utility(from 2018),,1,0,0,0,0,7,July,Winter,Saturday,12:00 - 13:59,Midday / afternoon,False,False,False,False
1358630,Non-casualty (towaway),Non-casualty (towaway),2024,2024,May,Tuesday,06:00 - 07:59,BOUNDARY,ST,0,Right on the spot,NUMBER186,HN,DARLINGHURST,625.0,No,Not a school zone,2-way undivided,-33.881366,151.22044,Sydney,Sydney metro. area,Syd-Newc-Woll Gtr conurbation,Straight,,,,Nil,Sealed,Dry,Fine,Daylight,Nil,No traffic controls,40 km/h,Regional,71,Off rd left => obj,703,Left off cway into object,,Other angle,Car (sedan/hatch),4 wheel drive / SUV,2,0,0,0,0,5,May,Autumn,Tuesday,06:00 - 07:59,AM peak / school commute,True,False,False,False
1358637,Non-casualty (towaway),Non-casualty (towaway),2024,2024,June,Tuesday,12:00 - 13:59,CANLEY VALE,RD,0,Right on the spot,RAILWAY,PDE,CANLEY VALE,7224.0,No,Not a school zone,T-junction,-33.887311,150.943315,Fairfield,Sydney metro. area,Syd-Newc-Woll Gtr conurbation,Straight,,,,Off,Sealed,Dry,Fine,Daylight,On,No traffic controls,60 km/h,Regional,21,Right through,202,Opp - Right-thru,,Other angle,Car (sedan/hatch),Car (sedan/hatch),2,0,0,0,0,6,June,Winter,Tuesday,12:00 - 13:59,Midday / afternoon,False,False,False,False
1358644,Non-casualty (towaway),Non-casualty (towaway),2024,2024,July,Monday,20:00 - 21:59,DURSLEY,RD,0,Right on the spot,NUMBER 7,HN,YENNORA,,No,Not a school zone,2-way undivided,-33.858114,150.961015,Cumberland,Sydney metro. area,Syd-Newc-Woll Gtr conurbation,Straight,,,,Nil,Sealed,Dry,Fine,Darkness,Nil,No traffic controls,50 km/h,Local,49,Other manoeuvring,400,Manov - other,,Other angle,Unknown type,Passenger van,2,0,0,0,0,7,July,Winter,Monday,20:00 - 21:59,Evening / night,False,False,False,False
1358656,Non-casualty (towaway),Non-casualty (towaway),2024,2024,July,Sunday,14:00 - 15:59,UNION,RD,10,West,CALIMO,ST,NORTH ALBURY,,No,Not a school zone,T-junction,-36.053562,146.942134,Albury,Country urban,Rest of NSW - Urban,Straight,,,,Off,Sealed,Dry,Fine,Daylight,Nil,Give way sign,60 km/h,Local,71,Off rd left => obj,703,Left off cway into object,,Other angle,Car (sedan/hatch),4 wheel drive / SUV,2,0,0,0,0,7,July,Winter,Sunday,14:00 - 15:59,Midday / afternoon,False,False,False,False
1358683,Non-casualty (towaway),Non-casualty (towaway),2024,2024,July,Saturday,18:00 - 19:59,ELLANGOWAN,RD,150,North,RYANS,RD,YORKLEA,,No,Not a school zone,2-way undivided,-28.971568,153.055607,Richmond Valley,Country non-urban,Rest of NSW - Rural,Straight,,,,Nil,Sealed,Dry,Fine,Dusk,Nil,No traffic controls,100 km/h,Local,62,Accident,603,On path - Previous accident,,Other angle,Car (sedan/hatch),Light truck utility(from 2018),2,0,0,0,0,7,July,Winter,Saturday,18:00 - 19:59,PM peak / evening commute,True,False,False,False
1358685,Non-casualty (towaway),Non-casualty (towaway),2024,2024,July,Friday,16:00 - 17:59,LONGWORTH,AVE,10,South,BEAN,ST,WALLSEND,,No,Not a school zone,T-junction,-32.899243,151.677112,Newcastle,Newcastle met. area,Syd-Newc-Woll Gtr conurbation,Curved,,,,On,Sealed,Dry,Fine,Darkness,Nil,No traffic controls,50 km/h,Local,85,Off rt/lft bnd=>obj,804,Off left bend into obj,Right,Other angle,4 wheel drive / SUV,Car (sedan/hatch),2,0,0,0,0,7,July,Winter,Friday,16:00 - 17:59,PM peak / evening commute,True,False,False,False
1358686,Non-casualty (towaway),Non-casualty (towaway),2024,2024,July,Wednesday,14:00 - 15:59,CARWAR,AVE,50,South,PRINCES,HWY,CARSS PARK,,No,Not a school zone,2-way undivided,-33.982378,151.117717,Georges River,Sydney metro. area,Syd-Newc-Woll Gtr conurbation,Straight,Bus stop,,,Off,Sealed,Dry,Fine,Daylight,Nil,No traffic controls,50 km/h,Local,71,Off rd left => obj,703,Left off cway into object,,Other angle,Car (sedan/hatch),Station wagon,2,0,0,0,0,7,July,Winter,Wednesday,14:00 - 15:59,Midday / afternoon,False,False,False,False
1358691,Non-casualty (towaway),Non-casualty (towaway),2024,2024,July,Friday,08:00 - 09:59,BYDOWN,ST,10,North,OLIVE,LANE,NEUTRAL BAY,,No,Not a school zone,X-intersection,-33.831542,151.220273,North Sydney,Sydney metro. area,Syd-Newc-Woll Gtr conurbation,Straight,,,,Nil,Sealed,Dry,Fine,Daylight,Nil,No traffic controls,50 km/h,Local,49,Other manoeuvring,400,Manov - other,,Other angle,Unknown type,4 wheel drive / SUV,2,0,0,0,0,7,July,Winter,Friday,08:00 - 09:59,AM peak / school commute,True,False,False,False
1358700,Non-casualty (towaway),Non-casualty (towaway),2024,2024,July,Saturday,02:00 - 03:59,CASTLEREAGH,RD,0,Right on the spot,COREEN,AVE,PENRITH,630.0,No,Not a school zone,Roundabout,-33.743377,150.691845,Penrith,Sydney metro. area,Syd-Newc-Woll Gtr conurbation,Curved,,,,On,Sealed,Dry,Fine,Darkness,Nil,Give way sign,60 km/h,State,82,Off right/right bend,707,Right turn,Right,Rollover,Car (sedan/hatch),,1,0,0,0,0,7,July,Winter,Saturday,02:00 - 03:59,Late night / early morning,False,False,False,False
1358702,Non-casualty (towaway),Non-casualty (towaway),2024,2024,May,Monday,10:00 - 11:59,HEATHCOTE,RD,90,North,JUNCTION,RD,MOOREBANK,512.0,No,Not a school zone,2-way undivided,-33.93835,150.93938,Liverpool,Sydney metro. area,Syd-Newc-Woll Gtr conurbation,Curved,,,,Off,Sealed,Dry,Fine,Daylight,Nil,No traffic controls,60 km/h,State,83,Off rt/rt bnd=>obj,803,Off right bend into obj,Right,Vehicle - Object,Light truck utility(from 2018),,2,0,0,0,0,5,May,Autumn,Monday,10:00 - 11:59,Midday / afternoon,False,False,False,False
1358708,Non-casualty (towaway),Non-casualty (towaway),2024,2024,April,Tuesday,02:00 - 03:59,GLENVIEW,RD,0,Right on the spot,NUMBER 25,HN,MOUNT KURING-GAI,,No,Not a school zone,2-way undivided,-33.654943,151.132079,Hornsby,Sydney metro. area,Syd-Newc-Woll Gtr conurbation,Straight,,,,On,Sealed,Dry,Fine,Darkness,Nil,No traffic controls,50 km/h,Local,73,Off rd rght => obj,704,Right off cway into obj,,Vehicle - Object,Car (sedan/hatch),,1,0,0,0,0,4,April,Autumn,Tuesday,02:00 - 03:59,Late night / early morning,False,False,False,False
1358710,Non-casualty (towaway),Non-casualty (towaway),2024,2024,July,Monday,22:00 - Midnight,HILLCREST,AVE,0,Right on the spot,SEABROOK,AVE,BATEAU BAY,,No,Not a school zone,L-junction,-33.379236,151.464175,Central Coast,Country urban,Syd-Newc-Woll Gtr conurbation,Curved,,,,On,Sealed,Dry,Fine,Darkness,Nil,No traffic controls,50 km/h,Local,85,Off rt/lft bnd=>obj,804,Off left bend into obj,Right,Other angle,Car (sedan/hatch),Light truck utility(from 2018),2,0,0,0,0,7,July,Winter,Monday,22:00 - Midnight,Evening / night,False,False,False,False
1358712,Non-casualty (towaway),Non-casualty (towaway),2024,2024,July,Monday,16:00 - 17:59,PRINCES,HWY,180,North,BLUE MARLIN,CT,EDEN,1.0,No,Not a school zone,2-way undivided,-37.049769,149.901161,Bega Valley,Country urban,Rest of NSW - Urban,Straight,,,,Off,Sealed,Dry,Overcast,Daylight,Nil,No traffic controls,60 km/h,State,71,Off rd left => obj,703,Left off cway into object,,Other angle,Unknown motor vehicle,4 wheel drive / SUV,2,0,0,0,0,7,July,Winter,Monday,16:00 - 17:59,PM peak / evening commute,True,False,False,False
1358722,Non-casualty (towaway),Non-casualty (towaway),2024,2024,July,Saturday,08:00 - 09:59,HOXTON PARK,RD,10,East,HILL,RD,LIVERPOOL,681.0,No,Not a school zone,T-junction,-33.926351,150.898862,Liverpool,Sydney metro. area,Syd-Newc-Woll Gtr conurbation,Straight,,,,Off,Sealed,Wet,Raining,Daylight,On,No traffic controls,70 km/h,State,11,Right far,102,Adj - Right-thru from left,,Right angle,Car (sedan/hatch),Unknown motor vehicle,2,0,0,0,0,7,July,Winter,Saturday,08:00 - 09:59,AM peak / school commute,True,False,False,False