crash_id,degree_of_crash,degree_of_crash_-_detailed,reporting_year,year_of_crash,month_of_crash,day_of_week_of_crash,two-hour_intervals,street_of_crash,street_type,distance,direction,identifying_feature,identifying_feature_type,town,route_no.,school_zone_location,school_zone_active,type_of_location,latitude,longitude,lga,urbanisation,conurbation_1,alignment,primary_permanent_feature,primary_temporary_feature,primary_hazardous_feature,street_lighting,road_surface,surface_condition,weather,natural_lighting,signals_operation,other_traffic_control,speed_limit,road_classification_(admin),rum_-_code,rum_-_description,dca_-_code,dca_-_description,dca_supplement,first_impact_type,key_tu_type,other_tu_type,no._of_traffic_units_involved,no._killed,no._seriously_injured,no._moderately_injured,no._minor-other_injured,month_num,month_label,season,day_label,time_label,time_band,is_peak_commute,is_fatal,is_injury,is_casualty
1358723,Non-casualty (towaway),Non-casualty (towaway),2024,2024,June,Thursday,18:00 - 19:59,HUME,HWY,400,South,CHURCH AVENUE,OP,COLO VALE,2.0,No,Not a school zone,Dual freeway,-34.407905,150.503974,Wingecarribee,Country non-urban,Rest of NSW - Rural,Straight,Ditch/drain/culvert,,,Off,Sealed,Wet,Raining,Darkness,Nil,No traffic controls,110 km/h,State,73,Off rd rght => obj,704,Right off cway into obj,,Vehicle - Object,Light truck utility(from 2018),,1,0,0,0,0,6,June,Winter,Thursday,18:00 - 19:59,PM peak / evening commute,True,False,False,False
1358724,Non-casualty (towaway),Non-casualty (towaway),2024,2024,June,Monday,02:00 - 03:59,JOHN RENSHAW,DR,0,Right on the spot,HUNTER,EXP,BUCHANAN,588.0,No,Not a school zone,Roundabout,-32.829957,151.530322,Cessnock,Country urban,Rest of NSW - Urban,Straight,Crest,,,On,Sealed,Dry,Fine,Darkness,Nil,Give way sign,60 km/h,State,73,Off rd rght => obj,704,Right off cway into obj,,Vehicle - Object,Utility,,1,0,0,0,0,6,June,Winter,Monday,02:00 - 03:59,Late night / early morning,False,False,False,False
1358735,Non-casualty (towaway),Non-casualty (towaway),2024,2024,July,Saturday,18:00 - 19:59,SOUTH,ST,0,Right on the spot,NUMBER 138,HN,RYDALMERE,,No,Not a school zone,2-way undivided,-33.816979,151.048225,Parramatta,Sydney metro. area,Syd-Newc-Woll Gtr conurbation,Straight,,,,Nil,Sealed,Dry,Fine,Darkness,Nil,No traffic controls,50 km/h,Local,71,Off rd left => obj,703,Left off cway into object,,Other angle,Light truck utility(from 2018),4 wheel drive / SUV,3,0,0,0,0,7,July,Winter,Saturday,18:00 - 19:59,PM peak / evening commute,True,False,False,False
1358737,Non-casualty (towaway),Non-casualty (towaway),2024,2024,July,Wednesday,14:00 - 15:59,FERRIER,CRES,0,Right on the spot,MCFARLANE,DR,MINCHINBURY,,No,Not a school zone,T-junction,-33.78442,150.825136,Blacktown,Sydney metro. area,Syd-Newc-Woll Gtr conurbation,Curved,,,,Nil,Sealed,Dry,Fine,Daylight,Nil,No traffic controls,50 km/h,Local,87,Off lft/lft bnd=>obj,804,Off left bend into obj,Left,Other angle,4 wheel drive / SUV,Car (sedan/hatch),2,0,0,0,0,7,July,Winter,Wednesday,14:00 - 15:59,Midday / afternoon,False,False,False,False
1358741,Non-casualty (towaway),Non-casualty (towaway),2024,2024,May,Saturday,16:00 - 17:59,BRADLEY,ST,0,Right on the spot,DARUG,AVE,GLENMORE PARK,,No,Not a school zone,X-intersection,-33.805152,150.679935,Penrith,Sydney metro. area,Syd-Newc-Woll Gtr conurbation,Straight,,,,Nil,Sealed,Dry,Fine,Dusk,Nil,Give way sign,50 km/h,Local,10,Cross traffic,101,Adj - Cross traffic,,Right angle,4 wheel drive / SUV,4 wheel drive / SUV,2,0,0,0,0,5,May,Autumn,Saturday,16:00 - 17:59,PM peak / evening commute,True,False,False,False
1358747,Non-casualty (towaway),Non-casualty (towaway),2024,2024,July,Wednesday,18:00 - 19:59,GRAFTON,ST,0,Right on the spot,NUMBER 11,HN,FAIRY MEADOW,,No,Not a school zone,2-way undivided,-34.395535,150.893963,Wollongong,Wollongong met. area,Syd-Newc-Woll Gtr conurbation,Straight,,,,On,Sealed,Dry,Fine,Darkness,Nil,No traffic controls,50 km/h,Local,20,Head on,201,Opp - Head on,,Head-on,Car (sedan/hatch),4 wheel drive / SUV,3,0,0,0,0,7,July,Winter,Wednesday,18:00 - 19:59,PM peak / evening commute,True,False,False,False
1358748,Non-casualty (towaway),Non-casualty (towaway),2024,2024,July,Friday,10:00 - 11:59,GREAT WESTERN,HWY,0,Right on the spot,HUNTINGWOOD,DR,HUNTINGWOOD,5.0,No,Not a school zone,T-junction,-33.795614,150.888654,Blacktown,Sydney metro. area,Syd-Newc-Woll Gtr conurbation,Straight,,,,Off,Sealed,Dry,Fine,Daylight,On,No traffic controls,80 km/h,State,10,Cross traffic,101,Adj - Cross traffic,,Right angle,Car (sedan/hatch),Car (sedan/hatch),2,0,0,0,0,7,July,Winter,Friday,10:00 - 11:59,Midday / afternoon,False,False,False,False
1358751,Non-casualty (towaway),Non-casualty (towaway),2024,2024,July,Thursday,14:00 - 15:59,MORWICK,ST,0,Right on the spot,WENTWORTH,RD,STRATHFIELD,2027.0,No,Not a school zone,X-intersection,-33.875226,151.097691,Burwood,Sydney metro. area,Syd-Newc-Woll Gtr conurbation,Straight,Crest,,,Off,Sealed,Dry,Fine,Daylight,On,No traffic controls,50 km/h,Regional,49,Other manoeuvring,400,Manov - other,,Other angle,Car (sedan/hatch),Other bus,2,0,0,0,0,7,July,Winter,Thursday,14:00 - 15:59,Midday / afternoon,False,False,False,False
1358756,Non-casualty (towaway),Non-casualty (towaway),2024,2024,July,Thursday,00:01 - 01:59,PACIFIC,HWY,10,South,MUNDERAH,ST,WAHROONGA,10.0,Yes,No,T-junction,-33.72242,151.118222,Ku-ring-gai,Sydney metro. area,Syd-Newc-Woll Gtr conurbation,Straight,,,,On,Sealed,Dry,Fine,Darkness,Nil,No traffic controls,60 km/h,State,71,Off rd left => obj,703,Left off cway into object,,Vehicle - Object,Car (sedan/hatch),,1,0,0,0,0,7,July,Winter,Thursday,00:01 - 01:59,Late night / early morning,False,False,False,False
1358759,Non-casualty (towaway),Non-casualty (towaway),2024,2024,July,Sunday,08:00 - 09:59,GOLDSMITH,ST,0,Right on the spot,BOURKE,ST,GOULBURN,54.0,No,Not a school zone,Roundabout,-34.750214,149.719009,Goulburn Mulwaree,Country urban,Rest of NSW - Urban,Straight,,,,Off,Sealed,Dry,Fine,Daylight,Nil,Give way sign,50 km/h,State,10,Cross traffic,101,Adj - Cross traffic,,Right angle,Car (sedan/hatch),Car (sedan/hatch),2,0,0,0,0,7,July,Winter,Sunday,08:00 - 09:59,AM peak / school commute,True,False,False,False
1358761,Non-casualty (towaway),Non-casualty (towaway),2024,2024,July,Tuesday,18:00 - 19:59,MORRIS,ST,80,West,JACKA,ST,ST MARYS,,No,Not a school zone,2-way undivided,-33.773673,150.783169,Penrith,Sydney metro. area,Syd-Newc-Woll Gtr conurbation,Straight,,,,On,Sealed,Dry,Fine,Darkness,Nil,No traffic controls,50 km/h,Local,73,Off rd rght => obj,704,Right off cway into obj,,Other angle,Car (sedan/hatch),Car (sedan/hatch),2,0,0,0,0,7,July,Winter,Tuesday,18:00 - 19:59,PM peak / evening commute,True,False,False,False
1358789,Non-casualty (towaway),Non-casualty (towaway),2024,2024,July,Monday,20:00 - 21:59,CANTERBURY,RD,0,Right on the spot,SPEEDWAY SERVICE STATION,ENT,PUNCHBOWL,167.0,No,Not a school zone,Divided road,-33.933358,151.03964,Canterbury-Bankstown,Sydney metro. area,Syd-Newc-Woll Gtr conurbation,Straight,Driveway/entrance,Roadwks/Detour/Diverson,,On,Sealed,Dry,Fine,Darkness,Nil,No traffic controls,60 km/h,State,47,Emerging from drive,406,Manov - Emerging from driveway,,Right angle,4 wheel drive / SUV,Car (sedan/hatch),2,0,0,0,0,7,July,Winter,Monday,20:00 - 21:59,Evening / night,False,False,False,False
1358790,Non-casualty (towaway),Non-casualty (towaway),2024,2024,June,Wednesday,10:00 - 11:59,WINDSOR,RD,50,North,CONSTITUTION,RD,DULWICH HILL,,No,Not a school zone,2-way undivided,-33.900515,151.136648,Inner West,Sydney metro. area,Syd-Newc-Woll Gtr conurbation,Straight,,,,Nil,Sealed,Dry,Fine,Daylight,Nil,No traffic controls,50 km/h,Local,71,Off rd left => obj,703,Left off cway into object,,Other angle,Light truck,Car (sedan/hatch),2,0,0,0,0,6,June,Winter,Wednesday,10:00 - 11:59,Midday / afternoon,False,False,False,False
1358797,Non-casualty (towaway),Non-casualty (towaway),2024,2024,July,Thursday,02:00 - 03:59,TARADALE,DR,15,West,KOBE,ST,ROPES CROSSING,,No,Not a school zone,2-way undivided,-33.72565,150.783969,Blacktown,Sydney metro. area,Syd-Newc-Woll Gtr conurbation,Straight,,,,On,Sealed,Dry,Fine,Darkness,Nil,No traffic controls,50 km/h,Local,71,Off rd left => obj,703,Left off cway into object,,Other angle,Car (sedan/hatch),Car (sedan/hatch),3,0,0,0,0,7,July,Winter,Thursday,02:00 - 03:59,Late night / early morning,False,False,False,False
1358798,Non-casualty (towaway),Non-casualty (towaway),2024,2024,July,Sunday,18:00 - 19:59,KENYON,ST,0,Right on the spot,WARE,ST,FAIRFIELD,,No,Not a school zone,Roundabout,-33.870929,150.954839,Fairfield,Sydney metro. area,Syd-Newc-Woll Gtr conurbation,Straight,,,,On,Sealed,Dry,Fine,Darkness,Nil,Give way sign,40 km/h,Local,81,Off left/rt bnd=>obj,707,Right turn,Left,Vehicle - Object,Car (sedan/hatch),,1,0,0,0,0,7,July,Winter,Sunday,18:00 - 19:59,PM peak / evening commute,True,False,False,False
1358801,Non-casualty (towaway),Non-casualty (towaway),2024,2024,July,Monday,12:00 - 13:59,CROWN,ST,0,Right on the spot,MATHEWS,ST,WEST TAMWORTH,,No,Not a school zone,X-intersection,-31.098995,150.921524,Tamworth Regional,Country urban,Rest of NSW - Urban,Straight,Steep grade,,,Unknown / not stated,Sealed,Unknown,Unknown,Daylight,Nil,Give way sign,50 km/h,Local,10,Cross traffic,101,Adj - Cross traffic,,Right angle,4 wheel drive / SUV,Light truck utility(from 2018),2,0,0,0,0,7,July,Winter,Monday,12:00 - 13:59,Midday / afternoon,False,False,False,False
1358806,Non-casualty (towaway),Non-casualty (towaway),2024,2024,July,Wednesday,18:00 - 19:59,DYRRING,RD,0,Right on the spot,PIONEER,RD,SEDGEFIELD,,No,Not a school zone,T-junction,-32.544127,151.210536,Singleton,Country non-urban,Rest of NSW - Rural,Straight,Ditch/drain/culvert,,,Nil,Sealed,Dry,Fine,Darkness,Nil,Give way sign,100 km/h,Local,31,Left rear,302,Same - Rear left,,Rear end,Car (sedan/hatch),Car (sedan/hatch),2,0,0,0,0,7,July,Winter,Wednesday,18:00 - 19:59,PM peak / evening commute,True,False,False,False
1358826,Non-casualty (towaway),Non-casualty (towaway),2024,2024,April,Monday,06:00 - 07:59,NEWCASTLE,EXP,3000,South,MANDALONG,RD,MORISSET,6003.0,No,Not a school zone,Dual freeway,-33.143451,151.476094,Lake Macquarie,Newcastle met. area,Syd-Newc-Woll Gtr conurbation,Curved,B'down lane/road shldr,,,Unknown / not stated,Sealed,Dry,Fine,Dawn,Nil,No traffic controls,110 km/h,State,81,Off left/rt bnd=>obj,803,Off right bend into obj,Left,Other angle,Light truck utility(from 2018),Car (sedan/hatch),2,0,0,0,0,4,April,Autumn,Monday,06:00 - 07:59,AM peak / school commute,True,False,False,False
1358842,Non-casualty (towaway),Non-casualty (towaway),2024,2024,April,Wednesday,06:00 - 07:59,GREAT WESTERN,HWY,20,West,BEACONSFIELD,RD,ROOTY HILL,5.0,No,Not a school zone,Divided road,-33.785986,150.843028,Blacktown,Sydney metro. area,Syd-Newc-Woll Gtr conurbation,Straight,,,,Off,Sealed,Dry,Fine,Daylight,Nil,No traffic controls,80 km/h,State,30,Rear end,301,Same - Rear end,,Rear end,Light truck,Light truck utility(from 2018),4,0,0,0,0,4,April,Autumn,Wednesday,06:00 - 07:59,AM peak / school commute,True,False,False,False
1358861,Non-casualty (towaway),Non-casualty (towaway),2024,2024,May,Wednesday,14:00 - 15:59,ALLEGRA,AVE,0,Right on the spot,CHAPEL,LANE,BELMORE,,No,Not a school zone,T-junction,-33.925665,151.088287,Canterbury-Bankstown,Sydney metro. area,Syd-Newc-Woll Gtr conurbation,Curved,,,,Nil,Sealed,Dry,Fine,Daylight,Nil,No traffic controls,50 km/h,Local,81,Off left/rt bnd=>obj,707,Right turn,Left,Vehicle - Object,Car (sedan/hatch),,1,0,0,0,0,5,May,Autumn,Wednesday,14:00 - 15:59,Midday / afternoon,False,False,False,False
1358878,Non-casualty (towaway),Non-casualty (towaway),2024,2024,June,Saturday,02:00 - 03:59,GEORGE,ST,50,South,REDFERN,ST,REDFERN,,No,Not a school zone,2-way undivided,-33.892991,151.202093,Sydney,Sydney metro. area,Syd-Newc-Woll Gtr conurbation,Straight,,,,On,Sealed,Wet,Raining,Darkness,Nil,No traffic controls,40 km/h,Local,71,Off rd left => obj,703,Left off cway into object,,Other angle,4 wheel drive / SUV,Car (sedan/hatch),2,0,0,0,0,6,June,Winter,Saturday,02:00 - 03:59,Late night / early morning,False,False,False,False
1358880,Non-casualty (towaway),Non-casualty (towaway),2024,2024,May,Friday,00:01 - 01:59,CUNNINGAR,RD,0,Right on the spot,CUSAK,RD,GALONG,380.0,No,Not a school zone,T-junction,-34.486085,148.589193,Hilltops,Country non-urban,Rest of NSW - Rural,Straight,,,,Nil,Sealed,Dry,Unknown,Darkness,Nil,Stop sign,100 km/h,Regional,75,Off end of road,709,Off end cway or T junct,,Vehicle - Object,Car (sedan/hatch),,1,0,0,0,0,5,May,Autumn,Friday,00:01 - 01:59,Late night / early morning,False,False,False,False
1358895,Non-casualty (towaway),Non-casualty (towaway),2024,2024,June,Sunday,22:00 - Midnight,ALBION,ST,0,Right on the spot,BP SERVICE STATION,OT,RANDWICK,,No,Not a school zone,2-way undivided,-33.906793,151.252445,Randwick,Sydney metro. area,Syd-Newc-Woll Gtr conurbation,Straight,Painted double centre lines,,,On,Sealed,Dry,Fine,Darkness,Nil,No traffic controls,50 km/h,Local,20,Head on,201,Opp - Head on,,Head-on,4 wheel drive / SUV,Car (sedan/hatch),2,0,0,0,0,6,June,Winter,Sunday,22:00 - Midnight,Evening / night,False,False,False,False
1358914,Non-casualty (towaway),Non-casualty (towaway),2024,2024,June,Tuesday,12:00 - 13:59,MARKWELL,RD,150,North,LEE,ST,BULAHDELAH,,No,Not a school zone,2-way undivided,-32.399055,152.209319,Mid-Coast,Country urban,Rest of NSW - Urban,Straight,,,,Unknown / not stated,Sealed,Dry,Fine,Daylight,Nil,No traffic controls,50 km/h,Local,70,Off road to left,701,Off carriageway to left,,Rollover,Large rigid,,1,0,0,0,0,6,June,Winter,Tuesday,12:00 - 13:59,Midday / afternoon,False,False,False,False
1358928,Non-casualty (towaway),Non-casualty (towaway),2024,2024,June,Friday,06:00 - 07:59,BRENDA,CT,0,Right on the spot,WOODBURY,ST,NORTH ROCKS,,No,Not a school zone,T-junction,-33.770531,151.021586,Parramatta,Sydney metro. area,Syd-Newc-Woll Gtr conurbation,Straight,,,,Unknown / not stated,Sealed,Dry,Fine,Daylight,Nil,No traffic controls,50 km/h,Local,49,Other manoeuvring,400,Manov - other,,Other angle,Car (sedan/hatch),,1,0,0,0,0,6,June,Winter,Friday,06:00 - 07:59,AM peak / school commute,True,False,False,False
1358936,Non-casualty (towaway),Non-casualty (towaway),2024,2024,July,Sunday,00:01 - 01:59,BARRACKS,LANE,0,Right on the spot,SHORT,ST,PORT MACQUARIE,,No,Not a school zone,T-junction,-31.430541,152.906836,Port Macquarie-Hastings,Country urban,Rest of NSW - Urban,Straight,Pedestrian refuge,,,On,Sealed,Wet,Raining,Darkness,Nil,Ped crossing,50 km/h,Local,73,Off rd rght => obj,704,Right off cway into obj,,Vehicle - Object,Car (sedan/hatch),,1,0,0,0,0,7,July,Winter,Sunday,00:01 - 01:59,Late night / early morning,False,False,False,False
1358947,Non-casualty (towaway),Non-casualty (towaway),2024,2024,June,Sunday,16:00 - 17:59,GASKILL,ST,100,South,BLATCHFORD,ST,CANOWINDRA,,No,Not a school zone,2-way undivided,-33.564653,148.659974,Cabonne,Country urban,Rest of NSW - Urban,Curved,,,,On,Sealed,Dry,Fine,Darkness,Nil,No traffic controls,50 km/h,Local,81,Off left/rt bnd=>obj,803,Off right bend into obj,Left,Other angle,Unknown motor vehicle,Car (sedan/hatch),2,0,0,0,0,6,June,Winter,Sunday,16:00 - 17:59,PM peak / evening commute,True,False,False,False
1358950,Non-casualty (towaway),Non-casualty (towaway),2024,2024,July,Tuesday,14:00 - 15:59,OLD CANTERBURY,RD,0,Right on the spot,NUMBER 235A,HN,DULWICH HILL,652.0,No,Not a school zone,2-way undivided,-33.897383,151.136111,Inner West,Sydney metro. area,Syd-Newc-Woll Gtr conurbation,Straight,,,,Off,Sealed,Dry,Fine,Daylight,Nil,No traffic controls,50 km/h,State,71,Off rd left => obj,703,Left off cway into object,,Vehicle - Object,Light truck utility(from 2018),,2,0,0,0,0,7,July,Winter,Tuesday,14:00 - 15:59,Midday / afternoon,False,False,False,False
1359012,Non-casualty (towaway),Non-casualty (towaway),2024,2024,July,Wednesday,16:00 - 17:59,BURNS BAY,RD,20,North,VIEW,ST,LANE COVE WEST,166.0,No,Not a school zone,Divided road,-33.824866,151.150106,Lane Cove,Sydney metro. area,Syd-Newc-Woll Gtr conurbation,Curved,Steep grade,,,Unknown / not stated,Sealed,Wet,Raining,Dusk,Nil,No traffic controls,60 km/h,State,87,Off lft/lft bnd=>obj,804,Off left bend into obj,Left,Vehicle - Object,Light truck utility(from 2018),,1,0,0,0,0,7,July,Winter,Wednesday,16:00 - 17:59,PM peak / evening commute,True,False,False,False
1359014,Non-casualty (towaway),Non-casualty (towaway),2024,2024,August,Saturday,10:00 - 11:59,BERNERA,RD,0,Right on the spot,BOMADERRY,DR,PRESTONS,7262.0,No,Not a school zone,X-intersection,-33.950035,150.865753,Liverpool,Sydney metro. area,Syd-Newc-Woll Gtr conurbation,Straight,,,,Unknown / not stated,Sealed,Dry,Fine,Daylight,On,No traffic controls,60 km/h,Regional,21,Right through,202,Opp - Right-thru,,Other angle,4 wheel drive / SUV,4 wheel drive / SUV,2,0,0,0,0,8,August,Winter,Saturday,10:00 - 11:59,Midday / afternoon,False,False,False,False
1359017,Non-casualty (towaway),Non-casualty (towaway),2024,2024,August,Friday,10:00 - 11:59,WATERFALL,RD,50,North,ROUND MOUNTAIN,RD,EBOR,76.0,No,Not a school zone,2-way undivided,-30.441766,152.316881,Armidale Regional,Country urban,Rest of NSW - Urban,Curved,Painted double centre lines,,,Unknown / not stated,Sealed,Dry,Fine,Daylight,Nil,No traffic controls,60 km/h,State,88,Out of cont on bend,805,Out of control on bend,,Rollover,Car (sedan/hatch),,1,0,0,0,0,8,August,Winter,Friday,10:00 - 11:59,Midday / afternoon,False,False,False,False
1359018,Non-casualty (towaway),Non-casualty (towaway),2024,2024,August,Friday,20:00 - 21:59,CESSNOCK,RD,0,Right on the spot,HEYES,ST,GILLIESTON HEIGHTS,195.0,No,Not a school zone,X-intersection,-32.76452,151.527697,Maitland,Country urban,Rest of NSW - Urban,Straight,,,,Unknown / not stated,Sealed,Dry,Fine,Darkness,On,No traffic controls,50 km/h,State,23,Right/left,203,Opp - Right-left,,Other angle,4 wheel drive / SUV,Car (sedan/hatch),2,0,0,0,0,8,August,Winter,Friday,20:00 - 21:59,Evening / night,False,False,False,False
1359021,Non-casualty (towaway),Non-casualty (towaway),2024,2024,August,Sunday,12:00 - 13:59,BOX,RD,42,East,BOX,LANE,JANNALI,,No,Not a school zone,2-way undivided,-34.016261,151.065846,Sutherland,Sydney metro. area,Syd-Newc-Woll Gtr conurbation,Straight,,,,Unknown / not stated,Sealed,Dry,Fine,Daylight,Nil,Ped crossing,50 km/h,Local,30,Rear end,301,Same - Rear end,,Rear end,Car (sedan/hatch),Car (sedan/hatch),2,0,0,0,0,8,August,Winter,Sunday,12:00 - 13:59,Midday / afternoon,False,False,False,False
1359022,Non-casualty (towaway),Non-casualty (towaway),2024,2024,August,Saturday,10:00 - 11:59,GREENWELL POINT,RD,1000,West,WALLACE,ST,NOWRA,7632.0,No,Not a school zone,2-way undivided,-34.889365,150.61864,Shoalhaven,Country urban,Rest of NSW - Urban,Straight,Painted double centre lines,,,Unknown / not stated,Sealed,Dry,Fine,Daylight,Nil,No traffic controls,60 km/h,Regional,40,U turn,304,Same - U-turn,,Other angle,Car (sedan/hatch),4 wheel drive / SUV,2,0,0,0,0,8,August,Winter,Saturday,10:00 - 11:59,Midday / afternoon,False,False,False,False
1359030,Non-casualty (towaway),Non-casualty (towaway),2024,2024,August,Tuesday,14:00 - 15:59,GARDENERS,RD,0,Right on the spot,RACECOURSE,PL,EASTLAKES,183.0,No,Not a school zone,T-junction,-33.923602,151.211177,Sydney,Sydney metro. area,Syd-Newc-Woll Gtr conurbation,Straight,,,,Unknown / not stated,Sealed,Dry,Fine,Daylight,On,No traffic controls,60 km/h,State,30,Rear end,301,Same - Rear end,,Rear end,Light truck utility(from 2018),Car (sedan/hatch),2,0,0,0,0,8,August,Winter,Tuesday,14:00 - 15:59,Midday / afternoon,False,False,False,False
1359032,Non-casualty (towaway),Non-casualty (towaway),2024,2024,April,Monday,16:00 - 17:59,GRAHAME,ST,0,Right on the spot,MITCHELLS PASS,MS,BLAXLAND,,No,Not a school zone,Roundabout,-33.748616,150.616485,Blue Mountains,Country urban,Syd-Newc-Woll Gtr conurbation,Curved,,,,Unknown / not stated,Sealed,Dry,Fine,Daylight,Nil,Give way sign,50 km/h,Local,10,Cross traffic,101,Adj - Cross traffic,,Right angle,4 wheel drive / SUV,Car (sedan/hatch),2,0,0,0,0,4,April,Autumn,Monday,16:00 - 17:59,PM peak / evening commute,True,False,False,False
1359033,Non-casualty (towaway),Non-casualty (towaway),2024,2024,July,Monday,12:00 - 13:59,ATKINSON,ST,0,Right on the spot,MOWATT,ST,QUEANBEYAN EAST,,No,Not a school zone,X-intersection,-35.352643,149.242753,Queanbeyan-Palerang Regional,Country urban,Rest of NSW - Urban,Straight,,,,Unknown / not stated,Sealed,Dry,Fine,Daylight,Nil,Give way sign,50 km/h,Local,10,Cross traffic,101,Adj - Cross traffic,,Right angle,4 wheel drive / SUV,4 wheel drive / SUV,2,0,0,0,0,7,July,Winter,Monday,12:00 - 13:59,Midday / afternoon,False,False,False,False
1359034,Non-casualty (towaway),Non-casualty (towaway),2024,2024,July,Sunday,16:00 - 17:59,BRUXNER,HWY,20,West,ROUS,RD,GOONELLABAH,16.0,No,Not a school zone,Divided road,-28.815846,153.317966,Lismore,Country urban,Rest of NSW - Urban,Curved,,,,Unknown / not stated,Sealed,Dry,Overcast,Daylight,Nil,No traffic controls,60 km/h,State,39,Other same direction,300,Same - other,,Other angle,Car (sedan/hatch),Passenger van,2,0,0,0,0,7,July,Winter,Sunday,16:00 - 17:59,PM peak / evening commute,True,False,False,False
1359037,Non-casualty (towaway),Non-casualty (towaway),2024,2024,August,Sunday,12:00 - 13:59,FIRST,ST,0,Right on the spot,JOHN,ST,CARDIFF SOUTH,,No,Not a school zone,X-intersection,-32.948965,151.662761,Lake Macquarie,Newcastle met. area,Syd-Newc-Woll Gtr conurbation,Straight,Steep grade,,,Unknown / not stated,Sealed,Dry,Fine,Daylight,Nil,Stop sign,50 km/h,Local,21,Right through,202,Opp - Right-thru,,Other angle,Car (sedan/hatch),4 wheel drive / SUV,2,0,0,0,0,8,August,Winter,Sunday,12:00 - 13:59,Midday / afternoon,False,False,False,False
1359039,Non-casualty (towaway),Non-casualty (towaway),2024,2024,August,Sunday,12:00 - 13:59,CARLINGFORD,RD,10,East,CLIFF,RD,EPPING,373.0,No,Not a school zone,T-junction,-33.77136,151.079339,Parramatta,Sydney metro. area,Syd-Newc-Woll Gtr conurbation,Straight,,,,Unknown / not stated,Sealed,Dry,Fine,Daylight,Nil,No traffic controls,60 km/h,State,39,Other same direction,300,Same - other,,Other angle,Car (sedan/hatch),Car (sedan/hatch),2,0,0,0,0,8,August,Winter,Sunday,12:00 - 13:59,Midday / afternoon,False,False,False,False
1359040,Non-casualty (towaway),Non-casualty (towaway),2024,2024,August,Monday,16:00 - 17:59,MACINTOSH,ST,0,Right on the spot,LAKE,ST,FORSTER,692.0,No,Not a school zone,X-intersection,-32.182777,152.516544,Mid-Coast,Country urban,Rest of NSW - Urban,Straight,,,,Unknown / not stated,Sealed,Wet,Raining,Daylight,On,No traffic controls,50 km/h,State,83,Off rt/rt bnd=>obj,707,Right turn,Right,Vehicle - Object,Car (sedan/hatch),,1,0,0,0,0,8,August,Winter,Monday,16:00 - 17:59,PM peak / evening commute,True,False,False,False
1359043,Non-casualty (towaway),Non-casualty (towaway),2024,2024,July,Tuesday,16:00 - 17:59,FERODALE,RD,0,Right on the spot,NUMBER 37,HN,MEDOWIE,,No,Not a school zone,2-way undivided,-32.74097,151.864264,Port Stephens,Country urban,Rest of NSW - Urban,Straight,Driveway/entrance,,,Unknown / not stated,Sealed,Dry,Fine,Daylight,Nil,No traffic controls,50 km/h,Local,49,Other manoeuvring,400,Manov - other,,Other angle,Station wagon,,1,0,0,0,0,7,July,Winter,Tuesday,16:00 - 17:59,PM peak / evening commute,True,False,False,False
1359047,Non-casualty (towaway),Non-casualty (towaway),2024,2024,July,Wednesday,16:00 - 17:59,TREELANDS,DR,50,North,YAMBA,RD,YAMBA,,No,Not a school zone,2-way undivided,-29.428964,153.327328,Clarence Valley,Country urban,Rest of NSW - Urban,Straight,Foot/cycle path/nature strip,,,Unknown / not stated,Sealed,Dry,Fine,Unknown,Nil,No traffic controls,50 km/h,Local,49,Other manoeuvring,400,Manov - other,,Other angle,Car (sedan/hatch),,2,0,0,0,0,7,July,Winter,Wednesday,16:00 - 17:59,PM peak / evening commute,True,False,False,False
1359050,Non-casualty (towaway),Non-casualty (towaway),2024,2024,August,Wednesday,20:00 - 21:59,MULGOA,RD,0,Right on the spot,NUMBER 569,HN,MULGOA,155.0,No,Not a school zone,2-way undivided,-33.78275,150.651024,Penrith,Sydney metro. area,Syd-Newc-Woll Gtr conurbation,Straight,,,,Unknown / not stated,Sealed,Dry,Fine,Darkness,Nil,No traffic controls,80 km/h,State,30,Rear end,301,Same - Rear end,,Rear end,Car (sedan/hatch),Light truck,3,0,0,0,0,8,August,Winter,Wednesday,20:00 - 21:59,Evening / night,False,False,False,False
1359051,Non-casualty (towaway),Non-casualty (towaway),2024,2024,August,Friday,16:00 - 17:59,COUNTY,DR,154,North,JOHN,RD,CHERRYBROOK,7482.0,No,Not a school zone,Divided road,-33.728203,151.032283,Hornsby,Sydney metro. area,Syd-Newc-Woll Gtr conurbation,Straight,Steep grade,,,Unknown / not stated,Sealed,Dry,Fine,Darkness,Nil,No traffic controls,60 km/h,Regional,30,Rear end,301,Same - Rear end,,Rear end,Light truck utility(from 2018),Car (sedan/hatch),3,0,0,0,0,8,August,Winter,Friday,16:00 - 17:59,PM peak / evening commute,True,False,False,False