crash_id,degree_of_crash,degree_of_crash_-_detailed,reporting_year,year_of_crash,month_of_crash,day_of_week_of_crash,two-hour_intervals,street_of_crash,street_type,distance,direction,identifying_feature,identifying_feature_type,town,route_no.,school_zone_location,school_zone_active,type_of_location,latitude,longitude,lga,urbanisation,conurbation_1,alignment,primary_permanent_feature,primary_temporary_feature,primary_hazardous_feature,street_lighting,road_surface,surface_condition,weather,natural_lighting,signals_operation,other_traffic_control,speed_limit,road_classification_(admin),rum_-_code,rum_-_description,dca_-_code,dca_-_description,dca_supplement,first_impact_type,key_tu_type,other_tu_type,no._of_traffic_units_involved,no._killed,no._seriously_injured,no._moderately_injured,no._minor-other_injured,month_num,month_label,season,day_label,time_label,time_band,is_peak_commute,is_fatal,is_injury,is_casualty
1359053,Non-casualty (towaway),Non-casualty (towaway),2024,2024,August,Monday,10:00 - 11:59,MITCHELLS PASS,MS,50,West,GREAT WESTERN,HWY,GLENBROOK,,No,Not a school zone,1-way street,-33.7516,150.643136,Blue Mountains,Country urban,Syd-Newc-Woll Gtr conurbation,Curved,,,,Unknown / not stated,Sealed,Dry,Fine,Daylight,Nil,No traffic controls,50 km/h,Local,88,Out of cont on bend,805,Out of control on bend,,Rollover,4 wheel drive / SUV,,1,0,0,0,0,8,August,Winter,Monday,10:00 - 11:59,Midday / afternoon,False,False,False,False
1359055,Non-casualty (towaway),Non-casualty (towaway),2024,2024,August,Saturday,14:00 - 15:59,HUME,HWY,20,North,PAYNES,RD,BOOKHAM,2.0,No,Not a school zone,Divided road,-34.803236,148.693067,Yass Valley,Country non-urban,Rest of NSW - Rural,Curved,,,,Unknown / not stated,Sealed,Dry,Fine,Daylight,Nil,No traffic controls,110 km/h,State,85,Off rt/lft bnd=>obj,804,Off left bend into obj,Right,Vehicle - Object,Car (sedan/hatch),,1,0,0,0,0,8,August,Winter,Saturday,14:00 - 15:59,Midday / afternoon,False,False,False,False
1359056,Non-casualty (towaway),Non-casualty (towaway),2024,2024,August,Friday,18:00 - 19:59,CADGEE MOUNTAIN,RD,2000,East,EUROBODALLA,RD,EUROBODALLA,,No,Not a school zone,2-way undivided,-36.136099,149.931834,Eurobodalla,Country non-urban,Rest of NSW - Rural,Curved,Steep grade,,,Unknown / not stated,Unsealed,Dry,Fine,Darkness,Nil,No traffic controls,100 km/h,Local,85,Off rt/lft bnd=>obj,804,Off left bend into obj,Right,Vehicle - Object,Light truck,,1,0,0,0,0,8,August,Winter,Friday,18:00 - 19:59,PM peak / evening commute,True,False,False,False
1359058,Non-casualty (towaway),Non-casualty (towaway),2024,2024,July,Saturday,10:00 - 11:59,LAWRENCE HARGRAVE,DR,0,Right on the spot,PARK,ST,COLEDALE,185.0,No,Not a school zone,T-junction,-34.294336,150.94312,Wollongong,Wollongong met. area,Syd-Newc-Woll Gtr conurbation,Straight,,,,Unknown / not stated,Sealed,Dry,Fine,Daylight,Nil,Stop sign,50 km/h,State,32,Right rear,303,Same - Rear right,,Rear end,4 wheel drive / SUV,4 wheel drive / SUV,2,0,0,0,0,7,July,Winter,Saturday,10:00 - 11:59,Midday / afternoon,False,False,False,False
1359059,Non-casualty (towaway),Non-casualty (towaway),2024,2024,August,Thursday,04:00 - 05:59,VICTORIA,ST,0,Right on the spot,WOOD,ST,ADAMSTOWN,,No,Not a school zone,X-intersection,-32.93461,151.721339,Newcastle,Newcastle met. area,Syd-Newc-Woll Gtr conurbation,Straight,,,,Unknown / not stated,Sealed,Dry,Fine,Unknown,Nil,Stop sign,50 km/h,Local,10,Cross traffic,101,Adj - Cross traffic,,Right angle,4 wheel drive / SUV,Car (sedan/hatch),2,0,0,0,0,8,August,Winter,Thursday,04:00 - 05:59,Late night / early morning,False,False,False,False
1359063,Non-casualty (towaway),Non-casualty (towaway),2024,2024,August,Friday,14:00 - 15:59,VAUGHAN,ST,0,Right on the spot,AUBURN,RD,AUBURN,2096.0,No,Not a school zone,X-intersection,-33.863381,151.029998,Cumberland,Sydney metro. area,Syd-Newc-Woll Gtr conurbation,Straight,,,,Unknown / not stated,Sealed,Dry,Fine,Daylight,Nil,Stop sign,50 km/h,Regional,10,Cross traffic,101,Adj - Cross traffic,,Right angle,Car (sedan/hatch),Car (sedan/hatch),2,0,0,0,0,8,August,Winter,Friday,14:00 - 15:59,Midday / afternoon,False,False,False,False
1359065,Non-casualty (towaway),Non-casualty (towaway),2024,2024,July,Tuesday,22:00 - Midnight,THIRLMERE,WAY,0,Right on the spot,NUMBER 36B,HN,TAHMOOR,,No,Not a school zone,2-way undivided,-34.22121,150.586882,Wollondilly,Country urban,Syd-Newc-Woll Gtr conurbation,Straight,,,,On,Sealed,Dry,Fine,Darkness,Nil,No traffic controls,60 km/h,Local,71,Off rd left => obj,703,Left off cway into object,,Other angle,Light truck utility(from 2018),Light truck utility(from 2018),2,0,0,0,0,7,July,Winter,Tuesday,22:00 - Midnight,Evening / night,False,False,False,False
1359067,Non-casualty (towaway),Non-casualty (towaway),2024,2024,August,Thursday,20:00 - 21:59,ROSE PAYTEN,DR,0,Right on the spot,AIRDS,RD,LEUMEAH,7190.0,No,Not a school zone,Roundabout,-34.046033,150.831653,Campbelltown,Sydney metro. area,Syd-Newc-Woll Gtr conurbation,Straight,,,,Unknown / not stated,Sealed,Dry,Fine,Darkness,Nil,Give way sign,60 km/h,Regional,39,Other same direction,300,Same - other,,Other angle,Station wagon,Car (sedan/hatch),2,0,0,0,0,8,August,Winter,Thursday,20:00 - 21:59,Evening / night,False,False,False,False
1359069,Non-casualty (towaway),Non-casualty (towaway),2024,2024,August,Monday,08:00 - 09:59,CORRYS,RD,750,East,RACECOURSE,RD,THURGOONA,,No,Not a school zone,2-way undivided,-36.053825,146.967794,Albury,Country urban,Rest of NSW - Urban,Straight,,,,Unknown / not stated,Sealed,Wet,Raining,Daylight,Nil,No traffic controls,60 km/h,Local,30,Rear end,301,Same - Rear end,,Rear end,Passenger van,4 wheel drive / SUV,2,0,0,0,0,8,August,Winter,Monday,08:00 - 09:59,AM peak / school commute,True,False,False,False
1359073,Non-casualty (towaway),Non-casualty (towaway),2024,2024,August,Sunday,06:00 - 07:59,BOLONG,RD,300,South,EDWARD WOLLSTONECRAFT,LANE,COOLANGATTA,293.0,No,Not a school zone,2-way undivided,-34.859612,150.721973,Shoalhaven,Country urban,Rest of NSW - Urban,Curved,Ditch/drain/culvert,,,Unknown / not stated,Sealed,Dry,Fine,Dawn,Nil,No traffic controls,80 km/h,Regional,84,Off right/left bend,802,Off cway left bend,Right,Rollover,Car (sedan/hatch),,1,0,0,0,0,8,August,Winter,Sunday,06:00 - 07:59,AM peak / school commute,True,False,False,False
1359075,Non-casualty (towaway),Non-casualty (towaway),2024,2024,August,Friday,08:00 - 09:59,THE NORTHERN,RD,0,Right on the spot,COBBITTY,RD,HARRINGTON PARK,154.0,No,Not a school zone,T-junction,-34.014458,150.724024,Camden,Sydney metro. area,Syd-Newc-Woll Gtr conurbation,Straight,,,,Unknown / not stated,Sealed,Dry,Fine,Daylight,On,No traffic controls,80 km/h,State,30,Rear end,301,Same - Rear end,,Rear end,Car (sedan/hatch),4 wheel drive / SUV,2,0,0,0,0,8,August,Winter,Friday,08:00 - 09:59,AM peak / school commute,True,False,False,False
1359076,Non-casualty (towaway),Non-casualty (towaway),2024,2024,August,Wednesday,14:00 - 15:59,RYDE,RD,0,Right on the spot,KIPARRA,ST,WEST PYMBLE,162.0,No,Not a school zone,T-junction,-33.761487,151.137722,Ku-ring-gai,Sydney metro. area,Syd-Newc-Woll Gtr conurbation,Straight,,,,Unknown / not stated,Sealed,Dry,Fine,Daylight,On,No traffic controls,70 km/h,State,30,Rear end,301,Same - Rear end,,Rear end,4 wheel drive / SUV,4 wheel drive / SUV,2,0,0,0,0,8,August,Winter,Wednesday,14:00 - 15:59,Midday / afternoon,False,False,False,False
1359081,Non-casualty (towaway),Non-casualty (towaway),2024,2024,August,Monday,06:00 - 07:59,NEW ENGLAND,HWY,20,South,ENTERPRISE,DR,BERESFIELD,9.0,No,Not a school zone,Divided road,-32.810063,151.634096,Newcastle,Newcastle met. area,Syd-Newc-Woll Gtr conurbation,Straight,,,,Unknown / not stated,Sealed,Dry,Fine,Daylight,Nil,No traffic controls,60 km/h,State,30,Rear end,301,Same - Rear end,,Rear end,Light truck utility(from 2018),Semi-trailer,2,0,0,0,0,8,August,Winter,Monday,06:00 - 07:59,AM peak / school commute,True,False,False,False
1359085,Non-casualty (towaway),Non-casualty (towaway),2024,2024,July,Monday,08:00 - 09:59,WARRIEWOOD,RD,0,Right on the spot,NUMBER 43,HN,WARRIEWOOD,,No,Not a school zone,2-way undivided,-33.687644,151.300823,Northern Beaches,Sydney metro. area,Syd-Newc-Woll Gtr conurbation,Straight,,,,Off,Sealed,Dry,Fine,Daylight,Nil,No traffic controls,50 km/h,Local,71,Off rd left => obj,703,Left off cway into object,,Other angle,Station wagon,Passenger van,2,0,0,0,0,7,July,Winter,Monday,08:00 - 09:59,AM peak / school commute,True,False,False,False
1359087,Non-casualty (towaway),Non-casualty (towaway),2024,2024,July,Monday,12:00 - 13:59,ARGYLE,ST,0,Right on the spot,BP SERVICE STATION,ENT,PICTON,620.0,No,Not a school zone,2-way undivided,-34.188315,150.605388,Wollondilly,Country urban,Syd-Newc-Woll Gtr conurbation,Straight,Driveway/entrance,,,Off,Sealed,Dry,Fine,Daylight,Nil,No traffic controls,60 km/h,Regional,21,Right through,202,Opp - Right-thru,,Other angle,Car (sedan/hatch),Light truck utility(from 2018),2,0,0,0,0,7,July,Winter,Monday,12:00 - 13:59,Midday / afternoon,False,False,False,False
1359088,Non-casualty (towaway),Non-casualty (towaway),2024,2024,August,Friday,00:01 - 01:59,WILLIAM MAKER,DR,0,Right on the spot,NUMBER 16,HN,ORANGE,,No,Not a school zone,2-way undivided,-33.25123,149.094484,Orange,Country urban,Rest of NSW - Urban,Straight,,,,Unknown / not stated,Sealed,Dry,Fine,Darkness,Nil,No traffic controls,50 km/h,Local,71,Off rd left => obj,703,Left off cway into object,,Other angle,Utility,Car (sedan/hatch),2,0,0,0,0,8,August,Winter,Friday,00:01 - 01:59,Late night / early morning,False,False,False,False
1359089,Non-casualty (towaway),Non-casualty (towaway),2024,2024,August,Tuesday,08:00 - 09:59,BLUE GUM,RD,80,South,GOODWIN,ST,JESMOND,,No,Not a school zone,2-way undivided,-32.899052,151.691685,Newcastle,Newcastle met. area,Syd-Newc-Woll Gtr conurbation,Straight,Bus stop,,,Unknown / not stated,Sealed,Dry,Fine,Daylight,Nil,No traffic controls,50 km/h,Local,71,Off rd left => obj,703,Left off cway into object,,Vehicle - Object,Car (sedan/hatch),,1,0,0,0,0,8,August,Winter,Tuesday,08:00 - 09:59,AM peak / school commute,True,False,False,False
1359092,Non-casualty (towaway),Non-casualty (towaway),2024,2024,August,Monday,08:00 - 09:59,NEW ENGLAND,HWY,0,Right on the spot,CESSNOCK,RD,MAITLAND,9.0,No,Not a school zone,Roundabout,-32.739311,151.551986,Maitland,Country urban,Rest of NSW - Urban,Curved,,,,Unknown / not stated,Sealed,Dry,Fine,Daylight,Nil,Give way sign,60 km/h,State,30,Rear end,301,Same - Rear end,,Rear end,Car (sedan/hatch),Light truck utility(from 2018),2,0,0,0,0,8,August,Winter,Monday,08:00 - 09:59,AM peak / school commute,True,False,False,False
1359094,Non-casualty (towaway),Non-casualty (towaway),2024,2024,August,Friday,06:00 - 07:59,LEICESTER,AVE,20,South,COOPER,ST,STRATHFIELD,668.0,No,Not a school zone,2-way undivided,-33.869737,151.092652,Canada Bay,Sydney metro. area,Syd-Newc-Woll Gtr conurbation,Curved,Steep grade,,,Unknown / not stated,Sealed,Dry,Fine,Daylight,Nil,No traffic controls,60 km/h,State,39,Other same direction,300,Same - other,,Other angle,4 wheel drive / SUV,Car (sedan/hatch),2,0,0,0,0,8,August,Winter,Friday,06:00 - 07:59,AM peak / school commute,True,False,False,False
1359095,Non-casualty (towaway),Non-casualty (towaway),2024,2024,August,Monday,16:00 - 17:59,JOHN,ST,0,Right on the spot,WALTERS,RD,BLACKTOWN,,No,Not a school zone,X-intersection,-33.780422,150.89436,Blacktown,Sydney metro. area,Syd-Newc-Woll Gtr conurbation,Straight,,,,Unknown / not stated,Sealed,Dry,Fine,Daylight,Nil,Give way sign,50 km/h,Local,31,Left rear,302,Same - Rear left,,Rear end,Car (sedan/hatch),Car (sedan/hatch),2,0,0,0,0,8,August,Winter,Monday,16:00 - 17:59,PM peak / evening commute,True,False,False,False
1359096,Non-casualty (towaway),Non-casualty (towaway),2024,2024,August,Saturday,16:00 - 17:59,HOLLINSWORTH,RD,200,East,BELLS GLADE,MS,MARSDEN PARK,,No,Not a school zone,Divided road,-33.717797,150.843258,Blacktown,Sydney metro. area,Syd-Newc-Woll Gtr conurbation,Straight,,,,Unknown / not stated,Sealed,Dry,Fine,Daylight,Nil,No traffic controls,50 km/h,Local,30,Rear end,301,Same - Rear end,,Rear end,4 wheel drive / SUV,4 wheel drive / SUV,2,0,0,0,0,8,August,Winter,Saturday,16:00 - 17:59,PM peak / evening commute,True,False,False,False
1359099,Non-casualty (towaway),Non-casualty (towaway),2024,2024,August,Wednesday,16:00 - 17:59,SCHOLEY,ST,0,Right on the spot,NUMBER 57,HN,MAYFIELD,,No,Not a school zone,2-way undivided,-32.906903,151.738027,Newcastle,Newcastle met. area,Syd-Newc-Woll Gtr conurbation,Straight,,,,Unknown / not stated,Sealed,Dry,Fine,Dusk,Nil,No traffic controls,50 km/h,Local,71,Off rd left => obj,703,Left off cway into object,,Vehicle - Object,Car (sedan/hatch),,1,0,0,0,0,8,August,Winter,Wednesday,16:00 - 17:59,PM peak / evening commute,True,False,False,False
1359101,Non-casualty (towaway),Non-casualty (towaway),2024,2024,August,Saturday,16:00 - 17:59,BURRENDONG,WAY,4700,North,MITCHELL,HWY,MARCH,573.0,No,Not a school zone,2-way undivided,-33.217124,149.091991,Cabonne,Country non-urban,Rest of NSW - Rural,Curved,Embankment/cutting,,,Unknown / not stated,Sealed,Dry,Fine,Daylight,Nil,No traffic controls,100 km/h,Regional,86,Off left/left bend,802,Off cway left bend,Left,Rollover,Car (sedan/hatch),,1,0,0,0,0,8,August,Winter,Saturday,16:00 - 17:59,PM peak / evening commute,True,False,False,False
1359106,Non-casualty (towaway),Non-casualty (towaway),2024,2024,August,Saturday,08:00 - 09:59,NEWCASTLE,EXP,433,North,ALEXANDRIA PARADE,OP,WAHROONGA,6003.0,No,Not a school zone,Dual freeway,-33.711307,151.115923,Ku-ring-gai,Sydney metro. area,Syd-Newc-Woll Gtr conurbation,Curved,,,,Unknown / not stated,Sealed,Dry,Overcast,Daylight,Nil,No traffic controls,80 km/h,State,30,Rear end,301,Same - Rear end,,Rear end,Car (sedan/hatch),4 wheel drive / SUV,2,0,0,0,0,8,August,Winter,Saturday,08:00 - 09:59,AM peak / school commute,True,False,False,False
1359107,Non-casualty (towaway),Non-casualty (towaway),2024,2024,August,Friday,18:00 - 19:59,ROOTY HILL,RD,0,Right on the spot,RICHMOND,RD,OAKHURST,537.0,No,Not a school zone,X-intersection,-33.733167,150.848725,Blacktown,Sydney metro. area,Syd-Newc-Woll Gtr conurbation,Curved,,,,Unknown / not stated,Sealed,Dry,Fine,Darkness,On,No traffic controls,70 km/h,State,21,Right through,202,Opp - Right-thru,,Other angle,Car (sedan/hatch),Car (sedan/hatch),2,0,0,0,0,8,August,Winter,Friday,18:00 - 19:59,PM peak / evening commute,True,False,False,False
1359109,Non-casualty (towaway),Non-casualty (towaway),2024,2024,August,Wednesday,06:00 - 07:59,POLDING,ST,0,Right on the spot,THE BOULEVARDE,MS,FAIRFIELD HEIGHTS,7222.0,No,Not a school zone,X-intersection,-33.861977,150.938956,Fairfield,Sydney metro. area,Syd-Newc-Woll Gtr conurbation,Straight,,,,Unknown / not stated,Sealed,Dry,Fine,Darkness,On,No traffic controls,60 km/h,Regional,49,Other manoeuvring,400,Manov - other,,Other angle,Light truck utility(from 2018),4 wheel drive / SUV,2,0,0,0,0,8,August,Winter,Wednesday,06:00 - 07:59,AM peak / school commute,True,False,False,False
1359110,Non-casualty (towaway),Non-casualty (towaway),2024,2024,August,Thursday,12:00 - 13:59,ANZAC,PDE,0,Right on the spot,HENRY,ST,WERRIS CREEK,,No,Not a school zone,X-intersection,-31.349384,150.648807,Liverpool Plains,Country urban,Rest of NSW - Urban,Straight,,,,Unknown / not stated,Sealed,Dry,Fine,Daylight,Nil,Give way sign,50 km/h,Local,10,Cross traffic,101,Adj - Cross traffic,,Right angle,Utility,Light truck utility(from 2018),2,0,0,0,0,8,August,Winter,Thursday,12:00 - 13:59,Midday / afternoon,False,False,False,False
1359111,Non-casualty (towaway),Non-casualty (towaway),2024,2024,August,Friday,08:00 - 09:59,M2 HILLS,EXP,50,East,EPPING ROAD,TO,NORTH RYDE,6002.0,No,Not a school zone,Dual freeway,-33.799852,151.14191,Ryde,Sydney metro. area,Syd-Newc-Woll Gtr conurbation,Straight,,,,Unknown / not stated,Sealed,Dry,Fine,Daylight,Nil,No traffic controls,80 km/h,State,39,Other same direction,300,Same - other,,Other angle,Semi-trailer,Car (sedan/hatch),2,0,0,0,0,8,August,Winter,Friday,08:00 - 09:59,AM peak / school commute,True,False,False,False
1359112,Non-casualty (towaway),Non-casualty (towaway),2024,2024,July,Thursday,18:00 - 19:59,MID WESTERN,HWY,2400,South,LUCKS,LANE,BLAYNEY,6.0,No,Not a school zone,2-way undivided,-33.562202,149.220015,Blayney,Country non-urban,Rest of NSW - Rural,Straight,Embankment/cutting,,,Unknown / not stated,Sealed,Wet,Raining,Dusk,Nil,No traffic controls,100 km/h,State,71,Off rd left => obj,703,Left off cway into object,,Vehicle - Object,Light truck utility(from 2018),,1,0,0,0,0,7,July,Winter,Thursday,18:00 - 19:59,PM peak / evening commute,True,False,False,False
1359117,Non-casualty (towaway),Non-casualty (towaway),2024,2024,August,Sunday,12:00 - 13:59,WEST HIGH,ST,0,Right on the spot,NUMBER 110,HN,COFFS HARBOUR,151.0,No,Not a school zone,2-way undivided,-30.295666,153.109877,Coffs Harbour,Country urban,Rest of NSW - Urban,Straight,,,,Unknown / not stated,Sealed,Dry,Fine,Daylight,Nil,No traffic controls,50 km/h,Regional,40,U turn,304,Same - U-turn,,Other angle,Car (sedan/hatch),Motorcycle,2,0,0,0,0,8,August,Winter,Sunday,12:00 - 13:59,Midday / afternoon,False,False,False,False
1359118,Non-casualty (towaway),Non-casualty (towaway),2024,2024,August,Monday,16:00 - 17:59,LANCE,CRES,0,Right on the spot,NUMBER 6,HN,GREYSTANES,,No,Not a school zone,2-way undivided,-33.825499,150.955584,Cumberland,Sydney metro. area,Syd-Newc-Woll Gtr conurbation,Curved,,,,Unknown / not stated,Sealed,Dry,Fine,Darkness,Nil,No traffic controls,50 km/h,Local,87,Off lft/lft bnd=>obj,804,Off left bend into obj,Left,Other angle,Light truck utility(from 2018),Car (sedan/hatch),2,0,0,0,0,8,August,Winter,Monday,16:00 - 17:59,PM peak / evening commute,True,False,False,False
1359120,Non-casualty (towaway),Non-casualty (towaway),2024,2024,August,Friday,16:00 - 17:59,KURRABA,RD,90,East,HOLDSWORTH,ST,NEUTRAL BAY,2019.0,No,Not a school zone,Divided road,-33.839971,151.215887,North Sydney,Sydney metro. area,Syd-Newc-Woll Gtr conurbation,Straight,Pedestrian refuge,,,Unknown / not stated,Sealed,Dry,Fine,Dusk,Nil,No traffic controls,50 km/h,Regional,73,Off rd rght => obj,704,Right off cway into obj,,Vehicle - Object,4 wheel drive / SUV,,1,0,0,0,0,8,August,Winter,Friday,16:00 - 17:59,PM peak / evening commute,True,False,False,False
1359121,Non-casualty (towaway),Non-casualty (towaway),2024,2024,August,Tuesday,12:00 - 13:59,NEWLINE,RD,50,North,SEAHAM,RD,RAYMOND TERRACE,104.0,No,Not a school zone,2-way undivided,-32.756762,151.748708,Port Stephens,Country urban,Rest of NSW - Urban,Straight,,,,Unknown / not stated,Sealed,Dry,Fine,Daylight,Nil,No traffic controls,60 km/h,State,71,Off rd left => obj,703,Left off cway into object,,Vehicle - Object,Light truck utility(from 2018),,1,0,0,0,0,8,August,Winter,Tuesday,12:00 - 13:59,Midday / afternoon,False,False,False,False
1359122,Non-casualty (towaway),Non-casualty (towaway),2024,2024,July,Sunday,18:00 - 19:59,STURT,HWY,0,Right on the spot,KAPOOKA,RD,SAN ISIDORE,14.0,No,Not a school zone,T-junction,-35.122295,147.301596,Wagga Wagga,Country non-urban,Rest of NSW - Rural,Curved,,,,Unknown / not stated,Sealed,Dry,Fine,Darkness,Nil,No traffic controls,100 km/h,State,30,Rear end,301,Same - Rear end,,Rear end,Car (sedan/hatch),4 wheel drive / SUV,2,0,0,0,0,7,July,Winter,Sunday,18:00 - 19:59,PM peak / evening commute,True,False,False,False
1359123,Non-casualty (towaway),Non-casualty (towaway),2024,2024,August,Sunday,20:00 - 21:59,REMEMBRANCE,DVWY,700,South,BRIDGEWATER,BVD,CAMDEN PARK,620.0,No,Not a school zone,2-way undivided,-34.103038,150.697182,Wollondilly,Country non-urban,Syd-Newc-Woll Gtr conurbation,Straight,,,,Unknown / not stated,Sealed,Dry,Fine,Darkness,Nil,No traffic controls,100 km/h,Regional,73,Off rd rght => obj,704,Right off cway into obj,,Vehicle - Object,Car (sedan/hatch),,1,0,0,0,0,8,August,Winter,Sunday,20:00 - 21:59,Evening / night,False,False,False,False
1359125,Non-casualty (towaway),Non-casualty (towaway),2024,2024,August,Wednesday,08:00 - 09:59,EPPING,RD,0,Right on the spot,NUMBER 94,HN,NORTH RYDE,373.0,No,Not a school zone,Divided road,-33.789636,151.128288,Ryde,Sydney metro. area,Syd-Newc-Woll Gtr conurbation,Straight,,,,Unknown / not stated,Sealed,Dry,Fine,Daylight,Nil,No traffic controls,70 km/h,State,35,Lane change left,307,Same - Lane change left,,Other angle,4 wheel drive / SUV,Car (sedan/hatch),3,0,0,0,0,8,August,Winter,Wednesday,08:00 - 09:59,AM peak / school commute,True,False,False,False
1359127,Non-casualty (towaway),Non-casualty (towaway),2024,2024,August,Monday,12:00 - 13:59,ANDERSON,DR,50,West,LAWSON,AVE,BERESFIELD,,Yes,No,2-way undivided,-32.804109,151.653065,Newcastle,Newcastle met. area,Syd-Newc-Woll Gtr conurbation,Straight,Bus stop,,,Unknown / not stated,Sealed,Dry,Fine,Daylight,Nil,No traffic controls,50 km/h,Local,42,Leaving parking,401,Manov - Leaving parking,,Other angle,Other bus,Light truck,2,0,0,0,0,8,August,Winter,Monday,12:00 - 13:59,Midday / afternoon,False,False,False,False
1359128,Non-casualty (towaway),Non-casualty (towaway),2024,2024,August,Thursday,14:00 - 15:59,STONE MASON,DR,0,Right on the spot,NUMBER 26,HN,NORWEST,,No,Not a school zone,2-way undivided,-33.728272,150.971434,The Hills,Sydney metro. area,Syd-Newc-Woll Gtr conurbation,Straight,,,,Unknown / not stated,Sealed,Dry,Fine,Daylight,Nil,No traffic controls,50 km/h,Local,71,Off rd left => obj,703,Left off cway into object,,Other angle,Car (sedan/hatch),Car (sedan/hatch),3,0,0,0,0,8,August,Winter,Thursday,14:00 - 15:59,Midday / afternoon,False,False,False,False
1359131,Non-casualty (towaway),Non-casualty (towaway),2024,2024,August,Thursday,04:00 - 05:59,IRRIGATION,WAY,100,East,THOMPSON,RD,STANBRIDGE,80.0,No,Not a school zone,2-way undivided,-34.504831,146.222319,Leeton,Country non-urban,Rest of NSW - Rural,Straight,,,,Unknown / not stated,Sealed,Dry,Fine,Darkness,Nil,No traffic controls,100 km/h,State,67,Struck animal,609,On path - Hit animal,,Vehicle - Animal,Car (sedan/hatch),,1,0,0,0,0,8,August,Winter,Thursday,04:00 - 05:59,Late night / early morning,False,False,False,False
1359134,Non-casualty (towaway),Non-casualty (towaway),2024,2024,July,Tuesday,08:00 - 09:59,PRINCES,HWY,0,Right on the spot,HATTERSLEY,ST,ARNCLIFFE,1.0,No,Not a school zone,X-intersection,-33.94207,151.144454,Bayside,Sydney metro. area,Syd-Newc-Woll Gtr conurbation,Straight,,,,Unknown / not stated,Sealed,Dry,Fine,Daylight,Nil,Give way sign,60 km/h,State,21,Right through,202,Opp - Right-thru,,Other angle,Station wagon,Car (sedan/hatch),2,0,0,0,0,7,July,Winter,Tuesday,08:00 - 09:59,AM peak / school commute,True,False,False,False
1359135,Non-casualty (towaway),Non-casualty (towaway),2024,2024,July,Friday,18:00 - 19:59,MILPERRA,RD,0,Right on the spot,NUMBER 264,HN,MILPERRA,167.0,No,Not a school zone,Divided road,-33.929945,150.991134,Canterbury-Bankstown,Sydney metro. area,Syd-Newc-Woll Gtr conurbation,Straight,,,,Unknown / not stated,Sealed,Dry,Fine,Unknown,Nil,No traffic controls,70 km/h,State,71,Off rd left => obj,703,Left off cway into object,,Vehicle - Object,Car (sedan/hatch),,1,0,0,0,0,7,July,Winter,Friday,18:00 - 19:59,PM peak / evening commute,True,False,False,False
1359136,Non-casualty (towaway),Non-casualty (towaway),2024,2024,July,Tuesday,10:00 - 11:59,SHADFORTH,ST,0,Right on the spot,NUMBER 87-89,HN,MOSMAN,,Yes,No,2-way undivided,-33.83191,151.240912,Mosman,Sydney metro. area,Syd-Newc-Woll Gtr conurbation,Straight,Driveway/entrance,,,Off,Sealed,Dry,Fine,Daylight,Nil,No traffic controls,50 km/h,Local,71,Off rd left => obj,703,Left off cway into object,,Vehicle - Object,Car (sedan/hatch),,1,0,0,0,0,7,July,Winter,Tuesday,10:00 - 11:59,Midday / afternoon,False,False,False,False
1359138,Non-casualty (towaway),Non-casualty (towaway),2024,2024,August,Saturday,10:00 - 11:59,PACIFIC,HWY,0,Right on the spot,PEMELL,ST,WYOMING,10.0,No,Not a school zone,Roundabout,-33.408818,151.350375,Central Coast,Country urban,Syd-Newc-Woll Gtr conurbation,Curved,,,,Unknown / not stated,Sealed,Dry,Fine,Daylight,Nil,Give way sign,60 km/h,State,49,Other manoeuvring,400,Manov - other,,Other angle,4 wheel drive / SUV,4 wheel drive / SUV,2,0,0,0,0,8,August,Winter,Saturday,10:00 - 11:59,Midday / afternoon,False,False,False,False
1359140,Non-casualty (towaway),Non-casualty (towaway),2024,2024,August,Friday,10:00 - 11:59,PRINCES,HWY,0,Right on the spot,THE BOULEVARDE,MS,GYMEA,1.0,No,Not a school zone,T-junction,-34.026873,151.084704,Sutherland,Sydney metro. area,Syd-Newc-Woll Gtr conurbation,Straight,,,,Unknown / not stated,Sealed,Dry,Fine,Daylight,On,No traffic controls,70 km/h,State,39,Other same direction,300,Same - other,,Other angle,Light truck utility(from 2018),Semi-trailer,3,0,0,0,0,8,August,Winter,Friday,10:00 - 11:59,Midday / afternoon,False,False,False,False
1359142,Non-casualty (towaway),Non-casualty (towaway),2024,2024,August,Saturday,08:00 - 09:59,LAKE,AVE,0,Right on the spot,STEEL,ST,CRINGILA,,Yes,No,T-junction,-34.470584,150.871586,Wollongong,Wollongong met. area,Syd-Newc-Woll Gtr conurbation,Straight,Crest,,,Unknown / not stated,Sealed,Dry,Fine,Daylight,Nil,No traffic controls,50 km/h,Local,11,Right far,102,Adj - Right-thru from left,,Right angle,Light truck utility(from 2018),Car (sedan/hatch),2,0,0,0,0,8,August,Winter,Saturday,08:00 - 09:59,AM peak / school commute,True,False,False,False