crash_id,degree_of_crash,degree_of_crash_-_detailed,reporting_year,year_of_crash,month_of_crash,day_of_week_of_crash,two-hour_intervals,street_of_crash,street_type,distance,direction,identifying_feature,identifying_feature_type,town,route_no.,school_zone_location,school_zone_active,type_of_location,latitude,longitude,lga,urbanisation,conurbation_1,alignment,primary_permanent_feature,primary_temporary_feature,primary_hazardous_feature,street_lighting,road_surface,surface_condition,weather,natural_lighting,signals_operation,other_traffic_control,speed_limit,road_classification_(admin),rum_-_code,rum_-_description,dca_-_code,dca_-_description,dca_supplement,first_impact_type,key_tu_type,other_tu_type,no._of_traffic_units_involved,no._killed,no._seriously_injured,no._moderately_injured,no._minor-other_injured,month_num,month_label,season,day_label,time_label,time_band,is_peak_commute,is_fatal,is_injury,is_casualty
1359146,Non-casualty (towaway),Non-casualty (towaway),2024,2024,August,Saturday,10:00 - 11:59,ELIZABETH,DR,0,Right on the spot,ILLFRACOMBE,AVE,VINCENTIA,,No,Not a school zone,T-junction,-35.052023,150.675057,Shoalhaven,Country urban,Rest of NSW - Urban,Curved,,,,Unknown / not stated,Sealed,Dry,Fine,Daylight,Nil,No traffic controls,50 km/h,Local,31,Left rear,302,Same - Rear left,,Rear end,4 wheel drive / SUV,4 wheel drive / SUV,2,0,0,0,0,8,August,Winter,Saturday,10:00 - 11:59,Midday / afternoon,False,False,False,False
1359147,Non-casualty (towaway),Non-casualty (towaway),2024,2024,August,Friday,14:00 - 15:59,CITY WEST LINK,RD,20,East,CATHERINE,ST,LILYFIELD,650.0,No,Not a school zone,Divided road,-33.874369,151.164914,Inner West,Sydney metro. area,Syd-Newc-Woll Gtr conurbation,Curved,,,,Unknown / not stated,Sealed,Dry,Fine,Daylight,Nil,No traffic controls,70 km/h,State,30,Rear end,301,Same - Rear end,,Rear end,Light truck,Car (sedan/hatch),2,0,0,0,0,8,August,Winter,Friday,14:00 - 15:59,Midday / afternoon,False,False,False,False
1359148,Non-casualty (towaway),Non-casualty (towaway),2024,2024,July,Thursday,08:00 - 09:59,BOTANY,RD,0,Right on the spot,GARDENERS,RD,ALEXANDRIA,170.0,Yes,No,X-intersection,-33.92146,151.196417,Sydney,Sydney metro. area,Syd-Newc-Woll Gtr conurbation,Straight,,,,Unknown / not stated,Sealed,Dry,Fine,Daylight,Unknown / not stated,No traffic controls,50 km/h,State,30,Rear end,301,Same - Rear end,,Rear end,Car (sedan/hatch),4 wheel drive / SUV,2,0,0,0,0,7,July,Winter,Thursday,08:00 - 09:59,AM peak / school commute,True,False,False,False
1359149,Non-casualty (towaway),Non-casualty (towaway),2024,2024,August,Saturday,02:00 - 03:59,MERRIGUM,ST,0,Right on the spot,WILLOW,RD,MOUNT HUTTON,,No,Not a school zone,T-junction,-32.984154,151.679076,Lake Macquarie,Newcastle met. area,Syd-Newc-Woll Gtr conurbation,Straight,Steep grade,,,Unknown / not stated,Sealed,Wet,Fine,Darkness,Nil,Stop sign,50 km/h,Local,71,Off rd left => obj,703,Left off cway into object,,Vehicle - Object,4 wheel drive / SUV,,1,0,0,0,0,8,August,Winter,Saturday,02:00 - 03:59,Late night / early morning,False,False,False,False
1359168,Non-casualty (towaway),Non-casualty (towaway),2024,2024,July,Wednesday,18:00 - 19:59,SINFIELD,ST,10,South,BARTLETT,ST,ERMINGTON,,No,Not a school zone,X-intersection,-33.805126,151.055239,Parramatta,Sydney metro. area,Syd-Newc-Woll Gtr conurbation,Straight,,,,On,Sealed,Wet,Raining,Darkness,Nil,Give way sign,50 km/h,Local,73,Off rd rght => obj,704,Right off cway into obj,,Other angle,Car (sedan/hatch),Car (sedan/hatch),3,0,0,0,0,7,July,Winter,Wednesday,18:00 - 19:59,PM peak / evening commute,True,False,False,False
1359173,Non-casualty (towaway),Non-casualty (towaway),2024,2024,August,Thursday,12:00 - 13:59,SOUTH LIVERPOOL,RD,100,North,JINDABYNE,ST,HECKENBERG,,Yes,No,2-way undivided,-33.90905,150.891492,Liverpool,Sydney metro. area,Syd-Newc-Woll Gtr conurbation,Straight,,,,Off,Sealed,Dry,Fine,Daylight,Nil,No traffic controls,50 km/h,Local,71,Off rd left => obj,703,Left off cway into object,,Other angle,Passenger van,Car (sedan/hatch),2,0,0,0,0,8,August,Winter,Thursday,12:00 - 13:59,Midday / afternoon,False,False,False,False
1359179,Non-casualty (towaway),Non-casualty (towaway),2024,2024,June,Tuesday,18:00 - 19:59,WESTERN,EXP,550,West,CUMBERLAND HIGHWAY,OP,GREYSTANES,6004.0,No,Not a school zone,Dual freeway,-33.814643,150.957673,Cumberland,Sydney metro. area,Syd-Newc-Woll Gtr conurbation,Straight,,,,On,Sealed,Dry,Fine,Darkness,Nil,No traffic controls,90 km/h,State,30,Rear end,301,Same - Rear end,,Rear end,Car (sedan/hatch),Car (sedan/hatch),4,0,0,0,0,6,June,Winter,Tuesday,18:00 - 19:59,PM peak / evening commute,True,False,False,False
1359186,Non-casualty (towaway),Non-casualty (towaway),2024,2024,August,Wednesday,16:00 - 17:59,GLENDONBROOK,RD,5000,West,SUMMER HILL,RD,GLENDON BROOK,128.0,No,Not a school zone,2-way undivided,-32.472678,151.456672,Singleton,Country non-urban,Rest of NSW - Rural,Curved,Painted double centre lines,,,Nil,Sealed,Dry,Fine,Daylight,Nil,No traffic controls,100 km/h,Regional,20,Head on,201,Opp - Head on,,Head-on,Station wagon,Light truck utility(from 2018),2,0,0,0,0,8,August,Winter,Wednesday,16:00 - 17:59,PM peak / evening commute,True,False,False,False
1359203,Non-casualty (towaway),Non-casualty (towaway),2024,2024,July,Friday,08:00 - 09:59,SUMMERLAND,WAY,250,North,HOMESTEAD,RD,KILGRA,83.0,No,Not a school zone,2-way undivided,-28.553119,152.976135,Kyogle,Country non-urban,Rest of NSW - Rural,Curved,,,,Nil,Sealed,Dry,Fine,Daylight,Nil,No traffic controls,100 km/h,State,81,Off left/rt bnd=>obj,803,Off right bend into obj,Left,Vehicle - Object,4 wheel drive / SUV,,1,0,0,0,0,7,July,Winter,Friday,08:00 - 09:59,AM peak / school commute,True,False,False,False
1359208,Non-casualty (towaway),Non-casualty (towaway),2024,2024,July,Wednesday,10:00 - 11:59,WARRINGAH,EXP,20,North,MOUNT STREET,OP,NORTH SYDNEY,651.0,No,Not a school zone,Dual freeway,-33.839018,151.210235,North Sydney,Sydney metro. area,Syd-Newc-Woll Gtr conurbation,Straight,Steep grade,Roadwks/Detour/Diverson,,Off,Sealed,Dry,Fine,Daylight,Nil,No traffic controls,60 km/h,State,34,Lane change right,306,Same - Lane change right,,Other angle,Large rigid,Car (sedan/hatch),2,0,0,0,0,7,July,Winter,Wednesday,10:00 - 11:59,Midday / afternoon,False,False,False,False
1359217,Non-casualty (towaway),Non-casualty (towaway),2024,2024,July,Wednesday,12:00 - 13:59,MINI LINK,RD,0,Right on the spot,OLD WALLGROVE,RD,EASTERN CREEK,693.0,No,Not a school zone,T-junction,-33.81115,150.847102,Blacktown,Sydney metro. area,Syd-Newc-Woll Gtr conurbation,Straight,,,,Nil,Sealed,Dry,Fine,Daylight,On,No traffic controls,80 km/h,State,37,Left turn sideswipe,309,Same - Left turn side swipe,,Other angle,Semi-trailer,Car (sedan/hatch),2,0,0,0,0,7,July,Winter,Wednesday,12:00 - 13:59,Midday / afternoon,False,False,False,False
1359218,Non-casualty (towaway),Non-casualty (towaway),2024,2024,July,Tuesday,20:00 - 21:59,CENTRAL COAST,HWY,0,Right on the spot,BRISBANE WATER,DR,WEST GOSFORD,30.0,No,Not a school zone,X-intersection,-33.427301,151.317671,Central Coast,Country urban,Syd-Newc-Woll Gtr conurbation,Straight,Steep grade,,,On,Sealed,Dry,Fine,Darkness,On,No traffic controls,70 km/h,State,30,Rear end,301,Same - Rear end,,Rear end,Other bus,Car (sedan/hatch),2,0,0,0,0,7,July,Winter,Tuesday,20:00 - 21:59,Evening / night,False,False,False,False
1359220,Non-casualty (towaway),Non-casualty (towaway),2024,2024,July,Wednesday,14:00 - 15:59,CHURCH,AVE,200,West,HUME,EXP,COLO VALE,7635.0,No,Not a school zone,2-way undivided,-34.403902,150.50357,Wingecarribee,Country urban,Rest of NSW - Urban,Straight,,,,Nil,Sealed,Dry,Fine,Daylight,Nil,No traffic controls,60 km/h,Regional,40,U turn,304,Same - U-turn,,Other angle,Car (sedan/hatch),Light truck utility(from 2018),2,0,0,0,0,7,July,Winter,Wednesday,14:00 - 15:59,Midday / afternoon,False,False,False,False
1359221,Non-casualty (towaway),Non-casualty (towaway),2024,2024,August,Saturday,10:00 - 11:59,BEATTIE,ST,0,Right on the spot,NUMBER 46,HN,BALMAIN,,No,Not a school zone,2-way undivided,-33.858126,151.178981,Inner West,Sydney metro. area,Syd-Newc-Woll Gtr conurbation,Straight,,,,Off,Sealed,Dry,Fine,Daylight,Nil,No traffic controls,40 km/h,Local,71,Off rd left => obj,703,Left off cway into object,,Other angle,Unknown motor vehicle,Car (sedan/hatch),2,0,0,0,0,8,August,Winter,Saturday,10:00 - 11:59,Midday / afternoon,False,False,False,False
1359241,Non-casualty (towaway),Non-casualty (towaway),2024,2024,July,Friday,18:00 - 19:59,OCEAN,ST,40,West,PACIFIC,DR,PORT MACQUARIE,,No,Not a school zone,2-way undivided,-31.445628,152.927482,Port Macquarie-Hastings,Country urban,Rest of NSW - Urban,Straight,Steep grade,,,On,Sealed,Dry,Fine,Darkness,Nil,No traffic controls,50 km/h,Local,71,Off rd left => obj,703,Left off cway into object,,Other angle,Unknown type,Car (sedan/hatch),3,0,0,0,0,7,July,Winter,Friday,18:00 - 19:59,PM peak / evening commute,True,False,False,False
1359255,Non-casualty (towaway),Non-casualty (towaway),2024,2024,July,Wednesday,12:00 - 13:59,PYRMONT BRIDGE,RD,0,Right on the spot,BANKS,ST,PYRMONT,523.0,No,Not a school zone,T-junction,-33.872452,151.193716,Sydney,Sydney metro. area,Syd-Newc-Woll Gtr conurbation,Straight,Underpass/tunnel,,,Off,Sealed,Dry,Fine,Daylight,On,No traffic controls,50 km/h,State,21,Right through,202,Opp - Right-thru,,Other angle,Motorcycle,Car (sedan/hatch),2,0,0,0,0,7,July,Winter,Wednesday,12:00 - 13:59,Midday / afternoon,False,False,False,False
1359256,Non-casualty (towaway),Non-casualty (towaway),2024,2024,August,Friday,16:00 - 17:59,RIVER,AVE,10,West,WOODVILLE ROAD,OP,VILLAWOOD,640.0,No,Not a school zone,Divided road,-33.880533,150.978032,Fairfield,Sydney metro. area,Syd-Newc-Woll Gtr conurbation,Straight,Underpass/tunnel,,,Off,Sealed,Dry,Fine,Dusk,Nil,No traffic controls,60 km/h,State,30,Rear end,301,Same - Rear end,,Rear end,Passenger van,Light truck utility(from 2018),2,0,0,0,0,8,August,Winter,Friday,16:00 - 17:59,PM peak / evening commute,True,False,False,False
1359266,Non-casualty (towaway),Non-casualty (towaway),2024,2024,May,Wednesday,00:01 - 01:59,HOWICK,ST,30,South,HOPE,ST,BATHURST,,No,Not a school zone,2-way undivided,-33.409488,149.573904,Bathurst Regional,Country urban,Rest of NSW - Urban,Straight,,,,On,Sealed,Dry,Fine,Darkness,Nil,No traffic controls,50 km/h,Local,73,Off rd rght => obj,704,Right off cway into obj,,Other angle,Car (sedan/hatch),Light truck utility(from 2018),3,0,0,0,0,5,May,Autumn,Wednesday,00:01 - 01:59,Late night / early morning,False,False,False,False
1359269,Non-casualty (towaway),Non-casualty (towaway),2024,2024,July,Wednesday,00:01 - 01:59,ST GEORGES,TCE,65,West,SARAH,ST,DUBBO,,No,Not a school zone,2-way undivided,-32.23954,148.647138,Dubbo Regional,Country urban,Rest of NSW - Urban,Curved,,,,On,Sealed,Dry,Fine,Darkness,Nil,No traffic controls,50 km/h,Local,81,Off left/rt bnd=>obj,803,Off right bend into obj,Left,Vehicle - Object,Car (sedan/hatch),,1,0,0,0,0,7,July,Winter,Wednesday,00:01 - 01:59,Late night / early morning,False,False,False,False
1359271,Non-casualty (towaway),Non-casualty (towaway),2024,2024,August,Thursday,08:00 - 09:59,TRAMWAY,LANE,10,South,FALCON,ST,NEUTRAL BAY,164.0,No,Not a school zone,T-junction,-33.829729,151.217578,North Sydney,Sydney metro. area,Syd-Newc-Woll Gtr conurbation,Curved,Steep grade,,,Off,Sealed,Dry,Fine,Daylight,Nil,No traffic controls,50 km/h,State,83,Off rt/rt bnd=>obj,707,Right turn,Right,Other angle,Unknown type,4 wheel drive / SUV,2,0,0,0,0,8,August,Winter,Thursday,08:00 - 09:59,AM peak / school commute,True,False,False,False
1359276,Non-casualty (towaway),Non-casualty (towaway),2024,2024,July,Sunday,00:01 - 01:59,DIAMOND BEACH,RD,0,Right on the spot,NUMBER 11,HN,HALLIDAYS POINT,,No,Not a school zone,2-way undivided,-32.065065,152.527724,Mid-Coast,Country urban,Rest of NSW - Urban,Straight,,,,On,Sealed,Wet,Raining,Darkness,Nil,No traffic controls,50 km/h,Local,71,Off rd left => obj,703,Left off cway into object,,Vehicle - Object,Station wagon,,1,0,0,0,0,7,July,Winter,Sunday,00:01 - 01:59,Late night / early morning,False,False,False,False
1359277,Non-casualty (towaway),Non-casualty (towaway),2024,2024,August,Thursday,12:00 - 13:59,PEEL,ST,15,South,LAKEMBA,ST,BELMORE,,No,Not a school zone,2-way undivided,-33.915878,151.081764,Canterbury-Bankstown,Sydney metro. area,Syd-Newc-Woll Gtr conurbation,Straight,,,,Nil,Sealed,Dry,Fine,Daylight,Nil,No traffic controls,50 km/h,Local,49,Other manoeuvring,400,Manov - other,,Other angle,Unknown type,Car (sedan/hatch),2,0,0,0,0,8,August,Winter,Thursday,12:00 - 13:59,Midday / afternoon,False,False,False,False
1359286,Non-casualty (towaway),Non-casualty (towaway),2024,2024,August,Saturday,10:00 - 11:59,APPIN,RD,0,Right on the spot,BADEN POWELL,DR,CATARACT,177.0,No,Not a school zone,T-junction,-34.239908,150.835968,Wollondilly,Country non-urban,Syd-Newc-Woll Gtr conurbation,Straight,,,,Nil,Sealed,Dry,Fine,Daylight,Nil,No traffic controls,100 km/h,State,91,Object struck veh,610,On path - Load hit vehicle,,Vehicle - Object,Car (sedan/hatch),Unknown motor vehicle,2,0,0,0,0,8,August,Winter,Saturday,10:00 - 11:59,Midday / afternoon,False,False,False,False
1359287,Non-casualty (towaway),Non-casualty (towaway),2024,2024,July,Monday,16:00 - 17:59,GWYDIR,HWY,0,Right on the spot,NUMBER 3512,HN,COWPER,12.0,No,Not a school zone,2-way undivided,-29.566013,153.098311,Clarence Valley,Country non-urban,Rest of NSW - Rural,Straight,,,,Nil,Sealed,Dry,Fine,Dusk,Nil,No traffic controls,100 km/h,State,71,Off rd left => obj,703,Left off cway into object,,Vehicle - Object,Car (sedan/hatch),,1,0,0,0,0,7,July,Winter,Monday,16:00 - 17:59,PM peak / evening commute,True,False,False,False
1359291,Non-casualty (towaway),Non-casualty (towaway),2024,2024,August,Saturday,04:00 - 05:59,FITZWILLIAM,RD,20,West,RAUSCH,ST,TOONGABBIE,7152.0,No,Not a school zone,Divided road,-33.786099,150.963154,Parramatta,Sydney metro. area,Syd-Newc-Woll Gtr conurbation,Straight,,,,On,Sealed,Dry,Fine,Darkness,Nil,No traffic controls,60 km/h,Regional,71,Off rd left => obj,703,Left off cway into object,,Other angle,4 wheel drive / SUV,Car (sedan/hatch),2,0,0,0,0,8,August,Winter,Saturday,04:00 - 05:59,Late night / early morning,False,False,False,False
1359298,Non-casualty (towaway),Non-casualty (towaway),2024,2024,August,Friday,16:00 - 17:59,CERES,DR,0,Right on the spot,NUMBER 130,HN,THURGOONA,,No,Not a school zone,2-way undivided,-36.05853,146.961707,Albury,Country urban,Rest of NSW - Urban,Straight,,,,Off,Sealed,Dry,Fine,Daylight,Nil,No traffic controls,50 km/h,Local,66,Object on road,607,On path - Hit temp object,,Vehicle - Object,Car (sedan/hatch),,1,0,0,0,0,8,August,Winter,Friday,16:00 - 17:59,PM peak / evening commute,True,False,False,False
1359308,Non-casualty (towaway),Non-casualty (towaway),2024,2024,July,Sunday,02:00 - 03:59,ENGLISH,ST,53,West,PIVETTA,ST,REVESBY,,No,Not a school zone,2-way undivided,-33.948356,151.020984,Canterbury-Bankstown,Sydney metro. area,Syd-Newc-Woll Gtr conurbation,Straight,,,,Unknown / not stated,Sealed,Unknown,Unknown,Darkness,Nil,No traffic controls,50 km/h,Local,71,Off rd left => obj,703,Left off cway into object,,Vehicle - Object,4 wheel drive / SUV,,1,0,0,0,0,7,July,Winter,Sunday,02:00 - 03:59,Late night / early morning,False,False,False,False
1359313,Non-casualty (towaway),Non-casualty (towaway),2024,2024,August,Friday,00:01 - 01:59,OLD WILLBRIGGIE,RD,80,North,COX,RD,HANWOOD,,No,Not a school zone,2-way undivided,-34.332423,146.056333,Griffith,Country urban,Rest of NSW - Urban,Straight,Ditch/drain/culvert,,,Nil,Sealed,Dry,Fine,Darkness,Nil,No traffic controls,80 km/h,Local,71,Off rd left => obj,703,Left off cway into object,,Vehicle - Object,Light truck,,1,0,0,0,0,8,August,Winter,Friday,00:01 - 01:59,Late night / early morning,False,False,False,False
1359319,Non-casualty (towaway),Non-casualty (towaway),2024,2024,July,Monday,18:00 - 19:59,PRINCES,HWY,0,Right on the spot,FOREST,RD,ARNCLIFFE,1.0,No,Not a school zone,X-intersection,-33.939155,151.147727,Bayside,Sydney metro. area,Syd-Newc-Woll Gtr conurbation,Straight,,,,On,Sealed,Dry,Unknown,Dusk,On,No traffic controls,60 km/h,State,21,Right through,202,Opp - Right-thru,,Other angle,Car (sedan/hatch),Car (sedan/hatch),2,0,0,0,0,7,July,Winter,Monday,18:00 - 19:59,PM peak / evening commute,True,False,False,False
1359323,Non-casualty (towaway),Non-casualty (towaway),2024,2024,July,Thursday,14:00 - 15:59,M7 WESTLINK,EXP,2000,North,ELIZABETH DRIVE,OP,HORSLEY PARK,6009.0,No,Not a school zone,Dual freeway,-33.859587,150.848901,Fairfield,Sydney metro. area,Syd-Newc-Woll Gtr conurbation,Straight,Embankment/cutting,,,Off,Sealed,Dry,Fine,Daylight,Nil,No traffic controls,80 km/h,State,74,On road-out of cont.,705,Out of control on cway,,Rollover,Large rigid,,1,0,0,0,0,7,July,Winter,Thursday,14:00 - 15:59,Midday / afternoon,False,False,False,False
1359331,Non-casualty (towaway),Non-casualty (towaway),2024,2024,August,Sunday,06:00 - 07:59,BLUE GUM,RD,0,Right on the spot,UNIVERSITY,DR,BIRMINGHAM GARDENS,,No,Not a school zone,Roundabout,-32.897029,151.692262,Newcastle,Newcastle met. area,Syd-Newc-Woll Gtr conurbation,Curved,,,,On,Sealed,Dry,Fine,Dawn,Nil,Give way sign,50 km/h,Local,33,Lane sideswipe,305,Same - Lane side swipe,,Other angle,Car (sedan/hatch),Car (sedan/hatch),3,0,0,0,0,8,August,Winter,Sunday,06:00 - 07:59,AM peak / school commute,True,False,False,False
1359345,Non-casualty (towaway),Non-casualty (towaway),2024,2024,August,Friday,00:01 - 01:59,WERRIS,RD,0,Right on the spot,SOUTH,ST,WERRIS CREEK,130.0,No,Not a school zone,T-junction,-31.366173,150.644214,Liverpool Plains,Country urban,Rest of NSW - Urban,Curved,Railway level x,,,Nil,Sealed,Dry,Fine,Darkness,Nil,Rail X flashing sigs,80 km/h,Regional,81,Off left/rt bnd=>obj,803,Off right bend into obj,Left,Vehicle - Object,Car (sedan/hatch),,1,0,0,0,0,8,August,Winter,Friday,00:01 - 01:59,Late night / early morning,False,False,False,False
1359346,Non-casualty (towaway),Non-casualty (towaway),2024,2024,August,Saturday,10:00 - 11:59,UNDERWOOD,RD,0,Right on the spot,HOMEBUSH BAY,DR,HOMEBUSH,7324.0,No,Not a school zone,Roundabout,-33.854102,151.077494,Strathfield,Sydney metro. area,Syd-Newc-Woll Gtr conurbation,Curved,Underpass/tunnel,Roadwks/Detour/Diverson,,Nil,Sealed,Dry,Fine,Daylight,Unknown / not stated,Give way sign,60 km/h,Regional,10,Cross traffic,101,Adj - Cross traffic,,Right angle,Unknown motor vehicle,4 wheel drive / SUV,2,0,0,0,0,8,August,Winter,Saturday,10:00 - 11:59,Midday / afternoon,False,False,False,False
1359359,Non-casualty (towaway),Non-casualty (towaway),2024,2024,July,Sunday,02:00 - 03:59,SHIRLEY,ST,20,West,DRYDEN,ST,BYRON BAY,545.0,No,Not a school zone,2-way undivided,-28.640133,153.605238,Byron,Country urban,Rest of NSW - Urban,Straight,,,,On,Sealed,Wet,Fine,Darkness,Nil,No traffic controls,50 km/h,Regional,49,Other manoeuvring,400,Manov - other,,Other angle,Light truck,Light truck utility(from 2018),2,0,0,0,0,7,July,Winter,Sunday,02:00 - 03:59,Late night / early morning,False,False,False,False
1359377,Non-casualty (towaway),Non-casualty (towaway),2024,2024,July,Monday,22:00 - Midnight,ALICE,AVE,50,North,LAVIS,RD,BOWRAL,,No,Not a school zone,2-way undivided,-34.495275,150.437886,Wingecarribee,Country urban,Rest of NSW - Urban,Curved,Steep grade,,,On,Sealed,Dry,Fine,Darkness,Nil,No traffic controls,50 km/h,Local,81,Off left/rt bnd=>obj,803,Off right bend into obj,Left,Vehicle - Object,Utility,,1,0,0,0,0,7,July,Winter,Monday,22:00 - Midnight,Evening / night,False,False,False,False
1359378,Non-casualty (towaway),Non-casualty (towaway),2024,2024,July,Friday,20:00 - 21:59,MEDOWIE,RD,50,North,BLUEBERRY,RD,MEDOWIE,518.0,No,Not a school zone,2-way undivided,-32.759513,151.866124,Port Stephens,Country urban,Rest of NSW - Urban,Straight,,Roadwks/Detour/Diverson,,On,Sealed,Dry,Fine,Darkness,On,No traffic controls,40 km/h,Regional,30,Rear end,301,Same - Rear end,,Rear end,4 wheel drive / SUV,Car (sedan/hatch),2,0,0,0,0,7,July,Winter,Friday,20:00 - 21:59,Evening / night,False,False,False,False
1359380,Non-casualty (towaway),Non-casualty (towaway),2024,2024,August,Sunday,00:01 - 01:59,BRUXNER,HWY,0,Right on the spot,NUMBER 126,HN,CASINO,16.0,No,Not a school zone,2-way undivided,-28.860571,153.060434,Richmond Valley,Country urban,Rest of NSW - Urban,Straight,Ditch/drain/culvert,,,On,Sealed,Dry,Fine,Darkness,Nil,No traffic controls,50 km/h,State,70,Off road to left,701,Off carriageway to left,,Rollover,Large rigid,,1,0,0,0,0,8,August,Winter,Sunday,00:01 - 01:59,Late night / early morning,False,False,False,False
1359382,Non-casualty (towaway),Non-casualty (towaway),2024,2024,August,Tuesday,08:00 - 09:59,TYALGUM,RD,50,East,EVERESTS,RD,EUNGELLA,,No,Not a school zone,2-way undivided,-28.354259,153.305202,Tweed,Country non-urban,Rest of NSW - Rural,Straight,,,,Unknown / not stated,Sealed,Dry,Fine,Daylight,Nil,No traffic controls,100 km/h,Local,20,Head on,201,Opp - Head on,,Head-on,Light truck utility(from 2018),Light truck utility(from 2018),2,0,0,0,0,8,August,Winter,Tuesday,08:00 - 09:59,AM peak / school commute,True,False,False,False
1359393,Non-casualty (towaway),Non-casualty (towaway),2024,2024,June,Friday,20:00 - 21:59,THUNDERBOLTS,WAY,20,South,GIRO,RD,GIRO,7719.0,No,Not a school zone,2-way undivided,-31.736341,151.868682,Mid-Coast,Country urban,Rest of NSW - Urban,Curved,,,,Unknown / not stated,Sealed,Dry,Fine,Darkness,Nil,No traffic controls,80 km/h,Regional,87,Off lft/lft bnd=>obj,804,Off left bend into obj,Left,Vehicle - Object,Light truck utility(from 2018),,1,0,0,0,0,6,June,Winter,Friday,20:00 - 21:59,Evening / night,False,False,False,False
1359397,Non-casualty (towaway),Non-casualty (towaway),2024,2024,July,Sunday,16:00 - 17:59,BLOW CLEAR,RD,80,East,LONERGANS,LANE,LAKE COWAL,,No,Not a school zone,2-way undivided,-33.698715,147.292974,Bland,Country non-urban,Rest of NSW - Rural,Straight,,,,Unknown / not stated,Sealed,Wet,Fine,Darkness,Nil,No traffic controls,100 km/h,Local,67,Struck animal,609,On path - Hit animal,,Vehicle - Animal,Car (sedan/hatch),,1,0,0,0,0,7,July,Winter,Sunday,16:00 - 17:59,PM peak / evening commute,True,False,False,False
1359400,Non-casualty (towaway),Non-casualty (towaway),2024,2024,July,Sunday,18:00 - 19:59,CANOWINDRA,RD,2000,South,GARROODS,LANE,CUDAL,310.0,No,Not a school zone,2-way undivided,-33.312925,148.720538,Cabonne,Country non-urban,Rest of NSW - Rural,Straight,,,,Unknown / not stated,Sealed,Wet,Raining,Dusk,Nil,No traffic controls,100 km/h,State,67,Struck animal,609,On path - Hit animal,,Vehicle - Animal,4 wheel drive / SUV,,1,0,0,0,0,7,July,Winter,Sunday,18:00 - 19:59,PM peak / evening commute,True,False,False,False
1359401,Non-casualty (towaway),Non-casualty (towaway),2024,2024,July,Tuesday,16:00 - 17:59,STURT,HWY,50,South,LOWER TARCUTTA,RD,TARCUTTA,14.0,No,Not a school zone,2-way undivided,-35.210894,147.763991,Wagga Wagga,Country non-urban,Rest of NSW - Rural,Curved,Steep grade,,,Unknown / not stated,Sealed,Dry,Fine,Daylight,Nil,No traffic controls,100 km/h,State,85,Off rt/lft bnd=>obj,804,Off left bend into obj,Right,Vehicle - Object,Light truck utility(from 2018),,1,0,0,0,0,7,July,Winter,Tuesday,16:00 - 17:59,PM peak / evening commute,True,False,False,False
1359402,Non-casualty (towaway),Non-casualty (towaway),2024,2024,August,Thursday,08:00 - 09:59,AUTUMN,ST,0,Right on the spot,MARCH,ST,ORANGE,,No,Not a school zone,X-intersection,-33.280951,149.110888,Orange,Country urban,Rest of NSW - Urban,Straight,,,,Unknown / not stated,Sealed,Dry,Fine,Daylight,Nil,Give way sign,50 km/h,Local,10,Cross traffic,101,Adj - Cross traffic,,Right angle,Car (sedan/hatch),Car (sedan/hatch),2,0,0,0,0,8,August,Winter,Thursday,08:00 - 09:59,AM peak / school commute,True,False,False,False
1359404,Non-casualty (towaway),Non-casualty (towaway),2024,2024,July,Monday,16:00 - 17:59,ROSLYN,GDNS,10,South,ELIZABETH BAY,RD,ELIZABETH BAY,,No,Not a school zone,X-intersection,-33.872258,151.228546,Sydney,Sydney metro. area,Syd-Newc-Woll Gtr conurbation,Curved,,,,Unknown / not stated,Sealed,Dry,Fine,Dusk,Nil,Stop sign,50 km/h,Local,81,Off left/rt bnd=>obj,803,Off right bend into obj,Left,Other angle,Car (sedan/hatch),Car (sedan/hatch),3,0,0,0,0,7,July,Winter,Monday,16:00 - 17:59,PM peak / evening commute,True,False,False,False
1359405,Non-casualty (towaway),Non-casualty (towaway),2024,2024,August,Wednesday,14:00 - 15:59,KAMILAROI,HWY,50000,East,BREWARRINA,TN,BREWARRINA,29.0,No,Not a school zone,2-way undivided,-30.089697,147.29861,Brewarrina,Country non-urban,Rest of NSW - Rural,Straight,,,,Unknown / not stated,Sealed,Dry,Fine,Daylight,Nil,No traffic controls,110 km/h,State,74,On road-out of cont.,705,Out of control on cway,,Rollover,Light truck utility(from 2018),,1,0,0,0,0,8,August,Winter,Wednesday,14:00 - 15:59,Midday / afternoon,False,False,False,False
1359414,Non-casualty (towaway),Non-casualty (towaway),2024,2024,July,Sunday,10:00 - 11:59,TERRIGAL,DR,0,Right on the spot,NUMBER 474,HN,TERRIGAL,505.0,No,Not a school zone,2-way undivided,-33.438428,151.414192,Central Coast,Country urban,Syd-Newc-Woll Gtr conurbation,Curved,,,,Unknown / not stated,Sealed,Dry,Fine,Daylight,Nil,No traffic controls,70 km/h,State,30,Rear end,301,Same - Rear end,,Rear end,Light truck utility(from 2018),4 wheel drive / SUV,2,0,0,0,0,7,July,Winter,Sunday,10:00 - 11:59,Midday / afternoon,False,False,False,False