crash_id,degree_of_crash,degree_of_crash_-_detailed,reporting_year,year_of_crash,month_of_crash,day_of_week_of_crash,two-hour_intervals,street_of_crash,street_type,distance,direction,identifying_feature,identifying_feature_type,town,route_no.,school_zone_location,school_zone_active,type_of_location,latitude,longitude,lga,urbanisation,conurbation_1,alignment,primary_permanent_feature,primary_temporary_feature,primary_hazardous_feature,street_lighting,road_surface,surface_condition,weather,natural_lighting,signals_operation,other_traffic_control,speed_limit,road_classification_(admin),rum_-_code,rum_-_description,dca_-_code,dca_-_description,dca_supplement,first_impact_type,key_tu_type,other_tu_type,no._of_traffic_units_involved,no._killed,no._seriously_injured,no._moderately_injured,no._minor-other_injured,month_num,month_label,season,day_label,time_label,time_band,is_peak_commute,is_fatal,is_injury,is_casualty
1359418,Non-casualty (towaway),Non-casualty (towaway),2024,2024,June,Thursday,04:00 - 05:59,SOUTHERN,EXP,1000,South,NORTHCLIFFE DRIVE,OP,BERKELEY,6006.0,No,Not a school zone,Dual freeway,-34.480253,150.824467,Wollongong,Wollongong met. area,Syd-Newc-Woll Gtr conurbation,Straight,Other bridge,,,Unknown / not stated,Sealed,Dry,Fine,Darkness,Nil,No traffic controls,100 km/h,State,30,Rear end,301,Same - Rear end,,Rear end,Light truck utility(from 2018),Car (sedan/hatch),3,0,0,0,0,6,June,Winter,Thursday,04:00 - 05:59,Late night / early morning,False,False,False,False
1359420,Non-casualty (towaway),Non-casualty (towaway),2024,2024,August,Thursday,20:00 - 21:59,BLIGH,ST,0,Right on the spot,CHURCH,ST,DUBBO,,No,Not a school zone,T-junction,-32.246749,148.600078,Dubbo Regional,Country urban,Rest of NSW - Urban,Straight,,,,Unknown / not stated,Sealed,Dry,Fine,Darkness,Nil,Give way sign,50 km/h,Local,73,Off rd rght => obj,704,Right off cway into obj,,Vehicle - Object,Car (sedan/hatch),,1,0,0,0,0,8,August,Winter,Thursday,20:00 - 21:59,Evening / night,False,False,False,False
1359426,Non-casualty (towaway),Non-casualty (towaway),2024,2024,August,Wednesday,04:00 - 05:59,ANSON,ST,10,North,OPHIR,ST,ORANGE,,No,Not a school zone,T-junction,-33.272634,149.100932,Orange,Country urban,Rest of NSW - Urban,Straight,,,,Unknown / not stated,Sealed,Wet,Raining,Darkness,Nil,No traffic controls,50 km/h,Local,71,Off rd left => obj,703,Left off cway into object,,Vehicle - Object,Car (sedan/hatch),,1,0,0,0,0,8,August,Winter,Wednesday,04:00 - 05:59,Late night / early morning,False,False,False,False
1359428,Non-casualty (towaway),Non-casualty (towaway),2024,2024,August,Wednesday,06:00 - 07:59,DUNNING,AVE,0,Right on the spot,HARCOURT,PDE,ROSEBERY,,No,Not a school zone,Roundabout,-33.920047,151.201027,Sydney,Sydney metro. area,Syd-Newc-Woll Gtr conurbation,Straight,,,,Unknown / not stated,Sealed,Dry,Overcast,Daylight,Nil,Give way sign,40 km/h,Local,49,Other manoeuvring,400,Manov - other,,Other angle,Car (sedan/hatch),Car (sedan/hatch),2,0,0,0,0,8,August,Winter,Wednesday,06:00 - 07:59,AM peak / school commute,True,False,False,False
1359431,Non-casualty (towaway),Non-casualty (towaway),2024,2024,August,Friday,04:00 - 05:59,OLD NORTHERN,RD,0,Right on the spot,NUMBER 728,HN,DURAL,160.0,No,Not a school zone,2-way undivided,-33.659377,151.023043,The Hills,Sydney metro. area,Syd-Newc-Woll Gtr conurbation,Straight,Steep grade,,,Unknown / not stated,Sealed,Wet,Raining,Darkness,Nil,No traffic controls,70 km/h,State,71,Off rd left => obj,703,Left off cway into object,,Vehicle - Object,Semi-trailer,,1,0,0,0,0,8,August,Winter,Friday,04:00 - 05:59,Late night / early morning,False,False,False,False
1359434,Non-casualty (towaway),Non-casualty (towaway),2024,2024,August,Tuesday,20:00 - 21:59,HUME,HWY,0,Right on the spot,BURWOOD,RD,BURWOOD,2.0,Yes,No,X-intersection,-33.887657,151.101645,Burwood,Sydney metro. area,Syd-Newc-Woll Gtr conurbation,Straight,,,,Unknown / not stated,Sealed,Dry,Fine,Darkness,On,No traffic controls,60 km/h,State,15,Right/left far,106,Adj - Right-left from right,,Right angle,Car (sedan/hatch),Car (sedan/hatch),2,0,0,0,0,8,August,Winter,Tuesday,20:00 - 21:59,Evening / night,False,False,False,False
1359435,Non-casualty (towaway),Non-casualty (towaway),2024,2024,August,Monday,04:00 - 05:59,BRADFIELD,HWY,200,North,CAHILL EXPRESSWAY,OP,MILLERS POINT,632.0,No,Not a school zone,Divided road,-33.858921,151.206498,Sydney,Sydney metro. area,Syd-Newc-Woll Gtr conurbation,Straight,Other bridge,,,Unknown / not stated,Sealed,Wet,Raining,Dawn,Nil,No traffic controls,70 km/h,State,30,Rear end,301,Same - Rear end,,Rear end,Light truck utility(from 2018),4 wheel drive / SUV,3,0,0,0,0,8,August,Winter,Monday,04:00 - 05:59,Late night / early morning,False,False,False,False
1359439,Non-casualty (towaway),Non-casualty (towaway),2024,2024,August,Friday,16:00 - 17:59,LEETON,RD,10,West,BYROCK,PL,HINCHINBROOK,,No,Not a school zone,X-intersection,-33.924373,150.855568,Liverpool,Sydney metro. area,Syd-Newc-Woll Gtr conurbation,Straight,,,,Unknown / not stated,Sealed,Dry,Fine,Daylight,Nil,Give way sign,50 km/h,Local,71,Off rd left => obj,703,Left off cway into object,,Vehicle - Object,Car (sedan/hatch),,1,0,0,0,0,8,August,Winter,Friday,16:00 - 17:59,PM peak / evening commute,True,False,False,False
1359440,Non-casualty (towaway),Non-casualty (towaway),2024,2024,August,Saturday,18:00 - 19:59,MAGEE,PL,0,Right on the spot,NUMBER 2,HN,KILLARNEY HEIGHTS,,No,Not a school zone,2-way undivided,-33.773441,151.22315,Northern Beaches,Sydney metro. area,Syd-Newc-Woll Gtr conurbation,Straight,,,,Unknown / not stated,Sealed,Dry,Fine,Darkness,Nil,No traffic controls,50 km/h,Local,71,Off rd left => obj,703,Left off cway into object,,Other angle,Car (sedan/hatch),Car (sedan/hatch),3,0,0,0,0,8,August,Winter,Saturday,18:00 - 19:59,PM peak / evening commute,True,False,False,False
1359443,Non-casualty (towaway),Non-casualty (towaway),2024,2024,July,Tuesday,12:00 - 13:59,NUNDLE,RD,1000,North,CHAFFEY DAM RECREATION RESERVE,ENT,BOWLING ALLEY POINT,105.0,No,Not a school zone,2-way undivided,-31.349873,151.138688,Tamworth Regional,Country non-urban,Rest of NSW - Rural,Curved,,,,Unknown / not stated,Sealed,Dry,Overcast,Daylight,Nil,No traffic controls,100 km/h,Regional,80,Off left/right bend,801,Off cway right bend,Left,Rollover,Car (sedan/hatch),,1,0,0,0,0,7,July,Winter,Tuesday,12:00 - 13:59,Midday / afternoon,False,False,False,False
1359444,Non-casualty (towaway),Non-casualty (towaway),2024,2024,August,Thursday,16:00 - 17:59,HOLBROOK WAGGA,RD,25,South,BAHRS,RD,COOKARDINIA,211.0,No,Not a school zone,2-way undivided,-35.508544,147.263822,Greater Hume,Country non-urban,Rest of NSW - Rural,Straight,Driveway/entrance,,,Unknown / not stated,Sealed,Dry,Fine,Dusk,Nil,No traffic controls,100 km/h,Regional,53,Overtake turning,506,Ovtak - Overtaking right turn,,Other angle,4 wheel drive / SUV,Tractor,2,0,0,0,0,8,August,Winter,Thursday,16:00 - 17:59,PM peak / evening commute,True,False,False,False
1359450,Non-casualty (towaway),Non-casualty (towaway),2024,2024,August,Tuesday,06:00 - 07:59,BOLTON,ST,0,Right on the spot,DOCKER,ST,WAGGA WAGGA,,No,Not a school zone,X-intersection,-35.114491,147.357142,Wagga Wagga,Country urban,Rest of NSW - Urban,Straight,,,,Unknown / not stated,Sealed,Dry,Fine,Dawn,Nil,Give way sign,50 km/h,Local,32,Right rear,303,Same - Rear right,,Rear end,Car (sedan/hatch),4 wheel drive / SUV,2,0,0,0,0,8,August,Winter,Tuesday,06:00 - 07:59,AM peak / school commute,True,False,False,False
1359453,Non-casualty (towaway),Non-casualty (towaway),2024,2024,August,Saturday,14:00 - 15:59,ABERCROMBIE,ST,0,Right on the spot,MT KEIRA,RD,WEST WOLLONGONG,,No,Not a school zone,T-junction,-34.423831,150.867875,Wollongong,Wollongong met. area,Syd-Newc-Woll Gtr conurbation,Straight,Steep grade,,,Unknown / not stated,Sealed,Dry,Fine,Daylight,Nil,Stop sign,50 km/h,Local,13,Right near,104,Adj - Right-thru from right,,Right angle,Car (sedan/hatch),Car (sedan/hatch),2,0,0,0,0,8,August,Winter,Saturday,14:00 - 15:59,Midday / afternoon,False,False,False,False
1359456,Non-casualty (towaway),Non-casualty (towaway),2024,2024,August,Tuesday,18:00 - 19:59,WEST,ST,0,Right on the spot,BRIGHTON,ST,PETERSHAM,7084.0,No,Not a school zone,T-junction,-33.89317,151.150387,Inner West,Sydney metro. area,Syd-Newc-Woll Gtr conurbation,Curved,,,,Unknown / not stated,Sealed,Dry,Fine,Darkness,Nil,Give way sign,50 km/h,Regional,13,Right near,104,Adj - Right-thru from right,,Right angle,Car (sedan/hatch),Car (sedan/hatch),2,0,0,0,0,8,August,Winter,Tuesday,18:00 - 19:59,PM peak / evening commute,True,False,False,False
1359458,Non-casualty (towaway),Non-casualty (towaway),2024,2024,August,Tuesday,12:00 - 13:59,CRAWFORD,ST,0,Right on the spot,STURGEON,ST,JINDABYNE,,No,Not a school zone,X-intersection,-36.437383,148.600932,Snowy Monaro Regional,Country urban,Rest of NSW - Urban,Straight,,,,Unknown / not stated,Sealed,Dry,Fine,Daylight,Nil,Give way sign,50 km/h,Local,10,Cross traffic,101,Adj - Cross traffic,,Right angle,Light truck utility(from 2018),4 wheel drive / SUV,2,0,0,0,0,8,August,Winter,Tuesday,12:00 - 13:59,Midday / afternoon,False,False,False,False
1359459,Non-casualty (towaway),Non-casualty (towaway),2024,2024,August,Saturday,22:00 - Midnight,CANDICE,CRES,0,Right on the spot,PONYTAIL,DR,STANHOPE GARDENS,,No,Not a school zone,T-junction,-33.721074,150.922232,Blacktown,Sydney metro. area,Syd-Newc-Woll Gtr conurbation,Curved,,,,Unknown / not stated,Sealed,Dry,Fine,Darkness,Nil,No traffic controls,50 km/h,Local,87,Off lft/lft bnd=>obj,804,Off left bend into obj,Left,Vehicle - Object,Car (sedan/hatch),,1,0,0,0,0,8,August,Winter,Saturday,22:00 - Midnight,Evening / night,False,False,False,False
1359462,Non-casualty (towaway),Non-casualty (towaway),2024,2024,August,Saturday,08:00 - 09:59,FORSYTH,ST,0,Right on the spot,FOX,ST,WAGGA WAGGA,,No,Not a school zone,X-intersection,-35.113415,147.365278,Wagga Wagga,Country urban,Rest of NSW - Urban,Straight,,,,Nil,Sealed,Dry,Fine,Daylight,Nil,Give way sign,50 km/h,Local,10,Cross traffic,101,Adj - Cross traffic,,Right angle,Station wagon,4 wheel drive / SUV,2,0,0,0,0,8,August,Winter,Saturday,08:00 - 09:59,AM peak / school commute,True,False,False,False
1359463,Non-casualty (towaway),Non-casualty (towaway),2024,2024,August,Wednesday,16:00 - 17:59,SHELLHARBOUR,RD,0,Right on the spot,NUMBER 168,HN,PORT KEMBLA,,No,Not a school zone,2-way undivided,-34.493955,150.892442,Wollongong,Wollongong met. area,Syd-Newc-Woll Gtr conurbation,Straight,,,,Unknown / not stated,Sealed,Dry,Fine,Daylight,Nil,No traffic controls,50 km/h,Local,40,U turn,304,Same - U-turn,,Other angle,Car (sedan/hatch),4 wheel drive / SUV,2,0,0,0,0,8,August,Winter,Wednesday,16:00 - 17:59,PM peak / evening commute,True,False,False,False
1359465,Non-casualty (towaway),Non-casualty (towaway),2024,2024,August,Tuesday,08:00 - 09:59,NELSON BAY,RD,2000,East,SEASIDE,BVD,FULLERTON COVE,108.0,No,Not a school zone,2-way undivided,-32.849459,151.822578,Port Stephens,Country non-urban,Rest of NSW - Rural,Straight,,,,Unknown / not stated,Sealed,Wet,Overcast,Daylight,Nil,No traffic controls,100 km/h,State,30,Rear end,301,Same - Rear end,,Rear end,4 wheel drive / SUV,Car (sedan/hatch),2,0,0,0,0,8,August,Winter,Tuesday,08:00 - 09:59,AM peak / school commute,True,False,False,False
1359467,Non-casualty (towaway),Non-casualty (towaway),2024,2024,August,Friday,18:00 - 19:59,TOWNSON,AVE,0,Right on the spot,WESTMORELAND,RD,MINTO,,No,Not a school zone,Roundabout,-34.042965,150.84602,Campbelltown,Sydney metro. area,Syd-Newc-Woll Gtr conurbation,Straight,,,,Unknown / not stated,Sealed,Dry,Fine,Darkness,Nil,Give way sign,60 km/h,Local,10,Cross traffic,101,Adj - Cross traffic,,Right angle,Light truck utility(from 2018),Light truck utility(from 2018),2,0,0,0,0,8,August,Winter,Friday,18:00 - 19:59,PM peak / evening commute,True,False,False,False
1359469,Non-casualty (towaway),Non-casualty (towaway),2024,2024,August,Friday,18:00 - 19:59,KENTHURST,RD,0,Right on the spot,NUMBER 48,HN,DURAL,7141.0,No,Not a school zone,2-way undivided,-33.690193,151.016944,The Hills,Sydney metro. area,Syd-Newc-Woll Gtr conurbation,Straight,Driveway/entrance,,,Unknown / not stated,Sealed,Wet,Raining,Dusk,Nil,No traffic controls,50 km/h,Regional,21,Right through,202,Opp - Right-thru,,Other angle,Car (sedan/hatch),4 wheel drive / SUV,2,0,0,0,0,8,August,Winter,Friday,18:00 - 19:59,PM peak / evening commute,True,False,False,False
1359475,Non-casualty (towaway),Non-casualty (towaway),2024,2024,August,Monday,06:00 - 07:59,MANLY,RD,10,South,OLD SYDNEY,RD,SEAFORTH,164.0,No,Not a school zone,X-intersection,-33.796314,151.252684,Northern Beaches,Sydney metro. area,Syd-Newc-Woll Gtr conurbation,Straight,,,,Unknown / not stated,Sealed,Wet,Overcast,Daylight,On,No traffic controls,60 km/h,State,30,Rear end,301,Same - Rear end,,Rear end,Light truck utility(from 2018),Car (sedan/hatch),3,0,0,0,0,8,August,Winter,Monday,06:00 - 07:59,AM peak / school commute,True,False,False,False
1359479,Non-casualty (towaway),Non-casualty (towaway),2024,2024,July,Monday,18:00 - 19:59,WONIORA,AVE,0,Right on the spot,NUMBER 21,HN,WAHROONGA,,No,Not a school zone,2-way undivided,-33.714089,151.115098,Ku-ring-gai,Sydney metro. area,Syd-Newc-Woll Gtr conurbation,Straight,Driveway/entrance,,,Unknown / not stated,Sealed,Dry,Fine,Darkness,Nil,No traffic controls,50 km/h,Local,49,Other manoeuvring,400,Manov - other,,Other angle,Station wagon,4 wheel drive / SUV,3,0,0,0,0,7,July,Winter,Monday,18:00 - 19:59,PM peak / evening commute,True,False,False,False
1359480,Non-casualty (towaway),Non-casualty (towaway),2024,2024,August,Sunday,08:00 - 09:59,TARGO,RD,0,Right on the spot,NUMBER 238,HN,TOONGABBIE,,No,Not a school zone,2-way undivided,-33.79001,150.95078,Cumberland,Sydney metro. area,Syd-Newc-Woll Gtr conurbation,Straight,,,,Unknown / not stated,Sealed,Dry,Fine,Daylight,Nil,No traffic controls,50 km/h,Local,33,Lane sideswipe,305,Same - Lane side swipe,,Other angle,4 wheel drive / SUV,Light truck,5,0,0,0,0,8,August,Winter,Sunday,08:00 - 09:59,AM peak / school commute,True,False,False,False
1359481,Non-casualty (towaway),Non-casualty (towaway),2024,2024,August,Saturday,18:00 - 19:59,PACIFIC,HWY,0,Right on the spot,DUFF,ST,TURRAMURRA,10.0,No,Not a school zone,T-junction,-33.732738,151.126388,Ku-ring-gai,Sydney metro. area,Syd-Newc-Woll Gtr conurbation,Straight,,,,Unknown / not stated,Sealed,Dry,Fine,Darkness,Nil,Give way sign,60 km/h,State,10,Cross traffic,101,Adj - Cross traffic,,Right angle,Car (sedan/hatch),4 wheel drive / SUV,2,0,0,0,0,8,August,Winter,Saturday,18:00 - 19:59,PM peak / evening commute,True,False,False,False
1359482,Non-casualty (towaway),Non-casualty (towaway),2024,2024,July,Saturday,08:00 - 09:59,BONDS,RD,0,Right on the spot,NUMBER 66,HN,PEAKHURST,7006.0,Yes,No,2-way undivided,-33.955279,151.060691,Georges River,Sydney metro. area,Syd-Newc-Woll Gtr conurbation,Straight,,,,Unknown / not stated,Sealed,Dry,Fine,Daylight,Nil,No traffic controls,50 km/h,Regional,40,U turn,304,Same - U-turn,,Other angle,Car (sedan/hatch),4 wheel drive / SUV,2,0,0,0,0,7,July,Winter,Saturday,08:00 - 09:59,AM peak / school commute,True,False,False,False
1359485,Non-casualty (towaway),Non-casualty (towaway),2024,2024,August,Sunday,12:00 - 13:59,JAMES RUSE,DR,0,Right on the spot,GRAND,AVE,ROSEHILL,309.0,No,Not a school zone,X-intersection,-33.819304,151.021981,Parramatta,Sydney metro. area,Syd-Newc-Woll Gtr conurbation,Straight,,,,Unknown / not stated,Sealed,Dry,Fine,Daylight,On,No traffic controls,70 km/h,State,21,Right through,202,Opp - Right-thru,,Other angle,Car (sedan/hatch),4 wheel drive / SUV,2,0,0,0,0,8,August,Winter,Sunday,12:00 - 13:59,Midday / afternoon,False,False,False,False
1359488,Non-casualty (towaway),Non-casualty (towaway),2024,2024,August,Wednesday,14:00 - 15:59,CRANEBROOK,RD,0,Right on the spot,TAYLOR,RD,CRANEBROOK,630.0,No,Not a school zone,T-junction,-33.695637,150.713107,Penrith,Sydney metro. area,Syd-Newc-Woll Gtr conurbation,Straight,,,,Unknown / not stated,Sealed,Wet,Raining,Daylight,Nil,Give way sign,80 km/h,State,21,Right through,202,Opp - Right-thru,,Other angle,Car (sedan/hatch),Light truck utility(from 2018),2,0,0,0,0,8,August,Winter,Wednesday,14:00 - 15:59,Midday / afternoon,False,False,False,False
1359490,Non-casualty (towaway),Non-casualty (towaway),2024,2024,July,Thursday,08:00 - 09:59,NEW ENGLAND,HWY,0,Right on the spot,NEW ENGLAND HIGHWAY,TO,BERESFIELD,9.0,No,Not a school zone,Divided road,-32.795523,151.635303,Newcastle,Newcastle met. area,Syd-Newc-Woll Gtr conurbation,Straight,,,,Unknown / not stated,Sealed,Dry,Fine,Daylight,Nil,No traffic controls,60 km/h,State,30,Rear end,301,Same - Rear end,,Rear end,Passenger van,Car (sedan/hatch),4,0,0,0,0,7,July,Winter,Thursday,08:00 - 09:59,AM peak / school commute,True,False,False,False
1359492,Non-casualty (towaway),Non-casualty (towaway),2024,2024,August,Monday,18:00 - 19:59,SALLYS CORNER,RD,2000,East,HUME,HWY,EXETER,,No,Not a school zone,2-way undivided,-34.611572,150.248932,Wingecarribee,Country non-urban,Rest of NSW - Rural,Curved,,,,Unknown / not stated,Sealed,Wet,Raining,Dusk,Nil,No traffic controls,90 km/h,Local,87,Off lft/lft bnd=>obj,804,Off left bend into obj,Left,Vehicle - Object,Light truck utility(from 2018),,1,0,0,0,0,8,August,Winter,Monday,18:00 - 19:59,PM peak / evening commute,True,False,False,False
1359495,Non-casualty (towaway),Non-casualty (towaway),2024,2024,August,Wednesday,12:00 - 13:59,BREWSTER,ST,0,Right on the spot,URALBA,ST,LISMORE,,No,Not a school zone,Roundabout,-28.809461,153.285334,Lismore,Country urban,Rest of NSW - Urban,Straight,,,,Unknown / not stated,Sealed,Dry,Fine,Daylight,Nil,Give way sign,50 km/h,Local,13,Right near,104,Adj - Right-thru from right,,Right angle,Light truck,Motorcycle,2,0,0,0,0,8,August,Winter,Wednesday,12:00 - 13:59,Midday / afternoon,False,False,False,False
1359497,Non-casualty (towaway),Non-casualty (towaway),2024,2024,August,Monday,18:00 - 19:59,CHURCH,ST,0,Right on the spot,JUNCTION,ST,RYDE,200.0,No,Not a school zone,T-junction,-33.819373,151.099798,Ryde,Sydney metro. area,Syd-Newc-Woll Gtr conurbation,Straight,Steep grade,,,Unknown / not stated,Sealed,Dry,Overcast,Dusk,On,No traffic controls,70 km/h,State,30,Rear end,301,Same - Rear end,,Rear end,4 wheel drive / SUV,Station wagon,2,0,0,0,0,8,August,Winter,Monday,18:00 - 19:59,PM peak / evening commute,True,False,False,False
1359498,Non-casualty (towaway),Non-casualty (towaway),2024,2024,August,Sunday,14:00 - 15:59,WYONG,RD,0,Right on the spot,PINDARRI,AVE,BERKELEY VALE,335.0,No,Not a school zone,Roundabout,-33.351391,151.433496,Central Coast,Country urban,Syd-Newc-Woll Gtr conurbation,Curved,,,,Unknown / not stated,Sealed,Wet,Raining,Daylight,Nil,Give way sign,60 km/h,State,34,Lane change right,306,Same - Lane change right,,Other angle,Car (sedan/hatch),4 wheel drive / SUV,3,0,0,0,0,8,August,Winter,Sunday,14:00 - 15:59,Midday / afternoon,False,False,False,False
1359499,Non-casualty (towaway),Non-casualty (towaway),2024,2024,August,Monday,10:00 - 11:59,BURNS BAY,RD,0,Right on the spot,GLADESVILLE,RD,HUNTERS HILL,166.0,No,Not a school zone,X-intersection,-33.833956,151.145236,Hunters Hill,Sydney metro. area,Syd-Newc-Woll Gtr conurbation,Curved,Steep grade,,,Unknown / not stated,Sealed,Wet,Raining,Daylight,Nil,Give way sign,50 km/h,State,10,Cross traffic,101,Adj - Cross traffic,,Right angle,4 wheel drive / SUV,Car (sedan/hatch),2,0,0,0,0,8,August,Winter,Monday,10:00 - 11:59,Midday / afternoon,False,False,False,False
1359500,Non-casualty (towaway),Non-casualty (towaway),2024,2024,August,Friday,10:00 - 11:59,HALLS,RD,0,Right on the spot,NUMBER 5,HN,NORTH BOAMBEE VALLEY,,No,Not a school zone,2-way undivided,-30.305568,153.099326,Coffs Harbour,Country urban,Rest of NSW - Urban,Straight,,,,Unknown / not stated,Sealed,Dry,Fine,Daylight,Nil,No traffic controls,50 km/h,Local,71,Off rd left => obj,703,Left off cway into object,,Other angle,Large rigid,Car (sedan/hatch),2,0,0,0,0,8,August,Winter,Friday,10:00 - 11:59,Midday / afternoon,False,False,False,False
1359501,Non-casualty (towaway),Non-casualty (towaway),2024,2024,August,Friday,14:00 - 15:59,SPRINGHILL,RD,0,Right on the spot,PORT KEMBLA,RD,WOLLONGONG,581.0,No,Not a school zone,T-junction,-34.437913,150.896835,Wollongong,Wollongong met. area,Syd-Newc-Woll Gtr conurbation,Curved,,,,Unknown / not stated,Sealed,Dry,Fine,Daylight,On,No traffic controls,80 km/h,State,39,Other same direction,300,Same - other,,Other angle,Light truck utility(from 2018),4 wheel drive / SUV,2,0,0,0,0,8,August,Winter,Friday,14:00 - 15:59,Midday / afternoon,False,False,False,False
1359503,Non-casualty (towaway),Non-casualty (towaway),2024,2024,August,Tuesday,08:00 - 09:59,CELEBRATION,RD,0,Right on the spot,NUMBER 45,HN,SADLEIR,,Yes,No,2-way undivided,-33.913526,150.891002,Liverpool,Sydney metro. area,Syd-Newc-Woll Gtr conurbation,Straight,,,,Unknown / not stated,Sealed,Wet,Raining,Daylight,Nil,No traffic controls,50 km/h,Local,71,Off rd left => obj,703,Left off cway into object,,Other angle,Car (sedan/hatch),Car (sedan/hatch),2,0,0,0,0,8,August,Winter,Tuesday,08:00 - 09:59,AM peak / school commute,True,False,False,False
1359505,Non-casualty (towaway),Non-casualty (towaway),2024,2024,August,Thursday,12:00 - 13:59,HAWKESBURY VALLEY,WAY,200,West,RACECOURSE ROAD,TO,CLARENDON,184.0,No,Not a school zone,2-way undivided,-33.607148,150.785527,Hawkesbury,Country urban,Syd-Newc-Woll Gtr conurbation,Straight,,,,Unknown / not stated,Sealed,Dry,Fine,Daylight,Nil,No traffic controls,80 km/h,State,30,Rear end,301,Same - Rear end,,Rear end,4 wheel drive / SUV,Car (sedan/hatch),2,0,0,0,0,8,August,Winter,Thursday,12:00 - 13:59,Midday / afternoon,False,False,False,False
1359506,Non-casualty (towaway),Non-casualty (towaway),2024,2024,August,Thursday,08:00 - 09:59,PRINCES,HWY,0,Right on the spot,JUBILEE,AVE,CARLTON,1.0,No,Not a school zone,X-intersection,-33.973551,151.129591,Georges River,Sydney metro. area,Syd-Newc-Woll Gtr conurbation,Straight,,,,Unknown / not stated,Sealed,Dry,Fine,Daylight,On,No traffic controls,70 km/h,State,33,Lane sideswipe,305,Same - Lane side swipe,,Other angle,Large rigid,4 wheel drive / SUV,2,0,0,0,0,8,August,Winter,Thursday,08:00 - 09:59,AM peak / school commute,True,False,False,False
1359507,Non-casualty (towaway),Non-casualty (towaway),2024,2024,August,Friday,18:00 - 19:59,BLAXLAND,RD,20,North,KULGOA,AVE,RYDE,139.0,No,Not a school zone,Divided road,-33.806788,151.104748,Ryde,Sydney metro. area,Syd-Newc-Woll Gtr conurbation,Curved,Pedestrian refuge,,,Unknown / not stated,Sealed,Dry,Fine,Dusk,Nil,Ped crossing,60 km/h,State,39,Other same direction,300,Same - other,,Other angle,4 wheel drive / SUV,Car (sedan/hatch),2,0,0,0,0,8,August,Winter,Friday,18:00 - 19:59,PM peak / evening commute,True,False,False,False
1359508,Non-casualty (towaway),Non-casualty (towaway),2024,2024,July,Friday,14:00 - 15:59,NEW ILLAWARRA,RD,0,Right on the spot,RUTHERFORD,AVE,LUCAS HEIGHTS,190.0,No,Not a school zone,T-junction,-34.046271,150.987797,Sutherland,Sydney metro. area,Syd-Newc-Woll Gtr conurbation,Straight,,,,Unknown / not stated,Sealed,Dry,Fine,Daylight,Nil,Stop sign,80 km/h,State,11,Right far,102,Adj - Right-thru from left,,Right angle,4 wheel drive / SUV,Car (sedan/hatch),2,0,0,0,0,7,July,Winter,Friday,14:00 - 15:59,Midday / afternoon,False,False,False,False
1359509,Non-casualty (towaway),Non-casualty (towaway),2024,2024,August,Tuesday,14:00 - 15:59,MT DRUITT,RD,0,Right on the spot,ROPES CREEK,RD,MOUNT DRUITT,,Yes,No,X-intersection,-33.7745,150.810843,Blacktown,Sydney metro. area,Syd-Newc-Woll Gtr conurbation,Straight,,,,Unknown / not stated,Sealed,Dry,Fine,Daylight,Nil,Stop sign,50 km/h,Local,42,Leaving parking,401,Manov - Leaving parking,,Other angle,Car (sedan/hatch),4 wheel drive / SUV,2,0,0,0,0,8,August,Winter,Tuesday,14:00 - 15:59,Midday / afternoon,False,False,False,False
1359510,Non-casualty (towaway),Non-casualty (towaway),2024,2024,August,Monday,06:00 - 07:59,BARTON,HWY,0,Right on the spot,NANIMA,RD,WALLAROO,15.0,No,Not a school zone,T-junction,-35.123237,149.045451,Yass Valley,Country non-urban,Rest of NSW - Rural,Straight,,,,Unknown / not stated,Sealed,Dry,Fog or mist,Daylight,Nil,Give way sign,100 km/h,State,31,Left rear,302,Same - Rear left,,Rear end,Light truck utility(from 2018),Large rigid,2,0,0,0,0,8,August,Winter,Monday,06:00 - 07:59,AM peak / school commute,True,False,False,False
1359511,Non-casualty (towaway),Non-casualty (towaway),2024,2024,August,Wednesday,18:00 - 19:59,OLD BAR,RD,100,East,HARROGATE,LANE,OLD BAR,7761.0,No,Not a school zone,2-way undivided,-31.966564,152.575397,Mid-Coast,Country urban,Rest of NSW - Urban,Straight,Ditch/drain/culvert,,,Unknown / not stated,Sealed,Dry,Fine,Unknown,Nil,No traffic controls,70 km/h,Regional,72,Off road to right,702,Off carriageway to right,,Rollover,Car (sedan/hatch),,1,0,0,0,0,8,August,Winter,Wednesday,18:00 - 19:59,PM peak / evening commute,True,False,False,False
1359513,Non-casualty (towaway),Non-casualty (towaway),2024,2024,August,Thursday,08:00 - 09:59,MCEVOY,ST,0,Right on the spot,BOWDEN,ST,ALEXANDRIA,528.0,No,Not a school zone,T-junction,-33.903405,151.194975,Sydney,Sydney metro. area,Syd-Newc-Woll Gtr conurbation,Straight,,,,Unknown / not stated,Sealed,Dry,Fine,Daylight,Nil,No traffic controls,50 km/h,State,29,Other opposing,200,Opp - other,,Other angle,Car (sedan/hatch),Car (sedan/hatch),2,0,0,0,0,8,August,Winter,Thursday,08:00 - 09:59,AM peak / school commute,True,False,False,False