crash_id,degree_of_crash,degree_of_crash_-_detailed,reporting_year,year_of_crash,month_of_crash,day_of_week_of_crash,two-hour_intervals,street_of_crash,street_type,distance,direction,identifying_feature,identifying_feature_type,town,route_no.,school_zone_location,school_zone_active,type_of_location,latitude,longitude,lga,urbanisation,conurbation_1,alignment,primary_permanent_feature,primary_temporary_feature,primary_hazardous_feature,street_lighting,road_surface,surface_condition,weather,natural_lighting,signals_operation,other_traffic_control,speed_limit,road_classification_(admin),rum_-_code,rum_-_description,dca_-_code,dca_-_description,dca_supplement,first_impact_type,key_tu_type,other_tu_type,no._of_traffic_units_involved,no._killed,no._seriously_injured,no._moderately_injured,no._minor-other_injured,month_num,month_label,season,day_label,time_label,time_band,is_peak_commute,is_fatal,is_injury,is_casualty
1359514,Non-casualty (towaway),Non-casualty (towaway),2024,2024,July,Wednesday,06:00 - 07:59,TEMORA,ST,0,Right on the spot,BOUNDARY,RD,COOTAMUNDRA,235.0,No,Not a school zone,X-intersection,-34.617378,148.009441,Cootamundra-Gundagai,Country non-urban,Rest of NSW - Rural,Straight,,,,Unknown / not stated,Sealed,Dry,Fine,Daylight,Nil,Give way sign,100 km/h,Regional,10,Cross traffic,101,Adj - Cross traffic,,Right angle,4 wheel drive / SUV,Car (sedan/hatch),2,0,0,0,0,7,July,Winter,Wednesday,06:00 - 07:59,AM peak / school commute,True,False,False,False
1359519,Non-casualty (towaway),Non-casualty (towaway),2024,2024,August,Monday,08:00 - 09:59,STONECUTTERS,DR,0,Right on the spot,NUMBER 167,HN,COLEBEE,,No,Not a school zone,Divided road,-33.722763,150.855632,Blacktown,Sydney metro. area,Syd-Newc-Woll Gtr conurbation,Curved,,,,Unknown / not stated,Sealed,Wet,Raining,Daylight,Nil,No traffic controls,50 km/h,Local,87,Off lft/lft bnd=>obj,804,Off left bend into obj,Left,Other angle,4 wheel drive / SUV,Light truck utility(from 2018),2,0,0,0,0,8,August,Winter,Monday,08:00 - 09:59,AM peak / school commute,True,False,False,False
1359525,Non-casualty (towaway),Non-casualty (towaway),2024,2024,August,Friday,08:00 - 09:59,MARION,ST,0,Right on the spot,WILLIAM,ST,BANKSTOWN,7121.0,No,Not a school zone,X-intersection,-33.916785,151.018493,Canterbury-Bankstown,Sydney metro. area,Syd-Newc-Woll Gtr conurbation,Straight,,,,Unknown / not stated,Sealed,Dry,Fine,Daylight,On,No traffic controls,60 km/h,Regional,19,Other adjacent,100,Adj - other,,Right angle,Light truck utility(from 2018),Car (sedan/hatch),3,0,0,0,0,8,August,Winter,Friday,08:00 - 09:59,AM peak / school commute,True,False,False,False
1359526,Non-casualty (towaway),Non-casualty (towaway),2024,2024,August,Saturday,10:00 - 11:59,FOREST,WAY,0,Right on the spot,OATES,PL,BELROSE,529.0,No,Not a school zone,T-junction,-33.724693,151.219111,Northern Beaches,Sydney metro. area,Syd-Newc-Woll Gtr conurbation,Straight,,,,Unknown / not stated,Sealed,Dry,Fine,Daylight,Nil,No traffic controls,70 km/h,State,14,2 right turning,105,Adj - Two right turning,,Right angle,4 wheel drive / SUV,Car (sedan/hatch),2,0,0,0,0,8,August,Winter,Saturday,10:00 - 11:59,Midday / afternoon,False,False,False,False
1359527,Non-casualty (towaway),Non-casualty (towaway),2024,2024,July,Saturday,10:00 - 11:59,WISEMANS FERRY,RD,50,South,LITTLE CATTAI,CK,CATTAI,181.0,No,Not a school zone,2-way undivided,-33.541435,150.919781,The Hills,Sydney metro. area,Syd-Newc-Woll Gtr conurbation,Straight,,,,Unknown / not stated,Sealed,Dry,Fine,Daylight,Nil,No traffic controls,80 km/h,State,71,Off rd left => obj,703,Left off cway into object,,Vehicle - Object,Car (sedan/hatch),,1,0,0,0,0,7,July,Winter,Saturday,10:00 - 11:59,Midday / afternoon,False,False,False,False
1359528,Non-casualty (towaway),Non-casualty (towaway),2024,2024,July,Friday,12:00 - 13:59,ALPINE,WAY,0,Right on the spot,FRIDAY,DR,THREDBO,677.0,No,Not a school zone,T-junction,-36.500375,148.316447,Snowy Monaro Regional,Country urban,Rest of NSW - Urban,Curved,,,,Off,Sealed,Dry,Fine,Daylight,Nil,Give way sign,60 km/h,State,30,Rear end,301,Same - Rear end,,Rear end,4 wheel drive / SUV,4 wheel drive / SUV,2,0,0,0,0,7,July,Winter,Friday,12:00 - 13:59,Midday / afternoon,False,False,False,False
1359529,Non-casualty (towaway),Non-casualty (towaway),2024,2024,August,Monday,20:00 - 21:59,BAYSWATER,ST,0,Right on the spot,WESTBOURNE,ST,DRUMMOYNE,395.0,No,Not a school zone,T-junction,-33.848939,151.149459,Canada Bay,Sydney metro. area,Syd-Newc-Woll Gtr conurbation,Straight,Foot/cycle path/nature strip,,,Unknown / not stated,Sealed,Wet,Raining,Darkness,Nil,Stop sign,50 km/h,State,71,Off rd left => obj,703,Left off cway into object,,Vehicle - Object,Light truck utility(from 2018),,1,0,0,0,0,8,August,Winter,Monday,20:00 - 21:59,Evening / night,False,False,False,False
1359530,Non-casualty (towaway),Non-casualty (towaway),2024,2024,August,Wednesday,14:00 - 15:59,WARDELL,RD,0,Right on the spot,NUMBER 576,HN,DALWOOD,,No,Not a school zone,2-way undivided,-28.891605,153.428611,Ballina,Country urban,Rest of NSW - Urban,Straight,,,,Unknown / not stated,Sealed,Wet,Raining,Daylight,Nil,No traffic controls,80 km/h,Local,73,Off rd rght => obj,704,Right off cway into obj,,Vehicle - Object,Car (sedan/hatch),,1,0,0,0,0,8,August,Winter,Wednesday,14:00 - 15:59,Midday / afternoon,False,False,False,False
1359533,Non-casualty (towaway),Non-casualty (towaway),2024,2024,August,Saturday,20:00 - 21:59,MONA VALE,RD,0,Right on the spot,FOREST,WAY,TERREY HILLS,162.0,No,Not a school zone,X-intersection,-33.700717,151.212541,Northern Beaches,Sydney metro. area,Syd-Newc-Woll Gtr conurbation,Straight,,,,Unknown / not stated,Sealed,Dry,Fine,Darkness,On,No traffic controls,80 km/h,State,21,Right through,202,Opp - Right-thru,,Other angle,Car (sedan/hatch),Light truck utility(from 2018),2,0,0,0,0,8,August,Winter,Saturday,20:00 - 21:59,Evening / night,False,False,False,False
1359537,Non-casualty (towaway),Non-casualty (towaway),2024,2024,August,Monday,14:00 - 15:59,BERYL,ST,0,Right on the spot,NUMBER 141,HN,COFFS HARBOUR,,No,Not a school zone,2-way undivided,-30.285697,153.106461,Coffs Harbour,Country urban,Rest of NSW - Urban,Curved,,,,Unknown / not stated,Sealed,Wet,Raining,Daylight,Nil,No traffic controls,50 km/h,Local,87,Off lft/lft bnd=>obj,804,Off left bend into obj,Left,Other angle,Car (sedan/hatch),Caravan,2,0,0,0,0,8,August,Winter,Monday,14:00 - 15:59,Midday / afternoon,False,False,False,False
1359540,Non-casualty (towaway),Non-casualty (towaway),2024,2024,August,Friday,08:00 - 09:59,BALOOK,DR,0,Right on the spot,NUMBER 26,HN,BERESFIELD,,No,Not a school zone,2-way undivided,-32.806654,151.634338,Newcastle,Newcastle met. area,Syd-Newc-Woll Gtr conurbation,Straight,Driveway/entrance,,,Unknown / not stated,Sealed,Dry,Fine,Daylight,Nil,No traffic controls,60 km/h,Local,49,Other manoeuvring,400,Manov - other,,Other angle,Semi-trailer,Car (sedan/hatch),2,0,0,0,0,8,August,Winter,Friday,08:00 - 09:59,AM peak / school commute,True,False,False,False
1359542,Non-casualty (towaway),Non-casualty (towaway),2024,2024,August,Friday,02:00 - 03:59,MID WESTERN,HWY,1000,East,KELLY,RD,FITZGERALDS MOUNT,6.0,No,Not a school zone,2-way undivided,-33.499897,149.377098,Bathurst Regional,Country urban,Rest of NSW - Urban,Curved,,,,Unknown / not stated,Sealed,Dry,Fine,Darkness,Nil,No traffic controls,80 km/h,State,87,Off lft/lft bnd=>obj,804,Off left bend into obj,Left,Vehicle - Object,B-double (road train prior 98),,1,0,0,0,0,8,August,Winter,Friday,02:00 - 03:59,Late night / early morning,False,False,False,False
1359543,Non-casualty (towaway),Non-casualty (towaway),2024,2024,July,Friday,18:00 - 19:59,DARLING,ST,10,South,NEWELL,HWY,DUBBO,17.0,No,Not a school zone,Roundabout,-32.243693,148.606989,Dubbo Regional,Country urban,Rest of NSW - Urban,Straight,,,,Unknown / not stated,Sealed,Dry,Fine,Darkness,Nil,Give way sign,60 km/h,State,87,Off lft/lft bnd=>obj,706,Left turn,Left,Vehicle - Object,Light truck utility(from 2018),,1,0,0,0,0,7,July,Winter,Friday,18:00 - 19:59,PM peak / evening commute,True,False,False,False
1359545,Non-casualty (towaway),Non-casualty (towaway),2024,2024,August,Monday,16:00 - 17:59,PACIFIC,HWY,100,North,O'HART,CL,CHARMHAVEN,10.0,No,Not a school zone,2-way undivided,-33.241526,151.497113,Central Coast,Country urban,Syd-Newc-Woll Gtr conurbation,Straight,,,,Unknown / not stated,Sealed,Wet,Raining,Daylight,Nil,No traffic controls,70 km/h,State,30,Rear end,301,Same - Rear end,,Rear end,4 wheel drive / SUV,Light truck utility(from 2018),2,0,0,0,0,8,August,Winter,Monday,16:00 - 17:59,PM peak / evening commute,True,False,False,False
1359546,Non-casualty (towaway),Non-casualty (towaway),2024,2024,August,Monday,12:00 - 13:59,THE HORSLEY,DR,0,Right on the spot,NUMBER 303,HN,FAIRFIELD,609.0,No,Not a school zone,2-way undivided,-33.868149,150.958783,Fairfield,Sydney metro. area,Syd-Newc-Woll Gtr conurbation,Curved,Driveway/entrance,,,Unknown / not stated,Sealed,Dry,Fine,Daylight,Nil,No traffic controls,60 km/h,State,40,U turn,304,Same - U-turn,,Other angle,Large rigid,4 wheel drive / SUV,2,0,0,0,0,8,August,Winter,Monday,12:00 - 13:59,Midday / afternoon,False,False,False,False
1359547,Non-casualty (towaway),Non-casualty (towaway),2024,2024,August,Sunday,16:00 - 17:59,KOSCIUSZKO,RD,2000,South,SNOWY MOUNTAINS,HWY,COOLRINGDON,286.0,No,Not a school zone,2-way undivided,-36.255582,149.032033,Snowy Monaro Regional,Country non-urban,Rest of NSW - Rural,Straight,Steep grade,,,Unknown / not stated,Sealed,Dry,Fine,Dusk,Nil,No traffic controls,100 km/h,State,20,Head on,201,Opp - Head on,,Head-on,Car (sedan/hatch),Car (sedan/hatch),2,0,0,0,0,8,August,Winter,Sunday,16:00 - 17:59,PM peak / evening commute,True,False,False,False
1359548,Non-casualty (towaway),Non-casualty (towaway),2024,2024,August,Saturday,16:00 - 17:59,BANGALOW,RD,100000,West,HAYTERS HILL,TN,HAYTERS HILL,,No,Not a school zone,2-way undivided,-28.669545,153.581449,Byron,Country urban,Rest of NSW - Urban,Curved,Embankment/cutting,,,Unknown / not stated,Sealed,Wet,Fine,Unknown,Nil,No traffic controls,80 km/h,Local,83,Off rt/rt bnd=>obj,803,Off right bend into obj,Right,Vehicle - Object,4 wheel drive / SUV,,1,0,0,0,0,8,August,Winter,Saturday,16:00 - 17:59,PM peak / evening commute,True,False,False,False
1359549,Non-casualty (towaway),Non-casualty (towaway),2024,2024,August,Saturday,22:00 - Midnight,WOODVILLE,RD,0,Right on the spot,VILLAWOOD,RD,VILLAWOOD,640.0,No,Not a school zone,X-intersection,-33.881886,150.977495,Fairfield,Sydney metro. area,Syd-Newc-Woll Gtr conurbation,Straight,,,,Unknown / not stated,Sealed,Dry,Fine,Darkness,On,No traffic controls,60 km/h,State,21,Right through,202,Opp - Right-thru,,Other angle,Station wagon,Car (sedan/hatch),2,0,0,0,0,8,August,Winter,Saturday,22:00 - Midnight,Evening / night,False,False,False,False
1359554,Non-casualty (towaway),Non-casualty (towaway),2024,2024,August,Saturday,10:00 - 11:59,WYLDS,RD,200,East,OLD NORTHERN,RD,GLENORIE,,No,Not a school zone,2-way undivided,-33.624391,151.025513,Hornsby,Sydney metro. area,Syd-Newc-Woll Gtr conurbation,Curved,Embankment/cutting,,,Unknown / not stated,Sealed,Dry,Fine,Daylight,Nil,No traffic controls,60 km/h,Local,82,Off right/right bend,801,Off cway right bend,Right,Rollover,Light truck utility(from 2018),,1,0,0,0,0,8,August,Winter,Saturday,10:00 - 11:59,Midday / afternoon,False,False,False,False
1359555,Non-casualty (towaway),Non-casualty (towaway),2024,2024,June,Tuesday,10:00 - 11:59,PACIFIC,HWY,500,North,MOONEE BEACH ROAD,OP,MOONEE BEACH,10.0,No,Not a school zone,Divided road,-30.199175,153.148079,Coffs Harbour,Country non-urban,Rest of NSW - Rural,Straight,,,,Unknown / not stated,Sealed,Dry,Fine,Daylight,Nil,No traffic controls,110 km/h,State,71,Off rd left => obj,703,Left off cway into object,,Vehicle - Object,Car (sedan/hatch),,1,0,0,0,0,6,June,Winter,Tuesday,10:00 - 11:59,Midday / afternoon,False,False,False,False
1359558,Non-casualty (towaway),Non-casualty (towaway),2024,2024,August,Saturday,14:00 - 15:59,GREAT WESTERN,HWY,60,West,M7 WESTLINK EXPRESSWAY,OP,EASTERN CREEK,5.0,No,Not a school zone,Divided road,-33.789268,150.855769,Blacktown,Sydney metro. area,Syd-Newc-Woll Gtr conurbation,Straight,,,,Unknown / not stated,Sealed,Dry,Fine,Daylight,Nil,No traffic controls,80 km/h,State,30,Rear end,301,Same - Rear end,,Rear end,Car (sedan/hatch),Car (sedan/hatch),2,0,0,0,0,8,August,Winter,Saturday,14:00 - 15:59,Midday / afternoon,False,False,False,False
1359568,Non-casualty (towaway),Non-casualty (towaway),2024,2024,April,Sunday,02:00 - 03:59,SECOND,ST,0,Right on the spot,NUMBER 22,HN,BOOLAROO,,No,Not a school zone,2-way undivided,-32.951038,151.624916,Lake Macquarie,Newcastle met. area,Syd-Newc-Woll Gtr conurbation,Straight,,,,On,Sealed,Dry,Fine,Darkness,Nil,No traffic controls,50 km/h,Local,73,Off rd rght => obj,704,Right off cway into obj,,Other angle,Station wagon,Car (sedan/hatch),4,0,0,0,0,4,April,Autumn,Sunday,02:00 - 03:59,Late night / early morning,False,False,False,False
1359584,Non-casualty (towaway),Non-casualty (towaway),2024,2024,May,Sunday,14:00 - 15:59,SOUTHERN,EXP,85,North,MT KEIRA ROAD,OP,WEST WOLLONGONG,6006.0,No,Not a school zone,Dual freeway,-34.423619,150.869248,Wollongong,Wollongong met. area,Syd-Newc-Woll Gtr conurbation,Straight,,,,Off,Sealed,Wet,Raining,Daylight,Nil,No traffic controls,90 km/h,State,30,Rear end,301,Same - Rear end,,Rear end,Car (sedan/hatch),4 wheel drive / SUV,2,0,0,0,0,5,May,Autumn,Sunday,14:00 - 15:59,Midday / afternoon,False,False,False,False
1359588,Non-casualty (towaway),Non-casualty (towaway),2024,2024,May,Wednesday,14:00 - 15:59,STRACHAN,ST,50,West,ANZAC,PDE,KINGSFORD,,No,Not a school zone,2-way undivided,-33.921281,151.226175,Randwick,Sydney metro. area,Syd-Newc-Woll Gtr conurbation,Straight,,,,Off,Sealed,Dry,Fine,Daylight,Nil,No traffic controls,50 km/h,Local,49,Other manoeuvring,400,Manov - other,,Other angle,Unknown motor vehicle,Car (sedan/hatch),2,0,0,0,0,5,May,Autumn,Wednesday,14:00 - 15:59,Midday / afternoon,False,False,False,False
1359589,Non-casualty (towaway),Non-casualty (towaway),2024,2024,May,Monday,14:00 - 15:59,WESTERN,EXP,0,Right on the spot,CUMBERLAND,HWY,GREYSTANES,13.0,No,Not a school zone,X-intersection,-33.815724,150.963716,Cumberland,Sydney metro. area,Syd-Newc-Woll Gtr conurbation,Straight,,,,Off,Sealed,Dry,Fine,Daylight,On,No traffic controls,70 km/h,State,31,Left rear,302,Same - Rear left,,Rear end,Unknown motor vehicle,Car (sedan/hatch),2,0,0,0,0,5,May,Autumn,Monday,14:00 - 15:59,Midday / afternoon,False,False,False,False
1359592,Non-casualty (towaway),Non-casualty (towaway),2024,2024,May,Saturday,00:01 - 01:59,SILVERWATER,RD,60,North,CLYDE,ST,SILVERWATER,190.0,No,Not a school zone,Divided road,-33.826284,151.050952,Parramatta,Sydney metro. area,Syd-Newc-Woll Gtr conurbation,Straight,,,,On,Sealed,Dry,Fine,Darkness,Nil,No traffic controls,80 km/h,State,73,Off rd rght => obj,704,Right off cway into obj,,Vehicle - Object,4 wheel drive / SUV,,1,0,0,0,0,5,May,Autumn,Saturday,00:01 - 01:59,Late night / early morning,False,False,False,False
1359598,Non-casualty (towaway),Non-casualty (towaway),2024,2024,May,Tuesday,16:00 - 17:59,JOADJA,RD,0,Right on the spot,LIVERPOOL CATHOLIC CLUB,ENT,PRESTONS,670.0,No,Not a school zone,Divided road,-33.929706,150.873198,Liverpool,Sydney metro. area,Syd-Newc-Woll Gtr conurbation,Straight,Driveway/entrance,,,Off,Sealed,Dry,Fine,Daylight,On,Ped crossing,60 km/h,State,23,Right/left,203,Opp - Right-left,,Other angle,4 wheel drive / SUV,Car (sedan/hatch),2,0,0,0,0,5,May,Autumn,Tuesday,16:00 - 17:59,PM peak / evening commute,True,False,False,False
1359607,Non-casualty (towaway),Non-casualty (towaway),2024,2024,May,Thursday,16:00 - 17:59,KEMP,ST,100,South,BROUGHTON,ST,WEST KEMPSEY,,No,Not a school zone,2-way undivided,-31.065812,152.834543,Kempsey,Country urban,Rest of NSW - Urban,Straight,,,,Off,Sealed,Dry,Fine,Daylight,Nil,No traffic controls,60 km/h,Local,71,Off rd left => obj,703,Left off cway into object,,Other angle,4 wheel drive / SUV,Large rigid,2,0,0,0,0,5,May,Autumn,Thursday,16:00 - 17:59,PM peak / evening commute,True,False,False,False
1359626,Non-casualty (towaway),Non-casualty (towaway),2024,2024,June,Wednesday,00:01 - 01:59,REDDALLS,RD,180,North,WEST DAPTO,RD,KEMBLA GRANGE,,No,Not a school zone,2-way undivided,-34.468957,150.806715,Wollongong,Wollongong met. area,Syd-Newc-Woll Gtr conurbation,Curved,,,,On,Sealed,Dry,Fine,Darkness,Nil,No traffic controls,50 km/h,Local,80,Off left/right bend,801,Off cway right bend,Left,Rollover,Semi-trailer,,1,0,0,0,0,6,June,Winter,Wednesday,00:01 - 01:59,Late night / early morning,False,False,False,False
1359639,Non-casualty (towaway),Non-casualty (towaway),2024,2024,June,Wednesday,14:00 - 15:59,PRESIDENT,AVE,0,Right on the spot,KIORA,RD,MIRANDA,2075.0,No,Not a school zone,X-intersection,-34.040102,151.101008,Sutherland,Sydney metro. area,Syd-Newc-Woll Gtr conurbation,Straight,Steep grade,,,Off,Sealed,Dry,Fine,Daylight,On,No traffic controls,60 km/h,Regional,33,Lane sideswipe,305,Same - Lane side swipe,,Other angle,Passenger van,Car (sedan/hatch),2,0,0,0,0,6,June,Winter,Wednesday,14:00 - 15:59,Midday / afternoon,False,False,False,False
1359642,Non-casualty (towaway),Non-casualty (towaway),2024,2024,May,Tuesday,00:01 - 01:59,MITCHELL,HWY,0,Right on the spot,BURRENDONG,WAY,ORANGE,7.0,No,Not a school zone,Roundabout,-33.258082,149.08474,Orange,Country urban,Rest of NSW - Urban,Straight,,,,Unknown / not stated,Sealed,Unknown,Unknown,Darkness,Nil,Give way sign,70 km/h,Regional,73,Off rd rght => obj,704,Right off cway into obj,,Vehicle - Object,Car (sedan/hatch),,1,0,0,0,0,5,May,Autumn,Tuesday,00:01 - 01:59,Late night / early morning,False,False,False,False
1359651,Non-casualty (towaway),Non-casualty (towaway),2024,2024,March,Monday,06:00 - 07:59,MITCHELL,HWY,100,East,EULOMOGO,RD,DUBBO,7.0,No,Not a school zone,2-way undivided,-32.274968,148.676371,Dubbo Regional,Country non-urban,Rest of NSW - Rural,Straight,Painted double centre lines,,,Nil,Sealed,Dry,Fine,Dawn,Nil,No traffic controls,110 km/h,State,30,Rear end,301,Same - Rear end,,Rear end,Large rigid,4 wheel drive / SUV,2,0,0,0,0,3,March,Autumn,Monday,06:00 - 07:59,AM peak / school commute,True,False,False,False
1359654,Non-casualty (towaway),Non-casualty (towaway),2024,2024,June,Sunday,00:01 - 01:59,GREENWOOD,AVE,0,Right on the spot,MARION,ST,BANKSTOWN,7121.0,No,Not a school zone,X-intersection,-33.917649,151.02952,Canterbury-Bankstown,Sydney metro. area,Syd-Newc-Woll Gtr conurbation,Straight,,,,On,Sealed,Wet,Raining,Darkness,On,No traffic controls,60 km/h,Regional,73,Off rd rght => obj,704,Right off cway into obj,,Vehicle - Object,4 wheel drive / SUV,,1,0,0,0,0,6,June,Winter,Sunday,00:01 - 01:59,Late night / early morning,False,False,False,False
1359677,Non-casualty (towaway),Non-casualty (towaway),2024,2024,July,Sunday,00:01 - 01:59,RACECOURSE,RD,1000,North,BLACKTOWN,RD,CLARENDON,,No,Not a school zone,2-way undivided,-33.625638,150.781257,Hawkesbury,Country urban,Syd-Newc-Woll Gtr conurbation,Curved,Painted double centre lines,,,Nil,Sealed,Dry,Fog or mist,Darkness,Nil,No traffic controls,70 km/h,Local,20,Head on,201,Opp - Head on,,Head-on,Car (sedan/hatch),4 wheel drive / SUV,2,0,0,0,0,7,July,Winter,Sunday,00:01 - 01:59,Late night / early morning,False,False,False,False
1359698,Non-casualty (towaway),Non-casualty (towaway),2024,2024,July,Tuesday,02:00 - 03:59,MOUNT,ST,0,Right on the spot,NUMBER 142,HN,COOGEE,,No,Not a school zone,2-way undivided,-33.925434,151.250899,Randwick,Sydney metro. area,Syd-Newc-Woll Gtr conurbation,Straight,,,,On,Sealed,Dry,Fine,Darkness,Nil,No traffic controls,50 km/h,Local,49,Other manoeuvring,400,Manov - other,,Other angle,Unknown type,Car (sedan/hatch),3,0,0,0,0,7,July,Winter,Tuesday,02:00 - 03:59,Late night / early morning,False,False,False,False
1359702,Non-casualty (towaway),Non-casualty (towaway),2024,2024,July,Wednesday,22:00 - Midnight,CLIFFORD,ST,100,East,HERBERT,ST,ROCKDALE,,No,Not a school zone,2-way undivided,-33.948927,151.13368,Bayside,Sydney metro. area,Syd-Newc-Woll Gtr conurbation,Straight,,,,On,Sealed,Dry,Fine,Darkness,Nil,No traffic controls,50 km/h,Local,71,Off rd left => obj,703,Left off cway into object,,Other angle,Car (sedan/hatch),Car (sedan/hatch),4,0,0,0,0,7,July,Winter,Wednesday,22:00 - Midnight,Evening / night,False,False,False,False
1359708,Non-casualty (towaway),Non-casualty (towaway),2024,2024,July,Friday,08:00 - 09:59,VICTORIA,RD,10,South,SYDENHAM,RD,MARRICKVILLE,2021.0,No,Not a school zone,X-intersection,-33.909799,151.162148,Inner West,Sydney metro. area,Syd-Newc-Woll Gtr conurbation,Straight,,,,Off,Sealed,Dry,Fine,Daylight,On,No traffic controls,60 km/h,Regional,30,Rear end,301,Same - Rear end,,Rear end,4 wheel drive / SUV,Car (sedan/hatch),3,0,0,0,0,7,July,Winter,Friday,08:00 - 09:59,AM peak / school commute,True,False,False,False
1359735,Non-casualty (towaway),Non-casualty (towaway),2024,2024,August,Thursday,14:00 - 15:59,WESTERN,DSTR,600,East,VICTORIA,RD,ROZELLE,165.0,No,Not a school zone,Divided road,-33.868407,151.182569,Inner West,Sydney metro. area,Syd-Newc-Woll Gtr conurbation,Straight,Other bridge,,,Nil,Sealed,Dry,Fine,Daylight,Nil,No traffic controls,60 km/h,State,30,Rear end,301,Same - Rear end,,Rear end,Car (sedan/hatch),4 wheel drive / SUV,3,0,0,0,0,8,August,Winter,Thursday,14:00 - 15:59,Midday / afternoon,False,False,False,False
1359752,Non-casualty (towaway),Non-casualty (towaway),2024,2024,August,Saturday,10:00 - 11:59,HOMEBUSH,RD,10,South,HUME,HWY,STRATHFIELD SOUTH,2.0,Yes,No,X-intersection,-33.891941,151.083384,Strathfield,Sydney metro. area,Syd-Newc-Woll Gtr conurbation,Straight,,,,Off,Sealed,Dry,Fine,Daylight,Off,No traffic controls,60 km/h,State,30,Rear end,301,Same - Rear end,,Rear end,Car (sedan/hatch),Car (sedan/hatch),3,0,0,0,0,8,August,Winter,Saturday,10:00 - 11:59,Midday / afternoon,False,False,False,False
1359759,Non-casualty (towaway),Non-casualty (towaway),2024,2024,August,Saturday,02:00 - 03:59,EVERINGHAM,RD,100,West,MANNING,RD,SACKVILLE NORTH,,No,Not a school zone,2-way undivided,-33.47935,150.890079,The Hills,Sydney metro. area,Syd-Newc-Woll Gtr conurbation,Curved,,,,Nil,Unsealed,Dry,Fine,Darkness,Nil,No traffic controls,60 km/h,Local,81,Off left/rt bnd=>obj,803,Off right bend into obj,Left,Vehicle - Object,Car (sedan/hatch),,1,0,0,0,0,8,August,Winter,Saturday,02:00 - 03:59,Late night / early morning,False,False,False,False
1359771,Non-casualty (towaway),Non-casualty (towaway),2024,2024,June,Saturday,20:00 - 21:59,GARDINER,CRES,0,Right on the spot,NUMBER 7,HN,FAIRFIELD WEST,,No,Not a school zone,2-way undivided,-33.869726,150.928307,Fairfield,Sydney metro. area,Syd-Newc-Woll Gtr conurbation,Straight,,,,On,Sealed,Wet,Raining,Darkness,Nil,No traffic controls,50 km/h,Local,71,Off rd left => obj,703,Left off cway into object,,Other angle,4 wheel drive / SUV,Car (sedan/hatch),2,0,0,0,0,6,June,Winter,Saturday,20:00 - 21:59,Evening / night,False,False,False,False
1359790,Non-casualty (towaway),Non-casualty (towaway),2024,2024,July,Wednesday,16:00 - 17:59,VITTORIA,RD,70,West,GUYONG,RD,GUYONG,,No,Not a school zone,2-way undivided,-33.434797,149.258958,Cabonne,Country non-urban,Rest of NSW - Rural,Curved,,,,Nil,Sealed,Dry,Fine,Dusk,Nil,No traffic controls,100 km/h,Local,30,Rear end,301,Same - Rear end,,Rear end,Light truck utility(from 2018),Light truck utility(from 2018),2,0,0,0,0,7,July,Winter,Wednesday,16:00 - 17:59,PM peak / evening commute,True,False,False,False
1359802,Non-casualty (towaway),Non-casualty (towaway),2024,2024,July,Wednesday,02:00 - 03:59,HENRY LAWSON,DR,0,Right on the spot,NUMBER 854,HN,PICNIC POINT,508.0,No,Not a school zone,2-way undivided,-33.97795,150.998491,Canterbury-Bankstown,Sydney metro. area,Syd-Newc-Woll Gtr conurbation,Curved,,,,On,Sealed,Wet,Raining,Darkness,Nil,No traffic controls,60 km/h,State,87,Off lft/lft bnd=>obj,804,Off left bend into obj,Left,Other angle,Passenger van,Light truck utility(from 2018),2,0,0,0,0,7,July,Winter,Wednesday,02:00 - 03:59,Late night / early morning,False,False,False,False
1359818,Non-casualty (towaway),Non-casualty (towaway),2024,2024,July,Monday,14:00 - 15:59,MUNRO,ST,0,Right on the spot,SOUTH,ST,WINDALE,,No,Not a school zone,X-intersection,-32.989845,151.680423,Lake Macquarie,Newcastle met. area,Syd-Newc-Woll Gtr conurbation,Curved,,,,Off,Sealed,Dry,Fine,Daylight,Nil,Give way sign,60 km/h,Local,10,Cross traffic,101,Adj - Cross traffic,,Right angle,Car (sedan/hatch),Other bus,2,0,0,0,0,7,July,Winter,Monday,14:00 - 15:59,Midday / afternoon,False,False,False,False
1359823,Non-casualty (towaway),Non-casualty (towaway),2024,2024,August,Friday,18:00 - 19:59,GREAT NORTH,RD,0,Right on the spot,FAIRLIGHT,ST,FIVE DOCK,395.0,No,Not a school zone,X-intersection,-33.870551,151.129169,Canada Bay,Sydney metro. area,Syd-Newc-Woll Gtr conurbation,Straight,,,,On,Sealed,Dry,Fine,Darkness,On,No traffic controls,60 km/h,State,21,Right through,202,Opp - Right-thru,,Other angle,Car (sedan/hatch),Car (sedan/hatch),2,0,0,0,0,8,August,Winter,Friday,18:00 - 19:59,PM peak / evening commute,True,False,False,False