crash_id,degree_of_crash,degree_of_crash_-_detailed,reporting_year,year_of_crash,month_of_crash,day_of_week_of_crash,two-hour_intervals,street_of_crash,street_type,distance,direction,identifying_feature,identifying_feature_type,town,route_no.,school_zone_location,school_zone_active,type_of_location,latitude,longitude,lga,urbanisation,conurbation_1,alignment,primary_permanent_feature,primary_temporary_feature,primary_hazardous_feature,street_lighting,road_surface,surface_condition,weather,natural_lighting,signals_operation,other_traffic_control,speed_limit,road_classification_(admin),rum_-_code,rum_-_description,dca_-_code,dca_-_description,dca_supplement,first_impact_type,key_tu_type,other_tu_type,no._of_traffic_units_involved,no._killed,no._seriously_injured,no._moderately_injured,no._minor-other_injured,month_num,month_label,season,day_label,time_label,time_band,is_peak_commute,is_fatal,is_injury,is_casualty
1359824,Non-casualty (towaway),Non-casualty (towaway),2024,2024,July,Friday,02:00 - 03:59,WINE COUNTRY,DR,1000,North,MCDONALDS,RD,ROTHBURY,220.0,No,Not a school zone,2-way undivided,-32.716803,151.326638,Cessnock,Country non-urban,Rest of NSW - Rural,Straight,,,,Off,Sealed,Dry,Fine,Darkness,Nil,No traffic controls,90 km/h,State,67,Struck animal,609,On path - Hit animal,,Vehicle - Animal,Light truck utility(from 2018),,1,0,0,0,0,7,July,Winter,Friday,02:00 - 03:59,Late night / early morning,False,False,False,False
1359836,Non-casualty (towaway),Non-casualty (towaway),2024,2024,August,Friday,22:00 - Midnight,OLEANDER,ST,160,West,BRISBANE,ST,NORAVILLE,,No,Not a school zone,2-way undivided,-33.27496,151.55595,Central Coast,Country urban,Syd-Newc-Woll Gtr conurbation,Straight,Crest,,,On,Sealed,Wet,Fine,Darkness,Nil,No traffic controls,50 km/h,Local,71,Off rd left => obj,703,Left off cway into object,,Other angle,Light truck utility(from 2018),Car (sedan/hatch),2,0,0,0,0,8,August,Winter,Friday,22:00 - Midnight,Evening / night,False,False,False,False
1359853,Non-casualty (towaway),Non-casualty (towaway),2024,2024,August,Sunday,02:00 - 03:59,HUME,HWY,0,Right on the spot,HIGHLAND,AVE,YAGOONA,2.0,No,Not a school zone,T-junction,-33.907275,151.023962,Canterbury-Bankstown,Sydney metro. area,Syd-Newc-Woll Gtr conurbation,Straight,,,,On,Sealed,Dry,Fine,Darkness,On,No traffic controls,60 km/h,State,30,Rear end,301,Same - Rear end,,Rear end,Car (sedan/hatch),Large rigid,2,0,0,0,0,8,August,Winter,Sunday,02:00 - 03:59,Late night / early morning,False,False,False,False
1359862,Non-casualty (towaway),Non-casualty (towaway),2024,2024,July,Thursday,16:00 - 17:59,CANTERBURY,RD,0,Right on the spot,GOW,ST,PUNCHBOWL,167.0,No,Not a school zone,T-junction,-33.933818,151.038819,Canterbury-Bankstown,Sydney metro. area,Syd-Newc-Woll Gtr conurbation,Straight,,,,On,Sealed,Dry,Fine,Dusk,On,No traffic controls,60 km/h,State,21,Right through,202,Opp - Right-thru,,Other angle,Station wagon,Car (sedan/hatch),2,0,0,0,0,7,July,Winter,Thursday,16:00 - 17:59,PM peak / evening commute,True,False,False,False
1359896,Non-casualty (towaway),Non-casualty (towaway),2024,2024,August,Friday,14:00 - 15:59,AUSTRALIA,AVE,0,Right on the spot,BENNELONG,PKWY,SYDNEY OLYMPIC PARK,,No,Not a school zone,X-intersection,-33.849819,151.07391,Parramatta,Sydney metro. area,Syd-Newc-Woll Gtr conurbation,Straight,,,,Off,Sealed,Dry,Fine,Daylight,On,No traffic controls,60 km/h,Local,81,Off left/rt bnd=>obj,707,Right turn,Left,Vehicle - Object,Car (sedan/hatch),,1,0,0,0,0,8,August,Winter,Friday,14:00 - 15:59,Midday / afternoon,False,False,False,False
1359897,Non-casualty (towaway),Non-casualty (towaway),2024,2024,May,Thursday,20:00 - 21:59,PRINCES,HWY,0,Right on the spot,ROCKY POINT,RD,KOGARAH,1.0,Yes,No,T-junction,-33.968872,151.13612,Georges River,Sydney metro. area,Syd-Newc-Woll Gtr conurbation,Curved,,,,On,Sealed,Wet,Overcast,Darkness,On,No right turn,60 km/h,State,30,Rear end,301,Same - Rear end,,Rear end,4 wheel drive / SUV,4 wheel drive / SUV,2,0,0,0,0,5,May,Autumn,Thursday,20:00 - 21:59,Evening / night,False,False,False,False
1359903,Non-casualty (towaway),Non-casualty (towaway),2024,2024,August,Friday,14:00 - 15:59,SYLVANIA,AVE,0,Right on the spot,NUMBER 1055,HN,NORTH ALBURY,,No,Not a school zone,2-way undivided,-36.055011,146.93173,Albury,Country urban,Rest of NSW - Urban,Straight,,,,Nil,Sealed,Dry,Fine,Daylight,Nil,No traffic controls,50 km/h,Local,73,Off rd rght => obj,704,Right off cway into obj,,Vehicle - Object,Car (sedan/hatch),,1,0,0,0,0,8,August,Winter,Friday,14:00 - 15:59,Midday / afternoon,False,False,False,False
1359920,Non-casualty (towaway),Non-casualty (towaway),2024,2024,August,Friday,20:00 - 21:59,NEWCASTLE,EXP,200,North,PALMERS ROAD,TO,FREEMANS WATERHOLE,6003.0,No,Not a school zone,Dual freeway,-32.989557,151.51774,Lake Macquarie,Newcastle met. area,Syd-Newc-Woll Gtr conurbation,Straight,,,,Nil,Sealed,Dry,Fine,Darkness,Nil,No traffic controls,110 km/h,State,30,Rear end,301,Same - Rear end,,Rear end,Unknown motor vehicle,Car (sedan/hatch),2,0,0,0,0,8,August,Winter,Friday,20:00 - 21:59,Evening / night,False,False,False,False
1359924,Non-casualty (towaway),Non-casualty (towaway),2024,2024,August,Saturday,20:00 - 21:59,ADELAIDE,RD,0,Right on the spot,BURLEY,RD,PADSTOW,,No,Not a school zone,X-intersection,-33.955893,151.035179,Canterbury-Bankstown,Sydney metro. area,Syd-Newc-Woll Gtr conurbation,Straight,,,,Nil,Sealed,Dry,Fine,Dusk,Nil,Give way sign,50 km/h,Local,10,Cross traffic,101,Adj - Cross traffic,,Right angle,Car (sedan/hatch),Unknown motor vehicle,2,0,0,0,0,8,August,Winter,Saturday,20:00 - 21:59,Evening / night,False,False,False,False
1359948,Non-casualty (towaway),Non-casualty (towaway),2024,2024,August,Friday,12:00 - 13:59,CUMBERLAND,HWY,0,Right on the spot,NUMBER 69,HN,CABRAMATTA WEST,13.0,No,Not a school zone,Divided road,-33.895014,150.921962,Fairfield,Sydney metro. area,Syd-Newc-Woll Gtr conurbation,Straight,,,,Nil,Sealed,Dry,Fine,Daylight,Nil,No traffic controls,70 km/h,State,30,Rear end,301,Same - Rear end,,Rear end,Car (sedan/hatch),Semi-trailer,2,0,0,0,0,8,August,Winter,Friday,12:00 - 13:59,Midday / afternoon,False,False,False,False
1359951,Non-casualty (towaway),Non-casualty (towaway),2024,2024,August,Friday,20:00 - 21:59,WESTERN,EXP,0,Right on the spot,GREAT WESTERN HIGHWAY,TO,MERRYLANDS,6004.0,No,Not a school zone,Dual freeway,-33.820062,150.983234,Cumberland,Sydney metro. area,Syd-Newc-Woll Gtr conurbation,Straight,,,,On,Sealed,Dry,Fine,Darkness,Nil,No traffic controls,90 km/h,State,30,Rear end,301,Same - Rear end,,Rear end,Car (sedan/hatch),Car (sedan/hatch),2,0,0,0,0,8,August,Winter,Friday,20:00 - 21:59,Evening / night,False,False,False,False
1359953,Non-casualty (towaway),Non-casualty (towaway),2024,2024,July,Saturday,00:01 - 01:59,PRINCES,HWY,5,South,HOBART,ST,BULLI,1.0,Yes,No,T-junction,-34.327987,150.913453,Wollongong,Wollongong met. area,Syd-Newc-Woll Gtr conurbation,Straight,,,,On,Sealed,Dry,Fine,Darkness,On,No traffic controls,60 km/h,State,71,Off rd left => obj,703,Left off cway into object,,Vehicle - Object,Light truck utility(from 2018),,1,0,0,0,0,7,July,Winter,Saturday,00:01 - 01:59,Late night / early morning,False,False,False,False
1359957,Non-casualty (towaway),Non-casualty (towaway),2024,2024,August,Monday,18:00 - 19:59,MAJORS BAY,RD,10,South,TRAFALGAR,PDE,CONCORD,7325.0,No,Not a school zone,T-junction,-33.855118,151.103155,Canada Bay,Sydney metro. area,Syd-Newc-Woll Gtr conurbation,Straight,Driveway/entrance,,,Nil,Sealed,Dry,Fine,Daylight,Nil,No traffic controls,40 km/h,Regional,47,Emerging from drive,406,Manov - Emerging from driveway,,Right angle,Car (sedan/hatch),Car (sedan/hatch),2,0,0,0,0,8,August,Winter,Monday,18:00 - 19:59,PM peak / evening commute,True,False,False,False
1359958,Non-casualty (towaway),Non-casualty (towaway),2024,2024,July,Tuesday,14:00 - 15:59,MANSFIELD,ST,0,Right on the spot,NUMBER 8-10,HN,GLEBE,,No,Not a school zone,2-way undivided,-33.877937,151.183503,Sydney,Sydney metro. area,Syd-Newc-Woll Gtr conurbation,Straight,,,,On,Sealed,Dry,Fine,Daylight,Nil,No traffic controls,40 km/h,Local,71,Off rd left => obj,703,Left off cway into object,,Other angle,Unknown type,Car (sedan/hatch),2,0,0,0,0,7,July,Winter,Tuesday,14:00 - 15:59,Midday / afternoon,False,False,False,False
1359980,Non-casualty (towaway),Non-casualty (towaway),2024,2024,June,Wednesday,18:00 - 19:59,MONA,RD,0,Right on the spot,NUMBER 48,HN,DARLING POINT,,No,Not a school zone,2-way undivided,-33.874855,151.235657,Woollahra,Sydney metro. area,Syd-Newc-Woll Gtr conurbation,Straight,Steep grade,,,On,Sealed,Wet,Fine,Dusk,Nil,No traffic controls,50 km/h,Local,71,Off rd left => obj,703,Left off cway into object,,Other angle,Unknown motor vehicle,Car (sedan/hatch),2,0,0,0,0,6,June,Winter,Wednesday,18:00 - 19:59,PM peak / evening commute,True,False,False,False
1359985,Non-casualty (towaway),Non-casualty (towaway),2024,2024,August,Friday,10:00 - 11:59,WALLARAH,RD,120,East,THE CORSO,MS,GOROKAN,509.0,No,Not a school zone,2-way undivided,-33.260907,151.517605,Central Coast,Country urban,Syd-Newc-Woll Gtr conurbation,Straight,Driveway/entrance,,,Nil,Sealed,Dry,Fine,Daylight,Nil,No traffic controls,50 km/h,State,71,Off rd left => obj,703,Left off cway into object,,Vehicle - Object,4 wheel drive / SUV,,1,0,0,0,0,8,August,Winter,Friday,10:00 - 11:59,Midday / afternoon,False,False,False,False
1359992,Non-casualty (towaway),Non-casualty (towaway),2024,2024,August,Friday,18:00 - 19:59,GREAT WESTERN,HWY,50,East,ARTHUR,ST,WOODFORD,5.0,No,Not a school zone,Divided road,-33.733275,150.472583,Blue Mountains,Country urban,Syd-Newc-Woll Gtr conurbation,Curved,,,,On,Sealed,Dry,Fine,Darkness,Nil,No traffic controls,80 km/h,State,91,Object struck veh,610,On path - Load hit vehicle,,Vehicle - Object,4 wheel drive / SUV,Unknown motor vehicle,3,0,0,0,0,8,August,Winter,Friday,18:00 - 19:59,PM peak / evening commute,True,False,False,False
1360003,Non-casualty (towaway),Non-casualty (towaway),2024,2024,August,Saturday,04:00 - 05:59,DAMIEN,AVE,0,Right on the spot,NUMBER 76,HN,GREYSTANES,,No,Not a school zone,2-way undivided,-33.822433,150.960334,Cumberland,Sydney metro. area,Syd-Newc-Woll Gtr conurbation,Straight,,,,On,Sealed,Dry,Fine,Darkness,Nil,No traffic controls,50 km/h,Local,71,Off rd left => obj,703,Left off cway into object,,Other angle,Unknown motor vehicle,Car (sedan/hatch),2,0,0,0,0,8,August,Winter,Saturday,04:00 - 05:59,Late night / early morning,False,False,False,False
1360009,Non-casualty (towaway),Non-casualty (towaway),2024,2024,August,Sunday,04:00 - 05:59,WALL,ST,0,Right on the spot,NUMBER 22,HN,MACKSVILLE,,No,Not a school zone,2-way undivided,-30.715465,152.923408,Nambucca Valley,Country urban,Rest of NSW - Urban,Straight,,,,Nil,Sealed,Dry,Fine,Darkness,Nil,No traffic controls,50 km/h,Local,71,Off rd left => obj,703,Left off cway into object,,Other angle,Car (sedan/hatch),Car (sedan/hatch),2,0,0,0,0,8,August,Winter,Sunday,04:00 - 05:59,Late night / early morning,False,False,False,False
1360021,Non-casualty (towaway),Non-casualty (towaway),2024,2024,June,Thursday,14:00 - 15:59,SPRING CREEK,DR,60,West,PRINCES,HWY,KIAMA,264.0,No,Not a school zone,Divided road,-34.662808,150.847007,Kiama,Country urban,Rest of NSW - Urban,Curved,Steep grade,,,Unknown / not stated,Sealed,Dry,Fine,Daylight,Nil,No traffic controls,60 km/h,Regional,88,Out of cont on bend,805,Out of control on bend,,Rollover,Light truck utility(from 2018),,1,0,0,0,0,6,June,Winter,Thursday,14:00 - 15:59,Midday / afternoon,False,False,False,False
1360022,Non-casualty (towaway),Non-casualty (towaway),2024,2024,August,Wednesday,14:00 - 15:59,COOLAMON SCENIC,DR,0,Right on the spot,NUMBER 1615,HN,MULLUMBIMBY,,No,Not a school zone,2-way undivided,-28.563434,153.489649,Byron,Country urban,Rest of NSW - Urban,Curved,,,,Unknown / not stated,Sealed,Wet,Overcast,Daylight,Nil,No traffic controls,80 km/h,Local,81,Off left/rt bnd=>obj,803,Off right bend into obj,Left,Vehicle - Object,Light truck utility(from 2018),,1,0,0,0,0,8,August,Winter,Wednesday,14:00 - 15:59,Midday / afternoon,False,False,False,False
1360025,Non-casualty (towaway),Non-casualty (towaway),2024,2024,May,Tuesday,16:00 - 17:59,GURNER,AVE,0,Right on the spot,WARGALDARRA,RD,AUSTRAL,,No,Not a school zone,T-junction,-33.912207,150.81497,Liverpool,Sydney metro. area,Syd-Newc-Woll Gtr conurbation,Straight,Narrow roadway,,,On,Sealed,Wet,Overcast,Daylight,On,Stop sign,60 km/h,Local,20,Head on,201,Opp - Head on,,Head-on,Light truck utility(from 2018),4 wheel drive / SUV,4,0,0,0,0,5,May,Autumn,Tuesday,16:00 - 17:59,PM peak / evening commute,True,False,False,False
1360028,Non-casualty (towaway),Non-casualty (towaway),2024,2024,August,Wednesday,16:00 - 17:59,STANLEY,ST,0,Right on the spot,THURGOONA,ST,ALBURY,,No,Not a school zone,T-junction,-36.077773,146.908963,Albury,Country urban,Rest of NSW - Urban,Straight,,,,Unknown / not stated,Sealed,Dry,Fine,Daylight,Nil,Give way sign,60 km/h,Local,13,Right near,104,Adj - Right-thru from right,,Right angle,Car (sedan/hatch),4 wheel drive / SUV,2,0,0,0,0,8,August,Winter,Wednesday,16:00 - 17:59,PM peak / evening commute,True,False,False,False
1360031,Non-casualty (towaway),Non-casualty (towaway),2024,2024,August,Wednesday,14:00 - 15:59,WOODVILLE,RD,0,Right on the spot,NUMBER 352,HN,GUILDFORD,640.0,No,Not a school zone,Divided road,-33.854453,150.995463,Cumberland,Sydney metro. area,Syd-Newc-Woll Gtr conurbation,Straight,,,,Unknown / not stated,Sealed,Wet,Raining,Daylight,Nil,No traffic controls,70 km/h,State,71,Off rd left => obj,703,Left off cway into object,,Vehicle - Object,Light truck utility(from 2018),,1,0,0,0,0,8,August,Winter,Wednesday,14:00 - 15:59,Midday / afternoon,False,False,False,False
1360033,Non-casualty (towaway),Non-casualty (towaway),2024,2024,August,Wednesday,18:00 - 19:59,THUNDERBOLTS,WAY,30,North,TENIS BRIDGE,BDGE,TIBBUC,7719.0,No,Not a school zone,2-way undivided,-31.831574,151.890136,Mid-Coast,Country urban,Rest of NSW - Urban,Curved,,,,Unknown / not stated,Sealed,Wet,Raining,Dusk,Nil,No traffic controls,80 km/h,Regional,81,Off left/rt bnd=>obj,803,Off right bend into obj,Left,Vehicle - Object,Car (sedan/hatch),,1,0,0,0,0,8,August,Winter,Wednesday,18:00 - 19:59,PM peak / evening commute,True,False,False,False
1360034,Non-casualty (towaway),Non-casualty (towaway),2024,2024,August,Wednesday,10:00 - 11:59,OLYMPIC,HWY,100,South,RHODES,RD,YOUNG,78.0,No,Not a school zone,2-way undivided,-34.378889,148.259787,Hilltops,Country non-urban,Rest of NSW - Rural,Curved,Embankment/cutting,,,Unknown / not stated,Sealed,Wet,Raining,Daylight,Nil,No traffic controls,100 km/h,State,82,Off right/right bend,801,Off cway right bend,Right,Rollover,Light truck utility(from 2018),,1,0,0,0,0,8,August,Winter,Wednesday,10:00 - 11:59,Midday / afternoon,False,False,False,False
1360036,Non-casualty (towaway),Non-casualty (towaway),2024,2024,August,Tuesday,06:00 - 07:59,SOUTHERN,EXP,500,North,FIVE ISLANDS,RD,UNANDERRA,6006.0,No,Not a school zone,Dual freeway,-34.450383,150.859619,Wollongong,Wollongong met. area,Syd-Newc-Woll Gtr conurbation,Straight,,,,Unknown / not stated,Sealed,Wet,Fine,Dawn,Nil,No traffic controls,100 km/h,State,30,Rear end,301,Same - Rear end,,Rear end,Light truck utility(from 2018),Light truck utility(from 2018),3,0,0,0,0,8,August,Winter,Tuesday,06:00 - 07:59,AM peak / school commute,True,False,False,False
1360046,Non-casualty (towaway),Non-casualty (towaway),2024,2024,August,Tuesday,08:00 - 09:59,MURRAYVILLE,RD,2000,South,OLD MURRAYVILLE,RD,ASHBY,,No,Not a school zone,2-way undivided,-29.417951,153.199946,Clarence Valley,Country non-urban,Rest of NSW - Rural,Curved,,,,Unknown / not stated,Sealed,Wet,Raining,Daylight,Nil,No traffic controls,100 km/h,Local,80,Off left/right bend,801,Off cway right bend,Left,Rollover,4 wheel drive / SUV,,1,0,0,0,0,8,August,Winter,Tuesday,08:00 - 09:59,AM peak / school commute,True,False,False,False
1360047,Non-casualty (towaway),Non-casualty (towaway),2024,2024,August,Monday,08:00 - 09:59,MONARO,HWY,1000,South,POLO FLAT,RD,COOMA,19.0,No,Not a school zone,2-way undivided,-36.24698,149.144592,Snowy Monaro Regional,Country non-urban,Rest of NSW - Rural,Curved,,,,Unknown / not stated,Sealed,Wet,Fog or mist,Daylight,Nil,No traffic controls,100 km/h,State,42,Leaving parking,401,Manov - Leaving parking,,Other angle,4 wheel drive / SUV,Light truck utility(from 2018),2,0,0,0,0,8,August,Winter,Monday,08:00 - 09:59,AM peak / school commute,True,False,False,False
1360049,Non-casualty (towaway),Non-casualty (towaway),2024,2024,August,Tuesday,18:00 - 19:59,BOURKE MILPARINKA,RD,30000,East,O'GRADY,ST,WANAARING,405.0,No,Not a school zone,2-way undivided,-29.763523,144.443744,Bourke,Country non-urban,Rest of NSW - Rural,Straight,,,,Unknown / not stated,Sealed,Dry,Fine,Darkness,Nil,No traffic controls,100 km/h,Regional,67,Struck animal,609,On path - Hit animal,,Vehicle - Animal,Light truck utility(from 2018),,1,0,0,0,0,8,August,Winter,Tuesday,18:00 - 19:59,PM peak / evening commute,True,False,False,False
1360051,Non-casualty (towaway),Non-casualty (towaway),2024,2024,August,Tuesday,08:00 - 09:59,GREAT WESTERN,HWY,0,Right on the spot,WERRINGTON,RD,WERRINGTON,5.0,No,Not a school zone,X-intersection,-33.76819,150.757915,Penrith,Sydney metro. area,Syd-Newc-Woll Gtr conurbation,Straight,,,,Unknown / not stated,Sealed,Dry,Overcast,Daylight,On,No traffic controls,80 km/h,State,14,2 right turning,105,Adj - Two right turning,,Right angle,4 wheel drive / SUV,Light truck utility(from 2018),2,0,0,0,0,8,August,Winter,Tuesday,08:00 - 09:59,AM peak / school commute,True,False,False,False
1360054,Non-casualty (towaway),Non-casualty (towaway),2024,2024,August,Friday,16:00 - 17:59,MOLONG,RD,0,Right on the spot,NORTHSTOKE,WAY,ORANGE,705.0,No,Not a school zone,T-junction,-33.266603,149.080592,Orange,Country urban,Rest of NSW - Urban,Straight,,,,Unknown / not stated,Sealed,Dry,Overcast,Dusk,Nil,No traffic controls,50 km/h,State,32,Right rear,303,Same - Rear right,,Rear end,Car (sedan/hatch),Light truck utility(from 2018),2,0,0,0,0,8,August,Winter,Friday,16:00 - 17:59,PM peak / evening commute,True,False,False,False
1360059,Non-casualty (towaway),Non-casualty (towaway),2024,2024,August,Wednesday,16:00 - 17:59,WESTERN,EXP,45,West,PITT STREET,OP,MERRYLANDS,6004.0,No,Not a school zone,Dual freeway,-33.826812,150.993745,Parramatta,Sydney metro. area,Syd-Newc-Woll Gtr conurbation,Straight,,,,Unknown / not stated,Sealed,Wet,Overcast,Dusk,Nil,No traffic controls,90 km/h,State,30,Rear end,301,Same - Rear end,,Rear end,4 wheel drive / SUV,Car (sedan/hatch),3,0,0,0,0,8,August,Winter,Wednesday,16:00 - 17:59,PM peak / evening commute,True,False,False,False
1360060,Non-casualty (towaway),Non-casualty (towaway),2024,2024,August,Monday,08:00 - 09:59,ROBINSON,ST,150,West,DEFOE,ST,WILEY PARK,,No,Not a school zone,2-way undivided,-33.92188,151.061755,Canterbury-Bankstown,Sydney metro. area,Syd-Newc-Woll Gtr conurbation,Straight,,,,Unknown / not stated,Sealed,Dry,Fine,Daylight,Nil,No traffic controls,50 km/h,Local,40,U turn,304,Same - U-turn,,Other angle,Station wagon,4 wheel drive / SUV,2,0,0,0,0,8,August,Winter,Monday,08:00 - 09:59,AM peak / school commute,True,False,False,False
1360061,Non-casualty (towaway),Non-casualty (towaway),2024,2024,August,Saturday,04:00 - 05:59,SOUTH DOWLING,ST,0,Right on the spot,COOPER PLACE,TO,ZETLAND,593.0,No,Not a school zone,Divided road,-33.906991,151.213493,Sydney,Sydney metro. area,Syd-Newc-Woll Gtr conurbation,Straight,,,,Unknown / not stated,Sealed,Dry,Fine,Darkness,Nil,No traffic controls,80 km/h,State,39,Other same direction,300,Same - other,,Other angle,Car (sedan/hatch),Car (sedan/hatch),2,0,0,0,0,8,August,Winter,Saturday,04:00 - 05:59,Late night / early morning,False,False,False,False
1360071,Non-casualty (towaway),Non-casualty (towaway),2024,2024,July,Wednesday,14:00 - 15:59,GOLDFIELDS,WAY,0,Right on the spot,COFFIN ROCK,RD,ERIN VALE,57.0,No,Not a school zone,T-junction,-34.724529,147.57025,Junee,Country non-urban,Rest of NSW - Rural,Straight,,,,Unknown / not stated,Sealed,Dry,Fine,Daylight,Nil,No traffic controls,100 km/h,State,72,Off road to right,702,Off carriageway to right,,Rollover,Semi-trailer,,1,0,0,0,0,7,July,Winter,Wednesday,14:00 - 15:59,Midday / afternoon,False,False,False,False
1360074,Non-casualty (towaway),Non-casualty (towaway),2024,2024,August,Wednesday,18:00 - 19:59,SPRINGFIELD,RD,999999,South,MARANA,RD,SPRINGFIELD,,No,Not a school zone,2-way undivided,-33.429276,151.367856,Central Coast,Country urban,Syd-Newc-Woll Gtr conurbation,Straight,Steep grade,,,Unknown / not stated,Sealed,Dry,Fine,Darkness,Nil,No traffic controls,50 km/h,Local,70,Off road to left,701,Off carriageway to left,,Rollover,4 wheel drive / SUV,,1,0,0,0,0,8,August,Winter,Wednesday,18:00 - 19:59,PM peak / evening commute,True,False,False,False
1360076,Non-casualty (towaway),Non-casualty (towaway),2024,2024,August,Saturday,02:00 - 03:59,GORE,AVE,0,Right on the spot,NUMBER 26,HN,KIRRAWEE,,No,Not a school zone,2-way undivided,-34.045152,151.069997,Sutherland,Sydney metro. area,Syd-Newc-Woll Gtr conurbation,Curved,,,,Unknown / not stated,Sealed,Dry,Fine,Darkness,Nil,No traffic controls,50 km/h,Local,85,Off rt/lft bnd=>obj,804,Off left bend into obj,Right,Other angle,4 wheel drive / SUV,Car (sedan/hatch),2,0,0,0,0,8,August,Winter,Saturday,02:00 - 03:59,Late night / early morning,False,False,False,False
1360077,Non-casualty (towaway),Non-casualty (towaway),2024,2024,August,Saturday,14:00 - 15:59,GOW,ST,0,Right on the spot,NEWCASTLE,ST,HAMILTON NORTH,,No,Not a school zone,X-intersection,-32.913983,151.737455,Newcastle,Newcastle met. area,Syd-Newc-Woll Gtr conurbation,Straight,,,,Unknown / not stated,Sealed,Dry,Fine,Daylight,Nil,Give way sign,50 km/h,Local,10,Cross traffic,101,Adj - Cross traffic,,Right angle,Car (sedan/hatch),Car (sedan/hatch),2,0,0,0,0,8,August,Winter,Saturday,14:00 - 15:59,Midday / afternoon,False,False,False,False
1360080,Non-casualty (towaway),Non-casualty (towaway),2024,2024,August,Tuesday,20:00 - 21:59,PACIFIC,HWY,1110,North,WOOYUNG,RD,CRABBES CREEK,10.0,No,Not a school zone,Divided road,-28.453741,153.500968,Tweed,Country non-urban,Rest of NSW - Rural,Curved,,,,Unknown / not stated,Sealed,Wet,Raining,Darkness,Nil,No traffic controls,110 km/h,State,81,Off left/rt bnd=>obj,803,Off right bend into obj,Left,Vehicle - Object,Light truck,,1,0,0,0,0,8,August,Winter,Tuesday,20:00 - 21:59,Evening / night,False,False,False,False
1360081,Non-casualty (towaway),Non-casualty (towaway),2024,2024,August,Saturday,08:00 - 09:59,MINERAL HILL,RD,50,North,ALBERT,RD,CONDOBOLIN,,No,Not a school zone,2-way undivided,-32.620035,147.004673,Lachlan,Country non-urban,Rest of NSW - Rural,Straight,,,,Unknown / not stated,Unsealed,Wet,Overcast,Daylight,Nil,No traffic controls,100 km/h,Local,73,Off rd rght => obj,704,Right off cway into obj,,Vehicle - Object,Light truck utility(from 2018),,1,0,0,0,0,8,August,Winter,Saturday,08:00 - 09:59,AM peak / school commute,True,False,False,False
1360083,Non-casualty (towaway),Non-casualty (towaway),2024,2024,August,Monday,14:00 - 15:59,CAMDEN,BYPA,30,South,LIZ KERNOHAN,DR,SPRING FARM,620.0,No,Not a school zone,Divided road,-34.061166,150.72709,Camden,Sydney metro. area,Syd-Newc-Woll Gtr conurbation,Straight,,,,Unknown / not stated,Sealed,Dry,Fine,Daylight,Nil,Give way sign,80 km/h,State,34,Lane change right,306,Same - Lane change right,,Other angle,Car (sedan/hatch),Other bus,2,0,0,0,0,8,August,Winter,Monday,14:00 - 15:59,Midday / afternoon,False,False,False,False
1360084,Non-casualty (towaway),Non-casualty (towaway),2024,2024,August,Thursday,22:00 - Midnight,KING,RD,0,Right on the spot,NUMBER 24,HN,HORNSBY,,No,Not a school zone,2-way undivided,-33.698507,151.1102,Hornsby,Sydney metro. area,Syd-Newc-Woll Gtr conurbation,Straight,,,,Unknown / not stated,Sealed,Dry,Fine,Darkness,Nil,No traffic controls,50 km/h,Local,49,Other manoeuvring,400,Manov - other,,Other angle,4 wheel drive / SUV,Light truck,2,0,0,0,0,8,August,Winter,Thursday,22:00 - Midnight,Evening / night,False,False,False,False
1360086,Non-casualty (towaway),Non-casualty (towaway),2024,2024,August,Thursday,10:00 - 11:59,O'SULLIVAN,RD,0,Right on the spot,POWELL,RD,ROSE BAY,7336.0,No,Not a school zone,T-junction,-33.873595,151.260004,Woollahra,Sydney metro. area,Syd-Newc-Woll Gtr conurbation,Straight,,,,Unknown / not stated,Sealed,Dry,Fine,Daylight,Nil,No traffic controls,50 km/h,Regional,30,Rear end,301,Same - Rear end,,Rear end,Car (sedan/hatch),Car (sedan/hatch),2,0,0,0,0,8,August,Winter,Thursday,10:00 - 11:59,Midday / afternoon,False,False,False,False
1360091,Non-casualty (towaway),Non-casualty (towaway),2024,2024,August,Monday,04:00 - 05:59,CANTERBURY,RD,0,Right on the spot,CHAPEL,RD,BANKSTOWN,167.0,No,Not a school zone,X-intersection,-33.933781,151.027025,Canterbury-Bankstown,Sydney metro. area,Syd-Newc-Woll Gtr conurbation,Straight,,,,Unknown / not stated,Sealed,Wet,Raining,Darkness,On,No traffic controls,60 km/h,State,37,Left turn sideswipe,309,Same - Left turn side swipe,,Other angle,Semi-trailer,Car (sedan/hatch),2,0,0,0,0,8,August,Winter,Monday,04:00 - 05:59,Late night / early morning,False,False,False,False
1360092,Non-casualty (towaway),Non-casualty (towaway),2024,2024,August,Tuesday,06:00 - 07:59,SOUTHERN,EXP,100,South,NORTHCLIFFE DRIVE,OP,KEMBLA GRANGE,6006.0,No,Not a school zone,Dual freeway,-34.474309,150.831096,Wollongong,Wollongong met. area,Syd-Newc-Woll Gtr conurbation,Straight,,,,Unknown / not stated,Sealed,Dry,Fine,Daylight,Nil,No traffic controls,100 km/h,State,30,Rear end,301,Same - Rear end,,Rear end,Light truck utility(from 2018),Car (sedan/hatch),2,0,0,0,0,8,August,Winter,Tuesday,06:00 - 07:59,AM peak / school commute,True,False,False,False