crash_id,degree_of_crash,degree_of_crash_-_detailed,reporting_year,year_of_crash,month_of_crash,day_of_week_of_crash,two-hour_intervals,street_of_crash,street_type,distance,direction,identifying_feature,identifying_feature_type,town,route_no.,school_zone_location,school_zone_active,type_of_location,latitude,longitude,lga,urbanisation,conurbation_1,alignment,primary_permanent_feature,primary_temporary_feature,primary_hazardous_feature,street_lighting,road_surface,surface_condition,weather,natural_lighting,signals_operation,other_traffic_control,speed_limit,road_classification_(admin),rum_-_code,rum_-_description,dca_-_code,dca_-_description,dca_supplement,first_impact_type,key_tu_type,other_tu_type,no._of_traffic_units_involved,no._killed,no._seriously_injured,no._moderately_injured,no._minor-other_injured,month_num,month_label,season,day_label,time_label,time_band,is_peak_commute,is_fatal,is_injury,is_casualty
1360093,Non-casualty (towaway),Non-casualty (towaway),2024,2024,August,Monday,04:00 - 05:59,GLENCOE,ST,10,South,FLORA,ST,SUTHERLAND,,No,Not a school zone,Roundabout,-34.032763,151.063138,Sutherland,Sydney metro. area,Syd-Newc-Woll Gtr conurbation,Straight,,,,Unknown / not stated,Sealed,Wet,Fine,Darkness,Nil,No traffic controls,50 km/h,Local,81,Off left/rt bnd=>obj,707,Right turn,Left,Other angle,Light truck utility(from 2018),4 wheel drive / SUV,4,0,0,0,0,8,August,Winter,Monday,04:00 - 05:59,Late night / early morning,False,False,False,False
1360094,Non-casualty (towaway),Non-casualty (towaway),2024,2024,August,Saturday,12:00 - 13:59,STURT,HWY,400,West,KAPOOKA,RD,SAN ISIDORE,14.0,No,Not a school zone,2-way undivided,-35.119772,147.298487,Wagga Wagga,Country non-urban,Rest of NSW - Rural,Curved,,,,Unknown / not stated,Sealed,Wet,Raining,Daylight,Nil,No traffic controls,100 km/h,State,87,Off lft/lft bnd=>obj,804,Off left bend into obj,Left,Vehicle - Object,Light truck utility(from 2018),,1,0,0,0,0,8,August,Winter,Saturday,12:00 - 13:59,Midday / afternoon,False,False,False,False
1360096,Non-casualty (towaway),Non-casualty (towaway),2024,2024,August,Tuesday,10:00 - 11:59,PACIFIC,HWY,492,South,BROADWATER-EVANS HEAD ROAD,OP,BROADWATER,10.0,No,Not a school zone,Divided road,-29.023808,153.432465,Richmond Valley,Country non-urban,Rest of NSW - Rural,Curved,,,,Unknown / not stated,Sealed,Dry,Overcast,Daylight,Nil,No traffic controls,110 km/h,State,81,Off left/rt bnd=>obj,803,Off right bend into obj,Left,Vehicle - Object,Light truck utility(from 2018),,1,0,0,0,0,8,August,Winter,Tuesday,10:00 - 11:59,Midday / afternoon,False,False,False,False
1360100,Non-casualty (towaway),Non-casualty (towaway),2024,2024,August,Friday,10:00 - 11:59,SCHOFIELDS,RD,0,Right on the spot,RAILWAY,TCE,SCHOFIELDS,687.0,No,Not a school zone,X-intersection,-33.701499,150.873283,Blacktown,Sydney metro. area,Syd-Newc-Woll Gtr conurbation,Straight,,,,Unknown / not stated,Sealed,Dry,Fine,Daylight,On,No traffic controls,70 km/h,State,23,Right/left,203,Opp - Right-left,,Other angle,Car (sedan/hatch),Unknown motor vehicle,2,0,0,0,0,8,August,Winter,Friday,10:00 - 11:59,Midday / afternoon,False,False,False,False
1360102,Non-casualty (towaway),Non-casualty (towaway),2024,2024,August,Tuesday,18:00 - 19:59,RICHMOND,RD,0,Right on the spot,YARRAMUNDI,DR,DEAN PARK,643.0,No,Not a school zone,T-junction,-33.735603,150.851743,Blacktown,Sydney metro. area,Syd-Newc-Woll Gtr conurbation,Straight,,,,Unknown / not stated,Sealed,Dry,Fine,Darkness,On,No traffic controls,70 km/h,State,21,Right through,202,Opp - Right-thru,,Other angle,4 wheel drive / SUV,4 wheel drive / SUV,2,0,0,0,0,8,August,Winter,Tuesday,18:00 - 19:59,PM peak / evening commute,True,False,False,False
1360107,Non-casualty (towaway),Non-casualty (towaway),2024,2024,August,Saturday,02:00 - 03:59,PRINCES,HWY,0,Right on the spot,PRINCES,HWY,DAPTO,1.0,No,Not a school zone,T-junction,-34.522246,150.787122,Wollongong,Wollongong met. area,Syd-Newc-Woll Gtr conurbation,Straight,,,,Unknown / not stated,Sealed,Dry,Fine,Darkness,Nil,Stop sign,80 km/h,Regional,75,Off end of road,709,Off end cway or T junct,,Vehicle - Object,4 wheel drive / SUV,,1,0,0,0,0,8,August,Winter,Saturday,02:00 - 03:59,Late night / early morning,False,False,False,False
1360108,Non-casualty (towaway),Non-casualty (towaway),2024,2024,August,Monday,10:00 - 11:59,ROCKY POINT,RD,0,Right on the spot,RUSSELL,AVE,SANS SOUCI,199.0,No,Not a school zone,T-junction,-33.992726,151.131855,Bayside,Sydney metro. area,Syd-Newc-Woll Gtr conurbation,Straight,,,,Unknown / not stated,Sealed,Wet,Overcast,Daylight,On,No traffic controls,70 km/h,State,21,Right through,202,Opp - Right-thru,,Other angle,Car (sedan/hatch),Car (sedan/hatch),2,0,0,0,0,8,August,Winter,Monday,10:00 - 11:59,Midday / afternoon,False,False,False,False
1360109,Non-casualty (towaway),Non-casualty (towaway),2024,2024,August,Wednesday,16:00 - 17:59,MOATE,AVE,0,Right on the spot,NUMBER 18B,HN,BRIGHTON-LE-SANDS,,No,Not a school zone,2-way undivided,-33.956888,151.156176,Bayside,Sydney metro. area,Syd-Newc-Woll Gtr conurbation,Straight,Driveway/entrance,,,Unknown / not stated,Sealed,Wet,Raining,Dusk,Nil,No traffic controls,50 km/h,Local,47,Emerging from drive,406,Manov - Emerging from driveway,,Right angle,Car (sedan/hatch),Car (sedan/hatch),2,0,0,0,0,8,August,Winter,Wednesday,16:00 - 17:59,PM peak / evening commute,True,False,False,False
1360112,Non-casualty (towaway),Non-casualty (towaway),2024,2024,August,Monday,10:00 - 11:59,OLD NORTHERN,RD,0,Right on the spot,KENTHURST,RD,DURAL,160.0,No,Not a school zone,T-junction,-33.693714,151.019697,Hornsby,Sydney metro. area,Syd-Newc-Woll Gtr conurbation,Curved,,,,Unknown / not stated,Sealed,Dry,Fine,Daylight,On,No traffic controls,60 km/h,State,16,Left near,107,Adj - Left-thru from right,,Right angle,Station wagon,Station wagon,2,0,0,0,0,8,August,Winter,Monday,10:00 - 11:59,Midday / afternoon,False,False,False,False
1360114,Non-casualty (towaway),Non-casualty (towaway),2024,2024,August,Tuesday,16:00 - 17:59,PITTWATER,RD,0,Right on the spot,MAGDALA,RD,NORTH RYDE,2052.0,No,Not a school zone,Roundabout,-33.802353,151.137487,Ryde,Sydney metro. area,Syd-Newc-Woll Gtr conurbation,Straight,,,,Unknown / not stated,Sealed,Dry,Fine,Daylight,Nil,Give way sign,60 km/h,Regional,29,Other opposing,200,Opp - other,,Other angle,Passenger van,4 wheel drive / SUV,2,0,0,0,0,8,August,Winter,Tuesday,16:00 - 17:59,PM peak / evening commute,True,False,False,False
1360116,Non-casualty (towaway),Non-casualty (towaway),2024,2024,August,Saturday,08:00 - 09:59,BOOREA,ST,0,Right on the spot,NYRANG,ST,LIDCOMBE,,No,Not a school zone,Roundabout,-33.854707,151.043393,Cumberland,Sydney metro. area,Syd-Newc-Woll Gtr conurbation,Straight,,,,Unknown / not stated,Sealed,Dry,Fine,Daylight,Nil,Give way sign,60 km/h,Local,29,Other opposing,200,Opp - other,,Other angle,Car (sedan/hatch),Light truck utility(from 2018),2,0,0,0,0,8,August,Winter,Saturday,08:00 - 09:59,AM peak / school commute,True,False,False,False
1360118,Non-casualty (towaway),Non-casualty (towaway),2024,2024,August,Tuesday,06:00 - 07:59,FLORAVILLE,RD,200,North,PARK ROYAL,DR,FLORAVILLE,,Yes,No,2-way undivided,-33.014624,151.664755,Lake Macquarie,Newcastle met. area,Syd-Newc-Woll Gtr conurbation,Straight,Painted double centre lines,,,Unknown / not stated,Sealed,Dry,Fine,Daylight,Nil,No traffic controls,60 km/h,Local,40,U turn,304,Same - U-turn,,Other angle,4 wheel drive / SUV,Passenger van,2,0,0,0,0,8,August,Winter,Tuesday,06:00 - 07:59,AM peak / school commute,True,False,False,False
1360119,Non-casualty (towaway),Non-casualty (towaway),2024,2024,August,Thursday,10:00 - 11:59,HUME,HWY,0,Right on the spot,OLD HUME,HWY,MARULAN,2.0,No,Not a school zone,T-junction,-34.683229,150.051378,Goulburn Mulwaree,Country non-urban,Rest of NSW - Rural,Straight,,,,Unknown / not stated,Sealed,Dry,Overcast,Daylight,Nil,Give way sign,110 km/h,State,35,Lane change left,307,Same - Lane change left,,Other angle,Large rigid,4 wheel drive / SUV,2,0,0,0,0,8,August,Winter,Thursday,10:00 - 11:59,Midday / afternoon,False,False,False,False
1360122,Non-casualty (towaway),Non-casualty (towaway),2024,2024,August,Saturday,10:00 - 11:59,CAMBOURN,DR,0,Right on the spot,NUMBER 4,HN,LISAROW,,No,Not a school zone,2-way undivided,-33.377524,151.369849,Central Coast,Country urban,Syd-Newc-Woll Gtr conurbation,Straight,,,,Unknown / not stated,Sealed,Dry,Fine,Daylight,Nil,No traffic controls,50 km/h,Local,71,Off rd left => obj,703,Left off cway into object,,Other angle,Car (sedan/hatch),Car (sedan/hatch),2,0,0,0,0,8,August,Winter,Saturday,10:00 - 11:59,Midday / afternoon,False,False,False,False
1360124,Non-casualty (towaway),Non-casualty (towaway),2024,2024,August,Wednesday,16:00 - 17:59,WOLLOMBI,RD,250,East,BENNETT,ST,MILLFIELD,181.0,No,Not a school zone,2-way undivided,-32.887917,151.26952,Cessnock,Country urban,Rest of NSW - Urban,Straight,,,,Unknown / not stated,Sealed,Dry,Fine,Dusk,Nil,No traffic controls,80 km/h,Regional,71,Off rd left => obj,703,Left off cway into object,,Vehicle - Object,Car (sedan/hatch),,1,0,0,0,0,8,August,Winter,Wednesday,16:00 - 17:59,PM peak / evening commute,True,False,False,False
1360125,Non-casualty (towaway),Non-casualty (towaway),2024,2024,August,Monday,10:00 - 11:59,BROOK,ST,0,Right on the spot,OBERON,ST,COOGEE,,No,Not a school zone,X-intersection,-33.926402,151.253132,Randwick,Sydney metro. area,Syd-Newc-Woll Gtr conurbation,Straight,Crest,,,Unknown / not stated,Sealed,Wet,Overcast,Daylight,Nil,Stop sign,50 km/h,Local,10,Cross traffic,101,Adj - Cross traffic,,Right angle,4 wheel drive / SUV,4 wheel drive / SUV,2,0,0,0,0,8,August,Winter,Monday,10:00 - 11:59,Midday / afternoon,False,False,False,False
1360128,Non-casualty (towaway),Non-casualty (towaway),2024,2024,August,Wednesday,08:00 - 09:59,CUMBERLAND,HWY,0,Right on the spot,WESTERN,EXP,SOUTH WENTWORTHVILLE,13.0,No,Not a school zone,T-junction,-33.815783,150.963909,Cumberland,Sydney metro. area,Syd-Newc-Woll Gtr conurbation,Straight,,,,Unknown / not stated,Sealed,Dry,Fine,Daylight,On,No traffic controls,70 km/h,State,21,Right through,202,Opp - Right-thru,,Other angle,Car (sedan/hatch),Car (sedan/hatch),2,0,0,0,0,8,August,Winter,Wednesday,08:00 - 09:59,AM peak / school commute,True,False,False,False
1360130,Non-casualty (towaway),Non-casualty (towaway),2024,2024,August,Saturday,10:00 - 11:59,DIGHT,ST,40,North,AFFLECK,ST,ALBURY,,No,Not a school zone,2-way undivided,-36.079101,146.905875,Albury,Country urban,Rest of NSW - Urban,Straight,Steep grade,,,Unknown / not stated,Sealed,Wet,Overcast,Daylight,Nil,No traffic controls,50 km/h,Local,93,Pkd veh runaway=>obj,906,Parked vehicle ran away,,Other angle,Station wagon,4 wheel drive / SUV,3,0,0,0,0,8,August,Winter,Saturday,10:00 - 11:59,Midday / afternoon,False,False,False,False
1360133,Non-casualty (towaway),Non-casualty (towaway),2024,2024,August,Monday,14:00 - 15:59,CASTLEREAGH,ST,0,Right on the spot,MARKET,ST,SYDNEY,,No,Not a school zone,X-intersection,-33.870738,151.209467,Sydney,Sydney metro. area,Syd-Newc-Woll Gtr conurbation,Straight,,,,Unknown / not stated,Sealed,Dry,Fine,Daylight,On,No traffic controls,40 km/h,Local,34,Lane change right,306,Same - Lane change right,,Other angle,Station wagon,Car (sedan/hatch),2,0,0,0,0,8,August,Winter,Monday,14:00 - 15:59,Midday / afternoon,False,False,False,False
1360134,Non-casualty (towaway),Non-casualty (towaway),2024,2024,August,Thursday,18:00 - 19:59,BARIGAN,RD,1050,South,WOLLAR,RD,WOLLAR,,No,Not a school zone,2-way undivided,-32.371796,149.953266,Mid-Western Regional,Country non-urban,Rest of NSW - Rural,Curved,,,,Unknown / not stated,Sealed,Dry,Fine,Dusk,Nil,No traffic controls,100 km/h,Local,87,Off lft/lft bnd=>obj,804,Off left bend into obj,Left,Vehicle - Object,Light truck utility(from 2018),,1,0,0,0,0,8,August,Winter,Thursday,18:00 - 19:59,PM peak / evening commute,True,False,False,False
1360136,Non-casualty (towaway),Non-casualty (towaway),2024,2024,August,Tuesday,16:00 - 17:59,MAITLAND,RD,0,Right on the spot,DAVID,ST,CESSNOCK,588.0,Yes,No,T-junction,-32.828435,151.366267,Cessnock,Country urban,Rest of NSW - Urban,Straight,,,,Unknown / not stated,Sealed,Dry,Fine,Daylight,Nil,No traffic controls,60 km/h,State,30,Rear end,301,Same - Rear end,,Rear end,Car (sedan/hatch),Car (sedan/hatch),2,0,0,0,0,8,August,Winter,Tuesday,16:00 - 17:59,PM peak / evening commute,True,False,False,False
1360137,Non-casualty (towaway),Non-casualty (towaway),2024,2024,August,Wednesday,12:00 - 13:59,COALDALE,RD,3300,North,FORTIS CREEK,RD,FORTIS CREEK,,No,Not a school zone,2-way undivided,-29.479331,152.865128,Clarence Valley,Country non-urban,Rest of NSW - Rural,Curved,,,,Unknown / not stated,Sealed,Wet,Raining,Daylight,Nil,No traffic controls,100 km/h,Local,87,Off lft/lft bnd=>obj,804,Off left bend into obj,Left,Vehicle - Object,Car (sedan/hatch),,1,0,0,0,0,8,August,Winter,Wednesday,12:00 - 13:59,Midday / afternoon,False,False,False,False
1360139,Non-casualty (towaway),Non-casualty (towaway),2024,2024,July,Sunday,08:00 - 09:59,BLENDE,ST,0,Right on the spot,WARREN,ST,BROKEN HILL,,No,Not a school zone,X-intersection,-31.946492,141.482401,Broken Hill,Country urban,Rest of NSW - Urban,Straight,,,,Unknown / not stated,Sealed,Dry,Fine,Daylight,Nil,Give way sign,50 km/h,Local,10,Cross traffic,101,Adj - Cross traffic,,Right angle,4 wheel drive / SUV,Car (sedan/hatch),2,0,0,0,0,7,July,Winter,Sunday,08:00 - 09:59,AM peak / school commute,True,False,False,False
1360144,Non-casualty (towaway),Non-casualty (towaway),2024,2024,August,Monday,02:00 - 03:59,HIGHLANDS,PDE,0,Right on the spot,NUMBNER 62,HN,BULLI,,No,Not a school zone,2-way undivided,-34.332596,150.899101,Wollongong,Wollongong met. area,Syd-Newc-Woll Gtr conurbation,Straight,,,,Unknown / not stated,Sealed,Dry,Fine,Darkness,Nil,No traffic controls,50 km/h,Local,41,U turn into object,207,Opp - U-turn,,Other angle,4 wheel drive / SUV,Passenger van,2,0,0,0,0,8,August,Winter,Monday,02:00 - 03:59,Late night / early morning,False,False,False,False
1360145,Non-casualty (towaway),Non-casualty (towaway),2024,2024,July,Wednesday,18:00 - 19:59,RAWSON,RD,179,East,EXCELSIOR,ST,GUILDFORD,2096.0,No,Not a school zone,2-way undivided,-33.862306,151.001032,Cumberland,Sydney metro. area,Syd-Newc-Woll Gtr conurbation,Straight,,,,Unknown / not stated,Sealed,Wet,Raining,Darkness,Nil,No traffic controls,60 km/h,Regional,42,Leaving parking,401,Manov - Leaving parking,,Other angle,Unknown motor vehicle,Car (sedan/hatch),2,0,0,0,0,7,July,Winter,Wednesday,18:00 - 19:59,PM peak / evening commute,True,False,False,False
1360146,Non-casualty (towaway),Non-casualty (towaway),2024,2024,August,Tuesday,20:00 - 21:59,BRISBANE,ST,0,Right on the spot,BULTJE,ST,DUBBO,,No,Not a school zone,Roundabout,-32.251355,148.602887,Dubbo Regional,Country urban,Rest of NSW - Urban,Straight,,,,Unknown / not stated,Sealed,Dry,Fine,Darkness,Nil,Give way sign,50 km/h,Local,10,Cross traffic,101,Adj - Cross traffic,,Right angle,Car (sedan/hatch),Light truck utility(from 2018),2,0,0,0,0,8,August,Winter,Tuesday,20:00 - 21:59,Evening / night,False,False,False,False
1360150,Non-casualty (towaway),Non-casualty (towaway),2024,2024,August,Saturday,08:00 - 09:59,MOON,ST,0,Right on the spot,SWIFT,ST,BALLINA,,No,Not a school zone,X-intersection,-28.866537,153.561023,Ballina,Country urban,Rest of NSW - Urban,Straight,,,,Unknown / not stated,Sealed,Dry,Fine,Daylight,Nil,Give way sign,50 km/h,Local,10,Cross traffic,101,Adj - Cross traffic,,Right angle,4 wheel drive / SUV,Station wagon,2,0,0,0,0,8,August,Winter,Saturday,08:00 - 09:59,AM peak / school commute,True,False,False,False
1360152,Non-casualty (towaway),Non-casualty (towaway),2024,2024,August,Friday,14:00 - 15:59,KAITLERS,RD,0,Right on the spot,PRUNE,ST,LAVINGTON,,No,Not a school zone,Roundabout,-36.032386,146.936648,Albury,Country urban,Rest of NSW - Urban,Straight,,,,Unknown / not stated,Sealed,Dry,Overcast,Daylight,Nil,Give way sign,60 km/h,Local,10,Cross traffic,101,Adj - Cross traffic,,Right angle,4 wheel drive / SUV,Car (sedan/hatch),2,0,0,0,0,8,August,Winter,Friday,14:00 - 15:59,Midday / afternoon,False,False,False,False
1360154,Non-casualty (towaway),Non-casualty (towaway),2024,2024,August,Thursday,06:00 - 07:59,WATERLOO,RD,0,Right on the spot,RAWSON,RD,GREENACRE,7118.0,No,Not a school zone,X-intersection,-33.902835,151.057923,Canterbury-Bankstown,Sydney metro. area,Syd-Newc-Woll Gtr conurbation,Straight,,,,Unknown / not stated,Sealed,Wet,Raining,Daylight,On,No traffic controls,60 km/h,Regional,36,Right turn sideswipe,308,Same - Rgt turn side swipe,,Other angle,Light truck utility(from 2018),4 wheel drive / SUV,2,0,0,0,0,8,August,Winter,Thursday,06:00 - 07:59,AM peak / school commute,True,False,False,False
1360155,Non-casualty (towaway),Non-casualty (towaway),2024,2024,August,Friday,00:01 - 01:59,PACIFIC,HWY,100,North,BIG RIVER WAY,OP,TYNDALE,10.0,No,Not a school zone,Divided road,-29.549393,153.160957,Clarence Valley,Country non-urban,Rest of NSW - Rural,Curved,,,,Unknown / not stated,Sealed,Dry,Fog or mist,Darkness,Nil,No traffic controls,110 km/h,State,87,Off lft/lft bnd=>obj,804,Off left bend into obj,Left,Vehicle - Object,4 wheel drive / SUV,,1,0,0,0,0,8,August,Winter,Friday,00:01 - 01:59,Late night / early morning,False,False,False,False
1360156,Non-casualty (towaway),Non-casualty (towaway),2024,2024,August,Wednesday,06:00 - 07:59,AVOCA,DR,0,Right on the spot,EMPIRE BAY,DR,KINCUMBER,504.0,No,Not a school zone,Roundabout,-33.46911,151.395544,Central Coast,Country urban,Syd-Newc-Woll Gtr conurbation,Curved,,,,Unknown / not stated,Sealed,Dry,Fog or mist,Daylight,Nil,Give way sign,60 km/h,State,49,Other manoeuvring,400,Manov - other,,Other angle,Light truck,Car (sedan/hatch),2,0,0,0,0,8,August,Winter,Wednesday,06:00 - 07:59,AM peak / school commute,True,False,False,False
1360160,Non-casualty (towaway),Non-casualty (towaway),2024,2024,August,Tuesday,16:00 - 17:59,BERTRAM,ST,0,Right on the spot,WARRINGA,ST,YAGOONA,,No,Not a school zone,T-junction,-33.91141,151.006567,Canterbury-Bankstown,Sydney metro. area,Syd-Newc-Woll Gtr conurbation,Straight,,,,Unknown / not stated,Sealed,Dry,Fine,Dusk,Nil,No traffic controls,50 km/h,Local,9,Ped other,0,Ped - other,,Vehicle - Pedestrian,4 wheel drive / SUV,Pedestrian,2,0,0,0,0,8,August,Winter,Tuesday,16:00 - 17:59,PM peak / evening commute,True,False,False,False
1360163,Non-casualty (towaway),Non-casualty (towaway),2024,2024,August,Saturday,22:00 - Midnight,DEVLIN,RD,500,East,POST OFFICE,RD,CASTLEREAGH,,No,Not a school zone,2-way undivided,-33.65942,150.684261,Penrith,Sydney metro. area,Syd-Newc-Woll Gtr conurbation,Straight,,,,Unknown / not stated,Sealed,Dry,Fog or mist,Darkness,Nil,No traffic controls,60 km/h,Local,20,Head on,201,Opp - Head on,,Head-on,4 wheel drive / SUV,Light truck utility(from 2018),2,0,0,0,0,8,August,Winter,Saturday,22:00 - Midnight,Evening / night,False,False,False,False
1360164,Non-casualty (towaway),Non-casualty (towaway),2024,2024,August,Wednesday,12:00 - 13:59,RICHARDSON,RD,2000,West,MEDOWIE,RD,CAMPVALE,104.0,No,Not a school zone,2-way undivided,-32.768085,151.839891,Port Stephens,Country urban,Rest of NSW - Urban,Straight,,,,Unknown / not stated,Sealed,Dry,Fine,Daylight,Nil,No traffic controls,80 km/h,State,30,Rear end,301,Same - Rear end,,Rear end,Large rigid,Light truck utility(from 2018),2,0,0,0,0,8,August,Winter,Wednesday,12:00 - 13:59,Midday / afternoon,False,False,False,False
1360166,Non-casualty (towaway),Non-casualty (towaway),2024,2024,August,Thursday,16:00 - 17:59,BRISBANE,ST,0,Right on the spot,BULTJE,ST,DUBBO,,No,Not a school zone,Roundabout,-32.251398,148.603205,Dubbo Regional,Country urban,Rest of NSW - Urban,Straight,,,,Unknown / not stated,Sealed,Dry,Fine,Daylight,Nil,Give way sign,50 km/h,Local,19,Other adjacent,100,Adj - other,,Right angle,Light truck utility(from 2018),Motorcycle,2,0,0,0,0,8,August,Winter,Thursday,16:00 - 17:59,PM peak / evening commute,True,False,False,False
1360170,Non-casualty (towaway),Non-casualty (towaway),2024,2024,August,Wednesday,20:00 - 21:59,KAMILAROI,HWY,25000,East,BOURKE,TN,BOURKE,29.0,No,Not a school zone,2-way undivided,-30.059365,146.197233,Bourke,Country non-urban,Rest of NSW - Rural,Curved,,,,Unknown / not stated,Sealed,Wet,Fog or mist,Darkness,Nil,No traffic controls,110 km/h,State,67,Struck animal,609,On path - Hit animal,,Vehicle - Animal,Light truck utility(from 2018),,1,0,0,0,0,8,August,Winter,Wednesday,20:00 - 21:59,Evening / night,False,False,False,False
1360174,Non-casualty (towaway),Non-casualty (towaway),2024,2024,August,Tuesday,14:00 - 15:59,ARMSTRONG,ST,400,North,GODDARD,LANE,WESTDALE,,No,Not a school zone,2-way undivided,-31.076835,150.851772,Tamworth Regional,Country urban,Rest of NSW - Urban,Curved,,,,Unknown / not stated,Sealed,Dry,Fine,Daylight,Nil,No traffic controls,50 km/h,Local,87,Off lft/lft bnd=>obj,804,Off left bend into obj,Left,Other angle,Car (sedan/hatch),Car (sedan/hatch),4,0,0,0,0,8,August,Winter,Tuesday,14:00 - 15:59,Midday / afternoon,False,False,False,False
1360175,Non-casualty (towaway),Non-casualty (towaway),2024,2024,August,Friday,08:00 - 09:59,NEW ILLAWARRA,RD,0,Right on the spot,GURRUMUL,ST,BARDEN RIDGE,190.0,No,Not a school zone,X-intersection,-34.036886,151.001245,Sutherland,Sydney metro. area,Syd-Newc-Woll Gtr conurbation,Straight,,,,Unknown / not stated,Sealed,Dry,Fine,Daylight,On,No traffic controls,80 km/h,State,50,Head on (overtake),501,Ovtak - Head on,,Head-on,Light truck,4 wheel drive / SUV,2,0,0,0,0,8,August,Winter,Friday,08:00 - 09:59,AM peak / school commute,True,False,False,False
1360176,Non-casualty (towaway),Non-casualty (towaway),2024,2024,August,Saturday,12:00 - 13:59,FULLERS,RD,0,Right on the spot,VIEW,LANE,CHATSWOOD,191.0,No,Not a school zone,T-junction,-33.795892,151.177404,Willoughby,Sydney metro. area,Syd-Newc-Woll Gtr conurbation,Straight,,,,Unknown / not stated,Sealed,Dry,Fine,Daylight,Nil,No right turn,50 km/h,State,21,Right through,202,Opp - Right-thru,,Other angle,Car (sedan/hatch),4 wheel drive / SUV,2,0,0,0,0,8,August,Winter,Saturday,12:00 - 13:59,Midday / afternoon,False,False,False,False
1360177,Non-casualty (towaway),Non-casualty (towaway),2024,2024,August,Friday,20:00 - 21:59,TOMAKIN,RD,0,Right on the spot,NUMBER 476,HN,TOMAKIN,,No,Not a school zone,2-way undivided,-35.809906,150.17682,Eurobodalla,Country non-urban,Rest of NSW - Rural,Straight,,,,Unknown / not stated,Sealed,Dry,Fine,Darkness,Nil,No traffic controls,100 km/h,Local,67,Struck animal,609,On path - Hit animal,,Vehicle - Animal,Car (sedan/hatch),,1,0,0,0,0,8,August,Winter,Friday,20:00 - 21:59,Evening / night,False,False,False,False
1360178,Non-casualty (towaway),Non-casualty (towaway),2024,2024,August,Monday,18:00 - 19:59,CENTENNIAL,AVE,10,West,GENTLE,ST,LANE COVE WEST,166.0,No,Not a school zone,T-junction,-33.812408,151.159197,Lane Cove,Sydney metro. area,Syd-Newc-Woll Gtr conurbation,Straight,,,,Unknown / not stated,Sealed,Wet,Overcast,Dusk,Nil,Stop sign,60 km/h,State,30,Rear end,301,Same - Rear end,,Rear end,4 wheel drive / SUV,Car (sedan/hatch),2,0,0,0,0,8,August,Winter,Monday,18:00 - 19:59,PM peak / evening commute,True,False,False,False
1360180,Non-casualty (towaway),Non-casualty (towaway),2024,2024,August,Monday,08:00 - 09:59,CARINGBAH,RD,0,Right on the spot,TAREN,RD,CARINGBAH SOUTH,,No,Not a school zone,X-intersection,-34.045634,151.11469,Sutherland,Sydney metro. area,Syd-Newc-Woll Gtr conurbation,Straight,,,,Unknown / not stated,Sealed,Dry,Overcast,Daylight,Nil,No traffic controls,50 km/h,Local,21,Right through,202,Opp - Right-thru,,Other angle,4 wheel drive / SUV,4 wheel drive / SUV,2,0,0,0,0,8,August,Winter,Monday,08:00 - 09:59,AM peak / school commute,True,False,False,False
1360184,Non-casualty (towaway),Non-casualty (towaway),2024,2024,August,Thursday,10:00 - 11:59,PACIFIC,HWY,0,Right on the spot,MILDON,RD,TUGGERAH,10.0,No,Not a school zone,Roundabout,-33.303441,151.420848,Central Coast,Country urban,Syd-Newc-Woll Gtr conurbation,Straight,,,,Unknown / not stated,Sealed,Wet,Overcast,Daylight,Nil,Give way sign,60 km/h,State,73,Off rd rght => obj,704,Right off cway into obj,,Vehicle - Object,Light truck utility(from 2018),,1,0,0,0,0,8,August,Winter,Thursday,10:00 - 11:59,Midday / afternoon,False,False,False,False
1360190,Non-casualty (towaway),Non-casualty (towaway),2024,2024,August,Friday,10:00 - 11:59,BARRIER,HWY,50000,West,THE WOOL,TRK,CUBBA,8.0,No,Not a school zone,2-way undivided,-31.550561,145.213792,Cobar,Country non-urban,Rest of NSW - Rural,Straight,Ditch/drain/culvert,,,Unknown / not stated,Sealed,Dry,Fine,Daylight,Nil,No traffic controls,110 km/h,State,72,Off road to right,702,Off carriageway to right,,Rollover,Light truck utility(from 2018),,1,0,0,0,0,8,August,Winter,Friday,10:00 - 11:59,Midday / afternoon,False,False,False,False