crash_id,degree_of_crash,degree_of_crash_-_detailed,reporting_year,year_of_crash,month_of_crash,day_of_week_of_crash,two-hour_intervals,street_of_crash,street_type,distance,direction,identifying_feature,identifying_feature_type,town,route_no.,school_zone_location,school_zone_active,type_of_location,latitude,longitude,lga,urbanisation,conurbation_1,alignment,primary_permanent_feature,primary_temporary_feature,primary_hazardous_feature,street_lighting,road_surface,surface_condition,weather,natural_lighting,signals_operation,other_traffic_control,speed_limit,road_classification_(admin),rum_-_code,rum_-_description,dca_-_code,dca_-_description,dca_supplement,first_impact_type,key_tu_type,other_tu_type,no._of_traffic_units_involved,no._killed,no._seriously_injured,no._moderately_injured,no._minor-other_injured,month_num,month_label,season,day_label,time_label,time_band,is_peak_commute,is_fatal,is_injury,is_casualty
1360191,Non-casualty (towaway),Non-casualty (towaway),2024,2024,August,Thursday,10:00 - 11:59,WAGGA,RD,0,Right on the spot,MCDONALD'S,ENT,LAVINGTON,688.0,No,Not a school zone,2-way undivided,-36.050561,146.935581,Albury,Country urban,Rest of NSW - Urban,Straight,Driveway/entrance,,,Unknown / not stated,Sealed,Dry,Fine,Daylight,Nil,Give way sign,60 km/h,Regional,31,Left rear,302,Same - Rear left,,Rear end,Car (sedan/hatch),Light truck utility(from 2018),2,0,0,0,0,8,August,Winter,Thursday,10:00 - 11:59,Midday / afternoon,False,False,False,False
1360193,Non-casualty (towaway),Non-casualty (towaway),2024,2024,August,Monday,20:00 - 21:59,MACARTHUR,ST,0,Right on the spot,THOMAS,ST,PARRAMATTA,7484.0,Yes,No,X-intersection,-33.811696,151.013962,Parramatta,Sydney metro. area,Syd-Newc-Woll Gtr conurbation,Straight,,,,Unknown / not stated,Sealed,Dry,Fine,Darkness,On,No traffic controls,60 km/h,Regional,10,Cross traffic,101,Adj - Cross traffic,,Right angle,Car (sedan/hatch),4 wheel drive / SUV,2,0,0,0,0,8,August,Winter,Monday,20:00 - 21:59,Evening / night,False,False,False,False
1360195,Non-casualty (towaway),Non-casualty (towaway),2024,2024,July,Friday,06:00 - 07:59,PONDAGE,MS,50,East,HILL,RD,SYDNEY OLYMPIC PARK,,No,Not a school zone,Divided road,-33.842212,151.059217,Parramatta,Sydney metro. area,Syd-Newc-Woll Gtr conurbation,Straight,Driveway/entrance,,,Unknown / not stated,Sealed,Dry,Fine,Daylight,Nil,No traffic controls,60 km/h,Local,49,Other manoeuvring,400,Manov - other,,Other angle,4 wheel drive / SUV,4 wheel drive / SUV,2,0,0,0,0,7,July,Winter,Friday,06:00 - 07:59,AM peak / school commute,True,False,False,False
1360199,Non-casualty (towaway),Non-casualty (towaway),2024,2024,August,Friday,08:00 - 09:59,SUNNYHOLT,RD,0,Right on the spot,STANHOPE,PKWY,STANHOPE GARDENS,642.0,No,Not a school zone,T-junction,-33.721437,150.93233,Blacktown,Sydney metro. area,Syd-Newc-Woll Gtr conurbation,Curved,,,,Unknown / not stated,Sealed,Dry,Fine,Daylight,On,Ped crossing,70 km/h,State,21,Right through,202,Opp - Right-thru,,Other angle,Light truck utility(from 2018),Large rigid,2,0,0,0,0,8,August,Winter,Friday,08:00 - 09:59,AM peak / school commute,True,False,False,False
1360204,Non-casualty (towaway),Non-casualty (towaway),2024,2024,April,Saturday,12:00 - 13:59,DUNNING,AVE,40,North,HAYES,RD,ROSEBERY,,No,Not a school zone,2-way undivided,-33.917244,151.201978,Sydney,Sydney metro. area,Syd-Newc-Woll Gtr conurbation,Straight,Driveway/entrance,,,Nil,Sealed,Dry,Fine,Daylight,Nil,No traffic controls,40 km/h,Local,40,U turn,207,Opp - U-turn,,Other angle,Car (sedan/hatch),Car (sedan/hatch),2,0,0,0,0,4,April,Autumn,Saturday,12:00 - 13:59,Midday / afternoon,False,False,False,False
1360208,Non-casualty (towaway),Non-casualty (towaway),2024,2024,April,Tuesday,18:00 - 19:59,CYGNET,AVE,0,Right on the spot,NUMBER 50,HN,BLACKBUTT,,No,Not a school zone,2-way undivided,-34.566108,150.832155,Shellharbour,Wollongong met. area,Syd-Newc-Woll Gtr conurbation,Straight,,,,On,Sealed,Dry,Fine,Darkness,Nil,No traffic controls,50 km/h,Local,71,Off rd left => obj,703,Left off cway into object,,Other angle,Passenger van,Car (sedan/hatch),3,0,0,0,0,4,April,Autumn,Tuesday,18:00 - 19:59,PM peak / evening commute,True,False,False,False
1360224,Non-casualty (towaway),Non-casualty (towaway),2024,2024,May,Tuesday,18:00 - 19:59,SOUTH DOWLING,ST,10,North,CHURCH,ST,PADDINGTON,593.0,No,Not a school zone,T-junction,-33.884598,151.218288,Sydney,Sydney metro. area,Syd-Newc-Woll Gtr conurbation,Straight,,,,On,Sealed,Wet,Raining,Darkness,Nil,No traffic controls,50 km/h,State,30,Rear end,301,Same - Rear end,,Rear end,4 wheel drive / SUV,4 wheel drive / SUV,2,0,0,0,0,5,May,Autumn,Tuesday,18:00 - 19:59,PM peak / evening commute,True,False,False,False
1360227,Non-casualty (towaway),Non-casualty (towaway),2024,2024,June,Saturday,10:00 - 11:59,CUNNINGHAM,ST,50,East,FAULKNER,ST,TWEED HEADS SOUTH,,No,Not a school zone,2-way undivided,-28.193676,153.537363,Tweed,Country urban,Rest of NSW - Urban,Straight,,,,Nil,Sealed,Dry,Fine,Daylight,Nil,No traffic controls,50 km/h,Local,73,Off rd rght => obj,704,Right off cway into obj,,Other angle,Car (sedan/hatch),Passenger van,3,0,0,0,0,6,June,Winter,Saturday,10:00 - 11:59,Midday / afternoon,False,False,False,False
1360229,Non-casualty (towaway),Non-casualty (towaway),2024,2024,May,Friday,04:00 - 05:59,GREAT WESTERN,HWY,0,Right on the spot,7-ELEVEN,ENT,ROOTY HILL,5.0,No,Not a school zone,Divided road,-33.78266,150.829064,Blacktown,Sydney metro. area,Syd-Newc-Woll Gtr conurbation,Straight,Driveway/entrance,,,On,Sealed,Dry,Fine,Dawn,Nil,No traffic controls,80 km/h,State,47,Emerging from drive,406,Manov - Emerging from driveway,,Right angle,B-double (road train prior 98),Light truck,2,0,0,0,0,5,May,Autumn,Friday,04:00 - 05:59,Late night / early morning,False,False,False,False
1360236,Non-casualty (towaway),Non-casualty (towaway),2024,2024,June,Wednesday,04:00 - 05:59,KINGSWAY,MS,50,West,CROYDON,ST,CRONULLA,227.0,No,Not a school zone,Divided road,-34.050969,151.151794,Sutherland,Sydney metro. area,Syd-Newc-Woll Gtr conurbation,Straight,,,,On,Sealed,Dry,Fine,Dawn,Nil,No traffic controls,60 km/h,State,71,Off rd left => obj,703,Left off cway into object,,Other angle,Station wagon,4 wheel drive / SUV,3,0,0,0,0,6,June,Winter,Wednesday,04:00 - 05:59,Late night / early morning,False,False,False,False
1360246,Non-casualty (towaway),Non-casualty (towaway),2024,2024,May,Wednesday,04:00 - 05:59,NEW ENGLAND,HWY,0,Right on the spot,NUMBER 228,HN,EAST MAITLAND,9.0,Yes,No,Divided road,-32.751379,151.585648,Maitland,Country urban,Rest of NSW - Urban,Straight,,,,On,Sealed,Wet,Fog or mist,Darkness,Nil,No traffic controls,60 km/h,State,71,Off rd left => obj,703,Left off cway into object,,Other angle,Car (sedan/hatch),Car (sedan/hatch),3,0,0,0,0,5,May,Autumn,Wednesday,04:00 - 05:59,Late night / early morning,False,False,False,False
1360266,Non-casualty (towaway),Non-casualty (towaway),2024,2024,June,Sunday,00:01 - 01:59,FAIRWATER,BVD,110,North,RICHMOND,RD,BLACKTOWN,,No,Not a school zone,2-way undivided,-33.762158,150.901651,Blacktown,Sydney metro. area,Syd-Newc-Woll Gtr conurbation,Curved,,,,On,Sealed,Dry,Fine,Darkness,Nil,No traffic controls,50 km/h,Local,42,Leaving parking,401,Manov - Leaving parking,,Other angle,Car (sedan/hatch),Car (sedan/hatch),2,0,0,0,0,6,June,Winter,Sunday,00:01 - 01:59,Late night / early morning,False,False,False,False
1360286,Non-casualty (towaway),Non-casualty (towaway),2024,2024,July,Monday,18:00 - 19:59,OXLEY,HWY,0,Right on the spot,HASTINGS RIVER,DR,PORT MACQUARIE,11.0,No,Not a school zone,X-intersection,-31.434823,152.90016,Port Macquarie-Hastings,Country urban,Rest of NSW - Urban,Straight,,,,On,Sealed,Dry,Fine,Darkness,On,No traffic controls,60 km/h,Regional,71,Off rd left => obj,703,Left off cway into object,,Vehicle - Object,Car (sedan/hatch),,1,0,0,0,0,7,July,Winter,Monday,18:00 - 19:59,PM peak / evening commute,True,False,False,False
1360291,Non-casualty (towaway),Non-casualty (towaway),2024,2024,July,Tuesday,20:00 - 21:59,JAMES,ST,0,Right on the spot,MARK,ST,LIDCOMBE,,No,Not a school zone,Roundabout,-33.866357,151.045274,Cumberland,Sydney metro. area,Syd-Newc-Woll Gtr conurbation,Straight,,,,On,Sealed,Dry,Fine,Darkness,Nil,Give way sign,50 km/h,Local,11,Right far,102,Adj - Right-thru from left,,Right angle,Car (sedan/hatch),Light truck utility(from 2018),2,0,0,0,0,7,July,Winter,Tuesday,20:00 - 21:59,Evening / night,False,False,False,False
1360352,Non-casualty (towaway),Non-casualty (towaway),2024,2024,July,Wednesday,14:00 - 15:59,BERNERA,RD,150,South,YARRAWA,ST,PRESTONS,7262.0,No,Not a school zone,Divided road,-33.935857,150.868633,Liverpool,Sydney metro. area,Syd-Newc-Woll Gtr conurbation,Straight,,,,Nil,Sealed,Dry,Fine,Daylight,Nil,No traffic controls,60 km/h,Regional,34,Lane change right,306,Same - Lane change right,,Other angle,Large rigid,Car (sedan/hatch),2,0,0,0,0,7,July,Winter,Wednesday,14:00 - 15:59,Midday / afternoon,False,False,False,False
1360366,Non-casualty (towaway),Non-casualty (towaway),2024,2024,August,Friday,20:00 - 21:59,CALDWELL,AVE,0,Right on the spot,CHARLES,RD,TARRAWANNA,,No,Not a school zone,X-intersection,-34.382608,150.893924,Wollongong,Wollongong met. area,Syd-Newc-Woll Gtr conurbation,Curved,,Police pursuit,,On,Sealed,Dry,Fine,Darkness,Nil,No traffic controls,50 km/h,Local,81,Off left/rt bnd=>obj,707,Right turn,Left,Vehicle - Object,Car (sedan/hatch),,1,0,0,0,0,8,August,Winter,Friday,20:00 - 21:59,Evening / night,False,False,False,False
1360414,Non-casualty (towaway),Non-casualty (towaway),2024,2024,June,Thursday,10:00 - 11:59,PACIFIC,HWY,1000,North,TAREAN ROAD,OP,KARUAH,10.0,No,Not a school zone,Divided road,-32.640963,151.930068,Port Stephens,Country urban,Rest of NSW - Urban,Straight,,Roadwks/Detour/Diverson,,Nil,Sealed,Dry,Fine,Daylight,Nil,No traffic controls,60 km/h,State,30,Rear end,301,Same - Rear end,,Rear end,Light truck utility(from 2018),Large rigid,2,0,0,0,0,6,June,Winter,Thursday,10:00 - 11:59,Midday / afternoon,False,False,False,False
1360429,Non-casualty (towaway),Non-casualty (towaway),2024,2024,August,Sunday,00:01 - 01:59,MARKET,ST,30,South,MARION,ST,BANKSTOWN,,No,Not a school zone,2-way undivided,-33.917491,151.021436,Canterbury-Bankstown,Sydney metro. area,Syd-Newc-Woll Gtr conurbation,Straight,,,,On,Sealed,Dry,Fine,Darkness,Nil,No traffic controls,60 km/h,Local,71,Off rd left => obj,703,Left off cway into object,,Other angle,4 wheel drive / SUV,4 wheel drive / SUV,4,0,0,0,0,8,August,Winter,Sunday,00:01 - 01:59,Late night / early morning,False,False,False,False
1360445,Non-casualty (towaway),Non-casualty (towaway),2024,2024,August,Friday,22:00 - Midnight,ROPER,RD,0,Right on the spot,WESTERN,EXP,ST CLAIR,629.0,No,Not a school zone,T-junction,-33.792305,150.80757,Penrith,Sydney metro. area,Syd-Newc-Woll Gtr conurbation,Curved,,,,Off,Sealed,Dry,Fine,Darkness,On,No traffic controls,60 km/h,State,36,Right turn sideswipe,308,Same - Rgt turn side swipe,,Other angle,Car (sedan/hatch),Semi-trailer,2,0,0,0,0,8,August,Winter,Friday,22:00 - Midnight,Evening / night,False,False,False,False
1360448,Non-casualty (towaway),Non-casualty (towaway),2024,2024,July,Sunday,04:00 - 05:59,MELBOURNE,ST,0,Right on the spot,NUMBER 25,HN,ABERDARE,,No,Not a school zone,2-way undivided,-32.836493,151.36679,Cessnock,Country urban,Rest of NSW - Urban,Straight,,,,On,Sealed,Dry,Fog or mist,Darkness,Nil,No traffic controls,50 km/h,Local,71,Off rd left => obj,703,Left off cway into object,,Vehicle - Object,4 wheel drive / SUV,,2,0,0,0,0,7,July,Winter,Sunday,04:00 - 05:59,Late night / early morning,False,False,False,False
1360454,Non-casualty (towaway),Non-casualty (towaway),2024,2024,August,Monday,06:00 - 07:59,FIVE ISLANDS,RD,0,Right on the spot,SPRINGHILL,RD,CRINGILA,295.0,No,Not a school zone,T-junction,-34.465605,150.871613,Wollongong,Wollongong met. area,Syd-Newc-Woll Gtr conurbation,Straight,,,,Off,Sealed,Dry,Fine,Dawn,On,No traffic controls,80 km/h,State,30,Rear end,301,Same - Rear end,,Rear end,Car (sedan/hatch),Light truck utility(from 2018),2,0,0,0,0,8,August,Winter,Monday,06:00 - 07:59,AM peak / school commute,True,False,False,False
1360462,Non-casualty (towaway),Non-casualty (towaway),2024,2024,August,Saturday,14:00 - 15:59,NEWCASTLE,EXP,520,South,WYONG,RD,TUGGERAH,6003.0,No,Not a school zone,Dual freeway,-33.309352,151.400654,Central Coast,Country non-urban,Syd-Newc-Woll Gtr conurbation,Straight,Steep grade,,,Off,Sealed,Dry,Fine,Daylight,Nil,No traffic controls,110 km/h,State,33,Lane sideswipe,305,Same - Lane side swipe,,Other angle,Car (sedan/hatch),Car (sedan/hatch),2,0,0,0,0,8,August,Winter,Saturday,14:00 - 15:59,Midday / afternoon,False,False,False,False
1360472,Non-casualty (towaway),Non-casualty (towaway),2024,2024,August,Sunday,14:00 - 15:59,COLLINS,LANE,80,North,PHEENY,LANE,CASUARINA,,No,Not a school zone,2-way undivided,-28.306032,153.571608,Tweed,Country urban,Rest of NSW - Urban,Straight,,,,Off,Sealed,Dry,Fine,Daylight,Nil,No traffic controls,50 km/h,Local,71,Off rd left => obj,703,Left off cway into object,,Other angle,Light truck utility(from 2018),4 wheel drive / SUV,2,0,0,0,0,8,August,Winter,Sunday,14:00 - 15:59,Midday / afternoon,False,False,False,False
1360474,Non-casualty (towaway),Non-casualty (towaway),2024,2024,August,Wednesday,18:00 - 19:59,PITT TOWN,RD,50,South,SAUNDERS,RD,PITT TOWN,181.0,No,Not a school zone,2-way undivided,-33.604884,150.856646,Hawkesbury,Country urban,Syd-Newc-Woll Gtr conurbation,Straight,,,,Nil,Sealed,Wet,Raining,Darkness,Nil,No traffic controls,80 km/h,State,71,Off rd left => obj,703,Left off cway into object,,Vehicle - Object,Light truck utility(from 2018),,1,0,0,0,0,8,August,Winter,Wednesday,18:00 - 19:59,PM peak / evening commute,True,False,False,False
1360475,Non-casualty (towaway),Non-casualty (towaway),2024,2024,August,Thursday,16:00 - 17:59,OLD WINDSOR,RD,0,Right on the spot,SAMANTHA RILEY,DR,KELLYVILLE,635.0,No,Not a school zone,X-intersection,-33.711947,150.93363,The Hills,Sydney metro. area,Syd-Newc-Woll Gtr conurbation,Straight,,,,On,Sealed,Dry,Fine,Daylight,On,No traffic controls,80 km/h,State,30,Rear end,301,Same - Rear end,,Rear end,Light truck,Car (sedan/hatch),2,0,0,0,0,8,August,Winter,Thursday,16:00 - 17:59,PM peak / evening commute,True,False,False,False
1360482,Non-casualty (towaway),Non-casualty (towaway),2024,2024,August,Saturday,18:00 - 19:59,BIRDSALL,AVE,0,Right on the spot,NUMBER 45,HN,CONDELL PARK,,Yes,No,2-way undivided,-33.926156,151.013764,Canterbury-Bankstown,Sydney metro. area,Syd-Newc-Woll Gtr conurbation,Straight,,,,On,Sealed,Dry,Fine,Darkness,Nil,No traffic controls,50 km/h,Local,49,Other manoeuvring,400,Manov - other,,Other angle,Unknown type,Car (sedan/hatch),2,0,0,0,0,8,August,Winter,Saturday,18:00 - 19:59,PM peak / evening commute,True,False,False,False
1360495,Non-casualty (towaway),Non-casualty (towaway),2024,2024,August,Monday,14:00 - 15:59,GLENDON,RD,10,South,CARLOTTA,RD,DOUBLE BAY,,No,Not a school zone,X-intersection,-33.879071,151.246008,Woollahra,Sydney metro. area,Syd-Newc-Woll Gtr conurbation,Straight,,,,On,Sealed,Dry,Fine,Daylight,Nil,Give way sign,50 km/h,Local,49,Other manoeuvring,400,Manov - other,,Other angle,Unknown type,4 wheel drive / SUV,2,0,0,0,0,8,August,Winter,Monday,14:00 - 15:59,Midday / afternoon,False,False,False,False
1360510,Non-casualty (towaway),Non-casualty (towaway),2024,2024,August,Sunday,14:00 - 15:59,PACIFIC,HWY,522,North,COOPERABUNG,CL,COOPERABUNG,10.0,No,Not a school zone,Divided road,-31.290742,152.819242,Port Macquarie-Hastings,Country non-urban,Rest of NSW - Rural,Curved,,,,Nil,Sealed,Dry,Fine,Daylight,Nil,No traffic controls,110 km/h,State,88,Out of cont on bend,805,Out of control on bend,,Rollover,Light truck utility(from 2018),,1,0,0,0,0,8,August,Winter,Sunday,14:00 - 15:59,Midday / afternoon,False,False,False,False
1360526,Non-casualty (towaway),Non-casualty (towaway),2024,2024,June,Tuesday,02:00 - 03:59,CHAPEL,ST,30,East,SHORT,ST,KOGARAH,,No,Not a school zone,2-way undivided,-33.967813,151.134647,Georges River,Sydney metro. area,Syd-Newc-Woll Gtr conurbation,Straight,,,,On,Sealed,Dry,Fine,Darkness,Nil,No traffic controls,50 km/h,Local,49,Other manoeuvring,400,Manov - other,,Other angle,Light truck utility(from 2018),4 wheel drive / SUV,2,0,0,0,0,6,June,Winter,Tuesday,02:00 - 03:59,Late night / early morning,False,False,False,False
1360537,Non-casualty (towaway),Non-casualty (towaway),2024,2024,August,Wednesday,18:00 - 19:59,FERN,ST,50,North,BELINDA,ST,GERRINGONG,,No,Not a school zone,2-way undivided,-34.746729,150.827278,Kiama,Country urban,Rest of NSW - Urban,Straight,Steep grade,,,On,Sealed,Wet,Fine,Darkness,Nil,No traffic controls,40 km/h,Local,93,Pkd veh runaway=>obj,906,Parked vehicle ran away,,Vehicle - Object,Station wagon,,1,0,0,0,0,8,August,Winter,Wednesday,18:00 - 19:59,PM peak / evening commute,True,False,False,False
1360556,Non-casualty (towaway),Non-casualty (towaway),2024,2024,August,Wednesday,18:00 - 19:59,ROBERTS,RD,0,Right on the spot,MOONDO,ST,GREENACRE,200.0,No,Not a school zone,T-junction,-33.905148,151.064155,Canterbury-Bankstown,Sydney metro. area,Syd-Newc-Woll Gtr conurbation,Straight,,,,On,Sealed,Dry,Fine,Darkness,Unknown / not stated,No traffic controls,70 km/h,State,33,Lane sideswipe,305,Same - Lane side swipe,,Other angle,Car (sedan/hatch),Car (sedan/hatch),2,0,0,0,0,8,August,Winter,Wednesday,18:00 - 19:59,PM peak / evening commute,True,False,False,False
1360559,Non-casualty (towaway),Non-casualty (towaway),2024,2024,July,Monday,14:00 - 15:59,CARLTON,CRES,50,East,PROSPECT,RD,SUMMER HILL,2028.0,No,Not a school zone,2-way undivided,-33.889838,151.13284,Inner West,Sydney metro. area,Syd-Newc-Woll Gtr conurbation,Straight,,,,Nil,Sealed,Dry,Fine,Daylight,Nil,No traffic controls,50 km/h,Regional,71,Off rd left => obj,703,Left off cway into object,,Other angle,Car (sedan/hatch),Car (sedan/hatch),4,0,0,0,0,7,July,Winter,Monday,14:00 - 15:59,Midday / afternoon,False,False,False,False
1360589,Non-casualty (towaway),Non-casualty (towaway),2024,2024,August,Sunday,00:01 - 01:59,MOSS,ST,0,Right on the spot,SUTHERLAND,ST,KINGSCLIFF,,Yes,No,T-junction,-28.260717,153.579636,Tweed,Country urban,Rest of NSW - Urban,Curved,Steep grade,,,On,Sealed,Dry,Fine,Darkness,Nil,Give way sign,50 km/h,Local,81,Off left/rt bnd=>obj,803,Off right bend into obj,Left,Vehicle - Object,Motorcycle,,1,0,0,0,0,8,August,Winter,Sunday,00:01 - 01:59,Late night / early morning,False,False,False,False
1360596,Non-casualty (towaway),Non-casualty (towaway),2024,2024,August,Monday,22:00 - Midnight,MACQUARIE,ST,0,Right on the spot,SINGLETON,ST,BELMONT,527.0,No,Not a school zone,T-junction,-33.035973,151.659396,Lake Macquarie,Newcastle met. area,Syd-Newc-Woll Gtr conurbation,Straight,,,,On,Sealed,Dry,Fine,Darkness,On,No traffic controls,40 km/h,State,71,Off rd left => obj,703,Left off cway into object,,Vehicle - Object,Light truck,,1,0,0,0,0,8,August,Winter,Monday,22:00 - Midnight,Evening / night,False,False,False,False
1360603,Non-casualty (towaway),Non-casualty (towaway),2024,2024,August,Monday,06:00 - 07:59,GOW,ST,0,Right on the spot,NUMBER 84,HN,PADSTOW,,No,Not a school zone,2-way undivided,-33.937163,151.031901,Canterbury-Bankstown,Sydney metro. area,Syd-Newc-Woll Gtr conurbation,Straight,,,,On,Sealed,Dry,Fine,Daylight,Nil,No traffic controls,50 km/h,Local,71,Off rd left => obj,703,Left off cway into object,,Other angle,Semi-trailer,Car (sedan/hatch),2,0,0,0,0,8,August,Winter,Monday,06:00 - 07:59,AM peak / school commute,True,False,False,False
1360608,Non-casualty (towaway),Non-casualty (towaway),2024,2024,July,Tuesday,12:00 - 13:59,JORDAN,PL,20,South,DUNN,ST,QUEANBEYAN WEST,,No,Not a school zone,2-way undivided,-35.355874,149.207561,Queanbeyan-Palerang Regional,Country urban,Rest of NSW - Urban,Straight,,,,Off,Sealed,Dry,Fine,Daylight,Nil,No traffic controls,50 km/h,Local,20,Head on,201,Opp - Head on,,Head-on,4 wheel drive / SUV,Light truck utility(from 2018),2,0,0,0,0,7,July,Winter,Tuesday,12:00 - 13:59,Midday / afternoon,False,False,False,False
1360614,Non-casualty (towaway),Non-casualty (towaway),2024,2024,July,Saturday,14:00 - 15:59,TURRAWAN,RD,800,South,MAULES CREEK,RD,TURRAWAN,,No,Not a school zone,2-way undivided,-30.402945,149.895197,Narrabri,Country non-urban,Rest of NSW - Rural,Curved,,,,Nil,Sealed,Wet,Overcast,Daylight,Nil,No traffic controls,100 km/h,Local,88,Out of cont on bend,805,Out of control on bend,,Rollover,Large rigid,,1,0,0,0,0,7,July,Winter,Saturday,14:00 - 15:59,Midday / afternoon,False,False,False,False
1360615,Non-casualty (towaway),Non-casualty (towaway),2024,2024,August,Sunday,02:00 - 03:59,GRAYS,LANE,0,Right on the spot,TANNER,LANE,TYAGARAH,,No,Not a school zone,T-junction,-28.598847,153.545538,Byron,Country urban,Rest of NSW - Urban,Curved,,,,Nil,Sealed,Dry,Fine,Darkness,Nil,No traffic controls,60 km/h,Local,75,Off end of road,709,Off end cway or T junct,,Vehicle - Object,Car (sedan/hatch),,1,0,0,0,0,8,August,Winter,Sunday,02:00 - 03:59,Late night / early morning,False,False,False,False
1360625,Non-casualty (towaway),Non-casualty (towaway),2024,2024,March,Wednesday,04:00 - 05:59,VICTORIA,RD,10,West,ROSE BAY,AVE,BELLEVUE HILL,,Yes,No,T-junction,-33.873011,151.251284,Woollahra,Sydney metro. area,Syd-Newc-Woll Gtr conurbation,Curved,Steep grade,,,Off,Sealed,Dry,Fine,Darkness,Nil,No traffic controls,50 km/h,Local,87,Off lft/lft bnd=>obj,804,Off left bend into obj,Left,Other angle,4 wheel drive / SUV,Car (sedan/hatch),3,0,0,0,0,3,March,Autumn,Wednesday,04:00 - 05:59,Late night / early morning,False,False,False,False
1360632,Non-casualty (towaway),Non-casualty (towaway),2024,2024,April,Wednesday,16:00 - 17:59,COBB,HWY,0,Right on the spot,BARMAH,RD,MOAMA,21.0,No,Not a school zone,T-junction,-36.008086,144.819273,Murray River,Country non-urban,Rest of NSW - Rural,Straight,,,,Unknown / not stated,Sealed,Dry,Fine,Dusk,Nil,Give way sign,100 km/h,State,32,Right rear,303,Same - Rear right,,Rear end,Light truck utility(from 2018),Light truck utility(from 2018),2,0,0,0,0,4,April,Autumn,Wednesday,16:00 - 17:59,PM peak / evening commute,True,False,False,False
1360636,Non-casualty (towaway),Non-casualty (towaway),2024,2024,May,Monday,10:00 - 11:59,SPRINGWOOD,RD,3600,South,RIVATTS,DR,HAWKESBURY HEIGHTS,570.0,No,Not a school zone,2-way undivided,-33.665227,150.655263,Blue Mountains,Country urban,Syd-Newc-Woll Gtr conurbation,Curved,Steep grade,,,Unknown / not stated,Sealed,Dry,Fine,Daylight,Nil,No traffic controls,60 km/h,State,20,Head on,201,Opp - Head on,,Head-on,Utility,4 wheel drive / SUV,4,0,0,0,0,5,May,Autumn,Monday,10:00 - 11:59,Midday / afternoon,False,False,False,False
1360640,Non-casualty (towaway),Non-casualty (towaway),2024,2024,August,Thursday,18:00 - 19:59,SOUTH WESTERN,EXP,280,East,KING GEORGES ROAD,OP,BEVERLY HILLS,6005.0,No,Not a school zone,Dual freeway,-33.942231,151.079963,Canterbury-Bankstown,Sydney metro. area,Syd-Newc-Woll Gtr conurbation,Straight,,,,Unknown / not stated,Sealed,Dry,Fine,Darkness,Nil,No traffic controls,90 km/h,State,69,Other on path,600,On path - Other,,Vehicle - Object,Car (sedan/hatch),,1,0,0,0,0,8,August,Winter,Thursday,18:00 - 19:59,PM peak / evening commute,True,False,False,False
1360642,Non-casualty (towaway),Non-casualty (towaway),2024,2024,August,Tuesday,08:00 - 09:59,FOREST,RD,10,West,DUNMORE,ST,BEXLEY,168.0,No,Not a school zone,T-junction,-33.950739,151.125772,Bayside,Sydney metro. area,Syd-Newc-Woll Gtr conurbation,Straight,,,,Unknown / not stated,Sealed,Dry,Fine,Daylight,Nil,No traffic controls,60 km/h,State,42,Leaving parking,401,Manov - Leaving parking,,Other angle,Car (sedan/hatch),Car (sedan/hatch),2,0,0,0,0,8,August,Winter,Tuesday,08:00 - 09:59,AM peak / school commute,True,False,False,False
1360650,Non-casualty (towaway),Non-casualty (towaway),2024,2024,August,Sunday,18:00 - 19:59,GROSE VALE,RD,60,North,WESTBURY,RD,GROSE VALE,7212.0,No,Not a school zone,2-way undivided,-33.567854,150.650889,Hawkesbury,Country urban,Syd-Newc-Woll Gtr conurbation,Curved,Embankment/cutting,,,Unknown / not stated,Sealed,Dry,Fine,Dusk,Nil,No traffic controls,60 km/h,Regional,87,Off lft/lft bnd=>obj,804,Off left bend into obj,Left,Vehicle - Object,4 wheel drive / SUV,,1,0,0,0,0,8,August,Winter,Sunday,18:00 - 19:59,PM peak / evening commute,True,False,False,False
1360653,Non-casualty (towaway),Non-casualty (towaway),2024,2024,August,Friday,14:00 - 15:59,URALLA,RD,100,West,MOORE,ST,ARMIDALE,76.0,No,Not a school zone,2-way undivided,-30.524329,151.633114,Armidale Regional,Country urban,Rest of NSW - Urban,Straight,Steep grade,,,Unknown / not stated,Sealed,Dry,Fine,Daylight,Nil,No traffic controls,80 km/h,State,30,Rear end,301,Same - Rear end,,Rear end,4 wheel drive / SUV,Car (sedan/hatch),2,0,0,0,0,8,August,Winter,Friday,14:00 - 15:59,Midday / afternoon,False,False,False,False
1360655,Non-casualty (towaway),Non-casualty (towaway),2024,2024,August,Tuesday,16:00 - 17:59,PRINCES,HWY,200,South,ROTHERY,ST,CORRIMAL,1.0,No,Not a school zone,Divided road,-34.368717,150.902636,Wollongong,Wollongong met. area,Syd-Newc-Woll Gtr conurbation,Straight,,,,Unknown / not stated,Sealed,Dry,Fine,Dusk,Nil,No traffic controls,80 km/h,State,30,Rear end,301,Same - Rear end,,Rear end,4 wheel drive / SUV,Car (sedan/hatch),3,0,0,0,0,8,August,Winter,Tuesday,16:00 - 17:59,PM peak / evening commute,True,False,False,False