crash_id,degree_of_crash,degree_of_crash_-_detailed,reporting_year,year_of_crash,month_of_crash,day_of_week_of_crash,two-hour_intervals,street_of_crash,street_type,distance,direction,identifying_feature,identifying_feature_type,town,route_no.,school_zone_location,school_zone_active,type_of_location,latitude,longitude,lga,urbanisation,conurbation_1,alignment,primary_permanent_feature,primary_temporary_feature,primary_hazardous_feature,street_lighting,road_surface,surface_condition,weather,natural_lighting,signals_operation,other_traffic_control,speed_limit,road_classification_(admin),rum_-_code,rum_-_description,dca_-_code,dca_-_description,dca_supplement,first_impact_type,key_tu_type,other_tu_type,no._of_traffic_units_involved,no._killed,no._seriously_injured,no._moderately_injured,no._minor-other_injured,month_num,month_label,season,day_label,time_label,time_band,is_peak_commute,is_fatal,is_injury,is_casualty
1360656,Non-casualty (towaway),Non-casualty (towaway),2024,2024,July,Saturday,10:00 - 11:59,SOUTH DOWLING,ST,50,South,FLINDERS,ST,SURRY HILLS,593.0,No,Not a school zone,1-way street,-33.885683,151.218045,Sydney,Sydney metro. area,Syd-Newc-Woll Gtr conurbation,Straight,,,,Unknown / not stated,Sealed,Dry,Fine,Daylight,Nil,No traffic controls,60 km/h,State,30,Rear end,301,Same - Rear end,,Rear end,4 wheel drive / SUV,Light truck,2,0,0,0,0,7,July,Winter,Saturday,10:00 - 11:59,Midday / afternoon,False,False,False,False
1360657,Non-casualty (towaway),Non-casualty (towaway),2024,2024,August,Thursday,08:00 - 09:59,SMITH,ST,0,Right on the spot,BUDGET PETROL STATION,ENT,SOUTH PENRITH,,No,Not a school zone,2-way undivided,-33.767024,150.702706,Penrith,Sydney metro. area,Syd-Newc-Woll Gtr conurbation,Straight,Driveway/entrance,,,Unknown / not stated,Sealed,Dry,Fine,Daylight,Nil,No traffic controls,50 km/h,Local,47,Emerging from drive,406,Manov - Emerging from driveway,,Right angle,Car (sedan/hatch),4 wheel drive / SUV,2,0,0,0,0,8,August,Winter,Thursday,08:00 - 09:59,AM peak / school commute,True,False,False,False
1360659,Non-casualty (towaway),Non-casualty (towaway),2024,2024,August,Wednesday,16:00 - 17:59,APPIN,RD,972,East,BADEN POWELL,DR,CATARACT,177.0,No,Not a school zone,2-way undivided,-34.244824,150.844663,Wollondilly,Country non-urban,Syd-Newc-Woll Gtr conurbation,Straight,,,,Unknown / not stated,Sealed,Wet,Raining,Daylight,Nil,No traffic controls,90 km/h,State,71,Off rd left => obj,703,Left off cway into object,,Vehicle - Object,4 wheel drive / SUV,,1,0,0,0,0,8,August,Winter,Wednesday,16:00 - 17:59,PM peak / evening commute,True,False,False,False
1360662,Non-casualty (towaway),Non-casualty (towaway),2024,2024,August,Saturday,16:00 - 17:59,CARRABEEN,ST,0,Right on the spot,HEATH,ST,EVANS HEAD,,No,Not a school zone,X-intersection,-29.108849,153.429651,Richmond Valley,Country urban,Rest of NSW - Urban,Straight,,,,Unknown / not stated,Sealed,Dry,Fine,Dusk,Nil,Give way sign,50 km/h,Local,10,Cross traffic,101,Adj - Cross traffic,,Right angle,4 wheel drive / SUV,Passenger van,2,0,0,0,0,8,August,Winter,Saturday,16:00 - 17:59,PM peak / evening commute,True,False,False,False
1360663,Non-casualty (towaway),Non-casualty (towaway),2024,2024,August,Saturday,08:00 - 09:59,COWPER,ST,0,Right on the spot,GREENE,ST,WARRAWONG,,No,Not a school zone,T-junction,-34.484893,150.880822,Wollongong,Wollongong met. area,Syd-Newc-Woll Gtr conurbation,Curved,,,,Unknown / not stated,Sealed,Dry,Fine,Daylight,Nil,Give way sign,50 km/h,Local,16,Left near,107,Adj - Left-thru from right,,Right angle,Light truck utility(from 2018),Car (sedan/hatch),2,0,0,0,0,8,August,Winter,Saturday,08:00 - 09:59,AM peak / school commute,True,False,False,False
1360667,Non-casualty (towaway),Non-casualty (towaway),2024,2024,August,Friday,06:00 - 07:59,ELDERSLIE,RD,0,Right on the spot,NUMBER 1327,HN,MITCHELLS FLAT,453.0,No,Not a school zone,2-way undivided,-32.559051,151.317307,Singleton,Country urban,Rest of NSW - Urban,Curved,,,,Unknown / not stated,Sealed,Dry,Fine,Dawn,Nil,No traffic controls,80 km/h,Regional,81,Off left/rt bnd=>obj,803,Off right bend into obj,Left,Vehicle - Object,Light truck utility(from 2018),,1,0,0,0,0,8,August,Winter,Friday,06:00 - 07:59,AM peak / school commute,True,False,False,False
1360669,Non-casualty (towaway),Non-casualty (towaway),2024,2024,August,Friday,06:00 - 07:59,PICTON,RD,300,East,GREENWAY,PDE,WILTON,95.0,No,Not a school zone,Divided road,-34.23643,150.684449,Wollondilly,Country urban,Syd-Newc-Woll Gtr conurbation,Straight,,,,Unknown / not stated,Sealed,Dry,Fine,Daylight,Nil,No traffic controls,80 km/h,State,33,Lane sideswipe,305,Same - Lane side swipe,,Other angle,Large rigid,Light truck utility(from 2018),2,0,0,0,0,8,August,Winter,Friday,06:00 - 07:59,AM peak / school commute,True,False,False,False
1360672,Non-casualty (towaway),Non-casualty (towaway),2024,2024,August,Sunday,12:00 - 13:59,KARIMBLA,RD,0,Right on the spot,WOONAH,ST,MIRANDA,,No,Not a school zone,T-junction,-34.037764,151.106826,Sutherland,Sydney metro. area,Syd-Newc-Woll Gtr conurbation,Straight,,,,Unknown / not stated,Sealed,Dry,Overcast,Daylight,Nil,No traffic controls,50 km/h,Local,12,Left far,103,Adj - Left-thru from left,,Right angle,Light truck utility(from 2018),Car (sedan/hatch),2,0,0,0,0,8,August,Winter,Sunday,12:00 - 13:59,Midday / afternoon,False,False,False,False
1360674,Non-casualty (towaway),Non-casualty (towaway),2024,2024,August,Monday,10:00 - 11:59,HUGHES,AVE,0,Right on the spot,NUMBER 20,HN,MASCOT,,No,Not a school zone,2-way undivided,-33.922988,151.193973,Bayside,Sydney metro. area,Syd-Newc-Woll Gtr conurbation,Straight,,,,Unknown / not stated,Sealed,Dry,Fine,Daylight,Nil,No traffic controls,50 km/h,Local,73,Off rd rght => obj,704,Right off cway into obj,,Vehicle - Object,Car (sedan/hatch),,1,0,0,0,0,8,August,Winter,Monday,10:00 - 11:59,Midday / afternoon,False,False,False,False
1360676,Non-casualty (towaway),Non-casualty (towaway),2024,2024,August,Saturday,22:00 - Midnight,NEWCASTLE,EXP,15,South,PACIFIC HIGHWAY,OP,WAHROONGA,6003.0,No,Not a school zone,Dual freeway,-33.71883,151.109852,Ku-ring-gai,Sydney metro. area,Syd-Newc-Woll Gtr conurbation,Straight,,,,Unknown / not stated,Sealed,Dry,Fine,Darkness,Nil,No traffic controls,80 km/h,State,71,Off rd left => obj,703,Left off cway into object,,Vehicle - Object,Car (sedan/hatch),,1,0,0,0,0,8,August,Winter,Saturday,22:00 - Midnight,Evening / night,False,False,False,False
1360680,Non-casualty (towaway),Non-casualty (towaway),2024,2024,August,Monday,14:00 - 15:59,BROUGHTON,RD,0,Right on the spot,NUMBER 54-56,HN,STRATHFIELD,2057.0,No,Not a school zone,2-way undivided,-33.869936,151.080803,Strathfield,Sydney metro. area,Syd-Newc-Woll Gtr conurbation,Straight,Driveway/entrance,,,Unknown / not stated,Sealed,Dry,Fine,Daylight,Nil,No traffic controls,50 km/h,Regional,21,Right through,202,Opp - Right-thru,,Other angle,Light truck utility(from 2018),4 wheel drive / SUV,2,0,0,0,0,8,August,Winter,Monday,14:00 - 15:59,Midday / afternoon,False,False,False,False
1360682,Non-casualty (towaway),Non-casualty (towaway),2024,2024,August,Sunday,18:00 - 19:59,AUBREEN,ST,0,Right on the spot,TELOPEA,ST,COLLAROY PLATEAU,,Yes,No,Roundabout,-33.731018,151.292513,Northern Beaches,Sydney metro. area,Syd-Newc-Woll Gtr conurbation,Straight,,,,Unknown / not stated,Sealed,Dry,Fine,Darkness,Nil,Give way sign,50 km/h,Local,10,Cross traffic,101,Adj - Cross traffic,,Right angle,Light truck utility(from 2018),4 wheel drive / SUV,2,0,0,0,0,8,August,Winter,Sunday,18:00 - 19:59,PM peak / evening commute,True,False,False,False
1360685,Non-casualty (towaway),Non-casualty (towaway),2024,2024,August,Saturday,14:00 - 15:59,SUNNYHOLT,RD,10,South,SECOND,AVE,BLACKTOWN,642.0,No,Not a school zone,T-junction,-33.767325,150.912505,Blacktown,Sydney metro. area,Syd-Newc-Woll Gtr conurbation,Straight,,,,Unknown / not stated,Sealed,Dry,Fine,Daylight,Nil,No traffic controls,60 km/h,State,30,Rear end,301,Same - Rear end,,Rear end,Car (sedan/hatch),Car (sedan/hatch),2,0,0,0,0,8,August,Winter,Saturday,14:00 - 15:59,Midday / afternoon,False,False,False,False
1360686,Non-casualty (towaway),Non-casualty (towaway),2024,2024,August,Monday,20:00 - 21:59,NARELLAN,RD,340,East,HUME,HWY,CAMPBELLTOWN,178.0,No,Not a school zone,Divided road,-34.064066,150.788137,Campbelltown,Sydney metro. area,Syd-Newc-Woll Gtr conurbation,Straight,,,,Unknown / not stated,Sealed,Dry,Fine,Darkness,Nil,No traffic controls,80 km/h,State,71,Off rd left => obj,703,Left off cway into object,,Vehicle - Object,Car (sedan/hatch),,1,0,0,0,0,8,August,Winter,Monday,20:00 - 21:59,Evening / night,False,False,False,False
1360687,Non-casualty (towaway),Non-casualty (towaway),2024,2024,August,Friday,14:00 - 15:59,EAST MARKET,ST,0,Right on the spot,LENNOX,ST,RICHMOND,537.0,No,Not a school zone,X-intersection,-33.600674,150.750954,Hawkesbury,Country urban,Syd-Newc-Woll Gtr conurbation,Straight,,,,Unknown / not stated,Sealed,Dry,Fine,Daylight,On,No traffic controls,60 km/h,State,10,Cross traffic,101,Adj - Cross traffic,,Right angle,Light truck utility(from 2018),Light truck utility(from 2018),2,0,0,0,0,8,August,Winter,Friday,14:00 - 15:59,Midday / afternoon,False,False,False,False
1360688,Non-casualty (towaway),Non-casualty (towaway),2024,2024,August,Friday,12:00 - 13:59,GOODALL,ST,0,Right on the spot,STAPLETON,ST,PENDLE HILL,7257.0,No,Not a school zone,T-junction,-33.803543,150.958232,Cumberland,Sydney metro. area,Syd-Newc-Woll Gtr conurbation,Straight,,,,Unknown / not stated,Sealed,Dry,Fine,Daylight,Nil,Stop sign,50 km/h,Regional,20,Head on,201,Opp - Head on,,Head-on,Car (sedan/hatch),Car (sedan/hatch),2,0,0,0,0,8,August,Winter,Friday,12:00 - 13:59,Midday / afternoon,False,False,False,False
1360690,Non-casualty (towaway),Non-casualty (towaway),2024,2024,August,Tuesday,06:00 - 07:59,SHELLHARBOUR,RD,0,Right on the spot,SUNSET,AVE,BARRACK HEIGHTS,522.0,No,Not a school zone,T-junction,-34.557793,150.859493,Shellharbour,Wollongong met. area,Syd-Newc-Woll Gtr conurbation,Curved,,,,Unknown / not stated,Sealed,Dry,Fine,Daylight,On,No traffic controls,70 km/h,State,21,Right through,202,Opp - Right-thru,,Other angle,Station wagon,Car (sedan/hatch),2,0,0,0,0,8,August,Winter,Tuesday,06:00 - 07:59,AM peak / school commute,True,False,False,False
1360691,Non-casualty (towaway),Non-casualty (towaway),2024,2024,August,Thursday,10:00 - 11:59,THE GROVE,MS,0,Right on the spot,NUMBER 44,HN,FAIRFIELD,,No,Not a school zone,2-way undivided,-33.878874,150.945303,Fairfield,Sydney metro. area,Syd-Newc-Woll Gtr conurbation,Straight,,,,Unknown / not stated,Sealed,Dry,Fine,Daylight,Nil,No traffic controls,50 km/h,Local,49,Other manoeuvring,400,Manov - other,,Other angle,Car (sedan/hatch),Car (sedan/hatch),2,0,0,0,0,8,August,Winter,Thursday,10:00 - 11:59,Midday / afternoon,False,False,False,False
1360696,Non-casualty (towaway),Non-casualty (towaway),2024,2024,August,Thursday,18:00 - 19:59,PACIFIC,HWY,500,South,TWEED VALLEY WAY,OP,CHINDERAH,10.0,No,Not a school zone,Divided road,-28.260058,153.528144,Tweed,Country non-urban,Rest of NSW - Rural,Straight,,,,Unknown / not stated,Sealed,Wet,Raining,Darkness,Nil,No traffic controls,110 km/h,State,66,Object on road,607,On path - Hit temp object,,Vehicle - Object,Car (sedan/hatch),,1,0,0,0,0,8,August,Winter,Thursday,18:00 - 19:59,PM peak / evening commute,True,False,False,False
1360700,Non-casualty (towaway),Non-casualty (towaway),2024,2024,August,Thursday,14:00 - 15:59,YAMBA,RD,0,Right on the spot,MICALO,RD,MICALO ISLAND,152.0,No,Not a school zone,T-junction,-29.430555,153.309754,Clarence Valley,Country urban,Rest of NSW - Urban,Curved,,,,Unknown / not stated,Sealed,Dry,Fine,Daylight,Nil,No traffic controls,70 km/h,Regional,32,Right rear,303,Same - Rear right,,Rear end,Large rigid,Car (sedan/hatch),2,0,0,0,0,8,August,Winter,Thursday,14:00 - 15:59,Midday / afternoon,False,False,False,False
1360701,Non-casualty (towaway),Non-casualty (towaway),2024,2024,August,Friday,10:00 - 11:59,MACAULEY,AVE,0,Right on the spot,MARSHALL,ST,BANKSTOWN,7124.0,No,Not a school zone,T-junction,-33.924161,151.032723,Canterbury-Bankstown,Sydney metro. area,Syd-Newc-Woll Gtr conurbation,Straight,,,,Unknown / not stated,Sealed,Dry,Fine,Daylight,On,No traffic controls,60 km/h,Regional,13,Right near,104,Adj - Right-thru from right,,Right angle,Car (sedan/hatch),Car (sedan/hatch),2,0,0,0,0,8,August,Winter,Friday,10:00 - 11:59,Midday / afternoon,False,False,False,False
1360703,Non-casualty (towaway),Non-casualty (towaway),2024,2024,July,Monday,08:00 - 09:59,COLLING,RD,3000,East,BULGA,RD,ELANDS,,No,Not a school zone,2-way undivided,-31.632116,152.302512,Mid-Coast,Country non-urban,Rest of NSW - Rural,Straight,,,,Unknown / not stated,Unsealed,Dry,Fine,Daylight,Nil,No traffic controls,100 km/h,Local,79,Other straight,700,Other straight,,Vehicle - Object,4 wheel drive / SUV,,1,0,0,0,0,7,July,Winter,Monday,08:00 - 09:59,AM peak / school commute,True,False,False,False
1360705,Non-casualty (towaway),Non-casualty (towaway),2024,2024,August,Saturday,12:00 - 13:59,PROGRESS,ST,0,Right on the spot,NUMBER 7,HN,TAHMOOR,,No,Not a school zone,2-way undivided,-34.223403,150.59419,Wollondilly,Country urban,Syd-Newc-Woll Gtr conurbation,Straight,,,,Unknown / not stated,Sealed,Dry,Fine,Daylight,Nil,No traffic controls,50 km/h,Local,40,U turn,304,Same - U-turn,,Other angle,Light truck utility(from 2018),Car (sedan/hatch),2,0,0,0,0,8,August,Winter,Saturday,12:00 - 13:59,Midday / afternoon,False,False,False,False
1360707,Non-casualty (towaway),Non-casualty (towaway),2024,2024,August,Monday,16:00 - 17:59,SOUTH WESTERN,EXP,500,East,HEATHCOTE ROAD,OP,HAMMONDVILLE,6005.0,No,Not a school zone,Dual freeway,-33.94369,150.947505,Liverpool,Sydney metro. area,Syd-Newc-Woll Gtr conurbation,Straight,,,,Unknown / not stated,Sealed,Dry,Fine,Daylight,Nil,No traffic controls,100 km/h,State,30,Rear end,301,Same - Rear end,,Rear end,Light truck utility(from 2018),Car (sedan/hatch),2,0,0,0,0,8,August,Winter,Monday,16:00 - 17:59,PM peak / evening commute,True,False,False,False
1360710,Non-casualty (towaway),Non-casualty (towaway),2024,2024,August,Sunday,14:00 - 15:59,MCGIRR,PDE,0,Right on the spot,NUMBER 16,HN,WARWICK FARM,,No,Not a school zone,2-way undivided,-33.912544,150.929578,Liverpool,Sydney metro. area,Syd-Newc-Woll Gtr conurbation,Straight,,,,Unknown / not stated,Sealed,Dry,Fine,Daylight,Nil,No traffic controls,50 km/h,Local,71,Off rd left => obj,703,Left off cway into object,,Other angle,4 wheel drive / SUV,Light truck utility(from 2018),2,0,0,0,0,8,August,Winter,Sunday,14:00 - 15:59,Midday / afternoon,False,False,False,False
1360716,Non-casualty (towaway),Non-casualty (towaway),2024,2024,August,Tuesday,20:00 - 21:59,HILLCREST,AVE,0,Right on the spot,MIMOSA,RD,GREENACRE,,No,Not a school zone,Roundabout,-33.909502,151.047221,Canterbury-Bankstown,Sydney metro. area,Syd-Newc-Woll Gtr conurbation,Straight,,,,Unknown / not stated,Sealed,Dry,Fine,Darkness,Nil,Give way sign,50 km/h,Local,33,Lane sideswipe,305,Same - Lane side swipe,,Other angle,Car (sedan/hatch),4 wheel drive / SUV,2,0,0,0,0,8,August,Winter,Tuesday,20:00 - 21:59,Evening / night,False,False,False,False
1360718,Non-casualty (towaway),Non-casualty (towaway),2024,2024,August,Tuesday,18:00 - 19:59,COOMA,RD,0,Right on the spot,ELLERTON,DR,KARABAR,584.0,No,Not a school zone,X-intersection,-35.37892,149.236366,Queanbeyan-Palerang Regional,Country urban,Rest of NSW - Urban,Curved,,,,Unknown / not stated,Sealed,Dry,Fine,Darkness,On,No traffic controls,60 km/h,Regional,31,Left rear,302,Same - Rear left,,Rear end,Car (sedan/hatch),Car (sedan/hatch),2,0,0,0,0,8,August,Winter,Tuesday,18:00 - 19:59,PM peak / evening commute,True,False,False,False
1360719,Non-casualty (towaway),Non-casualty (towaway),2024,2024,August,Sunday,18:00 - 19:59,COWPASTURE,RD,50,South,AVIATION,RD,ELIZABETH HILLS,648.0,No,Not a school zone,Divided road,-33.905764,150.854938,Liverpool,Sydney metro. area,Syd-Newc-Woll Gtr conurbation,Straight,,,,Unknown / not stated,Sealed,Dry,Fine,Darkness,Nil,No traffic controls,70 km/h,State,30,Rear end,301,Same - Rear end,,Rear end,Car (sedan/hatch),4 wheel drive / SUV,2,0,0,0,0,8,August,Winter,Sunday,18:00 - 19:59,PM peak / evening commute,True,False,False,False
1360725,Non-casualty (towaway),Non-casualty (towaway),2024,2024,August,Monday,06:00 - 07:59,GREAT WESTERN,HWY,0,Right on the spot,BERITH,RD,GREYSTANES,5.0,No,Not a school zone,X-intersection,-33.813192,150.958651,Cumberland,Sydney metro. area,Syd-Newc-Woll Gtr conurbation,Straight,,,,Unknown / not stated,Sealed,Dry,Fine,Dawn,On,No traffic controls,80 km/h,State,30,Rear end,301,Same - Rear end,,Rear end,Light truck,4 wheel drive / SUV,3,0,0,0,0,8,August,Winter,Monday,06:00 - 07:59,AM peak / school commute,True,False,False,False
1360726,Non-casualty (towaway),Non-casualty (towaway),2024,2024,August,Friday,16:00 - 17:59,NEWFOUNDLAND,WAY,0,Right on the spot,NUMBER 15,HN,BOX HILL,,No,Not a school zone,2-way undivided,-33.640613,150.890288,The Hills,Sydney metro. area,Syd-Newc-Woll Gtr conurbation,Straight,,,,Unknown / not stated,Sealed,Dry,Fine,Daylight,Nil,No traffic controls,50 km/h,Local,71,Off rd left => obj,703,Left off cway into object,,Other angle,Motorcycle,Car (sedan/hatch),2,0,0,0,0,8,August,Winter,Friday,16:00 - 17:59,PM peak / evening commute,True,False,False,False
1360729,Non-casualty (towaway),Non-casualty (towaway),2024,2024,August,Friday,04:00 - 05:59,LOFTUS,RD,0,Right on the spot,NORRIE,ST,YENNORA,,No,Not a school zone,T-junction,-33.860888,150.969363,Cumberland,Sydney metro. area,Syd-Newc-Woll Gtr conurbation,Straight,,,,Unknown / not stated,Sealed,Dry,Fine,Darkness,Nil,No traffic controls,50 km/h,Local,13,Right near,104,Adj - Right-thru from right,,Right angle,4 wheel drive / SUV,Car (sedan/hatch),2,0,0,0,0,8,August,Winter,Friday,04:00 - 05:59,Late night / early morning,False,False,False,False
1360733,Non-casualty (towaway),Non-casualty (towaway),2024,2024,July,Tuesday,16:00 - 17:59,WESTBROOK,RD,0,Right on the spot,NUMBER 1312,HN,ESSINGTON,,No,Not a school zone,2-way undivided,-33.755862,149.645869,Oberon,Country non-urban,Rest of NSW - Rural,Straight,Embankment/cutting,,,Unknown / not stated,Unsealed,Wet,Raining,Daylight,Nil,No traffic controls,100 km/h,Local,72,Off road to right,702,Off carriageway to right,,Rollover,Light truck utility(from 2018),,1,0,0,0,0,7,July,Winter,Tuesday,16:00 - 17:59,PM peak / evening commute,True,False,False,False
1360743,Non-casualty (towaway),Non-casualty (towaway),2024,2024,August,Tuesday,08:00 - 09:59,ADELAIDE,ST,0,Right on the spot,CONSTITUTION,RD,WEST RYDE,,No,Not a school zone,T-junction,-33.813968,151.081512,Ryde,Sydney metro. area,Syd-Newc-Woll Gtr conurbation,Straight,Crest,,,Unknown / not stated,Sealed,Dry,Fine,Daylight,Nil,Give way sign,50 km/h,Local,21,Right through,202,Opp - Right-thru,,Other angle,Car (sedan/hatch),Light truck,2,0,0,0,0,8,August,Winter,Tuesday,08:00 - 09:59,AM peak / school commute,True,False,False,False
1360747,Non-casualty (towaway),Non-casualty (towaway),2024,2024,August,Tuesday,18:00 - 19:59,GREENVIEW,PDE,0,Right on the spot,THE PONDS,RD,THE PONDS,,No,Not a school zone,Roundabout,-33.69873,150.912622,Blacktown,Sydney metro. area,Syd-Newc-Woll Gtr conurbation,Straight,,,,Unknown / not stated,Sealed,Dry,Fine,Darkness,Nil,Give way sign,50 km/h,Local,16,Left near,107,Adj - Left-thru from right,,Right angle,Car (sedan/hatch),Light truck utility(from 2018),2,0,0,0,0,8,August,Winter,Tuesday,18:00 - 19:59,PM peak / evening commute,True,False,False,False
1360748,Non-casualty (towaway),Non-casualty (towaway),2024,2024,August,Saturday,08:00 - 09:59,KELLY,ST,0,Right on the spot,LITTLE,ST,AUSTRAL,,No,Not a school zone,X-intersection,-33.938764,150.793993,Liverpool,Sydney metro. area,Syd-Newc-Woll Gtr conurbation,Straight,,,,Unknown / not stated,Sealed,Dry,Fine,Daylight,Nil,Give way sign,50 km/h,Local,10,Cross traffic,101,Adj - Cross traffic,,Right angle,Car (sedan/hatch),Light truck,2,0,0,0,0,8,August,Winter,Saturday,08:00 - 09:59,AM peak / school commute,True,False,False,False
1360752,Non-casualty (towaway),Non-casualty (towaway),2024,2024,July,Friday,22:00 - Midnight,DENING,ST,0,Right on the spot,THE ENTRANCE,RD,THE ENTRANCE,,No,Not a school zone,T-junction,-33.344678,151.4964,Central Coast,Country urban,Syd-Newc-Woll Gtr conurbation,Straight,,,,Unknown / not stated,Sealed,Dry,Fine,Darkness,On,Ped crossing,50 km/h,Local,16,Left near,107,Adj - Left-thru from right,,Right angle,Light truck utility(from 2018),Car (sedan/hatch),2,0,0,0,0,7,July,Winter,Friday,22:00 - Midnight,Evening / night,False,False,False,False
1360753,Non-casualty (towaway),Non-casualty (towaway),2024,2024,August,Tuesday,12:00 - 13:59,ELLERSLIE,RD,0,Right on the spot,NUMBER 46,HN,ADAMSTOWN HEIGHTS,,No,Not a school zone,2-way undivided,-32.952701,151.709913,Lake Macquarie,Newcastle met. area,Syd-Newc-Woll Gtr conurbation,Straight,Driveway/entrance,,,Unknown / not stated,Sealed,Dry,Fine,Daylight,Nil,No traffic controls,50 km/h,Local,47,Emerging from drive,406,Manov - Emerging from driveway,,Right angle,Car (sedan/hatch),Car (sedan/hatch),2,0,0,0,0,8,August,Winter,Tuesday,12:00 - 13:59,Midday / afternoon,False,False,False,False
1360757,Non-casualty (towaway),Non-casualty (towaway),2024,2024,August,Saturday,14:00 - 15:59,TRADEWINDS,AVE,0,Right on the spot,NUMBER 25,HN,SUSSEX INLET,,No,Not a school zone,2-way undivided,-35.148884,150.590252,Shoalhaven,Country urban,Rest of NSW - Urban,Straight,Foot/cycle path/nature strip,,,Unknown / not stated,Sealed,Dry,Fine,Daylight,Nil,No traffic controls,50 km/h,Local,71,Off rd left => obj,703,Left off cway into object,,Other angle,Light truck utility(from 2018),4 wheel drive / SUV,3,0,0,0,0,8,August,Winter,Saturday,14:00 - 15:59,Midday / afternoon,False,False,False,False
1360758,Non-casualty (towaway),Non-casualty (towaway),2024,2024,August,Saturday,14:00 - 15:59,CANTERBURY,RD,0,Right on the spot,NUMBER 122,HN,BANKSTOWN,167.0,No,Not a school zone,2-way undivided,-33.934042,151.030194,Canterbury-Bankstown,Sydney metro. area,Syd-Newc-Woll Gtr conurbation,Straight,,,,Unknown / not stated,Sealed,Dry,Fine,Daylight,Nil,No traffic controls,60 km/h,State,35,Lane change left,307,Same - Lane change left,,Other angle,4 wheel drive / SUV,Car (sedan/hatch),2,0,0,0,0,8,August,Winter,Saturday,14:00 - 15:59,Midday / afternoon,False,False,False,False
1360760,Non-casualty (towaway),Non-casualty (towaway),2024,2024,August,Friday,18:00 - 19:59,OLD SOUTH HEAD,RD,0,Right on the spot,OSULLIVAN,RD,BONDI BEACH,339.0,No,Not a school zone,Multiple intersection,-33.885109,151.267869,Waverley,Sydney metro. area,Syd-Newc-Woll Gtr conurbation,Curved,Steep grade,,,Unknown / not stated,Sealed,Dry,Fine,Dusk,On,No traffic controls,50 km/h,State,21,Right through,202,Opp - Right-thru,,Other angle,4 wheel drive / SUV,Passenger van,2,0,0,0,0,8,August,Winter,Friday,18:00 - 19:59,PM peak / evening commute,True,False,False,False
1360761,Non-casualty (towaway),Non-casualty (towaway),2024,2024,August,Saturday,14:00 - 15:59,MACQUARIE,RD,0,Right on the spot,NUMBER 1,HN,INGLEBURN,7198.0,No,Not a school zone,2-way undivided,-33.99496,150.874921,Campbelltown,Sydney metro. area,Syd-Newc-Woll Gtr conurbation,Straight,,,,Unknown / not stated,Sealed,Dry,Fine,Daylight,Nil,Give way sign,60 km/h,Regional,35,Lane change left,307,Same - Lane change left,,Other angle,4 wheel drive / SUV,Passenger van,2,0,0,0,0,8,August,Winter,Saturday,14:00 - 15:59,Midday / afternoon,False,False,False,False
1360764,Non-casualty (towaway),Non-casualty (towaway),2024,2024,August,Wednesday,14:00 - 15:59,JOHN,ST,0,Right on the spot,LAKE,ST,WARNERS BAY,,No,Not a school zone,X-intersection,-32.972891,151.644747,Lake Macquarie,Newcastle met. area,Syd-Newc-Woll Gtr conurbation,Straight,,,,Unknown / not stated,Sealed,Dry,Fine,Daylight,Nil,Give way sign,40 km/h,Local,10,Cross traffic,101,Adj - Cross traffic,,Right angle,Car (sedan/hatch),Light truck utility(from 2018),2,0,0,0,0,8,August,Winter,Wednesday,14:00 - 15:59,Midday / afternoon,False,False,False,False
1360765,Non-casualty (towaway),Non-casualty (towaway),2024,2024,August,Wednesday,10:00 - 11:59,GENERAL HOLMES,DR,500,West,FORESHORE,RD,MASCOT,194.0,No,Not a school zone,Divided road,-33.94571,151.182842,Bayside,Sydney metro. area,Syd-Newc-Woll Gtr conurbation,Curved,,,,Unknown / not stated,Sealed,Dry,Fine,Daylight,Nil,No traffic controls,70 km/h,State,30,Rear end,301,Same - Rear end,,Rear end,Semi-trailer,Car (sedan/hatch),3,0,0,0,0,8,August,Winter,Wednesday,10:00 - 11:59,Midday / afternoon,False,False,False,False
1360767,Non-casualty (towaway),Non-casualty (towaway),2024,2024,August,Friday,18:00 - 19:59,BRISBANE,RD,10,West,BRISBANE,RD,ST JOHNS PARK,7224.0,No,Not a school zone,T-junction,-33.875255,150.901978,Fairfield,Sydney metro. area,Syd-Newc-Woll Gtr conurbation,Straight,,,,Unknown / not stated,Sealed,Dry,Fine,Darkness,Nil,Give way sign,60 km/h,Regional,42,Leaving parking,401,Manov - Leaving parking,,Other angle,Car (sedan/hatch),4 wheel drive / SUV,2,0,0,0,0,8,August,Winter,Friday,18:00 - 19:59,PM peak / evening commute,True,False,False,False
1360770,Non-casualty (towaway),Non-casualty (towaway),2024,2024,August,Thursday,16:00 - 17:59,BUNGENDORE,RD,0,Right on the spot,ELLERTON,DR,QUEANBEYAN EAST,52.0,No,Not a school zone,Roundabout,-35.34822,149.245302,Queanbeyan-Palerang Regional,Country urban,Rest of NSW - Urban,Straight,,,,Unknown / not stated,Sealed,Dry,Fine,Daylight,Nil,Give way sign,60 km/h,State,49,Other manoeuvring,400,Manov - other,,Other angle,Light truck utility(from 2018),Car (sedan/hatch),2,0,0,0,0,8,August,Winter,Thursday,16:00 - 17:59,PM peak / evening commute,True,False,False,False