crash_id,degree_of_crash,degree_of_crash_-_detailed,reporting_year,year_of_crash,month_of_crash,day_of_week_of_crash,two-hour_intervals,street_of_crash,street_type,distance,direction,identifying_feature,identifying_feature_type,town,route_no.,school_zone_location,school_zone_active,type_of_location,latitude,longitude,lga,urbanisation,conurbation_1,alignment,primary_permanent_feature,primary_temporary_feature,primary_hazardous_feature,street_lighting,road_surface,surface_condition,weather,natural_lighting,signals_operation,other_traffic_control,speed_limit,road_classification_(admin),rum_-_code,rum_-_description,dca_-_code,dca_-_description,dca_supplement,first_impact_type,key_tu_type,other_tu_type,no._of_traffic_units_involved,no._killed,no._seriously_injured,no._moderately_injured,no._minor-other_injured,month_num,month_label,season,day_label,time_label,time_band,is_peak_commute,is_fatal,is_injury,is_casualty
1360771,Non-casualty (towaway),Non-casualty (towaway),2024,2024,August,Thursday,06:00 - 07:59,EPPING,RD,250,East,HERRING,RD,MACQUARIE PARK,373.0,No,Not a school zone,Divided road,-33.783152,151.115675,Ryde,Sydney metro. area,Syd-Newc-Woll Gtr conurbation,Straight,,,,Unknown / not stated,Sealed,Dry,Fine,Daylight,Nil,No traffic controls,70 km/h,State,39,Other same direction,300,Same - other,,Other angle,4 wheel drive / SUV,Car (sedan/hatch),2,0,0,0,0,8,August,Winter,Thursday,06:00 - 07:59,AM peak / school commute,True,False,False,False
1360778,Non-casualty (towaway),Non-casualty (towaway),2024,2024,August,Saturday,16:00 - 17:59,BERNERA,RD,0,Right on the spot,BOMADERRY,DR,PRESTONS,7262.0,No,Not a school zone,X-intersection,-33.950035,150.865753,Liverpool,Sydney metro. area,Syd-Newc-Woll Gtr conurbation,Straight,,,,Unknown / not stated,Sealed,Dry,Fine,Dusk,Off,No traffic controls,60 km/h,Regional,35,Lane change left,307,Same - Lane change left,,Other angle,Car (sedan/hatch),Car (sedan/hatch),2,0,0,0,0,8,August,Winter,Saturday,16:00 - 17:59,PM peak / evening commute,True,False,False,False
1360779,Non-casualty (towaway),Non-casualty (towaway),2024,2024,August,Friday,18:00 - 19:59,EMPIRE,CCT,0,Right on the spot,SYDNEY SMITH,DR,PENRITH,,No,Not a school zone,X-intersection,-33.746346,150.70077,Penrith,Sydney metro. area,Syd-Newc-Woll Gtr conurbation,Straight,,,,Unknown / not stated,Sealed,Dry,Fine,Dusk,Nil,Stop sign,50 km/h,Local,10,Cross traffic,101,Adj - Cross traffic,,Right angle,Car (sedan/hatch),Car (sedan/hatch),2,0,0,0,0,8,August,Winter,Friday,18:00 - 19:59,PM peak / evening commute,True,False,False,False
1360780,Non-casualty (towaway),Non-casualty (towaway),2024,2024,August,Sunday,14:00 - 15:59,OLD GUNDAGAI,RD,100,South,OLYMPIC,HWY,WALLENDBEEN,,No,Not a school zone,2-way undivided,-34.559709,148.133509,Cootamundra-Gundagai,Country non-urban,Rest of NSW - Rural,Curved,Painted double centre lines,,,Unknown / not stated,Sealed,Wet,Overcast,Daylight,Nil,No traffic controls,100 km/h,Local,85,Off rt/lft bnd=>obj,804,Off left bend into obj,Right,Vehicle - Object,4 wheel drive / SUV,,1,0,0,0,0,8,August,Winter,Sunday,14:00 - 15:59,Midday / afternoon,False,False,False,False
1360782,Non-casualty (towaway),Non-casualty (towaway),2024,2024,August,Sunday,14:00 - 15:59,OLD COOTAMUNDRA,RD,2300,West,SUTTONS,LANE,COOTAMUNDRA,,No,Not a school zone,2-way undivided,-34.598516,147.965321,Cootamundra-Gundagai,Country non-urban,Rest of NSW - Rural,Straight,,,,Unknown / not stated,Sealed,Wet,Raining,Daylight,Nil,No traffic controls,100 km/h,Local,73,Off rd rght => obj,704,Right off cway into obj,,Vehicle - Object,Light truck utility(from 2018),,1,0,0,0,0,8,August,Winter,Sunday,14:00 - 15:59,Midday / afternoon,False,False,False,False
1360784,Non-casualty (towaway),Non-casualty (towaway),2024,2024,August,Thursday,14:00 - 15:59,GOOBARAH,RD,0,Right on the spot,WOOLOOWARE,RD,BURRANEER,,No,Not a school zone,T-junction,-34.067415,151.137741,Sutherland,Sydney metro. area,Syd-Newc-Woll Gtr conurbation,Straight,,,,Unknown / not stated,Sealed,Dry,Fine,Daylight,Nil,No traffic controls,50 km/h,Local,53,Overtake turning,506,Ovtak - Overtaking right turn,,Other angle,Car (sedan/hatch),4 wheel drive / SUV,2,0,0,0,0,8,August,Winter,Thursday,14:00 - 15:59,Midday / afternoon,False,False,False,False
1360786,Non-casualty (towaway),Non-casualty (towaway),2024,2024,August,Tuesday,06:00 - 07:59,OLD WINDSOR,RD,0,Right on the spot,FITZWILLIAM,RD,OLD TOONGABBIE,635.0,No,Not a school zone,T-junction,-33.786505,150.972983,Parramatta,Sydney metro. area,Syd-Newc-Woll Gtr conurbation,Straight,,,,Unknown / not stated,Sealed,Dry,Fine,Daylight,On,Stop sign,80 km/h,State,39,Other same direction,300,Same - other,,Other angle,Light truck,4 wheel drive / SUV,2,0,0,0,0,8,August,Winter,Tuesday,06:00 - 07:59,AM peak / school commute,True,False,False,False
1360793,Non-casualty (towaway),Non-casualty (towaway),2024,2024,April,Monday,18:00 - 19:59,GLEDSWOOD HILLS,DR,10,East,SILVESTER,WAY,GLEDSWOOD HILLS,,No,Not a school zone,T-junction,-34.013902,150.78204,Camden,Sydney metro. area,Syd-Newc-Woll Gtr conurbation,Straight,,,,On,Sealed,Dry,Fine,Dusk,Nil,Give way sign,50 km/h,Local,85,Off rt/lft bnd=>obj,706,Left turn,Right,Other angle,4 wheel drive / SUV,Car (sedan/hatch),2,0,0,0,0,4,April,Autumn,Monday,18:00 - 19:59,PM peak / evening commute,True,False,False,False
1360803,Non-casualty (towaway),Non-casualty (towaway),2024,2024,May,Saturday,16:00 - 17:59,RITCHIE,ST,168,East,ROCKY POINT,RD,SANS SOUCI,,No,Not a school zone,2-way undivided,-33.988604,151.136248,Bayside,Sydney metro. area,Syd-Newc-Woll Gtr conurbation,Straight,,,,Nil,Sealed,Wet,Raining,Dusk,Nil,No traffic controls,50 km/h,Local,40,U turn,304,Same - U-turn,,Other angle,Car (sedan/hatch),4 wheel drive / SUV,4,0,0,0,0,5,May,Autumn,Saturday,16:00 - 17:59,PM peak / evening commute,True,False,False,False
1360813,Non-casualty (towaway),Non-casualty (towaway),2024,2024,April,Monday,18:00 - 19:59,BATHURST,ST,10,East,MCDONNELL,ST,CONDOBOLIN,,No,Not a school zone,Roundabout,-33.088815,147.149838,Lachlan,Country urban,Rest of NSW - Urban,Straight,,,,On,Sealed,Dry,Fine,Darkness,Nil,Give way sign,40 km/h,Local,73,Off rd rght => obj,704,Right off cway into obj,,Other angle,Car (sedan/hatch),4 wheel drive / SUV,2,0,0,0,0,4,April,Autumn,Monday,18:00 - 19:59,PM peak / evening commute,True,False,False,False
1360842,Non-casualty (towaway),Non-casualty (towaway),2024,2024,July,Tuesday,16:00 - 17:59,DEVLIN,ST,0,Right on the spot,VICTORIA ROAD,OP,RYDE,200.0,No,Not a school zone,Divided road,-33.81571,151.103087,Ryde,Sydney metro. area,Syd-Newc-Woll Gtr conurbation,Straight,Underpass/tunnel,,,Nil,Sealed,Dry,Fine,Dusk,Nil,No traffic controls,60 km/h,State,30,Rear end,301,Same - Rear end,,Rear end,Car (sedan/hatch),Car (sedan/hatch),4,0,0,0,0,7,July,Winter,Tuesday,16:00 - 17:59,PM peak / evening commute,True,False,False,False
1360852,Non-casualty (towaway),Non-casualty (towaway),2024,2024,June,Thursday,22:00 - Midnight,FERGUS,RD,30,West,COOMA,ST,QUEANBEYAN,,No,Not a school zone,2-way undivided,-35.361922,149.233314,Queanbeyan-Palerang Regional,Country urban,Rest of NSW - Urban,Straight,,,,Nil,Sealed,Dry,Fine,Darkness,Nil,No traffic controls,50 km/h,Local,71,Off rd left => obj,703,Left off cway into object,,Other angle,Car (sedan/hatch),Car (sedan/hatch),2,0,0,0,0,6,June,Winter,Thursday,22:00 - Midnight,Evening / night,False,False,False,False
1360860,Non-casualty (towaway),Non-casualty (towaway),2024,2024,July,Monday,06:00 - 07:59,MOOREFIELDS,RD,90,East,ROGERS,ST,ROSELANDS,2021.0,No,Not a school zone,2-way undivided,-33.937218,151.081617,Canterbury-Bankstown,Sydney metro. area,Syd-Newc-Woll Gtr conurbation,Straight,,,,Off,Sealed,Dry,Fine,Daylight,Nil,No traffic controls,50 km/h,Regional,71,Off rd left => obj,703,Left off cway into object,,Other angle,Light truck utility(from 2018),Car (sedan/hatch),2,0,0,0,0,7,July,Winter,Monday,06:00 - 07:59,AM peak / school commute,True,False,False,False
1360879,Non-casualty (towaway),Non-casualty (towaway),2024,2024,July,Wednesday,00:01 - 01:59,AWABA,RD,310,West,MILFORD,ST,TORONTO,220.0,Yes,No,2-way undivided,-33.010362,151.583153,Lake Macquarie,Newcastle met. area,Syd-Newc-Woll Gtr conurbation,Straight,Steep grade,,,On,Sealed,Dry,Fine,Darkness,Nil,No traffic controls,60 km/h,State,71,Off rd left => obj,703,Left off cway into object,,Vehicle - Object,4 wheel drive / SUV,,1,0,0,0,0,7,July,Winter,Wednesday,00:01 - 01:59,Late night / early morning,False,False,False,False
1360884,Non-casualty (towaway),Non-casualty (towaway),2024,2024,August,Saturday,16:00 - 17:59,BONDS,RD,0,Right on the spot,NUMBER 86,HN,PEAKHURST,7006.0,No,Not a school zone,2-way undivided,-33.956913,151.062162,Georges River,Sydney metro. area,Syd-Newc-Woll Gtr conurbation,Straight,,,,Nil,Sealed,Dry,Fine,Daylight,Nil,No traffic controls,50 km/h,Regional,42,Leaving parking,401,Manov - Leaving parking,,Other angle,Unknown motor vehicle,Car (sedan/hatch),2,0,0,0,0,8,August,Winter,Saturday,16:00 - 17:59,PM peak / evening commute,True,False,False,False
1360891,Non-casualty (towaway),Non-casualty (towaway),2024,2024,August,Thursday,12:00 - 13:59,CANTERBURY,RD,30,West,BONDS,CNR,PUNCHBOWL,167.0,No,Not a school zone,2-way undivided,-33.931709,151.059764,Canterbury-Bankstown,Sydney metro. area,Syd-Newc-Woll Gtr conurbation,Straight,Driveway/entrance,,,Off,Sealed,Dry,Overcast,Daylight,Nil,No traffic controls,60 km/h,State,47,Emerging from drive,406,Manov - Emerging from driveway,,Right angle,Car (sedan/hatch),Car (sedan/hatch),2,0,0,0,0,8,August,Winter,Thursday,12:00 - 13:59,Midday / afternoon,False,False,False,False
1360932,Non-casualty (towaway),Non-casualty (towaway),2024,2024,July,Saturday,22:00 - Midnight,GLENDENNING,RD,60,South,JAMES,ST,GLENDENNING,7160.0,No,Not a school zone,2-way undivided,-33.746792,150.853537,Blacktown,Sydney metro. area,Syd-Newc-Woll Gtr conurbation,Straight,,,,On,Sealed,Wet,Fine,Darkness,Nil,No traffic controls,60 km/h,Regional,73,Off rd rght => obj,704,Right off cway into obj,,Vehicle - Object,Car (sedan/hatch),,1,0,0,0,0,7,July,Winter,Saturday,22:00 - Midnight,Evening / night,False,False,False,False
1360961,Non-casualty (towaway),Non-casualty (towaway),2024,2024,August,Sunday,02:00 - 03:59,GEORGE,ST,0,Right on the spot,NUMBER 142,HN,BATHURST,,No,Not a school zone,2-way undivided,-33.420755,149.5728,Bathurst Regional,Country urban,Rest of NSW - Urban,Straight,,,,Unknown / not stated,Sealed,Unknown,Unknown,Darkness,Nil,No traffic controls,50 km/h,Local,71,Off rd left => obj,703,Left off cway into object,,Other angle,4 wheel drive / SUV,Car (sedan/hatch),2,0,0,0,0,8,August,Winter,Sunday,02:00 - 03:59,Late night / early morning,False,False,False,False
1360969,Non-casualty (towaway),Non-casualty (towaway),2024,2024,August,Tuesday,04:00 - 05:59,HUME,HWY,150,South,EAST STREET,OP,EAST ALBURY,2.0,No,Not a school zone,Divided road,-36.092204,146.923583,Albury,Country non-urban,Rest of NSW - Rural,Curved,,,,On,Sealed,Dry,Fine,Darkness,Nil,No traffic controls,110 km/h,State,87,Off lft/lft bnd=>obj,804,Off left bend into obj,Left,Vehicle - Object,Car (sedan/hatch),,1,0,0,0,0,8,August,Winter,Tuesday,04:00 - 05:59,Late night / early morning,False,False,False,False
1360972,Non-casualty (towaway),Non-casualty (towaway),2024,2024,August,Sunday,10:00 - 11:59,CHLORIDE,ST,0,Right on the spot,CUMMINS,ST,BROKEN HILL,,No,Not a school zone,X-intersection,-31.943932,141.453786,Broken Hill,Country urban,Rest of NSW - Urban,Straight,,,,Off,Sealed,Wet,Raining,Daylight,Nil,Give way sign,50 km/h,Local,10,Cross traffic,101,Adj - Cross traffic,,Right angle,Light truck utility(from 2018),Unknown motor vehicle,2,0,0,0,0,8,August,Winter,Sunday,10:00 - 11:59,Midday / afternoon,False,False,False,False
1360982,Non-casualty (towaway),Non-casualty (towaway),2024,2024,August,Sunday,22:00 - Midnight,THE PONDS,BVD,50,North,RIPPLE,CRES,THE PONDS,,No,Not a school zone,2-way undivided,-33.704152,150.912883,Blacktown,Sydney metro. area,Syd-Newc-Woll Gtr conurbation,Straight,Painted double centre lines,,,On,Sealed,Dry,Fine,Darkness,Nil,No traffic controls,50 km/h,Local,71,Off rd left => obj,703,Left off cway into object,,Other angle,4 wheel drive / SUV,4 wheel drive / SUV,2,0,0,0,0,8,August,Winter,Sunday,22:00 - Midnight,Evening / night,False,False,False,False
1360997,Non-casualty (towaway),Non-casualty (towaway),2024,2024,August,Wednesday,10:00 - 11:59,FORFAR,ST,0,Right on the spot,NUMBER 30,HN,STOCKTON,,No,Not a school zone,2-way undivided,-32.908611,151.78148,Newcastle,Newcastle met. area,Syd-Newc-Woll Gtr conurbation,Straight,,,,Off,Sealed,Dry,Fine,Daylight,Nil,No traffic controls,50 km/h,Local,71,Off rd left => obj,703,Left off cway into object,,Other angle,Station wagon,Car (sedan/hatch),2,0,0,0,0,8,August,Winter,Wednesday,10:00 - 11:59,Midday / afternoon,False,False,False,False
1361010,Non-casualty (towaway),Non-casualty (towaway),2024,2024,August,Sunday,08:00 - 09:59,CANTERBURY,RD,0,Right on the spot,FAIRFORD,RD,BANKSTOWN,167.0,No,Not a school zone,T-junction,-33.934581,151.03674,Canterbury-Bankstown,Sydney metro. area,Syd-Newc-Woll Gtr conurbation,Straight,Underpass/tunnel,,,On,Sealed,Dry,Fine,Daylight,On,No traffic controls,60 km/h,State,21,Right through,202,Opp - Right-thru,,Other angle,4 wheel drive / SUV,Light truck utility(from 2018),2,0,0,0,0,8,August,Winter,Sunday,08:00 - 09:59,AM peak / school commute,True,False,False,False
1361019,Non-casualty (towaway),Non-casualty (towaway),2024,2024,August,Wednesday,12:00 - 13:59,M7 WESTLINK,EXP,50,North,GREAT WESTERN,HWY,EASTERN CREEK,6009.0,No,Not a school zone,Other,-33.788705,150.856145,Blacktown,Sydney metro. area,Syd-Newc-Woll Gtr conurbation,Straight,,,,Off,Sealed,Dry,Fine,Daylight,Nil,No traffic controls,60 km/h,State,73,Off rd rght => obj,704,Right off cway into obj,,Vehicle - Object,Light truck utility(from 2018),,1,0,0,0,0,8,August,Winter,Wednesday,12:00 - 13:59,Midday / afternoon,False,False,False,False
1361020,Non-casualty (towaway),Non-casualty (towaway),2024,2024,July,Saturday,02:00 - 03:59,FOREST,RD,10,East,FARRAR,ST,ARNCLIFFE,168.0,No,Not a school zone,T-junction,-33.93979,151.139576,Bayside,Sydney metro. area,Syd-Newc-Woll Gtr conurbation,Straight,,,,On,Sealed,Dry,Fine,Darkness,Nil,Give way sign,60 km/h,State,73,Off rd rght => obj,704,Right off cway into obj,,Vehicle - Object,Car (sedan/hatch),,1,0,0,0,0,7,July,Winter,Saturday,02:00 - 03:59,Late night / early morning,False,False,False,False
1361035,Non-casualty (towaway),Non-casualty (towaway),2024,2024,August,Friday,20:00 - 21:59,KENNEDY,DR,0,Right on the spot,NUMBER  183,HN,TWEED HEADS WEST,,No,Not a school zone,2-way undivided,-28.188049,153.516633,Tweed,Country urban,Rest of NSW - Urban,Straight,Driveway/entrance,,,On,Sealed,Dry,Fine,Darkness,Nil,No traffic controls,50 km/h,Local,32,Right rear,303,Same - Rear right,,Rear end,Car (sedan/hatch),4 wheel drive / SUV,2,0,0,0,0,8,August,Winter,Friday,20:00 - 21:59,Evening / night,False,False,False,False
1361047,Non-casualty (towaway),Non-casualty (towaway),2024,2024,August,Saturday,00:01 - 01:59,ROBERT,ST,0,Right on the spot,WARRAL,RD,WEST TAMWORTH,,No,Not a school zone,T-junction,-31.107565,150.89889,Tamworth Regional,Country urban,Rest of NSW - Urban,Straight,Railway level x,,,On,Sealed,Dry,Fine,Darkness,Nil,Rail X stop sign,50 km/h,Local,81,Off left/rt bnd=>obj,707,Right turn,Left,Vehicle - Object,Car (sedan/hatch),,1,0,0,0,0,8,August,Winter,Saturday,00:01 - 01:59,Late night / early morning,False,False,False,False
1361053,Non-casualty (towaway),Non-casualty (towaway),2024,2024,July,Friday,22:00 - Midnight,NEWELL,HWY,1000,North,SMITHFIELD,LANE,EDGEROI,17.0,No,Not a school zone,2-way undivided,-30.135769,149.805186,Narrabri,Country urban,Rest of NSW - Urban,Straight,,Roadwks/Detour/Diverson,,Nil,Sealed,Wet,Raining,Darkness,Nil,No traffic controls,80 km/h,State,71,Off rd left => obj,703,Left off cway into object,,Vehicle - Object,4 wheel drive / SUV,,1,0,0,0,0,7,July,Winter,Friday,22:00 - Midnight,Evening / night,False,False,False,False
1361081,Non-casualty (towaway),Non-casualty (towaway),2024,2024,August,Friday,12:00 - 13:59,THREE CHAIN,RD,150,East,UNION,ST,SOUTH LISMORE,,No,Not a school zone,2-way undivided,-28.821674,153.266421,Lismore,Country urban,Rest of NSW - Urban,Straight,Driveway/entrance,,,Nil,Sealed,Dry,Fine,Daylight,Nil,No traffic controls,50 km/h,Local,47,Emerging from drive,406,Manov - Emerging from driveway,,Right angle,Car (sedan/hatch),4 wheel drive / SUV,2,0,0,0,0,8,August,Winter,Friday,12:00 - 13:59,Midday / afternoon,False,False,False,False
1361088,Non-casualty (towaway),Non-casualty (towaway),2024,2024,August,Monday,14:00 - 15:59,QUAKERS HILL,PKWY,0,Right on the spot,EASTERN,RD,NIRIMBA FIELDS,7153.0,No,Not a school zone,X-intersection,-33.728082,150.880956,Blacktown,Sydney metro. area,Syd-Newc-Woll Gtr conurbation,Straight,,,,On,Sealed,Dry,Fine,Daylight,On,No traffic controls,70 km/h,Regional,21,Right through,202,Opp - Right-thru,,Other angle,4 wheel drive / SUV,Car (sedan/hatch),2,0,0,0,0,8,August,Winter,Monday,14:00 - 15:59,Midday / afternoon,False,False,False,False
1361090,Non-casualty (towaway),Non-casualty (towaway),2024,2024,August,Thursday,06:00 - 07:59,GOLDSMITH,ST,0,Right on the spot,COWPER,ST,GOULBURN,54.0,No,Not a school zone,X-intersection,-34.748894,149.717022,Goulburn Mulwaree,Country urban,Rest of NSW - Urban,Straight,,,,Nil,Sealed,Dry,Fine,Daylight,Nil,Give way sign,50 km/h,State,10,Cross traffic,101,Adj - Cross traffic,,Right angle,4 wheel drive / SUV,Car (sedan/hatch),2,0,0,0,0,8,August,Winter,Thursday,06:00 - 07:59,AM peak / school commute,True,False,False,False
1361093,Non-casualty (towaway),Non-casualty (towaway),2024,2024,August,Wednesday,08:00 - 09:59,DOBELL,DR,0,Right on the spot,SUMMERHILL,DR,WANGI WANGI,,No,Not a school zone,X-intersection,-33.067804,151.578193,Lake Macquarie,Newcastle met. area,Syd-Newc-Woll Gtr conurbation,Straight,,,,Off,Sealed,Dry,Fine,Daylight,Nil,Stop sign,50 km/h,Local,10,Cross traffic,101,Adj - Cross traffic,,Right angle,4 wheel drive / SUV,Light truck utility(from 2018),3,0,0,0,0,8,August,Winter,Wednesday,08:00 - 09:59,AM peak / school commute,True,False,False,False
1361098,Non-casualty (towaway),Non-casualty (towaway),2024,2024,August,Sunday,16:00 - 17:59,MEROO POINT,RD,999999,East,PRINCES,HWY,TERMEIL,,No,Not a school zone,2-way undivided,-35.470667,150.369971,Shoalhaven,Country urban,Rest of NSW - Urban,Curved,Steep grade,,,Nil,Unsealed,Dry,Fine,Daylight,Nil,No traffic controls,60 km/h,Local,87,Off lft/lft bnd=>obj,804,Off left bend into obj,Left,Vehicle - Object,4 wheel drive / SUV,,1,0,0,0,0,8,August,Winter,Sunday,16:00 - 17:59,PM peak / evening commute,True,False,False,False
1361099,Non-casualty (towaway),Non-casualty (towaway),2024,2024,August,Tuesday,22:00 - Midnight,NEWBRIDGE,RD,0,Right on the spot,KELSO,CRES,MOOREBANK,167.0,No,Not a school zone,T-junction,-33.930307,150.938217,Liverpool,Sydney metro. area,Syd-Newc-Woll Gtr conurbation,Curved,,,,On,Sealed,Dry,Fine,Darkness,Nil,Stop sign,70 km/h,State,11,Right far,102,Adj - Right-thru from left,,Right angle,Light truck utility(from 2018),Car (sedan/hatch),2,0,0,0,0,8,August,Winter,Tuesday,22:00 - Midnight,Evening / night,False,False,False,False
1361104,Non-casualty (towaway),Non-casualty (towaway),2024,2024,August,Friday,12:00 - 13:59,WENTWORTH,AVE,0,Right on the spot,HUNT,ST,SURRY HILLS,7304.0,No,Not a school zone,T-junction,-33.878785,151.210506,Sydney,Sydney metro. area,Syd-Newc-Woll Gtr conurbation,Straight,,,,Off,Sealed,Dry,Fine,Daylight,On,No traffic controls,40 km/h,Regional,33,Lane sideswipe,305,Same - Lane side swipe,,Other angle,Car (sedan/hatch),Car (sedan/hatch),2,0,0,0,0,8,August,Winter,Friday,12:00 - 13:59,Midday / afternoon,False,False,False,False
1361116,Non-casualty (towaway),Non-casualty (towaway),2024,2024,August,Sunday,00:01 - 01:59,HENRY LAWSON,DR,20,South,ELLIOTT,ST,PICNIC POINT,508.0,No,Not a school zone,2-way undivided,-33.969072,150.995599,Canterbury-Bankstown,Sydney metro. area,Syd-Newc-Woll Gtr conurbation,Curved,,,,On,Sealed,Dry,Fine,Darkness,Nil,No traffic controls,60 km/h,State,83,Off rt/rt bnd=>obj,803,Off right bend into obj,Right,Vehicle - Object,4 wheel drive / SUV,,1,0,0,0,0,8,August,Winter,Sunday,00:01 - 01:59,Late night / early morning,False,False,False,False
1361123,Non-casualty (towaway),Non-casualty (towaway),2024,2024,August,Wednesday,06:00 - 07:59,M7 WESTLINK,EXP,50,South,KURRAJONG ROAD,OP,PRESTONS,6009.0,No,Not a school zone,Dual freeway,-33.944241,150.877996,Liverpool,Sydney metro. area,Syd-Newc-Woll Gtr conurbation,Straight,,,,Nil,Sealed,Dry,Fine,Dawn,Nil,No traffic controls,100 km/h,State,34,Lane change right,306,Same - Lane change right,,Other angle,Car (sedan/hatch),Large rigid,2,0,0,0,0,8,August,Winter,Wednesday,06:00 - 07:59,AM peak / school commute,True,False,False,False
1361135,Non-casualty (towaway),Non-casualty (towaway),2024,2024,August,Wednesday,14:00 - 15:59,PACIFIC,HWY,50,South,GULGAN ROAD,OP,TYAGARAH,10.0,No,Not a school zone,Divided road,-28.58451,153.544494,Byron,Country non-urban,Rest of NSW - Rural,Straight,,,,Nil,Sealed,Dry,Fine,Daylight,Nil,No traffic controls,110 km/h,State,91,Object struck veh,610,On path - Load hit vehicle,,Vehicle - Object,Light truck,Unknown motor vehicle,2,0,0,0,0,8,August,Winter,Wednesday,14:00 - 15:59,Midday / afternoon,False,False,False,False
1361147,Non-casualty (towaway),Non-casualty (towaway),2024,2024,July,Thursday,00:01 - 01:59,STRICKLAND,ST,0,Right on the spot,NUMBER 43,HN,BASS HILL,,No,Not a school zone,2-way undivided,-33.898591,150.998039,Canterbury-Bankstown,Sydney metro. area,Syd-Newc-Woll Gtr conurbation,Straight,,,,Nil,Sealed,Dry,Fine,Darkness,Nil,No traffic controls,50 km/h,Local,71,Off rd left => obj,703,Left off cway into object,,Other angle,Car (sedan/hatch),Car (sedan/hatch),3,0,0,0,0,7,July,Winter,Thursday,00:01 - 01:59,Late night / early morning,False,False,False,False
1361158,Non-casualty (towaway),Non-casualty (towaway),2024,2024,August,Friday,22:00 - Midnight,ROLFE,AVE,150,South,CRAIGIE,AVE,KANWAL,,No,Not a school zone,2-way undivided,-33.264613,151.486044,Central Coast,Country urban,Syd-Newc-Woll Gtr conurbation,Straight,,,,On,Sealed,Dry,Fine,Darkness,Nil,No traffic controls,50 km/h,Local,71,Off rd left => obj,703,Left off cway into object,,Other angle,4 wheel drive / SUV,Car (sedan/hatch),2,0,0,0,0,8,August,Winter,Friday,22:00 - Midnight,Evening / night,False,False,False,False
1361166,Non-casualty (towaway),Non-casualty (towaway),2024,2024,August,Wednesday,16:00 - 17:59,WINE COUNTRY,DR,1400,North,WILDERNESS,RD,POKOLBIN,220.0,No,Not a school zone,2-way undivided,-32.734973,151.329112,Cessnock,Country non-urban,Rest of NSW - Rural,Curved,,,,Nil,Sealed,Dry,Fine,Dusk,Nil,No traffic controls,90 km/h,State,30,Rear end,301,Same - Rear end,,Rear end,4 wheel drive / SUV,Car (sedan/hatch),3,0,0,0,0,8,August,Winter,Wednesday,16:00 - 17:59,PM peak / evening commute,True,False,False,False
1361171,Non-casualty (towaway),Non-casualty (towaway),2024,2024,August,Sunday,20:00 - 21:59,OLD KURRAJONG,RD,15,East,KURRAJONG,RD,CASULA,7263.0,No,Not a school zone,2-way undivided,-33.947555,150.903278,Liverpool,Sydney metro. area,Syd-Newc-Woll Gtr conurbation,Straight,Painted double centre lines,,,On,Sealed,Dry,Fine,Darkness,Nil,No traffic controls,50 km/h,Regional,20,Head on,201,Opp - Head on,,Head-on,Unknown motor vehicle,4 wheel drive / SUV,2,0,0,0,0,8,August,Winter,Sunday,20:00 - 21:59,Evening / night,False,False,False,False
1361186,Non-casualty (towaway),Non-casualty (towaway),2024,2024,April,Sunday,10:00 - 11:59,HUME,HWY,0,Right on the spot,THE HORSLEY,DR,VILLAWOOD,2.0,No,Not a school zone,T-junction,-33.888713,150.969588,Fairfield,Sydney metro. area,Syd-Newc-Woll Gtr conurbation,Curved,,,,Off,Sealed,Wet,Fine,Daylight,On,Left turn only,70 km/h,State,37,Left turn sideswipe,309,Same - Left turn side swipe,,Other angle,Car (sedan/hatch),4 wheel drive / SUV,2,0,0,0,0,4,April,Autumn,Sunday,10:00 - 11:59,Midday / afternoon,False,False,False,False
1361194,Non-casualty (towaway),Non-casualty (towaway),2024,2024,May,Sunday,06:00 - 07:59,STANLEY,ST,0,Right on the spot,NUMBER 3,HN,CESSNOCK,,No,Not a school zone,2-way undivided,-32.826487,151.361405,Cessnock,Country urban,Rest of NSW - Urban,Straight,,,,Off,Sealed,Dry,Fine,Daylight,Nil,No traffic controls,50 km/h,Local,71,Off rd left => obj,703,Left off cway into object,,Other angle,Light truck utility(from 2018),Car (sedan/hatch),3,0,0,0,0,5,May,Autumn,Sunday,06:00 - 07:59,AM peak / school commute,True,False,False,False
1361198,Non-casualty (towaway),Non-casualty (towaway),2024,2024,May,Wednesday,10:00 - 11:59,ALICE,ST,0,Right on the spot,NUMBER 120,HN,SANS SOUCI,,No,Not a school zone,Divided road,-33.988964,151.145925,Bayside,Sydney metro. area,Syd-Newc-Woll Gtr conurbation,Straight,,,,Unknown / not stated,Sealed,Dry,Fine,Daylight,Nil,No traffic controls,50 km/h,Local,71,Off rd left => obj,703,Left off cway into object,,Other angle,Car (sedan/hatch),Car (sedan/hatch),3,0,0,0,0,5,May,Autumn,Wednesday,10:00 - 11:59,Midday / afternoon,False,False,False,False