crash_id,degree_of_crash,degree_of_crash_-_detailed,reporting_year,year_of_crash,month_of_crash,day_of_week_of_crash,two-hour_intervals,street_of_crash,street_type,distance,direction,identifying_feature,identifying_feature_type,town,route_no.,school_zone_location,school_zone_active,type_of_location,latitude,longitude,lga,urbanisation,conurbation_1,alignment,primary_permanent_feature,primary_temporary_feature,primary_hazardous_feature,street_lighting,road_surface,surface_condition,weather,natural_lighting,signals_operation,other_traffic_control,speed_limit,road_classification_(admin),rum_-_code,rum_-_description,dca_-_code,dca_-_description,dca_supplement,first_impact_type,key_tu_type,other_tu_type,no._of_traffic_units_involved,no._killed,no._seriously_injured,no._moderately_injured,no._minor-other_injured,month_num,month_label,season,day_label,time_label,time_band,is_peak_commute,is_fatal,is_injury,is_casualty
1361212,Non-casualty (towaway),Non-casualty (towaway),2024,2024,May,Thursday,02:00 - 03:59,BLACKTOWN,RD,0,Right on the spot,WALL PARK,AVE,BLACKTOWN,642.0,No,Not a school zone,T-junction,-33.776004,150.919808,Blacktown,Sydney metro. area,Syd-Newc-Woll Gtr conurbation,Curved,,,,On,Sealed,Dry,Fine,Darkness,On,No traffic controls,60 km/h,State,84,Off right/left bend,802,Off cway left bend,Right,Rollover,Light truck,,1,0,0,0,0,5,May,Autumn,Thursday,02:00 - 03:59,Late night / early morning,False,False,False,False
1361225,Non-casualty (towaway),Non-casualty (towaway),2024,2024,June,Thursday,02:00 - 03:59,BARNIER,DR,30,East,HAMBLEDON,RD,QUAKERS HILL,,No,Not a school zone,2-way undivided,-33.716595,150.893015,Blacktown,Sydney metro. area,Syd-Newc-Woll Gtr conurbation,Straight,,,,On,Sealed,Wet,Raining,Darkness,Nil,No traffic controls,50 km/h,Local,73,Off rd rght => obj,704,Right off cway into obj,,Vehicle - Object,Station wagon,,1,0,0,0,0,6,June,Winter,Thursday,02:00 - 03:59,Late night / early morning,False,False,False,False
1361231,Non-casualty (towaway),Non-casualty (towaway),2024,2024,July,Wednesday,14:00 - 15:59,GRANGE,RD,100,South,ISLAND POINT,RD,TOMERONG,,No,Not a school zone,2-way undivided,-35.072817,150.572121,Shoalhaven,Country urban,Rest of NSW - Urban,Curved,,,,Nil,Sealed,Wet,Overcast,Daylight,Nil,No traffic controls,80 km/h,Local,87,Off lft/lft bnd=>obj,804,Off left bend into obj,Left,Vehicle - Object,4 wheel drive / SUV,,1,0,0,0,0,7,July,Winter,Wednesday,14:00 - 15:59,Midday / afternoon,False,False,False,False
1361233,Non-casualty (towaway),Non-casualty (towaway),2024,2024,June,Wednesday,08:00 - 09:59,HOLLINSWORTH,RD,150,East,MAIN,ST,MARSDEN PARK,,No,Not a school zone,2-way undivided,-33.721927,150.833153,Blacktown,Sydney metro. area,Syd-Newc-Woll Gtr conurbation,Curved,Painted double centre lines,,,Nil,Sealed,Dry,Fine,Daylight,Nil,No traffic controls,50 km/h,Local,20,Head on,201,Opp - Head on,,Head-on,Large rigid,Car (sedan/hatch),2,0,0,0,0,6,June,Winter,Wednesday,08:00 - 09:59,AM peak / school commute,True,False,False,False
1361243,Non-casualty (towaway),Non-casualty (towaway),2024,2024,July,Tuesday,16:00 - 17:59,FLOWERDALE,RD,80,North,MCLEAN,ST,LIVERPOOL,7266.0,No,Not a school zone,2-way undivided,-33.918088,150.909143,Liverpool,Sydney metro. area,Syd-Newc-Woll Gtr conurbation,Straight,,,,On,Sealed,Dry,Fine,Darkness,Nil,No traffic controls,60 km/h,Regional,30,Rear end,301,Same - Rear end,,Rear end,4 wheel drive / SUV,Station wagon,3,0,0,0,0,7,July,Winter,Tuesday,16:00 - 17:59,PM peak / evening commute,True,False,False,False
1361254,Non-casualty (towaway),Non-casualty (towaway),2024,2024,July,Saturday,16:00 - 17:59,BUCKETTS,WAY,0,Right on the spot,NUMBER 4730,HN,KUNDIBAKH,192.0,No,Not a school zone,2-way undivided,-31.978468,152.255215,Mid-Coast,Country non-urban,Rest of NSW - Rural,Straight,,,,Nil,Sealed,Dry,Fine,Dusk,Nil,No traffic controls,90 km/h,Regional,73,Off rd rght => obj,704,Right off cway into obj,,Vehicle - Object,Car (sedan/hatch),,1,0,0,0,0,7,July,Winter,Saturday,16:00 - 17:59,PM peak / evening commute,True,False,False,False
1361263,Non-casualty (towaway),Non-casualty (towaway),2024,2024,July,Sunday,00:01 - 01:59,KISSING POINT,RD,0,Right on the spot,QUARRY,RD,DUNDAS VALLEY,574.0,No,Not a school zone,T-junction,-33.799075,151.053967,Parramatta,Sydney metro. area,Syd-Newc-Woll Gtr conurbation,Straight,,,,On,Sealed,Dry,Fine,Darkness,Nil,No traffic controls,70 km/h,State,71,Off rd left => obj,703,Left off cway into object,,Vehicle - Object,Car (sedan/hatch),,1,0,0,0,0,7,July,Winter,Sunday,00:01 - 01:59,Late night / early morning,False,False,False,False
1361264,Non-casualty (towaway),Non-casualty (towaway),2024,2024,May,Saturday,14:00 - 15:59,WATKINS,ST,30,North,COANE,ST,MEREWETHER,,No,Not a school zone,Divided road,-32.945917,151.757314,Newcastle,Newcastle met. area,Syd-Newc-Woll Gtr conurbation,Straight,,,,On,Sealed,Dry,Fine,Daylight,Nil,No traffic controls,40 km/h,Local,71,Off rd left => obj,703,Left off cway into object,,Other angle,Unknown motor vehicle,4 wheel drive / SUV,2,0,0,0,0,5,May,Autumn,Saturday,14:00 - 15:59,Midday / afternoon,False,False,False,False
1361269,Non-casualty (towaway),Non-casualty (towaway),2024,2024,July,Friday,22:00 - Midnight,BRUNSWICK VALLEY,WAY,10,East,SHARA,BVD,OCEAN SHORES,689.0,No,Not a school zone,T-junction,-28.49774,153.527115,Byron,Country urban,Rest of NSW - Urban,Curved,Pedestrian refuge,,,On,Sealed,Dry,Fine,Darkness,Nil,No traffic controls,80 km/h,Regional,83,Off rt/rt bnd=>obj,707,Right turn,Right,Vehicle - Object,4 wheel drive / SUV,,1,0,0,0,0,7,July,Winter,Friday,22:00 - Midnight,Evening / night,False,False,False,False
1361272,Non-casualty (towaway),Non-casualty (towaway),2024,2024,July,Monday,04:00 - 05:59,EVANS,RD,0,Right on the spot,NUMBER 52,HN,DUNDAS VALLEY,,Yes,No,2-way undivided,-33.791728,151.050652,Parramatta,Sydney metro. area,Syd-Newc-Woll Gtr conurbation,Curved,Bus stop,,,Off,Sealed,Dry,Fine,Dawn,Nil,No traffic controls,50 km/h,Local,81,Off left/rt bnd=>obj,803,Off right bend into obj,Left,Other angle,4 wheel drive / SUV,Car (sedan/hatch),3,0,0,0,0,7,July,Winter,Monday,04:00 - 05:59,Late night / early morning,False,False,False,False
1361278,Non-casualty (towaway),Non-casualty (towaway),2024,2024,August,Wednesday,20:00 - 21:59,RAINBOW,ST,0,Right on the spot,FORSYTH,ST,KINGSFORD,183.0,No,Not a school zone,T-junction,-33.924287,151.229483,Randwick,Sydney metro. area,Syd-Newc-Woll Gtr conurbation,Straight,Driveway/entrance,,,On,Sealed,Dry,Fine,Darkness,Nil,Give way sign,50 km/h,State,47,Emerging from drive,406,Manov - Emerging from driveway,,Right angle,4 wheel drive / SUV,Car (sedan/hatch),2,0,0,0,0,8,August,Winter,Wednesday,20:00 - 21:59,Evening / night,False,False,False,False
1361290,Non-casualty (towaway),Non-casualty (towaway),2024,2024,July,Friday,02:00 - 03:59,SEYMOUR,PDE,0,Right on the spot,NUMBER 67,HN,BELFIELD,,No,Not a school zone,2-way undivided,-33.904811,151.082462,Canterbury-Bankstown,Sydney metro. area,Syd-Newc-Woll Gtr conurbation,Straight,,,,On,Sealed,Wet,Raining,Darkness,Nil,No traffic controls,50 km/h,Local,71,Off rd left => obj,703,Left off cway into object,,Other angle,Car (sedan/hatch),Car (sedan/hatch),2,0,0,0,0,7,July,Winter,Friday,02:00 - 03:59,Late night / early morning,False,False,False,False
1361310,Non-casualty (towaway),Non-casualty (towaway),2024,2024,August,Tuesday,22:00 - Midnight,ANNE,ST,0,Right on the spot,DOWNEY,ST,KARABAR,,No,Not a school zone,T-junction,-35.363785,149.225069,Queanbeyan-Palerang Regional,Country urban,Rest of NSW - Urban,Straight,Steep grade,,,Nil,Sealed,Dry,Fine,Darkness,Nil,No traffic controls,50 km/h,Local,83,Off rt/rt bnd=>obj,707,Right turn,Right,Other angle,Light truck utility(from 2018),Light truck,2,0,0,0,0,8,August,Winter,Tuesday,22:00 - Midnight,Evening / night,False,False,False,False
1361320,Non-casualty (towaway),Non-casualty (towaway),2024,2024,August,Friday,14:00 - 15:59,ELIZABETH,AVE,30,South,STURT,HWY,FOREST HILL,,No,Not a school zone,2-way undivided,-35.14459,147.458318,Wagga Wagga,Country urban,Rest of NSW - Urban,Straight,,,,Off,Sealed,Dry,Fine,Daylight,Nil,No traffic controls,50 km/h,Local,30,Rear end,301,Same - Rear end,,Rear end,Car (sedan/hatch),Light truck utility(from 2018),2,0,0,0,0,8,August,Winter,Friday,14:00 - 15:59,Midday / afternoon,False,False,False,False
1361328,Non-casualty (towaway),Non-casualty (towaway),2024,2024,August,Thursday,00:01 - 01:59,FLINT,ST,30,East,TIERNEY,AVE,EASTGARDENS,,No,Not a school zone,2-way undivided,-33.950421,151.230358,Bayside,Sydney metro. area,Syd-Newc-Woll Gtr conurbation,Straight,,,,Nil,Sealed,Wet,Raining,Darkness,Nil,No traffic controls,50 km/h,Local,73,Off rd rght => obj,704,Right off cway into obj,,Other angle,Car (sedan/hatch),Car (sedan/hatch),3,0,0,0,0,8,August,Winter,Thursday,00:01 - 01:59,Late night / early morning,False,False,False,False
1361329,Non-casualty (towaway),Non-casualty (towaway),2024,2024,August,Friday,16:00 - 17:59,SILKY OAK,BVD,50,East,MINNESOTA,RD,HAMLYN TERRACE,,No,Not a school zone,Divided road,-33.246711,151.468569,Central Coast,Country urban,Syd-Newc-Woll Gtr conurbation,Straight,,,,Nil,Sealed,Dry,Fine,Darkness,Nil,No traffic controls,50 km/h,Local,71,Off rd left => obj,703,Left off cway into object,,Vehicle - Object,Utility,,1,0,0,0,0,8,August,Winter,Friday,16:00 - 17:59,PM peak / evening commute,True,False,False,False
1361330,Non-casualty (towaway),Non-casualty (towaway),2024,2024,August,Tuesday,08:00 - 09:59,KILPA,RD,0,Right on the spot,NUMBER 47,HN,WYONGAH,,No,Not a school zone,2-way undivided,-33.270226,151.484876,Central Coast,Country urban,Syd-Newc-Woll Gtr conurbation,Straight,,,,Unknown / not stated,Sealed,Unknown,Other,Daylight,Nil,No traffic controls,50 km/h,Local,71,Off rd left => obj,703,Left off cway into object,,Other angle,4 wheel drive / SUV,Light truck utility(from 2018),2,0,0,0,0,8,August,Winter,Tuesday,08:00 - 09:59,AM peak / school commute,True,False,False,False
1361337,Non-casualty (towaway),Non-casualty (towaway),2024,2024,August,Thursday,06:00 - 07:59,REDFERN,ST,0,Right on the spot,WOLLOWRA,ST,COWRA,310.0,No,Not a school zone,T-junction,-33.818618,148.685393,Cowra,Country urban,Rest of NSW - Urban,Straight,,,,Unknown / not stated,Sealed,Dry,Fine,Daylight,Nil,Give way sign,50 km/h,State,13,Right near,104,Adj - Right-thru from right,,Right angle,4 wheel drive / SUV,Light truck utility(from 2018),2,0,0,0,0,8,August,Winter,Thursday,06:00 - 07:59,AM peak / school commute,True,False,False,False
1361341,Non-casualty (towaway),Non-casualty (towaway),2024,2024,August,Tuesday,16:00 - 17:59,DAVEY,RD,0,Right on the spot,WILLIAMS,RD,TABLE TOP,,No,Not a school zone,T-junction,-36.013378,146.992168,Albury,Country non-urban,Rest of NSW - Rural,Straight,Embankment/cutting,,,Unknown / not stated,Unsealed,Dry,Fine,Unknown,Nil,No traffic controls,100 km/h,Local,86,Off left/left bend,706,Left turn,Left,Rollover,Light truck utility(from 2018),,1,0,0,0,0,8,August,Winter,Tuesday,16:00 - 17:59,PM peak / evening commute,True,False,False,False
1361349,Non-casualty (towaway),Non-casualty (towaway),2024,2024,August,Sunday,04:00 - 05:59,KALINDA,RD,300,South,RIFLE RANGE,RD,GRIFFITH,,No,Not a school zone,2-way undivided,-34.241404,146.061449,Griffith,Country urban,Rest of NSW - Urban,Curved,,,,Nil,Unsealed,Dry,Fine,Dawn,Nil,No traffic controls,80 km/h,Local,81,Off left/rt bnd=>obj,803,Off right bend into obj,Left,Vehicle - Object,Light truck utility(from 2018),,1,0,0,0,0,8,August,Winter,Sunday,04:00 - 05:59,Late night / early morning,False,False,False,False
1361371,Non-casualty (towaway),Non-casualty (towaway),2024,2024,September,Wednesday,20:00 - 21:59,EDINBORO,LANE,400,West,MCMURRAYS,LANE,CARGO,,No,Not a school zone,2-way undivided,-33.409382,148.862975,Cabonne,Country non-urban,Rest of NSW - Rural,Straight,,,,Nil,Unsealed,Dry,Fine,Darkness,Nil,No traffic controls,100 km/h,Local,72,Off road to right,702,Off carriageway to right,,Rollover,Light truck utility(from 2018),,1,0,0,0,0,9,September,Spring,Wednesday,20:00 - 21:59,Evening / night,False,False,False,False
1361374,Non-casualty (towaway),Non-casualty (towaway),2024,2024,August,Thursday,10:00 - 11:59,ALFRED,RD,0,Right on the spot,NUMBER 24,HN,CHIPPING NORTON,,No,Not a school zone,2-way undivided,-33.923057,150.965731,Liverpool,Sydney metro. area,Syd-Newc-Woll Gtr conurbation,Straight,Driveway/entrance,,,Unknown / not stated,Sealed,Dry,Fine,Daylight,Nil,No traffic controls,50 km/h,Local,81,Off left/rt bnd=>obj,707,Right turn,Left,Other angle,Semi-trailer,Light truck utility(from 2018),2,0,0,0,0,8,August,Winter,Thursday,10:00 - 11:59,Midday / afternoon,False,False,False,False
1361376,Non-casualty (towaway),Non-casualty (towaway),2024,2024,September,Tuesday,14:00 - 15:59,M7 WESTLINK,EXP,0,Right on the spot,WESTERN EXPRESSWAY,OP,EASTERN CREEK,6009.0,No,Not a school zone,Dual freeway,-33.798141,150.85407,Blacktown,Sydney metro. area,Syd-Newc-Woll Gtr conurbation,Straight,Other bridge,,,Unknown / not stated,Sealed,Dry,Fine,Daylight,Nil,No traffic controls,100 km/h,State,30,Rear end,301,Same - Rear end,,Rear end,Car (sedan/hatch),4 wheel drive / SUV,2,0,0,0,0,9,September,Spring,Tuesday,14:00 - 15:59,Midday / afternoon,False,False,False,False
1361377,Non-casualty (towaway),Non-casualty (towaway),2024,2024,August,Friday,12:00 - 13:59,CANTERBURY,RD,0,Right on the spot,NUMBER 41,HN,CANTERBURY,167.0,No,Not a school zone,2-way undivided,-33.90877,151.124217,Canterbury-Bankstown,Sydney metro. area,Syd-Newc-Woll Gtr conurbation,Straight,,,,Unknown / not stated,Sealed,Dry,Fine,Daylight,Nil,No traffic controls,60 km/h,State,30,Rear end,301,Same - Rear end,,Rear end,Car (sedan/hatch),Car (sedan/hatch),2,0,0,0,0,8,August,Winter,Friday,12:00 - 13:59,Midday / afternoon,False,False,False,False
1361378,Non-casualty (towaway),Non-casualty (towaway),2024,2024,August,Monday,08:00 - 09:59,BELLEVUE,AVE,0,Right on the spot,NUMBER 2,HN,AVALON BEACH,,No,Not a school zone,2-way undivided,-33.640249,151.325387,Northern Beaches,Sydney metro. area,Syd-Newc-Woll Gtr conurbation,Straight,,,,Unknown / not stated,Sealed,Dry,Fine,Daylight,Nil,No traffic controls,50 km/h,Local,70,Off road to left,701,Off carriageway to left,,Rollover,4 wheel drive / SUV,,1,0,0,0,0,8,August,Winter,Monday,08:00 - 09:59,AM peak / school commute,True,False,False,False
1361381,Non-casualty (towaway),Non-casualty (towaway),2024,2024,August,Wednesday,14:00 - 15:59,UNDERWOOD,RD,81,East,HOMEBUSH BAY,DR,HOMEBUSH,7324.0,No,Not a school zone,2-way undivided,-33.854687,151.078038,Strathfield,Sydney metro. area,Syd-Newc-Woll Gtr conurbation,Straight,Driveway/entrance,,,Unknown / not stated,Sealed,Dry,Fine,Daylight,Nil,No traffic controls,50 km/h,Regional,21,Right through,202,Opp - Right-thru,,Other angle,Car (sedan/hatch),Car (sedan/hatch),2,0,0,0,0,8,August,Winter,Wednesday,14:00 - 15:59,Midday / afternoon,False,False,False,False
1361383,Non-casualty (towaway),Non-casualty (towaway),2024,2024,July,Wednesday,14:00 - 15:59,MORPETH,RD,0,Right on the spot,NUMBER 24,HN,EAST MAITLAND,102.0,Yes,No,2-way undivided,-32.742903,151.591572,Maitland,Country urban,Rest of NSW - Urban,Straight,Painted double centre lines,,,Unknown / not stated,Sealed,Wet,Fine,Daylight,Nil,No traffic controls,60 km/h,Regional,40,U turn,304,Same - U-turn,,Other angle,4 wheel drive / SUV,Car (sedan/hatch),2,0,0,0,0,7,July,Winter,Wednesday,14:00 - 15:59,Midday / afternoon,False,False,False,False
1361385,Non-casualty (towaway),Non-casualty (towaway),2024,2024,September,Thursday,18:00 - 19:59,ROOTY HILL,RD,0,Right on the spot,CABLE,PL,EASTERN CREEK,537.0,Yes,No,T-junction,-33.785897,150.853182,Blacktown,Sydney metro. area,Syd-Newc-Woll Gtr conurbation,Straight,Driveway/entrance,,,Unknown / not stated,Sealed,Dry,Fine,Darkness,On,Ped crossing,60 km/h,State,21,Right through,202,Opp - Right-thru,,Other angle,Car (sedan/hatch),Car (sedan/hatch),2,0,0,0,0,9,September,Spring,Thursday,18:00 - 19:59,PM peak / evening commute,True,False,False,False
1361387,Non-casualty (towaway),Non-casualty (towaway),2024,2024,August,Friday,14:00 - 15:59,BRUXNER,HWY,0,Right on the spot,FIG TREE,LANE,MCKEES HILL,16.0,No,Not a school zone,X-intersection,-28.876249,153.181337,Richmond Valley,Country non-urban,Rest of NSW - Rural,Straight,,,,Unknown / not stated,Sealed,Dry,Fine,Daylight,Nil,Give way sign,100 km/h,State,32,Right rear,303,Same - Rear right,,Rear end,Large rigid,Car (sedan/hatch),2,0,0,0,0,8,August,Winter,Friday,14:00 - 15:59,Midday / afternoon,False,False,False,False
1361392,Non-casualty (towaway),Non-casualty (towaway),2024,2024,September,Monday,12:00 - 13:59,GLENFIELD,RD,50,North,DALMAN,PKWY,MOUNT AUSTIN,,No,Not a school zone,2-way undivided,-35.139152,147.340914,Wagga Wagga,Country urban,Rest of NSW - Urban,Straight,B'down lane/road shldr,,,Unknown / not stated,Sealed,Dry,Fine,Daylight,Nil,No traffic controls,70 km/h,Local,93,Pkd veh runaway=>obj,906,Parked vehicle ran away,,Other angle,Car (sedan/hatch),Detached trailer,2,0,0,0,0,9,September,Spring,Monday,12:00 - 13:59,Midday / afternoon,False,False,False,False
1361396,Non-casualty (towaway),Non-casualty (towaway),2024,2024,August,Friday,18:00 - 19:59,COLLINS,RD,0,Right on the spot,DALTON,RD,ST IVES CHASE,,No,Not a school zone,T-junction,-33.710898,151.161451,Ku-ring-gai,Sydney metro. area,Syd-Newc-Woll Gtr conurbation,Straight,Steep grade,,,Unknown / not stated,Sealed,Wet,Raining,Darkness,Nil,No traffic controls,50 km/h,Local,19,Other adjacent,100,Adj - other,,Right angle,Other bus,Car (sedan/hatch),2,0,0,0,0,8,August,Winter,Friday,18:00 - 19:59,PM peak / evening commute,True,False,False,False
1361398,Non-casualty (towaway),Non-casualty (towaway),2024,2024,August,Sunday,18:00 - 19:59,BOUGAINVILLE,RD,0,Right on the spot,LANG,CRES,BLACKETT,,No,Not a school zone,Roundabout,-33.734671,150.812228,Blacktown,Sydney metro. area,Syd-Newc-Woll Gtr conurbation,Curved,,,,Unknown / not stated,Sealed,Dry,Fine,Dusk,Nil,Give way sign,50 km/h,Local,86,Off left/left bend,802,Off cway left bend,Left,Rollover,Light truck,,1,0,0,0,0,8,August,Winter,Sunday,18:00 - 19:59,PM peak / evening commute,True,False,False,False
1361400,Non-casualty (towaway),Non-casualty (towaway),2024,2024,August,Thursday,06:00 - 07:59,HUME,HWY,100,South,MACDONALD ROAD,OP,DENHAM COURT,2.0,No,Not a school zone,Dual freeway,-33.986206,150.856026,Campbelltown,Sydney metro. area,Syd-Newc-Woll Gtr conurbation,Curved,,,,Unknown / not stated,Sealed,Dry,Fine,Dawn,Nil,No traffic controls,110 km/h,State,30,Rear end,301,Same - Rear end,,Rear end,Passenger van,Large rigid,2,0,0,0,0,8,August,Winter,Thursday,06:00 - 07:59,AM peak / school commute,True,False,False,False
1361402,Non-casualty (towaway),Non-casualty (towaway),2024,2024,August,Wednesday,18:00 - 19:59,ANZAC,AVE,0,Right on the spot,WATTLE,ST,WEST RYDE,,No,Not a school zone,Roundabout,-33.806687,151.093244,Ryde,Sydney metro. area,Syd-Newc-Woll Gtr conurbation,Straight,,,,Unknown / not stated,Sealed,Dry,Fine,Darkness,Nil,Give way sign,50 km/h,Local,10,Cross traffic,101,Adj - Cross traffic,,Right angle,Car (sedan/hatch),4 wheel drive / SUV,2,0,0,0,0,8,August,Winter,Wednesday,18:00 - 19:59,PM peak / evening commute,True,False,False,False
1361403,Non-casualty (towaway),Non-casualty (towaway),2024,2024,September,Wednesday,16:00 - 17:59,RICHMOND,RD,2000,South,ST MARYS,RD,MARSDEN PARK,537.0,No,Not a school zone,2-way undivided,-33.681527,150.816785,Blacktown,Sydney metro. area,Syd-Newc-Woll Gtr conurbation,Straight,,,,Unknown / not stated,Sealed,Dry,Fine,Daylight,Nil,No traffic controls,80 km/h,State,30,Rear end,301,Same - Rear end,,Rear end,4 wheel drive / SUV,4 wheel drive / SUV,3,0,0,0,0,9,September,Spring,Wednesday,16:00 - 17:59,PM peak / evening commute,True,False,False,False
1361404,Non-casualty (towaway),Non-casualty (towaway),2024,2024,September,Sunday,14:00 - 15:59,ARNDELL,ST,10,East,CAROLINE CHISHOLM,DR,CAMDEN SOUTH,,No,Not a school zone,T-junction,-34.077673,150.695956,Camden,Sydney metro. area,Syd-Newc-Woll Gtr conurbation,Straight,Steep grade,,,Unknown / not stated,Sealed,Dry,Fine,Daylight,Nil,No traffic controls,50 km/h,Local,71,Off rd left => obj,703,Left off cway into object,,Other angle,Car (sedan/hatch),4 wheel drive / SUV,2,0,0,0,0,9,September,Spring,Sunday,14:00 - 15:59,Midday / afternoon,False,False,False,False
1361406,Non-casualty (towaway),Non-casualty (towaway),2024,2024,September,Sunday,14:00 - 15:59,BOUVARDIA,ST,0,Right on the spot,NUMBER 39,HN,PUNCHBOWL,,No,Not a school zone,2-way undivided,-33.919565,151.059808,Canterbury-Bankstown,Sydney metro. area,Syd-Newc-Woll Gtr conurbation,Straight,,,,Unknown / not stated,Sealed,Dry,Fine,Daylight,Nil,No traffic controls,50 km/h,Local,20,Head on,201,Opp - Head on,,Head-on,Passenger van,Car (sedan/hatch),2,0,0,0,0,9,September,Spring,Sunday,14:00 - 15:59,Midday / afternoon,False,False,False,False
1361407,Non-casualty (towaway),Non-casualty (towaway),2024,2024,August,Wednesday,14:00 - 15:59,CAHILL,EXP,300,East,SYDNEY HARBOUR,BDGE,SYDNEY,592.0,No,Not a school zone,Single limited access,-33.861157,151.208926,Sydney,Sydney metro. area,Syd-Newc-Woll Gtr conurbation,Straight,Other bridge,,,Unknown / not stated,Sealed,Wet,Raining,Daylight,Nil,No traffic controls,70 km/h,State,71,Off rd left => obj,703,Left off cway into object,,Vehicle - Object,Car (sedan/hatch),,1,0,0,0,0,8,August,Winter,Wednesday,14:00 - 15:59,Midday / afternoon,False,False,False,False
1361411,Non-casualty (towaway),Non-casualty (towaway),2024,2024,September,Sunday,18:00 - 19:59,TAMARIND,DR,200,South,FERNGROVE,DR,BALLINA,695.0,No,Not a school zone,2-way undivided,-28.85256,153.55572,Ballina,Country urban,Rest of NSW - Urban,Straight,,,,Unknown / not stated,Sealed,Dry,Fine,Darkness,Nil,No traffic controls,60 km/h,Regional,71,Off rd left => obj,703,Left off cway into object,,Vehicle - Object,Light truck utility(from 2018),,1,0,0,0,0,9,September,Spring,Sunday,18:00 - 19:59,PM peak / evening commute,True,False,False,False
1361412,Non-casualty (towaway),Non-casualty (towaway),2024,2024,August,Friday,14:00 - 15:59,CHURNWOOD,DR,0,Right on the spot,MINMI,RD,MARYLAND,,No,Not a school zone,X-intersection,-32.877562,151.647809,Newcastle,Newcastle met. area,Syd-Newc-Woll Gtr conurbation,Straight,,,,Unknown / not stated,Sealed,Dry,Fine,Daylight,On,No traffic controls,60 km/h,Local,21,Right through,202,Opp - Right-thru,,Other angle,Car (sedan/hatch),Light truck utility(from 2018),2,0,0,0,0,8,August,Winter,Friday,14:00 - 15:59,Midday / afternoon,False,False,False,False
1361413,Non-casualty (towaway),Non-casualty (towaway),2024,2024,August,Thursday,16:00 - 17:59,MEDCALF,ST,0,Right on the spot,LAKELANDS,DR,LAKELANDS,674.0,No,Not a school zone,Roundabout,-32.965491,151.646713,Lake Macquarie,Newcastle met. area,Syd-Newc-Woll Gtr conurbation,Straight,,,,Unknown / not stated,Sealed,Dry,Fine,Daylight,Nil,Give way sign,60 km/h,State,49,Other manoeuvring,400,Manov - other,,Other angle,4 wheel drive / SUV,Car (sedan/hatch),2,0,0,0,0,8,August,Winter,Thursday,16:00 - 17:59,PM peak / evening commute,True,False,False,False
1361417,Non-casualty (towaway),Non-casualty (towaway),2024,2024,August,Saturday,08:00 - 09:59,WESTERN,EXP,900,East,WALLGROVE ROAD,TO,EASTERN CREEK,6004.0,No,Not a school zone,Dual freeway,-33.80066,150.868145,Blacktown,Sydney metro. area,Syd-Newc-Woll Gtr conurbation,Straight,,,,Unknown / not stated,Sealed,Dry,Fine,Daylight,Nil,No traffic controls,100 km/h,State,30,Rear end,301,Same - Rear end,,Rear end,Car (sedan/hatch),4 wheel drive / SUV,3,0,0,0,0,8,August,Winter,Saturday,08:00 - 09:59,AM peak / school commute,True,False,False,False
1361420,Non-casualty (towaway),Non-casualty (towaway),2024,2024,September,Monday,06:00 - 07:59,KEW PORT,RD,230,East,HAVEN,CCT,LAURIETON,600.0,No,Not a school zone,2-way undivided,-31.642286,152.803504,Port Macquarie-Hastings,Country urban,Rest of NSW - Urban,Straight,Pedestrian refuge,,,Unknown / not stated,Sealed,Dry,Fine,Daylight,Nil,No traffic controls,50 km/h,Regional,73,Off rd rght => obj,704,Right off cway into obj,,Vehicle - Object,Car (sedan/hatch),,1,0,0,0,0,9,September,Spring,Monday,06:00 - 07:59,AM peak / school commute,True,False,False,False
1361421,Non-casualty (towaway),Non-casualty (towaway),2024,2024,September,Wednesday,08:00 - 09:59,M7 WESTLINK,EXP,0,Right on the spot,LAMB STREET,OP,GLENDENNING,6009.0,No,Not a school zone,Dual freeway,-33.74505,150.846784,Blacktown,Sydney metro. area,Syd-Newc-Woll Gtr conurbation,Straight,Underpass/tunnel,,,Unknown / not stated,Sealed,Dry,Fine,Daylight,Nil,No traffic controls,100 km/h,State,30,Rear end,301,Same - Rear end,,Rear end,4 wheel drive / SUV,4 wheel drive / SUV,3,0,0,0,0,9,September,Spring,Wednesday,08:00 - 09:59,AM peak / school commute,True,False,False,False
1361423,Non-casualty (towaway),Non-casualty (towaway),2024,2024,September,Sunday,16:00 - 17:59,BURLEY GRIFFIN,WAY,50,East,NORTH JINDALEE,RD,WALLENDBEEN,84.0,No,Not a school zone,2-way undivided,-34.528488,148.153228,Cootamundra-Gundagai,Country urban,Rest of NSW - Urban,Curved,,,,Unknown / not stated,Sealed,Dry,Fine,Dusk,Nil,No traffic controls,60 km/h,State,30,Rear end,301,Same - Rear end,,Rear end,4 wheel drive / SUV,4 wheel drive / SUV,2,0,0,0,0,9,September,Spring,Sunday,16:00 - 17:59,PM peak / evening commute,True,False,False,False