crash_id,degree_of_crash,degree_of_crash_-_detailed,reporting_year,year_of_crash,month_of_crash,day_of_week_of_crash,two-hour_intervals,street_of_crash,street_type,distance,direction,identifying_feature,identifying_feature_type,town,route_no.,school_zone_location,school_zone_active,type_of_location,latitude,longitude,lga,urbanisation,conurbation_1,alignment,primary_permanent_feature,primary_temporary_feature,primary_hazardous_feature,street_lighting,road_surface,surface_condition,weather,natural_lighting,signals_operation,other_traffic_control,speed_limit,road_classification_(admin),rum_-_code,rum_-_description,dca_-_code,dca_-_description,dca_supplement,first_impact_type,key_tu_type,other_tu_type,no._of_traffic_units_involved,no._killed,no._seriously_injured,no._moderately_injured,no._minor-other_injured,month_num,month_label,season,day_label,time_label,time_band,is_peak_commute,is_fatal,is_injury,is_casualty
1361424,Non-casualty (towaway),Non-casualty (towaway),2024,2024,August,Saturday,22:00 - Midnight,GALLIPOLI,AVE,0,Right on the spot,NUMBER 32A,HN,BLACKWALL,,No,Not a school zone,2-way undivided,-33.50737,151.328089,Central Coast,Country urban,Syd-Newc-Woll Gtr conurbation,Straight,,,,Unknown / not stated,Sealed,Dry,Fine,Darkness,Nil,No traffic controls,50 km/h,Local,46,Reversing into obj,405,Manov - Reverse into fixed obj,,Other angle,4 wheel drive / SUV,Car (sedan/hatch),2,0,0,0,0,8,August,Winter,Saturday,22:00 - Midnight,Evening / night,False,False,False,False
1361425,Non-casualty (towaway),Non-casualty (towaway),2024,2024,September,Sunday,20:00 - 21:59,MITCHELL,HWY,1300,West,THE OLD,RD,GEURIE,7.0,No,Not a school zone,2-way undivided,-32.4121,148.835885,Dubbo Regional,Country non-urban,Rest of NSW - Rural,Curved,,,,Unknown / not stated,Sealed,Dry,Fine,Unknown,Nil,No traffic controls,90 km/h,State,67,Struck animal,609,On path - Hit animal,,Vehicle - Animal,4 wheel drive / SUV,,1,0,0,0,0,9,September,Spring,Sunday,20:00 - 21:59,Evening / night,False,False,False,False
1361426,Non-casualty (towaway),Non-casualty (towaway),2024,2024,August,Monday,12:00 - 13:59,COOK,ST,0,Right on the spot,CROSS,ST,BAULKHAM HILLS,,No,Not a school zone,Roundabout,-33.757173,151.004173,The Hills,Sydney metro. area,Syd-Newc-Woll Gtr conurbation,Straight,,,,Unknown / not stated,Sealed,Dry,Overcast,Daylight,Nil,Give way sign,50 km/h,Local,10,Cross traffic,101,Adj - Cross traffic,,Right angle,Car (sedan/hatch),Light truck utility(from 2018),2,0,0,0,0,8,August,Winter,Monday,12:00 - 13:59,Midday / afternoon,False,False,False,False
1361427,Non-casualty (towaway),Non-casualty (towaway),2024,2024,August,Friday,20:00 - 21:59,HUME,HWY,0,Right on the spot,GLENFIELD,RD,GLENFIELD,2.0,No,Not a school zone,T-junction,-33.95948,150.885372,Campbelltown,Sydney metro. area,Syd-Newc-Woll Gtr conurbation,Straight,,,,Unknown / not stated,Sealed,Dry,Fine,Darkness,On,Ped crossing,70 km/h,State,13,Right near,104,Adj - Right-thru from right,,Right angle,Car (sedan/hatch),Car (sedan/hatch),2,0,0,0,0,8,August,Winter,Friday,20:00 - 21:59,Evening / night,False,False,False,False
1361429,Non-casualty (towaway),Non-casualty (towaway),2024,2024,July,Tuesday,16:00 - 17:59,OWENS,LANE,1000,East,BLACKWALL,DR,EAST WARDELL,,No,Not a school zone,2-way undivided,-28.96255,153.473271,Ballina,Country non-urban,Rest of NSW - Rural,Straight,Crest,,,Unknown / not stated,Unsealed,Dry,Fine,Daylight,Nil,No traffic controls,100 km/h,Local,74,On road-out of cont.,705,Out of control on cway,,Rollover,Tractor,,1,0,0,0,0,7,July,Winter,Tuesday,16:00 - 17:59,PM peak / evening commute,True,False,False,False
1361431,Non-casualty (towaway),Non-casualty (towaway),2024,2024,August,Wednesday,22:00 - Midnight,SUNNYHOLT,RD,0,Right on the spot,CANDLENUT,GR,PARKLEA,642.0,No,Not a school zone,T-junction,-33.728178,150.923534,Blacktown,Sydney metro. area,Syd-Newc-Woll Gtr conurbation,Straight,,,,Unknown / not stated,Sealed,Dry,Fine,Darkness,On,No traffic controls,70 km/h,State,30,Rear end,301,Same - Rear end,,Rear end,4 wheel drive / SUV,Car (sedan/hatch),2,0,0,0,0,8,August,Winter,Wednesday,22:00 - Midnight,Evening / night,False,False,False,False
1361432,Non-casualty (towaway),Non-casualty (towaway),2024,2024,August,Monday,02:00 - 03:59,NEWCASTLE,EXP,2000,South,HAWKESBURY RIVER,BDGE,COWAN,6003.0,No,Not a school zone,Dual freeway,-33.558312,151.192539,Hornsby,Sydney metro. area,Syd-Newc-Woll Gtr conurbation,Curved,Steep grade,,,Unknown / not stated,Sealed,Dry,Fine,Darkness,Nil,No traffic controls,110 km/h,State,88,Out of cont on bend,805,Out of control on bend,,Rollover,Car (sedan/hatch),,1,0,0,0,0,8,August,Winter,Monday,02:00 - 03:59,Late night / early morning,False,False,False,False
1361436,Non-casualty (towaway),Non-casualty (towaway),2024,2024,August,Wednesday,20:00 - 21:59,ILLAWARRA,HWY,500,East,CHURCH,ST,BURRAWANG,25.0,No,Not a school zone,2-way undivided,-34.580799,150.505503,Wingecarribee,Country non-urban,Rest of NSW - Rural,Straight,,,,Unknown / not stated,Sealed,Dry,Unknown,Darkness,Nil,No traffic controls,100 km/h,State,66,Object on road,607,On path - Hit temp object,,Vehicle - Object,Car (sedan/hatch),,1,0,0,0,0,8,August,Winter,Wednesday,20:00 - 21:59,Evening / night,False,False,False,False
1361437,Non-casualty (towaway),Non-casualty (towaway),2024,2024,August,Saturday,04:00 - 05:59,GREAT WESTERN,HWY,0,Right on the spot,NUMBER 366,HN,MARRANGAROO,5.0,No,Not a school zone,Divided road,-33.455371,150.118157,Lithgow,Country non-urban,Rest of NSW - Rural,Straight,,,,Unknown / not stated,Sealed,Dry,Fine,Dawn,Nil,No traffic controls,100 km/h,State,67,Struck animal,609,On path - Hit animal,,Vehicle - Animal,Car (sedan/hatch),,1,0,0,0,0,8,August,Winter,Saturday,04:00 - 05:59,Late night / early morning,False,False,False,False
1361439,Non-casualty (towaway),Non-casualty (towaway),2024,2024,September,Sunday,10:00 - 11:59,CIVIC,WAY,0,Right on the spot,WHITE HART,DR,ROUSE HILL,,No,Not a school zone,X-intersection,-33.69218,150.926819,The Hills,Sydney metro. area,Syd-Newc-Woll Gtr conurbation,Straight,,,,Unknown / not stated,Sealed,Dry,Fine,Daylight,On,No traffic controls,50 km/h,Local,10,Cross traffic,101,Adj - Cross traffic,,Right angle,Light truck utility(from 2018),Car (sedan/hatch),2,0,0,0,0,9,September,Spring,Sunday,10:00 - 11:59,Midday / afternoon,False,False,False,False
1361441,Non-casualty (towaway),Non-casualty (towaway),2024,2024,August,Saturday,16:00 - 17:59,HUME,HWY,50,North,MENANGLE ROAD,OP,MENANGLE PARK,2.0,No,Not a school zone,Dual freeway,-34.106459,150.762223,Campbelltown,Sydney metro. area,Syd-Newc-Woll Gtr conurbation,Straight,,,,Unknown / not stated,Sealed,Dry,Fine,Darkness,Nil,No traffic controls,110 km/h,State,30,Rear end,301,Same - Rear end,,Rear end,Car (sedan/hatch),4 wheel drive / SUV,2,0,0,0,0,8,August,Winter,Saturday,16:00 - 17:59,PM peak / evening commute,True,False,False,False
1361442,Non-casualty (towaway),Non-casualty (towaway),2024,2024,September,Tuesday,20:00 - 21:59,MARIE,ST,0,Right on the spot,PARSONAGE,RD,CASTLE HILL,,No,Not a school zone,T-junction,-33.737206,150.999385,The Hills,Sydney metro. area,Syd-Newc-Woll Gtr conurbation,Straight,,,,Unknown / not stated,Sealed,Dry,Fine,Darkness,Nil,Give way sign,50 km/h,Local,13,Right near,104,Adj - Right-thru from right,,Right angle,Station wagon,Car (sedan/hatch),2,0,0,0,0,9,September,Spring,Tuesday,20:00 - 21:59,Evening / night,False,False,False,False
1361449,Non-casualty (towaway),Non-casualty (towaway),2024,2024,August,Tuesday,16:00 - 17:59,WOLLOMBI,RD,0,Right on the spot,NUMBER 10,HN,CESSNOCK,181.0,No,Not a school zone,2-way undivided,-32.843682,151.334204,Cessnock,Country urban,Rest of NSW - Urban,Straight,,,,Unknown / not stated,Sealed,Dry,Fine,Daylight,Nil,No traffic controls,60 km/h,Regional,42,Leaving parking,401,Manov - Leaving parking,,Other angle,4 wheel drive / SUV,Car (sedan/hatch),2,0,0,0,0,8,August,Winter,Tuesday,16:00 - 17:59,PM peak / evening commute,True,False,False,False
1361451,Non-casualty (towaway),Non-casualty (towaway),2024,2024,August,Wednesday,06:00 - 07:59,HUME,HWY,100,North,MARULAN SOUTH ROAD,OP,MARULAN,2.0,No,Not a school zone,Divided road,-34.730089,149.982232,Goulburn Mulwaree,Country non-urban,Rest of NSW - Rural,Curved,,,,Unknown / not stated,Sealed,Dry,Fine,Daylight,Nil,No traffic controls,110 km/h,State,81,Off left/rt bnd=>obj,803,Off right bend into obj,Left,Vehicle - Object,Station wagon,,1,0,0,0,0,8,August,Winter,Wednesday,06:00 - 07:59,AM peak / school commute,True,False,False,False
1361452,Non-casualty (towaway),Non-casualty (towaway),2024,2024,August,Saturday,08:00 - 09:59,RICKETTY,ST,0,Right on the spot,NUMBER 32,HN,MASCOT,183.0,No,Not a school zone,2-way undivided,-33.92128,151.182554,Bayside,Sydney metro. area,Syd-Newc-Woll Gtr conurbation,Straight,Driveway/entrance,,,Unknown / not stated,Sealed,Dry,Fine,Daylight,Nil,No traffic controls,60 km/h,State,40,U turn,207,Opp - U-turn,,Other angle,4 wheel drive / SUV,Car (sedan/hatch),2,0,0,0,0,8,August,Winter,Saturday,08:00 - 09:59,AM peak / school commute,True,False,False,False
1361453,Non-casualty (towaway),Non-casualty (towaway),2024,2024,August,Saturday,10:00 - 11:59,MITCHELL,HWY,0,Right on the spot,EULOMOGO,RD,DUBBO,7.0,No,Not a school zone,T-junction,-32.274354,148.675594,Dubbo Regional,Country non-urban,Rest of NSW - Rural,Straight,Embankment/cutting,,,Unknown / not stated,Sealed,Dry,Fine,Daylight,Nil,No traffic controls,110 km/h,State,80,Off left/right bend,707,Right turn,Left,Rollover,Car (sedan/hatch),,1,0,0,0,0,8,August,Winter,Saturday,10:00 - 11:59,Midday / afternoon,False,False,False,False
1361458,Non-casualty (towaway),Non-casualty (towaway),2024,2024,August,Friday,22:00 - Midnight,FORESHORE,RD,0,Right on the spot,PORT BOTANY BOAT RAMP,ENT,BOTANY,617.0,No,Not a school zone,Divided road,-33.956706,151.199614,Bayside,Sydney metro. area,Syd-Newc-Woll Gtr conurbation,Straight,Driveway/entrance,,,Unknown / not stated,Sealed,Dry,Fine,Darkness,On,No traffic controls,80 km/h,State,81,Off left/rt bnd=>obj,803,Off right bend into obj,Left,Vehicle - Object,Car (sedan/hatch),,1,0,0,0,0,8,August,Winter,Friday,22:00 - Midnight,Evening / night,False,False,False,False
1361459,Non-casualty (towaway),Non-casualty (towaway),2024,2024,September,Sunday,14:00 - 15:59,CALLALA BEACH,RD,0,Right on the spot,FOREST,RD,WOLLUMBOOLA,,No,Not a school zone,T-junction,-34.980116,150.704858,Shoalhaven,Country urban,Rest of NSW - Urban,Straight,,,,Unknown / not stated,Sealed,Dry,Fine,Daylight,Nil,Give way sign,80 km/h,Local,30,Rear end,301,Same - Rear end,,Rear end,Car (sedan/hatch),Light truck utility(from 2018),2,0,0,0,0,9,September,Spring,Sunday,14:00 - 15:59,Midday / afternoon,False,False,False,False
1361460,Non-casualty (towaway),Non-casualty (towaway),2024,2024,September,Monday,20:00 - 21:59,LOCKHART,RD,6300,North,WALBUNDRIE,TN,WALBUNDRIE,370.0,No,Not a school zone,2-way undivided,-35.638282,146.693239,Greater Hume,Country non-urban,Rest of NSW - Rural,Straight,Ditch/drain/culvert,,,Unknown / not stated,Sealed,Dry,Fine,Darkness,Nil,No traffic controls,100 km/h,Regional,70,Off road to left,701,Off carriageway to left,,Rollover,Light truck utility(from 2018),,1,0,0,0,0,9,September,Spring,Monday,20:00 - 21:59,Evening / night,False,False,False,False
1361461,Non-casualty (towaway),Non-casualty (towaway),2024,2024,September,Friday,08:00 - 09:59,CASTLEREAGH,RD,0,Right on the spot,NUMBER 2115,HN,PENRITH,630.0,No,Not a school zone,Divided road,-33.736109,150.693345,Penrith,Sydney metro. area,Syd-Newc-Woll Gtr conurbation,Straight,,,,Unknown / not stated,Sealed,Dry,Fine,Daylight,Nil,No traffic controls,60 km/h,State,30,Rear end,301,Same - Rear end,,Rear end,Car (sedan/hatch),4 wheel drive / SUV,2,0,0,0,0,9,September,Spring,Friday,08:00 - 09:59,AM peak / school commute,True,False,False,False
1361464,Non-casualty (towaway),Non-casualty (towaway),2024,2024,August,Friday,16:00 - 17:59,MACQUARIE,ST,0,Right on the spot,KABLE,ST,WINDSOR,184.0,No,Not a school zone,X-intersection,-33.606761,150.822191,Hawkesbury,Country urban,Syd-Newc-Woll Gtr conurbation,Straight,,,,Unknown / not stated,Sealed,Dry,Fine,Dusk,On,No traffic controls,60 km/h,State,32,Right rear,303,Same - Rear right,,Rear end,Light truck utility(from 2018),Station wagon,2,0,0,0,0,8,August,Winter,Friday,16:00 - 17:59,PM peak / evening commute,True,False,False,False
1361465,Non-casualty (towaway),Non-casualty (towaway),2024,2024,August,Saturday,20:00 - 21:59,BAYLIS,ST,0,Right on the spot,MORROW,ST,WAGGA WAGGA,,No,Not a school zone,X-intersection,-35.109862,147.370516,Wagga Wagga,Country urban,Rest of NSW - Urban,Straight,,,,Unknown / not stated,Sealed,Dry,Fine,Darkness,Nil,Give way sign,50 km/h,Local,10,Cross traffic,101,Adj - Cross traffic,,Right angle,Car (sedan/hatch),4 wheel drive / SUV,2,0,0,0,0,8,August,Winter,Saturday,20:00 - 21:59,Evening / night,False,False,False,False
1361468,Non-casualty (towaway),Non-casualty (towaway),2024,2024,September,Monday,18:00 - 19:59,REMEMBRANCE,DVWY,500,North,KOORANA,RD,PICTON,620.0,No,Not a school zone,2-way undivided,-34.208378,150.612171,Wollondilly,Country urban,Syd-Newc-Woll Gtr conurbation,Curved,Steep grade,,,Unknown / not stated,Sealed,Dry,Fine,Dusk,Nil,No traffic controls,80 km/h,Regional,88,Out of cont on bend,805,Out of control on bend,,Rollover,Light truck,,1,0,0,0,0,9,September,Spring,Monday,18:00 - 19:59,PM peak / evening commute,True,False,False,False
1361469,Non-casualty (towaway),Non-casualty (towaway),2024,2024,August,Friday,18:00 - 19:59,TOORONGA,TCE,0,Right on the spot,NUMBER 34,HN,BEVERLY HILLS,7035.0,No,Not a school zone,2-way undivided,-33.94847,151.081608,Georges River,Sydney metro. area,Syd-Newc-Woll Gtr conurbation,Straight,,,,Unknown / not stated,Sealed,Dry,Fine,Darkness,Nil,No traffic controls,50 km/h,Regional,40,U turn,207,Opp - U-turn,,Other angle,Car (sedan/hatch),Car (sedan/hatch),2,0,0,0,0,8,August,Winter,Friday,18:00 - 19:59,PM peak / evening commute,True,False,False,False
1361471,Non-casualty (towaway),Non-casualty (towaway),2024,2024,August,Thursday,16:00 - 17:59,ORIORDAN,ST,0,Right on the spot,COLLINS,ST,ALEXANDRIA,658.0,No,Not a school zone,X-intersection,-33.911546,151.197559,Sydney,Sydney metro. area,Syd-Newc-Woll Gtr conurbation,Straight,,,,Nil,Sealed,Dry,Fine,Daylight,On,No traffic controls,50 km/h,State,10,Cross traffic,101,Adj - Cross traffic,,Right angle,4 wheel drive / SUV,4 wheel drive / SUV,2,0,0,0,0,8,August,Winter,Thursday,16:00 - 17:59,PM peak / evening commute,True,False,False,False
1361472,Non-casualty (towaway),Non-casualty (towaway),2024,2024,August,Monday,12:00 - 13:59,KOONA,ST,0,Right on the spot,WOOROO,ST,ALBION PARK RAIL,,No,Not a school zone,T-junction,-34.562444,150.804558,Shellharbour,Wollongong met. area,Syd-Newc-Woll Gtr conurbation,Curved,,,,Unknown / not stated,Sealed,Dry,Fine,Daylight,Nil,Give way sign,50 km/h,Local,81,Off left/rt bnd=>obj,803,Off right bend into obj,Left,Vehicle - Object,Car (sedan/hatch),,1,0,0,0,0,8,August,Winter,Monday,12:00 - 13:59,Midday / afternoon,False,False,False,False
1361473,Non-casualty (towaway),Non-casualty (towaway),2024,2024,September,Tuesday,08:00 - 09:59,M7 WESTLINK,EXP,200,East,RICHMOND ROAD,OP,COLEBEE,6009.0,No,Not a school zone,Dual freeway,-33.731709,150.850267,Blacktown,Sydney metro. area,Syd-Newc-Woll Gtr conurbation,Curved,,,,Unknown / not stated,Sealed,Dry,Fine,Daylight,Nil,No traffic controls,100 km/h,State,30,Rear end,301,Same - Rear end,,Rear end,Car (sedan/hatch),Car (sedan/hatch),2,0,0,0,0,9,September,Spring,Tuesday,08:00 - 09:59,AM peak / school commute,True,False,False,False
1361475,Non-casualty (towaway),Non-casualty (towaway),2024,2024,September,Tuesday,06:00 - 07:59,ADDISON,ST,0,Right on the spot,KENSINGTON,RD,KENSINGTON,,Yes,No,X-intersection,-33.911519,151.220677,Randwick,Sydney metro. area,Syd-Newc-Woll Gtr conurbation,Straight,,,,Unknown / not stated,Sealed,Dry,Fine,Daylight,Nil,Stop sign,50 km/h,Local,10,Cross traffic,101,Adj - Cross traffic,,Right angle,Car (sedan/hatch),Car (sedan/hatch),2,0,0,0,0,9,September,Spring,Tuesday,06:00 - 07:59,AM peak / school commute,True,False,False,False
1361476,Non-casualty (towaway),Non-casualty (towaway),2024,2024,July,Monday,08:00 - 09:59,OLD RAZORBACK,RD,200,South,MT HERCULES,RD,RAZORBACK,,No,Not a school zone,2-way undivided,-34.143849,150.663963,Wollondilly,Country urban,Syd-Newc-Woll Gtr conurbation,Curved,Ditch/drain/culvert,,,Unknown / not stated,Sealed,Dry,Fine,Daylight,Nil,No traffic controls,60 km/h,Local,87,Off lft/lft bnd=>obj,804,Off left bend into obj,Left,Vehicle - Object,Car (sedan/hatch),,1,0,0,0,0,7,July,Winter,Monday,08:00 - 09:59,AM peak / school commute,True,False,False,False
1361478,Non-casualty (towaway),Non-casualty (towaway),2024,2024,September,Tuesday,20:00 - 21:59,JAMES RUSE,DR,100,South,PROSPECT,ST,ROSEHILL,309.0,No,Not a school zone,Divided road,-33.824888,151.021172,Parramatta,Sydney metro. area,Syd-Newc-Woll Gtr conurbation,Straight,,,,Unknown / not stated,Sealed,Dry,Fine,Darkness,Nil,No traffic controls,70 km/h,State,73,Off rd rght => obj,704,Right off cway into obj,,Vehicle - Object,Light truck utility(from 2018),,1,0,0,0,0,9,September,Spring,Tuesday,20:00 - 21:59,Evening / night,False,False,False,False
1361482,Non-casualty (towaway),Non-casualty (towaway),2024,2024,September,Monday,08:00 - 09:59,EARL,ST,0,Right on the spot,RALEIGH,ST,COFFS HARBOUR,,No,Not a school zone,X-intersection,-30.303785,153.114531,Coffs Harbour,Country urban,Rest of NSW - Urban,Straight,Crest,,,Unknown / not stated,Sealed,Dry,Fine,Daylight,Nil,Give way sign,50 km/h,Local,10,Cross traffic,101,Adj - Cross traffic,,Right angle,Car (sedan/hatch),Station wagon,2,0,0,0,0,9,September,Spring,Monday,08:00 - 09:59,AM peak / school commute,True,False,False,False
1361488,Non-casualty (towaway),Non-casualty (towaway),2024,2024,September,Monday,14:00 - 15:59,EMPIRE BAY,DR,0,Right on the spot,NUMBER 177,HN,EMPIRE BAY,349.0,No,Not a school zone,2-way undivided,-33.497581,151.359303,Central Coast,Country urban,Syd-Newc-Woll Gtr conurbation,Straight,,,,Unknown / not stated,Sealed,Dry,Fine,Daylight,Nil,No traffic controls,60 km/h,State,30,Rear end,301,Same - Rear end,,Rear end,Light truck,4 wheel drive / SUV,3,0,0,0,0,9,September,Spring,Monday,14:00 - 15:59,Midday / afternoon,False,False,False,False
1361489,Non-casualty (towaway),Non-casualty (towaway),2024,2024,September,Sunday,18:00 - 19:59,GOOROOMON PONDS,RD,0,Right on the spot,NUMBER 254,HN,WALLAROO,,No,Not a school zone,2-way undivided,-35.173251,149.010136,Yass Valley,Country urban,Rest of NSW - Urban,Straight,,,,Unknown / not stated,Sealed,Dry,Fine,Darkness,Nil,No traffic controls,80 km/h,Local,67,Struck animal,609,On path - Hit animal,,Vehicle - Animal,Light truck utility(from 2018),,1,0,0,0,0,9,September,Spring,Sunday,18:00 - 19:59,PM peak / evening commute,True,False,False,False
1361491,Non-casualty (towaway),Non-casualty (towaway),2024,2024,July,Sunday,16:00 - 17:59,ANDERSON,RD,0,Right on the spot,ANZAC,AVE,SMEATON GRANGE,,No,Not a school zone,Roundabout,-34.034423,150.760908,Camden,Sydney metro. area,Syd-Newc-Woll Gtr conurbation,Straight,,,,Nil,Sealed,Dry,Fine,Dusk,Nil,Give way sign,60 km/h,Local,34,Lane change right,306,Same - Lane change right,,Other angle,Car (sedan/hatch),4 wheel drive / SUV,2,0,0,0,0,7,July,Winter,Sunday,16:00 - 17:59,PM peak / evening commute,True,False,False,False
1361498,Non-casualty (towaway),Non-casualty (towaway),2024,2024,September,Monday,16:00 - 17:59,HUME,HWY,130,South,CAMPBELLTOWN ROAD,TO,EAGLE VALE,2.0,No,Not a school zone,Other,-34.031769,150.824135,Campbelltown,Sydney metro. area,Syd-Newc-Woll Gtr conurbation,Curved,,,,Unknown / not stated,Sealed,Dry,Fine,Daylight,Nil,No traffic controls,110 km/h,State,30,Rear end,301,Same - Rear end,,Rear end,Car (sedan/hatch),Light truck utility(from 2018),2,0,0,0,0,9,September,Spring,Monday,16:00 - 17:59,PM peak / evening commute,True,False,False,False
1361505,Non-casualty (towaway),Non-casualty (towaway),2024,2024,August,Saturday,12:00 - 13:59,GREAT WESTERN,HWY,0,Right on the spot,LANSDOWNE,ST,PARRAMATTA,5.0,No,Not a school zone,T-junction,-33.821907,151.004152,Parramatta,Sydney metro. area,Syd-Newc-Woll Gtr conurbation,Straight,,,,Unknown / not stated,Sealed,Dry,Fine,Daylight,Nil,Give way sign,60 km/h,State,13,Right near,104,Adj - Right-thru from right,,Right angle,Car (sedan/hatch),Car (sedan/hatch),2,0,0,0,0,8,August,Winter,Saturday,12:00 - 13:59,Midday / afternoon,False,False,False,False
1361506,Non-casualty (towaway),Non-casualty (towaway),2024,2024,September,Tuesday,08:00 - 09:59,CUMBERLAND,HWY,0,Right on the spot,NORTH ROCKS,RD,CARLINGFORD,13.0,Yes,No,X-intersection,-33.766481,151.04752,Parramatta,Sydney metro. area,Syd-Newc-Woll Gtr conurbation,Straight,,,,Unknown / not stated,Sealed,Dry,Fine,Daylight,On,No traffic controls,60 km/h,State,36,Right turn sideswipe,308,Same - Rgt turn side swipe,,Other angle,Car (sedan/hatch),Other bus,3,0,0,0,0,9,September,Spring,Tuesday,08:00 - 09:59,AM peak / school commute,True,False,False,False
1361507,Non-casualty (towaway),Non-casualty (towaway),2024,2024,September,Sunday,12:00 - 13:59,WINDSOR,RD,60,North,COMMERCIAL,RD,ROUSE HILL,184.0,No,Not a school zone,Divided road,-33.687208,150.919554,The Hills,Sydney metro. area,Syd-Newc-Woll Gtr conurbation,Straight,,,,Unknown / not stated,Sealed,Dry,Fine,Daylight,Nil,No traffic controls,80 km/h,State,33,Lane sideswipe,305,Same - Lane side swipe,,Other angle,Car (sedan/hatch),Car (sedan/hatch),3,0,0,0,0,9,September,Spring,Sunday,12:00 - 13:59,Midday / afternoon,False,False,False,False
1361509,Non-casualty (towaway),Non-casualty (towaway),2024,2024,August,Saturday,14:00 - 15:59,KING GEORGES,RD,0,Right on the spot,NUMBER 103-107,HN,WILEY PARK,200.0,Yes,No,Divided road,-33.924974,151.069574,Canterbury-Bankstown,Sydney metro. area,Syd-Newc-Woll Gtr conurbation,Straight,,,,Unknown / not stated,Sealed,Dry,Fine,Daylight,Nil,No traffic controls,60 km/h,State,30,Rear end,301,Same - Rear end,,Rear end,Car (sedan/hatch),4 wheel drive / SUV,3,0,0,0,0,8,August,Winter,Saturday,14:00 - 15:59,Midday / afternoon,False,False,False,False
1361511,Non-casualty (towaway),Non-casualty (towaway),2024,2024,September,Sunday,16:00 - 17:59,PRINCES,HWY,0,Right on the spot,RAILWAY,RD,SYDENHAM,1.0,No,Not a school zone,T-junction,-33.919162,151.16927,Inner West,Sydney metro. area,Syd-Newc-Woll Gtr conurbation,Straight,,,,Unknown / not stated,Sealed,Dry,Fine,Dusk,On,No traffic controls,60 km/h,State,31,Left rear,302,Same - Rear left,,Rear end,Car (sedan/hatch),Car (sedan/hatch),2,0,0,0,0,9,September,Spring,Sunday,16:00 - 17:59,PM peak / evening commute,True,False,False,False
1361517,Non-casualty (towaway),Non-casualty (towaway),2024,2024,June,Monday,14:00 - 15:59,BERTHONG,RD,7000,South,MILVALE,RD,BERTHONG,,No,Not a school zone,2-way undivided,-34.40761,148.071083,Hilltops,Country non-urban,Rest of NSW - Rural,Straight,Crest,,,Unknown / not stated,Sealed,Dry,Fine,Daylight,Nil,No traffic controls,100 km/h,Local,67,Struck animal,609,On path - Hit animal,,Vehicle - Animal,Car (sedan/hatch),,1,0,0,0,0,6,June,Winter,Monday,14:00 - 15:59,Midday / afternoon,False,False,False,False
1361519,Non-casualty (towaway),Non-casualty (towaway),2024,2024,August,Thursday,14:00 - 15:59,TAREN POINT,RD,0,Right on the spot,PARRAWEENA,RD,CARINGBAH,199.0,No,Not a school zone,X-intersection,-34.026573,151.120342,Sutherland,Sydney metro. area,Syd-Newc-Woll Gtr conurbation,Straight,,,,Unknown / not stated,Sealed,Dry,Fine,Daylight,On,No traffic controls,70 km/h,State,10,Cross traffic,101,Adj - Cross traffic,,Right angle,Large rigid,Light truck,2,0,0,0,0,8,August,Winter,Thursday,14:00 - 15:59,Midday / afternoon,False,False,False,False
1361520,Non-casualty (towaway),Non-casualty (towaway),2024,2024,August,Wednesday,10:00 - 11:59,WENTWORTH,AVE,100,East,GRAHAM,AVE,WENTWORTHVILLE,7279.0,No,Not a school zone,2-way undivided,-33.804169,150.965924,Parramatta,Sydney metro. area,Syd-Newc-Woll Gtr conurbation,Straight,,,,Unknown / not stated,Sealed,Dry,Fine,Daylight,Nil,No traffic controls,60 km/h,Regional,39,Other same direction,300,Same - other,,Other angle,Car (sedan/hatch),Large rigid,2,0,0,0,0,8,August,Winter,Wednesday,10:00 - 11:59,Midday / afternoon,False,False,False,False
1361522,Non-casualty (towaway),Non-casualty (towaway),2024,2024,September,Tuesday,10:00 - 11:59,PACIFIC,HWY,0,Right on the spot,NEW ENGLAND HIGHWAY,TO,HEXHAM,10.0,No,Not a school zone,Divided road,-32.827088,151.683755,Newcastle,Newcastle met. area,Syd-Newc-Woll Gtr conurbation,Curved,,,,Unknown / not stated,Sealed,Dry,Fine,Daylight,Nil,No traffic controls,80 km/h,State,39,Other same direction,300,Same - other,,Other angle,Large rigid,4 wheel drive / SUV,2,0,0,0,0,9,September,Spring,Tuesday,10:00 - 11:59,Midday / afternoon,False,False,False,False
1361523,Non-casualty (towaway),Non-casualty (towaway),2024,2024,September,Tuesday,16:00 - 17:59,WALTER,ST,10,West,WILLOUGHBY,RD,WILLOUGHBY,641.0,No,Not a school zone,T-junction,-33.812502,151.199403,Willoughby,Sydney metro. area,Syd-Newc-Woll Gtr conurbation,Straight,,,,Unknown / not stated,Sealed,Dry,Fine,Dusk,Nil,No traffic controls,60 km/h,State,85,Off rt/lft bnd=>obj,706,Left turn,Right,Vehicle - Object,Car (sedan/hatch),,1,0,0,0,0,9,September,Spring,Tuesday,16:00 - 17:59,PM peak / evening commute,True,False,False,False