crash_id,degree_of_crash,degree_of_crash_-_detailed,reporting_year,year_of_crash,month_of_crash,day_of_week_of_crash,two-hour_intervals,street_of_crash,street_type,distance,direction,identifying_feature,identifying_feature_type,town,route_no.,school_zone_location,school_zone_active,type_of_location,latitude,longitude,lga,urbanisation,conurbation_1,alignment,primary_permanent_feature,primary_temporary_feature,primary_hazardous_feature,street_lighting,road_surface,surface_condition,weather,natural_lighting,signals_operation,other_traffic_control,speed_limit,road_classification_(admin),rum_-_code,rum_-_description,dca_-_code,dca_-_description,dca_supplement,first_impact_type,key_tu_type,other_tu_type,no._of_traffic_units_involved,no._killed,no._seriously_injured,no._moderately_injured,no._minor-other_injured,month_num,month_label,season,day_label,time_label,time_band,is_peak_commute,is_fatal,is_injury,is_casualty
1361524,Non-casualty (towaway),Non-casualty (towaway),2024,2024,August,Thursday,12:00 - 13:59,COMO,RD,0,Right on the spot,NUMBER 27,HN,GREENACRE,,No,Not a school zone,2-way undivided,-33.892624,151.057203,Canterbury-Bankstown,Sydney metro. area,Syd-Newc-Woll Gtr conurbation,Straight,,,,Unknown / not stated,Sealed,Dry,Fine,Daylight,Nil,No traffic controls,50 km/h,Local,42,Leaving parking,401,Manov - Leaving parking,,Other angle,Car (sedan/hatch),Car (sedan/hatch),2,0,0,0,0,8,August,Winter,Thursday,12:00 - 13:59,Midday / afternoon,False,False,False,False
1361526,Non-casualty (towaway),Non-casualty (towaway),2024,2024,March,Sunday,14:00 - 15:59,RUSSELL,AVE,50,West,CARRUTHERS,DR,DOLLS POINT,,Yes,No,2-way undivided,-33.994616,151.145678,Bayside,Sydney metro. area,Syd-Newc-Woll Gtr conurbation,Straight,,,,Unknown / not stated,Sealed,Dry,Fine,Daylight,Nil,No traffic controls,50 km/h,Local,39,Other same direction,300,Same - other,,Other angle,Car (sedan/hatch),4 wheel drive / SUV,2,0,0,0,0,3,March,Autumn,Sunday,14:00 - 15:59,Midday / afternoon,False,False,False,False
1361529,Non-casualty (towaway),Non-casualty (towaway),2024,2024,September,Sunday,12:00 - 13:59,NEW MOUNT PLEASANT,RD,300,East,MT OUSLEY ROAD,OP,MOUNT PLEASANT,,No,Not a school zone,2-way undivided,-34.394342,150.869407,Wollongong,Wollongong met. area,Syd-Newc-Woll Gtr conurbation,Curved,Steep grade,,,Unknown / not stated,Sealed,Dry,Fine,Daylight,Nil,No traffic controls,50 km/h,Local,30,Rear end,301,Same - Rear end,,Rear end,Light truck utility(from 2018),4 wheel drive / SUV,2,0,0,0,0,9,September,Spring,Sunday,12:00 - 13:59,Midday / afternoon,False,False,False,False
1361531,Non-casualty (towaway),Non-casualty (towaway),2024,2024,August,Wednesday,12:00 - 13:59,BEATTIE,ST,0,Right on the spot,NUMBER 20,HN,BALMAIN,,No,Not a school zone,2-way undivided,-33.857946,151.179864,Inner West,Sydney metro. area,Syd-Newc-Woll Gtr conurbation,Straight,,,,Unknown / not stated,Sealed,Dry,Fine,Daylight,Nil,No traffic controls,40 km/h,Local,71,Off rd left => obj,703,Left off cway into object,,Other angle,4 wheel drive / SUV,4 wheel drive / SUV,2,0,0,0,0,8,August,Winter,Wednesday,12:00 - 13:59,Midday / afternoon,False,False,False,False
1361533,Non-casualty (towaway),Non-casualty (towaway),2024,2024,September,Sunday,10:00 - 11:59,O'BRIEN,ST,0,Right on the spot,NUMBER 78,HN,BONDI BEACH,,No,Not a school zone,2-way undivided,-33.889022,151.268066,Waverley,Sydney metro. area,Syd-Newc-Woll Gtr conurbation,Straight,,,,Unknown / not stated,Sealed,Dry,Fine,Daylight,Nil,No traffic controls,50 km/h,Local,30,Rear end,301,Same - Rear end,,Rear end,4 wheel drive / SUV,4 wheel drive / SUV,2,0,0,0,0,9,September,Spring,Sunday,10:00 - 11:59,Midday / afternoon,False,False,False,False
1361534,Non-casualty (towaway),Non-casualty (towaway),2024,2024,September,Tuesday,10:00 - 11:59,GENERAL HOLMES,DR,260,East,TUNNEL,ENT,MASCOT,194.0,No,Not a school zone,Divided road,-33.945945,151.17639,Bayside,Sydney metro. area,Syd-Newc-Woll Gtr conurbation,Straight,Underpass/tunnel,,,Unknown / not stated,Sealed,Dry,Fine,Daylight,Nil,No traffic controls,70 km/h,State,35,Lane change left,307,Same - Lane change left,,Other angle,Station wagon,Large rigid,2,0,0,0,0,9,September,Spring,Tuesday,10:00 - 11:59,Midday / afternoon,False,False,False,False
1361535,Non-casualty (towaway),Non-casualty (towaway),2024,2024,August,Saturday,22:00 - Midnight,LANE COVE,RD,0,Right on the spot,QUARRY,RD,RYDE,162.0,No,Not a school zone,X-intersection,-33.80383,151.113255,Ryde,Sydney metro. area,Syd-Newc-Woll Gtr conurbation,Curved,,,,Unknown / not stated,Sealed,Dry,Fine,Darkness,On,No traffic controls,70 km/h,State,10,Cross traffic,101,Adj - Cross traffic,,Right angle,Car (sedan/hatch),Car (sedan/hatch),2,0,0,0,0,8,August,Winter,Saturday,22:00 - Midnight,Evening / night,False,False,False,False
1361537,Non-casualty (towaway),Non-casualty (towaway),2024,2024,August,Friday,08:00 - 09:59,BATH,RD,0,Right on the spot,NUMBER 138,HN,KIRRAWEE,,No,Not a school zone,2-way undivided,-34.031026,151.076435,Sutherland,Sydney metro. area,Syd-Newc-Woll Gtr conurbation,Straight,Driveway/entrance,,,Unknown / not stated,Sealed,Dry,Fine,Daylight,Nil,No traffic controls,50 km/h,Local,53,Overtake turning,506,Ovtak - Overtaking right turn,,Other angle,Light truck utility(from 2018),Car (sedan/hatch),2,0,0,0,0,8,August,Winter,Friday,08:00 - 09:59,AM peak / school commute,True,False,False,False
1361539,Non-casualty (towaway),Non-casualty (towaway),2024,2024,September,Wednesday,12:00 - 13:59,PACIFIC,HWY,200,South,LINDSAYS ROOAD,OP,BOAMBEE EAST,10.0,No,Not a school zone,Divided road,-30.337002,153.07803,Coffs Harbour,Country non-urban,Rest of NSW - Rural,Straight,Other bridge,,,Unknown / not stated,Sealed,Dry,Fine,Daylight,Nil,No traffic controls,100 km/h,State,71,Off rd left => obj,703,Left off cway into object,,Vehicle - Object,Light truck,,1,0,0,0,0,9,September,Spring,Wednesday,12:00 - 13:59,Midday / afternoon,False,False,False,False
1361540,Non-casualty (towaway),Non-casualty (towaway),2024,2024,September,Tuesday,18:00 - 19:59,OLYMPIC,DR,0,Right on the spot,CHURCH,ST,LIDCOMBE,190.0,No,Not a school zone,X-intersection,-33.861729,151.042278,Cumberland,Sydney metro. area,Syd-Newc-Woll Gtr conurbation,Curved,Crest,,,Unknown / not stated,Sealed,Dry,Fine,Darkness,On,No traffic controls,70 km/h,State,30,Rear end,301,Same - Rear end,,Rear end,Car (sedan/hatch),4 wheel drive / SUV,2,0,0,0,0,9,September,Spring,Tuesday,18:00 - 19:59,PM peak / evening commute,True,False,False,False
1361542,Non-casualty (towaway),Non-casualty (towaway),2024,2024,August,Friday,14:00 - 15:59,DIAMOND,PL,10,South,KENNEDY,DR,TWEED HEADS,,No,Not a school zone,T-junction,-28.186979,153.528212,Tweed,Country urban,Rest of NSW - Urban,Straight,,,,Off,Sealed,Dry,Fine,Daylight,Nil,No traffic controls,50 km/h,Local,71,Off rd left => obj,703,Left off cway into object,,Other angle,Car (sedan/hatch),Car (sedan/hatch),2,0,0,0,0,8,August,Winter,Friday,14:00 - 15:59,Midday / afternoon,False,False,False,False
1361554,Non-casualty (towaway),Non-casualty (towaway),2024,2024,August,Friday,14:00 - 15:59,BRIGG,RD,50,East,BLAXLAND,RD,EPPING,,No,Not a school zone,2-way undivided,-33.778969,151.084899,Parramatta,Sydney metro. area,Syd-Newc-Woll Gtr conurbation,Straight,,,,Off,Sealed,Dry,Fine,Daylight,Nil,No traffic controls,50 km/h,Local,71,Off rd left => obj,703,Left off cway into object,,Other angle,Car (sedan/hatch),Car (sedan/hatch),6,0,0,0,0,8,August,Winter,Friday,14:00 - 15:59,Midday / afternoon,False,False,False,False
1361555,Non-casualty (towaway),Non-casualty (towaway),2024,2024,August,Friday,22:00 - Midnight,BLACKWALL,DR,1000,South,COOLGARDIE,RD,WARDELL,,No,Not a school zone,Divided road,-28.931006,153.47432,Ballina,Country non-urban,Rest of NSW - Rural,Straight,,,,Nil,Sealed,Dry,Fine,Darkness,Nil,No traffic controls,100 km/h,Local,73,Off rd rght => obj,704,Right off cway into obj,,Vehicle - Object,Light truck utility(from 2018),,1,0,0,0,0,8,August,Winter,Friday,22:00 - Midnight,Evening / night,False,False,False,False
1361556,Non-casualty (towaway),Non-casualty (towaway),2024,2024,August,Saturday,10:00 - 11:59,BRISBANE,RD,0,Right on the spot,EDWARD,ST,RIVERSTONE,,No,Not a school zone,X-intersection,-33.663807,150.859708,Blacktown,Sydney metro. area,Syd-Newc-Woll Gtr conurbation,Straight,Steep grade,,,Off,Sealed,Dry,Fine,Daylight,Nil,Give way sign,50 km/h,Local,10,Cross traffic,101,Adj - Cross traffic,,Right angle,4 wheel drive / SUV,Light truck utility(from 2018),2,0,0,0,0,8,August,Winter,Saturday,10:00 - 11:59,Midday / afternoon,False,False,False,False
1361558,Non-casualty (towaway),Non-casualty (towaway),2024,2024,September,Sunday,22:00 - Midnight,KING,RD,225,North,SMITHFIELD,RD,PRAIRIEWOOD,7231.0,No,Not a school zone,Divided road,-33.860884,150.916613,Fairfield,Sydney metro. area,Syd-Newc-Woll Gtr conurbation,Straight,Steep grade,,,On,Sealed,Dry,Fine,Darkness,Nil,No traffic controls,60 km/h,Regional,71,Off rd left => obj,703,Left off cway into object,,Other angle,Car (sedan/hatch),4 wheel drive / SUV,2,0,0,0,0,9,September,Spring,Sunday,22:00 - Midnight,Evening / night,False,False,False,False
1361574,Non-casualty (towaway),Non-casualty (towaway),2024,2024,August,Tuesday,00:01 - 01:59,FIRST,ST,50,East,FIVE ISLANDS,RD,BOORAGUL,,No,Not a school zone,2-way undivided,-32.969908,151.607053,Lake Macquarie,Newcastle met. area,Syd-Newc-Woll Gtr conurbation,Straight,,,,On,Sealed,Dry,Fine,Darkness,Nil,No traffic controls,50 km/h,Local,71,Off rd left => obj,703,Left off cway into object,,Other angle,Car (sedan/hatch),4 wheel drive / SUV,2,0,0,0,0,8,August,Winter,Tuesday,00:01 - 01:59,Late night / early morning,False,False,False,False
1361580,Non-casualty (towaway),Non-casualty (towaway),2024,2024,August,Friday,22:00 - Midnight,DAVIES,RD,0,Right on the spot,BRIDGE,ST,PADSTOW,190.0,No,Not a school zone,T-junction,-33.95124,151.038469,Canterbury-Bankstown,Sydney metro. area,Syd-Newc-Woll Gtr conurbation,Straight,,,,On,Sealed,Dry,Fine,Darkness,Nil,No traffic controls,70 km/h,State,16,Left near,107,Adj - Left-thru from right,,Right angle,4 wheel drive / SUV,Unknown motor vehicle,2,0,0,0,0,8,August,Winter,Friday,22:00 - Midnight,Evening / night,False,False,False,False
1361583,Non-casualty (towaway),Non-casualty (towaway),2024,2024,June,Thursday,08:00 - 09:59,ROOKWOOD,RD,100,North,DAVIS,LANE,YAGOONA,190.0,No,Not a school zone,2-way undivided,-33.904194,151.036406,Canterbury-Bankstown,Sydney metro. area,Syd-Newc-Woll Gtr conurbation,Straight,,,,Nil,Sealed,Dry,Fine,Daylight,Nil,No traffic controls,60 km/h,State,29,Other opposing,200,Opp - other,,Other angle,Car (sedan/hatch),4 wheel drive / SUV,2,0,0,0,0,6,June,Winter,Thursday,08:00 - 09:59,AM peak / school commute,True,False,False,False
1361589,Non-casualty (towaway),Non-casualty (towaway),2024,2024,August,Tuesday,04:00 - 05:59,BURELLI,ST,20,West,CHURCH,ST,WOLLONGONG,,No,Not a school zone,2-way undivided,-34.426287,150.89472,Wollongong,Wollongong met. area,Syd-Newc-Woll Gtr conurbation,Straight,,,,On,Sealed,Dry,Fine,Darkness,Nil,No traffic controls,50 km/h,Local,73,Off rd rght => obj,704,Right off cway into obj,,Vehicle - Object,Car (sedan/hatch),,1,0,0,0,0,8,August,Winter,Tuesday,04:00 - 05:59,Late night / early morning,False,False,False,False
1361594,Non-casualty (towaway),Non-casualty (towaway),2024,2024,August,Sunday,18:00 - 19:59,CARY,ST,0,Right on the spot,NUMBER 90,HN,TORONTO,217.0,No,Not a school zone,2-way undivided,-33.006206,151.594557,Lake Macquarie,Newcastle met. area,Syd-Newc-Woll Gtr conurbation,Straight,,,,On,Sealed,Dry,Fine,Darkness,Nil,No traffic controls,60 km/h,State,71,Off rd left => obj,703,Left off cway into object,,Other angle,Car (sedan/hatch),Car (sedan/hatch),3,0,0,0,0,8,August,Winter,Sunday,18:00 - 19:59,PM peak / evening commute,True,False,False,False
1361597,Non-casualty (towaway),Non-casualty (towaway),2024,2024,September,Sunday,04:00 - 05:59,ALLEN,ST,50,North,THOMAS,WAY,BLAXLAND,,No,Not a school zone,2-way undivided,-33.748024,150.617579,Blue Mountains,Country urban,Syd-Newc-Woll Gtr conurbation,Straight,Spd hump/slow pt/chc,,,On,Sealed,Dry,Fine,Darkness,Nil,No traffic controls,50 km/h,Local,71,Off rd left => obj,703,Left off cway into object,,Other angle,Car (sedan/hatch),Car (sedan/hatch),2,0,0,0,0,9,September,Spring,Sunday,04:00 - 05:59,Late night / early morning,False,False,False,False
1361601,Non-casualty (towaway),Non-casualty (towaway),2024,2024,July,Thursday,16:00 - 17:59,UNION,ST,10,North,KNIGHT,ST,NEWTOWN,,No,Not a school zone,T-junction,-33.903803,151.180937,Sydney,Sydney metro. area,Syd-Newc-Woll Gtr conurbation,Straight,,,,Off,Sealed,Dry,Fine,Daylight,Nil,No traffic controls,50 km/h,Local,71,Off rd left => obj,703,Left off cway into object,,Other angle,Passenger van,4 wheel drive / SUV,2,0,0,0,0,7,July,Winter,Thursday,16:00 - 17:59,PM peak / evening commute,True,False,False,False
1361605,Non-casualty (towaway),Non-casualty (towaway),2024,2024,August,Thursday,06:00 - 07:59,MCCORMACK,ST,10,South,HOLBECHE,RD,ARNDELL PARK,,No,Not a school zone,T-junction,-33.787925,150.875875,Blacktown,Sydney metro. area,Syd-Newc-Woll Gtr conurbation,Straight,,,,Off,Sealed,Dry,Fine,Daylight,Nil,Give way sign,50 km/h,Local,87,Off lft/lft bnd=>obj,706,Left turn,Left,Other angle,B-double (road train prior 98),Station wagon,2,0,0,0,0,8,August,Winter,Thursday,06:00 - 07:59,AM peak / school commute,True,False,False,False
1361612,Non-casualty (towaway),Non-casualty (towaway),2024,2024,August,Friday,22:00 - Midnight,GARAGARANG,ST,50,South,ILUKA,AVE,MALUA BAY,,No,Not a school zone,2-way undivided,-35.785701,150.231968,Eurobodalla,Country urban,Rest of NSW - Urban,Straight,Steep grade,,,On,Sealed,Dry,Fine,Darkness,Nil,No traffic controls,50 km/h,Local,87,Off lft/lft bnd=>obj,804,Off left bend into obj,Left,Vehicle - Object,4 wheel drive / SUV,,1,0,0,0,0,8,August,Winter,Friday,22:00 - Midnight,Evening / night,False,False,False,False
1361631,Non-casualty (towaway),Non-casualty (towaway),2024,2024,September,Monday,18:00 - 19:59,FLAT,RD,250,East,NUMBER 78,HN,BOLWARRA,101.0,No,Not a school zone,2-way undivided,-32.7171,151.583396,Maitland,Country urban,Rest of NSW - Urban,Straight,,,,Nil,Sealed,Dry,Fine,Darkness,Nil,No traffic controls,80 km/h,Regional,67,Struck animal,609,On path - Hit animal,,Vehicle - Animal,Car (sedan/hatch),,1,0,0,0,0,9,September,Spring,Monday,18:00 - 19:59,PM peak / evening commute,True,False,False,False
1361632,Non-casualty (towaway),Non-casualty (towaway),2024,2024,August,Saturday,00:01 - 01:59,LANDA,ST,0,Right on the spot,NUMBER 12A,HN,BOWENFELS,,No,Not a school zone,2-way undivided,-33.48493,150.133858,Lithgow,Country urban,Rest of NSW - Urban,Curved,,,,On,Sealed,Dry,Fine,Darkness,Nil,No traffic controls,50 km/h,Local,85,Off rt/lft bnd=>obj,804,Off left bend into obj,Right,Vehicle - Object,Car (sedan/hatch),,1,0,0,0,0,8,August,Winter,Saturday,00:01 - 01:59,Late night / early morning,False,False,False,False
1361643,Non-casualty (towaway),Non-casualty (towaway),2024,2024,August,Friday,20:00 - 21:59,STOCKDALE,CRES,10,North,STOCKDALE,CRES,ABBOTSBURY,,No,Not a school zone,T-junction,-33.869461,150.866003,Fairfield,Sydney metro. area,Syd-Newc-Woll Gtr conurbation,Curved,,,,On,Sealed,Dry,Fine,Darkness,Nil,No traffic controls,50 km/h,Local,83,Off rt/rt bnd=>obj,803,Off right bend into obj,Right,Vehicle - Object,Car (sedan/hatch),,1,0,0,0,0,8,August,Winter,Friday,20:00 - 21:59,Evening / night,False,False,False,False
1361654,Non-casualty (towaway),Non-casualty (towaway),2024,2024,August,Saturday,02:00 - 03:59,WEST,ST,0,Right on the spot,NUMBER 128,HN,GUNDAGAI,243.0,Yes,No,2-way undivided,-35.052043,148.106634,Cootamundra-Gundagai,Country urban,Rest of NSW - Urban,Straight,Steep grade,,,On,Sealed,Dry,Fine,Darkness,Nil,No traffic controls,50 km/h,Regional,73,Off rd rght => obj,704,Right off cway into obj,,Other angle,Car (sedan/hatch),Car (sedan/hatch),2,0,0,0,0,8,August,Winter,Saturday,02:00 - 03:59,Late night / early morning,False,False,False,False
1361657,Non-casualty (towaway),Non-casualty (towaway),2024,2024,August,Wednesday,18:00 - 19:59,HUME,HWY,1000,North,MENANGLE ROAD,OP,MENANGLE PARK,2.0,No,Not a school zone,Dual freeway,-34.098336,150.764326,Campbelltown,Sydney metro. area,Syd-Newc-Woll Gtr conurbation,Straight,,,,On,Sealed,Dry,Fine,Darkness,Nil,No traffic controls,110 km/h,State,91,Object struck veh,610,On path - Load hit vehicle,,Vehicle - Object,Car (sedan/hatch),Unknown motor vehicle,2,0,0,0,0,8,August,Winter,Wednesday,18:00 - 19:59,PM peak / evening commute,True,False,False,False
1361658,Non-casualty (towaway),Non-casualty (towaway),2024,2024,August,Saturday,06:00 - 07:59,WIGGS,RD,300,West,BELL,ST,PUNCHBOWL,,No,Not a school zone,2-way undivided,-33.938239,151.045368,Canterbury-Bankstown,Sydney metro. area,Syd-Newc-Woll Gtr conurbation,Straight,,,,Off,Sealed,Dry,Fine,Daylight,Nil,No traffic controls,50 km/h,Local,20,Head on,201,Opp - Head on,,Head-on,Car (sedan/hatch),Car (sedan/hatch),2,0,0,0,0,8,August,Winter,Saturday,06:00 - 07:59,AM peak / school commute,True,False,False,False
1361683,Non-casualty (towaway),Non-casualty (towaway),2024,2024,September,Monday,04:00 - 05:59,CONSTITUTION,RD,0,Right on the spot,NUMBER 44,HN,DULWICH HILL,,No,Not a school zone,2-way undivided,-33.900541,151.13603,Inner West,Sydney metro. area,Syd-Newc-Woll Gtr conurbation,Straight,,,,On,Sealed,Dry,Fine,Darkness,Nil,No traffic controls,50 km/h,Local,49,Other manoeuvring,400,Manov - other,,Other angle,Unknown type,Passenger van,2,0,0,0,0,9,September,Spring,Monday,04:00 - 05:59,Late night / early morning,False,False,False,False
1361686,Non-casualty (towaway),Non-casualty (towaway),2024,2024,August,Tuesday,00:01 - 01:59,THE ENTRANCE,RD,0,Right on the spot,TUGGERAH,PDE,THE ENTRANCE,,No,Not a school zone,L-junction,-33.337207,151.495132,Central Coast,Country urban,Syd-Newc-Woll Gtr conurbation,Curved,,,,Unknown / not stated,Sealed,Unknown,Unknown,Darkness,Nil,No traffic controls,50 km/h,Local,85,Off rt/lft bnd=>obj,804,Off left bend into obj,Right,Other angle,Car (sedan/hatch),Station wagon,2,0,0,0,0,8,August,Winter,Tuesday,00:01 - 01:59,Late night / early morning,False,False,False,False
1361692,Non-casualty (towaway),Non-casualty (towaway),2024,2024,September,Monday,10:00 - 11:59,VICTORIA,AVE,20,West,HAVILAH,ST,CHATSWOOD,,No,Not a school zone,2-way undivided,-33.794949,151.18747,Willoughby,Sydney metro. area,Syd-Newc-Woll Gtr conurbation,Straight,Painted double centre lines,,,Off,Sealed,Dry,Fine,Daylight,Nil,No traffic controls,40 km/h,Local,54,Cutting in,504,Ovtak - Cutting in,,Other angle,Unknown motor vehicle,Car (sedan/hatch),2,0,0,0,0,9,September,Spring,Monday,10:00 - 11:59,Midday / afternoon,False,False,False,False
1361710,Non-casualty (towaway),Non-casualty (towaway),2024,2024,August,Saturday,00:01 - 01:59,WESTERN,EXP,400,West,PROSPECT HIGHWAY,OP,PROSPECT,6004.0,No,Not a school zone,Dual freeway,-33.804904,150.911384,Blacktown,Sydney metro. area,Syd-Newc-Woll Gtr conurbation,Straight,,,,On,Sealed,Dry,Fine,Darkness,Nil,No traffic controls,100 km/h,State,73,Off rd rght => obj,704,Right off cway into obj,,Vehicle - Object,Car (sedan/hatch),,2,0,0,0,0,8,August,Winter,Saturday,00:01 - 01:59,Late night / early morning,False,False,False,False
1361745,Non-casualty (towaway),Non-casualty (towaway),2024,2024,September,Tuesday,16:00 - 17:59,BARDOO,AVE,0,Right on the spot,NUMBER 22,HN,NORTH BALGOWLAH,,Yes,No,2-way undivided,-33.783543,151.247631,Northern Beaches,Sydney metro. area,Syd-Newc-Woll Gtr conurbation,Straight,Steep grade,,,Nil,Sealed,Dry,Fine,Daylight,Nil,Ped crossing,50 km/h,Local,73,Off rd rght => obj,704,Right off cway into obj,,Other angle,4 wheel drive / SUV,Car (sedan/hatch),3,0,0,0,0,9,September,Spring,Tuesday,16:00 - 17:59,PM peak / evening commute,True,False,False,False
1361748,Non-casualty (towaway),Non-casualty (towaway),2024,2024,August,Friday,20:00 - 21:59,HUNTER,ST,60,East,DARBY,ST,NEWCASTLE,697.0,No,Not a school zone,Divided road,-32.926594,151.775379,Newcastle,Newcastle met. area,Syd-Newc-Woll Gtr conurbation,Straight,,,,On,Sealed,Dry,Fine,Darkness,Nil,No traffic controls,40 km/h,State,71,Off rd left => obj,703,Left off cway into object,,Vehicle - Object,Car (sedan/hatch),,1,0,0,0,0,8,August,Winter,Friday,20:00 - 21:59,Evening / night,False,False,False,False
1361756,Non-casualty (towaway),Non-casualty (towaway),2024,2024,August,Friday,14:00 - 15:59,CABRAMATTA,RD,0,Right on the spot,GLADSTONE,ST,CABRAMATTA,534.0,No,Not a school zone,X-intersection,-33.89689,150.927843,Fairfield,Sydney metro. area,Syd-Newc-Woll Gtr conurbation,Straight,,,,Off,Sealed,Dry,Fine,Daylight,On,No traffic controls,60 km/h,State,11,Right far,102,Adj - Right-thru from left,,Right angle,4 wheel drive / SUV,Car (sedan/hatch),4,0,0,0,0,8,August,Winter,Friday,14:00 - 15:59,Midday / afternoon,False,False,False,False
1361757,Non-casualty (towaway),Non-casualty (towaway),2024,2024,September,Monday,12:00 - 13:59,HENRY PARKES,WAY,10000,East,PARKES,TN,PARKES,61.0,No,Not a school zone,2-way undivided,-33.126139,148.295774,Parkes,Country non-urban,Rest of NSW - Rural,Curved,Embankment/cutting,,,Nil,Sealed,Dry,Fine,Daylight,Nil,No traffic controls,100 km/h,State,81,Off left/rt bnd=>obj,803,Off right bend into obj,Left,Vehicle - Object,Car (sedan/hatch),,1,0,0,0,0,9,September,Spring,Monday,12:00 - 13:59,Midday / afternoon,False,False,False,False
1361758,Non-casualty (towaway),Non-casualty (towaway),2024,2024,August,Friday,14:00 - 15:59,YORK,ST,100,North,FREDERICK,ST,FAIRFIELD,,No,Not a school zone,2-way undivided,-33.875316,150.951729,Fairfield,Sydney metro. area,Syd-Newc-Woll Gtr conurbation,Straight,,,,Off,Sealed,Dry,Fine,Daylight,Nil,No traffic controls,50 km/h,Local,71,Off rd left => obj,703,Left off cway into object,,Other angle,Car (sedan/hatch),Car (sedan/hatch),3,0,0,0,0,8,August,Winter,Friday,14:00 - 15:59,Midday / afternoon,False,False,False,False
1361786,Non-casualty (towaway),Non-casualty (towaway),2024,2024,June,Monday,04:00 - 05:59,BACK YAMMA,RD,30,South,PARKESBOROUGH,RD,PARKES,,No,Not a school zone,2-way undivided,-33.177212,148.175879,Parkes,Country non-urban,Rest of NSW - Rural,Curved,Other bridge,,,Unknown / not stated,Sealed,Dry,Fine,Darkness,Nil,No traffic controls,100 km/h,Local,85,Off rt/lft bnd=>obj,804,Off left bend into obj,Right,Vehicle - Object,Car (sedan/hatch),,1,0,0,0,0,6,June,Winter,Monday,04:00 - 05:59,Late night / early morning,False,False,False,False
1361787,Non-casualty (towaway),Non-casualty (towaway),2024,2024,June,Saturday,08:00 - 09:59,OCEAN,DR,0,Right on the spot,JONAS ABSALOM,DR,PORT MACQUARIE,600.0,No,Not a school zone,Roundabout,-31.470332,152.912418,Port Macquarie-Hastings,Country urban,Rest of NSW - Urban,Straight,,,,Unknown / not stated,Sealed,Dry,Overcast,Daylight,Nil,Give way sign,70 km/h,Regional,16,Left near,107,Adj - Left-thru from right,,Right angle,4 wheel drive / SUV,4 wheel drive / SUV,2,0,0,0,0,6,June,Winter,Saturday,08:00 - 09:59,AM peak / school commute,True,False,False,False
1361794,Non-casualty (towaway),Non-casualty (towaway),2024,2024,August,Thursday,14:00 - 15:59,FAIRMONT,BVD,0,Right on the spot,MINNESOTA,RD,HAMLYN TERRACE,,No,Not a school zone,T-junction,-33.260723,151.465115,Central Coast,Country urban,Syd-Newc-Woll Gtr conurbation,Straight,,,,Unknown / not stated,Sealed,Dry,Fine,Daylight,Nil,No traffic controls,50 km/h,Local,30,Rear end,301,Same - Rear end,,Rear end,Light truck utility(from 2018),Car (sedan/hatch),3,0,0,0,0,8,August,Winter,Thursday,14:00 - 15:59,Midday / afternoon,False,False,False,False
1361796,Non-casualty (towaway),Non-casualty (towaway),2024,2024,August,Saturday,00:01 - 01:59,NEWCASTLE,EXP,0,Right on the spot,KURING-GAI CHASE ROAD,OP,MOUNT COLAH,6003.0,No,Not a school zone,Dual freeway,-33.678786,151.120272,Hornsby,Sydney metro. area,Syd-Newc-Woll Gtr conurbation,Straight,Underpass/tunnel,,,Unknown / not stated,Sealed,Dry,Fine,Darkness,Nil,No traffic controls,110 km/h,State,71,Off rd left => obj,703,Left off cway into object,,Vehicle - Object,4 wheel drive / SUV,,1,0,0,0,0,8,August,Winter,Saturday,00:01 - 01:59,Late night / early morning,False,False,False,False
1361802,Non-casualty (towaway),Non-casualty (towaway),2024,2024,September,Monday,06:00 - 07:59,FIVE ISLANDS,RD,0,Right on the spot,NUMBER 39,HN,PORT KEMBLA,295.0,No,Not a school zone,Divided road,-34.478147,150.891486,Wollongong,Wollongong met. area,Syd-Newc-Woll Gtr conurbation,Straight,Driveway/entrance,,,Unknown / not stated,Sealed,Dry,Fine,Daylight,Nil,No traffic controls,80 km/h,State,32,Right rear,303,Same - Rear right,,Rear end,Light truck utility(from 2018),Light truck,3,0,0,0,0,9,September,Spring,Monday,06:00 - 07:59,AM peak / school commute,True,False,False,False
1361804,Non-casualty (towaway),Non-casualty (towaway),2024,2024,September,Monday,16:00 - 17:59,SUMMER,ST,20,East,SALE,ST,ORANGE,705.0,No,Not a school zone,Divided road,-33.283143,149.096463,Orange,Country urban,Rest of NSW - Urban,Straight,,,,Unknown / not stated,Sealed,Dry,Fine,Dusk,Nil,No traffic controls,40 km/h,State,35,Lane change left,307,Same - Lane change left,,Other angle,Car (sedan/hatch),4 wheel drive / SUV,3,0,0,0,0,9,September,Spring,Monday,16:00 - 17:59,PM peak / evening commute,True,False,False,False