crash_id,degree_of_crash,degree_of_crash_-_detailed,reporting_year,year_of_crash,month_of_crash,day_of_week_of_crash,two-hour_intervals,street_of_crash,street_type,distance,direction,identifying_feature,identifying_feature_type,town,route_no.,school_zone_location,school_zone_active,type_of_location,latitude,longitude,lga,urbanisation,conurbation_1,alignment,primary_permanent_feature,primary_temporary_feature,primary_hazardous_feature,street_lighting,road_surface,surface_condition,weather,natural_lighting,signals_operation,other_traffic_control,speed_limit,road_classification_(admin),rum_-_code,rum_-_description,dca_-_code,dca_-_description,dca_supplement,first_impact_type,key_tu_type,other_tu_type,no._of_traffic_units_involved,no._killed,no._seriously_injured,no._moderately_injured,no._minor-other_injured,month_num,month_label,season,day_label,time_label,time_band,is_peak_commute,is_fatal,is_injury,is_casualty
1361805,Non-casualty (towaway),Non-casualty (towaway),2024,2024,September,Tuesday,12:00 - 13:59,BELLINGEN,RD,0,Right on the spot,NUMBER 18,HN,COFFS HARBOUR,,No,Not a school zone,2-way undivided,-30.304028,153.10812,Coffs Harbour,Country urban,Rest of NSW - Urban,Curved,Embankment/cutting,,,Unknown / not stated,Sealed,Dry,Fine,Daylight,Nil,No traffic controls,50 km/h,Local,81,Off left/rt bnd=>obj,803,Off right bend into obj,Left,Vehicle - Object,4 wheel drive / SUV,,1,0,0,0,0,9,September,Spring,Tuesday,12:00 - 13:59,Midday / afternoon,False,False,False,False
1361806,Non-casualty (towaway),Non-casualty (towaway),2024,2024,August,Thursday,02:00 - 03:59,SIR BERTRAM STEVENS,DR,420,West,GARIE,RD,ROYAL NATIONAL PARK,393.0,No,Not a school zone,2-way undivided,-34.170245,151.045647,Sutherland,Sydney metro. area,Syd-Newc-Woll Gtr conurbation,Curved,,,,Unknown / not stated,Sealed,Dry,Fine,Darkness,Nil,No traffic controls,60 km/h,State,85,Off rt/lft bnd=>obj,804,Off left bend into obj,Right,Vehicle - Object,Car (sedan/hatch),,1,0,0,0,0,8,August,Winter,Thursday,02:00 - 03:59,Late night / early morning,False,False,False,False
1361807,Non-casualty (towaway),Non-casualty (towaway),2024,2024,September,Monday,12:00 - 13:59,GOODISON,ST,0,Right on the spot,HEZLETT,RD,NORTH KELLYVILLE,,No,Not a school zone,X-intersection,-33.69816,150.958165,The Hills,Sydney metro. area,Syd-Newc-Woll Gtr conurbation,Straight,,,,Unknown / not stated,Sealed,Dry,Fine,Daylight,Nil,Give way sign,60 km/h,Local,10,Cross traffic,101,Adj - Cross traffic,,Right angle,4 wheel drive / SUV,Car (sedan/hatch),2,0,0,0,0,9,September,Spring,Monday,12:00 - 13:59,Midday / afternoon,False,False,False,False
1361809,Non-casualty (towaway),Non-casualty (towaway),2024,2024,September,Friday,12:00 - 13:59,THE RIVER,RD,0,Right on the spot,NUMBER 2,HN,REVESBY,634.0,Yes,No,2-way undivided,-33.939161,151.018615,Canterbury-Bankstown,Sydney metro. area,Syd-Newc-Woll Gtr conurbation,Straight,Driveway/entrance,,,Unknown / not stated,Sealed,Dry,Fine,Daylight,Nil,No traffic controls,60 km/h,State,47,Emerging from drive,406,Manov - Emerging from driveway,,Right angle,Car (sedan/hatch),4 wheel drive / SUV,2,0,0,0,0,9,September,Spring,Friday,12:00 - 13:59,Midday / afternoon,False,False,False,False
1361810,Non-casualty (towaway),Non-casualty (towaway),2024,2024,August,Thursday,14:00 - 15:59,LORNE,RD,2000,West,TIPPERARY,RD,KEREWONG,2125.0,No,Not a school zone,2-way undivided,-31.65064,152.562374,Port Macquarie-Hastings,Country non-urban,Rest of NSW - Rural,Curved,Embankment/cutting,,,Unknown / not stated,Unsealed,Dry,Fine,Daylight,Nil,No traffic controls,100 km/h,Regional,82,Off right/right bend,801,Off cway right bend,Right,Rollover,Light truck utility(from 2018),,1,0,0,0,0,8,August,Winter,Thursday,14:00 - 15:59,Midday / afternoon,False,False,False,False
1361811,Non-casualty (towaway),Non-casualty (towaway),2024,2024,August,Tuesday,06:00 - 07:59,OLD PRINCES,HWY,0,Right on the spot,NUMBER 1116,HN,ENGADINE,,No,Not a school zone,2-way undivided,-34.069702,151.009804,Sutherland,Sydney metro. area,Syd-Newc-Woll Gtr conurbation,Straight,Driveway/entrance,,,Unknown / not stated,Sealed,Dry,Fine,Daylight,Nil,No traffic controls,50 km/h,Local,47,Emerging from drive,406,Manov - Emerging from driveway,,Right angle,4 wheel drive / SUV,Car (sedan/hatch),4,0,0,0,0,8,August,Winter,Tuesday,06:00 - 07:59,AM peak / school commute,True,False,False,False
1361813,Non-casualty (towaway),Non-casualty (towaway),2024,2024,September,Saturday,08:00 - 09:59,BRUXNER,HWY,0,Right on the spot,NUMBER 2163,HN,TOMKI,16.0,No,Not a school zone,2-way undivided,-28.872908,153.12913,Richmond Valley,Country non-urban,Rest of NSW - Rural,Straight,Driveway/entrance,,,Unknown / not stated,Sealed,Dry,Fine,Daylight,Nil,No traffic controls,100 km/h,State,47,Emerging from drive,406,Manov - Emerging from driveway,,Right angle,Car (sedan/hatch),4 wheel drive / SUV,2,0,0,0,0,9,September,Spring,Saturday,08:00 - 09:59,AM peak / school commute,True,False,False,False
1361814,Non-casualty (towaway),Non-casualty (towaway),2024,2024,September,Monday,00:01 - 01:59,OXLEY,HWY,300,West,GODDARD,LANE,WESTDALE,11.0,No,Not a school zone,Divided road,-31.078557,150.850971,Tamworth Regional,Country non-urban,Rest of NSW - Rural,Straight,,,,Unknown / not stated,Sealed,Dry,Fine,Darkness,Nil,No traffic controls,100 km/h,State,73,Off rd rght => obj,704,Right off cway into obj,,Vehicle - Object,Car (sedan/hatch),,1,0,0,0,0,9,September,Spring,Monday,00:01 - 01:59,Late night / early morning,False,False,False,False
1361815,Non-casualty (towaway),Non-casualty (towaway),2024,2024,July,Monday,06:00 - 07:59,ARCHBOLD,RD,0,Right on the spot,GORDON,RD,LONG JETTY,,No,Not a school zone,X-intersection,-33.353156,151.487311,Central Coast,Country urban,Syd-Newc-Woll Gtr conurbation,Straight,,,,Unknown / not stated,Sealed,Dry,Fine,Daylight,Nil,Give way sign,50 km/h,Local,10,Cross traffic,101,Adj - Cross traffic,,Right angle,Light truck utility(from 2018),4 wheel drive / SUV,2,0,0,0,0,7,July,Winter,Monday,06:00 - 07:59,AM peak / school commute,True,False,False,False
1361817,Non-casualty (towaway),Non-casualty (towaway),2024,2024,August,Friday,20:00 - 21:59,PUR PUR,AVE,100,South,OCEAN,ST,LAKE ILLAWARRA,,No,Not a school zone,2-way undivided,-34.544218,150.866943,Shellharbour,Wollongong met. area,Syd-Newc-Woll Gtr conurbation,Curved,,,,Unknown / not stated,Sealed,Dry,Fine,Darkness,Nil,No traffic controls,50 km/h,Local,87,Off lft/lft bnd=>obj,804,Off left bend into obj,Left,Other angle,Car (sedan/hatch),Light truck utility(from 2018),2,0,0,0,0,8,August,Winter,Friday,20:00 - 21:59,Evening / night,False,False,False,False
1361821,Non-casualty (towaway),Non-casualty (towaway),2024,2024,September,Wednesday,20:00 - 21:59,LAKE HAVEN,DR,30,East,PACIFIC,HWY,LAKE HAVEN,,No,Not a school zone,2-way undivided,-33.238786,151.499751,Central Coast,Country urban,Syd-Newc-Woll Gtr conurbation,Straight,Steep grade,,,Unknown / not stated,Sealed,Dry,Fine,Unknown,Nil,No traffic controls,50 km/h,Local,40,U turn,304,Same - U-turn,,Other angle,Light truck,Car (sedan/hatch),2,0,0,0,0,9,September,Spring,Wednesday,20:00 - 21:59,Evening / night,False,False,False,False
1361823,Non-casualty (towaway),Non-casualty (towaway),2024,2024,September,Tuesday,18:00 - 19:59,HILL,ST,0,Right on the spot,MATTHEWS,AVE,ORANGE,,No,Not a school zone,Roundabout,-33.268729,149.096732,Orange,Country urban,Rest of NSW - Urban,Straight,,,,Unknown / not stated,Sealed,Dry,Fine,Darkness,Nil,Give way sign,50 km/h,Local,10,Cross traffic,101,Adj - Cross traffic,,Right angle,4 wheel drive / SUV,4 wheel drive / SUV,2,0,0,0,0,9,September,Spring,Tuesday,18:00 - 19:59,PM peak / evening commute,True,False,False,False
1361825,Non-casualty (towaway),Non-casualty (towaway),2024,2024,September,Thursday,14:00 - 15:59,THUNDERBOLTS,WAY,0,Right on the spot,NUMBER 2743,HN,TIBBUC,7719.0,No,Not a school zone,2-way undivided,-31.827543,151.890492,Mid-Coast,Country urban,Rest of NSW - Urban,Curved,Embankment/cutting,,,Unknown / not stated,Sealed,Dry,Fine,Daylight,Nil,No traffic controls,80 km/h,Regional,85,Off rt/lft bnd=>obj,804,Off left bend into obj,Right,Vehicle - Object,Car (sedan/hatch),,1,0,0,0,0,9,September,Spring,Thursday,14:00 - 15:59,Midday / afternoon,False,False,False,False
1361826,Non-casualty (towaway),Non-casualty (towaway),2024,2024,September,Thursday,18:00 - 19:59,BRUNSWICK,TCE,0,Right on the spot,MURWILLUMBAH,RD,MULLUMBIMBY,,No,Not a school zone,X-intersection,-28.550962,153.497449,Byron,Country urban,Rest of NSW - Urban,Straight,,,,Unknown / not stated,Sealed,Dry,Fine,Darkness,Nil,Give way sign,50 km/h,Local,10,Cross traffic,101,Adj - Cross traffic,,Right angle,Car (sedan/hatch),Light truck utility(from 2018),2,0,0,0,0,9,September,Spring,Thursday,18:00 - 19:59,PM peak / evening commute,True,False,False,False
1361828,Non-casualty (towaway),Non-casualty (towaway),2024,2024,September,Sunday,02:00 - 03:59,BOTANICAL,CCT,0,Right on the spot,NUMBER 160,HN,BANORA POINT,,No,Not a school zone,2-way undivided,-28.213528,153.520122,Tweed,Country urban,Rest of NSW - Urban,Curved,,,,Unknown / not stated,Sealed,Dry,Fine,Darkness,Nil,No traffic controls,50 km/h,Local,87,Off lft/lft bnd=>obj,804,Off left bend into obj,Left,Other angle,Car (sedan/hatch),4 wheel drive / SUV,2,0,0,0,0,9,September,Spring,Sunday,02:00 - 03:59,Late night / early morning,False,False,False,False
1361836,Non-casualty (towaway),Non-casualty (towaway),2024,2024,September,Sunday,14:00 - 15:59,FERN,ST,0,Right on the spot,STUART,ST,MULLUMBIMBY,,No,Not a school zone,X-intersection,-28.556461,153.500267,Byron,Country urban,Rest of NSW - Urban,Straight,,,,Unknown / not stated,Sealed,Dry,Fine,Daylight,Nil,Give way sign,50 km/h,Local,10,Cross traffic,101,Adj - Cross traffic,,Right angle,Light truck utility(from 2018),Car (sedan/hatch),2,0,0,0,0,9,September,Spring,Sunday,14:00 - 15:59,Midday / afternoon,False,False,False,False
1361839,Non-casualty (towaway),Non-casualty (towaway),2024,2024,September,Thursday,08:00 - 09:59,QUAKERS,RD,0,Right on the spot,NUMBER 129,HN,QUAKERS HILL,7475.0,Yes,No,2-way undivided,-33.740828,150.887452,Blacktown,Sydney metro. area,Syd-Newc-Woll Gtr conurbation,Straight,,,,Unknown / not stated,Sealed,Dry,Fine,Daylight,Nil,No traffic controls,60 km/h,Regional,49,Other manoeuvring,400,Manov - other,,Other angle,Large rigid,Car (sedan/hatch),2,0,0,0,0,9,September,Spring,Thursday,08:00 - 09:59,AM peak / school commute,True,False,False,False
1361840,Non-casualty (towaway),Non-casualty (towaway),2024,2024,August,Saturday,16:00 - 17:59,CENTENARY,DR,500,South,ARTHUR,ST,STRATHFIELD,200.0,No,Not a school zone,Divided road,-33.872011,151.06557,Strathfield,Sydney metro. area,Syd-Newc-Woll Gtr conurbation,Curved,,,,Unknown / not stated,Sealed,Dry,Fine,Dusk,Nil,No traffic controls,80 km/h,State,30,Rear end,301,Same - Rear end,,Rear end,4 wheel drive / SUV,4 wheel drive / SUV,2,0,0,0,0,8,August,Winter,Saturday,16:00 - 17:59,PM peak / evening commute,True,False,False,False
1361842,Non-casualty (towaway),Non-casualty (towaway),2024,2024,September,Friday,14:00 - 15:59,NORFOLK,RD,0,Right on the spot,NUMBER 16,HN,GREENACRE,,No,Not a school zone,2-way undivided,-33.895471,151.066849,Strathfield,Sydney metro. area,Syd-Newc-Woll Gtr conurbation,Straight,Driveway/entrance,,,Unknown / not stated,Sealed,Dry,Fine,Daylight,Nil,No traffic controls,50 km/h,Local,47,Emerging from drive,406,Manov - Emerging from driveway,,Right angle,Station wagon,Car (sedan/hatch),2,0,0,0,0,9,September,Spring,Friday,14:00 - 15:59,Midday / afternoon,False,False,False,False
1361843,Non-casualty (towaway),Non-casualty (towaway),2024,2024,September,Thursday,16:00 - 17:59,DOYALSON LINK,RD,700,West,THOMPSON VALE,RD,BUSHELLS RIDGE,675.0,No,Not a school zone,2-way undivided,-33.208771,151.487006,Central Coast,Country non-urban,Syd-Newc-Woll Gtr conurbation,Straight,,,,Unknown / not stated,Sealed,Wet,Raining,Daylight,Nil,No traffic controls,100 km/h,State,30,Rear end,301,Same - Rear end,,Rear end,Light truck utility(from 2018),Car (sedan/hatch),2,0,0,0,0,9,September,Spring,Thursday,16:00 - 17:59,PM peak / evening commute,True,False,False,False
1361849,Non-casualty (towaway),Non-casualty (towaway),2024,2024,September,Saturday,10:00 - 11:59,OXLEY,ST,0,Right on the spot,BRADBURY,AVE,CAMPBELLTOWN,177.0,No,Not a school zone,X-intersection,-34.070701,150.811758,Campbelltown,Sydney metro. area,Syd-Newc-Woll Gtr conurbation,Curved,,,,Unknown / not stated,Sealed,Dry,Overcast,Daylight,On,No traffic controls,60 km/h,State,35,Lane change left,307,Same - Lane change left,,Other angle,Car (sedan/hatch),Car (sedan/hatch),2,0,0,0,0,9,September,Spring,Saturday,10:00 - 11:59,Midday / afternoon,False,False,False,False
1361851,Non-casualty (towaway),Non-casualty (towaway),2024,2024,September,Wednesday,14:00 - 15:59,HIGH,ST,50,East,LAWSON,ST,PENRITH,,No,Not a school zone,2-way undivided,-33.754252,150.700437,Penrith,Sydney metro. area,Syd-Newc-Woll Gtr conurbation,Straight,,,,Off,Sealed,Dry,Fine,Daylight,Nil,No traffic controls,40 km/h,Local,20,Head on,201,Opp - Head on,,Head-on,4 wheel drive / SUV,Light truck utility(from 2018),2,0,0,0,0,9,September,Spring,Wednesday,14:00 - 15:59,Midday / afternoon,False,False,False,False
1361856,Non-casualty (towaway),Non-casualty (towaway),2024,2024,August,Wednesday,02:00 - 03:59,HUME,HWY,500,South,HANGING ROCK,RD,SUTTON FOREST,2.0,No,Not a school zone,Divided road,-34.626314,150.20303,Wingecarribee,Country non-urban,Rest of NSW - Rural,Curved,Steep grade,,,Unknown / not stated,Sealed,Dry,Fine,Darkness,Nil,No traffic controls,110 km/h,State,30,Rear end,301,Same - Rear end,,Rear end,B-double (road train prior 98),B-double (road train prior 98),2,0,0,0,0,8,August,Winter,Wednesday,02:00 - 03:59,Late night / early morning,False,False,False,False
1361858,Non-casualty (towaway),Non-casualty (towaway),2024,2024,September,Friday,10:00 - 11:59,NEVIN,CL,0,Right on the spot,OAKDALE,RD,GATESHEAD,,No,Not a school zone,T-junction,-32.989024,151.69386,Lake Macquarie,Newcastle met. area,Syd-Newc-Woll Gtr conurbation,Straight,,,,Unknown / not stated,Sealed,Dry,Fine,Daylight,Nil,No traffic controls,60 km/h,Local,21,Right through,202,Opp - Right-thru,,Other angle,Car (sedan/hatch),Car (sedan/hatch),2,0,0,0,0,9,September,Spring,Friday,10:00 - 11:59,Midday / afternoon,False,False,False,False
1361859,Non-casualty (towaway),Non-casualty (towaway),2024,2024,September,Thursday,16:00 - 17:59,LUGAR,ST,0,Right on the spot,NUMBER 8,HN,KOTARA,,No,Not a school zone,2-way undivided,-32.948679,151.691747,Newcastle,Newcastle met. area,Syd-Newc-Woll Gtr conurbation,Straight,Steep grade,,,Unknown / not stated,Sealed,Dry,Fine,Dusk,Nil,No traffic controls,50 km/h,Local,30,Rear end,301,Same - Rear end,,Rear end,Car (sedan/hatch),Light truck utility(from 2018),2,0,0,0,0,9,September,Spring,Thursday,16:00 - 17:59,PM peak / evening commute,True,False,False,False
1361864,Non-casualty (towaway),Non-casualty (towaway),2024,2024,September,Monday,08:00 - 09:59,MILITARY,RD,25,North,CABRAMATTA,RD,CREMORNE,164.0,No,Not a school zone,2-way undivided,-33.828621,151.229332,North Sydney,Sydney metro. area,Syd-Newc-Woll Gtr conurbation,Straight,,,,Unknown / not stated,Sealed,Dry,Fine,Daylight,Nil,No traffic controls,60 km/h,State,30,Rear end,301,Same - Rear end,,Rear end,4 wheel drive / SUV,Other bus,2,0,0,0,0,9,September,Spring,Monday,08:00 - 09:59,AM peak / school commute,True,False,False,False
1361866,Non-casualty (towaway),Non-casualty (towaway),2024,2024,September,Saturday,10:00 - 11:59,THE COMENARRA,PKWY,0,Right on the spot,NUMBER 73,HN,TURRAMURRA,7244.0,No,Not a school zone,2-way undivided,-33.748346,151.115033,Ku-ring-gai,Sydney metro. area,Syd-Newc-Woll Gtr conurbation,Curved,,,,Unknown / not stated,Sealed,Dry,Fine,Daylight,Nil,No traffic controls,60 km/h,Regional,30,Rear end,301,Same - Rear end,,Rear end,Car (sedan/hatch),Station wagon,2,0,0,0,0,9,September,Spring,Saturday,10:00 - 11:59,Midday / afternoon,False,False,False,False
1361869,Non-casualty (towaway),Non-casualty (towaway),2024,2024,August,Tuesday,04:00 - 05:59,CHELMSFORD,DR,10,East,NEW ENGLAND,HWY,EAST MAITLAND,9.0,No,Not a school zone,X-intersection,-32.762283,151.596182,Maitland,Country urban,Rest of NSW - Urban,Straight,,,,Unknown / not stated,Sealed,Dry,Fine,Dawn,On,No traffic controls,60 km/h,State,35,Lane change left,307,Same - Lane change left,,Other angle,Car (sedan/hatch),Large rigid,2,0,0,0,0,8,August,Winter,Tuesday,04:00 - 05:59,Late night / early morning,False,False,False,False
1361872,Non-casualty (towaway),Non-casualty (towaway),2024,2024,September,Wednesday,20:00 - 21:59,BRACKENDALE,RD,7000,North,NOWENDOC,RD,NOWENDOC,,No,Not a school zone,2-way undivided,-31.452841,151.71216,Walcha,Country non-urban,Rest of NSW - Rural,Straight,,,,Unknown / not stated,Unsealed,Dry,Fine,Darkness,Nil,No traffic controls,100 km/h,Local,70,Off road to left,701,Off carriageway to left,,Rollover,Car (sedan/hatch),,1,0,0,0,0,9,September,Spring,Wednesday,20:00 - 21:59,Evening / night,False,False,False,False
1361874,Non-casualty (towaway),Non-casualty (towaway),2024,2024,September,Wednesday,14:00 - 15:59,PRINCES,HWY,0,Right on the spot,NUMBER 262,HN,BOMADERRY,1.0,No,Not a school zone,Divided road,-34.83949,150.595096,Shoalhaven,Country urban,Rest of NSW - Urban,Straight,Driveway/entrance,,,Unknown / not stated,Sealed,Dry,Fine,Daylight,Nil,No traffic controls,70 km/h,State,31,Left rear,302,Same - Rear left,,Rear end,Car (sedan/hatch),4 wheel drive / SUV,2,0,0,0,0,9,September,Spring,Wednesday,14:00 - 15:59,Midday / afternoon,False,False,False,False
1361876,Non-casualty (towaway),Non-casualty (towaway),2024,2024,September,Tuesday,04:00 - 05:59,MURIEL,ST,33,North,FLORENCE,ST,HORNSBY,,No,Not a school zone,2-way undivided,-33.704023,151.103349,Hornsby,Sydney metro. area,Syd-Newc-Woll Gtr conurbation,Straight,,,,Unknown / not stated,Sealed,Dry,Fine,Dawn,Nil,No traffic controls,50 km/h,Local,71,Off rd left => obj,703,Left off cway into object,,Other angle,Car (sedan/hatch),4 wheel drive / SUV,2,0,0,0,0,9,September,Spring,Tuesday,04:00 - 05:59,Late night / early morning,False,False,False,False
1361879,Non-casualty (towaway),Non-casualty (towaway),2024,2024,September,Tuesday,14:00 - 15:59,THE HORSLEY,DR,0,Right on the spot,COWPASTURE,RD,ABBOTSBURY,609.0,No,Not a school zone,T-junction,-33.849288,150.876429,Fairfield,Sydney metro. area,Syd-Newc-Woll Gtr conurbation,Curved,,,,Unknown / not stated,Sealed,Dry,Fine,Daylight,On,No traffic controls,60 km/h,State,30,Rear end,301,Same - Rear end,,Rear end,Large rigid,Car (sedan/hatch),2,0,0,0,0,9,September,Spring,Tuesday,14:00 - 15:59,Midday / afternoon,False,False,False,False
1361880,Non-casualty (towaway),Non-casualty (towaway),2024,2024,August,Tuesday,10:00 - 11:59,CARNARVON,HWY,200,North,VITONGA,RD,MOREE,28.0,No,Not a school zone,2-way undivided,-29.419148,149.841497,Moree Plains,Country non-urban,Rest of NSW - Rural,Straight,,,,Unknown / not stated,Sealed,Dry,Overcast,Daylight,Nil,No traffic controls,100 km/h,State,74,On road-out of cont.,705,Out of control on cway,,Rollover,4 wheel drive / SUV,,1,0,0,0,0,8,August,Winter,Tuesday,10:00 - 11:59,Midday / afternoon,False,False,False,False
1361885,Non-casualty (towaway),Non-casualty (towaway),2024,2024,September,Monday,18:00 - 19:59,WINDSOR,RD,0,Right on the spot,BRENNAN DAM,RD,VINEYARD,184.0,No,Not a school zone,T-junction,-33.633096,150.844857,Hawkesbury,Country urban,Syd-Newc-Woll Gtr conurbation,Straight,Steep grade,,,Unknown / not stated,Sealed,Dry,Fine,Darkness,Nil,Stop sign,80 km/h,State,11,Right far,102,Adj - Right-thru from left,,Right angle,Car (sedan/hatch),Light truck utility(from 2018),2,0,0,0,0,9,September,Spring,Monday,18:00 - 19:59,PM peak / evening commute,True,False,False,False
1361886,Non-casualty (towaway),Non-casualty (towaway),2024,2024,September,Friday,14:00 - 15:59,KOALA,RD,0,Right on the spot,TELOPEA,ST,PUNCHBOWL,,No,Not a school zone,T-junction,-33.918892,151.062813,Canterbury-Bankstown,Sydney metro. area,Syd-Newc-Woll Gtr conurbation,Straight,,,,Unknown / not stated,Sealed,Dry,Fine,Daylight,Nil,No traffic controls,50 km/h,Local,85,Off rt/lft bnd=>obj,706,Left turn,Right,Other angle,4 wheel drive / SUV,Light truck utility(from 2018),2,0,0,0,0,9,September,Spring,Friday,14:00 - 15:59,Midday / afternoon,False,False,False,False
1361888,Non-casualty (towaway),Non-casualty (towaway),2024,2024,August,Saturday,14:00 - 15:59,BRANSGROVE,RD,0,Right on the spot,POLO,ST,REVESBY,,No,Not a school zone,Roundabout,-33.947991,151.012976,Canterbury-Bankstown,Sydney metro. area,Syd-Newc-Woll Gtr conurbation,Curved,,,,Unknown / not stated,Sealed,Dry,Fine,Daylight,Nil,Give way sign,60 km/h,Local,21,Right through,202,Opp - Right-thru,,Other angle,4 wheel drive / SUV,Light truck,2,0,0,0,0,8,August,Winter,Saturday,14:00 - 15:59,Midday / afternoon,False,False,False,False
1361889,Non-casualty (towaway),Non-casualty (towaway),2024,2024,September,Saturday,10:00 - 11:59,DOG TRAP,RD,0,Right on the spot,WISEMANS FERRY,RD,SOMERSBY,,No,Not a school zone,T-junction,-33.34978,151.289942,Central Coast,Country urban,Syd-Newc-Woll Gtr conurbation,Curved,,,,Unknown / not stated,Sealed,Dry,Fine,Daylight,Nil,Give way sign,80 km/h,Local,10,Cross traffic,101,Adj - Cross traffic,,Right angle,4 wheel drive / SUV,Car (sedan/hatch),2,0,0,0,0,9,September,Spring,Saturday,10:00 - 11:59,Midday / afternoon,False,False,False,False
1361893,Non-casualty (towaway),Non-casualty (towaway),2024,2024,August,Thursday,14:00 - 15:59,NEWELL,HWY,6000,South,MOREE,TN,MOREE,17.0,No,Not a school zone,Divided road,-29.543962,149.840902,Moree Plains,Country non-urban,Rest of NSW - Rural,Straight,,,,Unknown / not stated,Sealed,Dry,Fine,Daylight,Nil,No traffic controls,110 km/h,State,71,Off rd left => obj,703,Left off cway into object,,Vehicle - Object,4 wheel drive / SUV,,1,0,0,0,0,8,August,Winter,Thursday,14:00 - 15:59,Midday / afternoon,False,False,False,False
1361895,Non-casualty (towaway),Non-casualty (towaway),2024,2024,September,Wednesday,10:00 - 11:59,CALLAGHER,ST,0,Right on the spot,GEORGE,ST,MOUNT DRUITT,,No,Not a school zone,X-intersection,-33.773113,150.825877,Blacktown,Sydney metro. area,Syd-Newc-Woll Gtr conurbation,Straight,,,,Unknown / not stated,Sealed,Dry,Fine,Daylight,Nil,Give way sign,50 km/h,Local,10,Cross traffic,101,Adj - Cross traffic,,Right angle,Car (sedan/hatch),Car (sedan/hatch),3,0,0,0,0,9,September,Spring,Wednesday,10:00 - 11:59,Midday / afternoon,False,False,False,False
1361900,Non-casualty (towaway),Non-casualty (towaway),2024,2024,September,Wednesday,14:00 - 15:59,CAPTAIN COOK,DR,0,Right on the spot,WILLARONG,RD,CARINGBAH,662.0,No,Not a school zone,X-intersection,-34.032279,151.122011,Sutherland,Sydney metro. area,Syd-Newc-Woll Gtr conurbation,Straight,,,,Unknown / not stated,Sealed,Dry,Fine,Daylight,Nil,No traffic controls,60 km/h,State,21,Right through,202,Opp - Right-thru,,Other angle,Car (sedan/hatch),Car (sedan/hatch),2,0,0,0,0,9,September,Spring,Wednesday,14:00 - 15:59,Midday / afternoon,False,False,False,False
1361905,Non-casualty (towaway),Non-casualty (towaway),2024,2024,September,Friday,10:00 - 11:59,DALMAN,PKWY,300,East,PINAROO,DR,GLENFIELD PARK,,No,Not a school zone,2-way undivided,-35.139194,147.337118,Wagga Wagga,Country urban,Rest of NSW - Urban,Straight,,,,Unknown / not stated,Sealed,Dry,Fine,Daylight,Nil,No traffic controls,50 km/h,Local,30,Rear end,301,Same - Rear end,,Rear end,4 wheel drive / SUV,4 wheel drive / SUV,2,0,0,0,0,9,September,Spring,Friday,10:00 - 11:59,Midday / afternoon,False,False,False,False
1361909,Non-casualty (towaway),Non-casualty (towaway),2024,2024,September,Thursday,16:00 - 17:59,HAWKSVIEW,ST,0,Right on the spot,CHETWYND,RD,GUILDFORD,7253.0,No,Not a school zone,X-intersection,-33.845735,150.979626,Cumberland,Sydney metro. area,Syd-Newc-Woll Gtr conurbation,Straight,,,,Unknown / not stated,Sealed,Dry,Fine,Dusk,On,No traffic controls,50 km/h,Regional,21,Right through,202,Opp - Right-thru,,Other angle,Other bus,Light truck,2,0,0,0,0,9,September,Spring,Thursday,16:00 - 17:59,PM peak / evening commute,True,False,False,False
1361910,Non-casualty (towaway),Non-casualty (towaway),2024,2024,September,Sunday,08:00 - 09:59,BEATTY,ST,0,Right on the spot,NUMBER 40,HN,BALGOWLAH HEIGHTS,,No,Not a school zone,2-way undivided,-33.802871,151.2691,Northern Beaches,Sydney metro. area,Syd-Newc-Woll Gtr conurbation,Straight,Driveway/entrance,,,Unknown / not stated,Sealed,Dry,Fine,Daylight,Nil,No traffic controls,50 km/h,Local,46,Reversing into obj,405,Manov - Reverse into fixed obj,,Vehicle - Object,4 wheel drive / SUV,,2,0,0,0,0,9,September,Spring,Sunday,08:00 - 09:59,AM peak / school commute,True,False,False,False
1361915,Non-casualty (towaway),Non-casualty (towaway),2024,2024,August,Wednesday,12:00 - 13:59,MILLNER,AVE,0,Right on the spot,OLD WALLGROVE,RD,HORSLEY PARK,,No,Not a school zone,T-junction,-33.824329,150.825826,Fairfield,Sydney metro. area,Syd-Newc-Woll Gtr conurbation,Straight,,,,Unknown / not stated,Sealed,Dry,Fine,Daylight,On,No traffic controls,60 km/h,Local,32,Right rear,303,Same - Rear right,,Rear end,Semi-trailer,Motorcycle,2,0,0,0,0,8,August,Winter,Wednesday,12:00 - 13:59,Midday / afternoon,False,False,False,False
1361918,Non-casualty (towaway),Non-casualty (towaway),2024,2024,September,Friday,10:00 - 11:59,PRINCES,HWY,1000,North,DAM,RD,COCKWHY,1.0,No,Not a school zone,2-way undivided,-35.546753,150.2878,Shoalhaven,Country non-urban,Rest of NSW - Rural,Curved,,,,Unknown / not stated,Sealed,Dry,Fine,Daylight,Nil,No traffic controls,100 km/h,State,67,Struck animal,609,On path - Hit animal,,Vehicle - Animal,4 wheel drive / SUV,,1,0,0,0,0,9,September,Spring,Friday,10:00 - 11:59,Midday / afternoon,False,False,False,False