crash_id,degree_of_crash,degree_of_crash_-_detailed,reporting_year,year_of_crash,month_of_crash,day_of_week_of_crash,two-hour_intervals,street_of_crash,street_type,distance,direction,identifying_feature,identifying_feature_type,town,route_no.,school_zone_location,school_zone_active,type_of_location,latitude,longitude,lga,urbanisation,conurbation_1,alignment,primary_permanent_feature,primary_temporary_feature,primary_hazardous_feature,street_lighting,road_surface,surface_condition,weather,natural_lighting,signals_operation,other_traffic_control,speed_limit,road_classification_(admin),rum_-_code,rum_-_description,dca_-_code,dca_-_description,dca_supplement,first_impact_type,key_tu_type,other_tu_type,no._of_traffic_units_involved,no._killed,no._seriously_injured,no._moderately_injured,no._minor-other_injured,month_num,month_label,season,day_label,time_label,time_band,is_peak_commute,is_fatal,is_injury,is_casualty
1361919,Non-casualty (towaway),Non-casualty (towaway),2024,2024,August,Monday,10:00 - 11:59,HANBURY,ST,150,North,MACQUARIE,ST,MAYFIELD,326.0,No,Not a school zone,2-way undivided,-32.898918,151.734704,Newcastle,Newcastle met. area,Syd-Newc-Woll Gtr conurbation,Straight,,,,Unknown / not stated,Sealed,Dry,Fine,Daylight,Nil,No traffic controls,50 km/h,State,71,Off rd left => obj,703,Left off cway into object,,Other angle,Car (sedan/hatch),Car (sedan/hatch),3,0,0,0,0,8,August,Winter,Monday,10:00 - 11:59,Midday / afternoon,False,False,False,False
1361922,Non-casualty (towaway),Non-casualty (towaway),2024,2024,September,Tuesday,22:00 - Midnight,HARRIS,ST,100,North,MARY ANN,ST,ULTIMO,170.0,No,Not a school zone,2-way undivided,-33.880028,151.19988,Sydney,Sydney metro. area,Syd-Newc-Woll Gtr conurbation,Straight,,,,Unknown / not stated,Sealed,Dry,Fine,Darkness,Nil,No traffic controls,50 km/h,State,35,Lane change left,307,Same - Lane change left,,Other angle,Car (sedan/hatch),Car (sedan/hatch),2,0,0,0,0,9,September,Spring,Tuesday,22:00 - Midnight,Evening / night,False,False,False,False
1361924,Non-casualty (towaway),Non-casualty (towaway),2024,2024,September,Friday,06:00 - 07:59,GREAT WESTERN,HWY,200,South,THE VALLEY,RD,SUN VALLEY,5.0,No,Not a school zone,Divided road,-33.705709,150.585138,Blue Mountains,Country urban,Syd-Newc-Woll Gtr conurbation,Straight,,,,Unknown / not stated,Sealed,Dry,Fine,Daylight,Nil,No traffic controls,80 km/h,State,66,Object on road,607,On path - Hit temp object,,Vehicle - Object,4 wheel drive / SUV,,1,0,0,0,0,9,September,Spring,Friday,06:00 - 07:59,AM peak / school commute,True,False,False,False
1361930,Non-casualty (towaway),Non-casualty (towaway),2024,2024,August,Tuesday,16:00 - 17:59,QUARRY,RD,0,Right on the spot,NUMBER 6,HN,DURAL,,No,Not a school zone,2-way undivided,-33.695787,151.034399,Hornsby,Sydney metro. area,Syd-Newc-Woll Gtr conurbation,Straight,,,,Unknown / not stated,Sealed,Dry,Fine,Dusk,Nil,No traffic controls,50 km/h,Local,73,Off rd rght => obj,704,Right off cway into obj,,Vehicle - Object,Utility,,1,0,0,0,0,8,August,Winter,Tuesday,16:00 - 17:59,PM peak / evening commute,True,False,False,False
1361932,Non-casualty (towaway),Non-casualty (towaway),2024,2024,September,Monday,08:00 - 09:59,NEW ENGLAND,HWY,240,North,BLAIRMORE,LANE,ABERDEEN,9.0,No,Not a school zone,2-way undivided,-32.152035,150.884352,Upper Hunter,Country urban,Rest of NSW - Urban,Straight,,,,Unknown / not stated,Sealed,Dry,Fine,Daylight,Nil,No traffic controls,80 km/h,State,30,Rear end,301,Same - Rear end,,Rear end,Car (sedan/hatch),Light truck utility(from 2018),2,0,0,0,0,9,September,Spring,Monday,08:00 - 09:59,AM peak / school commute,True,False,False,False
1361942,Non-casualty (towaway),Non-casualty (towaway),2024,2024,May,Tuesday,20:00 - 21:59,JOSEPH,ST,0,Right on the spot,GEORGES,AVE,LIDCOMBE,190.0,No,Not a school zone,X-intersection,-33.872158,151.042277,Cumberland,Sydney metro. area,Syd-Newc-Woll Gtr conurbation,Straight,,,,On,Sealed,Wet,Raining,Darkness,On,No traffic controls,70 km/h,State,21,Right through,202,Opp - Right-thru,,Other angle,Car (sedan/hatch),Car (sedan/hatch),2,0,0,0,0,5,May,Autumn,Tuesday,20:00 - 21:59,Evening / night,False,False,False,False
1361946,Non-casualty (towaway),Non-casualty (towaway),2024,2024,May,Sunday,16:00 - 17:59,BANKS,RD,0,Right on the spot,SOUTH LIVERPOOL,RD,GREEN VALLEY,,No,Not a school zone,X-intersection,-33.910862,150.875157,Liverpool,Sydney metro. area,Syd-Newc-Woll Gtr conurbation,Straight,,,,Nil,Sealed,Dry,Fine,Daylight,On,No traffic controls,50 km/h,Local,21,Right through,202,Opp - Right-thru,,Other angle,Car (sedan/hatch),Car (sedan/hatch),2,0,0,0,0,5,May,Autumn,Sunday,16:00 - 17:59,PM peak / evening commute,True,False,False,False
1361974,Non-casualty (towaway),Non-casualty (towaway),2024,2024,June,Sunday,00:01 - 01:59,WINDSOR,RD,0,Right on the spot,ANNANGROVE,RD,ROUSE HILL,184.0,No,Not a school zone,T-junction,-33.674815,150.910907,The Hills,Sydney metro. area,Syd-Newc-Woll Gtr conurbation,Curved,Steep grade,,,On,Sealed,Wet,Raining,Darkness,On,No traffic controls,80 km/h,State,11,Right far,102,Adj - Right-thru from left,,Right angle,Car (sedan/hatch),Car (sedan/hatch),2,0,0,0,0,6,June,Winter,Sunday,00:01 - 01:59,Late night / early morning,False,False,False,False
1361976,Non-casualty (towaway),Non-casualty (towaway),2024,2024,June,Sunday,10:00 - 11:59,SPARKS,RD,0,Right on the spot,WARNERVALE,RD,HAMLYN TERRACE,509.0,No,Not a school zone,Roundabout,-33.249734,151.482615,Central Coast,Country urban,Syd-Newc-Woll Gtr conurbation,Straight,,,,Nil,Sealed,Dry,Fine,Daylight,Nil,Give way sign,70 km/h,State,30,Rear end,301,Same - Rear end,,Rear end,Light truck utility(from 2018),Car (sedan/hatch),2,0,0,0,0,6,June,Winter,Sunday,10:00 - 11:59,Midday / afternoon,False,False,False,False
1361996,Non-casualty (towaway),Non-casualty (towaway),2024,2024,July,Thursday,00:01 - 01:59,BEAN,ST,0,Right on the spot,NUMBER 6,HN,GATESHEAD,,No,Not a school zone,2-way undivided,-32.971419,151.689308,Lake Macquarie,Newcastle met. area,Syd-Newc-Woll Gtr conurbation,Curved,Steep grade,,,On,Sealed,Wet,Raining,Darkness,Nil,No traffic controls,50 km/h,Local,87,Off lft/lft bnd=>obj,804,Off left bend into obj,Left,Other angle,4 wheel drive / SUV,Car (sedan/hatch),2,0,0,0,0,7,July,Winter,Thursday,00:01 - 01:59,Late night / early morning,False,False,False,False
1362009,Non-casualty (towaway),Non-casualty (towaway),2024,2024,July,Saturday,22:00 - Midnight,WESTERN,EXP,1000,West,HILL ROAD,OP,LIDCOMBE,6004.0,No,Not a school zone,Dual freeway,-33.84392,151.04598,Parramatta,Sydney metro. area,Syd-Newc-Woll Gtr conurbation,Curved,,,,Nil,Sealed,Dry,Fine,Darkness,Nil,No traffic controls,90 km/h,State,30,Rear end,301,Same - Rear end,,Rear end,Car (sedan/hatch),Car (sedan/hatch),2,0,0,0,0,7,July,Winter,Saturday,22:00 - Midnight,Evening / night,False,False,False,False
1362027,Non-casualty (towaway),Non-casualty (towaway),2024,2024,August,Thursday,02:00 - 03:59,STEVENSON,WAY,0,Right on the spot,NUMBER 80,HN,ORANGE,,No,Not a school zone,2-way undivided,-33.255248,149.090743,Orange,Country urban,Rest of NSW - Urban,Straight,,,,On,Sealed,Dry,Fine,Darkness,Nil,No traffic controls,50 km/h,Local,71,Off rd left => obj,703,Left off cway into object,,Other angle,Car (sedan/hatch),Light truck utility(from 2018),2,0,0,0,0,8,August,Winter,Thursday,02:00 - 03:59,Late night / early morning,False,False,False,False
1362030,Non-casualty (towaway),Non-casualty (towaway),2024,2024,July,Saturday,16:00 - 17:59,MONOMEETH,ST,0,Right on the spot,NUMBER 26,HN,BEXLEY,,No,Not a school zone,2-way undivided,-33.952226,151.126208,Bayside,Sydney metro. area,Syd-Newc-Woll Gtr conurbation,Straight,Spd hump/slow pt/chc,,,Off,Sealed,Dry,Fine,Dusk,Nil,No traffic controls,50 km/h,Local,71,Off rd left => obj,703,Left off cway into object,,Other angle,Car (sedan/hatch),Car (sedan/hatch),5,0,0,0,0,7,July,Winter,Saturday,16:00 - 17:59,PM peak / evening commute,True,False,False,False
1362036,Non-casualty (towaway),Non-casualty (towaway),2024,2024,July,Monday,06:00 - 07:59,WESTERN,EXP,0,Right on the spot,M7 WESTLINK EXPRESSWAY,TO,EASTERN CREEK,6004.0,No,Not a school zone,Dual freeway,-33.800045,150.864105,Blacktown,Sydney metro. area,Syd-Newc-Woll Gtr conurbation,Straight,,,,On,Sealed,Dry,Fine,Dawn,Nil,No traffic controls,100 km/h,State,34,Lane change right,306,Same - Lane change right,,Other angle,Large rigid,Car (sedan/hatch),2,0,0,0,0,7,July,Winter,Monday,06:00 - 07:59,AM peak / school commute,True,False,False,False
1362046,Non-casualty (towaway),Non-casualty (towaway),2024,2024,August,Sunday,04:00 - 05:59,PRINCES,HWY,0,Right on the spot,C RIDGE,RD,BODALLA,1.0,No,Not a school zone,T-junction,-36.127346,150.07513,Eurobodalla,Country non-urban,Rest of NSW - Rural,Curved,Steep grade,,,On,Sealed,Dry,Fine,Darkness,Nil,No traffic controls,100 km/h,State,83,Off rt/rt bnd=>obj,803,Off right bend into obj,Right,Vehicle - Object,4 wheel drive / SUV,,1,0,0,0,0,8,August,Winter,Sunday,04:00 - 05:59,Late night / early morning,False,False,False,False
1362050,Non-casualty (towaway),Non-casualty (towaway),2024,2024,August,Wednesday,14:00 - 15:59,FORSYTH,ST,20,East,BAYLIS,ST,WAGGA WAGGA,,No,Not a school zone,Divided road,-35.114009,147.369962,Wagga Wagga,Country urban,Rest of NSW - Urban,Straight,,,,Off,Sealed,Dry,Fine,Daylight,Nil,No traffic controls,50 km/h,Local,45,Reversing,404,Manov - Reverse in traffic,,Other angle,Car (sedan/hatch),Car (sedan/hatch),2,0,0,0,0,8,August,Winter,Wednesday,14:00 - 15:59,Midday / afternoon,False,False,False,False
1362065,Non-casualty (towaway),Non-casualty (towaway),2024,2024,August,Monday,14:00 - 15:59,GREAT WESTERN,HWY,0,Right on the spot,NYRANG,ST,LIDCOMBE,5.0,No,Not a school zone,T-junction,-33.848129,151.048172,Cumberland,Sydney metro. area,Syd-Newc-Woll Gtr conurbation,Straight,,,,Nil,Sealed,Dry,Fine,Daylight,On,No traffic controls,60 km/h,State,37,Left turn sideswipe,309,Same - Left turn side swipe,,Other angle,B-double (road train prior 98),Passenger van,2,0,0,0,0,8,August,Winter,Monday,14:00 - 15:59,Midday / afternoon,False,False,False,False
1362066,Non-casualty (towaway),Non-casualty (towaway),2024,2024,August,Monday,08:00 - 09:59,STUART,RD,0,Right on the spot,NUMBER 96,HN,DHARRUK,,No,Not a school zone,2-way undivided,-33.749557,150.819118,Blacktown,Sydney metro. area,Syd-Newc-Woll Gtr conurbation,Straight,,,,Nil,Sealed,Dry,Fine,Daylight,Nil,No traffic controls,50 km/h,Local,71,Off rd left => obj,703,Left off cway into object,,Other angle,Car (sedan/hatch),Car (sedan/hatch),2,0,0,0,0,8,August,Winter,Monday,08:00 - 09:59,AM peak / school commute,True,False,False,False
1362087,Non-casualty (towaway),Non-casualty (towaway),2024,2024,August,Tuesday,00:01 - 01:59,ROSSMORE,AVE,0,Right on the spot,NUMBER 68,HN,PUNCHBOWL,,Yes,No,2-way undivided,-33.929643,151.056485,Canterbury-Bankstown,Sydney metro. area,Syd-Newc-Woll Gtr conurbation,Straight,,,,On,Sealed,Dry,Fine,Darkness,Nil,No traffic controls,50 km/h,Local,71,Off rd left => obj,703,Left off cway into object,,Other angle,Light truck utility(from 2018),Car (sedan/hatch),3,0,0,0,0,8,August,Winter,Tuesday,00:01 - 01:59,Late night / early morning,False,False,False,False
1362111,Non-casualty (towaway),Non-casualty (towaway),2024,2024,August,Sunday,02:00 - 03:59,ELIZABETH,ST,0,Right on the spot,PARK,RD,HURSTVILLE,,No,Not a school zone,T-junction,-33.959677,151.09988,Georges River,Sydney metro. area,Syd-Newc-Woll Gtr conurbation,Straight,,,,On,Sealed,Dry,Fine,Darkness,Nil,Give way sign,50 km/h,Local,71,Off rd left => obj,703,Left off cway into object,,Other angle,Car (sedan/hatch),4 wheel drive / SUV,2,0,0,0,0,8,August,Winter,Sunday,02:00 - 03:59,Late night / early morning,False,False,False,False
1362119,Non-casualty (towaway),Non-casualty (towaway),2024,2024,September,Sunday,08:00 - 09:59,HUME,HWY,1000,North,BARTON HIGHWAY,TO,MANTON,2.0,No,Not a school zone,Divided road,-34.829967,148.977408,Yass Valley,Country non-urban,Rest of NSW - Rural,Curved,Embankment/cutting,,,Nil,Sealed,Dry,Fine,Daylight,Nil,No traffic controls,110 km/h,State,85,Off rt/lft bnd=>obj,804,Off left bend into obj,Right,Vehicle - Object,Semi-trailer,,1,0,0,0,0,9,September,Spring,Sunday,08:00 - 09:59,AM peak / school commute,True,False,False,False
1362133,Non-casualty (towaway),Non-casualty (towaway),2024,2024,August,Wednesday,00:01 - 01:59,DELAMERE,ST,120,West,RAILWAY,PDE,CANLEY VALE,,No,Not a school zone,2-way undivided,-33.883233,150.945191,Fairfield,Sydney metro. area,Syd-Newc-Woll Gtr conurbation,Straight,,,,On,Sealed,Dry,Fine,Darkness,Nil,No traffic controls,50 km/h,Local,71,Off rd left => obj,703,Left off cway into object,,Other angle,Light truck,Car (sedan/hatch),3,0,0,0,0,8,August,Winter,Wednesday,00:01 - 01:59,Late night / early morning,False,False,False,False
1362146,Non-casualty (towaway),Non-casualty (towaway),2024,2024,August,Friday,20:00 - 21:59,MORWICK,ST,0,Right on the spot,WENTWORTH,RD,STRATHFIELD,2027.0,No,Not a school zone,X-intersection,-33.875226,151.097691,Burwood,Sydney metro. area,Syd-Newc-Woll Gtr conurbation,Straight,,,,On,Sealed,Dry,Fine,Darkness,On,No traffic controls,50 km/h,Regional,21,Right through,202,Opp - Right-thru,,Other angle,Car (sedan/hatch),Car (sedan/hatch),2,0,0,0,0,8,August,Winter,Friday,20:00 - 21:59,Evening / night,False,False,False,False
1362154,Non-casualty (towaway),Non-casualty (towaway),2024,2024,August,Monday,14:00 - 15:59,OXLEY,HWY,1000,West,KING CREEK,RD,WAUCHOPE,11.0,No,Not a school zone,2-way undivided,-31.460772,152.756276,Port Macquarie-Hastings,Country urban,Rest of NSW - Urban,Straight,,,,Nil,Sealed,Dry,Fine,Daylight,Nil,No traffic controls,80 km/h,State,20,Head on,201,Opp - Head on,,Head-on,Car (sedan/hatch),Car (sedan/hatch),2,0,0,0,0,8,August,Winter,Monday,14:00 - 15:59,Midday / afternoon,False,False,False,False
1362157,Non-casualty (towaway),Non-casualty (towaway),2024,2024,September,Sunday,10:00 - 11:59,TAMWORTH,ST,0,Right on the spot,TAYLOR,ST,DUBBO,,No,Not a school zone,X-intersection,-32.261236,148.615004,Dubbo Regional,Country urban,Rest of NSW - Urban,Straight,,,,Nil,Sealed,Dry,Fine,Daylight,Nil,Give way sign,50 km/h,Local,10,Cross traffic,101,Adj - Cross traffic,,Right angle,Car (sedan/hatch),Car (sedan/hatch),2,0,0,0,0,9,September,Spring,Sunday,10:00 - 11:59,Midday / afternoon,False,False,False,False
1362169,Non-casualty (towaway),Non-casualty (towaway),2024,2024,September,Tuesday,02:00 - 03:59,PRINCES,HWY,0,Right on the spot,BOLONG,RD,BOMADERRY,1.0,No,Not a school zone,T-junction,-34.860059,150.599659,Shoalhaven,Country urban,Rest of NSW - Urban,Curved,Embankment/cutting,,,On,Sealed,Dry,Fine,Darkness,On,No traffic controls,70 km/h,State,81,Off left/rt bnd=>obj,707,Right turn,Left,Vehicle - Object,Car (sedan/hatch),,1,0,0,0,0,9,September,Spring,Tuesday,02:00 - 03:59,Late night / early morning,False,False,False,False
1362180,Non-casualty (towaway),Non-casualty (towaway),2024,2024,September,Wednesday,06:00 - 07:59,GEORGES RIVER,RD,50,East,SEYMOUR,ST,CROYDON PARK,549.0,Yes,No,2-way undivided,-33.895489,151.107804,Burwood,Sydney metro. area,Syd-Newc-Woll Gtr conurbation,Straight,Steep grade,,,Nil,Sealed,Dry,Fine,Daylight,Nil,No traffic controls,60 km/h,State,33,Lane sideswipe,305,Same - Lane side swipe,,Other angle,Light truck,Car (sedan/hatch),2,0,0,0,0,9,September,Spring,Wednesday,06:00 - 07:59,AM peak / school commute,True,False,False,False
1362182,Non-casualty (towaway),Non-casualty (towaway),2024,2024,August,Sunday,16:00 - 17:59,WINDSOR,RD,10,North,MERRIVILLE,RD,KELLYVILLE RIDGE,184.0,No,Not a school zone,T-junction,-33.700043,150.928583,Blacktown,Sydney metro. area,Syd-Newc-Woll Gtr conurbation,Straight,,,,Off,Sealed,Dry,Fine,Daylight,On,No traffic controls,80 km/h,State,30,Rear end,301,Same - Rear end,,Rear end,4 wheel drive / SUV,4 wheel drive / SUV,2,0,0,0,0,8,August,Winter,Sunday,16:00 - 17:59,PM peak / evening commute,True,False,False,False
1362187,Non-casualty (towaway),Non-casualty (towaway),2024,2024,August,Sunday,08:00 - 09:59,FAIRFAX,RD,275,North,WINDROSS,DR,WARNERS BAY,,No,Not a school zone,2-way undivided,-32.960066,151.64184,Lake Macquarie,Newcastle met. area,Syd-Newc-Woll Gtr conurbation,Straight,,,,Off,Sealed,Wet,Raining,Daylight,Nil,No traffic controls,50 km/h,Local,70,Off road to left,701,Off carriageway to left,,Rollover,Motor scooter,,1,0,0,0,0,8,August,Winter,Sunday,08:00 - 09:59,AM peak / school commute,True,False,False,False
1362189,Non-casualty (towaway),Non-casualty (towaway),2024,2024,September,Sunday,00:01 - 01:59,BAIKIE,CRES,135,East,DICKINSON,ST,CHARLESTOWN,,No,Not a school zone,2-way undivided,-32.960546,151.700416,Lake Macquarie,Newcastle met. area,Syd-Newc-Woll Gtr conurbation,Straight,Steep grade,,,On,Sealed,Dry,Fine,Darkness,Nil,No traffic controls,50 km/h,Local,71,Off rd left => obj,703,Left off cway into object,,Other angle,Car (sedan/hatch),Car (sedan/hatch),2,0,0,0,0,9,September,Spring,Sunday,00:01 - 01:59,Late night / early morning,False,False,False,False
1362199,Non-casualty (towaway),Non-casualty (towaway),2024,2024,August,Monday,10:00 - 11:59,LAMBRIDGE,PL,50,South,ANDREWS,RD,PENRITH,,No,Not a school zone,2-way undivided,-33.730856,150.697204,Penrith,Sydney metro. area,Syd-Newc-Woll Gtr conurbation,Straight,,,,Nil,Sealed,Dry,Fine,Daylight,Nil,No traffic controls,50 km/h,Local,71,Off rd left => obj,703,Left off cway into object,,Other angle,Car (sedan/hatch),4 wheel drive / SUV,3,0,0,0,0,8,August,Winter,Monday,10:00 - 11:59,Midday / afternoon,False,False,False,False
1362228,Non-casualty (towaway),Non-casualty (towaway),2024,2024,August,Saturday,22:00 - Midnight,FULLERTON,ST,0,Right on the spot,NUMBER 178,HN,STOCKTON,,No,Not a school zone,2-way undivided,-32.903346,151.783727,Newcastle,Newcastle met. area,Syd-Newc-Woll Gtr conurbation,Straight,,,,Nil,Sealed,Dry,Fine,Darkness,Nil,No traffic controls,50 km/h,Local,73,Off rd rght => obj,704,Right off cway into obj,,Other angle,4 wheel drive / SUV,Light truck utility(from 2018),2,0,0,0,0,8,August,Winter,Saturday,22:00 - Midnight,Evening / night,False,False,False,False
1362229,Non-casualty (towaway),Non-casualty (towaway),2024,2024,August,Saturday,22:00 - Midnight,LORRAINE,AVE,0,Right on the spot,NUMBER 7-9,HN,BARDWELL VALLEY,,No,Not a school zone,2-way undivided,-33.937896,151.134808,Bayside,Sydney metro. area,Syd-Newc-Woll Gtr conurbation,Straight,Steep grade,,,On,Sealed,Wet,Other,Darkness,Nil,No traffic controls,50 km/h,Local,71,Off rd left => obj,703,Left off cway into object,,Other angle,4 wheel drive / SUV,Car (sedan/hatch),3,0,0,0,0,8,August,Winter,Saturday,22:00 - Midnight,Evening / night,False,False,False,False
1362232,Non-casualty (towaway),Non-casualty (towaway),2024,2024,August,Friday,22:00 - Midnight,BLACKWOOD,ST,10,East,MIMOSA,ST,LEETON,,No,Not a school zone,T-junction,-34.552686,146.375071,Leeton,Country urban,Rest of NSW - Urban,Curved,,,,On,Sealed,Wet,Overcast,Darkness,Nil,Give way sign,60 km/h,Local,83,Off rt/rt bnd=>obj,803,Off right bend into obj,Right,Vehicle - Object,Car (sedan/hatch),,1,0,0,0,0,8,August,Winter,Friday,22:00 - Midnight,Evening / night,False,False,False,False
1362239,Non-casualty (towaway),Non-casualty (towaway),2024,2024,September,Saturday,04:00 - 05:59,PACIFIC,HWY,200,North,GLENCOE,RD,TABBIMOBLE,10.0,No,Not a school zone,Divided road,-29.202372,153.268381,Richmond Valley,Country non-urban,Rest of NSW - Rural,Straight,,,,Nil,Sealed,Dry,Fine,Darkness,Nil,No traffic controls,110 km/h,State,73,Off rd rght => obj,704,Right off cway into obj,,Vehicle - Object,Light truck utility(from 2018),,1,0,0,0,0,9,September,Spring,Saturday,04:00 - 05:59,Late night / early morning,False,False,False,False
1362241,Non-casualty (towaway),Non-casualty (towaway),2024,2024,August,Sunday,04:00 - 05:59,AURORA,DR,0,Right on the spot,NUMBER 43,HN,TREGEAR,7168.0,No,Not a school zone,2-way undivided,-33.75141,150.7965,Blacktown,Sydney metro. area,Syd-Newc-Woll Gtr conurbation,Curved,,,,On,Sealed,Dry,Fine,Darkness,Nil,No traffic controls,50 km/h,Regional,85,Off rt/lft bnd=>obj,804,Off left bend into obj,Right,Vehicle - Object,Car (sedan/hatch),,1,0,0,0,0,8,August,Winter,Sunday,04:00 - 05:59,Late night / early morning,False,False,False,False
1362254,Non-casualty (towaway),Non-casualty (towaway),2024,2024,August,Thursday,06:00 - 07:59,DOYALSON LINK,RD,1000,West,PACIFIC,HWY,DOYALSON,675.0,No,Not a school zone,2-way undivided,-33.204964,151.505806,Central Coast,Country urban,Syd-Newc-Woll Gtr conurbation,Straight,,,,Nil,Sealed,Dry,Fine,Daylight,Nil,No traffic controls,80 km/h,State,30,Rear end,301,Same - Rear end,,Rear end,Unknown motor vehicle,Car (sedan/hatch),2,0,0,0,0,8,August,Winter,Thursday,06:00 - 07:59,AM peak / school commute,True,False,False,False
1362274,Non-casualty (towaway),Non-casualty (towaway),2024,2024,September,Wednesday,02:00 - 03:59,GREAT WESTERN,HWY,0,Right on the spot,HARBORD,ST,CLYDE,5.0,No,Not a school zone,T-junction,-33.835001,151.021825,Parramatta,Sydney metro. area,Syd-Newc-Woll Gtr conurbation,Straight,,,,On,Sealed,Dry,Fine,Darkness,Nil,No traffic controls,60 km/h,State,20,Head on,201,Opp - Head on,,Head-on,Car (sedan/hatch),Car (sedan/hatch),2,0,0,0,0,9,September,Spring,Wednesday,02:00 - 03:59,Late night / early morning,False,False,False,False
1362301,Non-casualty (towaway),Non-casualty (towaway),2024,2024,August,Sunday,00:01 - 01:59,FRANCIS,RD,0,Right on the spot,ORION,ST,ROOTY HILL,537.0,No,Not a school zone,T-junction,-33.774196,150.838026,Blacktown,Sydney metro. area,Syd-Newc-Woll Gtr conurbation,Curved,Steep grade,,,On,Sealed,Dry,Fine,Darkness,Nil,Give way sign,60 km/h,State,85,Off rt/lft bnd=>obj,706,Left turn,Right,Vehicle - Object,Car (sedan/hatch),,1,0,0,0,0,8,August,Winter,Sunday,00:01 - 01:59,Late night / early morning,False,False,False,False
1362303,Non-casualty (towaway),Non-casualty (towaway),2024,2024,September,Monday,14:00 - 15:59,LYSAGHT,ST,0,Right on the spot,NUMBER 20,HN,NORTH WOLLONGONG,,Yes,No,2-way undivided,-34.405598,150.888541,Wollongong,Wollongong met. area,Syd-Newc-Woll Gtr conurbation,Straight,,,,Off,Sealed,Dry,Fine,Daylight,Nil,No traffic controls,50 km/h,Local,71,Off rd left => obj,703,Left off cway into object,,Other angle,Car (sedan/hatch),Car (sedan/hatch),3,0,0,0,0,9,September,Spring,Monday,14:00 - 15:59,Midday / afternoon,False,False,False,False
1362316,Non-casualty (towaway),Non-casualty (towaway),2024,2024,September,Friday,22:00 - Midnight,FIVE ISLANDS,RD,150,East,SPRINGHILL,RD,SPRING HILL,295.0,No,Not a school zone,Divided road,-34.465663,150.873255,Wollongong,Wollongong met. area,Syd-Newc-Woll Gtr conurbation,Straight,,,,On,Sealed,Dry,Fine,Darkness,Nil,No traffic controls,80 km/h,State,30,Rear end,301,Same - Rear end,,Rear end,Car (sedan/hatch),Light truck utility(from 2018),2,0,0,0,0,9,September,Spring,Friday,22:00 - Midnight,Evening / night,False,False,False,False
1362334,Non-casualty (towaway),Non-casualty (towaway),2024,2024,August,Saturday,20:00 - 21:59,GROSE VALE,RD,10,West,YOBARNIE,AVE,NORTH RICHMOND,7212.0,No,Not a school zone,Roundabout,-33.587494,150.703862,Hawkesbury,Country urban,Syd-Newc-Woll Gtr conurbation,Curved,,,,Unknown / not stated,Sealed,Unknown,Unknown,Darkness,Nil,Give way sign,70 km/h,Regional,85,Off rt/lft bnd=>obj,804,Off left bend into obj,Right,Vehicle - Object,Station wagon,,1,0,0,0,0,8,August,Winter,Saturday,20:00 - 21:59,Evening / night,False,False,False,False
1362338,Non-casualty (towaway),Non-casualty (towaway),2024,2024,September,Sunday,02:00 - 03:59,CLEARY,ST,20,West,SAMDON,ST,HAMILTON,,No,Not a school zone,2-way undivided,-32.920082,151.742424,Newcastle,Newcastle met. area,Syd-Newc-Woll Gtr conurbation,Straight,,,,On,Sealed,Dry,Fine,Darkness,Nil,No traffic controls,50 km/h,Local,71,Off rd left => obj,703,Left off cway into object,,Other angle,Car (sedan/hatch),4 wheel drive / SUV,3,0,0,0,0,9,September,Spring,Sunday,02:00 - 03:59,Late night / early morning,False,False,False,False
1362349,Non-casualty (towaway),Non-casualty (towaway),2024,2024,August,Tuesday,16:00 - 17:59,BARRIER,HWY,0,Right on the spot,MENINDEE,RD,BROKEN HILL,8.0,No,Not a school zone,X-intersection,-31.953121,141.474048,Broken Hill,Country urban,Rest of NSW - Urban,Straight,,,,Nil,Sealed,Dry,Fine,Daylight,Nil,Give way sign,50 km/h,State,10,Cross traffic,101,Adj - Cross traffic,,Right angle,Light truck utility(from 2018),Road train,2,0,0,0,0,8,August,Winter,Tuesday,16:00 - 17:59,PM peak / evening commute,True,False,False,False
1362355,Non-casualty (towaway),Non-casualty (towaway),2024,2024,September,Thursday,22:00 - Midnight,CARAWA,RD,0,Right on the spot,WILLANDRA,RD,CROMER,7365.0,No,Not a school zone,L-junction,-33.73944,151.271413,Northern Beaches,Sydney metro. area,Syd-Newc-Woll Gtr conurbation,Curved,,,,On,Sealed,Dry,Fine,Darkness,Nil,No traffic controls,50 km/h,Regional,85,Off rt/lft bnd=>obj,804,Off left bend into obj,Right,Vehicle - Object,Light truck utility(from 2018),,1,0,0,0,0,9,September,Spring,Thursday,22:00 - Midnight,Evening / night,False,False,False,False