crash_id,degree_of_crash,degree_of_crash_-_detailed,reporting_year,year_of_crash,month_of_crash,day_of_week_of_crash,two-hour_intervals,street_of_crash,street_type,distance,direction,identifying_feature,identifying_feature_type,town,route_no.,school_zone_location,school_zone_active,type_of_location,latitude,longitude,lga,urbanisation,conurbation_1,alignment,primary_permanent_feature,primary_temporary_feature,primary_hazardous_feature,street_lighting,road_surface,surface_condition,weather,natural_lighting,signals_operation,other_traffic_control,speed_limit,road_classification_(admin),rum_-_code,rum_-_description,dca_-_code,dca_-_description,dca_supplement,first_impact_type,key_tu_type,other_tu_type,no._of_traffic_units_involved,no._killed,no._seriously_injured,no._moderately_injured,no._minor-other_injured,month_num,month_label,season,day_label,time_label,time_band,is_peak_commute,is_fatal,is_injury,is_casualty
1362370,Non-casualty (towaway),Non-casualty (towaway),2024,2024,September,Saturday,18:00 - 19:59,LANCELOT,ST,30,East,PENDANT,AVE,BLACKTOWN,,No,Not a school zone,2-way undivided,-33.790306,150.913511,Blacktown,Sydney metro. area,Syd-Newc-Woll Gtr conurbation,Straight,Foot/cycle path/nature strip,,,On,Sealed,Dry,Fine,Darkness,Nil,No traffic controls,50 km/h,Local,71,Off rd left => obj,703,Left off cway into object,,Other angle,Light truck utility(from 2018),Car (sedan/hatch),2,0,0,0,0,9,September,Spring,Saturday,18:00 - 19:59,PM peak / evening commute,True,False,False,False
1362376,Non-casualty (towaway),Non-casualty (towaway),2024,2024,August,Thursday,12:00 - 13:59,RICHARDSON,RD,0,Right on the spot,MEDOWIE,RD,CAMPVALE,104.0,No,Not a school zone,Roundabout,-32.772358,151.859783,Port Stephens,Country urban,Rest of NSW - Urban,Curved,,,,Nil,Sealed,Wet,Overcast,Daylight,Nil,Give way sign,80 km/h,State,10,Cross traffic,101,Adj - Cross traffic,,Right angle,Station wagon,4 wheel drive / SUV,2,0,0,0,0,8,August,Winter,Thursday,12:00 - 13:59,Midday / afternoon,False,False,False,False
1362383,Non-casualty (towaway),Non-casualty (towaway),2024,2024,August,Sunday,18:00 - 19:59,HILLSBOROUGH,RD,360,East,MACQUARIE,RD,WARNERS BAY,674.0,No,Not a school zone,2-way undivided,-32.965498,151.656279,Lake Macquarie,Newcastle met. area,Syd-Newc-Woll Gtr conurbation,Curved,Driveway/entrance,,,On,Sealed,Dry,Fine,Darkness,On,No traffic controls,60 km/h,State,47,Emerging from drive,406,Manov - Emerging from driveway,,Right angle,Light truck,Light truck utility(from 2018),2,0,0,0,0,8,August,Winter,Sunday,18:00 - 19:59,PM peak / evening commute,True,False,False,False
1362388,Non-casualty (towaway),Non-casualty (towaway),2024,2024,September,Friday,22:00 - Midnight,MT HAY,RD,2000,North,VISTA,PDE,LEURA,,No,Not a school zone,2-way undivided,-33.684093,150.347942,Blue Mountains,Country urban,Syd-Newc-Woll Gtr conurbation,Curved,,,,Nil,Unsealed,Dry,Fine,Darkness,Nil,No traffic controls,50 km/h,Local,85,Off rt/lft bnd=>obj,804,Off left bend into obj,Right,Vehicle - Object,Car (sedan/hatch),,1,0,0,0,0,9,September,Spring,Friday,22:00 - Midnight,Evening / night,False,False,False,False
1362389,Non-casualty (towaway),Non-casualty (towaway),2024,2024,June,Saturday,20:00 - 21:59,MOWBRAY,RD,0,Right on the spot,NUMBER 297,HN,CHATSWOOD,2092.0,No,Not a school zone,2-way undivided,-33.80238,151.185101,Willoughby,Sydney metro. area,Syd-Newc-Woll Gtr conurbation,Straight,,,,On,Sealed,Wet,Fine,Darkness,Nil,No traffic controls,50 km/h,Regional,60,Parked,601,On path - Parked,,Other angle,4 wheel drive / SUV,Car (sedan/hatch),3,0,0,0,0,6,June,Winter,Saturday,20:00 - 21:59,Evening / night,False,False,False,False
1362394,Non-casualty (towaway),Non-casualty (towaway),2024,2024,August,Saturday,10:00 - 11:59,EIGHTH,AVE,0,Right on the spot,SOUTH CREEK,RD,SHANES PARK,7164.0,No,Not a school zone,T-junction,-33.715521,150.770384,Blacktown,Sydney metro. area,Syd-Newc-Woll Gtr conurbation,Straight,,,,Nil,Sealed,Dry,Fine,Daylight,Nil,Give way sign,60 km/h,Regional,10,Cross traffic,101,Adj - Cross traffic,,Right angle,Car (sedan/hatch),Car (sedan/hatch),2,0,0,0,0,8,August,Winter,Saturday,10:00 - 11:59,Midday / afternoon,False,False,False,False
1362401,Non-casualty (towaway),Non-casualty (towaway),2024,2024,August,Thursday,14:00 - 15:59,KINGSWAY,MS,110,North,HAY,AVE,CARINGBAH,227.0,No,Not a school zone,Divided road,-34.041486,151.121672,Sutherland,Sydney metro. area,Syd-Newc-Woll Gtr conurbation,Straight,,,,Off,Sealed,Dry,Fine,Daylight,Nil,No traffic controls,60 km/h,State,44,Parking vehicles,403,Manov - Parking-parked vehicle,,Other angle,Car (sedan/hatch),Car (sedan/hatch),2,0,0,0,0,8,August,Winter,Thursday,14:00 - 15:59,Midday / afternoon,False,False,False,False
1362403,Non-casualty (towaway),Non-casualty (towaway),2024,2024,August,Thursday,02:00 - 03:59,GERALDINE,AVE,0,Right on the spot,NUMBER 53,HN,BAULKHAM HILLS,,No,Not a school zone,2-way undivided,-33.755158,150.980158,The Hills,Sydney metro. area,Syd-Newc-Woll Gtr conurbation,Curved,,,,On,Sealed,Dry,Fine,Darkness,Nil,No traffic controls,50 km/h,Local,85,Off rt/lft bnd=>obj,804,Off left bend into obj,Right,Other angle,4 wheel drive / SUV,Car (sedan/hatch),2,0,0,0,0,8,August,Winter,Thursday,02:00 - 03:59,Late night / early morning,False,False,False,False
1362407,Non-casualty (towaway),Non-casualty (towaway),2024,2024,July,Tuesday,02:00 - 03:59,BRIXTON,RD,0,Right on the spot,MCDONALD,ST,BERALA,,No,Not a school zone,T-junction,-33.87278,151.035755,Cumberland,Sydney metro. area,Syd-Newc-Woll Gtr conurbation,Straight,,,,Nil,Sealed,Dry,Fine,Darkness,Nil,No traffic controls,50 km/h,Local,71,Off rd left => obj,703,Left off cway into object,,Other angle,4 wheel drive / SUV,Car (sedan/hatch),2,0,0,0,0,7,July,Winter,Tuesday,02:00 - 03:59,Late night / early morning,False,False,False,False
1362410,Non-casualty (towaway),Non-casualty (towaway),2024,2024,August,Wednesday,12:00 - 13:59,GIPPS,ST,100,West,BURWOOD,RD,CONCORD,649.0,No,Not a school zone,2-way undivided,-33.865429,151.104996,Canada Bay,Sydney metro. area,Syd-Newc-Woll Gtr conurbation,Straight,,,,Nil,Sealed,Dry,Fine,Daylight,Nil,No traffic controls,60 km/h,State,40,U turn,304,Same - U-turn,,Other angle,Light truck utility(from 2018),Car (sedan/hatch),2,0,0,0,0,8,August,Winter,Wednesday,12:00 - 13:59,Midday / afternoon,False,False,False,False
1362411,Non-casualty (towaway),Non-casualty (towaway),2024,2024,August,Saturday,02:00 - 03:59,BUCKETTS,WAY,50,West,WAUKIVORY,RD,GLOUCESTER,90.0,No,Not a school zone,2-way undivided,-32.006444,151.976164,Mid-Coast,Country non-urban,Rest of NSW - Rural,Straight,,,,Nil,Sealed,Dry,Fine,Darkness,Nil,No traffic controls,90 km/h,Regional,67,Struck animal,609,On path - Hit animal,,Vehicle - Animal,Light truck utility(from 2018),,1,0,0,0,0,8,August,Winter,Saturday,02:00 - 03:59,Late night / early morning,False,False,False,False
1362412,Non-casualty (towaway),Non-casualty (towaway),2024,2024,July,Friday,22:00 - Midnight,BENNETT,RD,0,Right on the spot,CARPENTER,ST,COLYTON,,No,Not a school zone,X-intersection,-33.778532,150.792819,Penrith,Sydney metro. area,Syd-Newc-Woll Gtr conurbation,Straight,,,,On,Sealed,Dry,Fine,Darkness,On,No traffic controls,50 km/h,Local,81,Off left/rt bnd=>obj,707,Right turn,Left,Vehicle - Object,Light truck utility(from 2018),,1,0,0,0,0,7,July,Winter,Friday,22:00 - Midnight,Evening / night,False,False,False,False
1362417,Non-casualty (towaway),Non-casualty (towaway),2024,2024,April,Monday,18:00 - 19:59,BATHURST,ST,999999,Unknown/not stated,UNKNOWN,UK,CONDOBOLIN,,No,Not a school zone,2-way undivided,-33.089085,147.152027,Lachlan,Country urban,Rest of NSW - Urban,Straight,,,,On,Sealed,Dry,Fine,Darkness,Nil,No traffic controls,50 km/h,Local,70,Off road to left,701,Off carriageway to left,,Rollover,Light truck utility(from 2018),,1,0,0,0,0,4,April,Autumn,Monday,18:00 - 19:59,PM peak / evening commute,True,False,False,False
1362426,Non-casualty (towaway),Non-casualty (towaway),2024,2024,August,Saturday,00:01 - 01:59,SOUTH WESTERN,EXP,400,West,KING GEORGES ROAD,OP,NARWEE,6005.0,No,Not a school zone,Dual freeway,-33.943748,151.072652,Canterbury-Bankstown,Sydney metro. area,Syd-Newc-Woll Gtr conurbation,Straight,,,,Unknown / not stated,Sealed,Dry,Fine,Darkness,Nil,No traffic controls,100 km/h,State,34,Lane change right,306,Same - Lane change right,,Other angle,Car (sedan/hatch),Car (sedan/hatch),2,0,0,0,0,8,August,Winter,Saturday,00:01 - 01:59,Late night / early morning,False,False,False,False
1362429,Non-casualty (towaway),Non-casualty (towaway),2024,2024,July,Tuesday,10:00 - 11:59,WYONG,RD,0,Right on the spot,NUMBER 174,HN,KILLARNEY VALE,335.0,No,Not a school zone,Divided road,-33.364684,151.458674,Central Coast,Country urban,Syd-Newc-Woll Gtr conurbation,Straight,,,,Unknown / not stated,Sealed,Wet,Overcast,Daylight,Nil,No traffic controls,60 km/h,State,73,Off rd rght => obj,704,Right off cway into obj,,Vehicle - Object,Station wagon,,1,0,0,0,0,7,July,Winter,Tuesday,10:00 - 11:59,Midday / afternoon,False,False,False,False
1362436,Non-casualty (towaway),Non-casualty (towaway),2024,2024,September,Friday,12:00 - 13:59,CENTRAL COAST,HWY,500,West,AVOCA,DR,ERINA,30.0,No,Not a school zone,2-way undivided,-33.43685,151.368363,Central Coast,Country urban,Syd-Newc-Woll Gtr conurbation,Straight,,,,Unknown / not stated,Sealed,Dry,Fine,Daylight,Nil,No traffic controls,70 km/h,State,71,Off rd left => obj,703,Left off cway into object,,Vehicle - Object,Station wagon,,1,0,0,0,0,9,September,Spring,Friday,12:00 - 13:59,Midday / afternoon,False,False,False,False
1362437,Non-casualty (towaway),Non-casualty (towaway),2024,2024,September,Wednesday,00:01 - 01:59,SUNNYHOLT,RD,65,North,PRINCE,ST,BLACKTOWN,642.0,No,Not a school zone,Divided road,-33.768873,150.912216,Blacktown,Sydney metro. area,Syd-Newc-Woll Gtr conurbation,Straight,,,,Unknown / not stated,Sealed,Dry,Fine,Darkness,Nil,No traffic controls,60 km/h,State,73,Off rd rght => obj,704,Right off cway into obj,,Vehicle - Object,Car (sedan/hatch),,1,0,0,0,0,9,September,Spring,Wednesday,00:01 - 01:59,Late night / early morning,False,False,False,False
1362441,Non-casualty (towaway),Non-casualty (towaway),2024,2024,September,Sunday,20:00 - 21:59,STURT,HWY,2000,East,DONALD ROSS,DR,DARLINGTON POINT,14.0,No,Not a school zone,2-way undivided,-34.617941,146.057674,Murrumbidgee,Country non-urban,Rest of NSW - Rural,Curved,,,,Unknown / not stated,Sealed,Dry,Fine,Darkness,Nil,No traffic controls,110 km/h,State,67,Struck animal,609,On path - Hit animal,,Vehicle - Animal,Car (sedan/hatch),,1,0,0,0,0,9,September,Spring,Sunday,20:00 - 21:59,Evening / night,False,False,False,False
1362446,Non-casualty (towaway),Non-casualty (towaway),2024,2024,September,Friday,16:00 - 17:59,ROCKY POINT,RD,0,Right on the spot,ALICE,ST,SANS SOUCI,199.0,No,Not a school zone,X-intersection,-33.987513,151.134911,Georges River,Sydney metro. area,Syd-Newc-Woll Gtr conurbation,Straight,,,,Unknown / not stated,Sealed,Dry,Fine,Dusk,Unknown / not stated,No traffic controls,60 km/h,State,30,Rear end,301,Same - Rear end,,Rear end,Car (sedan/hatch),4 wheel drive / SUV,2,0,0,0,0,9,September,Spring,Friday,16:00 - 17:59,PM peak / evening commute,True,False,False,False
1362450,Non-casualty (towaway),Non-casualty (towaway),2024,2024,September,Thursday,08:00 - 09:59,WYONG,RD,60,North,PALM SPRINGS,AVE,GLENNING VALLEY,335.0,No,Not a school zone,Divided road,-33.343633,151.429171,Central Coast,Country urban,Syd-Newc-Woll Gtr conurbation,Straight,,,,Unknown / not stated,Sealed,Dry,Fine,Daylight,Nil,No traffic controls,70 km/h,State,30,Rear end,301,Same - Rear end,,Rear end,Passenger van,4 wheel drive / SUV,3,0,0,0,0,9,September,Spring,Thursday,08:00 - 09:59,AM peak / school commute,True,False,False,False
1362451,Non-casualty (towaway),Non-casualty (towaway),2024,2024,September,Saturday,08:00 - 09:59,WINDSOR,RD,0,Right on the spot,M2 HILLS,EXP,BAULKHAM HILLS,184.0,No,Not a school zone,T-junction,-33.767804,150.998335,The Hills,Sydney metro. area,Syd-Newc-Woll Gtr conurbation,Straight,Other bridge,,,Unknown / not stated,Sealed,Dry,Fine,Daylight,On,No traffic controls,60 km/h,State,30,Rear end,301,Same - Rear end,,Rear end,Car (sedan/hatch),Station wagon,2,0,0,0,0,9,September,Spring,Saturday,08:00 - 09:59,AM peak / school commute,True,False,False,False
1362452,Non-casualty (towaway),Non-casualty (towaway),2024,2024,September,Sunday,14:00 - 15:59,CARSON,ST,50,South,BURTENSHAW,ST,PANANIA,,No,Not a school zone,2-way undivided,-33.948974,151.004868,Canterbury-Bankstown,Sydney metro. area,Syd-Newc-Woll Gtr conurbation,Straight,,,,Unknown / not stated,Sealed,Wet,Fine,Daylight,Nil,No traffic controls,50 km/h,Local,71,Off rd left => obj,703,Left off cway into object,,Other angle,Car (sedan/hatch),4 wheel drive / SUV,2,0,0,0,0,9,September,Spring,Sunday,14:00 - 15:59,Midday / afternoon,False,False,False,False
1362456,Non-casualty (towaway),Non-casualty (towaway),2024,2024,September,Thursday,12:00 - 13:59,CARTWRIGHT,AVE,0,Right on the spot,MAXWELLS,AVE,MILLER,,No,Not a school zone,Roundabout,-33.921258,150.888468,Liverpool,Sydney metro. area,Syd-Newc-Woll Gtr conurbation,Straight,,,,Unknown / not stated,Sealed,Dry,Fine,Daylight,Nil,Give way sign,50 km/h,Local,14,2 right turning,105,Adj - Two right turning,,Right angle,Light truck utility(from 2018),Other bus,3,0,0,0,0,9,September,Spring,Thursday,12:00 - 13:59,Midday / afternoon,False,False,False,False
1362458,Non-casualty (towaway),Non-casualty (towaway),2024,2024,September,Wednesday,08:00 - 09:59,WINDSOR,RD,15,North,STONE MASON,DR,NORWEST,184.0,No,Not a school zone,Divided road,-33.729606,150.972307,The Hills,Sydney metro. area,Syd-Newc-Woll Gtr conurbation,Straight,,,,Unknown / not stated,Sealed,Dry,Fine,Daylight,Nil,No traffic controls,70 km/h,State,35,Lane change left,307,Same - Lane change left,,Other angle,Car (sedan/hatch),Car (sedan/hatch),2,0,0,0,0,9,September,Spring,Wednesday,08:00 - 09:59,AM peak / school commute,True,False,False,False
1362459,Non-casualty (towaway),Non-casualty (towaway),2024,2024,September,Tuesday,22:00 - Midnight,CONCORD,RD,0,Right on the spot,WELLBANK,ST,NORTH STRATHFIELD,668.0,No,Not a school zone,X-intersection,-33.858415,151.092258,Canada Bay,Sydney metro. area,Syd-Newc-Woll Gtr conurbation,Straight,,,,Unknown / not stated,Sealed,Dry,Fine,Darkness,On,No traffic controls,60 km/h,State,21,Right through,202,Opp - Right-thru,,Other angle,Car (sedan/hatch),Car (sedan/hatch),2,0,0,0,0,9,September,Spring,Tuesday,22:00 - Midnight,Evening / night,False,False,False,False
1362462,Non-casualty (towaway),Non-casualty (towaway),2024,2024,September,Wednesday,08:00 - 09:59,PACIFIC,HWY,0,Right on the spot,NEWCASTLE`,EXP,OURIMBAH,10.0,No,Not a school zone,Roundabout,-33.345135,151.369707,Central Coast,Country urban,Syd-Newc-Woll Gtr conurbation,Straight,,,,Unknown / not stated,Sealed,Dry,Fine,Daylight,Nil,Give way sign,60 km/h,State,21,Right through,202,Opp - Right-thru,,Other angle,4 wheel drive / SUV,4 wheel drive / SUV,2,0,0,0,0,9,September,Spring,Wednesday,08:00 - 09:59,AM peak / school commute,True,False,False,False
1362464,Non-casualty (towaway),Non-casualty (towaway),2024,2024,September,Monday,18:00 - 19:59,PATRICK,ST,0,Right on the spot,NUMBER 82,HN,HURSTVILLE,,No,Not a school zone,2-way undivided,-33.960525,151.099804,Georges River,Sydney metro. area,Syd-Newc-Woll Gtr conurbation,Straight,,,,Unknown / not stated,Sealed,Dry,Fine,Darkness,Nil,No traffic controls,50 km/h,Local,71,Off rd left => obj,703,Left off cway into object,,Other angle,Light truck utility(from 2018),Car (sedan/hatch),2,0,0,0,0,9,September,Spring,Monday,18:00 - 19:59,PM peak / evening commute,True,False,False,False
1362465,Non-casualty (towaway),Non-casualty (towaway),2024,2024,September,Monday,14:00 - 15:59,BOWLER,ST,20,East,NUMBER 11,HN,BRAIDWOOD,,No,Not a school zone,2-way undivided,-35.449521,149.801635,Queanbeyan-Palerang Regional,Country urban,Rest of NSW - Urban,Straight,,,,Unknown / not stated,Sealed,Dry,Fine,Daylight,Nil,No traffic controls,50 km/h,Local,71,Off rd left => obj,703,Left off cway into object,,Vehicle - Object,Station wagon,,1,0,0,0,0,9,September,Spring,Monday,14:00 - 15:59,Midday / afternoon,False,False,False,False
1362468,Non-casualty (towaway),Non-casualty (towaway),2024,2024,September,Thursday,16:00 - 17:59,BOUGAINVILLE,AVE,0,Right on the spot,NUMBER 21,HN,BOSSLEY PARK,,No,Not a school zone,2-way undivided,-33.855396,150.887518,Fairfield,Sydney metro. area,Syd-Newc-Woll Gtr conurbation,Straight,Driveway/entrance,,,Unknown / not stated,Sealed,Dry,Fine,Daylight,Nil,No traffic controls,50 km/h,Local,71,Off rd left => obj,703,Left off cway into object,,Vehicle - Object,4 wheel drive / SUV,,1,0,0,0,0,9,September,Spring,Thursday,16:00 - 17:59,PM peak / evening commute,True,False,False,False
1362470,Non-casualty (towaway),Non-casualty (towaway),2024,2024,September,Saturday,10:00 - 11:59,PACIFIC,HWY,500,North,MUOGAMARRA NATURE RESERVE,ENT,COWAN,10.0,No,Not a school zone,2-way undivided,-33.57038,151.19196,Hornsby,Sydney metro. area,Syd-Newc-Woll Gtr conurbation,Straight,,,,Unknown / not stated,Sealed,Dry,Fine,Daylight,Nil,No traffic controls,70 km/h,State,30,Rear end,301,Same - Rear end,,Rear end,4 wheel drive / SUV,Car (sedan/hatch),2,0,0,0,0,9,September,Spring,Saturday,10:00 - 11:59,Midday / afternoon,False,False,False,False
1362471,Non-casualty (towaway),Non-casualty (towaway),2024,2024,September,Tuesday,14:00 - 15:59,SPARKS,RD,0,Right on the spot,BRUCE,CRES,WALLARAH,509.0,No,Not a school zone,T-junction,-33.241795,151.454085,Central Coast,Country urban,Syd-Newc-Woll Gtr conurbation,Curved,,,,Unknown / not stated,Sealed,Dry,Fine,Daylight,Nil,Give way sign,80 km/h,State,30,Rear end,301,Same - Rear end,,Rear end,Car (sedan/hatch),Light truck utility(from 2018),2,0,0,0,0,9,September,Spring,Tuesday,14:00 - 15:59,Midday / afternoon,False,False,False,False
1362475,Non-casualty (towaway),Non-casualty (towaway),2024,2024,September,Thursday,10:00 - 11:59,GRANITE,ST,0,Right on the spot,MORUYA,DR,PORT MACQUARIE,,No,Not a school zone,T-junction,-31.447653,152.915058,Port Macquarie-Hastings,Country urban,Rest of NSW - Urban,Straight,,,,Unknown / not stated,Sealed,Wet,Overcast,Daylight,Nil,Give way sign,50 km/h,Local,10,Cross traffic,101,Adj - Cross traffic,,Right angle,Light truck utility(from 2018),Station wagon,2,0,0,0,0,9,September,Spring,Thursday,10:00 - 11:59,Midday / afternoon,False,False,False,False
1362478,Non-casualty (towaway),Non-casualty (towaway),2024,2024,September,Sunday,20:00 - 21:59,FERNLEIGH,RD,0,Right on the spot,GLENFIELD,RD,MOUNT AUSTIN,,No,Not a school zone,Roundabout,-35.130914,147.342618,Wagga Wagga,Country urban,Rest of NSW - Urban,Straight,,,,Unknown / not stated,Sealed,Dry,Fine,Darkness,Nil,Give way sign,60 km/h,Local,10,Cross traffic,101,Adj - Cross traffic,,Right angle,4 wheel drive / SUV,Car (sedan/hatch),2,0,0,0,0,9,September,Spring,Sunday,20:00 - 21:59,Evening / night,False,False,False,False
1362480,Non-casualty (towaway),Non-casualty (towaway),2024,2024,September,Sunday,06:00 - 07:59,DARLEY,RD,0,Right on the spot,CLOVELLY,RD,RANDWICK,7332.0,No,Not a school zone,Multiple intersection,-33.902758,151.241493,Randwick,Sydney metro. area,Syd-Newc-Woll Gtr conurbation,Straight,,,,Unknown / not stated,Sealed,Dry,Fine,Daylight,Nil,No traffic controls,50 km/h,Regional,30,Rear end,301,Same - Rear end,,Rear end,Car (sedan/hatch),4 wheel drive / SUV,2,0,0,0,0,9,September,Spring,Sunday,06:00 - 07:59,AM peak / school commute,True,False,False,False
1362483,Non-casualty (towaway),Non-casualty (towaway),2024,2024,September,Tuesday,12:00 - 13:59,NEWELL,HWY,20,North,PIONEER,ST,PARKES,17.0,No,Not a school zone,2-way undivided,-33.120199,148.17493,Parkes,Country urban,Rest of NSW - Urban,Straight,,,,Unknown / not stated,Sealed,Dry,Fine,Daylight,Nil,No traffic controls,50 km/h,State,44,Parking vehicles,403,Manov - Parking-parked vehicle,,Other angle,Passenger van,Light truck utility(from 2018),2,0,0,0,0,9,September,Spring,Tuesday,12:00 - 13:59,Midday / afternoon,False,False,False,False
1362485,Non-casualty (towaway),Non-casualty (towaway),2024,2024,September,Thursday,16:00 - 17:59,STURT,HWY,0,Right on the spot,SELWYN,ST,EUSTON,14.0,No,Not a school zone,T-junction,-34.574829,142.742654,Balranald,Country urban,Rest of NSW - Urban,Straight,,,,Unknown / not stated,Sealed,Dry,Fine,Daylight,Nil,Give way sign,50 km/h,State,71,Off rd left => obj,703,Left off cway into object,,Vehicle - Object,Light truck utility(from 2018),,1,0,0,0,0,9,September,Spring,Thursday,16:00 - 17:59,PM peak / evening commute,True,False,False,False
1362488,Non-casualty (towaway),Non-casualty (towaway),2024,2024,September,Tuesday,06:00 - 07:59,GLADSTONE,ST,0,Right on the spot,LISMORE,ST,BELLAMBI,,No,Not a school zone,X-intersection,-34.366088,150.911941,Wollongong,Wollongong met. area,Syd-Newc-Woll Gtr conurbation,Straight,Steep grade,,,Unknown / not stated,Sealed,Dry,Fine,Daylight,Nil,Stop sign,50 km/h,Local,10,Cross traffic,101,Adj - Cross traffic,,Right angle,Car (sedan/hatch),Large rigid,2,0,0,0,0,9,September,Spring,Tuesday,06:00 - 07:59,AM peak / school commute,True,False,False,False
1362490,Non-casualty (towaway),Non-casualty (towaway),2024,2024,September,Monday,12:00 - 13:59,HENRY LAWSON,DR,0,Right on the spot,BELMORE,RD,PEAKHURST,508.0,No,Not a school zone,X-intersection,-33.961016,151.050565,Georges River,Sydney metro. area,Syd-Newc-Woll Gtr conurbation,Straight,,,,Unknown / not stated,Sealed,Dry,Fine,Daylight,On,No traffic controls,60 km/h,State,10,Cross traffic,101,Adj - Cross traffic,,Right angle,Light truck utility(from 2018),Car (sedan/hatch),2,0,0,0,0,9,September,Spring,Monday,12:00 - 13:59,Midday / afternoon,False,False,False,False
1362491,Non-casualty (towaway),Non-casualty (towaway),2024,2024,September,Sunday,14:00 - 15:59,DAVID,ST,0,Right on the spot,SWIFT,ST,ALBURY,,No,Not a school zone,X-intersection,-36.07925,146.921118,Albury,Country urban,Rest of NSW - Urban,Straight,,,,Unknown / not stated,Sealed,Dry,Fine,Daylight,On,No traffic controls,50 km/h,Local,29,Other opposing,200,Opp - other,,Other angle,4 wheel drive / SUV,Car (sedan/hatch),2,0,0,0,0,9,September,Spring,Sunday,14:00 - 15:59,Midday / afternoon,False,False,False,False
1362495,Non-casualty (towaway),Non-casualty (towaway),2024,2024,September,Thursday,18:00 - 19:59,RICHMOND,RD,0,Right on the spot,YARRAMUNDI,DR,GLENDENNING,643.0,No,Not a school zone,T-junction,-33.735669,150.851649,Blacktown,Sydney metro. area,Syd-Newc-Woll Gtr conurbation,Straight,Driveway/entrance,,,Unknown / not stated,Sealed,Dry,Fine,Darkness,On,No traffic controls,70 km/h,State,21,Right through,202,Opp - Right-thru,,Other angle,4 wheel drive / SUV,Car (sedan/hatch),2,0,0,0,0,9,September,Spring,Thursday,18:00 - 19:59,PM peak / evening commute,True,False,False,False
1362497,Non-casualty (towaway),Non-casualty (towaway),2024,2024,September,Saturday,18:00 - 19:59,PACIFIC,HWY,600,North,MOONEE BEACH ROAD,OP,MOONEE BEACH,10.0,No,Not a school zone,Divided road,-30.198319,153.147479,Coffs Harbour,Country non-urban,Rest of NSW - Rural,Straight,,,,Unknown / not stated,Sealed,Dry,Fine,Darkness,Nil,No traffic controls,110 km/h,State,67,Struck animal,609,On path - Hit animal,,Vehicle - Animal,4 wheel drive / SUV,,1,0,0,0,0,9,September,Spring,Saturday,18:00 - 19:59,PM peak / evening commute,True,False,False,False
1362500,Non-casualty (towaway),Non-casualty (towaway),2024,2024,September,Sunday,10:00 - 11:59,RESTWELL,ST,5,South,STEWART,LANE,BANKSTOWN,,No,Not a school zone,T-junction,-33.918841,151.035066,Canterbury-Bankstown,Sydney metro. area,Syd-Newc-Woll Gtr conurbation,Straight,,,,Unknown / not stated,Sealed,Dry,Fine,Daylight,Nil,No traffic controls,40 km/h,Local,39,Other same direction,300,Same - other,,Other angle,4 wheel drive / SUV,Car (sedan/hatch),2,0,0,0,0,9,September,Spring,Sunday,10:00 - 11:59,Midday / afternoon,False,False,False,False
1362501,Non-casualty (towaway),Non-casualty (towaway),2024,2024,September,Friday,18:00 - 19:59,MAIN,ST,0,Right on the spot,ALBERT,ST,CUNDLETOWN,7776.0,No,Not a school zone,T-junction,-31.894444,152.512061,Mid-Coast,Country urban,Rest of NSW - Urban,Curved,,,,Unknown / not stated,Sealed,Dry,Overcast,Dusk,Nil,No traffic controls,60 km/h,Regional,21,Right through,202,Opp - Right-thru,,Other angle,Light truck utility(from 2018),4 wheel drive / SUV,2,0,0,0,0,9,September,Spring,Friday,18:00 - 19:59,PM peak / evening commute,True,False,False,False
1362503,Non-casualty (towaway),Non-casualty (towaway),2024,2024,September,Friday,04:00 - 05:59,BARRY,WAY,1000,West,GULLIES,RD,MOONBAH,,No,Not a school zone,2-way undivided,-36.48193,148.570417,Snowy Monaro Regional,Country non-urban,Rest of NSW - Rural,Straight,,,,Unknown / not stated,Sealed,Dry,Fine,Dawn,Nil,No traffic controls,100 km/h,Local,67,Struck animal,609,On path - Hit animal,,Vehicle - Animal,Car (sedan/hatch),,1,0,0,0,0,9,September,Spring,Friday,04:00 - 05:59,Late night / early morning,False,False,False,False
1362504,Non-casualty (towaway),Non-casualty (towaway),2024,2024,September,Thursday,12:00 - 13:59,MARSDEN,ST,0,Right on the spot,NUMBER 73,HN,PARRAMATTA,,No,Not a school zone,2-way undivided,-33.819006,151.00034,Parramatta,Sydney metro. area,Syd-Newc-Woll Gtr conurbation,Straight,Steep grade,,,Unknown / not stated,Sealed,Dry,Fine,Daylight,Nil,No traffic controls,40 km/h,Local,30,Rear end,301,Same - Rear end,,Rear end,Car (sedan/hatch),Car (sedan/hatch),2,0,0,0,0,9,September,Spring,Thursday,12:00 - 13:59,Midday / afternoon,False,False,False,False