crash_id,degree_of_crash,degree_of_crash_-_detailed,reporting_year,year_of_crash,month_of_crash,day_of_week_of_crash,two-hour_intervals,street_of_crash,street_type,distance,direction,identifying_feature,identifying_feature_type,town,route_no.,school_zone_location,school_zone_active,type_of_location,latitude,longitude,lga,urbanisation,conurbation_1,alignment,primary_permanent_feature,primary_temporary_feature,primary_hazardous_feature,street_lighting,road_surface,surface_condition,weather,natural_lighting,signals_operation,other_traffic_control,speed_limit,road_classification_(admin),rum_-_code,rum_-_description,dca_-_code,dca_-_description,dca_supplement,first_impact_type,key_tu_type,other_tu_type,no._of_traffic_units_involved,no._killed,no._seriously_injured,no._moderately_injured,no._minor-other_injured,month_num,month_label,season,day_label,time_label,time_band,is_peak_commute,is_fatal,is_injury,is_casualty
1362510,Non-casualty (towaway),Non-casualty (towaway),2024,2024,September,Thursday,16:00 - 17:59,ICELY,RD,0,Right on the spot,WAKEFORD,ST,ORANGE,,Yes,No,Roundabout,-33.289482,149.12034,Orange,Country urban,Rest of NSW - Urban,Straight,,,,Unknown / not stated,Sealed,Dry,Fine,Daylight,Nil,Give way sign,50 km/h,Local,12,Left far,103,Adj - Left-thru from left,,Right angle,Car (sedan/hatch),Other bus,2,0,0,0,0,9,September,Spring,Thursday,16:00 - 17:59,PM peak / evening commute,True,False,False,False
1362511,Non-casualty (towaway),Non-casualty (towaway),2024,2024,September,Sunday,12:00 - 13:59,MEMORIAL,AVE,0,Right on the spot,SEVERN VALE,DR,KELLYVILLE,642.0,No,Not a school zone,X-intersection,-33.717773,150.954696,The Hills,Sydney metro. area,Syd-Newc-Woll Gtr conurbation,Straight,,,,Unknown / not stated,Sealed,Dry,Fine,Daylight,On,No traffic controls,80 km/h,State,39,Other same direction,300,Same - other,,Other angle,4 wheel drive / SUV,Car (sedan/hatch),3,0,0,0,0,9,September,Spring,Sunday,12:00 - 13:59,Midday / afternoon,False,False,False,False
1362512,Non-casualty (towaway),Non-casualty (towaway),2024,2024,September,Friday,08:00 - 09:59,QANTAS,BVD,0,Right on the spot,SIXTEENTH,AVE,MIDDLETON GRANGE,,No,Not a school zone,T-junction,-33.920642,150.849326,Liverpool,Sydney metro. area,Syd-Newc-Woll Gtr conurbation,Straight,,,,Unknown / not stated,Sealed,Dry,Fine,Daylight,Nil,No traffic controls,50 km/h,Local,21,Right through,202,Opp - Right-thru,,Other angle,4 wheel drive / SUV,Motorcycle,2,0,0,0,0,9,September,Spring,Friday,08:00 - 09:59,AM peak / school commute,True,False,False,False
1362516,Non-casualty (towaway),Non-casualty (towaway),2024,2024,September,Wednesday,12:00 - 13:59,GOODEN,DR,0,Right on the spot,NUMBER 25,HO,BAULKHAM HILLS,,No,Not a school zone,2-way undivided,-33.765687,150.973813,The Hills,Sydney metro. area,Syd-Newc-Woll Gtr conurbation,Straight,Driveway/entrance,,,Unknown / not stated,Sealed,Dry,Fine,Daylight,Nil,No traffic controls,50 km/h,Local,49,Other manoeuvring,400,Manov - other,,Other angle,Car (sedan/hatch),,1,0,0,0,0,9,September,Spring,Wednesday,12:00 - 13:59,Midday / afternoon,False,False,False,False
1362517,Non-casualty (towaway),Non-casualty (towaway),2024,2024,September,Thursday,18:00 - 19:59,EVANS,ST,0,Right on the spot,REYNOLDS,ST,BALMAIN,,No,Not a school zone,T-junction,-33.860782,151.174493,Inner West,Sydney metro. area,Syd-Newc-Woll Gtr conurbation,Straight,,,,Unknown / not stated,Sealed,Wet,Raining,Dusk,Nil,No traffic controls,40 km/h,Local,49,Other manoeuvring,400,Manov - other,,Other angle,Car (sedan/hatch),Light truck utility(from 2018),2,0,0,0,0,9,September,Spring,Thursday,18:00 - 19:59,PM peak / evening commute,True,False,False,False
1362519,Non-casualty (towaway),Non-casualty (towaway),2024,2024,September,Thursday,16:00 - 17:59,HUME,HWY,0,Right on the spot,BRAIDWOOD,ST,STRATHFIELD SOUTH,2.0,Yes,No,T-junction,-33.886436,151.070763,Strathfield,Sydney metro. area,Syd-Newc-Woll Gtr conurbation,Straight,,,,Unknown / not stated,Sealed,Dry,Fine,Dusk,Nil,Stop sign,60 km/h,State,29,Other opposing,200,Opp - other,,Other angle,4 wheel drive / SUV,Car (sedan/hatch),2,0,0,0,0,9,September,Spring,Thursday,16:00 - 17:59,PM peak / evening commute,True,False,False,False
1362520,Non-casualty (towaway),Non-casualty (towaway),2024,2024,September,Tuesday,12:00 - 13:59,BARRENJOEY,RD,0,Right on the spot,NUMBER 315,HN,NEWPORT,164.0,No,Not a school zone,Divided road,-33.656308,151.318742,Northern Beaches,Sydney metro. area,Syd-Newc-Woll Gtr conurbation,Straight,,,,Unknown / not stated,Sealed,Dry,Fine,Daylight,Nil,No traffic controls,50 km/h,State,71,Off rd left => obj,703,Left off cway into object,,Vehicle - Object,4 wheel drive / SUV,,1,0,0,0,0,9,September,Spring,Tuesday,12:00 - 13:59,Midday / afternoon,False,False,False,False
1362521,Non-casualty (towaway),Non-casualty (towaway),2024,2024,September,Saturday,04:00 - 05:59,CAMPBELLTOWN,RD,119,North,CHAMBERLAIN,ST,CAMPBELLTOWN,177.0,No,Not a school zone,Divided road,-34.063606,150.824566,Campbelltown,Sydney metro. area,Syd-Newc-Woll Gtr conurbation,Curved,,,,Unknown / not stated,Sealed,Dry,Fine,Darkness,Nil,No traffic controls,60 km/h,State,81,Off left/rt bnd=>obj,803,Off right bend into obj,Left,Vehicle - Object,Car (sedan/hatch),,1,0,0,0,0,9,September,Spring,Saturday,04:00 - 05:59,Late night / early morning,False,False,False,False
1362522,Non-casualty (towaway),Non-casualty (towaway),2024,2024,September,Monday,14:00 - 15:59,SNOWY MOUNTAINS,HWY,3000,South,TUMUT PLAINS,RD,WERMATONG,4.0,No,Not a school zone,2-way undivided,-35.380657,148.291801,Snowy Valleys,Country non-urban,Rest of NSW - Rural,Straight,,,,Unknown / not stated,Sealed,Dry,Fine,Daylight,Nil,No traffic controls,100 km/h,State,74,On road-out of cont.,705,Out of control on cway,,Rollover,Large rigid,,1,0,0,0,0,9,September,Spring,Monday,14:00 - 15:59,Midday / afternoon,False,False,False,False
1362525,Non-casualty (towaway),Non-casualty (towaway),2024,2024,September,Saturday,22:00 - Midnight,BLENDE,ST,0,Right on the spot,OXIDE,ST,BROKEN HILL,,No,Not a school zone,X-intersection,-31.955944,141.466901,Broken Hill,Country urban,Rest of NSW - Urban,Straight,,,,Unknown / not stated,Sealed,Dry,Fine,Darkness,Nil,Give way sign,40 km/h,Local,10,Cross traffic,101,Adj - Cross traffic,,Right angle,Car (sedan/hatch),Light truck utility(from 2018),2,0,0,0,0,9,September,Spring,Saturday,22:00 - Midnight,Evening / night,False,False,False,False
1362526,Non-casualty (towaway),Non-casualty (towaway),2024,2024,September,Sunday,12:00 - 13:59,HUME,HWY,200,South,HANGING ROCK,RD,SUTTON FOREST,2.0,No,Not a school zone,Divided road,-34.622266,150.208865,Wingecarribee,Country non-urban,Rest of NSW - Rural,Straight,,,,Unknown / not stated,Sealed,Dry,Fine,Daylight,Nil,No traffic controls,110 km/h,State,73,Off rd rght => obj,704,Right off cway into obj,,Vehicle - Object,Station wagon,,1,0,0,0,0,9,September,Spring,Sunday,12:00 - 13:59,Midday / afternoon,False,False,False,False
1362528,Non-casualty (towaway),Non-casualty (towaway),2024,2024,September,Saturday,14:00 - 15:59,CASTLE HILL,RD,50,East,OLD NORTHERN,RD,CASTLE HILL,156.0,No,Not a school zone,Divided road,-33.730878,151.017311,Hornsby,Sydney metro. area,Syd-Newc-Woll Gtr conurbation,Curved,Steep grade,,,Unknown / not stated,Sealed,Dry,Fine,Daylight,Nil,No traffic controls,60 km/h,State,39,Other same direction,300,Same - other,,Other angle,Car (sedan/hatch),4 wheel drive / SUV,2,0,0,0,0,9,September,Spring,Saturday,14:00 - 15:59,Midday / afternoon,False,False,False,False
1362537,Non-casualty (towaway),Non-casualty (towaway),2024,2024,September,Friday,10:00 - 11:59,TWEED COAST,RD,500,North,GRAND,PDE,KINGS FOREST,450.0,No,Not a school zone,2-way undivided,-28.29329,153.566313,Tweed,Country urban,Rest of NSW - Urban,Straight,,,,Unknown / not stated,Sealed,Wet,Raining,Daylight,Nil,No traffic controls,80 km/h,Regional,30,Rear end,301,Same - Rear end,,Rear end,Car (sedan/hatch),Light truck utility(from 2018),3,0,0,0,0,9,September,Spring,Friday,10:00 - 11:59,Midday / afternoon,False,False,False,False
1362539,Non-casualty (towaway),Non-casualty (towaway),2024,2024,September,Saturday,14:00 - 15:59,BANNA,AVE,50,West,CROSSING,ST,GRIFFITH,80.0,No,Not a school zone,Divided road,-34.288977,146.054902,Griffith,Country urban,Rest of NSW - Urban,Straight,,,,Nil,Sealed,Dry,Fine,Daylight,Nil,No traffic controls,50 km/h,State,42,Leaving parking,401,Manov - Leaving parking,,Other angle,Car (sedan/hatch),Car (sedan/hatch),2,0,0,0,0,9,September,Spring,Saturday,14:00 - 15:59,Midday / afternoon,False,False,False,False
1362540,Non-casualty (towaway),Non-casualty (towaway),2024,2024,September,Tuesday,12:00 - 13:59,COOK,PDE,0,Right on the spot,NUMBER 37,HN,LEMON TREE PASSAGE,,No,Not a school zone,2-way undivided,-32.729545,152.038708,Port Stephens,Country urban,Rest of NSW - Urban,Straight,,,,Unknown / not stated,Sealed,Dry,Fine,Daylight,Nil,No traffic controls,50 km/h,Local,71,Off rd left => obj,703,Left off cway into object,,Other angle,Light truck utility(from 2018),Station wagon,2,0,0,0,0,9,September,Spring,Tuesday,12:00 - 13:59,Midday / afternoon,False,False,False,False
1362542,Non-casualty (towaway),Non-casualty (towaway),2024,2024,September,Saturday,02:00 - 03:59,ROOTS,AVE,0,Right on the spot,WILMINGTON,RD,LUDDENHAM,,Yes,No,T-junction,-33.880618,150.689835,Liverpool,Sydney metro. area,Syd-Newc-Woll Gtr conurbation,Curved,,,,Unknown / not stated,Sealed,Dry,Fine,Darkness,Nil,No traffic controls,60 km/h,Local,21,Right through,202,Opp - Right-thru,,Other angle,4 wheel drive / SUV,Motorcycle,2,0,0,0,0,9,September,Spring,Saturday,02:00 - 03:59,Late night / early morning,False,False,False,False
1362544,Non-casualty (towaway),Non-casualty (towaway),2024,2024,August,Thursday,12:00 - 13:59,BATLOW,RD,0,Right on the spot,NUMBER 146,HN,TUMBARUMBA,85.0,No,Not a school zone,2-way undivided,-35.764281,148.014042,Snowy Valleys,Country urban,Rest of NSW - Urban,Curved,Driveway/entrance,,,Unknown / not stated,Sealed,Dry,Fine,Daylight,Nil,No traffic controls,60 km/h,State,47,Emerging from drive,406,Manov - Emerging from driveway,,Right angle,Light truck,Large rigid,2,0,0,0,0,8,August,Winter,Thursday,12:00 - 13:59,Midday / afternoon,False,False,False,False
1362545,Non-casualty (towaway),Non-casualty (towaway),2024,2024,September,Friday,22:00 - Midnight,SUMMERLAND,WAY,0,Right on the spot,FAIRY HILL STATION,RD,FAIRY HILL,83.0,No,Not a school zone,T-junction,-28.77018,152.985046,Richmond Valley,Country non-urban,Rest of NSW - Rural,Curved,Ditch/drain/culvert,,,Unknown / not stated,Sealed,Wet,Raining,Darkness,Nil,Give way sign,100 km/h,State,85,Off rt/lft bnd=>obj,706,Left turn,Right,Vehicle - Object,4 wheel drive / SUV,,1,0,0,0,0,9,September,Spring,Friday,22:00 - Midnight,Evening / night,False,False,False,False
1362548,Non-casualty (towaway),Non-casualty (towaway),2024,2024,September,Wednesday,08:00 - 09:59,BLUEBIRD,RD,0,Right on the spot,LAYCOCK,ST,CRANEBROOK,,No,Not a school zone,T-junction,-33.718287,150.708967,Penrith,Sydney metro. area,Syd-Newc-Woll Gtr conurbation,Straight,,,,Unknown / not stated,Sealed,Dry,Fine,Daylight,Nil,No traffic controls,50 km/h,Local,21,Right through,202,Opp - Right-thru,,Other angle,Car (sedan/hatch),Car (sedan/hatch),2,0,0,0,0,9,September,Spring,Wednesday,08:00 - 09:59,AM peak / school commute,True,False,False,False
1362549,Non-casualty (towaway),Non-casualty (towaway),2024,2024,September,Thursday,10:00 - 11:59,NEW ENGLAND,HWY,0,Right on the spot,HAYDON,ST,MUSWELLBROOK,9.0,No,Not a school zone,T-junction,-32.267171,150.888045,Muswellbrook,Country urban,Rest of NSW - Urban,Curved,,,,Unknown / not stated,Sealed,Dry,Fine,Daylight,Nil,Give way sign,50 km/h,State,30,Rear end,301,Same - Rear end,,Rear end,Light truck,Utility,3,0,0,0,0,9,September,Spring,Thursday,10:00 - 11:59,Midday / afternoon,False,False,False,False
1362551,Non-casualty (towaway),Non-casualty (towaway),2024,2024,July,Saturday,20:00 - 21:59,LUE,RD,0,Right on the spot,NUMBER 3799,HN,MONIVAE,,No,Not a school zone,2-way undivided,-32.700162,149.924415,Mid-Western Regional,Country non-urban,Rest of NSW - Rural,Curved,,,,Unknown / not stated,Sealed,Dry,Fine,Darkness,Nil,No traffic controls,100 km/h,Local,67,Struck animal,609,On path - Hit animal,,Vehicle - Animal,4 wheel drive / SUV,,1,0,0,0,0,7,July,Winter,Saturday,20:00 - 21:59,Evening / night,False,False,False,False
1362552,Non-casualty (towaway),Non-casualty (towaway),2024,2024,August,Tuesday,12:00 - 13:59,OLD NORTHERN,RD,0,Right on the spot,CECIL,AVE,CASTLE HILL,157.0,No,Not a school zone,X-intersection,-33.734808,151.003104,The Hills,Sydney metro. area,Syd-Newc-Woll Gtr conurbation,Straight,Steep grade,,,Unknown / not stated,Sealed,Dry,Fine,Daylight,On,No traffic controls,60 km/h,State,30,Rear end,301,Same - Rear end,,Rear end,Car (sedan/hatch),Car (sedan/hatch),2,0,0,0,0,8,August,Winter,Tuesday,12:00 - 13:59,Midday / afternoon,False,False,False,False
1362556,Non-casualty (towaway),Non-casualty (towaway),2024,2024,September,Thursday,14:00 - 15:59,NEWCASTLE,RD,0,Right on the spot,NUMBER 277,HN,LAMBTON,82.0,No,Not a school zone,Divided road,-32.90847,151.699371,Newcastle,Newcastle met. area,Syd-Newc-Woll Gtr conurbation,Straight,Steep grade,,,Unknown / not stated,Sealed,Dry,Fine,Daylight,Nil,No traffic controls,60 km/h,State,30,Rear end,301,Same - Rear end,,Rear end,Car (sedan/hatch),Other bus,2,0,0,0,0,9,September,Spring,Thursday,14:00 - 15:59,Midday / afternoon,False,False,False,False
1362559,Non-casualty (towaway),Non-casualty (towaway),2024,2024,September,Thursday,12:00 - 13:59,PRINCES,HWY,0,Right on the spot,GRAY,ST,KOGARAH,1.0,No,Not a school zone,X-intersection,-33.969866,151.134905,Georges River,Sydney metro. area,Syd-Newc-Woll Gtr conurbation,Straight,,,,Unknown / not stated,Sealed,Dry,Fine,Daylight,On,No traffic controls,60 km/h,State,10,Cross traffic,101,Adj - Cross traffic,,Right angle,Car (sedan/hatch),Car (sedan/hatch),2,0,0,0,0,9,September,Spring,Thursday,12:00 - 13:59,Midday / afternoon,False,False,False,False
1362562,Non-casualty (towaway),Non-casualty (towaway),2024,2024,September,Thursday,10:00 - 11:59,EASTERN DISTRIBUTOR,EXP,218,South,CLEVELAND STREET TUNNEL,ENT,REDFERN,6007.0,No,Not a school zone,Dual freeway,-33.89511,151.216255,Sydney,Sydney metro. area,Syd-Newc-Woll Gtr conurbation,Straight,Underpass/tunnel,,,Unknown / not stated,Sealed,Dry,Fine,Daylight,Nil,No traffic controls,80 km/h,State,66,Object on road,607,On path - Hit temp object,,Vehicle - Object,4 wheel drive / SUV,,1,0,0,0,0,9,September,Spring,Thursday,10:00 - 11:59,Midday / afternoon,False,False,False,False
1362565,Non-casualty (towaway),Non-casualty (towaway),2024,2024,September,Friday,06:00 - 07:59,BANK,ST,0,Right on the spot,KERRS,RD,LIDCOMBE,,No,Not a school zone,T-junction,-33.866753,151.040493,Cumberland,Sydney metro. area,Syd-Newc-Woll Gtr conurbation,Straight,,,,Unknown / not stated,Sealed,Dry,Fine,Unknown,Nil,Give way sign,50 km/h,Local,21,Right through,202,Opp - Right-thru,,Other angle,4 wheel drive / SUV,Light truck,2,0,0,0,0,9,September,Spring,Friday,06:00 - 07:59,AM peak / school commute,True,False,False,False
1362566,Non-casualty (towaway),Non-casualty (towaway),2024,2024,September,Wednesday,04:00 - 05:59,BUNDARRA,RD,0,Right on the spot,HALL,ST,GILGAI,73.0,Yes,No,X-intersection,-29.853956,151.117043,Inverell,Country urban,Rest of NSW - Urban,Straight,,,,Unknown / not stated,Sealed,Dry,Fine,Dawn,Nil,Give way sign,50 km/h,Regional,10,Cross traffic,101,Adj - Cross traffic,,Right angle,4 wheel drive / SUV,4 wheel drive / SUV,2,0,0,0,0,9,September,Spring,Wednesday,04:00 - 05:59,Late night / early morning,False,False,False,False
1362568,Non-casualty (towaway),Non-casualty (towaway),2024,2024,September,Monday,08:00 - 09:59,ALBERT,ST,0,Right on the spot,NUMBER 80,HN,BERRY,,No,Not a school zone,2-way undivided,-34.774728,150.698405,Shoalhaven,Country urban,Rest of NSW - Urban,Straight,Driveway/entrance,,,Unknown / not stated,Sealed,Dry,Fine,Daylight,Nil,No traffic controls,50 km/h,Local,47,Emerging from drive,406,Manov - Emerging from driveway,,Right angle,Light truck utility(from 2018),Car (sedan/hatch),2,0,0,0,0,9,September,Spring,Monday,08:00 - 09:59,AM peak / school commute,True,False,False,False
1362569,Non-casualty (towaway),Non-casualty (towaway),2024,2024,September,Tuesday,12:00 - 13:59,SHERWOOD,RD,35,North,BRISTOL,ST,MERRYLANDS WEST,7251.0,Yes,No,2-way undivided,-33.839703,150.967194,Cumberland,Sydney metro. area,Syd-Newc-Woll Gtr conurbation,Straight,Driveway/entrance,,,Unknown / not stated,Sealed,Dry,Fine,Daylight,Nil,No traffic controls,60 km/h,Regional,47,Emerging from drive,406,Manov - Emerging from driveway,,Right angle,Car (sedan/hatch),Light truck utility(from 2018),2,0,0,0,0,9,September,Spring,Tuesday,12:00 - 13:59,Midday / afternoon,False,False,False,False
1362575,Non-casualty (towaway),Non-casualty (towaway),2024,2024,August,Tuesday,08:00 - 09:59,PACIFIC,HWY,0,Right on the spot,BURDETT,ST,HORNSBY,10.0,No,Not a school zone,T-junction,-33.702338,151.099295,Hornsby,Sydney metro. area,Syd-Newc-Woll Gtr conurbation,Straight,,,,Unknown / not stated,Sealed,Dry,Fine,Daylight,On,No traffic controls,60 km/h,State,30,Rear end,301,Same - Rear end,,Rear end,Light truck,Car (sedan/hatch),3,0,0,0,0,8,August,Winter,Tuesday,08:00 - 09:59,AM peak / school commute,True,False,False,False
1362577,Non-casualty (towaway),Non-casualty (towaway),2024,2024,September,Monday,14:00 - 15:59,RESERVOIR,RD,10,North,WESTERN EXPRESSWAY,OP,HUNTINGWOOD,683.0,No,Not a school zone,2-way undivided,-33.802815,150.896008,Blacktown,Sydney metro. area,Syd-Newc-Woll Gtr conurbation,Straight,Underpass/tunnel,,,Unknown / not stated,Sealed,Dry,Fine,Daylight,Nil,No traffic controls,60 km/h,State,30,Rear end,301,Same - Rear end,,Rear end,4 wheel drive / SUV,Car (sedan/hatch),4,0,0,0,0,9,September,Spring,Monday,14:00 - 15:59,Midday / afternoon,False,False,False,False
1362578,Non-casualty (towaway),Non-casualty (towaway),2024,2024,September,Wednesday,00:01 - 01:59,ALIBERTI,DR,100,South,DOUGLAS,RD,BLACKTOWN,,No,Not a school zone,2-way undivided,-33.782715,150.887342,Blacktown,Sydney metro. area,Syd-Newc-Woll Gtr conurbation,Straight,,,,Unknown / not stated,Sealed,Dry,Fine,Darkness,Nil,No traffic controls,50 km/h,Local,73,Off rd rght => obj,704,Right off cway into obj,,Other angle,4 wheel drive / SUV,4 wheel drive / SUV,3,0,0,0,0,9,September,Spring,Wednesday,00:01 - 01:59,Late night / early morning,False,False,False,False
1362579,Non-casualty (towaway),Non-casualty (towaway),2024,2024,September,Saturday,16:00 - 17:59,WEDMORE,RD,0,Right on the spot,NUMBER 49,HN,EMU HEIGHTS,,No,Not a school zone,2-way undivided,-33.734814,150.650513,Penrith,Sydney metro. area,Syd-Newc-Woll Gtr conurbation,Straight,,,,Unknown / not stated,Sealed,Dry,Fine,Dusk,Nil,No traffic controls,50 km/h,Local,71,Off rd left => obj,703,Left off cway into object,,Other angle,Car (sedan/hatch),4 wheel drive / SUV,2,0,0,0,0,9,September,Spring,Saturday,16:00 - 17:59,PM peak / evening commute,True,False,False,False
1362582,Non-casualty (towaway),Non-casualty (towaway),2024,2024,September,Wednesday,12:00 - 13:59,PELLITT,LANE,90,North,KENTHURST,RD,DURAL,,No,Not a school zone,2-way undivided,-33.689261,151.017038,The Hills,Sydney metro. area,Syd-Newc-Woll Gtr conurbation,Straight,Driveway/entrance,,,Unknown / not stated,Sealed,Dry,Fine,Daylight,Nil,No traffic controls,50 km/h,Local,47,Emerging from drive,406,Manov - Emerging from driveway,,Right angle,4 wheel drive / SUV,Car (sedan/hatch),2,0,0,0,0,9,September,Spring,Wednesday,12:00 - 13:59,Midday / afternoon,False,False,False,False
1362583,Non-casualty (towaway),Non-casualty (towaway),2024,2024,August,Tuesday,14:00 - 15:59,NEWCASTLE,EXP,500,North,PACIFIC HIGHWAY,OP,OURIMBAH,6003.0,No,Not a school zone,Dual freeway,-33.341168,151.372394,Central Coast,Country non-urban,Syd-Newc-Woll Gtr conurbation,Straight,,,,Unknown / not stated,Sealed,Dry,Fine,Daylight,Nil,No traffic controls,110 km/h,State,66,Object on road,607,On path - Hit temp object,,Vehicle - Object,Station wagon,,1,0,0,0,0,8,August,Winter,Tuesday,14:00 - 15:59,Midday / afternoon,False,False,False,False
1362584,Non-casualty (towaway),Non-casualty (towaway),2024,2024,September,Wednesday,06:00 - 07:59,CENTRAL COAST,HWY,500,West,BONNAL,RD,ERINA,30.0,Yes,No,Divided road,-33.438559,151.381005,Central Coast,Country urban,Syd-Newc-Woll Gtr conurbation,Curved,,,,Unknown / not stated,Sealed,Dry,Fine,Daylight,Nil,No traffic controls,60 km/h,State,30,Rear end,301,Same - Rear end,,Rear end,Light truck,Car (sedan/hatch),2,0,0,0,0,9,September,Spring,Wednesday,06:00 - 07:59,AM peak / school commute,True,False,False,False
1362586,Non-casualty (towaway),Non-casualty (towaway),2024,2024,September,Wednesday,16:00 - 17:59,WOODSTOCK,AVE,0,Right on the spot,NUMBER 334,HN,HEBERSHAM,629.0,No,Not a school zone,2-way undivided,-33.756673,150.820999,Blacktown,Sydney metro. area,Syd-Newc-Woll Gtr conurbation,Straight,,,,Unknown / not stated,Sealed,Dry,Fine,Daylight,Nil,No traffic controls,60 km/h,State,30,Rear end,301,Same - Rear end,,Rear end,Car (sedan/hatch),Light truck,2,0,0,0,0,9,September,Spring,Wednesday,16:00 - 17:59,PM peak / evening commute,True,False,False,False
1362589,Non-casualty (towaway),Non-casualty (towaway),2024,2024,August,Saturday,06:00 - 07:59,NEWELL,HWY,30000,North,COONABARABAN,TN,DANDRY,17.0,No,Not a school zone,2-way undivided,-31.02234,149.402666,Warrumbungle,Country non-urban,Rest of NSW - Rural,Straight,,,,Unknown / not stated,Sealed,Dry,Fine,Daylight,Nil,No traffic controls,110 km/h,State,70,Off road to left,701,Off carriageway to left,,Rollover,B-double (road train prior 98),,1,0,0,0,0,8,August,Winter,Saturday,06:00 - 07:59,AM peak / school commute,True,False,False,False
1362594,Non-casualty (towaway),Non-casualty (towaway),2024,2024,September,Wednesday,12:00 - 13:59,BEACON HILL,RD,0,Right on the spot,ELIZABETH,PL,BROOKVALE,7346.0,Yes,No,Y-junction,-33.762447,151.269776,Northern Beaches,Sydney metro. area,Syd-Newc-Woll Gtr conurbation,Curved,Steep grade,,,Unknown / not stated,Sealed,Dry,Fine,Daylight,Nil,Give way sign,50 km/h,Regional,87,Off lft/lft bnd=>obj,804,Off left bend into obj,Left,Vehicle - Object,Large rigid,,1,0,0,0,0,9,September,Spring,Wednesday,12:00 - 13:59,Midday / afternoon,False,False,False,False
1362597,Non-casualty (towaway),Non-casualty (towaway),2024,2024,September,Tuesday,14:00 - 15:59,PLOVER,ST,0,Right on the spot,WINGARA,ST,NORTH ALBURY,,No,Not a school zone,X-intersection,-36.059081,146.943474,Albury,Country urban,Rest of NSW - Urban,Straight,,,,Unknown / not stated,Sealed,Dry,Fine,Daylight,Nil,Give way sign,50 km/h,Local,10,Cross traffic,101,Adj - Cross traffic,,Right angle,Light truck utility(from 2018),Car (sedan/hatch),2,0,0,0,0,9,September,Spring,Tuesday,14:00 - 15:59,Midday / afternoon,False,False,False,False
1362599,Non-casualty (towaway),Non-casualty (towaway),2024,2024,September,Tuesday,14:00 - 15:59,HASTING RIVER,DR,0,Right on the spot,GARDEN,CRES,PORT MACQUARIE,600.0,No,Not a school zone,X-intersection,-31.432857,152.897705,Port Macquarie-Hastings,Country urban,Rest of NSW - Urban,Straight,,,,Unknown / not stated,Sealed,Dry,Fine,Daylight,Nil,No traffic controls,50 km/h,Regional,71,Off rd left => obj,703,Left off cway into object,,Vehicle - Object,Car (sedan/hatch),,1,0,0,0,0,9,September,Spring,Tuesday,14:00 - 15:59,Midday / afternoon,False,False,False,False
1362602,Non-casualty (towaway),Non-casualty (towaway),2024,2024,September,Sunday,16:00 - 17:59,MCDONALD,AVE,20,South,BLIGH,ST,COOMA,,No,Not a school zone,2-way undivided,-36.247051,149.123436,Snowy Monaro Regional,Country urban,Rest of NSW - Urban,Straight,Foot/cycle path/nature strip,,,Unknown / not stated,Sealed,Dry,Overcast,Darkness,Nil,No traffic controls,50 km/h,Local,71,Off rd left => obj,703,Left off cway into object,,Vehicle - Object,4 wheel drive / SUV,,1,0,0,0,0,9,September,Spring,Sunday,16:00 - 17:59,PM peak / evening commute,True,False,False,False
1362604,Non-casualty (towaway),Non-casualty (towaway),2024,2024,September,Monday,00:01 - 01:59,PRINCE,ST,0,Right on the spot,SECOND,AVE,BLACKTOWN,,No,Not a school zone,Roundabout,-33.766658,150.910831,Blacktown,Sydney metro. area,Syd-Newc-Woll Gtr conurbation,Straight,,,,Unknown / not stated,Sealed,Dry,Fine,Darkness,Nil,Give way sign,50 km/h,Local,71,Off rd left => obj,703,Left off cway into object,,Vehicle - Object,Car (sedan/hatch),,1,0,0,0,0,9,September,Spring,Monday,00:01 - 01:59,Late night / early morning,False,False,False,False
1362607,Non-casualty (towaway),Non-casualty (towaway),2024,2024,September,Sunday,10:00 - 11:59,BURRILL,ST,0,Right on the spot,OWENS,ST,ULLADULLA,,No,Not a school zone,T-junction,-35.361842,150.47595,Shoalhaven,Country urban,Rest of NSW - Urban,Straight,Foot/cycle path/nature strip,,,Unknown / not stated,Sealed,Dry,Overcast,Daylight,Nil,Give way sign,50 km/h,Local,93,Pkd veh runaway=>obj,906,Parked vehicle ran away,,Vehicle - Object,Car (sedan/hatch),,1,0,0,0,0,9,September,Spring,Sunday,10:00 - 11:59,Midday / afternoon,False,False,False,False
1362617,Non-casualty (towaway),Non-casualty (towaway),2024,2024,May,Saturday,02:00 - 03:59,ATHERTON,CL,0,Right on the spot,ELBROOK,DR,RANKIN PARK,,No,Not a school zone,T-junction,-32.929522,151.682332,Lake Macquarie,Newcastle met. area,Syd-Newc-Woll Gtr conurbation,Straight,,Police pursuit,,On,Sealed,Dry,Fine,Darkness,Nil,No traffic controls,50 km/h,Local,71,Off rd left => obj,703,Left off cway into object,,Other angle,Car (sedan/hatch),Car (sedan/hatch),2,0,0,0,0,5,May,Autumn,Saturday,02:00 - 03:59,Late night / early morning,False,False,False,False