crash_id,degree_of_crash,degree_of_crash_-_detailed,reporting_year,year_of_crash,month_of_crash,day_of_week_of_crash,two-hour_intervals,street_of_crash,street_type,distance,direction,identifying_feature,identifying_feature_type,town,route_no.,school_zone_location,school_zone_active,type_of_location,latitude,longitude,lga,urbanisation,conurbation_1,alignment,primary_permanent_feature,primary_temporary_feature,primary_hazardous_feature,street_lighting,road_surface,surface_condition,weather,natural_lighting,signals_operation,other_traffic_control,speed_limit,road_classification_(admin),rum_-_code,rum_-_description,dca_-_code,dca_-_description,dca_supplement,first_impact_type,key_tu_type,other_tu_type,no._of_traffic_units_involved,no._killed,no._seriously_injured,no._moderately_injured,no._minor-other_injured,month_num,month_label,season,day_label,time_label,time_band,is_peak_commute,is_fatal,is_injury,is_casualty
1362640,Non-casualty (towaway),Non-casualty (towaway),2024,2024,June,Friday,20:00 - 21:59,STONEY CREEK,RD,50,South,REDBANK,RD,REDBANK,,No,Not a school zone,2-way undivided,-31.441006,152.745158,Port Macquarie-Hastings,Country non-urban,Rest of NSW - Rural,Curved,,,,Nil,Sealed,Wet,Fine,Darkness,Nil,No traffic controls,100 km/h,Local,87,Off lft/lft bnd=>obj,804,Off left bend into obj,Left,Vehicle - Object,Car (sedan/hatch),,1,0,0,0,0,6,June,Winter,Friday,20:00 - 21:59,Evening / night,False,False,False,False
1362646,Non-casualty (towaway),Non-casualty (towaway),2024,2024,June,Wednesday,14:00 - 15:59,HAWKER,ST,100,South,SNAPE,ST,QUIRINDI,130.0,No,Not a school zone,2-way undivided,-31.497615,150.68105,Liverpool Plains,Country urban,Rest of NSW - Urban,Straight,,,,Off,Sealed,Dry,Fine,Daylight,Nil,No traffic controls,50 km/h,Regional,44,Parking vehicles,403,Manov - Parking-parked vehicle,,Other angle,Light truck utility(from 2018),Car (sedan/hatch),2,0,0,0,0,6,June,Winter,Wednesday,14:00 - 15:59,Midday / afternoon,False,False,False,False
1362667,Non-casualty (towaway),Non-casualty (towaway),2024,2024,July,Thursday,20:00 - 21:59,GARNETT,RD,50,West,MITCHELL,DR,EAST MAITLAND,,No,Not a school zone,2-way undivided,-32.760246,151.591205,Maitland,Country urban,Rest of NSW - Urban,Curved,,,,Nil,Sealed,Dry,Fine,Darkness,Nil,No traffic controls,50 km/h,Local,81,Off left/rt bnd=>obj,803,Off right bend into obj,Left,Other angle,Light truck,Car (sedan/hatch),2,0,0,0,0,7,July,Winter,Thursday,20:00 - 21:59,Evening / night,False,False,False,False
1362686,Non-casualty (towaway),Non-casualty (towaway),2024,2024,July,Thursday,06:00 - 07:59,BOTANY,RD,50,North,QUEEN,ST,BEACONSFIELD,170.0,No,Not a school zone,2-way undivided,-33.913557,151.201196,Sydney,Sydney metro. area,Syd-Newc-Woll Gtr conurbation,Straight,,,,Nil,Sealed,Dry,Fine,Dawn,Nil,No traffic controls,50 km/h,State,73,Off rd rght => obj,704,Right off cway into obj,,Vehicle - Object,Utility,,1,0,0,0,0,7,July,Winter,Thursday,06:00 - 07:59,AM peak / school commute,True,False,False,False
1362697,Non-casualty (towaway),Non-casualty (towaway),2024,2024,July,Tuesday,16:00 - 17:59,MCGRATHS,LANE,100,North,ROGAN BRIDGE,RD,THE WHITEMAN,,No,Not a school zone,2-way undivided,-29.612894,152.885911,Clarence Valley,Country urban,Rest of NSW - Urban,Straight,,,,Nil,Sealed,Wet,Raining,Darkness,Nil,No traffic controls,50 km/h,Local,67,Struck animal,609,On path - Hit animal,,Vehicle - Animal,4 wheel drive / SUV,,1,0,0,0,0,7,July,Winter,Tuesday,16:00 - 17:59,PM peak / evening commute,True,False,False,False
1362714,Non-casualty (towaway),Non-casualty (towaway),2024,2024,August,Saturday,00:01 - 01:59,DARLING,ST,10,East,MANNING,ST,ROZELLE,652.0,No,Not a school zone,T-junction,-33.865794,151.166962,Inner West,Sydney metro. area,Syd-Newc-Woll Gtr conurbation,Straight,,,,On,Sealed,Dry,Fine,Darkness,Nil,Give way sign,50 km/h,State,71,Off rd left => obj,703,Left off cway into object,,Other angle,4 wheel drive / SUV,Car (sedan/hatch),3,0,0,0,0,8,August,Winter,Saturday,00:01 - 01:59,Late night / early morning,False,False,False,False
1362721,Non-casualty (towaway),Non-casualty (towaway),2024,2024,August,Thursday,22:00 - Midnight,ACACIA,AVE,0,Right on the spot,MACQUARIE,ST,GREENACRE,,No,Not a school zone,X-intersection,-33.909838,151.05968,Canterbury-Bankstown,Sydney metro. area,Syd-Newc-Woll Gtr conurbation,Straight,,,,On,Sealed,Dry,Fine,Darkness,Nil,Stop sign,50 km/h,Local,81,Off left/rt bnd=>obj,707,Right turn,Left,Vehicle - Object,Car (sedan/hatch),,2,0,0,0,0,8,August,Winter,Thursday,22:00 - Midnight,Evening / night,False,False,False,False
1362725,Non-casualty (towaway),Non-casualty (towaway),2024,2024,July,Sunday,02:00 - 03:59,EDGEWARE,RD,10,South,CAMDEN,ST,NEWTOWN,7017.0,No,Not a school zone,T-junction,-33.904054,151.172846,Inner West,Sydney metro. area,Syd-Newc-Woll Gtr conurbation,Straight,,,,On,Sealed,Dry,Fine,Darkness,Nil,No traffic controls,60 km/h,Regional,49,Other manoeuvring,400,Manov - other,,Other angle,Unknown motor vehicle,Car (sedan/hatch),2,0,0,0,0,7,July,Winter,Sunday,02:00 - 03:59,Late night / early morning,False,False,False,False
1362755,Non-casualty (towaway),Non-casualty (towaway),2024,2024,September,Wednesday,14:00 - 15:59,BANNOCKBURN,RD,0,Right on the spot,BUTLER,ST,INVERELL,187.0,No,Not a school zone,X-intersection,-29.767639,151.102588,Inverell,Country urban,Rest of NSW - Urban,Straight,,,,Off,Sealed,Dry,Fine,Daylight,Nil,Give way sign,50 km/h,Regional,10,Cross traffic,101,Adj - Cross traffic,,Right angle,Car (sedan/hatch),4 wheel drive / SUV,2,0,0,0,0,9,September,Spring,Wednesday,14:00 - 15:59,Midday / afternoon,False,False,False,False
1362779,Non-casualty (towaway),Non-casualty (towaway),2024,2024,August,Monday,16:00 - 17:59,RIVER,AVE,0,Right on the spot,LALS,PDE,FAIRFIELD EAST,7102.0,No,Not a school zone,T-junction,-33.881533,150.970985,Fairfield,Sydney metro. area,Syd-Newc-Woll Gtr conurbation,Straight,,,,Off,Sealed,Dry,Fine,Daylight,Nil,No traffic controls,60 km/h,Regional,13,Right near,104,Adj - Right-thru from right,,Right angle,Car (sedan/hatch),Car (sedan/hatch),2,0,0,0,0,8,August,Winter,Monday,16:00 - 17:59,PM peak / evening commute,True,False,False,False
1362795,Non-casualty (towaway),Non-casualty (towaway),2024,2024,September,Tuesday,20:00 - 21:59,NEWELL,HWY,100,South,LETTERBOX,RD,BOGGABILLA,17.0,No,Not a school zone,2-way undivided,-28.740303,150.267555,Moree Plains,Country non-urban,Rest of NSW - Rural,Straight,,,,Nil,Sealed,Dry,Fine,Darkness,Nil,No traffic controls,110 km/h,State,67,Struck animal,609,On path - Hit animal,,Vehicle - Animal,Semi-trailer,,1,0,0,0,0,9,September,Spring,Tuesday,20:00 - 21:59,Evening / night,False,False,False,False
1362798,Non-casualty (towaway),Non-casualty (towaway),2024,2024,September,Sunday,12:00 - 13:59,GARDENERS,RD,20,East,BOTANY,RD,ROSEBERY,183.0,Yes,No,2-way undivided,-33.921498,151.196629,Bayside,Sydney metro. area,Syd-Newc-Woll Gtr conurbation,Straight,,,,Off,Sealed,Dry,Fine,Daylight,Nil,No traffic controls,60 km/h,State,20,Head on,201,Opp - Head on,,Head-on,Light truck utility(from 2018),4 wheel drive / SUV,2,0,0,0,0,9,September,Spring,Sunday,12:00 - 13:59,Midday / afternoon,False,False,False,False
1362801,Non-casualty (towaway),Non-casualty (towaway),2024,2024,September,Sunday,18:00 - 19:59,GAGGIN,WAY,50,South,GIBSON,ST,KINGSCLIFF,,No,Not a school zone,2-way undivided,-28.262674,153.57601,Tweed,Country urban,Rest of NSW - Urban,Straight,Steep grade,,,Nil,Sealed,Dry,Fine,Darkness,Nil,No traffic controls,50 km/h,Local,49,Other manoeuvring,400,Manov - other,,Other angle,Unknown type,Car (sedan/hatch),2,0,0,0,0,9,September,Spring,Sunday,18:00 - 19:59,PM peak / evening commute,True,False,False,False
1362810,Non-casualty (towaway),Non-casualty (towaway),2024,2024,September,Thursday,20:00 - 21:59,HETTIAN VISTA,MS,0,Right on the spot,NUMBER 16,HN,NORTH ROTHBURY,,No,Not a school zone,2-way undivided,-32.677208,151.361133,Cessnock,Country urban,Rest of NSW - Urban,Straight,,,,Nil,Sealed,Dry,Fine,Darkness,Nil,No traffic controls,50 km/h,Local,71,Off rd left => obj,703,Left off cway into object,,Other angle,Light truck utility(from 2018),Car (sedan/hatch),2,0,0,0,0,9,September,Spring,Thursday,20:00 - 21:59,Evening / night,False,False,False,False
1362812,Non-casualty (towaway),Non-casualty (towaway),2024,2024,September,Wednesday,16:00 - 17:59,HILLVIEW,RD,10,North,STRINGER,RD,NORTH KELLYVILLE,,No,Not a school zone,T-junction,-33.677031,150.941595,The Hills,Sydney metro. area,Syd-Newc-Woll Gtr conurbation,Straight,,,,Off,Sealed,Dry,Fine,Daylight,Nil,No traffic controls,50 km/h,Local,71,Off rd left => obj,703,Left off cway into object,,Other angle,Car (sedan/hatch),Station wagon,2,0,0,0,0,9,September,Spring,Wednesday,16:00 - 17:59,PM peak / evening commute,True,False,False,False
1362813,Non-casualty (towaway),Non-casualty (towaway),2024,2024,September,Thursday,20:00 - 21:59,POLDING,ST,0,Right on the spot,SMITHFIELD,RD,FAIRFIELD WEST,7222.0,No,Not a school zone,Roundabout,-33.860494,150.927486,Fairfield,Sydney metro. area,Syd-Newc-Woll Gtr conurbation,Straight,Other bridge,,,On,Sealed,Dry,Fine,Darkness,Nil,Give way sign,60 km/h,Regional,10,Cross traffic,101,Adj - Cross traffic,,Right angle,Car (sedan/hatch),4 wheel drive / SUV,2,0,0,0,0,9,September,Spring,Thursday,20:00 - 21:59,Evening / night,False,False,False,False
1362824,Non-casualty (towaway),Non-casualty (towaway),2024,2024,February,Wednesday,18:00 - 19:59,ROOTY HILL,RD,50,North,M7 WESTLINK,EXP,OAKHURST,537.0,No,Not a school zone,Divided road,-33.733956,150.847483,Blacktown,Sydney metro. area,Syd-Newc-Woll Gtr conurbation,Straight,,,,Off,Sealed,Dry,Fine,Dusk,Nil,No traffic controls,60 km/h,State,30,Rear end,301,Same - Rear end,,Rear end,Car (sedan/hatch),Unknown motor vehicle,2,0,0,0,0,2,February,Summer,Wednesday,18:00 - 19:59,PM peak / evening commute,True,False,False,False
1362838,Non-casualty (towaway),Non-casualty (towaway),2024,2024,September,Friday,22:00 - Midnight,ELIZABETH,DR,0,Right on the spot,NUMBER 1990,HN,BADGERYS CREEK,535.0,No,Not a school zone,2-way undivided,-33.874753,150.760991,Penrith,Sydney metro. area,Syd-Newc-Woll Gtr conurbation,Straight,,Roadwks/Detour/Diverson,,Off,Sealed,Dry,Fine,Darkness,Nil,No traffic controls,60 km/h,State,40,U turn,304,Same - U-turn,,Other angle,Unknown motor vehicle,Car (sedan/hatch),2,0,0,0,0,9,September,Spring,Friday,22:00 - Midnight,Evening / night,False,False,False,False
1362841,Non-casualty (towaway),Non-casualty (towaway),2024,2024,September,Thursday,12:00 - 13:59,FIRST,AVE,0,Right on the spot,GEORGE,ST,SOUTH HURSTVILLE,,No,Not a school zone,T-junction,-33.972386,151.107747,Georges River,Sydney metro. area,Syd-Newc-Woll Gtr conurbation,Straight,,,,Nil,Sealed,Dry,Fine,Daylight,Nil,No traffic controls,50 km/h,Local,81,Off left/rt bnd=>obj,707,Right turn,Left,Other angle,4 wheel drive / SUV,Car (sedan/hatch),2,0,0,0,0,9,September,Spring,Thursday,12:00 - 13:59,Midday / afternoon,False,False,False,False
1362848,Non-casualty (towaway),Non-casualty (towaway),2024,2024,August,Wednesday,18:00 - 19:59,STONEY CREEK,RD,0,Right on the spot,WOLLI,ST,KINGSGROVE,665.0,No,Not a school zone,T-junction,-33.948776,151.108166,Bayside,Sydney metro. area,Syd-Newc-Woll Gtr conurbation,Curved,,,,On,Sealed,Wet,Raining,Dusk,Nil,No traffic controls,60 km/h,State,35,Lane change left,307,Same - Lane change left,,Other angle,Car (sedan/hatch),Car (sedan/hatch),4,0,0,0,0,8,August,Winter,Wednesday,18:00 - 19:59,PM peak / evening commute,True,False,False,False
1362862,Non-casualty (towaway),Non-casualty (towaway),2024,2024,September,Wednesday,14:00 - 15:59,HOGBIN,DR,0,Right on the spot,WATSONIA,AVE,COFFS HARBOUR,7745.0,No,Not a school zone,T-junction,-30.295287,153.130528,Coffs Harbour,Country urban,Rest of NSW - Urban,Straight,,,,Off,Sealed,Dry,Fine,Daylight,Nil,Give way sign,60 km/h,Regional,13,Right near,104,Adj - Right-thru from right,,Right angle,4 wheel drive / SUV,Car (sedan/hatch),2,0,0,0,0,9,September,Spring,Wednesday,14:00 - 15:59,Midday / afternoon,False,False,False,False
1362866,Non-casualty (towaway),Non-casualty (towaway),2024,2024,September,Sunday,20:00 - 21:59,RIVERINA,HWY,300,West,BLIGHTY SCHOOL,RD,BLIGHTY,20.0,No,Not a school zone,2-way undivided,-35.596469,145.343821,Edward River,Country non-urban,Rest of NSW - Rural,Straight,,,,Nil,Sealed,Dry,Fine,Darkness,Nil,No traffic controls,100 km/h,State,30,Rear end,301,Same - Rear end,,Rear end,Car (sedan/hatch),Semi-trailer,2,0,0,0,0,9,September,Spring,Sunday,20:00 - 21:59,Evening / night,False,False,False,False
1362879,Non-casualty (towaway),Non-casualty (towaway),2024,2024,September,Tuesday,10:00 - 11:59,DAVID,ST,10,South,PETRA,AVE,SOUTH TAMWORTH,,No,Not a school zone,T-junction,-31.108462,150.91226,Tamworth Regional,Country urban,Rest of NSW - Urban,Straight,,,,Nil,Sealed,Dry,Fine,Daylight,Nil,No traffic controls,50 km/h,Local,71,Off rd left => obj,703,Left off cway into object,,Other angle,4 wheel drive / SUV,Car (sedan/hatch),3,0,0,0,0,9,September,Spring,Tuesday,10:00 - 11:59,Midday / afternoon,False,False,False,False
1362882,Non-casualty (towaway),Non-casualty (towaway),2024,2024,August,Sunday,02:00 - 03:59,THORNEY,RD,0,Right on the spot,NUMBER 44,HN,FAIRFIELD WEST,,Yes,No,2-way undivided,-33.874152,150.927441,Fairfield,Sydney metro. area,Syd-Newc-Woll Gtr conurbation,Straight,,,,On,Sealed,Dry,Fine,Darkness,Nil,No traffic controls,50 km/h,Local,71,Off rd left => obj,703,Left off cway into object,,Other angle,Car (sedan/hatch),4 wheel drive / SUV,3,0,0,0,0,8,August,Winter,Sunday,02:00 - 03:59,Late night / early morning,False,False,False,False
1362883,Non-casualty (towaway),Non-casualty (towaway),2024,2024,September,Tuesday,06:00 - 07:59,RAWSON,ST,0,Right on the spot,NORTHUMBERLAND,RD,AUBURN,2069.0,No,Not a school zone,T-junction,-33.849243,151.033359,Cumberland,Sydney metro. area,Syd-Newc-Woll Gtr conurbation,Straight,,,,Off,Sealed,Dry,Fine,Daylight,On,No traffic controls,50 km/h,Regional,10,Cross traffic,101,Adj - Cross traffic,,Right angle,Car (sedan/hatch),Light truck utility(from 2018),2,0,0,0,0,9,September,Spring,Tuesday,06:00 - 07:59,AM peak / school commute,True,False,False,False
1362894,Non-casualty (towaway),Non-casualty (towaway),2024,2024,September,Friday,06:00 - 07:59,MID WESTERN,HWY,1000,North,MURRUMBIDGEE RIVER,RD,HAY,6.0,No,Not a school zone,2-way undivided,-34.450587,144.986658,Hay,Country non-urban,Rest of NSW - Rural,Straight,,,,Nil,Sealed,Dry,Fine,Daylight,Nil,No traffic controls,110 km/h,State,72,Off road to right,702,Off carriageway to right,,Rollover,B-double (road train prior 98),,1,0,0,0,0,9,September,Spring,Friday,06:00 - 07:59,AM peak / school commute,True,False,False,False
1362899,Non-casualty (towaway),Non-casualty (towaway),2024,2024,August,Friday,22:00 - Midnight,ST JOHNS,RD,50,West,HATFIELD,RD,CABRAMATTA WEST,7221.0,No,Not a school zone,2-way undivided,-33.888031,150.921194,Fairfield,Sydney metro. area,Syd-Newc-Woll Gtr conurbation,Straight,,,,On,Sealed,Dry,Fine,Darkness,Nil,No traffic controls,60 km/h,Regional,71,Off rd left => obj,703,Left off cway into object,,Other angle,Car (sedan/hatch),Light truck utility(from 2018),2,0,0,0,0,8,August,Winter,Friday,22:00 - Midnight,Evening / night,False,False,False,False
1362913,Non-casualty (towaway),Non-casualty (towaway),2024,2024,April,Sunday,20:00 - 21:59,KALLEE,PL,0,Right on the spot,NUMBER 8,HN,GOONELLABAH,,No,Not a school zone,2-way undivided,-28.817091,153.352765,Lismore,Country urban,Rest of NSW - Urban,Straight,Driveway/entrance,,,Nil,Sealed,Dry,Fine,Darkness,Nil,No traffic controls,50 km/h,Local,49,Other manoeuvring,400,Manov - other,,Other angle,Unknown type,4 wheel drive / SUV,2,0,0,0,0,4,April,Autumn,Sunday,20:00 - 21:59,Evening / night,False,False,False,False
1362918,Non-casualty (towaway),Non-casualty (towaway),2024,2024,September,Wednesday,08:00 - 09:59,PACIFIC,HWY,100,South,EVANS,ST,BELMONT,10.0,No,Not a school zone,Divided road,-33.029995,151.660962,Lake Macquarie,Newcastle met. area,Syd-Newc-Woll Gtr conurbation,Straight,,,,Nil,Sealed,Dry,Fine,Daylight,Nil,No traffic controls,60 km/h,State,20,Head on,201,Opp - Head on,,Head-on,Car (sedan/hatch),Car (sedan/hatch),4,0,0,0,0,9,September,Spring,Wednesday,08:00 - 09:59,AM peak / school commute,True,False,False,False
1362925,Non-casualty (towaway),Non-casualty (towaway),2024,2024,September,Friday,10:00 - 11:59,DARLINGTON,DR,0,Right on the spot,NUMBER 243,HN,BANORA POINT,,No,Not a school zone,2-way undivided,-28.222901,153.534523,Tweed,Country urban,Rest of NSW - Urban,Straight,Steep grade,,,Off,Sealed,Wet,Fine,Daylight,Nil,No traffic controls,50 km/h,Local,73,Off rd rght => obj,704,Right off cway into obj,,Vehicle - Object,Car (sedan/hatch),,1,0,0,0,0,9,September,Spring,Friday,10:00 - 11:59,Midday / afternoon,False,False,False,False
1362940,Non-casualty (towaway),Non-casualty (towaway),2024,2024,September,Saturday,20:00 - 21:59,WYNDHAM,AVE,50,East,ANGUS,ST,FORBES,,No,Not a school zone,2-way undivided,-33.364845,148.027754,Forbes,Country urban,Rest of NSW - Urban,Straight,,Police pursuit,,Nil,Sealed,Dry,Fine,Darkness,Nil,No traffic controls,50 km/h,Local,75,Off end of road,709,Off end cway or T junct,,Vehicle - Object,Car (sedan/hatch),,1,0,0,0,0,9,September,Spring,Saturday,20:00 - 21:59,Evening / night,False,False,False,False
1362948,Non-casualty (towaway),Non-casualty (towaway),2024,2024,August,Tuesday,10:00 - 11:59,GIINAGAY,WAY,0,Right on the spot,VALLA BEACH,RD,VALLA,,No,Not a school zone,T-junction,-30.589388,152.998253,Nambucca Valley,Country non-urban,Rest of NSW - Rural,Straight,,,,Nil,Sealed,Wet,Raining,Daylight,Nil,Give way sign,90 km/h,Local,21,Right through,202,Opp - Right-thru,,Other angle,Station wagon,4 wheel drive / SUV,2,0,0,0,0,8,August,Winter,Tuesday,10:00 - 11:59,Midday / afternoon,False,False,False,False
1362957,Non-casualty (towaway),Non-casualty (towaway),2024,2024,September,Sunday,14:00 - 15:59,IRONBARK,CRES,0,Right on the spot,NUMNBER 7,HN,MACQUARIE FIELDS,,No,Not a school zone,2-way undivided,-33.989845,150.900596,Campbelltown,Sydney metro. area,Syd-Newc-Woll Gtr conurbation,Curved,,,,Off,Sealed,Dry,Fine,Daylight,Nil,No traffic controls,50 km/h,Local,85,Off rt/lft bnd=>obj,804,Off left bend into obj,Right,Other angle,Car (sedan/hatch),Light truck utility(from 2018),2,0,0,0,0,9,September,Spring,Sunday,14:00 - 15:59,Midday / afternoon,False,False,False,False
1362969,Non-casualty (towaway),Non-casualty (towaway),2024,2024,September,Sunday,22:00 - Midnight,GEORGE,ST,50,South,COLONIAL,DR,BLIGH PARK,154.0,No,Not a school zone,2-way undivided,-33.634832,150.788072,Hawkesbury,Country urban,Syd-Newc-Woll Gtr conurbation,Curved,,,,On,Sealed,Dry,Fine,Darkness,Nil,No traffic controls,60 km/h,State,88,Out of cont on bend,805,Out of control on bend,,Rollover,4 wheel drive / SUV,,1,0,0,0,0,9,September,Spring,Sunday,22:00 - Midnight,Evening / night,False,False,False,False
1362989,Non-casualty (towaway),Non-casualty (towaway),2024,2024,September,Sunday,00:01 - 01:59,GLENMORE,RD,30,East,FLINTON,ST,PADDINGTON,,No,Not a school zone,2-way undivided,-33.882468,151.226499,Woollahra,Sydney metro. area,Syd-Newc-Woll Gtr conurbation,Curved,,,,On,Sealed,Dry,Fine,Darkness,Nil,No traffic controls,40 km/h,Local,81,Off left/rt bnd=>obj,803,Off right bend into obj,Left,Other angle,Car (sedan/hatch),Car (sedan/hatch),4,0,0,0,0,9,September,Spring,Sunday,00:01 - 01:59,Late night / early morning,False,False,False,False
1362993,Non-casualty (towaway),Non-casualty (towaway),2024,2024,September,Wednesday,18:00 - 19:59,GARDENIA,AVE,10,East,STACEY,ST,BANKSTOWN,190.0,No,Not a school zone,T-junction,-33.920587,151.039874,Canterbury-Bankstown,Sydney metro. area,Syd-Newc-Woll Gtr conurbation,Straight,,,,On,Sealed,Dry,Fine,Darkness,Nil,Give way sign,70 km/h,State,12,Left far,103,Adj - Left-thru from left,,Right angle,Car (sedan/hatch),Car (sedan/hatch),2,0,0,0,0,9,September,Spring,Wednesday,18:00 - 19:59,PM peak / evening commute,True,False,False,False
1362996,Non-casualty (towaway),Non-casualty (towaway),2024,2024,September,Friday,22:00 - Midnight,MAIN,ST,100,West,BANKSIA,CL,MANNING POINT,,No,Not a school zone,2-way undivided,-31.89558,152.660569,Mid-Coast,Country urban,Rest of NSW - Urban,Curved,,,,On,Sealed,Dry,Fine,Darkness,Nil,No traffic controls,50 km/h,Local,81,Off left/rt bnd=>obj,803,Off right bend into obj,Left,Vehicle - Object,Station wagon,,1,0,0,0,0,9,September,Spring,Friday,22:00 - Midnight,Evening / night,False,False,False,False
1362998,Non-casualty (towaway),Non-casualty (towaway),2024,2024,September,Friday,16:00 - 17:59,HUME,HWY,0,Right on the spot,MEREDITH,ST,BANKSTOWN,2.0,Yes,No,X-intersection,-33.907195,151.033316,Canterbury-Bankstown,Sydney metro. area,Syd-Newc-Woll Gtr conurbation,Straight,,,,On,Sealed,Dry,Fine,Daylight,On,No traffic controls,60 km/h,State,71,Off rd left => obj,703,Left off cway into object,,Other angle,Car (sedan/hatch),4 wheel drive / SUV,2,0,0,0,0,9,September,Spring,Friday,16:00 - 17:59,PM peak / evening commute,True,False,False,False
1363011,Non-casualty (towaway),Non-casualty (towaway),2024,2024,July,Wednesday,20:00 - 21:59,ENGADINE,AVE,0,Right on the spot,OLD PRINCES,HWY,ENGADINE,,No,Not a school zone,Roundabout,-34.068767,151.010001,Sutherland,Sydney metro. area,Syd-Newc-Woll Gtr conurbation,Curved,,,,On,Sealed,Dry,Fine,Darkness,Nil,Give way sign,50 km/h,Local,10,Cross traffic,101,Adj - Cross traffic,,Right angle,Car (sedan/hatch),4 wheel drive / SUV,2,0,0,0,0,7,July,Winter,Wednesday,20:00 - 21:59,Evening / night,False,False,False,False
1363024,Non-casualty (towaway),Non-casualty (towaway),2024,2024,May,Thursday,20:00 - 21:59,BOKHARA,AVE,50,North,PACIFIC,HWY,BLUE HAVEN,,No,Not a school zone,Divided road,-33.213361,151.511873,Central Coast,Country urban,Syd-Newc-Woll Gtr conurbation,Curved,,,,Unknown / not stated,Sealed,Dry,Fine,Darkness,Nil,No traffic controls,50 km/h,Local,81,Off left/rt bnd=>obj,803,Off right bend into obj,Left,Vehicle - Object,Car (sedan/hatch),,1,0,0,0,0,5,May,Autumn,Thursday,20:00 - 21:59,Evening / night,False,False,False,False
1363025,Non-casualty (towaway),Non-casualty (towaway),2024,2024,June,Saturday,20:00 - 21:59,GLEDSWOOD HILLS,DR,0,Right on the spot,NUMBER 28,HN,GLEDSWOOD HILLS,,No,Not a school zone,2-way undivided,-34.01383,150.780525,Camden,Sydney metro. area,Syd-Newc-Woll Gtr conurbation,Straight,,,,Unknown / not stated,Sealed,Wet,Raining,Darkness,Nil,No traffic controls,50 km/h,Local,73,Off rd rght => obj,704,Right off cway into obj,,Vehicle - Object,Light truck utility(from 2018),,1,0,0,0,0,6,June,Winter,Saturday,20:00 - 21:59,Evening / night,False,False,False,False
1363026,Non-casualty (towaway),Non-casualty (towaway),2024,2024,August,Saturday,22:00 - Midnight,NEWCASTLE,EXP,2000,South,FREEMANS DRIVE,OP,COORANBONG,6003.0,No,Not a school zone,Dual freeway,-33.027044,151.478661,Lake Macquarie,Newcastle met. area,Syd-Newc-Woll Gtr conurbation,Straight,Steep grade,,,Unknown / not stated,Sealed,Dry,Fine,Darkness,Nil,No traffic controls,110 km/h,State,67,Struck animal,609,On path - Hit animal,,Vehicle - Animal,Car (sedan/hatch),,1,0,0,0,0,8,August,Winter,Saturday,22:00 - Midnight,Evening / night,False,False,False,False
1363029,Non-casualty (towaway),Non-casualty (towaway),2024,2024,September,Tuesday,08:00 - 09:59,PEEL,ST,100,South,BRISBANE,ST,TAMWORTH,,No,Not a school zone,Divided road,-31.090827,150.930033,Tamworth Regional,Country urban,Rest of NSW - Urban,Straight,,,,Unknown / not stated,Sealed,Dry,Fine,Daylight,Nil,No traffic controls,40 km/h,Local,42,Leaving parking,401,Manov - Leaving parking,,Other angle,Car (sedan/hatch),Light truck utility(from 2018),3,0,0,0,0,9,September,Spring,Tuesday,08:00 - 09:59,AM peak / school commute,True,False,False,False
1363030,Non-casualty (towaway),Non-casualty (towaway),2024,2024,May,Wednesday,16:00 - 17:59,HUME,HWY,0,Right on the spot,TUCKER,ST,BASS HILL,2.0,No,Not a school zone,T-junction,-33.904791,151.003993,Canterbury-Bankstown,Sydney metro. area,Syd-Newc-Woll Gtr conurbation,Straight,,,,Unknown / not stated,Sealed,Dry,Fine,Dusk,Nil,Give way sign,70 km/h,State,21,Right through,202,Opp - Right-thru,,Other angle,Car (sedan/hatch),Car (sedan/hatch),2,0,0,0,0,5,May,Autumn,Wednesday,16:00 - 17:59,PM peak / evening commute,True,False,False,False
1363039,Non-casualty (towaway),Non-casualty (towaway),2024,2024,September,Saturday,14:00 - 15:59,CUMBERLAND,RD,0,Right on the spot,OXFORD,RD,INGLEBURN,7198.0,Yes,No,X-intersection,-33.999958,150.867946,Campbelltown,Sydney metro. area,Syd-Newc-Woll Gtr conurbation,Straight,,,,Unknown / not stated,Sealed,Dry,Fine,Daylight,On,No traffic controls,60 km/h,Regional,21,Right through,202,Opp - Right-thru,,Other angle,4 wheel drive / SUV,Car (sedan/hatch),2,0,0,0,0,9,September,Spring,Saturday,14:00 - 15:59,Midday / afternoon,False,False,False,False
1363041,Non-casualty (towaway),Non-casualty (towaway),2024,2024,August,Thursday,04:00 - 05:59,PANORAMA,CRES,0,Right on the spot,NUMBER 92,HN,MOUNT RIVERVIEW,,No,Not a school zone,2-way undivided,-33.738816,150.630107,Blue Mountains,Country urban,Syd-Newc-Woll Gtr conurbation,Straight,,,,Unknown / not stated,Sealed,Dry,Fine,Darkness,Nil,No traffic controls,50 km/h,Local,71,Off rd left => obj,703,Left off cway into object,,Other angle,4 wheel drive / SUV,Car (sedan/hatch),2,0,0,0,0,8,August,Winter,Thursday,04:00 - 05:59,Late night / early morning,False,False,False,False