crash_id,degree_of_crash,degree_of_crash_-_detailed,reporting_year,year_of_crash,month_of_crash,day_of_week_of_crash,two-hour_intervals,street_of_crash,street_type,distance,direction,identifying_feature,identifying_feature_type,town,route_no.,school_zone_location,school_zone_active,type_of_location,latitude,longitude,lga,urbanisation,conurbation_1,alignment,primary_permanent_feature,primary_temporary_feature,primary_hazardous_feature,street_lighting,road_surface,surface_condition,weather,natural_lighting,signals_operation,other_traffic_control,speed_limit,road_classification_(admin),rum_-_code,rum_-_description,dca_-_code,dca_-_description,dca_supplement,first_impact_type,key_tu_type,other_tu_type,no._of_traffic_units_involved,no._killed,no._seriously_injured,no._moderately_injured,no._minor-other_injured,month_num,month_label,season,day_label,time_label,time_band,is_peak_commute,is_fatal,is_injury,is_casualty
1363042,Non-casualty (towaway),Non-casualty (towaway),2024,2024,September,Sunday,20:00 - 21:59,BROOKWATER,CCT,0,Right on the spot,NUMBER 14,HN,COLEBEE,,No,Not a school zone,2-way undivided,-33.72294,150.861812,Blacktown,Sydney metro. area,Syd-Newc-Woll Gtr conurbation,Straight,,,,Unknown / not stated,Sealed,Dry,Fine,Darkness,Nil,No traffic controls,50 km/h,Local,71,Off rd left => obj,703,Left off cway into object,,Other angle,Car (sedan/hatch),Light truck utility(from 2018),2,0,0,0,0,9,September,Spring,Sunday,20:00 - 21:59,Evening / night,False,False,False,False
1363046,Non-casualty (towaway),Non-casualty (towaway),2024,2024,September,Friday,16:00 - 17:59,WERRINGTON,RD,0,Right on the spot,RANCE,RD,WERRINGTON,7288.0,No,Not a school zone,T-junction,-33.763053,150.758987,Penrith,Sydney metro. area,Syd-Newc-Woll Gtr conurbation,Straight,,,,Unknown / not stated,Sealed,Dry,Fine,Daylight,Nil,Give way sign,60 km/h,Regional,13,Right near,104,Adj - Right-thru from right,,Right angle,4 wheel drive / SUV,Car (sedan/hatch),2,0,0,0,0,9,September,Spring,Friday,16:00 - 17:59,PM peak / evening commute,True,False,False,False
1363047,Non-casualty (towaway),Non-casualty (towaway),2024,2024,September,Monday,04:00 - 05:59,KENTWELL,RD,200,East,CONDAMINE,ST,NORTH MANLY,7345.0,No,Not a school zone,2-way undivided,-33.775849,151.268811,Northern Beaches,Sydney metro. area,Syd-Newc-Woll Gtr conurbation,Straight,,,,Unknown / not stated,Sealed,Dry,Fine,Darkness,Nil,No traffic controls,60 km/h,Regional,71,Off rd left => obj,703,Left off cway into object,,Vehicle - Object,Large rigid,,1,0,0,0,0,9,September,Spring,Monday,04:00 - 05:59,Late night / early morning,False,False,False,False
1363048,Non-casualty (towaway),Non-casualty (towaway),2024,2024,September,Wednesday,20:00 - 21:59,AVOCA,ST,0,Right on the spot,SOUDAN,ST,RANDWICK,660.0,No,Not a school zone,T-junction,-33.919026,151.240784,Randwick,Sydney metro. area,Syd-Newc-Woll Gtr conurbation,Straight,,,,Unknown / not stated,Sealed,Wet,Raining,Darkness,Nil,No traffic controls,50 km/h,State,16,Left near,107,Adj - Left-thru from right,,Right angle,Car (sedan/hatch),Motorcycle,2,0,0,0,0,9,September,Spring,Wednesday,20:00 - 21:59,Evening / night,False,False,False,False
1363052,Non-casualty (towaway),Non-casualty (towaway),2024,2024,September,Wednesday,14:00 - 15:59,CONCORD,RD,0,Right on the spot,WELLBANK,ST,NORTH STRATHFIELD,668.0,No,Not a school zone,X-intersection,-33.858415,151.092258,Canada Bay,Sydney metro. area,Syd-Newc-Woll Gtr conurbation,Straight,,,,Unknown / not stated,Sealed,Dry,Fine,Daylight,On,No traffic controls,60 km/h,State,30,Rear end,301,Same - Rear end,,Rear end,4 wheel drive / SUV,Car (sedan/hatch),2,0,0,0,0,9,September,Spring,Wednesday,14:00 - 15:59,Midday / afternoon,False,False,False,False
1363055,Non-casualty (towaway),Non-casualty (towaway),2024,2024,September,Saturday,08:00 - 09:59,BELMORE,RD,0,Right on the spot,SOUTH WESTERN,EXP,RIVERWOOD,2050.0,No,Not a school zone,T-junction,-33.942322,151.054122,Canterbury-Bankstown,Sydney metro. area,Syd-Newc-Woll Gtr conurbation,Straight,,,,Unknown / not stated,Sealed,Dry,Fine,Daylight,On,No traffic controls,50 km/h,Regional,21,Right through,202,Opp - Right-thru,,Other angle,4 wheel drive / SUV,4 wheel drive / SUV,2,0,0,0,0,9,September,Spring,Saturday,08:00 - 09:59,AM peak / school commute,True,False,False,False
1363056,Non-casualty (towaway),Non-casualty (towaway),2024,2024,September,Sunday,12:00 - 13:59,HUME,HWY,0,Right on the spot,OLD SOUTH,RD,YARRA,2.0,No,Not a school zone,T-junction,-34.787565,149.638916,Goulburn Mulwaree,Country non-urban,Rest of NSW - Rural,Straight,,,,Unknown / not stated,Sealed,Dry,Fine,Daylight,Nil,No traffic controls,110 km/h,State,42,Leaving parking,401,Manov - Leaving parking,,Other angle,Light truck utility(from 2018),Car (sedan/hatch),2,0,0,0,0,9,September,Spring,Sunday,12:00 - 13:59,Midday / afternoon,False,False,False,False
1363058,Non-casualty (towaway),Non-casualty (towaway),2024,2024,September,Tuesday,12:00 - 13:59,EDGAR,ST,50,North,MARION,ST,BANKSTOWN,7120.0,No,Not a school zone,2-way undivided,-33.915687,151.013855,Canterbury-Bankstown,Sydney metro. area,Syd-Newc-Woll Gtr conurbation,Curved,Steep grade,,,Unknown / not stated,Sealed,Dry,Fine,Daylight,Nil,No traffic controls,60 km/h,Regional,34,Lane change right,306,Same - Lane change right,,Other angle,Light truck utility(from 2018),Passenger van,2,0,0,0,0,9,September,Spring,Tuesday,12:00 - 13:59,Midday / afternoon,False,False,False,False
1363060,Non-casualty (towaway),Non-casualty (towaway),2024,2024,September,Sunday,16:00 - 17:59,HUME,HWY,9600,North,SYDNEY ROAD,TO,BOXERS CREEK,2.0,No,Not a school zone,Divided road,-34.745038,149.877882,Goulburn Mulwaree,Country non-urban,Rest of NSW - Rural,Straight,,,,Unknown / not stated,Sealed,Dry,Fine,Daylight,Nil,No traffic controls,110 km/h,State,30,Rear end,301,Same - Rear end,,Rear end,4 wheel drive / SUV,4 wheel drive / SUV,2,0,0,0,0,9,September,Spring,Sunday,16:00 - 17:59,PM peak / evening commute,True,False,False,False
1363061,Non-casualty (towaway),Non-casualty (towaway),2024,2024,September,Thursday,18:00 - 19:59,WINDSOR,RD,0,Right on the spot,M2 HILLS,EXP,BAULKHAM HILLS,184.0,No,Not a school zone,T-junction,-33.767597,150.99832,The Hills,Sydney metro. area,Syd-Newc-Woll Gtr conurbation,Straight,Other bridge,,,Unknown / not stated,Sealed,Dry,Fine,Dusk,On,No traffic controls,60 km/h,State,30,Rear end,301,Same - Rear end,,Rear end,4 wheel drive / SUV,Car (sedan/hatch),2,0,0,0,0,9,September,Spring,Thursday,18:00 - 19:59,PM peak / evening commute,True,False,False,False
1363063,Non-casualty (towaway),Non-casualty (towaway),2024,2024,September,Tuesday,14:00 - 15:59,STURT,HWY,0,Right on the spot,NUMBER 204-210,HN,EAST WAGGA WAGGA,14.0,No,Not a school zone,2-way undivided,-35.123939,147.403055,Wagga Wagga,Country urban,Rest of NSW - Urban,Curved,Driveway/entrance,,,Unknown / not stated,Sealed,Dry,Fine,Daylight,Nil,No traffic controls,60 km/h,State,30,Rear end,301,Same - Rear end,,Rear end,Light truck utility(from 2018),Car (sedan/hatch),3,0,0,0,0,9,September,Spring,Tuesday,14:00 - 15:59,Midday / afternoon,False,False,False,False
1363065,Non-casualty (towaway),Non-casualty (towaway),2024,2024,September,Friday,14:00 - 15:59,FAY,AVE,0,Right on the spot,NUMBER 53,HN,KOORINGAL,,Yes,No,2-way undivided,-35.141215,147.381687,Wagga Wagga,Country urban,Rest of NSW - Urban,Curved,,,,Unknown / not stated,Sealed,Dry,Fine,Daylight,Nil,No traffic controls,50 km/h,Local,40,U turn,207,Opp - U-turn,,Other angle,Car (sedan/hatch),Car (sedan/hatch),2,0,0,0,0,9,September,Spring,Friday,14:00 - 15:59,Midday / afternoon,False,False,False,False
1363066,Non-casualty (towaway),Non-casualty (towaway),2024,2024,September,Thursday,14:00 - 15:59,CUMBERLAND,HWY,0,Right on the spot,DUNMORE,ST,WENTWORTHVILLE,13.0,No,Not a school zone,X-intersection,-33.807288,150.969468,Cumberland,Sydney metro. area,Syd-Newc-Woll Gtr conurbation,Straight,,,,Unknown / not stated,Sealed,Wet,Raining,Daylight,On,No traffic controls,70 km/h,State,10,Cross traffic,101,Adj - Cross traffic,,Right angle,4 wheel drive / SUV,Large rigid,2,0,0,0,0,9,September,Spring,Thursday,14:00 - 15:59,Midday / afternoon,False,False,False,False
1363068,Non-casualty (towaway),Non-casualty (towaway),2024,2024,August,Wednesday,18:00 - 19:59,BULLER,ST,0,Right on the spot,PARK,ST,PORT MACQUARIE,,No,Not a school zone,T-junction,-31.431406,152.899665,Port Macquarie-Hastings,Country urban,Rest of NSW - Urban,Straight,,,,Unknown / not stated,Sealed,Dry,Fine,Darkness,On,No traffic controls,50 km/h,Local,21,Right through,202,Opp - Right-thru,,Other angle,4 wheel drive / SUV,Station wagon,2,0,0,0,0,8,August,Winter,Wednesday,18:00 - 19:59,PM peak / evening commute,True,False,False,False
1363071,Non-casualty (towaway),Non-casualty (towaway),2024,2024,September,Thursday,14:00 - 15:59,BROUGHTON,ST,0,Right on the spot,MORTS,RD,MORTDALE,,No,Not a school zone,T-junction,-33.967146,151.077158,Georges River,Sydney metro. area,Syd-Newc-Woll Gtr conurbation,Straight,,,,Unknown / not stated,Sealed,Wet,Raining,Daylight,Nil,Stop sign,50 km/h,Local,21,Right through,202,Opp - Right-thru,,Other angle,Passenger van,4 wheel drive / SUV,2,0,0,0,0,9,September,Spring,Thursday,14:00 - 15:59,Midday / afternoon,False,False,False,False
1363072,Non-casualty (towaway),Non-casualty (towaway),2024,2024,September,Friday,06:00 - 07:59,HYNDS,RD,0,Right on the spot,THE WATER,LANE,BOX HILL,,No,Not a school zone,T-junction,-33.660672,150.908523,The Hills,Sydney metro. area,Syd-Newc-Woll Gtr conurbation,Straight,,,,Unknown / not stated,Sealed,Dry,Fine,Daylight,Nil,Give way sign,70 km/h,Local,21,Right through,202,Opp - Right-thru,,Other angle,Light truck utility(from 2018),Light truck utility(from 2018),2,0,0,0,0,9,September,Spring,Friday,06:00 - 07:59,AM peak / school commute,True,False,False,False
1363073,Non-casualty (towaway),Non-casualty (towaway),2024,2024,September,Sunday,18:00 - 19:59,SUNNYHOLT,RD,0,Right on the spot,GEORGE,ST,BLACKTOWN,642.0,No,Not a school zone,T-junction,-33.769452,150.912121,Blacktown,Sydney metro. area,Syd-Newc-Woll Gtr conurbation,Straight,Bus/transit lane,,,Unknown / not stated,Sealed,Dry,Fine,Darkness,On,No traffic controls,60 km/h,State,39,Other same direction,300,Same - other,,Other angle,4 wheel drive / SUV,Car (sedan/hatch),2,0,0,0,0,9,September,Spring,Sunday,18:00 - 19:59,PM peak / evening commute,True,False,False,False
1363075,Non-casualty (towaway),Non-casualty (towaway),2024,2024,September,Thursday,18:00 - 19:59,PACIFIC,HWY,250,North,BLACKBUTTS,RD,RAINBOW FLAT,10.0,No,Not a school zone,Divided road,-32.033698,152.465024,Mid-Coast,Country non-urban,Rest of NSW - Rural,Curved,Steep grade,,,Unknown / not stated,Sealed,Wet,Raining,Darkness,Nil,No traffic controls,110 km/h,State,81,Off left/rt bnd=>obj,803,Off right bend into obj,Left,Vehicle - Object,Car (sedan/hatch),,1,0,0,0,0,9,September,Spring,Thursday,18:00 - 19:59,PM peak / evening commute,True,False,False,False
1363078,Non-casualty (towaway),Non-casualty (towaway),2024,2024,September,Tuesday,16:00 - 17:59,RUSSELL,AVE,0,Right on the spot,NUMBER 42,HN,FAULCONBRIDGE,,No,Not a school zone,2-way undivided,-33.693829,150.539465,Blue Mountains,Country urban,Syd-Newc-Woll Gtr conurbation,Straight,Steep grade,,,Unknown / not stated,Sealed,Dry,Fine,Daylight,Nil,No traffic controls,50 km/h,Local,30,Rear end,301,Same - Rear end,,Rear end,4 wheel drive / SUV,Car (sedan/hatch),2,0,0,0,0,9,September,Spring,Tuesday,16:00 - 17:59,PM peak / evening commute,True,False,False,False
1363080,Non-casualty (towaway),Non-casualty (towaway),2024,2024,September,Wednesday,06:00 - 07:59,JEFFREY,AVE,0,Right on the spot,LLOYD,ST,GREYSTANES,,No,Not a school zone,T-junction,-33.820106,150.953352,Cumberland,Sydney metro. area,Syd-Newc-Woll Gtr conurbation,Straight,,,,Off,Sealed,Dry,Overcast,Daylight,Nil,No traffic controls,50 km/h,Local,73,Off rd rght => obj,704,Right off cway into obj,,Vehicle - Object,Utility,,1,0,0,0,0,9,September,Spring,Wednesday,06:00 - 07:59,AM peak / school commute,True,False,False,False
1363082,Non-casualty (towaway),Non-casualty (towaway),2024,2024,September,Wednesday,10:00 - 11:59,OXLEY,HWY,5000,North,CELLS RIVER,RD,YARROWITCH,11.0,No,Not a school zone,2-way undivided,-31.360122,152.040476,Walcha,Country non-urban,Rest of NSW - Rural,Curved,,,,Unknown / not stated,Sealed,Dry,Fine,Daylight,Nil,No traffic controls,100 km/h,State,88,Out of cont on bend,805,Out of control on bend,,Rollover,Light truck utility(from 2018),,1,0,0,0,0,9,September,Spring,Wednesday,10:00 - 11:59,Midday / afternoon,False,False,False,False
1363083,Non-casualty (towaway),Non-casualty (towaway),2024,2024,September,Thursday,16:00 - 17:59,BRUXNER,HWY,0,Right on the spot,GORDON BLAIR,DR,GOONELLABAH,16.0,No,Not a school zone,Roundabout,-28.818445,153.328628,Lismore,Country urban,Rest of NSW - Urban,Straight,,,,Unknown / not stated,Sealed,Dry,Fine,Daylight,Nil,Give way sign,60 km/h,State,33,Lane sideswipe,305,Same - Lane side swipe,,Other angle,Car (sedan/hatch),Semi-trailer,2,0,0,0,0,9,September,Spring,Thursday,16:00 - 17:59,PM peak / evening commute,True,False,False,False
1363085,Non-casualty (towaway),Non-casualty (towaway),2024,2024,September,Thursday,06:00 - 07:59,BAY,RD,0,Right on the spot,TOOWOON BAY,RD,TOOWOON BAY,,No,Not a school zone,X-intersection,-33.358008,151.4966,Central Coast,Country urban,Syd-Newc-Woll Gtr conurbation,Curved,,,,Unknown / not stated,Sealed,Wet,Raining,Daylight,Nil,Stop sign,50 km/h,Local,10,Cross traffic,101,Adj - Cross traffic,,Right angle,Car (sedan/hatch),4 wheel drive / SUV,2,0,0,0,0,9,September,Spring,Thursday,06:00 - 07:59,AM peak / school commute,True,False,False,False
1363087,Non-casualty (towaway),Non-casualty (towaway),2024,2024,September,Thursday,08:00 - 09:59,SACKVILLE,ST,0,Right on the spot,STEPHEN,ST,BLACKTOWN,,No,Not a school zone,Roundabout,-33.764633,150.91926,Blacktown,Sydney metro. area,Syd-Newc-Woll Gtr conurbation,Straight,,,,Unknown / not stated,Sealed,Dry,Fine,Daylight,Nil,No traffic controls,50 km/h,Local,10,Cross traffic,101,Adj - Cross traffic,,Right angle,4 wheel drive / SUV,Car (sedan/hatch),2,0,0,0,0,9,September,Spring,Thursday,08:00 - 09:59,AM peak / school commute,True,False,False,False
1363089,Non-casualty (towaway),Non-casualty (towaway),2024,2024,September,Monday,16:00 - 17:59,LACEY,PL,0,Right on the spot,NUMBER 14,HN,BLACKTOWN,,No,Not a school zone,2-way undivided,-33.777174,150.919423,Blacktown,Sydney metro. area,Syd-Newc-Woll Gtr conurbation,Straight,Driveway/entrance,,,Unknown / not stated,Sealed,Dry,Fine,Daylight,Nil,No traffic controls,50 km/h,Local,47,Emerging from drive,406,Manov - Emerging from driveway,,Right angle,Car (sedan/hatch),Car (sedan/hatch),2,0,0,0,0,9,September,Spring,Monday,16:00 - 17:59,PM peak / evening commute,True,False,False,False
1363093,Non-casualty (towaway),Non-casualty (towaway),2024,2024,September,Monday,16:00 - 17:59,COLDSTREAM,RD,0,Right on the spot,TUCABIA-TYNDALE,RD,TYNDALE,,No,Not a school zone,L-junction,-29.613437,153.131748,Clarence Valley,Country non-urban,Rest of NSW - Rural,Straight,,,,Unknown / not stated,Sealed,Dry,Fine,Daylight,Nil,No traffic controls,100 km/h,Local,71,Off rd left => obj,703,Left off cway into object,,Vehicle - Object,Light truck utility(from 2018),,1,0,0,0,0,9,September,Spring,Monday,16:00 - 17:59,PM peak / evening commute,True,False,False,False
1363095,Non-casualty (towaway),Non-casualty (towaway),2024,2024,August,Wednesday,14:00 - 15:59,JACKARANDA,RD,0,Right on the spot,NUMBER 12,HN,NORTH ST MARYS,,No,Not a school zone,2-way undivided,-33.752136,150.782889,Penrith,Sydney metro. area,Syd-Newc-Woll Gtr conurbation,Curved,,,,Unknown / not stated,Sealed,Wet,Raining,Daylight,Nil,No traffic controls,50 km/h,Local,20,Head on,201,Opp - Head on,,Head-on,Light truck utility(from 2018),Car (sedan/hatch),2,0,0,0,0,8,August,Winter,Wednesday,14:00 - 15:59,Midday / afternoon,False,False,False,False
1363096,Non-casualty (towaway),Non-casualty (towaway),2024,2024,September,Sunday,16:00 - 17:59,PACIFIC,HWY,0,Right on the spot,AMOR,ST,ASQUITH,10.0,No,Not a school zone,T-junction,-33.687475,151.10863,Hornsby,Sydney metro. area,Syd-Newc-Woll Gtr conurbation,Curved,,,,Unknown / not stated,Sealed,Dry,Fine,Dusk,Nil,Stop sign,60 km/h,State,16,Left near,107,Adj - Left-thru from right,,Right angle,Car (sedan/hatch),Station wagon,2,0,0,0,0,9,September,Spring,Sunday,16:00 - 17:59,PM peak / evening commute,True,False,False,False
1363097,Non-casualty (towaway),Non-casualty (towaway),2024,2024,September,Friday,06:00 - 07:59,GREAT WESTERN,HWY,0,Right on the spot,BURNETT,ST,MAYS HILL,5.0,No,Not a school zone,T-junction,-33.818853,150.991686,Cumberland,Sydney metro. area,Syd-Newc-Woll Gtr conurbation,Straight,,,,Unknown / not stated,Sealed,Dry,Fine,Dawn,On,No traffic controls,60 km/h,State,13,Right near,104,Adj - Right-thru from right,,Right angle,Car (sedan/hatch),Light truck utility(from 2018),3,0,0,0,0,9,September,Spring,Friday,06:00 - 07:59,AM peak / school commute,True,False,False,False
1363105,Non-casualty (towaway),Non-casualty (towaway),2024,2024,May,Friday,14:00 - 15:59,NEW ENGLAND,HWY,0,Right on the spot,OXLEY,HWY,BENDEMEER,9.0,No,Not a school zone,T-junction,-30.878543,151.159908,Tamworth Regional,Country non-urban,Rest of NSW - Rural,Straight,,,,Unknown / not stated,Sealed,Dry,Fine,Daylight,Nil,Give way sign,100 km/h,State,30,Rear end,301,Same - Rear end,,Rear end,Light truck utility(from 2018),Passenger van,2,0,0,0,0,5,May,Autumn,Friday,14:00 - 15:59,Midday / afternoon,False,False,False,False
1363108,Non-casualty (towaway),Non-casualty (towaway),2024,2024,September,Wednesday,14:00 - 15:59,FEDERATION,WAY,400,South,WALBUNDRIE,RD,DAYSDALE,131.0,No,Not a school zone,2-way undivided,-35.656052,146.316527,Federation,Country non-urban,Rest of NSW - Rural,Straight,Ditch/drain/culvert,,,Unknown / not stated,Sealed,Wet,Raining,Daylight,Nil,No traffic controls,100 km/h,Regional,73,Off rd rght => obj,704,Right off cway into obj,,Vehicle - Object,Large rigid,,1,0,0,0,0,9,September,Spring,Wednesday,14:00 - 15:59,Midday / afternoon,False,False,False,False
1363109,Non-casualty (towaway),Non-casualty (towaway),2024,2024,September,Tuesday,02:00 - 03:59,BARRIER,HWY,80000,West,WILCANNIA,TN,LITTLE TOPAR,8.0,No,Not a school zone,2-way undivided,-31.73421,142.626172,Unincorporated,Country non-urban,Rest of NSW - Rural,Straight,,,,Unknown / not stated,Sealed,Dry,Fine,Darkness,Nil,No traffic controls,110 km/h,State,67,Struck animal,609,On path - Hit animal,,Vehicle - Animal,Light truck utility(from 2018),,1,0,0,0,0,9,September,Spring,Tuesday,02:00 - 03:59,Late night / early morning,False,False,False,False
1363111,Non-casualty (towaway),Non-casualty (towaway),2024,2024,September,Monday,16:00 - 17:59,ELIZABETH,DR,20,West,SALISBURY,AVE,KEMPS CREEK,535.0,No,Not a school zone,2-way undivided,-33.880403,150.791929,Penrith,Sydney metro. area,Syd-Newc-Woll Gtr conurbation,Straight,,,,Unknown / not stated,Sealed,Dry,Fine,Dusk,Nil,No traffic controls,60 km/h,State,30,Rear end,301,Same - Rear end,,Rear end,Light truck utility(from 2018),Light truck utility(from 2018),2,0,0,0,0,9,September,Spring,Monday,16:00 - 17:59,PM peak / evening commute,True,False,False,False
1363112,Non-casualty (towaway),Non-casualty (towaway),2024,2024,August,Friday,16:00 - 17:59,PRINCES,HWY,0,Right on the spot,BRIDGE,RD,NOWRA,1.0,No,Not a school zone,T-junction,-34.866802,150.602038,Shoalhaven,Country urban,Rest of NSW - Urban,Curved,Steep grade,,,Unknown / not stated,Sealed,Dry,Fine,Daylight,On,No traffic controls,70 km/h,State,30,Rear end,301,Same - Rear end,,Rear end,Utility,Car (sedan/hatch),3,0,0,0,0,8,August,Winter,Friday,16:00 - 17:59,PM peak / evening commute,True,False,False,False
1363113,Non-casualty (towaway),Non-casualty (towaway),2024,2024,September,Friday,20:00 - 21:59,DARGAN,ST,0,Right on the spot,WILLETT,ST,YAGOONA,,No,Not a school zone,X-intersection,-33.907782,151.010716,Canterbury-Bankstown,Sydney metro. area,Syd-Newc-Woll Gtr conurbation,Straight,,,,Unknown / not stated,Sealed,Dry,Fine,Unknown,Nil,Give way sign,50 km/h,Local,10,Cross traffic,101,Adj - Cross traffic,,Right angle,4 wheel drive / SUV,Light truck utility(from 2018),2,0,0,0,0,9,September,Spring,Friday,20:00 - 21:59,Evening / night,False,False,False,False
1363114,Non-casualty (towaway),Non-casualty (towaway),2024,2024,September,Friday,10:00 - 11:59,KIDMAN,WAY,1100,North,MOUNT GRACE,RD,WALLANTHERY,410.0,No,Not a school zone,2-way undivided,-33.331909,145.832439,Carrathool,Country non-urban,Rest of NSW - Rural,Straight,,,,Unknown / not stated,Sealed,Dry,Fine,Daylight,Nil,No traffic controls,110 km/h,State,52,Pulling out,503,Ovtak- Pulling out,,Other angle,Car (sedan/hatch),Semi-trailer,2,0,0,0,0,9,September,Spring,Friday,10:00 - 11:59,Midday / afternoon,False,False,False,False
1363121,Non-casualty (towaway),Non-casualty (towaway),2024,2024,September,Thursday,18:00 - 19:59,ROSS SMITH,AVE,30,South,ROSS SMITH,AVE,MASCOT,,No,Not a school zone,2-way undivided,-33.934296,151.191498,Bayside,Sydney metro. area,Syd-Newc-Woll Gtr conurbation,Straight,,,,Unknown / not stated,Sealed,Dry,Fine,Darkness,Nil,No traffic controls,60 km/h,Local,30,Rear end,301,Same - Rear end,,Rear end,4 wheel drive / SUV,Car (sedan/hatch),2,0,0,0,0,9,September,Spring,Thursday,18:00 - 19:59,PM peak / evening commute,True,False,False,False
1363122,Non-casualty (towaway),Non-casualty (towaway),2024,2024,September,Tuesday,10:00 - 11:59,CITY WEST LINK,RD,0,Right on the spot,THE CRESCENT,MS,LILYFIELD,650.0,No,Not a school zone,T-junction,-33.870864,151.173059,Inner West,Sydney metro. area,Syd-Newc-Woll Gtr conurbation,Straight,Driveway/entrance,,,Unknown / not stated,Sealed,Dry,Fine,Daylight,On,No entry/wrong way,70 km/h,State,47,Emerging from drive,406,Manov - Emerging from driveway,,Right angle,Large rigid,Car (sedan/hatch),2,0,0,0,0,9,September,Spring,Tuesday,10:00 - 11:59,Midday / afternoon,False,False,False,False
1363123,Non-casualty (towaway),Non-casualty (towaway),2024,2024,September,Thursday,12:00 - 13:59,EDWARD,ST,0,Right on the spot,MACAULEY,ST,HAY,,No,Not a school zone,X-intersection,-34.502039,144.847408,Hay,Country urban,Rest of NSW - Urban,Straight,,,,Unknown / not stated,Sealed,Dry,Fine,Daylight,Nil,Give way sign,50 km/h,Local,10,Cross traffic,101,Adj - Cross traffic,,Right angle,Light truck utility(from 2018),Light truck utility(from 2018),2,0,0,0,0,9,September,Spring,Thursday,12:00 - 13:59,Midday / afternoon,False,False,False,False
1363125,Non-casualty (towaway),Non-casualty (towaway),2024,2024,September,Tuesday,12:00 - 13:59,UNDERWOOD,RD,0,Right on the spot,HOMEBUSH BAY,DR,HOMEBUSH,7324.0,No,Not a school zone,Roundabout,-33.854279,151.077246,Strathfield,Sydney metro. area,Syd-Newc-Woll Gtr conurbation,Straight,,,,Unknown / not stated,Sealed,Dry,Fine,Daylight,Nil,Give way sign,60 km/h,Regional,36,Right turn sideswipe,308,Same - Rgt turn side swipe,,Other angle,Car (sedan/hatch),Car (sedan/hatch),2,0,0,0,0,9,September,Spring,Tuesday,12:00 - 13:59,Midday / afternoon,False,False,False,False
1363126,Non-casualty (towaway),Non-casualty (towaway),2024,2024,September,Sunday,16:00 - 17:59,HERMITAGE,RD,0,Right on the spot,MISTLETOE,LANE,POKOLBIN,,No,Not a school zone,X-intersection,-32.729081,151.259107,Singleton,Country urban,Rest of NSW - Urban,Straight,,,,Unknown / not stated,Sealed,Dry,Fine,Dusk,Nil,Give way sign,80 km/h,Local,32,Right rear,303,Same - Rear right,,Rear end,4 wheel drive / SUV,Car (sedan/hatch),2,0,0,0,0,9,September,Spring,Sunday,16:00 - 17:59,PM peak / evening commute,True,False,False,False
1363127,Non-casualty (towaway),Non-casualty (towaway),2024,2024,September,Sunday,16:00 - 17:59,TALFOURD,ST,20,North,ST JOHNS,RD,GLEBE,,No,Not a school zone,2-way undivided,-33.880296,151.188376,Sydney,Sydney metro. area,Syd-Newc-Woll Gtr conurbation,Straight,,,,Unknown / not stated,Sealed,Dry,Fine,Dusk,Nil,No traffic controls,40 km/h,Local,71,Off rd left => obj,703,Left off cway into object,,Other angle,Light truck,Car (sedan/hatch),2,0,0,0,0,9,September,Spring,Sunday,16:00 - 17:59,PM peak / evening commute,True,False,False,False
1363128,Non-casualty (towaway),Non-casualty (towaway),2024,2024,September,Saturday,10:00 - 11:59,GREAT WESTERN,HWY,0,Right on the spot,NUMBER 321,HN,AUBURN,5.0,No,Not a school zone,2-way undivided,-33.835902,151.023342,Cumberland,Sydney metro. area,Syd-Newc-Woll Gtr conurbation,Straight,Driveway/entrance,,,Unknown / not stated,Sealed,Dry,Fine,Daylight,Nil,No traffic controls,60 km/h,State,21,Right through,202,Opp - Right-thru,,Other angle,Motorcycle,Car (sedan/hatch),2,0,0,0,0,9,September,Spring,Saturday,10:00 - 11:59,Midday / afternoon,False,False,False,False
1363129,Non-casualty (towaway),Non-casualty (towaway),2024,2024,September,Friday,08:00 - 09:59,PACIFIC,HWY,500,South,TAMARIND DRIVE,OP,CUMBALUM,10.0,No,Not a school zone,Divided road,-28.829117,153.529761,Ballina,Country non-urban,Rest of NSW - Rural,Curved,Embankment/cutting,,,Unknown / not stated,Sealed,Wet,Raining,Daylight,Nil,No traffic controls,110 km/h,State,83,Off rt/rt bnd=>obj,803,Off right bend into obj,Right,Vehicle - Object,Light truck,,1,0,0,0,0,9,September,Spring,Friday,08:00 - 09:59,AM peak / school commute,True,False,False,False