crash_id,degree_of_crash,degree_of_crash_-_detailed,reporting_year,year_of_crash,month_of_crash,day_of_week_of_crash,two-hour_intervals,street_of_crash,street_type,distance,direction,identifying_feature,identifying_feature_type,town,route_no.,school_zone_location,school_zone_active,type_of_location,latitude,longitude,lga,urbanisation,conurbation_1,alignment,primary_permanent_feature,primary_temporary_feature,primary_hazardous_feature,street_lighting,road_surface,surface_condition,weather,natural_lighting,signals_operation,other_traffic_control,speed_limit,road_classification_(admin),rum_-_code,rum_-_description,dca_-_code,dca_-_description,dca_supplement,first_impact_type,key_tu_type,other_tu_type,no._of_traffic_units_involved,no._killed,no._seriously_injured,no._moderately_injured,no._minor-other_injured,month_num,month_label,season,day_label,time_label,time_band,is_peak_commute,is_fatal,is_injury,is_casualty
1363132,Non-casualty (towaway),Non-casualty (towaway),2024,2024,September,Sunday,22:00 - Midnight,SUNVILLE,CT,0,Right on the spot,NUMBER 5,HN,BLACKTOWN,,No,Not a school zone,2-way undivided,-33.78893,150.893553,Blacktown,Sydney metro. area,Syd-Newc-Woll Gtr conurbation,Straight,Steep grade,,,Unknown / not stated,Sealed,Dry,Fine,Darkness,Nil,No traffic controls,50 km/h,Local,46,Reversing into obj,405,Manov - Reverse into fixed obj,,Vehicle - Object,4 wheel drive / SUV,,1,0,0,0,0,9,September,Spring,Sunday,22:00 - Midnight,Evening / night,False,False,False,False
1363134,Non-casualty (towaway),Non-casualty (towaway),2024,2024,September,Wednesday,08:00 - 09:59,BRIXTON,RD,0,Right on the spot,LONDON,RD,LIDCOMBE,,No,Not a school zone,Roundabout,-33.871483,151.036025,Cumberland,Sydney metro. area,Syd-Newc-Woll Gtr conurbation,Straight,,,,Unknown / not stated,Sealed,Dry,Fine,Daylight,Nil,Give way sign,50 km/h,Local,10,Cross traffic,101,Adj - Cross traffic,,Right angle,Car (sedan/hatch),4 wheel drive / SUV,2,0,0,0,0,9,September,Spring,Wednesday,08:00 - 09:59,AM peak / school commute,True,False,False,False
1363136,Non-casualty (towaway),Non-casualty (towaway),2024,2024,September,Sunday,12:00 - 13:59,NELSON BAY,RD,0,Right on the spot,SEASIDE,BVD,FERN BAY,108.0,No,Not a school zone,Roundabout,-32.857528,151.802867,Port Stephens,Country urban,Rest of NSW - Urban,Straight,,,,Unknown / not stated,Sealed,Wet,Raining,Daylight,Nil,No traffic controls,70 km/h,State,71,Off rd left => obj,703,Left off cway into object,,Vehicle - Object,4 wheel drive / SUV,,1,0,0,0,0,9,September,Spring,Sunday,12:00 - 13:59,Midday / afternoon,False,False,False,False
1363139,Non-casualty (towaway),Non-casualty (towaway),2024,2024,September,Sunday,10:00 - 11:59,TAREN POINT,RD,0,Right on the spot,TOORAK,AVE,TAREN POINT,199.0,Yes,No,X-intersection,-34.019054,151.121919,Sutherland,Sydney metro. area,Syd-Newc-Woll Gtr conurbation,Straight,,,,Unknown / not stated,Sealed,Dry,Fine,Daylight,On,No traffic controls,70 km/h,State,30,Rear end,301,Same - Rear end,,Rear end,Light truck,4 wheel drive / SUV,3,0,0,0,0,9,September,Spring,Sunday,10:00 - 11:59,Midday / afternoon,False,False,False,False
1363140,Non-casualty (towaway),Non-casualty (towaway),2024,2024,September,Monday,14:00 - 15:59,BOUNDARY,RD,20,North,SCHOFIELDS,RD,TALLAWONG,687.0,No,Not a school zone,Other,-33.696956,150.887324,Blacktown,Sydney metro. area,Syd-Newc-Woll Gtr conurbation,Curved,,,,Unknown / not stated,Sealed,Dry,Fine,Daylight,Off,Ped crossing,60 km/h,State,30,Rear end,301,Same - Rear end,,Rear end,4 wheel drive / SUV,4 wheel drive / SUV,2,0,0,0,0,9,September,Spring,Monday,14:00 - 15:59,Midday / afternoon,False,False,False,False
1363141,Non-casualty (towaway),Non-casualty (towaway),2024,2024,September,Monday,14:00 - 15:59,ALLDER,ST,0,Right on the spot,NUMBER 12,HN,YAGOONA,,No,Not a school zone,2-way undivided,-33.899168,151.022608,Canterbury-Bankstown,Sydney metro. area,Syd-Newc-Woll Gtr conurbation,Straight,,,,Unknown / not stated,Sealed,Dry,Fine,Daylight,Nil,No traffic controls,50 km/h,Local,30,Rear end,301,Same - Rear end,,Rear end,Other bus,Station wagon,2,0,0,0,0,9,September,Spring,Monday,14:00 - 15:59,Midday / afternoon,False,False,False,False
1363142,Non-casualty (towaway),Non-casualty (towaway),2024,2024,September,Friday,06:00 - 07:59,THE MCGRANE,WAY,2800,West,CURRA,LANE,TULLAMORE,354.0,No,Not a school zone,2-way undivided,-32.514767,147.873894,Parkes,Country non-urban,Rest of NSW - Rural,Curved,,,,Unknown / not stated,Sealed,Dry,Fine,Daylight,Nil,No traffic controls,100 km/h,Regional,88,Out of cont on bend,805,Out of control on bend,,Rollover,Semi-trailer,,1,0,0,0,0,9,September,Spring,Friday,06:00 - 07:59,AM peak / school commute,True,False,False,False
1363143,Non-casualty (towaway),Non-casualty (towaway),2024,2024,September,Saturday,10:00 - 11:59,HENRY PARRY,DR,0,Right on the spot,FREDERICK,ST,EAST GOSFORD,673.0,No,Not a school zone,T-junction,-33.433778,151.346886,Central Coast,Country urban,Syd-Newc-Woll Gtr conurbation,Straight,,,,Unknown / not stated,Sealed,Dry,Fine,Daylight,Nil,Stop sign,50 km/h,State,13,Right near,104,Adj - Right-thru from right,,Right angle,Car (sedan/hatch),4 wheel drive / SUV,2,0,0,0,0,9,September,Spring,Saturday,10:00 - 11:59,Midday / afternoon,False,False,False,False
1363145,Non-casualty (towaway),Non-casualty (towaway),2024,2024,September,Monday,06:00 - 07:59,NEWCASTLE,EXP,200,North,MORGANS ROAD,OP,MOUNT WHITE,6003.0,No,Not a school zone,Dual freeway,-33.462555,151.195961,Central Coast,Country non-urban,Syd-Newc-Woll Gtr conurbation,Curved,,,,Unknown / not stated,Sealed,Dry,Fine,Daylight,Nil,No traffic controls,110 km/h,State,39,Other same direction,300,Same - other,,Other angle,Large rigid,Car (sedan/hatch),2,0,0,0,0,9,September,Spring,Monday,06:00 - 07:59,AM peak / school commute,True,False,False,False
1363147,Non-casualty (towaway),Non-casualty (towaway),2024,2024,September,Friday,18:00 - 19:59,ACACIA,AVE,0,Right on the spot,NUMBER 16A,HN,PORT MACQUARIE,,No,Not a school zone,2-way undivided,-31.444577,152.887899,Port Macquarie-Hastings,Country urban,Rest of NSW - Urban,Straight,,,,Unknown / not stated,Sealed,Dry,Fine,Dusk,Nil,No traffic controls,50 km/h,Local,71,Off rd left => obj,703,Left off cway into object,,Other angle,Large rigid,4 wheel drive / SUV,2,0,0,0,0,9,September,Spring,Friday,18:00 - 19:59,PM peak / evening commute,True,False,False,False
1363150,Non-casualty (towaway),Non-casualty (towaway),2024,2024,August,Saturday,14:00 - 15:59,CENTENARY,DR,70,South,ARTHUR,ST,STRATHFIELD,200.0,No,Not a school zone,Divided road,-33.868502,151.06396,Strathfield,Sydney metro. area,Syd-Newc-Woll Gtr conurbation,Straight,,,,Unknown / not stated,Sealed,Dry,Fine,Daylight,Nil,No traffic controls,80 km/h,State,30,Rear end,301,Same - Rear end,,Rear end,4 wheel drive / SUV,4 wheel drive / SUV,2,0,0,0,0,8,August,Winter,Saturday,14:00 - 15:59,Midday / afternoon,False,False,False,False
1363151,Non-casualty (towaway),Non-casualty (towaway),2024,2024,September,Sunday,10:00 - 11:59,SCENIC,DR,100,East,INLET,DR,TWEED HEADS WEST,,No,Not a school zone,2-way undivided,-28.195216,153.505995,Tweed,Country urban,Rest of NSW - Urban,Straight,,,,Unknown / not stated,Sealed,Dry,Fine,Daylight,Nil,No traffic controls,50 km/h,Local,71,Off rd left => obj,703,Left off cway into object,,Other angle,4 wheel drive / SUV,Car (sedan/hatch),2,0,0,0,0,9,September,Spring,Sunday,10:00 - 11:59,Midday / afternoon,False,False,False,False
1363153,Non-casualty (towaway),Non-casualty (towaway),2024,2024,September,Monday,14:00 - 15:59,PRINCES,HWY,0,Right on the spot,CHANDLER,ST,ROCKDALE,1.0,No,Not a school zone,T-junction,-33.958952,151.137992,Bayside,Sydney metro. area,Syd-Newc-Woll Gtr conurbation,Straight,,,,Unknown / not stated,Sealed,Wet,Fine,Daylight,Nil,Give way sign,60 km/h,State,39,Other same direction,300,Same - other,,Other angle,Car (sedan/hatch),Car (sedan/hatch),3,0,0,0,0,9,September,Spring,Monday,14:00 - 15:59,Midday / afternoon,False,False,False,False
1363155,Non-casualty (towaway),Non-casualty (towaway),2024,2024,September,Thursday,12:00 - 13:59,WINDSOR,RD,0,Right on the spot,MULGRAVE,RD,MCGRATHS HILL,184.0,No,Not a school zone,T-junction,-33.616337,150.834318,Hawkesbury,Country urban,Syd-Newc-Woll Gtr conurbation,Straight,,,,Unknown / not stated,Sealed,Dry,Fine,Daylight,On,No traffic controls,80 km/h,State,21,Right through,202,Opp - Right-thru,,Other angle,Car (sedan/hatch),Car (sedan/hatch),2,0,0,0,0,9,September,Spring,Thursday,12:00 - 13:59,Midday / afternoon,False,False,False,False
1363160,Non-casualty (towaway),Non-casualty (towaway),2024,2024,August,Thursday,10:00 - 11:59,GLEBE,RD,0,Right on the spot,NUMBER 122,HN,THE JUNCTION,188.0,No,Not a school zone,2-way undivided,-32.938618,151.756289,Newcastle,Newcastle met. area,Syd-Newc-Woll Gtr conurbation,Straight,,,,Unknown / not stated,Sealed,Dry,Fine,Daylight,Nil,No traffic controls,60 km/h,Regional,30,Rear end,301,Same - Rear end,,Rear end,Car (sedan/hatch),4 wheel drive / SUV,3,0,0,0,0,8,August,Winter,Thursday,10:00 - 11:59,Midday / afternoon,False,False,False,False
1363162,Non-casualty (towaway),Non-casualty (towaway),2024,2024,September,Saturday,20:00 - 21:59,VINEGAR HILL,RD,0,Right on the spot,NUMBER 19,HN,KELLYVILLE RIDGE,,No,Not a school zone,2-way undivided,-33.699788,150.923884,Blacktown,Sydney metro. area,Syd-Newc-Woll Gtr conurbation,Straight,Painted double centre lines,,,Unknown / not stated,Sealed,Dry,Fine,Darkness,Nil,No traffic controls,50 km/h,Local,20,Head on,201,Opp - Head on,,Head-on,Car (sedan/hatch),Car (sedan/hatch),2,0,0,0,0,9,September,Spring,Saturday,20:00 - 21:59,Evening / night,False,False,False,False
1363163,Non-casualty (towaway),Non-casualty (towaway),2024,2024,September,Thursday,16:00 - 17:59,MAUD,ST,0,Right on the spot,VICKERS,ST,MAYFIELD WEST,605.0,No,Not a school zone,T-junction,-32.892511,151.7236,Newcastle,Newcastle met. area,Syd-Newc-Woll Gtr conurbation,Straight,,,,Unknown / not stated,Sealed,Dry,Fine,Dusk,Nil,Give way sign,60 km/h,State,13,Right near,104,Adj - Right-thru from right,,Right angle,4 wheel drive / SUV,Car (sedan/hatch),2,0,0,0,0,9,September,Spring,Thursday,16:00 - 17:59,PM peak / evening commute,True,False,False,False
1363164,Non-casualty (towaway),Non-casualty (towaway),2024,2024,September,Saturday,10:00 - 11:59,BROKE,RD,0,Right on the spot,NUMBER 1616,HN,POKOLBIN,7767.0,No,Not a school zone,2-way undivided,-32.759643,151.254661,Cessnock,Country urban,Rest of NSW - Urban,Straight,Driveway/entrance,,,Unknown / not stated,Sealed,Dry,Fine,Daylight,Nil,No traffic controls,80 km/h,Regional,32,Right rear,303,Same - Rear right,,Rear end,4 wheel drive / SUV,Car (sedan/hatch),2,0,0,0,0,9,September,Spring,Saturday,10:00 - 11:59,Midday / afternoon,False,False,False,False
1363167,Non-casualty (towaway),Non-casualty (towaway),2024,2024,September,Thursday,00:01 - 01:59,FREDERICK,ST,166,East,WATKIN,ST,ROCKDALE,169.0,No,Not a school zone,2-way undivided,-33.952471,151.135166,Bayside,Sydney metro. area,Syd-Newc-Woll Gtr conurbation,Straight,,,,Unknown / not stated,Sealed,Wet,Overcast,Darkness,Nil,No traffic controls,60 km/h,State,71,Off rd left => obj,703,Left off cway into object,,Other angle,Car (sedan/hatch),Car (sedan/hatch),3,0,0,0,0,9,September,Spring,Thursday,00:01 - 01:59,Late night / early morning,False,False,False,False
1363171,Non-casualty (towaway),Non-casualty (towaway),2024,2024,September,Thursday,08:00 - 09:59,HOLDSWORTH,ST,0,Right on the spot,NUMBER 1,HN,MERRYLANDS,,No,Not a school zone,2-way undivided,-33.834822,150.978382,Cumberland,Sydney metro. area,Syd-Newc-Woll Gtr conurbation,Straight,Driveway/entrance,,,Unknown / not stated,Sealed,Dry,Fine,Daylight,Nil,No traffic controls,50 km/h,Local,47,Emerging from drive,406,Manov - Emerging from driveway,,Right angle,4 wheel drive / SUV,Car (sedan/hatch),2,0,0,0,0,9,September,Spring,Thursday,08:00 - 09:59,AM peak / school commute,True,False,False,False
1363184,Non-casualty (towaway),Non-casualty (towaway),2024,2024,September,Saturday,20:00 - 21:59,BILAMBIL,RD,0,Right on the spot,ROSEMOUNT,CT,TERRANORA,,No,Not a school zone,T-junction,-28.242816,153.490835,Tweed,Country urban,Rest of NSW - Urban,Curved,Steep grade,,,Unknown / not stated,Sealed,Dry,Fine,Darkness,Nil,No traffic controls,60 km/h,Local,81,Off left/rt bnd=>obj,803,Off right bend into obj,Left,Vehicle - Object,Car (sedan/hatch),,1,0,0,0,0,9,September,Spring,Saturday,20:00 - 21:59,Evening / night,False,False,False,False
1363188,Non-casualty (towaway),Non-casualty (towaway),2024,2024,September,Thursday,16:00 - 17:59,SOUTH WESTERN,EXP,730,East,FAIRFORD ROAD,OP,RIVERWOOD,6005.0,No,Not a school zone,Dual freeway,-33.941429,151.043401,Canterbury-Bankstown,Sydney metro. area,Syd-Newc-Woll Gtr conurbation,Straight,,,,Unknown / not stated,Sealed,Wet,Raining,Daylight,Nil,No traffic controls,100 km/h,State,30,Rear end,301,Same - Rear end,,Rear end,Car (sedan/hatch),Light truck utility(from 2018),3,0,0,0,0,9,September,Spring,Thursday,16:00 - 17:59,PM peak / evening commute,True,False,False,False
1363189,Non-casualty (towaway),Non-casualty (towaway),2024,2024,September,Thursday,16:00 - 17:59,OSBORNE,ST,0,Right on the spot,PLUNKETT,ST,NOWRA,,Yes,No,Roundabout,-34.877942,150.597509,Shoalhaven,Country urban,Rest of NSW - Urban,Straight,,,,Unknown / not stated,Sealed,Dry,Fine,Daylight,Nil,Give way sign,50 km/h,Local,10,Cross traffic,101,Adj - Cross traffic,,Right angle,4 wheel drive / SUV,Car (sedan/hatch),3,0,0,0,0,9,September,Spring,Thursday,16:00 - 17:59,PM peak / evening commute,True,False,False,False
1363190,Non-casualty (towaway),Non-casualty (towaway),2024,2024,September,Wednesday,20:00 - 21:59,STURT,HWY,0,Right on the spot,KOORINGAL,RD,EAST WAGGA WAGGA,14.0,No,Not a school zone,Roundabout,-35.122126,147.391842,Wagga Wagga,Country urban,Rest of NSW - Urban,Straight,,,,Unknown / not stated,Sealed,Wet,Raining,Darkness,Nil,Give way sign,60 km/h,State,11,Right far,102,Adj - Right-thru from left,,Right angle,Light truck utility(from 2018),Car (sedan/hatch),2,0,0,0,0,9,September,Spring,Wednesday,20:00 - 21:59,Evening / night,False,False,False,False
1363191,Non-casualty (towaway),Non-casualty (towaway),2024,2024,September,Thursday,02:00 - 03:59,CHAIN O PONDS,RD,0,Right on the spot,KINGS HILL,RD,MULGOA,,No,Not a school zone,T-junction,-33.827305,150.665106,Penrith,Sydney metro. area,Syd-Newc-Woll Gtr conurbation,Curved,,,,Unknown / not stated,Sealed,Dry,Fine,Darkness,Nil,Give way sign,60 km/h,Local,13,Right near,104,Adj - Right-thru from right,,Right angle,Car (sedan/hatch),Light truck utility(from 2018),2,0,0,0,0,9,September,Spring,Thursday,02:00 - 03:59,Late night / early morning,False,False,False,False
1363192,Non-casualty (towaway),Non-casualty (towaway),2024,2024,September,Sunday,10:00 - 11:59,DARLING,ST,0,Right on the spot,ROWNTREE,ST,BALMAIN,7318.0,No,Not a school zone,X-intersection,-33.856496,151.178015,Inner West,Sydney metro. area,Syd-Newc-Woll Gtr conurbation,Straight,,,,Unknown / not stated,Sealed,Dry,Fine,Daylight,On,No traffic controls,40 km/h,Regional,30,Rear end,301,Same - Rear end,,Rear end,Station wagon,4 wheel drive / SUV,2,0,0,0,0,9,September,Spring,Sunday,10:00 - 11:59,Midday / afternoon,False,False,False,False
1363194,Non-casualty (towaway),Non-casualty (towaway),2024,2024,September,Monday,18:00 - 19:59,HAVANNAH,ST,0,Right on the spot,LAMBERT,ST,BATHURST,,No,Not a school zone,X-intersection,-33.427629,149.578649,Bathurst Regional,Country urban,Rest of NSW - Urban,Straight,,,,Unknown / not stated,Sealed,Dry,Fine,Unknown,Nil,Give way sign,60 km/h,Local,10,Cross traffic,101,Adj - Cross traffic,,Right angle,Car (sedan/hatch),4 wheel drive / SUV,2,0,0,0,0,9,September,Spring,Monday,18:00 - 19:59,PM peak / evening commute,True,False,False,False
1363197,Non-casualty (towaway),Non-casualty (towaway),2024,2024,September,Sunday,14:00 - 15:59,STONEY CREEK,RD,0,Right on the spot,SALISBURY,AVE,BEXLEY,665.0,No,Not a school zone,T-junction,-33.949764,151.122343,Bayside,Sydney metro. area,Syd-Newc-Woll Gtr conurbation,Straight,,,,Unknown / not stated,Sealed,Dry,Fine,Daylight,Nil,No traffic controls,60 km/h,State,39,Other same direction,300,Same - other,,Other angle,4 wheel drive / SUV,Car (sedan/hatch),2,0,0,0,0,9,September,Spring,Sunday,14:00 - 15:59,Midday / afternoon,False,False,False,False
1363198,Non-casualty (towaway),Non-casualty (towaway),2024,2024,September,Thursday,00:01 - 01:59,APPIN,RD,200,South,FITZGIBBON,LANE,ROSEMEADOW,177.0,No,Not a school zone,2-way undivided,-34.103776,150.801345,Campbelltown,Sydney metro. area,Syd-Newc-Woll Gtr conurbation,Straight,,,,Unknown / not stated,Sealed,Dry,Overcast,Darkness,Nil,No traffic controls,70 km/h,State,74,On road-out of cont.,705,Out of control on cway,,Rollover,Light truck utility(from 2018),,1,0,0,0,0,9,September,Spring,Thursday,00:01 - 01:59,Late night / early morning,False,False,False,False
1363199,Non-casualty (towaway),Non-casualty (towaway),2024,2024,September,Friday,06:00 - 07:59,SOUTH WESTERN,EXP,0,Right on the spot,HEATCOTE ROAD,TO,MOOREBANK,6005.0,No,Not a school zone,Dual freeway,-33.94146,150.938595,Liverpool,Sydney metro. area,Syd-Newc-Woll Gtr conurbation,Straight,,,,Unknown / not stated,Sealed,Dry,Fine,Darkness,Nil,No traffic controls,100 km/h,State,30,Rear end,301,Same - Rear end,,Rear end,Car (sedan/hatch),Car (sedan/hatch),2,0,0,0,0,9,September,Spring,Friday,06:00 - 07:59,AM peak / school commute,True,False,False,False
1363209,Non-casualty (towaway),Non-casualty (towaway),2024,2024,June,Tuesday,08:00 - 09:59,HARROW,RD,0,Right on the spot,NUMBER 130A,HN,AUBURN,,No,Not a school zone,2-way undivided,-33.862223,151.028992,Cumberland,Sydney metro. area,Syd-Newc-Woll Gtr conurbation,Straight,Driveway/entrance,,,Nil,Sealed,Dry,Fine,Daylight,Nil,No traffic controls,50 km/h,Local,47,Emerging from drive,406,Manov - Emerging from driveway,,Right angle,4 wheel drive / SUV,Car (sedan/hatch),3,0,0,0,0,6,June,Winter,Tuesday,08:00 - 09:59,AM peak / school commute,True,False,False,False
1363227,Non-casualty (towaway),Non-casualty (towaway),2024,2024,July,Monday,08:00 - 09:59,CANTERBURY,RD,0,Right on the spot,WONGA,ST,CANTERBURY,167.0,No,Not a school zone,T-junction,-33.914447,151.113636,Canterbury-Bankstown,Sydney metro. area,Syd-Newc-Woll Gtr conurbation,Straight,,,,Off,Sealed,Dry,Fine,Daylight,On,No traffic controls,60 km/h,State,35,Lane change left,307,Same - Lane change left,,Other angle,Car (sedan/hatch),Car (sedan/hatch),2,0,0,0,0,7,July,Winter,Monday,08:00 - 09:59,AM peak / school commute,True,False,False,False
1363243,Non-casualty (towaway),Non-casualty (towaway),2024,2024,July,Tuesday,22:00 - Midnight,HOTHAM,ST,80,North,SUMMIT,ST,CASINO,,No,Not a school zone,2-way undivided,-28.851938,153.038637,Richmond Valley,Country urban,Rest of NSW - Urban,Straight,Driveway/entrance,,,Nil,Sealed,Dry,Fine,Darkness,Nil,No traffic controls,50 km/h,Local,46,Reversing into obj,405,Manov - Reverse into fixed obj,,Vehicle - Object,4 wheel drive / SUV,,1,0,0,0,0,7,July,Winter,Tuesday,22:00 - Midnight,Evening / night,False,False,False,False
1363244,Non-casualty (towaway),Non-casualty (towaway),2024,2024,July,Monday,16:00 - 17:59,LINDFIELD,AVE,0,Right on the spot,NUMBER 23-41,HN,LINDFIELD,,No,Not a school zone,2-way undivided,-33.774477,151.168901,Ku-ring-gai,Sydney metro. area,Syd-Newc-Woll Gtr conurbation,Straight,Steep grade,,,Nil,Sealed,Dry,Fine,Daylight,Nil,No traffic controls,50 km/h,Local,44,Parking vehicles,403,Manov - Parking-parked vehicle,,Other angle,4 wheel drive / SUV,Motorcycle,2,0,0,0,0,7,July,Winter,Monday,16:00 - 17:59,PM peak / evening commute,True,False,False,False
1363250,Non-casualty (towaway),Non-casualty (towaway),2024,2024,July,Wednesday,16:00 - 17:59,BOORGA,RD,0,Right on the spot,DRUITT,RD,LAKE WYANGAN,,No,Not a school zone,X-intersection,-34.25139,146.031644,Griffith,Country urban,Rest of NSW - Urban,Straight,,,,Nil,Sealed,Dry,Fine,Dusk,Nil,Give way sign,80 km/h,Local,10,Cross traffic,101,Adj - Cross traffic,,Right angle,Unknown motor vehicle,Car (sedan/hatch),2,0,0,0,0,7,July,Winter,Wednesday,16:00 - 17:59,PM peak / evening commute,True,False,False,False
1363283,Non-casualty (towaway),Non-casualty (towaway),2024,2024,August,Sunday,06:00 - 07:59,PACIFIC,HWY,0,Right on the spot,GULGAN ROAD,OP,BRUNSWICK HEADS,10.0,No,Not a school zone,Divided road,-28.558806,153.54208,Byron,Country non-urban,Rest of NSW - Rural,Curved,,,,Nil,Sealed,Dry,Fine,Daylight,Nil,No traffic controls,110 km/h,State,81,Off left/rt bnd=>obj,803,Off right bend into obj,Left,Vehicle - Object,Car (sedan/hatch),,1,0,0,0,0,8,August,Winter,Sunday,06:00 - 07:59,AM peak / school commute,True,False,False,False
1363326,Non-casualty (towaway),Non-casualty (towaway),2024,2024,August,Tuesday,12:00 - 13:59,HANNANS,RD,20,West,PENSHURST,RD,NARWEE,,No,Not a school zone,2-way undivided,-33.947333,151.070514,Canterbury-Bankstown,Sydney metro. area,Syd-Newc-Woll Gtr conurbation,Straight,,,,Off,Sealed,Dry,Fine,Daylight,Nil,No traffic controls,50 km/h,Local,63,Vehicle door,604,On path - Vehicle door,,Other angle,Utility,Light truck utility(from 2018),2,0,0,0,0,8,August,Winter,Tuesday,12:00 - 13:59,Midday / afternoon,False,False,False,False
1363347,Non-casualty (towaway),Non-casualty (towaway),2024,2024,August,Friday,16:00 - 17:59,PACIFIC,HWY,1000,South,ROUND MOUNTAIN ROAD,OP,ROUND MOUNTAIN,10.0,No,Not a school zone,Divided road,-28.357382,153.522505,Tweed,Country non-urban,Rest of NSW - Rural,Curved,,,,Nil,Sealed,Dry,Fine,Daylight,Nil,No traffic controls,110 km/h,State,34,Lane change right,306,Same - Lane change right,,Other angle,Car (sedan/hatch),Utility,2,0,0,0,0,8,August,Winter,Friday,16:00 - 17:59,PM peak / evening commute,True,False,False,False
1363370,Non-casualty (towaway),Non-casualty (towaway),2024,2024,September,Saturday,06:00 - 07:59,DUNMORE,ST,10,West,GOODALL,ST,PENDLE HILL,7257.0,No,Not a school zone,T-junction,-33.804564,150.957772,Cumberland,Sydney metro. area,Syd-Newc-Woll Gtr conurbation,Straight,,,,Nil,Sealed,Dry,Fine,Daylight,Unknown / not stated,No traffic controls,50 km/h,Regional,70,Off road to left,701,Off carriageway to left,,Rollover,Car (sedan/hatch),,1,0,0,0,0,9,September,Spring,Saturday,06:00 - 07:59,AM peak / school commute,True,False,False,False
1363388,Non-casualty (towaway),Non-casualty (towaway),2024,2024,September,Wednesday,00:01 - 01:59,MARGARET,ST,0,Right on the spot,NUMBER 19,HN,TWEED HEADS,,No,Not a school zone,2-way undivided,-28.185389,153.531611,Tweed,Country urban,Rest of NSW - Urban,Straight,Driveway/entrance,,,On,Sealed,Dry,Fine,Darkness,Nil,No traffic controls,50 km/h,Local,93,Pkd veh runaway=>obj,906,Parked vehicle ran away,,Other angle,Station wagon,Light truck utility(from 2018),2,0,0,0,0,9,September,Spring,Wednesday,00:01 - 01:59,Late night / early morning,False,False,False,False
1363406,Non-casualty (towaway),Non-casualty (towaway),2024,2024,September,Sunday,14:00 - 15:59,MAROM CREEK,RD,0,Right on the spot,WARDELL,RD,MEERSCHAUM VALE,,No,Not a school zone,T-junction,-28.911772,153.436776,Ballina,Country urban,Rest of NSW - Urban,Straight,,,,Nil,Sealed,Dry,Fine,Daylight,Nil,Give way sign,80 km/h,Local,73,Off rd rght => obj,704,Right off cway into obj,,Vehicle - Object,Light truck utility(from 2018),,1,0,0,0,0,9,September,Spring,Sunday,14:00 - 15:59,Midday / afternoon,False,False,False,False
1363415,Non-casualty (towaway),Non-casualty (towaway),2024,2024,September,Saturday,20:00 - 21:59,HORNSEY,RD,30,North,TAVISTOCK,RD,HOMEBUSH WEST,,Yes,No,2-way undivided,-33.867178,151.067389,Strathfield,Sydney metro. area,Syd-Newc-Woll Gtr conurbation,Straight,,,,On,Sealed,Dry,Fine,Darkness,Nil,No traffic controls,50 km/h,Local,71,Off rd left => obj,703,Left off cway into object,,Other angle,Car (sedan/hatch),Car (sedan/hatch),2,0,0,0,0,9,September,Spring,Saturday,20:00 - 21:59,Evening / night,False,False,False,False
1363424,Non-casualty (towaway),Non-casualty (towaway),2024,2024,September,Tuesday,06:00 - 07:59,GEORGE BASS,DR,400,South,MCKENZIES BEACH,ENT,MALUA BAY,7630.0,No,Not a school zone,2-way undivided,-35.801782,150.221942,Eurobodalla,Country urban,Rest of NSW - Urban,Curved,Embankment/cutting,,,Nil,Sealed,Dry,Fine,Daylight,Nil,No traffic controls,60 km/h,Regional,83,Off rt/rt bnd=>obj,803,Off right bend into obj,Right,Vehicle - Object,Car (sedan/hatch),,1,0,0,0,0,9,September,Spring,Tuesday,06:00 - 07:59,AM peak / school commute,True,False,False,False
1363444,Non-casualty (towaway),Non-casualty (towaway),2024,2024,September,Tuesday,02:00 - 03:59,NARARA VALLEY,DR,0,Right on the spot,NUMBER 80A,HN,NARARA,7760.0,No,Not a school zone,2-way undivided,-33.390957,151.346523,Central Coast,Country urban,Syd-Newc-Woll Gtr conurbation,Curved,,,,On,Sealed,Dry,Fine,Darkness,Nil,No traffic controls,50 km/h,Regional,83,Off rt/rt bnd=>obj,803,Off right bend into obj,Right,Vehicle - Object,4 wheel drive / SUV,,1,0,0,0,0,9,September,Spring,Tuesday,02:00 - 03:59,Late night / early morning,False,False,False,False