crash_id,degree_of_crash,degree_of_crash_-_detailed,reporting_year,year_of_crash,month_of_crash,day_of_week_of_crash,two-hour_intervals,street_of_crash,street_type,distance,direction,identifying_feature,identifying_feature_type,town,route_no.,school_zone_location,school_zone_active,type_of_location,latitude,longitude,lga,urbanisation,conurbation_1,alignment,primary_permanent_feature,primary_temporary_feature,primary_hazardous_feature,street_lighting,road_surface,surface_condition,weather,natural_lighting,signals_operation,other_traffic_control,speed_limit,road_classification_(admin),rum_-_code,rum_-_description,dca_-_code,dca_-_description,dca_supplement,first_impact_type,key_tu_type,other_tu_type,no._of_traffic_units_involved,no._killed,no._seriously_injured,no._moderately_injured,no._minor-other_injured,month_num,month_label,season,day_label,time_label,time_band,is_peak_commute,is_fatal,is_injury,is_casualty
1363449,Non-casualty (towaway),Non-casualty (towaway),2024,2024,September,Wednesday,08:00 - 09:59,ANZAC,PDE,100,South,BORONIA,ST,KENSINGTON,171.0,No,Not a school zone,Divided road,-33.904548,151.223938,Randwick,Sydney metro. area,Syd-Newc-Woll Gtr conurbation,Curved,,,,Off,Sealed,Dry,Fine,Daylight,Nil,No traffic controls,50 km/h,State,33,Lane sideswipe,305,Same - Lane side swipe,,Other angle,4 wheel drive / SUV,Tram,2,0,0,0,0,9,September,Spring,Wednesday,08:00 - 09:59,AM peak / school commute,True,False,False,False
1363453,Non-casualty (towaway),Non-casualty (towaway),2024,2024,September,Friday,18:00 - 19:59,WOOLOOWARE,RD,0,Right on the spot,NUMBER 244,HN,BURRANEER,,No,Not a school zone,2-way undivided,-34.062714,151.138093,Sutherland,Sydney metro. area,Syd-Newc-Woll Gtr conurbation,Straight,Steep grade,,,On,Sealed,Dry,Fine,Darkness,Nil,No traffic controls,50 km/h,Local,71,Off rd left => obj,703,Left off cway into object,,Other angle,4 wheel drive / SUV,Car (sedan/hatch),2,0,0,0,0,9,September,Spring,Friday,18:00 - 19:59,PM peak / evening commute,True,False,False,False
1363455,Non-casualty (towaway),Non-casualty (towaway),2024,2024,July,Friday,06:00 - 07:59,HUME,HWY,3500,South,HUME HIGHWAY,OP,BARDIA,2.0,No,Not a school zone,Dual freeway,-33.983578,150.860158,Campbelltown,Sydney metro. area,Syd-Newc-Woll Gtr conurbation,Straight,B'down lane/road shldr,,,Nil,Sealed,Dry,Fine,Dawn,Nil,No traffic controls,110 km/h,State,35,Lane change left,307,Same - Lane change left,,Other angle,Car (sedan/hatch),Light truck utility(from 2018),3,0,0,0,0,7,July,Winter,Friday,06:00 - 07:59,AM peak / school commute,True,False,False,False
1363465,Non-casualty (towaway),Non-casualty (towaway),2024,2024,September,Monday,16:00 - 17:59,HUME,HWY,50,North,HOXTON PARK,RD,LIVERPOOL,2.0,No,Not a school zone,Divided road,-33.928252,150.917847,Liverpool,Sydney metro. area,Syd-Newc-Woll Gtr conurbation,Straight,,,,Off,Sealed,Dry,Fine,Daylight,Nil,No traffic controls,60 km/h,State,39,Other same direction,300,Same - other,,Other angle,Semi-trailer,Car (sedan/hatch),2,0,0,0,0,9,September,Spring,Monday,16:00 - 17:59,PM peak / evening commute,True,False,False,False
1363494,Non-casualty (towaway),Non-casualty (towaway),2024,2024,September,Thursday,22:00 - Midnight,YORK,ST,55,North,KING,ST,SYDNEY,,No,Not a school zone,2-way undivided,-33.868191,151.205972,Sydney,Sydney metro. area,Syd-Newc-Woll Gtr conurbation,Straight,Driveway/entrance,,,On,Sealed,Dry,Fine,Darkness,Nil,No traffic controls,40 km/h,Local,47,Emerging from drive,406,Manov - Emerging from driveway,,Right angle,4 wheel drive / SUV,Car (sedan/hatch),2,0,0,0,0,9,September,Spring,Thursday,22:00 - Midnight,Evening / night,False,False,False,False
1363508,Non-casualty (towaway),Non-casualty (towaway),2024,2024,September,Saturday,16:00 - 17:59,CANTERBURY,RD,0,Right on the spot,ROSE,ST,PUNCHBOWL,167.0,No,Not a school zone,X-intersection,-33.932465,151.049502,Canterbury-Bankstown,Sydney metro. area,Syd-Newc-Woll Gtr conurbation,Straight,,,,Off,Sealed,Dry,Fine,Daylight,On,No traffic controls,60 km/h,State,13,Right near,104,Adj - Right-thru from right,,Right angle,4 wheel drive / SUV,4 wheel drive / SUV,2,0,0,0,0,9,September,Spring,Saturday,16:00 - 17:59,PM peak / evening commute,True,False,False,False
1363510,Non-casualty (towaway),Non-casualty (towaway),2024,2024,September,Tuesday,12:00 - 13:59,PACIFIC,HWY,200,South,KENNEDY DRIVE,OP,TWEED HEADS,10.0,No,Not a school zone,Divided road,-28.187809,153.525643,Tweed,Country non-urban,Rest of NSW - Rural,Straight,Other bridge,,,Off,Sealed,Dry,Fine,Daylight,Nil,No traffic controls,100 km/h,State,30,Rear end,301,Same - Rear end,,Rear end,4 wheel drive / SUV,Car (sedan/hatch),3,0,0,0,0,9,September,Spring,Tuesday,12:00 - 13:59,Midday / afternoon,False,False,False,False
1363514,Non-casualty (towaway),Non-casualty (towaway),2024,2024,September,Wednesday,06:00 - 07:59,HAGUE,ST,60,East,URANA,RD,LAVINGTON,,Yes,No,2-way undivided,-36.038581,146.92731,Albury,Country urban,Rest of NSW - Urban,Straight,,,,Nil,Sealed,Wet,Raining,Dawn,Nil,No traffic controls,60 km/h,Local,73,Off rd rght => obj,704,Right off cway into obj,,Vehicle - Object,Car (sedan/hatch),,1,0,0,0,0,9,September,Spring,Wednesday,06:00 - 07:59,AM peak / school commute,True,False,False,False
1363526,Non-casualty (towaway),Non-casualty (towaway),2024,2024,September,Saturday,08:00 - 09:59,THIRROUL,RD,10,West,MYEE,ST,KANAHOOKA,,No,Not a school zone,T-junction,-34.494032,150.807978,Wollongong,Wollongong met. area,Syd-Newc-Woll Gtr conurbation,Curved,Crest,,,Off,Sealed,Dry,Fine,Daylight,Nil,No traffic controls,50 km/h,Local,81,Off left/rt bnd=>obj,803,Off right bend into obj,Left,Other angle,4 wheel drive / SUV,Car (sedan/hatch),2,0,0,0,0,9,September,Spring,Saturday,08:00 - 09:59,AM peak / school commute,True,False,False,False
1363534,Non-casualty (towaway),Non-casualty (towaway),2024,2024,August,Friday,18:00 - 19:59,DAVIS,RD,0,Right on the spot,WIDEMERE,RD,WETHERILL PARK,,No,Not a school zone,T-junction,-33.836823,150.912831,Fairfield,Sydney metro. area,Syd-Newc-Woll Gtr conurbation,Straight,,,,On,Sealed,Dry,Fine,Darkness,On,No traffic controls,60 km/h,Local,37,Left turn sideswipe,309,Same - Left turn side swipe,,Other angle,B-double (road train prior 98),4 wheel drive / SUV,2,0,0,0,0,8,August,Winter,Friday,18:00 - 19:59,PM peak / evening commute,True,False,False,False
1363538,Non-casualty (towaway),Non-casualty (towaway),2024,2024,September,Sunday,22:00 - Midnight,PICNIC,GR,100,East,BENSLEY,RD,INGLEBURN,,No,Not a school zone,2-way undivided,-34.00555,150.885622,Campbelltown,Sydney metro. area,Syd-Newc-Woll Gtr conurbation,Straight,,,,Nil,Unsealed,Dry,Fine,Darkness,Nil,No traffic controls,50 km/h,Local,71,Off rd left => obj,703,Left off cway into object,,Other angle,4 wheel drive / SUV,4 wheel drive / SUV,3,0,0,0,0,9,September,Spring,Sunday,22:00 - Midnight,Evening / night,False,False,False,False
1363549,Non-casualty (towaway),Non-casualty (towaway),2024,2024,September,Thursday,00:01 - 01:59,KILLARNEY,AVE,0,Right on the spot,NUMBER 30,HN,BLACKTOWN,,No,Not a school zone,2-way undivided,-33.769832,150.887256,Blacktown,Sydney metro. area,Syd-Newc-Woll Gtr conurbation,Straight,,,,On,Sealed,Dry,Fine,Darkness,Nil,No traffic controls,50 km/h,Local,73,Off rd rght => obj,704,Right off cway into obj,,Other angle,Station wagon,4 wheel drive / SUV,2,0,0,0,0,9,September,Spring,Thursday,00:01 - 01:59,Late night / early morning,False,False,False,False
1363551,Non-casualty (towaway),Non-casualty (towaway),2024,2024,September,Monday,20:00 - 21:59,ANSON,ST,0,Right on the spot,WARRENDINE,ST,ORANGE,,No,Not a school zone,X-intersection,-33.290391,149.09741,Orange,Country urban,Rest of NSW - Urban,Straight,,,,Nil,Sealed,Dry,Fine,Darkness,Nil,Stop sign,50 km/h,Local,10,Cross traffic,101,Adj - Cross traffic,,Right angle,4 wheel drive / SUV,Car (sedan/hatch),2,0,0,0,0,9,September,Spring,Monday,20:00 - 21:59,Evening / night,False,False,False,False
1363561,Non-casualty (towaway),Non-casualty (towaway),2024,2024,September,Tuesday,08:00 - 09:59,JACKSON,AVE,30,South,KINGSWAY,MS,MIRANDA,,No,Not a school zone,2-way undivided,-34.034716,151.104174,Sutherland,Sydney metro. area,Syd-Newc-Woll Gtr conurbation,Straight,Painted double centre lines,,,Off,Sealed,Dry,Fine,Daylight,Nil,No traffic controls,50 km/h,Local,40,U turn,304,Same - U-turn,,Other angle,Car (sedan/hatch),Car (sedan/hatch),2,0,0,0,0,9,September,Spring,Tuesday,08:00 - 09:59,AM peak / school commute,True,False,False,False
1363571,Non-casualty (towaway),Non-casualty (towaway),2024,2024,August,Wednesday,08:00 - 09:59,RIVER,ST,0,Right on the spot,QUAYS,DR,WEST BALLINA,695.0,No,Not a school zone,Roundabout,-28.864204,153.532751,Ballina,Country urban,Rest of NSW - Urban,Straight,Driveway/entrance,,,Off,Sealed,Wet,Overcast,Daylight,Nil,Give way sign,60 km/h,Regional,47,Emerging from drive,406,Manov - Emerging from driveway,,Right angle,Light truck utility(from 2018),4 wheel drive / SUV,2,0,0,0,0,8,August,Winter,Wednesday,08:00 - 09:59,AM peak / school commute,True,False,False,False
1363576,Non-casualty (towaway),Non-casualty (towaway),2024,2024,September,Sunday,20:00 - 21:59,BULLI,RD,0,Right on the spot,NUMBER 141,HN,OLD TOONGABBIE,,No,Not a school zone,2-way undivided,-33.791648,150.966883,Parramatta,Sydney metro. area,Syd-Newc-Woll Gtr conurbation,Straight,,,,Nil,Sealed,Dry,Fine,Darkness,Nil,No traffic controls,50 km/h,Local,71,Off rd left => obj,703,Left off cway into object,,Other angle,Car (sedan/hatch),4 wheel drive / SUV,2,0,0,0,0,9,September,Spring,Sunday,20:00 - 21:59,Evening / night,False,False,False,False
1363580,Non-casualty (towaway),Non-casualty (towaway),2024,2024,September,Sunday,18:00 - 19:59,BULOLO,DR,40,East,KARANGI,RD,WHALAN,,Yes,No,2-way undivided,-33.753967,150.811054,Blacktown,Sydney metro. area,Syd-Newc-Woll Gtr conurbation,Curved,,,,On,Sealed,Dry,Fine,Darkness,Nil,No traffic controls,50 km/h,Local,63,Vehicle door,604,On path - Vehicle door,,Other angle,Unknown motor vehicle,4 wheel drive / SUV,2,0,0,0,0,9,September,Spring,Sunday,18:00 - 19:59,PM peak / evening commute,True,False,False,False
1363595,Non-casualty (towaway),Non-casualty (towaway),2024,2024,September,Sunday,12:00 - 13:59,KINGSWAY,MS,0,Right on the spot,WANDELLA,RD,MIRANDA,227.0,Yes,No,X-intersection,-34.033911,151.098693,Sutherland,Sydney metro. area,Syd-Newc-Woll Gtr conurbation,Straight,,,,Nil,Sealed,Dry,Fine,Daylight,On,No traffic controls,60 km/h,State,30,Rear end,301,Same - Rear end,,Rear end,Car (sedan/hatch),4 wheel drive / SUV,2,0,0,0,0,9,September,Spring,Sunday,12:00 - 13:59,Midday / afternoon,False,False,False,False
1363608,Non-casualty (towaway),Non-casualty (towaway),2024,2024,September,Friday,02:00 - 03:59,MERRYLANDS,RD,0,Right on the spot,FOWLER,RD,MERRYLANDS,7250.0,No,Not a school zone,X-intersection,-33.833935,150.977123,Cumberland,Sydney metro. area,Syd-Newc-Woll Gtr conurbation,Straight,,,,On,Sealed,Dry,Fine,Darkness,On,No traffic controls,60 km/h,Regional,10,Cross traffic,101,Adj - Cross traffic,,Right angle,4 wheel drive / SUV,Car (sedan/hatch),2,0,0,0,0,9,September,Spring,Friday,02:00 - 03:59,Late night / early morning,False,False,False,False
1363611,Non-casualty (towaway),Non-casualty (towaway),2024,2024,September,Saturday,20:00 - 21:59,ADA,ST,0,Right on the spot,PROSPECT,RD,CANLEY VALE,,No,Not a school zone,X-intersection,-33.885637,150.9532,Fairfield,Sydney metro. area,Syd-Newc-Woll Gtr conurbation,Straight,,,,On,Sealed,Dry,Fine,Darkness,Nil,Give way sign,50 km/h,Local,10,Cross traffic,101,Adj - Cross traffic,,Right angle,Car (sedan/hatch),Car (sedan/hatch),2,0,0,0,0,9,September,Spring,Saturday,20:00 - 21:59,Evening / night,False,False,False,False
1363636,Non-casualty (towaway),Non-casualty (towaway),2024,2024,August,Wednesday,06:00 - 07:59,SIANDRA,DR,0,Right on the spot,NUMBER 56,HN,KAREELA,,No,Not a school zone,2-way undivided,-34.014145,151.078477,Sutherland,Sydney metro. area,Syd-Newc-Woll Gtr conurbation,Straight,Steep grade,,,Nil,Sealed,Dry,Fine,Daylight,Nil,No traffic controls,50 km/h,Local,93,Pkd veh runaway=>obj,906,Parked vehicle ran away,,Other angle,Large rigid,Car (sedan/hatch),4,0,0,0,0,8,August,Winter,Wednesday,06:00 - 07:59,AM peak / school commute,True,False,False,False
1363638,Non-casualty (towaway),Non-casualty (towaway),2024,2024,August,Wednesday,22:00 - Midnight,ROSEDALE,RD,0,Right on the spot,NUMBER 20,HN,GORDON,,No,Not a school zone,2-way undivided,-33.752319,151.156548,Ku-ring-gai,Sydney metro. area,Syd-Newc-Woll Gtr conurbation,Straight,Crest,,,On,Sealed,Wet,Raining,Darkness,Nil,No traffic controls,50 km/h,Local,71,Off rd left => obj,703,Left off cway into object,,Other angle,Car (sedan/hatch),4 wheel drive / SUV,6,0,0,0,0,8,August,Winter,Wednesday,22:00 - Midnight,Evening / night,False,False,False,False
1363645,Non-casualty (towaway),Non-casualty (towaway),2024,2024,September,Friday,02:00 - 03:59,HUME,HWY,3000,North,BOWNA,RD,MULLENGANDRA,2.0,No,Not a school zone,Divided road,-35.889708,147.172967,Greater Hume,Country non-urban,Rest of NSW - Rural,Curved,,,,Nil,Sealed,Dry,Fine,Darkness,Nil,No traffic controls,110 km/h,State,30,Rear end,301,Same - Rear end,,Rear end,B-double (road train prior 98),B-double (road train prior 98),2,0,0,0,0,9,September,Spring,Friday,02:00 - 03:59,Late night / early morning,False,False,False,False
1363657,Non-casualty (towaway),Non-casualty (towaway),2024,2024,May,Saturday,10:00 - 11:59,PRINCES,HWY,500,North,MISONS,RD,JEREMADRA,1.0,No,Not a school zone,2-way undivided,-35.824869,150.12818,Eurobodalla,Country non-urban,Rest of NSW - Rural,Straight,Steep grade,,,Nil,Sealed,Dry,Fine,Daylight,Nil,No traffic controls,100 km/h,State,71,Off rd left => obj,703,Left off cway into object,,Vehicle - Object,Station wagon,,1,0,0,0,0,5,May,Autumn,Saturday,10:00 - 11:59,Midday / afternoon,False,False,False,False
1363669,Non-casualty (towaway),Non-casualty (towaway),2024,2024,May,Thursday,20:00 - 21:59,SOUTH LIVERPOOL,RD,0,Right on the spot,ST JOHNS,RD,HECKENBERG,,No,Not a school zone,Roundabout,-33.910718,150.884251,Liverpool,Sydney metro. area,Syd-Newc-Woll Gtr conurbation,Straight,,,,Off,Sealed,Dry,Fine,Darkness,Nil,Give way sign,50 km/h,Local,10,Cross traffic,101,Adj - Cross traffic,,Right angle,Car (sedan/hatch),Car (sedan/hatch),2,0,0,0,0,5,May,Autumn,Thursday,20:00 - 21:59,Evening / night,False,False,False,False
1363676,Non-casualty (towaway),Non-casualty (towaway),2024,2024,June,Friday,18:00 - 19:59,M8 TUNNEL,MS,200,West,EUSTON ROAD,TO,ST PETERS,6008.0,No,Not a school zone,Dual freeway,-33.916354,151.172539,Inner West,Sydney metro. area,Syd-Newc-Woll Gtr conurbation,Curved,Underpass/tunnel,,,Unknown / not stated,Sealed,Dry,Fine,Darkness,Nil,No traffic controls,80 km/h,State,39,Other same direction,300,Same - other,,Other angle,Light truck utility(from 2018),Station wagon,2,0,0,0,0,6,June,Winter,Friday,18:00 - 19:59,PM peak / evening commute,True,False,False,False
1363682,Non-casualty (towaway),Non-casualty (towaway),2024,2024,June,Saturday,18:00 - 19:59,COATES CREEK,RD,0,Right on the spot,YELLOWBOX,RD,MANILDRA,,No,Not a school zone,X-intersection,-33.238256,148.668835,Cabonne,Country non-urban,Rest of NSW - Rural,Curved,Steep grade,,,Nil,Unsealed,Dry,Fine,Darkness,Nil,No traffic controls,100 km/h,Local,87,Off lft/lft bnd=>obj,804,Off left bend into obj,Left,Vehicle - Object,4 wheel drive / SUV,,1,0,0,0,0,6,June,Winter,Saturday,18:00 - 19:59,PM peak / evening commute,True,False,False,False
1363709,Non-casualty (towaway),Non-casualty (towaway),2024,2024,June,Monday,20:00 - 21:59,PRENTICE,AVE,0,Right on the spot,NUMBER 77,HN,OLD EROWAL BAY,,No,Not a school zone,2-way undivided,-35.087157,150.651768,Shoalhaven,Country urban,Rest of NSW - Urban,Straight,Driveway/entrance,,,On,Sealed,Dry,Fine,Darkness,Nil,No traffic controls,50 km/h,Local,73,Off rd rght => obj,704,Right off cway into obj,,Other angle,Car (sedan/hatch),Light truck utility(from 2018),3,0,0,0,0,6,June,Winter,Monday,20:00 - 21:59,Evening / night,False,False,False,False
1363720,Non-casualty (towaway),Non-casualty (towaway),2024,2024,August,Wednesday,02:00 - 03:59,PACIFIC,HWY,0,Right on the spot,CHARLESWORTH BAY,RD,COFFS HARBOUR,10.0,No,Not a school zone,T-junction,-30.268699,153.133361,Coffs Harbour,Country urban,Rest of NSW - Urban,Straight,Ditch/drain/culvert,,,On,Sealed,Dry,Fine,Darkness,Nil,Give way sign,60 km/h,State,70,Off road to left,701,Off carriageway to left,,Rollover,Car (sedan/hatch),,1,0,0,0,0,8,August,Winter,Wednesday,02:00 - 03:59,Late night / early morning,False,False,False,False
1363724,Non-casualty (towaway),Non-casualty (towaway),2024,2024,July,Monday,06:00 - 07:59,ANNANGROVE,RD,0,Right on the spot,NUMBER 342,HN,ROUSE HILL,7141.0,No,Not a school zone,2-way undivided,-33.67162,150.913525,The Hills,Sydney metro. area,Syd-Newc-Woll Gtr conurbation,Straight,Steep grade,,,Nil,Sealed,Wet,Raining,Darkness,Nil,No traffic controls,60 km/h,Regional,71,Off rd left => obj,703,Left off cway into object,,Vehicle - Object,4 wheel drive / SUV,,1,0,0,0,0,7,July,Winter,Monday,06:00 - 07:59,AM peak / school commute,True,False,False,False
1363729,Non-casualty (towaway),Non-casualty (towaway),2024,2024,August,Sunday,00:01 - 01:59,LEEWOOD,DR,20,East,ELSHAM,AVE,ORANGE,,No,Not a school zone,2-way undivided,-33.308203,149.107033,Orange,Country urban,Rest of NSW - Urban,Straight,,Police pursuit,,Nil,Sealed,Dry,Fine,Darkness,Nil,No traffic controls,50 km/h,Local,71,Off rd left => obj,703,Left off cway into object,,Vehicle - Object,Car (sedan/hatch),,1,0,0,0,0,8,August,Winter,Sunday,00:01 - 01:59,Late night / early morning,False,False,False,False
1363738,Non-casualty (towaway),Non-casualty (towaway),2024,2024,August,Sunday,20:00 - 21:59,STACEY,ST,10,North,PETUNIA,AVE,BANKSTOWN,190.0,No,Not a school zone,T-junction,-33.923373,151.038491,Canterbury-Bankstown,Sydney metro. area,Syd-Newc-Woll Gtr conurbation,Straight,,,,Unknown / not stated,Sealed,Dry,Fine,Darkness,Nil,Give way sign,70 km/h,State,30,Rear end,301,Same - Rear end,,Rear end,Car (sedan/hatch),4 wheel drive / SUV,3,0,0,0,0,8,August,Winter,Sunday,20:00 - 21:59,Evening / night,False,False,False,False
1363744,Non-casualty (towaway),Non-casualty (towaway),2024,2024,August,Friday,18:00 - 19:59,HANNA,ST,50,East,TUPIA,ST,BOTANY,,No,Not a school zone,2-way undivided,-33.954128,151.202431,Bayside,Sydney metro. area,Syd-Newc-Woll Gtr conurbation,Straight,,,,On,Sealed,Dry,Fine,Darkness,Nil,No traffic controls,50 km/h,Local,71,Off rd left => obj,703,Left off cway into object,,Other angle,Light truck utility(from 2018),4 wheel drive / SUV,2,0,0,0,0,8,August,Winter,Friday,18:00 - 19:59,PM peak / evening commute,True,False,False,False
1363746,Non-casualty (towaway),Non-casualty (towaway),2024,2024,June,Friday,22:00 - Midnight,OBERTON,ST,0,Right on the spot,SCHOOL,ST,KINCUMBER,,No,Not a school zone,Roundabout,-33.468792,151.397745,Central Coast,Country urban,Syd-Newc-Woll Gtr conurbation,Straight,,,,On,Sealed,Dry,Fine,Darkness,Nil,Give way sign,50 km/h,Local,72,Off road to right,702,Off carriageway to right,,Rollover,Light truck utility(from 2018),,1,0,0,0,0,6,June,Winter,Friday,22:00 - Midnight,Evening / night,False,False,False,False
1363750,Non-casualty (towaway),Non-casualty (towaway),2024,2024,August,Monday,22:00 - Midnight,HUME,HWY,320,South,EAST STREET,TO,SOUTH ALBURY,2.0,No,Not a school zone,Divided road,-36.09738,146.916521,Albury,Country non-urban,Rest of NSW - Rural,Straight,,,,On,Sealed,Dry,Fine,Darkness,Nil,No traffic controls,110 km/h,State,20,Head on,201,Opp - Head on,,Head-on,Car (sedan/hatch),B-double (road train prior 98),2,0,0,0,0,8,August,Winter,Monday,22:00 - Midnight,Evening / night,False,False,False,False
1363752,Non-casualty (towaway),Non-casualty (towaway),2024,2024,July,Sunday,22:00 - Midnight,MERRIGAL,ST,40,North,DAY,ST,GRIFFITH,,No,Not a school zone,2-way undivided,-34.28238,146.028301,Griffith,Country urban,Rest of NSW - Urban,Curved,,,,On,Sealed,Dry,Fine,Darkness,Nil,No traffic controls,50 km/h,Local,81,Off left/rt bnd=>obj,803,Off right bend into obj,Left,Vehicle - Object,Car (sedan/hatch),,1,0,0,0,0,7,July,Winter,Sunday,22:00 - Midnight,Evening / night,False,False,False,False
1363753,Non-casualty (towaway),Non-casualty (towaway),2024,2024,August,Wednesday,18:00 - 19:59,BOBBIN HEAD,RD,80,North,PACIFIC,HWY,PYMBLE,366.0,Yes,No,Divided road,-33.738897,151.136679,Ku-ring-gai,Sydney metro. area,Syd-Newc-Woll Gtr conurbation,Straight,Driveway/entrance,,,Unknown / not stated,Sealed,Dry,Fine,Darkness,Nil,No traffic controls,50 km/h,Regional,47,Emerging from drive,406,Manov - Emerging from driveway,,Right angle,Light truck utility(from 2018),Car (sedan/hatch),2,0,0,0,0,8,August,Winter,Wednesday,18:00 - 19:59,PM peak / evening commute,True,False,False,False
1363772,Non-casualty (towaway),Non-casualty (towaway),2024,2024,September,Sunday,10:00 - 11:59,HOMEBUSH BAY,DR,0,Right on the spot,WESTERN,EXP,HOMEBUSH WEST,200.0,No,Not a school zone,T-junction,-33.857451,151.069964,Cumberland,Sydney metro. area,Syd-Newc-Woll Gtr conurbation,Curved,Steep grade,,,Unknown / not stated,Sealed,Dry,Fine,Daylight,On,No traffic controls,80 km/h,State,30,Rear end,301,Same - Rear end,,Rear end,4 wheel drive / SUV,4 wheel drive / SUV,2,0,0,0,0,9,September,Spring,Sunday,10:00 - 11:59,Midday / afternoon,False,False,False,False
1363780,Non-casualty (towaway),Non-casualty (towaway),2024,2024,July,Wednesday,20:00 - 21:59,BOUNDARY,RD,0,Right on the spot,OLD PITT TOWN,RD,GABLES,7205.0,No,Not a school zone,Roundabout,-33.633402,150.889673,The Hills,Sydney metro. area,Syd-Newc-Woll Gtr conurbation,Straight,,,,Unknown / not stated,Sealed,Wet,Raining,Darkness,Nil,Give way sign,80 km/h,Regional,10,Cross traffic,101,Adj - Cross traffic,,Right angle,Light truck utility(from 2018),Car (sedan/hatch),2,0,0,0,0,7,July,Winter,Wednesday,20:00 - 21:59,Evening / night,False,False,False,False
1363782,Non-casualty (towaway),Non-casualty (towaway),2024,2024,September,Friday,18:00 - 19:59,PIONEER,DR,0,Right on the spot,NUMBER 143,HN,BLACKBUTT,,No,Not a school zone,2-way undivided,-34.574515,150.838969,Shellharbour,Wollongong met. area,Syd-Newc-Woll Gtr conurbation,Straight,,,,Unknown / not stated,Sealed,Dry,Fine,Darkness,Nil,No traffic controls,50 km/h,Local,71,Off rd left => obj,703,Left off cway into object,,Other angle,Car (sedan/hatch),Car (sedan/hatch),2,0,0,0,0,9,September,Spring,Friday,18:00 - 19:59,PM peak / evening commute,True,False,False,False
1363790,Non-casualty (towaway),Non-casualty (towaway),2024,2024,September,Sunday,10:00 - 11:59,BRUNKER,RD,10,East,ANTHONY,ST,YAGOONA,7117.0,No,Not a school zone,T-junction,-33.898395,151.032275,Canterbury-Bankstown,Sydney metro. area,Syd-Newc-Woll Gtr conurbation,Straight,Steep grade,,,Off,Sealed,Dry,Fine,Daylight,Nil,No traffic controls,60 km/h,Regional,54,Cutting in,504,Ovtak - Cutting in,,Other angle,Light truck utility(from 2018),4 wheel drive / SUV,2,0,0,0,0,9,September,Spring,Sunday,10:00 - 11:59,Midday / afternoon,False,False,False,False
1363793,Non-casualty (towaway),Non-casualty (towaway),2024,2024,September,Sunday,08:00 - 09:59,WYONG,RD,30,West,ARMSTRONG,AVE,KILLARNEY VALE,335.0,No,Not a school zone,Divided road,-33.368477,151.471336,Central Coast,Country urban,Syd-Newc-Woll Gtr conurbation,Straight,,,,Nil,Sealed,Dry,Overcast,Daylight,Nil,No traffic controls,60 km/h,State,71,Off rd left => obj,703,Left off cway into object,,Other angle,Passenger van,Light truck,3,0,0,0,0,9,September,Spring,Sunday,08:00 - 09:59,AM peak / school commute,True,False,False,False
1363806,Non-casualty (towaway),Non-casualty (towaway),2024,2024,August,Monday,14:00 - 15:59,ACACIA,RD,0,Right on the spot,THE BOULEVARDE,MS,KIRRAWEE,,No,Not a school zone,X-intersection,-34.02454,151.068383,Sutherland,Sydney metro. area,Syd-Newc-Woll Gtr conurbation,Straight,,,,Unknown / not stated,Sealed,Dry,Fine,Daylight,Nil,Give way sign,50 km/h,Local,10,Cross traffic,101,Adj - Cross traffic,,Right angle,Car (sedan/hatch),4 wheel drive / SUV,2,0,0,0,0,8,August,Winter,Monday,14:00 - 15:59,Midday / afternoon,False,False,False,False
1363807,Non-casualty (towaway),Non-casualty (towaway),2024,2024,September,Wednesday,08:00 - 09:59,ORLANDO,RD,0,Right on the spot,YOUNG,RD,LAMBTON,,No,Not a school zone,X-intersection,-32.915101,151.718431,Newcastle,Newcastle met. area,Syd-Newc-Woll Gtr conurbation,Straight,,,,Unknown / not stated,Sealed,Dry,Fine,Daylight,Nil,Stop sign,50 km/h,Local,21,Right through,202,Opp - Right-thru,,Other angle,4 wheel drive / SUV,Car (sedan/hatch),3,0,0,0,0,9,September,Spring,Wednesday,08:00 - 09:59,AM peak / school commute,True,False,False,False
1363808,Non-casualty (towaway),Non-casualty (towaway),2024,2024,September,Sunday,14:00 - 15:59,ARMSTRONG,CRES,0,Right on the spot,NUMBER 34,HN,DUBBO,,No,Not a school zone,2-way undivided,-32.242252,148.633449,Dubbo Regional,Country urban,Rest of NSW - Urban,Curved,Driveway/entrance,,,Unknown / not stated,Sealed,Dry,Fine,Daylight,Nil,No traffic controls,50 km/h,Local,47,Emerging from drive,406,Manov - Emerging from driveway,,Right angle,Station wagon,Light truck utility(from 2018),2,0,0,0,0,9,September,Spring,Sunday,14:00 - 15:59,Midday / afternoon,False,False,False,False
1363831,Non-casualty (towaway),Non-casualty (towaway),2024,2024,September,Sunday,06:00 - 07:59,MIRIYAN,DR,0,Right on the spot,NUMBER 1,HN,KELSO,,No,Not a school zone,2-way undivided,-33.413323,149.610891,Bathurst Regional,Country urban,Rest of NSW - Urban,Straight,,,,Off,Sealed,Dry,Fine,Daylight,Nil,No traffic controls,50 km/h,Local,71,Off rd left => obj,703,Left off cway into object,,Vehicle - Object,Light truck utility(from 2018),,1,0,0,0,0,9,September,Spring,Sunday,06:00 - 07:59,AM peak / school commute,True,False,False,False