crash_id,degree_of_crash,degree_of_crash_-_detailed,reporting_year,year_of_crash,month_of_crash,day_of_week_of_crash,two-hour_intervals,street_of_crash,street_type,distance,direction,identifying_feature,identifying_feature_type,town,route_no.,school_zone_location,school_zone_active,type_of_location,latitude,longitude,lga,urbanisation,conurbation_1,alignment,primary_permanent_feature,primary_temporary_feature,primary_hazardous_feature,street_lighting,road_surface,surface_condition,weather,natural_lighting,signals_operation,other_traffic_control,speed_limit,road_classification_(admin),rum_-_code,rum_-_description,dca_-_code,dca_-_description,dca_supplement,first_impact_type,key_tu_type,other_tu_type,no._of_traffic_units_involved,no._killed,no._seriously_injured,no._moderately_injured,no._minor-other_injured,month_num,month_label,season,day_label,time_label,time_band,is_peak_commute,is_fatal,is_injury,is_casualty
1363848,Non-casualty (towaway),Non-casualty (towaway),2024,2024,September,Wednesday,12:00 - 13:59,BELLS LINE OF,RD,0,Right on the spot,DARLING,CSWY,BELL,184.0,No,Not a school zone,T-junction,-33.511506,150.280725,Blue Mountains,Country urban,Syd-Newc-Woll Gtr conurbation,Curved,Crest,,,Unknown / not stated,Sealed,Dry,Fine,Daylight,Nil,Stop sign,60 km/h,State,13,Right near,104,Adj - Right-thru from right,,Right angle,Large rigid,Car (sedan/hatch),2,0,0,0,0,9,September,Spring,Wednesday,12:00 - 13:59,Midday / afternoon,False,False,False,False
1363850,Non-casualty (towaway),Non-casualty (towaway),2024,2024,September,Thursday,20:00 - 21:59,HANBURY,ST,0,Right on the spot,MAITLAND,RD,MAYFIELD,326.0,No,Not a school zone,X-intersection,-32.897362,151.736511,Newcastle,Newcastle met. area,Syd-Newc-Woll Gtr conurbation,Straight,,,,Unknown / not stated,Sealed,Wet,Raining,Darkness,On,No traffic controls,60 km/h,Regional,13,Right near,104,Adj - Right-thru from right,,Right angle,Station wagon,Car (sedan/hatch),2,0,0,0,0,9,September,Spring,Thursday,20:00 - 21:59,Evening / night,False,False,False,False
1363851,Non-casualty (towaway),Non-casualty (towaway),2024,2024,September,Thursday,10:00 - 11:59,THE HORSLEY,DR,0,Right on the spot,NUMBER 366,HN,FAIRFIELD,609.0,Yes,No,2-way undivided,-33.868041,150.958663,Fairfield,Sydney metro. area,Syd-Newc-Woll Gtr conurbation,Curved,,,,Unknown / not stated,Sealed,Wet,Raining,Daylight,Nil,No traffic controls,60 km/h,State,30,Rear end,301,Same - Rear end,,Rear end,Car (sedan/hatch),4 wheel drive / SUV,2,0,0,0,0,9,September,Spring,Thursday,10:00 - 11:59,Midday / afternoon,False,False,False,False
1363900,Non-casualty (towaway),Non-casualty (towaway),2024,2024,September,Sunday,10:00 - 11:59,LAMBTON,RD,0,Right on the spot,NUMBER 74,HN,WARATAH,188.0,No,Not a school zone,2-way undivided,-32.909127,151.717733,Newcastle,Newcastle met. area,Syd-Newc-Woll Gtr conurbation,Straight,,,,Unknown / not stated,Sealed,Wet,Overcast,Daylight,Unknown / not stated,Ped crossing,60 km/h,Regional,71,Off rd left => obj,703,Left off cway into object,,Vehicle - Object,Car (sedan/hatch),,1,0,0,0,0,9,September,Spring,Sunday,10:00 - 11:59,Midday / afternoon,False,False,False,False
1363907,Non-casualty (towaway),Non-casualty (towaway),2024,2024,September,Tuesday,06:00 - 07:59,FAIRY HILL SCHOOL,RD,550,South,FAIRY HILL STATION,RD,FAIRY HILL,,No,Not a school zone,2-way undivided,-28.774714,152.995035,Richmond Valley,Country non-urban,Rest of NSW - Rural,Curved,,,,Unknown / not stated,Sealed,Dry,Fine,Daylight,Nil,No traffic controls,100 km/h,Local,88,Out of cont on bend,805,Out of control on bend,,Rollover,B-double (road train prior 98),,1,0,0,0,0,9,September,Spring,Tuesday,06:00 - 07:59,AM peak / school commute,True,False,False,False
1363908,Non-casualty (towaway),Non-casualty (towaway),2024,2024,September,Saturday,12:00 - 13:59,WEST,ST,50,South,BRIGHTON,ST,PETERSHAM,7084.0,No,Not a school zone,2-way undivided,-33.893564,151.150162,Inner West,Sydney metro. area,Syd-Newc-Woll Gtr conurbation,Straight,Other bridge,,,Unknown / not stated,Sealed,Dry,Fine,Daylight,Nil,No traffic controls,50 km/h,Regional,30,Rear end,301,Same - Rear end,,Rear end,Car (sedan/hatch),4 wheel drive / SUV,2,0,0,0,0,9,September,Spring,Saturday,12:00 - 13:59,Midday / afternoon,False,False,False,False
1363911,Non-casualty (towaway),Non-casualty (towaway),2024,2024,September,Thursday,20:00 - 21:59,GEARY,ST,0,Right on the spot,KELLICAR,RD,CAMPBELLTOWN,,No,Not a school zone,Roundabout,-34.074653,150.795979,Campbelltown,Sydney metro. area,Syd-Newc-Woll Gtr conurbation,Straight,Driveway/entrance,,,Unknown / not stated,Sealed,Wet,Raining,Darkness,Nil,Give way sign,50 km/h,Local,47,Emerging from drive,406,Manov - Emerging from driveway,,Right angle,Light truck utility(from 2018),4 wheel drive / SUV,2,0,0,0,0,9,September,Spring,Thursday,20:00 - 21:59,Evening / night,False,False,False,False
1363915,Non-casualty (towaway),Non-casualty (towaway),2024,2024,September,Friday,14:00 - 15:59,PACIFIC,HWY,20,South,ARCHVILLE STATION ROAD,OP,BONVILLE,10.0,No,Not a school zone,Divided road,-30.391243,153.03438,Coffs Harbour,Country non-urban,Rest of NSW - Rural,Curved,,,,Unknown / not stated,Sealed,Wet,Raining,Daylight,Nil,No traffic controls,110 km/h,State,88,Out of cont on bend,805,Out of control on bend,,Rollover,4 wheel drive / SUV,,1,0,0,0,0,9,September,Spring,Friday,14:00 - 15:59,Midday / afternoon,False,False,False,False
1363917,Non-casualty (towaway),Non-casualty (towaway),2024,2024,September,Tuesday,06:00 - 07:59,CANTERBURY,RD,200,North,VINCENT,ST,HURLSTONE PARK,167.0,No,Not a school zone,2-way undivided,-33.906776,151.126679,Inner West,Sydney metro. area,Syd-Newc-Woll Gtr conurbation,Straight,Steep grade,,,Unknown / not stated,Sealed,Dry,Fine,Daylight,Nil,No traffic controls,60 km/h,State,30,Rear end,301,Same - Rear end,,Rear end,Car (sedan/hatch),Utility,2,0,0,0,0,9,September,Spring,Tuesday,06:00 - 07:59,AM peak / school commute,True,False,False,False
1363919,Non-casualty (towaway),Non-casualty (towaway),2024,2024,September,Monday,06:00 - 07:59,NELSON,ST,0,Right on the spot,WENTWORTH,ST,WALLSEND,,No,Not a school zone,X-intersection,-32.898195,151.664269,Newcastle,Newcastle met. area,Syd-Newc-Woll Gtr conurbation,Straight,Steep grade,,,Unknown / not stated,Sealed,Wet,Raining,Daylight,Nil,Stop sign,50 km/h,Local,21,Right through,202,Opp - Right-thru,,Other angle,Car (sedan/hatch),Car (sedan/hatch),2,0,0,0,0,9,September,Spring,Monday,06:00 - 07:59,AM peak / school commute,True,False,False,False
1363921,Non-casualty (towaway),Non-casualty (towaway),2024,2024,September,Thursday,14:00 - 15:59,WYONG,RD,0,Right on the spot,GAVENLOCK,RD,TUGGERAH,335.0,No,Not a school zone,Roundabout,-33.307167,151.415802,Central Coast,Country urban,Syd-Newc-Woll Gtr conurbation,Curved,,,,Unknown / not stated,Sealed,Wet,Raining,Daylight,Nil,Give way sign,70 km/h,State,33,Lane sideswipe,305,Same - Lane side swipe,,Other angle,4 wheel drive / SUV,B-double (road train prior 98),2,0,0,0,0,9,September,Spring,Thursday,14:00 - 15:59,Midday / afternoon,False,False,False,False
1363922,Non-casualty (towaway),Non-casualty (towaway),2024,2024,September,Saturday,20:00 - 21:59,CENTRAL COAST,HWY,0,Right on the spot,YALLAMBEE,AVE,WEST GOSFORD,30.0,No,Not a school zone,X-intersection,-33.427716,151.321611,Central Coast,Country urban,Syd-Newc-Woll Gtr conurbation,Straight,,,,Unknown / not stated,Sealed,Dry,Fine,Darkness,On,No traffic controls,70 km/h,State,71,Off rd left => obj,703,Left off cway into object,,Vehicle - Object,4 wheel drive / SUV,,1,0,0,0,0,9,September,Spring,Saturday,20:00 - 21:59,Evening / night,False,False,False,False
1363923,Non-casualty (towaway),Non-casualty (towaway),2024,2024,September,Friday,16:00 - 17:59,GOULBURN,ST,0,Right on the spot,TAMWORTH,ST,ABERMAIN,,No,Not a school zone,X-intersection,-32.805146,151.426387,Cessnock,Country urban,Rest of NSW - Urban,Straight,,,,Unknown / not stated,Sealed,Dry,Fine,Daylight,Nil,Give way sign,50 km/h,Local,10,Cross traffic,101,Adj - Cross traffic,,Right angle,Light truck utility(from 2018),4 wheel drive / SUV,2,0,0,0,0,9,September,Spring,Friday,16:00 - 17:59,PM peak / evening commute,True,False,False,False
1363924,Non-casualty (towaway),Non-casualty (towaway),2024,2024,October,Tuesday,12:00 - 13:59,BRUXNER,HWY,0,Right on the spot,PACIFIC,HWY,WEST BALLINA,16.0,No,Not a school zone,Roundabout,-28.860722,153.519936,Ballina,Country urban,Rest of NSW - Urban,Curved,Underpass/tunnel,,,Unknown / not stated,Sealed,Dry,Fine,Daylight,Nil,Give way sign,60 km/h,State,33,Lane sideswipe,305,Same - Lane side swipe,,Other angle,Car (sedan/hatch),Light truck,2,0,0,0,0,10,October,Spring,Tuesday,12:00 - 13:59,Midday / afternoon,False,False,False,False
1363929,Non-casualty (towaway),Non-casualty (towaway),2024,2024,September,Friday,08:00 - 09:59,NEWELL,HWY,100,North,KILLARNEY,ST,NARRABRI,17.0,No,Not a school zone,2-way undivided,-30.319649,149.781477,Narrabri,Country urban,Rest of NSW - Urban,Straight,,,,Unknown / not stated,Sealed,Wet,Raining,Daylight,Nil,No traffic controls,50 km/h,State,40,U turn,304,Same - U-turn,,Other angle,Light truck utility(from 2018),Car (sedan/hatch),2,0,0,0,0,9,September,Spring,Friday,08:00 - 09:59,AM peak / school commute,True,False,False,False
1363932,Non-casualty (towaway),Non-casualty (towaway),2024,2024,October,Wednesday,20:00 - 21:59,CENTRAL COAST,HWY,1200,East,WOY WOY,RD,KARIONG,30.0,No,Not a school zone,Divided road,-33.435402,151.300878,Central Coast,Country urban,Syd-Newc-Woll Gtr conurbation,Curved,Steep grade,,,Unknown / not stated,Sealed,Wet,Raining,Darkness,Nil,No traffic controls,60 km/h,State,81,Off left/rt bnd=>obj,803,Off right bend into obj,Left,Vehicle - Object,Car (sedan/hatch),,1,0,0,0,0,10,October,Spring,Wednesday,20:00 - 21:59,Evening / night,False,False,False,False
1363933,Non-casualty (towaway),Non-casualty (towaway),2024,2024,September,Friday,18:00 - 19:59,CALEDONIAN,ST,0,Right on the spot,SHIRLEY,ST,BEXLEY,,No,Not a school zone,Roundabout,-33.958714,151.120415,Bayside,Sydney metro. area,Syd-Newc-Woll Gtr conurbation,Curved,,,,Unknown / not stated,Sealed,Dry,Fine,Dusk,Nil,Give way sign,50 km/h,Local,21,Right through,202,Opp - Right-thru,,Other angle,Car (sedan/hatch),Light truck utility(from 2018),2,0,0,0,0,9,September,Spring,Friday,18:00 - 19:59,PM peak / evening commute,True,False,False,False
1363934,Non-casualty (towaway),Non-casualty (towaway),2024,2024,July,Thursday,08:00 - 09:59,BARTON,HWY,2000,North,HILLVIEW,DR,MURRUMBATEMAN,15.0,No,Not a school zone,2-way undivided,-34.947228,149.018389,Yass Valley,Country non-urban,Rest of NSW - Rural,Curved,Painted double centre lines,,,Unknown / not stated,Sealed,Dry,Fog or mist,Daylight,Nil,No traffic controls,100 km/h,State,59,Other overtaking,500,Ovtak - other,,Other angle,4 wheel drive / SUV,Semi-trailer,2,0,0,0,0,7,July,Winter,Thursday,08:00 - 09:59,AM peak / school commute,True,False,False,False
1363936,Non-casualty (towaway),Non-casualty (towaway),2024,2024,September,Thursday,16:00 - 17:59,HEATHCOTE,RD,100,East,THE AVENUE,MS,PLEASURE POINT,512.0,No,Not a school zone,2-way undivided,-33.967195,150.972305,Liverpool,Sydney metro. area,Syd-Newc-Woll Gtr conurbation,Straight,,,,Unknown / not stated,Sealed,Wet,Raining,Dusk,Nil,No traffic controls,60 km/h,State,30,Rear end,301,Same - Rear end,,Rear end,Car (sedan/hatch),Light truck utility(from 2018),2,0,0,0,0,9,September,Spring,Thursday,16:00 - 17:59,PM peak / evening commute,True,False,False,False
1363937,Non-casualty (towaway),Non-casualty (towaway),2024,2024,September,Tuesday,16:00 - 17:59,CAMPBELLTOWN,RD,420,South,QUEEN,ST,CAMPBELLTOWN,177.0,Yes,No,Divided road,-34.060827,150.825107,Campbelltown,Sydney metro. area,Syd-Newc-Woll Gtr conurbation,Straight,Underpass/tunnel,,,Unknown / not stated,Sealed,Dry,Fine,Dusk,Nil,No traffic controls,60 km/h,State,71,Off rd left => obj,703,Left off cway into object,,Vehicle - Object,Car (sedan/hatch),,2,0,0,0,0,9,September,Spring,Tuesday,16:00 - 17:59,PM peak / evening commute,True,False,False,False
1363940,Non-casualty (towaway),Non-casualty (towaway),2024,2024,September,Saturday,02:00 - 03:59,BIDGES,RD,0,Right on the spot,NUMBER 199,HN,SUTTON,,No,Not a school zone,2-way undivided,-35.211743,149.225965,Queanbeyan-Palerang Regional,Country urban,Rest of NSW - Urban,Straight,Ditch/drain/culvert,,,Unknown / not stated,Sealed,Dry,Fine,Darkness,Nil,No traffic controls,70 km/h,Local,71,Off rd left => obj,703,Left off cway into object,,Vehicle - Object,Car (sedan/hatch),,1,0,0,0,0,9,September,Spring,Saturday,02:00 - 03:59,Late night / early morning,False,False,False,False
1363941,Non-casualty (towaway),Non-casualty (towaway),2024,2024,October,Thursday,06:00 - 07:59,PARK,RD,0,Right on the spot,PINE,ST,RYDALMERE,,No,Not a school zone,Roundabout,-33.811304,151.041861,Parramatta,Sydney metro. area,Syd-Newc-Woll Gtr conurbation,Straight,Steep grade,,,Unknown / not stated,Sealed,Dry,Fine,Daylight,Nil,Give way sign,50 km/h,Local,10,Cross traffic,101,Adj - Cross traffic,,Right angle,4 wheel drive / SUV,4 wheel drive / SUV,2,0,0,0,0,10,October,Spring,Thursday,06:00 - 07:59,AM peak / school commute,True,False,False,False
1363944,Non-casualty (towaway),Non-casualty (towaway),2024,2024,October,Thursday,20:00 - 21:59,BECKWITH,ST,0,Right on the spot,KINCAID,ST,WAGGA WAGGA,,No,Not a school zone,X-intersection,-35.10605,147.36159,Wagga Wagga,Country urban,Rest of NSW - Urban,Straight,,,,Unknown / not stated,Sealed,Dry,Fine,Darkness,Nil,No traffic controls,50 km/h,Local,10,Cross traffic,101,Adj - Cross traffic,,Right angle,Car (sedan/hatch),Light truck utility(from 2018),2,0,0,0,0,10,October,Spring,Thursday,20:00 - 21:59,Evening / night,False,False,False,False
1363945,Non-casualty (towaway),Non-casualty (towaway),2024,2024,September,Wednesday,12:00 - 13:59,HILLCREST,AVE,0,Right on the spot,NORTHCOTE,RD,GREENACRE,,No,Not a school zone,Roundabout,-33.899578,151.049142,Canterbury-Bankstown,Sydney metro. area,Syd-Newc-Woll Gtr conurbation,Straight,,,,Unknown / not stated,Sealed,Dry,Fine,Daylight,Nil,Give way sign,50 km/h,Local,10,Cross traffic,101,Adj - Cross traffic,,Right angle,4 wheel drive / SUV,Car (sedan/hatch),2,0,0,0,0,9,September,Spring,Wednesday,12:00 - 13:59,Midday / afternoon,False,False,False,False
1363946,Non-casualty (towaway),Non-casualty (towaway),2024,2024,August,Wednesday,06:00 - 07:59,JAMES RUSE,DR,100,South,WESTERN EXPRESSWAY,OP,CLYDE,309.0,No,Not a school zone,Divided road,-33.831867,151.019471,Parramatta,Sydney metro. area,Syd-Newc-Woll Gtr conurbation,Straight,,,,Unknown / not stated,Sealed,Dry,Fine,Daylight,Nil,No traffic controls,70 km/h,State,30,Rear end,301,Same - Rear end,,Rear end,Large rigid,Light truck utility(from 2018),4,0,0,0,0,8,August,Winter,Wednesday,06:00 - 07:59,AM peak / school commute,True,False,False,False
1363950,Non-casualty (towaway),Non-casualty (towaway),2024,2024,August,Sunday,18:00 - 19:59,OLD CASTLEREAGH,RD,1200,West,LELAND,ST,CASTLEREAGH,,No,Not a school zone,2-way undivided,-33.727928,150.678869,Penrith,Sydney metro. area,Syd-Newc-Woll Gtr conurbation,Straight,Other bridge,,,Unknown / not stated,Sealed,Dry,Fine,Darkness,Nil,No traffic controls,70 km/h,Local,71,Off rd left => obj,703,Left off cway into object,,Vehicle - Object,4 wheel drive / SUV,,1,0,0,0,0,8,August,Winter,Sunday,18:00 - 19:59,PM peak / evening commute,True,False,False,False
1363951,Non-casualty (towaway),Non-casualty (towaway),2024,2024,October,Tuesday,10:00 - 11:59,PRINCES,HWY,0,Right on the spot,BATES,DR,KAREELA,1.0,No,Not a school zone,X-intersection,-34.023732,151.08887,Sutherland,Sydney metro. area,Syd-Newc-Woll Gtr conurbation,Curved,,,,Unknown / not stated,Sealed,Dry,Fine,Daylight,On,No traffic controls,70 km/h,State,32,Right rear,303,Same - Rear right,,Rear end,Light truck,4 wheel drive / SUV,2,0,0,0,0,10,October,Spring,Tuesday,10:00 - 11:59,Midday / afternoon,False,False,False,False
1363954,Non-casualty (towaway),Non-casualty (towaway),2024,2024,October,Wednesday,20:00 - 21:59,HARBOUR,ST,0,Right on the spot,DAY,ST,SYDNEY,7303.0,No,Not a school zone,T-junction,-33.874658,151.203123,Sydney,Sydney metro. area,Syd-Newc-Woll Gtr conurbation,Straight,Foot/cycle path/nature strip,,,Unknown / not stated,Sealed,Wet,Raining,Darkness,On,Ped crossing,50 km/h,Regional,49,Other manoeuvring,400,Manov - other,,Other angle,Pedal cycle,4 wheel drive / SUV,2,0,0,0,0,10,October,Spring,Wednesday,20:00 - 21:59,Evening / night,False,False,False,False
1363955,Non-casualty (towaway),Non-casualty (towaway),2024,2024,September,Thursday,10:00 - 11:59,REILLY,ST,0,Right on the spot,WEBSTER,RD,LURNEA,,No,Not a school zone,Roundabout,-33.932593,150.900692,Liverpool,Sydney metro. area,Syd-Newc-Woll Gtr conurbation,Straight,,,,Unknown / not stated,Sealed,Wet,Raining,Daylight,Nil,Give way sign,50 km/h,Local,10,Cross traffic,101,Adj - Cross traffic,,Right angle,4 wheel drive / SUV,4 wheel drive / SUV,2,0,0,0,0,9,September,Spring,Thursday,10:00 - 11:59,Midday / afternoon,False,False,False,False
1363957,Non-casualty (towaway),Non-casualty (towaway),2024,2024,September,Thursday,06:00 - 07:59,RAILWAY,TCE,0,Right on the spot,WEST,ST,LEWISHAM,664.0,No,Not a school zone,T-junction,-33.89408,151.149844,Inner West,Sydney metro. area,Syd-Newc-Woll Gtr conurbation,Straight,,,,Unknown / not stated,Sealed,Dry,Overcast,Unknown,On,No traffic controls,50 km/h,State,21,Right through,202,Opp - Right-thru,,Other angle,Car (sedan/hatch),Car (sedan/hatch),2,0,0,0,0,9,September,Spring,Thursday,06:00 - 07:59,AM peak / school commute,True,False,False,False
1363958,Non-casualty (towaway),Non-casualty (towaway),2024,2024,September,Friday,06:00 - 07:59,CARRINGTON,AVE,30,North,KINGSWAY,MS,CARINGBAH,,No,Not a school zone,2-way undivided,-34.036115,151.116067,Sutherland,Sydney metro. area,Syd-Newc-Woll Gtr conurbation,Straight,Driveway/entrance,,,Unknown / not stated,Sealed,Dry,Fine,Daylight,Nil,No traffic controls,50 km/h,Local,41,U turn into object,409,Manov - U-turn into fixed obje,,Vehicle - Object,Car (sedan/hatch),,2,0,0,0,0,9,September,Spring,Friday,06:00 - 07:59,AM peak / school commute,True,False,False,False
1363959,Non-casualty (towaway),Non-casualty (towaway),2024,2024,September,Thursday,14:00 - 15:59,OLD WINDSOR,RD,200,South,MIAMI,ST,GLENWOOD,635.0,No,Not a school zone,Divided road,-33.727044,150.940643,Blacktown,Sydney metro. area,Syd-Newc-Woll Gtr conurbation,Straight,,,,Unknown / not stated,Sealed,Dry,Fine,Daylight,Nil,No traffic controls,80 km/h,State,30,Rear end,301,Same - Rear end,,Rear end,Car (sedan/hatch),4 wheel drive / SUV,2,0,0,0,0,9,September,Spring,Thursday,14:00 - 15:59,Midday / afternoon,False,False,False,False
1363961,Non-casualty (towaway),Non-casualty (towaway),2024,2024,September,Saturday,02:00 - 03:59,BARBARA,BVD,10,West,VERA,ST,SEVEN HILLS,,No,Not a school zone,T-junction,-33.770797,150.922668,Blacktown,Sydney metro. area,Syd-Newc-Woll Gtr conurbation,Curved,,,,Unknown / not stated,Sealed,Dry,Fine,Darkness,Nil,No traffic controls,50 km/h,Local,81,Off left/rt bnd=>obj,803,Off right bend into obj,Left,Other angle,Car (sedan/hatch),4 wheel drive / SUV,2,0,0,0,0,9,September,Spring,Saturday,02:00 - 03:59,Late night / early morning,False,False,False,False
1363968,Non-casualty (towaway),Non-casualty (towaway),2024,2024,September,Thursday,00:01 - 01:59,ALEXANDER ST,ST,0,Right on the spot,NUMBER 46,HN,COLLAROY,,No,Not a school zone,2-way undivided,-33.732356,151.297837,Northern Beaches,Sydney metro. area,Syd-Newc-Woll Gtr conurbation,Straight,Steep grade,,,Unknown / not stated,Sealed,Wet,Raining,Darkness,Nil,No traffic controls,50 km/h,Local,73,Off rd rght => obj,704,Right off cway into obj,,Other angle,Car (sedan/hatch),Light truck utility(from 2018),2,0,0,0,0,9,September,Spring,Thursday,00:01 - 01:59,Late night / early morning,False,False,False,False
1363969,Non-casualty (towaway),Non-casualty (towaway),2024,2024,September,Monday,12:00 - 13:59,CAPTAIN COOK,DR,0,Right on the spot,GANNONS,RD,CARINGBAH,662.0,No,Not a school zone,Roundabout,-34.038358,151.134339,Sutherland,Sydney metro. area,Syd-Newc-Woll Gtr conurbation,Curved,,,,Unknown / not stated,Sealed,Dry,Fine,Daylight,Nil,Give way sign,70 km/h,State,88,Out of cont on bend,805,Out of control on bend,,Rollover,Large rigid,,1,0,0,0,0,9,September,Spring,Monday,12:00 - 13:59,Midday / afternoon,False,False,False,False
1363972,Non-casualty (towaway),Non-casualty (towaway),2024,2024,September,Friday,12:00 - 13:59,DARCY,RD,0,Right on the spot,MONS,RD,WESTMEAD,7481.0,Yes,No,T-junction,-33.803312,150.983868,Parramatta,Sydney metro. area,Syd-Newc-Woll Gtr conurbation,Straight,,,,Unknown / not stated,Sealed,Dry,Overcast,Daylight,Off,No traffic controls,40 km/h,Regional,30,Rear end,301,Same - Rear end,,Rear end,Car (sedan/hatch),Car (sedan/hatch),2,0,0,0,0,9,September,Spring,Friday,12:00 - 13:59,Midday / afternoon,False,False,False,False
1363974,Non-casualty (towaway),Non-casualty (towaway),2024,2024,October,Tuesday,10:00 - 11:59,BERESFORD,RD,0,Right on the spot,DICKSON,ST,STRATHFIELD,,No,Not a school zone,T-junction,-33.873737,151.079791,Strathfield,Sydney metro. area,Syd-Newc-Woll Gtr conurbation,Straight,,,,Unknown / not stated,Sealed,Dry,Fine,Daylight,Nil,No traffic controls,50 km/h,Local,21,Right through,202,Opp - Right-thru,,Other angle,Car (sedan/hatch),Car (sedan/hatch),2,0,0,0,0,10,October,Spring,Tuesday,10:00 - 11:59,Midday / afternoon,False,False,False,False
1363975,Non-casualty (towaway),Non-casualty (towaway),2024,2024,September,Friday,20:00 - 21:59,GIPPS,RD,0,Right on the spot,NUMBER 66B,HN,GREYSTANES,646.0,No,Not a school zone,2-way undivided,-33.831388,150.926383,Cumberland,Sydney metro. area,Syd-Newc-Woll Gtr conurbation,Straight,,,,Unknown / not stated,Sealed,Wet,Raining,Darkness,Nil,No traffic controls,60 km/h,State,71,Off rd left => obj,703,Left off cway into object,,Vehicle - Object,Car (sedan/hatch),,1,0,0,0,0,9,September,Spring,Friday,20:00 - 21:59,Evening / night,False,False,False,False
1363977,Non-casualty (towaway),Non-casualty (towaway),2024,2024,September,Thursday,18:00 - 19:59,BARRENJOEY,RD,600,South,NEPTUNE,RD,NEWPORT,164.0,No,Not a school zone,Divided road,-33.655726,151.319704,Northern Beaches,Sydney metro. area,Syd-Newc-Woll Gtr conurbation,Straight,,,,Unknown / not stated,Sealed,Dry,Fine,Darkness,Nil,No traffic controls,50 km/h,State,42,Leaving parking,401,Manov - Leaving parking,,Other angle,4 wheel drive / SUV,4 wheel drive / SUV,2,0,0,0,0,9,September,Spring,Thursday,18:00 - 19:59,PM peak / evening commute,True,False,False,False
1363979,Non-casualty (towaway),Non-casualty (towaway),2024,2024,September,Saturday,18:00 - 19:59,HUME,HWY,40,East,CEDAR,RD,CASULA,2.0,No,Not a school zone,Divided road,-33.957628,150.884789,Liverpool,Sydney metro. area,Syd-Newc-Woll Gtr conurbation,Straight,,,,Unknown / not stated,Sealed,Dry,Fine,Darkness,Nil,No traffic controls,70 km/h,State,33,Lane sideswipe,305,Same - Lane side swipe,,Other angle,Car (sedan/hatch),Car (sedan/hatch),2,0,0,0,0,9,September,Spring,Saturday,18:00 - 19:59,PM peak / evening commute,True,False,False,False
1363985,Non-casualty (towaway),Non-casualty (towaway),2024,2024,October,Thursday,02:00 - 03:59,GREAT WESTERN,HWY,0,Right on the spot,LITTLEBOURNE,ST,KELSO,5.0,No,Not a school zone,Roundabout,-33.419431,149.614628,Bathurst Regional,Country urban,Rest of NSW - Urban,Straight,,,,Unknown / not stated,Sealed,Dry,Fine,Darkness,Nil,Give way sign,60 km/h,State,33,Lane sideswipe,305,Same - Lane side swipe,,Other angle,Semi-trailer,Car (sedan/hatch),2,0,0,0,0,10,October,Spring,Thursday,02:00 - 03:59,Late night / early morning,False,False,False,False
1363986,Non-casualty (towaway),Non-casualty (towaway),2024,2024,September,Friday,22:00 - Midnight,PACIFIC,HWY,0,Right on the spot,THE CRESCENT,MS,GATESHEAD,10.0,Yes,No,X-intersection,-32.98197,151.692407,Lake Macquarie,Newcastle met. area,Syd-Newc-Woll Gtr conurbation,Straight,,,,Unknown / not stated,Sealed,Dry,Fine,Darkness,On,No traffic controls,60 km/h,State,49,Other manoeuvring,400,Manov - other,,Other angle,Car (sedan/hatch),Station wagon,2,0,0,0,0,9,September,Spring,Friday,22:00 - Midnight,Evening / night,False,False,False,False
1363988,Non-casualty (towaway),Non-casualty (towaway),2024,2024,September,Friday,06:00 - 07:59,QUAKERS,RD,0,Right on the spot,BREAKFAST,RD,MARAYONG,7475.0,No,Not a school zone,T-junction,-33.745203,150.89416,Blacktown,Sydney metro. area,Syd-Newc-Woll Gtr conurbation,Straight,,,,Unknown / not stated,Sealed,Wet,Raining,Daylight,On,No traffic controls,60 km/h,Regional,21,Right through,202,Opp - Right-thru,,Other angle,Light truck utility(from 2018),Light truck,2,0,0,0,0,9,September,Spring,Friday,06:00 - 07:59,AM peak / school commute,True,False,False,False
1363994,Non-casualty (towaway),Non-casualty (towaway),2024,2024,September,Friday,20:00 - 21:59,GILBERT,RD,0,Right on the spot,CATERSON,DR,CASTLE HILL,7146.0,No,Not a school zone,X-intersection,-33.722244,150.987302,The Hills,Sydney metro. area,Syd-Newc-Woll Gtr conurbation,Straight,Steep grade,,,Unknown / not stated,Sealed,Wet,Overcast,Darkness,On,No traffic controls,60 km/h,Regional,21,Right through,202,Opp - Right-thru,,Other angle,4 wheel drive / SUV,Car (sedan/hatch),2,0,0,0,0,9,September,Spring,Friday,20:00 - 21:59,Evening / night,False,False,False,False