crash_id,degree_of_crash,degree_of_crash_-_detailed,reporting_year,year_of_crash,month_of_crash,day_of_week_of_crash,two-hour_intervals,street_of_crash,street_type,distance,direction,identifying_feature,identifying_feature_type,town,route_no.,school_zone_location,school_zone_active,type_of_location,latitude,longitude,lga,urbanisation,conurbation_1,alignment,primary_permanent_feature,primary_temporary_feature,primary_hazardous_feature,street_lighting,road_surface,surface_condition,weather,natural_lighting,signals_operation,other_traffic_control,speed_limit,road_classification_(admin),rum_-_code,rum_-_description,dca_-_code,dca_-_description,dca_supplement,first_impact_type,key_tu_type,other_tu_type,no._of_traffic_units_involved,no._killed,no._seriously_injured,no._moderately_injured,no._minor-other_injured,month_num,month_label,season,day_label,time_label,time_band,is_peak_commute,is_fatal,is_injury,is_casualty
1363998,Non-casualty (towaway),Non-casualty (towaway),2024,2024,September,Saturday,04:00 - 05:59,CABRAMATTA,RD,0,Right on the spot,MEADOWS,RD,CABRAMATTA WEST,534.0,No,Not a school zone,X-intersection,-33.894813,150.903059,Fairfield,Sydney metro. area,Syd-Newc-Woll Gtr conurbation,Straight,,,,Unknown / not stated,Sealed,Dry,Fine,Darkness,On,No traffic controls,60 km/h,State,21,Right through,202,Opp - Right-thru,,Other angle,4 wheel drive / SUV,4 wheel drive / SUV,2,0,0,0,0,9,September,Spring,Saturday,04:00 - 05:59,Late night / early morning,False,False,False,False
1364001,Non-casualty (towaway),Non-casualty (towaway),2024,2024,September,Thursday,20:00 - 21:59,BRUSH,RD,0,Right on the spot,RUTLEDGE,ST,EASTWOOD,574.0,No,Not a school zone,T-junction,-33.795548,151.069605,Ryde,Sydney metro. area,Syd-Newc-Woll Gtr conurbation,Straight,,,,Unknown / not stated,Sealed,Wet,Raining,Darkness,Nil,Give way sign,60 km/h,State,12,Left far,103,Adj - Left-thru from left,,Right angle,4 wheel drive / SUV,Car (sedan/hatch),2,0,0,0,0,9,September,Spring,Thursday,20:00 - 21:59,Evening / night,False,False,False,False
1364004,Non-casualty (towaway),Non-casualty (towaway),2024,2024,September,Saturday,20:00 - 21:59,ELLIOTT,WAY,2000,North,OHARES REST AREA ACCESS,TRL,NURENMERENMONG,,No,Not a school zone,2-way undivided,-35.809596,148.356603,Snowy Valleys,Country urban,Rest of NSW - Urban,Curved,Steep grade,,,Unknown / not stated,Sealed,Dry,Fine,Darkness,Nil,No traffic controls,80 km/h,Local,81,Off left/rt bnd=>obj,803,Off right bend into obj,Left,Vehicle - Object,Light truck utility(from 2018),,1,0,0,0,0,9,September,Spring,Saturday,20:00 - 21:59,Evening / night,False,False,False,False
1364005,Non-casualty (towaway),Non-casualty (towaway),2024,2024,September,Thursday,18:00 - 19:59,SOUTH WESTERN,EXP,10,East,M7 WESTLINK EXPRESSWAY,OP,PRESTONS,6005.0,No,Not a school zone,Dual freeway,-33.951087,150.88077,Liverpool,Sydney metro. area,Syd-Newc-Woll Gtr conurbation,Curved,Underpass/tunnel,,,Unknown / not stated,Sealed,Dry,Fine,Darkness,Nil,No traffic controls,100 km/h,State,83,Off rt/rt bnd=>obj,803,Off right bend into obj,Right,Vehicle - Object,Car (sedan/hatch),,1,0,0,0,0,9,September,Spring,Thursday,18:00 - 19:59,PM peak / evening commute,True,False,False,False
1364007,Non-casualty (towaway),Non-casualty (towaway),2024,2024,September,Monday,08:00 - 09:59,CROYDON,AVE,0,Right on the spot,DUNSTAN,ST,CROYDON PARK,,No,Not a school zone,T-junction,-33.901774,151.110343,Canterbury-Bankstown,Sydney metro. area,Syd-Newc-Woll Gtr conurbation,Straight,,,,Unknown / not stated,Sealed,Wet,Raining,Daylight,Nil,No traffic controls,50 km/h,Local,73,Off rd rght => obj,704,Right off cway into obj,,Vehicle - Object,Car (sedan/hatch),,1,0,0,0,0,9,September,Spring,Monday,08:00 - 09:59,AM peak / school commute,True,False,False,False
1364010,Non-casualty (towaway),Non-casualty (towaway),2024,2024,September,Saturday,00:01 - 01:59,DOG TREE,RD,2000,South,POUND CREEK,RD,TUMBARUMBA,,No,Not a school zone,2-way undivided,-35.743453,148.061953,Snowy Valleys,Country non-urban,Rest of NSW - Rural,Straight,,,,Unknown / not stated,Sealed,Dry,Fine,Darkness,Nil,No traffic controls,100 km/h,Local,67,Struck animal,609,On path - Hit animal,,Vehicle - Animal,Light truck utility(from 2018),,1,0,0,0,0,9,September,Spring,Saturday,00:01 - 01:59,Late night / early morning,False,False,False,False
1364011,Non-casualty (towaway),Non-casualty (towaway),2024,2024,October,Friday,00:01 - 01:59,REILLY,ST,0,Right on the spot,WEBSTER,RD,LURNEA,,No,Not a school zone,Roundabout,-33.932593,150.900691,Liverpool,Sydney metro. area,Syd-Newc-Woll Gtr conurbation,Straight,,,,Unknown / not stated,Sealed,Dry,Fine,Darkness,Nil,Give way sign,50 km/h,Local,81,Off left/rt bnd=>obj,707,Right turn,Left,Vehicle - Object,Car (sedan/hatch),,1,0,0,0,0,10,October,Spring,Friday,00:01 - 01:59,Late night / early morning,False,False,False,False
1364012,Non-casualty (towaway),Non-casualty (towaway),2024,2024,September,Saturday,08:00 - 09:59,M7 WESTLINK,EXP,311,North,COWPASTURE ROAD,OP,LEN WATERS ESTATE,6009.0,No,Not a school zone,Dual freeway,-33.916222,150.851205,Liverpool,Sydney metro. area,Syd-Newc-Woll Gtr conurbation,Straight,,,,Unknown / not stated,Sealed,Dry,Fine,Daylight,Nil,No traffic controls,100 km/h,State,33,Lane sideswipe,305,Same - Lane side swipe,,Other angle,Semi-trailer,Car (sedan/hatch),2,0,0,0,0,9,September,Spring,Saturday,08:00 - 09:59,AM peak / school commute,True,False,False,False
1364014,Non-casualty (towaway),Non-casualty (towaway),2024,2024,September,Thursday,20:00 - 21:59,NETHERCOTE,RD,213,South,BROADWATER,RD,EDEN,,No,Not a school zone,2-way undivided,-37.044386,149.845344,Bega Valley,Country non-urban,Rest of NSW - Rural,Curved,,,,Unknown / not stated,Sealed,Dry,Fine,Darkness,Nil,No traffic controls,100 km/h,Local,88,Out of cont on bend,805,Out of control on bend,,Rollover,Car (sedan/hatch),,1,0,0,0,0,9,September,Spring,Thursday,20:00 - 21:59,Evening / night,False,False,False,False
1364015,Non-casualty (towaway),Non-casualty (towaway),2024,2024,September,Tuesday,16:00 - 17:59,LAIDLEY,ST,50,North,WALLSEND,RD,WEST WALLSEND,,No,Not a school zone,2-way undivided,-32.904973,151.579709,Lake Macquarie,Newcastle met. area,Syd-Newc-Woll Gtr conurbation,Straight,,,,Unknown / not stated,Sealed,Dry,Fine,Daylight,Nil,No traffic controls,50 km/h,Local,40,U turn,304,Same - U-turn,,Other angle,Car (sedan/hatch),Car (sedan/hatch),2,0,0,0,0,9,September,Spring,Tuesday,16:00 - 17:59,PM peak / evening commute,True,False,False,False
1364016,Non-casualty (towaway),Non-casualty (towaway),2024,2024,October,Tuesday,18:00 - 19:59,HENRY LAWSON,DR,0,Right on the spot,MILPERRA ROAD,OP,BANKSTOWN AERODROME,508.0,No,Not a school zone,Divided road,-33.929104,150.980418,Canterbury-Bankstown,Sydney metro. area,Syd-Newc-Woll Gtr conurbation,Curved,,,,Unknown / not stated,Sealed,Dry,Fine,Darkness,Nil,No traffic controls,60 km/h,State,30,Rear end,301,Same - Rear end,,Rear end,Car (sedan/hatch),4 wheel drive / SUV,2,0,0,0,0,10,October,Spring,Tuesday,18:00 - 19:59,PM peak / evening commute,True,False,False,False
1364018,Non-casualty (towaway),Non-casualty (towaway),2024,2024,September,Sunday,18:00 - 19:59,PRINCES,HWY,0,Right on the spot,THE AVENUE,MS,FIGTREE,1.0,No,Not a school zone,T-junction,-34.435647,150.861201,Wollongong,Wollongong met. area,Syd-Newc-Woll Gtr conurbation,Straight,,,,Unknown / not stated,Sealed,Wet,Raining,Darkness,On,No traffic controls,60 km/h,State,30,Rear end,301,Same - Rear end,,Rear end,Car (sedan/hatch),Station wagon,3,0,0,0,0,9,September,Spring,Sunday,18:00 - 19:59,PM peak / evening commute,True,False,False,False
1364020,Non-casualty (towaway),Non-casualty (towaway),2024,2024,October,Thursday,16:00 - 17:59,OLD NORTHERN,RD,0,Right on the spot,CLARKE,DR,CASTLE HILL,160.0,No,Not a school zone,T-junction,-33.729435,151.017468,Hornsby,Sydney metro. area,Syd-Newc-Woll Gtr conurbation,Straight,Driveway/entrance,,,Unknown / not stated,Sealed,Dry,Fine,Dusk,Nil,No traffic controls,60 km/h,State,21,Right through,202,Opp - Right-thru,,Other angle,4 wheel drive / SUV,Station wagon,2,0,0,0,0,10,October,Spring,Thursday,16:00 - 17:59,PM peak / evening commute,True,False,False,False
1364023,Non-casualty (towaway),Non-casualty (towaway),2024,2024,September,Saturday,12:00 - 13:59,OCEAN BEACH,RD,0,Right on the spot,NUMBER 95,HN,WOY WOY,7752.0,No,Not a school zone,2-way undivided,-33.49777,151.319725,Central Coast,Country urban,Syd-Newc-Woll Gtr conurbation,Straight,,,,Unknown / not stated,Sealed,Dry,Fine,Daylight,Nil,No traffic controls,60 km/h,Regional,71,Off rd left => obj,703,Left off cway into object,,Other angle,Light truck utility(from 2018),Light truck utility(from 2018),2,0,0,0,0,9,September,Spring,Saturday,12:00 - 13:59,Midday / afternoon,False,False,False,False
1364024,Non-casualty (towaway),Non-casualty (towaway),2024,2024,September,Friday,10:00 - 11:59,LIVERPOOL,ST,0,Right on the spot,MILITARY,RD,DOVER HEIGHTS,,No,Not a school zone,X-intersection,-33.876287,151.280204,Waverley,Sydney metro. area,Syd-Newc-Woll Gtr conurbation,Straight,Steep grade,,,Unknown / not stated,Sealed,Wet,Raining,Daylight,Nil,Give way sign,50 km/h,Local,19,Other adjacent,100,Adj - other,,Right angle,Car (sedan/hatch),4 wheel drive / SUV,2,0,0,0,0,9,September,Spring,Friday,10:00 - 11:59,Midday / afternoon,False,False,False,False
1364025,Non-casualty (towaway),Non-casualty (towaway),2024,2024,October,Wednesday,14:00 - 15:59,THE NORTHERN,RD,500,South,SOLWAY,RD,BRINGELLY,154.0,No,Not a school zone,Divided road,-33.936698,150.731584,Liverpool,Sydney metro. area,Syd-Newc-Woll Gtr conurbation,Straight,,,,Unknown / not stated,Sealed,Dry,Fine,Daylight,Nil,No traffic controls,80 km/h,State,39,Other same direction,300,Same - other,,Other angle,Light truck utility(from 2018),Car (sedan/hatch),2,0,0,0,0,10,October,Spring,Wednesday,14:00 - 15:59,Midday / afternoon,False,False,False,False
1364028,Non-casualty (towaway),Non-casualty (towaway),2024,2024,September,Sunday,20:00 - 21:59,RAILWAY,PDE,10,North,FREDERICK,ST,FAIRFIELD,7233.0,No,Not a school zone,T-junction,-33.876739,150.952425,Fairfield,Sydney metro. area,Syd-Newc-Woll Gtr conurbation,Straight,,,,Unknown / not stated,Sealed,Dry,Fine,Darkness,Nil,Left turn only,60 km/h,Regional,40,U turn,207,Opp - U-turn,,Other angle,Car (sedan/hatch),Light truck utility(from 2018),2,0,0,0,0,9,September,Spring,Sunday,20:00 - 21:59,Evening / night,False,False,False,False
1364029,Non-casualty (towaway),Non-casualty (towaway),2024,2024,September,Sunday,18:00 - 19:59,PACIFIC,HWY,0,Right on the spot,MOREE,ST,GORDON,10.0,No,Not a school zone,T-junction,-33.755616,151.152831,Ku-ring-gai,Sydney metro. area,Syd-Newc-Woll Gtr conurbation,Straight,,,,Unknown / not stated,Sealed,Dry,Overcast,Darkness,On,Ped crossing,60 km/h,State,30,Rear end,301,Same - Rear end,,Rear end,Car (sedan/hatch),4 wheel drive / SUV,3,0,0,0,0,9,September,Spring,Sunday,18:00 - 19:59,PM peak / evening commute,True,False,False,False
1364030,Non-casualty (towaway),Non-casualty (towaway),2024,2024,September,Thursday,18:00 - 19:59,MINOGUE,CRES,0,Right on the spot,SCOTSMAN,ST,FOREST LODGE,666.0,No,Not a school zone,X-intersection,-33.879709,151.177495,Sydney,Sydney metro. area,Syd-Newc-Woll Gtr conurbation,Curved,,,,Unknown / not stated,Sealed,Wet,Raining,Darkness,On,No traffic controls,50 km/h,State,21,Right through,202,Opp - Right-thru,,Other angle,Unknown motor vehicle,4 wheel drive / SUV,2,0,0,0,0,9,September,Spring,Thursday,18:00 - 19:59,PM peak / evening commute,True,False,False,False
1364035,Non-casualty (towaway),Non-casualty (towaway),2024,2024,October,Thursday,12:00 - 13:59,STURT,HWY,0,Right on the spot,LAKE ALBERT,RD,EAST WAGGA WAGGA,14.0,No,Not a school zone,X-intersection,-35.120206,147.378271,Wagga Wagga,Country urban,Rest of NSW - Urban,Straight,,,,Unknown / not stated,Sealed,Dry,Fine,Daylight,On,No traffic controls,60 km/h,State,30,Rear end,301,Same - Rear end,,Rear end,Light truck utility(from 2018),Car (sedan/hatch),2,0,0,0,0,10,October,Spring,Thursday,12:00 - 13:59,Midday / afternoon,False,False,False,False
1364037,Non-casualty (towaway),Non-casualty (towaway),2024,2024,September,Monday,20:00 - 21:59,MAIN,ST,0,Right on the spot,ALICE,ST,MITTAGONG,260.0,No,Not a school zone,T-junction,-34.450517,150.449591,Wingecarribee,Country urban,Rest of NSW - Urban,Straight,,,,Unknown / not stated,Sealed,Dry,Fine,Darkness,Nil,Give way sign,50 km/h,State,73,Off rd rght => obj,704,Right off cway into obj,,Vehicle - Object,4 wheel drive / SUV,,1,0,0,0,0,9,September,Spring,Monday,20:00 - 21:59,Evening / night,False,False,False,False
1364038,Non-casualty (towaway),Non-casualty (towaway),2024,2024,September,Saturday,16:00 - 17:59,WESTERN,EXP,500,West,GREAT WESTERN HIGHWAY,OP,HOLROYD,6004.0,No,Not a school zone,Dual freeway,-33.827852,150.999419,Parramatta,Sydney metro. area,Syd-Newc-Woll Gtr conurbation,Curved,,,,Unknown / not stated,Sealed,Dry,Fine,Dusk,Nil,No traffic controls,90 km/h,State,39,Other same direction,300,Same - other,,Other angle,Car (sedan/hatch),Light truck utility(from 2018),2,0,0,0,0,9,September,Spring,Saturday,16:00 - 17:59,PM peak / evening commute,True,False,False,False
1364042,Non-casualty (towaway),Non-casualty (towaway),2024,2024,September,Wednesday,16:00 - 17:59,O'RIORDAN,ST,0,Right on the spot,COLLINS,ST,ALEXANDRIA,658.0,No,Not a school zone,X-intersection,-33.911546,151.197559,Sydney,Sydney metro. area,Syd-Newc-Woll Gtr conurbation,Straight,,,,Unknown / not stated,Sealed,Dry,Fine,Daylight,On,No traffic controls,50 km/h,State,30,Rear end,301,Same - Rear end,,Rear end,4 wheel drive / SUV,Car (sedan/hatch),2,0,0,0,0,9,September,Spring,Wednesday,16:00 - 17:59,PM peak / evening commute,True,False,False,False
1364043,Non-casualty (towaway),Non-casualty (towaway),2024,2024,September,Thursday,12:00 - 13:59,LITTLE PLAINS,RD,2000,South,DELEGATE,RD,MILA,,No,Not a school zone,2-way undivided,-36.990787,149.117256,Snowy Monaro Regional,Country non-urban,Rest of NSW - Rural,Curved,,,,Unknown / not stated,Unsealed,Dry,Fine,Daylight,Nil,No traffic controls,100 km/h,Local,84,Off right/left bend,802,Off cway left bend,Right,Rollover,Light truck utility(from 2018),,1,0,0,0,0,9,September,Spring,Thursday,12:00 - 13:59,Midday / afternoon,False,False,False,False
1364044,Non-casualty (towaway),Non-casualty (towaway),2024,2024,October,Wednesday,06:00 - 07:59,POLDING,ST,0,Right on the spot,CUMBERLAND,HWY,FAIRFIELD WEST,7222.0,No,Not a school zone,Roundabout,-33.860582,150.927828,Fairfield,Sydney metro. area,Syd-Newc-Woll Gtr conurbation,Curved,Underpass/tunnel,,,Unknown / not stated,Sealed,Dry,Fine,Daylight,Nil,Give way sign,60 km/h,Regional,19,Other adjacent,100,Adj - other,,Right angle,Car (sedan/hatch),4 wheel drive / SUV,2,0,0,0,0,10,October,Spring,Wednesday,06:00 - 07:59,AM peak / school commute,True,False,False,False
1364046,Non-casualty (towaway),Non-casualty (towaway),2024,2024,September,Saturday,08:00 - 09:59,HUME,HWY,80,North,KITTICARRARA,RD,JUGIONG,2.0,No,Not a school zone,Divided road,-34.826923,148.31397,Hilltops,Country non-urban,Rest of NSW - Rural,Straight,B'down lane/road shldr,,,Nil,Sealed,Dry,Fine,Daylight,Nil,No traffic controls,110 km/h,State,71,Off rd left => obj,703,Left off cway into object,,Other angle,Semi-trailer,Light truck utility(from 2018),2,0,0,0,0,9,September,Spring,Saturday,08:00 - 09:59,AM peak / school commute,True,False,False,False
1364049,Non-casualty (towaway),Non-casualty (towaway),2024,2024,September,Monday,08:00 - 09:59,YALWAL,RD,2100,West,LONGREACH,RD,BAMARANG,,No,Not a school zone,2-way undivided,-34.899416,150.516434,Shoalhaven,Country non-urban,Rest of NSW - Rural,Curved,,,,Unknown / not stated,Sealed,Wet,Raining,Daylight,Nil,No traffic controls,100 km/h,Local,88,Out of cont on bend,805,Out of control on bend,,Rollover,Light truck utility(from 2018),,1,0,0,0,0,9,September,Spring,Monday,08:00 - 09:59,AM peak / school commute,True,False,False,False
1364053,Non-casualty (towaway),Non-casualty (towaway),2024,2024,October,Tuesday,10:00 - 11:59,MUNRO,RD,0,Right on the spot,ROSS,RD,QUEANBEYAN,,No,Not a school zone,X-intersection,-35.356466,149.222969,Queanbeyan-Palerang Regional,Country urban,Rest of NSW - Urban,Straight,,,,Unknown / not stated,Sealed,Dry,Fine,Daylight,Nil,Stop sign,50 km/h,Local,53,Overtake turning,506,Ovtak - Overtaking right turn,,Other angle,4 wheel drive / SUV,Car (sedan/hatch),2,0,0,0,0,10,October,Spring,Tuesday,10:00 - 11:59,Midday / afternoon,False,False,False,False
1364055,Non-casualty (towaway),Non-casualty (towaway),2024,2024,June,Saturday,12:00 - 13:59,GREAT WESTERN,HWY,0,Right on the spot,CATHERINE,ST,LEICHHARDT,5.0,No,Not a school zone,X-intersection,-33.887881,151.161338,Inner West,Sydney metro. area,Syd-Newc-Woll Gtr conurbation,Straight,,,,Unknown / not stated,Sealed,Wet,Raining,Daylight,On,No traffic controls,60 km/h,State,13,Right near,104,Adj - Right-thru from right,,Right angle,Light truck utility(from 2018),Unknown motor vehicle,2,0,0,0,0,6,June,Winter,Saturday,12:00 - 13:59,Midday / afternoon,False,False,False,False
1364056,Non-casualty (towaway),Non-casualty (towaway),2024,2024,September,Monday,12:00 - 13:59,GIINAGAY,WAY,0,Right on the spot,VALLA BEACH,RD,VALLA,,No,Not a school zone,T-junction,-30.589388,152.998253,Nambucca Valley,Country non-urban,Rest of NSW - Rural,Straight,,,,Unknown / not stated,Sealed,Wet,Overcast,Daylight,Nil,Give way sign,90 km/h,Local,21,Right through,202,Opp - Right-thru,,Other angle,Car (sedan/hatch),Car (sedan/hatch),3,0,0,0,0,9,September,Spring,Monday,12:00 - 13:59,Midday / afternoon,False,False,False,False
1364057,Non-casualty (towaway),Non-casualty (towaway),2024,2024,September,Monday,14:00 - 15:59,BEECROFT,RD,0,Right on the spot,ALBERT,RD,BEECROFT,139.0,No,Not a school zone,X-intersection,-33.744367,151.063702,Hornsby,Sydney metro. area,Syd-Newc-Woll Gtr conurbation,Straight,,,,Unknown / not stated,Sealed,Dry,Fine,Daylight,Nil,Stop sign,60 km/h,State,37,Left turn sideswipe,309,Same - Left turn side swipe,,Other angle,Large rigid,Car (sedan/hatch),2,0,0,0,0,9,September,Spring,Monday,14:00 - 15:59,Midday / afternoon,False,False,False,False
1364063,Non-casualty (towaway),Non-casualty (towaway),2024,2024,September,Tuesday,08:00 - 09:59,WOODS,PDE,0,Right on the spot,NUMBER 22,HN,FAIRLIGHT,,No,Not a school zone,2-way undivided,-33.797846,151.276035,Northern Beaches,Sydney metro. area,Syd-Newc-Woll Gtr conurbation,Straight,Steep grade,,,Off,Sealed,Dry,Fine,Daylight,Nil,No traffic controls,50 km/h,Local,49,Other manoeuvring,400,Manov - other,,Other angle,Unknown type,4 wheel drive / SUV,2,0,0,0,0,9,September,Spring,Tuesday,08:00 - 09:59,AM peak / school commute,True,False,False,False
1364069,Non-casualty (towaway),Non-casualty (towaway),2024,2024,October,Thursday,22:00 - Midnight,BAPTIST,ST,50,South,CLEVELAND,ST,REDFERN,,No,Not a school zone,2-way undivided,-33.891957,151.212527,Sydney,Sydney metro. area,Syd-Newc-Woll Gtr conurbation,Straight,,,,On,Sealed,Dry,Fine,Darkness,Nil,No traffic controls,40 km/h,Local,71,Off rd left => obj,703,Left off cway into object,,Other angle,4 wheel drive / SUV,Passenger van,2,0,0,0,0,10,October,Spring,Thursday,22:00 - Midnight,Evening / night,False,False,False,False
1364086,Non-casualty (towaway),Non-casualty (towaway),2024,2024,September,Friday,08:00 - 09:59,PARKER,ST,0,Right on the spot,AMPOL SERVICE STATION,ENT,KINGSWOOD,154.0,Yes,No,Divided road,-33.754983,150.71263,Penrith,Sydney metro. area,Syd-Newc-Woll Gtr conurbation,Straight,Driveway/entrance,,,Nil,Sealed,Dry,Fine,Daylight,Nil,No traffic controls,70 km/h,State,71,Off rd left => obj,703,Left off cway into object,,Other angle,Unknown motor vehicle,Car (sedan/hatch),2,0,0,0,0,9,September,Spring,Friday,08:00 - 09:59,AM peak / school commute,True,False,False,False
1364095,Non-casualty (towaway),Non-casualty (towaway),2024,2024,August,Tuesday,08:00 - 09:59,OLIVE,ST,0,Right on the spot,NUMBER 8,HN,PADDINGTON,,No,Not a school zone,2-way undivided,-33.882854,151.227288,Woollahra,Sydney metro. area,Syd-Newc-Woll Gtr conurbation,Straight,,,,Off,Sealed,Dry,Fine,Daylight,Nil,No traffic controls,40 km/h,Local,49,Other manoeuvring,400,Manov - other,,Other angle,Car (sedan/hatch),Car (sedan/hatch),2,0,0,0,0,8,August,Winter,Tuesday,08:00 - 09:59,AM peak / school commute,True,False,False,False
1364097,Non-casualty (towaway),Non-casualty (towaway),2024,2024,September,Friday,22:00 - Midnight,SOUTHERN,EXP,100,South,PRINCES HIGHWAY,TO,CROOM,6006.0,No,Not a school zone,Dual freeway,-34.575944,150.81374,Shellharbour,Wollongong met. area,Syd-Newc-Woll Gtr conurbation,Straight,,,,On,Sealed,Dry,Fine,Darkness,Nil,No traffic controls,100 km/h,State,71,Off rd left => obj,703,Left off cway into object,,Vehicle - Object,Car (sedan/hatch),,1,0,0,0,0,9,September,Spring,Friday,22:00 - Midnight,Evening / night,False,False,False,False
1364102,Non-casualty (towaway),Non-casualty (towaway),2024,2024,September,Thursday,18:00 - 19:59,OXFORD,ST,0,Right on the spot,NUMBER 257,HN,PADDINGTON,172.0,No,Not a school zone,Divided road,-33.885377,151.227838,Sydney,Sydney metro. area,Syd-Newc-Woll Gtr conurbation,Curved,,,,On,Sealed,Dry,Overcast,Dusk,Nil,No traffic controls,50 km/h,State,87,Off lft/lft bnd=>obj,804,Off left bend into obj,Left,Other angle,Unknown type,4 wheel drive / SUV,2,0,0,0,0,9,September,Spring,Thursday,18:00 - 19:59,PM peak / evening commute,True,False,False,False
1364105,Non-casualty (towaway),Non-casualty (towaway),2024,2024,September,Sunday,14:00 - 15:59,PACIFIC,HWY,300,North,TWEED VALLEY WAY,TO,CHINDERAH,10.0,No,Not a school zone,Divided road,-28.247658,153.535104,Tweed,Country non-urban,Rest of NSW - Rural,Curved,,,,Nil,Sealed,Dry,Fine,Daylight,Nil,No traffic controls,110 km/h,State,85,Off rt/lft bnd=>obj,804,Off left bend into obj,Right,Vehicle - Object,4 wheel drive / SUV,,1,0,0,0,0,9,September,Spring,Sunday,14:00 - 15:59,Midday / afternoon,False,False,False,False
1364108,Non-casualty (towaway),Non-casualty (towaway),2024,2024,September,Sunday,14:00 - 15:59,JOSEPH BANKS,DR,150,South,PLYMOUTH,CRES,KINGS LANGLEY,,No,Not a school zone,2-way undivided,-33.755598,150.949767,Blacktown,Sydney metro. area,Syd-Newc-Woll Gtr conurbation,Straight,B'down lane/road shldr,,,Off,Sealed,Dry,Fine,Daylight,Nil,No traffic controls,50 km/h,Local,71,Off rd left => obj,703,Left off cway into object,,Other angle,Car (sedan/hatch),Semi-trailer,2,0,0,0,0,9,September,Spring,Sunday,14:00 - 15:59,Midday / afternoon,False,False,False,False
1364122,Non-casualty (towaway),Non-casualty (towaway),2024,2024,September,Monday,08:00 - 09:59,VINCENT,ST,0,Right on the spot,MAITLAND,RD,CESSNOCK,220.0,No,Not a school zone,T-junction,-32.831979,151.356871,Cessnock,Country urban,Rest of NSW - Urban,Straight,,,,Off,Sealed,Dry,Fine,Daylight,On,No traffic controls,60 km/h,State,33,Lane sideswipe,305,Same - Lane side swipe,,Other angle,Car (sedan/hatch),Car (sedan/hatch),2,0,0,0,0,9,September,Spring,Monday,08:00 - 09:59,AM peak / school commute,True,False,False,False
1364137,Non-casualty (towaway),Non-casualty (towaway),2024,2024,September,Tuesday,20:00 - 21:59,WATTLE,ST,100,East,RYEDALE,RD,WEST RYDE,,No,Not a school zone,2-way undivided,-33.806057,151.092307,Ryde,Sydney metro. area,Syd-Newc-Woll Gtr conurbation,Straight,,,,On,Sealed,Dry,Fine,Darkness,Nil,No traffic controls,50 km/h,Local,71,Off rd left => obj,703,Left off cway into object,,Other angle,Car (sedan/hatch),Car (sedan/hatch),3,0,0,0,0,9,September,Spring,Tuesday,20:00 - 21:59,Evening / night,False,False,False,False
1364148,Non-casualty (towaway),Non-casualty (towaway),2024,2024,August,Sunday,04:00 - 05:59,WATERSIDE,DR,0,Right on the spot,NUMBER 8,HN,WOONGARRAH,,No,Not a school zone,2-way undivided,-33.241265,151.481932,Central Coast,Country urban,Syd-Newc-Woll Gtr conurbation,Curved,,,,Nil,Sealed,Dry,Fine,Dawn,Nil,No traffic controls,50 km/h,Local,81,Off left/rt bnd=>obj,803,Off right bend into obj,Left,Vehicle - Object,Car (sedan/hatch),,1,0,0,0,0,8,August,Winter,Sunday,04:00 - 05:59,Late night / early morning,False,False,False,False
1364164,Non-casualty (towaway),Non-casualty (towaway),2024,2024,September,Monday,10:00 - 11:59,GWYDIR,HWY,0,Right on the spot,BRENNAN & SMITH OPTOMETRISTS,OT,INVERELL,12.0,No,Not a school zone,2-way undivided,-29.774436,151.111887,Inverell,Country urban,Rest of NSW - Urban,Straight,,,,Off,Sealed,Dry,Fine,Daylight,Nil,No traffic controls,40 km/h,State,44,Parking vehicles,403,Manov - Parking-parked vehicle,,Other angle,Light truck utility(from 2018),Car (sedan/hatch),2,0,0,0,0,9,September,Spring,Monday,10:00 - 11:59,Midday / afternoon,False,False,False,False
1364170,Non-casualty (towaway),Non-casualty (towaway),2024,2024,September,Thursday,20:00 - 21:59,BUNGENDORE,RD,0,Right on the spot,NUMBER 1268,HN,BYWONG,,No,Not a school zone,2-way undivided,-35.188149,149.351314,Queanbeyan-Palerang Regional,Country non-urban,Rest of NSW - Rural,Straight,,,,Nil,Sealed,Dry,Fine,Darkness,Nil,No traffic controls,100 km/h,Local,74,On road-out of cont.,705,Out of control on cway,,Rollover,Light truck,,1,0,0,0,0,9,September,Spring,Thursday,20:00 - 21:59,Evening / night,False,False,False,False