crash_id,degree_of_crash,degree_of_crash_-_detailed,reporting_year,year_of_crash,month_of_crash,day_of_week_of_crash,two-hour_intervals,street_of_crash,street_type,distance,direction,identifying_feature,identifying_feature_type,town,route_no.,school_zone_location,school_zone_active,type_of_location,latitude,longitude,lga,urbanisation,conurbation_1,alignment,primary_permanent_feature,primary_temporary_feature,primary_hazardous_feature,street_lighting,road_surface,surface_condition,weather,natural_lighting,signals_operation,other_traffic_control,speed_limit,road_classification_(admin),rum_-_code,rum_-_description,dca_-_code,dca_-_description,dca_supplement,first_impact_type,key_tu_type,other_tu_type,no._of_traffic_units_involved,no._killed,no._seriously_injured,no._moderately_injured,no._minor-other_injured,month_num,month_label,season,day_label,time_label,time_band,is_peak_commute,is_fatal,is_injury,is_casualty
1364177,Non-casualty (towaway),Non-casualty (towaway),2024,2024,September,Tuesday,06:00 - 07:59,HECTOR,ST,0,Right on the spot,NUMBER 12,HN,CHESTER HILL,7101.0,No,Not a school zone,2-way undivided,-33.875254,151.008329,Cumberland,Sydney metro. area,Syd-Newc-Woll Gtr conurbation,Straight,,,,Off,Sealed,Dry,Fine,Daylight,Nil,No traffic controls,60 km/h,Regional,71,Off rd left => obj,703,Left off cway into object,,Other angle,Car (sedan/hatch),Box trailer,4,0,0,0,0,9,September,Spring,Tuesday,06:00 - 07:59,AM peak / school commute,True,False,False,False
1364178,Non-casualty (towaway),Non-casualty (towaway),2024,2024,September,Friday,16:00 - 17:59,WARNERS BAY,RD,20,East,THE ESPLANADE,MS,WARNERS BAY,325.0,No,Not a school zone,2-way undivided,-32.981786,151.645633,Lake Macquarie,Newcastle met. area,Syd-Newc-Woll Gtr conurbation,Straight,Painted double centre lines,,,Nil,Sealed,Dry,Fine,Daylight,Nil,No traffic controls,60 km/h,Regional,20,Head on,201,Opp - Head on,,Head-on,Motorcycle,Car (sedan/hatch),2,0,0,0,0,9,September,Spring,Friday,16:00 - 17:59,PM peak / evening commute,True,False,False,False
1364187,Non-casualty (towaway),Non-casualty (towaway),2024,2024,August,Friday,18:00 - 19:59,KALANG,RD,0,Right on the spot,NUMBER 56,HN,EDENSOR PARK,,No,Not a school zone,2-way undivided,-33.882782,150.870756,Fairfield,Sydney metro. area,Syd-Newc-Woll Gtr conurbation,Straight,,,,On,Sealed,Dry,Fine,Daylight,Nil,No traffic controls,50 km/h,Local,71,Off rd left => obj,703,Left off cway into object,,Vehicle - Object,Car (sedan/hatch),,1,0,0,0,0,8,August,Winter,Friday,18:00 - 19:59,PM peak / evening commute,True,False,False,False
1364192,Non-casualty (towaway),Non-casualty (towaway),2024,2024,September,Sunday,20:00 - 21:59,GLENDIVER,RD,1515,East,MERLIN,ST,THE OAKS,,No,Not a school zone,2-way undivided,-34.081737,150.586599,Wollondilly,Country urban,Syd-Newc-Woll Gtr conurbation,Straight,,,,Nil,Sealed,Dry,Fine,Darkness,Nil,No traffic controls,50 km/h,Local,75,Off end of road,709,Off end cway or T junct,,Vehicle - Object,Car (sedan/hatch),,1,0,0,0,0,9,September,Spring,Sunday,20:00 - 21:59,Evening / night,False,False,False,False
1364195,Non-casualty (towaway),Non-casualty (towaway),2024,2024,September,Saturday,00:01 - 01:59,OLD WINDSOR,RD,0,Right on the spot,M7 WESTLINK,EXP,BELLA VISTA,635.0,No,Not a school zone,T-junction,-33.755306,150.953617,The Hills,Sydney metro. area,Syd-Newc-Woll Gtr conurbation,Straight,,,,On,Sealed,Wet,Fine,Darkness,On,No traffic controls,80 km/h,State,32,Right rear,303,Same - Rear right,,Rear end,4 wheel drive / SUV,Light truck utility(from 2018),2,0,0,0,0,9,September,Spring,Saturday,00:01 - 01:59,Late night / early morning,False,False,False,False
1364211,Non-casualty (towaway),Non-casualty (towaway),2024,2024,September,Sunday,18:00 - 19:59,ALCOOMIE,ST,25,East,BELAR,AVE,VILLAWOOD,,No,Not a school zone,2-way undivided,-33.886436,150.976123,Canterbury-Bankstown,Sydney metro. area,Syd-Newc-Woll Gtr conurbation,Straight,,,,On,Sealed,Dry,Fine,Darkness,Nil,No traffic controls,50 km/h,Local,71,Off rd left => obj,703,Left off cway into object,,Other angle,4 wheel drive / SUV,Car (sedan/hatch),4,0,0,0,0,9,September,Spring,Sunday,18:00 - 19:59,PM peak / evening commute,True,False,False,False
1364213,Non-casualty (towaway),Non-casualty (towaway),2024,2024,September,Thursday,14:00 - 15:59,COOK,PDE,0,Right on the spot,NUMBER 30,HN,ST CLAIR,,No,Not a school zone,2-way undivided,-33.800816,150.777736,Penrith,Sydney metro. area,Syd-Newc-Woll Gtr conurbation,Curved,,,,Off,Sealed,Dry,Fine,Daylight,Nil,No traffic controls,50 km/h,Local,81,Off left/rt bnd=>obj,803,Off right bend into obj,Left,Other angle,Large rigid,Light truck utility(from 2018),2,0,0,0,0,9,September,Spring,Thursday,14:00 - 15:59,Midday / afternoon,False,False,False,False
1364215,Non-casualty (towaway),Non-casualty (towaway),2024,2024,September,Thursday,18:00 - 19:59,BAKER,ST,0,Right on the spot,NUMBER 47,HN,ENFIELD,,No,Not a school zone,2-way undivided,-33.890626,151.099491,Burwood,Sydney metro. area,Syd-Newc-Woll Gtr conurbation,Straight,,,,Nil,Sealed,Dry,Fine,Dusk,Nil,No traffic controls,50 km/h,Local,73,Off rd rght => obj,704,Right off cway into obj,,Other angle,Light truck,Light truck utility(from 2018),4,0,0,0,0,9,September,Spring,Thursday,18:00 - 19:59,PM peak / evening commute,True,False,False,False
1364226,Non-casualty (towaway),Non-casualty (towaway),2024,2024,August,Tuesday,04:00 - 05:59,GEORGE YOUNG,ST,0,Right on the spot,NUMBER 7-9,HN,AUBURN,,No,Not a school zone,2-way undivided,-33.877166,151.017974,Cumberland,Sydney metro. area,Syd-Newc-Woll Gtr conurbation,Straight,,,,Off,Sealed,Dry,Fine,Dawn,Nil,No traffic controls,40 km/h,Local,49,Other manoeuvring,400,Manov - other,,Other angle,Unknown motor vehicle,4 wheel drive / SUV,2,0,0,0,0,8,August,Winter,Tuesday,04:00 - 05:59,Late night / early morning,False,False,False,False
1364235,Non-casualty (towaway),Non-casualty (towaway),2024,2024,September,Sunday,14:00 - 15:59,CABRAMATTA,RD,0,Right on the spot,NUMBER 119,HN,CABRAMATTA,534.0,Yes,No,Divided road,-33.895193,150.940792,Fairfield,Sydney metro. area,Syd-Newc-Woll Gtr conurbation,Curved,,,,Off,Sealed,Dry,Fine,Daylight,Nil,No traffic controls,60 km/h,State,81,Off left/rt bnd=>obj,803,Off right bend into obj,Left,Vehicle - Object,4 wheel drive / SUV,,1,0,0,0,0,9,September,Spring,Sunday,14:00 - 15:59,Midday / afternoon,False,False,False,False
1364266,Non-casualty (towaway),Non-casualty (towaway),2024,2024,September,Wednesday,14:00 - 15:59,RIVERSIDE,DR,0,Right on the spot,WHEATLEY,DR,AIRDS,,No,Not a school zone,T-junction,-34.083469,150.829104,Campbelltown,Sydney metro. area,Syd-Newc-Woll Gtr conurbation,Straight,,,,Off,Sealed,Dry,Fine,Daylight,Nil,Give way sign,50 km/h,Local,30,Rear end,301,Same - Rear end,,Rear end,Unknown motor vehicle,4 wheel drive / SUV,2,0,0,0,0,9,September,Spring,Wednesday,14:00 - 15:59,Midday / afternoon,False,False,False,False
1364267,Non-casualty (towaway),Non-casualty (towaway),2024,2024,September,Friday,10:00 - 11:59,GROVE,ST,0,Right on the spot,NUMBER 56,HN,KOORINGAL,,No,Not a school zone,2-way undivided,-35.137693,147.374502,Wagga Wagga,Country urban,Rest of NSW - Urban,Straight,,,,On,Sealed,Dry,Fine,Daylight,Nil,No traffic controls,50 km/h,Local,73,Off rd rght => obj,704,Right off cway into obj,,Other angle,Light truck utility(from 2018),Light truck utility(from 2018),2,0,0,0,0,9,September,Spring,Friday,10:00 - 11:59,Midday / afternoon,False,False,False,False
1364280,Non-casualty (towaway),Non-casualty (towaway),2024,2024,October,Tuesday,16:00 - 17:59,NEWCASTLE,EXP,1000,North,MANDALONG ROAD,OP,MORISSET,6003.0,No,Not a school zone,Dual freeway,-33.110293,151.46146,Lake Macquarie,Newcastle met. area,Syd-Newc-Woll Gtr conurbation,Curved,,,,Nil,Sealed,Dry,Fine,Daylight,Nil,No traffic controls,110 km/h,State,34,Lane change right,306,Same - Lane change right,,Other angle,Car (sedan/hatch),Light truck,2,0,0,0,0,10,October,Spring,Tuesday,16:00 - 17:59,PM peak / evening commute,True,False,False,False
1364324,Non-casualty (towaway),Non-casualty (towaway),2024,2024,August,Monday,10:00 - 11:59,COWPASTURE,RD,0,Right on the spot,GREENWAY DRIVE,TO,WEST HOXTON,648.0,No,Not a school zone,Divided road,-33.935525,150.843195,Liverpool,Sydney metro. area,Syd-Newc-Woll Gtr conurbation,Straight,,,,Unknown / not stated,Sealed,Dry,Fine,Daylight,Nil,No traffic controls,70 km/h,State,30,Rear end,301,Same - Rear end,,Rear end,4 wheel drive / SUV,Light truck utility(from 2018),4,0,0,0,0,8,August,Winter,Monday,10:00 - 11:59,Midday / afternoon,False,False,False,False
1364325,Non-casualty (towaway),Non-casualty (towaway),2024,2024,August,Friday,18:00 - 19:59,GREAT WESTERN,HWY,50,East,ANDREAS,ST,PETERSHAM,5.0,Yes,No,Divided road,-33.88928,151.151898,Inner West,Sydney metro. area,Syd-Newc-Woll Gtr conurbation,Straight,Steep grade,,,Unknown / not stated,Sealed,Dry,Fine,Darkness,Nil,No traffic controls,60 km/h,State,30,Rear end,301,Same - Rear end,,Rear end,Car (sedan/hatch),4 wheel drive / SUV,3,0,0,0,0,8,August,Winter,Friday,18:00 - 19:59,PM peak / evening commute,True,False,False,False
1364326,Non-casualty (towaway),Non-casualty (towaway),2024,2024,August,Saturday,14:00 - 15:59,BOURKE,ST,0,Right on the spot,RED HILL,RD,BOURKELANDS,211.0,No,Not a school zone,Roundabout,-35.149487,147.34947,Wagga Wagga,Country urban,Rest of NSW - Urban,Curved,,,,Unknown / not stated,Sealed,Dry,Fine,Daylight,Nil,Give way sign,70 km/h,Regional,10,Cross traffic,101,Adj - Cross traffic,,Right angle,4 wheel drive / SUV,Car (sedan/hatch),2,0,0,0,0,8,August,Winter,Saturday,14:00 - 15:59,Midday / afternoon,False,False,False,False
1364327,Non-casualty (towaway),Non-casualty (towaway),2024,2024,July,Sunday,04:00 - 05:59,SYDENHAM,RD,0,Right on the spot,VICTORIA,RD,MARRICKVILLE,664.0,No,Not a school zone,X-intersection,-33.909724,151.162208,Inner West,Sydney metro. area,Syd-Newc-Woll Gtr conurbation,Straight,,,,Unknown / not stated,Sealed,Dry,Fine,Dawn,On,No traffic controls,60 km/h,State,10,Cross traffic,101,Adj - Cross traffic,,Right angle,4 wheel drive / SUV,Car (sedan/hatch),2,0,0,0,0,7,July,Winter,Sunday,04:00 - 05:59,Late night / early morning,False,False,False,False
1364330,Non-casualty (towaway),Non-casualty (towaway),2024,2024,July,Thursday,20:00 - 21:59,OXFORD,ST,0,Right on the spot,DARLINGHURST,RD,DARLINGHURST,172.0,No,Not a school zone,T-junction,-33.881203,151.218066,Sydney,Sydney metro. area,Syd-Newc-Woll Gtr conurbation,Straight,,,,Unknown / not stated,Sealed,Dry,Overcast,Darkness,On,No traffic controls,50 km/h,State,33,Lane sideswipe,305,Same - Lane side swipe,,Other angle,Car (sedan/hatch),Other bus,2,0,0,0,0,7,July,Winter,Thursday,20:00 - 21:59,Evening / night,False,False,False,False
1364331,Non-casualty (towaway),Non-casualty (towaway),2024,2024,September,Friday,20:00 - 21:59,WINDSOR,RD,250,North,MILE END,RD,ROUSE HILL,184.0,No,Not a school zone,Divided road,-33.682205,150.915342,Blacktown,Sydney metro. area,Syd-Newc-Woll Gtr conurbation,Straight,,,,Unknown / not stated,Sealed,Wet,Raining,Darkness,Nil,No traffic controls,80 km/h,State,67,Struck animal,609,On path - Hit animal,,Vehicle - Animal,4 wheel drive / SUV,,1,0,0,0,0,9,September,Spring,Friday,20:00 - 21:59,Evening / night,False,False,False,False
1364336,Non-casualty (towaway),Non-casualty (towaway),2024,2024,September,Sunday,04:00 - 05:59,OCEAN,DR,2750,South,ELKHORN,GR,LAKE INNES,600.0,No,Not a school zone,2-way undivided,-31.509541,152.891949,Port Macquarie-Hastings,Country non-urban,Rest of NSW - Rural,Curved,,,,Unknown / not stated,Sealed,Wet,Raining,Darkness,Nil,No traffic controls,100 km/h,Regional,69,Other on path,600,On path - Other,,Unknown,Car (sedan/hatch),,1,0,0,0,0,9,September,Spring,Sunday,04:00 - 05:59,Late night / early morning,False,False,False,False
1364337,Non-casualty (towaway),Non-casualty (towaway),2024,2024,October,Wednesday,20:00 - 21:59,CASSINIA,ST,0,Right on the spot,HEATHER,ST,CRESTWOOD,,No,Not a school zone,T-junction,-35.351897,149.214895,Queanbeyan-Palerang Regional,Country urban,Rest of NSW - Urban,Curved,Steep grade,,,Unknown / not stated,Sealed,Dry,Fine,Darkness,Nil,Give way sign,50 km/h,Local,80,Off left/right bend,706,Left turn,Left,Rollover,Car (sedan/hatch),,1,0,0,0,0,10,October,Spring,Wednesday,20:00 - 21:59,Evening / night,False,False,False,False
1364338,Non-casualty (towaway),Non-casualty (towaway),2024,2024,October,Friday,14:00 - 15:59,MOOMBARA,ST,40,South,BYAMEE,ST,DAPTO,,Yes,No,Divided road,-34.495258,150.796261,Wollongong,Wollongong met. area,Syd-Newc-Woll Gtr conurbation,Straight,,,,Unknown / not stated,Sealed,Dry,Fine,Daylight,Nil,No traffic controls,50 km/h,Local,71,Off rd left => obj,703,Left off cway into object,,Other angle,4 wheel drive / SUV,4 wheel drive / SUV,3,0,0,0,0,10,October,Spring,Friday,14:00 - 15:59,Midday / afternoon,False,False,False,False
1364339,Non-casualty (towaway),Non-casualty (towaway),2024,2024,October,Saturday,22:00 - Midnight,OLYMPIC,HWY,500,South,OLD TRUNK,RD,THE ROCK,78.0,No,Not a school zone,2-way undivided,-35.256078,147.151467,Wagga Wagga,Country non-urban,Rest of NSW - Rural,Straight,,,,Unknown / not stated,Sealed,Dry,Fine,Darkness,Nil,No traffic controls,100 km/h,State,71,Off rd left => obj,703,Left off cway into object,,Vehicle - Object,Light truck utility(from 2018),,1,0,0,0,0,10,October,Spring,Saturday,22:00 - Midnight,Evening / night,False,False,False,False
1364340,Non-casualty (towaway),Non-casualty (towaway),2024,2024,October,Sunday,10:00 - 11:59,THUNDERBOLTS,WAY,0,Right on the spot,NUMBER 3479,HN,URALLA,73.0,No,Not a school zone,2-way undivided,-30.693974,151.496746,Uralla,Country non-urban,Rest of NSW - Rural,Curved,Ditch/drain/culvert,,,Unknown / not stated,Sealed,Dry,Fine,Daylight,Nil,No traffic controls,100 km/h,Regional,81,Off left/rt bnd=>obj,803,Off right bend into obj,Left,Vehicle - Object,4 wheel drive / SUV,,1,0,0,0,0,10,October,Spring,Sunday,10:00 - 11:59,Midday / afternoon,False,False,False,False
1364342,Non-casualty (towaway),Non-casualty (towaway),2024,2024,October,Monday,12:00 - 13:59,PACIFIC,HWY,0,Right on the spot,NEWCASTLE EXPRESSWAY,TO,MOUNT WHITE,10.0,No,Not a school zone,Divided road,-33.461153,151.191311,Central Coast,Country urban,Syd-Newc-Woll Gtr conurbation,Straight,,,,Unknown / not stated,Sealed,Dry,Fine,Daylight,Nil,Stop sign,60 km/h,State,30,Rear end,301,Same - Rear end,,Rear end,Passenger van,Motorcycle,2,0,0,0,0,10,October,Spring,Monday,12:00 - 13:59,Midday / afternoon,False,False,False,False
1364344,Non-casualty (towaway),Non-casualty (towaway),2024,2024,October,Friday,16:00 - 17:59,SOUTH WESTERN,EXP,500,West,MOOREBANK,AVE,MOOREBANK,6005.0,No,Not a school zone,Dual freeway,-33.939003,150.919402,Liverpool,Sydney metro. area,Syd-Newc-Woll Gtr conurbation,Straight,Other bridge,,,Unknown / not stated,Sealed,Dry,Fine,Daylight,Nil,No traffic controls,100 km/h,State,30,Rear end,301,Same - Rear end,,Rear end,Light truck utility(from 2018),Light truck utility(from 2018),4,0,0,0,0,10,October,Spring,Friday,16:00 - 17:59,PM peak / evening commute,True,False,False,False
1364345,Non-casualty (towaway),Non-casualty (towaway),2024,2024,August,Friday,16:00 - 17:59,SPROULE,ST,0,Right on the spot,THE BOULEVARDE,MS,LAKEMBA,,No,Not a school zone,Roundabout,-33.921189,151.073606,Canterbury-Bankstown,Sydney metro. area,Syd-Newc-Woll Gtr conurbation,Straight,,,,Unknown / not stated,Sealed,Dry,Fine,Dusk,Nil,Give way sign,50 km/h,Local,11,Right far,102,Adj - Right-thru from left,,Right angle,4 wheel drive / SUV,Large rigid,2,0,0,0,0,8,August,Winter,Friday,16:00 - 17:59,PM peak / evening commute,True,False,False,False
1364347,Non-casualty (towaway),Non-casualty (towaway),2024,2024,October,Wednesday,14:00 - 15:59,SPRING,DR,1700,West,DRAIN,LANE,MULWALA,314.0,No,Not a school zone,2-way undivided,-35.999184,146.12126,Federation,Country non-urban,Rest of NSW - Rural,Curved,Foot/cycle path/nature strip,,,Unknown / not stated,Sealed,Dry,Fine,Daylight,Nil,No traffic controls,100 km/h,State,81,Off left/rt bnd=>obj,803,Off right bend into obj,Left,Vehicle - Object,Car (sedan/hatch),,1,0,0,0,0,10,October,Spring,Wednesday,14:00 - 15:59,Midday / afternoon,False,False,False,False
1364348,Non-casualty (towaway),Non-casualty (towaway),2024,2024,October,Friday,12:00 - 13:59,POINT,ST,0,Right on the spot,SOUTHVIEW,ST,BULLI,,No,Not a school zone,X-intersection,-34.330496,150.923544,Wollongong,Wollongong met. area,Syd-Newc-Woll Gtr conurbation,Straight,Steep grade,,,Unknown / not stated,Sealed,Dry,Fine,Daylight,Nil,Give way sign,50 km/h,Local,11,Right far,102,Adj - Right-thru from left,,Right angle,4 wheel drive / SUV,Light truck utility(from 2018),2,0,0,0,0,10,October,Spring,Friday,12:00 - 13:59,Midday / afternoon,False,False,False,False
1364349,Non-casualty (towaway),Non-casualty (towaway),2024,2024,October,Friday,16:00 - 17:59,MONA VALE,RD,0,Right on the spot,ROSEDALE,RD,ST IVES,162.0,No,Not a school zone,X-intersection,-33.730027,151.160934,Ku-ring-gai,Sydney metro. area,Syd-Newc-Woll Gtr conurbation,Straight,,,,Unknown / not stated,Sealed,Dry,Fine,Dusk,Off,No traffic controls,60 km/h,State,13,Right near,104,Adj - Right-thru from right,,Right angle,Car (sedan/hatch),Car (sedan/hatch),2,0,0,0,0,10,October,Spring,Friday,16:00 - 17:59,PM peak / evening commute,True,False,False,False
1364352,Non-casualty (towaway),Non-casualty (towaway),2024,2024,October,Saturday,12:00 - 13:59,SODWALLS,RD,10,East,JERRYS MEADOW,RD,SODWALLS,,No,Not a school zone,T-junction,-33.517678,149.988575,Lithgow,Country non-urban,Rest of NSW - Rural,Curved,,,,Unknown / not stated,Sealed,Dry,Fine,Daylight,Nil,No traffic controls,100 km/h,Local,88,Out of cont on bend,805,Out of control on bend,,Rollover,Car (sedan/hatch),,1,0,0,0,0,10,October,Spring,Saturday,12:00 - 13:59,Midday / afternoon,False,False,False,False
1364353,Non-casualty (towaway),Non-casualty (towaway),2024,2024,September,Friday,18:00 - 19:59,OMATI,ST,0,Right on the spot,POPONDETTA,RD,WHALAN,,No,Not a school zone,T-junction,-33.749529,150.805988,Blacktown,Sydney metro. area,Syd-Newc-Woll Gtr conurbation,Straight,Steep grade,,,Unknown / not stated,Sealed,Wet,Raining,Darkness,Nil,Give way sign,50 km/h,Local,11,Right far,102,Adj - Right-thru from left,,Right angle,4 wheel drive / SUV,4 wheel drive / SUV,2,0,0,0,0,9,September,Spring,Friday,18:00 - 19:59,PM peak / evening commute,True,False,False,False
1364355,Non-casualty (towaway),Non-casualty (towaway),2024,2024,October,Thursday,12:00 - 13:59,EUROBODALLA,RD,0,Right on the spot,NUMBER 56,HN,BODALLA,,No,Not a school zone,2-way undivided,-36.094867,150.045929,Eurobodalla,Country urban,Rest of NSW - Urban,Curved,Driveway/entrance,,,Unknown / not stated,Sealed,Dry,Fine,Daylight,Nil,No traffic controls,60 km/h,Local,49,Other manoeuvring,400,Manov - other,,Other angle,Light truck utility(from 2018),Light truck utility(from 2018),2,0,0,0,0,10,October,Spring,Thursday,12:00 - 13:59,Midday / afternoon,False,False,False,False
1364356,Non-casualty (towaway),Non-casualty (towaway),2024,2024,October,Friday,08:00 - 09:59,CAVES,RD,2260,North,WEE JASPER,RD,WEE JASPER,,No,Not a school zone,2-way undivided,-35.090282,148.672378,Yass Valley,Country non-urban,Rest of NSW - Rural,Straight,,,,Unknown / not stated,Sealed,Dry,Fine,Daylight,Nil,No traffic controls,100 km/h,Local,20,Head on,201,Opp - Head on,,Head-on,Car (sedan/hatch),Light truck utility(from 2018),2,0,0,0,0,10,October,Spring,Friday,08:00 - 09:59,AM peak / school commute,True,False,False,False
1364359,Non-casualty (towaway),Non-casualty (towaway),2024,2024,October,Monday,16:00 - 17:59,NERRIGA,RD,4000,West,TOLWONG,RD,SASSAFRAS,92.0,No,Not a school zone,2-way undivided,-35.08885,150.120204,Shoalhaven,Country urban,Rest of NSW - Urban,Straight,,,,Unknown / not stated,Sealed,Dry,Fine,Daylight,Nil,No traffic controls,60 km/h,Regional,30,Rear end,301,Same - Rear end,,Rear end,Car (sedan/hatch),Station wagon,2,0,0,0,0,10,October,Spring,Monday,16:00 - 17:59,PM peak / evening commute,True,False,False,False
1364365,Non-casualty (towaway),Non-casualty (towaway),2024,2024,October,Sunday,14:00 - 15:59,OLD NORTHERN,RD,0,Right on the spot,NUMBER 609,HN,GLENHAVEN,160.0,No,Not a school zone,2-way undivided,-33.706835,151.011163,Hornsby,Sydney metro. area,Syd-Newc-Woll Gtr conurbation,Curved,,,,Unknown / not stated,Sealed,Dry,Fine,Daylight,Nil,No traffic controls,60 km/h,State,49,Other manoeuvring,400,Manov - other,,Other angle,4 wheel drive / SUV,4 wheel drive / SUV,2,0,0,0,0,10,October,Spring,Sunday,14:00 - 15:59,Midday / afternoon,False,False,False,False
1364369,Non-casualty (towaway),Non-casualty (towaway),2024,2024,October,Saturday,08:00 - 09:59,ANZAC,PDE,70,South,TODMAN,AVE,KENSINGTON,171.0,No,Not a school zone,Divided road,-33.910665,151.223089,Randwick,Sydney metro. area,Syd-Newc-Woll Gtr conurbation,Straight,,,,Unknown / not stated,Sealed,Dry,Fine,Daylight,Nil,No traffic controls,50 km/h,State,71,Off rd left => obj,703,Left off cway into object,,Vehicle - Object,4 wheel drive / SUV,,1,0,0,0,0,10,October,Spring,Saturday,08:00 - 09:59,AM peak / school commute,True,False,False,False
1364370,Non-casualty (towaway),Non-casualty (towaway),2024,2024,October,Sunday,02:00 - 03:59,ROSS,LANE,0,Right on the spot,NEWRYBAR SWAMP,RD,KINVARA,7735.0,No,Not a school zone,T-junction,-28.786879,153.550173,Ballina,Country urban,Rest of NSW - Urban,Straight,,,,Unknown / not stated,Sealed,Dry,Fine,Darkness,Nil,No traffic controls,80 km/h,Regional,81,Off left/rt bnd=>obj,707,Right turn,Left,Vehicle - Object,4 wheel drive / SUV,,1,0,0,0,0,10,October,Spring,Sunday,02:00 - 03:59,Late night / early morning,False,False,False,False
1364371,Non-casualty (towaway),Non-casualty (towaway),2024,2024,October,Tuesday,16:00 - 17:59,HUME,HWY,875,South,EAST STREET,OP,SOUTH ALBURY,2.0,No,Not a school zone,2-way undivided,-36.096832,146.918348,Albury,Country non-urban,Rest of NSW - Rural,Straight,,,,Unknown / not stated,Sealed,Dry,Fine,Daylight,Nil,No traffic controls,110 km/h,State,33,Lane sideswipe,305,Same - Lane side swipe,,Other angle,Semi-trailer,Car (sedan/hatch),2,0,0,0,0,10,October,Spring,Tuesday,16:00 - 17:59,PM peak / evening commute,True,False,False,False
1364374,Non-casualty (towaway),Non-casualty (towaway),2024,2024,October,Friday,12:00 - 13:59,MINJUNGBAL,DR,0,Right on the spot,NUMBER 45,HN,TWEED HEADS SOUTH,7733.0,No,Not a school zone,Divided road,-28.191524,153.540925,Tweed,Country urban,Rest of NSW - Urban,Straight,,,,Unknown / not stated,Sealed,Dry,Fine,Daylight,Nil,No traffic controls,60 km/h,Regional,43,Entering parking,402,Manov - Entering parking veh,,Other angle,Light truck utility(from 2018),Light truck,2,0,0,0,0,10,October,Spring,Friday,12:00 - 13:59,Midday / afternoon,False,False,False,False
1364375,Non-casualty (towaway),Non-casualty (towaway),2024,2024,October,Wednesday,16:00 - 17:59,FREDERICK,ST,0,Right on the spot,THOMAS,ST,ASHFIELD,650.0,No,Not a school zone,X-intersection,-33.886622,151.118769,Inner West,Sydney metro. area,Syd-Newc-Woll Gtr conurbation,Straight,,,,Unknown / not stated,Sealed,Dry,Fine,Daylight,On,No traffic controls,60 km/h,State,30,Rear end,301,Same - Rear end,,Rear end,Car (sedan/hatch),Car (sedan/hatch),2,0,0,0,0,10,October,Spring,Wednesday,16:00 - 17:59,PM peak / evening commute,True,False,False,False
1364376,Non-casualty (towaway),Non-casualty (towaway),2024,2024,September,Sunday,14:00 - 15:59,KAMILAROI,HWY,100,East,TUNGRA,RD,WALGETT,29.0,No,Not a school zone,2-way undivided,-30.005554,147.883749,Walgett,Country non-urban,Rest of NSW - Rural,Straight,,,,Unknown / not stated,Sealed,Dry,Fine,Daylight,Nil,No traffic controls,110 km/h,State,74,On road-out of cont.,705,Out of control on cway,,Rollover,Road train,,1,0,0,0,0,9,September,Spring,Sunday,14:00 - 15:59,Midday / afternoon,False,False,False,False
1364377,Non-casualty (towaway),Non-casualty (towaway),2024,2024,September,Monday,16:00 - 17:59,NEWTON,RD,0,Right on the spot,WALTERS,RD,BLACKTOWN,7155.0,No,Not a school zone,Roundabout,-33.772396,150.895825,Blacktown,Sydney metro. area,Syd-Newc-Woll Gtr conurbation,Straight,Steep grade,,,Unknown / not stated,Sealed,Dry,Fine,Daylight,Nil,Give way sign,50 km/h,Regional,10,Cross traffic,101,Adj - Cross traffic,,Right angle,4 wheel drive / SUV,Car (sedan/hatch),2,0,0,0,0,9,September,Spring,Monday,16:00 - 17:59,PM peak / evening commute,True,False,False,False
1364380,Non-casualty (towaway),Non-casualty (towaway),2024,2024,October,Friday,14:00 - 15:59,TWEED VALLEY,WAY,600,North,MINNOWS,RD,FERNVALE,679.0,No,Not a school zone,2-way undivided,-28.374905,153.416441,Tweed,Country non-urban,Rest of NSW - Rural,Straight,,,,Unknown / not stated,Sealed,Dry,Fine,Daylight,Nil,No traffic controls,90 km/h,Regional,71,Off rd left => obj,703,Left off cway into object,,Vehicle - Object,Car (sedan/hatch),,1,0,0,0,0,10,October,Spring,Friday,14:00 - 15:59,Midday / afternoon,False,False,False,False
1364381,Non-casualty (towaway),Non-casualty (towaway),2024,2024,October,Tuesday,10:00 - 11:59,VICTORIA,ST,30,East,FLORENCE,ST,TAREE,7776.0,No,Not a school zone,Divided road,-31.910321,152.466039,Mid-Coast,Country urban,Rest of NSW - Urban,Straight,Bus stop,,,Unknown / not stated,Sealed,Dry,Fine,Daylight,Nil,No traffic controls,60 km/h,Regional,71,Off rd left => obj,703,Left off cway into object,,Vehicle - Object,4 wheel drive / SUV,,1,0,0,0,0,10,October,Spring,Tuesday,10:00 - 11:59,Midday / afternoon,False,False,False,False