crash_id,degree_of_crash,degree_of_crash_-_detailed,reporting_year,year_of_crash,month_of_crash,day_of_week_of_crash,two-hour_intervals,street_of_crash,street_type,distance,direction,identifying_feature,identifying_feature_type,town,route_no.,school_zone_location,school_zone_active,type_of_location,latitude,longitude,lga,urbanisation,conurbation_1,alignment,primary_permanent_feature,primary_temporary_feature,primary_hazardous_feature,street_lighting,road_surface,surface_condition,weather,natural_lighting,signals_operation,other_traffic_control,speed_limit,road_classification_(admin),rum_-_code,rum_-_description,dca_-_code,dca_-_description,dca_supplement,first_impact_type,key_tu_type,other_tu_type,no._of_traffic_units_involved,no._killed,no._seriously_injured,no._moderately_injured,no._minor-other_injured,month_num,month_label,season,day_label,time_label,time_band,is_peak_commute,is_fatal,is_injury,is_casualty
1364384,Non-casualty (towaway),Non-casualty (towaway),2024,2024,October,Tuesday,10:00 - 11:59,WHARF,RD,130,East,WATT,ST,NEWCASTLE EAST,,No,Not a school zone,2-way undivided,-32.925374,151.786341,Newcastle,Newcastle met. area,Syd-Newc-Woll Gtr conurbation,Straight,,,,Unknown / not stated,Sealed,Dry,Fine,Daylight,Nil,No traffic controls,30 km/h,Local,71,Off rd left => obj,703,Left off cway into object,,Vehicle - Object,Car (sedan/hatch),,1,0,0,0,0,10,October,Spring,Tuesday,10:00 - 11:59,Midday / afternoon,False,False,False,False
1364385,Non-casualty (towaway),Non-casualty (towaway),2024,2024,October,Wednesday,10:00 - 11:59,ALLAMBIE,RD,0,Right on the spot,RODBOROUGH,RD,FRENCHS FOREST,7345.0,No,Not a school zone,Roundabout,-33.75368,151.243464,Northern Beaches,Sydney metro. area,Syd-Newc-Woll Gtr conurbation,Straight,,,,Unknown / not stated,Sealed,Dry,Overcast,Daylight,Nil,Give way sign,60 km/h,Regional,37,Left turn sideswipe,309,Same - Left turn side swipe,,Other angle,Car (sedan/hatch),Large rigid,2,0,0,0,0,10,October,Spring,Wednesday,10:00 - 11:59,Midday / afternoon,False,False,False,False
1364386,Non-casualty (towaway),Non-casualty (towaway),2024,2024,October,Monday,16:00 - 17:59,BECKWITH,ST,0,Right on the spot,KINCAID,ST,WAGGA WAGGA,,No,Not a school zone,X-intersection,-35.10605,147.36159,Wagga Wagga,Country urban,Rest of NSW - Urban,Straight,,,,Unknown / not stated,Sealed,Dry,Fine,Daylight,Nil,Give way sign,50 km/h,Local,10,Cross traffic,101,Adj - Cross traffic,,Right angle,4 wheel drive / SUV,Light truck utility(from 2018),2,0,0,0,0,10,October,Spring,Monday,16:00 - 17:59,PM peak / evening commute,True,False,False,False
1364387,Non-casualty (towaway),Non-casualty (towaway),2024,2024,October,Monday,12:00 - 13:59,NEWCASTLE,EXP,1000,South,PACIFIC HIGHWAY,OP,COWAN,6003.0,No,Not a school zone,Dual freeway,-33.567942,151.192152,Hornsby,Sydney metro. area,Syd-Newc-Woll Gtr conurbation,Straight,,,,Unknown / not stated,Sealed,Dry,Fine,Daylight,Nil,No traffic controls,110 km/h,State,30,Rear end,301,Same - Rear end,,Rear end,Light truck utility(from 2018),4 wheel drive / SUV,2,0,0,0,0,10,October,Spring,Monday,12:00 - 13:59,Midday / afternoon,False,False,False,False
1364388,Non-casualty (towaway),Non-casualty (towaway),2024,2024,October,Thursday,16:00 - 17:59,DOBNEY,AVE,20,North,CHASTON,ST,WAGGA WAGGA,,No,Not a school zone,2-way undivided,-35.120186,147.345455,Wagga Wagga,Country urban,Rest of NSW - Urban,Straight,Driveway/entrance,,,Unknown / not stated,Sealed,Dry,Fine,Daylight,Nil,No traffic controls,50 km/h,Local,47,Emerging from drive,406,Manov - Emerging from driveway,,Right angle,Car (sedan/hatch),Car (sedan/hatch),2,0,0,0,0,10,October,Spring,Thursday,16:00 - 17:59,PM peak / evening commute,True,False,False,False
1364389,Non-casualty (towaway),Non-casualty (towaway),2024,2024,October,Sunday,10:00 - 11:59,PRINCES,HWY,0,Right on the spot,PRESIDENT,AVE,KIRRAWEE,1.0,No,Not a school zone,X-intersection,-34.035099,151.066289,Sutherland,Sydney metro. area,Syd-Newc-Woll Gtr conurbation,Straight,,,,Unknown / not stated,Sealed,Dry,Fine,Daylight,On,No traffic controls,70 km/h,State,35,Lane change left,307,Same - Lane change left,,Other angle,Large rigid,Car (sedan/hatch),2,0,0,0,0,10,October,Spring,Sunday,10:00 - 11:59,Midday / afternoon,False,False,False,False
1364390,Non-casualty (towaway),Non-casualty (towaway),2024,2024,January,Friday,02:00 - 03:59,THE RIVER,RD,70,South,MILPERRA,RD,REVESBY,634.0,Yes,No,2-way undivided,-33.939114,151.018619,Canterbury-Bankstown,Sydney metro. area,Syd-Newc-Woll Gtr conurbation,Straight,Driveway/entrance,,,Unknown / not stated,Sealed,Dry,Fine,Darkness,Nil,No traffic controls,60 km/h,State,47,Emerging from drive,406,Manov - Emerging from driveway,,Right angle,Light truck utility(from 2018),Car (sedan/hatch),2,0,0,0,0,1,January,Summer,Friday,02:00 - 03:59,Late night / early morning,False,False,False,False
1364392,Non-casualty (towaway),Non-casualty (towaway),2024,2024,October,Monday,10:00 - 11:59,LANGLEY,ST,0,Right on the spot,NUMBER 15,HN,DARLINGHURST,,No,Not a school zone,2-way undivided,-33.8781,151.21594,Sydney,Sydney metro. area,Syd-Newc-Woll Gtr conurbation,Straight,Steep grade,,,Unknown / not stated,Sealed,Dry,Fine,Daylight,Nil,No traffic controls,50 km/h,Local,73,Off rd rght => obj,704,Right off cway into obj,,Other angle,4 wheel drive / SUV,Car (sedan/hatch),2,0,0,0,0,10,October,Spring,Monday,10:00 - 11:59,Midday / afternoon,False,False,False,False
1364393,Non-casualty (towaway),Non-casualty (towaway),2024,2024,October,Tuesday,14:00 - 15:59,NEWCASTLE,EXP,1900,North,PACIFIC HIGHWAY,OP,COWAN,6003.0,No,Not a school zone,Dual freeway,-33.542683,151.197804,Hornsby,Sydney metro. area,Syd-Newc-Woll Gtr conurbation,Straight,,,,Unknown / not stated,Sealed,Dry,Fine,Daylight,Nil,No traffic controls,110 km/h,State,39,Other same direction,300,Same - other,,Other angle,Semi-trailer,4 wheel drive / SUV,4,0,0,0,0,10,October,Spring,Tuesday,14:00 - 15:59,Midday / afternoon,False,False,False,False
1364395,Non-casualty (towaway),Non-casualty (towaway),2024,2024,October,Wednesday,16:00 - 17:59,STURT,HWY,0,Right on the spot,LAKE ALBERT,RD,EAST WAGGA WAGGA,14.0,No,Not a school zone,X-intersection,-35.120174,147.378395,Wagga Wagga,Country urban,Rest of NSW - Urban,Straight,,,,Unknown / not stated,Sealed,Dry,Fine,Daylight,On,No traffic controls,60 km/h,State,30,Rear end,301,Same - Rear end,,Rear end,Light truck utility(from 2018),Car (sedan/hatch),2,0,0,0,0,10,October,Spring,Wednesday,16:00 - 17:59,PM peak / evening commute,True,False,False,False
1364396,Non-casualty (towaway),Non-casualty (towaway),2024,2024,October,Friday,22:00 - Midnight,HYLAND,RD,522,West,GIPPS,RD,GREYSTANES,,No,Not a school zone,2-way undivided,-33.833064,150.919356,Cumberland,Sydney metro. area,Syd-Newc-Woll Gtr conurbation,Curved,Steep grade,,,Unknown / not stated,Sealed,Wet,Fine,Darkness,Nil,No traffic controls,50 km/h,Local,81,Off left/rt bnd=>obj,803,Off right bend into obj,Left,Vehicle - Object,Car (sedan/hatch),,1,0,0,0,0,10,October,Spring,Friday,22:00 - Midnight,Evening / night,False,False,False,False
1364397,Non-casualty (towaway),Non-casualty (towaway),2024,2024,September,Saturday,14:00 - 15:59,PACIFIC,HWY,200,North,MCLAUGHLIN ROAD,OP,CORINDI BEACH,10.0,No,Not a school zone,Divided road,-30.003172,153.16668,Coffs Harbour,Country non-urban,Rest of NSW - Rural,Straight,,,,Unknown / not stated,Sealed,Wet,Raining,Daylight,Nil,No traffic controls,110 km/h,State,73,Off rd rght => obj,704,Right off cway into obj,,Vehicle - Object,Car (sedan/hatch),,1,0,0,0,0,9,September,Spring,Saturday,14:00 - 15:59,Midday / afternoon,False,False,False,False
1364403,Non-casualty (towaway),Non-casualty (towaway),2024,2024,October,Sunday,16:00 - 17:59,PUNCHBOWL,RD,0,Right on the spot,THE BOULEVARDE,MS,PUNCHBOWL,549.0,No,Not a school zone,T-junction,-33.925652,151.054714,Canterbury-Bankstown,Sydney metro. area,Syd-Newc-Woll Gtr conurbation,Straight,,,,Unknown / not stated,Sealed,Dry,Fine,Daylight,On,Ped crossing,60 km/h,State,21,Right through,202,Opp - Right-thru,,Other angle,Light truck utility(from 2018),Motorcycle,2,0,0,0,0,10,October,Spring,Sunday,16:00 - 17:59,PM peak / evening commute,True,False,False,False
1364404,Non-casualty (towaway),Non-casualty (towaway),2024,2024,October,Sunday,02:00 - 03:59,PACIFIC,HWY,0,Right on the spot,TYAGARAH,RD,TYAGARAH,10.0,No,Not a school zone,T-junction,-28.608065,153.546629,Byron,Country non-urban,Rest of NSW - Rural,Straight,,,,Unknown / not stated,Sealed,Dry,Fine,Darkness,Nil,Give way sign,100 km/h,State,72,Off road to right,702,Off carriageway to right,,Rollover,Car (sedan/hatch),,1,0,0,0,0,10,October,Spring,Sunday,02:00 - 03:59,Late night / early morning,False,False,False,False
1364411,Non-casualty (towaway),Non-casualty (towaway),2024,2024,October,Thursday,16:00 - 17:59,AUSTRALIA,AVE,165,North,BICENTENNIAL,DR,SYDNEY OLYMPIC PARK,,No,Not a school zone,Divided road,-33.851548,151.075231,Parramatta,Sydney metro. area,Syd-Newc-Woll Gtr conurbation,Straight,,,,Unknown / not stated,Sealed,Dry,Overcast,Daylight,Nil,No traffic controls,60 km/h,Local,30,Rear end,301,Same - Rear end,,Rear end,Light truck,4 wheel drive / SUV,3,0,0,0,0,10,October,Spring,Thursday,16:00 - 17:59,PM peak / evening commute,True,False,False,False
1364414,Non-casualty (towaway),Non-casualty (towaway),2024,2024,October,Friday,20:00 - 21:59,SLOANE,ST,229,West,BRAIDWOOD,RD,GOULBURN,,No,Not a school zone,2-way undivided,-34.77818,149.706085,Goulburn Mulwaree,Country urban,Rest of NSW - Urban,Curved,Low clr o'head brdge,,,Unknown / not stated,Sealed,Wet,Raining,Darkness,Nil,No traffic controls,60 km/h,Local,69,Other on path,600,On path - Other,,Vehicle - Object,4 wheel drive / SUV,,1,0,0,0,0,10,October,Spring,Friday,20:00 - 21:59,Evening / night,False,False,False,False
1364416,Non-casualty (towaway),Non-casualty (towaway),2024,2024,September,Sunday,16:00 - 17:59,HUME,HWY,800,North,STURT HIGHWAY,OP,TARCUTTA,2.0,No,Not a school zone,Divided road,-35.215877,147.802349,Wagga Wagga,Country non-urban,Rest of NSW - Rural,Straight,Steep grade,,,Unknown / not stated,Sealed,Dry,Fine,Daylight,Nil,No traffic controls,110 km/h,State,72,Off road to right,702,Off carriageway to right,,Rollover,4 wheel drive / SUV,,1,0,0,0,0,9,September,Spring,Sunday,16:00 - 17:59,PM peak / evening commute,True,False,False,False
1364417,Non-casualty (towaway),Non-casualty (towaway),2024,2024,October,Friday,12:00 - 13:59,JONES,ST,0,Right on the spot,WILLIAMS,LANE,BROKEN HILL,,No,Not a school zone,X-intersection,-31.955562,141.445506,Broken Hill,Country urban,Rest of NSW - Urban,Straight,,,,Unknown / not stated,Sealed,Dry,Fine,Daylight,Nil,Stop sign,50 km/h,Local,40,U turn,207,Opp - U-turn,,Other angle,Light truck utility(from 2018),Light truck utility(from 2018),2,0,0,0,0,10,October,Spring,Friday,12:00 - 13:59,Midday / afternoon,False,False,False,False
1364418,Non-casualty (towaway),Non-casualty (towaway),2024,2024,October,Monday,12:00 - 13:59,SWIFT,ST,30,West,OLIVE,ST,ALBURY,,No,Not a school zone,2-way undivided,-36.078888,146.918094,Albury,Country urban,Rest of NSW - Urban,Straight,Driveway/entrance,,,Unknown / not stated,Sealed,Dry,Fine,Daylight,Nil,No traffic controls,50 km/h,Local,32,Right rear,303,Same - Rear right,,Rear end,Car (sedan/hatch),4 wheel drive / SUV,2,0,0,0,0,10,October,Spring,Monday,12:00 - 13:59,Midday / afternoon,False,False,False,False
1364421,Non-casualty (towaway),Non-casualty (towaway),2024,2024,September,Thursday,16:00 - 17:59,CHURCH,AVE,0,Right on the spot,HENRY,ST,QUIRINDI,,No,Not a school zone,X-intersection,-31.507917,150.678798,Liverpool Plains,Country urban,Rest of NSW - Urban,Straight,Steep grade,,,Unknown / not stated,Sealed,Dry,Fine,Dusk,Nil,No traffic controls,50 km/h,Local,71,Off rd left => obj,703,Left off cway into object,,Other angle,Car (sedan/hatch),Utility,2,0,0,0,0,9,September,Spring,Thursday,16:00 - 17:59,PM peak / evening commute,True,False,False,False
1364423,Non-casualty (towaway),Non-casualty (towaway),2024,2024,August,Friday,22:00 - Midnight,COWPASTURE,RD,0,Right on the spot,HOXTON PARK,RD,HINCHINBROOK,648.0,No,Not a school zone,X-intersection,-33.924449,150.848555,Liverpool,Sydney metro. area,Syd-Newc-Woll Gtr conurbation,Straight,,,,On,Sealed,Dry,Fine,Darkness,On,No traffic controls,70 km/h,State,30,Rear end,301,Same - Rear end,,Rear end,Motor scooter,Car (sedan/hatch),2,0,0,0,0,8,August,Winter,Friday,22:00 - Midnight,Evening / night,False,False,False,False
1364427,Non-casualty (towaway),Non-casualty (towaway),2024,2024,October,Friday,22:00 - Midnight,ANZAC,PDE,0,Right on the spot,LANG,RD,MOORE PARK,171.0,No,Not a school zone,X-intersection,-33.89522,151.221493,Sydney,Sydney metro. area,Syd-Newc-Woll Gtr conurbation,Curved,,,,Unknown / not stated,Sealed,Wet,Raining,Darkness,On,No traffic controls,60 km/h,State,11,Right far,102,Adj - Right-thru from left,,Right angle,4 wheel drive / SUV,Car (sedan/hatch),2,0,0,0,0,10,October,Spring,Friday,22:00 - Midnight,Evening / night,False,False,False,False
1364428,Non-casualty (towaway),Non-casualty (towaway),2024,2024,October,Tuesday,20:00 - 21:59,THUNDERBOLTS,WAY,60,North,KAUTHI,RD,BRETTI,7719.0,No,Not a school zone,2-way undivided,-31.772681,151.898439,Mid-Coast,Country urban,Rest of NSW - Urban,Curved,,,,Unknown / not stated,Sealed,Wet,Raining,Darkness,Nil,No traffic controls,80 km/h,Regional,88,Out of cont on bend,805,Out of control on bend,,Rollover,4 wheel drive / SUV,,1,0,0,0,0,10,October,Spring,Tuesday,20:00 - 21:59,Evening / night,False,False,False,False
1364431,Non-casualty (towaway),Non-casualty (towaway),2024,2024,October,Saturday,14:00 - 15:59,BUNNERONG,RD,0,Right on the spot,WENTWORTH,AVE,EASTGARDENS,171.0,No,Not a school zone,T-junction,-33.945812,151.226967,Bayside,Sydney metro. area,Syd-Newc-Woll Gtr conurbation,Curved,,,,Unknown / not stated,Sealed,Dry,Fine,Daylight,On,No traffic controls,60 km/h,State,21,Right through,202,Opp - Right-thru,,Other angle,4 wheel drive / SUV,Car (sedan/hatch),2,0,0,0,0,10,October,Spring,Saturday,14:00 - 15:59,Midday / afternoon,False,False,False,False
1364433,Non-casualty (towaway),Non-casualty (towaway),2024,2024,October,Sunday,22:00 - Midnight,WESTERN,EXP,500,East,PROSPECT,HWY,PROSPECT,6004.0,No,Not a school zone,Dual freeway,-33.806231,150.921291,Blacktown,Sydney metro. area,Syd-Newc-Woll Gtr conurbation,Straight,,,,Unknown / not stated,Sealed,Dry,Fine,Darkness,Nil,No traffic controls,100 km/h,State,20,Head on,201,Opp - Head on,,Head-on,4 wheel drive / SUV,4 wheel drive / SUV,2,0,0,0,0,10,October,Spring,Sunday,22:00 - Midnight,Evening / night,False,False,False,False
1364434,Non-casualty (towaway),Non-casualty (towaway),2024,2024,October,Thursday,08:00 - 09:59,TYALGUM,RD,0,Right on the spot,NUMBER 268,HN,EUNGELLA,,No,Not a school zone,2-way undivided,-28.346897,153.340679,Tweed,Country non-urban,Rest of NSW - Rural,Curved,Ditch/drain/culvert,,,Unknown / not stated,Sealed,Wet,Raining,Daylight,Nil,No traffic controls,100 km/h,Local,81,Off left/rt bnd=>obj,803,Off right bend into obj,Left,Vehicle - Object,4 wheel drive / SUV,,1,0,0,0,0,10,October,Spring,Thursday,08:00 - 09:59,AM peak / school commute,True,False,False,False
1364435,Non-casualty (towaway),Non-casualty (towaway),2024,2024,September,Sunday,06:00 - 07:59,WILBAR,AVE,50,North,PURLEY,PL,CRONULLA,,No,Not a school zone,2-way undivided,-34.052363,151.150689,Sutherland,Sydney metro. area,Syd-Newc-Woll Gtr conurbation,Straight,,,,Unknown / not stated,Sealed,Dry,Fine,Dawn,Nil,No traffic controls,50 km/h,Local,71,Off rd left => obj,703,Left off cway into object,,Other angle,Car (sedan/hatch),Light truck,4,0,0,0,0,9,September,Spring,Sunday,06:00 - 07:59,AM peak / school commute,True,False,False,False
1364436,Non-casualty (towaway),Non-casualty (towaway),2024,2024,October,Tuesday,12:00 - 13:59,CAMPBELL,RD,0,Right on the spot,NICHOLII,PL,KENTHURST,,No,Not a school zone,T-junction,-33.660883,150.964235,The Hills,Sydney metro. area,Syd-Newc-Woll Gtr conurbation,Straight,,,,Unknown / not stated,Sealed,Wet,Raining,Daylight,Nil,No traffic controls,50 km/h,Local,75,Off end of road,709,Off end cway or T junct,,Vehicle - Object,Car (sedan/hatch),,1,0,0,0,0,10,October,Spring,Tuesday,12:00 - 13:59,Midday / afternoon,False,False,False,False
1364439,Non-casualty (towaway),Non-casualty (towaway),2024,2024,October,Wednesday,18:00 - 19:59,THE AVENUE,MS,0,Right on the spot,WILLIAM,ST,GRANVILLE,,No,Not a school zone,Roundabout,-33.835313,151.006463,Cumberland,Sydney metro. area,Syd-Newc-Woll Gtr conurbation,Straight,Steep grade,,,Unknown / not stated,Sealed,Wet,Overcast,Daylight,Nil,Give way sign,50 km/h,Local,11,Right far,102,Adj - Right-thru from left,,Right angle,Car (sedan/hatch),4 wheel drive / SUV,2,0,0,0,0,10,October,Spring,Wednesday,18:00 - 19:59,PM peak / evening commute,True,False,False,False
1364441,Non-casualty (towaway),Non-casualty (towaway),2024,2024,October,Friday,06:00 - 07:59,COWPASTURE,RD,0,Right on the spot,NUMBER 500,HN,LEN WATERS ESTATE,648.0,No,Not a school zone,Divided road,-33.918284,150.853449,Liverpool,Sydney metro. area,Syd-Newc-Woll Gtr conurbation,Straight,,,,Unknown / not stated,Sealed,Dry,Fine,Daylight,Nil,No traffic controls,70 km/h,State,30,Rear end,301,Same - Rear end,,Rear end,4 wheel drive / SUV,4 wheel drive / SUV,2,0,0,0,0,10,October,Spring,Friday,06:00 - 07:59,AM peak / school commute,True,False,False,False
1364449,Non-casualty (towaway),Non-casualty (towaway),2024,2024,October,Tuesday,14:00 - 15:59,CUMBERLAND,HWY,0,Right on the spot,NUMBER 251,HN,CARLINGFORD,13.0,No,Not a school zone,2-way undivided,-33.781766,151.050449,Parramatta,Sydney metro. area,Syd-Newc-Woll Gtr conurbation,Straight,,,,Unknown / not stated,Sealed,Dry,Overcast,Daylight,Nil,No traffic controls,60 km/h,State,39,Other same direction,300,Same - other,,Other angle,Large rigid,Car (sedan/hatch),2,0,0,0,0,10,October,Spring,Tuesday,14:00 - 15:59,Midday / afternoon,False,False,False,False
1364450,Non-casualty (towaway),Non-casualty (towaway),2024,2024,September,Tuesday,18:00 - 19:59,CLEVELAND,ST,0,Right on the spot,ELIZABETH,ST,REDFERN,330.0,No,Not a school zone,X-intersection,-33.889952,151.207908,Sydney,Sydney metro. area,Syd-Newc-Woll Gtr conurbation,Straight,,,,Unknown / not stated,Sealed,Dry,Fine,Dusk,On,No traffic controls,50 km/h,State,34,Lane change right,306,Same - Lane change right,,Other angle,4 wheel drive / SUV,4 wheel drive / SUV,3,0,0,0,0,9,September,Spring,Tuesday,18:00 - 19:59,PM peak / evening commute,True,False,False,False
1364451,Non-casualty (towaway),Non-casualty (towaway),2024,2024,September,Monday,00:01 - 01:59,BARTON,HWY,4000,South,YASS VALLEY,WAY,MARCHMONT,15.0,No,Not a school zone,Divided road,-34.901813,148.97744,Yass Valley,Country non-urban,Rest of NSW - Rural,Straight,,,,Unknown / not stated,Sealed,Dry,Fine,Darkness,Nil,No traffic controls,100 km/h,State,67,Struck animal,609,On path - Hit animal,,Vehicle - Animal,Car (sedan/hatch),,1,0,0,0,0,9,September,Spring,Monday,00:01 - 01:59,Late night / early morning,False,False,False,False
1364455,Non-casualty (towaway),Non-casualty (towaway),2024,2024,October,Saturday,10:00 - 11:59,WARRINGAH,RD,0,Right on the spot,NUMBER 592,HN,FORESTVILLE,328.0,Yes,No,2-way undivided,-33.759552,151.218812,Northern Beaches,Sydney metro. area,Syd-Newc-Woll Gtr conurbation,Curved,,,,Unknown / not stated,Sealed,Dry,Fine,Daylight,Nil,No traffic controls,70 km/h,State,30,Rear end,301,Same - Rear end,,Rear end,4 wheel drive / SUV,Car (sedan/hatch),2,0,0,0,0,10,October,Spring,Saturday,10:00 - 11:59,Midday / afternoon,False,False,False,False
1364459,Non-casualty (towaway),Non-casualty (towaway),2024,2024,September,Saturday,16:00 - 17:59,MAIN,RD,250,South,FENNEL BAY BRIDGE,BDGE,TORONTO,217.0,No,Not a school zone,2-way undivided,-32.999588,151.596093,Lake Macquarie,Newcastle met. area,Syd-Newc-Woll Gtr conurbation,Curved,,,,Unknown / not stated,Sealed,Wet,Overcast,Daylight,Nil,No traffic controls,60 km/h,State,80,Off left/right bend,801,Off cway right bend,Left,Rollover,Station wagon,,1,0,0,0,0,9,September,Spring,Saturday,16:00 - 17:59,PM peak / evening commute,True,False,False,False
1364460,Non-casualty (towaway),Non-casualty (towaway),2024,2024,October,Tuesday,08:00 - 09:59,VICTORIA,RD,100,West,MARSDEN,RD,ERMINGTON,165.0,No,Not a school zone,Divided road,-33.80749,151.069528,Parramatta,Sydney metro. area,Syd-Newc-Woll Gtr conurbation,Straight,,,,Unknown / not stated,Sealed,Wet,Raining,Daylight,Nil,No traffic controls,70 km/h,State,30,Rear end,301,Same - Rear end,,Rear end,Large rigid,Car (sedan/hatch),3,0,0,0,0,10,October,Spring,Tuesday,08:00 - 09:59,AM peak / school commute,True,False,False,False
1364464,Non-casualty (towaway),Non-casualty (towaway),2024,2024,September,Thursday,18:00 - 19:59,MCCAFFREY,DR,25,West,MARSHALL,ST,NEW LAMBTON HEIGHTS,7770.0,No,Not a school zone,2-way undivided,-32.92688,151.688312,Newcastle,Newcastle met. area,Syd-Newc-Woll Gtr conurbation,Curved,Steep grade,,,Unknown / not stated,Sealed,Wet,Raining,Darkness,Nil,No traffic controls,60 km/h,Regional,83,Off rt/rt bnd=>obj,803,Off right bend into obj,Right,Vehicle - Object,4 wheel drive / SUV,,1,0,0,0,0,9,September,Spring,Thursday,18:00 - 19:59,PM peak / evening commute,True,False,False,False
1364467,Non-casualty (towaway),Non-casualty (towaway),2024,2024,October,Monday,14:00 - 15:59,DORRINGTON,RD,0,Right on the spot,ROSEMARY,ROW,RATHMINES,,No,Not a school zone,X-intersection,-33.038086,151.584835,Lake Macquarie,Newcastle met. area,Syd-Newc-Woll Gtr conurbation,Straight,Crest,,,Off,Sealed,Dry,Fine,Daylight,Nil,Give way sign,60 km/h,Local,10,Cross traffic,101,Adj - Cross traffic,,Right angle,Station wagon,Light truck,2,0,0,0,0,10,October,Spring,Monday,14:00 - 15:59,Midday / afternoon,False,False,False,False
1364469,Non-casualty (towaway),Non-casualty (towaway),2024,2024,May,Wednesday,16:00 - 17:59,KENNEDY,ST,10,North,CENTRE,LANE,KINGSFORD,,No,Not a school zone,T-junction,-33.922333,151.232819,Randwick,Sydney metro. area,Syd-Newc-Woll Gtr conurbation,Straight,Steep grade,,,Nil,Sealed,Dry,Unknown,Daylight,Nil,No traffic controls,50 km/h,Local,71,Off rd left => obj,703,Left off cway into object,,Other angle,Car (sedan/hatch),Light truck,2,0,0,0,0,5,May,Autumn,Wednesday,16:00 - 17:59,PM peak / evening commute,True,False,False,False
1364471,Non-casualty (towaway),Non-casualty (towaway),2024,2024,May,Saturday,04:00 - 05:59,PACIFIC,HWY,200,North,ROUND MOUNTAIN ROAD,OP,ROUND MOUNTAIN,10.0,No,Not a school zone,Divided road,-28.346798,153.52501,Tweed,Country non-urban,Rest of NSW - Rural,Straight,,Previous crash,,Nil,Sealed,Wet,Fog or mist,Dawn,Nil,No traffic controls,110 km/h,State,34,Lane change right,306,Same - Lane change right,,Other angle,Car (sedan/hatch),Unknown motor vehicle,3,0,0,0,0,5,May,Autumn,Saturday,04:00 - 05:59,Late night / early morning,False,False,False,False
1364485,Non-casualty (towaway),Non-casualty (towaway),2024,2024,June,Sunday,06:00 - 07:59,PARK,RD,0,Right on the spot,NUMBER 5,HN,CARLTON,7004.0,No,Not a school zone,2-way undivided,-33.975495,151.119519,Georges River,Sydney metro. area,Syd-Newc-Woll Gtr conurbation,Straight,,,,Off,Sealed,Wet,Fine,Daylight,Nil,No traffic controls,60 km/h,Regional,73,Off rd rght => obj,704,Right off cway into obj,,Vehicle - Object,Car (sedan/hatch),,1,0,0,0,0,6,June,Winter,Sunday,06:00 - 07:59,AM peak / school commute,True,False,False,False
1364490,Non-casualty (towaway),Non-casualty (towaway),2024,2024,June,Saturday,18:00 - 19:59,COTTENHAM,AVE,0,Right on the spot,ROMA,AVE,KENSINGTON,,No,Not a school zone,T-junction,-33.913673,151.222262,Randwick,Sydney metro. area,Syd-Newc-Woll Gtr conurbation,Straight,,,,On,Sealed,Dry,Fine,Darkness,Nil,Stop sign,50 km/h,Local,20,Head on,201,Opp - Head on,,Head-on,Car (sedan/hatch),4 wheel drive / SUV,2,0,0,0,0,6,June,Winter,Saturday,18:00 - 19:59,PM peak / evening commute,True,False,False,False
1364509,Non-casualty (towaway),Non-casualty (towaway),2024,2024,July,Wednesday,18:00 - 19:59,NORTH,ST,0,Right on the spot,WHARF,ST,TUNCURRY,,No,Not a school zone,T-junction,-32.169373,152.502224,Mid-Coast,Country urban,Rest of NSW - Urban,Straight,,,,Nil,Sealed,Dry,Fine,Darkness,Nil,Give way sign,50 km/h,Local,75,Off end of road,709,Off end cway or T junct,,Rollover,4 wheel drive / SUV,,1,0,0,0,0,7,July,Winter,Wednesday,18:00 - 19:59,PM peak / evening commute,True,False,False,False
1364528,Non-casualty (towaway),Non-casualty (towaway),2024,2024,August,Saturday,16:00 - 17:59,PACIFIC,HWY,60,North,TAREAN,RD,KARUAH,10.0,No,Not a school zone,Other,-32.647886,151.915278,Port Stephens,Country non-urban,Rest of NSW - Rural,Curved,,,,Off,Sealed,Dry,Fine,Daylight,Nil,No traffic controls,110 km/h,State,85,Off rt/lft bnd=>obj,804,Off left bend into obj,Right,Vehicle - Object,Car (sedan/hatch),,1,0,0,0,0,8,August,Winter,Saturday,16:00 - 17:59,PM peak / evening commute,True,False,False,False
1364530,Non-casualty (towaway),Non-casualty (towaway),2024,2024,June,Wednesday,16:00 - 17:59,MYAHGAH,RD,20,South,ART GALLERY,WAY,MOSMAN,,Yes,No,2-way undivided,-33.826585,151.240786,Mosman,Sydney metro. area,Syd-Newc-Woll Gtr conurbation,Straight,,,,Nil,Sealed,Dry,Fine,Daylight,Nil,No traffic controls,40 km/h,Local,73,Off rd rght => obj,704,Right off cway into obj,,Other angle,4 wheel drive / SUV,Light truck,2,0,0,0,0,6,June,Winter,Wednesday,16:00 - 17:59,PM peak / evening commute,True,False,False,False