crash_id,degree_of_crash,degree_of_crash_-_detailed,reporting_year,year_of_crash,month_of_crash,day_of_week_of_crash,two-hour_intervals,street_of_crash,street_type,distance,direction,identifying_feature,identifying_feature_type,town,route_no.,school_zone_location,school_zone_active,type_of_location,latitude,longitude,lga,urbanisation,conurbation_1,alignment,primary_permanent_feature,primary_temporary_feature,primary_hazardous_feature,street_lighting,road_surface,surface_condition,weather,natural_lighting,signals_operation,other_traffic_control,speed_limit,road_classification_(admin),rum_-_code,rum_-_description,dca_-_code,dca_-_description,dca_supplement,first_impact_type,key_tu_type,other_tu_type,no._of_traffic_units_involved,no._killed,no._seriously_injured,no._moderately_injured,no._minor-other_injured,month_num,month_label,season,day_label,time_label,time_band,is_peak_commute,is_fatal,is_injury,is_casualty
1364538,Non-casualty (towaway),Non-casualty (towaway),2024,2024,August,Monday,10:00 - 11:59,SILVERWATER,RD,0,Right on the spot,WESTERN,EXP,AUBURN,190.0,No,Not a school zone,T-junction,-33.842305,151.044196,Parramatta,Sydney metro. area,Syd-Newc-Woll Gtr conurbation,Straight,,,,Off,Sealed,Dry,Fine,Daylight,On,No traffic controls,70 km/h,State,36,Right turn sideswipe,308,Same - Rgt turn side swipe,,Other angle,Semi-trailer,4 wheel drive / SUV,2,0,0,0,0,8,August,Winter,Monday,10:00 - 11:59,Midday / afternoon,False,False,False,False
1364542,Non-casualty (towaway),Non-casualty (towaway),2024,2024,August,Tuesday,16:00 - 17:59,COREEN,AVE,10,West,LEMONGROVE,RD,PENRITH,7289.0,No,Not a school zone,T-junction,-33.747813,150.705287,Penrith,Sydney metro. area,Syd-Newc-Woll Gtr conurbation,Straight,,,,Off,Sealed,Dry,Fine,Daylight,On,No traffic controls,50 km/h,Regional,35,Lane change left,307,Same - Lane change left,,Other angle,Car (sedan/hatch),Light truck utility(from 2018),2,0,0,0,0,8,August,Winter,Tuesday,16:00 - 17:59,PM peak / evening commute,True,False,False,False
1364545,Non-casualty (towaway),Non-casualty (towaway),2024,2024,September,Tuesday,14:00 - 15:59,LORN,RD,200,South,MORTON,ST,CRESTWOOD,,No,Not a school zone,2-way undivided,-35.348564,149.210485,Queanbeyan-Palerang Regional,Country urban,Rest of NSW - Urban,Straight,,,,Off,Sealed,Dry,Fine,Daylight,Nil,No traffic controls,50 km/h,Local,73,Off rd rght => obj,704,Right off cway into obj,,Other angle,Car (sedan/hatch),4 wheel drive / SUV,2,0,0,0,0,9,September,Spring,Tuesday,14:00 - 15:59,Midday / afternoon,False,False,False,False
1364549,Non-casualty (towaway),Non-casualty (towaway),2024,2024,September,Sunday,14:00 - 15:59,CHESTER,RD,0,Right on the spot,DRUMALBYN,ST,INGLEBURN,,No,Not a school zone,T-junction,-34.005755,150.864764,Campbelltown,Sydney metro. area,Syd-Newc-Woll Gtr conurbation,Straight,,,,Off,Sealed,Dry,Fine,Daylight,Nil,No traffic controls,60 km/h,Local,49,Other manoeuvring,400,Manov - other,,Other angle,Motorcycle,Car (sedan/hatch),2,0,0,0,0,9,September,Spring,Sunday,14:00 - 15:59,Midday / afternoon,False,False,False,False
1364555,Non-casualty (towaway),Non-casualty (towaway),2024,2024,September,Wednesday,18:00 - 19:59,GOODSELL,ST,0,Right on the spot,NUMBER 1,HN,ST PETERS,,No,Not a school zone,2-way undivided,-33.907925,151.180408,Inner West,Sydney metro. area,Syd-Newc-Woll Gtr conurbation,Straight,,,,On,Sealed,Dry,Fine,Darkness,Nil,No traffic controls,50 km/h,Local,49,Other manoeuvring,400,Manov - other,,Other angle,Unknown type,Car (sedan/hatch),2,0,0,0,0,9,September,Spring,Wednesday,18:00 - 19:59,PM peak / evening commute,True,False,False,False
1364557,Non-casualty (towaway),Non-casualty (towaway),2024,2024,September,Wednesday,18:00 - 19:59,WOODSTOCK,AVE,0,Right on the spot,CAREW,ST,MOUNT DRUITT,629.0,No,Not a school zone,T-junction,-33.757623,150.827227,Blacktown,Sydney metro. area,Syd-Newc-Woll Gtr conurbation,Straight,,,,Unknown / not stated,Sealed,Unknown,Unknown,Darkness,Nil,No traffic controls,60 km/h,State,21,Right through,202,Opp - Right-thru,,Other angle,Station wagon,Car (sedan/hatch),3,0,0,0,0,9,September,Spring,Wednesday,18:00 - 19:59,PM peak / evening commute,True,False,False,False
1364586,Non-casualty (towaway),Non-casualty (towaway),2024,2024,September,Tuesday,00:01 - 01:59,NEW CANTERBURY,RD,0,Right on the spot,NUMBER 205,HN,LEWISHAM,167.0,Yes,No,2-way undivided,-33.896837,151.148422,Inner West,Sydney metro. area,Syd-Newc-Woll Gtr conurbation,Curved,,,,On,Sealed,Dry,Fine,Darkness,Nil,No traffic controls,60 km/h,State,81,Off left/rt bnd=>obj,803,Off right bend into obj,Left,Vehicle - Object,4 wheel drive / SUV,,1,0,0,0,0,9,September,Spring,Tuesday,00:01 - 01:59,Late night / early morning,False,False,False,False
1364598,Non-casualty (towaway),Non-casualty (towaway),2024,2024,September,Thursday,20:00 - 21:59,HURLEY,ST,0,Right on the spot,RAILWAY STREET,TO,CAMPBELLTOWN,7200.0,No,Not a school zone,Divided road,-34.064471,150.814144,Campbelltown,Sydney metro. area,Syd-Newc-Woll Gtr conurbation,Straight,,,,On,Sealed,Dry,Fine,Darkness,Nil,No traffic controls,60 km/h,Regional,42,Leaving parking,401,Manov - Leaving parking,,Other angle,4 wheel drive / SUV,Car (sedan/hatch),2,0,0,0,0,9,September,Spring,Thursday,20:00 - 21:59,Evening / night,False,False,False,False
1364617,Non-casualty (towaway),Non-casualty (towaway),2024,2024,September,Thursday,18:00 - 19:59,SHOALHAVEN,ST,10,North,HUXLEY,ST,NOWRA,,No,Not a school zone,T-junction,-34.880357,150.594483,Shoalhaven,Country urban,Rest of NSW - Urban,Straight,,,,Nil,Sealed,Wet,Raining,Darkness,Nil,No traffic controls,50 km/h,Local,71,Off rd left => obj,703,Left off cway into object,,Other angle,Light truck utility(from 2018),4 wheel drive / SUV,2,0,0,0,0,9,September,Spring,Thursday,18:00 - 19:59,PM peak / evening commute,True,False,False,False
1364630,Non-casualty (towaway),Non-casualty (towaway),2024,2024,October,Tuesday,06:00 - 07:59,ELIZABETH,ST,350,North,THE HORSLEY,DR,WETHERILL PARK,609.0,No,Not a school zone,2-way undivided,-33.847913,150.899656,Fairfield,Sydney metro. area,Syd-Newc-Woll Gtr conurbation,Straight,Steep grade,,,Off,Sealed,Dry,Fine,Daylight,Nil,No traffic controls,60 km/h,State,20,Head on,201,Opp - Head on,,Head-on,Light truck utility(from 2018),4 wheel drive / SUV,2,0,0,0,0,10,October,Spring,Tuesday,06:00 - 07:59,AM peak / school commute,True,False,False,False
1364633,Non-casualty (towaway),Non-casualty (towaway),2024,2024,September,Saturday,00:01 - 01:59,WALL PARK,AVE,0,Right on the spot,NUMBER 56,HN,SEVEN HILLS,644.0,No,Not a school zone,2-way undivided,-33.776789,150.92708,Blacktown,Sydney metro. area,Syd-Newc-Woll Gtr conurbation,Straight,Steep grade,,,On,Sealed,Wet,Fine,Darkness,Nil,No traffic controls,60 km/h,State,30,Rear end,301,Same - Rear end,,Rear end,4 wheel drive / SUV,4 wheel drive / SUV,3,0,0,0,0,9,September,Spring,Saturday,00:01 - 01:59,Late night / early morning,False,False,False,False
1364648,Non-casualty (towaway),Non-casualty (towaway),2024,2024,September,Tuesday,18:00 - 19:59,CAMBRIDGE,ST,0,Right on the spot,NUMBER 26,HN,EPPING,,No,Not a school zone,2-way undivided,-33.768999,151.081949,Parramatta,Sydney metro. area,Syd-Newc-Woll Gtr conurbation,Curved,,,,On,Sealed,Dry,Fine,Dusk,Nil,No traffic controls,50 km/h,Local,87,Off lft/lft bnd=>obj,804,Off left bend into obj,Left,Other angle,4 wheel drive / SUV,4 wheel drive / SUV,2,0,0,0,0,9,September,Spring,Tuesday,18:00 - 19:59,PM peak / evening commute,True,False,False,False
1364650,Non-casualty (towaway),Non-casualty (towaway),2024,2024,September,Sunday,18:00 - 19:59,PENROSE,CRES,265,North,SMITH,ST,SOUTH PENRITH,,No,Not a school zone,2-way undivided,-33.764677,150.703192,Penrith,Sydney metro. area,Syd-Newc-Woll Gtr conurbation,Straight,,,,On,Sealed,Dry,Fine,Darkness,Nil,No traffic controls,50 km/h,Local,71,Off rd left => obj,703,Left off cway into object,,Other angle,Car (sedan/hatch),Car (sedan/hatch),3,0,0,0,0,9,September,Spring,Sunday,18:00 - 19:59,PM peak / evening commute,True,False,False,False
1364669,Non-casualty (towaway),Non-casualty (towaway),2024,2024,September,Thursday,10:00 - 11:59,CABRAMATTA,RD,0,Right on the spot,MEADOWS,RD,CABRAMATTA WEST,534.0,No,Not a school zone,X-intersection,-33.894813,150.903059,Fairfield,Sydney metro. area,Syd-Newc-Woll Gtr conurbation,Straight,,,,Off,Sealed,Wet,Raining,Daylight,On,No traffic controls,60 km/h,State,30,Rear end,301,Same - Rear end,,Rear end,Large rigid,4 wheel drive / SUV,2,0,0,0,0,9,September,Spring,Thursday,10:00 - 11:59,Midday / afternoon,False,False,False,False
1364673,Non-casualty (towaway),Non-casualty (towaway),2024,2024,September,Thursday,18:00 - 19:59,KILDARE,RD,0,Right on the spot,NUMBER 151,HN,BLACKTOWN,,No,Not a school zone,2-way undivided,-33.768162,150.890659,Blacktown,Sydney metro. area,Syd-Newc-Woll Gtr conurbation,Straight,,,,On,Sealed,Wet,Raining,Darkness,Nil,No traffic controls,50 km/h,Local,71,Off rd left => obj,703,Left off cway into object,,Other angle,Light truck utility(from 2018),4 wheel drive / SUV,2,0,0,0,0,9,September,Spring,Thursday,18:00 - 19:59,PM peak / evening commute,True,False,False,False
1364675,Non-casualty (towaway),Non-casualty (towaway),2024,2024,September,Monday,14:00 - 15:59,COWABBIE,ST,0,Right on the spot,BOOTH,ST,COOLAMON,240.0,No,Not a school zone,X-intersection,-34.82233,147.204387,Coolamon,Country urban,Rest of NSW - Urban,Straight,,,,Off,Sealed,Dry,Fine,Daylight,Nil,Give way sign,50 km/h,Regional,10,Cross traffic,101,Adj - Cross traffic,,Right angle,Car (sedan/hatch),Station wagon,2,0,0,0,0,9,September,Spring,Monday,14:00 - 15:59,Midday / afternoon,False,False,False,False
1364680,Non-casualty (towaway),Non-casualty (towaway),2024,2024,October,Tuesday,16:00 - 17:59,CHURNWOOD,DR,20,East,BOTTLEBRUSH,BVD,FLETCHER,,No,Not a school zone,2-way undivided,-32.885476,151.64868,Newcastle,Newcastle met. area,Syd-Newc-Woll Gtr conurbation,Straight,Steep grade,,,Off,Sealed,Wet,Raining,Daylight,Nil,No traffic controls,50 km/h,Local,73,Off rd rght => obj,704,Right off cway into obj,,Other angle,Car (sedan/hatch),Car (sedan/hatch),2,0,0,0,0,10,October,Spring,Tuesday,16:00 - 17:59,PM peak / evening commute,True,False,False,False
1364681,Non-casualty (towaway),Non-casualty (towaway),2024,2024,September,Saturday,02:00 - 03:59,BILGA,CRES,0,Right on the spot,NUMBER 122,HN,MALABAR,,No,Not a school zone,2-way undivided,-33.975396,151.252629,Randwick,Sydney metro. area,Syd-Newc-Woll Gtr conurbation,Straight,Steep grade,,,Nil,Sealed,Dry,Fine,Darkness,Nil,No traffic controls,50 km/h,Local,71,Off rd left => obj,703,Left off cway into object,,Other angle,Car (sedan/hatch),Box trailer,2,0,0,0,0,9,September,Spring,Saturday,02:00 - 03:59,Late night / early morning,False,False,False,False
1364682,Non-casualty (towaway),Non-casualty (towaway),2024,2024,September,Sunday,20:00 - 21:59,ELIZABETH,ST,10,West,ECCLES,LANE,ASHFIELD,2064.0,No,Not a school zone,X-intersection,-33.884737,151.121523,Inner West,Sydney metro. area,Syd-Newc-Woll Gtr conurbation,Straight,,,,On,Sealed,Dry,Fine,Darkness,Nil,No traffic controls,50 km/h,Regional,71,Off rd left => obj,703,Left off cway into object,,Other angle,Light truck utility(from 2018),Car (sedan/hatch),2,0,0,0,0,9,September,Spring,Sunday,20:00 - 21:59,Evening / night,False,False,False,False
1364691,Non-casualty (towaway),Non-casualty (towaway),2024,2024,October,Friday,16:00 - 17:59,CAVENDISH,ST,50,North,ALBION,ST,PENNANT HILLS,,No,Not a school zone,2-way undivided,-33.73663,151.077809,Hornsby,Sydney metro. area,Syd-Newc-Woll Gtr conurbation,Straight,Steep grade,,,Off,Sealed,Dry,Fine,Daylight,Nil,No traffic controls,50 km/h,Local,71,Off rd left => obj,703,Left off cway into object,,Other angle,Unknown type,4 wheel drive / SUV,2,0,0,0,0,10,October,Spring,Friday,16:00 - 17:59,PM peak / evening commute,True,False,False,False
1364695,Non-casualty (towaway),Non-casualty (towaway),2024,2024,October,Thursday,18:00 - 19:59,GLENMORE,PKWY,0,Right on the spot,NUMBER 380,HN,GLENMORE PARK,,No,Not a school zone,Divided road,-33.786995,150.667983,Penrith,Sydney metro. area,Syd-Newc-Woll Gtr conurbation,Curved,,,,Nil,Sealed,Dry,Fine,Daylight,Nil,No traffic controls,50 km/h,Local,81,Off left/rt bnd=>obj,803,Off right bend into obj,Left,Vehicle - Object,Car (sedan/hatch),,1,0,0,0,0,10,October,Spring,Thursday,18:00 - 19:59,PM peak / evening commute,True,False,False,False
1364696,Non-casualty (towaway),Non-casualty (towaway),2024,2024,September,Thursday,14:00 - 15:59,MONA VALE,RD,20,South,PENTECOST,AVE,PYMBLE,162.0,No,Not a school zone,Divided road,-33.733531,151.154788,Ku-ring-gai,Sydney metro. area,Syd-Newc-Woll Gtr conurbation,Straight,,,,Off,Sealed,Wet,Raining,Daylight,Nil,No traffic controls,60 km/h,State,33,Lane sideswipe,305,Same - Lane side swipe,,Other angle,B-double (road train prior 98),Car (sedan/hatch),2,0,0,0,0,9,September,Spring,Thursday,14:00 - 15:59,Midday / afternoon,False,False,False,False
1364698,Non-casualty (towaway),Non-casualty (towaway),2024,2024,July,Tuesday,16:00 - 17:59,BUNGAY,RD,10,North,WILLIAM,ST,WINGHAM,,No,Not a school zone,T-junction,-31.872892,152.370542,Mid-Coast,Country urban,Rest of NSW - Urban,Straight,,,,Nil,Sealed,Dry,Fine,Daylight,Nil,No traffic controls,50 km/h,Local,41,U turn into object,207,Opp - U-turn,,Other angle,Car (sedan/hatch),Station wagon,2,0,0,0,0,7,July,Winter,Tuesday,16:00 - 17:59,PM peak / evening commute,True,False,False,False
1364700,Non-casualty (towaway),Non-casualty (towaway),2024,2024,October,Wednesday,08:00 - 09:59,BYNG,ST,0,Right on the spot,WILLIAM,ST,ORANGE,,No,Not a school zone,Roundabout,-33.282408,149.106193,Orange,Country urban,Rest of NSW - Urban,Straight,,,,Off,Sealed,Dry,Fine,Daylight,Nil,Give way sign,50 km/h,Local,10,Cross traffic,101,Adj - Cross traffic,,Right angle,4 wheel drive / SUV,Car (sedan/hatch),2,0,0,0,0,10,October,Spring,Wednesday,08:00 - 09:59,AM peak / school commute,True,False,False,False
1364702,Non-casualty (towaway),Non-casualty (towaway),2024,2024,September,Wednesday,16:00 - 17:59,RICHMOND,RD,0,Right on the spot,VICTORIA,ST,KINGSWOOD,,No,Not a school zone,Roundabout,-33.755392,150.720964,Penrith,Sydney metro. area,Syd-Newc-Woll Gtr conurbation,Curved,,,,Nil,Sealed,Dry,Fine,Daylight,Nil,Give way sign,50 km/h,Local,10,Cross traffic,101,Adj - Cross traffic,,Right angle,Car (sedan/hatch),4 wheel drive / SUV,2,0,0,0,0,9,September,Spring,Wednesday,16:00 - 17:59,PM peak / evening commute,True,False,False,False
1364707,Non-casualty (towaway),Non-casualty (towaway),2024,2024,September,Thursday,20:00 - 21:59,NETHERCOTE,RD,150,West,PRINCES,HWY,EDEN,,No,Not a school zone,2-way undivided,-37.063716,149.888108,Bega Valley,Country urban,Rest of NSW - Urban,Curved,Embankment/cutting,,,Nil,Sealed,Dry,Fine,Darkness,Nil,No traffic controls,80 km/h,Local,81,Off left/rt bnd=>obj,803,Off right bend into obj,Left,Vehicle - Object,Car (sedan/hatch),,1,0,0,0,0,9,September,Spring,Thursday,20:00 - 21:59,Evening / night,False,False,False,False
1364712,Non-casualty (towaway),Non-casualty (towaway),2024,2024,September,Saturday,00:01 - 01:59,WINDSOR,RD,0,Right on the spot,NUMVER 411,HN,BAULKHAM HILLS,184.0,No,Not a school zone,2-way undivided,-33.756542,150.989555,The Hills,Sydney metro. area,Syd-Newc-Woll Gtr conurbation,Straight,,,,On,Sealed,Wet,Fine,Darkness,Nil,No traffic controls,60 km/h,State,71,Off rd left => obj,703,Left off cway into object,,Vehicle - Object,Car (sedan/hatch),,2,0,0,0,0,9,September,Spring,Saturday,00:01 - 01:59,Late night / early morning,False,False,False,False
1364713,Non-casualty (towaway),Non-casualty (towaway),2024,2024,October,Tuesday,04:00 - 05:59,DICKSON,RD,0,Right on the spot,INGLEBURN,RD,LEPPINGTON,,No,Not a school zone,X-intersection,-33.958171,150.799467,Camden,Sydney metro. area,Syd-Newc-Woll Gtr conurbation,Straight,,,,Nil,Sealed,Dry,Fine,Dawn,Nil,Stop sign,70 km/h,Local,10,Cross traffic,101,Adj - Cross traffic,,Right angle,Car (sedan/hatch),Large rigid,2,0,0,0,0,10,October,Spring,Tuesday,04:00 - 05:59,Late night / early morning,False,False,False,False
1364716,Non-casualty (towaway),Non-casualty (towaway),2024,2024,September,Sunday,02:00 - 03:59,CHESTER,RD,0,Right on the spot,NUMBER 64,HN,INGLEBURN,,No,Not a school zone,2-way undivided,-34.007331,150.866774,Campbelltown,Sydney metro. area,Syd-Newc-Woll Gtr conurbation,Straight,,,,On,Sealed,Wet,Fine,Darkness,Nil,No traffic controls,60 km/h,Local,71,Off rd left => obj,703,Left off cway into object,,Other angle,Car (sedan/hatch),Car (sedan/hatch),2,0,0,0,0,9,September,Spring,Sunday,02:00 - 03:59,Late night / early morning,False,False,False,False
1364717,Non-casualty (towaway),Non-casualty (towaway),2024,2024,October,Saturday,10:00 - 11:59,WESTERN,EXP,100,East,BURNETT STREET,TO,MERRYLANDS,6004.0,No,Not a school zone,Dual freeway,-33.82621,150.99208,Cumberland,Sydney metro. area,Syd-Newc-Woll Gtr conurbation,Straight,,,,Off,Sealed,Dry,Fine,Daylight,Nil,No traffic controls,90 km/h,State,91,Object struck veh,610,On path - Load hit vehicle,,Vehicle - Object,Car (sedan/hatch),Unknown motor vehicle,2,0,0,0,0,10,October,Spring,Saturday,10:00 - 11:59,Midday / afternoon,False,False,False,False
1364726,Non-casualty (towaway),Non-casualty (towaway),2024,2024,September,Friday,20:00 - 21:59,BEVERLEY,AVE,0,Right on the spot,GEORGE,ST,WARILLA,,No,Not a school zone,Roundabout,-34.552522,150.86095,Shellharbour,Wollongong met. area,Syd-Newc-Woll Gtr conurbation,Straight,,,,On,Sealed,Wet,Raining,Darkness,Nil,Give way sign,50 km/h,Local,71,Off rd left => obj,703,Left off cway into object,,Vehicle - Object,Car (sedan/hatch),,1,0,0,0,0,9,September,Spring,Friday,20:00 - 21:59,Evening / night,False,False,False,False
1364742,Non-casualty (towaway),Non-casualty (towaway),2024,2024,January,Tuesday,04:00 - 05:59,PACIFIC,HWY,200,North,LYONS ROAD,OP,BONVILLE,10.0,No,Not a school zone,Divided road,-30.352998,153.064007,Coffs Harbour,Country non-urban,Rest of NSW - Rural,Curved,,,,On,Sealed,Dry,Fine,Dawn,Nil,No traffic controls,100 km/h,State,85,Off rt/lft bnd=>obj,804,Off left bend into obj,Right,Vehicle - Object,Car (sedan/hatch),,1,0,0,0,0,1,January,Summer,Tuesday,04:00 - 05:59,Late night / early morning,False,False,False,False
1364751,Non-casualty (towaway),Non-casualty (towaway),2024,2024,August,Tuesday,16:00 - 17:59,FOURTH,AVE,0,Right on the spot,TWELFTH,AVE,AUSTRAL,,No,Not a school zone,X-intersection,-33.926523,150.806965,Liverpool,Sydney metro. area,Syd-Newc-Woll Gtr conurbation,Straight,,,,Nil,Sealed,Dry,Fine,Daylight,Nil,Give way sign,60 km/h,Local,10,Cross traffic,101,Adj - Cross traffic,,Right angle,Light truck utility(from 2018),Car (sedan/hatch),2,0,0,0,0,8,August,Winter,Tuesday,16:00 - 17:59,PM peak / evening commute,True,False,False,False
1364758,Non-casualty (towaway),Non-casualty (towaway),2024,2024,September,Saturday,20:00 - 21:59,EUCALYPTUS,DR,0,Right on the spot,HIBISCUS,CRES,MACQUARIE FIELDS,,No,Not a school zone,T-junction,-33.991484,150.894486,Campbelltown,Sydney metro. area,Syd-Newc-Woll Gtr conurbation,Straight,,,,Nil,Sealed,Dry,Fine,Darkness,Nil,No traffic controls,50 km/h,Local,71,Off rd left => obj,703,Left off cway into object,,Vehicle - Object,Car (sedan/hatch),,1,0,0,0,0,9,September,Spring,Saturday,20:00 - 21:59,Evening / night,False,False,False,False
1364759,Non-casualty (towaway),Non-casualty (towaway),2024,2024,October,Saturday,04:00 - 05:59,BURRENDONG,WAY,0,Right on the spot,DAWSON GATES,RD,MARCH,573.0,No,Not a school zone,T-junction,-33.217478,149.091848,Cabonne,Country non-urban,Rest of NSW - Rural,Straight,,,,Nil,Sealed,Wet,Raining,Darkness,Nil,Give way sign,100 km/h,Regional,75,Off end of road,709,Off end cway or T junct,,Vehicle - Object,Light truck utility(from 2018),,1,0,0,0,0,10,October,Spring,Saturday,04:00 - 05:59,Late night / early morning,False,False,False,False
1364766,Non-casualty (towaway),Non-casualty (towaway),2024,2024,October,Friday,00:01 - 01:59,WEST,ST,0,Right on the spot,ALEXANDER,LANE,UMINA BEACH,456.0,No,Not a school zone,T-junction,-33.521432,151.318828,Central Coast,Country urban,Syd-Newc-Woll Gtr conurbation,Straight,,,,On,Sealed,Dry,Fine,Darkness,Nil,No traffic controls,50 km/h,Regional,79,Other straight,700,Other straight,,Unknown,Car (sedan/hatch),,1,0,0,0,0,10,October,Spring,Friday,00:01 - 01:59,Late night / early morning,False,False,False,False
1364769,Non-casualty (towaway),Non-casualty (towaway),2024,2024,September,Thursday,18:00 - 19:59,ELIZABETH,DR,0,Right on the spot,NORTH LIVERPOOL,RD,MOUNT PRITCHARD,535.0,No,Not a school zone,X-intersection,-33.907693,150.898662,Fairfield,Sydney metro. area,Syd-Newc-Woll Gtr conurbation,Straight,Crest,,,On,Sealed,Wet,Raining,Darkness,On,No traffic controls,60 km/h,State,71,Off rd left => obj,703,Left off cway into object,,Vehicle - Object,4 wheel drive / SUV,,1,0,0,0,0,9,September,Spring,Thursday,18:00 - 19:59,PM peak / evening commute,True,False,False,False
1364770,Non-casualty (towaway),Non-casualty (towaway),2024,2024,September,Friday,18:00 - 19:59,PRINCES,HWY,0,Right on the spot,DALLEY,RD,HEATHCOTE,1.0,No,Not a school zone,T-junction,-34.081611,151.011162,Sutherland,Sydney metro. area,Syd-Newc-Woll Gtr conurbation,Straight,,,,On,Sealed,Dry,Fine,Darkness,Nil,No U turn,70 km/h,State,30,Rear end,301,Same - Rear end,,Rear end,Station wagon,Light truck utility(from 2018),3,0,0,0,0,9,September,Spring,Friday,18:00 - 19:59,PM peak / evening commute,True,False,False,False
1364772,Non-casualty (towaway),Non-casualty (towaway),2024,2024,October,Tuesday,12:00 - 13:59,CARAMAR,ST,0,Right on the spot,WOODSTOCK,AVE,DHARRUK,,No,Not a school zone,T-junction,-33.7513,150.813081,Blacktown,Sydney metro. area,Syd-Newc-Woll Gtr conurbation,Straight,,,,Off,Sealed,Wet,Overcast,Daylight,Nil,No traffic controls,60 km/h,Local,21,Right through,202,Opp - Right-thru,,Other angle,4 wheel drive / SUV,4 wheel drive / SUV,2,0,0,0,0,10,October,Spring,Tuesday,12:00 - 13:59,Midday / afternoon,False,False,False,False
1364773,Non-casualty (towaway),Non-casualty (towaway),2024,2024,August,Sunday,10:00 - 11:59,FINNEY,ST,0,Right on the spot,WEST,ST,HURSTVILLE,,No,Not a school zone,Roundabout,-33.970422,151.104905,Georges River,Sydney metro. area,Syd-Newc-Woll Gtr conurbation,Straight,,,,Off,Sealed,Dry,Fine,Daylight,Nil,Give way sign,50 km/h,Local,10,Cross traffic,101,Adj - Cross traffic,,Right angle,Car (sedan/hatch),4 wheel drive / SUV,2,0,0,0,0,8,August,Winter,Sunday,10:00 - 11:59,Midday / afternoon,False,False,False,False
1364782,Non-casualty (towaway),Non-casualty (towaway),2024,2024,October,Wednesday,20:00 - 21:59,NEWELL,HWY,500,South,YARRAMAN REST AREA,OT,THE PILLIGA,17.0,No,Not a school zone,2-way undivided,-30.699349,149.53523,Narrabri,Country non-urban,Rest of NSW - Rural,Straight,,,,Nil,Sealed,Dry,Fine,Darkness,Nil,No traffic controls,110 km/h,State,20,Head on,201,Opp - Head on,,Head-on,B-double (road train prior 98),Semi-trailer,2,0,0,0,0,10,October,Spring,Wednesday,20:00 - 21:59,Evening / night,False,False,False,False
1364805,Non-casualty (towaway),Non-casualty (towaway),2024,2024,October,Thursday,20:00 - 21:59,BYRARONG,AVE,0,Right on the spot,ST JOHNS,AVE,MANGERTON,,No,Not a school zone,X-intersection,-34.433852,150.870216,Wollongong,Wollongong met. area,Syd-Newc-Woll Gtr conurbation,Straight,Steep grade,,,On,Sealed,Dry,Fine,Darkness,Nil,Stop sign,50 km/h,Local,71,Off rd left => obj,703,Left off cway into object,,Other angle,4 wheel drive / SUV,4 wheel drive / SUV,2,0,0,0,0,10,October,Spring,Thursday,20:00 - 21:59,Evening / night,False,False,False,False
1364826,Non-casualty (towaway),Non-casualty (towaway),2024,2024,October,Thursday,00:01 - 01:59,ST JOHNS,AVE,0,Right on the spot,NUMBER 35A,HN,MANGERTON,,No,Not a school zone,2-way undivided,-34.432544,150.870072,Wollongong,Wollongong met. area,Syd-Newc-Woll Gtr conurbation,Curved,Embankment/cutting,,,On,Sealed,Wet,Raining,Darkness,Nil,No traffic controls,50 km/h,Local,85,Off rt/lft bnd=>obj,804,Off left bend into obj,Right,Other angle,Car (sedan/hatch),4 wheel drive / SUV,3,0,0,0,0,10,October,Spring,Thursday,00:01 - 01:59,Late night / early morning,False,False,False,False
1364829,Non-casualty (towaway),Non-casualty (towaway),2024,2024,August,Thursday,20:00 - 21:59,PRINCES,HWY,20,South,ENDEAVOUR,ST,SYLVANIA,1.0,No,Not a school zone,Divided road,-34.009093,151.110094,Sutherland,Sydney metro. area,Syd-Newc-Woll Gtr conurbation,Curved,,,,On,Sealed,Dry,Fine,Darkness,Nil,No traffic controls,70 km/h,State,83,Off rt/rt bnd=>obj,803,Off right bend into obj,Right,Vehicle - Object,Car (sedan/hatch),,1,0,0,0,0,8,August,Winter,Thursday,20:00 - 21:59,Evening / night,False,False,False,False
1364837,Non-casualty (towaway),Non-casualty (towaway),2024,2024,October,Friday,08:00 - 09:59,MARSDEN,RD,0,Right on the spot,STEWART,ST,EASTWOOD,158.0,No,Not a school zone,X-intersection,-33.796564,151.065263,Ryde,Sydney metro. area,Syd-Newc-Woll Gtr conurbation,Straight,,,,Nil,Sealed,Dry,Fine,Daylight,On,No traffic controls,60 km/h,State,21,Right through,202,Opp - Right-thru,,Other angle,Car (sedan/hatch),Station wagon,2,0,0,0,0,10,October,Spring,Friday,08:00 - 09:59,AM peak / school commute,True,False,False,False
1364838,Non-casualty (towaway),Non-casualty (towaway),2024,2024,September,Saturday,00:01 - 01:59,BROULEE,RD,100,West,GEORGE BASS,DR,BROULEE,,No,Not a school zone,2-way undivided,-35.855798,150.1621,Eurobodalla,Country non-urban,Rest of NSW - Rural,Straight,,,,Nil,Sealed,Dry,Fine,Darkness,Nil,No traffic controls,100 km/h,Local,66,Object on road,607,On path - Hit temp object,,Vehicle - Object,Car (sedan/hatch),,1,0,0,0,0,9,September,Spring,Saturday,00:01 - 01:59,Late night / early morning,False,False,False,False