crash_id,degree_of_crash,degree_of_crash_-_detailed,reporting_year,year_of_crash,month_of_crash,day_of_week_of_crash,two-hour_intervals,street_of_crash,street_type,distance,direction,identifying_feature,identifying_feature_type,town,route_no.,school_zone_location,school_zone_active,type_of_location,latitude,longitude,lga,urbanisation,conurbation_1,alignment,primary_permanent_feature,primary_temporary_feature,primary_hazardous_feature,street_lighting,road_surface,surface_condition,weather,natural_lighting,signals_operation,other_traffic_control,speed_limit,road_classification_(admin),rum_-_code,rum_-_description,dca_-_code,dca_-_description,dca_supplement,first_impact_type,key_tu_type,other_tu_type,no._of_traffic_units_involved,no._killed,no._seriously_injured,no._moderately_injured,no._minor-other_injured,month_num,month_label,season,day_label,time_label,time_band,is_peak_commute,is_fatal,is_injury,is_casualty
1364847,Non-casualty (towaway),Non-casualty (towaway),2024,2024,September,Friday,18:00 - 19:59,M2 HILLS,EXP,100,East,MURRAY FARM ROAD,OP,CHELTENHAM,6002.0,No,Not a school zone,Dual freeway,-33.759291,151.066781,Hornsby,Sydney metro. area,Syd-Newc-Woll Gtr conurbation,Curved,,,,On,Sealed,Dry,Fine,Darkness,Nil,No traffic controls,100 km/h,State,66,Object on road,607,On path - Hit temp object,,Vehicle - Object,Car (sedan/hatch),,1,0,0,0,0,9,September,Spring,Friday,18:00 - 19:59,PM peak / evening commute,True,False,False,False
1364848,Non-casualty (towaway),Non-casualty (towaway),2024,2024,October,Monday,12:00 - 13:59,FORBES,RD,100,East,DAVIS,RD,MARAYONG,,No,Not a school zone,2-way undivided,-33.750268,150.898668,Blacktown,Sydney metro. area,Syd-Newc-Woll Gtr conurbation,Straight,,,,Nil,Sealed,Dry,Fine,Daylight,Nil,No traffic controls,50 km/h,Local,20,Head on,201,Opp - Head on,,Head-on,Car (sedan/hatch),Car (sedan/hatch),2,0,0,0,0,10,October,Spring,Monday,12:00 - 13:59,Midday / afternoon,False,False,False,False
1364855,Non-casualty (towaway),Non-casualty (towaway),2024,2024,August,Friday,06:00 - 07:59,MINNIE WATER,RD,200,East,HIAWATHA,RD,MINNIE WATER,,No,Not a school zone,2-way undivided,-29.775168,153.286046,Clarence Valley,Country non-urban,Rest of NSW - Rural,Curved,,,,Nil,Sealed,Dry,Fine,Daylight,Nil,No traffic controls,90 km/h,Local,88,Out of cont on bend,805,Out of control on bend,,Rollover,4 wheel drive / SUV,,1,0,0,0,0,8,August,Winter,Friday,06:00 - 07:59,AM peak / school commute,True,False,False,False
1364857,Non-casualty (towaway),Non-casualty (towaway),2024,2024,October,Sunday,00:01 - 01:59,OLD NORTHERN,RD,1000,North,LAUGHTONDALE GULLY,RD,MAROOTA,181.0,No,Not a school zone,2-way undivided,-33.424131,150.977809,The Hills,Sydney metro. area,Syd-Newc-Woll Gtr conurbation,Curved,,,,Nil,Sealed,Dry,Fine,Darkness,Nil,No traffic controls,80 km/h,State,81,Off left/rt bnd=>obj,803,Off right bend into obj,Left,Vehicle - Object,Light truck utility(from 2018),,1,0,0,0,0,10,October,Spring,Sunday,00:01 - 01:59,Late night / early morning,False,False,False,False
1364858,Non-casualty (towaway),Non-casualty (towaway),2024,2024,October,Thursday,00:01 - 01:59,MALSBURY,RD,0,Right on the spot,NUMBER 20,HN,HORNSBY,7243.0,No,Not a school zone,2-way undivided,-33.714727,151.099323,Hornsby,Sydney metro. area,Syd-Newc-Woll Gtr conurbation,Curved,Crest,,,On,Sealed,Wet,Raining,Darkness,Nil,No traffic controls,60 km/h,Regional,87,Off lft/lft bnd=>obj,804,Off left bend into obj,Left,Vehicle - Object,Car (sedan/hatch),,1,0,0,0,0,10,October,Spring,Thursday,00:01 - 01:59,Late night / early morning,False,False,False,False
1364859,Non-casualty (towaway),Non-casualty (towaway),2024,2024,September,Thursday,12:00 - 13:59,NEW SOUTH HEAD,RD,0,Right on the spot,NUMBER 668A,HN,ROSE BAY,173.0,No,Not a school zone,2-way undivided,-33.87043,151.268567,Woollahra,Sydney metro. area,Syd-Newc-Woll Gtr conurbation,Straight,,,,Nil,Sealed,Dry,Fine,Daylight,Nil,No traffic controls,50 km/h,State,49,Other manoeuvring,400,Manov - other,,Other angle,Unknown type,Station wagon,2,0,0,0,0,9,September,Spring,Thursday,12:00 - 13:59,Midday / afternoon,False,False,False,False
1364878,Non-casualty (towaway),Non-casualty (towaway),2024,2024,August,Saturday,00:01 - 01:59,YORSTON,ST,0,Right on the spot,NUMBER 28,HN,WARNERS BAY,,No,Not a school zone,2-way undivided,-32.972871,151.650789,Lake Macquarie,Newcastle met. area,Syd-Newc-Woll Gtr conurbation,Straight,,,,On,Sealed,Dry,Fine,Darkness,Nil,No traffic controls,50 km/h,Local,73,Off rd rght => obj,704,Right off cway into obj,,Other angle,Car (sedan/hatch),Light truck utility(from 2018),2,0,0,0,0,8,August,Winter,Saturday,00:01 - 01:59,Late night / early morning,False,False,False,False
1364892,Non-casualty (towaway),Non-casualty (towaway),2024,2024,September,Monday,20:00 - 21:59,PACIFIC,HWY,140,South,POSSUM BRUSH,RD,POSSUM BRUSH,10.0,No,Not a school zone,Divided road,-32.066899,152.439799,Mid-Coast,Country non-urban,Rest of NSW - Rural,Straight,,,,Nil,Sealed,Dry,Fine,Darkness,Nil,No traffic controls,100 km/h,State,71,Off rd left => obj,703,Left off cway into object,,Vehicle - Object,Semi-trailer,,1,0,0,0,0,9,September,Spring,Monday,20:00 - 21:59,Evening / night,False,False,False,False
1364893,Non-casualty (towaway),Non-casualty (towaway),2024,2024,October,Monday,18:00 - 19:59,SIMPSON,TCE,10,East,ELLIOT,CL,DARLINGTON,,No,Not a school zone,T-junction,-32.557498,151.158498,Singleton,Country urban,Rest of NSW - Urban,Curved,,,,On,Sealed,Dry,Fine,Darkness,Nil,Give way sign,50 km/h,Local,83,Off rt/rt bnd=>obj,803,Off right bend into obj,Right,Other angle,Light truck utility(from 2018),Light truck utility(from 2018),2,0,0,0,0,10,October,Spring,Monday,18:00 - 19:59,PM peak / evening commute,True,False,False,False
1364898,Non-casualty (towaway),Non-casualty (towaway),2024,2024,September,Wednesday,18:00 - 19:59,HUNTER,ST,0,Right on the spot,NUMBER 2,HN,WATERLOO,,No,Not a school zone,2-way undivided,-33.900951,151.207338,Sydney,Sydney metro. area,Syd-Newc-Woll Gtr conurbation,Straight,,,,Off,Sealed,Dry,Fine,Dusk,Nil,No traffic controls,40 km/h,Local,49,Other manoeuvring,400,Manov - other,,Other angle,Unknown type,Motorcycle,2,0,0,0,0,9,September,Spring,Wednesday,18:00 - 19:59,PM peak / evening commute,True,False,False,False
1364900,Non-casualty (towaway),Non-casualty (towaway),2024,2024,October,Monday,16:00 - 17:59,WHEAT,RD,0,Right on the spot,SYDNEY AQUARIUM,ENT,SYDNEY,,No,Not a school zone,1-way street,-33.868994,151.202869,Sydney,Sydney metro. area,Syd-Newc-Woll Gtr conurbation,Straight,Driveway/entrance,,,Nil,Sealed,Dry,Fine,Daylight,Nil,No traffic controls,40 km/h,Local,47,Emerging from drive,406,Manov - Emerging from driveway,,Right angle,Car (sedan/hatch),Pedal cycle,2,0,0,0,0,10,October,Spring,Monday,16:00 - 17:59,PM peak / evening commute,True,False,False,False
1364901,Non-casualty (towaway),Non-casualty (towaway),2024,2024,October,Thursday,22:00 - Midnight,MARTIN,ST,10,West,VIOLET,ST,ROSELANDS,,No,Not a school zone,T-junction,-33.936496,151.066808,Canterbury-Bankstown,Sydney metro. area,Syd-Newc-Woll Gtr conurbation,Straight,Foot/cycle path/nature strip,,,On,Sealed,Dry,Fine,Darkness,Nil,Give way sign,50 km/h,Local,71,Off rd left => obj,703,Left off cway into object,,Vehicle - Object,Station wagon,,1,0,0,0,0,10,October,Spring,Thursday,22:00 - Midnight,Evening / night,False,False,False,False
1364903,Non-casualty (towaway),Non-casualty (towaway),2024,2024,September,Sunday,20:00 - 21:59,URANA,RD,70,North,LIVERMORE,ST,LAVINGTON,125.0,No,Not a school zone,Divided road,-36.041312,146.9282,Albury,Country urban,Rest of NSW - Urban,Straight,,,,On,Sealed,Wet,Raining,Darkness,Nil,No traffic controls,60 km/h,Regional,71,Off rd left => obj,703,Left off cway into object,,Vehicle - Object,Light truck utility(from 2018),,1,0,0,0,0,9,September,Spring,Sunday,20:00 - 21:59,Evening / night,False,False,False,False
1364905,Non-casualty (towaway),Non-casualty (towaway),2024,2024,October,Saturday,14:00 - 15:59,PACIFIC,HWY,50,South,SCENIC,DR,DOYALSON,10.0,No,Not a school zone,Divided road,-33.199935,151.522401,Central Coast,Country urban,Syd-Newc-Woll Gtr conurbation,Straight,,,,Nil,Sealed,Dry,Fine,Daylight,Nil,No traffic controls,80 km/h,State,30,Rear end,301,Same - Rear end,,Rear end,Car (sedan/hatch),Car (sedan/hatch),2,0,0,0,0,10,October,Spring,Saturday,14:00 - 15:59,Midday / afternoon,False,False,False,False
1364916,Non-casualty (towaway),Non-casualty (towaway),2024,2024,June,Saturday,08:00 - 09:59,NEW SOUTH HEAD,RD,0,Right on the spot,VICTORIA,RD,DOUBLE BAY,173.0,No,Not a school zone,T-junction,-33.872791,151.248238,Woollahra,Sydney metro. area,Syd-Newc-Woll Gtr conurbation,Straight,Steep grade,,,Unknown / not stated,Sealed,Wet,Raining,Daylight,On,No left turn,60 km/h,State,21,Right through,202,Opp - Right-thru,,Other angle,Light truck utility(from 2018),Light truck utility(from 2018),2,0,0,0,0,6,June,Winter,Saturday,08:00 - 09:59,AM peak / school commute,True,False,False,False
1364922,Non-casualty (towaway),Non-casualty (towaway),2024,2024,June,Saturday,16:00 - 17:59,ROCKY POINT,RD,0,Right on the spot,NUMBER 510,HN,SANS SOUCI,199.0,No,Not a school zone,Divided road,-33.992097,151.132241,Bayside,Sydney metro. area,Syd-Newc-Woll Gtr conurbation,Straight,,,,On,Sealed,Dry,Fine,Dusk,Nil,No traffic controls,70 km/h,State,71,Off rd left => obj,703,Left off cway into object,,Other angle,Car (sedan/hatch),Car (sedan/hatch),4,0,0,0,0,6,June,Winter,Saturday,16:00 - 17:59,PM peak / evening commute,True,False,False,False
1364923,Non-casualty (towaway),Non-casualty (towaway),2024,2024,June,Monday,06:00 - 07:59,PACIFIC,HWY,50,South,BRUNSWICK VALLEY WAY,TO,BILLINUDGEL,10.0,No,Not a school zone,Divided road,-28.48925,153.517241,Byron,Country non-urban,Rest of NSW - Rural,Straight,,,,Unknown / not stated,Sealed,Dry,Fine,Dawn,Nil,No traffic controls,110 km/h,State,34,Lane change right,306,Same - Lane change right,,Other angle,Station wagon,Light truck,3,0,0,0,0,6,June,Winter,Monday,06:00 - 07:59,AM peak / school commute,True,False,False,False
1364926,Non-casualty (towaway),Non-casualty (towaway),2024,2024,June,Saturday,18:00 - 19:59,WOLLOMBI,RD,0,Right on the spot,NUMBER 221,HN,ST ALBANS,181.0,No,Not a school zone,2-way undivided,-33.275553,150.967297,Hawkesbury,Country urban,Syd-Newc-Woll Gtr conurbation,Curved,Embankment/cutting,,,Unknown / not stated,Unsealed,Dry,Fine,Darkness,Nil,No traffic controls,50 km/h,Regional,85,Off rt/lft bnd=>obj,804,Off left bend into obj,Right,Vehicle - Object,Light truck utility(from 2018),,1,0,0,0,0,6,June,Winter,Saturday,18:00 - 19:59,PM peak / evening commute,True,False,False,False
1364952,Non-casualty (towaway),Non-casualty (towaway),2024,2024,August,Monday,22:00 - Midnight,HUME,HWY,60,East,KNIGHT,ST,LANSVALE,2.0,No,Not a school zone,Divided road,-33.891366,150.965549,Fairfield,Sydney metro. area,Syd-Newc-Woll Gtr conurbation,Straight,,,,On,Sealed,Dry,Fine,Darkness,Nil,No traffic controls,70 km/h,State,71,Off rd left => obj,703,Left off cway into object,,Vehicle - Object,4 wheel drive / SUV,,1,0,0,0,0,8,August,Winter,Monday,22:00 - Midnight,Evening / night,False,False,False,False
1364962,Non-casualty (towaway),Non-casualty (towaway),2024,2024,August,Wednesday,06:00 - 07:59,CORRIMAL,ST,0,Right on the spot,SWAN,ST,WOLLONGONG,581.0,No,Not a school zone,Roundabout,-34.436125,150.897531,Wollongong,Wollongong met. area,Syd-Newc-Woll Gtr conurbation,Straight,,,,On,Sealed,Dry,Fine,Dawn,Nil,Give way sign,60 km/h,State,10,Cross traffic,101,Adj - Cross traffic,,Right angle,Car (sedan/hatch),Car (sedan/hatch),2,0,0,0,0,8,August,Winter,Wednesday,06:00 - 07:59,AM peak / school commute,True,False,False,False
1364968,Non-casualty (towaway),Non-casualty (towaway),2024,2024,August,Tuesday,16:00 - 17:59,SOUTH DOWLING,ST,15,South,NAPIER,ST,DARLINGHURST,593.0,No,Not a school zone,2-way undivided,-33.883265,151.218579,Sydney,Sydney metro. area,Syd-Newc-Woll Gtr conurbation,Straight,,,,On,Sealed,Dry,Fine,Darkness,Nil,No traffic controls,50 km/h,State,71,Off rd left => obj,703,Left off cway into object,,Other angle,Unknown type,Utility,3,0,0,0,0,8,August,Winter,Tuesday,16:00 - 17:59,PM peak / evening commute,True,False,False,False
1364970,Non-casualty (towaway),Non-casualty (towaway),2024,2024,July,Saturday,22:00 - Midnight,KEPPEL,ST,0,Right on the spot,NUMBER 127,HN,BATHURST,,No,Not a school zone,2-way undivided,-33.417697,149.575395,Bathurst Regional,Country urban,Rest of NSW - Urban,Straight,,,,On,Sealed,Wet,Overcast,Darkness,Nil,No traffic controls,50 km/h,Local,71,Off rd left => obj,703,Left off cway into object,,Other angle,Utility,Car (sedan/hatch),2,0,0,0,0,7,July,Winter,Saturday,22:00 - Midnight,Evening / night,False,False,False,False
1364973,Non-casualty (towaway),Non-casualty (towaway),2024,2024,August,Sunday,06:00 - 07:59,MEREDITH,AVE,0,Right on the spot,NUMBER 37,HN,LEMON TREE PASSAGE,7765.0,No,Not a school zone,2-way undivided,-32.732199,152.034226,Port Stephens,Country urban,Rest of NSW - Urban,Straight,,,,On,Sealed,Wet,Raining,Dawn,Nil,No traffic controls,50 km/h,Regional,73,Off rd rght => obj,704,Right off cway into obj,,Vehicle - Object,Light truck utility(from 2018),,1,0,0,0,0,8,August,Winter,Sunday,06:00 - 07:59,AM peak / school commute,True,False,False,False
1364978,Non-casualty (towaway),Non-casualty (towaway),2024,2024,August,Wednesday,10:00 - 11:59,EPPING,RD,0,Right on the spot,HERRING,RD,MARSFIELD,373.0,No,Not a school zone,X-intersection,-33.781673,151.113469,Ryde,Sydney metro. area,Syd-Newc-Woll Gtr conurbation,Straight,,Police pursuit,,Off,Sealed,Dry,Fine,Daylight,On,No traffic controls,70 km/h,State,10,Cross traffic,101,Adj - Cross traffic,,Right angle,4 wheel drive / SUV,4 wheel drive / SUV,2,0,0,0,0,8,August,Winter,Wednesday,10:00 - 11:59,Midday / afternoon,False,False,False,False
1364982,Non-casualty (towaway),Non-casualty (towaway),2024,2024,August,Tuesday,04:00 - 05:59,STEVENSON,ST,0,Right on the spot,NUMBER 21,HN,TAREE,,No,Not a school zone,2-way undivided,-31.907722,152.466628,Mid-Coast,Country urban,Rest of NSW - Urban,Straight,,,,Unknown / not stated,Sealed,Unknown,Other,Darkness,Nil,No traffic controls,50 km/h,Local,71,Off rd left => obj,703,Left off cway into object,,Other angle,Station wagon,4 wheel drive / SUV,2,0,0,0,0,8,August,Winter,Tuesday,04:00 - 05:59,Late night / early morning,False,False,False,False
1364995,Non-casualty (towaway),Non-casualty (towaway),2024,2024,August,Friday,22:00 - Midnight,TUMUT PLAINS,RD,0,Right on the spot,NUMBER 30,HN,TUMUT,,No,Not a school zone,2-way undivided,-35.311957,148.237774,Snowy Valleys,Country urban,Rest of NSW - Urban,Straight,,,,Nil,Sealed,Dry,Fine,Darkness,Nil,No traffic controls,50 km/h,Local,73,Off rd rght => obj,704,Right off cway into obj,,Vehicle - Object,Light truck utility(from 2018),,1,0,0,0,0,8,August,Winter,Friday,22:00 - Midnight,Evening / night,False,False,False,False
1365020,Non-casualty (towaway),Non-casualty (towaway),2024,2024,August,Friday,16:00 - 17:59,COFF,ST,20,West,GORDON,ST,COFFS HARBOUR,,No,Not a school zone,Divided road,-30.295578,153.118384,Coffs Harbour,Country urban,Rest of NSW - Urban,Curved,,,,Nil,Sealed,Dry,Fine,Daylight,Nil,No traffic controls,40 km/h,Local,20,Head on,201,Opp - Head on,,Head-on,Light truck utility(from 2018),Light truck utility(from 2018),2,0,0,0,0,8,August,Winter,Friday,16:00 - 17:59,PM peak / evening commute,True,False,False,False
1365024,Non-casualty (towaway),Non-casualty (towaway),2024,2024,September,Thursday,04:00 - 05:59,MARION,ST,110,East,ELSWICK,ST,LEICHHARDT,2013.0,No,Not a school zone,2-way undivided,-33.88404,151.153127,Inner West,Sydney metro. area,Syd-Newc-Woll Gtr conurbation,Straight,,,,On,Sealed,Dry,Fine,Dawn,Nil,No traffic controls,50 km/h,Regional,71,Off rd left => obj,703,Left off cway into object,,Other angle,4 wheel drive / SUV,4 wheel drive / SUV,15,0,0,0,0,9,September,Spring,Thursday,04:00 - 05:59,Late night / early morning,False,False,False,False
1365025,Non-casualty (towaway),Non-casualty (towaway),2024,2024,September,Wednesday,10:00 - 11:59,DALTON,AVE,50,West,SMALLWOOD,AVE,HOMEBUSH,,No,Not a school zone,2-way undivided,-33.862568,151.07757,Strathfield,Sydney metro. area,Syd-Newc-Woll Gtr conurbation,Straight,,,,Nil,Sealed,Dry,Fine,Daylight,Nil,No traffic controls,50 km/h,Local,93,Pkd veh runaway=>obj,906,Parked vehicle ran away,,Other angle,Light truck,Car (sedan/hatch),3,0,0,0,0,9,September,Spring,Wednesday,10:00 - 11:59,Midday / afternoon,False,False,False,False
1365034,Non-casualty (towaway),Non-casualty (towaway),2024,2024,September,Monday,06:00 - 07:59,ISALI,ST,100,East,MEMORIAL,LANE,BODANGORA,,No,Not a school zone,2-way undivided,-32.455444,149.00516,Dubbo Regional,Country non-urban,Rest of NSW - Rural,Straight,,,,Unknown / not stated,Unsealed,Dry,Fine,Daylight,Nil,No traffic controls,100 km/h,Local,71,Off rd left => obj,703,Left off cway into object,,Vehicle - Object,Car (sedan/hatch),,1,0,0,0,0,9,September,Spring,Monday,06:00 - 07:59,AM peak / school commute,True,False,False,False
1365035,Non-casualty (towaway),Non-casualty (towaway),2024,2024,August,Wednesday,16:00 - 17:59,M2 HILLS,EXP,200,East,CUMBERLAND HIGHWAY,OP,BEECROFT,6002.0,No,Not a school zone,Dual freeway,-33.75853,151.051259,Parramatta,Sydney metro. area,Syd-Newc-Woll Gtr conurbation,Straight,Bus/transit lane,,,Nil,Sealed,Wet,Overcast,Daylight,Nil,No traffic controls,100 km/h,State,33,Lane sideswipe,305,Same - Lane side swipe,,Other angle,4 wheel drive / SUV,Other bus,2,0,0,0,0,8,August,Winter,Wednesday,16:00 - 17:59,PM peak / evening commute,True,False,False,False
1365044,Non-casualty (towaway),Non-casualty (towaway),2024,2024,September,Monday,20:00 - 21:59,URANA,RD,1000,North,BETHEL,RD,BURRUMBUTTOCK,125.0,No,Not a school zone,2-way undivided,-35.849274,146.811127,Greater Hume,Country non-urban,Rest of NSW - Rural,Straight,Ditch/drain/culvert,,,Nil,Sealed,Dry,Fine,Darkness,Nil,No traffic controls,100 km/h,Regional,70,Off road to left,701,Off carriageway to left,,Rollover,Light truck utility(from 2018),,1,0,0,0,0,9,September,Spring,Monday,20:00 - 21:59,Evening / night,False,False,False,False
1365051,Non-casualty (towaway),Non-casualty (towaway),2024,2024,September,Thursday,18:00 - 19:59,ANZAC,PDE,0,Right on the spot,STOREY,ST,MAROUBRA,661.0,No,Not a school zone,T-junction,-33.936755,151.237949,Randwick,Sydney metro. area,Syd-Newc-Woll Gtr conurbation,Straight,,,,On,Sealed,Wet,Raining,Darkness,Nil,No traffic controls,50 km/h,State,33,Lane sideswipe,305,Same - Lane side swipe,,Other angle,Light truck utility(from 2018),4 wheel drive / SUV,5,0,0,0,0,9,September,Spring,Thursday,18:00 - 19:59,PM peak / evening commute,True,False,False,False
1365054,Non-casualty (towaway),Non-casualty (towaway),2024,2024,September,Saturday,08:00 - 09:59,KINGSLAND,RD,100,South,BEXLEY,RD,BEXLEY,,No,Not a school zone,2-way undivided,-33.946295,151.122725,Bayside,Sydney metro. area,Syd-Newc-Woll Gtr conurbation,Curved,Steep grade,,,Off,Sealed,Dry,Fine,Daylight,Nil,No traffic controls,50 km/h,Local,81,Off left/rt bnd=>obj,803,Off right bend into obj,Left,Other angle,Car (sedan/hatch),Light truck,3,0,0,0,0,9,September,Spring,Saturday,08:00 - 09:59,AM peak / school commute,True,False,False,False
1365059,Non-casualty (towaway),Non-casualty (towaway),2024,2024,September,Thursday,14:00 - 15:59,LITHGOW,ST,10,East,WRIGHTS,RD,LITHGOW,,No,Not a school zone,T-junction,-33.487393,150.150155,Lithgow,Country urban,Rest of NSW - Urban,Curved,,,,Unknown / not stated,Sealed,Wet,Raining,Daylight,Nil,No traffic controls,50 km/h,Local,83,Off rt/rt bnd=>obj,803,Off right bend into obj,Right,Vehicle - Object,Car (sedan/hatch),,2,0,0,0,0,9,September,Spring,Thursday,14:00 - 15:59,Midday / afternoon,False,False,False,False
1365063,Non-casualty (towaway),Non-casualty (towaway),2024,2024,September,Friday,02:00 - 03:59,CASTLEREAGH,HWY,0,Right on the spot,KAMBER SIDING,RD,GILGANDRA,18.0,No,Not a school zone,T-junction,-31.640922,148.628151,Gilgandra,Country non-urban,Rest of NSW - Rural,Curved,,,,Unknown / not stated,Sealed,Dry,Fine,Darkness,Nil,No traffic controls,110 km/h,State,81,Off left/rt bnd=>obj,803,Off right bend into obj,Left,Vehicle - Object,Large rigid,,1,0,0,0,0,9,September,Spring,Friday,02:00 - 03:59,Late night / early morning,False,False,False,False
1365069,Non-casualty (towaway),Non-casualty (towaway),2024,2024,September,Sunday,02:00 - 03:59,OLD HUME,HWY,0,Right on the spot,BURRAGORANG,RD,CAMDEN,620.0,No,Not a school zone,T-junction,-34.076073,150.694987,Camden,Sydney metro. area,Syd-Newc-Woll Gtr conurbation,Straight,,,,On,Sealed,Wet,Fog or mist,Darkness,On,No traffic controls,80 km/h,Regional,81,Off left/rt bnd=>obj,707,Right turn,Left,Vehicle - Object,Car (sedan/hatch),,1,0,0,0,0,9,September,Spring,Sunday,02:00 - 03:59,Late night / early morning,False,False,False,False
1365081,Non-casualty (towaway),Non-casualty (towaway),2024,2024,September,Tuesday,08:00 - 09:59,THE GRAND,PDE,80,South,PRESIDENT,AVE,MONTEREY,194.0,No,Not a school zone,Other,-33.967375,151.153293,Bayside,Sydney metro. area,Syd-Newc-Woll Gtr conurbation,Straight,,,,Off,Sealed,Dry,Fine,Daylight,Nil,No traffic controls,60 km/h,State,49,Other manoeuvring,400,Manov - other,,Other angle,Unknown type,4 wheel drive / SUV,2,0,0,0,0,9,September,Spring,Tuesday,08:00 - 09:59,AM peak / school commute,True,False,False,False
1365089,Non-casualty (towaway),Non-casualty (towaway),2024,2024,September,Wednesday,14:00 - 15:59,CENTENARY,DR,200,South,WESTERN EXPRESSWAY,OP,HOMEBUSH WEST,200.0,No,Not a school zone,Divided road,-33.8586,151.069204,Strathfield,Sydney metro. area,Syd-Newc-Woll Gtr conurbation,Straight,Other bridge,,,Unknown / not stated,Sealed,Dry,Fine,Daylight,Nil,No traffic controls,80 km/h,State,30,Rear end,301,Same - Rear end,,Rear end,Light truck utility(from 2018),Car (sedan/hatch),2,0,0,0,0,9,September,Spring,Wednesday,14:00 - 15:59,Midday / afternoon,False,False,False,False
1365091,Non-casualty (towaway),Non-casualty (towaway),2024,2024,October,Wednesday,08:00 - 09:59,HIGH,ST,50,North,PULTENEY,ST,TAREE,,No,Not a school zone,2-way undivided,-31.909849,152.457068,Mid-Coast,Country urban,Rest of NSW - Urban,Straight,,,,Unknown / not stated,Sealed,Wet,Raining,Daylight,Nil,No traffic controls,50 km/h,Local,73,Off rd rght => obj,704,Right off cway into obj,,Other angle,Car (sedan/hatch),Car (sedan/hatch),2,0,0,0,0,10,October,Spring,Wednesday,08:00 - 09:59,AM peak / school commute,True,False,False,False
1365092,Non-casualty (towaway),Non-casualty (towaway),2024,2024,September,Monday,04:00 - 05:59,CUMBERLAND,HWY,300,North,MERRYLANDS,RD,GREYSTANES,13.0,No,Not a school zone,Divided road,-33.82803,150.961979,Cumberland,Sydney metro. area,Syd-Newc-Woll Gtr conurbation,Curved,,,,Unknown / not stated,Sealed,Wet,Raining,Darkness,Nil,No traffic controls,70 km/h,State,49,Other manoeuvring,400,Manov - other,,Other angle,Car (sedan/hatch),,1,0,0,0,0,9,September,Spring,Monday,04:00 - 05:59,Late night / early morning,False,False,False,False
1365093,Non-casualty (towaway),Non-casualty (towaway),2024,2024,October,Thursday,06:00 - 07:59,OLD NORTHERN,RD,157,North,CASTLE HILL,RD,CASTLE HILL,160.0,No,Not a school zone,2-way undivided,-33.729379,151.017492,Hornsby,Sydney metro. area,Syd-Newc-Woll Gtr conurbation,Straight,,,,Unknown / not stated,Sealed,Wet,Fog or mist,Daylight,Nil,No traffic controls,60 km/h,State,30,Rear end,301,Same - Rear end,,Rear end,Car (sedan/hatch),Car (sedan/hatch),3,0,0,0,0,10,October,Spring,Thursday,06:00 - 07:59,AM peak / school commute,True,False,False,False
1365096,Non-casualty (towaway),Non-casualty (towaway),2024,2024,October,Sunday,10:00 - 11:59,NEW ENGLAND,HWY,1000,North,PACIFIC,HWY,HEXHAM,9.0,No,Not a school zone,Divided road,-32.817184,151.678871,Newcastle,Newcastle met. area,Syd-Newc-Woll Gtr conurbation,Straight,,,,Unknown / not stated,Sealed,Dry,Fine,Daylight,Nil,No traffic controls,80 km/h,State,30,Rear end,301,Same - Rear end,,Rear end,Car (sedan/hatch),Car (sedan/hatch),2,0,0,0,0,10,October,Spring,Sunday,10:00 - 11:59,Midday / afternoon,False,False,False,False
1365125,Non-casualty (towaway),Non-casualty (towaway),2024,2024,September,Friday,16:00 - 17:59,ACTON,ST,0,Right on the spot,NUMBER 28,HN,CROYDON,,No,Not a school zone,2-way undivided,-33.87257,151.116557,Burwood,Sydney metro. area,Syd-Newc-Woll Gtr conurbation,Straight,,,,Unknown / not stated,Sealed,Dry,Fine,Daylight,Nil,No traffic controls,50 km/h,Local,39,Other same direction,300,Same - other,,Other angle,Car (sedan/hatch),Light truck utility(from 2018),2,0,0,0,0,9,September,Spring,Friday,16:00 - 17:59,PM peak / evening commute,True,False,False,False
1365129,Non-casualty (towaway),Non-casualty (towaway),2024,2024,October,Thursday,20:00 - 21:59,WATERLOO,RD,10,South,JUNO,PDE,GREENACRE,636.0,No,Not a school zone,X-intersection,-33.906795,151.057274,Canterbury-Bankstown,Sydney metro. area,Syd-Newc-Woll Gtr conurbation,Straight,,,,Unknown / not stated,Sealed,Dry,Fine,Darkness,Unknown / not stated,No traffic controls,60 km/h,State,45,Reversing,404,Manov - Reverse in traffic,,Other angle,Car (sedan/hatch),4 wheel drive / SUV,2,0,0,0,0,10,October,Spring,Thursday,20:00 - 21:59,Evening / night,False,False,False,False