crash_id,degree_of_crash,degree_of_crash_-_detailed,reporting_year,year_of_crash,month_of_crash,day_of_week_of_crash,two-hour_intervals,street_of_crash,street_type,distance,direction,identifying_feature,identifying_feature_type,town,route_no.,school_zone_location,school_zone_active,type_of_location,latitude,longitude,lga,urbanisation,conurbation_1,alignment,primary_permanent_feature,primary_temporary_feature,primary_hazardous_feature,street_lighting,road_surface,surface_condition,weather,natural_lighting,signals_operation,other_traffic_control,speed_limit,road_classification_(admin),rum_-_code,rum_-_description,dca_-_code,dca_-_description,dca_supplement,first_impact_type,key_tu_type,other_tu_type,no._of_traffic_units_involved,no._killed,no._seriously_injured,no._moderately_injured,no._minor-other_injured,month_num,month_label,season,day_label,time_label,time_band,is_peak_commute,is_fatal,is_injury,is_casualty
1365131,Non-casualty (towaway),Non-casualty (towaway),2024,2024,October,Sunday,08:00 - 09:59,SOUTH DOWLING,ST,16,South,RIDGE,ST,SURRY HILLS,593.0,No,Not a school zone,1-way street,-33.891628,151.216827,Sydney,Sydney metro. area,Syd-Newc-Woll Gtr conurbation,Straight,,,,Unknown / not stated,Sealed,Wet,Raining,Daylight,Nil,No traffic controls,60 km/h,State,73,Off rd rght => obj,704,Right off cway into obj,,Vehicle - Object,Car (sedan/hatch),,1,0,0,0,0,10,October,Spring,Sunday,08:00 - 09:59,AM peak / school commute,True,False,False,False
1365132,Non-casualty (towaway),Non-casualty (towaway),2024,2024,October,Saturday,08:00 - 09:59,SORRENTO,RD,20,West,KENDALL,RD,EMPIRE BAY,,No,Not a school zone,2-way undivided,-33.493671,151.363423,Central Coast,Country urban,Syd-Newc-Woll Gtr conurbation,Straight,,,,Nil,Sealed,Dry,Fine,Daylight,Nil,No traffic controls,50 km/h,Local,44,Parking vehicles,403,Manov - Parking-parked vehicle,,Other angle,4 wheel drive / SUV,Car (sedan/hatch),2,0,0,0,0,10,October,Spring,Saturday,08:00 - 09:59,AM peak / school commute,True,False,False,False
1365136,Non-casualty (towaway),Non-casualty (towaway),2024,2024,October,Saturday,14:00 - 15:59,BIRDWOOD,RD,0,Right on the spot,NUMBER 81,HN,GEORGES HALL,,Yes,No,2-way undivided,-33.913416,150.993111,Canterbury-Bankstown,Sydney metro. area,Syd-Newc-Woll Gtr conurbation,Curved,,,,Unknown / not stated,Sealed,Dry,Fine,Daylight,Nil,No traffic controls,50 km/h,Local,85,Off rt/lft bnd=>obj,804,Off left bend into obj,Right,Other angle,Station wagon,Car (sedan/hatch),3,0,0,0,0,10,October,Spring,Saturday,14:00 - 15:59,Midday / afternoon,False,False,False,False
1365137,Non-casualty (towaway),Non-casualty (towaway),2024,2024,October,Monday,14:00 - 15:59,KINTA,DR,20,South,BABILLA,CL,BERESFIELD,,No,Not a school zone,2-way undivided,-32.811307,151.638352,Newcastle,Newcastle met. area,Syd-Newc-Woll Gtr conurbation,Curved,Driveway/entrance,,,Unknown / not stated,Sealed,Dry,Fine,Daylight,Nil,No traffic controls,50 km/h,Local,47,Emerging from drive,406,Manov - Emerging from driveway,,Right angle,Large rigid,Light truck utility(from 2018),2,0,0,0,0,10,October,Spring,Monday,14:00 - 15:59,Midday / afternoon,False,False,False,False
1365138,Non-casualty (towaway),Non-casualty (towaway),2024,2024,October,Thursday,14:00 - 15:59,ALBION,ST,0,Right on the spot,FERN,ST,RANDWICK,,No,Not a school zone,Multiple intersection,-33.905931,151.253731,Randwick,Sydney metro. area,Syd-Newc-Woll Gtr conurbation,Curved,,,,Unknown / not stated,Sealed,Dry,Fine,Daylight,Nil,Give way sign,50 km/h,Local,20,Head on,201,Opp - Head on,,Head-on,Station wagon,4 wheel drive / SUV,2,0,0,0,0,10,October,Spring,Thursday,14:00 - 15:59,Midday / afternoon,False,False,False,False
1365139,Non-casualty (towaway),Non-casualty (towaway),2024,2024,October,Saturday,12:00 - 13:59,MITCHELL,DR,0,Right on the spot,STRONACH,AVE,EAST MAITLAND,,No,Not a school zone,Roundabout,-32.762269,151.589324,Maitland,Country urban,Rest of NSW - Urban,Curved,,,,Unknown / not stated,Sealed,Dry,Fine,Daylight,Nil,Give way sign,50 km/h,Local,33,Lane sideswipe,305,Same - Lane side swipe,,Other angle,4 wheel drive / SUV,4 wheel drive / SUV,2,0,0,0,0,10,October,Spring,Saturday,12:00 - 13:59,Midday / afternoon,False,False,False,False
1365141,Non-casualty (towaway),Non-casualty (towaway),2024,2024,October,Saturday,14:00 - 15:59,WILSON,RD,0,Right on the spot,NUMBER 182,HN,GREEN VALLEY,,No,Not a school zone,2-way undivided,-33.905748,150.865959,Liverpool,Sydney metro. area,Syd-Newc-Woll Gtr conurbation,Straight,,,,Unknown / not stated,Sealed,Dry,Fine,Daylight,Nil,No traffic controls,50 km/h,Local,42,Leaving parking,401,Manov - Leaving parking,,Other angle,Car (sedan/hatch),Car (sedan/hatch),2,0,0,0,0,10,October,Spring,Saturday,14:00 - 15:59,Midday / afternoon,False,False,False,False
1365142,Non-casualty (towaway),Non-casualty (towaway),2024,2024,October,Monday,08:00 - 09:59,CANTERBURY,RD,0,Right on the spot,PUNCHBOWL,RD,PUNCHBOWL,167.0,No,Not a school zone,T-junction,-33.932471,151.044852,Canterbury-Bankstown,Sydney metro. area,Syd-Newc-Woll Gtr conurbation,Straight,,,,Unknown / not stated,Sealed,Dry,Fine,Daylight,On,No traffic controls,60 km/h,State,13,Right near,104,Adj - Right-thru from right,,Right angle,Car (sedan/hatch),Car (sedan/hatch),2,0,0,0,0,10,October,Spring,Monday,08:00 - 09:59,AM peak / school commute,True,False,False,False
1365143,Non-casualty (towaway),Non-casualty (towaway),2024,2024,October,Tuesday,06:00 - 07:59,HAMPDEN,AVE,0,Right on the spot,HORSESHOE,RD,CARTWRIGHTS HILL,,No,Not a school zone,T-junction,-35.069926,147.388553,Wagga Wagga,Country urban,Rest of NSW - Urban,Straight,,,,Unknown / not stated,Sealed,Dry,Fine,Daylight,Nil,Give way sign,60 km/h,Local,13,Right near,104,Adj - Right-thru from right,,Right angle,Car (sedan/hatch),Light truck utility(from 2018),2,0,0,0,0,10,October,Spring,Tuesday,06:00 - 07:59,AM peak / school commute,True,False,False,False
1365145,Non-casualty (towaway),Non-casualty (towaway),2024,2024,October,Tuesday,08:00 - 09:59,YASS VALLEY,WAY,500,West,DOG TRAP,RD,YASS,7610.0,No,Not a school zone,2-way undivided,-34.863239,148.941131,Yass Valley,Country non-urban,Rest of NSW - Rural,Straight,Steep grade,,,Unknown / not stated,Sealed,Dry,Fine,Daylight,Nil,No traffic controls,100 km/h,Regional,30,Rear end,301,Same - Rear end,,Rear end,Car (sedan/hatch),Station wagon,2,0,0,0,0,10,October,Spring,Tuesday,08:00 - 09:59,AM peak / school commute,True,False,False,False
1365146,Non-casualty (towaway),Non-casualty (towaway),2024,2024,October,Friday,06:00 - 07:59,MANNING,ST,999999,Unknown/not stated,UNKNOWN,UK,TUNCURRY,692.0,No,Not a school zone,Divided road,-32.170553,152.498882,Mid-Coast,Country urban,Rest of NSW - Urban,Curved,,,,Unknown / not stated,Sealed,Dry,Fine,Daylight,Nil,No traffic controls,50 km/h,State,20,Head on,201,Opp - Head on,,Head-on,Light truck utility(from 2018),4 wheel drive / SUV,2,0,0,0,0,10,October,Spring,Friday,06:00 - 07:59,AM peak / school commute,True,False,False,False
1365148,Non-casualty (towaway),Non-casualty (towaway),2024,2024,September,Monday,04:00 - 05:59,GUNDAGAI,ST,0,Right on the spot,MURDOCK,ST,COFFS HARBOUR,,No,Not a school zone,T-junction,-30.294413,153.110934,Coffs Harbour,Country urban,Rest of NSW - Urban,Straight,,,,Unknown / not stated,Sealed,Dry,Fine,Darkness,Nil,Stop sign,50 km/h,Local,81,Off left/rt bnd=>obj,707,Right turn,Left,Vehicle - Object,Car (sedan/hatch),,1,0,0,0,0,9,September,Spring,Monday,04:00 - 05:59,Late night / early morning,False,False,False,False
1365154,Non-casualty (towaway),Non-casualty (towaway),2024,2024,September,Tuesday,00:01 - 01:59,GREENACRE,RD,0,Right on the spot,HILLCREST,AVE,GREENACRE,,No,Not a school zone,X-intersection,-33.911397,151.04684,Canterbury-Bankstown,Sydney metro. area,Syd-Newc-Woll Gtr conurbation,Straight,,,,Unknown / not stated,Sealed,Dry,Fine,Darkness,Nil,Stop sign,50 km/h,Local,10,Cross traffic,101,Adj - Cross traffic,,Right angle,Car (sedan/hatch),Light truck utility(from 2018),3,0,0,0,0,9,September,Spring,Tuesday,00:01 - 01:59,Late night / early morning,False,False,False,False
1365156,Non-casualty (towaway),Non-casualty (towaway),2024,2024,October,Monday,08:00 - 09:59,OLD NORTHERN,RD,60,North,QUARRY,RD,DURAL,160.0,No,Not a school zone,Divided road,-33.69379,151.031977,The Hills,Sydney metro. area,Syd-Newc-Woll Gtr conurbation,Curved,,,,Unknown / not stated,Sealed,Dry,Fine,Daylight,Nil,No traffic controls,60 km/h,State,87,Off lft/lft bnd=>obj,804,Off left bend into obj,Left,Vehicle - Object,Car (sedan/hatch),,1,0,0,0,0,10,October,Spring,Monday,08:00 - 09:59,AM peak / school commute,True,False,False,False
1365158,Non-casualty (towaway),Non-casualty (towaway),2024,2024,October,Thursday,10:00 - 11:59,SHOAL BAY,RD,999999,Unknown/not stated,UNKNOWN,UK,SHOAL BAY,,No,Not a school zone,2-way undivided,-32.719535,152.180708,Port Stephens,Country urban,Rest of NSW - Urban,Curved,,,,Unknown / not stated,Sealed,Dry,Fine,Daylight,Nil,No traffic controls,40 km/h,Local,81,Off left/rt bnd=>obj,803,Off right bend into obj,Left,Vehicle - Object,Light truck utility(from 2018),,1,0,0,0,0,10,October,Spring,Thursday,10:00 - 11:59,Midday / afternoon,False,False,False,False
1365161,Non-casualty (towaway),Non-casualty (towaway),2024,2024,October,Friday,16:00 - 17:59,HEATH,ST,0,Right on the spot,URANA,ST,TURVEY PARK,,No,Not a school zone,X-intersection,-35.127342,147.359605,Wagga Wagga,Country urban,Rest of NSW - Urban,Straight,,,,Unknown / not stated,Sealed,Dry,Fine,Daylight,Nil,Give way sign,50 km/h,Local,32,Right rear,303,Same - Rear right,,Rear end,Car (sedan/hatch),Car (sedan/hatch),2,0,0,0,0,10,October,Spring,Friday,16:00 - 17:59,PM peak / evening commute,True,False,False,False
1365162,Non-casualty (towaway),Non-casualty (towaway),2024,2024,September,Sunday,14:00 - 15:59,HUME,HWY,5000,North,OLD HUME,HWY,WINGELLO,2.0,No,Not a school zone,Divided road,-34.652023,150.090292,Wingecarribee,Country non-urban,Rest of NSW - Rural,Straight,Steep grade,,,Unknown / not stated,Sealed,Dry,Unknown,Daylight,Nil,No traffic controls,110 km/h,State,72,Off road to right,702,Off carriageway to right,,Rollover,Light truck utility(from 2018),,1,0,0,0,0,9,September,Spring,Sunday,14:00 - 15:59,Midday / afternoon,False,False,False,False
1365165,Non-casualty (towaway),Non-casualty (towaway),2024,2024,October,Wednesday,10:00 - 11:59,CUMBERLAND,HWY,875,West,PENNANT HILLS ROAD,OP,NORTH PARRAMATTA,13.0,No,Not a school zone,Divided road,-33.792193,151.006208,Parramatta,Sydney metro. area,Syd-Newc-Woll Gtr conurbation,Curved,Steep grade,,,Unknown / not stated,Sealed,Dry,Fine,Daylight,Nil,No traffic controls,90 km/h,State,39,Other same direction,300,Same - other,,Other angle,Large rigid,Car (sedan/hatch),2,0,0,0,0,10,October,Spring,Wednesday,10:00 - 11:59,Midday / afternoon,False,False,False,False
1365172,Non-casualty (towaway),Non-casualty (towaway),2024,2024,October,Thursday,22:00 - Midnight,FEDERAL,HWY,500,North,FEDERAL HIGHWAY SERVICE ROAD,TO,SUTTON,3.0,No,Not a school zone,Divided road,-35.186097,149.229541,Queanbeyan-Palerang Regional,Country non-urban,Rest of NSW - Rural,Straight,Embankment/cutting,,,Unknown / not stated,Sealed,Dry,Fine,Darkness,Nil,No traffic controls,110 km/h,State,70,Off road to left,701,Off carriageway to left,,Rollover,Car (sedan/hatch),,1,0,0,0,0,10,October,Spring,Thursday,22:00 - Midnight,Evening / night,False,False,False,False
1365175,Non-casualty (towaway),Non-casualty (towaway),2024,2024,October,Saturday,06:00 - 07:59,PACIFIC,HWY,2000,South,NEWMANS ROAD,OP,BOOLAMBAYTE,10.0,No,Not a school zone,Divided road,-32.368997,152.298366,Mid-Coast,Country non-urban,Rest of NSW - Rural,Straight,Steep grade,,,Unknown / not stated,Sealed,Wet,Raining,Daylight,Nil,No traffic controls,110 km/h,State,74,On road-out of cont.,705,Out of control on cway,,Rollover,B-double (road train prior 98),,1,0,0,0,0,10,October,Spring,Saturday,06:00 - 07:59,AM peak / school commute,True,False,False,False
1365176,Non-casualty (towaway),Non-casualty (towaway),2024,2024,October,Thursday,14:00 - 15:59,SCHOFIELDS,RD,50,West,JUNCTION,RD,SCHOFIELDS,687.0,No,Not a school zone,Divided road,-33.699087,150.87902,Blacktown,Sydney metro. area,Syd-Newc-Woll Gtr conurbation,Straight,,,,Unknown / not stated,Sealed,Dry,Fine,Daylight,Nil,No traffic controls,70 km/h,State,33,Lane sideswipe,305,Same - Lane side swipe,,Other angle,Light truck,Car (sedan/hatch),2,0,0,0,0,10,October,Spring,Thursday,14:00 - 15:59,Midday / afternoon,False,False,False,False
1365178,Non-casualty (towaway),Non-casualty (towaway),2024,2024,September,Saturday,22:00 - Midnight,KING,RD,50,North,HAMILTON,RD,FAIRFIELD WEST,7231.0,No,Not a school zone,2-way undivided,-33.86754,150.91787,Fairfield,Sydney metro. area,Syd-Newc-Woll Gtr conurbation,Straight,,,,Unknown / not stated,Sealed,Dry,Fine,Darkness,Nil,No traffic controls,60 km/h,Regional,40,U turn,304,Same - U-turn,,Other angle,Car (sedan/hatch),4 wheel drive / SUV,2,0,0,0,0,9,September,Spring,Saturday,22:00 - Midnight,Evening / night,False,False,False,False
1365179,Non-casualty (towaway),Non-casualty (towaway),2024,2024,October,Friday,12:00 - 13:59,WEST,TCE,34,South,SOUTH,TCE,BANKSTOWN,,No,Not a school zone,2-way undivided,-33.917585,151.037581,Canterbury-Bankstown,Sydney metro. area,Syd-Newc-Woll Gtr conurbation,Straight,Other bridge,,,Unknown / not stated,Sealed,Dry,Fine,Daylight,Nil,No traffic controls,40 km/h,Local,69,Other on path,600,On path - Other,,Vehicle - Object,Light truck,,2,0,0,0,0,10,October,Spring,Friday,12:00 - 13:59,Midday / afternoon,False,False,False,False
1365180,Non-casualty (towaway),Non-casualty (towaway),2024,2024,October,Saturday,14:00 - 15:59,CHARLESTOWN,RD,0,Right on the spot,POWELL,ST,CHARLESTOWN,674.0,No,Not a school zone,Roundabout,-32.960583,151.694384,Lake Macquarie,Newcastle met. area,Syd-Newc-Woll Gtr conurbation,Straight,Crest,,,Unknown / not stated,Sealed,Dry,Fine,Daylight,Nil,Give way sign,60 km/h,State,10,Cross traffic,101,Adj - Cross traffic,,Right angle,Car (sedan/hatch),Car (sedan/hatch),2,0,0,0,0,10,October,Spring,Saturday,14:00 - 15:59,Midday / afternoon,False,False,False,False
1365185,Non-casualty (towaway),Non-casualty (towaway),2024,2024,October,Tuesday,08:00 - 09:59,OXIDE,ST,0,Right on the spot,WYMAN,ST,BROKEN HILL,,No,Not a school zone,X-intersection,-31.940962,141.454327,Broken Hill,Country urban,Rest of NSW - Urban,Straight,Steep grade,,,Unknown / not stated,Sealed,Dry,Fine,Daylight,Nil,Give way sign,50 km/h,Local,93,Pkd veh runaway=>obj,906,Parked vehicle ran away,,Vehicle - Object,Station wagon,,1,0,0,0,0,10,October,Spring,Tuesday,08:00 - 09:59,AM peak / school commute,True,False,False,False
1365186,Non-casualty (towaway),Non-casualty (towaway),2024,2024,October,Wednesday,18:00 - 19:59,FLOOD,ST,0,Right on the spot,LYALL,ST,LEICHHARDT,,No,Not a school zone,T-junction,-33.879014,151.150087,Inner West,Sydney metro. area,Syd-Newc-Woll Gtr conurbation,Straight,,,,Off,Sealed,Dry,Overcast,Dusk,Nil,No traffic controls,50 km/h,Local,46,Reversing into obj,405,Manov - Reverse into fixed obj,,Other angle,Light truck utility(from 2018),4 wheel drive / SUV,2,0,0,0,0,10,October,Spring,Wednesday,18:00 - 19:59,PM peak / evening commute,True,False,False,False
1365188,Non-casualty (towaway),Non-casualty (towaway),2024,2024,October,Saturday,12:00 - 13:59,TALAVERA,RD,15,East,ALMA,RD,MACQUARIE PARK,7487.0,No,Not a school zone,Divided road,-33.77605,151.12234,Ryde,Sydney metro. area,Syd-Newc-Woll Gtr conurbation,Straight,Driveway/entrance,,,Unknown / not stated,Sealed,Dry,Fine,Daylight,On,No traffic controls,50 km/h,Regional,47,Emerging from drive,406,Manov - Emerging from driveway,,Right angle,Car (sedan/hatch),4 wheel drive / SUV,2,0,0,0,0,10,October,Spring,Saturday,12:00 - 13:59,Midday / afternoon,False,False,False,False
1365191,Non-casualty (towaway),Non-casualty (towaway),2024,2024,October,Saturday,18:00 - 19:59,MAIN,ST,0,Right on the spot,HEREWARD,HWY,BLACKTOWN,642.0,No,Not a school zone,T-junction,-33.772323,150.912401,Blacktown,Sydney metro. area,Syd-Newc-Woll Gtr conurbation,Straight,Steep grade,,,Unknown / not stated,Sealed,Dry,Fine,Daylight,Nil,No traffic controls,60 km/h,State,31,Left rear,302,Same - Rear left,,Rear end,Car (sedan/hatch),Car (sedan/hatch),3,0,0,0,0,10,October,Spring,Saturday,18:00 - 19:59,PM peak / evening commute,True,False,False,False
1365192,Non-casualty (towaway),Non-casualty (towaway),2024,2024,October,Monday,16:00 - 17:59,MOWBRAY,RD,0,Right on the spot,NUMBER 455,HN,LANE COVE NORTH,2092.0,No,Not a school zone,2-way undivided,-33.807661,151.172456,Willoughby,Sydney metro. area,Syd-Newc-Woll Gtr conurbation,Curved,,,,Unknown / not stated,Sealed,Wet,Overcast,Daylight,Nil,No traffic controls,50 km/h,Regional,49,Other manoeuvring,400,Manov - other,,Other angle,4 wheel drive / SUV,Car (sedan/hatch),2,0,0,0,0,10,October,Spring,Monday,16:00 - 17:59,PM peak / evening commute,True,False,False,False
1365193,Non-casualty (towaway),Non-casualty (towaway),2024,2024,October,Sunday,02:00 - 03:59,OLD CANTERBURY,RD,0,Right on the spot,NUMBER 125,HN,DULWICH HILL,652.0,No,Not a school zone,2-way undivided,-33.895485,151.141556,Inner West,Sydney metro. area,Syd-Newc-Woll Gtr conurbation,Curved,,,,Unknown / not stated,Sealed,Wet,Overcast,Darkness,Nil,No traffic controls,50 km/h,State,81,Off left/rt bnd=>obj,803,Off right bend into obj,Left,Vehicle - Object,Car (sedan/hatch),,1,0,0,0,0,10,October,Spring,Sunday,02:00 - 03:59,Late night / early morning,False,False,False,False
1365194,Non-casualty (towaway),Non-casualty (towaway),2024,2024,October,Friday,10:00 - 11:59,OLD NORTHERN,RD,0,Right on the spot,FULLERS,RD,GLENHAVEN,160.0,No,Not a school zone,T-junction,-33.708056,151.011124,The Hills,Sydney metro. area,Syd-Newc-Woll Gtr conurbation,Straight,Driveway/entrance,,,Unknown / not stated,Sealed,Dry,Fine,Daylight,Nil,Give way sign,60 km/h,State,32,Right rear,303,Same - Rear right,,Rear end,Large rigid,Car (sedan/hatch),2,0,0,0,0,10,October,Spring,Friday,10:00 - 11:59,Midday / afternoon,False,False,False,False
1365195,Non-casualty (towaway),Non-casualty (towaway),2024,2024,October,Wednesday,08:00 - 09:59,FITZROY,ST,10,North,WINGEWARRA,ST,DUBBO,,Yes,No,T-junction,-32.25186,148.612932,Dubbo Regional,Country urban,Rest of NSW - Urban,Straight,,,,Unknown / not stated,Sealed,Dry,Fine,Daylight,Nil,No traffic controls,50 km/h,Local,30,Rear end,301,Same - Rear end,,Rear end,Station wagon,Car (sedan/hatch),2,0,0,0,0,10,October,Spring,Wednesday,08:00 - 09:59,AM peak / school commute,True,False,False,False
1365196,Non-casualty (towaway),Non-casualty (towaway),2024,2024,September,Monday,10:00 - 11:59,WATERLOO,RD,35,South,DAVID,ST,GREENACRE,7118.0,No,Not a school zone,2-way undivided,-33.896421,151.059022,Canterbury-Bankstown,Sydney metro. area,Syd-Newc-Woll Gtr conurbation,Straight,,,,Unknown / not stated,Sealed,Dry,Fine,Daylight,Nil,No traffic controls,60 km/h,Regional,44,Parking vehicles,403,Manov - Parking-parked vehicle,,Other angle,4 wheel drive / SUV,Light truck utility(from 2018),2,0,0,0,0,9,September,Spring,Monday,10:00 - 11:59,Midday / afternoon,False,False,False,False
1365197,Non-casualty (towaway),Non-casualty (towaway),2024,2024,October,Thursday,20:00 - 21:59,KING GEORGES,RD,20,North,BELMONT,AVE,HURSTVILLE,200.0,No,Not a school zone,2-way undivided,-33.966671,151.095381,Georges River,Sydney metro. area,Syd-Newc-Woll Gtr conurbation,Straight,,,,Unknown / not stated,Sealed,Dry,Fine,Darkness,Nil,No traffic controls,60 km/h,State,30,Rear end,301,Same - Rear end,,Rear end,Car (sedan/hatch),Car (sedan/hatch),4,0,0,0,0,10,October,Spring,Thursday,20:00 - 21:59,Evening / night,False,False,False,False
1365198,Non-casualty (towaway),Non-casualty (towaway),2024,2024,October,Wednesday,06:00 - 07:59,HOPE,ST,0,Right on the spot,NUMBER 7,HN,YASS,,No,Not a school zone,2-way undivided,-34.830877,148.914853,Yass Valley,Country urban,Rest of NSW - Urban,Straight,,,,Unknown / not stated,Sealed,Dry,Fine,Daylight,Nil,No traffic controls,50 km/h,Local,71,Off rd left => obj,703,Left off cway into object,,Other angle,Station wagon,Light truck utility(from 2018),3,0,0,0,0,10,October,Spring,Wednesday,06:00 - 07:59,AM peak / school commute,True,False,False,False
1365201,Non-casualty (towaway),Non-casualty (towaway),2024,2024,October,Monday,12:00 - 13:59,CATTAI,RD,0,Right on the spot,NUMBER 210,HN,PITT TOWN,181.0,No,Not a school zone,2-way undivided,-33.5749,150.88187,Hawkesbury,Country urban,Syd-Newc-Woll Gtr conurbation,Straight,,,,Unknown / not stated,Sealed,Dry,Fine,Daylight,Nil,No traffic controls,80 km/h,State,71,Off rd left => obj,703,Left off cway into object,,Vehicle - Object,Light truck utility(from 2018),,1,0,0,0,0,10,October,Spring,Monday,12:00 - 13:59,Midday / afternoon,False,False,False,False
1365202,Non-casualty (towaway),Non-casualty (towaway),2024,2024,October,Monday,06:00 - 07:59,MITCHELL,HWY,500,South,BEASLEY,RD,LUCKNOW,7.0,No,Not a school zone,2-way undivided,-33.353006,149.169912,Orange,Country non-urban,Rest of NSW - Rural,Curved,Foot/cycle path/nature strip,,,Unknown / not stated,Sealed,Dry,Overcast,Daylight,Nil,No traffic controls,100 km/h,State,87,Off lft/lft bnd=>obj,804,Off left bend into obj,Left,Vehicle - Object,4 wheel drive / SUV,,1,0,0,0,0,10,October,Spring,Monday,06:00 - 07:59,AM peak / school commute,True,False,False,False
1365203,Non-casualty (towaway),Non-casualty (towaway),2024,2024,October,Wednesday,16:00 - 17:59,NEW ENGLAND,HWY,0,Right on the spot,NELSON,ST,GRETA,9.0,No,Not a school zone,X-intersection,-32.682297,151.393153,Cessnock,Country urban,Rest of NSW - Urban,Straight,,,,Unknown / not stated,Sealed,Wet,Raining,Daylight,Nil,Stop sign,60 km/h,State,10,Cross traffic,101,Adj - Cross traffic,,Right angle,4 wheel drive / SUV,Car (sedan/hatch),2,0,0,0,0,10,October,Spring,Wednesday,16:00 - 17:59,PM peak / evening commute,True,False,False,False
1365207,Non-casualty (towaway),Non-casualty (towaway),2024,2024,October,Friday,18:00 - 19:59,HAVELOCK,AVE,400,East,CARR,ST,COOGEE,,No,Not a school zone,2-way undivided,-33.924156,151.255563,Randwick,Sydney metro. area,Syd-Newc-Woll Gtr conurbation,Curved,,,,Unknown / not stated,Sealed,Dry,Fine,Darkness,Nil,No traffic controls,50 km/h,Local,49,Other manoeuvring,400,Manov - other,,Other angle,4 wheel drive / SUV,,1,0,0,0,0,10,October,Spring,Friday,18:00 - 19:59,PM peak / evening commute,True,False,False,False
1365208,Non-casualty (towaway),Non-casualty (towaway),2024,2024,October,Sunday,00:01 - 01:59,ALFORDS POINT,RD,100,North,OLD ILLAWARRA,RD,MENAI,190.0,No,Not a school zone,Divided road,-34.012344,151.010036,Sutherland,Sydney metro. area,Syd-Newc-Woll Gtr conurbation,Straight,,,,Unknown / not stated,Sealed,Dry,Fine,Darkness,Nil,No traffic controls,80 km/h,State,71,Off rd left => obj,703,Left off cway into object,,Vehicle - Object,Large rigid,,1,0,0,0,0,10,October,Spring,Sunday,00:01 - 01:59,Late night / early morning,False,False,False,False
1365214,Non-casualty (towaway),Non-casualty (towaway),2024,2024,October,Wednesday,18:00 - 19:59,CHILTON,AVE,0,Right on the spot,NUMBER 4,HN,OAKHURST,,No,Not a school zone,2-way undivided,-33.738216,150.846048,Blacktown,Sydney metro. area,Syd-Newc-Woll Gtr conurbation,Straight,,,,Unknown / not stated,Sealed,Dry,Fine,Dusk,Nil,No traffic controls,50 km/h,Local,73,Off rd rght => obj,704,Right off cway into obj,,Other angle,Car (sedan/hatch),Light truck utility(from 2018),2,0,0,0,0,10,October,Spring,Wednesday,18:00 - 19:59,PM peak / evening commute,True,False,False,False
1365215,Non-casualty (towaway),Non-casualty (towaway),2024,2024,October,Thursday,10:00 - 11:59,SWAMP,RD,0,Right on the spot,MINNAMURRA,RVR,JAMBEROO,,No,Not a school zone,2-way undivided,-34.639126,150.828909,Kiama,Country urban,Rest of NSW - Urban,Straight,Other bridge,,,Unknown / not stated,Sealed,Dry,Fine,Daylight,Nil,No traffic controls,80 km/h,Local,71,Off rd left => obj,703,Left off cway into object,,Vehicle - Object,4 wheel drive / SUV,,1,0,0,0,0,10,October,Spring,Thursday,10:00 - 11:59,Midday / afternoon,False,False,False,False
1365219,Non-casualty (towaway),Non-casualty (towaway),2024,2024,October,Saturday,18:00 - 19:59,GREENWELL POINT,RD,30,West,MAYFIELD,RD,PYREE,7632.0,No,Not a school zone,2-way undivided,-34.901779,150.670349,Shoalhaven,Country urban,Rest of NSW - Urban,Curved,,,,Unknown / not stated,Sealed,Dry,Fine,Dusk,Nil,No traffic controls,80 km/h,Regional,81,Off left/rt bnd=>obj,803,Off right bend into obj,Left,Vehicle - Object,Car (sedan/hatch),,1,0,0,0,0,10,October,Spring,Saturday,18:00 - 19:59,PM peak / evening commute,True,False,False,False
1365223,Non-casualty (towaway),Non-casualty (towaway),2024,2024,October,Friday,12:00 - 13:59,PATTERSON,ST,0,Right on the spot,SILVERWATER ROAD,OP,RYDALMERE,190.0,No,Not a school zone,2-way undivided,-33.811925,151.052705,Parramatta,Sydney metro. area,Syd-Newc-Woll Gtr conurbation,Straight,Underpass/tunnel,,,Unknown / not stated,Sealed,Dry,Fine,Daylight,Nil,No traffic controls,50 km/h,State,72,Off road to right,702,Off carriageway to right,,Rollover,4 wheel drive / SUV,,1,0,0,0,0,10,October,Spring,Friday,12:00 - 13:59,Midday / afternoon,False,False,False,False