crash_id,degree_of_crash,degree_of_crash_-_detailed,reporting_year,year_of_crash,month_of_crash,day_of_week_of_crash,two-hour_intervals,street_of_crash,street_type,distance,direction,identifying_feature,identifying_feature_type,town,route_no.,school_zone_location,school_zone_active,type_of_location,latitude,longitude,lga,urbanisation,conurbation_1,alignment,primary_permanent_feature,primary_temporary_feature,primary_hazardous_feature,street_lighting,road_surface,surface_condition,weather,natural_lighting,signals_operation,other_traffic_control,speed_limit,road_classification_(admin),rum_-_code,rum_-_description,dca_-_code,dca_-_description,dca_supplement,first_impact_type,key_tu_type,other_tu_type,no._of_traffic_units_involved,no._killed,no._seriously_injured,no._moderately_injured,no._minor-other_injured,month_num,month_label,season,day_label,time_label,time_band,is_peak_commute,is_fatal,is_injury,is_casualty
1365224,Non-casualty (towaway),Non-casualty (towaway),2024,2024,October,Thursday,16:00 - 17:59,AVOCA,ST,0,Right on the spot,MILFORD,ST,RANDWICK,660.0,Yes,No,T-junction,-33.915221,151.241591,Randwick,Sydney metro. area,Syd-Newc-Woll Gtr conurbation,Straight,,,,Unknown / not stated,Sealed,Dry,Fine,Daylight,Nil,No U turn,50 km/h,State,21,Right through,202,Opp - Right-thru,,Other angle,Car (sedan/hatch),4 wheel drive / SUV,2,0,0,0,0,10,October,Spring,Thursday,16:00 - 17:59,PM peak / evening commute,True,False,False,False
1365225,Non-casualty (towaway),Non-casualty (towaway),2024,2024,October,Wednesday,08:00 - 09:59,BOONAL,ST,0,Right on the spot,PEEL,RD,BAULKHAM HILLS,,No,Not a school zone,T-junction,-33.747457,150.972132,The Hills,Sydney metro. area,Syd-Newc-Woll Gtr conurbation,Straight,,,,Unknown / not stated,Sealed,Dry,Fine,Daylight,Nil,No traffic controls,50 km/h,Local,13,Right near,104,Adj - Right-thru from right,,Right angle,Station wagon,4 wheel drive / SUV,3,0,0,0,0,10,October,Spring,Wednesday,08:00 - 09:59,AM peak / school commute,True,False,False,False
1365229,Non-casualty (towaway),Non-casualty (towaway),2024,2024,October,Wednesday,16:00 - 17:59,PACIFIC,HWY,0,Right on the spot,TAMARIND DRIVE,TO,TINTENBAR,10.0,No,Not a school zone,Divided road,-28.791738,153.525308,Ballina,Country non-urban,Rest of NSW - Rural,Curved,,,,Unknown / not stated,Sealed,Wet,Raining,Daylight,Nil,No traffic controls,110 km/h,State,82,Off right/right bend,801,Off cway right bend,Right,Rollover,4 wheel drive / SUV,,1,0,0,0,0,10,October,Spring,Wednesday,16:00 - 17:59,PM peak / evening commute,True,False,False,False
1365231,Non-casualty (towaway),Non-casualty (towaway),2024,2024,October,Monday,08:00 - 09:59,KURRAWAN,ST,0,Right on the spot,NUMBER 23,HN,SOUTH TAMWORTH,,No,Not a school zone,2-way undivided,-31.117637,150.926209,Tamworth Regional,Country urban,Rest of NSW - Urban,Curved,,,,Unknown / not stated,Sealed,Wet,Raining,Daylight,Nil,No traffic controls,50 km/h,Local,81,Off left/rt bnd=>obj,803,Off right bend into obj,Left,Other angle,4 wheel drive / SUV,4 wheel drive / SUV,2,0,0,0,0,10,October,Spring,Monday,08:00 - 09:59,AM peak / school commute,True,False,False,False
1365232,Non-casualty (towaway),Non-casualty (towaway),2024,2024,October,Thursday,04:00 - 05:59,BATT,ST,0,Right on the spot,WALLACE,ST,SEFTON,,No,Not a school zone,X-intersection,-33.892013,151.011482,Canterbury-Bankstown,Sydney metro. area,Syd-Newc-Woll Gtr conurbation,Straight,,,,Unknown / not stated,Sealed,Dry,Fine,Dawn,Nil,Give way sign,50 km/h,Local,10,Cross traffic,101,Adj - Cross traffic,,Right angle,Car (sedan/hatch),4 wheel drive / SUV,2,0,0,0,0,10,October,Spring,Thursday,04:00 - 05:59,Late night / early morning,False,False,False,False
1365233,Non-casualty (towaway),Non-casualty (towaway),2024,2024,October,Wednesday,10:00 - 11:59,BAROSSA,DR,0,Right on the spot,MINCHIN,DR,MINCHINBURY,,No,Not a school zone,Roundabout,-33.789543,150.836997,Blacktown,Sydney metro. area,Syd-Newc-Woll Gtr conurbation,Straight,Driveway/entrance,,,Unknown / not stated,Sealed,Dry,Fine,Daylight,Nil,Give way sign,50 km/h,Local,47,Emerging from drive,406,Manov - Emerging from driveway,,Right angle,4 wheel drive / SUV,Car (sedan/hatch),2,0,0,0,0,10,October,Spring,Wednesday,10:00 - 11:59,Midday / afternoon,False,False,False,False
1365236,Non-casualty (towaway),Non-casualty (towaway),2024,2024,October,Monday,08:00 - 09:59,FIVE ISLANDS,RD,0,Right on the spot,THE ESPLANADE,MS,SPEERS POINT,217.0,No,Not a school zone,Roundabout,-32.957179,151.617317,Lake Macquarie,Newcastle met. area,Syd-Newc-Woll Gtr conurbation,Curved,,,,Unknown / not stated,Sealed,Dry,Overcast,Daylight,Nil,No traffic controls,70 km/h,State,39,Other same direction,300,Same - other,,Other angle,Large rigid,Car (sedan/hatch),2,0,0,0,0,10,October,Spring,Monday,08:00 - 09:59,AM peak / school commute,True,False,False,False
1365240,Non-casualty (towaway),Non-casualty (towaway),2024,2024,October,Saturday,04:00 - 05:59,CROUDACE,RD,0,Right on the spot,CARDIFF,RD,ELERMORE VALE,7770.0,No,Not a school zone,Roundabout,-32.915193,151.672332,Newcastle,Newcastle met. area,Syd-Newc-Woll Gtr conurbation,Straight,Steep grade,,,Unknown / not stated,Sealed,Dry,Fine,Unknown,Nil,Give way sign,60 km/h,Regional,74,On road-out of cont.,705,Out of control on cway,,Rollover,4 wheel drive / SUV,,1,0,0,0,0,10,October,Spring,Saturday,04:00 - 05:59,Late night / early morning,False,False,False,False
1365242,Non-casualty (towaway),Non-casualty (towaway),2024,2024,October,Sunday,22:00 - Midnight,BRUXNER,HWY,5000,East,BLACK SWAMP,RD,TENTERFIELD,16.0,No,Not a school zone,2-way undivided,-28.976401,152.171634,Tenterfield,Country non-urban,Rest of NSW - Rural,Curved,,,,Unknown / not stated,Sealed,Dry,Fine,Darkness,Nil,No traffic controls,100 km/h,State,86,Off left/left bend,802,Off cway left bend,Left,Rollover,4 wheel drive / SUV,,1,0,0,0,0,10,October,Spring,Sunday,22:00 - Midnight,Evening / night,False,False,False,False
1365246,Non-casualty (towaway),Non-casualty (towaway),2024,2024,October,Friday,22:00 - Midnight,THE PROMENADE,MS,20,South,DARLEY,ST,SANS SOUCI,,No,Not a school zone,Divided road,-33.988064,151.13121,Georges River,Sydney metro. area,Syd-Newc-Woll Gtr conurbation,Straight,,,,Unknown / not stated,Sealed,Dry,Fine,Darkness,Nil,No traffic controls,50 km/h,Local,71,Off rd left => obj,703,Left off cway into object,,Other angle,Car (sedan/hatch),Passenger van,2,0,0,0,0,10,October,Spring,Friday,22:00 - Midnight,Evening / night,False,False,False,False
1365247,Non-casualty (towaway),Non-casualty (towaway),2024,2024,October,Saturday,14:00 - 15:59,BELUBULA,ST,80,North,ICELY,ST,CARCOAR,,No,Not a school zone,2-way undivided,-33.610701,149.140216,Blayney,Country urban,Rest of NSW - Urban,Straight,Steep grade,,,Unknown / not stated,Sealed,Dry,Fine,Daylight,Nil,No traffic controls,50 km/h,Local,71,Off rd left => obj,703,Left off cway into object,,Other angle,Other bus,Light truck utility(from 2018),2,0,0,0,0,10,October,Spring,Saturday,14:00 - 15:59,Midday / afternoon,False,False,False,False
1365248,Non-casualty (towaway),Non-casualty (towaway),2024,2024,October,Saturday,12:00 - 13:59,DALMAN,PKWY,0,Right on the spot,UNDURRA,DR,GLENFIELD PARK,,No,Not a school zone,T-junction,-35.14035,147.330208,Wagga Wagga,Country urban,Rest of NSW - Urban,Curved,,,,Unknown / not stated,Sealed,Dry,Fine,Daylight,Nil,No traffic controls,50 km/h,Local,21,Right through,202,Opp - Right-thru,,Other angle,Station wagon,Car (sedan/hatch),2,0,0,0,0,10,October,Spring,Saturday,12:00 - 13:59,Midday / afternoon,False,False,False,False
1365250,Non-casualty (towaway),Non-casualty (towaway),2024,2024,October,Sunday,00:01 - 01:59,THUNDERBOLTS,WAY,0,Right on the spot,NUMBER 1188,HN,YARROWYCK,73.0,No,Not a school zone,2-way undivided,-30.538108,151.432641,Uralla,Country non-urban,Rest of NSW - Rural,Curved,,,,Unknown / not stated,Sealed,Wet,Raining,Darkness,Nil,No traffic controls,100 km/h,Regional,80,Off left/right bend,801,Off cway right bend,Left,Rollover,Light truck utility(from 2018),,1,0,0,0,0,10,October,Spring,Sunday,00:01 - 01:59,Late night / early morning,False,False,False,False
1365253,Non-casualty (towaway),Non-casualty (towaway),2024,2024,October,Friday,16:00 - 17:59,GOOLMA,RD,250,West,GILLINGHALL,RD,BODANGORA,633.0,No,Not a school zone,2-way undivided,-32.44767,149.034723,Dubbo Regional,Country non-urban,Rest of NSW - Rural,Straight,,,,Unknown / not stated,Sealed,Dry,Fine,Dusk,Nil,No traffic controls,100 km/h,State,71,Off rd left => obj,703,Left off cway into object,,Vehicle - Object,4 wheel drive / SUV,,1,0,0,0,0,10,October,Spring,Friday,16:00 - 17:59,PM peak / evening commute,True,False,False,False
1365256,Non-casualty (towaway),Non-casualty (towaway),2024,2024,October,Thursday,16:00 - 17:59,LACHLAN VALLEY,WAY,1000,North,KANGIARA,RD,KANGIARA,56.0,No,Not a school zone,2-way undivided,-34.59521,148.747286,Yass Valley,Country non-urban,Rest of NSW - Rural,Curved,Painted double centre lines,,,Unknown / not stated,Sealed,Dry,Fine,Daylight,Nil,No traffic controls,100 km/h,State,85,Off rt/lft bnd=>obj,804,Off left bend into obj,Right,Vehicle - Object,Light truck utility(from 2018),,1,0,0,0,0,10,October,Spring,Thursday,16:00 - 17:59,PM peak / evening commute,True,False,False,False
1365257,Non-casualty (towaway),Non-casualty (towaway),2024,2024,October,Monday,08:00 - 09:59,HAVANNAH,ST,10,East,PROSPECT,ST,BATHURST,,No,Not a school zone,T-junction,-33.431518,149.572954,Bathurst Regional,Country urban,Rest of NSW - Urban,Straight,Crest,,,Unknown / not stated,Sealed,Dry,Fine,Daylight,Nil,Give way sign,60 km/h,Local,30,Rear end,301,Same - Rear end,,Rear end,Light truck utility(from 2018),4 wheel drive / SUV,2,0,0,0,0,10,October,Spring,Monday,08:00 - 09:59,AM peak / school commute,True,False,False,False
1365259,Non-casualty (towaway),Non-casualty (towaway),2024,2024,October,Saturday,14:00 - 15:59,ALGALAH,ST,0,Right on the spot,TERANGION,ST,NARROMINE,89.0,Yes,No,X-intersection,-32.238653,148.245164,Narromine,Country urban,Rest of NSW - Urban,Straight,,,,Unknown / not stated,Sealed,Dry,Fine,Daylight,Nil,Give way sign,50 km/h,Regional,10,Cross traffic,101,Adj - Cross traffic,,Right angle,4 wheel drive / SUV,Light truck utility(from 2018),2,0,0,0,0,10,October,Spring,Saturday,14:00 - 15:59,Midday / afternoon,False,False,False,False
1365261,Non-casualty (towaway),Non-casualty (towaway),2024,2024,October,Tuesday,10:00 - 11:59,ELIZABETH,ST,0,Right on the spot,CAMPBELL,ST,HAYMARKET,7083.0,No,Not a school zone,Multiple intersection,-33.879797,151.209083,Sydney,Sydney metro. area,Syd-Newc-Woll Gtr conurbation,Straight,,,,Unknown / not stated,Sealed,Dry,Overcast,Daylight,On,No traffic controls,40 km/h,Regional,30,Rear end,301,Same - Rear end,,Rear end,4 wheel drive / SUV,Car (sedan/hatch),2,0,0,0,0,10,October,Spring,Tuesday,10:00 - 11:59,Midday / afternoon,False,False,False,False
1365262,Non-casualty (towaway),Non-casualty (towaway),2024,2024,October,Wednesday,16:00 - 17:59,CART,ST,0,Right on the spot,TERRY,RD,BOX HILL,,No,Not a school zone,T-junction,-33.641627,150.903276,The Hills,Sydney metro. area,Syd-Newc-Woll Gtr conurbation,Straight,Steep grade,,,Unknown / not stated,Sealed,Dry,Fine,Dusk,Nil,No traffic controls,60 km/h,Local,21,Right through,202,Opp - Right-thru,,Other angle,4 wheel drive / SUV,4 wheel drive / SUV,2,0,0,0,0,10,October,Spring,Wednesday,16:00 - 17:59,PM peak / evening commute,True,False,False,False
1365263,Non-casualty (towaway),Non-casualty (towaway),2024,2024,October,Sunday,14:00 - 15:59,MARSDEN,ST,0,Right on the spot,NUMBER 71,HN,BOOROWA,56.0,No,Not a school zone,2-way undivided,-34.442049,148.715714,Hilltops,Country urban,Rest of NSW - Urban,Straight,,,,Unknown / not stated,Sealed,Dry,Fine,Daylight,Nil,No traffic controls,50 km/h,State,40,U turn,304,Same - U-turn,,Other angle,4 wheel drive / SUV,Car (sedan/hatch),2,0,0,0,0,10,October,Spring,Sunday,14:00 - 15:59,Midday / afternoon,False,False,False,False
1365265,Non-casualty (towaway),Non-casualty (towaway),2024,2024,October,Thursday,06:00 - 07:59,NEWCASTLE,EXP,1000,West,KAROOL ROAD,OP,MOONEY MOONEY CREEK,6003.0,No,Not a school zone,Dual freeway,-33.429895,151.242765,Central Coast,Country non-urban,Syd-Newc-Woll Gtr conurbation,Curved,Steep grade,,,Unknown / not stated,Sealed,Dry,Fine,Daylight,Nil,No traffic controls,110 km/h,State,30,Rear end,301,Same - Rear end,,Rear end,Light truck utility(from 2018),Car (sedan/hatch),2,0,0,0,0,10,October,Spring,Thursday,06:00 - 07:59,AM peak / school commute,True,False,False,False
1365266,Non-casualty (towaway),Non-casualty (towaway),2024,2024,October,Thursday,08:00 - 09:59,NEWCASTLE,EXP,0,Right on the spot,PACIFIC HIGHWAY,TO,BEROWRA,6003.0,No,Not a school zone,Dual freeway,-33.638567,151.146,Hornsby,Sydney metro. area,Syd-Newc-Woll Gtr conurbation,Straight,,,,Unknown / not stated,Sealed,Dry,Fine,Daylight,Nil,No traffic controls,110 km/h,State,30,Rear end,301,Same - Rear end,,Rear end,4 wheel drive / SUV,4 wheel drive / SUV,2,0,0,0,0,10,October,Spring,Thursday,08:00 - 09:59,AM peak / school commute,True,False,False,False
1365267,Non-casualty (towaway),Non-casualty (towaway),2024,2024,October,Tuesday,16:00 - 17:59,JENKINSON,DR,0,Right on the spot,WIXSTEAD,AVE,ELIZABETH HILLS,,No,Not a school zone,T-junction,-33.899443,150.846044,Liverpool,Sydney metro. area,Syd-Newc-Woll Gtr conurbation,Curved,,,,Nil,Sealed,Dry,Fine,Dusk,Nil,Give way sign,50 km/h,Local,85,Off rt/lft bnd=>obj,804,Off left bend into obj,Right,Vehicle - Object,4 wheel drive / SUV,,1,0,0,0,0,10,October,Spring,Tuesday,16:00 - 17:59,PM peak / evening commute,True,False,False,False
1365270,Non-casualty (towaway),Non-casualty (towaway),2024,2024,October,Thursday,06:00 - 07:59,SOUTH DOWLING,ST,0,Right on the spot,NUMBER 867,HN,WATERLOO,593.0,No,Not a school zone,Divided road,-33.901878,151.214723,Sydney,Sydney metro. area,Syd-Newc-Woll Gtr conurbation,Straight,,,,Unknown / not stated,Sealed,Dry,Fine,Daylight,Nil,No traffic controls,60 km/h,State,34,Lane change right,306,Same - Lane change right,,Other angle,Car (sedan/hatch),Car (sedan/hatch),2,0,0,0,0,10,October,Spring,Thursday,06:00 - 07:59,AM peak / school commute,True,False,False,False
1365277,Non-casualty (towaway),Non-casualty (towaway),2024,2024,October,Tuesday,12:00 - 13:59,OXLEY,HWY,0,Right on the spot,DENISON,ST,WEST TAMWORTH,11.0,Yes,No,Roundabout,-31.093509,150.917718,Tamworth Regional,Country urban,Rest of NSW - Urban,Straight,,,,Unknown / not stated,Sealed,Dry,Fine,Daylight,Nil,Give way sign,50 km/h,State,29,Other opposing,200,Opp - other,,Other angle,Light truck utility(from 2018),Light truck utility(from 2018),2,0,0,0,0,10,October,Spring,Tuesday,12:00 - 13:59,Midday / afternoon,False,False,False,False
1365281,Non-casualty (towaway),Non-casualty (towaway),2024,2024,October,Saturday,12:00 - 13:59,MACQUARIE,ST,0,Right on the spot,FITZGERALD,ST,WINDSOR,184.0,No,Not a school zone,T-junction,-33.607565,150.821087,Hawkesbury,Country urban,Syd-Newc-Woll Gtr conurbation,Straight,,,,Unknown / not stated,Sealed,Dry,Fine,Daylight,Nil,Give way sign,60 km/h,State,13,Right near,104,Adj - Right-thru from right,,Right angle,Car (sedan/hatch),Car (sedan/hatch),2,0,0,0,0,10,October,Spring,Saturday,12:00 - 13:59,Midday / afternoon,False,False,False,False
1365283,Non-casualty (towaway),Non-casualty (towaway),2024,2024,September,Wednesday,02:00 - 03:59,EAST,PDE,0,Right on the spot,LINDEN,ST,SUTHERLAND,,No,Not a school zone,Roundabout,-34.035145,151.054086,Sutherland,Sydney metro. area,Syd-Newc-Woll Gtr conurbation,Straight,,,,Unknown / not stated,Sealed,Dry,Fine,Darkness,Nil,Give way sign,50 km/h,Local,71,Off rd left => obj,703,Left off cway into object,,Vehicle - Object,Car (sedan/hatch),,1,0,0,0,0,9,September,Spring,Wednesday,02:00 - 03:59,Late night / early morning,False,False,False,False
1365287,Non-casualty (towaway),Non-casualty (towaway),2024,2024,October,Wednesday,08:00 - 09:59,APPIN,RD,141,South,KELLERMAN,DR,ROSEMEADOW,177.0,No,Not a school zone,2-way undivided,-34.115549,150.797427,Campbelltown,Sydney metro. area,Syd-Newc-Woll Gtr conurbation,Straight,,,,Unknown / not stated,Sealed,Dry,Fine,Daylight,Nil,No traffic controls,70 km/h,State,30,Rear end,301,Same - Rear end,,Rear end,4 wheel drive / SUV,Car (sedan/hatch),2,0,0,0,0,10,October,Spring,Wednesday,08:00 - 09:59,AM peak / school commute,True,False,False,False
1365288,Non-casualty (towaway),Non-casualty (towaway),2024,2024,October,Tuesday,06:00 - 07:59,THE ESCORT,WAY,933,West,JONATHAN,RD,ORANGE,61.0,No,Not a school zone,2-way undivided,-33.276266,149.056157,Orange,Country non-urban,Rest of NSW - Rural,Straight,Embankment/cutting,,,Unknown / not stated,Sealed,Wet,Raining,Dawn,Nil,No traffic controls,100 km/h,State,71,Off rd left => obj,703,Left off cway into object,,Vehicle - Object,Semi-trailer,,1,0,0,0,0,10,October,Spring,Tuesday,06:00 - 07:59,AM peak / school commute,True,False,False,False
1365290,Non-casualty (towaway),Non-casualty (towaway),2024,2024,October,Wednesday,16:00 - 17:59,M7 WESTLINK,EXP,575,North,LAMB STREET,OP,OAKHURST,6009.0,No,Not a school zone,Dual freeway,-33.739844,150.847597,Blacktown,Sydney metro. area,Syd-Newc-Woll Gtr conurbation,Straight,,,,Unknown / not stated,Sealed,Dry,Fine,Dusk,Nil,No traffic controls,100 km/h,State,30,Rear end,301,Same - Rear end,,Rear end,4 wheel drive / SUV,Car (sedan/hatch),2,0,0,0,0,10,October,Spring,Wednesday,16:00 - 17:59,PM peak / evening commute,True,False,False,False
1365291,Non-casualty (towaway),Non-casualty (towaway),2024,2024,October,Friday,10:00 - 11:59,HOOD,ST,0,Right on the spot,NUMBER 72,HN,YAGOONA,,No,Not a school zone,2-way undivided,-33.903094,151.007004,Canterbury-Bankstown,Sydney metro. area,Syd-Newc-Woll Gtr conurbation,Straight,Driveway/entrance,,,Unknown / not stated,Sealed,Dry,Fine,Daylight,Nil,No traffic controls,50 km/h,Local,47,Emerging from drive,406,Manov - Emerging from driveway,,Right angle,Car (sedan/hatch),Light truck utility(from 2018),5,0,0,0,0,10,October,Spring,Friday,10:00 - 11:59,Midday / afternoon,False,False,False,False
1365292,Non-casualty (towaway),Non-casualty (towaway),2024,2024,October,Thursday,18:00 - 19:59,CUMBERLAND,HWY,0,Right on the spot,NUMBER 106A,HN,SMITHFIELD,13.0,No,Not a school zone,Divided road,-33.838216,150.957744,Cumberland,Sydney metro. area,Syd-Newc-Woll Gtr conurbation,Straight,,,,Unknown / not stated,Sealed,Dry,Fine,Daylight,Nil,No traffic controls,70 km/h,State,33,Lane sideswipe,305,Same - Lane side swipe,,Other angle,4 wheel drive / SUV,Car (sedan/hatch),2,0,0,0,0,10,October,Spring,Thursday,18:00 - 19:59,PM peak / evening commute,True,False,False,False
1365293,Non-casualty (towaway),Non-casualty (towaway),2024,2024,October,Wednesday,16:00 - 17:59,WHITFIELD,PDE,10,East,GREENWOOD,CL,HAMMONDVILLE,,No,Not a school zone,T-junction,-33.94767,150.960658,Liverpool,Sydney metro. area,Syd-Newc-Woll Gtr conurbation,Straight,,,,Unknown / not stated,Sealed,Dry,Fine,Daylight,Nil,No traffic controls,50 km/h,Local,30,Rear end,301,Same - Rear end,,Rear end,Car (sedan/hatch),4 wheel drive / SUV,2,0,0,0,0,10,October,Spring,Wednesday,16:00 - 17:59,PM peak / evening commute,True,False,False,False
1365294,Non-casualty (towaway),Non-casualty (towaway),2024,2024,October,Tuesday,08:00 - 09:59,SOUTH DOWLING,ST,45,South,COOPER PLACE,TO,ZETLAND,593.0,No,Not a school zone,Divided road,-33.907391,151.213419,Sydney,Sydney metro. area,Syd-Newc-Woll Gtr conurbation,Straight,,,,Unknown / not stated,Sealed,Wet,Overcast,Daylight,Nil,No traffic controls,80 km/h,State,30,Rear end,301,Same - Rear end,,Rear end,Car (sedan/hatch),4 wheel drive / SUV,3,0,0,0,0,10,October,Spring,Tuesday,08:00 - 09:59,AM peak / school commute,True,False,False,False
1365306,Non-casualty (towaway),Non-casualty (towaway),2024,2024,October,Tuesday,06:00 - 07:59,CESSNOCK,RD,0,Right on the spot,ORANGE,ST,ABERMAIN,588.0,No,Not a school zone,T-junction,-32.810827,151.431621,Cessnock,Country urban,Rest of NSW - Urban,Straight,,,,On,Sealed,Wet,Fine,Daylight,Unknown / not stated,No traffic controls,60 km/h,State,20,Head on,201,Opp - Head on,,Head-on,Light truck utility(from 2018),Other bus,2,0,0,0,0,10,October,Spring,Tuesday,06:00 - 07:59,AM peak / school commute,True,False,False,False
1365307,Non-casualty (towaway),Non-casualty (towaway),2024,2024,September,Wednesday,18:00 - 19:59,CUMBERLAND,HWY,0,Right on the spot,CANLEY VALE,RD,CANLEY HEIGHTS,13.0,Yes,No,X-intersection,-33.883652,150.923887,Fairfield,Sydney metro. area,Syd-Newc-Woll Gtr conurbation,Straight,,,,On,Sealed,Wet,Raining,Darkness,On,No traffic controls,70 km/h,State,35,Lane change left,307,Same - Lane change left,,Other angle,Unknown motor vehicle,Car (sedan/hatch),2,0,0,0,0,9,September,Spring,Wednesday,18:00 - 19:59,PM peak / evening commute,True,False,False,False
1365314,Non-casualty (towaway),Non-casualty (towaway),2024,2024,October,Friday,18:00 - 19:59,PRINCES,HWY,0,Right on the spot,NUMBER 94,HN,MILTON,1.0,No,Not a school zone,2-way undivided,-35.317576,150.437653,Shoalhaven,Country urban,Rest of NSW - Urban,Curved,,,,On,Sealed,Wet,Raining,Darkness,Nil,No traffic controls,50 km/h,State,87,Off lft/lft bnd=>obj,804,Off left bend into obj,Left,Other angle,Light truck utility(from 2018),4 wheel drive / SUV,2,0,0,0,0,10,October,Spring,Friday,18:00 - 19:59,PM peak / evening commute,True,False,False,False
1365316,Non-casualty (towaway),Non-casualty (towaway),2024,2024,September,Tuesday,08:00 - 09:59,WARRINGAH,EXP,1000,North,MILITARY ROAD,OP,CAMMERAY,651.0,No,Not a school zone,Dual freeway,-33.825648,151.213079,North Sydney,Sydney metro. area,Syd-Newc-Woll Gtr conurbation,Curved,,Roadwks/Detour/Diverson,,Nil,Sealed,Dry,Fine,Daylight,Nil,No traffic controls,60 km/h,State,34,Lane change right,306,Same - Lane change right,,Other angle,4 wheel drive / SUV,Light truck utility(from 2018),2,0,0,0,0,9,September,Spring,Tuesday,08:00 - 09:59,AM peak / school commute,True,False,False,False
1365317,Non-casualty (towaway),Non-casualty (towaway),2024,2024,September,Wednesday,12:00 - 13:59,GAN GAN,RD,0,Right on the spot,EUCALYPTUS,DR,ONE MILE,,No,Not a school zone,T-junction,-32.770653,152.115076,Port Stephens,Country urban,Rest of NSW - Urban,Straight,,,,Off,Sealed,Dry,Overcast,Daylight,Nil,No traffic controls,70 km/h,Local,71,Off rd left => obj,703,Left off cway into object,,Vehicle - Object,Car (sedan/hatch),,1,0,0,0,0,9,September,Spring,Wednesday,12:00 - 13:59,Midday / afternoon,False,False,False,False
1365325,Non-casualty (towaway),Non-casualty (towaway),2024,2024,September,Sunday,10:00 - 11:59,THE HORSLEY,DR,0,Right on the spot,FAIRFIELD STREET,TO,FAIRFIELD EAST,609.0,No,Not a school zone,Divided road,-33.87071,150.961748,Fairfield,Sydney metro. area,Syd-Newc-Woll Gtr conurbation,Straight,Other bridge,,,Nil,Sealed,Dry,Fine,Daylight,Nil,No traffic controls,60 km/h,State,71,Off rd left => obj,703,Left off cway into object,,Vehicle - Object,4 wheel drive / SUV,,1,0,0,0,0,9,September,Spring,Sunday,10:00 - 11:59,Midday / afternoon,False,False,False,False
1365326,Non-casualty (towaway),Non-casualty (towaway),2024,2024,October,Monday,20:00 - 21:59,PINE,AVE,0,Right on the spot,WADE,AVE,LEETON,80.0,No,Not a school zone,Roundabout,-34.551847,146.405601,Leeton,Country urban,Rest of NSW - Urban,Curved,Foot/cycle path/nature strip,,,On,Sealed,Dry,Fine,Darkness,Nil,Give way sign,50 km/h,State,81,Off left/rt bnd=>obj,803,Off right bend into obj,Left,Vehicle - Object,Car (sedan/hatch),,1,0,0,0,0,10,October,Spring,Monday,20:00 - 21:59,Evening / night,False,False,False,False
1365328,Non-casualty (towaway),Non-casualty (towaway),2024,2024,October,Friday,14:00 - 15:59,CRESTWOOD,DR,10,West,YALUMA,DR,PORT MACQUARIE,,No,Not a school zone,T-junction,-31.468273,152.903769,Port Macquarie-Hastings,Country urban,Rest of NSW - Urban,Straight,Steep grade,,,Nil,Sealed,Dry,Fine,Daylight,Nil,No traffic controls,50 km/h,Local,71,Off rd left => obj,703,Left off cway into object,,Other angle,4 wheel drive / SUV,Light truck,3,0,0,0,0,10,October,Spring,Friday,14:00 - 15:59,Midday / afternoon,False,False,False,False
1365332,Non-casualty (towaway),Non-casualty (towaway),2024,2024,October,Saturday,20:00 - 21:59,ROBERTS,RD,0,Right on the spot,CHASELING,ST,GREENACRE,200.0,No,Not a school zone,T-junction,-33.911401,151.063511,Canterbury-Bankstown,Sydney metro. area,Syd-Newc-Woll Gtr conurbation,Straight,,,,On,Sealed,Dry,Fine,Darkness,Nil,Stop sign,70 km/h,State,10,Cross traffic,101,Adj - Cross traffic,,Right angle,4 wheel drive / SUV,Car (sedan/hatch),2,0,0,0,0,10,October,Spring,Saturday,20:00 - 21:59,Evening / night,False,False,False,False
1365333,Non-casualty (towaway),Non-casualty (towaway),2024,2024,September,Tuesday,16:00 - 17:59,NANIMA,RD,260,North,SPRING RANGE,RD,SPRINGRANGE,,No,Not a school zone,2-way undivided,-35.077626,149.08325,Yass Valley,Country non-urban,Rest of NSW - Rural,Straight,Embankment/cutting,,,Nil,Sealed,Dry,Fine,Daylight,Nil,No traffic controls,100 km/h,Local,72,Off road to right,702,Off carriageway to right,,Rollover,Car (sedan/hatch),,1,0,0,0,0,9,September,Spring,Tuesday,16:00 - 17:59,PM peak / evening commute,True,False,False,False
1365347,Non-casualty (towaway),Non-casualty (towaway),2024,2024,September,Friday,22:00 - Midnight,BLAXLAND,RD,20,East,CECIL,ST,DENISTONE EAST,139.0,No,Not a school zone,2-way undivided,-33.798416,151.097184,Ryde,Sydney metro. area,Syd-Newc-Woll Gtr conurbation,Straight,,,,On,Sealed,Wet,Raining,Darkness,Nil,No traffic controls,60 km/h,State,71,Off rd left => obj,703,Left off cway into object,,Vehicle - Object,4 wheel drive / SUV,,1,0,0,0,0,9,September,Spring,Friday,22:00 - Midnight,Evening / night,False,False,False,False