crash_id,degree_of_crash,degree_of_crash_-_detailed,reporting_year,year_of_crash,month_of_crash,day_of_week_of_crash,two-hour_intervals,street_of_crash,street_type,distance,direction,identifying_feature,identifying_feature_type,town,route_no.,school_zone_location,school_zone_active,type_of_location,latitude,longitude,lga,urbanisation,conurbation_1,alignment,primary_permanent_feature,primary_temporary_feature,primary_hazardous_feature,street_lighting,road_surface,surface_condition,weather,natural_lighting,signals_operation,other_traffic_control,speed_limit,road_classification_(admin),rum_-_code,rum_-_description,dca_-_code,dca_-_description,dca_supplement,first_impact_type,key_tu_type,other_tu_type,no._of_traffic_units_involved,no._killed,no._seriously_injured,no._moderately_injured,no._minor-other_injured,month_num,month_label,season,day_label,time_label,time_band,is_peak_commute,is_fatal,is_injury,is_casualty
1365349,Non-casualty (towaway),Non-casualty (towaway),2024,2024,October,Wednesday,16:00 - 17:59,WISEMANS FERRY,RD,50,West,BLOODTREE,RD,MANGROVE MOUNTAIN,225.0,No,Not a school zone,2-way undivided,-33.296365,151.199921,Central Coast,Country urban,Syd-Newc-Woll Gtr conurbation,Curved,,,,Nil,Sealed,Wet,Raining,Daylight,Nil,No traffic controls,80 km/h,Regional,88,Out of cont on bend,805,Out of control on bend,,Rollover,Passenger van,,1,0,0,0,0,10,October,Spring,Wednesday,16:00 - 17:59,PM peak / evening commute,True,False,False,False
1365362,Non-casualty (towaway),Non-casualty (towaway),2024,2024,October,Tuesday,18:00 - 19:59,SPARKS,RD,0,Right on the spot,PEPPERCORN,AVE,WOONGARRAH,509.0,No,Not a school zone,T-junction,-33.24575,151.476612,Central Coast,Country urban,Syd-Newc-Woll Gtr conurbation,Curved,Steep grade,Police pursuit,,On,Sealed,Dry,Fine,Dusk,Nil,Give way sign,70 km/h,State,81,Off left/rt bnd=>obj,803,Off right bend into obj,Left,Vehicle - Object,Car (sedan/hatch),,1,0,0,0,0,10,October,Spring,Tuesday,18:00 - 19:59,PM peak / evening commute,True,False,False,False
1365364,Non-casualty (towaway),Non-casualty (towaway),2024,2024,October,Sunday,00:01 - 01:59,BUNGONIA,RD,0,Right on the spot,FORBES,ST,GOULBURN,,No,Not a school zone,T-junction,-34.769285,149.723716,Goulburn Mulwaree,Country urban,Rest of NSW - Urban,Curved,Other bridge,,,On,Sealed,Dry,Fog or mist,Darkness,Nil,Stop sign,60 km/h,Local,75,Off end of road,709,Off end cway or T junct,,Vehicle - Object,Car (sedan/hatch),,1,0,0,0,0,10,October,Spring,Sunday,00:01 - 01:59,Late night / early morning,False,False,False,False
1365369,Non-casualty (towaway),Non-casualty (towaway),2024,2024,August,Thursday,22:00 - Midnight,HENRY LAWSON,DR,10,West,CLANCY,ST,PADSTOW HEIGHTS,508.0,No,Not a school zone,X-intersection,-33.966657,151.03535,Canterbury-Bankstown,Sydney metro. area,Syd-Newc-Woll Gtr conurbation,Straight,,,,On,Sealed,Dry,Fine,Darkness,On,No traffic controls,70 km/h,State,30,Rear end,301,Same - Rear end,,Rear end,4 wheel drive / SUV,Car (sedan/hatch),3,0,0,0,0,8,August,Winter,Thursday,22:00 - Midnight,Evening / night,False,False,False,False
1365376,Non-casualty (towaway),Non-casualty (towaway),2024,2024,October,Saturday,22:00 - Midnight,PEEL,ST,0,Right on the spot,NUMBER 225,HN,TAMWORTH,,No,Not a school zone,2-way undivided,-31.087969,150.927327,Tamworth Regional,Country urban,Rest of NSW - Urban,Straight,,,,On,Sealed,Dry,Fine,Darkness,Nil,No traffic controls,40 km/h,Local,41,U turn into object,409,Manov - U-turn into fixed obje,,Vehicle - Object,Light truck utility(from 2018),,1,0,0,0,0,10,October,Spring,Saturday,22:00 - Midnight,Evening / night,False,False,False,False
1365393,Non-casualty (towaway),Non-casualty (towaway),2024,2024,August,Sunday,00:01 - 01:59,DEL MAR,DR,0,Right on the spot,NUMBER 83,HN,COPACABANA,,No,Not a school zone,2-way undivided,-33.484443,151.438009,Central Coast,Country urban,Syd-Newc-Woll Gtr conurbation,Curved,,,,Nil,Sealed,Dry,Fine,Darkness,Nil,No traffic controls,50 km/h,Local,87,Off lft/lft bnd=>obj,804,Off left bend into obj,Left,Other angle,Car (sedan/hatch),Car (sedan/hatch),2,0,0,0,0,8,August,Winter,Sunday,00:01 - 01:59,Late night / early morning,False,False,False,False
1365395,Non-casualty (towaway),Non-casualty (towaway),2024,2024,October,Wednesday,06:00 - 07:59,CURRAJONG,ST,40,North,BUSHMAN,ST,PARKES,,Yes,No,2-way undivided,-33.132858,148.175611,Parkes,Country urban,Rest of NSW - Urban,Straight,,,,Nil,Sealed,Wet,Raining,Daylight,Nil,No traffic controls,50 km/h,Local,71,Off rd left => obj,703,Left off cway into object,,Other angle,Car (sedan/hatch),4 wheel drive / SUV,2,0,0,0,0,10,October,Spring,Wednesday,06:00 - 07:59,AM peak / school commute,True,False,False,False
1365397,Non-casualty (towaway),Non-casualty (towaway),2024,2024,October,Saturday,02:00 - 03:59,MOTORWAY LINK,RD,0,Right on the spot,NEWCATSLE EXPRESSWAY,OP,KIAR,675.0,No,Not a school zone,Other,-33.215489,151.447808,Central Coast,Country non-urban,Syd-Newc-Woll Gtr conurbation,Curved,Other bridge,,,On,Sealed,Dry,Fine,Darkness,Nil,No traffic controls,100 km/h,State,83,Off rt/rt bnd=>obj,803,Off right bend into obj,Right,Vehicle - Object,4 wheel drive / SUV,,1,0,0,0,0,10,October,Spring,Saturday,02:00 - 03:59,Late night / early morning,False,False,False,False
1365416,Non-casualty (towaway),Non-casualty (towaway),2024,2024,October,Sunday,18:00 - 19:59,FREEMAN,ST,0,Right on the spot,NORTHCOTT,RD,LALOR PARK,,Yes,No,Roundabout,-33.761311,150.931395,Blacktown,Sydney metro. area,Syd-Newc-Woll Gtr conurbation,Straight,,,,Off,Sealed,Dry,Fine,Daylight,Nil,Give way sign,50 km/h,Local,75,Off end of road,709,Off end cway or T junct,,Vehicle - Object,Car (sedan/hatch),,1,0,0,0,0,10,October,Spring,Sunday,18:00 - 19:59,PM peak / evening commute,True,False,False,False
1365421,Non-casualty (towaway),Non-casualty (towaway),2024,2024,October,Thursday,18:00 - 19:59,SOUTH WESTERN,EXP,1000,East,MOOREBANK,TO,MOOREBANK,6005.0,No,Not a school zone,Dual freeway,-33.940524,150.931665,Liverpool,Sydney metro. area,Syd-Newc-Woll Gtr conurbation,Straight,,,,On,Sealed,Dry,Fine,Dusk,Nil,No traffic controls,100 km/h,State,34,Lane change right,306,Same - Lane change right,,Other angle,Light truck,Car (sedan/hatch),2,0,0,0,0,10,October,Spring,Thursday,18:00 - 19:59,PM peak / evening commute,True,False,False,False
1365423,Non-casualty (towaway),Non-casualty (towaway),2024,2024,August,Friday,22:00 - Midnight,DE MEYRICK,AVE,0,Right on the spot,NUMBER 43,HN,CASULA,,No,Not a school zone,2-way undivided,-33.942977,150.906794,Liverpool,Sydney metro. area,Syd-Newc-Woll Gtr conurbation,Straight,,,,On,Sealed,Dry,Fine,Darkness,Nil,No traffic controls,50 km/h,Local,71,Off rd left => obj,703,Left off cway into object,,Vehicle - Object,Car (sedan/hatch),,1,0,0,0,0,8,August,Winter,Friday,22:00 - Midnight,Evening / night,False,False,False,False
1365428,Non-casualty (towaway),Non-casualty (towaway),2024,2024,September,Sunday,02:00 - 03:59,CASINO,ST,0,Right on the spot,NUMBER 24,HN,TERRIGAL,,No,Not a school zone,2-way undivided,-33.448078,151.438433,Central Coast,Country urban,Syd-Newc-Woll Gtr conurbation,Straight,,,,On,Sealed,Dry,Fine,Darkness,Nil,No traffic controls,50 km/h,Local,73,Off rd rght => obj,704,Right off cway into obj,,Other angle,Light truck utility(from 2018),4 wheel drive / SUV,2,0,0,0,0,9,September,Spring,Sunday,02:00 - 03:59,Late night / early morning,False,False,False,False
1365431,Non-casualty (towaway),Non-casualty (towaway),2024,2024,September,Thursday,14:00 - 15:59,CLYDE,ST,0,Right on the spot,FERNDELL,ST,GUILDFORD,2096.0,No,Not a school zone,T-junction,-33.863453,151.009277,Cumberland,Sydney metro. area,Syd-Newc-Woll Gtr conurbation,Curved,,,,Off,Sealed,Dry,Fine,Daylight,Off,No traffic controls,60 km/h,Regional,81,Off left/rt bnd=>obj,803,Off right bend into obj,Left,Vehicle - Object,4 wheel drive / SUV,,1,0,0,0,0,9,September,Spring,Thursday,14:00 - 15:59,Midday / afternoon,False,False,False,False
1365440,Non-casualty (towaway),Non-casualty (towaway),2024,2024,October,Friday,22:00 - Midnight,JAMES WATT,DR,0,Right on the spot,THOMAS WALKER,DR,CHITTAWAY BAY,,No,Not a school zone,T-junction,-33.328701,151.434955,Central Coast,Country urban,Syd-Newc-Woll Gtr conurbation,Curved,Crest,,,On,Sealed,Dry,Fine,Darkness,Nil,No traffic controls,50 km/h,Local,85,Off rt/lft bnd=>obj,804,Off left bend into obj,Right,Vehicle - Object,4 wheel drive / SUV,,1,0,0,0,0,10,October,Spring,Friday,22:00 - Midnight,Evening / night,False,False,False,False
1365441,Non-casualty (towaway),Non-casualty (towaway),2024,2024,October,Wednesday,22:00 - Midnight,VICKERY,AVE,50,North,NEW SOUTH HEAD,RD,ROSE BAY,,No,Not a school zone,2-way undivided,-33.871165,151.266055,Woollahra,Sydney metro. area,Syd-Newc-Woll Gtr conurbation,Straight,,,,On,Sealed,Dry,Fine,Darkness,Nil,No traffic controls,50 km/h,Local,71,Off rd left => obj,703,Left off cway into object,,Other angle,Unknown motor vehicle,4 wheel drive / SUV,2,0,0,0,0,10,October,Spring,Wednesday,22:00 - Midnight,Evening / night,False,False,False,False
1365460,Non-casualty (towaway),Non-casualty (towaway),2024,2024,September,Saturday,12:00 - 13:59,SOUTH WESTERN,EXP,2000,West,PRINCES HIGHWAY,TO,BARDWELL PARK,6005.0,No,Not a school zone,Dual freeway,-33.936483,151.121492,Bayside,Sydney metro. area,Syd-Newc-Woll Gtr conurbation,Straight,Underpass/tunnel,,,On,Sealed,Dry,Fine,Daylight,Nil,No traffic controls,80 km/h,State,71,Off rd left => obj,703,Left off cway into object,,Vehicle - Object,Light truck utility(from 2018),,1,0,0,0,0,9,September,Spring,Saturday,12:00 - 13:59,Midday / afternoon,False,False,False,False
1365464,Non-casualty (towaway),Non-casualty (towaway),2024,2024,October,Tuesday,10:00 - 11:59,GIPPS,ST,0,Right on the spot,BROUGHTON,ST,CONCORD,649.0,No,Not a school zone,X-intersection,-33.864973,151.103778,Canada Bay,Sydney metro. area,Syd-Newc-Woll Gtr conurbation,Curved,Steep grade,,,Off,Sealed,Dry,Overcast,Daylight,On,No traffic controls,60 km/h,State,10,Cross traffic,101,Adj - Cross traffic,,Right angle,Car (sedan/hatch),Light truck utility(from 2018),2,0,0,0,0,10,October,Spring,Tuesday,10:00 - 11:59,Midday / afternoon,False,False,False,False
1365469,Non-casualty (towaway),Non-casualty (towaway),2024,2024,October,Saturday,20:00 - 21:59,BUNGONIA,RD,0,Right on the spot,MEMORIAL,RD,GOULBURN,,No,Not a school zone,T-junction,-34.770302,149.726146,Goulburn Mulwaree,Country urban,Rest of NSW - Urban,Curved,,,,Nil,Sealed,Dry,Fine,Darkness,Nil,Give way sign,60 km/h,Local,81,Off left/rt bnd=>obj,803,Off right bend into obj,Left,Vehicle - Object,Car (sedan/hatch),,1,0,0,0,0,10,October,Spring,Saturday,20:00 - 21:59,Evening / night,False,False,False,False
1365471,Non-casualty (towaway),Non-casualty (towaway),2024,2024,August,Monday,00:01 - 01:59,GENERAL HOLMES,DR,0,Right on the spot,NUMBER 88,HN,KYEEMAGH,194.0,No,Not a school zone,Divided road,-33.950217,151.163188,Bayside,Sydney metro. area,Syd-Newc-Woll Gtr conurbation,Straight,,,,On,Sealed,Wet,Raining,Darkness,Nil,No traffic controls,70 km/h,State,71,Off rd left => obj,703,Left off cway into object,,Other angle,Car (sedan/hatch),Light truck,2,0,0,0,0,8,August,Winter,Monday,00:01 - 01:59,Late night / early morning,False,False,False,False
1365479,Non-casualty (towaway),Non-casualty (towaway),2024,2024,October,Sunday,12:00 - 13:59,WHITEWOOD,RD,120,West,PEACHVILLE,RD,DUBBO,,No,Not a school zone,2-way undivided,-32.249499,148.673747,Dubbo Regional,Country non-urban,Rest of NSW - Rural,Straight,Driveway/entrance,,,Nil,Sealed,Dry,Fine,Daylight,Nil,No traffic controls,100 km/h,Local,32,Right rear,303,Same - Rear right,,Rear end,Car (sedan/hatch),Light truck utility(from 2018),2,0,0,0,0,10,October,Spring,Sunday,12:00 - 13:59,Midday / afternoon,False,False,False,False
1365484,Non-casualty (towaway),Non-casualty (towaway),2024,2024,September,Monday,20:00 - 21:59,HUME,HWY,3000,North,CHURCH AVENUE,OP,YERRINBOOL,2.0,No,Not a school zone,Dual freeway,-34.382673,150.524897,Wingecarribee,Country non-urban,Rest of NSW - Rural,Straight,,,,Nil,Sealed,Dry,Fine,Darkness,Nil,No traffic controls,110 km/h,State,73,Off rd rght => obj,704,Right off cway into obj,,Vehicle - Object,Car (sedan/hatch),,1,0,0,0,0,9,September,Spring,Monday,20:00 - 21:59,Evening / night,False,False,False,False
1365487,Non-casualty (towaway),Non-casualty (towaway),2024,2024,September,Sunday,00:01 - 01:59,OXFORD,ST,0,Right on the spot,YALE,ST,KINGSCLIFF,,No,Not a school zone,T-junction,-28.263669,153.571252,Tweed,Country urban,Rest of NSW - Urban,Curved,Steep grade,,,On,Sealed,Dry,Fine,Darkness,Nil,No traffic controls,50 km/h,Local,85,Off rt/lft bnd=>obj,804,Off left bend into obj,Right,Vehicle - Object,Car (sedan/hatch),,1,0,0,0,0,9,September,Spring,Sunday,00:01 - 01:59,Late night / early morning,False,False,False,False
1365497,Non-casualty (towaway),Non-casualty (towaway),2024,2024,August,Monday,16:00 - 17:59,HUME,HWY,200,North,BENDEMEER,LANE,HOLBROOK,2.0,No,Not a school zone,Divided road,-35.757544,147.291633,Greater Hume,Country non-urban,Rest of NSW - Rural,Straight,,,,Off,Sealed,Dry,Fine,Dusk,Nil,No traffic controls,110 km/h,State,73,Off rd rght => obj,704,Right off cway into obj,,Vehicle - Object,Car (sedan/hatch),,1,0,0,0,0,8,August,Winter,Monday,16:00 - 17:59,PM peak / evening commute,True,False,False,False
1365502,Non-casualty (towaway),Non-casualty (towaway),2024,2024,October,Friday,00:01 - 01:59,ROUCHEL,RD,5450,East,ABERDEEN,TN,ROUCHEL,,No,Not a school zone,2-way undivided,-32.138249,150.935149,Upper Hunter,Country urban,Rest of NSW - Urban,Curved,Ditch/drain/culvert,,,Nil,Sealed,Dry,Fine,Darkness,Nil,No traffic controls,80 km/h,Local,81,Off left/rt bnd=>obj,803,Off right bend into obj,Left,Vehicle - Object,Light truck utility(from 2018),,1,0,0,0,0,10,October,Spring,Friday,00:01 - 01:59,Late night / early morning,False,False,False,False
1365506,Non-casualty (towaway),Non-casualty (towaway),2024,2024,October,Thursday,20:00 - 21:59,GAMBAN,RD,0,Right on the spot,NUMBER 60,HN,GWANDALAN,,No,Not a school zone,2-way undivided,-33.141396,151.589768,Central Coast,Country urban,Syd-Newc-Woll Gtr conurbation,Straight,,,,On,Sealed,Dry,Fine,Darkness,Nil,No traffic controls,50 km/h,Local,71,Off rd left => obj,703,Left off cway into object,,Vehicle - Object,Car (sedan/hatch),,1,0,0,0,0,10,October,Spring,Thursday,20:00 - 21:59,Evening / night,False,False,False,False
1365509,Non-casualty (towaway),Non-casualty (towaway),2024,2024,September,Wednesday,16:00 - 17:59,GREAT WESTERN,HWY,0,Right on the spot,BRINGELLY,RD,KINGSWOOD,5.0,No,Not a school zone,T-junction,-33.758787,150.720711,Penrith,Sydney metro. area,Syd-Newc-Woll Gtr conurbation,Straight,Foot/cycle path/nature strip,,,On,Sealed,Dry,Fine,Daylight,On,Ped crossing,60 km/h,State,48,From footpath,408,Manov - From footway,,Other angle,Pedal cycle,Car (sedan/hatch),2,0,0,0,0,9,September,Spring,Wednesday,16:00 - 17:59,PM peak / evening commute,True,False,False,False
1365510,Non-casualty (towaway),Non-casualty (towaway),2024,2024,October,Sunday,00:01 - 01:59,BYANGUM,RD,0,Right on the spot,NUMBER 8,HN,MURWILLUMBAH,,No,Not a school zone,2-way undivided,-28.326281,153.392714,Tweed,Country urban,Rest of NSW - Urban,Straight,Painted double centre lines,,,On,Sealed,Dry,Overcast,Darkness,Nil,No traffic controls,50 km/h,Local,71,Off rd left => obj,703,Left off cway into object,,Other angle,Utility,Car (sedan/hatch),2,0,0,0,0,10,October,Spring,Sunday,00:01 - 01:59,Late night / early morning,False,False,False,False
1365515,Non-casualty (towaway),Non-casualty (towaway),2024,2024,October,Saturday,20:00 - 21:59,MCCALL,AVE,10,South,WHEELER,AVE,CAMDEN SOUTH,,No,Not a school zone,T-junction,-34.090542,150.700638,Camden,Sydney metro. area,Syd-Newc-Woll Gtr conurbation,Straight,,,,On,Sealed,Dry,Fine,Darkness,Nil,No traffic controls,50 km/h,Local,71,Off rd left => obj,703,Left off cway into object,,Other angle,4 wheel drive / SUV,Light truck utility(from 2018),2,0,0,0,0,10,October,Spring,Saturday,20:00 - 21:59,Evening / night,False,False,False,False
1365518,Non-casualty (towaway),Non-casualty (towaway),2024,2024,October,Friday,08:00 - 09:59,ELLEN SUBWAY,MS,50,East,COOK,ST,MORTDALE,,No,Not a school zone,2-way undivided,-33.970075,151.081379,Georges River,Sydney metro. area,Syd-Newc-Woll Gtr conurbation,Straight,Steep grade,,,Nil,Sealed,Dry,Fine,Daylight,Nil,No traffic controls,50 km/h,Local,49,Other manoeuvring,400,Manov - other,,Other angle,Unknown type,4 wheel drive / SUV,2,0,0,0,0,10,October,Spring,Friday,08:00 - 09:59,AM peak / school commute,True,False,False,False
1365522,Non-casualty (towaway),Non-casualty (towaway),2024,2024,October,Thursday,20:00 - 21:59,PUNCHBOWL,RD,0,Right on the spot,YERRICK,RD,LAKEMBA,549.0,No,Not a school zone,X-intersection,-33.909582,151.075461,Canterbury-Bankstown,Sydney metro. area,Syd-Newc-Woll Gtr conurbation,Curved,,,,On,Sealed,Dry,Fine,Darkness,On,No traffic controls,60 km/h,State,10,Cross traffic,101,Adj - Cross traffic,,Right angle,Car (sedan/hatch),Car (sedan/hatch),2,0,0,0,0,10,October,Spring,Thursday,20:00 - 21:59,Evening / night,False,False,False,False
1365532,Non-casualty (towaway),Non-casualty (towaway),2024,2024,September,Saturday,14:00 - 15:59,CUMBERLAND,HWY,0,Right on the spot,ORANGE GROVE,RD,CABRAMATTA,13.0,No,Not a school zone,X-intersection,-33.899433,150.919235,Fairfield,Sydney metro. area,Syd-Newc-Woll Gtr conurbation,Straight,,,,Nil,Sealed,Dry,Fine,Daylight,On,No traffic controls,70 km/h,State,30,Rear end,301,Same - Rear end,,Rear end,Car (sedan/hatch),Car (sedan/hatch),2,0,0,0,0,9,September,Spring,Saturday,14:00 - 15:59,Midday / afternoon,False,False,False,False
1365535,Non-casualty (towaway),Non-casualty (towaway),2024,2024,October,Sunday,16:00 - 17:59,BIRKLEY,RD,0,Right on the spot,RAGLAN,ST,MANLY,,No,Not a school zone,X-intersection,-33.794818,151.28063,Northern Beaches,Sydney metro. area,Syd-Newc-Woll Gtr conurbation,Straight,Crest,,,Off,Sealed,Dry,Fine,Daylight,Nil,Stop sign,50 km/h,Local,10,Cross traffic,101,Adj - Cross traffic,,Right angle,4 wheel drive / SUV,4 wheel drive / SUV,2,0,0,0,0,10,October,Spring,Sunday,16:00 - 17:59,PM peak / evening commute,True,False,False,False
1365536,Non-casualty (towaway),Non-casualty (towaway),2024,2024,October,Monday,04:00 - 05:59,EMERALD,PL,0,Right on the spot,MAWSON,DR,CARTWRIGHT,,No,Not a school zone,T-junction,-33.926002,150.882416,Liverpool,Sydney metro. area,Syd-Newc-Woll Gtr conurbation,Straight,,,,On,Sealed,Dry,Fine,Darkness,Nil,No traffic controls,50 km/h,Local,71,Off rd left => obj,703,Left off cway into object,,Other angle,Car (sedan/hatch),Car (sedan/hatch),2,0,0,0,0,10,October,Spring,Monday,04:00 - 05:59,Late night / early morning,False,False,False,False
1365537,Non-casualty (towaway),Non-casualty (towaway),2024,2024,September,Thursday,22:00 - Midnight,DARCY,RD,0,Right on the spot,BRIENS,RD,WENTWORTHVILLE,7481.0,No,Not a school zone,Roundabout,-33.803468,150.978136,Parramatta,Sydney metro. area,Syd-Newc-Woll Gtr conurbation,Curved,,,,On,Sealed,Wet,Raining,Darkness,Nil,Give way sign,50 km/h,Regional,88,Out of cont on bend,706,Left turn,,Rollover,Car (sedan/hatch),,1,0,0,0,0,9,September,Spring,Thursday,22:00 - Midnight,Evening / night,False,False,False,False
1365548,Non-casualty (towaway),Non-casualty (towaway),2024,2024,June,Sunday,22:00 - Midnight,BATES,DR,440,West,PRINCES,HWY,KAREELA,7002.0,Yes,No,2-way undivided,-34.021286,151.085506,Sutherland,Sydney metro. area,Syd-Newc-Woll Gtr conurbation,Curved,,,,On,Sealed,Dry,Fine,Darkness,Nil,No traffic controls,60 km/h,Regional,81,Off left/rt bnd=>obj,803,Off right bend into obj,Left,Vehicle - Object,4 wheel drive / SUV,,1,0,0,0,0,6,June,Winter,Sunday,22:00 - Midnight,Evening / night,False,False,False,False
1365567,Non-casualty (towaway),Non-casualty (towaway),2024,2024,October,Saturday,06:00 - 07:59,HOLT,ST,0,Right on the spot,NUMBER 30,HN,MAYFIELD EAST,,No,Not a school zone,2-way undivided,-32.898403,151.748261,Newcastle,Newcastle met. area,Syd-Newc-Woll Gtr conurbation,Straight,Driveway/entrance,,,Unknown / not stated,Sealed,Dry,Fine,Daylight,Nil,No traffic controls,50 km/h,Local,47,Emerging from drive,406,Manov - Emerging from driveway,,Right angle,Car (sedan/hatch),Car (sedan/hatch),2,0,0,0,0,10,October,Spring,Saturday,06:00 - 07:59,AM peak / school commute,True,False,False,False
1365568,Non-casualty (towaway),Non-casualty (towaway),2024,2024,October,Monday,06:00 - 07:59,NORTH ROCKS,RD,0,Right on the spot,NUMBER 305,HN,NORTH ROCKS,7144.0,Yes,No,2-way undivided,-33.773661,151.024418,Parramatta,Sydney metro. area,Syd-Newc-Woll Gtr conurbation,Straight,,,,Unknown / not stated,Sealed,Dry,Fine,Dawn,Nil,No traffic controls,60 km/h,Regional,71,Off rd left => obj,703,Left off cway into object,,Other angle,Light truck utility(from 2018),Light truck utility(from 2018),2,0,0,0,0,10,October,Spring,Monday,06:00 - 07:59,AM peak / school commute,True,False,False,False
1365570,Non-casualty (towaway),Non-casualty (towaway),2024,2024,October,Friday,18:00 - 19:59,KINGSGROVE,RD,50,North,HARP,ST,BELMORE,7309.0,No,Not a school zone,2-way undivided,-33.925433,151.09684,Canterbury-Bankstown,Sydney metro. area,Syd-Newc-Woll Gtr conurbation,Straight,,,,Unknown / not stated,Sealed,Dry,Fine,Daylight,Nil,No traffic controls,50 km/h,Regional,30,Rear end,301,Same - Rear end,,Rear end,Large rigid,Large rigid,4,0,0,0,0,10,October,Spring,Friday,18:00 - 19:59,PM peak / evening commute,True,False,False,False
1365572,Non-casualty (towaway),Non-casualty (towaway),2024,2024,October,Sunday,12:00 - 13:59,ADELAIDE,ST,0,Right on the spot,WILLIAM,ST,RAYMOND TERRACE,,No,Not a school zone,X-intersection,-32.763665,151.744897,Port Stephens,Country urban,Rest of NSW - Urban,Straight,,,,Unknown / not stated,Sealed,Dry,Fine,Daylight,On,No traffic controls,50 km/h,Local,21,Right through,202,Opp - Right-thru,,Other angle,Light truck utility(from 2018),Light truck utility(from 2018),3,0,0,0,0,10,October,Spring,Sunday,12:00 - 13:59,Midday / afternoon,False,False,False,False
1365575,Non-casualty (towaway),Non-casualty (towaway),2024,2024,October,Friday,20:00 - 21:59,MOORE PARK,RD,30,West,DRIVER,AVE,PADDINGTON,7301.0,No,Not a school zone,Divided road,-33.887012,151.222068,Sydney,Sydney metro. area,Syd-Newc-Woll Gtr conurbation,Straight,,,,Unknown / not stated,Sealed,Dry,Fine,Darkness,Nil,No traffic controls,40 km/h,Regional,30,Rear end,301,Same - Rear end,,Rear end,Light truck utility(from 2018),Car (sedan/hatch),4,0,0,0,0,10,October,Spring,Friday,20:00 - 21:59,Evening / night,False,False,False,False
1365577,Non-casualty (towaway),Non-casualty (towaway),2024,2024,October,Saturday,12:00 - 13:59,POLDING,ST,0,Right on the spot,NUMBER 283,HN,SMITHFIELD,7222.0,No,Not a school zone,2-way undivided,-33.86014,150.925962,Fairfield,Sydney metro. area,Syd-Newc-Woll Gtr conurbation,Straight,,,,Unknown / not stated,Sealed,Dry,Fine,Daylight,Nil,No traffic controls,60 km/h,Regional,30,Rear end,301,Same - Rear end,,Rear end,Car (sedan/hatch),Car (sedan/hatch),4,0,0,0,0,10,October,Spring,Saturday,12:00 - 13:59,Midday / afternoon,False,False,False,False
1365580,Non-casualty (towaway),Non-casualty (towaway),2024,2024,October,Monday,06:00 - 07:59,WESTERN,EXP,2700,West,GREAT WESTERN HIGHWAY,TO,CROYDON,6004.0,No,Not a school zone,Dual freeway,-33.872861,151.116875,Burwood,Sydney metro. area,Syd-Newc-Woll Gtr conurbation,Straight,Underpass/tunnel,,,Unknown / not stated,Sealed,Dry,Fine,Daylight,Nil,No traffic controls,90 km/h,State,30,Rear end,301,Same - Rear end,,Rear end,Light truck,4 wheel drive / SUV,4,0,0,0,0,10,October,Spring,Monday,06:00 - 07:59,AM peak / school commute,True,False,False,False
1365583,Non-casualty (towaway),Non-casualty (towaway),2024,2024,October,Thursday,16:00 - 17:59,ROBEY,ST,0,Right on the spot,NUMBER 8,HN,MASCOT,,No,Not a school zone,2-way undivided,-33.931673,151.193315,Bayside,Sydney metro. area,Syd-Newc-Woll Gtr conurbation,Straight,,,,Unknown / not stated,Sealed,Dry,Fine,Daylight,Nil,No traffic controls,50 km/h,Local,42,Leaving parking,401,Manov - Leaving parking,,Other angle,Car (sedan/hatch),Station wagon,2,0,0,0,0,10,October,Spring,Thursday,16:00 - 17:59,PM peak / evening commute,True,False,False,False
1365584,Non-casualty (towaway),Non-casualty (towaway),2024,2024,October,Friday,08:00 - 09:59,MEREDITH,ST,0,Right on the spot,GORDON,ST,BANKSTOWN,7122.0,No,Not a school zone,T-junction,-33.915522,151.031615,Canterbury-Bankstown,Sydney metro. area,Syd-Newc-Woll Gtr conurbation,Straight,,,,Unknown / not stated,Sealed,Dry,Fine,Daylight,Nil,No traffic controls,60 km/h,Regional,21,Right through,202,Opp - Right-thru,,Other angle,4 wheel drive / SUV,4 wheel drive / SUV,2,0,0,0,0,10,October,Spring,Friday,08:00 - 09:59,AM peak / school commute,True,False,False,False
1365587,Non-casualty (towaway),Non-casualty (towaway),2024,2024,October,Monday,06:00 - 07:59,MULDOON,ST,0,Right on the spot,WHITBREAD,ST,TAREE,,No,Not a school zone,T-junction,-31.898591,152.455968,Mid-Coast,Country urban,Rest of NSW - Urban,Straight,,,,Unknown / not stated,Sealed,Dry,Fine,Daylight,Nil,No traffic controls,50 km/h,Local,45,Reversing,404,Manov - Reverse in traffic,,Other angle,Light truck utility(from 2018),Light truck utility(from 2018),2,0,0,0,0,10,October,Spring,Monday,06:00 - 07:59,AM peak / school commute,True,False,False,False