crash_id,degree_of_crash,degree_of_crash_-_detailed,reporting_year,year_of_crash,month_of_crash,day_of_week_of_crash,two-hour_intervals,street_of_crash,street_type,distance,direction,identifying_feature,identifying_feature_type,town,route_no.,school_zone_location,school_zone_active,type_of_location,latitude,longitude,lga,urbanisation,conurbation_1,alignment,primary_permanent_feature,primary_temporary_feature,primary_hazardous_feature,street_lighting,road_surface,surface_condition,weather,natural_lighting,signals_operation,other_traffic_control,speed_limit,road_classification_(admin),rum_-_code,rum_-_description,dca_-_code,dca_-_description,dca_supplement,first_impact_type,key_tu_type,other_tu_type,no._of_traffic_units_involved,no._killed,no._seriously_injured,no._moderately_injured,no._minor-other_injured,month_num,month_label,season,day_label,time_label,time_band,is_peak_commute,is_fatal,is_injury,is_casualty
1365588,Non-casualty (towaway),Non-casualty (towaway),2024,2024,October,Saturday,18:00 - 19:59,YANKO,RD,330,East,KOOLOONA,CRES,WEST PYMBLE,7244.0,No,Not a school zone,2-way undivided,-33.768252,151.135473,Ku-ring-gai,Sydney metro. area,Syd-Newc-Woll Gtr conurbation,Straight,Steep grade,,,Unknown / not stated,Sealed,Wet,Fine,Dusk,Nil,No traffic controls,60 km/h,Regional,30,Rear end,301,Same - Rear end,,Rear end,4 wheel drive / SUV,4 wheel drive / SUV,3,0,0,0,0,10,October,Spring,Saturday,18:00 - 19:59,PM peak / evening commute,True,False,False,False
1365589,Non-casualty (towaway),Non-casualty (towaway),2024,2024,October,Thursday,06:00 - 07:59,NEWELL,HWY,0,Right on the spot,HARTIGAN,AVE,PARKES,17.0,No,Not a school zone,X-intersection,-33.141542,148.170421,Parkes,Country urban,Rest of NSW - Urban,Curved,,,,Unknown / not stated,Sealed,Dry,Fine,Daylight,Nil,Give way sign,50 km/h,State,13,Right near,104,Adj - Right-thru from right,,Right angle,4 wheel drive / SUV,Light truck utility(from 2018),2,0,0,0,0,10,October,Spring,Thursday,06:00 - 07:59,AM peak / school commute,True,False,False,False
1365591,Non-casualty (towaway),Non-casualty (towaway),2024,2024,October,Sunday,22:00 - Midnight,CUMBERLAND,HWY,10,East,NORMANHURST,RD,NORMANHURST,13.0,Yes,No,X-intersection,-33.724475,151.097134,Hornsby,Sydney metro. area,Syd-Newc-Woll Gtr conurbation,Curved,,,,On,Sealed,Wet,Fine,Darkness,On,No traffic controls,70 km/h,State,85,Off rt/lft bnd=>obj,804,Off left bend into obj,Right,Vehicle - Object,Car (sedan/hatch),,1,0,0,0,0,10,October,Spring,Sunday,22:00 - Midnight,Evening / night,False,False,False,False
1365592,Non-casualty (towaway),Non-casualty (towaway),2024,2024,October,Wednesday,14:00 - 15:59,MINORE,RD,0,Right on the spot,NORTH,ST,DUBBO,,No,Not a school zone,T-junction,-32.256052,148.586732,Dubbo Regional,Country urban,Rest of NSW - Urban,Straight,,,,Unknown / not stated,Sealed,Wet,Raining,Daylight,Nil,Give way sign,60 km/h,Local,19,Other adjacent,100,Adj - other,,Right angle,Car (sedan/hatch),Car (sedan/hatch),2,0,0,0,0,10,October,Spring,Wednesday,14:00 - 15:59,Midday / afternoon,False,False,False,False
1365593,Non-casualty (towaway),Non-casualty (towaway),2024,2024,October,Friday,22:00 - Midnight,MCDONALDS,RD,500,North,VINTAGE,DR,POKOLBIN,,No,Not a school zone,2-way undivided,-32.73351,151.317118,Cessnock,Country urban,Rest of NSW - Urban,Straight,,,,Unknown / not stated,Sealed,Wet,Raining,Darkness,Nil,No traffic controls,80 km/h,Local,67,Struck animal,609,On path - Hit animal,,Vehicle - Animal,Car (sedan/hatch),,1,0,0,0,0,10,October,Spring,Friday,22:00 - Midnight,Evening / night,False,False,False,False
1365595,Non-casualty (towaway),Non-casualty (towaway),2024,2024,October,Tuesday,16:00 - 17:59,NORTHCOTE,RD,0,Right on the spot,NUMBER 7,HN,LINDFIELD,,No,Not a school zone,2-way undivided,-33.770189,151.174051,Ku-ring-gai,Sydney metro. area,Syd-Newc-Woll Gtr conurbation,Curved,B'down lane/road shldr,,,Unknown / not stated,Sealed,Dry,Fine,Daylight,Nil,No traffic controls,50 km/h,Local,81,Off left/rt bnd=>obj,803,Off right bend into obj,Left,Other angle,4 wheel drive / SUV,Box trailer,2,0,0,0,0,10,October,Spring,Tuesday,16:00 - 17:59,PM peak / evening commute,True,False,False,False
1365598,Non-casualty (towaway),Non-casualty (towaway),2024,2024,October,Thursday,10:00 - 11:59,GREAT WESTERN,HWY,0,Right on the spot,NUMBER 863,MO,MINCHINBURY,5.0,No,Not a school zone,Divided road,-33.786667,150.845086,Blacktown,Sydney metro. area,Syd-Newc-Woll Gtr conurbation,Straight,,,,Unknown / not stated,Sealed,Dry,Fine,Daylight,Nil,No traffic controls,80 km/h,State,34,Lane change right,306,Same - Lane change right,,Other angle,Light truck utility(from 2018),4 wheel drive / SUV,2,0,0,0,0,10,October,Spring,Thursday,10:00 - 11:59,Midday / afternoon,False,False,False,False
1365599,Non-casualty (towaway),Non-casualty (towaway),2024,2024,October,Sunday,10:00 - 11:59,OLD SOUTH HEAD,RD,0,Right on the spot,NUMBER 74,HN,VAUCLUSE,339.0,No,Not a school zone,2-way undivided,-33.861525,151.278136,Woollahra,Sydney metro. area,Syd-Newc-Woll Gtr conurbation,Curved,,,,Unknown / not stated,Sealed,Wet,Fine,Daylight,Nil,No traffic controls,50 km/h,State,81,Off left/rt bnd=>obj,803,Off right bend into obj,Left,Other angle,Car (sedan/hatch),Car (sedan/hatch),2,0,0,0,0,10,October,Spring,Sunday,10:00 - 11:59,Midday / afternoon,False,False,False,False
1365600,Non-casualty (towaway),Non-casualty (towaway),2024,2024,October,Saturday,22:00 - Midnight,SUNSET,BVD,0,Right on the spot,NUMBER 20,HN,TWEED HEADS WEST,,No,Not a school zone,2-way undivided,-28.194234,153.511085,Tweed,Country urban,Rest of NSW - Urban,Curved,,,,Unknown / not stated,Sealed,Dry,Fine,Darkness,Nil,No traffic controls,50 km/h,Local,83,Off rt/rt bnd=>obj,803,Off right bend into obj,Right,Vehicle - Object,Car (sedan/hatch),,1,0,0,0,0,10,October,Spring,Saturday,22:00 - Midnight,Evening / night,False,False,False,False
1365602,Non-casualty (towaway),Non-casualty (towaway),2024,2024,October,Tuesday,14:00 - 15:59,NEWELL,HWY,1000,North,CLAREMONT,LANE,ALECTOWN,17.0,No,Not a school zone,2-way undivided,-32.8539,148.227591,Parkes,Country non-urban,Rest of NSW - Rural,Curved,,,,Unknown / not stated,Sealed,Dry,Fine,Daylight,Nil,No traffic controls,110 km/h,State,87,Off lft/lft bnd=>obj,804,Off left bend into obj,Left,Vehicle - Object,B-double (road train prior 98),,1,0,0,0,0,10,October,Spring,Tuesday,14:00 - 15:59,Midday / afternoon,False,False,False,False
1365603,Non-casualty (towaway),Non-casualty (towaway),2024,2024,October,Monday,16:00 - 17:59,KAHIBAH,RD,0,Right on the spot,KENIBEA,AVE,KAHIBAH,,No,Not a school zone,T-junction,-32.964149,151.707368,Lake Macquarie,Newcastle met. area,Syd-Newc-Woll Gtr conurbation,Straight,,,,Unknown / not stated,Sealed,Dry,Fine,Daylight,Nil,Stop sign,60 km/h,Local,10,Cross traffic,101,Adj - Cross traffic,,Right angle,Light truck utility(from 2018),Car (sedan/hatch),2,0,0,0,0,10,October,Spring,Monday,16:00 - 17:59,PM peak / evening commute,True,False,False,False
1365605,Non-casualty (towaway),Non-casualty (towaway),2024,2024,October,Wednesday,16:00 - 17:59,EPPING,RD,0,Right on the spot,NUMBER 1,HN,LANE COVE NORTH,373.0,No,Not a school zone,Divided road,-33.810609,151.163457,Lane Cove,Sydney metro. area,Syd-Newc-Woll Gtr conurbation,Straight,Bus/transit lane,,,Unknown / not stated,Sealed,Dry,Fine,Daylight,Nil,No traffic controls,60 km/h,State,35,Lane change left,307,Same - Lane change left,,Other angle,4 wheel drive / SUV,Motorcycle,2,0,0,0,0,10,October,Spring,Wednesday,16:00 - 17:59,PM peak / evening commute,True,False,False,False
1365606,Non-casualty (towaway),Non-casualty (towaway),2024,2024,October,Wednesday,20:00 - 21:59,COWL,ST,0,Right on the spot,MAIDEN,ST,GREENACRE,,No,Not a school zone,T-junction,-33.900884,151.061344,Canterbury-Bankstown,Sydney metro. area,Syd-Newc-Woll Gtr conurbation,Straight,,,,Unknown / not stated,Sealed,Dry,Fine,Darkness,Nil,No traffic controls,50 km/h,Local,49,Other manoeuvring,400,Manov - other,,Other angle,Car (sedan/hatch),Light truck utility(from 2018),2,0,0,0,0,10,October,Spring,Wednesday,20:00 - 21:59,Evening / night,False,False,False,False
1365609,Non-casualty (towaway),Non-casualty (towaway),2024,2024,October,Tuesday,12:00 - 13:59,FIFIELD,RD,400,West,THE BOGAN,WAY,TULLAMORE,57.0,No,Not a school zone,2-way undivided,-32.637775,147.559224,Parkes,Country non-urban,Rest of NSW - Rural,Curved,Embankment/cutting,,,Unknown / not stated,Sealed,Dry,Fine,Daylight,Nil,No traffic controls,100 km/h,Regional,80,Off left/right bend,801,Off cway right bend,Left,Rollover,Tractor,,1,0,0,0,0,10,October,Spring,Tuesday,12:00 - 13:59,Midday / afternoon,False,False,False,False
1365610,Non-casualty (towaway),Non-casualty (towaway),2024,2024,October,Thursday,18:00 - 19:59,NEWELL,HWY,0,Right on the spot,OXLEY,HWY,COONABARABRAN,17.0,No,Not a school zone,T-junction,-31.245643,149.313333,Warrumbungle,Country non-urban,Rest of NSW - Rural,Straight,,,,Unknown / not stated,Sealed,Dry,Fine,Darkness,Nil,Give way sign,100 km/h,State,33,Lane sideswipe,305,Same - Lane side swipe,,Other angle,Semi-trailer,Light truck utility(from 2018),2,0,0,0,0,10,October,Spring,Thursday,18:00 - 19:59,PM peak / evening commute,True,False,False,False
1365611,Non-casualty (towaway),Non-casualty (towaway),2024,2024,October,Thursday,14:00 - 15:59,MOWBRAY,RD,0,Right on the spot,NUMBER 72,HN,WILLOUGHBY,2092.0,No,Not a school zone,2-way undivided,-33.804307,151.205033,Willoughby,Sydney metro. area,Syd-Newc-Woll Gtr conurbation,Straight,,,,Unknown / not stated,Sealed,Dry,Fine,Daylight,Nil,No traffic controls,50 km/h,Regional,30,Rear end,301,Same - Rear end,,Rear end,Light truck,Car (sedan/hatch),3,0,0,0,0,10,October,Spring,Thursday,14:00 - 15:59,Midday / afternoon,False,False,False,False
1365614,Non-casualty (towaway),Non-casualty (towaway),2024,2024,October,Wednesday,08:00 - 09:59,RAWSON,ST,0,Right on the spot,KARRABAH,RD,AUBURN,2069.0,No,Not a school zone,T-junction,-33.846121,151.029938,Cumberland,Sydney metro. area,Syd-Newc-Woll Gtr conurbation,Straight,,,,Unknown / not stated,Sealed,Dry,Fine,Daylight,Nil,Left turn only,60 km/h,Regional,12,Left far,103,Adj - Left-thru from left,,Right angle,Light truck utility(from 2018),Car (sedan/hatch),2,0,0,0,0,10,October,Spring,Wednesday,08:00 - 09:59,AM peak / school commute,True,False,False,False
1365616,Non-casualty (towaway),Non-casualty (towaway),2024,2024,October,Sunday,22:00 - Midnight,OXLEY,HWY,1000,West,STOCKYARD CREEK,RD,MOUNT SEAVIEW,11.0,No,Not a school zone,2-way undivided,-31.398153,152.117588,Port Macquarie-Hastings,Country non-urban,Rest of NSW - Rural,Curved,,,,Unknown / not stated,Sealed,Dry,Fine,Darkness,Nil,No traffic controls,100 km/h,State,83,Off rt/rt bnd=>obj,803,Off right bend into obj,Right,Vehicle - Object,Car (sedan/hatch),,1,0,0,0,0,10,October,Spring,Sunday,22:00 - Midnight,Evening / night,False,False,False,False
1365618,Non-casualty (towaway),Non-casualty (towaway),2024,2024,October,Tuesday,06:00 - 07:59,MONRO,AVE,0,Right on the spot,NUMBER 46,HN,KIRRAWEE,,No,Not a school zone,2-way undivided,-34.030826,151.072298,Sutherland,Sydney metro. area,Syd-Newc-Woll Gtr conurbation,Straight,Driveway/entrance,,,Unknown / not stated,Sealed,Dry,Fine,Daylight,Nil,No traffic controls,50 km/h,Local,47,Emerging from drive,406,Manov - Emerging from driveway,,Right angle,4 wheel drive / SUV,Car (sedan/hatch),2,0,0,0,0,10,October,Spring,Tuesday,06:00 - 07:59,AM peak / school commute,True,False,False,False
1365620,Non-casualty (towaway),Non-casualty (towaway),2024,2024,October,Friday,14:00 - 15:59,MONA,ST,0,Right on the spot,NUMBER 75,HN,AUBURN,7468.0,No,Not a school zone,2-way undivided,-33.848142,151.020876,Cumberland,Sydney metro. area,Syd-Newc-Woll Gtr conurbation,Straight,Driveway/entrance,,,Unknown / not stated,Sealed,Dry,Fine,Daylight,On,No traffic controls,50 km/h,Regional,21,Right through,202,Opp - Right-thru,,Other angle,Light truck,Car (sedan/hatch),2,0,0,0,0,10,October,Spring,Friday,14:00 - 15:59,Midday / afternoon,False,False,False,False
1365621,Non-casualty (towaway),Non-casualty (towaway),2024,2024,October,Saturday,12:00 - 13:59,CONNELLS,RD,200,North,GOOROOBEE,RD,URBENVILLE,,No,Not a school zone,2-way undivided,-28.518504,152.538335,Kyogle,Country non-urban,Rest of NSW - Rural,Straight,Ditch/drain/culvert,,,Unknown / not stated,Unsealed,Dry,Fine,Daylight,Nil,No traffic controls,100 km/h,Local,70,Off road to left,701,Off carriageway to left,,Rollover,Light truck utility(from 2018),,1,0,0,0,0,10,October,Spring,Saturday,12:00 - 13:59,Midday / afternoon,False,False,False,False
1365622,Non-casualty (towaway),Non-casualty (towaway),2024,2024,August,Thursday,06:00 - 07:59,GAIL,PL,0,Right on the spot,NUMBER 25,HN,BANKSTOWN,,No,Not a school zone,2-way undivided,-33.915775,151.024884,Canterbury-Bankstown,Sydney metro. area,Syd-Newc-Woll Gtr conurbation,Straight,,,,Unknown / not stated,Sealed,Dry,Fine,Dawn,Nil,No traffic controls,50 km/h,Local,71,Off rd left => obj,703,Left off cway into object,,Other angle,4 wheel drive / SUV,Car (sedan/hatch),3,0,0,0,0,8,August,Winter,Thursday,06:00 - 07:59,AM peak / school commute,True,False,False,False
1365623,Non-casualty (towaway),Non-casualty (towaway),2024,2024,October,Monday,06:00 - 07:59,TRIBE,ST,50,South,JOHNSON,ST,NORTH TAMWORTH,,No,Not a school zone,2-way undivided,-31.074928,150.917418,Tamworth Regional,Country urban,Rest of NSW - Urban,Straight,Steep grade,,,Nil,Sealed,Dry,Fine,Daylight,Nil,No traffic controls,40 km/h,Local,40,U turn,304,Same - U-turn,,Other angle,Car (sedan/hatch),4 wheel drive / SUV,2,0,0,0,0,10,October,Spring,Monday,06:00 - 07:59,AM peak / school commute,True,False,False,False
1365628,Non-casualty (towaway),Non-casualty (towaway),2024,2024,October,Sunday,16:00 - 17:59,PACIFIC,HWY,0,Right on the spot,BUCKETTS,WAY,TWELVE MILE CREEK,10.0,No,Not a school zone,T-junction,-32.652609,151.866133,Port Stephens,Country non-urban,Rest of NSW - Rural,Straight,,,,Unknown / not stated,Sealed,Dry,Fine,Daylight,Nil,Stop sign,100 km/h,State,13,Right near,104,Adj - Right-thru from right,,Right angle,Car (sedan/hatch),4 wheel drive / SUV,2,0,0,0,0,10,October,Spring,Sunday,16:00 - 17:59,PM peak / evening commute,True,False,False,False
1365629,Non-casualty (towaway),Non-casualty (towaway),2024,2024,October,Wednesday,06:00 - 07:59,FRENCHMANS,RD,0,Right on the spot,NUMBER 79,HN,RANDWICK,660.0,No,Not a school zone,2-way undivided,-33.90763,151.249047,Randwick,Sydney metro. area,Syd-Newc-Woll Gtr conurbation,Straight,,,,Unknown / not stated,Sealed,Dry,Fine,Daylight,Nil,No traffic controls,50 km/h,State,42,Leaving parking,401,Manov - Leaving parking,,Other angle,Light truck,Car (sedan/hatch),2,0,0,0,0,10,October,Spring,Wednesday,06:00 - 07:59,AM peak / school commute,True,False,False,False
1365633,Non-casualty (towaway),Non-casualty (towaway),2024,2024,October,Wednesday,20:00 - 21:59,KELLY,CL,50,South,LUXFORD,RD,MOUNT DRUITT,,No,Not a school zone,2-way undivided,-33.765454,150.822062,Blacktown,Sydney metro. area,Syd-Newc-Woll Gtr conurbation,Straight,Driveway/entrance,,,Unknown / not stated,Sealed,Dry,Fine,Darkness,Nil,No traffic controls,50 km/h,Local,47,Emerging from drive,406,Manov - Emerging from driveway,,Right angle,4 wheel drive / SUV,Car (sedan/hatch),2,0,0,0,0,10,October,Spring,Wednesday,20:00 - 21:59,Evening / night,False,False,False,False
1365634,Non-casualty (towaway),Non-casualty (towaway),2024,2024,October,Monday,14:00 - 15:59,BRADLEY,ST,0,Right on the spot,TRANQUIL,WAY,GLENMORE PARK,,No,Not a school zone,T-junction,-33.804712,150.674101,Penrith,Sydney metro. area,Syd-Newc-Woll Gtr conurbation,Straight,,,,Unknown / not stated,Sealed,Dry,Fine,Daylight,Nil,No traffic controls,50 km/h,Local,71,Off rd left => obj,703,Left off cway into object,,Other angle,Car (sedan/hatch),Box trailer,2,0,0,0,0,10,October,Spring,Monday,14:00 - 15:59,Midday / afternoon,False,False,False,False
1365635,Non-casualty (towaway),Non-casualty (towaway),2024,2024,October,Wednesday,12:00 - 13:59,WEST BOTANY,ST,65,South,VALDA,AVE,ARNCLIFFE,2032.0,No,Not a school zone,2-way undivided,-33.936161,151.152417,Bayside,Sydney metro. area,Syd-Newc-Woll Gtr conurbation,Curved,Painted double centre lines,,,Unknown / not stated,Sealed,Dry,Fine,Daylight,Nil,No traffic controls,60 km/h,Regional,20,Head on,201,Opp - Head on,,Head-on,Light truck,Light truck,2,0,0,0,0,10,October,Spring,Wednesday,12:00 - 13:59,Midday / afternoon,False,False,False,False
1365636,Non-casualty (towaway),Non-casualty (towaway),2024,2024,October,Monday,12:00 - 13:59,BERNERA,RD,0,Right on the spot,BOMADERRY,DR,PRESTONS,7262.0,No,Not a school zone,X-intersection,-33.950035,150.865753,Liverpool,Sydney metro. area,Syd-Newc-Woll Gtr conurbation,Straight,,,,Unknown / not stated,Sealed,Dry,Fine,Daylight,On,No traffic controls,60 km/h,Regional,21,Right through,202,Opp - Right-thru,,Other angle,Car (sedan/hatch),Car (sedan/hatch),2,0,0,0,0,10,October,Spring,Monday,12:00 - 13:59,Midday / afternoon,False,False,False,False
1365638,Non-casualty (towaway),Non-casualty (towaway),2024,2024,October,Friday,12:00 - 13:59,SALAMANDER,WAY,2000,East,PORT STEPHENS,DR,SALAMANDER BAY,,No,Not a school zone,2-way undivided,-32.739421,152.103273,Port Stephens,Country urban,Rest of NSW - Urban,Straight,,,,Unknown / not stated,Sealed,Dry,Fine,Daylight,Nil,No traffic controls,50 km/h,Local,70,Off road to left,701,Off carriageway to left,,Rollover,4 wheel drive / SUV,,1,0,0,0,0,10,October,Spring,Friday,12:00 - 13:59,Midday / afternoon,False,False,False,False
1365641,Non-casualty (towaway),Non-casualty (towaway),2024,2024,October,Sunday,16:00 - 17:59,NEWCASTLE,EXP,200,North,MANGROVE ROAD,OP,OURIMBAH,6003.0,No,Not a school zone,Dual freeway,-33.364418,151.333136,Central Coast,Country non-urban,Syd-Newc-Woll Gtr conurbation,Straight,,,,Unknown / not stated,Sealed,Dry,Fine,Dusk,Nil,No traffic controls,110 km/h,State,34,Lane change right,306,Same - Lane change right,,Other angle,Car (sedan/hatch),Car (sedan/hatch),2,0,0,0,0,10,October,Spring,Sunday,16:00 - 17:59,PM peak / evening commute,True,False,False,False
1365642,Non-casualty (towaway),Non-casualty (towaway),2024,2024,October,Tuesday,14:00 - 15:59,GWYDIR,HWY,2000,West,BARK HUT,TRL,GLEN ELGIN,12.0,No,Not a school zone,2-way undivided,-29.629924,152.132087,Glen Innes Severn,Country non-urban,Rest of NSW - Rural,Straight,,,,Unknown / not stated,Sealed,Dry,Fine,Daylight,Nil,No traffic controls,100 km/h,State,70,Off road to left,701,Off carriageway to left,,Rollover,Car (sedan/hatch),,1,0,0,0,0,10,October,Spring,Tuesday,14:00 - 15:59,Midday / afternoon,False,False,False,False
1365643,Non-casualty (towaway),Non-casualty (towaway),2024,2024,October,Friday,16:00 - 17:59,DUDLEY,ST,0,Right on the spot,NUMBER 24,HN,GOROKAN,,No,Not a school zone,2-way undivided,-33.253675,151.508141,Central Coast,Country urban,Syd-Newc-Woll Gtr conurbation,Straight,,,,Unknown / not stated,Sealed,Dry,Fine,Daylight,Nil,No traffic controls,50 km/h,Local,30,Rear end,301,Same - Rear end,,Rear end,Car (sedan/hatch),Car (sedan/hatch),2,0,0,0,0,10,October,Spring,Friday,16:00 - 17:59,PM peak / evening commute,True,False,False,False
1365645,Non-casualty (towaway),Non-casualty (towaway),2024,2024,October,Wednesday,08:00 - 09:59,PACIFIC,HWY,20,South,NEWLING,ST,NIAGARA PARK,10.0,No,Not a school zone,2-way undivided,-33.385058,151.354701,Central Coast,Country urban,Syd-Newc-Woll Gtr conurbation,Curved,,,,Unknown / not stated,Sealed,Dry,Fine,Daylight,Nil,No traffic controls,60 km/h,State,30,Rear end,301,Same - Rear end,,Rear end,Car (sedan/hatch),Car (sedan/hatch),3,0,0,0,0,10,October,Spring,Wednesday,08:00 - 09:59,AM peak / school commute,True,False,False,False
1365646,Non-casualty (towaway),Non-casualty (towaway),2024,2024,October,Friday,16:00 - 17:59,WOODSIDE,AVE,55,East,THE BOULEVARDE,MS,STRATHFIELD,668.0,No,Not a school zone,2-way undivided,-33.879791,151.093459,Burwood,Sydney metro. area,Syd-Newc-Woll Gtr conurbation,Straight,Driveway/entrance,,,Unknown / not stated,Sealed,Dry,Fine,Daylight,Nil,No traffic controls,50 km/h,State,47,Emerging from drive,406,Manov - Emerging from driveway,,Right angle,4 wheel drive / SUV,Car (sedan/hatch),2,0,0,0,0,10,October,Spring,Friday,16:00 - 17:59,PM peak / evening commute,True,False,False,False
1365648,Non-casualty (towaway),Non-casualty (towaway),2024,2024,October,Thursday,14:00 - 15:59,CHESTER HILL,RD,0,Right on the spot,WELLINGTON,RD,CHESTER HILL,,No,Not a school zone,X-intersection,-33.884518,151.000355,Canterbury-Bankstown,Sydney metro. area,Syd-Newc-Woll Gtr conurbation,Straight,,,,Unknown / not stated,Sealed,Dry,Fine,Daylight,Nil,Give way sign,40 km/h,Local,21,Right through,202,Opp - Right-thru,,Other angle,Car (sedan/hatch),4 wheel drive / SUV,2,0,0,0,0,10,October,Spring,Thursday,14:00 - 15:59,Midday / afternoon,False,False,False,False
1365649,Non-casualty (towaway),Non-casualty (towaway),2024,2024,October,Tuesday,08:00 - 09:59,CUMBERLAND,HWY,700,East,WINDSOR,RD,NORTH PARRAMATTA,13.0,No,Not a school zone,Divided road,-33.792125,151.005358,Parramatta,Sydney metro. area,Syd-Newc-Woll Gtr conurbation,Curved,,,,Unknown / not stated,Sealed,Dry,Fine,Daylight,Nil,No traffic controls,90 km/h,State,35,Lane change left,307,Same - Lane change left,,Other angle,Car (sedan/hatch),Car (sedan/hatch),2,0,0,0,0,10,October,Spring,Tuesday,08:00 - 09:59,AM peak / school commute,True,False,False,False
1365650,Non-casualty (towaway),Non-casualty (towaway),2024,2024,October,Wednesday,16:00 - 17:59,WALDRON,RD,0,Right on the spot,NUMBER 46,HN,SEFTON,7102.0,No,Not a school zone,2-way undivided,-33.883909,151.007934,Canterbury-Bankstown,Sydney metro. area,Syd-Newc-Woll Gtr conurbation,Straight,,,,Unknown / not stated,Sealed,Dry,Fine,Daylight,Nil,No traffic controls,60 km/h,Regional,40,U turn,304,Same - U-turn,,Other angle,Car (sedan/hatch),Car (sedan/hatch),2,0,0,0,0,10,October,Spring,Wednesday,16:00 - 17:59,PM peak / evening commute,True,False,False,False
1365651,Non-casualty (towaway),Non-casualty (towaway),2024,2024,October,Sunday,14:00 - 15:59,ALPHA,RD,0,Right on the spot,EDINBURGH,RD,WILLOUGHBY EAST,2092.0,No,Not a school zone,T-junction,-33.802485,151.206001,Willoughby,Sydney metro. area,Syd-Newc-Woll Gtr conurbation,Curved,,,,Unknown / not stated,Sealed,Dry,Fine,Daylight,Nil,Stop sign,60 km/h,Regional,20,Head on,201,Opp - Head on,,Head-on,4 wheel drive / SUV,4 wheel drive / SUV,2,0,0,0,0,10,October,Spring,Sunday,14:00 - 15:59,Midday / afternoon,False,False,False,False
1365652,Non-casualty (towaway),Non-casualty (towaway),2024,2024,October,Wednesday,14:00 - 15:59,BLOOMFIELD,ST,0,Right on the spot,CHANDOS,ST,GUNNEDAH,7785.0,No,Not a school zone,X-intersection,-30.974766,150.252256,Gunnedah,Country urban,Rest of NSW - Urban,Straight,,,,Unknown / not stated,Sealed,Wet,Raining,Daylight,Nil,Give way sign,50 km/h,Regional,13,Right near,104,Adj - Right-thru from right,,Right angle,4 wheel drive / SUV,Semi-trailer,2,0,0,0,0,10,October,Spring,Wednesday,14:00 - 15:59,Midday / afternoon,False,False,False,False
1365653,Non-casualty (towaway),Non-casualty (towaway),2024,2024,October,Thursday,10:00 - 11:59,PROSPECT,HWY,0,Right on the spot,HOPE,ST,SEVEN HILLS,644.0,No,Not a school zone,T-junction,-33.771494,150.937901,Blacktown,Sydney metro. area,Syd-Newc-Woll Gtr conurbation,Straight,,,,Unknown / not stated,Sealed,Dry,Fine,Daylight,Nil,No traffic controls,60 km/h,State,16,Left near,107,Adj - Left-thru from right,,Right angle,4 wheel drive / SUV,Car (sedan/hatch),2,0,0,0,0,10,October,Spring,Thursday,10:00 - 11:59,Midday / afternoon,False,False,False,False
1365657,Non-casualty (towaway),Non-casualty (towaway),2024,2024,October,Tuesday,08:00 - 09:59,CASTLEREAGH,HWY,9500,East,CRUDINE,RD,ILFORD,18.0,No,Not a school zone,2-way undivided,-32.954758,149.858627,Mid-Western Regional,Country non-urban,Rest of NSW - Rural,Straight,,,,Unknown / not stated,Sealed,Dry,Fine,Daylight,Nil,No traffic controls,100 km/h,State,52,Pulling out,503,Ovtak- Pulling out,,Other angle,Light truck utility(from 2018),Car (sedan/hatch),2,0,0,0,0,10,October,Spring,Tuesday,08:00 - 09:59,AM peak / school commute,True,False,False,False
1365659,Non-casualty (towaway),Non-casualty (towaway),2024,2024,October,Friday,06:00 - 07:59,OLD HUME,HWY,999999,Unknown/not stated,UNKNOWN,UK,MUNDARLO,,No,Not a school zone,2-way undivided,-35.109894,147.804352,Cootamundra-Gundagai,Country non-urban,Rest of NSW - Rural,Curved,Steep grade,,,Nil,Sealed,Wet,Raining,Daylight,Nil,No traffic controls,100 km/h,Local,20,Head on,201,Opp - Head on,,Head-on,Light truck utility(from 2018),Large rigid,2,0,0,0,0,10,October,Spring,Friday,06:00 - 07:59,AM peak / school commute,True,False,False,False
1365660,Non-casualty (towaway),Non-casualty (towaway),2024,2024,October,Friday,14:00 - 15:59,PACIFIC,HWY,0,Right on the spot,THOMPSONS,RD,COFFS HARBOUR,10.0,No,Not a school zone,T-junction,-30.305608,153.101876,Coffs Harbour,Country urban,Rest of NSW - Urban,Straight,,,,Unknown / not stated,Sealed,Dry,Fine,Daylight,Nil,Give way sign,60 km/h,State,16,Left near,107,Adj - Left-thru from right,,Right angle,4 wheel drive / SUV,4 wheel drive / SUV,4,0,0,0,0,10,October,Spring,Friday,14:00 - 15:59,Midday / afternoon,False,False,False,False