crash_id,degree_of_crash,degree_of_crash_-_detailed,reporting_year,year_of_crash,month_of_crash,day_of_week_of_crash,two-hour_intervals,street_of_crash,street_type,distance,direction,identifying_feature,identifying_feature_type,town,route_no.,school_zone_location,school_zone_active,type_of_location,latitude,longitude,lga,urbanisation,conurbation_1,alignment,primary_permanent_feature,primary_temporary_feature,primary_hazardous_feature,street_lighting,road_surface,surface_condition,weather,natural_lighting,signals_operation,other_traffic_control,speed_limit,road_classification_(admin),rum_-_code,rum_-_description,dca_-_code,dca_-_description,dca_supplement,first_impact_type,key_tu_type,other_tu_type,no._of_traffic_units_involved,no._killed,no._seriously_injured,no._moderately_injured,no._minor-other_injured,month_num,month_label,season,day_label,time_label,time_band,is_peak_commute,is_fatal,is_injury,is_casualty
1365661,Non-casualty (towaway),Non-casualty (towaway),2024,2024,October,Tuesday,12:00 - 13:59,KEIRA,ST,100,South,BURELLI,ST,WOLLONGONG,,No,Not a school zone,2-way undivided,-34.426964,150.892979,Wollongong,Wollongong met. area,Syd-Newc-Woll Gtr conurbation,Straight,Driveway/entrance,,,Unknown / not stated,Sealed,Dry,Fine,Daylight,Nil,No traffic controls,50 km/h,Local,46,Reversing into obj,405,Manov - Reverse into fixed obj,,Other angle,Light truck,Car (sedan/hatch),2,0,0,0,0,10,October,Spring,Tuesday,12:00 - 13:59,Midday / afternoon,False,False,False,False
1365664,Non-casualty (towaway),Non-casualty (towaway),2024,2024,October,Friday,20:00 - 21:59,JOHN RENSHAW,DR,250,East,NEWCASTLE,EXP,BERESFIELD,588.0,No,Not a school zone,Divided road,-32.812797,151.638127,Newcastle,Newcastle met. area,Syd-Newc-Woll Gtr conurbation,Straight,Steep grade,,,Unknown / not stated,Sealed,Wet,Raining,Darkness,Nil,Road/rail worker,40 km/h,State,20,Head on,201,Opp - Head on,,Head-on,4 wheel drive / SUV,Light truck utility(from 2018),2,0,0,0,0,10,October,Spring,Friday,20:00 - 21:59,Evening / night,False,False,False,False
1365666,Non-casualty (towaway),Non-casualty (towaway),2024,2024,October,Friday,16:00 - 17:59,SILVERDALE,RD,0,Right on the spot,NUMBER 1750A,HN,SILVERDALE,7640.0,No,Not a school zone,2-way undivided,-33.931254,150.589205,Wollondilly,Country urban,Syd-Newc-Woll Gtr conurbation,Curved,Driveway/entrance,,,Unknown / not stated,Sealed,Dry,Fine,Daylight,Nil,No traffic controls,80 km/h,Regional,32,Right rear,303,Same - Rear right,,Rear end,Car (sedan/hatch),Light truck,2,0,0,0,0,10,October,Spring,Friday,16:00 - 17:59,PM peak / evening commute,True,False,False,False
1365668,Non-casualty (towaway),Non-casualty (towaway),2024,2024,October,Friday,08:00 - 09:59,BUSHELLS RIDGE,RD,0,Right on the spot,NUMBER 550,HN,BUSHELLS RIDGE,,No,Not a school zone,2-way undivided,-33.189022,151.487559,Central Coast,Country urban,Syd-Newc-Woll Gtr conurbation,Curved,,,,Unknown / not stated,Sealed,Wet,Raining,Daylight,Nil,No traffic controls,60 km/h,Local,81,Off left/rt bnd=>obj,803,Off right bend into obj,Left,Vehicle - Object,Car (sedan/hatch),,1,0,0,0,0,10,October,Spring,Friday,08:00 - 09:59,AM peak / school commute,True,False,False,False
1365669,Non-casualty (towaway),Non-casualty (towaway),2024,2024,October,Wednesday,04:00 - 05:59,MACQUARIE,ST,100,South,BELL,ST,SOUTH WINDSOR,154.0,No,Not a school zone,2-way undivided,-33.616428,150.810488,Hawkesbury,Country urban,Syd-Newc-Woll Gtr conurbation,Straight,,,,Unknown / not stated,Sealed,Dry,Fine,Dawn,Nil,No traffic controls,60 km/h,State,35,Lane change left,307,Same - Lane change left,,Other angle,Car (sedan/hatch),Large rigid,2,0,0,0,0,10,October,Spring,Wednesday,04:00 - 05:59,Late night / early morning,False,False,False,False
1365670,Non-casualty (towaway),Non-casualty (towaway),2024,2024,October,Thursday,18:00 - 19:59,OLD NORTHERN,RD,200,North,RIVER,RD,WISEMANS FERRY,225.0,Yes,No,2-way undivided,-33.384813,150.986441,Hornsby,Sydney metro. area,Syd-Newc-Woll Gtr conurbation,Straight,Foot/cycle path/nature strip,,,Unknown / not stated,Sealed,Wet,Raining,Dusk,Nil,No traffic controls,60 km/h,State,70,Off road to left,701,Off carriageway to left,,Rollover,Car (sedan/hatch),,1,0,0,0,0,10,October,Spring,Thursday,18:00 - 19:59,PM peak / evening commute,True,False,False,False
1365672,Non-casualty (towaway),Non-casualty (towaway),2024,2024,October,Friday,22:00 - Midnight,KANILI,AVE,68,East,GOODEN,DR,BAULKHAM HILLS,,No,Not a school zone,2-way undivided,-33.770248,150.973844,The Hills,Sydney metro. area,Syd-Newc-Woll Gtr conurbation,Curved,Embankment/cutting,,,Unknown / not stated,Sealed,Wet,Raining,Darkness,Nil,No traffic controls,50 km/h,Local,87,Off lft/lft bnd=>obj,804,Off left bend into obj,Left,Vehicle - Object,Car (sedan/hatch),,1,0,0,0,0,10,October,Spring,Friday,22:00 - Midnight,Evening / night,False,False,False,False
1365674,Non-casualty (towaway),Non-casualty (towaway),2024,2024,October,Tuesday,06:00 - 07:59,WARNERS BAY,RD,0,Right on the spot,CADAGA,RD,CHARLESTOWN,325.0,No,Not a school zone,Roundabout,-32.970155,151.688778,Lake Macquarie,Newcastle met. area,Syd-Newc-Woll Gtr conurbation,Straight,,,,Unknown / not stated,Sealed,Dry,Fine,Daylight,Nil,Give way sign,60 km/h,Regional,10,Cross traffic,101,Adj - Cross traffic,,Right angle,Light truck utility(from 2018),4 wheel drive / SUV,2,0,0,0,0,10,October,Spring,Tuesday,06:00 - 07:59,AM peak / school commute,True,False,False,False
1365675,Non-casualty (towaway),Non-casualty (towaway),2024,2024,October,Friday,16:00 - 17:59,BROUGHTON,ST,130,South,QUEEN,ST,CAMPBELLTOWN,7190.0,No,Not a school zone,2-way undivided,-34.064608,150.81782,Campbelltown,Sydney metro. area,Syd-Newc-Woll Gtr conurbation,Straight,Driveway/entrance,,,Unknown / not stated,Sealed,Dry,Fine,Daylight,Nil,No traffic controls,60 km/h,Regional,47,Emerging from drive,406,Manov - Emerging from driveway,,Right angle,Car (sedan/hatch),Car (sedan/hatch),2,0,0,0,0,10,October,Spring,Friday,16:00 - 17:59,PM peak / evening commute,True,False,False,False
1365676,Non-casualty (towaway),Non-casualty (towaway),2024,2024,October,Friday,18:00 - 19:59,ORCHARD,ST,0,Right on the spot,NUMBER 15,HN,CROYDON,,No,Not a school zone,2-way undivided,-33.877124,151.114688,Burwood,Sydney metro. area,Syd-Newc-Woll Gtr conurbation,Straight,Driveway/entrance,,,Unknown / not stated,Sealed,Dry,Fine,Daylight,Nil,No traffic controls,50 km/h,Local,53,Overtake turning,506,Ovtak - Overtaking right turn,,Other angle,4 wheel drive / SUV,Car (sedan/hatch),2,0,0,0,0,10,October,Spring,Friday,18:00 - 19:59,PM peak / evening commute,True,False,False,False
1365677,Non-casualty (towaway),Non-casualty (towaway),2024,2024,October,Saturday,00:01 - 01:59,RICHMOND,RD,0,Right on the spot,SYMONDS,RD,DEAN PARK,643.0,No,Not a school zone,T-junction,-33.74017,150.862502,Blacktown,Sydney metro. area,Syd-Newc-Woll Gtr conurbation,Straight,,,,Unknown / not stated,Sealed,Wet,Raining,Darkness,On,No traffic controls,70 km/h,State,10,Cross traffic,101,Adj - Cross traffic,,Right angle,Light truck utility(from 2018),Car (sedan/hatch),2,0,0,0,0,10,October,Spring,Saturday,00:01 - 01:59,Late night / early morning,False,False,False,False
1365682,Non-casualty (towaway),Non-casualty (towaway),2024,2024,October,Thursday,22:00 - Midnight,BROADWATER,ST,0,Right on the spot,KURRAWA,AVE,POINT CLARE,,No,Not a school zone,T-junction,-33.447841,151.327895,Central Coast,Country urban,Syd-Newc-Woll Gtr conurbation,Straight,,,,Unknown / not stated,Sealed,Dry,Fine,Darkness,Nil,No traffic controls,50 km/h,Local,71,Off rd left => obj,703,Left off cway into object,,Other angle,Car (sedan/hatch),Light truck utility(from 2018),2,0,0,0,0,10,October,Spring,Thursday,22:00 - Midnight,Evening / night,False,False,False,False
1365683,Non-casualty (towaway),Non-casualty (towaway),2024,2024,October,Sunday,14:00 - 15:59,TWEED COAST,RD,0,Right on the spot,HASTINGS,RD,BOGANGAR,450.0,No,Not a school zone,Roundabout,-28.336585,153.574152,Tweed,Country urban,Rest of NSW - Urban,Straight,,,,Unknown / not stated,Sealed,Dry,Fine,Daylight,Nil,Give way sign,50 km/h,Regional,30,Rear end,301,Same - Rear end,,Rear end,Light truck utility(from 2018),Car (sedan/hatch),2,0,0,0,0,10,October,Spring,Sunday,14:00 - 15:59,Midday / afternoon,False,False,False,False
1365684,Non-casualty (towaway),Non-casualty (towaway),2024,2024,October,Saturday,22:00 - Midnight,BEAUCHAMP,ST,0,Right on the spot,NUMBER 55,HN,MARRICKVILLE,,No,Not a school zone,2-way undivided,-33.915775,151.142442,Inner West,Sydney metro. area,Syd-Newc-Woll Gtr conurbation,Curved,,,,Unknown / not stated,Sealed,Dry,Fine,Darkness,Nil,No traffic controls,50 km/h,Local,81,Off left/rt bnd=>obj,803,Off right bend into obj,Left,Other angle,Car (sedan/hatch),Car (sedan/hatch),2,0,0,0,0,10,October,Spring,Saturday,22:00 - Midnight,Evening / night,False,False,False,False
1365685,Non-casualty (towaway),Non-casualty (towaway),2024,2024,October,Saturday,08:00 - 09:59,PACIFIC,HWY,320,North,WOOYUNG ROAD,OP,CRABBES CREEK,10.0,No,Not a school zone,Divided road,-28.460121,153.503809,Tweed,Country non-urban,Rest of NSW - Rural,Curved,Mid-blk median openg,,,Unknown / not stated,Sealed,Dry,Fine,Daylight,Nil,No traffic controls,110 km/h,State,40,U turn,304,Same - U-turn,,Other angle,4 wheel drive / SUV,4 wheel drive / SUV,2,0,0,0,0,10,October,Spring,Saturday,08:00 - 09:59,AM peak / school commute,True,False,False,False
1365689,Non-casualty (towaway),Non-casualty (towaway),2024,2024,October,Monday,14:00 - 15:59,CARLISLE,AVE,100,West,EDDIE,RD,MINCHINBURY,629.0,No,Not a school zone,Divided road,-33.783215,150.812425,Blacktown,Sydney metro. area,Syd-Newc-Woll Gtr conurbation,Curved,,,,Unknown / not stated,Sealed,Wet,Raining,Daylight,Nil,No traffic controls,70 km/h,State,81,Off left/rt bnd=>obj,803,Off right bend into obj,Left,Other angle,Passenger van,Semi-trailer,2,0,0,0,0,10,October,Spring,Monday,14:00 - 15:59,Midday / afternoon,False,False,False,False
1365691,Non-casualty (towaway),Non-casualty (towaway),2024,2024,October,Wednesday,08:00 - 09:59,PACIFIC,HWY,400,North,TRITTON,RD,POSSUM BRUSH,10.0,No,Not a school zone,Divided road,-32.052468,152.443936,Mid-Coast,Country non-urban,Rest of NSW - Rural,Curved,,,,Unknown / not stated,Sealed,Dry,Fine,Daylight,Nil,No traffic controls,110 km/h,State,67,Struck animal,609,On path - Hit animal,,Vehicle - Animal,Light truck utility(from 2018),,1,0,0,0,0,10,October,Spring,Wednesday,08:00 - 09:59,AM peak / school commute,True,False,False,False
1365693,Non-casualty (towaway),Non-casualty (towaway),2024,2024,October,Wednesday,12:00 - 13:59,MARION,ST,0,Right on the spot,NUMBER 414,HN,CONDELL PARK,7121.0,No,Not a school zone,2-way undivided,-33.916035,151.000077,Canterbury-Bankstown,Sydney metro. area,Syd-Newc-Woll Gtr conurbation,Straight,Driveway/entrance,,,Unknown / not stated,Sealed,Dry,Fine,Daylight,Nil,No traffic controls,60 km/h,Regional,47,Emerging from drive,406,Manov - Emerging from driveway,,Right angle,Light truck utility(from 2018),Car (sedan/hatch),2,0,0,0,0,10,October,Spring,Wednesday,12:00 - 13:59,Midday / afternoon,False,False,False,False
1365694,Non-casualty (towaway),Non-casualty (towaway),2024,2024,October,Thursday,14:00 - 15:59,GREAT WESTERN,HWY,0,Right on the spot,DELHI,ST,LIDCOMBE,5.0,No,Not a school zone,T-junction,-33.851258,151.054551,Cumberland,Sydney metro. area,Syd-Newc-Woll Gtr conurbation,Straight,,,,Unknown / not stated,Sealed,Dry,Fine,Daylight,Nil,No traffic controls,60 km/h,State,21,Right through,202,Opp - Right-thru,,Other angle,Light truck,4 wheel drive / SUV,2,0,0,0,0,10,October,Spring,Thursday,14:00 - 15:59,Midday / afternoon,False,False,False,False
1365695,Non-casualty (towaway),Non-casualty (towaway),2024,2024,October,Monday,14:00 - 15:59,CARLINGFORD,RD,0,Right on the spot,RAWSON,ST,EPPING,373.0,No,Not a school zone,X-intersection,-33.77116,151.080268,Parramatta,Sydney metro. area,Syd-Newc-Woll Gtr conurbation,Straight,Steep grade,,,Unknown / not stated,Sealed,Dry,Fine,Daylight,On,No traffic controls,60 km/h,State,30,Rear end,301,Same - Rear end,,Rear end,4 wheel drive / SUV,Car (sedan/hatch),3,0,0,0,0,10,October,Spring,Monday,14:00 - 15:59,Midday / afternoon,False,False,False,False
1365700,Non-casualty (towaway),Non-casualty (towaway),2024,2024,October,Saturday,16:00 - 17:59,MILITARY,RD,20,East,BEN BOYD,RD,NEUTRAL BAY,164.0,No,Not a school zone,Divided road,-33.830478,151.219686,North Sydney,Sydney metro. area,Syd-Newc-Woll Gtr conurbation,Straight,,,,Unknown / not stated,Sealed,Dry,Fine,Dusk,Nil,No traffic controls,60 km/h,State,30,Rear end,301,Same - Rear end,,Rear end,Car (sedan/hatch),Utility,3,0,0,0,0,10,October,Spring,Saturday,16:00 - 17:59,PM peak / evening commute,True,False,False,False
1365702,Non-casualty (towaway),Non-casualty (towaway),2024,2024,October,Wednesday,16:00 - 17:59,AVON,RD,0,Right on the spot,OAKS,AVE,DEE WHY,,No,Not a school zone,Roundabout,-33.754358,151.292082,Northern Beaches,Sydney metro. area,Syd-Newc-Woll Gtr conurbation,Straight,,,,Unknown / not stated,Sealed,Dry,Overcast,Daylight,Nil,Give way sign,40 km/h,Local,10,Cross traffic,101,Adj - Cross traffic,,Right angle,Pedal cycle,4 wheel drive / SUV,2,0,0,0,0,10,October,Spring,Wednesday,16:00 - 17:59,PM peak / evening commute,True,False,False,False
1365704,Non-casualty (towaway),Non-casualty (towaway),2024,2024,October,Saturday,06:00 - 07:59,SOUTHERN,EXP,134,North,MT KEIRA ROAD,OP,WEST WOLLONGONG,6006.0,No,Not a school zone,Dual freeway,-34.423256,150.869573,Wollongong,Wollongong met. area,Syd-Newc-Woll Gtr conurbation,Straight,,,,Unknown / not stated,Sealed,Wet,Fine,Daylight,Nil,No traffic controls,90 km/h,State,73,Off rd rght => obj,704,Right off cway into obj,,Vehicle - Object,Large rigid,,1,0,0,0,0,10,October,Spring,Saturday,06:00 - 07:59,AM peak / school commute,True,False,False,False
1365712,Non-casualty (towaway),Non-casualty (towaway),2024,2024,October,Monday,12:00 - 13:59,BRUXNER,HWY,280,East,THERESA CREEK,RD,MUMMULGUM,16.0,No,Not a school zone,2-way undivided,-28.841862,152.825147,Kyogle,Country non-urban,Rest of NSW - Rural,Curved,,,,Unknown / not stated,Sealed,Dry,Fine,Daylight,Nil,No traffic controls,100 km/h,State,81,Off left/rt bnd=>obj,803,Off right bend into obj,Left,Vehicle - Object,Light truck utility(from 2018),,1,0,0,0,0,10,October,Spring,Monday,12:00 - 13:59,Midday / afternoon,False,False,False,False
1365714,Non-casualty (towaway),Non-casualty (towaway),2024,2024,August,Saturday,02:00 - 03:59,ELARA,BVD,0,Right on the spot,NUMBER 180,HN,MARSDEN PARK,,No,Not a school zone,2-way undivided,-33.695471,150.813858,Blacktown,Sydney metro. area,Syd-Newc-Woll Gtr conurbation,Straight,,,,Unknown / not stated,Sealed,Dry,Fine,Darkness,Nil,No traffic controls,50 km/h,Local,71,Off rd left => obj,703,Left off cway into object,,Other angle,4 wheel drive / SUV,4 wheel drive / SUV,3,0,0,0,0,8,August,Winter,Saturday,02:00 - 03:59,Late night / early morning,False,False,False,False
1365715,Non-casualty (towaway),Non-casualty (towaway),2024,2024,October,Sunday,12:00 - 13:59,CLARENCE TOWN,RD,0,Right on the spot,HANLEYS CREEK,RD,TABBIL CREEK,101.0,No,Not a school zone,T-junction,-32.426193,151.737971,Dungog,Country non-urban,Rest of NSW - Rural,Straight,,,,Unknown / not stated,Sealed,Dry,Fine,Daylight,Nil,No traffic controls,100 km/h,Regional,20,Head on,201,Opp - Head on,,Head-on,Car (sedan/hatch),Light truck utility(from 2018),2,0,0,0,0,10,October,Spring,Sunday,12:00 - 13:59,Midday / afternoon,False,False,False,False
1365719,Non-casualty (towaway),Non-casualty (towaway),2024,2024,October,Wednesday,08:00 - 09:59,BRIGHTON,ST,0,Right on the spot,NUMBER 98,HN,FRESHWATER,,No,Not a school zone,2-way undivided,-33.769369,151.279244,Northern Beaches,Sydney metro. area,Syd-Newc-Woll Gtr conurbation,Straight,,,,Unknown / not stated,Sealed,Dry,Fine,Daylight,Nil,No traffic controls,50 km/h,Local,71,Off rd left => obj,703,Left off cway into object,,Other angle,4 wheel drive / SUV,Utility,2,0,0,0,0,10,October,Spring,Wednesday,08:00 - 09:59,AM peak / school commute,True,False,False,False
1365723,Non-casualty (towaway),Non-casualty (towaway),2024,2024,October,Friday,20:00 - 21:59,LERIDA,RD,500,North,COORILLA,ST,COBAR,,No,Not a school zone,2-way undivided,-31.51256,145.824388,Cobar,Country urban,Rest of NSW - Urban,Curved,Embankment/cutting,,,Unknown / not stated,Sealed,Dry,Fine,Darkness,Nil,No traffic controls,80 km/h,Local,80,Off left/right bend,801,Off cway right bend,Left,Rollover,4 wheel drive / SUV,,1,0,0,0,0,10,October,Spring,Friday,20:00 - 21:59,Evening / night,False,False,False,False
1365728,Non-casualty (towaway),Non-casualty (towaway),2024,2024,October,Tuesday,12:00 - 13:59,BONDI,RD,0,Right on the spot,NUMBER 307,HN,BONDI,172.0,No,Not a school zone,2-way undivided,-33.894952,151.27049,Waverley,Sydney metro. area,Syd-Newc-Woll Gtr conurbation,Straight,Driveway/entrance,,,Unknown / not stated,Sealed,Dry,Fine,Daylight,Nil,No traffic controls,50 km/h,State,47,Emerging from drive,406,Manov - Emerging from driveway,,Right angle,Light truck utility(from 2018),4 wheel drive / SUV,2,0,0,0,0,10,October,Spring,Tuesday,12:00 - 13:59,Midday / afternoon,False,False,False,False
1365729,Non-casualty (towaway),Non-casualty (towaway),2024,2024,October,Thursday,16:00 - 17:59,EDGEWARE,RD,0,Right on the spot,LLEWELLYN,ST,NEWTOWN,7017.0,No,Not a school zone,X-intersection,-33.90503,151.173331,Inner West,Sydney metro. area,Syd-Newc-Woll Gtr conurbation,Straight,,,,Unknown / not stated,Sealed,Dry,Overcast,Daylight,On,No traffic controls,60 km/h,Regional,71,Off rd left => obj,703,Left off cway into object,,Other angle,Car (sedan/hatch),Light truck,2,0,0,0,0,10,October,Spring,Thursday,16:00 - 17:59,PM peak / evening commute,True,False,False,False
1365732,Non-casualty (towaway),Non-casualty (towaway),2024,2024,October,Thursday,18:00 - 19:59,BURREL CREEK,RD,2000,East,BURRENDONG,WAY,DRIPSTONE,,No,Not a school zone,2-way undivided,-32.641502,149.024798,Dubbo Regional,Country non-urban,Rest of NSW - Rural,Curved,Ditch/drain/culvert,,,Unknown / not stated,Unsealed,Dry,Fine,Dusk,Nil,No traffic controls,100 km/h,Local,87,Off lft/lft bnd=>obj,804,Off left bend into obj,Left,Vehicle - Object,Car (sedan/hatch),,1,0,0,0,0,10,October,Spring,Thursday,18:00 - 19:59,PM peak / evening commute,True,False,False,False
1365733,Non-casualty (towaway),Non-casualty (towaway),2024,2024,October,Monday,06:00 - 07:59,BOUNDARY,ST,0,Right on the spot,NUMBER 43,HN,ROSEVILLE,328.0,No,Not a school zone,2-way undivided,-33.785861,151.184367,Ku-ring-gai,Sydney metro. area,Syd-Newc-Woll Gtr conurbation,Straight,Steep grade,,,Unknown / not stated,Sealed,Dry,Fine,Dawn,Nil,No traffic controls,60 km/h,State,39,Other same direction,300,Same - other,,Other angle,Car (sedan/hatch),Station wagon,2,0,0,0,0,10,October,Spring,Monday,06:00 - 07:59,AM peak / school commute,True,False,False,False
1365743,Non-casualty (towaway),Non-casualty (towaway),2024,2024,June,Sunday,10:00 - 11:59,CASTLEREAGH,ST,0,Right on the spot,NUMBER 15,HN,SYDNEY,,No,Not a school zone,1-way street,-33.866907,151.209944,Sydney,Sydney metro. area,Syd-Newc-Woll Gtr conurbation,Straight,Bus/transit lane,,,Nil,Sealed,Dry,Fine,Daylight,Nil,No traffic controls,40 km/h,Local,33,Lane sideswipe,305,Same - Lane side swipe,,Other angle,Unknown motor vehicle,4 wheel drive / SUV,2,0,0,0,0,6,June,Winter,Sunday,10:00 - 11:59,Midday / afternoon,False,False,False,False
1365748,Non-casualty (towaway),Non-casualty (towaway),2024,2024,June,Thursday,20:00 - 21:59,LORD HOWE,DR,0,Right on the spot,NUMBER 13,HN,GREEN VALLEY,,No,Not a school zone,2-way undivided,-33.90232,150.860562,Liverpool,Sydney metro. area,Syd-Newc-Woll Gtr conurbation,Straight,,,,Nil,Sealed,Dry,Fine,Darkness,Nil,No traffic controls,50 km/h,Local,71,Off rd left => obj,703,Left off cway into object,,Vehicle - Object,Car (sedan/hatch),,1,0,0,0,0,6,June,Winter,Thursday,20:00 - 21:59,Evening / night,False,False,False,False
1365763,Non-casualty (towaway),Non-casualty (towaway),2024,2024,July,Saturday,18:00 - 19:59,JUNO,PDE,0,Right on the spot,ACACIA,AVE,GREENACRE,636.0,No,Not a school zone,T-junction,-33.907175,151.060292,Canterbury-Bankstown,Sydney metro. area,Syd-Newc-Woll Gtr conurbation,Straight,Steep grade,,,On,Sealed,Dry,Fine,Dusk,Nil,Give way sign,60 km/h,State,20,Head on,201,Opp - Head on,,Head-on,4 wheel drive / SUV,Light truck utility(from 2018),3,0,0,0,0,7,July,Winter,Saturday,18:00 - 19:59,PM peak / evening commute,True,False,False,False
1365771,Non-casualty (towaway),Non-casualty (towaway),2024,2024,July,Saturday,20:00 - 21:59,OLD PRINCES,HWY,0,Right on the spot,ROTHERY,ST,CORRIMAL,,Yes,No,X-intersection,-34.366445,150.898334,Wollongong,Wollongong met. area,Syd-Newc-Woll Gtr conurbation,Straight,Steep grade,,,On,Sealed,Dry,Fine,Darkness,On,No traffic controls,60 km/h,Local,30,Rear end,301,Same - Rear end,,Rear end,Car (sedan/hatch),4 wheel drive / SUV,2,0,0,0,0,7,July,Winter,Saturday,20:00 - 21:59,Evening / night,False,False,False,False
1365779,Non-casualty (towaway),Non-casualty (towaway),2024,2024,May,Friday,18:00 - 19:59,GREAT WESTERN,HWY,50,West,LAYTON,AVE,BLAXLAND,5.0,No,Not a school zone,Divided road,-33.745584,150.612274,Blue Mountains,Country urban,Syd-Newc-Woll Gtr conurbation,Straight,,,,On,Sealed,Dry,Fine,Dusk,Nil,No traffic controls,60 km/h,State,30,Rear end,301,Same - Rear end,,Rear end,Light truck,4 wheel drive / SUV,2,0,0,0,0,5,May,Autumn,Friday,18:00 - 19:59,PM peak / evening commute,True,False,False,False
1365783,Non-casualty (towaway),Non-casualty (towaway),2024,2024,August,Friday,22:00 - Midnight,MONA VALE,RD,50,North,CENTRAL,TRK,ST IVES,162.0,No,Not a school zone,Divided road,-33.736008,151.15284,Ku-ring-gai,Sydney metro. area,Syd-Newc-Woll Gtr conurbation,Curved,Embankment/cutting,,,On,Sealed,Wet,Overcast,Darkness,Nil,No traffic controls,60 km/h,State,87,Off lft/lft bnd=>obj,804,Off left bend into obj,Left,Vehicle - Object,Car (sedan/hatch),,1,0,0,0,0,8,August,Winter,Friday,22:00 - Midnight,Evening / night,False,False,False,False
1365795,Non-casualty (towaway),Non-casualty (towaway),2024,2024,August,Friday,20:00 - 21:59,WENTWORTH,RD,15,South,WHITE,ST,STRATHFIELD,,No,Not a school zone,2-way undivided,-33.870041,151.098747,Burwood,Sydney metro. area,Syd-Newc-Woll Gtr conurbation,Straight,,,,On,Sealed,Dry,Fine,Darkness,Nil,No traffic controls,50 km/h,Local,71,Off rd left => obj,703,Left off cway into object,,Other angle,Car (sedan/hatch),Car (sedan/hatch),3,0,0,0,0,8,August,Winter,Friday,20:00 - 21:59,Evening / night,False,False,False,False
1365810,Non-casualty (towaway),Non-casualty (towaway),2024,2024,July,Tuesday,10:00 - 11:59,FEDERAL,HWY,0,Right on the spot,MACS REEF,RD,SUTTON,3.0,No,Not a school zone,T-junction,-35.178786,149.268169,Queanbeyan-Palerang Regional,Country non-urban,Rest of NSW - Rural,Straight,,,,Nil,Sealed,Dry,Fine,Daylight,Nil,Give way sign,110 km/h,State,21,Right through,202,Opp - Right-thru,,Other angle,Car (sedan/hatch),Large rigid,2,0,0,0,0,7,July,Winter,Tuesday,10:00 - 11:59,Midday / afternoon,False,False,False,False
1365811,Non-casualty (towaway),Non-casualty (towaway),2024,2024,August,Wednesday,12:00 - 13:59,ANZAC,PDE,0,Right on the spot,MOVERLY,RD,MAROUBRA,661.0,No,Not a school zone,X-intersection,-33.934681,151.237465,Randwick,Sydney metro. area,Syd-Newc-Woll Gtr conurbation,Straight,,,,On,Sealed,Dry,Fine,Daylight,On,No traffic controls,50 km/h,State,10,Cross traffic,101,Adj - Cross traffic,,Right angle,Car (sedan/hatch),4 wheel drive / SUV,2,0,0,0,0,8,August,Winter,Wednesday,12:00 - 13:59,Midday / afternoon,False,False,False,False
1365815,Non-casualty (towaway),Non-casualty (towaway),2024,2024,August,Tuesday,18:00 - 19:59,PERCIVAL,RD,0,Right on the spot,NUMBER 81,HN,SMITHFIELD,,No,Not a school zone,2-way undivided,-33.839947,150.950685,Cumberland,Sydney metro. area,Syd-Newc-Woll Gtr conurbation,Straight,,,,Nil,Sealed,Dry,Fine,Darkness,Nil,No traffic controls,50 km/h,Local,49,Other manoeuvring,400,Manov - other,,Other angle,Unknown motor vehicle,Passenger van,2,0,0,0,0,8,August,Winter,Tuesday,18:00 - 19:59,PM peak / evening commute,True,False,False,False
1365823,Non-casualty (towaway),Non-casualty (towaway),2024,2024,September,Saturday,14:00 - 15:59,NARARA,CRES,0,Right on the spot,NUMBER 5,HN,NARARA,,No,Not a school zone,2-way undivided,-33.397609,151.343502,Central Coast,Country urban,Syd-Newc-Woll Gtr conurbation,Curved,Steep grade,,,Nil,Sealed,Dry,Fine,Daylight,Nil,No traffic controls,50 km/h,Local,46,Reversing into obj,405,Manov - Reverse into fixed obj,,Other angle,4 wheel drive / SUV,Boat trailer,2,0,0,0,0,9,September,Spring,Saturday,14:00 - 15:59,Midday / afternoon,False,False,False,False
1365827,Non-casualty (towaway),Non-casualty (towaway),2024,2024,September,Tuesday,20:00 - 21:59,BUNGENDORE,RD,780,West,MOLONGLO,ST,BUNGENDORE,7607.0,No,Not a school zone,2-way undivided,-35.251134,149.430257,Queanbeyan-Palerang Regional,Country non-urban,Rest of NSW - Rural,Straight,Ditch/drain/culvert,,,Nil,Sealed,Dry,Fine,Darkness,Nil,No traffic controls,100 km/h,Regional,71,Off rd left => obj,703,Left off cway into object,,Vehicle - Object,Light truck utility(from 2018),,1,0,0,0,0,9,September,Spring,Tuesday,20:00 - 21:59,Evening / night,False,False,False,False