crash_id,degree_of_crash,degree_of_crash_-_detailed,reporting_year,year_of_crash,month_of_crash,day_of_week_of_crash,two-hour_intervals,street_of_crash,street_type,distance,direction,identifying_feature,identifying_feature_type,town,route_no.,school_zone_location,school_zone_active,type_of_location,latitude,longitude,lga,urbanisation,conurbation_1,alignment,primary_permanent_feature,primary_temporary_feature,primary_hazardous_feature,street_lighting,road_surface,surface_condition,weather,natural_lighting,signals_operation,other_traffic_control,speed_limit,road_classification_(admin),rum_-_code,rum_-_description,dca_-_code,dca_-_description,dca_supplement,first_impact_type,key_tu_type,other_tu_type,no._of_traffic_units_involved,no._killed,no._seriously_injured,no._moderately_injured,no._minor-other_injured,month_num,month_label,season,day_label,time_label,time_band,is_peak_commute,is_fatal,is_injury,is_casualty
1365836,Non-casualty (towaway),Non-casualty (towaway),2024,2024,September,Tuesday,18:00 - 19:59,ELIZABETH,CRES,10,East,MARGARET,ST,NORTHMEAD,,No,Not a school zone,T-junction,-33.780204,150.999385,Parramatta,Sydney metro. area,Syd-Newc-Woll Gtr conurbation,Straight,,,,On,Sealed,Dry,Fine,Darkness,Nil,No traffic controls,50 km/h,Local,71,Off rd left => obj,703,Left off cway into object,,Other angle,Car (sedan/hatch),Light truck utility(from 2018),2,0,0,0,0,9,September,Spring,Tuesday,18:00 - 19:59,PM peak / evening commute,True,False,False,False
1365869,Non-casualty (towaway),Non-casualty (towaway),2024,2024,September,Monday,22:00 - Midnight,LEE,AVE,0,Right on the spot,PARKES,ST,RYDE,,No,Not a school zone,T-junction,-33.811929,151.103533,Ryde,Sydney metro. area,Syd-Newc-Woll Gtr conurbation,Straight,,,,Nil,Sealed,Dry,Fine,Darkness,Nil,No traffic controls,50 km/h,Local,20,Head on,201,Opp - Head on,,Head-on,4 wheel drive / SUV,Car (sedan/hatch),4,0,0,0,0,9,September,Spring,Monday,22:00 - Midnight,Evening / night,False,False,False,False
1365871,Non-casualty (towaway),Non-casualty (towaway),2024,2024,September,Tuesday,14:00 - 15:59,CENTRAL COAST,HWY,0,Right on the spot,DANE,DR,GOSFORD,30.0,No,Not a school zone,Roundabout,-33.429354,151.338547,Central Coast,Country urban,Syd-Newc-Woll Gtr conurbation,Straight,,Police pursuit,,Nil,Sealed,Dry,Fine,Daylight,Nil,Give way sign,60 km/h,State,20,Head on,201,Opp - Head on,,Head-on,4 wheel drive / SUV,Car (sedan/hatch),3,0,0,0,0,9,September,Spring,Tuesday,14:00 - 15:59,Midday / afternoon,False,False,False,False
1365873,Non-casualty (towaway),Non-casualty (towaway),2024,2024,June,Sunday,06:00 - 07:59,EPPING,RD,0,Right on the spot,LONGUEVILLE,RD,LANE COVE NORTH,373.0,No,Not a school zone,X-intersection,-33.812402,151.170924,Lane Cove,Sydney metro. area,Syd-Newc-Woll Gtr conurbation,Curved,Steep grade,,,On,Sealed,Wet,Raining,Daylight,On,Ped crossing,60 km/h,State,85,Off rt/lft bnd=>obj,804,Off left bend into obj,Right,Vehicle - Object,Light truck utility(from 2018),,1,0,0,0,0,6,June,Winter,Sunday,06:00 - 07:59,AM peak / school commute,True,False,False,False
1365877,Non-casualty (towaway),Non-casualty (towaway),2024,2024,October,Friday,20:00 - 21:59,BONDS,RD,0,Right on the spot,BROAD ARROW,RD,RIVERWOOD,7006.0,No,Not a school zone,Roundabout,-33.950237,151.059219,Georges River,Sydney metro. area,Syd-Newc-Woll Gtr conurbation,Straight,,,,On,Sealed,Dry,Fine,Darkness,Nil,Give way sign,50 km/h,Regional,10,Cross traffic,101,Adj - Cross traffic,,Right angle,Unknown motor vehicle,Car (sedan/hatch),2,0,0,0,0,10,October,Spring,Friday,20:00 - 21:59,Evening / night,False,False,False,False
1365892,Non-casualty (towaway),Non-casualty (towaway),2024,2024,September,Monday,04:00 - 05:59,STOREY,ST,10,West,MALABAR,RD,MAROUBRA,7340.0,No,Not a school zone,T-junction,-33.939602,151.256352,Randwick,Sydney metro. area,Syd-Newc-Woll Gtr conurbation,Curved,Steep grade,,,Nil,Sealed,Dry,Fine,Darkness,Nil,No traffic controls,50 km/h,Regional,49,Other manoeuvring,400,Manov - other,,Other angle,Unknown type,Car (sedan/hatch),2,0,0,0,0,9,September,Spring,Monday,04:00 - 05:59,Late night / early morning,False,False,False,False
1365895,Non-casualty (towaway),Non-casualty (towaway),2024,2024,October,Friday,02:00 - 03:59,POLDING,ST,180,East,THE BOULEVARDE,MS,SMITHFIELD,7222.0,No,Not a school zone,2-way undivided,-33.86224,150.940879,Fairfield,Sydney metro. area,Syd-Newc-Woll Gtr conurbation,Straight,,,,Nil,Sealed,Dry,Fine,Darkness,Nil,No traffic controls,60 km/h,Regional,71,Off rd left => obj,703,Left off cway into object,,Other angle,Light truck utility(from 2018),Car (sedan/hatch),4,0,0,0,0,10,October,Spring,Friday,02:00 - 03:59,Late night / early morning,False,False,False,False
1365905,Non-casualty (towaway),Non-casualty (towaway),2024,2024,October,Wednesday,18:00 - 19:59,ELLESMERE,ST,0,Right on the spot,GOLDSMITH,ST,GOULBURN,54.0,No,Not a school zone,T-junction,-34.750565,149.719927,Goulburn Mulwaree,Country urban,Rest of NSW - Urban,Straight,,,,Nil,Sealed,Dry,Fine,Daylight,Nil,No traffic controls,50 km/h,State,71,Off rd left => obj,703,Left off cway into object,,Vehicle - Object,Car (sedan/hatch),,1,0,0,0,0,10,October,Spring,Wednesday,18:00 - 19:59,PM peak / evening commute,True,False,False,False
1365918,Non-casualty (towaway),Non-casualty (towaway),2024,2024,October,Friday,14:00 - 15:59,KAITLERS,RD,0,Right on the spot,KEMP,ST,SPRINGDALE HEIGHTS,,Yes,No,X-intersection,-36.033331,146.944838,Albury,Country urban,Rest of NSW - Urban,Straight,,,,Off,Sealed,Wet,Raining,Daylight,On,No traffic controls,60 km/h,Local,21,Right through,202,Opp - Right-thru,,Other angle,Car (sedan/hatch),4 wheel drive / SUV,2,0,0,0,0,10,October,Spring,Friday,14:00 - 15:59,Midday / afternoon,False,False,False,False
1365924,Non-casualty (towaway),Non-casualty (towaway),2024,2024,October,Saturday,22:00 - Midnight,BRUSH,RD,1000,South,SHIRLEY,ST,OURIMBAH,,No,Not a school zone,2-way undivided,-33.363185,151.384985,Central Coast,Country urban,Syd-Newc-Woll Gtr conurbation,Straight,Crest,,,Nil,Sealed,Dry,Fine,Darkness,Nil,No traffic controls,60 km/h,Local,73,Off rd rght => obj,704,Right off cway into obj,,Vehicle - Object,Car (sedan/hatch),,1,0,0,0,0,10,October,Spring,Saturday,22:00 - Midnight,Evening / night,False,False,False,False
1365928,Non-casualty (towaway),Non-casualty (towaway),2024,2024,August,Thursday,04:00 - 05:59,MEADOWS,RD,0,Right on the spot,NUMBER 141,HN,MOUNT PRITCHARD,7228.0,Yes,No,2-way undivided,-33.900578,150.898458,Fairfield,Sydney metro. area,Syd-Newc-Woll Gtr conurbation,Straight,,,,Nil,Sealed,Dry,Fine,Dawn,Nil,No traffic controls,50 km/h,Regional,71,Off rd left => obj,703,Left off cway into object,,Other angle,Car (sedan/hatch),Light truck,2,0,0,0,0,8,August,Winter,Thursday,04:00 - 05:59,Late night / early morning,False,False,False,False
1365935,Non-casualty (towaway),Non-casualty (towaway),2024,2024,October,Wednesday,14:00 - 15:59,BAIRD,ST,0,Right on the spot,NORTH,ST,DUBBO,,No,Not a school zone,X-intersection,-32.247108,148.58837,Dubbo Regional,Country urban,Rest of NSW - Urban,Straight,,,,Off,Sealed,Dry,Fine,Daylight,Nil,No traffic controls,50 km/h,Local,70,Off road to left,701,Off carriageway to left,,Rollover,Station wagon,,1,0,0,0,0,10,October,Spring,Wednesday,14:00 - 15:59,Midday / afternoon,False,False,False,False
1365936,Non-casualty (towaway),Non-casualty (towaway),2024,2024,October,Sunday,04:00 - 05:59,RAILWAY,TCE,150,South,LANSDOWNE,ST,MERRYLANDS,7106.0,No,Not a school zone,2-way undivided,-33.846444,150.990243,Cumberland,Sydney metro. area,Syd-Newc-Woll Gtr conurbation,Straight,,,,On,Sealed,Dry,Fine,Darkness,Nil,No traffic controls,50 km/h,Regional,71,Off rd left => obj,703,Left off cway into object,,Other angle,Car (sedan/hatch),Car (sedan/hatch),3,0,0,0,0,10,October,Spring,Sunday,04:00 - 05:59,Late night / early morning,False,False,False,False
1365938,Non-casualty (towaway),Non-casualty (towaway),2024,2024,September,Sunday,10:00 - 11:59,DARWIN,PL,0,Right on the spot,MARSDEN,RD,BARDEN RIDGE,,No,Not a school zone,T-junction,-34.026084,151.008675,Sutherland,Sydney metro. area,Syd-Newc-Woll Gtr conurbation,Straight,,,,Nil,Sealed,Wet,Overcast,Daylight,Nil,No traffic controls,50 km/h,Local,13,Right near,104,Adj - Right-thru from right,,Right angle,4 wheel drive / SUV,4 wheel drive / SUV,2,0,0,0,0,9,September,Spring,Sunday,10:00 - 11:59,Midday / afternoon,False,False,False,False
1365943,Non-casualty (towaway),Non-casualty (towaway),2024,2024,October,Sunday,22:00 - Midnight,ALBANY,RD,30,West,CANNON,ST,STANMORE,,No,Not a school zone,2-way undivided,-33.89057,151.163969,Inner West,Sydney metro. area,Syd-Newc-Woll Gtr conurbation,Straight,,,,On,Sealed,Dry,Fine,Darkness,Nil,No traffic controls,50 km/h,Local,71,Off rd left => obj,703,Left off cway into object,,Other angle,Motorcycle,Passenger van,2,0,0,0,0,10,October,Spring,Sunday,22:00 - Midnight,Evening / night,False,False,False,False
1365948,Non-casualty (towaway),Non-casualty (towaway),2024,2024,October,Saturday,14:00 - 15:59,NEWELL,HWY,50,North,WOODWARD,ST,PARKES,17.0,No,Not a school zone,2-way undivided,-33.143913,148.170649,Parkes,Country urban,Rest of NSW - Urban,Straight,,,,Off,Sealed,Dry,Fine,Daylight,Nil,No traffic controls,50 km/h,State,70,Off road to left,701,Off carriageway to left,,Rollover,Car (sedan/hatch),,1,0,0,0,0,10,October,Spring,Saturday,14:00 - 15:59,Midday / afternoon,False,False,False,False
1365962,Non-casualty (towaway),Non-casualty (towaway),2024,2024,October,Saturday,16:00 - 17:59,CAMDEN,BYPA,200,South,NARELLAN,RD,NARELLAN VALE,620.0,No,Not a school zone,Divided road,-34.042599,150.745341,Camden,Sydney metro. area,Syd-Newc-Woll Gtr conurbation,Straight,,,,Nil,Sealed,Wet,Unknown,Daylight,Nil,No traffic controls,100 km/h,State,73,Off rd rght => obj,704,Right off cway into obj,,Vehicle - Object,Light truck utility(from 2018),,1,0,0,0,0,10,October,Spring,Saturday,16:00 - 17:59,PM peak / evening commute,True,False,False,False
1365963,Non-casualty (towaway),Non-casualty (towaway),2024,2024,October,Saturday,08:00 - 09:59,PRINCES,HWY,0,Right on the spot,TOM UGLYS,BDGE,SYLVANIA,1.0,No,Not a school zone,Divided road,-34.003211,151.113203,Sutherland,Sydney metro. area,Syd-Newc-Woll Gtr conurbation,Straight,Other bridge,Police pursuit,,Nil,Sealed,Dry,Fine,Daylight,Nil,No traffic controls,70 km/h,State,30,Rear end,301,Same - Rear end,,Rear end,Car (sedan/hatch),Light truck utility(from 2018),2,0,0,0,0,10,October,Spring,Saturday,08:00 - 09:59,AM peak / school commute,True,False,False,False
1365972,Non-casualty (towaway),Non-casualty (towaway),2024,2024,September,Monday,16:00 - 17:59,HOMER,ST,0,Right on the spot,NUMBER 536,HN,EARLWOOD,,No,Not a school zone,2-way undivided,-33.932662,151.11212,Canterbury-Bankstown,Sydney metro. area,Syd-Newc-Woll Gtr conurbation,Straight,,,,Nil,Sealed,Dry,Fine,Daylight,Nil,No traffic controls,50 km/h,Local,71,Off rd left => obj,703,Left off cway into object,,Other angle,Car (sedan/hatch),Car (sedan/hatch),2,0,0,0,0,9,September,Spring,Monday,16:00 - 17:59,PM peak / evening commute,True,False,False,False
1366006,Non-casualty (towaway),Non-casualty (towaway),2024,2024,October,Friday,18:00 - 19:59,BELLS LINE OF,RD,0,Right on the spot,GROSE VALE,RD,NORTH RICHMOND,184.0,No,Not a school zone,X-intersection,-33.579888,150.719578,Hawkesbury,Country urban,Syd-Newc-Woll Gtr conurbation,Straight,,,,Nil,Sealed,Dry,Fine,Daylight,On,No traffic controls,60 km/h,State,12,Left far,103,Adj - Left-thru from left,,Right angle,Car (sedan/hatch),Car (sedan/hatch),2,0,0,0,0,10,October,Spring,Friday,18:00 - 19:59,PM peak / evening commute,True,False,False,False
1366007,Non-casualty (towaway),Non-casualty (towaway),2024,2024,October,Wednesday,14:00 - 15:59,MITCHELL,HWY,0,Right on the spot,THOMPSON,ST,DUBBO,7.0,No,Not a school zone,T-junction,-32.24215,148.586559,Dubbo Regional,Country urban,Rest of NSW - Urban,Straight,,,,Nil,Sealed,Wet,Raining,Daylight,Nil,No traffic controls,60 km/h,State,32,Right rear,303,Same - Rear right,,Rear end,4 wheel drive / SUV,Car (sedan/hatch),2,0,0,0,0,10,October,Spring,Wednesday,14:00 - 15:59,Midday / afternoon,False,False,False,False
1366010,Non-casualty (towaway),Non-casualty (towaway),2024,2024,October,Monday,20:00 - 21:59,PRIMROSE,DR,30,South,WARNERVALE,RD,HAMLYN TERRACE,,No,Not a school zone,Divided road,-33.252276,151.480046,Central Coast,Country urban,Syd-Newc-Woll Gtr conurbation,Straight,,,,On,Sealed,Dry,Fine,Darkness,Nil,No traffic controls,50 km/h,Local,73,Off rd rght => obj,704,Right off cway into obj,,Vehicle - Object,4 wheel drive / SUV,,1,0,0,0,0,10,October,Spring,Monday,20:00 - 21:59,Evening / night,False,False,False,False
1366015,Non-casualty (towaway),Non-casualty (towaway),2024,2024,August,Saturday,00:01 - 01:59,LUDDENHAM,RD,0,Right on the spot,PATONS,LANE,ORCHARD HILLS,7286.0,No,Not a school zone,T-junction,-33.817887,150.760172,Penrith,Sydney metro. area,Syd-Newc-Woll Gtr conurbation,Straight,,,,Nil,Sealed,Dry,Fine,Darkness,Nil,No traffic controls,60 km/h,Regional,71,Off rd left => obj,703,Left off cway into object,,Vehicle - Object,Car (sedan/hatch),,1,0,0,0,0,8,August,Winter,Saturday,00:01 - 01:59,Late night / early morning,False,False,False,False
1366030,Non-casualty (towaway),Non-casualty (towaway),2024,2024,October,Monday,10:00 - 11:59,RIVERINA,HWY,0,Right on the spot,KEENE,ST,EAST ALBURY,20.0,No,Not a school zone,X-intersection,-36.076473,146.936459,Albury,Country urban,Rest of NSW - Urban,Straight,,,,Off,Sealed,Dry,Fine,Daylight,Nil,Give way sign,60 km/h,State,10,Cross traffic,101,Adj - Cross traffic,,Right angle,Car (sedan/hatch),4 wheel drive / SUV,2,0,0,0,0,10,October,Spring,Monday,10:00 - 11:59,Midday / afternoon,False,False,False,False
1366034,Non-casualty (towaway),Non-casualty (towaway),2024,2024,August,Monday,02:00 - 03:59,CARDIFF,RD,0,Right on the spot,NUMBER 33,HN,WALLSEND,,No,Not a school zone,2-way undivided,-32.913673,151.672485,Newcastle,Newcastle met. area,Syd-Newc-Woll Gtr conurbation,Curved,,,,On,Sealed,Dry,Fine,Darkness,Nil,No traffic controls,50 km/h,Local,81,Off left/rt bnd=>obj,803,Off right bend into obj,Left,Other angle,Car (sedan/hatch),4 wheel drive / SUV,3,0,0,0,0,8,August,Winter,Monday,02:00 - 03:59,Late night / early morning,False,False,False,False
1366038,Non-casualty (towaway),Non-casualty (towaway),2024,2024,October,Monday,04:00 - 05:59,UNION,ST,20,North,TIGHES,TCE,TIGHES HILL,,No,Not a school zone,2-way undivided,-32.908807,151.749367,Newcastle,Newcastle met. area,Syd-Newc-Woll Gtr conurbation,Straight,,,,On,Sealed,Dry,Fine,Darkness,Nil,No traffic controls,40 km/h,Local,71,Off rd left => obj,703,Left off cway into object,,Other angle,Car (sedan/hatch),Car (sedan/hatch),2,0,0,0,0,10,October,Spring,Monday,04:00 - 05:59,Late night / early morning,False,False,False,False
1366039,Non-casualty (towaway),Non-casualty (towaway),2024,2024,October,Sunday,16:00 - 17:59,CANTERBURY,RD,0,Right on the spot,MOXON,RD,PUNCHBOWL,167.0,No,Not a school zone,T-junction,-33.932541,151.041858,Canterbury-Bankstown,Sydney metro. area,Syd-Newc-Woll Gtr conurbation,Straight,,,,Off,Sealed,Dry,Fine,Daylight,On,No traffic controls,60 km/h,State,30,Rear end,301,Same - Rear end,,Rear end,Car (sedan/hatch),Car (sedan/hatch),3,0,0,0,0,10,October,Spring,Sunday,16:00 - 17:59,PM peak / evening commute,True,False,False,False
1366049,Non-casualty (towaway),Non-casualty (towaway),2024,2024,October,Friday,00:01 - 01:59,SADLEIR,AVE,10,North,INSIGNIA,ST,ASHCROFT,,No,Not a school zone,T-junction,-33.91577,150.89494,Liverpool,Sydney metro. area,Syd-Newc-Woll Gtr conurbation,Straight,,,,On,Sealed,Dry,Fine,Darkness,Nil,No traffic controls,50 km/h,Local,75,Off end of road,709,Off end cway or T junct,,Vehicle - Object,Car (sedan/hatch),,1,0,0,0,0,10,October,Spring,Friday,00:01 - 01:59,Late night / early morning,False,False,False,False
1366054,Non-casualty (towaway),Non-casualty (towaway),2024,2024,August,Monday,16:00 - 17:59,THE CAUSEWAY,MS,0,Right on the spot,NUMBER 1,HN,MAROUBRA,,No,Not a school zone,2-way undivided,-33.940011,151.257717,Randwick,Sydney metro. area,Syd-Newc-Woll Gtr conurbation,Straight,,,,Nil,Sealed,Dry,Fine,Daylight,Nil,No traffic controls,50 km/h,Local,49,Other manoeuvring,400,Manov - other,,Other angle,Unknown type,Light truck,2,0,0,0,0,8,August,Winter,Monday,16:00 - 17:59,PM peak / evening commute,True,False,False,False
1366062,Non-casualty (towaway),Non-casualty (towaway),2024,2024,October,Tuesday,22:00 - Midnight,ADELAIDE,ST,0,Right on the spot,RUSSELL,ST,EAST GOSFORD,,No,Not a school zone,T-junction,-33.437311,151.356276,Central Coast,Country urban,Syd-Newc-Woll Gtr conurbation,Straight,,,,On,Sealed,Dry,Fine,Darkness,Nil,Give way sign,50 km/h,Local,66,Object on road,607,On path - Hit temp object,,Vehicle - Object,Car (sedan/hatch),,1,0,0,0,0,10,October,Spring,Tuesday,22:00 - Midnight,Evening / night,False,False,False,False
1366065,Non-casualty (towaway),Non-casualty (towaway),2024,2024,October,Friday,06:00 - 07:59,FIRTH,AVE,0,Right on the spot,NUMBER 14A,HN,GREEN VALLEY,,No,Not a school zone,2-way undivided,-33.904076,150.882152,Liverpool,Sydney metro. area,Syd-Newc-Woll Gtr conurbation,Straight,,,,Off,Sealed,Unknown,Unknown,Daylight,Nil,No traffic controls,50 km/h,Local,73,Off rd rght => obj,704,Right off cway into obj,,Other angle,Light truck utility(from 2018),Light truck utility(from 2018),2,0,0,0,0,10,October,Spring,Friday,06:00 - 07:59,AM peak / school commute,True,False,False,False
1366066,Non-casualty (towaway),Non-casualty (towaway),2024,2024,October,Friday,14:00 - 15:59,CARY,ST,0,Right on the spot,NUMBER 75,HN,TORONTO,217.0,No,Not a school zone,2-way undivided,-33.007594,151.594289,Lake Macquarie,Newcastle met. area,Syd-Newc-Woll Gtr conurbation,Straight,,,,Off,Sealed,Dry,Fine,Daylight,Nil,No traffic controls,60 km/h,State,30,Rear end,301,Same - Rear end,,Rear end,Car (sedan/hatch),4 wheel drive / SUV,3,0,0,0,0,10,October,Spring,Friday,14:00 - 15:59,Midday / afternoon,False,False,False,False
1366068,Non-casualty (towaway),Non-casualty (towaway),2024,2024,October,Thursday,20:00 - 21:59,BUNGENDORE,RD,820,West,TARAGO,RD,BUNGENDORE,7607.0,No,Not a school zone,2-way undivided,-35.250983,149.429855,Queanbeyan-Palerang Regional,Country non-urban,Rest of NSW - Rural,Straight,,,,Nil,Sealed,Dry,Fine,Darkness,Nil,No traffic controls,100 km/h,Regional,40,U turn,304,Same - U-turn,,Other angle,4 wheel drive / SUV,Car (sedan/hatch),2,0,0,0,0,10,October,Spring,Thursday,20:00 - 21:59,Evening / night,False,False,False,False
1366075,Non-casualty (towaway),Non-casualty (towaway),2024,2024,August,Tuesday,12:00 - 13:59,BAY,ST,0,Right on the spot,PARK,ST,PORT MACQUARIE,,No,Not a school zone,Roundabout,-31.427367,152.896995,Port Macquarie-Hastings,Country urban,Rest of NSW - Urban,Straight,,,,Off,Sealed,Dry,Fine,Daylight,Nil,Give way sign,50 km/h,Local,39,Other same direction,300,Same - other,,Other angle,4 wheel drive / SUV,4 wheel drive / SUV,2,0,0,0,0,8,August,Winter,Tuesday,12:00 - 13:59,Midday / afternoon,False,False,False,False
1366079,Non-casualty (towaway),Non-casualty (towaway),2024,2024,October,Saturday,10:00 - 11:59,KURMOND,RD,0,Right on the spot,TENNYSON,RD,KURMOND,,No,Not a school zone,T-junction,-33.55419,150.726498,Hawkesbury,Country urban,Syd-Newc-Woll Gtr conurbation,Curved,,,,Off,Sealed,Dry,Fine,Daylight,Nil,Give way sign,60 km/h,Local,85,Off rt/lft bnd=>obj,706,Left turn,Right,Vehicle - Object,Light truck utility(from 2018),,1,0,0,0,0,10,October,Spring,Saturday,10:00 - 11:59,Midday / afternoon,False,False,False,False
1366080,Non-casualty (towaway),Non-casualty (towaway),2024,2024,October,Saturday,20:00 - 21:59,AERODROME,DR,0,Right on the spot,TRITON,PDE,NIRIMBA FIELDS,,No,Not a school zone,T-junction,-33.714078,150.87051,Blacktown,Sydney metro. area,Syd-Newc-Woll Gtr conurbation,Straight,,,,Unknown / not stated,Sealed,Unknown,Unknown,Darkness,Nil,Unknown,50 km/h,Local,74,On road-out of cont.,705,Out of control on cway,,Rollover,Car (sedan/hatch),,1,0,0,0,0,10,October,Spring,Saturday,20:00 - 21:59,Evening / night,False,False,False,False
1366089,Non-casualty (towaway),Non-casualty (towaway),2024,2024,October,Sunday,16:00 - 17:59,PANORAMA,AVE,0,Right on the spot,CHARLES STURT UNIVERSITY,ENT,MITCHELL,,No,Not a school zone,2-way undivided,-33.429971,149.566036,Bathurst Regional,Country urban,Rest of NSW - Urban,Straight,Driveway/entrance,,,On,Sealed,Dry,Fine,Darkness,Nil,Give way sign,60 km/h,Local,81,Off left/rt bnd=>obj,707,Right turn,Left,Vehicle - Object,Utility,,1,0,0,0,0,10,October,Spring,Sunday,16:00 - 17:59,PM peak / evening commute,True,False,False,False
1366090,Non-casualty (towaway),Non-casualty (towaway),2024,2024,October,Sunday,20:00 - 21:59,DUGDALE,AVE,0,Right on the spot,NUMBER 2,HN,TAREE,,No,Not a school zone,2-way undivided,-31.899132,152.443881,Mid-Coast,Country urban,Rest of NSW - Urban,Straight,Steep grade,,,On,Sealed,Dry,Fine,Darkness,Nil,No traffic controls,50 km/h,Local,71,Off rd left => obj,703,Left off cway into object,,Other angle,Station wagon,Car (sedan/hatch),2,0,0,0,0,10,October,Spring,Sunday,20:00 - 21:59,Evening / night,False,False,False,False
1366091,Non-casualty (towaway),Non-casualty (towaway),2024,2024,September,Sunday,20:00 - 21:59,CUTROCK,RD,200,West,CHRISTIE,RD,LISAROW,,No,Not a school zone,2-way undivided,-33.378854,151.392198,Central Coast,Country urban,Syd-Newc-Woll Gtr conurbation,Straight,Embankment/cutting,,,Nil,Sealed,Wet,Raining,Darkness,Nil,Give way sign,50 km/h,Local,73,Off rd rght => obj,704,Right off cway into obj,,Vehicle - Object,Car (sedan/hatch),,1,0,0,0,0,9,September,Spring,Sunday,20:00 - 21:59,Evening / night,False,False,False,False
1366095,Non-casualty (towaway),Non-casualty (towaway),2024,2024,October,Wednesday,12:00 - 13:59,PACIFIC,HWY,1000,North,CAMERON STREET,OP,MACLEAN,10.0,No,Not a school zone,Divided road,-29.461933,153.213014,Clarence Valley,Country non-urban,Rest of NSW - Rural,Straight,,,,Nil,Sealed,Wet,Raining,Daylight,Nil,No traffic controls,110 km/h,State,71,Off rd left => obj,703,Left off cway into object,,Vehicle - Object,Car (sedan/hatch),,1,0,0,0,0,10,October,Spring,Wednesday,12:00 - 13:59,Midday / afternoon,False,False,False,False
1366099,Non-casualty (towaway),Non-casualty (towaway),2024,2024,September,Wednesday,22:00 - Midnight,GONDOLA,RD,130,East,RICKARD,RD,NORTH NARRABEEN,,No,Not a school zone,2-way undivided,-33.704961,151.288204,Northern Beaches,Sydney metro. area,Syd-Newc-Woll Gtr conurbation,Curved,,,,Nil,Sealed,Wet,Fine,Darkness,Nil,No traffic controls,50 km/h,Local,83,Off rt/rt bnd=>obj,803,Off right bend into obj,Right,Vehicle - Object,Car (sedan/hatch),,1,0,0,0,0,9,September,Spring,Wednesday,22:00 - Midnight,Evening / night,False,False,False,False
1366101,Non-casualty (towaway),Non-casualty (towaway),2024,2024,October,Saturday,20:00 - 21:59,EASTERN,RD,200,West,NORTHUMBERLAND,WAY,TUMBI UMBI,,No,Not a school zone,2-way undivided,-33.374284,151.454333,Central Coast,Country urban,Syd-Newc-Woll Gtr conurbation,Straight,,,,On,Sealed,Dry,Fine,Darkness,Nil,No traffic controls,50 km/h,Local,73,Off rd rght => obj,704,Right off cway into obj,,Other angle,Car (sedan/hatch),Light truck utility(from 2018),2,0,0,0,0,10,October,Spring,Saturday,20:00 - 21:59,Evening / night,False,False,False,False
1366109,Non-casualty (towaway),Non-casualty (towaway),2024,2024,October,Friday,22:00 - Midnight,PITTWATER,RD,140,South,MONA VALE ROAD,TO,MONA VALE,164.0,No,Not a school zone,Other,-33.679432,151.302881,Northern Beaches,Sydney metro. area,Syd-Newc-Woll Gtr conurbation,Curved,,,,On,Sealed,Wet,Fine,Darkness,On,Ped crossing,60 km/h,State,85,Off rt/lft bnd=>obj,804,Off left bend into obj,Right,Vehicle - Object,Car (sedan/hatch),,1,0,0,0,0,10,October,Spring,Friday,22:00 - Midnight,Evening / night,False,False,False,False
1366111,Non-casualty (towaway),Non-casualty (towaway),2024,2024,October,Friday,14:00 - 15:59,MARION,ST,0,Right on the spot,ALLUM,ST,BANKSTOWN,7121.0,No,Not a school zone,T-junction,-33.917802,151.02566,Canterbury-Bankstown,Sydney metro. area,Syd-Newc-Woll Gtr conurbation,Straight,,,,Off,Sealed,Dry,Fine,Daylight,Nil,Give way sign,60 km/h,Regional,30,Rear end,301,Same - Rear end,,Rear end,Car (sedan/hatch),4 wheel drive / SUV,2,0,0,0,0,10,October,Spring,Friday,14:00 - 15:59,Midday / afternoon,False,False,False,False
1366112,Non-casualty (towaway),Non-casualty (towaway),2024,2024,October,Monday,08:00 - 09:59,PACIFIC,HWY,0,Right on the spot,SOLITARY ISLANDS WAY,OP,EMERALD BEACH,10.0,No,Not a school zone,Divided road,-30.159092,153.190575,Coffs Harbour,Country non-urban,Rest of NSW - Rural,Curved,Underpass/tunnel,,,Nil,Sealed,Dry,Fine,Daylight,Nil,No traffic controls,110 km/h,State,33,Lane sideswipe,305,Same - Lane side swipe,,Other angle,Car (sedan/hatch),Car (sedan/hatch),2,0,0,0,0,10,October,Spring,Monday,08:00 - 09:59,AM peak / school commute,True,False,False,False
1366116,Non-casualty (towaway),Non-casualty (towaway),2024,2024,July,Wednesday,18:00 - 19:59,ALEXANDER,ST,20,North,HOLTERMANN,ST,CROWS NEST,,No,Not a school zone,2-way undivided,-33.824794,151.202587,North Sydney,Sydney metro. area,Syd-Newc-Woll Gtr conurbation,Straight,Steep grade,,,On,Sealed,Dry,Fine,Dusk,Nil,No traffic controls,50 km/h,Local,71,Off rd left => obj,703,Left off cway into object,,Other angle,Large rigid,4 wheel drive / SUV,2,0,0,0,0,7,July,Winter,Wednesday,18:00 - 19:59,PM peak / evening commute,True,False,False,False