crash_id,degree_of_crash,degree_of_crash_-_detailed,reporting_year,year_of_crash,month_of_crash,day_of_week_of_crash,two-hour_intervals,street_of_crash,street_type,distance,direction,identifying_feature,identifying_feature_type,town,route_no.,school_zone_location,school_zone_active,type_of_location,latitude,longitude,lga,urbanisation,conurbation_1,alignment,primary_permanent_feature,primary_temporary_feature,primary_hazardous_feature,street_lighting,road_surface,surface_condition,weather,natural_lighting,signals_operation,other_traffic_control,speed_limit,road_classification_(admin),rum_-_code,rum_-_description,dca_-_code,dca_-_description,dca_supplement,first_impact_type,key_tu_type,other_tu_type,no._of_traffic_units_involved,no._killed,no._seriously_injured,no._moderately_injured,no._minor-other_injured,month_num,month_label,season,day_label,time_label,time_band,is_peak_commute,is_fatal,is_injury,is_casualty
1366117,Non-casualty (towaway),Non-casualty (towaway),2024,2024,October,Sunday,00:01 - 01:59,OCEAN,ST,0,Right on the spot,JERSEY,RD,WOOLLAHRA,7330.0,No,Not a school zone,T-junction,-33.882621,151.238514,Woollahra,Sydney metro. area,Syd-Newc-Woll Gtr conurbation,Straight,,,,On,Sealed,Dry,Fine,Darkness,Nil,Give way sign,50 km/h,Regional,49,Other manoeuvring,400,Manov - other,,Other angle,Unknown type,4 wheel drive / SUV,3,0,0,0,0,10,October,Spring,Sunday,00:01 - 01:59,Late night / early morning,False,False,False,False
1366150,Non-casualty (towaway),Non-casualty (towaway),2024,2024,June,Friday,04:00 - 05:59,SOUTHERN,EXP,500,North,ROBSONS,RD,WEST WOLLONGONG,6006.0,No,Not a school zone,Dual freeway,-34.420562,150.871987,Wollongong,Wollongong met. area,Syd-Newc-Woll Gtr conurbation,Straight,,,,On,Sealed,Wet,Raining,Unknown,Nil,No traffic controls,90 km/h,State,30,Rear end,301,Same - Rear end,,Rear end,Large rigid,Large rigid,2,0,0,0,0,6,June,Winter,Friday,04:00 - 05:59,Late night / early morning,False,False,False,False
1366176,Non-casualty (towaway),Non-casualty (towaway),2024,2024,July,Monday,18:00 - 19:59,WESTERN,EXP,50,West,GREAT WESTERN HIGHWAY,TO,HOLROYD,6004.0,No,Not a school zone,Dual freeway,-33.828109,150.998003,Cumberland,Sydney metro. area,Syd-Newc-Woll Gtr conurbation,Curved,B'down lane/road shldr,Previous crash,,Nil,Sealed,Wet,Raining,Darkness,Nil,No traffic controls,90 km/h,State,62,Accident,603,On path - Previous accident,,Other angle,4 wheel drive / SUV,Light truck utility(from 2018),2,0,0,0,0,7,July,Winter,Monday,18:00 - 19:59,PM peak / evening commute,True,False,False,False
1366188,Non-casualty (towaway),Non-casualty (towaway),2024,2024,July,Wednesday,18:00 - 19:59,DARUKA,RD,50,East,TINTINHULL,RD,DARUKA,,No,Not a school zone,2-way undivided,-31.057049,150.95883,Tamworth Regional,Country urban,Rest of NSW - Urban,Straight,,,,Nil,Sealed,Dry,Fine,Darkness,Nil,No traffic controls,80 km/h,Local,66,Object on road,607,On path - Hit temp object,,Vehicle - Object,Car (sedan/hatch),,1,0,0,0,0,7,July,Winter,Wednesday,18:00 - 19:59,PM peak / evening commute,True,False,False,False
1366193,Non-casualty (towaway),Non-casualty (towaway),2024,2024,July,Monday,02:00 - 03:59,CABBAGE TREE,RD,500,East,MASONITE,RD,WILLIAMTOWN,302.0,No,Not a school zone,2-way undivided,-32.813327,151.778837,Port Stephens,Country urban,Rest of NSW - Urban,Straight,,,,Unknown / not stated,Sealed,Dry,Fine,Darkness,Nil,No traffic controls,80 km/h,State,67,Struck animal,609,On path - Hit animal,,Vehicle - Animal,Light truck utility(from 2018),,1,0,0,0,0,7,July,Winter,Monday,02:00 - 03:59,Late night / early morning,False,False,False,False
1366199,Non-casualty (towaway),Non-casualty (towaway),2024,2024,July,Thursday,18:00 - 19:59,MCFARLANES,RD,1000,North,RAYMOND TERRACE,RD,BERRY PARK,,No,Not a school zone,2-way undivided,-32.756471,151.652555,Maitland,Country urban,Rest of NSW - Urban,Straight,Crest,,,Unknown / not stated,Sealed,Dry,Fine,Dusk,Nil,No traffic controls,80 km/h,Local,67,Struck animal,609,On path - Hit animal,,Vehicle - Animal,4 wheel drive / SUV,,1,0,0,0,0,7,July,Winter,Thursday,18:00 - 19:59,PM peak / evening commute,True,False,False,False
1366242,Non-casualty (towaway),Non-casualty (towaway),2024,2024,August,Wednesday,18:00 - 19:59,ROBERTS,RD,0,Right on the spot,MOONDO,ST,GREENACRE,200.0,No,Not a school zone,T-junction,-33.90514,151.064003,Canterbury-Bankstown,Sydney metro. area,Syd-Newc-Woll Gtr conurbation,Straight,,,,On,Sealed,Dry,Fine,Darkness,Unknown / not stated,No traffic controls,70 km/h,State,20,Head on,201,Opp - Head on,,Head-on,Car (sedan/hatch),4 wheel drive / SUV,2,0,0,0,0,8,August,Winter,Wednesday,18:00 - 19:59,PM peak / evening commute,True,False,False,False
1366258,Non-casualty (towaway),Non-casualty (towaway),2024,2024,September,Friday,06:00 - 07:59,GREAT WESTERN,HWY,200,South,THE VALLEY,RD,SUN VALLEY,5.0,No,Not a school zone,Divided road,-33.705709,150.585138,Blue Mountains,Country urban,Syd-Newc-Woll Gtr conurbation,Straight,,,,Unknown / not stated,Sealed,Dry,Fine,Daylight,Nil,No traffic controls,80 km/h,State,66,Object on road,607,On path - Hit temp object,,Vehicle - Object,4 wheel drive / SUV,,1,0,0,0,0,9,September,Spring,Friday,06:00 - 07:59,AM peak / school commute,True,False,False,False
1366259,Non-casualty (towaway),Non-casualty (towaway),2024,2024,September,Friday,06:00 - 07:59,GREAT WESTERN,HWY,200,South,THE VALLEY,RD,SUN VALLEY,5.0,No,Not a school zone,Divided road,-33.705709,150.585138,Blue Mountains,Country urban,Syd-Newc-Woll Gtr conurbation,Straight,,,,Unknown / not stated,Sealed,Dry,Fine,Daylight,Nil,No traffic controls,80 km/h,State,66,Object on road,607,On path - Hit temp object,,Vehicle - Object,4 wheel drive / SUV,,1,0,0,0,0,9,September,Spring,Friday,06:00 - 07:59,AM peak / school commute,True,False,False,False
1366276,Non-casualty (towaway),Non-casualty (towaway),2024,2024,September,Friday,18:00 - 19:59,M2 HILLS,EXP,100,East,MURRAY FARM ROAD,OP,CHELTENHAM,6002.0,No,Not a school zone,Dual freeway,-33.759291,151.06678,Hornsby,Sydney metro. area,Syd-Newc-Woll Gtr conurbation,Straight,,,,On,Sealed,Dry,Fine,Darkness,Nil,No traffic controls,100 km/h,State,66,Object on road,607,On path - Hit temp object,,Vehicle - Object,Car (sedan/hatch),,1,0,0,0,0,9,September,Spring,Friday,18:00 - 19:59,PM peak / evening commute,True,False,False,False
1366288,Non-casualty (towaway),Non-casualty (towaway),2024,2024,September,Monday,20:00 - 21:59,PACIFIC,HWY,140,South,POSSUM BRUSH,RD,POSSUM BRUSH,10.0,No,Not a school zone,Divided road,-32.066899,152.439799,Mid-Coast,Country non-urban,Rest of NSW - Rural,Straight,,Previous crash,,Nil,Sealed,Dry,Fine,Darkness,Nil,No traffic controls,100 km/h,State,66,Object on road,607,On path - Hit temp object,,Vehicle - Object,Car (sedan/hatch),,1,0,0,0,0,9,September,Spring,Monday,20:00 - 21:59,Evening / night,False,False,False,False
1366360,Non-casualty (towaway),Non-casualty (towaway),2024,2024,January,Tuesday,22:00 - Midnight,COWPER,PL,20,North,SHAKESPEARE,ST,WETHERILL PARK,,No,Not a school zone,2-way undivided,-33.854983,150.913912,Fairfield,Sydney metro. area,Syd-Newc-Woll Gtr conurbation,Straight,,,,On,Sealed,Dry,Fine,Darkness,Nil,No traffic controls,50 km/h,Local,71,Off rd left => obj,703,Left off cway into object,,Other angle,Light truck,Car (sedan/hatch),2,0,0,0,0,1,January,Summer,Tuesday,22:00 - Midnight,Evening / night,False,False,False,False
1366426,Non-casualty (towaway),Non-casualty (towaway),2024,2024,November,Friday,12:00 - 13:59,NEWCASTLE,EXP,0,Right on the spot,MORGANS ROAD,OP,MOUNT WHITE,6003.0,No,Not a school zone,Dual freeway,-33.464234,151.194902,Central Coast,Country non-urban,Syd-Newc-Woll Gtr conurbation,Curved,Underpass/tunnel,,,Off,Sealed,Dry,Fine,Daylight,Nil,No traffic controls,110 km/h,State,34,Lane change right,306,Same - Lane change right,,Other angle,4 wheel drive / SUV,Car (sedan/hatch),2,0,0,0,0,11,November,Spring,Friday,12:00 - 13:59,Midday / afternoon,False,False,False,False
1366427,Non-casualty (towaway),Non-casualty (towaway),2024,2024,October,Tuesday,20:00 - 21:59,WARRAH,ST,0,Right on the spot,NUMBER 35,HN,ETTALONG BEACH,,No,Not a school zone,2-way undivided,-33.521232,151.325436,Central Coast,Country urban,Syd-Newc-Woll Gtr conurbation,Straight,,,,On,Sealed,Wet,Overcast,Darkness,Nil,No traffic controls,50 km/h,Local,71,Off rd left => obj,703,Left off cway into object,,Other angle,Light truck utility(from 2018),Car (sedan/hatch),2,0,0,0,0,10,October,Spring,Tuesday,20:00 - 21:59,Evening / night,False,False,False,False
1366428,Non-casualty (towaway),Non-casualty (towaway),2024,2024,November,Tuesday,18:00 - 19:59,STEWART,AVE,20,South,KEATO,AVE,HAMMONDVILLE,,No,Not a school zone,2-way undivided,-33.951703,150.956831,Liverpool,Sydney metro. area,Syd-Newc-Woll Gtr conurbation,Curved,,,,On,Sealed,Dry,Fine,Dusk,Nil,No traffic controls,50 km/h,Local,81,Off left/rt bnd=>obj,803,Off right bend into obj,Left,Vehicle - Object,Light truck utility(from 2018),,1,0,0,0,0,11,November,Spring,Tuesday,18:00 - 19:59,PM peak / evening commute,True,False,False,False
1366430,Non-casualty (towaway),Non-casualty (towaway),2024,2024,October,Tuesday,20:00 - 21:59,NELSON,ST,100,West,SPRINGWOOD,ST,UMINA BEACH,,No,Not a school zone,2-way undivided,-33.518551,151.324439,Central Coast,Country urban,Syd-Newc-Woll Gtr conurbation,Straight,,,,On,Sealed,Wet,Overcast,Darkness,Nil,No traffic controls,50 km/h,Local,71,Off rd left => obj,703,Left off cway into object,,Other angle,Light truck utility(from 2018),Passenger van,2,0,0,0,0,10,October,Spring,Tuesday,20:00 - 21:59,Evening / night,False,False,False,False
1366439,Non-casualty (towaway),Non-casualty (towaway),2024,2024,October,Wednesday,20:00 - 21:59,EDGECLIFFE,BVD,0,Right on the spot,NUMBER 50,HN,COLLAROY PLATEAU,,No,Not a school zone,2-way undivided,-33.727989,151.295088,Northern Beaches,Sydney metro. area,Syd-Newc-Woll Gtr conurbation,Straight,,,,On,Sealed,Dry,Fine,Darkness,Nil,No traffic controls,50 km/h,Local,71,Off rd left => obj,703,Left off cway into object,,Other angle,Car (sedan/hatch),Light truck utility(from 2018),2,0,0,0,0,10,October,Spring,Wednesday,20:00 - 21:59,Evening / night,False,False,False,False
1366442,Non-casualty (towaway),Non-casualty (towaway),2024,2024,December,Tuesday,10:00 - 11:59,WHALE BEACH,RD,0,Right on the spot,NUMBER 262,HN,WHALE BEACH,,No,Not a school zone,2-way undivided,-33.606577,151.333069,Northern Beaches,Sydney metro. area,Syd-Newc-Woll Gtr conurbation,Straight,,,,Off,Sealed,Dry,Fine,Daylight,Nil,No traffic controls,40 km/h,Local,71,Off rd left => obj,703,Left off cway into object,,Other angle,Unknown type,4 wheel drive / SUV,2,0,0,0,0,12,December,Summer,Tuesday,10:00 - 11:59,Midday / afternoon,False,False,False,False
1366446,Non-casualty (towaway),Non-casualty (towaway),2024,2024,October,Wednesday,10:00 - 11:59,LULAND,ST,10,South,HALE,ST,BOTANY,,No,Not a school zone,Roundabout,-33.946107,151.191824,Bayside,Sydney metro. area,Syd-Newc-Woll Gtr conurbation,Straight,,,,Nil,Sealed,Dry,Fine,Daylight,Nil,Give way sign,50 km/h,Local,87,Off lft/lft bnd=>obj,706,Left turn,Left,Other angle,B-double (road train prior 98),Car (sedan/hatch),2,0,0,0,0,10,October,Spring,Wednesday,10:00 - 11:59,Midday / afternoon,False,False,False,False
1366457,Non-casualty (towaway),Non-casualty (towaway),2024,2024,October,Monday,06:00 - 07:59,DAVIES,RD,100,North,ALMA,RD,PADSTOW,190.0,No,Not a school zone,Divided road,-33.961544,151.037399,Canterbury-Bankstown,Sydney metro. area,Syd-Newc-Woll Gtr conurbation,Curved,,,,On,Sealed,Dry,Fine,Dawn,Nil,No traffic controls,70 km/h,State,33,Lane sideswipe,305,Same - Lane side swipe,,Other angle,4 wheel drive / SUV,4 wheel drive / SUV,2,0,0,0,0,10,October,Spring,Monday,06:00 - 07:59,AM peak / school commute,True,False,False,False
1366463,Non-casualty (towaway),Non-casualty (towaway),2024,2024,December,Thursday,04:00 - 05:59,LORNA,ST,0,Right on the spot,NUMBER 113,HN,WARATAH WEST,605.0,No,Not a school zone,2-way undivided,-32.895301,151.717459,Newcastle,Newcastle met. area,Syd-Newc-Woll Gtr conurbation,Straight,Steep grade,,,On,Sealed,Dry,Overcast,Darkness,Nil,No traffic controls,60 km/h,State,71,Off rd left => obj,703,Left off cway into object,,Other angle,4 wheel drive / SUV,Car (sedan/hatch),2,0,0,0,0,12,December,Summer,Thursday,04:00 - 05:59,Late night / early morning,False,False,False,False
1366471,Non-casualty (towaway),Non-casualty (towaway),2024,2024,November,Wednesday,02:00 - 03:59,TURON,RD,0,Right on the spot,DWASON,ST,WARATAH,326.0,Yes,No,T-junction,-32.904092,151.728427,Newcastle,Newcastle met. area,Syd-Newc-Woll Gtr conurbation,Straight,,,,On,Sealed,Dry,Fine,Darkness,Nil,No traffic controls,60 km/h,State,71,Off rd left => obj,703,Left off cway into object,,Vehicle - Object,Car (sedan/hatch),,1,0,0,0,0,11,November,Spring,Wednesday,02:00 - 03:59,Late night / early morning,False,False,False,False
1366474,Non-casualty (towaway),Non-casualty (towaway),2024,2024,December,Friday,22:00 - Midnight,PACIFIC,HWY,1000,South,WINMURRA,DR,POSSUM BRUSH,10.0,No,Not a school zone,Dual freeway,-32.042004,152.456483,Mid-Coast,Country non-urban,Rest of NSW - Rural,Curved,,,,Nil,Sealed,Dry,Fine,Darkness,Nil,No traffic controls,110 km/h,State,83,Off rt/rt bnd=>obj,803,Off right bend into obj,Right,Vehicle - Object,Car (sedan/hatch),,1,0,0,0,0,12,December,Summer,Friday,22:00 - Midnight,Evening / night,False,False,False,False
1366500,Non-casualty (towaway),Non-casualty (towaway),2024,2024,September,Monday,12:00 - 13:59,WESTERN,DSTR,0,Right on the spot,ANZAC,BDGE,PYRMONT,165.0,No,Not a school zone,Divided road,-33.870039,151.188718,Sydney,Sydney metro. area,Syd-Newc-Woll Gtr conurbation,Curved,Other bridge,,,Nil,Sealed,Dry,Fine,Daylight,Nil,No traffic controls,60 km/h,State,33,Lane sideswipe,305,Same - Lane side swipe,,Other angle,Unknown motor vehicle,4 wheel drive / SUV,2,0,0,0,0,9,September,Spring,Monday,12:00 - 13:59,Midday / afternoon,False,False,False,False
1366505,Non-casualty (towaway),Non-casualty (towaway),2024,2024,October,Sunday,00:01 - 01:59,STEPHENSON,DR,300,North,RAFTER,PDE,ROPES CROSSING,,No,Not a school zone,2-way undivided,-33.728825,150.780153,Blacktown,Sydney metro. area,Syd-Newc-Woll Gtr conurbation,Curved,Painted double centre lines,,,On,Sealed,Dry,Fine,Darkness,Nil,No traffic controls,50 km/h,Local,85,Off rt/lft bnd=>obj,804,Off left bend into obj,Right,Vehicle - Object,4 wheel drive / SUV,,2,0,0,0,0,10,October,Spring,Sunday,00:01 - 01:59,Late night / early morning,False,False,False,False
1366508,Non-casualty (towaway),Non-casualty (towaway),2024,2024,October,Thursday,04:00 - 05:59,FEDERAL,HWY,50,North,STILLWATER,RD,WOLLOGORANG,3.0,No,Not a school zone,Divided road,-34.871844,149.544742,Goulburn Mulwaree,Country non-urban,Rest of NSW - Rural,Straight,,Previous crash,,Nil,Sealed,Dry,Fog or mist,Darkness,Nil,No traffic controls,110 km/h,State,71,Off rd left => obj,703,Left off cway into object,,Vehicle - Object,Car (sedan/hatch),,1,0,0,0,0,10,October,Spring,Thursday,04:00 - 05:59,Late night / early morning,False,False,False,False
1366510,Non-casualty (towaway),Non-casualty (towaway),2024,2024,September,Sunday,00:01 - 01:59,WATER GUM,DR,0,Right on the spot,NUMBER 35,HN,JORDAN SPRINGS,,No,Not a school zone,2-way undivided,-33.725815,150.722726,Penrith,Sydney metro. area,Syd-Newc-Woll Gtr conurbation,Straight,,,,On,Sealed,Wet,Fine,Darkness,Nil,No traffic controls,50 km/h,Local,74,On road-out of cont.,705,Out of control on cway,,Rollover,4 wheel drive / SUV,,1,0,0,0,0,9,September,Spring,Sunday,00:01 - 01:59,Late night / early morning,False,False,False,False
1366513,Non-casualty (towaway),Non-casualty (towaway),2024,2024,December,Monday,10:00 - 11:59,M7 WESTLINK,EXP,10,East,NORWEST BOULEVARD,TO,GLENWOOD,6009.0,No,Not a school zone,Dual freeway,-33.743074,150.934605,Blacktown,Sydney metro. area,Syd-Newc-Woll Gtr conurbation,Straight,,,,Off,Sealed,Dry,Fine,Daylight,Nil,No traffic controls,100 km/h,State,71,Off rd left => obj,703,Left off cway into object,,Vehicle - Object,Light truck utility(from 2018),,1,0,0,0,0,12,December,Summer,Monday,10:00 - 11:59,Midday / afternoon,False,False,False,False
1366514,Non-casualty (towaway),Non-casualty (towaway),2024,2024,August,Thursday,20:00 - 21:59,YAMBA,RD,0,Right on the spot,SHORES,DR,YAMBA,152.0,No,Not a school zone,Roundabout,-29.43261,153.337489,Clarence Valley,Country urban,Rest of NSW - Urban,Curved,,,,On,Sealed,Dry,Fine,Darkness,Nil,Give way sign,50 km/h,Regional,88,Out of cont on bend,805,Out of control on bend,,Rollover,Car (sedan/hatch),,1,0,0,0,0,8,August,Winter,Thursday,20:00 - 21:59,Evening / night,False,False,False,False
1366524,Non-casualty (towaway),Non-casualty (towaway),2024,2024,November,Monday,12:00 - 13:59,TOMAGO,RD,0,Right on the spot,NUMBER 121,HN,TOMAGO,302.0,No,Not a school zone,2-way undivided,-32.81683,151.761842,Port Stephens,Country urban,Rest of NSW - Urban,Straight,Driveway/entrance,,,Nil,Sealed,Dry,Fine,Daylight,Nil,No traffic controls,80 km/h,State,53,Overtake turning,506,Ovtak - Overtaking right turn,,Other angle,Station wagon,Light truck utility(from 2018),2,0,0,0,0,11,November,Spring,Monday,12:00 - 13:59,Midday / afternoon,False,False,False,False
1366526,Non-casualty (towaway),Non-casualty (towaway),2024,2024,October,Tuesday,00:01 - 01:59,MENZIES,CCT,30,South,JERSEY,GLEN,ST CLAIR,,No,Not a school zone,2-way undivided,-33.797098,150.783385,Penrith,Sydney metro. area,Syd-Newc-Woll Gtr conurbation,Straight,,,,On,Sealed,Dry,Fine,Darkness,Nil,No traffic controls,50 km/h,Local,73,Off rd rght => obj,704,Right off cway into obj,,Vehicle - Object,Light truck utility(from 2018),,1,0,0,0,0,10,October,Spring,Tuesday,00:01 - 01:59,Late night / early morning,False,False,False,False
1366537,Non-casualty (towaway),Non-casualty (towaway),2024,2024,December,Monday,12:00 - 13:59,BUNGARRIBEE,RD,0,Right on the spot,WALTERS,RD,BLACKTOWN,7465.0,No,Not a school zone,X-intersection,-33.775846,150.895288,Blacktown,Sydney metro. area,Syd-Newc-Woll Gtr conurbation,Straight,,,,Off,Sealed,Dry,Fine,Daylight,On,No traffic controls,60 km/h,Regional,20,Head on,201,Opp - Head on,,Head-on,Car (sedan/hatch),Station wagon,3,0,0,0,0,12,December,Summer,Monday,12:00 - 13:59,Midday / afternoon,False,False,False,False
1366553,Non-casualty (towaway),Non-casualty (towaway),2024,2024,October,Sunday,02:00 - 03:59,PACIFIC,HWY,0,Right on the spot,WATTLE,ST,ASQUITH,10.0,No,Not a school zone,X-intersection,-33.689196,151.106814,Hornsby,Sydney metro. area,Syd-Newc-Woll Gtr conurbation,Curved,,,,On,Sealed,Dry,Fine,Darkness,On,No traffic controls,60 km/h,State,84,Off right/left bend,802,Off cway left bend,Right,Rollover,4 wheel drive / SUV,,1,0,0,0,0,10,October,Spring,Sunday,02:00 - 03:59,Late night / early morning,False,False,False,False
1366559,Non-casualty (towaway),Non-casualty (towaway),2024,2024,November,Saturday,22:00 - Midnight,CROOKED RIVER,RD,300,South,WINGEEWAH,RD,GERROA,571.0,No,Not a school zone,2-way undivided,-34.761961,150.820531,Kiama,Country urban,Rest of NSW - Urban,Curved,Painted double centre lines,,,Nil,Sealed,Dry,Fine,Darkness,Nil,No traffic controls,80 km/h,Regional,20,Head on,201,Opp - Head on,,Head-on,Light truck,Car (sedan/hatch),2,0,0,0,0,11,November,Spring,Saturday,22:00 - Midnight,Evening / night,False,False,False,False
1366591,Non-casualty (towaway),Non-casualty (towaway),2024,2024,December,Saturday,04:00 - 05:59,KOALA,ST,0,Right on the spot,O'BRIENS,RD,PORT MACQUARIE,,No,Not a school zone,T-junction,-31.459303,152.918773,Port Macquarie-Hastings,Country urban,Rest of NSW - Urban,Straight,Embankment/cutting,,,Off,Sealed,Dry,Fine,Dawn,Nil,No traffic controls,50 km/h,Local,73,Off rd rght => obj,704,Right off cway into obj,,Vehicle - Object,Car (sedan/hatch),,1,0,0,0,0,12,December,Summer,Saturday,04:00 - 05:59,Late night / early morning,False,False,False,False
1366595,Non-casualty (towaway),Non-casualty (towaway),2024,2024,December,Friday,14:00 - 15:59,PRIMROSE,AVE,50,North,MORLEY,AVE,ROSEBERY,,No,Not a school zone,2-way undivided,-33.916207,151.20579,Sydney,Sydney metro. area,Syd-Newc-Woll Gtr conurbation,Straight,,,,Nil,Sealed,Dry,Fine,Daylight,Nil,No traffic controls,40 km/h,Local,49,Other manoeuvring,400,Manov - other,,Other angle,Car (sedan/hatch),Car (sedan/hatch),2,0,0,0,0,12,December,Summer,Friday,14:00 - 15:59,Midday / afternoon,False,False,False,False
1366597,Non-casualty (towaway),Non-casualty (towaway),2024,2024,December,Friday,12:00 - 13:59,BIRRELL,ST,0,Right on the spot,ST MARYS,AVE,WAVERLEY,7335.0,Yes,No,T-junction,-33.896818,151.256928,Waverley,Sydney metro. area,Syd-Newc-Woll Gtr conurbation,Straight,,,,Nil,Sealed,Dry,Fine,Daylight,Nil,No traffic controls,50 km/h,Regional,71,Off rd left => obj,703,Left off cway into object,,Other angle,Car (sedan/hatch),Boat trailer,2,0,0,0,0,12,December,Summer,Friday,12:00 - 13:59,Midday / afternoon,False,False,False,False
1366600,Non-casualty (towaway),Non-casualty (towaway),2024,2024,August,Saturday,16:00 - 17:59,TOWRANG,RD,700,North,HUME,HWY,TOWRANG,,No,Not a school zone,2-way undivided,-34.726387,149.828646,Goulburn Mulwaree,Country urban,Rest of NSW - Urban,Curved,Painted double centre lines,,,Nil,Sealed,Dry,Fine,Daylight,Nil,No traffic controls,80 km/h,Local,20,Head on,201,Opp - Head on,,Head-on,4 wheel drive / SUV,4 wheel drive / SUV,2,0,0,0,0,8,August,Winter,Saturday,16:00 - 17:59,PM peak / evening commute,True,False,False,False
1366605,Non-casualty (towaway),Non-casualty (towaway),2024,2024,December,Friday,20:00 - 21:59,PRINCES,HWY,0,Right on the spot,CANAL,RD,ST PETERS,1.0,No,Not a school zone,X-intersection,-33.91557,151.174624,Inner West,Sydney metro. area,Syd-Newc-Woll Gtr conurbation,Curved,,,,On,Sealed,Dry,Fine,Darkness,On,No traffic controls,60 km/h,State,37,Left turn sideswipe,309,Same - Left turn side swipe,,Other angle,Unknown motor vehicle,Car (sedan/hatch),2,0,0,0,0,12,December,Summer,Friday,20:00 - 21:59,Evening / night,False,False,False,False
1366606,Non-casualty (towaway),Non-casualty (towaway),2024,2024,November,Monday,14:00 - 15:59,M2 HILLS,EXP,1940,West,CUMBERLAND HIGHWAY,OP,CARLINGFORD,6002.0,No,Not a school zone,Dual freeway,-33.764685,151.029657,Parramatta,Sydney metro. area,Syd-Newc-Woll Gtr conurbation,Curved,,,,Nil,Sealed,Dry,Fine,Daylight,Nil,No traffic controls,100 km/h,State,30,Rear end,301,Same - Rear end,,Rear end,Car (sedan/hatch),4 wheel drive / SUV,2,0,0,0,0,11,November,Spring,Monday,14:00 - 15:59,Midday / afternoon,False,False,False,False
1366611,Non-casualty (towaway),Non-casualty (towaway),2024,2024,November,Sunday,16:00 - 17:59,FINLAY,RD,0,Right on the spot,THURGOONA,DR,THURGOONA,,No,Not a school zone,T-junction,-36.042335,147.007383,Albury,Country urban,Rest of NSW - Urban,Curved,,,,Off,Sealed,Dry,Fine,Daylight,Nil,Give way sign,80 km/h,Local,30,Rear end,301,Same - Rear end,,Rear end,Car (sedan/hatch),4 wheel drive / SUV,2,0,0,0,0,11,November,Spring,Sunday,16:00 - 17:59,PM peak / evening commute,True,False,False,False
1366622,Non-casualty (towaway),Non-casualty (towaway),2024,2024,December,Wednesday,12:00 - 13:59,PUNCHBOWL,RD,0,Right on the spot,MCCOURT,ST,WILEY PARK,549.0,No,Not a school zone,T-junction,-33.916095,151.066923,Canterbury-Bankstown,Sydney metro. area,Syd-Newc-Woll Gtr conurbation,Straight,,,,Off,Sealed,Dry,Fine,Daylight,Nil,Give way sign,60 km/h,State,21,Right through,202,Opp - Right-thru,,Other angle,Car (sedan/hatch),Car (sedan/hatch),2,0,0,0,0,12,December,Summer,Wednesday,12:00 - 13:59,Midday / afternoon,False,False,False,False
1366627,Non-casualty (towaway),Non-casualty (towaway),2024,2024,September,Thursday,22:00 - Midnight,HUME,HWY,2000,South,CAMDEN VALLEY WAY,OP,BARDIA,2.0,No,Not a school zone,Dual freeway,-33.974472,150.871809,Campbelltown,Sydney metro. area,Syd-Newc-Woll Gtr conurbation,Curved,,,,Nil,Sealed,Dry,Fine,Darkness,Nil,No traffic controls,110 km/h,State,30,Rear end,301,Same - Rear end,,Rear end,Car (sedan/hatch),Passenger van,3,0,0,0,0,9,September,Spring,Thursday,22:00 - Midnight,Evening / night,False,False,False,False
1366635,Non-casualty (towaway),Non-casualty (towaway),2024,2024,October,Tuesday,14:00 - 15:59,HUME,HWY,100,West,JOHNSTON,RD,BASS HILL,2.0,No,Not a school zone,Divided road,-33.892192,150.97974,Canterbury-Bankstown,Sydney metro. area,Syd-Newc-Woll Gtr conurbation,Straight,,,,Nil,Sealed,Dry,Fine,Daylight,Nil,No traffic controls,70 km/h,State,33,Lane sideswipe,305,Same - Lane side swipe,,Other angle,Car (sedan/hatch),4 wheel drive / SUV,2,0,0,0,0,10,October,Spring,Tuesday,14:00 - 15:59,Midday / afternoon,False,False,False,False
1366642,Non-casualty (towaway),Non-casualty (towaway),2024,2024,November,Sunday,18:00 - 19:59,BARKER,ST,0,Right on the spot,DIARY,ST,CASINO,,No,Not a school zone,X-intersection,-28.86381,153.040939,Richmond Valley,Country urban,Rest of NSW - Urban,Straight,,,,Off,Sealed,Dry,Fine,Dusk,Nil,Give way sign,50 km/h,Local,40,U turn,304,Same - U-turn,,Other angle,Car (sedan/hatch),Car (sedan/hatch),2,0,0,0,0,11,November,Spring,Sunday,18:00 - 19:59,PM peak / evening commute,True,False,False,False
1366646,Non-casualty (towaway),Non-casualty (towaway),2024,2024,December,Sunday,20:00 - 21:59,GREAT WESTERN,HWY,0,Right on the spot,LADBURY,AVE,PENRITH,5.0,No,Not a school zone,T-junction,-33.74875,150.684404,Penrith,Sydney metro. area,Syd-Newc-Woll Gtr conurbation,Curved,,,,On,Sealed,Dry,Fine,Darkness,Nil,Give way sign,60 km/h,State,13,Right near,104,Adj - Right-thru from right,,Right angle,Car (sedan/hatch),Car (sedan/hatch),2,0,0,0,0,12,December,Summer,Sunday,20:00 - 21:59,Evening / night,False,False,False,False