crash_id,degree_of_crash,degree_of_crash_-_detailed,reporting_year,year_of_crash,month_of_crash,day_of_week_of_crash,two-hour_intervals,street_of_crash,street_type,distance,direction,identifying_feature,identifying_feature_type,town,route_no.,school_zone_location,school_zone_active,type_of_location,latitude,longitude,lga,urbanisation,conurbation_1,alignment,primary_permanent_feature,primary_temporary_feature,primary_hazardous_feature,street_lighting,road_surface,surface_condition,weather,natural_lighting,signals_operation,other_traffic_control,speed_limit,road_classification_(admin),rum_-_code,rum_-_description,dca_-_code,dca_-_description,dca_supplement,first_impact_type,key_tu_type,other_tu_type,no._of_traffic_units_involved,no._killed,no._seriously_injured,no._moderately_injured,no._minor-other_injured,month_num,month_label,season,day_label,time_label,time_band,is_peak_commute,is_fatal,is_injury,is_casualty
1366652,Non-casualty (towaway),Non-casualty (towaway),2024,2024,December,Wednesday,18:00 - 19:59,BRUNKER,RD,0,Right on the spot,POWELL,ST,YAGOONA,7117.0,No,Not a school zone,T-junction,-33.898653,151.03432,Canterbury-Bankstown,Sydney metro. area,Syd-Newc-Woll Gtr conurbation,Straight,,,,Nil,Sealed,Dry,Fine,Daylight,Nil,Give way sign,60 km/h,Regional,32,Right rear,303,Same - Rear right,,Rear end,Car (sedan/hatch),Car (sedan/hatch),2,0,0,0,0,12,December,Summer,Wednesday,18:00 - 19:59,PM peak / evening commute,True,False,False,False
1366660,Non-casualty (towaway),Non-casualty (towaway),2024,2024,November,Thursday,10:00 - 11:59,GLENWOOD PARK,DR,0,Right on the spot,NUMBER 128,HN,GLENWOOD,,No,Not a school zone,2-way undivided,-33.729061,150.928869,Blacktown,Sydney metro. area,Syd-Newc-Woll Gtr conurbation,Curved,Steep grade,,,Off,Sealed,Dry,Fine,Daylight,Nil,No traffic controls,50 km/h,Local,81,Off left/rt bnd=>obj,803,Off right bend into obj,Left,Other angle,Unknown motor vehicle,Car (sedan/hatch),2,0,0,0,0,11,November,Spring,Thursday,10:00 - 11:59,Midday / afternoon,False,False,False,False
1366674,Non-casualty (towaway),Non-casualty (towaway),2024,2024,November,Monday,14:00 - 15:59,CAPE THREE POINTS,RD,20,North,FAIRSCENE,CRES,AVOCA BEACH,7779.0,No,Not a school zone,2-way undivided,-33.473183,151.43405,Central Coast,Country urban,Syd-Newc-Woll Gtr conurbation,Curved,Steep grade,,,Nil,Sealed,Dry,Fine,Daylight,Nil,No traffic controls,50 km/h,Regional,81,Off left/rt bnd=>obj,803,Off right bend into obj,Left,Vehicle - Object,Light truck,,1,0,0,0,0,11,November,Spring,Monday,14:00 - 15:59,Midday / afternoon,False,False,False,False
1366766,Non-casualty (towaway),Non-casualty (towaway),2024,2024,October,Tuesday,10:00 - 11:59,ANZAC,RD,0,Right on the spot,MOOREBANK,AVE,MOOREBANK,,No,Not a school zone,X-intersection,-33.943886,150.924279,Liverpool,Sydney metro. area,Syd-Newc-Woll Gtr conurbation,Straight,,,,Off,Sealed,Dry,Fine,Daylight,On,No traffic controls,60 km/h,Local,30,Rear end,301,Same - Rear end,,Rear end,Light truck utility(from 2018),Car (sedan/hatch),2,0,0,0,0,10,October,Spring,Tuesday,10:00 - 11:59,Midday / afternoon,False,False,False,False
1366780,Non-casualty (towaway),Non-casualty (towaway),2024,2024,December,Tuesday,02:00 - 03:59,ARTHUR,ST,0,Right on the spot,YORK,ST,COFFS HARBOUR,7745.0,No,Not a school zone,T-junction,-30.281106,153.136841,Coffs Harbour,Country urban,Rest of NSW - Urban,Straight,,,,On,Sealed,Dry,Fine,Darkness,Nil,Give way sign,60 km/h,Regional,75,Off end of road,709,Off end cway or T junct,,Vehicle - Object,Station wagon,,1,0,0,0,0,12,December,Summer,Tuesday,02:00 - 03:59,Late night / early morning,False,False,False,False
1366787,Non-casualty (towaway),Non-casualty (towaway),2024,2024,December,Wednesday,16:00 - 17:59,SOUTH WESTERN,EXP,100,West,HENRY LAWSON DRIVE,TO,MILPERRA,6005.0,No,Not a school zone,Dual freeway,-33.945359,150.976353,Canterbury-Bankstown,Sydney metro. area,Syd-Newc-Woll Gtr conurbation,Straight,,,,Off,Sealed,Dry,Fine,Daylight,Nil,No traffic controls,100 km/h,State,66,Object on road,607,On path - Hit temp object,,Vehicle - Object,Car (sedan/hatch),,1,0,0,0,0,12,December,Summer,Wednesday,16:00 - 17:59,PM peak / evening commute,True,False,False,False
1366790,Non-casualty (towaway),Non-casualty (towaway),2024,2024,October,Tuesday,22:00 - Midnight,BULOLO,ST,0,Right on the spot,NUMBER 1,HN,ASHMONT,,No,Not a school zone,2-way undivided,-35.1248,147.3388,Wagga Wagga,Country urban,Rest of NSW - Urban,Straight,,,,On,Sealed,Dry,Fine,Darkness,Nil,No traffic controls,50 km/h,Local,73,Off rd rght => obj,704,Right off cway into obj,,Vehicle - Object,Car (sedan/hatch),,1,0,0,0,0,10,October,Spring,Tuesday,22:00 - Midnight,Evening / night,False,False,False,False
1366800,Non-casualty (towaway),Non-casualty (towaway),2024,2024,November,Friday,20:00 - 21:59,JOHN TAYLOR,CRES,50,West,ANDY POOLE,DR,TATHRA,,No,Not a school zone,2-way undivided,-36.727036,149.978915,Bega Valley,Country urban,Rest of NSW - Urban,Curved,Steep grade,,,On,Sealed,Wet,Raining,Darkness,Nil,No traffic controls,50 km/h,Local,88,Out of cont on bend,805,Out of control on bend,,Rollover,Light truck utility(from 2018),,1,0,0,0,0,11,November,Spring,Friday,20:00 - 21:59,Evening / night,False,False,False,False
1366825,Non-casualty (towaway),Non-casualty (towaway),2024,2024,October,Thursday,14:00 - 15:59,GLENFIELD,RD,50,South,URANA,ST,TURVEY PARK,,No,Not a school zone,2-way undivided,-35.127727,147.34327,Wagga Wagga,Country urban,Rest of NSW - Urban,Straight,,,,Off,Sealed,Dry,Fine,Daylight,Nil,No traffic controls,60 km/h,Local,30,Rear end,301,Same - Rear end,,Rear end,Car (sedan/hatch),Car (sedan/hatch),3,0,0,0,0,10,October,Spring,Thursday,14:00 - 15:59,Midday / afternoon,False,False,False,False
1366865,Non-casualty (towaway),Non-casualty (towaway),2024,2024,November,Tuesday,18:00 - 19:59,BELLEVUE,RD,70,East,CHISLEHURST,AVE,FIGTREE,,No,Not a school zone,Divided road,-34.430679,150.858369,Wollongong,Wollongong met. area,Syd-Newc-Woll Gtr conurbation,Curved,Steep grade,,,On,Sealed,Dry,Fine,Darkness,Nil,No traffic controls,50 km/h,Local,87,Off lft/lft bnd=>obj,804,Off left bend into obj,Left,Other angle,Light truck utility(from 2018),Boat trailer,3,0,0,0,0,11,November,Spring,Tuesday,18:00 - 19:59,PM peak / evening commute,True,False,False,False
1366872,Non-casualty (towaway),Non-casualty (towaway),2024,2024,December,Tuesday,22:00 - Midnight,BIRDWOOD,RD,0,Right on the spot,GEORGES,CRES,GEORGES HALL,7121.0,Yes,No,Roundabout,-33.912929,150.982339,Canterbury-Bankstown,Sydney metro. area,Syd-Newc-Woll Gtr conurbation,Straight,,,,On,Sealed,Dry,Fine,Darkness,Nil,Give way sign,50 km/h,Regional,71,Off rd left => obj,703,Left off cway into object,,Vehicle - Object,4 wheel drive / SUV,,1,0,0,0,0,12,December,Summer,Tuesday,22:00 - Midnight,Evening / night,False,False,False,False
1366875,Non-casualty (towaway),Non-casualty (towaway),2024,2024,December,Sunday,02:00 - 03:59,FIRST,AVE,10,South,CARCOOLA,ST,CANLEY VALE,,Yes,No,T-junction,-33.887575,150.943695,Fairfield,Sydney metro. area,Syd-Newc-Woll Gtr conurbation,Straight,,,,On,Sealed,Dry,Fine,Darkness,Nil,Give way sign,50 km/h,Local,73,Off rd rght => obj,704,Right off cway into obj,,Vehicle - Object,Car (sedan/hatch),,1,0,0,0,0,12,December,Summer,Sunday,02:00 - 03:59,Late night / early morning,False,False,False,False
1366879,Non-casualty (towaway),Non-casualty (towaway),2024,2024,October,Monday,20:00 - 21:59,WESTERN,EXP,0,Right on the spot,COLEMAN,ST,MERRYLANDS,6004.0,No,Not a school zone,Roundabout,-33.819435,150.981665,Cumberland,Sydney metro. area,Syd-Newc-Woll Gtr conurbation,Curved,,,,On,Sealed,Dry,Fine,Darkness,Nil,Give way sign,50 km/h,State,81,Off left/rt bnd=>obj,707,Right turn,Left,Vehicle - Object,4 wheel drive / SUV,,1,0,0,0,0,10,October,Spring,Monday,20:00 - 21:59,Evening / night,False,False,False,False
1366880,Non-casualty (towaway),Non-casualty (towaway),2024,2024,November,Saturday,22:00 - Midnight,CONCORD,RD,0,Right on the spot,WELLBANK,ST,NORTH STRATHFIELD,668.0,No,Not a school zone,X-intersection,-33.858415,151.092258,Canada Bay,Sydney metro. area,Syd-Newc-Woll Gtr conurbation,Straight,,,,On,Sealed,Dry,Fine,Darkness,On,No traffic controls,60 km/h,State,87,Off lft/lft bnd=>obj,706,Left turn,Left,Vehicle - Object,Car (sedan/hatch),,1,0,0,0,0,11,November,Spring,Saturday,22:00 - Midnight,Evening / night,False,False,False,False
1366905,Non-casualty (towaway),Non-casualty (towaway),2024,2024,October,Monday,14:00 - 15:59,WOODVILLE,RD,0,Right on the spot,OXFORD,ST,GUILDFORD,640.0,Yes,No,T-junction,-33.849159,150.997077,Cumberland,Sydney metro. area,Syd-Newc-Woll Gtr conurbation,Straight,,,,Off,Sealed,Dry,Fine,Daylight,On,No traffic controls,70 km/h,State,33,Lane sideswipe,305,Same - Lane side swipe,,Other angle,Unknown motor vehicle,Light truck utility(from 2018),3,0,0,0,0,10,October,Spring,Monday,14:00 - 15:59,Midday / afternoon,False,False,False,False
1367058,Non-casualty (towaway),Non-casualty (towaway),2024,2024,November,Saturday,10:00 - 11:59,GREAT WESTERN,HWY,175,North,OAKEY FOREST,RD,MARRANGAROO,5.0,No,Not a school zone,Divided road,-33.449832,150.116295,Lithgow,Country non-urban,Rest of NSW - Rural,Straight,,,,Nil,Sealed,Dry,Fine,Daylight,Nil,No traffic controls,100 km/h,State,73,Off rd rght => obj,704,Right off cway into obj,,Vehicle - Object,4 wheel drive / SUV,,1,0,0,0,0,11,November,Spring,Saturday,10:00 - 11:59,Midday / afternoon,False,False,False,False
1367059,Non-casualty (towaway),Non-casualty (towaway),2024,2024,November,Sunday,20:00 - 21:59,WEST HIGH,ST,100,West,MURDOCH,ST,COFFS HARBOUR,151.0,No,Not a school zone,2-way undivided,-30.295612,153.109617,Coffs Harbour,Country urban,Rest of NSW - Urban,Straight,,,,On,Sealed,Dry,Fine,Darkness,Nil,No traffic controls,50 km/h,Regional,71,Off rd left => obj,703,Left off cway into object,,Other angle,4 wheel drive / SUV,4 wheel drive / SUV,2,0,0,0,0,11,November,Spring,Sunday,20:00 - 21:59,Evening / night,False,False,False,False
1367072,Non-casualty (towaway),Non-casualty (towaway),2024,2024,November,Saturday,14:00 - 15:59,KIDMAN,WAY,5000,North,MID WESTERN,HWY,GOOLGOWI,80.0,No,Not a school zone,2-way undivided,-33.946633,145.681318,Carrathool,Country non-urban,Rest of NSW - Rural,Straight,Ditch/drain/culvert,,,Nil,Sealed,Dry,Fine,Daylight,Nil,No traffic controls,100 km/h,State,73,Off rd rght => obj,704,Right off cway into obj,,Vehicle - Object,Road train,,1,0,0,0,0,11,November,Spring,Saturday,14:00 - 15:59,Midday / afternoon,False,False,False,False
1367081,Non-casualty (towaway),Non-casualty (towaway),2024,2024,October,Wednesday,14:00 - 15:59,FRAZER,ST,30,West,SYDENHAM,RD,MARRICKVILLE,7072.0,No,Not a school zone,2-way undivided,-33.901282,151.153102,Inner West,Sydney metro. area,Syd-Newc-Woll Gtr conurbation,Curved,,,,Off,Sealed,Dry,Fine,Daylight,Nil,No traffic controls,60 km/h,Regional,35,Lane change left,307,Same - Lane change left,,Other angle,4 wheel drive / SUV,Car (sedan/hatch),2,0,0,0,0,10,October,Spring,Wednesday,14:00 - 15:59,Midday / afternoon,False,False,False,False
1367097,Non-casualty (towaway),Non-casualty (towaway),2024,2024,September,Friday,02:00 - 03:59,ILLILIWA,ST,10,North,REYNOLDS,ST,CREMORNE,,No,Not a school zone,X-intersection,-33.827472,151.225246,North Sydney,Sydney metro. area,Syd-Newc-Woll Gtr conurbation,Curved,,,,On,Sealed,Dry,Fine,Darkness,Nil,Stop sign,50 km/h,Local,87,Off lft/lft bnd=>obj,804,Off left bend into obj,Left,Other angle,Unknown type,Car (sedan/hatch),2,0,0,0,0,9,September,Spring,Friday,02:00 - 03:59,Late night / early morning,False,False,False,False
1367144,Non-casualty (towaway),Non-casualty (towaway),2024,2024,November,Friday,20:00 - 21:59,PRINCES,HWY,10,East,OAK,RD,KIRRAWEE,1.0,No,Not a school zone,X-intersection,-34.032156,151.071643,Sutherland,Sydney metro. area,Syd-Newc-Woll Gtr conurbation,Straight,,,,On,Sealed,Wet,Raining,Darkness,On,No traffic controls,70 km/h,State,30,Rear end,301,Same - Rear end,,Rear end,Car (sedan/hatch),Car (sedan/hatch),3,0,0,0,0,11,November,Spring,Friday,20:00 - 21:59,Evening / night,False,False,False,False
1367171,Non-casualty (towaway),Non-casualty (towaway),2024,2024,May,Saturday,14:00 - 15:59,THE BOULEVARDE,MS,50,East,ACACIA,RD,KIRRAWEE,,No,Not a school zone,2-way undivided,-34.024632,151.068914,Sutherland,Sydney metro. area,Syd-Newc-Woll Gtr conurbation,Straight,,,,Unknown / not stated,Sealed,Wet,Raining,Daylight,Nil,No traffic controls,50 km/h,Local,73,Off rd rght => obj,704,Right off cway into obj,,Other angle,Station wagon,Station wagon,2,0,0,0,0,5,May,Autumn,Saturday,14:00 - 15:59,Midday / afternoon,False,False,False,False
1367183,Non-casualty (towaway),Non-casualty (towaway),2024,2024,October,Sunday,04:00 - 05:59,MILPERRA,RD,0,Right on the spot,MARIGOLD,ST,MILPERRA,167.0,No,Not a school zone,T-junction,-33.931929,150.999403,Canterbury-Bankstown,Sydney metro. area,Syd-Newc-Woll Gtr conurbation,Straight,,,,Unknown / not stated,Sealed,Dry,Fine,Darkness,On,No traffic controls,70 km/h,State,30,Rear end,301,Same - Rear end,,Rear end,Car (sedan/hatch),Car (sedan/hatch),2,0,0,0,0,10,October,Spring,Sunday,04:00 - 05:59,Late night / early morning,False,False,False,False
1367189,Non-casualty (towaway),Non-casualty (towaway),2024,2024,November,Monday,00:01 - 01:59,HOLKER,ST,400,East,SILVERWATER,RD,SILVERWATER,7466.0,No,Not a school zone,Divided road,-33.83125,151.053853,Parramatta,Sydney metro. area,Syd-Newc-Woll Gtr conurbation,Straight,,,,Unknown / not stated,Sealed,Dry,Fine,Darkness,Nil,No traffic controls,60 km/h,Regional,34,Lane change right,306,Same - Lane change right,,Other angle,Car (sedan/hatch),4 wheel drive / SUV,2,0,0,0,0,11,November,Spring,Monday,00:01 - 01:59,Late night / early morning,False,False,False,False
1367198,Non-casualty (towaway),Non-casualty (towaway),2024,2024,December,Friday,08:00 - 09:59,DANIEL,ST,0,Right on the spot,NUMBER 18,HN,CESSNOCK,,No,Not a school zone,2-way undivided,-32.841864,151.343853,Cessnock,Country urban,Rest of NSW - Urban,Straight,,,,Unknown / not stated,Sealed,Dry,Fine,Daylight,Nil,No traffic controls,50 km/h,Local,30,Rear end,301,Same - Rear end,,Rear end,Light truck utility(from 2018),Station wagon,2,0,0,0,0,12,December,Summer,Friday,08:00 - 09:59,AM peak / school commute,True,False,False,False
1367205,Non-casualty (towaway),Non-casualty (towaway),2024,2024,December,Tuesday,12:00 - 13:59,BEN DOOLEY,RD,200,South,KANGAROO VALLEY,RD,BERRY MOUNTAIN,,No,Not a school zone,2-way undivided,-34.76643,150.653567,Shoalhaven,Country non-urban,Rest of NSW - Rural,Curved,Driveway/entrance,,,Unknown / not stated,Sealed,Dry,Fine,Daylight,Nil,No traffic controls,100 km/h,Local,47,Emerging from drive,406,Manov - Emerging from driveway,,Right angle,4 wheel drive / SUV,4 wheel drive / SUV,2,0,0,0,0,12,December,Summer,Tuesday,12:00 - 13:59,Midday / afternoon,False,False,False,False
1367215,Non-casualty (towaway),Non-casualty (towaway),2024,2024,December,Wednesday,18:00 - 19:59,ELIZABETH,ST,0,Right on the spot,THE AVENUE,MS,GRANVILLE,,No,Not a school zone,Roundabout,-33.837645,151.006086,Cumberland,Sydney metro. area,Syd-Newc-Woll Gtr conurbation,Straight,,,,Unknown / not stated,Sealed,Dry,Fine,Dusk,Nil,Give way sign,50 km/h,Local,10,Cross traffic,101,Adj - Cross traffic,,Right angle,Motorcycle,Light truck utility(from 2018),2,0,0,0,0,12,December,Summer,Wednesday,18:00 - 19:59,PM peak / evening commute,True,False,False,False
1367236,Non-casualty (towaway),Non-casualty (towaway),2024,2024,November,Sunday,10:00 - 11:59,CHURCH,ST,20,North,SHORT,ST,MUDGEE,208.0,No,Not a school zone,2-way undivided,-32.589578,149.588861,Mid-Western Regional,Country urban,Rest of NSW - Urban,Straight,,,,Unknown / not stated,Sealed,Dry,Fine,Daylight,Nil,No traffic controls,50 km/h,Regional,42,Leaving parking,401,Manov - Leaving parking,,Other angle,Light truck utility(from 2018),Car (sedan/hatch),2,0,0,0,0,11,November,Spring,Sunday,10:00 - 11:59,Midday / afternoon,False,False,False,False
1367246,Non-casualty (towaway),Non-casualty (towaway),2024,2024,November,Saturday,16:00 - 17:59,EASTBOURNE,RD,0,Right on the spot,NUMBER 37,HN,HOMEBUSH WEST,,No,Not a school zone,2-way undivided,-33.867474,151.065453,Strathfield,Sydney metro. area,Syd-Newc-Woll Gtr conurbation,Straight,Driveway/entrance,,,Unknown / not stated,Sealed,Dry,Fine,Daylight,Nil,No traffic controls,50 km/h,Local,47,Emerging from drive,406,Manov - Emerging from driveway,,Right angle,Car (sedan/hatch),Car (sedan/hatch),2,0,0,0,0,11,November,Spring,Saturday,16:00 - 17:59,PM peak / evening commute,True,False,False,False
1367249,Non-casualty (towaway),Non-casualty (towaway),2024,2024,November,Wednesday,20:00 - 21:59,BORONIA,RD,0,Right on the spot,WATERLOO,RD,GREENACRE,636.0,No,Not a school zone,X-intersection,-33.906706,151.057285,Canterbury-Bankstown,Sydney metro. area,Syd-Newc-Woll Gtr conurbation,Straight,,,,Unknown / not stated,Sealed,Dry,Fine,Darkness,On,No traffic controls,60 km/h,State,10,Cross traffic,101,Adj - Cross traffic,,Right angle,Car (sedan/hatch),4 wheel drive / SUV,2,0,0,0,0,11,November,Spring,Wednesday,20:00 - 21:59,Evening / night,False,False,False,False
1367263,Non-casualty (towaway),Non-casualty (towaway),2024,2024,December,Friday,16:00 - 17:59,HUME,HWY,950,North,JERRAWA,RD,LADE VALE,2.0,No,Not a school zone,Divided road,-34.815974,149.108338,Upper Lachlan,Country non-urban,Rest of NSW - Rural,Curved,Embankment/cutting,,,Unknown / not stated,Sealed,Dry,Fine,Daylight,Nil,No traffic controls,110 km/h,State,87,Off lft/lft bnd=>obj,804,Off left bend into obj,Left,Vehicle - Object,Car (sedan/hatch),,1,0,0,0,0,12,December,Summer,Friday,16:00 - 17:59,PM peak / evening commute,True,False,False,False
1367264,Non-casualty (towaway),Non-casualty (towaway),2024,2024,November,Thursday,00:01 - 01:59,HOMEBUSH BAY,DR,50,South,SETTLERS,BVD,LIBERTY GROVE,200.0,No,Not a school zone,Divided road,-33.842058,151.082995,Canada Bay,Sydney metro. area,Syd-Newc-Woll Gtr conurbation,Straight,,,,Unknown / not stated,Sealed,Dry,Fine,Darkness,Nil,No traffic controls,80 km/h,State,30,Rear end,301,Same - Rear end,,Rear end,Car (sedan/hatch),Car (sedan/hatch),2,0,0,0,0,11,November,Spring,Thursday,00:01 - 01:59,Late night / early morning,False,False,False,False
1367265,Non-casualty (towaway),Non-casualty (towaway),2024,2024,December,Thursday,12:00 - 13:59,QUEEN,ST,0,Right on the spot,BEACONSFIELD,ST,REVESBY,7120.0,No,Not a school zone,X-intersection,-33.944005,151.010072,Canterbury-Bankstown,Sydney metro. area,Syd-Newc-Woll Gtr conurbation,Straight,,,,Unknown / not stated,Sealed,Dry,Fine,Daylight,On,No traffic controls,60 km/h,Regional,19,Other adjacent,100,Adj - other,,Right angle,Light truck utility(from 2018),Car (sedan/hatch),2,0,0,0,0,12,December,Summer,Thursday,12:00 - 13:59,Midday / afternoon,False,False,False,False
1367276,Non-casualty (towaway),Non-casualty (towaway),2024,2024,October,Sunday,00:01 - 01:59,CARRINGTON,RD,0,Right on the spot,RENWICK,ST,MARRICKVILLE,,No,Not a school zone,X-intersection,-33.919809,151.155221,Inner West,Sydney metro. area,Syd-Newc-Woll Gtr conurbation,Straight,,,,On,Sealed,Dry,Fine,Darkness,Nil,Stop sign,50 km/h,Local,30,Rear end,301,Same - Rear end,,Rear end,Car (sedan/hatch),4 wheel drive / SUV,3,0,0,0,0,10,October,Spring,Sunday,00:01 - 01:59,Late night / early morning,False,False,False,False
1367278,Non-casualty (towaway),Non-casualty (towaway),2024,2024,October,Sunday,16:00 - 17:59,BAYVIEW,AVE,125,West,RICHARDSONS,CRES,EARLWOOD,2099.0,No,Not a school zone,2-way undivided,-33.924326,151.154262,Canterbury-Bankstown,Sydney metro. area,Syd-Newc-Woll Gtr conurbation,Straight,,,,Unknown / not stated,Sealed,Dry,Fine,Daylight,Nil,Ped crossing,50 km/h,Regional,30,Rear end,301,Same - Rear end,,Rear end,Car (sedan/hatch),4 wheel drive / SUV,2,0,0,0,0,10,October,Spring,Sunday,16:00 - 17:59,PM peak / evening commute,True,False,False,False
1367284,Non-casualty (towaway),Non-casualty (towaway),2024,2024,October,Thursday,08:00 - 09:59,M8 TUNNEL,MS,0,Right on the spot,TUNNEL,ENT,ST PETERS,6008.0,No,Not a school zone,Dual freeway,-33.915734,151.176027,Inner West,Sydney metro. area,Syd-Newc-Woll Gtr conurbation,Curved,Underpass/tunnel,,,Unknown / not stated,Sealed,Dry,Fine,Daylight,Nil,No traffic controls,80 km/h,State,30,Rear end,301,Same - Rear end,,Rear end,Car (sedan/hatch),Car (sedan/hatch),3,0,0,0,0,10,October,Spring,Thursday,08:00 - 09:59,AM peak / school commute,True,False,False,False
1367296,Non-casualty (towaway),Non-casualty (towaway),2024,2024,November,Thursday,08:00 - 09:59,JUNO,PDE,0,Right on the spot,NUMBER 85,HN,GREENACRE,636.0,No,Not a school zone,2-way undivided,-33.908458,151.068303,Strathfield,Sydney metro. area,Syd-Newc-Woll Gtr conurbation,Straight,,,,Unknown / not stated,Sealed,Dry,Fine,Daylight,Nil,No traffic controls,60 km/h,State,30,Rear end,301,Same - Rear end,,Rear end,Car (sedan/hatch),Light truck utility(from 2018),3,0,0,0,0,11,November,Spring,Thursday,08:00 - 09:59,AM peak / school commute,True,False,False,False
1367320,Non-casualty (towaway),Non-casualty (towaway),2024,2024,November,Friday,06:00 - 07:59,HUME,HWY,50,North,FALLON STREET,OP,NORTH ALBURY,2.0,No,Not a school zone,Divided road,-36.064004,146.942073,Albury,Country non-urban,Rest of NSW - Rural,Straight,,,,Unknown / not stated,Sealed,Dry,Fine,Dawn,Nil,No traffic controls,110 km/h,State,30,Rear end,301,Same - Rear end,,Rear end,Car (sedan/hatch),4 wheel drive / SUV,2,0,0,0,0,11,November,Spring,Friday,06:00 - 07:59,AM peak / school commute,True,False,False,False
1367329,Non-casualty (towaway),Non-casualty (towaway),2024,2024,November,Thursday,14:00 - 15:59,ORAN PARK,DR,0,Right on the spot,PETER BROCK,DR,ORAN PARK,,No,Not a school zone,X-intersection,-34.001236,150.739608,Camden,Sydney metro. area,Syd-Newc-Woll Gtr conurbation,Straight,,,,Unknown / not stated,Sealed,Wet,Fog or mist,Daylight,On,No traffic controls,60 km/h,Local,32,Right rear,303,Same - Rear right,,Rear end,4 wheel drive / SUV,Car (sedan/hatch),2,0,0,0,0,11,November,Spring,Thursday,14:00 - 15:59,Midday / afternoon,False,False,False,False
1367335,Non-casualty (towaway),Non-casualty (towaway),2024,2024,October,Tuesday,06:00 - 07:59,YASS VALLEY,WAY,0,Right on the spot,HUME,BDGE,YASS,7610.0,No,Not a school zone,2-way undivided,-34.838444,148.908185,Yass Valley,Country urban,Rest of NSW - Urban,Straight,Other bridge,,,Unknown / not stated,Sealed,Dry,Fine,Daylight,Nil,No traffic controls,50 km/h,Regional,71,Off rd left => obj,703,Left off cway into object,,Vehicle - Object,4 wheel drive / SUV,,1,0,0,0,0,10,October,Spring,Tuesday,06:00 - 07:59,AM peak / school commute,True,False,False,False
1367341,Non-casualty (towaway),Non-casualty (towaway),2024,2024,December,Wednesday,16:00 - 17:59,PACIFIC,HWY,50,South,FOX VALLEY,RD,WARRAWEE,10.0,Yes,No,Divided road,-33.728143,151.120503,Ku-ring-gai,Sydney metro. area,Syd-Newc-Woll Gtr conurbation,Straight,,,,Unknown / not stated,Sealed,Dry,Fine,Dusk,Nil,No traffic controls,60 km/h,State,30,Rear end,301,Same - Rear end,,Rear end,Car (sedan/hatch),Light truck,3,0,0,0,0,12,December,Summer,Wednesday,16:00 - 17:59,PM peak / evening commute,True,False,False,False
1367344,Non-casualty (towaway),Non-casualty (towaway),2024,2024,December,Wednesday,18:00 - 19:59,HUME,HWY,5000,North,HANGING ROCK,RD,SUTTON FOREST,2.0,No,Not a school zone,Divided road,-34.591575,150.245725,Wingecarribee,Country non-urban,Rest of NSW - Rural,Straight,,,,Unknown / not stated,Sealed,Dry,Fine,Dusk,Nil,No traffic controls,110 km/h,State,71,Off rd left => obj,703,Left off cway into object,,Vehicle - Object,Large rigid,,1,0,0,0,0,12,December,Summer,Wednesday,18:00 - 19:59,PM peak / evening commute,True,False,False,False
1367349,Non-casualty (towaway),Non-casualty (towaway),2024,2024,December,Monday,10:00 - 11:59,NEWELL,HWY,27000,North,COONABARABRAN,TN,DANDRY,17.0,No,Not a school zone,2-way undivided,-31.046926,149.397368,Warrumbungle,Country non-urban,Rest of NSW - Rural,Curved,Steep grade,,,Unknown / not stated,Sealed,Dry,Fine,Daylight,Nil,No traffic controls,110 km/h,State,87,Off lft/lft bnd=>obj,804,Off left bend into obj,Left,Vehicle - Object,Semi-trailer,,1,0,0,0,0,12,December,Summer,Monday,10:00 - 11:59,Midday / afternoon,False,False,False,False
1367356,Non-casualty (towaway),Non-casualty (towaway),2024,2024,December,Monday,18:00 - 19:59,PACIFIC,HWY,0,Right on the spot,PEMELL,ST,WYOMING,10.0,No,Not a school zone,Roundabout,-33.408961,151.350388,Central Coast,Country urban,Syd-Newc-Woll Gtr conurbation,Curved,,,,Unknown / not stated,Sealed,Dry,Fine,Dusk,Nil,Give way sign,60 km/h,State,10,Cross traffic,101,Adj - Cross traffic,,Right angle,4 wheel drive / SUV,4 wheel drive / SUV,2,0,0,0,0,12,December,Summer,Monday,18:00 - 19:59,PM peak / evening commute,True,False,False,False
1367360,Non-casualty (towaway),Non-casualty (towaway),2024,2024,December,Monday,08:00 - 09:59,ROCKY POINT,RD,0,Right on the spot,RUSSELL,AVE,SANS SOUCI,199.0,No,Not a school zone,T-junction,-33.992691,151.131727,Georges River,Sydney metro. area,Syd-Newc-Woll Gtr conurbation,Straight,,,,Unknown / not stated,Sealed,Dry,Fine,Daylight,Unknown / not stated,No traffic controls,70 km/h,State,43,Entering parking,402,Manov - Entering parking veh,,Other angle,Car (sedan/hatch),Car (sedan/hatch),2,0,0,0,0,12,December,Summer,Monday,08:00 - 09:59,AM peak / school commute,True,False,False,False