crash_id,degree_of_crash,degree_of_crash_-_detailed,reporting_year,year_of_crash,month_of_crash,day_of_week_of_crash,two-hour_intervals,street_of_crash,street_type,distance,direction,identifying_feature,identifying_feature_type,town,route_no.,school_zone_location,school_zone_active,type_of_location,latitude,longitude,lga,urbanisation,conurbation_1,alignment,primary_permanent_feature,primary_temporary_feature,primary_hazardous_feature,street_lighting,road_surface,surface_condition,weather,natural_lighting,signals_operation,other_traffic_control,speed_limit,road_classification_(admin),rum_-_code,rum_-_description,dca_-_code,dca_-_description,dca_supplement,first_impact_type,key_tu_type,other_tu_type,no._of_traffic_units_involved,no._killed,no._seriously_injured,no._moderately_injured,no._minor-other_injured,month_num,month_label,season,day_label,time_label,time_band,is_peak_commute,is_fatal,is_injury,is_casualty
1367361,Non-casualty (towaway),Non-casualty (towaway),2024,2024,November,Friday,18:00 - 19:59,BENOLONG,RD,0,Right on the spot,OBLEY,RD,DUBBO,,No,Not a school zone,T-junction,-32.342875,148.600164,Dubbo Regional,Country non-urban,Rest of NSW - Rural,Curved,,,,Unknown / not stated,Sealed,Dry,Fine,Dusk,Nil,No traffic controls,100 km/h,Local,67,Struck animal,609,On path - Hit animal,,Vehicle - Animal,4 wheel drive / SUV,,1,0,0,0,0,11,November,Spring,Friday,18:00 - 19:59,PM peak / evening commute,True,False,False,False
1367376,Non-casualty (towaway),Non-casualty (towaway),2024,2024,December,Monday,12:00 - 13:59,SUNNYHOLT,RD,0,Right on the spot,JAMES COOK,DR,KINGS PARK,642.0,No,Not a school zone,T-junction,-33.741347,150.917393,Blacktown,Sydney metro. area,Syd-Newc-Woll Gtr conurbation,Straight,,,,Unknown / not stated,Sealed,Dry,Fine,Daylight,On,No traffic controls,70 km/h,State,11,Right far,102,Adj - Right-thru from left,,Right angle,4 wheel drive / SUV,Large rigid,2,0,0,0,0,12,December,Summer,Monday,12:00 - 13:59,Midday / afternoon,False,False,False,False
1367386,Non-casualty (towaway),Non-casualty (towaway),2024,2024,October,Sunday,00:01 - 01:59,BARRENJOEY,RD,40,South,BASSETT,ST,MONA VALE,164.0,No,Not a school zone,Divided road,-33.674093,151.310655,Northern Beaches,Sydney metro. area,Syd-Newc-Woll Gtr conurbation,Straight,Foot/cycle path/nature strip,,,Unknown / not stated,Sealed,Dry,Fine,Darkness,Nil,No traffic controls,60 km/h,State,71,Off rd left => obj,703,Left off cway into object,,Vehicle - Object,Car (sedan/hatch),,1,0,0,0,0,10,October,Spring,Sunday,00:01 - 01:59,Late night / early morning,False,False,False,False
1367389,Non-casualty (towaway),Non-casualty (towaway),2024,2024,November,Wednesday,12:00 - 13:59,DOG TRAP,RD,500,South,LONG RAIL GULLY,RD,MURRUMBATEMAN,,No,Not a school zone,2-way undivided,-34.943158,148.96563,Yass Valley,Country urban,Rest of NSW - Urban,Straight,,,,Unknown / not stated,Sealed,Dry,Fine,Daylight,Nil,No traffic controls,80 km/h,Local,71,Off rd left => obj,703,Left off cway into object,,Vehicle - Object,Car (sedan/hatch),,1,0,0,0,0,11,November,Spring,Wednesday,12:00 - 13:59,Midday / afternoon,False,False,False,False
1367407,Non-casualty (towaway),Non-casualty (towaway),2024,2024,December,Wednesday,10:00 - 11:59,MOORE,ST,0,Right on the spot,WENTWORTH,ST,OAK FLATS,,Yes,No,Roundabout,-34.56219,150.816177,Shellharbour,Wollongong met. area,Syd-Newc-Woll Gtr conurbation,Straight,,,,Unknown / not stated,Sealed,Dry,Fine,Daylight,Nil,Give way sign,50 km/h,Local,81,Off left/rt bnd=>obj,707,Right turn,Left,Vehicle - Object,Car (sedan/hatch),,1,0,0,0,0,12,December,Summer,Wednesday,10:00 - 11:59,Midday / afternoon,False,False,False,False
1367425,Non-casualty (towaway),Non-casualty (towaway),2024,2024,November,Friday,14:00 - 15:59,PARK,RD,0,Right on the spot,TOWER,ST,PANANIA,7127.0,Yes,No,Roundabout,-33.955603,150.993916,Canterbury-Bankstown,Sydney metro. area,Syd-Newc-Woll Gtr conurbation,Curved,,,,Unknown / not stated,Sealed,Wet,Raining,Daylight,Nil,Give way sign,60 km/h,Regional,21,Right through,202,Opp - Right-thru,,Other angle,4 wheel drive / SUV,4 wheel drive / SUV,2,0,0,0,0,11,November,Spring,Friday,14:00 - 15:59,Midday / afternoon,False,False,False,False
1367430,Non-casualty (towaway),Non-casualty (towaway),2024,2024,December,Monday,00:01 - 01:59,WATERLOO,RD,0,Right on the spot,RAWSON,RD,GREENACRE,7118.0,No,Not a school zone,X-intersection,-33.902835,151.057923,Canterbury-Bankstown,Sydney metro. area,Syd-Newc-Woll Gtr conurbation,Straight,,,,Unknown / not stated,Sealed,Dry,Fine,Darkness,On,No traffic controls,60 km/h,Regional,21,Right through,202,Opp - Right-thru,,Other angle,4 wheel drive / SUV,Car (sedan/hatch),2,0,0,0,0,12,December,Summer,Monday,00:01 - 01:59,Late night / early morning,False,False,False,False
1367439,Non-casualty (towaway),Non-casualty (towaway),2024,2024,December,Sunday,20:00 - 21:59,SPRINGHILL,RD,800,South,MASTERS,RD,SPRING HILL,581.0,No,Not a school zone,Divided road,-34.453091,150.873956,Wollongong,Wollongong met. area,Syd-Newc-Woll Gtr conurbation,Straight,,,,Unknown / not stated,Sealed,Dry,Fine,Darkness,Nil,No traffic controls,80 km/h,State,34,Lane change right,306,Same - Lane change right,,Other angle,Car (sedan/hatch),4 wheel drive / SUV,3,0,0,0,0,12,December,Summer,Sunday,20:00 - 21:59,Evening / night,False,False,False,False
1367449,Non-casualty (towaway),Non-casualty (towaway),2024,2024,December,Friday,18:00 - 19:59,HUME,HWY,1000,South,BOWNA,RD,TABLE TOP,2.0,No,Not a school zone,Divided road,-35.925747,147.066947,Greater Hume,Country non-urban,Rest of NSW - Rural,Straight,Embankment/cutting,,,Unknown / not stated,Sealed,Dry,Fine,Dusk,Nil,No traffic controls,110 km/h,State,71,Off rd left => obj,703,Left off cway into object,,Vehicle - Object,4 wheel drive / SUV,,1,0,0,0,0,12,December,Summer,Friday,18:00 - 19:59,PM peak / evening commute,True,False,False,False
1367453,Non-casualty (towaway),Non-casualty (towaway),2024,2024,December,Monday,20:00 - 21:59,BARTON,HWY,300,South,CASUARINA,LANE,JEIR,15.0,No,Not a school zone,2-way undivided,-35.047657,149.02323,Yass Valley,Country non-urban,Rest of NSW - Rural,Curved,,,,Unknown / not stated,Sealed,Dry,Fine,Darkness,Nil,No traffic controls,100 km/h,State,67,Struck animal,609,On path - Hit animal,,Vehicle - Animal,Station wagon,,1,0,0,0,0,12,December,Summer,Monday,20:00 - 21:59,Evening / night,False,False,False,False
1367454,Non-casualty (towaway),Non-casualty (towaway),2024,2024,November,Thursday,22:00 - Midnight,LANE COVE,RD,0,Right on the spot,QUARRY,RD,RYDE,162.0,No,Not a school zone,X-intersection,-33.803923,151.113423,Ryde,Sydney metro. area,Syd-Newc-Woll Gtr conurbation,Curved,,,,Unknown / not stated,Sealed,Dry,Fine,Darkness,On,No traffic controls,70 km/h,State,11,Right far,102,Adj - Right-thru from left,,Right angle,Light truck utility(from 2018),4 wheel drive / SUV,2,0,0,0,0,11,November,Spring,Thursday,22:00 - Midnight,Evening / night,False,False,False,False
1367456,Non-casualty (towaway),Non-casualty (towaway),2024,2024,November,Tuesday,08:00 - 09:59,CORRIMAL,ST,0,Right on the spot,MARKET,ST,WOLLONGONG,581.0,No,Not a school zone,X-intersection,-34.424351,150.900116,Wollongong,Wollongong met. area,Syd-Newc-Woll Gtr conurbation,Straight,,,,Off,Sealed,Dry,Fine,Daylight,On,No traffic controls,60 km/h,State,32,Right rear,303,Same - Rear right,,Rear end,Car (sedan/hatch),Light truck utility(from 2018),2,0,0,0,0,11,November,Spring,Tuesday,08:00 - 09:59,AM peak / school commute,True,False,False,False
1367473,Non-casualty (towaway),Non-casualty (towaway),2024,2024,December,Saturday,12:00 - 13:59,RIVERINA,HWY,0,Right on the spot,ELECTRA,ST,EAST ALBURY,20.0,No,Not a school zone,X-intersection,-36.076006,146.932818,Albury,Country urban,Rest of NSW - Urban,Straight,,,,Unknown / not stated,Sealed,Dry,Fine,Daylight,Nil,Give way sign,60 km/h,State,10,Cross traffic,101,Adj - Cross traffic,,Right angle,4 wheel drive / SUV,Light truck utility(from 2018),2,0,0,0,0,12,December,Summer,Saturday,12:00 - 13:59,Midday / afternoon,False,False,False,False
1367474,Non-casualty (towaway),Non-casualty (towaway),2024,2024,November,Sunday,00:01 - 01:59,OLD MAITLAND,RD,200,North,IRONBARK,LANE,LOVEDALE,,No,Not a school zone,2-way undivided,-32.810134,151.395134,Cessnock,Country urban,Rest of NSW - Urban,Straight,,,,Unknown / not stated,Sealed,Dry,Fine,Darkness,Nil,No traffic controls,80 km/h,Local,70,Off road to left,701,Off carriageway to left,,Rollover,Car (sedan/hatch),,1,0,0,0,0,11,November,Spring,Sunday,00:01 - 01:59,Late night / early morning,False,False,False,False
1367490,Non-casualty (towaway),Non-casualty (towaway),2024,2024,December,Sunday,00:01 - 01:59,WENTWORTH,AVE,0,Right on the spot,MCBURNEY,AVE,MASCOT,344.0,No,Not a school zone,T-junction,-33.934164,151.1972,Bayside,Sydney metro. area,Syd-Newc-Woll Gtr conurbation,Straight,,,,Unknown / not stated,Sealed,Dry,Fine,Darkness,Nil,Stop sign,60 km/h,State,13,Right near,104,Adj - Right-thru from right,,Right angle,Car (sedan/hatch),Car (sedan/hatch),2,0,0,0,0,12,December,Summer,Sunday,00:01 - 01:59,Late night / early morning,False,False,False,False
1367491,Non-casualty (towaway),Non-casualty (towaway),2024,2024,December,Friday,16:00 - 17:59,PRINCES,HWY,0,Right on the spot,CANAL,RD,ST PETERS,1.0,No,Not a school zone,X-intersection,-33.915768,151.174232,Inner West,Sydney metro. area,Syd-Newc-Woll Gtr conurbation,Straight,,,,Unknown / not stated,Sealed,Wet,Raining,Dusk,On,No traffic controls,60 km/h,State,16,Left near,107,Adj - Left-thru from right,,Right angle,Car (sedan/hatch),Car (sedan/hatch),2,0,0,0,0,12,December,Summer,Friday,16:00 - 17:59,PM peak / evening commute,True,False,False,False
1367492,Non-casualty (towaway),Non-casualty (towaway),2024,2024,December,Wednesday,16:00 - 17:59,JEWRY,ST,0,Right on the spot,NUMBER 12,HN,NORTH TAMWORTH,,No,Not a school zone,2-way undivided,-31.079545,150.921298,Tamworth Regional,Country urban,Rest of NSW - Urban,Straight,Driveway/entrance,,,Unknown / not stated,Sealed,Dry,Fine,Daylight,Nil,No traffic controls,50 km/h,Local,21,Right through,202,Opp - Right-thru,,Other angle,4 wheel drive / SUV,4 wheel drive / SUV,2,0,0,0,0,12,December,Summer,Wednesday,16:00 - 17:59,PM peak / evening commute,True,False,False,False
1367499,Non-casualty (towaway),Non-casualty (towaway),2024,2024,December,Tuesday,20:00 - 21:59,NEWCASTLE,EXP,1000,North,MANDALONG ROAD,OP,MORISSET,6003.0,No,Not a school zone,Dual freeway,-33.110064,151.461725,Lake Macquarie,Newcastle met. area,Syd-Newc-Woll Gtr conurbation,Straight,,,,Unknown / not stated,Sealed,Dry,Fine,Darkness,Nil,No traffic controls,110 km/h,State,30,Rear end,301,Same - Rear end,,Rear end,Light truck utility(from 2018),Car (sedan/hatch),2,0,0,0,0,12,December,Summer,Tuesday,20:00 - 21:59,Evening / night,False,False,False,False
1367503,Non-casualty (towaway),Non-casualty (towaway),2024,2024,December,Thursday,06:00 - 07:59,NEWMAN,ST,0,Right on the spot,NUMBER 35,HN,NEWTOWN,,No,Not a school zone,1-way street,-33.898847,151.180199,Sydney,Sydney metro. area,Syd-Newc-Woll Gtr conurbation,Straight,,,,Unknown / not stated,Sealed,Wet,Fine,Dawn,Nil,No traffic controls,40 km/h,Local,71,Off rd left => obj,703,Left off cway into object,,Other angle,Large rigid,Light truck utility(from 2018),2,0,0,0,0,12,December,Summer,Thursday,06:00 - 07:59,AM peak / school commute,True,False,False,False
1367512,Non-casualty (towaway),Non-casualty (towaway),2024,2024,October,Sunday,08:00 - 09:59,MYOLA,RD,0,Right on the spot,NUMBER 16,HN,NEWPORT,,No,Not a school zone,2-way undivided,-33.656505,151.32198,Northern Beaches,Sydney metro. area,Syd-Newc-Woll Gtr conurbation,Straight,,,,Unknown / not stated,Sealed,Dry,Fine,Daylight,Nil,No traffic controls,50 km/h,Local,93,Pkd veh runaway=>obj,906,Parked vehicle ran away,,Vehicle - Object,4 wheel drive / SUV,,1,0,0,0,0,10,October,Spring,Sunday,08:00 - 09:59,AM peak / school commute,True,False,False,False
1367514,Non-casualty (towaway),Non-casualty (towaway),2024,2024,November,Tuesday,06:00 - 07:59,TRUNGLEY HALL,RD,150,North,DAIRY,ST,TEMORA,,No,Not a school zone,2-way undivided,-34.427844,147.531497,Temora,Country urban,Rest of NSW - Urban,Curved,,,,Unknown / not stated,Sealed,Dry,Fine,Dawn,Nil,No traffic controls,70 km/h,Local,88,Out of cont on bend,805,Out of control on bend,,Rollover,Large rigid,,1,0,0,0,0,11,November,Spring,Tuesday,06:00 - 07:59,AM peak / school commute,True,False,False,False
1367519,Non-casualty (towaway),Non-casualty (towaway),2024,2024,November,Wednesday,12:00 - 13:59,PACIFIC,HWY,50,South,WOOLGOOLGA CREEK ROAD,OP,WOOLGOOLGA,10.0,No,Not a school zone,Divided road,-30.116028,153.174567,Coffs Harbour,Country non-urban,Rest of NSW - Rural,Straight,,,,Unknown / not stated,Sealed,Wet,Overcast,Daylight,Nil,No traffic controls,110 km/h,State,71,Off rd left => obj,703,Left off cway into object,,Vehicle - Object,Light truck utility(from 2018),,1,0,0,0,0,11,November,Spring,Wednesday,12:00 - 13:59,Midday / afternoon,False,False,False,False
1367528,Non-casualty (towaway),Non-casualty (towaway),2024,2024,November,Friday,16:00 - 17:59,OLD WINDSOR,RD,0,Right on the spot,BALMORAL,RD,BELLA VISTA,635.0,No,Not a school zone,T-junction,-33.725286,150.940078,The Hills,Sydney metro. area,Syd-Newc-Woll Gtr conurbation,Straight,,,,Unknown / not stated,Sealed,Dry,Fine,Daylight,On,No traffic controls,80 km/h,State,30,Rear end,301,Same - Rear end,,Rear end,Car (sedan/hatch),4 wheel drive / SUV,3,0,0,0,0,11,November,Spring,Friday,16:00 - 17:59,PM peak / evening commute,True,False,False,False
1367535,Non-casualty (towaway),Non-casualty (towaway),2024,2024,December,Tuesday,10:00 - 11:59,NELSON BAY,RD,0,Right on the spot,FULLERTON,ST,STOCKTON,108.0,No,Not a school zone,Roundabout,-32.881624,151.794252,Newcastle,Newcastle met. area,Syd-Newc-Woll Gtr conurbation,Curved,,,,Unknown / not stated,Sealed,Dry,Fine,Daylight,Nil,Give way sign,70 km/h,State,21,Right through,202,Opp - Right-thru,,Other angle,Car (sedan/hatch),4 wheel drive / SUV,3,0,0,0,0,12,December,Summer,Tuesday,10:00 - 11:59,Midday / afternoon,False,False,False,False
1367538,Non-casualty (towaway),Non-casualty (towaway),2024,2024,October,Friday,18:00 - 19:59,MCKELL,AVE,1800,West,SIR BERTRAM STEVENS,DR,ROYAL NATIONAL PARK,393.0,No,Not a school zone,2-way undivided,-34.15067,151.014215,Sutherland,Sydney metro. area,Syd-Newc-Woll Gtr conurbation,Curved,Steep grade,,,Unknown / not stated,Sealed,Wet,Overcast,Darkness,Nil,No traffic controls,60 km/h,State,83,Off rt/rt bnd=>obj,803,Off right bend into obj,Right,Vehicle - Object,Car (sedan/hatch),,1,0,0,0,0,10,October,Spring,Friday,18:00 - 19:59,PM peak / evening commute,True,False,False,False
1367545,Non-casualty (towaway),Non-casualty (towaway),2024,2024,December,Saturday,14:00 - 15:59,BIMBADEEN,AVE,0,Right on the spot,NUMBER 10,HN,BANORA POINT,,No,Not a school zone,2-way undivided,-28.22432,153.55158,Tweed,Country urban,Rest of NSW - Urban,Straight,,,,Unknown / not stated,Sealed,Wet,Raining,Daylight,Nil,No traffic controls,50 km/h,Local,73,Off rd rght => obj,704,Right off cway into obj,,Other angle,Light truck,Light truck utility(from 2018),3,0,0,0,0,12,December,Summer,Saturday,14:00 - 15:59,Midday / afternoon,False,False,False,False
1367548,Non-casualty (towaway),Non-casualty (towaway),2024,2024,November,Wednesday,12:00 - 13:59,MOUNT,ST,0,Right on the spot,NUMBER 5,HN,YASS,,No,Not a school zone,2-way undivided,-34.831308,148.909054,Yass Valley,Country urban,Rest of NSW - Urban,Straight,Driveway/entrance,,,Unknown / not stated,Sealed,Dry,Fine,Daylight,Nil,No traffic controls,50 km/h,Local,93,Pkd veh runaway=>obj,906,Parked vehicle ran away,,Vehicle - Object,Car (sedan/hatch),,1,0,0,0,0,11,November,Spring,Wednesday,12:00 - 13:59,Midday / afternoon,False,False,False,False
1367552,Non-casualty (towaway),Non-casualty (towaway),2024,2024,November,Tuesday,16:00 - 17:59,BRYANT,ST,100,East,FAIRFORD,RD,PADSTOW,,No,Not a school zone,2-way undivided,-33.941516,151.036516,Canterbury-Bankstown,Sydney metro. area,Syd-Newc-Woll Gtr conurbation,Straight,,,,Unknown / not stated,Sealed,Dry,Fine,Daylight,Nil,No traffic controls,50 km/h,Local,30,Rear end,301,Same - Rear end,,Rear end,Car (sedan/hatch),Car (sedan/hatch),2,0,0,0,0,11,November,Spring,Tuesday,16:00 - 17:59,PM peak / evening commute,True,False,False,False
1367554,Non-casualty (towaway),Non-casualty (towaway),2024,2024,November,Friday,16:00 - 17:59,WESTERN,EXP,250,East,PROSPECT HIGHWAY,OP,PROSPECT,6004.0,No,Not a school zone,Dual freeway,-33.805907,150.918647,Blacktown,Sydney metro. area,Syd-Newc-Woll Gtr conurbation,Straight,,,,Unknown / not stated,Sealed,Dry,Overcast,Daylight,Nil,No traffic controls,100 km/h,State,35,Lane change left,307,Same - Lane change left,,Other angle,4 wheel drive / SUV,4 wheel drive / SUV,2,0,0,0,0,11,November,Spring,Friday,16:00 - 17:59,PM peak / evening commute,True,False,False,False
1367563,Non-casualty (towaway),Non-casualty (towaway),2024,2024,November,Monday,22:00 - Midnight,PACIFIC,HWY,100,North,SOLITARY ISLANDS HIGHWAY,TO,MOONEE BEACH,10.0,No,Not a school zone,Divided road,-30.205986,153.148159,Coffs Harbour,Country urban,Rest of NSW - Urban,Straight,,,,Unknown / not stated,Sealed,Dry,Fine,Darkness,Nil,No traffic controls,60 km/h,State,71,Off rd left => obj,703,Left off cway into object,,Vehicle - Object,4 wheel drive / SUV,,1,0,0,0,0,11,November,Spring,Monday,22:00 - Midnight,Evening / night,False,False,False,False
1367566,Non-casualty (towaway),Non-casualty (towaway),2024,2024,December,Monday,16:00 - 17:59,BARTON,HWY,0,Right on the spot,MCINTOSH,CCT,MURRUMBATEMAN,15.0,No,Not a school zone,T-junction,-34.994695,149.023729,Yass Valley,Country non-urban,Rest of NSW - Rural,Straight,,,,Unknown / not stated,Sealed,Dry,Fine,Daylight,Nil,Give way sign,100 km/h,State,67,Struck animal,609,On path - Hit animal,,Vehicle - Animal,Car (sedan/hatch),,1,0,0,0,0,12,December,Summer,Monday,16:00 - 17:59,PM peak / evening commute,True,False,False,False
1367568,Non-casualty (towaway),Non-casualty (towaway),2024,2024,December,Sunday,14:00 - 15:59,PITT,ST,0,Right on the spot,WALPOLE,ST,HOLROYD,2098.0,No,Not a school zone,T-junction,-33.830226,150.993227,Cumberland,Sydney metro. area,Syd-Newc-Woll Gtr conurbation,Straight,,,,Unknown / not stated,Sealed,Dry,Fine,Daylight,Nil,No traffic controls,60 km/h,Regional,35,Lane change left,307,Same - Lane change left,,Other angle,Car (sedan/hatch),Light truck,2,0,0,0,0,12,December,Summer,Sunday,14:00 - 15:59,Midday / afternoon,False,False,False,False
1367588,Non-casualty (towaway),Non-casualty (towaway),2024,2024,November,Saturday,16:00 - 17:59,SILVERWATER,RD,150,North,CLYDE,ST,SYDNEY OLYMPIC PARK,190.0,No,Not a school zone,Divided road,-33.825508,151.051173,Parramatta,Sydney metro. area,Syd-Newc-Woll Gtr conurbation,Straight,,,,Unknown / not stated,Sealed,Dry,Fine,Daylight,Nil,No traffic controls,80 km/h,State,30,Rear end,301,Same - Rear end,,Rear end,Car (sedan/hatch),Car (sedan/hatch),3,0,0,0,0,11,November,Spring,Saturday,16:00 - 17:59,PM peak / evening commute,True,False,False,False
1367591,Non-casualty (towaway),Non-casualty (towaway),2024,2024,October,Monday,10:00 - 11:59,MT LINDESAY,RD,12000,East,LEGUME,TN,KOREELAH,622.0,No,Not a school zone,2-way undivided,-28.437741,152.386232,Tenterfield,Country non-urban,Rest of NSW - Rural,Curved,Embankment/cutting,,,Unknown / not stated,Sealed,Dry,Fine,Daylight,Nil,No traffic controls,100 km/h,Regional,80,Off left/right bend,801,Off cway right bend,Left,Rollover,Large rigid,,1,0,0,0,0,10,October,Spring,Monday,10:00 - 11:59,Midday / afternoon,False,False,False,False
1367599,Non-casualty (towaway),Non-casualty (towaway),2024,2024,November,Wednesday,06:00 - 07:59,COWPASTURE,RD,0,Right on the spot,HOXTON PARK,RD,WEST HOXTON,648.0,No,Not a school zone,X-intersection,-33.924564,150.848335,Liverpool,Sydney metro. area,Syd-Newc-Woll Gtr conurbation,Straight,,,,Unknown / not stated,Sealed,Dry,Fine,Dawn,On,No traffic controls,70 km/h,State,10,Cross traffic,101,Adj - Cross traffic,,Right angle,Car (sedan/hatch),Car (sedan/hatch),2,0,0,0,0,11,November,Spring,Wednesday,06:00 - 07:59,AM peak / school commute,True,False,False,False
1367617,Non-casualty (towaway),Non-casualty (towaway),2024,2024,December,Friday,10:00 - 11:59,SCHOFIELDS,RD,0,Right on the spot,CUDGEGONG,RD,TALLAWONG,687.0,No,Not a school zone,T-junction,-33.693881,150.907738,Blacktown,Sydney metro. area,Syd-Newc-Woll Gtr conurbation,Straight,,,,Unknown / not stated,Sealed,Dry,Fine,Daylight,On,No traffic controls,70 km/h,State,21,Right through,202,Opp - Right-thru,,Other angle,Car (sedan/hatch),Car (sedan/hatch),2,0,0,0,0,12,December,Summer,Friday,10:00 - 11:59,Midday / afternoon,False,False,False,False
1367619,Non-casualty (towaway),Non-casualty (towaway),2024,2024,November,Tuesday,06:00 - 07:59,WEROMBI,RD,0,Right on the spot,FERGUSON,LANE,GRASMERE,,No,Not a school zone,T-junction,-34.058859,150.676677,Camden,Sydney metro. area,Syd-Newc-Woll Gtr conurbation,Straight,,,,Unknown / not stated,Sealed,Dry,Fine,Dawn,Nil,No traffic controls,80 km/h,Local,30,Rear end,301,Same - Rear end,,Rear end,Light truck utility(from 2018),Car (sedan/hatch),2,0,0,0,0,11,November,Spring,Tuesday,06:00 - 07:59,AM peak / school commute,True,False,False,False
1367622,Non-casualty (towaway),Non-casualty (towaway),2024,2024,December,Sunday,10:00 - 11:59,BRIDGE,RD,0,Right on the spot,NUMBER 128,HN,MARSFIELD,,No,Not a school zone,2-way undivided,-33.790291,151.104899,Ryde,Sydney metro. area,Syd-Newc-Woll Gtr conurbation,Straight,,,,Unknown / not stated,Sealed,Dry,Fine,Daylight,Nil,No traffic controls,50 km/h,Local,73,Off rd rght => obj,704,Right off cway into obj,,Vehicle - Object,Car (sedan/hatch),,1,0,0,0,0,12,December,Summer,Sunday,10:00 - 11:59,Midday / afternoon,False,False,False,False
1367629,Non-casualty (towaway),Non-casualty (towaway),2024,2024,October,Friday,22:00 - Midnight,BURRAWAN FOREST,DR,2000,West,PACIFIC,HWY,LAKE INNES,,No,Not a school zone,2-way undivided,-31.495948,152.797203,Port Macquarie-Hastings,Country non-urban,Rest of NSW - Rural,Straight,,,,Unknown / not stated,Sealed,Dry,Overcast,Darkness,Nil,No traffic controls,100 km/h,Local,40,U turn,304,Same - U-turn,,Other angle,Light truck utility(from 2018),Light truck utility(from 2018),2,0,0,0,0,10,October,Spring,Friday,22:00 - Midnight,Evening / night,False,False,False,False
1367637,Non-casualty (towaway),Non-casualty (towaway),2024,2024,August,Tuesday,20:00 - 21:59,ADAM,ST,0,Right on the spot,NUMBER 72,HN,GUILDFORD,,No,Not a school zone,2-way undivided,-33.851912,151.002097,Cumberland,Sydney metro. area,Syd-Newc-Woll Gtr conurbation,Straight,,,,Unknown / not stated,Sealed,Dry,Fine,Darkness,Nil,No traffic controls,50 km/h,Local,39,Other same direction,300,Same - other,,Other angle,Car (sedan/hatch),4 wheel drive / SUV,2,0,0,0,0,8,August,Winter,Tuesday,20:00 - 21:59,Evening / night,False,False,False,False
1367645,Non-casualty (towaway),Non-casualty (towaway),2024,2024,November,Wednesday,18:00 - 19:59,MARTINDALE,RD,0,Right on the spot,YARRAWA,RD,DENMAN,,No,Not a school zone,T-junction,-32.404382,150.663429,Muswellbrook,Country non-urban,Rest of NSW - Rural,Curved,,,,Unknown / not stated,Sealed,Dry,Fine,Dusk,Nil,Give way sign,100 km/h,Local,13,Right near,104,Adj - Right-thru from right,,Right angle,Light truck utility(from 2018),Light truck utility(from 2018),2,0,0,0,0,11,November,Spring,Wednesday,18:00 - 19:59,PM peak / evening commute,True,False,False,False
1367648,Non-casualty (towaway),Non-casualty (towaway),2024,2024,October,Sunday,12:00 - 13:59,PATERSON,RD,100,South,MARTINS CREEK,RD,PATERSON,,No,Not a school zone,2-way undivided,-32.614806,151.612476,Dungog,Country urban,Rest of NSW - Urban,Straight,,,,Unknown / not stated,Sealed,Dry,Fine,Daylight,Nil,No traffic controls,80 km/h,Local,74,On road-out of cont.,705,Out of control on cway,,Rollover,4 wheel drive / SUV,,1,0,0,0,0,10,October,Spring,Sunday,12:00 - 13:59,Midday / afternoon,False,False,False,False
1367652,Non-casualty (towaway),Non-casualty (towaway),2024,2024,May,Wednesday,16:00 - 17:59,ANZAC,PDE,0,Right on the spot,STOREY,ST,MAROUBRA,661.0,Yes,No,T-junction,-33.936958,151.238474,Randwick,Sydney metro. area,Syd-Newc-Woll Gtr conurbation,Straight,,,,Unknown / not stated,Sealed,Wet,Raining,Dusk,Nil,Stop sign,50 km/h,State,34,Lane change right,306,Same - Lane change right,,Other angle,Car (sedan/hatch),Car (sedan/hatch),2,0,0,0,0,5,May,Autumn,Wednesday,16:00 - 17:59,PM peak / evening commute,True,False,False,False
1367658,Non-casualty (towaway),Non-casualty (towaway),2024,2024,November,Friday,10:00 - 11:59,VICTORIA,RD,11,West,WILFRID,ST,MACQUARIE FIELDS,,Yes,No,2-way undivided,-33.983802,150.885654,Campbelltown,Sydney metro. area,Syd-Newc-Woll Gtr conurbation,Straight,Driveway/entrance,,,Off,Sealed,Dry,Fine,Daylight,Nil,No traffic controls,50 km/h,Local,47,Emerging from drive,406,Manov - Emerging from driveway,,Right angle,Car (sedan/hatch),Light truck utility(from 2018),2,0,0,0,0,11,November,Spring,Friday,10:00 - 11:59,Midday / afternoon,False,False,False,False
1367663,Non-casualty (towaway),Non-casualty (towaway),2024,2024,October,Monday,10:00 - 11:59,DOG TRAP,RD,0,Right on the spot,KAVENEYS,RD,JEIR,,No,Not a school zone,T-junction,-35.081788,148.961791,Yass Valley,Country non-urban,Rest of NSW - Rural,Straight,,,,Unknown / not stated,Unsealed,Dry,Fine,Daylight,Nil,No traffic controls,100 km/h,Local,75,Off end of road,709,Off end cway or T junct,,Vehicle - Object,Car (sedan/hatch),,1,0,0,0,0,10,October,Spring,Monday,10:00 - 11:59,Midday / afternoon,False,False,False,False