crash_id,degree_of_crash,degree_of_crash_-_detailed,reporting_year,year_of_crash,month_of_crash,day_of_week_of_crash,two-hour_intervals,street_of_crash,street_type,distance,direction,identifying_feature,identifying_feature_type,town,route_no.,school_zone_location,school_zone_active,type_of_location,latitude,longitude,lga,urbanisation,conurbation_1,alignment,primary_permanent_feature,primary_temporary_feature,primary_hazardous_feature,street_lighting,road_surface,surface_condition,weather,natural_lighting,signals_operation,other_traffic_control,speed_limit,road_classification_(admin),rum_-_code,rum_-_description,dca_-_code,dca_-_description,dca_supplement,first_impact_type,key_tu_type,other_tu_type,no._of_traffic_units_involved,no._killed,no._seriously_injured,no._moderately_injured,no._minor-other_injured,month_num,month_label,season,day_label,time_label,time_band,is_peak_commute,is_fatal,is_injury,is_casualty
1367667,Non-casualty (towaway),Non-casualty (towaway),2024,2024,December,Thursday,16:00 - 17:59,OSCAR,LANE,0,Right on the spot,WYEE,ST,MORISSET,,No,Not a school zone,T-junction,-33.107661,151.495466,Lake Macquarie,Newcastle met. area,Syd-Newc-Woll Gtr conurbation,Straight,,,,Unknown / not stated,Sealed,Dry,Fine,Daylight,Nil,No traffic controls,50 km/h,Local,13,Right near,104,Adj - Right-thru from right,,Right angle,Station wagon,Car (sedan/hatch),2,0,0,0,0,12,December,Summer,Thursday,16:00 - 17:59,PM peak / evening commute,True,False,False,False
1367672,Non-casualty (towaway),Non-casualty (towaway),2024,2024,December,Friday,10:00 - 11:59,PEEL,ST,20,North,JOHNSTON,ST,NORTH TAMWORTH,63.0,No,Not a school zone,2-way undivided,-31.073541,150.913064,Tamworth Regional,Country urban,Rest of NSW - Urban,Straight,,,,Nil,Sealed,Dry,Fine,Daylight,Nil,No traffic controls,60 km/h,State,20,Head on,201,Opp - Head on,,Head-on,4 wheel drive / SUV,Station wagon,2,0,0,0,0,12,December,Summer,Friday,10:00 - 11:59,Midday / afternoon,False,False,False,False
1367673,Non-casualty (towaway),Non-casualty (towaway),2024,2024,December,Thursday,06:00 - 07:59,EIGHTEENTH,AVE,0,Right on the spot,SIXTEENTH,AVE,SAWTELL,,No,Not a school zone,T-junction,-30.360142,153.098296,Coffs Harbour,Country urban,Rest of NSW - Urban,Straight,,,,Unknown / not stated,Sealed,Dry,Fine,Dawn,Nil,No traffic controls,50 km/h,Local,81,Off left/rt bnd=>obj,707,Right turn,Left,Other angle,4 wheel drive / SUV,4 wheel drive / SUV,2,0,0,0,0,12,December,Summer,Thursday,06:00 - 07:59,AM peak / school commute,True,False,False,False
1367675,Non-casualty (towaway),Non-casualty (towaway),2024,2024,December,Wednesday,18:00 - 19:59,GENERAL,BVD,0,Right on the spot,MACDONALD,RD,EDMONDSON PARK,,No,Not a school zone,T-junction,-33.972702,150.85632,Liverpool,Sydney metro. area,Syd-Newc-Woll Gtr conurbation,Straight,,,,Unknown / not stated,Sealed,Dry,Fine,Dusk,Nil,Stop sign,60 km/h,Local,33,Lane sideswipe,305,Same - Lane side swipe,,Other angle,Car (sedan/hatch),4 wheel drive / SUV,2,0,0,0,0,12,December,Summer,Wednesday,18:00 - 19:59,PM peak / evening commute,True,False,False,False
1367676,Non-casualty (towaway),Non-casualty (towaway),2024,2024,October,Thursday,14:00 - 15:59,DARLINGTON,DR,0,Right on the spot,MONTEREY,AVE,BANORA POINT,,No,Not a school zone,T-junction,-28.21673,153.532808,Tweed,Country urban,Rest of NSW - Urban,Straight,,,,Unknown / not stated,Sealed,Dry,Fine,Daylight,Nil,No traffic controls,50 km/h,Local,71,Off rd left => obj,703,Left off cway into object,,Vehicle - Object,Station wagon,,2,0,0,0,0,10,October,Spring,Thursday,14:00 - 15:59,Midday / afternoon,False,False,False,False
1367693,Non-casualty (towaway),Non-casualty (towaway),2024,2024,November,Tuesday,06:00 - 07:59,GREAT WESTERN,HWY,0,Right on the spot,NUMBER 494,HN,PENDLE HILL,5.0,No,Not a school zone,Divided road,-33.811766,150.953229,Cumberland,Sydney metro. area,Syd-Newc-Woll Gtr conurbation,Straight,,,,Unknown / not stated,Sealed,Dry,Fine,Dawn,Nil,No traffic controls,80 km/h,State,34,Lane change right,306,Same - Lane change right,,Other angle,Car (sedan/hatch),Car (sedan/hatch),3,0,0,0,0,11,November,Spring,Tuesday,06:00 - 07:59,AM peak / school commute,True,False,False,False
1367706,Non-casualty (towaway),Non-casualty (towaway),2024,2024,November,Friday,04:00 - 05:59,ARGYLE,ST,0,Right on the spot,FREDERICK,ST,SINGLETON,,No,Not a school zone,X-intersection,-32.569196,151.166666,Singleton,Country urban,Rest of NSW - Urban,Straight,,,,Unknown / not stated,Sealed,Dry,Fine,Dawn,Nil,Give way sign,50 km/h,Local,10,Cross traffic,101,Adj - Cross traffic,,Right angle,Station wagon,Station wagon,2,0,0,0,0,11,November,Spring,Friday,04:00 - 05:59,Late night / early morning,False,False,False,False
1367713,Non-casualty (towaway),Non-casualty (towaway),2024,2024,November,Wednesday,12:00 - 13:59,MAIZE,ST,0,Right on the spot,NUMBER 39,HN,TENAMBIT,,Yes,No,2-way undivided,-32.743124,151.603213,Maitland,Country urban,Rest of NSW - Urban,Straight,,,,Unknown / not stated,Sealed,Dry,Fine,Daylight,Nil,No traffic controls,50 km/h,Local,71,Off rd left => obj,703,Left off cway into object,,Other angle,4 wheel drive / SUV,4 wheel drive / SUV,3,0,0,0,0,11,November,Spring,Wednesday,12:00 - 13:59,Midday / afternoon,False,False,False,False
1367718,Non-casualty (towaway),Non-casualty (towaway),2024,2024,November,Sunday,20:00 - 21:59,BERNERA,RD,0,Right on the spot,KURRAJONG,RD,PRESTONS,7262.0,No,Not a school zone,X-intersection,-33.942241,150.867399,Liverpool,Sydney metro. area,Syd-Newc-Woll Gtr conurbation,Straight,,,,Unknown / not stated,Sealed,Dry,Fine,Darkness,On,No traffic controls,60 km/h,Regional,13,Right near,104,Adj - Right-thru from right,,Right angle,Car (sedan/hatch),Car (sedan/hatch),2,0,0,0,0,11,November,Spring,Sunday,20:00 - 21:59,Evening / night,False,False,False,False
1367721,Non-casualty (towaway),Non-casualty (towaway),2024,2024,November,Wednesday,10:00 - 11:59,PRINCES,HWY,0,Right on the spot,CONDIES CREEK,BDGE,WANDANDIAN,1.0,No,Not a school zone,2-way undivided,-35.085498,150.516139,Shoalhaven,Country urban,Rest of NSW - Urban,Straight,Other bridge,,,Unknown / not stated,Sealed,Dry,Fine,Daylight,Nil,No traffic controls,80 km/h,State,71,Off rd left => obj,703,Left off cway into object,,Vehicle - Object,Light truck utility(from 2018),,1,0,0,0,0,11,November,Spring,Wednesday,10:00 - 11:59,Midday / afternoon,False,False,False,False
1367723,Non-casualty (towaway),Non-casualty (towaway),2024,2024,November,Friday,12:00 - 13:59,KING GEORGES,RD,0,Right on the spot,PUNCHBOWL,RD,WILEY PARK,200.0,No,Not a school zone,X-intersection,-33.917551,151.065059,Canterbury-Bankstown,Sydney metro. area,Syd-Newc-Woll Gtr conurbation,Straight,,,,Unknown / not stated,Sealed,Dry,Fine,Daylight,On,No traffic controls,60 km/h,State,30,Rear end,301,Same - Rear end,,Rear end,Light truck utility(from 2018),Car (sedan/hatch),3,0,0,0,0,11,November,Spring,Friday,12:00 - 13:59,Midday / afternoon,False,False,False,False
1367733,Non-casualty (towaway),Non-casualty (towaway),2024,2024,December,Thursday,16:00 - 17:59,GORE HILL,EXP,600,North,BROOK STREET,OP,NAREMBURN,651.0,No,Not a school zone,Dual freeway,-33.81625,151.200951,Willoughby,Sydney metro. area,Syd-Newc-Woll Gtr conurbation,Curved,,,,Unknown / not stated,Sealed,Dry,Fine,Dusk,Nil,No traffic controls,80 km/h,State,34,Lane change right,306,Same - Lane change right,,Other angle,4 wheel drive / SUV,4 wheel drive / SUV,3,0,0,0,0,12,December,Summer,Thursday,16:00 - 17:59,PM peak / evening commute,True,False,False,False
1367735,Non-casualty (towaway),Non-casualty (towaway),2024,2024,December,Friday,02:00 - 03:59,CAMPBELLTOWN,RD,100,South,WILLIAMSON,RD,INGLEBURN,177.0,No,Not a school zone,2-way undivided,-34.007566,150.837819,Campbelltown,Sydney metro. area,Syd-Newc-Woll Gtr conurbation,Straight,,,,Unknown / not stated,Sealed,Dry,Fine,Darkness,Nil,No traffic controls,70 km/h,State,71,Off rd left => obj,703,Left off cway into object,,Vehicle - Object,4 wheel drive / SUV,,1,0,0,0,0,12,December,Summer,Friday,02:00 - 03:59,Late night / early morning,False,False,False,False
1367738,Non-casualty (towaway),Non-casualty (towaway),2024,2024,December,Thursday,20:00 - 21:59,KINGS HILL,RD,0,Right on the spot,ST THOMAS,RD,MULGOA,,No,Not a school zone,T-junction,-33.831095,150.658192,Penrith,Sydney metro. area,Syd-Newc-Woll Gtr conurbation,Curved,Embankment/cutting,,,Unknown / not stated,Sealed,Dry,Fine,Darkness,Nil,Give way sign,60 km/h,Local,85,Off rt/lft bnd=>obj,804,Off left bend into obj,Right,Vehicle - Object,Light truck,,1,0,0,0,0,12,December,Summer,Thursday,20:00 - 21:59,Evening / night,False,False,False,False
1367745,Non-casualty (towaway),Non-casualty (towaway),2024,2024,December,Saturday,08:00 - 09:59,MITCHELL,HWY,50,West,SHADFORTH,DR,SHADFORTH,7.0,No,Not a school zone,2-way undivided,-33.377093,149.191992,Orange,Country non-urban,Rest of NSW - Rural,Curved,,,,Unknown / not stated,Sealed,Wet,Raining,Daylight,Nil,No traffic controls,100 km/h,State,85,Off rt/lft bnd=>obj,804,Off left bend into obj,Right,Vehicle - Object,Car (sedan/hatch),,1,0,0,0,0,12,December,Summer,Saturday,08:00 - 09:59,AM peak / school commute,True,False,False,False
1367747,Non-casualty (towaway),Non-casualty (towaway),2024,2024,December,Wednesday,14:00 - 15:59,SACKVILLE,RD,0,Right on the spot,NUMBER 799,HN,EBENEZER,182.0,No,Not a school zone,2-way undivided,-33.510762,150.878398,Hawkesbury,Country urban,Syd-Newc-Woll Gtr conurbation,Curved,,,,Unknown / not stated,Sealed,Dry,Fine,Daylight,Nil,No traffic controls,80 km/h,Regional,81,Off left/rt bnd=>obj,803,Off right bend into obj,Left,Vehicle - Object,Light truck utility(from 2018),,1,0,0,0,0,12,December,Summer,Wednesday,14:00 - 15:59,Midday / afternoon,False,False,False,False
1367754,Non-casualty (towaway),Non-casualty (towaway),2024,2024,December,Saturday,12:00 - 13:59,HOBBYS YARDS,RD,50,South,NEVILLE-TRUNKEY,RD,HOBBYS YARDS,390.0,No,Not a school zone,2-way undivided,-33.727433,149.331842,Blayney,Country non-urban,Rest of NSW - Rural,Straight,,,,Unknown / not stated,Sealed,Dry,Fine,Daylight,Nil,No traffic controls,100 km/h,Regional,71,Off rd left => obj,703,Left off cway into object,,Vehicle - Object,4 wheel drive / SUV,,1,0,0,0,0,12,December,Summer,Saturday,12:00 - 13:59,Midday / afternoon,False,False,False,False
1367755,Non-casualty (towaway),Non-casualty (towaway),2024,2024,November,Monday,06:00 - 07:59,BRUXNER,HWY,0,Right on the spot,SNEATHS,RD,WOLLONGBAR,16.0,No,Not a school zone,T-junction,-28.821541,153.411373,Ballina,Country urban,Rest of NSW - Urban,Straight,,,,Unknown / not stated,Sealed,Dry,Fine,Dawn,Nil,Give way sign,80 km/h,State,21,Right through,202,Opp - Right-thru,,Other angle,Light truck utility(from 2018),4 wheel drive / SUV,2,0,0,0,0,11,November,Spring,Monday,06:00 - 07:59,AM peak / school commute,True,False,False,False
1367762,Non-casualty (towaway),Non-casualty (towaway),2024,2024,December,Monday,14:00 - 15:59,GREAT WESTERN,HWY,200,East,ELEY HAWKINS DRIVE,OP,WARRIMOO,5.0,No,Not a school zone,Divided road,-33.721379,150.599688,Blue Mountains,Country urban,Syd-Newc-Woll Gtr conurbation,Curved,Other bridge,,,Unknown / not stated,Sealed,Dry,Fine,Daylight,Nil,No traffic controls,80 km/h,State,30,Rear end,301,Same - Rear end,,Rear end,Car (sedan/hatch),Car (sedan/hatch),2,0,0,0,0,12,December,Summer,Monday,14:00 - 15:59,Midday / afternoon,False,False,False,False
1367765,Non-casualty (towaway),Non-casualty (towaway),2024,2024,December,Tuesday,16:00 - 17:59,M2 HILLS,EXP,300,West,OAKES ROAD,OP,CARLINGFORD,6002.0,No,Not a school zone,Dual freeway,-33.760664,151.038305,Parramatta,Sydney metro. area,Syd-Newc-Woll Gtr conurbation,Straight,,,,Unknown / not stated,Sealed,Dry,Fine,Daylight,Nil,No traffic controls,100 km/h,State,34,Lane change right,306,Same - Lane change right,,Other angle,4 wheel drive / SUV,Car (sedan/hatch),2,0,0,0,0,12,December,Summer,Tuesday,16:00 - 17:59,PM peak / evening commute,True,False,False,False
1367766,Non-casualty (towaway),Non-casualty (towaway),2024,2024,August,Friday,12:00 - 13:59,LOWER CLIFF,AVE,100,East,CLIFF,AVE,NORTHBRIDGE,,No,Not a school zone,2-way undivided,-33.81516,151.214666,Willoughby,Sydney metro. area,Syd-Newc-Woll Gtr conurbation,Curved,,,,Off,Sealed,Wet,Raining,Daylight,Nil,No traffic controls,50 km/h,Local,81,Off left/rt bnd=>obj,803,Off right bend into obj,Left,Other angle,Light truck utility(from 2018),Boat trailer,2,0,0,0,0,8,August,Winter,Friday,12:00 - 13:59,Midday / afternoon,False,False,False,False
1367777,Non-casualty (towaway),Non-casualty (towaway),2024,2024,October,Sunday,00:01 - 01:59,GREAT WESTERN,HWY,0,Right on the spot,PRINCES HIGHWAY,TO,CHIPPENDALE,5.0,No,Not a school zone,Divided road,-33.884445,151.195471,Sydney,Sydney metro. area,Syd-Newc-Woll Gtr conurbation,Straight,,,,Unknown / not stated,Sealed,Dry,Fine,Darkness,Nil,No traffic controls,50 km/h,State,30,Rear end,301,Same - Rear end,,Rear end,Light truck utility(from 2018),Car (sedan/hatch),3,0,0,0,0,10,October,Spring,Sunday,00:01 - 01:59,Late night / early morning,False,False,False,False
1367780,Non-casualty (towaway),Non-casualty (towaway),2024,2024,November,Tuesday,14:00 - 15:59,NEW ENGLAND,HWY,0,Right on the spot,WEAKLEYS,DR,BERESFIELD,9.0,No,Not a school zone,T-junction,-32.794728,151.635685,Newcastle,Newcastle met. area,Syd-Newc-Woll Gtr conurbation,Straight,Underpass/tunnel,,,Unknown / not stated,Sealed,Dry,Fine,Daylight,On,No traffic controls,60 km/h,State,30,Rear end,301,Same - Rear end,,Rear end,Car (sedan/hatch),Car (sedan/hatch),3,0,0,0,0,11,November,Spring,Tuesday,14:00 - 15:59,Midday / afternoon,False,False,False,False
1367781,Non-casualty (towaway),Non-casualty (towaway),2024,2024,December,Tuesday,14:00 - 15:59,KENNY,ST,0,Right on the spot,NUMBER 121,HN,WOLLONGONG,,No,Not a school zone,2-way undivided,-34.43581,150.890603,Wollongong,Wollongong met. area,Syd-Newc-Woll Gtr conurbation,Straight,,,,Unknown / not stated,Sealed,Dry,Fine,Daylight,Nil,No traffic controls,50 km/h,Local,73,Off rd rght => obj,704,Right off cway into obj,,Other angle,4 wheel drive / SUV,4 wheel drive / SUV,3,0,0,0,0,12,December,Summer,Tuesday,14:00 - 15:59,Midday / afternoon,False,False,False,False
1367795,Non-casualty (towaway),Non-casualty (towaway),2024,2024,December,Monday,22:00 - Midnight,ALBERT,RD,20,East,RAW,SQ,STRATHFIELD,,No,Not a school zone,1-way street,-33.871407,151.092512,Strathfield,Sydney metro. area,Syd-Newc-Woll Gtr conurbation,Straight,,,,Unknown / not stated,Sealed,Dry,Fine,Darkness,Nil,No traffic controls,50 km/h,Local,73,Off rd rght => obj,704,Right off cway into obj,,Other angle,Light truck utility(from 2018),Car (sedan/hatch),2,0,0,0,0,12,December,Summer,Monday,22:00 - Midnight,Evening / night,False,False,False,False
1367798,Non-casualty (towaway),Non-casualty (towaway),2024,2024,November,Friday,04:00 - 05:59,HUME,HWY,700,North,RED HILLS,RD,MARULAN,2.0,No,Not a school zone,Divided road,-34.688877,150.041377,Goulburn Mulwaree,Country non-urban,Rest of NSW - Rural,Straight,,,,Unknown / not stated,Sealed,Dry,Fine,Darkness,Nil,No traffic controls,110 km/h,State,72,Off road to right,702,Off carriageway to right,,Rollover,Large rigid,,1,0,0,0,0,11,November,Spring,Friday,04:00 - 05:59,Late night / early morning,False,False,False,False
1367807,Non-casualty (towaway),Non-casualty (towaway),2024,2024,November,Sunday,06:00 - 07:59,BARTON,HWY,2000,South,HUME HIGHWAY,TO,YASS,15.0,No,Not a school zone,Divided road,-34.849664,148.963432,Yass Valley,Country non-urban,Rest of NSW - Rural,Curved,,,,Unknown / not stated,Sealed,Dry,Overcast,Daylight,Nil,No traffic controls,110 km/h,State,67,Struck animal,609,On path - Hit animal,,Vehicle - Animal,Car (sedan/hatch),,1,0,0,0,0,11,November,Spring,Sunday,06:00 - 07:59,AM peak / school commute,True,False,False,False
1367813,Non-casualty (towaway),Non-casualty (towaway),2024,2024,November,Friday,14:00 - 15:59,BELL,ST,0,Right on the spot,GEORGE,ST,SOUTH WINDSOR,,No,Not a school zone,X-intersection,-33.615024,150.810274,Hawkesbury,Country urban,Syd-Newc-Woll Gtr conurbation,Straight,,,,Unknown / not stated,Sealed,Wet,Raining,Daylight,Nil,Stop sign,50 km/h,Local,49,Other manoeuvring,400,Manov - other,,Other angle,Car (sedan/hatch),4 wheel drive / SUV,2,0,0,0,0,11,November,Spring,Friday,14:00 - 15:59,Midday / afternoon,False,False,False,False
1367817,Non-casualty (towaway),Non-casualty (towaway),2024,2024,November,Saturday,18:00 - 19:59,GREAT WESTERN,HWY,0,Right on the spot,MORT,ST,GRANVILLE,5.0,No,Not a school zone,T-junction,-33.828681,151.00739,Parramatta,Sydney metro. area,Syd-Newc-Woll Gtr conurbation,Straight,,,,Unknown / not stated,Sealed,Dry,Fine,Dusk,Nil,No traffic controls,60 km/h,State,21,Right through,202,Opp - Right-thru,,Other angle,Car (sedan/hatch),Car (sedan/hatch),2,0,0,0,0,11,November,Spring,Saturday,18:00 - 19:59,PM peak / evening commute,True,False,False,False
1367824,Non-casualty (towaway),Non-casualty (towaway),2024,2024,December,Saturday,10:00 - 11:59,M7 WESTLINK,EXP,100,South,WOODSTOCK,AVE,ROOTY HILL,6009.0,No,Not a school zone,Dual freeway,-33.761509,150.846982,Blacktown,Sydney metro. area,Syd-Newc-Woll Gtr conurbation,Straight,,,,Unknown / not stated,Sealed,Wet,Raining,Daylight,Nil,No traffic controls,80 km/h,State,34,Lane change right,306,Same - Lane change right,,Other angle,Car (sedan/hatch),Large rigid,3,0,0,0,0,12,December,Summer,Saturday,10:00 - 11:59,Midday / afternoon,False,False,False,False
1367831,Non-casualty (towaway),Non-casualty (towaway),2024,2024,November,Tuesday,18:00 - 19:59,ADAMS,AVE,0,Right on the spot,BEATUS,ST,UNANDERRA,,No,Not a school zone,X-intersection,-34.451861,150.835214,Wollongong,Wollongong met. area,Syd-Newc-Woll Gtr conurbation,Straight,,,,Unknown / not stated,Sealed,Dry,Fine,Dusk,Nil,Give way sign,50 km/h,Local,39,Other same direction,300,Same - other,,Other angle,Car (sedan/hatch),Car (sedan/hatch),2,0,0,0,0,11,November,Spring,Tuesday,18:00 - 19:59,PM peak / evening commute,True,False,False,False
1367837,Non-casualty (towaway),Non-casualty (towaway),2024,2024,December,Thursday,00:01 - 01:59,FREDERICK,ST,25,North,BREWER,ST,CONCORD,,No,Not a school zone,2-way undivided,-33.853106,151.107868,Canada Bay,Sydney metro. area,Syd-Newc-Woll Gtr conurbation,Straight,,,,Unknown / not stated,Sealed,Dry,Fine,Darkness,Nil,No traffic controls,50 km/h,Local,73,Off rd rght => obj,704,Right off cway into obj,,Vehicle - Object,Car (sedan/hatch),,1,0,0,0,0,12,December,Summer,Thursday,00:01 - 01:59,Late night / early morning,False,False,False,False
1367841,Non-casualty (towaway),Non-casualty (towaway),2024,2024,November,Saturday,22:00 - Midnight,AVONDALE,RD,100,East,AVONDALE COLLIERY,RD,AVONDALE,,No,Not a school zone,2-way undivided,-34.513958,150.733457,Wollongong,Wollongong met. area,Syd-Newc-Woll Gtr conurbation,Straight,,,,Nil,Sealed,Dry,Fine,Darkness,Nil,No traffic controls,80 km/h,Local,67,Struck animal,609,On path - Hit animal,,Vehicle - Animal,Car (sedan/hatch),,1,0,0,0,0,11,November,Spring,Saturday,22:00 - Midnight,Evening / night,False,False,False,False
1367844,Non-casualty (towaway),Non-casualty (towaway),2024,2024,December,Sunday,12:00 - 13:59,BURWOOD,RD,0,Right on the spot,FINLAY,CL,WHITEBRIDGE,,No,Not a school zone,T-junction,-32.978502,151.718359,Lake Macquarie,Newcastle met. area,Syd-Newc-Woll Gtr conurbation,Straight,,,,Unknown / not stated,Sealed,Dry,Fine,Daylight,Nil,No traffic controls,60 km/h,Local,40,U turn,304,Same - U-turn,,Other angle,Car (sedan/hatch),Car (sedan/hatch),2,0,0,0,0,12,December,Summer,Sunday,12:00 - 13:59,Midday / afternoon,False,False,False,False
1367847,Non-casualty (towaway),Non-casualty (towaway),2024,2024,December,Friday,14:00 - 15:59,BRUNDAH,RD,0,Right on the spot,TICKLE,DR,THIRLMERE,,No,Not a school zone,T-junction,-34.208341,150.584143,Wollondilly,Country urban,Syd-Newc-Woll Gtr conurbation,Curved,,,,Unknown / not stated,Sealed,Dry,Fine,Daylight,Nil,Give way sign,80 km/h,Local,20,Head on,201,Opp - Head on,,Head-on,Large rigid,Car (sedan/hatch),2,0,0,0,0,12,December,Summer,Friday,14:00 - 15:59,Midday / afternoon,False,False,False,False
1367848,Non-casualty (towaway),Non-casualty (towaway),2024,2024,December,Friday,12:00 - 13:59,BRADFIELD,HWY,900,North,CONSERVATORIUM ROAD,OP,MILLERS POINT,632.0,No,Not a school zone,Divided road,-33.86026,151.206207,Sydney,Sydney metro. area,Syd-Newc-Woll Gtr conurbation,Curved,,,,Unknown / not stated,Sealed,Dry,Fine,Daylight,Nil,No traffic controls,70 km/h,State,30,Rear end,301,Same - Rear end,,Rear end,4 wheel drive / SUV,Light truck utility(from 2018),3,0,0,0,0,12,December,Summer,Friday,12:00 - 13:59,Midday / afternoon,False,False,False,False
1367854,Non-casualty (towaway),Non-casualty (towaway),2024,2024,November,Monday,12:00 - 13:59,OLD BARRENJOEY,RD,0,Right on the spot,NUMBER 21-23,HN,AVALON BEACH,,No,Not a school zone,2-way undivided,-33.637596,151.328641,Northern Beaches,Sydney metro. area,Syd-Newc-Woll Gtr conurbation,Straight,Foot/cycle path/nature strip,,,Unknown / not stated,Sealed,Dry,Fine,Daylight,Nil,No traffic controls,40 km/h,Local,49,Other manoeuvring,400,Manov - other,,Other angle,Car (sedan/hatch),,1,0,0,0,0,11,November,Spring,Monday,12:00 - 13:59,Midday / afternoon,False,False,False,False
1367855,Non-casualty (towaway),Non-casualty (towaway),2024,2024,November,Saturday,14:00 - 15:59,WISEMANS FERRY,RD,0,Right on the spot,KEARNEY,RD,SOUTH MAROOTA,181.0,No,Not a school zone,T-junction,-33.516002,150.954918,The Hills,Sydney metro. area,Syd-Newc-Woll Gtr conurbation,Curved,,,,Unknown / not stated,Sealed,Wet,Raining,Daylight,Nil,No traffic controls,80 km/h,State,88,Out of cont on bend,805,Out of control on bend,,Rollover,Light truck utility(from 2018),,1,0,0,0,0,11,November,Spring,Saturday,14:00 - 15:59,Midday / afternoon,False,False,False,False
1367859,Non-casualty (towaway),Non-casualty (towaway),2024,2024,November,Friday,06:00 - 07:59,NASHUA,RD,0,Right on the spot,NUMBER 62,HN,FERNLEIGH,,No,Not a school zone,2-way undivided,-28.763204,153.492289,Ballina,Country urban,Rest of NSW - Urban,Curved,,,,Unknown / not stated,Sealed,Wet,Overcast,Dawn,Nil,No traffic controls,60 km/h,Local,20,Head on,201,Opp - Head on,,Head-on,4 wheel drive / SUV,Light truck utility(from 2018),2,0,0,0,0,11,November,Spring,Friday,06:00 - 07:59,AM peak / school commute,True,False,False,False
1367862,Non-casualty (towaway),Non-casualty (towaway),2024,2024,November,Friday,10:00 - 11:59,BENNETT,ST,0,Right on the spot,KING,ST,BONDI,7335.0,No,Not a school zone,T-junction,-33.894578,151.260582,Waverley,Sydney metro. area,Syd-Newc-Woll Gtr conurbation,Straight,,,,Unknown / not stated,Sealed,Dry,Fine,Daylight,Nil,Stop sign,50 km/h,Regional,13,Right near,104,Adj - Right-thru from right,,Right angle,4 wheel drive / SUV,Light truck utility(from 2018),2,0,0,0,0,11,November,Spring,Friday,10:00 - 11:59,Midday / afternoon,False,False,False,False
1367864,Non-casualty (towaway),Non-casualty (towaway),2024,2024,December,Wednesday,16:00 - 17:59,CUMBERLAND,HWY,0,Right on the spot,NUMBER 21,HN,FAIRFIELD WEST,13.0,No,Not a school zone,Divided road,-33.871753,150.925456,Fairfield,Sydney metro. area,Syd-Newc-Woll Gtr conurbation,Straight,,,,Unknown / not stated,Sealed,Dry,Fine,Daylight,Nil,No traffic controls,70 km/h,State,34,Lane change right,306,Same - Lane change right,,Other angle,Car (sedan/hatch),Light truck utility(from 2018),2,0,0,0,0,12,December,Summer,Wednesday,16:00 - 17:59,PM peak / evening commute,True,False,False,False
1367865,Non-casualty (towaway),Non-casualty (towaway),2024,2024,November,Friday,22:00 - Midnight,PILLIGA,RD,22000,North,BARADINE,RD,GILGOOMA,383.0,No,Not a school zone,2-way undivided,-30.753619,148.538408,Coonamble,Country non-urban,Rest of NSW - Rural,Straight,Ditch/drain/culvert,,,Unknown / not stated,Sealed,Wet,Raining,Darkness,Nil,No traffic controls,100 km/h,Regional,71,Off rd left => obj,703,Left off cway into object,,Vehicle - Object,Passenger van,,1,0,0,0,0,11,November,Spring,Friday,22:00 - Midnight,Evening / night,False,False,False,False
1367869,Non-casualty (towaway),Non-casualty (towaway),2024,2024,November,Thursday,08:00 - 09:59,WARRAMBOOL,ST,170,North,NOOREBAR,AVE,GRIFFITH,,Yes,No,2-way undivided,-34.281284,146.045052,Griffith,Country urban,Rest of NSW - Urban,Straight,,,,Unknown / not stated,Sealed,Dry,Fine,Daylight,Nil,No traffic controls,50 km/h,Local,40,U turn,207,Opp - U-turn,,Other angle,4 wheel drive / SUV,4 wheel drive / SUV,2,0,0,0,0,11,November,Spring,Thursday,08:00 - 09:59,AM peak / school commute,True,False,False,False
1367886,Non-casualty (towaway),Non-casualty (towaway),2024,2024,November,Tuesday,18:00 - 19:59,GREAT WESTERN,HWY,0,Right on the spot,BOMBAY,ST,LIDCOMBE,5.0,No,Not a school zone,X-intersection,-33.850799,151.053669,Cumberland,Sydney metro. area,Syd-Newc-Woll Gtr conurbation,Curved,,,,Unknown / not stated,Sealed,Dry,Fine,Dusk,On,No traffic controls,60 km/h,State,21,Right through,202,Opp - Right-thru,,Other angle,Car (sedan/hatch),4 wheel drive / SUV,2,0,0,0,0,11,November,Spring,Tuesday,18:00 - 19:59,PM peak / evening commute,True,False,False,False