crash_id,degree_of_crash,degree_of_crash_-_detailed,reporting_year,year_of_crash,month_of_crash,day_of_week_of_crash,two-hour_intervals,street_of_crash,street_type,distance,direction,identifying_feature,identifying_feature_type,town,route_no.,school_zone_location,school_zone_active,type_of_location,latitude,longitude,lga,urbanisation,conurbation_1,alignment,primary_permanent_feature,primary_temporary_feature,primary_hazardous_feature,street_lighting,road_surface,surface_condition,weather,natural_lighting,signals_operation,other_traffic_control,speed_limit,road_classification_(admin),rum_-_code,rum_-_description,dca_-_code,dca_-_description,dca_supplement,first_impact_type,key_tu_type,other_tu_type,no._of_traffic_units_involved,no._killed,no._seriously_injured,no._moderately_injured,no._minor-other_injured,month_num,month_label,season,day_label,time_label,time_band,is_peak_commute,is_fatal,is_injury,is_casualty
1367887,Non-casualty (towaway),Non-casualty (towaway),2024,2024,December,Sunday,00:01 - 01:59,CUMBERLAND,HWY,100,North,CARLINGFORD,RD,CARLINGFORD,13.0,No,Not a school zone,Divided road,-33.776841,151.051691,Parramatta,Sydney metro. area,Syd-Newc-Woll Gtr conurbation,Curved,,,,Unknown / not stated,Sealed,Dry,Fine,Darkness,Nil,No traffic controls,60 km/h,State,85,Off rt/lft bnd=>obj,804,Off left bend into obj,Right,Vehicle - Object,4 wheel drive / SUV,,1,0,0,0,0,12,December,Summer,Sunday,00:01 - 01:59,Late night / early morning,False,False,False,False
1367891,Non-casualty (towaway),Non-casualty (towaway),2024,2024,October,Friday,22:00 - Midnight,BRADLEY,ST,20,South,SHORT,ST,COOMA,,No,Not a school zone,2-way undivided,-36.234104,149.134061,Snowy Monaro Regional,Country urban,Rest of NSW - Urban,Straight,,,,Unknown / not stated,Sealed,Wet,Raining,Darkness,Nil,No traffic controls,50 km/h,Local,42,Leaving parking,401,Manov - Leaving parking,,Other angle,Light truck utility(from 2018),Light truck utility(from 2018),3,0,0,0,0,10,October,Spring,Friday,22:00 - Midnight,Evening / night,False,False,False,False
1367892,Non-casualty (towaway),Non-casualty (towaway),2024,2024,November,Friday,14:00 - 15:59,JOSEPH,ST,0,Right on the spot,NUMBER 159,HN,LIDCOMBE,190.0,No,Not a school zone,Divided road,-33.873006,151.042121,Cumberland,Sydney metro. area,Syd-Newc-Woll Gtr conurbation,Straight,,,,Unknown / not stated,Sealed,Dry,Fine,Daylight,Nil,No traffic controls,70 km/h,State,30,Rear end,301,Same - Rear end,,Rear end,Light truck,Car (sedan/hatch),2,0,0,0,0,11,November,Spring,Friday,14:00 - 15:59,Midday / afternoon,False,False,False,False
1367902,Non-casualty (towaway),Non-casualty (towaway),2024,2024,November,Sunday,20:00 - 21:59,BERNERA,RD,0,Right on the spot,KURRAJONG,RD,PRESTONS,7262.0,No,Not a school zone,X-intersection,-33.942241,150.867399,Liverpool,Sydney metro. area,Syd-Newc-Woll Gtr conurbation,Straight,,,,Unknown / not stated,Sealed,Dry,Fine,Darkness,On,No traffic controls,60 km/h,Regional,31,Left rear,302,Same - Rear left,,Rear end,Car (sedan/hatch),4 wheel drive / SUV,2,0,0,0,0,11,November,Spring,Sunday,20:00 - 21:59,Evening / night,False,False,False,False
1367907,Non-casualty (towaway),Non-casualty (towaway),2024,2024,December,Sunday,12:00 - 13:59,KNOX,RD,0,Right on the spot,POWER,ST,DOONSIDE,7153.0,No,Not a school zone,X-intersection,-33.755286,150.864794,Blacktown,Sydney metro. area,Syd-Newc-Woll Gtr conurbation,Straight,,,,Unknown / not stated,Sealed,Dry,Fine,Daylight,On,No traffic controls,60 km/h,Regional,21,Right through,202,Opp - Right-thru,,Other angle,4 wheel drive / SUV,Car (sedan/hatch),2,0,0,0,0,12,December,Summer,Sunday,12:00 - 13:59,Midday / afternoon,False,False,False,False
1367909,Non-casualty (towaway),Non-casualty (towaway),2024,2024,November,Friday,12:00 - 13:59,COWPASTURE,RD,0,Right on the spot,GREEN VALLEY,RD,ELIZABETH HILLS,648.0,No,Not a school zone,T-junction,-33.900326,150.855405,Liverpool,Sydney metro. area,Syd-Newc-Woll Gtr conurbation,Straight,,,,Unknown / not stated,Sealed,Wet,Raining,Daylight,On,No traffic controls,70 km/h,State,81,Off left/rt bnd=>obj,707,Right turn,Left,Vehicle - Object,4 wheel drive / SUV,,1,0,0,0,0,11,November,Spring,Friday,12:00 - 13:59,Midday / afternoon,False,False,False,False
1367913,Non-casualty (towaway),Non-casualty (towaway),2024,2024,October,Thursday,12:00 - 13:59,MANDALONG,RD,340,East,YAMBO FOREST,RD,MANDALONG,,No,Not a school zone,2-way undivided,-33.164264,151.40015,Lake Macquarie,Newcastle met. area,Syd-Newc-Woll Gtr conurbation,Curved,Embankment/cutting,,,Unknown / not stated,Sealed,Dry,Fine,Daylight,Nil,No traffic controls,60 km/h,Local,81,Off left/rt bnd=>obj,803,Off right bend into obj,Left,Vehicle - Object,Motorcycle,,1,0,0,0,0,10,October,Spring,Thursday,12:00 - 13:59,Midday / afternoon,False,False,False,False
1367919,Non-casualty (towaway),Non-casualty (towaway),2024,2024,November,Tuesday,20:00 - 21:59,JERSEY,RD,0,Right on the spot,AMSTERDAM,ST,OAKHURST,7163.0,No,Not a school zone,T-junction,-33.744275,150.841469,Blacktown,Sydney metro. area,Syd-Newc-Woll Gtr conurbation,Straight,,,,Unknown / not stated,Sealed,Dry,Fine,Darkness,Nil,Give way sign,60 km/h,Regional,73,Off rd rght => obj,704,Right off cway into obj,,Vehicle - Object,4 wheel drive / SUV,,1,0,0,0,0,11,November,Spring,Tuesday,20:00 - 21:59,Evening / night,False,False,False,False
1367927,Non-casualty (towaway),Non-casualty (towaway),2024,2024,December,Tuesday,14:00 - 15:59,VICTORIA,RD,0,Right on the spot,EVANS,ST,ROZELLE,165.0,No,Not a school zone,X-intersection,-33.865306,151.172174,Inner West,Sydney metro. area,Syd-Newc-Woll Gtr conurbation,Straight,,,,Unknown / not stated,Sealed,Dry,Fine,Daylight,On,No traffic controls,60 km/h,State,21,Right through,202,Opp - Right-thru,,Other angle,Light truck utility(from 2018),Car (sedan/hatch),2,0,0,0,0,12,December,Summer,Tuesday,14:00 - 15:59,Midday / afternoon,False,False,False,False
1367933,Non-casualty (towaway),Non-casualty (towaway),2024,2024,December,Monday,18:00 - 19:59,SOUTH,ST,0,Right on the spot,NUMBER 70,HN,WINDALE,,No,Not a school zone,2-way undivided,-32.994973,151.683809,Lake Macquarie,Newcastle met. area,Syd-Newc-Woll Gtr conurbation,Straight,,,,Unknown / not stated,Sealed,Dry,Fine,Dusk,Nil,No traffic controls,60 km/h,Local,40,U turn,304,Same - U-turn,,Other angle,Car (sedan/hatch),Car (sedan/hatch),2,0,0,0,0,12,December,Summer,Monday,18:00 - 19:59,PM peak / evening commute,True,False,False,False
1367940,Non-casualty (towaway),Non-casualty (towaway),2024,2024,November,Wednesday,12:00 - 13:59,ABBOTT,RD,0,Right on the spot,NUMBER 38,HN,SEVEN HILLS,644.0,No,Not a school zone,Divided road,-33.76649,150.954753,Blacktown,Sydney metro. area,Syd-Newc-Woll Gtr conurbation,Straight,Driveway/entrance,,,Unknown / not stated,Sealed,Dry,Fine,Daylight,Nil,No traffic controls,60 km/h,State,47,Emerging from drive,406,Manov - Emerging from driveway,,Right angle,Light truck utility(from 2018),4 wheel drive / SUV,2,0,0,0,0,11,November,Spring,Wednesday,12:00 - 13:59,Midday / afternoon,False,False,False,False
1367941,Non-casualty (towaway),Non-casualty (towaway),2024,2024,December,Wednesday,16:00 - 17:59,MULLER,LANE,10,South,GALLOWAY,ST,MASCOT,,No,Not a school zone,T-junction,-33.921286,151.185671,Bayside,Sydney metro. area,Syd-Newc-Woll Gtr conurbation,Straight,,,,Unknown / not stated,Sealed,Dry,Fine,Daylight,Nil,No traffic controls,50 km/h,Local,79,Other straight,700,Other straight,,Vehicle - Object,Car (sedan/hatch),,1,0,0,0,0,12,December,Summer,Wednesday,16:00 - 17:59,PM peak / evening commute,True,False,False,False
1367957,Non-casualty (towaway),Non-casualty (towaway),2024,2024,November,Wednesday,16:00 - 17:59,CENTRAL COAST,HWY,0,Right on the spot,AMPOL SERVICE STATION,ENT,WEST GOSFORD,30.0,No,Not a school zone,Divided road,-33.427548,151.319387,Central Coast,Country urban,Syd-Newc-Woll Gtr conurbation,Straight,Driveway/entrance,,,Unknown / not stated,Sealed,Dry,Fine,Daylight,Nil,No traffic controls,70 km/h,State,37,Left turn sideswipe,309,Same - Left turn side swipe,,Other angle,Station wagon,Car (sedan/hatch),2,0,0,0,0,11,November,Spring,Wednesday,16:00 - 17:59,PM peak / evening commute,True,False,False,False
1367960,Non-casualty (towaway),Non-casualty (towaway),2024,2024,August,Wednesday,16:00 - 17:59,JAMES RUSE,DR,50,North,WESTERN,EXP,CLYDE,309.0,No,Not a school zone,Other,-33.830527,151.020619,Parramatta,Sydney metro. area,Syd-Newc-Woll Gtr conurbation,Curved,Freeway ramp/access,,,Unknown / not stated,Sealed,Wet,Raining,Daylight,Nil,No traffic controls,70 km/h,State,30,Rear end,301,Same - Rear end,,Rear end,4 wheel drive / SUV,Car (sedan/hatch),2,0,0,0,0,8,August,Winter,Wednesday,16:00 - 17:59,PM peak / evening commute,True,False,False,False
1367965,Non-casualty (towaway),Non-casualty (towaway),2024,2024,November,Sunday,02:00 - 03:59,HUME,HWY,0,Right on the spot,WOODVILLE,RD,VILLAWOOD,2.0,No,Not a school zone,X-intersection,-33.889499,150.97312,Fairfield,Sydney metro. area,Syd-Newc-Woll Gtr conurbation,Curved,,,,Unknown / not stated,Sealed,Dry,Fine,Darkness,On,No traffic controls,70 km/h,State,21,Right through,202,Opp - Right-thru,,Other angle,Car (sedan/hatch),Car (sedan/hatch),2,0,0,0,0,11,November,Spring,Sunday,02:00 - 03:59,Late night / early morning,False,False,False,False
1367976,Non-casualty (towaway),Non-casualty (towaway),2024,2024,December,Wednesday,12:00 - 13:59,TUCKER,AVE,20,North,FROST,PDE,BALGOWNIE,,No,Not a school zone,2-way undivided,-34.382345,150.876812,Wollongong,Wollongong met. area,Syd-Newc-Woll Gtr conurbation,Straight,Foot/cycle path/nature strip,,,Unknown / not stated,Sealed,Dry,Fine,Daylight,Nil,No traffic controls,50 km/h,Local,49,Other manoeuvring,400,Manov - other,,Other angle,Pedal cycle,Car (sedan/hatch),2,0,0,0,0,12,December,Summer,Wednesday,12:00 - 13:59,Midday / afternoon,False,False,False,False
1367987,Non-casualty (towaway),Non-casualty (towaway),2024,2024,November,Wednesday,08:00 - 09:59,DOURO,ST,0,Right on the spot,NICHOLSON,ST,MUDGEE,,No,Not a school zone,X-intersection,-32.601073,149.581787,Mid-Western Regional,Country urban,Rest of NSW - Urban,Straight,,,,Unknown / not stated,Sealed,Dry,Fine,Daylight,Nil,Give way sign,50 km/h,Local,10,Cross traffic,101,Adj - Cross traffic,,Right angle,Light truck utility(from 2018),Car (sedan/hatch),2,0,0,0,0,11,November,Spring,Wednesday,08:00 - 09:59,AM peak / school commute,True,False,False,False
1367993,Non-casualty (towaway),Non-casualty (towaway),2024,2024,December,Sunday,18:00 - 19:59,FIFTH,AVE,0,Right on the spot,HARDWOOD,LANE,AUSTRAL,,No,Not a school zone,T-junction,-33.946191,150.800309,Liverpool,Sydney metro. area,Syd-Newc-Woll Gtr conurbation,Straight,,,,Unknown / not stated,Sealed,Dry,Fine,Dusk,Nil,No traffic controls,60 km/h,Local,41,U turn into object,409,Manov - U-turn into fixed obje,,Vehicle - Object,4 wheel drive / SUV,,1,0,0,0,0,12,December,Summer,Sunday,18:00 - 19:59,PM peak / evening commute,True,False,False,False
1367997,Non-casualty (towaway),Non-casualty (towaway),2024,2024,November,Monday,16:00 - 17:59,KING,ST,0,Right on the spot,MEDCALF,ST,WARNERS BAY,527.0,No,Not a school zone,Roundabout,-32.966753,151.652299,Lake Macquarie,Newcastle met. area,Syd-Newc-Woll Gtr conurbation,Curved,,,,Unknown / not stated,Sealed,Dry,Overcast,Dusk,Nil,Give way sign,60 km/h,State,10,Cross traffic,101,Adj - Cross traffic,,Right angle,Light truck utility(from 2018),4 wheel drive / SUV,3,0,0,0,0,11,November,Spring,Monday,16:00 - 17:59,PM peak / evening commute,True,False,False,False
1367998,Non-casualty (towaway),Non-casualty (towaway),2024,2024,December,Friday,18:00 - 19:59,BRAYS,RD,0,Right on the spot,MORTLAKE,ST,CONCORD,,No,Not a school zone,Roundabout,-33.847961,151.107645,Canada Bay,Sydney metro. area,Syd-Newc-Woll Gtr conurbation,Straight,,,,Unknown / not stated,Sealed,Dry,Fine,Dusk,Nil,Give way sign,50 km/h,Local,10,Cross traffic,101,Adj - Cross traffic,,Right angle,Car (sedan/hatch),Station wagon,2,0,0,0,0,12,December,Summer,Friday,18:00 - 19:59,PM peak / evening commute,True,False,False,False
1368002,Non-casualty (towaway),Non-casualty (towaway),2024,2024,December,Tuesday,12:00 - 13:59,DALMENY,AVE,20,North,GARDENERS,RD,ROSEBERY,,No,Not a school zone,2-way undivided,-33.922743,151.20704,Sydney,Sydney metro. area,Syd-Newc-Woll Gtr conurbation,Straight,,,,Unknown / not stated,Sealed,Dry,Fine,Daylight,Nil,No traffic controls,40 km/h,Local,71,Off rd left => obj,703,Left off cway into object,,Other angle,Utility,4 wheel drive / SUV,3,0,0,0,0,12,December,Summer,Tuesday,12:00 - 13:59,Midday / afternoon,False,False,False,False
1368003,Non-casualty (towaway),Non-casualty (towaway),2024,2024,December,Thursday,16:00 - 17:59,STATION,ST,103,North,PERRY,ST,WENTWORTHVILLE,,No,Not a school zone,2-way undivided,-33.810079,150.971386,Cumberland,Sydney metro. area,Syd-Newc-Woll Gtr conurbation,Straight,,,,Unknown / not stated,Sealed,Dry,Fine,Dusk,Nil,No traffic controls,50 km/h,Local,71,Off rd left => obj,703,Left off cway into object,,Other angle,Car (sedan/hatch),Car (sedan/hatch),3,0,0,0,0,12,December,Summer,Thursday,16:00 - 17:59,PM peak / evening commute,True,False,False,False
1368007,Non-casualty (towaway),Non-casualty (towaway),2024,2024,November,Saturday,22:00 - Midnight,KILLARNEY GAP,RD,38000,East,NEWELL,HWY,ROCKY CREEK,133.0,No,Not a school zone,2-way undivided,-30.134471,150.07956,Gwydir,Country non-urban,Rest of NSW - Rural,Curved,Embankment/cutting,,,Unknown / not stated,Sealed,Dry,Fine,Darkness,Nil,No traffic controls,100 km/h,Regional,81,Off left/rt bnd=>obj,803,Off right bend into obj,Left,Vehicle - Object,Station wagon,,1,0,0,0,0,11,November,Spring,Saturday,22:00 - Midnight,Evening / night,False,False,False,False
1368008,Non-casualty (towaway),Non-casualty (towaway),2024,2024,November,Sunday,12:00 - 13:59,CANTERBURY,RD,0,Right on the spot,NUMBER 752,HN,BELMORE,167.0,Yes,No,2-way undivided,-33.924625,151.089553,Canterbury-Bankstown,Sydney metro. area,Syd-Newc-Woll Gtr conurbation,Straight,,,,Unknown / not stated,Sealed,Dry,Fine,Daylight,Nil,No traffic controls,60 km/h,State,30,Rear end,301,Same - Rear end,,Rear end,Car (sedan/hatch),Car (sedan/hatch),2,0,0,0,0,11,November,Spring,Sunday,12:00 - 13:59,Midday / afternoon,False,False,False,False
1368011,Non-casualty (towaway),Non-casualty (towaway),2024,2024,November,Friday,06:00 - 07:59,MAUGHAN,ST,0,Right on the spot,NUMBER 82,HN,WELLINGTON,,No,Not a school zone,2-way undivided,-32.555989,148.945537,Dubbo Regional,Country urban,Rest of NSW - Urban,Straight,Driveway/entrance,,,Unknown / not stated,Sealed,Dry,Fine,Dawn,Nil,No traffic controls,50 km/h,Local,47,Emerging from drive,406,Manov - Emerging from driveway,,Right angle,Car (sedan/hatch),Car (sedan/hatch),2,0,0,0,0,11,November,Spring,Friday,06:00 - 07:59,AM peak / school commute,True,False,False,False
1368027,Non-casualty (towaway),Non-casualty (towaway),2024,2024,November,Sunday,14:00 - 15:59,BEACH,RD,0,Right on the spot,EDWARD,RD,BATEHAVEN,560.0,No,Not a school zone,X-intersection,-35.732109,150.199542,Eurobodalla,Country urban,Rest of NSW - Urban,Straight,,,,Unknown / not stated,Sealed,Dry,Fine,Daylight,On,No traffic controls,50 km/h,Regional,39,Other same direction,300,Same - other,,Other angle,Station wagon,Light truck utility(from 2018),2,0,0,0,0,11,November,Spring,Sunday,14:00 - 15:59,Midday / afternoon,False,False,False,False
1368036,Non-casualty (towaway),Non-casualty (towaway),2024,2024,December,Sunday,22:00 - Midnight,FERNLEIGH,DR,100,East,BEATTY,PL,GOOGONG,,No,Not a school zone,2-way undivided,-35.439427,149.198891,Queanbeyan-Palerang Regional,Country urban,Rest of NSW - Urban,Curved,,,,Unknown / not stated,Sealed,Dry,Fine,Darkness,Nil,No traffic controls,80 km/h,Local,67,Struck animal,609,On path - Hit animal,,Vehicle - Animal,4 wheel drive / SUV,,1,0,0,0,0,12,December,Summer,Sunday,22:00 - Midnight,Evening / night,False,False,False,False
1368040,Non-casualty (towaway),Non-casualty (towaway),2024,2024,October,Thursday,16:00 - 17:59,OAK,RD,65,South,WATARH,ST,KIRRAWEE,,No,Not a school zone,2-way undivided,-34.028902,151.072217,Sutherland,Sydney metro. area,Syd-Newc-Woll Gtr conurbation,Straight,,,,Unknown / not stated,Sealed,Dry,Fine,Daylight,Nil,No traffic controls,50 km/h,Local,20,Head on,201,Opp - Head on,,Head-on,4 wheel drive / SUV,Car (sedan/hatch),2,0,0,0,0,10,October,Spring,Thursday,16:00 - 17:59,PM peak / evening commute,True,False,False,False
1368043,Non-casualty (towaway),Non-casualty (towaway),2024,2024,November,Wednesday,16:00 - 17:59,HANBURY,ST,0,Right on the spot,MAITLAND,RD,MAYFIELD,326.0,No,Not a school zone,X-intersection,-32.897362,151.736511,Newcastle,Newcastle met. area,Syd-Newc-Woll Gtr conurbation,Straight,,,,Unknown / not stated,Sealed,Dry,Fine,Dusk,On,No traffic controls,50 km/h,State,30,Rear end,301,Same - Rear end,,Rear end,Car (sedan/hatch),4 wheel drive / SUV,2,0,0,0,0,11,November,Spring,Wednesday,16:00 - 17:59,PM peak / evening commute,True,False,False,False
1368052,Non-casualty (towaway),Non-casualty (towaway),2024,2024,November,Sunday,10:00 - 11:59,SPRINGHILL,RD,50,North,FIVE ISLANDS,RD,SPRING HILL,581.0,No,Not a school zone,Divided road,-34.46501,150.871585,Wollongong,Wollongong met. area,Syd-Newc-Woll Gtr conurbation,Straight,,,,Unknown / not stated,Sealed,Dry,Fine,Daylight,Nil,No traffic controls,80 km/h,State,34,Lane change right,306,Same - Lane change right,,Other angle,Car (sedan/hatch),4 wheel drive / SUV,2,0,0,0,0,11,November,Spring,Sunday,10:00 - 11:59,Midday / afternoon,False,False,False,False
1368059,Non-casualty (towaway),Non-casualty (towaway),2024,2024,December,Friday,22:00 - Midnight,WALLARAH,RD,10,South,HITCHCOCK,AVE,NEW LAMBTON,,No,Not a school zone,T-junction,-32.921471,151.718076,Newcastle,Newcastle met. area,Syd-Newc-Woll Gtr conurbation,Straight,,,,Unknown / not stated,Sealed,Dry,Fine,Darkness,Nil,Stop sign,50 km/h,Local,11,Right far,102,Adj - Right-thru from left,,Right angle,Car (sedan/hatch),Car (sedan/hatch),2,0,0,0,0,12,December,Summer,Friday,22:00 - Midnight,Evening / night,False,False,False,False
1368072,Non-casualty (towaway),Non-casualty (towaway),2024,2024,December,Sunday,12:00 - 13:59,ANDERSON,ST,0,Right on the spot,NUMBER 4,HN,BELMORE,,No,Not a school zone,2-way undivided,-33.91935,151.091736,Canterbury-Bankstown,Sydney metro. area,Syd-Newc-Woll Gtr conurbation,Straight,,,,Unknown / not stated,Sealed,Dry,Fine,Daylight,Nil,No traffic controls,50 km/h,Local,71,Off rd left => obj,703,Left off cway into object,,Other angle,Light truck utility(from 2018),Car (sedan/hatch),3,0,0,0,0,12,December,Summer,Sunday,12:00 - 13:59,Midday / afternoon,False,False,False,False
1368073,Non-casualty (towaway),Non-casualty (towaway),2024,2024,November,Tuesday,20:00 - 21:59,STANSMORE,AVE,0,Right on the spot,NUMBER 1,HN,PRESTONS,,No,Not a school zone,2-way undivided,-33.954198,150.867363,Liverpool,Sydney metro. area,Syd-Newc-Woll Gtr conurbation,Straight,,,,Unknown / not stated,Sealed,Dry,Fine,Darkness,Nil,No traffic controls,50 km/h,Local,73,Off rd rght => obj,704,Right off cway into obj,,Other angle,Car (sedan/hatch),Passenger van,2,0,0,0,0,11,November,Spring,Tuesday,20:00 - 21:59,Evening / night,False,False,False,False
1368078,Non-casualty (towaway),Non-casualty (towaway),2024,2024,November,Saturday,06:00 - 07:59,MOOREBANK,AVE,100,South,ANZAC,RD,MOOREBANK,,No,Not a school zone,2-way undivided,-33.944751,150.924046,Liverpool,Sydney metro. area,Syd-Newc-Woll Gtr conurbation,Straight,,,,Unknown / not stated,Sealed,Wet,Raining,Dawn,Nil,No traffic controls,60 km/h,Local,20,Head on,201,Opp - Head on,,Head-on,4 wheel drive / SUV,Other bus,2,0,0,0,0,11,November,Spring,Saturday,06:00 - 07:59,AM peak / school commute,True,False,False,False
1368080,Non-casualty (towaway),Non-casualty (towaway),2024,2024,December,Monday,10:00 - 11:59,OGUNBIL,RD,4000,West,NOWENDOC,RD,OGUNBIL,7718.0,No,Not a school zone,2-way undivided,-31.308618,151.223828,Tamworth Regional,Country non-urban,Rest of NSW - Rural,Curved,,,,Unknown / not stated,Sealed,Dry,Fine,Daylight,Nil,No traffic controls,100 km/h,Regional,88,Out of cont on bend,805,Out of control on bend,,Rollover,Light truck utility(from 2018),,1,0,0,0,0,12,December,Summer,Monday,10:00 - 11:59,Midday / afternoon,False,False,False,False
1368081,Non-casualty (towaway),Non-casualty (towaway),2024,2024,November,Thursday,14:00 - 15:59,PACIFIC,HWY,0,Right on the spot,TURRAMURRA,AVE,TURRAMURRA,10.0,No,Not a school zone,T-junction,-33.733213,151.130766,Ku-ring-gai,Sydney metro. area,Syd-Newc-Woll Gtr conurbation,Curved,,,,Unknown / not stated,Sealed,Dry,Overcast,Daylight,Nil,No traffic controls,60 km/h,State,21,Right through,202,Opp - Right-thru,,Other angle,Car (sedan/hatch),Passenger van,2,0,0,0,0,11,November,Spring,Thursday,14:00 - 15:59,Midday / afternoon,False,False,False,False
1368085,Non-casualty (towaway),Non-casualty (towaway),2024,2024,October,Wednesday,18:00 - 19:59,GREAT WESTERN,HWY,0,Right on the spot,CUMBERLAND,HWY,WENTWORTHVILLE,5.0,No,Not a school zone,X-intersection,-33.814385,150.964691,Cumberland,Sydney metro. area,Syd-Newc-Woll Gtr conurbation,Straight,,,,Unknown / not stated,Sealed,Dry,Fine,Darkness,On,No traffic controls,80 km/h,State,21,Right through,202,Opp - Right-thru,,Other angle,Car (sedan/hatch),Car (sedan/hatch),3,0,0,0,0,10,October,Spring,Wednesday,18:00 - 19:59,PM peak / evening commute,True,False,False,False
1368087,Non-casualty (towaway),Non-casualty (towaway),2024,2024,December,Friday,08:00 - 09:59,IVERISON,RD,70,South,SUSSEX,RD,SUSSEX INLET,,No,Not a school zone,2-way undivided,-35.167574,150.591886,Shoalhaven,Country urban,Rest of NSW - Urban,Curved,,,,Unknown / not stated,Sealed,Dry,Fine,Daylight,Nil,No traffic controls,50 km/h,Local,20,Head on,201,Opp - Head on,,Head-on,Light truck utility(from 2018),Car (sedan/hatch),2,0,0,0,0,12,December,Summer,Friday,08:00 - 09:59,AM peak / school commute,True,False,False,False
1368089,Non-casualty (towaway),Non-casualty (towaway),2024,2024,December,Thursday,04:00 - 05:59,GLENMORE,PKWY,0,Right on the spot,RIDGETOP,DR,GLENMORE PARK,,No,Not a school zone,T-junction,-33.793921,150.677712,Penrith,Sydney metro. area,Syd-Newc-Woll Gtr conurbation,Curved,,,,Unknown / not stated,Sealed,Dry,Fine,Darkness,Nil,No traffic controls,50 km/h,Local,85,Off rt/lft bnd=>obj,804,Off left bend into obj,Right,Vehicle - Object,Car (sedan/hatch),,1,0,0,0,0,12,December,Summer,Thursday,04:00 - 05:59,Late night / early morning,False,False,False,False
1368095,Non-casualty (towaway),Non-casualty (towaway),2024,2024,November,Monday,12:00 - 13:59,NEW ENGLAND,HWY,50,West,ANDERSON DRIVE,OP,TARRO,9.0,No,Not a school zone,Divided road,-32.812103,151.665265,Newcastle,Newcastle met. area,Syd-Newc-Woll Gtr conurbation,Straight,,,,Unknown / not stated,Sealed,Dry,Fine,Daylight,Nil,No traffic controls,80 km/h,State,30,Rear end,301,Same - Rear end,,Rear end,Passenger van,Station wagon,2,0,0,0,0,11,November,Spring,Monday,12:00 - 13:59,Midday / afternoon,False,False,False,False
1368102,Non-casualty (towaway),Non-casualty (towaway),2024,2024,December,Friday,02:00 - 03:59,BAXTER,RD,0,Right on the spot,JENNINGS,AVE,BASS HILL,,No,Not a school zone,T-junction,-33.894798,150.987411,Canterbury-Bankstown,Sydney metro. area,Syd-Newc-Woll Gtr conurbation,Straight,,,,Unknown / not stated,Sealed,Dry,Fine,Darkness,Nil,No traffic controls,50 km/h,Local,71,Off rd left => obj,703,Left off cway into object,,Other angle,Car (sedan/hatch),4 wheel drive / SUV,2,0,0,0,0,12,December,Summer,Friday,02:00 - 03:59,Late night / early morning,False,False,False,False
1368104,Non-casualty (towaway),Non-casualty (towaway),2024,2024,December,Tuesday,08:00 - 09:59,ROOTY HILL,RD,0,Right on the spot,WOODSTOCK,AVE,PLUMPTON,537.0,No,Not a school zone,X-intersection,-33.759399,150.839528,Blacktown,Sydney metro. area,Syd-Newc-Woll Gtr conurbation,Straight,,,,Unknown / not stated,Sealed,Dry,Fine,Daylight,On,No traffic controls,60 km/h,State,10,Cross traffic,101,Adj - Cross traffic,,Right angle,Car (sedan/hatch),4 wheel drive / SUV,2,0,0,0,0,12,December,Summer,Tuesday,08:00 - 09:59,AM peak / school commute,True,False,False,False
1368107,Non-casualty (towaway),Non-casualty (towaway),2024,2024,November,Saturday,22:00 - Midnight,INGLEBURN GARDENS,DR,0,Right on the spot,NUMBER 99,HN,BARDIA,,No,Not a school zone,2-way undivided,-33.973608,150.870652,Campbelltown,Sydney metro. area,Syd-Newc-Woll Gtr conurbation,Straight,,,,Unknown / not stated,Sealed,Wet,Raining,Darkness,Nil,No traffic controls,50 km/h,Local,71,Off rd left => obj,703,Left off cway into object,,Other angle,Car (sedan/hatch),Car (sedan/hatch),2,0,0,0,0,11,November,Spring,Saturday,22:00 - Midnight,Evening / night,False,False,False,False
1368113,Non-casualty (towaway),Non-casualty (towaway),2024,2024,October,Tuesday,16:00 - 17:59,OCEAN,ST,0,Right on the spot,TRELAWNEY,ST,WOOLLAHRA,7330.0,No,Not a school zone,X-intersection,-33.883964,151.238871,Woollahra,Sydney metro. area,Syd-Newc-Woll Gtr conurbation,Straight,,,,Unknown / not stated,Sealed,Dry,Fine,Dusk,On,No traffic controls,50 km/h,Regional,21,Right through,202,Opp - Right-thru,,Other angle,4 wheel drive / SUV,4 wheel drive / SUV,2,0,0,0,0,10,October,Spring,Tuesday,16:00 - 17:59,PM peak / evening commute,True,False,False,False