crash_id,degree_of_crash,degree_of_crash_-_detailed,reporting_year,year_of_crash,month_of_crash,day_of_week_of_crash,two-hour_intervals,street_of_crash,street_type,distance,direction,identifying_feature,identifying_feature_type,town,route_no.,school_zone_location,school_zone_active,type_of_location,latitude,longitude,lga,urbanisation,conurbation_1,alignment,primary_permanent_feature,primary_temporary_feature,primary_hazardous_feature,street_lighting,road_surface,surface_condition,weather,natural_lighting,signals_operation,other_traffic_control,speed_limit,road_classification_(admin),rum_-_code,rum_-_description,dca_-_code,dca_-_description,dca_supplement,first_impact_type,key_tu_type,other_tu_type,no._of_traffic_units_involved,no._killed,no._seriously_injured,no._moderately_injured,no._minor-other_injured,month_num,month_label,season,day_label,time_label,time_band,is_peak_commute,is_fatal,is_injury,is_casualty
1368119,Non-casualty (towaway),Non-casualty (towaway),2024,2024,November,Monday,16:00 - 17:59,MINJUNGBAL,DR,10,North,HEFFRON,ST,TWEED HEADS SOUTH,7733.0,No,Not a school zone,X-intersection,-28.194741,153.542652,Tweed,Country urban,Rest of NSW - Urban,Straight,,,,Unknown / not stated,Sealed,Dry,Overcast,Daylight,On,No traffic controls,60 km/h,Regional,30,Rear end,301,Same - Rear end,,Rear end,Light truck utility(from 2018),4 wheel drive / SUV,3,0,0,0,0,11,November,Spring,Monday,16:00 - 17:59,PM peak / evening commute,True,False,False,False
1368125,Non-casualty (towaway),Non-casualty (towaway),2024,2024,November,Tuesday,08:00 - 09:59,BURRELL,RD,0,Right on the spot,WAGNER,RD,SPRING FARM,,No,Not a school zone,T-junction,-34.070588,150.720113,Camden,Sydney metro. area,Syd-Newc-Woll Gtr conurbation,Curved,,,,Unknown / not stated,Sealed,Dry,Fine,Daylight,Nil,No traffic controls,50 km/h,Local,23,Right/left,203,Opp - Right-left,,Other angle,4 wheel drive / SUV,4 wheel drive / SUV,2,0,0,0,0,11,November,Spring,Tuesday,08:00 - 09:59,AM peak / school commute,True,False,False,False
1368126,Non-casualty (towaway),Non-casualty (towaway),2024,2024,December,Wednesday,16:00 - 17:59,CHIFLEY,RD,100,East,POW MEMORIAL,OT,CLARENCE,516.0,No,Not a school zone,2-way undivided,-33.470962,150.185732,Lithgow,Country urban,Rest of NSW - Urban,Curved,Ditch/drain/culvert,,,Unknown / not stated,Sealed,Dry,Fine,Unknown,Nil,No traffic controls,60 km/h,State,81,Off left/rt bnd=>obj,803,Off right bend into obj,Left,Vehicle - Object,Car (sedan/hatch),,1,0,0,0,0,12,December,Summer,Wednesday,16:00 - 17:59,PM peak / evening commute,True,False,False,False
1368128,Non-casualty (towaway),Non-casualty (towaway),2024,2024,November,Friday,04:00 - 05:59,CAMPBELLTOWN,RD,0,Right on the spot,BLAXLAND ROAD,TO,LEUMEAH,177.0,No,Not a school zone,Divided road,-34.052228,150.824375,Campbelltown,Sydney metro. area,Syd-Newc-Woll Gtr conurbation,Curved,,,,Unknown / not stated,Sealed,Wet,Fine,Dawn,Nil,No traffic controls,60 km/h,State,34,Lane change right,306,Same - Lane change right,,Other angle,Light truck utility(from 2018),Car (sedan/hatch),2,0,0,0,0,11,November,Spring,Friday,04:00 - 05:59,Late night / early morning,False,False,False,False
1368130,Non-casualty (towaway),Non-casualty (towaway),2024,2024,October,Friday,12:00 - 13:59,ALBERT,ST,0,Right on the spot,NUMBER 14-16,HN,TAREE,,Yes,No,2-way undivided,-31.910831,152.461067,Mid-Coast,Country urban,Rest of NSW - Urban,Straight,Foot/cycle path/nature strip,,,Unknown / not stated,Sealed,Dry,Fine,Daylight,Nil,No traffic controls,50 km/h,Local,73,Off rd rght => obj,704,Right off cway into obj,,Vehicle - Object,4 wheel drive / SUV,,1,0,0,0,0,10,October,Spring,Friday,12:00 - 13:59,Midday / afternoon,False,False,False,False
1368131,Non-casualty (towaway),Non-casualty (towaway),2024,2024,December,Sunday,14:00 - 15:59,DOBELL,DR,0,Right on the spot,DONNELLY,RD,ARCADIA VALE,,No,Not a school zone,T-junction,-33.064842,151.581208,Lake Macquarie,Newcastle met. area,Syd-Newc-Woll Gtr conurbation,Straight,,,,Unknown / not stated,Sealed,Dry,Fine,Daylight,Nil,Give way sign,50 km/h,Local,30,Rear end,301,Same - Rear end,,Rear end,Light truck utility(from 2018),Car (sedan/hatch),2,0,0,0,0,12,December,Summer,Sunday,14:00 - 15:59,Midday / afternoon,False,False,False,False
1368133,Non-casualty (towaway),Non-casualty (towaway),2024,2024,November,Saturday,10:00 - 11:59,CENTRAL COAST,HWY,0,Right on the spot,DAVID,ST,DOYALSON,30.0,No,Not a school zone,T-junction,-33.202251,151.524526,Central Coast,Country urban,Syd-Newc-Woll Gtr conurbation,Straight,,,,Unknown / not stated,Sealed,Dry,Fine,Daylight,Nil,No traffic controls,70 km/h,State,30,Rear end,301,Same - Rear end,,Rear end,Car (sedan/hatch),4 wheel drive / SUV,3,0,0,0,0,11,November,Spring,Saturday,10:00 - 11:59,Midday / afternoon,False,False,False,False
1368136,Non-casualty (towaway),Non-casualty (towaway),2024,2024,October,Thursday,22:00 - Midnight,NEWCASTLE,EXP,2000,North,MOTORWAY LINK,OP,KIAR,6003.0,No,Not a school zone,Dual freeway,-33.2014,151.461244,Central Coast,Country non-urban,Syd-Newc-Woll Gtr conurbation,Straight,,,,Unknown / not stated,Sealed,Wet,Raining,Darkness,Nil,No traffic controls,110 km/h,State,73,Off rd rght => obj,704,Right off cway into obj,,Vehicle - Object,Car (sedan/hatch),,1,0,0,0,0,10,October,Spring,Thursday,22:00 - Midnight,Evening / night,False,False,False,False
1368139,Non-casualty (towaway),Non-casualty (towaway),2024,2024,November,Friday,20:00 - 21:59,SUNBEAM,AVE,0,Right on the spot,NUMBER 1,HN,KOGARAH,,No,Not a school zone,2-way undivided,-33.975946,151.137175,Bayside,Sydney metro. area,Syd-Newc-Woll Gtr conurbation,Straight,,,,Unknown / not stated,Sealed,Wet,Overcast,Darkness,Nil,No traffic controls,50 km/h,Local,71,Off rd left => obj,703,Left off cway into object,,Other angle,Car (sedan/hatch),Car (sedan/hatch),2,0,0,0,0,11,November,Spring,Friday,20:00 - 21:59,Evening / night,False,False,False,False
1368143,Non-casualty (towaway),Non-casualty (towaway),2024,2024,December,Wednesday,14:00 - 15:59,WICKS,RD,0,Right on the spot,NUMBER 111,HN,MACQUARIE PARK,,No,Not a school zone,2-way undivided,-33.790482,151.131334,Ryde,Sydney metro. area,Syd-Newc-Woll Gtr conurbation,Straight,,,,Unknown / not stated,Sealed,Dry,Fine,Daylight,Nil,No traffic controls,60 km/h,Local,71,Off rd left => obj,703,Left off cway into object,,Other angle,Large rigid,Car (sedan/hatch),2,0,0,0,0,12,December,Summer,Wednesday,14:00 - 15:59,Midday / afternoon,False,False,False,False
1368144,Non-casualty (towaway),Non-casualty (towaway),2024,2024,December,Monday,14:00 - 15:59,NEW ENGLAND,HWY,1000,East,ANDERSON,DR,TARRO,9.0,No,Not a school zone,2-way undivided,-32.812057,151.675373,Newcastle,Newcastle met. area,Syd-Newc-Woll Gtr conurbation,Straight,,,,Unknown / not stated,Sealed,Dry,Fine,Daylight,Nil,No traffic controls,80 km/h,State,30,Rear end,301,Same - Rear end,,Rear end,Large rigid,Car (sedan/hatch),2,0,0,0,0,12,December,Summer,Monday,14:00 - 15:59,Midday / afternoon,False,False,False,False
1368145,Non-casualty (towaway),Non-casualty (towaway),2024,2024,December,Saturday,14:00 - 15:59,WILLOUGHBY,RD,0,Right on the spot,NUNBER 101,HN,CROWS NEST,,No,Not a school zone,2-way undivided,-33.823396,151.200923,North Sydney,Sydney metro. area,Syd-Newc-Woll Gtr conurbation,Straight,,,,Unknown / not stated,Sealed,Wet,Raining,Daylight,Nil,No traffic controls,50 km/h,Local,43,Entering parking,402,Manov - Entering parking veh,,Other angle,Car (sedan/hatch),4 wheel drive / SUV,3,0,0,0,0,12,December,Summer,Saturday,14:00 - 15:59,Midday / afternoon,False,False,False,False
1368147,Non-casualty (towaway),Non-casualty (towaway),2024,2024,November,Wednesday,02:00 - 03:59,FEDERAL,HWY,100,East,SUTTON ROAD,OP,SUTTON,3.0,No,Not a school zone,Divided road,-35.181668,149.26028,Yass Valley,Country non-urban,Rest of NSW - Rural,Curved,,,,Unknown / not stated,Sealed,Dry,Fog or mist,Darkness,Nil,No traffic controls,110 km/h,State,67,Struck animal,609,On path - Hit animal,,Vehicle - Animal,Car (sedan/hatch),,1,0,0,0,0,11,November,Spring,Wednesday,02:00 - 03:59,Late night / early morning,False,False,False,False
1368149,Non-casualty (towaway),Non-casualty (towaway),2024,2024,October,Sunday,10:00 - 11:59,SOUTHERN,EXP,4000,North,PRINCES HIGHWAY,OP,HELENSBURGH,6006.0,No,Not a school zone,Dual freeway,-34.209808,150.961207,Wollongong,Wollongong met. area,Syd-Newc-Woll Gtr conurbation,Straight,,,,Unknown / not stated,Sealed,Dry,Fine,Daylight,Nil,No traffic controls,110 km/h,State,72,Off road to right,702,Off carriageway to right,,Rollover,4 wheel drive / SUV,,1,0,0,0,0,10,October,Spring,Sunday,10:00 - 11:59,Midday / afternoon,False,False,False,False
1368150,Non-casualty (towaway),Non-casualty (towaway),2024,2024,December,Thursday,16:00 - 17:59,CUMBERLAND,ST,0,Right on the spot,MELBOURNE,ST,EAST MAITLAND,104.0,No,Not a school zone,Roundabout,-32.744042,151.588298,Maitland,Country urban,Rest of NSW - Urban,Curved,,,,Unknown / not stated,Sealed,Dry,Fine,Dusk,Nil,Give way sign,50 km/h,State,21,Right through,202,Opp - Right-thru,,Other angle,4 wheel drive / SUV,Light truck utility(from 2018),2,0,0,0,0,12,December,Summer,Thursday,16:00 - 17:59,PM peak / evening commute,True,False,False,False
1368153,Non-casualty (towaway),Non-casualty (towaway),2024,2024,November,Wednesday,16:00 - 17:59,DUDLEY,ST,0,Right on the spot,ST PAULS,ST,RANDWICK,,No,Not a school zone,T-junction,-33.920886,151.246847,Randwick,Sydney metro. area,Syd-Newc-Woll Gtr conurbation,Curved,Steep grade,,,Unknown / not stated,Sealed,Dry,Fine,Daylight,Nil,Give way sign,50 km/h,Local,85,Off rt/lft bnd=>obj,706,Left turn,Right,Other angle,4 wheel drive / SUV,4 wheel drive / SUV,3,0,0,0,0,11,November,Spring,Wednesday,16:00 - 17:59,PM peak / evening commute,True,False,False,False
1368156,Non-casualty (towaway),Non-casualty (towaway),2024,2024,December,Thursday,14:00 - 15:59,TOWER,RD,200,South,MURRAY JONES,DR,BANKSTOWN AERODROME,,No,Not a school zone,2-way undivided,-33.926742,150.979899,Canterbury-Bankstown,Sydney metro. area,Syd-Newc-Woll Gtr conurbation,Straight,,,,Unknown / not stated,Sealed,Dry,Fine,Daylight,Nil,No traffic controls,50 km/h,Local,20,Head on,201,Opp - Head on,,Head-on,Car (sedan/hatch),Light truck utility(from 2018),2,0,0,0,0,12,December,Summer,Thursday,14:00 - 15:59,Midday / afternoon,False,False,False,False
1368157,Non-casualty (towaway),Non-casualty (towaway),2024,2024,November,Wednesday,22:00 - Midnight,OBLEY,RD,250,South,GLENGEERA,RD,DUBBO,,No,Not a school zone,2-way undivided,-32.381555,148.575681,Dubbo Regional,Country non-urban,Rest of NSW - Rural,Straight,,,,Unknown / not stated,Sealed,Dry,Fine,Darkness,Nil,No traffic controls,100 km/h,Local,71,Off rd left => obj,703,Left off cway into object,,Vehicle - Object,4 wheel drive / SUV,,1,0,0,0,0,11,November,Spring,Wednesday,22:00 - Midnight,Evening / night,False,False,False,False
1368159,Non-casualty (towaway),Non-casualty (towaway),2024,2024,November,Wednesday,02:00 - 03:59,GWYDIR,HWY,1900,North,OLD POST OFFICE,LANE,ULMARRA,12.0,No,Not a school zone,2-way undivided,-29.600655,153.03922,Clarence Valley,Country non-urban,Rest of NSW - Rural,Straight,,,,Unknown / not stated,Sealed,Dry,Fine,Darkness,Nil,No traffic controls,100 km/h,State,71,Off rd left => obj,703,Left off cway into object,,Vehicle - Object,Car (sedan/hatch),,1,0,0,0,0,11,November,Spring,Wednesday,02:00 - 03:59,Late night / early morning,False,False,False,False
1368160,Non-casualty (towaway),Non-casualty (towaway),2024,2024,October,Monday,20:00 - 21:59,HUME,HWY,100,East,FARRELL,RD,BASS HILL,2.0,No,Not a school zone,Divided road,-33.892822,150.984094,Canterbury-Bankstown,Sydney metro. area,Syd-Newc-Woll Gtr conurbation,Curved,,,,Unknown / not stated,Sealed,Dry,Overcast,Darkness,Nil,No traffic controls,70 km/h,State,33,Lane sideswipe,305,Same - Lane side swipe,,Other angle,Light truck utility(from 2018),4 wheel drive / SUV,3,0,0,0,0,10,October,Spring,Monday,20:00 - 21:59,Evening / night,False,False,False,False
1368165,Non-casualty (towaway),Non-casualty (towaway),2024,2024,November,Thursday,04:00 - 05:59,THE,BVD,50,West,PORT HACKING,RD,MIRANDA,7001.0,No,Not a school zone,Divided road,-34.029735,151.104957,Sutherland,Sydney metro. area,Syd-Newc-Woll Gtr conurbation,Straight,,,,Unknown / not stated,Sealed,Dry,Fine,Darkness,Nil,No traffic controls,60 km/h,Regional,30,Rear end,301,Same - Rear end,,Rear end,Car (sedan/hatch),4 wheel drive / SUV,2,0,0,0,0,11,November,Spring,Thursday,04:00 - 05:59,Late night / early morning,False,False,False,False
1368166,Non-casualty (towaway),Non-casualty (towaway),2024,2024,November,Tuesday,04:00 - 05:59,GREAT WESTERN,HWY,0,Right on the spot,RUDDERS,ST,EASTERN CREEK,5.0,No,Not a school zone,T-junction,-33.791725,150.866921,Blacktown,Sydney metro. area,Syd-Newc-Woll Gtr conurbation,Straight,,,,Unknown / not stated,Sealed,Dry,Fine,Darkness,On,No traffic controls,80 km/h,State,30,Rear end,301,Same - Rear end,,Rear end,Car (sedan/hatch),Car (sedan/hatch),2,0,0,0,0,11,November,Spring,Tuesday,04:00 - 05:59,Late night / early morning,False,False,False,False
1368167,Non-casualty (towaway),Non-casualty (towaway),2024,2024,November,Saturday,16:00 - 17:59,PRINCES,HWY,0,Right on the spot,CANAL,RD,ST PETERS,1.0,No,Not a school zone,X-intersection,-33.915489,151.174542,Inner West,Sydney metro. area,Syd-Newc-Woll Gtr conurbation,Straight,,,,Unknown / not stated,Sealed,Dry,Fine,Daylight,On,No traffic controls,60 km/h,State,30,Rear end,301,Same - Rear end,,Rear end,Light truck utility(from 2018),Station wagon,2,0,0,0,0,11,November,Spring,Saturday,16:00 - 17:59,PM peak / evening commute,True,False,False,False
1368168,Non-casualty (towaway),Non-casualty (towaway),2024,2024,November,Monday,14:00 - 15:59,QUEENS,RD,0,Right on the spot,PARK,RD,HURSTVILLE,168.0,No,Not a school zone,X-intersection,-33.963361,151.103048,Georges River,Sydney metro. area,Syd-Newc-Woll Gtr conurbation,Straight,,,,Unknown / not stated,Sealed,Dry,Fine,Daylight,On,No traffic controls,60 km/h,State,29,Other opposing,200,Opp - other,,Other angle,Car (sedan/hatch),Car (sedan/hatch),2,0,0,0,0,11,November,Spring,Monday,14:00 - 15:59,Midday / afternoon,False,False,False,False
1368169,Non-casualty (towaway),Non-casualty (towaway),2024,2024,November,Saturday,16:00 - 17:59,CENTENARY,DR,0,Right on the spot,WEEROONA,RD,STRATHFIELD,200.0,No,Not a school zone,T-junction,-33.875349,151.067121,Strathfield,Sydney metro. area,Syd-Newc-Woll Gtr conurbation,Straight,,,,Unknown / not stated,Sealed,Wet,Overcast,Dusk,On,No traffic controls,80 km/h,State,30,Rear end,301,Same - Rear end,,Rear end,Car (sedan/hatch),Light truck utility(from 2018),3,0,0,0,0,11,November,Spring,Saturday,16:00 - 17:59,PM peak / evening commute,True,False,False,False
1368172,Non-casualty (towaway),Non-casualty (towaway),2024,2024,November,Friday,14:00 - 15:59,PEMBROKE,RD,20,South,MONAGHAN,ST,MINTO,680.0,Yes,No,Divided road,-34.027639,150.849198,Campbelltown,Sydney metro. area,Syd-Newc-Woll Gtr conurbation,Straight,,,,Unknown / not stated,Sealed,Dry,Fine,Daylight,Nil,No traffic controls,60 km/h,State,30,Rear end,301,Same - Rear end,,Rear end,Light truck utility(from 2018),4 wheel drive / SUV,2,0,0,0,0,11,November,Spring,Friday,14:00 - 15:59,Midday / afternoon,False,False,False,False
1368173,Non-casualty (towaway),Non-casualty (towaway),2024,2024,December,Monday,08:00 - 09:59,IRRAWANG,ST,0,Right on the spot,KANGAROO,ST,RAYMOND TERRACE,,No,Not a school zone,X-intersection,-32.762637,151.750305,Port Stephens,Country urban,Rest of NSW - Urban,Straight,,,,Unknown / not stated,Sealed,Dry,Fine,Daylight,Nil,Stop sign,50 km/h,Local,10,Cross traffic,101,Adj - Cross traffic,,Right angle,Light truck utility(from 2018),Car (sedan/hatch),2,0,0,0,0,12,December,Summer,Monday,08:00 - 09:59,AM peak / school commute,True,False,False,False
1368178,Non-casualty (towaway),Non-casualty (towaway),2024,2024,November,Saturday,18:00 - 19:59,KING GEORGES,RD,50,South,GREENACRE,RD,SOUTH HURSTVILLE,200.0,No,Not a school zone,2-way undivided,-33.977004,151.104412,Georges River,Sydney metro. area,Syd-Newc-Woll Gtr conurbation,Straight,,,,Unknown / not stated,Sealed,Wet,Raining,Dusk,Nil,No traffic controls,60 km/h,State,70,Off road to left,701,Off carriageway to left,,Rollover,Car (sedan/hatch),,1,0,0,0,0,11,November,Spring,Saturday,18:00 - 19:59,PM peak / evening commute,True,False,False,False
1368181,Non-casualty (towaway),Non-casualty (towaway),2024,2024,November,Wednesday,08:00 - 09:59,PRINCES,HWY,1000,North,MONDAYONG,RD,TWELVE MILE PEG,1.0,No,Not a school zone,2-way undivided,-35.159281,150.448276,Shoalhaven,Country non-urban,Rest of NSW - Rural,Straight,,,,Unknown / not stated,Sealed,Dry,Overcast,Daylight,Nil,No traffic controls,100 km/h,State,20,Head on,201,Opp - Head on,,Head-on,4 wheel drive / SUV,Car (sedan/hatch),2,0,0,0,0,11,November,Spring,Wednesday,08:00 - 09:59,AM peak / school commute,True,False,False,False
1368183,Non-casualty (towaway),Non-casualty (towaway),2024,2024,November,Thursday,08:00 - 09:59,BREAKFAST,RD,0,Right on the spot,CRUDGE,RD,MARAYONG,,Yes,No,T-junction,-33.748479,150.890605,Blacktown,Sydney metro. area,Syd-Newc-Woll Gtr conurbation,Straight,,,,Unknown / not stated,Sealed,Dry,Fine,Daylight,Nil,No traffic controls,50 km/h,Local,30,Rear end,301,Same - Rear end,,Rear end,Car (sedan/hatch),Light truck utility(from 2018),2,0,0,0,0,11,November,Spring,Thursday,08:00 - 09:59,AM peak / school commute,True,False,False,False
1368184,Non-casualty (towaway),Non-casualty (towaway),2024,2024,December,Saturday,16:00 - 17:59,BOULTWOOD,ST,0,Right on the spot,PHILLIP,ST,COFFS HARBOUR,,No,Not a school zone,X-intersection,-30.287132,153.13275,Coffs Harbour,Country urban,Rest of NSW - Urban,Straight,,,,Unknown / not stated,Sealed,Dry,Fine,Daylight,Nil,Give way sign,50 km/h,Local,12,Left far,103,Adj - Left-thru from left,,Right angle,Car (sedan/hatch),Car (sedan/hatch),2,0,0,0,0,12,December,Summer,Saturday,16:00 - 17:59,PM peak / evening commute,True,False,False,False
1368185,Non-casualty (towaway),Non-casualty (towaway),2024,2024,November,Friday,08:00 - 09:59,COPPERFIELD,DR,0,Right on the spot,JULIUS,RD,ROSEMEADOW,,No,Not a school zone,Roundabout,-34.100961,150.797734,Campbelltown,Sydney metro. area,Syd-Newc-Woll Gtr conurbation,Straight,Driveway/entrance,,,Unknown / not stated,Sealed,Dry,Fine,Daylight,Nil,Give way sign,60 km/h,Local,47,Emerging from drive,406,Manov - Emerging from driveway,,Right angle,Car (sedan/hatch),4 wheel drive / SUV,2,0,0,0,0,11,November,Spring,Friday,08:00 - 09:59,AM peak / school commute,True,False,False,False
1368187,Non-casualty (towaway),Non-casualty (towaway),2024,2024,November,Tuesday,12:00 - 13:59,RAWSON,ST,0,Right on the spot,NUMBER 43,HN,AUBURN,2069.0,No,Not a school zone,2-way undivided,-33.850277,151.035212,Cumberland,Sydney metro. area,Syd-Newc-Woll Gtr conurbation,Straight,,,,Unknown / not stated,Sealed,Dry,Fine,Daylight,Nil,No traffic controls,50 km/h,Regional,45,Reversing,404,Manov - Reverse in traffic,,Other angle,Light truck,Car (sedan/hatch),2,0,0,0,0,11,November,Spring,Tuesday,12:00 - 13:59,Midday / afternoon,False,False,False,False
1368189,Non-casualty (towaway),Non-casualty (towaway),2024,2024,October,Thursday,08:00 - 09:59,SOUTHERN,EXP,570,South,FIVE ISLANDS ROAD,OP,UNANDERRA,6006.0,No,Not a school zone,Dual freeway,-34.459011,150.854414,Wollongong,Wollongong met. area,Syd-Newc-Woll Gtr conurbation,Straight,,,,Unknown / not stated,Sealed,Dry,Fine,Daylight,Nil,No traffic controls,100 km/h,State,30,Rear end,301,Same - Rear end,,Rear end,Semi-trailer,Light truck,3,0,0,0,0,10,October,Spring,Thursday,08:00 - 09:59,AM peak / school commute,True,False,False,False
1368191,Non-casualty (towaway),Non-casualty (towaway),2024,2024,November,Tuesday,10:00 - 11:59,OLD NORTHERN,RD,0,Right on the spot,CROSS,ST,BAULKHAM HILLS,160.0,No,Not a school zone,T-junction,-33.752618,150.994155,The Hills,Sydney metro. area,Syd-Newc-Woll Gtr conurbation,Straight,,,,Unknown / not stated,Sealed,Dry,Overcast,Daylight,Nil,No traffic controls,60 km/h,State,31,Left rear,302,Same - Rear left,,Rear end,Light truck,Station wagon,2,0,0,0,0,11,November,Spring,Tuesday,10:00 - 11:59,Midday / afternoon,False,False,False,False
1368192,Non-casualty (towaway),Non-casualty (towaway),2024,2024,November,Friday,16:00 - 17:59,JENKINS,RD,0,Right on the spot,JAMES,ST,CARLINGFORD,7145.0,No,Not a school zone,T-junction,-33.781822,151.045315,Parramatta,Sydney metro. area,Syd-Newc-Woll Gtr conurbation,Straight,,,,Unknown / not stated,Sealed,Dry,Unknown,Daylight,Nil,No traffic controls,50 km/h,Regional,13,Right near,104,Adj - Right-thru from right,,Right angle,4 wheel drive / SUV,Light truck,2,0,0,0,0,11,November,Spring,Friday,16:00 - 17:59,PM peak / evening commute,True,False,False,False
1368193,Non-casualty (towaway),Non-casualty (towaway),2024,2024,November,Thursday,20:00 - 21:59,THE WOODS,CCT,0,Right on the spot,NUMBER 13,HN,MENAI,,No,Not a school zone,2-way undivided,-34.018816,151.017712,Sutherland,Sydney metro. area,Syd-Newc-Woll Gtr conurbation,Straight,,,,Unknown / not stated,Sealed,Dry,Fine,Darkness,Nil,No traffic controls,50 km/h,Local,43,Entering parking,402,Manov - Entering parking veh,,Other angle,Car (sedan/hatch),4 wheel drive / SUV,2,0,0,0,0,11,November,Spring,Thursday,20:00 - 21:59,Evening / night,False,False,False,False
1368197,Non-casualty (towaway),Non-casualty (towaway),2024,2024,November,Friday,16:00 - 17:59,FIVE ISLANDS,RD,0,Right on the spot,GLASTONBURY,AVE,UNANDERRA,295.0,No,Not a school zone,Roundabout,-34.456542,150.859935,Wollongong,Wollongong met. area,Syd-Newc-Woll Gtr conurbation,Straight,,,,Unknown / not stated,Sealed,Wet,Raining,Daylight,Nil,Give way sign,80 km/h,State,30,Rear end,301,Same - Rear end,,Rear end,Station wagon,Car (sedan/hatch),3,0,0,0,0,11,November,Spring,Friday,16:00 - 17:59,PM peak / evening commute,True,False,False,False
1368198,Non-casualty (towaway),Non-casualty (towaway),2024,2024,November,Monday,06:00 - 07:59,COLLINS,ST,0,Right on the spot,ANNANDALE,ST,ANNANDALE,2013.0,No,Not a school zone,X-intersection,-33.883165,151.1683,Inner West,Sydney metro. area,Syd-Newc-Woll Gtr conurbation,Straight,Steep grade,,,Unknown / not stated,Sealed,Dry,Overcast,Daylight,Nil,Stop sign,50 km/h,Regional,21,Right through,202,Opp - Right-thru,,Other angle,Car (sedan/hatch),Car (sedan/hatch),2,0,0,0,0,11,November,Spring,Monday,06:00 - 07:59,AM peak / school commute,True,False,False,False
1368200,Non-casualty (towaway),Non-casualty (towaway),2024,2024,October,Tuesday,12:00 - 13:59,BANKSIA,DR,50,East,BAYSHORE,DR,BYRON BAY,,No,Not a school zone,2-way undivided,-28.634244,153.582861,Byron,Country urban,Rest of NSW - Urban,Straight,,,,Unknown / not stated,Sealed,Dry,Fine,Daylight,Nil,No traffic controls,50 km/h,Local,43,Entering parking,402,Manov - Entering parking veh,,Other angle,4 wheel drive / SUV,Light truck,2,0,0,0,0,10,October,Spring,Tuesday,12:00 - 13:59,Midday / afternoon,False,False,False,False
1368201,Non-casualty (towaway),Non-casualty (towaway),2024,2024,November,Thursday,16:00 - 17:59,OLD NORTHERN,RD,50,North,SHOWGROUND,RD,CASTLE HILL,,No,Not a school zone,2-way undivided,-33.733448,151.004317,The Hills,Sydney metro. area,Syd-Newc-Woll Gtr conurbation,Straight,,,,Unknown / not stated,Sealed,Dry,Fine,Daylight,Nil,No traffic controls,40 km/h,Local,30,Rear end,301,Same - Rear end,,Rear end,Motorcycle,Car (sedan/hatch),2,0,0,0,0,11,November,Spring,Thursday,16:00 - 17:59,PM peak / evening commute,True,False,False,False
1368206,Non-casualty (towaway),Non-casualty (towaway),2024,2024,November,Saturday,00:01 - 01:59,WOODSTOCK,RD,230,North,HOBBS,LANE,WOODSTOCK,,No,Not a school zone,2-way undivided,-35.344361,150.410659,Shoalhaven,Country urban,Rest of NSW - Urban,Curved,,,,Unknown / not stated,Sealed,Wet,Snowing,Darkness,Nil,No traffic controls,80 km/h,Local,80,Off left/right bend,801,Off cway right bend,Left,Rollover,4 wheel drive / SUV,,1,0,0,0,0,11,November,Spring,Saturday,00:01 - 01:59,Late night / early morning,False,False,False,False
1368208,Non-casualty (towaway),Non-casualty (towaway),2024,2024,November,Thursday,06:00 - 07:59,LLEWELLYN,ST,0,Right on the spot,RAILWAY,ST,MEREWETHER,,No,Not a school zone,Roundabout,-32.938592,151.749758,Newcastle,Newcastle met. area,Syd-Newc-Woll Gtr conurbation,Curved,,,,Unknown / not stated,Sealed,Dry,Fine,Daylight,Nil,Give way sign,50 km/h,Local,10,Cross traffic,101,Adj - Cross traffic,,Right angle,Light truck,4 wheel drive / SUV,2,0,0,0,0,11,November,Spring,Thursday,06:00 - 07:59,AM peak / school commute,True,False,False,False
1368218,Non-casualty (towaway),Non-casualty (towaway),2024,2024,November,Sunday,08:00 - 09:59,HILLCREST,AVE,0,Right on the spot,OLD SOUTHERN,RD,SOUTH NOWRA,,No,Not a school zone,Roundabout,-34.900529,150.616957,Shoalhaven,Country urban,Rest of NSW - Urban,Curved,,,,Unknown / not stated,Sealed,Dry,Fine,Daylight,Nil,Give way sign,50 km/h,Local,10,Cross traffic,101,Adj - Cross traffic,,Right angle,Station wagon,Motorcycle,2,0,0,0,0,11,November,Spring,Sunday,08:00 - 09:59,AM peak / school commute,True,False,False,False
1368220,Non-casualty (towaway),Non-casualty (towaway),2024,2024,November,Thursday,16:00 - 17:59,HUME,HWY,300,South,WELLS CREEK,BDGE,SUTTON FOREST,2.0,No,Not a school zone,Divided road,-34.533868,150.283942,Wingecarribee,Country non-urban,Rest of NSW - Rural,Straight,,,,Unknown / not stated,Sealed,Wet,Raining,Daylight,Nil,No traffic controls,110 km/h,State,71,Off rd left => obj,703,Left off cway into object,,Vehicle - Object,Utility,,1,0,0,0,0,11,November,Spring,Thursday,16:00 - 17:59,PM peak / evening commute,True,False,False,False