crash_id,degree_of_crash,degree_of_crash_-_detailed,reporting_year,year_of_crash,month_of_crash,day_of_week_of_crash,two-hour_intervals,street_of_crash,street_type,distance,direction,identifying_feature,identifying_feature_type,town,route_no.,school_zone_location,school_zone_active,type_of_location,latitude,longitude,lga,urbanisation,conurbation_1,alignment,primary_permanent_feature,primary_temporary_feature,primary_hazardous_feature,street_lighting,road_surface,surface_condition,weather,natural_lighting,signals_operation,other_traffic_control,speed_limit,road_classification_(admin),rum_-_code,rum_-_description,dca_-_code,dca_-_description,dca_supplement,first_impact_type,key_tu_type,other_tu_type,no._of_traffic_units_involved,no._killed,no._seriously_injured,no._moderately_injured,no._minor-other_injured,month_num,month_label,season,day_label,time_label,time_band,is_peak_commute,is_fatal,is_injury,is_casualty
1368223,Non-casualty (towaway),Non-casualty (towaway),2024,2024,December,Saturday,16:00 - 17:59,AUSTRALIS,DR,0,Right on the spot,NUMBER 20,HN,ROPES CROSSING,,No,Not a school zone,2-way undivided,-33.72754,150.783999,Blacktown,Sydney metro. area,Syd-Newc-Woll Gtr conurbation,Straight,,,,Unknown / not stated,Sealed,Dry,Fine,Daylight,Nil,No traffic controls,50 km/h,Local,20,Head on,201,Opp - Head on,,Head-on,Car (sedan/hatch),Car (sedan/hatch),2,0,0,0,0,12,December,Summer,Saturday,16:00 - 17:59,PM peak / evening commute,True,False,False,False
1368226,Non-casualty (towaway),Non-casualty (towaway),2024,2024,October,Wednesday,14:00 - 15:59,CENTRAL COAST,HWY,0,Right on the spot,NUMBER 76,HN,EAST GOSFORD,30.0,Yes,No,Divided road,-33.437058,151.351768,Central Coast,Country urban,Syd-Newc-Woll Gtr conurbation,Straight,Underpass/tunnel,,,Unknown / not stated,Sealed,Dry,Fine,Daylight,Nil,No traffic controls,60 km/h,State,30,Rear end,301,Same - Rear end,,Rear end,Car (sedan/hatch),Light truck utility(from 2018),2,0,0,0,0,10,October,Spring,Wednesday,14:00 - 15:59,Midday / afternoon,False,False,False,False
1368231,Non-casualty (towaway),Non-casualty (towaway),2024,2024,November,Tuesday,08:00 - 09:59,RUSSELL,RD,0,Right on the spot,NUMBER 159,HN,NEW LAMBTON,223.0,No,Not a school zone,2-way undivided,-32.922046,151.704668,Newcastle,Newcastle met. area,Syd-Newc-Woll Gtr conurbation,Straight,,,,Unknown / not stated,Sealed,Dry,Fine,Daylight,Nil,No traffic controls,60 km/h,Regional,40,U turn,207,Opp - U-turn,,Other angle,4 wheel drive / SUV,Car (sedan/hatch),2,0,0,0,0,11,November,Spring,Tuesday,08:00 - 09:59,AM peak / school commute,True,False,False,False
1368233,Non-casualty (towaway),Non-casualty (towaway),2024,2024,October,Wednesday,16:00 - 17:59,BARKER,AVE,0,Right on the spot,NUMBER 24,HN,SILVERWATER,,No,Not a school zone,2-way undivided,-33.842643,151.04551,Parramatta,Sydney metro. area,Syd-Newc-Woll Gtr conurbation,Straight,,,,Unknown / not stated,Sealed,Dry,Fine,Daylight,Nil,No traffic controls,50 km/h,Local,39,Other same direction,300,Same - other,,Other angle,Light truck,Large rigid,2,0,0,0,0,10,October,Spring,Wednesday,16:00 - 17:59,PM peak / evening commute,True,False,False,False
1368234,Non-casualty (towaway),Non-casualty (towaway),2024,2024,November,Thursday,06:00 - 07:59,KANGAROO FLAT,RD,10000,East,OXLEY,HWY,YARROWITCH,,No,Not a school zone,2-way undivided,-31.245255,152.056347,Walcha,Country non-urban,Rest of NSW - Rural,Curved,,,,Unknown / not stated,Sealed,Dry,Fine,Dawn,Nil,No traffic controls,100 km/h,Local,86,Off left/left bend,802,Off cway left bend,Left,Rollover,4 wheel drive / SUV,,1,0,0,0,0,11,November,Spring,Thursday,06:00 - 07:59,AM peak / school commute,True,False,False,False
1368235,Non-casualty (towaway),Non-casualty (towaway),2024,2024,November,Friday,14:00 - 15:59,BARRY,AVE,0,Right on the spot,NUMBER 144,HN,CATHERINE FIELD,,No,Not a school zone,2-way undivided,-33.956656,150.756654,Camden,Sydney metro. area,Syd-Newc-Woll Gtr conurbation,Straight,Driveway/entrance,,,Unknown / not stated,Sealed,Dry,Fine,Daylight,Nil,No traffic controls,80 km/h,Local,53,Overtake turning,506,Ovtak - Overtaking right turn,,Other angle,4 wheel drive / SUV,4 wheel drive / SUV,2,0,0,0,0,11,November,Spring,Friday,14:00 - 15:59,Midday / afternoon,False,False,False,False
1368236,Non-casualty (towaway),Non-casualty (towaway),2024,2024,November,Saturday,10:00 - 11:59,GREAT WESTERN,HWY,0,Right on the spot,LANSDOWNE,ST,PARRAMATTA,5.0,No,Not a school zone,T-junction,-33.821907,151.004152,Parramatta,Sydney metro. area,Syd-Newc-Woll Gtr conurbation,Straight,,,,Unknown / not stated,Sealed,Dry,Fine,Daylight,Nil,Give way sign,60 km/h,State,13,Right near,104,Adj - Right-thru from right,,Right angle,Car (sedan/hatch),Car (sedan/hatch),2,0,0,0,0,11,November,Spring,Saturday,10:00 - 11:59,Midday / afternoon,False,False,False,False
1368240,Non-casualty (towaway),Non-casualty (towaway),2024,2024,November,Saturday,12:00 - 13:59,MARION,ST,0,Right on the spot,NUMBER 172,HN,BANKSTOWN,7121.0,No,Not a school zone,2-way undivided,-33.91719,151.021253,Canterbury-Bankstown,Sydney metro. area,Syd-Newc-Woll Gtr conurbation,Straight,Driveway/entrance,,,Unknown / not stated,Sealed,Dry,Fine,Daylight,Nil,No traffic controls,60 km/h,Regional,47,Emerging from drive,406,Manov - Emerging from driveway,,Right angle,Car (sedan/hatch),Car (sedan/hatch),2,0,0,0,0,11,November,Spring,Saturday,12:00 - 13:59,Midday / afternoon,False,False,False,False
1368241,Non-casualty (towaway),Non-casualty (towaway),2024,2024,November,Friday,04:00 - 05:59,BEN BOYD,RD,46,North,UNDERCLIFF,ST,NEUTRAL BAY,,No,Not a school zone,2-way undivided,-33.834564,151.218682,North Sydney,Sydney metro. area,Syd-Newc-Woll Gtr conurbation,Curved,Steep grade,,,Unknown / not stated,Sealed,Wet,Raining,Dawn,Nil,No traffic controls,50 km/h,Local,81,Off left/rt bnd=>obj,803,Off right bend into obj,Left,Other angle,4 wheel drive / SUV,Car (sedan/hatch),2,0,0,0,0,11,November,Spring,Friday,04:00 - 05:59,Late night / early morning,False,False,False,False
1368246,Non-casualty (towaway),Non-casualty (towaway),2024,2024,December,Friday,10:00 - 11:59,PACIFIC,HWY,0,Right on the spot,PARK,AVE,COFFS HARBOUR,10.0,No,Not a school zone,X-intersection,-30.297186,153.113092,Coffs Harbour,Country urban,Rest of NSW - Urban,Straight,,,,Unknown / not stated,Sealed,Dry,Fine,Daylight,On,No traffic controls,60 km/h,State,30,Rear end,301,Same - Rear end,,Rear end,B-double (road train prior 98),4 wheel drive / SUV,2,0,0,0,0,12,December,Summer,Friday,10:00 - 11:59,Midday / afternoon,False,False,False,False
1368247,Non-casualty (towaway),Non-casualty (towaway),2024,2024,November,Thursday,22:00 - Midnight,WESTERN,EXP,0,Right on the spot,CUMBERLAND HIGHWAY,OP,SOUTH WENTWORTHVILLE,6004.0,No,Not a school zone,Dual freeway,-33.81679,150.966597,Cumberland,Sydney metro. area,Syd-Newc-Woll Gtr conurbation,Straight,,,,Unknown / not stated,Sealed,Wet,Raining,Darkness,Nil,No traffic controls,90 km/h,State,35,Lane change left,307,Same - Lane change left,,Other angle,Large rigid,Car (sedan/hatch),2,0,0,0,0,11,November,Spring,Thursday,22:00 - Midnight,Evening / night,False,False,False,False
1368248,Non-casualty (towaway),Non-casualty (towaway),2024,2024,August,Friday,10:00 - 11:59,PACIFIC,HWY,10,North,RIDLEY,ST,CHARLESTOWN,10.0,No,Not a school zone,X-intersection,-32.962164,151.696062,Lake Macquarie,Newcastle met. area,Syd-Newc-Woll Gtr conurbation,Straight,,,,Off,Sealed,Dry,Fine,Daylight,Off,No traffic controls,60 km/h,State,71,Off rd left => obj,703,Left off cway into object,,Other angle,Large rigid,Light truck utility(from 2018),2,0,0,0,0,8,August,Winter,Friday,10:00 - 11:59,Midday / afternoon,False,False,False,False
1368249,Non-casualty (towaway),Non-casualty (towaway),2024,2024,November,Thursday,20:00 - 21:59,BLACK RANGE,RD,0,Right on the spot,NUMBER 473,HN,BOWNING,,No,Not a school zone,2-way undivided,-34.823982,148.838114,Yass Valley,Country non-urban,Rest of NSW - Rural,Curved,Embankment/cutting,,,Unknown / not stated,Sealed,Dry,Fine,Darkness,Nil,No traffic controls,100 km/h,Local,81,Off left/rt bnd=>obj,803,Off right bend into obj,Left,Vehicle - Object,Light truck,,1,0,0,0,0,11,November,Spring,Thursday,20:00 - 21:59,Evening / night,False,False,False,False
1368250,Non-casualty (towaway),Non-casualty (towaway),2024,2024,October,Tuesday,08:00 - 09:59,HYTHE,ST,0,Right on the spot,NUMBER 44,HN,MOUNT DRUITT,,No,Not a school zone,2-way undivided,-33.763829,150.824724,Blacktown,Sydney metro. area,Syd-Newc-Woll Gtr conurbation,Straight,Crest,,,Unknown / not stated,Sealed,Dry,Fine,Daylight,Nil,No traffic controls,50 km/h,Local,20,Head on,201,Opp - Head on,,Head-on,Car (sedan/hatch),Car (sedan/hatch),2,0,0,0,0,10,October,Spring,Tuesday,08:00 - 09:59,AM peak / school commute,True,False,False,False
1368253,Non-casualty (towaway),Non-casualty (towaway),2024,2024,December,Tuesday,14:00 - 15:59,DEBRINCAT,AVE,0,Right on the spot,MAPLE,RD,NORTH ST MARYS,7168.0,No,Not a school zone,X-intersection,-33.755246,150.786772,Penrith,Sydney metro. area,Syd-Newc-Woll Gtr conurbation,Straight,,,,Unknown / not stated,Sealed,Dry,Fine,Daylight,Nil,Give way sign,50 km/h,Regional,16,Left near,107,Adj - Left-thru from right,,Right angle,Car (sedan/hatch),Light truck,2,0,0,0,0,12,December,Summer,Tuesday,14:00 - 15:59,Midday / afternoon,False,False,False,False
1368255,Non-casualty (towaway),Non-casualty (towaway),2024,2024,December,Friday,12:00 - 13:59,M2 HILLS,EXP,350,East,CUMBERLAND HIGHWAY,OP,BEECROFT,6002.0,No,Not a school zone,Dual freeway,-33.758257,151.052843,Parramatta,Sydney metro. area,Syd-Newc-Woll Gtr conurbation,Straight,,,,Unknown / not stated,Sealed,Dry,Fine,Daylight,Nil,No traffic controls,100 km/h,State,30,Rear end,301,Same - Rear end,,Rear end,Large rigid,Light truck utility(from 2018),2,0,0,0,0,12,December,Summer,Friday,12:00 - 13:59,Midday / afternoon,False,False,False,False
1368258,Non-casualty (towaway),Non-casualty (towaway),2024,2024,December,Thursday,12:00 - 13:59,PACIFIC,HWY,0,Right on the spot,APANIE,AVE,NIAGARA PARK,10.0,No,Not a school zone,T-junction,-33.391485,151.353281,Central Coast,Country urban,Syd-Newc-Woll Gtr conurbation,Straight,,,,Unknown / not stated,Sealed,Dry,Fine,Daylight,Nil,No traffic controls,60 km/h,State,49,Other manoeuvring,400,Manov - other,,Other angle,Car (sedan/hatch),Light truck utility(from 2018),2,0,0,0,0,12,December,Summer,Thursday,12:00 - 13:59,Midday / afternoon,False,False,False,False
1368259,Non-casualty (towaway),Non-casualty (towaway),2024,2024,November,Tuesday,04:00 - 05:59,WESTERN,EXP,999999,Unknown/not stated,UNKNOWN,UK,GREYSTANES,6004.0,No,Not a school zone,Dual freeway,-33.811824,150.945413,Cumberland,Sydney metro. area,Syd-Newc-Woll Gtr conurbation,Straight,,,,Unknown / not stated,Sealed,Dry,Fine,Darkness,Nil,No traffic controls,100 km/h,State,39,Other same direction,300,Same - other,,Other angle,Light truck utility(from 2018),Light truck utility(from 2018),3,0,0,0,0,11,November,Spring,Tuesday,04:00 - 05:59,Late night / early morning,False,False,False,False
1368263,Non-casualty (towaway),Non-casualty (towaway),2024,2024,December,Thursday,16:00 - 17:59,CENTRAL COAST,HWY,0,Right on the spot,BRISBANE WATER,DR,WEST GOSFORD,30.0,No,Not a school zone,X-intersection,-33.427301,151.317671,Central Coast,Country urban,Syd-Newc-Woll Gtr conurbation,Straight,,,,Unknown / not stated,Sealed,Dry,Fine,Daylight,On,No traffic controls,70 km/h,State,30,Rear end,301,Same - Rear end,,Rear end,4 wheel drive / SUV,4 wheel drive / SUV,3,0,0,0,0,12,December,Summer,Thursday,16:00 - 17:59,PM peak / evening commute,True,False,False,False
1368267,Non-casualty (towaway),Non-casualty (towaway),2024,2024,October,Thursday,20:00 - 21:59,NEWCASTLE,EXP,1000,East,PEATS RIDGE ROAD,OP,CALGA,6003.0,No,Not a school zone,Dual freeway,-33.426572,151.237422,Central Coast,Country non-urban,Syd-Newc-Woll Gtr conurbation,Curved,Steep grade,,,Unknown / not stated,Sealed,Wet,Raining,Darkness,Nil,No traffic controls,110 km/h,State,81,Off left/rt bnd=>obj,803,Off right bend into obj,Left,Vehicle - Object,Car (sedan/hatch),,1,0,0,0,0,10,October,Spring,Thursday,20:00 - 21:59,Evening / night,False,False,False,False
1368268,Non-casualty (towaway),Non-casualty (towaway),2024,2024,November,Monday,16:00 - 17:59,THUNDERBOLTS,WAY,15250,North,WALCHA,TN,SALISBURY PLAINS,73.0,No,Not a school zone,2-way undivided,-30.84823,151.544829,Uralla,Country non-urban,Rest of NSW - Rural,Curved,Embankment/cutting,,,Unknown / not stated,Sealed,Wet,Overcast,Daylight,Nil,No traffic controls,100 km/h,Regional,88,Out of cont on bend,805,Out of control on bend,,Rollover,Car (sedan/hatch),,1,0,0,0,0,11,November,Spring,Monday,16:00 - 17:59,PM peak / evening commute,True,False,False,False
1368270,Non-casualty (towaway),Non-casualty (towaway),2024,2024,December,Sunday,18:00 - 19:59,DUMARESQ,ST,0,Right on the spot,GORDON,AVE,HAMILTON,,No,Not a school zone,X-intersection,-32.928775,151.750538,Newcastle,Newcastle met. area,Syd-Newc-Woll Gtr conurbation,Straight,,,,Unknown / not stated,Sealed,Dry,Fine,Dusk,Nil,Stop sign,50 km/h,Local,10,Cross traffic,101,Adj - Cross traffic,,Right angle,Car (sedan/hatch),Car (sedan/hatch),2,0,0,0,0,12,December,Summer,Sunday,18:00 - 19:59,PM peak / evening commute,True,False,False,False
1368271,Non-casualty (towaway),Non-casualty (towaway),2024,2024,November,Tuesday,06:00 - 07:59,PARKER,ST,0,Right on the spot,LETHBRIDGE,ST,PENRITH,154.0,No,Not a school zone,T-junction,-33.758942,150.711374,Penrith,Sydney metro. area,Syd-Newc-Woll Gtr conurbation,Straight,,,,Unknown / not stated,Sealed,Dry,Overcast,Daylight,Nil,Give way sign,70 km/h,State,16,Left near,107,Adj - Left-thru from right,,Right angle,4 wheel drive / SUV,Light truck utility(from 2018),2,0,0,0,0,11,November,Spring,Tuesday,06:00 - 07:59,AM peak / school commute,True,False,False,False
1368273,Non-casualty (towaway),Non-casualty (towaway),2024,2024,November,Tuesday,10:00 - 11:59,FOREST,RD,0,Right on the spot,PREDDYS,RD,BEXLEY,168.0,No,Not a school zone,T-junction,-33.954402,151.119056,Bayside,Sydney metro. area,Syd-Newc-Woll Gtr conurbation,Straight,,,,Unknown / not stated,Sealed,Dry,Overcast,Daylight,On,No traffic controls,60 km/h,State,30,Rear end,301,Same - Rear end,,Rear end,Car (sedan/hatch),Station wagon,2,0,0,0,0,11,November,Spring,Tuesday,10:00 - 11:59,Midday / afternoon,False,False,False,False
1368280,Non-casualty (towaway),Non-casualty (towaway),2024,2024,December,Monday,14:00 - 15:59,OXLEY,HWY,0,Right on the spot,NUMBER 3929,HN,SOMERTON,11.0,No,Not a school zone,2-way undivided,-30.968058,150.66768,Tamworth Regional,Country non-urban,Rest of NSW - Rural,Straight,,,,Unknown / not stated,Sealed,Dry,Fine,Daylight,Nil,No traffic controls,100 km/h,State,71,Off rd left => obj,703,Left off cway into object,,Vehicle - Object,Station wagon,,1,0,0,0,0,12,December,Summer,Monday,14:00 - 15:59,Midday / afternoon,False,False,False,False
1368281,Non-casualty (towaway),Non-casualty (towaway),2024,2024,November,Wednesday,16:00 - 17:59,LIVINGSTONE,RD,0,Right on the spot,ADDISON,RD,PETERSHAM,664.0,No,Not a school zone,T-junction,-33.89949,151.15354,Inner West,Sydney metro. area,Syd-Newc-Woll Gtr conurbation,Straight,,,,Unknown / not stated,Sealed,Dry,Fine,Daylight,On,No traffic controls,50 km/h,State,71,Off rd left => obj,703,Left off cway into object,,Vehicle - Object,Car (sedan/hatch),,1,0,0,0,0,11,November,Spring,Wednesday,16:00 - 17:59,PM peak / evening commute,True,False,False,False
1368282,Non-casualty (towaway),Non-casualty (towaway),2024,2024,November,Wednesday,10:00 - 11:59,THE LAKES,WAY,0,Right on the spot,FORSTER TUNCURRY,BDGE,WALLIS LAKE,692.0,No,Not a school zone,2-way undivided,-32.179961,152.507645,Mid-Coast,Country urban,Rest of NSW - Urban,Straight,Other bridge,,,Unknown / not stated,Sealed,Dry,Fine,Daylight,Nil,No traffic controls,50 km/h,State,20,Head on,201,Opp - Head on,,Head-on,Light truck utility(from 2018),4 wheel drive / SUV,2,0,0,0,0,11,November,Spring,Wednesday,10:00 - 11:59,Midday / afternoon,False,False,False,False
1368283,Non-casualty (towaway),Non-casualty (towaway),2024,2024,December,Thursday,08:00 - 09:59,BOTTLEBRUSH,ST,0,Right on the spot,NUMBER 26,HN,THURGOONA,,Yes,No,2-way undivided,-36.048384,146.983791,Albury,Country urban,Rest of NSW - Urban,Curved,Driveway/entrance,,,Unknown / not stated,Sealed,Dry,Fine,Daylight,Nil,No traffic controls,50 km/h,Local,81,Off left/rt bnd=>obj,803,Off right bend into obj,Left,Vehicle - Object,Car (sedan/hatch),,1,0,0,0,0,12,December,Summer,Thursday,08:00 - 09:59,AM peak / school commute,True,False,False,False
1368288,Non-casualty (towaway),Non-casualty (towaway),2024,2024,August,Sunday,14:00 - 15:59,MIDDLE BOAMBEE,RD,0,Right on the spot,NUMBER 82,HN,BOAMBEE,,No,Not a school zone,2-way undivided,-30.334376,153.061559,Coffs Harbour,Country urban,Rest of NSW - Urban,Curved,Driveway/entrance,,,Unknown / not stated,Sealed,Dry,Fine,Daylight,Nil,No traffic controls,50 km/h,Local,81,Off left/rt bnd=>obj,803,Off right bend into obj,Left,Vehicle - Object,4 wheel drive / SUV,,1,0,0,0,0,8,August,Winter,Sunday,14:00 - 15:59,Midday / afternoon,False,False,False,False
1368289,Non-casualty (towaway),Non-casualty (towaway),2024,2024,November,Sunday,12:00 - 13:59,CAPTAIN COOK,DR,300,West,WOOLOOWARE,RD,WOOLOOWARE,2075.0,No,Not a school zone,Divided road,-34.039344,151.140176,Sutherland,Sydney metro. area,Syd-Newc-Woll Gtr conurbation,Straight,,,,Unknown / not stated,Sealed,Dry,Fine,Daylight,Nil,No traffic controls,70 km/h,Regional,30,Rear end,301,Same - Rear end,,Rear end,Light truck utility(from 2018),4 wheel drive / SUV,3,0,0,0,0,11,November,Spring,Sunday,12:00 - 13:59,Midday / afternoon,False,False,False,False
1368290,Non-casualty (towaway),Non-casualty (towaway),2024,2024,December,Friday,12:00 - 13:59,ALICE,RD,0,Right on the spot,VICTORIA,RD,MACQUARIE FIELDS,,No,Not a school zone,T-junction,-33.984169,150.888465,Campbelltown,Sydney metro. area,Syd-Newc-Woll Gtr conurbation,Straight,,,,Unknown / not stated,Sealed,Dry,Fine,Daylight,Nil,No traffic controls,50 km/h,Local,16,Left near,107,Adj - Left-thru from right,,Right angle,Car (sedan/hatch),Car (sedan/hatch),2,0,0,0,0,12,December,Summer,Friday,12:00 - 13:59,Midday / afternoon,False,False,False,False
1368291,Non-casualty (towaway),Non-casualty (towaway),2024,2024,October,Thursday,14:00 - 15:59,STONEQUARRY,WAY,0,Right on the spot,NUMBER 1,HN,CARNES HILL,,No,Not a school zone,2-way undivided,-33.937603,150.846687,Liverpool,Sydney metro. area,Syd-Newc-Woll Gtr conurbation,Straight,Driveway/entrance,,,Unknown / not stated,Sealed,Dry,Fine,Daylight,Nil,No traffic controls,50 km/h,Local,47,Emerging from drive,406,Manov - Emerging from driveway,,Right angle,Car (sedan/hatch),Car (sedan/hatch),2,0,0,0,0,10,October,Spring,Thursday,14:00 - 15:59,Midday / afternoon,False,False,False,False
1368296,Non-casualty (towaway),Non-casualty (towaway),2024,2024,October,Monday,14:00 - 15:59,HOXTON PARK,RD,0,Right on the spot,WEBSTER,RD,LIVERPOOL,681.0,No,Not a school zone,T-junction,-33.926808,150.903185,Liverpool,Sydney metro. area,Syd-Newc-Woll Gtr conurbation,Straight,,,,Unknown / not stated,Sealed,Dry,Fine,Daylight,On,No traffic controls,70 km/h,State,30,Rear end,301,Same - Rear end,,Rear end,Car (sedan/hatch),Light truck utility(from 2018),2,0,0,0,0,10,October,Spring,Monday,14:00 - 15:59,Midday / afternoon,False,False,False,False
1368299,Non-casualty (towaway),Non-casualty (towaway),2024,2024,December,Monday,08:00 - 09:59,COWPASTURE,RD,0,Right on the spot,HOXTON PARK,RD,WEST HOXTON,648.0,No,Not a school zone,X-intersection,-33.924371,150.848418,Liverpool,Sydney metro. area,Syd-Newc-Woll Gtr conurbation,Straight,,,,Unknown / not stated,Sealed,Dry,Fine,Daylight,On,No traffic controls,70 km/h,State,10,Cross traffic,101,Adj - Cross traffic,,Right angle,Passenger van,4 wheel drive / SUV,2,0,0,0,0,12,December,Summer,Monday,08:00 - 09:59,AM peak / school commute,True,False,False,False
1368300,Non-casualty (towaway),Non-casualty (towaway),2024,2024,November,Tuesday,16:00 - 17:59,WATERLOO,RD,100,East,HERRING,RD,MACQUARIE PARK,,No,Not a school zone,2-way undivided,-33.778033,151.119,Ryde,Sydney metro. area,Syd-Newc-Woll Gtr conurbation,Straight,Driveway/entrance,,,Unknown / not stated,Sealed,Dry,Fine,Unknown,Nil,No traffic controls,50 km/h,Local,31,Left rear,302,Same - Rear left,,Rear end,Car (sedan/hatch),4 wheel drive / SUV,2,0,0,0,0,11,November,Spring,Tuesday,16:00 - 17:59,PM peak / evening commute,True,False,False,False
1368301,Non-casualty (towaway),Non-casualty (towaway),2024,2024,November,Wednesday,12:00 - 13:59,CHURCH,ST,0,Right on the spot,MORRISON,RD,RYDE,200.0,No,Not a school zone,X-intersection,-33.817986,151.101382,Ryde,Sydney metro. area,Syd-Newc-Woll Gtr conurbation,Straight,,,,Unknown / not stated,Sealed,Dry,Fine,Daylight,On,No traffic controls,60 km/h,State,30,Rear end,301,Same - Rear end,,Rear end,Car (sedan/hatch),Car (sedan/hatch),2,0,0,0,0,11,November,Spring,Wednesday,12:00 - 13:59,Midday / afternoon,False,False,False,False
1368302,Non-casualty (towaway),Non-casualty (towaway),2024,2024,December,Friday,16:00 - 17:59,BATHURST,ST,50,South,CAMPBELL,ST,LIVERPOOL,,No,Not a school zone,2-way undivided,-33.917991,150.922118,Liverpool,Sydney metro. area,Syd-Newc-Woll Gtr conurbation,Straight,,,,Unknown / not stated,Sealed,Dry,Fine,Daylight,Nil,No traffic controls,50 km/h,Local,30,Rear end,301,Same - Rear end,,Rear end,4 wheel drive / SUV,Car (sedan/hatch),2,0,0,0,0,12,December,Summer,Friday,16:00 - 17:59,PM peak / evening commute,True,False,False,False
1368305,Non-casualty (towaway),Non-casualty (towaway),2024,2024,November,Tuesday,22:00 - Midnight,ASTORIA,ST,249,East,SOUTH,ST,MARSDEN PARK,,No,Not a school zone,2-way undivided,-33.718234,150.822568,Blacktown,Sydney metro. area,Syd-Newc-Woll Gtr conurbation,Straight,,,,Unknown / not stated,Sealed,Dry,Fine,Darkness,Nil,No traffic controls,50 km/h,Local,30,Rear end,301,Same - Rear end,,Rear end,Car (sedan/hatch),4 wheel drive / SUV,3,0,0,0,0,11,November,Spring,Tuesday,22:00 - Midnight,Evening / night,False,False,False,False
1368309,Non-casualty (towaway),Non-casualty (towaway),2024,2024,November,Thursday,14:00 - 15:59,PACIFIC,HWY,0,Right on the spot,NUMBER 275,HN,CHARLESTOWN,10.0,No,Not a school zone,Divided road,-32.957325,151.700882,Lake Macquarie,Newcastle met. area,Syd-Newc-Woll Gtr conurbation,Straight,,,,Unknown / not stated,Sealed,Dry,Fine,Daylight,Nil,No traffic controls,60 km/h,State,30,Rear end,301,Same - Rear end,,Rear end,Light truck utility(from 2018),4 wheel drive / SUV,3,0,0,0,0,11,November,Spring,Thursday,14:00 - 15:59,Midday / afternoon,False,False,False,False
1368310,Non-casualty (towaway),Non-casualty (towaway),2024,2024,November,Monday,14:00 - 15:59,DUFFYS,RD,0,Right on the spot,KINGS,AVE,TERRIGAL,,No,Not a school zone,T-junction,-33.442182,151.423582,Central Coast,Country urban,Syd-Newc-Woll Gtr conurbation,Curved,Steep grade,,,Unknown / not stated,Sealed,Wet,Raining,Daylight,Nil,Give way sign,50 km/h,Local,85,Off rt/lft bnd=>obj,804,Off left bend into obj,Right,Vehicle - Object,Car (sedan/hatch),,1,0,0,0,0,11,November,Spring,Monday,14:00 - 15:59,Midday / afternoon,False,False,False,False
1368312,Non-casualty (towaway),Non-casualty (towaway),2024,2024,November,Friday,08:00 - 09:59,SOUTH DOWLING,RD,100,South,COOPER PLACE,TO,ZETLAND,593.0,No,Not a school zone,Divided road,-33.907885,151.213328,Sydney,Sydney metro. area,Syd-Newc-Woll Gtr conurbation,Straight,,,,Unknown / not stated,Sealed,Dry,Fine,Daylight,Nil,No traffic controls,80 km/h,State,34,Lane change right,306,Same - Lane change right,,Other angle,Car (sedan/hatch),4 wheel drive / SUV,2,0,0,0,0,11,November,Spring,Friday,08:00 - 09:59,AM peak / school commute,True,False,False,False
1368322,Non-casualty (towaway),Non-casualty (towaway),2024,2024,November,Saturday,14:00 - 15:59,CAMILLO,ST,0,Right on the spot,NUMBER 41,HN,PENDLE HILL,,No,Not a school zone,2-way undivided,-33.806485,150.952334,Cumberland,Sydney metro. area,Syd-Newc-Woll Gtr conurbation,Curved,,,,Unknown / not stated,Sealed,Wet,Overcast,Daylight,Nil,No traffic controls,50 km/h,Local,20,Head on,201,Opp - Head on,,Head-on,Car (sedan/hatch),4 wheel drive / SUV,2,0,0,0,0,11,November,Spring,Saturday,14:00 - 15:59,Midday / afternoon,False,False,False,False
1368323,Non-casualty (towaway),Non-casualty (towaway),2024,2024,November,Friday,16:00 - 17:59,TOOMA,RD,400,East,PADDYS RIVER FALLS,RD,BURRA,628.0,No,Not a school zone,2-way undivided,-35.853008,148.112828,Snowy Valleys,Country non-urban,Rest of NSW - Rural,Curved,,,,Unknown / not stated,Sealed,Dry,Fine,Daylight,Nil,No traffic controls,100 km/h,Regional,87,Off lft/lft bnd=>obj,804,Off left bend into obj,Left,Vehicle - Object,Large rigid,,1,0,0,0,0,11,November,Spring,Friday,16:00 - 17:59,PM peak / evening commute,True,False,False,False
1368328,Non-casualty (towaway),Non-casualty (towaway),2024,2024,December,Wednesday,08:00 - 09:59,CATHEDRAL,ST,0,Right on the spot,CROWN,ST,WOOLLOOMOOLOO,,No,Not a school zone,X-intersection,-33.872388,151.216737,Sydney,Sydney metro. area,Syd-Newc-Woll Gtr conurbation,Straight,,,,Unknown / not stated,Sealed,Dry,Fine,Daylight,On,No traffic controls,40 km/h,Local,30,Rear end,301,Same - Rear end,,Rear end,Car (sedan/hatch),Light truck,2,0,0,0,0,12,December,Summer,Wednesday,08:00 - 09:59,AM peak / school commute,True,False,False,False