crash_id,degree_of_crash,degree_of_crash_-_detailed,reporting_year,year_of_crash,month_of_crash,day_of_week_of_crash,two-hour_intervals,street_of_crash,street_type,distance,direction,identifying_feature,identifying_feature_type,town,route_no.,school_zone_location,school_zone_active,type_of_location,latitude,longitude,lga,urbanisation,conurbation_1,alignment,primary_permanent_feature,primary_temporary_feature,primary_hazardous_feature,street_lighting,road_surface,surface_condition,weather,natural_lighting,signals_operation,other_traffic_control,speed_limit,road_classification_(admin),rum_-_code,rum_-_description,dca_-_code,dca_-_description,dca_supplement,first_impact_type,key_tu_type,other_tu_type,no._of_traffic_units_involved,no._killed,no._seriously_injured,no._moderately_injured,no._minor-other_injured,month_num,month_label,season,day_label,time_label,time_band,is_peak_commute,is_fatal,is_injury,is_casualty
1368329,Non-casualty (towaway),Non-casualty (towaway),2024,2024,November,Monday,20:00 - 21:59,CORAMBA,RD,0,Right on the spot,MASTONS,RD,KARANGI,151.0,No,Not a school zone,T-junction,-30.256912,153.052866,Coffs Harbour,Country urban,Rest of NSW - Urban,Curved,,,,Unknown / not stated,Sealed,Wet,Raining,Darkness,Nil,No traffic controls,50 km/h,Regional,81,Off left/rt bnd=>obj,803,Off right bend into obj,Left,Vehicle - Object,Car (sedan/hatch),,1,0,0,0,0,11,November,Spring,Monday,20:00 - 21:59,Evening / night,False,False,False,False
1368338,Non-casualty (towaway),Non-casualty (towaway),2024,2024,October,Saturday,20:00 - 21:59,PRINCES,HWY,0,Right on the spot,KING,ST,ROCKDALE,1.0,No,Not a school zone,T-junction,-33.952127,151.137995,Bayside,Sydney metro. area,Syd-Newc-Woll Gtr conurbation,Straight,,,,Unknown / not stated,Sealed,Dry,Fine,Darkness,On,Ped crossing,60 km/h,State,30,Rear end,301,Same - Rear end,,Rear end,Car (sedan/hatch),Car (sedan/hatch),2,0,0,0,0,10,October,Spring,Saturday,20:00 - 21:59,Evening / night,False,False,False,False
1368340,Non-casualty (towaway),Non-casualty (towaway),2024,2024,November,Wednesday,18:00 - 19:59,QUEEN,ST,0,Right on the spot,RALEIGH,ST,OBERON,,No,Not a school zone,X-intersection,-33.705826,149.860563,Oberon,Country urban,Rest of NSW - Urban,Straight,,,,Unknown / not stated,Sealed,Dry,Fine,Daylight,Nil,Give way sign,50 km/h,Local,11,Right far,102,Adj - Right-thru from left,,Right angle,Light truck utility(from 2018),4 wheel drive / SUV,2,0,0,0,0,11,November,Spring,Wednesday,18:00 - 19:59,PM peak / evening commute,True,False,False,False
1368342,Non-casualty (towaway),Non-casualty (towaway),2024,2024,November,Wednesday,14:00 - 15:59,FIVE ISLANDS,RD,0,Right on the spot,SPRINGHILL,RD,SPRING HILL,295.0,No,Not a school zone,T-junction,-34.465455,150.871508,Wollongong,Wollongong met. area,Syd-Newc-Woll Gtr conurbation,Straight,,,,Unknown / not stated,Sealed,Dry,Fine,Daylight,On,Ped crossing,80 km/h,State,30,Rear end,301,Same - Rear end,,Rear end,Car (sedan/hatch),4 wheel drive / SUV,3,0,0,0,0,11,November,Spring,Wednesday,14:00 - 15:59,Midday / afternoon,False,False,False,False
1368344,Non-casualty (towaway),Non-casualty (towaway),2024,2024,December,Saturday,18:00 - 19:59,PACIFIC,HWY,50,North,ANZAC,RD,TUGGERAH,10.0,No,Not a school zone,Divided road,-33.306837,151.419909,Central Coast,Country urban,Syd-Newc-Woll Gtr conurbation,Straight,,,,Unknown / not stated,Sealed,Dry,Fine,Dusk,Nil,No traffic controls,60 km/h,State,73,Off rd rght => obj,704,Right off cway into obj,,Vehicle - Object,Light truck utility(from 2018),,1,0,0,0,0,12,December,Summer,Saturday,18:00 - 19:59,PM peak / evening commute,True,False,False,False
1368346,Non-casualty (towaway),Non-casualty (towaway),2024,2024,November,Friday,10:00 - 11:59,WILLIAM,ST,0,Right on the spot,NUMBER 11,HN,EAST BRANXTON,,No,Not a school zone,2-way undivided,-32.654023,151.360612,Cessnock,Country urban,Rest of NSW - Urban,Straight,Driveway/entrance,,,Unknown / not stated,Sealed,Dry,Fine,Daylight,Nil,No traffic controls,50 km/h,Local,46,Reversing into obj,405,Manov - Reverse into fixed obj,,Other angle,4 wheel drive / SUV,4 wheel drive / SUV,3,0,0,0,0,11,November,Spring,Friday,10:00 - 11:59,Midday / afternoon,False,False,False,False
1368349,Non-casualty (towaway),Non-casualty (towaway),2024,2024,December,Monday,10:00 - 11:59,RICHMOND,RD,0,Right on the spot,QUAKERS HILL,PKWY,DOONSIDE,643.0,No,Not a school zone,X-intersection,-33.742694,150.870265,Blacktown,Sydney metro. area,Syd-Newc-Woll Gtr conurbation,Straight,,,,Unknown / not stated,Sealed,Dry,Fine,Daylight,On,No traffic controls,70 km/h,State,34,Lane change right,306,Same - Lane change right,,Other angle,Car (sedan/hatch),Car (sedan/hatch),2,0,0,0,0,12,December,Summer,Monday,10:00 - 11:59,Midday / afternoon,False,False,False,False
1368351,Non-casualty (towaway),Non-casualty (towaway),2024,2024,December,Friday,16:00 - 17:59,ILLAWARRA,HWY,0,Right on the spot,OLD ARGYLE,RD,SUTTON FOREST,25.0,No,Not a school zone,T-junction,-34.585854,150.283706,Wingecarribee,Country non-urban,Rest of NSW - Rural,Straight,,,,Unknown / not stated,Sealed,Dry,Fine,Daylight,Nil,Give way sign,100 km/h,State,73,Off rd rght => obj,704,Right off cway into obj,,Other angle,Light truck utility(from 2018),Light truck utility(from 2018),2,0,0,0,0,12,December,Summer,Friday,16:00 - 17:59,PM peak / evening commute,True,False,False,False
1368353,Non-casualty (towaway),Non-casualty (towaway),2024,2024,October,Friday,16:00 - 17:59,MITCHELL,HWY,0,Right on the spot,HOPETOUN,ST,DUBBO,7.0,No,Not a school zone,T-junction,-32.254965,148.613828,Dubbo Regional,Country urban,Rest of NSW - Urban,Straight,,,,Unknown / not stated,Sealed,Dry,Fine,Daylight,Nil,Give way sign,60 km/h,State,30,Rear end,301,Same - Rear end,,Rear end,4 wheel drive / SUV,Light truck,2,0,0,0,0,10,October,Spring,Friday,16:00 - 17:59,PM peak / evening commute,True,False,False,False
1368356,Non-casualty (towaway),Non-casualty (towaway),2024,2024,November,Sunday,14:00 - 15:59,LIMESTONE,DR,130,North,EDWIN LAND,PKWY,JERRABOMBERRA,,No,Not a school zone,Divided road,-35.380768,149.199792,Queanbeyan-Palerang Regional,Country urban,Rest of NSW - Urban,Curved,Driveway/entrance,,,Unknown / not stated,Sealed,Dry,Fine,Daylight,Nil,No traffic controls,50 km/h,Local,21,Right through,202,Opp - Right-thru,,Other angle,Car (sedan/hatch),4 wheel drive / SUV,2,0,0,0,0,11,November,Spring,Sunday,14:00 - 15:59,Midday / afternoon,False,False,False,False
1368357,Non-casualty (towaway),Non-casualty (towaway),2024,2024,November,Friday,18:00 - 19:59,RICHMOND,RD,0,Right on the spot,ROOTY HILL,RD,COLEBEE,537.0,No,Not a school zone,X-intersection,-33.732939,150.848754,Blacktown,Sydney metro. area,Syd-Newc-Woll Gtr conurbation,Straight,,,,Unknown / not stated,Sealed,Dry,Fine,Darkness,On,No traffic controls,70 km/h,State,39,Other same direction,300,Same - other,,Other angle,Car (sedan/hatch),Car (sedan/hatch),3,0,0,0,0,11,November,Spring,Friday,18:00 - 19:59,PM peak / evening commute,True,False,False,False
1368358,Non-casualty (towaway),Non-casualty (towaway),2024,2024,October,Monday,14:00 - 15:59,THE GLEN,RD,2000,West,JERRONG,RD,JERRONG,,No,Not a school zone,2-way undivided,-34.174924,149.859198,Oberon,Country non-urban,Rest of NSW - Rural,Curved,,,,Unknown / not stated,Unsealed,Dry,Fine,Daylight,Nil,No traffic controls,100 km/h,Local,20,Head on,201,Opp - Head on,,Head-on,Car (sedan/hatch),Car (sedan/hatch),2,0,0,0,0,10,October,Spring,Monday,14:00 - 15:59,Midday / afternoon,False,False,False,False
1368359,Non-casualty (towaway),Non-casualty (towaway),2024,2024,November,Wednesday,12:00 - 13:59,LORD BADEN POWELL,DR,260,North,CAPTAIN COOK,DR,TURVEY PARK,,No,Not a school zone,2-way undivided,-35.132181,147.369316,Wagga Wagga,Country urban,Rest of NSW - Urban,Straight,Painted double centre lines,,,Unknown / not stated,Sealed,Wet,Fine,Daylight,Nil,No traffic controls,50 km/h,Local,20,Head on,201,Opp - Head on,,Head-on,Station wagon,Light truck utility(from 2018),2,0,0,0,0,11,November,Spring,Wednesday,12:00 - 13:59,Midday / afternoon,False,False,False,False
1368364,Non-casualty (towaway),Non-casualty (towaway),2024,2024,December,Saturday,20:00 - 21:59,STURT,HWY,0,Right on the spot,LAKE ALBERT,RD,EAST WAGGA WAGGA,14.0,No,Not a school zone,X-intersection,-35.120206,147.378271,Wagga Wagga,Country urban,Rest of NSW - Urban,Straight,,,,Unknown / not stated,Sealed,Dry,Fine,Darkness,On,No traffic controls,60 km/h,State,10,Cross traffic,101,Adj - Cross traffic,,Right angle,Car (sedan/hatch),Car (sedan/hatch),2,0,0,0,0,12,December,Summer,Saturday,20:00 - 21:59,Evening / night,False,False,False,False
1368367,Non-casualty (towaway),Non-casualty (towaway),2024,2024,November,Thursday,16:00 - 17:59,LACHLAN,ST,0,Right on the spot,GADIGAL,AVE,WATERLOO,528.0,No,Not a school zone,X-intersection,-33.900638,151.213156,Sydney,Sydney metro. area,Syd-Newc-Woll Gtr conurbation,Straight,,,,On,Sealed,Dry,Fine,Daylight,On,No traffic controls,50 km/h,State,34,Lane change right,306,Same - Lane change right,,Other angle,4 wheel drive / SUV,Car (sedan/hatch),2,0,0,0,0,11,November,Spring,Thursday,16:00 - 17:59,PM peak / evening commute,True,False,False,False
1368368,Non-casualty (towaway),Non-casualty (towaway),2024,2024,November,Thursday,14:00 - 15:59,FOREST,RD,0,Right on the spot,NUMBER 264,HN,BEXLEY,168.0,No,Not a school zone,2-way undivided,-33.944316,151.128959,Bayside,Sydney metro. area,Syd-Newc-Woll Gtr conurbation,Straight,,,,Unknown / not stated,Sealed,Dry,Fine,Daylight,Nil,No traffic controls,60 km/h,State,35,Lane change left,307,Same - Lane change left,,Other angle,Station wagon,4 wheel drive / SUV,2,0,0,0,0,11,November,Spring,Thursday,14:00 - 15:59,Midday / afternoon,False,False,False,False
1368370,Non-casualty (towaway),Non-casualty (towaway),2024,2024,December,Monday,18:00 - 19:59,DERBY,RD,0,Right on the spot,WALKER,AVE,KANWAL,,No,Not a school zone,Roundabout,-33.257286,151.489109,Central Coast,Country urban,Syd-Newc-Woll Gtr conurbation,Curved,,,,Unknown / not stated,Sealed,Dry,Overcast,Dusk,Nil,Give way sign,50 km/h,Local,81,Off left/rt bnd=>obj,707,Right turn,Left,Vehicle - Object,Utility,,2,0,0,0,0,12,December,Summer,Monday,18:00 - 19:59,PM peak / evening commute,True,False,False,False
1368372,Non-casualty (towaway),Non-casualty (towaway),2024,2024,December,Monday,18:00 - 19:59,TRAFALGAR,AVE,0,Right on the spot,WATERLOO,AVE,WOY WOY,,No,Not a school zone,X-intersection,-33.504924,151.324381,Central Coast,Country urban,Syd-Newc-Woll Gtr conurbation,Straight,,,,Unknown / not stated,Sealed,Dry,Fine,Darkness,Nil,Give way sign,50 km/h,Local,10,Cross traffic,101,Adj - Cross traffic,,Right angle,Car (sedan/hatch),Utility,2,0,0,0,0,12,December,Summer,Monday,18:00 - 19:59,PM peak / evening commute,True,False,False,False
1368379,Non-casualty (towaway),Non-casualty (towaway),2024,2024,December,Monday,06:00 - 07:59,WYONG,RD,0,Right on the spot,MINGARA,DR,TUMBI UMBI,335.0,No,Not a school zone,X-intersection,-33.362151,151.444308,Central Coast,Country urban,Syd-Newc-Woll Gtr conurbation,Straight,,,,Unknown / not stated,Sealed,Dry,Fine,Daylight,On,No traffic controls,60 km/h,State,34,Lane change right,306,Same - Lane change right,,Other angle,Large rigid,Car (sedan/hatch),2,0,0,0,0,12,December,Summer,Monday,06:00 - 07:59,AM peak / school commute,True,False,False,False
1368380,Non-casualty (towaway),Non-casualty (towaway),2024,2024,November,Sunday,16:00 - 17:59,NEWCASTLE,EXP,0,Right on the spot,MOTORWAY LINK ROAD,OP,BUSHELLS RIDGE,6003.0,No,Not a school zone,Dual freeway,-33.215464,151.448309,Central Coast,Country non-urban,Syd-Newc-Woll Gtr conurbation,Curved,Underpass/tunnel,,,Unknown / not stated,Sealed,Dry,Fine,Daylight,Nil,No traffic controls,110 km/h,State,33,Lane sideswipe,305,Same - Lane side swipe,,Other angle,Light truck,Light truck utility(from 2018),2,0,0,0,0,11,November,Spring,Sunday,16:00 - 17:59,PM peak / evening commute,True,False,False,False
1368384,Non-casualty (towaway),Non-casualty (towaway),2024,2024,December,Friday,20:00 - 21:59,KAMILAROI,HWY,0,Right on the spot,MIDGEE,LANE,NARRABRI,29.0,No,Not a school zone,T-junction,-30.234015,149.693249,Narrabri,Country non-urban,Rest of NSW - Rural,Curved,,,,Unknown / not stated,Sealed,Dry,Fine,Darkness,Nil,No traffic controls,100 km/h,State,67,Struck animal,609,On path - Hit animal,,Vehicle - Animal,Light truck utility(from 2018),,1,0,0,0,0,12,December,Summer,Friday,20:00 - 21:59,Evening / night,False,False,False,False
1368386,Non-casualty (towaway),Non-casualty (towaway),2024,2024,October,Tuesday,14:00 - 15:59,SILVER CITY,HWY,0,Right on the spot,PINE CREEK,BDGE,BROKEN HILL,22.0,No,Not a school zone,2-way undivided,-32.337094,141.456256,Unincorporated,Country non-urban,Rest of NSW - Rural,Straight,Other bridge,,,Unknown / not stated,Sealed,Dry,Fine,Daylight,Nil,No traffic controls,110 km/h,State,74,On road-out of cont.,705,Out of control on cway,,Rollover,4 wheel drive / SUV,,1,0,0,0,0,10,October,Spring,Tuesday,14:00 - 15:59,Midday / afternoon,False,False,False,False
1368388,Non-casualty (towaway),Non-casualty (towaway),2024,2024,December,Friday,08:00 - 09:59,MERRYLANDS,RD,10,East,HOLROYD,RD,MERRYLANDS,7250.0,No,Not a school zone,T-junction,-33.832883,150.972148,Cumberland,Sydney metro. area,Syd-Newc-Woll Gtr conurbation,Straight,,,,Unknown / not stated,Sealed,Dry,Fine,Daylight,Nil,Stop sign,60 km/h,Regional,16,Left near,107,Adj - Left-thru from right,,Right angle,4 wheel drive / SUV,4 wheel drive / SUV,2,0,0,0,0,12,December,Summer,Friday,08:00 - 09:59,AM peak / school commute,True,False,False,False
1368389,Non-casualty (towaway),Non-casualty (towaway),2024,2024,November,Wednesday,12:00 - 13:59,CHARLESTOWN,RD,0,Right on the spot,HILLSBOROUGH,RD,CHARLESTOWN,674.0,No,Not a school zone,T-junction,-32.956704,151.686671,Lake Macquarie,Newcastle met. area,Syd-Newc-Woll Gtr conurbation,Straight,,,,Unknown / not stated,Sealed,Dry,Overcast,Daylight,On,No traffic controls,60 km/h,State,10,Cross traffic,101,Adj - Cross traffic,,Right angle,Panel van,B-double (road train prior 98),2,0,0,0,0,11,November,Spring,Wednesday,12:00 - 13:59,Midday / afternoon,False,False,False,False
1368397,Non-casualty (towaway),Non-casualty (towaway),2024,2024,December,Sunday,20:00 - 21:59,FOREST,RD,0,Right on the spot,NUMBER 248,HN,BEXLEY,168.0,No,Not a school zone,2-way undivided,-33.943297,151.129934,Bayside,Sydney metro. area,Syd-Newc-Woll Gtr conurbation,Curved,Driveway/entrance,,,Unknown / not stated,Sealed,Dry,Fine,Darkness,Nil,No traffic controls,60 km/h,State,30,Rear end,301,Same - Rear end,,Rear end,Car (sedan/hatch),4 wheel drive / SUV,3,0,0,0,0,12,December,Summer,Sunday,20:00 - 21:59,Evening / night,False,False,False,False
1368399,Non-casualty (towaway),Non-casualty (towaway),2024,2024,December,Monday,10:00 - 11:59,MAUD,ST,0,Right on the spot,BASIL,ST,MAYFIELD WEST,605.0,No,Not a school zone,T-junction,-32.890546,151.725518,Newcastle,Newcastle met. area,Syd-Newc-Woll Gtr conurbation,Straight,,,,Unknown / not stated,Sealed,Dry,Fine,Daylight,Nil,Give way sign,60 km/h,State,21,Right through,202,Opp - Right-thru,,Other angle,Station wagon,Car (sedan/hatch),2,0,0,0,0,12,December,Summer,Monday,10:00 - 11:59,Midday / afternoon,False,False,False,False
1368405,Non-casualty (towaway),Non-casualty (towaway),2024,2024,December,Friday,14:00 - 15:59,KELLY,RD,150,East,MONARO,HWY,MICHELAGO,,No,Not a school zone,2-way undivided,-35.654153,149.164793,Snowy Monaro Regional,Country non-urban,Rest of NSW - Rural,Straight,,,,Unknown / not stated,Unsealed,Dry,Fine,Daylight,Nil,No traffic controls,100 km/h,Local,74,On road-out of cont.,705,Out of control on cway,,Rollover,Car (sedan/hatch),,1,0,0,0,0,12,December,Summer,Friday,14:00 - 15:59,Midday / afternoon,False,False,False,False
1368407,Non-casualty (towaway),Non-casualty (towaway),2024,2024,November,Tuesday,08:00 - 09:59,WYRALLAH,RD,0,Right on the spot,NUMBER 578,HN,MONALTRIE,7742.0,No,Not a school zone,2-way undivided,-28.864259,153.294487,Lismore,Country urban,Rest of NSW - Urban,Curved,,,,Unknown / not stated,Sealed,Wet,Raining,Daylight,Nil,No traffic controls,80 km/h,Regional,87,Off lft/lft bnd=>obj,804,Off left bend into obj,Left,Vehicle - Object,Car (sedan/hatch),,1,0,0,0,0,11,November,Spring,Tuesday,08:00 - 09:59,AM peak / school commute,True,False,False,False
1368412,Non-casualty (towaway),Non-casualty (towaway),2024,2024,October,Friday,22:00 - Midnight,DEAN,ST,0,Right on the spot,OLIVE,ST,ALBURY,,No,Not a school zone,X-intersection,-36.081005,146.918193,Albury,Country urban,Rest of NSW - Urban,Straight,,,,Unknown / not stated,Sealed,Dry,Fine,Darkness,On,Ped crossing,50 km/h,Local,71,Off rd left => obj,703,Left off cway into object,,Vehicle - Object,Light truck utility(from 2018),,1,0,0,0,0,10,October,Spring,Friday,22:00 - Midnight,Evening / night,False,False,False,False
1368413,Non-casualty (towaway),Non-casualty (towaway),2024,2024,November,Sunday,14:00 - 15:59,PEATS FERRY,RD,200,West,PACIFIC,HWY,MOONEY MOONEY,,No,Not a school zone,2-way undivided,-33.532378,151.197376,Central Coast,Country urban,Syd-Newc-Woll Gtr conurbation,Straight,,,,Unknown / not stated,Sealed,Dry,Fine,Daylight,Nil,No traffic controls,50 km/h,Local,44,Parking vehicles,403,Manov - Parking-parked vehicle,,Other angle,4 wheel drive / SUV,Boat trailer,2,0,0,0,0,11,November,Spring,Sunday,14:00 - 15:59,Midday / afternoon,False,False,False,False
1368414,Non-casualty (towaway),Non-casualty (towaway),2024,2024,November,Sunday,06:00 - 07:59,HUME,HWY,1300,North,YASS VALLEY WAY,OP,YASS,2.0,No,Not a school zone,Divided road,-34.807542,148.889118,Yass Valley,Country non-urban,Rest of NSW - Rural,Straight,,,,Unknown / not stated,Sealed,Dry,Overcast,Daylight,Nil,No traffic controls,110 km/h,State,67,Struck animal,609,On path - Hit animal,,Vehicle - Animal,4 wheel drive / SUV,,1,0,0,0,0,11,November,Spring,Sunday,06:00 - 07:59,AM peak / school commute,True,False,False,False
1368422,Non-casualty (towaway),Non-casualty (towaway),2024,2024,November,Monday,16:00 - 17:59,EDMONDSON,AVE,0,Right on the spot,ELEVENTH,AVE,AUSTRAL,2126.0,No,Not a school zone,X-intersection,-33.930246,150.812613,Liverpool,Sydney metro. area,Syd-Newc-Woll Gtr conurbation,Straight,,,,Unknown / not stated,Sealed,Dry,Fine,Daylight,Nil,Give way sign,60 km/h,Regional,30,Rear end,301,Same - Rear end,,Rear end,Light truck,Car (sedan/hatch),2,0,0,0,0,11,November,Spring,Monday,16:00 - 17:59,PM peak / evening commute,True,False,False,False
1368424,Non-casualty (towaway),Non-casualty (towaway),2024,2024,October,Sunday,20:00 - 21:59,BENT,ST,50,South,TYSON,ST,SOUTH GRAFTON,,No,Not a school zone,2-way undivided,-29.717339,152.933963,Clarence Valley,Country urban,Rest of NSW - Urban,Straight,Ditch/drain/culvert,,,Unknown / not stated,Sealed,Dry,Fine,Darkness,Nil,No traffic controls,50 km/h,Local,71,Off rd left => obj,703,Left off cway into object,,Vehicle - Object,Car (sedan/hatch),,1,0,0,0,0,10,October,Spring,Sunday,20:00 - 21:59,Evening / night,False,False,False,False
1368425,Non-casualty (towaway),Non-casualty (towaway),2024,2024,December,Tuesday,18:00 - 19:59,BAY,ST,30,West,THE GRAND,PDE,BRIGHTON-LE-SANDS,169.0,No,Not a school zone,Divided road,-33.9608,151.155978,Bayside,Sydney metro. area,Syd-Newc-Woll Gtr conurbation,Straight,,,,Unknown / not stated,Sealed,Dry,Fine,Dusk,Nil,No traffic controls,40 km/h,State,44,Parking vehicles,403,Manov - Parking-parked vehicle,,Other angle,Other bus,Car (sedan/hatch),2,0,0,0,0,12,December,Summer,Tuesday,18:00 - 19:59,PM peak / evening commute,True,False,False,False
1368426,Non-casualty (towaway),Non-casualty (towaway),2024,2024,December,Thursday,14:00 - 15:59,NEW ILLAWARRA,RD,0,Right on the spot,OLD ILLAWARRA,RD,MENAI,190.0,No,Not a school zone,X-intersection,-34.013219,151.009787,Sutherland,Sydney metro. area,Syd-Newc-Woll Gtr conurbation,Straight,,,,Unknown / not stated,Sealed,Dry,Fine,Daylight,On,No traffic controls,80 km/h,State,30,Rear end,301,Same - Rear end,,Rear end,Car (sedan/hatch),Car (sedan/hatch),2,0,0,0,0,12,December,Summer,Thursday,14:00 - 15:59,Midday / afternoon,False,False,False,False
1368429,Non-casualty (towaway),Non-casualty (towaway),2024,2024,October,Tuesday,10:00 - 11:59,M2 HILLS,EXP,250,West,CUMBERLAND HIGHWAY,TO,BEECROFT,6002.0,No,Not a school zone,Dual freeway,-33.758371,151.052213,Parramatta,Sydney metro. area,Syd-Newc-Woll Gtr conurbation,Straight,,,,Unknown / not stated,Sealed,Dry,Fine,Daylight,Nil,No traffic controls,100 km/h,State,71,Off rd left => obj,703,Left off cway into object,,Vehicle - Object,Light truck,,1,0,0,0,0,10,October,Spring,Tuesday,10:00 - 11:59,Midday / afternoon,False,False,False,False
1368435,Non-casualty (towaway),Non-casualty (towaway),2024,2024,November,Friday,18:00 - 19:59,VICTORIA,RD,0,Right on the spot,NUMBER 700,HN,ERMINGTON,165.0,No,Not a school zone,Divided road,-33.80879,151.066299,Parramatta,Sydney metro. area,Syd-Newc-Woll Gtr conurbation,Curved,Bus/transit lane,,,Unknown / not stated,Sealed,Dry,Fine,Darkness,Nil,No traffic controls,70 km/h,State,35,Lane change left,307,Same - Lane change left,,Other angle,Station wagon,Car (sedan/hatch),2,0,0,0,0,11,November,Spring,Friday,18:00 - 19:59,PM peak / evening commute,True,False,False,False
1368436,Non-casualty (towaway),Non-casualty (towaway),2024,2024,November,Tuesday,10:00 - 11:59,COWPASTURE,RD,0,Right on the spot,TIBOOBURRA,RD,HOXTON PARK,648.0,No,Not a school zone,X-intersection,-33.929146,150.84713,Liverpool,Sydney metro. area,Syd-Newc-Woll Gtr conurbation,Straight,Steep grade,,,Unknown / not stated,Sealed,Dry,Fine,Daylight,On,No traffic controls,70 km/h,State,13,Right near,104,Adj - Right-thru from right,,Right angle,Car (sedan/hatch),Car (sedan/hatch),2,0,0,0,0,11,November,Spring,Tuesday,10:00 - 11:59,Midday / afternoon,False,False,False,False
1368441,Non-casualty (towaway),Non-casualty (towaway),2024,2024,October,Saturday,16:00 - 17:59,OLD SOUTH HEAD,RD,0,Right on the spot,O'BRIEN,ST,BONDI BEACH,339.0,No,Not a school zone,T-junction,-33.887611,151.264956,Waverley,Sydney metro. area,Syd-Newc-Woll Gtr conurbation,Straight,,,,Unknown / not stated,Sealed,Dry,Fine,Dusk,On,No traffic controls,50 km/h,State,21,Right through,202,Opp - Right-thru,,Other angle,Car (sedan/hatch),Car (sedan/hatch),2,0,0,0,0,10,October,Spring,Saturday,16:00 - 17:59,PM peak / evening commute,True,False,False,False
1368444,Non-casualty (towaway),Non-casualty (towaway),2024,2024,December,Tuesday,06:00 - 07:59,HUME,HWY,100,South,HOXTON PARK,RD,LIVERPOOL,2.0,No,Not a school zone,Divided road,-33.92986,150.917685,Liverpool,Sydney metro. area,Syd-Newc-Woll Gtr conurbation,Straight,,,,Unknown / not stated,Sealed,Dry,Fine,Dawn,Nil,No traffic controls,60 km/h,State,34,Lane change right,306,Same - Lane change right,,Other angle,Large rigid,Car (sedan/hatch),2,0,0,0,0,12,December,Summer,Tuesday,06:00 - 07:59,AM peak / school commute,True,False,False,False
1368445,Non-casualty (towaway),Non-casualty (towaway),2024,2024,December,Tuesday,06:00 - 07:59,TREGEAGLE,RD,1000,South,GRENNAN,RD,WYRALLAH,,No,Not a school zone,2-way undivided,-28.88807,153.343525,Lismore,Country urban,Rest of NSW - Urban,Curved,Ditch/drain/culvert,,,Unknown / not stated,Sealed,Wet,Raining,Unknown,Nil,No traffic controls,80 km/h,Local,81,Off left/rt bnd=>obj,803,Off right bend into obj,Left,Vehicle - Object,Light truck utility(from 2018),,1,0,0,0,0,12,December,Summer,Tuesday,06:00 - 07:59,AM peak / school commute,True,False,False,False
1368446,Non-casualty (towaway),Non-casualty (towaway),2024,2024,October,Thursday,00:01 - 01:59,PEMBERTON,ST,0,Right on the spot,SPURRWAY,DR,WEST ALBURY,,No,Not a school zone,T-junction,-36.074137,146.896002,Albury,Country urban,Rest of NSW - Urban,Straight,,,,On,Sealed,Dry,Fine,Darkness,Nil,Give way sign,60 km/h,Local,83,Off rt/rt bnd=>obj,707,Right turn,Right,Vehicle - Object,Car (sedan/hatch),,1,0,0,0,0,10,October,Spring,Thursday,00:01 - 01:59,Late night / early morning,False,False,False,False
1368457,Non-casualty (towaway),Non-casualty (towaway),2024,2024,October,Wednesday,08:00 - 09:59,TAREN POINT,RD,0,Right on the spot,PARRAWEENA,RD,CARINGBAH,199.0,No,Not a school zone,X-intersection,-34.026552,151.120485,Sutherland,Sydney metro. area,Syd-Newc-Woll Gtr conurbation,Straight,,,,Unknown / not stated,Sealed,Dry,Fine,Daylight,On,No traffic controls,70 km/h,State,10,Cross traffic,101,Adj - Cross traffic,,Right angle,Light truck,Station wagon,2,0,0,0,0,10,October,Spring,Wednesday,08:00 - 09:59,AM peak / school commute,True,False,False,False
1368458,Non-casualty (towaway),Non-casualty (towaway),2024,2024,October,Wednesday,08:00 - 09:59,FRANCIS,ST,0,Right on the spot,HERBERT,ST,MANLY,,No,Not a school zone,T-junction,-33.790633,151.278679,Northern Beaches,Sydney metro. area,Syd-Newc-Woll Gtr conurbation,Straight,,,,Nil,Sealed,Dry,Fine,Daylight,Nil,No traffic controls,40 km/h,Local,71,Off rd left => obj,703,Left off cway into object,,Other angle,Other bus,4 wheel drive / SUV,2,0,0,0,0,10,October,Spring,Wednesday,08:00 - 09:59,AM peak / school commute,True,False,False,False