crash_id,degree_of_crash,degree_of_crash_-_detailed,reporting_year,year_of_crash,month_of_crash,day_of_week_of_crash,two-hour_intervals,street_of_crash,street_type,distance,direction,identifying_feature,identifying_feature_type,town,route_no.,school_zone_location,school_zone_active,type_of_location,latitude,longitude,lga,urbanisation,conurbation_1,alignment,primary_permanent_feature,primary_temporary_feature,primary_hazardous_feature,street_lighting,road_surface,surface_condition,weather,natural_lighting,signals_operation,other_traffic_control,speed_limit,road_classification_(admin),rum_-_code,rum_-_description,dca_-_code,dca_-_description,dca_supplement,first_impact_type,key_tu_type,other_tu_type,no._of_traffic_units_involved,no._killed,no._seriously_injured,no._moderately_injured,no._minor-other_injured,month_num,month_label,season,day_label,time_label,time_band,is_peak_commute,is_fatal,is_injury,is_casualty
1368459,Non-casualty (towaway),Non-casualty (towaway),2024,2024,October,Tuesday,14:00 - 15:59,MIMOSA,RD,0,Right on the spot,NUMBER 307,HN,GREENFIELD PARK,7229.0,No,Not a school zone,2-way undivided,-33.876677,150.892369,Fairfield,Sydney metro. area,Syd-Newc-Woll Gtr conurbation,Straight,Driveway/entrance,,,Unknown / not stated,Sealed,Dry,Fine,Daylight,Nil,No traffic controls,60 km/h,Regional,47,Emerging from drive,406,Manov - Emerging from driveway,,Right angle,Light truck utility(from 2018),Car (sedan/hatch),2,0,0,0,0,10,October,Spring,Tuesday,14:00 - 15:59,Midday / afternoon,False,False,False,False
1368465,Non-casualty (towaway),Non-casualty (towaway),2024,2024,November,Monday,12:00 - 13:59,NEWCASTLE,EXP,2700,South,BUSHELLS RIDGE ROAD,OP,BUSHELLS RIDGE,6003.0,No,Not a school zone,Dual freeway,-33.213717,151.450269,Central Coast,Country non-urban,Syd-Newc-Woll Gtr conurbation,Curved,,,,Unknown / not stated,Sealed,Dry,Fine,Daylight,Nil,No traffic controls,110 km/h,State,81,Off left/rt bnd=>obj,803,Off right bend into obj,Left,Vehicle - Object,Large rigid,,1,0,0,0,0,11,November,Spring,Monday,12:00 - 13:59,Midday / afternoon,False,False,False,False
1368467,Non-casualty (towaway),Non-casualty (towaway),2024,2024,December,Thursday,14:00 - 15:59,DEVON,ST,0,Right on the spot,NELSON,ST,WALLSEND,,No,Not a school zone,X-intersection,-32.899277,151.666626,Newcastle,Newcastle met. area,Syd-Newc-Woll Gtr conurbation,Straight,,,,Unknown / not stated,Sealed,Dry,Fine,Daylight,Nil,Stop sign,50 km/h,Local,10,Cross traffic,101,Adj - Cross traffic,,Right angle,4 wheel drive / SUV,Car (sedan/hatch),2,0,0,0,0,12,December,Summer,Thursday,14:00 - 15:59,Midday / afternoon,False,False,False,False
1368468,Non-casualty (towaway),Non-casualty (towaway),2024,2024,December,Monday,16:00 - 17:59,PACIFIC,HWY,300,North,HANK,ST,HEATHERBRAE,10.0,No,Not a school zone,Divided road,-32.789093,151.7264,Port Stephens,Country urban,Rest of NSW - Urban,Straight,,,,Unknown / not stated,Sealed,Dry,Fine,Daylight,Nil,No traffic controls,80 km/h,State,30,Rear end,301,Same - Rear end,,Rear end,4 wheel drive / SUV,Car (sedan/hatch),2,0,0,0,0,12,December,Summer,Monday,16:00 - 17:59,PM peak / evening commute,True,False,False,False
1368479,Non-casualty (towaway),Non-casualty (towaway),2024,2024,November,Saturday,12:00 - 13:59,WAMBOYNE,RD,1300,North,SULLIVANS,LANE,WEST WYALONG,,No,Not a school zone,2-way undivided,-33.768218,147.232418,Bland,Country non-urban,Rest of NSW - Rural,Curved,,,,Unknown / not stated,Sealed,Wet,Raining,Daylight,Nil,No traffic controls,100 km/h,Local,87,Off lft/lft bnd=>obj,804,Off left bend into obj,Left,Vehicle - Object,Car (sedan/hatch),,1,0,0,0,0,11,November,Spring,Saturday,12:00 - 13:59,Midday / afternoon,False,False,False,False
1368483,Non-casualty (towaway),Non-casualty (towaway),2024,2024,November,Friday,16:00 - 17:59,THE RIVER,RD,0,Right on the spot,SOUTH WESTERN,EXP,REVESBY,634.0,No,Not a school zone,T-junction,-33.940586,151.018506,Canterbury-Bankstown,Sydney metro. area,Syd-Newc-Woll Gtr conurbation,Straight,,,,Unknown / not stated,Sealed,Dry,Unknown,Daylight,On,No traffic controls,60 km/h,State,10,Cross traffic,101,Adj - Cross traffic,,Right angle,Car (sedan/hatch),4 wheel drive / SUV,2,0,0,0,0,11,November,Spring,Friday,16:00 - 17:59,PM peak / evening commute,True,False,False,False
1368485,Non-casualty (towaway),Non-casualty (towaway),2024,2024,November,Friday,16:00 - 17:59,PARKWAY,AVE,0,Right on the spot,NUMBER 3,HN,RAYMOND TERRACE,,No,Not a school zone,2-way undivided,-32.769949,151.737309,Port Stephens,Country urban,Rest of NSW - Urban,Straight,,,,Unknown / not stated,Sealed,Dry,Fine,Daylight,Nil,No traffic controls,50 km/h,Local,71,Off rd left => obj,703,Left off cway into object,,Other angle,Car (sedan/hatch),4 wheel drive / SUV,2,0,0,0,0,11,November,Spring,Friday,16:00 - 17:59,PM peak / evening commute,True,False,False,False
1368486,Non-casualty (towaway),Non-casualty (towaway),2024,2024,December,Wednesday,08:00 - 09:59,M7 WESTLINK,EXP,400,South,RICHMOND ROAD,TO,GLENDENNING,6009.0,No,Not a school zone,Dual freeway,-33.742332,150.847348,Blacktown,Sydney metro. area,Syd-Newc-Woll Gtr conurbation,Straight,,,,Unknown / not stated,Sealed,Dry,Fine,Daylight,Nil,No traffic controls,100 km/h,State,34,Lane change right,306,Same - Lane change right,,Other angle,Car (sedan/hatch),B-double (road train prior 98),2,0,0,0,0,12,December,Summer,Wednesday,08:00 - 09:59,AM peak / school commute,True,False,False,False
1368488,Non-casualty (towaway),Non-casualty (towaway),2024,2024,November,Friday,20:00 - 21:59,HOLBROOK,RD,300,South,MELIA,PL,SPRINGVALE,211.0,No,Not a school zone,2-way undivided,-35.165858,147.334219,Wagga Wagga,Country urban,Rest of NSW - Urban,Curved,,,,Unknown / not stated,Sealed,Dry,Fine,Darkness,Nil,No traffic controls,60 km/h,Regional,81,Off left/rt bnd=>obj,803,Off right bend into obj,Left,Vehicle - Object,Car (sedan/hatch),,1,0,0,0,0,11,November,Spring,Friday,20:00 - 21:59,Evening / night,False,False,False,False
1368489,Non-casualty (towaway),Non-casualty (towaway),2024,2024,December,Tuesday,10:00 - 11:59,CUMBERLAND,HWY,100,West,BETTINGTON,RD,NORTH PARRAMATTA,13.0,Yes,No,2-way undivided,-33.788064,151.02739,Parramatta,Sydney metro. area,Syd-Newc-Woll Gtr conurbation,Straight,,,,Unknown / not stated,Sealed,Dry,Fine,Daylight,Nil,No traffic controls,60 km/h,State,30,Rear end,301,Same - Rear end,,Rear end,Light truck utility(from 2018),Car (sedan/hatch),2,0,0,0,0,12,December,Summer,Tuesday,10:00 - 11:59,Midday / afternoon,False,False,False,False
1368495,Non-casualty (towaway),Non-casualty (towaway),2024,2024,December,Friday,12:00 - 13:59,GREAT WESTERN,HWY,0,Right on the spot,WALTERS,RD,ARNDELL PARK,5.0,No,Not a school zone,T-junction,-33.795601,150.8894,Blacktown,Sydney metro. area,Syd-Newc-Woll Gtr conurbation,Straight,,,,Unknown / not stated,Sealed,Dry,Fine,Daylight,Nil,Stop sign,80 km/h,State,31,Left rear,302,Same - Rear left,,Rear end,4 wheel drive / SUV,Car (sedan/hatch),2,0,0,0,0,12,December,Summer,Friday,12:00 - 13:59,Midday / afternoon,False,False,False,False
1368499,Non-casualty (towaway),Non-casualty (towaway),2024,2024,December,Monday,14:00 - 15:59,STACEY,ST,0,Right on the spot,WATTLE,ST,BANKSTOWN,190.0,No,Not a school zone,T-junction,-33.916433,151.041144,Canterbury-Bankstown,Sydney metro. area,Syd-Newc-Woll Gtr conurbation,Straight,,,,Unknown / not stated,Sealed,Dry,Fine,Daylight,On,No traffic controls,60 km/h,State,73,Off rd rght => obj,704,Right off cway into obj,,Vehicle - Object,Car (sedan/hatch),,1,0,0,0,0,12,December,Summer,Monday,14:00 - 15:59,Midday / afternoon,False,False,False,False
1368501,Non-casualty (towaway),Non-casualty (towaway),2024,2024,November,Wednesday,10:00 - 11:59,MASTERS,RD,0,Right on the spot,DRUMMOND STREET,TO,SPRING HILL,602.0,No,Not a school zone,Divided road,-34.444884,150.872672,Wollongong,Wollongong met. area,Syd-Newc-Woll Gtr conurbation,Straight,,,,Unknown / not stated,Sealed,Dry,Fine,Daylight,Nil,No traffic controls,80 km/h,State,30,Rear end,301,Same - Rear end,,Rear end,Car (sedan/hatch),4 wheel drive / SUV,2,0,0,0,0,11,November,Spring,Wednesday,10:00 - 11:59,Midday / afternoon,False,False,False,False
1368505,Non-casualty (towaway),Non-casualty (towaway),2024,2024,December,Sunday,10:00 - 11:59,WESTERN,EXP,300,East,ROPER ROAD,OP,ERSKINE PARK,6004.0,No,Not a school zone,Dual freeway,-33.791476,150.810846,Penrith,Sydney metro. area,Syd-Newc-Woll Gtr conurbation,Straight,,,,Unknown / not stated,Sealed,Dry,Fine,Daylight,Nil,No traffic controls,110 km/h,State,73,Off rd rght => obj,704,Right off cway into obj,,Vehicle - Object,Car (sedan/hatch),,1,0,0,0,0,12,December,Summer,Sunday,10:00 - 11:59,Midday / afternoon,False,False,False,False
1368507,Non-casualty (towaway),Non-casualty (towaway),2024,2024,December,Thursday,08:00 - 09:59,CENTRAL COAST,HWY,0,Right on the spot,RACECOURSE,RD,WEST GOSFORD,30.0,No,Not a school zone,X-intersection,-33.427169,151.327226,Central Coast,Country urban,Syd-Newc-Woll Gtr conurbation,Straight,,,,Unknown / not stated,Sealed,Dry,Fine,Daylight,On,No traffic controls,70 km/h,State,11,Right far,102,Adj - Right-thru from left,,Right angle,4 wheel drive / SUV,Light truck utility(from 2018),2,0,0,0,0,12,December,Summer,Thursday,08:00 - 09:59,AM peak / school commute,True,False,False,False
1368511,Non-casualty (towaway),Non-casualty (towaway),2024,2024,November,Friday,16:00 - 17:59,DARLING,ST,0,Right on the spot,TALBRAGAR,ST,DUBBO,,No,Not a school zone,X-intersection,-32.245515,148.606642,Dubbo Regional,Country urban,Rest of NSW - Urban,Straight,,,,Unknown / not stated,Sealed,Dry,Fine,Daylight,On,No traffic controls,50 km/h,Local,21,Right through,202,Opp - Right-thru,,Other angle,4 wheel drive / SUV,4 wheel drive / SUV,2,0,0,0,0,11,November,Spring,Friday,16:00 - 17:59,PM peak / evening commute,True,False,False,False
1368512,Non-casualty (towaway),Non-casualty (towaway),2024,2024,November,Monday,12:00 - 13:59,MANDALONG,RD,0,Right on the spot,FREEMANS,DR,MORISSET,217.0,No,Not a school zone,Roundabout,-33.112974,151.478009,Lake Macquarie,Newcastle met. area,Syd-Newc-Woll Gtr conurbation,Straight,,,,Unknown / not stated,Sealed,Dry,Fine,Daylight,Nil,Give way sign,60 km/h,State,30,Rear end,301,Same - Rear end,,Rear end,Motorcycle,Car (sedan/hatch),2,0,0,0,0,11,November,Spring,Monday,12:00 - 13:59,Midday / afternoon,False,False,False,False
1368521,Non-casualty (towaway),Non-casualty (towaway),2024,2024,November,Thursday,06:00 - 07:59,CLYDE RIDGE,RD,10000,South,BACKHOUSES,RD,CURROWAN,,No,Not a school zone,2-way undivided,-35.544513,150.112077,Shoalhaven,Country non-urban,Rest of NSW - Rural,Straight,,,,Unknown / not stated,Unsealed,Dry,Overcast,Dawn,Nil,No traffic controls,100 km/h,Local,74,On road-out of cont.,705,Out of control on cway,,Rollover,Semi-trailer,,1,0,0,0,0,11,November,Spring,Thursday,06:00 - 07:59,AM peak / school commute,True,False,False,False
1368522,Non-casualty (towaway),Non-casualty (towaway),2024,2024,November,Tuesday,08:00 - 09:59,STURT,HWY,0,Right on the spot,DOCKER,ST,WAGGA WAGGA,14.0,No,Not a school zone,X-intersection,-35.117142,147.35622,Wagga Wagga,Country urban,Rest of NSW - Urban,Straight,,,,Unknown / not stated,Sealed,Dry,Fine,Daylight,On,Give way sign,60 km/h,State,32,Right rear,303,Same - Rear right,,Rear end,4 wheel drive / SUV,Car (sedan/hatch),2,0,0,0,0,11,November,Spring,Tuesday,08:00 - 09:59,AM peak / school commute,True,False,False,False
1368523,Non-casualty (towaway),Non-casualty (towaway),2024,2024,November,Friday,08:00 - 09:59,CREER,ST,40,East,CANBERRA,ST,RANDWICK,,No,Not a school zone,2-way undivided,-33.925423,151.244024,Randwick,Sydney metro. area,Syd-Newc-Woll Gtr conurbation,Straight,,,,Off,Sealed,Dry,Overcast,Daylight,Nil,No traffic controls,50 km/h,Local,71,Off rd left => obj,703,Left off cway into object,,Other angle,Large rigid,Car (sedan/hatch),2,0,0,0,0,11,November,Spring,Friday,08:00 - 09:59,AM peak / school commute,True,False,False,False
1368525,Non-casualty (towaway),Non-casualty (towaway),2024,2024,December,Thursday,22:00 - Midnight,TAPITALLEE,RD,20,North,ILLAROO,RD,TAPITALLEE,,No,Not a school zone,2-way undivided,-34.829408,150.54049,Shoalhaven,Country urban,Rest of NSW - Urban,Straight,,,,Unknown / not stated,Sealed,Dry,Fine,Darkness,Nil,No traffic controls,50 km/h,Local,73,Off rd rght => obj,704,Right off cway into obj,,Vehicle - Object,Light truck utility(from 2018),,1,0,0,0,0,12,December,Summer,Thursday,22:00 - Midnight,Evening / night,False,False,False,False
1368527,Non-casualty (towaway),Non-casualty (towaway),2024,2024,December,Monday,16:00 - 17:59,GREAT WESTERN,HWY,50,West,LANG,ST,FIVE DOCK,5.0,No,Not a school zone,Divided road,-33.87093,151.118898,Canada Bay,Sydney metro. area,Syd-Newc-Woll Gtr conurbation,Straight,,,,Unknown / not stated,Sealed,Dry,Fine,Daylight,Nil,No traffic controls,60 km/h,State,34,Lane change right,306,Same - Lane change right,,Other angle,Large rigid,Large rigid,2,0,0,0,0,12,December,Summer,Monday,16:00 - 17:59,PM peak / evening commute,True,False,False,False
1368531,Non-casualty (towaway),Non-casualty (towaway),2024,2024,December,Thursday,14:00 - 15:59,MILITARY,RD,0,Right on the spot,NUMBER 22,HN,NORTH BONDI,,No,Not a school zone,2-way undivided,-33.88669,151.284398,Waverley,Sydney metro. area,Syd-Newc-Woll Gtr conurbation,Curved,,,,Unknown / not stated,Sealed,Dry,Fine,Daylight,Nil,No traffic controls,50 km/h,Local,43,Entering parking,402,Manov - Entering parking veh,,Other angle,Car (sedan/hatch),Car (sedan/hatch),2,0,0,0,0,12,December,Summer,Thursday,14:00 - 15:59,Midday / afternoon,False,False,False,False
1368532,Non-casualty (towaway),Non-casualty (towaway),2024,2024,October,Friday,16:00 - 17:59,ASCOT CALALA,RD,500,North,WHITEHOUSE,LANE,KINGSWOOD,,No,Not a school zone,2-way undivided,-31.167271,150.959653,Tamworth Regional,Country non-urban,Rest of NSW - Rural,Straight,,,,Unknown / not stated,Unsealed,Dry,Fine,Daylight,Nil,No traffic controls,100 km/h,Local,73,Off rd rght => obj,704,Right off cway into obj,,Vehicle - Object,Station wagon,,1,0,0,0,0,10,October,Spring,Friday,16:00 - 17:59,PM peak / evening commute,True,False,False,False
1368534,Non-casualty (towaway),Non-casualty (towaway),2024,2024,December,Saturday,12:00 - 13:59,GEORGE BASS,DR,0,Right on the spot,BURRI POINT,RD,GUERILLA BAY,7630.0,No,Not a school zone,T-junction,-35.827112,150.216817,Eurobodalla,Country non-urban,Rest of NSW - Rural,Curved,,,,Unknown / not stated,Sealed,Dry,Fine,Daylight,Nil,Give way sign,100 km/h,Regional,31,Left rear,302,Same - Rear left,,Rear end,4 wheel drive / SUV,4 wheel drive / SUV,2,0,0,0,0,12,December,Summer,Saturday,12:00 - 13:59,Midday / afternoon,False,False,False,False
1368535,Non-casualty (towaway),Non-casualty (towaway),2024,2024,December,Monday,14:00 - 15:59,PACIFIC,HWY,40,South,SMITHS ROAD,OP,EMERALD BEACH,10.0,No,Not a school zone,Divided road,-30.17569,153.166778,Coffs Harbour,Country non-urban,Rest of NSW - Rural,Straight,Embankment/cutting,,,Unknown / not stated,Sealed,Dry,Fine,Daylight,Nil,No traffic controls,110 km/h,State,71,Off rd left => obj,703,Left off cway into object,,Vehicle - Object,Light truck utility(from 2018),,1,0,0,0,0,12,December,Summer,Monday,14:00 - 15:59,Midday / afternoon,False,False,False,False
1368542,Non-casualty (towaway),Non-casualty (towaway),2024,2024,December,Monday,06:00 - 07:59,PACIFIC,HWY,30,North,BRIDGE,ST,PYMBLE,10.0,No,Not a school zone,Divided road,-33.748997,151.14576,Ku-ring-gai,Sydney metro. area,Syd-Newc-Woll Gtr conurbation,Curved,,,,Unknown / not stated,Sealed,Dry,Fine,Daylight,Nil,No traffic controls,60 km/h,State,34,Lane change right,306,Same - Lane change right,,Other angle,Car (sedan/hatch),Car (sedan/hatch),2,0,0,0,0,12,December,Summer,Monday,06:00 - 07:59,AM peak / school commute,True,False,False,False
1368546,Non-casualty (towaway),Non-casualty (towaway),2024,2024,November,Wednesday,08:00 - 09:59,KINGSWAY,MS,0,Right on the spot,KAREENA,RD,MIRANDA,227.0,No,Not a school zone,Multiple intersection,-34.035305,151.113436,Sutherland,Sydney metro. area,Syd-Newc-Woll Gtr conurbation,Straight,,,,Unknown / not stated,Sealed,Dry,Fine,Daylight,On,No traffic controls,60 km/h,State,23,Right/left,203,Opp - Right-left,,Other angle,4 wheel drive / SUV,4 wheel drive / SUV,2,0,0,0,0,11,November,Spring,Wednesday,08:00 - 09:59,AM peak / school commute,True,False,False,False
1368550,Non-casualty (towaway),Non-casualty (towaway),2024,2024,November,Sunday,08:00 - 09:59,SCENIC,DR,0,Right on the spot,YULE,RD,MEREWETHER,7777.0,No,Not a school zone,T-junction,-32.947145,151.741637,Newcastle,Newcastle met. area,Syd-Newc-Woll Gtr conurbation,Straight,Steep grade,,,Unknown / not stated,Sealed,Dry,Fine,Daylight,Nil,Give way sign,60 km/h,Regional,30,Rear end,301,Same - Rear end,,Rear end,Car (sedan/hatch),Car (sedan/hatch),2,0,0,0,0,11,November,Spring,Sunday,08:00 - 09:59,AM peak / school commute,True,False,False,False
1368551,Non-casualty (towaway),Non-casualty (towaway),2024,2024,December,Sunday,10:00 - 11:59,VICTORIA,RD,150,West,CRESSY,RD,RYDE,165.0,Yes,No,Divided road,-33.818689,151.115336,Ryde,Sydney metro. area,Syd-Newc-Woll Gtr conurbation,Straight,Driveway/entrance,,,Unknown / not stated,Sealed,Dry,Overcast,Daylight,Nil,No traffic controls,60 km/h,State,47,Emerging from drive,406,Manov - Emerging from driveway,,Right angle,Car (sedan/hatch),Car (sedan/hatch),2,0,0,0,0,12,December,Summer,Sunday,10:00 - 11:59,Midday / afternoon,False,False,False,False
1368553,Non-casualty (towaway),Non-casualty (towaway),2024,2024,December,Saturday,16:00 - 17:59,MAMRE,RD,0,Right on the spot,ERSKINE PARK,RD,ERSKINE PARK,536.0,No,Not a school zone,T-junction,-33.817638,150.775951,Penrith,Sydney metro. area,Syd-Newc-Woll Gtr conurbation,Straight,,,,Unknown / not stated,Sealed,Dry,Fine,Daylight,On,No traffic controls,60 km/h,State,30,Rear end,301,Same - Rear end,,Rear end,Car (sedan/hatch),4 wheel drive / SUV,2,0,0,0,0,12,December,Summer,Saturday,16:00 - 17:59,PM peak / evening commute,True,False,False,False
1368554,Non-casualty (towaway),Non-casualty (towaway),2024,2024,December,Saturday,16:00 - 17:59,CLARENCE,ST,0,Right on the spot,JAMISON,ST,SYDNEY,,No,Not a school zone,T-junction,-33.864394,151.204764,Sydney,Sydney metro. area,Syd-Newc-Woll Gtr conurbation,Straight,,,,Unknown / not stated,Sealed,Dry,Fine,Daylight,On,No traffic controls,40 km/h,Local,30,Rear end,301,Same - Rear end,,Rear end,Car (sedan/hatch),Light truck utility(from 2018),2,0,0,0,0,12,December,Summer,Saturday,16:00 - 17:59,PM peak / evening commute,True,False,False,False
1368555,Non-casualty (towaway),Non-casualty (towaway),2024,2024,December,Sunday,08:00 - 09:59,CONRAD,ST,0,Right on the spot,NUMBER 25,HN,RICHMOND,,No,Not a school zone,2-way undivided,-33.602991,150.75363,Hawkesbury,Country urban,Syd-Newc-Woll Gtr conurbation,Straight,Driveway/entrance,,,Off,Sealed,Wet,Fine,Daylight,Nil,No traffic controls,50 km/h,Local,47,Emerging from drive,406,Manov - Emerging from driveway,,Right angle,Panel van,Car (sedan/hatch),2,0,0,0,0,12,December,Summer,Sunday,08:00 - 09:59,AM peak / school commute,True,False,False,False
1368556,Non-casualty (towaway),Non-casualty (towaway),2024,2024,November,Saturday,14:00 - 15:59,HUME,HWY,250,South,NARELLAN,RD,CAMPBELLTOWN,2.0,No,Not a school zone,Other,-34.064124,150.784826,Campbelltown,Sydney metro. area,Syd-Newc-Woll Gtr conurbation,Curved,Freeway ramp/access,,,Off,Sealed,Wet,Raining,Daylight,Nil,No traffic controls,80 km/h,State,84,Off right/left bend,802,Off cway left bend,Right,Rollover,Light truck utility(from 2018),,1,0,0,0,0,11,November,Spring,Saturday,14:00 - 15:59,Midday / afternoon,False,False,False,False
1368560,Non-casualty (towaway),Non-casualty (towaway),2024,2024,December,Monday,14:00 - 15:59,COWARD,ST,50,East,COGGINS,PL,MASCOT,,No,Not a school zone,2-way undivided,-33.923541,151.181633,Bayside,Sydney metro. area,Syd-Newc-Woll Gtr conurbation,Straight,,,,Unknown / not stated,Sealed,Dry,Fine,Daylight,Nil,No traffic controls,50 km/h,Local,71,Off rd left => obj,703,Left off cway into object,,Other angle,4 wheel drive / SUV,4 wheel drive / SUV,4,0,0,0,0,12,December,Summer,Monday,14:00 - 15:59,Midday / afternoon,False,False,False,False
1368563,Non-casualty (towaway),Non-casualty (towaway),2024,2024,October,Saturday,10:00 - 11:59,OLIVE,ST,115,North,SWIFT,ST,ALBURY,,No,Not a school zone,2-way undivided,-36.077794,146.918784,Albury,Country urban,Rest of NSW - Urban,Straight,,,,Unknown / not stated,Sealed,Dry,Fine,Daylight,Nil,No traffic controls,50 km/h,Local,30,Rear end,301,Same - Rear end,,Rear end,Car (sedan/hatch),Car (sedan/hatch),2,0,0,0,0,10,October,Spring,Saturday,10:00 - 11:59,Midday / afternoon,False,False,False,False
1368568,Non-casualty (towaway),Non-casualty (towaway),2024,2024,December,Wednesday,04:00 - 05:59,NEWCASTLE,EXP,2000,South,NUMBER 1296,HN,COWAN,6003.0,No,Not a school zone,Dual freeway,-33.586329,151.179501,Hornsby,Sydney metro. area,Syd-Newc-Woll Gtr conurbation,Straight,,,,Unknown / not stated,Sealed,Wet,Raining,Darkness,Nil,No traffic controls,110 km/h,State,71,Off rd left => obj,703,Left off cway into object,,Vehicle - Object,Car (sedan/hatch),,1,0,0,0,0,12,December,Summer,Wednesday,04:00 - 05:59,Late night / early morning,False,False,False,False
1368571,Non-casualty (towaway),Non-casualty (towaway),2024,2024,November,Tuesday,10:00 - 11:59,FLUSHCOMBE,RD,0,Right on the spot,MAIN,ST,BLACKTOWN,,No,Not a school zone,T-junction,-33.769654,150.908571,Blacktown,Sydney metro. area,Syd-Newc-Woll Gtr conurbation,Straight,,,,Unknown / not stated,Sealed,Dry,Fine,Daylight,On,No traffic controls,40 km/h,Local,30,Rear end,301,Same - Rear end,,Rear end,Unknown motor vehicle,Car (sedan/hatch),2,0,0,0,0,11,November,Spring,Tuesday,10:00 - 11:59,Midday / afternoon,False,False,False,False
1368574,Non-casualty (towaway),Non-casualty (towaway),2024,2024,December,Wednesday,16:00 - 17:59,FIVE ISLANDS,RD,0,Right on the spot,CREEK RESERVE,RD,SPEERS POINT,217.0,No,Not a school zone,Roundabout,-32.957414,151.616986,Lake Macquarie,Newcastle met. area,Syd-Newc-Woll Gtr conurbation,Straight,,,,Unknown / not stated,Sealed,Dry,Fine,Daylight,Nil,Give way sign,70 km/h,State,30,Rear end,301,Same - Rear end,,Rear end,4 wheel drive / SUV,Light truck utility(from 2018),2,0,0,0,0,12,December,Summer,Wednesday,16:00 - 17:59,PM peak / evening commute,True,False,False,False
1368582,Non-casualty (towaway),Non-casualty (towaway),2024,2024,November,Wednesday,04:00 - 05:59,BELMORE,RD,0,Right on the spot,NUMBER 51,HN,LORN,101.0,Yes,No,2-way undivided,-32.72621,151.56099,Maitland,Country urban,Rest of NSW - Urban,Straight,,,,Unknown / not stated,Sealed,Dry,Fine,Darkness,Nil,No traffic controls,50 km/h,Regional,71,Off rd left => obj,703,Left off cway into object,,Other angle,4 wheel drive / SUV,4 wheel drive / SUV,2,0,0,0,0,11,November,Spring,Wednesday,04:00 - 05:59,Late night / early morning,False,False,False,False
1368589,Non-casualty (towaway),Non-casualty (towaway),2024,2024,November,Friday,08:00 - 09:59,CHESTER HILL,RD,0,Right on the spot,NUMBER 81,HN,BASS HILL,,No,Not a school zone,2-way undivided,-33.8932,150.997711,Canterbury-Bankstown,Sydney metro. area,Syd-Newc-Woll Gtr conurbation,Straight,Driveway/entrance,,,Unknown / not stated,Sealed,Dry,Fine,Daylight,Nil,No traffic controls,60 km/h,Local,47,Emerging from drive,406,Manov - Emerging from driveway,,Right angle,4 wheel drive / SUV,Car (sedan/hatch),2,0,0,0,0,11,November,Spring,Friday,08:00 - 09:59,AM peak / school commute,True,False,False,False
1368591,Non-casualty (towaway),Non-casualty (towaway),2024,2024,December,Wednesday,12:00 - 13:59,ARCADIA,ST,0,Right on the spot,PERCIVAL,ST,PENSHURST,,No,Not a school zone,X-intersection,-33.96143,151.087065,Georges River,Sydney metro. area,Syd-Newc-Woll Gtr conurbation,Straight,,,,Unknown / not stated,Sealed,Dry,Fine,Daylight,Nil,Stop sign,50 km/h,Local,10,Cross traffic,101,Adj - Cross traffic,,Right angle,4 wheel drive / SUV,Car (sedan/hatch),2,0,0,0,0,12,December,Summer,Wednesday,12:00 - 13:59,Midday / afternoon,False,False,False,False
1368593,Non-casualty (towaway),Non-casualty (towaway),2024,2024,November,Thursday,08:00 - 09:59,JENKINS,RD,0,Right on the spot,ROBBIE,CRES,CARLINGFORD,7145.0,No,Not a school zone,T-junction,-33.771023,151.044158,Parramatta,Sydney metro. area,Syd-Newc-Woll Gtr conurbation,Straight,Steep grade,,,Unknown / not stated,Sealed,Dry,Fine,Daylight,Nil,Give way sign,50 km/h,Regional,21,Right through,202,Opp - Right-thru,,Other angle,4 wheel drive / SUV,4 wheel drive / SUV,2,0,0,0,0,11,November,Spring,Thursday,08:00 - 09:59,AM peak / school commute,True,False,False,False
1368600,Non-casualty (towaway),Non-casualty (towaway),2024,2024,November,Saturday,22:00 - Midnight,YOBARNIE,AVE,30,South,PLOUGHMANS,BVD,NORTH RICHMOND,,No,Not a school zone,2-way undivided,-33.585041,150.702291,Hawkesbury,Country urban,Syd-Newc-Woll Gtr conurbation,Straight,,,,Unknown / not stated,Sealed,Dry,Fine,Darkness,Nil,No traffic controls,50 km/h,Local,71,Off rd left => obj,703,Left off cway into object,,Other angle,Car (sedan/hatch),4 wheel drive / SUV,2,0,0,0,0,11,November,Spring,Saturday,22:00 - Midnight,Evening / night,False,False,False,False
1368601,Non-casualty (towaway),Non-casualty (towaway),2024,2024,November,Friday,22:00 - Midnight,TATHRA,RD,0,Right on the spot,HENRY TAYLOR,RD,KALARU,272.0,No,Not a school zone,T-junction,-36.719306,149.904082,Bega Valley,Country urban,Rest of NSW - Urban,Curved,,,,Unknown / not stated,Sealed,Dry,Overcast,Darkness,Nil,Give way sign,80 km/h,Regional,81,Off left/rt bnd=>obj,803,Off right bend into obj,Left,Vehicle - Object,Light truck utility(from 2018),,1,0,0,0,0,11,November,Spring,Friday,22:00 - Midnight,Evening / night,False,False,False,False