crash_id,degree_of_crash,degree_of_crash_-_detailed,reporting_year,year_of_crash,month_of_crash,day_of_week_of_crash,two-hour_intervals,street_of_crash,street_type,distance,direction,identifying_feature,identifying_feature_type,town,route_no.,school_zone_location,school_zone_active,type_of_location,latitude,longitude,lga,urbanisation,conurbation_1,alignment,primary_permanent_feature,primary_temporary_feature,primary_hazardous_feature,street_lighting,road_surface,surface_condition,weather,natural_lighting,signals_operation,other_traffic_control,speed_limit,road_classification_(admin),rum_-_code,rum_-_description,dca_-_code,dca_-_description,dca_supplement,first_impact_type,key_tu_type,other_tu_type,no._of_traffic_units_involved,no._killed,no._seriously_injured,no._moderately_injured,no._minor-other_injured,month_num,month_label,season,day_label,time_label,time_band,is_peak_commute,is_fatal,is_injury,is_casualty
1368602,Non-casualty (towaway),Non-casualty (towaway),2024,2024,December,Thursday,20:00 - 21:59,ADDISON,RD,0,Right on the spot,SHEPHERD,ST,MARRICKVILLE,7018.0,No,Not a school zone,T-junction,-33.9027,151.164596,Inner West,Sydney metro. area,Syd-Newc-Woll Gtr conurbation,Straight,,,,Unknown / not stated,Sealed,Dry,Fine,Darkness,Nil,Give way sign,50 km/h,Regional,81,Off left/rt bnd=>obj,707,Right turn,Left,Other angle,Light truck utility(from 2018),Car (sedan/hatch),2,0,0,0,0,12,December,Summer,Thursday,20:00 - 21:59,Evening / night,False,False,False,False
1368603,Non-casualty (towaway),Non-casualty (towaway),2024,2024,December,Friday,22:00 - Midnight,CHELTENHAM,RD,0,Right on the spot,SUTHERLAND,RD,CHELTENHAM,,No,Not a school zone,X-intersection,-33.755155,151.078301,Hornsby,Sydney metro. area,Syd-Newc-Woll Gtr conurbation,Straight,,,,Unknown / not stated,Sealed,Dry,Fine,Darkness,On,No traffic controls,50 km/h,Local,19,Other adjacent,100,Adj - other,,Right angle,Car (sedan/hatch),4 wheel drive / SUV,2,0,0,0,0,12,December,Summer,Friday,22:00 - Midnight,Evening / night,False,False,False,False
1368605,Non-casualty (towaway),Non-casualty (towaway),2024,2024,December,Thursday,14:00 - 15:59,GREAT WESTERN,HWY,0,Right on the spot,RESERVOIR ROAD,TO,HUNTINGWOOD,5.0,No,Not a school zone,Divided road,-33.797915,150.896315,Blacktown,Sydney metro. area,Syd-Newc-Woll Gtr conurbation,Straight,,,,Unknown / not stated,Sealed,Dry,Fine,Daylight,Nil,No traffic controls,80 km/h,State,34,Lane change right,306,Same - Lane change right,,Other angle,Light truck utility(from 2018),Car (sedan/hatch),2,0,0,0,0,12,December,Summer,Thursday,14:00 - 15:59,Midday / afternoon,False,False,False,False
1368610,Non-casualty (towaway),Non-casualty (towaway),2024,2024,December,Saturday,22:00 - Midnight,TYALGUM,RD,3000,East,VAN DEN BROEK,RD,TYALGUM,,No,Not a school zone,2-way undivided,-28.352387,153.254038,Tweed,Country urban,Rest of NSW - Urban,Curved,,,,Unknown / not stated,Sealed,Wet,Fog or mist,Darkness,Nil,No traffic controls,80 km/h,Local,66,Object on road,607,On path - Hit temp object,,Vehicle - Object,4 wheel drive / SUV,,1,0,0,0,0,12,December,Summer,Saturday,22:00 - Midnight,Evening / night,False,False,False,False
1368611,Non-casualty (towaway),Non-casualty (towaway),2024,2024,December,Monday,16:00 - 17:59,WILLI WILLI,RD,2000,North,SHERWOOD,RD,TURNERS FLAT,,No,Not a school zone,2-way undivided,-31.056423,152.687013,Kempsey,Country non-urban,Rest of NSW - Rural,Curved,,,,Unknown / not stated,Unsealed,Dry,Fine,Daylight,Nil,No traffic controls,100 km/h,Local,20,Head on,201,Opp - Head on,,Head-on,4 wheel drive / SUV,Light truck utility(from 2018),2,0,0,0,0,12,December,Summer,Monday,16:00 - 17:59,PM peak / evening commute,True,False,False,False
1368612,Non-casualty (towaway),Non-casualty (towaway),2024,2024,October,Tuesday,10:00 - 11:59,WOODVILLE,RD,0,Right on the spot,NUMBER 35,HN,CHESTER HILL,640.0,Yes,No,Divided road,-33.866529,150.988559,Canterbury-Bankstown,Sydney metro. area,Syd-Newc-Woll Gtr conurbation,Straight,,,,Unknown / not stated,Sealed,Dry,Fine,Daylight,Nil,No traffic controls,70 km/h,State,39,Other same direction,300,Same - other,,Other angle,4 wheel drive / SUV,Car (sedan/hatch),2,0,0,0,0,10,October,Spring,Tuesday,10:00 - 11:59,Midday / afternoon,False,False,False,False
1368618,Non-casualty (towaway),Non-casualty (towaway),2024,2024,November,Saturday,20:00 - 21:59,MONRO,AVE,0,Right on the spot,NUMBER 38,HN,KIRRAWEE,,No,Not a school zone,2-way undivided,-34.030926,151.072994,Sutherland,Sydney metro. area,Syd-Newc-Woll Gtr conurbation,Straight,,,,Unknown / not stated,Sealed,Wet,Raining,Darkness,Nil,No traffic controls,50 km/h,Local,42,Leaving parking,401,Manov - Leaving parking,,Other angle,Light truck utility(from 2018),4 wheel drive / SUV,2,0,0,0,0,11,November,Spring,Saturday,20:00 - 21:59,Evening / night,False,False,False,False
1368632,Non-casualty (towaway),Non-casualty (towaway),2024,2024,November,Sunday,12:00 - 13:59,NORTHCLIFFE,DR,0,Right on the spot,NUMBER 372,HN,LAKE HEIGHTS,613.0,No,Not a school zone,Divided road,-34.486857,150.862105,Wollongong,Wollongong met. area,Syd-Newc-Woll Gtr conurbation,Straight,Steep grade,,,Unknown / not stated,Sealed,Dry,Fine,Daylight,Nil,No traffic controls,70 km/h,Regional,71,Off rd left => obj,703,Left off cway into object,,Other angle,Car (sedan/hatch),Caravan,3,0,0,0,0,11,November,Spring,Sunday,12:00 - 13:59,Midday / afternoon,False,False,False,False
1368636,Non-casualty (towaway),Non-casualty (towaway),2024,2024,November,Saturday,08:00 - 09:59,HENRY LAWSON,DR,0,Right on the spot,SOUTH WESTERN,EXP,MILPERRA,508.0,No,Not a school zone,T-junction,-33.944123,150.982473,Canterbury-Bankstown,Sydney metro. area,Syd-Newc-Woll Gtr conurbation,Straight,,,,Off,Sealed,Wet,Raining,Daylight,On,No traffic controls,60 km/h,State,21,Right through,202,Opp - Right-thru,,Other angle,Light truck utility(from 2018),Other bus,2,0,0,0,0,11,November,Spring,Saturday,08:00 - 09:59,AM peak / school commute,True,False,False,False
1368639,Non-casualty (towaway),Non-casualty (towaway),2024,2024,October,Thursday,20:00 - 21:59,PACIFIC,HWY,0,Right on the spot,GRANDVIEW,ST,PYMBLE,10.0,No,Not a school zone,T-junction,-33.744219,151.14107,Ku-ring-gai,Sydney metro. area,Syd-Newc-Woll Gtr conurbation,Straight,,,,Unknown / not stated,Sealed,Dry,Fine,Darkness,Nil,Give way sign,60 km/h,State,30,Rear end,301,Same - Rear end,,Rear end,Station wagon,4 wheel drive / SUV,2,0,0,0,0,10,October,Spring,Thursday,20:00 - 21:59,Evening / night,False,False,False,False
1368640,Non-casualty (towaway),Non-casualty (towaway),2024,2024,November,Friday,22:00 - Midnight,DONALD,RD,0,Right on the spot,NUMBER 59,HN,KARABAR,,No,Not a school zone,2-way undivided,-35.362145,149.224327,Queanbeyan-Palerang Regional,Country urban,Rest of NSW - Urban,Straight,,,,Unknown / not stated,Sealed,Dry,Fine,Darkness,Nil,No traffic controls,50 km/h,Local,71,Off rd left => obj,703,Left off cway into object,,Other angle,Light truck utility(from 2018),Light truck utility(from 2018),2,0,0,0,0,11,November,Spring,Friday,22:00 - Midnight,Evening / night,False,False,False,False
1368642,Non-casualty (towaway),Non-casualty (towaway),2024,2024,November,Tuesday,08:00 - 09:59,NEWCASTLE,EXP,500,South,O'DONNELLTOWN ROAD,OP,HOLMESVILLE,6003.0,No,Not a school zone,Dual freeway,-32.908722,151.562204,Lake Macquarie,Newcastle met. area,Syd-Newc-Woll Gtr conurbation,Curved,Other bridge,,,Nil,Sealed,Dry,Overcast,Daylight,Nil,No traffic controls,110 km/h,State,34,Lane change right,306,Same - Lane change right,,Other angle,4 wheel drive / SUV,4 wheel drive / SUV,2,0,0,0,0,11,November,Spring,Tuesday,08:00 - 09:59,AM peak / school commute,True,False,False,False
1368646,Non-casualty (towaway),Non-casualty (towaway),2024,2024,December,Tuesday,16:00 - 17:59,RUSSELL,ST,20,West,TERRY,ST,ALBION PARK,,No,Not a school zone,2-way undivided,-34.572718,150.775407,Shellharbour,Wollongong met. area,Syd-Newc-Woll Gtr conurbation,Straight,,,,Unknown / not stated,Sealed,Dry,Fine,Daylight,Nil,No traffic controls,50 km/h,Local,30,Rear end,301,Same - Rear end,,Rear end,Car (sedan/hatch),4 wheel drive / SUV,2,0,0,0,0,12,December,Summer,Tuesday,16:00 - 17:59,PM peak / evening commute,True,False,False,False
1368650,Non-casualty (towaway),Non-casualty (towaway),2024,2024,December,Thursday,16:00 - 17:59,M7 WESTLINK,EXP,50,North,ELIZABETH DRIVE,TO,CECIL HILLS,6009.0,No,Not a school zone,Dual freeway,-33.880623,150.840498,Liverpool,Sydney metro. area,Syd-Newc-Woll Gtr conurbation,Straight,,,,Unknown / not stated,Sealed,Dry,Fine,Daylight,Nil,No traffic controls,80 km/h,State,30,Rear end,301,Same - Rear end,,Rear end,4 wheel drive / SUV,Car (sedan/hatch),2,0,0,0,0,12,December,Summer,Thursday,16:00 - 17:59,PM peak / evening commute,True,False,False,False
1368653,Non-casualty (towaway),Non-casualty (towaway),2024,2024,December,Monday,08:00 - 09:59,LIVINGSTONE,RD,10,South,NUMBER 145,HN,MARRICKVILLE,,No,Not a school zone,2-way undivided,-33.906784,151.152905,Inner West,Sydney metro. area,Syd-Newc-Woll Gtr conurbation,Straight,,,,Unknown / not stated,Sealed,Dry,Fine,Daylight,Nil,No traffic controls,50 km/h,Local,40,U turn,304,Same - U-turn,,Other angle,Car (sedan/hatch),Car (sedan/hatch),3,0,0,0,0,12,December,Summer,Monday,08:00 - 09:59,AM peak / school commute,True,False,False,False
1368654,Non-casualty (towaway),Non-casualty (towaway),2024,2024,November,Tuesday,18:00 - 19:59,WISEMANS FERRY,RD,0,Right on the spot,NUMBER 1044,HN,SOUTH MAROOTA,181.0,No,Not a school zone,2-way undivided,-33.502115,150.95349,The Hills,Sydney metro. area,Syd-Newc-Woll Gtr conurbation,Straight,,,,Unknown / not stated,Sealed,Dry,Fine,Daylight,Nil,No traffic controls,80 km/h,State,71,Off rd left => obj,703,Left off cway into object,,Vehicle - Object,4 wheel drive / SUV,,1,0,0,0,0,11,November,Spring,Tuesday,18:00 - 19:59,PM peak / evening commute,True,False,False,False
1368658,Non-casualty (towaway),Non-casualty (towaway),2024,2024,November,Monday,12:00 - 13:59,BEACH,RD,0,Right on the spot,EXPLORERS,WAY,SURF BEACH,7630.0,No,Not a school zone,T-junction,-35.756979,150.209682,Eurobodalla,Country urban,Rest of NSW - Urban,Straight,,,,Unknown / not stated,Sealed,Dry,Fine,Daylight,Nil,No traffic controls,50 km/h,Regional,81,Off left/rt bnd=>obj,707,Right turn,Left,Other angle,Light truck utility(from 2018),Car (sedan/hatch),2,0,0,0,0,11,November,Spring,Monday,12:00 - 13:59,Midday / afternoon,False,False,False,False
1368659,Non-casualty (towaway),Non-casualty (towaway),2024,2024,December,Monday,10:00 - 11:59,THE CRESCENT,MS,999999,Unknown/not stated,UNKNOWN,UK,ANNANDALE,666.0,No,Not a school zone,2-way undivided,-33.874354,151.174953,Inner West,Sydney metro. area,Syd-Newc-Woll Gtr conurbation,Straight,,,,Unknown / not stated,Sealed,Dry,Fine,Daylight,Nil,No traffic controls,50 km/h,State,71,Off rd left => obj,703,Left off cway into object,,Other angle,Car (sedan/hatch),4 wheel drive / SUV,2,0,0,0,0,12,December,Summer,Monday,10:00 - 11:59,Midday / afternoon,False,False,False,False
1368666,Non-casualty (towaway),Non-casualty (towaway),2024,2024,November,Sunday,14:00 - 15:59,GREAT WESTERN,HWY,0,Right on the spot,NUMBER 293,HN,AUBURN,5.0,No,Not a school zone,2-way undivided,-33.837604,151.026357,Cumberland,Sydney metro. area,Syd-Newc-Woll Gtr conurbation,Straight,,,,Unknown / not stated,Sealed,Dry,Fine,Daylight,Nil,No traffic controls,60 km/h,State,39,Other same direction,300,Same - other,,Other angle,Car (sedan/hatch),Car (sedan/hatch),2,0,0,0,0,11,November,Spring,Sunday,14:00 - 15:59,Midday / afternoon,False,False,False,False
1368680,Non-casualty (towaway),Non-casualty (towaway),2024,2024,December,Sunday,14:00 - 15:59,NEWCASTLE,EXP,999999,Unknown/not stated,UNKNOWN,UK,OURIMBAH,6003.0,No,Not a school zone,Dual freeway,-33.353996,151.354915,Central Coast,Country non-urban,Syd-Newc-Woll Gtr conurbation,Curved,,,,Unknown / not stated,Sealed,Wet,Raining,Daylight,Nil,No traffic controls,110 km/h,State,83,Off rt/rt bnd=>obj,803,Off right bend into obj,Right,Vehicle - Object,Car (sedan/hatch),,1,0,0,0,0,12,December,Summer,Sunday,14:00 - 15:59,Midday / afternoon,False,False,False,False
1368686,Non-casualty (towaway),Non-casualty (towaway),2024,2024,November,Monday,18:00 - 19:59,CARILLON,AVE,0,Right on the spot,CHURCH,ST,CAMPERDOWN,7085.0,No,Not a school zone,T-junction,-33.891004,151.179144,Sydney,Sydney metro. area,Syd-Newc-Woll Gtr conurbation,Straight,Steep grade,,,Unknown / not stated,Sealed,Dry,Fine,Daylight,Nil,Ped crossing,50 km/h,Regional,30,Rear end,301,Same - Rear end,,Rear end,Car (sedan/hatch),Car (sedan/hatch),2,0,0,0,0,11,November,Spring,Monday,18:00 - 19:59,PM peak / evening commute,True,False,False,False
1368688,Non-casualty (towaway),Non-casualty (towaway),2024,2024,December,Friday,06:00 - 07:59,MOUNTAIN,ST,0,Right on the spot,RIDGELINE,DR,THE PONDS,,No,Not a school zone,T-junction,-33.709085,150.900519,Blacktown,Sydney metro. area,Syd-Newc-Woll Gtr conurbation,Straight,,,,Off,Sealed,Dry,Fine,Daylight,Nil,Stop sign,50 km/h,Local,13,Right near,104,Adj - Right-thru from right,,Right angle,4 wheel drive / SUV,Car (sedan/hatch),2,0,0,0,0,12,December,Summer,Friday,06:00 - 07:59,AM peak / school commute,True,False,False,False
1368692,Non-casualty (towaway),Non-casualty (towaway),2024,2024,November,Monday,20:00 - 21:59,MARANIE,AVE,0,Right on the spot,MARSDEN,RD,ST MARYS,,No,Not a school zone,T-junction,-33.779597,150.784398,Penrith,Sydney metro. area,Syd-Newc-Woll Gtr conurbation,Straight,Steep grade,,,Unknown / not stated,Sealed,Wet,Raining,Darkness,Nil,No traffic controls,50 km/h,Local,21,Right through,202,Opp - Right-thru,,Other angle,4 wheel drive / SUV,Car (sedan/hatch),2,0,0,0,0,11,November,Spring,Monday,20:00 - 21:59,Evening / night,False,False,False,False
1368706,Non-casualty (towaway),Non-casualty (towaway),2024,2024,October,Friday,22:00 - Midnight,SOUTHDOWN,RD,10,East,BORDER,CL,ELDERSLIE,,No,Not a school zone,T-junction,-34.059138,150.719368,Camden,Sydney metro. area,Syd-Newc-Woll Gtr conurbation,Straight,,,,Unknown / not stated,Sealed,Dry,Fine,Darkness,Nil,No traffic controls,50 km/h,Local,71,Off rd left => obj,703,Left off cway into object,,Other angle,Other bus,Light truck utility(from 2018),2,0,0,0,0,10,October,Spring,Friday,22:00 - Midnight,Evening / night,False,False,False,False
1368708,Non-casualty (towaway),Non-casualty (towaway),2024,2024,December,Saturday,14:00 - 15:59,PORT HACKING,RD,0,Right on the spot,KIORA,RD,MIRANDA,669.0,No,Not a school zone,Multiple intersection,-34.029962,151.105448,Sutherland,Sydney metro. area,Syd-Newc-Woll Gtr conurbation,Curved,,,,Unknown / not stated,Sealed,Wet,Raining,Daylight,On,No traffic controls,60 km/h,State,13,Right near,104,Adj - Right-thru from right,,Right angle,Light truck utility(from 2018),4 wheel drive / SUV,2,0,0,0,0,12,December,Summer,Saturday,14:00 - 15:59,Midday / afternoon,False,False,False,False
1368719,Non-casualty (towaway),Non-casualty (towaway),2024,2024,October,Monday,18:00 - 19:59,KING GEORGES,RD,0,Right on the spot,RUBY,ST,PENSHURST,200.0,No,Not a school zone,T-junction,-33.962011,151.091415,Georges River,Sydney metro. area,Syd-Newc-Woll Gtr conurbation,Straight,,,,Unknown / not stated,Sealed,Dry,Fine,Darkness,Nil,Left turn only,60 km/h,State,30,Rear end,301,Same - Rear end,,Rear end,Car (sedan/hatch),Car (sedan/hatch),2,0,0,0,0,10,October,Spring,Monday,18:00 - 19:59,PM peak / evening commute,True,False,False,False
1368725,Non-casualty (towaway),Non-casualty (towaway),2024,2024,December,Sunday,20:00 - 21:59,BENTS BASIN,RD,800,South,SILVERDALE,RD,WALLACIA,,No,Not a school zone,2-way undivided,-33.87204,150.635024,Wollondilly,Country urban,Syd-Newc-Woll Gtr conurbation,Straight,,,,Unknown / not stated,Sealed,Dry,Fine,Dusk,Nil,No traffic controls,80 km/h,Local,33,Lane sideswipe,305,Same - Lane side swipe,,Other angle,Car (sedan/hatch),Car (sedan/hatch),2,0,0,0,0,12,December,Summer,Sunday,20:00 - 21:59,Evening / night,False,False,False,False
1368726,Non-casualty (towaway),Non-casualty (towaway),2024,2024,December,Friday,16:00 - 17:59,KING GEORGES,RD,0,Right on the spot,ROSELAND,AVE,ROSELANDS,200.0,No,Not a school zone,T-junction,-33.935165,151.073866,Canterbury-Bankstown,Sydney metro. area,Syd-Newc-Woll Gtr conurbation,Straight,,,,Unknown / not stated,Sealed,Dry,Fine,Daylight,On,No traffic controls,60 km/h,State,30,Rear end,301,Same - Rear end,,Rear end,Car (sedan/hatch),4 wheel drive / SUV,3,0,0,0,0,12,December,Summer,Friday,16:00 - 17:59,PM peak / evening commute,True,False,False,False
1368729,Non-casualty (towaway),Non-casualty (towaway),2024,2024,December,Tuesday,14:00 - 15:59,MULGOA,RD,0,Right on the spot,WESTERN,EXP,JAMISONTOWN,155.0,No,Not a school zone,T-junction,-33.77264,150.67097,Penrith,Sydney metro. area,Syd-Newc-Woll Gtr conurbation,Straight,,,,Unknown / not stated,Sealed,Dry,Fine,Daylight,On,No traffic controls,60 km/h,State,21,Right through,202,Opp - Right-thru,,Other angle,4 wheel drive / SUV,4 wheel drive / SUV,2,0,0,0,0,12,December,Summer,Tuesday,14:00 - 15:59,Midday / afternoon,False,False,False,False
1368733,Non-casualty (towaway),Non-casualty (towaway),2024,2024,December,Sunday,14:00 - 15:59,MAIN,RD,0,Right on the spot,CALLAN,ST,EDGEWORTH,527.0,No,Not a school zone,T-junction,-32.924117,151.623843,Lake Macquarie,Newcastle met. area,Syd-Newc-Woll Gtr conurbation,Straight,,,,Unknown / not stated,Sealed,Dry,Fine,Daylight,On,No traffic controls,60 km/h,State,21,Right through,202,Opp - Right-thru,,Other angle,Car (sedan/hatch),4 wheel drive / SUV,2,0,0,0,0,12,December,Summer,Sunday,14:00 - 15:59,Midday / afternoon,False,False,False,False
1368738,Non-casualty (towaway),Non-casualty (towaway),2024,2024,December,Saturday,00:01 - 01:59,CEMETERY,RD,0,Right on the spot,NIXON,ST,COROWA,,No,Not a school zone,T-junction,-36.004569,146.366563,Federation,Country urban,Rest of NSW - Urban,Straight,,,,Unknown / not stated,Sealed,Dry,Fine,Darkness,Nil,No traffic controls,50 km/h,Local,75,Off end of road,709,Off end cway or T junct,,Vehicle - Object,Car (sedan/hatch),,1,0,0,0,0,12,December,Summer,Saturday,00:01 - 01:59,Late night / early morning,False,False,False,False
1368739,Non-casualty (towaway),Non-casualty (towaway),2024,2024,December,Sunday,18:00 - 19:59,HUME,HWY,100,West,HECTOR,ST,BASS HILL,2.0,No,Not a school zone,Divided road,-33.904055,151.001701,Canterbury-Bankstown,Sydney metro. area,Syd-Newc-Woll Gtr conurbation,Straight,,,,Unknown / not stated,Sealed,Dry,Fine,Unknown,Nil,No traffic controls,70 km/h,State,30,Rear end,301,Same - Rear end,,Rear end,Car (sedan/hatch),Panel van,2,0,0,0,0,12,December,Summer,Sunday,18:00 - 19:59,PM peak / evening commute,True,False,False,False
1368740,Non-casualty (towaway),Non-casualty (towaway),2024,2024,December,Sunday,08:00 - 09:59,KESWICK,PKWY,0,Right on the spot,NUMBER 61,HN,DUBBO,,No,Not a school zone,2-way undivided,-32.263049,148.635535,Dubbo Regional,Country urban,Rest of NSW - Urban,Straight,,,,Unknown / not stated,Sealed,Dry,Fine,Daylight,Nil,No traffic controls,50 km/h,Local,71,Off rd left => obj,703,Left off cway into object,,Vehicle - Object,Car (sedan/hatch),,1,0,0,0,0,12,December,Summer,Sunday,08:00 - 09:59,AM peak / school commute,True,False,False,False
1368747,Non-casualty (towaway),Non-casualty (towaway),2024,2024,December,Wednesday,18:00 - 19:59,CRANEBROOK,RD,0,Right on the spot,CHURCH,LANE,CRANEBROOK,630.0,No,Not a school zone,T-junction,-33.69946,150.700689,Penrith,Sydney metro. area,Syd-Newc-Woll Gtr conurbation,Straight,,,,Unknown / not stated,Sealed,Dry,Fine,Daylight,Nil,Give way sign,80 km/h,State,32,Right rear,303,Same - Rear right,,Rear end,Car (sedan/hatch),4 wheel drive / SUV,3,0,0,0,0,12,December,Summer,Wednesday,18:00 - 19:59,PM peak / evening commute,True,False,False,False
1368751,Non-casualty (towaway),Non-casualty (towaway),2024,2024,November,Sunday,20:00 - 21:59,DOUGLAS,ST,0,Right on the spot,NUMBER 55,HN,STANMORE,7085.0,No,Not a school zone,2-way undivided,-33.893491,151.161209,Inner West,Sydney metro. area,Syd-Newc-Woll Gtr conurbation,Straight,Pedestrian refuge,,,Unknown / not stated,Sealed,Dry,Fine,Darkness,Nil,No traffic controls,50 km/h,Regional,71,Off rd left => obj,703,Left off cway into object,,Other angle,Car (sedan/hatch),4 wheel drive / SUV,2,0,0,0,0,11,November,Spring,Sunday,20:00 - 21:59,Evening / night,False,False,False,False
1368752,Non-casualty (towaway),Non-casualty (towaway),2024,2024,November,Saturday,00:01 - 01:59,PACIFIC,HWY,1000,North,TYAGARAH,RD,TYAGARAH,10.0,No,Not a school zone,Divided road,-28.599206,153.544897,Byron,Country non-urban,Rest of NSW - Rural,Straight,,,,Unknown / not stated,Sealed,Dry,Overcast,Darkness,Nil,No traffic controls,100 km/h,State,72,Off road to right,702,Off carriageway to right,,Rollover,Car (sedan/hatch),,1,0,0,0,0,11,November,Spring,Saturday,00:01 - 01:59,Late night / early morning,False,False,False,False
1368757,Non-casualty (towaway),Non-casualty (towaway),2024,2024,December,Tuesday,06:00 - 07:59,WILLIAM,ST,0,Right on the spot,BOURKE,ST,WOOLLOOMOOLOO,173.0,No,Not a school zone,X-intersection,-33.874537,151.218076,Sydney,Sydney metro. area,Syd-Newc-Woll Gtr conurbation,Straight,,,,Unknown / not stated,Sealed,Dry,Fine,Daylight,On,No traffic controls,50 km/h,State,21,Right through,202,Opp - Right-thru,,Other angle,4 wheel drive / SUV,Light truck,2,0,0,0,0,12,December,Summer,Tuesday,06:00 - 07:59,AM peak / school commute,True,False,False,False
1368759,Non-casualty (towaway),Non-casualty (towaway),2024,2024,December,Friday,16:00 - 17:59,SUNNYHOLT,RD,0,Right on the spot,VARDYS,RD,KINGS PARK,642.0,No,Not a school zone,X-intersection,-33.747673,150.916272,Blacktown,Sydney metro. area,Syd-Newc-Woll Gtr conurbation,Straight,,,,Unknown / not stated,Sealed,Dry,Fine,Daylight,On,No traffic controls,70 km/h,State,30,Rear end,301,Same - Rear end,,Rear end,Light truck utility(from 2018),Car (sedan/hatch),3,0,0,0,0,12,December,Summer,Friday,16:00 - 17:59,PM peak / evening commute,True,False,False,False
1368763,Non-casualty (towaway),Non-casualty (towaway),2024,2024,October,Saturday,06:00 - 07:59,THE COAST,RD,50,South,ROCKY POINT,RD,SKENNARS HEAD,545.0,No,Not a school zone,2-way undivided,-28.824131,153.604744,Ballina,Country urban,Rest of NSW - Urban,Curved,,,,Unknown / not stated,Sealed,Dry,Fine,Daylight,Nil,No traffic controls,60 km/h,Regional,34,Lane change right,306,Same - Lane change right,,Other angle,Light truck,4 wheel drive / SUV,2,0,0,0,0,10,October,Spring,Saturday,06:00 - 07:59,AM peak / school commute,True,False,False,False
1368765,Non-casualty (towaway),Non-casualty (towaway),2024,2024,October,Monday,12:00 - 13:59,VICTORIA,RD,0,Right on the spot,NUMBER 51,HN,MARRICKVILLE,,No,Not a school zone,2-way undivided,-33.905845,151.171566,Inner West,Sydney metro. area,Syd-Newc-Woll Gtr conurbation,Straight,,,,Unknown / not stated,Sealed,Dry,Fine,Daylight,Nil,No traffic controls,50 km/h,Local,40,U turn,207,Opp - U-turn,,Other angle,Car (sedan/hatch),4 wheel drive / SUV,4,0,0,0,0,10,October,Spring,Monday,12:00 - 13:59,Midday / afternoon,False,False,False,False
1368769,Non-casualty (towaway),Non-casualty (towaway),2024,2024,December,Saturday,02:00 - 03:59,WANGI,RD,200,North,DONNELLY,RD,BUTTABA,217.0,No,Not a school zone,Divided road,-33.050318,151.567649,Lake Macquarie,Newcastle met. area,Syd-Newc-Woll Gtr conurbation,Curved,,,,Unknown / not stated,Sealed,Dry,Fine,Darkness,Nil,No traffic controls,90 km/h,State,87,Off lft/lft bnd=>obj,804,Off left bend into obj,Left,Vehicle - Object,4 wheel drive / SUV,,1,0,0,0,0,12,December,Summer,Saturday,02:00 - 03:59,Late night / early morning,False,False,False,False
1368770,Non-casualty (towaway),Non-casualty (towaway),2024,2024,December,Monday,18:00 - 19:59,SOUTH WESTERN,EXP,400,West,HEATHCOTE ROAD,OP,WATTLE GROVE,6005.0,No,Not a school zone,Dual freeway,-33.941549,150.938166,Liverpool,Sydney metro. area,Syd-Newc-Woll Gtr conurbation,Straight,,,,Unknown / not stated,Sealed,Dry,Fine,Dusk,Nil,No traffic controls,100 km/h,State,30,Rear end,301,Same - Rear end,,Rear end,4 wheel drive / SUV,Passenger van,3,0,0,0,0,12,December,Summer,Monday,18:00 - 19:59,PM peak / evening commute,True,False,False,False
1368772,Non-casualty (towaway),Non-casualty (towaway),2024,2024,October,Friday,18:00 - 19:59,MILBURN,RD,0,Right on the spot,WOLSTENHOLME,AVE,GYMEA,,No,Not a school zone,T-junction,-34.030928,151.085891,Sutherland,Sydney metro. area,Syd-Newc-Woll Gtr conurbation,Straight,,,,Unknown / not stated,Sealed,Dry,Fine,Daylight,Nil,No traffic controls,50 km/h,Local,13,Right near,104,Adj - Right-thru from right,,Right angle,4 wheel drive / SUV,4 wheel drive / SUV,2,0,0,0,0,10,October,Spring,Friday,18:00 - 19:59,PM peak / evening commute,True,False,False,False
1368780,Non-casualty (towaway),Non-casualty (towaway),2024,2024,November,Friday,16:00 - 17:59,WINDSOR,RD,0,Right on the spot,WRIGHTS,RD,KELLYVILLE,184.0,No,Not a school zone,T-junction,-33.718077,150.962518,The Hills,Sydney metro. area,Syd-Newc-Woll Gtr conurbation,Straight,,,,Unknown / not stated,Sealed,Dry,Fine,Daylight,Nil,Left turn only,60 km/h,State,16,Left near,107,Adj - Left-thru from right,,Right angle,4 wheel drive / SUV,4 wheel drive / SUV,3,0,0,0,0,11,November,Spring,Friday,16:00 - 17:59,PM peak / evening commute,True,False,False,False