crash_id,degree_of_crash,degree_of_crash_-_detailed,reporting_year,year_of_crash,month_of_crash,day_of_week_of_crash,two-hour_intervals,street_of_crash,street_type,distance,direction,identifying_feature,identifying_feature_type,town,route_no.,school_zone_location,school_zone_active,type_of_location,latitude,longitude,lga,urbanisation,conurbation_1,alignment,primary_permanent_feature,primary_temporary_feature,primary_hazardous_feature,street_lighting,road_surface,surface_condition,weather,natural_lighting,signals_operation,other_traffic_control,speed_limit,road_classification_(admin),rum_-_code,rum_-_description,dca_-_code,dca_-_description,dca_supplement,first_impact_type,key_tu_type,other_tu_type,no._of_traffic_units_involved,no._killed,no._seriously_injured,no._moderately_injured,no._minor-other_injured,month_num,month_label,season,day_label,time_label,time_band,is_peak_commute,is_fatal,is_injury,is_casualty
1368784,Non-casualty (towaway),Non-casualty (towaway),2024,2024,November,Saturday,04:00 - 05:59,PRINCES,HWY,0,Right on the spot,SOUTHERN GATEWAY CENTRE,TO,MADDENS PLAINS,1.0,No,Not a school zone,Divided road,-34.307037,150.903993,Wollongong,Wollongong met. area,Syd-Newc-Woll Gtr conurbation,Curved,Steep grade,,,Unknown / not stated,Sealed,Wet,Raining,Darkness,Nil,No traffic controls,80 km/h,State,83,Off rt/rt bnd=>obj,803,Off right bend into obj,Right,Vehicle - Object,Car (sedan/hatch),,1,0,0,0,0,11,November,Spring,Saturday,04:00 - 05:59,Late night / early morning,False,False,False,False
1368785,Non-casualty (towaway),Non-casualty (towaway),2024,2024,November,Wednesday,06:00 - 07:59,HUME,HWY,600,South,CAMPBELLTOWN ROAD,OP,DENHAM COURT,2.0,No,Not a school zone,Dual freeway,-34.004883,150.834669,Campbelltown,Sydney metro. area,Syd-Newc-Woll Gtr conurbation,Curved,,,,Unknown / not stated,Sealed,Dry,Fine,Daylight,Nil,No traffic controls,110 km/h,State,30,Rear end,301,Same - Rear end,,Rear end,Car (sedan/hatch),4 wheel drive / SUV,3,0,0,0,0,11,November,Spring,Wednesday,06:00 - 07:59,AM peak / school commute,True,False,False,False
1368805,Non-casualty (towaway),Non-casualty (towaway),2024,2024,December,Friday,18:00 - 19:59,PACIFIC,HWY,150,South,ITALIA,RD,FERODALE,10.0,No,Not a school zone,Divided road,-32.683094,151.813533,Port Stephens,Country non-urban,Rest of NSW - Rural,Straight,,,,Unknown / not stated,Sealed,Dry,Fine,Dusk,Nil,No traffic controls,110 km/h,State,70,Off road to left,701,Off carriageway to left,,Rollover,Car (sedan/hatch),,1,0,0,0,0,12,December,Summer,Friday,18:00 - 19:59,PM peak / evening commute,True,False,False,False
1368806,Non-casualty (towaway),Non-casualty (towaway),2024,2024,November,Tuesday,20:00 - 21:59,LAMBTON,RD,0,Right on the spot,BAVIN,RD,BROADMEADOW,223.0,Yes,No,T-junction,-32.923814,151.729049,Newcastle,Newcastle met. area,Syd-Newc-Woll Gtr conurbation,Straight,,,,Unknown / not stated,Sealed,Wet,Overcast,Unknown,Nil,No traffic controls,60 km/h,Regional,21,Right through,202,Opp - Right-thru,,Other angle,4 wheel drive / SUV,Light truck utility(from 2018),2,0,0,0,0,11,November,Spring,Tuesday,20:00 - 21:59,Evening / night,False,False,False,False
1368810,Non-casualty (towaway),Non-casualty (towaway),2024,2024,December,Tuesday,16:00 - 17:59,PACIFIC,HWY,0,Right on the spot,OLD COAST ROAD,OP,SAPPHIRE BEACH,10.0,No,Not a school zone,Divided road,-30.233431,153.147771,Coffs Harbour,Country non-urban,Rest of NSW - Rural,Curved,Underpass/tunnel,,,Unknown / not stated,Sealed,Wet,Raining,Daylight,Nil,No traffic controls,110 km/h,State,81,Off left/rt bnd=>obj,803,Off right bend into obj,Left,Vehicle - Object,Light truck,,2,0,0,0,0,12,December,Summer,Tuesday,16:00 - 17:59,PM peak / evening commute,True,False,False,False
1368811,Non-casualty (towaway),Non-casualty (towaway),2024,2024,December,Friday,16:00 - 17:59,WESTPORT,RD,10000,East,NEWELL,HWY,JACKS CREEK,,No,Not a school zone,2-way undivided,-30.510757,149.700449,Narrabri,Country non-urban,Rest of NSW - Rural,Straight,,,,Unknown / not stated,Unsealed,Dry,Fine,Daylight,Nil,No traffic controls,100 km/h,Local,71,Off rd left => obj,703,Left off cway into object,,Vehicle - Object,Car (sedan/hatch),,1,0,0,0,0,12,December,Summer,Friday,16:00 - 17:59,PM peak / evening commute,True,False,False,False
1368813,Non-casualty (towaway),Non-casualty (towaway),2024,2024,November,Saturday,10:00 - 11:59,KOSCIUSZKO,RD,1000,East,GLENROWAN,RD,BERRIDALE,286.0,No,Not a school zone,2-way undivided,-36.350641,148.768164,Snowy Monaro Regional,Country non-urban,Rest of NSW - Rural,Curved,,,,Unknown / not stated,Sealed,Wet,Raining,Daylight,Nil,No traffic controls,100 km/h,State,88,Out of cont on bend,805,Out of control on bend,,Rollover,4 wheel drive / SUV,,1,0,0,0,0,11,November,Spring,Saturday,10:00 - 11:59,Midday / afternoon,False,False,False,False
1368818,Non-casualty (towaway),Non-casualty (towaway),2024,2024,December,Monday,12:00 - 13:59,PARK,RD,0,Right on the spot,NUMBER369,HN,REGENTS PARK,7102.0,No,Not a school zone,2-way undivided,-33.878968,151.024654,Cumberland,Sydney metro. area,Syd-Newc-Woll Gtr conurbation,Straight,Driveway/entrance,,,Unknown / not stated,Sealed,Dry,Fine,Daylight,Nil,No traffic controls,60 km/h,Regional,47,Emerging from drive,406,Manov - Emerging from driveway,,Right angle,4 wheel drive / SUV,Car (sedan/hatch),2,0,0,0,0,12,December,Summer,Monday,12:00 - 13:59,Midday / afternoon,False,False,False,False
1368819,Non-casualty (towaway),Non-casualty (towaway),2024,2024,December,Wednesday,06:00 - 07:59,OXLEY,HWY,0,Right on the spot,CPT 61 2,TRL,SANCROX,11.0,No,Not a school zone,T-junction,-31.467976,152.799169,Port Macquarie-Hastings,Country non-urban,Rest of NSW - Rural,Straight,,,,Unknown / not stated,Sealed,Dry,Fine,Dawn,Nil,No traffic controls,90 km/h,State,20,Head on,201,Opp - Head on,,Head-on,Light truck,Car (sedan/hatch),2,0,0,0,0,12,December,Summer,Wednesday,06:00 - 07:59,AM peak / school commute,True,False,False,False
1368821,Non-casualty (towaway),Non-casualty (towaway),2024,2024,December,Friday,10:00 - 11:59,WINGEWARRA,ST,30,East,BLIGH,ST,DUBBO,,No,Not a school zone,Divided road,-32.248783,148.599666,Dubbo Regional,Country urban,Rest of NSW - Urban,Straight,,,,Unknown / not stated,Sealed,Dry,Fine,Daylight,Nil,No traffic controls,50 km/h,Local,42,Leaving parking,401,Manov - Leaving parking,,Other angle,Light truck utility(from 2018),Car (sedan/hatch),2,0,0,0,0,12,December,Summer,Friday,10:00 - 11:59,Midday / afternoon,False,False,False,False
1368828,Non-casualty (towaway),Non-casualty (towaway),2024,2024,December,Thursday,08:00 - 09:59,IRRIGATION,WAY,0,Right on the spot,CONTOUR,RD,MURRAMI,80.0,No,Not a school zone,T-junction,-34.401552,146.206247,Leeton,Country non-urban,Rest of NSW - Rural,Straight,,,,Unknown / not stated,Sealed,Dry,Fine,Daylight,Nil,Give way sign,100 km/h,State,75,Off end of road,709,Off end cway or T junct,,Vehicle - Object,Light truck,,1,0,0,0,0,12,December,Summer,Thursday,08:00 - 09:59,AM peak / school commute,True,False,False,False
1368835,Non-casualty (towaway),Non-casualty (towaway),2024,2024,November,Friday,06:00 - 07:59,CUMBERLAND,HWY,10,East,REDBANK,RD,NORTHMEAD,13.0,No,Not a school zone,X-intersection,-33.79551,150.98976,Parramatta,Sydney metro. area,Syd-Newc-Woll Gtr conurbation,Straight,,,,Unknown / not stated,Sealed,Wet,Raining,Daylight,On,No traffic controls,70 km/h,State,34,Lane change right,306,Same - Lane change right,,Other angle,Light truck,Light truck,2,0,0,0,0,11,November,Spring,Friday,06:00 - 07:59,AM peak / school commute,True,False,False,False
1368838,Non-casualty (towaway),Non-casualty (towaway),2024,2024,December,Saturday,16:00 - 17:59,LENNOX,ST,0,Right on the spot,PAGET,ST,RICHMOND,537.0,No,Not a school zone,X-intersection,-33.601883,150.753396,Hawkesbury,Country urban,Syd-Newc-Woll Gtr conurbation,Straight,,,,Off,Sealed,Dry,Fine,Daylight,On,No traffic controls,60 km/h,State,21,Right through,202,Opp - Right-thru,,Other angle,4 wheel drive / SUV,Light truck utility(from 2018),2,0,0,0,0,12,December,Summer,Saturday,16:00 - 17:59,PM peak / evening commute,True,False,False,False
1368841,Non-casualty (towaway),Non-casualty (towaway),2024,2024,November,Tuesday,16:00 - 17:59,NIGHTINGALE,ST,0,Right on the spot,TRAFALGAR,ST,WOOLGOOLGA,,No,Not a school zone,Roundabout,-30.112359,153.19989,Coffs Harbour,Country urban,Rest of NSW - Urban,Straight,,,,Unknown / not stated,Sealed,Dry,Fine,Daylight,Nil,Give way sign,50 km/h,Local,21,Right through,202,Opp - Right-thru,,Other angle,Light truck utility(from 2018),Car (sedan/hatch),2,0,0,0,0,11,November,Spring,Tuesday,16:00 - 17:59,PM peak / evening commute,True,False,False,False
1368843,Non-casualty (towaway),Non-casualty (towaway),2024,2024,December,Saturday,16:00 - 17:59,PRINCES,HWY,0,Right on the spot,QUINNS,LANE,SOUTH NOWRA,1.0,No,Not a school zone,Roundabout,-34.908473,150.60316,Shoalhaven,Country urban,Rest of NSW - Urban,Curved,,,,Unknown / not stated,Sealed,Dry,Fine,Daylight,Nil,Give way sign,70 km/h,State,19,Other adjacent,100,Adj - other,,Right angle,Car (sedan/hatch),4 wheel drive / SUV,2,0,0,0,0,12,December,Summer,Saturday,16:00 - 17:59,PM peak / evening commute,True,False,False,False
1368852,Non-casualty (towaway),Non-casualty (towaway),2024,2024,December,Sunday,14:00 - 15:59,DUNMORE,ST,0,Right on the spot,JONES,ST,WENTWORTHVILLE,7257.0,No,Not a school zone,Roundabout,-33.805381,150.961094,Cumberland,Sydney metro. area,Syd-Newc-Woll Gtr conurbation,Straight,Steep grade,,,Unknown / not stated,Sealed,Wet,Raining,Daylight,Nil,Give way sign,50 km/h,Regional,10,Cross traffic,101,Adj - Cross traffic,,Right angle,4 wheel drive / SUV,4 wheel drive / SUV,2,0,0,0,0,12,December,Summer,Sunday,14:00 - 15:59,Midday / afternoon,False,False,False,False
1368866,Non-casualty (towaway),Non-casualty (towaway),2024,2024,December,Sunday,14:00 - 15:59,TIMOTHY,AVE,0,Right on the spot,NUMBER 4,HN,CASTLE HILL,,No,Not a school zone,2-way undivided,-33.737239,151.012623,The Hills,Sydney metro. area,Syd-Newc-Woll Gtr conurbation,Straight,,,,Unknown / not stated,Sealed,Dry,Fine,Daylight,Nil,No traffic controls,50 km/h,Local,30,Rear end,301,Same - Rear end,,Rear end,Car (sedan/hatch),Car (sedan/hatch),2,0,0,0,0,12,December,Summer,Sunday,14:00 - 15:59,Midday / afternoon,False,False,False,False
1368867,Non-casualty (towaway),Non-casualty (towaway),2024,2024,December,Thursday,12:00 - 13:59,HUME,HWY,50,North,SPRING FARM DRIVE,OP,MENANGLE PARK,2.0,No,Not a school zone,Dual freeway,-34.09665,150.765169,Campbelltown,Sydney metro. area,Syd-Newc-Woll Gtr conurbation,Straight,,,,Unknown / not stated,Sealed,Dry,Fine,Daylight,Nil,No traffic controls,110 km/h,State,34,Lane change right,306,Same - Lane change right,,Other angle,Panel van,Car (sedan/hatch),2,0,0,0,0,12,December,Summer,Thursday,12:00 - 13:59,Midday / afternoon,False,False,False,False
1368869,Non-casualty (towaway),Non-casualty (towaway),2024,2024,November,Monday,18:00 - 19:59,HUME,HWY,0,Right on the spot,LONGFIELD,ST,CABRAMATTA,2.0,No,Not a school zone,T-junction,-33.896225,150.954298,Fairfield,Sydney metro. area,Syd-Newc-Woll Gtr conurbation,Straight,,,,Unknown / not stated,Sealed,Dry,Fine,Darkness,Nil,No traffic controls,70 km/h,State,16,Left near,107,Adj - Left-thru from right,,Right angle,Car (sedan/hatch),Light truck utility(from 2018),2,0,0,0,0,11,November,Spring,Monday,18:00 - 19:59,PM peak / evening commute,True,False,False,False
1368881,Non-casualty (towaway),Non-casualty (towaway),2024,2024,December,Tuesday,22:00 - Midnight,NEW ENGLAND,HWY,0,Right on the spot,BP SERVICE,SN,MUSWELLBROOK,9.0,No,Not a school zone,Divided road,-32.281534,150.9011,Muswellbrook,Country urban,Rest of NSW - Urban,Straight,,,,Unknown / not stated,Sealed,Dry,Fine,Darkness,Nil,No traffic controls,50 km/h,State,73,Off rd rght => obj,704,Right off cway into obj,,Vehicle - Object,Car (sedan/hatch),,1,0,0,0,0,12,December,Summer,Tuesday,22:00 - Midnight,Evening / night,False,False,False,False
1368884,Non-casualty (towaway),Non-casualty (towaway),2024,2024,December,Sunday,22:00 - Midnight,WARATAH,ST,10,South,NUMBER 58,HN,SCOTTS HEAD,7736.0,No,Not a school zone,2-way undivided,-30.746931,152.996287,Nambucca Valley,Country urban,Rest of NSW - Urban,Straight,,,,Unknown / not stated,Sealed,Dry,Fine,Darkness,Nil,No traffic controls,50 km/h,Regional,93,Pkd veh runaway=>obj,906,Parked vehicle ran away,,Vehicle - Object,Car (sedan/hatch),,1,0,0,0,0,12,December,Summer,Sunday,22:00 - Midnight,Evening / night,False,False,False,False
1368914,Non-casualty (towaway),Non-casualty (towaway),2024,2024,December,Friday,18:00 - 19:59,ALLISON,CRES,50,North,PORTMADOC,DR,MENAI,,No,Not a school zone,2-way undivided,-34.010906,151.017001,Sutherland,Sydney metro. area,Syd-Newc-Woll Gtr conurbation,Curved,Driveway/entrance,,,Unknown / not stated,Sealed,Dry,Fine,Dusk,Nil,No traffic controls,50 km/h,Local,47,Emerging from drive,406,Manov - Emerging from driveway,,Right angle,Car (sedan/hatch),Car (sedan/hatch),2,0,0,0,0,12,December,Summer,Friday,18:00 - 19:59,PM peak / evening commute,True,False,False,False
1368915,Non-casualty (towaway),Non-casualty (towaway),2024,2024,December,Sunday,12:00 - 13:59,GEORGE DOWNES,DR,200,South,ANDREWS POINT,RD,KULNURA,590.0,No,Not a school zone,2-way undivided,-33.168997,151.202639,Central Coast,Country non-urban,Syd-Newc-Woll Gtr conurbation,Curved,,,,Unknown / not stated,Sealed,Dry,Fine,Daylight,Nil,No traffic controls,100 km/h,Regional,87,Off lft/lft bnd=>obj,804,Off left bend into obj,Left,Vehicle - Object,Light truck utility(from 2018),,1,0,0,0,0,12,December,Summer,Sunday,12:00 - 13:59,Midday / afternoon,False,False,False,False
1368920,Non-casualty (towaway),Non-casualty (towaway),2024,2024,November,Sunday,16:00 - 17:59,PRINCES,HWY,0,Right on the spot,FROGS HOLLOW,LANE,FROGS HOLLOW,1.0,No,Not a school zone,T-junction,-36.76353,149.813521,Bega Valley,Country non-urban,Rest of NSW - Rural,Curved,Embankment/cutting,,,Unknown / not stated,Sealed,Dry,Fine,Unknown,Nil,No traffic controls,100 km/h,State,81,Off left/rt bnd=>obj,803,Off right bend into obj,Left,Vehicle - Object,Light truck utility(from 2018),,1,0,0,0,0,11,November,Spring,Sunday,16:00 - 17:59,PM peak / evening commute,True,False,False,False
1368922,Non-casualty (towaway),Non-casualty (towaway),2024,2024,November,Friday,22:00 - Midnight,MACQUARIE,ST,0,Right on the spot,NUMBER 340,HN,DUBBO,,No,Not a school zone,2-way undivided,-32.258937,148.600809,Dubbo Regional,Country urban,Rest of NSW - Urban,Straight,Driveway/entrance,,,Unknown / not stated,Sealed,Wet,Raining,Darkness,Nil,No traffic controls,60 km/h,Local,73,Off rd rght => obj,704,Right off cway into obj,,Other angle,Light truck,Car (sedan/hatch),3,0,0,0,0,11,November,Spring,Friday,22:00 - Midnight,Evening / night,False,False,False,False
1368935,Non-casualty (towaway),Non-casualty (towaway),2024,2024,November,Friday,18:00 - 19:59,CARY,ST,0,Right on the spot,BRIGHTON,AVE,TORONTO,217.0,No,Not a school zone,T-junction,-33.014425,151.593083,Lake Macquarie,Newcastle met. area,Syd-Newc-Woll Gtr conurbation,Straight,Steep grade,,,Unknown / not stated,Sealed,Wet,Raining,Daylight,Nil,Give way sign,60 km/h,State,33,Lane sideswipe,305,Same - Lane side swipe,,Other angle,Car (sedan/hatch),Car (sedan/hatch),2,0,0,0,0,11,November,Spring,Friday,18:00 - 19:59,PM peak / evening commute,True,False,False,False
1368937,Non-casualty (towaway),Non-casualty (towaway),2024,2024,December,Tuesday,14:00 - 15:59,SHELLHARBOUR,RD,0,Right on the spot,ROBERTS,AVE,BARRACK HEIGHTS,522.0,No,Not a school zone,T-junction,-34.561909,150.860084,Shellharbour,Wollongong met. area,Syd-Newc-Woll Gtr conurbation,Straight,,,,Unknown / not stated,Sealed,Dry,Overcast,Daylight,Nil,Give way sign,70 km/h,State,13,Right near,104,Adj - Right-thru from right,,Right angle,4 wheel drive / SUV,Car (sedan/hatch),2,0,0,0,0,12,December,Summer,Tuesday,14:00 - 15:59,Midday / afternoon,False,False,False,False
1368939,Non-casualty (towaway),Non-casualty (towaway),2024,2024,December,Thursday,14:00 - 15:59,GRAND,DR,0,Right on the spot,THE GREENHOUSE,OT,CENTENNIAL PARK,,No,Not a school zone,1-way street,-33.902248,151.229281,Randwick,Sydney metro. area,Syd-Newc-Woll Gtr conurbation,Straight,,,,Unknown / not stated,Sealed,Dry,Fine,Daylight,Nil,No traffic controls,30 km/h,Local,49,Other manoeuvring,400,Manov - other,,Other angle,Car (sedan/hatch),,1,0,0,0,0,12,December,Summer,Thursday,14:00 - 15:59,Midday / afternoon,False,False,False,False
1368955,Non-casualty (towaway),Non-casualty (towaway),2024,2024,November,Wednesday,20:00 - 21:59,BICENTENNIAL,DR,70,East,JERRABOMBERRA,PKWY,JERRABOMBERRA,,No,Not a school zone,2-way undivided,-35.389108,149.202077,Queanbeyan-Palerang Regional,Country urban,Rest of NSW - Urban,Straight,Driveway/entrance,,,Unknown / not stated,Sealed,Wet,Raining,Darkness,Nil,No traffic controls,50 km/h,Local,31,Left rear,302,Same - Rear left,,Rear end,Car (sedan/hatch),Station wagon,2,0,0,0,0,11,November,Spring,Wednesday,20:00 - 21:59,Evening / night,False,False,False,False
1368958,Non-casualty (towaway),Non-casualty (towaway),2024,2024,November,Tuesday,08:00 - 09:59,CHAPEL,LANE,0,Right on the spot,NUMBER 61 - 63,HN,BAULKHAM HILLS,,No,Not a school zone,2-way undivided,-33.746635,150.969604,The Hills,Sydney metro. area,Syd-Newc-Woll Gtr conurbation,Straight,,,,Unknown / not stated,Sealed,Dry,Fine,Daylight,Nil,No traffic controls,50 km/h,Local,71,Off rd left => obj,703,Left off cway into object,,Other angle,Car (sedan/hatch),Car (sedan/hatch),3,0,0,0,0,11,November,Spring,Tuesday,08:00 - 09:59,AM peak / school commute,True,False,False,False
1368981,Non-casualty (towaway),Non-casualty (towaway),2024,2024,December,Sunday,04:00 - 05:59,SOUTH SEAS,DR,30,West,NORFOLK,ST,ASHTONFIELD,,Yes,No,2-way undivided,-32.772882,151.598702,Maitland,Country urban,Rest of NSW - Urban,Straight,,,,Unknown / not stated,Sealed,Dry,Fog or mist,Dawn,Nil,No traffic controls,50 km/h,Local,71,Off rd left => obj,703,Left off cway into object,,Other angle,4 wheel drive / SUV,Car (sedan/hatch),2,0,0,0,0,12,December,Summer,Sunday,04:00 - 05:59,Late night / early morning,False,False,False,False
1368982,Non-casualty (towaway),Non-casualty (towaway),2024,2024,December,Tuesday,12:00 - 13:59,KYOGLE,RD,1000,South,BYRRILL CREEK,RD,TERRAGON,142.0,No,Not a school zone,2-way undivided,-28.444622,153.283055,Tweed,Country urban,Rest of NSW - Urban,Curved,,,,Unknown / not stated,Sealed,Dry,Fine,Daylight,Nil,No traffic controls,80 km/h,Regional,66,Object on road,607,On path - Hit temp object,,Vehicle - Object,Car (sedan/hatch),,1,0,0,0,0,12,December,Summer,Tuesday,12:00 - 13:59,Midday / afternoon,False,False,False,False
1368994,Non-casualty (towaway),Non-casualty (towaway),2024,2024,December,Monday,02:00 - 03:59,WOLLOMBI,RD,50,North,ELLALONG,RD,PELTON,181.0,No,Not a school zone,2-way undivided,-32.875504,151.310325,Cessnock,Country urban,Rest of NSW - Urban,Curved,,,,Unknown / not stated,Sealed,Dry,Fine,Darkness,Nil,No traffic controls,60 km/h,Regional,69,Other on path,600,On path - Other,,Unknown,Light truck utility(from 2018),,1,0,0,0,0,12,December,Summer,Monday,02:00 - 03:59,Late night / early morning,False,False,False,False
1369005,Non-casualty (towaway),Non-casualty (towaway),2024,2024,December,Thursday,20:00 - 21:59,BLOOMFIELD,CCT,160,North,CATTAI CREEK,DR,KELLYVILLE,,No,Not a school zone,2-way undivided,-33.699282,150.977284,The Hills,Sydney metro. area,Syd-Newc-Woll Gtr conurbation,Curved,,,,Unknown / not stated,Sealed,Dry,Fine,Darkness,Nil,No traffic controls,50 km/h,Local,81,Off left/rt bnd=>obj,803,Off right bend into obj,Left,Vehicle - Object,Car (sedan/hatch),,1,0,0,0,0,12,December,Summer,Thursday,20:00 - 21:59,Evening / night,False,False,False,False
1369009,Non-casualty (towaway),Non-casualty (towaway),2024,2024,December,Monday,08:00 - 09:59,LOVEDALE,RD,165,North,NUMBER 170,HN,LOVEDALE,4057.0,No,Not a school zone,2-way undivided,-32.774266,151.356482,Cessnock,Country urban,Rest of NSW - Urban,Curved,,,,Unknown / not stated,Sealed,Dry,Overcast,Daylight,Nil,No traffic controls,80 km/h,Regional,85,Off rt/lft bnd=>obj,804,Off left bend into obj,Right,Vehicle - Object,Car (sedan/hatch),,1,0,0,0,0,12,December,Summer,Monday,08:00 - 09:59,AM peak / school commute,True,False,False,False
1369011,Non-casualty (towaway),Non-casualty (towaway),2024,2024,December,Wednesday,06:00 - 07:59,ATKINSON,RD,0,Right on the spot,MANGROVE,LANE,TAREN POINT,,No,Not a school zone,T-junction,-34.022838,151.12935,Sutherland,Sydney metro. area,Syd-Newc-Woll Gtr conurbation,Straight,,,,Unknown / not stated,Sealed,Dry,Fine,Daylight,Nil,No traffic controls,50 km/h,Local,21,Right through,202,Opp - Right-thru,,Other angle,Passenger van,4 wheel drive / SUV,2,0,0,0,0,12,December,Summer,Wednesday,06:00 - 07:59,AM peak / school commute,True,False,False,False
1369068,Non-casualty (towaway),Non-casualty (towaway),2024,2024,September,Wednesday,00:01 - 01:59,FOREST,RD,0,Right on the spot,STONEY CREEK,RD,BEXLEY,168.0,No,Not a school zone,T-junction,-33.950037,151.126416,Bayside,Sydney metro. area,Syd-Newc-Woll Gtr conurbation,Straight,,,,Unknown / not stated,Sealed,Dry,Fine,Darkness,On,No traffic controls,60 km/h,State,21,Right through,202,Opp - Right-thru,,Other angle,Car (sedan/hatch),Car (sedan/hatch),2,0,0,0,0,9,September,Spring,Wednesday,00:01 - 01:59,Late night / early morning,False,False,False,False
1369074,Non-casualty (towaway),Non-casualty (towaway),2024,2024,October,Saturday,12:00 - 13:59,HUME,HWY,1000,South,GOLDEN VALE,RD,SUTTON FOREST,2.0,No,Not a school zone,Divided road,-34.531837,150.285838,Wingecarribee,Country non-urban,Rest of NSW - Rural,Straight,B'down lane/road shldr,,,Unknown / not stated,Sealed,Dry,Fine,Daylight,Nil,No traffic controls,110 km/h,State,30,Rear end,301,Same - Rear end,,Rear end,Large rigid,Station wagon,2,0,0,0,0,10,October,Spring,Saturday,12:00 - 13:59,Midday / afternoon,False,False,False,False
1369123,Non-casualty (towaway),Non-casualty (towaway),2024,2024,November,Sunday,14:00 - 15:59,HUME,HWY,1750,South,ILLALONG,RD,BOOKHAM,2.0,No,Not a school zone,Divided road,-34.812823,148.615521,Yass Valley,Country non-urban,Rest of NSW - Rural,Curved,Embankment/cutting,,,Unknown / not stated,Sealed,Dry,Fine,Daylight,Nil,No traffic controls,110 km/h,State,86,Off left/left bend,802,Off cway left bend,Left,Rollover,4 wheel drive / SUV,,1,0,0,0,0,11,November,Spring,Sunday,14:00 - 15:59,Midday / afternoon,False,False,False,False
1369126,Non-casualty (towaway),Non-casualty (towaway),2024,2024,December,Monday,14:00 - 15:59,GREAT WESTERN,HWY,0,Right on the spot,GREAT NORTH,RD,FIVE DOCK,5.0,No,Not a school zone,T-junction,-33.873769,151.127195,Canada Bay,Sydney metro. area,Syd-Newc-Woll Gtr conurbation,Straight,,,,Unknown / not stated,Sealed,Dry,Fine,Daylight,Unknown / not stated,No traffic controls,60 km/h,State,30,Rear end,301,Same - Rear end,,Rear end,Light truck,Car (sedan/hatch),2,0,0,0,0,12,December,Summer,Monday,14:00 - 15:59,Midday / afternoon,False,False,False,False
1369139,Non-casualty (towaway),Non-casualty (towaway),2024,2024,October,Sunday,16:00 - 17:59,FLETCHER,ST,0,Right on the spot,MURRAY,ST,NORTHMEAD,,No,Not a school zone,X-intersection,-33.786685,150.996931,Parramatta,Sydney metro. area,Syd-Newc-Woll Gtr conurbation,Straight,,,,Unknown / not stated,Sealed,Dry,Fine,Unknown,Nil,Give way sign,50 km/h,Local,10,Cross traffic,101,Adj - Cross traffic,,Right angle,Light truck utility(from 2018),Car (sedan/hatch),2,0,0,0,0,10,October,Spring,Sunday,16:00 - 17:59,PM peak / evening commute,True,False,False,False
1369143,Non-casualty (towaway),Non-casualty (towaway),2024,2024,December,Monday,16:00 - 17:59,BRAIDWOOD,DR,0,Right on the spot,BURRAGATE,CRES,PRESTONS,,No,Not a school zone,T-junction,-33.94796,150.86378,Liverpool,Sydney metro. area,Syd-Newc-Woll Gtr conurbation,Straight,Driveway/entrance,,,Unknown / not stated,Sealed,Dry,Fine,Unknown,Nil,No traffic controls,50 km/h,Local,47,Emerging from drive,406,Manov - Emerging from driveway,,Right angle,4 wheel drive / SUV,4 wheel drive / SUV,2,0,0,0,0,12,December,Summer,Monday,16:00 - 17:59,PM peak / evening commute,True,False,False,False
1369173,Non-casualty (towaway),Non-casualty (towaway),2024,2024,December,Friday,18:00 - 19:59,SANDY CREEK,RD,50,East,NEW ENGLAND,HWY,MUSWELLBROOK,,No,Not a school zone,2-way undivided,-32.241624,150.903189,Muswellbrook,Country urban,Rest of NSW - Urban,Straight,Railway level x,,,Unknown / not stated,Sealed,Dry,Fine,Dusk,Nil,Rail X flashing sigs,60 km/h,Local,92,Struck train,903,Hit train/aeroplane,,Vehicle - Train,Light truck utility(from 2018),Train,2,0,0,0,0,12,December,Summer,Friday,18:00 - 19:59,PM peak / evening commute,True,False,False,False
1369197,Non-casualty (towaway),Non-casualty (towaway),2024,2024,December,Tuesday,20:00 - 21:59,LOVEDALE,RD,250,South,LODGE,RD,LOVEDALE,4057.0,No,Not a school zone,2-way undivided,-32.772356,151.360135,Cessnock,Country urban,Rest of NSW - Urban,Curved,,,,Unknown / not stated,Sealed,Dry,Fine,Darkness,Nil,No traffic controls,80 km/h,Regional,67,Struck animal,609,On path - Hit animal,,Vehicle - Animal,4 wheel drive / SUV,,1,0,0,0,0,12,December,Summer,Tuesday,20:00 - 21:59,Evening / night,False,False,False,False