crash_id,degree_of_crash,degree_of_crash_-_detailed,reporting_year,year_of_crash,month_of_crash,day_of_week_of_crash,two-hour_intervals,street_of_crash,street_type,distance,direction,identifying_feature,identifying_feature_type,town,route_no.,school_zone_location,school_zone_active,type_of_location,latitude,longitude,lga,urbanisation,conurbation_1,alignment,primary_permanent_feature,primary_temporary_feature,primary_hazardous_feature,street_lighting,road_surface,surface_condition,weather,natural_lighting,signals_operation,other_traffic_control,speed_limit,road_classification_(admin),rum_-_code,rum_-_description,dca_-_code,dca_-_description,dca_supplement,first_impact_type,key_tu_type,other_tu_type,no._of_traffic_units_involved,no._killed,no._seriously_injured,no._moderately_injured,no._minor-other_injured,month_num,month_label,season,day_label,time_label,time_band,is_peak_commute,is_fatal,is_injury,is_casualty
1369202,Non-casualty (towaway),Non-casualty (towaway),2024,2024,December,Monday,18:00 - 19:59,NOWRA HILL,RD,0,Right on the spot,NUMBER 1,HN,SOUTH NOWRA,,No,Not a school zone,2-way undivided,-34.915586,150.603169,Shoalhaven,Country urban,Rest of NSW - Urban,Curved,,,,Unknown / not stated,Sealed,Dry,Fine,Dusk,Nil,No traffic controls,50 km/h,Local,80,Off left/right bend,801,Off cway right bend,Left,Rollover,Car (sedan/hatch),,1,0,0,0,0,12,December,Summer,Monday,18:00 - 19:59,PM peak / evening commute,True,False,False,False
1369249,Non-casualty (towaway),Non-casualty (towaway),2024,2024,December,Friday,22:00 - Midnight,RENMARK,RD,1600,East,PINE CAMP,RD,PINE CAMP,68.0,No,Not a school zone,2-way undivided,-33.893598,141.1469,Wentworth,Country non-urban,Rest of NSW - Rural,Straight,,,,Unknown / not stated,Unsealed,Dry,Fine,Darkness,Nil,No traffic controls,100 km/h,Regional,67,Struck animal,609,On path - Hit animal,,Vehicle - Animal,4 wheel drive / SUV,,1,0,0,0,0,12,December,Summer,Friday,22:00 - Midnight,Evening / night,False,False,False,False
1369263,Non-casualty (towaway),Non-casualty (towaway),2024,2024,November,Friday,00:01 - 01:59,POWER,ST,50,East,OWEN,ST,GLENDENNING,7159.0,No,Not a school zone,Divided road,-33.753813,150.857576,Blacktown,Sydney metro. area,Syd-Newc-Woll Gtr conurbation,Straight,,,,Unknown / not stated,Sealed,Dry,Fine,Darkness,Nil,No traffic controls,60 km/h,Regional,40,U turn,304,Same - U-turn,,Other angle,Car (sedan/hatch),Light truck,2,0,0,0,0,11,November,Spring,Friday,00:01 - 01:59,Late night / early morning,False,False,False,False
1369270,Non-casualty (towaway),Non-casualty (towaway),2024,2024,December,Sunday,16:00 - 17:59,CANTERBURY,RD,0,Right on the spot,CLEMENTS,AVE,BANKSTOWN,167.0,No,Not a school zone,T-junction,-33.934303,151.032636,Canterbury-Bankstown,Sydney metro. area,Syd-Newc-Woll Gtr conurbation,Straight,,,,Unknown / not stated,Sealed,Dry,Fine,Daylight,Nil,Give way sign,60 km/h,State,39,Other same direction,300,Same - other,,Other angle,Car (sedan/hatch),Car (sedan/hatch),2,0,0,0,0,12,December,Summer,Sunday,16:00 - 17:59,PM peak / evening commute,True,False,False,False
1369271,Non-casualty (towaway),Non-casualty (towaway),2024,2024,November,Tuesday,16:00 - 17:59,VICTORIA,RD,300,East,FIFTH,ST,RYDALMERE,165.0,No,Not a school zone,Divided road,-33.809659,151.030746,Parramatta,Sydney metro. area,Syd-Newc-Woll Gtr conurbation,Straight,Steep grade,,,Unknown / not stated,Sealed,Dry,Overcast,Daylight,Nil,No traffic controls,60 km/h,State,30,Rear end,301,Same - Rear end,,Rear end,Light truck utility(from 2018),Car (sedan/hatch),3,0,0,0,0,11,November,Spring,Tuesday,16:00 - 17:59,PM peak / evening commute,True,False,False,False
1369290,Non-casualty (towaway),Non-casualty (towaway),2024,2024,December,Monday,16:00 - 17:59,DAWSON,RD,0,Right on the spot,NUMBER 153A,HN,WOY WOY,7751.0,No,Not a school zone,2-way undivided,-33.497025,151.29934,Central Coast,Country urban,Syd-Newc-Woll Gtr conurbation,Straight,,,,Unknown / not stated,Sealed,Dry,Fine,Daylight,Nil,No traffic controls,60 km/h,Regional,30,Rear end,301,Same - Rear end,,Rear end,Car (sedan/hatch),Car (sedan/hatch),3,0,0,0,0,12,December,Summer,Monday,16:00 - 17:59,PM peak / evening commute,True,False,False,False
1369294,Non-casualty (towaway),Non-casualty (towaway),2024,2024,November,Thursday,02:00 - 03:59,GREAT WESTERN,HWY,0,Right on the spot,KIHILLA,RD,AUBURN,5.0,No,Not a school zone,X-intersection,-33.840238,151.033454,Cumberland,Sydney metro. area,Syd-Newc-Woll Gtr conurbation,Straight,,,,Unknown / not stated,Sealed,Dry,Fine,Darkness,Nil,Give way sign,60 km/h,State,10,Cross traffic,101,Adj - Cross traffic,,Right angle,Car (sedan/hatch),Light truck utility(from 2018),2,0,0,0,0,11,November,Spring,Thursday,02:00 - 03:59,Late night / early morning,False,False,False,False
1369303,Non-casualty (towaway),Non-casualty (towaway),2024,2024,September,Friday,16:00 - 17:59,BEAUMONT,ST,0,Right on the spot,FERN,ST,ISLINGTON,,No,Not a school zone,X-intersection,-32.917823,151.748608,Newcastle,Newcastle met. area,Syd-Newc-Woll Gtr conurbation,Straight,,,,Unknown / not stated,Sealed,Dry,Fine,Unknown,Nil,Stop sign,50 km/h,Local,10,Cross traffic,101,Adj - Cross traffic,,Right angle,4 wheel drive / SUV,Motorcycle,2,0,0,0,0,9,September,Spring,Friday,16:00 - 17:59,PM peak / evening commute,True,False,False,False
1369305,Non-casualty (towaway),Non-casualty (towaway),2024,2024,November,Friday,14:00 - 15:59,PRINCES,HWY,40,North,TILBA,ST,NAROOMA,1.0,No,Not a school zone,2-way undivided,-36.219558,150.132501,Eurobodalla,Country urban,Rest of NSW - Urban,Straight,Steep grade,,,Unknown / not stated,Sealed,Dry,Fine,Daylight,Nil,No traffic controls,50 km/h,State,71,Off rd left => obj,703,Left off cway into object,,Vehicle - Object,4 wheel drive / SUV,,1,0,0,0,0,11,November,Spring,Friday,14:00 - 15:59,Midday / afternoon,False,False,False,False
1369312,Non-casualty (towaway),Non-casualty (towaway),2024,2024,October,Saturday,12:00 - 13:59,GLENELLA,RD,120,South,PRINCES,HWY,BATEMANS BAY,,No,Not a school zone,2-way undivided,-35.731674,150.170675,Eurobodalla,Country non-urban,Rest of NSW - Rural,Straight,,,,Unknown / not stated,Sealed,Dry,Fine,Daylight,Nil,No traffic controls,100 km/h,Local,30,Rear end,301,Same - Rear end,,Rear end,Light truck utility(from 2018),4 wheel drive / SUV,2,0,0,0,0,10,October,Spring,Saturday,12:00 - 13:59,Midday / afternoon,False,False,False,False
1369326,Non-casualty (towaway),Non-casualty (towaway),2024,2024,October,Tuesday,12:00 - 13:59,HIGH,ST,100,North,THURRALILLY,ST,QUEANBEYAN EAST,,No,Not a school zone,2-way undivided,-35.342693,149.239118,Queanbeyan-Palerang Regional,Country urban,Rest of NSW - Urban,Straight,,,,Unknown / not stated,Sealed,Dry,Fine,Daylight,Nil,No traffic controls,50 km/h,Local,71,Off rd left => obj,703,Left off cway into object,,Other angle,Large rigid,Large rigid,2,0,0,0,0,10,October,Spring,Tuesday,12:00 - 13:59,Midday / afternoon,False,False,False,False
1369329,Non-casualty (towaway),Non-casualty (towaway),2024,2024,December,Tuesday,00:01 - 01:59,BEN LOMOND,RD,20,East,AIRDS,RD,MINTO,7196.0,No,Not a school zone,Divided road,-34.027156,150.839546,Campbelltown,Sydney metro. area,Syd-Newc-Woll Gtr conurbation,Curved,,,,Off,Sealed,Dry,Fine,Darkness,Nil,No traffic controls,60 km/h,Regional,87,Off lft/lft bnd=>obj,804,Off left bend into obj,Left,Vehicle - Object,Car (sedan/hatch),,1,0,0,0,0,12,December,Summer,Tuesday,00:01 - 01:59,Late night / early morning,False,False,False,False
1369334,Non-casualty (towaway),Non-casualty (towaway),2024,2024,November,Saturday,10:00 - 11:59,BLAXLAND ROAD SERVICEWAY,MS,0,Right on the spot,NUMBER 6,HN,CAMPBELLTOWN,,No,Not a school zone,1-way street,-34.054273,150.821564,Campbelltown,Sydney metro. area,Syd-Newc-Woll Gtr conurbation,Straight,Driveway/entrance,,,Unknown / not stated,Sealed,Dry,Fine,Daylight,Nil,No traffic controls,60 km/h,Local,47,Emerging from drive,406,Manov - Emerging from driveway,,Right angle,4 wheel drive / SUV,4 wheel drive / SUV,2,0,0,0,0,11,November,Spring,Saturday,10:00 - 11:59,Midday / afternoon,False,False,False,False
1369343,Non-casualty (towaway),Non-casualty (towaway),2024,2024,October,Thursday,12:00 - 13:59,HUME,HWY,40,South,THURGOONA DRIVE,TO,THURGOONA,2.0,No,Not a school zone,Divided road,-36.044219,146.969454,Albury,Country non-urban,Rest of NSW - Rural,Straight,,,,Unknown / not stated,Sealed,Dry,Fine,Daylight,Nil,No traffic controls,110 km/h,State,73,Off rd rght => obj,704,Right off cway into obj,,Vehicle - Object,4 wheel drive / SUV,,1,0,0,0,0,10,October,Spring,Thursday,12:00 - 13:59,Midday / afternoon,False,False,False,False
1369345,Non-casualty (towaway),Non-casualty (towaway),2024,2024,November,Friday,18:00 - 19:59,WESTERN,DSTR,0,Right on the spot,BANK STREET,TO,PYRMONT,165.0,No,Not a school zone,Divided road,-33.870337,151.18967,Sydney,Sydney metro. area,Syd-Newc-Woll Gtr conurbation,Straight,Other bridge,,,Unknown / not stated,Sealed,Wet,Raining,Darkness,Nil,No traffic controls,60 km/h,State,30,Rear end,301,Same - Rear end,,Rear end,Light truck utility(from 2018),4 wheel drive / SUV,3,0,0,0,0,11,November,Spring,Friday,18:00 - 19:59,PM peak / evening commute,True,False,False,False
1369347,Non-casualty (towaway),Non-casualty (towaway),2024,2024,November,Friday,14:00 - 15:59,HUME,HWY,30,North,ODDIES CREEK,BDGE,SOUTH ALBURY,2.0,No,Not a school zone,Divided road,-36.098716,146.913623,Albury,Country non-urban,Rest of NSW - Rural,Straight,,,,Unknown / not stated,Sealed,Dry,Fine,Daylight,Nil,No traffic controls,110 km/h,State,30,Rear end,301,Same - Rear end,,Rear end,4 wheel drive / SUV,Car (sedan/hatch),2,0,0,0,0,11,November,Spring,Friday,14:00 - 15:59,Midday / afternoon,False,False,False,False
1369353,Non-casualty (towaway),Non-casualty (towaway),2024,2024,November,Tuesday,02:00 - 03:59,NEWELL,HWY,2000,South,WEST PLAINS,RD,WIRRINYA,17.0,No,Not a school zone,2-way undivided,-33.589688,147.620808,Forbes,Country non-urban,Rest of NSW - Rural,Straight,Ditch/drain/culvert,,,Unknown / not stated,Sealed,Dry,Fine,Darkness,Nil,No traffic controls,110 km/h,State,20,Head on,201,Opp - Head on,,Head-on,Road train,Road train,2,0,0,0,0,11,November,Spring,Tuesday,02:00 - 03:59,Late night / early morning,False,False,False,False
1369358,Non-casualty (towaway),Non-casualty (towaway),2024,2024,December,Tuesday,10:00 - 11:59,GUNGAH BAY,RD,0,Right on the spot,MULGA,RD,OATLEY,,No,Not a school zone,T-junction,-33.979637,151.071417,Georges River,Sydney metro. area,Syd-Newc-Woll Gtr conurbation,Straight,,,,Unknown / not stated,Sealed,Dry,Fine,Daylight,Nil,No traffic controls,50 km/h,Local,30,Rear end,301,Same - Rear end,,Rear end,Car (sedan/hatch),Car (sedan/hatch),2,0,0,0,0,12,December,Summer,Tuesday,10:00 - 11:59,Midday / afternoon,False,False,False,False
1369372,Non-casualty (towaway),Non-casualty (towaway),2024,2024,October,Tuesday,14:00 - 15:59,MAYDAY,RD,35,East,REEDY,ST,BATLOW,85.0,No,Not a school zone,2-way undivided,-35.519928,148.145486,Snowy Valleys,Country urban,Rest of NSW - Urban,Straight,,,,Unknown / not stated,Sealed,Dry,Fine,Daylight,Nil,No traffic controls,40 km/h,State,49,Other manoeuvring,400,Manov - other,,Other angle,Station wagon,,1,0,0,0,0,10,October,Spring,Tuesday,14:00 - 15:59,Midday / afternoon,False,False,False,False
1369377,Non-casualty (towaway),Non-casualty (towaway),2024,2024,November,Monday,20:00 - 21:59,WILTON,RD,1000,East,MACARTHUR,DR,WILTON,610.0,No,Not a school zone,2-way undivided,-34.232524,150.736187,Wollondilly,Country urban,Syd-Newc-Woll Gtr conurbation,Straight,,,,Unknown / not stated,Sealed,Dry,Overcast,Darkness,Nil,No traffic controls,80 km/h,Regional,71,Off rd left => obj,703,Left off cway into object,,Vehicle - Object,4 wheel drive / SUV,,1,0,0,0,0,11,November,Spring,Monday,20:00 - 21:59,Evening / night,False,False,False,False
1369398,Non-casualty (towaway),Non-casualty (towaway),2024,2024,December,Wednesday,06:00 - 07:59,HENRY LAWSON,DR,0,Right on the spot,EDITH,ST,LANSDOWNE,508.0,No,Not a school zone,T-junction,-33.890915,150.971688,Canterbury-Bankstown,Sydney metro. area,Syd-Newc-Woll Gtr conurbation,Straight,,,,Unknown / not stated,Sealed,Dry,Fine,Dawn,Nil,No traffic controls,70 km/h,State,33,Lane sideswipe,305,Same - Lane side swipe,,Other angle,Large rigid,Car (sedan/hatch),2,0,0,0,0,12,December,Summer,Wednesday,06:00 - 07:59,AM peak / school commute,True,False,False,False
1369401,Non-casualty (towaway),Non-casualty (towaway),2024,2024,December,Monday,14:00 - 15:59,SETON,RD,0,Right on the spot,NUMBER39,HN,MOOREBANK,,No,Not a school zone,2-way undivided,-33.936903,150.93908,Liverpool,Sydney metro. area,Syd-Newc-Woll Gtr conurbation,Straight,Driveway/entrance,,,Unknown / not stated,Sealed,Dry,Fine,Daylight,Nil,No traffic controls,50 km/h,Local,47,Emerging from drive,406,Manov - Emerging from driveway,,Right angle,Car (sedan/hatch),Car (sedan/hatch),2,0,0,0,0,12,December,Summer,Monday,14:00 - 15:59,Midday / afternoon,False,False,False,False
1369424,Non-casualty (towaway),Non-casualty (towaway),2024,2024,December,Tuesday,10:00 - 11:59,SALTASH,ST,0,Right on the spot,WARRINGA,ST,YAGOONA,,No,Not a school zone,T-junction,-33.911725,151.008743,Canterbury-Bankstown,Sydney metro. area,Syd-Newc-Woll Gtr conurbation,Straight,,,,Unknown / not stated,Sealed,Dry,Fine,Daylight,Nil,No traffic controls,50 km/h,Local,13,Right near,104,Adj - Right-thru from right,,Right angle,4 wheel drive / SUV,Light truck utility(from 2018),3,0,0,0,0,12,December,Summer,Tuesday,10:00 - 11:59,Midday / afternoon,False,False,False,False
1369425,Non-casualty (towaway),Non-casualty (towaway),2024,2024,November,Sunday,08:00 - 09:59,HILL,ST,50,North,BOUNDARY,ST,ROSEVILLE,,No,Not a school zone,2-way undivided,-33.786691,151.18014,Ku-ring-gai,Sydney metro. area,Syd-Newc-Woll Gtr conurbation,Straight,Steep grade,,,Unknown / not stated,Sealed,Dry,Fine,Daylight,Nil,No traffic controls,50 km/h,Local,71,Off rd left => obj,703,Left off cway into object,,Other angle,4 wheel drive / SUV,Car (sedan/hatch),2,0,0,0,0,11,November,Spring,Sunday,08:00 - 09:59,AM peak / school commute,True,False,False,False
1369430,Non-casualty (towaway),Non-casualty (towaway),2024,2024,December,Tuesday,22:00 - Midnight,ILLAWARRA,HWY,800,West,BURRAWANG STATION,RD,BURRAWANG,25.0,No,Not a school zone,2-way undivided,-34.582638,150.519448,Wingecarribee,Country urban,Rest of NSW - Urban,Straight,,,,Unknown / not stated,Sealed,Dry,Fine,Darkness,Nil,No traffic controls,80 km/h,State,67,Struck animal,609,On path - Hit animal,,Vehicle - Animal,Car (sedan/hatch),,1,0,0,0,0,12,December,Summer,Tuesday,22:00 - Midnight,Evening / night,False,False,False,False
1369431,Non-casualty (towaway),Non-casualty (towaway),2024,2024,December,Thursday,10:00 - 11:59,REDBUD,CL,0,Right on the spot,NUMBER 3,HN,CHARLESTOWN,,No,Not a school zone,2-way undivided,-32.963086,151.681264,Lake Macquarie,Newcastle met. area,Syd-Newc-Woll Gtr conurbation,Straight,,,,Unknown / not stated,Sealed,Dry,Fine,Daylight,Nil,No traffic controls,50 km/h,Local,73,Off rd rght => obj,704,Right off cway into obj,,Vehicle - Object,Car (sedan/hatch),,1,0,0,0,0,12,December,Summer,Thursday,10:00 - 11:59,Midday / afternoon,False,False,False,False
1369437,Non-casualty (towaway),Non-casualty (towaway),2024,2024,December,Friday,16:00 - 17:59,SOUTH WESTERN,EXP,350,East,BEECH ROAD,OP,PRESTONS,6005.0,No,Not a school zone,Dual freeway,-33.949516,150.885965,Liverpool,Sydney metro. area,Syd-Newc-Woll Gtr conurbation,Straight,,,,Unknown / not stated,Sealed,Dry,Fine,Daylight,Nil,No traffic controls,100 km/h,State,39,Other same direction,300,Same - other,,Other angle,Car (sedan/hatch),Car (sedan/hatch),3,0,0,0,0,12,December,Summer,Friday,16:00 - 17:59,PM peak / evening commute,True,False,False,False
1369458,Non-casualty (towaway),Non-casualty (towaway),2024,2024,December,Monday,20:00 - 21:59,CUMBERLAND,HWY,20,North,GREENSLOPE,ST,SOUTH WENTWORTHVILLE,13.0,No,Not a school zone,Divided road,-33.818648,150.962487,Cumberland,Sydney metro. area,Syd-Newc-Woll Gtr conurbation,Straight,,,,Unknown / not stated,Sealed,Dry,Fine,Darkness,Nil,No traffic controls,70 km/h,State,30,Rear end,301,Same - Rear end,,Rear end,Car (sedan/hatch),4 wheel drive / SUV,2,0,0,0,0,12,December,Summer,Monday,20:00 - 21:59,Evening / night,False,False,False,False
1369461,Non-casualty (towaway),Non-casualty (towaway),2024,2024,October,Thursday,16:00 - 17:59,BYRNES,RD,0,Right on the spot,OURA,RD,NORTH WAGGA WAGGA,,No,Not a school zone,Roundabout,-35.099832,147.402752,Wagga Wagga,Country urban,Rest of NSW - Urban,Curved,,,,Unknown / not stated,Sealed,Dry,Fine,Daylight,Nil,Give way sign,80 km/h,Local,10,Cross traffic,101,Adj - Cross traffic,,Right angle,Light truck utility(from 2018),Large rigid,2,0,0,0,0,10,October,Spring,Thursday,16:00 - 17:59,PM peak / evening commute,True,False,False,False
1369465,Non-casualty (towaway),Non-casualty (towaway),2024,2024,October,Friday,12:00 - 13:59,BLAXCELL,ST,0,Right on the spot,REDFERN,ST,GRANVILLE,,No,Not a school zone,Roundabout,-33.846138,151.009485,Cumberland,Sydney metro. area,Syd-Newc-Woll Gtr conurbation,Straight,,,,Unknown / not stated,Sealed,Dry,Fine,Daylight,Nil,Give way sign,50 km/h,Local,13,Right near,104,Adj - Right-thru from right,,Right angle,4 wheel drive / SUV,4 wheel drive / SUV,2,0,0,0,0,10,October,Spring,Friday,12:00 - 13:59,Midday / afternoon,False,False,False,False
1369469,Non-casualty (towaway),Non-casualty (towaway),2024,2024,October,Friday,10:00 - 11:59,BRUXNER,HWY,0,Right on the spot,RHODES,ST,SOUTH LISMORE,16.0,No,Not a school zone,T-junction,-28.815121,153.265838,Lismore,Country urban,Rest of NSW - Urban,Curved,,,,Unknown / not stated,Sealed,Dry,Fine,Daylight,Nil,No traffic controls,60 km/h,State,21,Right through,202,Opp - Right-thru,,Other angle,Light truck utility(from 2018),4 wheel drive / SUV,2,0,0,0,0,10,October,Spring,Friday,10:00 - 11:59,Midday / afternoon,False,False,False,False
1369477,Non-casualty (towaway),Non-casualty (towaway),2024,2024,December,Thursday,04:00 - 05:59,PORTLAND,DR,0,Right on the spot,NUMBER 60,HN,CAMERON PARK,,No,Not a school zone,2-way undivided,-32.911958,151.604839,Lake Macquarie,Newcastle met. area,Syd-Newc-Woll Gtr conurbation,Straight,,,,Unknown / not stated,Sealed,Wet,Raining,Darkness,Nil,No traffic controls,100 km/h,Local,71,Off rd left => obj,703,Left off cway into object,,Other angle,Car (sedan/hatch),4 wheel drive / SUV,3,0,0,0,0,12,December,Summer,Thursday,04:00 - 05:59,Late night / early morning,False,False,False,False
1369490,Non-casualty (towaway),Non-casualty (towaway),2024,2024,December,Sunday,12:00 - 13:59,ELIZABETH,DR,0,Right on the spot,COWPASTURE,RD,ABBOTSBURY,535.0,No,Not a school zone,X-intersection,-33.883373,150.86465,Fairfield,Sydney metro. area,Syd-Newc-Woll Gtr conurbation,Straight,,,,Off,Sealed,Dry,Fine,Daylight,Off,No traffic controls,70 km/h,State,36,Right turn sideswipe,308,Same - Rgt turn side swipe,,Other angle,4 wheel drive / SUV,Unknown motor vehicle,2,0,0,0,0,12,December,Summer,Sunday,12:00 - 13:59,Midday / afternoon,False,False,False,False
1369513,Non-casualty (towaway),Non-casualty (towaway),2024,2024,October,Friday,16:00 - 17:59,SOUTH WESTERN,EXP,600,East,THE RIVER ROAD,OP,PADSTOW,6005.0,No,Not a school zone,Dual freeway,-33.940601,151.024908,Canterbury-Bankstown,Sydney metro. area,Syd-Newc-Woll Gtr conurbation,Straight,,,,Unknown / not stated,Sealed,Dry,Fine,Dusk,Nil,No traffic controls,100 km/h,State,30,Rear end,301,Same - Rear end,,Rear end,Car (sedan/hatch),Car (sedan/hatch),2,0,0,0,0,10,October,Spring,Friday,16:00 - 17:59,PM peak / evening commute,True,False,False,False
1369518,Non-casualty (towaway),Non-casualty (towaway),2024,2024,November,Thursday,06:00 - 07:59,NEWCASTLE,EXP,1150,North,PACIFIC HIGHWAY,OP,OURIMBAH,6003.0,No,Not a school zone,Dual freeway,-33.336087,151.375603,Central Coast,Country non-urban,Syd-Newc-Woll Gtr conurbation,Curved,B'down lane/road shldr,,,Unknown / not stated,Sealed,Wet,Fine,Daylight,Nil,No traffic controls,110 km/h,State,87,Off lft/lft bnd=>obj,804,Off left bend into obj,Left,Vehicle - Object,Light truck,,1,0,0,0,0,11,November,Spring,Thursday,06:00 - 07:59,AM peak / school commute,True,False,False,False
1369528,Non-casualty (towaway),Non-casualty (towaway),2024,2024,December,Sunday,16:00 - 17:59,PACIFIC,HWY,0,Right on the spot,SPARKS,RD,WOONGARRAH,10.0,No,Not a school zone,Roundabout,-33.251985,151.489336,Central Coast,Country urban,Syd-Newc-Woll Gtr conurbation,Curved,,,,Unknown / not stated,Sealed,Dry,Fine,Dusk,Nil,Give way sign,70 km/h,State,39,Other same direction,300,Same - other,,Other angle,Car (sedan/hatch),4 wheel drive / SUV,2,0,0,0,0,12,December,Summer,Sunday,16:00 - 17:59,PM peak / evening commute,True,False,False,False
1369533,Non-casualty (towaway),Non-casualty (towaway),2024,2024,December,Wednesday,14:00 - 15:59,MAY,ST,0,Right on the spot,OSWALD,ST,INVERELL,,No,Not a school zone,X-intersection,-29.766701,151.107748,Inverell,Country urban,Rest of NSW - Urban,Straight,,,,Unknown / not stated,Sealed,Dry,Fine,Daylight,Nil,Give way sign,50 km/h,Local,10,Cross traffic,101,Adj - Cross traffic,,Right angle,Light truck utility(from 2018),Car (sedan/hatch),2,0,0,0,0,12,December,Summer,Wednesday,14:00 - 15:59,Midday / afternoon,False,False,False,False
1369539,Non-casualty (towaway),Non-casualty (towaway),2024,2024,November,Friday,06:00 - 07:59,GENERAL HOLMES,DR,0,Right on the spot,FORESHORE ROAD,TO,MASCOT,194.0,No,Not a school zone,Divided road,-33.942852,151.192322,Bayside,Sydney metro. area,Syd-Newc-Woll Gtr conurbation,Curved,,,,Unknown / not stated,Sealed,Dry,Fine,Daylight,Nil,No traffic controls,70 km/h,State,30,Rear end,301,Same - Rear end,,Rear end,Light truck utility(from 2018),Light truck,3,0,0,0,0,11,November,Spring,Friday,06:00 - 07:59,AM peak / school commute,True,False,False,False
1369549,Non-casualty (towaway),Non-casualty (towaway),2024,2024,November,Friday,12:00 - 13:59,WESTERN,EXP,100,West,CHURCH STREET,OP,HOLROYD,6004.0,No,Not a school zone,Dual freeway,-33.827058,151.003624,Parramatta,Sydney metro. area,Syd-Newc-Woll Gtr conurbation,Straight,Steep grade,,,Unknown / not stated,Sealed,Dry,Fine,Daylight,Nil,No traffic controls,90 km/h,State,30,Rear end,301,Same - Rear end,,Rear end,Car (sedan/hatch),Car (sedan/hatch),2,0,0,0,0,11,November,Spring,Friday,12:00 - 13:59,Midday / afternoon,False,False,False,False
1369584,Non-casualty (towaway),Non-casualty (towaway),2024,2024,December,Sunday,20:00 - 21:59,NEWCASTLE,EXP,999999,Unknown/not stated,UNKNOWN,ST,BEROWRA,6003.0,No,Not a school zone,Dual freeway,-33.622516,151.155677,Hornsby,Sydney metro. area,Syd-Newc-Woll Gtr conurbation,Straight,,,,Unknown / not stated,Sealed,Dry,Fine,Darkness,Nil,No traffic controls,110 km/h,State,66,Object on road,607,On path - Hit temp object,,Vehicle - Object,Car (sedan/hatch),,1,0,0,0,0,12,December,Summer,Sunday,20:00 - 21:59,Evening / night,False,False,False,False
1369601,Non-casualty (towaway),Non-casualty (towaway),2024,2024,December,Friday,10:00 - 11:59,SOUTHERN,EXP,663,North,NORTHCLIFFE DRIVE,OP,UNANDERRA,6006.0,No,Not a school zone,Dual freeway,-34.469221,150.836983,Wollongong,Wollongong met. area,Syd-Newc-Woll Gtr conurbation,Straight,,,,Unknown / not stated,Sealed,Dry,Fine,Daylight,Nil,No traffic controls,100 km/h,State,30,Rear end,301,Same - Rear end,,Rear end,Light truck utility(from 2018),4 wheel drive / SUV,2,0,0,0,0,12,December,Summer,Friday,10:00 - 11:59,Midday / afternoon,False,False,False,False
1369615,Non-casualty (towaway),Non-casualty (towaway),2024,2024,December,Thursday,10:00 - 11:59,WILLIAM EDWARD,ST,0,Right on the spot,NUMBER 14,HN,LONGUEVILLE,,No,Not a school zone,2-way undivided,-33.824496,151.170659,Lane Cove,Sydney metro. area,Syd-Newc-Woll Gtr conurbation,Straight,Steep grade,,,Unknown / not stated,Sealed,Dry,Fine,Daylight,Nil,No traffic controls,50 km/h,Local,42,Leaving parking,401,Manov - Leaving parking,,Other angle,4 wheel drive / SUV,4 wheel drive / SUV,2,0,0,0,0,12,December,Summer,Thursday,10:00 - 11:59,Midday / afternoon,False,False,False,False
1369616,Non-casualty (towaway),Non-casualty (towaway),2024,2024,October,Sunday,12:00 - 13:59,CENTENARY,DR,0,Right on the spot,WEEROONA,RD,STRATHFIELD,200.0,No,Not a school zone,T-junction,-33.875336,151.067266,Strathfield,Sydney metro. area,Syd-Newc-Woll Gtr conurbation,Straight,,,,Unknown / not stated,Sealed,Dry,Fine,Daylight,On,No traffic controls,80 km/h,State,30,Rear end,301,Same - Rear end,,Rear end,Car (sedan/hatch),Car (sedan/hatch),2,0,0,0,0,10,October,Spring,Sunday,12:00 - 13:59,Midday / afternoon,False,False,False,False
1369617,Non-casualty (towaway),Non-casualty (towaway),2024,2024,December,Thursday,04:00 - 05:59,GWYDIR,HWY,25,West,THE WASH POOL,BDGE,MOREE,12.0,No,Not a school zone,2-way undivided,-29.483511,150.003973,Moree Plains,Country non-urban,Rest of NSW - Rural,Straight,Embankment/cutting,,,Unknown / not stated,Sealed,Dry,Fine,Darkness,Nil,No traffic controls,100 km/h,State,70,Off road to left,701,Off carriageway to left,,Rollover,Large rigid,,1,0,0,0,0,12,December,Summer,Thursday,04:00 - 05:59,Late night / early morning,False,False,False,False
1369620,Non-casualty (towaway),Non-casualty (towaway),2024,2024,November,Wednesday,06:00 - 07:59,WESTERN,EXP,0,Right on the spot,JAMES RUSE DRIVE,OP,CLYDE,6004.0,No,Not a school zone,Dual freeway,-33.83078,151.020085,Parramatta,Sydney metro. area,Syd-Newc-Woll Gtr conurbation,Straight,Other bridge,,,Unknown / not stated,Sealed,Dry,Fine,Daylight,Nil,No traffic controls,90 km/h,State,39,Other same direction,300,Same - other,,Other angle,Large rigid,Car (sedan/hatch),2,0,0,0,0,11,November,Spring,Wednesday,06:00 - 07:59,AM peak / school commute,True,False,False,False