crash_id,degree_of_crash,degree_of_crash_-_detailed,reporting_year,year_of_crash,month_of_crash,day_of_week_of_crash,two-hour_intervals,street_of_crash,street_type,distance,direction,identifying_feature,identifying_feature_type,town,route_no.,school_zone_location,school_zone_active,type_of_location,latitude,longitude,lga,urbanisation,conurbation_1,alignment,primary_permanent_feature,primary_temporary_feature,primary_hazardous_feature,street_lighting,road_surface,surface_condition,weather,natural_lighting,signals_operation,other_traffic_control,speed_limit,road_classification_(admin),rum_-_code,rum_-_description,dca_-_code,dca_-_description,dca_supplement,first_impact_type,key_tu_type,other_tu_type,no._of_traffic_units_involved,no._killed,no._seriously_injured,no._moderately_injured,no._minor-other_injured,month_num,month_label,season,day_label,time_label,time_band,is_peak_commute,is_fatal,is_injury,is_casualty
1369624,Non-casualty (towaway),Non-casualty (towaway),2024,2024,November,Wednesday,08:00 - 09:59,CENTRAL COAST,HWY,0,Right on the spot,KARALTA,RD,ERINA,30.0,No,Not a school zone,Roundabout,-33.437877,151.383649,Central Coast,Country urban,Syd-Newc-Woll Gtr conurbation,Curved,,,,Unknown / not stated,Sealed,Dry,Fine,Daylight,On,Give way sign,60 km/h,State,13,Right near,104,Adj - Right-thru from right,,Right angle,Car (sedan/hatch),Car (sedan/hatch),2,0,0,0,0,11,November,Spring,Wednesday,08:00 - 09:59,AM peak / school commute,True,False,False,False
1369642,Non-casualty (towaway),Non-casualty (towaway),2024,2024,December,Friday,10:00 - 11:59,HINTERLAND,WAY,0,Right on the spot,NUMBER 1498,HN,BANGALOW,65.0,No,Not a school zone,2-way undivided,-28.662009,153.528248,Byron,Country urban,Rest of NSW - Urban,Straight,,,,Unknown / not stated,Sealed,Dry,Fine,Daylight,Nil,No traffic controls,80 km/h,State,20,Head on,201,Opp - Head on,,Head-on,Car (sedan/hatch),Car (sedan/hatch),2,0,0,0,0,12,December,Summer,Friday,10:00 - 11:59,Midday / afternoon,False,False,False,False
1369663,Non-casualty (towaway),Non-casualty (towaway),2024,2024,November,Saturday,20:00 - 21:59,CASTLEREAGH,RD,200,North,CRANEBROOK,RD,CRANEBROOK,2109.0,No,Not a school zone,2-way undivided,-33.703406,150.695244,Penrith,Sydney metro. area,Syd-Newc-Woll Gtr conurbation,Curved,,,,Unknown / not stated,Sealed,Wet,Overcast,Darkness,Nil,No traffic controls,80 km/h,Regional,86,Off left/left bend,802,Off cway left bend,Left,Rollover,Station wagon,,1,0,0,0,0,11,November,Spring,Saturday,20:00 - 21:59,Evening / night,False,False,False,False
1369678,Non-casualty (towaway),Non-casualty (towaway),2024,2024,November,Wednesday,16:00 - 17:59,O'CONNELL,ST,0,Right on the spot,MACQUARIE,ST,PARRAMATTA,184.0,No,Not a school zone,X-intersection,-33.814376,150.999848,Parramatta,Sydney metro. area,Syd-Newc-Woll Gtr conurbation,Straight,,,,Unknown / not stated,Sealed,Dry,Fine,Daylight,On,No traffic controls,60 km/h,State,10,Cross traffic,101,Adj - Cross traffic,,Right angle,Car (sedan/hatch),Light truck utility(from 2018),2,0,0,0,0,11,November,Spring,Wednesday,16:00 - 17:59,PM peak / evening commute,True,False,False,False
1369692,Non-casualty (towaway),Non-casualty (towaway),2024,2024,December,Saturday,10:00 - 11:59,BOYCE,RD,0,Right on the spot,NUMBER 112-114,HN,MAROUBRA,661.0,No,Not a school zone,2-way undivided,-33.939954,151.238195,Randwick,Sydney metro. area,Syd-Newc-Woll Gtr conurbation,Straight,,,,Unknown / not stated,Sealed,Dry,Fine,Daylight,Nil,No traffic controls,50 km/h,State,42,Leaving parking,401,Manov - Leaving parking,,Other angle,Car (sedan/hatch),4 wheel drive / SUV,3,0,0,0,0,12,December,Summer,Saturday,10:00 - 11:59,Midday / afternoon,False,False,False,False
1369696,Non-casualty (towaway),Non-casualty (towaway),2024,2024,November,Sunday,02:00 - 03:59,PACIFIC,HWY,1350,North,SCHOOL LANE,OP,KNOCKROW,10.0,No,Not a school zone,Divided road,-28.75387,153.531271,Ballina,Country non-urban,Rest of NSW - Rural,Straight,Embankment/cutting,,,Unknown / not stated,Sealed,Unknown,Unknown,Darkness,Nil,No traffic controls,110 km/h,State,71,Off rd left => obj,703,Left off cway into object,,Vehicle - Object,B-double (road train prior 98),,1,0,0,0,0,11,November,Spring,Sunday,02:00 - 03:59,Late night / early morning,False,False,False,False
1369700,Non-casualty (towaway),Non-casualty (towaway),2024,2024,November,Friday,10:00 - 11:59,TABLE TOP,RD,100,North,OLD SYDNEY,RD,TABLE TOP,,No,Not a school zone,2-way undivided,-36.005346,147.035497,Albury,Country urban,Rest of NSW - Urban,Curved,Ditch/drain/culvert,,,Unknown / not stated,Sealed,Dry,Fine,Daylight,Nil,No traffic controls,80 km/h,Local,87,Off lft/lft bnd=>obj,804,Off left bend into obj,Left,Vehicle - Object,Light truck utility(from 2018),,1,0,0,0,0,11,November,Spring,Friday,10:00 - 11:59,Midday / afternoon,False,False,False,False
1369705,Non-casualty (towaway),Non-casualty (towaway),2024,2024,November,Thursday,10:00 - 11:59,GREAT WESTERN,HWY,0,Right on the spot,RUPERTSWOOD,RD,ROOTY HILL,5.0,No,Not a school zone,T-junction,-33.782316,150.827632,Blacktown,Sydney metro. area,Syd-Newc-Woll Gtr conurbation,Straight,,,,Unknown / not stated,Sealed,Dry,Fine,Daylight,On,No traffic controls,80 km/h,State,30,Rear end,301,Same - Rear end,,Rear end,Light truck,Car (sedan/hatch),2,0,0,0,0,11,November,Spring,Thursday,10:00 - 11:59,Midday / afternoon,False,False,False,False
1369720,Non-casualty (towaway),Non-casualty (towaway),2024,2024,December,Wednesday,20:00 - 21:59,WENTWORTH,AVE,0,Right on the spot,SUTHERLAND,ST,MASCOT,344.0,No,Not a school zone,T-junction,-33.933967,151.199251,Bayside,Sydney metro. area,Syd-Newc-Woll Gtr conurbation,Curved,,,,Unknown / not stated,Sealed,Dry,Fine,Darkness,On,No traffic controls,60 km/h,State,21,Right through,202,Opp - Right-thru,,Other angle,4 wheel drive / SUV,Car (sedan/hatch),2,0,0,0,0,12,December,Summer,Wednesday,20:00 - 21:59,Evening / night,False,False,False,False
1369760,Non-casualty (towaway),Non-casualty (towaway),2024,2024,November,Thursday,18:00 - 19:59,WADE,ST,0,Right on the spot,NUMBER 6,HN,MAROUBRA,,No,Not a school zone,2-way undivided,-33.948645,151.239384,Randwick,Sydney metro. area,Syd-Newc-Woll Gtr conurbation,Straight,Steep grade,,,Off,Sealed,Dry,Fine,Daylight,Nil,No traffic controls,50 km/h,Local,60,Parked,601,On path - Parked,,Other angle,Light truck,4 wheel drive / SUV,3,0,0,0,0,11,November,Spring,Thursday,18:00 - 19:59,PM peak / evening commute,True,False,False,False
1369790,Non-casualty (towaway),Non-casualty (towaway),2024,2024,November,Saturday,20:00 - 21:59,COLLINS,ST,0,Right on the spot,NUMBER 32,HN,NORTH NARRABEEN,,No,Not a school zone,2-way undivided,-33.699561,151.302073,Northern Beaches,Sydney metro. area,Syd-Newc-Woll Gtr conurbation,Straight,,,,Nil,Sealed,Dry,Fine,Darkness,Nil,No traffic controls,50 km/h,Local,71,Off rd left => obj,703,Left off cway into object,,Other angle,4 wheel drive / SUV,4 wheel drive / SUV,2,0,0,0,0,11,November,Spring,Saturday,20:00 - 21:59,Evening / night,False,False,False,False
1369809,Non-casualty (towaway),Non-casualty (towaway),2024,2024,November,Monday,14:00 - 15:59,THE HORSLEY,DR,999999,Unknown/not stated,UNKNOWN,UK,HORSLEY PARK,609.0,No,Not a school zone,Divided road,-33.844792,150.867011,Fairfield,Sydney metro. area,Syd-Newc-Woll Gtr conurbation,Straight,,,,Unknown / not stated,Sealed,Unknown,Unknown,Daylight,Nil,No traffic controls,70 km/h,State,73,Off rd rght => obj,704,Right off cway into obj,,Vehicle - Object,Large rigid,,1,0,0,0,0,11,November,Spring,Monday,14:00 - 15:59,Midday / afternoon,False,False,False,False
1369814,Non-casualty (towaway),Non-casualty (towaway),2024,2024,November,Thursday,16:00 - 17:59,DARLEY,RD,0,Right on the spot,NUMBER 56,HN,LEICHHARDT,652.0,No,Not a school zone,2-way undivided,-33.875638,151.151786,Inner West,Sydney metro. area,Syd-Newc-Woll Gtr conurbation,Straight,,,,Nil,Sealed,Dry,Unknown,Daylight,Nil,No traffic controls,50 km/h,State,71,Off rd left => obj,703,Left off cway into object,,Other angle,Light truck,4 wheel drive / SUV,2,0,0,0,0,11,November,Spring,Thursday,16:00 - 17:59,PM peak / evening commute,True,False,False,False
1369837,Non-casualty (towaway),Non-casualty (towaway),2024,2024,December,Tuesday,20:00 - 21:59,THE CRESCENT,MS,45,South,PACIFIC,PDE,DEE WHY,,No,Not a school zone,2-way undivided,-33.755588,151.289973,Northern Beaches,Sydney metro. area,Syd-Newc-Woll Gtr conurbation,Straight,Steep grade,,,On,Sealed,Dry,Fine,Darkness,Nil,No traffic controls,50 km/h,Local,71,Off rd left => obj,703,Left off cway into object,,Other angle,4 wheel drive / SUV,Station wagon,3,0,0,0,0,12,December,Summer,Tuesday,20:00 - 21:59,Evening / night,False,False,False,False
1369847,Non-casualty (towaway),Non-casualty (towaway),2024,2024,November,Friday,10:00 - 11:59,CARLISLE,AVE,100,North,KURRAJONG,AVE,MOUNT DRUITT,629.0,No,Not a school zone,Divided road,-33.765339,150.81726,Blacktown,Sydney metro. area,Syd-Newc-Woll Gtr conurbation,Straight,Bus stop,,,Off,Sealed,Dry,Fine,Daylight,Nil,No traffic controls,60 km/h,State,34,Lane change right,306,Same - Lane change right,,Other angle,Car (sedan/hatch),4 wheel drive / SUV,2,0,0,0,0,11,November,Spring,Friday,10:00 - 11:59,Midday / afternoon,False,False,False,False
1369850,Non-casualty (towaway),Non-casualty (towaway),2024,2024,October,Saturday,12:00 - 13:59,STONY CREEK,RD,0,Right on the spot,NUMBER 66,HN,SHANES PARK,7166.0,No,Not a school zone,2-way undivided,-33.716767,150.782402,Blacktown,Sydney metro. area,Syd-Newc-Woll Gtr conurbation,Straight,Ditch/drain/culvert,,,Nil,Sealed,Dry,Fine,Daylight,Nil,No traffic controls,80 km/h,Regional,30,Rear end,301,Same - Rear end,,Rear end,Car (sedan/hatch),Car (sedan/hatch),2,0,0,0,0,10,October,Spring,Saturday,12:00 - 13:59,Midday / afternoon,False,False,False,False
1369860,Non-casualty (towaway),Non-casualty (towaway),2024,2024,December,Monday,22:00 - Midnight,KINGS,HWY,50,South,CABBAGE TREE,TRL,CURROWAN,51.0,No,Not a school zone,2-way undivided,-35.574242,150.039465,Eurobodalla,Country non-urban,Rest of NSW - Rural,Curved,Embankment/cutting,,,Nil,Sealed,Dry,Fine,Darkness,Nil,No traffic controls,90 km/h,State,20,Head on,201,Opp - Head on,,Head-on,Car (sedan/hatch),4 wheel drive / SUV,3,0,0,0,0,12,December,Summer,Monday,22:00 - Midnight,Evening / night,False,False,False,False
1369864,Non-casualty (towaway),Non-casualty (towaway),2024,2024,November,Friday,16:00 - 17:59,GRIFFITHS,RD,315,West,TURTON,RD,LAMBTON,82.0,No,Not a school zone,Divided road,-32.913561,151.722718,Newcastle,Newcastle met. area,Syd-Newc-Woll Gtr conurbation,Straight,,,,Off,Sealed,Wet,Raining,Daylight,Nil,No traffic controls,60 km/h,State,33,Lane sideswipe,305,Same - Lane side swipe,,Other angle,Car (sedan/hatch),Car (sedan/hatch),4,0,0,0,0,11,November,Spring,Friday,16:00 - 17:59,PM peak / evening commute,True,False,False,False
1369872,Non-casualty (towaway),Non-casualty (towaway),2024,2024,December,Monday,22:00 - Midnight,OLD WESTERN,RD,900,North,PLAIN,ST,RYDAL,,No,Not a school zone,2-way undivided,-33.470313,150.03331,Lithgow,Country non-urban,Rest of NSW - Rural,Straight,,,,Nil,Sealed,Dry,Fine,Darkness,Nil,No traffic controls,100 km/h,Local,71,Off rd left => obj,703,Left off cway into object,,Vehicle - Object,Light truck utility(from 2018),,1,0,0,0,0,12,December,Summer,Monday,22:00 - Midnight,Evening / night,False,False,False,False
1369885,Non-casualty (towaway),Non-casualty (towaway),2024,2024,December,Friday,12:00 - 13:59,ALLANDALE,RD,0,Right on the spot,MCGRANE,ST,CESSNOCK,220.0,No,Not a school zone,X-intersection,-32.827217,151.354281,Cessnock,Country urban,Rest of NSW - Urban,Straight,,,,Off,Sealed,Dry,Fine,Daylight,Nil,Stop sign,60 km/h,State,10,Cross traffic,101,Adj - Cross traffic,,Right angle,Station wagon,4 wheel drive / SUV,2,0,0,0,0,12,December,Summer,Friday,12:00 - 13:59,Midday / afternoon,False,False,False,False
1369890,Non-casualty (towaway),Non-casualty (towaway),2024,2024,October,Friday,04:00 - 05:59,CAPTAIN COOK,DR,0,Right on the spot,PRINCE CHARLES,PDE,KURNELL,,No,Not a school zone,L-junction,-34.006781,151.215756,Sutherland,Sydney metro. area,Syd-Newc-Woll Gtr conurbation,Curved,Painted double centre lines,,,On,Sealed,Dry,Fine,Dawn,Nil,No traffic controls,50 km/h,Local,85,Off rt/lft bnd=>obj,804,Off left bend into obj,Right,Other angle,Car (sedan/hatch),Light truck,4,0,0,0,0,10,October,Spring,Friday,04:00 - 05:59,Late night / early morning,False,False,False,False
1369899,Non-casualty (towaway),Non-casualty (towaway),2024,2024,December,Friday,18:00 - 19:59,DOOLAN,CRES,0,Right on the spot,NUMBER 58,HN,GRIFFITH,,No,Not a school zone,2-way undivided,-34.271243,146.074975,Griffith,Country urban,Rest of NSW - Urban,Straight,,,,Off,Sealed,Wet,Raining,Daylight,Nil,No traffic controls,50 km/h,Local,71,Off rd left => obj,703,Left off cway into object,,Vehicle - Object,Light truck utility(from 2018),,1,0,0,0,0,12,December,Summer,Friday,18:00 - 19:59,PM peak / evening commute,True,False,False,False
1369901,Non-casualty (towaway),Non-casualty (towaway),2024,2024,October,Sunday,08:00 - 09:59,AKORA,RD,50,West,PACIFIC,HWY,WYOMING,,No,Not a school zone,2-way undivided,-33.405354,151.350361,Central Coast,Country urban,Syd-Newc-Woll Gtr conurbation,Straight,,,,Nil,Sealed,Dry,Fine,Daylight,Nil,No traffic controls,60 km/h,Local,71,Off rd left => obj,703,Left off cway into object,,Vehicle - Object,Car (sedan/hatch),,1,0,0,0,0,10,October,Spring,Sunday,08:00 - 09:59,AM peak / school commute,True,False,False,False
1369906,Non-casualty (towaway),Non-casualty (towaway),2024,2024,November,Tuesday,16:00 - 17:59,RIVERINA,HWY,0,Right on the spot,DOYLES,LANE,LOWESDALE,20.0,No,Not a school zone,X-intersection,-35.839282,146.364488,Federation,Country non-urban,Rest of NSW - Rural,Straight,,,,Nil,Sealed,Dry,Fine,Daylight,Nil,No traffic controls,100 km/h,State,20,Head on,201,Opp - Head on,,Head-on,B-double (road train prior 98),4 wheel drive / SUV,2,0,0,0,0,11,November,Spring,Tuesday,16:00 - 17:59,PM peak / evening commute,True,False,False,False
1369930,Non-casualty (towaway),Non-casualty (towaway),2024,2024,November,Saturday,04:00 - 05:59,EASTVIEW,AVE,0,Right on the spot,NUMBER 44,HN,NORTH RYDE,,No,Not a school zone,2-way undivided,-33.794826,151.116552,Ryde,Sydney metro. area,Syd-Newc-Woll Gtr conurbation,Straight,,,,On,Sealed,Dry,Fine,Darkness,Nil,No traffic controls,50 km/h,Local,73,Off rd rght => obj,704,Right off cway into obj,,Other angle,Car (sedan/hatch),Car (sedan/hatch),2,0,0,0,0,11,November,Spring,Saturday,04:00 - 05:59,Late night / early morning,False,False,False,False
1370023,Non-casualty (towaway),Non-casualty (towaway),2024,2024,November,Sunday,22:00 - Midnight,SIR BERTRAM STEVENS,DR,1000,South,BUNDEENA,DR,ROYAL NATIONAL PARK,393.0,No,Not a school zone,2-way undivided,-34.13728,151.074837,Sutherland,Sydney metro. area,Syd-Newc-Woll Gtr conurbation,Curved,,,,Nil,Sealed,Dry,Fine,Darkness,Nil,No traffic controls,80 km/h,State,85,Off rt/lft bnd=>obj,804,Off left bend into obj,Right,Vehicle - Object,Car (sedan/hatch),,1,0,0,0,0,11,November,Spring,Sunday,22:00 - Midnight,Evening / night,False,False,False,False
1370034,Non-casualty (towaway),Non-casualty (towaway),2024,2024,November,Wednesday,06:00 - 07:59,KURIM,AVE,0,Right on the spot,LONE PINE,AVE,ORANGE,,No,Not a school zone,T-junction,-33.305271,149.117465,Orange,Country urban,Rest of NSW - Urban,Straight,,,,Nil,Sealed,Dry,Fine,Daylight,Nil,Give way sign,50 km/h,Local,13,Right near,104,Adj - Right-thru from right,,Right angle,4 wheel drive / SUV,Other bus,2,0,0,0,0,11,November,Spring,Wednesday,06:00 - 07:59,AM peak / school commute,True,False,False,False
1370052,Non-casualty (towaway),Non-casualty (towaway),2024,2024,October,Monday,14:00 - 15:59,SOUTH WESTERN,EXP,10,West,THE RIVER ROAD,OP,REVESBY,6005.0,No,Not a school zone,Dual freeway,-33.940964,151.018233,Canterbury-Bankstown,Sydney metro. area,Syd-Newc-Woll Gtr conurbation,Straight,,,,Off,Sealed,Dry,Fine,Daylight,Nil,No traffic controls,100 km/h,State,73,Off rd rght => obj,704,Right off cway into obj,,Vehicle - Object,Car (sedan/hatch),,1,0,0,0,0,10,October,Spring,Monday,14:00 - 15:59,Midday / afternoon,False,False,False,False
1370059,Non-casualty (towaway),Non-casualty (towaway),2024,2024,November,Friday,16:00 - 17:59,ATTUNGA,RD,0,Right on the spot,NUMBER 191,HN,YOWIE BAY,,No,Not a school zone,2-way undivided,-34.0549,151.10199,Sutherland,Sydney metro. area,Syd-Newc-Woll Gtr conurbation,Straight,Driveway/entrance,,,Off,Sealed,Dry,Fine,Daylight,Nil,No traffic controls,50 km/h,Local,47,Emerging from drive,406,Manov - Emerging from driveway,,Right angle,4 wheel drive / SUV,Car (sedan/hatch),2,0,0,0,0,11,November,Spring,Friday,16:00 - 17:59,PM peak / evening commute,True,False,False,False
1370092,Non-casualty (towaway),Non-casualty (towaway),2024,2024,November,Thursday,16:00 - 17:59,M2 HILLS,EXP,100,South,HERRING ROAD,TO,MACQUARIE PARK,6002.0,No,Not a school zone,Dual freeway,-33.776282,151.125713,Ryde,Sydney metro. area,Syd-Newc-Woll Gtr conurbation,Straight,,,,Off,Sealed,Dry,Fine,Daylight,Nil,No traffic controls,100 km/h,State,33,Lane sideswipe,305,Same - Lane side swipe,,Other angle,B-double (road train prior 98),4 wheel drive / SUV,2,0,0,0,0,11,November,Spring,Thursday,16:00 - 17:59,PM peak / evening commute,True,False,False,False
1370110,Non-casualty (towaway),Non-casualty (towaway),2024,2024,November,Saturday,14:00 - 15:59,BOUNDARY,ST,0,Right on the spot,PENSHURST,ST,ROSEVILLE,328.0,No,Not a school zone,T-junction,-33.783568,151.191545,Ku-ring-gai,Sydney metro. area,Syd-Newc-Woll Gtr conurbation,Straight,,,,Off,Sealed,Dry,Fine,Daylight,On,No traffic controls,60 km/h,State,35,Lane change left,307,Same - Lane change left,,Other angle,Car (sedan/hatch),Other bus,2,0,0,0,0,11,November,Spring,Saturday,14:00 - 15:59,Midday / afternoon,False,False,False,False
1370120,Non-casualty (towaway),Non-casualty (towaway),2024,2024,December,Wednesday,20:00 - 21:59,GAMBAN,RD,0,Right on the spot,NUMBER 46,HN,GWANDALAN,,No,Not a school zone,2-way undivided,-33.140316,151.589143,Central Coast,Country urban,Syd-Newc-Woll Gtr conurbation,Curved,,,,On,Sealed,Dry,Fine,Darkness,Nil,No traffic controls,50 km/h,Local,87,Off lft/lft bnd=>obj,804,Off left bend into obj,Left,Other angle,Car (sedan/hatch),4 wheel drive / SUV,2,0,0,0,0,12,December,Summer,Wednesday,20:00 - 21:59,Evening / night,False,False,False,False
1370134,Non-casualty (towaway),Non-casualty (towaway),2024,2024,December,Monday,06:00 - 07:59,PRINCES,HWY,200,East,PRINCES HIGHWAY,TO,MADDENS PLAINS,1.0,No,Not a school zone,2-way undivided,-34.309406,150.90096,Wollongong,Wollongong met. area,Syd-Newc-Woll Gtr conurbation,Straight,,,,Off,Sealed,Dry,Fine,Daylight,Nil,No traffic controls,80 km/h,State,70,Off road to left,701,Off carriageway to left,,Rollover,Car (sedan/hatch),,1,0,0,0,0,12,December,Summer,Monday,06:00 - 07:59,AM peak / school commute,True,False,False,False
1370139,Non-casualty (towaway),Non-casualty (towaway),2024,2024,July,Wednesday,22:00 - Midnight,KOSCIUSZKO,RD,0,Right on the spot,THREDBO,TCE,JINDABYNE,286.0,No,Not a school zone,X-intersection,-36.414505,148.622915,Snowy Monaro Regional,Country urban,Rest of NSW - Urban,Curved,,,,On,Sealed,Wet,Raining,Darkness,Nil,Give way sign,60 km/h,State,85,Off rt/lft bnd=>obj,706,Left turn,Right,Vehicle - Object,Light truck utility(from 2018),,1,0,0,0,0,7,July,Winter,Wednesday,22:00 - Midnight,Evening / night,False,False,False,False
1370151,Non-casualty (towaway),Non-casualty (towaway),2024,2024,December,Thursday,04:00 - 05:59,YORK,ST,40,North,ANZAC,PDE,TERALBA,,Yes,No,2-way undivided,-32.963494,151.605372,Lake Macquarie,Newcastle met. area,Syd-Newc-Woll Gtr conurbation,Straight,Steep grade,,,Off,Sealed,Dry,Fine,Dawn,Nil,No traffic controls,50 km/h,Local,40,U turn,304,Same - U-turn,,Other angle,Light truck utility(from 2018),4 wheel drive / SUV,2,0,0,0,0,12,December,Summer,Thursday,04:00 - 05:59,Late night / early morning,False,False,False,False
1370152,Non-casualty (towaway),Non-casualty (towaway),2024,2024,December,Monday,20:00 - 21:59,BELMORE,ST,0,Right on the spot,CONDER,ST,BURWOOD,,No,Not a school zone,T-junction,-33.878416,151.099727,Burwood,Sydney metro. area,Syd-Newc-Woll Gtr conurbation,Straight,,,,On,Sealed,Dry,Fine,Darkness,Nil,No traffic controls,50 km/h,Local,73,Off rd rght => obj,704,Right off cway into obj,,Other angle,Light truck utility(from 2018),Car (sedan/hatch),3,0,0,0,0,12,December,Summer,Monday,20:00 - 21:59,Evening / night,False,False,False,False
1370247,Non-casualty (towaway),Non-casualty (towaway),2024,2024,December,Friday,14:00 - 15:59,CAMPBELL,ST,0,Right on the spot,PAGE,ST,MORUYA,,Yes,No,X-intersection,-35.911832,150.077949,Eurobodalla,Country urban,Rest of NSW - Urban,Straight,Steep grade,,,Off,Sealed,Dry,Fine,Daylight,Nil,Give way sign,50 km/h,Local,10,Cross traffic,101,Adj - Cross traffic,,Right angle,4 wheel drive / SUV,Car (sedan/hatch),2,0,0,0,0,12,December,Summer,Friday,14:00 - 15:59,Midday / afternoon,False,False,False,False
1370268,Non-casualty (towaway),Non-casualty (towaway),2024,2024,December,Thursday,12:00 - 13:59,DUNMORE,ST,30,West,LANE,ST,WENTWORTHVILLE,,No,Not a school zone,Divided road,-33.808107,150.972964,Cumberland,Sydney metro. area,Syd-Newc-Woll Gtr conurbation,Straight,,,,Nil,Sealed,Dry,Fine,Daylight,Nil,No traffic controls,50 km/h,Local,71,Off rd left => obj,703,Left off cway into object,,Other angle,Unknown motor vehicle,4 wheel drive / SUV,2,0,0,0,0,12,December,Summer,Thursday,12:00 - 13:59,Midday / afternoon,False,False,False,False
1370270,Non-casualty (towaway),Non-casualty (towaway),2024,2024,October,Saturday,00:01 - 01:59,OLD CANTERBURY,RD,0,Right on the spot,MCGILL,ST,LEWISHAM,652.0,No,Not a school zone,X-intersection,-33.895102,151.14378,Inner West,Sydney metro. area,Syd-Newc-Woll Gtr conurbation,Straight,,,,On,Sealed,Dry,Fine,Darkness,Nil,Give way sign,50 km/h,State,71,Off rd left => obj,703,Left off cway into object,,Other angle,4 wheel drive / SUV,Light truck,3,0,0,0,0,10,October,Spring,Saturday,00:01 - 01:59,Late night / early morning,False,False,False,False
1370290,Non-casualty (towaway),Non-casualty (towaway),2024,2024,November,Thursday,22:00 - Midnight,CHARLESCOTTE,AVE,0,Right on the spot,NUMBER 17,HN,PUNCHBOWL,,No,Not a school zone,2-way undivided,-33.933168,151.057173,Canterbury-Bankstown,Sydney metro. area,Syd-Newc-Woll Gtr conurbation,Straight,,,,On,Sealed,Dry,Fine,Darkness,Nil,No traffic controls,50 km/h,Local,71,Off rd left => obj,703,Left off cway into object,,Other angle,Car (sedan/hatch),Car (sedan/hatch),2,0,0,0,0,11,November,Spring,Thursday,22:00 - Midnight,Evening / night,False,False,False,False
1370297,Non-casualty (towaway),Non-casualty (towaway),2024,2024,November,Wednesday,16:00 - 17:59,SUNSET,AVE,90,West,SHELLHARBOUR,RD,BARRACK HEIGHTS,,No,Not a school zone,2-way undivided,-34.557858,150.858489,Shellharbour,Wollongong met. area,Syd-Newc-Woll Gtr conurbation,Straight,,,,Nil,Sealed,Dry,Fine,Daylight,Nil,No traffic controls,50 km/h,Local,71,Off rd left => obj,703,Left off cway into object,,Other angle,Station wagon,Car (sedan/hatch),2,0,0,0,0,11,November,Spring,Wednesday,16:00 - 17:59,PM peak / evening commute,True,False,False,False
1370312,Non-casualty (towaway),Non-casualty (towaway),2024,2024,September,Saturday,22:00 - Midnight,HUME,HWY,100,South,OLD HUME HIGHWAY,TO,SUTTON FOREST,2.0,No,Not a school zone,Divided road,-34.520101,150.296487,Wingecarribee,Country non-urban,Rest of NSW - Rural,Straight,,,,Nil,Sealed,Dry,Fine,Darkness,Nil,No traffic controls,110 km/h,State,71,Off rd left => obj,703,Left off cway into object,,Vehicle - Object,Light truck utility(from 2018),,1,0,0,0,0,9,September,Spring,Saturday,22:00 - Midnight,Evening / night,False,False,False,False
1370357,Non-casualty (towaway),Non-casualty (towaway),2024,2024,November,Friday,16:00 - 17:59,DENMAN,AVE,0,Right on the spot,NUMBER 4,HN,WILEY PARK,,No,Not a school zone,2-way undivided,-33.925557,151.068491,Canterbury-Bankstown,Sydney metro. area,Syd-Newc-Woll Gtr conurbation,Straight,,,,Off,Sealed,Dry,Fine,Daylight,Nil,No traffic controls,50 km/h,Local,71,Off rd left => obj,703,Left off cway into object,,Other angle,Car (sedan/hatch),Light truck utility(from 2018),2,0,0,0,0,11,November,Spring,Friday,16:00 - 17:59,PM peak / evening commute,True,False,False,False
1370372,Non-casualty (towaway),Non-casualty (towaway),2024,2024,October,Sunday,22:00 - Midnight,CESSNOCK,RD,0,Right on the spot,NUMBER 116,HN,NEATH,588.0,No,Not a school zone,2-way undivided,-32.826903,151.409226,Cessnock,Country urban,Rest of NSW - Urban,Straight,,,,On,Sealed,Dry,Fine,Darkness,Nil,No traffic controls,60 km/h,State,73,Off rd rght => obj,704,Right off cway into obj,,Other angle,Car (sedan/hatch),Light truck utility(from 2018),3,0,0,0,0,10,October,Spring,Sunday,22:00 - Midnight,Evening / night,False,False,False,False