crash_id,degree_of_crash,degree_of_crash_-_detailed,reporting_year,year_of_crash,month_of_crash,day_of_week_of_crash,two-hour_intervals,street_of_crash,street_type,distance,direction,identifying_feature,identifying_feature_type,town,route_no.,school_zone_location,school_zone_active,type_of_location,latitude,longitude,lga,urbanisation,conurbation_1,alignment,primary_permanent_feature,primary_temporary_feature,primary_hazardous_feature,street_lighting,road_surface,surface_condition,weather,natural_lighting,signals_operation,other_traffic_control,speed_limit,road_classification_(admin),rum_-_code,rum_-_description,dca_-_code,dca_-_description,dca_supplement,first_impact_type,key_tu_type,other_tu_type,no._of_traffic_units_involved,no._killed,no._seriously_injured,no._moderately_injured,no._minor-other_injured,month_num,month_label,season,day_label,time_label,time_band,is_peak_commute,is_fatal,is_injury,is_casualty
1370387,Non-casualty (towaway),Non-casualty (towaway),2024,2024,October,Wednesday,02:00 - 03:59,AUBURN,RD,20,North,HELENA,ST,AUBURN,,Yes,No,2-way undivided,-33.856818,151.031594,Cumberland,Sydney metro. area,Syd-Newc-Woll Gtr conurbation,Straight,,,,On,Sealed,Dry,Fine,Darkness,Nil,No traffic controls,50 km/h,Local,71,Off rd left => obj,703,Left off cway into object,,Other angle,Car (sedan/hatch),Car (sedan/hatch),5,0,0,0,0,10,October,Spring,Wednesday,02:00 - 03:59,Late night / early morning,False,False,False,False
1370416,Non-casualty (towaway),Non-casualty (towaway),2024,2024,November,Thursday,06:00 - 07:59,SPARKS,RD,75,West,BRUCE,CRES,WALLARAH,509.0,No,Not a school zone,2-way undivided,-33.241971,151.453307,Central Coast,Country urban,Syd-Newc-Woll Gtr conurbation,Curved,Ditch/drain/culvert,,,Unknown / not stated,Sealed,Unknown,Unknown,Daylight,Nil,No traffic controls,80 km/h,State,20,Head on,201,Opp - Head on,,Head-on,Car (sedan/hatch),4 wheel drive / SUV,4,0,0,0,0,11,November,Spring,Thursday,06:00 - 07:59,AM peak / school commute,True,False,False,False
1370438,Non-casualty (towaway),Non-casualty (towaway),2024,2024,October,Wednesday,16:00 - 17:59,M2 HILLS,EXP,0,Right on the spot,BEECROFT ROAD,TO,EPPING,6002.0,No,Not a school zone,Dual freeway,-33.764313,151.085419,Parramatta,Sydney metro. area,Syd-Newc-Woll Gtr conurbation,Straight,,,,Nil,Sealed,Dry,Fine,Dusk,Nil,No traffic controls,100 km/h,State,91,Object struck veh,610,On path - Load hit vehicle,,Vehicle - Object,Light truck utility(from 2018),Unknown motor vehicle,3,0,0,0,0,10,October,Spring,Wednesday,16:00 - 17:59,PM peak / evening commute,True,False,False,False
1370447,Non-casualty (towaway),Non-casualty (towaway),2024,2024,August,Sunday,22:00 - Midnight,URALBA,ST,20,East,DIADEM,ST,LISMORE,,No,Not a school zone,2-way undivided,-28.809756,153.288169,Lismore,Country urban,Rest of NSW - Urban,Straight,,,,On,Sealed,Dry,Fine,Darkness,Nil,No traffic controls,50 km/h,Local,71,Off rd left => obj,703,Left off cway into object,,Vehicle - Object,4 wheel drive / SUV,,1,0,0,0,0,8,August,Winter,Sunday,22:00 - Midnight,Evening / night,False,False,False,False
1370450,Non-casualty (towaway),Non-casualty (towaway),2024,2024,November,Sunday,16:00 - 17:59,CAMDEN VALLEY,WAY,0,Right on the spot,SPRINGFIELD,RD,CATHERINE FIELD,620.0,No,Not a school zone,X-intersection,-34.009824,150.770155,Camden,Sydney metro. area,Syd-Newc-Woll Gtr conurbation,Straight,,,,Off,Sealed,Dry,Overcast,Daylight,On,No traffic controls,80 km/h,State,30,Rear end,301,Same - Rear end,,Rear end,Station wagon,Light truck utility(from 2018),3,0,0,0,0,11,November,Spring,Sunday,16:00 - 17:59,PM peak / evening commute,True,False,False,False
1370511,Non-casualty (towaway),Non-casualty (towaway),2024,2024,November,Saturday,00:01 - 01:59,GREAT WESTERN,HWY,0,Right on the spot,HAMMER SMITH,RD,HOMEBUSH WEST,5.0,No,Not a school zone,T-junction,-33.85845,151.069509,Strathfield,Sydney metro. area,Syd-Newc-Woll Gtr conurbation,Straight,Underpass/tunnel,,,On,Sealed,Dry,Fine,Darkness,On,No traffic controls,60 km/h,State,30,Rear end,301,Same - Rear end,,Rear end,Car (sedan/hatch),4 wheel drive / SUV,2,0,0,0,0,11,November,Spring,Saturday,00:01 - 01:59,Late night / early morning,False,False,False,False
1370515,Non-casualty (towaway),Non-casualty (towaway),2024,2024,November,Thursday,16:00 - 17:59,NEWBRIDGE,RD,0,Right on the spot,HEATHCOTE,RD,MOOREBANK,512.0,No,Not a school zone,T-junction,-33.928206,150.931039,Liverpool,Sydney metro. area,Syd-Newc-Woll Gtr conurbation,Straight,,,,Off,Sealed,Dry,Overcast,Daylight,On,No traffic controls,60 km/h,State,30,Rear end,301,Same - Rear end,,Rear end,Motorcycle,Unknown motor vehicle,2,0,0,0,0,11,November,Spring,Thursday,16:00 - 17:59,PM peak / evening commute,True,False,False,False
1370520,Non-casualty (towaway),Non-casualty (towaway),2024,2024,December,Friday,08:00 - 09:59,BYRON,ST,10,East,VIVIAN,ST,INVERELL,137.0,No,Not a school zone,Roundabout,-29.772826,151.112548,Inverell,Country urban,Rest of NSW - Urban,Straight,,,,Off,Sealed,Dry,Fine,Daylight,Nil,No traffic controls,40 km/h,Regional,49,Other manoeuvring,400,Manov - other,,Other angle,4 wheel drive / SUV,Car (sedan/hatch),2,0,0,0,0,12,December,Summer,Friday,08:00 - 09:59,AM peak / school commute,True,False,False,False
1370544,Non-casualty (towaway),Non-casualty (towaway),2024,2024,October,Sunday,06:00 - 07:59,HUME,HWY,0,Right on the spot,RACECOURSE,RD,LAVINGTON,2.0,No,Not a school zone,T-junction,-36.052087,146.958607,Albury,Country urban,Rest of NSW - Urban,Straight,Embankment/cutting,,,Off,Sealed,Dry,Fine,Daylight,Nil,Give way sign,60 km/h,State,75,Off end of road,709,Off end cway or T junct,,Vehicle - Object,Car (sedan/hatch),,1,0,0,0,0,10,October,Spring,Sunday,06:00 - 07:59,AM peak / school commute,True,False,False,False
1370549,Non-casualty (towaway),Non-casualty (towaway),2024,2024,November,Sunday,12:00 - 13:59,HUME,HWY,0,Right on the spot,COLECHIN,ST,YAGOONA,2.0,Yes,No,T-junction,-33.905295,151.012339,Canterbury-Bankstown,Sydney metro. area,Syd-Newc-Woll Gtr conurbation,Straight,Steep grade,,,Off,Sealed,Dry,Fine,Daylight,Nil,Give way sign,60 km/h,State,39,Other same direction,300,Same - other,,Other angle,Unknown motor vehicle,Car (sedan/hatch),2,0,0,0,0,11,November,Spring,Sunday,12:00 - 13:59,Midday / afternoon,False,False,False,False
1370550,Non-casualty (towaway),Non-casualty (towaway),2024,2024,November,Thursday,22:00 - Midnight,REDMAYNE,RD,0,Right on the spot,WALWORTH,RD,HORSLEY PARK,,No,Not a school zone,T-junction,-33.83524,150.850776,Fairfield,Sydney metro. area,Syd-Newc-Woll Gtr conurbation,Curved,,,,Off,Sealed,Dry,Fine,Darkness,Nil,Give way sign,60 km/h,Local,81,Off left/rt bnd=>obj,803,Off right bend into obj,Left,Vehicle - Object,Car (sedan/hatch),,1,0,0,0,0,11,November,Spring,Thursday,22:00 - Midnight,Evening / night,False,False,False,False
1370564,Non-casualty (towaway),Non-casualty (towaway),2024,2024,November,Monday,22:00 - Midnight,CHAPMAN,AVE,0,Right on the spot,NORTH,RD,WYONG,,No,Not a school zone,T-junction,-33.279508,151.42337,Central Coast,Country urban,Syd-Newc-Woll Gtr conurbation,Straight,Steep grade,,,On,Sealed,Dry,Fine,Darkness,Nil,No traffic controls,50 km/h,Local,75,Off end of road,709,Off end cway or T junct,,Vehicle - Object,Car (sedan/hatch),,2,0,0,0,0,11,November,Spring,Monday,22:00 - Midnight,Evening / night,False,False,False,False
1370577,Non-casualty (towaway),Non-casualty (towaway),2024,2024,October,Wednesday,00:01 - 01:59,WARWICK,RD,0,Right on the spot,NUMBER 6,HN,MERRYLANDS,,No,Not a school zone,2-way undivided,-33.83452,150.983934,Cumberland,Sydney metro. area,Syd-Newc-Woll Gtr conurbation,Straight,,,,On,Sealed,Unknown,Unknown,Darkness,Nil,No traffic controls,50 km/h,Local,71,Off rd left => obj,703,Left off cway into object,,Other angle,Car (sedan/hatch),Car (sedan/hatch),3,0,0,0,0,10,October,Spring,Wednesday,00:01 - 01:59,Late night / early morning,False,False,False,False
1370595,Non-casualty (towaway),Non-casualty (towaway),2024,2024,November,Saturday,12:00 - 13:59,MARSDEN,RD,0,Right on the spot,STEWART,ST,DUNDAS VALLEY,158.0,No,Not a school zone,X-intersection,-33.796564,151.065263,Parramatta,Sydney metro. area,Syd-Newc-Woll Gtr conurbation,Straight,,,,Off,Sealed,Dry,Fine,Daylight,On,No traffic controls,60 km/h,State,81,Off left/rt bnd=>obj,707,Right turn,Left,Vehicle - Object,Passenger van,,1,0,0,0,0,11,November,Spring,Saturday,12:00 - 13:59,Midday / afternoon,False,False,False,False
1370601,Non-casualty (towaway),Non-casualty (towaway),2024,2024,November,Friday,02:00 - 03:59,PACIFIC,HWY,100,South,SPARKS,RD,HAMLYN TERRACE,10.0,No,Not a school zone,Divided road,-33.252832,151.488628,Central Coast,Country urban,Syd-Newc-Woll Gtr conurbation,Curved,Pedestrian refuge,,,On,Sealed,Dry,Fine,Darkness,Nil,No traffic controls,70 km/h,State,85,Off rt/lft bnd=>obj,804,Off left bend into obj,Right,Vehicle - Object,4 wheel drive / SUV,,1,0,0,0,0,11,November,Spring,Friday,02:00 - 03:59,Late night / early morning,False,False,False,False
1370604,Non-casualty (towaway),Non-casualty (towaway),2024,2024,November,Monday,16:00 - 17:59,THE RIDGEWAY,MS,0,Right on the spot,NUMBER 435,HN,LISAROW,,No,Not a school zone,2-way undivided,-33.385224,151.409181,Central Coast,Country urban,Syd-Newc-Woll Gtr conurbation,Curved,Steep grade,,,Off,Sealed,Dry,Fine,Daylight,Nil,No traffic controls,60 km/h,Local,20,Head on,201,Opp - Head on,,Head-on,Unknown motor vehicle,4 wheel drive / SUV,2,0,0,0,0,11,November,Spring,Monday,16:00 - 17:59,PM peak / evening commute,True,False,False,False
1370613,Non-casualty (towaway),Non-casualty (towaway),2024,2024,December,Monday,10:00 - 11:59,CANTERBURY,RD,0,Right on the spot,UNA,ST,CAMPSIE,167.0,No,Not a school zone,T-junction,-33.916515,151.108556,Canterbury-Bankstown,Sydney metro. area,Syd-Newc-Woll Gtr conurbation,Straight,,,,Nil,Sealed,Dry,Fine,Daylight,Nil,No traffic controls,60 km/h,State,11,Right far,102,Adj - Right-thru from left,,Right angle,Light truck,Car (sedan/hatch),2,0,0,0,0,12,December,Summer,Monday,10:00 - 11:59,Midday / afternoon,False,False,False,False
1370621,Non-casualty (towaway),Non-casualty (towaway),2024,2024,November,Friday,22:00 - Midnight,PATTERSONS,LANE,0,Right on the spot,NUMBER 219,HN,YOUNG,,No,Not a school zone,2-way undivided,-34.267586,148.302098,Hilltops,Country urban,Rest of NSW - Urban,Curved,,,,Nil,Sealed,Dry,Fine,Darkness,Nil,No traffic controls,80 km/h,Local,41,U turn into object,409,Manov - U-turn into fixed obje,,Vehicle - Object,Car (sedan/hatch),,1,0,0,0,0,11,November,Spring,Friday,22:00 - Midnight,Evening / night,False,False,False,False
1370658,Non-casualty (towaway),Non-casualty (towaway),2024,2024,November,Tuesday,22:00 - Midnight,COOPER,RD,0,Right on the spot,NUMBER 110,HN,BIRRONG,,No,Not a school zone,2-way undivided,-33.895955,151.025838,Canterbury-Bankstown,Sydney metro. area,Syd-Newc-Woll Gtr conurbation,Straight,,,,On,Sealed,Dry,Fine,Darkness,Nil,No traffic controls,50 km/h,Local,71,Off rd left => obj,703,Left off cway into object,,Other angle,4 wheel drive / SUV,Car (sedan/hatch),3,0,0,0,0,11,November,Spring,Tuesday,22:00 - Midnight,Evening / night,False,False,False,False
1370670,Non-casualty (towaway),Non-casualty (towaway),2024,2024,December,Thursday,12:00 - 13:59,WARE,ST,150,South,NELSON,ST,FAIRFIELD,,No,Not a school zone,1-way street,-33.870123,150.954517,Fairfield,Sydney metro. area,Syd-Newc-Woll Gtr conurbation,Straight,Foot/cycle path/nature strip,,,Off,Sealed,Dry,Fine,Daylight,Nil,No traffic controls,40 km/h,Local,49,Other manoeuvring,400,Manov - other,,Other angle,Car (sedan/hatch),,2,0,0,0,0,12,December,Summer,Thursday,12:00 - 13:59,Midday / afternoon,False,False,False,False
1370676,Non-casualty (towaway),Non-casualty (towaway),2024,2024,December,Friday,00:01 - 01:59,GRASMERE,RD,10,West,VIEW,ST,CREMORNE,,No,Not a school zone,T-junction,-33.826069,151.220497,North Sydney,Sydney metro. area,Syd-Newc-Woll Gtr conurbation,Straight,,,,On,Sealed,Dry,Fine,Darkness,Nil,No traffic controls,50 km/h,Local,71,Off rd left => obj,703,Left off cway into object,,Other angle,Car (sedan/hatch),Car (sedan/hatch),4,0,0,0,0,12,December,Summer,Friday,00:01 - 01:59,Late night / early morning,False,False,False,False
1370679,Non-casualty (towaway),Non-casualty (towaway),2024,2024,December,Thursday,06:00 - 07:59,AUSTRALIA,AVE,24,North,SHIRLEY STRICKLAND,AVE,SYDNEY OLYMPIC PARK,,No,Not a school zone,Divided road,-33.852673,151.075941,Parramatta,Sydney metro. area,Syd-Newc-Woll Gtr conurbation,Straight,Steep grade,,,Off,Sealed,Dry,Fine,Daylight,Nil,No traffic controls,60 km/h,Local,73,Off rd rght => obj,704,Right off cway into obj,,Vehicle - Object,Car (sedan/hatch),,1,0,0,0,0,12,December,Summer,Thursday,06:00 - 07:59,AM peak / school commute,True,False,False,False
1370681,Non-casualty (towaway),Non-casualty (towaway),2024,2024,November,Wednesday,02:00 - 03:59,MCLACHLAN,AVE,100,South,CRAIGEND,ST,DARLINGHURST,625.0,No,Not a school zone,1-way street,-33.877577,151.227754,Sydney,Sydney metro. area,Syd-Newc-Woll Gtr conurbation,Straight,,,,On,Sealed,Wet,Raining,Darkness,Nil,No traffic controls,40 km/h,Regional,49,Other manoeuvring,400,Manov - other,,Other angle,Unknown motor vehicle,Car (sedan/hatch),2,0,0,0,0,11,November,Spring,Wednesday,02:00 - 03:59,Late night / early morning,False,False,False,False
1370682,Non-casualty (towaway),Non-casualty (towaway),2024,2024,November,Wednesday,08:00 - 09:59,LUXFORD,RD,100,South,PITCAIRN,AVE,LETHBRIDGE PARK,7161.0,No,Not a school zone,Divided road,-33.733913,150.801229,Blacktown,Sydney metro. area,Syd-Newc-Woll Gtr conurbation,Straight,,,,Off,Sealed,Dry,Fine,Daylight,Nil,No traffic controls,60 km/h,Regional,33,Lane sideswipe,305,Same - Lane side swipe,,Other angle,Light truck,4 wheel drive / SUV,2,0,0,0,0,11,November,Spring,Wednesday,08:00 - 09:59,AM peak / school commute,True,False,False,False
1370716,Non-casualty (towaway),Non-casualty (towaway),2024,2024,December,Thursday,20:00 - 21:59,WESTERN,EXP,300,East,HILL ROAD,TO,LIDCOMBE,6004.0,No,Not a school zone,Dual freeway,-33.849544,151.053618,Parramatta,Sydney metro. area,Syd-Newc-Woll Gtr conurbation,Straight,,,,On,Sealed,Dry,Fine,Darkness,Nil,No traffic controls,90 km/h,State,30,Rear end,301,Same - Rear end,,Rear end,Light truck utility(from 2018),Car (sedan/hatch),2,0,0,0,0,12,December,Summer,Thursday,20:00 - 21:59,Evening / night,False,False,False,False
1370728,Non-casualty (towaway),Non-casualty (towaway),2024,2024,November,Saturday,06:00 - 07:59,NEWELL,HWY,1000,North,WEST MIALLA,RD,BALLADORAN,17.0,No,Not a school zone,2-way undivided,-31.849024,148.644528,Gilgandra,Country non-urban,Rest of NSW - Rural,Curved,Ditch/drain/culvert,,,Nil,Sealed,Wet,Raining,Dawn,Nil,No traffic controls,110 km/h,State,84,Off right/left bend,802,Off cway left bend,Right,Rollover,4 wheel drive / SUV,,1,0,0,0,0,11,November,Spring,Saturday,06:00 - 07:59,AM peak / school commute,True,False,False,False
1370736,Non-casualty (towaway),Non-casualty (towaway),2024,2024,December,Friday,12:00 - 13:59,BRINGELLY,RD,0,Right on the spot,FOURTH,AVE,AUSTRAL,647.0,No,Not a school zone,X-intersection,-33.949619,150.80229,Liverpool,Sydney metro. area,Syd-Newc-Woll Gtr conurbation,Straight,,,,Off,Sealed,Dry,Fine,Daylight,On,No traffic controls,80 km/h,State,10,Cross traffic,101,Adj - Cross traffic,,Right angle,4 wheel drive / SUV,Car (sedan/hatch),2,0,0,0,0,12,December,Summer,Friday,12:00 - 13:59,Midday / afternoon,False,False,False,False
1370739,Non-casualty (towaway),Non-casualty (towaway),2024,2024,August,Saturday,20:00 - 21:59,DARTFORD,RD,100,North,CUMBERLAND,HWY,THORNLEIGH,,No,Not a school zone,2-way undivided,-33.722479,151.090892,Hornsby,Sydney metro. area,Syd-Newc-Woll Gtr conurbation,Curved,,,,On,Sealed,Dry,Fine,Darkness,Nil,No traffic controls,60 km/h,Local,81,Off left/rt bnd=>obj,803,Off right bend into obj,Left,Vehicle - Object,Station wagon,,1,0,0,0,0,8,August,Winter,Saturday,20:00 - 21:59,Evening / night,False,False,False,False
1370745,Non-casualty (towaway),Non-casualty (towaway),2024,2024,November,Sunday,00:01 - 01:59,KING GEORGES,RD,120,South,WONIORA,RD,HURSTVILLE,200.0,No,Not a school zone,2-way undivided,-33.966585,151.095307,Georges River,Sydney metro. area,Syd-Newc-Woll Gtr conurbation,Straight,Steep grade,,,On,Sealed,Dry,Fine,Darkness,Nil,No traffic controls,60 km/h,State,73,Off rd rght => obj,704,Right off cway into obj,,Vehicle - Object,Station wagon,,1,0,0,0,0,11,November,Spring,Sunday,00:01 - 01:59,Late night / early morning,False,False,False,False
1370754,Non-casualty (towaway),Non-casualty (towaway),2024,2024,December,Tuesday,22:00 - Midnight,PUNCHBOWL,RD,0,Right on the spot,NUMBER 883,HN,PUNCHBOWL,549.0,No,Not a school zone,2-way undivided,-33.928606,151.046763,Canterbury-Bankstown,Sydney metro. area,Syd-Newc-Woll Gtr conurbation,Curved,,,,On,Sealed,Wet,Overcast,Darkness,Nil,No traffic controls,60 km/h,State,81,Off left/rt bnd=>obj,803,Off right bend into obj,Left,Vehicle - Object,4 wheel drive / SUV,,1,0,0,0,0,12,December,Summer,Tuesday,22:00 - Midnight,Evening / night,False,False,False,False
1370769,Non-casualty (towaway),Non-casualty (towaway),2024,2024,October,Wednesday,20:00 - 21:59,MOUNTAIN STRAIGHT,MS,430,South,PIT STRAIGHT,MS,MOUNT PANORAMA,,No,Not a school zone,2-way undivided,-33.442746,149.554936,Bathurst Regional,Country urban,Rest of NSW - Urban,Straight,,,,Off,Sealed,Dry,Fine,Darkness,Nil,No traffic controls,60 km/h,Local,71,Off rd left => obj,703,Left off cway into object,,Vehicle - Object,Car (sedan/hatch),,1,0,0,0,0,10,October,Spring,Wednesday,20:00 - 21:59,Evening / night,False,False,False,False
1370770,Non-casualty (towaway),Non-casualty (towaway),2024,2024,October,Thursday,22:00 - Midnight,LETHBRIDGE,ST,35,North,BLAIR,AVE,ST MARYS,,No,Not a school zone,2-way undivided,-33.765888,150.777974,Penrith,Sydney metro. area,Syd-Newc-Woll Gtr conurbation,Straight,,,,On,Sealed,Dry,Fine,Darkness,Nil,No traffic controls,50 km/h,Local,71,Off rd left => obj,703,Left off cway into object,,Other angle,Car (sedan/hatch),Light truck utility(from 2018),2,0,0,0,0,10,October,Spring,Thursday,22:00 - Midnight,Evening / night,False,False,False,False
1370775,Non-casualty (towaway),Non-casualty (towaway),2024,2024,October,Wednesday,16:00 - 17:59,BRIGHTON,AVE,30,East,BROWNING,ST,CAMPSIE,2014.0,No,Not a school zone,2-way undivided,-33.905406,151.104748,Canterbury-Bankstown,Sydney metro. area,Syd-Newc-Woll Gtr conurbation,Straight,,,,Off,Sealed,Dry,Fine,Daylight,Nil,No traffic controls,50 km/h,Regional,42,Leaving parking,401,Manov - Leaving parking,,Other angle,Car (sedan/hatch),Light truck utility(from 2018),2,0,0,0,0,10,October,Spring,Wednesday,16:00 - 17:59,PM peak / evening commute,True,False,False,False
1370783,Non-casualty (towaway),Non-casualty (towaway),2024,2024,October,Saturday,02:00 - 03:59,NEW ENGLAND,HWY,110,West,WOODLANDS,CL,TARRO,9.0,No,Not a school zone,Divided road,-32.811404,151.668279,Newcastle,Newcastle met. area,Syd-Newc-Woll Gtr conurbation,Straight,Embankment/cutting,,,On,Sealed,Dry,Fine,Darkness,Nil,No traffic controls,80 km/h,State,70,Off road to left,701,Off carriageway to left,,Rollover,4 wheel drive / SUV,,1,0,0,0,0,10,October,Spring,Saturday,02:00 - 03:59,Late night / early morning,False,False,False,False
1370786,Non-casualty (towaway),Non-casualty (towaway),2024,2024,August,Tuesday,06:00 - 07:59,KEIRA,ST,0,Right on the spot,NUMBER 88,HN,WOLLONGONG,,No,Not a school zone,2-way undivided,-34.420809,150.89402,Wollongong,Wollongong met. area,Syd-Newc-Woll Gtr conurbation,Straight,Steep grade,,,Off,Sealed,Dry,Fine,Daylight,Nil,No traffic controls,50 km/h,Local,44,Parking vehicles,403,Manov - Parking-parked vehicle,,Other angle,Light truck utility(from 2018),Car (sedan/hatch),2,0,0,0,0,8,August,Winter,Tuesday,06:00 - 07:59,AM peak / school commute,True,False,False,False
1370795,Non-casualty (towaway),Non-casualty (towaway),2024,2024,October,Friday,06:00 - 07:59,WYONG,RD,10,East,NEWCASTLE,EXP,MARDI,335.0,No,Not a school zone,Roundabout,-33.304958,151.403408,Central Coast,Country urban,Syd-Newc-Woll Gtr conurbation,Straight,,,,On,Sealed,Dry,Fine,Daylight,Nil,Give way sign,70 km/h,State,74,On road-out of cont.,705,Out of control on cway,,Rollover,Large rigid,,1,0,0,0,0,10,October,Spring,Friday,06:00 - 07:59,AM peak / school commute,True,False,False,False
1370808,Non-casualty (towaway),Non-casualty (towaway),2024,2024,December,Tuesday,08:00 - 09:59,GREAT WESTERN,HWY,0,Right on the spot,CARLISLE,AVE,MOUNT DRUITT,5.0,No,Not a school zone,X-intersection,-33.779236,150.814523,Blacktown,Sydney metro. area,Syd-Newc-Woll Gtr conurbation,Straight,Steep grade,,,Off,Sealed,Dry,Fine,Daylight,On,No traffic controls,80 km/h,State,37,Left turn sideswipe,309,Same - Left turn side swipe,,Other angle,Unknown motor vehicle,Car (sedan/hatch),2,0,0,0,0,12,December,Summer,Tuesday,08:00 - 09:59,AM peak / school commute,True,False,False,False
1370823,Non-casualty (towaway),Non-casualty (towaway),2024,2024,December,Sunday,20:00 - 21:59,MORIL,AVE,0,Right on the spot,RUSDEN,RD,MOUNT RIVERVIEW,,Yes,No,T-junction,-33.729938,150.633481,Blue Mountains,Country urban,Syd-Newc-Woll Gtr conurbation,Curved,,,,On,Sealed,Dry,Fine,Darkness,Nil,No traffic controls,50 km/h,Local,81,Off left/rt bnd=>obj,803,Off right bend into obj,Left,Vehicle - Object,4 wheel drive / SUV,,1,0,0,0,0,12,December,Summer,Sunday,20:00 - 21:59,Evening / night,False,False,False,False
1370854,Non-casualty (towaway),Non-casualty (towaway),2024,2024,December,Friday,20:00 - 21:59,BATLOW,RD,100,North,YARRAWONGA,RD,BATLOW,85.0,No,Not a school zone,2-way undivided,-35.587609,148.091163,Snowy Valleys,Country non-urban,Rest of NSW - Rural,Curved,,,,Nil,Sealed,Dry,Fine,Dusk,Nil,No traffic controls,100 km/h,State,88,Out of cont on bend,805,Out of control on bend,,Rollover,Light truck,,1,0,0,0,0,12,December,Summer,Friday,20:00 - 21:59,Evening / night,False,False,False,False
1370864,Non-casualty (towaway),Non-casualty (towaway),2024,2024,November,Friday,06:00 - 07:59,DUNMORE,ST,999999,Unknown/not stated,UNKNOWN,UK,WENTWORTHVILLE,7257.0,No,Not a school zone,2-way undivided,-33.806081,150.96426,Cumberland,Sydney metro. area,Syd-Newc-Woll Gtr conurbation,Straight,,,,Nil,Sealed,Dry,Fine,Daylight,Nil,No traffic controls,50 km/h,Regional,45,Reversing,404,Manov - Reverse in traffic,,Other angle,Light truck utility(from 2018),4 wheel drive / SUV,2,0,0,0,0,11,November,Spring,Friday,06:00 - 07:59,AM peak / school commute,True,False,False,False
1370870,Non-casualty (towaway),Non-casualty (towaway),2024,2024,December,Wednesday,16:00 - 17:59,FREDERICK,ST,15,West,MILSON,ST,CHARLESTOWN,,No,Not a school zone,2-way undivided,-32.966194,151.699157,Lake Macquarie,Newcastle met. area,Syd-Newc-Woll Gtr conurbation,Straight,Steep grade,,,Off,Sealed,Dry,Fine,Daylight,Nil,No traffic controls,60 km/h,Local,42,Leaving parking,401,Manov - Leaving parking,,Other angle,4 wheel drive / SUV,Car (sedan/hatch),2,0,0,0,0,12,December,Summer,Wednesday,16:00 - 17:59,PM peak / evening commute,True,False,False,False
1370887,Non-casualty (towaway),Non-casualty (towaway),2024,2024,December,Sunday,00:01 - 01:59,MAIN ARM,RD,750,West,JOHNSONS,LANE,MAIN ARM,,No,Not a school zone,2-way undivided,-28.528658,153.454364,Byron,Country urban,Rest of NSW - Urban,Straight,Painted double centre lines,,Flooded/submerged,Nil,Sealed,Wet,Raining,Darkness,Nil,No traffic controls,80 km/h,Local,40,U turn,207,Opp - U-turn,,Other angle,Light truck utility(from 2018),Unknown motor vehicle,2,0,0,0,0,12,December,Summer,Sunday,00:01 - 01:59,Late night / early morning,False,False,False,False
1370890,Non-casualty (towaway),Non-casualty (towaway),2024,2024,October,Tuesday,14:00 - 15:59,CORRIE,RD,30,North,STERLAND,AVE,NORTH MANLY,,No,Not a school zone,2-way undivided,-33.771176,151.271165,Northern Beaches,Sydney metro. area,Syd-Newc-Woll Gtr conurbation,Straight,Crest,,,Off,Sealed,Dry,Fine,Daylight,Nil,No traffic controls,40 km/h,Local,20,Head on,201,Opp - Head on,,Head-on,4 wheel drive / SUV,Car (sedan/hatch),2,0,0,0,0,10,October,Spring,Tuesday,14:00 - 15:59,Midday / afternoon,False,False,False,False
1370909,Non-casualty (towaway),Non-casualty (towaway),2024,2024,November,Thursday,20:00 - 21:59,VICTORIA,RD,20,East,ST ANNES,ST,RYDE,165.0,No,Not a school zone,Divided road,-33.816629,151.106048,Ryde,Sydney metro. area,Syd-Newc-Woll Gtr conurbation,Curved,,,,On,Sealed,Wet,Raining,Darkness,Nil,No traffic controls,60 km/h,State,85,Off rt/lft bnd=>obj,804,Off left bend into obj,Right,Vehicle - Object,Car (sedan/hatch),,1,0,0,0,0,11,November,Spring,Thursday,20:00 - 21:59,Evening / night,False,False,False,False
1370911,Non-casualty (towaway),Non-casualty (towaway),2024,2024,November,Saturday,00:01 - 01:59,MANN,ST,0,Right on the spot,NUMBER 35,HN,NAMBUCCA HEADS,,No,Not a school zone,2-way undivided,-30.641161,152.997341,Nambucca Valley,Country urban,Rest of NSW - Urban,Straight,,,,Nil,Sealed,Dry,Fine,Darkness,Nil,No traffic controls,50 km/h,Local,71,Off rd left => obj,703,Left off cway into object,,Other angle,Car (sedan/hatch),Car (sedan/hatch),3,0,0,0,0,11,November,Spring,Saturday,00:01 - 01:59,Late night / early morning,False,False,False,False
1370928,Non-casualty (towaway),Non-casualty (towaway),2024,2024,November,Saturday,12:00 - 13:59,SHINFIELD,AVE,0,Right on the spot,NUMBER 12,HN,ST IVES,,No,Not a school zone,2-way undivided,-33.732314,151.159199,Ku-ring-gai,Sydney metro. area,Syd-Newc-Woll Gtr conurbation,Straight,,,,Nil,Sealed,Dry,Fine,Daylight,Nil,No traffic controls,50 km/h,Local,71,Off rd left => obj,703,Left off cway into object,,Other angle,Unknown type,4 wheel drive / SUV,2,0,0,0,0,11,November,Spring,Saturday,12:00 - 13:59,Midday / afternoon,False,False,False,False