crash_id,degree_of_crash,degree_of_crash_-_detailed,reporting_year,year_of_crash,month_of_crash,day_of_week_of_crash,two-hour_intervals,street_of_crash,street_type,distance,direction,identifying_feature,identifying_feature_type,town,route_no.,school_zone_location,school_zone_active,type_of_location,latitude,longitude,lga,urbanisation,conurbation_1,alignment,primary_permanent_feature,primary_temporary_feature,primary_hazardous_feature,street_lighting,road_surface,surface_condition,weather,natural_lighting,signals_operation,other_traffic_control,speed_limit,road_classification_(admin),rum_-_code,rum_-_description,dca_-_code,dca_-_description,dca_supplement,first_impact_type,key_tu_type,other_tu_type,no._of_traffic_units_involved,no._killed,no._seriously_injured,no._moderately_injured,no._minor-other_injured,month_num,month_label,season,day_label,time_label,time_band,is_peak_commute,is_fatal,is_injury,is_casualty
1370936,Non-casualty (towaway),Non-casualty (towaway),2024,2024,October,Saturday,04:00 - 05:59,MARYLAND,DR,100,East,CALLAN,AVE,MARYLAND,,No,Not a school zone,2-way undivided,-32.875368,151.660415,Newcastle,Newcastle met. area,Syd-Newc-Woll Gtr conurbation,Curved,Steep grade,,,On,Sealed,Dry,Fine,Darkness,Nil,No traffic controls,50 km/h,Local,87,Off lft/lft bnd=>obj,804,Off left bend into obj,Left,Other angle,Light truck utility(from 2018),4 wheel drive / SUV,2,0,0,0,0,10,October,Spring,Saturday,04:00 - 05:59,Late night / early morning,False,False,False,False
1370940,Non-casualty (towaway),Non-casualty (towaway),2024,2024,December,Thursday,22:00 - Midnight,HUME,HWY,1000,North,MUTTAMA ROAD,TO,COOLAC,2.0,No,Not a school zone,Divided road,-34.92034,148.169875,Cootamundra-Gundagai,Country non-urban,Rest of NSW - Rural,Straight,Embankment/cutting,,,On,Sealed,Dry,Fine,Darkness,Nil,No traffic controls,110 km/h,State,71,Off rd left => obj,703,Left off cway into object,,Vehicle - Object,4 wheel drive / SUV,,1,0,0,0,0,12,December,Summer,Thursday,22:00 - Midnight,Evening / night,False,False,False,False
1370949,Non-casualty (towaway),Non-casualty (towaway),2024,2024,November,Monday,22:00 - Midnight,SILVER,PL,0,Right on the spot,THE RIDGEWAY,MS,LISAROW,,No,Not a school zone,T-junction,-33.387206,151.377649,Central Coast,Country urban,Syd-Newc-Woll Gtr conurbation,Straight,,,,Nil,Sealed,Dry,Fine,Darkness,Nil,No traffic controls,50 km/h,Local,85,Off rt/lft bnd=>obj,706,Left turn,Right,Other angle,Station wagon,Car (sedan/hatch),2,0,0,0,0,11,November,Spring,Monday,22:00 - Midnight,Evening / night,False,False,False,False
1370950,Non-casualty (towaway),Non-casualty (towaway),2024,2024,December,Tuesday,00:01 - 01:59,CLARENDON,RD,0,Right on the spot,NUMBER 18,HN,PEAKHURST,,No,Not a school zone,2-way undivided,-33.957537,151.04898,Georges River,Sydney metro. area,Syd-Newc-Woll Gtr conurbation,Straight,,,,On,Sealed,Dry,Fine,Darkness,Nil,No traffic controls,50 km/h,Local,71,Off rd left => obj,703,Left off cway into object,,Other angle,Car (sedan/hatch),4 wheel drive / SUV,2,0,0,0,0,12,December,Summer,Tuesday,00:01 - 01:59,Late night / early morning,False,False,False,False
1370953,Non-casualty (towaway),Non-casualty (towaway),2024,2024,November,Sunday,14:00 - 15:59,BRIDGE,RD,15,North,SALISBURY,RD,STANMORE,7088.0,No,Not a school zone,2-way undivided,-33.891142,151.170509,Inner West,Sydney metro. area,Syd-Newc-Woll Gtr conurbation,Straight,Painted double centre lines,,,Nil,Sealed,Dry,Fine,Daylight,Nil,No traffic controls,50 km/h,Regional,20,Head on,201,Opp - Head on,,Head-on,4 wheel drive / SUV,Car (sedan/hatch),2,0,0,0,0,11,November,Spring,Sunday,14:00 - 15:59,Midday / afternoon,False,False,False,False
1370956,Non-casualty (towaway),Non-casualty (towaway),2024,2024,December,Wednesday,08:00 - 09:59,GORDON,ST,75,South,COFFS,ST,COFFS HARBOUR,,No,Not a school zone,2-way undivided,-30.2963,153.117955,Coffs Harbour,Country urban,Rest of NSW - Urban,Straight,,,,Off,Sealed,Dry,Fine,Daylight,Nil,Ped crossing,40 km/h,Local,73,Off rd rght => obj,704,Right off cway into obj,,Other angle,4 wheel drive / SUV,Car (sedan/hatch),3,0,0,0,0,12,December,Summer,Wednesday,08:00 - 09:59,AM peak / school commute,True,False,False,False
1370998,Non-casualty (towaway),Non-casualty (towaway),2024,2024,October,Wednesday,14:00 - 15:59,M2 HILLS,EXP,20,West,CUMBERLAND HIGHWAY,OP,CARLINGFORD,6002.0,No,Not a school zone,Dual freeway,-33.758826,151.048709,Parramatta,Sydney metro. area,Syd-Newc-Woll Gtr conurbation,Straight,Underpass/tunnel,,,Nil,Sealed,Dry,Fine,Daylight,Nil,No traffic controls,100 km/h,State,91,Object struck veh,610,On path - Load hit vehicle,,Vehicle - Object,Car (sedan/hatch),Unknown motor vehicle,2,0,0,0,0,10,October,Spring,Wednesday,14:00 - 15:59,Midday / afternoon,False,False,False,False
1371002,Non-casualty (towaway),Non-casualty (towaway),2024,2024,November,Monday,18:00 - 19:59,COWPASTURE,RD,50,South,NORTH LIVERPOOL,RD,GREEN VALLEY,648.0,No,Not a school zone,Divided road,-33.894858,150.856976,Liverpool,Sydney metro. area,Syd-Newc-Woll Gtr conurbation,Straight,,,,On,Sealed,Dry,Fine,Darkness,Nil,No traffic controls,70 km/h,State,74,On road-out of cont.,705,Out of control on cway,,Rollover,Car (sedan/hatch),,1,0,0,0,0,11,November,Spring,Monday,18:00 - 19:59,PM peak / evening commute,True,False,False,False
1371005,Non-casualty (towaway),Non-casualty (towaway),2024,2024,October,Wednesday,14:00 - 15:59,NEWCASTLE,EXP,0,Right on the spot,NEWCASTLE,EXP,BEROWRA,6003.0,No,Not a school zone,T-junction,-33.635734,151.146965,Hornsby,Sydney metro. area,Syd-Newc-Woll Gtr conurbation,Straight,Steep grade,,,Nil,Sealed,Dry,Overcast,Daylight,Nil,No traffic controls,60 km/h,State,37,Left turn sideswipe,309,Same - Left turn side swipe,,Other angle,Semi-trailer,Light truck utility(from 2018),2,0,0,0,0,10,October,Spring,Wednesday,14:00 - 15:59,Midday / afternoon,False,False,False,False
1371007,Non-casualty (towaway),Non-casualty (towaway),2024,2024,November,Sunday,06:00 - 07:59,YARRIE LAKE,RD,250,West,BUKHAI,ST,NARRABRI,,No,Not a school zone,2-way undivided,-30.333995,149.747738,Narrabri,Country urban,Rest of NSW - Urban,Straight,Other bridge,,,Nil,Sealed,Dry,Fine,Daylight,Nil,No traffic controls,80 km/h,Local,70,Off road to left,701,Off carriageway to left,,Rollover,Light truck utility(from 2018),,1,0,0,0,0,11,November,Spring,Sunday,06:00 - 07:59,AM peak / school commute,True,False,False,False
1371023,Non-casualty (towaway),Non-casualty (towaway),2024,2024,December,Friday,12:00 - 13:59,PARK,ST,10,West,EUROKA,RD,GLENBROOK,,No,Not a school zone,T-junction,-33.766798,150.622927,Blue Mountains,Country urban,Syd-Newc-Woll Gtr conurbation,Straight,,,,Off,Sealed,Dry,Fine,Daylight,Nil,No traffic controls,40 km/h,Local,71,Off rd left => obj,703,Left off cway into object,,Other angle,Other bus,4 wheel drive / SUV,2,0,0,0,0,12,December,Summer,Friday,12:00 - 13:59,Midday / afternoon,False,False,False,False
1371036,Non-casualty (towaway),Non-casualty (towaway),2024,2024,November,Friday,22:00 - Midnight,CAMPBELL,ST,10,West,SAMUEL,ST,SURRY HILLS,,No,Not a school zone,T-junction,-33.880344,151.212099,Sydney,Sydney metro. area,Syd-Newc-Woll Gtr conurbation,Curved,Steep grade,,,On,Sealed,Dry,Fine,Darkness,Nil,No traffic controls,40 km/h,Local,30,Rear end,301,Same - Rear end,,Rear end,Car (sedan/hatch),Car (sedan/hatch),2,0,0,0,0,11,November,Spring,Friday,22:00 - Midnight,Evening / night,False,False,False,False
1371040,Non-casualty (towaway),Non-casualty (towaway),2024,2024,November,Tuesday,16:00 - 17:59,BUNNERONG,RD,0,Right on the spot,FRANKLIN,ST,MATRAVILLE,171.0,No,Not a school zone,X-intersection,-33.960472,151.231247,Randwick,Sydney metro. area,Syd-Newc-Woll Gtr conurbation,Straight,,,,Off,Sealed,Dry,Fine,Daylight,On,No traffic controls,60 km/h,State,21,Right through,202,Opp - Right-thru,,Other angle,Car (sedan/hatch),4 wheel drive / SUV,2,0,0,0,0,11,November,Spring,Tuesday,16:00 - 17:59,PM peak / evening commute,True,False,False,False
1371042,Non-casualty (towaway),Non-casualty (towaway),2024,2024,November,Wednesday,00:01 - 01:59,POICTIERS,ST,293,North,WYATT,ST,DENILIQUIN,,No,Not a school zone,2-way undivided,-35.514688,144.946431,Edward River,Country urban,Rest of NSW - Urban,Curved,,,,Nil,Unsealed,Dry,Fine,Darkness,Nil,No traffic controls,50 km/h,Local,85,Off rt/lft bnd=>obj,804,Off left bend into obj,Right,Vehicle - Object,Station wagon,,1,0,0,0,0,11,November,Spring,Wednesday,00:01 - 01:59,Late night / early morning,False,False,False,False
1371056,Non-casualty (towaway),Non-casualty (towaway),2024,2024,December,Monday,18:00 - 19:59,PRUNE,ST,800,North,STRAUSS,ST,LAVINGTON,,No,Not a school zone,2-way undivided,-36.021897,146.939952,Albury,Country urban,Rest of NSW - Urban,Curved,Ditch/drain/culvert,,,Nil,Unsealed,Dry,Fine,Dusk,Nil,No traffic controls,50 km/h,Local,87,Off lft/lft bnd=>obj,804,Off left bend into obj,Left,Vehicle - Object,Car (sedan/hatch),,1,0,0,0,0,12,December,Summer,Monday,18:00 - 19:59,PM peak / evening commute,True,False,False,False
1371069,Non-casualty (towaway),Non-casualty (towaway),2024,2024,November,Friday,06:00 - 07:59,RICHMOND,RD,150,South,SOUTH,ST,MARSDEN PARK,537.0,No,Not a school zone,Divided road,-33.70828,150.839652,Blacktown,Sydney metro. area,Syd-Newc-Woll Gtr conurbation,Straight,,,,Off,Sealed,Wet,Overcast,Dawn,Nil,No traffic controls,80 km/h,State,30,Rear end,301,Same - Rear end,,Rear end,Car (sedan/hatch),Car (sedan/hatch),2,0,0,0,0,11,November,Spring,Friday,06:00 - 07:59,AM peak / school commute,True,False,False,False
1371085,Non-casualty (towaway),Non-casualty (towaway),2024,2024,December,Sunday,06:00 - 07:59,HUME,HWY,50,South,COOKS HILL ROAD,OP,YASS,2.0,No,Not a school zone,Divided road,-34.8079,148.930162,Yass Valley,Country non-urban,Rest of NSW - Rural,Straight,,,,Nil,Sealed,Dry,Fine,Daylight,Nil,No traffic controls,110 km/h,State,73,Off rd rght => obj,704,Right off cway into obj,,Vehicle - Object,B-double (road train prior 98),,1,0,0,0,0,12,December,Summer,Sunday,06:00 - 07:59,AM peak / school commute,True,False,False,False
1371091,Non-casualty (towaway),Non-casualty (towaway),2024,2024,December,Friday,00:01 - 01:59,ELIZABETH,ST,0,Right on the spot,DEVONSHIRE,ST,SURRY HILLS,7083.0,No,Not a school zone,X-intersection,-33.886427,151.208229,Sydney,Sydney metro. area,Syd-Newc-Woll Gtr conurbation,Straight,,,,On,Sealed,Dry,Fine,Darkness,On,No right turn,40 km/h,Regional,37,Left turn sideswipe,309,Same - Left turn side swipe,,Other angle,Car (sedan/hatch),Car (sedan/hatch),2,0,0,0,0,12,December,Summer,Friday,00:01 - 01:59,Late night / early morning,False,False,False,False
1371093,Non-casualty (towaway),Non-casualty (towaway),2024,2024,December,Wednesday,08:00 - 09:59,MILLWOOD,AVE,0,Right on the spot,NUMBER 66,HN,CHATSWOOD WEST,191.0,No,Not a school zone,Unknown,-33.792515,151.163034,Willoughby,Sydney metro. area,Syd-Newc-Woll Gtr conurbation,Curved,Driveway/entrance,,,On,Sealed,Wet,Raining,Daylight,Nil,No traffic controls,50 km/h,State,87,Off lft/lft bnd=>obj,804,Off left bend into obj,Left,Other angle,Car (sedan/hatch),Car (sedan/hatch),3,0,0,0,0,12,December,Summer,Wednesday,08:00 - 09:59,AM peak / school commute,True,False,False,False
1371096,Non-casualty (towaway),Non-casualty (towaway),2024,2024,December,Tuesday,14:00 - 15:59,M7 WESTLINK,EXP,45,West,SUNNYHOLT ROAD,TO,KINGS PARK,6009.0,No,Not a school zone,Other,-33.738787,150.917307,Blacktown,Sydney metro. area,Syd-Newc-Woll Gtr conurbation,Curved,,,,On,Sealed,Dry,Fine,Daylight,On,Ped crossing,70 km/h,State,30,Rear end,301,Same - Rear end,,Rear end,Light truck utility(from 2018),Large rigid,2,0,0,0,0,12,December,Summer,Tuesday,14:00 - 15:59,Midday / afternoon,False,False,False,False
1371124,Non-casualty (towaway),Non-casualty (towaway),2024,2024,December,Friday,20:00 - 21:59,GOLFCOURSE,WAY,0,Right on the spot,VILLAGEWOOD,DR,SUSSEX INLET,,No,Not a school zone,T-junction,-35.15276,150.571658,Shoalhaven,Country urban,Rest of NSW - Urban,Curved,,,,On,Sealed,Dry,Fine,Darkness,Nil,Give way sign,50 km/h,Local,85,Off rt/lft bnd=>obj,804,Off left bend into obj,Right,Vehicle - Object,4 wheel drive / SUV,,2,0,0,0,0,12,December,Summer,Friday,20:00 - 21:59,Evening / night,False,False,False,False
1371147,Non-casualty (towaway),Non-casualty (towaway),2024,2024,October,Thursday,16:00 - 17:59,UPPER PITT,ST,0,Right on the spot,NUMBER 61,HN,KIRRIBILLI,,No,Not a school zone,2-way undivided,-33.849256,151.216343,North Sydney,Sydney metro. area,Syd-Newc-Woll Gtr conurbation,Straight,,,,Off,Sealed,Dry,Fine,Daylight,Nil,No traffic controls,50 km/h,Local,73,Off rd rght => obj,704,Right off cway into obj,,Other angle,Car (sedan/hatch),Light truck utility(from 2018),2,0,0,0,0,10,October,Spring,Thursday,16:00 - 17:59,PM peak / evening commute,True,False,False,False
1371151,Non-casualty (towaway),Non-casualty (towaway),2024,2024,October,Sunday,04:00 - 05:59,ALBION,ST,0,Right on the spot,MORTLAKE,ST,CONCORD,,No,Not a school zone,T-junction,-33.850728,151.108381,Canada Bay,Sydney metro. area,Syd-Newc-Woll Gtr conurbation,Straight,,Police pursuit,,Off,Unsealed,Wet,Raining,Darkness,Nil,No traffic controls,40 km/h,Local,72,Off road to right,702,Off carriageway to right,,Rollover,Car (sedan/hatch),,1,0,0,0,0,10,October,Spring,Sunday,04:00 - 05:59,Late night / early morning,False,False,False,False
1371174,Non-casualty (towaway),Non-casualty (towaway),2024,2024,November,Saturday,14:00 - 15:59,PARKER,ST,0,Right on the spot,GLEBE,PL,KINGSWOOD,154.0,No,Not a school zone,X-intersection,-33.751254,150.713492,Penrith,Sydney metro. area,Syd-Newc-Woll Gtr conurbation,Straight,,,,Nil,Sealed,Dry,Fine,Daylight,Nil,Stop sign,70 km/h,State,21,Right through,202,Opp - Right-thru,,Other angle,4 wheel drive / SUV,Car (sedan/hatch),2,0,0,0,0,11,November,Spring,Saturday,14:00 - 15:59,Midday / afternoon,False,False,False,False
1371176,Non-casualty (towaway),Non-casualty (towaway),2024,2024,November,Thursday,22:00 - Midnight,PALMER,ST,0,Right on the spot,NUMBER 161,HN,DARLINGHURST,,No,Not a school zone,1-way street,-33.875612,151.216943,Sydney,Sydney metro. area,Syd-Newc-Woll Gtr conurbation,Straight,,,,Nil,Sealed,Wet,Fine,Darkness,Nil,No traffic controls,40 km/h,Local,42,Leaving parking,401,Manov - Leaving parking,,Other angle,Unknown type,Car (sedan/hatch),2,0,0,0,0,11,November,Spring,Thursday,22:00 - Midnight,Evening / night,False,False,False,False
1371190,Non-casualty (towaway),Non-casualty (towaway),2024,2024,December,Sunday,20:00 - 21:59,ADAMS,ST,0,Right on the spot,IRONBARK,RD,MUSWELLBROOK,,No,Not a school zone,T-junction,-32.282484,150.889849,Muswellbrook,Country urban,Rest of NSW - Urban,Straight,Steep grade,,,On,Sealed,Dry,Fine,Darkness,Nil,No traffic controls,50 km/h,Local,45,Reversing,404,Manov - Reverse in traffic,,Other angle,Car (sedan/hatch),4 wheel drive / SUV,2,0,0,0,0,12,December,Summer,Sunday,20:00 - 21:59,Evening / night,False,False,False,False
1371193,Non-casualty (towaway),Non-casualty (towaway),2024,2024,November,Sunday,16:00 - 17:59,HUME,HWY,100,North,ELIZABETH,DR,LIVERPOOL,2.0,No,Not a school zone,Divided road,-33.918538,150.919533,Liverpool,Sydney metro. area,Syd-Newc-Woll Gtr conurbation,Straight,,,,Nil,Sealed,Dry,Fine,Daylight,Nil,No traffic controls,60 km/h,State,33,Lane sideswipe,305,Same - Lane side swipe,,Other angle,Light truck utility(from 2018),Car (sedan/hatch),3,0,0,0,0,11,November,Spring,Sunday,16:00 - 17:59,PM peak / evening commute,True,False,False,False
1371208,Non-casualty (towaway),Non-casualty (towaway),2024,2024,December,Friday,22:00 - Midnight,ATKINS,RD,0,Right on the spot,STEVENS,ST,ERMINGTON,,No,Not a school zone,T-junction,-33.809926,151.062449,Parramatta,Sydney metro. area,Syd-Newc-Woll Gtr conurbation,Curved,Driveway/entrance,,,On,Sealed,Dry,Fine,Darkness,Nil,Give way sign,50 km/h,Local,85,Off rt/lft bnd=>obj,804,Off left bend into obj,Right,Vehicle - Object,Car (sedan/hatch),,2,0,0,0,0,12,December,Summer,Friday,22:00 - Midnight,Evening / night,False,False,False,False
1371219,Non-casualty (towaway),Non-casualty (towaway),2024,2024,December,Tuesday,06:00 - 07:59,CLINTON,ST,0,Right on the spot,KITE,ST,ORANGE,,No,Not a school zone,X-intersection,-33.284413,149.09091,Orange,Country urban,Rest of NSW - Urban,Straight,,,,Off,Sealed,Dry,Fine,Daylight,Nil,Give way sign,50 km/h,Local,10,Cross traffic,101,Adj - Cross traffic,,Right angle,Car (sedan/hatch),Car (sedan/hatch),2,0,0,0,0,12,December,Summer,Tuesday,06:00 - 07:59,AM peak / school commute,True,False,False,False
1371237,Non-casualty (towaway),Non-casualty (towaway),2024,2024,November,Friday,20:00 - 21:59,CITY WEST LINK,RD,0,Right on the spot,BALMAIN,RD,LILYFIELD,650.0,No,Not a school zone,X-intersection,-33.874916,151.160799,Inner West,Sydney metro. area,Syd-Newc-Woll Gtr conurbation,Straight,Other bridge,,,On,Sealed,Dry,Fine,Darkness,On,No traffic controls,70 km/h,State,21,Right through,202,Opp - Right-thru,,Other angle,Car (sedan/hatch),Car (sedan/hatch),2,0,0,0,0,11,November,Spring,Friday,20:00 - 21:59,Evening / night,False,False,False,False
1371244,Non-casualty (towaway),Non-casualty (towaway),2024,2024,October,Saturday,12:00 - 13:59,NEW ENGLAND,HWY,0,Right on the spot,HOWE,ST,SINGLETON,9.0,No,Not a school zone,X-intersection,-32.569044,151.180072,Singleton,Country urban,Rest of NSW - Urban,Straight,,,,Off,Sealed,Dry,Fine,Daylight,On,No traffic controls,50 km/h,State,10,Cross traffic,101,Adj - Cross traffic,,Right angle,4 wheel drive / SUV,Large rigid,2,0,0,0,0,10,October,Spring,Saturday,12:00 - 13:59,Midday / afternoon,False,False,False,False
1371288,Non-casualty (towaway),Non-casualty (towaway),2024,2024,November,Monday,16:00 - 17:59,AVOCA,DR,0,Right on the spot,ALGONA,AVE,KINCUMBER,504.0,No,Not a school zone,T-junction,-33.467289,151.37863,Central Coast,Country urban,Syd-Newc-Woll Gtr conurbation,Curved,Steep grade,,,Off,Sealed,Dry,Fine,Daylight,Nil,No traffic controls,60 km/h,State,87,Off lft/lft bnd=>obj,804,Off left bend into obj,Left,Vehicle - Object,Car (sedan/hatch),,1,0,0,0,0,11,November,Spring,Monday,16:00 - 17:59,PM peak / evening commute,True,False,False,False
1371297,Non-casualty (towaway),Non-casualty (towaway),2024,2024,October,Wednesday,20:00 - 21:59,COWPER,ST,0,Right on the spot,ILLAWARRA,ST,PORT KEMBLA,,No,Not a school zone,X-intersection,-34.48724,150.898951,Wollongong,Wollongong met. area,Syd-Newc-Woll Gtr conurbation,Curved,Steep grade,,,On,Sealed,Dry,Fine,Darkness,On,No traffic controls,50 km/h,Local,13,Right near,104,Adj - Right-thru from right,,Right angle,Car (sedan/hatch),Light truck utility(from 2018),2,0,0,0,0,10,October,Spring,Wednesday,20:00 - 21:59,Evening / night,False,False,False,False
1371319,Non-casualty (towaway),Non-casualty (towaway),2024,2024,October,Sunday,12:00 - 13:59,MORETON,ST,0,Right on the spot,THE BOULEVARDE,MS,LAKEMBA,,No,Not a school zone,Roundabout,-33.918435,151.081863,Canterbury-Bankstown,Sydney metro. area,Syd-Newc-Woll Gtr conurbation,Straight,,,,Off,Sealed,Dry,Fine,Daylight,Nil,Give way sign,50 km/h,Local,10,Cross traffic,101,Adj - Cross traffic,,Right angle,4 wheel drive / SUV,4 wheel drive / SUV,2,0,0,0,0,10,October,Spring,Sunday,12:00 - 13:59,Midday / afternoon,False,False,False,False
1371322,Non-casualty (towaway),Non-casualty (towaway),2024,2024,December,Friday,20:00 - 21:59,CAMDEN VALLEY,WAY,100,West,HILDER,ST,ELDERSLIE,178.0,No,Not a school zone,Divided road,-34.050117,150.713664,Camden,Sydney metro. area,Syd-Newc-Woll Gtr conurbation,Straight,,,,On,Sealed,Dry,Fine,Darkness,Nil,No traffic controls,70 km/h,Regional,71,Off rd left => obj,703,Left off cway into object,,Vehicle - Object,Car (sedan/hatch),,1,0,0,0,0,12,December,Summer,Friday,20:00 - 21:59,Evening / night,False,False,False,False
1371330,Non-casualty (towaway),Non-casualty (towaway),2024,2024,December,Friday,22:00 - Midnight,TATIARA,CRES,120,East,EUNGAI,PL,NORTH NARRABEEN,,No,Not a school zone,2-way undivided,-33.700236,151.287085,Northern Beaches,Sydney metro. area,Syd-Newc-Woll Gtr conurbation,Curved,Narrow roadway,,,Nil,Sealed,Dry,Fine,Darkness,Nil,No traffic controls,50 km/h,Local,87,Off lft/lft bnd=>obj,804,Off left bend into obj,Left,Other angle,Car (sedan/hatch),Car (sedan/hatch),2,0,0,0,0,12,December,Summer,Friday,22:00 - Midnight,Evening / night,False,False,False,False
1371343,Non-casualty (towaway),Non-casualty (towaway),2024,2024,December,Monday,08:00 - 09:59,BURNELL,ST,0,Right on the spot,NUMBER 60,HN,RUSSELL LEA,,No,Not a school zone,2-way undivided,-33.861391,151.146594,Canada Bay,Sydney metro. area,Syd-Newc-Woll Gtr conurbation,Straight,,,,Off,Sealed,Dry,Fine,Daylight,Nil,No traffic controls,50 km/h,Local,71,Off rd left => obj,703,Left off cway into object,,Other angle,Unknown motor vehicle,Car (sedan/hatch),2,0,0,0,0,12,December,Summer,Monday,08:00 - 09:59,AM peak / school commute,True,False,False,False
1371350,Non-casualty (towaway),Non-casualty (towaway),2024,2024,December,Friday,22:00 - Midnight,SOUTH,ST,0,Right on the spot,NUMBER 23,HN,WINDALE,,No,Not a school zone,2-way undivided,-32.990324,151.680886,Lake Macquarie,Newcastle met. area,Syd-Newc-Woll Gtr conurbation,Straight,,,,On,Sealed,Dry,Fine,Darkness,Nil,No traffic controls,60 km/h,Local,71,Off rd left => obj,703,Left off cway into object,,Vehicle - Object,4 wheel drive / SUV,,1,0,0,0,0,12,December,Summer,Friday,22:00 - Midnight,Evening / night,False,False,False,False
1371360,Non-casualty (towaway),Non-casualty (towaway),2024,2024,December,Friday,16:00 - 17:59,CURTIS,RD,15,West,THAMES,ST,BALMAIN,,No,Not a school zone,2-way undivided,-33.856957,151.183068,Inner West,Sydney metro. area,Syd-Newc-Woll Gtr conurbation,Straight,,,,Nil,Sealed,Wet,Raining,Daylight,Nil,No traffic controls,40 km/h,Local,71,Off rd left => obj,703,Left off cway into object,,Other angle,4 wheel drive / SUV,Station wagon,3,0,0,0,0,12,December,Summer,Friday,16:00 - 17:59,PM peak / evening commute,True,False,False,False
1371375,Non-casualty (towaway),Non-casualty (towaway),2024,2024,October,Thursday,16:00 - 17:59,M2 HILLS,EXP,0,Right on the spot,TUNNEL,ENT,EPPING,6002.0,No,Not a school zone,Dual freeway,-33.764301,151.090732,Hornsby,Sydney metro. area,Syd-Newc-Woll Gtr conurbation,Straight,Underpass/tunnel,,,Nil,Sealed,Dry,Fine,Daylight,Nil,No traffic controls,100 km/h,State,30,Rear end,301,Same - Rear end,,Rear end,Light truck utility(from 2018),Light truck,4,0,0,0,0,10,October,Spring,Thursday,16:00 - 17:59,PM peak / evening commute,True,False,False,False
1371378,Non-casualty (towaway),Non-casualty (towaway),2024,2024,December,Friday,14:00 - 15:59,MILSON,ST,10,South,MOTO,ST,CHARLESTOWN,,No,Not a school zone,T-junction,-32.967886,151.700389,Lake Macquarie,Newcastle met. area,Syd-Newc-Woll Gtr conurbation,Curved,Steep grade,,,Off,Sealed,Dry,Fine,Daylight,Nil,Give way sign,50 km/h,Local,87,Off lft/lft bnd=>obj,804,Off left bend into obj,Left,Other angle,4 wheel drive / SUV,Light truck utility(from 2018),2,0,0,0,0,12,December,Summer,Friday,14:00 - 15:59,Midday / afternoon,False,False,False,False
1371385,Non-casualty (towaway),Non-casualty (towaway),2024,2024,December,Saturday,22:00 - Midnight,BLENDE,ST,50,West,MCCULLOCH,LANE,BROKEN HILL,,No,Not a school zone,2-way undivided,-31.948963,141.478366,Broken Hill,Country urban,Rest of NSW - Urban,Straight,,,,Nil,Sealed,Dry,Fine,Darkness,Nil,No traffic controls,50 km/h,Local,49,Other manoeuvring,400,Manov - other,,Other angle,Light truck utility(from 2018),4 wheel drive / SUV,2,0,0,0,0,12,December,Summer,Saturday,22:00 - Midnight,Evening / night,False,False,False,False
1371405,Non-casualty (towaway),Non-casualty (towaway),2024,2024,November,Thursday,06:00 - 07:59,CYCLAMEN,PL,0,Right on the spot,EVELYN,ST,MACQUARIE FIELDS,,No,Not a school zone,T-junction,-33.996639,150.89917,Campbelltown,Sydney metro. area,Syd-Newc-Woll Gtr conurbation,Straight,,,,Off,Sealed,Dry,Fine,Dawn,Nil,No traffic controls,50 km/h,Local,40,U turn,207,Opp - U-turn,,Other angle,4 wheel drive / SUV,Car (sedan/hatch),2,0,0,0,0,11,November,Spring,Thursday,06:00 - 07:59,AM peak / school commute,True,False,False,False
1371410,Non-casualty (towaway),Non-casualty (towaway),2024,2024,November,Monday,20:00 - 21:59,PACIFIC,HWY,150,South,ALICK,ST,BELMONT,10.0,No,Not a school zone,Divided road,-33.043686,151.656646,Lake Macquarie,Newcastle met. area,Syd-Newc-Woll Gtr conurbation,Straight,,,,On,Sealed,Dry,Overcast,Darkness,Nil,No traffic controls,60 km/h,State,71,Off rd left => obj,703,Left off cway into object,,Other angle,Car (sedan/hatch),Car (sedan/hatch),2,0,0,0,0,11,November,Spring,Monday,20:00 - 21:59,Evening / night,False,False,False,False
1371421,Non-casualty (towaway),Non-casualty (towaway),2024,2024,November,Friday,18:00 - 19:59,MYRTLE,ST,20,West,PIER,ST,PROSPECT,,No,Not a school zone,2-way undivided,-33.794918,150.91079,Blacktown,Sydney metro. area,Syd-Newc-Woll Gtr conurbation,Straight,Steep grade,,,Off,Sealed,Wet,Raining,Dusk,Nil,No traffic controls,50 km/h,Local,73,Off rd rght => obj,704,Right off cway into obj,,Other angle,Car (sedan/hatch),4 wheel drive / SUV,3,0,0,0,0,11,November,Spring,Friday,18:00 - 19:59,PM peak / evening commute,True,False,False,False