crash_id,degree_of_crash,degree_of_crash_-_detailed,reporting_year,year_of_crash,month_of_crash,day_of_week_of_crash,two-hour_intervals,street_of_crash,street_type,distance,direction,identifying_feature,identifying_feature_type,town,route_no.,school_zone_location,school_zone_active,type_of_location,latitude,longitude,lga,urbanisation,conurbation_1,alignment,primary_permanent_feature,primary_temporary_feature,primary_hazardous_feature,street_lighting,road_surface,surface_condition,weather,natural_lighting,signals_operation,other_traffic_control,speed_limit,road_classification_(admin),rum_-_code,rum_-_description,dca_-_code,dca_-_description,dca_supplement,first_impact_type,key_tu_type,other_tu_type,no._of_traffic_units_involved,no._killed,no._seriously_injured,no._moderately_injured,no._minor-other_injured,month_num,month_label,season,day_label,time_label,time_band,is_peak_commute,is_fatal,is_injury,is_casualty
1371424,Non-casualty (towaway),Non-casualty (towaway),2024,2024,December,Tuesday,20:00 - 21:59,JUSTINE,PDE,0,Right on the spot,NUMBER 2,HN,RUTHERFORD,,No,Not a school zone,2-way undivided,-32.71055,151.519826,Maitland,Country urban,Rest of NSW - Urban,Straight,,,,On,Sealed,Dry,Fine,Darkness,Nil,No traffic controls,50 km/h,Local,71,Off rd left => obj,703,Left off cway into object,,Vehicle - Object,Car (sedan/hatch),,1,0,0,0,0,12,December,Summer,Tuesday,20:00 - 21:59,Evening / night,False,False,False,False
1371449,Non-casualty (towaway),Non-casualty (towaway),2024,2024,November,Monday,14:00 - 15:59,CUMBERLAND,RD,50,South,CHISWICK,RD,AUBURN,,No,Not a school zone,2-way undivided,-33.860945,151.02347,Cumberland,Sydney metro. area,Syd-Newc-Woll Gtr conurbation,Straight,,,,Off,Sealed,Dry,Fine,Daylight,Nil,No traffic controls,50 km/h,Local,42,Leaving parking,401,Manov - Leaving parking,,Other angle,Car (sedan/hatch),Car (sedan/hatch),2,0,0,0,0,11,November,Spring,Monday,14:00 - 15:59,Midday / afternoon,False,False,False,False
1371452,Non-casualty (towaway),Non-casualty (towaway),2024,2024,December,Tuesday,04:00 - 05:59,SIR JOSEPH BANKS,ST,0,Right on the spot,NUMBER 35,HN,BANKSTOWN,,No,Not a school zone,2-way undivided,-33.911419,151.039325,Canterbury-Bankstown,Sydney metro. area,Syd-Newc-Woll Gtr conurbation,Straight,,,,On,Sealed,Dry,Fine,Darkness,Nil,No traffic controls,50 km/h,Local,73,Off rd rght => obj,704,Right off cway into obj,,Vehicle - Object,Car (sedan/hatch),,1,0,0,0,0,12,December,Summer,Tuesday,04:00 - 05:59,Late night / early morning,False,False,False,False
1371461,Non-casualty (towaway),Non-casualty (towaway),2024,2024,December,Friday,22:00 - Midnight,NORTHCONNEX TUNNEL,MS,600,South,CUMBERLAND HIGHWAY,TO,BEECROFT,,No,Not a school zone,Dual freeway,-33.751493,151.051581,Hornsby,Sydney metro. area,Syd-Newc-Woll Gtr conurbation,Straight,Underpass/tunnel,,,On,Sealed,Dry,Fine,Darkness,Nil,No traffic controls,80 km/h,State,45,Reversing,404,Manov - Reverse in traffic,,Other angle,Car (sedan/hatch),4 wheel drive / SUV,2,0,0,0,0,12,December,Summer,Friday,22:00 - Midnight,Evening / night,False,False,False,False
1371466,Non-casualty (towaway),Non-casualty (towaway),2024,2024,December,Thursday,10:00 - 11:59,BANNA,AVE,0,Right on the spot,CROSSING,ST,GRIFFITH,80.0,No,Not a school zone,Roundabout,-34.289313,146.055643,Griffith,Country urban,Rest of NSW - Urban,Straight,,,,Nil,Sealed,Dry,Fine,Daylight,Nil,Give way sign,60 km/h,State,33,Lane sideswipe,305,Same - Lane side swipe,,Other angle,Semi-trailer,Car (sedan/hatch),2,0,0,0,0,12,December,Summer,Thursday,10:00 - 11:59,Midday / afternoon,False,False,False,False
1371480,Non-casualty (towaway),Non-casualty (towaway),2024,2024,October,Thursday,08:00 - 09:59,BOTTLEBRUSH,BVD,0,Right on the spot,MINMI,RD,MARYLAND,,No,Not a school zone,Roundabout,-32.881296,151.651252,Newcastle,Newcastle met. area,Syd-Newc-Woll Gtr conurbation,Curved,,,,Nil,Sealed,Dry,Fine,Daylight,Nil,Give way sign,60 km/h,Local,30,Rear end,301,Same - Rear end,,Rear end,Car (sedan/hatch),Motorcycle,2,0,0,0,0,10,October,Spring,Thursday,08:00 - 09:59,AM peak / school commute,True,False,False,False
1371518,Non-casualty (towaway),Non-casualty (towaway),2024,2024,November,Wednesday,16:00 - 17:59,PRINCES,HWY,10,North,MIOWERA,AVE,CARSS PARK,1.0,Yes,No,T-junction,-33.986717,151.112334,Georges River,Sydney metro. area,Syd-Newc-Woll Gtr conurbation,Curved,,,,Off,Sealed,Dry,Fine,Daylight,Nil,No traffic controls,70 km/h,State,30,Rear end,301,Same - Rear end,,Rear end,4 wheel drive / SUV,Car (sedan/hatch),4,0,0,0,0,11,November,Spring,Wednesday,16:00 - 17:59,PM peak / evening commute,True,False,False,False
1371520,Non-casualty (towaway),Non-casualty (towaway),2024,2024,November,Tuesday,08:00 - 09:59,PACIFIC,HWY,0,Right on the spot,ARTHUR STREET,TO,COFFS HARBOUR,10.0,No,Not a school zone,Divided road,-30.278503,153.132824,Coffs Harbour,Country urban,Rest of NSW - Urban,Straight,,,,Off,Sealed,Dry,Fine,Daylight,Nil,No traffic controls,60 km/h,State,34,Lane change right,306,Same - Lane change right,,Other angle,Station wagon,Car (sedan/hatch),2,0,0,0,0,11,November,Spring,Tuesday,08:00 - 09:59,AM peak / school commute,True,False,False,False
1371539,Non-casualty (towaway),Non-casualty (towaway),2024,2024,December,Thursday,00:01 - 01:59,CATHERINE,ST,0,Right on the spot,NUMBER 21,HN,GWYNNEVILLE,,No,Not a school zone,2-way undivided,-34.415052,150.882909,Wollongong,Wollongong met. area,Syd-Newc-Woll Gtr conurbation,Straight,,,,On,Sealed,Dry,Fine,Darkness,Nil,No traffic controls,50 km/h,Local,46,Reversing into obj,405,Manov - Reverse into fixed obj,,Other angle,Car (sedan/hatch),4 wheel drive / SUV,2,0,0,0,0,12,December,Summer,Thursday,00:01 - 01:59,Late night / early morning,False,False,False,False
1371549,Non-casualty (towaway),Non-casualty (towaway),2024,2024,November,Friday,22:00 - Midnight,DARCY,RD,0,Right on the spot,BRIDGE,RD,WESTMEAD,7481.0,No,Not a school zone,T-junction,-33.804244,150.979814,Parramatta,Sydney metro. area,Syd-Newc-Woll Gtr conurbation,Curved,,,,On,Sealed,Dry,Fine,Darkness,On,No traffic controls,50 km/h,Regional,75,Off end of road,709,Off end cway or T junct,,Vehicle - Object,Light truck utility(from 2018),,1,0,0,0,0,11,November,Spring,Friday,22:00 - Midnight,Evening / night,False,False,False,False
1371556,Non-casualty (towaway),Non-casualty (towaway),2024,2024,December,Wednesday,14:00 - 15:59,RIVER,ST,0,Right on the spot,NUMBER 181-183,HN,BALLINA,,No,Not a school zone,Divided road,-28.869827,153.558782,Ballina,Country urban,Rest of NSW - Urban,Straight,,,,Unknown / not stated,Sealed,Dry,Overcast,Daylight,Nil,No traffic controls,40 km/h,Local,49,Other manoeuvring,400,Manov - other,,Other angle,Car (sedan/hatch),,1,0,0,0,0,12,December,Summer,Wednesday,14:00 - 15:59,Midday / afternoon,False,False,False,False
1371581,Non-casualty (towaway),Non-casualty (towaway),2024,2024,October,Thursday,14:00 - 15:59,NEW ENGLAND,HWY,0,Right on the spot,NUMBER 1516,HN,HARPERS HILL,9.0,No,Not a school zone,2-way undivided,-32.693353,151.404204,Maitland,Country non-urban,Rest of NSW - Rural,Straight,,,,Nil,Sealed,Dry,Fine,Daylight,Nil,No traffic controls,90 km/h,State,74,On road-out of cont.,705,Out of control on cway,,Rollover,4 wheel drive / SUV,,1,0,0,0,0,10,October,Spring,Thursday,14:00 - 15:59,Midday / afternoon,False,False,False,False
1371591,Non-casualty (towaway),Non-casualty (towaway),2024,2024,October,Monday,02:00 - 03:59,ANZAC,ST,0,Right on the spot,NUMBER 3,HN,MIRANDA,,No,Not a school zone,2-way undivided,-34.03894,151.110014,Sutherland,Sydney metro. area,Syd-Newc-Woll Gtr conurbation,Straight,,,,Unknown / not stated,Sealed,Dry,Fine,Darkness,Nil,No traffic controls,50 km/h,Local,41,U turn into object,207,Opp - U-turn,,Other angle,Car (sedan/hatch),Car (sedan/hatch),2,0,0,0,0,10,October,Spring,Monday,02:00 - 03:59,Late night / early morning,False,False,False,False
1371607,Non-casualty (towaway),Non-casualty (towaway),2024,2024,November,Tuesday,18:00 - 19:59,CLERGATE,RD,0,Right on the spot,FARRELL,RD,ORANGE,,No,Not a school zone,T-junction,-33.255253,149.108698,Orange,Country urban,Rest of NSW - Urban,Straight,,,,Off,Sealed,Dry,Fine,Daylight,Nil,Give way sign,60 km/h,Local,13,Right near,104,Adj - Right-thru from right,,Right angle,Light truck,Light truck utility(from 2018),2,0,0,0,0,11,November,Spring,Tuesday,18:00 - 19:59,PM peak / evening commute,True,False,False,False
1371610,Non-casualty (towaway),Non-casualty (towaway),2024,2024,December,Monday,14:00 - 15:59,GREAT WESTERN,HWY,50,West,CUMBERLAND,HWY,WENTWORTHVILLE,5.0,No,Not a school zone,Divided road,-33.814245,150.963997,Cumberland,Sydney metro. area,Syd-Newc-Woll Gtr conurbation,Straight,,,,Off,Sealed,Dry,Fine,Daylight,Nil,No traffic controls,80 km/h,State,34,Lane change right,306,Same - Lane change right,,Other angle,4 wheel drive / SUV,Large rigid,2,0,0,0,0,12,December,Summer,Monday,14:00 - 15:59,Midday / afternoon,False,False,False,False
1371615,Non-casualty (towaway),Non-casualty (towaway),2024,2024,November,Tuesday,16:00 - 17:59,EUSTON,RD,100,South,MADDOX,ST,ALEXANDRIA,528.0,No,Not a school zone,Divided road,-33.906917,151.191182,Sydney,Sydney metro. area,Syd-Newc-Woll Gtr conurbation,Straight,,,,Off,Sealed,Dry,Fine,Daylight,Nil,No traffic controls,50 km/h,State,71,Off rd left => obj,703,Left off cway into object,,Other angle,Car (sedan/hatch),4 wheel drive / SUV,2,0,0,0,0,11,November,Spring,Tuesday,16:00 - 17:59,PM peak / evening commute,True,False,False,False
1371622,Non-casualty (towaway),Non-casualty (towaway),2024,2024,December,Saturday,12:00 - 13:59,SUTTON,ST,100,West,IDE,ST,HORNSBY,,No,Not a school zone,2-way undivided,-33.684865,151.096971,Hornsby,Sydney metro. area,Syd-Newc-Woll Gtr conurbation,Straight,,,,Nil,Sealed,Dry,Fine,Daylight,Nil,No traffic controls,50 km/h,Local,49,Other manoeuvring,400,Manov - other,,Other angle,Unknown type,4 wheel drive / SUV,2,0,0,0,0,12,December,Summer,Saturday,12:00 - 13:59,Midday / afternoon,False,False,False,False
1371663,Non-casualty (towaway),Non-casualty (towaway),2024,2024,December,Wednesday,22:00 - Midnight,OAKDALE,RD,0,Right on the spot,NUMBER 26,HN,GATESHEAD,,No,Not a school zone,2-way undivided,-32.990399,151.698513,Lake Macquarie,Newcastle met. area,Syd-Newc-Woll Gtr conurbation,Curved,Embankment/cutting,,,On,Sealed,Dry,Fine,Darkness,Nil,No traffic controls,60 km/h,Local,83,Off rt/rt bnd=>obj,803,Off right bend into obj,Right,Vehicle - Object,4 wheel drive / SUV,,1,0,0,0,0,12,December,Summer,Wednesday,22:00 - Midnight,Evening / night,False,False,False,False
1371678,Non-casualty (towaway),Non-casualty (towaway),2024,2024,November,Thursday,14:00 - 15:59,HUME,HWY,0,Right on the spot,MEDWAY ROAD,TO,MARULAN,2.0,No,Not a school zone,Divided road,-34.716251,150.004383,Goulburn Mulwaree,Country non-urban,Rest of NSW - Rural,Straight,,,,Nil,Sealed,Wet,Raining,Daylight,Nil,No traffic controls,110 km/h,State,73,Off rd rght => obj,704,Right off cway into obj,,Vehicle - Object,4 wheel drive / SUV,,1,0,0,0,0,11,November,Spring,Thursday,14:00 - 15:59,Midday / afternoon,False,False,False,False
1371693,Non-casualty (towaway),Non-casualty (towaway),2024,2024,October,Sunday,04:00 - 05:59,GLEBE,RD,10,West,BRUCE,ST,THE JUNCTION,188.0,No,Not a school zone,T-junction,-32.938782,151.762052,Newcastle,Newcastle met. area,Syd-Newc-Woll Gtr conurbation,Straight,,,,On,Sealed,Dry,Fine,Dawn,Nil,No traffic controls,50 km/h,Regional,71,Off rd left => obj,703,Left off cway into object,,Other angle,Car (sedan/hatch),4 wheel drive / SUV,2,0,0,0,0,10,October,Spring,Sunday,04:00 - 05:59,Late night / early morning,False,False,False,False
1371726,Non-casualty (towaway),Non-casualty (towaway),2024,2024,October,Sunday,04:00 - 05:59,NEWCASTLE,EXP,0,Right on the spot,HUE HUE ROAD,OP,WYEE,6003.0,No,Not a school zone,Dual freeway,-33.181317,151.467425,Lake Macquarie,Newcastle met. area,Syd-Newc-Woll Gtr conurbation,Straight,Underpass/tunnel,,,Nil,Sealed,Dry,Fine,Darkness,Nil,No traffic controls,110 km/h,State,71,Off rd left => obj,703,Left off cway into object,,Vehicle - Object,Car (sedan/hatch),,1,0,0,0,0,10,October,Spring,Sunday,04:00 - 05:59,Late night / early morning,False,False,False,False
1371734,Non-casualty (towaway),Non-casualty (towaway),2024,2024,November,Thursday,14:00 - 15:59,M2 HILLS,EXP,2000,West,BEECROFT ROAD,OP,BEECROFT,6002.0,No,Not a school zone,Dual freeway,-33.757061,151.059915,Parramatta,Sydney metro. area,Syd-Newc-Woll Gtr conurbation,Curved,,,,Off,Sealed,Dry,Fine,Daylight,Nil,No traffic controls,100 km/h,State,33,Lane sideswipe,305,Same - Lane side swipe,,Other angle,Unknown motor vehicle,Passenger van,3,0,0,0,0,11,November,Spring,Thursday,14:00 - 15:59,Midday / afternoon,False,False,False,False
1371759,Non-casualty (towaway),Non-casualty (towaway),2024,2024,December,Sunday,06:00 - 07:59,FREEMANS,DR,0,Right on the spot,NUMBER 628,HN,COORANBONG,,No,Not a school zone,2-way undivided,-33.072935,151.459427,Lake Macquarie,Newcastle met. area,Syd-Newc-Woll Gtr conurbation,Straight,B'down lane/road shldr,,,Off,Sealed,Dry,Fine,Daylight,Nil,No traffic controls,60 km/h,Local,71,Off rd left => obj,703,Left off cway into object,,Vehicle - Object,Car (sedan/hatch),,2,0,0,0,0,12,December,Summer,Sunday,06:00 - 07:59,AM peak / school commute,True,False,False,False
1371762,Non-casualty (towaway),Non-casualty (towaway),2024,2024,August,Sunday,18:00 - 19:59,HUME,HWY,2000,North,PICTON ROAD,OP,WILTON,2.0,No,Not a school zone,Dual freeway,-34.216244,150.682328,Wollondilly,Country non-urban,Syd-Newc-Woll Gtr conurbation,Straight,,,,Nil,Sealed,Dry,Fine,Darkness,Nil,No traffic controls,110 km/h,State,30,Rear end,301,Same - Rear end,,Rear end,4 wheel drive / SUV,Light truck utility(from 2018),4,0,0,0,0,8,August,Winter,Sunday,18:00 - 19:59,PM peak / evening commute,True,False,False,False
1371765,Non-casualty (towaway),Non-casualty (towaway),2024,2024,November,Sunday,00:01 - 01:59,CARCOAR,ST,0,Right on the spot,ROWLANDS,ST,BLAYNEY,,No,Not a school zone,T-junction,-33.534411,149.248467,Blayney,Country urban,Rest of NSW - Urban,Straight,,,,On,Sealed,Dry,Fine,Darkness,Nil,Give way sign,50 km/h,Local,88,Out of cont on bend,706,Left turn,,Rollover,Car (sedan/hatch),,1,0,0,0,0,11,November,Spring,Sunday,00:01 - 01:59,Late night / early morning,False,False,False,False
1371777,Non-casualty (towaway),Non-casualty (towaway),2024,2024,October,Tuesday,20:00 - 21:59,STATION,ST,0,Right on the spot,NUMBER 58,HN,ROOTY HILL,,No,Not a school zone,2-way undivided,-33.766393,150.845212,Blacktown,Sydney metro. area,Syd-Newc-Woll Gtr conurbation,Straight,,,,Nil,Sealed,Dry,Fine,Darkness,Nil,No traffic controls,50 km/h,Local,49,Other manoeuvring,400,Manov - other,,Other angle,Unknown type,Car (sedan/hatch),2,0,0,0,0,10,October,Spring,Tuesday,20:00 - 21:59,Evening / night,False,False,False,False
1371779,Non-casualty (towaway),Non-casualty (towaway),2024,2024,December,Friday,14:00 - 15:59,PROVINCIAL,RD,10,West,COOK,RD,LINDFIELD,,No,Not a school zone,X-intersection,-33.775182,151.159172,Ku-ring-gai,Sydney metro. area,Syd-Newc-Woll Gtr conurbation,Straight,,,,Off,Sealed,Dry,Fine,Daylight,Nil,Stop sign,50 km/h,Local,30,Rear end,301,Same - Rear end,,Rear end,Car (sedan/hatch),Car (sedan/hatch),2,0,0,0,0,12,December,Summer,Friday,14:00 - 15:59,Midday / afternoon,False,False,False,False
1371803,Non-casualty (towaway),Non-casualty (towaway),2024,2024,November,Wednesday,14:00 - 15:59,ADAMS,ST,0,Right on the spot,CARRINGTON,PDE,CURL CURL,2102.0,No,Not a school zone,Roundabout,-33.769083,151.294066,Northern Beaches,Sydney metro. area,Syd-Newc-Woll Gtr conurbation,Straight,,,,Nil,Sealed,Dry,Fine,Daylight,Nil,Give way sign,50 km/h,Regional,11,Right far,102,Adj - Right-thru from left,,Right angle,Motorcycle,Unknown motor vehicle,2,0,0,0,0,11,November,Spring,Wednesday,14:00 - 15:59,Midday / afternoon,False,False,False,False
1371806,Non-casualty (towaway),Non-casualty (towaway),2024,2024,December,Thursday,20:00 - 21:59,QUAKERS,RD,0,Right on the spot,NUMBER 309,HN,QUAKERS HILL,7475.0,No,Not a school zone,2-way undivided,-33.731185,150.877983,Blacktown,Sydney metro. area,Syd-Newc-Woll Gtr conurbation,Straight,,,,Unknown / not stated,Sealed,Unknown,Unknown,Darkness,Nil,No traffic controls,60 km/h,Regional,71,Off rd left => obj,703,Left off cway into object,,Vehicle - Object,Light truck utility(from 2018),,1,0,0,0,0,12,December,Summer,Thursday,20:00 - 21:59,Evening / night,False,False,False,False
1371808,Non-casualty (towaway),Non-casualty (towaway),2024,2024,December,Tuesday,16:00 - 17:59,BEACON HILL,RD,0,Right on the spot,OLD PITTWATER ROAD,TO,BROOKVALE,7346.0,Yes,No,Divided road,-33.762472,151.269827,Northern Beaches,Sydney metro. area,Syd-Newc-Woll Gtr conurbation,Curved,,,,Nil,Sealed,Dry,Fine,Daylight,Nil,No traffic controls,50 km/h,Regional,45,Reversing,404,Manov - Reverse in traffic,,Other angle,4 wheel drive / SUV,4 wheel drive / SUV,2,0,0,0,0,12,December,Summer,Tuesday,16:00 - 17:59,PM peak / evening commute,True,False,False,False
1371817,Non-casualty (towaway),Non-casualty (towaway),2024,2024,November,Wednesday,22:00 - Midnight,CENTENARY,DR,360,North,HUME HIGHWAY,TO,STRATHFIELD,200.0,No,Not a school zone,Other,-33.883381,151.069351,Strathfield,Sydney metro. area,Syd-Newc-Woll Gtr conurbation,Straight,,Police pursuit,,On,Sealed,Dry,Fine,Darkness,Nil,No traffic controls,70 km/h,State,33,Lane sideswipe,305,Same - Lane side swipe,,Other angle,Car (sedan/hatch),4 wheel drive / SUV,2,0,0,0,0,11,November,Spring,Wednesday,22:00 - Midnight,Evening / night,False,False,False,False
1371826,Non-casualty (towaway),Non-casualty (towaway),2024,2024,September,Thursday,08:00 - 09:59,SOUTH,ST,50,East,CLYDE,ST,RYDALMERE,,No,Not a school zone,2-way undivided,-33.81426,151.033295,Parramatta,Sydney metro. area,Syd-Newc-Woll Gtr conurbation,Straight,,,,Nil,Sealed,Dry,Fine,Daylight,Nil,No traffic controls,50 km/h,Local,71,Off rd left => obj,703,Left off cway into object,,Other angle,Unknown motor vehicle,4 wheel drive / SUV,2,0,0,0,0,9,September,Spring,Thursday,08:00 - 09:59,AM peak / school commute,True,False,False,False
1371834,Non-casualty (towaway),Non-casualty (towaway),2024,2024,October,Thursday,18:00 - 19:59,ALFRED,RD,0,Right on the spot,RIVERSIDE,RD,CHIPPING NORTON,,No,Not a school zone,T-junction,-33.922975,150.968621,Liverpool,Sydney metro. area,Syd-Newc-Woll Gtr conurbation,Straight,,,,Nil,Sealed,Dry,Fine,Darkness,Nil,No traffic controls,50 km/h,Local,19,Other adjacent,100,Adj - other,,Right angle,Unknown motor vehicle,Car (sedan/hatch),3,0,0,0,0,10,October,Spring,Thursday,18:00 - 19:59,PM peak / evening commute,True,False,False,False
1371921,Non-casualty (towaway),Non-casualty (towaway),2024,2024,October,Friday,18:00 - 19:59,WINDSOR,RD,50,North,RIFLE RANGE,RD,WINSTON HILLS,184.0,No,Not a school zone,2-way undivided,-33.774576,151.00124,Parramatta,Sydney metro. area,Syd-Newc-Woll Gtr conurbation,Straight,,,,Off,Sealed,Dry,Overcast,Dusk,Nil,No traffic controls,60 km/h,State,35,Lane change left,307,Same - Lane change left,,Other angle,Unknown motor vehicle,Car (sedan/hatch),2,0,0,0,0,10,October,Spring,Friday,18:00 - 19:59,PM peak / evening commute,True,False,False,False
1371962,Non-casualty (towaway),Non-casualty (towaway),2024,2024,December,Saturday,10:00 - 11:59,COLLEGE,ST,120,South,ELIZABETH,ST,LIVERPOOL,,No,Not a school zone,2-way undivided,-33.922011,150.929038,Liverpool,Sydney metro. area,Syd-Newc-Woll Gtr conurbation,Straight,,,,Off,Sealed,Wet,Raining,Daylight,Nil,No traffic controls,30 km/h,Local,73,Off rd rght => obj,704,Right off cway into obj,,Other angle,Car (sedan/hatch),Car (sedan/hatch),5,0,0,0,0,12,December,Summer,Saturday,10:00 - 11:59,Midday / afternoon,False,False,False,False
1371991,Non-casualty (towaway),Non-casualty (towaway),2024,2024,December,Monday,00:01 - 01:59,OCEAN VIEW,DR,0,Right on the spot,NUMBER 95,HN,WAMBERAL,7755.0,No,Not a school zone,2-way undivided,-33.43295,151.444786,Central Coast,Country urban,Syd-Newc-Woll Gtr conurbation,Straight,,,,On,Unsealed,Dry,Fine,Darkness,Nil,No traffic controls,50 km/h,Regional,71,Off rd left => obj,703,Left off cway into object,,Vehicle - Object,Station wagon,,1,0,0,0,0,12,December,Summer,Monday,00:01 - 01:59,Late night / early morning,False,False,False,False
1372001,Non-casualty (towaway),Non-casualty (towaway),2024,2024,November,Wednesday,10:00 - 11:59,WESTERN,EXP,150,West,WOODVILLE ROAD,TO,HOLROYD,6004.0,No,Not a school zone,Other,-33.827617,151.002132,Cumberland,Sydney metro. area,Syd-Newc-Woll Gtr conurbation,Straight,,,,Nil,Sealed,Dry,Unknown,Daylight,Nil,No traffic controls,90 km/h,State,35,Lane change left,307,Same - Lane change left,,Other angle,4 wheel drive / SUV,Car (sedan/hatch),2,0,0,0,0,11,November,Spring,Wednesday,10:00 - 11:59,Midday / afternoon,False,False,False,False
1372015,Non-casualty (towaway),Non-casualty (towaway),2024,2024,December,Tuesday,16:00 - 17:59,BROCKLEY,ST,0,Right on the spot,DENISON,ST,ROZELLE,,No,Not a school zone,T-junction,-33.868095,151.169032,Inner West,Sydney metro. area,Syd-Newc-Woll Gtr conurbation,Curved,,,,Nil,Sealed,Dry,Fine,Daylight,Nil,No traffic controls,50 km/h,Local,81,Off left/rt bnd=>obj,707,Right turn,Left,Other angle,4 wheel drive / SUV,4 wheel drive / SUV,2,0,0,0,0,12,December,Summer,Tuesday,16:00 - 17:59,PM peak / evening commute,True,False,False,False
1372061,Non-casualty (towaway),Non-casualty (towaway),2024,2024,October,Wednesday,02:00 - 03:59,PACIFIC,HWY,0,Right on the spot,NUMBER 62,HN,CHARLESTOWN,10.0,No,Not a school zone,Divided road,-32.973705,151.691872,Lake Macquarie,Newcastle met. area,Syd-Newc-Woll Gtr conurbation,Curved,Steep grade,,,On,Sealed,Dry,Fine,Darkness,Nil,No traffic controls,60 km/h,State,81,Off left/rt bnd=>obj,803,Off right bend into obj,Left,Vehicle - Object,Light truck utility(from 2018),,1,0,0,0,0,10,October,Spring,Wednesday,02:00 - 03:59,Late night / early morning,False,False,False,False
1372081,Non-casualty (towaway),Non-casualty (towaway),2024,2024,November,Sunday,16:00 - 17:59,BIGGE,ST,0,Right on the spot,NUMBER 62-66,HN,LIVERPOOL,,Yes,No,2-way undivided,-33.918645,150.927687,Liverpool,Sydney metro. area,Syd-Newc-Woll Gtr conurbation,Straight,,,,Off,Sealed,Dry,Fine,Daylight,Nil,No traffic controls,40 km/h,Local,49,Other manoeuvring,400,Manov - other,,Other angle,Car (sedan/hatch),4 wheel drive / SUV,2,0,0,0,0,11,November,Spring,Sunday,16:00 - 17:59,PM peak / evening commute,True,False,False,False
1372083,Non-casualty (towaway),Non-casualty (towaway),2024,2024,November,Tuesday,22:00 - Midnight,CARCOOLA,ST,0,Right on the spot,FALLON,ST,NORTH ALBURY,,No,Not a school zone,T-junction,-36.06403,146.939285,Albury,Country urban,Rest of NSW - Urban,Straight,Other bridge,,,On,Sealed,Dry,Fine,Darkness,Nil,Give way sign,50 km/h,Local,73,Off rd rght => obj,704,Right off cway into obj,,Vehicle - Object,Car (sedan/hatch),,1,0,0,0,0,11,November,Spring,Tuesday,22:00 - Midnight,Evening / night,False,False,False,False
1372084,Non-casualty (towaway),Non-casualty (towaway),2024,2024,October,Saturday,22:00 - Midnight,AVOCA,DR,0,Right on the spot,NUMBER 284,HN,GREEN POINT,504.0,No,Not a school zone,Divided road,-33.458249,151.357094,Central Coast,Country urban,Syd-Newc-Woll Gtr conurbation,Straight,Embankment/cutting,,,On,Sealed,Dry,Fine,Darkness,Nil,No traffic controls,60 km/h,State,71,Off rd left => obj,703,Left off cway into object,,Vehicle - Object,Car (sedan/hatch),,1,0,0,0,0,10,October,Spring,Saturday,22:00 - Midnight,Evening / night,False,False,False,False
1372087,Non-casualty (towaway),Non-casualty (towaway),2024,2024,November,Friday,22:00 - Midnight,HEADLAND,RD,0,Right on the spot,NUMBER 52,HN,ANGLERS REACH,,No,Not a school zone,2-way undivided,-36.009437,148.662553,Snowy Monaro Regional,Country urban,Rest of NSW - Urban,Straight,,,,Nil,Sealed,Dry,Fine,Darkness,Nil,No traffic controls,50 km/h,Local,73,Off rd rght => obj,704,Right off cway into obj,,Vehicle - Object,Utility,,1,0,0,0,0,11,November,Spring,Friday,22:00 - Midnight,Evening / night,False,False,False,False
1372089,Non-casualty (towaway),Non-casualty (towaway),2024,2024,October,Thursday,14:00 - 15:59,WEST,RD,550,West,BOORGA,RD,NERICON,,No,Not a school zone,2-way undivided,-34.206619,146.036648,Griffith,Country non-urban,Rest of NSW - Rural,Straight,Other bridge,,Potholes/corrugations/rough,Nil,Unsealed,Dry,Fine,Daylight,Nil,No traffic controls,100 km/h,Local,71,Off rd left => obj,703,Left off cway into object,,Vehicle - Object,Car (sedan/hatch),,1,0,0,0,0,10,October,Spring,Thursday,14:00 - 15:59,Midday / afternoon,False,False,False,False
1372091,Non-casualty (towaway),Non-casualty (towaway),2024,2024,December,Tuesday,00:01 - 01:59,PACIFIC,HWY,1000,South,NERONG,RD,NERONG,10.0,No,Not a school zone,Divided road,-32.547179,152.159487,Mid-Coast,Country non-urban,Rest of NSW - Rural,Curved,,,,On,Sealed,Dry,Fine,Darkness,Nil,No traffic controls,110 km/h,State,82,Off right/right bend,801,Off cway right bend,Right,Rollover,B-double (road train prior 98),,1,0,0,0,0,12,December,Summer,Tuesday,00:01 - 01:59,Late night / early morning,False,False,False,False
1372100,Non-casualty (towaway),Non-casualty (towaway),2024,2024,October,Thursday,18:00 - 19:59,GREAT WESTERN,HWY,0,Right on the spot,STOCKLAND,DR,KELSO,5.0,No,Not a school zone,T-junction,-33.41859,149.601598,Bathurst Regional,Country urban,Rest of NSW - Urban,Straight,,,,Off,Sealed,Dry,Fine,Daylight,On,No traffic controls,70 km/h,State,21,Right through,202,Opp - Right-thru,,Other angle,Car (sedan/hatch),Light truck utility(from 2018),2,0,0,0,0,10,October,Spring,Thursday,18:00 - 19:59,PM peak / evening commute,True,False,False,False