crash_id,degree_of_crash,degree_of_crash_-_detailed,reporting_year,year_of_crash,month_of_crash,day_of_week_of_crash,two-hour_intervals,street_of_crash,street_type,distance,direction,identifying_feature,identifying_feature_type,town,route_no.,school_zone_location,school_zone_active,type_of_location,latitude,longitude,lga,urbanisation,conurbation_1,alignment,primary_permanent_feature,primary_temporary_feature,primary_hazardous_feature,street_lighting,road_surface,surface_condition,weather,natural_lighting,signals_operation,other_traffic_control,speed_limit,road_classification_(admin),rum_-_code,rum_-_description,dca_-_code,dca_-_description,dca_supplement,first_impact_type,key_tu_type,other_tu_type,no._of_traffic_units_involved,no._killed,no._seriously_injured,no._moderately_injured,no._minor-other_injured,month_num,month_label,season,day_label,time_label,time_band,is_peak_commute,is_fatal,is_injury,is_casualty
1372108,Non-casualty (towaway),Non-casualty (towaway),2024,2024,December,Wednesday,14:00 - 15:59,FAIRMILE,CL,0,Right on the spot,NUMBER 6,HN,CHARMHAVEN,,No,Not a school zone,2-way undivided,-33.23969,151.494837,Central Coast,Country urban,Syd-Newc-Woll Gtr conurbation,Straight,,,,Unknown / not stated,Sealed,Dry,Fine,Daylight,Nil,No traffic controls,50 km/h,Local,73,Off rd rght => obj,704,Right off cway into obj,,Other angle,Car (sedan/hatch),4 wheel drive / SUV,2,0,0,0,0,12,December,Summer,Wednesday,14:00 - 15:59,Midday / afternoon,False,False,False,False
1372128,Non-casualty (towaway),Non-casualty (towaway),2024,2024,October,Wednesday,20:00 - 21:59,CHIFLEY,ST,0,Right on the spot,DUBLIN,ST,SMITHFIELD,,No,Not a school zone,Roundabout,-33.847267,150.926173,Fairfield,Sydney metro. area,Syd-Newc-Woll Gtr conurbation,Straight,,,,On,Sealed,Dry,Fine,Dusk,Nil,Give way sign,50 km/h,Local,10,Cross traffic,101,Adj - Cross traffic,,Right angle,Car (sedan/hatch),4 wheel drive / SUV,2,0,0,0,0,10,October,Spring,Wednesday,20:00 - 21:59,Evening / night,False,False,False,False
1372133,Non-casualty (towaway),Non-casualty (towaway),2024,2024,December,Friday,04:00 - 05:59,PUNCHBOWL,RD,0,Right on the spot,SOUTH,TCE,PUNCHBOWL,549.0,No,Not a school zone,T-junction,-33.92602,151.053995,Canterbury-Bankstown,Sydney metro. area,Syd-Newc-Woll Gtr conurbation,Straight,Steep grade,,,Unknown / not stated,Sealed,Wet,Raining,Darkness,On,No traffic controls,60 km/h,State,84,Off right/left bend,706,Left turn,Right,Rollover,Car (sedan/hatch),,1,0,0,0,0,12,December,Summer,Friday,04:00 - 05:59,Late night / early morning,False,False,False,False
1372134,Non-casualty (towaway),Non-casualty (towaway),2024,2024,October,Thursday,22:00 - Midnight,JERRARA,RD,50,North,OAK VALLEY,RD,MARULAN,,No,Not a school zone,2-way undivided,-34.773692,149.96401,Goulburn Mulwaree,Country urban,Rest of NSW - Urban,Curved,,,,Unknown / not stated,Sealed,Dry,Fine,Darkness,Nil,No traffic controls,80 km/h,Local,84,Off right/left bend,802,Off cway left bend,Right,Rollover,4 wheel drive / SUV,,1,0,0,0,0,10,October,Spring,Thursday,22:00 - Midnight,Evening / night,False,False,False,False
1372136,Non-casualty (towaway),Non-casualty (towaway),2024,2024,November,Sunday,22:00 - Midnight,BARBER,ST,0,Right on the spot,NUMBER 15,HN,MAYFIELD,,No,Not a school zone,2-way undivided,-32.897382,151.740568,Newcastle,Newcastle met. area,Syd-Newc-Woll Gtr conurbation,Straight,Steep grade,,,Unknown / not stated,Sealed,Wet,Raining,Darkness,Nil,No traffic controls,50 km/h,Local,49,Other manoeuvring,400,Manov - other,,Other angle,4 wheel drive / SUV,Light truck,2,0,0,0,0,11,November,Spring,Sunday,22:00 - Midnight,Evening / night,False,False,False,False
1372137,Non-casualty (towaway),Non-casualty (towaway),2024,2024,November,Friday,08:00 - 09:59,WESTERN,EXP,70,East,M7 WESTLINK EXPRESSWAY,OP,EASTERN CREEK,6004.0,No,Not a school zone,Dual freeway,-33.798155,150.855121,Blacktown,Sydney metro. area,Syd-Newc-Woll Gtr conurbation,Straight,Underpass/tunnel,,,Unknown / not stated,Sealed,Wet,Overcast,Daylight,Nil,No traffic controls,100 km/h,State,30,Rear end,301,Same - Rear end,,Rear end,Station wagon,4 wheel drive / SUV,2,0,0,0,0,11,November,Spring,Friday,08:00 - 09:59,AM peak / school commute,True,False,False,False
1372145,Non-casualty (towaway),Non-casualty (towaway),2024,2024,November,Monday,14:00 - 15:59,TANTAWANGALO MOUNTAIN,RD,50,North,TIN MINE,RD,CATHCART,275.0,No,Not a school zone,2-way undivided,-36.803836,149.461456,Snowy Monaro Regional,Country non-urban,Rest of NSW - Rural,Straight,,,,Unknown / not stated,Unsealed,Dry,Fine,Daylight,Nil,No traffic controls,100 km/h,Regional,71,Off rd left => obj,703,Left off cway into object,,Vehicle - Object,4 wheel drive / SUV,,1,0,0,0,0,11,November,Spring,Monday,14:00 - 15:59,Midday / afternoon,False,False,False,False
1372148,Non-casualty (towaway),Non-casualty (towaway),2024,2024,October,Thursday,16:00 - 17:59,EPPING,RD,0,Right on the spot,COXS,LANE,LANE COVE,373.0,No,Not a school zone,T-junction,-33.811644,151.167809,Lane Cove,Sydney metro. area,Syd-Newc-Woll Gtr conurbation,Straight,Bus/transit lane,,,Unknown / not stated,Sealed,Dry,Fine,Daylight,On,Stop sign,60 km/h,State,21,Right through,202,Opp - Right-thru,,Other angle,4 wheel drive / SUV,Motor scooter,2,0,0,0,0,10,October,Spring,Thursday,16:00 - 17:59,PM peak / evening commute,True,False,False,False
1372150,Non-casualty (towaway),Non-casualty (towaway),2024,2024,December,Monday,10:00 - 11:59,FOX,ST,0,Right on the spot,MARTIN,ST,BALLINA,,No,Not a school zone,X-intersection,-28.863937,153.567929,Ballina,Country urban,Rest of NSW - Urban,Straight,,,,Unknown / not stated,Sealed,Wet,Raining,Daylight,Nil,Give way sign,50 km/h,Local,10,Cross traffic,101,Adj - Cross traffic,,Right angle,Large rigid,Station wagon,2,0,0,0,0,12,December,Summer,Monday,10:00 - 11:59,Midday / afternoon,False,False,False,False
1372153,Non-casualty (towaway),Non-casualty (towaway),2024,2024,November,Saturday,22:00 - Midnight,DUNNA,PL,0,Right on the spot,MINNEK,CL,GLENMORE PARK,,No,Not a school zone,T-junction,-33.790546,150.681846,Penrith,Sydney metro. area,Syd-Newc-Woll Gtr conurbation,Curved,Driveway/entrance,,,Unknown / not stated,Sealed,Dry,Fine,Darkness,Nil,Give way sign,50 km/h,Local,75,Off end of road,709,Off end cway or T junct,,Vehicle - Object,Car (sedan/hatch),,1,0,0,0,0,11,November,Spring,Saturday,22:00 - Midnight,Evening / night,False,False,False,False
1372154,Non-casualty (towaway),Non-casualty (towaway),2024,2024,October,Saturday,08:00 - 09:59,CENTRAL COAST,HWY,1000,North,MAGENTA,DR,MAGENTA,30.0,No,Not a school zone,2-way undivided,-33.303538,151.527032,Central Coast,Country urban,Syd-Newc-Woll Gtr conurbation,Straight,,,,Unknown / not stated,Sealed,Dry,Fine,Daylight,Nil,No traffic controls,80 km/h,State,40,U turn,304,Same - U-turn,,Other angle,Car (sedan/hatch),Car (sedan/hatch),2,0,0,0,0,10,October,Spring,Saturday,08:00 - 09:59,AM peak / school commute,True,False,False,False
1372167,Non-casualty (towaway),Non-casualty (towaway),2024,2024,November,Wednesday,16:00 - 17:59,M2 HILLS,EXP,500,West,CUMBERLAND HIGHWAY,OP,CARLINGFORD,6002.0,No,Not a school zone,Dual freeway,-33.761124,151.036271,The Hills,Sydney metro. area,Syd-Newc-Woll Gtr conurbation,Curved,,,,Unknown / not stated,Sealed,Dry,Fine,Daylight,Nil,No traffic controls,100 km/h,State,30,Rear end,301,Same - Rear end,,Rear end,4 wheel drive / SUV,Car (sedan/hatch),2,0,0,0,0,11,November,Spring,Wednesday,16:00 - 17:59,PM peak / evening commute,True,False,False,False
1372169,Non-casualty (towaway),Non-casualty (towaway),2024,2024,December,Monday,18:00 - 19:59,OLD NORTHERN,RD,0,Right on the spot,PARSONAGE,RD,CASTLE HILL,160.0,No,Not a school zone,T-junction,-33.738067,151.000999,The Hills,Sydney metro. area,Syd-Newc-Woll Gtr conurbation,Straight,,,,Unknown / not stated,Sealed,Dry,Fine,Daylight,Nil,Stop sign,60 km/h,State,13,Right near,104,Adj - Right-thru from right,,Right angle,4 wheel drive / SUV,Car (sedan/hatch),3,0,0,0,0,12,December,Summer,Monday,18:00 - 19:59,PM peak / evening commute,True,False,False,False
1372175,Non-casualty (towaway),Non-casualty (towaway),2024,2024,December,Tuesday,16:00 - 17:59,WALL PARK,AVE,0,Right on the spot,OLDFIELD,RD,SEVEN HILLS,644.0,Yes,No,T-junction,-33.776594,150.926053,Blacktown,Sydney metro. area,Syd-Newc-Woll Gtr conurbation,Straight,,,,Unknown / not stated,Sealed,Dry,Fine,Daylight,Nil,No traffic controls,60 km/h,State,16,Left near,107,Adj - Left-thru from right,,Right angle,Car (sedan/hatch),Car (sedan/hatch),2,0,0,0,0,12,December,Summer,Tuesday,16:00 - 17:59,PM peak / evening commute,True,False,False,False
1372179,Non-casualty (towaway),Non-casualty (towaway),2024,2024,November,Wednesday,20:00 - 21:59,NEW SOUTH HEAD,RD,20,East,O'SULLIVAN,RD,ROSE BAY,173.0,No,Not a school zone,2-way undivided,-33.872504,151.260039,Woollahra,Sydney metro. area,Syd-Newc-Woll Gtr conurbation,Straight,,,,Unknown / not stated,Sealed,Wet,Raining,Darkness,Nil,No traffic controls,60 km/h,State,33,Lane sideswipe,305,Same - Lane side swipe,,Other angle,4 wheel drive / SUV,Car (sedan/hatch),4,0,0,0,0,11,November,Spring,Wednesday,20:00 - 21:59,Evening / night,False,False,False,False
1372181,Non-casualty (towaway),Non-casualty (towaway),2024,2024,November,Friday,14:00 - 15:59,PRINCES,HWY,266,North,THE BOULEVARDE,MS,KAREELA,1.0,No,Not a school zone,Divided road,-34.025451,151.087138,Sutherland,Sydney metro. area,Syd-Newc-Woll Gtr conurbation,Curved,,,,Unknown / not stated,Sealed,Wet,Raining,Daylight,Nil,No traffic controls,70 km/h,State,39,Other same direction,300,Same - other,,Other angle,Car (sedan/hatch),4 wheel drive / SUV,2,0,0,0,0,11,November,Spring,Friday,14:00 - 15:59,Midday / afternoon,False,False,False,False
1372184,Non-casualty (towaway),Non-casualty (towaway),2024,2024,November,Thursday,18:00 - 19:59,COMMERCIAL,RD,0,Right on the spot,MCCOMBE,AVE,ROUSE HILL,,No,Not a school zone,T-junction,-33.686034,150.924914,The Hills,Sydney metro. area,Syd-Newc-Woll Gtr conurbation,Straight,Steep grade,,,Unknown / not stated,Sealed,Dry,Fine,Daylight,Nil,Give way sign,60 km/h,Local,13,Right near,104,Adj - Right-thru from right,,Right angle,4 wheel drive / SUV,Car (sedan/hatch),2,0,0,0,0,11,November,Spring,Thursday,18:00 - 19:59,PM peak / evening commute,True,False,False,False
1372186,Non-casualty (towaway),Non-casualty (towaway),2024,2024,December,Monday,16:00 - 17:59,CROSS,ST,0,Right on the spot,STANLEY,ST,BANKSTOWN,,No,Not a school zone,T-junction,-33.921149,151.038257,Canterbury-Bankstown,Sydney metro. area,Syd-Newc-Woll Gtr conurbation,Straight,,,,Unknown / not stated,Sealed,Dry,Fine,Daylight,Nil,No traffic controls,50 km/h,Local,11,Right far,102,Adj - Right-thru from left,,Right angle,Car (sedan/hatch),4 wheel drive / SUV,2,0,0,0,0,12,December,Summer,Monday,16:00 - 17:59,PM peak / evening commute,True,False,False,False
1372188,Non-casualty (towaway),Non-casualty (towaway),2024,2024,April,Saturday,20:00 - 21:59,FEDERATION,WAY,200,South,HANRAHANS,RD,DAYSDALE,131.0,No,Not a school zone,2-way undivided,-35.674367,146.327052,Federation,Country non-urban,Rest of NSW - Rural,Straight,,,,Unknown / not stated,Sealed,Wet,Raining,Darkness,Nil,No traffic controls,100 km/h,Regional,72,Off road to right,702,Off carriageway to right,,Rollover,Light truck utility(from 2018),,1,0,0,0,0,4,April,Autumn,Saturday,20:00 - 21:59,Evening / night,False,False,False,False
1372193,Non-casualty (towaway),Non-casualty (towaway),2024,2024,November,Friday,20:00 - 21:59,RICHMOND,RD,40,East,STONE,ST,GLENDENNING,643.0,No,Not a school zone,Divided road,-33.737142,150.853318,Blacktown,Sydney metro. area,Syd-Newc-Woll Gtr conurbation,Straight,Driveway/entrance,,,Unknown / not stated,Sealed,Wet,Raining,Darkness,Nil,No traffic controls,70 km/h,State,47,Emerging from drive,406,Manov - Emerging from driveway,,Right angle,4 wheel drive / SUV,Car (sedan/hatch),2,0,0,0,0,11,November,Spring,Friday,20:00 - 21:59,Evening / night,False,False,False,False
1372194,Non-casualty (towaway),Non-casualty (towaway),2024,2024,December,Tuesday,16:00 - 17:59,FREDERICK,ST,0,Right on the spot,NUMBER 156,HN,ASHFIELD,650.0,No,Not a school zone,2-way undivided,-33.877461,151.128619,Inner West,Sydney metro. area,Syd-Newc-Woll Gtr conurbation,Straight,,,,Unknown / not stated,Sealed,Dry,Fine,Daylight,Nil,No traffic controls,50 km/h,State,49,Other manoeuvring,400,Manov - other,,Other angle,Car (sedan/hatch),Car (sedan/hatch),2,0,0,0,0,12,December,Summer,Tuesday,16:00 - 17:59,PM peak / evening commute,True,False,False,False
1372196,Non-casualty (towaway),Non-casualty (towaway),2024,2024,December,Thursday,10:00 - 11:59,NEWELL,HWY,0,Right on the spot,BUNNINGS,ENT,FORBES,17.0,No,Not a school zone,2-way undivided,-33.372247,148.018381,Forbes,Country urban,Rest of NSW - Urban,Straight,Driveway/entrance,,,Unknown / not stated,Sealed,Dry,Fine,Daylight,Nil,Give way sign,80 km/h,State,47,Emerging from drive,406,Manov - Emerging from driveway,,Right angle,Light truck,Light truck utility(from 2018),2,0,0,0,0,12,December,Summer,Thursday,10:00 - 11:59,Midday / afternoon,False,False,False,False
1372209,Non-casualty (towaway),Non-casualty (towaway),2024,2024,November,Sunday,18:00 - 19:59,ARGYLE,ST,100,North,CHURCH,RD,MOSS VALE,260.0,No,Not a school zone,2-way undivided,-34.538446,150.389668,Wingecarribee,Country urban,Rest of NSW - Urban,Straight,,,,Unknown / not stated,Sealed,Wet,Raining,Darkness,Nil,No traffic controls,60 km/h,State,30,Rear end,301,Same - Rear end,,Rear end,Car (sedan/hatch),4 wheel drive / SUV,2,0,0,0,0,11,November,Spring,Sunday,18:00 - 19:59,PM peak / evening commute,True,False,False,False
1372215,Non-casualty (towaway),Non-casualty (towaway),2024,2024,May,Monday,14:00 - 15:59,GOLDEN,HWY,5000,West,CASSILIS,RD,CASSILIS,27.0,No,Not a school zone,2-way undivided,-32.047995,149.944158,Upper Hunter,Country non-urban,Rest of NSW - Rural,Curved,Steep grade,,,Unknown / not stated,Sealed,Wet,Raining,Daylight,Nil,No traffic controls,100 km/h,State,87,Off lft/lft bnd=>obj,804,Off left bend into obj,Left,Vehicle - Object,Semi-trailer,,1,0,0,0,0,5,May,Autumn,Monday,14:00 - 15:59,Midday / afternoon,False,False,False,False
1372218,Non-casualty (towaway),Non-casualty (towaway),2024,2024,November,Sunday,14:00 - 15:59,PRINCES,HWY,0,Right on the spot,NUMBER 54,HN,WOLLI CREEK,1.0,No,Not a school zone,Divided road,-33.935146,151.150938,Bayside,Sydney metro. area,Syd-Newc-Woll Gtr conurbation,Curved,,,,Unknown / not stated,Sealed,Dry,Fine,Daylight,Nil,No traffic controls,60 km/h,State,33,Lane sideswipe,305,Same - Lane side swipe,,Other angle,Car (sedan/hatch),Car (sedan/hatch),2,0,0,0,0,11,November,Spring,Sunday,14:00 - 15:59,Midday / afternoon,False,False,False,False
1372222,Non-casualty (towaway),Non-casualty (towaway),2024,2024,December,Thursday,20:00 - 21:59,MCINNES,ST,0,Right on the spot,NUMBER 55,HN,MINMI,,No,Not a school zone,2-way undivided,-32.874501,151.61981,Newcastle,Newcastle met. area,Syd-Newc-Woll Gtr conurbation,Curved,,,,Unknown / not stated,Sealed,Dry,Fine,Darkness,Nil,No traffic controls,50 km/h,Local,81,Off left/rt bnd=>obj,803,Off right bend into obj,Left,Other angle,Light truck utility(from 2018),Light truck,2,0,0,0,0,12,December,Summer,Thursday,20:00 - 21:59,Evening / night,False,False,False,False
1372223,Non-casualty (towaway),Non-casualty (towaway),2024,2024,December,Saturday,02:00 - 03:59,KALINDA,RD,640,South,RIFLE RANGE,RD,GRIFFITH,,No,Not a school zone,2-way undivided,-34.24404,146.060692,Griffith,Country non-urban,Rest of NSW - Rural,Curved,Other bridge,,,Unknown / not stated,Unsealed,Dry,Fine,Darkness,Nil,No traffic controls,100 km/h,Local,81,Off left/rt bnd=>obj,803,Off right bend into obj,Left,Vehicle - Object,Car (sedan/hatch),,1,0,0,0,0,12,December,Summer,Saturday,02:00 - 03:59,Late night / early morning,False,False,False,False
1372225,Non-casualty (towaway),Non-casualty (towaway),2024,2024,October,Thursday,06:00 - 07:59,WINDSOR,RD,0,Right on the spot,NUMBER 157,HN,NORTHMEAD,184.0,No,Not a school zone,2-way undivided,-33.780586,150.997427,Parramatta,Sydney metro. area,Syd-Newc-Woll Gtr conurbation,Straight,,,,Unknown / not stated,Sealed,Dry,Fine,Daylight,Nil,No traffic controls,60 km/h,State,39,Other same direction,300,Same - other,,Other angle,Light truck utility(from 2018),Light truck utility(from 2018),2,0,0,0,0,10,October,Spring,Thursday,06:00 - 07:59,AM peak / school commute,True,False,False,False
1372226,Non-casualty (towaway),Non-casualty (towaway),2024,2024,December,Sunday,10:00 - 11:59,M2 HILLS,EXP,0,Right on the spot,CUMBERLAND HIGHWAY,OP,CARLINGFORD,6002.0,No,Not a school zone,Dual freeway,-33.758633,151.048921,Parramatta,Sydney metro. area,Syd-Newc-Woll Gtr conurbation,Curved,Underpass/tunnel,,,Unknown / not stated,Sealed,Dry,Fine,Daylight,Nil,No traffic controls,100 km/h,State,30,Rear end,301,Same - Rear end,,Rear end,Car (sedan/hatch),4 wheel drive / SUV,2,0,0,0,0,12,December,Summer,Sunday,10:00 - 11:59,Midday / afternoon,False,False,False,False
1372231,Non-casualty (towaway),Non-casualty (towaway),2024,2024,December,Thursday,16:00 - 17:59,PACIFIC,HWY,0,Right on the spot,BURDETT,ST,HORNSBY,10.0,No,Not a school zone,T-junction,-33.702357,151.099391,Hornsby,Sydney metro. area,Syd-Newc-Woll Gtr conurbation,Straight,,,,Unknown / not stated,Sealed,Unknown,Fine,Daylight,On,No traffic controls,60 km/h,State,21,Right through,202,Opp - Right-thru,,Other angle,4 wheel drive / SUV,Car (sedan/hatch),2,0,0,0,0,12,December,Summer,Thursday,16:00 - 17:59,PM peak / evening commute,True,False,False,False
1372232,Non-casualty (towaway),Non-casualty (towaway),2024,2024,November,Saturday,12:00 - 13:59,MATE,ST,0,Right on the spot,WANTIGONG,ST,NORTH ALBURY,688.0,No,Not a school zone,X-intersection,-36.056511,146.932748,Albury,Country urban,Rest of NSW - Urban,Straight,,,,Unknown / not stated,Sealed,Dry,Fine,Daylight,Nil,Give way sign,50 km/h,Regional,21,Right through,202,Opp - Right-thru,,Other angle,Car (sedan/hatch),Car (sedan/hatch),2,0,0,0,0,11,November,Spring,Saturday,12:00 - 13:59,Midday / afternoon,False,False,False,False
1372237,Non-casualty (towaway),Non-casualty (towaway),2024,2024,December,Wednesday,14:00 - 15:59,MALABAR,RD,0,Right on the spot,MEAGHER,AVE,MAROUBRA,7340.0,No,Not a school zone,T-junction,-33.951206,151.248724,Randwick,Sydney metro. area,Syd-Newc-Woll Gtr conurbation,Straight,,,,Unknown / not stated,Sealed,Dry,Fine,Daylight,Nil,Give way sign,50 km/h,Regional,10,Cross traffic,101,Adj - Cross traffic,,Right angle,4 wheel drive / SUV,Car (sedan/hatch),2,0,0,0,0,12,December,Summer,Wednesday,14:00 - 15:59,Midday / afternoon,False,False,False,False
1372239,Non-casualty (towaway),Non-casualty (towaway),2024,2024,December,Friday,10:00 - 11:59,FOREST,RD,0,Right on the spot,NUMBER 432,HN,BEXLEY,168.0,No,Not a school zone,2-way undivided,-33.949765,151.126657,Bayside,Sydney metro. area,Syd-Newc-Woll Gtr conurbation,Straight,,,,Unknown / not stated,Sealed,Dry,Fine,Daylight,Nil,No traffic controls,60 km/h,State,33,Lane sideswipe,305,Same - Lane side swipe,,Other angle,Car (sedan/hatch),Car (sedan/hatch),2,0,0,0,0,12,December,Summer,Friday,10:00 - 11:59,Midday / afternoon,False,False,False,False
1372250,Non-casualty (towaway),Non-casualty (towaway),2024,2024,December,Monday,10:00 - 11:59,MASSIE,ST,0,Right on the spot,VALE,ST,COOMA,,No,Not a school zone,X-intersection,-36.234536,149.124006,Snowy Monaro Regional,Country urban,Rest of NSW - Urban,Straight,,,,Unknown / not stated,Sealed,Dry,Fine,Daylight,Nil,Stop sign,50 km/h,Local,10,Cross traffic,101,Adj - Cross traffic,,Right angle,Car (sedan/hatch),4 wheel drive / SUV,2,0,0,0,0,12,December,Summer,Monday,10:00 - 11:59,Midday / afternoon,False,False,False,False
1372257,Non-casualty (towaway),Non-casualty (towaway),2024,2024,November,Friday,00:01 - 01:59,BARRINGTON TOPS FOREST,RD,3000,East,DICKSONIA,RD,MOONAN BROOK,,No,Not a school zone,2-way undivided,-31.95159,151.393923,Upper Hunter,Country non-urban,Rest of NSW - Rural,Curved,,,,Unknown / not stated,Unsealed,Dry,Unknown,Darkness,Nil,No traffic controls,100 km/h,Local,89,Other curve,800,Other on curve,,Unknown,Light truck utility(from 2018),,1,0,0,0,0,11,November,Spring,Friday,00:01 - 01:59,Late night / early morning,False,False,False,False
1372261,Non-casualty (towaway),Non-casualty (towaway),2024,2024,December,Friday,08:00 - 09:59,ANGLERS REACH,RD,100,North,OLD ADAMINABY,RD,OLD ADAMINABY,,No,Not a school zone,2-way undivided,-36.034396,148.705158,Snowy Monaro Regional,Country non-urban,Rest of NSW - Rural,Curved,,,,Unknown / not stated,Sealed,Dry,Fine,Daylight,Nil,No traffic controls,100 km/h,Local,67,Struck animal,609,On path - Hit animal,,Vehicle - Animal,4 wheel drive / SUV,,1,0,0,0,0,12,December,Summer,Friday,08:00 - 09:59,AM peak / school commute,True,False,False,False
1372271,Non-casualty (towaway),Non-casualty (towaway),2024,2024,November,Saturday,10:00 - 11:59,THE SCENIC,RD,10,West,BOUNTY HILL,RD,MACMASTERS BEACH,,No,Not a school zone,T-junction,-33.492173,151.4104,Central Coast,Country urban,Syd-Newc-Woll Gtr conurbation,Curved,Ditch/drain/culvert,,,Unknown / not stated,Sealed,Dry,Fine,Daylight,Nil,Give way sign,50 km/h,Local,81,Off left/rt bnd=>obj,803,Off right bend into obj,Left,Vehicle - Object,Car (sedan/hatch),,1,0,0,0,0,11,November,Spring,Saturday,10:00 - 11:59,Midday / afternoon,False,False,False,False
1372282,Non-casualty (towaway),Non-casualty (towaway),2024,2024,December,Sunday,18:00 - 19:59,CAMPBELLTOWN,RD,0,Right on the spot,MACDONALD,RD,EDMONDSON PARK,177.0,No,Not a school zone,X-intersection,-33.974638,150.856506,Liverpool,Sydney metro. area,Syd-Newc-Woll Gtr conurbation,Straight,,,,Unknown / not stated,Sealed,Dry,Fine,Dusk,On,No traffic controls,70 km/h,State,30,Rear end,301,Same - Rear end,,Rear end,Car (sedan/hatch),Car (sedan/hatch),2,0,0,0,0,12,December,Summer,Sunday,18:00 - 19:59,PM peak / evening commute,True,False,False,False
1372300,Non-casualty (towaway),Non-casualty (towaway),2024,2024,October,Wednesday,14:00 - 15:59,MANNS,RD,0,Right on the spot,DIGNITY,CRES,WEST GOSFORD,349.0,No,Not a school zone,T-junction,-33.416802,151.32632,Central Coast,Country urban,Syd-Newc-Woll Gtr conurbation,Straight,,,,Unknown / not stated,Sealed,Dry,Fine,Daylight,Nil,No traffic controls,60 km/h,State,30,Rear end,301,Same - Rear end,,Rear end,Light truck,Light truck,4,0,0,0,0,10,October,Spring,Wednesday,14:00 - 15:59,Midday / afternoon,False,False,False,False
1372303,Non-casualty (towaway),Non-casualty (towaway),2024,2024,November,Friday,10:00 - 11:59,ADAMS,ST,0,Right on the spot,CROWN,ST,COOTAMUNDRA,,No,Not a school zone,X-intersection,-34.632018,148.022608,Cootamundra-Gundagai,Country urban,Rest of NSW - Urban,Straight,,,,Unknown / not stated,Sealed,Dry,Fine,Daylight,Nil,Give way sign,50 km/h,Local,10,Cross traffic,101,Adj - Cross traffic,,Right angle,Car (sedan/hatch),Car (sedan/hatch),2,0,0,0,0,11,November,Spring,Friday,10:00 - 11:59,Midday / afternoon,False,False,False,False
1372318,Non-casualty (towaway),Non-casualty (towaway),2024,2024,December,Tuesday,10:00 - 11:59,BROOK,ST,0,Right on the spot,COOGEE BAY,RD,COOGEE,,No,Not a school zone,X-intersection,-33.920491,151.254417,Randwick,Sydney metro. area,Syd-Newc-Woll Gtr conurbation,Straight,,,,Unknown / not stated,Sealed,Dry,Fine,Daylight,On,No traffic controls,50 km/h,Local,10,Cross traffic,101,Adj - Cross traffic,,Right angle,Car (sedan/hatch),Pedal cycle,2,0,0,0,0,12,December,Summer,Tuesday,10:00 - 11:59,Midday / afternoon,False,False,False,False
1372319,Non-casualty (towaway),Non-casualty (towaway),2024,2024,October,Thursday,06:00 - 07:59,WINDSOR,RD,0,Right on the spot,MEMORIAL,AVE,KELLYVILLE,184.0,No,Not a school zone,T-junction,-33.715973,150.960761,The Hills,Sydney metro. area,Syd-Newc-Woll Gtr conurbation,Straight,,,,Unknown / not stated,Sealed,Dry,Fine,Daylight,On,No traffic controls,60 km/h,State,30,Rear end,301,Same - Rear end,,Rear end,Light truck utility(from 2018),4 wheel drive / SUV,2,0,0,0,0,10,October,Spring,Thursday,06:00 - 07:59,AM peak / school commute,True,False,False,False
1372323,Non-casualty (towaway),Non-casualty (towaway),2024,2024,December,Saturday,10:00 - 11:59,COPACABANA,DR,0,Right on the spot,NUMBER 71,HN,COPACABANA,,No,Not a school zone,2-way undivided,-33.48851,151.432145,Central Coast,Country urban,Syd-Newc-Woll Gtr conurbation,Curved,Painted double centre lines,,,Unknown / not stated,Sealed,Dry,Fine,Daylight,Nil,No traffic controls,50 km/h,Local,20,Head on,201,Opp - Head on,,Head-on,Car (sedan/hatch),4 wheel drive / SUV,2,0,0,0,0,12,December,Summer,Saturday,10:00 - 11:59,Midday / afternoon,False,False,False,False
1372327,Non-casualty (towaway),Non-casualty (towaway),2024,2024,December,Tuesday,10:00 - 11:59,HECTOR,ST,0,Right on the spot,NUMBER 103,HN,CHESTER HILL,7101.0,No,Not a school zone,2-way undivided,-33.884336,151.006674,Canterbury-Bankstown,Sydney metro. area,Syd-Newc-Woll Gtr conurbation,Straight,,,,Unknown / not stated,Sealed,Dry,Fine,Daylight,Nil,No traffic controls,60 km/h,Regional,71,Off rd left => obj,703,Left off cway into object,,Vehicle - Object,Car (sedan/hatch),,1,0,0,0,0,12,December,Summer,Tuesday,10:00 - 11:59,Midday / afternoon,False,False,False,False