crash_id,degree_of_crash,degree_of_crash_-_detailed,reporting_year,year_of_crash,month_of_crash,day_of_week_of_crash,two-hour_intervals,street_of_crash,street_type,distance,direction,identifying_feature,identifying_feature_type,town,route_no.,school_zone_location,school_zone_active,type_of_location,latitude,longitude,lga,urbanisation,conurbation_1,alignment,primary_permanent_feature,primary_temporary_feature,primary_hazardous_feature,street_lighting,road_surface,surface_condition,weather,natural_lighting,signals_operation,other_traffic_control,speed_limit,road_classification_(admin),rum_-_code,rum_-_description,dca_-_code,dca_-_description,dca_supplement,first_impact_type,key_tu_type,other_tu_type,no._of_traffic_units_involved,no._killed,no._seriously_injured,no._moderately_injured,no._minor-other_injured,month_num,month_label,season,day_label,time_label,time_band,is_peak_commute,is_fatal,is_injury,is_casualty
1372330,Non-casualty (towaway),Non-casualty (towaway),2024,2024,November,Thursday,20:00 - 21:59,MENAI,RD,10,East,PYREE,ST,BANGOR,,No,Not a school zone,T-junction,-34.01949,151.033487,Sutherland,Sydney metro. area,Syd-Newc-Woll Gtr conurbation,Straight,,,,Unknown / not stated,Sealed,Wet,Raining,Darkness,Nil,Give way sign,60 km/h,Local,11,Right far,102,Adj - Right-thru from left,,Right angle,Car (sedan/hatch),Car (sedan/hatch),2,0,0,0,0,11,November,Spring,Thursday,20:00 - 21:59,Evening / night,False,False,False,False
1372331,Non-casualty (towaway),Non-casualty (towaway),2024,2024,December,Monday,12:00 - 13:59,MACQUARIE,RD,0,Right on the spot,BURNS,RD,SPRINGWOOD,570.0,Yes,No,T-junction,-33.703092,150.57398,Blue Mountains,Country urban,Syd-Newc-Woll Gtr conurbation,Curved,Embankment/cutting,,,Unknown / not stated,Sealed,Dry,Fine,Daylight,Nil,Give way sign,50 km/h,State,81,Off left/rt bnd=>obj,803,Off right bend into obj,Left,Vehicle - Object,Car (sedan/hatch),,1,0,0,0,0,12,December,Summer,Monday,12:00 - 13:59,Midday / afternoon,False,False,False,False
1372333,Non-casualty (towaway),Non-casualty (towaway),2024,2024,October,Tuesday,14:00 - 15:59,WILKINS,ST,0,Right on the spot,NUMBER 74,HN,BANKSTOWN,,No,Not a school zone,2-way undivided,-33.913333,151.016944,Canterbury-Bankstown,Sydney metro. area,Syd-Newc-Woll Gtr conurbation,Straight,,,,Unknown / not stated,Sealed,Dry,Fine,Daylight,Nil,No traffic controls,50 km/h,Local,73,Off rd rght => obj,704,Right off cway into obj,,Other angle,Light truck utility(from 2018),Caravan,2,0,0,0,0,10,October,Spring,Tuesday,14:00 - 15:59,Midday / afternoon,False,False,False,False
1372340,Non-casualty (towaway),Non-casualty (towaway),2024,2024,December,Sunday,10:00 - 11:59,BOTANY,RD,0,Right on the spot,EPSOM,RD,ZETLAND,170.0,No,Not a school zone,T-junction,-33.910162,151.202343,Sydney,Sydney metro. area,Syd-Newc-Woll Gtr conurbation,Curved,,,,Unknown / not stated,Sealed,Dry,Fine,Daylight,On,No traffic controls,50 km/h,State,21,Right through,202,Opp - Right-thru,,Other angle,4 wheel drive / SUV,Car (sedan/hatch),2,0,0,0,0,12,December,Summer,Sunday,10:00 - 11:59,Midday / afternoon,False,False,False,False
1372344,Non-casualty (towaway),Non-casualty (towaway),2024,2024,December,Friday,14:00 - 15:59,PAGE,ST,0,Right on the spot,DALLEY,AVE,PAGEWOOD,7044.0,Yes,No,Multiple intersection,-33.941206,151.214519,Bayside,Sydney metro. area,Syd-Newc-Woll Gtr conurbation,Straight,,,,Unknown / not stated,Sealed,Dry,Fine,Daylight,Nil,No traffic controls,50 km/h,Regional,21,Right through,202,Opp - Right-thru,,Other angle,4 wheel drive / SUV,Car (sedan/hatch),2,0,0,0,0,12,December,Summer,Friday,14:00 - 15:59,Midday / afternoon,False,False,False,False
1372348,Non-casualty (towaway),Non-casualty (towaway),2024,2024,November,Wednesday,16:00 - 17:59,BILAMBIL,RD,0,Right on the spot,TERRANORA,RD,TERRANORA,,No,Not a school zone,T-junction,-28.244508,153.490774,Tweed,Country urban,Rest of NSW - Urban,Straight,,,,Unknown / not stated,Sealed,Dry,Fine,Daylight,Nil,No traffic controls,60 km/h,Local,21,Right through,202,Opp - Right-thru,,Other angle,4 wheel drive / SUV,Utility,2,0,0,0,0,11,November,Spring,Wednesday,16:00 - 17:59,PM peak / evening commute,True,False,False,False
1372358,Non-casualty (towaway),Non-casualty (towaway),2024,2024,October,Thursday,14:00 - 15:59,GIINAGAY,WAY,0,Right on the spot,VALLA BEACH,RD,VALLA,,No,Not a school zone,T-junction,-30.589388,152.998253,Nambucca Valley,Country non-urban,Rest of NSW - Rural,Curved,Steep grade,,,Unknown / not stated,Sealed,Dry,Fine,Daylight,Nil,No traffic controls,90 km/h,Local,21,Right through,202,Opp - Right-thru,,Other angle,Light truck utility(from 2018),4 wheel drive / SUV,2,0,0,0,0,10,October,Spring,Thursday,14:00 - 15:59,Midday / afternoon,False,False,False,False
1372365,Non-casualty (towaway),Non-casualty (towaway),2024,2024,November,Saturday,12:00 - 13:59,FERNLEIGH,RD,0,Right on the spot,NUMBER 233,HN,ASHMONT,,No,Not a school zone,2-way undivided,-35.12839,147.325964,Wagga Wagga,Country urban,Rest of NSW - Urban,Straight,Driveway/entrance,,,Unknown / not stated,Sealed,Dry,Fine,Daylight,Nil,No traffic controls,50 km/h,Local,36,Right turn sideswipe,308,Same - Rgt turn side swipe,,Other angle,Car (sedan/hatch),Motorcycle,2,0,0,0,0,11,November,Spring,Saturday,12:00 - 13:59,Midday / afternoon,False,False,False,False
1372367,Non-casualty (towaway),Non-casualty (towaway),2024,2024,November,Thursday,08:00 - 09:59,PRINCES,HWY,40,North,LORD,ST,ERSKINEVILLE,1.0,No,Not a school zone,2-way undivided,-33.906318,151.181238,Sydney,Sydney metro. area,Syd-Newc-Woll Gtr conurbation,Straight,,,,Unknown / not stated,Sealed,Dry,Fine,Daylight,Nil,No traffic controls,40 km/h,State,30,Rear end,301,Same - Rear end,,Rear end,Car (sedan/hatch),4 wheel drive / SUV,2,0,0,0,0,11,November,Spring,Thursday,08:00 - 09:59,AM peak / school commute,True,False,False,False
1372368,Non-casualty (towaway),Non-casualty (towaway),2024,2024,December,Sunday,00:01 - 01:59,OLD NARRABRI,RD,0,Right on the spot,TURRAWAN,RD,TURRAWAN,,No,Not a school zone,T-junction,-30.416835,149.906154,Narrabri,Country non-urban,Rest of NSW - Rural,Curved,,,,Unknown / not stated,Sealed,Wet,Fine,Darkness,Nil,No traffic controls,100 km/h,Local,81,Off left/rt bnd=>obj,803,Off right bend into obj,Left,Vehicle - Object,4 wheel drive / SUV,,1,0,0,0,0,12,December,Summer,Sunday,00:01 - 01:59,Late night / early morning,False,False,False,False
1372369,Non-casualty (towaway),Non-casualty (towaway),2024,2024,December,Friday,22:00 - Midnight,PRINCES,HWY,0,Right on the spot,JELLICOE,ST,SOUTH NOWRA,1.0,No,Not a school zone,Roundabout,-34.908705,150.602979,Shoalhaven,Country urban,Rest of NSW - Urban,Curved,,,,Unknown / not stated,Sealed,Wet,Overcast,Darkness,Nil,Give way sign,70 km/h,State,36,Right turn sideswipe,308,Same - Rgt turn side swipe,,Other angle,Car (sedan/hatch),Light truck utility(from 2018),2,0,0,0,0,12,December,Summer,Friday,22:00 - Midnight,Evening / night,False,False,False,False
1372370,Non-casualty (towaway),Non-casualty (towaway),2024,2024,November,Friday,12:00 - 13:59,NEW SOUTH HEAD,RD,0,Right on the spot,NUMBER 843,HN,ROSE BAY,173.0,No,Not a school zone,2-way undivided,-33.868666,151.270678,Woollahra,Sydney metro. area,Syd-Newc-Woll Gtr conurbation,Curved,Painted double centre lines,,,Unknown / not stated,Sealed,Wet,Raining,Daylight,Nil,No traffic controls,50 km/h,State,40,U turn,304,Same - U-turn,,Other angle,4 wheel drive / SUV,Light truck utility(from 2018),2,0,0,0,0,11,November,Spring,Friday,12:00 - 13:59,Midday / afternoon,False,False,False,False
1372380,Non-casualty (towaway),Non-casualty (towaway),2024,2024,December,Tuesday,16:00 - 17:59,DAUNT,AVE,0,Right on the spot,PENINSULA,ENT,MATRAVILLE,,No,Not a school zone,2-way undivided,-33.957323,151.231637,Randwick,Sydney metro. area,Syd-Newc-Woll Gtr conurbation,Straight,Driveway/entrance,,,Unknown / not stated,Sealed,Dry,Fine,Daylight,Nil,No traffic controls,50 km/h,Local,47,Emerging from drive,406,Manov - Emerging from driveway,,Right angle,Car (sedan/hatch),4 wheel drive / SUV,3,0,0,0,0,12,December,Summer,Tuesday,16:00 - 17:59,PM peak / evening commute,True,False,False,False
1372384,Non-casualty (towaway),Non-casualty (towaway),2024,2024,December,Saturday,10:00 - 11:59,PACIFIC,HWY,0,Right on the spot,JERSEY,ST,MOUNT COLAH,10.0,No,Not a school zone,T-junction,-33.677325,151.112189,Hornsby,Sydney metro. area,Syd-Newc-Woll Gtr conurbation,Straight,,,,Unknown / not stated,Sealed,Dry,Fine,Daylight,Nil,No traffic controls,60 km/h,State,11,Right far,102,Adj - Right-thru from left,,Right angle,Car (sedan/hatch),Light truck utility(from 2018),2,0,0,0,0,12,December,Summer,Saturday,10:00 - 11:59,Midday / afternoon,False,False,False,False
1372385,Non-casualty (towaway),Non-casualty (towaway),2024,2024,November,Saturday,12:00 - 13:59,JOSEPH,ST,0,Right on the spot,RAYMOND,ST,LIDCOMBE,,No,Not a school zone,X-intersection,-33.867645,151.043083,Cumberland,Sydney metro. area,Syd-Newc-Woll Gtr conurbation,Straight,,,,Unknown / not stated,Sealed,Wet,Raining,Daylight,Nil,Give way sign,50 km/h,Local,13,Right near,104,Adj - Right-thru from right,,Right angle,Car (sedan/hatch),Light truck utility(from 2018),2,0,0,0,0,11,November,Spring,Saturday,12:00 - 13:59,Midday / afternoon,False,False,False,False
1372390,Non-casualty (towaway),Non-casualty (towaway),2024,2024,November,Thursday,06:00 - 07:59,NAVAL COLLEGE,RD,0,Right on the spot,THE WOOL,RD,WORROWING HEIGHTS,7634.0,No,Not a school zone,Roundabout,-35.078474,150.657988,Shoalhaven,Country urban,Rest of NSW - Urban,Curved,,,,Unknown / not stated,Sealed,Dry,Fine,Daylight,Nil,Give way sign,60 km/h,Regional,10,Cross traffic,101,Adj - Cross traffic,,Right angle,4 wheel drive / SUV,Car (sedan/hatch),2,0,0,0,0,11,November,Spring,Thursday,06:00 - 07:59,AM peak / school commute,True,False,False,False
1372391,Non-casualty (towaway),Non-casualty (towaway),2024,2024,December,Thursday,18:00 - 19:59,BOURKE,ST,0,Right on the spot,SPOONER,AVE,MOUNT AUSTIN,211.0,Yes,No,T-junction,-35.136192,147.352213,Wagga Wagga,Country urban,Rest of NSW - Urban,Straight,,,,Unknown / not stated,Sealed,Dry,Fine,Dusk,Nil,Give way sign,60 km/h,Regional,84,Off right/left bend,706,Left turn,Right,Rollover,Car (sedan/hatch),,1,0,0,0,0,12,December,Summer,Thursday,18:00 - 19:59,PM peak / evening commute,True,False,False,False
1372397,Non-casualty (towaway),Non-casualty (towaway),2024,2024,December,Sunday,16:00 - 17:59,PEMBROKE,RD,100,South,WESTMORELAND,RD,MINTO,680.0,No,Not a school zone,2-way undivided,-34.042842,150.841867,Campbelltown,Sydney metro. area,Syd-Newc-Woll Gtr conurbation,Straight,,,,Unknown / not stated,Sealed,Wet,Overcast,Daylight,Nil,No traffic controls,60 km/h,State,30,Rear end,301,Same - Rear end,,Rear end,Car (sedan/hatch),4 wheel drive / SUV,2,0,0,0,0,12,December,Summer,Sunday,16:00 - 17:59,PM peak / evening commute,True,False,False,False
1372398,Non-casualty (towaway),Non-casualty (towaway),2024,2024,November,Wednesday,18:00 - 19:59,ALT,ST,0,Right on the spot,NUMBER 38,HN,ASHFIELD,,Yes,No,2-way undivided,-33.884132,151.123939,Inner West,Sydney metro. area,Syd-Newc-Woll Gtr conurbation,Straight,Driveway/entrance,,,Unknown / not stated,Sealed,Dry,Fine,Darkness,Nil,No traffic controls,50 km/h,Local,47,Emerging from drive,406,Manov - Emerging from driveway,,Right angle,4 wheel drive / SUV,Passenger van,2,0,0,0,0,11,November,Spring,Wednesday,18:00 - 19:59,PM peak / evening commute,True,False,False,False
1372402,Non-casualty (towaway),Non-casualty (towaway),2024,2024,August,Thursday,08:00 - 09:59,PEMBROKE,RD,50,South,MINTO,RD,MINTO,680.0,No,Not a school zone,2-way undivided,-34.019715,150.851998,Campbelltown,Sydney metro. area,Syd-Newc-Woll Gtr conurbation,Straight,,,,Unknown / not stated,Sealed,Dry,Fine,Daylight,Nil,No traffic controls,60 km/h,State,30,Rear end,301,Same - Rear end,,Rear end,Car (sedan/hatch),4 wheel drive / SUV,2,0,0,0,0,8,August,Winter,Thursday,08:00 - 09:59,AM peak / school commute,True,False,False,False
1372405,Non-casualty (towaway),Non-casualty (towaway),2024,2024,December,Monday,02:00 - 03:59,MOOREBANK,AVE,100,North,CHURCH,RD,MOOREBANK,657.0,No,Not a school zone,2-way undivided,-33.934559,150.927534,Liverpool,Sydney metro. area,Syd-Newc-Woll Gtr conurbation,Straight,,,,Unknown / not stated,Sealed,Wet,Fine,Darkness,Nil,No traffic controls,60 km/h,State,71,Off rd left => obj,703,Left off cway into object,,Vehicle - Object,Car (sedan/hatch),,1,0,0,0,0,12,December,Summer,Monday,02:00 - 03:59,Late night / early morning,False,False,False,False
1372407,Non-casualty (towaway),Non-casualty (towaway),2024,2024,December,Saturday,04:00 - 05:59,BUSACO,RD,530,North,TALAVERA,RD,MARSFIELD,,No,Not a school zone,2-way undivided,-33.762233,151.11447,Ryde,Sydney metro. area,Syd-Newc-Woll Gtr conurbation,Straight,,,,On,Sealed,Dry,Fine,Darkness,Nil,No traffic controls,50 km/h,Local,75,Off end of road,709,Off end cway or T junct,,Vehicle - Object,Light truck utility(from 2018),,1,0,0,0,0,12,December,Summer,Saturday,04:00 - 05:59,Late night / early morning,False,False,False,False
1372414,Non-casualty (towaway),Non-casualty (towaway),2024,2024,November,Friday,12:00 - 13:59,EPPING,RD,0,Right on the spot,VIMIERA,RD,MARSFIELD,373.0,Yes,No,X-intersection,-33.772522,151.100879,Ryde,Sydney metro. area,Syd-Newc-Woll Gtr conurbation,Straight,Steep grade,,,Unknown / not stated,Sealed,Wet,Raining,Daylight,On,No traffic controls,70 km/h,State,83,Off rt/rt bnd=>obj,707,Right turn,Right,Vehicle - Object,4 wheel drive / SUV,,1,0,0,0,0,11,November,Spring,Friday,12:00 - 13:59,Midday / afternoon,False,False,False,False
1372415,Non-casualty (towaway),Non-casualty (towaway),2024,2024,December,Sunday,12:00 - 13:59,ST VINCENT,ST,0,Right on the spot,NUMBER 131,HN,ULLADULLA,,No,Not a school zone,2-way undivided,-35.363386,150.470466,Shoalhaven,Country urban,Rest of NSW - Urban,Straight,Driveway/entrance,,,Unknown / not stated,Sealed,Dry,Overcast,Daylight,Nil,No traffic controls,50 km/h,Local,47,Emerging from drive,406,Manov - Emerging from driveway,,Right angle,4 wheel drive / SUV,Light truck utility(from 2018),2,0,0,0,0,12,December,Summer,Sunday,12:00 - 13:59,Midday / afternoon,False,False,False,False
1372417,Non-casualty (towaway),Non-casualty (towaway),2024,2024,November,Tuesday,02:00 - 03:59,UNION,ST,55,East,FRANK,ST,SOUTH LISMORE,544.0,No,Not a school zone,2-way undivided,-28.806559,153.273318,Lismore,Country urban,Rest of NSW - Urban,Curved,Underpass/tunnel,,,Unknown / not stated,Sealed,Dry,Fine,Darkness,Nil,No traffic controls,50 km/h,Regional,69,Other on path,600,On path - Other,,Vehicle - Object,Large rigid,,1,0,0,0,0,11,November,Spring,Tuesday,02:00 - 03:59,Late night / early morning,False,False,False,False
1372419,Non-casualty (towaway),Non-casualty (towaway),2024,2024,November,Monday,20:00 - 21:59,PACIFIC,HWY,5000,North,OLD COAST,RD,KORORA,10.0,No,Not a school zone,Divided road,-30.249473,153.135767,Coffs Harbour,Country urban,Rest of NSW - Urban,Straight,,,,Unknown / not stated,Sealed,Wet,Raining,Darkness,Nil,No traffic controls,60 km/h,State,73,Off rd rght => obj,704,Right off cway into obj,,Vehicle - Object,4 wheel drive / SUV,,2,0,0,0,0,11,November,Spring,Monday,20:00 - 21:59,Evening / night,False,False,False,False
1372427,Non-casualty (towaway),Non-casualty (towaway),2024,2024,December,Monday,16:00 - 17:59,HELEN,ST,0,Right on the spot,NUMBER 97,HN,SEFTON,,No,Not a school zone,2-way undivided,-33.881714,151.012158,Canterbury-Bankstown,Sydney metro. area,Syd-Newc-Woll Gtr conurbation,Straight,,,,Unknown / not stated,Sealed,Dry,Fine,Daylight,Nil,No traffic controls,50 km/h,Local,40,U turn,304,Same - U-turn,,Other angle,4 wheel drive / SUV,4 wheel drive / SUV,2,0,0,0,0,12,December,Summer,Monday,16:00 - 17:59,PM peak / evening commute,True,False,False,False
1372430,Non-casualty (towaway),Non-casualty (towaway),2024,2024,December,Wednesday,04:00 - 05:59,NEWELL,HWY,4000,North,MILO,RD,MOREE,17.0,No,Not a school zone,2-way undivided,-29.302919,149.980906,Moree Plains,Country non-urban,Rest of NSW - Rural,Curved,,,,Off,Sealed,Dry,Fine,Darkness,Nil,No traffic controls,110 km/h,State,83,Off rt/rt bnd=>obj,803,Off right bend into obj,Right,Vehicle - Object,Light truck utility(from 2018),,1,0,0,0,0,12,December,Summer,Wednesday,04:00 - 05:59,Late night / early morning,False,False,False,False
1372431,Non-casualty (towaway),Non-casualty (towaway),2024,2024,November,Tuesday,16:00 - 17:59,CUMBERLAND,HWY,0,Right on the spot,THORNEY,RD,FAIRFIELD WEST,13.0,No,Not a school zone,X-intersection,-33.873784,150.925875,Fairfield,Sydney metro. area,Syd-Newc-Woll Gtr conurbation,Straight,,,,Unknown / not stated,Sealed,Dry,Fine,Daylight,On,No traffic controls,70 km/h,State,19,Other adjacent,100,Adj - other,,Right angle,Car (sedan/hatch),Car (sedan/hatch),3,0,0,0,0,11,November,Spring,Tuesday,16:00 - 17:59,PM peak / evening commute,True,False,False,False
1372439,Non-casualty (towaway),Non-casualty (towaway),2024,2024,November,Friday,10:00 - 11:59,BAYVIEW,AVE,0,Right on the spot,TEMPE,ST,EARLWOOD,2099.0,No,Not a school zone,T-junction,-33.925543,151.149451,Canterbury-Bankstown,Sydney metro. area,Syd-Newc-Woll Gtr conurbation,Straight,Steep grade,,,Unknown / not stated,Sealed,Dry,Overcast,Daylight,Nil,Stop sign,50 km/h,Regional,71,Off rd left => obj,703,Left off cway into object,,Other angle,Passenger van,Car (sedan/hatch),2,0,0,0,0,11,November,Spring,Friday,10:00 - 11:59,Midday / afternoon,False,False,False,False
1372440,Non-casualty (towaway),Non-casualty (towaway),2024,2024,December,Wednesday,14:00 - 15:59,DEVONSHIRE,RD,100,North,FIFTEENTH,AVE,KEMPS CREEK,7261.0,No,Not a school zone,2-way undivided,-33.913876,150.786256,Liverpool,Sydney metro. area,Syd-Newc-Woll Gtr conurbation,Straight,,,,Unknown / not stated,Sealed,Dry,Fine,Daylight,Nil,No traffic controls,70 km/h,Regional,30,Rear end,301,Same - Rear end,,Rear end,Car (sedan/hatch),Light truck utility(from 2018),2,0,0,0,0,12,December,Summer,Wednesday,14:00 - 15:59,Midday / afternoon,False,False,False,False
1372446,Non-casualty (towaway),Non-casualty (towaway),2024,2024,November,Tuesday,10:00 - 11:59,GREAT WESTERN,HWY,0,Right on the spot,NUMBER 217,HN,MAYS HILL,5.0,No,Not a school zone,2-way undivided,-33.819623,150.983958,Cumberland,Sydney metro. area,Syd-Newc-Woll Gtr conurbation,Curved,,,,Unknown / not stated,Sealed,Dry,Fine,Daylight,Nil,No traffic controls,60 km/h,State,34,Lane change right,306,Same - Lane change right,,Other angle,Semi-trailer,Car (sedan/hatch),2,0,0,0,0,11,November,Spring,Tuesday,10:00 - 11:59,Midday / afternoon,False,False,False,False
1372451,Non-casualty (towaway),Non-casualty (towaway),2024,2024,December,Tuesday,06:00 - 07:59,GARDENERS,RD,0,Right on the spot,NUMBER 48,HN,KINGSFORD,183.0,No,Not a school zone,Divided road,-33.925162,151.226196,Randwick,Sydney metro. area,Syd-Newc-Woll Gtr conurbation,Straight,,,,Unknown / not stated,Sealed,Dry,Fine,Daylight,Nil,No traffic controls,60 km/h,State,35,Lane change left,307,Same - Lane change left,,Other angle,Large rigid,Car (sedan/hatch),2,0,0,0,0,12,December,Summer,Tuesday,06:00 - 07:59,AM peak / school commute,True,False,False,False
1372468,Non-casualty (towaway),Non-casualty (towaway),2024,2024,November,Wednesday,16:00 - 17:59,CAMBEWARRA,RD,0,Right on the spot,JASMINE,DR,BOMADERRY,,No,Not a school zone,T-junction,-34.844126,150.597332,Shoalhaven,Country urban,Rest of NSW - Urban,Straight,,,,Unknown / not stated,Sealed,Dry,Overcast,Unknown,Nil,Stop sign,60 km/h,Local,11,Right far,102,Adj - Right-thru from left,,Right angle,4 wheel drive / SUV,4 wheel drive / SUV,2,0,0,0,0,11,November,Spring,Wednesday,16:00 - 17:59,PM peak / evening commute,True,False,False,False
1372469,Non-casualty (towaway),Non-casualty (towaway),2024,2024,December,Tuesday,02:00 - 03:59,OLYMPIC,HWY,100,East,BACK BRAWLIN,RD,COOTAMUNDRA,78.0,No,Not a school zone,2-way undivided,-34.652482,148.013627,Cootamundra-Gundagai,Country urban,Rest of NSW - Urban,Curved,,,,Unknown / not stated,Sealed,Dry,Fine,Darkness,Nil,No traffic controls,50 km/h,State,85,Off rt/lft bnd=>obj,804,Off left bend into obj,Right,Vehicle - Object,Car (sedan/hatch),,1,0,0,0,0,12,December,Summer,Tuesday,02:00 - 03:59,Late night / early morning,False,False,False,False
1372472,Non-casualty (towaway),Non-casualty (towaway),2024,2024,November,Friday,08:00 - 09:59,BADAJOZ,RD,0,Right on the spot,QUARRY,RD,RYDE,,No,Not a school zone,T-junction,-33.80968,151.121439,Ryde,Sydney metro. area,Syd-Newc-Woll Gtr conurbation,Straight,,,,Unknown / not stated,Sealed,Dry,Fine,Daylight,Nil,Give way sign,50 km/h,Local,10,Cross traffic,101,Adj - Cross traffic,,Right angle,4 wheel drive / SUV,4 wheel drive / SUV,2,0,0,0,0,11,November,Spring,Friday,08:00 - 09:59,AM peak / school commute,True,False,False,False
1372473,Non-casualty (towaway),Non-casualty (towaway),2024,2024,December,Friday,20:00 - 21:59,HUME,HWY,150,South,BROOKS ROAD,OP,INGLEBURN,2.0,No,Not a school zone,Dual freeway,-33.990413,150.85243,Campbelltown,Sydney metro. area,Syd-Newc-Woll Gtr conurbation,Straight,,,,Unknown / not stated,Sealed,Dry,Fine,Darkness,Nil,No traffic controls,110 km/h,State,34,Lane change right,306,Same - Lane change right,,Other angle,Car (sedan/hatch),Car (sedan/hatch),2,0,0,0,0,12,December,Summer,Friday,20:00 - 21:59,Evening / night,False,False,False,False
1372476,Non-casualty (towaway),Non-casualty (towaway),2024,2024,December,Friday,08:00 - 09:59,BRINGELLY,RD,0,Right on the spot,EASTWOOD,RD,AUSTRAL,647.0,No,Not a school zone,T-junction,-33.948895,150.796796,Liverpool,Sydney metro. area,Syd-Newc-Woll Gtr conurbation,Straight,Driveway/entrance,,,Unknown / not stated,Sealed,Dry,Fine,Daylight,On,No traffic controls,80 km/h,State,47,Emerging from drive,406,Manov - Emerging from driveway,,Right angle,4 wheel drive / SUV,4 wheel drive / SUV,2,0,0,0,0,12,December,Summer,Friday,08:00 - 09:59,AM peak / school commute,True,False,False,False
1372477,Non-casualty (towaway),Non-casualty (towaway),2024,2024,December,Wednesday,14:00 - 15:59,HUME,HWY,0,Right on the spot,PARTRIDGE VC REST AREA,OT,MENANGLE,2.0,No,Not a school zone,Other,-34.156378,150.73825,Wollondilly,Country non-urban,Syd-Newc-Woll Gtr conurbation,Straight,,,,Unknown / not stated,Sealed,Dry,Fine,Daylight,Nil,No traffic controls,110 km/h,State,46,Reversing into obj,405,Manov - Reverse into fixed obj,,Other angle,Unknown motor vehicle,Car (sedan/hatch),2,0,0,0,0,12,December,Summer,Wednesday,14:00 - 15:59,Midday / afternoon,False,False,False,False
1372478,Non-casualty (towaway),Non-casualty (towaway),2024,2024,October,Saturday,10:00 - 11:59,CRESTHAVEN,AVE,0,Right on the spot,EASTERN,RD,BATEAU BAY,,No,Not a school zone,Roundabout,-33.377923,151.461894,Central Coast,Country urban,Syd-Newc-Woll Gtr conurbation,Straight,,,,Unknown / not stated,Sealed,Dry,Fine,Daylight,Nil,Give way sign,50 km/h,Local,19,Other adjacent,100,Adj - other,,Right angle,4 wheel drive / SUV,Car (sedan/hatch),2,0,0,0,0,10,October,Spring,Saturday,10:00 - 11:59,Midday / afternoon,False,False,False,False
1372479,Non-casualty (towaway),Non-casualty (towaway),2024,2024,December,Thursday,20:00 - 21:59,CROWN,ST,0,Right on the spot,EDMUND,ST,GRANTHAM FARM,,No,Not a school zone,X-intersection,-33.663964,150.873757,Blacktown,Sydney metro. area,Syd-Newc-Woll Gtr conurbation,Straight,,,,Unknown / not stated,Sealed,Dry,Fine,Darkness,Nil,Give way sign,60 km/h,Local,21,Right through,202,Opp - Right-thru,,Other angle,4 wheel drive / SUV,Car (sedan/hatch),2,0,0,0,0,12,December,Summer,Thursday,20:00 - 21:59,Evening / night,False,False,False,False
1372483,Non-casualty (towaway),Non-casualty (towaway),2024,2024,December,Thursday,16:00 - 17:59,CENTRAL COAST,HWY,0,Right on the spot,HELY,ST,WEST GOSFORD,30.0,No,Not a school zone,T-junction,-33.427208,151.329656,Central Coast,Country urban,Syd-Newc-Woll Gtr conurbation,Straight,,,,Unknown / not stated,Sealed,Dry,Fine,Daylight,Nil,Give way sign,70 km/h,State,21,Right through,202,Opp - Right-thru,,Other angle,Car (sedan/hatch),Car (sedan/hatch),2,0,0,0,0,12,December,Summer,Thursday,16:00 - 17:59,PM peak / evening commute,True,False,False,False
1372486,Non-casualty (towaway),Non-casualty (towaway),2024,2024,December,Tuesday,12:00 - 13:59,CAMDEN VALLEY,WAY,0,Right on the spot,HEATH,RD,LEPPINGTON,620.0,No,Not a school zone,T-junction,-33.975822,150.809583,Camden,Sydney metro. area,Syd-Newc-Woll Gtr conurbation,Straight,,,,Unknown / not stated,Sealed,Dry,Fine,Daylight,On,No traffic controls,80 km/h,State,13,Right near,104,Adj - Right-thru from right,,Right angle,Car (sedan/hatch),Car (sedan/hatch),2,0,0,0,0,12,December,Summer,Tuesday,12:00 - 13:59,Midday / afternoon,False,False,False,False
1372487,Non-casualty (towaway),Non-casualty (towaway),2024,2024,November,Sunday,16:00 - 17:59,STATION,ST,0,Right on the spot,YAMBO,ST,MORISSET,,No,Not a school zone,X-intersection,-33.107698,151.487343,Lake Macquarie,Newcastle met. area,Syd-Newc-Woll Gtr conurbation,Straight,Steep grade,,,Unknown / not stated,Sealed,Dry,Fine,Daylight,Nil,Stop sign,60 km/h,Local,10,Cross traffic,101,Adj - Cross traffic,,Right angle,Car (sedan/hatch),Car (sedan/hatch),2,0,0,0,0,11,November,Spring,Sunday,16:00 - 17:59,PM peak / evening commute,True,False,False,False