crash_id,degree_of_crash,degree_of_crash_-_detailed,reporting_year,year_of_crash,month_of_crash,day_of_week_of_crash,two-hour_intervals,street_of_crash,street_type,distance,direction,identifying_feature,identifying_feature_type,town,route_no.,school_zone_location,school_zone_active,type_of_location,latitude,longitude,lga,urbanisation,conurbation_1,alignment,primary_permanent_feature,primary_temporary_feature,primary_hazardous_feature,street_lighting,road_surface,surface_condition,weather,natural_lighting,signals_operation,other_traffic_control,speed_limit,road_classification_(admin),rum_-_code,rum_-_description,dca_-_code,dca_-_description,dca_supplement,first_impact_type,key_tu_type,other_tu_type,no._of_traffic_units_involved,no._killed,no._seriously_injured,no._moderately_injured,no._minor-other_injured,month_num,month_label,season,day_label,time_label,time_band,is_peak_commute,is_fatal,is_injury,is_casualty
1372500,Non-casualty (towaway),Non-casualty (towaway),2024,2024,November,Thursday,16:00 - 17:59,NEW ENGLAND,HWY,1000,North,WALLABADAH CREEK,RD,WALLABADAH,9.0,No,Not a school zone,2-way undivided,-31.526859,150.842401,Liverpool Plains,Country non-urban,Rest of NSW - Rural,Curved,Embankment/cutting,,,Unknown / not stated,Sealed,Dry,Fine,Dusk,Nil,No traffic controls,100 km/h,State,87,Off lft/lft bnd=>obj,804,Off left bend into obj,Left,Vehicle - Object,Light truck utility(from 2018),,1,0,0,0,0,11,November,Spring,Thursday,16:00 - 17:59,PM peak / evening commute,True,False,False,False
1372504,Non-casualty (towaway),Non-casualty (towaway),2024,2024,November,Wednesday,06:00 - 07:59,ILLAWARRA,HWY,0,Right on the spot,BROUGHTON,AVE,TULLIMBAR,25.0,No,Not a school zone,Roundabout,-34.572485,150.754361,Shellharbour,Wollongong met. area,Syd-Newc-Woll Gtr conurbation,Straight,,,,Unknown / not stated,Sealed,Wet,Raining,Daylight,Nil,Give way sign,60 km/h,State,10,Cross traffic,101,Adj - Cross traffic,,Right angle,Car (sedan/hatch),Car (sedan/hatch),2,0,0,0,0,11,November,Spring,Wednesday,06:00 - 07:59,AM peak / school commute,True,False,False,False
1372509,Non-casualty (towaway),Non-casualty (towaway),2024,2024,December,Thursday,14:00 - 15:59,MANN,ST,0,Right on the spot,NUMBER 1,HN,GOSFORD,,No,Not a school zone,2-way undivided,-33.431497,151.340927,Central Coast,Country urban,Syd-Newc-Woll Gtr conurbation,Curved,Driveway/entrance,,,Unknown / not stated,Sealed,Dry,Fine,Daylight,Nil,No traffic controls,50 km/h,Local,32,Right rear,303,Same - Rear right,,Rear end,4 wheel drive / SUV,Other bus,3,0,0,0,0,12,December,Summer,Thursday,14:00 - 15:59,Midday / afternoon,False,False,False,False
1372514,Non-casualty (towaway),Non-casualty (towaway),2024,2024,December,Friday,16:00 - 17:59,HUME,HWY,10,South,MARULAN SOUTH ROAD,OP,MARULAN,2.0,No,Not a school zone,Divided road,-34.730587,149.981181,Goulburn Mulwaree,Country non-urban,Rest of NSW - Rural,Straight,Underpass/tunnel,,,Unknown / not stated,Sealed,Dry,Fine,Dusk,Nil,No traffic controls,110 km/h,State,71,Off rd left => obj,703,Left off cway into object,,Vehicle - Object,Light truck utility(from 2018),,1,0,0,0,0,12,December,Summer,Friday,16:00 - 17:59,PM peak / evening commute,True,False,False,False
1372517,Non-casualty (towaway),Non-casualty (towaway),2024,2024,October,Thursday,10:00 - 11:59,SPIT,RD,30,North,BICKELL,RD,MOSMAN,164.0,No,Not a school zone,2-way undivided,-33.816668,151.243225,Mosman,Sydney metro. area,Syd-Newc-Woll Gtr conurbation,Straight,,,,Unknown / not stated,Sealed,Dry,Fine,Daylight,On,Ped crossing,60 km/h,State,30,Rear end,301,Same - Rear end,,Rear end,4 wheel drive / SUV,Light truck,2,0,0,0,0,10,October,Spring,Thursday,10:00 - 11:59,Midday / afternoon,False,False,False,False
1372518,Non-casualty (towaway),Non-casualty (towaway),2024,2024,November,Tuesday,16:00 - 17:59,CHESTER,ST,5,South,GUIHEM,ST,ANNANDALE,,No,Not a school zone,T-junction,-33.885142,151.174537,Inner West,Sydney metro. area,Syd-Newc-Woll Gtr conurbation,Straight,,,,Unknown / not stated,Sealed,Dry,Fine,Darkness,Nil,Give way sign,50 km/h,Local,87,Off lft/lft bnd=>obj,706,Left turn,Left,Other angle,Large rigid,4 wheel drive / SUV,2,0,0,0,0,11,November,Spring,Tuesday,16:00 - 17:59,PM peak / evening commute,True,False,False,False
1372534,Non-casualty (towaway),Non-casualty (towaway),2024,2024,November,Friday,20:00 - 21:59,HENRY LAWSON,DR,48,North,FLINDERS,RD,GEORGES HALL,508.0,No,Not a school zone,2-way undivided,-33.906589,150.981995,Canterbury-Bankstown,Sydney metro. area,Syd-Newc-Woll Gtr conurbation,Curved,,,,Unknown / not stated,Sealed,Dry,Fine,Darkness,Nil,No traffic controls,60 km/h,State,59,Other overtaking,500,Ovtak - other,,Other angle,Car (sedan/hatch),Car (sedan/hatch),2,0,0,0,0,11,November,Spring,Friday,20:00 - 21:59,Evening / night,False,False,False,False
1372536,Non-casualty (towaway),Non-casualty (towaway),2024,2024,November,Friday,18:00 - 19:59,HENRY PARRY,DR,50,South,MARGIN,ST,GOSFORD,673.0,No,Not a school zone,Divided road,-33.427805,151.343463,Central Coast,Country urban,Syd-Newc-Woll Gtr conurbation,Curved,,,,Unknown / not stated,Sealed,Dry,Fine,Darkness,Nil,No traffic controls,50 km/h,State,82,Off right/right bend,801,Off cway right bend,Right,Rollover,Car (sedan/hatch),,1,0,0,0,0,11,November,Spring,Friday,18:00 - 19:59,PM peak / evening commute,True,False,False,False
1372553,Non-casualty (towaway),Non-casualty (towaway),2024,2024,November,Thursday,14:00 - 15:59,CAMDEN VALLEY,WAY,0,Right on the spot,FAIRWATER,DR,NARELLAN,620.0,No,Not a school zone,T-junction,-34.037351,150.744909,Camden,Sydney metro. area,Syd-Newc-Woll Gtr conurbation,Curved,,,,Unknown / not stated,Sealed,Dry,Fine,Daylight,On,No traffic controls,80 km/h,State,30,Rear end,301,Same - Rear end,,Rear end,4 wheel drive / SUV,Light truck,2,0,0,0,0,11,November,Spring,Thursday,14:00 - 15:59,Midday / afternoon,False,False,False,False
1372555,Non-casualty (towaway),Non-casualty (towaway),2024,2024,October,Wednesday,16:00 - 17:59,THE ENTRANCE,RD,0,Right on the spot,NUMBER 12,HN,THE ENTRANCE,,No,Not a school zone,2-way undivided,-33.339273,151.49875,Central Coast,Country urban,Syd-Newc-Woll Gtr conurbation,Curved,,,,Unknown / not stated,Sealed,Dry,Fine,Daylight,Nil,No traffic controls,50 km/h,Local,81,Off left/rt bnd=>obj,803,Off right bend into obj,Left,Vehicle - Object,Car (sedan/hatch),,1,0,0,0,0,10,October,Spring,Wednesday,16:00 - 17:59,PM peak / evening commute,True,False,False,False
1372562,Non-casualty (towaway),Non-casualty (towaway),2024,2024,December,Sunday,12:00 - 13:59,MONA VALE,RD,0,Right on the spot,COOYONG,RD,TERREY HILLS,162.0,No,Not a school zone,T-junction,-33.686367,151.227277,Northern Beaches,Sydney metro. area,Syd-Newc-Woll Gtr conurbation,Straight,,,,Off,Sealed,Dry,Overcast,Daylight,Nil,Give way sign,80 km/h,State,30,Rear end,301,Same - Rear end,,Rear end,4 wheel drive / SUV,4 wheel drive / SUV,2,0,0,0,0,12,December,Summer,Sunday,12:00 - 13:59,Midday / afternoon,False,False,False,False
1372571,Non-casualty (towaway),Non-casualty (towaway),2024,2024,December,Sunday,16:00 - 17:59,BURNS,RD,0,Right on the spot,NUMBER 147,HN,TURRAMURRA,2043.0,No,Not a school zone,2-way undivided,-33.718829,151.137726,Ku-ring-gai,Sydney metro. area,Syd-Newc-Woll Gtr conurbation,Curved,Steep grade,,,Unknown / not stated,Sealed,Wet,Fine,Daylight,Nil,No traffic controls,60 km/h,Regional,81,Off left/rt bnd=>obj,803,Off right bend into obj,Left,Vehicle - Object,4 wheel drive / SUV,,1,0,0,0,0,12,December,Summer,Sunday,16:00 - 17:59,PM peak / evening commute,True,False,False,False
1372575,Non-casualty (towaway),Non-casualty (towaway),2024,2024,December,Thursday,12:00 - 13:59,MENDOORAN,RD,0,Right on the spot,OLD MENDOORAN,RD,DUBBO,7519.0,No,Not a school zone,T-junction,-32.132494,148.777127,Dubbo Regional,Country non-urban,Rest of NSW - Rural,Straight,,,,Unknown / not stated,Sealed,Dry,Fine,Daylight,Nil,Give way sign,100 km/h,Regional,81,Off left/rt bnd=>obj,707,Right turn,Left,Vehicle - Object,4 wheel drive / SUV,,1,0,0,0,0,12,December,Summer,Thursday,12:00 - 13:59,Midday / afternoon,False,False,False,False
1372589,Non-casualty (towaway),Non-casualty (towaway),2024,2024,September,Sunday,12:00 - 13:59,SOUTH WESTERN,EXP,300,West,HEATHCOTE ROAD,OP,MOOREBANK,6005.0,No,Not a school zone,Dual freeway,-33.941527,150.939091,Liverpool,Sydney metro. area,Syd-Newc-Woll Gtr conurbation,Straight,,,,Off,Sealed,Dry,Fine,Daylight,Nil,No traffic controls,100 km/h,State,91,Object struck veh,610,On path - Load hit vehicle,,Vehicle - Object,4 wheel drive / SUV,Large rigid,2,0,0,0,0,9,September,Spring,Sunday,12:00 - 13:59,Midday / afternoon,False,False,False,False
1372591,Non-casualty (towaway),Non-casualty (towaway),2024,2024,December,Saturday,14:00 - 15:59,CHARD,RD,0,Right on the spot,NUMBER 3,HN,BROOKVALE,,No,Not a school zone,2-way undivided,-33.763123,151.272419,Northern Beaches,Sydney metro. area,Syd-Newc-Woll Gtr conurbation,Straight,Driveway/entrance,,,Unknown / not stated,Sealed,Wet,Raining,Daylight,Nil,No traffic controls,50 km/h,Local,47,Emerging from drive,406,Manov - Emerging from driveway,,Right angle,Light truck utility(from 2018),4 wheel drive / SUV,2,0,0,0,0,12,December,Summer,Saturday,14:00 - 15:59,Midday / afternoon,False,False,False,False
1372592,Non-casualty (towaway),Non-casualty (towaway),2024,2024,November,Thursday,18:00 - 19:59,ACACIA,ST,0,Right on the spot,FULLER,ST,COLLAROY PLATEAU,,No,Not a school zone,X-intersection,-33.725866,151.288099,Northern Beaches,Sydney metro. area,Syd-Newc-Woll Gtr conurbation,Straight,Steep grade,,,Unknown / not stated,Sealed,Dry,Fine,Daylight,Nil,Give way sign,50 km/h,Local,10,Cross traffic,101,Adj - Cross traffic,,Right angle,4 wheel drive / SUV,Car (sedan/hatch),2,0,0,0,0,11,November,Spring,Thursday,18:00 - 19:59,PM peak / evening commute,True,False,False,False
1372595,Non-casualty (towaway),Non-casualty (towaway),2024,2024,December,Sunday,16:00 - 17:59,PACIFIC,HWY,0,Right on the spot,GORE HILL,EXP,ARTARMON,10.0,No,Not a school zone,T-junction,-33.81065,151.176792,Willoughby,Sydney metro. area,Syd-Newc-Woll Gtr conurbation,Straight,,,,Unknown / not stated,Sealed,Dry,Fine,Dusk,On,No traffic controls,60 km/h,State,30,Rear end,301,Same - Rear end,,Rear end,Car (sedan/hatch),4 wheel drive / SUV,2,0,0,0,0,12,December,Summer,Sunday,16:00 - 17:59,PM peak / evening commute,True,False,False,False
1372597,Non-casualty (towaway),Non-casualty (towaway),2024,2024,December,Sunday,14:00 - 15:59,CANTERBURY,RD,20,East,BERNA,ST,CANTERBURY,167.0,No,Not a school zone,2-way undivided,-33.913464,151.116418,Canterbury-Bankstown,Sydney metro. area,Syd-Newc-Woll Gtr conurbation,Straight,,,,Unknown / not stated,Sealed,Wet,Raining,Daylight,Nil,No traffic controls,60 km/h,State,20,Head on,201,Opp - Head on,,Head-on,Car (sedan/hatch),4 wheel drive / SUV,2,0,0,0,0,12,December,Summer,Sunday,14:00 - 15:59,Midday / afternoon,False,False,False,False
1372607,Non-casualty (towaway),Non-casualty (towaway),2024,2024,December,Friday,12:00 - 13:59,MOONLIGHT,RD,0,Right on the spot,PRAIRIE VALE,RD,PRAIRIEWOOD,,No,Not a school zone,Roundabout,-33.863944,150.898511,Fairfield,Sydney metro. area,Syd-Newc-Woll Gtr conurbation,Straight,,,,Unknown / not stated,Sealed,Dry,Fine,Daylight,Nil,Give way sign,50 km/h,Local,30,Rear end,301,Same - Rear end,,Rear end,Car (sedan/hatch),Car (sedan/hatch),2,0,0,0,0,12,December,Summer,Friday,12:00 - 13:59,Midday / afternoon,False,False,False,False
1372612,Non-casualty (towaway),Non-casualty (towaway),2024,2024,November,Friday,18:00 - 19:59,DIBBS,ST,0,Right on the spot,NUMBER 100,HN,ADAMSTOWN,,No,Not a school zone,2-way undivided,-32.939661,151.715883,Newcastle,Newcastle met. area,Syd-Newc-Woll Gtr conurbation,Straight,Driveway/entrance,,,Unknown / not stated,Sealed,Wet,Raining,Daylight,Nil,No traffic controls,50 km/h,Local,73,Off rd rght => obj,704,Right off cway into obj,,Vehicle - Object,4 wheel drive / SUV,,1,0,0,0,0,11,November,Spring,Friday,18:00 - 19:59,PM peak / evening commute,True,False,False,False
1372615,Non-casualty (towaway),Non-casualty (towaway),2024,2024,November,Saturday,22:00 - Midnight,FRAGAR,RD,0,Right on the spot,SMITH,ST,SOUTH PENRITH,,No,Not a school zone,Roundabout,-33.767737,150.707742,Penrith,Sydney metro. area,Syd-Newc-Woll Gtr conurbation,Straight,,,,Unknown / not stated,Sealed,Dry,Fine,Darkness,Nil,Give way sign,50 km/h,Local,10,Cross traffic,101,Adj - Cross traffic,,Right angle,4 wheel drive / SUV,4 wheel drive / SUV,2,0,0,0,0,11,November,Spring,Saturday,22:00 - Midnight,Evening / night,False,False,False,False
1372619,Non-casualty (towaway),Non-casualty (towaway),2024,2024,November,Tuesday,10:00 - 11:59,BALMORAL,DR,0,Right on the spot,NUMBER 44,HN,GOROKAN,,No,Not a school zone,2-way undivided,-33.257382,151.501136,Central Coast,Country urban,Syd-Newc-Woll Gtr conurbation,Straight,,,,Unknown / not stated,Sealed,Dry,Fine,Daylight,Nil,No traffic controls,50 km/h,Local,71,Off rd left => obj,703,Left off cway into object,,Other angle,Car (sedan/hatch),Car (sedan/hatch),2,0,0,0,0,11,November,Spring,Tuesday,10:00 - 11:59,Midday / afternoon,False,False,False,False
1372626,Non-casualty (towaway),Non-casualty (towaway),2024,2024,December,Saturday,22:00 - Midnight,HAMBLEDON,RD,0,Right on the spot,BARNIER,DR,QUAKERS HILL,7157.0,No,Not a school zone,T-junction,-33.716598,150.892691,Blacktown,Sydney metro. area,Syd-Newc-Woll Gtr conurbation,Straight,,,,On,Sealed,Dry,Fine,Darkness,On,No traffic controls,60 km/h,Regional,29,Other opposing,200,Opp - other,,Other angle,Car (sedan/hatch),4 wheel drive / SUV,2,0,0,0,0,12,December,Summer,Saturday,22:00 - Midnight,Evening / night,False,False,False,False
1372628,Non-casualty (towaway),Non-casualty (towaway),2024,2024,December,Thursday,18:00 - 19:59,CENTRAL COAST,HWY,0,Right on the spot,ERNEST,ST,ERINA,30.0,Yes,No,T-junction,-33.438563,151.379798,Central Coast,Country urban,Syd-Newc-Woll Gtr conurbation,Straight,,,,Unknown / not stated,Sealed,Dry,Fine,Daylight,On,No traffic controls,60 km/h,State,30,Rear end,301,Same - Rear end,,Rear end,4 wheel drive / SUV,Light truck utility(from 2018),2,0,0,0,0,12,December,Summer,Thursday,18:00 - 19:59,PM peak / evening commute,True,False,False,False
1372646,Non-casualty (towaway),Non-casualty (towaway),2024,2024,December,Saturday,14:00 - 15:59,CARNARVON,RD,0,Right on the spot,GRANGE,AVE,SCHOFIELDS,,No,Not a school zone,X-intersection,-33.700472,150.857519,Blacktown,Sydney metro. area,Syd-Newc-Woll Gtr conurbation,Straight,,,,Unknown / not stated,Sealed,Dry,Fine,Daylight,Nil,Stop sign,60 km/h,Local,10,Cross traffic,101,Adj - Cross traffic,,Right angle,Car (sedan/hatch),Station wagon,2,0,0,0,0,12,December,Summer,Saturday,14:00 - 15:59,Midday / afternoon,False,False,False,False
1372650,Non-casualty (towaway),Non-casualty (towaway),2024,2024,November,Saturday,10:00 - 11:59,PRINCESS,ST,50,East,PARKES,AVE,WERRINGTON,,No,Not a school zone,2-way undivided,-33.755174,150.759068,Penrith,Sydney metro. area,Syd-Newc-Woll Gtr conurbation,Straight,,,,Unknown / not stated,Sealed,Wet,Overcast,Daylight,Nil,No traffic controls,50 km/h,Local,30,Rear end,301,Same - Rear end,,Rear end,Car (sedan/hatch),Car (sedan/hatch),3,0,0,0,0,11,November,Spring,Saturday,10:00 - 11:59,Midday / afternoon,False,False,False,False
1372656,Non-casualty (towaway),Non-casualty (towaway),2024,2024,September,Monday,06:00 - 07:59,FRIDAY HUT,RD,3000,North,TINTENBAR,RD,BROOKLET,,No,Not a school zone,2-way undivided,-28.771129,153.517025,Ballina,Country urban,Rest of NSW - Urban,Curved,Embankment/cutting,,,Unknown / not stated,Sealed,Wet,Fine,Dawn,Nil,No traffic controls,60 km/h,Local,84,Off right/left bend,802,Off cway left bend,Right,Rollover,4 wheel drive / SUV,,1,0,0,0,0,9,September,Spring,Monday,06:00 - 07:59,AM peak / school commute,True,False,False,False
1372660,Non-casualty (towaway),Non-casualty (towaway),2024,2024,December,Monday,16:00 - 17:59,NEWCASTLE,EXP,500,South,FREEMANS DRIVE,OP,COORANBONG,6003.0,No,Not a school zone,Dual freeway,-33.047005,151.474555,Lake Macquarie,Newcastle met. area,Syd-Newc-Woll Gtr conurbation,Straight,,,,Unknown / not stated,Sealed,Dry,Fine,Unknown,Nil,No traffic controls,110 km/h,State,70,Off road to left,701,Off carriageway to left,,Rollover,Car (sedan/hatch),,1,0,0,0,0,12,December,Summer,Monday,16:00 - 17:59,PM peak / evening commute,True,False,False,False
1372672,Non-casualty (towaway),Non-casualty (towaway),2024,2024,November,Thursday,10:00 - 11:59,BRUCE,ST,0,Right on the spot,MOATE,ST,BRIGHTON-LE-SANDS,,No,Not a school zone,Roundabout,-33.957387,151.155867,Bayside,Sydney metro. area,Syd-Newc-Woll Gtr conurbation,Straight,,,,Unknown / not stated,Sealed,Dry,Fine,Daylight,Nil,Give way sign,50 km/h,Local,31,Left rear,302,Same - Rear left,,Rear end,Car (sedan/hatch),Car (sedan/hatch),2,0,0,0,0,11,November,Spring,Thursday,10:00 - 11:59,Midday / afternoon,False,False,False,False
1372674,Non-casualty (towaway),Non-casualty (towaway),2024,2024,December,Sunday,06:00 - 07:59,AVOCA,DR,0,Right on the spot,NUMBER 118,HN,GREEN POINT,504.0,No,Not a school zone,Divided road,-33.447277,151.369588,Central Coast,Country urban,Syd-Newc-Woll Gtr conurbation,Curved,Steep grade,,,Unknown / not stated,Sealed,Wet,Fine,Daylight,Nil,No traffic controls,70 km/h,State,81,Off left/rt bnd=>obj,803,Off right bend into obj,Left,Vehicle - Object,Utility,,1,0,0,0,0,12,December,Summer,Sunday,06:00 - 07:59,AM peak / school commute,True,False,False,False
1372685,Non-casualty (towaway),Non-casualty (towaway),2024,2024,December,Monday,08:00 - 09:59,JOHN RENSHAW,DR,0,Right on the spot,NEWCASTLE,EXP,BERESFIELD,588.0,No,Not a school zone,X-intersection,-32.813624,151.635647,Newcastle,Newcastle met. area,Syd-Newc-Woll Gtr conurbation,Straight,,,,Unknown / not stated,Sealed,Dry,Fine,Daylight,On,No traffic controls,80 km/h,State,30,Rear end,301,Same - Rear end,,Rear end,Large rigid,4 wheel drive / SUV,2,0,0,0,0,12,December,Summer,Monday,08:00 - 09:59,AM peak / school commute,True,False,False,False
1372686,Non-casualty (towaway),Non-casualty (towaway),2024,2024,November,Wednesday,06:00 - 07:59,BIRDWOOD,AVE,0,Right on the spot,NUMBER 19,HN,EAST KILLARA,2043.0,No,Not a school zone,2-way undivided,-33.759051,151.172188,Ku-ring-gai,Sydney metro. area,Syd-Newc-Woll Gtr conurbation,Straight,Steep grade,,,Unknown / not stated,Sealed,Dry,Fine,Daylight,Nil,No traffic controls,60 km/h,Regional,71,Off rd left => obj,703,Left off cway into object,,Vehicle - Object,Station wagon,,1,0,0,0,0,11,November,Spring,Wednesday,06:00 - 07:59,AM peak / school commute,True,False,False,False
1372690,Non-casualty (towaway),Non-casualty (towaway),2024,2024,December,Tuesday,06:00 - 07:59,HARDY,ST,0,Right on the spot,PRINCESS,ST,CANTERBURY,,Yes,No,Roundabout,-33.906735,151.123461,Canterbury-Bankstown,Sydney metro. area,Syd-Newc-Woll Gtr conurbation,Straight,,,,Unknown / not stated,Sealed,Dry,Fine,Daylight,Nil,Give way sign,50 km/h,Local,10,Cross traffic,101,Adj - Cross traffic,,Right angle,Car (sedan/hatch),Light truck,2,0,0,0,0,12,December,Summer,Tuesday,06:00 - 07:59,AM peak / school commute,True,False,False,False
1372693,Non-casualty (towaway),Non-casualty (towaway),2024,2024,November,Saturday,08:00 - 09:59,MONA VALE,RD,50,West,SHOWGROUND,ENT,ST IVES,162.0,No,Not a school zone,Divided road,-33.707544,151.186176,Ku-ring-gai,Sydney metro. area,Syd-Newc-Woll Gtr conurbation,Straight,,,,Unknown / not stated,Sealed,Wet,Raining,Daylight,Nil,No traffic controls,90 km/h,State,72,Off road to right,702,Off carriageway to right,,Rollover,Light truck utility(from 2018),,1,0,0,0,0,11,November,Spring,Saturday,08:00 - 09:59,AM peak / school commute,True,False,False,False
1372699,Non-casualty (towaway),Non-casualty (towaway),2024,2024,December,Saturday,12:00 - 13:59,HUME,HWY,0,Right on the spot,BASS HILL PLAZA,ENT,BASS HILL,2.0,No,Not a school zone,Divided road,-33.898353,150.995057,Canterbury-Bankstown,Sydney metro. area,Syd-Newc-Woll Gtr conurbation,Straight,Driveway/entrance,,,Unknown / not stated,Sealed,Dry,Fine,Daylight,On,Ped crossing,70 km/h,State,30,Rear end,301,Same - Rear end,,Rear end,Car (sedan/hatch),Car (sedan/hatch),2,0,0,0,0,12,December,Summer,Saturday,12:00 - 13:59,Midday / afternoon,False,False,False,False
1372700,Non-casualty (towaway),Non-casualty (towaway),2024,2024,November,Friday,10:00 - 11:59,GROSVENOR,ST,0,Right on the spot,NUMBER 34,HN,NEUTRAL BAY,,No,Not a school zone,2-way undivided,-33.829855,151.221376,North Sydney,Sydney metro. area,Syd-Newc-Woll Gtr conurbation,Straight,,,,Unknown / not stated,Sealed,Dry,Fine,Daylight,Nil,No traffic controls,50 km/h,Local,63,Vehicle door,604,On path - Vehicle door,,Other angle,4 wheel drive / SUV,Car (sedan/hatch),2,0,0,0,0,11,November,Spring,Friday,10:00 - 11:59,Midday / afternoon,False,False,False,False
1372703,Non-casualty (towaway),Non-casualty (towaway),2024,2024,December,Friday,22:00 - Midnight,WOODVILLE,RD,10,South,LLEWELLYN,AVE,VILLAWOOD,640.0,No,Not a school zone,X-intersection,-33.881969,150.977453,Canterbury-Bankstown,Sydney metro. area,Syd-Newc-Woll Gtr conurbation,Straight,,,,Unknown / not stated,Sealed,Dry,Fine,Darkness,On,No traffic controls,60 km/h,State,30,Rear end,301,Same - Rear end,,Rear end,Light truck,Car (sedan/hatch),2,0,0,0,0,12,December,Summer,Friday,22:00 - Midnight,Evening / night,False,False,False,False
1372708,Non-casualty (towaway),Non-casualty (towaway),2024,2024,November,Sunday,14:00 - 15:59,PRINCES,HWY,20,South,DARLEY,ST,NEWTOWN,1.0,No,Not a school zone,2-way undivided,-33.90602,151.181102,Inner West,Sydney metro. area,Syd-Newc-Woll Gtr conurbation,Straight,,,,Unknown / not stated,Sealed,Dry,Fine,Daylight,Nil,No traffic controls,40 km/h,State,71,Off rd left => obj,703,Left off cway into object,,Other angle,4 wheel drive / SUV,4 wheel drive / SUV,3,0,0,0,0,11,November,Spring,Sunday,14:00 - 15:59,Midday / afternoon,False,False,False,False
1372710,Non-casualty (towaway),Non-casualty (towaway),2024,2024,December,Monday,14:00 - 15:59,OCONNELL,ST,50,South,GEORGE,ST,PARRAMATTA,184.0,No,Not a school zone,2-way undivided,-33.813269,151.000219,Parramatta,Sydney metro. area,Syd-Newc-Woll Gtr conurbation,Straight,,,,Unknown / not stated,Sealed,Dry,Fine,Daylight,Nil,No traffic controls,60 km/h,State,35,Lane change left,307,Same - Lane change left,,Other angle,4 wheel drive / SUV,4 wheel drive / SUV,2,0,0,0,0,12,December,Summer,Monday,14:00 - 15:59,Midday / afternoon,False,False,False,False
1372713,Non-casualty (towaway),Non-casualty (towaway),2024,2024,December,Friday,08:00 - 09:59,DAMPIER,ST,0,Right on the spot,JEWRY,ST,TAMINDA,7744.0,No,Not a school zone,Roundabout,-31.089505,150.899031,Tamworth Regional,Country urban,Rest of NSW - Urban,Curved,,,,Unknown / not stated,Sealed,Dry,Fine,Daylight,Nil,Give way sign,60 km/h,Regional,88,Out of cont on bend,805,Out of control on bend,,Rollover,Large rigid,,1,0,0,0,0,12,December,Summer,Friday,08:00 - 09:59,AM peak / school commute,True,False,False,False
1372714,Non-casualty (towaway),Non-casualty (towaway),2024,2024,November,Thursday,08:00 - 09:59,OLD CANTERBURY,RD,0,Right on the spot,HANKS,ST,ASHFIELD,652.0,No,Not a school zone,T-junction,-33.903879,151.129307,Inner West,Sydney metro. area,Syd-Newc-Woll Gtr conurbation,Straight,Steep grade,,,Unknown / not stated,Sealed,Dry,Fine,Daylight,Nil,Give way sign,50 km/h,State,21,Right through,202,Opp - Right-thru,,Other angle,Car (sedan/hatch),Motorcycle,2,0,0,0,0,11,November,Spring,Thursday,08:00 - 09:59,AM peak / school commute,True,False,False,False
1372715,Non-casualty (towaway),Non-casualty (towaway),2024,2024,October,Saturday,14:00 - 15:59,NEWCASTLE,EXP,15,South,PEATS RIDGE ROAD,OP,CALGA,6003.0,No,Not a school zone,Other,-33.427314,151.227196,Central Coast,Country non-urban,Syd-Newc-Woll Gtr conurbation,Curved,Other bridge,,,Off,Sealed,Dry,Fine,Daylight,Nil,No traffic controls,110 km/h,State,85,Off rt/lft bnd=>obj,804,Off left bend into obj,Right,Vehicle - Object,Motorcycle,,1,0,0,0,0,10,October,Spring,Saturday,14:00 - 15:59,Midday / afternoon,False,False,False,False
1372716,Non-casualty (towaway),Non-casualty (towaway),2024,2024,October,Tuesday,06:00 - 07:59,GENERAL HOLMES,DR,1000,West,FORESHORE ROAD,TO,MASCOT,194.0,No,Not a school zone,Divided road,-33.945951,151.175603,Bayside,Sydney metro. area,Syd-Newc-Woll Gtr conurbation,Straight,Underpass/tunnel,,,Unknown / not stated,Sealed,Dry,Fine,Daylight,Nil,No traffic controls,60 km/h,State,30,Rear end,301,Same - Rear end,,Rear end,Station wagon,Light truck utility(from 2018),2,0,0,0,0,10,October,Spring,Tuesday,06:00 - 07:59,AM peak / school commute,True,False,False,False
1372727,Non-casualty (towaway),Non-casualty (towaway),2024,2024,November,Wednesday,00:01 - 01:59,CLIO,ST,0,Right on the spot,TORONTO,PDE,SUTHERLAND,,No,Not a school zone,T-junction,-34.028107,151.060359,Sutherland,Sydney metro. area,Syd-Newc-Woll Gtr conurbation,Straight,,,,Unknown / not stated,Sealed,Dry,Fine,Darkness,Nil,No traffic controls,50 km/h,Local,71,Off rd left => obj,703,Left off cway into object,,Vehicle - Object,Light truck utility(from 2018),,1,0,0,0,0,11,November,Spring,Wednesday,00:01 - 01:59,Late night / early morning,False,False,False,False
1372728,Non-casualty (towaway),Non-casualty (towaway),2024,2024,December,Monday,18:00 - 19:59,MANILLA,RD,2000,North,SOMERTON,RD,MANILLA,63.0,No,Not a school zone,2-way undivided,-30.779803,150.74059,Tamworth Regional,Country non-urban,Rest of NSW - Rural,Straight,,,,Unknown / not stated,Sealed,Dry,Fine,Unknown,Nil,No traffic controls,100 km/h,State,71,Off rd left => obj,703,Left off cway into object,,Vehicle - Object,4 wheel drive / SUV,,1,0,0,0,0,12,December,Summer,Monday,18:00 - 19:59,PM peak / evening commute,True,False,False,False