crash_id,degree_of_crash,degree_of_crash_-_detailed,reporting_year,year_of_crash,month_of_crash,day_of_week_of_crash,two-hour_intervals,street_of_crash,street_type,distance,direction,identifying_feature,identifying_feature_type,town,route_no.,school_zone_location,school_zone_active,type_of_location,latitude,longitude,lga,urbanisation,conurbation_1,alignment,primary_permanent_feature,primary_temporary_feature,primary_hazardous_feature,street_lighting,road_surface,surface_condition,weather,natural_lighting,signals_operation,other_traffic_control,speed_limit,road_classification_(admin),rum_-_code,rum_-_description,dca_-_code,dca_-_description,dca_supplement,first_impact_type,key_tu_type,other_tu_type,no._of_traffic_units_involved,no._killed,no._seriously_injured,no._moderately_injured,no._minor-other_injured,month_num,month_label,season,day_label,time_label,time_band,is_peak_commute,is_fatal,is_injury,is_casualty
1372730,Non-casualty (towaway),Non-casualty (towaway),2024,2024,December,Wednesday,10:00 - 11:59,CANLEY VALE,RD,0,Right on the spot,BULLS,RD,WAKELEY,7224.0,No,Not a school zone,Roundabout,-33.877352,150.904706,Fairfield,Sydney metro. area,Syd-Newc-Woll Gtr conurbation,Straight,,,,Unknown / not stated,Sealed,Dry,Fine,Daylight,Nil,Give way sign,60 km/h,Regional,19,Other adjacent,100,Adj - other,,Right angle,Light truck utility(from 2018),Car (sedan/hatch),2,0,0,0,0,12,December,Summer,Wednesday,10:00 - 11:59,Midday / afternoon,False,False,False,False
1372731,Non-casualty (towaway),Non-casualty (towaway),2024,2024,October,Friday,12:00 - 13:59,GREEN,RD,0,Right on the spot,PRESIDENT,RD,KELLYVILLE,7470.0,No,Not a school zone,Roundabout,-33.709263,150.974075,The Hills,Sydney metro. area,Syd-Newc-Woll Gtr conurbation,Straight,Steep grade,,,Unknown / not stated,Sealed,Dry,Fine,Daylight,Nil,Give way sign,50 km/h,Regional,13,Right near,104,Adj - Right-thru from right,,Right angle,Motorcycle,4 wheel drive / SUV,2,0,0,0,0,10,October,Spring,Friday,12:00 - 13:59,Midday / afternoon,False,False,False,False
1372737,Non-casualty (towaway),Non-casualty (towaway),2024,2024,October,Friday,16:00 - 17:59,DUMARESQ,ST,0,Right on the spot,TAYLOR,ST,ARMIDALE,,No,Not a school zone,X-intersection,-30.513247,151.672192,Armidale Regional,Country urban,Rest of NSW - Urban,Straight,,,,Unknown / not stated,Sealed,Dry,Fine,Daylight,Nil,Give way sign,50 km/h,Local,10,Cross traffic,101,Adj - Cross traffic,,Right angle,Car (sedan/hatch),4 wheel drive / SUV,2,0,0,0,0,10,October,Spring,Friday,16:00 - 17:59,PM peak / evening commute,True,False,False,False
1372741,Non-casualty (towaway),Non-casualty (towaway),2024,2024,November,Monday,12:00 - 13:59,BONSHAW,RD,3620,South,EMMAVILLE,RD,ASHFORD,137.0,No,Not a school zone,2-way undivided,-29.276303,151.14139,Inverell,Country non-urban,Rest of NSW - Rural,Curved,,,,Unknown / not stated,Sealed,Dry,Fine,Daylight,Nil,No traffic controls,100 km/h,Regional,88,Out of cont on bend,805,Out of control on bend,,Rollover,Large rigid,,1,0,0,0,0,11,November,Spring,Monday,12:00 - 13:59,Midday / afternoon,False,False,False,False
1372745,Non-casualty (towaway),Non-casualty (towaway),2024,2024,December,Wednesday,16:00 - 17:59,PENDENE,RD,1200,South,DURI-DUNGOWAN,RD,LOOMBERAH,,No,Not a school zone,2-way undivided,-31.233847,151.057643,Tamworth Regional,Country non-urban,Rest of NSW - Rural,Curved,,,,Unknown / not stated,Unsealed,Dry,Fine,Daylight,Nil,No traffic controls,100 km/h,Local,67,Struck animal,609,On path - Hit animal,,Vehicle - Animal,Light truck utility(from 2018),,1,0,0,0,0,12,December,Summer,Wednesday,16:00 - 17:59,PM peak / evening commute,True,False,False,False
1372748,Non-casualty (towaway),Non-casualty (towaway),2024,2024,November,Sunday,20:00 - 21:59,EPPING,RD,0,Right on the spot,NUMBER 50-52,HN,LANE COVE,373.0,No,Not a school zone,Divided road,-33.811139,151.165439,Lane Cove,Sydney metro. area,Syd-Newc-Woll Gtr conurbation,Straight,,,,Unknown / not stated,Sealed,Dry,Fine,Darkness,Nil,No traffic controls,60 km/h,State,30,Rear end,301,Same - Rear end,,Rear end,Car (sedan/hatch),4 wheel drive / SUV,2,0,0,0,0,11,November,Spring,Sunday,20:00 - 21:59,Evening / night,False,False,False,False
1372751,Non-casualty (towaway),Non-casualty (towaway),2024,2024,November,Friday,14:00 - 15:59,OLD PRINCES,HWY,0,Right on the spot,NUBER 1093,HN,ENGADINE,,No,Not a school zone,2-way undivided,-34.066362,151.012065,Sutherland,Sydney metro. area,Syd-Newc-Woll Gtr conurbation,Straight,Steep grade,,,Unknown / not stated,Sealed,Dry,Fine,Daylight,Nil,No traffic controls,50 km/h,Local,43,Entering parking,402,Manov - Entering parking veh,,Other angle,Light truck utility(from 2018),4 wheel drive / SUV,2,0,0,0,0,11,November,Spring,Friday,14:00 - 15:59,Midday / afternoon,False,False,False,False
1372760,Non-casualty (towaway),Non-casualty (towaway),2024,2024,November,Thursday,16:00 - 17:59,BELL,ST,0,Right on the spot,GEORGE,ST,SOUTH WINDSOR,,No,Not a school zone,X-intersection,-33.615024,150.810274,Hawkesbury,Country urban,Syd-Newc-Woll Gtr conurbation,Straight,,,,Unknown / not stated,Sealed,Wet,Overcast,Daylight,Nil,Stop sign,50 km/h,Local,21,Right through,202,Opp - Right-thru,,Other angle,Car (sedan/hatch),Light truck utility(from 2018),2,0,0,0,0,11,November,Spring,Thursday,16:00 - 17:59,PM peak / evening commute,True,False,False,False
1372763,Non-casualty (towaway),Non-casualty (towaway),2024,2024,November,Thursday,18:00 - 19:59,BEATRICE,ST,0,Right on the spot,PARK,RD,AUBURN,,No,Not a school zone,Roundabout,-33.853995,151.029566,Cumberland,Sydney metro. area,Syd-Newc-Woll Gtr conurbation,Straight,,,,Unknown / not stated,Sealed,Wet,Raining,Dusk,Nil,Give way sign,50 km/h,Local,10,Cross traffic,101,Adj - Cross traffic,,Right angle,Light truck utility(from 2018),Station wagon,2,0,0,0,0,11,November,Spring,Thursday,18:00 - 19:59,PM peak / evening commute,True,False,False,False
1372764,Non-casualty (towaway),Non-casualty (towaway),2024,2024,November,Sunday,00:01 - 01:59,NEW ILLAWARRA,RD,0,Right on the spot,NUMBER 82,HN,BEXLEY NORTH,7030.0,No,Not a school zone,2-way undivided,-33.940703,151.114491,Bayside,Sydney metro. area,Syd-Newc-Woll Gtr conurbation,Straight,,,,Unknown / not stated,Sealed,Dry,Fine,Darkness,Nil,No traffic controls,50 km/h,Regional,71,Off rd left => obj,703,Left off cway into object,,Other angle,Car (sedan/hatch),Light truck,2,0,0,0,0,11,November,Spring,Sunday,00:01 - 01:59,Late night / early morning,False,False,False,False
1372766,Non-casualty (towaway),Non-casualty (towaway),2024,2024,November,Friday,16:00 - 17:59,CONDAMINE,ST,0,Right on the spot,INNES,RD,MANLY VALE,164.0,Yes,No,T-junction,-33.783351,151.267563,Northern Beaches,Sydney metro. area,Syd-Newc-Woll Gtr conurbation,Straight,Bus/transit lane,,,Unknown / not stated,Sealed,Dry,Fine,Dusk,Nil,No traffic controls,60 km/h,State,37,Left turn sideswipe,309,Same - Left turn side swipe,,Other angle,Car (sedan/hatch),Other bus,2,0,0,0,0,11,November,Spring,Friday,16:00 - 17:59,PM peak / evening commute,True,False,False,False
1372768,Non-casualty (towaway),Non-casualty (towaway),2024,2024,November,Saturday,22:00 - Midnight,VICKERS,RD,0,Right on the spot,NUMBER 273,HN,LAVINGTON,,No,Not a school zone,2-way undivided,-36.044888,146.954042,Albury,Country urban,Rest of NSW - Urban,Straight,,,,Unknown / not stated,Sealed,Wet,Raining,Darkness,Nil,No traffic controls,50 km/h,Local,71,Off rd left => obj,703,Left off cway into object,,Other angle,Car (sedan/hatch),Car (sedan/hatch),2,0,0,0,0,11,November,Spring,Saturday,22:00 - Midnight,Evening / night,False,False,False,False
1372769,Non-casualty (towaway),Non-casualty (towaway),2024,2024,November,Saturday,04:00 - 05:59,BUFFALO,RD,0,Right on the spot,NUMBER 81,HN,RYDE,,Yes,No,2-way undivided,-33.816764,151.120526,Ryde,Sydney metro. area,Syd-Newc-Woll Gtr conurbation,Straight,Driveway/entrance,,,Unknown / not stated,Sealed,Wet,Raining,Darkness,Nil,No traffic controls,50 km/h,Local,47,Emerging from drive,406,Manov - Emerging from driveway,,Right angle,Car (sedan/hatch),4 wheel drive / SUV,3,0,0,0,0,11,November,Spring,Saturday,04:00 - 05:59,Late night / early morning,False,False,False,False
1372775,Non-casualty (towaway),Non-casualty (towaway),2024,2024,December,Saturday,12:00 - 13:59,PEATS RIDGE,RD,0,Right on the spot,COOKS,RD,CALGA,455.0,No,Not a school zone,T-junction,-33.402082,151.212154,Central Coast,Country non-urban,Syd-Newc-Woll Gtr conurbation,Straight,,,,Unknown / not stated,Sealed,Dry,Fine,Daylight,Nil,Give way sign,100 km/h,Regional,71,Off rd left => obj,703,Left off cway into object,,Vehicle - Object,Station wagon,,1,0,0,0,0,12,December,Summer,Saturday,12:00 - 13:59,Midday / afternoon,False,False,False,False
1372777,Non-casualty (towaway),Non-casualty (towaway),2024,2024,December,Tuesday,20:00 - 21:59,STURT,HWY,8000,East,GLENCOE,RD,HAY SOUTH,14.0,No,Not a school zone,2-way undivided,-34.500232,145.099454,Hay,Country non-urban,Rest of NSW - Rural,Straight,,,,Unknown / not stated,Sealed,Dry,Fine,Darkness,Nil,No traffic controls,110 km/h,State,67,Struck animal,609,On path - Hit animal,,Vehicle - Animal,Car (sedan/hatch),,1,0,0,0,0,12,December,Summer,Tuesday,20:00 - 21:59,Evening / night,False,False,False,False
1372779,Non-casualty (towaway),Non-casualty (towaway),2024,2024,December,Thursday,16:00 - 17:59,CAMERON CORNER,RD,48280,West,SILVER CITY,HWY,TIBOOBURRA,,No,Not a school zone,2-way undivided,-29.240468,141.612325,Unincorporated,Country non-urban,Rest of NSW - Rural,Straight,,,,Unknown / not stated,Unsealed,Dry,Fine,Daylight,Nil,No traffic controls,100 km/h,Local,70,Off road to left,701,Off carriageway to left,,Rollover,Passenger van,,1,0,0,0,0,12,December,Summer,Thursday,16:00 - 17:59,PM peak / evening commute,True,False,False,False
1372785,Non-casualty (towaway),Non-casualty (towaway),2024,2024,December,Sunday,02:00 - 03:59,NELSON,AVE,999999,Unknown/not stated,UNKNOWN,UK,WENTWORTH FALLS,,No,Not a school zone,2-way undivided,-33.715903,150.380774,Blue Mountains,Country urban,Syd-Newc-Woll Gtr conurbation,Curved,,,,Unknown / not stated,Sealed,Dry,Fine,Darkness,Nil,No traffic controls,50 km/h,Local,81,Off left/rt bnd=>obj,803,Off right bend into obj,Left,Vehicle - Object,Car (sedan/hatch),,1,0,0,0,0,12,December,Summer,Sunday,02:00 - 03:59,Late night / early morning,False,False,False,False
1372786,Non-casualty (towaway),Non-casualty (towaway),2024,2024,September,Saturday,14:00 - 15:59,NEW ENGLAND,HWY,0,Right on the spot,GRAFTON,ST,GLEN INNES,9.0,No,Not a school zone,X-intersection,-29.726667,151.740181,Glen Innes Severn,Country urban,Rest of NSW - Urban,Straight,,,,Unknown / not stated,Sealed,Dry,Fine,Daylight,Nil,Give way sign,80 km/h,State,10,Cross traffic,101,Adj - Cross traffic,,Right angle,Light truck utility(from 2018),Car (sedan/hatch),2,0,0,0,0,9,September,Spring,Saturday,14:00 - 15:59,Midday / afternoon,False,False,False,False
1372798,Non-casualty (towaway),Non-casualty (towaway),2024,2024,November,Tuesday,08:00 - 09:59,PRINCES,HWY,20,West,BATH,RD,KIRRAWEE,1.0,No,Not a school zone,Divided road,-34.032107,151.075977,Sutherland,Sydney metro. area,Syd-Newc-Woll Gtr conurbation,Straight,,,,Unknown / not stated,Sealed,Dry,Fine,Daylight,Nil,No traffic controls,70 km/h,State,39,Other same direction,300,Same - other,,Other angle,Large rigid,Car (sedan/hatch),2,0,0,0,0,11,November,Spring,Tuesday,08:00 - 09:59,AM peak / school commute,True,False,False,False
1372806,Non-casualty (towaway),Non-casualty (towaway),2024,2024,December,Monday,16:00 - 17:59,FEDERAL,HWY,0,Right on the spot,BUNGENDORE,RD,BYWONG,3.0,No,Not a school zone,T-junction,-35.144839,149.333494,Queanbeyan-Palerang Regional,Country non-urban,Rest of NSW - Rural,Curved,,,,Unknown / not stated,Sealed,Dry,Fine,Daylight,Nil,Stop sign,110 km/h,State,16,Left near,107,Adj - Left-thru from right,,Right angle,4 wheel drive / SUV,4 wheel drive / SUV,2,0,0,0,0,12,December,Summer,Monday,16:00 - 17:59,PM peak / evening commute,True,False,False,False
1372811,Non-casualty (towaway),Non-casualty (towaway),2024,2024,November,Sunday,08:00 - 09:59,SCENIC,DR,0,Right on the spot,LLOYD,ST,MEREWETHER,7777.0,No,Not a school zone,X-intersection,-32.950973,151.752523,Newcastle,Newcastle met. area,Syd-Newc-Woll Gtr conurbation,Curved,Steep grade,,,Unknown / not stated,Sealed,Dry,Fine,Daylight,Nil,Stop sign,50 km/h,Regional,89,Other curve,800,Other on curve,,Vehicle - Object,Car (sedan/hatch),,1,0,0,0,0,11,November,Spring,Sunday,08:00 - 09:59,AM peak / school commute,True,False,False,False
1372815,Non-casualty (towaway),Non-casualty (towaway),2024,2024,November,Friday,18:00 - 19:59,WEST,ST,200,North,BROAD,ST,EUGOWRA,,No,Not a school zone,2-way undivided,-33.426125,148.35993,Cabonne,Country urban,Rest of NSW - Urban,Straight,Steep grade,,,Unknown / not stated,Sealed,Dry,Fine,Daylight,Nil,No traffic controls,50 km/h,Local,71,Off rd left => obj,703,Left off cway into object,,Vehicle - Object,Car (sedan/hatch),,1,0,0,0,0,11,November,Spring,Friday,18:00 - 19:59,PM peak / evening commute,True,False,False,False
1372817,Non-casualty (towaway),Non-casualty (towaway),2024,2024,December,Monday,08:00 - 09:59,BURNS,RD,0,Right on the spot,NUMBER 41A,HN,OURIMBAH,,No,Not a school zone,2-way undivided,-33.346883,151.374085,Central Coast,Country urban,Syd-Newc-Woll Gtr conurbation,Straight,,,,Unknown / not stated,Sealed,Dry,Fine,Daylight,Nil,No traffic controls,50 km/h,Local,39,Other same direction,300,Same - other,,Other angle,4 wheel drive / SUV,Car (sedan/hatch),2,0,0,0,0,12,December,Summer,Monday,08:00 - 09:59,AM peak / school commute,True,False,False,False
1372819,Non-casualty (towaway),Non-casualty (towaway),2024,2024,December,Tuesday,10:00 - 11:59,RAILWAY,TCE,0,Right on the spot,RIVERSTONE,RD,RIVERSTONE,7157.0,No,Not a school zone,T-junction,-33.686595,150.864577,Blacktown,Sydney metro. area,Syd-Newc-Woll Gtr conurbation,Straight,,,,Unknown / not stated,Sealed,Dry,Fine,Daylight,Nil,No traffic controls,50 km/h,Regional,13,Right near,104,Adj - Right-thru from right,,Right angle,4 wheel drive / SUV,Car (sedan/hatch),2,0,0,0,0,12,December,Summer,Tuesday,10:00 - 11:59,Midday / afternoon,False,False,False,False
1372823,Non-casualty (towaway),Non-casualty (towaway),2024,2024,November,Monday,22:00 - Midnight,MURRINGO,RD,2000,West,CAMPBELLFIELDS,RD,BOOROWA,241.0,No,Not a school zone,2-way undivided,-34.390125,148.605506,Hilltops,Country non-urban,Rest of NSW - Rural,Straight,Painted double centre lines,,,Nil,Sealed,Dry,Fine,Darkness,Nil,No traffic controls,100 km/h,Regional,73,Off rd rght => obj,704,Right off cway into obj,,Vehicle - Object,Station wagon,,1,0,0,0,0,11,November,Spring,Monday,22:00 - Midnight,Evening / night,False,False,False,False
1372826,Non-casualty (towaway),Non-casualty (towaway),2024,2024,November,Wednesday,16:00 - 17:59,LYONS,RD,0,Right on the spot,NUMBER 72,HN,DRUMMOYNE,395.0,No,Not a school zone,2-way undivided,-33.853162,151.15137,Canada Bay,Sydney metro. area,Syd-Newc-Woll Gtr conurbation,Straight,,,,Unknown / not stated,Sealed,Dry,Fine,Daylight,Nil,No traffic controls,50 km/h,State,30,Rear end,301,Same - Rear end,,Rear end,Car (sedan/hatch),4 wheel drive / SUV,2,0,0,0,0,11,November,Spring,Wednesday,16:00 - 17:59,PM peak / evening commute,True,False,False,False
1372831,Non-casualty (towaway),Non-casualty (towaway),2024,2024,November,Monday,14:00 - 15:59,LEIGH,ST,0,Right on the spot,MATTHEW,ST,MERRYLANDS,,Yes,No,T-junction,-33.841302,150.976051,Cumberland,Sydney metro. area,Syd-Newc-Woll Gtr conurbation,Straight,,,,Unknown / not stated,Sealed,Dry,Fine,Daylight,Nil,Left turn only,50 km/h,Local,41,U turn into object,409,Manov - U-turn into fixed obje,,Vehicle - Object,4 wheel drive / SUV,,1,0,0,0,0,11,November,Spring,Monday,14:00 - 15:59,Midday / afternoon,False,False,False,False
1372833,Non-casualty (towaway),Non-casualty (towaway),2024,2024,October,Wednesday,16:00 - 17:59,COLLEGE,ST,0,Right on the spot,NUMBER 52,HN,CAMBRIDGE PARK,,No,Not a school zone,2-way undivided,-33.749063,150.721947,Penrith,Sydney metro. area,Syd-Newc-Woll Gtr conurbation,Straight,Driveway/entrance,,,Unknown / not stated,Sealed,Dry,Fine,Daylight,Nil,No traffic controls,50 km/h,Local,47,Emerging from drive,406,Manov - Emerging from driveway,,Right angle,Car (sedan/hatch),Car (sedan/hatch),3,0,0,0,0,10,October,Spring,Wednesday,16:00 - 17:59,PM peak / evening commute,True,False,False,False
1372838,Non-casualty (towaway),Non-casualty (towaway),2024,2024,November,Thursday,10:00 - 11:59,MOULAMEIN,RD,0,Right on the spot,WHYMOUL CRREK,BDGE,BARHAM,319.0,No,Not a school zone,2-way undivided,-35.519403,144.203272,Murray River,Country non-urban,Rest of NSW - Rural,Straight,Other bridge,,,Unknown / not stated,Sealed,Dry,Fine,Daylight,Nil,No traffic controls,100 km/h,Regional,74,On road-out of cont.,705,Out of control on cway,,Rollover,Light truck utility(from 2018),,1,0,0,0,0,11,November,Spring,Thursday,10:00 - 11:59,Midday / afternoon,False,False,False,False
1372839,Non-casualty (towaway),Non-casualty (towaway),2024,2024,November,Wednesday,12:00 - 13:59,FAILFORD,RD,0,Right on the spot,BULLOCKY,WAY,FAILFORD,692.0,No,Not a school zone,T-junction,-32.091953,152.447351,Mid-Coast,Country urban,Rest of NSW - Urban,Straight,,,,Unknown / not stated,Sealed,Dry,Fine,Daylight,Nil,Give way sign,80 km/h,State,53,Overtake turning,506,Ovtak - Overtaking right turn,,Other angle,Light truck utility(from 2018),Large rigid,2,0,0,0,0,11,November,Spring,Wednesday,12:00 - 13:59,Midday / afternoon,False,False,False,False
1372841,Non-casualty (towaway),Non-casualty (towaway),2024,2024,December,Sunday,18:00 - 19:59,WARRINGAH,EXP,20,North,PACIFIC HIGHWAY,TO,NORTH SYDNEY,651.0,No,Not a school zone,Dual freeway,-33.843096,151.210945,North Sydney,Sydney metro. area,Syd-Newc-Woll Gtr conurbation,Straight,,,,Unknown / not stated,Sealed,Dry,Fine,Dusk,Nil,No traffic controls,40 km/h,State,71,Off rd left => obj,703,Left off cway into object,,Vehicle - Object,Car (sedan/hatch),,1,0,0,0,0,12,December,Summer,Sunday,18:00 - 19:59,PM peak / evening commute,True,False,False,False
1372844,Non-casualty (towaway),Non-casualty (towaway),2024,2024,November,Friday,20:00 - 21:59,WARDELL,RD,0,Right on the spot,FRAZER,ST,PETERSHAM,7053.0,No,Not a school zone,X-intersection,-33.901037,151.149046,Inner West,Sydney metro. area,Syd-Newc-Woll Gtr conurbation,Straight,Steep grade,,,Unknown / not stated,Sealed,Wet,Raining,Darkness,On,No traffic controls,50 km/h,Regional,21,Right through,202,Opp - Right-thru,,Other angle,Passenger van,Station wagon,2,0,0,0,0,11,November,Spring,Friday,20:00 - 21:59,Evening / night,False,False,False,False
1372853,Non-casualty (towaway),Non-casualty (towaway),2024,2024,December,Wednesday,14:00 - 15:59,QUEEN VICTORIA,ST,0,Right on the spot,WOLSELEY,ST,BEXLEY,7009.0,No,Not a school zone,Roundabout,-33.959922,151.129259,Bayside,Sydney metro. area,Syd-Newc-Woll Gtr conurbation,Straight,,,,Unknown / not stated,Sealed,Dry,Fine,Daylight,Nil,Give way sign,50 km/h,Regional,59,Other overtaking,500,Ovtak - other,,Other angle,Passenger van,Car (sedan/hatch),2,0,0,0,0,12,December,Summer,Wednesday,14:00 - 15:59,Midday / afternoon,False,False,False,False
1372858,Non-casualty (towaway),Non-casualty (towaway),2024,2024,October,Saturday,14:00 - 15:59,BROUGHTON,ST,0,Right on the spot,NUMBER 16,HN,CONCORD,,No,Not a school zone,2-way undivided,-33.861043,151.106403,Canada Bay,Sydney metro. area,Syd-Newc-Woll Gtr conurbation,Straight,,,,Unknown / not stated,Sealed,Dry,Fine,Daylight,Nil,No traffic controls,50 km/h,Local,71,Off rd left => obj,703,Left off cway into object,,Other angle,Light truck,Car (sedan/hatch),2,0,0,0,0,10,October,Spring,Saturday,14:00 - 15:59,Midday / afternoon,False,False,False,False
1372861,Non-casualty (towaway),Non-casualty (towaway),2024,2024,December,Sunday,10:00 - 11:59,CANTERBURY,RD,0,Right on the spot,FAWCETT,ST,GLENFIELD,680.0,No,Not a school zone,X-intersection,-33.978838,150.898521,Campbelltown,Sydney metro. area,Syd-Newc-Woll Gtr conurbation,Straight,,,,Off,Sealed,Dry,Fine,Daylight,Nil,Stop sign,60 km/h,State,10,Cross traffic,101,Adj - Cross traffic,,Right angle,Car (sedan/hatch),Car (sedan/hatch),2,0,0,0,0,12,December,Summer,Sunday,10:00 - 11:59,Midday / afternoon,False,False,False,False
1372863,Non-casualty (towaway),Non-casualty (towaway),2024,2024,December,Tuesday,22:00 - Midnight,TAREN POINT,RD,0,Right on the spot,BOX,RD,TAREN POINT,199.0,No,Not a school zone,X-intersection,-34.024304,151.120922,Sutherland,Sydney metro. area,Syd-Newc-Woll Gtr conurbation,Straight,,,,Unknown / not stated,Sealed,Dry,Fine,Darkness,On,No traffic controls,70 km/h,State,71,Off rd left => obj,703,Left off cway into object,,Vehicle - Object,Light truck utility(from 2018),,1,0,0,0,0,12,December,Summer,Tuesday,22:00 - Midnight,Evening / night,False,False,False,False
1372864,Non-casualty (towaway),Non-casualty (towaway),2024,2024,December,Monday,16:00 - 17:59,CUMBERLAND,HWY,150,North,WOODPARK,RD,SMITHFIELD,13.0,No,Not a school zone,Divided road,-33.838417,150.957683,Cumberland,Sydney metro. area,Syd-Newc-Woll Gtr conurbation,Straight,,,,Unknown / not stated,Sealed,Dry,Fine,Daylight,Nil,No traffic controls,70 km/h,State,30,Rear end,301,Same - Rear end,,Rear end,Car (sedan/hatch),Car (sedan/hatch),3,0,0,0,0,12,December,Summer,Monday,16:00 - 17:59,PM peak / evening commute,True,False,False,False
1372866,Non-casualty (towaway),Non-casualty (towaway),2024,2024,June,Wednesday,10:00 - 11:59,FAIREY,RD,0,Right on the spot,NUMBER 195,HN,SOUTH WINDSOR,,No,Not a school zone,2-way undivided,-33.632394,150.813627,Hawkesbury,Country urban,Syd-Newc-Woll Gtr conurbation,Straight,,,,Unknown / not stated,Unsealed,Dry,Fine,Daylight,Nil,No traffic controls,60 km/h,Local,73,Off rd rght => obj,704,Right off cway into obj,,Vehicle - Object,Car (sedan/hatch),,1,0,0,0,0,6,June,Winter,Wednesday,10:00 - 11:59,Midday / afternoon,False,False,False,False
1372869,Non-casualty (towaway),Non-casualty (towaway),2024,2024,December,Thursday,18:00 - 19:59,DORA,ST,0,Right on the spot,TRAIN STATION,ENT,MORISSET,217.0,No,Not a school zone,2-way undivided,-33.108512,151.487517,Lake Macquarie,Newcastle met. area,Syd-Newc-Woll Gtr conurbation,Curved,Driveway/entrance,,,Unknown / not stated,Sealed,Dry,Fine,Daylight,Nil,No traffic controls,50 km/h,State,21,Right through,202,Opp - Right-thru,,Other angle,4 wheel drive / SUV,4 wheel drive / SUV,2,0,0,0,0,12,December,Summer,Thursday,18:00 - 19:59,PM peak / evening commute,True,False,False,False
1372881,Non-casualty (towaway),Non-casualty (towaway),2024,2024,December,Monday,10:00 - 11:59,CASTLEREAGH,HWY,0,Right on the spot,CUDGEGONG,RD,CUDGEGONG,18.0,No,Not a school zone,T-junction,-32.814783,149.812113,Mid-Western Regional,Country non-urban,Rest of NSW - Rural,Straight,,,,Unknown / not stated,Sealed,Dry,Fine,Daylight,Nil,Give way sign,100 km/h,State,32,Right rear,303,Same - Rear right,,Rear end,Light truck utility(from 2018),4 wheel drive / SUV,2,0,0,0,0,12,December,Summer,Monday,10:00 - 11:59,Midday / afternoon,False,False,False,False
1372891,Non-casualty (towaway),Non-casualty (towaway),2024,2024,November,Sunday,12:00 - 13:59,SHOWGROUND,RD,15,North,GOSFORD SHOWGROUND,OT,GOSFORD,,No,Not a school zone,2-way undivided,-33.412476,151.343736,Central Coast,Country urban,Syd-Newc-Woll Gtr conurbation,Curved,,,,Unknown / not stated,Sealed,Dry,Fine,Daylight,Nil,No traffic controls,60 km/h,Local,81,Off left/rt bnd=>obj,803,Off right bend into obj,Left,Other angle,Car (sedan/hatch),Car (sedan/hatch),2,0,0,0,0,11,November,Spring,Sunday,12:00 - 13:59,Midday / afternoon,False,False,False,False
1372897,Non-casualty (towaway),Non-casualty (towaway),2024,2024,December,Monday,10:00 - 11:59,WINDSOR,RD,0,Right on the spot,BOUNDARY,RD,GRANTHAM FARM,184.0,No,Not a school zone,T-junction,-33.656726,150.873921,Blacktown,Sydney metro. area,Syd-Newc-Woll Gtr conurbation,Curved,,,,Unknown / not stated,Sealed,Dry,Fine,Daylight,On,No traffic controls,80 km/h,State,32,Right rear,303,Same - Rear right,,Rear end,4 wheel drive / SUV,Light truck utility(from 2018),2,0,0,0,0,12,December,Summer,Monday,10:00 - 11:59,Midday / afternoon,False,False,False,False
1372899,Non-casualty (towaway),Non-casualty (towaway),2024,2024,November,Friday,16:00 - 17:59,BATLOW,RD,1000,North,LOWER BAGO,RD,KUNAMA,85.0,No,Not a school zone,2-way undivided,-35.540107,148.095488,Snowy Valleys,Country non-urban,Rest of NSW - Rural,Straight,Embankment/cutting,,,Unknown / not stated,Sealed,Dry,Fine,Daylight,Nil,No traffic controls,100 km/h,State,70,Off road to left,701,Off carriageway to left,,Rollover,4 wheel drive / SUV,,1,0,0,0,0,11,November,Spring,Friday,16:00 - 17:59,PM peak / evening commute,True,False,False,False
1372905,Non-casualty (towaway),Non-casualty (towaway),2024,2024,November,Wednesday,14:00 - 15:59,PROUDFOOTS,LANE,100,East,BRISBANE,ST,MURWILLUMBAH,,No,Not a school zone,1-way street,-28.327146,153.39688,Tweed,Country urban,Rest of NSW - Urban,Straight,,,,Unknown / not stated,Sealed,Wet,Raining,Daylight,Nil,No traffic controls,10 km/h,Local,71,Off rd left => obj,703,Left off cway into object,,Other angle,Light truck utility(from 2018),4 wheel drive / SUV,2,0,0,0,0,11,November,Spring,Wednesday,14:00 - 15:59,Midday / afternoon,False,False,False,False