crash_id,degree_of_crash,degree_of_crash_-_detailed,reporting_year,year_of_crash,month_of_crash,day_of_week_of_crash,two-hour_intervals,street_of_crash,street_type,distance,direction,identifying_feature,identifying_feature_type,town,route_no.,school_zone_location,school_zone_active,type_of_location,latitude,longitude,lga,urbanisation,conurbation_1,alignment,primary_permanent_feature,primary_temporary_feature,primary_hazardous_feature,street_lighting,road_surface,surface_condition,weather,natural_lighting,signals_operation,other_traffic_control,speed_limit,road_classification_(admin),rum_-_code,rum_-_description,dca_-_code,dca_-_description,dca_supplement,first_impact_type,key_tu_type,other_tu_type,no._of_traffic_units_involved,no._killed,no._seriously_injured,no._moderately_injured,no._minor-other_injured,month_num,month_label,season,day_label,time_label,time_band,is_peak_commute,is_fatal,is_injury,is_casualty
1372906,Non-casualty (towaway),Non-casualty (towaway),2024,2024,October,Monday,10:00 - 11:59,WATERFALL,WAY,0,Right on the spot,NUMBER 808,HN,FERNMOUNT,76.0,No,Not a school zone,2-way undivided,-30.469705,152.930254,Bellingen,Country non-urban,Rest of NSW - Rural,Straight,Driveway/entrance,,,Unknown / not stated,Sealed,Dry,Fine,Daylight,Nil,No traffic controls,100 km/h,State,53,Overtake turning,506,Ovtak - Overtaking right turn,,Other angle,4 wheel drive / SUV,Light truck,2,0,0,0,0,10,October,Spring,Monday,10:00 - 11:59,Midday / afternoon,False,False,False,False
1372908,Non-casualty (towaway),Non-casualty (towaway),2024,2024,December,Monday,14:00 - 15:59,NEWELL,HWY,200,North,DAYS,RD,DUBBO,17.0,No,Not a school zone,2-way undivided,-32.410653,148.398087,Dubbo Regional,Country non-urban,Rest of NSW - Rural,Curved,,,,Unknown / not stated,Sealed,Wet,Overcast,Daylight,Nil,No traffic controls,110 km/h,State,87,Off lft/lft bnd=>obj,804,Off left bend into obj,Left,Vehicle - Object,Light truck,,1,0,0,0,0,12,December,Summer,Monday,14:00 - 15:59,Midday / afternoon,False,False,False,False
1372924,Non-casualty (towaway),Non-casualty (towaway),2024,2024,September,Sunday,00:01 - 01:59,PRINCES,HWY,0,Right on the spot,LISTER,AVE,ROCKDALE,1.0,No,Not a school zone,T-junction,-33.955226,151.137703,Bayside,Sydney metro. area,Syd-Newc-Woll Gtr conurbation,Straight,,,,On,Sealed,Dry,Fine,Darkness,On,No traffic controls,60 km/h,State,13,Right near,104,Adj - Right-thru from right,,Right angle,Car (sedan/hatch),Car (sedan/hatch),3,0,0,0,0,9,September,Spring,Sunday,00:01 - 01:59,Late night / early morning,False,False,False,False
1372930,Non-casualty (towaway),Non-casualty (towaway),2024,2024,November,Saturday,14:00 - 15:59,MALTA,CRES,0,Right on the spot,TARAKAN,AVE,ASHMONT,,No,Not a school zone,T-junction,-35.126574,147.335692,Wagga Wagga,Country urban,Rest of NSW - Urban,Straight,,,,Unknown / not stated,Sealed,Dry,Fine,Daylight,Nil,No traffic controls,50 km/h,Local,16,Left near,107,Adj - Left-thru from right,,Right angle,Car (sedan/hatch),4 wheel drive / SUV,2,0,0,0,0,11,November,Spring,Saturday,14:00 - 15:59,Midday / afternoon,False,False,False,False
1372933,Non-casualty (towaway),Non-casualty (towaway),2024,2024,November,Thursday,10:00 - 11:59,MAITLAND,RD,0,Right on the spot,NUMBER 72,HN,ISLINGTON,464.0,No,Not a school zone,2-way undivided,-32.917724,151.749952,Newcastle,Newcastle met. area,Syd-Newc-Woll Gtr conurbation,Straight,,,,Unknown / not stated,Sealed,Dry,Fine,Daylight,Nil,No traffic controls,60 km/h,Regional,33,Lane sideswipe,305,Same - Lane side swipe,,Other angle,Car (sedan/hatch),Other bus,2,0,0,0,0,11,November,Spring,Thursday,10:00 - 11:59,Midday / afternoon,False,False,False,False
1372949,Non-casualty (towaway),Non-casualty (towaway),2024,2024,October,Saturday,10:00 - 11:59,PACIFIC,HWY,0,Right on the spot,NUMBER 65,HN,NORTH SYDNEY,10.0,No,Not a school zone,1-way street,-33.836927,151.207974,North Sydney,Sydney metro. area,Syd-Newc-Woll Gtr conurbation,Straight,,,,Unknown / not stated,Sealed,Dry,Fine,Daylight,Nil,No traffic controls,40 km/h,State,39,Other same direction,300,Same - other,,Other angle,Station wagon,Car (sedan/hatch),2,0,0,0,0,10,October,Spring,Saturday,10:00 - 11:59,Midday / afternoon,False,False,False,False
1372952,Non-casualty (towaway),Non-casualty (towaway),2024,2024,December,Tuesday,10:00 - 11:59,ANZAC,PDE,0,Right on the spot,DONCASTER,AVE,KENSINGTON,171.0,No,Not a school zone,X-intersection,-33.913102,151.224741,Randwick,Sydney metro. area,Syd-Newc-Woll Gtr conurbation,Straight,,,,Unknown / not stated,Sealed,Dry,Fine,Daylight,On,Ped crossing,50 km/h,State,31,Left rear,302,Same - Rear left,,Rear end,Light truck utility(from 2018),4 wheel drive / SUV,3,0,0,0,0,12,December,Summer,Tuesday,10:00 - 11:59,Midday / afternoon,False,False,False,False
1372954,Non-casualty (towaway),Non-casualty (towaway),2024,2024,December,Sunday,04:00 - 05:59,GLEBE,RD,0,Right on the spot,NUMBER 448,HN,HAMILTON SOUTH,188.0,No,Not a school zone,2-way undivided,-32.936012,151.735778,Newcastle,Newcastle met. area,Syd-Newc-Woll Gtr conurbation,Straight,,,,Unknown / not stated,Sealed,Dry,Fine,Dawn,Nil,No traffic controls,60 km/h,Regional,40,U turn,304,Same - U-turn,,Other angle,Car (sedan/hatch),Car (sedan/hatch),2,0,0,0,0,12,December,Summer,Sunday,04:00 - 05:59,Late night / early morning,False,False,False,False
1372963,Non-casualty (towaway),Non-casualty (towaway),2024,2024,December,Monday,16:00 - 17:59,ALISON,RD,400,West,ANZAC,AVE,WYONG,7775.0,No,Not a school zone,2-way undivided,-33.278253,151.416132,Central Coast,Country urban,Syd-Newc-Woll Gtr conurbation,Straight,,,,Unknown / not stated,Sealed,Dry,Fine,Daylight,Nil,No traffic controls,60 km/h,Local,45,Reversing,404,Manov - Reverse in traffic,,Other angle,Light truck utility(from 2018),4 wheel drive / SUV,2,0,0,0,0,12,December,Summer,Monday,16:00 - 17:59,PM peak / evening commute,True,False,False,False
1372977,Non-casualty (towaway),Non-casualty (towaway),2024,2024,November,Wednesday,16:00 - 17:59,M2 HILLS,EXP,930,East,BEECROFT ROAD,OP,NORTH EPPING,6002.0,No,Not a school zone,Dual freeway,-33.764303,151.089509,Hornsby,Sydney metro. area,Syd-Newc-Woll Gtr conurbation,Straight,Underpass/tunnel,,,Unknown / not stated,Sealed,Dry,Fine,Daylight,Nil,No traffic controls,100 km/h,State,30,Rear end,301,Same - Rear end,,Rear end,4 wheel drive / SUV,4 wheel drive / SUV,4,0,0,0,0,11,November,Spring,Wednesday,16:00 - 17:59,PM peak / evening commute,True,False,False,False
1372980,Non-casualty (towaway),Non-casualty (towaway),2024,2024,November,Thursday,16:00 - 17:59,YORK,RD,0,Right on the spot,NUMBER 37,HN,QUEENS PARK,7330.0,No,Not a school zone,2-way undivided,-33.89536,151.240952,Waverley,Sydney metro. area,Syd-Newc-Woll Gtr conurbation,Straight,,,,Unknown / not stated,Sealed,Dry,Fine,Daylight,Nil,No traffic controls,50 km/h,Regional,71,Off rd left => obj,703,Left off cway into object,,Other angle,4 wheel drive / SUV,Boat trailer,3,0,0,0,0,11,November,Spring,Thursday,16:00 - 17:59,PM peak / evening commute,True,False,False,False
1372986,Non-casualty (towaway),Non-casualty (towaway),2024,2024,December,Thursday,22:00 - Midnight,EDDERTON,RD,1000,South,MCDONALDS,RD,EDDERTON,,No,Not a school zone,2-way undivided,-32.384075,150.824687,Muswellbrook,Country urban,Rest of NSW - Urban,Curved,,,,Unknown / not stated,Sealed,Dry,Fine,Darkness,Nil,No traffic controls,80 km/h,Local,85,Off rt/lft bnd=>obj,804,Off left bend into obj,Right,Vehicle - Object,Light truck utility(from 2018),,1,0,0,0,0,12,December,Summer,Thursday,22:00 - Midnight,Evening / night,False,False,False,False
1372988,Non-casualty (towaway),Non-casualty (towaway),2024,2024,November,Monday,22:00 - Midnight,CUMBERLAND,HWY,0,Right on the spot,WESTERN,EXP,SOUTH WENTWORTHVILLE,13.0,No,Not a school zone,T-junction,-33.815783,150.963909,Cumberland,Sydney metro. area,Syd-Newc-Woll Gtr conurbation,Straight,Other bridge,,,Unknown / not stated,Sealed,Dry,Fine,Darkness,On,No traffic controls,70 km/h,State,33,Lane sideswipe,305,Same - Lane side swipe,,Other angle,Car (sedan/hatch),Car (sedan/hatch),2,0,0,0,0,11,November,Spring,Monday,22:00 - Midnight,Evening / night,False,False,False,False
1372992,Non-casualty (towaway),Non-casualty (towaway),2024,2024,November,Saturday,16:00 - 17:59,EDNA,ST,0,Right on the spot,MANNING,ST,KINGSWOOD,,No,Not a school zone,T-junction,-33.764551,150.725749,Penrith,Sydney metro. area,Syd-Newc-Woll Gtr conurbation,Straight,,,,Unknown / not stated,Sealed,Dry,Fine,Daylight,Nil,No traffic controls,50 km/h,Local,13,Right near,104,Adj - Right-thru from right,,Right angle,4 wheel drive / SUV,Car (sedan/hatch),2,0,0,0,0,11,November,Spring,Saturday,16:00 - 17:59,PM peak / evening commute,True,False,False,False
1372998,Non-casualty (towaway),Non-casualty (towaway),2024,2024,December,Friday,08:00 - 09:59,ROYSTON,PDE,40,South,HAZELMEAD,RD,ASQUITH,7245.0,No,Not a school zone,2-way undivided,-33.685355,151.110805,Hornsby,Sydney metro. area,Syd-Newc-Woll Gtr conurbation,Straight,Painted double centre lines,,,Unknown / not stated,Sealed,Dry,Fine,Daylight,Nil,No traffic controls,60 km/h,Regional,20,Head on,201,Opp - Head on,,Head-on,Car (sedan/hatch),Car (sedan/hatch),2,0,0,0,0,12,December,Summer,Friday,08:00 - 09:59,AM peak / school commute,True,False,False,False
1373016,Non-casualty (towaway),Non-casualty (towaway),2024,2024,December,Wednesday,14:00 - 15:59,DUMARESQ,ST,0,Right on the spot,TAYLOR,ST,ARMIDALE,,No,Not a school zone,X-intersection,-30.513247,151.672192,Armidale Regional,Country urban,Rest of NSW - Urban,Straight,,,,Unknown / not stated,Sealed,Dry,Fine,Daylight,Nil,Give way sign,50 km/h,Local,10,Cross traffic,101,Adj - Cross traffic,,Right angle,4 wheel drive / SUV,Car (sedan/hatch),2,0,0,0,0,12,December,Summer,Wednesday,14:00 - 15:59,Midday / afternoon,False,False,False,False
1373030,Non-casualty (towaway),Non-casualty (towaway),2024,2024,December,Sunday,06:00 - 07:59,MALVERN,RD,0,Right on the spot,NUMBER 10,HN,GLENWOOD,,No,Not a school zone,2-way undivided,-33.733645,150.921374,Blacktown,Sydney metro. area,Syd-Newc-Woll Gtr conurbation,Straight,Driveway/entrance,,,Unknown / not stated,Sealed,Dry,Fine,Daylight,Nil,No traffic controls,50 km/h,Local,47,Emerging from drive,406,Manov - Emerging from driveway,,Right angle,Station wagon,Car (sedan/hatch),2,0,0,0,0,12,December,Summer,Sunday,06:00 - 07:59,AM peak / school commute,True,False,False,False
1373032,Non-casualty (towaway),Non-casualty (towaway),2024,2024,November,Friday,04:00 - 05:59,BOONAH,ST,0,Right on the spot,NOORILLA,ST,GRIFFITH,,No,Not a school zone,X-intersection,-34.277438,146.049431,Griffith,Country urban,Rest of NSW - Urban,Straight,,,,Unknown / not stated,Sealed,Dry,Fine,Dawn,Nil,Give way sign,50 km/h,Local,21,Right through,202,Opp - Right-thru,,Other angle,Car (sedan/hatch),Car (sedan/hatch),2,0,0,0,0,11,November,Spring,Friday,04:00 - 05:59,Late night / early morning,False,False,False,False
1373036,Non-casualty (towaway),Non-casualty (towaway),2024,2024,October,Tuesday,12:00 - 13:59,WESTERN,EXP,50,East,PROSPECT HIGHWAY,OP,PROSPECT,6004.0,No,Not a school zone,Dual freeway,-33.805615,150.916516,Blacktown,Sydney metro. area,Syd-Newc-Woll Gtr conurbation,Straight,,,,Unknown / not stated,Sealed,Dry,Fine,Daylight,Nil,No traffic controls,100 km/h,State,66,Object on road,607,On path - Hit temp object,,Vehicle - Object,Light truck utility(from 2018),,1,0,0,0,0,10,October,Spring,Tuesday,12:00 - 13:59,Midday / afternoon,False,False,False,False
1373039,Non-casualty (towaway),Non-casualty (towaway),2024,2024,November,Saturday,16:00 - 17:59,PROSPECT,HWY,0,Right on the spot,STATION,RD,SEVEN HILLS,644.0,No,Not a school zone,X-intersection,-33.768409,150.942916,Blacktown,Sydney metro. area,Syd-Newc-Woll Gtr conurbation,Curved,,,,Off,Sealed,Dry,Fine,Daylight,On,No traffic controls,60 km/h,State,21,Right through,202,Opp - Right-thru,,Other angle,Car (sedan/hatch),Car (sedan/hatch),2,0,0,0,0,11,November,Spring,Saturday,16:00 - 17:59,PM peak / evening commute,True,False,False,False
1373042,Non-casualty (towaway),Non-casualty (towaway),2024,2024,December,Tuesday,18:00 - 19:59,PANORAMA,CRES,0,Right on the spot,TARELLA,RD,WENTWORTH FALLS,,No,Not a school zone,X-intersection,-33.69341,150.37129,Blue Mountains,Country urban,Syd-Newc-Woll Gtr conurbation,Straight,,,,Unknown / not stated,Sealed,Wet,Overcast,Dusk,Nil,Give way sign,50 km/h,Local,10,Cross traffic,101,Adj - Cross traffic,,Right angle,Car (sedan/hatch),Car (sedan/hatch),2,0,0,0,0,12,December,Summer,Tuesday,18:00 - 19:59,PM peak / evening commute,True,False,False,False
1373045,Non-casualty (towaway),Non-casualty (towaway),2024,2024,November,Wednesday,08:00 - 09:59,MARION,ST,0,Right on the spot,CLARENCE,ST,BANKSTOWN,7121.0,No,Not a school zone,T-junction,-33.917442,151.022981,Canterbury-Bankstown,Sydney metro. area,Syd-Newc-Woll Gtr conurbation,Straight,,,,Unknown / not stated,Sealed,Dry,Fine,Daylight,Nil,Stop sign,60 km/h,Regional,33,Lane sideswipe,305,Same - Lane side swipe,,Other angle,4 wheel drive / SUV,Car (sedan/hatch),2,0,0,0,0,11,November,Spring,Wednesday,08:00 - 09:59,AM peak / school commute,True,False,False,False
1373054,Non-casualty (towaway),Non-casualty (towaway),2024,2024,December,Saturday,10:00 - 11:59,WESTERN,EXP,820,East,BURNETT STREET,OP,HOLROYD,6004.0,No,Not a school zone,Dual freeway,-33.827646,150.99584,Parramatta,Sydney metro. area,Syd-Newc-Woll Gtr conurbation,Curved,,,,Unknown / not stated,Sealed,Wet,Raining,Daylight,Nil,No traffic controls,90 km/h,State,30,Rear end,301,Same - Rear end,,Rear end,Car (sedan/hatch),Light truck utility(from 2018),3,0,0,0,0,12,December,Summer,Saturday,10:00 - 11:59,Midday / afternoon,False,False,False,False
1373062,Non-casualty (towaway),Non-casualty (towaway),2024,2024,November,Saturday,16:00 - 17:59,HIGH,ST,50,West,BOTANY,RD,MASCOT,,No,Not a school zone,2-way undivided,-33.930602,151.193813,Bayside,Sydney metro. area,Syd-Newc-Woll Gtr conurbation,Straight,Driveway/entrance,,,Unknown / not stated,Sealed,Dry,Fine,Daylight,Nil,No traffic controls,50 km/h,Local,85,Off rt/lft bnd=>obj,804,Off left bend into obj,Right,Other angle,Car (sedan/hatch),Car (sedan/hatch),3,0,0,0,0,11,November,Spring,Saturday,16:00 - 17:59,PM peak / evening commute,True,False,False,False
1373066,Non-casualty (towaway),Non-casualty (towaway),2024,2024,November,Saturday,00:01 - 01:59,GREAT WESTERN,HWY,0,Right on the spot,ST HILLIERS,RD,AUBURN,5.0,No,Not a school zone,X-intersection,-33.844998,151.042103,Cumberland,Sydney metro. area,Syd-Newc-Woll Gtr conurbation,Straight,,,,Unknown / not stated,Sealed,Wet,Raining,Darkness,On,No traffic controls,70 km/h,State,30,Rear end,301,Same - Rear end,,Rear end,Car (sedan/hatch),Car (sedan/hatch),2,0,0,0,0,11,November,Spring,Saturday,00:01 - 01:59,Late night / early morning,False,False,False,False
1373068,Non-casualty (towaway),Non-casualty (towaway),2024,2024,November,Monday,12:00 - 13:59,ECHUCA,ST,65,East,MENINYA,ST,MOAMA,,No,Not a school zone,2-way undivided,-36.112364,144.756181,Murray River,Country urban,Rest of NSW - Urban,Straight,Driveway/entrance,,,Unknown / not stated,Sealed,Dry,Fine,Daylight,Nil,Give way sign,50 km/h,Local,47,Emerging from drive,406,Manov - Emerging from driveway,,Right angle,Car (sedan/hatch),4 wheel drive / SUV,2,0,0,0,0,11,November,Spring,Monday,12:00 - 13:59,Midday / afternoon,False,False,False,False
1373069,Non-casualty (towaway),Non-casualty (towaway),2024,2024,August,Thursday,06:00 - 07:59,HARRIS,ST,0,Right on the spot,WILLIAM HENRY,ST,ULTIMO,170.0,No,Not a school zone,X-intersection,-33.877873,151.198658,Sydney,Sydney metro. area,Syd-Newc-Woll Gtr conurbation,Straight,,,,Unknown / not stated,Sealed,Dry,Overcast,Dawn,On,No traffic controls,50 km/h,State,31,Left rear,302,Same - Rear left,,Rear end,Car (sedan/hatch),Car (sedan/hatch),2,0,0,0,0,8,August,Winter,Thursday,06:00 - 07:59,AM peak / school commute,True,False,False,False
1373075,Non-casualty (towaway),Non-casualty (towaway),2024,2024,December,Monday,16:00 - 17:59,RICHMOND,RD,0,Right on the spot,SOUTH,ST,MARSDEN PARK,537.0,No,Not a school zone,X-intersection,-33.707055,150.838972,Blacktown,Sydney metro. area,Syd-Newc-Woll Gtr conurbation,Straight,,,,Unknown / not stated,Sealed,Dry,Fine,Dusk,On,No traffic controls,80 km/h,State,10,Cross traffic,101,Adj - Cross traffic,,Right angle,4 wheel drive / SUV,Light truck,2,0,0,0,0,12,December,Summer,Monday,16:00 - 17:59,PM peak / evening commute,True,False,False,False
1373076,Non-casualty (towaway),Non-casualty (towaway),2024,2024,December,Thursday,10:00 - 11:59,BELLS LINE OF,RD,500,West,BERAMBING,MS,BERAMBING,184.0,No,Not a school zone,2-way undivided,-33.531218,150.44649,Hawkesbury,Country urban,Syd-Newc-Woll Gtr conurbation,Curved,,,,Unknown / not stated,Sealed,Dry,Fine,Daylight,Nil,No traffic controls,80 km/h,State,20,Head on,201,Opp - Head on,,Head-on,Large rigid,Car (sedan/hatch),2,0,0,0,0,12,December,Summer,Thursday,10:00 - 11:59,Midday / afternoon,False,False,False,False
1373084,Non-casualty (towaway),Non-casualty (towaway),2024,2024,November,Tuesday,18:00 - 19:59,CASTLEREAGH,HWY,0,Right on the spot,LLANILLO,RD,LIGHTNING RIDGE,18.0,No,Not a school zone,T-junction,-29.503385,147.983773,Walgett,Country non-urban,Rest of NSW - Rural,Straight,,,,Unknown / not stated,Sealed,Dry,Fine,Daylight,Nil,Give way sign,110 km/h,State,88,Out of cont on bend,707,Right turn,,Rollover,Car (sedan/hatch),,1,0,0,0,0,11,November,Spring,Tuesday,18:00 - 19:59,PM peak / evening commute,True,False,False,False
1373087,Non-casualty (towaway),Non-casualty (towaway),2024,2024,December,Wednesday,10:00 - 11:59,WESTERN,DSTR,0,Right on the spot,BLACKWATTLE,PL,SYDNEY,165.0,No,Not a school zone,T-junction,-33.873001,151.202429,Sydney,Sydney metro. area,Syd-Newc-Woll Gtr conurbation,Curved,Underpass/tunnel,,,Unknown / not stated,Sealed,Wet,Raining,Daylight,Unknown / not stated,No traffic controls,50 km/h,State,81,Off left/rt bnd=>obj,707,Right turn,Left,Vehicle - Object,Car (sedan/hatch),,1,0,0,0,0,12,December,Summer,Wednesday,10:00 - 11:59,Midday / afternoon,False,False,False,False
1373099,Non-casualty (towaway),Non-casualty (towaway),2024,2024,December,Monday,22:00 - Midnight,WESTERN,EXP,300,West,PROSPECT HIGHWAY,OP,PROSPECT,6004.0,No,Not a school zone,Dual freeway,-33.805084,150.912681,Blacktown,Sydney metro. area,Syd-Newc-Woll Gtr conurbation,Straight,,,,Unknown / not stated,Sealed,Dry,Fine,Darkness,Nil,No traffic controls,100 km/h,State,30,Rear end,301,Same - Rear end,,Rear end,Car (sedan/hatch),Car (sedan/hatch),2,0,0,0,0,12,December,Summer,Monday,22:00 - Midnight,Evening / night,False,False,False,False
1373103,Non-casualty (towaway),Non-casualty (towaway),2024,2024,December,Thursday,16:00 - 17:59,NEW ENGLAND,HWY,0,Right on the spot,YANGAN,DR,BERESFIELD,9.0,No,Not a school zone,Roundabout,-32.809787,151.633866,Newcastle,Newcastle met. area,Syd-Newc-Woll Gtr conurbation,Straight,,,,Unknown / not stated,Sealed,Dry,Fine,Daylight,Nil,Give way sign,60 km/h,State,10,Cross traffic,101,Adj - Cross traffic,,Right angle,B-double (road train prior 98),4 wheel drive / SUV,2,0,0,0,0,12,December,Summer,Thursday,16:00 - 17:59,PM peak / evening commute,True,False,False,False
1373112,Non-casualty (towaway),Non-casualty (towaway),2024,2024,December,Tuesday,22:00 - Midnight,LACHLAN VALLEY,WAY,5850,South,BOOROWA,TN,KANGIARA,56.0,No,Not a school zone,2-way undivided,-34.573294,148.730474,Yass Valley,Country non-urban,Rest of NSW - Rural,Curved,Ditch/drain/culvert,,,Unknown / not stated,Sealed,Dry,Fine,Darkness,Nil,No traffic controls,100 km/h,State,83,Off rt/rt bnd=>obj,803,Off right bend into obj,Right,Vehicle - Object,Car (sedan/hatch),,1,0,0,0,0,12,December,Summer,Tuesday,22:00 - Midnight,Evening / night,False,False,False,False
1373119,Non-casualty (towaway),Non-casualty (towaway),2024,2024,December,Tuesday,12:00 - 13:59,STONEY CREEK,RD,0,Right on the spot,MEDWAY,ST,BEXLEY,665.0,No,Not a school zone,T-junction,-33.94982,151.123161,Bayside,Sydney metro. area,Syd-Newc-Woll Gtr conurbation,Straight,,,,Unknown / not stated,Sealed,Dry,Fine,Daylight,On,No traffic controls,60 km/h,State,21,Right through,202,Opp - Right-thru,,Other angle,Car (sedan/hatch),4 wheel drive / SUV,2,0,0,0,0,12,December,Summer,Tuesday,12:00 - 13:59,Midday / afternoon,False,False,False,False
1373125,Non-casualty (towaway),Non-casualty (towaway),2024,2024,December,Friday,04:00 - 05:59,HUME,HWY,0,Right on the spot,HILLGROVE,RD,OOLONG,2.0,No,Not a school zone,T-junction,-34.800833,149.142932,Upper Lachlan,Country non-urban,Rest of NSW - Rural,Curved,,,,Unknown / not stated,Sealed,Dry,Fine,Dawn,Nil,Give way sign,110 km/h,State,67,Struck animal,609,On path - Hit animal,,Vehicle - Animal,Road train,,1,0,0,0,0,12,December,Summer,Friday,04:00 - 05:59,Late night / early morning,False,False,False,False
1373126,Non-casualty (towaway),Non-casualty (towaway),2024,2024,December,Sunday,18:00 - 19:59,STONEY CREEK,RD,0,Right on the spot,EDDYSTONE,RD,BEXLEY,665.0,No,Not a school zone,T-junction,-33.949457,151.117744,Bayside,Sydney metro. area,Syd-Newc-Woll Gtr conurbation,Straight,,,,Unknown / not stated,Sealed,Dry,Fine,Daylight,Nil,No traffic controls,60 km/h,State,30,Rear end,301,Same - Rear end,,Rear end,Station wagon,Car (sedan/hatch),3,0,0,0,0,12,December,Summer,Sunday,18:00 - 19:59,PM peak / evening commute,True,False,False,False
1373131,Non-casualty (towaway),Non-casualty (towaway),2024,2024,November,Friday,10:00 - 11:59,WENTWORTH,AVE,0,Right on the spot,SOUTHERN CROSS,DR,MASCOT,344.0,No,Not a school zone,T-junction,-33.935726,151.207574,Bayside,Sydney metro. area,Syd-Newc-Woll Gtr conurbation,Straight,Other bridge,,,Unknown / not stated,Sealed,Dry,Overcast,Daylight,On,No traffic controls,70 km/h,State,21,Right through,202,Opp - Right-thru,,Other angle,4 wheel drive / SUV,Light truck utility(from 2018),2,0,0,0,0,11,November,Spring,Friday,10:00 - 11:59,Midday / afternoon,False,False,False,False
1373140,Non-casualty (towaway),Non-casualty (towaway),2024,2024,December,Thursday,18:00 - 19:59,MILE END,RD,0,Right on the spot,WITHERS,RD,ROUSE HILL,,No,Not a school zone,X-intersection,-33.676638,150.922915,The Hills,Sydney metro. area,Syd-Newc-Woll Gtr conurbation,Straight,,,,Unknown / not stated,Sealed,Dry,Fine,Daylight,On,No traffic controls,60 km/h,Local,21,Right through,202,Opp - Right-thru,,Other angle,Car (sedan/hatch),Station wagon,2,0,0,0,0,12,December,Summer,Thursday,18:00 - 19:59,PM peak / evening commute,True,False,False,False
1373144,Non-casualty (towaway),Non-casualty (towaway),2024,2024,November,Wednesday,08:00 - 09:59,CREBERT,ST,0,Right on the spot,WILLIAM,ST,MAYFIELD,,Yes,No,T-junction,-32.895375,151.744016,Newcastle,Newcastle met. area,Syd-Newc-Woll Gtr conurbation,Straight,Embankment/cutting,,,Unknown / not stated,Sealed,Dry,Fine,Daylight,Nil,No traffic controls,50 km/h,Local,73,Off rd rght => obj,704,Right off cway into obj,,Other angle,4 wheel drive / SUV,Other bus,2,0,0,0,0,11,November,Spring,Wednesday,08:00 - 09:59,AM peak / school commute,True,False,False,False
1373147,Non-casualty (towaway),Non-casualty (towaway),2024,2024,November,Friday,20:00 - 21:59,LYONS,RD,0,Right on the spot,MARLBOROUGH,ST,DRUMMOYNE,395.0,No,Not a school zone,T-junction,-33.851743,151.153524,Canada Bay,Sydney metro. area,Syd-Newc-Woll Gtr conurbation,Straight,,,,Unknown / not stated,Sealed,Unknown,Unknown,Darkness,On,No entry/wrong way,50 km/h,State,13,Right near,104,Adj - Right-thru from right,,Right angle,Car (sedan/hatch),Car (sedan/hatch),2,0,0,0,0,11,November,Spring,Friday,20:00 - 21:59,Evening / night,False,False,False,False
1373152,Non-casualty (towaway),Non-casualty (towaway),2024,2024,October,Tuesday,16:00 - 17:59,HAWKESBURY VALLEY,WAY,280,East,HOBART,ST,RICHMOND,184.0,No,Not a school zone,2-way undivided,-33.603025,150.768722,Hawkesbury,Country urban,Syd-Newc-Woll Gtr conurbation,Straight,,,,Unknown / not stated,Sealed,Dry,Fine,Daylight,Nil,No traffic controls,60 km/h,State,30,Rear end,301,Same - Rear end,,Rear end,Passenger van,4 wheel drive / SUV,2,0,0,0,0,10,October,Spring,Tuesday,16:00 - 17:59,PM peak / evening commute,True,False,False,False
1373154,Non-casualty (towaway),Non-casualty (towaway),2024,2024,December,Saturday,12:00 - 13:59,RICHARDSONS,CRES,0,Right on the spot,RICHARDSONS,CRES,MARRICKVILLE,2099.0,No,Not a school zone,Roundabout,-33.922013,151.156481,Inner West,Sydney metro. area,Syd-Newc-Woll Gtr conurbation,Straight,,,,Unknown / not stated,Sealed,Dry,Fine,Daylight,Nil,Give way sign,50 km/h,Regional,10,Cross traffic,101,Adj - Cross traffic,,Right angle,Car (sedan/hatch),Car (sedan/hatch),2,0,0,0,0,12,December,Summer,Saturday,12:00 - 13:59,Midday / afternoon,False,False,False,False
1373157,Non-casualty (towaway),Non-casualty (towaway),2024,2024,November,Thursday,14:00 - 15:59,BRAIDWOOD,DR,0,Right on the spot,NUMBER 311,HN,PRESTONS,,No,Not a school zone,2-way undivided,-33.943161,150.859845,Liverpool,Sydney metro. area,Syd-Newc-Woll Gtr conurbation,Straight,,,,Unknown / not stated,Sealed,Dry,Fine,Daylight,Nil,No traffic controls,50 km/h,Local,20,Head on,201,Opp - Head on,,Head-on,4 wheel drive / SUV,Car (sedan/hatch),2,0,0,0,0,11,November,Spring,Thursday,14:00 - 15:59,Midday / afternoon,False,False,False,False