crash_id,degree_of_crash,degree_of_crash_-_detailed,reporting_year,year_of_crash,month_of_crash,day_of_week_of_crash,two-hour_intervals,street_of_crash,street_type,distance,direction,identifying_feature,identifying_feature_type,town,route_no.,school_zone_location,school_zone_active,type_of_location,latitude,longitude,lga,urbanisation,conurbation_1,alignment,primary_permanent_feature,primary_temporary_feature,primary_hazardous_feature,street_lighting,road_surface,surface_condition,weather,natural_lighting,signals_operation,other_traffic_control,speed_limit,road_classification_(admin),rum_-_code,rum_-_description,dca_-_code,dca_-_description,dca_supplement,first_impact_type,key_tu_type,other_tu_type,no._of_traffic_units_involved,no._killed,no._seriously_injured,no._moderately_injured,no._minor-other_injured,month_num,month_label,season,day_label,time_label,time_band,is_peak_commute,is_fatal,is_injury,is_casualty
1373161,Non-casualty (towaway),Non-casualty (towaway),2024,2024,October,Thursday,14:00 - 15:59,WESTERN,EXP,500,West,KENT ROAD,OP,CLAREMONT MEADOWS,6004.0,No,Not a school zone,Dual freeway,-33.78292,150.745001,Penrith,Sydney metro. area,Syd-Newc-Woll Gtr conurbation,Straight,,,,Unknown / not stated,Sealed,Dry,Fine,Daylight,Nil,No traffic controls,110 km/h,State,39,Other same direction,300,Same - other,,Other angle,Car (sedan/hatch),Station wagon,2,0,0,0,0,10,October,Spring,Thursday,14:00 - 15:59,Midday / afternoon,False,False,False,False
1373167,Non-casualty (towaway),Non-casualty (towaway),2024,2024,December,Tuesday,12:00 - 13:59,CASTLE,ST,0,Right on the spot,OLD NORTHERN,RD,CASTLE HILL,,No,Not a school zone,X-intersection,-33.732205,151.005903,The Hills,Sydney metro. area,Syd-Newc-Woll Gtr conurbation,Straight,,,,Unknown / not stated,Sealed,Dry,Overcast,Daylight,On,No traffic controls,50 km/h,Local,10,Cross traffic,101,Adj - Cross traffic,,Right angle,Car (sedan/hatch),Car (sedan/hatch),2,0,0,0,0,12,December,Summer,Tuesday,12:00 - 13:59,Midday / afternoon,False,False,False,False
1373169,Non-casualty (towaway),Non-casualty (towaway),2024,2024,December,Saturday,18:00 - 19:59,MAITLAND,RD,0,Right on the spot,QUARRY,ST,CESSNOCK,588.0,No,Not a school zone,T-junction,-32.828615,151.37494,Cessnock,Country urban,Rest of NSW - Urban,Straight,,,,Unknown / not stated,Sealed,Dry,Fine,Daylight,Nil,No traffic controls,80 km/h,State,59,Other overtaking,500,Ovtak - other,,Other angle,Car (sedan/hatch),Car (sedan/hatch),2,0,0,0,0,12,December,Summer,Saturday,18:00 - 19:59,PM peak / evening commute,True,False,False,False
1373178,Non-casualty (towaway),Non-casualty (towaway),2024,2024,October,Wednesday,14:00 - 15:59,NUNDLE,RD,1000,West,DURI-DUNGOWAN,RD,DUNGOWAN,105.0,No,Not a school zone,2-way undivided,-31.208695,151.091663,Tamworth Regional,Country urban,Rest of NSW - Urban,Curved,Embankment/cutting,,,Unknown / not stated,Sealed,Wet,Raining,Daylight,Nil,No traffic controls,80 km/h,Regional,83,Off rt/rt bnd=>obj,803,Off right bend into obj,Right,Vehicle - Object,Car (sedan/hatch),,1,0,0,0,0,10,October,Spring,Wednesday,14:00 - 15:59,Midday / afternoon,False,False,False,False
1373181,Non-casualty (towaway),Non-casualty (towaway),2024,2024,November,Sunday,22:00 - Midnight,WILLIAM,ST,0,Right on the spot,BOURKE,ST,WOOLLOOMOOLOO,173.0,No,Not a school zone,X-intersection,-33.874537,151.218076,Sydney,Sydney metro. area,Syd-Newc-Woll Gtr conurbation,Straight,Steep grade,,,Unknown / not stated,Sealed,Dry,Fine,Darkness,On,No traffic controls,50 km/h,State,21,Right through,202,Opp - Right-thru,,Other angle,4 wheel drive / SUV,Motor scooter,2,0,0,0,0,11,November,Spring,Sunday,22:00 - Midnight,Evening / night,False,False,False,False
1373187,Non-casualty (towaway),Non-casualty (towaway),2024,2024,October,Saturday,20:00 - 21:59,PEMBERTON,ST,20,East,MOTT,ST,WEST ALBURY,,No,Not a school zone,2-way undivided,-36.074249,146.897287,Albury,Country urban,Rest of NSW - Urban,Straight,Steep grade,,,On,Sealed,Dry,Fine,Darkness,Nil,No traffic controls,60 km/h,Local,71,Off rd left => obj,703,Left off cway into object,,Vehicle - Object,4 wheel drive / SUV,,1,0,0,0,0,10,October,Spring,Saturday,20:00 - 21:59,Evening / night,False,False,False,False
1373188,Non-casualty (towaway),Non-casualty (towaway),2024,2024,October,Wednesday,14:00 - 15:59,WILLIAM,ST,0,Right on the spot,BOURKE,ST,WOOLLOOMOOLOO,173.0,No,Not a school zone,X-intersection,-33.874537,151.218076,Sydney,Sydney metro. area,Syd-Newc-Woll Gtr conurbation,Straight,,,,Unknown / not stated,Sealed,Dry,Fine,Daylight,On,Ped crossing,50 km/h,State,21,Right through,202,Opp - Right-thru,,Other angle,Car (sedan/hatch),Car (sedan/hatch),2,0,0,0,0,10,October,Spring,Wednesday,14:00 - 15:59,Midday / afternoon,False,False,False,False
1373193,Non-casualty (towaway),Non-casualty (towaway),2024,2024,October,Friday,04:00 - 05:59,EAGLE VALE,DR,0,Right on the spot,EMERALD,DR,EAGLE VALE,7192.0,No,Not a school zone,Roundabout,-34.036164,150.804874,Campbelltown,Sydney metro. area,Syd-Newc-Woll Gtr conurbation,Straight,Steep grade,,,Unknown / not stated,Sealed,Dry,Fine,Dawn,Nil,Give way sign,60 km/h,Regional,19,Other adjacent,100,Adj - other,,Right angle,4 wheel drive / SUV,4 wheel drive / SUV,2,0,0,0,0,10,October,Spring,Friday,04:00 - 05:59,Late night / early morning,False,False,False,False
1373197,Non-casualty (towaway),Non-casualty (towaway),2024,2024,November,Friday,06:00 - 07:59,CAMDEN VALLEY,WAY,0,Right on the spot,GRAHAMS HILL,RD,NARELLAN,178.0,Yes,No,X-intersection,-34.041546,150.732256,Camden,Sydney metro. area,Syd-Newc-Woll Gtr conurbation,Straight,,,,Unknown / not stated,Sealed,Dry,Overcast,Dawn,On,No traffic controls,50 km/h,Regional,10,Cross traffic,101,Adj - Cross traffic,,Right angle,Car (sedan/hatch),Light truck utility(from 2018),2,0,0,0,0,11,November,Spring,Friday,06:00 - 07:59,AM peak / school commute,True,False,False,False
1373202,Non-casualty (towaway),Non-casualty (towaway),2024,2024,October,Wednesday,16:00 - 17:59,EDGEWARE,RD,0,Right on the spot,LLEWELLYN,ST,NEWTOWN,7017.0,No,Not a school zone,X-intersection,-33.90503,151.173331,Inner West,Sydney metro. area,Syd-Newc-Woll Gtr conurbation,Straight,,,,Unknown / not stated,Sealed,Dry,Fine,Daylight,On,No traffic controls,60 km/h,Regional,29,Other opposing,200,Opp - other,,Other angle,4 wheel drive / SUV,4 wheel drive / SUV,2,0,0,0,0,10,October,Spring,Wednesday,16:00 - 17:59,PM peak / evening commute,True,False,False,False
1373204,Non-casualty (towaway),Non-casualty (towaway),2024,2024,December,Monday,12:00 - 13:59,MCMULLEN,AVE,0,Right on the spot,OLD CASTLE HILL,RD,CASTLE HILL,672.0,No,Not a school zone,X-intersection,-33.730035,151.008712,The Hills,Sydney metro. area,Syd-Newc-Woll Gtr conurbation,Straight,,,,Unknown / not stated,Sealed,Dry,Fine,Daylight,On,No traffic controls,60 km/h,State,11,Right far,102,Adj - Right-thru from left,,Right angle,Car (sedan/hatch),Car (sedan/hatch),2,0,0,0,0,12,December,Summer,Monday,12:00 - 13:59,Midday / afternoon,False,False,False,False
1373212,Non-casualty (towaway),Non-casualty (towaway),2024,2024,November,Friday,12:00 - 13:59,HENDERSON,RD,100,East,LANCASTER,ST,INGLEBURN,7197.0,No,Not a school zone,Divided road,-33.989849,150.868596,Campbelltown,Sydney metro. area,Syd-Newc-Woll Gtr conurbation,Straight,Embankment/cutting,,,Unknown / not stated,Sealed,Wet,Raining,Daylight,Nil,No traffic controls,60 km/h,Regional,20,Head on,201,Opp - Head on,,Head-on,Car (sedan/hatch),Car (sedan/hatch),2,0,0,0,0,11,November,Spring,Friday,12:00 - 13:59,Midday / afternoon,False,False,False,False
1373214,Non-casualty (towaway),Non-casualty (towaway),2024,2024,October,Monday,16:00 - 17:59,RIVERINA,HWY,140,West,BENNU,CCT,THURGOONA,20.0,No,Not a school zone,2-way undivided,-36.071141,146.968454,Albury,Country urban,Rest of NSW - Urban,Curved,Driveway/entrance,,,Unknown / not stated,Sealed,Dry,Fine,Daylight,Nil,No traffic controls,80 km/h,State,30,Rear end,301,Same - Rear end,,Rear end,Car (sedan/hatch),Station wagon,4,0,0,0,0,10,October,Spring,Monday,16:00 - 17:59,PM peak / evening commute,True,False,False,False
1373215,Non-casualty (towaway),Non-casualty (towaway),2024,2024,December,Wednesday,08:00 - 09:59,BERTRAM,RD,0,Right on the spot,NORTHUMBERLAND,WAY,TUMBI UMBI,,No,Not a school zone,T-junction,-33.371641,151.45427,Central Coast,Country urban,Syd-Newc-Woll Gtr conurbation,Straight,Steep grade,,,Unknown / not stated,Sealed,Wet,Overcast,Daylight,Nil,No traffic controls,50 km/h,Local,13,Right near,104,Adj - Right-thru from right,,Right angle,Car (sedan/hatch),Other bus,2,0,0,0,0,12,December,Summer,Wednesday,08:00 - 09:59,AM peak / school commute,True,False,False,False
1373218,Non-casualty (towaway),Non-casualty (towaway),2024,2024,December,Saturday,14:00 - 15:59,RYDE,RD,0,Right on the spot,LADY GAME,DR,WEST PYMBLE,162.0,No,Not a school zone,T-junction,-33.773373,151.135215,Ku-ring-gai,Sydney metro. area,Syd-Newc-Woll Gtr conurbation,Straight,,,,Unknown / not stated,Sealed,Dry,Fine,Daylight,Unknown / not stated,No traffic controls,70 km/h,State,30,Rear end,301,Same - Rear end,,Rear end,4 wheel drive / SUV,Car (sedan/hatch),3,0,0,0,0,12,December,Summer,Saturday,14:00 - 15:59,Midday / afternoon,False,False,False,False
1373224,Non-casualty (towaway),Non-casualty (towaway),2024,2024,December,Monday,16:00 - 17:59,SOUTHERN,EXP,0,Right on the spot,MT OUSLEY,RD,KEIRAVILLE,6006.0,No,Not a school zone,T-junction,-34.401854,150.880376,Wollongong,Wollongong met. area,Syd-Newc-Woll Gtr conurbation,Curved,,,,Unknown / not stated,Sealed,Dry,Fine,Daylight,Nil,Give way sign,80 km/h,State,13,Right near,104,Adj - Right-thru from right,,Right angle,Car (sedan/hatch),Car (sedan/hatch),5,0,0,0,0,12,December,Summer,Monday,16:00 - 17:59,PM peak / evening commute,True,False,False,False
1373231,Non-casualty (towaway),Non-casualty (towaway),2024,2024,November,Friday,10:00 - 11:59,MACINTYRE,ST,0,Right on the spot,OLD BUNDARRA,RD,INVERELL,,No,Not a school zone,X-intersection,-29.78045,151.107993,Inverell,Country urban,Rest of NSW - Urban,Straight,,,,Unknown / not stated,Sealed,Dry,Fine,Daylight,Nil,Give way sign,50 km/h,Local,10,Cross traffic,101,Adj - Cross traffic,,Right angle,Light truck utility(from 2018),Car (sedan/hatch),2,0,0,0,0,11,November,Spring,Friday,10:00 - 11:59,Midday / afternoon,False,False,False,False
1373235,Non-casualty (towaway),Non-casualty (towaway),2024,2024,November,Friday,12:00 - 13:59,CUMBERLAND,HWY,100,East,WINDSOR ROAD,TO,NORTHMEAD,13.0,No,Not a school zone,Divided road,-33.792742,150.995682,Parramatta,Sydney metro. area,Syd-Newc-Woll Gtr conurbation,Straight,,,,Unknown / not stated,Sealed,Wet,Raining,Daylight,Nil,No traffic controls,70 km/h,State,30,Rear end,301,Same - Rear end,,Rear end,Car (sedan/hatch),Car (sedan/hatch),2,0,0,0,0,11,November,Spring,Friday,12:00 - 13:59,Midday / afternoon,False,False,False,False
1373241,Non-casualty (towaway),Non-casualty (towaway),2024,2024,December,Thursday,06:00 - 07:59,BAY,ST,0,Right on the spot,AERO,ST,BRIGHTON-LE-SANDS,169.0,No,Not a school zone,T-junction,-33.957821,151.149003,Bayside,Sydney metro. area,Syd-Newc-Woll Gtr conurbation,Straight,,,,Unknown / not stated,Sealed,Dry,Fine,Daylight,Nil,Give way sign,60 km/h,State,13,Right near,104,Adj - Right-thru from right,,Right angle,Light truck,Light truck utility(from 2018),4,0,0,0,0,12,December,Summer,Thursday,06:00 - 07:59,AM peak / school commute,True,False,False,False
1373249,Non-casualty (towaway),Non-casualty (towaway),2024,2024,November,Saturday,00:01 - 01:59,PRINCES,HWY,0,Right on the spot,NUMBER 132,HN,MILTON,1.0,No,Not a school zone,2-way undivided,-35.317942,150.441409,Shoalhaven,Country urban,Rest of NSW - Urban,Curved,,,,Unknown / not stated,Sealed,Dry,Unknown,Darkness,Nil,No traffic controls,50 km/h,State,81,Off left/rt bnd=>obj,803,Off right bend into obj,Left,Vehicle - Object,Car (sedan/hatch),,1,0,0,0,0,11,November,Spring,Saturday,00:01 - 01:59,Late night / early morning,False,False,False,False
1373254,Non-casualty (towaway),Non-casualty (towaway),2024,2024,December,Friday,06:00 - 07:59,BOBBIN HEAD,RD,0,Right on the spot,BANNOCKBURN,RD,TURRAMURRA,366.0,No,Not a school zone,T-junction,-33.721671,151.142123,Ku-ring-gai,Sydney metro. area,Syd-Newc-Woll Gtr conurbation,Curved,,,,Unknown / not stated,Sealed,Dry,Fine,Dawn,Nil,Give way sign,50 km/h,Regional,13,Right near,104,Adj - Right-thru from right,,Right angle,Car (sedan/hatch),4 wheel drive / SUV,2,0,0,0,0,12,December,Summer,Friday,06:00 - 07:59,AM peak / school commute,True,False,False,False
1373255,Non-casualty (towaway),Non-casualty (towaway),2024,2024,November,Monday,06:00 - 07:59,SANDGATE,RD,0,Right on the spot,NUMBER 452,HN,SHORTLAND,23.0,No,Not a school zone,2-way undivided,-32.87658,151.700114,Newcastle,Newcastle met. area,Syd-Newc-Woll Gtr conurbation,Straight,,,,Unknown / not stated,Sealed,Dry,Fine,Daylight,Nil,No traffic controls,60 km/h,State,42,Leaving parking,401,Manov - Leaving parking,,Other angle,Light truck utility(from 2018),Car (sedan/hatch),2,0,0,0,0,11,November,Spring,Monday,06:00 - 07:59,AM peak / school commute,True,False,False,False
1373256,Non-casualty (towaway),Non-casualty (towaway),2024,2024,December,Tuesday,12:00 - 13:59,RICHMOND,RD,0,Right on the spot,HILL END,RD,DOONSIDE,643.0,No,Not a school zone,T-junction,-33.74368,150.873215,Blacktown,Sydney metro. area,Syd-Newc-Woll Gtr conurbation,Straight,,,,Unknown / not stated,Sealed,Dry,Fine,Daylight,Nil,No traffic controls,70 km/h,State,10,Cross traffic,101,Adj - Cross traffic,,Right angle,Light truck,Other bus,3,0,0,0,0,12,December,Summer,Tuesday,12:00 - 13:59,Midday / afternoon,False,False,False,False
1373258,Non-casualty (towaway),Non-casualty (towaway),2024,2024,December,Wednesday,12:00 - 13:59,FIFTEENTH,AVE,0,Right on the spot,KINGSFORD SMITH,AVE,WEST HOXTON,,No,Not a school zone,Roundabout,-33.922285,150.840069,Liverpool,Sydney metro. area,Syd-Newc-Woll Gtr conurbation,Straight,,,,Unknown / not stated,Sealed,Dry,Fine,Daylight,Nil,Give way sign,60 km/h,Local,10,Cross traffic,101,Adj - Cross traffic,,Right angle,Car (sedan/hatch),Car (sedan/hatch),2,0,0,0,0,12,December,Summer,Wednesday,12:00 - 13:59,Midday / afternoon,False,False,False,False
1373259,Non-casualty (towaway),Non-casualty (towaway),2024,2024,December,Friday,22:00 - Midnight,JAMISON,RD,0,Right on the spot,HARRIS,ST,PENRITH,,No,Not a school zone,T-junction,-33.760281,150.681228,Penrith,Sydney metro. area,Syd-Newc-Woll Gtr conurbation,Straight,Driveway/entrance,,,Unknown / not stated,Sealed,Dry,Fine,Darkness,On,No traffic controls,50 km/h,Local,85,Off rt/lft bnd=>obj,706,Left turn,Right,Vehicle - Object,Car (sedan/hatch),,1,0,0,0,0,12,December,Summer,Friday,22:00 - Midnight,Evening / night,False,False,False,False
1373261,Non-casualty (towaway),Non-casualty (towaway),2024,2024,December,Monday,14:00 - 15:59,HIGH,ST,0,Right on the spot,NUMBER 1-3,HN,CARINGBAH,,No,Not a school zone,2-way undivided,-34.043055,151.118033,Sutherland,Sydney metro. area,Syd-Newc-Woll Gtr conurbation,Straight,Driveway/entrance,,,Unknown / not stated,Sealed,Dry,Fine,Daylight,Nil,No traffic controls,50 km/h,Local,49,Other manoeuvring,400,Manov - other,,Other angle,Car (sedan/hatch),,1,0,0,0,0,12,December,Summer,Monday,14:00 - 15:59,Midday / afternoon,False,False,False,False
1373266,Non-casualty (towaway),Non-casualty (towaway),2024,2024,September,Monday,08:00 - 09:59,BOURKE,ST,0,Right on the spot,NAPIER,ST,EAST TAMWORTH,,Yes,No,X-intersection,-31.083229,150.935476,Tamworth Regional,Country urban,Rest of NSW - Urban,Straight,Steep grade,,,Unknown / not stated,Sealed,Dry,Fine,Daylight,Nil,Give way sign,50 km/h,Local,10,Cross traffic,101,Adj - Cross traffic,,Right angle,Car (sedan/hatch),4 wheel drive / SUV,2,0,0,0,0,9,September,Spring,Monday,08:00 - 09:59,AM peak / school commute,True,False,False,False
1373268,Non-casualty (towaway),Non-casualty (towaway),2024,2024,November,Saturday,20:00 - 21:59,NEWCASTLE,RD,0,Right on the spot,MAIN,AVE,JESMOND,82.0,No,Not a school zone,Roundabout,-32.906234,151.69304,Newcastle,Newcastle met. area,Syd-Newc-Woll Gtr conurbation,Curved,,,,Unknown / not stated,Sealed,Dry,Fine,Darkness,Nil,Give way sign,60 km/h,State,10,Cross traffic,101,Adj - Cross traffic,,Right angle,Car (sedan/hatch),Station wagon,2,0,0,0,0,11,November,Spring,Saturday,20:00 - 21:59,Evening / night,False,False,False,False
1373271,Non-casualty (towaway),Non-casualty (towaway),2024,2024,December,Sunday,08:00 - 09:59,PACIFIC,HWY,0,Right on the spot,WALLARAH,RD,KANWAL,509.0,No,Not a school zone,Roundabout,-33.252166,151.489861,Central Coast,Country urban,Syd-Newc-Woll Gtr conurbation,Curved,,,,Unknown / not stated,Sealed,Dry,Fine,Daylight,Nil,Give way sign,70 km/h,State,39,Other same direction,300,Same - other,,Other angle,Light truck,Car (sedan/hatch),3,0,0,0,0,12,December,Summer,Sunday,08:00 - 09:59,AM peak / school commute,True,False,False,False
1373279,Non-casualty (towaway),Non-casualty (towaway),2024,2024,November,Wednesday,06:00 - 07:59,BOUNDARY,RD,20,West,BELLAMY,ST,PENNANT HILLS,656.0,Yes,No,2-way undivided,-33.737061,151.062652,Hornsby,Sydney metro. area,Syd-Newc-Woll Gtr conurbation,Straight,,,,Unknown / not stated,Sealed,Dry,Fine,Daylight,Nil,No traffic controls,60 km/h,State,30,Rear end,301,Same - Rear end,,Rear end,Car (sedan/hatch),4 wheel drive / SUV,2,0,0,0,0,11,November,Spring,Wednesday,06:00 - 07:59,AM peak / school commute,True,False,False,False
1373289,Non-casualty (towaway),Non-casualty (towaway),2024,2024,October,Monday,22:00 - Midnight,AVON DAM,RD,130,North,JOHNSTON,RD,BARGO,,No,Not a school zone,2-way undivided,-34.295081,150.584081,Wollondilly,Country urban,Syd-Newc-Woll Gtr conurbation,Straight,,,,Unknown / not stated,Sealed,Dry,Fine,Darkness,Nil,No traffic controls,60 km/h,Local,73,Off rd rght => obj,704,Right off cway into obj,,Other angle,Utility,Large rigid,2,0,0,0,0,10,October,Spring,Monday,22:00 - Midnight,Evening / night,False,False,False,False
1373291,Non-casualty (towaway),Non-casualty (towaway),2024,2024,December,Tuesday,22:00 - Midnight,WYUNA,RD,0,Right on the spot,NUMBER 9,HN,POINT PIPER,,No,Not a school zone,2-way undivided,-33.865916,151.252089,Woollahra,Sydney metro. area,Syd-Newc-Woll Gtr conurbation,Straight,,,,On,Sealed,Dry,Fine,Darkness,Nil,No traffic controls,50 km/h,Local,71,Off rd left => obj,703,Left off cway into object,,Other angle,4 wheel drive / SUV,Car (sedan/hatch),3,0,0,0,0,12,December,Summer,Tuesday,22:00 - Midnight,Evening / night,False,False,False,False
1373298,Non-casualty (towaway),Non-casualty (towaway),2024,2024,December,Monday,06:00 - 07:59,CUDGEGONG,RD,0,Right on the spot,NUMBER 2,HN,TALLAWONG,,No,Not a school zone,2-way undivided,-33.692279,150.907269,Blacktown,Sydney metro. area,Syd-Newc-Woll Gtr conurbation,Straight,Driveway/entrance,,,Unknown / not stated,Sealed,Dry,Fine,Daylight,Nil,No traffic controls,60 km/h,Local,47,Emerging from drive,406,Manov - Emerging from driveway,,Right angle,Car (sedan/hatch),Car (sedan/hatch),2,0,0,0,0,12,December,Summer,Monday,06:00 - 07:59,AM peak / school commute,True,False,False,False
1373304,Non-casualty (towaway),Non-casualty (towaway),2024,2024,November,Sunday,16:00 - 17:59,PICTON,RD,999999,Unknown/not stated,UNKNOWN,UK,CATARACT,95.0,No,Not a school zone,Divided road,-34.338605,150.790341,Wollongong,Wollongong met. area,Syd-Newc-Woll Gtr conurbation,Straight,Embankment/cutting,,,Unknown / not stated,Sealed,Dry,Fine,Dusk,Nil,No traffic controls,100 km/h,State,71,Off rd left => obj,703,Left off cway into object,,Vehicle - Object,Light truck utility(from 2018),,1,0,0,0,0,11,November,Spring,Sunday,16:00 - 17:59,PM peak / evening commute,True,False,False,False
1373317,Non-casualty (towaway),Non-casualty (towaway),2024,2024,October,Friday,16:00 - 17:59,PRINCES,HWY,0,Right on the spot,BAY,ST,ROCKDALE,1.0,No,Not a school zone,X-intersection,-33.952926,151.137616,Bayside,Sydney metro. area,Syd-Newc-Woll Gtr conurbation,Curved,,,,Unknown / not stated,Sealed,Dry,Fine,Unknown,On,No traffic controls,60 km/h,State,49,Other manoeuvring,400,Manov - other,,Other angle,Car (sedan/hatch),Light truck,2,0,0,0,0,10,October,Spring,Friday,16:00 - 17:59,PM peak / evening commute,True,False,False,False
1373321,Non-casualty (towaway),Non-casualty (towaway),2024,2024,December,Monday,20:00 - 21:59,MILITARY,RD,50,North,MILITARY,RD,GUILDFORD,,No,Not a school zone,2-way undivided,-33.858547,150.980904,Cumberland,Sydney metro. area,Syd-Newc-Woll Gtr conurbation,Straight,Spd hump/slow pt/chc,,,Unknown / not stated,Sealed,Dry,Fine,Darkness,Nil,No traffic controls,50 km/h,Local,64,Perm obstruction,605,On path - Hit obstruction,,Vehicle - Object,Car (sedan/hatch),,1,0,0,0,0,12,December,Summer,Monday,20:00 - 21:59,Evening / night,False,False,False,False
1373326,Non-casualty (towaway),Non-casualty (towaway),2024,2024,December,Tuesday,04:00 - 05:59,HUME,HWY,0,Right on the spot,REARDONS,RD,MANTON,2.0,No,Not a school zone,T-junction,-34.836255,149.020058,Yass Valley,Country non-urban,Rest of NSW - Rural,Straight,,,,Unknown / not stated,Sealed,Dry,Fine,Dawn,Nil,No traffic controls,110 km/h,State,67,Struck animal,609,On path - Hit animal,,Vehicle - Animal,4 wheel drive / SUV,,1,0,0,0,0,12,December,Summer,Tuesday,04:00 - 05:59,Late night / early morning,False,False,False,False
1373328,Non-casualty (towaway),Non-casualty (towaway),2024,2024,November,Friday,18:00 - 19:59,SOUTHERN,EXP,1500,North,NORTHCLIFFE DRIVE,OP,UNANDERRA,6006.0,No,Not a school zone,Dual freeway,-34.465785,150.845009,Wollongong,Wollongong met. area,Syd-Newc-Woll Gtr conurbation,Straight,,,,Unknown / not stated,Sealed,Wet,Raining,Daylight,Nil,No traffic controls,100 km/h,State,73,Off rd rght => obj,704,Right off cway into obj,,Vehicle - Object,Car (sedan/hatch),,1,0,0,0,0,11,November,Spring,Friday,18:00 - 19:59,PM peak / evening commute,True,False,False,False
1373331,Non-casualty (towaway),Non-casualty (towaway),2024,2024,October,Wednesday,16:00 - 17:59,GULGAN,RD,100,South,MCKENZIES,LANE,MYOCUM,689.0,No,Not a school zone,2-way undivided,-28.576945,153.53119,Byron,Country urban,Rest of NSW - Urban,Curved,Embankment/cutting,,,Unknown / not stated,Sealed,Wet,Raining,Daylight,Nil,No traffic controls,80 km/h,Regional,81,Off left/rt bnd=>obj,803,Off right bend into obj,Left,Vehicle - Object,Passenger van,,1,0,0,0,0,10,October,Spring,Wednesday,16:00 - 17:59,PM peak / evening commute,True,False,False,False
1373357,Non-casualty (towaway),Non-casualty (towaway),2024,2024,December,Saturday,22:00 - Midnight,BARRENJOEY,RD,0,Right on the spot,EASTBOURNE,AVE,AVALON BEACH,164.0,Yes,No,T-junction,-33.62997,151.331194,Northern Beaches,Sydney metro. area,Syd-Newc-Woll Gtr conurbation,Straight,,,,On,Sealed,Dry,Fine,Darkness,Nil,No traffic controls,60 km/h,State,81,Off left/rt bnd=>obj,707,Right turn,Left,Vehicle - Object,Car (sedan/hatch),,1,0,0,0,0,12,December,Summer,Saturday,22:00 - Midnight,Evening / night,False,False,False,False
1373363,Non-casualty (towaway),Non-casualty (towaway),2024,2024,November,Saturday,16:00 - 17:59,SUTTIE,RD,0,Right on the spot,NUMBER 24,HN,BELLEVUE HILL,,No,Not a school zone,2-way undivided,-33.8854,151.248015,Woollahra,Sydney metro. area,Syd-Newc-Woll Gtr conurbation,Curved,Steep grade,,,Off,Sealed,Dry,Fine,Daylight,Nil,No traffic controls,50 km/h,Local,83,Off rt/rt bnd=>obj,803,Off right bend into obj,Right,Other angle,4 wheel drive / SUV,Car (sedan/hatch),2,0,0,0,0,11,November,Spring,Saturday,16:00 - 17:59,PM peak / evening commute,True,False,False,False
1373378,Non-casualty (towaway),Non-casualty (towaway),2024,2024,December,Wednesday,02:00 - 03:59,PACIFIC,HWY,0,Right on the spot,GOORAMA,AVE,SAN REMO,10.0,No,Not a school zone,T-junction,-33.213716,151.512191,Central Coast,Country urban,Syd-Newc-Woll Gtr conurbation,Straight,,,,On,Sealed,Dry,Fine,Darkness,On,No traffic controls,70 km/h,State,81,Off left/rt bnd=>obj,707,Right turn,Left,Vehicle - Object,4 wheel drive / SUV,,1,0,0,0,0,12,December,Summer,Wednesday,02:00 - 03:59,Late night / early morning,False,False,False,False
1373389,Non-casualty (towaway),Non-casualty (towaway),2024,2024,September,Friday,18:00 - 19:59,FLETCHER,ST,10,East,GLEN,ST,BONDI,,No,Not a school zone,T-junction,-33.896936,151.269523,Waverley,Sydney metro. area,Syd-Newc-Woll Gtr conurbation,Curved,Steep grade,,,On,Sealed,Dry,Fine,Darkness,Nil,Give way sign,50 km/h,Local,87,Off lft/lft bnd=>obj,804,Off left bend into obj,Left,Other angle,4 wheel drive / SUV,Car (sedan/hatch),2,0,0,0,0,9,September,Spring,Friday,18:00 - 19:59,PM peak / evening commute,True,False,False,False
1373407,Non-casualty (towaway),Non-casualty (towaway),2024,2024,December,Saturday,06:00 - 07:59,THOMAS,ST,0,Right on the spot,METCALFE,ST,WALLSEND,82.0,No,Not a school zone,X-intersection,-32.906072,151.671131,Newcastle,Newcastle met. area,Syd-Newc-Woll Gtr conurbation,Straight,Steep grade,,,On,Sealed,Wet,Raining,Dawn,On,No traffic controls,60 km/h,State,10,Cross traffic,101,Adj - Cross traffic,,Right angle,4 wheel drive / SUV,Car (sedan/hatch),2,0,0,0,0,12,December,Summer,Saturday,06:00 - 07:59,AM peak / school commute,True,False,False,False
1373426,Non-casualty (towaway),Non-casualty (towaway),2024,2024,November,Friday,22:00 - Midnight,ADDISON,ST,0,Right on the spot,HAWTHORNE,ST,BERESFIELD,,No,Not a school zone,X-intersection,-32.798456,151.653655,Newcastle,Newcastle met. area,Syd-Newc-Woll Gtr conurbation,Straight,,,,On,Sealed,Dry,Fine,Darkness,Nil,Stop sign,50 km/h,Local,21,Right through,202,Opp - Right-thru,,Other angle,Car (sedan/hatch),4 wheel drive / SUV,2,0,0,0,0,11,November,Spring,Friday,22:00 - Midnight,Evening / night,False,False,False,False