crash_id,degree_of_crash,degree_of_crash_-_detailed,reporting_year,year_of_crash,month_of_crash,day_of_week_of_crash,two-hour_intervals,street_of_crash,street_type,distance,direction,identifying_feature,identifying_feature_type,town,route_no.,school_zone_location,school_zone_active,type_of_location,latitude,longitude,lga,urbanisation,conurbation_1,alignment,primary_permanent_feature,primary_temporary_feature,primary_hazardous_feature,street_lighting,road_surface,surface_condition,weather,natural_lighting,signals_operation,other_traffic_control,speed_limit,road_classification_(admin),rum_-_code,rum_-_description,dca_-_code,dca_-_description,dca_supplement,first_impact_type,key_tu_type,other_tu_type,no._of_traffic_units_involved,no._killed,no._seriously_injured,no._moderately_injured,no._minor-other_injured,month_num,month_label,season,day_label,time_label,time_band,is_peak_commute,is_fatal,is_injury,is_casualty
1373430,Non-casualty (towaway),Non-casualty (towaway),2024,2024,October,Tuesday,18:00 - 19:59,BENTINCK,ST,0,Right on the spot,HOWICK,ST,BATHURST,54.0,No,Not a school zone,X-intersection,-33.418992,149.583193,Bathurst Regional,Country urban,Rest of NSW - Urban,Straight,,,,Off,Sealed,Dry,Fine,Daylight,On,No traffic controls,50 km/h,State,20,Head on,201,Opp - Head on,,Head-on,4 wheel drive / SUV,Light truck utility(from 2018),2,0,0,0,0,10,October,Spring,Tuesday,18:00 - 19:59,PM peak / evening commute,True,False,False,False
1373432,Non-casualty (towaway),Non-casualty (towaway),2024,2024,November,Monday,18:00 - 19:59,HUME,HWY,4450,South,PICTON ROAD,OP,PHEASANTS NEST,2.0,No,Not a school zone,Dual freeway,-34.266254,150.649034,Wollondilly,Country non-urban,Syd-Newc-Woll Gtr conurbation,Straight,Mid-blk median openg,,,Off,Sealed,Dry,Fine,Daylight,Nil,No traffic controls,110 km/h,State,41,U turn into object,409,Manov - U-turn into fixed obje,,Vehicle - Object,Car (sedan/hatch),,1,0,0,0,0,11,November,Spring,Monday,18:00 - 19:59,PM peak / evening commute,True,False,False,False
1373434,Non-casualty (towaway),Non-casualty (towaway),2024,2024,October,Sunday,08:00 - 09:59,LANCASTER,AVE,0,Right on the spot,NUMBER 18,HN,MELROSE PARK,,No,Not a school zone,2-way undivided,-33.814336,151.074175,Ryde,Sydney metro. area,Syd-Newc-Woll Gtr conurbation,Straight,,,,Off,Sealed,Dry,Fine,Daylight,Nil,No traffic controls,50 km/h,Local,71,Off rd left => obj,703,Left off cway into object,,Other angle,Car (sedan/hatch),Car (sedan/hatch),2,0,0,0,0,10,October,Spring,Sunday,08:00 - 09:59,AM peak / school commute,True,False,False,False
1373446,Non-casualty (towaway),Non-casualty (towaway),2024,2024,November,Wednesday,14:00 - 15:59,URANA,RD,90,South,SCHNEIDER,ST,LAVINGTON,125.0,No,Not a school zone,Divided road,-36.041257,146.92818,Albury,Country urban,Rest of NSW - Urban,Straight,,,,Nil,Sealed,Dry,Fine,Daylight,Nil,No traffic controls,60 km/h,Regional,71,Off rd left => obj,703,Left off cway into object,,Vehicle - Object,Utility,,1,0,0,0,0,11,November,Spring,Wednesday,14:00 - 15:59,Midday / afternoon,False,False,False,False
1373449,Non-casualty (towaway),Non-casualty (towaway),2024,2024,December,Monday,02:00 - 03:59,WYRALLAH,RD,0,Right on the spot,NUMBER 10,HN,EAST LISMORE,7742.0,No,Not a school zone,2-way undivided,-28.815503,153.28221,Lismore,Country urban,Rest of NSW - Urban,Straight,Steep grade,,,On,Sealed,Dry,Fine,Darkness,Nil,No traffic controls,50 km/h,Regional,71,Off rd left => obj,703,Left off cway into object,,Other angle,4 wheel drive / SUV,Light truck utility(from 2018),2,0,0,0,0,12,December,Summer,Monday,02:00 - 03:59,Late night / early morning,False,False,False,False
1373450,Non-casualty (towaway),Non-casualty (towaway),2024,2024,November,Tuesday,04:00 - 05:59,PRINCES,HWY,0,Right on the spot,NOLAN,ST,UNANDERRA,1.0,No,Not a school zone,T-junction,-34.461898,150.83849,Wollongong,Wollongong met. area,Syd-Newc-Woll Gtr conurbation,Straight,,,,On,Sealed,Dry,Fine,Darkness,On,No traffic controls,60 km/h,Regional,21,Right through,202,Opp - Right-thru,,Other angle,Unknown motor vehicle,Car (sedan/hatch),2,0,0,0,0,11,November,Spring,Tuesday,04:00 - 05:59,Late night / early morning,False,False,False,False
1373468,Non-casualty (towaway),Non-casualty (towaway),2024,2024,November,Monday,16:00 - 17:59,LYN,PDE,0,Right on the spot,NUMBER 7,HN,PRESTONS,7270.0,No,Not a school zone,2-way undivided,-33.930289,150.88761,Liverpool,Sydney metro. area,Syd-Newc-Woll Gtr conurbation,Straight,Driveway/entrance,,,Off,Sealed,Dry,Fine,Daylight,Nil,No traffic controls,60 km/h,Regional,71,Off rd left => obj,703,Left off cway into object,,Vehicle - Object,Car (sedan/hatch),,1,0,0,0,0,11,November,Spring,Monday,16:00 - 17:59,PM peak / evening commute,True,False,False,False
1373476,Non-casualty (towaway),Non-casualty (towaway),2024,2024,November,Sunday,22:00 - Midnight,FARRELL,RD,0,Right on the spot,TRINITY,ROW,BULLI,,No,Not a school zone,L-junction,-34.339994,150.924151,Wollongong,Wollongong met. area,Syd-Newc-Woll Gtr conurbation,Curved,,,,On,Sealed,Wet,Overcast,Darkness,Nil,No traffic controls,50 km/h,Local,88,Out of cont on bend,805,Out of control on bend,,Rollover,4 wheel drive / SUV,,1,0,0,0,0,11,November,Spring,Sunday,22:00 - Midnight,Evening / night,False,False,False,False
1373480,Non-casualty (towaway),Non-casualty (towaway),2024,2024,October,Sunday,20:00 - 21:59,CREMONA,RD,150,North,LORETTA,AVE,COMO,,No,Not a school zone,2-way undivided,-34.000112,151.067689,Sutherland,Sydney metro. area,Syd-Newc-Woll Gtr conurbation,Straight,Spd hump/slow pt/chc,,,On,Sealed,Dry,Fine,Darkness,Nil,No traffic controls,50 km/h,Local,71,Off rd left => obj,703,Left off cway into object,,Other angle,Light truck utility(from 2018),4 wheel drive / SUV,3,0,0,0,0,10,October,Spring,Sunday,20:00 - 21:59,Evening / night,False,False,False,False
1373519,Non-casualty (towaway),Non-casualty (towaway),2024,2024,December,Saturday,14:00 - 15:59,BUNNERONG,RD,0,Right on the spot,NUMBER 92,HN,PAGEWOOD,171.0,No,Not a school zone,2-way undivided,-33.938065,151.229329,Bayside,Sydney metro. area,Syd-Newc-Woll Gtr conurbation,Straight,,,,Off,Sealed,Wet,Fine,Daylight,Nil,No traffic controls,60 km/h,State,49,Other manoeuvring,400,Manov - other,,Other angle,Unknown type,Car (sedan/hatch),2,0,0,0,0,12,December,Summer,Saturday,14:00 - 15:59,Midday / afternoon,False,False,False,False
1373528,Non-casualty (towaway),Non-casualty (towaway),2024,2024,December,Tuesday,20:00 - 21:59,GARDNER,CCT,0,Right on the spot,WILLCOX,AVE,SINGLETON HEIGHTS,,No,Not a school zone,T-junction,-32.540851,151.165823,Singleton,Country urban,Rest of NSW - Urban,Curved,Steep grade,,,On,Sealed,Wet,Raining,Darkness,Nil,Give way sign,50 km/h,Local,20,Head on,201,Opp - Head on,,Head-on,4 wheel drive / SUV,4 wheel drive / SUV,2,0,0,0,0,12,December,Summer,Tuesday,20:00 - 21:59,Evening / night,False,False,False,False
1373532,Non-casualty (towaway),Non-casualty (towaway),2024,2024,October,Sunday,18:00 - 19:59,THE ESPLANADE,MS,40,North,BANGALOW,ST,ETTALONG BEACH,,No,Not a school zone,2-way undivided,-33.516881,151.333925,Central Coast,Country urban,Syd-Newc-Woll Gtr conurbation,Straight,,,,On,Sealed,Dry,Fine,Dusk,Nil,No traffic controls,50 km/h,Local,71,Off rd left => obj,703,Left off cway into object,,Other angle,Car (sedan/hatch),Car (sedan/hatch),2,0,0,0,0,10,October,Spring,Sunday,18:00 - 19:59,PM peak / evening commute,True,False,False,False
1373578,Non-casualty (towaway),Non-casualty (towaway),2024,2024,November,Wednesday,02:00 - 03:59,DIFFEY,ST,100,North,HUME,HWY,YAGOONA,,No,Not a school zone,2-way undivided,-33.905142,151.015374,Canterbury-Bankstown,Sydney metro. area,Syd-Newc-Woll Gtr conurbation,Curved,,,,On,Sealed,Dry,Fine,Darkness,Nil,No traffic controls,50 km/h,Local,81,Off left/rt bnd=>obj,803,Off right bend into obj,Left,Other angle,Car (sedan/hatch),4 wheel drive / SUV,2,0,0,0,0,11,November,Spring,Wednesday,02:00 - 03:59,Late night / early morning,False,False,False,False
1373610,Non-casualty (towaway),Non-casualty (towaway),2024,2024,December,Sunday,18:00 - 19:59,DILKE,RD,0,Right on the spot,VILLIERS,RD,PADSTOW HEIGHTS,,No,Not a school zone,X-intersection,-33.968045,151.035324,Canterbury-Bankstown,Sydney metro. area,Syd-Newc-Woll Gtr conurbation,Straight,,,,Nil,Sealed,Dry,Fine,Daylight,Nil,Give way sign,50 km/h,Local,10,Cross traffic,101,Adj - Cross traffic,,Right angle,Car (sedan/hatch),4 wheel drive / SUV,2,0,0,0,0,12,December,Summer,Sunday,18:00 - 19:59,PM peak / evening commute,True,False,False,False
1373631,Non-casualty (towaway),Non-casualty (towaway),2024,2024,December,Thursday,18:00 - 19:59,GEORGES RIVER,RD,0,Right on the spot,NUMBER 95,HN,JANNALI,,No,Not a school zone,2-way undivided,-34.01542,151.07044,Sutherland,Sydney metro. area,Syd-Newc-Woll Gtr conurbation,Straight,,,,Nil,Sealed,Dry,Fine,Daylight,Nil,No traffic controls,50 km/h,Local,71,Off rd left => obj,703,Left off cway into object,,Other angle,Car (sedan/hatch),Car (sedan/hatch),2,0,0,0,0,12,December,Summer,Thursday,18:00 - 19:59,PM peak / evening commute,True,False,False,False
1373637,Non-casualty (towaway),Non-casualty (towaway),2024,2024,December,Monday,16:00 - 17:59,PETER BROCK,DR,999999,Unknown/not stated,UNKNOWN,ST,EASTERN CREEK,,No,Not a school zone,2-way undivided,-33.8029,150.88077,Blacktown,Sydney metro. area,Syd-Newc-Woll Gtr conurbation,Straight,,,,Nil,Sealed,Dry,Fine,Dusk,Nil,No traffic controls,50 km/h,Local,49,Other manoeuvring,400,Manov - other,,Other angle,Unknown type,4 wheel drive / SUV,2,0,0,0,0,12,December,Summer,Monday,16:00 - 17:59,PM peak / evening commute,True,False,False,False
1373670,Non-casualty (towaway),Non-casualty (towaway),2024,2024,July,Saturday,18:00 - 19:59,CARLTON,CRES,0,Right on the spot,LACKEY,ST,SUMMER HILL,2028.0,No,Not a school zone,T-junction,-33.890441,151.138524,Inner West,Sydney metro. area,Syd-Newc-Woll Gtr conurbation,Curved,,,,On,Sealed,Dry,Fine,Darkness,On,No traffic controls,50 km/h,Regional,13,Right near,104,Adj - Right-thru from right,,Right angle,Car (sedan/hatch),Car (sedan/hatch),2,0,0,0,0,7,July,Winter,Saturday,18:00 - 19:59,PM peak / evening commute,True,False,False,False
1373726,Non-casualty (towaway),Non-casualty (towaway),2024,2024,November,Wednesday,16:00 - 17:59,TAYLOR,RD,80,East,HAMILTON,RD,ALBION PARK,,Yes,No,2-way undivided,-34.569604,150.77173,Shellharbour,Wollongong met. area,Syd-Newc-Woll Gtr conurbation,Straight,,,,Nil,Sealed,Dry,Fine,Daylight,Nil,No traffic controls,50 km/h,Local,71,Off rd left => obj,703,Left off cway into object,,Vehicle - Object,Light truck,,1,0,0,0,0,11,November,Spring,Wednesday,16:00 - 17:59,PM peak / evening commute,True,False,False,False
1373737,Non-casualty (towaway),Non-casualty (towaway),2024,2024,November,Saturday,00:01 - 01:59,CHETWYND,RD,0,Right on the spot,MARY,ST,MERRYLANDS,,No,Not a school zone,T-junction,-33.844732,150.979911,Cumberland,Sydney metro. area,Syd-Newc-Woll Gtr conurbation,Straight,,,,Off,Sealed,Wet,Fine,Darkness,Nil,No traffic controls,50 km/h,Local,30,Rear end,301,Same - Rear end,,Rear end,Car (sedan/hatch),Car (sedan/hatch),2,0,0,0,0,11,November,Spring,Saturday,00:01 - 01:59,Late night / early morning,False,False,False,False
1373741,Non-casualty (towaway),Non-casualty (towaway),2024,2024,November,Saturday,00:01 - 01:59,BRAIDWOOD,RD,2400,North,BOYD,ST,LAKE BATHURST,79.0,No,Not a school zone,2-way undivided,-35.047301,149.653696,Goulburn Mulwaree,Country non-urban,Rest of NSW - Rural,Straight,Embankment/cutting,,,Nil,Sealed,Dry,Fine,Darkness,Nil,No traffic controls,100 km/h,State,70,Off road to left,701,Off carriageway to left,,Rollover,Utility,,1,0,0,0,0,11,November,Spring,Saturday,00:01 - 01:59,Late night / early morning,False,False,False,False
1373745,Non-casualty (towaway),Non-casualty (towaway),2024,2024,November,Saturday,00:01 - 01:59,CESSNOCK,RD,50,South,FANNING,ST,GILLIESTON HEIGHTS,195.0,No,Not a school zone,2-way undivided,-32.760951,151.528598,Maitland,Country urban,Rest of NSW - Urban,Curved,,,,On,Sealed,Dry,Fine,Darkness,Nil,No traffic controls,60 km/h,State,85,Off rt/lft bnd=>obj,804,Off left bend into obj,Right,Vehicle - Object,Light truck utility(from 2018),,1,0,0,0,0,11,November,Spring,Saturday,00:01 - 01:59,Late night / early morning,False,False,False,False
1373782,Non-casualty (towaway),Non-casualty (towaway),2024,2024,November,Thursday,14:00 - 15:59,CARTHAGE,ST,0,Right on the spot,WHITE,ST,EAST TAMWORTH,,No,Not a school zone,X-intersection,-31.090759,150.936215,Tamworth Regional,Country urban,Rest of NSW - Urban,Straight,,,,Nil,Sealed,Dry,Fine,Daylight,Nil,Stop sign,50 km/h,Local,10,Cross traffic,101,Adj - Cross traffic,,Right angle,Car (sedan/hatch),4 wheel drive / SUV,2,0,0,0,0,11,November,Spring,Thursday,14:00 - 15:59,Midday / afternoon,False,False,False,False
1373791,Non-casualty (towaway),Non-casualty (towaway),2024,2024,December,Sunday,08:00 - 09:59,HUME,HWY,150,South,BOWNING,RD,BOWNING,2.0,No,Not a school zone,Divided road,-34.772217,148.808733,Yass Valley,Country non-urban,Rest of NSW - Rural,Straight,Steep grade,,,Nil,Sealed,Dry,Fine,Daylight,Nil,No traffic controls,110 km/h,State,74,On road-out of cont.,705,Out of control on cway,,Rollover,B-double (road train prior 98),,1,0,0,0,0,12,December,Summer,Sunday,08:00 - 09:59,AM peak / school commute,True,False,False,False
1373802,Non-casualty (towaway),Non-casualty (towaway),2024,2024,November,Thursday,18:00 - 19:59,KINGSCLIFF,ST,0,Right on the spot,NUMBER 50,HN,KINGSCLIFF,,No,Not a school zone,2-way undivided,-28.246565,153.568478,Tweed,Country urban,Rest of NSW - Urban,Straight,,,,Nil,Sealed,Dry,Fine,Daylight,Nil,No traffic controls,50 km/h,Local,71,Off rd left => obj,703,Left off cway into object,,Other angle,4 wheel drive / SUV,Light truck utility(from 2018),2,0,0,0,0,11,November,Spring,Thursday,18:00 - 19:59,PM peak / evening commute,True,False,False,False
1373838,Non-casualty (towaway),Non-casualty (towaway),2024,2024,November,Friday,10:00 - 11:59,RAGLAN,ST,20,North,CLANALPINE,ST,MOSMAN,,No,Not a school zone,2-way undivided,-33.837023,151.236346,Mosman,Sydney metro. area,Syd-Newc-Woll Gtr conurbation,Straight,Other bridge,,,Off,Sealed,Dry,Fine,Daylight,Nil,No traffic controls,50 km/h,Local,73,Off rd rght => obj,704,Right off cway into obj,,Other angle,Light truck utility(from 2018),4 wheel drive / SUV,2,0,0,0,0,11,November,Spring,Friday,10:00 - 11:59,Midday / afternoon,False,False,False,False
1373864,Non-casualty (towaway),Non-casualty (towaway),2024,2024,November,Friday,20:00 - 21:59,ICELY,ST,10,East,NAYLOR,ST,CARCOAR,,No,Not a school zone,L-junction,-33.611379,149.139742,Blayney,Country urban,Rest of NSW - Urban,Curved,,,,On,Sealed,Wet,Raining,Darkness,Nil,No traffic controls,50 km/h,Local,81,Off left/rt bnd=>obj,803,Off right bend into obj,Left,Vehicle - Object,Light truck utility(from 2018),,1,0,0,0,0,11,November,Spring,Friday,20:00 - 21:59,Evening / night,False,False,False,False
1373883,Non-casualty (towaway),Non-casualty (towaway),2024,2024,December,Tuesday,12:00 - 13:59,M7 WESTLINK,EXP,500,North,WOODSTOCK AVENUE,OP,PLUMPTON,6009.0,No,Not a school zone,Dual freeway,-33.756009,150.847515,Blacktown,Sydney metro. area,Syd-Newc-Woll Gtr conurbation,Curved,,Roadwks/Detour/Diverson,,Nil,Sealed,Dry,Fine,Daylight,Nil,No traffic controls,80 km/h,State,85,Off rt/lft bnd=>obj,804,Off left bend into obj,Right,Vehicle - Object,Light truck,,1,0,0,0,0,12,December,Summer,Tuesday,12:00 - 13:59,Midday / afternoon,False,False,False,False
1373902,Non-casualty (towaway),Non-casualty (towaway),2024,2024,December,Friday,12:00 - 13:59,ANZAC,ST,80,North,HUME,HWY,GREENACRE,,No,Not a school zone,2-way undivided,-33.903512,151.042294,Canterbury-Bankstown,Sydney metro. area,Syd-Newc-Woll Gtr conurbation,Straight,Driveway/entrance,,,Nil,Sealed,Dry,Fine,Daylight,Nil,No traffic controls,50 km/h,Local,53,Overtake turning,506,Ovtak - Overtaking right turn,,Other angle,Unknown motor vehicle,Unknown motor vehicle,3,0,0,0,0,12,December,Summer,Friday,12:00 - 13:59,Midday / afternoon,False,False,False,False
1373908,Non-casualty (towaway),Non-casualty (towaway),2024,2024,November,Tuesday,18:00 - 19:59,BRADFIELD,HWY,0,Right on the spot,SYDNEY HARBOUR,BDGE,MILSONS POINT,632.0,No,Not a school zone,Single limited access,-33.852008,151.210969,North Sydney,Sydney metro. area,Syd-Newc-Woll Gtr conurbation,Straight,Other bridge,,,On,Sealed,Dry,Fine,Dusk,Nil,No traffic controls,70 km/h,State,34,Lane change right,306,Same - Lane change right,,Other angle,Car (sedan/hatch),Station wagon,2,0,0,0,0,11,November,Spring,Tuesday,18:00 - 19:59,PM peak / evening commute,True,False,False,False
1373920,Non-casualty (towaway),Non-casualty (towaway),2024,2024,November,Saturday,06:00 - 07:59,MARSDEN PARK,RD,2000,South,O'BRIENS,LANE,CALALA,,No,Not a school zone,2-way undivided,-31.163675,150.978613,Tamworth Regional,Country non-urban,Rest of NSW - Rural,Straight,Ditch/drain/culvert,,,Nil,Unsealed,Dry,Fine,Daylight,Nil,No traffic controls,100 km/h,Local,71,Off rd left => obj,703,Left off cway into object,,Vehicle - Object,Light truck,,1,0,0,0,0,11,November,Spring,Saturday,06:00 - 07:59,AM peak / school commute,True,False,False,False
1373950,Non-casualty (towaway),Non-casualty (towaway),2024,2024,November,Wednesday,16:00 - 17:59,MARCIA,ST,0,Right on the spot,NUMBER 29,HN,TOONGABBIE,,No,Not a school zone,2-way undivided,-33.784938,150.945671,Blacktown,Sydney metro. area,Syd-Newc-Woll Gtr conurbation,Straight,,,,Nil,Sealed,Dry,Fine,Daylight,Nil,No traffic controls,50 km/h,Local,93,Pkd veh runaway=>obj,906,Parked vehicle ran away,,Other angle,Utility,Car (sedan/hatch),2,0,0,0,0,11,November,Spring,Wednesday,16:00 - 17:59,PM peak / evening commute,True,False,False,False
1373959,Non-casualty (towaway),Non-casualty (towaway),2024,2024,September,Tuesday,14:00 - 15:59,OAKDALE,RD,0,Right on the spot,NUMBER 26,HN,GATESHEAD,,No,Not a school zone,2-way undivided,-32.989901,151.698008,Lake Macquarie,Newcastle met. area,Syd-Newc-Woll Gtr conurbation,Curved,Driveway/entrance,,,Nil,Sealed,Dry,Fine,Daylight,Nil,No traffic controls,60 km/h,Local,49,Other manoeuvring,400,Manov - other,,Other angle,Unknown motor vehicle,4 wheel drive / SUV,2,0,0,0,0,9,September,Spring,Tuesday,14:00 - 15:59,Midday / afternoon,False,False,False,False
1373962,Non-casualty (towaway),Non-casualty (towaway),2024,2024,October,Saturday,12:00 - 13:59,SPICER,ST,0,Right on the spot,NUMBER 36,HN,WOOLLAHRA,,No,Not a school zone,2-way undivided,-33.88706,151.23757,Woollahra,Sydney metro. area,Syd-Newc-Woll Gtr conurbation,Straight,,,,Nil,Sealed,Dry,Fine,Daylight,Nil,No traffic controls,50 km/h,Local,71,Off rd left => obj,703,Left off cway into object,,Other angle,Light truck utility(from 2018),Station wagon,2,0,0,0,0,10,October,Spring,Saturday,12:00 - 13:59,Midday / afternoon,False,False,False,False
1373963,Non-casualty (towaway),Non-casualty (towaway),2024,2024,December,Wednesday,22:00 - Midnight,ADA,ST,0,Right on the spot,FORD,ST,NORTH RYDE,,No,Not a school zone,X-intersection,-33.792894,151.1151,Ryde,Sydney metro. area,Syd-Newc-Woll Gtr conurbation,Straight,Steep grade,,,On,Sealed,Dry,Fine,Darkness,Nil,Stop sign,50 km/h,Local,71,Off rd left => obj,703,Left off cway into object,,Other angle,4 wheel drive / SUV,4 wheel drive / SUV,3,0,0,0,0,12,December,Summer,Wednesday,22:00 - Midnight,Evening / night,False,False,False,False
1373979,Non-casualty (towaway),Non-casualty (towaway),2024,2024,November,Monday,06:00 - 07:59,KINGSWAY,MS,20,South,BANKSIA,RD,CARINGBAH,227.0,No,Not a school zone,Divided road,-34.040525,151.120708,Sutherland,Sydney metro. area,Syd-Newc-Woll Gtr conurbation,Straight,,,,Off,Sealed,Dry,Fine,Daylight,Nil,No traffic controls,60 km/h,State,71,Off rd left => obj,703,Left off cway into object,,Other angle,Light truck utility(from 2018),4 wheel drive / SUV,2,0,0,0,0,11,November,Spring,Monday,06:00 - 07:59,AM peak / school commute,True,False,False,False
1373981,Non-casualty (towaway),Non-casualty (towaway),2024,2024,December,Friday,10:00 - 11:59,HUME,HWY,0,Right on the spot,CASULA,RD,CASULA,2.0,No,Not a school zone,T-junction,-33.949198,150.905749,Liverpool,Sydney metro. area,Syd-Newc-Woll Gtr conurbation,Straight,,,,Nil,Sealed,Dry,Fine,Daylight,Nil,Give way sign,70 km/h,State,30,Rear end,301,Same - Rear end,,Rear end,Unknown motor vehicle,4 wheel drive / SUV,2,0,0,0,0,12,December,Summer,Friday,10:00 - 11:59,Midday / afternoon,False,False,False,False
1374000,Non-casualty (towaway),Non-casualty (towaway),2024,2024,November,Tuesday,06:00 - 07:59,OLD PITTWATER,RD,0,Right on the spot,NUMBER 134-140,HN,BROOKVALE,,No,Not a school zone,2-way undivided,-33.767211,151.26205,Northern Beaches,Sydney metro. area,Syd-Newc-Woll Gtr conurbation,Curved,,,,Off,Sealed,Dry,Fine,Daylight,Nil,No traffic controls,50 km/h,Local,81,Off left/rt bnd=>obj,803,Off right bend into obj,Left,Other angle,Car (sedan/hatch),Light truck utility(from 2018),3,0,0,0,0,11,November,Spring,Tuesday,06:00 - 07:59,AM peak / school commute,True,False,False,False
1374005,Non-casualty (towaway),Non-casualty (towaway),2024,2024,November,Thursday,16:00 - 17:59,COWPASTURE,RD,100,North,LATROBE,RD,HOXTON PARK,648.0,No,Not a school zone,Divided road,-33.931188,150.846411,Liverpool,Sydney metro. area,Syd-Newc-Woll Gtr conurbation,Straight,,,,Off,Sealed,Wet,Raining,Daylight,Nil,No traffic controls,70 km/h,State,30,Rear end,301,Same - Rear end,,Rear end,Car (sedan/hatch),Car (sedan/hatch),4,0,0,0,0,11,November,Spring,Thursday,16:00 - 17:59,PM peak / evening commute,True,False,False,False
1374011,Non-casualty (towaway),Non-casualty (towaway),2024,2024,November,Friday,20:00 - 21:59,GRAFTON,ST,70,South,RUTLAND,ST,LAWRENCE,152.0,No,Not a school zone,2-way undivided,-29.500401,153.100264,Clarence Valley,Country urban,Rest of NSW - Urban,Curved,,,,On,Sealed,Dry,Fine,Darkness,Nil,No traffic controls,50 km/h,Regional,80,Off left/right bend,801,Off cway right bend,Left,Rollover,Light truck utility(from 2018),,1,0,0,0,0,11,November,Spring,Friday,20:00 - 21:59,Evening / night,False,False,False,False
1374017,Non-casualty (towaway),Non-casualty (towaway),2024,2024,November,Sunday,00:01 - 01:59,SNOWY MOUNTAINS,HWY,0,Right on the spot,GOCUP,RD,TUMUT,4.0,No,Not a school zone,Roundabout,-35.294993,148.215652,Snowy Valleys,Country urban,Rest of NSW - Urban,Curved,,,,On,Sealed,Dry,Fine,Darkness,Nil,Give way sign,50 km/h,State,81,Off left/rt bnd=>obj,803,Off right bend into obj,Left,Vehicle - Object,Car (sedan/hatch),,1,0,0,0,0,11,November,Spring,Sunday,00:01 - 01:59,Late night / early morning,False,False,False,False
1374018,Non-casualty (towaway),Non-casualty (towaway),2024,2024,November,Saturday,04:00 - 05:59,GWYDIR,HWY,650,South,MT RUSSELL,RD,DELUNGRA,12.0,No,Not a school zone,2-way undivided,-29.669527,150.851617,Inverell,Country non-urban,Rest of NSW - Rural,Straight,,,,Nil,Sealed,Dry,Fine,Dawn,Nil,No traffic controls,100 km/h,State,71,Off rd left => obj,703,Left off cway into object,,Vehicle - Object,Light truck utility(from 2018),,1,0,0,0,0,11,November,Spring,Saturday,04:00 - 05:59,Late night / early morning,False,False,False,False
1374033,Non-casualty (towaway),Non-casualty (towaway),2024,2024,December,Tuesday,14:00 - 15:59,SIR BERTRAM STEVENS,DR,420,North,MCKELL,AVE,ROYAL NATIONAL PARK,393.0,No,Not a school zone,2-way undivided,-34.14886,151.029788,Sutherland,Sydney metro. area,Syd-Newc-Woll Gtr conurbation,Curved,,,,Nil,Sealed,Dry,Fine,Daylight,Nil,No traffic controls,60 km/h,State,81,Off left/rt bnd=>obj,803,Off right bend into obj,Left,Vehicle - Object,Car (sedan/hatch),,1,0,0,0,0,12,December,Summer,Tuesday,14:00 - 15:59,Midday / afternoon,False,False,False,False
1374041,Non-casualty (towaway),Non-casualty (towaway),2024,2024,November,Monday,14:00 - 15:59,RINGROSE,AVE,10,North,THERESA,AVE,GREYSTANES,,No,Not a school zone,T-junction,-33.8216,150.958301,Cumberland,Sydney metro. area,Syd-Newc-Woll Gtr conurbation,Straight,,,,Off,Sealed,Dry,Fine,Daylight,Nil,No traffic controls,50 km/h,Local,71,Off rd left => obj,703,Left off cway into object,,Other angle,Light truck utility(from 2018),Car (sedan/hatch),2,0,0,0,0,11,November,Spring,Monday,14:00 - 15:59,Midday / afternoon,False,False,False,False
1374058,Non-casualty (towaway),Non-casualty (towaway),2024,2024,December,Saturday,14:00 - 15:59,DOYLE,RD,0,Right on the spot,NUMBER 66,HN,REVESBY,,No,Not a school zone,2-way undivided,-33.949102,151.023627,Canterbury-Bankstown,Sydney metro. area,Syd-Newc-Woll Gtr conurbation,Straight,,,,Nil,Sealed,Dry,Fine,Daylight,Nil,No traffic controls,50 km/h,Local,73,Off rd rght => obj,704,Right off cway into obj,,Vehicle - Object,Car (sedan/hatch),,1,0,0,0,0,12,December,Summer,Saturday,14:00 - 15:59,Midday / afternoon,False,False,False,False
1374068,Non-casualty (towaway),Non-casualty (towaway),2024,2024,November,Sunday,22:00 - Midnight,HASTINGS,RD,0,Right on the spot,NUMBER 37,HN,TERRIGAL,,No,Not a school zone,2-way undivided,-33.436286,151.435087,Central Coast,Country urban,Syd-Newc-Woll Gtr conurbation,Straight,Steep grade,,,Nil,Sealed,Dry,Fine,Darkness,Nil,No traffic controls,50 km/h,Local,71,Off rd left => obj,703,Left off cway into object,,Other angle,Car (sedan/hatch),Car (sedan/hatch),3,0,0,0,0,11,November,Spring,Sunday,22:00 - Midnight,Evening / night,False,False,False,False