crash_id,degree_of_crash,degree_of_crash_-_detailed,reporting_year,year_of_crash,month_of_crash,day_of_week_of_crash,two-hour_intervals,street_of_crash,street_type,distance,direction,identifying_feature,identifying_feature_type,town,route_no.,school_zone_location,school_zone_active,type_of_location,latitude,longitude,lga,urbanisation,conurbation_1,alignment,primary_permanent_feature,primary_temporary_feature,primary_hazardous_feature,street_lighting,road_surface,surface_condition,weather,natural_lighting,signals_operation,other_traffic_control,speed_limit,road_classification_(admin),rum_-_code,rum_-_description,dca_-_code,dca_-_description,dca_supplement,first_impact_type,key_tu_type,other_tu_type,no._of_traffic_units_involved,no._killed,no._seriously_injured,no._moderately_injured,no._minor-other_injured,month_num,month_label,season,day_label,time_label,time_band,is_peak_commute,is_fatal,is_injury,is_casualty
1374096,Non-casualty (towaway),Non-casualty (towaway),2024,2024,November,Saturday,14:00 - 15:59,RIVER,RD,0,Right on the spot,NUMBER 130,HN,SUSSEX INLET,,No,Not a school zone,2-way undivided,-35.151183,150.593307,Shoalhaven,Country urban,Rest of NSW - Urban,Curved,,,,Off,Sealed,Wet,Raining,Daylight,Nil,No traffic controls,50 km/h,Local,81,Off left/rt bnd=>obj,803,Off right bend into obj,Left,Vehicle - Object,Car (sedan/hatch),,1,0,0,0,0,11,November,Spring,Saturday,14:00 - 15:59,Midday / afternoon,False,False,False,False
1374103,Non-casualty (towaway),Non-casualty (towaway),2024,2024,December,Saturday,02:00 - 03:59,HASTINGS,PDE,0,Right on the spot,NUMBER 16,HN,NORTH BONDI,,Yes,No,1-way street,-33.886257,151.278569,Waverley,Sydney metro. area,Syd-Newc-Woll Gtr conurbation,Straight,,,,Nil,Sealed,Dry,Fine,Darkness,Nil,No traffic controls,50 km/h,Local,49,Other manoeuvring,400,Manov - other,,Other angle,Car (sedan/hatch),Car (sedan/hatch),2,0,0,0,0,12,December,Summer,Saturday,02:00 - 03:59,Late night / early morning,False,False,False,False
1374111,Non-casualty (towaway),Non-casualty (towaway),2024,2024,December,Saturday,00:01 - 01:59,THE NORTHERN,RD,0,Right on the spot,FOURTH,AVE,CRANEBROOK,154.0,No,Not a school zone,T-junction,-33.691449,150.727829,Penrith,Sydney metro. area,Syd-Newc-Woll Gtr conurbation,Straight,,,,On,Unsealed,Dry,Fine,Darkness,Nil,Give way sign,80 km/h,State,32,Right rear,303,Same - Rear right,,Rear end,4 wheel drive / SUV,Car (sedan/hatch),2,0,0,0,0,12,December,Summer,Saturday,00:01 - 01:59,Late night / early morning,False,False,False,False
1374112,Non-casualty (towaway),Non-casualty (towaway),2024,2024,October,Saturday,00:01 - 01:59,GARDINIA,ST,0,Right on the spot,WALLACE,SQ,NARWEE,,No,Not a school zone,Roundabout,-33.951314,151.069604,Georges River,Sydney metro. area,Syd-Newc-Woll Gtr conurbation,Straight,,,,On,Sealed,Dry,Fine,Darkness,Nil,Give way sign,50 km/h,Local,80,Off left/right bend,707,Right turn,Left,Rollover,Light truck utility(from 2018),,1,0,0,0,0,10,October,Spring,Saturday,00:01 - 01:59,Late night / early morning,False,False,False,False
1374147,Non-casualty (towaway),Non-casualty (towaway),2024,2024,November,Monday,06:00 - 07:59,SACKVILLE,ST,0,Right on the spot,NUMBER 732,HN,ALBURY,,No,Not a school zone,2-way undivided,-36.06888,146.913038,Albury,Country urban,Rest of NSW - Urban,Straight,,,,On,Sealed,Dry,Fine,Darkness,Nil,No traffic controls,50 km/h,Local,71,Off rd left => obj,703,Left off cway into object,,Other angle,4 wheel drive / SUV,Car (sedan/hatch),2,0,0,0,0,11,November,Spring,Monday,06:00 - 07:59,AM peak / school commute,True,False,False,False
1374149,Non-casualty (towaway),Non-casualty (towaway),2024,2024,October,Thursday,00:01 - 01:59,RAWSON,ST,55,East,STATION,ST,AUBURN,2069.0,No,Not a school zone,2-way undivided,-33.850229,151.035127,Cumberland,Sydney metro. area,Syd-Newc-Woll Gtr conurbation,Straight,Driveway/entrance,Police pursuit,,On,Sealed,Dry,Fine,Darkness,Nil,No traffic controls,50 km/h,Regional,71,Off rd left => obj,703,Left off cway into object,,Vehicle - Object,Station wagon,,1,0,0,0,0,10,October,Spring,Thursday,00:01 - 01:59,Late night / early morning,False,False,False,False
1374152,Non-casualty (towaway),Non-casualty (towaway),2024,2024,November,Sunday,02:00 - 03:59,GREAT WESTERN,HWY,0,Right on the spot,NUMBER 118-120,HN,BATHURST,5.0,No,Not a school zone,Divided road,-33.412262,149.57973,Bathurst Regional,Country urban,Rest of NSW - Urban,Straight,,,,On,Sealed,Dry,Fine,Darkness,Nil,No traffic controls,60 km/h,State,71,Off rd left => obj,703,Left off cway into object,,Vehicle - Object,Large rigid,,1,0,0,0,0,11,November,Spring,Sunday,02:00 - 03:59,Late night / early morning,False,False,False,False
1374155,Non-casualty (towaway),Non-casualty (towaway),2024,2024,December,Monday,20:00 - 21:59,CUMBERLAND,HWY,0,Right on the spot,KLEINS,RD,NORTHMEAD,13.0,No,Not a school zone,X-intersection,-33.793269,150.994368,Parramatta,Sydney metro. area,Syd-Newc-Woll Gtr conurbation,Straight,,,,On,Sealed,Dry,Fine,Darkness,On,No traffic controls,70 km/h,State,37,Left turn sideswipe,309,Same - Left turn side swipe,,Other angle,Light truck utility(from 2018),Car (sedan/hatch),2,0,0,0,0,12,December,Summer,Monday,20:00 - 21:59,Evening / night,False,False,False,False
1374163,Non-casualty (towaway),Non-casualty (towaway),2024,2024,December,Tuesday,12:00 - 13:59,SIR BERTRAM STEVENS,DR,200,North,FLAT ROCK CREEK,BDGE,ROYAL NATIONAL PARK,393.0,No,Not a school zone,2-way undivided,-34.114308,151.066082,Sutherland,Sydney metro. area,Syd-Newc-Woll Gtr conurbation,Curved,,,,Off,Sealed,Dry,Fine,Daylight,Nil,No traffic controls,60 km/h,State,87,Off lft/lft bnd=>obj,804,Off left bend into obj,Left,Vehicle - Object,4 wheel drive / SUV,,1,0,0,0,0,12,December,Summer,Tuesday,12:00 - 13:59,Midday / afternoon,False,False,False,False
1374226,Non-casualty (towaway),Non-casualty (towaway),2024,2024,November,Wednesday,10:00 - 11:59,WINDSOR,RD,50,West,VICTORIA,AVE,CASTLE HILL,184.0,No,Not a school zone,Divided road,-33.736021,150.981119,The Hills,Sydney metro. area,Syd-Newc-Woll Gtr conurbation,Straight,,,,Off,Sealed,Dry,Fine,Daylight,Nil,No traffic controls,70 km/h,State,30,Rear end,301,Same - Rear end,,Rear end,Light truck utility(from 2018),4 wheel drive / SUV,2,0,0,0,0,11,November,Spring,Wednesday,10:00 - 11:59,Midday / afternoon,False,False,False,False
1374250,Non-casualty (towaway),Non-casualty (towaway),2024,2024,November,Thursday,20:00 - 21:59,GLEBE,RD,0,Right on the spot,UNION,ST,THE JUNCTION,188.0,No,Not a school zone,X-intersection,-32.938708,151.758564,Newcastle,Newcastle met. area,Syd-Newc-Woll Gtr conurbation,Straight,,,,On,Sealed,Dry,Fine,Darkness,On,No right turn,60 km/h,Regional,21,Right through,202,Opp - Right-thru,,Other angle,Pedal cycle,Car (sedan/hatch),2,0,0,0,0,11,November,Spring,Thursday,20:00 - 21:59,Evening / night,False,False,False,False
1374257,Non-casualty (towaway),Non-casualty (towaway),2024,2024,October,Wednesday,08:00 - 09:59,OSBORNE,ST,0,Right on the spot,NUMBER 8,HN,WOLLONGONG,,No,Not a school zone,2-way undivided,-34.427438,150.885782,Wollongong,Wollongong met. area,Syd-Newc-Woll Gtr conurbation,Straight,,,,Off,Sealed,Dry,Fine,Daylight,Nil,No traffic controls,50 km/h,Local,49,Other manoeuvring,400,Manov - other,,Other angle,Unknown motor vehicle,4 wheel drive / SUV,2,0,0,0,0,10,October,Spring,Wednesday,08:00 - 09:59,AM peak / school commute,True,False,False,False
1374265,Non-casualty (towaway),Non-casualty (towaway),2024,2024,November,Monday,14:00 - 15:59,CHAPPLE,ST,0,Right on the spot,ZEBINA,ST,BROKEN HILL,,No,Not a school zone,X-intersection,-31.946785,141.466288,Broken Hill,Country urban,Rest of NSW - Urban,Straight,,,,Nil,Sealed,Dry,Overcast,Daylight,Nil,Give way sign,50 km/h,Local,10,Cross traffic,101,Adj - Cross traffic,,Right angle,Light truck,Car (sedan/hatch),2,0,0,0,0,11,November,Spring,Monday,14:00 - 15:59,Midday / afternoon,False,False,False,False
1374271,Non-casualty (towaway),Non-casualty (towaway),2024,2024,December,Sunday,04:00 - 05:59,GREAT WESTERN,HWY,0,Right on the spot,CUMBERLAND,HWY,WENTWORTHVILLE,5.0,No,Not a school zone,X-intersection,-33.81435,150.96452,Cumberland,Sydney metro. area,Syd-Newc-Woll Gtr conurbation,Straight,,,,On,Sealed,Wet,Fine,Darkness,On,No traffic controls,70 km/h,State,73,Off rd rght => obj,704,Right off cway into obj,,Vehicle - Object,Car (sedan/hatch),,1,0,0,0,0,12,December,Summer,Sunday,04:00 - 05:59,Late night / early morning,False,False,False,False
1374286,Non-casualty (towaway),Non-casualty (towaway),2024,2024,November,Friday,06:00 - 07:59,PRINCES,ST,0,Right on the spot,NUMBER 115,HN,PUTNEY,,No,Not a school zone,Divided road,-33.822113,151.103124,Ryde,Sydney metro. area,Syd-Newc-Woll Gtr conurbation,Straight,Steep grade,,,Off,Sealed,Dry,Fine,Daylight,Nil,No traffic controls,50 km/h,Local,46,Reversing into obj,405,Manov - Reverse into fixed obj,,Other angle,Large rigid,Light truck utility(from 2018),2,0,0,0,0,11,November,Spring,Friday,06:00 - 07:59,AM peak / school commute,True,False,False,False
1374345,Non-casualty (towaway),Non-casualty (towaway),2024,2024,December,Wednesday,18:00 - 19:59,CRAWFORD,RD,10,North,PRESIDENT,AVE,MONTEREY,667.0,No,Not a school zone,T-junction,-33.965993,151.149154,Bayside,Sydney metro. area,Syd-Newc-Woll Gtr conurbation,Straight,,,,Nil,Sealed,Dry,Fine,Darkness,On,No traffic controls,60 km/h,State,73,Off rd rght => obj,704,Right off cway into obj,,Other angle,4 wheel drive / SUV,Car (sedan/hatch),4,0,0,0,0,12,December,Summer,Wednesday,18:00 - 19:59,PM peak / evening commute,True,False,False,False
1374358,Non-casualty (towaway),Non-casualty (towaway),2024,2024,November,Thursday,14:00 - 15:59,BARTON,RD,0,Right on the spot,RESERVE,RD,ARTARMON,,No,Not a school zone,Roundabout,-33.812603,151.184604,Willoughby,Sydney metro. area,Syd-Newc-Woll Gtr conurbation,Straight,Steep grade,,,Nil,Sealed,Dry,Overcast,Daylight,Nil,Give way sign,50 km/h,Local,85,Off rt/lft bnd=>obj,706,Left turn,Right,Vehicle - Object,Motorcycle,,1,0,0,0,0,11,November,Spring,Thursday,14:00 - 15:59,Midday / afternoon,False,False,False,False
1374423,Non-casualty (towaway),Non-casualty (towaway),2024,2024,December,Friday,12:00 - 13:59,WYONG,RD,50,West,PACIFIC HIGHWAY,TO,TUGGERAH,335.0,No,Not a school zone,Divided road,-33.307759,151.417468,Central Coast,Country urban,Syd-Newc-Woll Gtr conurbation,Curved,,,,Nil,Sealed,Dry,Fine,Daylight,Nil,No traffic controls,70 km/h,State,35,Lane change left,307,Same - Lane change left,,Other angle,Car (sedan/hatch),Unknown motor vehicle,2,0,0,0,0,12,December,Summer,Friday,12:00 - 13:59,Midday / afternoon,False,False,False,False
1374430,Non-casualty (towaway),Non-casualty (towaway),2024,2024,December,Wednesday,18:00 - 19:59,BUNNERONG,RD,0,Right on the spot,FRANKLIN,ST,MATRAVILLE,171.0,No,Not a school zone,X-intersection,-33.960354,151.231271,Randwick,Sydney metro. area,Syd-Newc-Woll Gtr conurbation,Straight,,,,Off,Sealed,Dry,Fine,Daylight,Off,No traffic controls,60 km/h,State,30,Rear end,301,Same - Rear end,,Rear end,Car (sedan/hatch),Light truck utility(from 2018),2,0,0,0,0,12,December,Summer,Wednesday,18:00 - 19:59,PM peak / evening commute,True,False,False,False
1374431,Non-casualty (towaway),Non-casualty (towaway),2024,2024,October,Saturday,20:00 - 21:59,ILLAWARRA,RD,0,Right on the spot,NUMBER 431,HN,MARRICKVILLE,2021.0,No,Not a school zone,2-way undivided,-33.915664,151.150642,Inner West,Sydney metro. area,Syd-Newc-Woll Gtr conurbation,Straight,Steep grade,,,On,Sealed,Dry,Fine,Darkness,Nil,No traffic controls,50 km/h,Regional,71,Off rd left => obj,703,Left off cway into object,,Other angle,Light truck utility(from 2018),Car (sedan/hatch),2,0,0,0,0,10,October,Spring,Saturday,20:00 - 21:59,Evening / night,False,False,False,False
1374447,Non-casualty (towaway),Non-casualty (towaway),2024,2024,November,Thursday,12:00 - 13:59,AWABA,RD,0,Right on the spot,GRATTOIR,PL,TORONTO,220.0,No,Not a school zone,T-junction,-33.003651,151.56797,Lake Macquarie,Newcastle met. area,Syd-Newc-Woll Gtr conurbation,Straight,Painted double centre lines,,,Off,Sealed,Dry,Overcast,Daylight,Nil,No traffic controls,60 km/h,State,53,Overtake turning,506,Ovtak - Overtaking right turn,,Other angle,4 wheel drive / SUV,Light truck,2,0,0,0,0,11,November,Spring,Thursday,12:00 - 13:59,Midday / afternoon,False,False,False,False
1374471,Non-casualty (towaway),Non-casualty (towaway),2024,2024,October,Tuesday,14:00 - 15:59,BEECROFT,RD,0,Right on the spot,KIRKHAM,ST,BEECROFT,139.0,No,Not a school zone,X-intersection,-33.754268,151.067474,Hornsby,Sydney metro. area,Syd-Newc-Woll Gtr conurbation,Straight,Crest,,,Off,Sealed,Dry,Fine,Daylight,Nil,Stop sign,60 km/h,State,37,Left turn sideswipe,309,Same - Left turn side swipe,,Other angle,Other bus,Station wagon,2,0,0,0,0,10,October,Spring,Tuesday,14:00 - 15:59,Midday / afternoon,False,False,False,False
1374477,Non-casualty (towaway),Non-casualty (towaway),2024,2024,November,Friday,00:01 - 01:59,SPHINX,AVE,0,Right on the spot,NUMBER 52A,HN,REVESBY,7126.0,No,Not a school zone,2-way undivided,-33.951575,151.02283,Canterbury-Bankstown,Sydney metro. area,Syd-Newc-Woll Gtr conurbation,Straight,,,,On,Sealed,Wet,Fine,Darkness,Nil,No traffic controls,60 km/h,Regional,71,Off rd left => obj,703,Left off cway into object,,Other angle,Car (sedan/hatch),Passenger van,3,0,0,0,0,11,November,Spring,Friday,00:01 - 01:59,Late night / early morning,False,False,False,False
1374502,Non-casualty (towaway),Non-casualty (towaway),2024,2024,December,Tuesday,14:00 - 15:59,VIVIAN,ST,0,Right on the spot,BIG W,ENT,INVERELL,,No,Not a school zone,Divided road,-29.772082,151.1116,Inverell,Country urban,Rest of NSW - Urban,Straight,Driveway/entrance,,,Nil,Sealed,Dry,Fine,Daylight,Nil,Give way sign,40 km/h,Local,47,Emerging from drive,406,Manov - Emerging from driveway,,Right angle,4 wheel drive / SUV,4 wheel drive / SUV,2,0,0,0,0,12,December,Summer,Tuesday,14:00 - 15:59,Midday / afternoon,False,False,False,False
1374503,Non-casualty (towaway),Non-casualty (towaway),2024,2024,November,Monday,16:00 - 17:59,WODONGA,PL,10,North,RIVERINA,HWY,ALBURY,20.0,No,Not a school zone,Roundabout,-36.081865,146.910228,Albury,Country urban,Rest of NSW - Urban,Straight,,,,Nil,Sealed,Dry,Fine,Daylight,Nil,Give way sign,60 km/h,State,30,Rear end,301,Same - Rear end,,Rear end,Car (sedan/hatch),Car (sedan/hatch),2,0,0,0,0,11,November,Spring,Monday,16:00 - 17:59,PM peak / evening commute,True,False,False,False
1374518,Non-casualty (towaway),Non-casualty (towaway),2024,2024,December,Sunday,20:00 - 21:59,TRAFALGAR,ST,10,South,SHOAL BAY,RD,NELSON BAY,,No,Not a school zone,T-junction,-32.716888,152.152525,Port Stephens,Country urban,Rest of NSW - Urban,Straight,Steep grade,,,On,Sealed,Wet,Raining,Darkness,Nil,Give way sign,50 km/h,Local,71,Off rd left => obj,703,Left off cway into object,,Other angle,Car (sedan/hatch),4 wheel drive / SUV,3,0,0,0,0,12,December,Summer,Sunday,20:00 - 21:59,Evening / night,False,False,False,False
1374519,Non-casualty (towaway),Non-casualty (towaway),2024,2024,October,Sunday,00:01 - 01:59,TERRACE,RD,0,Right on the spot,NUMBER 45,HN,DULWICH HILL,,No,Not a school zone,2-way undivided,-33.907548,151.137762,Inner West,Sydney metro. area,Syd-Newc-Woll Gtr conurbation,Straight,,,,On,Sealed,Dry,Fine,Darkness,Nil,No traffic controls,50 km/h,Local,71,Off rd left => obj,703,Left off cway into object,,Other angle,Car (sedan/hatch),4 wheel drive / SUV,3,0,0,0,0,10,October,Spring,Sunday,00:01 - 01:59,Late night / early morning,False,False,False,False
1374528,Non-casualty (towaway),Non-casualty (towaway),2024,2024,October,Thursday,14:00 - 15:59,MARION,ST,0,Right on the spot,MARKET,ST,BANKSTOWN,7121.0,No,Not a school zone,T-junction,-33.917225,151.021491,Canterbury-Bankstown,Sydney metro. area,Syd-Newc-Woll Gtr conurbation,Straight,Steep grade,,,Off,Sealed,Dry,Fine,Daylight,Nil,Stop sign,60 km/h,Regional,10,Cross traffic,101,Adj - Cross traffic,,Right angle,Car (sedan/hatch),4 wheel drive / SUV,2,0,0,0,0,10,October,Spring,Thursday,14:00 - 15:59,Midday / afternoon,False,False,False,False
1374574,Non-casualty (towaway),Non-casualty (towaway),2024,2024,December,Thursday,20:00 - 21:59,BONDS,RD,200,North,FOREST,RD,PEAKHURST,7006.0,No,Not a school zone,2-way undivided,-33.957433,151.062624,Georges River,Sydney metro. area,Syd-Newc-Woll Gtr conurbation,Straight,,,,On,Sealed,Dry,Fine,Darkness,Nil,No traffic controls,50 km/h,Regional,20,Head on,201,Opp - Head on,,Head-on,4 wheel drive / SUV,4 wheel drive / SUV,2,0,0,0,0,12,December,Summer,Thursday,20:00 - 21:59,Evening / night,False,False,False,False
1374584,Non-casualty (towaway),Non-casualty (towaway),2024,2024,October,Thursday,10:00 - 11:59,CRYSTAL,ST,0,Right on the spot,TRAFALGAR,ST,PETERSHAM,2007.0,No,Not a school zone,X-intersection,-33.894046,151.157422,Inner West,Sydney metro. area,Syd-Newc-Woll Gtr conurbation,Straight,,,,Nil,Sealed,Dry,Fine,Daylight,On,No traffic controls,60 km/h,Regional,32,Right rear,303,Same - Rear right,,Rear end,Car (sedan/hatch),4 wheel drive / SUV,3,0,0,0,0,10,October,Spring,Thursday,10:00 - 11:59,Midday / afternoon,False,False,False,False
1374586,Non-casualty (towaway),Non-casualty (towaway),2024,2024,December,Friday,04:00 - 05:59,GLENDONBROOK,RD,12000,North,MITCHELLS FLAT,RD,GLENDON BROOK,128.0,No,Not a school zone,2-way undivided,-32.50073,151.400358,Singleton,Country non-urban,Rest of NSW - Rural,Curved,Embankment/cutting,,,Nil,Sealed,Dry,Fine,Dawn,Nil,No traffic controls,100 km/h,Regional,88,Out of cont on bend,805,Out of control on bend,,Rollover,Car (sedan/hatch),,1,0,0,0,0,12,December,Summer,Friday,04:00 - 05:59,Late night / early morning,False,False,False,False
1374614,Non-casualty (towaway),Non-casualty (towaway),2024,2024,December,Monday,08:00 - 09:59,BELLS LINE OF,RD,270,West,BERAMBING,CRES,BERAMBING,184.0,No,Not a school zone,2-way undivided,-33.530314,150.448631,Hawkesbury,Country urban,Syd-Newc-Woll Gtr conurbation,Straight,Steep grade,,,Unknown / not stated,Sealed,Unknown,Unknown,Daylight,Nil,No traffic controls,80 km/h,State,71,Off rd left => obj,703,Left off cway into object,,Vehicle - Object,Large rigid,,1,0,0,0,0,12,December,Summer,Monday,08:00 - 09:59,AM peak / school commute,True,False,False,False
1374616,Non-casualty (towaway),Non-casualty (towaway),2024,2024,November,Sunday,20:00 - 21:59,DITMANN,PL,100,North,WAGGA,RD,LAVINGTON,,No,Not a school zone,2-way undivided,-36.04129,146.953021,Albury,Country urban,Rest of NSW - Urban,Curved,,,,Nil,Sealed,Dry,Fine,Darkness,Nil,No traffic controls,50 km/h,Local,81,Off left/rt bnd=>obj,803,Off right bend into obj,Left,Vehicle - Object,Car (sedan/hatch),,1,0,0,0,0,11,November,Spring,Sunday,20:00 - 21:59,Evening / night,False,False,False,False
1374626,Non-casualty (towaway),Non-casualty (towaway),2024,2024,December,Tuesday,10:00 - 11:59,DERBY,ST,0,Right on the spot,NUMBER 110,HN,PENRITH,,No,Not a school zone,2-way undivided,-33.759977,150.708022,Penrith,Sydney metro. area,Syd-Newc-Woll Gtr conurbation,Straight,,,,Off,Sealed,Dry,Fine,Daylight,Nil,No traffic controls,50 km/h,Local,42,Leaving parking,401,Manov - Leaving parking,,Other angle,4 wheel drive / SUV,Light truck utility(from 2018),2,0,0,0,0,12,December,Summer,Tuesday,10:00 - 11:59,Midday / afternoon,False,False,False,False
1374636,Non-casualty (towaway),Non-casualty (towaway),2024,2024,December,Wednesday,00:01 - 01:59,HAWAII,AVE,180,West,BALI HAI,AVE,FORSTER,,No,Not a school zone,2-way undivided,-32.219646,152.526066,Mid-Coast,Country urban,Rest of NSW - Urban,Curved,,,,On,Sealed,Dry,Fine,Darkness,Nil,No traffic controls,50 km/h,Local,85,Off rt/lft bnd=>obj,804,Off left bend into obj,Right,Other angle,4 wheel drive / SUV,Light truck utility(from 2018),3,0,0,0,0,12,December,Summer,Wednesday,00:01 - 01:59,Late night / early morning,False,False,False,False
1374720,Non-casualty (towaway),Non-casualty (towaway),2024,2024,November,Saturday,22:00 - Midnight,WOODVILLE,RD,0,Right on the spot,GUILDFORD,RD,GUILDFORD,640.0,No,Not a school zone,X-intersection,-33.85575,150.995008,Cumberland,Sydney metro. area,Syd-Newc-Woll Gtr conurbation,Straight,,,,On,Sealed,Dry,Fine,Darkness,On,No traffic controls,70 km/h,State,30,Rear end,301,Same - Rear end,,Rear end,Car (sedan/hatch),Car (sedan/hatch),3,0,0,0,0,11,November,Spring,Saturday,22:00 - Midnight,Evening / night,False,False,False,False
1374729,Non-casualty (towaway),Non-casualty (towaway),2024,2024,November,Thursday,08:00 - 09:59,URANA,RD,100,South,PIONEER,DR,JINDERA,125.0,No,Not a school zone,2-way undivided,-35.964636,146.89373,Greater Hume,Country urban,Rest of NSW - Urban,Straight,,,,Off,Sealed,Dry,Fine,Daylight,Nil,No traffic controls,50 km/h,Regional,30,Rear end,301,Same - Rear end,,Rear end,4 wheel drive / SUV,4 wheel drive / SUV,2,0,0,0,0,11,November,Spring,Thursday,08:00 - 09:59,AM peak / school commute,True,False,False,False
1374736,Non-casualty (towaway),Non-casualty (towaway),2024,2024,December,Saturday,12:00 - 13:59,CORONATION,RD,0,Right on the spot,NUMBER 147,HN,CONGARINNI NORTH,,No,Not a school zone,2-way undivided,-30.708745,152.899831,Nambucca Valley,Country urban,Rest of NSW - Urban,Curved,Steep grade,,,Nil,Sealed,Dry,Fine,Daylight,Nil,No traffic controls,80 km/h,Local,81,Off left/rt bnd=>obj,803,Off right bend into obj,Left,Vehicle - Object,Car (sedan/hatch),,1,0,0,0,0,12,December,Summer,Saturday,12:00 - 13:59,Midday / afternoon,False,False,False,False
1374743,Non-casualty (towaway),Non-casualty (towaway),2024,2024,December,Monday,16:00 - 17:59,ROCKVALE,RD,30,West,APPLE TREE HILL,DR,ARMIDALE,,No,Not a school zone,2-way undivided,-30.49486,151.686096,Armidale Regional,Country urban,Rest of NSW - Urban,Curved,Ditch/drain/culvert,,,Off,Sealed,Dry,Fine,Dusk,Nil,No traffic controls,50 km/h,Local,81,Off left/rt bnd=>obj,803,Off right bend into obj,Left,Vehicle - Object,Light truck utility(from 2018),,1,0,0,0,0,12,December,Summer,Monday,16:00 - 17:59,PM peak / evening commute,True,False,False,False
1374744,Non-casualty (towaway),Non-casualty (towaway),2024,2024,December,Sunday,16:00 - 17:59,PARKER,ST,0,Right on the spot,NUMBER 105,HN,PENRITH,154.0,No,Not a school zone,Divided road,-33.761517,150.710531,Penrith,Sydney metro. area,Syd-Newc-Woll Gtr conurbation,Straight,Driveway/entrance,,,Nil,Sealed,Dry,Fine,Daylight,Nil,No traffic controls,70 km/h,State,31,Left rear,302,Same - Rear left,,Rear end,Motorcycle,4 wheel drive / SUV,2,0,0,0,0,12,December,Summer,Sunday,16:00 - 17:59,PM peak / evening commute,True,False,False,False
1374849,Non-casualty (towaway),Non-casualty (towaway),2024,2024,December,Thursday,12:00 - 13:59,NEW ENGLAND,HWY,1000,North,HEBDEN,RD,RAVENSWORTH,9.0,No,Not a school zone,Divided road,-32.431589,151.054035,Singleton,Country non-urban,Rest of NSW - Rural,Curved,,,,Nil,Sealed,Dry,Fine,Daylight,Nil,No traffic controls,100 km/h,State,85,Off rt/lft bnd=>obj,804,Off left bend into obj,Right,Vehicle - Object,Car (sedan/hatch),,2,0,0,0,0,12,December,Summer,Thursday,12:00 - 13:59,Midday / afternoon,False,False,False,False
1374850,Non-casualty (towaway),Non-casualty (towaway),2024,2024,October,Friday,08:00 - 09:59,PRINCES,HWY,0,Right on the spot,RAILWAY,RD,SYDENHAM,1.0,No,Not a school zone,Y-junction,-33.919162,151.16927,Inner West,Sydney metro. area,Syd-Newc-Woll Gtr conurbation,Straight,,,,Nil,Sealed,Wet,Raining,Daylight,On,No traffic controls,60 km/h,State,30,Rear end,301,Same - Rear end,,Rear end,Light truck utility(from 2018),Car (sedan/hatch),2,0,0,0,0,10,October,Spring,Friday,08:00 - 09:59,AM peak / school commute,True,False,False,False
1374853,Non-casualty (towaway),Non-casualty (towaway),2024,2024,December,Sunday,22:00 - Midnight,JUBILEE,AVE,230,North,AZALEA,ST,MULLUMBIMBY,,Yes,No,2-way undivided,-28.558763,153.495531,Byron,Country urban,Rest of NSW - Urban,Straight,Painted double centre lines,,,On,Sealed,Wet,Overcast,Darkness,Nil,No traffic controls,50 km/h,Local,73,Off rd rght => obj,704,Right off cway into obj,,Vehicle - Object,Light truck utility(from 2018),,1,0,0,0,0,12,December,Summer,Sunday,22:00 - Midnight,Evening / night,False,False,False,False
1374856,Non-casualty (towaway),Non-casualty (towaway),2024,2024,July,Monday,14:00 - 15:59,COWPASTURE,RD,0,Right on the spot,AVIATION,RD,ELIZABETH HILLS,648.0,No,Not a school zone,T-junction,-33.905315,150.854958,Liverpool,Sydney metro. area,Syd-Newc-Woll Gtr conurbation,Straight,,,,Off,Sealed,Dry,Fine,Daylight,On,No traffic controls,70 km/h,State,35,Lane change left,307,Same - Lane change left,,Other angle,B-double (road train prior 98),Passenger van,2,0,0,0,0,7,July,Winter,Monday,14:00 - 15:59,Midday / afternoon,False,False,False,False
1374860,Non-casualty (towaway),Non-casualty (towaway),2024,2024,November,Friday,04:00 - 05:59,NILE,ST,0,Right on the spot,NUMBER 25,HN,ORANGE,,No,Not a school zone,2-way undivided,-33.284283,149.112195,Orange,Country urban,Rest of NSW - Urban,Straight,,,,On,Sealed,Dry,Fine,Dawn,Nil,No traffic controls,50 km/h,Local,73,Off rd rght => obj,704,Right off cway into obj,,Other angle,Car (sedan/hatch),4 wheel drive / SUV,2,0,0,0,0,11,November,Spring,Friday,04:00 - 05:59,Late night / early morning,False,False,False,False