crash_id,degree_of_crash,degree_of_crash_-_detailed,reporting_year,year_of_crash,month_of_crash,day_of_week_of_crash,two-hour_intervals,street_of_crash,street_type,distance,direction,identifying_feature,identifying_feature_type,town,route_no.,school_zone_location,school_zone_active,type_of_location,latitude,longitude,lga,urbanisation,conurbation_1,alignment,primary_permanent_feature,primary_temporary_feature,primary_hazardous_feature,street_lighting,road_surface,surface_condition,weather,natural_lighting,signals_operation,other_traffic_control,speed_limit,road_classification_(admin),rum_-_code,rum_-_description,dca_-_code,dca_-_description,dca_supplement,first_impact_type,key_tu_type,other_tu_type,no._of_traffic_units_involved,no._killed,no._seriously_injured,no._moderately_injured,no._minor-other_injured,month_num,month_label,season,day_label,time_label,time_band,is_peak_commute,is_fatal,is_injury,is_casualty
1374861,Non-casualty (towaway),Non-casualty (towaway),2024,2024,December,Wednesday,12:00 - 13:59,CITY WEST LINK,RD,0,Right on the spot,CATHERINE,ST,LILYFIELD,650.0,No,Not a school zone,X-intersection,-33.874317,151.164686,Inner West,Sydney metro. area,Syd-Newc-Woll Gtr conurbation,Straight,,,,Off,Sealed,Dry,Fine,Daylight,On,No right turn,70 km/h,State,10,Cross traffic,101,Adj - Cross traffic,,Right angle,Light truck,Car (sedan/hatch),2,0,0,0,0,12,December,Summer,Wednesday,12:00 - 13:59,Midday / afternoon,False,False,False,False
1374869,Non-casualty (towaway),Non-casualty (towaway),2024,2024,November,Tuesday,16:00 - 17:59,SOUTH WESTERN,EXP,520,East,MOOREBANK AVENUE,OP,MOOREBANK,6005.0,No,Not a school zone,Dual freeway,-33.940522,150.93058,Liverpool,Sydney metro. area,Syd-Newc-Woll Gtr conurbation,Straight,Climb/merge lane,,,Nil,Sealed,Dry,Fine,Daylight,Nil,No traffic controls,100 km/h,State,30,Rear end,301,Same - Rear end,,Rear end,Light truck utility(from 2018),Car (sedan/hatch),3,0,0,0,0,11,November,Spring,Tuesday,16:00 - 17:59,PM peak / evening commute,True,False,False,False
1374870,Non-casualty (towaway),Non-casualty (towaway),2024,2024,October,Friday,12:00 - 13:59,RAILWAY,TCE,35,South,EDGAR BUGGY,ST,MERRYLANDS,7106.0,No,Not a school zone,2-way undivided,-33.847433,150.989565,Cumberland,Sydney metro. area,Syd-Newc-Woll Gtr conurbation,Straight,,,,On,Sealed,Dry,Fine,Daylight,Nil,No traffic controls,50 km/h,Regional,73,Off rd rght => obj,704,Right off cway into obj,,Other angle,Car (sedan/hatch),Light truck,2,0,0,0,0,10,October,Spring,Friday,12:00 - 13:59,Midday / afternoon,False,False,False,False
1374891,Non-casualty (towaway),Non-casualty (towaway),2024,2024,October,Thursday,20:00 - 21:59,RAILWAY,ST,300,West,HILLVIEW,ST,WOY WOY,,No,Not a school zone,2-way undivided,-33.497674,151.30509,Central Coast,Country urban,Syd-Newc-Woll Gtr conurbation,Curved,Ditch/drain/culvert,,,Nil,Sealed,Dry,Fine,Darkness,Nil,No traffic controls,50 km/h,Local,83,Off rt/rt bnd=>obj,803,Off right bend into obj,Right,Vehicle - Object,4 wheel drive / SUV,,1,0,0,0,0,10,October,Spring,Thursday,20:00 - 21:59,Evening / night,False,False,False,False
1374903,Non-casualty (towaway),Non-casualty (towaway),2024,2024,October,Monday,08:00 - 09:59,GREAT WESTERN,HWY,2160,West,VICTORIA,ST,LITTLE HARTLEY,5.0,No,Not a school zone,2-way undivided,-33.581888,150.225222,Lithgow,Country urban,Rest of NSW - Urban,Curved,Steep grade,,,Nil,Sealed,Dry,Fine,Daylight,Nil,No traffic controls,40 km/h,State,81,Off left/rt bnd=>obj,803,Off right bend into obj,Left,Vehicle - Object,Large rigid,,1,0,0,0,0,10,October,Spring,Monday,08:00 - 09:59,AM peak / school commute,True,False,False,False
1374914,Non-casualty (towaway),Non-casualty (towaway),2024,2024,December,Monday,16:00 - 17:59,CONDOBOLIN,RD,40,North,STANMORE,LANE,WEST WYALONG,57.0,No,Not a school zone,2-way undivided,-33.866248,147.201216,Bland,Country non-urban,Rest of NSW - Rural,Curved,,,,Nil,Sealed,Dry,Fine,Daylight,Nil,No traffic controls,100 km/h,Regional,81,Off left/rt bnd=>obj,803,Off right bend into obj,Left,Vehicle - Object,Car (sedan/hatch),,1,0,0,0,0,12,December,Summer,Monday,16:00 - 17:59,PM peak / evening commute,True,False,False,False
1374932,Non-casualty (towaway),Non-casualty (towaway),2024,2024,December,Saturday,16:00 - 17:59,CANTERBURY,RD,0,Right on the spot,NUMBER 168,HN,GLENFIELD,680.0,No,Not a school zone,2-way undivided,-33.979412,150.898414,Campbelltown,Sydney metro. area,Syd-Newc-Woll Gtr conurbation,Straight,Steep grade,,,Nil,Sealed,Wet,Overcast,Daylight,Nil,No traffic controls,60 km/h,State,71,Off rd left => obj,703,Left off cway into object,,Vehicle - Object,Station wagon,,1,0,0,0,0,12,December,Summer,Saturday,16:00 - 17:59,PM peak / evening commute,True,False,False,False
1374942,Non-casualty (towaway),Non-casualty (towaway),2024,2024,November,Wednesday,10:00 - 11:59,SANTANA,RD,35,South,REGENTS,ST,CAMPBELLTOWN,,No,Not a school zone,2-way undivided,-34.07841,150.799513,Campbelltown,Sydney metro. area,Syd-Newc-Woll Gtr conurbation,Straight,,,,Off,Sealed,Dry,Fine,Daylight,Nil,No traffic controls,50 km/h,Local,49,Other manoeuvring,400,Manov - other,,Other angle,Unknown type,Car (sedan/hatch),2,0,0,0,0,11,November,Spring,Wednesday,10:00 - 11:59,Midday / afternoon,False,False,False,False
1374949,Non-casualty (towaway),Non-casualty (towaway),2024,2024,November,Saturday,14:00 - 15:59,GLAD GUNSON,DR,0,Right on the spot,NUMBER  118,HN,ELEEBANA,,No,Not a school zone,2-way undivided,-32.991278,151.64875,Lake Macquarie,Newcastle met. area,Syd-Newc-Woll Gtr conurbation,Straight,,,,Off,Sealed,Dry,Fine,Daylight,Nil,No traffic controls,60 km/h,Local,71,Off rd left => obj,703,Left off cway into object,,Other angle,Unknown type,4 wheel drive / SUV,2,0,0,0,0,11,November,Spring,Saturday,14:00 - 15:59,Midday / afternoon,False,False,False,False
1374954,Non-casualty (towaway),Non-casualty (towaway),2024,2024,October,Saturday,16:00 - 17:59,RAILWAY,PDE,0,Right on the spot,THE AVENUE,MS,GRANVILLE,,No,Not a school zone,T-junction,-33.830857,151.007483,Cumberland,Sydney metro. area,Syd-Newc-Woll Gtr conurbation,Straight,,,,Off,Sealed,Dry,Fine,Daylight,Nil,No traffic controls,50 km/h,Local,71,Off rd left => obj,703,Left off cway into object,,Vehicle - Object,Car (sedan/hatch),,2,0,0,0,0,10,October,Spring,Saturday,16:00 - 17:59,PM peak / evening commute,True,False,False,False
1374958,Non-casualty (towaway),Non-casualty (towaway),2024,2024,November,Tuesday,20:00 - 21:59,MEMORIAL,DR,0,Right on the spot,PRINCES HIGHWAY,TO,NORTH WOLLONGONG,626.0,No,Not a school zone,Other,-34.408557,150.890987,Wollongong,Wollongong met. area,Syd-Newc-Woll Gtr conurbation,Straight,Freeway ramp/access,,,On,Sealed,Dry,Fine,Darkness,Nil,No traffic controls,60 km/h,State,34,Lane change right,306,Same - Lane change right,,Other angle,Motor scooter,4 wheel drive / SUV,2,0,0,0,0,11,November,Spring,Tuesday,20:00 - 21:59,Evening / night,False,False,False,False
1374974,Non-casualty (towaway),Non-casualty (towaway),2024,2024,December,Sunday,16:00 - 17:59,BRUXNER,WAY,4000,East,MINGOOLA STATION,RD,MOLE RIVER,462.0,No,Not a school zone,2-way undivided,-28.997039,151.575735,Tenterfield,Country non-urban,Rest of NSW - Rural,Curved,,,Loose gravel shoulder,Nil,Sealed,Dry,Fine,Daylight,Nil,No traffic controls,100 km/h,Regional,82,Off right/right bend,801,Off cway right bend,Right,Rollover,Car (sedan/hatch),,1,0,0,0,0,12,December,Summer,Sunday,16:00 - 17:59,PM peak / evening commute,True,False,False,False
1374981,Non-casualty (towaway),Non-casualty (towaway),2024,2024,November,Tuesday,04:00 - 05:59,LINKS,AVE,0,Right on the spot,SUSANNE,ST,SOUTH TAMWORTH,,No,Not a school zone,X-intersection,-31.107032,150.907867,Tamworth Regional,Country urban,Rest of NSW - Urban,Straight,,,,On,Sealed,Dry,Fine,Darkness,Nil,Stop sign,50 km/h,Local,16,Left near,107,Adj - Left-thru from right,,Right angle,Light truck utility(from 2018),Station wagon,2,0,0,0,0,11,November,Spring,Tuesday,04:00 - 05:59,Late night / early morning,False,False,False,False
1374988,Non-casualty (towaway),Non-casualty (towaway),2024,2024,December,Saturday,04:00 - 05:59,BENJAMIN,RD,10,North,GRAINGER,AVE,MOUNT PRITCHARD,,No,Not a school zone,T-junction,-33.900339,150.907459,Fairfield,Sydney metro. area,Syd-Newc-Woll Gtr conurbation,Curved,,,,Nil,Sealed,Wet,Raining,Dawn,Nil,No traffic controls,50 km/h,Local,81,Off left/rt bnd=>obj,803,Off right bend into obj,Left,Vehicle - Object,Light truck utility(from 2018),,1,0,0,0,0,12,December,Summer,Saturday,04:00 - 05:59,Late night / early morning,False,False,False,False
1374999,Non-casualty (towaway),Non-casualty (towaway),2024,2024,November,Saturday,20:00 - 21:59,KEENE,ST,0,Right on the spot,NORTH,ST,NORTH ALBURY,,No,Not a school zone,T-junction,-36.069678,146.937731,Albury,Country urban,Rest of NSW - Urban,Straight,,,,On,Sealed,Dry,Fine,Darkness,Nil,No traffic controls,50 km/h,Local,75,Off end of road,709,Off end cway or T junct,,Vehicle - Object,Car (sedan/hatch),,1,0,0,0,0,11,November,Spring,Saturday,20:00 - 21:59,Evening / night,False,False,False,False
1375010,Non-casualty (towaway),Non-casualty (towaway),2024,2024,November,Saturday,20:00 - 21:59,TERRIGAL,DR,0,Right on the spot,JUNCTION,RD,TERRIGAL,505.0,No,Not a school zone,X-intersection,-33.440007,151.438067,Central Coast,Country urban,Syd-Newc-Woll Gtr conurbation,Curved,Spd hump/slow pt/chc,,,On,Sealed,Wet,Overcast,Darkness,On,No traffic controls,50 km/h,State,37,Left turn sideswipe,309,Same - Left turn side swipe,,Other angle,4 wheel drive / SUV,Car (sedan/hatch),2,0,0,0,0,11,November,Spring,Saturday,20:00 - 21:59,Evening / night,False,False,False,False
1375034,Non-casualty (towaway),Non-casualty (towaway),2024,2024,December,Thursday,20:00 - 21:59,HUME,HWY,10,North,BARTON HIGHWAY,TO,YASS,2.0,No,Not a school zone,Divided road,-34.824722,148.953764,Yass Valley,Country non-urban,Rest of NSW - Rural,Curved,B'down lane/road shldr,,,Nil,Sealed,Dry,Fine,Darkness,Nil,No traffic controls,110 km/h,State,62,Accident,603,On path - Previous accident,,Other angle,Car (sedan/hatch),Light truck utility(from 2018),2,0,0,0,0,12,December,Summer,Thursday,20:00 - 21:59,Evening / night,False,False,False,False
1375038,Non-casualty (towaway),Non-casualty (towaway),2024,2024,December,Wednesday,14:00 - 15:59,CROSS,ST,75,West,GREEN,ST,BROOKVALE,,No,Not a school zone,2-way undivided,-33.765559,151.266176,Northern Beaches,Sydney metro. area,Syd-Newc-Woll Gtr conurbation,Straight,,,,Off,Sealed,Dry,Fine,Daylight,Nil,No traffic controls,50 km/h,Local,34,Lane change right,306,Same - Lane change right,,Other angle,Car (sedan/hatch),4 wheel drive / SUV,2,0,0,0,0,12,December,Summer,Wednesday,14:00 - 15:59,Midday / afternoon,False,False,False,False
1375057,Non-casualty (towaway),Non-casualty (towaway),2024,2024,November,Saturday,12:00 - 13:59,SPRINGWOOD,ST,60,South,GALLIPOLI,AVE,ETTALONG BEACH,,No,Not a school zone,2-way undivided,-33.507911,151.327531,Central Coast,Country urban,Syd-Newc-Woll Gtr conurbation,Straight,,,,Off,Sealed,Dry,Fine,Daylight,Nil,No traffic controls,50 km/h,Local,71,Off rd left => obj,703,Left off cway into object,,Other angle,Unknown motor vehicle,4 wheel drive / SUV,2,0,0,0,0,11,November,Spring,Saturday,12:00 - 13:59,Midday / afternoon,False,False,False,False
1375064,Non-casualty (towaway),Non-casualty (towaway),2024,2024,November,Thursday,20:00 - 21:59,KINGSCLIFF,ST,0,Right on the spot,NUMBER 47,HN,KINGSCLIFF,,No,Not a school zone,2-way undivided,-28.246734,153.56855,Tweed,Country urban,Rest of NSW - Urban,Straight,,,,Off,Sealed,Dry,Fine,Darkness,Nil,No traffic controls,50 km/h,Local,71,Off rd left => obj,703,Left off cway into object,,Other angle,Light truck utility(from 2018),Light truck utility(from 2018),4,0,0,0,0,11,November,Spring,Thursday,20:00 - 21:59,Evening / night,False,False,False,False
1375072,Non-casualty (towaway),Non-casualty (towaway),2024,2024,November,Thursday,16:00 - 17:59,PACIFIC,HWY,0,Right on the spot,WILLIAM,ST,CHATSWOOD,10.0,No,Not a school zone,X-intersection,-33.789189,151.180124,Willoughby,Sydney metro. area,Syd-Newc-Woll Gtr conurbation,Straight,,,,On,Sealed,Dry,Fine,Daylight,On,No traffic controls,60 km/h,State,30,Rear end,301,Same - Rear end,,Rear end,4 wheel drive / SUV,Unknown motor vehicle,2,0,0,0,0,11,November,Spring,Thursday,16:00 - 17:59,PM peak / evening commute,True,False,False,False
1375076,Non-casualty (towaway),Non-casualty (towaway),2024,2024,November,Thursday,10:00 - 11:59,WINDANG,RD,0,Right on the spot,BORONIA,AVE,WINDANG,522.0,No,Not a school zone,X-intersection,-34.529931,150.8691,Wollongong,Wollongong met. area,Syd-Newc-Woll Gtr conurbation,Straight,,,,Off,Sealed,Dry,Fine,Daylight,On,No traffic controls,60 km/h,State,30,Rear end,301,Same - Rear end,,Rear end,Light truck,Large rigid,2,0,0,0,0,11,November,Spring,Thursday,10:00 - 11:59,Midday / afternoon,False,False,False,False
1375079,Non-casualty (towaway),Non-casualty (towaway),2024,2024,December,Monday,10:00 - 11:59,BOUNDARY,RD,0,Right on the spot,VICTORIA,RD,PENNANT HILLS,656.0,Yes,No,T-junction,-33.737392,151.063204,Hornsby,Sydney metro. area,Syd-Newc-Woll Gtr conurbation,Straight,Steep grade,,,Nil,Sealed,Dry,Fine,Daylight,Nil,Give way sign,60 km/h,State,13,Right near,104,Adj - Right-thru from right,,Right angle,Unknown motor vehicle,Car (sedan/hatch),2,0,0,0,0,12,December,Summer,Monday,10:00 - 11:59,Midday / afternoon,False,False,False,False
1375098,Non-casualty (towaway),Non-casualty (towaway),2024,2024,November,Friday,22:00 - Midnight,CARTER,ST,20,East,HILL,RD,LIDCOMBE,,No,Not a school zone,2-way undivided,-33.848818,151.054864,Parramatta,Sydney metro. area,Syd-Newc-Woll Gtr conurbation,Straight,Foot/cycle path/nature strip,,,On,Sealed,Wet,Raining,Darkness,Nil,No traffic controls,50 km/h,Local,71,Off rd left => obj,703,Left off cway into object,,Other angle,Car (sedan/hatch),Car (sedan/hatch),2,0,0,0,0,11,November,Spring,Friday,22:00 - Midnight,Evening / night,False,False,False,False
1375132,Non-casualty (towaway),Non-casualty (towaway),2024,2024,December,Friday,16:00 - 17:59,RICHMOND,RD,50,North,ROOTY HILL,RD,COLEBEE,537.0,No,Not a school zone,Divided road,-33.732614,150.848373,Blacktown,Sydney metro. area,Syd-Newc-Woll Gtr conurbation,Straight,,,,Nil,Sealed,Dry,Fine,Daylight,Nil,No traffic controls,70 km/h,State,20,Head on,201,Opp - Head on,,Head-on,4 wheel drive / SUV,Passenger van,2,0,0,0,0,12,December,Summer,Friday,16:00 - 17:59,PM peak / evening commute,True,False,False,False
1375145,Non-casualty (towaway),Non-casualty (towaway),2024,2024,November,Friday,20:00 - 21:59,POWERS,RD,30,East,ARTISAN,RD,SEVEN HILLS,7474.0,No,Not a school zone,2-way undivided,-33.775246,150.957462,Blacktown,Sydney metro. area,Syd-Newc-Woll Gtr conurbation,Straight,Steep grade,,,On,Sealed,Wet,Raining,Darkness,Nil,No traffic controls,60 km/h,Regional,73,Off rd rght => obj,704,Right off cway into obj,,Other angle,Car (sedan/hatch),Box trailer,2,0,0,0,0,11,November,Spring,Friday,20:00 - 21:59,Evening / night,False,False,False,False
1375155,Non-casualty (towaway),Non-casualty (towaway),2024,2024,December,Thursday,16:00 - 17:59,STATION,ST,50,North,PAINE,ST,KOGARAH,7009.0,No,Not a school zone,Divided road,-33.963094,151.131891,Bayside,Sydney metro. area,Syd-Newc-Woll Gtr conurbation,Straight,,,,Nil,Sealed,Dry,Fine,Daylight,Nil,No traffic controls,40 km/h,Regional,71,Off rd left => obj,703,Left off cway into object,,Other angle,Car (sedan/hatch),Car (sedan/hatch),2,0,0,0,0,12,December,Summer,Thursday,16:00 - 17:59,PM peak / evening commute,True,False,False,False
1375156,Non-casualty (towaway),Non-casualty (towaway),2024,2024,November,Tuesday,10:00 - 11:59,THOMAS,ST,0,Right on the spot,NUMBER 16,HN,CARDIFF,,No,Not a school zone,2-way undivided,-32.943328,151.663253,Lake Macquarie,Newcastle met. area,Syd-Newc-Woll Gtr conurbation,Straight,Steep grade,,,Nil,Sealed,Dry,Fine,Daylight,Nil,No traffic controls,50 km/h,Local,46,Reversing into obj,405,Manov - Reverse into fixed obj,,Other angle,Car (sedan/hatch),4 wheel drive / SUV,2,0,0,0,0,11,November,Spring,Tuesday,10:00 - 11:59,Midday / afternoon,False,False,False,False
1375159,Non-casualty (towaway),Non-casualty (towaway),2024,2024,October,Sunday,00:01 - 01:59,SWADLING,ST,0,Right on the spot,NUMBER 34A,ENT,LONG JETTY,,No,Not a school zone,2-way undivided,-33.362328,151.485101,Central Coast,Country urban,Syd-Newc-Woll Gtr conurbation,Straight,,,,On,Sealed,Dry,Fine,Darkness,Nil,No traffic controls,50 km/h,Local,71,Off rd left => obj,703,Left off cway into object,,Other angle,Car (sedan/hatch),Car (sedan/hatch),2,0,0,0,0,10,October,Spring,Sunday,00:01 - 01:59,Late night / early morning,False,False,False,False
1375169,Non-casualty (towaway),Non-casualty (towaway),2024,2024,November,Monday,22:00 - Midnight,RESERVOIR,RD,200,North,GREAT WESTERN,HWY,ARNDELL PARK,683.0,No,Not a school zone,Divided road,-33.79618,150.897264,Blacktown,Sydney metro. area,Syd-Newc-Woll Gtr conurbation,Straight,,,,On,Sealed,Wet,Raining,Darkness,Nil,No traffic controls,60 km/h,State,30,Rear end,301,Same - Rear end,,Rear end,Light truck utility(from 2018),Car (sedan/hatch),2,0,0,0,0,11,November,Spring,Monday,22:00 - Midnight,Evening / night,False,False,False,False
1375188,Non-casualty (towaway),Non-casualty (towaway),2024,2024,October,Saturday,22:00 - Midnight,SUSSEX,ST,25,West,RAILWAY,PDE,CABRAMATTA,,No,Not a school zone,2-way undivided,-33.902444,150.936778,Fairfield,Sydney metro. area,Syd-Newc-Woll Gtr conurbation,Straight,,,,On,Sealed,Dry,Fine,Darkness,Nil,No traffic controls,50 km/h,Local,73,Off rd rght => obj,704,Right off cway into obj,,Other angle,Car (sedan/hatch),Light truck,2,0,0,0,0,10,October,Spring,Saturday,22:00 - Midnight,Evening / night,False,False,False,False
1375197,Non-casualty (towaway),Non-casualty (towaway),2024,2024,October,Saturday,14:00 - 15:59,HUME,HWY,50,North,GRACES FLAT,RD,BOWNING,2.0,No,Not a school zone,Divided road,-34.769357,148.78161,Yass Valley,Country non-urban,Rest of NSW - Rural,Straight,,,,Off,Sealed,Dry,Fine,Daylight,Nil,No traffic controls,110 km/h,State,30,Rear end,301,Same - Rear end,,Rear end,Unknown motor vehicle,Light truck utility(from 2018),2,0,0,0,0,10,October,Spring,Saturday,14:00 - 15:59,Midday / afternoon,False,False,False,False
1375198,Non-casualty (towaway),Non-casualty (towaway),2024,2024,November,Saturday,18:00 - 19:59,KEIGHLEY,AVE,250,North,GRANTS,RD,SOMERSBY,,No,Not a school zone,2-way undivided,-33.378442,151.282975,Central Coast,Country non-urban,Syd-Newc-Woll Gtr conurbation,Curved,,,,On,Sealed,Dry,Fine,Darkness,Nil,No traffic controls,100 km/h,Local,81,Off left/rt bnd=>obj,803,Off right bend into obj,Left,Vehicle - Object,Light truck utility(from 2018),,1,0,0,0,0,11,November,Spring,Saturday,18:00 - 19:59,PM peak / evening commute,True,False,False,False
1375200,Non-casualty (towaway),Non-casualty (towaway),2024,2024,December,Wednesday,14:00 - 15:59,WALLAGA LAKE,RD,200,South,COBARGO BERMAGUI,RD,BERMAGUI,272.0,No,Not a school zone,2-way undivided,-36.409294,150.04662,Bega Valley,Country urban,Rest of NSW - Urban,Curved,,,,Nil,Sealed,Dry,Fine,Daylight,Nil,Other traf. control,80 km/h,Regional,20,Head on,201,Opp - Head on,,Head-on,Light truck utility(from 2018),Large rigid,2,0,0,0,0,12,December,Summer,Wednesday,14:00 - 15:59,Midday / afternoon,False,False,False,False
1375206,Non-casualty (towaway),Non-casualty (towaway),2024,2024,December,Saturday,02:00 - 03:59,NEWELL,HWY,1000,North,RMS WEIGHT STATION,OT,DAROOBALGIE,17.0,No,Not a school zone,2-way undivided,-33.316681,148.0675,Forbes,Country non-urban,Rest of NSW - Rural,Curved,,,,Nil,Sealed,Dry,Fine,Darkness,Nil,No traffic controls,110 km/h,State,67,Struck animal,609,On path - Hit animal,,Vehicle - Animal,Car (sedan/hatch),,1,0,0,0,0,12,December,Summer,Saturday,02:00 - 03:59,Late night / early morning,False,False,False,False
1375208,Non-casualty (towaway),Non-casualty (towaway),2024,2024,October,Tuesday,20:00 - 21:59,ARMITAGE,DR,0,Right on the spot,NUMBER 66,HN,GLENDENNING,,No,Not a school zone,2-way undivided,-33.738577,150.849001,Blacktown,Sydney metro. area,Syd-Newc-Woll Gtr conurbation,Curved,Steep grade,,,On,Sealed,Dry,Fine,Darkness,Nil,No traffic controls,50 km/h,Local,85,Off rt/lft bnd=>obj,804,Off left bend into obj,Right,Other angle,4 wheel drive / SUV,Car (sedan/hatch),3,0,0,0,0,10,October,Spring,Tuesday,20:00 - 21:59,Evening / night,False,False,False,False
1375212,Non-casualty (towaway),Non-casualty (towaway),2024,2024,November,Wednesday,06:00 - 07:59,ROBERTS,RD,30,South,HEWITT,ST,GREENACRE,200.0,No,Not a school zone,2-way undivided,-33.902195,151.06465,Canterbury-Bankstown,Sydney metro. area,Syd-Newc-Woll Gtr conurbation,Straight,,,,Off,Sealed,Dry,Fine,Daylight,Nil,No traffic controls,70 km/h,State,35,Lane change left,307,Same - Lane change left,,Other angle,Unknown motor vehicle,Car (sedan/hatch),2,0,0,0,0,11,November,Spring,Wednesday,06:00 - 07:59,AM peak / school commute,True,False,False,False
1375226,Non-casualty (towaway),Non-casualty (towaway),2024,2024,October,Friday,08:00 - 09:59,SHAFTESBURY,RD,0,Right on the spot,WAIMEA,ST,BURWOOD,,No,Not a school zone,X-intersection,-33.877,151.107168,Burwood,Sydney metro. area,Syd-Newc-Woll Gtr conurbation,Straight,,,,Off,Sealed,Wet,Overcast,Daylight,Nil,Ped crossing,50 km/h,Local,16,Left near,107,Adj - Left-thru from right,,Right angle,Car (sedan/hatch),4 wheel drive / SUV,2,0,0,0,0,10,October,Spring,Friday,08:00 - 09:59,AM peak / school commute,True,False,False,False
1375230,Non-casualty (towaway),Non-casualty (towaway),2024,2024,December,Sunday,18:00 - 19:59,PARK,ST,0,Right on the spot,NUMBER 5,HN,PARKES,,No,Not a school zone,2-way undivided,-33.145662,148.174232,Parkes,Country urban,Rest of NSW - Urban,Straight,,,,Nil,Sealed,Dry,Fine,Daylight,Nil,No traffic controls,50 km/h,Local,73,Off rd rght => obj,704,Right off cway into obj,,Vehicle - Object,Car (sedan/hatch),,1,0,0,0,0,12,December,Summer,Sunday,18:00 - 19:59,PM peak / evening commute,True,False,False,False
1375255,Non-casualty (towaway),Non-casualty (towaway),2024,2024,December,Thursday,14:00 - 15:59,CUMBERLAND,HWY,25,South,LOCH MAREE,AVE,THORNLEIGH,13.0,No,Not a school zone,Divided road,-33.728197,151.08409,Hornsby,Sydney metro. area,Syd-Newc-Woll Gtr conurbation,Straight,,,,Off,Sealed,Dry,Fine,Daylight,Nil,No traffic controls,70 km/h,State,34,Lane change right,306,Same - Lane change right,,Other angle,4 wheel drive / SUV,Car (sedan/hatch),3,0,0,0,0,12,December,Summer,Thursday,14:00 - 15:59,Midday / afternoon,False,False,False,False
1375263,Non-casualty (towaway),Non-casualty (towaway),2024,2024,October,Sunday,04:00 - 05:59,ELIZABETH,ST,10,South,HUNTER,ST,SYDNEY,,No,Not a school zone,X-intersection,-33.866436,151.210726,Sydney,Sydney metro. area,Syd-Newc-Woll Gtr conurbation,Straight,,,,On,Sealed,Dry,Fine,Dawn,On,No traffic controls,40 km/h,Local,71,Off rd left => obj,703,Left off cway into object,,Vehicle - Object,Light truck utility(from 2018),,1,0,0,0,0,10,October,Spring,Sunday,04:00 - 05:59,Late night / early morning,False,False,False,False
1375271,Non-casualty (towaway),Non-casualty (towaway),2024,2024,November,Tuesday,14:00 - 15:59,KING GEORGES,RD,0,Right on the spot,BLAKESLEY,RD,SOUTH HURSTVILLE,200.0,No,Not a school zone,T-junction,-33.980608,151.107657,Georges River,Sydney metro. area,Syd-Newc-Woll Gtr conurbation,Straight,,,,Off,Sealed,Dry,Fine,Daylight,Nil,Give way sign,70 km/h,State,16,Left near,107,Adj - Left-thru from right,,Right angle,4 wheel drive / SUV,Car (sedan/hatch),3,0,0,0,0,11,November,Spring,Tuesday,14:00 - 15:59,Midday / afternoon,False,False,False,False
1375287,Non-casualty (towaway),Non-casualty (towaway),2024,2024,November,Friday,16:00 - 17:59,BARTLEY,ST,20,East,GILMORE,ST,CABRAMATTA,7225.0,Yes,No,2-way undivided,-33.889964,150.936522,Fairfield,Sydney metro. area,Syd-Newc-Woll Gtr conurbation,Straight,,,,Nil,Sealed,Wet,Raining,Daylight,Nil,No traffic controls,50 km/h,Regional,73,Off rd rght => obj,704,Right off cway into obj,,Vehicle - Object,Car (sedan/hatch),,1,0,0,0,0,11,November,Spring,Friday,16:00 - 17:59,PM peak / evening commute,True,False,False,False
1375302,Non-casualty (towaway),Non-casualty (towaway),2024,2024,December,Wednesday,14:00 - 15:59,MEDCALF,ST,0,Right on the spot,NUMBER 18,HN,WARNERS BAY,674.0,No,Not a school zone,Divided road,-32.966914,151.650302,Lake Macquarie,Newcastle met. area,Syd-Newc-Woll Gtr conurbation,Straight,,,,On,Sealed,Dry,Fine,Daylight,Nil,No traffic controls,60 km/h,State,71,Off rd left => obj,703,Left off cway into object,,Other angle,Unknown motor vehicle,Car (sedan/hatch),2,0,0,0,0,12,December,Summer,Wednesday,14:00 - 15:59,Midday / afternoon,False,False,False,False
1375308,Non-casualty (towaway),Non-casualty (towaway),2024,2024,December,Monday,22:00 - Midnight,ALEX,AVE,20,North,BURDEKIN,RD,SCHOFIELDS,,No,Not a school zone,2-way undivided,-33.711573,150.885491,Blacktown,Sydney metro. area,Syd-Newc-Woll Gtr conurbation,Straight,Steep grade,,,On,Sealed,Dry,Fine,Darkness,Nil,No traffic controls,50 km/h,Local,71,Off rd left => obj,703,Left off cway into object,,Other angle,Light truck utility(from 2018),4 wheel drive / SUV,4,0,0,0,0,12,December,Summer,Monday,22:00 - Midnight,Evening / night,False,False,False,False
1375331,Non-casualty (towaway),Non-casualty (towaway),2024,2024,December,Friday,00:01 - 01:59,RAY,RD,0,Right on the spot,NUMBER 21,HN,EPPING,,No,Not a school zone,2-way undivided,-33.769324,151.079709,Parramatta,Sydney metro. area,Syd-Newc-Woll Gtr conurbation,Straight,,,,On,Sealed,Dry,Fine,Darkness,Nil,No traffic controls,50 km/h,Local,71,Off rd left => obj,703,Left off cway into object,,Other angle,Unknown motor vehicle,4 wheel drive / SUV,3,0,0,0,0,12,December,Summer,Friday,00:01 - 01:59,Late night / early morning,False,False,False,False